# https://github.com/mikedh/trimesh
v 0.44623929 0.07638064 -0.00580313
v 0.45328100 0.07764212 0.17031159
v 0.45932070 0.06114226 0.14126552
v 0.44301916 0.02254696 -0.02084377
v 0.45438389 0.03904924 0.08139553
v 0.44624466 0.08336330 0.05454067
v 0.44645289 0.07869683 0.20402032
v 0.44102656 0.02237920 0.23232462
v 0.45436442 0.06575455 0.18775033
v 0.43081727 0.08585199 -0.05552484
v 0.43280188 0.01945852 -0.10021374
v 0.45220064 0.05976912 0.01384782
v 0.44475642 0.07422302 -0.03268066
v 0.42231527 0.00848602 0.19003290
v 0.45032459 0.02412438 0.13639679
v 0.44649828 0.02583225 0.20053246
v 0.44053457 0.01330580 0.11571852
v 0.41530165 0.00706590 0.05096065
v 0.43353898 0.03466642 0.27728467
v 0.43094368 0.02171491 -0.13439877
v 0.43688455 0.05293691 -0.14021013
v 0.43004282 0.05468149 -0.23801637
v 0.45065383 0.06251860 0.22019396
v 0.44140111 0.07105183 0.25768638
v 0.42073039 0.07645048 -0.34990139
v 0.36284207 0.00205261 0.19913564
v 0.42051337 0.01426787 0.28149274
v 0.42321731 0.01227357 0.24993762
v 0.40955639 0.02001333 -0.44423841
v 0.40976159 0.07264467 -0.46172026
v 0.42298564 0.04438909 -0.34078520
v 0.40659877 0.01485832 -0.43733769
v 0.41043925 0.15435232 -0.03616166
v 0.39858460 0.19057621 -0.07299125
v 0.33622520 0.00118935 0.22916269
v 0.32578495 0.00158151 0.27717852
v 0.38080201 0.01626437 0.36205458
v 0.37820597 0.06638007 0.37460515
v 0.41590162 0.05891780 0.32449268
v 0.32481010 0.00385917 0.32396497
v 0.38090223 0.00548117 0.26837023
v 0.38406813 0.00829085 0.30620724
v 0.41650080 0.02163520 0.30565040
v 0.40182980 0.08776771 0.27374259
v 0.39890671 0.08775777 0.27406754
v 0.41352975 0.08904517 0.22339687
v 0.40649586 0.11404156 0.23356657
v 0.42768648 0.08809250 0.23486919
v 0.41422350 0.07230549 0.32175983
v 0.38535191 0.08532023 0.34770488
v 0.42162816 0.08373332 0.28693124
v 0.41698037 0.12646551 -0.00643986
v 0.41798635 0.08994998 -0.05322818
v 0.42406158 0.09204215 0.12780652
v 0.43096086 0.08914632 0.05384671
v 0.39955841 0.18826358 0.00773293
v 0.40169360 0.17442320 0.10741370
v 0.42090625 0.08974376 0.17966218
v 0.40389578 0.17597213 0.03979562
v 0.42128233 0.11189814 0.12335351
v 0.42108512 0.09053710 0.19713219
v 0.41405529 0.14603157 0.08171229
v 0.41771398 0.13423419 0.09119699
v 0.41818640 0.08161000 -0.30103290
v 0.39730528 0.08601138 -0.18962003
v 0.39961494 0.08820336 -0.12944966
v 0.40461408 0.08792249 -0.13029680
v 0.42045680 0.07299747 -0.38480521
v 0.40370995 0.00941887 -0.23780633
v 0.35166870 0.00115470 0.13037544
v 0.40356780 0.00777695 -0.15674523
v 0.33539570 0.08748682 -0.23789037
v 0.32080070 0.08657570 -0.18857060
v 0.31524154 0.08637034 -0.16200164
v 0.33099126 0.08765678 -0.36877948
v 0.25380992 0.09873239 -0.51283929
v 0.19903964 0.08642624 -0.26906883
v 0.13591301 0.08807253 -0.42174137
v 0.18709948 0.09346146 -0.49719724
v 0.16012056 0.09373395 -0.49107248
v 0.15211571 0.08827496 -0.46610267
v 0.25349049 0.08637526 -0.39676562
v 0.32429755 0.08797071 -0.41389918
v 0.30635090 0.08634622 -0.34570629
v 0.16754549 0.08641812 -0.42658754
v 0.20100046 0.08643902 -0.44424493
v 0.31930606 0.09359093 -0.46832017
v 0.30789117 0.08768370 -0.45866542
v 0.16756012 0.08638977 -0.30308313
v 0.15453180 0.08653810 -0.15151460
v 0.29657270 0.08634288 -0.19353091
v 0.28637530 0.08634822 -0.22603603
v 0.23122840 0.08642940 -0.15875970
v 0.23663130 0.08638290 -0.22514328
v -0.06523385 0.08990314 -0.12658525
v -0.07551007 0.21813660 -0.05046805
v -0.07714901 0.16917269 -0.08503863
v -0.07497536 0.08586951 -0.13056109
v -0.07313582 0.08798707 -0.36901986
v -0.07894830 0.08575970 -0.20424240
v -0.08288897 0.09210474 -0.20499462
v -0.08743628 0.09468824 -0.26324202
v -0.09771242 0.25019871 -0.03611642
v -0.12205171 0.28124344 0.01372784
v -0.10896585 0.24826362 0.07246503
v -0.05065458 0.11318465 0.09517122
v -0.05342196 0.12538401 0.06816060
v -0.05544984 0.13938689 0.09834579
v -0.05136824 0.08977862 0.24149364
v -0.07328292 0.08543391 0.30202535
v -0.04673149 0.09148617 0.15035593
v -0.03756075 0.08883631 0.09697731
v -0.04215981 0.08730754 -0.01206831
v -0.08267546 0.19137426 0.17452085
v -0.06811340 0.16956575 0.16106817
v -0.06107048 0.15800703 0.12403248
v -0.08601960 0.18404106 0.22116549
v -0.04720646 0.08076310 -0.14693896
v -0.05888355 0.11907872 -0.07302209
v -0.07801717 0.08800434 -0.45099548
v -0.07236095 0.08785496 -0.41713965
v -0.07989964 0.08697714 -0.49247117
v -0.05947495 0.08360140 -0.28409830
v -0.09883323 0.24645483 0.03450114
v -0.07893222 0.21134534 0.03490492
v -0.06327085 0.16076868 -0.07094706
v -0.06380892 0.15194605 -0.09112752
v -0.06488276 0.17276178 -0.02914461
v -0.09293576 0.21983464 0.10919482
v -0.05371541 0.13274023 0.14311629
v -0.05349360 0.12697200 0.16697620
v -0.07136650 0.19699932 -0.01267928
v -0.05954727 0.15205185 0.02984021
v -0.05256355 0.10719584 0.04178582
v -0.13766200 0.00219361 0.31092592
v -0.16243643 0.00390752 0.35672335
v -0.17399515 0.00037636 0.25947216
v -0.23783159 0.00037429 0.26860023
v -0.26627215 0.00022111 0.24160351
v -0.11744637 0.00150483 0.22794309
v -0.43804102 0.01225635 0.18369729
v -0.39920436 0.00490846 0.20017829
v -0.39932276 0.01002273 0.30436261
v -0.37845599 0.00358462 0.24476079
v -0.26691427 0.01618218 0.42581948
v -0.20949125 0.01391964 0.42485323
v -0.25392138 0.00773095 0.39367145
v -0.33644807 0.01633745 0.39981499
v -0.37922121 0.01515171 0.36454261
v -0.30803982 0.00299160 0.32485671
v -0.28359613 0.00278252 0.33598703
v -0.29941248 0.00361398 0.34092945
v -0.36497355 0.00631365 0.32104669
v -0.34431029 0.00486460 0.32581576
v -0.31562544 0.00819620 0.38016042
v -0.35941509 0.01722346 0.38484802
v -0.32284393 0.00063696 0.21695237
v -0.32698910 0.00137489 0.26542981
v -0.28284003 0.00140471 0.30450454
v -0.17364901 0.00566293 0.37653417
v -0.21761201 0.00263419 0.34641028
v -0.43378020 0.01909995 0.26773897
v -0.43981628 0.01417509 0.22765089
v -0.45430066 0.02722507 0.06857890
v -0.44983382 0.02049737 0.19371716
v -0.45647740 0.02760274 0.13491335
v -0.40844822 0.02422512 0.33211927
v -0.40511857 0.00682233 -0.14363500
v -0.43080845 0.00945311 0.03341569
v -0.40293929 0.00572381 -0.08563116
v -0.35502588 0.00116052 -0.01691993
v -0.39870713 0.00683448 -0.24339957
v -0.10876284 0.00266565 0.26861015
v -0.26279940 0.00009967 -0.11415280
v -0.25430184 0.00003106 -0.06517668
v -0.12816557 0.00092283 0.12109918
v -0.15062380 0.00040711 -0.11835268
v -0.13335065 0.00060545 0.01430037
v -0.13911984 0.00055794 -0.01692612
v -0.13896430 0.00056440 0.00893570
v -0.11983163 0.00138849 -0.04574311
v -0.12251761 0.00108961 0.08211068
v -0.43312842 0.00959608 0.09546829
v -0.40904761 0.00518711 0.12487679
v -0.25099947 0.00002745 -0.02923732
v -0.26196174 0.00002891 0.02158304
v -0.26003760 0.00007500 0.08940420
v -0.36502440 0.00157009 0.12528992
v -0.15524379 0.00035110 0.22393728
v -0.15193417 0.00027268 0.12697279
v -0.16708096 0.00016371 0.16402060
v -0.26404241 0.00008696 0.17913437
v 0.13223618 0.01679334 -0.56184249
v 0.10806534 0.01257039 -0.53696154
v 0.09251336 0.01315189 -0.53108596
v 0.07229196 0.08670354 -0.46573994
v 0.06080611 0.08607091 -0.37093264
v 0.05630562 0.11314996 -0.10351950
v 0.04215431 0.07072736 -0.20250457
v 0.05409373 0.07502787 -0.44257481
v 0.04073990 0.07374620 -0.16169160
v 0.11811990 0.08166308 -0.55428740
v 0.08094048 0.07595430 -0.52574171
v 0.14812871 0.06271129 -0.57723672
v 0.08457754 0.03374806 -0.52632376
v 0.06475353 0.06181474 -0.49609500
v 0.06470535 0.04633516 -0.49303247
v 0.05323019 0.06182766 -0.44960762
v 0.07576574 0.01495006 -0.50736637
v 0.05825891 0.02168404 -0.44251436
v 0.02760605 0.05965973 -0.06326203
v 0.04529100 0.04510760 -0.26124780
v 0.01698380 0.06884007 0.03203970
v 0.01408956 0.07514804 0.10567887
v 0.05237328 0.02679425 -0.37952860
v 0.04903554 0.04885969 -0.36856786
v -0.31995119 0.20725419 0.17677076
v -0.33002944 0.18383982 0.21863488
v -0.37219226 0.18600039 0.06803696
v -0.37616638 0.16164545 0.14225550
v -0.38707652 0.14433990 0.12134012
v -0.29357083 0.28333411 0.00269822
v -0.36816269 0.16927506 0.16212389
v -0.35809064 0.16303300 0.20961166
v -0.38237534 0.12319139 0.20448808
v -0.38563797 0.13556454 0.16022467
v -0.37189730 0.14419910 0.20569710
v -0.28747788 0.17249196 0.27593398
v -0.32710715 0.08656628 -0.02105002
v -0.31936651 0.08643898 -0.00680259
v -0.35134338 0.08885740 -0.03061198
v -0.35273862 0.24310649 -0.03612223
v -0.37270120 0.23743925 -0.04633874
v -0.37592630 0.17856651 0.07714513
v -0.37975901 0.17783617 0.03462578
v -0.38909710 0.15502703 0.02758024
v -0.39544119 0.14173099 -0.08519705
v -0.39769208 0.11450132 0.02949898
v -0.38115712 0.19616501 -0.06332400
v -0.38126658 0.18370686 -0.02952728
v -0.39052330 0.15251257 -0.00499474
v -0.39666172 0.09601213 -0.02293622
v -0.39620659 0.09672672 -0.05619597
v -0.39744325 0.09505774 0.09312290
v -0.39329477 0.13214150 0.08422547
v -0.38887778 0.19511271 -0.07287638
v -0.39100377 0.09780216 0.05388383
v -0.38369042 0.09880533 0.13081678
v -0.39527870 0.09522490 0.14581780
v -0.39403586 0.09694494 0.17347231
v -0.39610148 0.09499072 0.13050568
v -0.39269870 0.10031295 0.16518916
v -0.39539821 0.09703979 -0.08270895
v -0.39633025 0.09696363 -0.11300666
v -0.38369817 0.10245101 -0.14980611
v -0.38460212 0.10161255 -0.10708922
v -0.33720875 0.15286910 0.26958234
v -0.40375792 0.10387017 0.26990939
v -0.36733393 0.11748925 0.26778469
v -0.36966920 0.10015232 0.26831581
v -0.37527350 0.09709158 0.19534328
v -0.37400166 0.10146463 0.27694457
v -0.39700022 0.08601240 0.28250482
v -0.30401790 0.10076038 0.35657914
v -0.36174277 0.10161682 0.32020355
v -0.32728811 0.10160665 0.35621568
v -0.34957970 0.23630922 -0.00586037
v -0.36966284 0.25287545 -0.02644049
v -0.33394754 0.08759002 0.24069716
v -0.32992205 0.08778306 0.28763824
v -0.18479233 0.01549002 0.42787911
v -0.10984836 0.01349479 0.39338369
v -0.08325766 0.01207164 0.36514175
v -0.15610960 0.02362110 0.42422970
v -0.08952566 0.00497415 0.28914482
v -0.06060866 0.00909557 -0.10961727
v -0.01279949 0.06055701 0.13965644
v -0.02577974 0.01764509 0.09811981
v -0.02145180 0.02797550 0.08676560
v -0.02574890 0.03187348 0.01520911
v -0.02779053 0.01675662 0.21071003
v -0.01925560 0.03075868 0.20145818
v -0.01447541 0.04696241 0.17264487
v -0.01471170 0.04166185 0.13729935
v -0.01512567 0.06575887 0.21078588
v -0.01632824 0.07721501 0.14323178
v -0.04644389 0.00956514 0.19419282
v -0.06289410 0.00636380 0.11404390
v -0.04803440 0.00921030 0.09274970
v -0.06515060 0.00604088 0.08187737
v -0.06560685 0.00686919 0.24287747
v -0.07969840 0.00513155 0.25526669
v -0.08974698 0.00323318 0.16449979
v -0.01536443 0.06470207 0.22523729
v -0.02695775 0.05401060 0.29360452
v -0.02560462 0.02829973 0.25460299
v -0.02398368 0.08071002 0.24059016
v -0.03980405 0.06703087 0.32648634
v -0.04199055 0.07830415 0.32299354
v -0.03588817 0.08302605 0.28613534
v -0.08612772 0.07258577 0.39415813
v -0.06630458 0.07914653 0.36820112
v -0.05207077 0.04308655 0.34812447
v -0.07601877 0.02457406 0.37501450
v -0.05244688 0.01634607 0.33465845
v -0.12117125 0.00169434 -0.14771301
v -0.10538579 0.00286186 -0.15972845
v -0.08554608 0.00544412 -0.14053861
v -0.08185212 0.00623969 -0.17250962
v -0.08320373 0.00464215 -0.03926181
v -0.10010843 0.00258566 0.20521785
v -0.13241158 0.07048894 0.42194886
v -0.10990936 0.02852077 0.40481673
v -0.13094773 0.08151269 0.41268024
v -0.17255363 0.01762859 0.42732779
v -0.07213813 0.01196471 0.34422909
v -0.03428970 0.01741525 0.26792197
v -0.11951510 0.01127125 0.40132149
v -0.09351391 0.00527599 0.30853244
v -0.06042273 0.01049545 0.31024632
v -0.09368202 0.00292112 0.04128380
v -0.10192867 0.00245043 -0.02269477
v -0.09215609 0.00324861 0.01102960
v 0.32087533 0.26248980 -0.00212764
v 0.27020670 0.29070046 0.00725144
v 0.30634964 0.26472436 0.02535670
v 0.29530029 0.28713045 -0.00583083
v 0.33278372 0.28207936 -0.01176403
v 0.33999745 0.24896884 -0.02134018
v 0.36423067 0.22020131 -0.04862091
v 0.35609610 0.24773830 -0.03941470
v 0.39531389 0.20349684 -0.05066141
v 0.39205445 0.20679143 -0.00909729
v 0.40468110 0.12589900 -0.11154810
v 0.38634806 0.17166641 -0.07938727
v 0.36265406 0.25337377 -0.03122311
v 0.39060859 0.13729040 -0.00547348
v 0.39138356 0.13528847 -0.06667739
v 0.39347352 0.11283324 -0.06099043
v 0.37473560 0.22683016 0.05108675
v 0.36330007 0.24596263 0.02449510
v 0.30437820 0.30098348 0.00944868
v 0.33829331 0.25736254 -0.02692411
v 0.29657931 0.30009218 0.02504077
v 0.15997643 0.00614513 -0.52395015
v 0.18035640 0.00462810 -0.51377690
v 0.22796403 0.00565629 -0.53201152
v 0.23066414 0.00060628 -0.43978963
v 0.25141592 0.00091470 -0.44858041
v 0.26456382 0.00289674 -0.49313658
v 0.28251732 0.00056501 -0.41379926
v 0.30314340 0.00132375 -0.43642093
v 0.29185655 0.00224488 -0.47234601
v 0.14730830 0.00074691 -0.36497087
v 0.15913933 0.00085551 -0.42410518
v 0.15108667 0.00168264 -0.44677915
v 0.11541320 0.00337870 -0.42563430
v 0.12687959 0.00340670 -0.46562511
v 0.11363785 0.00266058 -0.34714373
v 0.11857986 0.00241568 -0.37965312
v 0.24203300 0.00006232 -0.33944140
v 0.29263434 0.00036035 -0.36467587
v 0.13992499 0.00077104 -0.23699759
v 0.12472986 0.00157145 -0.26766270
v 0.13733580 0.00083477 -0.21290559
v 0.11801794 0.00178795 -0.19584225
v 0.30489744 0.00025035 -0.17818763
v 0.25447660 0.00005160 -0.20764697
v 0.34707669 0.00288884 -0.40781906
v 0.32975784 0.00062616 -0.11669865
v 0.33072411 0.00125440 -0.34619244
v 0.30132985 0.00039339 -0.34286452
v 0.38426747 0.00549591 -0.23190970
v 0.34220068 0.00352543 -0.44278147
v 0.31075606 0.00014153 0.00872814
v 0.33837269 0.00067072 0.03629189
v 0.34320645 0.00083940 -0.00384874
v 0.31422902 0.00023811 -0.08395090
v 0.36947830 0.00302000 -0.14022560
v 0.36478871 0.00237502 -0.11629943
v -0.14625193 0.09913277 -0.49935203
v -0.25909270 0.10340860 -0.52964490
v -0.35279801 0.10358407 -0.47408672
v -0.18646215 0.10158499 -0.53874582
v -0.36317556 0.10349456 -0.46820077
v -0.38438339 0.10265182 -0.20653346
v -0.38243310 0.10273100 -0.24568140
v -0.26618447 0.09052179 -0.48844172
v -0.32425410 0.08873829 -0.44696489
v -0.30363640 0.09113560 -0.47463290
v -0.35634339 0.08624517 -0.50357767
v -0.34535654 0.09330386 -0.41953128
v -0.37022051 0.10111414 -0.31875805
v -0.37084220 0.10287954 -0.36561074
v -0.26460980 0.10003305 -0.53923503
v 0.15855188 0.01505804 0.42326826
v 0.03622158 0.01140946 0.21773457
v 0.05559115 0.00719891 0.22248478
v 0.08732201 0.00395744 0.25985312
v 0.01542825 0.03803696 0.22523356
v 0.01652194 0.02850745 0.19933883
v 0.01768623 0.02181134 0.14031927
v 0.07072410 0.00483614 0.09073532
v 0.09025880 0.00919126 0.36801667
v 0.17904419 0.00585629 0.37929534
v 0.18663340 0.00852240 0.39764680
v 0.12348680 0.01931748 0.41312246
v 0.11329279 0.01256156 0.39586077
v 0.04763711 0.01153095 0.31015844
v 0.06561745 0.01034551 0.33092842
v 0.15436644 0.00476153 0.36195048
v 0.16242601 0.00245362 0.33325695
v 0.15668308 0.00099516 0.29178748
v 0.11929599 0.00179302 0.26699247
v 0.12890323 0.00156915 0.28359575
v 0.13879130 0.00176600 0.29836000
v 0.09972692 0.00459976 0.31331900
v 0.09618867 0.00246079 0.17935442
v 0.06112627 0.01508701 0.35154246
v 0.08314947 0.02346842 0.38573423
v 0.03937750 0.02616640 0.31930400
v 0.20518705 0.00214445 0.33554553
v 0.01168581 0.04032343 0.16537092
v 0.19276247 0.02456592 0.43183988
v 0.30916740 0.08816814 0.40100516
v 0.34511220 0.07927306 0.39387869
v 0.24957464 0.06970028 0.43579027
v 0.31034071 0.06790132 0.42103300
v 0.26721307 0.01574685 0.42588796
v 0.32088043 0.05913667 0.41477610
v 0.09668619 0.00233009 0.10021421
v 0.21544327 0.00922915 0.40394428
v 0.20122809 0.00073840 0.29210338
v 0.32147023 0.00049612 0.21377154
v 0.20963042 0.02578160 0.43440540
v 0.25096133 0.00738891 0.39119894
v 0.31323906 0.00055279 0.23307074
v 0.29169181 0.00196908 0.31332428
v 0.28480822 0.00309114 0.33715034
v 0.29696137 0.00295655 0.33432296
v 0.28777146 0.00751363 0.38242708
v 0.25636602 0.00147666 0.31505217
v 0.25223481 0.00019131 0.25242077
v 0.25838386 0.00315846 0.34630379
v 0.32882303 0.01053297 0.38977577
v 0.31993092 0.01889990 0.40773530
v 0.12198793 0.00093002 0.10579638
v 0.11493004 0.00144467 0.21790173
v 0.11484175 0.00128919 0.07327123
v 0.15257494 0.00022175 0.09546640
v -0.07932756 0.13025747 0.00202973
v -0.09195497 0.20447627 -0.05649448
v -0.08449514 0.16909861 -0.06220843
v -0.10036660 0.21890700 -0.03141140
v -0.15936890 0.28867081 -0.00331490
v -0.12867324 0.23016843 0.07672217
v -0.14443605 0.27507111 -0.00303411
v -0.12428855 0.26831396 -0.02150564
v -0.11650338 0.24291427 -0.00731414
v -0.26711541 0.30282536 0.00340607
v -0.22099651 0.31008850 0.00785544
v -0.16443676 0.30706753 0.01553890
v -0.13286491 0.24076387 0.05929862
v -0.29105548 0.28913949 0.07233206
v -0.08953825 0.10021105 0.28255876
v -0.08870485 0.11680300 0.25123844
v -0.10010072 0.15724587 0.20753507
v -0.10708935 0.20140416 0.08481362
v -0.10004920 0.13202489 0.26440074
v -0.32126528 0.25461019 0.13396728
v -0.08187416 0.12671239 0.19538340
v -0.07991978 0.13667062 0.04662896
v -0.08296004 0.15172315 0.04866625
v -0.09027498 0.16744791 0.08879489
v -0.10339562 0.18881580 0.11171900
v -0.10910340 0.20797888 0.07072615
v -0.09877008 0.19504537 0.04699887
v -0.08430464 0.15949722 0.01075565
v -0.09232593 0.18866647 0.00101908
v -0.09311788 0.16088335 0.15414764
v -0.02685559 0.04076039 -0.00711718
v -0.03283745 0.04088196 -0.05848242
v -0.02417918 0.08380296 0.17904155
v -0.04796772 0.02052312 -0.15321510
v -0.01764904 0.07380810 0.09481118
v -0.11256362 0.00389230 -0.42506702
v -0.03828434 0.06105481 -0.13126314
v -0.03943113 0.07125710 -0.12685085
v -0.02895829 0.07260776 -0.03969242
v -0.02946324 0.08500395 0.06308597
v -0.09077576 0.00942029 -0.49180017
v -0.05485759 0.05564204 -0.41165556
v -0.07771192 0.00822162 -0.24633624
v -0.06576254 0.01550530 -0.43922808
v -0.06017829 0.01760694 -0.41212091
v -0.06086621 0.01495051 -0.28028146
v -0.08288337 0.00673441 -0.27103634
v -0.04999479 0.06887107 -0.29964654
v -0.04664657 0.06559961 -0.22927565
v -0.18816171 0.08021952 -0.57936281
v -0.06435374 0.06590401 -0.48523757
v -0.05921793 0.07715986 -0.45423671
v -0.05520555 0.06952162 -0.41828179
v -0.07091145 0.01556655 -0.48620857
v -0.07659957 0.02837538 -0.50697181
v -0.15801161 0.02022453 -0.57230117
v -0.10000277 0.01540971 -0.53623949
v -0.22616903 0.03365275 -0.58297228
v -0.08202172 0.07236117 -0.52291425
v -0.11887420 0.07431651 -0.56040203
v -0.17309132 0.06477829 -0.58052733
v -0.23984588 0.01335986 -0.57086747
v -0.19849833 0.01507203 -0.57660051
v -0.13127769 0.01297805 -0.55492305
v -0.13980390 0.00254990 -0.45139380
v -0.15502714 0.00541568 -0.51385265
v 0.30118632 0.22734548 0.23524788
v 0.32090790 0.23428703 0.19279244
v 0.20848448 0.23101030 0.25495108
v 0.23669860 0.24080400 0.23038230
v 0.22905458 0.20564180 0.28985744
v 0.23303989 0.21846703 0.28068110
v 0.17713394 0.20955088 0.28475084
v 0.10826230 0.14067181 0.27599838
v 0.08013426 0.09938575 0.29616678
v 0.12370326 0.16123362 0.28465137
v 0.06294545 0.13792368 0.26335475
v 0.04583889 0.10320630 0.18951437
v 0.05537672 0.14458922 0.18701277
v 0.04742263 0.11987153 0.15257975
v 0.06132657 0.12092021 0.27794949
v 0.08975950 0.17814850 0.26046860
v 0.08461816 0.16315323 0.28013693
v 0.11464250 0.18451675 0.28544214
v 0.06239846 0.08776797 0.29758742
v 0.15940619 0.20471985 0.28735744
v 0.07936995 0.08366457 0.33392144
v 0.33170684 0.21000869 0.24680785
v 0.33044330 0.22484220 0.20495860
v 0.27936298 0.21845458 0.27272350
v 0.31724035 0.19915624 0.28168072
v 0.25639670 0.20987370 0.28541510
v 0.27872101 0.18090508 0.28713460
v 0.35535150 0.17717600 0.27229070
v 0.36145735 0.14299245 0.27716505
v 0.36733889 0.22664301 0.09824394
v 0.32823032 0.25395743 0.11552861
v 0.33326380 0.27427322 0.03398257
v 0.30654702 0.26754903 0.11111529
v 0.31409588 0.28032981 0.05704202
v 0.16642315 0.17645382 0.28649523
v -0.46090986 0.05549784 0.08106567
v -0.44938023 0.08517792 0.12905519
v -0.45874334 0.07037627 0.05768100
v -0.42239060 0.11892850 0.01791200
v -0.42269478 0.10278067 -0.01460215
v -0.40157570 0.08593420 -0.19050310
v -0.40219992 0.08563742 -0.16513100
v -0.41049646 0.08841427 -0.12931726
v -0.39979384 0.08743193 -0.25150829
v -0.39122534 0.08772514 -0.38042068
v -0.38520030 0.08603412 -0.44247444
v -0.43516407 0.08807486 0.20828602
v -0.42451162 0.08997716 0.18242371
v -0.43571174 0.06728782 -0.18974078
v -0.42396474 0.05904638 -0.39947211
v -0.42482810 0.09096626 0.01237934
v -0.42413893 0.07990369 -0.29650999
v -0.42778610 0.09079967 0.13602964
v -0.44337010 0.08563960 0.18757840
v -0.42763255 0.09250836 0.09677276
v -0.41232437 0.08506901 -0.39335655
v -0.39940648 0.07321626 -0.49122142
v -0.40342887 0.08801576 -0.40929391
v -0.38800378 0.08800660 -0.46502326
v -0.39279777 0.08659156 -0.48213484
v -0.45765608 0.04878355 0.04606220
v -0.42079332 0.09232708 -0.09148729
v -0.44771533 0.07235178 -0.05493659
v -0.42978654 0.08302397 -0.14939800
v -0.41935231 0.07331889 -0.43120207
v -0.42797492 0.06765025 -0.34061820
v -0.29003112 0.08757818 -0.54254724
v -0.32592507 0.08734231 -0.53983034
v -0.38444734 0.07654272 -0.51576478
v -0.29354206 0.07324806 -0.57693995
v 0.25120836 0.08455352 0.42414195
v 0.31798433 0.08524778 0.37674011
v 0.17449665 0.07256572 0.43442601
v 0.38681630 0.08569728 0.28762034
v 0.33236941 0.10232035 0.34703822
v 0.07110325 0.06508182 0.38430005
v 0.10367089 0.08330248 0.39958657
v 0.11370105 0.07110183 0.41607682
v 0.38029087 0.11814713 0.27672098
v 0.36292751 0.08477262 0.33514499
v 0.37388260 0.08438600 0.31774960
v 0.34849541 0.22232527 0.17745756
v 0.37367493 0.20740717 0.15105051
v 0.36745826 0.17271647 0.26576328
v 0.40045401 0.14437043 0.21924740
v 0.35654633 0.20419825 0.21861116
v 0.41041748 0.14920539 0.14305974
v 0.39737858 0.17626879 0.14588020
v 0.37292884 0.19155558 0.21123216
v 0.39256747 0.12336359 0.26562566
v 0.39620852 0.12739913 0.25266864
v 0.35213250 0.08802480 0.36916606
v 0.17842110 0.24451411 0.12434673
v 0.20702681 0.29409183 0.01547053
v 0.21172339 0.30045427 0.00750308
v 0.18267171 0.25201665 0.10788714
v 0.22381661 0.25634365 0.11075339
v 0.25727054 0.25044396 0.11799168
v 0.18169635 0.27364511 0.05107761
v 0.17579623 0.29128023 0.00371894
v 0.21236483 0.24527538 0.13836950
v 0.24747436 0.24397565 0.13898253
v 0.19818180 0.26237352 0.08871251
v 0.21132170 0.25056970 0.12344690
v 0.22961621 0.26763611 0.08029979
v 0.20747510 0.26573850 0.08323340
v 0.20787692 0.27871742 0.05084352
v 0.25873527 0.26617340 0.07607975
v 0.27048712 0.21940237 0.19065810
v 0.29078900 0.20858144 0.20198632
v 0.11461736 0.23353105 0.02828314
v 0.09169015 0.20127223 -0.01077417
v 0.08244257 0.16158045 0.04804599
v 0.12661099 0.21259816 0.14027193
v 0.15775854 0.22579506 0.15472749
v 0.07950180 0.12816878 0.19273630
v 0.13348688 0.19694342 0.19781790
v 0.17884165 0.23065850 0.16158223
v 0.10636060 0.16125032 0.23056217
v 0.12063161 0.15345685 0.27199677
v 0.12773379 0.25509814 0.01198762
v 0.12423347 0.23392088 0.06672420
v 0.15122721 0.23491039 0.12088811
v 0.28172774 0.20248014 0.22242626
v 0.30946432 0.16628797 0.26812981
v 0.20433819 0.22228245 0.19205806
v 0.22693340 0.19605940 0.24539320
v 0.21283283 0.20887630 0.22291310
v 0.23884716 0.21170660 0.21826534
v 0.22417243 0.08893326 0.41268043
v 0.20246286 0.08609069 0.40098371
v 0.27613282 0.08586261 0.39464086
v 0.35739961 0.09168985 -0.01980966
v 0.35307054 0.09025970 0.01738451
v 0.37191474 0.10284766 -0.30489648
v 0.33961189 0.08803592 0.21176909
v 0.34372023 0.08809238 0.17187115
v 0.35492586 0.10102363 0.32122213
v 0.27428856 0.09311864 0.34359742
v 0.13304576 0.10113099 0.36058215
v 0.19256556 0.10265796 0.38490527
v 0.23618360 0.09085825 0.34288739
v 0.25493022 0.10214959 0.38195490
v 0.14520948 0.08825531 0.40892662
v 0.14267037 0.08550482 0.39133013
v 0.30437930 0.09314020 0.37656000
v 0.28710171 0.09938966 0.37785031
v 0.22517383 0.09660735 0.39381137
v 0.13584769 0.26575031 0.09731739
v 0.24146838 0.31626478 0.02356297
v 0.19402931 0.31362764 0.01509116
v 0.20803133 0.30029442 0.06888675
v 0.13531222 0.21027540 0.26328648
v 0.15108883 0.23070629 0.22593641
v 0.12138158 0.21830269 0.22004287
v 0.17020740 0.23314486 0.23585339
v 0.19810029 0.25161047 0.19967383
v 0.16098337 0.25316511 0.16992192
v 0.23953243 0.26036615 0.18039965
v 0.21976711 0.27038308 0.15308628
v 0.22805921 0.28840897 0.10393870
v 0.23506210 0.29868276 0.07487352
v 0.09011503 0.18974035 0.23110617
v 0.10716608 0.19889267 0.24982081
v 0.12278215 0.25471684 0.10411326
v 0.07028535 0.18757542 0.12248471
v 0.08853651 0.20121319 0.18436632
v 0.08707937 0.21267831 0.12685187
v 0.10483968 0.25078035 0.06369743
v 0.05075622 0.12832005 0.05154393
v 0.05390066 0.09714116 -0.06785623
v 0.05871530 0.15589050 -0.06398050
v 0.06064631 0.16958819 -0.04341099
v 0.06462107 0.18601964 0.00947742
v 0.05622664 0.15510053 0.11620813
v 0.07233390 0.17672968 0.19704042
v 0.07229390 0.16599800 0.23120600
v 0.14776609 0.08653414 0.09746080
v 0.15080160 0.08646120 0.13292696
v 0.22148523 0.08649581 0.09527751
v 0.23257035 0.08642757 0.07017390
v 0.26819977 0.08640216 0.13530630
v 0.32531931 0.08652643 0.08869859
v 0.20854480 0.08639770 0.17363210
v 0.11788087 0.08968504 0.03534180
v 0.09071195 0.09784569 0.15534255
v 0.11720823 0.09193567 -0.15407928
v 0.22291754 0.08645396 0.00329964
v 0.16981349 0.08641080 -0.14840408
v 0.29928268 0.08634578 0.01596231
v 0.32544776 0.08656302 0.00952259
v 0.25278921 0.08639901 -0.13224824
v 0.28351566 0.24105310 0.12372872
v 0.38161220 0.10121150 -0.10130220
v 0.36173250 0.09899910 -0.32153980
v 0.35917468 0.15997106 0.20518535
v 0.35714247 0.17490579 0.17256942
v 0.37705090 0.13552400 0.18653650
v 0.38232800 0.09928914 0.01900098
v 0.39255019 0.09641076 -0.04581488
v 0.39094737 0.09565573 0.15536273
v 0.36811999 0.12691235 0.23773872
v 0.36840205 0.10048002 0.27354990
v 0.37237378 0.10027276 0.25575408
v 0.38254046 0.09918559 0.22368605
v 0.32004542 0.18283824 0.22751597
v 0.33959967 0.16199441 0.24110358
v 0.35747006 0.12916078 0.26532263
v 0.32585750 0.20958830 0.15036840
v -0.21624021 0.27941413 0.05094889
v -0.22946198 0.23974404 0.15300723
v -0.20921245 0.22755704 0.17999126
v -0.19680119 0.23618965 0.15478816
v -0.21408824 0.20667663 0.22703914
v -0.18220654 0.20399402 0.22386279
v -0.19263707 0.23926456 0.14514346
v -0.14822993 0.26604418 0.02249759
v -0.17040290 0.26744028 0.05266791
v -0.25302300 0.27416474 0.05841151
v -0.24189943 0.29445666 0.01392366
v -0.26335059 0.28229728 0.03238272
v -0.18579967 0.29437183 0.00336639
v -0.15010620 0.25069390 0.06725650
v -0.12336379 0.21562681 0.10594723
v -0.15533900 0.16646429 0.27467366
v -0.17696830 0.18612610 0.25099230
v -0.13330087 0.18989274 0.21122794
v -0.15649556 0.20965099 0.19260200
v -0.18614119 0.22089514 0.18706833
v -0.15024890 0.21888692 0.15791279
v 0.39006841 0.01508664 -0.49328877
v 0.38055075 0.02152165 -0.51216180
v 0.28385722 0.01822975 -0.57299870
v 0.24618741 0.04557243 -0.58338585
v 0.31636199 0.03287679 -0.56313887
v 0.21421295 0.01558080 -0.57787240
v 0.31366250 0.01516020 -0.55667510
v 0.30700593 0.06744563 -0.57392809
v 0.32464547 0.00747631 -0.51424792
v 0.33989815 0.01467556 -0.54451433
v 0.29902078 0.00774562 -0.53490287
v 0.38965408 0.06599669 -0.50557053
v 0.26210043 0.00727777 -0.53781331
v 0.27594411 0.00901565 -0.54689388
v 0.31875990 0.00312750 -0.46586690
v 0.29311370 0.00390600 -0.49622670
v 0.34486981 0.00530176 -0.47507663
v 0.38527334 0.00699098 -0.37451426
v 0.39066223 0.01120652 -0.46050304
v 0.21330612 0.06706010 -0.58641147
v 0.21121330 0.05811680 -0.58503290
v -0.17609017 0.08638004 -0.04901235
v -0.13743461 0.08726616 -0.08690709
v -0.34462529 0.08783625 -0.18414985
v -0.33190970 0.08664873 -0.16222847
v -0.30520246 0.08635661 -0.10275125
v -0.34263603 0.08782546 -0.13098786
v -0.34259518 0.08767424 -0.10893845
v -0.32540867 0.08655865 -0.23883989
v -0.34800460 0.08991998 -0.30492198
v -0.13455075 0.08918366 -0.33393910
v -0.27082795 0.08638422 -0.35311562
v -0.17500577 0.08645610 -0.43515348
v -0.27023670 0.08642490 -0.40109400
v -0.32017122 0.08659898 -0.39345976
v -0.13297260 0.09097900 -0.43169181
v -0.14085319 0.08767183 -0.25790362
v -0.14228111 0.08721534 -0.12905473
v -0.19766438 0.08639741 -0.30468840
v -0.15476323 0.08653728 -0.15049930
v -0.23302509 0.08881123 -0.48053696
v -0.18760561 0.10022945 -0.51786821
v -0.14853658 0.08728544 -0.43535955
v -0.34909055 0.09174711 -0.36534172
v -0.33767010 0.08784500 -0.28165430
v -0.30266707 0.08633875 -0.38264550
v 0.32487630 0.22413115 0.11015338
v 0.29406972 0.26379303 0.04737987
v 0.39391413 0.09667086 -0.02156641
v 0.38689333 0.09746688 0.08851622
v 0.38926159 0.11655275 0.14714547
v 0.35086180 0.20710964 0.08671877
v 0.37806596 0.16604733 0.08142111
v 0.36809471 0.19276338 0.03774533
v 0.36951669 0.17221105 0.12441820
v 0.38968985 0.12880149 0.10261897
v 0.39552283 0.09898590 0.07613444
v 0.37643686 0.18514813 -0.01846795
v 0.38866626 0.13862866 0.06541635
v 0.36698458 0.20175129 0.00409496
v 0.39005196 0.09713678 0.11074700
v 0.36906434 0.08254531 -0.52093701
v 0.22603169 0.08960996 -0.55238354
v 0.28425970 0.08781320 -0.55811850
v 0.15091651 0.08732634 -0.54139014
v 0.26953678 0.08677960 -0.54809265
v 0.34070867 0.08723534 -0.53587349
v 0.27829394 0.08683391 -0.56650582
v 0.08476325 0.08731721 -0.48775932
v 0.21015248 0.08887966 -0.56742487
v 0.33088193 0.10443343 -0.50119604
v 0.35044249 0.08563972 -0.50585256
v 0.35788216 0.09973422 -0.48062303
v 0.37944128 0.09670164 -0.41291685
v 0.39120504 0.08594916 -0.33284749
v 0.36986257 0.08768204 -0.48830746
v 0.36630762 0.10326845 -0.39513578
v 0.35448541 0.10329111 -0.45502187
v 0.16894220 0.01169839 -0.56313345
v 0.10011119 0.00732000 -0.48102690
v 0.04625917 0.01970025 -0.19362218
v 0.05464643 0.01896641 -0.33628808
v 0.05981340 0.01290910 -0.25104700
v 0.06240265 0.01072671 -0.28031288
v 0.08504124 0.00734131 -0.41674602
v 0.08047318 0.00689789 -0.31578844
v 0.04495882 0.01659175 -0.12909993
v 0.04598309 0.02838934 -0.21362623
v 0.01903175 0.03973944 0.02903855
v 0.03207586 0.04036963 -0.08517021
v 0.08919058 0.10114344 -0.05614618
v 0.07702585 0.09622998 -0.03026630
v 0.07850301 0.09704978 -0.08894985
v 0.07870903 0.09685193 -0.10800200
v 0.09020184 0.10200692 -0.17572034
v 0.09188807 0.09900709 0.01428893
v 0.08615688 0.08619521 -0.46450541
v 0.09782091 0.10306472 -0.44025499
v 0.08142291 0.08664787 -0.39831559
v 0.07652234 0.08574132 -0.23392445
v 0.07795262 0.08626600 -0.27887708
v 0.08560236 0.09688057 -0.26680321
v 0.17105165 0.10331421 -0.53272883
v 0.20138901 0.10393066 -0.52936097
v 0.12329109 0.10337929 -0.49555654
v 0.11870894 0.10113881 -0.50807882
v 0.10923946 0.10172326 -0.44501970
v 0.25757423 0.10341472 -0.52918296
v 0.04972700 0.09130602 0.00807660
v 0.02336846 0.08589317 0.13275672
v 0.04735801 0.09105424 0.04536223
v 0.02504034 0.08542844 0.09318837
v 0.04320367 0.09060385 0.15615009
v 0.04259280 0.08962816 0.19866405
v 0.04355037 0.09024658 0.18409184
v 0.03629529 0.07318950 0.32585863
v 0.04595800 0.09051136 0.22032249
v 0.05335564 0.09009054 0.27867027
v 0.07343476 0.08794433 0.34922755
v 0.06032764 0.08070923 0.35625759
v 0.04594849 0.04745316 0.34642801
v 0.01657124 0.06521712 0.26195306
v 0.01206310 0.07268040 0.13622040
v 0.00890495 0.06681790 0.15026350
v 0.26289706 0.30519889 0.00314144
v 0.08374028 0.19135251 -0.06226087
v 0.17924016 0.30942675 0.00868301
v 0.22221921 0.31276507 0.01063707
v 0.09530831 0.25766767 -0.02901072
v 0.15625240 0.30700201 0.00824694
v 0.11002071 0.27739682 -0.00578964
v 0.07354412 0.20796514 0.02812691
v 0.08677894 0.23632370 0.02143689
v 0.06473738 0.17849490 -0.07887499
v 0.12604450 0.26451899 -0.01425441
v 0.14808310 0.27932975 -0.00338000
v 0.09604376 0.22218402 -0.03384382
v 0.07806211 0.22816903 -0.05080636
v 0.10966454 0.25168206 -0.02900793
v 0.08586104 0.00333416 -0.00103402
v 0.13248963 0.00059290 0.02555209
v 0.20252548 0.00003124 0.04089534
v 0.20383050 0.00005670 0.13742920
v 0.25713035 0.00003937 0.15815513
v 0.19781446 0.00004242 0.17019161
v 0.23381676 0.00003145 0.17233503
v 0.19974105 0.00000963 -0.00235402
v 0.15089858 0.00024607 -0.03328389
v 0.17188218 0.00008397 -0.04319991
v -0.35133676 0.06600268 0.40178060
v -0.22520658 0.03126531 0.43496904
v -0.36484647 0.07098135 0.38801404
v -0.30546403 0.03522034 0.42071187
v -0.45646706 0.06514484 0.20018951
v -0.45993472 0.05828747 0.17031545
v -0.39399446 0.07029134 0.36048873
v -0.45222204 0.06402764 0.22817844
v -0.44795337 0.07735596 0.22876932
v -0.42082526 0.07896680 0.31779519
v -0.36892966 0.17371172 0.26769799
v -0.32415324 0.21359852 0.25085949
v -0.34775117 0.19775121 0.26132337
v -0.29338409 0.20936121 0.28321364
v -0.42394140 0.08759168 0.26847456
v -0.39923788 0.08324359 0.34072274
v -0.37940910 0.08813450 0.33657220
v -0.32728878 0.08498934 0.37124773
v -0.35329758 0.08632868 0.35138950
v -0.36730892 0.08442888 0.33514536
v -0.40957834 0.08844723 0.26034045
v -0.19939856 0.07096455 0.43649521
v -0.26001694 0.06210333 0.43512114
v -0.33033759 0.08847880 0.39237349
v -0.28389220 0.18577854 0.28865822
v 0.08800005 0.15889342 0.15180003
v 0.07443116 0.11250745 0.18683565
v 0.07877419 0.13209715 0.17337910
v 0.07286991 0.09477600 0.09516118
v 0.07248914 0.09486572 0.16356248
v 0.07417114 0.09603126 0.04742583
v 0.08068268 0.16717012 -0.05913989
v 0.07954821 0.15659755 -0.01760894
v 0.08042094 0.15686171 0.02316997
v 0.07676053 0.11231031 -0.08532281
v 0.07656137 0.13264029 -0.04789627
v 0.07625051 0.13664587 0.07363366
v 0.07537190 0.12985173 0.13148500
v 0.07493792 0.11528664 -0.01065192
v 0.12717051 0.08750778 0.19576716
v 0.15521616 0.08645279 0.18465754
v 0.28233049 0.08637860 0.28754830
v 0.24668106 0.08641598 0.28804498
v 0.19070333 0.08633958 0.28078549
v 0.27722925 0.08637939 0.16957603
v 0.10557766 0.09806233 0.32679138
v 0.15672058 0.08805425 0.32465237
v 0.18785635 0.08648213 0.30018676
v 0.28751315 0.08738483 0.31028220
v 0.08335844 0.10837231 0.25552464
v 0.11053709 0.09111032 0.18560842
v -0.07697372 0.09692222 0.19440939
v -0.07720178 0.09506469 0.19160808
v -0.07873843 0.09564265 0.01468583
v -0.09123690 0.09893080 0.03703939
v -0.07607280 0.09484290 0.10891990
v -0.07673460 0.09484600 0.08334360
v -0.07645120 0.09556970 0.07172840
v -0.07657330 0.09508730 0.07431720
v -0.07958533 0.13321919 -0.09235616
v -0.08205073 0.09683068 -0.11106752
v -0.08029550 0.09631900 -0.02597660
v -0.09755459 0.10254938 -0.25551069
v -0.08487066 0.08631571 -0.40482915
v -0.09357559 0.08627246 -0.48124678
v -0.11364452 0.10222803 -0.46261912
v -0.14287785 0.10136247 -0.52312338
v -0.11703156 0.09033591 0.15915490
v -0.09004192 0.09880059 0.17512748
v -0.09287660 0.09685939 0.17879640
v -0.28215680 0.08872351 -0.55720944
v -0.14666628 0.08578438 -0.53921544
v -0.16255221 0.08493164 -0.56610403
v -0.23637373 0.08855649 -0.55488829
v -0.24169487 0.08662360 -0.55136265
v -0.32932924 0.03328461 -0.56035157
v -0.25068169 0.02337945 -0.57917341
v -0.24806406 0.08189686 -0.57733934
v -0.29951364 0.01860846 -0.56993198
v 0.04474764 0.00873808 0.08434237
v 0.06116847 0.00814104 -0.09356718
v 0.06482465 0.00641704 -0.01331313
v -0.43916736 0.01991939 -0.08176627
v -0.41955068 0.01706310 -0.34505180
v -0.39246410 0.01204242 -0.48199557
v -0.39271950 0.00797190 -0.39247580
v -0.36282181 0.00576455 -0.46902831
v -0.38508180 0.00577732 -0.33564426
v -0.41926011 0.01406915 -0.24445731
v -0.41871325 0.01107126 -0.17953552
v -0.42879418 0.01276900 -0.09044164
v -0.36668893 0.00355498 -0.34288670
v -0.33831467 0.00167218 -0.36967436
v -0.42860952 0.03788882 -0.28325291
v -0.42676386 0.02327979 -0.24363778
v -0.42780162 0.05333601 -0.33623337
v -0.42559157 0.01576589 -0.19538956
v -0.43379479 0.01965208 -0.13620400
v -0.36799089 0.01827205 -0.52795576
v -0.36609825 0.01223653 -0.51527515
v -0.10901591 0.08775329 0.38494791
v -0.17374299 0.08915666 0.41471393
v -0.22447659 0.08768214 0.40574046
v -0.05798335 0.08764622 0.31823856
v -0.11518645 0.09131067 0.25898906
v -0.16259987 0.08789854 0.31820944
v -0.12345643 0.09729442 0.33568072
v -0.22208499 0.08348077 0.42787820
v -0.24667143 0.07546009 0.43313435
v -0.23202691 0.08632512 0.40180606
v -0.30122203 0.08531900 0.38525336
v -0.28427767 0.08559775 0.39103943
v -0.08263734 0.09772320 0.29887228
v -0.16913205 0.10183409 0.37295501
v -0.28820924 0.08948628 0.32672933
v -0.28048927 0.09781479 0.38446047
v -0.27322735 0.10230237 0.37208638
v -0.20497450 0.08902240 0.33284090
v -0.08770119 0.13025568 0.29085079
v -0.30141363 0.08637709 0.10004132
v -0.31586082 0.08638957 0.19891435
v -0.19006580 0.29360596 0.07769493
v -0.16280374 0.26853622 0.12552186
v -0.19572274 0.25596220 0.18401712
v -0.14160144 0.23033329 0.20923348
v -0.25960877 0.23355724 0.24570068
v -0.24976752 0.22756473 0.26026113
v -0.25143105 0.21147886 0.28567103
v -0.21995421 0.22143935 0.27389254
v -0.12145382 0.20950915 0.24032075
v -0.11991124 0.22010175 0.20275212
v -0.13048594 0.19878091 0.27978745
v -0.41854071 0.13832214 -0.01656851
v -0.41677946 0.14987019 0.02702721
v -0.41428770 0.15730510 0.03357640
v -0.41978407 0.12652561 -0.03152628
v -0.41943954 0.14088317 0.05088193
v -0.41458070 0.14510719 -0.08845959
v -0.39521875 0.21073430 -0.05480067
v 0.29372847 0.26705573 0.12980760
v 0.27976835 0.29866697 0.05057281
v 0.26559354 0.29572587 0.07136662
v -0.07520257 0.15377012 0.26469038
v -0.06942050 0.13445508 0.27594956
v -0.09382926 0.18200620 0.25902562
v -0.25201264 0.18995651 0.29179242
v -0.11335020 0.24730066 0.09084207
v -0.10042336 0.22066325 0.14724545
v -0.13735399 0.24137730 0.16987978
v -0.39503403 0.02457406 -0.49460475
v -0.40756815 0.06167104 -0.47633737
v -0.21821304 0.00013315 -0.37755286
v -0.18977138 0.00015066 -0.34932736
v -0.16675226 0.00034362 -0.34246736
v -0.15859710 0.00100696 -0.42050231
v -0.23332620 0.00026614 -0.41354105
v -0.20765841 0.00008077 -0.33607745
v -0.13537560 0.00148460 -0.35900310
v -0.17463233 0.00015512 -0.22521985
v -0.29425265 0.30599137 0.01388147
v -0.32493835 0.29205469 0.00287429
v -0.29920210 0.29454100 -0.00521780
v -0.20748413 0.29199213 0.09052174
v -0.25181137 0.30281977 0.06151348
v -0.21290014 0.28128192 0.12229811
v -0.20373220 0.31488762 0.02394804
v -0.17179535 0.08643739 -0.00568406
v -0.25327829 0.08642097 -0.06528941
v -0.14933304 0.08658005 0.11338202
v -0.12456283 0.08852829 0.12984580
v -0.12898228 0.08767531 0.08428951
v -0.19155169 0.08644443 0.10304136
v -0.40173130 0.18366613 0.09395031
v -0.41899415 0.14078389 0.12323569
v -0.40707040 0.17057560 0.10924520
v -0.39103624 0.20434059 0.08394622
v -0.40258126 0.18554484 0.07229825
v -0.38535433 0.19966414 0.14574701
v -0.40482604 0.16779221 0.15222719
v -0.41981840 0.11427175 0.18069467
v -0.41512804 0.14560080 0.14258415
v -0.41680360 0.13215210 0.16712300
v -0.38854652 0.16526777 0.23492305
v -0.40512291 0.13888054 0.22377183
v -0.31705154 0.00192194 -0.44294394
v -0.31553057 0.00121005 -0.41759451
v -0.25824744 0.00117928 -0.45906405
v -0.25480206 0.00018261 -0.38079802
v -0.32446504 0.00781752 -0.52566789
v -0.20069959 0.00115650 -0.45921111
v -0.18974234 0.00079881 -0.44150284
v -0.10146773 0.22962359 0.11137172
v -0.09723603 0.11969337 0.28537944
v -0.12260915 0.15026032 0.27425942
v -0.21257207 0.17720913 0.28040884
v -0.22480327 0.00009545 -0.26673636
v -0.26042337 0.00007796 -0.24658403
v -0.25865177 0.00012564 -0.34275382
v -0.28831421 0.00022245 -0.29642382
v -0.24973704 0.00007898 -0.10839677
v -0.26438391 0.22909180 0.17225575
v -0.26236997 0.21632733 0.20788952
v -0.23958730 0.20420722 0.23230726
v -0.29226495 0.20205311 0.22084054
v -0.19057229 0.08635790 0.28319042
v -0.16757518 0.08655073 0.29843658
v -0.22529728 0.08640545 0.24672437
v -0.25167239 0.08674314 0.30867428
v -0.23907649 0.08637000 0.23641002
v -0.29656759 0.08653755 0.28961998
v -0.41194852 0.13565145 0.19888127
v -0.31274631 0.27533269 0.08394919
v -0.35203431 0.23752060 0.12794459
v -0.37481380 0.09786630 -0.06565640
v -0.30304283 0.00264410 -0.47369739
v -0.35031449 0.27209425 -0.01916678
v -0.36143357 0.05033646 -0.54082266
v -0.28721694 0.26745333 0.13849279
v -0.30277118 0.22273799 0.24977904
v -0.31690157 0.08636892 0.04613949
v -0.22401398 0.08643081 0.16876286
v -0.22695203 0.08645195 0.14190111
v -0.26095060 0.17877995 0.26992284
v -0.28267936 0.01225345 -0.55967226
v -0.27979344 0.00715502 -0.53554785
v -0.30012295 0.08633986 -0.02019182
v -0.25267096 0.00222714 -0.48676635
v -0.27677036 0.00262157 -0.48587264
v -0.24890411 0.00590527 -0.53237414
v -0.26650976 0.00362609 -0.50262069
v -0.22516247 0.00274045 -0.49530290
v -0.15760077 0.00258560 -0.47731368
v -0.18613798 0.00185033 -0.47486066
v 0.44651507 0.02427701 0.02148027
v 0.43735594 0.03494424 -0.10371348
v 0.44606803 0.01807491 0.15308395
v 0.40657842 0.00530137 0.10209795
v 0.43475468 0.01739981 -0.05661158
v 0.39332423 0.00536048 -0.09441805
v 0.42612380 0.01161569 -0.04304545
v 0.44252076 0.06255098 -0.08295349
v 0.40376306 0.00528413 0.08870151
v 0.37126349 0.00210295 0.11996073
v 0.39624365 0.00432436 0.10893120
v 0.40276566 0.00728690 0.23902292
v 0.42110824 0.01807442 -0.25527894
v 0.41378622 0.01195848 -0.20377784
v 0.41595484 0.02528862 -0.41583466
v 0.40202260 0.00655140 -0.07261840
v 0.41200816 0.00954113 -0.13117081
v 0.38383150 0.00604970 -0.30141490
v 0.41562159 0.11198608 -0.07894456
v 0.41485664 0.12913467 -0.05757360
v 0.41642294 0.10002499 -0.06712252
v 0.42424986 0.09052097 0.08381859
v 0.41993966 0.11435273 0.03029175
v 0.40493511 0.17454182 -0.01964636
v 0.41053968 0.15769109 0.05183675
v 0.42000748 0.09390023 0.00157599
v 0.42007855 0.09073513 -0.01304915
v 0.42269893 0.08611404 -0.13212064
v 0.41125230 0.08658638 -0.32580796
v 0.42978481 0.07659263 -0.17666481
v 0.37310428 0.00229144 0.02765547
v 0.40951544 0.00631663 0.02063587
v 0.38807744 0.09861521 -0.21092222
v 0.35944545 0.09559148 -0.24918702
v 0.34153109 0.09217579 -0.42102793
v 0.19620857 0.08637815 -0.32723490
v 0.15034708 0.08664121 -0.38041729
v 0.15989335 0.08641258 -0.36773287
v 0.13069474 0.08832572 -0.32377965
v 0.29416162 0.08636735 -0.41824225
v 0.29980933 0.08634378 -0.32802403
v 0.21354366 0.08638772 -0.38222267
v 0.24029811 0.08636850 -0.35509768
v 0.26600821 0.08635659 -0.31858256
v 0.22915728 0.08763398 -0.47259744
v 0.14397063 0.08690542 -0.32899096
v 0.13904000 0.08711698 -0.35529506
v 0.23197366 0.08641765 -0.29248340
v 0.15629401 0.08644494 -0.26169953
v 0.13337560 0.08822910 -0.19298780
v 0.31165976 0.08638882 -0.22125652
v 0.31524861 0.08641731 -0.20294451
v 0.22315167 0.08643020 -0.27026084
v 0.17854480 0.08639950 -0.20570710
v 0.20757107 0.08642544 -0.17234460
v 0.13816218 0.08695319 -0.23102278
v 0.31326611 0.08639072 -0.28646251
v 0.24532285 0.08640129 -0.17073023
v 0.25558634 0.08641266 -0.26983202
v -0.08142257 0.08622790 -0.24951006
v -0.03463285 0.08780271 0.20752993
v -0.05091019 0.08992902 0.23380544
v -0.04774635 0.09112646 0.10729675
v -0.07491523 0.18851194 0.12678292
v -0.05774003 0.08576330 -0.20013990
v -0.05468133 0.09057369 -0.02256318
v -0.06000113 0.09072100 -0.11350447
v -0.05610057 0.09358371 -0.04005162
v -0.07695730 0.20795990 0.02333930
v -0.07781833 0.21778687 -0.02218674
v -0.06873241 0.18097346 0.09216886
v -0.08029472 0.20735868 0.07821900
v -0.06496739 0.17319584 -0.00084714
v -0.07076084 0.19141775 0.03116629
v -0.05898857 0.13651893 -0.02984367
v -0.05534058 0.12356318 0.01992805
v -0.17593742 0.00144486 0.31230443
v -0.16198558 0.00086678 0.28160292
v -0.20658767 0.00015601 0.24731189
v -0.21682092 0.00007863 0.21340075
v -0.27972489 0.00022870 0.23724112
v -0.24008248 0.00008081 0.21224622
v -0.20450667 0.00071672 0.29236179
v -0.24158817 0.00017538 0.24457092
v -0.15165815 0.00049197 0.23552323
v -0.14060124 0.00144520 0.28934854
v -0.24698920 0.00067367 0.28936168
v -0.41985920 0.00856900 0.20858780
v -0.40506644 0.00521360 0.17910865
v -0.22008837 0.00754662 0.39381617
v -0.39150806 0.01226096 0.33648514
v -0.28742034 0.00015369 0.16649716
v -0.35447633 0.00162386 0.21990185
v -0.33094680 0.00066790 0.17738630
v -0.30350841 0.00083765 0.27028097
v -0.36448427 0.00152391 0.15047689
v -0.33210792 0.00241279 0.29395559
v -0.35210453 0.00397168 0.29979596
v -0.24449650 0.00487869 0.37104709
v -0.21130684 0.00246048 0.34062793
v -0.41343034 0.01096945 0.28571162
v -0.43015198 0.00908329 0.15734344
v -0.40744868 0.00718314 -0.11247035
v -0.43613567 0.01267181 -0.01679792
v -0.39820989 0.00569408 -0.12810296
v -0.44348982 0.01474106 0.01788921
v -0.37301205 0.00240241 -0.06181299
v -0.38048220 0.00276220 -0.01693680
v -0.39059238 0.00337266 0.03243861
v -0.35066348 0.00116876 -0.07350141
v -0.34814533 0.00126250 -0.12891718
v -0.40367620 0.00716517 -0.20474404
v -0.34921234 0.00119813 -0.14775647
v -0.30354005 0.00020298 -0.09295532
v -0.14075273 0.00053732 -0.06411313
v -0.17105788 0.00007051 0.01635049
v -0.15390438 0.00023636 -0.00018128
v -0.42841512 0.00887260 0.04749628
v -0.41516604 0.00623166 0.08187100
v -0.37150255 0.00174843 0.04351704
v -0.30631112 0.00016168 -0.03325203
v -0.28377030 0.00007864 0.01906637
v -0.32486101 0.00039809 0.07914061
v -0.28310979 0.00011989 0.11921542
v -0.26114840 0.00006640 0.07314870
v -0.38129118 0.00229876 0.06594686
v -0.35519750 0.00114719 0.06211886
v -0.34754739 0.00090616 0.07996447
v -0.31334271 0.00023112 0.05603061
v -0.34681866 0.00089128 -0.00489601
v -0.33702680 0.00061565 0.00040724
v -0.32670946 0.00039405 0.01512858
v -0.37820598 0.00273659 0.18042929
v -0.20925680 0.00006830 0.15840290
v -0.22495888 0.00007031 0.13761079
v -0.23755545 0.00007709 0.21220732
v -0.17643958 0.00013507 0.20346796
v -0.23933167 0.00006774 0.07581502
v -0.30228850 0.00013663 -0.00342420
v -0.32371746 0.00037646 -0.06008576
v -0.17004362 0.00015667 0.11352332
v -0.14808983 0.00030504 0.10791175
v -0.22753103 0.00003109 0.01479481
v 0.04094815 0.08555291 -0.06235314
v 0.04968567 0.07892927 -0.26608015
v 0.05686067 0.08714924 -0.18657976
v 0.04761519 0.08191422 -0.17371191
v 0.06083053 0.08735258 -0.30415869
v 0.11674673 0.02706822 -0.55596195
v 0.04130600 0.05686280 -0.20360570
v 0.02407194 0.07054670 -0.02161066
v 0.04596419 0.06123104 -0.32043131
v -0.28737964 0.24384818 0.11559259
v -0.30078339 0.23601004 0.12229397
v -0.33888036 0.25597368 -0.02313813
v -0.32772162 0.24179880 0.05490810
v -0.35915646 0.20691277 0.06239346
v -0.34028439 0.20361295 0.14671975
v -0.34505595 0.19107644 0.17047794
v -0.31650122 0.26517377 0.01253120
v -0.32082701 0.23623319 0.08718178
v -0.28447179 0.19182082 0.24139564
v -0.33818736 0.08693239 -0.00488895
v -0.35344011 0.08927896 0.05008770
v -0.39565646 0.12761228 0.01279668
v -0.38326307 0.17683449 -0.02239654
v -0.39765760 0.11230341 -0.00901999
v -0.39655921 0.11901552 0.06626149
v -0.39434758 0.11584892 0.13622878
v -0.39652525 0.09697027 -0.08821823
v -0.38143926 0.10046862 -0.08688564
v -0.39368725 0.09781734 -0.16981955
v -0.37969952 0.09864094 0.00153640
v -0.38392601 0.09891276 0.22677038
v -0.32005577 0.16973973 0.28183645
v -0.34541063 0.08808735 0.13038307
v -0.36104821 0.09149277 0.03343526
v -0.34084612 0.08752306 0.09829793
v -0.35188055 0.08928145 0.14971819
v -0.37192623 0.09511218 0.10348372
v -0.12037060 0.00237580 0.28405450
v -0.06653570 0.00672396 -0.00180908
v -0.03887518 0.01404589 0.01134886
v -0.02914289 0.02147670 0.02854884
v -0.05061503 0.00808529 0.18351060
v -0.03865862 0.01096439 0.11562528
v -0.03994850 0.01108400 0.15428460
v -0.02847998 0.01545623 0.15243796
v -0.03752046 0.01355434 0.24418250
v -0.05985031 0.00939935 -0.06967351
v -0.04942333 0.00908306 0.03600797
v -0.09547110 0.00287540 0.19014180
v -0.08206120 0.00408440 0.18097820
v -0.10401957 0.00349069 -0.22913676
v -0.04805809 0.01193246 0.28729859
v -0.10889744 0.00182758 0.12847735
v -0.11530692 0.00138768 0.17709113
v 0.37518140 0.23571450 -0.00774190
v 0.37403902 0.20809535 -0.05883367
v 0.40277696 0.15638598 -0.09397290
v 0.39111093 0.20233295 0.04786693
v 0.38837596 0.19842585 0.10738496
v 0.35779737 0.26202825 -0.01855096
v 0.20359354 0.00030056 -0.42043688
v 0.22884180 0.00020906 -0.40462626
v 0.24210072 0.00020907 -0.39901574
v 0.18184347 0.00067613 -0.43573389
v 0.19317098 0.00144608 -0.46993564
v 0.13005587 0.00246037 -0.44107402
v 0.18560228 0.00011641 -0.35374163
v 0.22080176 0.00007917 -0.30324463
v 0.23445986 0.00008518 -0.28432603
v 0.19696537 0.00006805 -0.26342167
v 0.22966046 0.00007507 -0.26959058
v 0.25258187 0.00009032 -0.30427612
v 0.25683842 0.00018531 -0.38666084
v 0.17536360 0.00014082 -0.27005939
v 0.15667396 0.00029054 -0.21061493
v 0.17298664 0.00011757 -0.20367841
v 0.19924931 0.00006413 -0.25400037
v 0.23393440 0.00004854 -0.22980280
v 0.15931342 0.00031520 -0.26270624
v 0.11181334 0.00266763 -0.31507764
v 0.13096070 0.00144980 -0.32687640
v 0.16241060 0.00032769 -0.31813475
v 0.28774762 0.00010348 -0.16065535
v 0.31664710 0.00044520 -0.16144580
v 0.28621515 0.00010326 -0.22295294
v 0.36568680 0.00421105 -0.37502467
v 0.32606304 0.00090072 -0.28592776
v 0.30762232 0.00042613 -0.32312430
v 0.32603880 0.00169800 -0.40588140
v 0.36754550 0.00411380 -0.33896410
v 0.23861401 0.00001049 -0.04349607
v 0.14624790 0.00028473 -0.09065583
v 0.13385607 0.00068921 -0.13045463
v 0.16509702 0.00018197 -0.10204796
v 0.20103196 0.00003158 -0.09866207
v 0.28706566 0.00010906 -0.09639841
v 0.23598449 0.00005620 -0.11074582
v 0.27369450 0.00009450 -0.12469530
v 0.19800479 0.00004096 -0.14725740
v 0.28963444 0.00012227 -0.10503402
v 0.34863269 0.00119837 -0.07137303
v 0.37629592 0.00302177 -0.07837867
v -0.32077423 0.10525789 -0.51162463
v -0.28690292 0.10364842 -0.52146132
v -0.20956260 0.10281220 -0.53754882
v -0.37574740 0.10311140 -0.31813520
v -0.36676264 0.09619882 -0.17958501
v -0.38263889 0.10162709 -0.36771509
v 0.01888029 0.01845345 0.19300461
v 0.07946495 0.00414306 0.22076136
v 0.07774806 0.00387284 0.17400305
v 0.27779030 0.00041070 0.25398450
v 0.21720236 0.00294263 0.34959952
v 0.20155740 0.00926870 0.40303970
v 0.23171741 0.00096229 0.30170672
v 0.09772989 0.00232364 0.03143905
v 0.21666810 0.00014965 0.25145923
v 0.16333122 0.00021925 0.21788970
v 0.15009065 0.00058032 0.24807597
v 0.11363891 0.00144384 0.20327572
v 0.08748573 0.00308888 0.13690610
v 0.08718668 0.00317218 0.04031413
v 0.11431302 0.00130493 0.12759513
v -0.08509691 0.16498544 -0.01323341
v -0.07574584 0.10770640 0.12951316
v -0.07737243 0.11294608 0.02435920
v -0.07591068 0.11061439 0.08510474
v -0.11405647 0.19373769 0.14644308
v -0.07774653 0.12304299 0.14288933
v -0.09059759 0.16156125 0.12837570
v -0.09089160 0.16510100 0.11052690
v -0.10185113 0.21368603 -0.00063246
v -0.11247916 0.22158188 0.03906142
v -0.04352389 0.01538886 -0.05678192
v -0.01785722 0.04132944 0.08481874
v -0.01447205 0.06240441 0.09792005
v -0.05516459 0.01457315 -0.17225726
v -0.05855254 0.01487772 -0.23226611
v -0.09024907 0.00612836 -0.30189718
v -0.03525450 0.06499043 -0.09678525
v -0.03794713 0.08073367 -0.06359355
v -0.04405698 0.06711333 -0.19495451
v -0.03928870 0.02935152 -0.09711752
v -0.04178521 0.05489832 -0.16674939
v -0.02202960 0.07724122 0.03610744
v -0.08920123 0.00623107 -0.32456304
v -0.04953233 0.02877847 -0.21342893
v -0.07492409 0.01042024 -0.41209872
v -0.05356839 0.03764996 -0.38074780
v -0.24077829 0.06825887 -0.58560236
v -0.12474184 0.00535234 -0.48929651
v 0.29815198 0.25105270 0.17174995
v 0.19810769 0.19017408 0.29112072
v 0.34757651 0.15266807 0.27729634
v 0.32348912 0.18645072 0.28286046
v 0.35152580 0.24444340 0.08549900
v 0.31236353 0.25197790 0.14992220
v -0.41101642 0.08796764 -0.27236420
v -0.39852574 0.09476674 -0.12037665
v -0.39106519 0.08604690 -0.39773387
v -0.43536790 0.05592320 -0.19406280
v -0.43911614 0.06724752 -0.14817213
v -0.44880664 0.08512360 0.09338283
v -0.41688515 0.08488014 -0.31929705
v -0.44317086 0.08154376 -0.03538872
v -0.42888044 0.08104196 -0.18752112
v -0.42441257 0.08352486 -0.22581612
v -0.44142626 0.07340033 -0.10416345
v -0.43531367 0.08237022 -0.10146033
v -0.42906857 0.05764469 -0.31005662
v 0.19359242 0.08848520 0.41821535
v 0.16054464 0.08693145 0.41564370
v 0.36728896 0.20805624 0.17202378
v 0.22074960 0.27612810 0.05899470
v 0.24208284 0.23205831 0.16982829
v 0.26173981 0.24924755 0.11786750
v 0.09947752 0.18958196 0.10888671
v 0.10095635 0.20235727 0.06428375
v 0.09434839 0.19713779 0.03603565
v 0.12429315 0.22484212 0.09278246
v 0.11379256 0.19606508 0.15240713
v 0.11936067 0.19562481 0.17172836
v 0.09368791 0.15957944 0.18687401
v 0.16127399 0.20077081 0.22222614
v 0.08336664 0.11837613 0.24479404
v 0.15986345 0.26698554 0.04444222
v 0.14031116 0.23979804 0.08752720
v 0.15711134 0.25402984 0.07592580
v 0.33811861 0.08751153 -0.02405077
v 0.36576392 0.09780038 -0.19364022
v 0.33205303 0.08830519 0.27641832
v 0.36312973 0.09801124 0.25188733
v 0.31750441 0.08657562 0.25350339
v 0.34198294 0.08808738 0.08321099
v 0.34073895 0.08766857 0.13838344
v 0.19906189 0.30024281 0.06593053
v 0.15315969 0.28931371 0.05864263
v 0.13564727 0.28142393 0.05146197
v 0.14118728 0.26834196 0.09954129
v 0.19827228 0.30982038 0.03886047
v 0.12879855 0.21687876 0.23658401
v 0.23806670 0.24550460 0.21837232
v 0.20339737 0.29283806 0.08927152
v 0.20525654 0.26130566 0.17508398
v 0.19408688 0.26782291 0.15323087
v 0.25751777 0.26837160 0.15163819
v 0.24838658 0.28173068 0.11914951
v 0.15276489 0.26639842 0.12349080
v 0.19361177 0.27967861 0.12097492
v 0.11475063 0.22416437 0.18538749
v 0.07672432 0.20756724 0.07931616
v 0.07575327 0.20889204 0.05730904
v 0.10436880 0.23556000 0.11399870
v 0.05533074 0.09649184 -0.08217711
v 0.05758699 0.14992503 -0.05109986
v 0.06231694 0.17629480 0.05917562
v 0.06931750 0.20669873 -0.05383108
v 0.05841152 0.16441367 0.05306814
v 0.05646496 0.15329562 0.00179363
v 0.05999157 0.16680450 -0.02683012
v 0.06299880 0.17378440 0.10682440
v 0.07661499 0.20291186 0.09902110
v 0.05612344 0.15196885 0.14399638
v 0.05389766 0.14765214 0.09420635
v 0.34164538 0.08849186 -0.18839990
v 0.33229647 0.08713625 -0.15441821
v 0.32612019 0.08650600 -0.03561472
v 0.33036828 0.08681185 -0.05790152
v 0.34945765 0.08974422 -0.11173403
v 0.35414166 0.09443322 -0.30439275
v 0.12880324 0.08783246 0.02832117
v 0.15260310 0.08642569 0.02818021
v 0.20468673 0.08643650 0.08718264
v 0.15796502 0.08643588 0.12268378
v 0.13661090 0.08664174 0.11297722
v 0.22787328 0.08645386 0.12580390
v 0.22777813 0.08642949 0.16791508
v 0.30600663 0.08634814 0.14163448
v 0.31999185 0.08644782 0.06767525
v 0.20623964 0.08640525 -0.12413644
v 0.23301780 0.08641240 -0.12984710
v 0.22005024 0.08644626 0.00613618
v 0.13737823 0.08688390 -0.01930147
v 0.17275463 0.08637924 -0.03777362
v 0.16480912 0.08640381 0.01075166
v 0.18986270 0.08641590 -0.12466610
v 0.20546093 0.08639502 -0.08091981
v 0.20392751 0.08638094 -0.04415193
v 0.14151025 0.08699283 -0.13407010
v 0.32458992 0.08657000 -0.12688538
v 0.30063949 0.08631213 -0.04806483
v 0.31151177 0.08637369 0.04178350
v 0.27195069 0.08634389 -0.02422253
v 0.28922384 0.08635175 -0.09356012
v 0.29875124 0.08635230 -0.12529862
v 0.39456136 0.09771781 -0.11678171
v 0.38158151 0.10008298 -0.04692657
v 0.37077302 0.16454750 0.14005352
v 0.37360945 0.09867520 0.20664900
v 0.32580437 0.19650113 0.19211220
v -0.25050232 0.26595014 0.08126284
v -0.19158001 0.25943933 0.09373793
v -0.23001921 0.25297231 0.11879120
v -0.21258934 0.26125101 0.09611308
v -0.20266557 0.29211673 0.01641831
v -0.14391286 0.23152704 0.11082897
v -0.13214012 0.20913636 0.15125292
v -0.17147215 0.24286510 0.12031778
v -0.14057340 0.21170670 0.16106900
v 0.38329380 0.03575270 -0.50903530
v 0.23494768 0.01192496 -0.56872769
v 0.24513640 0.00494449 -0.52130117
v 0.38020443 0.00683318 -0.41665367
v -0.32257094 0.08642888 -0.16705016
v -0.27290793 0.08643161 -0.10620004
v -0.32929616 0.08704785 -0.33773270
v -0.24293982 0.08636505 -0.22919251
v -0.27183251 0.08638582 -0.23760483
v -0.22379260 0.08638630 -0.17954980
v -0.21183930 0.08640460 -0.11633211
v -0.22853755 0.08639349 -0.14555498
v -0.33091442 0.08681851 -0.21090515
v -0.13304540 0.08937733 -0.37372716
v -0.15544583 0.08670727 -0.36611053
v -0.16995190 0.08644452 -0.37824995
v -0.22460994 0.08636935 -0.33987773
v -0.18298456 0.08644095 -0.40693055
v -0.26107964 0.08665800 -0.46420980
v -0.21982840 0.08638064 -0.39406727
v -0.27324285 0.08635974 -0.37044501
v -0.23871448 0.08719613 -0.46651337
v -0.14638732 0.08700790 -0.18835940
v -0.15766730 0.08655368 -0.26415421
v -0.16677415 0.08645536 -0.14893801
v -0.26070930 0.08639183 -0.32212389
v -0.35148170 0.09038428 -0.25311529
v -0.36112410 0.09359700 -0.18748420
v -0.31490850 0.08644283 -0.35599686
v -0.32052819 0.08644041 -0.31435544
v -0.30270262 0.08632799 -0.33749740
v 0.32081399 0.24184976 0.06265991
v 0.31146578 0.23584466 0.10271638
v 0.26894842 0.26786294 0.06316142
v 0.39392890 0.09508220 0.05274430
v 0.34884989 0.19797097 0.12467265
v 0.35245085 0.22097662 0.02374955
v 0.37989395 0.17129576 0.01813371
v 0.38529919 0.15326993 0.04500473
v 0.38872729 0.15024292 -0.05248753
v 0.39069060 0.13325280 0.03679130
v 0.39403733 0.11278962 0.01086347
v 0.39317026 0.10714401 0.11588559
v 0.36251730 0.10098350 -0.36712680
v 0.15888646 0.08782933 -0.56331217
v 0.17930870 0.08813220 -0.56193110
v 0.38665609 0.08581132 -0.40447847
v 0.39451174 0.08602765 -0.25718308
v 0.05982713 0.01437118 -0.35604959
v 0.05134787 0.01741632 -0.23808679
v 0.05187320 0.02001090 -0.27190760
v 0.08723389 0.00536723 -0.24096868
v 0.09059762 0.00563178 -0.35586077
v 0.03410656 0.04795024 -0.12429500
v 0.04347401 0.02440332 -0.16118448
v 0.07493087 0.09508358 0.02020759
v 0.07835515 0.09695564 -0.07126599
v 0.11582914 0.09201179 -0.11707191
v 0.10764937 0.09629639 -0.17169109
v 0.10876278 0.09260675 0.04229034
v 0.09280137 0.10105139 -0.09088434
v 0.10726180 0.09576570 -0.12323270
v 0.11720804 0.10232824 -0.49331835
v 0.07470582 0.09108012 -0.12541796
v 0.10288880 0.09990409 -0.22832440
v 0.10570500 0.10020865 -0.29586728
v 0.10123307 0.10262069 -0.36494323
v 0.07178151 0.08554979 -0.13024592
v 0.29026389 0.10306274 -0.51391708
v 0.03042455 0.08571127 0.03039405
v 0.02504040 0.08628134 0.17588876
v 0.05179970 0.10069580 -0.01570050
v 0.05054484 0.11577209 0.02173358
v 0.04698779 0.08625412 -0.09358150
v 0.04608262 0.10259817 0.08530985
v 0.03465668 0.08853147 0.21319085
v 0.04059782 0.08292554 0.31021129
v 0.02291079 0.08428313 0.22140661
v 0.10098970 0.25928050 0.01433300
v 0.11035298 0.26508549 0.03583238
v 0.10091066 0.21264990 0.02325230
v 0.05381103 0.00703970 0.02653878
v 0.11513256 0.00131953 -0.01629297
v 0.19966767 0.00005543 0.07399004
v 0.22472782 0.00005362 0.09621086
v 0.26824247 0.00008566 0.07907291
v 0.25221126 0.00007031 0.10043680
v 0.27861620 0.00008200 0.16265200
v 0.31459158 0.00024555 0.12808577
v 0.25619882 0.00005584 0.18487449
v 0.24895505 0.00001657 -0.04261070
v 0.20645242 -0.00000714 -0.00342947
v 0.17238804 0.00011489 0.05808302
v 0.13017261 0.00073938 -0.01049652
v 0.19946518 0.00003994 0.20723817
v 0.14934569 0.00026737 0.05774366
v 0.17410271 0.00012317 0.14417082
v 0.15252437 0.00025837 -0.09963594
v 0.33438119 0.00060480 0.06913120
v 0.31636018 0.00033984 0.15805699
v 0.32423226 0.00032560 0.09581792
v 0.30742924 0.00019947 0.14428576
v 0.07146619 0.09494355 0.13353231
v 0.08729504 0.17258549 0.06986919
v 0.09084765 0.16964848 0.12441575
v 0.07992763 0.14923789 0.09227687
v 0.07406673 0.11713615 0.03203762
v 0.07706140 0.14044800 0.01238300
v 0.11764576 0.08910833 0.13532890
v 0.13888140 0.08684400 0.14839740
v 0.14534359 0.08660254 0.19582670
v 0.16305244 0.08641568 0.21266345
v 0.18584231 0.08640944 0.22647160
v 0.25234631 0.08636642 0.26474296
v 0.12624198 0.08777302 0.24992398
v 0.15576387 0.08640159 0.25435753
v 0.30889464 0.08636442 0.21371096
v 0.18051406 0.08873362 0.33213337
v 0.07888898 0.09765307 0.24558059
v -0.09156155 0.09869692 0.13861862
v -0.07566818 0.09501365 0.11400349
v -0.07650855 0.09480666 0.09771829
v -0.07585516 0.09505206 0.15626872
v -0.10494346 0.10263738 -0.33291151
v -0.10833954 0.09997701 -0.25769135
v -0.07726420 0.09494560 0.06874950
v -0.07626200 0.09520630 0.09032420
v -0.07632310 0.09496510 0.09161860
v -0.07749220 0.09513890 0.04822250
v -0.07969530 0.09613010 -0.01139250
v -0.08867413 0.10016335 -0.13184066
v -0.09878964 0.10133132 -0.14508229
v -0.09813279 0.09861378 -0.01666892
v -0.11343077 0.09374487 -0.07178050
v -0.08419268 0.08595950 -0.34754163
v -0.10627170 0.10336068 -0.46032959
v 0.02744142 0.01361928 0.11747971
v 0.02775637 0.01488997 0.07414753
v 0.01724477 0.02556980 0.09786524
v 0.06607330 0.00992333 -0.22061954
v 0.04239833 0.01292439 -0.05600292
v 0.06043490 0.00747984 -0.04515161
v 0.06783261 0.00791286 -0.14430047
v 0.08160210 0.00570754 -0.17384781
v 0.05688976 0.00930605 -0.11854444
v -0.40726884 0.01048890 -0.36283816
v -0.41955590 0.01340160 -0.21610720
v -0.39916877 0.00782652 -0.29581867
v -0.43028972 0.01835887 -0.16530874
v -0.36779091 0.00446384 -0.40270573
v -0.43497952 0.05869583 -0.21271168
v -0.42005817 0.02609919 -0.40192731
v -0.44122291 0.02756636 -0.08966981
v -0.43353226 0.03674424 -0.19372103
v -0.44264872 0.04056075 -0.10103378
v -0.44662996 0.02385642 -0.01822340
v -0.10384147 0.08536220 0.36285767
v -0.21389110 0.08832870 0.41720380
v -0.05751619 0.08997945 0.28776446
v -0.09355941 0.09846332 0.23914203
v -0.19741898 0.08611974 0.40076525
v -0.28661013 0.08089795 0.42391152
v -0.25138461 0.09164587 0.34373829
v -0.23345140 0.09972540 0.38917440
v -0.20795315 0.10177028 0.37736075
v -0.11475293 0.10066071 0.35415954
v -0.20180240 0.09139880 0.34399100
v -0.32475044 0.08652357 0.14814277
v -0.31444015 0.08638189 0.12927009
v -0.30266908 0.08637044 0.12492459
v -0.34334889 0.08720321 0.18446230
v -0.22337842 0.25129774 0.20428070
v -0.26736479 0.25523014 0.18600106
v -0.17434063 0.22502819 0.25717547
v -0.17633101 0.25142017 0.18544305
v -0.08692892 0.15765407 0.28222675
v -0.40975424 0.16578464 -0.08767468
v -0.41236065 0.16280834 -0.01434123
v -0.40500640 0.18455670 -0.04091140
v -0.41488766 0.15430929 -0.00025248
v -0.42776559 0.09078119 0.06867182
v -0.42080770 0.13390635 0.09292832
v -0.41589099 0.14130031 -0.07695646
v -0.40532827 0.11316544 -0.11669920
v 0.01060991 0.06496126 0.10781208
v 0.26051891 0.29128908 0.08691849
v 0.29843489 0.27917668 0.08945656
v -0.12231790 0.16145907 0.28597770
v -0.19064070 0.17784333 0.28625014
v -0.13526940 0.27998260 0.04656630
v -0.14304081 0.27565786 0.07680592
v -0.12227883 0.24215962 0.13446748
v -0.14086783 0.24974197 0.14850181
v -0.41103952 0.03009306 -0.46320791
v -0.16424217 0.00040982 -0.36848896
v -0.17668958 0.00050394 -0.40942765
v -0.14099576 0.00106003 -0.32327275
v -0.19941301 0.00009212 -0.27607825
v -0.15659834 0.00048314 -0.29240438
v -0.12649960 0.00186700 -0.30664960
v -0.12006906 0.00241601 -0.33785555
v -0.13623558 0.00165644 -0.40785570
v -0.19603582 0.27495703 0.13320352
v -0.18167988 0.30291669 0.04466483
v -0.22581640 0.29402344 0.08842415
v -0.25916935 0.27243555 0.14176998
v -0.13070648 0.08756123 0.01052644
v -0.15194201 0.08664998 0.02384300
v -0.20744469 0.08641744 -0.01035054
v -0.17082623 0.08645334 0.01402900
v -0.24171338 0.08636333 -0.01882560
v -0.22983587 0.08640202 -0.07631847
v -0.12490668 0.08806233 0.19483888
v -0.14332309 0.08667535 0.20532704
v -0.14424111 0.08676335 0.09507892
v -0.13700040 0.08719210 0.17122270
v -0.13292556 0.08761385 0.10154176
v -0.39319409 0.20918051 0.01265230
v -0.39021521 0.19733087 0.12573905
v -0.29542501 0.00047563 -0.38452498
v -0.26011079 0.00028450 -0.40194391
v -0.30069139 0.00031185 -0.30893263
v -0.20958692 0.00066216 -0.44372807
v -0.22113364 0.17860344 0.27432332
v -0.27791293 0.00010777 -0.20720102
v -0.32721379 0.00050228 -0.17835160
v -0.26560926 0.00006285 -0.18911866
v -0.27897661 0.00010938 -0.14205927
v -0.25181628 0.00008051 -0.14127284
v -0.30849326 0.00030100 -0.21707843
v -0.27404948 0.24052677 0.13573082
v -0.17462752 0.00012042 -0.14844111
v -0.22183200 0.00007300 -0.15218620
v -0.23657214 0.00004694 -0.18086194
v -0.21735623 0.00007739 -0.21725335
v -0.19029010 0.00009880 -0.09804580
v -0.23134469 0.08639667 0.29468155
v -0.21488188 0.08645328 0.22576800
v -0.23647334 0.08756005 0.32473849
v -0.27259929 0.08641115 0.23193739
v -0.17277315 0.00006954 -0.03698516
v -0.16549879 0.00010563 -0.05561539
v -0.13488230 0.00101780 -0.16014585
v -0.14446589 0.00063747 -0.18165231
v -0.39371975 0.17560447 0.19030178
v -0.37465136 0.19735606 0.19869394
v -0.36329604 0.21449805 0.17409724
v -0.33221940 0.26579870 0.07457170
v -0.34075060 0.24976970 0.10969430
v -0.34684779 0.24913858 0.09677998
v -0.34085146 0.08707508 -0.03995706
v -0.36125901 0.09199443 -0.05395785
v -0.19917014 0.00008619 -0.23964294
v -0.19677727 0.00004564 -0.17381396
v -0.16800290 0.00017800 -0.17024200
v -0.34028938 0.27319408 0.02713280
v -0.25785275 0.00016717 -0.37013357
v -0.35436269 0.22962878 0.14542385
v -0.29349079 0.27959717 0.09698286
v -0.31123399 0.25215721 0.15652922
v -0.27156780 0.26275010 0.16185200
v -0.28572116 0.23253433 0.23594315
v -0.36837404 0.23084439 0.09036754
v -0.24270090 0.08641025 0.08685617
v -0.26467719 0.08642795 0.11602373
v -0.28161486 0.08637719 0.02620037
v -0.19328219 0.08641116 0.16711037
v -0.15063721 0.08651759 0.17677562
v -0.20982088 0.08644370 0.12792369
v -0.24141544 0.08637434 0.18808113
v -0.26819001 0.08642162 0.16600112
v -0.28108978 0.08640261 0.14362727
v -0.27200006 0.08642473 0.13333662
v -0.23681352 0.08638774 0.20566636
v -0.26240734 0.08642091 0.12544186
v -0.22291200 0.00008928 -0.11313531
v -0.17442558 0.00010195 -0.07024008
v -0.13402163 0.08746565 0.25876396
v -0.15478489 0.08648833 0.12901206
v -0.33107281 0.27847767 0.03439124
v -0.20852544 0.08643213 0.07666608
v -0.14467325 0.08667437 0.04379806
v -0.23834334 0.08640780 0.00902723
v -0.31665624 0.24093622 0.18418279
v -0.34374119 0.21241091 0.22847232
v -0.20614181 0.00021193 -0.39964405
v -0.20581093 0.00008072 -0.32375928
v -0.20682801 0.00723167 -0.54194001
v 0.44199241 0.07119505 -0.06949584
v 0.44794988 0.01719601 0.08659824
v 0.43049868 0.04180247 -0.18785179
v 0.44590078 0.05521427 -0.04945441
v 0.42086822 0.02577360 -0.32180910
v 0.42584436 0.06754380 -0.30266805
v 0.35331414 0.01576116 0.38595968
v 0.40439994 0.01763669 0.32620221
v 0.43881850 0.08806228 0.12744147
v 0.42149695 0.09055684 0.01712802
v 0.42217289 0.07869579 -0.27440189
v 0.41395383 0.08914442 -0.11598059
v 0.40923457 0.08839910 -0.18555213
v 0.38555148 0.00585048 -0.26893801
v 0.34151950 0.08909120 -0.25178760
v 0.31544808 0.08659013 -0.37521430
v 0.27105846 0.08636183 -0.42051641
v 0.30666100 0.08636600 -0.31775650
v 0.27134550 0.08637106 -0.34105324
v 0.24732863 0.08640353 -0.19599701
v 0.29555917 0.10206991 -0.52679211
v -0.06566145 0.08831212 -0.16946055
v -0.13400313 0.29048721 -0.00349259
v -0.05192251 0.09133716 0.03350784
v -0.05575545 0.09668747 -0.03428519
v -0.04890890 0.08578614 -0.09395271
v -0.06015503 0.13873489 0.21367021
v -0.06287670 0.15661980 0.16446950
v -0.06006229 0.15537279 0.04924713
v -0.20780471 0.00187235 0.32840001
v -0.44092722 0.05047824 0.27408183
v -0.34060503 0.00087600 -0.10333725
v -0.37835897 0.00242525 -0.04664912
v -0.40708184 0.00608551 -0.03904660
v -0.35242919 0.00160885 -0.19116281
v -0.14667014 0.00038161 0.06401685
v -0.30659671 0.00018979 0.10555884
v -0.31323060 0.00028341 0.14078510
v -0.18740701 0.00008495 0.15985787
v -0.17617696 0.00012774 0.17853040
v -0.20935973 0.00006057 0.11273467
v -0.20177825 0.00004973 0.06849356
v 0.08015985 0.08785471 -0.43507065
v -0.32408594 0.22764577 0.10726264
v -0.31240641 0.24620007 0.07341989
v -0.37044521 0.20056783 0.01045706
v -0.38792831 0.15403484 0.05343906
v -0.38370610 0.22119570 -0.05592880
v -0.38702297 0.10147717 -0.26365918
v -0.04808243 0.01131966 -0.02463504
v -0.03957614 0.01160865 0.06506927
v -0.08241747 0.00359889 0.13887118
v -0.08157516 0.00710759 -0.21343857
v -0.15064250 0.05835290 0.42955934
v -0.08824562 0.00321531 0.12018910
v 0.39309908 0.09708840 -0.08486940
v 0.17092414 0.00207085 -0.47656396
v 0.22956383 0.00186797 -0.47952076
v 0.26484700 0.00095820 -0.44522220
v 0.11610768 0.00243920 -0.39314075
v 0.18852523 0.00006560 -0.23402434
v 0.29167939 0.00015564 -0.24258070
v 0.28148922 0.00019642 -0.31907474
v 0.36701398 0.00315635 -0.21348027
v 0.30611163 0.00040117 -0.30281315
v 0.37269413 0.00345366 -0.18242061
v 0.35852081 0.00270137 -0.28126745
v 0.12263586 0.00102962 -0.04614706
v 0.13916999 0.00061877 -0.12282151
v 0.17325580 0.00012403 -0.13634630
v 0.19499357 0.00004054 -0.10903020
v 0.10630625 0.00233657 -0.13946788
v 0.33365416 0.00058393 -0.02086024
v 0.37711520 0.00252629 0.05509701
v 0.35595265 0.00141602 -0.02112370
v 0.34989382 0.00134201 -0.09219993
v 0.37004600 0.00229330 -0.02099700
v 0.37383903 0.00304011 -0.09658029
v -0.38157014 0.10277944 -0.29620222
v -0.37499471 0.10159789 -0.22979406
v 0.02950828 0.02834427 0.29534910
v 0.06228350 0.00575738 0.11471552
v 0.24855517 0.02038557 0.42970915
v -0.03320073 0.02967151 -0.04286687
v -0.02542756 0.07238598 -0.00898018
v -0.05281406 0.04371165 -0.35085247
v -0.05124544 0.02967919 -0.27211702
v -0.10718301 0.00373549 -0.36026877
v -0.09013907 0.01753983 -0.52403391
v -0.05827726 0.01677626 -0.31929606
v 0.26187262 0.17651209 0.28066658
v 0.32056317 0.24346369 0.16397136
v -0.42318332 0.09314156 -0.02640165
v -0.39466317 0.08620661 -0.33841697
v -0.41467790 0.08216420 -0.40780500
v -0.35110259 0.07912456 -0.54507978
v -0.33065700 0.06325550 -0.56152730
v -0.42556420 0.07866545 -0.27358460
v 0.39301489 0.17120908 0.19045789
v 0.28033744 0.17615351 0.26931667
v 0.17616244 0.17331894 0.27499149
v 0.35807320 0.09227597 -0.06306571
v 0.34754800 0.08923230 -0.04460610
v 0.33216520 0.08714690 0.10710060
v 0.11056855 0.09834606 0.36114372
v 0.17522085 0.29004368 0.08021703
v 0.17347634 0.26049179 0.16088755
v 0.09566380 0.23960590 0.06179350
v 0.33900342 0.08756998 0.03212518
v 0.26175013 0.08641585 0.10068407
v 0.12335804 0.08830647 0.10048700
v 0.11553796 0.09102696 -0.01907543
v 0.12548170 0.08836383 -0.03091576
v 0.09322185 0.09956009 -0.04940623
v 0.14563855 0.08654874 0.04652352
v 0.18541200 0.08638810 -0.01415500
v 0.19631120 0.08642198 0.02975221
v 0.13198539 0.08763065 -0.06440211
v 0.16281378 0.08644010 -0.09359018
v 0.27067208 0.08638926 0.00219580
v 0.24078144 0.08641453 -0.11052426
v 0.25029780 0.08642023 -0.07593633
v 0.31043105 0.08634715 -0.06009805
v 0.21674947 0.08642628 0.05445709
v 0.37891133 0.09883861 0.14368224
v -0.11724713 0.17086914 0.22365460
v 0.35277780 0.03941281 -0.54208113
v -0.18480844 0.08638028 -0.07117899
v -0.29995793 0.08632094 -0.25604603
v -0.21620292 0.08637983 -0.22932825
v -0.23694216 0.08636524 -0.18702641
v -0.23791121 0.08637563 -0.14721880
v -0.29404629 0.08636983 -0.28377967
v -0.16755587 0.08640551 -0.32024723
v -0.24080411 0.08637452 -0.36019830
v -0.20744045 0.08640494 -0.35432837
v -0.14692726 0.08698401 -0.19602736
v -0.12280312 0.09064046 -0.11246318
v -0.16295171 0.08642581 -0.20147648
v -0.16500419 0.08642256 -0.22065925
v -0.26931852 0.08641545 -0.28150925
v -0.15547889 0.08661754 -0.28715441
v -0.12673884 0.09133451 -0.28703011
v -0.14274674 0.08802083 -0.36883323
v 0.34794598 0.21772726 0.05681753
v 0.39377480 0.09510710 0.03958130
v 0.37986356 0.09803172 0.08239275
v 0.39239670 0.12521380 0.02797470
v 0.37766803 0.14928942 0.15231205
v 0.38194075 0.10129468 -0.28861175
v 0.09929015 0.00355896 -0.21595228
v 0.11250670 0.09497580 -0.21365730
v 0.09874658 0.10314602 -0.27650764
v 0.09212066 0.10094579 -0.36964361
v 0.09762441 0.10331238 -0.31094875
v 0.07408760 0.08445870 0.36621750
v 0.00993349 0.06665862 0.19359535
v 0.19357796 0.00007184 0.11887610
v 0.13491172 0.00048804 0.08798365
v 0.31872346 0.00030173 0.06027120
v 0.08440060 0.15899670 0.10569840
v 0.12860485 0.08760408 0.13749378
v 0.09358810 0.09703733 0.24164923
v 0.26234210 0.08640493 0.21018208
v 0.24020956 0.08640590 0.17259752
v 0.08416214 0.09873879 0.17910706
v -0.08284624 0.09739581 0.12838715
v -0.09549125 0.10078352 -0.35054418
v -0.07625990 0.09544800 0.08128980
v -0.07911074 0.11458100 -0.03953173
v -0.08122094 0.09681273 -0.05485370
v -0.09568403 0.10113949 -0.07737820
v -0.11005854 0.10008061 -0.29822834
v 0.04265106 0.00952188 0.09490132
v 0.04317025 0.01177968 -0.02218958
v 0.02373226 0.02315042 0.02197821
v 0.05661535 0.00712619 0.04312680
v 0.09188350 0.00336630 -0.06279770
v -0.42320916 0.02016362 -0.30434259
v -0.41940297 0.01512900 -0.29342405
v -0.39398950 0.00644635 -0.26191321
v -0.37303849 0.00467490 -0.38928147
v -0.16989526 0.10062720 0.38511485
v -0.25412390 0.08640650 0.21485187
v -0.31905005 0.08650589 0.23757228
v -0.41635266 0.15024969 0.08110235
v -0.17174257 0.08642138 -0.02240889
v -0.34743356 0.00266450 -0.40432912
v -0.15713327 0.08639759 0.25851723
v -0.11026840 0.00319130 -0.29529238
v -0.14064040 0.00086000 -0.20593280
v -0.12671490 0.00142800 -0.22702586
v -0.32888078 0.08660464 -0.08499429
v -0.35504051 0.09009529 -0.08726400
v -0.26158693 0.00006651 -0.22259870
v -0.32097116 0.00055223 -0.22304513
v -0.28469809 0.28754035 0.08219909
v -0.22766782 0.08644639 0.15145962
v -0.25451280 0.08639660 -0.01686510
v -0.26904791 0.08640898 -0.02635929
v -0.22978808 0.00009650 -0.31130626
v -0.20729564 0.00359205 -0.50687585
v 0.42871837 0.01087883 0.01775248
v 0.40570241 0.00619064 -0.01044977
v 0.42649180 0.05959015 -0.28026371
v 0.41106108 0.01315723 -0.30544762
v 0.41715724 0.01569224 -0.26710570
v 0.42238649 0.05107562 -0.36507227
v 0.41314333 0.11036748 -0.11303908
v 0.39224576 0.09465335 -0.18117260
v 0.35876041 0.00224347 0.22668786
v 0.41428037 0.14383269 0.02478900
v 0.39693050 0.00900868 -0.35328669
v 0.41289400 0.01495150 -0.34057280
v 0.37843323 0.00285633 -0.00260983
v 0.33822756 0.08848805 -0.30591446
v 0.21141044 0.08635775 -0.32503714
v 0.21170470 0.08638260 -0.39782550
v 0.12443966 0.09133806 -0.35726721
v 0.18605547 0.08640810 -0.17165201
v 0.14652041 0.08669798 -0.23793043
v 0.17285880 0.08638672 -0.23472235
v 0.20262358 0.08638886 -0.22438606
v 0.28140120 0.08639150 -0.27039490
v 0.26365440 0.08641410 -0.18915590
v 0.30254774 0.08634763 -0.25102751
v -0.08317924 0.08627227 -0.29396273
v -0.04748695 0.09028985 0.19374340
v -0.05684660 0.08028800 -0.30800170
v -0.06544440 0.16999080 0.11134380
v -0.07012859 0.18714768 0.05752814
v -0.28519055 0.00018736 0.21365593
v -0.45035506 0.01835833 0.06228438
v -0.44240369 0.01271522 0.12388295
v -0.36995401 0.00243159 -0.10436035
v -0.37129500 0.00212300 -0.02524320
v -0.40519594 0.00499267 0.01769940
v -0.34942642 0.00157390 -0.24409131
v -0.31654750 0.00041210 -0.15623760
v -0.30946075 0.00024472 -0.10682567
v -0.32022771 0.00076930 -0.32311645
v -0.16392747 0.00021949 -0.10714955
v -0.32619829 0.00045955 0.12784504
v -0.25739553 0.00006335 0.09769986
v -0.37724360 0.00315257 0.21748470
v -0.15293976 0.00033409 0.18593762
v -0.26135078 0.00007251 0.14819441
v -0.25367390 0.00006390 0.11652890
v -0.29485043 0.00011642 -0.04140348
v -0.32203163 0.00029273 -0.04448046
v -0.27908853 0.00010286 -0.07404602
v -0.18195524 0.00006379 -0.01525097
v -0.20516902 0.00003309 0.04871062
v -0.18414998 0.00005702 0.03455082
v -0.16575141 0.00014990 0.06840458
v 0.06226651 0.08455073 -0.42333481
v 0.03289515 0.07211544 -0.10698174
v 0.03754408 0.07329263 -0.12966995
v 0.06333978 0.08832491 -0.21899393
v 0.04306283 0.05928926 -0.24391764
v 0.02334115 0.04594204 -0.02224197
v 0.02098577 0.07334330 0.00349440
v 0.04949960 0.03355040 -0.30995940
v 0.04811698 0.03323596 -0.29199227
v -0.32738162 0.08657149 0.07788221
v -0.39789179 0.09491869 0.08778458
v -0.39813868 0.09511359 0.02724790
v -0.11704708 0.00217237 -0.18828821
v -0.07986923 0.00688449 -0.18725886
v -0.08210710 0.00557774 -0.13067372
v -0.06795590 0.00872270 -0.11792910
v -0.11852007 0.00135838 -0.00894121
v -0.09614356 0.00270755 0.08095242
v 0.34470643 0.26632045 0.02528033
v 0.14821155 0.00043841 -0.18114939
v 0.14018176 0.00087046 -0.27562235
v 0.31113076 0.00024290 -0.11714227
v 0.27159543 0.00007096 -0.19248642
v 0.28765009 0.00010394 -0.18126001
v 0.30851122 0.00040431 -0.28346895
v 0.25887465 0.00008174 -0.25689264
v 0.27242203 0.00012464 -0.27380225
v 0.35207087 0.00188522 -0.18715992
v 0.31776079 0.00054464 -0.24198384
v 0.36104480 0.00307301 -0.30768087
v 0.30073870 0.00080040 -0.40433530
v 0.25565594 0.00006994 -0.10917342
v 0.22605307 0.00003213 -0.17043355
v 0.18278796 0.00007207 -0.18097276
v 0.31942795 0.00022927 -0.03831538
v 0.35334302 0.00119300 0.05625610
v 0.19314099 0.00144216 0.31730067
v 0.12519139 0.00122984 0.24002545
v 0.13833620 0.00069760 0.22214810
v 0.13333819 0.00047963 0.15623651
v -0.08156287 0.14259885 0.08668730
v -0.12924916 0.00213158 -0.40157621
v -0.01988096 0.06700729 0.03009992
v -0.09476929 0.00560827 -0.36488977
v -0.05054700 0.04624360 -0.30401640
v -0.44796580 0.04402640 -0.04917890
v -0.44984137 0.08193303 0.03585966
v -0.44620917 0.08174902 -0.00003068
v -0.44421649 0.06364882 -0.09820817
v -0.42924997 0.06720519 -0.30512497
v 0.13452810 0.22980330 0.10337530
v 0.25760664 0.26314889 0.16619364
v 0.35152940 0.09068861 -0.13974454
v 0.13721884 0.08668551 0.05919230
v 0.32918903 0.08686745 0.16590561
v 0.27876155 0.08639918 0.06857068
v 0.09332837 0.09706438 0.11216144
v 0.13206788 0.08829763 -0.29280786
v 0.16426950 0.08640480 -0.05337970
v 0.20367794 0.08638882 -0.08143134
v 0.12753879 0.08824016 -0.09798161
v 0.24255290 0.08640392 0.03718693
v 0.14038697 0.08692140 -0.17633460
v 0.12116700 0.09058917 -0.16325433
v 0.22383671 0.08641985 -0.05803337
v 0.37299246 0.09943312 -0.11108626
v 0.37823914 0.10246093 -0.16520389
v 0.38188638 0.09826505 0.04591242
v 0.37209492 0.09740415 0.17428867
v -0.25604490 0.23861785 0.15063128
v -0.35015135 0.08944400 -0.16218657
v -0.34953252 0.08952577 -0.21116576
v -0.20936019 0.08641466 -0.19307884
v -0.14472567 0.08690128 -0.06413237
v -0.21486885 0.08637616 -0.32349027
v -0.21126161 0.08642166 -0.44481726
v -0.25858384 0.08637791 -0.36836694
v -0.22191181 0.08638769 -0.39876273
v -0.18818436 0.08694467 -0.46198071
v -0.31102807 0.08640570 -0.36878412
v 0.31041323 0.22943624 0.12150773
v 0.39396380 0.09502510 0.06628850
v 0.36565343 0.10256665 -0.37745484
v 0.37882894 0.10097898 -0.36999500
v 0.07220723 0.00964322 -0.34992400
v 0.11182310 0.00252810 -0.25254610
v 0.08984095 0.10217825 -0.23681324
v 0.10235275 0.10010121 -0.21206583
v 0.26170266 0.31232753 0.01662083
v 0.15203726 0.00022300 0.04259851
v 0.29205357 0.00010163 0.04789191
v 0.27933000 0.00009830 0.06298960
v 0.26310431 0.00008204 0.10682977
v 0.22508673 0.00000007 0.02086039
v 0.28892265 0.00003429 -0.04188933
v 0.21619050 0.00005170 0.21942680
v 0.31007133 0.00018917 0.04835130
v 0.07330612 0.09490896 0.07343137
v 0.07826360 0.16495043 -0.08057440
v 0.07196197 0.09665264 0.09088496
v 0.07391560 0.11826940 0.04695790
v 0.20796179 0.08644073 0.21146822
v 0.22057497 0.08646493 0.20722122
v 0.22391054 0.08635075 0.26512107
v 0.29170821 0.08635170 0.22870872
v 0.20849138 0.08685744 0.31250965
v -0.12125474 0.09270925 -0.20864954
v -0.07597280 0.09526560 0.09563190
v -0.07703280 0.09511310 0.06126980
v -0.09731806 0.10236590 -0.19654883
v -0.09633660 0.10225670 -0.22277310
v 0.02927869 0.01949313 -0.00372099
v 0.03895225 0.01796267 -0.08265955
v 0.10753993 0.00237508 -0.16089254
v -0.41913620 0.01695380 -0.36193628
v -0.36881256 0.00329859 -0.26828242
v -0.35630629 0.00225310 -0.29321788
v -0.34950260 0.00188226 -0.31733733
v -0.35100010 0.00218540 -0.32524560
v -0.33515447 0.08725757 0.19243707
v -0.41777940 0.13383324 -0.05299523
v -0.40155637 0.08763299 -0.20472941
v -0.20260474 0.19270581 0.29180220
v -0.17941088 0.00018640 -0.27775360
v -0.14569200 0.00082980 -0.28356300
v -0.17133290 0.08640740 -0.04099960
v -0.31776310 0.08633206 -0.05345076
v -0.13258759 0.08780545 -0.03567274
v -0.30622040 0.00055170 -0.34837860
v -0.25753227 0.00012023 -0.30786860
v -0.26629249 0.00012293 -0.28930463
v -0.20430776 0.00007589 -0.10673099
v -0.12006410 0.09259410 -0.17193350
v -0.20166220 0.08642251 0.20386326
v -0.24111194 0.08633715 0.27499187
v -0.19682504 0.00002679 -0.04504935
v -0.14950403 0.00051529 -0.22810608
v -0.37769279 0.09721584 0.04214068
v -0.17395490 0.00011111 -0.19258223
v -0.30002449 0.00027242 -0.26222523
v -0.36786445 0.23431933 0.07681170
v -0.26827310 0.08641783 0.03422405
v -0.24017250 0.08641220 0.15169960
v -0.23688212 0.00002973 -0.03879468
v -0.13749996 0.08671973 0.21251257
v -0.25879766 0.08641507 0.07523264
v -0.14051990 0.00074250 -0.11542330
v 0.43857392 0.01366204 0.19349890
v -0.41619155 0.01842505 0.31104545
v 0.05587006 0.02145821 -0.41005701
v -0.30160080 0.24980180 0.08029180
v -0.34635837 0.16769244 0.22470187
v 0.14713918 0.00032025 0.19362033
v 0.08799501 0.10036163 0.28737283
v 0.13466775 0.24506858 0.16153779
v 0.34168367 0.08887025 -0.28471264
v 0.30854588 0.08637085 0.06223003
v 0.30232487 0.08635557 -0.15774671
v 0.31704384 0.21323012 0.15801753
v -0.18109800 0.08640050 -0.25149610
v 0.37971599 0.10234719 -0.24109544
v 0.39540260 0.08805177 -0.40321780
v 0.39877575 0.08366571 -0.46704124
v 0.23556658 0.00005438 0.08783262
v -0.10532005 0.09912921 -0.49097562
v -0.43703350 0.05392050 -0.16454670
v -0.33301126 0.08682828 0.03794330
v -0.15233029 0.08567078 0.39270243
v -0.40572416 0.18152804 0.03016270
v -0.38698770 0.02709943 -0.50801576
v -0.25450236 0.31508295 0.02144812
v -0.35096884 0.26509826 0.01946328
v -0.22249496 0.08641277 0.05244075
v 0.44097623 0.07658134 -0.05478762
v 0.42597410 0.01864097 -0.17783929
v 0.40529177 0.08750567 -0.37531964
v 0.03592534 0.08128707 -0.06475651
v 0.06205331 0.08743331 -0.25879935
v 0.04533308 0.06586242 -0.28519589
v -0.35470556 0.22032801 0.03408766
v -0.34960070 0.09061893 0.23625173
v -0.03692330 0.01660500 -0.01164090
v -0.11687071 0.00171579 -0.09254470
v 0.09980133 0.00266864 -0.08547923
v 0.29248470 0.00024060 -0.29887600
v 0.27713750 0.00077660 0.27994360
v 0.26035037 0.00051614 0.27459889
v 0.19685595 0.00015935 0.24900905
v -0.43733474 0.08906669 0.09849863
v 0.14715753 0.25459434 0.05802803
v 0.11299231 0.25173343 0.08715601
v 0.09112730 0.24019650 0.03309880
v 0.11112251 0.24099003 0.11893417
v 0.04223854 0.09049387 0.12443907
v 0.13326839 0.08824563 -0.25610344
v 0.23862740 0.08643160 -0.08920520
v 0.23443856 0.08638319 -0.02267066
v 0.37190057 0.09688029 0.01196006
v -0.27581736 0.08640996 -0.15324370
v -0.32615345 0.08669734 -0.27863561
v -0.27223757 0.08638748 -0.17592434
v -0.13016299 0.08902726 -0.13759669
v 0.04887280 0.01674370 -0.17568300
v 0.08634048 0.09862433 0.09810633
v 0.27687649 0.00004879 0.00679392
v -0.09860618 0.09811868 0.01393646
v -0.09789185 0.09813847 -0.03520449
v -0.08625048 0.09899041 -0.04928575
v -0.24181595 0.26361007 0.17028401
v -0.38495911 0.21831406 0.04915300
v -0.28002658 0.26809007 0.05618157
v -0.19586276 0.08643793 0.21275114
v -0.12298920 0.00210160 -0.29107260
v -0.27307175 0.08645662 0.09021257
v 0.40783477 0.08805881 -0.26876905
v -0.06880820 0.08817306 -0.25750091
v 0.05079080 0.07613700 -0.32367240
v 0.05396808 0.09025995 -0.06084592
v 0.16066601 0.00015439 0.00641548
v -0.15780541 0.08836796 0.32661877
v -0.24309468 0.08636055 -0.05558735
v 0.41304600 0.01466990 -0.32469080
v 0.42290259 0.08101596 -0.23929055
v -0.37613580 0.00377960 -0.21109000
v -0.19403380 0.00008540 0.13462280
v -0.22370595 0.00005736 0.05525852
v 0.33988025 0.00113404 -0.16830703
v 0.20352079 0.00003526 -0.16246466
v -0.39823902 0.08590209 -0.26936413
v -0.18714480 0.00015870 -0.28619570
v -0.17803802 0.00011927 -0.19933187
v 0.41060083 0.01446756 -0.37082759
v -0.08003250 0.08592180 -0.22965660
v -0.09816312 0.25924592 -0.02006655
v -0.13829489 0.08812753 -0.54930928
v -0.46173590 0.06612066 0.14442230
v -0.36742483 0.12118267 0.26013696
v -0.36692857 0.14314983 0.27634188
v -0.37407060 0.09930841 0.23519559
v -0.02118243 0.02355625 0.15389737
v 0.34910822 0.00183021 -0.23432993
v -0.07766900 0.09755903 0.22090612
v -0.04669593 0.01730806 -0.11302482
v -0.42549674 0.09321135 -0.00677775
v 0.17496773 0.02464783 -0.57729648
v -0.21109180 0.08640420 -0.14242600
v 0.40607648 0.08672901 -0.41884109
v 0.36595252 0.10424283 -0.41834479
v 0.03178091 0.08356813 0.28334741
v -0.12932929 0.25126686 0.12126325
v -0.21538047 0.00004290 -0.00734882
v -0.28787370 0.08640710 0.09461260
v 0.36798816 0.00208971 0.15708728
v 0.41642627 0.09015892 -0.08482255
v -0.06771336 0.16415880 0.18874032
v -0.06483387 0.08514323 -0.39512174
v -0.36677310 0.00260730 -0.16114610
v -0.27758841 0.00008465 0.06539472
v -0.29492120 0.00011140 0.03096320
v -0.31964040 0.00041440 -0.11099330
v -0.11308618 0.00205187 -0.11198669
v -0.05641169 0.00738307 0.21751359
v -0.45328298 0.06256412 -0.01010825
v 0.34255124 0.24626551 0.10779347
v 0.17246082 0.25379528 0.09403502
v 0.19767397 0.08644979 0.09674129
v 0.25001655 0.08642424 0.13452698
v 0.20968050 0.08643965 0.12713253
v -0.22189210 0.08639450 -0.24409620
v 0.39337203 0.09567794 -0.00157166
v 0.09058188 0.10246946 -0.15566702
v 0.07408086 0.09263152 -0.12450754
v 0.14161242 0.00041018 0.13603547
v 0.23727286 0.08639539 0.23738764
v -0.21929774 0.27013866 0.15332900
v -0.17461025 0.25963983 0.16142714
v -0.16473287 0.00033003 -0.31091808
v -0.17664844 0.29313562 0.06917010
v -0.38832183 0.20204321 0.11744294
v -0.36830155 0.23786703 0.05951585
v -0.18513332 0.08643522 0.13025832
v 0.45539082 0.05988042 0.05031921
v -0.26451981 0.00004220 0.00806843
v -0.11593676 0.00141762 0.03105935
v 0.34421558 0.00173297 -0.26905487
v 0.11523868 0.00157093 -0.07794163
v 0.28638830 0.17308040 0.27948370
v 0.03927290 0.01159068 0.01969682
v -0.12450426 0.27340827 0.03924669
v 0.18892026 0.00012323 0.22233746
v -0.03465910 0.02173040 -0.02598720
v -0.06292851 0.01441549 -0.33954306
v -0.05062961 0.06375451 -0.32861973
v 0.40100331 0.08808757 -0.28574951
v 0.20928045 0.00000516 -0.04720630
v -0.09133807 0.09898780 0.05251405
v -0.40160383 0.19228941 0.00581704
v -0.13535164 0.00120456 -0.26707913
v -0.12810744 0.08863464 0.03988313
v 0.40048639 0.00491387 0.16256198
v 0.36088720 0.00388367 0.28227833
v -0.34895500 0.00315060 0.28649580
v -0.32820758 0.27240433 -0.02159149
v -0.08562662 0.17219601 -0.04856797
v 0.18620420 0.24088010 0.13875650
v 0.15802380 0.22818370 0.23795930
v 0.29686470 0.08637490 0.12994950
v 0.35508437 0.06995261 -0.54306626
v -0.30020213 0.08635430 -0.20404839
v 0.39141507 0.09540419 0.15194806
v 0.09510720 0.22792150 -0.04547950
v 0.14883350 0.00031970 0.13044810
v -0.34361839 0.18270054 0.28104183
v -0.20600722 0.24816128 0.20961968
v -0.16251732 0.20817154 0.28381272
v -0.24205812 0.28556182 0.11068755
v 0.22950267 0.08642190 -0.39707409
v 0.27023767 0.08640412 -0.26891759
v -0.45168871 0.02999970 0.00721014
v -0.22422274 0.00003882 0.02713213
v 0.06602478 0.01712680 -0.47948164
v -0.39539936 0.13238449 -0.02827691
v -0.06872280 0.00555620 0.15463690
v 0.19501780 0.00007420 -0.30557650
v -0.15504938 0.24810210 0.08566189
v -0.02302880 0.06734450 0.01228540
v -0.39697292 0.08742391 -0.29896654
v 0.16323771 0.08640342 -0.00195412
v 0.25956865 0.00009559 0.21717513
v 0.29080500 0.00019155 0.21390684
v -0.09066455 0.09778832 -0.29339254
v -0.42059900 0.12586300 0.14522030
v -0.28719379 0.00045894 -0.39302244
v 0.39321518 0.17618591 0.17097392
v -0.30319811 0.00021561 -0.14262340
v 0.28482456 0.23173306 0.14743785
v -0.16672702 0.08646798 -0.11113049
v 0.30539501 0.08634423 0.18166486
v -0.02507510 0.08325160 0.10716750
v -0.17552857 0.00015260 -0.10871417
v -0.38542570 0.00414580 -0.12912130
v 0.01335478 0.03768731 0.11564264
v 0.20240124 0.00046812 0.27742298
v -0.04986226 0.07526823 -0.23559041
v -0.41625113 0.08847037 -0.17270487
v 0.07527893 0.18752622 0.16573403
v -0.29779103 0.08642742 -0.41423764
v 0.12675229 0.08785653 0.26964994
v 0.40711939 0.00947648 -0.17860061
v 0.40342814 0.17444247 0.08248975
v 0.39191719 0.19102923 0.11443033
v 0.14603037 0.00068558 -0.29463637
v 0.31534345 0.00043819 -0.19281101
v 0.09369901 0.00296791 -0.03836822
v -0.03363267 0.08796081 0.17059124
v 0.04920112 0.12885935 0.13444387
v -0.30486732 0.08635976 -0.27892182
v 0.27497570 0.00008136 0.13056967
v 0.05884185 0.08867938 -0.12083930
v 0.36181550 0.00288200 -0.24261170
v 0.29398084 0.00006003 -0.00750760
v 0.42069523 0.01253485 -0.11847881
v -0.06412226 0.08640282 -0.32029434
v 0.01308613 0.04337076 0.08886808
v -0.05106084 0.11335167 0.18755615
v -0.30283260 0.04374360 -0.57150820
v 0.08154523 0.09478733 0.31177921
v 0.21234986 0.08643366 -0.10369579
v -0.10192062 0.10363062 -0.38691540
v -0.41571402 0.01693950 -0.42284221
v -0.25196780 0.24225570 0.22481840
v 0.38042250 0.23045820 -0.03025520
v 0.16035160 0.00389630 -0.49794100
v 0.22105430 0.00010707 -0.37042665
v 0.05081447 0.13521332 0.11026103
v 0.29488816 0.22088214 0.16632203
v 0.26044024 0.08677949 0.30624495
v 0.02952372 0.01245147 0.16538285
v -0.31265540 0.00035984 0.18725008
v -0.32947520 0.08816890 -0.41115490
v 0.22760230 0.08638816 -0.43055954
v -0.39681481 0.00907873 -0.40471080
v -0.12722481 0.00093919 0.20605928
v 0.33540227 0.00156116 -0.37181215
v 0.34509046 0.08870373 -0.05940383
v 0.32358745 0.00225081 -0.43855534
v -0.17631900 0.08641490 -0.26684320
v 0.36070849 0.20022502 0.05890089
v 0.06656747 0.01136787 -0.41556283
v -0.38429681 0.10049552 -0.04556746
v 0.13931419 0.05469814 0.42560501
v 0.20739495 0.00001407 -0.07718550
v -0.36690674 0.00171220 0.02081151
v -0.14920720 0.25761778 0.13836394
v 0.37499018 0.09615631 0.09927143
v 0.22218232 0.08659239 -0.45410626
v 0.26465713 0.09144042 -0.49010419
v -0.07471843 0.11304245 -0.11441073
v -0.05677542 0.13826236 0.17120746
v -0.32387875 0.27842523 0.05224341
v -0.09509030 0.17874110 0.08629350
v 0.12222700 0.24310167 0.14381070
v 0.32362060 0.00293300 -0.45609270
v -0.27789668 0.08644622 -0.43682200
v -0.37921849 0.00357339 -0.14455296
v -0.19978735 0.08640606 -0.27904671
v -0.19581752 0.08637567 -0.23469365
v -0.21565817 0.23986740 0.23303909
v -0.26828541 0.00076457 -0.44024799
v -0.34652910 0.08821741 0.07404262
v 0.23145326 0.00006259 0.21794398
v -0.17496757 0.27275701 0.12380430
v 0.19404289 0.00002894 0.01751225
v -0.05904310 0.14683800 0.16055190
v 0.31584075 0.00049965 -0.22686525
v 0.21173201 0.17600012 0.27937476
v 0.39425515 0.09514125 0.03330417
f 2 9 3
f 1830 5 3
f 2 3 6
f 3 9 23
f 2231 1131 3
f 3 1131 15
f 2231 3 16
f 39 19 24
f 27 28 19
f 29 30 1143
f 37 39 38
f 1835 445 37
f 42 445 2384
f 27 19 43
f 43 19 1836
f 37 42 1836
f 46 45 48
f 46 47 45
f 23 7 24
f 24 48 51
f 49 50 38
f 24 51 49
f 39 49 38
f 49 39 24
f 61 54 60
f 46 61 47
f 54 61 58
f 60 603 61
f 54 1150 63
f 603 60 63
f 2259 68 2330
f 87 817 88
f 1609 76 88
f 817 1609 88
f 76 2480 88
f 95 98 956
f 2056 111 2448
f 1699 1038 1039
f 1195 95 2481
f 128 96 1198
f 109 1855 1699
f 1699 1855 1038
f 899 148 145
f 148 155 145
f 155 147 145
f 156 149 155
f 156 155 148
f 203 815 202
f 1585 204 202
f 1277 203 204
f 205 209 203
f 195 203 1277
f 204 203 202
f 203 209 207
f 203 206 200
f 207 206 203
f 2404 210 208
f 1287 1286 217
f 224 223 1287
f 257 218 1099
f 1302 225 2320
f 257 2320 2235
f 225 250 223
f 2320 227 224
f 227 223 224
f 227 225 223
f 2320 225 227
f 2320 224 2235
f 257 2235 218
f 257 1290 228
f 1290 257 1099
f 1283 232 1111
f 237 1430 1724
f 1298 254 237
f 262 259 2321
f 262 1302 2320
f 2396 257 1303
f 262 263 265
f 1283 1111 2386
f 271 160 318
f 160 136 318
f 315 318 274
f 315 271 318
f 135 1214 319
f 1317 2345 281
f 297 294 483
f 299 302 298
f 304 303 302
f 305 317 295
f 299 295 300
f 295 297 300
f 312 313 301
f 301 313 304
f 313 318 272
f 1882 318 313
f 313 312 1882
f 274 318 1882
f 315 274 1882
f 304 273 305
f 273 316 305
f 316 320 305
f 313 272 304
f 272 273 304
f 273 318 316
f 318 319 316
f 328 327 871
f 330 343 331
f 336 343 1331
f 329 343 330
f 66 1527 2037
f 335 1884 338
f 328 871 342
f 583 1374 1375
f 1374 383 389
f 1375 1374 388
f 1374 390 388
f 1374 385 383
f 385 392 389
f 383 385 389
f 970 395 1376
f 583 391 1374
f 1909 1380 409
f 423 402 1380
f 407 408 396
f 408 411 396
f 411 405 396
f 404 411 408
f 404 412 411
f 399 414 409
f 410 409 417
f 419 410 404
f 410 417 404
f 594 407 2474
f 407 594 592
f 592 867 419
f 409 410 419
f 867 421 409
f 1909 409 421
f 419 867 409
f 411 412 405
f 589 396 424
f 50 426 38
f 427 428 587
f 427 435 1911
f 427 1911 429
f 429 428 427
f 430 38 428
f 428 38 426
f 396 435 424
f 396 432 429
f 405 432 1385
f 429 445 446
f 430 428 446
f 430 1835 38
f 452 454 458
f 452 458 103
f 458 459 457
f 738 461 462
f 1851 738 462
f 2325 465 466
f 467 2325 469
f 947 2325 471
f 1401 1400 480
f 1403 458 479
f 469 2325 466
f 467 471 2325
f 510 2318 122
f 509 510 122
f 504 501 502
f 495 494 504
f 501 505 509
f 504 1917 505
f 501 509 122
f 122 502 501
f 2339 503 502
f 491 514 507
f 508 506 513
f 508 1421 506
f 507 509 505
f 507 510 509
f 1917 507 505
f 506 511 510
f 511 500 510
f 506 1421 500
f 506 500 511
f 514 513 506
f 1124 512 1828
f 1422 516 491
f 972 513 512
f 519 523 522
f 519 536 523
f 525 526 534
f 525 535 537
f 522 542 541
f 522 541 540
f 543 1426 541
f 541 544 600
f 541 600 538
f 541 545 544
f 523 1424 522
f 522 1424 521
f 594 593 592
f 537 865 660
f 593 594 660
f 594 589 660
f 1443 660 589
f 44 45 590
f 595 590 45
f 602 1444 598
f 605 602 600
f 601 1927 605
f 605 1927 2417
f 61 1927 601
f 47 61 601
f 603 1927 61
f 606 601 600
f 607 601 606
f 45 606 595
f 595 606 600
f 601 607 47
f 606 47 607
f 45 47 606
f 608 597 596
f 596 590 654
f 635 1456 1454
f 524 636 526
f 524 1456 635
f 526 636 1929
f 1455 1929 636
f 2370 641 543
f 640 645 625
f 644 642 645
f 1929 643 2499
f 1919 2499 1928
f 644 1929 1455
f 643 1929 644
f 644 645 643
f 645 640 1928
f 591 944 655
f 1462 944 591
f 661 537 660
f 537 661 1933
f 662 588 591
f 588 662 648
f 1933 661 657
f 661 647 657
f 647 648 664
f 664 648 659
f 663 662 591
f 663 648 662
f 663 659 648
f 672 669 536
f 520 519 540
f 1473 673 519
f 673 672 519
f 1620 876 877
f 680 534 669
f 680 671 679
f 680 532 533
f 680 533 534
f 680 679 532
f 532 679 533
f 693 527 679
f 679 527 533
f 342 666 344
f 712 721 718
f 724 719 595
f 723 712 724
f 718 724 712
f 721 1530 1463
f 724 720 719
f 721 720 718
f 654 719 1463
f 719 654 590
f 595 719 590
f 654 1462 591
f 723 1531 712
f 640 1531 1928
f 1928 1531 722
f 1531 723 722
f 641 1928 722
f 641 723 724
f 641 724 1425
f 1425 724 545
f 222 460 736
f 736 460 461
f 1536 736 738
f 738 736 461
f 457 738 455
f 1764 730 731
f 741 743 1089
f 743 1954 1089
f 731 743 741
f 731 742 1764
f 742 731 741
f 745 744 731
f 753 749 751
f 749 750 754
f 760 749 757
f 757 749 753
f 751 749 754
f 763 756 747
f 193 2328 825
f 752 204 750
f 2328 204 752
f 747 758 30
f 825 752 347
f 763 353 757
f 32 765 29
f 765 763 747
f 765 747 29
f 747 30 29
f 767 204 766
f 750 204 767
f 750 767 766
f 381 788 2162
f 2162 789 381
f 381 789 782
f 381 782 961
f 30 758 808
f 748 808 758
f 748 2391 808
f 811 1585 815
f 809 811 849
f 850 809 849
f 766 204 1585
f 766 1585 816
f 766 816 814
f 766 814 754
f 812 1849 818
f 818 817 819
f 1587 2330 822
f 822 819 2331
f 2246 30 808
f 808 822 2246
f 812 809 1849
f 754 814 813
f 754 813 2391
f 2391 813 808
f 195 194 345
f 194 193 345
f 826 195 358
f 849 852 80
f 849 80 79
f 80 851 1603
f 811 852 849
f 1603 851 852
f 81 853 78
f 853 844 78
f 852 815 843
f 860 863 527
f 529 860 527
f 529 528 860
f 527 863 864
f 535 2332 1617
f 864 2332 535
f 866 592 1984
f 862 867 592
f 866 862 592
f 537 535 865
f 1985 400 868
f 868 1909 862
f 2172 871 666
f 871 2172 342
f 325 611 871
f 667 873 876
f 875 877 876
f 881 875 876
f 882 881 876
f 883 881 637
f 884 880 1488
f 1488 880 689
f 883 885 881
f 616 876 873
f 611 667 874
f 871 874 666
f 918 145 897
f 1702 896 899
f 902 149 156
f 902 156 896
f 163 162 1859
f 166 552 164
f 166 165 901
f 1859 165 163
f 902 896 898
f 902 905 167
f 905 902 911
f 904 1859 905
f 1075 564 1106
f 1106 916 1079
f 258 2396 906
f 916 263 258
f 265 263 915
f 265 915 914
f 265 914 266
f 266 914 913
f 1702 899 918
f 1004 1702 918
f 919 896 1702
f 897 271 917
f 919 898 896
f 927 2182 872
f 931 930 2182
f 1454 632 923
f 1456 632 1454
f 942 941 656
f 942 657 1658
f 2431 942 939
f 1462 937 944
f 941 525 1933
f 2237 945 1456
f 945 1659 1456
f 945 2237 1659
f 941 1659 2237
f 947 948 2325
f 471 1663 947
f 1663 948 947
f 953 1667 1997
f 1668 951 1667
f 1398 953 1997
f 2191 1398 1997
f 951 1668 1662
f 962 967 384
f 122 967 960
f 2318 967 122
f 969 384 967
f 2248 967 962
f 586 584 583
f 973 586 966
f 2449 586 974
f 500 973 969
f 1421 973 500
f 1421 586 973
f 508 974 586
f 1421 508 586
f 513 972 508
f 301 997 314
f 314 312 301
f 996 997 301
f 1697 996 302
f 2251 1701 997
f 1706 2251 1697
f 1697 302 999
f 299 999 302
f 1716 1699 1039
f 465 1002 1706
f 465 1000 1002
f 917 1882 312
f 917 312 997
f 997 312 314
f 1698 1003 997
f 1003 917 997
f 2011 1701 2251
f 1005 998 1701
f 1003 1702 1004
f 913 1006 266
f 1011 1007 1005
f 1697 110 1008
f 1005 1701 2011
f 1011 1005 1704
f 1704 1005 2011
f 264 266 1011
f 1704 1705 1011
f 1703 1012 1705
f 1706 1697 1008
f 1013 1705 1707
f 2303 1707 1705
f 1779 1703 1705
f 1705 1009 2303
f 1706 2303 1009
f 1002 2303 1706
f 1024 909 1023
f 1022 909 1024
f 1714 1024 2398
f 1023 2206 2398
f 559 1724 1430
f 1717 559 578
f 344 548 342
f 117 1040 1038
f 909 920 1041
f 1716 1039 1038
f 1045 980 1734
f 573 585 1734
f 573 1734 1046
f 1046 1734 581
f 461 460 2254
f 460 1055 2254
f 2386 1056 1055
f 460 1057 1055
f 1057 2386 1055
f 2254 1059 1061
f 1069 564 2415
f 1076 2415 564
f 1079 916 1078
f 564 1075 1077
f 1074 1076 1106
f 1076 1077 1106
f 104 1851 462
f 469 465 1088
f 1728 1088 1014
f 469 1088 1089
f 1089 1088 1728
f 1764 741 1729
f 741 1089 1728
f 1099 1097 1098
f 1098 730 1764
f 1099 1098 1118
f 1290 1099 1118
f 1001 1779 2303
f 2253 980 1045
f 994 980 2253
f 980 994 995
f 1074 1106 1785
f 1785 1106 1079
f 1786 1078 906
f 1786 1785 1078
f 1786 906 908
f 995 1084 980
f 1786 908 1825
f 971 1112 1924
f 1925 971 1924
f 1112 971 974
f 1924 1112 585
f 1112 974 994
f 1802 1114 909
f 909 1022 1021
f 1021 1802 909
f 228 1118 1764
f 1119 974 512
f 974 972 512
f 1084 974 1120
f 974 1119 1120
f 512 1120 1119
f 2386 1111 1056
f 1110 982 1084
f 994 974 1084
f 9 2 7
f 1830 1129 12
f 5 1830 2365
f 1129 4 12
f 1830 12 2365
f 1132 1830 17
f 1830 1132 18
f 2231 2383 1132
f 17 2231 1132
f 2231 17 1131
f 1830 15 17
f 2031 1830 18
f 1129 1830 2031
f 8 2231 16
f 1129 2031 4
f 1135 4 2031
f 2 6 1837
f 2383 1139 1132
f 1140 14 2231
f 1140 28 27
f 28 1140 2231
f 2383 14 26
f 2036 31 1143
f 2036 1143 68
f 437 35 36
f 1835 37 38
f 445 440 40
f 440 36 2384
f 2384 445 40
f 36 2039 2384
f 35 2039 36
f 2384 41 42
f 41 14 1140
f 27 43 1836
f 27 41 1140
f 41 27 42
f 1836 42 27
f 45 44 48
f 50 590 597
f 590 50 51
f 51 44 590
f 61 48 2
f 46 48 61
f 44 51 48
f 2 1837 61
f 55 1150 6
f 6 1154 1838
f 1154 6 1155
f 63 62 2433
f 1153 56 59
f 56 1153 1152
f 2433 1153 59
f 59 1329 2433
f 34 33 1148
f 62 1153 2433
f 62 2040 1153
f 54 58 1837
f 54 63 60
f 1155 52 1151
f 1 13 10
f 1156 10 1158
f 2036 68 25
f 68 2259 25
f 2041 32 1143
f 1160 2043 2032
f 1137 1902 18
f 1138 1902 1132
f 1137 1132 1902
f 2336 26 70
f 72 1843 2239
f 76 79 1173
f 83 88 75
f 83 1163 88
f 1168 1845 84
f 1844 84 75
f 1172 1171 1170
f 1173 81 86
f 1173 86 2479
f 2464 85 2400
f 1170 1176 1172
f 1170 2045 1176
f 1169 75 84
f 79 80 1173
f 1168 84 1844
f 1163 83 75
f 1164 89 1176
f 1176 2045 1164
f 1181 89 77
f 89 1181 1176
f 72 2054 1179
f 708 2241 1186
f 91 1186 2241
f 93 1186 1183
f 1186 1848 1183
f 77 2051 1181
f 1183 94 2051
f 817 1849 1609
f 854 76 1609
f 955 97 127
f 97 452 96
f 452 103 96
f 98 101 1671
f 1188 102 101
f 1730 2372 104
f 124 104 105
f 2317 1198 96
f 286 2422 112
f 297 109 1699
f 2056 1189 2438
f 112 1191 286
f 112 1852 1191
f 1190 2448 109
f 2448 1190 2056
f 2338 115 114
f 1850 95 118
f 95 1854 118
f 1195 1854 95
f 489 1412 1196
f 2339 502 121
f 122 960 502
f 120 502 960
f 1196 1194 113
f 502 120 121
f 2317 104 124
f 1200 124 105
f 125 124 1200
f 1202 1198 2317
f 1202 2317 1197
f 125 2317 124
f 119 1195 127
f 134 1852 1204
f 1853 1196 1203
f 1203 126 128
f 127 1203 119
f 119 1203 1196
f 126 96 128
f 1199 1200 1192
f 130 108 116
f 1202 1857 133
f 1199 108 2059
f 1202 132 1198
f 132 1202 1201
f 1201 128 132
f 1198 132 128
f 2058 1192 116
f 1192 2058 1199
f 1204 1203 133
f 107 133 1857
f 106 107 108
f 1204 107 134
f 1852 106 1191
f 106 1852 134
f 1205 135 136
f 1205 1206 135
f 135 1206 137
f 138 1207 1215
f 1211 137 1206
f 1209 1215 1223
f 1215 1209 139
f 139 1212 1215
f 1215 1212 138
f 137 1213 1214
f 137 1214 135
f 161 1215 1228
f 1205 1858 1211
f 1858 1228 1215
f 1215 1211 1858
f 1205 136 1858
f 1223 1215 159
f 1215 161 159
f 1229 163 144
f 143 1229 153
f 146 147 1218
f 167 1219 149
f 1219 155 149
f 1219 153 155
f 153 154 155
f 143 153 1219
f 155 154 152
f 142 1217 1261
f 144 1221 158
f 163 2073 144
f 2073 163 142
f 1221 144 2073
f 1229 144 153
f 1225 1223 159
f 153 1226 154
f 153 144 1226
f 1226 144 2385
f 1226 1225 154
f 271 146 160
f 160 1228 136
f 159 161 151
f 155 152 151
f 163 1229 162
f 2061 166 164
f 166 2062 165
f 2061 183 166
f 166 183 2062
f 1231 1233 170
f 169 1234 2065
f 1232 1862 1234
f 2063 1239 1860
f 2066 1766 1863
f 1770 1766 2024
f 2068 1241 2418
f 2061 1234 1246
f 1230 2062 184
f 2061 1246 183
f 1246 169 1254
f 1248 1260 1257
f 2078 1260 1259
f 1224 184 188
f 1224 1261 1217
f 1261 1224 2073
f 1213 189 140
f 137 189 1213
f 1207 189 137
f 1213 140 1214
f 2466 140 189
f 184 1224 1217
f 196 1871 843
f 1275 199 201
f 815 1585 202
f 815 196 843
f 207 2404 208
f 827 199 1278
f 2088 1590 834
f 2088 827 1278
f 199 1594 201
f 213 2090 2004
f 2084 200 197
f 216 1280 200
f 212 1590 2088
f 1590 212 2092
f 1280 2091 2092
f 2262 2092 2088
f 215 216 200
f 2092 2262 1280
f 1282 217 1286
f 217 1282 1097
f 1097 1282 1096
f 1282 1281 1771
f 1096 1282 1771
f 2386 222 1288
f 2386 1288 1283
f 1284 1285 2263
f 2263 1288 1284
f 1288 2263 1283
f 223 220 234
f 223 234 1285
f 221 234 220
f 1285 1284 223
f 1284 1286 223
f 223 1286 1287
f 1873 1288 2294
f 1873 1284 1288
f 1288 222 2294
f 1282 1873 2234
f 259 2320 257
f 1874 239 232
f 233 232 239
f 236 1295 241
f 236 1294 240
f 239 1874 240
f 240 1294 237
f 237 1295 1298
f 238 2094 2095
f 1296 2094 238
f 246 1717 1034
f 248 251 249
f 250 252 226
f 252 1297 226
f 1724 1717 246
f 239 1724 246
f 254 1298 256
f 2221 1301 247
f 2321 2396 258
f 258 262 2321
f 261 1302 2322
f 262 2322 1302
f 262 265 260
f 258 263 262
f 260 265 270
f 270 265 266
f 1111 232 233
f 232 2263 1874
f 233 268 1111
f 232 1283 267
f 234 235 219
f 219 235 1285
f 2263 1285 1874
f 1308 1292 2221
f 1307 252 1711
f 261 2203 1711
f 1302 261 252
f 1711 252 261
f 1305 2221 1292
f 1309 1214 173
f 140 173 1214
f 135 319 318
f 1214 1309 319
f 1309 173 319
f 173 275 319
f 284 1407 277
f 1314 278 1316
f 2323 281 1316
f 284 283 282
f 1313 287 2345
f 1313 1315 1316
f 1313 2406 1314
f 1883 1314 1880
f 1313 1314 1315
f 1315 1314 1316
f 1314 290 289
f 2345 287 281
f 281 287 1313
f 1313 1316 281
f 1317 317 1323
f 291 2345 1323
f 292 291 1323
f 320 292 1323
f 292 2345 291
f 293 1321 1325
f 1325 1321 1320
f 1314 288 290
f 483 294 285
f 1699 999 300
f 305 303 304
f 1323 317 305
f 305 320 1323
f 319 275 320
f 320 275 292
f 292 173 140
f 275 173 292
f 1324 1883 1880
f 1883 2101 290
f 1319 290 321
f 323 1319 321
f 322 181 2266
f 323 2100 322
f 1325 1880 293
f 1320 311 1325
f 325 327 324
f 326 325 324
f 871 327 325
f 333 1152 332
f 1527 335 1328
f 34 335 1327
f 332 33 34
f 33 332 1152
f 1328 335 34
f 336 331 343
f 329 330 806
f 335 338 1580
f 330 335 804
f 335 1580 804
f 1528 1884 1527
f 1527 1884 335
f 1330 2433 1329
f 1330 340 546
f 340 1330 1329
f 328 342 2102
f 347 1885 346
f 345 346 1885
f 347 346 825
f 2114 351 352
f 2469 352 353
f 1337 358 1885
f 358 195 2456
f 1885 358 2456
f 355 1885 1335
f 1337 1885 356
f 1336 1332 1335
f 1888 1337 355
f 1885 355 356
f 356 355 1337
f 1338 354 1332
f 1338 1332 2457
f 354 359 360
f 2467 2114 352
f 351 1344 1334
f 2457 1334 1344
f 1344 351 362
f 1346 363 1345
f 2435 354 1353
f 354 1338 1353
f 1345 1353 1338
f 1350 2435 1353
f 363 364 1350
f 1358 1895 2368
f 372 362 371
f 372 371 1359
f 1359 1344 372
f 362 372 1344
f 362 2467 371
f 2467 362 351
f 352 1360 2467
f 1360 352 369
f 2467 1360 369
f 1138 70 1641
f 378 370 1904
f 2118 378 1372
f 1367 1371 378
f 378 2178 1367
f 2178 378 2118
f 384 788 381
f 1375 788 1376
f 384 1376 788
f 961 2248 962
f 2248 961 1676
f 395 1375 382
f 1376 382 1375
f 1376 395 382
f 386 255 1378
f 388 1559 787
f 392 1379 790
f 1379 392 385
f 1379 394 790
f 1380 397 409
f 1380 398 397
f 409 397 398
f 398 1381 409
f 399 409 1381
f 398 1382 1381
f 402 2461 1380
f 405 406 396
f 2120 412 413
f 422 412 2120
f 413 412 404
f 416 415 413
f 1382 418 1381
f 1391 1381 418
f 420 592 419
f 412 422 405
f 396 406 1385
f 2120 413 433
f 429 436 441
f 435 396 429
f 441 440 445
f 444 442 438
f 444 436 1384
f 436 405 1384
f 405 1385 406
f 432 405 436
f 429 441 445
f 422 1386 1384
f 442 444 1384
f 442 1384 1386
f 422 1384 405
f 2271 2426 413
f 413 1390 2271
f 2121 415 414
f 1390 415 2121
f 1390 413 415
f 448 1391 2236
f 1381 1391 448
f 2123 1394 2356
f 1394 431 447
f 1394 2123 1382
f 2387 955 451
f 2387 452 453
f 1396 1661 1663
f 955 1998 451
f 457 455 1851
f 455 738 1851
f 461 2254 1061
f 465 469 466
f 1954 743 467
f 1399 467 743
f 467 1399 480
f 471 480 1400
f 1400 2124 1398
f 1404 477 476
f 459 477 1404
f 479 473 477
f 478 473 479
f 477 1403 479
f 452 1395 479
f 479 1395 478
f 467 480 471
f 457 1404 463
f 463 1404 476
f 456 463 476
f 1399 740 475
f 459 1404 457
f 1403 459 458
f 1416 280 2126
f 280 1416 1407
f 1406 280 1407
f 284 1406 1407
f 1912 481 280
f 483 1189 297
f 277 1407 485
f 2125 1742 486
f 488 1411 487
f 1418 484 1408
f 484 1418 1415
f 484 487 1414
f 2126 280 2409
f 1416 490 485
f 1407 1416 485
f 1419 2127 486
f 486 491 1419
f 495 492 1420
f 1413 1418 499
f 1419 494 495
f 497 1918 496
f 1409 493 497
f 1409 497 496
f 1193 118 1413
f 487 118 488
f 499 1915 2427
f 495 503 492
f 501 504 505
f 495 502 503
f 495 504 502
f 503 2339 2446
f 1127 516 1422
f 516 514 491
f 517 1423 540
f 518 1423 517
f 536 1424 523
f 533 525 534
f 525 533 535
f 536 526 551
f 526 536 534
f 538 602 539
f 602 518 539
f 1424 2499 543
f 1425 543 641
f 543 1425 1426
f 1426 1425 545
f 545 595 600
f 1426 545 541
f 2347 1427 548
f 547 598 2347
f 1427 2347 546
f 550 2347 548
f 547 2347 1727
f 1727 2347 550
f 551 1929 1424
f 553 904 570
f 552 2319 554
f 2319 553 554
f 2428 558 2205
f 558 2428 559
f 561 1379 1431
f 991 582 1692
f 559 580 578
f 2327 1921 1436
f 564 553 563
f 391 584 576
f 574 562 575
f 574 575 576
f 391 576 575
f 1924 585 576
f 584 1924 576
f 554 577 552
f 2130 554 1434
f 565 1437 1438
f 2130 1434 1721
f 2402 554 2346
f 2131 554 2130
f 581 566 582
f 1691 565 1438
f 648 425 608
f 646 648 647
f 646 1442 587
f 661 1443 1442
f 590 596 597
f 1330 599 604
f 605 1444 602
f 599 1444 605
f 596 588 608
f 2434 1330 604
f 599 1330 546
f 1330 2434 2433
f 599 546 2347
f 610 611 623
f 614 618 613
f 610 615 616
f 613 617 620
f 613 620 612
f 618 617 613
f 613 612 619
f 622 619 615
f 619 622 613
f 623 622 615
f 613 623 621
f 613 621 614
f 1446 617 618
f 1455 634 642
f 617 642 634
f 642 617 645
f 1446 645 617
f 618 614 625
f 1644 1450 1449
f 1449 1450 638
f 1448 1449 1451
f 628 1621 1450
f 629 1450 1644
f 929 1450 629
f 628 1450 929
f 630 1452 1448
f 1448 1451 630
f 1452 630 1453
f 634 633 631
f 635 1454 1453
f 635 1453 633
f 633 634 1455
f 633 1455 636
f 524 635 636
f 1457 2273 882
f 882 616 1457
f 638 1450 627
f 637 882 2273
f 637 638 627
f 637 881 882
f 1621 627 1450
f 627 1621 883
f 638 1459 1458
f 1459 638 2273
f 638 1458 1451
f 2348 612 639
f 2348 639 1459
f 634 631 639
f 639 631 630
f 634 639 609
f 646 425 648
f 591 655 663
f 655 659 663
f 653 1466 2138
f 1933 657 656
f 658 657 659
f 1462 652 1464
f 647 661 1442
f 647 1442 646
f 664 659 657
f 1468 876 1469
f 1468 1470 1934
f 876 1468 1471
f 671 670 2238
f 1472 680 669
f 1934 1474 668
f 675 673 1473
f 676 1480 1476
f 1474 1480 677
f 677 1480 676
f 1478 677 676
f 1474 1934 1480
f 1935 1476 1480
f 1480 1934 1479
f 2135 676 675
f 1477 1478 676
f 675 676 1475
f 1035 1477 2135
f 1726 677 1478
f 677 1726 678
f 1037 666 678
f 672 1935 674
f 670 672 674
f 1468 681 665
f 665 1470 1468
f 681 1470 665
f 1472 671 680
f 681 2276 2485
f 1479 681 2485
f 878 1483 879
f 1482 1620 1483
f 1493 682 684
f 685 1482 1493
f 683 2485 2276
f 1481 2485 683
f 1484 684 2276
f 1484 2274 684
f 1485 687 198
f 687 1486 198
f 884 690 878
f 690 1489 878
f 1490 1491 1486
f 688 1486 689
f 1491 689 1486
f 1490 1488 1491
f 884 1488 690
f 686 1490 1613
f 878 1489 1487
f 1492 1482 691
f 682 1493 1482
f 682 691 1494
f 691 682 1492
f 1494 529 682
f 1482 1492 682
f 2458 1495 2277
f 691 2439 1494
f 2439 529 1494
f 74 1521 1497
f 2468 1521 1499
f 1496 74 1497
f 1163 2044 1501
f 1843 72 1162
f 2349 1505 2351
f 2139 1938 1510
f 2351 1504 2349
f 696 1504 2351
f 1504 1503 1943
f 1514 1516 2411
f 2146 705 2048
f 1519 1513 2280
f 90 2146 1520
f 705 2146 90
f 1498 707 1460
f 2145 1513 1952
f 697 2145 1952
f 703 1520 2147
f 1520 2146 2147
f 1520 1598 2144
f 1186 1949 708
f 93 1511 1186
f 1525 2241 708
f 2280 2148 1519
f 91 2241 74
f 705 1511 1183
f 1183 1511 93
f 625 2419 2459
f 1531 625 2459
f 2149 2150 1500
f 651 1163 711
f 1466 1953 2478
f 713 1977 712
f 713 1529 1977
f 712 1977 714
f 1463 719 720
f 1527 710 1528
f 641 722 723
f 793 713 725
f 728 1097 727
f 1533 726 734
f 1533 1539 1535
f 2408 1533 734
f 733 738 457
f 733 734 738
f 738 734 726
f 736 1536 726
f 739 734 463
f 463 734 733
f 734 739 2408
f 457 463 733
f 1764 742 741
f 727 732 729
f 745 728 729
f 2408 1537 1539
f 745 732 1539
f 744 1539 746
f 745 1539 744
f 744 743 731
f 1538 1537 740
f 756 1955 748
f 1542 752 749
f 757 753 756
f 751 754 756
f 756 754 1955
f 755 756 763
f 750 766 754
f 758 1541 748
f 1541 758 747
f 1541 747 748
f 1542 1543 347
f 757 1543 759
f 759 1542 760
f 761 763 2486
f 757 759 760
f 353 350 762
f 763 2469 2486
f 762 350 757
f 353 762 757
f 757 755 763
f 764 1544 32
f 369 1544 1357
f 747 756 748
f 1544 764 1357
f 32 1544 765
f 771 2021 772
f 1961 1549 1969
f 1552 1063 1551
f 2162 2159 779
f 1559 2159 1562
f 2487 389 781
f 1559 1562 787
f 1559 388 389
f 389 2487 1559
f 769 784 1565
f 786 1967 1565
f 1969 2489 785
f 1562 2162 787
f 788 787 2162
f 1554 782 789
f 393 776 790
f 1561 778 2160
f 778 1561 1571
f 1969 1571 1961
f 1561 792 2163
f 780 2430 1561
f 1561 2430 792
f 624 325 1574
f 1573 793 2164
f 624 1574 1573
f 1574 325 794
f 1573 794 1572
f 807 2393 1583
f 1975 2165 2151
f 2165 803 1575
f 801 798 799
f 798 801 793
f 1577 800 1973
f 1580 337 1578
f 338 339 1580
f 1579 1581 803
f 1579 1976 1581
f 1577 806 800
f 799 800 1579
f 339 337 1580
f 1976 1582 803
f 1580 1578 804
f 1884 716 339
f 716 795 339
f 804 806 330
f 801 1977 1529
f 799 802 801
f 801 802 1977
f 1583 2393 797
f 1583 802 807
f 803 807 802
f 1163 1584 2166
f 651 1584 1163
f 2331 1163 823
f 1585 1586 816
f 809 812 816
f 816 812 814
f 812 818 813
f 809 854 1849
f 808 813 818
f 2330 2246 822
f 824 817 1163
f 817 87 1163
f 2472 1589 215
f 2472 2233 210
f 2233 2472 215
f 1888 360 359
f 1888 359 2472
f 1594 827 1595
f 834 827 2088
f 835 2447 213
f 2089 2195 2004
f 2089 836 2196
f 2196 1594 833
f 840 2355 930
f 839 840 930
f 2355 2354 1604
f 926 842 1596
f 1598 837 2144
f 1607 78 844
f 845 847 1982
f 80 852 851
f 853 1603 844
f 2047 78 1607
f 858 856 2277
f 1611 1616 860
f 861 860 528
f 859 2277 856
f 687 1613 1490
f 1614 198 2442
f 855 1272 1610
f 2090 1610 1272
f 686 1613 1615
f 2439 2277 530
f 1610 213 214
f 528 529 861
f 868 2332 1618
f 863 1618 864
f 863 860 1616
f 1617 865 535
f 856 870 1611
f 1618 1985 868
f 2332 868 862
f 874 871 611
f 1620 1619 879
f 1619 1620 877
f 879 875 878
f 875 879 877
f 1483 2275 879
f 877 879 1619
f 879 2275 1620
f 885 875 881
f 883 637 627
f 628 883 1621
f 872 880 884
f 884 875 885
f 875 884 878
f 882 876 616
f 1637 450 1986
f 1363 895 894
f 1641 2119 1138
f 2119 1641 1639
f 35 26 2039
f 26 35 434
f 26 434 70
f 434 1640 70
f 35 437 434
f 896 156 148
f 166 901 2319
f 554 2402 577
f 263 916 910
f 905 263 910
f 905 911 263
f 915 263 912
f 912 263 911
f 914 915 911
f 916 564 563
f 913 914 919
f 904 910 563
f 1454 923 921
f 925 2287 1643
f 925 1994 2287
f 1456 1659 922
f 2181 2287 926
f 924 2183 1643
f 2183 924 2181
f 883 928 927
f 928 2182 927
f 2355 2182 930
f 1645 1448 921
f 923 933 921
f 1448 1645 933
f 932 629 1644
f 629 932 929
f 933 2183 932
f 933 932 1646
f 2183 933 1643
f 632 922 923
f 925 1643 922
f 926 1596 1647
f 932 1647 1648
f 928 934 931
f 934 1648 1647
f 1648 934 928
f 929 1648 928
f 922 632 1456
f 1654 939 938
f 942 2431 941
f 1656 2431 939
f 938 939 943
f 1653 1656 939
f 1655 1652 1651
f 1652 1655 1656
f 2188 1464 1657
f 944 2460 658
f 658 655 944
f 939 942 943
f 943 942 1658
f 657 658 2189
f 658 2460 2189
f 938 943 2189
f 944 937 2460
f 2351 695 1508
f 1652 1508 700
f 2186 1508 1652
f 525 941 2237
f 1991 1659 941
f 702 946 1649
f 1659 946 1994
f 1659 1991 946
f 965 2325 964
f 1663 1661 1995
f 782 1554 961
f 1667 951 2191
f 1661 2191 951
f 2191 1661 1398
f 1398 2192 953
f 1398 1397 949
f 2192 1669 950
f 1666 954 2192
f 954 952 1668
f 1662 1668 952
f 1998 1397 451
f 1998 956 1999
f 1670 2291 949
f 98 1671 956
f 2216 1672 2190
f 120 960 959
f 959 960 2248
f 959 2452 1675
f 970 969 966
f 2318 500 967
f 2318 968 500
f 973 966 969
f 398 1380 2461
f 2461 1677 1910
f 2461 1910 1382
f 1678 1679 2004
f 1622 1678 2004
f 1677 1678 975
f 2004 2195 2371
f 975 2005 1393
f 403 975 1393
f 1683 1684 2197
f 886 977 2437
f 1682 2437 977
f 1623 886 2437
f 1681 2003 2195
f 886 2371 977
f 1682 2267 2006
f 577 2402 2061
f 982 2465 2453
f 985 992 1240
f 168 1231 993
f 1690 2465 982
f 981 2010 1686
f 1686 2010 987
f 982 2016 1690
f 2453 1692 566
f 566 1692 582
f 2007 991 2198
f 984 992 990
f 1694 992 1689
f 2402 1234 2061
f 995 994 1084
f 1697 2251 997
f 1698 997 998
f 1701 998 997
f 1008 1699 1716
f 465 1700 1000
f 965 1700 465
f 465 1706 1008
f 1702 1005 919
f 1005 1702 998
f 1003 998 1702
f 1698 998 1003
f 1006 919 1007
f 2303 1013 1707
f 1013 1779 1705
f 2303 1779 1013
f 1812 1708 1711
f 1708 1304 1307
f 1307 1711 1708
f 2203 1016 1711
f 2013 269 270
f 1016 2203 2013
f 269 2013 2203
f 1743 2495 2361
f 2495 1743 1018
f 2359 1018 1743
f 2358 1712 1019
f 1715 1019 2397
f 1027 1020 1714
f 1714 1715 2397
f 1044 1020 1026
f 1026 1025 1040
f 2206 1728 2398
f 1027 1728 1716
f 1855 109 2448
f 1758 268 1034
f 1718 1717 1028
f 1717 1718 1719
f 1034 1719 1718
f 1718 1720 2252
f 2252 1032 1072
f 556 1028 1031
f 1032 1721 1722
f 1069 1721 571
f 1721 1032 555
f 1032 1029 555
f 1029 1028 555
f 1028 1029 1720
f 1032 1722 2014
f 1028 567 555
f 233 1034 268
f 1379 2410 1877
f 1727 1726 1478
f 1727 1036 1037
f 1727 344 1036
f 549 1727 1035
f 1727 1037 1726
f 344 1727 550
f 344 550 548
f 1040 117 114
f 2398 1728 1027
f 59 56 1329
f 1730 104 462
f 1743 2361 1017
f 1043 1087 1732
f 1026 1040 1043
f 1043 1044 1026
f 1043 1732 1044
f 1733 1044 1732
f 1734 2453 581
f 581 2453 566
f 1737 1739 2360
f 1737 1049 1735
f 1048 2360 1052
f 1738 1827 2360
f 1739 2207 2360
f 2313 2360 2207
f 2360 1049 1737
f 1740 2296 1737
f 1737 2381 2208
f 2381 1737 2296
f 1826 1763 1736
f 1735 1742 1053
f 1086 1050 1736
f 1742 1735 1050
f 1056 2483 1055
f 2386 1057 222
f 1017 2361 1061
f 1061 2361 1744
f 1061 1744 462
f 1743 1017 1058
f 1058 1061 1745
f 1060 1058 1745
f 1743 1058 1060
f 1745 2399 1060
f 2254 464 1059
f 2292 1713 1712
f 2292 1712 2358
f 2358 1746 2292
f 2399 1059 1746
f 2289 1673 2211
f 1673 2290 2211
f 2211 2157 768
f 2209 2015 2211
f 1063 1546 772
f 1063 1752 1551
f 1822 1747 1748
f 1700 965 1818
f 1000 1700 1818
f 964 963 1753
f 1750 1822 1748
f 963 1756 1753
f 1755 1757 1066
f 1757 1755 1064
f 2252 1072 1071
f 1071 1072 2362
f 1074 1070 1069
f 1074 1073 1759
f 1074 1068 1070
f 1073 1074 1785
f 1803 2224 1071
f 1069 1070 1068
f 1076 1074 1069
f 1076 1069 2415
f 1077 1075 1106
f 988 2010 2016
f 2016 2010 1690
f 1080 1110 2492
f 2016 1081 988
f 1081 2069 988
f 1081 982 1080
f 1081 1080 2492
f 1081 2492 1761
f 2492 1763 1051
f 1760 1081 2416
f 1110 1080 982
f 1763 1085 1086
f 1731 105 2372
f 741 1728 1729
f 1090 1729 2206
f 920 228 1041
f 1041 228 1764
f 2068 174 1242
f 1766 1770 1767
f 1771 2153 1096
f 735 1532 2294
f 2294 222 737
f 1281 2294 1532
f 2294 1281 1282
f 1771 1281 1532
f 736 2294 737
f 1731 1042 105
f 2000 1966 769
f 1096 2153 727
f 1096 727 1097
f 1118 1098 1764
f 228 1290 1118
f 1100 1779 1101
f 1100 1777 1779
f 2017 1100 1101
f 1101 1779 1001
f 1779 1777 1103
f 1010 1103 270
f 1779 1103 1010
f 1105 270 1103
f 270 1105 2013
f 1102 1778 1104
f 2222 2220 1784
f 1784 2220 2019
f 2019 2220 2020
f 1784 2020 2096
f 1785 1786 1073
f 1786 1787 1073
f 1785 1079 1078
f 1788 1107 2483
f 1790 2483 1796
f 2483 1790 1788
f 1107 1790 470
f 2022 1792 1791
f 2022 2021 774
f 1791 2021 2022
f 231 1791 1792
f 1301 2221 231
f 2022 1299 1109
f 256 1378 255
f 2220 1738 2207
f 1092 1091 1793
f 1772 2222 1795
f 1772 1795 1784
f 1794 2222 1772
f 1111 2255 1056
f 2363 1111 268
f 1111 2363 2255
f 1796 1056 2255
f 2363 1790 1796
f 1786 1825 1787
f 1787 1798 1108
f 1108 1798 1825
f 1798 1787 1825
f 1113 1746 1799
f 1746 1059 1799
f 2254 1055 464
f 1799 2025 464
f 1107 470 1113
f 470 1800 1113
f 1113 1824 1713
f 1713 1021 2454
f 1801 1746 1113
f 1021 1713 1802
f 1713 1114 1802
f 1713 1801 1113
f 1803 1071 1108
f 1787 1108 1073
f 1790 1803 1108
f 1804 2297 1805
f 1804 2229 2297
f 1804 1805 1067
f 2364 1067 1809
f 1067 1117 1809
f 2364 1064 1067
f 1809 1117 2364
f 1016 1811 1812
f 1805 1813 1815
f 1811 1813 1812
f 1116 2226 1811
f 1810 1116 1811
f 1117 1815 1813
f 1805 1815 1067
f 1067 1815 1117
f 174 1095 175
f 2303 1818 1101
f 1101 1818 2017
f 2303 1000 1818
f 1819 1807 1808
f 1054 2220 2222
f 1067 1066 1822
f 1823 1750 1749
f 1791 229 1121
f 1063 772 2210
f 1806 2028 1121
f 1121 1115 1806
f 2028 1823 2027
f 1823 1751 2027
f 1114 1824 1825
f 1824 1800 1108
f 1052 1797 1047
f 1826 1051 1763
f 2492 1110 1082
f 1082 1110 1123
f 1763 1082 1122
f 1128 1126 2030
f 1122 1126 1128
f 1085 1763 1122
f 1086 1085 1128
f 1128 1050 1086
f 1742 1127 515
f 1015 2229 2093
f 2093 1708 1015
f 1709 1015 1708
f 1124 2030 1126
f 1828 2030 1124
f 2030 1828 514
f 2030 1127 1128
f 15 1830 3
f 21 1831 1158
f 1136 11 1130
f 1833 22 1141
f 1836 19 39
f 39 37 1836
f 51 50 49
f 33 52 1148
f 10 1840 2337
f 1841 65 66
f 1159 2043 1160
f 1496 72 1180
f 2044 75 1185
f 73 1496 1180
f 1168 2479 1845
f 89 1167 2141
f 89 1174 1167
f 1165 1166 78
f 84 1847 1169
f 1182 2048 2051
f 1179 91 1180
f 91 92 1848
f 2054 2052 2401
f 99 959 1675
f 1857 108 107
f 1230 184 1217
f 144 158 1225
f 1859 162 2232
f 1235 2063 1238
f 1860 1238 2063
f 1236 2065 1861
f 2065 1862 1861
f 171 2065 1236
f 2063 1241 1239
f 1247 1246 1254
f 1259 171 2078
f 2074 2466 189
f 2466 190 1325
f 191 2074 1868
f 1269 190 1867
f 1870 1269 1869
f 844 843 1871
f 199 1273 2088
f 200 2300 1276
f 2260 2085 1279
f 196 203 200
f 815 203 196
f 194 195 1277
f 193 1277 204
f 210 2404 2472
f 208 210 215
f 1286 1872 1282
f 218 217 1099
f 1097 1099 217
f 1872 1289 1282
f 1303 257 228
f 1297 245 221
f 1876 246 1034
f 2473 242 247
f 237 1724 239
f 254 1430 237
f 264 270 266
f 232 267 2263
f 222 1057 460
f 318 273 272
f 1314 1879 278
f 279 280 1406
f 284 279 1406
f 278 279 284
f 294 282 285
f 1314 289 1879
f 295 299 298
f 305 295 303
f 284 277 286
f 309 308 307
f 292 140 2345
f 1243 177 2266
f 182 2101 1883
f 334 1527 1328
f 1884 339 338
f 333 1329 56
f 2102 340 341
f 340 1331 341
f 352 1887 353
f 349 353 1887
f 349 351 348
f 1888 831 357
f 1339 1340 1345
f 365 2103 366
f 1345 1341 1348
f 1356 1890 2498
f 1146 1842 2113
f 1895 2113 1842
f 1638 1900 1897
f 1363 2369 2267
f 2115 1354 1369
f 1897 1900 1364
f 1347 1889 2117
f 2117 2116 2311
f 1988 2180 376
f 376 1159 2119
f 370 380 1904
f 377 1901 1903
f 2043 1903 1905
f 1375 388 788
f 961 962 381
f 1374 389 390
f 388 390 389
f 584 391 583
f 385 1374 391
f 409 414 415
f 867 862 1909
f 1392 1910 431
f 440 441 436
f 430 446 1835
f 1389 1390 2236
f 2236 1391 2123
f 1395 452 2387
f 461 1061 462
f 469 1954 467
f 1403 477 459
f 481 1913 280
f 280 1913 2409
f 493 1322 497
f 499 1418 1915
f 2127 495 2375
f 491 507 504
f 1409 496 1915
f 492 503 1420
f 517 540 541
f 521 543 541
f 521 541 542
f 602 538 600
f 547 1727 549
f 553 2319 904
f 569 564 1069
f 2428 580 559
f 1721 1434 2272
f 571 1721 2272
f 569 553 564
f 574 1923 572
f 391 575 562
f 579 1436 578
f 1437 565 580
f 573 1046 581
f 573 581 576
f 584 586 1924
f 586 1925 1924
f 1442 1443 589
f 600 601 605
f 603 604 1927
f 2417 1927 604
f 596 591 588
f 1446 618 625
f 1453 630 631
f 1453 1454 1452
f 635 633 636
f 638 637 2273
f 615 1457 616
f 1928 641 2370
f 1455 642 644
f 626 640 625
f 2151 650 1975
f 2478 1465 1466
f 658 659 655
f 941 1933 656
f 657 647 664
f 667 876 1471
f 667 1471 666
f 669 534 536
f 1475 1476 1935
f 1479 2238 1935
f 2274 1484 681
f 2276 681 1484
f 685 1936 1482
f 685 1620 1936
f 1490 1486 687
f 198 688 880
f 880 688 689
f 692 529 527
f 2136 1496 1497
f 1943 2137 1504
f 2145 1938 2139
f 2140 1939 1600
f 1515 1944 1513
f 1518 1519 2148
f 1524 1948 1498
f 1512 1949 1186
f 712 2242 713
f 1098 1097 730
f 1533 1535 726
f 732 1534 1535
f 752 825 2328
f 753 751 756
f 752 750 749
f 1542 749 760
f 755 757 756
f 763 761 353
f 369 374 1544
f 1959 2156 1958
f 2329 1552 1551
f 2159 1964 1962
f 2159 1560 1964
f 1665 783 2190
f 1566 1557 778
f 1567 791 776
f 1570 1571 1547
f 781 2163 792
f 1974 1575 2500
f 1575 1974 2151
f 797 2393 717
f 797 1977 802
f 711 1501 651
f 813 814 810
f 809 850 854
f 818 819 822
f 820 1587 822
f 345 193 825
f 830 2092 828
f 2472 831 1888
f 837 1596 842
f 1598 1601 837
f 844 1871 845
f 1983 1167 2047
f 2170 1981 848
f 530 859 861
f 527 864 531
f 864 1618 2332
f 1617 862 865
f 1984 592 593
f 866 1984 865
f 865 1984 593
f 869 856 214
f 1611 870 1985
f 666 874 667
f 1387 886 887
f 1986 1625 892
f 894 895 887
f 1363 2475 1362
f 1362 1631 1632
f 1632 1631 2177
f 1988 1641 2180
f 918 899 145
f 1859 2232 167
f 167 149 902
f 910 904 905
f 1106 564 916
f 907 1825 908
f 922 1659 925
f 934 930 931
f 1989 1646 1448
f 923 922 933
f 1596 838 934
f 1656 1655 2431
f 2431 1655 941
f 1656 1653 1652
f 657 942 656
f 1652 700 695
f 1660 964 1663
f 1997 1667 2191
f 1998 955 956
f 957 2291 1670
f 1999 2291 957
f 1999 956 2291
f 500 968 510
f 583 966 586
f 1910 2002 975
f 1900 1683 2197
f 976 1682 1681
f 977 2371 2003
f 2453 981 1686
f 1292 2250 1291
f 996 1697 997
f 302 996 301
f 1005 1007 919
f 1008 1088 465
f 1779 1010 1703
f 1020 1715 1714
f 1714 2398 1027
f 2014 1722 1069
f 1724 559 1717
f 1088 1008 1014
f 462 1731 1730
f 585 573 576
f 2020 2208 2381
f 2399 1745 1059
f 1060 2399 2358
f 1743 2358 2359
f 2211 2015 1747
f 965 2228 1818
f 2364 1819 1064
f 2362 1759 1073
f 1068 1074 1759
f 1081 2016 982
f 2214 1738 1091
f 2223 1092 1770
f 1770 1092 2023
f 1765 1767 1770
f 1769 1773 1772
f 1105 2218 2013
f 2227 2219 2334
f 1737 2018 1740
f 497 2020 2018
f 1784 2019 2020
f 1107 1788 1790
f 2022 2473 1792
f 1109 2473 2022
f 1793 1738 2220
f 1794 1775 2222
f 1083 1047 1797
f 1925 586 971
f 2292 1746 1713
f 1807 2217 1808
f 1810 1814 1778
f 2227 175 1816
f 1817 2423 1243
f 2070 1243 2423
f 2217 2228 1754
f 1120 512 1124
f 1056 1796 1820
f 2028 2027 1751
f 1084 1123 1110
f 1825 907 1114
f 1832 12 4
f 15 1131 17
f 1135 2445 11
f 4 1133 11
f 2258 1831 21
f 2031 1144 1135
f 2032 1134 2031
f 2445 20 11
f 1145 2258 2445
f 1160 2031 18
f 1829 1158 10
f 1829 1136 1158
f 2257 1829 10
f 1158 1136 21
f 1136 1829 1832
f 1829 2257 1832
f 22 2258 1141
f 22 1831 2258
f 2306 1158 22
f 25 1157 1834
f 1833 2315 1143
f 2315 1833 2042
f 1141 2034 1833
f 71 2432 2258
f 1833 1143 31
f 1373 1134 2032
f 1144 1134 1135
f 1134 1144 2031
f 1134 1145 1135
f 1135 1145 2445
f 2036 1834 31
f 2036 25 1834
f 22 1833 2033
f 34 1148 2037
f 2150 2038 1161
f 2150 1527 66
f 69 373 1842
f 6 10 1155
f 10 53 1155
f 1147 2037 1148
f 1149 53 10
f 1147 1149 2337
f 1150 54 1837
f 63 1151 2040
f 1153 2040 1152
f 1152 2040 33
f 2040 1151 52
f 62 63 2040
f 1150 1838 1151
f 1154 1155 1151
f 1838 1154 1151
f 52 1149 1148
f 1155 53 52
f 1839 1834 64
f 1839 2306 1834
f 1156 1840 10
f 2306 1839 2298
f 1158 2306 2298
f 66 67 1841
f 821 1157 2259
f 2034 1842 2041
f 2034 69 1842
f 2034 2041 2305
f 2041 2315 2042
f 2305 2041 2042
f 2041 1842 1146
f 2336 2383 26
f 1902 1159 18
f 1159 1160 18
f 2336 1138 2383
f 2032 2043 1373
f 66 2038 2150
f 2136 1497 1521
f 1185 2239 2044
f 2044 2239 1501
f 1179 1180 72
f 73 1180 74
f 73 74 1496
f 2239 1185 72
f 850 849 79
f 1165 1175 1166
f 1171 84 1845
f 84 1171 1847
f 1172 1847 1171
f 1168 1844 75
f 2400 85 2046
f 1174 1175 1167
f 1165 2047 1175
f 2047 1165 78
f 1185 75 1846
f 72 1185 2054
f 1846 75 1169
f 2045 1175 1164
f 2045 1170 1166
f 1185 1172 2401
f 2401 1172 1187
f 1847 1172 1169
f 1185 1169 1172
f 2141 1177 89
f 2048 705 1183
f 2049 2050 1177
f 1184 1178 2146
f 2278 2049 1177
f 1180 91 74
f 89 1177 77
f 77 1177 2050
f 2050 2051 77
f 2050 1184 1182
f 2048 1183 2051
f 2049 1184 2050
f 2146 2048 1184
f 1185 2052 2054
f 91 2054 92
f 2401 1848 2054
f 92 2054 1848
f 1176 1181 1187
f 2052 1185 2401
f 1848 1186 2053
f 1187 94 2401
f 1848 2401 94
f 94 1181 2051
f 1181 94 1187
f 100 98 2299
f 959 121 120
f 121 959 2339
f 101 100 2299
f 105 104 2372
f 300 297 1699
f 483 2438 1189
f 1850 1193 2299
f 95 1850 98
f 1195 119 1196
f 1412 118 1854
f 1194 1852 113
f 490 1416 1852
f 112 490 1852
f 1852 1416 113
f 2339 99 2446
f 2427 123 2299
f 1200 105 129
f 2317 125 1197
f 1852 1853 1204
f 1043 1192 129
f 1192 1200 129
f 108 1857 2059
f 1857 1202 2059
f 116 115 130
f 1199 2059 1200
f 1200 1202 125
f 107 106 134
f 1207 1264 1208
f 1207 1208 1265
f 1212 1207 138
f 139 1209 1212
f 1210 1264 1207
f 1218 147 1227
f 1221 2462 157
f 1221 157 158
f 161 1227 151
f 2061 164 577
f 552 577 164
f 2200 2201 2069
f 986 170 1862
f 1234 2402 1232
f 1233 2063 170
f 1862 170 1861
f 1861 170 1235
f 1862 2065 1234
f 170 2063 1235
f 1235 1238 1861
f 2064 1236 1861
f 1236 2064 171
f 2064 1861 171
f 171 1861 2078
f 1863 2307 172
f 1241 1860 1239
f 1238 1268 1861
f 2066 1863 172
f 2024 1766 2066
f 2067 1863 1766
f 2200 2066 2199
f 2069 2066 2200
f 1242 174 2079
f 2079 174 175
f 2067 1766 2418
f 2070 177 1243
f 1245 1243 179
f 1782 1243 1781
f 1243 2266 181
f 1254 183 1247
f 184 1254 188
f 171 1237 2065
f 2476 1248 1237
f 2078 1249 1267
f 1260 2078 1257
f 2342 186 1257
f 1251 1257 1865
f 2341 1865 1257
f 2071 1866 1224
f 1252 1866 1865
f 1865 2071 1251
f 1865 1866 2071
f 1252 1865 2072
f 2072 1865 187
f 1866 1252 1220
f 1865 1253 187
f 1251 2071 1256
f 1257 1251 1248
f 1248 1255 1256
f 1256 2071 1254
f 1257 1267 2342
f 171 1248 2476
f 1258 1248 171
f 1259 1248 1258
f 1248 1259 1260
f 1261 2073 142
f 2073 1224 1221
f 1867 1868 1265
f 1263 1869 1867
f 1262 1867 1264
f 2075 1264 192
f 1266 1869 2072
f 1869 1263 2072
f 2072 1263 2076
f 2072 187 1266
f 1254 184 183
f 2078 2077 1249
f 1267 1249 2077
f 1860 2068 1268
f 1242 1268 2068
f 1268 1242 2078
f 2079 2078 1242
f 2077 2079 175
f 1869 1269 2308
f 2081 2309 2403
f 2334 2403 1271
f 1244 2081 2334
f 1244 2334 2080
f 2081 1244 2082
f 1869 1266 1870
f 2081 1870 2309
f 1269 1870 1270
f 2082 1244 2083
f 1208 1867 1265
f 1867 1208 1264
f 1252 2072 2076
f 2075 2076 1263
f 2341 1266 1253
f 1253 1266 187
f 2078 1861 1268
f 1272 1279 2090
f 2260 1614 2085
f 846 2087 1608
f 845 197 1276
f 1871 197 845
f 1276 197 200
f 1276 2261 847
f 2261 2087 846
f 2261 1276 1273
f 2262 1273 1276
f 199 1275 2261
f 2085 2086 1594
f 827 1594 199
f 201 1594 2086
f 1279 2089 2090
f 211 1279 2085
f 2085 836 211
f 211 2089 1279
f 1280 216 215
f 828 1280 215
f 1278 199 2088
f 2092 1591 1590
f 2091 828 2092
f 1276 2300 1280
f 1286 1284 1872
f 1282 1289 1873
f 1284 1289 1872
f 234 219 1285
f 1284 1873 1289
f 2294 2234 1873
f 231 1291 230
f 1306 2093 2493
f 2493 2093 1292
f 233 239 1876
f 1875 236 235
f 234 1875 235
f 221 245 234
f 238 2095 1293
f 1295 236 1293
f 1293 236 238
f 1874 236 240
f 1874 235 236
f 236 241 1294
f 1298 1295 243
f 242 2473 1299
f 1876 239 246
f 247 242 2095
f 247 2094 244
f 244 251 247
f 251 244 1297
f 256 1298 253
f 254 255 1430
f 386 2205 1300
f 2473 247 1301
f 260 2322 262
f 1305 1292 1291
f 1307 248 252
f 248 1307 1304
f 1306 2493 1308
f 1405 1878 1318
f 1310 1878 1319
f 1883 290 288
f 276 1405 1318
f 280 1311 2265
f 278 280 279
f 1878 1405 2374
f 2265 1878 2374
f 2406 1880 1314
f 2265 1311 1878
f 2326 1414 276
f 1311 1319 1878
f 2406 1313 1880
f 293 1313 1321
f 307 2098 306
f 2266 2344 276
f 2020 309 2096
f 309 307 2096
f 1322 2097 2020
f 309 2020 2097
f 2020 497 1322
f 2099 1408 276
f 309 2097 1408
f 2098 307 308
f 1408 2099 2098
f 308 309 2098
f 323 310 1310
f 310 323 322
f 310 1318 1878
f 2266 276 310
f 2099 276 2098
f 311 2466 1325
f 140 2466 311
f 311 2345 140
f 1319 1879 290
f 293 1880 1313
f 176 1883 1324
f 182 176 1270
f 2101 182 321
f 321 290 2101
f 1319 323 1310
f 322 2266 310
f 182 2367 321
f 178 2100 323
f 1577 324 329
f 1327 330 34
f 340 1329 333
f 1331 340 1326
f 546 548 1427
f 340 2102 548
f 548 546 340
f 548 2102 342
f 346 345 825
f 349 348 1886
f 1887 351 349
f 351 1887 352
f 348 1333 1332
f 2457 1332 1333
f 1336 348 1332
f 1334 348 351
f 354 360 1888
f 2457 1333 1334
f 1339 1345 2407
f 1342 2109 1341
f 1340 1339 1343
f 1339 361 1343
f 365 363 1346
f 363 365 366
f 2103 365 1346
f 1346 1347 2117
f 1349 2116 1889
f 1889 1348 1349
f 1341 1349 1348
f 2109 1349 1341
f 1900 2197 1364
f 1353 1345 1350
f 1341 1345 1340
f 1341 1340 1342
f 366 364 363
f 2104 2435 1350
f 1350 364 2104
f 370 2105 1354
f 2310 370 1355
f 2106 368 1356
f 1356 2107 2106
f 2105 1371 1354
f 370 1354 2107
f 1889 2116 2117
f 1890 2108 2112
f 1356 2498 2436
f 1890 1356 2109
f 1349 1356 368
f 1356 1349 2109
f 1340 2109 1342
f 1340 2110 2109
f 1890 2109 2110
f 1343 1891 2110
f 1893 2108 2110
f 1890 2110 2108
f 1894 2310 2111
f 1359 371 1358
f 1894 2111 1892
f 1358 371 1895
f 1359 1358 1893
f 1358 2108 1893
f 2324 2498 2112
f 370 2310 380
f 361 1344 1891
f 1891 1344 1359
f 2110 1891 2268
f 1343 361 1891
f 1892 2443 373
f 2324 1895 1842
f 371 2467 1357
f 351 2114 2467
f 2041 2113 1361
f 2437 2267 1896
f 1363 1900 1638
f 1900 1363 2267
f 2117 1898 2103
f 1364 2103 1898
f 2115 368 1354
f 368 2115 2116
f 1370 1898 2117
f 1899 1898 1370
f 1366 1899 1368
f 1368 1899 2116
f 1370 2116 1899
f 2115 1366 1368
f 377 375 2118
f 377 2118 1901
f 1902 1138 2119
f 1639 376 2119
f 376 1639 1988
f 375 377 376
f 1641 1988 1639
f 2119 1159 1902
f 1159 377 1903
f 1159 376 377
f 378 2105 370
f 1372 378 1904
f 2115 1369 1371
f 1369 1354 1371
f 1371 2105 378
f 1367 2475 2115
f 2115 1371 1367
f 1362 1367 1631
f 2178 1631 1367
f 380 1894 379
f 1373 1372 1906
f 1904 380 1906
f 1903 1901 1372
f 1901 2118 1372
f 1373 1903 1372
f 1903 1373 1905
f 2310 1894 380
f 1159 1903 2043
f 1894 71 379
f 2043 1905 1373
f 380 1145 1134
f 1906 1134 1373
f 2205 386 1877
f 1908 393 1877
f 1877 393 1907
f 393 1908 1567
f 414 448 2121
f 415 404 417
f 413 404 416
f 415 417 409
f 1910 1392 1382
f 431 1910 403
f 2270 442 1386
f 439 444 438
f 1386 433 1388
f 433 2426 1388
f 2121 2122 1390
f 2236 2122 448
f 2122 2236 1390
f 1386 1388 2270
f 2122 2121 448
f 1391 418 2123
f 2123 418 1382
f 1392 1394 1382
f 473 451 1397
f 478 451 473
f 2124 473 472
f 472 1398 2124
f 474 1400 1402
f 474 477 473
f 1405 1414 1912
f 482 1912 1414
f 2374 1912 280
f 1916 1417 1741
f 1412 489 1411
f 1413 1415 1418
f 2126 1913 1416
f 482 1913 1912
f 1411 1414 487
f 482 1411 489
f 1411 482 1414
f 1409 1915 1418
f 2097 1322 1881
f 1918 2128 1915
f 2127 1417 1916
f 497 2018 1410
f 1410 1417 1918
f 1419 495 2127
f 1408 2097 1881
f 1408 1881 1409
f 1914 1918 1420
f 1420 1918 495
f 1918 497 1410
f 1918 1417 2375
f 1409 1881 493
f 118 1411 488
f 123 2427 498
f 1914 1420 2376
f 503 498 2376
f 2057 123 498
f 2446 2057 498
f 510 514 506
f 1919 543 2499
f 1035 547 549
f 1428 547 1035
f 547 1428 1920
f 518 598 1423
f 598 1920 1423
f 558 557 2205
f 561 574 1922
f 2410 1379 1922
f 1379 561 1922
f 2346 579 1696
f 565 1691 1432
f 2133 1441 989
f 2131 567 2327
f 580 1440 578
f 568 1926 1429
f 1926 1438 1429
f 2130 567 2131
f 563 553 570
f 553 569 571
f 572 1435 574
f 572 581 1435
f 1429 1435 568
f 1438 1926 1691
f 1433 1439 1440
f 1440 579 578
f 579 1440 1439
f 1439 2132 579
f 1436 579 2131
f 2132 1693 579
f 1926 2133 1691
f 2133 1926 568
f 991 2133 582
f 587 425 646
f 865 593 660
f 661 660 1443
f 612 615 619
f 626 625 1531
f 614 1447 709
f 630 1451 639
f 631 633 1453
f 2134 639 1451
f 639 612 609
f 1937 650 707
f 2150 1496 2136
f 1461 1496 2150
f 1461 1162 1496
f 2239 1162 651
f 1465 2478 1975
f 1465 650 1937
f 2151 715 650
f 1465 699 1932
f 1465 1932 1466
f 1468 1934 1471
f 1467 1471 1934
f 1935 673 1475
f 1935 672 673
f 1476 1475 676
f 2238 674 1935
f 2238 1479 2485
f 1035 1727 1477
f 1477 1727 1478
f 1471 668 666
f 666 668 678
f 1481 671 2238
f 685 1493 684
f 688 198 1486
f 690 1490 686
f 1489 686 2277
f 1489 690 686
f 1483 878 1487
f 691 1487 1495
f 1498 1460 1931
f 1460 650 649
f 72 1496 1162
f 2468 1930 1500
f 650 1460 707
f 1500 2136 1521
f 2239 1843 1162
f 1501 711 1163
f 2137 1600 1939
f 1506 694 1939
f 1514 1502 1503
f 1505 1506 695
f 698 1507 2350
f 1993 1507 1508
f 699 1510 1938
f 1507 1938 697
f 699 1938 698
f 1466 699 1509
f 1523 2139 2240
f 2145 697 1938
f 2240 2139 1510
f 699 1466 1932
f 697 1504 696
f 701 842 1600
f 1940 1514 1941
f 1502 1514 701
f 1600 2287 2140
f 1178 1599 2146
f 1599 2147 2146
f 1512 1511 1949
f 1941 1946 1942
f 1945 1513 2411
f 1513 1519 1515
f 1944 2411 1513
f 1945 1516 1503
f 1947 1511 1517
f 2143 1519 1518
f 1511 705 1517
f 705 1947 1517
f 1946 1941 1514
f 2142 1946 1514
f 1947 2142 1515
f 1511 1947 2143
f 1947 2144 1946
f 1515 1519 2143
f 2143 1947 1515
f 1951 1525 1522
f 1525 1499 1521
f 2240 1510 1523
f 2280 1948 1524
f 1498 1948 707
f 1520 703 1598
f 1599 1178 1184
f 1949 1950 1525
f 2280 1950 2148
f 1950 1522 1525
f 1950 2280 1524
f 1522 1950 1524
f 1525 708 1949
f 1525 1951 1499
f 1521 1526 1525
f 1526 1521 74
f 1513 704 2280
f 2164 2242 709
f 2459 2242 1531
f 1527 2150 2149
f 1978 651 2244
f 1461 2150 1162
f 1528 2281 715
f 2478 796 1975
f 795 1528 715
f 1528 795 716
f 716 1884 1528
f 807 2478 1953
f 807 1953 2393
f 797 717 721
f 1463 720 721
f 2152 717 1953
f 713 2242 725
f 2153 1532 1534
f 1535 1534 1532
f 738 726 1536
f 1535 1532 726
f 1537 2408 740
f 2408 456 740
f 463 2408 739
f 727 729 728
f 1539 1537 746
f 746 1538 1540
f 1542 347 752
f 764 32 2041
f 1551 1956 769
f 771 1545 770
f 1553 770 2392
f 2284 2392 1545
f 2284 771 772
f 1568 770 2155
f 771 770 2154
f 773 1378 256
f 1553 1567 2155
f 1378 2154 770
f 1547 1569 781
f 776 1570 1547
f 2283 776 791
f 1549 2392 1548
f 2392 1959 1958
f 1959 1550 2156
f 2156 1550 1967
f 1552 1959 1960
f 1553 2392 775
f 1956 2157 769
f 2290 2157 2211
f 1970 1962 785
f 1556 2159 1962
f 1556 1558 2159
f 1556 1555 789
f 2158 1557 1969
f 1557 1560 1963
f 1557 1963 2160
f 2160 778 1557
f 1964 1557 1962
f 1560 2161 1559
f 2161 2159 1559
f 1963 1560 2160
f 1560 1561 2160
f 2162 1562 2159
f 789 2162 779
f 1972 1554 1555
f 1563 786 2285
f 2285 2190 1563
f 769 2285 784
f 786 784 2285
f 769 1966 2285
f 2216 2190 2285
f 1967 1958 2156
f 785 2158 1969
f 1965 2190 1967
f 1968 1958 1967
f 1967 1563 1965
f 1563 1967 786
f 1565 784 786
f 777 1972 1555
f 1557 1566 1969
f 1555 1962 1970
f 783 1971 777
f 1970 783 777
f 1378 770 1568
f 1378 1908 386
f 1567 1908 2155
f 2155 1908 1378
f 393 1567 776
f 790 776 1547
f 1561 1569 1571
f 1961 1570 2440
f 2283 2440 1570
f 1569 1547 1571
f 2163 1569 1561
f 1571 1570 1961
f 1573 1574 794
f 2353 795 715
f 1575 2151 2165
f 803 1975 796
f 1975 803 2165
f 715 2151 1974
f 1577 329 806
f 800 2471 1973
f 337 1579 1578
f 800 806 1578
f 799 1579 805
f 1976 1579 1582
f 1976 803 1581
f 1578 806 804
f 339 795 337
f 795 1582 337
f 1583 797 802
f 651 1978 2167
f 2150 2244 1162
f 2167 823 2166
f 2331 823 820
f 1978 1161 1588
f 1588 821 1978
f 1588 65 2298
f 2245 1587 2259
f 2298 2377 1588
f 1684 366 2197
f 833 2286 1680
f 827 1680 2286
f 827 1590 1680
f 830 1591 2092
f 1591 830 1590
f 828 832 830
f 2168 1589 2472
f 215 1589 828
f 828 1589 832
f 832 2168 1593
f 1592 1680 830
f 2168 832 1589
f 2472 1593 2168
f 359 1593 2472
f 1979 1680 1592
f 1593 359 832
f 832 1351 364
f 364 2169 830
f 833 1685 2196
f 827 834 1590
f 1594 1595 833
f 2286 833 1595
f 2004 2090 2089
f 366 1979 364
f 837 838 1596
f 1601 2354 840
f 2354 841 1604
f 840 839 1601
f 1598 703 2354
f 1599 841 2354
f 1598 2354 1602
f 2287 1600 926
f 837 842 1942
f 2144 837 1942
f 1601 1598 1602
f 840 2354 2355
f 846 1604 2170
f 2170 1604 841
f 1983 848 1981
f 2171 1980 1184
f 1606 1167 1983
f 841 2171 2170
f 1605 1981 2170
f 1599 1980 2171
f 1608 1604 846
f 846 2170 848
f 844 1982 1607
f 1982 847 848
f 1983 1607 848
f 1982 848 1607
f 1599 1184 1980
f 1605 2141 1981
f 1167 1606 2141
f 1175 2047 1167
f 850 76 854
f 1610 858 2277
f 859 1611 861
f 856 1611 859
f 2442 2085 1614
f 2277 686 1615
f 1611 1618 1616
f 1618 863 1616
f 1611 1985 1618
f 1610 214 858
f 885 2394 884
f 1622 886 1387
f 1986 450 1633
f 1986 1633 1624
f 1637 1986 889
f 892 889 1986
f 1625 1986 1624
f 2177 2288 2174
f 1626 2175 2174
f 1625 1627 2176
f 2176 1641 2441
f 1626 2174 1641
f 1625 2441 892
f 890 892 2441
f 892 890 1630
f 2174 2247 2177
f 2174 2288 375
f 2118 2288 2178
f 2288 2444 375
f 1987 1633 450
f 1633 888 1624
f 894 1634 1896
f 887 1623 1634
f 1363 894 1896
f 2173 1633 1636
f 895 2302 887
f 1633 2496 888
f 1362 2378 1363
f 1632 895 1362
f 893 1632 2177
f 888 2177 2247
f 892 1635 891
f 892 2412 443
f 1635 892 2494
f 887 1987 449
f 2173 1636 887
f 1636 1987 887
f 447 1987 450
f 1638 1366 1363
f 2174 2180 1641
f 375 376 2180
f 1629 1641 70
f 2413 1642 434
f 1640 1629 70
f 916 563 910
f 1693 978 579
f 2181 926 2183
f 924 1643 2287
f 2181 924 2287
f 931 2182 928
f 1645 921 933
f 929 932 1648
f 1448 933 1989
f 1647 2184 2183
f 932 2184 1647
f 2184 932 2183
f 838 930 934
f 1939 1649 1506
f 1649 1939 2140
f 935 936 695
f 1652 695 936
f 1652 936 1651
f 1657 1464 652
f 2185 1652 1653
f 2185 1653 939
f 1652 2185 2186
f 2185 939 2186
f 2357 2186 939
f 1508 2186 1992
f 2357 939 2187
f 939 1654 2187
f 2357 1992 2186
f 1654 937 1464
f 1651 935 1655
f 1655 1991 941
f 1655 935 1991
f 1654 938 937
f 1992 698 1993
f 1657 1992 2188
f 653 1657 652
f 657 2189 1658
f 2188 1992 1654
f 1654 1992 2357
f 2351 1505 695
f 695 700 1508
f 702 2140 2287
f 1659 1994 925
f 702 1994 946
f 964 2325 948
f 963 964 1660
f 1995 2379 1660
f 951 1995 1661
f 951 1662 1995
f 1398 949 1669
f 953 2192 954
f 954 1666 952
f 1398 1669 2192
f 1670 1397 1998
f 950 2289 2379
f 1999 957 1998
f 1397 1670 949
f 1671 101 1672
f 2193 1672 101
f 1672 2000 1671
f 958 1664 1665
f 2190 101 2194
f 2289 2291 1673
f 949 2291 950
f 2000 1674 2290
f 2291 2000 2290
f 2000 2291 956
f 1996 2452 1664
f 1676 961 959
f 1188 2055 102
f 2414 102 2055
f 465 2325 965
f 967 500 969
f 402 1677 2461
f 886 1622 2371
f 2003 2371 2195
f 2371 1622 2004
f 975 1622 2005
f 1622 975 1678
f 1685 833 1683
f 1683 833 1680
f 977 2003 1682
f 1684 1683 1680
f 1979 1684 1680
f 1682 976 2267
f 2267 2437 2006
f 976 2196 1685
f 2195 2089 1681
f 2196 1681 2089
f 1682 2003 1681
f 2005 1622 1393
f 1393 1622 1387
f 1682 2006 2437
f 976 1685 1900
f 979 1686 2007
f 2008 2007 1686
f 2008 984 990
f 2010 2465 1690
f 2198 2453 1686
f 2453 2198 1692
f 992 984 1687
f 1687 1240 992
f 1696 986 1232
f 986 1696 978
f 1689 985 168
f 1233 1231 168
f 1689 168 993
f 1693 1695 986
f 993 1231 986
f 978 1693 986
f 172 2009 2199
f 983 2200 1688
f 987 983 1686
f 983 2201 2200
f 2201 987 2202
f 988 2202 987
f 2202 988 2201
f 2007 2008 989
f 2008 990 989
f 2007 989 991
f 2129 579 978
f 565 1689 993
f 1689 565 1694
f 1115 2250 2093
f 2250 1292 2093
f 1699 1008 110
f 913 919 1006
f 2011 1706 1009
f 1306 1708 2093
f 1708 1306 1304
f 1709 1710 1015
f 1710 1709 1708
f 2203 261 269
f 1020 2359 1715
f 1028 2204 1031
f 1034 2380 1758
f 1717 1719 1034
f 2252 1720 1029
f 1720 1718 1028
f 1723 1033 578
f 1717 578 1033
f 567 1028 2327
f 556 2327 1028
f 1921 1723 578
f 1031 2204 1921
f 1031 1921 556
f 2312 560 1877
f 2205 558 1300
f 1430 1300 558
f 557 558 2205
f 2410 2312 1877
f 920 1303 228
f 1728 1014 1716
f 2206 1729 1728
f 1735 1826 1736
f 1048 1735 1049
f 1735 1048 1826
f 1735 1736 1050
f 1052 2360 1827
f 1048 1049 2360
f 2020 2220 1739
f 1739 1737 2208
f 1737 1741 2018
f 1746 2358 2399
f 2289 2211 1747
f 768 1956 1752
f 1956 768 2157
f 1062 1749 1750
f 2209 768 2015
f 1749 2015 768
f 1747 2015 1062
f 768 2209 2211
f 768 1752 1751
f 2210 1121 1063
f 1751 2304 2028
f 1752 2304 1751
f 1956 1551 1752
f 1660 1065 963
f 1754 2228 1753
f 2228 965 1753
f 1065 1066 1757
f 1822 2382 1747
f 2379 1066 1660
f 2382 1822 1066
f 2379 2382 1066
f 1747 2382 2379
f 1808 1756 1065
f 963 1065 1756
f 1065 1757 1808
f 2380 2252 1758
f 1071 2363 2293
f 2201 988 2069
f 1760 1797 1093
f 1083 1797 1760
f 1762 2212 1760
f 2212 2069 1760
f 1042 1087 105
f 1042 1732 1087
f 1092 2214 1091
f 1765 1770 2023
f 1766 1768 2418
f 2068 1768 1769
f 174 1769 1095
f 1768 1766 1767
f 1771 1532 2153
f 1095 1769 1816
f 2215 1816 1772
f 1816 1769 1772
f 1794 1772 1773
f 1774 1768 1767
f 1794 1768 1774
f 1775 1774 1767
f 1767 2023 1775
f 1774 1775 1794
f 1672 2285 1966
f 2000 769 1674
f 783 1665 1971
f 2218 1777 1100
f 2217 1778 2295
f 2228 2217 2295
f 1778 2017 2228
f 1100 2017 1778
f 1780 1016 2013
f 1103 2218 1105
f 1245 1781 1243
f 1244 2080 1245
f 2080 1781 1245
f 2018 2020 2381
f 1783 1784 307
f 1784 2096 307
f 2296 1740 2018
f 1790 1789 470
f 1108 470 1789
f 2021 1791 2210
f 772 2021 2210
f 231 229 1791
f 231 2221 1291
f 2473 1301 231
f 1299 2022 256
f 1054 1793 2220
f 1793 2023 1092
f 1793 1091 1738
f 1795 2222 1784
f 1084 982 980
f 1093 2213 1762
f 2223 1762 1094
f 2024 2223 1770
f 2223 2066 2069
f 2223 2069 1762
f 1113 1800 1824
f 1713 1824 1114
f 1746 1801 1713
f 1073 1108 2362
f 1790 2363 2224
f 2224 1803 1790
f 2229 1804 1821
f 1805 1015 1710
f 2026 1116 1807
f 1117 1807 2364
f 1807 1116 2217
f 1807 1117 2026
f 2026 2226 1116
f 1812 1805 1710
f 1710 1708 1812
f 1811 1016 2012
f 1805 1812 1813
f 1116 1810 1778
f 2226 2026 1117
f 2012 1016 1780
f 1117 1813 2226
f 1811 2226 1813
f 185 175 2227
f 1816 2219 2227
f 2219 1816 2215
f 1243 1782 1817
f 1756 1808 1753
f 2228 2017 1818
f 1808 2217 1754
f 2225 2229 1823
f 1821 2256 2229
f 1750 1823 2256
f 1063 2028 1752
f 2028 1063 1121
f 2028 1806 1823
f 2230 177 2344
f 1784 1783 177
f 1772 1784 177
f 1093 1797 1052
f 1826 1047 1051
f 1093 2029 2213
f 2029 1093 1052
f 2214 2029 1738
f 2029 1052 1827
f 1738 2029 1827
f 1127 2030 516
f 3 2365 6
f 2365 1 6
f 28 2231 8
f 1834 1833 31
f 63 1150 1151
f 76 850 79
f 2338 114 117
f 117 1038 2338
f 1038 1855 2338
f 489 1196 113
f 1206 1205 1211
f 1219 2232 143
f 161 1218 1227
f 158 157 1223
f 2307 1240 172
f 1255 1248 1251
f 200 206 208
f 206 207 208
f 215 200 208
f 1273 2262 2088
f 223 221 220
f 224 1287 218
f 259 262 2320
f 224 218 2235
f 240 237 239
f 270 2322 260
f 136 135 318
f 281 2323 282
f 1317 281 296
f 343 329 324
f 343 324 327
f 333 1331 1326
f 1327 335 330
f 385 562 1379
f 398 2461 1382
f 420 404 407
f 420 419 404
f 439 438 440
f 2270 437 36
f 955 453 452
f 452 97 955
f 478 1395 451
f 1400 1401 1402
f 507 514 510
f 522 521 542
f 2237 524 525
f 525 524 526
f 553 2272 1434
f 50 608 426
f 628 928 883
f 2237 1456 524
f 671 1472 670
f 519 672 536
f 677 678 1474
f 692 527 693
f 2277 1495 1487
f 694 1506 1505
f 2350 1993 698
f 2241 1526 74
f 2149 710 1527
f 797 721 1977
f 718 720 724
f 469 1089 1954
f 204 2328 193
f 1964 1560 1557
f 1571 1566 778
f 1351 832 359
f 1603 843 844
f 1603 852 843
f 1607 1983 2047
f 1613 687 1612
f 873 611 616
f 616 611 610
f 611 873 667
f 1629 2441 1641
f 1642 1640 434
f 552 166 2319
f 919 902 898
f 911 902 919
f 918 917 1004
f 510 968 2318
f 974 971 2449
f 172 984 2009
f 964 1753 965
f 2303 1002 1000
f 1705 2011 1009
f 2011 2251 1706
f 1705 1012 1011
f 1029 1030 2252
f 2252 1030 1032
f 1029 1032 1030
f 1876 1034 233
f 1040 1716 1038
f 1008 1716 1014
f 2313 1738 2360
f 1743 1060 2358
f 1748 1747 1750
f 1065 1660 1066
f 1781 2219 1782
f 1299 2473 1109
f 1796 2255 2363
f 1821 1804 1067
f 1048 1052 1047
f 1122 1082 1123
f 1 2365 12
f 2258 21 20
f 26 14 2039
f 2337 2037 1147
f 2044 1163 75
f 75 88 1168
f 2400 82 1845
f 1087 129 105
f 1189 1190 297
f 118 1193 1850
f 126 1203 127
f 1202 133 1201
f 1207 1212 1210
f 146 1218 160
f 160 1218 161
f 1227 155 151
f 1241 1863 2067
f 1324 1325 176
f 178 2083 1245
f 1246 1234 169
f 1247 183 1246
f 1237 1248 169
f 2071 188 1254
f 1259 1258 171
f 2074 191 2466
f 1325 190 176
f 2309 2341 2403
f 190 191 1867
f 2091 1280 828
f 2234 2294 1282
f 245 1296 236
f 241 237 1294
f 238 236 1296
f 237 241 2405
f 242 1295 2095
f 1308 247 248
f 248 249 252
f 1299 243 242
f 269 2264 270
f 270 2264 2322
f 1318 310 276
f 319 320 316
f 181 322 1243
f 1326 340 333
f 1527 334 2037
f 333 56 1152
f 1332 355 1335
f 1334 1333 348
f 2110 1340 1343
f 2457 1344 361
f 1350 1345 363
f 2197 366 2103
f 1348 1889 1345
f 1352 359 354
f 2267 976 1900
f 1893 2268 1359
f 2268 1893 2110
f 1354 368 2106
f 1346 2117 2103
f 962 384 381
f 1908 387 386
f 442 2269 438
f 440 444 439
f 2270 1383 437
f 438 2269 36
f 2270 36 2269
f 1987 447 431
f 431 449 1987
f 472 1397 1398
f 451 1395 2387
f 2317 458 1851
f 476 477 468
f 1401 480 475
f 1399 475 480
f 1415 118 487
f 1881 1322 493
f 496 1918 1915
f 2446 498 503
f 2272 553 571
f 565 993 2249
f 634 2388 617
f 617 2388 609
f 615 610 623
f 1449 638 1451
f 1459 2273 615
f 615 2273 1457
f 2468 1931 1930
f 1467 668 1471
f 2389 670 669
f 672 2389 669
f 540 675 1473
f 670 2389 672
f 681 1479 1470
f 2275 1483 1620
f 2276 684 683
f 1487 1489 2277
f 1503 1504 697
f 1508 1507 2351
f 1503 1516 1514
f 705 1520 1947
f 1523 1510 1937
f 704 1513 1948
f 2145 1948 1513
f 1949 2451 2279
f 2279 2451 1950
f 1949 1511 2451
f 2280 704 1948
f 649 1528 1930
f 1528 2149 1930
f 652 1462 1530
f 1530 1462 1463
f 1538 1399 743
f 759 1543 1542
f 771 2284 1545
f 2283 791 1567
f 2392 2284 1959
f 769 2157 2290
f 1971 1664 1554
f 1554 1972 777
f 785 1557 2158
f 779 2159 1558
f 1560 2159 2161
f 1571 1969 1566
f 1555 1970 777
f 790 781 392
f 790 1547 781
f 1973 1572 324
f 803 805 1579
f 810 814 812
f 1587 2167 821
f 2244 1161 1978
f 2330 2245 2259
f 827 2286 1595
f 2196 836 1594
f 839 1597 1601
f 2171 841 1599
f 842 926 1600
f 845 1982 844
f 2355 198 880
f 847 2261 848
f 895 1632 893
f 2288 2177 1631
f 1388 2271 2494
f 2271 1635 2179
f 2475 1363 1366
f 1642 1629 1640
f 919 914 911
f 1989 933 1646
f 1647 1596 934
f 701 1600 2137
f 2188 1654 1464
f 935 946 1991
f 2421 940 1657
f 1658 2189 943
f 2460 938 2189
f 2379 2289 1747
f 102 1664 958
f 2290 1673 2291
f 1679 835 2004
f 1679 1678 1677
f 1685 1683 1900
f 1291 2250 1115
f 1704 2011 1705
f 1812 1711 1016
f 1723 1921 2204
f 1907 1379 1877
f 2333 1732 1042
f 1042 1731 2333
f 1737 1053 1741
f 1053 1737 1735
f 1745 1061 1059
f 1058 1017 1061
f 2290 1674 769
f 1750 1747 1062
f 1062 2015 1749
f 1066 1067 1755
f 1071 2293 2252
f 735 2294 736
f 2228 2295 1778
f 1305 1291 2221
f 1047 1083 1051
f 1083 1761 1051
f 1805 2297 2335
f 1778 2217 1116
f 1741 1053 1742
f 1136 1832 11
f 28 8 19
f 1833 2305 2042
f 1840 2037 2337
f 6 1838 55
f 2259 1587 821
f 1177 2141 2278
f 1848 94 1183
f 1196 1412 1195
f 180 1245 179
f 2083 1244 1245
f 1268 1238 1860
f 1368 2116 2115
f 435 429 1911
f 445 1835 446
f 472 473 1397
f 2317 103 458
f 1914 2376 498
f 1437 580 2428
f 2410 1429 2312
f 543 1919 2370
f 1931 1460 1930
f 1482 1487 691
f 1952 1503 697
f 2144 1942 1946
f 2049 2278 1184
f 2244 651 1162
f 2283 1567 775
f 1570 776 2283
f 1969 1549 2489
f 1548 2392 1958
f 1958 2470 2489
f 813 810 812
f 364 1979 2169
f 2147 1599 2354
f 1612 2301 855
f 958 1665 2194
f 2199 2066 172
f 2296 2018 2381
f 1790 1108 1789
f 1125 1120 1122
f 1135 11 1133
f 11 20 1130
f 11 1832 4
f 1135 1133 4
f 2032 2031 1160
f 2035 2034 1141
f 65 1161 2038
f 69 1141 2258
f 373 69 1892
f 1174 89 1164
f 1164 1175 1174
f 1175 2045 1166
f 1188 2299 2055
f 1850 2299 98
f 1854 1195 1412
f 2299 123 2446
f 1212 1209 1210
f 2067 2418 1241
f 180 179 2100
f 2366 185 186
f 1256 1254 1248
f 1869 2308 1867
f 1207 1265 189
f 2341 186 1271
f 2308 1269 1867
f 1266 2309 1870
f 1220 2075 192
f 2343 1860 1241
f 2300 200 1280
f 1276 847 845
f 1279 1272 2260
f 1276 1280 2262
f 247 2095 2094
f 252 250 1302
f 247 251 248
f 253 1298 243
f 560 2205 1877
f 253 1299 256
f 1308 248 1304
f 1414 1405 276
f 2345 1317 1323
f 1879 289 290
f 1313 2345 1321
f 1320 1321 2345
f 2266 177 2230
f 2345 311 1320
f 1886 347 350
f 354 355 1332
f 2435 1352 354
f 367 1356 2436
f 1895 371 2113
f 2108 1358 2112
f 2268 1891 1359
f 2113 2041 1146
f 1364 1365 1897
f 2117 2311 1370
f 1906 380 1134
f 1877 386 387
f 1300 255 386
f 1377 1379 1907
f 393 394 1379
f 1379 1377 393
f 399 1381 448
f 2270 443 1383
f 449 431 1393
f 2373 2271 1389
f 1394 1392 431
f 1741 1417 2018
f 2128 1914 498
f 495 1918 2375
f 2376 1420 503
f 1438 2428 2205
f 579 2129 1696
f 1435 2133 568
f 1439 1433 1695
f 580 1433 1440
f 1644 1449 1448
f 678 668 1474
f 2137 1939 694
f 2137 694 1505
f 1507 698 1938
f 1946 2142 1947
f 1503 1952 1945
f 1520 705 90
f 1186 1511 1512
f 2279 1950 1949
f 1526 2241 1525
f 1540 744 746
f 2282 2284 772
f 1565 1551 2420
f 781 1569 2163
f 1548 2489 1549
f 1546 1960 2282
f 1558 1556 789
f 1962 1557 785
f 1968 2490 1958
f 2243 2490 1564
f 2155 1378 1568
f 715 1974 2500
f 1579 337 1582
f 651 2167 1584
f 2377 2298 821
f 2085 1594 836
f 1940 1942 842
f 2171 1605 2170
f 2171 1184 2278
f 855 1613 1612
f 1625 2247 1627
f 2176 1626 1641
f 1630 2412 892
f 1633 2173 2302
f 2174 375 2180
f 2288 1631 2178
f 936 935 1651
f 2357 2187 1654
f 1666 950 2379
f 2379 1995 952
f 957 1670 1998
f 2190 2194 1665
f 2000 956 1671
f 2414 1664 102
f 2196 976 1681
f 979 2198 1686
f 1033 1723 1717
f 1018 2333 1731
f 1738 2313 2207
f 1739 2220 2207
f 2293 268 1758
f 2293 1758 2252
f 2069 2212 1762
f 2068 1769 174
f 1765 2023 1767
f 2218 1780 2013
f 2297 2229 2335
f 2229 2256 1823
f 1823 1806 2225
f 1122 1120 1124
f 12 13 1
f 14 2383 2231
f 68 1143 2330
f 30 2330 1143
f 2315 2041 1143
f 80 1603 81
f 2316 1188 101
f 146 145 147
f 152 154 1225
f 167 2232 1219
f 217 218 1287
f 250 226 223
f 2321 257 2396
f 2263 267 1283
f 282 2323 284
f 336 330 331
f 2037 334 1328
f 2037 1328 34
f 392 2463 389
f 407 404 408
f 36 440 438
f 1388 443 2270
f 1742 515 486
f 545 600 544
f 562 385 391
f 2346 2131 579
f 587 589 427
f 2450 525 537
f 598 1444 599
f 613 622 623
f 645 1446 625
f 2419 614 709
f 2499 643 1928
f 643 645 1928
f 1482 1483 1487
f 692 693 679
f 2152 653 652
f 744 1538 743
f 1538 746 1537
f 1544 763 765
f 369 2469 374
f 1550 1959 1552
f 1555 1554 789
f 2420 769 1565
f 794 325 326
f 822 2331 820
f 30 2246 2330
f 2447 1679 2425
f 2182 2355 880
f 815 852 811
f 530 2277 859
f 872 884 2394
f 1625 2176 2441
f 1987 1636 1633
f 1114 908 909
f 922 1643 933
f 1396 1398 1661
f 2198 991 1692
f 2491 1712 1021
f 1024 1023 2398
f 1732 2333 2477
f 585 2253 1734
f 1076 564 1077
f 1078 916 258
f 727 2153 1534
f 2303 1101 1001
f 2334 2219 1781
f 464 1107 1799
f 1023 909 1041
f 1821 1067 1822
f 1084 1125 1123
f 1126 1122 1124
f 2229 1115 2093
f 1832 13 12
f 10 6 1
f 50 597 608
f 2337 1149 10
f 2433 57 603
f 1894 69 1142
f 85 78 1170
f 1195 2481 127
f 955 127 2481
f 1188 2316 2299
f 111 2056 2438
f 116 1192 115
f 1853 1852 1194
f 1204 133 107
f 2340 1863 1241
f 1864 2083 178
f 1250 2342 1267
f 1866 2462 1222
f 1265 2074 189
f 190 1270 176
f 1871 2084 197
f 1275 2086 2085
f 2233 215 210
f 255 254 256
f 1883 288 1314
f 276 2344 2098
f 182 1883 176
f 2102 341 1331
f 327 328 343
f 364 1351 2104
f 2435 2104 359
f 788 388 787
f 403 1393 431
f 1385 432 396
f 1390 1389 2271
f 468 475 740
f 1828 513 514
f 602 598 518
f 2346 554 2131
f 1442 589 587
f 605 2417 599
f 599 2347 598
f 2348 615 612
f 2348 1459 615
f 617 612 620
f 1452 921 1448
f 1452 1454 921
f 649 650 2281
f 1466 653 1953
f 2135 1477 676
f 678 1726 1037
f 1469 1620 685
f 1500 1521 2468
f 699 1465 1510
f 1993 2350 1507
f 1523 707 706
f 707 1523 1937
f 1531 2242 712
f 1977 721 714
f 2152 652 1530
f 1967 1550 1552
f 1967 1552 1565
f 789 779 1558
f 1560 780 1561
f 1572 794 326
f 799 803 802
f 799 805 803
f 2500 1582 2353
f 1587 820 2167
f 1584 2167 2166
f 820 823 2167
f 2355 2442 198
f 857 1610 2277
f 855 1610 857
f 857 2277 1615
f 1610 2090 213
f 1604 2442 2355
f 2442 1604 1608
f 887 886 1623
f 1625 1624 2247
f 1990 695 1649
f 695 1506 1649
f 1462 1464 937
f 937 938 2460
f 1667 953 954
f 2055 1675 2414
f 1676 959 2248
f 1688 1686 983
f 2402 1696 1232
f 2359 1044 2477
f 2358 1715 2359
f 2359 1020 1044
f 1723 1028 1717
f 214 213 1725
f 1731 2361 1018
f 1112 994 2253
f 2020 1739 2208
f 1086 1736 1763
f 1744 2361 462
f 1072 1068 2362
f 1760 2416 1761
f 1083 1760 1761
f 1763 2492 1082
f 2334 1781 2080
f 1775 1793 1054
f 2362 1108 1071
f 2364 1807 1819
f 1754 1753 1808
f 1750 2256 1822
f 2229 2225 1115
f 5 2365 3
f 2034 2305 1833
f 2367 1864 178
f 1865 2341 1253
f 1256 1255 1251
f 2095 1295 1293
f 247 1308 2221
f 2369 1896 2267
f 589 435 427
f 517 541 538
f 1505 2349 2137
f 729 732 745
f 2391 748 1955
f 1544 374 763
f 2354 1601 1602
f 1646 1644 1448
f 2380 1034 1718
f 1775 2023 1793
f 2257 13 1832
f 1838 1150 55
f 52 33 2040
f 53 1149 52
f 64 2298 1839
f 2298 65 1841
f 69 2034 2035
f 71 1894 2432
f 1892 69 1894
f 2336 70 1138
f 2046 85 1170
f 78 1166 1170
f 2339 959 99
f 1240 2307 1863
f 2366 186 1250
f 2342 1250 186
f 186 2341 1257
f 1868 2074 1265
f 2068 1860 2343
f 2068 2343 1241
f 1274 2442 2087
f 1608 2087 2442
f 255 1300 1430
f 1874 1285 235
f 2116 1349 368
f 2112 1358 2324
f 1358 2368 2324
f 2324 2368 1895
f 2310 2324 2111
f 1363 1896 2369
f 2118 2444 2288
f 1372 1904 1906
f 1877 387 1908
f 1907 393 1377
f 414 399 448
f 1635 2271 2373
f 2265 2374 280
f 1912 2374 1405
f 2126 2409 1913
f 1918 1914 2128
f 1429 2410 1435
f 578 1436 1921
f 2131 2327 1436
f 624 614 621
f 1458 2134 1451
f 651 1501 2239
f 1480 1479 1935
f 1605 2278 2141
f 1515 2142 1514
f 1948 2145 706
f 1528 649 2281
f 1959 2282 1960
f 1565 2329 1551
f 2329 1565 1552
f 1965 1563 2190
f 1967 2190 783
f 2500 2353 715
f 2377 821 1588
f 364 830 832
f 1942 1940 1941
f 1606 1983 1981
f 2247 1624 888
f 1628 2413 890
f 2378 895 1363
f 2496 893 2177
f 895 2378 1362
f 1635 2373 1389
f 964 948 1663
f 2193 2190 1672
f 2452 1996 1675
f 961 2452 959
f 2009 984 1688
f 1723 2204 1028
f 585 1112 2253
f 2361 1731 462
f 1783 307 306
f 2214 1762 2213
f 2223 2024 2066
f 1814 2012 1778
f 2215 1776 2219
f 1125 1122 1123
f 1840 67 2037
f 67 66 2037
f 440 436 444
f 2447 835 1679
f 904 900 903
f 1432 1694 565
f 2253 1045 1734
f 25 2259 1157
f 1158 1841 1156
f 168 2340 1241
f 2403 2341 1271
f 2311 2116 1370
f 422 433 1386
f 2137 2349 1504
f 706 707 1948
f 2245 2330 1587
f 2261 846 848
f 2278 1605 2171
f 1666 2379 952
f 2225 1806 1115
f 2256 1821 1822
f 887 2302 2173
f 2423 1817 2219
f 1130 21 1136
f 76 1173 2480
f 2299 2316 101
f 1250 185 2366
f 185 1250 1267
f 253 243 1299
f 1439 1695 2132
f 744 1540 1538
f 1959 2284 2282
f 1663 1995 1660
f 2418 1768 2068
f 16 3 23
f 23 9 7
f 32 29 1143
f 41 2384 14
f 604 603 57
f 2427 2299 1193
f 131 130 2482
f 1233 2424 2063
f 209 195 826
f 295 294 297
f 300 999 299
f 1408 2098 309
f 332 34 2455
f 1331 343 328
f 1338 361 1339
f 400 1909 868
f 435 589 424
f 425 428 426
f 425 587 428
f 433 422 2120
f 429 432 436
f 2387 453 955
f 458 457 1851
f 1398 1396 1400
f 277 485 286
f 481 1912 1913
f 515 1127 1422
f 864 535 531
f 574 581 1923
f 608 425 426
f 624 611 325
f 1943 1503 1502
f 699 2390 1509
f 714 721 712
f 545 724 595
f 2392 770 1545
f 1564 2470 2243
f 862 866 865
f 872 2182 880
f 883 2394 885
f 903 165 1859
f 905 1859 167
f 2396 908 906
f 917 918 897
f 908 1114 907
f 570 904 563
f 974 508 972
f 2453 980 982
f 2397 2491 1714
f 1025 1027 1040
f 1072 1069 1068
f 1731 2372 1730
f 1113 1799 1107
f 1810 1811 2012
f 1139 2383 1138
f 40 440 2384
f 2384 2039 14
f 1171 2400 2046
f 1170 1171 2046
f 86 81 85
f 2422 490 112
f 1192 114 115
f 1853 1194 1196
f 1201 133 128
f 133 1203 128
f 1043 114 1192
f 115 2338 1856
f 1223 157 1209
f 1226 2385 1225
f 1225 2385 144
f 165 1230 141
f 165 2062 1230
f 2063 2424 2488
f 1270 190 1269
f 2087 1275 1274
f 211 836 2089
f 1295 2405 241
f 2493 1292 1308
f 278 284 2323
f 285 286 483
f 1331 328 2102
f 1336 347 1886
f 1345 1889 1347
f 1351 359 2104
f 2113 371 1357
f 2426 433 413
f 1394 447 450
f 1663 1400 1396
f 471 1400 1663
f 1913 482 489
f 515 1422 486
f 574 2410 1922
f 648 608 588
f 621 623 1445
f 1458 639 2134
f 540 2135 675
f 1488 1490 690
f 529 2429 682
f 2458 691 1495
f 1465 1937 1510
f 1943 1502 701
f 698 1509 2390
f 1515 2411 1944
f 2419 625 614
f 2408 463 456
f 1538 740 1399
f 783 1564 1968
f 1973 1573 1572
f 717 2393 1953
f 1586 1585 811
f 1725 2447 870
f 831 358 357
f 1626 1627 2247
f 890 1642 1628
f 1597 930 838
f 702 1649 2140
f 2000 1672 1966
f 1996 2414 1675
f 1689 992 985
f 2008 1686 1688
f 989 990 1691
f 2198 979 2007
f 2477 1733 1732
f 1755 1067 1064
f 1757 1819 1808
f 1761 2416 1081
f 1764 1090 1041
f 736 726 735
f 1772 2070 2423
f 177 2070 1772
f 1799 1059 2025
f 1085 1122 1128
f 8 16 23
f 1156 1841 67
f 1232 986 1862
f 594 2474 589
f 2417 604 599
f 621 1445 624
f 611 624 1445
f 650 1465 1975
f 2148 1950 2451
f 837 1597 838
f 2236 1635 1389
f 2258 1145 71
f 10 13 2257
f 2298 1841 1158
f 1142 69 2258
f 82 1171 1845
f 1185 1846 1169
f 2054 91 1179
f 168 1241 2488
f 1257 2078 1267
f 190 2466 191
f 2081 2403 2334
f 1275 201 2086
f 2261 1273 199
f 1878 1310 310
f 278 2323 1316
f 178 1245 180
f 2197 2103 1364
f 1346 1345 1347
f 1339 2407 1338
f 1354 2106 2107
f 2018 1417 1410
f 1929 2499 1424
f 1435 2410 574
f 639 1458 1459
f 715 2281 650
f 2411 1516 1945
f 2144 1947 1520
f 726 1532 735
f 2420 1551 769
f 1957 2283 2392
f 1981 2141 1606
f 1896 1623 2437
f 1627 1626 2176
f 2413 1628 1642
f 1394 450 2356
f 653 2421 1657
f 984 2008 1688
f 987 2201 983
f 2129 978 1696
f 2252 2380 1718
f 1071 2224 2363
f 2314 2222 1775
f 1204 1853 1203
f 2388 634 609
f 2362 1068 1759
f 185 2227 2334
f 1190 109 297
f 2056 1190 1189
f 184 2062 183
f 361 1338 2457
f 2412 1630 2413
f 1930 1460 649
f 2147 2354 703
f 1141 69 2035
f 1507 697 696
f 1958 2352 1548
f 1388 2494 443
f 1664 2414 1996
f 104 2317 1851
f 2422 485 490
f 869 870 856
f 872 2394 883
f 2396 909 908
f 485 2422 286
f 2425 870 2447
f 1667 954 1668
f 1518 2148 2451
f 178 180 2100
f 598 547 1920
f 698 1992 940
f 1752 2028 2304
f 2396 1303 920
f 2429 529 692
f 562 1431 1379
f 2423 2219 1776
f 445 42 37
f 853 81 1603
f 81 1173 80
f 1675 2446 99
f 103 2317 96
f 155 1227 147
f 150 1225 159
f 162 1229 2232
f 2424 1233 168
f 195 209 205
f 283 285 282
f 294 295 296
f 34 330 336
f 1336 1885 347
f 1899 1366 1365
f 1638 1365 1366
f 400 1380 1909
f 870 402 423
f 592 420 407
f 1909 421 867
f 442 2270 2269
f 2271 1388 2426
f 476 468 740
f 456 476 740
f 486 1422 491
f 1915 498 2427
f 2427 1193 1413
f 1434 554 553
f 2428 1438 1437
f 2238 670 674
f 876 1620 1469
f 2277 2439 2458
f 961 1554 2452
f 818 1849 817
f 1985 870 423
f 1620 1482 1936
f 900 165 903
f 165 900 901
f 901 900 904
f 872 883 927
f 2248 960 967
f 1004 917 1003
f 1027 1716 1040
f 213 2447 1725
f 2010 988 987
f 1130 20 21
f 1132 1137 18
f 1834 2306 22
f 2433 2434 57
f 63 2433 603
f 1138 1132 1139
f 2448 111 130
f 125 1202 1197
f 1217 141 1230
f 2232 1229 143
f 168 1863 2340
f 2071 1224 188
f 1870 2083 1270
f 1209 2060 192
f 1252 2076 2075
f 1210 1209 192
f 200 2084 196
f 1272 1614 2260
f 2087 2261 1275
f 1115 230 1291
f 230 229 231
f 357 358 1337
f 2041 1361 764
f 1357 764 1361
f 1145 380 71
f 380 379 71
f 1679 1677 402
f 2124 474 473
f 2438 483 111
f 276 1408 484
f 118 1415 1413
f 2326 484 1414
f 499 2427 1413
f 574 576 581
f 1433 565 2249
f 1467 1934 668
f 670 1472 669
f 1475 673 675
f 2238 2485 1481
f 692 683 2429
f 2274 685 684
f 1943 701 2137
f 699 698 2390
f 1515 1514 2411
f 709 2242 2419
f 1957 2440 2283
f 1555 1556 1962
f 792 2430 781
f 793 801 1576
f 1579 800 1578
f 687 1485 1614
f 214 870 869
f 2413 443 2412
f 1634 1623 1896
f 2402 2346 1696
f 1019 1715 2358
f 1072 2014 1069
f 1271 186 185
f 185 2334 1271
f 1712 1713 2454
f 1115 1121 230
f 1778 2012 1104
f 1095 1816 175
f 1824 1108 1825
f 1050 1128 1127
f 1834 2033 1833
f 88 1173 2479
f 1264 2075 1263
f 1842 2443 2324
f 1393 887 449
f 887 1393 1387
f 536 551 1424
f 2434 604 57
f 1509 698 940
f 1957 1549 2440
f 1961 2440 1549
f 2192 950 1666
f 1125 1084 1120
f 1015 2335 2229
f 2445 2258 20
f 1158 1831 22
f 2244 2150 1161
f 2446 1675 2055
f 2446 2055 2299
f 192 1264 1210
f 1274 1275 2442
f 1295 242 243
f 2324 2443 1892
f 2443 1842 373
f 416 404 415
f 484 2326 276
f 2132 1695 1693
f 1934 1470 1479
f 2421 1509 940
f 2143 1518 2451
f 2451 1511 2143
f 2242 2459 2419
f 1567 1553 775
f 1564 783 1970
f 1573 709 624
f 837 1601 1597
f 2302 893 1633
f 1990 1649 946
f 2193 101 2190
f 986 1695 993
f 768 1823 1749
f 1794 1773 1768
f 2218 2012 1780
f 2314 1775 1054
f 2222 2314 1054
f 1800 470 1108
f 1875 245 236
f 1612 687 2301
f 2319 901 904
f 1687 984 172
f 324 1572 326
f 2324 1892 2111
f 1919 1928 2370
f 2446 123 2057
f 560 1438 2205
f 952 1995 1662
f 1672 2216 2285
f 1048 1047 1826
f 1776 2215 1772
f 111 106 130
f 106 111 1191
f 512 513 1828
f 150 159 151
f 2404 207 209
f 2435 359 1352
f 2310 367 2436
f 2475 1366 2115
f 2395 2356 450
f 389 2463 781
f 737 222 736
f 88 2479 1168
f 893 2302 895
f 706 2145 1523
f 909 2396 920
f 531 535 533
f 1380 1985 423
f 1703 264 1012
f 1430 558 559
f 2432 1142 2258
f 1345 1338 2407
f 375 2444 2118
f 474 1402 475
f 2397 1712 2491
f 774 773 256
f 2075 1220 1252
f 1951 1522 1498
f 2392 2283 775
f 1050 1127 1742
f 306 177 1783
f 1687 172 1240
f 1665 1664 2001
f 24 8 23
f 65 2038 66
f 7 48 24
f 110 999 1699
f 126 127 96
f 2448 130 131
f 302 301 304
f 298 302 295
f 302 303 295
f 1331 2455 336
f 395 970 583
f 2474 407 396
f 494 491 504
f 527 531 533
f 1424 543 521
f 2449 971 586
f 537 1933 2450
f 520 1473 519
f 683 684 2429
f 730 1097 731
f 731 1097 745
f 1097 728 745
f 2164 709 1573
f 1529 713 1576
f 816 811 809
f 816 1586 811
f 1725 870 214
f 1635 2236 2123
f 896 148 899
f 1664 2452 1554
f 1910 1677 2002
f 990 1694 1691
f 1712 2454 1021
f 1041 2206 1023
f 1772 2423 1776
f 1156 67 1840
f 85 81 78
f 116 108 1199
f 116 1199 2058
f 1263 1867 1262
f 1267 175 185
f 2081 2082 1870
f 2088 2092 212
f 2455 1331 333
f 332 2455 333
f 195 345 2456
f 1885 2456 345
f 1888 355 354
f 367 370 2107
f 367 2310 1355
f 400 401 1380
f 2375 1417 2127
f 1423 1428 1035
f 1921 2327 556
f 562 574 1431
f 611 1445 623
f 1423 1035 2135
f 666 1037 1036
f 683 692 679
f 2458 2439 691
f 2152 1953 653
f 2469 763 374
f 1577 1973 324
f 1597 839 930
f 1634 894 887
f 1694 1432 1691
f 992 1694 990
f 1712 2397 1019
f 1020 1025 1026
f 2014 1072 1032
f 2293 2363 268
f 1760 1093 1762
f 1270 2083 1864
f 259 257 2321
f 296 281 282
f 1888 357 1337
f 1441 991 989
f 2450 1933 525
f 1951 1498 1499
f 824 1163 2331
f 306 2344 177
f 22 2033 1834
f 1149 1147 1148
f 1150 1837 6
f 101 102 958
f 1220 2462 1866
f 168 985 1240
f 1264 1263 1262
f 2341 2309 1266
f 175 1267 2077
f 2078 2079 2077
f 1870 2082 2083
f 2060 1220 192
f 403 1910 975
f 474 2124 1400
f 1913 489 113
f 1429 560 2312
f 560 1429 1438
f 580 565 1433
f 770 1553 2155
f 771 2154 773
f 1549 1957 2392
f 1979 1592 2169
f 1630 890 2413
f 891 1635 2123
f 1121 229 230
f 2025 1059 464
f 2213 2029 2214
f 395 583 1375
f 640 626 1531
f 1769 1768 1773
f 1248 1254 169
f 2344 306 2098
f 1488 689 1491
f 1560 1559 2487
f 256 2022 774
f 1741 1742 1916
f 101 958 2194
f 2009 1688 2200
f 2009 2200 2199
f 781 2463 392
f 150 152 1225
f 283 284 286
f 1498 1522 1524
f 829 1680 1590
f 2169 1592 830
f 1805 2335 1015
f 294 296 282
f 1967 783 1968
f 1817 1782 2219
f 2455 34 336
f 1703 1010 264
f 2405 1295 237
f 198 1614 1485
f 209 2472 2404
f 1646 932 1644
f 1810 2012 1814
f 1875 234 245
f 2266 2230 2344
f 196 2084 1871
f 538 518 517
f 709 1447 624
f 2301 687 1272
f 1614 1272 687
f 2223 2214 1092
f 1043 1040 114
f 2353 1582 795
f 475 1402 1401
f 1104 2012 2218
f 1297 244 2094
f 1978 821 2167
f 1845 2464 2400
f 152 150 151
f 194 1277 193
f 223 226 221
f 2264 261 2322
f 917 271 315
f 1882 917 315
f 434 437 443
f 596 654 591
f 929 928 628
f 819 824 2331
f 2472 826 358
f 209 826 2472
f 903 1859 904
f 906 1078 258
f 2453 2465 981
f 1027 1025 1020
f 1021 1022 1024
f 555 567 1721
f 1069 571 569
f 1796 2483 1820
f 1172 1176 1187
f 96 127 97
f 1913 113 1416
f 2338 2482 2497
f 141 1217 142
f 1216 141 142
f 897 145 146
f 2060 157 2462
f 1216 163 141
f 1237 169 2065
f 1863 168 1240
f 182 1864 2367
f 213 2004 835
f 285 283 286
f 278 1319 1312
f 322 179 1243
f 353 1886 350
f 347 1543 350
f 393 790 394
f 434 443 2413
f 2484 474 475
f 2484 475 468
f 477 2484 468
f 479 458 454
f 1415 487 484
f 2468 1498 1931
f 725 2242 2164
f 793 725 2164
f 350 1543 757
f 352 2469 369
f 1546 2282 772
f 798 793 1573
f 831 2472 358
f 1611 860 861
f 856 858 214
f 935 1650 1990
f 2138 2421 653
f 1993 1508 1992
f 1994 702 2287
f 666 1036 344
f 1916 486 2127
f 486 1916 2125
f 1792 2473 231
f 226 1297 221
f 2136 1500 2150
f 950 1669 949
f 1916 1742 2125
f 1729 1090 1764
f 2050 1182 2051
f 1848 2053 91
f 2107 1356 367
f 1638 1897 1365
f 2475 1367 1362
f 1431 574 561
f 991 1441 2133
f 2468 1499 1498
f 2149 1528 710
f 773 2154 1378
f 799 2471 800
f 935 1990 946
f 1637 891 2123
f 171 2476 1237
f 278 1312 280
f 2467 369 1357
f 2352 1958 2489
f 2477 1044 1733
f 2477 1018 2359
f 2063 2488 1241
f 1209 157 2060
f 754 2391 1955
f 2425 402 870
f 1383 443 437
f 829 1590 830
f 1090 2206 1041
f 2474 396 589
f 829 830 1680
f 168 2488 2424
f 1171 82 2400
f 264 1011 1012
f 2478 807 796
f 64 1157 2298
f 2489 1548 2352
f 1834 1157 64
f 551 526 1929
f 1823 768 1751
f 88 2480 1173
f 2464 86 85
f 452 479 454
f 1523 2145 2139
f 798 1573 1973
f 1270 1864 182
f 1856 130 115
f 539 518 538
f 2 48 7
f 2482 2338 1855
f 897 146 271
f 249 251 252
f 1306 1308 1304
f 317 296 295
f 1985 401 400
f 428 429 446
f 504 507 1917
f 494 1419 491
f 522 540 519
f 581 572 1923
f 1469 2274 1468
f 342 2172 666
f 732 1535 1539
f 1617 2332 862
f 264 1010 270
f 1722 1721 1069
f 2210 1791 1121
f 2479 2464 1845
f 91 2053 1186
f 108 130 106
f 2448 131 2482
f 2448 2482 1855
f 163 1216 142
f 1228 1858 136
f 1365 1364 1898
f 2484 477 474
f 1423 1920 1428
f 1473 520 540
f 2274 681 1468
f 1463 1462 654
f 2486 353 761
f 2469 353 2486
f 2487 2430 1560
f 798 1973 2471
f 1979 366 1684
f 2441 1629 890
f 2496 1633 893
f 2483 1056 1820
f 1043 129 1087
f 1094 1762 2214
f 1163 87 88
f 1423 2135 540
f 727 1534 732
f 1576 801 1529
f 1184 2048 1182
f 1868 1867 191
f 2100 179 322
f 323 321 2367
f 2112 2498 1890
f 1433 2249 993
f 785 2489 1970
f 1564 1970 2489
f 2489 2470 1564
f 1958 2490 2243
f 1637 889 892
f 443 2494 892
f 317 1317 296
f 823 1163 2166
f 1695 1433 993
f 2060 2462 1220
f 2490 1968 1564
f 1866 1222 1224
f 935 695 1650
f 1007 1011 1006
f 1006 1011 266
f 1679 402 2425
f 773 774 2021
f 1637 2356 2395
f 713 793 1576
f 799 798 2471
f 1312 1319 1311
f 280 1312 1311
f 940 1992 1657
f 980 2453 1734
f 384 969 970
f 141 163 165
f 2175 1626 2247
f 2123 2356 1637
f 2218 1102 1104
f 771 773 2021
f 2223 1094 2214
f 1637 2395 450
f 721 717 1530
f 483 1191 111
f 98 100 101
f 1215 1207 137
f 137 1211 1215
f 195 205 203
f 353 349 1886
f 1380 401 1985
f 1481 683 671
f 529 2439 530
f 2408 1539 1533
f 1021 1024 2491
f 1024 1714 2491
f 1761 2492 1051
f 1837 58 61
f 2497 130 1856
f 1228 160 161
f 1324 1880 1325
f 1319 278 1879
f 1336 1886 348
f 1335 1885 1336
f 2483 1107 464
f 581 582 1435
f 683 679 671
f 684 682 2429
f 2487 781 2430
f 818 822 808
f 1609 1849 854
f 530 861 529
f 915 912 911
f 1466 1509 2421
f 975 2002 1677
f 981 2465 2010
f 110 1697 999
f 2495 1018 2361
f 1018 2477 2333
f 1055 2483 464
f 1819 1757 1064
f 1760 2069 1081
f 1103 1777 2218
f 514 516 2030
f 1231 170 986
f 2128 498 1915
f 1552 1960 1546
f 2289 950 2291
f 1142 2432 1894
f 2497 1856 2338
f 1202 1200 2059
f 989 1691 2133
f 582 2133 1435
f 609 612 617
f 1466 2421 2138
f 1940 842 701
f 1552 1546 1063
f 1971 1554 777
f 2298 1157 821
f 855 2301 1272
f 1635 2494 2179
f 2494 2271 2179
f 1665 2001 1971
f 19 8 24
f 1418 1408 1409
f 891 1637 892
f 2243 2470 1958
f 1365 1898 1899
f 1275 2085 2442
f 1664 1971 2001
f 888 2496 2177
f 955 2481 956
f 1222 2462 1221
f 1222 1221 1224
f 2113 1357 1361
f 1500 1930 2149
f 2436 2498 2310
f 1102 2218 1100
f 1102 1100 1778
f 1297 2094 1296
f 178 323 2367
f 1355 370 367
f 1507 696 2351
f 890 1629 1642
f 956 2481 95
f 1952 1513 1945
f 2310 2498 2324
f 624 1447 614
f 819 817 824
f 2497 2482 130
f 685 2274 1469
f 1940 701 1514
f 65 1588 1161
f 803 796 807
f 1560 2430 780
f 1297 1296 245
f 966 583 970
f 2464 2479 86
f 251 1297 252
f 1225 158 1223
f 269 261 2264
f 1650 695 1990
f 1411 118 1412
f 1575 803 2500
f 803 1582 2500
f 225 1302 250
f 926 1647 2183
f 384 970 1376
f 857 1615 1613
f 2175 2247 2174
f 855 857 1613
f 717 2152 1530
f 2130 1721 567
f 286 1191 483

