3.815669715404510498e-01 -9.243408441543579102e-01 8.655711426399648190e-04 -1.824117382057011127e-03 -1.689410768449306488e-03 -9.999969601631164551e-01
2.920543551445007324e-01 -9.564013481140136719e-01 8.554469677619636059e-04 2.828434342518448830e-03 -3.072660183534026146e-05 -9.999960064888000488e-01
2.841452062129974365e-01 -9.587808847427368164e-01 8.422618266195058823e-04 2.393247414147481322e-04 -8.075448567979037762e-04 -9.999996423721313477e-01
1.768902391195297241e-01 -9.842302203178405762e-01 8.458576630800962448e-04 1.496240147389471531e-04 -8.325189701281487942e-04 -9.999996423721313477e-01
1.768902391195297241e-01 -9.842302203178405762e-01 8.474712958559393883e-04 1.499094505561515689e-04 -8.341071661561727524e-04 -9.999996423721313477e-01
5.924077332019805908e-02 -9.982433915138244629e-01 8.513245848007500172e-04 5.043314740760251880e-05 -8.498294628225266933e-04 -9.999996423721313477e-01
5.924077332019805908e-02 -9.982433915138244629e-01 8.534385124221444130e-04 5.055837755207903683e-05 -8.519396651536226273e-04 -9.999996423721313477e-01
-5.924077332019805908e-02 -9.982433915138244629e-01 8.507379679940640926e-04 -5.039839379605837166e-05 -8.492438355460762978e-04 -9.999996423721313477e-01
-5.924077332019805908e-02 -9.982433915138244629e-01 8.521057898178696632e-04 -5.047942613600753248e-05 -8.506092708557844162e-04 -9.999996423721313477e-01
-1.768902391195297241e-01 -9.842302203178405762e-01 8.595286635681986809e-04 -1.520422811154276133e-04 -8.459743694402277470e-04 -9.999996423721313477e-01
-1.768902391195297241e-01 -9.842302203178405762e-01 8.606872870586812496e-04 -1.522472302895039320e-04 -8.471147739328444004e-04 -9.999996423721313477e-01
-2.920565903186798096e-01 -9.564006924629211426e-01 8.670392562635242939e-04 -2.532246289774775505e-04 -8.292372804135084152e-04 -9.999996423721313477e-01
-2.920565903186798096e-01 -9.564006924629211426e-01 8.686060318723320961e-04 -2.536822285037487745e-04 -8.307357202284038067e-04 -9.999996423721313477e-01
-4.031232595443725586e-01 -9.151453375816345215e-01 8.738915785215795040e-04 -3.522861516103148460e-04 -7.997380453161895275e-04 -9.999996423721313477e-01
-4.031232595443725586e-01 -9.151453375816345215e-01 8.749595144763588905e-04 -3.527166554704308510e-04 -8.007153519429266453e-04 -9.999996423721313477e-01
-5.085311532020568848e-01 -8.610432147979736328e-01 8.835205808281898499e-04 -4.492978914640843868e-04 -7.607496809214353561e-04 -9.999996423721313477e-01
-5.085311532020568848e-01 -8.610432147979736328e-01 8.833742467686533928e-04 -4.492234729696065187e-04 -7.606236613355576992e-04 -9.999996423721313477e-01
-6.067995429039001465e-01 -7.948544025421142578e-01 8.920054533518850803e-04 -5.412687896750867367e-04 -7.090148283168673515e-04 -9.999996423721313477e-01
-6.067995429039001465e-01 -7.948544025421142578e-01 8.937111706472933292e-04 -5.423037800937891006e-04 -7.103706593625247478e-04 -9.999996423721313477e-01
-6.965508460998535156e-01 -7.175068259239196777e-01 9.054540423676371574e-04 -6.306950235739350319e-04 -6.496697315014898777e-04 -9.999995827674865723e-01
-6.965509057044982910e-01 -7.175068855285644531e-01 9.047709172591567039e-04 -6.302191759459674358e-04 -6.491795647889375687e-04 -9.999995827674865723e-01
-7.765234708786010742e-01 -6.300877332687377930e-01 9.163074428215622902e-04 -7.115345215424895287e-04 -5.773542798124253750e-04 -9.999995827674865723e-01
-7.765234708786010742e-01 -6.300877332687377930e-01 9.196165483444929123e-04 -7.141040987335145473e-04 -5.794393364340066910e-04 -9.999995827674865723e-01
-8.455958366394042969e-01 -5.338229537010192871e-01 9.285857086069881916e-04 -7.852085400372743607e-04 -4.957005730830132961e-04 -9.999995827674865723e-01
-8.455957174301147461e-01 -5.338228940963745117e-01 9.299870580434799194e-04 -7.863935898058116436e-04 -4.964487161487340927e-04 -9.999995827674865723e-01
-9.027973413467407227e-01 -4.300652742385864258e-01 9.415676468051970005e-04 -8.500451222062110901e-04 -4.049357085023075342e-04 -9.999995827674865723e-01
-9.027973413467407227e-01 -4.300652742385864258e-01 9.437883272767066956e-04 -8.520499104633927345e-04 -4.058907506987452507e-04 -9.999995827674865723e-01
-9.351157546043395996e-01 -3.543411195278167725e-01 9.481039596721529961e-04 -8.865874260663986206e-04 -3.359524125698953867e-04 -9.999995827674865723e-01
-9.351157546043395996e-01 -3.543411195278167725e-01 9.510371019132435322e-04 -8.893302292563021183e-04 -3.369917394593358040e-04 -9.999995827674865723e-01
-9.473274946212768555e-01 -3.202650547027587891e-01 9.482236346229910851e-04 8.134827367030084133e-04 -5.366943310946226120e-03 -9.999852776527404785e-01
-9.591614007949829102e-01 -2.828579843044281006e-01 9.291805326938629150e-04 -1.950145466253161430e-03 3.327927552163600922e-03 -9.999926090240478516e-01
-9.785569906234741211e-01 -2.059743851423263550e-01 9.122154442593455315e-04 2.564123133197426796e-05 -4.550552926957607269e-03 -9.999896883964538574e-01
-9.834738373756408691e-01 -1.810479462146759033e-01 9.150097612291574478e-04 -1.361768809147179127e-03 2.343344269320368767e-03 -9.999963641166687012e-01
-9.960497617721557617e-01 -8.879325538873672485e-02 8.532065548934042454e-04 -5.870054010301828384e-04 -3.024058649316430092e-03 -9.999952912330627441e-01
-9.970111250877380371e-01 -7.725346088409423828e-02 8.505812729708850384e-04 -9.057392016984522343e-04 6.789517356082797050e-04 -9.999994039535522461e-01
-9.996246695518493652e-01 2.738741040229797363e-02 7.904407102614641190e-04 -8.125071763060986996e-04 -7.945972029119729996e-04 -9.999994039535522461e-01
-9.995605349540710449e-01 2.963473834097385406e-02 7.902351790107786655e-04 -8.373888558708131313e-04 -1.578787574544548988e-03 -9.999984502792358398e-01
-9.912861585617065430e-01 1.317241042852401733e-01 7.518514175899326801e-04 -5.608280771411955357e-04 1.487269648350775242e-03 -9.999987483024597168e-01
-9.890395998954772949e-01 1.476488113403320312e-01 7.593405316583812237e-04 -1.269880216568708420e-03 -3.363563679158687592e-03 -9.999935626983642578e-01
-9.808596372604370117e-01 1.947149634361267090e-01 7.442727801389992237e-04 -7.300273282453417778e-04 1.449210831196978688e-04 -9.999997615814208984e-01
-9.646353125572204590e-01 2.635872066020965576e-01 7.435047300532460213e-04 -7.172110490500926971e-04 1.959783694474026561e-04 -9.999997019767761230e-01
-9.646353125572204590e-01 2.635872066020965576e-01 7.408875389955937862e-04 -7.146864081732928753e-04 1.952885068021714687e-04 -9.999997019767761230e-01
-9.266893267631530762e-01 3.758276104927062988e-01 7.392915431410074234e-04 -6.850937497802078724e-04 2.778462367132306099e-04 -9.999997615814208984e-01
-9.266893267631530762e-01 3.758276104927062988e-01 7.377086440101265907e-04 -6.836269167251884937e-04 2.772513544186949730e-04 -9.999997615814208984e-01
-8.757348060607910156e-01 4.827919900417327881e-01 7.348823128268122673e-04 -6.435621762648224831e-04 3.547953965608030558e-04 -9.999997615814208984e-01
-8.757347464561462402e-01 4.827919900417327881e-01 7.323747850023210049e-04 -6.413662340492010117e-04 3.535847645252943039e-04 -9.999997615814208984e-01
-8.124868273735046387e-01 5.829792022705078125e-01 7.325840415433049202e-04 -5.952150095254182816e-04 4.270813369657844305e-04 -9.999997615814208984e-01
-8.124868273735046387e-01 5.829792022705078125e-01 7.302038138732314110e-04 -5.932811181992292404e-04 4.256937245372682810e-04 -9.999997615814208984e-01
-7.378329038619995117e-01 6.749830245971679688e-01 7.306163897737860680e-04 -5.390729638747870922e-04 4.931538132950663567e-04 -9.999997615814208984e-01
-7.378329038619995117e-01 6.749830842018127441e-01 7.331311935558915138e-04 -5.409284494817256927e-04 4.948512651026248932e-04 -9.999997615814208984e-01
-6.528221368789672852e-01 7.575109601020812988e-01 7.311927620321512222e-04 -4.773389664478600025e-04 5.538866389542818069e-04 -9.999997615814208984e-01
-6.528221368789672852e-01 7.575109004974365234e-01 7.375623099505901337e-04 -4.814971762243658304e-04 5.587117047980427742e-04 -9.999997615814208984e-01
-5.586465597152709961e-01 8.294055461883544922e-01 7.330302032642066479e-04 -4.095049516763538122e-04 6.079795421101152897e-04 -9.999997615814208984e-01
-5.586465597152709961e-01 8.294055461883544922e-01 7.397917797788977623e-04 -4.132822796236723661e-04 6.135876174084842205e-04 -9.999997615814208984e-01
-4.566292464733123779e-01 8.896568417549133301e-01 7.301379810087382793e-04 -3.334024513605982065e-04 6.495724082924425602e-04 -9.999997615814208984e-01
-4.566292166709899902e-01 8.896568417549133301e-01 7.386492216028273106e-04 -3.372889477759599686e-04 6.571445846930146217e-04 -9.999997615814208984e-01
-3.482014536857604980e-01 9.374194741249084473e-01 7.350958767347037792e-04 -2.559614949859678745e-04 6.890933727845549583e-04 -9.999997615814208984e-01
-3.482014536857604980e-01 9.374194741249084473e-01 7.411611150018870831e-04 -2.580734435468912125e-04 6.947790388949215412e-04 -9.999997615814208984e-01
-2.348859310150146484e-01 9.720227122306823730e-01 7.337690331041812897e-04 -1.723520690575242043e-04 7.132403552532196045e-04 -9.999997615814208984e-01
-2.348859161138534546e-01 9.720226526260375977e-01 7.366684731096029282e-04 -1.730330986902117729e-04 7.160586537793278694e-04 -9.999997019767761230e-01
-1.182732954621315002e-01 9.929808378219604492e-01 7.251128554344177246e-04 -8.576150867156684399e-05 7.200233521871268749e-04 -9.999997615814208984e-01
-1.182732954621315002e-01 9.929808378219604492e-01 7.319358992390334606e-04 -8.656849240651354194e-05 7.267984910868108273e-04 -9.999997615814208984e-01
-0.000000000000000000e+00 -6.875158869661390781e-04 9.999997615814208984e-01 0.000000000000000000e+00 9.999997615814208984e-01 6.875158869661390781e-04
-0.000000000000000000e+00 -6.907547940500080585e-04 9.999997615814208984e-01 0.000000000000000000e+00 9.999997615814208984e-01 6.907547940500080585e-04
1.182732880115509033e-01 9.929807782173156738e-01 7.578939548693597317e-04 8.963864092947915196e-05 7.525743567384779453e-04 -9.999997019767761230e-01
1.182732880115509033e-01 9.929807782173156738e-01 7.596611394546926022e-04 8.984765008790418506e-05 7.543291430920362473e-04 -9.999997019767761230e-01
1.801543980836868286e-01 9.836381077766418457e-01 7.543581305071711540e-04 1.359009766019880772e-04 7.420156034640967846e-04 -9.999997615814208984e-01
1.801543980836868286e-01 9.836381077766418457e-01 7.553836330771446228e-04 1.360857277177274227e-04 7.430242840200662613e-04 -9.999997615814208984e-01
2.346224784851074219e-01 9.720863103866577148e-01 7.405871292576193810e-04 -9.764446876943111420e-04 9.975270368158817291e-04 -9.999990463256835938e-01
2.348868548870086670e-01 9.720224738121032715e-01 7.393363048322498798e-04 -1.070596859790384769e-03 1.019322779029607773e-03 -9.999989271163940430e-01
3.349464535713195801e-01 9.422369003295898438e-01 7.294192910194396973e-04 1.300635747611522675e-03 3.117849701084196568e-04 -9.999991655349731445e-01
3.482036292552947998e-01 9.374186396598815918e-01 7.187540759332478046e-04 -2.823110669851303101e-03 1.815376104786992073e-03 -9.999943971633911133e-01
4.316013455390930176e-01 9.020642042160034180e-01 7.198610692285001278e-04 2.849082928150892258e-03 -5.651591927744448185e-04 -9.999958276748657227e-01
4.566321969032287598e-01 8.896552920341491699e-01 7.183098350651562214e-04 -3.822524100542068481e-03 2.769375219941139221e-03 -9.999889135360717773e-01
5.235269665718078613e-01 8.520088195800781250e-01 7.182946428656578064e-04 3.694556886330246925e-03 -1.427111215889453888e-03 -9.999921917915344238e-01
5.586498975753784180e-01 8.294032812118530273e-01 7.333031389862298965e-04 -4.102629609405994415e-03 3.647472709417343140e-03 -9.999849796295166016e-01
6.097185015678405762e-01 7.926177382469177246e-01 7.485928945243358612e-04 3.915264271199703217e-03 -2.067355904728174210e-03 -9.999902248382568359e-01
6.528253555297851562e-01 7.575080394744873047e-01 7.700723945163190365e-04 -3.741729073226451874e-03 4.241216462105512619e-03 -9.999840259552001953e-01
6.737881898880004883e-01 7.389241456985473633e-01 7.536763441748917103e-04 5.078184185549616814e-04 5.569098866544663906e-04 -9.999997615814208984e-01
7.378329038619995117e-01 6.749830842018127441e-01 7.495977915823459625e-04 5.530780763365328312e-04 5.059659597463905811e-04 -9.999997615814208984e-01
7.378329038619995117e-01 6.749830842018127441e-01 7.470274576917290688e-04 5.511816125363111496e-04 5.042310222052037716e-04 -9.999997615814208984e-01
8.124868273735046387e-01 5.829792022705078125e-01 7.428361568599939346e-04 6.035447586327791214e-04 4.330580995883792639e-04 -9.999997615814208984e-01
8.124868273735046387e-01 5.829792022705078125e-01 7.396060391329228878e-04 6.009202916175127029e-04 4.311750235501676798e-04 -9.999997615814208984e-01
8.757347464561462402e-01 4.827919900417327881e-01 7.321597659029066563e-04 6.411779322661459446e-04 3.534809511620551348e-04 -9.999997615814208984e-01
8.757347464561462402e-01 4.827919900417327881e-01 7.316608680412173271e-04 6.407410255633294582e-04 3.532400878611952066e-04 -9.999997615814208984e-01
9.266893267631530762e-01 3.758276104927062988e-01 7.277534459717571735e-04 6.744015263393521309e-04 2.735099114943295717e-04 -9.999997615814208984e-01
9.266893267631530762e-01 3.758276104927062988e-01 7.234963122755289078e-04 6.704565021209418774e-04 2.719099575188010931e-04 -9.999997615814208984e-01
9.646353125572204590e-01 2.635872066020965576e-01 7.217656821012496948e-04 6.962408078834414482e-04 1.902482472360134125e-04 -9.999997615814208984e-01
9.646353125572204590e-01 2.635872066020965576e-01 7.178538362495601177e-04 6.924673216417431831e-04 1.892171276267617941e-04 -9.999997615814208984e-01
9.890400171279907227e-01 1.476461738348007202e-01 7.201755070127546787e-04 7.122825481928884983e-04 1.063311792677268386e-04 -9.999997615814208984e-01
9.890400171279907227e-01 1.476461738348007202e-01 7.104719989001750946e-04 7.026853854767978191e-04 1.048984922817908227e-04 -9.999997615814208984e-01
9.995605945587158203e-01 2.963346987962722778e-02 7.078694761730730534e-04 7.075585890561342239e-04 2.097663491440471262e-05 -9.999997615814208984e-01
9.995605945587158203e-01 2.963346987962722778e-02 7.059428025968372822e-04 7.056327885948121548e-04 2.091954047500621527e-05 -9.999997615814208984e-01
9.960496425628662109e-01 -8.879577368497848511e-02 7.079103961586952209e-04 7.051140419207513332e-04 -6.285946437856182456e-05 -9.999997615814208984e-01
9.960496425628662109e-01 -8.879577368497848511e-02 7.066815742291510105e-04 7.038901094347238541e-04 -6.275035411817952991e-05 -9.999997615814208984e-01
9.785562753677368164e-01 -2.059783935546875000e-01 7.085028919391334057e-04 6.933101103641092777e-04 -1.459363120375201106e-04 -9.999997615814208984e-01
9.785562753677368164e-01 -2.059783935546875000e-01 7.066230173222720623e-04 6.914705736562609673e-04 -1.455491001252084970e-04 -9.999997615814208984e-01
9.473261237144470215e-01 -3.202699124813079834e-01 7.066274993121623993e-04 6.694067851640284061e-04 -2.263115457026287913e-04 -9.999997615814208984e-01
9.473261237144470215e-01 -3.202699124813079834e-01 7.083449745550751686e-04 6.710337474942207336e-04 -2.268616080982610583e-04 -9.999997615814208984e-01
9.027974605560302734e-01 -4.300653636455535889e-01 7.072886801324784756e-04 6.385385640896856785e-04 -3.041804302483797073e-04 -9.999997615814208984e-01
9.027974605560302734e-01 -4.300653636455535889e-01 7.082322263158857822e-04 6.393904332071542740e-04 -3.045862249564379454e-04 -9.999997615814208984e-01
8.455958962440490723e-01 -5.338230133056640625e-01 7.087310659699141979e-04 5.993003142066299915e-04 -3.783371066674590111e-04 -9.999997615814208984e-01
8.455958962440490723e-01 -5.338230133056640625e-01 7.093191379681229591e-04 5.997976404614746571e-04 -3.786510496865957975e-04 -9.999997615814208984e-01
7.867746353149414062e-01 -6.172400712966918945e-01 7.115662447176873684e-04 5.598423886112868786e-04 -4.392072733025997877e-04 -9.999997615814208984e-01
7.867746353149414062e-01 -6.172400712966918945e-01 7.115164771676063538e-04 5.598032730631530285e-04 -4.391765687614679337e-04 -9.999997615814208984e-01
7.765216231346130371e-01 -6.300902366638183594e-01 7.021730416454374790e-04 3.383615519851446152e-03 3.055569482967257500e-03 -9.999896287918090820e-01
7.245427370071411133e-01 -6.892295479774475098e-01 7.175079663284122944e-04 -2.084030304104089737e-03 -3.231828799471259117e-03 -9.999926686286926270e-01
6.965481638908386230e-01 -7.175096869468688965e-01 7.304683676920831203e-04 4.359729122370481491e-03 3.214316908270120621e-03 -9.999853968620300293e-01
6.485295891761779785e-01 -7.611891031265258789e-01 7.577420328743755817e-04 -2.807892393320798874e-03 -3.387772710993885994e-03 -9.999903440475463867e-01
6.067961454391479492e-01 -7.948572039604187012e-01 7.790998206473886967e-04 4.937717225402593613e-03 2.789306920021772385e-03 -9.999839663505554199e-01
5.654113292694091797e-01 -8.248087167739868164e-01 7.996207568794488907e-04 -3.076852532103657722e-03 -3.078653942793607712e-03 -9.999905824661254883e-01
5.085273385047912598e-01 -8.610454797744750977e-01 8.466989384032785892e-04 4.955870099365711212e-03 1.943577313795685768e-03 -9.999858736991882324e-01
4.760980606079101562e-01 -8.793918490409851074e-01 8.483522688038647175e-04 -2.771250205114483833e-03 -2.465037163347005844e-03 -9.999931454658508301e-01
4.031197428703308105e-01 -9.151468276977539062e-01 8.861660608090460300e-04 4.275779239833354950e-03 9.151467238552868366e-04 -9.999904632568359375e-01
7.765256762504577637e-01 -6.300852298736572266e-01 7.310039363801479340e-04 -2.270708326250314713e-03 -3.958606161177158356e-03 -9.999896287918090820e-01
7.245389223098754883e-01 -6.892335414886474609e-01 7.388795493170619011e-04 3.139250446110963821e-03 2.228033030405640602e-03 -9.999926090240478516e-01
6.965538859367370605e-01 -7.175040841102600098e-01 7.566249114461243153e-04 -3.323877463117241859e-03 -4.281332250684499741e-03 -9.999853372573852539e-01
6.485244631767272949e-01 -7.611934542655944824e-01 7.937719346955418587e-04 3.814100753515958786e-03 2.206762554123997688e-03 -9.999903440475463867e-01
6.068032383918762207e-01 -7.948517203330993652e-01 8.138640550896525383e-04 -3.971091937273740768e-03 -4.055501427501440048e-03 -9.999839067459106445e-01
5.654056072235107422e-01 -8.248125910758972168e-01 8.276411681436002254e-04 3.996929153800010681e-03 1.736458158120512962e-03 -9.999905228614807129e-01
5.085349082946777344e-01 -8.610410094261169434e-01 8.277616580016911030e-04 -4.104342777281999588e-03 -3.385380608960986137e-03 -9.999858736991882324e-01
4.760926961898803711e-01 -8.793947100639343262e-01 8.442240068688988686e-04 3.577083582058548927e-03 9.765867143869400024e-04 -9.999931454658508301e-01
4.031265377998352051e-01 -9.151439070701599121e-01 8.369510760530829430e-04 -3.581144148483872414e-03 -2.492064610123634338e-03 -9.999905228614807129e-01
3.815632462501525879e-01 -9.243423342704772949e-01 8.436010684818029404e-04 2.476279856637120247e-03 1.095469924621284008e-04 -9.999969601631164551e-01
2.920587062835693359e-01 -9.564000368118286133e-01 8.335588499903678894e-04 -2.335147466510534286e-03 -1.584646292030811310e-03 -9.999960660934448242e-01
2.841452062129974365e-01 -9.587808847427368164e-01 8.404375403188169003e-04 2.388063730904832482e-04 -8.057957747951149940e-04 -9.999996423721313477e-01
2.346207201480865479e-01 9.720867276191711426e-01 7.916312315501272678e-04 1.335936598479747772e-03 4.919232451356947422e-04 -9.999990463256835938e-01
2.348849326372146606e-01 9.720228910446166992e-01 7.923450320959091187e-04 1.430367585271596909e-03 4.695078241638839245e-04 -9.999989271163940430e-01
3.349480628967285156e-01 9.422362446784973145e-01 7.838485762476921082e-04 -7.937703048810362816e-04 1.114072627387940884e-03 -9.999991059303283691e-01
3.481989204883575439e-01 9.374203681945800781e-01 8.135272655636072159e-04 3.356656059622764587e-03 -3.789775946643203497e-04 -9.999943375587463379e-01
4.316051304340362549e-01 9.020622968673706055e-01 7.856219308450818062e-04 -2.199308946728706360e-03 1.923205796629190445e-03 -9.999957680702209473e-01
4.566258490085601807e-01 8.896585702896118164e-01 8.006536518223583698e-04 4.516134504228830338e-03 -1.418003812432289124e-03 -9.999888539314270020e-01
5.235318541526794434e-01 8.520057797431945801e-01 7.518727798014879227e-04 -2.924874890595674515e-03 2.679714001715183258e-03 -9.999921321868896484e-01
5.586431622505187988e-01 8.294077515602111816e-01 7.539651123806834221e-04 4.933499265462160110e-03 -2.413905458524823189e-03 -9.999849200248718262e-01
6.097236275672912598e-01 7.926138639450073242e-01 7.305406616069376469e-04 -3.013396402820944786e-03 3.239752026274800301e-03 -9.999902844429016113e-01
6.528189182281494141e-01 7.575135827064514160e-01 7.493328885175287724e-04 4.733646288514137268e-03 -3.090231912210583687e-03 -9.999840259552001953e-01
6.737881898880004883e-01 7.389241456985473633e-01 7.511220755986869335e-04 5.060973926447331905e-04 5.550225032493472099e-04 -9.999997615814208984e-01
-9.808596372604370117e-01 1.947149634361267090e-01 7.439582259394228458e-04 -7.297187694348394871e-04 1.448598341085016727e-04 -9.999997615814208984e-01
-9.890403747558593750e-01 1.476435959339141846e-01 7.396790315397083759e-04 -2.127194893546402454e-04 3.584889695048332214e-03 -9.999935626983642578e-01
-9.912858605384826660e-01 1.317261606454849243e-01 7.434557192027568817e-04 -9.214506717398762703e-04 -1.290299813263118267e-03 -9.999987483024597168e-01
-9.995605945587158203e-01 2.963223308324813843e-02 7.721285801380872726e-04 -7.242906722240149975e-04 1.625085831619799137e-03 -9.999984502792358398e-01
-9.996246695518493652e-01 2.738613635301589966e-02 7.722332375124096870e-04 -7.495811441913247108e-04 8.373938035219907761e-04 -9.999994039535522461e-01
-9.970112442970275879e-01 -7.725220918655395508e-02 8.338293991982936859e-04 -7.736380212008953094e-04 -8.090773480944335461e-04 -9.999994039535522461e-01
-9.960492849349975586e-01 -8.879823982715606689e-02 8.369009592570364475e-04 -1.096433377824723721e-03 2.873983466997742653e-03 -9.999952912330627441e-01
-9.834746718406677246e-01 -1.810433864593505859e-01 9.048366919159889221e-04 -4.280098073650151491e-04 -2.672820817679166794e-03 -9.999963641166687012e-01
-9.785553216934204102e-01 -2.059823125600814819e-01 9.050194057635962963e-04 -1.803925726562738419e-03 4.176238086074590683e-03 -9.999896883964538574e-01
-9.591633677482604980e-01 -2.828511893749237061e-01 9.506545611657202244e-04 1.470652059651911259e-04 -3.859651042148470879e-03 -9.999925494194030762e-01
-9.473242759704589844e-01 -3.202747106552124023e-01 9.601462516002357006e-04 -2.621357329189777374e-03 4.755741450935602188e-03 -9.999852776527404785e-01
8.454846101813018322e-04 9.999996423721313477e-01 -0.000000000000000000e+00 -9.999996423721313477e-01 8.454846101813018322e-04 0.000000000000000000e+00
8.480798569507896900e-04 9.999996423721313477e-01 -0.000000000000000000e+00 -9.999996423721313477e-01 8.480798569507896900e-04 0.000000000000000000e+00
8.479013922624289989e-04 9.999996423721313477e-01 -0.000000000000000000e+00 -9.999996423721313477e-01 8.479013922624289989e-04 0.000000000000000000e+00
8.474040077999234200e-04 9.999996423721313477e-01 0.000000000000000000e+00 -9.999996423721313477e-01 8.474040077999234200e-04 0.000000000000000000e+00
8.442411781288683414e-04 9.999996423721313477e-01 0.000000000000000000e+00 -9.999996423721313477e-01 8.442411781288683414e-04 -0.000000000000000000e+00
8.473045309074223042e-04 9.999996423721313477e-01 0.000000000000000000e+00 -9.999996423721313477e-01 8.473045309074223042e-04 0.000000000000000000e+00
8.452988695353269577e-04 9.999996423721313477e-01 0.000000000000000000e+00 -9.999996423721313477e-01 8.452988695353269577e-04 -0.000000000000000000e+00
8.478530799038708210e-04 9.999996423721313477e-01 0.000000000000000000e+00 -9.999996423721313477e-01 8.478530799038708210e-04 0.000000000000000000e+00
8.438403019681572914e-04 9.999996423721313477e-01 0.000000000000000000e+00 -9.999996423721313477e-01 8.438403019681572914e-04 -0.000000000000000000e+00
8.460902608931064606e-04 9.999996423721313477e-01 0.000000000000000000e+00 -9.999996423721313477e-01 8.460902608931064606e-04 0.000000000000000000e+00
8.414206677116453648e-04 9.999996423721313477e-01 0.000000000000000000e+00 -9.999996423721313477e-01 8.414206677116453648e-04 -0.000000000000000000e+00
8.439149241894483566e-04 9.999996423721313477e-01 0.000000000000000000e+00 -9.999996423721313477e-01 8.439149241894483566e-04 0.000000000000000000e+00
8.385854889638721943e-04 9.999996423721313477e-01 0.000000000000000000e+00 -9.999996423721313477e-01 8.385854889638721943e-04 -0.000000000000000000e+00
8.405414409935474396e-04 9.999996423721313477e-01 0.000000000000000000e+00 -9.999996423721313477e-01 8.405414409935474396e-04 0.000000000000000000e+00
8.348930859938263893e-04 9.999996423721313477e-01 0.000000000000000000e+00 -9.999996423721313477e-01 8.348930859938263893e-04 -0.000000000000000000e+00
8.374458993785083294e-04 9.999996423721313477e-01 0.000000000000000000e+00 -9.999996423721313477e-01 8.374458993785083294e-04 0.000000000000000000e+00
8.315751911140978336e-04 9.999996423721313477e-01 0.000000000000000000e+00 -9.999996423721313477e-01 8.315751911140978336e-04 -0.000000000000000000e+00
8.330073906108736992e-04 9.999996423721313477e-01 0.000000000000000000e+00 -9.999996423721313477e-01 8.330073906108736992e-04 0.000000000000000000e+00
8.304077782668173313e-04 9.999996423721313477e-01 0.000000000000000000e+00 -9.999996423721313477e-01 8.304077782668173313e-04 0.000000000000000000e+00
8.233741391450166702e-04 9.999997019767761230e-01 0.000000000000000000e+00 -9.999997019767761230e-01 8.233741391450166702e-04 -0.000000000000000000e+00
8.250038372352719307e-04 9.999997019767761230e-01 0.000000000000000000e+00 -9.999997019767761230e-01 8.250038372352719307e-04 0.000000000000000000e+00
8.196129929274320602e-04 9.999997019767761230e-01 0.000000000000000000e+00 -9.999997019767761230e-01 8.196129929274320602e-04 -0.000000000000000000e+00
8.199596777558326721e-04 9.999997019767761230e-01 0.000000000000000000e+00 -9.999997019767761230e-01 8.199596777558326721e-04 0.000000000000000000e+00
8.149769855663180351e-04 9.999997019767761230e-01 0.000000000000000000e+00 -9.999997019767761230e-01 8.149769855663180351e-04 -0.000000000000000000e+00
8.149579516611993313e-04 9.999997019767761230e-01 0.000000000000000000e+00 -9.999997019767761230e-01 8.149579516611993313e-04 -0.000000000000000000e+00
8.111763163469731808e-04 9.999997019767761230e-01 0.000000000000000000e+00 -9.999997019767761230e-01 8.111763163469731808e-04 -0.000000000000000000e+00
8.123276638798415661e-04 9.999997019767761230e-01 0.000000000000000000e+00 -9.999997019767761230e-01 8.123276638798415661e-04 -0.000000000000000000e+00
8.082928834483027458e-04 9.999997019767761230e-01 0.000000000000000000e+00 -9.999997019767761230e-01 8.082928834483027458e-04 -0.000000000000000000e+00
8.076681988313794136e-04 9.999997019767761230e-01 0.000000000000000000e+00 -9.999997019767761230e-01 8.076681988313794136e-04 -0.000000000000000000e+00
8.020565146580338478e-04 9.999997019767761230e-01 -0.000000000000000000e+00 -9.999997019767761230e-01 8.020565146580338478e-04 0.000000000000000000e+00
8.026607101783156395e-04 9.999997019767761230e-01 0.000000000000000000e+00 -9.999997019767761230e-01 8.026607101783156395e-04 -0.000000000000000000e+00
7.972449529916048050e-04 9.999997019767761230e-01 -0.000000000000000000e+00 -9.999997019767761230e-01 7.972449529916048050e-04 0.000000000000000000e+00
7.972596213221549988e-04 9.999997019767761230e-01 0.000000000000000000e+00 -9.999997019767761230e-01 7.972596213221549988e-04 -0.000000000000000000e+00
7.934852619655430317e-04 9.999997019767761230e-01 0.000000000000000000e+00 -9.999997019767761230e-01 7.934852619655430317e-04 -0.000000000000000000e+00
7.893291185609996319e-04 9.999997019767761230e-01 -0.000000000000000000e+00 -9.999997019767761230e-01 7.893291185609996319e-04 0.000000000000000000e+00
7.873614667914807796e-04 9.999997019767761230e-01 0.000000000000000000e+00 -9.999997019767761230e-01 7.873614667914807796e-04 -0.000000000000000000e+00
7.832331466488540173e-04 9.999997019767761230e-01 -0.000000000000000000e+00 -9.999997019767761230e-01 7.832331466488540173e-04 0.000000000000000000e+00
7.786688511259853840e-04 9.999997019767761230e-01 0.000000000000000000e+00 -9.999997019767761230e-01 7.786688511259853840e-04 -0.000000000000000000e+00
7.774239056743681431e-04 9.999997019767761230e-01 -0.000000000000000000e+00 -9.999997019767761230e-01 7.774239056743681431e-04 0.000000000000000000e+00
7.764042238704860210e-04 9.999997019767761230e-01 0.000000000000000000e+00 -9.999997019767761230e-01 7.764042238704860210e-04 -0.000000000000000000e+00
7.732341182418167591e-04 9.999997019767761230e-01 -0.000000000000000000e+00 -9.999997019767761230e-01 7.732341182418167591e-04 0.000000000000000000e+00
7.719906279817223549e-04 9.999997019767761230e-01 0.000000000000000000e+00 -9.999997019767761230e-01 7.719906279817223549e-04 -0.000000000000000000e+00
7.681987481191754341e-04 9.999997019767761230e-01 -0.000000000000000000e+00 -9.999997019767761230e-01 7.681987481191754341e-04 0.000000000000000000e+00
7.677905960008502007e-04 9.999997019767761230e-01 0.000000000000000000e+00 -9.999997019767761230e-01 7.677905960008502007e-04 -0.000000000000000000e+00
7.666831370443105698e-04 9.999997019767761230e-01 -0.000000000000000000e+00 -9.999997019767761230e-01 7.666831370443105698e-04 0.000000000000000000e+00
7.649115286767482758e-04 9.999997019767761230e-01 0.000000000000000000e+00 -9.999997019767761230e-01 7.649115286767482758e-04 -0.000000000000000000e+00
7.621963741257786751e-04 9.999997019767761230e-01 -0.000000000000000000e+00 -9.999997019767761230e-01 7.621963741257786751e-04 0.000000000000000000e+00
7.631662883795797825e-04 9.999997019767761230e-01 0.000000000000000000e+00 -9.999997019767761230e-01 7.631662883795797825e-04 -0.000000000000000000e+00
7.616155780851840973e-04 9.999997019767761230e-01 -0.000000000000000000e+00 -9.999997019767761230e-01 7.616155780851840973e-04 0.000000000000000000e+00
7.624480058439075947e-04 9.999997019767761230e-01 0.000000000000000000e+00 -9.999997019767761230e-01 7.624480058439075947e-04 -0.000000000000000000e+00
7.621920085512101650e-04 9.999997019767761230e-01 -0.000000000000000000e+00 -9.999997019767761230e-01 7.621920085512101650e-04 0.000000000000000000e+00
7.600736571475863457e-04 9.999997019767761230e-01 -0.000000000000000000e+00 -9.999997019767761230e-01 7.600736571475863457e-04 0.000000000000000000e+00
7.581791724078357220e-04 9.999997019767761230e-01 -0.000000000000000000e+00 -9.999997019767761230e-01 7.581791724078357220e-04 0.000000000000000000e+00
7.578353979624807835e-04 9.999997019767761230e-01 -0.000000000000000000e+00 -9.999997019767761230e-01 7.578353979624807835e-04 0.000000000000000000e+00
7.585288258269429207e-04 9.999997019767761230e-01 -0.000000000000000000e+00 -9.999997019767761230e-01 7.585288258269429207e-04 0.000000000000000000e+00
7.591213216073811054e-04 9.999997019767761230e-01 -0.000000000000000000e+00 -9.999997019767761230e-01 7.591213216073811054e-04 0.000000000000000000e+00
7.587892469018697739e-04 9.999997019767761230e-01 -0.000000000000000000e+00 -9.999997019767761230e-01 7.587892469018697739e-04 0.000000000000000000e+00
7.588345906697213650e-04 9.999997019767761230e-01 -0.000000000000000000e+00 -9.999997019767761230e-01 7.588345906697213650e-04 0.000000000000000000e+00
7.584161940030753613e-04 9.999997019767761230e-01 -0.000000000000000000e+00 -9.999997019767761230e-01 7.584161940030753613e-04 0.000000000000000000e+00
7.559731020592153072e-04 9.999997019767761230e-01 -0.000000000000000000e+00 -9.999997019767761230e-01 7.559731020592153072e-04 0.000000000000000000e+00
7.558385259471833706e-04 9.999997019767761230e-01 -0.000000000000000000e+00 -9.999997019767761230e-01 7.558385259471833706e-04 0.000000000000000000e+00
7.575106574222445488e-04 9.999997019767761230e-01 -0.000000000000000000e+00 -9.999997019767761230e-01 7.575106574222445488e-04 0.000000000000000000e+00
7.564603001810610294e-04 9.999997019767761230e-01 -0.000000000000000000e+00 -9.999997019767761230e-01 7.564603001810610294e-04 0.000000000000000000e+00
7.567382417619228363e-04 9.999997019767761230e-01 -0.000000000000000000e+00 -9.999997019767761230e-01 7.567382417619228363e-04 0.000000000000000000e+00
7.567016291432082653e-04 9.999997019767761230e-01 -0.000000000000000000e+00 -9.999997019767761230e-01 7.567016291432082653e-04 0.000000000000000000e+00
7.568874279968440533e-04 9.999997019767761230e-01 -0.000000000000000000e+00 -9.999997019767761230e-01 7.568874279968440533e-04 0.000000000000000000e+00
7.570015732198953629e-04 9.999997019767761230e-01 -0.000000000000000000e+00 -9.999997019767761230e-01 7.570015732198953629e-04 0.000000000000000000e+00
7.580519304610788822e-04 9.999997019767761230e-01 -0.000000000000000000e+00 -9.999997019767761230e-01 7.580519304610788822e-04 0.000000000000000000e+00
7.574872579425573349e-04 9.999997019767761230e-01 -0.000000000000000000e+00 -9.999997019767761230e-01 7.574872579425573349e-04 0.000000000000000000e+00
7.587175350636243820e-04 9.999997019767761230e-01 -0.000000000000000000e+00 -9.999997019767761230e-01 7.587175350636243820e-04 0.000000000000000000e+00
7.592032197862863541e-04 9.999997019767761230e-01 -0.000000000000000000e+00 -9.999997019767761230e-01 7.592032197862863541e-04 0.000000000000000000e+00
7.600444369018077850e-04 9.999997019767761230e-01 -0.000000000000000000e+00 -9.999997019767761230e-01 7.600444369018077850e-04 0.000000000000000000e+00
7.614385685883462429e-04 9.999997019767761230e-01 -0.000000000000000000e+00 -9.999997019767761230e-01 7.614385685883462429e-04 0.000000000000000000e+00
7.631428888998925686e-04 9.999997019767761230e-01 -0.000000000000000000e+00 -9.999997019767761230e-01 7.631428888998925686e-04 0.000000000000000000e+00
7.646643207408487797e-04 9.999997019767761230e-01 -0.000000000000000000e+00 -9.999997019767761230e-01 7.646643207408487797e-04 0.000000000000000000e+00
7.664198055863380432e-04 9.999997019767761230e-01 -0.000000000000000000e+00 -9.999997019767761230e-01 7.664198055863380432e-04 0.000000000000000000e+00
7.684196461923420429e-04 9.999997019767761230e-01 -0.000000000000000000e+00 -9.999997019767761230e-01 7.684196461923420429e-04 0.000000000000000000e+00
7.690589409321546555e-04 9.999997019767761230e-01 -0.000000000000000000e+00 -9.999997019767761230e-01 7.690589409321546555e-04 0.000000000000000000e+00
7.719584391452372074e-04 9.999997019767761230e-01 -0.000000000000000000e+00 -9.999997019767761230e-01 7.719584391452372074e-04 0.000000000000000000e+00
7.741498993709683418e-04 9.999997019767761230e-01 -0.000000000000000000e+00 -9.999997019767761230e-01 7.741498993709683418e-04 0.000000000000000000e+00
7.763164467178285122e-04 9.999997019767761230e-01 -0.000000000000000000e+00 -9.999997019767761230e-01 7.763164467178285122e-04 0.000000000000000000e+00
7.784903282299637794e-04 9.999997019767761230e-01 -0.000000000000000000e+00 -9.999997019767761230e-01 7.784903282299637794e-04 0.000000000000000000e+00
7.811192190274596214e-04 9.999997019767761230e-01 -0.000000000000000000e+00 -9.999997019767761230e-01 7.811192190274596214e-04 0.000000000000000000e+00
7.825587526895105839e-04 9.999997019767761230e-01 0.000000000000000000e+00 -9.999997019767761230e-01 7.825587526895105839e-04 0.000000000000000000e+00
7.853382849134504795e-04 9.999997019767761230e-01 -0.000000000000000000e+00 -9.999997019767761230e-01 7.853382849134504795e-04 0.000000000000000000e+00
7.870352710597217083e-04 9.999997019767761230e-01 0.000000000000000000e+00 -9.999997019767761230e-01 7.870352710597217083e-04 0.000000000000000000e+00
7.903634104877710342e-04 9.999997019767761230e-01 -0.000000000000000000e+00 -9.999997019767761230e-01 7.903634104877710342e-04 0.000000000000000000e+00
7.913391455076634884e-04 9.999997019767761230e-01 0.000000000000000000e+00 -9.999997019767761230e-01 7.913391455076634884e-04 0.000000000000000000e+00
7.964228279888629913e-04 9.999997019767761230e-01 -0.000000000000000000e+00 -9.999997019767761230e-01 7.964228279888629913e-04 0.000000000000000000e+00
7.960848743095993996e-04 9.999997019767761230e-01 0.000000000000000000e+00 -9.999997019767761230e-01 7.960848743095993996e-04 0.000000000000000000e+00
8.001649403013288975e-04 9.999997019767761230e-01 -0.000000000000000000e+00 -9.999997019767761230e-01 8.001649403013288975e-04 0.000000000000000000e+00
8.025816641747951508e-04 9.999997019767761230e-01 0.000000000000000000e+00 -9.999997019767761230e-01 8.025816641747951508e-04 0.000000000000000000e+00
8.055982179939746857e-04 9.999997019767761230e-01 0.000000000000000000e+00 -9.999997019767761230e-01 8.055982179939746857e-04 0.000000000000000000e+00
8.072878699749708176e-04 9.999997019767761230e-01 0.000000000000000000e+00 -9.999997019767761230e-01 8.072878699749708176e-04 0.000000000000000000e+00
8.100191480480134487e-04 9.999997019767761230e-01 0.000000000000000000e+00 -9.999997019767761230e-01 8.100191480480134487e-04 0.000000000000000000e+00
8.111953502520918846e-04 9.999997019767761230e-01 0.000000000000000000e+00 -9.999997019767761230e-01 8.111953502520918846e-04 0.000000000000000000e+00
8.145380998030304909e-04 9.999997019767761230e-01 0.000000000000000000e+00 -9.999997019767761230e-01 8.145380998030304909e-04 0.000000000000000000e+00
8.172767120413482189e-04 9.999997019767761230e-01 0.000000000000000000e+00 -9.999997019767761230e-01 8.172767120413482189e-04 0.000000000000000000e+00
8.200474549084901810e-04 9.999997019767761230e-01 0.000000000000000000e+00 -9.999997019767761230e-01 8.200474549084901810e-04 0.000000000000000000e+00
8.249102393165230751e-04 9.999997019767761230e-01 0.000000000000000000e+00 -9.999997019767761230e-01 8.249102393165230751e-04 0.000000000000000000e+00
8.255875436589121819e-04 9.999997019767761230e-01 0.000000000000000000e+00 -9.999997019767761230e-01 8.255875436589121819e-04 0.000000000000000000e+00
8.286742377094924450e-04 9.999996423721313477e-01 0.000000000000000000e+00 -9.999996423721313477e-01 8.286742377094924450e-04 0.000000000000000000e+00
8.288234821520745754e-04 9.999996423721313477e-01 0.000000000000000000e+00 -9.999996423721313477e-01 8.288234821520745754e-04 0.000000000000000000e+00
8.325041853822767735e-04 9.999996423721313477e-01 0.000000000000000000e+00 -9.999996423721313477e-01 8.325041853822767735e-04 0.000000000000000000e+00
8.330849232152104378e-04 9.999996423721313477e-01 0.000000000000000000e+00 -9.999996423721313477e-01 8.330849232152104378e-04 0.000000000000000000e+00
8.360063657164573669e-04 9.999996423721313477e-01 0.000000000000000000e+00 -9.999996423721313477e-01 8.360063657164573669e-04 0.000000000000000000e+00
8.353261509910225868e-04 9.999996423721313477e-01 0.000000000000000000e+00 -9.999996423721313477e-01 8.353261509910225868e-04 0.000000000000000000e+00
8.388254209421575069e-04 9.999996423721313477e-01 0.000000000000000000e+00 -9.999996423721313477e-01 8.388254209421575069e-04 0.000000000000000000e+00
8.414718322455883026e-04 9.999996423721313477e-01 0.000000000000000000e+00 -9.999996423721313477e-01 8.414718322455883026e-04 0.000000000000000000e+00
8.452227921225130558e-04 9.999996423721313477e-01 0.000000000000000000e+00 -9.999996423721313477e-01 8.452227921225130558e-04 0.000000000000000000e+00
8.437876240350306034e-04 9.999996423721313477e-01 0.000000000000000000e+00 -9.999996423721313477e-01 8.437876240350306034e-04 0.000000000000000000e+00
8.463389822281897068e-04 9.999996423721313477e-01 0.000000000000000000e+00 -9.999996423721313477e-01 8.463389822281897068e-04 0.000000000000000000e+00
8.449960150755941868e-04 9.999996423721313477e-01 0.000000000000000000e+00 -9.999996423721313477e-01 8.449960150755941868e-04 0.000000000000000000e+00
6.117761950008571148e-04 -9.999998211860656738e-01 -0.000000000000000000e+00 -9.999998211860656738e-01 -6.117761950008571148e-04 0.000000000000000000e+00
6.163814687170088291e-04 -9.999998211860656738e-01 -0.000000000000000000e+00 -9.999998211860656738e-01 -6.163814687170088291e-04 0.000000000000000000e+00
6.167003884911537170e-04 -9.999998211860656738e-01 -0.000000000000000000e+00 -9.999998211860656738e-01 -6.167003884911537170e-04 0.000000000000000000e+00
6.141870981082320213e-04 -9.999998211860656738e-01 0.000000000000000000e+00 -9.999998211860656738e-01 -6.141870981082320213e-04 0.000000000000000000e+00
6.092468393035233021e-04 -9.999998211860656738e-01 0.000000000000000000e+00 -9.999998211860656738e-01 -6.092468393035233021e-04 -0.000000000000000000e+00
6.111719994805753231e-04 -9.999998211860656738e-01 0.000000000000000000e+00 -9.999998211860656738e-01 -6.111719994805753231e-04 0.000000000000000000e+00
6.062946631573140621e-04 -9.999998211860656738e-01 0.000000000000000000e+00 -9.999998211860656738e-01 -6.062946631573140621e-04 -0.000000000000000000e+00
6.076536956243216991e-04 -9.999998211860656738e-01 0.000000000000000000e+00 -9.999998211860656738e-01 -6.076536956243216991e-04 0.000000000000000000e+00
6.030016229487955570e-04 -9.999998211860656738e-01 0.000000000000000000e+00 -9.999998211860656738e-01 -6.030016229487955570e-04 -0.000000000000000000e+00
6.033263634890317917e-04 -9.999998211860656738e-01 0.000000000000000000e+00 -9.999998211860656738e-01 -6.033263634890317917e-04 0.000000000000000000e+00
5.991293000988662243e-04 -9.999998211860656738e-01 0.000000000000000000e+00 -9.999998211860656738e-01 -5.991293000988662243e-04 -0.000000000000000000e+00
6.001694127917289734e-04 -9.999998211860656738e-01 0.000000000000000000e+00 -9.999998211860656738e-01 -6.001694127917289734e-04 0.000000000000000000e+00
5.938174435868859291e-04 -9.999998211860656738e-01 0.000000000000000000e+00 -9.999998211860656738e-01 -5.938174435868859291e-04 -0.000000000000000000e+00
5.940792616456747055e-04 -9.999998211860656738e-01 0.000000000000000000e+00 -9.999998211860656738e-01 -5.940792616456747055e-04 0.000000000000000000e+00
5.902200937271118164e-04 -9.999998211860656738e-01 0.000000000000000000e+00 -9.999998211860656738e-01 -5.902200937271118164e-04 -0.000000000000000000e+00
5.914489738643169403e-04 -9.999998211860656738e-01 0.000000000000000000e+00 -9.999998211860656738e-01 -5.914489738643169403e-04 0.000000000000000000e+00
5.874698399566113949e-04 -9.999998211860656738e-01 0.000000000000000000e+00 -9.999998211860656738e-01 -5.874698399566113949e-04 -0.000000000000000000e+00
5.872854962944984436e-04 -9.999998211860656738e-01 0.000000000000000000e+00 -9.999998211860656738e-01 -5.872854962944984436e-04 0.000000000000000000e+00
5.852403119206428528e-04 -9.999998211860656738e-01 0.000000000000000000e+00 -9.999998211860656738e-01 -5.852403119206428528e-04 0.000000000000000000e+00
5.819692742079496384e-04 -9.999998211860656738e-01 0.000000000000000000e+00 -9.999998211860656738e-01 -5.819692742079496384e-04 -0.000000000000000000e+00
5.806013941764831543e-04 -9.999998211860656738e-01 0.000000000000000000e+00 -9.999998211860656738e-01 -5.806013941764831543e-04 0.000000000000000000e+00
5.770216812379658222e-04 -9.999998211860656738e-01 0.000000000000000000e+00 -9.999998211860656738e-01 -5.770216812379658222e-04 -0.000000000000000000e+00
5.763852968811988831e-04 -9.999998211860656738e-01 0.000000000000000000e+00 -9.999998211860656738e-01 -5.763852968811988831e-04 0.000000000000000000e+00
5.735662416554987431e-04 -9.999998211860656738e-01 0.000000000000000000e+00 -9.999998211860656738e-01 -5.735662416554987431e-04 -0.000000000000000000e+00
5.731068667955696583e-04 -9.999998211860656738e-01 0.000000000000000000e+00 -9.999998211860656738e-01 -5.731068667955696583e-04 -0.000000000000000000e+00
5.695988656952977180e-04 -9.999998807907104492e-01 0.000000000000000000e+00 -9.999998807907104492e-01 -5.695988656952977180e-04 -0.000000000000000000e+00
5.690883263014256954e-04 -9.999998807907104492e-01 0.000000000000000000e+00 -9.999998807907104492e-01 -5.690883263014256954e-04 -0.000000000000000000e+00
5.661405157297849655e-04 -9.999998807907104492e-01 0.000000000000000000e+00 -9.999998807907104492e-01 -5.661405157297849655e-04 -0.000000000000000000e+00
5.661566392518579960e-04 -9.999998807907104492e-01 0.000000000000000000e+00 -9.999998807907104492e-01 -5.661566392518579960e-04 -0.000000000000000000e+00
5.642402102239429951e-04 -9.999998807907104492e-01 0.000000000000000000e+00 -9.999998807907104492e-01 -5.642402102239429951e-04 -0.000000000000000000e+00
5.640119779855012894e-04 -9.999998807907104492e-01 0.000000000000000000e+00 -9.999998807907104492e-01 -5.640119779855012894e-04 -0.000000000000000000e+00
5.595076363533735275e-04 -9.999998807907104492e-01 0.000000000000000000e+00 -9.999998807907104492e-01 -5.595076363533735275e-04 -0.000000000000000000e+00
5.592253291979432106e-04 -9.999998807907104492e-01 0.000000000000000000e+00 -9.999998807907104492e-01 -5.592253291979432106e-04 -0.000000000000000000e+00
5.575752002187073231e-04 -9.999998807907104492e-01 0.000000000000000000e+00 -9.999998807907104492e-01 -5.575752002187073231e-04 -0.000000000000000000e+00
5.562863661907613277e-04 -9.999998807907104492e-01 0.000000000000000000e+00 -9.999998807907104492e-01 -5.562863661907613277e-04 -0.000000000000000000e+00
5.558826378546655178e-04 -9.999998807907104492e-01 0.000000000000000000e+00 -9.999998807907104492e-01 -5.558826378546655178e-04 -0.000000000000000000e+00
5.552228540182113647e-04 -9.999998807907104492e-01 0.000000000000000000e+00 -9.999998807907104492e-01 -5.552228540182113647e-04 -0.000000000000000000e+00
5.541139398701488972e-04 -9.999998807907104492e-01 0.000000000000000000e+00 -9.999998807907104492e-01 -5.541139398701488972e-04 -0.000000000000000000e+00
5.528865731321275234e-04 -9.999998807907104492e-01 0.000000000000000000e+00 -9.999998807907104492e-01 -5.528865731321275234e-04 -0.000000000000000000e+00
5.525427404791116714e-04 -9.999998807907104492e-01 0.000000000000000000e+00 -9.999998807907104492e-01 -5.525427404791116714e-04 -0.000000000000000000e+00
5.518742254935204983e-04 -9.999998807907104492e-01 0.000000000000000000e+00 -9.999998807907104492e-01 -5.518742254935204983e-04 -0.000000000000000000e+00
5.515611264854669571e-04 -9.999998807907104492e-01 0.000000000000000000e+00 -9.999998807907104492e-01 -5.515611264854669571e-04 -0.000000000000000000e+00
5.509906332008540630e-04 -9.999998807907104492e-01 0.000000000000000000e+00 -9.999998807907104492e-01 -5.509906332008540630e-04 -0.000000000000000000e+00
5.514733493328094482e-04 -9.999998807907104492e-01 0.000000000000000000e+00 -9.999998807907104492e-01 -5.514733493328094482e-04 -0.000000000000000000e+00
5.504493601620197296e-04 -9.999998807907104492e-01 0.000000000000000000e+00 -9.999998807907104492e-01 -5.504493601620197296e-04 -0.000000000000000000e+00
5.499753751792013645e-04 -9.999998807907104492e-01 0.000000000000000000e+00 -9.999998807907104492e-01 -5.499753751792013645e-04 -0.000000000000000000e+00
5.493638454936444759e-04 -9.999998807907104492e-01 0.000000000000000000e+00 -9.999998807907104492e-01 -5.493638454936444759e-04 -0.000000000000000000e+00
5.483339773491024971e-04 -9.999998807907104492e-01 0.000000000000000000e+00 -9.999998807907104492e-01 -5.483339773491024971e-04 -0.000000000000000000e+00
5.487318849191069603e-04 -9.999998807907104492e-01 0.000000000000000000e+00 -9.999998807907104492e-01 -5.487318849191069603e-04 -0.000000000000000000e+00
5.485021974891424179e-04 -9.999998807907104492e-01 0.000000000000000000e+00 -9.999998807907104492e-01 -5.485021974891424179e-04 -0.000000000000000000e+00
5.502869607880711555e-04 -9.999998807907104492e-01 0.000000000000000000e+00 -9.999998807907104492e-01 -5.502869607880711555e-04 -0.000000000000000000e+00
5.511222989298403263e-04 -9.999998807907104492e-01 -0.000000000000000000e+00 -9.999998807907104492e-01 -5.511222989298403263e-04 0.000000000000000000e+00
5.502299172803759575e-04 -9.999998807907104492e-01 0.000000000000000000e+00 -9.999998807907104492e-01 -5.502299172803759575e-04 -0.000000000000000000e+00
5.504200817085802555e-04 -9.999998807907104492e-01 -0.000000000000000000e+00 -9.999998807907104492e-01 -5.504200817085802555e-04 0.000000000000000000e+00
5.497793317772448063e-04 -9.999998807907104492e-01 0.000000000000000000e+00 -9.999998807907104492e-01 -5.497793317772448063e-04 -0.000000000000000000e+00
5.500821280293166637e-04 -9.999998807907104492e-01 -0.000000000000000000e+00 -9.999998807907104492e-01 -5.500821280293166637e-04 0.000000000000000000e+00
5.504639702849090099e-04 -9.999998807907104492e-01 0.000000000000000000e+00 -9.999998807907104492e-01 -5.504639702849090099e-04 -0.000000000000000000e+00
5.501508712768554688e-04 -9.999998807907104492e-01 -0.000000000000000000e+00 -9.999998807907104492e-01 -5.501508712768554688e-04 0.000000000000000000e+00
5.520951235666871071e-04 -9.999998807907104492e-01 0.000000000000000000e+00 -9.999998807907104492e-01 -5.520951235666871071e-04 -0.000000000000000000e+00
5.525910528376698494e-04 -9.999998807907104492e-01 -0.000000000000000000e+00 -9.999998807907104492e-01 -5.525910528376698494e-04 0.000000000000000000e+00
5.528338951990008354e-04 -9.999998807907104492e-01 0.000000000000000000e+00 -9.999998807907104492e-01 -5.528338951990008354e-04 -0.000000000000000000e+00
5.521287675946950912e-04 -9.999998807907104492e-01 -0.000000000000000000e+00 -9.999998807907104492e-01 -5.521287675946950912e-04 0.000000000000000000e+00
5.518303369171917439e-04 -9.999998807907104492e-01 0.000000000000000000e+00 -9.999998807907104492e-01 -5.518303369171917439e-04 -0.000000000000000000e+00
5.510886549018323421e-04 -9.999998807907104492e-01 -0.000000000000000000e+00 -9.999998807907104492e-01 -5.510886549018323421e-04 0.000000000000000000e+00
5.503966822288930416e-04 -9.999998807907104492e-01 0.000000000000000000e+00 -9.999998807907104492e-01 -5.503966822288930416e-04 -0.000000000000000000e+00
5.513534415513277054e-04 -9.999998807907104492e-01 -0.000000000000000000e+00 -9.999998807907104492e-01 -5.513534415513277054e-04 0.000000000000000000e+00
5.511690978892147541e-04 -9.999998807907104492e-01 -0.000000000000000000e+00 -9.999998807907104492e-01 -5.511690978892147541e-04 0.000000000000000000e+00
5.524681764654815197e-04 -9.999998807907104492e-01 -0.000000000000000000e+00 -9.999998807907104492e-01 -5.524681764654815197e-04 0.000000000000000000e+00
5.522194551303982735e-04 -9.999998807907104492e-01 -0.000000000000000000e+00 -9.999998807907104492e-01 -5.522194551303982735e-04 0.000000000000000000e+00
5.512422067113220692e-04 -9.999998807907104492e-01 -0.000000000000000000e+00 -9.999998807907104492e-01 -5.512422067113220692e-04 0.000000000000000000e+00
5.514177610166370869e-04 -9.999998807907104492e-01 -0.000000000000000000e+00 -9.999998807907104492e-01 -5.514177610166370869e-04 0.000000000000000000e+00
5.533839575946331024e-04 -9.999998807907104492e-01 -0.000000000000000000e+00 -9.999998807907104492e-01 -5.533839575946331024e-04 0.000000000000000000e+00
5.546596366912126541e-04 -9.999998807907104492e-01 -0.000000000000000000e+00 -9.999998807907104492e-01 -5.546596366912126541e-04 0.000000000000000000e+00
5.556134274229407310e-04 -9.999998807907104492e-01 -0.000000000000000000e+00 -9.999998807907104492e-01 -5.556134274229407310e-04 0.000000000000000000e+00
5.565116880461573601e-04 -9.999998807907104492e-01 -0.000000000000000000e+00 -9.999998807907104492e-01 -5.565116880461573601e-04 0.000000000000000000e+00
5.600342992693185806e-04 -9.999998807907104492e-01 -0.000000000000000000e+00 -9.999998807907104492e-01 -5.600342992693185806e-04 0.000000000000000000e+00
5.612865788862109184e-04 -9.999998807907104492e-01 -0.000000000000000000e+00 -9.999998807907104492e-01 -5.612865788862109184e-04 0.000000000000000000e+00
5.641085444949567318e-04 -9.999998807907104492e-01 -0.000000000000000000e+00 -9.999998807907104492e-01 -5.641085444949567318e-04 0.000000000000000000e+00
5.650316597893834114e-04 -9.999998807907104492e-01 -0.000000000000000000e+00 -9.999998807907104492e-01 -5.650316597893834114e-04 0.000000000000000000e+00
5.673459963873028755e-04 -9.999998807907104492e-01 -0.000000000000000000e+00 -9.999998807907104492e-01 -5.673459963873028755e-04 0.000000000000000000e+00
5.693048005923628807e-04 -9.999998807907104492e-01 -0.000000000000000000e+00 -9.999998807907104492e-01 -5.693048005923628807e-04 0.000000000000000000e+00
5.714465514756739140e-04 -9.999998807907104492e-01 -0.000000000000000000e+00 -9.999998807907104492e-01 -5.714465514756739140e-04 0.000000000000000000e+00
5.749165429733693600e-04 -9.999998211860656738e-01 -0.000000000000000000e+00 -9.999998211860656738e-01 -5.749165429733693600e-04 0.000000000000000000e+00
5.757298786193132401e-04 -9.999998211860656738e-01 0.000000000000000000e+00 -9.999998211860656738e-01 -5.757298786193132401e-04 0.000000000000000000e+00
5.799021455459296703e-04 -9.999998211860656738e-01 -0.000000000000000000e+00 -9.999998211860656738e-01 -5.799021455459296703e-04 0.000000000000000000e+00
5.807126290164887905e-04 -9.999998211860656738e-01 0.000000000000000000e+00 -9.999998211860656738e-01 -5.807126290164887905e-04 0.000000000000000000e+00
5.852286121807992458e-04 -9.999998211860656738e-01 -0.000000000000000000e+00 -9.999998211860656738e-01 -5.852286121807992458e-04 0.000000000000000000e+00
5.836852360516786575e-04 -9.999998211860656738e-01 0.000000000000000000e+00 -9.999998211860656738e-01 -5.836852360516786575e-04 0.000000000000000000e+00
5.869958549737930298e-04 -9.999998211860656738e-01 -0.000000000000000000e+00 -9.999998211860656738e-01 -5.869958549737930298e-04 0.000000000000000000e+00
5.867413128726184368e-04 -9.999998211860656738e-01 0.000000000000000000e+00 -9.999998211860656738e-01 -5.867413128726184368e-04 0.000000000000000000e+00
5.927158636040985584e-04 -9.999998211860656738e-01 -0.000000000000000000e+00 -9.999998211860656738e-01 -5.927158636040985584e-04 0.000000000000000000e+00
5.929835606366395950e-04 -9.999998211860656738e-01 0.000000000000000000e+00 -9.999998211860656738e-01 -5.929835606366395950e-04 0.000000000000000000e+00
5.981374415569007397e-04 -9.999998211860656738e-01 0.000000000000000000e+00 -9.999998211860656738e-01 -5.981374415569007397e-04 0.000000000000000000e+00
5.973328370600938797e-04 -9.999998211860656738e-01 0.000000000000000000e+00 -9.999998211860656738e-01 -5.973328370600938797e-04 0.000000000000000000e+00
6.008043419569730759e-04 -9.999998211860656738e-01 0.000000000000000000e+00 -9.999998211860656738e-01 -6.008043419569730759e-04 0.000000000000000000e+00
5.999587592668831348e-04 -9.999998211860656738e-01 0.000000000000000000e+00 -9.999998211860656738e-01 -5.999587592668831348e-04 0.000000000000000000e+00
6.043284665793180466e-04 -9.999998211860656738e-01 0.000000000000000000e+00 -9.999998211860656738e-01 -6.043284665793180466e-04 0.000000000000000000e+00
6.059230654500424862e-04 -9.999998211860656738e-01 0.000000000000000000e+00 -9.999998211860656738e-01 -6.059230654500424862e-04 0.000000000000000000e+00
6.028451025485992432e-04 -9.999998211860656738e-01 0.000000000000000000e+00 -9.999998211860656738e-01 -6.028451025485992432e-04 0.000000000000000000e+00
6.079199374653398991e-04 -9.999998211860656738e-01 0.000000000000000000e+00 -9.999998211860656738e-01 -6.079199374653398991e-04 0.000000000000000000e+00
6.056143902242183685e-04 -9.999998211860656738e-01 0.000000000000000000e+00 -9.999998211860656738e-01 -6.056143902242183685e-04 0.000000000000000000e+00
6.102650077082216740e-04 -9.999998211860656738e-01 0.000000000000000000e+00 -9.999998211860656738e-01 -6.102650077082216740e-04 0.000000000000000000e+00
6.068695802241563797e-04 -9.999998211860656738e-01 0.000000000000000000e+00 -9.999998211860656738e-01 -6.068695802241563797e-04 0.000000000000000000e+00
6.115714204497635365e-04 -9.999998211860656738e-01 0.000000000000000000e+00 -9.999998211860656738e-01 -6.115714204497635365e-04 0.000000000000000000e+00
6.079184822738170624e-04 -9.999998211860656738e-01 0.000000000000000000e+00 -9.999998211860656738e-01 -6.079184822738170624e-04 0.000000000000000000e+00
6.130943074822425842e-04 -9.999998211860656738e-01 0.000000000000000000e+00 -9.999998211860656738e-01 -6.130943074822425842e-04 0.000000000000000000e+00
6.094311247579753399e-04 -9.999998211860656738e-01 0.000000000000000000e+00 -9.999998211860656738e-01 -6.094311247579753399e-04 0.000000000000000000e+00
6.145659717731177807e-04 -9.999998211860656738e-01 0.000000000000000000e+00 -9.999998211860656738e-01 -6.145659717731177807e-04 0.000000000000000000e+00
6.112056435085833073e-04 -9.999998211860656738e-01 0.000000000000000000e+00 -9.999998211860656738e-01 -6.112056435085833073e-04 0.000000000000000000e+00
6.155315204523503780e-04 -9.999998211860656738e-01 0.000000000000000000e+00 -9.999998211860656738e-01 -6.155315204523503780e-04 0.000000000000000000e+00
6.140773766674101353e-04 -9.999998211860656738e-01 0.000000000000000000e+00 -9.999998211860656738e-01 -6.140773766674101353e-04 0.000000000000000000e+00
6.168656982481479645e-04 -9.999998211860656738e-01 0.000000000000000000e+00 -9.999998211860656738e-01 -6.168656982481479645e-04 0.000000000000000000e+00
6.120834150351583958e-04 -9.999998211860656738e-01 0.000000000000000000e+00 -9.999998211860656738e-01 -6.120834150351583958e-04 0.000000000000000000e+00
5.038611707277595997e-04 -9.999998807907104492e-01 -0.000000000000000000e+00 -9.999998807907104492e-01 -5.038611707277595997e-04 0.000000000000000000e+00
5.039548268541693687e-04 -9.999998807907104492e-01 0.000000000000000000e+00 -9.999998807907104492e-01 -5.039548268541693687e-04 0.000000000000000000e+00
5.041523254476487637e-04 -9.999998807907104492e-01 0.000000000000000000e+00 -9.999998807907104492e-01 -5.041523254476487637e-04 0.000000000000000000e+00
5.032950430177152157e-04 -9.999998807907104492e-01 0.000000000000000000e+00 -9.999998807907104492e-01 -5.032950430177152157e-04 0.000000000000000000e+00
5.042737466283142567e-04 -9.999998807907104492e-01 0.000000000000000000e+00 -9.999998807907104492e-01 -5.042737466283142567e-04 0.000000000000000000e+00
5.039855604991316795e-04 -9.999998807907104492e-01 0.000000000000000000e+00 -9.999998807907104492e-01 -5.039855604991316795e-04 0.000000000000000000e+00
5.044405115768313408e-04 -9.999998807907104492e-01 0.000000000000000000e+00 -9.999998807907104492e-01 -5.044405115768313408e-04 0.000000000000000000e+00
5.038012168370187283e-04 -9.999998807907104492e-01 -0.000000000000000000e+00 -9.999998807907104492e-01 -5.038012168370187283e-04 0.000000000000000000e+00
5.038611707277595997e-04 -9.999998807907104492e-01 -0.000000000000000000e+00 -9.999998807907104492e-01 -5.038611707277595997e-04 0.000000000000000000e+00
5.040323594585061073e-04 -9.999998807907104492e-01 -0.000000000000000000e+00 -9.999998807907104492e-01 -5.040323594585061073e-04 0.000000000000000000e+00
5.028590676374733448e-04 -9.999998807907104492e-01 -0.000000000000000000e+00 -9.999998807907104492e-01 -5.028590676374733448e-04 0.000000000000000000e+00
5.036197835579514503e-04 -9.999998807907104492e-01 -0.000000000000000000e+00 -9.999998807907104492e-01 -5.036197835579514503e-04 0.000000000000000000e+00
5.043000564910471439e-04 -9.999998807907104492e-01 -0.000000000000000000e+00 -9.999998807907104492e-01 -5.043000564910471439e-04 0.000000000000000000e+00
5.049422616139054298e-04 -9.999998807907104492e-01 -0.000000000000000000e+00 -9.999998807907104492e-01 -5.049422616139054298e-04 0.000000000000000000e+00
5.049583851359784603e-04 -9.999998807907104492e-01 0.000000000000000000e+00 -9.999998807907104492e-01 -5.049583851359784603e-04 -0.000000000000000000e+00
5.051807384006679058e-04 -9.999998807907104492e-01 0.000000000000000000e+00 -9.999998807907104492e-01 -5.051807384006679058e-04 -0.000000000000000000e+00
5.872459732927381992e-04 -9.999998211860656738e-01 0.000000000000000000e+00 -9.999998211860656738e-01 -5.872459732927381992e-04 -0.000000000000000000e+00
5.883124540559947491e-04 -9.999998211860656738e-01 0.000000000000000000e+00 -9.999998211860656738e-01 -5.883124540559947491e-04 -0.000000000000000000e+00
5.850238376297056675e-04 -9.999998211860656738e-01 0.000000000000000000e+00 -9.999998211860656738e-01 -5.850238376297056675e-04 -0.000000000000000000e+00
5.855622002854943275e-04 -9.999998211860656738e-01 0.000000000000000000e+00 -9.999998211860656738e-01 -5.855622002854943275e-04 -0.000000000000000000e+00
5.800601211376488209e-04 -9.999998211860656738e-01 0.000000000000000000e+00 -9.999998211860656738e-01 -5.800601211376488209e-04 -0.000000000000000000e+00
5.801449879072606564e-04 -9.999998211860656738e-01 0.000000000000000000e+00 -9.999998211860656738e-01 -5.801449879072606564e-04 -0.000000000000000000e+00
5.767232505604624748e-04 -9.999998211860656738e-01 0.000000000000000000e+00 -9.999998211860656738e-01 -5.767232505604624748e-04 -0.000000000000000000e+00
5.781305371783673763e-04 -9.999998211860656738e-01 0.000000000000000000e+00 -9.999998211860656738e-01 -5.781305371783673763e-04 -0.000000000000000000e+00
5.746649112552404404e-04 -9.999998211860656738e-01 0.000000000000000000e+00 -9.999998211860656738e-01 -5.746649112552404404e-04 -0.000000000000000000e+00
5.750905838795006275e-04 -9.999998211860656738e-01 0.000000000000000000e+00 -9.999998211860656738e-01 -5.750905838795006275e-04 -0.000000000000000000e+00
5.761599750258028507e-04 -9.999998211860656738e-01 0.000000000000000000e+00 -9.999998211860656738e-01 -5.761599750258028507e-04 -0.000000000000000000e+00
5.904688150621950626e-04 -9.999998211860656738e-01 0.000000000000000000e+00 -9.999998211860656738e-01 -5.904688150621950626e-04 -0.000000000000000000e+00
5.914460052736103535e-04 -9.999998211860656738e-01 -0.000000000000000000e+00 -9.999998211860656738e-01 -5.914460052736103535e-04 0.000000000000000000e+00
5.936389206908643246e-04 -9.999998211860656738e-01 -0.000000000000000000e+00 -9.999998211860656738e-01 -5.936389206908643246e-04 0.000000000000000000e+00
5.950550548732280731e-04 -9.999998211860656738e-01 -0.000000000000000000e+00 -9.999998211860656738e-01 -5.950550548732280731e-04 0.000000000000000000e+00
5.715782172046601772e-04 -9.999998807907104492e-01 0.000000000000000000e+00 -9.999998807907104492e-01 -5.715782172046601772e-04 0.000000000000000000e+00
6.344953435473144054e-04 -9.999998211860656738e-01 0.000000000000000000e+00 -9.999998211860656738e-01 -6.344953435473144054e-04 0.000000000000000000e+00
6.334142526611685753e-04 -9.999998211860656738e-01 0.000000000000000000e+00 -9.999998211860656738e-01 -6.334142526611685753e-04 0.000000000000000000e+00
6.315973005257546902e-04 -9.999998211860656738e-01 0.000000000000000000e+00 -9.999998211860656738e-01 -6.315973005257546902e-04 -0.000000000000000000e+00
6.266467971727252007e-04 -9.999998211860656738e-01 0.000000000000000000e+00 -9.999998211860656738e-01 -6.266467971727252007e-04 -0.000000000000000000e+00
6.226047407835721970e-04 -9.999998211860656738e-01 0.000000000000000000e+00 -9.999998211860656738e-01 -6.226047407835721970e-04 -0.000000000000000000e+00
6.247259443625807762e-04 -9.999998211860656738e-01 0.000000000000000000e+00 -9.999998211860656738e-01 -6.247259443625807762e-04 -0.000000000000000000e+00
6.213875603862106800e-04 -9.999998211860656738e-01 0.000000000000000000e+00 -9.999998211860656738e-01 -6.213875603862106800e-04 -0.000000000000000000e+00
6.222038646228611469e-04 -9.999998211860656738e-01 0.000000000000000000e+00 -9.999998211860656738e-01 -6.222038646228611469e-04 -0.000000000000000000e+00
6.199349300004541874e-04 -9.999998211860656738e-01 0.000000000000000000e+00 -9.999998211860656738e-01 -6.199349300004541874e-04 -0.000000000000000000e+00
6.283364491537213326e-04 -9.999998211860656738e-01 0.000000000000000000e+00 -9.999998211860656738e-01 -6.283364491537213326e-04 0.000000000000000000e+00
6.231782026588916779e-04 -9.999998211860656738e-01 0.000000000000000000e+00 -9.999998211860656738e-01 -6.231782026588916779e-04 0.000000000000000000e+00
6.262649549171328545e-04 -9.999998211860656738e-01 0.000000000000000000e+00 -9.999998211860656738e-01 -6.262649549171328545e-04 0.000000000000000000e+00
6.238247733563184738e-04 -9.999998211860656738e-01 0.000000000000000000e+00 -9.999998211860656738e-01 -6.238247733563184738e-04 0.000000000000000000e+00
6.257222266867756844e-04 -9.999998211860656738e-01 0.000000000000000000e+00 -9.999998211860656738e-01 -6.257222266867756844e-04 0.000000000000000000e+00
6.202508811838924885e-04 -9.999998211860656738e-01 -0.000000000000000000e+00 -9.999998211860656738e-01 -6.202508811838924885e-04 0.000000000000000000e+00
6.216114270500838757e-04 -9.999998211860656738e-01 0.000000000000000000e+00 -9.999998211860656738e-01 -6.216114270500838757e-04 -0.000000000000000000e+00
8.044571732170879841e-04 9.999997019767761230e-01 0.000000000000000000e+00 -9.999997019767761230e-01 8.044571732170879841e-04 -0.000000000000000000e+00
8.026621653698384762e-04 9.999997019767761230e-01 -0.000000000000000000e+00 -9.999997019767761230e-01 8.026621653698384762e-04 0.000000000000000000e+00
7.986552082002162933e-04 9.999997019767761230e-01 0.000000000000000000e+00 -9.999997019767761230e-01 7.986552082002162933e-04 -0.000000000000000000e+00
7.955289911478757858e-04 9.999997019767761230e-01 -0.000000000000000000e+00 -9.999997019767761230e-01 7.955289911478757858e-04 0.000000000000000000e+00
7.859834004193544388e-04 9.999997019767761230e-01 -0.000000000000000000e+00 -9.999997019767761230e-01 7.859834004193544388e-04 0.000000000000000000e+00
7.820862228982150555e-04 9.999997019767761230e-01 -0.000000000000000000e+00 -9.999997019767761230e-01 7.820862228982150555e-04 0.000000000000000000e+00
7.869518594816327095e-04 9.999997019767761230e-01 -0.000000000000000000e+00 -9.999997019767761230e-01 7.869518594816327095e-04 0.000000000000000000e+00
7.843347266316413879e-04 9.999997019767761230e-01 -0.000000000000000000e+00 -9.999997019767761230e-01 7.843347266316413879e-04 0.000000000000000000e+00
7.778583676554262638e-04 9.999997019767761230e-01 0.000000000000000000e+00 -9.999997019767761230e-01 7.778583676554262638e-04 0.000000000000000000e+00
7.806979119777679443e-04 9.999997019767761230e-01 0.000000000000000000e+00 -9.999997019767761230e-01 7.806979119777679443e-04 0.000000000000000000e+00
7.703726296313107014e-04 9.999997019767761230e-01 0.000000000000000000e+00 -9.999997019767761230e-01 7.703726296313107014e-04 -0.000000000000000000e+00
7.729136850684881210e-04 9.999997019767761230e-01 0.000000000000000000e+00 -9.999997019767761230e-01 7.729136850684881210e-04 0.000000000000000000e+00
7.657000678591430187e-04 9.999997019767761230e-01 0.000000000000000000e+00 -9.999997019767761230e-01 7.657000678591430187e-04 -0.000000000000000000e+00
7.670576451346278191e-04 9.999997019767761230e-01 0.000000000000000000e+00 -9.999997019767761230e-01 7.670576451346278191e-04 0.000000000000000000e+00
7.612440385855734348e-04 9.999997019767761230e-01 0.000000000000000000e+00 -9.999997019767761230e-01 7.612440385855734348e-04 0.000000000000000000e+00
7.687458419241011143e-04 9.999997019767761230e-01 -0.000000000000000000e+00 -9.999997019767761230e-01 7.687458419241011143e-04 0.000000000000000000e+00
8.433517068624496460e-04 9.999996423721313477e-01 0.000000000000000000e+00 -9.999996423721313477e-01 8.433517068624496460e-04 0.000000000000000000e+00
8.431863971054553986e-04 9.999996423721313477e-01 0.000000000000000000e+00 -9.999996423721313477e-01 8.431863971054553986e-04 -0.000000000000000000e+00
8.438783697783946991e-04 9.999996423721313477e-01 0.000000000000000000e+00 -9.999996423721313477e-01 8.438783697783946991e-04 0.000000000000000000e+00
8.443084661848843098e-04 9.999996423721313477e-01 0.000000000000000000e+00 -9.999996423721313477e-01 8.443084661848843098e-04 -0.000000000000000000e+00
8.435974596068263054e-04 9.999996423721313477e-01 0.000000000000000000e+00 -9.999996423721313477e-01 8.435974596068263054e-04 0.000000000000000000e+00
8.442206890322268009e-04 9.999996423721313477e-01 0.000000000000000000e+00 -9.999996423721313477e-01 8.442206890322268009e-04 -0.000000000000000000e+00
8.444840204901993275e-04 9.999996423721313477e-01 0.000000000000000000e+00 -9.999996423721313477e-01 8.444840204901993275e-04 -0.000000000000000000e+00
8.438900695182383060e-04 9.999996423721313477e-01 -0.000000000000000000e+00 -9.999996423721313477e-01 8.438900695182383060e-04 0.000000000000000000e+00
8.439514786005020142e-04 9.999996423721313477e-01 0.000000000000000000e+00 -9.999996423721313477e-01 8.439514786005020142e-04 0.000000000000000000e+00
8.445205749012529850e-04 9.999996423721313477e-01 0.000000000000000000e+00 -9.999996423721313477e-01 8.445205749012529850e-04 0.000000000000000000e+00
8.447004947811365128e-04 9.999996423721313477e-01 0.000000000000000000e+00 -9.999996423721313477e-01 8.447004947811365128e-04 0.000000000000000000e+00
8.452988695353269577e-04 9.999996423721313477e-01 0.000000000000000000e+00 -9.999996423721313477e-01 8.452988695353269577e-04 0.000000000000000000e+00
8.474566275253891945e-04 9.999996423721313477e-01 0.000000000000000000e+00 -9.999996423721313477e-01 8.474566275253891945e-04 0.000000000000000000e+00
8.481061668135225773e-04 9.999996423721313477e-01 0.000000000000000000e+00 -9.999996423721313477e-01 8.481061668135225773e-04 0.000000000000000000e+00
8.482642006129026413e-04 9.999996423721313477e-01 0.000000000000000000e+00 -9.999996423721313477e-01 8.482642006129026413e-04 0.000000000000000000e+00
8.479467360302805901e-04 9.999996423721313477e-01 -0.000000000000000000e+00 -9.999996423721313477e-01 8.479467360302805901e-04 0.000000000000000000e+00
8.091047639027237892e-04 9.999997019767761230e-01 -0.000000000000000000e+00 -9.999997019767761230e-01 8.091047639027237892e-04 0.000000000000000000e+00
8.116941899061203003e-04 9.999997019767761230e-01 -0.000000000000000000e+00 -9.999997019767761230e-01 8.116941899061203003e-04 0.000000000000000000e+00
8.102766587398946285e-04 9.999997019767761230e-01 -0.000000000000000000e+00 -9.999997019767761230e-01 8.102766587398946285e-04 0.000000000000000000e+00
8.168129716068506241e-04 9.999997019767761230e-01 -0.000000000000000000e+00 -9.999997019767761230e-01 8.168129716068506241e-04 0.000000000000000000e+00
8.114660158753395081e-04 9.999997019767761230e-01 -0.000000000000000000e+00 -9.999997019767761230e-01 8.114660158753395081e-04 0.000000000000000000e+00
8.197256247512996197e-04 9.999997019767761230e-01 -0.000000000000000000e+00 -9.999997019767761230e-01 8.197256247512996197e-04 0.000000000000000000e+00
8.180462173186242580e-04 9.999997019767761230e-01 -0.000000000000000000e+00 -9.999997019767761230e-01 8.180462173186242580e-04 0.000000000000000000e+00
8.285528165288269520e-04 9.999996423721313477e-01 -0.000000000000000000e+00 -9.999996423721313477e-01 8.285528165288269520e-04 0.000000000000000000e+00
8.295095758512616158e-04 9.999996423721313477e-01 0.000000000000000000e+00 -9.999996423721313477e-01 8.295095758512616158e-04 0.000000000000000000e+00
8.325553499162197113e-04 9.999996423721313477e-01 0.000000000000000000e+00 -9.999996423721313477e-01 8.325553499162197113e-04 0.000000000000000000e+00
8.084318251349031925e-04 9.999997019767761230e-01 -0.000000000000000000e+00 -9.999997019767761230e-01 8.084318251349031925e-04 0.000000000000000000e+00
8.123057195916771889e-04 9.999997019767761230e-01 -0.000000000000000000e+00 -9.999997019767761230e-01 8.123057195916771889e-04 0.000000000000000000e+00
8.074282668530941010e-04 9.999997019767761230e-01 -0.000000000000000000e+00 -9.999997019767761230e-01 8.074282668530941010e-04 0.000000000000000000e+00
8.095992379821836948e-04 9.999997019767761230e-01 -0.000000000000000000e+00 -9.999997019767761230e-01 8.095992379821836948e-04 0.000000000000000000e+00
8.027294534258544445e-04 9.999997019767761230e-01 -0.000000000000000000e+00 -9.999997019767761230e-01 8.027294534258544445e-04 0.000000000000000000e+00
7.997070788405835629e-04 9.999997019767761230e-01 0.000000000000000000e+00 -9.999997019767761230e-01 7.997070788405835629e-04 -0.000000000000000000e+00
7.912835571914911270e-04 9.999997019767761230e-01 -0.000000000000000000e+00 -9.999997019767761230e-01 7.912835571914911270e-04 0.000000000000000000e+00
7.954031461849808693e-04 9.999997019767761230e-01 -0.000000000000000000e+00 -9.999997019767761230e-01 7.954031461849808693e-04 0.000000000000000000e+00
7.932643638923764229e-04 9.999997019767761230e-01 -0.000000000000000000e+00 -9.999997019767761230e-01 7.932643638923764229e-04 0.000000000000000000e+00
7.930361316539347172e-04 9.999997019767761230e-01 -0.000000000000000000e+00 -9.999997019767761230e-01 7.930361316539347172e-04 0.000000000000000000e+00
7.986244745552539825e-04 9.999997019767761230e-01 -0.000000000000000000e+00 -9.999997019767761230e-01 7.986244745552539825e-04 0.000000000000000000e+00
7.983377436175942421e-04 9.999997019767761230e-01 -0.000000000000000000e+00 -9.999997019767761230e-01 7.983377436175942421e-04 0.000000000000000000e+00
7.964228279888629913e-04 9.999997019767761230e-01 0.000000000000000000e+00 -9.999997019767761230e-01 7.964228279888629913e-04 0.000000000000000000e+00
7.922286167740821838e-04 9.999997019767761230e-01 0.000000000000000000e+00 -9.999997019767761230e-01 7.922286167740821838e-04 -0.000000000000000000e+00
7.945663528516888618e-04 9.999997019767761230e-01 0.000000000000000000e+00 -9.999997019767761230e-01 7.945663528516888618e-04 0.000000000000000000e+00
7.924407254904508591e-04 9.999997019767761230e-01 0.000000000000000000e+00 -9.999997019767761230e-01 7.924407254904508591e-04 0.000000000000000000e+00
7.865524967201054096e-04 9.999997019767761230e-01 0.000000000000000000e+00 -9.999997019767761230e-01 7.865524967201054096e-04 -0.000000000000000000e+00
7.890306878834962845e-04 9.999997019767761230e-01 0.000000000000000000e+00 -9.999997019767761230e-01 7.890306878834962845e-04 0.000000000000000000e+00
7.861428894102573395e-04 9.999997019767761230e-01 0.000000000000000000e+00 -9.999997019767761230e-01 7.861428894102573395e-04 -0.000000000000000000e+00
7.831088150851428509e-04 9.999997019767761230e-01 0.000000000000000000e+00 -9.999997019767761230e-01 7.831088150851428509e-04 -0.000000000000000000e+00
7.841577171348035336e-04 9.999997019767761230e-01 0.000000000000000000e+00 -9.999997019767761230e-01 7.841577171348035336e-04 -0.000000000000000000e+00
7.838373421691358089e-04 9.999997019767761230e-01 0.000000000000000000e+00 -9.999997019767761230e-01 7.838373421691358089e-04 -0.000000000000000000e+00
7.816502475179731846e-04 9.999997019767761230e-01 -0.000000000000000000e+00 -9.999997019767761230e-01 7.816502475179731846e-04 0.000000000000000000e+00
7.805764907971024513e-04 9.999997019767761230e-01 0.000000000000000000e+00 -9.999997019767761230e-01 7.805764907971024513e-04 -0.000000000000000000e+00
7.799137965776026249e-04 9.999997019767761230e-01 -0.000000000000000000e+00 -9.999997019767761230e-01 7.799137965776026249e-04 0.000000000000000000e+00
7.778378785587847233e-04 9.999997019767761230e-01 0.000000000000000000e+00 -9.999997019767761230e-01 7.778378785587847233e-04 -0.000000000000000000e+00
7.770537631586194038e-04 9.999997019767761230e-01 0.000000000000000000e+00 -9.999997019767761230e-01 7.770537631586194038e-04 -0.000000000000000000e+00
7.787141948938369751e-04 9.999997019767761230e-01 -0.000000000000000000e+00 -9.999997019767761230e-01 7.787141948938369751e-04 0.000000000000000000e+00
7.768709328956902027e-04 9.999997019767761230e-01 0.000000000000000000e+00 -9.999997019767761230e-01 7.768709328956902027e-04 -0.000000000000000000e+00
7.764817564748227596e-04 9.999997019767761230e-01 0.000000000000000000e+00 -9.999997019767761230e-01 7.764817564748227596e-04 -0.000000000000000000e+00
7.789482478983700275e-04 9.999997019767761230e-01 -0.000000000000000000e+00 -9.999997019767761230e-01 7.789482478983700275e-04 0.000000000000000000e+00
7.732194499112665653e-04 9.999997019767761230e-01 0.000000000000000000e+00 -9.999997019767761230e-01 7.732194499112665653e-04 -0.000000000000000000e+00
7.697026012465357780e-04 9.999997019767761230e-01 -0.000000000000000000e+00 -9.999997019767761230e-01 7.697026012465357780e-04 0.000000000000000000e+00
7.722188020125031471e-04 9.999997019767761230e-01 -0.000000000000000000e+00 -9.999997019767761230e-01 7.722188020125031471e-04 0.000000000000000000e+00
7.679163827560842037e-04 9.999997019767761230e-01 -0.000000000000000000e+00 -9.999997019767761230e-01 7.679163827560842037e-04 0.000000000000000000e+00
7.707602926529943943e-04 9.999997019767761230e-01 -0.000000000000000000e+00 -9.999997019767761230e-01 7.707602926529943943e-04 0.000000000000000000e+00
7.670824998058378696e-04 9.999997019767761230e-01 -0.000000000000000000e+00 -9.999997019767761230e-01 7.670824998058378696e-04 0.000000000000000000e+00
7.665456505492329597e-04 9.999997019767761230e-01 -0.000000000000000000e+00 -9.999997019767761230e-01 7.665456505492329597e-04 0.000000000000000000e+00
7.685498567298054695e-04 9.999997019767761230e-01 -0.000000000000000000e+00 -9.999997019767761230e-01 7.685498567298054695e-04 0.000000000000000000e+00
7.654221262782812119e-04 9.999997019767761230e-01 -0.000000000000000000e+00 -9.999997019767761230e-01 7.654221262782812119e-04 0.000000000000000000e+00
7.658682879991829395e-04 9.999997019767761230e-01 -0.000000000000000000e+00 -9.999997019767761230e-01 7.658682879991829395e-04 0.000000000000000000e+00
7.667635800316929817e-04 9.999997019767761230e-01 -0.000000000000000000e+00 -9.999997019767761230e-01 7.667635800316929817e-04 0.000000000000000000e+00
7.659867987968027592e-04 9.999997019767761230e-01 -0.000000000000000000e+00 -9.999997019767761230e-01 7.659867987968027592e-04 0.000000000000000000e+00
7.668031030334532261e-04 9.999997019767761230e-01 -0.000000000000000000e+00 -9.999997019767761230e-01 7.668031030334532261e-04 0.000000000000000000e+00
7.657380774617195129e-04 9.999997019767761230e-01 -0.000000000000000000e+00 -9.999997019767761230e-01 7.657380774617195129e-04 0.000000000000000000e+00
7.682265131734311581e-04 9.999997019767761230e-01 -0.000000000000000000e+00 -9.999997019767761230e-01 7.682265131734311581e-04 0.000000000000000000e+00
7.693617371842265129e-04 9.999997019767761230e-01 0.000000000000000000e+00 -9.999997019767761230e-01 7.693617371842265129e-04 0.000000000000000000e+00
7.713249651715159416e-04 9.999997019767761230e-01 -0.000000000000000000e+00 -9.999997019767761230e-01 7.713249651715159416e-04 0.000000000000000000e+00
7.752309902571141720e-04 9.999997019767761230e-01 0.000000000000000000e+00 -9.999997019767761230e-01 7.752309902571141720e-04 0.000000000000000000e+00
7.739450666122138500e-04 9.999997019767761230e-01 0.000000000000000000e+00 -9.999997019767761230e-01 7.739450666122138500e-04 0.000000000000000000e+00
7.792261894792318344e-04 9.999997019767761230e-01 0.000000000000000000e+00 -9.999997019767761230e-01 7.792261894792318344e-04 0.000000000000000000e+00
7.811280083842575550e-04 9.999997019767761230e-01 0.000000000000000000e+00 -9.999997019767761230e-01 7.811280083842575550e-04 0.000000000000000000e+00
7.792027899995446205e-04 9.999997019767761230e-01 0.000000000000000000e+00 -9.999997019767761230e-01 7.792027899995446205e-04 0.000000000000000000e+00
7.831029361113905907e-04 9.999997019767761230e-01 0.000000000000000000e+00 -9.999997019767761230e-01 7.831029361113905907e-04 0.000000000000000000e+00
7.817848236300051212e-04 9.999997019767761230e-01 0.000000000000000000e+00 -9.999997019767761230e-01 7.817848236300051212e-04 0.000000000000000000e+00
7.866256637498736382e-04 9.999997019767761230e-01 0.000000000000000000e+00 -9.999997019767761230e-01 7.866256637498736382e-04 0.000000000000000000e+00
7.904862868599593639e-04 9.999997019767761230e-01 0.000000000000000000e+00 -9.999997019767761230e-01 7.904862868599593639e-04 0.000000000000000000e+00
7.868260727263987064e-04 9.999997019767761230e-01 0.000000000000000000e+00 -9.999997019767761230e-01 7.868260727263987064e-04 0.000000000000000000e+00
-7.932988405227661133e-01 6.088316440582275391e-01 1.042356365360319614e-03 -4.680988378822803497e-03 -4.387235734611749649e-03 -9.999794363975524902e-01
-8.660292029380798340e-01 4.999919831752777100e-01 1.192376366816461086e-03 2.539915498346090317e-03 6.784080527722835541e-03 -9.999737739562988281e-01
-8.786074519157409668e-01 4.775431454181671143e-01 1.183959888294339180e-03 -1.040236908011138439e-03 5.653923726640641689e-04 -9.999993443489074707e-01
-9.450001716613769531e-01 3.270677030086517334e-01 1.188783091492950916e-03 -1.123400987125933170e-03 3.888128267135471106e-04 -9.999992847442626953e-01
-9.450001716613769531e-01 3.270677030086517334e-01 1.189413596875965595e-03 -1.123996800743043423e-03 3.890190564561635256e-04 -9.999992847442626953e-01
-9.898207187652587891e-01 1.423149853944778442e-01 1.191751332953572273e-03 -1.179621089249849319e-03 1.696042163530364633e-04 -9.999993443489074707e-01
-9.898207187652587891e-01 1.423149853944778442e-01 1.190554699860513210e-03 -1.178436679765582085e-03 1.694339152891188860e-04 -9.999993443489074707e-01
-9.988666176795959473e-01 -4.758199304342269897e-02 1.196333207190036774e-03 -1.194978132843971252e-03 -5.692396007361821830e-05 -9.999992847442626953e-01
-9.988666176795959473e-01 -4.758199304342269897e-02 1.194915734231472015e-03 -1.193562289699912071e-03 -5.685651194653473794e-05 -9.999992847442626953e-01
-9.718108773231506348e-01 -2.357587814331054688e-01 1.191153074614703655e-03 -1.157576451078057289e-03 -2.808250137604773045e-04 -9.999993443489074707e-01
-9.718108773231506348e-01 -2.357587814331054688e-01 1.189603819511830807e-03 -1.156070851720869541e-03 -2.804597606882452965e-04 -9.999993443489074707e-01
-9.096313118934631348e-01 -4.154148399829864502e-01 1.186432200483977795e-03 -1.079216599464416504e-03 -4.928619018755853176e-04 -9.999992847442626953e-01
-9.096313118934631348e-01 -4.154148399829864502e-01 1.188140944577753544e-03 -1.080770976841449738e-03 -4.935717443004250526e-04 -9.999992847442626953e-01
-8.145754337310791016e-01 -5.800565481185913086e-01 1.181212603114545345e-03 -9.621873032301664352e-04 -6.851704674772918224e-04 -9.999992847442626953e-01
-8.145754337310791016e-01 -5.800565481185913086e-01 1.182020176202058792e-03 -9.628451080061495304e-04 -6.856389227323234081e-04 -9.999992847442626953e-01
-6.900786161422729492e-01 -7.237334847450256348e-01 1.165478839538991451e-03 -8.042725967243313789e-04 -8.434966439381241798e-04 -9.999993443489074707e-01
-6.900786161422729492e-01 -7.237334847450256348e-01 1.165718771517276764e-03 -8.044381393119692802e-04 -8.436702773906290531e-04 -9.999993443489074707e-01
-5.784732699394226074e-01 -8.157005310058593750e-01 1.149908988736569881e-03 -6.651920266449451447e-04 -9.379819966852664948e-04 -9.999993443489074707e-01
-5.784732699394226074e-01 -8.157005310058593750e-01 1.149762654677033424e-03 -6.651073927059769630e-04 -9.378626127727329731e-04 -9.999993443489074707e-01
-5.406323075294494629e-01 -8.412583470344543457e-01 1.072076032869517803e-03 -8.185126818716526031e-03 3.985830117017030716e-03 -9.999585747718811035e-01
-4.618285000324249268e-01 -8.869686722755432129e-01 1.025854726321995258e-03 6.261867471039295197e-03 -4.416991956532001495e-03 -9.999706745147705078e-01
-3.716551959514617920e-01 -9.283704757690429688e-01 8.901868714019656181e-04 -8.604682981967926025e-03 2.485886681824922562e-03 -9.999598860740661621e-01
-3.007899820804595947e-01 -9.536900520324707031e-01 8.448541630059480667e-04 6.625684909522533417e-03 -2.975569805130362511e-03 -9.999736547470092773e-01
-1.892449855804443359e-01 -9.819296598434448242e-01 7.664096774533390999e-04 -8.275666274130344391e-03 8.144627790898084641e-04 -9.999654293060302734e-01
-1.306131929159164429e-01 -9.914330840110778809e-01 8.030249737203121185e-04 6.171159911900758743e-03 -1.622947165742516518e-03 -9.999796748161315918e-01
-7.145218085497617722e-03 -1.099771820008754730e-03 -9.999738931655883789e-01 -7.858114258851855993e-06 9.999994039535522461e-01 -1.099743763916194439e-03
2.573922462761402130e-02 -9.996682405471801758e-01 9.799780091270804405e-04 2.522388604120351374e-05 -9.796533267945051193e-04 -9.999995231628417969e-01
1.892511844635009766e-01 -9.819282293319702148e-01 9.741131216287612915e-04 1.843521458795294166e-04 -9.565096115693449974e-04 -9.999995231628417969e-01
1.892511844635009766e-01 -9.819282293319702148e-01 9.755730861797928810e-04 1.846284430939704180e-04 -9.579432080499827862e-04 -9.999995231628417969e-01
3.716624975204467773e-01 -9.283674359321594238e-01 9.758291416801512241e-04 3.626792749855667353e-04 -9.059283765964210033e-04 -9.999995231628417969e-01
3.716624975204467773e-01 -9.283674359321594238e-01 9.755555656738579273e-04 3.625775862019509077e-04 -9.056744165718555450e-04 -9.999995231628417969e-01
5.406405329704284668e-01 -8.412531614303588867e-01 9.814687073230743408e-04 5.306220264174044132e-04 -8.256640867330133915e-04 -9.999995231628417969e-01
5.406405329704284668e-01 -8.412531614303588867e-01 9.817159734666347504e-04 5.307556712068617344e-04 -8.258720627054572105e-04 -9.999995231628417969e-01
6.900787949562072754e-01 -7.237336635589599609e-01 9.904189500957727432e-04 6.834673113189637661e-04 -7.167997537180781364e-04 -9.999995231628417969e-01
6.900787949562072754e-01 -7.237336635589599609e-01 9.867660701274871826e-04 6.809465703554451466e-04 -7.141560199670493603e-04 -9.999995231628417969e-01
8.145755529403686523e-01 -5.800566077232360840e-01 9.946950012817978859e-04 8.102546562440693378e-04 -5.769797135144472122e-04 -9.999995231628417969e-01
8.145755529403686523e-01 -5.800566077232360840e-01 9.948617080226540565e-04 8.103904547169804573e-04 -5.770763964392244816e-04 -9.999995231628417969e-01
9.096315503120422363e-01 -4.154149293899536133e-01 1.000559772364795208e-03 9.101411560550332069e-04 -4.156476643402129412e-04 -9.999995231628417969e-01
9.096315503120422363e-01 -4.154149293899536133e-01 9.973691776394844055e-04 9.072388638742268085e-04 -4.143222467973828316e-04 -9.999995231628417969e-01
9.718111157417297363e-01 -2.357588261365890503e-01 1.003683079034090042e-03 9.753908379934728146e-04 -2.366272674407809973e-04 -9.999995231628417969e-01
9.718111157417297363e-01 -2.357588261365890503e-01 1.000434043817222118e-03 9.722334216348826885e-04 -2.358612691750749946e-04 -9.999995231628417969e-01
9.956541657447814941e-01 -9.312289208173751831e-02 1.000678283162415028e-03 9.963299380615353584e-04 -9.318609954789280891e-05 -9.999995231628417969e-01
9.956541657447814941e-01 -9.312289208173751831e-02 9.987618541345000267e-04 9.944218909367918968e-04 -9.300763485953211784e-05 -9.999995231628417969e-01
9.988672733306884766e-01 -4.757311940193176270e-02 9.836303070187568665e-04 5.523788859136402607e-04 -9.077318012714385986e-03 -9.999586939811706543e-01
9.990516901016235352e-01 4.352969676256179810e-02 9.768689051270484924e-04 6.453515961766242981e-04 7.629290688782930374e-03 -9.999707341194152832e-01
9.898197054862976074e-01 1.423237025737762451e-01 9.823149302974343300e-04 2.240706235170364380e-03 -8.681759238243103027e-03 -9.999598264694213867e-01
9.763148427009582520e-01 2.163524627685546875e-01 9.679202921688556671e-04 -6.157392053864896297e-04 7.252286188304424286e-03 -9.999735355377197266e-01
9.449977278709411621e-01 3.270754516124725342e-01 9.731230093166232109e-04 3.627880476415157318e-03 -7.506677415221929550e-03 -9.999652504920959473e-01
9.239130616188049316e-01 3.826012909412384033e-01 9.783550631254911423e-04 -1.518043689429759979e-03 6.222863215953111649e-03 -9.999794960021972656e-01
8.660212755203247070e-01 5.000061392784118652e-01 1.071845297701656818e-03 4.500888753682374954e-03 -5.652027204632759094e-03 -9.999738931655883789e-01
8.528684973716735840e-01 5.221247076988220215e-01 1.041759853251278400e-03 8.884846465662121773e-04 5.439288797788321972e-04 -9.999994635581970215e-01
7.557490468025207520e-01 6.548605561256408691e-01 1.040585106238722801e-03 7.864216458983719349e-04 6.814385415054857731e-04 -9.999994635581970215e-01
7.557490468025207520e-01 6.548605561256408691e-01 1.039689872413873672e-03 7.857450400479137897e-04 6.808522739447653294e-04 -9.999994635581970215e-01
6.181586980819702148e-01 7.860527038574218750e-01 1.043211086653172970e-03 6.448703934438526630e-04 8.200193406082689762e-04 -9.999994635581970215e-01
6.181586980819702148e-01 7.860527038574218750e-01 1.039679627865552902e-03 6.426873733289539814e-04 8.172434172593057156e-04 -9.999994635581970215e-01
4.582263231277465820e-01 8.888349533081054688e-01 1.037995796650648117e-03 4.756372363772243261e-04 9.226074325852096081e-04 -9.999994635581970215e-01
4.582263231277465820e-01 8.888349533081054688e-01 1.035552704706788063e-03 4.745177575387060642e-04 9.204359375871717930e-04 -9.999994635581970215e-01
2.817322611808776855e-01 9.594925045967102051e-01 1.037695910781621933e-03 2.923525753431022167e-04 9.956619469448924065e-04 -9.999994635581970215e-01
2.817322611808776855e-01 9.594925045967102051e-01 1.035732682794332504e-03 2.917994570452719927e-04 9.937783470377326012e-04 -9.999994635581970215e-01
9.505616128444671631e-02 9.954714179039001465e-01 1.035953639075160027e-03 9.847381443250924349e-05 1.031262567266821861e-03 -9.999994635581970215e-01
9.505616128444671631e-02 9.954714179039001465e-01 1.035558641888201237e-03 9.843626321526244283e-05 1.030869432725012302e-03 -9.999994635581970215e-01
-9.505616873502731323e-02 9.954715371131896973e-01 8.728631655685603619e-04 -8.297106251120567322e-05 8.689107489772140980e-04 -9.999996423721313477e-01
-9.505616873502731323e-02 9.954715371131896973e-01 8.740759221836924553e-04 -8.308634278364479542e-05 8.701180340722203255e-04 -9.999996423721313477e-01
-2.817322909832000732e-01 9.594926238059997559e-01 8.961864514276385307e-04 -2.524848096072673798e-04 8.598847198300063610e-04 -9.999996423721313477e-01
-2.817322909832000732e-01 9.594926238059997559e-01 8.934771176427602768e-04 -2.517215034458786249e-04 8.572851074859499931e-04 -9.999996423721313477e-01
-4.171806573867797852e-01 9.088231325149536133e-01 9.127217927016317844e-04 -3.807700413744896650e-04 8.295029983855783939e-04 -9.999995827674865723e-01
-4.171806573867797852e-01 9.088231325149536133e-01 9.124833741225302219e-04 -3.806705644819885492e-04 8.292863494716584682e-04 -9.999995827674865723e-01
-4.582336246967315674e-01 8.888313770294189453e-01 9.030267829075455666e-04 7.621892262250185013e-03 4.945366643369197845e-03 -9.999587535858154297e-01
-5.372242331504821777e-01 8.434389829635620117e-01 9.070210508070886135e-04 -6.892342586070299149e-03 -3.314689733088016510e-03 -9.999707937240600586e-01
-6.181653141975402832e-01 7.860475778579711914e-01 9.373743087053298950e-04 6.425983738154172897e-03 6.246004719287157059e-03 -9.999598860740661621e-01
-6.755239367485046387e-01 7.373374104499816895e-01 9.631132706999778748e-04 -5.969584919512271881e-03 -4.162964411079883575e-03 -9.999735355377197266e-01
-7.557547092437744141e-01 6.548540592193603516e-01 1.039250404573976994e-03 4.637041594833135605e-03 6.938462145626544952e-03 -9.999651908874511719e-01
-4.582188427448272705e-01 8.888388872146606445e-01 9.295819327235221863e-04 -8.461676537990570068e-03 -3.316412214189767838e-03 -9.999587535858154297e-01
-5.372359156608581543e-01 8.434314727783203125e-01 9.272496681660413742e-04 5.906888749450445175e-03 4.861823283135890961e-03 -9.999707937240600586e-01
-6.181520819664001465e-01 7.860579490661621094e-01 9.461573208682239056e-04 -7.590351626276969910e-03 -4.765389487147331238e-03 -9.999598264694213867e-01
-6.755340695381164551e-01 7.373282909393310547e-01 9.303478291258215904e-04 4.690463189035654068e-03 5.559112410992383957e-03 -9.999735951423645020e-01
-7.557438015937805176e-01 6.548667550086975098e-01 9.766602888703346252e-04 -6.160617340356111526e-03 -5.618276074528694153e-03 -9.999652504920959473e-01
-7.933068275451660156e-01 6.088212132453918457e-01 1.032189233228564262e-03 3.035211469978094101e-03 5.650299601256847382e-03 -9.999794363975524902e-01
-8.660210371017456055e-01 5.000063776969909668e-01 1.119563123211264610e-03 -4.542165901511907578e-03 -5.628082901239395142e-03 -9.999738931655883789e-01
-8.786074519157409668e-01 4.775431454181671143e-01 1.184495282359421253e-03 -1.040707225911319256e-03 5.656480207107961178e-04 -9.999993443489074707e-01
-5.406491756439208984e-01 -8.412473797798156738e-01 1.153084798716008663e-03 6.982064805924892426e-03 -5.857830401510000229e-03 -9.999585151672363281e-01
-4.618144333362579346e-01 -8.869760036468505859e-01 1.062752795405685902e-03 -7.226460147649049759e-03 2.564400900155305862e-03 -9.999706745147705078e-01
-3.716707825660705566e-01 -9.283640980720520020e-01 1.000012503936886787e-03 7.902137935161590576e-03 -4.240756388753652573e-03 -9.999598264694213867e-01
-3.007780015468597412e-01 -9.536937475204467773e-01 8.940566331148147583e-04 -7.148734759539365768e-03 1.317140879109501839e-03 -9.999735951423645020e-01
-1.892581731081008911e-01 -9.819270372390747070e-01 8.578256820328533649e-04 7.968267425894737244e-03 -2.409400651231408119e-03 -9.999653697013854980e-01
-1.306027770042419434e-01 -9.914343953132629395e-01 8.574326639063656330e-04 -6.388033274561166763e-03 -2.332008443772792816e-05 -9.999796152114868164e-01
7.145219482481479645e-03 -9.196809260174632072e-04 -9.999740719795227051e-01 6.571324774995446205e-06 9.999995827674865723e-01 -9.196574683301150799e-04
2.573922462761402130e-02 -9.996682405471801758e-01 9.798799874261021614e-04 2.522136310290079564e-05 -9.795554215088486671e-04 -9.999995231628417969e-01
9.988663792610168457e-01 -4.759110137820243835e-02 1.007575774565339088e-03 1.436652848497033119e-03 8.982568047940731049e-03 -9.999586343765258789e-01
9.990510940551757812e-01 4.354443401098251343e-02 9.651512955315411091e-04 1.294883200898766518e-03 -7.544738240540027618e-03 -9.999707341194152832e-01
9.898222088813781738e-01 1.423065513372421265e-01 9.611428249627351761e-04 -3.169541596435010433e-04 8.958353661000728607e-03 -9.999598264694213867e-01
9.763118624687194824e-01 2.163660526275634766e-01 9.625895763747394085e-04 2.500571776181459427e-03 -6.834591273218393326e-03 -9.999735355377197266e-01
9.450029730796813965e-01 3.270602822303771973e-01 9.632033179514110088e-04 -1.797987846657633781e-03 8.140009827911853790e-03 -9.999652504920959473e-01
9.239082932472229004e-01 3.826127350330352783e-01 9.792722994461655617e-04 3.326753620058298111e-03 -5.473846103996038437e-03 -9.999794960021972656e-01
8.660287261009216309e-01 4.999932050704956055e-01 1.011416665278375149e-03 -2.696685027331113815e-03 6.693684495985507965e-03 -9.999739527702331543e-01
8.528684973716735840e-01 5.221247076988220215e-01 1.043235883116722107e-03 8.897435036487877369e-04 5.446995492093265057e-04 -9.999994635581970215e-01
5.630610976368188858e-04 -9.999998807907104492e-01 -0.000000000000000000e+00 -9.999998807907104492e-01 -5.630610976368188858e-04 0.000000000000000000e+00
5.643587210215628147e-04 -9.999998807907104492e-01 -0.000000000000000000e+00 -9.999998807907104492e-01 -5.643587210215628147e-04 0.000000000000000000e+00
5.654164124280214310e-04 -9.999998807907104492e-01 -0.000000000000000000e+00 -9.999998807907104492e-01 -5.654164124280214310e-04 0.000000000000000000e+00
5.601571756415069103e-04 -9.999998807907104492e-01 -0.000000000000000000e+00 -9.999998807907104492e-01 -5.601571756415069103e-04 0.000000000000000000e+00
5.631312960758805275e-04 -9.999998807907104492e-01 -0.000000000000000000e+00 -9.999998807907104492e-01 -5.631312960758805275e-04 0.000000000000000000e+00
5.655480781570076942e-04 -9.999998807907104492e-01 -0.000000000000000000e+00 -9.999998807907104492e-01 -5.655480781570076942e-04 0.000000000000000000e+00
5.613918765448033810e-04 -9.999998807907104492e-01 0.000000000000000000e+00 -9.999998807907104492e-01 -5.613918765448033810e-04 0.000000000000000000e+00
5.588069907389581203e-04 -9.999998807907104492e-01 0.000000000000000000e+00 -9.999998807907104492e-01 -5.588069907389581203e-04 -0.000000000000000000e+00
5.588055355474352837e-04 -9.999998807907104492e-01 0.000000000000000000e+00 -9.999998807907104492e-01 -5.588055355474352837e-04 0.000000000000000000e+00
5.560581339523196220e-04 -9.999998807907104492e-01 0.000000000000000000e+00 -9.999998807907104492e-01 -5.560581339523196220e-04 0.000000000000000000e+00
5.527987959794700146e-04 -9.999998807907104492e-01 0.000000000000000000e+00 -9.999998807907104492e-01 -5.527987959794700146e-04 -0.000000000000000000e+00
5.526963504962623119e-04 -9.999998807907104492e-01 0.000000000000000000e+00 -9.999998807907104492e-01 -5.526963504962623119e-04 0.000000000000000000e+00
5.509057664312422276e-04 -9.999998807907104492e-01 0.000000000000000000e+00 -9.999998807907104492e-01 -5.509057664312422276e-04 -0.000000000000000000e+00
5.500075058080255985e-04 -9.999998807907104492e-01 0.000000000000000000e+00 -9.999998807907104492e-01 -5.500075058080255985e-04 -0.000000000000000000e+00
5.484217545017600060e-04 -9.999998807907104492e-01 0.000000000000000000e+00 -9.999998807907104492e-01 -5.484217545017600060e-04 -0.000000000000000000e+00
5.465096910484135151e-04 -9.999998807907104492e-01 0.000000000000000000e+00 -9.999998807907104492e-01 -5.465096910484135151e-04 -0.000000000000000000e+00
5.470407195389270782e-04 -9.999998807907104492e-01 0.000000000000000000e+00 -9.999998807907104492e-01 -5.470407195389270782e-04 -0.000000000000000000e+00
5.457269726321101189e-04 -9.999998807907104492e-01 0.000000000000000000e+00 -9.999998807907104492e-01 -5.457269726321101189e-04 -0.000000000000000000e+00
5.450876778922975063e-04 -9.999998807907104492e-01 0.000000000000000000e+00 -9.999998807907104492e-01 -5.450876778922975063e-04 -0.000000000000000000e+00
5.431346944533288479e-04 -9.999998807907104492e-01 0.000000000000000000e+00 -9.999998807907104492e-01 -5.431346944533288479e-04 -0.000000000000000000e+00
5.425378330983221531e-04 -9.999998807907104492e-01 0.000000000000000000e+00 -9.999998807907104492e-01 -5.425378330983221531e-04 -0.000000000000000000e+00
5.429035518318414688e-04 -9.999998807907104492e-01 0.000000000000000000e+00 -9.999998807907104492e-01 -5.429035518318414688e-04 -0.000000000000000000e+00
5.421720561571419239e-04 -9.999998807907104492e-01 0.000000000000000000e+00 -9.999998807907104492e-01 -5.421720561571419239e-04 -0.000000000000000000e+00
5.423154216259717941e-04 -9.999998807907104492e-01 0.000000000000000000e+00 -9.999998807907104492e-01 -5.423154216259717941e-04 -0.000000000000000000e+00
5.452909972518682480e-04 -9.999998807907104492e-01 0.000000000000000000e+00 -9.999998807907104492e-01 -5.452909972518682480e-04 -0.000000000000000000e+00
5.458103842101991177e-04 -9.999998807907104492e-01 0.000000000000000000e+00 -9.999998807907104492e-01 -5.458103842101991177e-04 -0.000000000000000000e+00
5.472528282552957535e-04 -9.999998807907104492e-01 0.000000000000000000e+00 -9.999998807907104492e-01 -5.472528282552957535e-04 -0.000000000000000000e+00
5.471723852679133415e-04 -9.999998807907104492e-01 0.000000000000000000e+00 -9.999998807907104492e-01 -5.471723852679133415e-04 -0.000000000000000000e+00
5.478716921061277390e-04 -9.999998807907104492e-01 -0.000000000000000000e+00 -9.999998807907104492e-01 -5.478716921061277390e-04 0.000000000000000000e+00
5.503600696101784706e-04 -9.999998807907104492e-01 -0.000000000000000000e+00 -9.999998807907104492e-01 -5.503600696101784706e-04 0.000000000000000000e+00
5.496593657881021500e-04 -9.999998807907104492e-01 -0.000000000000000000e+00 -9.999998807907104492e-01 -5.496593657881021500e-04 0.000000000000000000e+00
5.511105991899967194e-04 -9.999998807907104492e-01 -0.000000000000000000e+00 -9.999998807907104492e-01 -5.511105991899967194e-04 0.000000000000000000e+00
5.530752823688089848e-04 -9.999998807907104492e-01 -0.000000000000000000e+00 -9.999998807907104492e-01 -5.530752823688089848e-04 0.000000000000000000e+00
5.544752930290997028e-04 -9.999998807907104492e-01 -0.000000000000000000e+00 -9.999998807907104492e-01 -5.544752930290997028e-04 0.000000000000000000e+00
5.562307778745889664e-04 -9.999998807907104492e-01 -0.000000000000000000e+00 -9.999998807907104492e-01 -5.562307778745889664e-04 0.000000000000000000e+00
5.576629773713648319e-04 -9.999998807907104492e-01 -0.000000000000000000e+00 -9.999998807907104492e-01 -5.576629773713648319e-04 0.000000000000000000e+00
5.577244446612894535e-04 -9.999998807907104492e-01 -0.000000000000000000e+00 -9.999998807907104492e-01 -5.577244446612894535e-04 0.000000000000000000e+00
5.576908006332814693e-04 -9.999998807907104492e-01 -0.000000000000000000e+00 -9.999998807907104492e-01 -5.576908006332814693e-04 0.000000000000000000e+00
5.592355737462639809e-04 -9.999998807907104492e-01 -0.000000000000000000e+00 -9.999998807907104492e-01 -5.592355737462639809e-04 0.000000000000000000e+00
5.604468751698732376e-04 -9.999998807907104492e-01 -0.000000000000000000e+00 -9.999998807907104492e-01 -5.604468751698732376e-04 0.000000000000000000e+00
5.597534473054111004e-04 -9.999998807907104492e-01 0.000000000000000000e+00 -9.999998807907104492e-01 -5.597534473054111004e-04 0.000000000000000000e+00
5.623091710731387138e-04 -9.999998807907104492e-01 -0.000000000000000000e+00 -9.999998807907104492e-01 -5.623091710731387138e-04 0.000000000000000000e+00
5.641524330712854862e-04 -9.999998807907104492e-01 0.000000000000000000e+00 -9.999998807907104492e-01 -5.641524330712854862e-04 0.000000000000000000e+00
5.629103980027139187e-04 -9.999998807907104492e-01 0.000000000000000000e+00 -9.999998807907104492e-01 -5.629103980027139187e-04 0.000000000000000000e+00
5.651735700666904449e-04 -9.999998807907104492e-01 0.000000000000000000e+00 -9.999998807907104492e-01 -5.651735700666904449e-04 0.000000000000000000e+00
5.662327166646718979e-04 -9.999998807907104492e-01 0.000000000000000000e+00 -9.999998807907104492e-01 -5.662327166646718979e-04 0.000000000000000000e+00
5.636199493892490864e-04 -9.999998807907104492e-01 0.000000000000000000e+00 -9.999998807907104492e-01 -5.636199493892490864e-04 0.000000000000000000e+00
5.664667696692049503e-04 -9.999998807907104492e-01 0.000000000000000000e+00 -9.999998807907104492e-01 -5.664667696692049503e-04 0.000000000000000000e+00
5.631693638861179352e-04 -9.999998807907104492e-01 0.000000000000000000e+00 -9.999998807907104492e-01 -5.631693638861179352e-04 0.000000000000000000e+00
5.665881908498704433e-04 -9.999998807907104492e-01 0.000000000000000000e+00 -9.999998807907104492e-01 -5.665881908498704433e-04 0.000000000000000000e+00
5.665311473421752453e-04 -9.999998807907104492e-01 0.000000000000000000e+00 -9.999998807907104492e-01 -5.665311473421752453e-04 0.000000000000000000e+00
5.630318191833794117e-04 -9.999998807907104492e-01 0.000000000000000000e+00 -9.999998807907104492e-01 -5.630318191833794117e-04 0.000000000000000000e+00
-5.233585461974143982e-02 9.986291527748107910e-01 8.859329391270875931e-04 -4.636607627617195249e-05 8.847187855280935764e-04 -9.999996423721313477e-01
-5.233585461974143982e-02 9.986291527748107910e-01 8.878697990439832211e-04 -4.646744127967394888e-05 8.866529678925871849e-04 -9.999996423721313477e-01
5.233585461974143982e-02 9.986291527748107910e-01 8.693287381902337074e-04 4.549707955447956920e-05 8.681373437866568565e-04 -9.999996423721313477e-01
5.233585461974143982e-02 9.986291527748107910e-01 8.730299305170774460e-04 4.569078373606316745e-05 8.718334720470011234e-04 -9.999996423721313477e-01
1.564345061779022217e-01 9.876880049705505371e-01 8.654402918182313442e-04 1.353847765130922198e-04 8.547853212803602219e-04 -9.999996423721313477e-01
1.564345061779022217e-01 9.876880049705505371e-01 8.694618591107428074e-04 1.360138849122449756e-04 8.587573538534343243e-04 -9.999996423721313477e-01
2.588192820549011230e-01 9.659253954887390137e-01 8.672469994053244591e-04 2.244603238068521023e-04 8.376961923204362392e-04 -9.999996423721313477e-01
2.588192820549011230e-01 9.659253954887390137e-01 8.708413806743919849e-04 2.253906131954863667e-04 8.411681046709418297e-04 -9.999996423721313477e-01
3.583678007125854492e-01 9.335801005363464355e-01 8.646971546113491058e-04 3.098797169514000416e-04 8.072643540799617767e-04 -9.999996423721313477e-01
3.583678007125854492e-01 9.335801005363464355e-01 8.684202912263572216e-04 3.112139820586889982e-04 8.107402245514094830e-04 -9.999996423721313477e-01
4.539897739887237549e-01 8.910065293312072754e-01 8.653920376673340797e-04 3.928792721126228571e-04 7.710701902396976948e-04 -9.999996423721313477e-01
4.539897739887237549e-01 8.910065293312072754e-01 8.675425196997821331e-04 3.938555601052939892e-04 7.729863282293081284e-04 -9.999996423721313477e-01
5.446392297744750977e-01 8.386700153350830078e-01 8.652003598399460316e-04 4.712222144007682800e-04 7.256178651005029678e-04 -9.999996423721313477e-01
5.446392297744750977e-01 8.386700153350830078e-01 8.644952322356402874e-04 4.708381602540612221e-04 7.250264752656221390e-04 -9.999996423721313477e-01
6.293199658393859863e-01 7.771458029747009277e-01 8.642289903946220875e-04 5.438767839223146439e-04 6.716321804560720921e-04 -9.999996423721313477e-01
6.293199658393859863e-01 7.771458029747009277e-01 8.664189954288303852e-04 5.452549667097628117e-04 6.733341724611818790e-04 -9.999996423721313477e-01
7.071065306663513184e-01 7.071065306663513184e-01 8.674400160089135170e-04 6.133728311397135258e-04 6.133728311397135258e-04 -9.999996423721313477e-01
7.071065306663513184e-01 7.071065306663513184e-01 8.683396736159920692e-04 6.140089826658368111e-04 6.140089826658368111e-04 -9.999996423721313477e-01
7.771458029747009277e-01 6.293199658393859863e-01 8.688371744938194752e-04 6.752134067937731743e-04 5.467768060043454170e-04 -9.999996423721313477e-01
7.771458029747009277e-01 6.293199658393859863e-01 8.723862119950354099e-04 6.779715185984969139e-04 5.490102921612560749e-04 -9.999996423721313477e-01
8.386700153350830078e-01 5.446392297744750977e-01 8.741227211430668831e-04 7.331007509492337704e-04 4.760816809721291065e-04 -9.999996423721313477e-01
8.386700153350830078e-01 5.446392297744750977e-01 8.767808321863412857e-04 7.353300461545586586e-04 4.775293928105384111e-04 -9.999996423721313477e-01
8.910065293312072754e-01 4.539897739887237549e-01 8.757143514230847359e-04 7.802674663253128529e-04 3.975654835812747478e-04 -9.999996423721313477e-01
8.910065293312072754e-01 4.539897739887237549e-01 8.784456294961273670e-04 7.827010704204440117e-04 3.988054522778838873e-04 -9.999996423721313477e-01
9.335801005363464355e-01 3.583678007125854492e-01 8.787294500507414341e-04 8.203646284528076649e-04 3.149084514006972313e-04 -9.999996423721313477e-01
9.335801005363464355e-01 3.583678007125854492e-01 8.821731898933649063e-04 8.235796703957021236e-04 3.161425702273845673e-04 -9.999996423721313477e-01
9.659253954887390137e-01 2.588192820549011230e-01 8.842227398417890072e-04 8.540935232304036617e-04 2.288539690198376775e-04 -9.999996423721313477e-01
9.659253954887390137e-01 2.588192820549011230e-01 8.850288577377796173e-04 8.548721671104431152e-04 2.290626143803820014e-04 -9.999996423721313477e-01
9.876879453659057617e-01 1.564345061779022217e-01 8.862385875545442104e-04 8.753276197239756584e-04 1.386383664794266224e-04 -9.999996423721313477e-01
9.876879453659057617e-01 1.564345061779022217e-01 8.883291156962513924e-04 8.773923618718981743e-04 1.389653916703537107e-04 -9.999996423721313477e-01
9.986291527748107910e-01 5.233585461974143982e-02 9.025092585943639278e-04 9.012723457999527454e-04 4.723360689240507782e-05 -9.999995827674865723e-01
9.986291527748107910e-01 5.233585461974143982e-02 9.052215027622878551e-04 9.039808646775782108e-04 4.737555354950018227e-05 -9.999995827674865723e-01
9.986291527748107910e-01 -5.233585461974143982e-02 9.020352736115455627e-04 9.007990011014044285e-04 -4.720879951491951942e-05 -9.999995827674865723e-01
9.986291527748107910e-01 -5.233585461974143982e-02 9.030007640831172466e-04 9.017631527967751026e-04 -4.725933104055002332e-05 -9.999995827674865723e-01
9.876879453659057617e-01 -1.564345061779022217e-01 9.026335319504141808e-04 8.915206999517977238e-04 -1.412030978826805949e-04 -9.999996423721313477e-01
9.876879453659057617e-01 -1.564345061779022217e-01 9.022633894346654415e-04 8.911550976336002350e-04 -1.411451958119869232e-04 -9.999996423721313477e-01
9.659253358840942383e-01 -2.588192522525787354e-01 8.990244823507964611e-04 8.683908963575959206e-04 -2.326849498786032200e-04 -9.999995827674865723e-01
9.659253358840942383e-01 -2.588192522525787354e-01 9.007127373479306698e-04 8.700216421857476234e-04 -2.331219002371653914e-04 -9.999995827674865723e-01
9.335800409317016602e-01 -3.583677709102630615e-01 9.004406165331602097e-04 8.406337583437561989e-04 -3.226890403311699629e-04 -9.999995827674865723e-01
9.335800409317016602e-01 -3.583677709102630615e-01 9.001553407870233059e-04 8.403674582950770855e-04 -3.225867985747754574e-04 -9.999995827674865723e-01
8.910064697265625000e-01 -4.539897441864013672e-01 8.952033822424709797e-04 7.976323249749839306e-04 -4.064133099745959044e-04 -9.999995827674865723e-01
8.910064697265625000e-01 -4.539897441864013672e-01 8.970788330771028996e-04 7.993033505044877529e-04 -4.072647425346076488e-04 -9.999995827674865723e-01
8.386700153350830078e-01 -5.446392297744750977e-01 8.925584843382239342e-04 7.485623355023562908e-04 -4.861225315835326910e-04 -9.999996423721313477e-01
8.386700153350830078e-01 -5.446392297744750977e-01 8.942203712649643421e-04 7.499560597352683544e-04 -4.870276607107371092e-04 -9.999996423721313477e-01
7.771458029747009277e-01 -6.293199658393859863e-01 8.846615673974156380e-04 6.875113467685878277e-04 -5.567354382947087288e-04 -9.999996423721313477e-01
7.771458029747009277e-01 -6.293199658393859863e-01 8.874543127603828907e-04 6.896817358210682869e-04 -5.584929604083299637e-04 -9.999996423721313477e-01
7.071065306663513184e-01 -7.071065306663513184e-01 8.768846164457499981e-04 6.200511706992983818e-04 -6.200511706992983818e-04 -9.999996423721313477e-01
7.071065306663513184e-01 -7.071065306663513184e-01 8.763901423662900925e-04 6.197015172801911831e-04 -6.197015172801911831e-04 -9.999996423721313477e-01
6.293199658393859863e-01 -7.771458029747009277e-01 8.686323999427258968e-04 5.466479342430830002e-04 -6.750542670488357544e-04 -9.999996423721313477e-01
6.293199658393859863e-01 -7.771458029747009277e-01 8.672382100485265255e-04 5.457705119624733925e-04 -6.739707896485924721e-04 -9.999996423721313477e-01
5.446392297744750977e-01 -8.386700153350830078e-01 8.629723452031612396e-04 4.700087592937052250e-04 -7.237492827698588371e-04 -9.999996423721313477e-01
5.446392297744750977e-01 -8.386700153350830078e-01 8.630791562609374523e-04 4.700669087469577789e-04 -7.238388643600046635e-04 -9.999996423721313477e-01
4.539897739887237549e-01 -8.910065293312072754e-01 8.549029007554054260e-04 3.881173033732920885e-04 -7.617243099957704544e-04 -9.999996423721313477e-01
4.539897739887237549e-01 -8.910065293312072754e-01 8.537588873878121376e-04 3.875979455187916756e-04 -7.607049774378538132e-04 -9.999996423721313477e-01
3.583678007125854492e-01 -9.335801005363464355e-01 8.460244280286133289e-04 3.031880187336355448e-04 -7.898318581283092499e-04 -9.999996423721313477e-01
3.583678007125854492e-01 -9.335801005363464355e-01 8.482759003527462482e-04 3.039948642253875732e-04 -7.919337949715554714e-04 -9.999996423721313477e-01
2.588192820549011230e-01 -9.659253954887390137e-01 8.408603607676923275e-04 2.176309499191120267e-04 -8.122086874209344387e-04 -9.999996423721313477e-01
2.588192820549011230e-01 -9.659253954887390137e-01 8.422486716881394386e-04 2.179902658099308610e-04 -8.135496755130589008e-04 -9.999996423721313477e-01
1.564345061779022217e-01 -9.876880049705505371e-01 8.352412842214107513e-04 1.306606282014399767e-04 -8.249581442214548588e-04 -9.999997019767761230e-01
1.564345061779022217e-01 -9.876880049705505371e-01 8.387039997614920139e-04 1.312022941419854760e-04 -8.283781935460865498e-04 -9.999996423721313477e-01
5.233585834503173828e-02 -9.986292123794555664e-01 8.370114956051111221e-04 4.380572499940171838e-05 -8.358643390238285065e-04 -9.999996423721313477e-01
5.233585834503173828e-02 -9.986292123794555664e-01 8.402020903304219246e-04 4.397270822664722800e-05 -8.390505681745707989e-04 -9.999996423721313477e-01
-5.233585834503173828e-02 -9.986292123794555664e-01 8.400718797929584980e-04 -4.396589065436273813e-05 -8.389205322600901127e-04 -9.999996423721313477e-01
-5.233585834503173828e-02 -9.986292123794555664e-01 8.433707989752292633e-04 -4.413854549056850374e-05 -8.422149112448096275e-04 -9.999996423721313477e-01
-1.564345061779022217e-01 -9.876880049705505371e-01 8.457406656816601753e-04 -1.323030737694352865e-04 -8.353281882591545582e-04 -9.999996423721313477e-01
-1.564345061779022217e-01 -9.876880049705505371e-01 8.521072450093924999e-04 -1.332990213995799422e-04 -8.416164200752973557e-04 -9.999996423721313477e-01
-2.588192820549011230e-01 -9.659253954887390137e-01 8.559181587770581245e-04 -2.215282001998275518e-04 -8.267533848993480206e-04 -9.999996423721313477e-01
-2.588192820549011230e-01 -9.659253954887390137e-01 8.615313563495874405e-04 -2.229810052085667849e-04 -8.321753120981156826e-04 -9.999996423721313477e-01
-3.583678007125854492e-01 -9.335801005363464355e-01 8.723057690076529980e-04 -3.126063966192305088e-04 -8.143676095642149448e-04 -9.999996423721313477e-01
-3.583678007125854492e-01 -9.335801005363464355e-01 8.756441529840230942e-04 -3.138027677778154612e-04 -8.174842805601656437e-04 -9.999996423721313477e-01
-4.539897441864013672e-01 -8.910064697265625000e-01 8.876079227775335312e-04 -4.029650881420820951e-04 -7.908647530712187290e-04 -9.999996423721313477e-01
-4.539897441864013672e-01 -8.910064697265625000e-01 8.899559034034609795e-04 -4.040310159325599670e-04 -7.929567946121096611e-04 -9.999995827674865723e-01
-5.446392297744750977e-01 -8.386700153350830078e-01 9.004128514789044857e-04 -4.904002998955547810e-04 -7.551494636572897434e-04 -9.999995827674865723e-01
-5.446392297744750977e-01 -8.386700153350830078e-01 9.003879968076944351e-04 -4.903867375105619431e-04 -7.551286253146827221e-04 -9.999995827674865723e-01
-6.293199658393859863e-01 -7.771458029747009277e-01 9.119405876845121384e-04 -5.739026237279176712e-04 -7.087111007422208786e-04 -9.999995827674865723e-01
-6.293199658393859863e-01 -7.771458029747009277e-01 9.119245223701000214e-04 -5.738925538025796413e-04 -7.086985860951244831e-04 -9.999995827674865723e-01
-7.071065306663513184e-01 -7.071065306663513184e-01 9.216748876497149467e-04 -6.517225992865860462e-04 -6.517225992865860462e-04 -9.999995827674865723e-01
-7.071065306663513184e-01 -7.071065306663513184e-01 9.243242093361914158e-04 -6.535959546454250813e-04 -6.535959546454250813e-04 -9.999995827674865723e-01
-7.771458029747009277e-01 -6.293199658393859863e-01 9.302753605879843235e-04 -7.229598704725503922e-04 -5.854410701431334019e-04 -9.999995827674865723e-01
-7.771458029747009277e-01 -6.293199658393859863e-01 9.327754960395395756e-04 -7.249028421938419342e-04 -5.870144814252853394e-04 -9.999995827674865723e-01
-8.386699557304382324e-01 -5.446391701698303223e-01 9.374743676744401455e-04 -7.862319471314549446e-04 -5.105854943394660950e-04 -9.999995827674865723e-01
-8.386699557304382324e-01 -5.446391701698303223e-01 9.388743783347308636e-04 -7.874060538597404957e-04 -5.113480146974325180e-04 -9.999995827674865723e-01
-8.910064697265625000e-01 -4.539897441864013672e-01 9.397740941494703293e-04 -8.373451419174671173e-04 -4.266479809302836657e-04 -9.999995827674865723e-01
-8.910064697265625000e-01 -4.539897441864013672e-01 9.433421655558049679e-04 -8.405243279412388802e-04 -4.282678419258445501e-04 -9.999995827674865723e-01
-9.335800409317016602e-01 -3.583677411079406738e-01 9.480571607127785683e-04 -8.850877056829631329e-04 -3.397533146198838949e-04 -9.999995827674865723e-01
-9.335800409317016602e-01 -3.583677709102630615e-01 9.451795485801994801e-04 -8.824011310935020447e-04 -3.387220203876495361e-04 -9.999995827674865723e-01
-9.659253358840942383e-01 -2.588192820549011230e-01 9.523976477794349194e-04 -9.199454216286540031e-04 -2.464989665895700455e-04 -9.999995827674865723e-01
-9.659253358840942383e-01 -2.588192820549011230e-01 9.508177172392606735e-04 -9.184193331748247147e-04 -2.460900577716529369e-04 -9.999995827674865723e-01
-9.876878857612609863e-01 -1.564344912767410278e-01 9.537742007523775101e-04 -9.420317364856600761e-04 -1.492032606620341539e-04 -9.999995827674865723e-01
-9.876878857612609863e-01 -1.564344912767410278e-01 9.501286549493670464e-04 -9.384310687892138958e-04 -1.486329711042344570e-04 -9.999995827674865723e-01
-9.986290931701660156e-01 -5.233585089445114136e-02 9.555941214784979820e-04 -9.542845073156058788e-04 -5.001185490982607007e-05 -9.999995827674865723e-01
-9.986290931701660156e-01 -5.233585089445114136e-02 9.483863250352442265e-04 -9.470865479670464993e-04 -4.963462561136111617e-05 -9.999995827674865723e-01
-9.986290931701660156e-01 5.233585089445114136e-02 9.589105029590427876e-04 -9.575963485985994339e-04 5.018541924073360860e-05 -9.999995827674865723e-01
-9.986290931701660156e-01 5.233585089445114136e-02 9.532491094432771206e-04 -9.519426967017352581e-04 4.988912405679002404e-05 -9.999995827674865723e-01
-9.876878857612609863e-01 1.564344912767410278e-01 9.613506263121962547e-04 -9.495148551650345325e-04 1.503884850535541773e-04 -9.999995827674865723e-01
-9.876878857612609863e-01 1.564344912767410278e-01 9.595746523700654507e-04 -9.477607673034071922e-04 1.501106598880141973e-04 -9.999995827674865723e-01
-9.659252762794494629e-01 2.588192522525787354e-01 9.631426655687391758e-04 -9.303243132308125496e-04 2.492799831088632345e-04 -9.999995231628417969e-01
-9.659252762794494629e-01 2.588192522525787354e-01 9.633957524783909321e-04 -9.305687854066491127e-04 2.493454958312213421e-04 -9.999995231628417969e-01
-9.335800409317016602e-01 3.583677411079406738e-01 9.652156732045114040e-04 -9.011065121740102768e-04 3.459023428149521351e-04 -9.999995231628417969e-01
-9.335800409317016602e-01 3.583677411079406738e-01 9.641272481530904770e-04 -9.000903810374438763e-04 3.455122641753405333e-04 -9.999995231628417969e-01
-8.910064101219177246e-01 4.539897143840789795e-01 9.663874516263604164e-04 -8.610578952357172966e-04 4.387302033137530088e-04 -9.999995827674865723e-01
-8.910064101219177246e-01 4.539897143840789795e-01 9.684370015747845173e-04 -8.628840441815555096e-04 4.396606818772852421e-04 -9.999995827674865723e-01
-8.386699557304382324e-01 5.446392297744750977e-01 9.699467918835580349e-04 -8.134655072353780270e-04 5.282711936160922050e-04 -9.999995231628417969e-01
-8.386699557304382324e-01 5.446392297744750977e-01 9.731725440360605717e-04 -8.161708828993141651e-04 5.300280754454433918e-04 -9.999995231628417969e-01
-7.771457433700561523e-01 6.293199062347412109e-01 9.718909277580678463e-04 -7.553012692369520664e-04 6.116306176409125328e-04 -9.999995231628417969e-01
-7.771457433700561523e-01 6.293199062347412109e-01 9.784639114513993263e-04 -7.604093989357352257e-04 6.157670868560671806e-04 -9.999995231628417969e-01
-7.071064710617065430e-01 7.071064710617065430e-01 9.717987850308418274e-04 -6.871655350551009178e-04 6.871655350551009178e-04 -9.999995231628417969e-01
-7.071064710617065430e-01 7.071064710617065430e-01 9.773374767974019051e-04 -6.910819793120026588e-04 6.910819793120026588e-04 -9.999995231628417969e-01
-6.293199062347412109e-01 7.771457433700561523e-01 9.656428010202944279e-04 -6.076985737308859825e-04 7.504455861635506153e-04 -9.999995827674865723e-01
-6.293199062347412109e-01 7.771457433700561523e-01 9.701983653940260410e-04 -6.105654174461960793e-04 7.539858925156295300e-04 -9.999995231628417969e-01
-5.446392297744750977e-01 8.386699557304382324e-01 9.575690492056310177e-04 -5.215298151597380638e-04 8.030846947804093361e-04 -9.999995231628417969e-01
-5.446392297744750977e-01 8.386699557304382324e-01 9.646159014664590359e-04 -5.253677954897284508e-04 8.089946932159364223e-04 -9.999995231628417969e-01
-4.539897143840789795e-01 8.910064101219177246e-01 9.464289178140461445e-04 -4.296692204661667347e-04 8.432746981270611286e-04 -9.999995827674865723e-01
-4.539897143840789795e-01 8.910064101219177246e-01 9.511775569990277290e-04 -4.318250576034188271e-04 8.475057547912001610e-04 -9.999995827674865723e-01
-3.583677709102630615e-01 9.335800409317016602e-01 9.324814309366047382e-04 -3.341714327689260244e-04 8.705464424565434456e-04 -9.999995827674865723e-01
-3.583677709102630615e-01 9.335800409317016602e-01 9.346363367512822151e-04 -3.349436738062649965e-04 8.725582156330347061e-04 -9.999995827674865723e-01
-2.588192522525787354e-01 9.659253358840942383e-01 9.147596429102122784e-04 -2.367575216339901090e-04 8.835899061523377895e-04 -9.999995827674865723e-01
-2.588192522525787354e-01 9.659253358840942383e-01 9.173402213491499424e-04 -2.374254254391416907e-04 8.860825328156352043e-04 -9.999995827674865723e-01
-1.564345061779022217e-01 9.876879453659057617e-01 9.010959765873849392e-04 -1.409625692758709192e-04 8.900020620785653591e-04 -9.999996423721313477e-01
-1.564345061779022217e-01 9.876879453659057617e-01 9.027432533912360668e-04 -1.412202691426500678e-04 8.916290826164186001e-04 -9.999996423721313477e-01
-5.561358928680419922e-01 8.310911655426025391e-01 5.645517376251518726e-04 -3.139675536658614874e-04 4.691940266638994217e-04 -9.999998211860656738e-01
-5.561358928680419922e-01 8.310911655426025391e-01 5.632278043776750565e-04 -3.132312558591365814e-04 4.680937272496521473e-04 -9.999998211860656738e-01
-6.322759985923767090e-01 7.747430801391601562e-01 5.619682488031685352e-04 -3.553191199898719788e-04 4.353811091277748346e-04 -9.999998807907104492e-01
-6.322759985923767090e-01 7.747430801391601562e-01 5.585684557445347309e-04 -3.531695110723376274e-04 4.327471542637795210e-04 -9.999998807907104492e-01
-7.027425169944763184e-01 7.114441394805908203e-01 5.514923832379281521e-04 -3.875571419484913349e-04 3.923560143448412418e-04 -9.999998211860656738e-01
-7.027425169944763184e-01 7.114441394805908203e-01 5.470378091558814049e-04 -3.844267339445650578e-04 3.891868691425770521e-04 -9.999998807907104492e-01
-7.669041752815246582e-01 6.417614221572875977e-01 5.437344661913812160e-04 -4.169922904111444950e-04 3.489478258416056633e-04 -9.999998807907104492e-01
-7.669041752815246582e-01 6.417614221572875977e-01 5.404341500252485275e-04 -4.144612757954746485e-04 3.468298236839473248e-04 -9.999998807907104492e-01
-8.241845965385437012e-01 5.663210153579711914e-01 5.367066478356719017e-04 -4.423454229254275560e-04 3.039482980966567993e-04 -9.999998807907104492e-01
-8.241845965385437012e-01 5.663210153579711914e-01 5.363964592106640339e-04 -4.420897748786956072e-04 3.037726273760199547e-04 -9.999998807907104492e-01
-5.663208961486816406e-01 -8.241844773292541504e-01 7.838021847419440746e-04 -4.438837058842182159e-04 -6.459977594204246998e-04 -9.999997019767761230e-01
-5.663208961486816406e-01 -8.241844773292541504e-01 7.836091099306941032e-04 -4.437743627931922674e-04 -6.458386778831481934e-04 -9.999997019767761230e-01
-6.417613029479980469e-01 -7.669040560722351074e-01 7.955684559419751167e-04 -5.105651798658072948e-04 -6.101248436607420444e-04 -9.999997019767761230e-01
-6.417613029479980469e-01 -7.669040560722351074e-01 7.958873757161200047e-04 -5.107698380015790462e-04 -6.103694322519004345e-04 -9.999997019767761230e-01
-7.114439606666564941e-01 -7.027423381805419922e-01 8.104243315756320953e-04 -5.765717360191047192e-04 -5.695197614841163158e-04 -9.999997019767761230e-01
-7.114439606666564941e-01 -7.027423381805419922e-01 8.106583845801651478e-04 -5.767382681369781494e-04 -5.696841981261968613e-04 -9.999997019767761230e-01
-7.747429013252258301e-01 -6.322758793830871582e-01 8.269436075352132320e-04 -6.406689644791185856e-04 -5.228567169979214668e-04 -9.999996423721313477e-01
-7.747429013252258301e-01 -6.322758793830871582e-01 8.279925095848739147e-04 -6.414815434254705906e-04 -5.235198768787086010e-04 -9.999996423721313477e-01
-8.310909867286682129e-01 -5.561358332633972168e-01 8.466710569337010384e-04 -7.036609458737075329e-04 -4.708642663899809122e-04 -9.999996423721313477e-01
-8.310909867286682129e-01 -5.561358332633972168e-01 8.466037688776850700e-04 -7.036050083115696907e-04 -4.708268388640135527e-04 -9.999996423721313477e-01
9.978139400482177734e-01 6.608232855796813965e-02 6.737746880389750004e-04 6.723019178025424480e-04 4.452461143955588341e-05 -9.999997615814208984e-01
9.978139400482177734e-01 6.608232855796813965e-02 6.736723007634282112e-04 6.721997633576393127e-04 4.451784479897469282e-05 -9.999997615814208984e-01
9.870851635932922363e-01 1.601951867341995239e-01 6.696433993056416512e-04 6.609952542930841446e-04 1.072736849891953170e-04 -9.999998211860656738e-01
9.870851635932922363e-01 1.601951867341995239e-01 6.689485162496566772e-04 6.603093934245407581e-04 1.071623701136559248e-04 -9.999998211860656738e-01
9.674998521804809570e-01 2.528708279132843018e-01 6.651932490058243275e-04 6.435745162889361382e-04 1.682079891907051206e-04 -9.999998211860656738e-01
9.674998521804809570e-01 2.528708279132843018e-01 6.651245057582855225e-04 6.435079849325120449e-04 1.681905996520072222e-04 -9.999998211860656738e-01
9.392337203025817871e-01 3.432777822017669678e-01 6.624371162615716457e-04 6.221833755262196064e-04 2.273999853059649467e-04 -9.999998211860656738e-01
9.392337203025817871e-01 3.432777822017669678e-01 6.613501464016735554e-04 6.211624713614583015e-04 2.270268450956791639e-04 -9.999998211860656738e-01
9.025406241416931152e-01 4.306042790412902832e-01 6.584623479284346104e-04 5.942891584709286690e-04 2.835367340594530106e-04 -9.999998211860656738e-01
9.025406241416931152e-01 4.306042790412902832e-01 6.585647934116423130e-04 5.943815922364592552e-04 2.835808554664254189e-04 -9.999998211860656738e-01
-4.306042492389678955e-01 9.025405645370483398e-01 7.212273776531219482e-04 -3.105636278633028269e-04 6.509371451102197170e-04 -9.999997615814208984e-01
-4.306042492389678955e-01 9.025405645370483398e-01 7.206158479675650597e-04 -3.103002964053303003e-04 6.503852200694382191e-04 -9.999997615814208984e-01
-3.432777523994445801e-01 9.392336606979370117e-01 7.140605011954903603e-04 -2.451211621519178152e-04 6.706698331981897354e-04 -9.999997615814208984e-01
-3.432777523994445801e-01 9.392336606979370117e-01 7.118017529137432575e-04 -2.443457779008895159e-04 6.685483385808765888e-04 -9.999997615814208984e-01
-2.528707981109619141e-01 9.674997925758361816e-01 7.037015748210251331e-04 -1.779456215444952250e-04 6.808313191868364811e-04 -9.999997615814208984e-01
-2.528707981109619141e-01 9.674997925758361816e-01 7.046363898552954197e-04 -1.781820028554648161e-04 6.817357498221099377e-04 -9.999997615814208984e-01
-1.601951867341995239e-01 9.870851635932922363e-01 7.002461934462189674e-04 -1.121761015383526683e-04 6.912028184160590172e-04 -9.999997615814208984e-01
-1.601951867341995239e-01 9.870851635932922363e-01 6.991738337092101574e-04 -1.120043161790817976e-04 6.901443121023476124e-04 -9.999997615814208984e-01
-6.608232855796813965e-02 9.978139400482177734e-01 6.974549614824354649e-04 -4.608945891959592700e-05 6.959304446354508400e-04 -9.999997615814208984e-01
-6.608232855796813965e-02 9.978139400482177734e-01 6.980635225772857666e-04 -4.612967313732951880e-05 6.965376669541001320e-04 -9.999997615814208984e-01
9.969252943992614746e-01 -7.835600525140762329e-02 6.254632608033716679e-04 6.235402543097734451e-04 -4.900881322100758553e-05 -9.999998211860656738e-01
9.969252943992614746e-01 -7.835600525140762329e-02 6.253330502659082413e-04 6.234104512259364128e-04 -4.899860869045369327e-05 -9.999998211860656738e-01
9.850391149520874023e-01 -1.723297983407974243e-01 6.263878312893211842e-04 6.170166307128965855e-04 -1.079453068086877465e-04 -9.999998211860656738e-01
9.850391149520874023e-01 -1.723297983407974243e-01 6.254457402974367142e-04 6.160886259749531746e-04 -1.077829583664424717e-04 -9.999998211860656738e-01
9.643149375915527344e-01 -2.647572457790374756e-01 6.261829985305666924e-04 6.038377177901566029e-04 -1.657865213928744197e-04 -9.999998211860656738e-01
9.643149375915527344e-01 -2.647572457790374756e-01 6.254135514609515667e-04 6.030957447364926338e-04 -1.655828091315925121e-04 -9.999998211860656738e-01
9.349384307861328125e-01 -3.548094630241394043e-01 6.218776688911020756e-04 5.814174655824899673e-04 -2.206481149187311530e-04 -9.999998211860656738e-01
9.349384307861328125e-01 -3.548094630241394043e-01 6.212076405063271523e-04 5.807910347357392311e-04 -2.204103802796453238e-04 -9.999998211860656738e-01
8.971735239028930664e-01 -4.416779279708862305e-01 6.077166763134300709e-04 5.452273180708289146e-04 -2.684150531422346830e-04 -9.999998211860656738e-01
8.971735239028930664e-01 -4.416779279708862305e-01 6.071754032745957375e-04 5.447416915558278561e-04 -2.681759942788630724e-04 -9.999998211860656738e-01
-4.416778683662414551e-01 -8.971734046936035156e-01 7.806145003996789455e-04 -3.447802446316927671e-04 -7.003467762842774391e-04 -9.999997019767761230e-01
-4.416778683662414551e-01 -8.971734046936035156e-01 7.807520451024174690e-04 -3.448409843258559704e-04 -7.004701765254139900e-04 -9.999997019767761230e-01
-3.548094332218170166e-01 -9.349383711814880371e-01 7.685264572501182556e-04 -2.726804814301431179e-04 -7.185250287875533104e-04 -9.999997019767761230e-01
-3.548094332218170166e-01 -9.349383711814880371e-01 7.684694137424230576e-04 -2.726602542679756880e-04 -7.184716523624956608e-04 -9.999997019767761230e-01
-2.647572159767150879e-01 -9.643148183822631836e-01 7.592544425278902054e-04 -2.010181633522734046e-04 -7.321605226024985313e-04 -9.999997019767761230e-01
-2.647572159767150879e-01 -9.643148183822631836e-01 7.588594453409314156e-04 -2.009135787375271320e-04 -7.317796116694808006e-04 -9.999997019767761230e-01
-1.723297983407974243e-01 -9.850390553474426270e-01 7.487580878660082817e-04 -1.290333602810278535e-04 -7.375561399385333061e-04 -9.999997615814208984e-01
-1.723297983407974243e-01 -9.850390553474426270e-01 7.474736194126307964e-04 -1.288120110984891653e-04 -7.362908800132572651e-04 -9.999997615814208984e-01
-7.835599780082702637e-02 -9.969251751899719238e-01 7.418998284265398979e-04 -5.813232201035134494e-05 -7.396189030259847641e-04 -9.999997615814208984e-01
-7.835599780082702637e-02 -9.969251751899719238e-01 7.412824779748916626e-04 -5.808394780615344644e-05 -7.390034152194857597e-04 -9.999997615814208984e-01
-1.645945757627487183e-01 -9.863610267639160156e-01 7.690413622185587883e-04 -1.265800674445927143e-04 -7.585526327602565289e-04 -9.999997019767761230e-01
-1.645945757627487183e-01 -9.863610267639160156e-01 7.690925849601626396e-04 -1.265885075554251671e-04 -7.586031570099294186e-04 -9.999997019767761230e-01
1.645945608615875244e-01 -9.863609671592712402e-01 8.155079558491706848e-04 1.342282339464873075e-04 -8.043855777941644192e-04 -9.999997019767761230e-01
1.645945608615875244e-01 -9.863609671592712402e-01 8.146170875988900661e-04 1.340816088486462831e-04 -8.035068749450147152e-04 -9.999997019767761230e-01
4.759472012519836426e-01 -8.794735074043273926e-01 8.094412623904645443e-04 3.852514200843870640e-04 -7.118823123164474964e-04 -9.999997019767761230e-01
4.759472012519836426e-01 -8.794735074043273926e-01 8.076725644059479237e-04 3.844096208922564983e-04 -7.103268289938569069e-04 -9.999997019767761230e-01
7.357236742973327637e-01 -6.772813200950622559e-01 8.175648399628698826e-04 6.015020771883428097e-04 -5.537216202355921268e-04 -9.999997019767761230e-01
7.357236742973327637e-01 -6.772813200950622559e-01 8.183825993910431862e-04 6.021037115715444088e-04 -5.542755243368446827e-04 -9.999997019767761230e-01
9.157730340957641602e-01 -4.016953408718109131e-01 8.276311564259231091e-04 7.579225348308682442e-04 -3.324557037558406591e-04 -9.999996423721313477e-01
9.157730340957641602e-01 -4.016953408718109131e-01 8.301883353851735592e-04 7.602643454447388649e-04 -3.334829234518110752e-04 -9.999996423721313477e-01
9.965841770172119141e-01 -8.257921040058135986e-02 8.161765290424227715e-04 8.133889641612768173e-04 -6.739924720022827387e-05 -9.999997019767761230e-01
9.965841770172119141e-01 -8.257921040058135986e-02 8.157493430189788342e-04 8.129632333293557167e-04 -6.736396608175709844e-05 -9.999997019767761230e-01
9.693999886512756348e-01 2.454853355884552002e-01 8.049281896091997623e-04 7.802976178936660290e-04 1.975981285795569420e-04 -9.999997019767761230e-01
9.693999886512756348e-01 2.454853355884552002e-01 8.084947476163506508e-04 7.837550365366041660e-04 1.984736591111868620e-04 -9.999997019767761230e-01
8.371661901473999023e-01 5.469480752944946289e-01 8.188434294424951077e-04 6.855083629488945007e-04 4.478650225792080164e-04 -9.999997019767761230e-01
8.371661901473999023e-01 5.469480752944946289e-01 8.199216099455952644e-04 6.864109309390187263e-04 4.484547243919223547e-04 -9.999997019767761230e-01
6.142125129699707031e-01 7.891402840614318848e-01 8.178150746971368790e-04 5.023124394938349724e-04 6.453710375353693962e-04 -9.999997019767761230e-01
6.142125129699707031e-01 7.891402840614318848e-01 8.166579063981771469e-04 5.016016657464206219e-04 6.444578757509589195e-04 -9.999997019767761230e-01
3.246994316577911377e-01 9.458168745040893555e-01 8.169255452230572701e-04 2.652553957886993885e-04 7.726623443886637688e-04 -9.999997019767761230e-01
3.246994614601135254e-01 9.458169341087341309e-01 8.161839214153587818e-04 2.650145615916699171e-04 7.719608256593346596e-04 -9.999997019767761230e-01
0.000000000000000000e+00 -8.053978090174496174e-04 9.999997019767761230e-01 0.000000000000000000e+00 9.999997019767761230e-01 8.053978090174496174e-04
0.000000000000000000e+00 -8.011450991034507751e-04 9.999997019767761230e-01 0.000000000000000000e+00 9.999997019767761230e-01 8.011450991034507751e-04
-3.246994316577911377e-01 9.458168745040893555e-01 8.347234106622636318e-04 -2.710343396756798029e-04 7.894958253018558025e-04 -9.999997019767761230e-01
-3.246994316577911377e-01 9.458168745040893555e-01 8.366061956621706486e-04 -2.716456656344234943e-04 7.912765722721815109e-04 -9.999996423721313477e-01
-6.142124533653259277e-01 7.891402244567871094e-01 8.576005348004400730e-04 -5.267491214908659458e-04 6.767673185095191002e-04 -9.999996423721313477e-01
-6.142124533653259277e-01 7.891402244567871094e-01 8.603273890912532806e-04 -5.284239887259900570e-04 6.789191975258290768e-04 -9.999996423721313477e-01
-8.371660709381103516e-01 5.469480156898498535e-01 8.640694431960582733e-04 -7.233700598590075970e-04 4.726013285107910633e-04 -9.999996423721313477e-01
-8.371660709381103516e-01 5.469480156898498535e-01 8.658878505229949951e-04 -7.248923648148775101e-04 4.735959228128194809e-04 -9.999996423721313477e-01
-9.693999290466308594e-01 2.454853206872940063e-01 8.857588400132954121e-04 -8.586548501625657082e-04 2.174408728023990989e-04 -9.999996423721313477e-01
-9.693999290466308594e-01 2.454853206872940063e-01 8.859007502906024456e-04 -8.587924530729651451e-04 2.174757100874558091e-04 -9.999996423721313477e-01
-9.965841174125671387e-01 -8.257920295000076294e-02 8.843807154335081577e-04 -8.813602034933865070e-04 -7.303149322979152203e-05 -9.999996423721313477e-01
-9.965841174125671387e-01 -8.257920295000076294e-02 8.823501411825418472e-04 -8.793365559540688992e-04 -7.286381151061505079e-05 -9.999996423721313477e-01
-9.157729148864746094e-01 -4.016952812671661377e-01 8.727957610972225666e-04 -7.992832106538116932e-04 -3.505981585476547480e-04 -9.999996423721313477e-01
-9.157729148864746094e-01 -4.016952812671661377e-01 8.731278358027338982e-04 -7.995872874744236469e-04 -3.507315705064684153e-04 -9.999996423721313477e-01
-7.357236742973327637e-01 -6.772813200950622559e-01 8.449463057331740856e-04 -6.216472829692065716e-04 -5.722665810026228428e-04 -9.999997019767761230e-01
-7.357236742973327637e-01 -6.772813200950622559e-01 8.452227921225130558e-04 -6.218506605364382267e-04 -5.724538932554423809e-04 -9.999997019767761230e-01
-4.759472012519836426e-01 -8.794735074043273926e-01 8.054929203353822231e-04 -3.833722148556262255e-04 -7.084098760969936848e-04 -9.999997019767761230e-01
-4.759472012519836426e-01 -8.794735074043273926e-01 8.051915210671722889e-04 -3.832287620753049850e-04 -7.081447984091937542e-04 -9.999997019767761230e-01
