7.133904844522476196e-02 1.329317921772599220e-03 -9.974512457847595215e-01 -9.483236499363556504e-05 9.999991059303283691e-01 1.325931050814688206e-03
7.133904844522476196e-02 1.326836762018501759e-03 -9.974512457847595215e-01 -9.465536277275532484e-05 9.999991059303283691e-01 1.323456177487969398e-03
-7.133910059928894043e-02 6.652791635133326054e-04 -9.974519014358520508e-01 4.746043123304843903e-05 9.999998211860656738e-01 6.635841564275324345e-04
-7.133910059928894043e-02 6.669819704256951809e-04 -9.974519014358520508e-01 4.758190698339603841e-05 9.999998211860656738e-01 6.652826559729874134e-04
-2.125648409128189087e-01 5.406385753303766251e-04 -9.771468639373779297e-01 1.149207673734053969e-04 9.999998807907104492e-01 5.282833590172231197e-04
2.125645726919174194e-01 1.329426071606576443e-03 -9.771460890769958496e-01 -2.825891424436122179e-04 9.999991059303283691e-01 1.299044699408113956e-03
2.125645875930786133e-01 1.312564476393163204e-03 -9.771461486816406250e-01 -2.790049475152045488e-04 9.999991655349731445e-01 1.282568438909947872e-03
3.494645655155181885e-01 1.254875794984400272e-03 -9.369487762451171875e-01 -4.385349748190492392e-04 9.999992251396179199e-01 1.175755285657942295e-03
3.494645655155181885e-01 1.246224157512187958e-03 -9.369487762451171875e-01 -4.355115233920514584e-04 9.999992251396179199e-01 1.167649053968489170e-03
4.792478680610656738e-01 1.172949676401913166e-03 -8.776788115501403809e-01 -5.621340242214500904e-04 9.999993443489074707e-01 1.029473845846951008e-03
4.792478978633880615e-01 1.156017882749438286e-03 -8.776788711547851562e-01 -5.540194106288254261e-04 9.999993443489074707e-01 1.014612964354455471e-03
5.992774367332458496e-01 1.097875647246837616e-03 -8.005407452583312988e-01 -6.579323671758174896e-04 9.999994039535522461e-01 8.788945269770920277e-04
5.992774367332458496e-01 1.087249023839831352e-03 -8.005407452583312988e-01 -6.515640416182577610e-04 9.999994039535522461e-01 8.703874773345887661e-04
7.071064710617065430e-01 1.031380030326545238e-03 -7.071064710617065430e-01 -7.292958907783031464e-04 9.999994635581970215e-01 7.292958907783031464e-04
7.071064710617065430e-01 1.020686118863523006e-03 -7.071064710617065430e-01 -7.217341917566955090e-04 9.999995231628417969e-01 7.217341917566955090e-04
8.005408048629760742e-01 9.729833691380918026e-04 -5.992774367332458496e-01 -7.789132650941610336e-04 9.999995231628417969e-01 5.830872687511146069e-04
8.005408644676208496e-01 9.478008141741156578e-04 -5.992774963378906250e-01 -7.587535656057298183e-04 9.999995827674865723e-01 5.679959431290626526e-04
8.776787519454956055e-01 8.812790038064122200e-04 -4.792487025260925293e-01 -7.734801038168370724e-04 9.999996423721313477e-01 4.223519645165652037e-04
8.776787519454956055e-01 8.727911044843494892e-04 -4.792487025260925293e-01 -7.660304545424878597e-04 9.999996423721313477e-01 4.182841512374579906e-04
9.369494915008544922e-01 8.213549735955893993e-04 -3.494639694690704346e-01 -7.695683743804693222e-04 9.999997019767761230e-01 2.870340540539473295e-04
9.369494915008544922e-01 8.227388607338070869e-04 -3.494639694690704346e-01 -7.708650082349777222e-04 9.999997019767761230e-01 2.875176724046468735e-04
9.771466851234436035e-01 8.276396547444164753e-04 -2.125647068023681641e-01 -8.087255991995334625e-04 9.999997019767761230e-01 1.759270380716770887e-04
9.771466255187988281e-01 8.354047895409166813e-04 -2.125646919012069702e-01 -8.163132588379085064e-04 9.999996423721313477e-01 1.775776181602850556e-04
9.974516630172729492e-01 8.852200699038803577e-04 -7.133995741605758667e-02 -8.829646394588053226e-04 9.999996423721313477e-01 6.315159407677128911e-05
9.974516630172729492e-01 9.003612794913351536e-04 -7.133995741605758667e-02 -8.980672573670744896e-04 9.999995827674865723e-01 6.423176091630011797e-05
9.974516034126281738e-01 9.754147613421082497e-04 7.133994996547698975e-02 -9.729294688440859318e-04 9.999995231628417969e-01 -6.958607991691678762e-05
9.974516034126281738e-01 9.827732574194669724e-04 7.133994996547698975e-02 -9.802692802622914314e-04 9.999995231628417969e-01 -7.011103298282250762e-05
9.771464467048645020e-01 1.026473473757505417e-03 2.125647515058517456e-01 -1.003015437163412571e-03 9.999994635581970215e-01 -2.181922027375549078e-04
9.771464467048645020e-01 1.032301690429449081e-03 2.125647515058517456e-01 -1.008710474707186222e-03 9.999994635581970215e-01 -2.194310800405219197e-04
9.369493126869201660e-01 1.081207068637013435e-03 3.494637012481689453e-01 -1.013036817312240601e-03 9.999994039535522461e-01 -3.778428363148123026e-04
9.369493126869201660e-01 1.088749850168824196e-03 3.494637012481689453e-01 -1.020104042254388332e-03 9.999994039535522461e-01 -3.804787702392786741e-04
8.776785135269165039e-01 1.140783075243234634e-03 4.792485833168029785e-01 -1.001241267658770084e-03 9.999993443489074707e-01 -5.467189475893974304e-04
8.776785135269165039e-01 1.143290544860064983e-03 4.792485833168029785e-01 -1.003442099317908287e-03 9.999993443489074707e-01 -5.479206447489559650e-04
8.005405068397521973e-01 1.153472345322370529e-03 5.992775559425354004e-01 -9.234019671566784382e-04 9.999993443489074707e-01 -6.912505486980080605e-04
8.005405068397521973e-01 1.149282557889819145e-03 5.992775559425354004e-01 -9.200478671118617058e-04 9.999993443489074707e-01 -6.887397030368447304e-04
7.071065306663513184e-01 1.169769209809601307e-03 7.071061134338378906e-01 -8.271519909612834454e-04 9.999993443489074707e-01 -8.271515252999961376e-04
7.071065306663513184e-01 1.180425053462386131e-03 7.071061134338378906e-01 -8.346868562512099743e-04 9.999993443489074707e-01 -8.346863905899226665e-04
5.992770791053771973e-01 1.191089861094951630e-03 8.005408644676208496e-01 -7.137932116165757179e-04 9.999992847442626953e-01 -9.535166318528354168e-04
5.992770791053771973e-01 1.201935927383601665e-03 8.005408644676208496e-01 -7.202930282801389694e-04 9.999992847442626953e-01 -9.621993522159755230e-04
4.792487323284149170e-01 1.235032803378999233e-03 8.776783347129821777e-01 -5.918883252888917923e-04 9.999992251396179199e-01 -1.083962386474013329e-03
4.792487323284149170e-01 1.231559785082936287e-03 8.776783347129821777e-01 -5.902239354327321053e-04 9.999992847442626953e-01 -1.080914284102618694e-03
3.494639992713928223e-01 1.239582430571317673e-03 9.369490146636962891e-01 -4.331897653173655272e-04 9.999992251396179199e-01 -1.161426422186195850e-03
3.494639992713928223e-01 1.245062565430998802e-03 9.369490146636962891e-01 -4.351048846729099751e-04 9.999992251396179199e-01 -1.166561036370694637e-03
2.125650495290756226e-01 1.230257796123623848e-03 9.771461486816406250e-01 -2.615100529510527849e-04 9.999992847442626953e-01 -1.202142680995166302e-03
2.125650495290756226e-01 1.222621416673064232e-03 9.771461486816406250e-01 -2.598868159111589193e-04 9.999992847442626953e-01 -1.194680924527347088e-03
7.133906334638595581e-02 1.210452872328460217e-03 9.974514245986938477e-01 -8.635263657197356224e-05 9.999992847442626953e-01 -1.207368797622621059e-03
7.133906334638595581e-02 1.212705741636455059e-03 9.974514245986938477e-01 -8.651335519971325994e-05 9.999992847442626953e-01 -1.209615962579846382e-03
-7.133906334638595581e-02 1.198752550408244133e-03 9.974514245986938477e-01 8.551794599043205380e-05 9.999992847442626953e-01 -1.195698278024792671e-03
-7.133906334638595581e-02 1.194556942209601402e-03 9.974514245986938477e-01 8.521863492205739021e-05 9.999992847442626953e-01 -1.191513380035758018e-03
-2.125651538372039795e-01 1.176838180981576443e-03 9.771462082862854004e-01 2.501549606677144766e-04 9.999993443489074707e-01 -1.149943796917796135e-03
-2.125651538372039795e-01 1.174354110844433308e-03 9.771462082862854004e-01 2.496269298717379570e-04 9.999993443489074707e-01 -1.147516421042382717e-03
-3.494639098644256592e-01 1.138430554419755936e-03 9.369491934776306152e-01 3.978406602982431650e-04 9.999993443489074707e-01 -1.066652243025600910e-03
-3.494639098644256592e-01 1.127052004449069500e-03 9.369491934776306152e-01 3.938642912544310093e-04 9.999994039535522461e-01 -1.055991277098655701e-03
-4.792487919330596924e-01 1.083647250197827816e-03 8.776784539222717285e-01 5.193369579501450062e-04 9.999994039535522461e-01 -9.510944364592432976e-04
-4.792487919330596924e-01 1.070440048351883888e-03 8.776784539222717285e-01 5.130074569024145603e-04 9.999994635581970215e-01 -9.395027882419526577e-04
-5.992772579193115234e-01 1.009173109196126461e-03 8.005409240722656250e-01 6.047748611308634281e-04 9.999995231628417969e-01 -8.078848477452993393e-04
-5.992772579193115234e-01 9.979964233934879303e-04 8.005409836769104004e-01 5.980768473818898201e-04 9.999995231628417969e-01 -7.989373989403247833e-04
-7.071066498756408691e-01 9.286599233746528625e-04 7.071062922477722168e-01 6.566618685610592365e-04 9.999995827674865723e-01 -6.566615775227546692e-04
-7.071067094802856445e-01 8.913848432712256908e-04 7.071063518524169922e-01 6.303044501692056656e-04 9.999996423721313477e-01 -6.303041009232401848e-04
-8.005409836769104004e-01 8.176128612831234932e-04 5.992775559425354004e-01 6.545326905325055122e-04 9.999997019767761230e-01 -4.899771884083747864e-04
-8.005409240722656250e-01 8.008535951375961304e-04 5.992775559425354004e-01 6.411162903532385826e-04 9.999997019767761230e-01 -4.799337184522300959e-04
-8.776788115501403809e-01 7.481388747692108154e-04 4.792488515377044678e-01 6.566257798112928867e-04 9.999997615814208984e-01 -3.585447848308831453e-04
-8.776787519454956055e-01 7.224177825264632702e-04 4.792488515377044678e-01 6.340509280562400818e-04 9.999997615814208984e-01 -3.462179738562554121e-04
-9.369494915008544922e-01 6.896455306559801102e-04 3.494641184806823730e-01 6.461631855927407742e-04 9.999997615814208984e-01 -2.410064334981143475e-04
-9.369494915008544922e-01 6.763183046132326126e-04 3.494641184806823730e-01 6.336762453429400921e-04 9.999997615814208984e-01 -2.363490348216146231e-04
-9.771466851234436035e-01 6.533330306410789490e-04 2.125652581453323364e-01 6.384022999554872513e-04 9.999998211860656738e-01 -1.388759264955297112e-04
-9.771466851234436035e-01 6.287968717515468597e-04 2.125652432441711426e-01 6.144269136711955070e-04 9.999998211860656738e-01 -1.336603891104459763e-04
-9.974519610404968262e-01 6.061391904950141907e-04 7.133910059928894043e-02 6.045948248356580734e-04 9.999998211860656738e-01 -4.324143446865491569e-05
-9.974519610404968262e-01 5.913403583690524101e-04 7.133910059928894043e-02 5.898337112739682198e-04 9.999998211860656738e-01 -4.218569665681570768e-05
-9.974519610404968262e-01 5.689489189535379410e-04 -7.133910059928894043e-02 5.674993735738098621e-04 9.999998807907104492e-01 4.058831473230384290e-05
-9.974519610404968262e-01 5.481814150698482990e-04 -7.133910059928894043e-02 5.467847804538905621e-04 9.999998807907104492e-01 3.910678060492500663e-05
-9.771468043327331543e-01 5.320775671862065792e-04 -2.125651836395263672e-01 5.199179868213832378e-04 9.999998807907104492e-01 1.131011813413351774e-04
-9.771468043327331543e-01 5.025676218792796135e-04 -2.125651836395263672e-01 4.910823772661387920e-04 9.999998807907104492e-01 1.068283963832072914e-04
-9.369495511054992676e-01 4.830873513128608465e-04 -3.494643270969390869e-01 4.526285338215529919e-04 9.999998807907104492e-01 1.688218035269528627e-04
-9.369495511054992676e-01 4.692715592682361603e-04 -3.494643270969390869e-01 4.396838194224983454e-04 9.999998807907104492e-01 1.639936817809939384e-04
-8.776789307594299316e-01 5.125886527821421623e-04 -4.792489409446716309e-01 4.498882335610687733e-04 9.999998807907104492e-01 2.456575457472354174e-04
-8.776789307594299316e-01 4.947819979861378670e-04 -4.792489409446716309e-01 4.342597094364464283e-04 9.999998807907104492e-01 2.371237351326271892e-04
-8.005412220954895020e-01 5.168983479961752892e-04 -5.992774963378906250e-01 4.137984942644834518e-04 9.999998807907104492e-01 3.097655717283487320e-04
-8.005412220954895020e-01 5.188381765037775040e-04 -5.992774963378906250e-01 4.153514164499938488e-04 9.999998807907104492e-01 3.109280660282820463e-04
-7.071067094802856445e-01 5.358665366657078266e-04 -7.071067690849304199e-01 3.789148468058556318e-04 9.999998807907104492e-01 3.789148759096860886e-04
-7.071067094802856445e-01 5.399861256591975689e-04 -7.071067690849304199e-01 3.818278491962701082e-04 9.999998807907104492e-01 3.818278783001005650e-04
-5.992777943611145020e-01 5.362995434552431107e-04 -8.005409836769104004e-01 3.213924355804920197e-04 9.999998807907104492e-01 4.293298406992107630e-04
-5.992777943611145020e-01 5.327417748048901558e-04 -8.005409836769104004e-01 3.192603471688926220e-04 9.999998807907104492e-01 4.264816816430538893e-04
-4.792481362819671631e-01 5.380638176575303078e-04 -8.776792883872985840e-01 2.578661078587174416e-04 9.999998807907104492e-01 4.722475423477590084e-04
-4.792481362819671631e-01 5.472393240779638290e-04 -8.776792883872985840e-01 2.622634638100862503e-04 9.999998807907104492e-01 4.803006595466285944e-04
-3.494646549224853516e-01 5.508527392521500587e-04 -9.369494318962097168e-01 1.925035758176818490e-04 9.999998807907104492e-01 5.161212175153195858e-04
-3.494646549224853516e-01 5.574212409555912018e-04 -9.369494318962097168e-01 1.947990385815501213e-04 9.999998807907104492e-01 5.222755717113614082e-04
-2.125648409128189087e-01 5.480176187120378017e-04 -9.771468639373779297e-01 1.164892892120406032e-04 9.999998807907104492e-01 5.354937748052179813e-04
2.562228357419371605e-03 0.000000000000000000e+00 -9.999967217445373535e-01 -9.999967217445373535e-01 0.000000000000000000e+00 -2.562228357419371605e-03
2.559890737757086754e-03 0.000000000000000000e+00 -9.999967217445373535e-01 -9.999967217445373535e-01 0.000000000000000000e+00 -2.559890737757086754e-03
2.559808781370520592e-03 0.000000000000000000e+00 -9.999967217445373535e-01 -9.999967217445373535e-01 0.000000000000000000e+00 -2.559808781370520592e-03
2.567325253039598465e-03 0.000000000000000000e+00 -9.999967217445373535e-01 -9.999967217445373535e-01 0.000000000000000000e+00 -2.567325253039598465e-03
2.574856625869870186e-03 0.000000000000000000e+00 -9.999967217445373535e-01 -9.999967217445373535e-01 0.000000000000000000e+00 -2.574856625869870186e-03
2.591012744233012199e-03 0.000000000000000000e+00 -9.999966621398925781e-01 -9.999966621398925781e-01 0.000000000000000000e+00 -2.591012744233012199e-03
2.600981155410408974e-03 0.000000000000000000e+00 -9.999966621398925781e-01 -9.999966621398925781e-01 0.000000000000000000e+00 -2.600981155410408974e-03
2.619896782562136650e-03 0.000000000000000000e+00 -9.999966025352478027e-01 -9.999966025352478027e-01 0.000000000000000000e+00 -2.619896782562136650e-03
2.617816207930445671e-03 0.000000000000000000e+00 -9.999966025352478027e-01 -9.999966025352478027e-01 0.000000000000000000e+00 -2.617816207930445671e-03
2.616040175780653954e-03 0.000000000000000000e+00 -9.999966025352478027e-01 -9.999966025352478027e-01 0.000000000000000000e+00 -2.616040175780653954e-03
2.614179393276572227e-03 0.000000000000000000e+00 -9.999966025352478027e-01 -9.999966025352478027e-01 0.000000000000000000e+00 -2.614179393276572227e-03
2.614041790366172791e-03 0.000000000000000000e+00 -9.999966025352478027e-01 -9.999966025352478027e-01 0.000000000000000000e+00 -2.614041790366172791e-03
2.614442724734544754e-03 0.000000000000000000e+00 -9.999966025352478027e-01 -9.999966025352478027e-01 0.000000000000000000e+00 -2.614442724734544754e-03
2.614372409880161285e-03 0.000000000000000000e+00 -9.999966025352478027e-01 -9.999966025352478027e-01 0.000000000000000000e+00 -2.614372409880161285e-03
2.616320969536900520e-03 0.000000000000000000e+00 -9.999966025352478027e-01 -9.999966025352478027e-01 0.000000000000000000e+00 -2.616320969536900520e-03
2.607979578897356987e-03 0.000000000000000000e+00 -9.999966025352478027e-01 -9.999966025352478027e-01 0.000000000000000000e+00 -2.607979578897356987e-03
2.608070150017738342e-03 0.000000000000000000e+00 -9.999966025352478027e-01 -9.999966025352478027e-01 0.000000000000000000e+00 -2.608070150017738342e-03
2.608787035569548607e-03 0.000000000000000000e+00 -9.999966025352478027e-01 -9.999966025352478027e-01 0.000000000000000000e+00 -2.608787035569548607e-03
2.608573529869318008e-03 0.000000000000000000e+00 -9.999966025352478027e-01 -9.999966025352478027e-01 0.000000000000000000e+00 -2.608573529869318008e-03
2.602628199383616447e-03 0.000000000000000000e+00 -9.999966025352478027e-01 -9.999966025352478027e-01 0.000000000000000000e+00 -2.602628199383616447e-03
2.603134373202919960e-03 0.000000000000000000e+00 -9.999966025352478027e-01 -9.999966025352478027e-01 0.000000000000000000e+00 -2.603134373202919960e-03
2.600890351459383965e-03 0.000000000000000000e+00 -9.999966621398925781e-01 -9.999966621398925781e-01 0.000000000000000000e+00 -2.600890351459383965e-03
2.598315710201859474e-03 0.000000000000000000e+00 -9.999966621398925781e-01 -9.999966621398925781e-01 0.000000000000000000e+00 -2.598315710201859474e-03
2.597092650830745697e-03 0.000000000000000000e+00 -9.999966621398925781e-01 -9.999966621398925781e-01 0.000000000000000000e+00 -2.597092650830745697e-03
2.595983911305665970e-03 0.000000000000000000e+00 -9.999966621398925781e-01 -9.999966621398925781e-01 0.000000000000000000e+00 -2.595983911305665970e-03
2.590278396382927895e-03 0.000000000000000000e+00 -9.999966621398925781e-01 -9.999966621398925781e-01 0.000000000000000000e+00 -2.590278396382927895e-03
2.585617592558264732e-03 0.000000000000000000e+00 -9.999966621398925781e-01 -9.999966621398925781e-01 0.000000000000000000e+00 -2.585617592558264732e-03
2.585573587566614151e-03 0.000000000000000000e+00 -9.999966621398925781e-01 -9.999966621398925781e-01 0.000000000000000000e+00 -2.585573587566614151e-03
2.584315603598952293e-03 0.000000000000000000e+00 -9.999966621398925781e-01 -9.999966621398925781e-01 0.000000000000000000e+00 -2.584315603598952293e-03
2.579979598522186279e-03 0.000000000000000000e+00 -9.999966621398925781e-01 -9.999966621398925781e-01 0.000000000000000000e+00 -2.579979598522186279e-03
2.577592153102159500e-03 0.000000000000000000e+00 -9.999967217445373535e-01 -9.999967217445373535e-01 0.000000000000000000e+00 -2.577592153102159500e-03
2.578490180894732475e-03 0.000000000000000000e+00 -9.999966621398925781e-01 -9.999966621398925781e-01 0.000000000000000000e+00 -2.578490180894732475e-03
2.573358593508601189e-03 0.000000000000000000e+00 -9.999967217445373535e-01 -9.999967217445373535e-01 0.000000000000000000e+00 -2.573358593508601189e-03
2.569788834080100060e-03 0.000000000000000000e+00 -9.999967217445373535e-01 -9.999967217445373535e-01 0.000000000000000000e+00 -2.569788834080100060e-03
2.570148790255188942e-03 0.000000000000000000e+00 -9.999967217445373535e-01 -9.999967217445373535e-01 0.000000000000000000e+00 -2.570148790255188942e-03
2.565999748185276985e-03 0.000000000000000000e+00 -9.999967217445373535e-01 -9.999967217445373535e-01 0.000000000000000000e+00 -2.565999748185276985e-03
2.571289660409092903e-03 0.000000000000000000e+00 -9.999967217445373535e-01 -9.999967217445373535e-01 0.000000000000000000e+00 -2.571289660409092903e-03
2.567723160609602928e-03 0.000000000000000000e+00 -9.999967217445373535e-01 -9.999967217445373535e-01 0.000000000000000000e+00 -2.567723160609602928e-03
2.564873313531279564e-03 0.000000000000000000e+00 -9.999967217445373535e-01 -9.999967217445373535e-01 0.000000000000000000e+00 -2.564873313531279564e-03
2.564510563388466835e-03 0.000000000000000000e+00 -9.999967217445373535e-01 -9.999967217445373535e-01 0.000000000000000000e+00 -2.564510563388466835e-03
2.566742943599820137e-03 0.000000000000000000e+00 -9.999967217445373535e-01 -9.999967217445373535e-01 0.000000000000000000e+00 -2.566742943599820137e-03
2.566397655755281448e-03 0.000000000000000000e+00 -9.999967217445373535e-01 -9.999967217445373535e-01 0.000000000000000000e+00 -2.566397655755281448e-03
2.576199593022465706e-03 0.000000000000000000e+00 -9.999967217445373535e-01 -9.999967217445373535e-01 0.000000000000000000e+00 -2.576199593022465706e-03
2.573952544480562210e-03 0.000000000000000000e+00 -9.999967217445373535e-01 -9.999967217445373535e-01 0.000000000000000000e+00 -2.573952544480562210e-03
2.578943734988570213e-03 0.000000000000000000e+00 -9.999966621398925781e-01 -9.999966621398925781e-01 0.000000000000000000e+00 -2.578943734988570213e-03
2.576746745035052299e-03 0.000000000000000000e+00 -9.999967217445373535e-01 -9.999967217445373535e-01 0.000000000000000000e+00 -2.576746745035052299e-03
2.570230513811111450e-03 0.000000000000000000e+00 -9.999967217445373535e-01 -9.999967217445373535e-01 0.000000000000000000e+00 -2.570230513811111450e-03
2.560399705544114113e-03 0.000000000000000000e+00 -9.999967217445373535e-01 -9.999967217445373535e-01 0.000000000000000000e+00 -2.560399705544114113e-03
2.566801616922020912e-03 0.000000000000000000e+00 -9.999967217445373535e-01 -9.999967217445373535e-01 0.000000000000000000e+00 -2.566801616922020912e-03
2.561066998168826103e-03 0.000000000000000000e+00 -9.999967217445373535e-01 -9.999967217445373535e-01 0.000000000000000000e+00 -2.561066998168826103e-03
2.562243025749921799e-03 0.000000000000000000e+00 -9.999967217445373535e-01 -9.999967217445373535e-01 0.000000000000000000e+00 -2.562243025749921799e-03
2.563129644840955734e-03 0.000000000000000000e+00 -9.999967217445373535e-01 -9.999967217445373535e-01 0.000000000000000000e+00 -2.563129644840955734e-03
2.559568965807557106e-03 0.000000000000000000e+00 -9.999967217445373535e-01 -9.999967217445373535e-01 -0.000000000000000000e+00 -2.559568965807557106e-03
2.549325814470648766e-03 0.000000000000000000e+00 -9.999967813491821289e-01 -9.999967813491821289e-01 0.000000000000000000e+00 -2.549325814470648766e-03
2.547575859352946281e-03 0.000000000000000000e+00 -9.999967813491821289e-01 -9.999967813491821289e-01 -0.000000000000000000e+00 -2.547575859352946281e-03
2.545519033446907997e-03 0.000000000000000000e+00 -9.999967813491821289e-01 -9.999967813491821289e-01 0.000000000000000000e+00 -2.545519033446907997e-03
2.544857794418931007e-03 0.000000000000000000e+00 -9.999967813491821289e-01 -9.999967813491821289e-01 -0.000000000000000000e+00 -2.544857794418931007e-03
2.541618887335062027e-03 0.000000000000000000e+00 -9.999967813491821289e-01 -9.999967813491821289e-01 0.000000000000000000e+00 -2.541618887335062027e-03
2.541826572269201279e-03 0.000000000000000000e+00 -9.999967813491821289e-01 -9.999967813491821289e-01 -0.000000000000000000e+00 -2.541826572269201279e-03
2.540024230256676674e-03 0.000000000000000000e+00 -9.999967813491821289e-01 -9.999967813491821289e-01 0.000000000000000000e+00 -2.540024230256676674e-03
2.542745321989059448e-03 0.000000000000000000e+00 -9.999967813491821289e-01 -9.999967813491821289e-01 -0.000000000000000000e+00 -2.542745321989059448e-03
2.542130881920456886e-03 0.000000000000000000e+00 -9.999967813491821289e-01 -9.999967813491821289e-01 0.000000000000000000e+00 -2.542130881920456886e-03
2.550419885665178299e-03 0.000000000000000000e+00 -9.999967813491821289e-01 -9.999967813491821289e-01 -0.000000000000000000e+00 -2.550419885665178299e-03
2.550905570387840271e-03 0.000000000000000000e+00 -9.999967813491821289e-01 -9.999967813491821289e-01 0.000000000000000000e+00 -2.550905570387840271e-03
2.552289515733718872e-03 0.000000000000000000e+00 -9.999967813491821289e-01 -9.999967813491821289e-01 -0.000000000000000000e+00 -2.552289515733718872e-03
2.551265526562929153e-03 0.000000000000000000e+00 -9.999967813491821289e-01 -9.999967813491821289e-01 0.000000000000000000e+00 -2.551265526562929153e-03
2.551915124058723450e-03 -0.000000000000000000e+00 -9.999967813491821289e-01 -9.999967813491821289e-01 0.000000000000000000e+00 -2.551915124058723450e-03
2.551505574956536293e-03 0.000000000000000000e+00 -9.999967813491821289e-01 -9.999967813491821289e-01 0.000000000000000000e+00 -2.551505574956536293e-03
2.552898135036230087e-03 -0.000000000000000000e+00 -9.999967813491821289e-01 -9.999967813491821289e-01 0.000000000000000000e+00 -2.552898135036230087e-03
2.555115846917033195e-03 0.000000000000000000e+00 -9.999967217445373535e-01 -9.999967217445373535e-01 0.000000000000000000e+00 -2.555115846917033195e-03
2.559249987825751305e-03 -0.000000000000000000e+00 -9.999967217445373535e-01 -9.999967217445373535e-01 0.000000000000000000e+00 -2.559249987825751305e-03
2.557564759626984596e-03 0.000000000000000000e+00 -9.999967217445373535e-01 -9.999967217445373535e-01 0.000000000000000000e+00 -2.557564759626984596e-03
2.559472341090440750e-03 -0.000000000000000000e+00 -9.999967217445373535e-01 -9.999967217445373535e-01 0.000000000000000000e+00 -2.559472341090440750e-03
2.555057173594832420e-03 0.000000000000000000e+00 -9.999967217445373535e-01 -9.999967217445373535e-01 0.000000000000000000e+00 -2.555057173594832420e-03
2.560493303462862968e-03 -0.000000000000000000e+00 -9.999967217445373535e-01 -9.999967217445373535e-01 0.000000000000000000e+00 -2.560493303462862968e-03
2.558064879849553108e-03 0.000000000000000000e+00 -9.999967217445373535e-01 -9.999967217445373535e-01 0.000000000000000000e+00 -2.558064879849553108e-03
2.564080525189638138e-03 -0.000000000000000000e+00 -9.999967217445373535e-01 -9.999967217445373535e-01 0.000000000000000000e+00 -2.564080525189638138e-03
2.554264618083834648e-03 0.000000000000000000e+00 -9.999967813491821289e-01 -9.999967813491821289e-01 0.000000000000000000e+00 -2.554264618083834648e-03
2.553006401285529137e-03 -0.000000000000000000e+00 -9.999967813491821289e-01 -9.999967813491821289e-01 0.000000000000000000e+00 -2.553006401285529137e-03
2.550499048084020615e-03 0.000000000000000000e+00 -9.999967813491821289e-01 -9.999967813491821289e-01 0.000000000000000000e+00 -2.550499048084020615e-03
2.554410835728049278e-03 -0.000000000000000000e+00 -9.999967813491821289e-01 -9.999967813491821289e-01 0.000000000000000000e+00 -2.554410835728049278e-03
2.555633662268519402e-03 0.000000000000000000e+00 -9.999967217445373535e-01 -9.999967217445373535e-01 0.000000000000000000e+00 -2.555633662268519402e-03
2.555499086156487465e-03 -0.000000000000000000e+00 -9.999967217445373535e-01 -9.999967217445373535e-01 0.000000000000000000e+00 -2.555499086156487465e-03
2.554513281211256981e-03 0.000000000000000000e+00 -9.999967813491821289e-01 -9.999967813491821289e-01 0.000000000000000000e+00 -2.554513281211256981e-03
2.559533808380365372e-03 -0.000000000000000000e+00 -9.999967217445373535e-01 -9.999967217445373535e-01 0.000000000000000000e+00 -2.559533808380365372e-03
2.558901673182845116e-03 0.000000000000000000e+00 -9.999967217445373535e-01 -9.999967217445373535e-01 0.000000000000000000e+00 -2.558901673182845116e-03
2.561347791925072670e-03 -0.000000000000000000e+00 -9.999967217445373535e-01 -9.999967217445373535e-01 0.000000000000000000e+00 -2.561347791925072670e-03
2.239530207589268684e-03 0.000000000000000000e+00 9.999974966049194336e-01 -9.999974966049194336e-01 0.000000000000000000e+00 2.239530207589268684e-03
2.271494828164577484e-03 0.000000000000000000e+00 9.999974370002746582e-01 -9.999974370002746582e-01 0.000000000000000000e+00 2.271494828164577484e-03
2.302748383954167366e-03 0.000000000000000000e+00 9.999973773956298828e-01 -9.999973773956298828e-01 0.000000000000000000e+00 2.302748383954167366e-03
2.331108786165714264e-03 0.000000000000000000e+00 9.999973177909851074e-01 -9.999973177909851074e-01 0.000000000000000000e+00 2.331108786165714264e-03
2.366733504459261894e-03 0.000000000000000000e+00 9.999971985816955566e-01 -9.999971985816955566e-01 0.000000000000000000e+00 2.366733504459261894e-03
2.425656653940677643e-03 0.000000000000000000e+00 9.999970793724060059e-01 -9.999970793724060059e-01 0.000000000000000000e+00 2.425656653940677643e-03
2.466887468472123146e-03 0.000000000000000000e+00 9.999969601631164551e-01 -9.999969601631164551e-01 0.000000000000000000e+00 2.466887468472123146e-03
2.496731001883745193e-03 0.000000000000000000e+00 9.999969005584716797e-01 -9.999969005584716797e-01 0.000000000000000000e+00 2.496731001883745193e-03
2.537668915465474129e-03 0.000000000000000000e+00 9.999967813491821289e-01 -9.999967813491821289e-01 0.000000000000000000e+00 2.537668915465474129e-03
2.549896249547600746e-03 0.000000000000000000e+00 9.999967813491821289e-01 -9.999967813491821289e-01 0.000000000000000000e+00 2.549896249547600746e-03
2.570332959294319153e-03 0.000000000000000000e+00 9.999967217445373535e-01 -9.999967217445373535e-01 0.000000000000000000e+00 2.570332959294319153e-03
2.579400083050131798e-03 0.000000000000000000e+00 9.999966621398925781e-01 -9.999966621398925781e-01 0.000000000000000000e+00 2.579400083050131798e-03
2.590158488601446152e-03 0.000000000000000000e+00 9.999966621398925781e-01 -9.999966621398925781e-01 0.000000000000000000e+00 2.590158488601446152e-03
2.609512535855174065e-03 0.000000000000000000e+00 9.999966025352478027e-01 -9.999966025352478027e-01 0.000000000000000000e+00 2.609512535855174065e-03
2.640538150444626808e-03 0.000000000000000000e+00 9.999965429306030273e-01 -9.999965429306030273e-01 0.000000000000000000e+00 2.640538150444626808e-03
2.648911904543638229e-03 0.000000000000000000e+00 9.999964833259582520e-01 -9.999964833259582520e-01 0.000000000000000000e+00 2.648911904543638229e-03
2.644134219735860825e-03 0.000000000000000000e+00 9.999965429306030273e-01 -9.999965429306030273e-01 0.000000000000000000e+00 2.644134219735860825e-03
2.645743545144796371e-03 0.000000000000000000e+00 9.999965429306030273e-01 -9.999965429306030273e-01 0.000000000000000000e+00 2.645743545144796371e-03
2.617418300360441208e-03 0.000000000000000000e+00 9.999966025352478027e-01 -9.999966025352478027e-01 0.000000000000000000e+00 2.617418300360441208e-03
2.598745748400688171e-03 0.000000000000000000e+00 9.999966621398925781e-01 -9.999966621398925781e-01 0.000000000000000000e+00 2.598745748400688171e-03
2.601718297228217125e-03 0.000000000000000000e+00 9.999966025352478027e-01 -9.999966025352478027e-01 0.000000000000000000e+00 2.601718297228217125e-03
2.558761276304721832e-03 0.000000000000000000e+00 9.999967217445373535e-01 -9.999967217445373535e-01 0.000000000000000000e+00 2.558761276304721832e-03
2.515977015718817711e-03 0.000000000000000000e+00 9.999968409538269043e-01 -9.999968409538269043e-01 0.000000000000000000e+00 2.515977015718817711e-03
2.465339610353112221e-03 0.000000000000000000e+00 9.999969601631164551e-01 -9.999969601631164551e-01 0.000000000000000000e+00 2.465339610353112221e-03
2.408891916275024414e-03 0.000000000000000000e+00 9.999971389770507812e-01 -9.999971389770507812e-01 0.000000000000000000e+00 2.408891916275024414e-03
2.354257740080356598e-03 0.000000000000000000e+00 9.999972581863403320e-01 -9.999972581863403320e-01 0.000000000000000000e+00 2.354257740080356598e-03
2.296759281307458878e-03 0.000000000000000000e+00 9.999973773956298828e-01 -9.999973773956298828e-01 0.000000000000000000e+00 2.296759281307458878e-03
2.235545078292489052e-03 0.000000000000000000e+00 9.999974966049194336e-01 -9.999974966049194336e-01 0.000000000000000000e+00 2.235545078292489052e-03
2.181148156523704529e-03 0.000000000000000000e+00 9.999976158142089844e-01 -9.999976158142089844e-01 0.000000000000000000e+00 2.181148156523704529e-03
2.129998756572604179e-03 0.000000000000000000e+00 9.999977350234985352e-01 -9.999977350234985352e-01 0.000000000000000000e+00 2.129998756572604179e-03
2.085608197376132011e-03 0.000000000000000000e+00 9.999978542327880859e-01 -9.999978542327880859e-01 0.000000000000000000e+00 2.085608197376132011e-03
2.175431465730071068e-03 0.000000000000000000e+00 9.999976754188537598e-01 -9.999976754188537598e-01 0.000000000000000000e+00 2.175431465730071068e-03
1.989140408113598824e-03 0.000000000000000000e+00 9.999980330467224121e-01 -9.999980330467224121e-01 0.000000000000000000e+00 1.989140408113598824e-03
2.123266458511352539e-03 0.000000000000000000e+00 9.999977350234985352e-01 -9.999977350234985352e-01 0.000000000000000000e+00 2.123266458511352539e-03
1.971960300579667091e-03 0.000000000000000000e+00 9.999980926513671875e-01 -9.999980926513671875e-01 0.000000000000000000e+00 1.971960300579667091e-03
2.087272936478257179e-03 0.000000000000000000e+00 9.999978542327880859e-01 -9.999978542327880859e-01 0.000000000000000000e+00 2.087272936478257179e-03
1.961307134479284286e-03 0.000000000000000000e+00 9.999980926513671875e-01 -9.999980926513671875e-01 0.000000000000000000e+00 1.961307134479284286e-03
2.091843169182538986e-03 0.000000000000000000e+00 9.999978542327880859e-01 -9.999978542327880859e-01 0.000000000000000000e+00 2.091843169182538986e-03
1.940738642588257790e-03 0.000000000000000000e+00 9.999981522560119629e-01 -9.999981522560119629e-01 0.000000000000000000e+00 1.940738642588257790e-03
2.049035159870982170e-03 0.000000000000000000e+00 9.999979138374328613e-01 -9.999979138374328613e-01 0.000000000000000000e+00 2.049035159870982170e-03
1.949495519511401653e-03 0.000000000000000000e+00 9.999980926513671875e-01 -9.999980926513671875e-01 0.000000000000000000e+00 1.949495519511401653e-03
2.024736255407333374e-03 0.000000000000000000e+00 9.999979734420776367e-01 -9.999979734420776367e-01 0.000000000000000000e+00 2.024736255407333374e-03
1.939176232554018497e-03 0.000000000000000000e+00 9.999981522560119629e-01 -9.999981522560119629e-01 0.000000000000000000e+00 1.939176232554018497e-03
1.994763966649770737e-03 0.000000000000000000e+00 9.999980330467224121e-01 -9.999980330467224121e-01 0.000000000000000000e+00 1.994763966649770737e-03
1.921457354910671711e-03 0.000000000000000000e+00 9.999981522560119629e-01 -9.999981522560119629e-01 0.000000000000000000e+00 1.921457354910671711e-03
1.980514964088797569e-03 0.000000000000000000e+00 9.999980330467224121e-01 -9.999980330467224121e-01 0.000000000000000000e+00 1.980514964088797569e-03
1.923286006785929203e-03 0.000000000000000000e+00 9.999981522560119629e-01 -9.999981522560119629e-01 0.000000000000000000e+00 1.923286006785929203e-03
1.978698186576366425e-03 0.000000000000000000e+00 9.999980330467224121e-01 -9.999980330467224121e-01 0.000000000000000000e+00 1.978698186576366425e-03
1.924049574881792068e-03 0.000000000000000000e+00 9.999981522560119629e-01 -9.999981522560119629e-01 0.000000000000000000e+00 1.924049574881792068e-03
1.964525552466511726e-03 0.000000000000000000e+00 9.999980926513671875e-01 -9.999980926513671875e-01 0.000000000000000000e+00 1.964525552466511726e-03
1.924827811308205128e-03 0.000000000000000000e+00 9.999981522560119629e-01 -9.999981522560119629e-01 0.000000000000000000e+00 1.924827811308205128e-03
1.951730810105800629e-03 0.000000000000000000e+00 9.999980926513671875e-01 -9.999980926513671875e-01 0.000000000000000000e+00 1.951730810105800629e-03
1.930255326442420483e-03 0.000000000000000000e+00 9.999981522560119629e-01 -9.999981522560119629e-01 0.000000000000000000e+00 1.930255326442420483e-03
1.945779658854007721e-03 0.000000000000000000e+00 9.999980926513671875e-01 -9.999980926513671875e-01 0.000000000000000000e+00 1.945779658854007721e-03
1.932759769260883331e-03 0.000000000000000000e+00 9.999981522560119629e-01 -9.999981522560119629e-01 0.000000000000000000e+00 1.932759769260883331e-03
1.945899566635489464e-03 0.000000000000000000e+00 9.999980926513671875e-01 -9.999980926513671875e-01 0.000000000000000000e+00 1.945899566635489464e-03
1.942072878591716290e-03 0.000000000000000000e+00 9.999981522560119629e-01 -9.999981522560119629e-01 0.000000000000000000e+00 1.942072878591716290e-03
2.823767950758337975e-03 0.000000000000000000e+00 -9.999960064888000488e-01 -9.999960064888000488e-01 0.000000000000000000e+00 -2.823767950758337975e-03
2.824309282004833221e-03 0.000000000000000000e+00 -9.999960064888000488e-01 -9.999960064888000488e-01 0.000000000000000000e+00 -2.824309282004833221e-03
2.814715495333075523e-03 0.000000000000000000e+00 -9.999960660934448242e-01 -9.999960660934448242e-01 0.000000000000000000e+00 -2.814715495333075523e-03
2.800200367346405983e-03 0.000000000000000000e+00 -9.999960660934448242e-01 -9.999960660934448242e-01 0.000000000000000000e+00 -2.800200367346405983e-03
2.792812651023268700e-03 0.000000000000000000e+00 -9.999961256980895996e-01 -9.999961256980895996e-01 0.000000000000000000e+00 -2.792812651023268700e-03
2.840030007064342499e-03 0.000000000000000000e+00 -9.999960064888000488e-01 -9.999960064888000488e-01 0.000000000000000000e+00 -2.840030007064342499e-03
2.836188068613409996e-03 0.000000000000000000e+00 -9.999960064888000488e-01 -9.999960064888000488e-01 0.000000000000000000e+00 -2.836188068613409996e-03
2.831220161169767380e-03 0.000000000000000000e+00 -9.999960064888000488e-01 -9.999960064888000488e-01 0.000000000000000000e+00 -2.831220161169767380e-03
2.846890594810247421e-03 -0.000000000000000000e+00 -9.999959468841552734e-01 -9.999959468841552734e-01 0.000000000000000000e+00 -2.846890594810247421e-03
2.844339469447731972e-03 0.000000000000000000e+00 -9.999959468841552734e-01 -9.999959468841552734e-01 0.000000000000000000e+00 -2.844339469447731972e-03
2.850989811122417450e-03 -0.000000000000000000e+00 -9.999959468841552734e-01 -9.999959468841552734e-01 0.000000000000000000e+00 -2.850989811122417450e-03
2.845281735062599182e-03 0.000000000000000000e+00 -9.999959468841552734e-01 -9.999959468841552734e-01 0.000000000000000000e+00 -2.845281735062599182e-03
2.867061411961913109e-03 -0.000000000000000000e+00 -9.999958872795104980e-01 -9.999958872795104980e-01 0.000000000000000000e+00 -2.867061411961913109e-03
2.866382477805018425e-03 -0.000000000000000000e+00 -9.999958872795104980e-01 -9.999958872795104980e-01 0.000000000000000000e+00 -2.866382477805018425e-03
2.860525390133261681e-03 0.000000000000000000e+00 -9.999959468841552734e-01 -9.999959468841552734e-01 0.000000000000000000e+00 -2.860525390133261681e-03
2.860455075278878212e-03 -0.000000000000000000e+00 -9.999959468841552734e-01 -9.999959468841552734e-01 0.000000000000000000e+00 -2.860455075278878212e-03
2.854848979040980339e-03 0.000000000000000000e+00 -9.999959468841552734e-01 -9.999959468841552734e-01 0.000000000000000000e+00 -2.854848979040980339e-03
2.849421463906764984e-03 -0.000000000000000000e+00 -9.999959468841552734e-01 -9.999959468841552734e-01 0.000000000000000000e+00 -2.849421463906764984e-03
2.846636110916733742e-03 0.000000000000000000e+00 -9.999959468841552734e-01 -9.999959468841552734e-01 0.000000000000000000e+00 -2.846636110916733742e-03
2.848315518349409103e-03 -0.000000000000000000e+00 -9.999959468841552734e-01 -9.999959468841552734e-01 0.000000000000000000e+00 -2.848315518349409103e-03
2.845231909304857254e-03 -0.000000000000000000e+00 -9.999959468841552734e-01 -9.999959468841552734e-01 0.000000000000000000e+00 -2.845231909304857254e-03
2.848804229870438576e-03 0.000000000000000000e+00 -9.999959468841552734e-01 -9.999959468841552734e-01 0.000000000000000000e+00 -2.848804229870438576e-03
2.847777213901281357e-03 -0.000000000000000000e+00 -9.999959468841552734e-01 -9.999959468841552734e-01 0.000000000000000000e+00 -2.847777213901281357e-03
2.844635164365172386e-03 0.000000000000000000e+00 -9.999959468841552734e-01 -9.999959468841552734e-01 0.000000000000000000e+00 -2.844635164365172386e-03
2.845799550414085388e-03 -0.000000000000000000e+00 -9.999959468841552734e-01 -9.999959468841552734e-01 0.000000000000000000e+00 -2.845799550414085388e-03
2.840354805812239647e-03 0.000000000000000000e+00 -9.999960064888000488e-01 -9.999960064888000488e-01 0.000000000000000000e+00 -2.840354805812239647e-03
2.848376985639333725e-03 -0.000000000000000000e+00 -9.999959468841552734e-01 -9.999959468841552734e-01 0.000000000000000000e+00 -2.848376985639333725e-03
2.847025170922279358e-03 0.000000000000000000e+00 -9.999959468841552734e-01 -9.999959468841552734e-01 0.000000000000000000e+00 -2.847025170922279358e-03
2.842393936589360237e-03 0.000000000000000000e+00 -9.999959468841552734e-01 -9.999959468841552734e-01 0.000000000000000000e+00 -2.842393936589360237e-03
2.841630484908819199e-03 0.000000000000000000e+00 -9.999960064888000488e-01 -9.999960064888000488e-01 0.000000000000000000e+00 -2.841630484908819199e-03
2.843927126377820969e-03 0.000000000000000000e+00 -9.999959468841552734e-01 -9.999959468841552734e-01 0.000000000000000000e+00 -2.843927126377820969e-03
2.840694272890686989e-03 0.000000000000000000e+00 -9.999960064888000488e-01 -9.999960064888000488e-01 0.000000000000000000e+00 -2.840694272890686989e-03
2.844366012141108513e-03 0.000000000000000000e+00 -9.999959468841552734e-01 -9.999959468841552734e-01 0.000000000000000000e+00 -2.844366012141108513e-03
2.851469675078988075e-03 0.000000000000000000e+00 -9.999959468841552734e-01 -9.999959468841552734e-01 0.000000000000000000e+00 -2.851469675078988075e-03
2.846530871465802193e-03 0.000000000000000000e+00 -9.999959468841552734e-01 -9.999959468841552734e-01 0.000000000000000000e+00 -2.846530871465802193e-03
2.843725029379129410e-03 0.000000000000000000e+00 -9.999959468841552734e-01 -9.999959468841552734e-01 0.000000000000000000e+00 -2.843725029379129410e-03
2.830696292221546173e-03 0.000000000000000000e+00 -9.999960064888000488e-01 -9.999960064888000488e-01 0.000000000000000000e+00 -2.830696292221546173e-03
2.836229046806693077e-03 0.000000000000000000e+00 -9.999960064888000488e-01 -9.999960064888000488e-01 0.000000000000000000e+00 -2.836229046806693077e-03
2.827340504154562950e-03 0.000000000000000000e+00 -9.999960064888000488e-01 -9.999960064888000488e-01 0.000000000000000000e+00 -2.827340504154562950e-03
2.832624595612287521e-03 0.000000000000000000e+00 -9.999960064888000488e-01 -9.999960064888000488e-01 0.000000000000000000e+00 -2.832624595612287521e-03
2.831158693879842758e-03 0.000000000000000000e+00 -9.999960064888000488e-01 -9.999960064888000488e-01 0.000000000000000000e+00 -2.831158693879842758e-03
2.824382390826940536e-03 0.000000000000000000e+00 -9.999960064888000488e-01 -9.999960064888000488e-01 0.000000000000000000e+00 -2.824382390826940536e-03
2.828247379511594772e-03 0.000000000000000000e+00 -9.999960064888000488e-01 -9.999960064888000488e-01 0.000000000000000000e+00 -2.828247379511594772e-03
2.815880114212632179e-03 0.000000000000000000e+00 -9.999960660934448242e-01 -9.999960660934448242e-01 0.000000000000000000e+00 -2.815880114212632179e-03
2.819083863869309425e-03 0.000000000000000000e+00 -9.999960660934448242e-01 -9.999960660934448242e-01 0.000000000000000000e+00 -2.819083863869309425e-03
2.813442843034863472e-03 0.000000000000000000e+00 -9.999960660934448242e-01 -9.999960660934448242e-01 0.000000000000000000e+00 -2.813442843034863472e-03
2.815406071022152901e-03 0.000000000000000000e+00 -9.999960660934448242e-01 -9.999960660934448242e-01 0.000000000000000000e+00 -2.815406071022152901e-03
2.804934512823820114e-03 0.000000000000000000e+00 -9.999960660934448242e-01 -9.999960660934448242e-01 0.000000000000000000e+00 -2.804934512823820114e-03
2.801692578941583633e-03 0.000000000000000000e+00 -9.999960660934448242e-01 -9.999960660934448242e-01 0.000000000000000000e+00 -2.801692578941583633e-03
2.815406071022152901e-03 0.000000000000000000e+00 -9.999960660934448242e-01 -9.999960660934448242e-01 0.000000000000000000e+00 -2.815406071022152901e-03
2.804042072966694832e-03 0.000000000000000000e+00 -9.999960660934448242e-01 -9.999960660934448242e-01 0.000000000000000000e+00 -2.804042072966694832e-03
2.819241955876350403e-03 0.000000000000000000e+00 -9.999960660934448242e-01 -9.999960660934448242e-01 0.000000000000000000e+00 -2.819241955876350403e-03
2.806956181302666664e-03 0.000000000000000000e+00 -9.999960660934448242e-01 -9.999960660934448242e-01 0.000000000000000000e+00 -2.806956181302666664e-03
2.832030644640326500e-03 0.000000000000000000e+00 -9.999960064888000488e-01 -9.999960064888000488e-01 0.000000000000000000e+00 -2.832030644640326500e-03
2.815862651914358139e-03 0.000000000000000000e+00 -9.999960660934448242e-01 -9.999960660934448242e-01 0.000000000000000000e+00 -2.815862651914358139e-03
2.814364386722445488e-03 0.000000000000000000e+00 -9.999960660934448242e-01 -9.999960660934448242e-01 0.000000000000000000e+00 -2.814364386722445488e-03
2.815151354297995567e-03 0.000000000000000000e+00 -9.999960660934448242e-01 -9.999960660934448242e-01 0.000000000000000000e+00 -2.815151354297995567e-03
2.807860262691974640e-03 0.000000000000000000e+00 -9.999960660934448242e-01 -9.999960660934448242e-01 0.000000000000000000e+00 -2.807860262691974640e-03
2.816041000187397003e-03 0.000000000000000000e+00 -9.999960660934448242e-01 -9.999960660934448242e-01 0.000000000000000000e+00 -2.816041000187397003e-03
2.800712361931800842e-03 0.000000000000000000e+00 -9.999960660934448242e-01 -9.999960660934448242e-01 0.000000000000000000e+00 -2.800712361931800842e-03
2.809887751936912537e-03 0.000000000000000000e+00 -9.999960660934448242e-01 -9.999960660934448242e-01 0.000000000000000000e+00 -2.809887751936912537e-03
2.796774497255682945e-03 0.000000000000000000e+00 -9.999961256980895996e-01 -9.999961256980895996e-01 0.000000000000000000e+00 -2.796774497255682945e-03
2.790343249216675758e-03 0.000000000000000000e+00 -9.999961256980895996e-01 -9.999961256980895996e-01 0.000000000000000000e+00 -2.790343249216675758e-03
2.802204573526978493e-03 0.000000000000000000e+00 -9.999960660934448242e-01 -9.999960660934448242e-01 0.000000000000000000e+00 -2.802204573526978493e-03
2.787519712001085281e-03 0.000000000000000000e+00 -9.999961256980895996e-01 -9.999961256980895996e-01 0.000000000000000000e+00 -2.787519712001085281e-03
2.797157736495137215e-03 0.000000000000000000e+00 -9.999961256980895996e-01 -9.999961256980895996e-01 0.000000000000000000e+00 -2.797157736495137215e-03
2.788936020806431770e-03 0.000000000000000000e+00 -9.999961256980895996e-01 -9.999961256980895996e-01 0.000000000000000000e+00 -2.788936020806431770e-03
2.801353111863136292e-03 0.000000000000000000e+00 -9.999960660934448242e-01 -9.999960660934448242e-01 0.000000000000000000e+00 -2.801353111863136292e-03
2.784307580441236496e-03 0.000000000000000000e+00 -9.999961256980895996e-01 -9.999961256980895996e-01 0.000000000000000000e+00 -2.784307580441236496e-03
2.785337390378117561e-03 0.000000000000000000e+00 -9.999961256980895996e-01 -9.999961256980895996e-01 0.000000000000000000e+00 -2.785337390378117561e-03
2.782730385661125183e-03 0.000000000000000000e+00 -9.999961256980895996e-01 -9.999961256980895996e-01 0.000000000000000000e+00 -2.782730385661125183e-03
2.765584969893097878e-03 0.000000000000000000e+00 -9.999961853027343750e-01 -9.999961853027343750e-01 0.000000000000000000e+00 -2.765584969893097878e-03
2.775901695713400841e-03 0.000000000000000000e+00 -9.999961853027343750e-01 -9.999961853027343750e-01 0.000000000000000000e+00 -2.775901695713400841e-03
2.762603573501110077e-03 0.000000000000000000e+00 -9.999961853027343750e-01 -9.999961853027343750e-01 0.000000000000000000e+00 -2.762603573501110077e-03
2.770678838714957237e-03 0.000000000000000000e+00 -9.999961853027343750e-01 -9.999961853027343750e-01 0.000000000000000000e+00 -2.770678838714957237e-03
2.751693362370133400e-03 0.000000000000000000e+00 -9.999962449073791504e-01 -9.999962449073791504e-01 0.000000000000000000e+00 -2.751693362370133400e-03
2.746189711615443230e-03 0.000000000000000000e+00 -9.999962449073791504e-01 -9.999962449073791504e-01 0.000000000000000000e+00 -2.746189711615443230e-03
2.761597046628594398e-03 0.000000000000000000e+00 -9.999961853027343750e-01 -9.999961853027343750e-01 0.000000000000000000e+00 -2.761597046628594398e-03
2.748152939602732658e-03 0.000000000000000000e+00 -9.999962449073791504e-01 -9.999962449073791504e-01 0.000000000000000000e+00 -2.748152939602732658e-03
2.754426095634698868e-03 0.000000000000000000e+00 -9.999962449073791504e-01 -9.999962449073791504e-01 0.000000000000000000e+00 -2.754426095634698868e-03
2.746175043284893036e-03 0.000000000000000000e+00 -9.999962449073791504e-01 -9.999962449073791504e-01 0.000000000000000000e+00 -2.746175043284893036e-03
2.755470573902130127e-03 -0.000000000000000000e+00 -9.999962449073791504e-01 -9.999962449073791504e-01 0.000000000000000000e+00 -2.755470573902130127e-03
2.749741543084383011e-03 0.000000000000000000e+00 -9.999962449073791504e-01 -9.999962449073791504e-01 0.000000000000000000e+00 -2.749741543084383011e-03
2.748828846961259842e-03 0.000000000000000000e+00 -9.999962449073791504e-01 -9.999962449073791504e-01 -0.000000000000000000e+00 -2.748828846961259842e-03
2.762817312031984329e-03 -0.000000000000000000e+00 -9.999961853027343750e-01 -9.999961853027343750e-01 0.000000000000000000e+00 -2.762817312031984329e-03
2.757401438429951668e-03 0.000000000000000000e+00 -9.999961853027343750e-01 -9.999961853027343750e-01 -0.000000000000000000e+00 -2.757401438429951668e-03
2.771726343780755997e-03 -0.000000000000000000e+00 -9.999961853027343750e-01 -9.999961853027343750e-01 0.000000000000000000e+00 -2.771726343780755997e-03
2.761196345090866089e-03 0.000000000000000000e+00 -9.999961853027343750e-01 -9.999961853027343750e-01 -0.000000000000000000e+00 -2.761196345090866089e-03
2.774330554530024529e-03 -0.000000000000000000e+00 -9.999961853027343750e-01 -9.999961853027343750e-01 0.000000000000000000e+00 -2.774330554530024529e-03
2.767823403701186180e-03 0.000000000000000000e+00 -9.999961853027343750e-01 -9.999961853027343750e-01 -0.000000000000000000e+00 -2.767823403701186180e-03
2.770713996142148972e-03 0.000000000000000000e+00 -9.999961853027343750e-01 -9.999961853027343750e-01 -0.000000000000000000e+00 -2.770713996142148972e-03
2.773853717371821404e-03 -0.000000000000000000e+00 -9.999961853027343750e-01 -9.999961853027343750e-01 0.000000000000000000e+00 -2.773853717371821404e-03
2.776296809315681458e-03 0.000000000000000000e+00 -9.999961853027343750e-01 -9.999961853027343750e-01 -0.000000000000000000e+00 -2.776296809315681458e-03
2.780266804620623589e-03 -0.000000000000000000e+00 -9.999961256980895996e-01 -9.999961256980895996e-01 0.000000000000000000e+00 -2.780266804620623589e-03
2.778991358354687691e-03 0.000000000000000000e+00 -9.999961256980895996e-01 -9.999961256980895996e-01 -0.000000000000000000e+00 -2.778991358354687691e-03
2.778622554615139961e-03 -0.000000000000000000e+00 -9.999961256980895996e-01 -9.999961256980895996e-01 0.000000000000000000e+00 -2.778622554615139961e-03
2.775182016193866730e-03 0.000000000000000000e+00 -9.999961853027343750e-01 -9.999961853027343750e-01 -0.000000000000000000e+00 -2.775182016193866730e-03
2.771746832877397537e-03 0.000000000000000000e+00 -9.999961853027343750e-01 -9.999961853027343750e-01 -0.000000000000000000e+00 -2.771746832877397537e-03
2.777715912088751793e-03 -0.000000000000000000e+00 -9.999961853027343750e-01 -9.999961853027343750e-01 0.000000000000000000e+00 -2.777715912088751793e-03
2.772914478555321693e-03 0.000000000000000000e+00 -9.999961853027343750e-01 -9.999961853027343750e-01 -0.000000000000000000e+00 -2.772914478555321693e-03
2.779927570372819901e-03 -0.000000000000000000e+00 -9.999961256980895996e-01 -9.999961256980895996e-01 0.000000000000000000e+00 -2.779927570372819901e-03
2.782253548502922058e-03 0.000000000000000000e+00 -9.999961256980895996e-01 -9.999961256980895996e-01 -0.000000000000000000e+00 -2.782253548502922058e-03
2.791934879496693611e-03 -0.000000000000000000e+00 -9.999961256980895996e-01 -9.999961256980895996e-01 0.000000000000000000e+00 -2.791934879496693611e-03
1.119644641876220703e-01 -8.210103842429816723e-04 -9.937118887901306152e-01 9.192402649205178022e-05 9.999997019767761230e-01 -8.158481214195489883e-04
1.119644641876220703e-01 -8.122124127112329006e-04 -9.937118887901306152e-01 9.093896369449794292e-05 9.999997019767761230e-01 -8.071055053733289242e-04
-1.119644343852996826e-01 -1.098517095670104027e-03 -9.937116503715515137e-01 -1.229949120897799730e-04 9.999994039535522461e-01 -1.091609941795468330e-03
-1.119644343852996826e-01 -1.097671454772353172e-03 -9.937116503715515137e-01 -1.229002373293042183e-04 9.999994039535522461e-01 -1.090769539587199688e-03
-3.302789926528930664e-01 -1.072406885214149952e-03 -9.438827633857727051e-01 -3.541937330737709999e-04 9.999994635581970215e-01 -1.012227032333612442e-03
3.302790820598602295e-01 -8.329799748025834560e-04 -9.438829421997070312e-01 2.751159481704235077e-04 9.999996423721313477e-01 -7.862359052523970604e-04
3.302790820598602295e-01 -8.336002356372773647e-04 -9.438829421997070312e-01 2.753208100330084562e-04 9.999996423721313477e-01 -7.868213579058647156e-04
5.320318341255187988e-01 -8.744098013266921043e-04 -8.467239141464233398e-01 4.652140196412801743e-04 9.999996423721313477e-01 -7.403839263133704662e-04
5.320318341255187988e-01 -8.809256833046674728e-04 -8.467239141464233398e-01 4.686806641984730959e-04 9.999996423721313477e-01 -7.459011394530534744e-04
7.071068286895751953e-01 -9.636331233195960522e-04 -7.071061134338378906e-01 6.813919171690940857e-04 9.999995231628417969e-01 -6.813912186771631241e-04
7.071068286895751953e-01 -9.899042779579758644e-04 -7.071061134338378906e-01 6.999684264883399010e-04 9.999995231628417969e-01 -6.999677279964089394e-04
8.467235565185546875e-01 -1.120905624702572823e-03 -5.320320129394531250e-01 9.490976808592677116e-04 9.999994039535522461e-01 -5.963580333627760410e-04
8.467235565185546875e-01 -1.115481019951403141e-03 -5.320320129394531250e-01 9.445045725442469120e-04 9.999994039535522461e-01 -5.934719229117035866e-04
9.438827037811279297e-01 -1.190759940072894096e-03 -3.302787244319915771e-01 1.123938476666808128e-03 9.999992847442626953e-01 -3.932829713448882103e-04
9.438827633857727051e-01 -1.179600832983851433e-03 -3.302787542343139648e-01 1.113405567593872547e-03 9.999993443489074707e-01 -3.895973204635083675e-04
9.937115907669067383e-01 -1.167505397461354733e-03 -1.119645088911056519e-01 1.160164363682270050e-03 9.999993443489074707e-01 -1.307192578678950667e-04
9.937115907669067383e-01 -1.159321749582886696e-03 -1.119645088911056519e-01 1.152032171376049519e-03 9.999993443489074707e-01 -1.298029819736257195e-04
9.937116503715515137e-01 -1.112359226681292057e-03 1.119645163416862488e-01 1.105364994145929813e-03 9.999994039535522461e-01 1.245448365807533264e-04
9.937116503715515137e-01 -1.102159731090068817e-03 1.119645163416862488e-01 1.095229643397033215e-03 9.999994039535522461e-01 1.234028604812920094e-04
9.438828825950622559e-01 -1.059287460520863533e-03 3.302787840366363525e-01 9.998438181355595589e-04 9.999994635581970215e-01 3.498603764455765486e-04
9.438828825950622559e-01 -1.052976469509303570e-03 3.302787840366363525e-01 9.938869625329971313e-04 9.999994635581970215e-01 3.477759892120957375e-04
8.467236161231994629e-01 -1.024748082272708416e-03 5.320320725440979004e-01 8.676787256263196468e-04 9.999994635581970215e-01 5.451990291476249695e-04
8.467236757278442383e-01 -1.013065339066088200e-03 5.320320725440979004e-01 8.577867411077022552e-04 9.999995231628417969e-01 5.389834986999630928e-04
7.071068286895751953e-01 -9.514412377029657364e-04 7.071061134338378906e-01 6.727710133418440819e-04 9.999995827674865723e-01 6.727703148499131203e-04
7.071068882942199707e-01 -9.364872821606695652e-04 7.071061730384826660e-01 6.621968932449817657e-04 9.999995827674865723e-01 6.621961947530508041e-04
5.320318341255187988e-01 -9.005229803733527660e-04 8.467239141464233398e-01 4.791070241481065750e-04 9.999995827674865723e-01 7.624945719726383686e-04
5.320318341255187988e-01 -8.820316870696842670e-04 8.467239141464233398e-01 4.692690854426473379e-04 9.999996423721313477e-01 7.468375843018293381e-04
3.302790820598602295e-01 -8.570391219109296799e-04 9.438829421997070312e-01 2.830621961038559675e-04 9.999996423721313477e-01 8.089449256658554077e-04
3.302790820598602295e-01 -8.598947315476834774e-04 9.438829421997070312e-01 2.840053348336368799e-04 9.999996423721313477e-01 8.116402896121144295e-04
1.119644641876220703e-01 -8.356893085874617100e-04 9.937118887901306152e-01 9.356753434985876083e-05 9.999996423721313477e-01 8.304347284138202667e-04
1.119644641876220703e-01 -8.319237385876476765e-04 9.937118887901306152e-01 9.314592898590490222e-05 9.999996423721313477e-01 8.266927907243371010e-04
-1.119644641876220703e-01 -8.191349334083497524e-04 9.937118887901306152e-01 -9.171404235530644655e-05 9.999997019767761230e-01 8.139844867400825024e-04
-1.119644641876220703e-01 -8.175520342774689198e-04 9.937118887901306152e-01 -9.153681457974016666e-05 9.999997019767761230e-01 8.124115411192178726e-04
-3.302791118621826172e-01 -8.000877569429576397e-04 9.438830018043518066e-01 -2.642523322720080614e-04 9.999997019767761230e-01 7.551894523203372955e-04
-3.302791118621826172e-01 -7.944146054796874523e-04 9.438830018043518066e-01 -2.623786276672035456e-04 9.999997019767761230e-01 7.498346967622637749e-04
-5.320318937301635742e-01 -8.105476736091077328e-04 8.467239737510681152e-01 -4.312373057473450899e-04 9.999997019767761230e-01 6.863103481009602547e-04
-5.320318937301635742e-01 -8.113522781059145927e-04 8.467239737510681152e-01 -4.316653939895331860e-04 9.999997019767761230e-01 6.869916105642914772e-04
-7.071067094802856445e-01 -8.728356915526092052e-04 7.071063518524169922e-01 -6.171881686896085739e-04 9.999996423721313477e-01 6.171878776513040066e-04
-7.071067094802856445e-01 -8.801093208603560925e-04 7.071063518524169922e-01 -6.223313976079225540e-04 9.999996423721313477e-01 6.223311065696179867e-04
-8.467237949371337891e-01 -9.849625639617443085e-04 5.320318341255187988e-01 -8.339916239492595196e-04 9.999995231628417969e-01 5.240316968411207199e-04
-8.467237949371337891e-01 -9.916861308738589287e-04 5.320318341255187988e-01 -8.396846824325621128e-04 9.999995231628417969e-01 5.276088486425578594e-04
-9.438828825950622559e-01 -1.041407696902751923e-03 3.302787840366363525e-01 -9.829674381762742996e-04 9.999994635581970215e-01 3.439550637267529964e-04
-9.438828825950622559e-01 -1.051870407536625862e-03 3.302787840366363525e-01 -9.928429499268531799e-04 9.999994635581970215e-01 3.474106779322028160e-04
-9.937117099761962891e-01 -1.063676201738417149e-03 1.119645237922668457e-01 -1.056988025084137917e-03 9.999994635581970215e-01 1.190940602100454271e-04
-9.937116503715515137e-01 -1.073685474693775177e-03 1.119645163416862488e-01 -1.066934550181031227e-03 9.999994635581970215e-01 1.202147541334852576e-04
-9.937116503715515137e-01 -1.079864799976348877e-03 -1.119645163416862488e-01 -1.073074876330792904e-03 9.999994039535522461e-01 -1.209066103911027312e-04
-9.937116503715515137e-01 -1.079133362509310246e-03 -1.119645163416862488e-01 -1.072348095476627350e-03 9.999994039535522461e-01 -1.208247194881550968e-04
-9.438828825950622559e-01 -1.045606215484440327e-03 -3.302787840366363525e-01 -9.869303321465849876e-04 9.999994635581970215e-01 -3.453417448326945305e-04
-9.438828825950622559e-01 -1.052394160069525242e-03 -3.302787840366363525e-01 -9.933373657986521721e-04 9.999994635581970215e-01 -3.475836419966071844e-04
-8.467237353324890137e-01 -1.065613119862973690e-03 -5.320317745208740234e-01 -9.022805024869740009e-04 9.999994635581970215e-01 -5.669404054060578346e-04
-8.467237353324890137e-01 -1.067754812538623810e-03 -5.320317745208740234e-01 -9.040939039550721645e-04 9.999994635581970215e-01 -5.680798785760998726e-04
-7.071065902709960938e-01 -1.068331301212310791e-03 -7.071062326431274414e-01 -7.554244366474449635e-04 9.999994635581970215e-01 -7.554240874014794827e-04
-7.071065902709960938e-01 -1.071391743607819080e-03 -7.071062326431274414e-01 -7.575885392725467682e-04 9.999994635581970215e-01 -7.575881318189203739e-04
-5.320317745208740234e-01 -1.071058213710784912e-03 -8.467237949371337891e-01 -5.698372260667383671e-04 9.999994635581970215e-01 -9.068908984772861004e-04
-5.320317745208740234e-01 -1.072146580554544926e-03 -8.467237949371337891e-01 -5.704162758775055408e-04 9.999994635581970215e-01 -9.078124421648681164e-04
-3.302789926528930664e-01 -1.071426784619688988e-03 -9.438827633857727051e-01 -3.538700111676007509e-04 9.999994635581970215e-01 -1.011301996186375618e-03
2.181151183322072029e-03 0.000000000000000000e+00 -9.999976158142089844e-01 -9.999976158142089844e-01 0.000000000000000000e+00 -2.181151183322072029e-03
2.184328623116016388e-03 0.000000000000000000e+00 -9.999976158142089844e-01 -9.999976158142089844e-01 0.000000000000000000e+00 -2.184328623116016388e-03
2.185349818319082260e-03 0.000000000000000000e+00 -9.999976158142089844e-01 -9.999976158142089844e-01 0.000000000000000000e+00 -2.185349818319082260e-03
2.183090895414352417e-03 -0.000000000000000000e+00 -9.999976158142089844e-01 -9.999976158142089844e-01 0.000000000000000000e+00 -2.183090895414352417e-03
2.180817537009716034e-03 0.000000000000000000e+00 -9.999976158142089844e-01 -9.999976158142089844e-01 0.000000000000000000e+00 -2.180817537009716034e-03
2.181481802836060524e-03 0.000000000000000000e+00 -9.999976158142089844e-01 -9.999976158142089844e-01 0.000000000000000000e+00 -2.181481802836060524e-03
2.178561873733997345e-03 0.000000000000000000e+00 -9.999976158142089844e-01 -9.999976158142089844e-01 0.000000000000000000e+00 -2.178561873733997345e-03
2.179919276386499405e-03 0.000000000000000000e+00 -9.999976158142089844e-01 -9.999976158142089844e-01 0.000000000000000000e+00 -2.179919276386499405e-03
2.176765585318207741e-03 0.000000000000000000e+00 -9.999976754188537598e-01 -9.999976754188537598e-01 0.000000000000000000e+00 -2.176765585318207741e-03
2.175674308091402054e-03 0.000000000000000000e+00 -9.999976754188537598e-01 -9.999976754188537598e-01 0.000000000000000000e+00 -2.175674308091402054e-03
2.175706438720226288e-03 0.000000000000000000e+00 -9.999976754188537598e-01 -9.999976754188537598e-01 0.000000000000000000e+00 -2.175706438720226288e-03
2.174088498577475548e-03 0.000000000000000000e+00 -9.999976754188537598e-01 -9.999976754188537598e-01 0.000000000000000000e+00 -2.174088498577475548e-03
2.173032145947217941e-03 0.000000000000000000e+00 -9.999976754188537598e-01 -9.999976754188537598e-01 0.000000000000000000e+00 -2.173032145947217941e-03
2.168739680200815201e-03 0.000000000000000000e+00 -9.999976754188537598e-01 -9.999976754188537598e-01 0.000000000000000000e+00 -2.168739680200815201e-03
2.169953892007470131e-03 0.000000000000000000e+00 -9.999976754188537598e-01 -9.999976754188537598e-01 0.000000000000000000e+00 -2.169953892007470131e-03
2.168031642213463783e-03 0.000000000000000000e+00 -9.999976754188537598e-01 -9.999976754188537598e-01 0.000000000000000000e+00 -2.168031642213463783e-03
2.168233506381511688e-03 0.000000000000000000e+00 -9.999976754188537598e-01 -9.999976754188537598e-01 0.000000000000000000e+00 -2.168233506381511688e-03
2.166665391996502876e-03 0.000000000000000000e+00 -9.999976754188537598e-01 -9.999976754188537598e-01 0.000000000000000000e+00 -2.166665391996502876e-03
2.168748527765274048e-03 0.000000000000000000e+00 -9.999976754188537598e-01 -9.999976754188537598e-01 0.000000000000000000e+00 -2.168748527765274048e-03
2.169318962842226028e-03 0.000000000000000000e+00 -9.999976754188537598e-01 -9.999976754188537598e-01 0.000000000000000000e+00 -2.169318962842226028e-03
2.167709870263934135e-03 0.000000000000000000e+00 -9.999976754188537598e-01 -9.999976754188537598e-01 0.000000000000000000e+00 -2.167709870263934135e-03
2.167402533814311028e-03 0.000000000000000000e+00 -9.999976754188537598e-01 -9.999976754188537598e-01 0.000000000000000000e+00 -2.167402533814311028e-03
2.166908234357833862e-03 0.000000000000000000e+00 -9.999976754188537598e-01 -9.999976754188537598e-01 0.000000000000000000e+00 -2.166908234357833862e-03
2.168069826439023018e-03 0.000000000000000000e+00 -9.999976754188537598e-01 -9.999976754188537598e-01 0.000000000000000000e+00 -2.168069826439023018e-03
2.175337634980678558e-03 0.000000000000000000e+00 -9.999976754188537598e-01 -9.999976754188537598e-01 -0.000000000000000000e+00 -2.175337634980678558e-03
2.176689449697732925e-03 0.000000000000000000e+00 -9.999976754188537598e-01 -9.999976754188537598e-01 0.000000000000000000e+00 -2.176689449697732925e-03
2.178895287215709686e-03 -0.000000000000000000e+00 -9.999976158142089844e-01 -9.999976158142089844e-01 0.000000000000000000e+00 -2.178895287215709686e-03
2.177795162424445152e-03 -0.000000000000000000e+00 -9.999976158142089844e-01 -9.999976158142089844e-01 0.000000000000000000e+00 -2.177795162424445152e-03
2.180097857490181923e-03 0.000000000000000000e+00 -9.999976158142089844e-01 -9.999976158142089844e-01 -0.000000000000000000e+00 -2.180097857490181923e-03
2.180712297558784485e-03 -0.000000000000000000e+00 -9.999976158142089844e-01 -9.999976158142089844e-01 0.000000000000000000e+00 -2.180712297558784485e-03
2.183193340897560120e-03 0.000000000000000000e+00 -9.999976158142089844e-01 -9.999976158142089844e-01 -0.000000000000000000e+00 -2.183193340897560120e-03
2.182760275900363922e-03 -0.000000000000000000e+00 -9.999976158142089844e-01 -9.999976158142089844e-01 0.000000000000000000e+00 -2.182760275900363922e-03
2.182494150474667549e-03 0.000000000000000000e+00 -9.999976158142089844e-01 -9.999976158142089844e-01 -0.000000000000000000e+00 -2.182494150474667549e-03
2.227581338956952095e-03 0.000000000000000000e+00 -9.999975562095642090e-01 -9.999975562095642090e-01 0.000000000000000000e+00 -2.227581338956952095e-03
2.206459408625960350e-03 0.000000000000000000e+00 -9.999975562095642090e-01 -9.999975562095642090e-01 0.000000000000000000e+00 -2.206459408625960350e-03
2.204627729952335358e-03 0.000000000000000000e+00 -9.999975562095642090e-01 -9.999975562095642090e-01 0.000000000000000000e+00 -2.204627729952335358e-03
2.233777893707156181e-03 -0.000000000000000000e+00 -9.999974966049194336e-01 -9.999974966049194336e-01 0.000000000000000000e+00 -2.233777893707156181e-03
2.220775466412305832e-03 0.000000000000000000e+00 -9.999975562095642090e-01 -9.999975562095642090e-01 0.000000000000000000e+00 -2.220775466412305832e-03
2.222893759608268738e-03 -0.000000000000000000e+00 -9.999975562095642090e-01 -9.999975562095642090e-01 0.000000000000000000e+00 -2.222893759608268738e-03
2.221899107098579407e-03 -0.000000000000000000e+00 -9.999975562095642090e-01 -9.999975562095642090e-01 0.000000000000000000e+00 -2.221899107098579407e-03
2.217328874394297600e-03 0.000000000000000000e+00 -9.999975562095642090e-01 -9.999975562095642090e-01 0.000000000000000000e+00 -2.217328874394297600e-03
2.216860651969909668e-03 -0.000000000000000000e+00 -9.999975562095642090e-01 -9.999975562095642090e-01 0.000000000000000000e+00 -2.216860651969909668e-03
2.212044782936573029e-03 0.000000000000000000e+00 -9.999975562095642090e-01 -9.999975562095642090e-01 0.000000000000000000e+00 -2.212044782936573029e-03
2.227159915491938591e-03 -0.000000000000000000e+00 -9.999975562095642090e-01 -9.999975562095642090e-01 0.000000000000000000e+00 -2.227159915491938591e-03
2.223288873210549355e-03 -0.000000000000000000e+00 -9.999975562095642090e-01 -9.999975562095642090e-01 0.000000000000000000e+00 -2.223288873210549355e-03
2.218519570305943489e-03 0.000000000000000000e+00 -9.999975562095642090e-01 -9.999975562095642090e-01 0.000000000000000000e+00 -2.218519570305943489e-03
2.225474687293171883e-03 -0.000000000000000000e+00 -9.999975562095642090e-01 -9.999975562095642090e-01 0.000000000000000000e+00 -2.225474687293171883e-03
2.233713632449507713e-03 0.000000000000000000e+00 -9.999974966049194336e-01 -9.999974966049194336e-01 0.000000000000000000e+00 -2.233713632449507713e-03
2.235264284536242485e-03 -0.000000000000000000e+00 -9.999974966049194336e-01 -9.999974966049194336e-01 0.000000000000000000e+00 -2.235264284536242485e-03
2.227818127721548080e-03 -0.000000000000000000e+00 -9.999975562095642090e-01 -9.999975562095642090e-01 0.000000000000000000e+00 -2.227818127721548080e-03
2.224901225417852402e-03 0.000000000000000000e+00 -9.999975562095642090e-01 -9.999975562095642090e-01 0.000000000000000000e+00 -2.224901225417852402e-03
2.221975009888410568e-03 0.000000000000000000e+00 -9.999975562095642090e-01 -9.999975562095642090e-01 0.000000000000000000e+00 -2.221975009888410568e-03
2.221044618636369705e-03 0.000000000000000000e+00 -9.999975562095642090e-01 -9.999975562095642090e-01 0.000000000000000000e+00 -2.221044618636369705e-03
2.222753362730145454e-03 0.000000000000000000e+00 -9.999975562095642090e-01 -9.999975562095642090e-01 0.000000000000000000e+00 -2.222753362730145454e-03
2.221161732450127602e-03 0.000000000000000000e+00 -9.999975562095642090e-01 -9.999975562095642090e-01 0.000000000000000000e+00 -2.221161732450127602e-03
2.218964509665966034e-03 0.000000000000000000e+00 -9.999975562095642090e-01 -9.999975562095642090e-01 0.000000000000000000e+00 -2.218964509665966034e-03
2.214479027315974236e-03 0.000000000000000000e+00 -9.999975562095642090e-01 -9.999975562095642090e-01 0.000000000000000000e+00 -2.214479027315974236e-03
2.208636142313480377e-03 0.000000000000000000e+00 -9.999975562095642090e-01 -9.999975562095642090e-01 0.000000000000000000e+00 -2.208636142313480377e-03
2.210845239460468292e-03 0.000000000000000000e+00 -9.999975562095642090e-01 -9.999975562095642090e-01 0.000000000000000000e+00 -2.210845239460468292e-03
2.202360425144433975e-03 0.000000000000000000e+00 -9.999976158142089844e-01 -9.999976158142089844e-01 0.000000000000000000e+00 -2.202360425144433975e-03
2.205891767516732216e-03 0.000000000000000000e+00 -9.999975562095642090e-01 -9.999975562095642090e-01 0.000000000000000000e+00 -2.205891767516732216e-03
2.202100120484828949e-03 0.000000000000000000e+00 -9.999976158142089844e-01 -9.999976158142089844e-01 0.000000000000000000e+00 -2.202100120484828949e-03
2.200853778049349785e-03 0.000000000000000000e+00 -9.999976158142089844e-01 -9.999976158142089844e-01 0.000000000000000000e+00 -2.200853778049349785e-03
2.192968269810080528e-03 0.000000000000000000e+00 -9.999976158142089844e-01 -9.999976158142089844e-01 0.000000000000000000e+00 -2.192968269810080528e-03
2.197035355493426323e-03 0.000000000000000000e+00 -9.999976158142089844e-01 -9.999976158142089844e-01 0.000000000000000000e+00 -2.197035355493426323e-03
2.185106975957751274e-03 0.000000000000000000e+00 -9.999976158142089844e-01 -9.999976158142089844e-01 0.000000000000000000e+00 -2.185106975957751274e-03
2.175498753786087036e-03 0.000000000000000000e+00 -9.999976754188537598e-01 -9.999976754188537598e-01 0.000000000000000000e+00 -2.175498753786087036e-03
2.176045672968029976e-03 0.000000000000000000e+00 -9.999976754188537598e-01 -9.999976754188537598e-01 0.000000000000000000e+00 -2.176045672968029976e-03
2.181557938456535339e-03 0.000000000000000000e+00 -9.999976158142089844e-01 -9.999976158142089844e-01 0.000000000000000000e+00 -2.181557938456535339e-03
2.178611466661095619e-03 0.000000000000000000e+00 -9.999976158142089844e-01 -9.999976158142089844e-01 0.000000000000000000e+00 -2.178611466661095619e-03
2.184413373470306396e-03 0.000000000000000000e+00 -9.999976158142089844e-01 -9.999976158142089844e-01 0.000000000000000000e+00 -2.184413373470306396e-03
2.188714221119880676e-03 0.000000000000000000e+00 -9.999976158142089844e-01 -9.999976158142089844e-01 0.000000000000000000e+00 -2.188714221119880676e-03
2.182025928050279617e-03 0.000000000000000000e+00 -9.999976158142089844e-01 -9.999976158142089844e-01 0.000000000000000000e+00 -2.182025928050279617e-03
2.172315260395407677e-03 0.000000000000000000e+00 -9.999976754188537598e-01 -9.999976754188537598e-01 0.000000000000000000e+00 -2.172315260395407677e-03
2.167338272556662560e-03 0.000000000000000000e+00 -9.999976754188537598e-01 -9.999976754188537598e-01 0.000000000000000000e+00 -2.167338272556662560e-03
2.163809724152088165e-03 0.000000000000000000e+00 -9.999976754188537598e-01 -9.999976754188537598e-01 0.000000000000000000e+00 -2.163809724152088165e-03
2.167850267142057419e-03 0.000000000000000000e+00 -9.999976754188537598e-01 -9.999976754188537598e-01 0.000000000000000000e+00 -2.167850267142057419e-03
2.166258636862039566e-03 0.000000000000000000e+00 -9.999976754188537598e-01 -9.999976754188537598e-01 0.000000000000000000e+00 -2.166258636862039566e-03
2.168827457353472710e-03 0.000000000000000000e+00 -9.999976754188537598e-01 -9.999976754188537598e-01 0.000000000000000000e+00 -2.168827457353472710e-03
2.166100544854998589e-03 0.000000000000000000e+00 -9.999976754188537598e-01 -9.999976754188537598e-01 0.000000000000000000e+00 -2.166100544854998589e-03
2.188579645007848740e-03 0.000000000000000000e+00 -9.999976158142089844e-01 -9.999976158142089844e-01 -0.000000000000000000e+00 -2.188579645007848740e-03
2.185343764722347260e-03 -0.000000000000000000e+00 -9.999976158142089844e-01 -9.999976158142089844e-01 0.000000000000000000e+00 -2.185343764722347260e-03
2.191443927586078644e-03 0.000000000000000000e+00 -9.999976158142089844e-01 -9.999976158142089844e-01 -0.000000000000000000e+00 -2.191443927586078644e-03
2.189729362726211548e-03 -0.000000000000000000e+00 -9.999976158142089844e-01 -9.999976158142089844e-01 0.000000000000000000e+00 -2.189729362726211548e-03
2.190908649936318398e-03 0.000000000000000000e+00 -9.999976158142089844e-01 -9.999976158142089844e-01 -0.000000000000000000e+00 -2.190908649936318398e-03
2.191022736951708794e-03 0.000000000000000000e+00 -9.999976158142089844e-01 -9.999976158142089844e-01 -0.000000000000000000e+00 -2.191022736951708794e-03
2.193685155361890793e-03 -0.000000000000000000e+00 -9.999976158142089844e-01 -9.999976158142089844e-01 0.000000000000000000e+00 -2.193685155361890793e-03
2.196198562160134315e-03 0.000000000000000000e+00 -9.999976158142089844e-01 -9.999976158142089844e-01 -0.000000000000000000e+00 -2.196198562160134315e-03
2.194115193560719490e-03 -0.000000000000000000e+00 -9.999976158142089844e-01 -9.999976158142089844e-01 0.000000000000000000e+00 -2.194115193560719490e-03
3.861847653752192855e-05 0.000000000000000000e+00 -1.000000000000000000e+00 -1.000000000000000000e+00 0.000000000000000000e+00 -3.861847653752192855e-05
3.688345896080136299e-05 0.000000000000000000e+00 -1.000000000000000000e+00 -1.000000000000000000e+00 0.000000000000000000e+00 -3.688345896080136299e-05
2.702924030018039048e-05 0.000000000000000000e+00 -1.000000000000000000e+00 -1.000000000000000000e+00 0.000000000000000000e+00 -2.702924030018039048e-05
2.689172652026172727e-05 0.000000000000000000e+00 -1.000000000000000000e+00 -1.000000000000000000e+00 0.000000000000000000e+00 -2.689172652026172727e-05
-5.322177335619926453e-02 3.772517200559377670e-03 9.985756278038024902e-01 2.007814764510840178e-04 9.999929070472717285e-01 -3.767170477658510208e-03
-5.322176963090896606e-02 3.780849743634462357e-03 9.985755681991577148e-01 2.012249460676684976e-04 9.999928474426269531e-01 -3.775491146370768547e-03
5.322175472974777222e-02 3.864548634737730026e-03 9.985752701759338379e-01 -2.056795783573761582e-04 9.999925494194030762e-01 -3.859071526676416397e-03
5.322175100445747375e-02 3.872565226629376411e-03 9.985752105712890625e-01 -2.061062405118718743e-04 9.999924898147583008e-01 -3.867076709866523743e-03
1.590621471405029297e-01 3.839605953544378281e-03 9.872611165046691895e-01 -6.107405642978847027e-04 9.999926686286926270e-01 -3.790721762925386429e-03
1.590621471405029297e-01 3.849553875625133514e-03 9.872611165046691895e-01 -6.123228231444954872e-04 9.999926090240478516e-01 -3.800542792305350304e-03
2.631007730960845947e-01 3.817794146016240120e-03 9.647607803344726562e-01 -1.004471909254789352e-03 9.999927282333374023e-01 -3.683284856379032135e-03
2.631007730960845947e-01 3.819646080955862999e-03 9.647607803344726562e-01 -1.004959107376635075e-03 9.999927282333374023e-01 -3.685071598738431931e-03
3.641579449176788330e-01 3.755169920623302460e-03 9.313296675682067871e-01 -1.367484568618237972e-03 9.999929666519165039e-01 -3.497325815260410309e-03
3.641579449176788330e-01 3.761484054848551750e-03 9.313296675682067871e-01 -1.369784004054963589e-03 9.999929666519165039e-01 -3.503206418827176094e-03
4.610892236232757568e-01 3.719641827046871185e-03 8.873460292816162109e-01 -1.715098624117672443e-03 9.999930858612060547e-01 -3.300632350146770477e-03
4.610892236232757568e-01 3.722786903381347656e-03 8.873460292816162109e-01 -1.716548809781670570e-03 9.999930858612060547e-01 -3.303423058241605759e-03
5.527965426445007324e-01 3.683089511469006538e-03 8.333081007003784180e-01 -2.036012941971421242e-03 9.999932050704956055e-01 -3.069169120863080025e-03
5.527965426445007324e-01 3.685529576614499092e-03 8.333081007003784180e-01 -2.037361962720751762e-03 9.999932050704956055e-01 -3.071202430874109268e-03
6.382399797439575195e-01 3.646449418738484383e-03 7.698288559913635254e-01 -2.327325521036982536e-03 9.999933838844299316e-01 -2.807160839438438416e-03
6.382399797439575195e-01 3.649597754701972008e-03 7.698288559913635254e-01 -2.329334849491715431e-03 9.999933838844299316e-01 -2.809584606438875198e-03
7.164517045021057129e-01 3.615763736888766289e-03 6.976273655891418457e-01 -2.590537071228027344e-03 9.999935030937194824e-01 -2.522472292184829712e-03
7.164517045021057129e-01 3.617255948483943939e-03 6.976273655891418457e-01 -2.591605763882398605e-03 9.999934434890747070e-01 -2.523513045161962509e-03
7.865467071533203125e-01 3.565796883776783943e-03 6.175206303596496582e-01 -2.804683521389961243e-03 9.999936819076538086e-01 -2.201966941356658936e-03
7.865467071533203125e-01 3.566709579899907112e-03 6.175206303596496582e-01 -2.805401338264346123e-03 9.999936819076538086e-01 -2.202530624344944954e-03
8.477293252944946289e-01 3.519167657941579819e-03 5.304173827171325684e-01 -2.983320038765668869e-03 9.999938011169433594e-01 -1.866639242507517338e-03
8.477293848991394043e-01 3.512251190841197968e-03 5.304173827171325684e-01 -2.977456664666533470e-03 9.999938607215881348e-01 -1.862970646470785141e-03
8.993065953254699707e-01 3.444029716774821281e-03 4.373051226139068604e-01 -3.097257344052195549e-03 9.999940991401672363e-01 -1.506100874394178391e-03
8.993065953254699707e-01 3.444383852183818817e-03 4.373051226139068604e-01 -3.097575856372714043e-03 9.999940991401672363e-01 -1.506255706772208214e-03
9.406949877738952637e-01 3.358636749908328056e-03 3.392369151115417480e-01 -3.159470856189727783e-03 9.999943971633911133e-01 -1.139380037784576416e-03
9.406950473785400391e-01 3.350055310875177383e-03 3.392369151115417480e-01 -3.151397919282317162e-03 9.999943971633911133e-01 -1.136468839831650257e-03
9.714249968528747559e-01 3.255191491916775703e-03 2.373246997594833374e-01 -3.162191016599535942e-03 9.999946951866149902e-01 -7.725414470769464970e-04
9.714250564575195312e-01 3.246209351345896721e-03 2.373246997594833374e-01 -3.153465455397963524e-03 9.999947547912597656e-01 -7.704097079113125801e-04
9.911478161811828613e-01 3.180641680955886841e-03 1.327249705791473389e-01 -3.152502002194523811e-03 9.999949336051940918e-01 -4.221527196932584047e-04
9.911478161811828613e-01 3.173865377902984619e-03 1.327249705791473389e-01 -3.145785769447684288e-03 9.999949932098388672e-01 -4.212533531244844198e-04
9.996408224105834961e-01 3.088071476668119431e-03 2.662108838558197021e-02 -3.086976939812302589e-03 9.999952316284179688e-01 -8.220821473514661193e-05
9.996408820152282715e-01 3.075516782701015472e-03 2.662109024822711945e-02 -3.074426902458071709e-03 9.999952912330627441e-01 -8.187399362213909626e-05
9.968075156211853027e-01 3.009937470778822899e-03 -7.978594303131103516e-02 -3.000341588631272316e-03 9.999954700469970703e-01 2.401517558610066772e-04
9.968075156211853027e-01 2.995931543409824371e-03 -7.978594303131103516e-02 -2.986380364745855331e-03 9.999955296516418457e-01 2.390342997387051582e-04
9.826797842979431152e-01 2.928034868091344833e-03 -1.852886825799942017e-01 -2.877332968637347221e-03 9.999957084655761719e-01 5.425340496003627777e-04
9.826797842979431152e-01 2.921220613643527031e-03 -1.852886825799942017e-01 -2.870636992156505585e-03 9.999957680702209473e-01 5.412714672274887562e-04
9.574182629585266113e-01 2.863230649381875992e-03 -2.886902093887329102e-01 -2.741320524364709854e-03 9.999958872795104980e-01 8.265900542028248310e-04
9.574183225631713867e-01 2.856492530554533005e-03 -2.886902391910552979e-01 -2.734869252890348434e-03 9.999959468841552734e-01 8.246448123827576637e-04
9.213084578514099121e-01 2.826704876497387886e-03 -3.888221979141235352e-01 -2.604277571663260460e-03 9.999960064888000488e-01 1.099089975468814373e-03
9.213085174560546875e-01 2.820537425577640533e-03 -3.888222277164459229e-01 -2.598595339804887772e-03 9.999960660934448242e-01 1.096691936254501343e-03
8.747593164443969727e-01 2.796996152028441429e-03 -4.845496714115142822e-01 -2.446708036586642265e-03 9.999961256980895996e-01 1.355288783088326454e-03
8.747593164443969727e-01 2.792490180581808090e-03 -4.845496714115142822e-01 -2.442766213789582253e-03 9.999961256980895996e-01 1.353105413727462292e-03
8.182998895645141602e-01 2.811610465869307518e-03 -5.747846364974975586e-01 -2.300749532878398895e-03 9.999960660934448242e-01 1.616076915524899960e-03
8.182998895645141602e-01 2.804872114211320877e-03 -5.747846364974975586e-01 -2.295235637575387955e-03 9.999960660934448242e-01 1.612203777767717838e-03
7.525675296783447266e-01 2.809512661769986153e-03 -6.585091352462768555e-01 -2.114356262609362602e-03 9.999960660934448242e-01 1.850096974521875381e-03
7.525675296783447266e-01 2.808198798447847366e-03 -6.585091352462768555e-01 -2.113367663696408272e-03 9.999960660934448242e-01 1.849231775850057602e-03
6.783089637756347656e-01 2.872084267437458038e-03 -7.347711920738220215e-01 -1.948168501257896423e-03 9.999958872795104980e-01 2.110333414748311043e-03
6.783089637756347656e-01 2.874661935493350029e-03 -7.347711920738220215e-01 -1.949917059391736984e-03 9.999958872795104980e-01 2.112227492034435272e-03
5.963654518127441406e-01 2.924114465713500977e-03 -8.027077913284301758e-01 -1.743848086334764957e-03 9.999957680702209473e-01 2.347219502553343773e-03
5.963654518127441406e-01 2.926373155787587166e-03 -8.027077913284301758e-01 -1.745195011608302593e-03 9.999957084655761719e-01 2.349032321944832802e-03
5.076628327369689941e-01 2.964514307677745819e-03 -8.615508079528808594e-01 -1.504980144090950489e-03 9.999956488609313965e-01 2.554090460762381554e-03
5.076628327369689941e-01 2.964359242469072342e-03 -8.615508079528808594e-01 -1.504901447333395481e-03 9.999956488609313965e-01 2.553956815972924232e-03
4.132108390331268311e-01 3.008067840710282326e-03 -9.106304645538330078e-01 -1.242971862666308880e-03 9.999954700469970703e-01 2.739250659942626953e-03
4.132108390331268311e-01 3.009972395375370979e-03 -9.106304645538330078e-01 -1.243758830241858959e-03 9.999954700469970703e-01 2.740985015407204628e-03
3.140747249126434326e-01 3.061627969145774841e-03 -9.493933916091918945e-01 -9.615844464860856533e-04 9.999953508377075195e-01 2.906702924519777298e-03
3.140747249126434326e-01 3.062663832679390907e-03 -9.493933916091918945e-01 -9.619097691029310226e-04 9.999953508377075195e-01 2.907686401158571243e-03
2.113820910453796387e-01 3.128055715933442116e-03 -9.773985147476196289e-01 -6.612181896343827248e-04 9.999951124191284180e-01 3.057371824979782104e-03
2.113820910453796387e-01 3.132611280307173729e-03 -9.773985147476196289e-01 -6.621811189688742161e-04 9.999951124191284180e-01 3.061824478209018707e-03
1.062928512692451477e-01 3.187183989211916924e-03 -9.943298101425170898e-01 -3.387765318620949984e-04 9.999949336051940918e-01 3.169127739965915680e-03
1.062928512692451477e-01 3.182028653100132942e-03 -9.943298101425170898e-01 -3.382285649422556162e-04 9.999949336051940918e-01 3.164001740515232086e-03
0.000000000000000000e+00 3.208360634744167328e-03 -9.999948740005493164e-01 -0.000000000000000000e+00 9.999948740005493164e-01 3.208360634744167328e-03
0.000000000000000000e+00 3.211722709238529205e-03 -9.999948740005493164e-01 -0.000000000000000000e+00 9.999948740005493164e-01 3.211722709238529205e-03
-1.062927991151809692e-01 3.260095138102769852e-03 -9.943295717239379883e-01 3.465264744590967894e-04 9.999946951866149902e-01 3.241626080125570297e-03
-1.062927991151809692e-01 3.252722090110182762e-03 -9.943295717239379883e-01 3.457427665125578642e-04 9.999946951866149902e-01 3.234294708818197250e-03
-2.113820463418960571e-01 3.293826943263411522e-03 -9.773979783058166504e-01 6.962596671655774117e-04 9.999945759773254395e-01 3.219397272914648056e-03
-2.113820463418960571e-01 3.292583394795656204e-03 -9.773979783058166504e-01 6.959968013688921928e-04 9.999945759773254395e-01 3.218181896954774857e-03
-3.140743970870971680e-01 3.326631383970379829e-03 -9.493925571441650391e-01 1.044815522618591785e-03 9.999944567680358887e-01 3.158296458423137665e-03
-3.140743970870971680e-01 3.325499128550291061e-03 -9.493925571441650391e-01 1.044459873810410500e-03 9.999944567680358887e-01 3.157221479341387749e-03
-4.132104814052581787e-01 3.346772864460945129e-03 -9.106294512748718262e-01 1.382929156534373760e-03 9.999943971633911133e-01 3.047686768695712090e-03
-4.132104814052581787e-01 3.342989599332213402e-03 -9.106294512748718262e-01 1.381366048008203506e-03 9.999944567680358887e-01 3.044241806492209435e-03
-5.076622366905212402e-01 3.349639941006898880e-03 -8.615496754646301270e-01 1.700495253317058086e-03 9.999943971633911133e-01 2.885897411033511162e-03
-5.076622366905212402e-01 3.345312550663948059e-03 -8.615496754646301270e-01 1.698298379778862000e-03 9.999943971633911133e-01 2.882169093936681747e-03
-5.963644385337829590e-01 3.351158462464809418e-03 -8.027068376541137695e-01 1.998523017391562462e-03 9.999943971633911133e-01 2.690012799575924873e-03
-5.963644385337829590e-01 3.348472528159618378e-03 -8.027068376541137695e-01 1.996921142563223839e-03 9.999943971633911133e-01 2.687856787815690041e-03
-6.783078312873840332e-01 3.368730889633297920e-03 -7.347702383995056152e-01 2.285049296915531158e-03 9.999943375587463379e-01 2.475257264450192451e-03
-6.783078312873840332e-01 3.364678705111145973e-03 -7.347702383995056152e-01 2.282300731167197227e-03 9.999943375587463379e-01 2.472279826179146767e-03
-7.525667548179626465e-01 3.371829399839043617e-03 -6.585074067115783691e-01 2.537541091442108154e-03 9.999943375587463379e-01 2.220387337729334831e-03
-7.525667548179626465e-01 3.371177008375525475e-03 -6.585074067115783691e-01 2.537050051614642143e-03 9.999943375587463379e-01 2.219957765191793442e-03
-8.182980418205261230e-01 3.376917447894811630e-03 -5.747843384742736816e-01 2.763340715318918228e-03 9.999943375587463379e-01 1.941010123118758202e-03
-8.182980418205261230e-01 3.361901966854929924e-03 -5.747842788696289062e-01 2.751053310930728912e-03 9.999943375587463379e-01 1.932379440404474735e-03
-8.747582435607910156e-01 3.354590386152267456e-03 -4.845481216907501221e-01 2.934471936896443367e-03 9.999943971633911133e-01 1.625469536520540714e-03
-8.747581839561462402e-01 3.357925917953252792e-03 -4.845480918884277344e-01 2.937390003353357315e-03 9.999943971633911133e-01 1.627085963264107704e-03
-9.213067293167114258e-01 3.371463622897863388e-03 -3.888221085071563721e-01 3.106169868260622025e-03 9.999943375587463379e-01 1.310907071456313133e-03
-9.213067293167114258e-01 3.370972117409110069e-03 -3.888221085071563721e-01 3.105717012658715248e-03 9.999943375587463379e-01 1.310715917497873306e-03
-9.574165940284729004e-01 3.391087055206298828e-03 -2.886903584003448486e-01 3.246701555326581001e-03 9.999942779541015625e-01 9.789797477424144745e-04
-9.574165940284729004e-01 3.389240941032767296e-03 -2.886903584003448486e-01 3.244934137910604477e-03 9.999942779541015625e-01 9.784466819837689400e-04
-9.826783537864685059e-01 3.416143590584397316e-03 -1.852877587080001831e-01 3.356989938765764236e-03 9.999941587448120117e-01 6.329733296297490597e-04
-9.826783537864685059e-01 3.413738915696740150e-03 -1.852877587080001831e-01 3.354626940563321114e-03 9.999941587448120117e-01 6.325277499854564667e-04
-9.968062043190002441e-01 3.436054335907101631e-03 -7.978521287441253662e-02 3.425100119784474373e-03 9.999940991401672363e-01 2.741478965617716312e-04
-9.968061447143554688e-01 3.447909606620669365e-03 -7.978520542383193970e-02 3.436917904764413834e-03 9.999940991401672363e-01 2.750938001554459333e-04
-9.996396303176879883e-01 3.468691371381282806e-03 2.662042342126369476e-02 3.467462258413434029e-03 9.999939799308776855e-01 -9.233858872903510928e-05
-9.996396303176879883e-01 3.468635957688093185e-03 2.662042342126369476e-02 3.467406844720244408e-03 9.999939799308776855e-01 -9.233711170963943005e-05
-9.911469221115112305e-01 3.478229744359850883e-03 1.327245235443115234e-01 3.447457449510693550e-03 9.999939799308776855e-01 -4.616491787601262331e-04
-9.911468625068664551e-01 3.479054896160960197e-03 1.327245235443115234e-01 3.448275616392493248e-03 9.999939799308776855e-01 -4.617587255779653788e-04
-9.714239835739135742e-01 3.487288020551204681e-03 2.373253852128982544e-01 3.387655830010771751e-03 9.999939203262329102e-01 -8.276270236819982529e-04
-9.714239835739135742e-01 3.494549775496125221e-03 2.373253852128982544e-01 3.394710132852196693e-03 9.999939203262329102e-01 -8.293504361063241959e-04
-9.406944513320922852e-01 3.519641701132059097e-03 3.392367064952850342e-01 3.310927888378500938e-03 9.999938011169433594e-01 -1.193999079987406731e-03
-9.406944513320922852e-01 3.532339818775653839e-03 3.392367362976074219e-01 3.322873031720519066e-03 9.999938011169433594e-01 -1.198306796140968800e-03
-8.993065953254699707e-01 3.526204498484730721e-03 4.373044967651367188e-01 3.171158721670508385e-03 9.999938011169433594e-01 -1.542034675367176533e-03
-8.993065953254699707e-01 3.535920986905694008e-03 4.373044669628143311e-01 3.179896855726838112e-03 9.999937415122985840e-01 -1.546283718198537827e-03
-8.477290868759155273e-01 3.547515952959656715e-03 5.304175615310668945e-01 3.007351653650403023e-03 9.999937415122985840e-01 -1.881676726043224335e-03
-8.477290868759155273e-01 3.555696690455079079e-03 5.304175615310668945e-01 3.014286514371633530e-03 9.999936819076538086e-01 -1.886015874333679676e-03
-7.865464687347412109e-01 3.572947112843394279e-03 6.175208091735839844e-01 2.810306847095489502e-03 9.999936223030090332e-01 -2.206383273005485535e-03
-7.865464687347412109e-01 3.577833296731114388e-03 6.175208091735839844e-01 2.814149949699640274e-03 9.999936223030090332e-01 -2.209400525316596031e-03
-7.164521813392639160e-01 3.600040683522820473e-03 6.976270079612731934e-01 2.579273656010627747e-03 9.999935626983642578e-01 -2.511501777917146683e-03
-7.164521217346191406e-01 3.609262406826019287e-03 6.976269483566284180e-01 2.585880458354949951e-03 9.999935030937194824e-01 -2.517935121431946754e-03
-6.382399797439575195e-01 3.639284055680036545e-03 7.698289155960083008e-01 2.322752028703689575e-03 9.999933838844299316e-01 -2.801644615828990936e-03
-6.382399797439575195e-01 3.647912293672561646e-03 7.698288559913635254e-01 2.328259171918034554e-03 9.999933838844299316e-01 -2.808287041261792183e-03
-5.527964234352111816e-01 3.681737929582595825e-03 8.333082795143127441e-01 2.035265322774648666e-03 9.999932646751403809e-01 -3.068043384701013565e-03
-5.527963638305664062e-01 3.691793885082006454e-03 8.333082199096679688e-01 2.040824154391884804e-03 9.999932050704956055e-01 -3.076423192396759987e-03
-4.610893130302429199e-01 3.714708844199776649e-03 8.873459696769714355e-01 1.712824450805783272e-03 9.999930858612060547e-01 -3.296254668384790421e-03
-4.610892832279205322e-01 3.733474994078278542e-03 8.873459100723266602e-01 1.721477368846535683e-03 9.999930262565612793e-01 -3.312906948849558830e-03
-3.641579449176788330e-01 3.759438870474696159e-03 9.313296675682067871e-01 1.369039178825914860e-03 9.999929666519165039e-01 -3.501301631331443787e-03
-3.641579151153564453e-01 3.773787058889865875e-03 9.313296079635620117e-01 1.374264247715473175e-03 9.999929070472717285e-01 -3.514664480462670326e-03
-2.631007432937622070e-01 3.787304274737834930e-03 9.647609591484069824e-01 9.964497294276952744e-04 9.999928474426269531e-01 -3.653869498521089554e-03
-2.631007134914398193e-01 3.799949539825320244e-03 9.647608995437622070e-01 9.997766464948654175e-04 9.999927878379821777e-01 -3.666069125756621361e-03
-1.590622216463088989e-01 3.792600007727742195e-03 9.872612953186035156e-01 6.032637902535498142e-04 9.999928474426269531e-01 -3.744314424693584442e-03
-1.590622216463088989e-01 3.800318343564867973e-03 9.872612953186035156e-01 6.044914480298757553e-04 9.999927878379821777e-01 -3.751934273168444633e-03
7.299473136663436890e-02 1.245165010914206505e-03 -9.973315596580505371e-01 -9.089055674849078059e-05 9.999992251396179199e-01 1.241843332536518574e-03
7.299473136663436890e-02 1.246534287929534912e-03 -9.973315596580505371e-01 -9.099050657823681831e-05 9.999992251396179199e-01 1.243209000676870346e-03
-7.299478352069854736e-02 5.448752199299633503e-04 -9.973322153091430664e-01 3.977305459557101130e-05 9.999998807907104492e-01 5.434216582216322422e-04
-7.299478352069854736e-02 5.437809159047901630e-04 -9.973322153091430664e-01 3.969317549490369856e-05 9.999998807907104492e-01 5.423302645795047283e-04
-2.174304127693176270e-01 4.777740396093577147e-04 -9.760757088661193848e-01 1.038826230796985328e-04 9.999998807907104492e-01 4.663436848204582930e-04
-2.174304127693176270e-01 4.764340119436383247e-04 -9.760757088661193848e-01 1.035912573570385575e-04 9.999998807907104492e-01 4.650357295759022236e-04
-3.572305142879486084e-01 4.675950913224369287e-04 -9.340161681175231934e-01 1.670392230153083801e-04 9.999998807907104492e-01 4.367413639556616545e-04
-3.572305142879486084e-01 4.541859671007841825e-04 -9.340161681175231934e-01 1.622490963200107217e-04 9.999999403953552246e-01 4.242170543875545263e-04
-4.894177913665771484e-01 4.449140105862170458e-04 -8.720493912696838379e-01 2.177488495362922549e-04 9.999999403953552246e-01 3.879870346281677485e-04
-4.894177913665771484e-01 4.397440643515437841e-04 -8.720493912696838379e-01 2.152185770682990551e-04 9.999999403953552246e-01 3.834785602521151304e-04
-6.111740469932556152e-01 4.196582012809813023e-04 -7.914962172508239746e-01 2.564841706771403551e-04 9.999999403953552246e-01 3.321578551549464464e-04
-6.111740469932556152e-01 4.140874079894274473e-04 -7.914962172508239746e-01 2.530794590711593628e-04 9.999999403953552246e-01 3.277485957369208336e-04
-7.199034094810485840e-01 4.017432802356779575e-04 -6.940741539001464844e-01 2.892163756769150496e-04 9.999999403953552246e-01 2.788396377582103014e-04
-7.199034094810485840e-01 3.948938974644988775e-04 -6.940741539001464844e-01 2.842854883056133986e-04 9.999999403953552246e-01 2.740856725722551346e-04
-8.132897019386291504e-01 3.905958437826484442e-04 -5.818589329719543457e-01 3.176676109433174133e-04 9.999999403953552246e-01 2.272717101732268929e-04
-8.132897019386291504e-01 3.835562965832650661e-04 -5.818589329719543457e-01 3.119424218311905861e-04 9.999999403953552246e-01 2.231756807304918766e-04
-8.893421292304992676e-01 3.491250390652567148e-04 -4.572422504425048828e-01 3.104916249867528677e-04 9.999999403953552246e-01 1.596347283339127898e-04
-8.893421292304992676e-01 3.441423468757420778e-04 -4.572422504425048828e-01 3.060603048652410507e-04 9.999999403953552246e-01 1.573564368300139904e-04
-9.464398026466369629e-01 2.935546508524566889e-04 -3.228803277015686035e-01 2.778318012133240700e-04 1.000000000000000000e+00 9.478301944909617305e-05
-9.464398026466369629e-01 2.945494488812983036e-04 -3.228803277015686035e-01 2.787733101285994053e-04 1.000000000000000000e+00 9.510422387393191457e-05
-9.833656549453735352e-01 2.864478155970573425e-04 -1.816370040178298950e-01 2.816829364746809006e-04 1.000000000000000000e+00 5.202952161198481917e-05
-9.833656549453735352e-01 2.889698662329465151e-04 -1.816370040178298950e-01 2.841630484908819199e-04 1.000000000000000000e+00 5.248761954135261476e-05
-9.993328452110290527e-01 2.743289514910429716e-04 -3.652195632457733154e-02 2.741459757089614868e-04 1.000000000000000000e+00 1.001903183350805193e-05
-9.993328452110290527e-01 2.810437581501901150e-04 -3.652195632457733154e-02 2.808563003782182932e-04 1.000000000000000000e+00 1.026426980388350785e-05
-9.940009713172912598e-01 2.967555192299187183e-04 1.093712076544761658e-01 2.949752670247107744e-04 1.000000000000000000e+00 -3.245651168981567025e-05
-9.940009117126464844e-01 3.152116842102259398e-04 1.093712002038955688e-01 3.133207210339605808e-04 9.999999403953552246e-01 -3.447508424869738519e-05
-9.674836397171020508e-01 3.435308462940156460e-04 2.529333233833312988e-01 3.323605051264166832e-04 9.999999403953552246e-01 -8.689040987519547343e-05
-9.674836397171020508e-01 4.195001965854316950e-04 2.529333233833312988e-01 4.058596096001565456e-04 9.999999403953552246e-01 -1.061055882018990815e-04
-9.203460812568664551e-01 4.712845548056066036e-04 3.911047577857971191e-01 4.337448917794972658e-04 9.999998807907104492e-01 -1.843216305132955313e-04
-9.203460216522216797e-01 5.183554021641612053e-04 3.911047279834747314e-01 4.770663799718022346e-04 9.999998807907104492e-01 -2.027312730206176639e-04
-8.535929918289184570e-01 5.510575138032436371e-04 5.209403038024902344e-01 4.703788727056235075e-04 9.999998807907104492e-01 -2.870681055355817080e-04
-8.535929322242736816e-01 5.842393147759139538e-04 5.209402441978454590e-01 4.987026331946253777e-04 9.999998211860656738e-01 -3.043538308702409267e-04
-7.686470150947570801e-01 6.819125264883041382e-04 6.396728754043579102e-01 5.241501494310796261e-04 9.999997615814208984e-01 -4.362010804470628500e-04
-7.686470150947570801e-01 7.197202066890895367e-04 6.396728754043579102e-01 5.532109062187373638e-04 9.999997615814208984e-01 -4.603856359608471394e-04
-6.673187017440795898e-01 8.598559652455151081e-04 7.447718381881713867e-01 5.737981991842389107e-04 9.999996423721313477e-01 -6.403967272490262985e-04
-6.673187017440795898e-01 8.771330467425286770e-04 7.447718381881713867e-01 5.853275069966912270e-04 9.999996423721313477e-01 -6.532642291858792305e-04
-5.517674684524536133e-01 9.393275249749422073e-04 8.339974880218505859e-01 5.182906170375645161e-04 9.999995827674865723e-01 -7.833971176296472549e-04
-5.517674684524536133e-01 9.693231550045311451e-04 8.339974284172058105e-01 5.348412087187170982e-04 9.999995231628417969e-01 -8.084134315140545368e-04
-4.244563877582550049e-01 1.000029849819839001e-03 9.054479002952575684e-01 4.244692681822925806e-04 9.999995231628417969e-01 -9.054753463715314865e-04
-4.244563579559326172e-01 1.012692926451563835e-03 9.054478406906127930e-01 4.298442217987030745e-04 9.999995231628417969e-01 -9.169411496259272099e-04
-2.880989909172058105e-01 1.026540878228843212e-03 9.576001167297363281e-01 2.957454707939177752e-04 9.999994635581970215e-01 -9.830160997807979584e-04
-2.880989909172058105e-01 1.037384034134447575e-03 9.576001167297363281e-01 2.988693886436522007e-04 9.999994635581970215e-01 -9.933994151651859283e-04
-1.456012576818466187e-01 1.039774389937520027e-03 9.893428683280944824e-01 1.513925089966505766e-04 9.999994635581970215e-01 -1.028693746775388718e-03
-1.456012427806854248e-01 1.054058200679719448e-03 9.893428087234497070e-01 1.534722687210887671e-04 9.999994635581970215e-01 -1.042825519107282162e-03
0.000000000000000000e+00 1.048777136020362377e-03 9.999994635581970215e-01 0.000000000000000000e+00 9.999994635581970215e-01 -1.048777136020362377e-03
0.000000000000000000e+00 1.062607509084045887e-03 9.999994635581970215e-01 -0.000000000000000000e+00 9.999994635581970215e-01 -1.062607509084045887e-03
1.456012278795242310e-01 1.088477787561714649e-03 9.893427491188049316e-01 -1.584838028065860271e-04 9.999994039535522461e-01 -1.076878281310200691e-03
1.456012278795242310e-01 1.097720465622842312e-03 9.893427491188049316e-01 -1.598295493749901652e-04 9.999994039535522461e-01 -1.086022472009062767e-03
2.880989313125610352e-01 1.111103221774101257e-03 9.575999975204467773e-01 -3.201078507117927074e-04 9.999994039535522461e-01 -1.063993084244430065e-03
2.880989313125610352e-01 1.117030973546206951e-03 9.575999975204467773e-01 -3.218156343791633844e-04 9.999994039535522461e-01 -1.069669495336711407e-03
4.244563579559326172e-01 1.115737832151353359e-03 9.054477810859680176e-01 -4.735822731163352728e-04 9.999994039535522461e-01 -1.010242966003715992e-03
4.244563281536102295e-01 1.120726345106959343e-03 9.054477214813232422e-01 -4.756997223012149334e-04 9.999994039535522461e-01 -1.014759880490601063e-03
5.517674088478088379e-01 1.132622826844453812e-03 8.339972496032714844e-01 -6.249447469599545002e-04 9.999993443489074707e-01 -9.446049225516617298e-04
5.517674088478088379e-01 1.136470236815512180e-03 8.339972496032714844e-01 -6.270676385611295700e-04 9.999993443489074707e-01 -9.478136780671775341e-04
6.673183441162109375e-01 1.109631615690886974e-03 7.447717785835266113e-01 -7.404779898934066296e-04 9.999994039535522461e-01 -8.264227653853595257e-04
6.673183441162109375e-01 1.111085759475827217e-03 7.447717785835266113e-01 -7.414483698084950447e-04 9.999994039535522461e-01 -8.275057771243155003e-04
7.686469554901123047e-01 1.090695615857839584e-03 6.396722793579101562e-01 -8.383603999391198158e-04 9.999994039535522461e-01 -6.976881413720548153e-04
7.686469554901123047e-01 1.095309620723128319e-03 6.396722793579101562e-01 -8.419069345109164715e-04 9.999994039535522461e-01 -7.006396190263330936e-04
8.535923361778259277e-01 1.063909498043358326e-03 5.209404826164245605e-01 -9.081455064006149769e-04 9.999994635581970215e-01 -5.542338476516306400e-04
8.535923361778259277e-01 1.070729806087911129e-03 5.209405422210693359e-01 -9.139672038145363331e-04 9.999994635581970215e-01 -5.577868432737886906e-04
9.203459024429321289e-01 1.053949934430420399e-03 3.911041021347045898e-01 -9.699990041553974152e-04 9.999994635581970215e-01 -4.122043610550463200e-04
9.203459024429321289e-01 1.053721760399639606e-03 3.911041021347045898e-01 -9.697889909148216248e-04 9.999994635581970215e-01 -4.121151287108659744e-04
9.674831032752990723e-01 1.030616462230682373e-03 2.529336214065551758e-01 -9.971045656129717827e-04 9.999994635581970215e-01 -2.606777125038206577e-04
9.674831628799438477e-01 1.018992159515619278e-03 2.529336512088775635e-01 -9.858582634478807449e-04 9.999995231628417969e-01 -2.577375271357595921e-04
9.940004944801330566e-01 1.005299272947013378e-03 1.093713715672492981e-01 -9.992684936150908470e-04 9.999995231628417969e-01 -1.099510118365287781e-04
9.940004944801330566e-01 1.000855001620948315e-03 1.093713715672492981e-01 -9.948508813977241516e-04 9.999995231628417969e-01 -1.094649342121556401e-04
9.993324279785156250e-01 1.002686563879251480e-03 -3.652205318212509155e-02 -1.002017641440033913e-03 9.999995231628417969e-01 3.662018934846855700e-05
9.993324279785156250e-01 9.864013409242033958e-04 -3.652205318212509155e-02 -9.857433615252375603e-04 9.999995231628417969e-01 3.602541983127593994e-05
9.833652377128601074e-01 9.485263726674020290e-04 -1.816368252038955688e-01 -9.327483712695538998e-04 9.999995827674865723e-01 1.722874148981645703e-04
9.833652973175048828e-01 9.429058409295976162e-04 -1.816368401050567627e-01 -9.272212628275156021e-04 9.999995827674865723e-01 1.712665107334032655e-04
9.464393258094787598e-01 9.537519654259085655e-04 -3.228804469108581543e-01 -9.026687475852668285e-04 9.999995827674865723e-01 3.079479793086647987e-04
9.464393258094787598e-01 9.491788805462419987e-04 -3.228804469108581543e-01 -8.983406005427241325e-04 9.999995827674865723e-01 3.064714255742728710e-04
8.893415927886962891e-01 9.979875758290290833e-04 -4.572424292564392090e-01 -8.875522762537002563e-04 9.999995231628417969e-01 4.563224792946130037e-04
8.893415927886962891e-01 9.949154919013381004e-04 -4.572424292564392090e-01 -8.848201250657439232e-04 9.999995231628417969e-01 4.549177829176187515e-04
8.132895231246948242e-01 1.068904064595699310e-03 -5.818583369255065918e-01 -8.693289128132164478e-04 9.999994635581970215e-01 6.219510687515139580e-04
8.132895231246948242e-01 1.068868907168507576e-03 -5.818583369255065918e-01 -8.693002746440470219e-04 9.999994635581970215e-01 6.219305796548724174e-04
7.199031710624694824e-01 1.093369792215526104e-03 -6.940737366676330566e-01 -7.871208363212645054e-04 9.999994039535522461e-01 7.588797016069293022e-04
7.199031710624694824e-01 1.082634902559220791e-03 -6.940737366676330566e-01 -7.793927798047661781e-04 9.999994039535522461e-01 7.514288881793618202e-04
6.111734509468078613e-01 1.108730444684624672e-03 -7.914959192276000977e-01 -6.776269874535501003e-04 9.999994039535522461e-01 8.775561582297086716e-04
6.111734509468078613e-01 1.106132287532091141e-03 -7.914959192276000977e-01 -6.760390824638307095e-04 9.999994039535522461e-01 8.754997397772967815e-04
4.894176125526428223e-01 1.149130519479513168e-03 -8.720488548278808594e-01 -5.624049808830022812e-04 9.999993443489074707e-01 1.002098433673381805e-03
4.894176125526428223e-01 1.143369474448263645e-03 -8.720488548278808594e-01 -5.595854599960148335e-04 9.999993443489074707e-01 9.970745304599404335e-04
3.572303652763366699e-01 1.171685755252838135e-03 -9.340156316757202148e-01 -4.185620055068284273e-04 9.999993443489074707e-01 1.094373525120317936e-03
3.572303652763366699e-01 1.170061761513352394e-03 -9.340156316757202148e-01 -4.179818788543343544e-04 9.999993443489074707e-01 1.092856633476912975e-03
2.174302488565444946e-01 1.228227396495640278e-03 -9.760751128196716309e-01 -2.670539834070950747e-04 9.999992847442626953e-01 1.198843121528625488e-03
2.174302488565444946e-01 1.227873377501964569e-03 -9.760751128196716309e-01 -2.669770037755370140e-04 9.999992847442626953e-01 1.198497484438121319e-03
2.241923473775386810e-03 -0.000000000000000000e+00 -9.999974966049194336e-01 -9.999974966049194336e-01 0.000000000000000000e+00 -2.241923473775386810e-03
2.240214729681611061e-03 0.000000000000000000e+00 -9.999974966049194336e-01 -9.999974966049194336e-01 0.000000000000000000e+00 -2.240214729681611061e-03
2.244884381070733070e-03 -0.000000000000000000e+00 -9.999974966049194336e-01 -9.999974966049194336e-01 0.000000000000000000e+00 -2.244884381070733070e-03
2.241660142317414284e-03 -0.000000000000000000e+00 -9.999974966049194336e-01 -9.999974966049194336e-01 0.000000000000000000e+00 -2.241660142317414284e-03
2.251596422865986824e-03 -0.000000000000000000e+00 -9.999974966049194336e-01 -9.999974966049194336e-01 0.000000000000000000e+00 -2.251596422865986824e-03
2.251330297440290451e-03 -0.000000000000000000e+00 -9.999974966049194336e-01 -9.999974966049194336e-01 0.000000000000000000e+00 -2.251330297440290451e-03
2.255657454952597618e-03 -0.000000000000000000e+00 -9.999974966049194336e-01 -9.999974966049194336e-01 0.000000000000000000e+00 -2.255657454952597618e-03
2.258656313642859459e-03 -0.000000000000000000e+00 -9.999974370002746582e-01 -9.999974370002746582e-01 0.000000000000000000e+00 -2.258656313642859459e-03
2.262439345940947533e-03 -0.000000000000000000e+00 -9.999974370002746582e-01 -9.999974370002746582e-01 0.000000000000000000e+00 -2.262439345940947533e-03
2.260300563648343086e-03 -0.000000000000000000e+00 -9.999974370002746582e-01 -9.999974370002746582e-01 0.000000000000000000e+00 -2.260300563648343086e-03
2.264063339680433273e-03 -0.000000000000000000e+00 -9.999974370002746582e-01 -9.999974370002746582e-01 0.000000000000000000e+00 -2.264063339680433273e-03
2.262819791212677956e-03 -0.000000000000000000e+00 -9.999974370002746582e-01 -9.999974370002746582e-01 0.000000000000000000e+00 -2.262819791212677956e-03
2.263600938022136688e-03 -0.000000000000000000e+00 -9.999974370002746582e-01 -9.999974370002746582e-01 0.000000000000000000e+00 -2.263600938022136688e-03
2.262240508571267128e-03 -0.000000000000000000e+00 -9.999974370002746582e-01 -9.999974370002746582e-01 0.000000000000000000e+00 -2.262240508571267128e-03
2.243111375719308853e-03 0.000000000000000000e+00 -9.999974966049194336e-01 -9.999974966049194336e-01 0.000000000000000000e+00 -2.243111375719308853e-03
2.225129399448633194e-03 0.000000000000000000e+00 -9.999975562095642090e-01 -9.999975562095642090e-01 0.000000000000000000e+00 -2.225129399448633194e-03
2.211997983977198601e-03 0.000000000000000000e+00 -9.999975562095642090e-01 -9.999975562095642090e-01 0.000000000000000000e+00 -2.211997983977198601e-03
2.201040973886847496e-03 0.000000000000000000e+00 -9.999976158142089844e-01 -9.999976158142089844e-01 0.000000000000000000e+00 -2.201040973886847496e-03
2.196341753005981445e-03 0.000000000000000000e+00 -9.999976158142089844e-01 -9.999976158142089844e-01 0.000000000000000000e+00 -2.196341753005981445e-03
2.188734710216522217e-03 0.000000000000000000e+00 -9.999976158142089844e-01 -9.999976158142089844e-01 0.000000000000000000e+00 -2.188734710216522217e-03
2.189194085076451302e-03 0.000000000000000000e+00 -9.999976158142089844e-01 -9.999976158142089844e-01 0.000000000000000000e+00 -2.189194085076451302e-03
2.187596866860985756e-03 0.000000000000000000e+00 -9.999976158142089844e-01 -9.999976158142089844e-01 0.000000000000000000e+00 -2.187596866860985756e-03
2.186011057347059250e-03 0.000000000000000000e+00 -9.999976158142089844e-01 -9.999976158142089844e-01 0.000000000000000000e+00 -2.186011057347059250e-03
2.187728416174650192e-03 0.000000000000000000e+00 -9.999976158142089844e-01 -9.999976158142089844e-01 0.000000000000000000e+00 -2.187728416174650192e-03
1.950898319482803345e-01 -1.734938472509384155e-03 -9.807838797569274902e-01 3.384693700354546309e-04 9.999985098838806152e-01 -1.701602246612310410e-03
1.950898319482803345e-01 -1.736214151605963707e-03 -9.807838797569274902e-01 3.387182368896901608e-04 9.999985098838806152e-01 -1.702853478491306305e-03
-1.950899511575698853e-01 -1.231601578183472157e-03 -9.807845950126647949e-01 -2.402732934569939971e-04 9.999992847442626953e-01 -1.207936904393136501e-03
-1.950899511575698853e-01 -1.233605667948722839e-03 -9.807845950126647949e-01 -2.406642597634345293e-04 9.999992251396179199e-01 -1.209902344271540642e-03
-5.555703639984130859e-01 -1.129469485022127628e-03 -8.314687609672546387e-01 -6.275002378970384598e-04 9.999994039535522461e-01 -9.391192579641938210e-04
-5.555703639984130859e-01 -1.126824528910219669e-03 -8.314687609672546387e-01 -6.260307854972779751e-04 9.999994039535522461e-01 -9.369200561195611954e-04
-8.314689397811889648e-01 -8.919122046791017056e-04 -5.555706620216369629e-01 -7.415975560434162617e-04 9.999996423721313477e-01 -4.955204203724861145e-04
-8.314689397811889648e-01 -8.939018007367849350e-04 -5.555706620216369629e-01 -7.432518759742379189e-04 9.999996423721313477e-01 -4.966257838532328606e-04
-9.807850122451782227e-01 -8.303321665152907372e-04 -1.950901001691818237e-01 -8.143775630742311478e-04 9.999996423721313477e-01 -1.619896211195737123e-04
-9.807850122451782227e-01 -8.222802425734698772e-04 -1.950901001691818237e-01 -8.064803550951182842e-04 9.999997019767761230e-01 -1.604187855264171958e-04
-9.807848930358886719e-01 -8.406369015574455261e-04 1.950905621051788330e-01 -8.244842756539583206e-04 9.999996423721313477e-01 1.640003902139142156e-04
-9.807848930358886719e-01 -8.295684237964451313e-04 1.950905621051788330e-01 -8.136284886859357357e-04 9.999996423721313477e-01 1.618410315131768584e-04
-8.314695954322814941e-01 -9.442085865885019302e-04 5.555694699287414551e-01 -7.850810652598738670e-04 9.999995827674865723e-01 5.245736683718860149e-04
-8.314695954322814941e-01 -9.505840134806931019e-04 5.555695295333862305e-01 -7.903820369392633438e-04 9.999995827674865723e-01 5.281157209537923336e-04
-5.555703639984130859e-01 -1.110038952901959419e-03 8.314688205718994141e-01 -6.167051615193486214e-04 9.999994039535522461e-01 9.229633142240345478e-04
-5.555703639984130859e-01 -1.123216934502124786e-03 8.314687609672546387e-01 -6.240265211090445518e-04 9.999994039535522461e-01 9.339204407297074795e-04
-1.950899511575698853e-01 -1.253419439308345318e-03 9.807845950126647949e-01 -2.445297141093760729e-04 9.999992251396179199e-01 1.229335437528789043e-03
-1.950899511575698853e-01 -1.247983309440314770e-03 9.807845950126647949e-01 -2.434691850794479251e-04 9.999992251396179199e-01 1.224003732204437256e-03
1.950899362564086914e-01 -1.424185815267264843e-03 9.807843565940856934e-01 2.778446068987250328e-04 9.999989867210388184e-01 1.396820647642016411e-03
1.950899362564086914e-01 -1.428788178600370884e-03 9.807843565940856934e-01 2.787424600683152676e-04 9.999989867210388184e-01 1.401334535330533981e-03
5.555699467658996582e-01 -1.615093438886106014e-03 8.314682841300964355e-01 8.972985087893903255e-04 9.999986886978149414e-01 1.342900679446756840e-03
5.555699467658996582e-01 -1.615663990378379822e-03 8.314682841300964355e-01 8.976155077107250690e-04 9.999986886978149414e-01 1.343375071883201599e-03
8.314688801765441895e-01 -1.798862125724554062e-03 5.555684566497802734e-01 1.495700213126838207e-03 9.999983906745910645e-01 9.993927087634801865e-04
8.314688801765441895e-01 -1.795988879166543484e-03 5.555684566497802734e-01 1.493311254307627678e-03 9.999983906745910645e-01 9.977964218705892563e-04
9.807831645011901855e-01 -1.996650826185941696e-03 1.950905919075012207e-01 1.958285691216588020e-03 9.999980330467224121e-01 3.895286645274609327e-04
9.807832241058349609e-01 -2.005525166168808937e-03 1.950906068086624146e-01 1.966989599168300629e-03 9.999980330467224121e-01 3.912599640898406506e-04
9.807833433151245117e-01 -1.994006102904677391e-03 -1.950901448726654053e-01 1.955691725015640259e-03 9.999980330467224121e-01 -3.890117222908884287e-04
9.807833433151245117e-01 -1.996463863179087639e-03 -1.950901448726654053e-01 1.958102220669388771e-03 9.999980330467224121e-01 -3.894912078976631165e-04
8.314678668975830078e-01 -1.926583354361355305e-03 -5.555694699287414551e-01 1.601895084604620934e-03 9.999981522560119629e-01 -1.070352853275835514e-03
8.314678668975830078e-01 -1.924283686093986034e-03 -5.555694699287414551e-01 1.599983079358935356e-03 9.999981522560119629e-01 -1.069075195118784904e-03
5.555698275566101074e-01 -1.749880611896514893e-03 -8.314680457115173340e-01 9.721823735162615776e-04 9.999985098838806152e-01 -1.454972196370363235e-03
5.555698275566101074e-01 -1.747057191096246243e-03 -8.314680457115173340e-01 9.706137934699654579e-04 9.999985098838806152e-01 -1.452624681405723095e-03
-1.205360889434814453e-01 -1.974488142877817154e-03 9.927070140838623047e-01 -2.379975194344297051e-04 9.999980926513671875e-01 1.960091991350054741e-03
-1.205360889434814453e-01 -1.986282179132103920e-03 9.927070140838623047e-01 -2.394191105850040913e-04 9.999980330467224121e-01 1.971799880266189575e-03
1.205361485481262207e-01 -1.693327329121530056e-03 9.927074909210205078e-01 2.041074476437643170e-04 9.999985694885253906e-01 1.680981134995818138e-03
1.205361485481262207e-01 -1.703079091385006905e-03 9.927074909210205078e-01 2.052828931482508779e-04 9.999985694885253906e-01 1.690661767497658730e-03
3.546050190925598145e-01 -1.748087117448449135e-03 9.350146055221557617e-01 6.198814371600747108e-04 9.999985098838806152e-01 1.634489628486335278e-03
3.546050190925598145e-01 -1.754111377522349358e-03 9.350146055221557617e-01 6.220176583155989647e-04 9.999984502792358398e-01 1.640122267417609692e-03
5.680636167526245117e-01 -1.826531603001058102e-03 8.229826092720031738e-01 1.037587877362966537e-03 9.999983310699462891e-01 1.503206207416951656e-03
5.680636167526245117e-01 -1.836695941165089607e-03 8.229826092720031738e-01 1.043361844494938850e-03 9.999983310699462891e-01 1.511571346782147884e-03
7.485095858573913574e-01 -1.906073302961885929e-03 6.631212830543518066e-01 1.426716684363782406e-03 9.999982118606567383e-01 1.263960031792521477e-03
7.485095858573913574e-01 -1.896745641715824604e-03 6.631212830543518066e-01 1.419734791852533817e-03 9.999982118606567383e-01 1.257774652913212776e-03
8.854544758796691895e-01 -1.933719497174024582e-03 4.647222459316253662e-01 1.712223747745156288e-03 9.999981522560119629e-01 8.986441534943878651e-04
8.854544758796691895e-01 -1.936657004989683628e-03 4.647222459316253662e-01 1.714824698865413666e-03 9.999981522560119629e-01 9.000092395581305027e-04
9.709398150444030762e-01 -1.994719961658120155e-03 2.393156141042709351e-01 1.936756889335811138e-03 9.999980330467224121e-01 4.773685941472649574e-04
9.709398150444030762e-01 -1.992323668673634529e-03 2.393156141042709351e-01 1.934430212713778019e-03 9.999980330467224121e-01 4.767951031681150198e-04
2.066034357994794846e-03 9.999978542327880859e-01 0.000000000000000000e+00 -9.999978542327880859e-01 2.066034357994794846e-03 0.000000000000000000e+00
2.089537680149078369e-03 9.999978542327880859e-01 0.000000000000000000e+00 -9.999978542327880859e-01 2.089537680149078369e-03 0.000000000000000000e+00
9.709395170211791992e-01 -2.132245805114507675e-03 -2.393155544996261597e-01 2.070286311209201813e-03 9.999977350234985352e-01 -5.102807190269231796e-04
9.709395170211791992e-01 -2.137962961569428444e-03 -2.393155544996261597e-01 2.075837459415197372e-03 9.999977350234985352e-01 -5.116489483043551445e-04
8.854539990425109863e-01 -2.166033256798982620e-03 -4.647220373153686523e-01 1.917927293106913567e-03 9.999976754188537598e-01 -1.006605685688555241e-03
8.854539990425109863e-01 -2.168891951441764832e-03 -4.647220373153686523e-01 1.920458627864718437e-03 9.999976754188537598e-01 -1.007934217341244221e-03
7.485092878341674805e-01 -2.104210667312145233e-03 -6.631210446357727051e-01 1.575024449266493320e-03 9.999977946281433105e-01 -1.395349274389445782e-03
7.485092878341674805e-01 -2.091026864945888519e-03 -6.631210446357727051e-01 1.565156388096511364e-03 9.999978542327880859e-01 -1.386606832966208458e-03
5.680639147758483887e-01 -2.059802645817399025e-03 -8.229819536209106445e-01 1.170101924799382687e-03 9.999979138374328613e-01 -1.695183804258704185e-03
5.680639147758483887e-01 -2.052830299362540245e-03 -8.229819536209106445e-01 1.166141009889543056e-03 9.999979138374328613e-01 -1.689445576630532742e-03
3.546041846275329590e-01 -2.054047305136919022e-03 -9.350143074989318848e-01 7.283752784132957458e-04 9.999979138374328613e-01 -1.920567709021270275e-03
3.546041548252105713e-01 -2.058517886325716972e-03 -9.350142478942871094e-01 7.299606222659349442e-04 9.999979138374328613e-01 -1.924747833982110023e-03
1.205360665917396545e-01 -2.053190022706985474e-03 -9.927068352699279785e-01 2.474839566275477409e-04 9.999979138374328613e-01 -2.038219943642616272e-03
1.205360665917396545e-01 -2.054366050288081169e-03 -9.927068352699279785e-01 2.476257213857024908e-04 9.999979138374328613e-01 -2.039387589320540428e-03
-1.205360740423202515e-01 -2.027942799031734467e-03 -9.927068948745727539e-01 -2.444407728035002947e-04 9.999979734420776367e-01 -2.013156889006495476e-03
-1.205360740423202515e-01 -2.031316515058279037e-03 -9.927068948745727539e-01 -2.448474115226417780e-04 9.999979734420776367e-01 -2.016505924984812737e-03
-3.546042442321777344e-01 -1.993880374357104301e-03 -9.350144267082214355e-01 -7.070397841744124889e-04 9.999980330467224121e-01 -1.864310586825013161e-03
-3.546042442321777344e-01 -1.990345772355794907e-03 -9.350144267082214355e-01 -7.057863986119627953e-04 9.999980330467224121e-01 -1.861005672253668308e-03
-5.680640339851379395e-01 -1.925442367792129517e-03 -8.229821324348449707e-01 -1.093776430934667587e-03 9.999981522560119629e-01 -1.584607409313321114e-03
-5.680640339851379395e-01 -1.919927191920578480e-03 -8.229821324348449707e-01 -1.090643461793661118e-03 9.999981522560119629e-01 -1.580068492330610752e-03
-7.485095858573913574e-01 -1.863008015789091587e-03 -6.631213426589965820e-01 -1.394481747411191463e-03 9.999982714653015137e-01 -1.235402538441121578e-03
-7.485095858573913574e-01 -1.855842652730643749e-03 -6.631213426589965820e-01 -1.389118493534624577e-03 9.999982714653015137e-01 -1.230650930665433407e-03
-8.854546546936035156e-01 -1.798832789063453674e-03 -4.647223651409149170e-01 -1.592787448316812515e-03 9.999983906745910645e-01 -8.359591593034565449e-04
-8.854546546936035156e-01 -1.790359616279602051e-03 -4.647223651409149170e-01 -1.585284830071032047e-03 9.999983906745910645e-01 -8.320214692503213882e-04
-9.709401726722717285e-01 -1.790883368812501431e-03 -2.393157035112380981e-01 -1.738843391649425030e-03 9.999983906745910645e-01 -4.285871982574462891e-04
-9.709401726722717285e-01 -1.788724097423255444e-03 -2.393157035112380981e-01 -1.736746868118643761e-03 9.999983906745910645e-01 -4.280704597476869822e-04
2.070976188406348228e-03 -9.999978542327880859e-01 0.000000000000000000e+00 -9.999978542327880859e-01 -2.070976188406348228e-03 -0.000000000000000000e+00
2.084598876535892487e-03 -9.999978542327880859e-01 0.000000000000000000e+00 -9.999978542327880859e-01 -2.084598876535892487e-03 -0.000000000000000000e+00
-9.709401726722717285e-01 -1.791383605450391769e-03 2.393157035112380981e-01 -1.739329076372087002e-03 9.999983906745910645e-01 4.287069314159452915e-04
-9.709401726722717285e-01 -1.796439522877335548e-03 2.393157035112380981e-01 -1.744238077662885189e-03 9.999983906745910645e-01 4.299168940633535385e-04
-8.854546546936035156e-01 -1.818283810280263424e-03 4.647223651409149170e-01 -1.610010513104498386e-03 9.999983906745910645e-01 8.449985180050134659e-04
-8.854545950889587402e-01 -1.824199687689542770e-03 4.647223353385925293e-01 -1.615248736925423145e-03 9.999983310699462891e-01 8.477477240376174450e-04
-7.485097050666809082e-01 -1.824237871915102005e-03 6.631214022636413574e-01 -1.365461852401494980e-03 9.999983310699462891e-01 1.209693029522895813e-03
-7.485097050666809082e-01 -1.829185406677424908e-03 6.631214022636413574e-01 -1.369165140204131603e-03 9.999983310699462891e-01 1.212973846122622490e-03
-5.680636167526245117e-01 -1.825946383178234100e-03 8.229826092720031738e-01 -1.037255395203828812e-03 9.999983310699462891e-01 1.502724597230553627e-03
-5.680636763572692871e-01 -1.844262238591909409e-03 8.229826092720031738e-01 -1.047660131007432938e-03 9.999983310699462891e-01 1.517798285931348801e-03
-3.546049296855926514e-01 -1.888363156467676163e-03 9.350143671035766602e-01 -6.696240743622183800e-04 9.999982118606567383e-01 1.765649882145226002e-03
-3.546049296855926514e-01 -1.903413678519427776e-03 9.350143671035766602e-01 -6.749610765837132931e-04 9.999982118606567383e-01 1.779722282662987709e-03
1.882925571408122778e-04 0.000000000000000000e+00 -1.000000000000000000e+00 -1.000000000000000000e+00 0.000000000000000000e+00 -1.882925571408122778e-04
1.885675883386284113e-04 0.000000000000000000e+00 -1.000000000000000000e+00 -1.000000000000000000e+00 0.000000000000000000e+00 -1.885675883386284113e-04
1.864668302005156875e-04 0.000000000000000000e+00 -1.000000000000000000e+00 -1.000000000000000000e+00 0.000000000000000000e+00 -1.864668302005156875e-04
1.888777187559753656e-04 -0.000000000000000000e+00 -1.000000000000000000e+00 -1.000000000000000000e+00 0.000000000000000000e+00 -1.888777187559753656e-04
1.886495156213641167e-04 0.000000000000000000e+00 -1.000000000000000000e+00 -1.000000000000000000e+00 0.000000000000000000e+00 -1.886495156213641167e-04
1.891000865725800395e-04 0.000000000000000000e+00 -1.000000000000000000e+00 -1.000000000000000000e+00 0.000000000000000000e+00 -1.891000865725800395e-04
1.886319514596834779e-04 0.000000000000000000e+00 -1.000000000000000000e+00 -1.000000000000000000e+00 0.000000000000000000e+00 -1.886319514596834779e-04
1.879882765933871269e-04 0.000000000000000000e+00 -1.000000000000000000e+00 -1.000000000000000000e+00 0.000000000000000000e+00 -1.879882765933871269e-04
1.868706021923571825e-04 0.000000000000000000e+00 -1.000000000000000000e+00 -1.000000000000000000e+00 0.000000000000000000e+00 -1.868706021923571825e-04
1.851531415013596416e-04 0.000000000000000000e+00 -1.000000000000000000e+00 -1.000000000000000000e+00 0.000000000000000000e+00 -1.851531415013596416e-04
1.849688123911619186e-04 0.000000000000000000e+00 -1.000000000000000000e+00 -1.000000000000000000e+00 0.000000000000000000e+00 -1.849688123911619186e-04
1.877717586467042565e-04 0.000000000000000000e+00 -1.000000000000000000e+00 -1.000000000000000000e+00 0.000000000000000000e+00 -1.877717586467042565e-04
1.864580553956329823e-04 0.000000000000000000e+00 -1.000000000000000000e+00 -1.000000000000000000e+00 0.000000000000000000e+00 -1.864580553956329823e-04
1.863673533080145717e-04 0.000000000000000000e+00 -1.000000000000000000e+00 -1.000000000000000000e+00 0.000000000000000000e+00 -1.863673533080145717e-04
1.839740289142355323e-04 0.000000000000000000e+00 -1.000000000000000000e+00 -1.000000000000000000e+00 0.000000000000000000e+00 -1.839740289142355323e-04
1.849307736847549677e-04 0.000000000000000000e+00 -1.000000000000000000e+00 -1.000000000000000000e+00 0.000000000000000000e+00 -1.849307736847549677e-04
1.828329404816031456e-04 0.000000000000000000e+00 -1.000000000000000000e+00 -1.000000000000000000e+00 0.000000000000000000e+00 -1.828329404816031456e-04
1.850009866757318377e-04 0.000000000000000000e+00 -1.000000000000000000e+00 -1.000000000000000000e+00 0.000000000000000000e+00 -1.850009866757318377e-04
1.819873868953436613e-04 0.000000000000000000e+00 -1.000000000000000000e+00 -1.000000000000000000e+00 0.000000000000000000e+00 -1.819873868953436613e-04
1.813466224120929837e-04 0.000000000000000000e+00 -1.000000000000000000e+00 -1.000000000000000000e+00 0.000000000000000000e+00 -1.813466224120929837e-04
1.800241443561390042e-04 0.000000000000000000e+00 -1.000000000000000000e+00 -1.000000000000000000e+00 0.000000000000000000e+00 -1.800241443561390042e-04
1.792166149243712425e-04 0.000000000000000000e+00 -1.000000000000000000e+00 -1.000000000000000000e+00 0.000000000000000000e+00 -1.792166149243712425e-04
1.752550306264311075e-04 0.000000000000000000e+00 -1.000000000000000000e+00 -1.000000000000000000e+00 0.000000000000000000e+00 -1.752550306264311075e-04
1.736370468279346824e-04 0.000000000000000000e+00 -1.000000000000000000e+00 -1.000000000000000000e+00 0.000000000000000000e+00 -1.736370468279346824e-04
1.704010646790266037e-04 0.000000000000000000e+00 -1.000000000000000000e+00 -1.000000000000000000e+00 0.000000000000000000e+00 -1.704010646790266037e-04
1.670334313530474901e-04 0.000000000000000000e+00 -1.000000000000000000e+00 -1.000000000000000000e+00 0.000000000000000000e+00 -1.670334313530474901e-04
1.669368793955072761e-04 0.000000000000000000e+00 -1.000000000000000000e+00 -1.000000000000000000e+00 0.000000000000000000e+00 -1.669368793955072761e-04
1.662902650423347950e-04 0.000000000000000000e+00 -1.000000000000000000e+00 -1.000000000000000000e+00 0.000000000000000000e+00 -1.662902650423347950e-04
1.654681109357625246e-04 0.000000000000000000e+00 -1.000000000000000000e+00 -1.000000000000000000e+00 0.000000000000000000e+00 -1.654681109357625246e-04
1.652457431191578507e-04 0.000000000000000000e+00 -1.000000000000000000e+00 -1.000000000000000000e+00 0.000000000000000000e+00 -1.652457431191578507e-04
1.680721034063026309e-04 0.000000000000000000e+00 -1.000000000000000000e+00 -1.000000000000000000e+00 0.000000000000000000e+00 -1.680721034063026309e-04
1.728090282995253801e-04 0.000000000000000000e+00 -1.000000000000000000e+00 -1.000000000000000000e+00 0.000000000000000000e+00 -1.728090282995253801e-04
1.757494901539757848e-04 0.000000000000000000e+00 -1.000000000000000000e+00 -1.000000000000000000e+00 0.000000000000000000e+00 -1.757494901539757848e-04
1.756149140419438481e-04 0.000000000000000000e+00 -1.000000000000000000e+00 -1.000000000000000000e+00 -0.000000000000000000e+00 -1.756149140419438481e-04
1.745089393807575107e-04 0.000000000000000000e+00 -1.000000000000000000e+00 -1.000000000000000000e+00 0.000000000000000000e+00 -1.745089393807575107e-04
1.749302609823644161e-04 0.000000000000000000e+00 -1.000000000000000000e+00 -1.000000000000000000e+00 -0.000000000000000000e+00 -1.749302609823644161e-04
1.719605352263897657e-04 0.000000000000000000e+00 -1.000000000000000000e+00 -1.000000000000000000e+00 0.000000000000000000e+00 -1.719605352263897657e-04
1.699153799563646317e-04 0.000000000000000000e+00 -1.000000000000000000e+00 -1.000000000000000000e+00 -0.000000000000000000e+00 -1.699153799563646317e-04
1.566086721140891314e-04 0.000000000000000000e+00 -1.000000000000000000e+00 -1.000000000000000000e+00 0.000000000000000000e+00 -1.566086721140891314e-04
1.565091952215880156e-04 0.000000000000000000e+00 -1.000000000000000000e+00 -1.000000000000000000e+00 -0.000000000000000000e+00 -1.565091952215880156e-04
1.430474221706390381e-04 0.000000000000000000e+00 -1.000000000000000000e+00 -1.000000000000000000e+00 0.000000000000000000e+00 -1.430474221706390381e-04
1.491975272074341774e-04 -0.000000000000000000e+00 -1.000000000000000000e+00 -1.000000000000000000e+00 0.000000000000000000e+00 -1.491975272074341774e-04
1.445542293367907405e-04 0.000000000000000000e+00 -1.000000000000000000e+00 -1.000000000000000000e+00 0.000000000000000000e+00 -1.445542293367907405e-04
1.575800561113283038e-04 -0.000000000000000000e+00 -1.000000000000000000e+00 -1.000000000000000000e+00 0.000000000000000000e+00 -1.575800561113283038e-04
1.646342425374314189e-04 0.000000000000000000e+00 -1.000000000000000000e+00 -1.000000000000000000e+00 0.000000000000000000e+00 -1.646342425374314189e-04
1.822916674427688122e-04 -0.000000000000000000e+00 -1.000000000000000000e+00 -1.000000000000000000e+00 0.000000000000000000e+00 -1.822916674427688122e-04
1.881667412817478180e-04 0.000000000000000000e+00 -1.000000000000000000e+00 -1.000000000000000000e+00 0.000000000000000000e+00 -1.881667412817478180e-04
1.836989977164193988e-04 -0.000000000000000000e+00 -1.000000000000000000e+00 -1.000000000000000000e+00 0.000000000000000000e+00 -1.836989977164193988e-04
1.914787862915545702e-04 0.000000000000000000e+00 -1.000000000000000000e+00 -1.000000000000000000e+00 0.000000000000000000e+00 -1.914787862915545702e-04
1.904225646285340190e-04 -0.000000000000000000e+00 -1.000000000000000000e+00 -1.000000000000000000e+00 0.000000000000000000e+00 -1.904225646285340190e-04
1.909053244162350893e-04 0.000000000000000000e+00 -1.000000000000000000e+00 -1.000000000000000000e+00 0.000000000000000000e+00 -1.909053244162350893e-04
1.865194935817271471e-04 -0.000000000000000000e+00 -1.000000000000000000e+00 -1.000000000000000000e+00 0.000000000000000000e+00 -1.865194935817271471e-04
1.854954607551917434e-04 0.000000000000000000e+00 -1.000000000000000000e+00 -1.000000000000000000e+00 -0.000000000000000000e+00 -1.854954607551917434e-04
1.831372355809435248e-04 -0.000000000000000000e+00 -1.000000000000000000e+00 -1.000000000000000000e+00 0.000000000000000000e+00 -1.831372355809435248e-04
-6.403952240943908691e-01 -1.039110822603106499e-03 7.680448293685913086e-01 -6.654419703409075737e-04 9.999994635581970215e-01 7.980841328389942646e-04
-6.403952240943908691e-01 -1.045433571562170982e-03 7.680448293685913086e-01 -6.694910116493701935e-04 9.999994635581970215e-01 8.029402815736830235e-04
1.480601876974105835e-01 0.000000000000000000e+00 9.889783859252929688e-01 -9.889783859252929688e-01 0.000000000000000000e+00 1.480601876974105835e-01
1.480587422847747803e-01 0.000000000000000000e+00 9.889785647392272949e-01 -9.889785647392272949e-01 0.000000000000000000e+00 1.480587422847747803e-01
1.480818688869476318e-01 0.000000000000000000e+00 9.889751076698303223e-01 -9.889751076698303223e-01 0.000000000000000000e+00 1.480818688869476318e-01
1.480964422225952148e-01 0.000000000000000000e+00 9.889729619026184082e-01 -9.889729619026184082e-01 0.000000000000000000e+00 1.480964422225952148e-01
1.481233239173889160e-01 0.000000000000000000e+00 9.889689087867736816e-01 -9.889689087867736816e-01 0.000000000000000000e+00 1.481233239173889160e-01
1.481580138206481934e-01 0.000000000000000000e+00 9.889637231826782227e-01 -9.889637231826782227e-01 -0.000000000000000000e+00 1.481580138206481934e-01
1.481773108243942261e-01 0.000000000000000000e+00 9.889608025550842285e-01 -9.889608025550842285e-01 0.000000000000000000e+00 1.481773108243942261e-01
1.482293903827667236e-01 0.000000000000000000e+00 9.889530539512634277e-01 -9.889530539512634277e-01 0.000000000000000000e+00 1.482293903827667236e-01
1.482492089271545410e-01 0.000000000000000000e+00 9.889500141143798828e-01 -9.889500141143798828e-01 0.000000000000000000e+00 1.482492089271545410e-01
1.482757031917572021e-01 0.000000000000000000e+00 9.889460802078247070e-01 -9.889460802078247070e-01 0.000000000000000000e+00 1.482757031917572021e-01
1.482834219932556152e-01 0.000000000000000000e+00 9.889449477195739746e-01 -9.889449477195739746e-01 0.000000000000000000e+00 1.482834219932556152e-01
1.482792794704437256e-01 0.000000000000000000e+00 9.889455437660217285e-01 -9.889455437660217285e-01 0.000000000000000000e+00 1.482792794704437256e-01
1.482823193073272705e-01 0.000000000000000000e+00 9.889450669288635254e-01 -9.889450669288635254e-01 0.000000000000000000e+00 1.482823193073272705e-01
1.482622623443603516e-01 0.000000000000000000e+00 9.889481067657470703e-01 -9.889481067657470703e-01 0.000000000000000000e+00 1.482622623443603516e-01
1.482488960027694702e-01 0.000000000000000000e+00 9.889500737190246582e-01 -9.889500737190246582e-01 -0.000000000000000000e+00 1.482488960027694702e-01
1.482244431972503662e-01 0.000000000000000000e+00 9.889537692070007324e-01 -9.889537692070007324e-01 0.000000000000000000e+00 1.482244431972503662e-01
1.482012718915939331e-01 0.000000000000000000e+00 9.889572262763977051e-01 -9.889572262763977051e-01 0.000000000000000000e+00 1.482012718915939331e-01
1.481737196445465088e-01 0.000000000000000000e+00 9.889613986015319824e-01 -9.889613986015319824e-01 0.000000000000000000e+00 1.481737196445465088e-01
1.481238156557083130e-01 0.000000000000000000e+00 9.889688491821289062e-01 -9.889688491821289062e-01 -0.000000000000000000e+00 1.481238156557083130e-01
1.480950564146041870e-01 0.000000000000000000e+00 9.889731407165527344e-01 -9.889731407165527344e-01 -0.000000000000000000e+00 1.480950564146041870e-01
1.480757147073745728e-01 0.000000000000000000e+00 9.889760613441467285e-01 -9.889760613441467285e-01 0.000000000000000000e+00 1.480757147073745728e-01
1.480666697025299072e-01 -0.000000000000000000e+00 9.889774322509765625e-01 -9.889774322509765625e-01 0.000000000000000000e+00 1.480666697025299072e-01
6.403951644897460938e-01 -1.694325008429586887e-03 -7.680438160896301270e-01 1.085039111785590649e-03 9.999985694885253906e-01 -1.301317708566784859e-03
6.403951644897460938e-01 -1.696332124993205070e-03 -7.680438160896301270e-01 1.086324453353881836e-03 9.999985694885253906e-01 -1.302859163843095303e-03
-3.449483513832092285e-01 -1.219336409121751785e-03 -9.386209249496459961e-01 -4.206083831377327442e-04 9.999992847442626953e-01 -1.144495443440973759e-03
-3.449483513832092285e-01 -1.219904050230979919e-03 -9.386209249496459961e-01 -4.208041937090456486e-04 9.999992847442626953e-01 -1.145028276368975639e-03
3.449482023715972900e-01 -1.531084184534847736e-03 9.386205077171325684e-01 5.281453486531972885e-04 9.999988675117492676e-01 1.437108614481985569e-03
3.449482023715972900e-01 -1.529211644083261490e-03 9.386205077171325684e-01 5.274994182400405407e-04 9.999988675117492676e-01 1.435351092368364334e-03
9.853423237800598145e-01 -2.070829737931489944e-03 1.705762445926666260e-01 2.040480496361851692e-03 9.999978542327880859e-01 3.532351402100175619e-04
9.853423237800598145e-01 -2.064261352643370628e-03 1.705762445926666260e-01 2.034008502960205078e-03 9.999979138374328613e-01 3.521147591527551413e-04
-9.853441715240478516e-01 -7.082223892211914062e-04 -1.705765128135681152e-01 -6.978429737500846386e-04 9.999997615814208984e-01 -1.208061366924084723e-04
-9.853441715240478516e-01 -7.141998503357172012e-04 -1.705765128135681152e-01 -7.037328323349356651e-04 9.999997615814208984e-01 -1.218257530126720667e-04
