5.322214215993881226e-02 9.985824227333068848e-01 -7.896323222666978836e-04 -4.202593481750227511e-05 -7.885132217779755592e-04 -9.999997019767761230e-01
5.322214215993881226e-02 9.985824227333068848e-01 -7.951197330839931965e-04 -4.231798811815679073e-05 -7.939928327687084675e-04 -9.999997019767761230e-01
-5.322214588522911072e-02 9.985825419425964355e-01 -6.200288771651685238e-04 3.299927266198210418e-05 -6.191501161083579063e-04 -9.999998211860656738e-01
-5.322214588522911072e-02 9.985825419425964355e-01 -6.250101141631603241e-04 3.326438672957010567e-05 -6.241243099793791771e-04 -9.999998211860656738e-01
-1.590637862682342529e-01 9.872681498527526855e-01 -5.459979875013232231e-04 8.684852946316823363e-05 -5.390465958043932915e-04 -9.999998807907104492e-01
1.590637713670730591e-01 9.872680902481079102e-01 -6.579754990525543690e-04 -1.046601028065197170e-04 -6.495984271168708801e-04 -9.999998211860656738e-01
1.590637713670730591e-01 9.872680902481079102e-01 -6.594691658392548561e-04 -1.048976919264532626e-04 -6.510730599984526634e-04 -9.999998211860656738e-01
2.631023526191711426e-01 9.647679328918457031e-01 -1.479642960475757718e-04 -3.892975291819311678e-05 -1.427512033842504025e-04 -1.000000000000000000e+00
2.631023526191711426e-01 9.647679328918457031e-01 -9.225929534295573831e-05 -2.427363688184414059e-05 -8.900881221052259207e-05 -1.000000000000000000e+00
3.641606569290161133e-01 9.313361644744873047e-01 1.917574845720082521e-04 6.983053026488050818e-05 1.785906788427382708e-04 -1.000000000000000000e+00
3.641606569290161133e-01 9.313361644744873047e-01 2.216273423982784152e-04 8.070795593084767461e-05 2.064095606328919530e-04 -1.000000000000000000e+00
4.610925316810607910e-01 8.873519897460937500e-01 4.502931551542133093e-04 2.076268137898296118e-04 3.995685256086289883e-04 -9.999998807907104492e-01
4.610925018787384033e-01 8.873519301414489746e-01 4.990375600755214691e-04 2.301025087945163250e-04 4.428219981491565704e-04 -9.999998807907104492e-01
5.527999997138977051e-01 8.333136439323425293e-01 7.571401656605303288e-04 4.185472207609564066e-04 6.309354212135076523e-04 -9.999997019767761230e-01
5.527999997138977051e-01 8.333136439323425293e-01 7.742358138784766197e-04 4.279977001715451479e-04 6.451814551837742329e-04 -9.999997019767761230e-01
6.382437944412231445e-01 7.698338031768798828e-01 8.968663169071078300e-04 5.724196089431643486e-04 6.904383189976215363e-04 -9.999996423721313477e-01
6.382437944412231445e-01 7.698338031768798828e-01 9.271107264794409275e-04 5.917228991165757179e-04 7.137214415706694126e-04 -9.999995827674865723e-01
7.164563536643981934e-01 6.976311802864074707e-01 1.062333933077752590e-03 7.611162727698683739e-04 7.411176338791847229e-04 -9.999994635581970215e-01
7.164562940597534180e-01 6.976311206817626953e-01 1.089286757633090019e-03 7.804267806932330132e-04 7.599208038300275803e-04 -9.999994039535522461e-01
7.865508794784545898e-01 6.175240874290466309e-01 1.314461929723620415e-03 1.033892040140926838e-03 8.117125835269689560e-04 -9.999991655349731445e-01
7.865507602691650391e-01 6.175240278244018555e-01 1.413091784343123436e-03 1.111469464376568794e-03 8.726189844310283661e-04 -9.999989867210388184e-01
8.477333784103393555e-01 5.304198861122131348e-01 1.695706741884350777e-03 1.437509199604392052e-03 8.994378731586039066e-04 -9.999985694885253906e-01
8.477333188056945801e-01 5.304198861122131348e-01 1.749226124957203865e-03 1.482879510149359703e-03 9.278256911784410477e-04 -9.999985098838806152e-01
8.993099331855773926e-01 4.373064935207366943e-01 2.169395796954631805e-03 1.950963749550282955e-03 9.486930794082581997e-04 -9.999976754188537598e-01
8.993097543716430664e-01 4.373064041137695312e-01 2.259605331346392632e-03 2.032090211287140846e-03 9.881423320621252060e-04 -9.999974966049194336e-01
9.406967759132385254e-01 3.392376601696014404e-01 2.743015997111797333e-03 2.580355852842330933e-03 9.305378189310431480e-04 -9.999962449073791504e-01
9.406966567039489746e-01 3.392376303672790527e-01 2.781824208796024323e-03 2.616862766444683075e-03 9.437031112611293793e-04 -9.999961256980895996e-01
9.714246988296508789e-01 2.373254597187042236e-01 3.286935621872544289e-03 3.193027572706341743e-03 7.800776511430740356e-04 -9.999946355819702148e-01
9.714245796203613281e-01 2.373254299163818359e-01 3.309660125523805618e-03 3.215102944523096085e-03 7.854708819650113583e-04 -9.999945759773254395e-01
9.911461472511291504e-01 1.327244490385055542e-01 3.683129092678427696e-03 3.650543978437781334e-03 4.888446419499814510e-04 -9.999932050704956055e-01
9.911460280418395996e-01 1.327244341373443604e-01 3.720626235008239746e-03 3.687709337100386620e-03 4.938214551657438278e-04 -9.999930858612060547e-01
9.996376633644104004e-01 2.662031725049018860e-02 4.001006949692964554e-03 3.999589011073112488e-03 1.065089236362837255e-04 -9.999920129776000977e-01
9.996376037597656250e-01 2.662031538784503937e-02 4.009468480944633484e-03 4.008047748357057571e-03 1.067341727321036160e-04 -9.999919533729553223e-01
9.968033432960510254e-01 -7.978529483079910278e-02 4.179526120424270630e-03 4.166202154010534286e-03 -3.334676148369908333e-04 -9.999912977218627930e-01
9.968032836914062500e-01 -7.978528738021850586e-02 4.190111067146062851e-03 4.176753107458353043e-03 -3.343121497891843319e-04 -9.999912381172180176e-01
9.826757907867431641e-01 -1.852873265743255615e-01 4.114768933504819870e-03 4.043517634272575378e-03 -7.624208228662610054e-04 -9.999915361404418945e-01
9.826758503913879395e-01 -1.852873265743255615e-01 4.102682229131460190e-03 4.031640011817216873e-03 -7.601812831126153469e-04 -9.999915957450866699e-01
9.574135541915893555e-01 -2.886893451213836670e-01 4.213260021060705185e-03 4.033868201076984406e-03 -1.216334057971835136e-03 -9.999911189079284668e-01
9.574135541915893555e-01 -2.886893451213836670e-01 4.214342683553695679e-03 4.034904763102531433e-03 -1.216646633110940456e-03 -9.999911189079284668e-01
9.213038086891174316e-01 -3.888205885887145996e-01 4.231254104524850845e-03 3.898305352777242661e-03 -1.645213458687067032e-03 -9.999910593032836914e-01
9.213038086891174316e-01 -3.888205885887145996e-01 4.234884865581989288e-03 3.901650430634617805e-03 -1.646625227294862270e-03 -9.999910593032836914e-01
8.747559189796447754e-01 -4.845467209815979004e-01 4.078737460076808929e-03 3.567929379642009735e-03 -1.976355444639921188e-03 -9.999916553497314453e-01
8.747558593750000000e-01 -4.845466911792755127e-01 4.095416981726884842e-03 3.582520177587866783e-03 -1.984437694773077965e-03 -9.999916553497314453e-01
8.182956576347351074e-01 -5.747827887535095215e-01 4.127829335629940033e-03 3.377813845872879028e-03 -2.372625749558210373e-03 -9.999915361404418945e-01
8.182956576347351074e-01 -5.747827887535095215e-01 4.133417736738920212e-03 3.382386639714241028e-03 -2.375837648287415504e-03 -9.999914765357971191e-01
7.525647878646850586e-01 -6.585054397583007812e-01 4.105092957615852356e-03 3.089374396950006485e-03 -2.703248756006360054e-03 -9.999915957450866699e-01
7.525646686553955078e-01 -6.585053205490112305e-01 4.146603867411613464e-03 3.120614215731620789e-03 -2.730584237724542618e-03 -9.999914169311523438e-01
6.783058047294616699e-01 -7.347682118415832520e-01 4.119458608329296112e-03 2.794276224449276924e-03 -3.026872873306274414e-03 -9.999915361404418945e-01
6.783056855201721191e-01 -7.347680330276489258e-01 4.159413278102874756e-03 2.821377944201231003e-03 -3.056230489164590836e-03 -9.999913573265075684e-01
5.963619947433471680e-01 -8.027043342590332031e-01 4.252066370099782944e-03 2.535794163122773170e-03 -3.413183148950338364e-03 -9.999909996986389160e-01
5.963620543479919434e-01 -8.027043938636779785e-01 4.247066564857959747e-03 2.532812068238854408e-03 -3.409169614315032959e-03 -9.999909996986389160e-01
5.076612234115600586e-01 -8.615460395812988281e-01 4.306296352297067642e-03 2.186160068958997726e-03 -3.710107179358601570e-03 -9.999907612800598145e-01
5.076611638069152832e-01 -8.615459799766540527e-01 4.324459936469793320e-03 2.195381093770265579e-03 -3.725755959749221802e-03 -9.999906420707702637e-01
4.132085144519805908e-01 -9.106262326240539551e-01 4.306765738874673843e-03 1.779608894139528275e-03 -3.921890631318092346e-03 -9.999907612800598145e-01
4.132084548473358154e-01 -9.106261134147644043e-01 4.343597684055566788e-03 1.794828218407928944e-03 -3.955430816859006882e-03 -9.999905824661254883e-01
3.140734434127807617e-01 -9.493889808654785156e-01 4.300689324736595154e-03 1.350744743831455708e-03 -4.083064850419759750e-03 -9.999907612800598145e-01
3.140734136104583740e-01 -9.493889212608337402e-01 4.318347666412591934e-03 1.356290769763290882e-03 -4.099829588085412979e-03 -9.999907016754150391e-01
2.113811522722244263e-01 -9.773946404457092285e-01 4.222903866320848465e-03 8.926501031965017319e-04 -4.127480089664459229e-03 -9.999911189079284668e-01
2.113811224699020386e-01 -9.773945212364196777e-01 4.240734037011861801e-03 8.964191074483096600e-04 -4.144907463341951370e-03 -9.999910593032836914e-01
1.062922626733779907e-01 -9.943266510963439941e-01 4.071021918207406998e-03 4.327217175159603357e-04 -4.047959111630916595e-03 -9.999917149543762207e-01
1.062922775745391846e-01 -9.943267703056335449e-01 4.036754369735717773e-03 4.290793440304696560e-04 -4.013886209577322006e-03 -9.999918937683105469e-01
-0.000000000000000000e+00 -3.169112373143434525e-03 -9.999949932098388672e-01 0.000000000000000000e+00 9.999949932098388672e-01 -3.169112373143434525e-03
0.000000000000000000e+00 -3.159176325425505638e-03 -9.999950528144836426e-01 0.000000000000000000e+00 9.999950528144836426e-01 -3.159176325425505638e-03
-1.062924489378929138e-01 -9.943284392356872559e-01 3.596909809857606888e-03 -3.823268634732812643e-04 -3.576533170416951180e-03 -9.999935626983642578e-01
-1.062924340367317200e-01 -9.943283200263977051e-01 3.610166022554039955e-03 -3.837359254248440266e-04 -3.589714411646127701e-03 -9.999935030937194824e-01
-2.113818377256393433e-01 -9.773978590965270996e-01 3.336627269163727760e-03 -7.053063600324094296e-04 -3.261230420321226120e-03 -9.999944567680358887e-01
-2.113818526268005371e-01 -9.773978590965270996e-01 3.342025680467486382e-03 -7.064474630169570446e-04 -3.266506828367710114e-03 -9.999944567680358887e-01
-3.140746653079986572e-01 -9.493927359580993652e-01 3.265275387093424797e-03 -1.025545760057866573e-03 -3.100045025348663330e-03 -9.999946951866149902e-01
-3.140746355056762695e-01 -9.493926763534545898e-01 3.271129913628101349e-03 -1.027384540066123009e-03 -3.105603391304612160e-03 -9.999946355819702148e-01
-4.132102727890014648e-01 -9.106301069259643555e-01 3.175274236127734184e-03 -1.312062726356089115e-03 -2.891515148803591728e-03 -9.999949932098388672e-01
-4.132103025913238525e-01 -9.106301665306091309e-01 3.172247437760233879e-03 -1.310811843723058701e-03 -2.888758666813373566e-03 -9.999949932098388672e-01
-5.076636672019958496e-01 -8.615501523017883301e-01 2.993443049490451813e-03 -1.519669080153107643e-03 -2.579012885689735413e-03 -9.999955296516418457e-01
-5.076636672019958496e-01 -8.615501523017883301e-01 2.991206245496869087e-03 -1.518533565104007721e-03 -2.577085746452212334e-03 -9.999955296516418457e-01
-5.963650941848754883e-01 -8.027085065841674805e-01 2.777774818241596222e-03 -1.656574546359479427e-03 -2.229752251878380775e-03 -9.999961853027343750e-01
-5.963650941848754883e-01 -8.027085065841674805e-01 2.790739061310887337e-03 -1.664305804297327995e-03 -2.240158617496490479e-03 -9.999961256980895996e-01
-6.783093810081481934e-01 -7.347720861434936523e-01 2.531916368752717972e-03 -1.717427978292107582e-03 -1.860387274064123631e-03 -9.999968409538269043e-01
-6.783094406127929688e-01 -7.347721457481384277e-01 2.512444974854588509e-03 -1.704220194369554520e-03 -1.846080063842236996e-03 -9.999968409538269043e-01
-7.525690197944641113e-01 -6.585091948509216309e-01 2.345088869333267212e-03 -1.764846150763332844e-03 -1.544266822747886181e-03 -9.999972581863403320e-01
-7.525690793991088867e-01 -6.585091948509216309e-01 2.355026779696345329e-03 -1.772325020283460617e-03 -1.550810993649065495e-03 -9.999972581863403320e-01
-8.183009624481201172e-01 -5.747864842414855957e-01 2.008270239457488060e-03 -1.643372932448983192e-03 -1.154329045675694942e-03 -9.999980330467224121e-01
-8.183009624481201172e-01 -5.747864842414855957e-01 2.001537941396236420e-03 -1.637863926589488983e-03 -1.150459516793489456e-03 -9.999980330467224121e-01
-8.747618794441223145e-01 -4.845500588417053223e-01 1.734368735924363136e-03 -1.517161959782242775e-03 -8.403896936215460300e-04 -9.999985098838806152e-01
-8.747619390487670898e-01 -4.845500886440277100e-01 1.691771438345313072e-03 -1.479899394325911999e-03 -8.197491406463086605e-04 -9.999985694885253906e-01
-9.213107228279113770e-01 -3.888235092163085938e-01 1.698440872132778168e-03 -1.564793987199664116e-03 -6.603947258554399014e-04 -9.999985694885253906e-01
-9.213106632232666016e-01 -3.888235092163085938e-01 1.722135813906788826e-03 -1.586624421179294586e-03 -6.696078926324844360e-04 -9.999985098838806152e-01
-9.574207663536071777e-01 -2.886915206909179688e-01 1.644936273805797100e-03 -1.574898255057632923e-03 -4.748797800857573748e-04 -9.999986290931701660e-01
-9.574207663536071777e-01 -2.886915206909179688e-01 1.660804380662739277e-03 -1.590090803802013397e-03 -4.794607812073081732e-04 -9.999986290931701660e-01
-9.826827645301818848e-01 -1.852886229753494263e-01 1.681981841102242470e-03 -1.652856590226292610e-03 -3.116524894721806049e-04 -9.999985694885253906e-01
-9.826827049255371094e-01 -1.852886229753494263e-01 1.690833829343318939e-03 -1.661555375903844833e-03 -3.132926649414002895e-04 -9.999985694885253906e-01
-9.968107342720031738e-01 -7.978588342666625977e-02 1.626038225367665291e-03 -1.620854483917355537e-03 -1.297350681852549314e-04 -9.999986886978149414e-01
-9.968107342720031738e-01 -7.978588342666625977e-02 1.630789833143353462e-03 -1.625590957701206207e-03 -1.301141746807843447e-04 -9.999986886978149414e-01
-9.996445178985595703e-01 2.662049978971481323e-02 1.521925441920757294e-03 -1.521386206150054932e-03 4.051446012454107404e-05 -9.999988675117492676e-01
-9.996444582939147949e-01 2.662049792706966400e-02 1.529095228761434555e-03 -1.528553548268973827e-03 4.070532668265514076e-05 -9.999988675117492676e-01
-9.911521077156066895e-01 1.327252537012100220e-01 1.259263139218091965e-03 -1.248122309334576130e-03 1.671361533226445317e-04 -9.999992251396179199e-01
-9.911521673202514648e-01 1.327252686023712158e-01 1.223107217811048031e-03 -1.212286297231912613e-03 1.623373391339555383e-04 -9.999992847442626953e-01
-9.714294075965881348e-01 2.373266071081161499e-01 1.006259000860154629e-03 -9.775101207196712494e-04 2.388121502008289099e-04 -9.999995231628417969e-01
-9.714294075965881348e-01 2.373266071081161499e-01 1.011886983178555965e-03 -9.829772170633077621e-04 2.401478122919797897e-04 -9.999995231628417969e-01
-9.406999349594116211e-01 3.392388224601745605e-01 8.265599608421325684e-04 -7.775452686473727226e-04 2.804013493005186319e-04 -9.999997019767761230e-01
-9.406999349594116211e-01 3.392388224601745605e-01 8.195745176635682583e-04 -7.709740311838686466e-04 2.780316281132400036e-04 -9.999997019767761230e-01
-8.993118405342102051e-01 4.373074173927307129e-01 6.377177778631448746e-04 -5.735072772949934006e-04 2.788787824101746082e-04 -9.999998211860656738e-01
-8.993119001388549805e-01 4.373074471950531006e-01 6.204831879585981369e-04 -5.580079159699380398e-04 2.713419380597770214e-04 -9.999998211860656738e-01
-8.477345108985900879e-01 5.304206609725952148e-01 4.818248853553086519e-04 -4.084596002940088511e-04 2.555698447395116091e-04 -9.999998807907104492e-01
-8.477345108985900879e-01 5.304206609725952148e-01 4.771376843564212322e-04 -4.044860834255814552e-04 2.530836791265755892e-04 -9.999998807907104492e-01
-7.865514755249023438e-01 6.175245642662048340e-01 3.548977256286889315e-04 -2.791453443933278322e-04 2.191580861108377576e-04 -9.999999403953552246e-01
-7.865514755249023438e-01 6.175245642662048340e-01 3.492464602459222078e-04 -2.747003454715013504e-04 2.156682894565165043e-04 -9.999999403953552246e-01
-7.164567112922668457e-01 6.976315379142761230e-01 2.159892610507085919e-04 -1.547469582874327898e-04 1.506809203419834375e-04 -1.000000000000000000e+00
-7.164567112922668457e-01 6.976315379142761230e-01 1.941259397426620126e-04 -1.390828256262466311e-04 1.354283740511164069e-04 -1.000000000000000000e+00
-6.382440328598022461e-01 7.698341012001037598e-01 8.071906631812453270e-05 -5.151846198714338243e-05 6.214028690010309219e-05 -1.000000000000000000e+00
-6.382440328598022461e-01 7.698341012001037598e-01 6.961698090890422463e-05 -4.443262150743976235e-05 5.359352508094161749e-05 -1.000000000000000000e+00
-5.528001785278320312e-01 8.333138823509216309e-01 -1.756968267727643251e-04 9.712523751659318805e-05 -1.464106026105582714e-04 -1.000000000000000000e+00
-5.528001785278320312e-01 8.333138823509216309e-01 -1.842300262069329619e-04 1.018423936329782009e-04 -1.535214396426454186e-04 -1.000000000000000000e+00
-4.610925316810607910e-01 8.873519897460937500e-01 -2.854756603483110666e-04 1.316307170782238245e-04 -2.533174410928040743e-04 -1.000000000000000000e+00
-4.610925316810607910e-01 8.873519897460937500e-01 -2.683185739442706108e-04 1.237197138834744692e-04 -2.380930527579039335e-04 -1.000000000000000000e+00
-3.641606271266937256e-01 9.313361048698425293e-01 -3.096811124123632908e-04 1.127736832131631672e-04 -2.884172427002340555e-04 -1.000000000000000000e+00
-3.641606271266937256e-01 9.313361048698425293e-01 -3.130443510599434376e-04 1.139984451583586633e-04 -2.915495424531400204e-04 -1.000000000000000000e+00
-2.631023228168487549e-01 9.647678732872009277e-01 -4.179926472716033459e-04 1.099748478736728430e-04 -4.032659053336828947e-04 -9.999999403953552246e-01
-2.631023228168487549e-01 9.647678136825561523e-01 -4.883736255578696728e-04 1.284922473132610321e-04 -4.711672081612050533e-04 -9.999998807907104492e-01
-1.590638011693954468e-01 9.872682094573974609e-01 -5.192967946641147137e-04 8.260132744908332825e-05 -5.126852774992585182e-04 -9.999998807907104492e-01
-2.754626562818884850e-03 9.999962449073791504e-01 0.000000000000000000e+00 -9.999962449073791504e-01 -2.754626562818884850e-03 0.000000000000000000e+00
-2.800490008667111397e-03 9.999960660934448242e-01 0.000000000000000000e+00 -9.999960660934448242e-01 -2.800490008667111397e-03 0.000000000000000000e+00
-2.837689360603690147e-03 9.999960064888000488e-01 0.000000000000000000e+00 -9.999960064888000488e-01 -2.837689360603690147e-03 0.000000000000000000e+00
-2.676662523299455643e-03 9.999964237213134766e-01 0.000000000000000000e+00 -9.999964237213134766e-01 -2.676662523299455643e-03 0.000000000000000000e+00
-2.686990890651941299e-03 9.999964237213134766e-01 -0.000000000000000000e+00 -9.999964237213134766e-01 -2.686990890651941299e-03 0.000000000000000000e+00
-2.637685509398579597e-03 9.999965429306030273e-01 0.000000000000000000e+00 -9.999965429306030273e-01 -2.637685509398579597e-03 0.000000000000000000e+00
-2.698678756132721901e-03 9.999963641166687012e-01 -0.000000000000000000e+00 -9.999963641166687012e-01 -2.698678756132721901e-03 0.000000000000000000e+00
-2.711283508688211441e-03 9.999963641166687012e-01 0.000000000000000000e+00 -9.999963641166687012e-01 -2.711283508688211441e-03 0.000000000000000000e+00
-2.744437195360660553e-03 9.999962449073791504e-01 -0.000000000000000000e+00 -9.999962449073791504e-01 -2.744437195360660553e-03 0.000000000000000000e+00
-2.733338158577680588e-03 9.999963045120239258e-01 0.000000000000000000e+00 -9.999963045120239258e-01 -2.733338158577680588e-03 0.000000000000000000e+00
-2.727214945480227470e-03 9.999963045120239258e-01 -0.000000000000000000e+00 -9.999963045120239258e-01 -2.727214945480227470e-03 0.000000000000000000e+00
-2.769469050690531731e-03 9.999961853027343750e-01 0.000000000000000000e+00 -9.999961853027343750e-01 -2.769469050690531731e-03 0.000000000000000000e+00
-2.777946181595325470e-03 9.999961853027343750e-01 -0.000000000000000000e+00 -9.999961853027343750e-01 -2.777946181595325470e-03 0.000000000000000000e+00
-2.798344939947128296e-03 9.999961256980895996e-01 0.000000000000000000e+00 -9.999961256980895996e-01 -2.798344939947128296e-03 0.000000000000000000e+00
-2.855495549738407135e-03 9.999959468841552734e-01 -0.000000000000000000e+00 -9.999959468841552734e-01 -2.855495549738407135e-03 0.000000000000000000e+00
-2.884178888052701950e-03 9.999958276748657227e-01 0.000000000000000000e+00 -9.999958276748657227e-01 -2.884178888052701950e-03 0.000000000000000000e+00
-2.913764910772442818e-03 9.999957680702209473e-01 -0.000000000000000000e+00 -9.999957680702209473e-01 -2.913764910772442818e-03 0.000000000000000000e+00
-2.920611528679728508e-03 9.999957680702209473e-01 0.000000000000000000e+00 -9.999957680702209473e-01 -2.920611528679728508e-03 0.000000000000000000e+00
-2.938118763267993927e-03 9.999957084655761719e-01 -0.000000000000000000e+00 -9.999957084655761719e-01 -2.938118763267993927e-03 0.000000000000000000e+00
-2.975888783112168312e-03 9.999955892562866211e-01 0.000000000000000000e+00 -9.999955892562866211e-01 -2.975888783112168312e-03 0.000000000000000000e+00
-2.993281465023756027e-03 9.999955296516418457e-01 -0.000000000000000000e+00 -9.999955296516418457e-01 -2.993281465023756027e-03 0.000000000000000000e+00
-3.024425590410828590e-03 9.999954700469970703e-01 0.000000000000000000e+00 -9.999954700469970703e-01 -3.024425590410828590e-03 0.000000000000000000e+00
-2.978529315441846848e-03 9.999955892562866211e-01 -0.000000000000000000e+00 -9.999955892562866211e-01 -2.978529315441846848e-03 0.000000000000000000e+00
-2.940009813755750656e-03 9.999957084655761719e-01 0.000000000000000000e+00 -9.999957084655761719e-01 -2.940009813755750656e-03 0.000000000000000000e+00
-2.939835423603653908e-03 9.999957084655761719e-01 -0.000000000000000000e+00 -9.999957084655761719e-01 -2.939835423603653908e-03 0.000000000000000000e+00
-2.996911061927676201e-03 9.999955296516418457e-01 0.000000000000000000e+00 -9.999955296516418457e-01 -2.996911061927676201e-03 0.000000000000000000e+00
-3.010278800502419472e-03 9.999954700469970703e-01 -0.000000000000000000e+00 -9.999954700469970703e-01 -3.010278800502419472e-03 0.000000000000000000e+00
-3.045829245820641518e-03 9.999953508377075195e-01 0.000000000000000000e+00 -9.999953508377075195e-01 -3.045829245820641518e-03 0.000000000000000000e+00
-3.280409844592213631e-03 9.999946355819702148e-01 -0.000000000000000000e+00 -9.999946355819702148e-01 -3.280409844592213631e-03 0.000000000000000000e+00
-3.380348440259695053e-03 9.999942779541015625e-01 -0.000000000000000000e+00 -9.999942779541015625e-01 -3.380348440259695053e-03 0.000000000000000000e+00
-3.469433868303894997e-03 9.999939799308776855e-01 -0.000000000000000000e+00 -9.999939799308776855e-01 -3.469433868303894997e-03 0.000000000000000000e+00
-3.510741284117102623e-03 9.999938607215881348e-01 0.000000000000000000e+00 -9.999938607215881348e-01 -3.510741284117102623e-03 0.000000000000000000e+00
-3.665029536932706833e-03 9.999933242797851562e-01 -0.000000000000000000e+00 -9.999933242797851562e-01 -3.665029536932706833e-03 0.000000000000000000e+00
-3.664002520963549614e-03 9.999933242797851562e-01 0.000000000000000000e+00 -9.999933242797851562e-01 -3.664002520963549614e-03 0.000000000000000000e+00
-3.726316383108496666e-03 9.999930858612060547e-01 -0.000000000000000000e+00 -9.999930858612060547e-01 -3.726316383108496666e-03 0.000000000000000000e+00
-3.791587892919778824e-03 9.999928474426269531e-01 0.000000000000000000e+00 -9.999928474426269531e-01 -3.791587892919778824e-03 0.000000000000000000e+00
-3.875877941027283669e-03 9.999924898147583008e-01 -0.000000000000000000e+00 -9.999924898147583008e-01 -3.875877941027283669e-03 0.000000000000000000e+00
-3.878473304212093353e-03 9.999924898147583008e-01 0.000000000000000000e+00 -9.999924898147583008e-01 -3.878473304212093353e-03 0.000000000000000000e+00
-3.953028935939073563e-03 9.999921917915344238e-01 -0.000000000000000000e+00 -9.999921917915344238e-01 -3.953028935939073563e-03 0.000000000000000000e+00
-3.917965572327375412e-03 9.999923110008239746e-01 0.000000000000000000e+00 -9.999923110008239746e-01 -3.917965572327375412e-03 0.000000000000000000e+00
-3.906142665073275566e-03 9.999923706054687500e-01 -0.000000000000000000e+00 -9.999923706054687500e-01 -3.906142665073275566e-03 0.000000000000000000e+00
-3.934883046895265579e-03 9.999922513961791992e-01 0.000000000000000000e+00 -9.999922513961791992e-01 -3.934883046895265579e-03 0.000000000000000000e+00
-3.955238033086061478e-03 9.999921917915344238e-01 -0.000000000000000000e+00 -9.999921917915344238e-01 -3.955238033086061478e-03 0.000000000000000000e+00
-4.074889235198497772e-03 9.999917149543762207e-01 0.000000000000000000e+00 -9.999917149543762207e-01 -4.074889235198497772e-03 0.000000000000000000e+00
-4.154359921813011169e-03 9.999913573265075684e-01 -0.000000000000000000e+00 -9.999913573265075684e-01 -4.154359921813011169e-03 0.000000000000000000e+00
-4.165565595030784607e-03 9.999913573265075684e-01 0.000000000000000000e+00 -9.999913573265075684e-01 -4.165565595030784607e-03 0.000000000000000000e+00
-4.193008411675691605e-03 9.999912381172180176e-01 -0.000000000000000000e+00 -9.999912381172180176e-01 -4.193008411675691605e-03 0.000000000000000000e+00
-4.167213570326566696e-03 9.999913573265075684e-01 0.000000000000000000e+00 -9.999913573265075684e-01 -4.167213570326566696e-03 0.000000000000000000e+00
-4.277540370821952820e-03 9.999908804893493652e-01 -0.000000000000000000e+00 -9.999908804893493652e-01 -4.277540370821952820e-03 0.000000000000000000e+00
-4.287540446966886520e-03 9.999908208847045898e-01 0.000000000000000000e+00 -9.999908208847045898e-01 -4.287540446966886520e-03 0.000000000000000000e+00
-4.307681228965520859e-03 9.999907612800598145e-01 -0.000000000000000000e+00 -9.999907612800598145e-01 -4.307681228965520859e-03 0.000000000000000000e+00
-4.276913125067949295e-03 9.999908804893493652e-01 0.000000000000000000e+00 -9.999908804893493652e-01 -4.276913125067949295e-03 0.000000000000000000e+00
-4.302339628338813782e-03 9.999907612800598145e-01 -0.000000000000000000e+00 -9.999907612800598145e-01 -4.302339628338813782e-03 0.000000000000000000e+00
-4.259289707988500595e-03 9.999909400939941406e-01 0.000000000000000000e+00 -9.999909400939941406e-01 -4.259289707988500595e-03 0.000000000000000000e+00
-4.245893098413944244e-03 9.999909996986389160e-01 -0.000000000000000000e+00 -9.999909996986389160e-01 -4.245893098413944244e-03 0.000000000000000000e+00
-4.167682956904172897e-03 9.999913573265075684e-01 0.000000000000000000e+00 -9.999913573265075684e-01 -4.167682956904172897e-03 0.000000000000000000e+00
-4.176693968474864960e-03 9.999912977218627930e-01 -0.000000000000000000e+00 -9.999912977218627930e-01 -4.176693968474864960e-03 0.000000000000000000e+00
-4.138963297009468079e-03 9.999914765357971191e-01 0.000000000000000000e+00 -9.999914765357971191e-01 -4.138963297009468079e-03 0.000000000000000000e+00
-4.243074916303157806e-03 9.999909996986389160e-01 0.000000000000000000e+00 -9.999909996986389160e-01 -4.243074916303157806e-03 0.000000000000000000e+00
-4.213248845189809799e-03 9.999911189079284668e-01 0.000000000000000000e+00 -9.999911189079284668e-01 -4.213248845189809799e-03 0.000000000000000000e+00
-4.211031366139650345e-03 9.999911189079284668e-01 0.000000000000000000e+00 -9.999911189079284668e-01 -4.211031366139650345e-03 0.000000000000000000e+00
-4.159390926361083984e-03 9.999913573265075684e-01 0.000000000000000000e+00 -9.999913573265075684e-01 -4.159390926361083984e-03 0.000000000000000000e+00
-4.108743742108345032e-03 9.999915957450866699e-01 0.000000000000000000e+00 -9.999915957450866699e-01 -4.108743742108345032e-03 0.000000000000000000e+00
-4.033537115901708603e-03 9.999918937683105469e-01 0.000000000000000000e+00 -9.999918937683105469e-01 -4.033537115901708603e-03 0.000000000000000000e+00
-3.998738713562488556e-03 9.999920129776000977e-01 0.000000000000000000e+00 -9.999920129776000977e-01 -3.998738713562488556e-03 0.000000000000000000e+00
-4.009956493973731995e-03 9.999919533729553223e-01 0.000000000000000000e+00 -9.999919533729553223e-01 -4.009956493973731995e-03 0.000000000000000000e+00
-3.975186962634325027e-03 9.999921321868896484e-01 0.000000000000000000e+00 -9.999921321868896484e-01 -3.975186962634325027e-03 0.000000000000000000e+00
-3.929710481315851212e-03 9.999923110008239746e-01 0.000000000000000000e+00 -9.999923110008239746e-01 -3.929710481315851212e-03 0.000000000000000000e+00
-3.849722677841782570e-03 9.999926090240478516e-01 0.000000000000000000e+00 -9.999926090240478516e-01 -3.849722677841782570e-03 0.000000000000000000e+00
-3.790767863392829895e-03 9.999928474426269531e-01 0.000000000000000000e+00 -9.999928474426269531e-01 -3.790767863392829895e-03 0.000000000000000000e+00
-3.743387060239911079e-03 9.999930262565612793e-01 0.000000000000000000e+00 -9.999930262565612793e-01 -3.743387060239911079e-03 0.000000000000000000e+00
-3.668796271085739136e-03 9.999932646751403809e-01 0.000000000000000000e+00 -9.999932646751403809e-01 -3.668796271085739136e-03 0.000000000000000000e+00
-3.618039190769195557e-03 9.999934434890747070e-01 0.000000000000000000e+00 -9.999934434890747070e-01 -3.618039190769195557e-03 0.000000000000000000e+00
-3.560485551133751869e-03 9.999936819076538086e-01 0.000000000000000000e+00 -9.999936819076538086e-01 -3.560485551133751869e-03 0.000000000000000000e+00
-3.542175516486167908e-03 9.999937415122985840e-01 0.000000000000000000e+00 -9.999937415122985840e-01 -3.542175516486167908e-03 0.000000000000000000e+00
-3.525596577674150467e-03 9.999938011169433594e-01 0.000000000000000000e+00 -9.999938011169433594e-01 -3.525596577674150467e-03 0.000000000000000000e+00
-3.462213091552257538e-03 9.999940395355224609e-01 0.000000000000000000e+00 -9.999940395355224609e-01 -3.462213091552257538e-03 0.000000000000000000e+00
-3.410853445529937744e-03 9.999942183494567871e-01 0.000000000000000000e+00 -9.999942183494567871e-01 -3.410853445529937744e-03 0.000000000000000000e+00
-3.375244559720158577e-03 9.999943375587463379e-01 0.000000000000000000e+00 -9.999943375587463379e-01 -3.375244559720158577e-03 0.000000000000000000e+00
-3.348724916577339172e-03 9.999943971633911133e-01 0.000000000000000000e+00 -9.999943971633911133e-01 -3.348724916577339172e-03 0.000000000000000000e+00
-3.392878687009215355e-03 9.999942779541015625e-01 0.000000000000000000e+00 -9.999942779541015625e-01 -3.392878687009215355e-03 0.000000000000000000e+00
-3.369284793734550476e-03 9.999943375587463379e-01 0.000000000000000000e+00 -9.999943375587463379e-01 -3.369284793734550476e-03 0.000000000000000000e+00
-3.368897130712866783e-03 9.999943375587463379e-01 0.000000000000000000e+00 -9.999943375587463379e-01 -3.368897130712866783e-03 0.000000000000000000e+00
-3.373759798705577850e-03 9.999943375587463379e-01 0.000000000000000000e+00 -9.999943375587463379e-01 -3.373759798705577850e-03 0.000000000000000000e+00
-3.391273552551865578e-03 9.999942779541015625e-01 0.000000000000000000e+00 -9.999942779541015625e-01 -3.391273552551865578e-03 0.000000000000000000e+00
-3.356616012752056122e-03 9.999943971633911133e-01 0.000000000000000000e+00 -9.999943971633911133e-01 -3.356616012752056122e-03 0.000000000000000000e+00
-3.316627116873860359e-03 9.999945163726806641e-01 0.000000000000000000e+00 -9.999945163726806641e-01 -3.316627116873860359e-03 0.000000000000000000e+00
-3.320357529446482658e-03 9.999945163726806641e-01 0.000000000000000000e+00 -9.999945163726806641e-01 -3.320357529446482658e-03 0.000000000000000000e+00
-3.286371473222970963e-03 9.999946355819702148e-01 0.000000000000000000e+00 -9.999946355819702148e-01 -3.286371473222970963e-03 0.000000000000000000e+00
-3.275308758020401001e-03 9.999946355819702148e-01 0.000000000000000000e+00 -9.999946355819702148e-01 -3.275308758020401001e-03 0.000000000000000000e+00
-3.180204890668392181e-03 9.999949336051940918e-01 0.000000000000000000e+00 -9.999949336051940918e-01 -3.180204890668392181e-03 0.000000000000000000e+00
-3.181593259796500206e-03 9.999949336051940918e-01 0.000000000000000000e+00 -9.999949336051940918e-01 -3.181593259796500206e-03 0.000000000000000000e+00
-3.157304599881172180e-03 9.999950528144836426e-01 0.000000000000000000e+00 -9.999950528144836426e-01 -3.157304599881172180e-03 0.000000000000000000e+00
-3.149072872474789619e-03 9.999950528144836426e-01 0.000000000000000000e+00 -9.999950528144836426e-01 -3.149072872474789619e-03 0.000000000000000000e+00
-3.102644346654415131e-03 9.999951720237731934e-01 0.000000000000000000e+00 -9.999951720237731934e-01 -3.102644346654415131e-03 0.000000000000000000e+00
-3.097088309004902840e-03 9.999952316284179688e-01 0.000000000000000000e+00 -9.999952316284179688e-01 -3.097088309004902840e-03 0.000000000000000000e+00
-3.062878036871552467e-03 9.999953508377075195e-01 0.000000000000000000e+00 -9.999953508377075195e-01 -3.062878036871552467e-03 0.000000000000000000e+00
-3.069602884352207184e-03 9.999952912330627441e-01 0.000000000000000000e+00 -9.999952912330627441e-01 -3.069602884352207184e-03 0.000000000000000000e+00
-3.087686141952872276e-03 9.999952316284179688e-01 0.000000000000000000e+00 -9.999952316284179688e-01 -3.087686141952872276e-03 0.000000000000000000e+00
-3.043348435312509537e-03 9.999954104423522949e-01 0.000000000000000000e+00 -9.999954104423522949e-01 -3.043348435312509537e-03 0.000000000000000000e+00
-2.998561132699251175e-03 9.999955296516418457e-01 0.000000000000000000e+00 -9.999955296516418457e-01 -2.998561132699251175e-03 0.000000000000000000e+00
-2.999403746798634529e-03 9.999955296516418457e-01 0.000000000000000000e+00 -9.999955296516418457e-01 -2.999403746798634529e-03 0.000000000000000000e+00
-2.978394739329814911e-03 9.999955892562866211e-01 0.000000000000000000e+00 -9.999955892562866211e-01 -2.978394739329814911e-03 0.000000000000000000e+00
-2.970666158944368362e-03 9.999955892562866211e-01 0.000000000000000000e+00 -9.999955892562866211e-01 -2.970666158944368362e-03 0.000000000000000000e+00
-2.937169978395104408e-03 9.999957084655761719e-01 0.000000000000000000e+00 -9.999957084655761719e-01 -2.937169978395104408e-03 0.000000000000000000e+00
-2.935293130576610565e-03 9.999957084655761719e-01 0.000000000000000000e+00 -9.999957084655761719e-01 -2.935293130576610565e-03 0.000000000000000000e+00
-2.917302073910832405e-03 9.999957680702209473e-01 0.000000000000000000e+00 -9.999957680702209473e-01 -2.917302073910832405e-03 0.000000000000000000e+00
-2.934353891760110855e-03 9.999957084655761719e-01 0.000000000000000000e+00 -9.999957084655761719e-01 -2.934353891760110855e-03 0.000000000000000000e+00
-2.927761990576982498e-03 9.999957084655761719e-01 0.000000000000000000e+00 -9.999957084655761719e-01 -2.927761990576982498e-03 0.000000000000000000e+00
-2.930763876065611839e-03 9.999957084655761719e-01 0.000000000000000000e+00 -9.999957084655761719e-01 -2.930763876065611839e-03 0.000000000000000000e+00
-2.911226591095328331e-03 9.999957680702209473e-01 0.000000000000000000e+00 -9.999957680702209473e-01 -2.911226591095328331e-03 0.000000000000000000e+00
-2.903966465964913368e-03 9.999958276748657227e-01 0.000000000000000000e+00 -9.999958276748657227e-01 -2.903966465964913368e-03 0.000000000000000000e+00
-2.897823695093393326e-03 9.999958276748657227e-01 0.000000000000000000e+00 -9.999958276748657227e-01 -2.897823695093393326e-03 0.000000000000000000e+00
-2.878953702747821808e-03 9.999958872795104980e-01 0.000000000000000000e+00 -9.999958872795104980e-01 -2.878953702747821808e-03 0.000000000000000000e+00
5.322214961051940918e-02 9.985826015472412109e-01 -5.242560873739421368e-04 -2.790204052871558815e-05 -5.235130665823817253e-04 -9.999998807907104492e-01
5.322214961051940918e-02 9.985826015472412109e-01 -5.311903078109025955e-04 -2.827109346981160343e-05 -5.304374499246478081e-04 -9.999998807907104492e-01
-5.322214961051940918e-02 9.985826015472412109e-01 -4.559436347335577011e-04 2.426630635454785079e-05 -4.552974714897572994e-04 -9.999999403953552246e-01
-5.322214961051940918e-02 9.985826015472412109e-01 -4.608561284840106964e-04 2.452775697747711092e-05 -4.602029803209006786e-04 -9.999998807907104492e-01
-1.590638011693954468e-01 9.872682094573974609e-01 -4.301143926568329334e-04 6.841564754722639918e-05 -4.246383323334157467e-04 -9.999999403953552246e-01
1.590638011693954468e-01 9.872682690620422363e-01 -2.900136460084468126e-04 -4.613068085745908320e-05 -2.863213303498923779e-04 -1.000000000000000000e+00
1.590638011693954468e-01 9.872682690620422363e-01 -3.038411377929151058e-04 -4.833013008465059102e-05 -2.999727439600974321e-04 -9.999999403953552246e-01
2.631023526191711426e-01 9.647679328918457031e-01 -2.221313188783824444e-04 -5.844327097292989492e-05 -2.143051679013296962e-04 -1.000000000000000000e+00
2.631023526191711426e-01 9.647679328918457031e-01 -2.379483921686187387e-04 -6.260478403419256210e-05 -2.295649755978956819e-04 -1.000000000000000000e+00
3.641606569290161133e-01 9.313361644744873047e-01 -1.170791656477376819e-04 -4.263562732376158237e-05 -1.090400619432330132e-04 -1.000000000000000000e+00
3.641606569290161133e-01 9.313361644744873047e-01 -1.210582995554432273e-04 -4.408467066241428256e-05 -1.127459690906107426e-04 -1.000000000000000000e+00
4.610925614833831787e-01 8.873520493507385254e-01 -1.940012225531972945e-05 -8.945252375269774348e-06 -1.721473745419643819e-05 -1.000000000000000000e+00
4.610925614833831787e-01 8.873520493507385254e-01 3.953901796194259077e-06 1.823114757826260757e-06 3.508502913973643444e-06 -1.000000000000000000e+00
5.528001785278320312e-01 8.333138823509216309e-01 1.329042861470952630e-04 7.346951315412297845e-05 1.107509888242930174e-04 -1.000000000000000000e+00
5.528001785278320312e-01 8.333138823509216309e-01 1.617647358216345310e-04 8.942357817431911826e-05 1.348007936030626297e-04 -1.000000000000000000e+00
6.382440328598022461e-01 7.698341012001037598e-01 3.187592956237494946e-04 2.034461940638720989e-04 2.453917404636740685e-04 -9.999999403953552246e-01
6.382440328598022461e-01 7.698341012001037598e-01 3.507796209305524826e-04 2.238829765701666474e-04 2.700421027839183807e-04 -9.999999403953552246e-01
7.164565920829772949e-01 6.976314187049865723e-01 5.539847770705819130e-04 3.969061071984469891e-04 3.864772443193942308e-04 -9.999998211860656738e-01
7.164565920829772949e-01 6.976314187049865723e-01 5.676044966094195843e-04 4.066640394739806652e-04 3.959788009524345398e-04 -9.999998211860656738e-01
7.865512967109680176e-01 6.175244450569152832e-01 8.310145931318402290e-04 6.536358268931508064e-04 5.131720099598169327e-04 -9.999997019767761230e-01
7.865512371063232422e-01 6.175243854522705078e-01 8.643983164802193642e-04 6.798938266001641750e-04 5.337872426025569439e-04 -9.999996423721313477e-01
8.477340936660766602e-01 5.304203629493713379e-01 1.093754544854164124e-03 9.272135212086141109e-04 5.801499937660992146e-04 -9.999994039535522461e-01
8.477340936660766602e-01 5.304203629493713379e-01 1.124704140238463879e-03 9.534505661576986313e-04 5.965663003735244274e-04 -9.999994039535522461e-01
8.993111848831176758e-01 4.373070895671844482e-01 1.387645723298192024e-03 1.247926498763263226e-03 6.068279035389423370e-04 -9.999990463256835938e-01
8.993111252784729004e-01 4.373070597648620605e-01 1.434072968550026417e-03 1.289679086767137051e-03 6.271308520808815956e-04 -9.999989867210388184e-01
9.406989812850952148e-01 3.392384648323059082e-01 1.665318966843187809e-03 1.566566061228513718e-03 5.649410304613411427e-04 -9.999986290931701660e-01
9.406988620758056641e-01 3.392384350299835205e-01 1.713618636131286621e-03 1.612001564353704453e-03 5.813261959701776505e-04 -9.999985098838806152e-01
9.714277982711791992e-01 2.373262196779251099e-01 2.084532286971807480e-03 2.024977002292871475e-03 4.947152337990701199e-04 -9.999978542327880859e-01
9.714276790618896484e-01 2.373261898756027222e-01 2.124250167980790138e-03 2.063560299575328827e-03 5.041413824073970318e-04 -9.999977946281433105e-01
9.911498427391052246e-01 1.327249556779861450e-01 2.479715272784233093e-03 2.457777038216590881e-03 3.291211032774299383e-04 -9.999969601631164551e-01
9.911496639251708984e-01 1.327249407768249512e-01 2.551371697336435318e-03 2.528799464926123619e-03 3.386317112017422915e-04 -9.999967813491821289e-01
9.996415376663208008e-01 2.662041969597339630e-02 2.864973153918981552e-03 2.863958012312650681e-03 7.626710430486127734e-05 -9.999958872795104980e-01
9.996413588523864746e-01 2.662041597068309784e-02 2.933639334514737129e-03 2.932599745690822601e-03 7.809503586031496525e-05 -9.999957084655761719e-01
9.968075752258300781e-01 -7.978563010692596436e-02 2.999947173520922661e-03 2.990383422002196312e-03 -2.393537433817982674e-04 -9.999955296516418457e-01
9.968074560165405273e-01 -7.978562265634536743e-02 3.041400574147701263e-03 3.031704807654023170e-03 -2.426611463306471705e-04 -9.999954104423522949e-01
9.826791882514953613e-01 -1.852879673242568970e-01 3.168503986671566963e-03 3.113638143986463547e-03 -5.870885215699672699e-04 -9.999949932098388672e-01
9.826790690422058105e-01 -1.852879375219345093e-01 3.215156262740492821e-03 3.159482963383197784e-03 -5.957327084615826607e-04 -9.999948740005493164e-01
9.574171900749206543e-01 -2.886904180049896240e-01 3.196091391146183014e-03 3.060008632019162178e-03 -9.226857800967991352e-04 -9.999949336051940918e-01
9.574173092842102051e-01 -2.886904478073120117e-01 3.172913100570440292e-03 3.037817077711224556e-03 -9.159943438135087490e-04 -9.999949932098388672e-01
9.213076829910278320e-01 -3.888222575187683105e-01 3.079743357375264168e-03 2.837404608726501465e-03 -1.197478384710848331e-03 -9.999952912330627441e-01
9.213076233863830566e-01 -3.888222277164459229e-01 3.089629579335451126e-03 2.846512943506240845e-03 -1.201322418637573719e-03 -9.999952316284179688e-01
8.747596740722656250e-01 -4.845488071441650391e-01 2.845691982656717300e-03 2.489306498318910599e-03 -1.378882210701704025e-03 -9.999959468841552734e-01
8.747595548629760742e-01 -4.845487475395202637e-01 2.855299971997737885e-03 2.497711451724171638e-03 -1.383537892252206802e-03 -9.999959468841552734e-01
8.182996511459350586e-01 -5.747855901718139648e-01 2.704301383346319199e-03 2.212936989963054657e-03 -1.554399146698415279e-03 -9.999963641166687012e-01
8.182995319366455078e-01 -5.747855305671691895e-01 2.738559851422905922e-03 2.240970730781555176e-03 -1.574090449139475822e-03 -9.999962449073791504e-01
7.525683641433715820e-01 -6.585085988044738770e-01 2.703932812437415123e-03 2.034901641309261322e-03 -1.780569436959922314e-03 -9.999963641166687012e-01
7.525683045387268066e-01 -6.585085391998291016e-01 2.741902600973844528e-03 2.063476713374257088e-03 -1.805573003366589546e-03 -9.999962449073791504e-01
6.783090233802795410e-01 -7.347717285156250000e-01 2.733197063207626343e-03 1.853958936408162117e-03 -2.008283045142889023e-03 -9.999962449073791504e-01
6.783090829849243164e-01 -7.347717285156250000e-01 2.705842023715376854e-03 1.835403847508132458e-03 -1.988183474168181419e-03 -9.999963641166687012e-01
5.963653326034545898e-01 -8.027088046073913574e-01 2.634390257298946381e-03 1.571064465679228306e-03 -2.114655682817101479e-03 -9.999965429306030273e-01
5.963652729988098145e-01 -8.027087450027465820e-01 2.683137310668826103e-03 1.600135699845850468e-03 -2.153785433620214462e-03 -9.999964237213134766e-01
5.076640248298645020e-01 -8.615507483482360840e-01 2.762623364105820656e-03 1.402489724569022655e-03 -2.380149206146597862e-03 -9.999961853027343750e-01
5.076639056205749512e-01 -8.615506291389465332e-01 2.807843498885631561e-03 1.425446476787328720e-03 -2.419108757749199867e-03 -9.999960660934448242e-01
4.132107794284820557e-01 -9.106312394142150879e-01 2.767288591712713242e-03 1.143477857112884521e-03 -2.519988920539617538e-03 -9.999961853027343750e-01
4.132107794284820557e-01 -9.106312394142150879e-01 2.768496982753276825e-03 1.143977162428200245e-03 -2.521089510992169380e-03 -9.999961853027343750e-01
3.140752017498016357e-01 -9.493943452835083008e-01 2.670417306944727898e-03 8.387148845940828323e-04 -2.535288222134113312e-03 -9.999964237213134766e-01
3.140751719474792480e-01 -9.493942260742187500e-01 2.724815858528017998e-03 8.558001718483865261e-04 -2.586934017017483711e-03 -9.999963045120239258e-01
2.113823741674423218e-01 -9.774003028869628906e-01 2.488075755536556244e-03 5.259368917904794216e-04 -2.431853208690881729e-03 -9.999969005584716797e-01
2.113823443651199341e-01 -9.774001836776733398e-01 2.524512121453881264e-03 5.336389876902103424e-04 -2.467466518282890320e-03 -9.999968409538269043e-01
1.062928363680839539e-01 -9.943320155143737793e-01 2.387059852480888367e-03 2.537280961405485868e-04 -2.373536815866827965e-03 -9.999971389770507812e-01
1.062928289175033569e-01 -9.943319559097290039e-01 2.415361348539590836e-03 2.567363553680479527e-04 -2.401678124442696571e-03 -9.999970793724060059e-01
-0.000000000000000000e+00 -2.372699789702892303e-03 -9.999971985816955566e-01 0.000000000000000000e+00 9.999971985816955566e-01 -2.372699789702892303e-03
0.000000000000000000e+00 -2.442814642563462257e-03 -9.999970197677612305e-01 0.000000000000000000e+00 9.999970197677612305e-01 -2.442814642563462257e-03
-1.062929630279541016e-01 -9.943332076072692871e-01 1.837577321566641331e-03 -1.953218597918748856e-04 -1.827167230658233166e-03 -9.999983310699462891e-01
-1.062929481267929077e-01 -9.943330883979797363e-01 1.877820817753672600e-03 -1.995994825847446918e-04 -1.867182902060449123e-03 -9.999982714653015137e-01
-2.113827168941497803e-01 -9.774019122123718262e-01 1.698038657195866108e-03 -3.589365223888307810e-04 -1.659668516367673874e-03 -9.999985694885253906e-01
-2.113827168941497803e-01 -9.774019122123718262e-01 1.700620632618665695e-03 -3.594823065213859081e-04 -1.662192167714238167e-03 -9.999985694885253906e-01
-3.140759170055389404e-01 -9.493964314460754395e-01 1.654544728808104992e-03 -5.196533165872097015e-04 -1.570821041241288185e-03 -9.999986290931701660e-01
-3.140759170055389404e-01 -9.493964314460754395e-01 1.677987980656325817e-03 -5.270162946544587612e-04 -1.593077904544770718e-03 -9.999985694885253906e-01
-4.132118225097656250e-01 -9.106335043907165527e-01 1.633328036405146122e-03 -6.749113090336322784e-04 -1.487365225329995155e-03 -9.999986886978149414e-01
-4.132117927074432373e-01 -9.106334447860717773e-01 1.660182722844183445e-03 -6.860080175101757050e-04 -1.511820009909570217e-03 -9.999986290931701660e-01
-5.076653361320495605e-01 -8.615530133247375488e-01 1.553046051412820816e-03 -7.884285878390073776e-04 -1.338033122010529041e-03 -9.999988079071044922e-01
-5.076652765274047852e-01 -8.615529537200927734e-01 1.565998769365251064e-03 -7.950042490847408772e-04 -1.349192578345537186e-03 -9.999987483024597168e-01
-5.963668823242187500e-01 -8.027108907699584961e-01 1.363637973554432392e-03 -8.132292423397302628e-04 -1.094608101993799210e-03 -9.999991059303283691e-01
-5.963668823242187500e-01 -8.027108907699584961e-01 1.360115245915949345e-03 -8.111284114420413971e-04 -1.091780373826622963e-03 -9.999991059303283691e-01
-6.783110499382019043e-01 -7.347738742828369141e-01 1.234993455000221729e-03 -8.377102203667163849e-04 -9.074414847418665886e-04 -9.999992251396179199e-01
-6.783110499382019043e-01 -7.347738742828369141e-01 1.226341701112687588e-03 -8.318416075780987740e-04 -9.010843932628631592e-04 -9.999992251396179199e-01
-7.525706291198730469e-01 -6.585105657577514648e-01 1.115772873163223267e-03 -8.396984194405376911e-04 -7.347486680373549461e-04 -9.999994039535522461e-01
-7.525706291198730469e-01 -6.585105657577514648e-01 1.139102037996053696e-03 -8.572553633712232113e-04 -7.501112413592636585e-04 -9.999994039535522461e-01
-8.183022141456604004e-01 -5.747873783111572266e-01 9.991111000999808311e-04 -8.175752591341733932e-04 -5.742767243646085262e-04 -9.999995231628417969e-01
-8.183022141456604004e-01 -5.747873783111572266e-01 1.013605738990008831e-03 -8.294362341985106468e-04 -5.826081032864749432e-04 -9.999994635581970215e-01
-8.747628927230834961e-01 -4.845505952835083008e-01 8.333522710017859936e-04 -7.289858767762780190e-04 -4.038014740217477083e-04 -9.999996423721313477e-01
-8.747628927230834961e-01 -4.845505952835083008e-01 8.162683225236833096e-04 -7.140414672903716564e-04 -3.955234424211084843e-04 -9.999996423721313477e-01
-9.213117957115173340e-01 -3.888239860534667969e-01 6.870034849271178246e-04 -6.329445750452578068e-04 -2.671234833542257547e-04 -9.999997615814208984e-01
-9.213117957115173340e-01 -3.888239860534667969e-01 6.694206385873258114e-04 -6.167453248053789139e-04 -2.602868771646171808e-04 -9.999998211860656738e-01
-9.574218988418579102e-01 -2.886918485164642334e-01 6.175177986733615398e-04 -5.912251654081046581e-04 -1.782723848009482026e-04 -9.999998211860656738e-01
-9.574218988418579102e-01 -2.886918783187866211e-01 6.461340235546231270e-04 -6.186229875311255455e-04 -1.865336671471595764e-04 -9.999998211860656738e-01
-9.826838374137878418e-01 -1.852888315916061401e-01 6.797985988669097424e-04 -6.680273218080401421e-04 -1.259591372217983007e-04 -9.999998211860656738e-01
-9.826838374137878418e-01 -1.852888315916061401e-01 6.765172583982348442e-04 -6.648027920164167881e-04 -1.253511436516419053e-04 -9.999998211860656738e-01
-9.968118071556091309e-01 -7.978596538305282593e-02 6.881504086777567863e-04 -6.859566201455891132e-04 -5.490476178238168359e-05 -9.999997615814208984e-01
-9.968118071556091309e-01 -7.978596538305282593e-02 7.040128111839294434e-04 -7.017684401944279671e-04 -5.617035640170797706e-05 -9.999997615814208984e-01
-9.996454715728759766e-01 2.662052400410175323e-02 6.299350643530488014e-04 -6.297118379734456539e-04 1.676920510362833738e-05 -9.999998211860656738e-01
-9.996454715728759766e-01 2.662052400410175323e-02 6.330598262138664722e-04 -6.328354938887059689e-04 1.685238748905248940e-05 -9.999998211860656738e-01
-9.911527633666992188e-01 1.327253431081771851e-01 5.034102359786629677e-04 -4.989565350115299225e-04 6.681530066998675466e-05 -9.999998807907104492e-01
-9.911527633666992188e-01 1.327253431081771851e-01 5.084807053208351135e-04 -5.039821262471377850e-04 6.748828309355303645e-05 -9.999998807907104492e-01
-9.714298248291015625e-01 2.373267114162445068e-01 4.113005124963819981e-04 -3.995496081188321114e-04 9.761260298546403646e-05 -9.999999403953552246e-01
-9.714298248291015625e-01 2.373267114162445068e-01 4.056931647937744856e-04 -3.941024770028889179e-04 9.628183033782988787e-05 -9.999999403953552246e-01
-9.407002329826354980e-01 3.392389118671417236e-01 3.272617177572101355e-04 -3.078551962971687317e-04 1.110199154936708510e-04 -9.999999403953552246e-01
-9.407002329826354980e-01 3.392389118671417236e-01 3.308414889033883810e-04 -3.112226841039955616e-04 1.122343164752237499e-04 -9.999999403953552246e-01
-8.993120193481445312e-01 4.373075067996978760e-01 1.596142392372712493e-04 -1.435430021956562996e-04 6.980050238780677319e-05 -1.000000000000000000e+00
-8.993120193481445312e-01 4.373075067996978760e-01 1.744570035953074694e-04 -1.568912848597392440e-04 7.629135507158935070e-05 -1.000000000000000000e+00
-8.477345705032348633e-01 5.304206609725952148e-01 -1.605881880095694214e-05 1.361361591989407316e-05 -8.517929018125869334e-06 -1.000000000000000000e+00
-8.477345705032348633e-01 5.304206609725952148e-01 -2.811326339724473655e-05 2.383258470217697322e-05 -1.491185594204580411e-05 -1.000000000000000000e+00
-7.865515351295471191e-01 6.175246238708496094e-01 -1.624106080271303654e-04 1.277443079743534327e-04 -1.002925491775386035e-04 -1.000000000000000000e+00
-7.865515351295471191e-01 6.175246238708496094e-01 -1.563512050779536366e-04 1.229782792506739497e-04 -9.655072062741965055e-05 -1.000000000000000000e+00
-7.164567112922668457e-01 6.976315379142761230e-01 -2.414008777122944593e-04 1.729532814351841807e-04 -1.684088638285174966e-04 -1.000000000000000000e+00
-7.164567112922668457e-01 6.976315379142761230e-01 -2.440180396661162376e-04 1.748283684719353914e-04 -1.702346780803054571e-04 -1.000000000000000000e+00
-6.382440328598022461e-01 7.698341012001037598e-01 -3.450530348345637321e-04 2.202280156780034304e-04 -2.656335709616541862e-04 -9.999999403953552246e-01
-6.382440328598022461e-01 7.698341012001037598e-01 -3.535555151756852865e-04 2.256546722492203116e-04 -2.721790806390345097e-04 -9.999999403953552246e-01
-5.528001189231872559e-01 8.333138227462768555e-01 -3.972923441324383020e-04 2.196232817368581891e-04 -3.310692263767123222e-04 -9.999999403953552246e-01
-5.528001189231872559e-01 8.333138227462768555e-01 -4.044577362947165966e-04 2.235843130620196462e-04 -3.370402555447071791e-04 -9.999999403953552246e-01
-4.610925316810607910e-01 8.873519897460937500e-01 -4.088040441274642944e-04 1.884965022327378392e-04 -3.627531114034354687e-04 -9.999999403953552246e-01
-4.610925316810607910e-01 8.873519897460937500e-01 -4.219556867610663176e-04 1.945606345543637872e-04 -3.744232526514679193e-04 -9.999999403953552246e-01
-3.641606271266937256e-01 9.313360452651977539e-01 -4.541310772765427828e-04 1.653766812523826957e-04 -4.229487385600805283e-04 -9.999999403953552246e-01
-3.641606271266937256e-01 9.313360452651977539e-01 -4.669023619499057531e-04 1.700274879112839699e-04 -4.348430957179516554e-04 -9.999999403953552246e-01
-2.631023228168487549e-01 9.647678732872009277e-01 -4.141656390856951475e-04 1.089679572032764554e-04 -3.995737351942807436e-04 -9.999999403953552246e-01
-2.631023228168487549e-01 9.647678136825561523e-01 -4.566502175293862820e-04 1.201457562274299562e-04 -4.405615036375820637e-04 -9.999999403953552246e-01
-1.590638011693954468e-01 9.872682094573974609e-01 -4.283881280571222305e-04 6.814106018282473087e-05 -4.229340702295303345e-04 -9.999999403953552246e-01
-1.160525716841220856e-03 -9.999993443489074707e-01 0.000000000000000000e+00 -9.999993443489074707e-01 1.160525716841220856e-03 0.000000000000000000e+00
-1.183745218440890312e-03 -9.999992847442626953e-01 0.000000000000000000e+00 -9.999992847442626953e-01 1.183745218440890312e-03 0.000000000000000000e+00
-1.268439227715134621e-03 -9.999992251396179199e-01 0.000000000000000000e+00 -9.999992251396179199e-01 1.268439227715134621e-03 0.000000000000000000e+00
-1.103334478102624416e-03 -9.999994039535522461e-01 0.000000000000000000e+00 -9.999994039535522461e-01 1.103334478102624416e-03 0.000000000000000000e+00
-1.120149390771985054e-03 -9.999994039535522461e-01 -0.000000000000000000e+00 -9.999994039535522461e-01 1.120149390771985054e-03 0.000000000000000000e+00
-1.067443285137414932e-03 -9.999994635581970215e-01 0.000000000000000000e+00 -9.999994635581970215e-01 1.067443285137414932e-03 0.000000000000000000e+00
-9.929150110110640526e-04 -9.999995231628417969e-01 -0.000000000000000000e+00 -9.999995231628417969e-01 9.929150110110640526e-04 0.000000000000000000e+00
-9.764029528014361858e-04 -9.999995231628417969e-01 0.000000000000000000e+00 -9.999995231628417969e-01 9.764029528014361858e-04 0.000000000000000000e+00
-1.000228105112910271e-03 -9.999995231628417969e-01 -0.000000000000000000e+00 -9.999995231628417969e-01 1.000228105112910271e-03 0.000000000000000000e+00
-9.390064515173435211e-04 -9.999995827674865723e-01 0.000000000000000000e+00 -9.999995827674865723e-01 9.390064515173435211e-04 0.000000000000000000e+00
-9.865893516689538956e-04 -9.999995231628417969e-01 -0.000000000000000000e+00 -9.999995231628417969e-01 9.865893516689538956e-04 0.000000000000000000e+00
-9.596028248779475689e-04 -9.999995827674865723e-01 0.000000000000000000e+00 -9.999995827674865723e-01 9.596028248779475689e-04 0.000000000000000000e+00
-9.568788809701800346e-04 -9.999995827674865723e-01 -0.000000000000000000e+00 -9.999995827674865723e-01 9.568788809701800346e-04 0.000000000000000000e+00
-9.244781685993075371e-04 -9.999995827674865723e-01 0.000000000000000000e+00 -9.999995827674865723e-01 9.244781685993075371e-04 0.000000000000000000e+00
-9.460387518629431725e-04 -9.999995827674865723e-01 0.000000000000000000e+00 -9.999995827674865723e-01 9.460387518629431725e-04 0.000000000000000000e+00
-1.001901691779494286e-03 -9.999995231628417969e-01 -0.000000000000000000e+00 -9.999995231628417969e-01 1.001901691779494286e-03 0.000000000000000000e+00
-1.021680189296603203e-03 -9.999994635581970215e-01 0.000000000000000000e+00 -9.999994635581970215e-01 1.021680189296603203e-03 0.000000000000000000e+00
-1.086970209144055843e-03 -9.999994039535522461e-01 -0.000000000000000000e+00 -9.999994039535522461e-01 1.086970209144055843e-03 0.000000000000000000e+00
-1.030551386065781116e-03 -9.999994635581970215e-01 0.000000000000000000e+00 -9.999994635581970215e-01 1.030551386065781116e-03 0.000000000000000000e+00
-1.069579157046973705e-03 -9.999994635581970215e-01 -0.000000000000000000e+00 -9.999994635581970215e-01 1.069579157046973705e-03 0.000000000000000000e+00
-1.043264055624604225e-03 -9.999994635581970215e-01 0.000000000000000000e+00 -9.999994635581970215e-01 1.043264055624604225e-03 0.000000000000000000e+00
-1.089796540327370167e-03 -9.999994039535522461e-01 -0.000000000000000000e+00 -9.999994039535522461e-01 1.089796540327370167e-03 0.000000000000000000e+00
-1.067778328433632851e-03 -9.999994635581970215e-01 0.000000000000000000e+00 -9.999994635581970215e-01 1.067778328433632851e-03 0.000000000000000000e+00
-1.114193699322640896e-03 -9.999994039535522461e-01 -0.000000000000000000e+00 -9.999994039535522461e-01 1.114193699322640896e-03 0.000000000000000000e+00
-1.049437560141086578e-03 -9.999994635581970215e-01 0.000000000000000000e+00 -9.999994635581970215e-01 1.049437560141086578e-03 0.000000000000000000e+00
-1.143020461313426495e-03 -9.999993443489074707e-01 -0.000000000000000000e+00 -9.999993443489074707e-01 1.143020461313426495e-03 0.000000000000000000e+00
-1.143649569712579250e-03 -9.999993443489074707e-01 0.000000000000000000e+00 -9.999993443489074707e-01 1.143649569712579250e-03 0.000000000000000000e+00
-1.228188630193471909e-03 -9.999992847442626953e-01 -0.000000000000000000e+00 -9.999992847442626953e-01 1.228188630193471909e-03 0.000000000000000000e+00
-1.212664064951241016e-03 -9.999992847442626953e-01 -0.000000000000000000e+00 -9.999992847442626953e-01 1.212664064951241016e-03 0.000000000000000000e+00
-1.237861346453428268e-03 -9.999992251396179199e-01 -0.000000000000000000e+00 -9.999992251396179199e-01 1.237861346453428268e-03 0.000000000000000000e+00
-1.292068278416991234e-03 -9.999991655349731445e-01 -0.000000000000000000e+00 -9.999991655349731445e-01 1.292068278416991234e-03 0.000000000000000000e+00
-1.254791743122041225e-03 -9.999992251396179199e-01 -0.000000000000000000e+00 -9.999992251396179199e-01 1.254791743122041225e-03 0.000000000000000000e+00
-1.322412281297147274e-03 -9.999991655349731445e-01 -0.000000000000000000e+00 -9.999991655349731445e-01 1.322412281297147274e-03 0.000000000000000000e+00
-1.311555854044854641e-03 -9.999991655349731445e-01 -0.000000000000000000e+00 -9.999991655349731445e-01 1.311555854044854641e-03 0.000000000000000000e+00
-1.337777241133153439e-03 -9.999991059303283691e-01 -0.000000000000000000e+00 -9.999991059303283691e-01 1.337777241133153439e-03 0.000000000000000000e+00
-1.324385753832757473e-03 -9.999991655349731445e-01 -0.000000000000000000e+00 -9.999991655349731445e-01 1.324385753832757473e-03 0.000000000000000000e+00
-1.384313916787505150e-03 -9.999990463256835938e-01 -0.000000000000000000e+00 -9.999990463256835938e-01 1.384313916787505150e-03 0.000000000000000000e+00
-1.425056252628564835e-03 -9.999989867210388184e-01 -0.000000000000000000e+00 -9.999989867210388184e-01 1.425056252628564835e-03 0.000000000000000000e+00
-1.449266215786337852e-03 -9.999989867210388184e-01 -0.000000000000000000e+00 -9.999989867210388184e-01 1.449266215786337852e-03 0.000000000000000000e+00
-1.492024282924830914e-03 -9.999989271163940430e-01 -0.000000000000000000e+00 -9.999989271163940430e-01 1.492024282924830914e-03 0.000000000000000000e+00
-1.518308417871594429e-03 -9.999988675117492676e-01 -0.000000000000000000e+00 -9.999988675117492676e-01 1.518308417871594429e-03 0.000000000000000000e+00
-1.510023837909102440e-03 -9.999988675117492676e-01 -0.000000000000000000e+00 -9.999988675117492676e-01 1.510023837909102440e-03 0.000000000000000000e+00
-1.552622532472014427e-03 -9.999988079071044922e-01 -0.000000000000000000e+00 -9.999988079071044922e-01 1.552622532472014427e-03 0.000000000000000000e+00
-1.610514475032687187e-03 -9.999986886978149414e-01 -0.000000000000000000e+00 -9.999986886978149414e-01 1.610514475032687187e-03 0.000000000000000000e+00
-1.672767451964318752e-03 -9.999986290931701660e-01 -0.000000000000000000e+00 -9.999986290931701660e-01 1.672767451964318752e-03 0.000000000000000000e+00
-1.699155545793473721e-03 -9.999985694885253906e-01 -0.000000000000000000e+00 -9.999985694885253906e-01 1.699155545793473721e-03 0.000000000000000000e+00
-1.734002260491251945e-03 -9.999985098838806152e-01 -0.000000000000000000e+00 -9.999985098838806152e-01 1.734002260491251945e-03 0.000000000000000000e+00
-1.765188644640147686e-03 -9.999984502792358398e-01 -0.000000000000000000e+00 -9.999984502792358398e-01 1.765188644640147686e-03 0.000000000000000000e+00
-1.856397022493183613e-03 -9.999982714653015137e-01 -0.000000000000000000e+00 -9.999982714653015137e-01 1.856397022493183613e-03 0.000000000000000000e+00
-1.904496224597096443e-03 -9.999982118606567383e-01 -0.000000000000000000e+00 -9.999982118606567383e-01 1.904496224597096443e-03 0.000000000000000000e+00
-1.877090195193886757e-03 -9.999982714653015137e-01 -0.000000000000000000e+00 -9.999982714653015137e-01 1.877090195193886757e-03 0.000000000000000000e+00
-1.901966868899762630e-03 -9.999982118606567383e-01 -0.000000000000000000e+00 -9.999982118606567383e-01 1.901966868899762630e-03 0.000000000000000000e+00
-1.964758150279521942e-03 -9.999980926513671875e-01 -0.000000000000000000e+00 -9.999980926513671875e-01 1.964758150279521942e-03 0.000000000000000000e+00
-1.975496066734194756e-03 -9.999980926513671875e-01 -0.000000000000000000e+00 -9.999980926513671875e-01 1.975496066734194756e-03 0.000000000000000000e+00
-1.997231738641858101e-03 -9.999980330467224121e-01 -0.000000000000000000e+00 -9.999980330467224121e-01 1.997231738641858101e-03 0.000000000000000000e+00
-2.020673593506217003e-03 -9.999979734420776367e-01 -0.000000000000000000e+00 -9.999979734420776367e-01 2.020673593506217003e-03 0.000000000000000000e+00
-2.061407314613461494e-03 -9.999979138374328613e-01 -0.000000000000000000e+00 -9.999979138374328613e-01 2.061407314613461494e-03 0.000000000000000000e+00
-2.082721795886754990e-03 -9.999978542327880859e-01 0.000000000000000000e+00 -9.999978542327880859e-01 2.082721795886754990e-03 0.000000000000000000e+00
-2.048227703198790550e-03 -9.999979138374328613e-01 0.000000000000000000e+00 -9.999979138374328613e-01 2.048227703198790550e-03 0.000000000000000000e+00
-2.048896159976720810e-03 -9.999979138374328613e-01 0.000000000000000000e+00 -9.999979138374328613e-01 2.048896159976720810e-03 0.000000000000000000e+00
-2.076431410387158394e-03 -9.999978542327880859e-01 0.000000000000000000e+00 -9.999978542327880859e-01 2.076431410387158394e-03 0.000000000000000000e+00
-2.132712397724390030e-03 -9.999977350234985352e-01 0.000000000000000000e+00 -9.999977350234985352e-01 2.132712397724390030e-03 0.000000000000000000e+00
-2.145760459825396538e-03 -9.999977350234985352e-01 0.000000000000000000e+00 -9.999977350234985352e-01 2.145760459825396538e-03 0.000000000000000000e+00
-2.155412454158067703e-03 -9.999976754188537598e-01 0.000000000000000000e+00 -9.999976754188537598e-01 2.155412454158067703e-03 0.000000000000000000e+00
-2.138994168490171432e-03 -9.999977350234985352e-01 0.000000000000000000e+00 -9.999977350234985352e-01 2.138994168490171432e-03 0.000000000000000000e+00
-2.160358708351850510e-03 -9.999976754188537598e-01 0.000000000000000000e+00 -9.999976754188537598e-01 2.160358708351850510e-03 0.000000000000000000e+00
-2.153652720153331757e-03 -9.999976754188537598e-01 0.000000000000000000e+00 -9.999976754188537598e-01 2.153652720153331757e-03 0.000000000000000000e+00
-2.184400334954261780e-03 -9.999976158142089844e-01 0.000000000000000000e+00 -9.999976158142089844e-01 2.184400334954261780e-03 0.000000000000000000e+00
-2.146061742678284645e-03 -9.999977350234985352e-01 0.000000000000000000e+00 -9.999977350234985352e-01 2.146061742678284645e-03 0.000000000000000000e+00
-2.170910825952887535e-03 -9.999976754188537598e-01 0.000000000000000000e+00 -9.999976754188537598e-01 2.170910825952887535e-03 0.000000000000000000e+00
-2.264565089717507362e-03 -9.999974370002746582e-01 0.000000000000000000e+00 -9.999974370002746582e-01 2.264565089717507362e-03 0.000000000000000000e+00
-2.289335010573267937e-03 -9.999973773956298828e-01 0.000000000000000000e+00 -9.999973773956298828e-01 2.289335010573267937e-03 0.000000000000000000e+00
-2.327611437067389488e-03 -9.999973177909851074e-01 0.000000000000000000e+00 -9.999973177909851074e-01 2.327611437067389488e-03 0.000000000000000000e+00
-2.300210995599627495e-03 -9.999973773956298828e-01 0.000000000000000000e+00 -9.999973773956298828e-01 2.300210995599627495e-03 0.000000000000000000e+00
-2.414720598608255386e-03 -9.999970793724060059e-01 0.000000000000000000e+00 -9.999970793724060059e-01 2.414720598608255386e-03 0.000000000000000000e+00
-2.330826362594962120e-03 -9.999973177909851074e-01 0.000000000000000000e+00 -9.999973177909851074e-01 2.330826362594962120e-03 0.000000000000000000e+00
-2.429782412946224213e-03 -9.999970793724060059e-01 0.000000000000000000e+00 -9.999970793724060059e-01 2.429782412946224213e-03 0.000000000000000000e+00
-2.395794959738850594e-03 -9.999971389770507812e-01 0.000000000000000000e+00 -9.999971389770507812e-01 2.395794959738850594e-03 0.000000000000000000e+00
-2.480571856722235680e-03 -9.999969601631164551e-01 0.000000000000000000e+00 -9.999969601631164551e-01 2.480571856722235680e-03 0.000000000000000000e+00
-2.454683883115649223e-03 -9.999970197677612305e-01 0.000000000000000000e+00 -9.999970197677612305e-01 2.454683883115649223e-03 0.000000000000000000e+00
-2.492581959813833237e-03 -9.999969005584716797e-01 0.000000000000000000e+00 -9.999969005584716797e-01 2.492581959813833237e-03 0.000000000000000000e+00
-2.456106711179018021e-03 -9.999970197677612305e-01 0.000000000000000000e+00 -9.999970197677612305e-01 2.456106711179018021e-03 0.000000000000000000e+00
-2.523480216041207314e-03 -9.999968409538269043e-01 0.000000000000000000e+00 -9.999968409538269043e-01 2.523480216041207314e-03 0.000000000000000000e+00
-2.460672985762357712e-03 -9.999969601631164551e-01 0.000000000000000000e+00 -9.999969601631164551e-01 2.460672985762357712e-03 0.000000000000000000e+00
-2.411922905594110489e-03 -9.999970793724060059e-01 0.000000000000000000e+00 -9.999970793724060059e-01 2.411922905594110489e-03 0.000000000000000000e+00
-2.386191627010703087e-03 -9.999971389770507812e-01 0.000000000000000000e+00 -9.999971389770507812e-01 2.386191627010703087e-03 0.000000000000000000e+00
-2.382980659604072571e-03 -9.999971985816955566e-01 0.000000000000000000e+00 -9.999971985816955566e-01 2.382980659604072571e-03 0.000000000000000000e+00
-2.360007259994745255e-03 -9.999972581863403320e-01 0.000000000000000000e+00 -9.999972581863403320e-01 2.360007259994745255e-03 0.000000000000000000e+00
-2.309949602931737900e-03 -9.999973177909851074e-01 0.000000000000000000e+00 -9.999973177909851074e-01 2.309949602931737900e-03 0.000000000000000000e+00
-2.301649888977408409e-03 -9.999973773956298828e-01 0.000000000000000000e+00 -9.999973773956298828e-01 2.301649888977408409e-03 0.000000000000000000e+00
-2.213582396507263184e-03 -9.999975562095642090e-01 0.000000000000000000e+00 -9.999975562095642090e-01 2.213582396507263184e-03 0.000000000000000000e+00
-2.240344882011413574e-03 -9.999974966049194336e-01 0.000000000000000000e+00 -9.999974966049194336e-01 2.240344882011413574e-03 0.000000000000000000e+00
-2.094223164021968842e-03 -9.999977946281433105e-01 0.000000000000000000e+00 -9.999977946281433105e-01 2.094223164021968842e-03 0.000000000000000000e+00
-2.092937473207712173e-03 -9.999978542327880859e-01 0.000000000000000000e+00 -9.999978542327880859e-01 2.092937473207712173e-03 0.000000000000000000e+00
-2.070518210530281067e-03 -9.999978542327880859e-01 0.000000000000000000e+00 -9.999978542327880859e-01 2.070518210530281067e-03 0.000000000000000000e+00
-2.006971975788474083e-03 -9.999979734420776367e-01 0.000000000000000000e+00 -9.999979734420776367e-01 2.006971975788474083e-03 0.000000000000000000e+00
-1.981429290026426315e-03 -9.999980330467224121e-01 0.000000000000000000e+00 -9.999980330467224121e-01 1.981429290026426315e-03 0.000000000000000000e+00
-1.918348600156605244e-03 -9.999981522560119629e-01 0.000000000000000000e+00 -9.999981522560119629e-01 1.918348600156605244e-03 0.000000000000000000e+00
-1.869779778644442558e-03 -9.999982714653015137e-01 0.000000000000000000e+00 -9.999982714653015137e-01 1.869779778644442558e-03 0.000000000000000000e+00
-1.887873047962784767e-03 -9.999982118606567383e-01 0.000000000000000000e+00 -9.999982118606567383e-01 1.887873047962784767e-03 0.000000000000000000e+00
-1.824245089665055275e-03 -9.999983310699462891e-01 0.000000000000000000e+00 -9.999983310699462891e-01 1.824245089665055275e-03 0.000000000000000000e+00
-1.785235130228102207e-03 -9.999984502792358398e-01 0.000000000000000000e+00 -9.999984502792358398e-01 1.785235130228102207e-03 0.000000000000000000e+00
-1.727474736981093884e-03 -9.999985098838806152e-01 0.000000000000000000e+00 -9.999985098838806152e-01 1.727474736981093884e-03 0.000000000000000000e+00
-1.722467131912708282e-03 -9.999985098838806152e-01 0.000000000000000000e+00 -9.999985098838806152e-01 1.722467131912708282e-03 0.000000000000000000e+00
-1.665234914980828762e-03 -9.999986290931701660e-01 0.000000000000000000e+00 -9.999986290931701660e-01 1.665234914980828762e-03 0.000000000000000000e+00
-1.613375963643193245e-03 -9.999986886978149414e-01 0.000000000000000000e+00 -9.999986886978149414e-01 1.613375963643193245e-03 0.000000000000000000e+00
-1.550036133266985416e-03 -9.999988079071044922e-01 0.000000000000000000e+00 -9.999988079071044922e-01 1.550036133266985416e-03 0.000000000000000000e+00
-1.519804936833679676e-03 -9.999988675117492676e-01 0.000000000000000000e+00 -9.999988675117492676e-01 1.519804936833679676e-03 0.000000000000000000e+00
-1.382062560878694057e-03 -9.999990463256835938e-01 0.000000000000000000e+00 -9.999990463256835938e-01 1.382062560878694057e-03 0.000000000000000000e+00
-1.316996524110436440e-03 -9.999991655349731445e-01 0.000000000000000000e+00 -9.999991655349731445e-01 1.316996524110436440e-03 0.000000000000000000e+00
-2.679847413673996925e-03 9.999964237213134766e-01 0.000000000000000000e+00 -9.999964237213134766e-01 -2.679847413673996925e-03 0.000000000000000000e+00
-2.629011170938611031e-03 9.999965429306030273e-01 0.000000000000000000e+00 -9.999965429306030273e-01 -2.629011170938611031e-03 0.000000000000000000e+00
-2.651534276083111763e-03 9.999964833259582520e-01 0.000000000000000000e+00 -9.999964833259582520e-01 -2.651534276083111763e-03 0.000000000000000000e+00
-2.666028914973139763e-03 9.999964833259582520e-01 0.000000000000000000e+00 -9.999964833259582520e-01 -2.666028914973139763e-03 0.000000000000000000e+00
-2.709650201722979546e-03 9.999963641166687012e-01 -0.000000000000000000e+00 -9.999963641166687012e-01 -2.709650201722979546e-03 0.000000000000000000e+00
-2.718271687626838684e-03 9.999963045120239258e-01 0.000000000000000000e+00 -9.999963045120239258e-01 -2.718271687626838684e-03 0.000000000000000000e+00
-2.757924376055598259e-03 9.999961853027343750e-01 -0.000000000000000000e+00 -9.999961853027343750e-01 -2.757924376055598259e-03 0.000000000000000000e+00
-2.699024043977260590e-03 9.999963641166687012e-01 0.000000000000000000e+00 -9.999963641166687012e-01 -2.699024043977260590e-03 0.000000000000000000e+00
-2.749436534941196442e-03 9.999962449073791504e-01 -0.000000000000000000e+00 -9.999962449073791504e-01 -2.749436534941196442e-03 0.000000000000000000e+00
-2.740100957453250885e-03 9.999962449073791504e-01 0.000000000000000000e+00 -9.999962449073791504e-01 -2.740100957453250885e-03 0.000000000000000000e+00
-2.784339012578129768e-03 9.999961256980895996e-01 -0.000000000000000000e+00 -9.999961256980895996e-01 -2.784339012578129768e-03 0.000000000000000000e+00
-2.743861405178904533e-03 9.999962449073791504e-01 0.000000000000000000e+00 -9.999962449073791504e-01 -2.743861405178904533e-03 0.000000000000000000e+00
-2.770609455183148384e-03 9.999961853027343750e-01 -0.000000000000000000e+00 -9.999961853027343750e-01 -2.770609455183148384e-03 0.000000000000000000e+00
-2.740164753049612045e-03 9.999962449073791504e-01 0.000000000000000000e+00 -9.999962449073791504e-01 -2.740164753049612045e-03 0.000000000000000000e+00
-2.860607113689184189e-03 9.999959468841552734e-01 0.000000000000000000e+00 -9.999959468841552734e-01 -2.860607113689184189e-03 0.000000000000000000e+00
-2.884831512346863747e-03 9.999958276748657227e-01 -0.000000000000000000e+00 -9.999958276748657227e-01 -2.884831512346863747e-03 0.000000000000000000e+00
-2.909864764660596848e-03 9.999957680702209473e-01 0.000000000000000000e+00 -9.999957680702209473e-01 -2.909864764660596848e-03 0.000000000000000000e+00
-2.987573854625225067e-03 9.999955296516418457e-01 -0.000000000000000000e+00 -9.999955296516418457e-01 -2.987573854625225067e-03 0.000000000000000000e+00
-2.991618821397423744e-03 9.999955296516418457e-01 0.000000000000000000e+00 -9.999955296516418457e-01 -2.991618821397423744e-03 0.000000000000000000e+00
-3.011117223650217056e-03 9.999954700469970703e-01 -0.000000000000000000e+00 -9.999954700469970703e-01 -3.011117223650217056e-03 0.000000000000000000e+00
-3.039034083485603333e-03 9.999954104423522949e-01 0.000000000000000000e+00 -9.999954104423522949e-01 -3.039034083485603333e-03 0.000000000000000000e+00
-3.143105888739228249e-03 9.999950528144836426e-01 -0.000000000000000000e+00 -9.999950528144836426e-01 -3.143105888739228249e-03 0.000000000000000000e+00
-3.132585668936371803e-03 9.999951124191284180e-01 0.000000000000000000e+00 -9.999951124191284180e-01 -3.132585668936371803e-03 0.000000000000000000e+00
-3.205605316907167435e-03 9.999948740005493164e-01 -0.000000000000000000e+00 -9.999948740005493164e-01 -3.205605316907167435e-03 0.000000000000000000e+00
-3.190525807440280914e-03 9.999949336051940918e-01 0.000000000000000000e+00 -9.999949336051940918e-01 -3.190525807440280914e-03 0.000000000000000000e+00
-3.283305093646049500e-03 9.999946355819702148e-01 -0.000000000000000000e+00 -9.999946355819702148e-01 -3.283305093646049500e-03 0.000000000000000000e+00
-3.299391362816095352e-03 9.999945759773254395e-01 0.000000000000000000e+00 -9.999945759773254395e-01 -3.299391362816095352e-03 0.000000000000000000e+00
-3.361274488270282745e-03 9.999943375587463379e-01 -0.000000000000000000e+00 -9.999943375587463379e-01 -3.361274488270282745e-03 0.000000000000000000e+00
-3.441868349909782410e-03 9.999940991401672363e-01 -0.000000000000000000e+00 -9.999940991401672363e-01 -3.441868349909782410e-03 0.000000000000000000e+00
-3.536824136972427368e-03 9.999937415122985840e-01 -0.000000000000000000e+00 -9.999937415122985840e-01 -3.536824136972427368e-03 0.000000000000000000e+00
-3.582878969609737396e-03 9.999936223030090332e-01 0.000000000000000000e+00 -9.999936223030090332e-01 -3.582878969609737396e-03 0.000000000000000000e+00
-3.593846457079052925e-03 9.999935626983642578e-01 -0.000000000000000000e+00 -9.999935626983642578e-01 -3.593846457079052925e-03 0.000000000000000000e+00
-3.647206816822290421e-03 9.999933838844299316e-01 0.000000000000000000e+00 -9.999933838844299316e-01 -3.647206816822290421e-03 0.000000000000000000e+00
-3.712505102157592773e-03 9.999931454658508301e-01 -0.000000000000000000e+00 -9.999931454658508301e-01 -3.712505102157592773e-03 0.000000000000000000e+00
-3.757138969376683235e-03 9.999929666519165039e-01 0.000000000000000000e+00 -9.999929666519165039e-01 -3.757138969376683235e-03 0.000000000000000000e+00
-3.817509626969695091e-03 9.999927282333374023e-01 -0.000000000000000000e+00 -9.999927282333374023e-01 -3.817509626969695091e-03 0.000000000000000000e+00
-3.897431306540966034e-03 9.999924302101135254e-01 0.000000000000000000e+00 -9.999924302101135254e-01 -3.897431306540966034e-03 0.000000000000000000e+00
-3.928267396986484528e-03 9.999923110008239746e-01 -0.000000000000000000e+00 -9.999923110008239746e-01 -3.928267396986484528e-03 0.000000000000000000e+00
-3.895593807101249695e-03 9.999924302101135254e-01 0.000000000000000000e+00 -9.999924302101135254e-01 -3.895593807101249695e-03 0.000000000000000000e+00
-3.949940670281648636e-03 9.999921917915344238e-01 -0.000000000000000000e+00 -9.999921917915344238e-01 -3.949940670281648636e-03 0.000000000000000000e+00
-3.906782250851392746e-03 9.999923706054687500e-01 0.000000000000000000e+00 -9.999923706054687500e-01 -3.906782250851392746e-03 0.000000000000000000e+00
-3.999339882284402847e-03 9.999920129776000977e-01 -0.000000000000000000e+00 -9.999920129776000977e-01 -3.999339882284402847e-03 0.000000000000000000e+00
-3.989108372479677200e-03 9.999920725822448730e-01 -0.000000000000000000e+00 -9.999920725822448730e-01 -3.989108372479677200e-03 0.000000000000000000e+00
-3.946999087929725647e-03 9.999922513961791992e-01 0.000000000000000000e+00 -9.999922513961791992e-01 -3.946999087929725647e-03 0.000000000000000000e+00
-4.068182315677404404e-03 9.999917149543762207e-01 -0.000000000000000000e+00 -9.999917149543762207e-01 -4.068182315677404404e-03 0.000000000000000000e+00
-4.017515573650598526e-03 9.999919533729553223e-01 0.000000000000000000e+00 -9.999919533729553223e-01 -4.017515573650598526e-03 0.000000000000000000e+00
-4.027806222438812256e-03 9.999918937683105469e-01 -0.000000000000000000e+00 -9.999918937683105469e-01 -4.027806222438812256e-03 0.000000000000000000e+00
-3.890678286552429199e-03 9.999924302101135254e-01 0.000000000000000000e+00 -9.999924302101135254e-01 -3.890678286552429199e-03 0.000000000000000000e+00
-3.864458063617348671e-03 9.999925494194030762e-01 -0.000000000000000000e+00 -9.999925494194030762e-01 -3.864458063617348671e-03 0.000000000000000000e+00
-3.800449194386601448e-03 9.999927878379821777e-01 0.000000000000000000e+00 -9.999927878379821777e-01 -3.800449194386601448e-03 0.000000000000000000e+00
-3.793692914769053459e-03 9.999928474426269531e-01 -0.000000000000000000e+00 -9.999928474426269531e-01 -3.793692914769053459e-03 0.000000000000000000e+00
-3.761758329346776009e-03 9.999929666519165039e-01 0.000000000000000000e+00 -9.999929666519165039e-01 -3.761758329346776009e-03 0.000000000000000000e+00
-3.808757755905389786e-03 9.999927878379821777e-01 -0.000000000000000000e+00 -9.999927878379821777e-01 -3.808757755905389786e-03 0.000000000000000000e+00
-3.720335895195603371e-03 9.999930858612060547e-01 0.000000000000000000e+00 -9.999930858612060547e-01 -3.720335895195603371e-03 0.000000000000000000e+00
-3.750296309590339661e-03 9.999929666519165039e-01 -0.000000000000000000e+00 -9.999929666519165039e-01 -3.750296309590339661e-03 0.000000000000000000e+00
-3.683463204652070999e-03 9.999932050704956055e-01 0.000000000000000000e+00 -9.999932050704956055e-01 -3.683463204652070999e-03 0.000000000000000000e+00
-3.632511245086789131e-03 9.999934434890747070e-01 0.000000000000000000e+00 -9.999934434890747070e-01 -3.632511245086789131e-03 0.000000000000000000e+00
-3.632388310506939888e-03 9.999934434890747070e-01 0.000000000000000000e+00 -9.999934434890747070e-01 -3.632388310506939888e-03 0.000000000000000000e+00
-3.620785661041736603e-03 9.999934434890747070e-01 0.000000000000000000e+00 -9.999934434890747070e-01 -3.620785661041736603e-03 0.000000000000000000e+00
-3.610104322433471680e-03 9.999935030937194824e-01 0.000000000000000000e+00 -9.999935030937194824e-01 -3.610104322433471680e-03 0.000000000000000000e+00
-3.561266697943210602e-03 9.999936819076538086e-01 0.000000000000000000e+00 -9.999936819076538086e-01 -3.561266697943210602e-03 0.000000000000000000e+00
-3.591415705159306526e-03 9.999935626983642578e-01 0.000000000000000000e+00 -9.999935626983642578e-01 -3.591415705159306526e-03 0.000000000000000000e+00
-3.475949633866548538e-03 9.999939799308776855e-01 0.000000000000000000e+00 -9.999939799308776855e-01 -3.475949633866548538e-03 0.000000000000000000e+00
-3.420489374548196793e-03 9.999941587448120117e-01 0.000000000000000000e+00 -9.999941587448120117e-01 -3.420489374548196793e-03 0.000000000000000000e+00
-3.356660017743706703e-03 9.999943971633911133e-01 0.000000000000000000e+00 -9.999943971633911133e-01 -3.356660017743706703e-03 0.000000000000000000e+00
-3.316817339509725571e-03 9.999945163726806641e-01 0.000000000000000000e+00 -9.999945163726806641e-01 -3.316817339509725571e-03 0.000000000000000000e+00
-3.300532232969999313e-03 9.999945759773254395e-01 0.000000000000000000e+00 -9.999945759773254395e-01 -3.300532232969999313e-03 0.000000000000000000e+00
-3.224618965759873390e-03 9.999948143959045410e-01 0.000000000000000000e+00 -9.999948143959045410e-01 -3.224618965759873390e-03 0.000000000000000000e+00
-3.176369471475481987e-03 9.999949932098388672e-01 0.000000000000000000e+00 -9.999949932098388672e-01 -3.176369471475481987e-03 0.000000000000000000e+00
-3.116515465080738068e-03 9.999951720237731934e-01 0.000000000000000000e+00 -9.999951720237731934e-01 -3.116515465080738068e-03 0.000000000000000000e+00
-3.103725379332900047e-03 9.999951720237731934e-01 0.000000000000000000e+00 -9.999951720237731934e-01 -3.103725379332900047e-03 0.000000000000000000e+00
-3.125724615529179573e-03 9.999951124191284180e-01 0.000000000000000000e+00 -9.999951124191284180e-01 -3.125724615529179573e-03 0.000000000000000000e+00
-3.076725872233510017e-03 9.999952912330627441e-01 0.000000000000000000e+00 -9.999952912330627441e-01 -3.076725872233510017e-03 0.000000000000000000e+00
-3.046920523047447205e-03 9.999953508377075195e-01 0.000000000000000000e+00 -9.999953508377075195e-01 -3.046920523047447205e-03 0.000000000000000000e+00
-2.983345650136470795e-03 9.999955892562866211e-01 0.000000000000000000e+00 -9.999955892562866211e-01 -2.983345650136470795e-03 0.000000000000000000e+00
-2.960550365969538689e-03 9.999956488609313965e-01 0.000000000000000000e+00 -9.999956488609313965e-01 -2.960550365969538689e-03 0.000000000000000000e+00
-2.914202166721224785e-03 9.999957680702209473e-01 0.000000000000000000e+00 -9.999957680702209473e-01 -2.914202166721224785e-03 0.000000000000000000e+00
-2.903384156525135040e-03 9.999958276748657227e-01 0.000000000000000000e+00 -9.999958276748657227e-01 -2.903384156525135040e-03 0.000000000000000000e+00
-2.862216439098119736e-03 9.999959468841552734e-01 0.000000000000000000e+00 -9.999959468841552734e-01 -2.862216439098119736e-03 0.000000000000000000e+00
-2.839914523065090179e-03 9.999960064888000488e-01 0.000000000000000000e+00 -9.999960064888000488e-01 -2.839914523065090179e-03 0.000000000000000000e+00
-2.785748569294810295e-03 9.999961256980895996e-01 0.000000000000000000e+00 -9.999961256980895996e-01 -2.785748569294810295e-03 0.000000000000000000e+00
-2.751068444922566414e-03 9.999962449073791504e-01 0.000000000000000000e+00 -9.999962449073791504e-01 -2.751068444922566414e-03 0.000000000000000000e+00
-2.717445138841867447e-03 9.999963045120239258e-01 0.000000000000000000e+00 -9.999963045120239258e-01 -2.717445138841867447e-03 0.000000000000000000e+00
-2.701047109439969063e-03 9.999963641166687012e-01 0.000000000000000000e+00 -9.999963641166687012e-01 -2.701047109439969063e-03 0.000000000000000000e+00
-2.728255698457360268e-03 9.999963045120239258e-01 0.000000000000000000e+00 -9.999963045120239258e-01 -2.728255698457360268e-03 0.000000000000000000e+00
-2.737720962613821030e-03 9.999962449073791504e-01 0.000000000000000000e+00 -9.999962449073791504e-01 -2.737720962613821030e-03 0.000000000000000000e+00
-2.782159950584173203e-03 9.999961256980895996e-01 0.000000000000000000e+00 -9.999961256980895996e-01 -2.782159950584173203e-03 0.000000000000000000e+00
-2.739486517384648323e-03 9.999962449073791504e-01 0.000000000000000000e+00 -9.999962449073791504e-01 -2.739486517384648323e-03 0.000000000000000000e+00
-2.769236452877521515e-03 9.999961853027343750e-01 0.000000000000000000e+00 -9.999961853027343750e-01 -2.769236452877521515e-03 0.000000000000000000e+00
-2.753946231678128242e-03 9.999962449073791504e-01 0.000000000000000000e+00 -9.999962449073791504e-01 -2.753946231678128242e-03 0.000000000000000000e+00
-2.797814551740884781e-03 9.999961256980895996e-01 0.000000000000000000e+00 -9.999961256980895996e-01 -2.797814551740884781e-03 0.000000000000000000e+00
-2.749305684119462967e-03 9.999962449073791504e-01 0.000000000000000000e+00 -9.999962449073791504e-01 -2.749305684119462967e-03 0.000000000000000000e+00
-2.772364299744367599e-03 9.999961853027343750e-01 0.000000000000000000e+00 -9.999961853027343750e-01 -2.772364299744367599e-03 0.000000000000000000e+00
-2.681735204532742500e-03 9.999964237213134766e-01 0.000000000000000000e+00 -9.999964237213134766e-01 -2.681735204532742500e-03 0.000000000000000000e+00
-2.749788574874401093e-03 9.999962449073791504e-01 0.000000000000000000e+00 -9.999962449073791504e-01 -2.749788574874401093e-03 0.000000000000000000e+00
-2.667233580723404884e-03 9.999964833259582520e-01 0.000000000000000000e+00 -9.999964833259582520e-01 -2.667233580723404884e-03 0.000000000000000000e+00
-2.685173181816935539e-03 9.999964237213134766e-01 0.000000000000000000e+00 -9.999964237213134766e-01 -2.685173181816935539e-03 0.000000000000000000e+00
-2.563754329457879066e-03 9.999967217445373535e-01 0.000000000000000000e+00 -9.999967217445373535e-01 -2.563754329457879066e-03 0.000000000000000000e+00
-2.565641421824693680e-03 9.999967217445373535e-01 0.000000000000000000e+00 -9.999967217445373535e-01 -2.565641421824693680e-03 0.000000000000000000e+00
-2.627979032695293427e-03 9.999965429306030273e-01 0.000000000000000000e+00 -9.999965429306030273e-01 -2.627979032695293427e-03 0.000000000000000000e+00
-2.592791803181171417e-03 9.999966621398925781e-01 0.000000000000000000e+00 -9.999966621398925781e-01 -2.592791803181171417e-03 0.000000000000000000e+00
-2.642649458721280098e-03 9.999965429306030273e-01 0.000000000000000000e+00 -9.999965429306030273e-01 -2.642649458721280098e-03 0.000000000000000000e+00
-2.617040881887078285e-03 9.999966025352478027e-01 0.000000000000000000e+00 -9.999966025352478027e-01 -2.617040881887078285e-03 0.000000000000000000e+00
-2.668019151315093040e-03 9.999964833259582520e-01 0.000000000000000000e+00 -9.999964833259582520e-01 -2.668019151315093040e-03 0.000000000000000000e+00
-2.637365134432911873e-03 9.999965429306030273e-01 0.000000000000000000e+00 -9.999965429306030273e-01 -2.637365134432911873e-03 0.000000000000000000e+00
-2.715319395065307617e-03 9.999963045120239258e-01 0.000000000000000000e+00 -9.999963045120239258e-01 -2.715319395065307617e-03 0.000000000000000000e+00
-2.647530985996127129e-03 9.999964833259582520e-01 0.000000000000000000e+00 -9.999964833259582520e-01 -2.647530985996127129e-03 0.000000000000000000e+00
-2.761821029707789421e-03 9.999961853027343750e-01 0.000000000000000000e+00 -9.999961853027343750e-01 -2.761821029707789421e-03 0.000000000000000000e+00
-2.672442700713872910e-03 9.999964237213134766e-01 0.000000000000000000e+00 -9.999964237213134766e-01 -2.672442700713872910e-03 0.000000000000000000e+00
-2.727821934968233109e-03 9.999963045120239258e-01 0.000000000000000000e+00 -9.999963045120239258e-01 -2.727821934968233109e-03 0.000000000000000000e+00
-6.156114116311073303e-02 -9.981025457382202148e-01 -1.240058685652911663e-03 7.633948553120717406e-05 1.237706746906042099e-03 -9.999992251396179199e-01
-6.156113743782043457e-02 -9.981024861335754395e-01 -1.318093738518655300e-03 8.114342199405655265e-05 1.315593719482421875e-03 -9.999991655349731445e-01
6.156115606427192688e-02 -9.981027841567993164e-01 -1.047234400175511837e-03 -6.446899351431056857e-05 1.045248121954500675e-03 -9.999994635581970215e-01
6.156115233898162842e-02 -9.981027245521545410e-01 -1.107582706026732922e-03 -6.818411202402785420e-05 1.105481991544365883e-03 -9.999994039535522461e-01
1.837491542100906372e-01 -9.829727411270141602e-01 -9.336038492619991302e-04 -1.715489925118163228e-04 9.177075116895139217e-04 -9.999995827674865723e-01
1.837491393089294434e-01 -9.829726815223693848e-01 -1.021355506964027882e-03 -1.876732712844386697e-04 1.003964920528233051e-03 -9.999994635581970215e-01
3.031527101993560791e-01 -9.529415369033813477e-01 -9.435780229978263378e-04 -2.860483364202082157e-04 8.991750655695796013e-04 -9.999995827674865723e-01
3.031526803970336914e-01 -9.529414176940917969e-01 -1.056709792464971542e-03 -3.203445521648973227e-04 1.006983104161918163e-03 -9.999994635581970215e-01
4.179604351520538330e-01 -9.084647297859191895e-01 -9.750760509632527828e-04 -4.075434117112308741e-04 8.858226356096565723e-04 -9.999995231628417969e-01
4.179604053497314453e-01 -9.084646701812744141e-01 -1.032950473017990589e-03 -4.317326529417186975e-04 9.383995202369987965e-04 -9.999994635581970215e-01
5.264317393302917480e-01 -8.502167463302612305e-01 -1.050518709234893322e-03 -5.530266789719462395e-04 8.931690827012062073e-04 -9.999994635581970215e-01
5.264316797256469727e-01 -8.502166867256164551e-01 -1.145349466241896152e-03 -6.029486539773643017e-04 9.737958316691219807e-04 -9.999993443489074707e-01
6.269233226776123047e-01 -7.790802121162414551e-01 -1.101280562579631805e-03 -6.904188776388764381e-04 8.579863933846354485e-04 -9.999994039535522461e-01
6.269232630729675293e-01 -7.790801525115966797e-01 -1.131337601691484451e-03 -7.092623854987323284e-04 8.814033353701233864e-04 -9.999994039535522461e-01
7.179116010665893555e-01 -6.961334347724914551e-01 -1.122523681260645390e-03 -8.058731909841299057e-04 7.814267301000654697e-04 -9.999994039535522461e-01
7.179116010665893555e-01 -6.961334347724914551e-01 -1.144913607276976109e-03 -8.219471783377230167e-04 7.970130536705255508e-04 -9.999993443489074707e-01
7.980168461799621582e-01 -6.026341319084167480e-01 -1.124554197303950787e-03 -8.974136435426771641e-04 6.776950904168188572e-04 -9.999993443489074707e-01
7.980169057846069336e-01 -6.026341915130615234e-01 -1.075419131666421890e-03 -8.582030422985553741e-04 6.480846204794943333e-04 -9.999994635581970215e-01
8.660247325897216797e-01 -4.999999403953552246e-01 -1.111449208110570908e-03 -9.625431266613304615e-04 5.557248950935900211e-04 -9.999994039535522461e-01
8.660247325897216797e-01 -4.999999403953552246e-01 -1.111320569179952145e-03 -9.624317171983420849e-04 5.556605756282806396e-04 -9.999994039535522461e-01
9.209052324295043945e-01 -3.897852897644042969e-01 -1.037601148709654808e-03 -9.555328288115561008e-04 4.044418747071176767e-04 -9.999994635581970215e-01
9.209052324295043945e-01 -3.897852897644042969e-01 -1.040010596625506878e-03 -9.577517048455774784e-04 4.053810553159564734e-04 -9.999994635581970215e-01
9.618251323699951172e-01 -2.736630737781524658e-01 -1.000014482997357845e-03 -9.618395124562084675e-04 2.736671594902873039e-04 -9.999995231628417969e-01
9.618250727653503418e-01 -2.736630737781524658e-01 -1.066700206138193607e-03 -1.025979523546993732e-03 2.919165708590298891e-04 -9.999994635581970215e-01
9.881650209426879883e-01 -1.533913463354110718e-01 -9.836005046963691711e-04 -9.719600784592330456e-04 1.508758723502978683e-04 -9.999995231628417969e-01
9.881649017333984375e-01 -1.533913314342498779e-01 -1.145996153354644775e-03 -1.132433768361806870e-03 1.757859572535380721e-04 -9.999993443489074707e-01
9.995251893997192383e-01 -3.079510293900966644e-02 -1.046116813085973263e-03 -1.045620650984346867e-03 3.221529186703264713e-05 -9.999994635581970215e-01
9.995249509811401367e-01 -3.079509548842906952e-02 -1.253315596841275692e-03 -1.252721180208027363e-03 3.859600474243052304e-05 -9.999992251396179199e-01
9.957335591316223145e-01 9.226831048727035522e-02 -1.134705264121294022e-03 -1.129864947870373726e-03 -1.046974139171652496e-04 -9.999994039535522461e-01
9.957331418991088867e-01 9.226827323436737061e-02 -1.481600804254412651e-03 -1.475280616432428360e-03 -1.367048971587792039e-04 -9.999989271163940430e-01
9.768474102020263672e-01 2.139325886964797974e-01 -1.415483071468770504e-03 -1.382712158374488354e-03 -3.028182254638522863e-04 -9.999989867210388184e-01
9.768469929695129395e-01 2.139324843883514404e-01 -1.690531615167856216e-03 -1.651393016800284386e-03 -3.616601461544632912e-04 -9.999985694885253906e-01
9.431530833244323730e-01 3.323547542095184326e-01 -1.610475126653909683e-03 -1.518926350399851799e-03 -5.352497100830078125e-04 -9.999986886978149414e-01
9.431527256965637207e-01 3.323546051979064941e-01 -1.839708071202039719e-03 -1.735128578729927540e-03 -6.114364950917661190e-04 -9.999983310699462891e-01
8.951619863510131836e-01 4.457373321056365967e-01 -1.813674112781882286e-03 -1.623534713871777058e-03 -8.084235596470534801e-04 -9.999983906745910645e-01
8.951617479324340820e-01 4.457372128963470459e-01 -1.953233499079942703e-03 -1.748463022522628307e-03 -8.706303779035806656e-04 -9.999980926513671875e-01
8.336006402969360352e-01 5.523636937141418457e-01 -2.070998074486851692e-03 -1.726389047689735889e-03 -1.143946661613881588e-03 -9.999978542327880859e-01
8.336004614830017090e-01 5.523635745048522949e-01 -2.194113796576857567e-03 -1.829018583521246910e-03 -1.211951370351016521e-03 -9.999976158142089844e-01
7.594025135040283203e-01 6.506165266036987305e-01 -2.442092634737491608e-03 -1.854536822065711021e-03 -1.588870654813945293e-03 -9.999970197677612305e-01
7.594025731086730957e-01 6.506165862083435059e-01 -2.424230333417654037e-03 -1.840972108766436577e-03 -1.577249029651284218e-03 -9.999970793724060059e-01
6.736935973167419434e-01 7.390064001083374023e-01 -2.571813529357314110e-03 -1.732619944959878922e-03 -1.900592935271561146e-03 -9.999967217445373535e-01
6.736934781074523926e-01 7.390062808990478516e-01 -2.629774156957864761e-03 -1.771667855791747570e-03 -1.943426323123276234e-03 -9.999965429306030273e-01
5.777716636657714844e-01 8.161938786506652832e-01 -2.753033535555005074e-03 -1.590630621649324894e-03 -2.247017575427889824e-03 -9.999962449073791504e-01
5.777714848518371582e-01 8.161935806274414062e-01 -2.880024490877985954e-03 -1.664002658799290657e-03 -2.350667258724570274e-03 -9.999958872795104980e-01
4.730916619300842285e-01 8.810084462165832520e-01 -2.905514091253280640e-03 -1.374580082483589649e-03 -2.559792948886752129e-03 -9.999957680702209473e-01
4.730914533138275146e-01 8.810080885887145996e-01 -3.032370470464229584e-03 -1.434595207683742046e-03 -2.671555150300264359e-03 -9.999954104423522949e-01
3.612397313117980957e-01 9.324679970741271973e-01 -3.054549684748053551e-03 -1.103429822251200676e-03 -2.848283154889941216e-03 -9.999953508377075195e-01
3.612396419048309326e-01 9.324678182601928711e-01 -3.114921040832996368e-03 -1.125238486565649509e-03 -2.904577646404504776e-03 -9.999951720237731934e-01
2.439126074314117432e-01 9.697922468185424805e-01 -3.115427214652299881e-03 -7.598956581205129623e-04 -3.021331736817955971e-03 -9.999951720237731934e-01
2.439125627279281616e-01 9.697921276092529297e-01 -3.165250876918435097e-03 -7.720483117736876011e-04 -3.069650614634156227e-03 -9.999949932098388672e-01
1.228877156972885132e-01 9.924150705337524414e-01 -3.313587279990315437e-03 -4.072013834957033396e-04 -3.288471838459372520e-03 -9.999945163726806641e-01
1.228877305984497070e-01 9.924151897430419922e-01 -3.272603731602430344e-03 -4.021649947389960289e-04 -3.247799118980765343e-03 -9.999946355819702148e-01
0.000000000000000000e+00 3.291724016889929771e-03 9.999945759773254395e-01 0.000000000000000000e+00 9.999945759773254395e-01 -3.291724016889929771e-03
0.000000000000000000e+00 3.296308685094118118e-03 9.999945759773254395e-01 0.000000000000000000e+00 9.999945759773254395e-01 -3.296308685094118118e-03
-1.228875219821929932e-01 9.924135208129882812e-01 -3.748315386474132538e-03 4.606244328897446394e-04 -3.719904925674200058e-03 -9.999929666519165039e-01
-1.228875517845153809e-01 9.924137592315673828e-01 -3.691926365718245506e-03 4.536948690656572580e-04 -3.663943381980061531e-03 -9.999932050704956055e-01
-2.439120113849639893e-01 9.697899222373962402e-01 -3.816681448370218277e-03 9.309411980211734772e-04 -3.701406065374612808e-03 -9.999927282333374023e-01
-2.439119815826416016e-01 9.697898030281066895e-01 -3.849731525406241417e-03 9.390026098117232323e-04 -3.733457997441291809e-03 -9.999926090240478516e-01
-3.612386286258697510e-01 9.324651956558227539e-01 -3.922856412827968597e-03 1.417098101228475571e-03 -3.657955210655927658e-03 -9.999923110008239746e-01
-3.612385690212249756e-01 9.324650168418884277e-01 -3.964426461607217789e-03 1.432115095667541027e-03 -3.696718253195285797e-03 -9.999921917915344238e-01
-4.730899333953857422e-01 8.810052871704101562e-01 -3.957751207053661346e-03 1.872386899776756763e-03 -3.486826783046126366e-03 -9.999921917915344238e-01
-4.730898737907409668e-01 8.810051679611206055e-01 -3.986082971096038818e-03 1.885790494270622730e-03 -3.511787392199039459e-03 -9.999920725822448730e-01
-5.777692794799804688e-01 8.161904811859130859e-01 -3.973215818405151367e-03 2.295620040968060493e-03 -3.242926439270377159e-03 -9.999921321868896484e-01
-5.777692794799804688e-01 8.161904811859130859e-01 -3.975597675889730453e-03 2.296995837241411209e-03 -3.244870109483599663e-03 -9.999920725822448730e-01
-6.736905574798583984e-01 7.390031218528747559e-01 -3.941373899579048157e-03 2.655287040397524834e-03 -2.912710187956690788e-03 -9.999922513961791992e-01
-6.736903190612792969e-01 7.390028238296508789e-01 -4.041664768010377884e-03 2.722852630540728569e-03 -2.986826002597808838e-03 -9.999918341636657715e-01
-7.593985795974731445e-01 6.506131887435913086e-01 -4.035930149257183075e-03 3.064904594793915749e-03 -2.625850727781653404e-03 -9.999918341636657715e-01
-7.593982815742492676e-01 6.506129503250122070e-01 -4.125397186726331711e-03 3.132846439257264137e-03 -2.684059785678982735e-03 -9.999914765357971191e-01
-8.335952758789062500e-01 5.523601770401000977e-01 -4.153448622673749924e-03 3.462324617430567741e-03 -2.294219098985195160e-03 -9.999914169311523438e-01
-8.335953950881958008e-01 5.523602366447448730e-01 -4.120592959225177765e-03 3.434936283156275749e-03 -2.276070881634950638e-03 -9.999915361404418945e-01
-8.951558470726013184e-01 4.457342922687530518e-01 -4.125267732888460159e-03 3.692788304761052132e-03 -1.838788622990250587e-03 -9.999914765357971191e-01
-8.951562643051147461e-01 4.457345008850097656e-01 -4.005365073680877686e-03 3.585456172004342079e-03 -1.785343512892723083e-03 -9.999920129776000977e-01
-9.431465864181518555e-01 3.323524594306945801e-01 -4.058971535414457321e-03 3.828235901892185211e-03 -1.349020050838589668e-03 -9.999917745590209961e-01
-9.431470632553100586e-01 3.323526382446289062e-01 -3.920583520084619522e-03 3.697715001180768013e-03 -1.303026219829916954e-03 -9.999923706054687500e-01
-9.768404960632324219e-01 2.139310687780380249e-01 -4.009924363344907761e-03 3.917088732123374939e-03 -8.578543784096837044e-04 -9.999920129776000977e-01
-9.768408536911010742e-01 2.139311581850051880e-01 -3.935139160603284836e-03 3.844033693894743919e-03 -8.418552461080253124e-04 -9.999922513961791992e-01
-9.957259893417358398e-01 9.226760268211364746e-02 -4.075029399245977402e-03 4.057646263390779495e-03 -3.759963146876543760e-04 -9.999917149543762207e-01
-9.957270622253417969e-01 9.226770699024200439e-02 -3.802359802648425102e-03 3.786139655858278275e-03 -3.508375375531613827e-04 -9.999927878379821777e-01
-9.995182752609252930e-01 -3.079489059746265411e-02 -3.857844974845647812e-03 3.856015624478459358e-03 1.188028036267496645e-04 -9.999926090240478516e-01
-9.995189905166625977e-01 -3.079491294920444489e-02 -3.678913926705718040e-03 3.677169093862175941e-03 1.132925972342491150e-04 -9.999932646751403809e-01
-9.881586432456970215e-01 -1.533903628587722778e-01 -3.742345608770847321e-03 3.698056563735008240e-03 5.740436608903110027e-04 -9.999930262565612793e-01
-9.881593585014343262e-01 -1.533904820680618286e-01 -3.534912364557385445e-03 3.493078285828232765e-03 5.422251997515559196e-04 -9.999937415122985840e-01
-9.618193507194519043e-01 -2.736614048480987549e-01 -3.612129017710685730e-03 3.474238095805048943e-03 9.885067120194435120e-04 -9.999935030937194824e-01
-9.618204236030578613e-01 -2.736617326736450195e-01 -3.284730250015854836e-03 3.159337677061557770e-03 8.989097550511360168e-04 -9.999946355819702148e-01
-9.209002852439880371e-01 -3.897832036018371582e-01 -3.438272513449192047e-03 3.166324691846966743e-03 1.340188784524798393e-03 -9.999940991401672363e-01
-9.209011197090148926e-01 -3.897835612297058105e-01 -3.168285125866532326e-03 2.917691832408308983e-03 1.234951545484364033e-03 -9.999949932098388672e-01
-8.660206794738769531e-01 -4.999975860118865967e-01 -3.270364366471767426e-03 2.832218073308467865e-03 1.635182881727814674e-03 -9.999946355819702148e-01
-8.660213947296142578e-01 -4.999980032444000244e-01 -2.998865442350506783e-03 2.597093349322676659e-03 1.499433419667184353e-03 -9.999955296516418457e-01
-7.980138063430786133e-01 -6.026318669319152832e-01 -2.987258834764361382e-03 2.383884275332093239e-03 1.800225232727825642e-03 -9.999955892562866211e-01
-7.980141639709472656e-01 -6.026321053504943848e-01 -2.803180366754531860e-03 2.236986532807350159e-03 1.689293188974261284e-03 -9.999960660934448242e-01
-7.179095149040222168e-01 -6.961314082145690918e-01 -2.657553413882851601e-03 1.907889498397707939e-03 1.850012922659516335e-03 -9.999964833259582520e-01
-7.179097533226013184e-01 -6.961316466331481934e-01 -2.511724364012479782e-03 1.803197083063423634e-03 1.748496317304670811e-03 -9.999968409538269043e-01
-6.269219517707824707e-01 -7.790784835815429688e-01 -2.370593836531043053e-03 1.486181397922337055e-03 1.846883911639451981e-03 -9.999971985816955566e-01
-6.269221305847167969e-01 -7.790787816047668457e-01 -2.207034267485141754e-03 1.383642083965241909e-03 1.719457795843482018e-03 -9.999975562095642090e-01
-5.264309644699096680e-01 -8.502154350280761719e-01 -2.051836811006069183e-03 1.080152578651905060e-03 1.744506997056305408e-03 -9.999979138374328613e-01
-5.264310240745544434e-01 -8.502155542373657227e-01 -1.976149622350931168e-03 1.040308619849383831e-03 1.680156565271317959e-03 -9.999980926513671875e-01
-4.179599285125732422e-01 -9.084635972976684570e-01 -1.851671840995550156e-03 7.739260327070951462e-04 1.682179397903382778e-03 -9.999983310699462891e-01
-4.179599285125732422e-01 -9.084635972976684570e-01 -1.867184648290276527e-03 7.804097258485853672e-04 1.696272171102464199e-03 -9.999982714653015137e-01
-3.031523823738098145e-01 -9.529405832290649414e-01 -1.683117588981986046e-03 5.102418945170938969e-04 1.603913493454456329e-03 -9.999986290931701660e-01
-3.031523823738098145e-01 -9.529405832290649414e-01 -1.685074996203184128e-03 5.108353216201066971e-04 1.605778816156089306e-03 -9.999986290931701660e-01
-1.837490350008010864e-01 -9.829720854759216309e-01 -1.481110695749521255e-03 2.721529453992843628e-04 1.455892110243439674e-03 -9.999989271163940430e-01
-1.837490499019622803e-01 -9.829721450805664062e-01 -1.451909658499062061e-03 2.667872759047895670e-04 1.427188282832503319e-03 -9.999989867210388184e-01
-1.487269764766097069e-03 -9.999989271163940430e-01 0.000000000000000000e+00 -9.999989271163940430e-01 1.487269764766097069e-03 0.000000000000000000e+00
-1.512513728812336922e-03 -9.999988675117492676e-01 0.000000000000000000e+00 -9.999988675117492676e-01 1.512513728812336922e-03 0.000000000000000000e+00
-1.697581494227051735e-03 -9.999985694885253906e-01 0.000000000000000000e+00 -9.999985694885253906e-01 1.697581494227051735e-03 0.000000000000000000e+00
-1.395026920363306999e-03 -9.999990463256835938e-01 0.000000000000000000e+00 -9.999990463256835938e-01 1.395026920363306999e-03 0.000000000000000000e+00
-1.401239889673888683e-03 -9.999990463256835938e-01 -0.000000000000000000e+00 -9.999990463256835938e-01 1.401239889673888683e-03 0.000000000000000000e+00
-1.376681961119174957e-03 -9.999990463256835938e-01 0.000000000000000000e+00 -9.999990463256835938e-01 1.376681961119174957e-03 0.000000000000000000e+00
-1.375226303935050964e-03 -9.999990463256835938e-01 -0.000000000000000000e+00 -9.999990463256835938e-01 1.375226303935050964e-03 0.000000000000000000e+00
-1.322745811194181442e-03 -9.999991655349731445e-01 0.000000000000000000e+00 -9.999991655349731445e-01 1.322745811194181442e-03 0.000000000000000000e+00
-1.303334254771471024e-03 -9.999991655349731445e-01 -0.000000000000000000e+00 -9.999991655349731445e-01 1.303334254771471024e-03 0.000000000000000000e+00
-1.285988488234579563e-03 -9.999991655349731445e-01 0.000000000000000000e+00 -9.999991655349731445e-01 1.285988488234579563e-03 0.000000000000000000e+00
-1.305360347032546997e-03 -9.999991655349731445e-01 -0.000000000000000000e+00 -9.999991655349731445e-01 1.305360347032546997e-03 0.000000000000000000e+00
-1.300363102927803993e-03 -9.999991655349731445e-01 0.000000000000000000e+00 -9.999991655349731445e-01 1.300363102927803993e-03 0.000000000000000000e+00
-1.296603353694081306e-03 -9.999991655349731445e-01 -0.000000000000000000e+00 -9.999991655349731445e-01 1.296603353694081306e-03 0.000000000000000000e+00
-1.267637591809034348e-03 -9.999992251396179199e-01 0.000000000000000000e+00 -9.999992251396179199e-01 1.267637591809034348e-03 0.000000000000000000e+00
-1.266089850105345249e-03 -9.999992251396179199e-01 -0.000000000000000000e+00 -9.999992251396179199e-01 1.266089850105345249e-03 0.000000000000000000e+00
-1.238295808434486389e-03 -9.999992251396179199e-01 0.000000000000000000e+00 -9.999992251396179199e-01 1.238295808434486389e-03 0.000000000000000000e+00
-1.225189655087888241e-03 -9.999992847442626953e-01 -0.000000000000000000e+00 -9.999992847442626953e-01 1.225189655087888241e-03 0.000000000000000000e+00
-1.218483550474047661e-03 -9.999992847442626953e-01 0.000000000000000000e+00 -9.999992847442626953e-01 1.218483550474047661e-03 0.000000000000000000e+00
-1.218881458044052124e-03 -9.999992847442626953e-01 -0.000000000000000000e+00 -9.999992847442626953e-01 1.218881458044052124e-03 0.000000000000000000e+00
-1.215092488564550877e-03 -9.999992847442626953e-01 0.000000000000000000e+00 -9.999992847442626953e-01 1.215092488564550877e-03 0.000000000000000000e+00
-1.242092112079262733e-03 -9.999992251396179199e-01 -0.000000000000000000e+00 -9.999992251396179199e-01 1.242092112079262733e-03 0.000000000000000000e+00
-1.173585304059088230e-03 -9.999993443489074707e-01 0.000000000000000000e+00 -9.999993443489074707e-01 1.173585304059088230e-03 0.000000000000000000e+00
-1.217219629324972630e-03 -9.999992847442626953e-01 -0.000000000000000000e+00 -9.999992847442626953e-01 1.217219629324972630e-03 0.000000000000000000e+00
-1.228721113875508308e-03 -9.999992847442626953e-01 0.000000000000000000e+00 -9.999992847442626953e-01 1.228721113875508308e-03 0.000000000000000000e+00
-1.289552077651023865e-03 -9.999991655349731445e-01 -0.000000000000000000e+00 -9.999991655349731445e-01 1.289552077651023865e-03 0.000000000000000000e+00
-1.273225992918014526e-03 -9.999992251396179199e-01 0.000000000000000000e+00 -9.999992251396179199e-01 1.273225992918014526e-03 0.000000000000000000e+00
-1.336086075752973557e-03 -9.999991059303283691e-01 -0.000000000000000000e+00 -9.999991059303283691e-01 1.336086075752973557e-03 0.000000000000000000e+00
-1.348927384242415428e-03 -9.999991059303283691e-01 0.000000000000000000e+00 -9.999991059303283691e-01 1.348927384242415428e-03 0.000000000000000000e+00
-1.405498594976961613e-03 -9.999990463256835938e-01 -0.000000000000000000e+00 -9.999990463256835938e-01 1.405498594976961613e-03 0.000000000000000000e+00
-1.406231545843183994e-03 -9.999990463256835938e-01 -0.000000000000000000e+00 -9.999990463256835938e-01 1.406231545843183994e-03 0.000000000000000000e+00
-1.472387346439063549e-03 -9.999989271163940430e-01 -0.000000000000000000e+00 -9.999989271163940430e-01 1.472387346439063549e-03 0.000000000000000000e+00
-1.484324806369841099e-03 -9.999989271163940430e-01 -0.000000000000000000e+00 -9.999989271163940430e-01 1.484324806369841099e-03 0.000000000000000000e+00
-1.449229661375284195e-03 -9.999989867210388184e-01 -0.000000000000000000e+00 -9.999989867210388184e-01 1.449229661375284195e-03 0.000000000000000000e+00
-1.517655909992754459e-03 -9.999988675117492676e-01 -0.000000000000000000e+00 -9.999988675117492676e-01 1.517655909992754459e-03 0.000000000000000000e+00
-1.528341206721961498e-03 -9.999988675117492676e-01 -0.000000000000000000e+00 -9.999988675117492676e-01 1.528341206721961498e-03 0.000000000000000000e+00
-1.561271375976502895e-03 -9.999988079071044922e-01 -0.000000000000000000e+00 -9.999988079071044922e-01 1.561271375976502895e-03 0.000000000000000000e+00
-1.579528441652655602e-03 -9.999987483024597168e-01 -0.000000000000000000e+00 -9.999987483024597168e-01 1.579528441652655602e-03 0.000000000000000000e+00
-1.668835058808326721e-03 -9.999986290931701660e-01 -0.000000000000000000e+00 -9.999986290931701660e-01 1.668835058808326721e-03 0.000000000000000000e+00
-1.716914004646241665e-03 -9.999985694885253906e-01 -0.000000000000000000e+00 -9.999985694885253906e-01 1.716914004646241665e-03 0.000000000000000000e+00
-1.770266448147594929e-03 -9.999984502792358398e-01 -0.000000000000000000e+00 -9.999984502792358398e-01 1.770266448147594929e-03 0.000000000000000000e+00
-1.792196999303996563e-03 -9.999983906745910645e-01 -0.000000000000000000e+00 -9.999983906745910645e-01 1.792196999303996563e-03 0.000000000000000000e+00
-1.805841689929366112e-03 -9.999983906745910645e-01 -0.000000000000000000e+00 -9.999983906745910645e-01 1.805841689929366112e-03 0.000000000000000000e+00
-1.845640363171696663e-03 -9.999983310699462891e-01 -0.000000000000000000e+00 -9.999983310699462891e-01 1.845640363171696663e-03 0.000000000000000000e+00
-1.901958021335303783e-03 -9.999982118606567383e-01 -0.000000000000000000e+00 -9.999982118606567383e-01 1.901958021335303783e-03 0.000000000000000000e+00
-1.969489501789212227e-03 -9.999980926513671875e-01 -0.000000000000000000e+00 -9.999980926513671875e-01 1.969489501789212227e-03 0.000000000000000000e+00
-2.027830341830849648e-03 -9.999979734420776367e-01 -0.000000000000000000e+00 -9.999979734420776367e-01 2.027830341830849648e-03 0.000000000000000000e+00
-2.049735980108380318e-03 -9.999979138374328613e-01 -0.000000000000000000e+00 -9.999979138374328613e-01 2.049735980108380318e-03 0.000000000000000000e+00
-2.077949699014425278e-03 -9.999978542327880859e-01 -0.000000000000000000e+00 -9.999978542327880859e-01 2.077949699014425278e-03 0.000000000000000000e+00
-2.085401909425854683e-03 -9.999978542327880859e-01 -0.000000000000000000e+00 -9.999978542327880859e-01 2.085401909425854683e-03 0.000000000000000000e+00
-2.116485964506864548e-03 -9.999977946281433105e-01 -0.000000000000000000e+00 -9.999977946281433105e-01 2.116485964506864548e-03 0.000000000000000000e+00
-2.124110469594597816e-03 -9.999977350234985352e-01 -0.000000000000000000e+00 -9.999977350234985352e-01 2.124110469594597816e-03 0.000000000000000000e+00
-2.124110469594597816e-03 -9.999977350234985352e-01 -0.000000000000000000e+00 -9.999977350234985352e-01 2.124110469594597816e-03 0.000000000000000000e+00
-2.137036761268973351e-03 -9.999977350234985352e-01 -0.000000000000000000e+00 -9.999977350234985352e-01 2.137036761268973351e-03 0.000000000000000000e+00
-2.172302221879363060e-03 -9.999976754188537598e-01 -0.000000000000000000e+00 -9.999976754188537598e-01 2.172302221879363060e-03 0.000000000000000000e+00
-2.202760661020874977e-03 -9.999976158142089844e-01 -0.000000000000000000e+00 -9.999976158142089844e-01 2.202760661020874977e-03 0.000000000000000000e+00
-2.248502103611826897e-03 -9.999974966049194336e-01 -0.000000000000000000e+00 -9.999974966049194336e-01 2.248502103611826897e-03 0.000000000000000000e+00
-2.320983679965138435e-03 -9.999973177909851074e-01 -0.000000000000000000e+00 -9.999973177909851074e-01 2.320983679965138435e-03 0.000000000000000000e+00
-2.340692095458507538e-03 -9.999972581863403320e-01 -0.000000000000000000e+00 -9.999972581863403320e-01 2.340692095458507538e-03 0.000000000000000000e+00
-2.372659510001540184e-03 -9.999971985816955566e-01 -0.000000000000000000e+00 -9.999971985816955566e-01 2.372659510001540184e-03 0.000000000000000000e+00
-2.386966953054070473e-03 -9.999971389770507812e-01 0.000000000000000000e+00 -9.999971389770507812e-01 2.386966953054070473e-03 0.000000000000000000e+00
-2.369128167629241943e-03 -9.999971985816955566e-01 0.000000000000000000e+00 -9.999971985816955566e-01 2.369128167629241943e-03 0.000000000000000000e+00
-2.461154945194721222e-03 -9.999969601631164551e-01 0.000000000000000000e+00 -9.999969601631164551e-01 2.461154945194721222e-03 0.000000000000000000e+00
-2.435571746900677681e-03 -9.999970197677612305e-01 0.000000000000000000e+00 -9.999970197677612305e-01 2.435571746900677681e-03 0.000000000000000000e+00
-2.395340008661150932e-03 -9.999971389770507812e-01 0.000000000000000000e+00 -9.999971389770507812e-01 2.395340008661150932e-03 0.000000000000000000e+00
-2.385982312262058258e-03 -9.999971389770507812e-01 0.000000000000000000e+00 -9.999971389770507812e-01 2.385982312262058258e-03 0.000000000000000000e+00
-2.368343295529484749e-03 -9.999971985816955566e-01 0.000000000000000000e+00 -9.999971985816955566e-01 2.368343295529484749e-03 0.000000000000000000e+00
-2.402310026809573174e-03 -9.999971389770507812e-01 0.000000000000000000e+00 -9.999971389770507812e-01 2.402310026809573174e-03 0.000000000000000000e+00
-2.411172259598970413e-03 -9.999970793724060059e-01 0.000000000000000000e+00 -9.999970793724060059e-01 2.411172259598970413e-03 0.000000000000000000e+00
-2.405641367658972740e-03 -9.999971389770507812e-01 0.000000000000000000e+00 -9.999971389770507812e-01 2.405641367658972740e-03 0.000000000000000000e+00
-2.426135120913386345e-03 -9.999970793724060059e-01 0.000000000000000000e+00 -9.999970793724060059e-01 2.426135120913386345e-03 0.000000000000000000e+00
-2.438880037516355515e-03 -9.999970197677612305e-01 0.000000000000000000e+00 -9.999970197677612305e-01 2.438880037516355515e-03 0.000000000000000000e+00
-2.482894109562039375e-03 -9.999969601631164551e-01 0.000000000000000000e+00 -9.999969601631164551e-01 2.482894109562039375e-03 0.000000000000000000e+00
-2.466720528900623322e-03 -9.999969601631164551e-01 0.000000000000000000e+00 -9.999969601631164551e-01 2.466720528900623322e-03 0.000000000000000000e+00
-2.403630409389734268e-03 -9.999971389770507812e-01 0.000000000000000000e+00 -9.999971389770507812e-01 2.403630409389734268e-03 0.000000000000000000e+00
-2.328415401279926300e-03 -9.999973177909851074e-01 0.000000000000000000e+00 -9.999973177909851074e-01 2.328415401279926300e-03 0.000000000000000000e+00
-2.280697692185640335e-03 -9.999974370002746582e-01 0.000000000000000000e+00 -9.999974370002746582e-01 2.280697692185640335e-03 0.000000000000000000e+00
-2.237251726910471916e-03 -9.999974966049194336e-01 0.000000000000000000e+00 -9.999974966049194336e-01 2.237251726910471916e-03 0.000000000000000000e+00
-2.255626022815704346e-03 -9.999974966049194336e-01 0.000000000000000000e+00 -9.999974966049194336e-01 2.255626022815704346e-03 0.000000000000000000e+00
-2.192034386098384857e-03 -9.999976158142089844e-01 0.000000000000000000e+00 -9.999976158142089844e-01 2.192034386098384857e-03 0.000000000000000000e+00
-2.193594584241509438e-03 -9.999976158142089844e-01 0.000000000000000000e+00 -9.999976158142089844e-01 2.193594584241509438e-03 0.000000000000000000e+00
-2.143347403034567833e-03 -9.999977350234985352e-01 0.000000000000000000e+00 -9.999977350234985352e-01 2.143347403034567833e-03 0.000000000000000000e+00
-2.165413694456219673e-03 -9.999976754188537598e-01 0.000000000000000000e+00 -9.999976754188537598e-01 2.165413694456219673e-03 0.000000000000000000e+00
-2.121245488524436951e-03 -9.999977946281433105e-01 0.000000000000000000e+00 -9.999977946281433105e-01 2.121245488524436951e-03 0.000000000000000000e+00
-2.130385022610425949e-03 -9.999977350234985352e-01 0.000000000000000000e+00 -9.999977350234985352e-01 2.130385022610425949e-03 0.000000000000000000e+00
-1.949234399944543839e-03 -9.999980926513671875e-01 0.000000000000000000e+00 -9.999980926513671875e-01 1.949234399944543839e-03 0.000000000000000000e+00
-1.938417786732316017e-03 -9.999981522560119629e-01 0.000000000000000000e+00 -9.999981522560119629e-01 1.938417786732316017e-03 0.000000000000000000e+00
-1.889599370770156384e-03 -9.999982118606567383e-01 0.000000000000000000e+00 -9.999982118606567383e-01 1.889599370770156384e-03 0.000000000000000000e+00
-1.851935172453522682e-03 -9.999982714653015137e-01 0.000000000000000000e+00 -9.999982714653015137e-01 1.851935172453522682e-03 0.000000000000000000e+00
-1.836894894950091839e-03 -9.999983310699462891e-01 0.000000000000000000e+00 -9.999983310699462891e-01 1.836894894950091839e-03 0.000000000000000000e+00
-1.782493549399077892e-03 -9.999984502792358398e-01 0.000000000000000000e+00 -9.999984502792358398e-01 1.782493549399077892e-03 0.000000000000000000e+00
-1.706704148091375828e-03 -9.999985694885253906e-01 0.000000000000000000e+00 -9.999985694885253906e-01 1.706704148091375828e-03 0.000000000000000000e+00
-1.672923215664923191e-03 -9.999986290931701660e-01 0.000000000000000000e+00 -9.999986290931701660e-01 1.672923215664923191e-03 0.000000000000000000e+00
-1.644778414629399776e-03 -9.999986886978149414e-01 0.000000000000000000e+00 -9.999986886978149414e-01 1.644778414629399776e-03 0.000000000000000000e+00
-1.612596213817596436e-03 -9.999986886978149414e-01 0.000000000000000000e+00 -9.999986886978149414e-01 1.612596213817596436e-03 0.000000000000000000e+00
-1.574455760419368744e-03 -9.999987483024597168e-01 0.000000000000000000e+00 -9.999987483024597168e-01 1.574455760419368744e-03 0.000000000000000000e+00
-1.564178965054452419e-03 -9.999988079071044922e-01 0.000000000000000000e+00 -9.999988079071044922e-01 1.564178965054452419e-03 0.000000000000000000e+00
-1.557121053338050842e-03 -9.999988079071044922e-01 0.000000000000000000e+00 -9.999988079071044922e-01 1.557121053338050842e-03 0.000000000000000000e+00
-1.566940918564796448e-03 -9.999988079071044922e-01 0.000000000000000000e+00 -9.999988079071044922e-01 1.566940918564796448e-03 0.000000000000000000e+00
-1.569317420944571495e-03 -9.999988079071044922e-01 0.000000000000000000e+00 -9.999988079071044922e-01 1.569317420944571495e-03 0.000000000000000000e+00
-1.571892178617417812e-03 -9.999988079071044922e-01 0.000000000000000000e+00 -9.999988079071044922e-01 1.571892178617417812e-03 0.000000000000000000e+00
-1.516377320513129234e-03 -9.999988675117492676e-01 0.000000000000000000e+00 -9.999988675117492676e-01 1.516377320513129234e-03 0.000000000000000000e+00
-1.516848336905241013e-03 -9.999988675117492676e-01 0.000000000000000000e+00 -9.999988675117492676e-01 1.516848336905241013e-03 0.000000000000000000e+00
-1.506087137386202812e-03 -9.999988675117492676e-01 0.000000000000000000e+00 -9.999988675117492676e-01 1.506087137386202812e-03 0.000000000000000000e+00
-1.519461162388324738e-03 -9.999988675117492676e-01 0.000000000000000000e+00 -9.999988675117492676e-01 1.519461162388324738e-03 0.000000000000000000e+00
-1.581924734637141228e-03 -9.999987483024597168e-01 0.000000000000000000e+00 -9.999987483024597168e-01 1.581924734637141228e-03 0.000000000000000000e+00
-1.555121270939707756e-03 -9.999988079071044922e-01 0.000000000000000000e+00 -9.999988079071044922e-01 1.555121270939707756e-03 0.000000000000000000e+00
-1.585818943567574024e-03 -9.999987483024597168e-01 0.000000000000000000e+00 -9.999987483024597168e-01 1.585818943567574024e-03 0.000000000000000000e+00
-1.577652990818023682e-03 -9.999987483024597168e-01 0.000000000000000000e+00 -9.999987483024597168e-01 1.577652990818023682e-03 0.000000000000000000e+00
-1.586240367032587528e-03 -9.999987483024597168e-01 0.000000000000000000e+00 -9.999987483024597168e-01 1.586240367032587528e-03 0.000000000000000000e+00
-1.573179382830858231e-03 -9.999987483024597168e-01 0.000000000000000000e+00 -9.999987483024597168e-01 1.573179382830858231e-03 0.000000000000000000e+00
-1.589768915437161922e-03 -9.999987483024597168e-01 0.000000000000000000e+00 -9.999987483024597168e-01 1.589768915437161922e-03 0.000000000000000000e+00
-1.663834787905216217e-03 -9.999986290931701660e-01 0.000000000000000000e+00 -9.999986290931701660e-01 1.663834787905216217e-03 0.000000000000000000e+00
-1.684366958215832710e-03 -9.999985694885253906e-01 0.000000000000000000e+00 -9.999985694885253906e-01 1.684366958215832710e-03 0.000000000000000000e+00
-1.693830476142466068e-03 -9.999985694885253906e-01 0.000000000000000000e+00 -9.999985694885253906e-01 1.693830476142466068e-03 0.000000000000000000e+00
-5.708891898393630981e-02 9.983688592910766602e-01 -6.864950992166996002e-04 3.919127266271971166e-05 -6.853754748590290546e-04 -9.999997615814208984e-01
-5.708892270922660828e-02 9.983689188957214355e-01 -6.376936216838657856e-04 3.640525028458796442e-05 -6.366536254063248634e-04 -9.999998211860656738e-01
5.708891898393630981e-02 9.983688592910766602e-01 -6.643406813964247704e-04 -3.792650386458262801e-05 -6.632572622038424015e-04 -9.999998211860656738e-01
5.708892270922660828e-02 9.983689188957214355e-01 -6.101805483922362328e-04 -3.483455657260492444e-05 -6.091854302212595940e-04 -9.999998211860656738e-01
1.705217808485031128e-01 9.853537678718566895e-01 -5.133266095072031021e-04 -8.753337169764563441e-05 -5.058083916082978249e-04 -9.999998807907104492e-01
1.705217808485031128e-01 9.853538274765014648e-01 -4.178404924459755421e-04 -7.125091360649093986e-05 -4.117207427043467760e-04 -9.999999403953552246e-01
2.817330062389373779e-01 9.594928622245788574e-01 -1.938969944603741169e-04 -5.462718399940058589e-05 -1.860427873907610774e-04 -1.000000000000000000e+00
2.817330062389373779e-01 9.594928622245788574e-01 -1.062623487086966634e-04 -2.993761154357343912e-05 -1.019579649437218904e-04 -1.000000000000000000e+00
3.892699480056762695e-01 9.211237430572509766e-01 -6.359780672937631607e-05 -2.475671499269083142e-05 -5.858144868398085237e-05 -1.000000000000000000e+00
3.892699480056762695e-01 9.211237430572509766e-01 -5.982932634651660919e-05 -2.328975824639201164e-05 -5.511021299753338099e-05 -1.000000000000000000e+00
4.917325377464294434e-01 8.707463145256042480e-01 6.043717075954191387e-05 2.971892354253213853e-05 5.262544436845928431e-05 -1.000000000000000000e+00
4.917325377464294434e-01 8.707463145256042480e-01 1.087251730496063828e-04 5.346370380721054971e-05 9.467204654356464744e-05 -1.000000000000000000e+00
5.877854228019714355e-01 8.090168833732604980e-01 2.096665266435593367e-04 1.232389331562444568e-04 1.696237595751881599e-04 -1.000000000000000000e+00
5.877854228019714355e-01 8.090168833732604980e-01 2.106349711539223790e-04 1.238081604242324829e-04 1.704072492429986596e-04 -1.000000000000000000e+00
6.761747598648071289e-01 7.367411851882934570e-01 3.240345395170152187e-04 2.191039966419339180e-04 2.387296117376536131e-04 -9.999999403953552246e-01
6.761747598648071289e-01 7.367411851882934570e-01 3.951996623072773218e-04 2.672240661922842264e-04 2.911599003709852695e-04 -9.999999403953552246e-01
7.557494044303894043e-01 6.548607349395751953e-01 4.855699371546506882e-04 3.669692378025501966e-04 3.179807099513709545e-04 -9.999998807907104492e-01
7.557494044303894043e-01 6.548607349395751953e-01 5.044591380283236504e-04 3.812447539530694485e-04 3.303505072835832834e-04 -9.999998807907104492e-01
8.254719376564025879e-01 5.644428730010986328e-01 6.528370431624352932e-04 5.388988065533339977e-04 3.684893308673053980e-04 -9.999998211860656738e-01
8.254718184471130371e-01 5.644428133964538574e-01 7.201955886557698250e-04 5.945014418102800846e-04 4.065093817189335823e-04 -9.999997615814208984e-01
8.844324946403503418e-01 4.666672050952911377e-01 9.887580526992678642e-04 8.744901861064136028e-04 4.614211502484977245e-04 -9.999995231628417969e-01
8.844324350357055664e-01 4.666671752929687500e-01 1.043754862621426582e-03 9.231311269104480743e-04 4.870863922405987978e-04 -9.999994635581970215e-01
9.318632483482360840e-01 3.628069758415222168e-01 1.429830444976687431e-03 1.332407817244529724e-03 5.187529604882001877e-04 -9.999989867210388184e-01
9.318633079528808594e-01 3.628069758415222168e-01 1.363373012281954288e-03 1.270478591322898865e-03 4.946417757309973240e-04 -9.999991059303283691e-01
9.671451449394226074e-01 2.542183399200439453e-01 1.831476925872266293e-03 1.771306968294084072e-03 4.655957745853811502e-04 -9.999983310699462891e-01
9.671451449394226074e-01 2.542183399200439453e-01 1.825107494369149208e-03 1.765146735124289989e-03 4.639765538740903139e-04 -9.999983310699462891e-01
9.898191094398498535e-01 1.423144638538360596e-01 2.170534105971455574e-03 2.148441504687070847e-03 3.088991797994822264e-04 -9.999976754188537598e-01
9.898190498352050781e-01 1.423144638538360596e-01 2.215474611148238182e-03 2.192924497649073601e-03 3.152948338538408279e-04 -9.999975562095642090e-01
9.995891451835632324e-01 2.855594083666801453e-02 2.472324296832084656e-03 2.471316140145063400e-03 7.059976633172482252e-05 -9.999969601631164551e-01
9.995889067649841309e-01 2.855593524873256683e-02 2.556585241109132767e-03 2.555542625486850739e-03 7.300591823877766728e-05 -9.999967217445373535e-01
9.963282346725463867e-01 -8.557455986738204956e-02 2.654538955539464951e-03 2.644801512360572815e-03 -2.271617995575070381e-04 -9.999964833259582520e-01
9.963281154632568359e-01 -8.557454496622085571e-02 2.703295089304447174e-03 2.693378832191228867e-03 -2.313340955879539251e-04 -9.999963641166687012e-01
9.800785779953002930e-01 -1.985900104045867920e-01 2.823265502229332924e-03 2.767033409327268600e-03 -5.606746417470276356e-04 -9.999960660934448242e-01
9.800784587860107422e-01 -1.985899806022644043e-01 2.885688329115509987e-03 2.828212454915046692e-03 -5.730711272917687893e-04 -9.999958276748657227e-01
9.510525465011596680e-01 -3.090154528617858887e-01 2.931652590632438660e-03 2.788167446851730347e-03 -9.059297735802829266e-04 -9.999957084655761719e-01
9.510524272918701172e-01 -3.090153932571411133e-01 2.965662395581603050e-03 2.820512978360056877e-03 -9.164394577965140343e-04 -9.999956488609313965e-01
9.096283316612243652e-01 -4.154132306575775146e-01 2.866708207875490189e-03 2.607649425044655800e-03 -1.190873212181031704e-03 -9.999958872795104980e-01
9.096285104751586914e-01 -4.154132902622222900e-01 2.795944223180413246e-03 2.543280133977532387e-03 -1.161476830020546913e-03 -9.999960660934448242e-01
8.563454747200012207e-01 -5.163958072662353516e-01 2.818841952830553055e-03 2.413911744952201843e-03 -1.455643796361982822e-03 -9.999960064888000488e-01
8.563456535339355469e-01 -5.163959264755249023e-01 2.731031971052289009e-03 2.338716061785817146e-03 -1.410298980772495270e-03 -9.999963045120239258e-01
7.918995022773742676e-01 -6.106453537940979004e-01 2.740719122812151909e-03 2.170382300391793251e-03 -1.673613558523356915e-03 -9.999962449073791504e-01
7.918998003005981445e-01 -6.106455326080322266e-01 2.612515352666378021e-03 2.068857429549098015e-03 -1.595326233655214310e-03 -9.999966025352478027e-01
7.171291112899780273e-01 -6.969350576400756836e-01 2.717017196118831635e-03 1.948459306731820107e-03 -1.893591484986245632e-03 -9.999963045120239258e-01
7.171292901039123535e-01 -6.969352364540100098e-01 2.616449026390910149e-03 1.876338617876172066e-03 -1.823501777835190296e-03 -9.999966025352478027e-01
6.330101490020751953e-01 -7.741390466690063477e-01 2.640897640958428383e-03 1.671720645390450954e-03 -2.044429071247577667e-03 -9.999965429306030273e-01
6.330102086067199707e-01 -7.741391658782958984e-01 2.569299424067139626e-03 1.626398181542754173e-03 -1.989001873880624771e-03 -9.999967217445373535e-01
5.406392216682434082e-01 -8.412505388259887695e-01 2.599363680928945541e-03 1.405322924256324768e-03 -2.186723751947283745e-03 -9.999966621398925781e-01
5.406393408775329590e-01 -8.412507176399230957e-01 2.511077094823122025e-03 1.357591361738741398e-03 -2.112452173605561256e-03 -9.999968409538269043e-01
4.412190020084381104e-01 -8.973953127861022949e-01 2.737179165706038475e-03 1.207699999213218689e-03 -2.456340938806533813e-03 -9.999963045120239258e-01
4.412191808223724365e-01 -8.973956704139709473e-01 2.579198917374014854e-03 1.137995743192732334e-03 -2.314569661393761635e-03 -9.999966621398925781e-01
3.360487222671508789e-01 -9.418408274650573730e-01 2.666054992005228996e-03 8.959276019595563412e-04 -2.511008642613887787e-03 -9.999964833259582520e-01
3.360488414764404297e-01 -9.418411850929260254e-01 2.544085960835218430e-03 8.549398626200854778e-04 -2.396132564172148705e-03 -9.999967813491821289e-01
2.264958024024963379e-01 -9.740086197853088379e-01 2.614643890410661697e-03 5.922078853473067284e-04 -2.546694362536072731e-03 -9.999966025352478027e-01
2.264959514141082764e-01 -9.740092158317565918e-01 2.389040775597095490e-03 5.411095335148274899e-04 -2.326954156160354614e-03 -9.999971389770507812e-01
1.139911115169525146e-01 -9.934789538383483887e-01 2.369772410020232201e-03 2.701337507460266352e-04 -2.354325726628303528e-03 -9.999971985816955566e-01
1.139911636710166931e-01 -9.934793710708618164e-01 2.187009435147047043e-03 2.493003266863524914e-04 -2.172753913328051567e-03 -9.999976158142089844e-01
-0.000000000000000000e+00 -1.693102763965725899e-03 -9.999985694885253906e-01 0.000000000000000000e+00 9.999985694885253906e-01 -1.693102763965725899e-03
-0.000000000000000000e+00 -1.796530908904969692e-03 -9.999983906745910645e-01 0.000000000000000000e+00 9.999983906745910645e-01 -1.796530908904969692e-03
-1.139912903308868408e-01 -9.934805035591125488e-01 1.597834634594619274e-03 -1.821394544094800949e-04 -1.587419537827372551e-03 -9.999987483024597168e-01
-1.139913350343704224e-01 -9.934809207916259766e-01 1.285395235754549503e-03 -1.465240638935938478e-04 -1.277016825042665005e-03 -9.999992251396179199e-01
-2.264963686466217041e-01 -9.740110039710998535e-01 1.413483987562358379e-03 -3.201492654625326395e-04 -1.376750180497765541e-03 -9.999989867210388184e-01
-2.264964580535888672e-01 -9.740114212036132812e-01 1.055124681442975998e-03 -2.389821311226114631e-04 -1.027704100124537945e-03 -9.999994635581970215e-01
-3.360496163368225098e-01 -9.418433904647827148e-01 1.353611005470156670e-03 -4.548808501567691565e-04 -1.274890732020139694e-03 -9.999991059303283691e-01
-3.360497653484344482e-01 -9.418437480926513672e-01 9.510089294053614140e-04 -3.195864846929907799e-04 -8.957023383118212223e-04 -9.999995827674865723e-01
-4.412203431129455566e-01 -8.973979949951171875e-01 1.234807656146585941e-03 -5.448226002044975758e-04 -1.108114607632160187e-03 -9.999992251396179199e-01
-4.412204027175903320e-01 -8.973981738090515137e-01 1.051449798978865147e-03 -4.639213439077138901e-04 -9.435696410946547985e-04 -9.999994635581970215e-01
-5.406407713890075684e-01 -8.412529230117797852e-01 1.116543891839683056e-03 -6.036494742147624493e-04 -9.392963256686925888e-04 -9.999994039535522461e-01
-5.406408309936523438e-01 -8.412530422210693359e-01 9.118729503825306892e-04 -4.929959541186690331e-04 -7.671162020415067673e-04 -9.999995827674865723e-01
-6.330121159553527832e-01 -7.741414904594421387e-01 8.162157027982175350e-04 -5.166745977476239204e-04 -6.318666273728013039e-04 -9.999997019767761230e-01
-6.330122351646423340e-01 -7.741416096687316895e-01 5.255193100310862064e-04 -3.326601872686296701e-04 -4.068264388479292393e-04 -9.999998807907104492e-01
-7.171316742897033691e-01 -6.969375610351562500e-01 5.109033081680536270e-04 -3.663849784061312675e-04 -3.560677287168800831e-04 -9.999998807907104492e-01
-7.171317338943481445e-01 -6.969376206398010254e-01 3.246036358177661896e-04 -2.327835536561906338e-04 -2.262284688185900450e-04 -9.999999403953552246e-01
-7.919024825096130371e-01 -6.106476187705993652e-01 1.680069981375709176e-04 -1.330451632384210825e-04 -1.025930760079063475e-04 -1.000000000000000000e+00
-7.919024825096130371e-01 -6.106476187705993652e-01 -5.790559225715696812e-05 4.585558053804561496e-05 3.535991345415823162e-05 -1.000000000000000000e+00
-8.563488125801086426e-01 -5.163978338241577148e-01 -1.171259791590273380e-04 1.003006909741088748e-04 6.048360228305682540e-05 -1.000000000000000000e+00
-8.563488125801086426e-01 -5.163978338241577148e-01 -1.972851168829947710e-04 1.689448690740391612e-04 1.018776092678308487e-04 -1.000000000000000000e+00
-9.096320271492004395e-01 -4.154148995876312256e-01 -1.272742374567314982e-04 1.157727238023653626e-04 5.287161548039875925e-05 -1.000000000000000000e+00
-9.096320271492004395e-01 -4.154148995876312256e-01 -2.445739810355007648e-04 2.224723139079287648e-04 1.015996676869690418e-04 -1.000000000000000000e+00
-9.510565996170043945e-01 -3.090167641639709473e-01 -1.668213080847635865e-04 1.586565049365162849e-04 5.155058170203119516e-05 -1.000000000000000000e+00
-9.510565996170043945e-01 -3.090167641639709473e-01 -2.377538185101002455e-04 2.261173358419910073e-04 7.346991333179175854e-05 -1.000000000000000000e+00
-9.800825119018554688e-01 -1.985908001661300659e-01 -1.563117111800238490e-04 1.531983725726604462e-04 3.104206916759721935e-05 -1.000000000000000000e+00
-9.800824522972106934e-01 -1.985907852649688721e-01 -2.963027218356728554e-04 2.904011344071477652e-04 5.884299753233790398e-05 -1.000000000000000000e+00
-9.963317513465881348e-01 -8.557485789060592651e-02 -1.643855503061786294e-04 1.637825480429455638e-04 1.406727005814900622e-05 -1.000000000000000000e+00
-9.963317513465881348e-01 -8.557485789060592651e-02 -2.807665732689201832e-04 2.797366469167172909e-04 2.402655809419229627e-05 -1.000000000000000000e+00
-9.995921850204467773e-01 2.855602838099002838e-02 -1.273576344829052687e-04 1.273056986974552274e-04 -3.636828296293970197e-06 -1.000000000000000000e+00
-9.995921850204467773e-01 2.855602838099002838e-02 -2.363464882364496589e-04 2.362500963499769568e-04 -6.749116892024176195e-06 -1.000000000000000000e+00
-9.898214936256408691e-01 1.423148065805435181e-01 -2.203568001277744770e-04 2.181138988817110658e-04 -3.136003579129464924e-05 -1.000000000000000000e+00
-9.898214340209960938e-01 1.423147916793823242e-01 -3.373302752152085304e-04 3.338967508170753717e-04 -4.800709211849607527e-05 -9.999999403953552246e-01
-9.671466946601867676e-01 2.542187273502349854e-01 -3.135739243589341640e-04 3.032720123883336782e-04 -7.971637387527152896e-05 -9.999999403953552246e-01
-9.671466946601867676e-01 2.542187273502349854e-01 -3.979009343311190605e-04 3.848285996355116367e-04 -1.011538843158632517e-04 -9.999999403953552246e-01
-9.318640828132629395e-01 3.628073036670684814e-01 -5.225269123911857605e-04 4.869241383858025074e-04 -1.895765890367329121e-04 -9.999998807907104492e-01
-9.318640828132629395e-01 3.628073036670684814e-01 -5.211971583776175976e-04 4.856849845964461565e-04 -1.890941493911668658e-04 -9.999998807907104492e-01
-8.844327926635742188e-01 4.666673541069030762e-01 -5.562779842875897884e-04 4.919905913993716240e-04 -2.595967962406575680e-04 -9.999998807907104492e-01
-8.844327330589294434e-01 4.666673243045806885e-01 -5.819330690428614616e-04 5.146808107383549213e-04 -2.715692389756441116e-04 -9.999998807907104492e-01
-8.254719376564025879e-01 5.644428730010986328e-01 -6.539919995702803135e-04 5.398521898314356804e-04 -3.691412275657057762e-04 -9.999998211860656738e-01
-8.254719376564025879e-01 5.644428730010986328e-01 -6.660011131316423416e-04 5.497654201462864876e-04 -3.759196843020617962e-04 -9.999998211860656738e-01
-7.557493448257446289e-01 6.548606753349304199e-01 -7.349133957177400589e-04 5.554104573093354702e-04 -4.812659753952175379e-04 -9.999997615814208984e-01
-7.557492852210998535e-01 6.548606157302856445e-01 -7.886053645052015781e-04 5.959881236776709557e-04 -5.164267495274543762e-04 -9.999997019767761230e-01
-6.761745810508728027e-01 7.367410063743591309e-01 -8.882666588760912418e-04 6.006235489621758461e-04 -6.544226780533790588e-04 -9.999996423721313477e-01
-6.761745810508728027e-01 7.367410063743591309e-01 -8.882769034244120121e-04 6.006304756738245487e-04 -6.544302450492978096e-04 -9.999996423721313477e-01
-5.877851247787475586e-01 8.090165257453918457e-01 -9.684754186309874058e-04 5.692557897418737411e-04 -7.835130090825259686e-04 -9.999995827674865723e-01
-5.877851247787475586e-01 8.090165257453918457e-01 -9.718093788251280785e-04 5.712154670618474483e-04 -7.862102356739342213e-04 -9.999995827674865723e-01
-4.917322993278503418e-01 8.707458972930908203e-01 -9.706156561151146889e-04 4.772832908201962709e-04 -8.451599860563874245e-04 -9.999995231628417969e-01
-4.917322993278503418e-01 8.707458972930908203e-01 -1.005708123557269573e-03 4.945393884554505348e-04 -8.757166215218603611e-04 -9.999995231628417969e-01
-3.892697691917419434e-01 9.211233258247375488e-01 -9.553369600325822830e-04 3.718840016517788172e-04 -8.799835923127830029e-04 -9.999995827674865723e-01
-3.892697989940643311e-01 9.211233854293823242e-01 -9.390079067088663578e-04 3.655275504570454359e-04 -8.649424999020993710e-04 -9.999995827674865723e-01
-2.817329168319702148e-01 9.594925045967102051e-01 -8.473707130178809166e-04 2.387323038419708610e-04 -8.130461792461574078e-04 -9.999996423721313477e-01
-2.817329168319702148e-01 9.594925045967102051e-01 -8.441273821517825127e-04 2.378185454290360212e-04 -8.099342230707406998e-04 -9.999996423721313477e-01
-1.705217659473419189e-01 9.853537082672119141e-01 -6.669081631116569042e-04 1.137223734986037016e-04 -6.571405683644115925e-04 -9.999998211860656738e-01
-1.705217659473419189e-01 9.853537082672119141e-01 -6.260488298721611500e-04 1.067549674189649522e-04 -6.168796680867671967e-04 -9.999998211860656738e-01
