0.000000000000000000e+00 1.882716082036495209e-03 -9.999982714653015137e-01 0.000000000000000000e+00 9.999982714653015137e-01 1.882716082036495209e-03
0.000000000000000000e+00 1.808590139262378216e-03 -9.999983906745910645e-01 0.000000000000000000e+00 9.999983906745910645e-01 1.808590139262378216e-03
9.807850122451782227e-01 -7.171106990426778793e-04 -1.950904279947280884e-01 7.033316069282591343e-04 9.999997615814208984e-01 -1.399014581693336368e-04
9.807850718498229980e-01 -6.813950603827834129e-04 -1.950904428958892822e-01 6.683021783828735352e-04 9.999997615814208984e-01 -1.329336664639413357e-04
8.314696550369262695e-01 -5.994160528643988073e-05 -5.555701851844787598e-01 4.983962571714073420e-05 1.000000000000000000e+00 -3.330176696181297302e-05
8.314696550369262695e-01 -7.825148713891394436e-06 -5.555701851844787598e-01 6.506373665615683421e-06 1.000000000000000000e+00 -4.347419235273264349e-06
5.555688142776489258e-01 2.025913447141647339e-03 -8.314681649208068848e-01 -1.125536626204848289e-03 9.999979734420776367e-01 1.684485934674739838e-03
5.555688142776489258e-01 2.038133097812533379e-03 -8.314681053161621094e-01 -1.132325502112507820e-03 9.999979138374328613e-01 1.694646198302507401e-03
1.950943768024444580e-01 1.931785140186548233e-03 -9.807826280593872070e-01 -3.768811002373695374e-04 9.999981522560119629e-01 1.894664717838168144e-03
1.950943619012832642e-01 1.947049167938530445e-03 -9.807825684547424316e-01 -3.798590332735329866e-04 9.999980926513671875e-01 1.909635495394468307e-03
-9.807689785957336426e-01 -5.820812657475471497e-03 1.950856000185012817e-01 -5.708969198167324066e-03 9.999830722808837891e-01 1.135575934313237667e-03
-9.807689785957336426e-01 -5.822511389851570129e-03 1.950856000185012817e-01 -5.710635334253311157e-03 9.999830722808837891e-01 1.135907368734478951e-03
-8.314567804336547852e-01 -5.598401650786399841e-03 5.555612444877624512e-01 -4.654902033507823944e-03 9.999843239784240723e-01 3.110303776338696480e-03
-8.314568400382995605e-01 -5.596620496362447739e-03 5.555613040924072266e-01 -4.653421230614185333e-03 9.999843835830688477e-01 3.109314013272523880e-03
-5.555610060691833496e-01 -5.809038411825895309e-03 8.314555883407592773e-01 -3.227329580113291740e-03 9.999831318855285645e-01 4.830038640648126602e-03
-5.555605888366699219e-01 -5.921879317611455917e-03 8.314549326896667480e-01 -3.290021093562245369e-03 9.999824762344360352e-01 4.923863336443901062e-03
-1.950872093439102173e-01 -5.157787818461656570e-03 9.807723760604858398e-01 -1.006231759674847126e-03 9.999867081642150879e-01 5.058682989329099655e-03
-1.950871944427490234e-01 -5.162764340639114380e-03 9.807723164558410645e-01 -1.007202779874205589e-03 9.999867081642150879e-01 5.063564516603946686e-03
4.391095426399260759e-04 9.999999403953552246e-01 0.000000000000000000e+00 -9.999999403953552246e-01 4.391095426399260759e-04 0.000000000000000000e+00
4.967396962456405163e-04 9.999998807907104492e-01 0.000000000000000000e+00 -9.999998807907104492e-01 4.967396962456405163e-04 -0.000000000000000000e+00
0.000000000000000000e+00 -2.098431577906012535e-03 9.999977946281433105e-01 0.000000000000000000e+00 9.999977946281433105e-01 2.098431577906012535e-03
0.000000000000000000e+00 -2.166454214602708817e-03 9.999976754188537598e-01 0.000000000000000000e+00 9.999976754188537598e-01 2.166454214602708817e-03
8.715569227933883667e-02 -1.370771322399377823e-03 9.961937665939331055e-01 1.194706346723251045e-04 9.999990463256835938e-01 1.365555101074278355e-03
8.715569227933883667e-02 -1.361031201668083668e-03 9.961937665939331055e-01 1.186217341455630958e-04 9.999991059303283691e-01 1.355852233245968819e-03
2.588188052177429199e-01 -1.068529905751347542e-03 9.659253358840942383e-01 2.765557728707790375e-04 9.999994635581970215e-01 1.032120664604008198e-03
2.588188052177429199e-01 -1.065609976649284363e-03 9.659253358840942383e-01 2.758000337053090334e-04 9.999994635581970215e-01 1.029300270602107048e-03
4.226182103157043457e-01 -6.767429294995963573e-04 9.063075780868530273e-01 2.860039530787616968e-04 9.999997615814208984e-01 6.133373826742172241e-04
4.226182103157043457e-01 -6.736268987879157066e-04 9.063075780868530273e-01 2.846870629582554102e-04 9.999997615814208984e-01 6.105133215896785259e-04
5.735765099525451660e-01 -5.193096003495156765e-04 8.191518783569335938e-01 2.978638221975415945e-04 9.999998807907104492e-01 4.253934894222766161e-04
5.735765099525451660e-01 -4.756209964398294687e-04 8.191518783569335938e-01 2.728050458244979382e-04 9.999998807907104492e-01 3.896058769896626472e-04
7.071066498756408691e-01 -3.986715164501219988e-04 7.071068286895751953e-01 2.819033106788992882e-04 9.999999403953552246e-01 2.819033688865602016e-04
7.071066498756408691e-01 -4.193249915260821581e-04 7.071068286895751953e-01 2.965075254905968904e-04 9.999999403953552246e-01 2.965075836982578039e-04
8.191521167755126953e-01 -2.917322271969169378e-04 5.735763311386108398e-01 2.389730652794241905e-04 1.000000000000000000e+00 1.673306978773325682e-04
8.191521167755126953e-01 -3.112709673587232828e-04 5.735763311386108398e-01 2.549782511778175831e-04 9.999999403953552246e-01 1.785376371117308736e-04
9.063076972961425781e-01 -3.038042050320655107e-04 4.226182997226715088e-01 2.753401058726012707e-04 9.999999403953552246e-01 1.283932215301319957e-04
9.063077569007873535e-01 -2.663520572241395712e-04 4.226183295249938965e-01 2.413969195913523436e-04 1.000000000000000000e+00 1.125652561313472688e-04
9.659258127212524414e-01 -3.461571468506008387e-04 2.588188946247100830e-01 3.343621501699090004e-04 9.999999403953552246e-01 8.959202386904507875e-05
9.659258127212524414e-01 -3.602055367082357407e-04 2.588188946247100830e-01 3.479318402241915464e-04 9.999999403953552246e-01 9.322800906375050545e-05
9.961946010589599609e-01 -4.694884410127997398e-04 8.715569972991943359e-02 4.677019023802131414e-04 9.999998807907104492e-01 4.091859591426327825e-05
9.961946010589599609e-01 -4.795957356691360474e-04 8.715569972991943359e-02 4.777707508765161037e-04 9.999998807907104492e-01 4.179950701654888690e-05
-1.234995488630374894e-05 -0.000000000000000000e+00 1.000000000000000000e+00 -1.000000000000000000e+00 0.000000000000000000e+00 -1.234995488630374894e-05
-7.414654101012274623e-05 0.000000000000000000e+00 1.000000000000000000e+00 -1.000000000000000000e+00 0.000000000000000000e+00 -7.414654101012274623e-05
-3.581808778108097613e-05 -0.000000000000000000e+00 1.000000000000000000e+00 -1.000000000000000000e+00 0.000000000000000000e+00 -3.581808778108097613e-05
-9.592061542207375169e-05 0.000000000000000000e+00 1.000000000000000000e+00 -1.000000000000000000e+00 0.000000000000000000e+00 -9.592061542207375169e-05
-6.189606210682541132e-05 -0.000000000000000000e+00 1.000000000000000000e+00 -1.000000000000000000e+00 0.000000000000000000e+00 -6.189606210682541132e-05
-1.247898471774533391e-04 0.000000000000000000e+00 1.000000000000000000e+00 -1.000000000000000000e+00 0.000000000000000000e+00 -1.247898471774533391e-04
-8.172153320629149675e-05 -0.000000000000000000e+00 1.000000000000000000e+00 -1.000000000000000000e+00 0.000000000000000000e+00 -8.172153320629149675e-05
-1.470583811169490218e-04 0.000000000000000000e+00 1.000000000000000000e+00 -1.000000000000000000e+00 0.000000000000000000e+00 -1.470583811169490218e-04
-7.970416481839492917e-05 -0.000000000000000000e+00 1.000000000000000000e+00 -1.000000000000000000e+00 0.000000000000000000e+00 -7.970416481839492917e-05
-1.098212596843950450e-04 0.000000000000000000e+00 1.000000000000000000e+00 -1.000000000000000000e+00 0.000000000000000000e+00 -1.098212596843950450e-04
-7.196387014118954539e-05 0.000000000000000000e+00 1.000000000000000000e+00 -1.000000000000000000e+00 0.000000000000000000e+00 -7.196387014118954539e-05
-4.772039028466679156e-05 0.000000000000000000e+00 1.000000000000000000e+00 -1.000000000000000000e+00 0.000000000000000000e+00 -4.772039028466679156e-05
6.012593530613230541e-06 0.000000000000000000e+00 1.000000000000000000e+00 -1.000000000000000000e+00 0.000000000000000000e+00 6.012593530613230541e-06
-3.140885382890701294e-05 0.000000000000000000e+00 1.000000000000000000e+00 -1.000000000000000000e+00 0.000000000000000000e+00 -3.140885382890701294e-05
2.366123771935235709e-05 0.000000000000000000e+00 1.000000000000000000e+00 -1.000000000000000000e+00 0.000000000000000000e+00 2.366123771935235709e-05
-2.253186539746820927e-05 0.000000000000000000e+00 1.000000000000000000e+00 -1.000000000000000000e+00 0.000000000000000000e+00 -2.253186539746820927e-05
4.347207504906691611e-05 0.000000000000000000e+00 1.000000000000000000e+00 -1.000000000000000000e+00 0.000000000000000000e+00 4.347207504906691611e-05
2.301170206919778138e-05 0.000000000000000000e+00 1.000000000000000000e+00 -1.000000000000000000e+00 0.000000000000000000e+00 2.301170206919778138e-05
1.036126413964666426e-04 0.000000000000000000e+00 1.000000000000000000e+00 -1.000000000000000000e+00 0.000000000000000000e+00 1.036126413964666426e-04
1.925492833834141493e-04 0.000000000000000000e+00 1.000000000000000000e+00 -1.000000000000000000e+00 0.000000000000000000e+00 1.925492833834141493e-04
2.413405309198424220e-04 -0.000000000000000000e+00 1.000000000000000000e+00 -1.000000000000000000e+00 0.000000000000000000e+00 2.413405309198424220e-04
3.037808055523782969e-04 0.000000000000000000e+00 9.999999403953552246e-01 -9.999999403953552246e-01 -0.000000000000000000e+00 3.037808055523782969e-04
2.282956847921013832e-04 -0.000000000000000000e+00 1.000000000000000000e+00 -1.000000000000000000e+00 0.000000000000000000e+00 2.282956847921013832e-04
2.806228294502943754e-04 0.000000000000000000e+00 1.000000000000000000e+00 -1.000000000000000000e+00 -0.000000000000000000e+00 2.806228294502943754e-04
2.076714736176654696e-04 -0.000000000000000000e+00 1.000000000000000000e+00 -1.000000000000000000e+00 0.000000000000000000e+00 2.076714736176654696e-04
2.547247859183698893e-04 0.000000000000000000e+00 1.000000000000000000e+00 -1.000000000000000000e+00 -0.000000000000000000e+00 2.547247859183698893e-04
1.961831731023266912e-04 -0.000000000000000000e+00 1.000000000000000000e+00 -1.000000000000000000e+00 0.000000000000000000e+00 1.961831731023266912e-04
2.293094876222312450e-04 0.000000000000000000e+00 1.000000000000000000e+00 -1.000000000000000000e+00 -0.000000000000000000e+00 2.293094876222312450e-04
1.732972741592675447e-04 -0.000000000000000000e+00 1.000000000000000000e+00 -1.000000000000000000e+00 0.000000000000000000e+00 1.732972741592675447e-04
1.807230582926422358e-04 0.000000000000000000e+00 1.000000000000000000e+00 -1.000000000000000000e+00 -0.000000000000000000e+00 1.807230582926422358e-04
1.178117236122488976e-04 0.000000000000000000e+00 1.000000000000000000e+00 -1.000000000000000000e+00 0.000000000000000000e+00 1.178117236122488976e-04
1.454784360248595476e-04 0.000000000000000000e+00 1.000000000000000000e+00 -1.000000000000000000e+00 -0.000000000000000000e+00 1.454784360248595476e-04
8.370086288778111339e-05 0.000000000000000000e+00 1.000000000000000000e+00 -1.000000000000000000e+00 0.000000000000000000e+00 8.370086288778111339e-05
1.211354756378568709e-04 0.000000000000000000e+00 1.000000000000000000e+00 -1.000000000000000000e+00 -0.000000000000000000e+00 1.211354756378568709e-04
5.173610043129883707e-05 0.000000000000000000e+00 1.000000000000000000e+00 -1.000000000000000000e+00 0.000000000000000000e+00 5.173610043129883707e-05
1.088864592020399868e-04 0.000000000000000000e+00 1.000000000000000000e+00 -1.000000000000000000e+00 -0.000000000000000000e+00 1.088864592020399868e-04
1.059416026691906154e-04 -0.000000000000000000e+00 1.000000000000000000e+00 -1.000000000000000000e+00 0.000000000000000000e+00 1.059416026691906154e-04
1.431918935850262642e-04 0.000000000000000000e+00 1.000000000000000000e+00 -1.000000000000000000e+00 0.000000000000000000e+00 1.431918935850262642e-04
-4.756532143801450729e-05 0.000000000000000000e+00 1.000000000000000000e+00 -1.000000000000000000e+00 0.000000000000000000e+00 -4.756532143801450729e-05
-7.649305916856974363e-05 -0.000000000000000000e+00 1.000000000000000000e+00 -1.000000000000000000e+00 0.000000000000000000e+00 -7.649305916856974363e-05
1.543524922453798354e-05 0.000000000000000000e+00 1.000000000000000000e+00 -1.000000000000000000e+00 0.000000000000000000e+00 1.543524922453798354e-05
2.860736458387691528e-05 0.000000000000000000e+00 1.000000000000000000e+00 -1.000000000000000000e+00 -0.000000000000000000e+00 2.860736458387691528e-05
-1.996736864384729415e-05 0.000000000000000000e+00 1.000000000000000000e+00 -1.000000000000000000e+00 0.000000000000000000e+00 -1.996736864384729415e-05
1.763986620062496513e-05 0.000000000000000000e+00 1.000000000000000000e+00 -1.000000000000000000e+00 -0.000000000000000000e+00 1.763986620062496513e-05
-2.741508615144994110e-05 0.000000000000000000e+00 1.000000000000000000e+00 -1.000000000000000000e+00 0.000000000000000000e+00 -2.741508615144994110e-05
-7.399439709843136370e-06 -0.000000000000000000e+00 1.000000000000000000e+00 -1.000000000000000000e+00 0.000000000000000000e+00 -7.399439709843136370e-06
-6.628774281125515699e-05 0.000000000000000000e+00 1.000000000000000000e+00 -1.000000000000000000e+00 0.000000000000000000e+00 -6.628774281125515699e-05
-4.592392724589444697e-05 -0.000000000000000000e+00 1.000000000000000000e+00 -1.000000000000000000e+00 0.000000000000000000e+00 -4.592392724589444697e-05
-1.024540106300264597e-04 0.000000000000000000e+00 1.000000000000000000e+00 -1.000000000000000000e+00 0.000000000000000000e+00 -1.024540106300264597e-04
-8.526179590262472630e-05 -0.000000000000000000e+00 1.000000000000000000e+00 -1.000000000000000000e+00 0.000000000000000000e+00 -8.526179590262472630e-05
-1.295311521971598268e-04 0.000000000000000000e+00 1.000000000000000000e+00 -1.000000000000000000e+00 0.000000000000000000e+00 -1.295311521971598268e-04
-1.035921595757827163e-04 -0.000000000000000000e+00 1.000000000000000000e+00 -1.000000000000000000e+00 0.000000000000000000e+00 -1.035921595757827163e-04
-1.552682806504890323e-04 0.000000000000000000e+00 1.000000000000000000e+00 -1.000000000000000000e+00 0.000000000000000000e+00 -1.552682806504890323e-04
-1.140842068707570434e-04 -0.000000000000000000e+00 1.000000000000000000e+00 -1.000000000000000000e+00 0.000000000000000000e+00 -1.140842068707570434e-04
-1.743710599839687347e-04 0.000000000000000000e+00 1.000000000000000000e+00 -1.000000000000000000e+00 0.000000000000000000e+00 -1.743710599839687347e-04
-1.211881390190683305e-04 -0.000000000000000000e+00 1.000000000000000000e+00 -1.000000000000000000e+00 0.000000000000000000e+00 -1.211881390190683305e-04
-1.793040282791480422e-04 0.000000000000000000e+00 1.000000000000000000e+00 -1.000000000000000000e+00 0.000000000000000000e+00 -1.793040282791480422e-04
-3.103141789324581623e-04 0.000000000000000000e+00 9.999999403953552246e-01 -9.999999403953552246e-01 0.000000000000000000e+00 -3.103141789324581623e-04
-3.924570337403565645e-04 0.000000000000000000e+00 9.999999403953552246e-01 -9.999999403953552246e-01 0.000000000000000000e+00 -3.924570337403565645e-04
-4.818412999156862497e-04 0.000000000000000000e+00 9.999998807907104492e-01 -9.999998807907104492e-01 0.000000000000000000e+00 -4.818412999156862497e-04
-3.799725091084837914e-04 0.000000000000000000e+00 9.999999403953552246e-01 -9.999999403953552246e-01 0.000000000000000000e+00 -3.799725091084837914e-04
-3.213182499166578054e-04 0.000000000000000000e+00 9.999999403953552246e-01 -9.999999403953552246e-01 0.000000000000000000e+00 -3.213182499166578054e-04
-3.682325768750160933e-04 0.000000000000000000e+00 9.999999403953552246e-01 -9.999999403953552246e-01 0.000000000000000000e+00 -3.682325768750160933e-04
-3.063672338612377644e-04 0.000000000000000000e+00 9.999999403953552246e-01 -9.999999403953552246e-01 0.000000000000000000e+00 -3.063672338612377644e-04
-3.326705191284418106e-04 0.000000000000000000e+00 9.999999403953552246e-01 -9.999999403953552246e-01 0.000000000000000000e+00 -3.326705191284418106e-04
-2.695222210604697466e-04 0.000000000000000000e+00 1.000000000000000000e+00 -1.000000000000000000e+00 0.000000000000000000e+00 -2.695222210604697466e-04
-2.885796420741826296e-04 0.000000000000000000e+00 1.000000000000000000e+00 -1.000000000000000000e+00 0.000000000000000000e+00 -2.885796420741826296e-04
-2.277558669447898865e-04 0.000000000000000000e+00 1.000000000000000000e+00 -1.000000000000000000e+00 0.000000000000000000e+00 -2.277558669447898865e-04
-2.470547042321413755e-04 0.000000000000000000e+00 1.000000000000000000e+00 -1.000000000000000000e+00 0.000000000000000000e+00 -2.470547042321413755e-04
-2.018007799051702023e-04 0.000000000000000000e+00 1.000000000000000000e+00 -1.000000000000000000e+00 0.000000000000000000e+00 -2.018007799051702023e-04
-2.172170061385259032e-04 0.000000000000000000e+00 1.000000000000000000e+00 -1.000000000000000000e+00 0.000000000000000000e+00 -2.172170061385259032e-04
-1.864328223746269941e-04 0.000000000000000000e+00 1.000000000000000000e+00 -1.000000000000000000e+00 0.000000000000000000e+00 -1.864328223746269941e-04
-2.187047939514741302e-04 0.000000000000000000e+00 1.000000000000000000e+00 -1.000000000000000000e+00 0.000000000000000000e+00 -2.187047939514741302e-04
-1.726418995531275868e-04 0.000000000000000000e+00 1.000000000000000000e+00 -1.000000000000000000e+00 0.000000000000000000e+00 -1.726418995531275868e-04
-2.192694810219109058e-04 0.000000000000000000e+00 1.000000000000000000e+00 -1.000000000000000000e+00 0.000000000000000000e+00 -2.192694810219109058e-04
-1.587075967108830810e-04 0.000000000000000000e+00 1.000000000000000000e+00 -1.000000000000000000e+00 0.000000000000000000e+00 -1.587075967108830810e-04
-1.943472161656245589e-04 0.000000000000000000e+00 1.000000000000000000e+00 -1.000000000000000000e+00 0.000000000000000000e+00 -1.943472161656245589e-04
-4.076860204804688692e-05 0.000000000000000000e+00 1.000000000000000000e+00 -1.000000000000000000e+00 0.000000000000000000e+00 -4.076860204804688692e-05
-2.416960196569561958e-04 0.000000000000000000e+00 1.000000000000000000e+00 -1.000000000000000000e+00 0.000000000000000000e+00 -2.416960196569561958e-04
-2.232413098681718111e-04 0.000000000000000000e+00 1.000000000000000000e+00 -1.000000000000000000e+00 0.000000000000000000e+00 -2.232413098681718111e-04
-2.337684709345921874e-04 0.000000000000000000e+00 1.000000000000000000e+00 -1.000000000000000000e+00 0.000000000000000000e+00 -2.337684709345921874e-04
-1.895034802146255970e-04 0.000000000000000000e+00 1.000000000000000000e+00 -1.000000000000000000e+00 0.000000000000000000e+00 -1.895034802146255970e-04
-2.103120350511744618e-04 0.000000000000000000e+00 1.000000000000000000e+00 -1.000000000000000000e+00 0.000000000000000000e+00 -2.103120350511744618e-04
-1.610234030522406101e-04 0.000000000000000000e+00 1.000000000000000000e+00 -1.000000000000000000e+00 0.000000000000000000e+00 -1.610234030522406101e-04
-1.687037147348746657e-04 0.000000000000000000e+00 1.000000000000000000e+00 -1.000000000000000000e+00 0.000000000000000000e+00 -1.687037147348746657e-04
-1.066394179360941052e-04 0.000000000000000000e+00 1.000000000000000000e+00 -1.000000000000000000e+00 0.000000000000000000e+00 -1.066394179360941052e-04
-1.049395068548619747e-04 0.000000000000000000e+00 1.000000000000000000e+00 -1.000000000000000000e+00 0.000000000000000000e+00 -1.049395068548619747e-04
-7.276262476807460189e-05 0.000000000000000000e+00 1.000000000000000000e+00 -1.000000000000000000e+00 0.000000000000000000e+00 -7.276262476807460189e-05
-3.286884384579025209e-05 0.000000000000000000e+00 1.000000000000000000e+00 -1.000000000000000000e+00 0.000000000000000000e+00 -3.286884384579025209e-05
-3.792761344811879098e-05 0.000000000000000000e+00 1.000000000000000000e+00 -1.000000000000000000e+00 0.000000000000000000e+00 -3.792761344811879098e-05
-4.135962080908939242e-05 0.000000000000000000e+00 1.000000000000000000e+00 -1.000000000000000000e+00 0.000000000000000000e+00 -4.135962080908939242e-05
-2.221002250735182315e-05 0.000000000000000000e+00 1.000000000000000000e+00 -1.000000000000000000e+00 0.000000000000000000e+00 -2.221002250735182315e-05
3.970359557570191100e-06 0.000000000000000000e+00 1.000000000000000000e+00 -1.000000000000000000e+00 0.000000000000000000e+00 3.970359557570191100e-06
-5.174634134164080024e-05 0.000000000000000000e+00 1.000000000000000000e+00 -1.000000000000000000e+00 0.000000000000000000e+00 -5.174634134164080024e-05
-2.941431303042918444e-04 0.000000000000000000e+00 1.000000000000000000e+00 -1.000000000000000000e+00 0.000000000000000000e+00 -2.941431303042918444e-04
-2.699113392736762762e-04 0.000000000000000000e+00 1.000000000000000000e+00 -1.000000000000000000e+00 0.000000000000000000e+00 -2.699113392736762762e-04
-2.912114432547241449e-04 0.000000000000000000e+00 1.000000000000000000e+00 -1.000000000000000000e+00 0.000000000000000000e+00 -2.912114432547241449e-04
-3.020296862814575434e-04 0.000000000000000000e+00 9.999999403953552246e-01 -9.999999403953552246e-01 0.000000000000000000e+00 -3.020296862814575434e-04
-3.392638755030930042e-04 -0.000000000000000000e+00 9.999999403953552246e-01 -9.999999403953552246e-01 0.000000000000000000e+00 -3.392638755030930042e-04
-3.216576587874442339e-04 0.000000000000000000e+00 9.999999403953552246e-01 -9.999999403953552246e-01 0.000000000000000000e+00 -3.216576587874442339e-04
-3.090209793299436569e-04 0.000000000000000000e+00 9.999999403953552246e-01 -9.999999403953552246e-01 0.000000000000000000e+00 -3.090209793299436569e-04
-2.733111614361405373e-04 0.000000000000000000e+00 1.000000000000000000e+00 -1.000000000000000000e+00 0.000000000000000000e+00 -2.733111614361405373e-04
-2.597601560410112143e-04 0.000000000000000000e+00 1.000000000000000000e+00 -1.000000000000000000e+00 0.000000000000000000e+00 -2.597601560410112143e-04
2.277880557812750340e-04 0.000000000000000000e+00 1.000000000000000000e+00 -1.000000000000000000e+00 -0.000000000000000000e+00 2.277880557812750340e-04
1.786530192475765944e-04 -0.000000000000000000e+00 1.000000000000000000e+00 -1.000000000000000000e+00 0.000000000000000000e+00 1.786530192475765944e-04
1.740199659252539277e-04 0.000000000000000000e+00 1.000000000000000000e+00 -1.000000000000000000e+00 -0.000000000000000000e+00 1.740199659252539277e-04
1.426301314495503902e-04 0.000000000000000000e+00 1.000000000000000000e+00 -1.000000000000000000e+00 0.000000000000000000e+00 1.426301314495503902e-04
1.139525411417707801e-04 0.000000000000000000e+00 1.000000000000000000e+00 -1.000000000000000000e+00 -0.000000000000000000e+00 1.139525411417707801e-04
7.700069545535370708e-05 0.000000000000000000e+00 1.000000000000000000e+00 -1.000000000000000000e+00 0.000000000000000000e+00 7.700069545535370708e-05
4.800712122232653201e-05 0.000000000000000000e+00 1.000000000000000000e+00 -1.000000000000000000e+00 -0.000000000000000000e+00 4.800712122232653201e-05
1.158923714683623984e-05 0.000000000000000000e+00 1.000000000000000000e+00 -1.000000000000000000e+00 0.000000000000000000e+00 1.158923714683623984e-05
5.518127181858289987e-06 0.000000000000000000e+00 1.000000000000000000e+00 -1.000000000000000000e+00 -0.000000000000000000e+00 5.518127181858289987e-06
-4.942030136589892209e-05 0.000000000000000000e+00 1.000000000000000000e+00 -1.000000000000000000e+00 0.000000000000000000e+00 -4.942030136589892209e-05
-7.259438280016183853e-05 -0.000000000000000000e+00 1.000000000000000000e+00 -1.000000000000000000e+00 0.000000000000000000e+00 -7.259438280016183853e-05
-1.069451682269573212e-04 0.000000000000000000e+00 1.000000000000000000e+00 -1.000000000000000000e+00 0.000000000000000000e+00 -1.069451682269573212e-04
-2.511318598408252001e-04 0.000000000000000000e+00 1.000000000000000000e+00 -1.000000000000000000e+00 0.000000000000000000e+00 -2.511318598408252001e-04
2.235850843135267496e-04 0.000000000000000000e+00 1.000000000000000000e+00 -1.000000000000000000e+00 0.000000000000000000e+00 2.235850843135267496e-04
2.386268170084804296e-04 0.000000000000000000e+00 1.000000000000000000e+00 -1.000000000000000000e+00 0.000000000000000000e+00 2.386268170084804296e-04
2.483157441020011902e-04 0.000000000000000000e+00 1.000000000000000000e+00 -1.000000000000000000e+00 0.000000000000000000e+00 2.483157441020011902e-04
2.433242480037733912e-04 0.000000000000000000e+00 1.000000000000000000e+00 -1.000000000000000000e+00 0.000000000000000000e+00 2.433242480037733912e-04
2.454718342050909996e-04 0.000000000000000000e+00 1.000000000000000000e+00 -1.000000000000000000e+00 0.000000000000000000e+00 2.454718342050909996e-04
2.522334398236125708e-04 0.000000000000000000e+00 1.000000000000000000e+00 -1.000000000000000000e+00 0.000000000000000000e+00 2.522334398236125708e-04
2.468674501869827509e-04 0.000000000000000000e+00 1.000000000000000000e+00 -1.000000000000000000e+00 0.000000000000000000e+00 2.468674501869827509e-04
3.057820722460746765e-04 0.000000000000000000e+00 9.999999403953552246e-01 -9.999999403953552246e-01 0.000000000000000000e+00 3.057820722460746765e-04
3.315177164040505886e-04 0.000000000000000000e+00 9.999999403953552246e-01 -9.999999403953552246e-01 0.000000000000000000e+00 3.315177164040505886e-04
2.782090159598737955e-04 0.000000000000000000e+00 1.000000000000000000e+00 -1.000000000000000000e+00 0.000000000000000000e+00 2.782090159598737955e-04
2.864042762666940689e-04 0.000000000000000000e+00 1.000000000000000000e+00 -1.000000000000000000e+00 0.000000000000000000e+00 2.864042762666940689e-04
2.473253407515585423e-04 0.000000000000000000e+00 1.000000000000000000e+00 -1.000000000000000000e+00 0.000000000000000000e+00 2.473253407515585423e-04
1.926473050843924284e-04 0.000000000000000000e+00 1.000000000000000000e+00 -1.000000000000000000e+00 -0.000000000000000000e+00 1.926473050843924284e-04
2.075734519166871905e-04 0.000000000000000000e+00 1.000000000000000000e+00 -1.000000000000000000e+00 0.000000000000000000e+00 2.075734519166871905e-04
1.357573346467688680e-04 0.000000000000000000e+00 1.000000000000000000e+00 -1.000000000000000000e+00 -0.000000000000000000e+00 1.357573346467688680e-04
1.343997573712840676e-04 -0.000000000000000000e+00 1.000000000000000000e+00 -1.000000000000000000e+00 0.000000000000000000e+00 1.343997573712840676e-04
1.215099764522165060e-04 0.000000000000000000e+00 1.000000000000000000e+00 -1.000000000000000000e+00 -0.000000000000000000e+00 1.215099764522165060e-04
1.289752544835209846e-04 -0.000000000000000000e+00 1.000000000000000000e+00 -1.000000000000000000e+00 0.000000000000000000e+00 1.289752544835209846e-04
9.100228635361418128e-05 0.000000000000000000e+00 1.000000000000000000e+00 -1.000000000000000000e+00 -0.000000000000000000e+00 9.100228635361418128e-05
8.709922258276492357e-05 -0.000000000000000000e+00 1.000000000000000000e+00 -1.000000000000000000e+00 0.000000000000000000e+00 8.709922258276492357e-05
6.479703006334602833e-05 0.000000000000000000e+00 1.000000000000000000e+00 -1.000000000000000000e+00 -0.000000000000000000e+00 6.479703006334602833e-05
3.236121119698509574e-05 -0.000000000000000000e+00 1.000000000000000000e+00 -1.000000000000000000e+00 0.000000000000000000e+00 3.236121119698509574e-05
1.841228731791488826e-05 0.000000000000000000e+00 1.000000000000000000e+00 -1.000000000000000000e+00 -0.000000000000000000e+00 1.841228731791488826e-05
2.644955884534283541e-06 0.000000000000000000e+00 1.000000000000000000e+00 -1.000000000000000000e+00 0.000000000000000000e+00 2.644955884534283541e-06
-1.138735478889429942e-05 -0.000000000000000000e+00 1.000000000000000000e+00 -1.000000000000000000e+00 0.000000000000000000e+00 -1.138735478889429942e-05
-8.177712516044266522e-06 0.000000000000000000e+00 1.000000000000000000e+00 -1.000000000000000000e+00 0.000000000000000000e+00 -8.177712516044266522e-06
-2.590681651781778783e-05 -0.000000000000000000e+00 1.000000000000000000e+00 -1.000000000000000000e+00 0.000000000000000000e+00 -2.590681651781778783e-05
-1.939244248205795884e-05 0.000000000000000000e+00 1.000000000000000000e+00 -1.000000000000000000e+00 0.000000000000000000e+00 -1.939244248205795884e-05
-2.646272514539305121e-05 -0.000000000000000000e+00 1.000000000000000000e+00 -1.000000000000000000e+00 0.000000000000000000e+00 -2.646272514539305121e-05
-5.137622065376490355e-05 0.000000000000000000e+00 1.000000000000000000e+00 -1.000000000000000000e+00 0.000000000000000000e+00 -5.137622065376490355e-05
-8.302791684400290251e-05 0.000000000000000000e+00 1.000000000000000000e+00 -1.000000000000000000e+00 0.000000000000000000e+00 -8.302791684400290251e-05
-1.110954617615789175e-04 -0.000000000000000000e+00 1.000000000000000000e+00 -1.000000000000000000e+00 0.000000000000000000e+00 -1.110954617615789175e-04
-1.272336521651595831e-04 -0.000000000000000000e+00 1.000000000000000000e+00 -1.000000000000000000e+00 0.000000000000000000e+00 -1.272336521651595831e-04
-1.320049486821517348e-04 -0.000000000000000000e+00 1.000000000000000000e+00 -1.000000000000000000e+00 0.000000000000000000e+00 -1.320049486821517348e-04
-6.338824459817260504e-05 -0.000000000000000000e+00 1.000000000000000000e+00 -1.000000000000000000e+00 0.000000000000000000e+00 -6.338824459817260504e-05
-6.448104250011965632e-05 0.000000000000000000e+00 1.000000000000000000e+00 -1.000000000000000000e+00 0.000000000000000000e+00 -6.448104250011965632e-05
4.742414457723498344e-04 0.000000000000000000e+00 9.999998807907104492e-01 -9.999998807907104492e-01 -0.000000000000000000e+00 4.742414457723498344e-04
4.320026782806962729e-04 -0.000000000000000000e+00 9.999999403953552246e-01 -9.999999403953552246e-01 0.000000000000000000e+00 4.320026782806962729e-04
4.181429685559123755e-04 0.000000000000000000e+00 9.999999403953552246e-01 -9.999999403953552246e-01 -0.000000000000000000e+00 4.181429685559123755e-04
3.775060176849365234e-04 0.000000000000000000e+00 9.999999403953552246e-01 -9.999999403953552246e-01 0.000000000000000000e+00 3.775060176849365234e-04
3.639199130702763796e-04 0.000000000000000000e+00 9.999999403953552246e-01 -9.999999403953552246e-01 -0.000000000000000000e+00 3.639199130702763796e-04
3.428143681958317757e-04 0.000000000000000000e+00 9.999999403953552246e-01 -9.999999403953552246e-01 0.000000000000000000e+00 3.428143681958317757e-04
3.279745287727564573e-04 0.000000000000000000e+00 9.999999403953552246e-01 -9.999999403953552246e-01 -0.000000000000000000e+00 3.279745287727564573e-04
3.062853065785020590e-04 0.000000000000000000e+00 9.999999403953552246e-01 -9.999999403953552246e-01 0.000000000000000000e+00 3.062853065785020590e-04
3.159288608003407717e-04 0.000000000000000000e+00 9.999999403953552246e-01 -9.999999403953552246e-01 -0.000000000000000000e+00 3.159288608003407717e-04
2.724831574596464634e-04 -0.000000000000000000e+00 1.000000000000000000e+00 -1.000000000000000000e+00 0.000000000000000000e+00 2.724831574596464634e-04
1.967010466614738107e-04 0.000000000000000000e+00 1.000000000000000000e+00 -1.000000000000000000e+00 0.000000000000000000e+00 1.967010466614738107e-04
4.789388913195580244e-04 0.000000000000000000e+00 9.999998807907104492e-01 -9.999998807907104492e-01 0.000000000000000000e+00 4.789388913195580244e-04
4.925352986901998520e-04 0.000000000000000000e+00 9.999998807907104492e-01 -9.999998807907104492e-01 0.000000000000000000e+00 4.925352986901998520e-04
4.914292949251830578e-04 0.000000000000000000e+00 9.999998807907104492e-01 -9.999998807907104492e-01 0.000000000000000000e+00 4.914292949251830578e-04
5.327070248313248158e-04 0.000000000000000000e+00 9.999998807907104492e-01 -9.999998807907104492e-01 0.000000000000000000e+00 5.327070248313248158e-04
4.964383551850914955e-04 0.000000000000000000e+00 9.999998807907104492e-01 -9.999998807907104492e-01 0.000000000000000000e+00 4.964383551850914955e-04
5.634882836602628231e-04 0.000000000000000000e+00 9.999998807907104492e-01 -9.999998807907104492e-01 0.000000000000000000e+00 5.634882836602628231e-04
6.074912962503731251e-04 0.000000000000000000e+00 9.999998211860656738e-01 -9.999998211860656738e-01 0.000000000000000000e+00 6.074912962503731251e-04
6.274396437220275402e-04 0.000000000000000000e+00 9.999998211860656738e-01 -9.999998211860656738e-01 -0.000000000000000000e+00 6.274396437220275402e-04
6.542813498526811600e-04 0.000000000000000000e+00 9.999998211860656738e-01 -9.999998211860656738e-01 0.000000000000000000e+00 6.542813498526811600e-04
5.899333627894520760e-04 0.000000000000000000e+00 9.999998211860656738e-01 -9.999998211860656738e-01 0.000000000000000000e+00 5.899333627894520760e-04
5.855885101482272148e-04 0.000000000000000000e+00 9.999998211860656738e-01 -9.999998211860656738e-01 -0.000000000000000000e+00 5.855885101482272148e-04
5.768724367953836918e-04 0.000000000000000000e+00 9.999998211860656738e-01 -9.999998211860656738e-01 -0.000000000000000000e+00 5.768724367953836918e-04
5.632936954498291016e-04 0.000000000000000000e+00 9.999998807907104492e-01 -9.999998807907104492e-01 0.000000000000000000e+00 5.632936954498291016e-04
5.367856356315314770e-04 0.000000000000000000e+00 9.999998807907104492e-01 -9.999998807907104492e-01 -0.000000000000000000e+00 5.367856356315314770e-04
4.997884389013051987e-04 0.000000000000000000e+00 9.999998807907104492e-01 -9.999998807907104492e-01 -0.000000000000000000e+00 4.997884389013051987e-04
2.607022761367261410e-04 0.000000000000000000e+00 1.000000000000000000e+00 -1.000000000000000000e+00 0.000000000000000000e+00 2.607022761367261410e-04
1.332074753008782864e-04 0.000000000000000000e+00 1.000000000000000000e+00 -1.000000000000000000e+00 0.000000000000000000e+00 1.332074753008782864e-04
2.921447739936411381e-04 0.000000000000000000e+00 1.000000000000000000e+00 -1.000000000000000000e+00 0.000000000000000000e+00 2.921447739936411381e-04
2.568445634096860886e-04 0.000000000000000000e+00 1.000000000000000000e+00 -1.000000000000000000e+00 0.000000000000000000e+00 2.568445634096860886e-04
1.954224571818485856e-04 0.000000000000000000e+00 1.000000000000000000e+00 -1.000000000000000000e+00 -0.000000000000000000e+00 1.954224571818485856e-04
1.910073624458163977e-04 0.000000000000000000e+00 1.000000000000000000e+00 -1.000000000000000000e+00 0.000000000000000000e+00 1.910073624458163977e-04
1.918046618811786175e-04 0.000000000000000000e+00 1.000000000000000000e+00 -1.000000000000000000e+00 0.000000000000000000e+00 1.918046618811786175e-04
2.547364856582134962e-04 0.000000000000000000e+00 1.000000000000000000e+00 -1.000000000000000000e+00 0.000000000000000000e+00 2.547364856582134962e-04
1.915223110700026155e-04 0.000000000000000000e+00 1.000000000000000000e+00 -1.000000000000000000e+00 0.000000000000000000e+00 1.915223110700026155e-04
2.583484456408768892e-04 0.000000000000000000e+00 1.000000000000000000e+00 -1.000000000000000000e+00 0.000000000000000000e+00 2.583484456408768892e-04
2.679598110262304544e-04 0.000000000000000000e+00 1.000000000000000000e+00 -1.000000000000000000e+00 0.000000000000000000e+00 2.679598110262304544e-04
4.493894230108708143e-04 0.000000000000000000e+00 9.999999403953552246e-01 -9.999999403953552246e-01 -0.000000000000000000e+00 4.493894230108708143e-04
3.835639508906751871e-04 -0.000000000000000000e+00 9.999999403953552246e-01 -9.999999403953552246e-01 0.000000000000000000e+00 3.835639508906751871e-04
4.046855901833623648e-04 0.000000000000000000e+00 9.999999403953552246e-01 -9.999999403953552246e-01 -0.000000000000000000e+00 4.046855901833623648e-04
3.419717540964484215e-04 0.000000000000000000e+00 9.999999403953552246e-01 -9.999999403953552246e-01 0.000000000000000000e+00 3.419717540964484215e-04
3.539281606208533049e-04 0.000000000000000000e+00 9.999999403953552246e-01 -9.999999403953552246e-01 -0.000000000000000000e+00 3.539281606208533049e-04
3.304337151348590851e-04 0.000000000000000000e+00 9.999999403953552246e-01 -9.999999403953552246e-01 0.000000000000000000e+00 3.304337151348590851e-04
3.340778348501771688e-04 0.000000000000000000e+00 9.999999403953552246e-01 -9.999999403953552246e-01 -0.000000000000000000e+00 3.340778348501771688e-04
3.249828587286174297e-04 0.000000000000000000e+00 9.999999403953552246e-01 -9.999999403953552246e-01 0.000000000000000000e+00 3.249828587286174297e-04
4.267420154064893723e-04 0.000000000000000000e+00 9.999999403953552246e-01 -9.999999403953552246e-01 0.000000000000000000e+00 4.267420154064893723e-04
4.745589103549718857e-04 0.000000000000000000e+00 9.999998807907104492e-01 -9.999998807907104492e-01 0.000000000000000000e+00 4.745589103549718857e-04
4.436357703525573015e-04 0.000000000000000000e+00 9.999999403953552246e-01 -9.999999403953552246e-01 0.000000000000000000e+00 4.436357703525573015e-04
4.913181182928383350e-04 0.000000000000000000e+00 9.999998807907104492e-01 -9.999998807907104492e-01 0.000000000000000000e+00 4.913181182928383350e-04
4.445632512215524912e-04 0.000000000000000000e+00 9.999999403953552246e-01 -9.999999403953552246e-01 0.000000000000000000e+00 4.445632512215524912e-04
4.907944239675998688e-04 0.000000000000000000e+00 9.999998807907104492e-01 -9.999998807907104492e-01 0.000000000000000000e+00 4.907944239675998688e-04
4.476646427065134048e-04 0.000000000000000000e+00 9.999999403953552246e-01 -9.999999403953552246e-01 0.000000000000000000e+00 4.476646427065134048e-04
5.551628419198095798e-04 0.000000000000000000e+00 9.999998807907104492e-01 -9.999998807907104492e-01 0.000000000000000000e+00 5.551628419198095798e-04
4.619339306373149157e-04 0.000000000000000000e+00 9.999998807907104492e-01 -9.999998807907104492e-01 0.000000000000000000e+00 4.619339306373149157e-04
5.471957847476005554e-04 0.000000000000000000e+00 9.999998807907104492e-01 -9.999998807907104492e-01 0.000000000000000000e+00 5.471957847476005554e-04
5.624422919936478138e-04 0.000000000000000000e+00 9.999998807907104492e-01 -9.999998807907104492e-01 -0.000000000000000000e+00 5.624422919936478138e-04
2.653704432304948568e-04 0.000000000000000000e+00 1.000000000000000000e+00 -1.000000000000000000e+00 0.000000000000000000e+00 2.653704432304948568e-04
1.979796361410990357e-04 0.000000000000000000e+00 1.000000000000000000e+00 -1.000000000000000000e+00 0.000000000000000000e+00 1.979796361410990357e-04
2.166055055567994714e-04 0.000000000000000000e+00 1.000000000000000000e+00 -1.000000000000000000e+00 0.000000000000000000e+00 2.166055055567994714e-04
1.869506959337741137e-04 0.000000000000000000e+00 1.000000000000000000e+00 -1.000000000000000000e+00 0.000000000000000000e+00 1.869506959337741137e-04
-5.591887747868895531e-04 0.000000000000000000e+00 9.999998807907104492e-01 -9.999998807907104492e-01 0.000000000000000000e+00 -5.591887747868895531e-04
-5.472455522976815701e-04 0.000000000000000000e+00 9.999998807907104492e-01 -9.999998807907104492e-01 0.000000000000000000e+00 -5.472455522976815701e-04
-4.619222308974713087e-04 0.000000000000000000e+00 9.999998807907104492e-01 -9.999998807907104492e-01 0.000000000000000000e+00 -4.619222308974713087e-04
-3.647523117251694202e-04 0.000000000000000000e+00 9.999999403953552246e-01 -9.999999403953552246e-01 0.000000000000000000e+00 -3.647523117251694202e-04
-3.465243498794734478e-04 0.000000000000000000e+00 9.999999403953552246e-01 -9.999999403953552246e-01 0.000000000000000000e+00 -3.465243498794734478e-04
-6.442983285523951054e-04 0.000000000000000000e+00 9.999998211860656738e-01 -9.999998211860656738e-01 0.000000000000000000e+00 -6.442983285523951054e-04
-5.981110734865069389e-04 0.000000000000000000e+00 9.999998211860656738e-01 -9.999998211860656738e-01 0.000000000000000000e+00 -5.981110734865069389e-04
-5.949541227892041206e-04 0.000000000000000000e+00 9.999998211860656738e-01 -9.999998211860656738e-01 0.000000000000000000e+00 -5.949541227892041206e-04
-5.861882818862795830e-04 0.000000000000000000e+00 9.999998211860656738e-01 -9.999998211860656738e-01 0.000000000000000000e+00 -5.861882818862795830e-04
-5.684695206582546234e-04 0.000000000000000000e+00 9.999998807907104492e-01 -9.999998807907104492e-01 0.000000000000000000e+00 -5.684695206582546234e-04
4.908968185191042721e-05 0.000000000000000000e+00 1.000000000000000000e+00 -1.000000000000000000e+00 0.000000000000000000e+00 4.908968185191042721e-05
3.166339956806041300e-05 0.000000000000000000e+00 1.000000000000000000e+00 -1.000000000000000000e+00 0.000000000000000000e+00 3.166339956806041300e-05
-1.340033009000762831e-06 0.000000000000000000e+00 1.000000000000000000e+00 -1.000000000000000000e+00 0.000000000000000000e+00 -1.340033009000762831e-06
-3.013318746525328606e-05 -0.000000000000000000e+00 1.000000000000000000e+00 -1.000000000000000000e+00 0.000000000000000000e+00 -3.013318746525328606e-05
-4.219933543936349452e-05 0.000000000000000000e+00 1.000000000000000000e+00 -1.000000000000000000e+00 0.000000000000000000e+00 -4.219933543936349452e-05
-5.121237336425110698e-05 0.000000000000000000e+00 1.000000000000000000e+00 -1.000000000000000000e+00 0.000000000000000000e+00 -5.121237336425110698e-05
-6.839229608885943890e-04 0.000000000000000000e+00 9.999997615814208984e-01 -9.999997615814208984e-01 0.000000000000000000e+00 -6.839229608885943890e-04
-6.827262695878744125e-04 0.000000000000000000e+00 9.999997615814208984e-01 -9.999997615814208984e-01 0.000000000000000000e+00 -6.827262695878744125e-04
-6.813686923123896122e-04 0.000000000000000000e+00 9.999997615814208984e-01 -9.999997615814208984e-01 0.000000000000000000e+00 -6.813686923123896122e-04
6.567273521795868874e-04 0.000000000000000000e+00 9.999998211860656738e-01 -9.999998211860656738e-01 0.000000000000000000e+00 6.567273521795868874e-04
6.589334225282073021e-04 0.000000000000000000e+00 9.999998211860656738e-01 -9.999998211860656738e-01 0.000000000000000000e+00 6.589334225282073021e-04
-2.421480603516101837e-04 0.000000000000000000e+00 -1.000000000000000000e+00 -1.000000000000000000e+00 0.000000000000000000e+00 2.421480603516101837e-04
-2.162485616281628609e-04 0.000000000000000000e+00 -1.000000000000000000e+00 -1.000000000000000000e+00 0.000000000000000000e+00 2.162485616281628609e-04
-2.587902417872101068e-04 0.000000000000000000e+00 -1.000000000000000000e+00 -1.000000000000000000e+00 0.000000000000000000e+00 2.587902417872101068e-04
-1.798072626115754247e-04 0.000000000000000000e+00 -1.000000000000000000e+00 -1.000000000000000000e+00 0.000000000000000000e+00 1.798072626115754247e-04
-2.344940730836242437e-04 0.000000000000000000e+00 -1.000000000000000000e+00 -1.000000000000000000e+00 0.000000000000000000e+00 2.344940730836242437e-04
-1.474124001106247306e-04 0.000000000000000000e+00 -1.000000000000000000e+00 -1.000000000000000000e+00 0.000000000000000000e+00 1.474124001106247306e-04
-1.842808705987408757e-04 0.000000000000000000e+00 -1.000000000000000000e+00 -1.000000000000000000e+00 0.000000000000000000e+00 1.842808705987408757e-04
-1.303547760471701622e-04 0.000000000000000000e+00 -1.000000000000000000e+00 -1.000000000000000000e+00 0.000000000000000000e+00 1.303547760471701622e-04
-1.658802793826907873e-04 0.000000000000000000e+00 -1.000000000000000000e+00 -1.000000000000000000e+00 0.000000000000000000e+00 1.658802793826907873e-04
-8.232717664213851094e-05 0.000000000000000000e+00 -1.000000000000000000e+00 -1.000000000000000000e+00 0.000000000000000000e+00 8.232717664213851094e-05
-1.301499723922461271e-04 -0.000000000000000000e+00 -1.000000000000000000e+00 -1.000000000000000000e+00 0.000000000000000000e+00 1.301499723922461271e-04
-2.059876424027606845e-04 -0.000000000000000000e+00 -1.000000000000000000e+00 -1.000000000000000000e+00 0.000000000000000000e+00 2.059876424027606845e-04
-3.421531291678547859e-04 0.000000000000000000e+00 -9.999999403953552246e-01 -9.999999403953552246e-01 0.000000000000000000e+00 3.421531291678547859e-04
-4.140146193094551563e-04 0.000000000000000000e+00 -9.999999403953552246e-01 -9.999999403953552246e-01 0.000000000000000000e+00 4.140146193094551563e-04
-3.601148491725325584e-04 0.000000000000000000e+00 -9.999999403953552246e-01 -9.999999403953552246e-01 0.000000000000000000e+00 3.601148491725325584e-04
-4.293226229492574930e-04 0.000000000000000000e+00 -9.999999403953552246e-01 -9.999999403953552246e-01 0.000000000000000000e+00 4.293226229492574930e-04
-4.041691718157380819e-04 0.000000000000000000e+00 -9.999999403953552246e-01 -9.999999403953552246e-01 0.000000000000000000e+00 4.041691718157380819e-04
-4.471292195376008749e-04 0.000000000000000000e+00 -9.999999403953552246e-01 -9.999999403953552246e-01 0.000000000000000000e+00 4.471292195376008749e-04
-4.519978247117251158e-04 0.000000000000000000e+00 -9.999999403953552246e-01 -9.999999403953552246e-01 0.000000000000000000e+00 4.519978247117251158e-04
-4.825288779102265835e-04 0.000000000000000000e+00 -9.999998807907104492e-01 -9.999998807907104492e-01 0.000000000000000000e+00 4.825288779102265835e-04
-4.976057680323719978e-04 0.000000000000000000e+00 -9.999998807907104492e-01 -9.999998807907104492e-01 0.000000000000000000e+00 4.976057680323719978e-04
-5.057103116996586323e-04 0.000000000000000000e+00 -9.999998807907104492e-01 -9.999998807907104492e-01 0.000000000000000000e+00 5.057103116996586323e-04
-5.071644554845988750e-04 0.000000000000000000e+00 -9.999998807907104492e-01 -9.999998807907104492e-01 0.000000000000000000e+00 5.071644554845988750e-04
-5.494136130437254906e-04 0.000000000000000000e+00 -9.999998807907104492e-01 -9.999998807907104492e-01 0.000000000000000000e+00 5.494136130437254906e-04
-5.240816390141844749e-04 0.000000000000000000e+00 -9.999998807907104492e-01 -9.999998807907104492e-01 0.000000000000000000e+00 5.240816390141844749e-04
-5.731068667955696583e-04 0.000000000000000000e+00 -9.999998211860656738e-01 -9.999998211860656738e-01 0.000000000000000000e+00 5.731068667955696583e-04
-5.445537390187382698e-04 0.000000000000000000e+00 -9.999998807907104492e-01 -9.999998807907104492e-01 0.000000000000000000e+00 5.445537390187382698e-04
-5.939563852734863758e-04 0.000000000000000000e+00 -9.999998211860656738e-01 -9.999998211860656738e-01 0.000000000000000000e+00 5.939563852734863758e-04
-6.303275004029273987e-04 0.000000000000000000e+00 -9.999998211860656738e-01 -9.999998211860656738e-01 0.000000000000000000e+00 6.303275004029273987e-04
-7.007991662248969078e-04 0.000000000000000000e+00 -9.999997615814208984e-01 -9.999997615814208984e-01 0.000000000000000000e+00 7.007991662248969078e-04
-7.317954441532492638e-04 0.000000000000000000e+00 -9.999997615814208984e-01 -9.999997615814208984e-01 0.000000000000000000e+00 7.317954441532492638e-04
-2.064587024506181479e-04 0.000000000000000000e+00 -1.000000000000000000e+00 -1.000000000000000000e+00 0.000000000000000000e+00 2.064587024506181479e-04
-2.701658813748508692e-04 0.000000000000000000e+00 -1.000000000000000000e+00 -1.000000000000000000e+00 0.000000000000000000e+00 2.701658813748508692e-04
-2.282474160892888904e-04 0.000000000000000000e+00 -1.000000000000000000e+00 -1.000000000000000000e+00 0.000000000000000000e+00 2.282474160892888904e-04
-3.217220364604145288e-04 0.000000000000000000e+00 -9.999999403953552246e-01 -9.999999403953552246e-01 0.000000000000000000e+00 3.217220364604145288e-04
-2.454454952385276556e-04 0.000000000000000000e+00 -1.000000000000000000e+00 -1.000000000000000000e+00 0.000000000000000000e+00 2.454454952385276556e-04
-3.491254174150526524e-04 0.000000000000000000e+00 -9.999999403953552246e-01 -9.999999403953552246e-01 0.000000000000000000e+00 3.491254174150526524e-04
-3.635263710748404264e-04 0.000000000000000000e+00 -9.999999403953552246e-01 -9.999999403953552246e-01 0.000000000000000000e+00 3.635263710748404264e-04
-4.856566083617508411e-04 0.000000000000000000e+00 -9.999998807907104492e-01 -9.999998807907104492e-01 0.000000000000000000e+00 4.856566083617508411e-04
-5.180485895834863186e-04 0.000000000000000000e+00 -9.999998807907104492e-01 -9.999998807907104492e-01 0.000000000000000000e+00 5.180485895834863186e-04
-5.833882605656981468e-04 0.000000000000000000e+00 -9.999998211860656738e-01 -9.999998211860656738e-01 0.000000000000000000e+00 5.833882605656981468e-04
-5.403346731327474117e-04 -0.000000000000000000e+00 -9.999998807907104492e-01 -9.999998807907104492e-01 0.000000000000000000e+00 5.403346731327474117e-04
-5.592765519395470619e-04 0.000000000000000000e+00 -9.999998807907104492e-01 -9.999998807907104492e-01 0.000000000000000000e+00 5.592765519395470619e-04
-9.443721501156687737e-05 0.000000000000000000e+00 -1.000000000000000000e+00 -1.000000000000000000e+00 0.000000000000000000e+00 9.443721501156687737e-05
-9.355069050798192620e-05 0.000000000000000000e+00 -1.000000000000000000e+00 -1.000000000000000000e+00 0.000000000000000000e+00 9.355069050798192620e-05
-1.014709268929436803e-04 0.000000000000000000e+00 -1.000000000000000000e+00 -1.000000000000000000e+00 0.000000000000000000e+00 1.014709268929436803e-04
-9.880841389531269670e-05 0.000000000000000000e+00 -1.000000000000000000e+00 -1.000000000000000000e+00 0.000000000000000000e+00 9.880841389531269670e-05
-1.747221685945987701e-04 0.000000000000000000e+00 -1.000000000000000000e+00 -1.000000000000000000e+00 0.000000000000000000e+00 1.747221685945987701e-04
-2.043521089944988489e-04 0.000000000000000000e+00 -1.000000000000000000e+00 -1.000000000000000000e+00 0.000000000000000000e+00 2.043521089944988489e-04
-2.235017018392682076e-04 0.000000000000000000e+00 -1.000000000000000000e+00 -1.000000000000000000e+00 0.000000000000000000e+00 2.235017018392682076e-04
-2.403164835413917899e-04 0.000000000000000000e+00 -1.000000000000000000e+00 -1.000000000000000000e+00 0.000000000000000000e+00 2.403164835413917899e-04
-2.563383895903825760e-04 0.000000000000000000e+00 -1.000000000000000000e+00 -1.000000000000000000e+00 0.000000000000000000e+00 2.563383895903825760e-04
-2.305880771018564701e-04 -0.000000000000000000e+00 -1.000000000000000000e+00 -1.000000000000000000e+00 0.000000000000000000e+00 2.305880771018564701e-04
-2.389325672993436456e-04 0.000000000000000000e+00 -1.000000000000000000e+00 -1.000000000000000000e+00 0.000000000000000000e+00 2.389325672993436456e-04
1.484861877543153241e-05 -0.000000000000000000e+00 -1.000000000000000000e+00 -1.000000000000000000e+00 0.000000000000000000e+00 -1.484861877543153241e-05
6.158884934848174453e-05 0.000000000000000000e+00 -1.000000000000000000e+00 -1.000000000000000000e+00 0.000000000000000000e+00 -6.158884934848174453e-05
8.868209988577291369e-05 -0.000000000000000000e+00 -1.000000000000000000e+00 -1.000000000000000000e+00 0.000000000000000000e+00 -8.868209988577291369e-05
5.210329254623502493e-05 0.000000000000000000e+00 -1.000000000000000000e+00 -1.000000000000000000e+00 -0.000000000000000000e+00 -5.210329254623502493e-05
8.750883716857060790e-05 -0.000000000000000000e+00 -1.000000000000000000e+00 -1.000000000000000000e+00 0.000000000000000000e+00 -8.750883716857060790e-05
8.272509148810058832e-05 -0.000000000000000000e+00 -1.000000000000000000e+00 -1.000000000000000000e+00 0.000000000000000000e+00 -8.272509148810058832e-05
3.888436185661703348e-05 0.000000000000000000e+00 -1.000000000000000000e+00 -1.000000000000000000e+00 0.000000000000000000e+00 -3.888436185661703348e-05
-8.180638360499870032e-06 0.000000000000000000e+00 -1.000000000000000000e+00 -1.000000000000000000e+00 0.000000000000000000e+00 8.180638360499870032e-06
9.672814485384151340e-06 0.000000000000000000e+00 -1.000000000000000000e+00 -1.000000000000000000e+00 0.000000000000000000e+00 -9.672814485384151340e-06
-5.245731881586834788e-05 0.000000000000000000e+00 -1.000000000000000000e+00 -1.000000000000000000e+00 0.000000000000000000e+00 5.245731881586834788e-05
-4.056671969010494649e-05 0.000000000000000000e+00 -1.000000000000000000e+00 -1.000000000000000000e+00 0.000000000000000000e+00 4.056671969010494649e-05
-8.793893357506021857e-05 0.000000000000000000e+00 -1.000000000000000000e+00 -1.000000000000000000e+00 0.000000000000000000e+00 8.793893357506021857e-05
-6.611804565181955695e-05 0.000000000000000000e+00 -1.000000000000000000e+00 -1.000000000000000000e+00 0.000000000000000000e+00 6.611804565181955695e-05
-8.518571266904473305e-04 0.000000000000000000e+00 -9.999996423721313477e-01 -9.999996423721313477e-01 0.000000000000000000e+00 8.518571266904473305e-04
-8.193101384676992893e-04 0.000000000000000000e+00 -9.999997019767761230e-01 -9.999997019767761230e-01 0.000000000000000000e+00 8.193101384676992893e-04
-8.265384240075945854e-04 0.000000000000000000e+00 -9.999997019767761230e-01 -9.999997019767761230e-01 0.000000000000000000e+00 8.265384240075945854e-04
-8.147400221787393093e-04 0.000000000000000000e+00 -9.999997019767761230e-01 -9.999997019767761230e-01 0.000000000000000000e+00 8.147400221787393093e-04
-8.334272424690425396e-04 0.000000000000000000e+00 -9.999996423721313477e-01 -9.999996423721313477e-01 0.000000000000000000e+00 8.334272424690425396e-04
-8.238861919380724430e-04 0.000000000000000000e+00 -9.999997019767761230e-01 -9.999997019767761230e-01 0.000000000000000000e+00 8.238861919380724430e-04
-8.540324633941054344e-04 0.000000000000000000e+00 -9.999996423721313477e-01 -9.999996423721313477e-01 0.000000000000000000e+00 8.540324633941054344e-04
-8.304107468575239182e-04 0.000000000000000000e+00 -9.999996423721313477e-01 -9.999996423721313477e-01 0.000000000000000000e+00 8.304107468575239182e-04
-8.654783596284687519e-04 0.000000000000000000e+00 -9.999996423721313477e-01 -9.999996423721313477e-01 0.000000000000000000e+00 8.654783596284687519e-04
-7.991921156644821167e-04 0.000000000000000000e+00 -9.999997019767761230e-01 -9.999997019767761230e-01 0.000000000000000000e+00 7.991921156644821167e-04
-8.161941659636795521e-04 0.000000000000000000e+00 -9.999997019767761230e-01 -9.999997019767761230e-01 0.000000000000000000e+00 8.161941659636795521e-04
-8.109715417958796024e-04 -0.000000000000000000e+00 -9.999997019767761230e-01 -9.999997019767761230e-01 0.000000000000000000e+00 8.109715417958796024e-04
-8.214152767322957516e-04 0.000000000000000000e+00 -9.999997019767761230e-01 -9.999997019767761230e-01 0.000000000000000000e+00 8.214152767322957516e-04
-8.560030255466699600e-04 0.000000000000000000e+00 -9.999996423721313477e-01 -9.999996423721313477e-01 0.000000000000000000e+00 8.560030255466699600e-04
-8.748922264203429222e-04 0.000000000000000000e+00 -9.999996423721313477e-01 -9.999996423721313477e-01 0.000000000000000000e+00 8.748922264203429222e-04
-9.259158978238701820e-04 0.000000000000000000e+00 -9.999995827674865723e-01 -9.999995827674865723e-01 0.000000000000000000e+00 9.259158978238701820e-04
-9.680449147708714008e-04 0.000000000000000000e+00 -9.999995231628417969e-01 -9.999995231628417969e-01 0.000000000000000000e+00 9.680449147708714008e-04
-9.830545168370008469e-04 0.000000000000000000e+00 -9.999995231628417969e-01 -9.999995231628417969e-01 0.000000000000000000e+00 9.830545168370008469e-04
-1.031150808557868004e-03 0.000000000000000000e+00 -9.999994635581970215e-01 -9.999994635581970215e-01 0.000000000000000000e+00 1.031150808557868004e-03
-1.009568572044372559e-03 0.000000000000000000e+00 -9.999995231628417969e-01 -9.999995231628417969e-01 0.000000000000000000e+00 1.009568572044372559e-03
-1.004069345071911812e-03 0.000000000000000000e+00 -9.999995231628417969e-01 -9.999995231628417969e-01 0.000000000000000000e+00 1.004069345071911812e-03
-9.789846371859312057e-04 0.000000000000000000e+00 -9.999995231628417969e-01 -9.999995231628417969e-01 0.000000000000000000e+00 9.789846371859312057e-04
-9.418221889063715935e-04 0.000000000000000000e+00 -9.999995827674865723e-01 -9.999995827674865723e-01 0.000000000000000000e+00 9.418221889063715935e-04
-9.391860221512615681e-04 0.000000000000000000e+00 -9.999995827674865723e-01 -9.999995827674865723e-01 0.000000000000000000e+00 9.391860221512615681e-04
-9.349157335236668587e-04 -0.000000000000000000e+00 -9.999995827674865723e-01 -9.999995827674865723e-01 0.000000000000000000e+00 9.349157335236668587e-04
-9.297252981923520565e-04 0.000000000000000000e+00 -9.999995827674865723e-01 -9.999995827674865723e-01 0.000000000000000000e+00 9.297252981923520565e-04
-9.493372635915875435e-04 0.000000000000000000e+00 -9.999995827674865723e-01 -9.999995827674865723e-01 0.000000000000000000e+00 9.493372635915875435e-04
-9.301129612140357494e-04 0.000000000000000000e+00 -9.999995827674865723e-01 -9.999995827674865723e-01 0.000000000000000000e+00 9.301129612140357494e-04
-9.291913593187928200e-04 0.000000000000000000e+00 -9.999995827674865723e-01 -9.999995827674865723e-01 0.000000000000000000e+00 9.291913593187928200e-04
-9.367560851387679577e-04 0.000000000000000000e+00 -9.999995827674865723e-01 -9.999995827674865723e-01 0.000000000000000000e+00 9.367560851387679577e-04
-9.360685362480580807e-04 0.000000000000000000e+00 -9.999995827674865723e-01 -9.999995827674865723e-01 0.000000000000000000e+00 9.360685362480580807e-04
-9.455995168536901474e-04 0.000000000000000000e+00 -9.999995827674865723e-01 -9.999995827674865723e-01 0.000000000000000000e+00 9.455995168536901474e-04
-9.606718667782843113e-04 0.000000000000000000e+00 -9.999995827674865723e-01 -9.999995827674865723e-01 0.000000000000000000e+00 9.606718667782843113e-04
-9.555195574648678303e-04 0.000000000000000000e+00 -9.999995827674865723e-01 -9.999995827674865723e-01 0.000000000000000000e+00 9.555195574648678303e-04
-9.592426358722150326e-04 0.000000000000000000e+00 -9.999995827674865723e-01 -9.999995827674865723e-01 0.000000000000000000e+00 9.592426358722150326e-04
-9.438790148124098778e-04 0.000000000000000000e+00 -9.999995827674865723e-01 -9.999995827674865723e-01 0.000000000000000000e+00 9.438790148124098778e-04
-9.441730799153447151e-04 0.000000000000000000e+00 -9.999995827674865723e-01 -9.999995827674865723e-01 0.000000000000000000e+00 9.441730799153447151e-04
-9.182501817122101784e-04 0.000000000000000000e+00 -9.999995827674865723e-01 -9.999995827674865723e-01 0.000000000000000000e+00 9.182501817122101784e-04
-9.243066888302564621e-04 0.000000000000000000e+00 -9.999995827674865723e-01 -9.999995827674865723e-01 0.000000000000000000e+00 9.243066888302564621e-04
-9.158290340565145016e-04 0.000000000000000000e+00 -9.999995827674865723e-01 -9.999995827674865723e-01 0.000000000000000000e+00 9.158290340565145016e-04
-8.933689096011221409e-04 0.000000000000000000e+00 -9.999996423721313477e-01 -9.999996423721313477e-01 0.000000000000000000e+00 8.933689096011221409e-04
-8.880848763510584831e-04 0.000000000000000000e+00 -9.999996423721313477e-01 -9.999996423721313477e-01 0.000000000000000000e+00 8.880848763510584831e-04
-8.702752529643476009e-04 -0.000000000000000000e+00 -9.999996423721313477e-01 -9.999996423721313477e-01 0.000000000000000000e+00 8.702752529643476009e-04
-8.510246989317238331e-04 0.000000000000000000e+00 -9.999996423721313477e-01 -9.999996423721313477e-01 0.000000000000000000e+00 8.510246989317238331e-04
-8.486401638947427273e-04 0.000000000000000000e+00 -9.999996423721313477e-01 -9.999996423721313477e-01 0.000000000000000000e+00 8.486401638947427273e-04
-8.377267513424158096e-04 0.000000000000000000e+00 -9.999996423721313477e-01 -9.999996423721313477e-01 0.000000000000000000e+00 8.377267513424158096e-04
-7.994466577656567097e-04 0.000000000000000000e+00 -9.999997019767761230e-01 -9.999997019767761230e-01 0.000000000000000000e+00 7.994466577656567097e-04
-7.862628553993999958e-04 0.000000000000000000e+00 -9.999997019767761230e-01 -9.999997019767761230e-01 0.000000000000000000e+00 7.862628553993999958e-04
-7.953256135806441307e-04 0.000000000000000000e+00 -9.999997019767761230e-01 -9.999997019767761230e-01 0.000000000000000000e+00 7.953256135806441307e-04
-7.812391850166022778e-04 0.000000000000000000e+00 -9.999997019767761230e-01 -9.999997019767761230e-01 0.000000000000000000e+00 7.812391850166022778e-04
-7.802985492162406445e-04 0.000000000000000000e+00 -9.999997019767761230e-01 -9.999997019767761230e-01 0.000000000000000000e+00 7.802985492162406445e-04
-7.530458387918770313e-04 0.000000000000000000e+00 -9.999997019767761230e-01 -9.999997019767761230e-01 0.000000000000000000e+00 7.530458387918770313e-04
-7.889984990470111370e-04 0.000000000000000000e+00 -9.999997019767761230e-01 -9.999997019767761230e-01 0.000000000000000000e+00 7.889984990470111370e-04
-7.478203624486923218e-04 0.000000000000000000e+00 -9.999997615814208984e-01 -9.999997615814208984e-01 0.000000000000000000e+00 7.478203624486923218e-04
-7.897972245700657368e-04 0.000000000000000000e+00 -9.999997019767761230e-01 -9.999997019767761230e-01 0.000000000000000000e+00 7.897972245700657368e-04
-7.732516387477517128e-04 0.000000000000000000e+00 -9.999997019767761230e-01 -9.999997019767761230e-01 0.000000000000000000e+00 7.732516387477517128e-04
-7.411816040985286236e-04 0.000000000000000000e+00 -9.999997615814208984e-01 -9.999997615814208984e-01 0.000000000000000000e+00 7.411816040985286236e-04
-6.911351229064166546e-04 -0.000000000000000000e+00 -9.999997615814208984e-01 -9.999997615814208984e-01 0.000000000000000000e+00 6.911351229064166546e-04
-6.822054856456816196e-04 -0.000000000000000000e+00 -9.999997615814208984e-01 -9.999997615814208984e-01 0.000000000000000000e+00 6.822054856456816196e-04
-6.802890566177666187e-04 -0.000000000000000000e+00 -9.999997615814208984e-01 -9.999997615814208984e-01 0.000000000000000000e+00 6.802890566177666187e-04
-8.000172092579305172e-04 0.000000000000000000e+00 -9.999997019767761230e-01 -9.999997019767761230e-01 0.000000000000000000e+00 8.000172092579305172e-04
-8.049194584600627422e-04 0.000000000000000000e+00 -9.999997019767761230e-01 -9.999997019767761230e-01 0.000000000000000000e+00 8.049194584600627422e-04
-7.982529350556433201e-04 0.000000000000000000e+00 -9.999997019767761230e-01 -9.999997019767761230e-01 0.000000000000000000e+00 7.982529350556433201e-04
-8.128850022330880165e-04 0.000000000000000000e+00 -9.999997019767761230e-01 -9.999997019767761230e-01 0.000000000000000000e+00 8.128850022330880165e-04
-8.022891124710440636e-04 0.000000000000000000e+00 -9.999997019767761230e-01 -9.999997019767761230e-01 0.000000000000000000e+00 8.022891124710440636e-04
-8.237764704972505569e-04 0.000000000000000000e+00 -9.999997019767761230e-01 -9.999997019767761230e-01 0.000000000000000000e+00 8.237764704972505569e-04
-8.492062916047871113e-04 0.000000000000000000e+00 -9.999996423721313477e-01 -9.999996423721313477e-01 0.000000000000000000e+00 8.492062916047871113e-04
-8.303039357997477055e-04 0.000000000000000000e+00 -9.999996423721313477e-01 -9.999996423721313477e-01 0.000000000000000000e+00 8.303039357997477055e-04
-8.548765908926725388e-04 0.000000000000000000e+00 -9.999996423721313477e-01 -9.999996423721313477e-01 0.000000000000000000e+00 8.548765908926725388e-04
-8.369690040126442909e-04 0.000000000000000000e+00 -9.999996423721313477e-01 -9.999996423721313477e-01 0.000000000000000000e+00 8.369690040126442909e-04
-8.634463301859796047e-04 0.000000000000000000e+00 -9.999996423721313477e-01 -9.999996423721313477e-01 0.000000000000000000e+00 8.634463301859796047e-04
-8.741797646507620811e-04 0.000000000000000000e+00 -9.999996423721313477e-01 -9.999996423721313477e-01 0.000000000000000000e+00 8.741797646507620811e-04
-8.396139601245522499e-04 0.000000000000000000e+00 -9.999996423721313477e-01 -9.999996423721313477e-01 0.000000000000000000e+00 8.396139601245522499e-04
-8.834781474433839321e-04 0.000000000000000000e+00 -9.999996423721313477e-01 -9.999996423721313477e-01 0.000000000000000000e+00 8.834781474433839321e-04
-8.374005556106567383e-04 0.000000000000000000e+00 -9.999996423721313477e-01 -9.999996423721313477e-01 0.000000000000000000e+00 8.374005556106567383e-04
-7.891477434895932674e-04 0.000000000000000000e+00 -9.999997019767761230e-01 -9.999997019767761230e-01 0.000000000000000000e+00 7.891477434895932674e-04
-7.811689865775406361e-04 0.000000000000000000e+00 -9.999997019767761230e-01 -9.999997019767761230e-01 0.000000000000000000e+00 7.811689865775406361e-04
-7.835857104510068893e-04 0.000000000000000000e+00 -9.999997019767761230e-01 -9.999997019767761230e-01 0.000000000000000000e+00 7.835857104510068893e-04
-7.894695736467838287e-04 0.000000000000000000e+00 -9.999997019767761230e-01 -9.999997019767761230e-01 0.000000000000000000e+00 7.894695736467838287e-04
-7.880681077949702740e-04 0.000000000000000000e+00 -9.999997019767761230e-01 -9.999997019767761230e-01 0.000000000000000000e+00 7.880681077949702740e-04
-7.763910689391195774e-04 0.000000000000000000e+00 -9.999997019767761230e-01 -9.999997019767761230e-01 0.000000000000000000e+00 7.763910689391195774e-04
-7.232578936964273453e-04 0.000000000000000000e+00 -9.999997615814208984e-01 -9.999997615814208984e-01 0.000000000000000000e+00 7.232578936964273453e-04
-7.109898724593222141e-04 0.000000000000000000e+00 -9.999997615814208984e-01 -9.999997615814208984e-01 0.000000000000000000e+00 7.109898724593222141e-04
-7.334398687817156315e-04 0.000000000000000000e+00 -9.999997615814208984e-01 -9.999997615814208984e-01 0.000000000000000000e+00 7.334398687817156315e-04
-7.112532039172947407e-04 0.000000000000000000e+00 -9.999997615814208984e-01 -9.999997615814208984e-01 0.000000000000000000e+00 7.112532039172947407e-04
-7.314648246392607689e-04 0.000000000000000000e+00 -9.999997615814208984e-01 -9.999997615814208984e-01 0.000000000000000000e+00 7.314648246392607689e-04
-6.762777338735759258e-04 0.000000000000000000e+00 -9.999997615814208984e-01 -9.999997615814208984e-01 0.000000000000000000e+00 6.762777338735759258e-04
-7.200218969956040382e-04 0.000000000000000000e+00 -9.999997615814208984e-01 -9.999997615814208984e-01 0.000000000000000000e+00 7.200218969956040382e-04
-6.544715142808854580e-04 0.000000000000000000e+00 -9.999998211860656738e-01 -9.999998211860656738e-01 0.000000000000000000e+00 6.544715142808854580e-04
-7.061153883114457130e-04 0.000000000000000000e+00 -9.999997615814208984e-01 -9.999997615814208984e-01 0.000000000000000000e+00 7.061153883114457130e-04
-6.362288841046392918e-04 0.000000000000000000e+00 -9.999998211860656738e-01 -9.999998211860656738e-01 0.000000000000000000e+00 6.362288841046392918e-04
-7.136231288313865662e-04 0.000000000000000000e+00 -9.999997615814208984e-01 -9.999997615814208984e-01 0.000000000000000000e+00 7.136231288313865662e-04
-5.497968522831797600e-04 0.000000000000000000e+00 -9.999998807907104492e-01 -9.999998807907104492e-01 0.000000000000000000e+00 5.497968522831797600e-04
-2.839085354935377836e-04 0.000000000000000000e+00 -1.000000000000000000e+00 -1.000000000000000000e+00 0.000000000000000000e+00 2.839085354935377836e-04
-7.042604265734553337e-04 0.000000000000000000e+00 -9.999997615814208984e-01 -9.999997615814208984e-01 0.000000000000000000e+00 7.042604265734553337e-04
-7.138483924791216850e-04 0.000000000000000000e+00 -9.999997615814208984e-01 -9.999997615814208984e-01 0.000000000000000000e+00 7.138483924791216850e-04
-7.087837439030408859e-04 0.000000000000000000e+00 -9.999997615814208984e-01 -9.999997615814208984e-01 0.000000000000000000e+00 7.087837439030408859e-04
-7.349876104854047298e-04 0.000000000000000000e+00 -9.999997615814208984e-01 -9.999997615814208984e-01 0.000000000000000000e+00 7.349876104854047298e-04
-7.116218330338597298e-04 0.000000000000000000e+00 -9.999997615814208984e-01 -9.999997615814208984e-01 0.000000000000000000e+00 7.116218330338597298e-04
-7.408948731608688831e-04 0.000000000000000000e+00 -9.999997615814208984e-01 -9.999997615814208984e-01 0.000000000000000000e+00 7.408948731608688831e-04
-7.514074095524847507e-04 0.000000000000000000e+00 -9.999997615814208984e-01 -9.999997615814208984e-01 0.000000000000000000e+00 7.514074095524847507e-04
-7.539557409472763538e-04 0.000000000000000000e+00 -9.999997019767761230e-01 -9.999997019767761230e-01 0.000000000000000000e+00 7.539557409472763538e-04
-7.512084557674825191e-04 0.000000000000000000e+00 -9.999997615814208984e-01 -9.999997615814208984e-01 0.000000000000000000e+00 7.512084557674825191e-04
-7.619461975991725922e-04 0.000000000000000000e+00 -9.999997019767761230e-01 -9.999997019767761230e-01 0.000000000000000000e+00 7.619461975991725922e-04
-7.396601722575724125e-04 -0.000000000000000000e+00 -9.999997615814208984e-01 -9.999997615814208984e-01 0.000000000000000000e+00 7.396601722575724125e-04
-7.331999368034303188e-04 0.000000000000000000e+00 -9.999997615814208984e-01 -9.999997615814208984e-01 0.000000000000000000e+00 7.331999368034303188e-04
-8.293749997392296791e-04 0.000000000000000000e+00 -9.999996423721313477e-01 -9.999996423721313477e-01 0.000000000000000000e+00 8.293749997392296791e-04
-7.975741173140704632e-04 0.000000000000000000e+00 -9.999997019767761230e-01 -9.999997019767761230e-01 0.000000000000000000e+00 7.975741173140704632e-04
-8.139383280649781227e-04 0.000000000000000000e+00 -9.999997019767761230e-01 -9.999997019767761230e-01 0.000000000000000000e+00 8.139383280649781227e-04
-7.665192824788391590e-04 0.000000000000000000e+00 -9.999997019767761230e-01 -9.999997019767761230e-01 0.000000000000000000e+00 7.665192824788391590e-04
-7.923748926259577274e-04 0.000000000000000000e+00 -9.999997019767761230e-01 -9.999997019767761230e-01 0.000000000000000000e+00 7.923748926259577274e-04
-7.448447868227958679e-04 0.000000000000000000e+00 -9.999997615814208984e-01 -9.999997615814208984e-01 0.000000000000000000e+00 7.448447868227958679e-04
-7.632599445059895515e-04 0.000000000000000000e+00 -9.999997019767761230e-01 -9.999997019767761230e-01 0.000000000000000000e+00 7.632599445059895515e-04
-7.199312094599008560e-04 0.000000000000000000e+00 -9.999997615814208984e-01 -9.999997615814208984e-01 0.000000000000000000e+00 7.199312094599008560e-04
-7.886473904363811016e-04 0.000000000000000000e+00 -9.999997019767761230e-01 -9.999997019767761230e-01 0.000000000000000000e+00 7.886473904363811016e-04
-8.378599304705858231e-04 0.000000000000000000e+00 -9.999996423721313477e-01 -9.999996423721313477e-01 0.000000000000000000e+00 8.378599304705858231e-04
-7.998123764991760254e-04 0.000000000000000000e+00 -9.999997019767761230e-01 -9.999997019767761230e-01 0.000000000000000000e+00 7.998123764991760254e-04
-8.536565001122653484e-04 0.000000000000000000e+00 -9.999996423721313477e-01 -9.999996423721313477e-01 0.000000000000000000e+00 8.536565001122653484e-04
-8.030073950067162514e-04 0.000000000000000000e+00 -9.999997019767761230e-01 -9.999997019767761230e-01 0.000000000000000000e+00 8.030073950067162514e-04
-8.597832056693732738e-04 0.000000000000000000e+00 -9.999996423721313477e-01 -9.999996423721313477e-01 0.000000000000000000e+00 8.597832056693732738e-04
-7.996485219337046146e-04 0.000000000000000000e+00 -9.999997019767761230e-01 -9.999997019767761230e-01 0.000000000000000000e+00 7.996485219337046146e-04
-7.191617041826248169e-04 0.000000000000000000e+00 -9.999997615814208984e-01 -9.999997615814208984e-01 0.000000000000000000e+00 7.191617041826248169e-04
-6.080062594264745712e-04 0.000000000000000000e+00 -9.999998211860656738e-01 -9.999998211860656738e-01 0.000000000000000000e+00 6.080062594264745712e-04
-5.039372481405735016e-04 0.000000000000000000e+00 -9.999998807907104492e-01 -9.999998807907104492e-01 0.000000000000000000e+00 5.039372481405735016e-04
-5.426490097306668758e-04 0.000000000000000000e+00 -9.999998807907104492e-01 -9.999998807907104492e-01 0.000000000000000000e+00 5.426490097306668758e-04
-7.828337838873267174e-04 0.000000000000000000e+00 -9.999997019767761230e-01 -9.999997019767761230e-01 0.000000000000000000e+00 7.828337838873267174e-04
-7.862540660426020622e-04 0.000000000000000000e+00 -9.999997019767761230e-01 -9.999997019767761230e-01 0.000000000000000000e+00 7.862540660426020622e-04
-5.314664449542760849e-04 0.000000000000000000e+00 -9.999998807907104492e-01 -9.999998807907104492e-01 0.000000000000000000e+00 5.314664449542760849e-04
-4.845008952543139458e-04 0.000000000000000000e+00 -9.999998807907104492e-01 -9.999998807907104492e-01 0.000000000000000000e+00 4.845008952543139458e-04
-5.188824143260717392e-04 0.000000000000000000e+00 -9.999998807907104492e-01 -9.999998807907104492e-01 0.000000000000000000e+00 5.188824143260717392e-04
-4.646812740247696638e-04 0.000000000000000000e+00 -9.999998807907104492e-01 -9.999998807907104492e-01 0.000000000000000000e+00 4.646812740247696638e-04
-5.100581329315900803e-04 0.000000000000000000e+00 -9.999998807907104492e-01 -9.999998807907104492e-01 0.000000000000000000e+00 5.100581329315900803e-04
-4.505173419602215290e-04 0.000000000000000000e+00 -9.999999403953552246e-01 -9.999999403953552246e-01 0.000000000000000000e+00 4.505173419602215290e-04
-5.128639750182628632e-04 0.000000000000000000e+00 -9.999998807907104492e-01 -9.999998807907104492e-01 0.000000000000000000e+00 5.128639750182628632e-04
-4.493265296332538128e-04 0.000000000000000000e+00 -9.999999403953552246e-01 -9.999999403953552246e-01 0.000000000000000000e+00 4.493265296332538128e-04
-5.061784759163856506e-04 0.000000000000000000e+00 -9.999998807907104492e-01 -9.999998807907104492e-01 0.000000000000000000e+00 5.061784759163856506e-04
-5.604468751698732376e-04 0.000000000000000000e+00 -9.999998807907104492e-01 -9.999998807907104492e-01 0.000000000000000000e+00 5.604468751698732376e-04
-5.203453474678099155e-04 0.000000000000000000e+00 -9.999998807907104492e-01 -9.999998807907104492e-01 0.000000000000000000e+00 5.203453474678099155e-04
-5.909925093874335289e-04 0.000000000000000000e+00 -9.999998211860656738e-01 -9.999998211860656738e-01 0.000000000000000000e+00 5.909925093874335289e-04
-5.408876459114253521e-04 0.000000000000000000e+00 -9.999998807907104492e-01 -9.999998807907104492e-01 0.000000000000000000e+00 5.408876459114253521e-04
-5.997963598929345608e-04 0.000000000000000000e+00 -9.999998211860656738e-01 -9.999998211860656738e-01 0.000000000000000000e+00 5.997963598929345608e-04
-6.062419852241873741e-04 0.000000000000000000e+00 -9.999998211860656738e-01 -9.999998211860656738e-01 0.000000000000000000e+00 6.062419852241873741e-04
-2.853422192856669426e-04 0.000000000000000000e+00 -1.000000000000000000e+00 -1.000000000000000000e+00 0.000000000000000000e+00 2.853422192856669426e-04
-2.877384540624916553e-04 0.000000000000000000e+00 -1.000000000000000000e+00 -1.000000000000000000e+00 0.000000000000000000e+00 2.877384540624916553e-04
-3.035760018974542618e-04 0.000000000000000000e+00 -9.999999403953552246e-01 -9.999999403953552246e-01 0.000000000000000000e+00 3.035760018974542618e-04
-3.229508874937891960e-04 0.000000000000000000e+00 -9.999999403953552246e-01 -9.999999403953552246e-01 0.000000000000000000e+00 3.229508874937891960e-04
-3.358508984092622995e-04 0.000000000000000000e+00 -9.999999403953552246e-01 -9.999999403953552246e-01 0.000000000000000000e+00 3.358508984092622995e-04
-3.495203854981809855e-04 0.000000000000000000e+00 -9.999999403953552246e-01 -9.999999403953552246e-01 0.000000000000000000e+00 3.495203854981809855e-04
-2.908339956775307655e-04 0.000000000000000000e+00 -1.000000000000000000e+00 -1.000000000000000000e+00 0.000000000000000000e+00 2.908339956775307655e-04
-2.027370501309633255e-04 0.000000000000000000e+00 -1.000000000000000000e+00 -1.000000000000000000e+00 0.000000000000000000e+00 2.027370501309633255e-04
-2.021167601924389601e-04 0.000000000000000000e+00 -1.000000000000000000e+00 -1.000000000000000000e+00 0.000000000000000000e+00 2.021167601924389601e-04
-8.954374934546649456e-04 -0.000000000000000000e+00 -9.999996423721313477e-01 -9.999996423721313477e-01 0.000000000000000000e+00 8.954374934546649456e-04
-9.000675636343657970e-04 -0.000000000000000000e+00 -9.999995827674865723e-01 -9.999995827674865723e-01 0.000000000000000000e+00 9.000675636343657970e-04
-8.976318058557808399e-04 0.000000000000000000e+00 -9.999995827674865723e-01 -9.999995827674865723e-01 0.000000000000000000e+00 8.976318058557808399e-04
-8.974328520707786083e-04 0.000000000000000000e+00 -9.999995827674865723e-01 -9.999995827674865723e-01 0.000000000000000000e+00 8.974328520707786083e-04
-8.922395645640790462e-04 0.000000000000000000e+00 -9.999996423721313477e-01 -9.999996423721313477e-01 0.000000000000000000e+00 8.922395645640790462e-04
-8.805625257082283497e-04 0.000000000000000000e+00 -9.999996423721313477e-01 -9.999996423721313477e-01 0.000000000000000000e+00 8.805625257082283497e-04
-8.750940905883908272e-04 0.000000000000000000e+00 -9.999996423721313477e-01 -9.999996423721313477e-01 0.000000000000000000e+00 8.750940905883908272e-04
7.522325176978483796e-05 0.000000000000000000e+00 -1.000000000000000000e+00 -1.000000000000000000e+00 0.000000000000000000e+00 -7.522325176978483796e-05
-8.580320863984525204e-04 0.000000000000000000e+00 -9.999996423721313477e-01 -9.999996423721313477e-01 0.000000000000000000e+00 8.580320863984525204e-04
-8.647863869555294514e-04 0.000000000000000000e+00 -9.999996423721313477e-01 -9.999996423721313477e-01 0.000000000000000000e+00 8.647863869555294514e-04
-8.660444873385131359e-04 0.000000000000000000e+00 -9.999996423721313477e-01 -9.999996423721313477e-01 0.000000000000000000e+00 8.660444873385131359e-04
-3.671251470223069191e-04 -0.000000000000000000e+00 -9.999999403953552246e-01 -9.999999403953552246e-01 0.000000000000000000e+00 3.671251470223069191e-04
-3.640676441136747599e-04 0.000000000000000000e+00 -9.999999403953552246e-01 -9.999999403953552246e-01 0.000000000000000000e+00 3.640676441136747599e-04
-3.539413446560502052e-04 0.000000000000000000e+00 -9.999999403953552246e-01 -9.999999403953552246e-01 0.000000000000000000e+00 3.539413446560502052e-04
-3.471650998108088970e-04 0.000000000000000000e+00 -9.999999403953552246e-01 -9.999999403953552246e-01 0.000000000000000000e+00 3.471650998108088970e-04
-1.950938552618026733e-01 -2.113205613568425179e-03 -9.807823300361633301e-01 -4.122743557672947645e-04 9.999977946281433105e-01 -2.072599250823259354e-03
-1.950938552618026733e-01 -2.114535542204976082e-03 -9.807823300361633301e-01 -4.125337873119860888e-04 9.999977946281433105e-01 -2.073903568089008331e-03
-5.555606484413146973e-01 -5.789919756352901459e-03 -8.314558863639831543e-01 -3.216705517843365669e-03 9.999832510948181152e-01 -4.814143758267164230e-03
-5.555604696273803711e-01 -5.854109767824411392e-03 -8.314555883407592773e-01 -3.252367489039897919e-03 9.999828934669494629e-01 -4.867515526711940765e-03
-8.314533233642578125e-01 -6.302532739937305450e-03 -5.555589199066162109e-01 -5.240365862846374512e-03 9.999801516532897949e-01 -3.501497674733400345e-03
-8.314533233642578125e-01 -6.304231006652116776e-03 -5.555589199066162109e-01 -5.241777747869491577e-03 9.999801516532897949e-01 -3.502441337332129478e-03
-9.807656407356262207e-01 -6.375175435096025467e-03 -1.950850337743759155e-01 -6.252679973840713501e-03 9.999796748161315918e-01 -1.243726583197712898e-03
-9.807656407356262207e-01 -6.376368924975395203e-03 -1.950850337743759155e-01 -6.253850646317005157e-03 9.999796748161315918e-01 -1.243959413841366768e-03
-1.645947247743606567e-01 -2.699804725125432014e-03 -9.863576292991638184e-01 -4.443752113729715347e-04 9.999963641166687012e-01 -2.662982558831572533e-03
-1.645947098731994629e-01 -2.710166620090603828e-03 -9.863575696945190430e-01 -4.460807831492275000e-04 9.999963641166687012e-01 -2.673203358426690102e-03
1.645952463150024414e-01 1.012239838019013405e-03 -9.863607287406921387e-01 -1.666099415160715580e-04 9.999995231628417969e-01 9.984341450035572052e-04
1.645952463150024414e-01 9.964563651010394096e-04 -9.863607287406921387e-01 -1.640120608499273658e-04 9.999995231628417969e-01 9.828659240156412125e-04
4.759474098682403564e-01 4.391124530229717493e-04 -8.794736862182617188e-01 -2.089944464387372136e-04 9.999999403953552246e-01 3.861878649331629276e-04
4.759474098682403564e-01 4.523606039583683014e-04 -8.794736862182617188e-01 -2.152998786186799407e-04 9.999999403953552246e-01 3.978392924182116985e-04
7.357230782508850098e-01 1.706611074041575193e-04 -6.772825121879577637e-01 -1.255593087989836931e-04 1.000000000000000000e+00 1.155857826233841479e-04
7.357230782508850098e-01 1.382691698381677270e-04 -6.772825121879577637e-01 -1.017278191284276545e-04 1.000000000000000000e+00 9.364729339722543955e-05
9.157735109329223633e-01 -2.890726136683952063e-06 -4.016950428485870361e-01 2.647250312293181196e-06 1.000000000000000000e+00 -1.161190311904647388e-06
9.157735109329223633e-01 -4.048772098030894995e-05 -4.016950428485870361e-01 3.707758150994777679e-05 1.000000000000000000e+00 -1.626371704332996160e-05
9.965844154357910156e-01 -4.346739442553371191e-04 -8.257894217967987061e-02 4.331893578637391329e-04 9.999999403953552246e-01 -3.589492189348675311e-05
9.965844154357910156e-01 -4.489666025619953871e-04 -8.257894217967987061e-02 4.474332090467214584e-04 9.999999403953552246e-01 -3.707519499585032463e-05
9.694002866744995117e-01 3.886242120643146336e-05 2.454855144023895264e-01 -3.767324233194813132e-05 1.000000000000000000e+00 -9.540161045151762664e-06
9.694002866744995117e-01 1.013889996102079749e-04 2.454855144023895264e-01 -9.828652400756254792e-05 1.000000000000000000e+00 -2.488953032298013568e-05
8.371668457984924316e-01 2.381645317655056715e-04 5.469475984573364258e-01 -1.993834448512643576e-04 1.000000000000000000e+00 -1.302635209867730737e-04
8.371668457984924316e-01 2.706749946810305119e-04 5.469475984573364258e-01 -2.266001247335225344e-04 1.000000000000000000e+00 -1.480450300732627511e-04
6.142117381095886230e-01 -5.689581303158774972e-05 7.891412377357482910e-01 3.494607517495751381e-05 1.000000000000000000e+00 4.489883212954737246e-05
6.142117381095886230e-01 -3.462434688117355108e-05 7.891412377357482910e-01 2.126668005075771362e-05 1.000000000000000000e+00 2.732350003498140723e-05
3.247000575065612793e-01 9.606938110664486885e-04 9.458165764808654785e-01 -3.119374741800129414e-04 9.999995827674865723e-01 -9.086405625566840172e-04
3.247000575065612793e-01 9.867104236036539078e-04 9.458165764808654785e-01 -3.203850064892321825e-04 9.999995231628417969e-01 -9.332473855465650558e-04
0.000000000000000000e+00 2.111371140927076340e-03 9.999977946281433105e-01 0.000000000000000000e+00 9.999977946281433105e-01 -2.111371140927076340e-03
0.000000000000000000e+00 2.182751195505261421e-03 9.999976158142089844e-01 -0.000000000000000000e+00 9.999976158142089844e-01 -2.182751195505261421e-03
-3.246978819370269775e-01 3.756568767130374908e-03 9.458103179931640625e-01 1.219758531078696251e-03 9.999929666519165039e-01 -3.553026588633656502e-03
-3.246979713439941406e-01 3.703500842675566673e-03 9.458105564117431641e-01 1.202527317218482494e-03 9.999931454658508301e-01 -3.502833889797329903e-03
-6.142089366912841797e-01 3.030520863831043243e-03 7.891376018524169922e-01 1.861381460912525654e-03 9.999954104423522949e-01 -2.391509013250470161e-03
-6.142089366912841797e-01 3.028344130143523216e-03 7.891376018524169922e-01 1.860044547356665134e-03 9.999954104423522949e-01 -2.389791188761591911e-03
-8.371653556823730469e-01 1.914448221214115620e-03 5.469466447830200195e-01 1.602712552994489670e-03 9.999982118606567383e-01 -1.047102967277169228e-03
-8.371654152870178223e-01 1.859401585534214973e-03 5.469466447830200195e-01 1.556629315018653870e-03 9.999982714653015137e-01 -1.016995287500321865e-03
-9.694001674652099609e-01 5.361624062061309814e-04 2.454854846000671387e-01 5.197559949010610580e-04 9.999998807907104492e-01 -1.316201087320223451e-04
-9.694002866744995117e-01 1.703699817880988121e-04 2.454855144023895264e-01 1.651567145017907023e-04 1.000000000000000000e+00 -4.182336124358698726e-05
-9.965838193893432617e-01 -1.111833611503243446e-03 -8.258009701967239380e-02 -1.108036027289927006e-03 9.999994039535522461e-01 -9.181538189295679331e-05
-9.965833425521850586e-01 -1.486991415731608868e-03 -8.258005976676940918e-02 -1.481912448070943356e-03 9.999989271163940430e-01 -1.227959728566929698e-04
-9.157717823982238770e-01 -1.949353259988129139e-03 -4.016942679882049561e-01 -1.785166095942258835e-03 9.999980926513671875e-01 -7.830455433577299118e-04
-9.157716035842895508e-01 -2.038741717115044594e-03 -4.016942083835601807e-01 -1.867025624960660934e-03 9.999979138374328613e-01 -8.189524523913860321e-04
-7.357214093208312988e-01 -2.468977589160203934e-03 -6.772797703742980957e-01 -1.816485309973359108e-03 9.999969601631164551e-01 -1.672193757258355618e-03
-7.357212305068969727e-01 -2.580731175839900970e-03 -6.772795915603637695e-01 -1.898705027997493744e-03 9.999966621398925781e-01 -1.747882459312677383e-03
-4.759449362754821777e-01 -3.244351828470826149e-03 -8.794691562652587891e-01 -1.544140977784991264e-03 9.999947547912597656e-01 -2.853322308510541916e-03
-4.759448766708374023e-01 -3.272072412073612213e-03 -8.794690370559692383e-01 -1.557334442622959614e-03 9.999946355819702148e-01 -2.877701772376894951e-03
-1.645946353673934937e-01 1.125039532780647278e-03 -9.863606691360473633e-01 1.851755660027265549e-04 9.999994039535522461e-01 1.109695411287248135e-03
-1.645946204662322998e-01 1.113476464524865150e-03 -9.863606691360473633e-01 1.832723501138389111e-04 9.999994039535522461e-01 1.098290085792541504e-03
1.645945757627487183e-01 1.385780982673168182e-03 -9.863603711128234863e-01 -2.280922199133783579e-04 9.999990463256835938e-01 1.366880605928599834e-03
1.645945757627487183e-01 1.390449237078428268e-03 -9.863603711128234863e-01 -2.288605901412665844e-04 9.999990463256835938e-01 1.371485181152820587e-03
4.759466946125030518e-01 1.771200797520577908e-03 -8.794723749160766602e-01 -8.429985027760267258e-04 9.999984502792358398e-01 1.557724550366401672e-03
4.759466946125030518e-01 1.766382018104195595e-03 -8.794723749160766602e-01 -8.407050045207142830e-04 9.999984502792358398e-01 1.553486566990613937e-03
7.357224225997924805e-01 1.805273699574172497e-03 -6.772808432579040527e-01 -1.328182523138821125e-03 9.999983906745910645e-01 1.222679275088012218e-03
7.357226014137268066e-01 1.652081497013568878e-03 -6.772809624671936035e-01 -1.215475378558039665e-03 9.999986290931701660e-01 1.118924934417009354e-03
9.157723188400268555e-01 1.556852948851883411e-03 -4.016948044300079346e-01 -1.425724476575851440e-03 9.999988079071044922e-01 6.253804895095527172e-04
9.157723784446716309e-01 1.514219096861779690e-03 -4.016948342323303223e-01 -1.386681571602821350e-03 9.999988675117492676e-01 6.082546897232532501e-04
9.965838789939880371e-01 1.141434302553534508e-03 -8.257884532213211060e-02 -1.137535786256194115e-03 9.999993443489074707e-01 9.425838652532547712e-05
9.965839385986328125e-01 1.123166992329061031e-03 -8.257885277271270752e-02 -1.119330874644219875e-03 9.999994039535522461e-01 9.274989133700728416e-05
9.693996906280517578e-01 1.098820939660072327e-03 2.454853653907775879e-01 -1.065197284333407879e-03 9.999994039535522461e-01 -2.697446325328201056e-04
9.693996906280517578e-01 1.084913033992052078e-03 2.454853653907775879e-01 -1.051714993081986904e-03 9.999994039535522461e-01 -2.663304330781102180e-04
8.371663093566894531e-01 6.589831318706274033e-04 5.469480156898498535e-01 -5.516786477528512478e-04 9.999998211860656738e-01 -3.604296362027525902e-04
8.371663093566894531e-01 6.599603220820426941e-04 5.469480156898498535e-01 -5.524966982193291187e-04 9.999998211860656738e-01 -3.609640989452600479e-04
6.142125129699707031e-01 1.765274064382538199e-04 7.891406416893005371e-01 -1.084253453882411122e-04 1.000000000000000000e+00 -1.393049460602924228e-04
6.142125129699707031e-01 2.046154259005561471e-04 7.891406416893005371e-01 -1.256773539353162050e-04 1.000000000000000000e+00 -1.614703505765646696e-04
3.247001469135284424e-01 -3.561825142242014408e-04 9.458169341087341309e-01 1.156525249825790524e-04 9.999999403953552246e-01 3.368834732100367546e-04
3.247001469135284424e-01 -3.488562360871583223e-04 9.458169341087341309e-01 1.132736797444522381e-04 9.999999403953552246e-01 3.299541422165930271e-04
0.000000000000000000e+00 -7.629146566614508629e-04 9.999997019767761230e-01 0.000000000000000000e+00 9.999997019767761230e-01 7.629146566614508629e-04
0.000000000000000000e+00 -7.649890612810850143e-04 9.999997019767761230e-01 0.000000000000000000e+00 9.999997019767761230e-01 7.649890612810850143e-04
-3.247001767158508301e-01 -1.683379923633765429e-05 9.458169937133789062e-01 -5.465937647386454046e-06 1.000000000000000000e+00 1.592169428477063775e-05
-3.247001767158508301e-01 2.713566755119245499e-05 9.458169937133789062e-01 8.810956387605983764e-06 1.000000000000000000e+00 -2.566537477832753211e-05
-6.142122149467468262e-01 -1.018654671497642994e-03 7.891402840614318848e-01 -6.256704218685626984e-04 9.999995231628417969e-01 8.038617670536041260e-04
-6.142122149467468262e-01 -1.049689017236232758e-03 7.891402840614318848e-01 -6.447320338338613510e-04 9.999994635581970215e-01 8.283521747216582298e-04
-8.371660709381103516e-01 -1.026994781568646431e-03 5.469478964805603027e-01 -8.597655105404555798e-04 9.999994635581970215e-01 5.617128335870802402e-04
-8.371660709381103516e-01 -1.064261072315275669e-03 5.469478964805603027e-01 -8.909636526368558407e-04 9.999994635581970215e-01 5.820955848321318626e-04
-9.693999886512756348e-01 -7.538387435488402843e-04 2.454854398965835571e-01 -7.307715131901204586e-04 9.999997019767761230e-01 1.850564876804128289e-04
-9.693999886512756348e-01 -7.687502657063305378e-04 2.454854398965835571e-01 -7.452267454937100410e-04 9.999997019767761230e-01 1.887170510599389672e-04
-9.965844154357910156e-01 4.693333903560414910e-05 -8.258009701967239380e-02 4.677303513744845986e-05 1.000000000000000000e+00 3.875759830407332629e-06
-9.965844154357910156e-01 -5.359839269658550620e-05 -8.258009701967239380e-02 -5.341532232705503702e-05 1.000000000000000000e+00 -4.426160558068659157e-06
-9.157732129096984863e-01 6.469126092270016670e-04 -4.016952216625213623e-01 5.924253491684794426e-04 9.999998211860656738e-01 2.598617575131356716e-04
-9.157732129096984863e-01 6.497133872471749783e-04 -4.016952216625213623e-01 5.949902115389704704e-04 9.999998211860656738e-01 2.609867951832711697e-04
-7.357239127159118652e-01 9.349493775516748428e-04 -6.772809624671936035e-01 6.878649001009762287e-04 9.999995827674865723e-01 6.332236807793378830e-04
-7.357239127159118652e-01 9.424892487004399300e-04 -6.772809624671936035e-01 6.934121483936905861e-04 9.999995827674865723e-01 6.383302970789372921e-04
-4.759471416473388672e-01 1.169212977401912212e-03 -8.794731497764587402e-01 5.564839229919016361e-04 9.999993443489074707e-01 1.028292113915085793e-03
-4.759470522403717041e-01 1.312411972321569920e-03 -8.794730305671691895e-01 6.246390985324978828e-04 9.999991655349731445e-01 1.154231838881969452e-03
-1.645906269550323486e-01 1.196637749671936035e-04 -9.863619804382324219e-01 1.969553522940259427e-05 1.000000000000000000e+00 1.180317995022051036e-04
-1.645906269550323486e-01 1.076693079085089266e-04 -9.863619804382324219e-01 1.772135874489322305e-05 1.000000000000000000e+00 1.062009105226024985e-04
1.645893901586532593e-01 3.870043903589248657e-03 -9.863545894622802734e-01 -6.369730108417570591e-04 9.999925494194030762e-01 3.817264456301927567e-03
1.645894050598144531e-01 3.859718563035130501e-03 -9.863546490669250488e-01 -6.352735217660665512e-04 9.999925494194030762e-01 3.807079745456576347e-03
4.759433567523956299e-01 5.003861151635646820e-03 -8.794617056846618652e-01 -2.381584374234080315e-03 9.999874830245971680e-01 4.400759469717741013e-03
4.759431481361389160e-01 5.093934014439582825e-03 -8.794613480567932129e-01 -2.424454316496849060e-03 9.999870657920837402e-01 4.479975905269384384e-03
7.357095479965209961e-01 6.062950938940048218e-03 -6.772700548171997070e-01 -4.460652824491262436e-03 9.999816417694091797e-01 4.106330685317516327e-03
7.357089519500732422e-01 6.200976669788360596e-03 -6.772695183753967285e-01 -4.562201909720897675e-03 9.999808073043823242e-01 4.199813120067119598e-03
9.157533645629882812e-01 6.630848627537488937e-03 -4.016862213611602783e-01 -6.072355434298515320e-03 9.999780058860778809e-01 2.663579070940613747e-03
9.157532453536987305e-01 6.651529576629400253e-03 -4.016861617565155029e-01 -6.091294810175895691e-03 9.999778866767883301e-01 2.671886468306183815e-03
9.965656399726867676e-01 6.159355398267507553e-03 -8.257718384265899658e-02 -6.138318218290805817e-03 9.999810457229614258e-01 5.086318706162273884e-04
9.965657591819763184e-01 6.141704041510820389e-03 -8.257719129323959351e-02 -6.120727397501468658e-03 9.999811649322509766e-01 5.071742343716323376e-04
9.693984985351562500e-01 1.864577294327318668e-03 2.454856783151626587e-01 -1.807521563023328781e-03 9.999982714653015137e-01 -4.577277868520468473e-04
9.693991541862487793e-01 1.482911291532218456e-03 2.454858273267745972e-01 -1.437534461729228497e-03 9.999989271163940430e-01 -3.640341165009886026e-04
8.371664881706237793e-01 9.042456513270735741e-04 5.469473600387573242e-01 -7.570044836029410362e-04 9.999995827674865723e-01 -4.945750115439295769e-04
8.371664285659790039e-01 9.621815406717360020e-04 5.469473600387573242e-01 -8.055064827203750610e-04 9.999995231628417969e-01 -5.262628546915948391e-04
6.142117381095886230e-01 3.525662177707999945e-04 7.891412377357482910e-01 -2.165502955904230475e-04 9.999999403953552246e-01 -2.782245283015072346e-04
6.142117381095886230e-01 2.772668958641588688e-04 7.891412973403930664e-01 -1.703005837043747306e-04 1.000000000000000000e+00 -2.188027283409610391e-04
3.246976435184478760e-01 -3.958529327064752579e-03 9.458096027374267578e-01 1.285335165448486805e-03 9.999921917915344238e-01 3.744044341146945953e-03
3.246974050998687744e-01 -4.136117640882730484e-03 9.458089470863342285e-01 1.342998119071125984e-03 9.999914765357971191e-01 3.912010230123996735e-03
0.000000000000000000e+00 -4.585054703056812286e-03 9.999895095825195312e-01 0.000000000000000000e+00 9.999895095825195312e-01 4.585054703056812286e-03
0.000000000000000000e+00 -4.803877323865890503e-03 9.999884963035583496e-01 0.000000000000000000e+00 9.999884963035583496e-01 4.803877323865890503e-03
-3.246967196464538574e-01 -4.610794596374034882e-03 9.458069801330566406e-01 -1.497125835157930851e-03 9.999893903732299805e-01 4.360967781394720078e-03
-3.246967494487762451e-01 -4.596498794853687286e-03 9.458070397377014160e-01 -1.492484007030725479e-03 9.999894499778747559e-01 4.347446840256452560e-03
-6.142077445983886719e-01 -3.619033843278884888e-03 7.891361117362976074e-01 -2.222853014245629311e-03 9.999934434890747070e-01 2.855928614735603333e-03
-6.142078042030334473e-01 -3.604384139180183411e-03 7.891361713409423828e-01 -2.213854808360338211e-03 9.999935030937194824e-01 2.844367874786257744e-03
-8.371645808219909668e-01 -2.323665656149387360e-03 5.469461083412170410e-01 -1.945295836776494980e-03 9.999973177909851074e-01 1.270923297852277756e-03
-8.371646404266357422e-01 -2.310435287654399872e-03 5.469461679458618164e-01 -1.934219617396593094e-03 9.999973177909851074e-01 1.263686921447515488e-03
-9.693987369537353516e-01 -1.662087510339915752e-03 2.454857230186462402e-01 -1.611228100955486298e-03 9.999986290931701660e-01 4.080194339621812105e-04
-9.693987965583801270e-01 -1.628692843951284885e-03 2.454857379198074341e-01 -1.578855328261852264e-03 9.999986886978149414e-01 3.998214961029589176e-04
-9.965835809707641602e-01 -1.334750093519687653e-03 -8.257988095283508301e-02 -1.330191269516944885e-03 9.999991059303283691e-01 -1.102236055885441601e-04
-9.965836405754089355e-01 -1.280832686461508274e-03 -8.257988840341567993e-02 -1.276457915082573891e-03 9.999991655349731445e-01 -1.057711051544174552e-04
-9.157729744911193848e-01 -1.077392837032675743e-03 -4.016948044300079346e-01 -9.866479085758328438e-04 9.999994635581970215e-01 -4.327833885326981544e-04
-9.157729744911193848e-01 -1.076157437637448311e-03 -4.016948044300079346e-01 -9.855165844783186913e-04 9.999994635581970215e-01 -4.322871391195803881e-04
-7.357234358787536621e-01 -8.113869116641581059e-04 -6.772816181182861328e-01 -5.969566409476101398e-04 9.999997019767761230e-01 -5.495377117767930031e-04
-7.357234954833984375e-01 -7.163748377934098244e-04 -6.772816777229309082e-01 -5.270539550110697746e-04 9.999997615814208984e-01 -4.851876874454319477e-04
-4.759492874145507812e-01 -3.463955945335328579e-04 -8.794726729393005371e-01 -1.648667530389502645e-04 9.999999403953552246e-01 -3.046454803552478552e-04
-4.759493172168731689e-01 -2.764871751423925161e-04 -8.794727325439453125e-01 -1.315938861807808280e-04 1.000000000000000000e+00 -2.431629254715517163e-04
-1.645898818969726562e-01 -3.008603816851973534e-03 -9.863575100898742676e-01 -4.951879964210093021e-04 9.999954700469970703e-01 -2.967572305351495743e-03
-1.645898818969726562e-01 -3.011327469721436501e-03 -9.863575100898742676e-01 -4.956362536177039146e-04 9.999954700469970703e-01 -2.970258938148617744e-03
1.645900607109069824e-01 2.619938459247350693e-03 -9.863585829734802246e-01 -4.312173405196517706e-04 9.999966025352478027e-01 2.584208035841584206e-03
1.645900607109069824e-01 2.601293614134192467e-03 -9.863586425781250000e-01 -4.281485453248023987e-04 9.999966025352478027e-01 2.565817208960652351e-03
4.759420454502105713e-01 5.529673770070075989e-03 -8.794593214988708496e-01 -2.631844487041234970e-03 9.999847412109375000e-01 4.863197449594736099e-03
4.759419858455657959e-01 5.562483798712491989e-03 -8.794591426849365234e-01 -2.647460438311100006e-03 9.999845623970031738e-01 4.892053082585334778e-03
7.357015013694763184e-01 7.660783827304840088e-03 -6.772626638412475586e-01 -5.636215675622224808e-03 9.999706745147705078e-01 5.188514944165945053e-03
7.357012033462524414e-01 7.709534373134374619e-03 -6.772623658180236816e-01 -5.672082770615816116e-03 9.999703168869018555e-01 5.221533123403787613e-03
9.157485365867614746e-01 7.387246470898389816e-03 -4.016840755939483643e-01 -6.765044759958982468e-03 9.999727010726928711e-01 2.967420266941189766e-03
9.157485365867614746e-01 7.390808779746294022e-03 -4.016840755939483643e-01 -6.768306717276573181e-03 9.999727010726928711e-01 2.968851244077086449e-03
9.965552687644958496e-01 7.666493766009807587e-03 -8.257631957530975342e-02 -7.640309166163206100e-03 9.999706149101257324e-01 6.330894539132714272e-04
9.965552687644958496e-01 7.666957564651966095e-03 -8.257631957530975342e-02 -7.640771567821502686e-03 9.999706149101257324e-01 6.331277545541524887e-04
9.693813920021057129e-01 6.227361038327217102e-03 2.454813420772552490e-01 -6.036804988980293274e-03 9.999806284904479980e-01 -1.528730499558150768e-03
9.693819880485534668e-01 6.127567030489444733e-03 2.454814910888671875e-01 -5.940064322203397751e-03 9.999812245368957520e-01 -1.504232524894177914e-03
8.371548056602478027e-01 5.360655020922422409e-03 5.469397306442260742e-01 -4.487762693315744400e-03 9.999856352806091309e-01 -2.931997412815690041e-03
8.371549248695373535e-01 5.335154011845588684e-03 5.469397902488708496e-01 -4.466413985937833786e-03 9.999857544898986816e-01 -2.918049693107604980e-03
6.142068505287170410e-01 4.002060741186141968e-03 7.891349196434020996e-01 -2.458112780004739761e-03 9.999920129776000977e-01 -3.158191218972206116e-03
6.142069101333618164e-01 3.973755054175853729e-03 7.891350388526916504e-01 -2.440727083012461662e-03 9.999921321868896484e-01 -3.135853912681341171e-03
3.246999382972717285e-01 1.245463732630014420e-03 9.458162784576416016e-01 -4.044022934976965189e-04 9.999992251396179199e-01 -1.177980797365307808e-03
3.246999084949493408e-01 1.298073213547468185e-03 9.458162188529968262e-01 -4.214846121612936258e-04 9.999991655349731445e-01 -1.227739732712507248e-03
0.000000000000000000e+00 -1.827182248234748840e-03 9.999983310699462891e-01 0.000000000000000000e+00 9.999983310699462891e-01 1.827182248234748840e-03
0.000000000000000000e+00 -2.146683167666196823e-03 9.999977350234985352e-01 0.000000000000000000e+00 9.999977350234985352e-01 2.146683167666196823e-03
-3.246956169605255127e-01 -5.309652071446180344e-03 9.458037018775939941e-01 -1.724044908769428730e-03 9.999859333038330078e-01 5.021959077566862106e-03
-3.246956169605255127e-01 -5.305096972733736038e-03 9.458037018775939941e-01 -1.722565968520939350e-03 9.999859333038330078e-01 5.017650779336690903e-03
-6.142018437385559082e-01 -5.696729291230440140e-03 7.891284823417663574e-01 -3.498997772112488747e-03 9.999837875366210938e-01 4.495523404330015182e-03
-6.142017245292663574e-01 -5.721107125282287598e-03 7.891283631324768066e-01 -3.513971110805869102e-03 9.999836683273315430e-01 4.514761734753847122e-03
-8.371558189392089844e-01 -5.137824453413486481e-03 5.469403862953186035e-01 -4.301216453313827515e-03 9.999868273735046387e-01 2.810120815411210060e-03
-8.371555805206298828e-01 -5.197469145059585571e-03 5.469402670860290527e-01 -4.351148847490549088e-03 9.999865293502807617e-01 2.842743182554841042e-03
-9.693889021873474121e-01 -4.818976856768131256e-03 2.454832494258880615e-01 -4.671516828238964081e-03 9.999883770942687988e-01 1.182991778478026390e-03
-9.693890810012817383e-01 -4.780344665050506592e-03 2.454832792282104492e-01 -4.634067416191101074e-03 9.999886155128479004e-01 1.173508237116038799e-03
-9.965729713439941406e-01 -4.812146537005901337e-03 -8.257900178432464600e-02 -4.795710556209087372e-03 9.999884366989135742e-01 -3.973868442699313164e-04
-9.965730309486389160e-01 -4.791606217622756958e-03 -8.257900178432464600e-02 -4.775241017341613770e-03 9.999885559082031250e-01 -3.956906439270824194e-04
-9.157612919807434082e-01 -5.174451507627964020e-03 -4.016896784305572510e-01 -4.738625604659318924e-03 9.999866485595703125e-01 -2.078551566228270531e-03
-9.157609939575195312e-01 -5.233295727521181107e-03 -4.016895592212677002e-01 -4.792513791471719742e-03 9.999863505363464355e-01 -2.102188998833298683e-03
-7.357155680656433105e-01 -4.700130783021450043e-03 -6.772744059562683105e-01 -3.457997459918260574e-03 9.999889731407165527e-01 -3.183313412591814995e-03
-7.357155084609985352e-01 -4.712646361440420151e-03 -6.772743463516235352e-01 -3.467205446213483810e-03 9.999889135360717773e-01 -3.191789845004677773e-03
-4.759442508220672607e-01 -4.616982769221067429e-03 -8.794633746147155762e-01 -2.197449794039130211e-03 9.999893307685852051e-01 -4.060510545969009399e-03
-4.759441316127777100e-01 -4.668172448873519897e-03 -8.794631361961364746e-01 -2.221813425421714783e-03 9.999890923500061035e-01 -4.105530213564634323e-03
-1.645921468734741211e-01 -6.214914377778768539e-03 -9.863421320915222168e-01 -1.022945856675505638e-03 9.999806880950927734e-01 -6.130150519311428070e-03
-1.645921319723129272e-01 -6.225966848433017731e-03 -9.863420724868774414e-01 -1.024764962494373322e-03 9.999806284904479980e-01 -6.141052115708589554e-03
1.645951122045516968e-01 1.627289457246661186e-03 -9.863598942756652832e-01 -2.678442397154867649e-04 9.999986886978149414e-01 1.605095225386321545e-03
1.645951122045516968e-01 1.616811961866915226e-03 -9.863598942756652832e-01 -2.661196922417730093e-04 9.999986886978149414e-01 1.594760571606457233e-03
4.759465754032135010e-01 1.890965388156473637e-03 -8.794721961021423340e-01 -9.000001591630280018e-04 9.999982118606567383e-01 1.663054456003010273e-03
4.759464561939239502e-01 2.044571563601493835e-03 -8.794718980789184570e-01 -9.731085738167166710e-04 9.999979138374328613e-01 1.798146986402571201e-03
7.357198596000671387e-01 2.960083074867725372e-03 -6.772795319557189941e-01 -2.177801681682467461e-03 9.999956488609313965e-01 2.004812704399228096e-03
7.357197999954223633e-01 2.998086856678128242e-03 -6.772794723510742188e-01 -2.205761615186929703e-03 9.999955296516418457e-01 2.030551899224519730e-03
9.157654047012329102e-01 4.209903068840503693e-03 -4.016914665699005127e-01 -3.855317831039428711e-03 9.999911785125732422e-01 1.691097277216613293e-03
9.157649278640747070e-01 4.327089060097932816e-03 -4.016912877559661865e-01 -3.962633665651082993e-03 9.999906420707702637e-01 1.738170278258621693e-03
9.965721368789672852e-01 4.992190282791852951e-03 -8.257772028446197510e-02 -4.975139629095792770e-03 9.999875426292419434e-01 4.122488317079842091e-04
9.965728521347045898e-01 4.854051861912012100e-03 -8.257777988910675049e-02 -4.837472923099994659e-03 9.999882578849792480e-01 4.008415271528065205e-04
9.693927168846130371e-01 3.925227094441652298e-03 2.454842031002044678e-01 -3.805115818977355957e-03 9.999923110008239746e-01 -9.635886526666581631e-04
9.693927168846130371e-01 3.919385839253664017e-03 2.454842031002044678e-01 -3.799453377723693848e-03 9.999923110008239746e-01 -9.621547069400548935e-04
8.371638655662536621e-01 2.690859371796250343e-03 5.469456911087036133e-01 -2.252698177471756935e-03 9.999964237213134766e-01 -1.471759052947163582e-03
8.371639251708984375e-01 2.632341114804148674e-03 5.469456911087036133e-01 -2.203708747401833534e-03 9.999965429306030273e-01 -1.439752639271318913e-03
6.142093539237976074e-01 2.785334130749106407e-03 7.891381978988647461e-01 -1.710784970782697201e-03 9.999961256980895996e-01 -2.198022091761231422e-03
6.142093539237976074e-01 2.830144716426730156e-03 7.891381382942199707e-01 -1.738307997584342957e-03 9.999960064888000488e-01 -2.233383711427450180e-03
3.246983587741851807e-01 3.369372338056564331e-03 9.458116888999938965e-01 -1.094035687856376171e-03 9.999943375587463379e-01 -3.186809364706277847e-03
3.246982693672180176e-01 3.451147582381963730e-03 9.458113908767700195e-01 -1.120588160119950771e-03 9.999940395355224609e-01 -3.264153841882944107e-03
0.000000000000000000e+00 3.354238113388419151e-03 9.999943971633911133e-01 0.000000000000000000e+00 9.999943971633911133e-01 -3.354238113388419151e-03
0.000000000000000000e+00 3.347557038068771362e-03 9.999943971633911133e-01 -0.000000000000000000e+00 9.999943971633911133e-01 -3.347557038068771362e-03
-3.246987462043762207e-01 2.991705900058150291e-03 9.458128213882446289e-01 9.714073385111987591e-04 9.999955296516418457e-01 -2.829605946317315102e-03
-3.246988356113433838e-01 2.885330002754926682e-03 9.458130598068237305e-01 9.368671453557908535e-04 9.999958276748657227e-01 -2.728994237259030342e-03
-6.142104864120483398e-01 2.041985047981142998e-03 7.891395688056945801e-01 1.254211179912090302e-03 9.999979138374328613e-01 -1.611414598301053047e-03
-6.142105460166931152e-01 2.014640485867857933e-03 7.891396880149841309e-01 1.237415708601474762e-03 9.999979734420776367e-01 -1.589835737831890583e-03
-8.371654748916625977e-01 1.809501554816961288e-03 5.469467043876647949e-01 1.514854724518954754e-03 9.999983906745910645e-01 -9.897025302052497864e-04
-8.371655941009521484e-01 1.727939583361148834e-03 5.469467639923095703e-01 1.446573762223124504e-03 9.999985098838806152e-01 -9.450924117118120193e-04
-9.693882465362548828e-01 -4.958195146173238754e-03 2.454830855131149292e-01 -4.806475248187780380e-03 9.999877214431762695e-01 1.217167940922081470e-03
-9.693879485130310059e-01 -5.015844013541936874e-03 2.454830110073089600e-01 -4.862360190600156784e-03 9.999874234199523926e-01 1.231319969519972801e-03
-9.965755939483642578e-01 -4.224470816552639008e-03 -8.257921785116195679e-02 -4.210042301565408707e-03 9.999911189079284668e-01 -3.488566435407847166e-04
-9.965753555297851562e-01 -4.282082896679639816e-03 -8.257919549942016602e-02 -4.267457406967878342e-03 9.999908208847045898e-01 -3.536142176017165184e-04
-9.157530069351196289e-01 -6.698450073599815369e-03 -4.016860425472259521e-01 -6.134263239800930023e-03 9.999775886535644531e-01 -2.690734108909964561e-03
-9.157529473304748535e-01 -6.702123209834098816e-03 -4.016860127449035645e-01 -6.137626711279153824e-03 9.999775290489196777e-01 -2.692209556698799133e-03
-7.357056140899658203e-01 -7.007964421063661575e-03 -6.772652268409729004e-01 -5.155925173312425613e-03 9.999754428863525391e-01 -4.746367223560810089e-03
-7.357054948806762695e-01 -7.024600170552730560e-03 -6.772651672363281250e-01 -5.168164614588022232e-03 9.999753236770629883e-01 -4.757634364068508148e-03
-4.759340286254882812e-01 -7.514719385653734207e-03 -8.794489502906799316e-01 -3.576611401513218880e-03 9.999718070030212402e-01 -6.608998402953147888e-03
-4.759341478347778320e-01 -7.474017329514026642e-03 -8.794491887092590332e-01 -3.557239659130573273e-03 9.999721050262451172e-01 -6.573202554136514664e-03
-1.645887941122055054e-01 -9.050454013049602509e-03 -9.863207936286926270e-01 -1.489663962274789810e-03 9.999590516090393066e-01 -8.927015587687492371e-03
-1.645887941122055054e-01 -9.051256813108921051e-03 -9.863207936286926270e-01 -1.489796093665063381e-03 9.999590516090393066e-01 -8.927807211875915527e-03
1.645951271057128906e-01 4.545462143141776323e-04 -9.863611459732055664e-01 -7.481609645765274763e-05 9.999999403953552246e-01 4.483467491809278727e-04
1.645951122045516968e-01 4.601872060447931290e-04 -9.863610863685607910e-01 -7.574457413284108043e-05 9.999998807907104492e-01 4.539108194876462221e-04
4.759440720081329346e-01 3.764799330383539200e-03 -8.794674873352050781e-01 -1.791846589185297489e-03 9.999929070472717285e-01 3.311042208224534988e-03
4.759440124034881592e-01 3.805415472015738487e-03 -8.794674277305603027e-01 -1.811177702620625496e-03 9.999927878379821777e-01 3.346763085573911667e-03
7.357122302055358887e-01 5.727183539420366287e-03 -6.772701144218444824e-01 -4.213627893477678299e-03 9.999836087226867676e-01 3.878913819789886475e-03
7.357107400894165039e-01 6.057062651962041855e-03 -6.772687435150146484e-01 -4.456328228116035461e-03 9.999816417694091797e-01 4.102334845811128616e-03
9.156970977783203125e-01 1.287978328764438629e-02 -4.016627669334411621e-01 -1.179495826363563538e-02 9.999170899391174316e-01 5.173758137971162796e-03
9.156953096389770508e-01 1.303032226860523224e-02 -4.016619622707366943e-01 -1.193281821906566620e-02 9.999151229858398438e-01 5.234228912740945816e-03
9.964923858642578125e-01 1.359607465565204620e-02 -8.257232606410980225e-02 -1.354963704943656921e-02 9.999076128005981445e-01 1.122763263992965221e-03
9.964904189109802246e-01 1.373574882745742798e-02 -8.257216215133666992e-02 -1.368883531540632248e-02 9.999057054519653320e-01 1.134297694079577923e-03
9.692892432212829590e-01 1.512666698545217514e-02 2.454580068588256836e-01 -1.466379407793283463e-02 9.998856186866760254e-01 -3.713386598974466324e-03
9.692865610122680664e-01 1.530720759183168411e-02 2.454573214054107666e-01 -1.483881007879972458e-02 9.998828768730163574e-01 -3.757706843316555023e-03
8.371025919914245605e-01 1.233978942036628723e-02 5.469068288803100586e-01 -1.033045630902051926e-02 9.999238848686218262e-01 -6.749228574335575104e-03
8.371027708053588867e-01 1.232461445033550262e-02 5.469069480895996094e-01 -1.031775120645761490e-02 9.999240636825561523e-01 -6.740928161889314651e-03
6.141697168350219727e-01 1.178153883665800095e-02 7.890860438346862793e-01 -7.236366625875234604e-03 9.999306201934814453e-01 -9.297293610870838165e-03
6.141697764396667480e-01 1.177384052425622940e-02 7.890861034393310547e-01 -7.231638301163911819e-03 9.999306797981262207e-01 -9.291218593716621399e-03
3.246832489967346191e-01 1.010864041745662689e-02 9.457688331604003906e-01 -3.282274119555950165e-03 9.999489188194274902e-01 -9.560925886034965515e-03
3.246833086013793945e-01 1.009111944586038589e-02 9.457690119743347168e-01 -3.276584902778267860e-03 9.999490976333618164e-01 -9.544353932142257690e-03
0.000000000000000000e+00 4.788352642208337784e-03 9.999885559082031250e-01 0.000000000000000000e+00 9.999885559082031250e-01 -4.788352642208337784e-03
0.000000000000000000e+00 4.795633722096681595e-03 9.999884963035583496e-01 -0.000000000000000000e+00 9.999884963035583496e-01 -4.795633722096681595e-03
-3.247005343437194824e-01 4.188685561530292034e-04 9.458168148994445801e-01 1.360068563371896744e-04 9.999999403953552246e-01 -3.961729526054114103e-04
-3.247005343437194824e-01 3.998213796876370907e-04 9.458168148994445801e-01 1.298222341574728489e-04 9.999999403953552246e-01 -3.781577979680150747e-04
-6.141968965530395508e-01 -6.816778797656297684e-03 7.891233563423156738e-01 -4.186941776424646378e-03 9.999767541885375977e-01 5.379404406994581223e-03
-6.141948699951171875e-01 -7.294227834790945053e-03 7.891207337379455566e-01 -4.480196628719568253e-03 9.999734163284301758e-01 5.756179336458444595e-03
-8.370535373687744141e-01 -1.649698801338672638e-02 5.468723177909851074e-01 -1.381074171513319016e-02 9.998639225959777832e-01 9.022974409162998199e-03
-8.370528221130371094e-01 -1.654709316790103912e-02 5.468719005584716797e-01 -1.385268755257129669e-02 9.998630881309509277e-01 9.050379507243633270e-03
-9.692848324775695801e-01 -1.542522665113210678e-02 2.454568892717361450e-01 -1.495321746915578842e-02 9.998810291290283203e-01 3.786678658798336983e-03
-9.692847728729248047e-01 -1.542776171118021011e-02 2.454568743705749512e-01 -1.495567616075277328e-02 9.998810291290283203e-01 3.787301247939467430e-03
-9.964601397514343262e-01 -1.580769382417201996e-02 -8.256722986698150635e-02 -1.575370505452156067e-02 9.998750686645507812e-01 -1.305360579863190651e-03
-9.964594841003417969e-01 -1.585041917860507965e-02 -8.256717771291732788e-02 -1.579628512263298035e-02 9.998744130134582520e-01 -1.308888779021799564e-03
-9.156647920608520508e-01 -1.537763234227895737e-02 -4.016485810279846191e-01 -1.408242154866456985e-02 9.998818039894104004e-01 -6.177134346216917038e-03
-9.156653881072998047e-01 -1.533340103924274445e-02 -4.016488492488861084e-01 -1.404191553592681885e-02 9.998824596405029297e-01 -6.159366574138402939e-03
-7.356509566307067871e-01 -1.399904862046241760e-02 -6.772161722183227539e-01 -1.029942277818918228e-02 9.999020099639892578e-01 -9.481310844421386719e-03
-7.356514930725097656e-01 -1.394930854439735413e-02 -6.772166490554809570e-01 -1.026282832026481628e-02 9.999027252197265625e-01 -9.447623044252395630e-03
-4.759082198143005371e-01 -1.284121256321668625e-02 -8.794012665748596191e-01 -6.111742462962865829e-03 9.999175667762756348e-01 -1.129350904375314713e-02
-4.759081304073333740e-01 -1.285410299897193909e-02 -8.794010877609252930e-01 -6.117877550423145294e-03 9.999173879623413086e-01 -1.130484603345394135e-02
-1.645881682634353638e-01 -5.685172043740749359e-03 -9.863460063934326172e-01 -9.357271483168005943e-04 9.999838471412658691e-01 -5.607637111097574234e-03
-1.645881682634353638e-01 -5.690985824912786484e-03 -9.863460063934326172e-01 -9.366840240545570850e-04 9.999838471412658691e-01 -5.613371729850769043e-03
1.645901054143905640e-01 1.990480115637183189e-03 -9.863600730895996094e-01 -3.276139905210584402e-04 9.999980330467224121e-01 1.963333925232291222e-03
1.645901203155517578e-01 1.962709706276655197e-03 -9.863601326942443848e-01 -3.230432339478284121e-04 9.999980926513671875e-01 1.935942331328988075e-03
4.759428799152374268e-01 5.201314575970172882e-03 -8.794608116149902344e-01 -2.475562039762735367e-03 9.999864697456359863e-01 4.574414342641830444e-03
4.759424626827239990e-01 5.374430678784847260e-03 -8.794600367546081543e-01 -2.557956613600254059e-03 9.999855756759643555e-01 4.726665094494819641e-03
7.356761693954467773e-01 1.143725216388702393e-02 -6.772369146347045898e-01 -8.414664305746555328e-03 9.999346137046813965e-01 7.746235933154821396e-03
7.356742024421691895e-01 1.167154591530561447e-02 -6.772351264953613281e-01 -8.587040007114410400e-03 9.999319314956665039e-01 7.904918864369392395e-03
9.156670570373535156e-01 1.521475519984960556e-02 -4.016495645046234131e-01 -1.393326278775930405e-02 9.998842477798461914e-01 6.111707072705030441e-03
9.156655073165893555e-01 1.532360073179006577e-02 -4.016488790512084961e-01 -1.403294038027524948e-02 9.998825788497924805e-01 6.155429873615503311e-03
9.964649677276611328e-01 1.548622362315654755e-02 -8.257005363702774048e-02 -1.543333008885383606e-02 9.998800754547119141e-01 1.278851646929979324e-03
9.964652061462402344e-01 1.547217462211847305e-02 -8.257006853818893433e-02 -1.541932858526706696e-02 9.998803138732910156e-01 1.277691451832652092e-03
9.693053960800170898e-01 1.398191414773464203e-02 2.454621046781539917e-01 -1.355407014489173889e-02 9.999022483825683594e-01 -3.432365600019693375e-03
9.693048000335693359e-01 1.403065212070941925e-02 2.454619407653808594e-01 -1.360131613910198212e-02 9.999015927314758301e-01 -3.444330068305134773e-03
8.370895385742187500e-01 1.354428101330995560e-02 5.468982458114624023e-01 -1.133881602436304092e-02 9.999082684516906738e-01 -7.408023346215486526e-03
8.370903134346008301e-01 1.347449421882629395e-02 5.468987822532653809e-01 -1.128039229661226273e-02 9.999092221260070801e-01 -7.369853556156158447e-03
6.141662597656250000e-01 1.224739756435155869e-02 7.890816330909729004e-01 -7.522502448409795761e-03 9.999250173568725586e-01 -9.664921090006828308e-03
6.141662597656250000e-01 1.224547717720270157e-02 7.890816330909729004e-01 -7.521322928369045258e-03 9.999250173568725586e-01 -9.663405828177928925e-03
3.246809840202331543e-01 1.078225858509540558e-02 9.457622170448303223e-01 -3.500997787341475487e-03 9.999418854713439941e-01 -1.019804552197456360e-02
3.246809542179107666e-01 1.078773476183414459e-02 9.457621574401855469e-01 -3.502775914967060089e-03 9.999418258666992188e-01 -1.020322460681200027e-02
0.000000000000000000e+00 7.389678154140710831e-03 9.999727010726928711e-01 0.000000000000000000e+00 9.999727010726928711e-01 -7.389678154140710831e-03
0.000000000000000000e+00 6.773557513952255249e-03 9.999770522117614746e-01 -0.000000000000000000e+00 9.999770522117614746e-01 -6.773557513952255249e-03
-3.247004747390747070e-01 -7.836632430553436279e-04 9.458165764808654785e-01 -2.544558956287801266e-04 9.999997019767761230e-01 7.412019185721874237e-04
-3.247004449367523193e-01 -9.462153539061546326e-04 9.458164572715759277e-01 -3.072366816923022270e-04 9.999995827674865723e-01 8.949464536271989346e-04
-6.141801476478576660e-01 -1.005828659981489182e-02 7.891017794609069824e-01 -6.177912931889295578e-03 9.999494552612304688e-01 7.937414571642875671e-03
-6.141791939735412598e-01 -1.021539792418479919e-02 7.891005873680114746e-01 -6.274411920458078384e-03 9.999478459358215332e-01 8.061396889388561249e-03
-8.370950222015380859e-01 -1.315082795917987823e-02 5.468994379043579102e-01 -1.100944541394710541e-02 9.999135136604309082e-01 7.192802615463733673e-03
-8.370931148529052734e-01 -1.332848798483610153e-02 5.468981862068176270e-01 -1.115817576646804810e-02 9.999111890792846680e-01 7.289973553270101547e-03
-9.692865014076232910e-01 -1.531307026743888855e-02 2.454573214054107666e-01 -1.484449300915002823e-02 9.998827576637268066e-01 3.759145736694335938e-03
-9.692856669425964355e-01 -1.536421664059162140e-02 2.454570978879928589e-01 -1.489407569169998169e-02 9.998819828033447266e-01 3.771702060475945473e-03
-9.964771866798400879e-01 -1.468511112034320831e-02 -8.256864547729492188e-02 -1.463495660573244095e-02 9.998921751976013184e-01 -1.212660456076264381e-03
-9.964784383773803711e-01 -1.460188161581754684e-02 -8.256874978542327881e-02 -1.455201115459203720e-02 9.998934268951416016e-01 -1.205787644721567631e-03
-9.156795740127563477e-01 -1.429036725312471390e-02 -4.016550779342651367e-01 -1.308673247694969177e-02 9.998978972434997559e-01 -5.740383639931678772e-03
-9.156814813613891602e-01 -1.414125505834817886e-02 -4.016559123992919922e-01 -1.295018009841442108e-02 9.999000430107116699e-01 -5.680486559867858887e-03
-7.356699705123901367e-01 -1.201859302818775177e-02 -6.772336363792419434e-01 -8.842356503009796143e-03 9.999278187751770020e-01 -8.139982819557189941e-03
-7.356709241867065430e-01 -1.190515980124473572e-02 -6.772345304489135742e-01 -8.758900687098503113e-03 9.999291300773620605e-01 -8.063156157732009888e-03
-4.759280681610107422e-01 -9.452248923480510712e-03 -8.794334530830383301e-01 -4.498791415244340897e-03 9.999553561210632324e-01 -8.312995545566082001e-03
-4.759281277656555176e-01 -9.438036009669303894e-03 -8.794335722923278809e-01 -4.492026753723621368e-03 9.999554753303527832e-01 -8.300495333969593048e-03
-1.645949184894561768e-01 -4.012184508610516787e-04 -9.863612055778503418e-01 -6.603852671105414629e-05 9.999999403953552246e-01 -3.957463486585766077e-04
-1.645949184894561768e-01 -3.774621291086077690e-04 -9.863612055778503418e-01 -6.212835432961583138e-05 9.999999403953552246e-01 -3.723140107467770576e-04
1.645937114953994751e-01 3.147823037579655647e-03 -9.863564372062683105e-01 -5.181144806556403637e-04 9.999950528144836426e-01 3.104890929535031319e-03
1.645937412977218628e-01 3.117620013654232025e-03 -9.863565564155578613e-01 -5.131431971676647663e-04 9.999951720237731934e-01 3.075099783018231392e-03
4.759405255317687988e-01 5.395090207457542419e-03 -8.794609308242797852e-01 -2.567779272794723511e-03 9.999854564666748047e-01 4.744840320199728012e-03
4.759401381015777588e-01 5.532385781407356262e-03 -8.794602751731872559e-01 -2.633124822750687599e-03 9.999846816062927246e-01 4.865588154643774033e-03
7.357121706008911133e-01 5.870325490832328796e-03 -6.772689819335937500e-01 -4.318943712860345840e-03 9.999827742576599121e-01 3.975857514888048172e-03
7.357124686241149902e-01 5.803213454782962799e-03 -6.772692203521728516e-01 -4.269568249583244324e-03 9.999831914901733398e-01 3.930403850972652435e-03
9.157573580741882324e-01 5.836844909936189651e-03 -4.016894102096557617e-01 -5.345224868506193161e-03 9.999829530715942383e-01 2.344638807699084282e-03
9.157578945159912109e-01 5.740608088672161102e-03 -4.016896486282348633e-01 -5.257093813270330429e-03 9.999835491180419922e-01 2.305980771780014038e-03
9.965665340423583984e-01 5.993498489260673523e-03 -8.257861435413360596e-02 -5.973027087748050690e-03 9.999820590019226074e-01 4.949436988681554794e-04
9.965667724609375000e-01 5.954569671303033829e-03 -8.257863670587539673e-02 -5.934231448918581009e-03 9.999822974205017090e-01 4.917289479635655880e-04
9.693857431411743164e-01 5.484830122441053391e-03 2.454818338155746460e-01 -5.316996015608310699e-03 9.999849796295166016e-01 -1.346446340903639793e-03
9.693859815597534180e-01 5.438552703708410263e-03 2.454818785190582275e-01 -5.272134672850370407e-03 9.999852180480957031e-01 -1.335085951723158360e-03
8.371563553810119629e-01 4.788294434547424316e-03 5.469427108764648438e-01 -4.008597228676080704e-03 9.999885559082031250e-01 -2.618952654302120209e-03
8.371565341949462891e-01 4.741832613945007324e-03 5.469428300857543945e-01 -3.969701472669839859e-03 9.999887943267822266e-01 -2.593540586531162262e-03
6.142078638076782227e-01 4.143850412219762802e-03 7.891334295272827148e-01 -2.545207273215055466e-03 9.999914169311523438e-01 -3.270079148933291435e-03
6.142080426216125488e-01 4.055797588080167770e-03 7.891337275505065918e-01 -2.491123974323272705e-03 9.999917745590209961e-01 -3.200592938810586929e-03
3.246991038322448730e-01 2.147606108337640762e-03 9.458149671554565430e-01 -6.973274284973740578e-04 9.999977350234985352e-01 -2.031242940574884415e-03
3.246991634368896484e-01 2.081101993098855019e-03 9.458151459693908691e-01 -6.757334922440350056e-04 9.999978542327880859e-01 -1.968342112377285957e-03
0.000000000000000000e+00 -2.412258880212903023e-03 9.999970793724060059e-01 0.000000000000000000e+00 9.999970793724060059e-01 2.412258880212903023e-03
0.000000000000000000e+00 -2.439042087644338608e-03 9.999970197677612305e-01 0.000000000000000000e+00 9.999970197677612305e-01 2.439042087644338608e-03
-3.246982693672180176e-01 -3.751514479517936707e-03 9.458101987838745117e-01 -1.218118821270763874e-03 9.999929666519165039e-01 3.548245644196867943e-03
-3.246982693672180176e-01 -3.754274919629096985e-03 9.458101987838745117e-01 -1.219015219248831272e-03 9.999929666519165039e-01 3.550856607034802437e-03
-6.142033934593200684e-01 -5.276086740195751190e-03 7.891301512718200684e-01 -3.240635385736823082e-03 9.999861121177673340e-01 4.163577221333980560e-03
-6.142034530639648438e-01 -5.251907277852296829e-03 7.891302704811096191e-01 -3.225784050300717354e-03 9.999862313270568848e-01 4.144495818763971329e-03
-8.371550440788269043e-01 -5.353578832000494003e-03 5.469394922256469727e-01 -4.481839481741189957e-03 9.999856948852539062e-01 2.928125439211726189e-03
-8.371537923812866211e-01 -5.631217733025550842e-03 5.469387173652648926e-01 -4.714269191026687622e-03 9.999841451644897461e-01 3.079978981986641884e-03
-9.693845510482788086e-01 -5.697666667401790619e-03 2.454815357923507690e-01 -5.523319821804761887e-03 9.999837875366210938e-01 1.398694585077464581e-03
-9.693845510482788086e-01 -5.701570305973291397e-03 2.454815357923507690e-01 -5.527103785425424576e-03 9.999837875366210938e-01 1.399652916006743908e-03
-9.965728521347045898e-01 -4.876535851508378983e-03 -8.257672190666198730e-02 -4.859881009906530380e-03 9.999881386756896973e-01 -4.026931128464639187e-04
-9.965734481811523438e-01 -4.751663189381361008e-03 -8.257676661014556885e-02 -4.735434427857398987e-03 9.999887347221374512e-01 -3.923814219888299704e-04
-9.157684445381164551e-01 -3.154783742502331734e-03 -4.016942679882049561e-01 -2.889065770432353020e-03 9.999950528144836426e-01 -1.267264829948544502e-03
-9.157684445381164551e-01 -3.141649533063173294e-03 -4.016942679882049561e-01 -2.877037739381194115e-03 9.999950528144836426e-01 -1.261988887563347816e-03
-7.357198596000671387e-01 -3.190319053828716278e-03 -6.772784590721130371e-01 -2.347192959859967232e-03 9.999949336051940918e-01 -2.160745440050959587e-03
-7.357198596000671387e-01 -3.207174595445394516e-03 -6.772784590721130371e-01 -2.359593985602259636e-03 9.999948740005493164e-01 -2.172161359339952469e-03
-4.759468138217926025e-01 -1.626042998395860195e-03 -8.794726133346557617e-01 -7.739110151305794716e-04 9.999986886978149414e-01 -1.430062111467123032e-03
-4.759468138217926025e-01 -1.601894618943333626e-03 -8.794726133346557617e-01 -7.624176796525716782e-04 9.999987483024597168e-01 -1.408824347890913486e-03
-1.645935922861099243e-01 -4.839374218136072159e-03 -9.863496422767639160e-01 -7.965393015183508396e-04 9.999883174896240234e-01 -4.773370921611785889e-03
-1.645935773849487305e-01 -4.843631293624639511e-03 -9.863495826721191406e-01 -7.972400053404271603e-04 9.999882578849792480e-01 -4.777569789439439774e-03
1.645946353673934937e-01 2.445063320919871330e-03 -9.863582849502563477e-01 -4.024454974569380283e-04 9.999970197677612305e-01 2.411715686321258545e-03
1.645946353673934937e-01 2.446350874379277229e-03 -9.863582849502563477e-01 -4.026574315503239632e-04 9.999970197677612305e-01 2.412985544651746750e-03
4.759420454502105713e-01 4.756379406899213791e-03 -8.794637918472290039e-01 -2.263786504045128822e-03 9.999886751174926758e-01 4.183110781013965607e-03
4.759411513805389404e-01 5.142514593899250031e-03 -8.794621229171752930e-01 -2.447566716000437737e-03 9.999867677688598633e-01 4.522706381976604462e-03
7.357094883918762207e-01 6.341126747429370880e-03 -6.772676110267639160e-01 -4.665320739150047302e-03 9.999799132347106934e-01 4.294726066291332245e-03
7.357081770896911621e-01 6.615069694817066193e-03 -6.772663593292236328e-01 -4.866867326200008392e-03 9.999781250953674316e-01 4.480262286961078644e-03
9.157488942146301270e-01 7.263532839715480804e-03 -4.016854763031005859e-01 -6.651747506111860275e-03 9.999736547470092773e-01 2.917732577770948410e-03
9.157489538192749023e-01 7.252269424498081207e-03 -4.016855061054229736e-01 -6.641432642936706543e-03 9.999737143516540527e-01 2.913207979872822762e-03
9.965578317642211914e-01 7.310558110475540161e-03 -8.257794380187988281e-02 -7.285588420927524567e-03 9.999732971191406250e-01 6.037069833837449551e-04
9.965583086013793945e-01 7.239741273224353790e-03 -8.257798105478286743e-02 -7.215013727545738220e-03 9.999738335609436035e-01 5.978589761070907116e-04
9.693806171417236328e-01 6.366620771586894989e-03 2.454805374145507812e-01 -6.171803921461105347e-03 9.999797344207763672e-01 -1.562913181260228157e-03
9.693797826766967773e-01 6.505514029413461685e-03 2.454803138971328735e-01 -6.306447088718414307e-03 9.999788403511047363e-01 -1.597009482793509960e-03
8.371558785438537598e-01 4.991988185793161392e-03 5.469416379928588867e-01 -4.179124254733324051e-03 9.999875426292419434e-01 -2.730360021814703941e-03
8.371558785438537598e-01 4.994838032871484756e-03 5.469416379928588867e-01 -4.181510303169488907e-03 9.999875426292419434e-01 -2.731918822973966599e-03
6.142068505287170410e-01 4.229520913213491440e-03 7.891337871551513672e-01 -2.597823971882462502e-03 9.999910593032836914e-01 -3.337687579914927483e-03
6.142068505287170410e-01 4.231814760714769363e-03 7.891337871551513672e-01 -2.599232830107212067e-03 9.999910593032836914e-01 -3.339497838169336319e-03
3.246991038322448730e-01 2.133547328412532806e-03 9.458150267601013184e-01 -6.927624926902353764e-04 9.999977350234985352e-01 -2.017945749685168266e-03
3.246992826461791992e-01 1.857717754319310188e-03 9.458155632019042969e-01 -6.032006931491196156e-04 9.999982714653015137e-01 -1.757061341777443886e-03
0.000000000000000000e+00 -5.164715112186968327e-04 9.999998807907104492e-01 0.000000000000000000e+00 9.999998807907104492e-01 5.164715112186968327e-04
0.000000000000000000e+00 -4.804091295227408409e-04 9.999998807907104492e-01 0.000000000000000000e+00 9.999998807907104492e-01 4.804091295227408409e-04
-3.246996998786926270e-01 -2.299683168530464172e-03 9.458143711090087891e-01 -7.467084215022623539e-04 9.999973773956298828e-01 2.175079192966222763e-03
-3.246994614601135254e-01 -2.617315389215946198e-03 9.458136558532714844e-01 -8.498437819071114063e-04 9.999966025352478027e-01 2.475501038134098053e-03
-6.142069697380065918e-01 -3.707640571519732475e-03 7.891362905502319336e-01 -2.277274383231997490e-03 9.999931454658508301e-01 2.925853943452239037e-03
-6.142066717147827148e-01 -3.831147914752364159e-03 7.891359329223632812e-01 -2.353133866563439369e-03 9.999926686286926270e-01 3.023318713530898094e-03
-8.371329307556152344e-01 -9.084912948310375214e-03 5.469242334365844727e-01 -7.605593185871839523e-03 9.999587535858154297e-01 4.968963563442230225e-03
-8.371300697326660156e-01 -9.447638876736164093e-03 5.469223260879516602e-01 -7.909256964921951294e-03 9.999554157257080078e-01 5.167355760931968689e-03
-9.693603515625000000e-01 -9.076004847884178162e-03 2.454753965139389038e-01 -8.798281662166118622e-03 9.999588131904602051e-01 2.228027675300836563e-03
-9.693574905395507812e-01 -9.395377710461616516e-03 2.454746663570404053e-01 -9.107883088290691376e-03 9.999558925628662109e-01 2.306429436430335045e-03
-9.965493679046630859e-01 -8.413114584982395172e-03 -8.257482945919036865e-02 -8.384381420910358429e-03 9.999646544456481934e-01 -6.947361398488283157e-04
-9.965493679046630859e-01 -8.415728807449340820e-03 -8.257482945919036865e-02 -8.386986330151557922e-03 9.999645948410034180e-01 -6.949519738554954529e-04
-9.157444238662719727e-01 -7.907002232968807220e-03 -4.016835093498229980e-01 -7.241019513458013535e-03 9.999687671661376953e-01 -3.176211612299084663e-03
-9.157446026802062988e-01 -7.882492616772651672e-03 -4.016835689544677734e-01 -7.218574173748493195e-03 9.999689459800720215e-01 -3.166366135701537132e-03
-7.357075810432434082e-01 -6.487564649432897568e-03 -6.772682666778564453e-01 -4.773051012307405472e-03 9.999789595603942871e-01 -4.393914248794317245e-03
-7.357079386711120605e-01 -6.414255127310752869e-03 -6.772685647010803223e-01 -4.719115328043699265e-03 9.999794363975524902e-01 -4.344262648373842239e-03
-4.759378135204315186e-01 -6.358176935464143753e-03 -8.794559836387634277e-01 -3.026158083230257034e-03 9.999797940254211426e-01 -5.591849796473979950e-03
-4.759377837181091309e-01 -6.372455041855573654e-03 -8.794559240341186523e-01 -3.032953711226582527e-03 9.999797344207763672e-01 -5.604406818747520447e-03
-1.645906716585159302e-01 -1.383582246489822865e-03 -9.863610267639160156e-01 -2.277249150210991502e-04 9.999990463256835938e-01 -1.364712719805538654e-03
-1.645906716585159302e-01 -1.385590876452624798e-03 -9.863610267639160156e-01 -2.280555199831724167e-04 9.999990463256835938e-01 -1.366693992167711258e-03
1.645895987749099731e-01 3.176090773195028305e-03 -9.863570332527160645e-01 -5.227542133070528507e-04 9.999949932098388672e-01 3.132775658741593361e-03
1.645896136760711670e-01 3.172790398821234703e-03 -9.863570928573608398e-01 -5.222109612077474594e-04 9.999949932098388672e-01 3.129519987851381302e-03
4.759430289268493652e-01 5.148673430085182190e-03 -8.794611096382141113e-01 -2.450507599860429764e-03 9.999867677688598633e-01 4.528117831796407700e-03
4.759428501129150391e-01 5.217362660914659500e-03 -8.794607520103454590e-01 -2.483200281858444214e-03 9.999864101409912109e-01 4.588528070598840714e-03
7.356864213943481445e-01 1.014054007828235626e-02 -6.772463917732238770e-01 -7.460642140358686447e-03 9.999486207962036133e-01 6.867997813969850540e-03
7.356863617897033691e-01 1.015609130263328552e-02 -6.772462725639343262e-01 -7.472082972526550293e-03 9.999484419822692871e-01 6.878529675304889679e-03
9.156957864761352539e-01 1.299272663891315460e-02 -4.016621708869934082e-01 -1.189838815480470657e-02 9.999155998229980469e-01 5.219126585870981216e-03
9.156959652900695801e-01 1.297591160982847214e-02 -4.016622602939605713e-01 -1.188298966735601425e-02 9.999158382415771484e-01 5.212372634559869766e-03
9.965102076530456543e-01 1.220745593309402466e-02 -8.257380127906799316e-02 -1.216576062142848969e-02 9.999254941940307617e-01 1.008091145195066929e-03
9.965111017227172852e-01 1.213300414383411407e-02 -8.257387578487396240e-02 -1.209156401455402374e-02 9.999263882637023926e-01 1.001942902803421021e-03
9.693483114242553711e-01 1.033944170922040939e-02 2.454729676246643066e-01 -1.002305652946233749e-02 9.999465346336364746e-01 -2.538189059123396873e-03
9.693498611450195312e-01 1.017809007316827774e-02 2.454733550548553467e-01 -9.866642765700817108e-03 9.999482035636901855e-01 -2.498579910025000572e-03
8.371345996856689453e-01 8.702301420271396637e-03 5.469277501106262207e-01 -7.285273633897304535e-03 9.999621510505676270e-01 -4.759710282087326050e-03
8.371354937553405762e-01 8.577659726142883301e-03 5.469283461570739746e-01 -7.180927786976099014e-03 9.999632239341735840e-01 -4.691537469625473022e-03
6.141943931579589844e-01 7.648208178579807281e-03 7.891178131103515625e-01 -4.697624128311872482e-03 9.999707937240600586e-01 -6.035513244569301605e-03
6.141950488090515137e-01 7.499216590076684952e-03 7.891186475753784180e-01 -4.606111440807580948e-03 9.999718666076660156e-01 -5.917937960475683212e-03
3.246970474720001221e-01 4.136086441576480865e-03 9.458090662956237793e-01 -1.342986710369586945e-03 9.999914765357971191e-01 -3.911981824785470963e-03
3.246975541114807129e-01 3.759690793231129646e-03 9.458104372024536133e-01 -1.220771111547946930e-03 9.999929666519165039e-01 -3.555980278179049492e-03
0.000000000000000000e+00 3.288482315838336945e-03 9.999946355819702148e-01 0.000000000000000000e+00 9.999946355819702148e-01 -3.288482315838336945e-03
0.000000000000000000e+00 3.083943622186779976e-03 9.999952316284179688e-01 -0.000000000000000000e+00 9.999952316284179688e-01 -3.083943622186779976e-03
-3.246998190879821777e-01 -2.131976187229156494e-03 9.458147287368774414e-01 -6.922538741491734982e-04 9.999977350234985352e-01 2.016459126025438309e-03
-3.246996700763702393e-01 -2.353983931243419647e-03 9.458142518997192383e-01 -7.643399294465780258e-04 9.999972581863403320e-01 2.226437674835324287e-03
-6.141934990882873535e-01 -7.597156334668397903e-03 7.891189455986022949e-01 -4.666258580982685089e-03 9.999711513519287109e-01 5.995233077555894852e-03
-6.141930222511291504e-01 -7.692531216889619827e-03 7.891184091567993164e-01 -4.724838770925998688e-03 9.999704360961914062e-01 6.070497445762157440e-03
-8.371427655220031738e-01 -7.674147374927997589e-03 5.469306707382202148e-01 -6.424546241760253906e-03 9.999705553054809570e-01 4.197350237518548965e-03
-8.371419906616210938e-01 -7.799787912517786026e-03 5.469301342964172363e-01 -6.529728416353464127e-03 9.999696016311645508e-01 4.266068805009126663e-03
-9.693742990493774414e-01 -7.292332593351602554e-03 2.454795390367507935e-01 -7.069189567118883133e-03 9.999734163284301758e-01 1.790166483260691166e-03
-9.693742394447326660e-01 -7.300653494894504547e-03 2.454795241355895996e-01 -7.077255751937627792e-03 9.999733567237854004e-01 1.792209106497466564e-03
-9.965600371360778809e-01 -7.026738952845335007e-03 -8.257551491260528564e-02 -7.002740167081356049e-03 9.999753236770629883e-01 -5.802508676424622536e-04
-9.965604543685913086e-01 -6.967676337808370590e-03 -8.257554471492767334e-02 -6.943879183381795883e-03 9.999757409095764160e-01 -5.753736477345228195e-04
-9.157552719116210938e-01 -6.232823710888624191e-03 -4.016882777214050293e-01 -5.707851611077785492e-03 9.999805688858032227e-01 -2.503700554370880127e-03
-9.157559871673583984e-01 -6.105477921664714813e-03 -4.016886055469512939e-01 -5.591231863945722580e-03 9.999814033508300781e-01 -2.452546497806906700e-03
-7.357127070426940918e-01 -5.320362281054258347e-03 -6.772729158401489258e-01 -3.914313390851020813e-03 9.999858736991882324e-01 -3.603388322517275810e-03
-7.357127666473388672e-01 -5.312161520123481750e-03 -6.772729754447937012e-01 -3.908279817551374435e-03 9.999859333038330078e-01 -3.597833914682269096e-03
-4.759452044963836670e-01 -4.161464981734752655e-03 -8.794651031494140625e-01 -1.980646513402462006e-03 9.999913573265075684e-01 -3.659894922748208046e-03
-4.759453535079956055e-01 -4.088127985596656799e-03 -8.794654011726379395e-01 -1.945741707459092140e-03 9.999916553497314453e-01 -3.595397109165787697e-03
2.764878627203870565e-05 -1.000000000000000000e+00 0.000000000000000000e+00 -1.000000000000000000e+00 -2.764878627203870565e-05 -0.000000000000000000e+00
-8.851239545037969947e-05 -1.000000000000000000e+00 0.000000000000000000e+00 -1.000000000000000000e+00 8.851239545037969947e-05 0.000000000000000000e+00
