-1.777620613574981689e-01 9.628280065953731537e-03 9.840264320373535156e-01 2.225858625024557114e-03 9.999535083770751953e-01 -9.382022544741630554e-03
-1.526485383510589600e-01 9.615629911422729492e-03 9.882338047027587891e-01 7.946956902742385864e-04 9.999535679817199707e-01 -9.606910869479179382e-03
-7.073966413736343384e-02 9.663457982242107391e-03 9.974480867385864258e-01 9.047972271218895912e-04 9.999533295631408691e-01 -9.623560123145580292e-03
-8.303762879222631454e-04 9.999516606330871582e-01 -9.798525832593441010e-03 8.136854376061819494e-06 -9.798522107303142548e-03 -9.999520182609558105e-01
-8.303752983920276165e-04 9.999504089355468750e-01 -9.926235303282737732e-03 8.242906005762051791e-06 -9.926231577992439270e-03 -9.999507665634155273e-01
7.024723291397094727e-02 9.324149228632450104e-03 9.974861145019531250e-01 -4.412267589941620827e-04 9.999565482139587402e-01 -9.316169656813144684e-03
9.091218560934066772e-02 9.247086942195892334e-03 9.958159923553466797e-01 -8.407087880186736584e-04 9.999572634696960449e-01 -9.208790957927703857e-03
1.526368111371994019e-01 9.030874818563461304e-03 9.882411360740661621e-01 -2.051681047305464745e-03 9.999589920043945312e-01 -8.821068331599235535e-03
1.777906119823455811e-01 8.884953334927558899e-03 9.840282797813415527e-01 -1.064651063643395901e-03 9.999604225158691406e-01 -8.836450055241584778e-03
3.017046749591827393e-01 8.679013699293136597e-03 9.533619284629821777e-01 -3.144360380247235298e-03 9.999622106552124023e-01 -8.108165115118026733e-03
3.195974230766296387e-01 8.607117459177970886e-03 9.475144147872924805e-01 -2.385865664109587669e-03 9.999629259109497070e-01 -8.278800174593925476e-03
4.437008202075958252e-01 8.511075749993324280e-03 8.961346149444580078e-01 -4.139296244829893112e-03 9.999637007713317871e-01 -7.447717711329460144e-03
4.545495212078094482e-01 8.673322387039661407e-03 8.906792402267456055e-01 -3.737593302503228188e-03 9.999623894691467285e-01 -7.830062881112098694e-03
5.752943754196166992e-01 8.845716714859008789e-03 8.178986310958862305e-01 -5.286445841193199158e-03 9.999608993530273438e-01 -7.096365094184875488e-03
5.797536373138427734e-01 8.879620581865310669e-03 8.147435188293457031e-01 -5.100796464830636978e-03 9.999606013298034668e-01 -7.268626242876052856e-03
6.925241351127624512e-01 9.196083061397075653e-03 7.213361263275146484e-01 -6.411947309970855713e-03 9.999577403068542480e-01 -6.592302583158016205e-03
6.934008002281188965e-01 9.472399950027465820e-03 7.204898595809936523e-01 -6.661171559244394302e-03 9.999551177024841309e-01 -6.735852919518947601e-03
7.904404997825622559e-01 1.018998026847839355e-02 6.124540567398071289e-01 -7.979743182659149170e-03 9.999480843544006348e-01 -6.338335573673248291e-03
7.952460050582885742e-01 1.062184851616621017e-02 6.061940193176269531e-01 -8.631116710603237152e-03 9.999435544013977051e-01 -6.198329851031303406e-03
8.714003562927246094e-01 1.151703856885433197e-02 4.904374182224273682e-01 -9.895015507936477661e-03 9.999336600303649902e-01 -5.900350864976644516e-03
8.784486055374145508e-01 1.178239472210407257e-02 4.776914417743682861e-01 -1.057084929198026657e-02 9.999305009841918945e-01 -5.224359221756458282e-03
9.336704611778259277e-01 1.271404698491096497e-02 3.579076230525970459e-01 -1.171503774821758270e-02 9.999191164970397949e-01 -4.959475714713335037e-03
9.410590529441833496e-01 1.290510781109333038e-02 3.379961252212524414e-01 -1.234855130314826965e-02 9.999165534973144531e-01 -3.796832635998725891e-03
9.759240746498107910e-01 1.325222570449113846e-02 2.177079170942306519e-01 -1.281027030199766159e-02 9.999120831489562988e-01 -3.441352164372801781e-03
9.816178679466247559e-01 1.344201061874628067e-02 1.903831809759140015e-01 -1.333401631563901901e-02 9.999094009399414062e-01 -1.848295331001281738e-03
9.972523450851440430e-01 1.348493713885545731e-02 7.284209132194519043e-02 -1.339922472834587097e-02 9.999088644981384277e-01 -1.665242947638034821e-03
9.991751313209533691e-01 1.346766296774148941e-02 3.831045329570770264e-02 -1.348960679024457932e-02 9.999089837074279785e-01 3.143137146253138781e-04
9.971962571144104004e-01 1.360091194510459900e-02 -7.358452677726745605e-02 -1.362163852900266647e-02 9.999071955680847168e-01 2.201996394433081150e-04
9.933126568794250488e-01 1.352986041456460953e-02 -1.146603897213935852e-01 -1.333504077047109604e-02 9.999080896377563477e-01 2.466000616550445557e-03
9.757571816444396973e-01 1.359100267291069031e-02 -2.184335142374038696e-01 -1.345148868858814240e-02 9.999072551727294922e-01 2.125842496752738953e-03
9.641667604446411133e-01 1.368802785873413086e-02 -2.649437785148620605e-01 -1.293557602912187576e-02 9.999058246612548828e-01 4.584695678204298019e-03
9.333921074867248535e-01 1.370448712259531021e-02 -3.585964739322662354e-01 -1.312576327472925186e-02 9.999057054519653320e-01 4.048312082886695862e-03
9.124271273612976074e-01 1.343092881143093109e-02 -4.090189039707183838e-01 -1.182670332491397858e-02 9.999092817306518555e-01 6.451306398957967758e-03
8.710146546363830566e-01 1.350335124880075455e-02 -4.910715222358703613e-01 -1.224180124700069427e-02 9.999083876609802246e-01 5.781898275017738342e-03
8.392974138259887695e-01 1.345914416015148163e-02 -5.435060262680053711e-01 -1.070589385926723480e-02 9.999088644981384277e-01 8.228959515690803528e-03
7.899563312530517578e-01 1.348979026079177856e-02 -6.130146980285644531e-01 -1.127401646226644516e-02 9.999085068702697754e-01 7.475472986698150635e-03
7.464955449104309082e-01 1.346506085246801376e-02 -6.652541160583496094e-01 -9.314151480793952942e-03 9.999087452888488770e-01 9.787026792764663696e-03
6.919589042663574219e-01 1.340800710022449493e-02 -7.218124270439147949e-01 -1.001446321606636047e-02 9.999096393585205078e-01 8.973518386483192444e-03
6.362045407295227051e-01 1.235141325742006302e-02 -7.714216113090515137e-01 -6.998638622462749481e-03 9.999231100082397461e-01 1.023810729384422302e-02
5.791311264038085938e-01 1.228960976004600525e-02 -8.151417374610900879e-01 -7.945903576910495758e-03 9.999240040779113770e-01 9.430209174752235413e-03
5.109989047050476074e-01 1.083591207861900330e-02 -8.595131039619445801e-01 -4.589637275785207748e-03 9.999406933784484863e-01 9.877650998532772064e-03
4.538841247558593750e-01 1.056752540171146393e-02 -8.909980654716491699e-01 -5.683536641299724579e-03 9.999436736106872559e-01 8.964400738477706909e-03
3.738084435462951660e-01 9.905536659061908722e-03 -9.274530410766601562e-01 -2.707096748054027557e-03 9.999503493309020996e-01 9.588743560016155243e-03
3.188964128494262695e-01 9.358296170830726624e-03 -9.477434158325195312e-01 -3.892264328896999359e-03 9.999557733535766602e-01 8.564189076423645020e-03
2.278533875942230225e-01 8.865801617503166199e-03 -9.736551046371459961e-01 -1.019435469061136246e-03 9.999601840972900391e-01 8.866760879755020142e-03
1.770659536123275757e-01 8.404413238167762756e-03 -9.841631054878234863e-01 -2.377341268584132195e-03 9.999642968177795410e-01 8.111629635095596313e-03
7.655464857816696167e-02 8.148902095854282379e-03 -9.970320463180541992e-01 3.382252180017530918e-04 9.999663233757019043e-01 8.198855444788932800e-03
6.822484731674194336e-02 7.869163528084754944e-03 -9.976389408111572266e-01 9.446678450331091881e-05 9.999688863754272461e-01 7.894001901149749756e-03
-3.635559114627540112e-04 7.794921752065420151e-03 -9.999696016311645508e-01 -2.171005762647837400e-04 9.999696016311645508e-01 7.795000448822975159e-03
-6.890019029378890991e-02 7.292861118912696838e-03 -9.975969195365905762e-01 1.151127275079488754e-03 9.999732375144958496e-01 7.230727933347225189e-03
-7.036701589822769165e-02 6.878639105707406998e-03 -9.974974393844604492e-01 4.840407345909625292e-04 9.999763369560241699e-01 6.861587055027484894e-03
-3.017118275165557861e-01 9.555051103234291077e-03 9.533513188362121582e-01 2.357952762395143509e-03 9.999542236328125000e-01 -9.275898337364196777e-03
-3.195364177227020264e-01 9.632083587348461151e-03 9.475250840187072754e-01 3.441399661824107170e-03 9.999535679817199707e-01 -9.004494175314903259e-03
-4.437030255794525146e-01 9.596944786608219147e-03 8.961225152015686035e-01 3.897111630067229271e-03 9.999538660049438477e-01 -8.779314346611499786e-03
-4.544607698917388916e-01 9.668567217886447906e-03 8.907143473625183105e-01 4.596778657287359238e-03 9.999532699584960938e-01 -8.508968167006969452e-03
-5.752937793731689453e-01 9.632248431444168091e-03 8.178901672363281250e-01 5.346559453755617142e-03 9.999536275863647461e-01 -8.015695959329605103e-03
-5.796452760696411133e-01 9.615960530936717987e-03 8.148121833801269531e-01 5.618290975689888000e-03 9.999538064002990723e-01 -7.804131135344505310e-03
-6.924058794975280762e-01 9.462226182222366333e-03 7.214462161064147949e-01 6.511808838695287704e-03 9.999552369117736816e-01 -6.865358911454677582e-03
-6.934027075767517090e-01 9.453412145376205444e-03 7.204883098602294922e-01 6.459047086536884308e-03 9.999552965164184570e-01 -6.904025562107563019e-03
-7.903249859809875488e-01 9.152741171419620514e-03 6.126195788383483887e-01 7.312089204788208008e-03 9.999580979347229004e-01 -5.506566260010004044e-03
-7.952615022659301758e-01 9.097232483327388763e-03 6.061982512474060059e-01 7.048068568110466003e-03 9.999585747718811035e-01 -5.760161671787500381e-03
-8.713057637214660645e-01 8.784034289419651031e-03 4.906619489192962646e-01 7.798010017722845078e-03 9.999614357948303223e-01 -4.054204560816287994e-03
-8.784796595573425293e-01 8.869561366736888885e-03 4.776974916458129883e-01 7.569442503154277802e-03 9.999606013298034668e-01 -4.646479617804288864e-03
-9.336118102073669434e-01 8.463540114462375641e-03 3.581861853599548340e-01 8.060558699071407318e-03 9.999641180038452148e-01 -2.618200145661830902e-03
-9.411071538925170898e-01 8.583580143749713898e-03 3.379996120929718018e-01 7.873371243476867676e-03 9.999629855155944824e-01 -3.472126321867108345e-03
-9.759076237678527832e-01 8.144852705299854279e-03 2.180323898792266846e-01 8.074211888015270233e-03 9.999667406082153320e-01 -1.214945456013083458e-03
-9.816745519638061523e-01 8.450203575193881989e-03 1.903779953718185425e-01 8.156683295965194702e-03 9.999640583992004395e-01 -2.325328299775719643e-03
-9.972854852676391602e-01 7.921719923615455627e-03 7.320433855056762695e-02 7.950946688652038574e-03 9.999684095382690430e-01 1.078512868843972683e-04
-9.992325901985168457e-01 8.234844543039798737e-03 3.829457238316535950e-02 8.196779526770114899e-03 9.999657869338989258e-01 -1.150922733359038830e-03
-9.972879290580749512e-01 7.723837159574031830e-03 -7.319294661283493042e-02 7.645484991371631622e-03 9.999698996543884277e-01 1.350598176941275597e-03
-9.933712482452392578e-01 7.778537925332784653e-03 -1.146869435906410217e-01 7.833335548639297485e-03 9.999693632125854492e-01 -2.711918386921752244e-05
-9.759142398834228516e-01 7.592448033392429352e-03 -2.180223017930984497e-01 7.220545317977666855e-03 9.999707937240600586e-01 2.502464456483721733e-03
-9.642243385314941406e-01 7.507930975407361984e-03 -2.649814188480377197e-01 7.503830827772617340e-03 9.999713301658630371e-01 1.027770107612013817e-03
-9.336245656013488770e-01 7.242883089929819107e-03 -3.581798672676086426e-01 6.428673397749662399e-03 9.999733567237854004e-01 3.463965374976396561e-03
-9.124786257743835449e-01 6.952973082661628723e-03 -4.090654253959655762e-01 6.775067653506994247e-03 9.999752640724182129e-01 1.884044497273862362e-03
-8.713240027427673340e-01 6.759205833077430725e-03 -4.906617105007171631e-01 5.409806501120328903e-03 9.999766945838928223e-01 4.168562125414609909e-03
-8.393433094024658203e-01 6.590157747268676758e-03 -5.435617566108703613e-01 6.124067585915327072e-03 9.999777078628540039e-01 2.667248714715242386e-03
-7.903460264205932617e-01 6.510282866656780243e-03 -6.126261949539184570e-01 4.528531804680824280e-03 9.999783039093017578e-01 4.784375894814729691e-03
-7.465335726737976074e-01 6.360169500112533569e-03 -6.653174161911010742e-01 5.487185437232255936e-03 9.999791979789733887e-01 3.402388188987970352e-03
-6.924281120300292969e-01 6.086851004511117935e-03 -7.214611768722534180e-01 3.479503560811281204e-03 9.999809861183166504e-01 5.097195040434598923e-03
-6.362259387969970703e-01 5.968004930764436722e-03 -7.714796662330627441e-01 4.656717646867036819e-03 9.999815821647644043e-01 3.895333036780357361e-03
-5.796675086021423340e-01 5.840643309056758881e-03 -8.148322105407714844e-01 2.559363143518567085e-03 9.999824762344360352e-01 5.347065627574920654e-03
-5.110046863555908203e-01 5.766768474131822586e-03 -8.595586419105529785e-01 3.892992623150348663e-03 9.999827742576599121e-01 4.394500982016324997e-03
-4.544816911220550537e-01 5.670345388352870941e-03 -8.907380700111389160e-01 1.693558413535356522e-03 9.999834299087524414e-01 5.501684732735157013e-03
-3.738048076629638672e-01 5.814132746309041977e-03 -9.274891614913940430e-01 3.165740752592682838e-03 9.999825358390808105e-01 4.992686677724123001e-03
-3.195542991161346436e-01 6.048192735761404037e-03 -9.475486278533935547e-01 1.030114828608930111e-03 9.999812841415405273e-01 6.035470869392156601e-03
-2.278424948453903198e-01 6.375690922141075134e-03 -9.736771583557128906e-01 2.447872888296842575e-03 9.999791383743286133e-01 5.975110456347465515e-03
-1.777771264314651489e-01 6.776844616979360580e-03 -9.840474724769592285e-01 3.229094436392188072e-04 9.999766945838928223e-01 6.828207522630691528e-03
-7.654052972793579102e-02 7.175460457801818848e-03 -9.970406889915466309e-01 1.503487350419163704e-03 9.999738335609436035e-01 7.081150077283382416e-03
6.964305043220520020e-02 7.442763075232505798e-03 -9.975442290306091309e-01 -5.183510365895926952e-04 9.999723434448242188e-01 7.424690760672092438e-03
-7.024502754211425781e-02 9.640991687774658203e-03 9.974831938743591309e-01 6.772632477805018425e-04 9.999535679817199707e-01 -9.617174975574016571e-03
-1.329807564616203308e-03 0.000000000000000000e+00 -9.999991059303283691e-01 -9.999991059303283691e-01 0.000000000000000000e+00 1.329807564616203308e-03
-1.278171082958579063e-03 0.000000000000000000e+00 -9.999992251396179199e-01 -9.999992251396179199e-01 0.000000000000000000e+00 1.278171082958579063e-03
-1.278108218684792519e-03 0.000000000000000000e+00 -9.999992251396179199e-01 -9.999992251396179199e-01 0.000000000000000000e+00 1.278108218684792519e-03
-1.260993420146405697e-03 0.000000000000000000e+00 -9.999992251396179199e-01 -9.999992251396179199e-01 0.000000000000000000e+00 1.260993420146405697e-03
-1.218836521729826927e-03 0.000000000000000000e+00 -9.999992847442626953e-01 -9.999992847442626953e-01 0.000000000000000000e+00 1.218836521729826927e-03
-1.221203594468533993e-03 0.000000000000000000e+00 -9.999992847442626953e-01 -9.999992847442626953e-01 0.000000000000000000e+00 1.221203594468533993e-03
-1.336697954684495926e-03 0.000000000000000000e+00 -9.999991059303283691e-01 -9.999991059303283691e-01 0.000000000000000000e+00 1.336697954684495926e-03
-1.394301652908325195e-03 0.000000000000000000e+00 -9.999990463256835938e-01 -9.999990463256835938e-01 0.000000000000000000e+00 1.394301652908325195e-03
-1.388950273394584656e-03 0.000000000000000000e+00 -9.999990463256835938e-01 -9.999990463256835938e-01 0.000000000000000000e+00 1.388950273394584656e-03
-1.391703495755791664e-03 0.000000000000000000e+00 -9.999990463256835938e-01 -9.999990463256835938e-01 0.000000000000000000e+00 1.391703495755791664e-03
-1.344161690212786198e-03 0.000000000000000000e+00 -9.999991059303283691e-01 -9.999991059303283691e-01 0.000000000000000000e+00 1.344161690212786198e-03
-1.384245580993592739e-03 0.000000000000000000e+00 -9.999990463256835938e-01 -9.999990463256835938e-01 0.000000000000000000e+00 1.384245580993592739e-03
-1.374601968564093113e-03 0.000000000000000000e+00 -9.999990463256835938e-01 -9.999990463256835938e-01 0.000000000000000000e+00 1.374601968564093113e-03
-1.386431162245571613e-03 0.000000000000000000e+00 -9.999990463256835938e-01 -9.999990463256835938e-01 0.000000000000000000e+00 1.386431162245571613e-03
-1.370871555991470814e-03 0.000000000000000000e+00 -9.999990463256835938e-01 -9.999990463256835938e-01 0.000000000000000000e+00 1.370871555991470814e-03
-1.391150522977113724e-03 0.000000000000000000e+00 -9.999990463256835938e-01 -9.999990463256835938e-01 0.000000000000000000e+00 1.391150522977113724e-03
-1.425970927812159061e-03 0.000000000000000000e+00 -9.999989867210388184e-01 -9.999989867210388184e-01 0.000000000000000000e+00 1.425970927812159061e-03
-1.443043234758079052e-03 0.000000000000000000e+00 -9.999989867210388184e-01 -9.999989867210388184e-01 0.000000000000000000e+00 1.443043234758079052e-03
-1.439043553546071053e-03 0.000000000000000000e+00 -9.999989867210388184e-01 -9.999989867210388184e-01 0.000000000000000000e+00 1.439043553546071053e-03
-1.460217870771884918e-03 0.000000000000000000e+00 -9.999989271163940430e-01 -9.999989271163940430e-01 0.000000000000000000e+00 1.460217870771884918e-03
-1.456879428587853909e-03 0.000000000000000000e+00 -9.999989271163940430e-01 -9.999989271163940430e-01 0.000000000000000000e+00 1.456879428587853909e-03
-1.432004035450518131e-03 0.000000000000000000e+00 -9.999989867210388184e-01 -9.999989867210388184e-01 0.000000000000000000e+00 1.432004035450518131e-03
-1.429794938303530216e-03 0.000000000000000000e+00 -9.999989867210388184e-01 -9.999989867210388184e-01 0.000000000000000000e+00 1.429794938303530216e-03
-1.417787396349012852e-03 0.000000000000000000e+00 -9.999989867210388184e-01 -9.999989867210388184e-01 0.000000000000000000e+00 1.417787396349012852e-03
-1.338813337497413158e-03 0.000000000000000000e+00 -9.999991059303283691e-01 -9.999991059303283691e-01 0.000000000000000000e+00 1.338813337497413158e-03
-1.336812041699886322e-03 0.000000000000000000e+00 -9.999991059303283691e-01 -9.999991059303283691e-01 0.000000000000000000e+00 1.336812041699886322e-03
-1.320146606303751469e-03 0.000000000000000000e+00 -9.999991655349731445e-01 -9.999991655349731445e-01 0.000000000000000000e+00 1.320146606303751469e-03
-1.310760388150811195e-03 -0.000000000000000000e+00 -9.999991655349731445e-01 -9.999991655349731445e-01 0.000000000000000000e+00 1.310760388150811195e-03
-1.311120227910578251e-03 0.000000000000000000e+00 -9.999991655349731445e-01 -9.999991655349731445e-01 0.000000000000000000e+00 1.311120227910578251e-03
-1.303159049712121487e-03 0.000000000000000000e+00 -9.999991655349731445e-01 -9.999991655349731445e-01 0.000000000000000000e+00 1.303159049712121487e-03
-1.282833283767104149e-03 0.000000000000000000e+00 -9.999991655349731445e-01 -9.999991655349731445e-01 0.000000000000000000e+00 1.282833283767104149e-03
-1.276373164728283882e-03 0.000000000000000000e+00 -9.999992251396179199e-01 -9.999992251396179199e-01 0.000000000000000000e+00 1.276373164728283882e-03
-1.313016167841851711e-03 0.000000000000000000e+00 -9.999991655349731445e-01 -9.999991655349731445e-01 0.000000000000000000e+00 1.313016167841851711e-03
-1.315076136961579323e-03 0.000000000000000000e+00 -9.999991655349731445e-01 -9.999991655349731445e-01 0.000000000000000000e+00 1.315076136961579323e-03
-1.298972172662615776e-03 0.000000000000000000e+00 -9.999991655349731445e-01 -9.999991655349731445e-01 0.000000000000000000e+00 1.298972172662615776e-03
-1.302099903114140034e-03 0.000000000000000000e+00 -9.999991655349731445e-01 -9.999991655349731445e-01 0.000000000000000000e+00 1.302099903114140034e-03
-1.298945862799882889e-03 0.000000000000000000e+00 -9.999991655349731445e-01 -9.999991655349731445e-01 0.000000000000000000e+00 1.298945862799882889e-03
-1.278289593756198883e-03 0.000000000000000000e+00 -9.999992251396179199e-01 -9.999992251396179199e-01 0.000000000000000000e+00 1.278289593756198883e-03
-1.272253575734794140e-03 0.000000000000000000e+00 -9.999992251396179199e-01 -9.999992251396179199e-01 0.000000000000000000e+00 1.272253575734794140e-03
-1.252044690772891045e-03 0.000000000000000000e+00 -9.999992251396179199e-01 -9.999992251396179199e-01 0.000000000000000000e+00 1.252044690772891045e-03
-1.256696763448417187e-03 0.000000000000000000e+00 -9.999992251396179199e-01 -9.999992251396179199e-01 0.000000000000000000e+00 1.256696763448417187e-03
-1.237974385730922222e-03 0.000000000000000000e+00 -9.999992251396179199e-01 -9.999992251396179199e-01 0.000000000000000000e+00 1.237974385730922222e-03
-1.242483034729957581e-03 0.000000000000000000e+00 -9.999992251396179199e-01 -9.999992251396179199e-01 0.000000000000000000e+00 1.242483034729957581e-03
-1.205702428705990314e-03 0.000000000000000000e+00 -9.999992847442626953e-01 -9.999992847442626953e-01 0.000000000000000000e+00 1.205702428705990314e-03
-1.260833931155502796e-03 0.000000000000000000e+00 -9.999992251396179199e-01 -9.999992251396179199e-01 0.000000000000000000e+00 1.260833931155502796e-03
-1.257416559383273125e-03 0.000000000000000000e+00 -9.999992251396179199e-01 -9.999992251396179199e-01 0.000000000000000000e+00 1.257416559383273125e-03
-1.260895398445427418e-03 0.000000000000000000e+00 -9.999992251396179199e-01 -9.999992251396179199e-01 0.000000000000000000e+00 1.260895398445427418e-03
-1.212850213050842285e-03 0.000000000000000000e+00 -9.999992847442626953e-01 -9.999992847442626953e-01 0.000000000000000000e+00 1.212850213050842285e-03
-1.149649382568895817e-03 0.000000000000000000e+00 -9.999993443489074707e-01 -9.999993443489074707e-01 0.000000000000000000e+00 1.149649382568895817e-03
-1.210436341352760792e-03 0.000000000000000000e+00 -9.999992847442626953e-01 -9.999992847442626953e-01 0.000000000000000000e+00 1.210436341352760792e-03
-1.172473886981606483e-03 0.000000000000000000e+00 -9.999993443489074707e-01 -9.999993443489074707e-01 0.000000000000000000e+00 1.172473886981606483e-03
-1.199610880576074123e-03 0.000000000000000000e+00 -9.999992847442626953e-01 -9.999992847442626953e-01 0.000000000000000000e+00 1.199610880576074123e-03
-1.166686532087624073e-03 0.000000000000000000e+00 -9.999993443489074707e-01 -9.999993443489074707e-01 0.000000000000000000e+00 1.166686532087624073e-03
-1.183229265734553337e-03 0.000000000000000000e+00 -9.999993443489074707e-01 -9.999993443489074707e-01 0.000000000000000000e+00 1.183229265734553337e-03
-1.145418616943061352e-03 0.000000000000000000e+00 -9.999993443489074707e-01 -9.999993443489074707e-01 0.000000000000000000e+00 1.145418616943061352e-03
-1.172614283859729767e-03 0.000000000000000000e+00 -9.999993443489074707e-01 -9.999993443489074707e-01 0.000000000000000000e+00 1.172614283859729767e-03
-1.178863923996686935e-03 0.000000000000000000e+00 -9.999993443489074707e-01 -9.999993443489074707e-01 0.000000000000000000e+00 1.178863923996686935e-03
-1.161879277788102627e-03 0.000000000000000000e+00 -9.999993443489074707e-01 -9.999993443489074707e-01 0.000000000000000000e+00 1.161879277788102627e-03
-1.164094195701181889e-03 0.000000000000000000e+00 -9.999993443489074707e-01 -9.999993443489074707e-01 0.000000000000000000e+00 1.164094195701181889e-03
-1.156451879069209099e-03 0.000000000000000000e+00 -9.999993443489074707e-01 -9.999993443489074707e-01 0.000000000000000000e+00 1.156451879069209099e-03
-1.163257402367889881e-03 0.000000000000000000e+00 -9.999993443489074707e-01 -9.999993443489074707e-01 0.000000000000000000e+00 1.163257402367889881e-03
-1.126974239014089108e-03 0.000000000000000000e+00 -9.999994039535522461e-01 -9.999994039535522461e-01 0.000000000000000000e+00 1.126974239014089108e-03
-1.114393002353608608e-03 0.000000000000000000e+00 -9.999994039535522461e-01 -9.999994039535522461e-01 0.000000000000000000e+00 1.114393002353608608e-03
-1.083627808839082718e-03 0.000000000000000000e+00 -9.999994039535522461e-01 -9.999994039535522461e-01 0.000000000000000000e+00 1.083627808839082718e-03
-1.084049115888774395e-03 0.000000000000000000e+00 -9.999994039535522461e-01 -9.999994039535522461e-01 0.000000000000000000e+00 1.084049115888774395e-03
-1.069066114723682404e-03 0.000000000000000000e+00 -9.999994635581970215e-01 -9.999994635581970215e-01 0.000000000000000000e+00 1.069066114723682404e-03
-1.082082977518439293e-03 0.000000000000000000e+00 -9.999994039535522461e-01 -9.999994039535522461e-01 0.000000000000000000e+00 1.082082977518439293e-03
-1.072773127816617489e-03 0.000000000000000000e+00 -9.999994635581970215e-01 -9.999994635581970215e-01 0.000000000000000000e+00 1.072773127816617489e-03
-1.073589432053267956e-03 0.000000000000000000e+00 -9.999994635581970215e-01 -9.999994635581970215e-01 0.000000000000000000e+00 1.073589432053267956e-03
-1.122664427384734154e-03 0.000000000000000000e+00 -9.999994039535522461e-01 -9.999994039535522461e-01 0.000000000000000000e+00 1.122664427384734154e-03
-1.111961668357253075e-03 0.000000000000000000e+00 -9.999994039535522461e-01 -9.999994039535522461e-01 0.000000000000000000e+00 1.111961668357253075e-03
-1.138259074650704861e-03 0.000000000000000000e+00 -9.999993443489074707e-01 -9.999993443489074707e-01 0.000000000000000000e+00 1.138259074650704861e-03
-1.167707610875368118e-03 0.000000000000000000e+00 -9.999993443489074707e-01 -9.999993443489074707e-01 0.000000000000000000e+00 1.167707610875368118e-03
-1.178246573545038700e-03 -0.000000000000000000e+00 -9.999993443489074707e-01 -9.999993443489074707e-01 0.000000000000000000e+00 1.178246573545038700e-03
-1.182562205940485001e-03 0.000000000000000000e+00 -9.999993443489074707e-01 -9.999993443489074707e-01 0.000000000000000000e+00 1.182562205940485001e-03
-1.187269692309200764e-03 -0.000000000000000000e+00 -9.999992847442626953e-01 -9.999992847442626953e-01 0.000000000000000000e+00 1.187269692309200764e-03
-1.178691280074417591e-03 0.000000000000000000e+00 -9.999993443489074707e-01 -9.999993443489074707e-01 0.000000000000000000e+00 1.178691280074417591e-03
-1.193955307826399803e-03 -0.000000000000000000e+00 -9.999992847442626953e-01 -9.999992847442626953e-01 0.000000000000000000e+00 1.193955307826399803e-03
-1.203938270919024944e-03 0.000000000000000000e+00 -9.999992847442626953e-01 -9.999992847442626953e-01 0.000000000000000000e+00 1.203938270919024944e-03
-1.207797322422266006e-03 -0.000000000000000000e+00 -9.999992847442626953e-01 -9.999992847442626953e-01 0.000000000000000000e+00 1.207797322422266006e-03
-1.248083077371120453e-03 0.000000000000000000e+00 -9.999992251396179199e-01 -9.999992251396179199e-01 0.000000000000000000e+00 1.248083077371120453e-03
-1.261878409422934055e-03 0.000000000000000000e+00 -9.999992251396179199e-01 -9.999992251396179199e-01 0.000000000000000000e+00 1.261878409422934055e-03
-1.231935573741793633e-03 -0.000000000000000000e+00 -9.999992847442626953e-01 -9.999992847442626953e-01 0.000000000000000000e+00 1.231935573741793633e-03
-1.256869407370686531e-03 0.000000000000000000e+00 -9.999992251396179199e-01 -9.999992251396179199e-01 0.000000000000000000e+00 1.256869407370686531e-03
-1.230844180099666119e-03 -0.000000000000000000e+00 -9.999992847442626953e-01 -9.999992847442626953e-01 0.000000000000000000e+00 1.230844180099666119e-03
-1.260488643310964108e-03 0.000000000000000000e+00 -9.999992251396179199e-01 -9.999992251396179199e-01 0.000000000000000000e+00 1.260488643310964108e-03
-1.384786912240087986e-03 0.000000000000000000e+00 -9.999990463256835938e-01 -9.999990463256835938e-01 0.000000000000000000e+00 1.384786912240087986e-03
-1.383224502205848694e-03 0.000000000000000000e+00 -9.999990463256835938e-01 -9.999990463256835938e-01 0.000000000000000000e+00 1.383224502205848694e-03
-1.365593518130481243e-03 0.000000000000000000e+00 -9.999991059303283691e-01 -9.999991059303283691e-01 0.000000000000000000e+00 1.365593518130481243e-03
-1.367451390251517296e-03 0.000000000000000000e+00 -9.999991059303283691e-01 -9.999991059303283691e-01 0.000000000000000000e+00 1.367451390251517296e-03
-1.382238464429974556e-03 0.000000000000000000e+00 -9.999990463256835938e-01 -9.999990463256835938e-01 0.000000000000000000e+00 1.382238464429974556e-03
-1.368861645460128784e-03 0.000000000000000000e+00 -9.999991059303283691e-01 -9.999991059303283691e-01 0.000000000000000000e+00 1.368861645460128784e-03
-1.378083718009293079e-03 0.000000000000000000e+00 -9.999990463256835938e-01 -9.999990463256835938e-01 0.000000000000000000e+00 1.378083718009293079e-03
-1.385459792800247669e-03 0.000000000000000000e+00 -9.999990463256835938e-01 -9.999990463256835938e-01 0.000000000000000000e+00 1.385459792800247669e-03
-1.378505141474306583e-03 0.000000000000000000e+00 -9.999990463256835938e-01 -9.999990463256835938e-01 0.000000000000000000e+00 1.378505141474306583e-03
-1.377946231514215469e-03 0.000000000000000000e+00 -9.999990463256835938e-01 -9.999990463256835938e-01 0.000000000000000000e+00 1.377946231514215469e-03
-1.403796137310564518e-03 0.000000000000000000e+00 -9.999990463256835938e-01 -9.999990463256835938e-01 0.000000000000000000e+00 1.403796137310564518e-03
-1.402154564857482910e-03 0.000000000000000000e+00 -9.999990463256835938e-01 -9.999990463256835938e-01 0.000000000000000000e+00 1.402154564857482910e-03
-1.417187508195638657e-03 0.000000000000000000e+00 -9.999989867210388184e-01 -9.999989867210388184e-01 0.000000000000000000e+00 1.417187508195638657e-03
-1.424531452357769012e-03 0.000000000000000000e+00 -9.999989867210388184e-01 -9.999989867210388184e-01 0.000000000000000000e+00 1.424531452357769012e-03
-1.427588867954909801e-03 0.000000000000000000e+00 -9.999989867210388184e-01 -9.999989867210388184e-01 0.000000000000000000e+00 1.427588867954909801e-03
-1.431424636393785477e-03 0.000000000000000000e+00 -9.999989867210388184e-01 -9.999989867210388184e-01 0.000000000000000000e+00 1.431424636393785477e-03
-1.212013419717550278e-03 0.000000000000000000e+00 -9.999992847442626953e-01 -9.999992847442626953e-01 0.000000000000000000e+00 1.212013419717550278e-03
-1.193923060782253742e-03 0.000000000000000000e+00 -9.999992847442626953e-01 -9.999992847442626953e-01 0.000000000000000000e+00 1.193923060782253742e-03
-1.209696172736585140e-03 -0.000000000000000000e+00 -9.999992847442626953e-01 -9.999992847442626953e-01 0.000000000000000000e+00 1.209696172736585140e-03
-1.195552758872509003e-03 0.000000000000000000e+00 -9.999992847442626953e-01 -9.999992847442626953e-01 0.000000000000000000e+00 1.195552758872509003e-03
-1.195508870296180248e-03 0.000000000000000000e+00 -9.999992847442626953e-01 -9.999992847442626953e-01 0.000000000000000000e+00 1.195508870296180248e-03
-1.215123571455478668e-03 0.000000000000000000e+00 -9.999992847442626953e-01 -9.999992847442626953e-01 0.000000000000000000e+00 1.215123571455478668e-03
-1.218008459545671940e-03 0.000000000000000000e+00 -9.999992847442626953e-01 -9.999992847442626953e-01 0.000000000000000000e+00 1.218008459545671940e-03
-1.266632927581667900e-03 0.000000000000000000e+00 -9.999992251396179199e-01 -9.999992251396179199e-01 0.000000000000000000e+00 1.266632927581667900e-03
-1.252243644557893276e-03 0.000000000000000000e+00 -9.999992251396179199e-01 -9.999992251396179199e-01 0.000000000000000000e+00 1.252243644557893276e-03
-1.230405294336378574e-03 0.000000000000000000e+00 -9.999992847442626953e-01 -9.999992847442626953e-01 0.000000000000000000e+00 1.230405294336378574e-03
-1.219126163050532341e-03 0.000000000000000000e+00 -9.999992847442626953e-01 -9.999992847442626953e-01 0.000000000000000000e+00 1.219126163050532341e-03
-1.221917453221976757e-03 0.000000000000000000e+00 -9.999992847442626953e-01 -9.999992847442626953e-01 0.000000000000000000e+00 1.221917453221976757e-03
-1.216384582221508026e-03 0.000000000000000000e+00 -9.999992847442626953e-01 -9.999992847442626953e-01 0.000000000000000000e+00 1.216384582221508026e-03
-1.207317458465695381e-03 0.000000000000000000e+00 -9.999992847442626953e-01 -9.999992847442626953e-01 0.000000000000000000e+00 1.207317458465695381e-03
-1.208920846693217754e-03 0.000000000000000000e+00 -9.999992847442626953e-01 -9.999992847442626953e-01 0.000000000000000000e+00 1.208920846693217754e-03
-1.154965604655444622e-03 0.000000000000000000e+00 -9.999993443489074707e-01 -9.999993443489074707e-01 0.000000000000000000e+00 1.154965604655444622e-03
-1.145787187851965427e-03 -0.000000000000000000e+00 -9.999993443489074707e-01 -9.999993443489074707e-01 0.000000000000000000e+00 1.145787187851965427e-03
-1.142615568824112415e-03 -0.000000000000000000e+00 -9.999993443489074707e-01 -9.999993443489074707e-01 0.000000000000000000e+00 1.142615568824112415e-03
-1.137305283918976784e-03 0.000000000000000000e+00 -9.999993443489074707e-01 -9.999993443489074707e-01 0.000000000000000000e+00 1.137305283918976784e-03
-1.111230230890214443e-03 0.000000000000000000e+00 -9.999994039535522461e-01 -9.999994039535522461e-01 0.000000000000000000e+00 1.111230230890214443e-03
-1.110914163291454315e-03 0.000000000000000000e+00 -9.999994039535522461e-01 -9.999994039535522461e-01 0.000000000000000000e+00 1.110914163291454315e-03
-1.123629976063966751e-03 0.000000000000000000e+00 -9.999994039535522461e-01 -9.999994039535522461e-01 0.000000000000000000e+00 1.123629976063966751e-03
-1.105077099055051804e-03 0.000000000000000000e+00 -9.999994039535522461e-01 -9.999994039535522461e-01 0.000000000000000000e+00 1.105077099055051804e-03
-1.103406539186835289e-03 0.000000000000000000e+00 -9.999994039535522461e-01 -9.999994039535522461e-01 0.000000000000000000e+00 1.103406539186835289e-03
-1.137065351940691471e-03 0.000000000000000000e+00 -9.999993443489074707e-01 -9.999993443489074707e-01 0.000000000000000000e+00 1.137065351940691471e-03
-1.121959299780428410e-03 0.000000000000000000e+00 -9.999994039535522461e-01 -9.999994039535522461e-01 0.000000000000000000e+00 1.121959299780428410e-03
-1.112533616833388805e-03 0.000000000000000000e+00 -9.999994039535522461e-01 -9.999994039535522461e-01 0.000000000000000000e+00 1.112533616833388805e-03
-1.177320489659905434e-03 0.000000000000000000e+00 -9.999993443489074707e-01 -9.999993443489074707e-01 0.000000000000000000e+00 1.177320489659905434e-03
-1.135791069827973843e-03 0.000000000000000000e+00 -9.999993443489074707e-01 -9.999993443489074707e-01 0.000000000000000000e+00 1.135791069827973843e-03
-1.134145306423306465e-03 0.000000000000000000e+00 -9.999993443489074707e-01 -9.999993443489074707e-01 0.000000000000000000e+00 1.134145306423306465e-03
-1.182031119242310524e-03 -0.000000000000000000e+00 -9.999993443489074707e-01 -9.999993443489074707e-01 0.000000000000000000e+00 1.182031119242310524e-03
-1.186201814562082291e-03 0.000000000000000000e+00 -9.999992847442626953e-01 -9.999992847442626953e-01 0.000000000000000000e+00 1.186201814562082291e-03
-1.117778243497014046e-03 0.000000000000000000e+00 -9.999994039535522461e-01 -9.999994039535522461e-01 0.000000000000000000e+00 1.117778243497014046e-03
-1.114902086555957794e-03 0.000000000000000000e+00 -9.999994039535522461e-01 -9.999994039535522461e-01 0.000000000000000000e+00 1.114902086555957794e-03
-1.120396889746189117e-03 0.000000000000000000e+00 -9.999994039535522461e-01 -9.999994039535522461e-01 0.000000000000000000e+00 1.120396889746189117e-03
-1.114044804126024246e-03 0.000000000000000000e+00 -9.999994039535522461e-01 -9.999994039535522461e-01 0.000000000000000000e+00 1.114044804126024246e-03
-1.115004532039165497e-03 0.000000000000000000e+00 -9.999994039535522461e-01 -9.999994039535522461e-01 0.000000000000000000e+00 1.115004532039165497e-03
-1.094792853109538555e-03 0.000000000000000000e+00 -9.999994039535522461e-01 -9.999994039535522461e-01 0.000000000000000000e+00 1.094792853109538555e-03
-1.091085840016603470e-03 0.000000000000000000e+00 -9.999994039535522461e-01 -9.999994039535522461e-01 0.000000000000000000e+00 1.091085840016603470e-03
-1.098874374292790890e-03 0.000000000000000000e+00 -9.999994039535522461e-01 -9.999994039535522461e-01 0.000000000000000000e+00 1.098874374292790890e-03
-1.079558045603334904e-03 0.000000000000000000e+00 -9.999994039535522461e-01 -9.999994039535522461e-01 0.000000000000000000e+00 1.079558045603334904e-03
-1.078007393516600132e-03 0.000000000000000000e+00 -9.999994635581970215e-01 -9.999994635581970215e-01 0.000000000000000000e+00 1.078007393516600132e-03
-1.080271904356777668e-03 0.000000000000000000e+00 -9.999994039535522461e-01 -9.999994039535522461e-01 0.000000000000000000e+00 1.080271904356777668e-03
-1.608629245311021805e-03 9.999987483024597168e-01 0.000000000000000000e+00 -9.999987483024597168e-01 -1.608629245311021805e-03 0.000000000000000000e+00
-1.556610804982483387e-03 9.999988079071044922e-01 -0.000000000000000000e+00 -9.999988079071044922e-01 -1.556610804982483387e-03 0.000000000000000000e+00
9.951838254928588867e-01 1.403750735335052013e-03 -9.801661223173141479e-02 -1.396991312503814697e-03 9.999990463256835938e-01 1.375910214846953750e-04
9.951837658882141113e-01 1.415576902218163013e-03 -9.801660478115081787e-02 -1.408760552294552326e-03 9.999989867210388184e-01 1.387501833960413933e-04
9.569395780563354492e-01 1.326998812146484852e-03 -2.902842462062835693e-01 -1.269858796149492264e-03 9.999991059303283691e-01 3.852072113659232855e-04
9.569396376609802246e-01 1.307588769122958183e-03 -2.902842760086059570e-01 -1.251284498721361160e-03 9.999991655349731445e-01 3.795727679971605539e-04
8.819198012351989746e-01 1.419759355485439301e-03 -4.713973402976989746e-01 -1.252115122042596340e-03 9.999989867210388184e-01 6.692714523524045944e-04
8.819199204444885254e-01 1.364902942441403866e-03 -4.713973999023437500e-01 -1.203736173920333385e-03 9.999991059303283691e-01 6.434122915379703045e-04
7.730103135108947754e-01 1.449364586733281612e-03 -6.343919038772583008e-01 -1.120374887250363827e-03 9.999989867210388184e-01 9.194660233333706856e-04
7.730102539062500000e-01 1.468908973038196564e-03 -6.343918442726135254e-01 -1.135482918471097946e-03 9.999989271163940430e-01 9.318648371845483780e-04
6.343917250633239746e-01 1.546930754557251930e-03 -7.730101943016052246e-01 -9.813612559810280800e-04 9.999988079071044922e-01 1.195794669911265373e-03
6.343917250633239746e-01 1.601872034370899200e-03 -7.730101346969604492e-01 -1.016215654090046883e-03 9.999987483024597168e-01 1.238264841958880424e-03
4.713971912860870361e-01 1.636399771086871624e-03 -8.819195628166198730e-01 -7.713952800258994102e-04 9.999986886978149414e-01 1.443174784071743488e-03
4.713971316814422607e-01 1.704241032712161541e-03 -8.819194436073303223e-01 -8.033755002543330193e-04 9.999985694885253906e-01 1.503005390986800194e-03
2.902841269969940186e-01 1.615529763512313366e-03 -9.569391608238220215e-01 -4.689632623922079802e-04 9.999986886978149414e-01 1.545965671539306641e-03
2.902841269969940186e-01 1.655790721997618675e-03 -9.569391012191772461e-01 -4.806504002772271633e-04 9.999986290931701660e-01 1.584493089467287064e-03
9.801660478115081787e-02 1.420441083610057831e-03 -9.951837658882141113e-01 -1.392269477946683764e-04 9.999989867210388184e-01 1.413601334206759930e-03
9.801660478115081787e-02 1.421532477252185345e-03 -9.951837658882141113e-01 -1.393339189235121012e-04 9.999989867210388184e-01 1.414687489159405231e-03
9.801650792360305786e-02 1.991981873288750648e-03 9.951828122138977051e-01 -1.952474995050579309e-04 9.999980330467224121e-01 -1.982389949262142181e-03
9.801650792360305786e-02 1.995677128434181213e-03 9.951828122138977051e-01 -1.956096966750919819e-04 9.999980330467224121e-01 -1.986067509278655052e-03
2.902841269969940186e-01 1.658758847042918205e-03 9.569391012191772461e-01 -4.815120191778987646e-04 9.999986290931701660e-01 -1.587333390489220619e-03
2.902841567993164062e-01 1.558774500153958797e-03 9.569392800331115723e-01 -4.524881078395992517e-04 9.999988079071044922e-01 -1.491654315032064915e-03
4.713973402976989746e-01 1.420774613507091999e-03 8.819198012351989746e-01 -6.697500357404351234e-04 9.999989867210388184e-01 -1.253010588698089123e-03
4.713973402976989746e-01 1.410346943885087967e-03 8.819198012351989746e-01 -6.648345151916146278e-04 9.999990463256835938e-01 -1.243814243935048580e-03
6.343920230865478516e-01 1.218549790792167187e-03 7.730105519294738770e-01 -7.730388315394520760e-04 9.999992847442626953e-01 -9.419525158591568470e-04
6.343920826911926270e-01 1.228143693879246712e-03 7.730105519294738770e-01 -7.791251409798860550e-04 9.999992847442626953e-01 -9.493686375208199024e-04
7.730106115341186523e-01 1.144075766205787659e-03 6.343921422958374023e-01 -8.843831601552665234e-04 9.999993443489074707e-01 -7.257930119521915913e-04
7.730105519294738770e-01 1.164243440143764019e-03 6.343920826911926270e-01 -8.999730926007032394e-04 9.999993443489074707e-01 -7.385872886516153812e-04
8.819200396537780762e-01 1.232484006322920322e-03 4.713974595069885254e-01 -1.086953212507069111e-03 9.999992847442626953e-01 -5.809903377667069435e-04
8.819199800491333008e-01 1.286557875573635101e-03 4.713974297046661377e-01 -1.134642050601541996e-03 9.999991655349731445e-01 -6.064805784262716770e-04
9.569393396377563477e-01 1.522226375527679920e-03 2.902841866016387939e-01 -1.456679892726242542e-03 9.999988675117492676e-01 -4.418787430040538311e-04
9.569392800331115723e-01 1.530720153823494911e-03 2.902841567993164062e-01 -1.464808126911520958e-03 9.999988675117492676e-01 -4.443443904165178537e-04
9.951830506324768066e-01 1.880662865005433559e-03 9.801653027534484863e-02 -1.871607033535838127e-03 9.999982714653015137e-01 -1.843363716034218669e-04
9.951829910278320312e-01 1.892404165118932724e-03 9.801652282476425171e-02 -1.883291872218251228e-03 9.999982118606567383e-01 -1.854872098192572594e-04
0.000000000000000000e+00 2.144577214494347572e-03 -9.999977350234985352e-01 0.000000000000000000e+00 9.999977350234985352e-01 2.144577214494347572e-03
0.000000000000000000e+00 2.023046836256980896e-03 -9.999979734420776367e-01 0.000000000000000000e+00 9.999979734420776367e-01 2.023046836256980896e-03
0.000000000000000000e+00 3.449946874752640724e-03 9.999940395355224609e-01 0.000000000000000000e+00 9.999940395355224609e-01 -3.449946874752640724e-03
0.000000000000000000e+00 3.477177582681179047e-03 9.999939799308776855e-01 0.000000000000000000e+00 9.999939799308776855e-01 -3.477177582681179047e-03
-1.780731137841939926e-03 0.000000000000000000e+00 9.999984502792358398e-01 -9.999984502792358398e-01 0.000000000000000000e+00 -1.780731137841939926e-03
-1.934877014718949795e-03 0.000000000000000000e+00 9.999981522560119629e-01 -9.999981522560119629e-01 0.000000000000000000e+00 -1.934877014718949795e-03
-1.987648662179708481e-03 -0.000000000000000000e+00 9.999980330467224121e-01 -9.999980330467224121e-01 0.000000000000000000e+00 -1.987648662179708481e-03
-2.008132403716444969e-03 -0.000000000000000000e+00 9.999979734420776367e-01 -9.999979734420776367e-01 0.000000000000000000e+00 -2.008132403716444969e-03
-1.969788223505020142e-03 -0.000000000000000000e+00 9.999980926513671875e-01 -9.999980926513671875e-01 0.000000000000000000e+00 -1.969788223505020142e-03
-1.974722603335976601e-03 -0.000000000000000000e+00 9.999980926513671875e-01 -9.999980926513671875e-01 0.000000000000000000e+00 -1.974722603335976601e-03
-1.955730840563774109e-03 -0.000000000000000000e+00 9.999980926513671875e-01 -9.999980926513671875e-01 0.000000000000000000e+00 -1.955730840563774109e-03
-1.965937670320272446e-03 -0.000000000000000000e+00 9.999980926513671875e-01 -9.999980926513671875e-01 0.000000000000000000e+00 -1.965937670320272446e-03
-1.935231033712625504e-03 -0.000000000000000000e+00 9.999981522560119629e-01 -9.999981522560119629e-01 0.000000000000000000e+00 -1.935231033712625504e-03
-1.960658002644777298e-03 -0.000000000000000000e+00 9.999980926513671875e-01 -9.999980926513671875e-01 0.000000000000000000e+00 -1.960658002644777298e-03
-1.940399641171097755e-03 -0.000000000000000000e+00 9.999981522560119629e-01 -9.999981522560119629e-01 0.000000000000000000e+00 -1.940399641171097755e-03
-1.931403996422886848e-03 -0.000000000000000000e+00 9.999981522560119629e-01 -9.999981522560119629e-01 0.000000000000000000e+00 -1.931403996422886848e-03
-1.947340904735028744e-03 -0.000000000000000000e+00 9.999980926513671875e-01 -9.999980926513671875e-01 0.000000000000000000e+00 -1.947340904735028744e-03
-1.912194536998867989e-03 -0.000000000000000000e+00 9.999982118606567383e-01 -9.999982118606567383e-01 0.000000000000000000e+00 -1.912194536998867989e-03
-1.945981872268021107e-03 -0.000000000000000000e+00 9.999980926513671875e-01 -9.999980926513671875e-01 0.000000000000000000e+00 -1.945981872268021107e-03
-1.902925432659685612e-03 -0.000000000000000000e+00 9.999982118606567383e-01 -9.999982118606567383e-01 0.000000000000000000e+00 -1.902925432659685612e-03
-1.944426912814378738e-03 0.000000000000000000e+00 9.999981522560119629e-01 -9.999981522560119629e-01 0.000000000000000000e+00 -1.944426912814378738e-03
-1.905779587104916573e-03 -0.000000000000000000e+00 9.999982118606567383e-01 -9.999982118606567383e-01 0.000000000000000000e+00 -1.905779587104916573e-03
-1.957442611455917358e-03 0.000000000000000000e+00 9.999980926513671875e-01 -9.999980926513671875e-01 0.000000000000000000e+00 -1.957442611455917358e-03
-1.871186075732111931e-03 -0.000000000000000000e+00 9.999982714653015137e-01 -9.999982714653015137e-01 0.000000000000000000e+00 -1.871186075732111931e-03
-1.793237519450485706e-03 0.000000000000000000e+00 9.999983906745910645e-01 -9.999983906745910645e-01 0.000000000000000000e+00 -1.793237519450485706e-03
-1.756151090376079082e-03 0.000000000000000000e+00 9.999984502792358398e-01 -9.999984502792358398e-01 0.000000000000000000e+00 -1.756151090376079082e-03
-1.769719645380973816e-03 0.000000000000000000e+00 9.999984502792358398e-01 -9.999984502792358398e-01 0.000000000000000000e+00 -1.769719645380973816e-03
-1.748858601786196232e-03 0.000000000000000000e+00 9.999985098838806152e-01 -9.999985098838806152e-01 0.000000000000000000e+00 -1.748858601786196232e-03
-1.764229265972971916e-03 0.000000000000000000e+00 9.999984502792358398e-01 -9.999984502792358398e-01 0.000000000000000000e+00 -1.764229265972971916e-03
-1.741715008392930031e-03 0.000000000000000000e+00 9.999985098838806152e-01 -9.999985098838806152e-01 0.000000000000000000e+00 -1.741715008392930031e-03
-1.745290472172200680e-03 0.000000000000000000e+00 9.999985098838806152e-01 -9.999985098838806152e-01 0.000000000000000000e+00 -1.745290472172200680e-03
-1.718023209832608700e-03 0.000000000000000000e+00 9.999985098838806152e-01 -9.999985098838806152e-01 0.000000000000000000e+00 -1.718023209832608700e-03
-1.703439280390739441e-03 0.000000000000000000e+00 9.999985694885253906e-01 -9.999985694885253906e-01 0.000000000000000000e+00 -1.703439280390739441e-03
-1.719069201499223709e-03 0.000000000000000000e+00 9.999985098838806152e-01 -9.999985098838806152e-01 0.000000000000000000e+00 -1.719069201499223709e-03
-1.686257310211658478e-03 0.000000000000000000e+00 9.999985694885253906e-01 -9.999985694885253906e-01 0.000000000000000000e+00 -1.686257310211658478e-03
-1.726519782096147537e-03 0.000000000000000000e+00 9.999985098838806152e-01 -9.999985098838806152e-01 0.000000000000000000e+00 -1.726519782096147537e-03
-1.677001593634486198e-03 0.000000000000000000e+00 9.999986290931701660e-01 -9.999986290931701660e-01 0.000000000000000000e+00 -1.677001593634486198e-03
-1.712844590656459332e-03 0.000000000000000000e+00 9.999985694885253906e-01 -9.999985694885253906e-01 0.000000000000000000e+00 -1.712844590656459332e-03
-1.647370168939232826e-03 0.000000000000000000e+00 9.999986290931701660e-01 -9.999986290931701660e-01 0.000000000000000000e+00 -1.647370168939232826e-03
-1.687215524725615978e-03 0.000000000000000000e+00 9.999985694885253906e-01 -9.999985694885253906e-01 0.000000000000000000e+00 -1.687215524725615978e-03
-1.612448832020163536e-03 0.000000000000000000e+00 9.999986886978149414e-01 -9.999986886978149414e-01 0.000000000000000000e+00 -1.612448832020163536e-03
-1.558462972752749920e-03 -0.000000000000000000e+00 9.999988079071044922e-01 -9.999988079071044922e-01 0.000000000000000000e+00 -1.558462972752749920e-03
-1.516371848993003368e-03 -0.000000000000000000e+00 9.999988675117492676e-01 -9.999988675117492676e-01 0.000000000000000000e+00 -1.516371848993003368e-03
-1.561789540573954582e-03 -0.000000000000000000e+00 9.999988079071044922e-01 -9.999988079071044922e-01 0.000000000000000000e+00 -1.561789540573954582e-03
-1.502855913713574409e-03 -0.000000000000000000e+00 9.999988675117492676e-01 -9.999988675117492676e-01 0.000000000000000000e+00 -1.502855913713574409e-03
-1.531614107079803944e-03 -0.000000000000000000e+00 9.999988675117492676e-01 -9.999988675117492676e-01 0.000000000000000000e+00 -1.531614107079803944e-03
-1.494489610195159912e-03 -0.000000000000000000e+00 9.999989271163940430e-01 -9.999989271163940430e-01 0.000000000000000000e+00 -1.494489610195159912e-03
-1.520870253443717957e-03 -0.000000000000000000e+00 9.999988675117492676e-01 -9.999988675117492676e-01 0.000000000000000000e+00 -1.520870253443717957e-03
-1.511765061877667904e-03 -0.000000000000000000e+00 9.999988675117492676e-01 -9.999988675117492676e-01 0.000000000000000000e+00 -1.511765061877667904e-03
-1.529766479507088661e-03 -0.000000000000000000e+00 9.999988675117492676e-01 -9.999988675117492676e-01 0.000000000000000000e+00 -1.529766479507088661e-03
-1.523036858998239040e-03 -0.000000000000000000e+00 9.999988675117492676e-01 -9.999988675117492676e-01 0.000000000000000000e+00 -1.523036858998239040e-03
-1.513552735559642315e-03 -0.000000000000000000e+00 9.999988675117492676e-01 -9.999988675117492676e-01 0.000000000000000000e+00 -1.513552735559642315e-03
-1.529602566733956337e-03 -0.000000000000000000e+00 9.999988675117492676e-01 -9.999988675117492676e-01 0.000000000000000000e+00 -1.529602566733956337e-03
-1.520105171948671341e-03 -0.000000000000000000e+00 9.999988675117492676e-01 -9.999988675117492676e-01 0.000000000000000000e+00 -1.520105171948671341e-03
-1.538951997645199299e-03 -0.000000000000000000e+00 9.999988079071044922e-01 -9.999988079071044922e-01 0.000000000000000000e+00 -1.538951997645199299e-03
-1.532333903014659882e-03 -0.000000000000000000e+00 9.999988675117492676e-01 -9.999988675117492676e-01 0.000000000000000000e+00 -1.532333903014659882e-03
-1.561530632898211479e-03 -0.000000000000000000e+00 9.999988079071044922e-01 -9.999988079071044922e-01 0.000000000000000000e+00 -1.561530632898211479e-03
-1.524972496554255486e-03 -0.000000000000000000e+00 9.999988675117492676e-01 -9.999988675117492676e-01 0.000000000000000000e+00 -1.524972496554255486e-03
-1.520933234132826328e-03 -0.000000000000000000e+00 9.999988675117492676e-01 -9.999988675117492676e-01 0.000000000000000000e+00 -1.520933234132826328e-03
-1.513039343990385532e-03 -0.000000000000000000e+00 9.999988675117492676e-01 -9.999988675117492676e-01 0.000000000000000000e+00 -1.513039343990385532e-03
-1.591169275343418121e-03 0.000000000000000000e+00 9.999987483024597168e-01 -9.999987483024597168e-01 0.000000000000000000e+00 -1.591169275343418121e-03
-1.626747427508234978e-03 0.000000000000000000e+00 9.999986886978149414e-01 -9.999986886978149414e-01 0.000000000000000000e+00 -1.626747427508234978e-03
-1.612805761396884918e-03 -0.000000000000000000e+00 9.999986886978149414e-01 -9.999986886978149414e-01 0.000000000000000000e+00 -1.612805761396884918e-03
-1.649400684982538223e-03 0.000000000000000000e+00 9.999986290931701660e-01 -9.999986290931701660e-01 0.000000000000000000e+00 -1.649400684982538223e-03
-1.636758213862776756e-03 0.000000000000000000e+00 9.999986886978149414e-01 -9.999986886978149414e-01 0.000000000000000000e+00 -1.636758213862776756e-03
-1.657503657042980194e-03 0.000000000000000000e+00 9.999986290931701660e-01 -9.999986290931701660e-01 0.000000000000000000e+00 -1.657503657042980194e-03
-1.625721924938261509e-03 0.000000000000000000e+00 9.999986886978149414e-01 -9.999986886978149414e-01 0.000000000000000000e+00 -1.625721924938261509e-03
-1.650451100431382656e-03 0.000000000000000000e+00 9.999986290931701660e-01 -9.999986290931701660e-01 0.000000000000000000e+00 -1.650451100431382656e-03
-1.629112986847758293e-03 0.000000000000000000e+00 9.999986886978149414e-01 -9.999986886978149414e-01 0.000000000000000000e+00 -1.629112986847758293e-03
-1.637634471990168095e-03 0.000000000000000000e+00 9.999986886978149414e-01 -9.999986886978149414e-01 0.000000000000000000e+00 -1.637634471990168095e-03
-1.654310268349945545e-03 0.000000000000000000e+00 9.999986290931701660e-01 -9.999986290931701660e-01 0.000000000000000000e+00 -1.654310268349945545e-03
-1.669411896727979183e-03 0.000000000000000000e+00 9.999986290931701660e-01 -9.999986290931701660e-01 0.000000000000000000e+00 -1.669411896727979183e-03
-1.650187768973410130e-03 0.000000000000000000e+00 9.999986290931701660e-01 -9.999986290931701660e-01 0.000000000000000000e+00 -1.650187768973410130e-03
-1.666819560341536999e-03 0.000000000000000000e+00 9.999986290931701660e-01 -9.999986290931701660e-01 0.000000000000000000e+00 -1.666819560341536999e-03
-1.665014307945966721e-03 0.000000000000000000e+00 9.999986290931701660e-01 -9.999986290931701660e-01 0.000000000000000000e+00 -1.665014307945966721e-03
-1.658536493778228760e-03 0.000000000000000000e+00 9.999986290931701660e-01 -9.999986290931701660e-01 0.000000000000000000e+00 -1.658536493778228760e-03
-1.676755840890109539e-03 0.000000000000000000e+00 9.999986290931701660e-01 -9.999986290931701660e-01 0.000000000000000000e+00 -1.676755840890109539e-03
-1.699670800007879734e-03 0.000000000000000000e+00 9.999985694885253906e-01 -9.999985694885253906e-01 0.000000000000000000e+00 -1.699670800007879734e-03
-1.485201530158519745e-03 0.000000000000000000e+00 9.999989271163940430e-01 -9.999989271163940430e-01 0.000000000000000000e+00 -1.485201530158519745e-03
-1.484797685407102108e-03 -0.000000000000000000e+00 9.999989271163940430e-01 -9.999989271163940430e-01 0.000000000000000000e+00 -1.484797685407102108e-03
-1.488168374635279179e-03 -0.000000000000000000e+00 9.999989271163940430e-01 -9.999989271163940430e-01 0.000000000000000000e+00 -1.488168374635279179e-03
-1.492283539846539497e-03 0.000000000000000000e+00 9.999989271163940430e-01 -9.999989271163940430e-01 0.000000000000000000e+00 -1.492283539846539497e-03
-1.488266396336257458e-03 0.000000000000000000e+00 9.999989271163940430e-01 -9.999989271163940430e-01 0.000000000000000000e+00 -1.488266396336257458e-03
-1.491954433731734753e-03 0.000000000000000000e+00 9.999989271163940430e-01 -9.999989271163940430e-01 0.000000000000000000e+00 -1.491954433731734753e-03
-1.493331044912338257e-03 0.000000000000000000e+00 9.999989271163940430e-01 -9.999989271163940430e-01 0.000000000000000000e+00 -1.493331044912338257e-03
-1.483050989918410778e-03 0.000000000000000000e+00 9.999989271163940430e-01 -9.999989271163940430e-01 0.000000000000000000e+00 -1.483050989918410778e-03
-1.491629634983837605e-03 0.000000000000000000e+00 9.999989271163940430e-01 -9.999989271163940430e-01 0.000000000000000000e+00 -1.491629634983837605e-03
-1.504342304542660713e-03 0.000000000000000000e+00 9.999988675117492676e-01 -9.999988675117492676e-01 0.000000000000000000e+00 -1.504342304542660713e-03
-1.487682689912617207e-03 0.000000000000000000e+00 9.999989271163940430e-01 -9.999989271163940430e-01 0.000000000000000000e+00 -1.487682689912617207e-03
-1.482983701862394810e-03 0.000000000000000000e+00 9.999989271163940430e-01 -9.999989271163940430e-01 0.000000000000000000e+00 -1.482983701862394810e-03
-1.506548374891281128e-03 0.000000000000000000e+00 9.999988675117492676e-01 -9.999988675117492676e-01 0.000000000000000000e+00 -1.506548374891281128e-03
-1.481892308220267296e-03 0.000000000000000000e+00 9.999989271163940430e-01 -9.999989271163940430e-01 0.000000000000000000e+00 -1.481892308220267296e-03
-1.490767928771674633e-03 0.000000000000000000e+00 9.999989271163940430e-01 -9.999989271163940430e-01 0.000000000000000000e+00 -1.490767928771674633e-03
-1.511515001766383648e-03 -0.000000000000000000e+00 9.999988675117492676e-01 -9.999988675117492676e-01 0.000000000000000000e+00 -1.511515001766383648e-03
-1.514995237812399864e-03 0.000000000000000000e+00 9.999988675117492676e-01 -9.999988675117492676e-01 0.000000000000000000e+00 -1.514995237812399864e-03
-1.783184474334120750e-03 0.000000000000000000e+00 9.999984502792358398e-01 -9.999984502792358398e-01 0.000000000000000000e+00 -1.783184474334120750e-03
-1.799667021259665489e-03 0.000000000000000000e+00 9.999983906745910645e-01 -9.999983906745910645e-01 0.000000000000000000e+00 -1.799667021259665489e-03
-1.789349131286144257e-03 0.000000000000000000e+00 9.999983906745910645e-01 -9.999983906745910645e-01 0.000000000000000000e+00 -1.789349131286144257e-03
-1.786143868230283260e-03 0.000000000000000000e+00 9.999983906745910645e-01 -9.999983906745910645e-01 0.000000000000000000e+00 -1.786143868230283260e-03
-1.787268789485096931e-03 0.000000000000000000e+00 9.999983906745910645e-01 -9.999983906745910645e-01 0.000000000000000000e+00 -1.787268789485096931e-03
-1.772308954969048500e-03 0.000000000000000000e+00 9.999984502792358398e-01 -9.999984502792358398e-01 0.000000000000000000e+00 -1.772308954969048500e-03
-1.785431522876024246e-03 0.000000000000000000e+00 9.999984502792358398e-01 -9.999984502792358398e-01 0.000000000000000000e+00 -1.785431522876024246e-03
-1.786983571946620941e-03 0.000000000000000000e+00 9.999983906745910645e-01 -9.999983906745910645e-01 0.000000000000000000e+00 -1.786983571946620941e-03
-1.766653382219374180e-03 0.000000000000000000e+00 9.999984502792358398e-01 -9.999984502792358398e-01 0.000000000000000000e+00 -1.766653382219374180e-03
-1.763828448019921780e-03 0.000000000000000000e+00 9.999984502792358398e-01 -9.999984502792358398e-01 0.000000000000000000e+00 -1.763828448019921780e-03
-1.768796588294208050e-03 0.000000000000000000e+00 9.999984502792358398e-01 -9.999984502792358398e-01 0.000000000000000000e+00 -1.768796588294208050e-03
-1.770177506841719151e-03 0.000000000000000000e+00 9.999984502792358398e-01 -9.999984502792358398e-01 0.000000000000000000e+00 -1.770177506841719151e-03
-1.769460737705230713e-03 0.000000000000000000e+00 9.999984502792358398e-01 -9.999984502792358398e-01 0.000000000000000000e+00 -1.769460737705230713e-03
-1.768078305758535862e-03 0.000000000000000000e+00 9.999984502792358398e-01 -9.999984502792358398e-01 0.000000000000000000e+00 -1.768078305758535862e-03
-1.767610083334147930e-03 0.000000000000000000e+00 9.999984502792358398e-01 -9.999984502792358398e-01 0.000000000000000000e+00 -1.767610083334147930e-03
-1.764318556524813175e-03 0.000000000000000000e+00 9.999984502792358398e-01 -9.999984502792358398e-01 0.000000000000000000e+00 -1.764318556524813175e-03
-1.765031018294394016e-03 0.000000000000000000e+00 9.999984502792358398e-01 -9.999984502792358398e-01 0.000000000000000000e+00 -1.765031018294394016e-03
-1.617918722331523895e-03 0.000000000000000000e+00 9.999986886978149414e-01 -9.999986886978149414e-01 0.000000000000000000e+00 -1.617918722331523895e-03
-1.614719280041754246e-03 0.000000000000000000e+00 9.999986886978149414e-01 -9.999986886978149414e-01 0.000000000000000000e+00 -1.614719280041754246e-03
-1.590301748365163803e-03 -0.000000000000000000e+00 9.999987483024597168e-01 -9.999987483024597168e-01 0.000000000000000000e+00 -1.590301748365163803e-03
-1.588714425452053547e-03 0.000000000000000000e+00 9.999987483024597168e-01 -9.999987483024597168e-01 0.000000000000000000e+00 -1.588714425452053547e-03
-1.613611937500536442e-03 0.000000000000000000e+00 9.999986886978149414e-01 -9.999986886978149414e-01 0.000000000000000000e+00 -1.613611937500536442e-03
-1.605007098987698555e-03 0.000000000000000000e+00 9.999987483024597168e-01 -9.999987483024597168e-01 0.000000000000000000e+00 -1.605007098987698555e-03
-1.616947352886199951e-03 0.000000000000000000e+00 9.999986886978149414e-01 -9.999986886978149414e-01 0.000000000000000000e+00 -1.616947352886199951e-03
-1.630676793865859509e-03 0.000000000000000000e+00 9.999986886978149414e-01 -9.999986886978149414e-01 0.000000000000000000e+00 -1.630676793865859509e-03
-1.624068827368319035e-03 0.000000000000000000e+00 9.999986886978149414e-01 -9.999986886978149414e-01 0.000000000000000000e+00 -1.624068827368319035e-03
-1.628001104108989239e-03 0.000000000000000000e+00 9.999986886978149414e-01 -9.999986886978149414e-01 0.000000000000000000e+00 -1.628001104108989239e-03
-1.629512291401624680e-03 0.000000000000000000e+00 9.999986886978149414e-01 -9.999986886978149414e-01 0.000000000000000000e+00 -1.629512291401624680e-03
-1.623839139938354492e-03 0.000000000000000000e+00 9.999986886978149414e-01 -9.999986886978149414e-01 0.000000000000000000e+00 -1.623839139938354492e-03
-1.630037557333707809e-03 0.000000000000000000e+00 9.999986886978149414e-01 -9.999986886978149414e-01 0.000000000000000000e+00 -1.630037557333707809e-03
-1.625321106985211372e-03 0.000000000000000000e+00 9.999986886978149414e-01 -9.999986886978149414e-01 0.000000000000000000e+00 -1.625321106985211372e-03
-1.624295604415237904e-03 0.000000000000000000e+00 9.999986886978149414e-01 -9.999986886978149414e-01 0.000000000000000000e+00 -1.624295604415237904e-03
-1.623512944206595421e-03 0.000000000000000000e+00 9.999986886978149414e-01 -9.999986886978149414e-01 0.000000000000000000e+00 -1.623512944206595421e-03
-2.007441828027367592e-03 -0.000000000000000000e+00 9.999979734420776367e-01 -9.999979734420776367e-01 0.000000000000000000e+00 -2.007441828027367592e-03
-2.012965967878699303e-03 0.000000000000000000e+00 9.999979734420776367e-01 -9.999979734420776367e-01 0.000000000000000000e+00 -2.012965967878699303e-03
-2.003325382247567177e-03 -0.000000000000000000e+00 9.999980330467224121e-01 -9.999980330467224121e-01 0.000000000000000000e+00 -2.003325382247567177e-03
-2.000108594074845314e-03 -0.000000000000000000e+00 9.999980330467224121e-01 -9.999980330467224121e-01 0.000000000000000000e+00 -2.000108594074845314e-03
-1.993824960663914680e-03 -0.000000000000000000e+00 9.999980330467224121e-01 -9.999980330467224121e-01 0.000000000000000000e+00 -1.993824960663914680e-03
-2.013416495174169540e-03 0.000000000000000000e+00 9.999979734420776367e-01 -9.999979734420776367e-01 0.000000000000000000e+00 -2.013416495174169540e-03
-2.016727114096283913e-03 0.000000000000000000e+00 9.999979734420776367e-01 -9.999979734420776367e-01 0.000000000000000000e+00 -2.016727114096283913e-03
-1.973685342818498611e-03 0.000000000000000000e+00 9.999980926513671875e-01 -9.999980926513671875e-01 0.000000000000000000e+00 -1.973685342818498611e-03
-1.973676495254039764e-03 0.000000000000000000e+00 9.999980926513671875e-01 -9.999980926513671875e-01 0.000000000000000000e+00 -1.973676495254039764e-03
-1.971226418390870094e-03 0.000000000000000000e+00 9.999980926513671875e-01 -9.999980926513671875e-01 0.000000000000000000e+00 -1.971226418390870094e-03
-1.979738706722855568e-03 0.000000000000000000e+00 9.999980330467224121e-01 -9.999980330467224121e-01 0.000000000000000000e+00 -1.979738706722855568e-03
-1.971567282453179359e-03 0.000000000000000000e+00 9.999980926513671875e-01 -9.999980926513671875e-01 0.000000000000000000e+00 -1.971567282453179359e-03
-1.978343119844794273e-03 0.000000000000000000e+00 9.999980330467224121e-01 -9.999980330467224121e-01 0.000000000000000000e+00 -1.978343119844794273e-03
-1.981178065761923790e-03 0.000000000000000000e+00 9.999980330467224121e-01 -9.999980330467224121e-01 0.000000000000000000e+00 -1.981178065761923790e-03
-1.986839575693011284e-03 0.000000000000000000e+00 9.999980330467224121e-01 -9.999980330467224121e-01 0.000000000000000000e+00 -1.986839575693011284e-03
-1.983647467568516731e-03 0.000000000000000000e+00 9.999980330467224121e-01 -9.999980330467224121e-01 0.000000000000000000e+00 -1.983647467568516731e-03
-1.989028183743357658e-03 0.000000000000000000e+00 9.999980330467224121e-01 -9.999980330467224121e-01 0.000000000000000000e+00 -1.989028183743357658e-03
-9.801664948463439941e-02 1.058361725881695747e-03 -9.951842427253723145e-01 1.037371257552877069e-04 9.999994635581970215e-01 1.053265528753399849e-03
-9.801664948463439941e-02 1.069019199348986149e-03 -9.951842427253723145e-01 1.047817349899560213e-04 9.999994635581970215e-01 1.063871663063764572e-03
-2.902844548225402832e-01 6.279305089265108109e-04 -9.569402337074279785e-01 1.822784979594871402e-04 9.999998211860656738e-01 6.008920609019696712e-04
-2.902844548225402832e-01 6.342561100609600544e-04 -9.569402337074279785e-01 1.841147313825786114e-04 9.999998211860656738e-01 6.069453083910048008e-04
-4.713978171348571777e-01 2.759407507255673409e-04 -8.819206953048706055e-01 1.300778676522895694e-04 1.000000000000000000e+00 2.433578483760356903e-04
-4.713978171348571777e-01 2.751083520706743002e-04 -8.819206953048706055e-01 1.296854752581566572e-04 1.000000000000000000e+00 2.426237333565950394e-04
-6.343924999237060547e-01 6.905924237798899412e-05 -7.730110883712768555e-01 4.381066537462174892e-05 1.000000000000000000e+00 5.338355913409031928e-05
-6.343924999237060547e-01 7.170858589233830571e-05 -7.730110883712768555e-01 4.549138975562527776e-05 1.000000000000000000e+00 5.543153383769094944e-05
-7.730110883712768555e-01 -2.210198581451550126e-04 -6.343924999237060547e-01 -1.708508061710745096e-04 1.000000000000000000e+00 -1.402133348165079951e-04
-7.730110883712768555e-01 -2.167042548535391688e-04 -6.343924999237060547e-01 -1.675147941568866372e-04 1.000000000000000000e+00 -1.374755520373582840e-04
-8.819206357002258301e-01 -3.392412036191672087e-04 -4.713977873325347900e-01 -2.991838264279067516e-04 9.999999403953552246e-01 -1.599175593582913280e-04
-8.819206357002258301e-01 -3.558570169843733311e-04 -4.713977873325347900e-01 -3.138376632705330849e-04 9.999999403953552246e-01 -1.677502150414511561e-04
-9.569403529167175293e-01 -4.396149597596377134e-04 -2.902845144271850586e-01 -4.206853336654603481e-04 9.999999403953552246e-01 -1.276134280487895012e-04
-9.569403529167175293e-01 -4.252900835126638412e-04 -2.902845144271850586e-01 -4.069772548973560333e-04 9.999999403953552246e-01 -1.234551309607923031e-04
-9.951846599578857422e-01 -5.607767379842698574e-04 -9.801669418811798096e-02 -5.580764845944941044e-04 9.999998807907104492e-01 -5.496548328665085137e-05
-9.951846599578857422e-01 -5.588677013292908669e-04 -9.801669418811798096e-02 -5.561766447499394417e-04 9.999998807907104492e-01 -5.477836748468689620e-05
-9.951820373535156250e-01 -2.368517220020294189e-03 9.801643341779708862e-02 -2.357112010940909386e-03 9.999971985816955566e-01 2.321542269783094525e-04
-9.951820373535156250e-01 -2.364773768931627274e-03 9.801643341779708862e-02 -2.353386720642447472e-03 9.999971985816955566e-01 2.317873004358261824e-04
-9.569373130798339844e-01 -2.546065021306276321e-03 2.902835905551910400e-01 -2.436432521790266037e-03 9.999967813491821289e-01 7.390832761302590370e-04
-9.569373726844787598e-01 -2.523465780541300774e-03 2.902835905551910400e-01 -2.414806280285120010e-03 9.999968409538269043e-01 7.325230399146676064e-04
-8.819173574447631836e-01 -2.748921280726790428e-03 4.713960587978363037e-01 -2.424330683425068855e-03 9.999962449073791504e-01 1.295835478231310844e-03
-8.819174170494079590e-01 -2.727533457800745964e-03 4.713960886001586914e-01 -2.405468141660094261e-03 9.999963045120239258e-01 1.285753329284489155e-03
-7.730081081390380859e-01 -2.790046622976660728e-03 6.343900561332702637e-01 -2.156737027689814568e-03 9.999961256980895996e-01 1.769984606653451920e-03
-7.730081677436828613e-01 -2.750492421910166740e-03 6.343901157379150391e-01 -2.126161241903901100e-03 9.999962449073791504e-01 1.744891749694943428e-03
-6.343905329704284668e-01 -2.509504323825240135e-03 7.730087041854858398e-01 -1.592010608874261379e-03 9.999968409538269043e-01 1.939874491654336452e-03
-6.343905329704284668e-01 -2.489927224814891815e-03 7.730087041854858398e-01 -1.579591189511120319e-03 9.999969005584716797e-01 1.924741314724087715e-03
-4.713973701000213623e-01 -1.386570162139832973e-03 8.819198608398437500e-01 -6.536261644214391708e-04 9.999990463256835938e-01 1.222844934090971947e-03
-4.713973999023437500e-01 -1.363186980597674847e-03 8.819199204444885254e-01 -6.426033796742558479e-04 9.999991059303283691e-01 1.202222774736583233e-03
-2.902844846248626709e-01 -3.788307076320052147e-04 9.569403529167175293e-01 -1.099686851375736296e-04 9.999999403953552246e-01 3.625184181146323681e-04
-2.902844846248626709e-01 -3.525654610712081194e-04 9.569403529167175293e-01 -1.023442964651621878e-04 9.999999403953552246e-01 3.373841464053839445e-04
-9.801670163869857788e-02 1.524397230241447687e-04 9.951847791671752930e-01 1.494163916504476219e-05 1.000000000000000000e+00 -1.517056953161954880e-04
-9.801670163869857788e-02 1.596080255694687366e-04 9.951847791671752930e-01 1.564425292599480599e-05 1.000000000000000000e+00 -1.588394807185977697e-04
-1.387048512697219849e-03 -9.999990463256835938e-01 -0.000000000000000000e+00 -9.999990463256835938e-01 1.387048512697219849e-03 0.000000000000000000e+00
-1.439709216356277466e-03 -9.999989867210388184e-01 0.000000000000000000e+00 -9.999989867210388184e-01 1.439709216356277466e-03 0.000000000000000000e+00
8.479647338390350342e-02 7.567236665636301041e-03 9.963696002960205078e-01 -1.586338970810174942e-03 9.999709725379943848e-01 -7.459581829607486725e-03
9.479986038058996201e-04 9.999693632125854492e-01 -7.770431693643331528e-03 -7.366581485257484019e-06 -7.770428899675607681e-03 -9.999698400497436523e-01
-8.481068909168243408e-02 7.329508662223815918e-03 9.963701367378234863e-01 -3.230058937333524227e-04 9.999727010726928711e-01 -7.383504416793584824e-03
-1.689895838499069214e-01 7.180513348430395126e-03 9.855917096138000488e-01 2.147869206964969635e-03 9.999737739562988281e-01 -6.917019374668598175e-03
-2.519780695438385010e-01 7.130393292754888535e-03 9.677066802978515625e-01 8.792757289484143257e-04 9.999741315841674805e-01 -7.139198947697877884e-03
-3.331258893013000488e-01 6.895106751471757889e-03 9.428572058677673340e-01 3.190887160599231720e-03 9.999758005142211914e-01 -6.185425445437431335e-03
-4.118974804878234863e-01 6.863470189273357391e-03 9.112043976783752441e-01 1.963224494829773903e-03 9.999760389328002930e-01 -6.644676439464092255e-03
-4.876786470413208008e-01 6.653255317360162735e-03 8.729979395866394043e-01 4.072387702763080597e-03 9.999774694442749023e-01 -5.346047692000865936e-03
-5.599678158760070801e-01 6.653770338743925095e-03 8.284877538681030273e-01 2.940511098131537437e-03 9.999774694442749023e-01 -6.043576635420322418e-03
-6.282020807266235352e-01 6.464817095547914505e-03 7.780234217643737793e-01 4.798907786607742310e-03 9.999786615371704102e-01 -4.434306174516677856e-03
-6.919293999671936035e-01 6.274607498198747635e-03 7.219380140304565430e-01 3.657223191112279892e-03 9.999799132347106934e-01 -5.185959860682487488e-03
-7.506543993949890137e-01 6.132764276117086411e-03 6.606665849685668945e-01 5.230030510574579239e-03 9.999807476997375488e-01 -3.340111812576651573e-03
-8.039861321449279785e-01 6.024357862770557404e-03 5.946176052093505859e-01 4.279852844774723053e-03 9.999814629554748535e-01 -4.344478249549865723e-03
-8.515117764472961426e-01 5.852433387190103531e-03 5.243028998374938965e-01 5.480571649968624115e-03 9.999824762344360352e-01 -2.261210698634386063e-03
-8.929135203361511230e-01 5.759156309068202972e-03 4.501914381980895996e-01 4.715705756098031998e-03 9.999830126762390137e-01 -3.439293708652257919e-03
-9.278726577758789062e-01 5.553661379963159561e-03 3.728559017181396484e-01 5.506656598299741745e-03 9.999841451644897461e-01 -1.191066810861229897e-03
-9.561550021171569824e-01 5.246785469353199005e-03 2.928142547607421875e-01 4.739202558994293213e-03 9.999858140945434570e-01 -2.442840253934264183e-03
-9.775412082672119141e-01 5.172514356672763824e-03 2.106812447309494019e-01 5.256149452179670334e-03 9.999862313270568848e-01 -1.629969337955117226e-04
-9.918890595436096191e-01 4.933848045766353607e-03 1.270112544298171997e-01 4.773473367094993591e-03 9.999874234199523926e-01 -1.567025203257799149e-03
-9.990859627723693848e-01 5.066982004791498184e-03 4.244523122906684875e-02 5.102653522044420242e-03 9.999867677688598633e-01 7.321097655221819878e-04
-9.990870952606201172e-01 4.835242871195077896e-03 -4.244505986571311951e-02 4.871122539043426514e-03 9.999879002571105957e-01 -7.419461617246270180e-04
-9.918891191482543945e-01 4.915954079478979111e-03 -1.270112842321395874e-01 4.755724221467971802e-03 9.999874830245971680e-01 1.564752426929771900e-03
-9.775434136390686035e-01 4.720514174550771713e-03 -2.106812894344329834e-01 4.814294632524251938e-03 9.999884366989135742e-01 6.776757072657346725e-05
-9.561573266983032227e-01 4.722196143120527267e-03 -2.928154468536376953e-01 4.237607121467590332e-03 9.999884366989135742e-01 2.289230702444911003e-03
-9.278779625892639160e-01 4.501739982515573502e-03 -3.728569447994232178e-01 4.530591890215873718e-03 9.999894499778747559e-01 7.988459547050297260e-04
-8.929182291030883789e-01 4.653444513678550720e-03 -4.501950144767761230e-01 3.728384152054786682e-03 9.999887347221374512e-01 2.941502258181571960e-03
-8.515183925628662109e-01 4.509864840656518936e-03 -5.243054628372192383e-01 4.337337799370288849e-03 9.999893903732299805e-01 1.557286363095045090e-03
-8.039910197257995605e-01 4.727044142782688141e-03 -5.946227908134460449e-01 3.236811840906739235e-03 9.999884366989135742e-01 3.573057940229773521e-03
-7.506617903709411621e-01 4.531766753643751144e-03 -6.606711149215698242e-01 4.028210882097482681e-03 9.999893307685852051e-01 2.282367087900638580e-03
-6.919339895248413086e-01 4.808991681784391403e-03 -7.219448089599609375e-01 2.643100917339324951e-03 9.999880194664001465e-01 4.127854015678167343e-03
-6.282099485397338867e-01 4.616776946932077408e-03 -7.780302166938781738e-01 3.637939225882291794e-03 9.999889135360717773e-01 2.996458439156413078e-03
-5.599721670150756836e-01 4.875421989709138870e-03 -8.284971714019775391e-01 1.944671967066824436e-03 9.999877214431762695e-01 4.570202901959419250e-03
-4.876854419708251953e-01 4.773590713739395142e-03 -8.730064034461975098e-01 3.155693411827087402e-03 9.999881982803344727e-01 3.705068491399288177e-03
-4.119004309177398682e-01 4.988207481801509857e-03 -9.112152457237243652e-01 1.190791605040431023e-03 9.999871253967285156e-01 4.935887176543474197e-03
-3.331315517425537109e-01 4.918225575238466263e-03 -9.428675770759582520e-01 2.532319165766239166e-03 9.999874830245971680e-01 4.321464337408542633e-03
-2.519792616367340088e-01 5.242010578513145447e-03 -9.677184224128723145e-01 4.034341545775532722e-04 9.999858140945434570e-01 5.311750806868076324e-03
-1.689933836460113525e-01 5.264616105705499649e-03 -9.856031537055969238e-01 1.824092352762818336e-03 9.999856948852539062e-01 5.028678104281425476e-03
-8.480995148420333862e-02 5.493148230016231537e-03 -9.963820576667785645e-01 -4.787515499629080296e-04 9.999845027923583984e-01 5.553759168833494186e-03
-9.480105363763868809e-04 -9.999819397926330566e-01 -5.937707610428333282e-03 5.629108727589482442e-06 5.937705282121896744e-03 -9.999823570251464844e-01
8.479910343885421753e-02 5.831481888890266418e-03 -9.963810443878173828e-01 -1.439147279597818851e-03 9.999825954437255859e-01 5.730078555643558502e-03
1.690032184123992920e-01 5.832589231431484222e-03 -9.855982661247253418e-01 -5.134608363732695580e-05 9.999825954437255859e-01 5.908908322453498840e-03
2.519677877426147461e-01 6.032757926732301712e-03 -9.677168726921081543e-01 -2.437555696815252304e-03 9.999814033508300781e-01 5.599220283329486847e-03
3.331392407417297363e-01 6.098471116274595261e-03 -9.428579807281494141e-01 -1.137790037319064140e-03 9.999809861183166504e-01 6.065932102501392365e-03
4.118873476982116699e-01 6.376984529197216034e-03 -9.112125039100646973e-01 -3.490539966151118279e-03 9.999792575836181641e-01 5.420407745987176895e-03
4.876892864704132080e-01 6.808495149016380310e-03 -8.729907274246215820e-01 -2.492843428626656532e-03 9.999763965606689453e-01 6.406255066394805908e-03
5.599553585052490234e-01 7.080337963998317719e-03 -8.284925222396850586e-01 -4.750246182084083557e-03 9.999744892120361328e-01 5.335269495844841003e-03
6.282087564468383789e-01 7.278185337781906128e-03 -7.780108451843261719e-01 -3.834727685898542404e-03 9.999731183052062988e-01 6.258240900933742523e-03
6.919147968292236328e-01 7.375928573310375214e-03 -7.219415307044982910e-01 -5.788110196590423584e-03 9.999724030494689941e-01 4.669140093028545380e-03
7.506566047668457031e-01 7.364314049482345581e-03 -6.606515645980834961e-01 -4.901861771941184998e-03 9.999724626541137695e-01 5.577063653618097305e-03
8.039706349372863770e-01 7.470092736184597015e-03 -5.946221351623535156e-01 -6.569647695869207382e-03 9.999716877937316895e-01 3.679777495563030243e-03
8.515082597732543945e-01 7.632077205926179886e-03 -5.242857336997985840e-01 -6.001894362270832062e-03 9.999704360961914062e-01 4.808807745575904846e-03
8.928959965705871582e-01 7.711713202297687531e-03 -4.501969218254089355e-01 -7.312781177461147308e-03 9.999698400497436523e-01 2.625356428325176239e-03
9.278637766838073730e-01 7.752695586532354355e-03 -3.728387355804443359e-01 -6.840173620730638504e-03 9.999695420265197754e-01 3.770286915823817253e-03
9.561366438865661621e-01 7.641239091753959656e-03 -2.928214073181152344e-01 -7.583897095173597336e-03 9.999703764915466309e-01 1.331085572019219398e-03
9.775276780128479004e-01 7.723345421254634857e-03 -2.106658369302749634e-01 -7.350274827331304550e-03 9.999697804450988770e-01 2.553879283368587494e-03
9.918711185455322266e-01 7.577587384730577469e-03 -1.270209103822708130e-01 -7.636629045009613037e-03 9.999708533287048340e-01 2.216151915490627289e-05
9.990701675415039062e-01 7.635610178112983704e-03 -4.243251308798789978e-02 -7.588498760014772415e-03 9.999704360961914062e-01 1.271205022931098938e-03
9.990708231925964355e-01 7.552429568022489548e-03 4.243261739611625671e-02 -7.505393121391534805e-03 9.999710917472839355e-01 -1.267675310373306274e-03
9.918709397315979004e-01 7.604239974170923233e-03 1.270209252834320068e-01 -7.663065567612648010e-03 9.999706745147705078e-01 -2.554705133661627769e-05
9.775292277336120605e-01 7.510366849601268768e-03 2.106663584709167480e-01 -7.142076268792152405e-03 9.999713897705078125e-01 -2.509010490030050278e-03
9.561385512351989746e-01 7.392463274300098419e-03 2.928217351436614990e-01 -7.346027065068483353e-03 9.999722838401794434e-01 -1.258236356079578400e-03
9.278674721717834473e-01 7.192569319158792496e-03 3.728407919406890869e-01 -6.320436485111713409e-03 9.999737143516540527e-01 -3.561443649232387543e-03
8.929002285003662109e-01 7.119477726519107819e-03 4.501983821392059326e-01 -6.783960387110710144e-03 9.999742507934570312e-01 -2.358725760132074356e-03
8.515101075172424316e-01 7.313767913728952408e-03 5.242872238159179688e-01 -5.730843171477317810e-03 9.999728202819824219e-01 -4.641917999833822250e-03
8.039719462394714355e-01 7.268009241670370102e-03 5.946228504180908203e-01 -6.407174281775951385e-03 9.999731779098510742e-01 -3.559611272066831589e-03
7.506551742553710938e-01 7.646195124834775925e-03 6.606499552726745605e-01 -5.113463848829269409e-03 9.999703764915466309e-01 -5.763294175267219543e-03
6.919142007827758789e-01 7.477120030671358109e-03 7.219409942626953125e-01 -5.858127959072589874e-03 9.999716281890869141e-01 -4.742196761071681976e-03
6.282070279121398926e-01 7.704097311943769455e-03 7.780081033706665039e-01 -4.102296661585569382e-03 9.999698996543884277e-01 -6.589613389223814011e-03
5.599532723426818848e-01 7.515997625887393951e-03 8.284901380538940430e-01 -4.994202870875597000e-03 9.999713301658630371e-01 -5.696220323443412781e-03
4.876864254474639893e-01 7.847533561289310455e-03 8.729836344718933105e-01 -2.999583957716822624e-03 9.999687671661376953e-01 -7.313347421586513519e-03
4.118827283382415771e-01 7.609245833009481430e-03 9.112051129341125488e-01 -3.998103085905313492e-03 9.999706149101257324e-01 -6.543282885104417801e-03
3.331368267536163330e-01 7.806084584444761276e-03 9.428462386131286621e-01 -1.706675277091562748e-03 9.999691247940063477e-01 -7.675999775528907776e-03
2.519635856151580811e-01 7.621117867529392242e-03 9.677066802978515625e-01 -2.837777836248278618e-03 9.999705553054809570e-01 -7.136333268135786057e-03
1.690028309822082520e-01 7.681535556912422180e-03 9.855856299400329590e-01 -3.638310590758919716e-04 9.999700784683227539e-01 -7.731257937848567963e-03
-2.079113572835922241e-01 1.132272882387042046e-03 -9.781470298767089844e-01 2.354125026613473892e-04 9.999993443489074707e-01 1.107529969885945320e-03
-2.079113572835922241e-01 1.147599890828132629e-03 -9.781470298767089844e-01 2.385991683695465326e-04 9.999993443489074707e-01 1.122522051446139812e-03
2.079091519117355347e-01 4.732645116746425629e-03 -9.781366586685180664e-01 -9.839712874963879585e-04 9.999887943267822266e-01 4.629225470125675201e-03
2.079091519117355347e-01 4.735506605356931686e-03 -9.781366586685180664e-01 -9.845661697909235954e-04 9.999887943267822266e-01 4.632024560123682022e-03
5.877764225006103516e-01 5.535107571631669998e-03 -8.090044856071472168e-01 -3.253455506637692451e-03 9.999846816062927246e-01 4.477995447814464569e-03
5.877764821052551270e-01 5.532245617359876633e-03 -8.090045452117919922e-01 -3.251773305237293243e-03 9.999847412109375000e-01 4.475680179893970490e-03
8.660085201263427734e-01 6.235190667212009430e-03 -4.999904036521911621e-01 -5.399832967668771744e-03 9.999805688858032227e-01 3.117596032097935677e-03
8.660092353820800781e-01 6.099944002926349640e-03 -4.999908208847045898e-01 -5.282706115394830704e-03 9.999814033508300781e-01 3.049972699955105782e-03
9.945013523101806641e-01 6.427337415516376495e-03 -1.045268326997756958e-01 -6.392127368599176407e-03 9.999793767929077148e-01 6.718430668115615845e-04
9.945014715194702148e-01 6.407789885997772217e-03 -1.045268401503562927e-01 -6.372686941176652908e-03 9.999794960021972656e-01 6.697998032905161381e-04
9.510378837585449219e-01 6.186658050864934921e-03 3.090124428272247314e-01 -5.883858539164066315e-03 9.999808669090270996e-01 -1.911790808662772179e-03
9.510391950607299805e-01 5.959921516478061676e-03 3.090128600597381592e-01 -5.668219644576311111e-03 9.999822378158569336e-01 -1.841725083068013191e-03
7.431368231773376465e-01 5.001211073249578476e-03 6.691207885742187500e-01 -3.716630628332495689e-03 9.999874830245971680e-01 -3.346456214785575867e-03
7.431374192237854004e-01 4.851138219237327576e-03 6.691213250160217285e-01 -3.605104517191648483e-03 9.999882578849792480e-01 -3.246038220822811127e-03
4.067332446575164795e-01 3.320046467706561089e-03 9.135409593582153320e-01 -1.350380713120102882e-03 9.999945163726806641e-01 -3.033014945685863495e-03
4.067334830760955811e-01 3.139536594972014427e-03 9.135414958000183105e-01 -1.276960945688188076e-03 9.999951124191284180e-01 -2.868111012503504753e-03
0.000000000000000000e+00 8.319914340972900391e-04 9.999996423721313477e-01 0.000000000000000000e+00 9.999996423721313477e-01 -8.319914340972900391e-04
0.000000000000000000e+00 6.961873150430619717e-04 9.999997615814208984e-01 -0.000000000000000000e+00 9.999997615814208984e-01 -6.961873150430619717e-04
-4.067354798316955566e-01 -2.265394577989354730e-04 9.135459661483764648e-01 -9.214163583237677813e-05 1.000000000000000000e+00 2.069542097160592675e-04
-4.067354798316955566e-01 -2.865381538867950439e-04 9.135459661483764648e-01 -1.165452267741784453e-04 1.000000000000000000e+00 2.617657883092761040e-04
-7.431437969207763672e-01 -2.515342552214860916e-03 6.691271066665649414e-01 -1.869267085567116737e-03 9.999968409538269043e-01 1.683089183643460274e-03
-7.431437969207763672e-01 -2.500798087567090988e-03 6.691271066665649414e-01 -1.858458388596773148e-03 9.999969005584716797e-01 1.673356979154050350e-03
-9.510524868965148926e-01 -2.747389720752835274e-03 3.090171813964843750e-01 -2.612921642139554024e-03 9.999962449073791504e-01 8.489938336424529552e-04
-9.510524868965148926e-01 -2.750204410403966904e-03 3.090171813964843750e-01 -2.615598496049642563e-03 9.999962449073791504e-01 8.498636307194828987e-04
-9.945181012153625488e-01 -2.750278916209936142e-03 -1.045285910367965698e-01 -2.735212445259094238e-03 9.999962449073791504e-01 -2.874838537536561489e-04
-9.945184588432312012e-01 -2.615923527628183365e-03 -1.045286282896995544e-01 -2.601593034341931343e-03 9.999966025352478027e-01 -2.734398294705897570e-04
-8.660233020782470703e-01 -2.159718191251158714e-03 -4.999989569187164307e-01 -1.870370702818036079e-03 9.999976754188537598e-01 -1.079859328456223011e-03
-8.660235404968261719e-01 -2.060493454337120056e-03 -4.999990761280059814e-01 -1.784439431503415108e-03 9.999979138374328613e-01 -1.030246959999203682e-03
-5.877853631973266602e-01 5.355809116736054420e-04 -8.090167641639709473e-01 3.148066462017595768e-04 9.999998807907104492e-01 4.332939861342310905e-04
-5.877853035926818848e-01 5.905061261728405952e-04 -8.090167641639709473e-01 3.470908850431442261e-04 9.999998211860656738e-01 4.777294234372675419e-04
-2.079113870859146118e-01 -1.010581618174910545e-03 -9.781471490859985352e-01 -2.101115096593275666e-04 9.999995231628417969e-01 -9.884979808703064919e-04
-2.079113721847534180e-01 -1.003819168545305729e-03 -9.781471490859985352e-01 -2.087055327137932181e-04 9.999995231628417969e-01 -9.818833786994218826e-04
2.079113125801086426e-01 1.288190600462257862e-03 -9.781468510627746582e-01 -2.678295713849365711e-04 9.999991655349731445e-01 1.260040444321930408e-03
2.079113125801086426e-01 1.293223001994192600e-03 -9.781468510627746582e-01 -2.688758831936866045e-04 9.999991655349731445e-01 1.264962949790060520e-03
5.877847075462341309e-01 1.575258560478687286e-03 -8.090158700942993164e-01 -9.259140351787209511e-04 9.999987483024597168e-01 1.274410751648247242e-03
5.877847075462341309e-01 1.575962174683809280e-03 -8.090158700942993164e-01 -9.263276006095111370e-04 9.999987483024597168e-01 1.274980022571980953e-03
8.660237789154052734e-01 1.908521167933940887e-03 -4.999992251396179199e-01 -1.652827719226479530e-03 9.999982118606567383e-01 9.542608167976140976e-04
8.660237193107604980e-01 1.924458076246082783e-03 -4.999991953372955322e-01 -1.666629454120993614e-03 9.999981522560119629e-01 9.622292709536850452e-04
9.945185780525207520e-01 2.556254155933856964e-03 -1.045286431908607483e-01 -2.542250556871294975e-03 9.999967217445373535e-01 2.672026457730680704e-04
9.945184588432312012e-01 2.617244608700275421e-03 -1.045286282896995544e-01 -2.602906897664070129e-03 9.999966025352478027e-01 2.735779271461069584e-04
9.510540962219238281e-01 2.048936206847429276e-03 3.090176880359649658e-01 -1.948653254657983780e-03 9.999979138374328613e-01 -6.331588956527411938e-04
9.510540962219238281e-01 2.038566861301660538e-03 3.090176880359649658e-01 -1.938791363500058651e-03 9.999979138374328613e-01 -6.299545639194548130e-04
7.431407570838928223e-01 3.794986987486481667e-03 6.691243648529052734e-01 -2.820229856297373772e-03 9.999927878379821777e-01 -2.539336681365966797e-03
7.431409358978271484e-01 3.731470555067062378e-03 6.691245436668395996e-01 -2.773027867078781128e-03 9.999930262565612793e-01 -2.496835775673389435e-03
4.067326188087463379e-01 3.763390006497502327e-03 9.135395288467407227e-01 -1.530704088509082794e-03 9.999929070472717285e-01 -3.438029438257217407e-03
4.067327678203582764e-01 3.647138131782412529e-03 9.135398864746093750e-01 -1.483420608565211296e-03 9.999933838844299316e-01 -3.331828629598021507e-03
0.000000000000000000e+00 3.390535246580839157e-03 9.999942779541015625e-01 0.000000000000000000e+00 9.999942779541015625e-01 -3.390535246580839157e-03
0.000000000000000000e+00 3.262033220380544662e-03 9.999946951866149902e-01 -0.000000000000000000e+00 9.999946951866149902e-01 -3.262033220380544662e-03
-4.067338705062866211e-01 2.818753710016608238e-03 9.135423898696899414e-01 1.146487193182110786e-03 9.999960660934448242e-01 -2.575061051174998283e-03
-4.067340791225433350e-01 2.652743831276893616e-03 9.135428071022033691e-01 1.078964909538626671e-03 9.999964833259582520e-01 -2.423403318971395493e-03
-7.431440353393554688e-01 2.356983488425612450e-03 6.691273450851440430e-01 1.751583302393555641e-03 9.999972581863403320e-01 -1.577126560732722282e-03
-7.431443333625793457e-01 2.221595030277967453e-03 6.691275835037231445e-01 1.650969730690121651e-03 9.999975562095642090e-01 -1.486534136347472668e-03
-9.510545134544372559e-01 1.815133029595017433e-03 3.090178668498992920e-01 1.726293237879872322e-03 9.999983906745910645e-01 -5.609094514511525631e-04
-9.510547518730163574e-01 1.693713944405317307e-03 3.090179264545440674e-01 1.610816805623471737e-03 9.999985694885253906e-01 -5.233886186033487320e-04
-9.945218563079833984e-01 1.788966037565842271e-04 -1.045289859175682068e-01 1.779165759216994047e-04 1.000000000000000000e+00 1.869988045655190945e-05
-9.945218563079833984e-01 -8.270607395388651639e-06 -1.045289859175682068e-01 -8.225300007325131446e-06 1.000000000000000000e+00 -8.645181992505968083e-07
-8.660247921943664551e-01 -1.149124233052134514e-03 -4.999998211860656738e-01 -9.951705578714609146e-04 9.999993443489074707e-01 -5.745621747337281704e-04
-8.660247921943664551e-01 -1.164452754892408848e-03 -4.999998211860656738e-01 -1.008445513434708118e-03 9.999993443489074707e-01 -5.822264356538653374e-04
-5.877850055694580078e-01 -1.216198783367872238e-03 -8.090162873268127441e-01 -7.148639415390789509e-04 9.999992847442626953e-01 -9.839253034442663193e-04
-5.877850055694580078e-01 -1.209432841278612614e-03 -8.090162873268127441e-01 -7.108870195224881172e-04 9.999992847442626953e-01 -9.784515714272856712e-04
-2.079104930162429810e-01 3.071797778829932213e-03 -9.781430363655090332e-01 6.386620225384831429e-04 9.999952912330627441e-01 3.004671772941946983e-03
-2.079104930162429810e-01 3.066177247092127800e-03 -9.781430363655090332e-01 6.374934455379843712e-04 9.999952912330627441e-01 2.999173942953348160e-03
2.079107910394668579e-01 2.585688373073935509e-03 -9.781444072723388672e-01 -5.375942564569413662e-04 9.999966621398925781e-01 2.529184799641370773e-03
2.079108059406280518e-01 2.547567477449774742e-03 -9.781444668769836426e-01 -5.296685267239809036e-04 9.999967813491821289e-01 2.491896972060203552e-03
5.877833962440490723e-01 2.615003380924463272e-03 -8.090141415596008301e-01 -1.537060830742120743e-03 9.999966025352478027e-01 2.115581883117556572e-03
5.877835750579833984e-01 2.513067563995718956e-03 -8.090143203735351562e-01 -1.477144425734877586e-03 9.999968409538269043e-01 2.033114200457930565e-03
8.660230636596679688e-01 2.289842814207077026e-03 -4.999988079071044922e-01 -1.983061898499727249e-03 9.999973773956298828e-01 1.144921639934182167e-03
8.660232424736022949e-01 2.191463485360145569e-03 -4.999989271163940430e-01 -1.897862879559397697e-03 9.999976158142089844e-01 1.095731975510716438e-03
9.945207238197326660e-01 1.508302404545247555e-03 -1.045288667082786560e-01 -1.500039710663259029e-03 9.999988675117492676e-01 1.576613140059635043e-04
9.945207238197326660e-01 1.514982082881033421e-03 -1.045288667082786560e-01 -1.506682834587991238e-03 9.999988675117492676e-01 1.583595440024510026e-04
9.510558843612670898e-01 6.255605258047580719e-04 3.090182840824127197e-01 -5.949431215412914753e-04 9.999998211860656738e-01 -1.933096791617572308e-04
9.510558843612670898e-01 6.834775558672845364e-04 3.090183138847351074e-01 -6.500254385173320770e-04 9.999997615814208984e-01 -2.112070797011256218e-04
7.431449294090270996e-01 1.810884685255587101e-03 6.691281199455261230e-01 -1.345751923508942127e-03 9.999983906745910645e-01 -1.211715862154960632e-03
7.431448698043823242e-01 1.826783525757491589e-03 6.691280603408813477e-01 -1.357567147351801395e-03 9.999983310699462891e-01 -1.222354243509471416e-03
4.067349135875701904e-01 1.666184631176292896e-03 9.135447144508361816e-01 -6.776964291930198669e-04 9.999986290931701660e-01 -1.522136270068585873e-03
4.067348837852478027e-01 1.701237633824348450e-03 9.135446548461914062e-01 -6.919536972418427467e-04 9.999985694885253906e-01 -1.554158749058842659e-03
0.000000000000000000e+00 1.380749163217842579e-03 9.999990463256835938e-01 0.000000000000000000e+00 9.999990463256835938e-01 -1.380749163217842579e-03
0.000000000000000000e+00 1.388370990753173828e-03 9.999990463256835938e-01 -0.000000000000000000e+00 9.999990463256835938e-01 -1.388370990753173828e-03
-4.067352414131164551e-01 1.116128056310117245e-03 9.135454297065734863e-01 4.539688816294074059e-04 9.999994039535522461e-01 -1.019634306430816650e-03
-4.067352414131164551e-01 1.118252170272171497e-03 9.135454297065734863e-01 4.548328288365155458e-04 9.999994039535522461e-01 -1.021574717015028000e-03
-7.431457638740539551e-01 9.799860417842864990e-04 6.691288948059082031e-01 7.282728329300880432e-04 9.999995231628417969e-01 -6.557372980751097202e-04
-7.431457638740539551e-01 1.000139163807034492e-03 6.691288948059082031e-01 7.432495476678013802e-04 9.999995231628417969e-01 -6.692223250865936279e-04
-9.510559439659118652e-01 6.001687142997980118e-04 3.090183138847351074e-01 5.707940435968339443e-04 9.999998211860656738e-01 -1.854631263995543122e-04
-9.510558843612670898e-01 6.248364225029945374e-04 3.090182840824127197e-01 5.942544667050242424e-04 9.999998211860656738e-01 -1.930859143612906337e-04
-9.945211410522460938e-01 1.210015034303069115e-03 -1.045289114117622375e-01 1.203386345878243446e-03 9.999992847442626953e-01 1.264816382899880409e-04
-9.945210218429565430e-01 1.277398550882935524e-03 -1.045288965106010437e-01 1.270400942303240299e-03 9.999992251396179199e-01 1.335251872660592198e-04
-8.660240173339843750e-01 1.784265507012605667e-03 -4.999993443489074707e-01 1.545219100080430508e-03 9.999984502792358398e-01 8.921329863369464874e-04
-8.660240173339843750e-01 1.778042293153703213e-03 -4.999993443489074707e-01 1.539829652756452560e-03 9.999984502792358398e-01 8.890213794074952602e-04
-5.877835750579833984e-01 2.522338181734085083e-03 -8.090143203735351562e-01 1.482593594118952751e-03 9.999968409538269043e-01 2.040614141151309013e-03
-5.877835750579833984e-01 2.524495823308825493e-03 -8.090143203735351562e-01 1.483861822634935379e-03 9.999968409538269043e-01 2.042359672486782074e-03
-2.079110145568847656e-01 2.117384690791368484e-03 -9.781454801559448242e-01 4.402285558171570301e-04 9.999977946281433105e-01 2.071114722639322281e-03
-2.079110145568847656e-01 2.113307127729058266e-03 -9.781454801559448242e-01 4.393808194436132908e-04 9.999977946281433105e-01 2.067126333713531494e-03
2.079107612371444702e-01 2.649453934282064438e-03 -9.781442284584045410e-01 -5.508518079295754433e-04 9.999964833259582520e-01 2.591556869447231293e-03
2.079107612371444702e-01 2.646333537995815277e-03 -9.781442284584045410e-01 -5.502031417563557625e-04 9.999965429306030273e-01 2.588504925370216370e-03
5.877833962440490723e-01 2.605533925816416740e-03 -8.090141415596008301e-01 -1.531494897790253162e-03 9.999966025352478027e-01 2.107920823618769646e-03
5.877834558486938477e-01 2.619645325466990471e-03 -8.090141415596008301e-01 -1.539789256639778614e-03 9.999966025352478027e-01 2.119337441399693489e-03
8.660228848457336426e-01 2.366711851209402084e-03 -4.999987185001373291e-01 -2.049632370471954346e-03 9.999971985816955566e-01 1.183356158435344696e-03
8.660229444503784180e-01 2.358293160796165466e-03 -4.999987483024597168e-01 -2.042341744527220726e-03 9.999972581863403320e-01 1.179146813228726387e-03
9.945197701454162598e-01 2.061257138848304749e-03 -1.045287698507308960e-01 -2.049965318292379379e-03 9.999979138374328613e-01 2.154611138394102454e-04
9.945197701454162598e-01 2.055934630334377289e-03 -1.045287698507308960e-01 -2.044671913608908653e-03 9.999979138374328613e-01 2.149047650163993239e-04
9.510547518730163574e-01 1.679026288911700249e-03 3.090179264545440674e-01 -1.596848131157457829e-03 9.999986290931701660e-01 -5.188499344512820244e-04
9.510546922683715820e-01 1.723940833471715450e-03 3.090179264545440674e-01 -1.639564288780093193e-03 9.999985098838806152e-01 -5.327293183654546738e-04
7.431454062461853027e-01 1.402842346578836441e-03 6.691285967826843262e-01 -1.042516902089118958e-03 9.999990463256835938e-01 -9.386827587150037289e-04
7.431454062461853027e-01 1.412860350683331490e-03 6.691285967826843262e-01 -1.049961661919951439e-03 9.999990463256835938e-01 -9.453860693611204624e-04
4.067351818084716797e-01 1.191582414321601391e-03 9.135453104972839355e-01 -4.846588417422026396e-04 9.999992847442626953e-01 -1.088565331883728504e-03
4.067351818084716797e-01 1.203885534778237343e-03 9.135453104972839355e-01 -4.896629834547638893e-04 9.999992847442626953e-01 -1.099804765544831753e-03
0.000000000000000000e+00 1.417152467183768749e-03 9.999989867210388184e-01 0.000000000000000000e+00 9.999989867210388184e-01 -1.417152467183768749e-03
0.000000000000000000e+00 1.376919331960380077e-03 9.999990463256835938e-01 -0.000000000000000000e+00 9.999990463256835938e-01 -1.376919331960380077e-03
-4.067350924015045166e-01 1.387981814332306385e-03 9.135450720787048340e-01 5.645414348691701889e-04 9.999990463256835938e-01 -1.267985207960009575e-03
-4.067351520061492920e-01 1.317112473770976067e-03 9.135451912879943848e-01 5.357163609005510807e-04 9.999991655349731445e-01 -1.203242805786430836e-03
-7.431454062461853027e-01 1.378259272314608097e-03 6.691285371780395508e-01 1.024248078465461731e-03 9.999990463256835938e-01 -9.222335065715014935e-04
-7.431455254554748535e-01 1.320646959356963634e-03 6.691286563873291016e-01 9.814336663112044334e-04 9.999991655349731445e-01 -8.836833876557648182e-04
-9.510548114776611328e-01 1.651172409765422344e-03 3.090179562568664551e-01 1.570357475429773331e-03 9.999986290931701660e-01 -5.102425348013639450e-04
-9.510548710823059082e-01 1.600379822775721550e-03 3.090179562568664551e-01 1.522050937637686729e-03 9.999987483024597168e-01 -4.945467226207256317e-04
-9.945204854011535645e-01 1.647476921789348125e-03 -1.045288443565368652e-01 1.638451823964715004e-03 9.999986290931701660e-01 1.722090964904054999e-04
-9.945205450057983398e-01 1.603520708158612251e-03 -1.045288518071174622e-01 1.594736473634839058e-03 9.999987483024597168e-01 1.676144020166248083e-04
-8.660240173339843750e-01 1.756689511239528656e-03 -4.999993741512298584e-01 1.521337544545531273e-03 9.999984502792358398e-01 8.783449302427470684e-04
-8.660240769386291504e-01 1.712475903332233429e-03 -4.999994039535522461e-01 1.483047497458755970e-03 9.999985694885253906e-01 8.562381844967603683e-04
-5.877842307090759277e-01 2.031992888078093529e-03 -8.090152740478515625e-01 1.194375799968838692e-03 9.999979734420776367e-01 1.643916475586593151e-03
-5.877842307090759277e-01 2.024448243901133537e-03 -8.090152144432067871e-01 1.189941191114485264e-03 9.999979734420776367e-01 1.637812820263206959e-03
-4.578514955937862396e-03 0.000000000000000000e+00 -9.999895095825195312e-01 -9.999895095825195312e-01 0.000000000000000000e+00 4.578514955937862396e-03
-4.579863511025905609e-03 0.000000000000000000e+00 -9.999895095825195312e-01 -9.999895095825195312e-01 0.000000000000000000e+00 4.579863511025905609e-03
-4.609516356140375137e-03 0.000000000000000000e+00 -9.999893903732299805e-01 -9.999893903732299805e-01 0.000000000000000000e+00 4.609516356140375137e-03
-4.628172144293785095e-03 0.000000000000000000e+00 -9.999893307685852051e-01 -9.999893307685852051e-01 0.000000000000000000e+00 4.628172144293785095e-03
-4.634502809494733810e-03 0.000000000000000000e+00 -9.999892711639404297e-01 -9.999892711639404297e-01 0.000000000000000000e+00 4.634502809494733810e-03
-4.628949798643589020e-03 0.000000000000000000e+00 -9.999893307685852051e-01 -9.999893307685852051e-01 0.000000000000000000e+00 4.628949798643589020e-03
-4.589384421706199646e-03 0.000000000000000000e+00 -9.999895095825195312e-01 -9.999895095825195312e-01 0.000000000000000000e+00 4.589384421706199646e-03
-4.496934823691844940e-03 0.000000000000000000e+00 -9.999899268150329590e-01 -9.999899268150329590e-01 0.000000000000000000e+00 4.496934823691844940e-03
-4.398131743073463440e-03 0.000000000000000000e+00 -9.999903440475463867e-01 -9.999903440475463867e-01 0.000000000000000000e+00 4.398131743073463440e-03
-4.245341289788484573e-03 0.000000000000000000e+00 -9.999909996986389160e-01 -9.999909996986389160e-01 0.000000000000000000e+00 4.245341289788484573e-03
-4.074365831911563873e-03 0.000000000000000000e+00 -9.999917149543762207e-01 -9.999917149543762207e-01 0.000000000000000000e+00 4.074365831911563873e-03
-3.909657243639230728e-03 0.000000000000000000e+00 -9.999923706054687500e-01 -9.999923706054687500e-01 0.000000000000000000e+00 3.909657243639230728e-03
-3.752088639885187149e-03 0.000000000000000000e+00 -9.999929666519165039e-01 -9.999929666519165039e-01 0.000000000000000000e+00 3.752088639885187149e-03
-3.602967364713549614e-03 0.000000000000000000e+00 -9.999935030937194824e-01 -9.999935030937194824e-01 0.000000000000000000e+00 3.602967364713549614e-03
-3.532659960910677910e-03 0.000000000000000000e+00 -9.999938011169433594e-01 -9.999938011169433594e-01 0.000000000000000000e+00 3.532659960910677910e-03
-3.449139418080449104e-03 0.000000000000000000e+00 -9.999940395355224609e-01 -9.999940395355224609e-01 0.000000000000000000e+00 3.449139418080449104e-03
-3.463200991973280907e-03 0.000000000000000000e+00 -9.999940395355224609e-01 -9.999940395355224609e-01 0.000000000000000000e+00 3.463200991973280907e-03
-3.450775053352117538e-03 0.000000000000000000e+00 -9.999940395355224609e-01 -9.999940395355224609e-01 0.000000000000000000e+00 3.450775053352117538e-03
-3.462820546701550484e-03 0.000000000000000000e+00 -9.999940395355224609e-01 -9.999940395355224609e-01 0.000000000000000000e+00 3.462820546701550484e-03
-3.476928686723113060e-03 0.000000000000000000e+00 -9.999939799308776855e-01 -9.999939799308776855e-01 0.000000000000000000e+00 3.476928686723113060e-03
-3.486534347757697105e-03 0.000000000000000000e+00 -9.999939203262329102e-01 -9.999939203262329102e-01 0.000000000000000000e+00 3.486534347757697105e-03
-3.485908266156911850e-03 0.000000000000000000e+00 -9.999939203262329102e-01 -9.999939203262329102e-01 0.000000000000000000e+00 3.485908266156911850e-03
-3.504171036183834076e-03 0.000000000000000000e+00 -9.999938607215881348e-01 -9.999938607215881348e-01 0.000000000000000000e+00 3.504171036183834076e-03
-3.542001824826002121e-03 0.000000000000000000e+00 -9.999937415122985840e-01 -9.999937415122985840e-01 0.000000000000000000e+00 3.542001824826002121e-03
-3.546823980286717415e-03 0.000000000000000000e+00 -9.999937415122985840e-01 -9.999937415122985840e-01 0.000000000000000000e+00 3.546823980286717415e-03
-3.567196428775787354e-03 0.000000000000000000e+00 -9.999936819076538086e-01 -9.999936819076538086e-01 0.000000000000000000e+00 3.567196428775787354e-03
-3.602437674999237061e-03 0.000000000000000000e+00 -9.999935030937194824e-01 -9.999935030937194824e-01 0.000000000000000000e+00 3.602437674999237061e-03
-3.653288353234529495e-03 0.000000000000000000e+00 -9.999933242797851562e-01 -9.999933242797851562e-01 0.000000000000000000e+00 3.653288353234529495e-03
-3.665319643914699554e-03 0.000000000000000000e+00 -9.999933242797851562e-01 -9.999933242797851562e-01 0.000000000000000000e+00 3.665319643914699554e-03
-3.687018528580665588e-03 0.000000000000000000e+00 -9.999932050704956055e-01 -9.999932050704956055e-01 0.000000000000000000e+00 3.687018528580665588e-03
-3.674553008750081062e-03 0.000000000000000000e+00 -9.999932646751403809e-01 -9.999932646751403809e-01 0.000000000000000000e+00 3.674553008750081062e-03
-3.677452448755502701e-03 0.000000000000000000e+00 -9.999932646751403809e-01 -9.999932646751403809e-01 0.000000000000000000e+00 3.677452448755502701e-03
-3.686480224132537842e-03 0.000000000000000000e+00 -9.999932050704956055e-01 -9.999932050704956055e-01 0.000000000000000000e+00 3.686480224132537842e-03
-3.699905471876263618e-03 0.000000000000000000e+00 -9.999931454658508301e-01 -9.999931454658508301e-01 0.000000000000000000e+00 3.699905471876263618e-03
-3.730215597897768021e-03 0.000000000000000000e+00 -9.999930858612060547e-01 -9.999930858612060547e-01 0.000000000000000000e+00 3.730215597897768021e-03
-3.764559980481863022e-03 0.000000000000000000e+00 -9.999929070472717285e-01 -9.999929070472717285e-01 0.000000000000000000e+00 3.764559980481863022e-03
-3.797863144427537918e-03 0.000000000000000000e+00 -9.999927878379821777e-01 -9.999927878379821777e-01 0.000000000000000000e+00 3.797863144427537918e-03
-3.807721659541130066e-03 0.000000000000000000e+00 -9.999927878379821777e-01 -9.999927878379821777e-01 0.000000000000000000e+00 3.807721659541130066e-03
8.043082430958747864e-03 9.999676942825317383e-01 0.000000000000000000e+00 -9.999676942825317383e-01 8.043082430958747864e-03 0.000000000000000000e+00
8.028557524085044861e-03 9.999678134918212891e-01 0.000000000000000000e+00 -9.999678134918212891e-01 8.028557524085044861e-03 -0.000000000000000000e+00
-4.910043207928538322e-04 9.999998807907104492e-01 0.000000000000000000e+00 -9.999998807907104492e-01 -4.910043207928538322e-04 0.000000000000000000e+00
-4.806263605132699013e-04 9.999998807907104492e-01 -0.000000000000000000e+00 -9.999998807907104492e-01 -4.806263605132699013e-04 0.000000000000000000e+00
3.725667251273989677e-03 -9.999930858612060547e-01 0.000000000000000000e+00 -9.999930858612060547e-01 -3.725667251273989677e-03 -0.000000000000000000e+00
3.744528628885746002e-03 -9.999930262565612793e-01 -0.000000000000000000e+00 -9.999930262565612793e-01 -3.744528628885746002e-03 0.000000000000000000e+00
1.973399072885513306e-01 1.182549726217985153e-02 9.802638292312622070e-01 -2.333805663511157036e-03 9.999300837516784668e-01 -1.159291807562112808e-02
1.973399221897125244e-01 1.182151213288307190e-02 9.802638888359069824e-01 -2.333019161596894264e-03 9.999301433563232422e-01 -1.158901117742061615e-02
3.523751199245452881e-01 1.181078888475894928e-02 9.357843399047851562e-01 -4.162118770182132721e-03 9.999302625656127930e-01 -1.105312258005142212e-02
3.523752987384796143e-01 1.177162770181894302e-02 9.357848167419433594e-01 -4.148317966610193253e-03 9.999307394027709961e-01 -1.101647317409515381e-02
4.982414543628692627e-01 1.183517370373010635e-02 8.669575452804565430e-01 -5.897187162190675735e-03 9.999299645423889160e-01 -1.026131212711334229e-02
4.982419013977050781e-01 1.175879314541816711e-02 8.669583201408386230e-01 -5.859128665179014206e-03 9.999308586120605469e-01 -1.019508857280015945e-02
6.311354637145996094e-01 1.304734311997890472e-02 7.755628824234008789e-01 -8.235341869294643402e-03 9.999148845672607422e-01 -1.011989638209342957e-02
6.311355829238891602e-01 1.302888616919517517e-02 7.755631208419799805e-01 -8.223691955208778381e-03 9.999151229858398438e-01 -1.010558102279901505e-02
7.475718855857849121e-01 1.697056554257869720e-02 6.639642119407653809e-01 -1.268854457885026932e-02 9.998559951782226562e-01 -1.126947067677974701e-02
7.475709319114685059e-01 1.704516634345054626e-02 6.639633774757385254e-01 -1.274432241916656494e-02 9.998547434806823730e-01 -1.131901051849126816e-02
8.445302248001098633e-01 2.105516381561756134e-02 5.350938439369201660e-01 -1.778566464781761169e-02 9.997783303260803223e-01 -1.126898638904094696e-02
8.445294499397277832e-01 2.110195159912109375e-02 5.350933074951171875e-01 -1.782518625259399414e-02 9.997773170471191406e-01 -1.129402592778205872e-02
9.194989204406738281e-01 2.460270747542381287e-02 3.923219740390777588e-01 -2.262900955975055695e-02 9.996973276138305664e-01 -9.655104018747806549e-03
9.195030927658081055e-01 2.441679500043392181e-02 3.923237621784210205e-01 -2.245801314711570740e-02 9.997019171714782715e-01 -9.582145139575004578e-03
9.705809354782104492e-01 2.590167149901390076e-02 2.393779754638671875e-01 -2.514810487627983093e-02 9.996644854545593262e-01 -6.202370859682559967e-03
9.705900549888610840e-01 2.553651481866836548e-02 2.393802404403686523e-01 -2.479357272386550903e-02 9.996739029884338379e-01 -6.114930845797061920e-03
9.964236021041870117e-01 2.655740454792976379e-02 8.021748065948486328e-02 -2.647176012396812439e-02 9.996473193168640137e-01 -2.131119836121797562e-03
9.964311718940734863e-01 2.627012692391872406e-02 8.021809160709381104e-02 -2.618541009724140167e-02 9.996548891067504883e-01 -2.108067041262984276e-03
9.963475465774536133e-01 2.695461735129356384e-02 -8.102492988109588623e-02 -2.686592936515808105e-02 9.996366500854492188e-01 2.184789860621094704e-03
9.963591694831848145e-01 2.651820704340934753e-02 -8.102587610483169556e-02 -2.643095515668392181e-02 9.996483325958251953e-01 2.149416832253336906e-03
9.703492522239685059e-01 2.733565494418144226e-02 -2.401562780141830444e-01 -2.653505280613899231e-02 9.996263384819030762e-01 6.567284464836120605e-03
9.703629612922668457e-01 2.681782096624374390e-02 -2.401596605777740479e-01 -2.603238262236118317e-02 9.996403455734252930e-01 6.442876067012548447e-03
9.191059470176696777e-01 2.768925763666629791e-02 -3.930363357067108154e-01 -2.545912563800811768e-02 9.996166229248046875e-01 1.088706031441688538e-02
9.191166162490844727e-01 2.726870588958263397e-02 -3.930409252643585205e-01 -2.507244423031806946e-02 9.996281862258911133e-01 1.072170399129390717e-02
8.439583778381347656e-01 2.773150242865085602e-02 -5.356913805007934570e-01 -2.341323718428611755e-02 9.996154308319091797e-01 1.486124284565448761e-02
8.439702391624450684e-01 2.722155302762985229e-02 -5.356989502906799316e-01 -2.298269420862197876e-02 9.996294379234313965e-01 1.458796113729476929e-02
7.468789815902709961e-01 2.646422013640403748e-02 -6.644331812858581543e-01 -1.977249421179294586e-02 9.996497631072998047e-01 1.758986711502075195e-02
7.468901872634887695e-01 2.589089609682559967e-02 -6.644431948661804199e-01 -1.934414170682430267e-02 9.996647834777832031e-01 1.720879785716533661e-02
6.303946375846862793e-01 2.286683768033981323e-02 -7.759379744529724121e-01 -1.441890187561511993e-02 9.997385144233703613e-01 1.774788834154605865e-02
6.304016709327697754e-01 2.237140387296676636e-02 -7.759466767311096191e-01 -1.410650089383125305e-02 9.997497200965881348e-01 1.736336201429367065e-02
4.974815547466278076e-01 1.912017352879047394e-02 -8.672638535499572754e-01 -9.513672441244125366e-03 9.998171925544738770e-01 1.658526621758937836e-02
4.974864721298217773e-01 1.859476603567600250e-02 -8.672724366188049316e-01 -9.252244606614112854e-03 9.998270869255065918e-01 1.612951606512069702e-02
3.516048491001129150e-01 1.410371065139770508e-02 -9.360423088073730469e-01 -4.959426820278167725e-03 9.999005794525146484e-01 1.320298388600349426e-02
3.516063988208770752e-01 1.379306335002183914e-02 -9.360463619232177734e-01 -4.850190598517656326e-03 9.999048709869384766e-01 1.291217468678951263e-02
1.965481340885162354e-01 1.030936744064092636e-02 -9.804400205612182617e-01 -2.026394475251436234e-03 9.999468922615051270e-01 1.010825391858816147e-02
1.965482085943222046e-01 1.026262901723384857e-02 -9.804404377937316895e-01 -2.017207909375429153e-03 9.999473690986633301e-01 1.006242819130420685e-02
-1.973264962434768677e-01 7.268138229846954346e-03 -9.803109169006347656e-01 1.434234203770756721e-03 9.999735951423645020e-01 7.125223055481910706e-03
-1.973264664411544800e-01 7.291466463357210159e-03 -9.803107380867004395e-01 1.438837614841759205e-03 9.999734163284301758e-01 7.148092612624168396e-03
-3.523261547088623047e-01 7.541168481111526489e-03 -9.358469843864440918e-01 2.657026518136262894e-03 9.999715685844421387e-01 7.057580165565013885e-03
-3.523259162902832031e-01 7.630653679370880127e-03 -9.358463287353515625e-01 2.688555279746651649e-03 9.999709129333496094e-01 7.141327019780874252e-03
-4.981612563133239746e-01 8.352783508598804474e-03 -8.670442104339599609e-01 4.161178134381771088e-03 9.999651312828063965e-01 7.242484949529170990e-03
-4.981609284877777100e-01 8.434012532234191895e-03 -8.670436143875122070e-01 4.201645031571388245e-03 9.999644756317138672e-01 7.312916219234466553e-03
-6.310285329818725586e-01 1.100967079401016235e-02 -7.756815552711486816e-01 6.947837769985198975e-03 9.999393820762634277e-01 8.540516719222068787e-03
-6.310284137725830078e-01 1.102738827466964722e-02 -7.756814360618591309e-01 6.959018763154745102e-03 9.999392032623291016e-01 8.554260246455669403e-03
-7.474541664123535156e-01 1.557521149516105652e-02 -6.641308069229125977e-01 1.164316851645708084e-02 9.998787045478820801e-01 1.034523267298936844e-02
-7.474547624588012695e-01 1.552132423967123032e-02 -6.641314029693603516e-01 1.160288602113723755e-02 9.998795390129089355e-01 1.030944008380174637e-02
-8.443901538848876953e-01 2.146645821630954742e-02 -5.352985262870788574e-01 1.813024282455444336e-02 9.997695684432983398e-01 1.149361208081245422e-02
-8.443918228149414062e-01 2.137490548193454742e-02 -5.352995991706848145e-01 1.805291883647441864e-02 9.997715353965759277e-01 1.144459284842014313e-02
-9.193434715270996094e-01 2.633235976099967957e-02 -3.925738930702209473e-01 2.421688102185726166e-02 9.996532797813415527e-01 1.034098304808139801e-02
-9.193459749221801758e-01 2.622848004102706909e-02 -3.925749659538269043e-01 2.412134595215320587e-02 9.996559619903564453e-01 1.030018832534551620e-02
-9.704475998878479004e-01 2.790236659348011017e-02 -2.396934777498245239e-01 2.708833105862140656e-02 9.996106624603271484e-01 6.690619979053735733e-03
-9.704623222351074219e-01 2.735252678394317627e-02 -2.396971136331558228e-01 2.655453234910964966e-02 9.996258616447448730e-01 6.558775901794433594e-03
-9.963460564613342285e-01 2.826409786939620972e-02 -8.059553802013397217e-02 2.817207761108875275e-02 9.996004700660705566e-01 2.278870670124888420e-03
-9.963675141334533691e-01 2.749414741992950439e-02 -8.059727400541305542e-02 2.740463428199291229e-02 9.996219873428344727e-01 2.216791268438100815e-03
-9.963535666465759277e-01 2.799745090305805206e-02 8.059615641832351685e-02 2.790629677474498749e-02 9.996079802513122559e-01 -2.257371554151177406e-03
-9.963811039924621582e-01 2.699405327439308167e-02 8.059837669134140015e-02 2.690616808831691742e-02 9.996356368064880371e-01 -2.176469890400767326e-03
-9.704849123954772949e-01 2.648873254656791687e-02 2.397026866674423218e-01 2.571593783795833588e-02 9.996491074562072754e-01 -6.351649295538663864e-03
-9.705093502998352051e-01 2.552124485373497009e-02 2.397087365388870239e-01 2.477667480707168579e-02 9.996742606163024902e-01 -6.119658239185810089e-03
-9.194191694259643555e-01 2.299585565924644470e-02 3.926062285900115967e-01 2.114842273294925690e-02 9.997355937957763672e-01 -9.030704386532306671e-03
-9.194366931915283203e-01 2.215303480625152588e-02 3.926136791706085205e-01 2.037331275641918182e-02 9.997546076774597168e-01 -8.699719794094562531e-03
-8.443893790245056152e-01 2.150859683752059937e-02 5.352980494499206543e-01 1.816583238542079926e-02 9.997686743736267090e-01 -1.151617430150508881e-02
-8.444046974182128906e-01 2.064950577914714813e-02 5.353077650070190430e-01 1.744025759398937225e-02 9.997867941856384277e-01 -1.105619780719280243e-02
-7.474141120910644531e-01 1.869820803403854370e-02 6.640952825546264648e-01 1.397774834185838699e-02 9.998251795768737793e-01 -1.241956278681755066e-02
-7.474215626716613770e-01 1.815828308463096619e-02 6.641018986701965332e-01 1.357413083314895630e-02 9.998351335525512695e-01 -1.206093840301036835e-02
-6.309829950332641602e-01 1.629507727921009064e-02 7.756255865097045898e-01 1.028328295797109604e-02 9.998672604560852051e-01 -1.264055818319320679e-02
-6.309874653816223145e-01 1.585485972464084625e-02 7.756310701370239258e-01 1.000547688454389572e-02 9.998743534088134766e-01 -1.229906920343637466e-02
-4.981274604797363281e-01 1.433144323527812958e-02 8.669853806495666504e-01 7.139618974179029465e-03 9.998973011970520020e-01 -1.242642756551504135e-02
-4.981292784214019775e-01 1.407617237418889999e-02 8.669885396957397461e-01 7.012448273599147797e-03 9.999009370803833008e-01 -1.220508944243192673e-02
-3.523077070713043213e-01 1.270858384668827057e-02 9.357979893684387207e-01 4.477693699300289154e-03 9.999192357063293457e-01 -1.189362816512584686e-02
-3.523086905479431152e-01 1.248830836266279221e-02 9.358006119728088379e-01 4.400082863867282867e-03 9.999220371246337891e-01 -1.168747805058956146e-02
-1.973201930522918701e-01 1.080641523003578186e-02 9.802795648574829102e-01 2.132448367774486542e-03 9.999416470527648926e-01 -1.059392653405666351e-02
-1.973202675580978394e-01 1.076906360685825348e-02 9.802799224853515625e-01 2.125077648088335991e-03 9.999420046806335449e-01 -1.055730879306793213e-02
-5.926331505179405212e-03 -9.999824762344360352e-01 -0.000000000000000000e+00 -9.999824762344360352e-01 5.926331505179405212e-03 0.000000000000000000e+00
-5.916490219533443451e-03 -9.999825358390808105e-01 0.000000000000000000e+00 -9.999825358390808105e-01 5.916490219533443451e-03 0.000000000000000000e+00
-4.983020015060901642e-03 0.000000000000000000e+00 -9.999876022338867188e-01 -9.999876022338867188e-01 0.000000000000000000e+00 4.983020015060901642e-03
-4.982638172805309296e-03 0.000000000000000000e+00 -9.999876022338867188e-01 -9.999876022338867188e-01 0.000000000000000000e+00 4.982638172805309296e-03
-4.983328748494386673e-03 0.000000000000000000e+00 -9.999876022338867188e-01 -9.999876022338867188e-01 0.000000000000000000e+00 4.983328748494386673e-03
-4.992895759642124176e-03 0.000000000000000000e+00 -9.999875426292419434e-01 -9.999875426292419434e-01 0.000000000000000000e+00 4.992895759642124176e-03
-5.004713311791419983e-03 0.000000000000000000e+00 -9.999874830245971680e-01 -9.999874830245971680e-01 0.000000000000000000e+00 5.004713311791419983e-03
-4.989596083760261536e-03 0.000000000000000000e+00 -9.999875426292419434e-01 -9.999875426292419434e-01 0.000000000000000000e+00 4.989596083760261536e-03
-5.019468255341053009e-03 0.000000000000000000e+00 -9.999874234199523926e-01 -9.999874234199523926e-01 0.000000000000000000e+00 5.019468255341053009e-03
-5.035855807363986969e-03 0.000000000000000000e+00 -9.999873638153076172e-01 -9.999873638153076172e-01 0.000000000000000000e+00 5.035855807363986969e-03
-5.052573513239622116e-03 0.000000000000000000e+00 -9.999872446060180664e-01 -9.999872446060180664e-01 0.000000000000000000e+00 5.052573513239622116e-03
-5.079473368823528290e-03 0.000000000000000000e+00 -9.999871253967285156e-01 -9.999871253967285156e-01 0.000000000000000000e+00 5.079473368823528290e-03
-5.086940247565507889e-03 0.000000000000000000e+00 -9.999870657920837402e-01 -9.999870657920837402e-01 0.000000000000000000e+00 5.086940247565507889e-03
-5.087759345769882202e-03 0.000000000000000000e+00 -9.999870657920837402e-01 -9.999870657920837402e-01 0.000000000000000000e+00 5.087759345769882202e-03
-5.078698042780160904e-03 0.000000000000000000e+00 -9.999871253967285156e-01 -9.999871253967285156e-01 0.000000000000000000e+00 5.078698042780160904e-03
-5.057498347014188766e-03 0.000000000000000000e+00 -9.999872446060180664e-01 -9.999872446060180664e-01 0.000000000000000000e+00 5.057498347014188766e-03
-5.065040197223424911e-03 0.000000000000000000e+00 -9.999871850013732910e-01 -9.999871850013732910e-01 0.000000000000000000e+00 5.065040197223424911e-03
-5.007700528949499130e-03 0.000000000000000000e+00 -9.999874830245971680e-01 -9.999874830245971680e-01 0.000000000000000000e+00 5.007700528949499130e-03
-5.009219050407409668e-03 0.000000000000000000e+00 -9.999874830245971680e-01 -9.999874830245971680e-01 0.000000000000000000e+00 5.009219050407409668e-03
-4.887725226581096649e-03 0.000000000000000000e+00 -9.999880790710449219e-01 -9.999880790710449219e-01 0.000000000000000000e+00 4.887725226581096649e-03
-4.719421267509460449e-03 0.000000000000000000e+00 -9.999888539314270020e-01 -9.999888539314270020e-01 0.000000000000000000e+00 4.719421267509460449e-03
-4.539399873465299606e-03 0.000000000000000000e+00 -9.999896883964538574e-01 -9.999896883964538574e-01 0.000000000000000000e+00 4.539399873465299606e-03
-4.395087249577045441e-03 0.000000000000000000e+00 -9.999903440475463867e-01 -9.999903440475463867e-01 0.000000000000000000e+00 4.395087249577045441e-03
-4.298396408557891846e-03 0.000000000000000000e+00 -9.999907612800598145e-01 -9.999907612800598145e-01 0.000000000000000000e+00 4.298396408557891846e-03
-4.265483003109693527e-03 0.000000000000000000e+00 -9.999909400939941406e-01 -9.999909400939941406e-01 0.000000000000000000e+00 4.265483003109693527e-03
-4.270225297659635544e-03 0.000000000000000000e+00 -9.999908804893493652e-01 -9.999908804893493652e-01 0.000000000000000000e+00 4.270225297659635544e-03
-4.321629181504249573e-03 0.000000000000000000e+00 -9.999907016754150391e-01 -9.999907016754150391e-01 0.000000000000000000e+00 4.321629181504249573e-03
-4.330580122768878937e-03 0.000000000000000000e+00 -9.999906420707702637e-01 -9.999906420707702637e-01 0.000000000000000000e+00 4.330580122768878937e-03
-4.330418072640895844e-03 0.000000000000000000e+00 -9.999906420707702637e-01 -9.999906420707702637e-01 0.000000000000000000e+00 4.330418072640895844e-03
-4.333377815783023834e-03 0.000000000000000000e+00 -9.999906420707702637e-01 -9.999906420707702637e-01 0.000000000000000000e+00 4.333377815783023834e-03
-4.336925223469734192e-03 0.000000000000000000e+00 -9.999905824661254883e-01 -9.999905824661254883e-01 0.000000000000000000e+00 4.336925223469734192e-03
-4.344754386693239212e-03 0.000000000000000000e+00 -9.999905824661254883e-01 -9.999905824661254883e-01 0.000000000000000000e+00 4.344754386693239212e-03
-4.370779264718294144e-03 0.000000000000000000e+00 -9.999904632568359375e-01 -9.999904632568359375e-01 0.000000000000000000e+00 4.370779264718294144e-03
-4.361268132925033569e-03 0.000000000000000000e+00 -9.999905228614807129e-01 -9.999905228614807129e-01 0.000000000000000000e+00 4.361268132925033569e-03
-4.350557923316955566e-03 0.000000000000000000e+00 -9.999905228614807129e-01 -9.999905228614807129e-01 0.000000000000000000e+00 4.350557923316955566e-03
-4.327415954321622849e-03 0.000000000000000000e+00 -9.999906420707702637e-01 -9.999906420707702637e-01 0.000000000000000000e+00 4.327415954321622849e-03
-4.300310276448726654e-03 0.000000000000000000e+00 -9.999907612800598145e-01 -9.999907612800598145e-01 0.000000000000000000e+00 4.300310276448726654e-03
-4.280067980289459229e-03 0.000000000000000000e+00 -9.999908804893493652e-01 -9.999908804893493652e-01 0.000000000000000000e+00 4.280067980289459229e-03
-4.295258782804012299e-03 0.000000000000000000e+00 -9.999907612800598145e-01 -9.999907612800598145e-01 0.000000000000000000e+00 4.295258782804012299e-03
-4.299433901906013489e-03 0.000000000000000000e+00 -9.999907612800598145e-01 -9.999907612800598145e-01 0.000000000000000000e+00 4.299433901906013489e-03
-4.254589322954416275e-03 0.000000000000000000e+00 -9.999909400939941406e-01 -9.999909400939941406e-01 0.000000000000000000e+00 4.254589322954416275e-03
-4.240575246512889862e-03 0.000000000000000000e+00 -9.999909996986389160e-01 -9.999909996986389160e-01 0.000000000000000000e+00 4.240575246512889862e-03
-4.248650744557380676e-03 0.000000000000000000e+00 -9.999909996986389160e-01 -9.999909996986389160e-01 0.000000000000000000e+00 4.248650744557380676e-03
-4.246791359037160873e-03 0.000000000000000000e+00 -9.999909996986389160e-01 -9.999909996986389160e-01 0.000000000000000000e+00 4.246791359037160873e-03
-4.242994822561740875e-03 0.000000000000000000e+00 -9.999909996986389160e-01 -9.999909996986389160e-01 0.000000000000000000e+00 4.242994822561740875e-03
-4.200988449156284332e-03 0.000000000000000000e+00 -9.999911785125732422e-01 -9.999911785125732422e-01 0.000000000000000000e+00 4.200988449156284332e-03
-4.172860179096460342e-03 0.000000000000000000e+00 -9.999912977218627930e-01 -9.999912977218627930e-01 0.000000000000000000e+00 4.172860179096460342e-03
-4.130979999899864197e-03 0.000000000000000000e+00 -9.999914765357971191e-01 -9.999914765357971191e-01 0.000000000000000000e+00 4.130979999899864197e-03
-4.124266095459461212e-03 0.000000000000000000e+00 -9.999915361404418945e-01 -9.999915361404418945e-01 0.000000000000000000e+00 4.124266095459461212e-03
-4.126834217458963394e-03 0.000000000000000000e+00 -9.999914765357971191e-01 -9.999914765357971191e-01 0.000000000000000000e+00 4.126834217458963394e-03
-4.106300882995128632e-03 0.000000000000000000e+00 -9.999915957450866699e-01 -9.999915957450866699e-01 0.000000000000000000e+00 4.106300882995128632e-03
-4.105488769710063934e-03 0.000000000000000000e+00 -9.999915957450866699e-01 -9.999915957450866699e-01 0.000000000000000000e+00 4.105488769710063934e-03
-4.099992569535970688e-03 0.000000000000000000e+00 -9.999915957450866699e-01 -9.999915957450866699e-01 0.000000000000000000e+00 4.099992569535970688e-03
-4.061219748109579086e-03 0.000000000000000000e+00 -9.999917745590209961e-01 -9.999917745590209961e-01 0.000000000000000000e+00 4.061219748109579086e-03
-4.056687932461500168e-03 -0.000000000000000000e+00 -9.999917745590209961e-01 -9.999917745590209961e-01 0.000000000000000000e+00 4.056687932461500168e-03
-4.040264990180730820e-03 0.000000000000000000e+00 -9.999918341636657715e-01 -9.999918341636657715e-01 0.000000000000000000e+00 4.040264990180730820e-03
-4.049208480864763260e-03 -0.000000000000000000e+00 -9.999918341636657715e-01 -9.999918341636657715e-01 0.000000000000000000e+00 4.049208480864763260e-03
-4.028714261949062347e-03 0.000000000000000000e+00 -9.999918937683105469e-01 -9.999918937683105469e-01 0.000000000000000000e+00 4.028714261949062347e-03
-3.997343592345714569e-03 -0.000000000000000000e+00 -9.999920129776000977e-01 -9.999920129776000977e-01 0.000000000000000000e+00 3.997343592345714569e-03
-3.888436127454042435e-03 0.000000000000000000e+00 -9.999924302101135254e-01 -9.999924302101135254e-01 0.000000000000000000e+00 3.888436127454042435e-03
-3.827497130259871483e-03 -0.000000000000000000e+00 -9.999926686286926270e-01 -9.999926686286926270e-01 0.000000000000000000e+00 3.827497130259871483e-03
-3.786643967032432556e-03 0.000000000000000000e+00 -9.999928474426269531e-01 -9.999928474426269531e-01 0.000000000000000000e+00 3.786643967032432556e-03
-3.769273636862635612e-03 0.000000000000000000e+00 -9.999929070472717285e-01 -9.999929070472717285e-01 0.000000000000000000e+00 3.769273636862635612e-03
-3.776889527216553688e-03 0.000000000000000000e+00 -9.999929070472717285e-01 -9.999929070472717285e-01 0.000000000000000000e+00 3.776889527216553688e-03
-3.869839943945407867e-03 0.000000000000000000e+00 -9.999925494194030762e-01 -9.999925494194030762e-01 0.000000000000000000e+00 3.869839943945407867e-03
-4.048750735819339752e-03 0.000000000000000000e+00 -9.999918341636657715e-01 -9.999918341636657715e-01 0.000000000000000000e+00 4.048750735819339752e-03
-4.241263028234243393e-03 0.000000000000000000e+00 -9.999909996986389160e-01 -9.999909996986389160e-01 0.000000000000000000e+00 4.241263028234243393e-03
-4.430655390024185181e-03 -0.000000000000000000e+00 -9.999902248382568359e-01 -9.999902248382568359e-01 0.000000000000000000e+00 4.430655390024185181e-03
-4.597471095621585846e-03 0.000000000000000000e+00 -9.999894499778747559e-01 -9.999894499778747559e-01 0.000000000000000000e+00 4.597471095621585846e-03
-4.770657978951931000e-03 -0.000000000000000000e+00 -9.999886155128479004e-01 -9.999886155128479004e-01 0.000000000000000000e+00 4.770657978951931000e-03
-4.951291717588901520e-03 0.000000000000000000e+00 -9.999877810478210449e-01 -9.999877810478210449e-01 0.000000000000000000e+00 4.951291717588901520e-03
-5.040548741817474365e-03 -0.000000000000000000e+00 -9.999873042106628418e-01 -9.999873042106628418e-01 0.000000000000000000e+00 5.040548741817474365e-03
-5.083096213638782501e-03 0.000000000000000000e+00 -9.999871253967285156e-01 -9.999871253967285156e-01 0.000000000000000000e+00 5.083096213638782501e-03
-5.088839214295148849e-03 0.000000000000000000e+00 -9.999870657920837402e-01 -9.999870657920837402e-01 0.000000000000000000e+00 5.088839214295148849e-03
-5.091460421681404114e-03 0.000000000000000000e+00 -9.999870657920837402e-01 -9.999870657920837402e-01 0.000000000000000000e+00 5.091460421681404114e-03
-5.062362179160118103e-03 0.000000000000000000e+00 -9.999871850013732910e-01 -9.999871850013732910e-01 0.000000000000000000e+00 5.062362179160118103e-03
-5.048644263297319412e-03 0.000000000000000000e+00 -9.999872446060180664e-01 -9.999872446060180664e-01 0.000000000000000000e+00 5.048644263297319412e-03
-5.026342812925577164e-03 0.000000000000000000e+00 -9.999873638153076172e-01 -9.999873638153076172e-01 0.000000000000000000e+00 5.026342812925577164e-03
-4.995360970497131348e-03 0.000000000000000000e+00 -9.999875426292419434e-01 -9.999875426292419434e-01 0.000000000000000000e+00 4.995360970497131348e-03
-4.985854495316743851e-03 -0.000000000000000000e+00 -9.999876022338867188e-01 -9.999876022338867188e-01 0.000000000000000000e+00 4.985854495316743851e-03
-4.977874923497438431e-03 0.000000000000000000e+00 -9.999876022338867188e-01 -9.999876022338867188e-01 0.000000000000000000e+00 4.977874923497438431e-03
-4.976824857294559479e-03 0.000000000000000000e+00 -9.999876022338867188e-01 -9.999876022338867188e-01 0.000000000000000000e+00 4.976824857294559479e-03
-4.247686360031366348e-03 0.000000000000000000e+00 -9.999909996986389160e-01 -9.999909996986389160e-01 0.000000000000000000e+00 4.247686360031366348e-03
-4.257980734109878540e-03 0.000000000000000000e+00 -9.999909400939941406e-01 -9.999909400939941406e-01 0.000000000000000000e+00 4.257980734109878540e-03
-4.250162281095981598e-03 0.000000000000000000e+00 -9.999909996986389160e-01 -9.999909996986389160e-01 0.000000000000000000e+00 4.250162281095981598e-03
-4.498376976698637009e-03 0.000000000000000000e+00 -9.999899268150329590e-01 -9.999899268150329590e-01 0.000000000000000000e+00 4.498376976698637009e-03
-4.510349594056606293e-03 0.000000000000000000e+00 -9.999898672103881836e-01 -9.999898672103881836e-01 0.000000000000000000e+00 4.510349594056606293e-03
-4.503789357841014862e-03 0.000000000000000000e+00 -9.999898672103881836e-01 -9.999898672103881836e-01 0.000000000000000000e+00 4.503789357841014862e-03
-4.499773960560560226e-03 0.000000000000000000e+00 -9.999898672103881836e-01 -9.999898672103881836e-01 0.000000000000000000e+00 4.499773960560560226e-03
-4.484374541789293289e-03 0.000000000000000000e+00 -9.999899864196777344e-01 -9.999899864196777344e-01 0.000000000000000000e+00 4.484374541789293289e-03
-4.523444455116987228e-03 0.000000000000000000e+00 -9.999898076057434082e-01 -9.999898076057434082e-01 0.000000000000000000e+00 4.523444455116987228e-03
-4.550619050860404968e-03 0.000000000000000000e+00 -9.999896883964538574e-01 -9.999896883964538574e-01 0.000000000000000000e+00 4.550619050860404968e-03
-4.571472294628620148e-03 0.000000000000000000e+00 -9.999895691871643066e-01 -9.999895691871643066e-01 0.000000000000000000e+00 4.571472294628620148e-03
-4.544229712337255478e-03 0.000000000000000000e+00 -9.999896883964538574e-01 -9.999896883964538574e-01 0.000000000000000000e+00 4.544229712337255478e-03
-4.564748611301183701e-03 0.000000000000000000e+00 -9.999895691871643066e-01 -9.999895691871643066e-01 0.000000000000000000e+00 4.564748611301183701e-03
-4.526577424257993698e-03 0.000000000000000000e+00 -9.999897480010986328e-01 -9.999897480010986328e-01 0.000000000000000000e+00 4.526577424257993698e-03
-4.532266408205032349e-03 0.000000000000000000e+00 -9.999897480010986328e-01 -9.999897480010986328e-01 0.000000000000000000e+00 4.532266408205032349e-03
-4.494645167142152786e-03 0.000000000000000000e+00 -9.999899268150329590e-01 -9.999899268150329590e-01 0.000000000000000000e+00 4.494645167142152786e-03
-4.493921063840389252e-03 0.000000000000000000e+00 -9.999899268150329590e-01 -9.999899268150329590e-01 0.000000000000000000e+00 4.493921063840389252e-03
-4.430583678185939789e-03 0.000000000000000000e+00 -9.999902248382568359e-01 -9.999902248382568359e-01 0.000000000000000000e+00 4.430583678185939789e-03
-4.367250949144363403e-03 0.000000000000000000e+00 -9.999904632568359375e-01 -9.999904632568359375e-01 0.000000000000000000e+00 4.367250949144363403e-03
-4.248667974025011063e-03 0.000000000000000000e+00 -9.999909996986389160e-01 -9.999909996986389160e-01 0.000000000000000000e+00 4.248667974025011063e-03
-4.052842035889625549e-03 0.000000000000000000e+00 -9.999917745590209961e-01 -9.999917745590209961e-01 0.000000000000000000e+00 4.052842035889625549e-03
-3.932934720069169998e-03 0.000000000000000000e+00 -9.999922513961791992e-01 -9.999922513961791992e-01 0.000000000000000000e+00 3.932934720069169998e-03
-3.827473847195506096e-03 0.000000000000000000e+00 -9.999926686286926270e-01 -9.999926686286926270e-01 0.000000000000000000e+00 3.827473847195506096e-03
-3.821894526481628418e-03 0.000000000000000000e+00 -9.999927282333374023e-01 -9.999927282333374023e-01 0.000000000000000000e+00 3.821894526481628418e-03
-3.789128037169575691e-03 0.000000000000000000e+00 -9.999928474426269531e-01 -9.999928474426269531e-01 0.000000000000000000e+00 3.789128037169575691e-03
-3.808805719017982483e-03 0.000000000000000000e+00 -9.999927878379821777e-01 -9.999927878379821777e-01 0.000000000000000000e+00 3.808805719017982483e-03
-3.830099711194634438e-03 0.000000000000000000e+00 -9.999926686286926270e-01 -9.999926686286926270e-01 0.000000000000000000e+00 3.830099711194634438e-03
-3.851677523925900459e-03 0.000000000000000000e+00 -9.999926090240478516e-01 -9.999926090240478516e-01 0.000000000000000000e+00 3.851677523925900459e-03
-3.869159612804651260e-03 0.000000000000000000e+00 -9.999925494194030762e-01 -9.999925494194030762e-01 0.000000000000000000e+00 3.869159612804651260e-03
-3.866025945171713829e-03 0.000000000000000000e+00 -9.999925494194030762e-01 -9.999925494194030762e-01 0.000000000000000000e+00 3.866025945171713829e-03
-3.876563161611557007e-03 0.000000000000000000e+00 -9.999924898147583008e-01 -9.999924898147583008e-01 0.000000000000000000e+00 3.876563161611557007e-03
-3.875497961416840553e-03 0.000000000000000000e+00 -9.999924898147583008e-01 -9.999924898147583008e-01 0.000000000000000000e+00 3.875497961416840553e-03
-3.889872692525386810e-03 0.000000000000000000e+00 -9.999924302101135254e-01 -9.999924302101135254e-01 0.000000000000000000e+00 3.889872692525386810e-03
-3.890873398631811142e-03 0.000000000000000000e+00 -9.999924302101135254e-01 -9.999924302101135254e-01 0.000000000000000000e+00 3.890873398631811142e-03
-3.905405756086111069e-03 0.000000000000000000e+00 -9.999923706054687500e-01 -9.999923706054687500e-01 0.000000000000000000e+00 3.905405756086111069e-03
-3.871937282383441925e-03 0.000000000000000000e+00 -9.999924898147583008e-01 -9.999924898147583008e-01 0.000000000000000000e+00 3.871937282383441925e-03
-3.894015680998563766e-03 0.000000000000000000e+00 -9.999924302101135254e-01 -9.999924302101135254e-01 0.000000000000000000e+00 3.894015680998563766e-03
-3.885674290359020233e-03 0.000000000000000000e+00 -9.999924898147583008e-01 -9.999924898147583008e-01 0.000000000000000000e+00 3.885674290359020233e-03
-3.894635941833257675e-03 0.000000000000000000e+00 -9.999924302101135254e-01 -9.999924302101135254e-01 0.000000000000000000e+00 3.894635941833257675e-03
-3.880584612488746643e-03 0.000000000000000000e+00 -9.999924898147583008e-01 -9.999924898147583008e-01 0.000000000000000000e+00 3.880584612488746643e-03
-3.872984787449240685e-03 0.000000000000000000e+00 -9.999924898147583008e-01 -9.999924898147583008e-01 0.000000000000000000e+00 3.872984787449240685e-03
