{
  "mesh": "/root/SemanPartMesh/input/cheburashka.obj",
  "feat_path": null,
  "crossfield": "/root/SemanPartMesh/pipeline_output_20260314_180229/neurcross_logs/cheburashka/save_crossField/cheburashka_iter_9999.txt",
  "face_count": 13334,
  "component_availability": {
    "geometry": true,
    "semantic": false,
    "field": true
  },
  "requested_weights": {
    "geometry": 0.45,
    "semantic": 0.35,
    "field": 0.2
  },
  "effective_weights": {
    "geometry": 0.6923076923076923,
    "field": 0.3076923076923077
  },
  "stats": {
    "geometry": {
      "min": 0.0,
      "max": 1.0,
      "mean": 0.30415703693427204,
      "std": 0.22517935688592616,
      "p50": 0.23912287412067704,
      "p90": 0.5903188483293321,
      "p95": 0.9997773167014169
    },
    "semantic": {
      "min": 0.0,
      "max": 0.0,
      "mean": 0.0,
      "std": 0.0,
      "p50": 0.0,
      "p90": 0.0,
      "p95": 0.0
    },
    "field": {
      "min": 0.0,
      "max": 1.0,
      "mean": 0.1885971680331727,
      "std": 0.26441601251415736,
      "p50": 0.07633060546398844,
      "p90": 0.5894574891549955,
      "p95": 0.9999601495608488
    },
    "complexity": {
      "min": 0.002430403467167924,
      "max": 1.0,
      "mean": 0.26860015419547223,
      "std": 0.20295565578130265,
      "p50": 0.21010775777119478,
      "p90": 0.511086894731676,
      "p95": 0.7415145070659721
    },
    "size_hint": {
      "min": 0.6,
      "max": 0.9990278386131328,
      "mean": 0.8925599383218111,
      "std": 0.08118226231252106,
      "p50": 0.9159568968915222,
      "p90": 0.9667400759669762,
      "p95": 0.9756327885719088
    },
    "density_hint": {
      "min": 1.000973107404311,
      "max": 1.6666666666666667,
      "mean": 1.1318176689869814,
      "std": 0.12729663106513633,
      "p50": 1.0917544301796591,
      "p90": 1.2569679419585538,
      "p95": 1.4216779215671098
    }
  }
}