{
  "mesh": "/root/SemanPartMesh/input/cheburashka.obj",
  "feat_path": null,
  "crossfield": "/root/SemanPartMesh/pipeline_output/sweep_semantic/logs/w20/cheburashka/save_crossField/cheburashka_iter_9999.txt",
  "face_count": 13334,
  "component_availability": {
    "geometry": true,
    "semantic": false,
    "field": true
  },
  "requested_weights": {
    "geometry": 0.45,
    "semantic": 0.35,
    "field": 0.2
  },
  "effective_weights": {
    "geometry": 0.6923076923076923,
    "field": 0.3076923076923077
  },
  "stats": {
    "geometry": {
      "min": 0.0,
      "max": 1.0,
      "mean": 0.30415703693427204,
      "std": 0.22517935688592616,
      "p50": 0.23912287412067704,
      "p90": 0.5903188483293321,
      "p95": 0.9997773167014169
    },
    "semantic": {
      "min": 0.0,
      "max": 0.0,
      "mean": 0.0,
      "std": 0.0,
      "p50": 0.0,
      "p90": 0.0,
      "p95": 0.0
    },
    "field": {
      "min": 0.0,
      "max": 1.0,
      "mean": 0.2682959038063001,
      "std": 0.2604531970905031,
      "p50": 0.1846347546442058,
      "p90": 0.6637427490867855,
      "p95": 0.9998220139057185
    },
    "complexity": {
      "min": 0.008543356428269304,
      "max": 1.0,
      "mean": 0.29312284212566525,
      "std": 0.20228296911160418,
      "p50": 0.2421242515054476,
      "p90": 0.5353021987201996,
      "p95": 0.7870354060832817
    },
    "size_hint": {
      "min": 0.35,
      "max": 0.994446818321625,
      "mean": 0.8094701526183175,
      "std": 0.1314839299225427,
      "p50": 0.8426192365214591,
      "p90": 0.9383810735705047,
      "p95": 0.9556635814908314
    },
    "density_hint": {
      "min": 1.0055841917094646,
      "max": 2.857142857142857,
      "mean": 1.2861763558905261,
      "std": 0.32754842821010766,
      "p50": 1.186775659356513,
      "p90": 1.5336163234880196,
      "p95": 2.0473889298434695
    }
  }
}