-4.905217587947845459e-01 8.714258670806884766e-01 -2.294455189257860184e-03 1.125483424402773380e-03 -1.999453175812959671e-03 -9.999973773956298828e-01
-4.905217885971069336e-01 8.714259266853332520e-01 -2.273278310894966125e-03 1.115095685236155987e-03 -1.980999251827597618e-03 -9.999974370002746582e-01
-6.173781752586364746e-01 7.866645455360412598e-01 -1.795845921151340008e-03 1.108717871829867363e-03 -1.412730547599494457e-03 -9.999983906745910645e-01
-6.173782348632812500e-01 7.866645455360412598e-01 -1.704729394987225533e-03 1.052464591339230537e-03 -1.341052469797432423e-03 -9.999985694885253906e-01
-7.298642396926879883e-01 6.835910081863403320e-01 -1.241895020939409733e-03 9.064154583029448986e-04 -8.489489555358886719e-04 -9.999992251396179199e-01
-7.298642992973327637e-01 6.835910677909851074e-01 -1.153016928583383560e-03 8.415464544668793678e-04 -7.881926139816641808e-04 -9.999993443489074707e-01
-8.253596425056457520e-01 5.646067261695861816e-01 -8.497409871779382229e-04 7.013421854935586452e-04 -4.797696310561150312e-04 -9.999996423721313477e-01
-8.253597021102905273e-01 5.646067261695861816e-01 -7.936907932162284851e-04 6.550805992446839809e-04 -4.481232899706810713e-04 -9.999997019767761230e-01
-9.016435146331787109e-01 4.324789643287658691e-01 -9.967159712687134743e-04 8.986829197965562344e-04 -4.310588992666453123e-04 -9.999995231628417969e-01
-9.016434550285339355e-01 4.324789345264434814e-01 -1.068580430001020432e-03 9.634789312258362770e-04 -4.621387342922389507e-04 -9.999994039535522461e-01
-9.569358229637145996e-01 2.902833819389343262e-01 -3.062627976760268211e-03 2.930752467364072800e-03 -8.890342433005571365e-04 -9.999953508377075195e-01
-9.569358825683593750e-01 2.902834117412567139e-01 -3.049823455512523651e-03 2.918499056249856949e-03 -8.853172766976058483e-04 -9.999953508377075195e-01
-9.899309277534484863e-01 1.413290500640869141e-01 -7.934861816465854645e-03 7.855212315917015076e-03 -1.121461740694940090e-03 -9.999685287475585938e-01
-9.899302721023559570e-01 1.413289457559585571e-01 -8.013682439923286438e-03 7.933242246508598328e-03 -1.132601755671203136e-03 -9.999678730964660645e-01
-9.998810291290283203e-01 -1.090743951499462128e-02 -1.090966071933507919e-02 1.090901158750057220e-02 1.190035472973249853e-04 -9.999405145645141602e-01
-9.998787045478820801e-01 -1.090741436928510666e-02 -1.111718174070119858e-02 1.111652143299579620e-02 1.212672141264192760e-04 -9.999382495880126953e-01
-9.865792393684387207e-01 -1.628849208354949951e-01 -1.139723788946866989e-02 1.124500948935747147e-02 1.856558839790523052e-03 -9.999350905418395996e-01
-9.865787029266357422e-01 -1.628848314285278320e-01 -1.144662592560052872e-02 1.129373721778392792e-02 1.864603837020695210e-03 -9.999344944953918457e-01
-9.503175020217895508e-01 -3.110703825950622559e-01 -1.148621365427970886e-02 1.091626938432455063e-02 3.573256311938166618e-03 -9.999340772628784180e-01
-9.503173232078552246e-01 -3.110703229904174805e-01 -1.150438468903303146e-02 1.093353796750307083e-02 3.578908974304795265e-03 -9.999338388442993164e-01
-8.919409513473510742e-01 -4.520185887813568115e-01 -1.098007801920175552e-02 9.794171899557113647e-03 4.963498562574386597e-03 -9.999397397041320801e-01
-8.919416666030883789e-01 -4.520189464092254639e-01 -1.090999972075223923e-02 9.731662459671497345e-03 4.931820090860128403e-03 -9.999405145645141602e-01
-8.128023147583007812e-01 -5.824448466300964355e-01 -1.050816755741834641e-02 8.541534654796123505e-03 6.120765581727027893e-03 -9.999448060989379883e-01
-8.128021955490112305e-01 -5.824447274208068848e-01 -1.052289549261331558e-02 8.553506806492805481e-03 6.129344925284385681e-03 -9.999446868896484375e-01
-7.147426009178161621e-01 -6.993170380592346191e-01 -9.939248673617839813e-03 7.104354444891214371e-03 6.951028481125831604e-03 -9.999505877494812012e-01
-7.147428989410400391e-01 -6.993173360824584961e-01 -9.891941212117671967e-03 7.070540916174650192e-03 6.917944177985191345e-03 -9.999510645866394043e-01
-6.000500321388244629e-01 -7.999189496040344238e-01 -8.349534124135971069e-03 5.010313354432582855e-03 6.679183803498744965e-03 -9.999651908874511719e-01
-6.000505089759826660e-01 -7.999195456504821777e-01 -8.260106667876243591e-03 4.956650082021951675e-03 6.607646122574806213e-03 -9.999659061431884766e-01
-4.713934659957885742e-01 -8.819139599800109863e-01 -3.997333347797393799e-03 1.884331810288131237e-03 3.525332082062959671e-03 -9.999920129776000977e-01
-4.713935256004333496e-01 -8.819140791893005371e-01 -3.960630856454372406e-03 1.867030514404177666e-03 3.492963733151555061e-03 -9.999921917915344238e-01
-3.317487239837646484e-01 -9.433671832084655762e-01 -1.095676445402204990e-03 3.634894965216517448e-04 1.033625798299908638e-03 -9.999994039535522461e-01
-3.317487239837646484e-01 -9.433671832084655762e-01 -1.089513185434043407e-03 3.614448360167443752e-04 1.027811551466584206e-03 -9.999994039535522461e-01
-1.843797266483306885e-01 -9.828550219535827637e-01 -3.133490099571645260e-04 5.777521073468960822e-05 3.079766756854951382e-04 -9.999999403953552246e-01
-1.843797266483306885e-01 -9.828549623489379883e-01 -4.457898903638124466e-04 8.219463052228093147e-05 4.381468752399086952e-04 -9.999999403953552246e-01
-3.271911293268203735e-02 -9.994645118713378906e-01 -4.442494537215679884e-04 1.453544791729655117e-05 4.440115881152451038e-04 -9.999999403953552246e-01
-3.271910175681114197e-02 -9.994642138481140137e-01 -8.975960081443190575e-04 2.936854252766352147e-05 8.971153292804956436e-04 -9.999995827674865723e-01
1.197020411491394043e-01 -9.928074479103088379e-01 -2.190695377066731453e-03 -2.622313331812620163e-04 2.174943918362259865e-03 -9.999976158142089844e-01
1.197019070386886597e-01 -9.928063750267028809e-01 -2.640734659507870674e-03 -3.161020867992192507e-04 2.621747320517897606e-03 -9.999965429306030273e-01
2.693400084972381592e-01 -9.630396366119384766e-01 -3.252518363296985626e-03 -8.760379860177636147e-04 3.132320707663893700e-03 -9.999946951866149902e-01
2.693397402763366699e-01 -9.630387425422668457e-01 -3.541042096912860870e-03 -9.537493460811674595e-04 3.410181961953639984e-03 -9.999937415122985840e-01
4.127046763896942139e-01 -9.108579158782958984e-01 -3.565300256013870239e-03 -1.471425523050129414e-03 3.247502725571393967e-03 -9.999936819076538086e-01
4.127042591571807861e-01 -9.108570218086242676e-01 -3.826969070360064507e-03 -1.579418079927563667e-03 3.485847264528274536e-03 -9.999926686286926270e-01
5.464627146720886230e-01 -8.374763131141662598e-01 -3.461686894297599792e-03 -1.891693915240466595e-03 2.899098210036754608e-03 -9.999940395355224609e-01
5.464622378349304199e-01 -8.374756574630737305e-01 -3.677004948258399963e-03 -2.009358024224638939e-03 3.079422982409596443e-03 -9.999932646751403809e-01
6.675067543983459473e-01 -7.446011900901794434e-01 -1.958776731044054031e-03 -1.307499129325151443e-03 1.458510290831327438e-03 -9.999980926513671875e-01
6.675067543983459473e-01 -7.446011900901794434e-01 -1.948656165041029453e-03 -1.300743664614856243e-03 1.450974610634148121e-03 -9.999981522560119629e-01
7.730032801628112793e-01 -6.343865990638732910e-01 4.431216977536678314e-03 3.425378352403640747e-03 -2.811131766065955162e-03 -9.999901652336120605e-01
7.730020284652709961e-01 -6.343855261802673340e-01 4.778831265866756439e-03 3.694088663905858994e-03 -3.031656378880143166e-03 -9.999886155128479004e-01
8.604288101196289062e-01 -5.093631148338317871e-01 1.454515289515256882e-02 1.251639332622289658e-02 -7.409548386931419373e-03 -9.998942613601684570e-01
8.604192733764648438e-01 -5.093575119972229004e-01 1.528568472713232040e-02 1.315363496541976929e-02 -7.786787580698728561e-03 -9.998831748962402344e-01
9.278606772422790527e-01 -3.725272715091705322e-01 1.726318709552288055e-02 1.602021977305412292e-02 -6.431966554373502731e-03 -9.998509883880615234e-01
9.278543591499328613e-01 -3.725247383117675781e-01 1.765370927751064301e-02 1.638262346386909485e-02 -6.577468011528253555e-03 -9.998441934585571289e-01
9.737242460250854492e-01 -2.270411401987075806e-01 1.770594343543052673e-02 1.724341139197349548e-02 -4.020608495920896530e-03 -9.998432993888854980e-01
9.737240672111511230e-01 -2.270410954952239990e-01 1.771618612110614777e-02 1.725338399410247803e-02 -4.022933542728424072e-03 -9.998430609703063965e-01
9.970116019248962402e-01 -7.627838104963302612e-02 1.223237253725528717e-02 1.219672989100217819e-02 -9.331353940069675446e-04 -9.999251961708068848e-01
9.970113039016723633e-01 -7.627835869789123535e-02 1.225581858307123184e-02 1.222010701894760132e-02 -9.349239408038556576e-04 -9.999248981475830078e-01
-4.836353007704019547e-03 0.000000000000000000e+00 9.999883174896240234e-01 -9.999883174896240234e-01 0.000000000000000000e+00 -4.836353007704019547e-03
-4.954096861183643341e-03 0.000000000000000000e+00 9.999877214431762695e-01 -9.999877214431762695e-01 0.000000000000000000e+00 -4.954096861183643341e-03
-1.248443033546209335e-03 9.999992251396179199e-01 0.000000000000000000e+00 -9.999992251396179199e-01 -1.248443033546209335e-03 0.000000000000000000e+00
-1.242674770765006542e-03 9.999992251396179199e-01 0.000000000000000000e+00 -9.999992251396179199e-01 -1.242674770765006542e-03 0.000000000000000000e+00
-1.249648397788405418e-03 9.999992251396179199e-01 0.000000000000000000e+00 -9.999992251396179199e-01 -1.249648397788405418e-03 0.000000000000000000e+00
-1.269427244551479816e-03 9.999992251396179199e-01 0.000000000000000000e+00 -9.999992251396179199e-01 -1.269427244551479816e-03 0.000000000000000000e+00
-1.252310932613909245e-03 9.999992251396179199e-01 0.000000000000000000e+00 -9.999992251396179199e-01 -1.252310932613909245e-03 0.000000000000000000e+00
-1.229473506100475788e-03 9.999992847442626953e-01 0.000000000000000000e+00 -9.999992847442626953e-01 -1.229473506100475788e-03 0.000000000000000000e+00
-1.238733646459877491e-03 9.999992251396179199e-01 0.000000000000000000e+00 -9.999992251396179199e-01 -1.238733646459877491e-03 0.000000000000000000e+00
-1.198422978632152081e-03 9.999992847442626953e-01 0.000000000000000000e+00 -9.999992847442626953e-01 -1.198422978632152081e-03 0.000000000000000000e+00
-1.205825246870517731e-03 9.999992847442626953e-01 -0.000000000000000000e+00 -9.999992847442626953e-01 -1.205825246870517731e-03 0.000000000000000000e+00
-1.185923814773559570e-03 9.999992847442626953e-01 -0.000000000000000000e+00 -9.999992847442626953e-01 -1.185923814773559570e-03 0.000000000000000000e+00
-1.363438554108142853e-03 9.999991059303283691e-01 -0.000000000000000000e+00 -9.999991059303283691e-01 -1.363438554108142853e-03 0.000000000000000000e+00
-1.351948711089789867e-03 9.999991059303283691e-01 -0.000000000000000000e+00 -9.999991059303283691e-01 -1.351948711089789867e-03 0.000000000000000000e+00
-1.382080488838255405e-03 9.999990463256835938e-01 0.000000000000000000e+00 -9.999990463256835938e-01 -1.382080488838255405e-03 0.000000000000000000e+00
-1.377396169118583202e-03 9.999990463256835938e-01 -0.000000000000000000e+00 -9.999990463256835938e-01 -1.377396169118583202e-03 0.000000000000000000e+00
-1.379014225676655769e-03 9.999990463256835938e-01 -0.000000000000000000e+00 -9.999990463256835938e-01 -1.379014225676655769e-03 0.000000000000000000e+00
-1.265310449525713921e-03 9.999992251396179199e-01 -0.000000000000000000e+00 -9.999992251396179199e-01 -1.265310449525713921e-03 0.000000000000000000e+00
-1.453337841667234898e-03 9.999989867210388184e-01 -0.000000000000000000e+00 -9.999989867210388184e-01 -1.453337841667234898e-03 0.000000000000000000e+00
-1.422088360413908958e-03 9.999989867210388184e-01 -0.000000000000000000e+00 -9.999989867210388184e-01 -1.422088360413908958e-03 0.000000000000000000e+00
-1.434884499758481979e-03 9.999989867210388184e-01 -0.000000000000000000e+00 -9.999989867210388184e-01 -1.434884499758481979e-03 0.000000000000000000e+00
-1.441924017854034901e-03 9.999989867210388184e-01 0.000000000000000000e+00 -9.999989867210388184e-01 -1.441924017854034901e-03 0.000000000000000000e+00
-1.432134187780320644e-03 9.999989867210388184e-01 -0.000000000000000000e+00 -9.999989867210388184e-01 -1.432134187780320644e-03 0.000000000000000000e+00
-1.424604561179876328e-03 9.999989867210388184e-01 0.000000000000000000e+00 -9.999989867210388184e-01 -1.424604561179876328e-03 0.000000000000000000e+00
-1.423776498995721340e-03 9.999989867210388184e-01 0.000000000000000000e+00 -9.999989867210388184e-01 -1.423776498995721340e-03 0.000000000000000000e+00
-1.411198521964251995e-03 9.999990463256835938e-01 -0.000000000000000000e+00 -9.999990463256835938e-01 -1.411198521964251995e-03 0.000000000000000000e+00
-1.399951521307229996e-03 9.999990463256835938e-01 0.000000000000000000e+00 -9.999990463256835938e-01 -1.399951521307229996e-03 0.000000000000000000e+00
-1.398760592564940453e-03 9.999990463256835938e-01 -0.000000000000000000e+00 -9.999990463256835938e-01 -1.398760592564940453e-03 0.000000000000000000e+00
-1.381012494675815105e-03 9.999990463256835938e-01 0.000000000000000000e+00 -9.999990463256835938e-01 -1.381012494675815105e-03 0.000000000000000000e+00
-1.399094238877296448e-03 9.999990463256835938e-01 -0.000000000000000000e+00 -9.999990463256835938e-01 -1.399094238877296448e-03 0.000000000000000000e+00
-1.371970283798873425e-03 9.999990463256835938e-01 0.000000000000000000e+00 -9.999990463256835938e-01 -1.371970283798873425e-03 0.000000000000000000e+00
-1.366605865769088268e-03 9.999991059303283691e-01 0.000000000000000000e+00 -9.999991059303283691e-01 -1.366605865769088268e-03 0.000000000000000000e+00
-1.463908818550407887e-03 9.999989271163940430e-01 0.000000000000000000e+00 -9.999989271163940430e-01 -1.463908818550407887e-03 0.000000000000000000e+00
-1.461214036680757999e-03 9.999989271163940430e-01 -0.000000000000000000e+00 -9.999989271163940430e-01 -1.461214036680757999e-03 0.000000000000000000e+00
-1.470045652240514755e-03 9.999989271163940430e-01 0.000000000000000000e+00 -9.999989271163940430e-01 -1.470045652240514755e-03 0.000000000000000000e+00
-1.477066194638609886e-03 9.999989271163940430e-01 0.000000000000000000e+00 -9.999989271163940430e-01 -1.477066194638609886e-03 0.000000000000000000e+00
-1.472275122068822384e-03 9.999989271163940430e-01 0.000000000000000000e+00 -9.999989271163940430e-01 -1.472275122068822384e-03 0.000000000000000000e+00
-1.478221849538385868e-03 9.999989271163940430e-01 0.000000000000000000e+00 -9.999989271163940430e-01 -1.478221849538385868e-03 0.000000000000000000e+00
-1.457591890357434750e-03 9.999989271163940430e-01 0.000000000000000000e+00 -9.999989271163940430e-01 -1.457591890357434750e-03 0.000000000000000000e+00
-1.453241333365440369e-03 9.999989867210388184e-01 0.000000000000000000e+00 -9.999989867210388184e-01 -1.453241333365440369e-03 0.000000000000000000e+00
-1.435131765902042389e-03 9.999989867210388184e-01 0.000000000000000000e+00 -9.999989867210388184e-01 -1.435131765902042389e-03 0.000000000000000000e+00
-1.420253887772560120e-03 9.999989867210388184e-01 0.000000000000000000e+00 -9.999989867210388184e-01 -1.420253887772560120e-03 0.000000000000000000e+00
-1.411757315509021282e-03 9.999990463256835938e-01 0.000000000000000000e+00 -9.999990463256835938e-01 -1.411757315509021282e-03 0.000000000000000000e+00
-1.396589679643511772e-03 9.999990463256835938e-01 0.000000000000000000e+00 -9.999990463256835938e-01 -1.396589679643511772e-03 0.000000000000000000e+00
-1.372682629153132439e-03 9.999990463256835938e-01 0.000000000000000000e+00 -9.999990463256835938e-01 -1.372682629153132439e-03 0.000000000000000000e+00
-1.371229998767375946e-03 9.999990463256835938e-01 0.000000000000000000e+00 -9.999990463256835938e-01 -1.371229998767375946e-03 0.000000000000000000e+00
-1.353660365566611290e-03 9.999991059303283691e-01 0.000000000000000000e+00 -9.999991059303283691e-01 -1.353660365566611290e-03 0.000000000000000000e+00
-1.360629801638424397e-03 9.999991059303283691e-01 0.000000000000000000e+00 -9.999991059303283691e-01 -1.360629801638424397e-03 0.000000000000000000e+00
-1.340685877948999405e-03 9.999991059303283691e-01 0.000000000000000000e+00 -9.999991059303283691e-01 -1.340685877948999405e-03 0.000000000000000000e+00
-1.340715098194777966e-03 9.999991059303283691e-01 0.000000000000000000e+00 -9.999991059303283691e-01 -1.340715098194777966e-03 0.000000000000000000e+00
-1.327557605691254139e-03 9.999991059303283691e-01 0.000000000000000000e+00 -9.999991059303283691e-01 -1.327557605691254139e-03 0.000000000000000000e+00
-1.312163309194147587e-03 9.999991655349731445e-01 0.000000000000000000e+00 -9.999991655349731445e-01 -1.312163309194147587e-03 0.000000000000000000e+00
-1.449355739168822765e-03 9.999989867210388184e-01 0.000000000000000000e+00 -9.999989867210388184e-01 -1.449355739168822765e-03 0.000000000000000000e+00
-1.464018481783568859e-03 9.999989271163940430e-01 0.000000000000000000e+00 -9.999989271163940430e-01 -1.464018481783568859e-03 0.000000000000000000e+00
-1.459724851883947849e-03 9.999989271163940430e-01 0.000000000000000000e+00 -9.999989271163940430e-01 -1.459724851883947849e-03 0.000000000000000000e+00
-1.445834524929523468e-03 9.999989867210388184e-01 0.000000000000000000e+00 -9.999989867210388184e-01 -1.445834524929523468e-03 0.000000000000000000e+00
-1.464909291826188564e-03 9.999989271163940430e-01 0.000000000000000000e+00 -9.999989271163940430e-01 -1.464909291826188564e-03 0.000000000000000000e+00
-1.462017185986042023e-03 9.999989271163940430e-01 0.000000000000000000e+00 -9.999989271163940430e-01 -1.462017185986042023e-03 0.000000000000000000e+00
-1.473618089221417904e-03 9.999989271163940430e-01 0.000000000000000000e+00 -9.999989271163940430e-01 -1.473618089221417904e-03 0.000000000000000000e+00
-1.473524374887347221e-03 9.999989271163940430e-01 0.000000000000000000e+00 -9.999989271163940430e-01 -1.473524374887347221e-03 0.000000000000000000e+00
-1.483412343077361584e-03 9.999989271163940430e-01 0.000000000000000000e+00 -9.999989271163940430e-01 -1.483412343077361584e-03 0.000000000000000000e+00
-1.478954800404608250e-03 9.999989271163940430e-01 0.000000000000000000e+00 -9.999989271163940430e-01 -1.478954800404608250e-03 0.000000000000000000e+00
-1.486066146753728390e-03 9.999989271163940430e-01 0.000000000000000000e+00 -9.999989271163940430e-01 -1.486066146753728390e-03 0.000000000000000000e+00
-1.476024510338902473e-03 9.999989271163940430e-01 0.000000000000000000e+00 -9.999989271163940430e-01 -1.476024510338902473e-03 0.000000000000000000e+00
-1.474781078286468983e-03 9.999989271163940430e-01 0.000000000000000000e+00 -9.999989271163940430e-01 -1.474781078286468983e-03 0.000000000000000000e+00
-1.457783509977161884e-03 9.999989271163940430e-01 0.000000000000000000e+00 -9.999989271163940430e-01 -1.457783509977161884e-03 0.000000000000000000e+00
-1.444974332116544247e-03 9.999989867210388184e-01 0.000000000000000000e+00 -9.999989867210388184e-01 -1.444974332116544247e-03 0.000000000000000000e+00
-1.429282943718135357e-03 9.999989867210388184e-01 0.000000000000000000e+00 -9.999989867210388184e-01 -1.429282943718135357e-03 0.000000000000000000e+00
-1.399903208948671818e-03 9.999990463256835938e-01 0.000000000000000000e+00 -9.999990463256835938e-01 -1.399903208948671818e-03 0.000000000000000000e+00
-1.384968287311494350e-03 9.999990463256835938e-01 0.000000000000000000e+00 -9.999990463256835938e-01 -1.384968287311494350e-03 0.000000000000000000e+00
-1.370236626826226711e-03 9.999990463256835938e-01 0.000000000000000000e+00 -9.999990463256835938e-01 -1.370236626826226711e-03 0.000000000000000000e+00
-1.418789499439299107e-03 9.999989867210388184e-01 0.000000000000000000e+00 -9.999989867210388184e-01 -1.418789499439299107e-03 0.000000000000000000e+00
-1.409589312970638275e-03 9.999990463256835938e-01 0.000000000000000000e+00 -9.999990463256835938e-01 -1.409589312970638275e-03 0.000000000000000000e+00
-1.401992281898856163e-03 9.999990463256835938e-01 0.000000000000000000e+00 -9.999990463256835938e-01 -1.401992281898856163e-03 0.000000000000000000e+00
-1.393197220750153065e-03 9.999990463256835938e-01 0.000000000000000000e+00 -9.999990463256835938e-01 -1.393197220750153065e-03 0.000000000000000000e+00
-1.257343450561165810e-03 9.999992251396179199e-01 -0.000000000000000000e+00 -9.999992251396179199e-01 -1.257343450561165810e-03 0.000000000000000000e+00
-1.262819045223295689e-03 9.999992251396179199e-01 0.000000000000000000e+00 -9.999992251396179199e-01 -1.262819045223295689e-03 0.000000000000000000e+00
-1.268894760869443417e-03 9.999992251396179199e-01 0.000000000000000000e+00 -9.999992251396179199e-01 -1.268894760869443417e-03 0.000000000000000000e+00
-1.279325340874493122e-03 9.999992251396179199e-01 0.000000000000000000e+00 -9.999992251396179199e-01 -1.279325340874493122e-03 0.000000000000000000e+00
-1.285301172174513340e-03 9.999991655349731445e-01 0.000000000000000000e+00 -9.999991655349731445e-01 -1.285301172174513340e-03 0.000000000000000000e+00
-1.292212051339447498e-03 9.999991655349731445e-01 0.000000000000000000e+00 -9.999991655349731445e-01 -1.292212051339447498e-03 0.000000000000000000e+00
-1.284166006371378899e-03 9.999991655349731445e-01 0.000000000000000000e+00 -9.999991655349731445e-01 -1.284166006371378899e-03 0.000000000000000000e+00
-1.287774997763335705e-03 9.999991655349731445e-01 0.000000000000000000e+00 -9.999991655349731445e-01 -1.287774997763335705e-03 0.000000000000000000e+00
-1.284435158595442772e-03 9.999991655349731445e-01 0.000000000000000000e+00 -9.999991655349731445e-01 -1.284435158595442772e-03 0.000000000000000000e+00
-1.283841207623481750e-03 9.999991655349731445e-01 0.000000000000000000e+00 -9.999991655349731445e-01 -1.283841207623481750e-03 0.000000000000000000e+00
-1.283990452066063881e-03 9.999991655349731445e-01 0.000000000000000000e+00 -9.999991655349731445e-01 -1.283990452066063881e-03 0.000000000000000000e+00
-1.279998221434652805e-03 9.999992251396179199e-01 0.000000000000000000e+00 -9.999992251396179199e-01 -1.279998221434652805e-03 0.000000000000000000e+00
-1.278609968721866608e-03 9.999992251396179199e-01 0.000000000000000000e+00 -9.999992251396179199e-01 -1.278609968721866608e-03 0.000000000000000000e+00
-1.284486381337046623e-03 9.999991655349731445e-01 0.000000000000000000e+00 -9.999991655349731445e-01 -1.284486381337046623e-03 0.000000000000000000e+00
-1.278018928132951260e-03 9.999992251396179199e-01 0.000000000000000000e+00 -9.999992251396179199e-01 -1.278018928132951260e-03 0.000000000000000000e+00
-1.280742813833057880e-03 9.999991655349731445e-01 0.000000000000000000e+00 -9.999991655349731445e-01 -1.280742813833057880e-03 0.000000000000000000e+00
-1.270313747227191925e-03 9.999992251396179199e-01 0.000000000000000000e+00 -9.999992251396179199e-01 -1.270313747227191925e-03 0.000000000000000000e+00
-1.270322478376328945e-03 9.999992251396179199e-01 0.000000000000000000e+00 -9.999992251396179199e-01 -1.270322478376328945e-03 0.000000000000000000e+00
-1.259451499208807945e-03 9.999992251396179199e-01 0.000000000000000000e+00 -9.999992251396179199e-01 -1.259451499208807945e-03 0.000000000000000000e+00
-1.270814100280404091e-03 9.999992251396179199e-01 0.000000000000000000e+00 -9.999992251396179199e-01 -1.270814100280404091e-03 0.000000000000000000e+00
-1.262406585738062859e-03 9.999992251396179199e-01 0.000000000000000000e+00 -9.999992251396179199e-01 -1.262406585738062859e-03 0.000000000000000000e+00
-1.239795703440904617e-03 9.999992251396179199e-01 0.000000000000000000e+00 -9.999992251396179199e-01 -1.239795703440904617e-03 0.000000000000000000e+00
-1.249347114935517311e-03 9.999992251396179199e-01 0.000000000000000000e+00 -9.999992251396179199e-01 -1.249347114935517311e-03 0.000000000000000000e+00
-1.236543641425669193e-03 9.999992251396179199e-01 0.000000000000000000e+00 -9.999992251396179199e-01 -1.236543641425669193e-03 0.000000000000000000e+00
-1.231259666383266449e-03 9.999992847442626953e-01 0.000000000000000000e+00 -9.999992847442626953e-01 -1.231259666383266449e-03 0.000000000000000000e+00
-1.215771655552089214e-03 9.999992847442626953e-01 0.000000000000000000e+00 -9.999992847442626953e-01 -1.215771655552089214e-03 0.000000000000000000e+00
-1.209302572533488274e-03 9.999992847442626953e-01 -0.000000000000000000e+00 -9.999992847442626953e-01 -1.209302572533488274e-03 0.000000000000000000e+00
-1.194952987134456635e-03 9.999992847442626953e-01 0.000000000000000000e+00 -9.999992847442626953e-01 -1.194952987134456635e-03 0.000000000000000000e+00
-1.164787565357983112e-03 9.999993443489074707e-01 0.000000000000000000e+00 -9.999993443489074707e-01 -1.164787565357983112e-03 0.000000000000000000e+00
-1.171363517642021179e-03 9.999993443489074707e-01 -0.000000000000000000e+00 -9.999993443489074707e-01 -1.171363517642021179e-03 0.000000000000000000e+00
-1.140064327046275139e-03 9.999993443489074707e-01 0.000000000000000000e+00 -9.999993443489074707e-01 -1.140064327046275139e-03 0.000000000000000000e+00
-1.157445251010358334e-03 9.999993443489074707e-01 -0.000000000000000000e+00 -9.999993443489074707e-01 -1.157445251010358334e-03 0.000000000000000000e+00
-1.126441755332052708e-03 9.999994039535522461e-01 0.000000000000000000e+00 -9.999994039535522461e-01 -1.126441755332052708e-03 0.000000000000000000e+00
-1.153218909166753292e-03 9.999993443489074707e-01 -0.000000000000000000e+00 -9.999993443489074707e-01 -1.153218909166753292e-03 0.000000000000000000e+00
-1.153708901256322861e-03 9.999993443489074707e-01 -0.000000000000000000e+00 -9.999993443489074707e-01 -1.153708901256322861e-03 0.000000000000000000e+00
-1.125790760852396488e-03 9.999994039535522461e-01 0.000000000000000000e+00 -9.999994039535522461e-01 -1.125790760852396488e-03 0.000000000000000000e+00
-1.158463419415056705e-03 9.999993443489074707e-01 -0.000000000000000000e+00 -9.999993443489074707e-01 -1.158463419415056705e-03 0.000000000000000000e+00
-1.134189194999635220e-03 9.999993443489074707e-01 0.000000000000000000e+00 -9.999993443489074707e-01 -1.134189194999635220e-03 0.000000000000000000e+00
-1.143420231528580189e-03 9.999993443489074707e-01 0.000000000000000000e+00 -9.999993443489074707e-01 -1.143420231528580189e-03 0.000000000000000000e+00
-1.175304641947150230e-03 9.999993443489074707e-01 -0.000000000000000000e+00 -9.999993443489074707e-01 -1.175304641947150230e-03 0.000000000000000000e+00
-1.170832430943846703e-03 9.999993443489074707e-01 0.000000000000000000e+00 -9.999993443489074707e-01 -1.170832430943846703e-03 0.000000000000000000e+00
-1.176293590106070042e-03 9.999993443489074707e-01 0.000000000000000000e+00 -9.999993443489074707e-01 -1.176293590106070042e-03 0.000000000000000000e+00
-1.170248724520206451e-03 9.999993443489074707e-01 0.000000000000000000e+00 -9.999993443489074707e-01 -1.170248724520206451e-03 0.000000000000000000e+00
-1.147836796008050442e-03 9.999993443489074707e-01 0.000000000000000000e+00 -9.999993443489074707e-01 -1.147836796008050442e-03 0.000000000000000000e+00
-1.197918318212032318e-03 9.999992847442626953e-01 0.000000000000000000e+00 -9.999992847442626953e-01 -1.197918318212032318e-03 0.000000000000000000e+00
-1.203850493766367435e-03 9.999992847442626953e-01 0.000000000000000000e+00 -9.999992847442626953e-01 -1.203850493766367435e-03 0.000000000000000000e+00
-1.239576260559260845e-03 9.999992251396179199e-01 0.000000000000000000e+00 -9.999992251396179199e-01 -1.239576260559260845e-03 0.000000000000000000e+00
-1.245888764970004559e-03 9.999992251396179199e-01 0.000000000000000000e+00 -9.999992251396179199e-01 -1.245888764970004559e-03 0.000000000000000000e+00
-1.250884612090885639e-03 9.999992251396179199e-01 0.000000000000000000e+00 -9.999992251396179199e-01 -1.250884612090885639e-03 0.000000000000000000e+00
-1.253462280146777630e-03 9.999992251396179199e-01 -0.000000000000000000e+00 -9.999992251396179199e-01 -1.253462280146777630e-03 0.000000000000000000e+00
-1.253083348274230957e-03 9.999992251396179199e-01 0.000000000000000000e+00 -9.999992251396179199e-01 -1.253083348274230957e-03 0.000000000000000000e+00
-1.272851950488984585e-03 9.999992251396179199e-01 0.000000000000000000e+00 -9.999992251396179199e-01 -1.272851950488984585e-03 0.000000000000000000e+00
-1.276302966289222240e-03 9.999992251396179199e-01 0.000000000000000000e+00 -9.999992251396179199e-01 -1.276302966289222240e-03 0.000000000000000000e+00
-1.273011323064565659e-03 9.999992251396179199e-01 0.000000000000000000e+00 -9.999992251396179199e-01 -1.273011323064565659e-03 0.000000000000000000e+00
-1.276112743653357029e-03 9.999992251396179199e-01 0.000000000000000000e+00 -9.999992251396179199e-01 -1.276112743653357029e-03 0.000000000000000000e+00
-1.275988412089645863e-03 9.999992251396179199e-01 0.000000000000000000e+00 -9.999992251396179199e-01 -1.275988412089645863e-03 0.000000000000000000e+00
-1.312802662141621113e-03 9.999991655349731445e-01 0.000000000000000000e+00 -9.999991655349731445e-01 -1.312802662141621113e-03 0.000000000000000000e+00
-1.305324141867458820e-03 9.999991655349731445e-01 0.000000000000000000e+00 -9.999991655349731445e-01 -1.305324141867458820e-03 0.000000000000000000e+00
-1.308121252804994583e-03 9.999991655349731445e-01 0.000000000000000000e+00 -9.999991655349731445e-01 -1.308121252804994583e-03 0.000000000000000000e+00
-1.312284730374813080e-03 9.999991655349731445e-01 0.000000000000000000e+00 -9.999991655349731445e-01 -1.312284730374813080e-03 0.000000000000000000e+00
-1.314963446930050850e-03 9.999991655349731445e-01 0.000000000000000000e+00 -9.999991655349731445e-01 -1.314963446930050850e-03 0.000000000000000000e+00
-1.318888505920767784e-03 9.999991655349731445e-01 0.000000000000000000e+00 -9.999991655349731445e-01 -1.318888505920767784e-03 0.000000000000000000e+00
-1.321303774602711201e-03 9.999991655349731445e-01 0.000000000000000000e+00 -9.999991655349731445e-01 -1.321303774602711201e-03 0.000000000000000000e+00
-1.323379692621529102e-03 9.999991655349731445e-01 0.000000000000000000e+00 -9.999991655349731445e-01 -1.323379692621529102e-03 0.000000000000000000e+00
-1.304150908254086971e-03 9.999991655349731445e-01 0.000000000000000000e+00 -9.999991655349731445e-01 -1.304150908254086971e-03 0.000000000000000000e+00
-1.301457639783620834e-03 9.999991655349731445e-01 0.000000000000000000e+00 -9.999991655349731445e-01 -1.301457639783620834e-03 0.000000000000000000e+00
-1.299495925195515156e-03 9.999991655349731445e-01 0.000000000000000000e+00 -9.999991655349731445e-01 -1.299495925195515156e-03 0.000000000000000000e+00
-1.299027819186449051e-03 9.999991655349731445e-01 0.000000000000000000e+00 -9.999991655349731445e-01 -1.299027819186449051e-03 0.000000000000000000e+00
-1.338748959824442863e-03 9.999991059303283691e-01 0.000000000000000000e+00 -9.999991059303283691e-01 -1.338748959824442863e-03 0.000000000000000000e+00
-1.341323717497289181e-03 9.999991059303283691e-01 0.000000000000000000e+00 -9.999991059303283691e-01 -1.341323717497289181e-03 0.000000000000000000e+00
-1.344378222711384296e-03 9.999991059303283691e-01 0.000000000000000000e+00 -9.999991059303283691e-01 -1.344378222711384296e-03 0.000000000000000000e+00
-1.345990342088043690e-03 9.999991059303283691e-01 0.000000000000000000e+00 -9.999991059303283691e-01 -1.345990342088043690e-03 0.000000000000000000e+00
-1.349886064417660236e-03 9.999991059303283691e-01 0.000000000000000000e+00 -9.999991059303283691e-01 -1.349886064417660236e-03 0.000000000000000000e+00
-1.350305858068168163e-03 9.999991059303283691e-01 0.000000000000000000e+00 -9.999991059303283691e-01 -1.350305858068168163e-03 0.000000000000000000e+00
-1.352526596747338772e-03 9.999991059303283691e-01 0.000000000000000000e+00 -9.999991059303283691e-01 -1.352526596747338772e-03 0.000000000000000000e+00
-1.335752895101904869e-03 9.999991059303283691e-01 0.000000000000000000e+00 -9.999991059303283691e-01 -1.335752895101904869e-03 0.000000000000000000e+00
-1.333480933681130409e-03 9.999991059303283691e-01 0.000000000000000000e+00 -9.999991059303283691e-01 -1.333480933681130409e-03 0.000000000000000000e+00
-1.330005121417343616e-03 9.999991059303283691e-01 0.000000000000000000e+00 -9.999991059303283691e-01 -1.330005121417343616e-03 0.000000000000000000e+00
-1.328959129750728607e-03 9.999991059303283691e-01 0.000000000000000000e+00 -9.999991059303283691e-01 -1.328959129750728607e-03 0.000000000000000000e+00
-2.393118441104888916e-01 -9.709256887435913086e-01 5.757928360253572464e-03 -1.377963228151202202e-03 -5.590613000094890594e-03 -9.999834299087524414e-01
-2.393114268779754639e-01 -9.709240198135375977e-01 6.045822519809007645e-03 -1.446860958822071552e-03 -5.870142020285129547e-03 -9.999817609786987305e-01
2.393145114183425903e-01 -9.709385037422180176e-01 -2.648251131176948547e-03 -6.337671075016260147e-04 2.571298042312264442e-03 -9.999964833259582520e-01
2.393145114183425903e-01 -9.709385037422180176e-01 -2.650697017088532448e-03 -6.343525019474327564e-04 2.573672914877533913e-03 -9.999964833259582520e-01
6.631207466125488281e-01 -7.485071420669555664e-01 -2.823112998157739639e-03 -1.872072229161858559e-03 2.113128546625375748e-03 -9.999960064888000488e-01
6.631207466125488281e-01 -7.485072016716003418e-01 -2.802930539473891258e-03 -1.858688774518668652e-03 2.098021795973181725e-03 -9.999960660934448242e-01
9.350135326385498047e-01 -3.546048700809478760e-01 -2.271893201395869255e-03 -2.124256221577525139e-03 8.056264487095177174e-04 -9.999974370002746582e-01
9.350135326385498047e-01 -3.546048700809478760e-01 -2.251839498057961464e-03 -2.105505904182791710e-03 7.985153351910412312e-04 -9.999974966049194336e-01
9.927071928977966309e-01 1.205362677574157715e-01 -1.880446332506835461e-03 -1.866735867224633694e-03 -2.266623778268694878e-04 -9.999982714653015137e-01
9.927071928977966309e-01 1.205362677574157715e-01 -1.871510874480009079e-03 -1.857865485362708569e-03 -2.255853323731571436e-04 -9.999982714653015137e-01
8.229824304580688477e-01 5.680639147758483887e-01 -1.842723577283322811e-03 -1.516531687229871750e-03 -1.046786550432443619e-03 -9.999983310699462891e-01
8.229823708534240723e-01 5.680639147758483887e-01 -1.849581720307469368e-03 -1.522175851278007030e-03 -1.050682389177381992e-03 -9.999982714653015137e-01
4.647225439548492432e-01 8.854546546936035156e-01 -1.757306861691176891e-03 -8.166612824425101280e-04 -1.556017785333096981e-03 -9.999984502792358398e-01
4.647225141525268555e-01 8.854545950889587402e-01 -1.785786938853561878e-03 -8.298965985886752605e-04 -1.581235555931925774e-03 -9.999983906745910645e-01
0.000000000000000000e+00 3.211400471627712250e-03 9.999948740005493164e-01 0.000000000000000000e+00 9.999948740005493164e-01 -3.211400471627712250e-03
0.000000000000000000e+00 3.215479198843240738e-03 9.999948740005493164e-01 0.000000000000000000e+00 9.999948740005493164e-01 -3.215479198843240738e-03
-4.647177755832672119e-01 8.854455947875976562e-01 -4.853040445595979691e-03 2.255320549011230469e-03 -4.297153558582067490e-03 -9.999882578849792480e-01
-4.647177755832672119e-01 8.854455947875976562e-01 -4.849626682698726654e-03 2.253734273836016655e-03 -4.294130951166152954e-03 -9.999882578849792480e-01
-8.229770660400390625e-01 5.680602192878723145e-01 -4.038041457533836365e-03 3.323242999613285065e-03 -2.293869620189070702e-03 -9.999918937683105469e-01
-8.229770660400390625e-01 5.680602192878723145e-01 -4.045745357871055603e-03 3.329582978039979935e-03 -2.298245904967188835e-03 -9.999918341636657715e-01
-9.927058815956115723e-01 1.205361112952232361e-01 -2.476107096299529076e-03 2.458053641021251678e-03 -2.984612365253269672e-04 -9.999969601631164551e-01
-9.927058219909667969e-01 1.205361038446426392e-01 -2.492222469300031662e-03 2.474051434546709061e-03 -3.004037134815007448e-04 -9.999969005584716797e-01
-9.350015521049499512e-01 -3.545983135700225830e-01 5.666626151651144028e-03 -5.298389587551355362e-03 -2.009408315643668175e-03 -9.999839663505554199e-01
-9.350008368492126465e-01 -3.545980453491210938e-01 5.802028812468051910e-03 -5.424993112683296204e-03 -2.057422650977969170e-03 -9.999831914901733398e-01
-6.631095409393310547e-01 -7.484965324401855469e-01 6.218832917511463165e-03 -4.123847000300884247e-03 -4.654864780604839325e-03 -9.999806880950927734e-01
-6.631078720092773438e-01 -7.484946846961975098e-01 6.602243985980749130e-03 -4.378095734864473343e-03 -4.941852297633886337e-03 -9.999781847000122070e-01
-1.329491613432765007e-03 9.999991059303283691e-01 0.000000000000000000e+00 -9.999991059303283691e-01 -1.329491613432765007e-03 0.000000000000000000e+00
-1.332203857600688934e-03 9.999991059303283691e-01 0.000000000000000000e+00 -9.999991059303283691e-01 -1.332203857600688934e-03 0.000000000000000000e+00
-1.334393862634897232e-03 9.999991059303283691e-01 0.000000000000000000e+00 -9.999991059303283691e-01 -1.334393862634897232e-03 0.000000000000000000e+00
-1.337714609690010548e-03 9.999991059303283691e-01 0.000000000000000000e+00 -9.999991059303283691e-01 -1.337714609690010548e-03 0.000000000000000000e+00
-1.339249312877655029e-03 9.999991059303283691e-01 0.000000000000000000e+00 -9.999991059303283691e-01 -1.339249312877655029e-03 0.000000000000000000e+00
-1.341007649898529053e-03 9.999991059303283691e-01 0.000000000000000000e+00 -9.999991059303283691e-01 -1.341007649898529053e-03 0.000000000000000000e+00
-1.342552481219172478e-03 9.999991059303283691e-01 0.000000000000000000e+00 -9.999991059303283691e-01 -1.342552481219172478e-03 0.000000000000000000e+00
-1.327269361354410648e-03 9.999991059303283691e-01 0.000000000000000000e+00 -9.999991059303283691e-01 -1.327269361354410648e-03 0.000000000000000000e+00
-1.324936165474355221e-03 9.999991655349731445e-01 0.000000000000000000e+00 -9.999991655349731445e-01 -1.324936165474355221e-03 0.000000000000000000e+00
-1.323956064879894257e-03 9.999991655349731445e-01 0.000000000000000000e+00 -9.999991655349731445e-01 -1.323956064879894257e-03 0.000000000000000000e+00
-1.322302967309951782e-03 9.999991655349731445e-01 0.000000000000000000e+00 -9.999991655349731445e-01 -1.322302967309951782e-03 0.000000000000000000e+00
-2.393109351396560669e-01 -9.709240198135375977e-01 6.073617842048406601e-03 -1.453509903512895107e-03 -5.897129885852336884e-03 -9.999815821647644043e-01
-2.393105626106262207e-01 -9.709225296974182129e-01 6.317706778645515442e-03 -1.511924318037927151e-03 -6.134126801043748856e-03 -9.999800920486450195e-01
2.393148690462112427e-01 -9.709379673004150391e-01 -2.817957894876599312e-03 -6.743817939423024654e-04 2.736072754487395287e-03 -9.999960064888000488e-01
2.393148541450500488e-01 -9.709379076957702637e-01 -2.834295621141791344e-03 -6.782917189411818981e-04 2.751935971900820732e-03 -9.999960064888000488e-01
6.631189584732055664e-01 -7.485072016716003418e-01 -3.203938016667962074e-03 -2.124602906405925751e-03 2.398182870820164680e-03 -9.999948740005493164e-01
6.631190180778503418e-01 -7.485072016716003418e-01 -3.189554903656244278e-03 -2.115065231919288635e-03 2.387417014688253403e-03 -9.999949336051940918e-01
9.350119233131408691e-01 -3.546042442321777344e-01 -2.926052315160632133e-03 -2.735905582085251808e-03 1.037594978697597980e-03 -9.999957084655761719e-01
9.350119829177856445e-01 -3.546042740345001221e-01 -2.911276649683713913e-03 -2.722090110182762146e-03 1.032355474308133125e-03 -9.999957680702209473e-01
9.927062988281250000e-01 1.205380335450172424e-01 -2.186973812058568001e-03 -2.171027939766645432e-03 -2.636141725815832615e-04 -9.999976158142089844e-01
9.927063584327697754e-01 1.205380409955978394e-01 -2.170981606468558311e-03 -2.155152382329106331e-03 -2.616864803712815046e-04 -9.999976754188537598e-01
8.229821324348449707e-01 5.680637359619140625e-01 -2.010967582464218140e-03 -1.654993742704391479e-03 -1.142360037192702293e-03 -9.999979734420776367e-01
8.229821324348449707e-01 5.680637359619140625e-01 -2.013498451560735703e-03 -1.657076645642518997e-03 -1.143797766417264938e-03 -9.999979734420776367e-01
4.647223055362701416e-01 8.854542374610900879e-01 -1.989573938772082329e-03 -9.246012195944786072e-04 -1.761680119670927525e-03 -9.999980330467224121e-01
4.647223055362701416e-01 8.854542374610900879e-01 -2.007459755986928940e-03 -9.329130989499390125e-04 -1.777517027221620083e-03 -9.999979734420776367e-01
0.000000000000000000e+00 3.505067899823188782e-03 9.999938607215881348e-01 0.000000000000000000e+00 9.999938607215881348e-01 -3.505067899823188782e-03
0.000000000000000000e+00 3.510574111714959145e-03 9.999938607215881348e-01 0.000000000000000000e+00 9.999938607215881348e-01 -3.510574111714959145e-03
-4.647194743156433105e-01 8.854488134384155273e-01 -4.025419708341360092e-03 1.870706095360219479e-03 -3.564331913366913795e-03 -9.999918937683105469e-01
-4.647194743156433105e-01 8.854488134384155273e-01 -4.031438380479812622e-03 1.873503089882433414e-03 -3.569661173969507217e-03 -9.999918937683105469e-01
-8.229771852493286133e-01 5.680602788925170898e-01 -4.007891286164522171e-03 3.298429539427161217e-03 -2.276742132380604744e-03 -9.999919533729553223e-01
-8.229771256446838379e-01 5.680602788925170898e-01 -4.025355447083711624e-03 3.312802407890558243e-03 -2.286663046106696129e-03 -9.999918937683105469e-01
-9.927036762237548828e-01 1.205357164144515991e-01 -3.249963978305459023e-03 3.226268338039517403e-03 -3.917388094123452902e-04 -9.999946951866149902e-01
-9.927036762237548828e-01 1.205357164144515991e-01 -3.257060656324028969e-03 3.233313094824552536e-03 -3.925942291971296072e-04 -9.999946951866149902e-01
-9.350128173828125000e-01 -3.546045720577239990e-01 2.573189092800021172e-03 -2.405972918495535851e-03 -9.124677162617444992e-04 -9.999967217445373535e-01
-9.350126385688781738e-01 -3.546045124530792236e-01 2.651096554473042488e-03 -2.478817477822303772e-03 -9.400941198691725731e-04 -9.999964833259582520e-01
-6.631178259849548340e-01 -7.485038638114929199e-01 4.090299829840660095e-03 -2.712373388931155205e-03 -3.061630763113498688e-03 -9.999916553497314453e-01
-6.631172299385070801e-01 -7.485031485557556152e-01 4.319333937019109726e-03 -2.864251146093010902e-03 -3.233065130189061165e-03 -9.999907016754150391e-01
-1.351587357930839062e-03 9.999991059303283691e-01 0.000000000000000000e+00 -9.999991059303283691e-01 -1.351587357930839062e-03 0.000000000000000000e+00
-1.355698215775191784e-03 9.999991059303283691e-01 0.000000000000000000e+00 -9.999991059303283691e-01 -1.355698215775191784e-03 0.000000000000000000e+00
-1.356419408693909645e-03 9.999991059303283691e-01 0.000000000000000000e+00 -9.999991059303283691e-01 -1.356419408693909645e-03 0.000000000000000000e+00
-1.361020375043153763e-03 9.999991059303283691e-01 0.000000000000000000e+00 -9.999991059303283691e-01 -1.361020375043153763e-03 0.000000000000000000e+00
-1.362971961498260498e-03 9.999991059303283691e-01 0.000000000000000000e+00 -9.999991059303283691e-01 -1.362971961498260498e-03 0.000000000000000000e+00
-1.367648830637335777e-03 9.999991059303283691e-01 0.000000000000000000e+00 -9.999991059303283691e-01 -1.367648830637335777e-03 0.000000000000000000e+00
-1.368738710880279541e-03 9.999991059303283691e-01 0.000000000000000000e+00 -9.999991059303283691e-01 -1.368738710880279541e-03 0.000000000000000000e+00
-1.350033795461058617e-03 9.999991059303283691e-01 0.000000000000000000e+00 -9.999991059303283691e-01 -1.350033795461058617e-03 0.000000000000000000e+00
-1.346307806670665741e-03 9.999991059303283691e-01 0.000000000000000000e+00 -9.999991059303283691e-01 -1.346307806670665741e-03 0.000000000000000000e+00
-1.347093377262353897e-03 9.999991059303283691e-01 0.000000000000000000e+00 -9.999991059303283691e-01 -1.347093377262353897e-03 0.000000000000000000e+00
-1.344208605587482452e-03 9.999991059303283691e-01 0.000000000000000000e+00 -9.999991059303283691e-01 -1.344208605587482452e-03 0.000000000000000000e+00
-2.393152564764022827e-01 -9.709415435791015625e-01 8.264279458671808243e-04 -1.977768843062222004e-04 -8.024135022424161434e-04 -9.999996423721313477e-01
-2.393152415752410889e-01 -9.709414839744567871e-01 9.413810912519693375e-04 -2.252869453513994813e-04 -9.140263427980244160e-04 -9.999995827674865723e-01
2.393153607845306396e-01 -9.709399938583374023e-01 -1.943846116773784161e-03 -4.651930648833513260e-04 1.887361286208033562e-03 -9.999980926513671875e-01
2.393153458833694458e-01 -9.709399342536926270e-01 -1.968235941603779793e-03 -4.710299836006015539e-04 1.911042490974068642e-03 -9.999980926513671875e-01
6.631205677986145020e-01 -7.485089898109436035e-01 -2.324177650734782219e-03 -1.541214180178940296e-03 1.739672617986798286e-03 -9.999973177909851074e-01
6.631205081939697266e-01 -7.485089302062988281e-01 -2.357581863179802895e-03 -1.563365338370203972e-03 1.764676067978143692e-03 -9.999972581863403320e-01
9.350125193595886230e-01 -3.546024560928344727e-01 -2.953561022877693176e-03 -2.761628478765487671e-03 1.047344529069960117e-03 -9.999956488609313965e-01
9.350125193595886230e-01 -3.546024560928344727e-01 -2.947130007669329643e-03 -2.755615627393126488e-03 1.045064185746014118e-03 -9.999957084655761719e-01
9.927040338516235352e-01 1.205358803272247314e-01 -3.148808376863598824e-03 -3.125850111246109009e-03 -3.795462544076144695e-04 -9.999950528144836426e-01
9.927040934562683105e-01 1.205358877778053284e-01 -3.125885967165231705e-03 -3.103094873949885368e-03 -3.767832822632044554e-04 -9.999951124191284180e-01
8.229801654815673828e-01 5.680609345436096191e-01 -3.234688425436615944e-03 -2.662098268046975136e-03 -1.837509800679981709e-03 -9.999947547912597656e-01
8.229801654815673828e-01 5.680609345436096191e-01 -3.233385039493441582e-03 -2.661025617271661758e-03 -1.836769399233162403e-03 -9.999947547912597656e-01
4.647196233272552490e-01 8.854529261589050293e-01 -2.994186012074351311e-03 -1.391463214531540871e-03 -2.651222515851259232e-03 -9.999955296516418457e-01
4.647195935249328613e-01 8.854528665542602539e-01 -3.008203580975532532e-03 -1.397977466695010662e-03 -2.663634484633803368e-03 -9.999954700469970703e-01
0.000000000000000000e+00 2.973659662529826164e-03 9.999955892562866211e-01 0.000000000000000000e+00 9.999955892562866211e-01 -2.973659662529826164e-03
0.000000000000000000e+00 2.976117422804236412e-03 9.999955892562866211e-01 0.000000000000000000e+00 9.999955892562866211e-01 -2.976117422804236412e-03
-4.647152423858642578e-01 8.854445219039916992e-01 -5.282165016978979111e-03 2.454736735671758652e-03 -4.677129443734884262e-03 -9.999860525131225586e-01
-4.647152423858642578e-01 8.854445219039916992e-01 -5.276016425341367722e-03 2.451879670843482018e-03 -4.671685397624969482e-03 -9.999861121177673340e-01
-8.229759335517883301e-01 5.680580139160156250e-01 -4.560146480798721313e-03 3.752929624170064926e-03 -2.590454649180173874e-03 -9.999896287918090820e-01
-8.229758739471435547e-01 5.680580139160156250e-01 -4.563734866678714752e-03 3.755882848054170609e-03 -2.592493081465363503e-03 -9.999895691871643066e-01
-9.927016496658325195e-01 1.205355897545814514e-01 -3.830714151263237000e-03 3.802784020081162453e-03 -4.617407976184040308e-04 -9.999926686286926270e-01
-9.927015900611877441e-01 1.205355823040008545e-01 -3.842505160719156265e-03 3.814489115029573441e-03 -4.631620249710977077e-04 -9.999926090240478516e-01
-9.350157976150512695e-01 -3.546037077903747559e-01 -1.347821904346346855e-03 1.260235672816634178e-03 4.779430164489895105e-04 -9.999991059303283691e-01
-9.350157976150512695e-01 -3.546037077903747559e-01 -1.296529080718755722e-03 1.212276169098913670e-03 4.597544029820710421e-04 -9.999991655349731445e-01
-6.631220579147338867e-01 -7.485107183456420898e-01 -9.350481559522449970e-04 6.200513453222811222e-04 6.998938624747097492e-04 -9.999995827674865723e-01
-6.631221771240234375e-01 -7.485107779502868652e-01 -7.880190969444811344e-04 5.225531058385968208e-04 5.898409872315824032e-04 -9.999997019767761230e-01
-2.393153756856918335e-01 -9.709409475326538086e-01 1.350181526504456997e-03 -3.231194859836250544e-04 -1.310947700403630733e-03 -9.999991059303283691e-01
-2.393153607845306396e-01 -9.709408879280090332e-01 1.433723024092614651e-03 -3.431122459005564451e-04 -1.392061589285731316e-03 -9.999989867210388184e-01
2.393147349357604980e-01 -9.709393978118896484e-01 -2.264730632305145264e-03 -5.419848021119832993e-04 2.198921982198953629e-03 -9.999974370002746582e-01
2.393147200345993042e-01 -9.709393382072448730e-01 -2.286253031343221664e-03 -5.471354234032332897e-04 2.219818765297532082e-03 -9.999973773956298828e-01
6.631208658218383789e-01 -7.485073208808898926e-01 -2.734120935201644897e-03 -1.813059556297957897e-03 2.046517329290509224e-03 -9.999963045120239258e-01
6.631209254264831543e-01 -7.485073208808898926e-01 -2.751380670815706253e-03 -1.824504812248051167e-03 2.059436403214931488e-03 -9.999962449073791504e-01
9.350104928016662598e-01 -3.546037077903747559e-01 -3.415117971599102020e-03 -3.193189390003681183e-03 1.211020397022366524e-03 -9.999941587448120117e-01
9.350104928016662598e-01 -3.546037077903747559e-01 -3.408213146030902863e-03 -3.186733461916446686e-03 1.208572066389024258e-03 -9.999942183494567871e-01
9.927037358283996582e-01 1.205358430743217468e-01 -3.247819375246763229e-03 -3.224139334633946419e-03 -3.914807166438549757e-04 -9.999947547912597656e-01
9.927037358283996582e-01 1.205358430743217468e-01 -3.229780355468392372e-03 -3.206232096999883652e-03 -3.893063694704324007e-04 -9.999948143959045410e-01
8.229792714118957520e-01 5.680617690086364746e-01 -3.303019562736153603e-03 -2.718331757932901382e-03 -1.876329537481069565e-03 -9.999945759773254395e-01
8.229792714118957520e-01 5.680617690086364746e-01 -3.304034704342484474e-03 -2.719167387112975121e-03 -1.876906142570078373e-03 -9.999945759773254395e-01
4.647210836410522461e-01 8.854518532752990723e-01 -3.063563024625182152e-03 -1.423708861693739891e-03 -2.712650224566459656e-03 -9.999953508377075195e-01
4.647210538387298584e-01 8.854517936706542969e-01 -3.071348648518323898e-03 -1.427327049896121025e-03 -2.719543874263763428e-03 -9.999952912330627441e-01
0.000000000000000000e+00 3.278514370322227478e-03 9.999946355819702148e-01 0.000000000000000000e+00 9.999946355819702148e-01 -3.278514370322227478e-03
0.000000000000000000e+00 3.282692516222596169e-03 9.999946355819702148e-01 0.000000000000000000e+00 9.999946355819702148e-01 -3.282692516222596169e-03
-4.647186994552612305e-01 8.854473233222961426e-01 -4.435501992702484131e-03 2.061280654743313789e-03 -3.927441313862800598e-03 -9.999901652336120605e-01
-4.647186994552612305e-01 8.854473233222961426e-01 -4.430585075169801712e-03 2.058995887637138367e-03 -3.923087846487760544e-03 -9.999902248382568359e-01
-8.229755759239196777e-01 5.680592060089111328e-01 -4.473927430808544159e-03 3.681970061734318733e-03 -2.541481284424662590e-03 -9.999900460243225098e-01
-8.229755759239196777e-01 5.680592060089111328e-01 -4.472430795431137085e-03 3.680738387629389763e-03 -2.540630986914038658e-03 -9.999900460243225098e-01
-9.927004575729370117e-01 1.205354481935501099e-01 -4.125690087676048279e-03 4.095609765499830246e-03 -4.972962196916341782e-04 -9.999915361404418945e-01
-9.927004575729370117e-01 1.205354481935501099e-01 -4.134502727538347244e-03 4.104357678443193436e-03 -4.983583930879831314e-04 -9.999914765357971191e-01
-9.350131750106811523e-01 -3.546037375926971436e-01 -2.575722755864262581e-03 2.408342901617288589e-03 9.133640560321509838e-04 -9.999967217445373535e-01
-9.350132942199707031e-01 -3.546037971973419189e-01 -2.514834981411695480e-03 2.351411618292331696e-03 8.917728555388748646e-04 -9.999968409538269043e-01
-6.631223559379577637e-01 -7.485100626945495605e-01 -1.235029660165309906e-03 8.189763757400214672e-04 9.244327666237950325e-04 -9.999992847442626953e-01
-6.631224155426025391e-01 -7.485101222991943359e-01 -1.167183858342468739e-03 7.739862776361405849e-04 8.736494928598403931e-04 -9.999993443489074707e-01
-1.429534633643925190e-03 9.999989867210388184e-01 0.000000000000000000e+00 -9.999989867210388184e-01 -1.429534633643925190e-03 0.000000000000000000e+00
-1.422556466422975063e-03 9.999989867210388184e-01 0.000000000000000000e+00 -9.999989867210388184e-01 -1.422556466422975063e-03 0.000000000000000000e+00
0.000000000000000000e+00 1.224136678501963615e-03 9.999992847442626953e-01 0.000000000000000000e+00 9.999992847442626953e-01 -1.224136678501963615e-03
0.000000000000000000e+00 1.238028518855571747e-03 9.999992251396179199e-01 -0.000000000000000000e+00 9.999992251396179199e-01 -1.238028518855571747e-03
-1.183915138244628906e-02 0.000000000000000000e+00 9.999299049377441406e-01 -9.999299049377441406e-01 0.000000000000000000e+00 -1.183915138244628906e-02
-1.172860339283943176e-02 0.000000000000000000e+00 9.999312162399291992e-01 -9.999312162399291992e-01 0.000000000000000000e+00 -1.172860339283943176e-02
-1.454538898542523384e-03 9.999989867210388184e-01 0.000000000000000000e+00 -9.999989867210388184e-01 -1.454538898542523384e-03 0.000000000000000000e+00
-1.461151172406971455e-03 9.999989271163940430e-01 0.000000000000000000e+00 -9.999989271163940430e-01 -1.461151172406971455e-03 0.000000000000000000e+00
0.000000000000000000e+00 1.194715965539216995e-03 9.999992847442626953e-01 0.000000000000000000e+00 9.999992847442626953e-01 -1.194715965539216995e-03
0.000000000000000000e+00 1.228327979333698750e-03 9.999992847442626953e-01 -0.000000000000000000e+00 9.999992847442626953e-01 -1.228327979333698750e-03
1.961712725460529327e-03 -0.000000000000000000e+00 -9.999980926513671875e-01 -9.999980926513671875e-01 0.000000000000000000e+00 -1.961712725460529327e-03
1.969443168491125107e-03 -0.000000000000000000e+00 -9.999980926513671875e-01 -9.999980926513671875e-01 0.000000000000000000e+00 -1.969443168491125107e-03
-1.776792807504534721e-03 0.000000000000000000e+00 9.999984502792358398e-01 -9.999984502792358398e-01 0.000000000000000000e+00 -1.776792807504534721e-03
-1.803298015147447586e-03 0.000000000000000000e+00 9.999983906745910645e-01 -9.999983906745910645e-01 0.000000000000000000e+00 -1.803298015147447586e-03
0.000000000000000000e+00 3.421964356675744057e-03 9.999941587448120117e-01 0.000000000000000000e+00 9.999941587448120117e-01 -3.421964356675744057e-03
0.000000000000000000e+00 3.425366943702101707e-03 9.999941587448120117e-01 -0.000000000000000000e+00 9.999941587448120117e-01 -3.425366943702101707e-03
-0.000000000000000000e+00 -2.914236159995198250e-03 -9.999957680702209473e-01 0.000000000000000000e+00 9.999957680702209473e-01 -2.914236159995198250e-03
0.000000000000000000e+00 -2.924368716776371002e-03 -9.999957680702209473e-01 0.000000000000000000e+00 9.999957680702209473e-01 -2.924368716776371002e-03
-1.463515218347311020e-03 9.999989271163940430e-01 0.000000000000000000e+00 -9.999989271163940430e-01 -1.463515218347311020e-03 0.000000000000000000e+00
-1.471773255616426468e-03 9.999989271163940430e-01 0.000000000000000000e+00 -9.999989271163940430e-01 -1.471773255616426468e-03 0.000000000000000000e+00
1.313020591624081135e-03 -0.000000000000000000e+00 -9.999991655349731445e-01 -9.999991655349731445e-01 0.000000000000000000e+00 -1.313020591624081135e-03
1.313971471972763538e-03 -0.000000000000000000e+00 -9.999991655349731445e-01 -9.999991655349731445e-01 0.000000000000000000e+00 -1.313971471972763538e-03
-2.217218047007918358e-03 0.000000000000000000e+00 9.999975562095642090e-01 -9.999975562095642090e-01 0.000000000000000000e+00 -2.217218047007918358e-03
-2.239561174064874649e-03 0.000000000000000000e+00 9.999974966049194336e-01 -9.999974966049194336e-01 0.000000000000000000e+00 -2.239561174064874649e-03
-0.000000000000000000e+00 -1.109639997594058514e-03 -9.999994039535522461e-01 0.000000000000000000e+00 9.999994039535522461e-01 -1.109639997594058514e-03
0.000000000000000000e+00 -1.118793617933988571e-03 -9.999994039535522461e-01 0.000000000000000000e+00 9.999994039535522461e-01 -1.118793617933988571e-03
-1.277960464358329773e-02 0.000000000000000000e+00 9.999183416366577148e-01 -9.999183416366577148e-01 0.000000000000000000e+00 -1.277960464358329773e-02
-1.279724109917879105e-02 0.000000000000000000e+00 9.999181032180786133e-01 -9.999181032180786133e-01 0.000000000000000000e+00 -1.279724109917879105e-02
-1.071565784513950348e-02 0.000000000000000000e+00 9.999426007270812988e-01 -9.999426007270812988e-01 0.000000000000000000e+00 -1.071565784513950348e-02
-1.072320528328418732e-02 0.000000000000000000e+00 9.999425411224365234e-01 -9.999425411224365234e-01 0.000000000000000000e+00 -1.072320528328418732e-02
1.241346355527639389e-03 -0.000000000000000000e+00 -9.999992251396179199e-01 -9.999992251396179199e-01 0.000000000000000000e+00 -1.241346355527639389e-03
1.243096077814698219e-03 -0.000000000000000000e+00 -9.999992251396179199e-01 -9.999992251396179199e-01 0.000000000000000000e+00 -1.243096077814698219e-03
-0.000000000000000000e+00 -7.485086680389940739e-04 -9.999997615814208984e-01 0.000000000000000000e+00 9.999997615814208984e-01 -7.485086680389940739e-04
0.000000000000000000e+00 -7.622424745932221413e-04 -9.999997019767761230e-01 0.000000000000000000e+00 9.999997019767761230e-01 -7.622424745932221413e-04
0.000000000000000000e+00 1.975440885871648788e-03 9.999980926513671875e-01 0.000000000000000000e+00 9.999980926513671875e-01 -1.975440885871648788e-03
0.000000000000000000e+00 1.993389101698994637e-03 9.999980330467224121e-01 -0.000000000000000000e+00 9.999980330467224121e-01 -1.993389101698994637e-03
0.000000000000000000e+00 3.631107974797487259e-03 9.999934434890747070e-01 0.000000000000000000e+00 9.999934434890747070e-01 -3.631107974797487259e-03
0.000000000000000000e+00 3.649291815236210823e-03 9.999933838844299316e-01 -0.000000000000000000e+00 9.999933838844299316e-01 -3.649291815236210823e-03
-0.000000000000000000e+00 -4.684962797909975052e-03 -9.999890327453613281e-01 0.000000000000000000e+00 9.999890327453613281e-01 -4.684962797909975052e-03
0.000000000000000000e+00 -4.869180265814065933e-03 -9.999881386756896973e-01 0.000000000000000000e+00 9.999881386756896973e-01 -4.869180265814065933e-03
-1.230661291629076004e-03 0.000000000000000000e+00 9.999992847442626953e-01 -9.999992847442626953e-01 0.000000000000000000e+00 -1.230661291629076004e-03
-1.267844229005277157e-03 0.000000000000000000e+00 9.999992251396179199e-01 -9.999992251396179199e-01 0.000000000000000000e+00 -1.267844229005277157e-03
-1.293900306336581707e-03 9.999991655349731445e-01 -0.000000000000000000e+00 -9.999991655349731445e-01 -1.293900306336581707e-03 0.000000000000000000e+00
-1.295686466619372368e-03 9.999991655349731445e-01 0.000000000000000000e+00 -9.999991655349731445e-01 -1.295686466619372368e-03 0.000000000000000000e+00
-1.303551136516034603e-03 9.999991655349731445e-01 0.000000000000000000e+00 -9.999991655349731445e-01 -1.303551136516034603e-03 0.000000000000000000e+00
-1.312015578150749207e-03 9.999991655349731445e-01 0.000000000000000000e+00 -9.999991655349731445e-01 -1.312015578150749207e-03 0.000000000000000000e+00
-1.317592337727546692e-03 9.999991655349731445e-01 0.000000000000000000e+00 -9.999991655349731445e-01 -1.317592337727546692e-03 0.000000000000000000e+00
-1.330021186731755733e-03 9.999991059303283691e-01 0.000000000000000000e+00 -9.999991059303283691e-01 -1.330021186731755733e-03 0.000000000000000000e+00
-1.321047777310013771e-03 9.999991655349731445e-01 0.000000000000000000e+00 -9.999991655349731445e-01 -1.321047777310013771e-03 0.000000000000000000e+00
-1.317577669396996498e-03 9.999991655349731445e-01 0.000000000000000000e+00 -9.999991655349731445e-01 -1.317577669396996498e-03 0.000000000000000000e+00
-1.315317465923726559e-03 9.999991655349731445e-01 0.000000000000000000e+00 -9.999991655349731445e-01 -1.315317465923726559e-03 0.000000000000000000e+00
-1.306863152422010899e-03 9.999991655349731445e-01 0.000000000000000000e+00 -9.999991655349731445e-01 -1.306863152422010899e-03 0.000000000000000000e+00
-1.304806326515972614e-03 9.999991655349731445e-01 -0.000000000000000000e+00 -9.999991655349731445e-01 -1.304806326515972614e-03 0.000000000000000000e+00
-1.295913243666291237e-03 9.999991655349731445e-01 0.000000000000000000e+00 -9.999991655349731445e-01 -1.295913243666291237e-03 0.000000000000000000e+00
-1.296884613111615181e-03 9.999991655349731445e-01 0.000000000000000000e+00 -9.999991655349731445e-01 -1.296884613111615181e-03 0.000000000000000000e+00
-1.301833661273121834e-03 9.999991655349731445e-01 0.000000000000000000e+00 -9.999991655349731445e-01 -1.301833661273121834e-03 0.000000000000000000e+00
-1.299201860092580318e-03 9.999991655349731445e-01 0.000000000000000000e+00 -9.999991655349731445e-01 -1.299201860092580318e-03 0.000000000000000000e+00
-1.303495489992201328e-03 9.999991655349731445e-01 0.000000000000000000e+00 -9.999991655349731445e-01 -1.303495489992201328e-03 0.000000000000000000e+00
-1.296668080613017082e-03 9.999991655349731445e-01 0.000000000000000000e+00 -9.999991655349731445e-01 -1.296668080613017082e-03 0.000000000000000000e+00
-1.293038600124418736e-03 9.999991655349731445e-01 0.000000000000000000e+00 -9.999991655349731445e-01 -1.293038600124418736e-03 0.000000000000000000e+00
-1.292506116442382336e-03 9.999991655349731445e-01 0.000000000000000000e+00 -9.999991655349731445e-01 -1.292506116442382336e-03 0.000000000000000000e+00
-1.291185035370290279e-03 9.999991655349731445e-01 -0.000000000000000000e+00 -9.999991655349731445e-01 -1.291185035370290279e-03 0.000000000000000000e+00
-1.287289313040673733e-03 9.999991655349731445e-01 0.000000000000000000e+00 -9.999991655349731445e-01 -1.287289313040673733e-03 0.000000000000000000e+00
-1.286781742237508297e-03 9.999991655349731445e-01 -0.000000000000000000e+00 -9.999991655349731445e-01 -1.286781742237508297e-03 0.000000000000000000e+00
-1.284600468352437019e-03 9.999991655349731445e-01 -0.000000000000000000e+00 -9.999991655349731445e-01 -1.284600468352437019e-03 0.000000000000000000e+00
-1.285759150050580502e-03 9.999991655349731445e-01 0.000000000000000000e+00 -9.999991655349731445e-01 -1.285759150050580502e-03 0.000000000000000000e+00
-1.284590223804116249e-03 9.999991655349731445e-01 -0.000000000000000000e+00 -9.999991655349731445e-01 -1.284590223804116249e-03 0.000000000000000000e+00
-1.288076397031545639e-03 9.999991655349731445e-01 0.000000000000000000e+00 -9.999991655349731445e-01 -1.288076397031545639e-03 0.000000000000000000e+00
-1.287210383452475071e-03 9.999991655349731445e-01 -0.000000000000000000e+00 -9.999991655349731445e-01 -1.287210383452475071e-03 0.000000000000000000e+00
-1.291188062168657780e-03 9.999991655349731445e-01 0.000000000000000000e+00 -9.999991655349731445e-01 -1.291188062168657780e-03 0.000000000000000000e+00
-1.288929255679249763e-03 9.999991655349731445e-01 -0.000000000000000000e+00 -9.999991655349731445e-01 -1.288929255679249763e-03 0.000000000000000000e+00
-1.288655679672956467e-03 9.999991655349731445e-01 -0.000000000000000000e+00 -9.999991655349731445e-01 -1.288655679672956467e-03 0.000000000000000000e+00
-1.290509244427084923e-03 9.999991655349731445e-01 -0.000000000000000000e+00 -9.999991655349731445e-01 -1.290509244427084923e-03 0.000000000000000000e+00
-1.287678489461541176e-03 9.999991655349731445e-01 0.000000000000000000e+00 -9.999991655349731445e-01 -1.287678489461541176e-03 0.000000000000000000e+00
-1.285968348383903503e-03 9.999991655349731445e-01 0.000000000000000000e+00 -9.999991655349731445e-01 -1.285968348383903503e-03 0.000000000000000000e+00
-1.279483316466212273e-03 9.999992251396179199e-01 -0.000000000000000000e+00 -9.999992251396179199e-01 -1.279483316466212273e-03 0.000000000000000000e+00
-1.275764545425772667e-03 9.999992251396179199e-01 0.000000000000000000e+00 -9.999992251396179199e-01 -1.275764545425772667e-03 0.000000000000000000e+00
-1.274303067475557327e-03 9.999992251396179199e-01 0.000000000000000000e+00 -9.999992251396179199e-01 -1.274303067475557327e-03 0.000000000000000000e+00
-1.270622364245355129e-03 9.999992251396179199e-01 0.000000000000000000e+00 -9.999992251396179199e-01 -1.270622364245355129e-03 0.000000000000000000e+00
-1.267648185603320599e-03 9.999992251396179199e-01 0.000000000000000000e+00 -9.999992251396179199e-01 -1.267648185603320599e-03 0.000000000000000000e+00
-1.267575076781213284e-03 9.999992251396179199e-01 0.000000000000000000e+00 -9.999992251396179199e-01 -1.267575076781213284e-03 0.000000000000000000e+00
-1.266003819182515144e-03 9.999992251396179199e-01 0.000000000000000000e+00 -9.999992251396179199e-01 -1.266003819182515144e-03 0.000000000000000000e+00
-1.271380227990448475e-03 9.999992251396179199e-01 0.000000000000000000e+00 -9.999992251396179199e-01 -1.271380227990448475e-03 0.000000000000000000e+00
-1.271279295906424522e-03 9.999992251396179199e-01 0.000000000000000000e+00 -9.999992251396179199e-01 -1.271279295906424522e-03 0.000000000000000000e+00
-1.275703078135848045e-03 9.999992251396179199e-01 0.000000000000000000e+00 -9.999992251396179199e-01 -1.275703078135848045e-03 0.000000000000000000e+00
-1.275426591746509075e-03 9.999992251396179199e-01 0.000000000000000000e+00 -9.999992251396179199e-01 -1.275426591746509075e-03 0.000000000000000000e+00
-1.279714400880038738e-03 9.999992251396179199e-01 0.000000000000000000e+00 -9.999992251396179199e-01 -1.279714400880038738e-03 0.000000000000000000e+00
-1.276361406780779362e-03 9.999992251396179199e-01 0.000000000000000000e+00 -9.999992251396179199e-01 -1.276361406780779362e-03 0.000000000000000000e+00
-1.278119860216975212e-03 9.999992251396179199e-01 0.000000000000000000e+00 -9.999992251396179199e-01 -1.278119860216975212e-03 0.000000000000000000e+00
-1.272544730454683304e-03 9.999992251396179199e-01 0.000000000000000000e+00 -9.999992251396179199e-01 -1.272544730454683304e-03 0.000000000000000000e+00
-1.273672562092542648e-03 9.999992251396179199e-01 0.000000000000000000e+00 -9.999992251396179199e-01 -1.273672562092542648e-03 0.000000000000000000e+00
-1.267937826924026012e-03 9.999992251396179199e-01 0.000000000000000000e+00 -9.999992251396179199e-01 -1.267937826924026012e-03 0.000000000000000000e+00
-1.269206288270652294e-03 9.999992251396179199e-01 0.000000000000000000e+00 -9.999992251396179199e-01 -1.269206288270652294e-03 0.000000000000000000e+00
-1.261928235180675983e-03 9.999992251396179199e-01 0.000000000000000000e+00 -9.999992251396179199e-01 -1.261928235180675983e-03 0.000000000000000000e+00
-1.262914156541228294e-03 9.999992251396179199e-01 0.000000000000000000e+00 -9.999992251396179199e-01 -1.262914156541228294e-03 0.000000000000000000e+00
-1.254405826330184937e-03 9.999992251396179199e-01 0.000000000000000000e+00 -9.999992251396179199e-01 -1.254405826330184937e-03 0.000000000000000000e+00
-1.258668839000165462e-03 9.999992251396179199e-01 0.000000000000000000e+00 -9.999992251396179199e-01 -1.258668839000165462e-03 0.000000000000000000e+00
-1.259349053725600243e-03 9.999992251396179199e-01 0.000000000000000000e+00 -9.999992251396179199e-01 -1.259349053725600243e-03 0.000000000000000000e+00
-1.261743833310902119e-03 9.999992251396179199e-01 0.000000000000000000e+00 -9.999992251396179199e-01 -1.261743833310902119e-03 0.000000000000000000e+00
-1.272901659831404686e-03 9.999992251396179199e-01 0.000000000000000000e+00 -9.999992251396179199e-01 -1.272901659831404686e-03 0.000000000000000000e+00
-1.281594159081578255e-03 9.999991655349731445e-01 0.000000000000000000e+00 -9.999991655349731445e-01 -1.281594159081578255e-03 0.000000000000000000e+00
-1.256828429177403450e-03 9.999992251396179199e-01 -0.000000000000000000e+00 -9.999992251396179199e-01 -1.256828429177403450e-03 0.000000000000000000e+00
-1.260974328033626080e-03 9.999992251396179199e-01 0.000000000000000000e+00 -9.999992251396179199e-01 -1.260974328033626080e-03 0.000000000000000000e+00
-1.255881972610950470e-03 9.999992251396179199e-01 0.000000000000000000e+00 -9.999992251396179199e-01 -1.255881972610950470e-03 0.000000000000000000e+00
-1.249616267159581184e-03 9.999992251396179199e-01 0.000000000000000000e+00 -9.999992251396179199e-01 -1.249616267159581184e-03 0.000000000000000000e+00
-1.237137592397630215e-03 9.999992251396179199e-01 0.000000000000000000e+00 -9.999992251396179199e-01 -1.237137592397630215e-03 0.000000000000000000e+00
-1.234508701600134373e-03 9.999992251396179199e-01 -0.000000000000000000e+00 -9.999992251396179199e-01 -1.234508701600134373e-03 0.000000000000000000e+00
-1.233897171914577484e-03 9.999992251396179199e-01 -0.000000000000000000e+00 -9.999992251396179199e-01 -1.233897171914577484e-03 0.000000000000000000e+00
-1.237654010765254498e-03 9.999992251396179199e-01 -0.000000000000000000e+00 -9.999992251396179199e-01 -1.237654010765254498e-03 0.000000000000000000e+00
-1.247711596079170704e-03 9.999992251396179199e-01 0.000000000000000000e+00 -9.999992251396179199e-01 -1.247711596079170704e-03 0.000000000000000000e+00
-1.250258530490100384e-03 9.999992251396179199e-01 0.000000000000000000e+00 -9.999992251396179199e-01 -1.250258530490100384e-03 0.000000000000000000e+00
-1.254604780115187168e-03 9.999992251396179199e-01 0.000000000000000000e+00 -9.999992251396179199e-01 -1.254604780115187168e-03 0.000000000000000000e+00
6.314002443104982376e-03 -0.000000000000000000e+00 -9.999800920486450195e-01 -9.999800920486450195e-01 0.000000000000000000e+00 -6.314002443104982376e-03
6.302524823695421219e-03 -0.000000000000000000e+00 -9.999801516532897949e-01 -9.999801516532897949e-01 0.000000000000000000e+00 -6.302524823695421219e-03
5.374667234718799591e-03 -0.000000000000000000e+00 -9.999855756759643555e-01 -9.999855756759643555e-01 0.000000000000000000e+00 -5.374667234718799591e-03
5.373251158744096756e-03 -0.000000000000000000e+00 -9.999855756759643555e-01 -9.999855756759643555e-01 0.000000000000000000e+00 -5.373251158744096756e-03
-0.000000000000000000e+00 -1.450672396458685398e-03 -9.999989867210388184e-01 0.000000000000000000e+00 9.999989867210388184e-01 -1.450672396458685398e-03
0.000000000000000000e+00 -1.434394391253590584e-03 -9.999989867210388184e-01 0.000000000000000000e+00 9.999989867210388184e-01 -1.434394391253590584e-03
0.000000000000000000e+00 3.319702576845884323e-03 9.999945163726806641e-01 0.000000000000000000e+00 9.999945163726806641e-01 -3.319702576845884323e-03
0.000000000000000000e+00 3.336008172482252121e-03 9.999944567680358887e-01 -0.000000000000000000e+00 9.999944567680358887e-01 -3.336008172482252121e-03
-0.000000000000000000e+00 -7.361313793808221817e-03 -9.999729394912719727e-01 0.000000000000000000e+00 9.999729394912719727e-01 -7.361313793808221817e-03
0.000000000000000000e+00 -7.360772229731082916e-03 -9.999729394912719727e-01 0.000000000000000000e+00 9.999729394912719727e-01 -7.360772229731082916e-03
-1.466264016926288605e-03 9.999989271163940430e-01 0.000000000000000000e+00 -9.999989271163940430e-01 -1.466264016926288605e-03 0.000000000000000000e+00
-1.463064691051840782e-03 9.999989271163940430e-01 0.000000000000000000e+00 -9.999989271163940430e-01 -1.463064691051840782e-03 0.000000000000000000e+00
6.682814564555883408e-03 -0.000000000000000000e+00 -9.999777078628540039e-01 -9.999777078628540039e-01 0.000000000000000000e+00 -6.682814564555883408e-03
6.706752814352512360e-03 -0.000000000000000000e+00 -9.999775290489196777e-01 -9.999775290489196777e-01 0.000000000000000000e+00 -6.706752814352512360e-03
3.795094962697476149e-04 -0.000000000000000000e+00 -9.999999403953552246e-01 -9.999999403953552246e-01 0.000000000000000000e+00 -3.795094962697476149e-04
3.841059806291013956e-04 -0.000000000000000000e+00 -9.999999403953552246e-01 -9.999999403953552246e-01 0.000000000000000000e+00 -3.841059806291013956e-04
0.000000000000000000e+00 1.460190047509968281e-03 9.999989271163940430e-01 0.000000000000000000e+00 9.999989271163940430e-01 -1.460190047509968281e-03
0.000000000000000000e+00 1.476444420404732227e-03 9.999989271163940430e-01 -0.000000000000000000e+00 9.999989271163940430e-01 -1.476444420404732227e-03
-1.761455670930445194e-03 0.000000000000000000e+00 9.999984502792358398e-01 -9.999984502792358398e-01 0.000000000000000000e+00 -1.761455670930445194e-03
-1.776532502844929695e-03 0.000000000000000000e+00 9.999984502792358398e-01 -9.999984502792358398e-01 0.000000000000000000e+00 -1.776532502844929695e-03
-0.000000000000000000e+00 -1.863058074377477169e-03 -9.999982714653015137e-01 0.000000000000000000e+00 9.999982714653015137e-01 -1.863058074377477169e-03
0.000000000000000000e+00 -1.857860363088548183e-03 -9.999982714653015137e-01 0.000000000000000000e+00 9.999982714653015137e-01 -1.857860363088548183e-03
-1.176261343061923981e-03 9.999993443489074707e-01 0.000000000000000000e+00 -9.999993443489074707e-01 -1.176261343061923981e-03 0.000000000000000000e+00
-1.182519714348018169e-03 9.999993443489074707e-01 0.000000000000000000e+00 -9.999993443489074707e-01 -1.182519714348018169e-03 0.000000000000000000e+00
-1.191264949738979340e-03 9.999992847442626953e-01 -0.000000000000000000e+00 -9.999992847442626953e-01 -1.191264949738979340e-03 0.000000000000000000e+00
-1.195365563035011292e-03 9.999992847442626953e-01 -0.000000000000000000e+00 -9.999992847442626953e-01 -1.195365563035011292e-03 0.000000000000000000e+00
-1.198180136270821095e-03 9.999992847442626953e-01 0.000000000000000000e+00 -9.999992847442626953e-01 -1.198180136270821095e-03 0.000000000000000000e+00
-1.202802988700568676e-03 9.999992847442626953e-01 -0.000000000000000000e+00 -9.999992847442626953e-01 -1.202802988700568676e-03 0.000000000000000000e+00
-1.207286724820733070e-03 9.999992847442626953e-01 -0.000000000000000000e+00 -9.999992847442626953e-01 -1.207286724820733070e-03 0.000000000000000000e+00
-1.213429495692253113e-03 9.999992847442626953e-01 -0.000000000000000000e+00 -9.999992847442626953e-01 -1.213429495692253113e-03 0.000000000000000000e+00
-1.226985012181103230e-03 9.999992847442626953e-01 -0.000000000000000000e+00 -9.999992847442626953e-01 -1.226985012181103230e-03 0.000000000000000000e+00
-1.229905057698488235e-03 9.999992847442626953e-01 0.000000000000000000e+00 -9.999992847442626953e-01 -1.229905057698488235e-03 0.000000000000000000e+00
-1.234994386322796345e-03 9.999992251396179199e-01 0.000000000000000000e+00 -9.999992251396179199e-01 -1.234994386322796345e-03 0.000000000000000000e+00
-1.237313146702945232e-03 9.999992251396179199e-01 -0.000000000000000000e+00 -9.999992251396179199e-01 -1.237313146702945232e-03 0.000000000000000000e+00
-1.232895068824291229e-03 9.999992251396179199e-01 0.000000000000000000e+00 -9.999992251396179199e-01 -1.232895068824291229e-03 0.000000000000000000e+00
-1.230428693816065788e-03 9.999992847442626953e-01 0.000000000000000000e+00 -9.999992847442626953e-01 -1.230428693816065788e-03 0.000000000000000000e+00
-1.226344262249767780e-03 9.999992847442626953e-01 -0.000000000000000000e+00 -9.999992847442626953e-01 -1.226344262249767780e-03 0.000000000000000000e+00
-1.227257191203534603e-03 9.999992847442626953e-01 0.000000000000000000e+00 -9.999992847442626953e-01 -1.227257191203534603e-03 0.000000000000000000e+00
-1.228070468641817570e-03 9.999992847442626953e-01 0.000000000000000000e+00 -9.999992847442626953e-01 -1.228070468641817570e-03 0.000000000000000000e+00
-1.227355096489191055e-03 9.999992847442626953e-01 0.000000000000000000e+00 -9.999992847442626953e-01 -1.227355096489191055e-03 0.000000000000000000e+00
-1.225974177941679955e-03 9.999992847442626953e-01 0.000000000000000000e+00 -9.999992847442626953e-01 -1.225974177941679955e-03 0.000000000000000000e+00
-1.220426638610661030e-03 9.999992847442626953e-01 0.000000000000000000e+00 -9.999992847442626953e-01 -1.220426638610661030e-03 0.000000000000000000e+00
-1.212835544720292091e-03 9.999992847442626953e-01 0.000000000000000000e+00 -9.999992847442626953e-01 -1.212835544720292091e-03 0.000000000000000000e+00
-1.202789833769202232e-03 9.999992847442626953e-01 0.000000000000000000e+00 -9.999992847442626953e-01 -1.202789833769202232e-03 0.000000000000000000e+00
-1.192992669530212879e-03 9.999992847442626953e-01 0.000000000000000000e+00 -9.999992847442626953e-01 -1.192992669530212879e-03 0.000000000000000000e+00
-1.184022054076194763e-03 9.999992847442626953e-01 0.000000000000000000e+00 -9.999992847442626953e-01 -1.184022054076194763e-03 0.000000000000000000e+00
-1.179061364382505417e-03 9.999993443489074707e-01 0.000000000000000000e+00 -9.999993443489074707e-01 -1.179061364382505417e-03 0.000000000000000000e+00
-1.170200412161648273e-03 9.999993443489074707e-01 0.000000000000000000e+00 -9.999993443489074707e-01 -1.170200412161648273e-03 0.000000000000000000e+00
-1.176069723442196846e-03 9.999993443489074707e-01 0.000000000000000000e+00 -9.999993443489074707e-01 -1.176069723442196846e-03 0.000000000000000000e+00
-1.253261812962591648e-03 9.999992251396179199e-01 0.000000000000000000e+00 -9.999992251396179199e-01 -1.253261812962591648e-03 0.000000000000000000e+00
-1.250994275324046612e-03 9.999992251396179199e-01 -0.000000000000000000e+00 -9.999992251396179199e-01 -1.250994275324046612e-03 0.000000000000000000e+00
-1.244959770701825619e-03 9.999992251396179199e-01 0.000000000000000000e+00 -9.999992251396179199e-01 -1.244959770701825619e-03 0.000000000000000000e+00
-1.242269529029726982e-03 9.999992251396179199e-01 0.000000000000000000e+00 -9.999992251396179199e-01 -1.242269529029726982e-03 0.000000000000000000e+00
-1.239879056811332703e-03 9.999992251396179199e-01 -0.000000000000000000e+00 -9.999992251396179199e-01 -1.239879056811332703e-03 0.000000000000000000e+00
-1.237605698406696320e-03 9.999992251396179199e-01 -0.000000000000000000e+00 -9.999992251396179199e-01 -1.237605698406696320e-03 0.000000000000000000e+00
-1.231622532941401005e-03 9.999992847442626953e-01 -0.000000000000000000e+00 -9.999992847442626953e-01 -1.231622532941401005e-03 0.000000000000000000e+00
-1.245976542122662067e-03 9.999992251396179199e-01 -0.000000000000000000e+00 -9.999992251396179199e-01 -1.245976542122662067e-03 0.000000000000000000e+00
-1.255192910321056843e-03 9.999992251396179199e-01 -0.000000000000000000e+00 -9.999992251396179199e-01 -1.255192910321056843e-03 0.000000000000000000e+00
-1.209814683534204960e-03 9.999992847442626953e-01 -0.000000000000000000e+00 -9.999992847442626953e-01 -1.209814683534204960e-03 0.000000000000000000e+00
-1.204368192702531815e-03 9.999992847442626953e-01 0.000000000000000000e+00 -9.999992847442626953e-01 -1.204368192702531815e-03 0.000000000000000000e+00
-1.202946412377059460e-03 9.999992847442626953e-01 0.000000000000000000e+00 -9.999992847442626953e-01 -1.202946412377059460e-03 0.000000000000000000e+00
-1.216732780449092388e-03 9.999992847442626953e-01 0.000000000000000000e+00 -9.999992847442626953e-01 -1.216732780449092388e-03 0.000000000000000000e+00
-1.220793928951025009e-03 9.999992847442626953e-01 0.000000000000000000e+00 -9.999992847442626953e-01 -1.220793928951025009e-03 0.000000000000000000e+00
-1.217551995068788528e-03 9.999992847442626953e-01 0.000000000000000000e+00 -9.999992847442626953e-01 -1.217551995068788528e-03 0.000000000000000000e+00
-1.223026425577700138e-03 9.999992847442626953e-01 -0.000000000000000000e+00 -9.999992847442626953e-01 -1.223026425577700138e-03 0.000000000000000000e+00
-1.222881604917347431e-03 9.999992847442626953e-01 -0.000000000000000000e+00 -9.999992847442626953e-01 -1.222881604917347431e-03 0.000000000000000000e+00
-1.216451870277523994e-03 9.999992847442626953e-01 -0.000000000000000000e+00 -9.999992847442626953e-01 -1.216451870277523994e-03 0.000000000000000000e+00
-1.218235236592590809e-03 9.999992847442626953e-01 -0.000000000000000000e+00 -9.999992847442626953e-01 -1.218235236592590809e-03 0.000000000000000000e+00
-1.199400285258889198e-03 9.999992847442626953e-01 -0.000000000000000000e+00 -9.999992847442626953e-01 -1.199400285258889198e-03 0.000000000000000000e+00
-1.199834747239947319e-03 9.999992847442626953e-01 0.000000000000000000e+00 -9.999992847442626953e-01 -1.199834747239947319e-03 0.000000000000000000e+00
-1.204012776724994183e-03 9.999992847442626953e-01 -0.000000000000000000e+00 -9.999992847442626953e-01 -1.204012776724994183e-03 0.000000000000000000e+00
-1.155926729552447796e-03 9.999993443489074707e-01 0.000000000000000000e+00 -9.999993443489074707e-01 -1.155926729552447796e-03 0.000000000000000000e+00
-1.156387501396238804e-03 9.999993443489074707e-01 0.000000000000000000e+00 -9.999993443489074707e-01 -1.156387501396238804e-03 0.000000000000000000e+00
-1.171460142359137535e-03 9.999993443489074707e-01 0.000000000000000000e+00 -9.999993443489074707e-01 -1.171460142359137535e-03 0.000000000000000000e+00
-1.152727287262678146e-03 9.999993443489074707e-01 0.000000000000000000e+00 -9.999993443489074707e-01 -1.152727287262678146e-03 0.000000000000000000e+00
-1.132566831074655056e-03 9.999993443489074707e-01 0.000000000000000000e+00 -9.999993443489074707e-01 -1.132566831074655056e-03 0.000000000000000000e+00
-1.127443858422338963e-03 9.999994039535522461e-01 0.000000000000000000e+00 -9.999994039535522461e-01 -1.127443858422338963e-03 0.000000000000000000e+00
-1.211883267387747765e-03 9.999992847442626953e-01 0.000000000000000000e+00 -9.999992847442626953e-01 -1.211883267387747765e-03 0.000000000000000000e+00
-1.187613466754555702e-03 9.999992847442626953e-01 0.000000000000000000e+00 -9.999992847442626953e-01 -1.187613466754555702e-03 0.000000000000000000e+00
-1.167081412859261036e-03 9.999993443489074707e-01 0.000000000000000000e+00 -9.999993443489074707e-01 -1.167081412859261036e-03 0.000000000000000000e+00
-1.155543373897671700e-03 9.999993443489074707e-01 0.000000000000000000e+00 -9.999993443489074707e-01 -1.155543373897671700e-03 0.000000000000000000e+00
-1.145281014032661915e-03 9.999993443489074707e-01 -0.000000000000000000e+00 -9.999993443489074707e-01 -1.145281014032661915e-03 0.000000000000000000e+00
-1.137937186285853386e-03 9.999993443489074707e-01 0.000000000000000000e+00 -9.999993443489074707e-01 -1.137937186285853386e-03 0.000000000000000000e+00
-1.134914811700582504e-03 9.999993443489074707e-01 0.000000000000000000e+00 -9.999993443489074707e-01 -1.134914811700582504e-03 0.000000000000000000e+00
-1.130943070165812969e-03 9.999994039535522461e-01 -0.000000000000000000e+00 -9.999994039535522461e-01 -1.130943070165812969e-03 0.000000000000000000e+00
-1.135756028816103935e-03 9.999993443489074707e-01 -0.000000000000000000e+00 -9.999993443489074707e-01 -1.135756028816103935e-03 0.000000000000000000e+00
-1.149380113929510117e-03 9.999993443489074707e-01 -0.000000000000000000e+00 -9.999993443489074707e-01 -1.149380113929510117e-03 0.000000000000000000e+00
-1.133034937083721161e-03 9.999993443489074707e-01 0.000000000000000000e+00 -9.999993443489074707e-01 -1.133034937083721161e-03 0.000000000000000000e+00
-1.145591144450008869e-03 9.999993443489074707e-01 -0.000000000000000000e+00 -9.999993443489074707e-01 -1.145591144450008869e-03 0.000000000000000000e+00
-1.215913565829396248e-03 9.999992847442626953e-01 0.000000000000000000e+00 -9.999992847442626953e-01 -1.215913565829396248e-03 0.000000000000000000e+00
-1.142441527917981148e-03 9.999993443489074707e-01 0.000000000000000000e+00 -9.999993443489074707e-01 -1.142441527917981148e-03 0.000000000000000000e+00
-1.125280163250863552e-03 9.999994039535522461e-01 -0.000000000000000000e+00 -9.999994039535522461e-01 -1.125280163250863552e-03 0.000000000000000000e+00
-1.127695431932806969e-03 9.999994039535522461e-01 0.000000000000000000e+00 -9.999994039535522461e-01 -1.127695431932806969e-03 0.000000000000000000e+00
-1.189355854876339436e-03 9.999992847442626953e-01 -0.000000000000000000e+00 -9.999992847442626953e-01 -1.189355854876339436e-03 0.000000000000000000e+00
-1.209391863085329533e-03 9.999992847442626953e-01 0.000000000000000000e+00 -9.999992847442626953e-01 -1.209391863085329533e-03 0.000000000000000000e+00
-1.218132791109383106e-03 9.999992847442626953e-01 0.000000000000000000e+00 -9.999992847442626953e-01 -1.218132791109383106e-03 0.000000000000000000e+00
-1.263914862647652626e-03 9.999992251396179199e-01 0.000000000000000000e+00 -9.999992251396179199e-01 -1.263914862647652626e-03 0.000000000000000000e+00
-1.259496784768998623e-03 9.999992251396179199e-01 -0.000000000000000000e+00 -9.999992251396179199e-01 -1.259496784768998623e-03 0.000000000000000000e+00
-1.230929046869277954e-03 9.999992847442626953e-01 0.000000000000000000e+00 -9.999992847442626953e-01 -1.230929046869277954e-03 0.000000000000000000e+00
-1.223314553499221802e-03 9.999992847442626953e-01 0.000000000000000000e+00 -9.999992847442626953e-01 -1.223314553499221802e-03 0.000000000000000000e+00
-1.449333853088319302e-03 9.999989867210388184e-01 0.000000000000000000e+00 -9.999989867210388184e-01 -1.449333853088319302e-03 0.000000000000000000e+00
-1.449111499823629856e-03 9.999989867210388184e-01 -0.000000000000000000e+00 -9.999989867210388184e-01 -1.449111499823629856e-03 0.000000000000000000e+00
-1.440995140001177788e-03 9.999989867210388184e-01 0.000000000000000000e+00 -9.999989867210388184e-01 -1.440995140001177788e-03 0.000000000000000000e+00
-1.441612490452826023e-03 9.999989867210388184e-01 0.000000000000000000e+00 -9.999989867210388184e-01 -1.441612490452826023e-03 0.000000000000000000e+00
-1.436041668057441711e-03 9.999989867210388184e-01 0.000000000000000000e+00 -9.999989867210388184e-01 -1.436041668057441711e-03 0.000000000000000000e+00
-1.437867409549653530e-03 9.999989867210388184e-01 0.000000000000000000e+00 -9.999989867210388184e-01 -1.437867409549653530e-03 0.000000000000000000e+00
-1.436189399100840092e-03 9.999989867210388184e-01 0.000000000000000000e+00 -9.999989867210388184e-01 -1.436189399100840092e-03 0.000000000000000000e+00
-1.437723985873162746e-03 9.999989867210388184e-01 0.000000000000000000e+00 -9.999989867210388184e-01 -1.437723985873162746e-03 0.000000000000000000e+00
-1.435984624549746513e-03 9.999989867210388184e-01 0.000000000000000000e+00 -9.999989867210388184e-01 -1.435984624549746513e-03 0.000000000000000000e+00
-1.436714548617601395e-03 9.999989867210388184e-01 0.000000000000000000e+00 -9.999989867210388184e-01 -1.436714548617601395e-03 0.000000000000000000e+00
-1.456468366086483002e-03 9.999989271163940430e-01 0.000000000000000000e+00 -9.999989271163940430e-01 -1.456468366086483002e-03 0.000000000000000000e+00
-1.456405501812696457e-03 9.999989271163940430e-01 0.000000000000000000e+00 -9.999989271163940430e-01 -1.456405501812696457e-03 0.000000000000000000e+00
-1.461200881749391556e-03 9.999989271163940430e-01 0.000000000000000000e+00 -9.999989271163940430e-01 -1.461200881749391556e-03 0.000000000000000000e+00
-1.461698324419558048e-03 9.999989271163940430e-01 0.000000000000000000e+00 -9.999989271163940430e-01 -1.461698324419558048e-03 0.000000000000000000e+00
-1.464875647798180580e-03 9.999989271163940430e-01 0.000000000000000000e+00 -9.999989271163940430e-01 -1.464875647798180580e-03 0.000000000000000000e+00
-1.465820707380771637e-03 9.999989271163940430e-01 0.000000000000000000e+00 -9.999989271163940430e-01 -1.465820707380771637e-03 0.000000000000000000e+00
-1.466982299461960793e-03 9.999989271163940430e-01 0.000000000000000000e+00 -9.999989271163940430e-01 -1.466982299461960793e-03 0.000000000000000000e+00
-1.023488701321184635e-03 9.999994635581970215e-01 0.000000000000000000e+00 -9.999994635581970215e-01 -1.023488701321184635e-03 0.000000000000000000e+00
-1.014658831991255283e-03 9.999995231628417969e-01 0.000000000000000000e+00 -9.999995231628417969e-01 -1.014658831991255283e-03 0.000000000000000000e+00
-1.006565871648490429e-03 9.999995231628417969e-01 0.000000000000000000e+00 -9.999995231628417969e-01 -1.006565871648490429e-03 0.000000000000000000e+00
-1.047536148689687252e-03 9.999994635581970215e-01 0.000000000000000000e+00 -9.999994635581970215e-01 -1.047536148689687252e-03 0.000000000000000000e+00
-1.054325606673955917e-03 9.999994635581970215e-01 0.000000000000000000e+00 -9.999994635581970215e-01 -1.054325606673955917e-03 0.000000000000000000e+00
-1.052612555213272572e-03 9.999994635581970215e-01 0.000000000000000000e+00 -9.999994635581970215e-01 -1.052612555213272572e-03 0.000000000000000000e+00
-1.056443899869918823e-03 9.999994635581970215e-01 -0.000000000000000000e+00 -9.999994635581970215e-01 -1.056443899869918823e-03 0.000000000000000000e+00
-1.060777110978960991e-03 9.999994635581970215e-01 -0.000000000000000000e+00 -9.999994635581970215e-01 -1.060777110978960991e-03 0.000000000000000000e+00
-1.078399363905191422e-03 9.999994039535522461e-01 -0.000000000000000000e+00 -9.999994039535522461e-01 -1.078399363905191422e-03 0.000000000000000000e+00
-1.081154099665582180e-03 9.999994039535522461e-01 0.000000000000000000e+00 -9.999994039535522461e-01 -1.081154099665582180e-03 0.000000000000000000e+00
-1.075213192962110043e-03 9.999994635581970215e-01 0.000000000000000000e+00 -9.999994635581970215e-01 -1.075213192962110043e-03 0.000000000000000000e+00
-1.053496147505939007e-03 9.999994635581970215e-01 0.000000000000000000e+00 -9.999994635581970215e-01 -1.053496147505939007e-03 0.000000000000000000e+00
-1.052082981914281845e-03 9.999994635581970215e-01 -0.000000000000000000e+00 -9.999994635581970215e-01 -1.052082981914281845e-03 0.000000000000000000e+00
-1.057836576364934444e-03 9.999994635581970215e-01 0.000000000000000000e+00 -9.999994635581970215e-01 -1.057836576364934444e-03 0.000000000000000000e+00
-1.065585762262344360e-03 9.999994635581970215e-01 0.000000000000000000e+00 -9.999994635581970215e-01 -1.065585762262344360e-03 0.000000000000000000e+00
-1.067939563654363155e-03 9.999994635581970215e-01 0.000000000000000000e+00 -9.999994635581970215e-01 -1.067939563654363155e-03 0.000000000000000000e+00
-1.080289483070373535e-03 9.999994039535522461e-01 0.000000000000000000e+00 -9.999994039535522461e-01 -1.080289483070373535e-03 0.000000000000000000e+00
-1.089865691028535366e-03 9.999994039535522461e-01 0.000000000000000000e+00 -9.999994039535522461e-01 -1.089865691028535366e-03 0.000000000000000000e+00
-1.104123308323323727e-03 9.999994039535522461e-01 0.000000000000000000e+00 -9.999994039535522461e-01 -1.104123308323323727e-03 0.000000000000000000e+00
-1.104480237700045109e-03 9.999994039535522461e-01 0.000000000000000000e+00 -9.999994039535522461e-01 -1.104480237700045109e-03 0.000000000000000000e+00
-1.104389550164341927e-03 9.999994039535522461e-01 0.000000000000000000e+00 -9.999994039535522461e-01 -1.104389550164341927e-03 0.000000000000000000e+00
-1.098962151445448399e-03 9.999994039535522461e-01 0.000000000000000000e+00 -9.999994039535522461e-01 -1.098962151445448399e-03 0.000000000000000000e+00
-1.099605811759829521e-03 9.999994039535522461e-01 0.000000000000000000e+00 -9.999994039535522461e-01 -1.099605811759829521e-03 0.000000000000000000e+00
-1.097165630199015141e-03 9.999994039535522461e-01 0.000000000000000000e+00 -9.999994039535522461e-01 -1.097165630199015141e-03 0.000000000000000000e+00
-1.096843858249485493e-03 9.999994039535522461e-01 0.000000000000000000e+00 -9.999994039535522461e-01 -1.096843858249485493e-03 0.000000000000000000e+00
-1.095366314984858036e-03 9.999994039535522461e-01 0.000000000000000000e+00 -9.999994039535522461e-01 -1.095366314984858036e-03 0.000000000000000000e+00
-1.098641776479780674e-03 9.999994039535522461e-01 0.000000000000000000e+00 -9.999994039535522461e-01 -1.098641776479780674e-03 0.000000000000000000e+00
-1.103289425373077393e-03 9.999994039535522461e-01 0.000000000000000000e+00 -9.999994039535522461e-01 -1.103289425373077393e-03 0.000000000000000000e+00
-1.104891300201416016e-03 9.999994039535522461e-01 0.000000000000000000e+00 -9.999994039535522461e-01 -1.104891300201416016e-03 0.000000000000000000e+00
-1.102736452594399452e-03 9.999994039535522461e-01 0.000000000000000000e+00 -9.999994039535522461e-01 -1.102736452594399452e-03 0.000000000000000000e+00
-1.089735538698732853e-03 9.999994039535522461e-01 0.000000000000000000e+00 -9.999994039535522461e-01 -1.089735538698732853e-03 0.000000000000000000e+00
-1.051510917022824287e-03 9.999994635581970215e-01 -0.000000000000000000e+00 -9.999994635581970215e-01 -1.051510917022824287e-03 0.000000000000000000e+00
-1.019784715026617050e-03 9.999995231628417969e-01 0.000000000000000000e+00 -9.999995231628417969e-01 -1.019784715026617050e-03 0.000000000000000000e+00
-1.003381097689270973e-03 9.999995231628417969e-01 0.000000000000000000e+00 -9.999995231628417969e-01 -1.003381097689270973e-03 0.000000000000000000e+00
-9.918678551912307739e-04 9.999995231628417969e-01 0.000000000000000000e+00 -9.999995231628417969e-01 -9.918678551912307739e-04 0.000000000000000000e+00
-9.933308465406298637e-04 9.999995231628417969e-01 -0.000000000000000000e+00 -9.999995231628417969e-01 -9.933308465406298637e-04 0.000000000000000000e+00
-9.980706963688135147e-04 9.999995231628417969e-01 -0.000000000000000000e+00 -9.999995231628417969e-01 -9.980706963688135147e-04 0.000000000000000000e+00
-9.983982890844345093e-04 9.999995231628417969e-01 0.000000000000000000e+00 -9.999995231628417969e-01 -9.983982890844345093e-04 0.000000000000000000e+00
-1.003069453872740269e-03 9.999995231628417969e-01 -0.000000000000000000e+00 -9.999995231628417969e-01 -1.003069453872740269e-03 0.000000000000000000e+00
-1.000974560156464577e-03 9.999995231628417969e-01 -0.000000000000000000e+00 -9.999995231628417969e-01 -1.000974560156464577e-03 0.000000000000000000e+00
-1.044867793098092079e-03 9.999994635581970215e-01 0.000000000000000000e+00 -9.999994635581970215e-01 -1.044867793098092079e-03 0.000000000000000000e+00
8.963821828365325928e-02 9.959731698036193848e-01 1.594441826455295086e-03 1.429231051588431001e-04 1.588023267686367035e-03 -9.999987483024597168e-01
8.963821083307266235e-02 9.959731101989746094e-01 1.604025368578732014e-03 1.437821629224345088e-04 1.597568392753601074e-03 -9.999987483024597168e-01
-8.963795751333236694e-02 9.959702491760253906e-01 -2.886953065171837807e-03 2.587816561572253704e-04 -2.875331323593854904e-03 -9.999958276748657227e-01
-8.963796496391296387e-02 9.959703087806701660e-01 -2.867004601284861565e-03 2.569935168139636517e-04 -2.855463186278939247e-03 -9.999958872795104980e-01
-2.660296261310577393e-01 9.639386534690856934e-01 -7.106875069439411163e-03 1.890687271952629089e-03 -6.850765086710453033e-03 -9.999747872352600098e-01
-2.660297155380249023e-01 9.639388918876647949e-01 -7.079062517732381821e-03 1.883288030512630939e-03 -6.823954638093709946e-03 -9.999749660491943359e-01
-4.338617920875549316e-01 9.009240269660949707e-01 -9.996399283409118652e-03 4.337272141128778458e-03 -9.006446227431297302e-03 -9.999500513076782227e-01
-4.338621497154235840e-01 9.009248018264770508e-01 -9.909512475132942200e-03 4.299574065953493118e-03 -8.928164839744567871e-03 -9.999509453773498535e-01
-5.877472758293151855e-01 8.089613914489746094e-01 -1.160859689116477966e-02 6.823380477726459503e-03 -9.391538798809051514e-03 -9.999326467514038086e-01
-5.877487063407897949e-01 8.089634180068969727e-01 -1.138752326369285583e-02 6.693436298519372940e-03 -9.212686680257320404e-03 -9.999351501464843750e-01
-7.227924466133117676e-01 6.910616755485534668e-01 -2.223761752247810364e-03 1.607322134077548981e-03 -1.536760246381163597e-03 -9.999975562095642090e-01
-7.227931022644042969e-01 6.910622715950012207e-01 -1.746137393638491631e-03 1.262098201550543308e-03 -1.206691609695553780e-03 -9.999985098838806152e-01
-8.344238996505737305e-01 5.507981777191162109e-01 1.892654038965702057e-02 -1.579558663070201874e-02 1.042657066136598587e-02 -9.998208880424499512e-01
-8.344113230705261230e-01 5.507898330688476562e-01 1.970572583377361298e-02 -1.644587516784667969e-02 1.085582189261913300e-02 -9.998058080673217773e-01
-9.191264510154724121e-01 3.928537666797637939e-01 2.953925170004367828e-02 -2.716216072440147400e-02 1.160967256873846054e-02 -9.995636343955993652e-01
-9.191137552261352539e-01 3.928483426570892334e-01 3.000381775200366974e-02 -2.758934162557125092e-02 1.179225929081439972e-02 -9.995498061180114746e-01
-9.744589328765869141e-01 2.224138081073760986e-01 3.101398423314094543e-02 -3.023640252649784088e-02 6.901259068399667740e-03 -9.995189905166625977e-01
-9.744581580162048340e-01 2.224136292934417725e-01 3.104055859148502350e-02 -3.026231005787849426e-02 6.907172035425901413e-03 -9.995181560516357422e-01
-9.989665746688842773e-01 4.486361891031265259e-02 7.287246175110340118e-03 -7.279908750206232071e-03 3.269409062340855598e-04 -9.999734759330749512e-01
-9.989667534828186035e-01 4.486362636089324951e-02 7.260050158947706223e-03 -7.252740208059549332e-03 3.257207572460174561e-04 -9.999736547470092773e-01
-9.909321069717407227e-01 -1.342298686504364014e-01 -5.999693647027015686e-03 5.945396143943071365e-03 8.053525816649198532e-04 -9.999819993972778320e-01
-9.909309148788452148e-01 -1.342297047376632690e-01 -6.196867674589157104e-03 6.140785757452249527e-03 8.318197214975953102e-04 -9.999808073043823242e-01
-9.510352015495300293e-01 -3.090113699436187744e-01 -6.641184911131858826e-03 6.316138897091150284e-03 2.052246592938899994e-03 -9.999779462814331055e-01
-9.510330557823181152e-01 -3.090106546878814697e-01 -6.965710781514644623e-03 6.624781992286443710e-03 2.152531174942851067e-03 -9.999757409095764160e-01
-8.805780410766601562e-01 -4.738597869873046875e-01 -6.267077755182981491e-03 5.518759600818157196e-03 2.969774417579174042e-03 -9.999803900718688965e-01
-8.805769085884094238e-01 -4.738591611385345459e-01 -6.465545855462551117e-03 5.693529732525348663e-03 3.063822630792856216e-03 -9.999791383743286133e-01
-7.818192839622497559e-01 -6.234803795814514160e-01 -5.556363612413406372e-03 4.344139248132705688e-03 3.464336972683668137e-03 -9.999845623970031738e-01
-7.818178534507751465e-01 -6.234792470932006836e-01 -5.869164131581783295e-03 4.588696174323558807e-03 3.659365000203251839e-03 -9.999827742576599121e-01
-6.579333543777465820e-01 -7.530617713928222656e-01 -4.655004013329744339e-03 3.062715986743569374e-03 3.505543805658817291e-03 -9.999892115592956543e-01
-6.579321026802062988e-01 -7.530602812767028809e-01 -5.057942587882280350e-03 3.327825572341680527e-03 3.808984765782952309e-03 -9.999872446060180664e-01
-5.128974914550781250e-01 -8.584478497505187988e-01 -1.889751874841749668e-03 9.692506864666938782e-04 1.622256357222795486e-03 -9.999982118606567383e-01
-5.128971338272094727e-01 -8.584473133087158203e-01 -2.166494261473417282e-03 1.111191581003367901e-03 1.859825919382274151e-03 -9.999976754188537598e-01
-3.513734340667724609e-01 -9.362353682518005371e-01 3.013282257597893476e-04 -1.058787529473192990e-04 -2.821141970343887806e-04 -1.000000000000000000e+00
-3.513734638690948486e-01 -9.362354278564453125e-01 1.959981163963675499e-04 -6.886853952892124653e-05 -1.835003786254674196e-04 -1.000000000000000000e+00
-1.785589605569839478e-01 -9.839285612106323242e-01 1.152444980107247829e-03 -2.057795209111645818e-04 -1.133924233727157116e-03 -9.999993443489074707e-01
-1.785589456558227539e-01 -9.839285016059875488e-01 1.188971102237701416e-03 -2.123015874531120062e-04 -1.169863389804959297e-03 -9.999992847442626953e-01
-0.000000000000000000e+00 -3.122254856862127781e-04 -9.999999403953552246e-01 0.000000000000000000e+00 9.999999403953552246e-01 -3.122254856862127781e-04
-0.000000000000000000e+00 -3.062948235310614109e-04 -9.999999403953552246e-01 0.000000000000000000e+00 9.999999403953552246e-01 -3.062948235310614109e-04
1.785525083541870117e-01 -9.838930368423461914e-01 8.574914187192916870e-03 1.531128888018429279e-03 -8.437109179794788361e-03 -9.999632835388183594e-01
1.785523444414138794e-01 -9.838920831680297852e-01 8.684427477419376373e-03 1.550683518871665001e-03 -8.544863201677799225e-03 -9.999623298645019531e-01
3.513432145118713379e-01 -9.361545443534851074e-01 1.313801016658544540e-02 4.616349469870328903e-03 -1.230026967823505402e-02 -9.999136924743652344e-01
3.513421714305877686e-01 -9.361518025398254395e-01 1.336367800831794739e-02 4.695643205195665359e-03 -1.251154765486717224e-02 -9.999107122421264648e-01
5.128316879272460938e-01 -8.583377599716186523e-01 1.612815447151660919e-02 8.272103965282440186e-03 -1.384520437568426132e-02 -9.998699426651000977e-01
5.128302574157714844e-01 -8.583353757858276367e-01 1.629715599119663239e-02 8.358784951269626617e-03 -1.399028394371271133e-02 -9.998672008514404297e-01
6.578453183174133301e-01 -7.529617547988891602e-01 1.697640120983123779e-02 1.116945687681436539e-02 -1.278442423790693283e-02 -9.998559355735778809e-01
6.578432917594909668e-01 -7.529593706130981445e-01 1.715698279440402985e-02 1.128826942294836044e-02 -1.292041502892971039e-02 -9.998528361320495605e-01
7.817142605781555176e-01 -6.233966350555419922e-01 1.730402000248432159e-02 1.352882478386163712e-02 -1.078888308256864548e-02 -9.998502731323242188e-01
7.817115187644958496e-01 -6.233944296836853027e-01 1.750812307000160217e-02 1.368839852511882782e-02 -1.091613899916410446e-02 -9.998467564582824707e-01
8.804613351821899414e-01 -4.737967848777770996e-01 1.744848303496837616e-02 1.536505389958620071e-02 -8.268293924629688263e-03 -9.998477697372436523e-01
8.804571032524108887e-01 -4.737945199012756348e-01 1.772219687700271606e-02 1.560608576983213425e-02 -8.397999219596385956e-03 -9.998430013656616211e-01
9.509273171424865723e-01 -3.089753687381744385e-01 1.647593453526496887e-02 1.566954329609870911e-02 -5.091348662972450256e-03 -9.998642802238464355e-01
9.509240388870239258e-01 -3.089742958545684814e-01 1.668464392423629761e-02 1.586803793907165527e-02 -5.155843682587146759e-03 -9.998608231544494629e-01
9.908906221389770508e-01 -1.342249959707260132e-01 1.093105413019657135e-02 1.083212625235319138e-02 -1.467308378778398037e-03 -9.999402761459350586e-01
9.908903241157531738e-01 -1.342249661684036255e-01 1.095947995781898499e-02 1.086029503494501114e-02 -1.471124007366597652e-03 -9.999399781227111816e-01
9.989925026893615723e-01 4.486478120088577271e-02 1.090686419047415257e-03 1.089588156901299953e-03 4.893343430012464523e-05 -9.999994039535522461e-01
9.989925622940063477e-01 4.486478492617607117e-02 1.031767344102263451e-03 1.030728453770279884e-03 4.629004251910373569e-05 -9.999994635581970215e-01
9.749159216880798340e-01 2.225179225206375122e-01 -4.978507291525602341e-03 -4.853686317801475525e-03 -1.107820775359869003e-03 -9.999876022338867188e-01
9.749152064323425293e-01 2.225177437067031860e-01 -5.130411591380834579e-03 -5.001781973987817764e-03 -1.141622662544250488e-03 -9.999868273735046387e-01
9.194979071617126465e-01 3.930125236511230469e-01 -8.055344223976135254e-03 -7.407112047076225281e-03 -3.165954025462269783e-03 -9.999675750732421875e-01
9.194965362548828125e-01 3.930119574069976807e-01 -8.233498781919479370e-03 -7.570930290967226028e-03 -3.235973184928297997e-03 -9.999660849571228027e-01
8.345378041267395020e-01 5.508735179901123047e-01 -9.221239946782588959e-03 -7.695800159126520157e-03 -5.079952999949455261e-03 -9.999575018882751465e-01
8.345360755920410156e-01 5.508723855018615723e-01 -9.442174807190895081e-03 -7.880186662077903748e-03 -5.201665218919515610e-03 -9.999554157257080078e-01
7.227743864059448242e-01 6.910439729690551758e-01 -7.449965458363294601e-03 -5.384793505072593689e-03 -5.148396361619234085e-03 -9.999722838401794434e-01
7.227736711502075195e-01 6.910432577133178711e-01 -7.582948077470064163e-03 -5.480912514030933380e-03 -5.240295547991991043e-03 -9.999712705612182617e-01
5.877826213836669922e-01 8.090103864669799805e-01 -3.715552622452378273e-03 -2.183952368795871735e-03 -3.005941398441791534e-03 -9.999930858612060547e-01
5.877823829650878906e-01 8.090100884437561035e-01 -3.807839937508106232e-03 -2.238197717815637589e-03 -3.080603666603565216e-03 -9.999927878379821777e-01
4.338836073875427246e-01 9.009689092636108398e-01 -1.445604430045932531e-04 -6.272240716498345137e-05 -1.302444579778239131e-04 -1.000000000000000000e+00
4.338836073875427246e-01 9.009689092636108398e-01 -2.112241636496037245e-04 -9.164670336758717895e-05 -1.903064112411811948e-04 -1.000000000000000000e+00
2.660356462001800537e-01 9.639608860015869141e-01 2.101263031363487244e-03 5.590121145360171795e-04 2.025539986789226532e-03 -9.999977946281433105e-01
2.660357058048248291e-01 9.639610648155212402e-01 2.036249963566660881e-03 5.417162319645285606e-04 1.962869428098201752e-03 -9.999979138374328613e-01
1.645925641059875488e-01 9.863270521163940430e-01 8.265690878033638000e-03 1.360517693683505058e-03 8.152952417731285095e-03 -9.999658465385437012e-01
1.645925939083099365e-01 9.863272905349731445e-01 8.238106966018676758e-03 1.355977379716932774e-03 8.125744760036468506e-03 -9.999660849571228027e-01
-1.645981520414352417e-01 9.863605499267578125e-01 -5.895990761928260326e-04 9.704693366074934602e-05 -5.815573967993259430e-04 -9.999998211860656738e-01
-1.645981520414352417e-01 9.863605499267578125e-01 -5.990481004118919373e-04 9.860222780844196677e-05 -5.908775492571294308e-04 -9.999998211860656738e-01
-4.759435057640075684e-01 8.794739842414855957e-01 -1.803502789698541164e-03 8.583668386563658714e-04 -1.586136408150196075e-03 -9.999983906745910645e-01
-4.759435057640075684e-01 8.794739842414855957e-01 -1.826461870223283768e-03 8.692940464243292809e-04 -1.606328180059790611e-03 -9.999983310699462891e-01
-7.356895208358764648e-01 6.772475242614746094e-01 9.842679835855960846e-03 -7.241506129503250122e-03 6.666252389550209045e-03 -9.999515414237976074e-01
-7.356891036033630371e-01 6.772471666336059570e-01 9.893989190459251404e-03 -7.279256358742713928e-03 6.701004225760698318e-03 -9.999510645866394043e-01
-9.157253503799438477e-01 4.016759991645812988e-01 1.017490122467279434e-02 -9.317897260189056396e-03 4.087225068360567093e-03 -9.999482631683349609e-01
-9.157256484031677246e-01 4.016761183738708496e-01 1.014084927737712860e-02 -9.286713786423206329e-03 4.073546733707189560e-03 -9.999486207962036133e-01
-9.965431094169616699e-01 8.257499337196350098e-02 -9.125568903982639313e-03 9.094400331377983093e-03 -7.535750628449022770e-04 -9.999583363533020020e-01
-9.965436458587646484e-01 8.257503807544708252e-02 -9.065544232726097107e-03 9.034581482410430908e-03 -7.486183894798159599e-04 -9.999589323997497559e-01
-9.692187905311584473e-01 -2.454401701688766479e-01 -1.934459805488586426e-02 1.875265687704086304e-02 4.748829640448093414e-03 -9.998129010200500488e-01
-9.692165851593017578e-01 -2.454396039247512817e-01 -1.945863477885723114e-02 1.886320300400257111e-02 4.776824265718460083e-03 -9.998106360435485840e-01
-8.370278477668762207e-01 -5.468557476997375488e-01 -1.825201138854026794e-02 1.527998875826597214e-02 9.982882067561149597e-03 -9.998334646224975586e-01
-8.370267748832702637e-01 -5.468550324440002441e-01 -1.832369156181812286e-02 1.533999666571617126e-02 1.002208702266216278e-02 -9.998321533203125000e-01
-6.141422390937805176e-01 -7.890496253967285156e-01 -1.516683958470821381e-02 9.315668605268001556e-03 1.196876727044582367e-02 -9.998850226402282715e-01
-6.141424179077148438e-01 -7.890498638153076172e-01 -1.514934562146663666e-02 9.304923005402088165e-03 1.195496041327714920e-02 -9.998852610588073730e-01
-3.246998488903045654e-01 -9.458157420158386230e-01 -1.615364453755319118e-03 5.245092906989157200e-04 1.527839107438921928e-03 -9.999986886978149414e-01
-3.246998488903045654e-01 -9.458158016204833984e-01 -1.595122041180729866e-03 5.179365398362278938e-04 1.508693560026586056e-03 -9.999987483024597168e-01
0.000000000000000000e+00 -1.336019136942923069e-03 -9.999991059303283691e-01 0.000000000000000000e+00 9.999991059303283691e-01 -1.336019136942923069e-03
0.000000000000000000e+00 -1.257050782442092896e-03 -9.999992251396179199e-01 0.000000000000000000e+00 9.999992251396179199e-01 -1.257050782442092896e-03
3.246995508670806885e-01 -9.458149075508117676e-01 2.111690584570169449e-03 6.856665131635963917e-04 -1.997272949665784836e-03 -9.999977946281433105e-01
3.246996402740478516e-01 -9.458151459693908691e-01 1.997428247705101967e-03 6.485654739663004875e-04 -1.889201579615473747e-03 -9.999980330467224121e-01
6.141865253448486328e-01 -7.891065478324890137e-01 9.267131797969341278e-03 5.691991653293371201e-03 -7.313068024814128876e-03 -9.999570846557617188e-01
6.141866445541381836e-01 -7.891067266464233398e-01 9.240676648914813995e-03 5.675742402672767639e-03 -7.292191497981548309e-03 -9.999573230743408203e-01
8.370073437690734863e-01 -5.468423366546630859e-01 1.954858005046844482e-02 1.636543311178684235e-02 -1.069203484803438187e-02 -9.998089075088500977e-01
8.370065689086914062e-01 -5.468418598175048828e-01 1.959881372749805450e-02 1.640748605132102966e-02 -1.071950979530811310e-02 -9.998079538345336914e-01
9.693512916564941406e-01 -2.454737126827239990e-01 1.004084758460521698e-02 9.733599610626697540e-03 -2.464888384565711021e-03 -9.999495744705200195e-01
9.693518280982971191e-01 -2.454738467931747437e-01 9.987845085561275482e-03 9.682218544185161591e-03 -2.451877109706401825e-03 -9.999501109123229980e-01
9.965074658393859863e-01 8.257204294204711914e-02 -1.243845093995332718e-02 -1.239596866071224213e-02 -1.027147751301527023e-03 -9.999226331710815430e-01
9.965073466300964355e-01 8.257203549146652222e-02 -1.245119608938694000e-02 -1.240867003798484802e-02 -1.028200262226164341e-03 -9.999225139617919922e-01
9.156876802444458008e-01 4.016594588756561279e-01 -1.362972985953092575e-02 -1.248173508793115616e-02 -5.475018639117479324e-03 -9.999071359634399414e-01
9.156880378723144531e-01 4.016596078872680664e-01 -1.360078435391187668e-02 -1.245522778481245041e-02 -5.463391076773405075e-03 -9.999074935913085938e-01
7.357228994369506836e-01 6.772782802581787109e-01 -2.448570448905229568e-03 -1.801474718376994133e-03 -1.658368506468832493e-03 -9.999970197677612305e-01
7.357229590415954590e-01 6.772783398628234863e-01 -2.411768073216080666e-03 -1.774398260749876499e-03 -1.633443054743111134e-03 -9.999970793724060059e-01
4.759289920330047607e-01 8.794471621513366699e-01 8.017173036932945251e-03 3.815727541223168373e-03 7.050906773656606674e-03 -9.999678730964660645e-01
4.759289324283599854e-01 8.794470429420471191e-01 8.034680970013141632e-03 3.824060317128896713e-03 7.066303864121437073e-03 -9.999677538871765137e-01
1.081176251173019409e-01 9.941300153732299805e-01 -4.022085107862949371e-03 -4.348617803771048784e-04 -3.998507745563983917e-03 -9.999919533729553223e-01
1.081176176667213440e-01 9.941299557685852051e-01 -4.025308880954980850e-03 -4.352103569544851780e-04 -4.001712426543235779e-03 -9.999918937683105469e-01
-1.081166788935661316e-01 9.941213130950927734e-01 -5.799472797662019730e-03 6.270302692428231239e-04 -5.765476264059543610e-03 -9.999831914901733398e-01
-1.081166639924049377e-01 9.941211938858032227e-01 -5.816647782921791077e-03 6.288872100412845612e-04 -5.782550666481256485e-03 -9.999830722808837891e-01
-3.192952573299407959e-01 9.476329088211059570e-01 -6.518618203699588776e-03 2.081407932564616203e-03 -6.177388131618499756e-03 -9.999787807464599609e-01
-3.192952275276184082e-01 9.476328492164611816e-01 -6.523750256747007370e-03 2.083046594634652138e-03 -6.182251498103141785e-03 -9.999787211418151855e-01
-5.155420899391174316e-01 8.568388223648071289e-01 -6.607747636735439301e-03 3.406646428629755974e-03 -5.661898292601108551e-03 -9.999781847000122070e-01
-5.155420303344726562e-01 8.568387031555175781e-01 -6.617764476686716080e-03 3.411811077967286110e-03 -5.670482292771339417e-03 -9.999781250953674316e-01
-6.876871585845947266e-01 7.259819507598876953e-01 -6.052976474165916443e-03 4.162630531936883926e-03 -4.394432064145803452e-03 -9.999817013740539551e-01
-6.876870989799499512e-01 7.259818911552429199e-01 -6.068069022148847580e-03 4.173009656369686127e-03 -4.405389074236154556e-03 -9.999815821647644043e-01
-8.276882767677307129e-01 5.611873269081115723e-01 -9.947761427611112595e-04 8.233649423345923424e-04 -5.582559970207512379e-04 -9.999995231628417969e-01
-8.276882767677307129e-01 5.611873269081115723e-01 -9.870373178273439407e-04 8.169596549123525620e-04 -5.539130652323365211e-04 -9.999995231628417969e-01
-9.289762973785400391e-01 3.701374232769012451e-01 1.202216371893882751e-03 -1.116831321269273758e-03 4.449856060091406107e-04 -9.999992847442626953e-01
-9.289762377738952637e-01 3.701373934745788574e-01 1.235515228472650051e-03 -1.147765200585126877e-03 4.573107580654323101e-04 -9.999992251396179199e-01
-9.868249297142028809e-01 1.617818921804428101e-01 1.799089252017438412e-03 -1.775388838723301888e-03 2.910604816861450672e-04 -9.999983906745910645e-01
-9.868248105049133301e-01 1.617818623781204224e-01 1.874581561423838139e-03 -1.849886612035334110e-03 3.032737877219915390e-04 -9.999982714653015137e-01
-9.985322952270507812e-01 -5.413902178406715393e-02 1.511860173195600510e-03 -1.509642926976084709e-03 -8.185071783373132348e-05 -9.999988675117492676e-01
-9.985323548316955566e-01 -5.413902178406715393e-02 1.457436825148761272e-03 -1.455299439840018749e-03 -7.890428969403728843e-05 -9.999989271163940430e-01
-9.633489847183227539e-01 -2.674727439880371094e-01 2.042545937001705170e-02 -1.968095079064369202e-02 -5.464393645524978638e-03 -9.997913837432861328e-01
-9.633527994155883789e-01 -2.674738168716430664e-01 2.022962830960750580e-02 -1.949225738644599915e-02 -5.412003491073846817e-03 -9.997953772544860840e-01
-8.826508522033691406e-01 -4.679517745971679688e-01 4.414314776659011841e-02 -3.900100290775299072e-02 -2.067702077329158783e-02 -9.990252256393432617e-01
-8.826801180839538574e-01 -4.679673016071319580e-01 4.338764026761054993e-02 -3.833350539207458496e-02 -2.032313495874404907e-02 -9.990583658218383789e-01
-7.614296674728393555e-01 -6.467637419700622559e-01 4.383536055684089661e-02 -3.340965881943702698e-02 -2.837839908897876740e-02 -9.990387558937072754e-01
-7.615054845809936523e-01 -6.468281149864196777e-01 4.150675982236862183e-02 -3.163488581776618958e-02 -2.687089517712593079e-02 -9.991382360458374023e-01
-6.047890186309814453e-01 -7.955867648124694824e-01 3.566609695553779602e-02 -2.158419601619243622e-02 -2.839353866875171661e-02 -9.993637800216674805e-01
-6.048341393470764160e-01 -7.956460714340209961e-01 3.351097553968429565e-02 -2.027997560799121857e-02 -2.667786180973052979e-02 -9.994384050369262695e-01
-4.197345077991485596e-01 -9.072408676147460938e-01 2.714718878269195557e-02 -1.139881275594234467e-02 -2.463812008500099182e-02 -9.996314644813537598e-01
-4.197524189949035645e-01 -9.072796106338500977e-01 2.552857063710689545e-02 -1.071917172521352768e-02 -2.316910028457641602e-02 -9.996740818023681641e-01
-2.149375826120376587e-01 -9.764723181724548340e-01 1.742607355117797852e-02 -3.746087197214365005e-03 -1.701866462826728821e-02 -9.998481869697570801e-01
-2.149416655302047729e-01 -9.764908552169799805e-01 1.630276814103126526e-02 -3.504609689116477966e-03 -1.592161878943443298e-02 -9.998671412467956543e-01
-0.000000000000000000e+00 -4.069779533892869949e-03 -9.999917149543762207e-01 0.000000000000000000e+00 9.999917149543762207e-01 -4.069779533892869949e-03
-0.000000000000000000e+00 -3.461265238001942635e-03 -9.999940395355224609e-01 0.000000000000000000e+00 9.999940395355224609e-01 -3.461265238001942635e-03
2.149695158004760742e-01 -9.766173362731933594e-01 -2.591712400317192078e-03 -5.571410292759537697e-04 2.531119855120778084e-03 -9.999966621398925781e-01
2.149695008993148804e-01 -9.766172766685485840e-01 -2.618586178869009018e-03 -5.629180814139544964e-04 2.557365223765373230e-03 -9.999966025352478027e-01
4.198881089687347412e-01 -9.075729250907897949e-01 -2.320104744285345078e-03 -9.741870453581213951e-04 2.105669816955924034e-03 -9.999973177909851074e-01
4.198881089687347412e-01 -9.075729250907897949e-01 -2.326055895537137985e-03 -9.766859002411365509e-04 2.111071022227406502e-03 -9.999973177909851074e-01
6.051723361015319824e-01 -7.960905432701110840e-01 -2.511006314307451248e-03 -1.519596320576965809e-03 1.998994732275605202e-03 -9.999968409538269043e-01
6.051723361015319824e-01 -7.960905432701110840e-01 -2.520840149372816086e-03 -1.525547588244080544e-03 2.006823429837822914e-03 -9.999968409538269043e-01
7.621591687202453613e-01 -6.473838090896606445e-01 -2.761939773336052895e-03 -2.105045830830931664e-03 1.788041787222027779e-03 -9.999961853027343750e-01
7.621591687202453613e-01 -6.473837494850158691e-01 -2.797228284180164337e-03 -2.131941495463252068e-03 1.810887129977345467e-03 -9.999961256980895996e-01
8.835063576698303223e-01 -4.684057831764221191e-01 -3.544152248650789261e-03 -3.131300676614046097e-03 1.660111709497869015e-03 -9.999937415122985840e-01
8.835063576698303223e-01 -4.684057831764221191e-01 -3.536416450515389442e-03 -3.124465933069586754e-03 1.656488282606005669e-03 -9.999937415122985840e-01
9.635426402091979980e-01 -2.675260603427886963e-01 -3.930220846086740494e-03 -3.786964574828743935e-03 1.051444676704704762e-03 -9.999922513961791992e-01
9.635426998138427734e-01 -2.675260901451110840e-01 -3.928461112082004547e-03 -3.785269102081656456e-03 1.050973893143236637e-03 -9.999923110008239746e-01
9.985250830650329590e-01 -5.413863062858581543e-02 -4.090399481356143951e-03 -4.084400832653045654e-03 2.214504638686776161e-04 -9.999916553497314453e-01
9.985251426696777344e-01 -5.413863435387611389e-02 -4.077564924955368042e-03 -4.071584902703762054e-03 2.207556244684383273e-04 -9.999917149543762207e-01
9.868167638778686523e-01 1.617805510759353638e-01 -4.451722372323274612e-03 -4.393076989799737930e-03 -7.202090346254408360e-04 -9.999901056289672852e-01
9.868167042732238770e-01 1.617805361747741699e-01 -4.462298937141895294e-03 -4.403514321893453598e-03 -7.219201652333140373e-04 -9.999900460243225098e-01
9.289665818214416504e-01 3.701339960098266602e-01 -4.681343212723731995e-03 -4.348859656602144241e-03 -1.732743345201015472e-03 -9.999890923500061035e-01
9.289665222167968750e-01 3.701339662075042725e-01 -4.690985661000013351e-03 -4.357816651463508606e-03 -1.736312289722263813e-03 -9.999889731407165527e-01
8.276786804199218750e-01 5.611803531646728516e-01 -4.964182153344154358e-03 -4.108798690140247345e-03 -2.785836113616824150e-03 -9.999877214431762695e-01
8.276787400245666504e-01 5.611804127693176270e-01 -4.958281293511390686e-03 -4.103913903236389160e-03 -2.782524097710847855e-03 -9.999877214431762695e-01
6.876912713050842285e-01 7.259863018989562988e-01 -4.965171217918395996e-03 -3.414546838030219078e-03 -3.604690777137875557e-03 -9.999876618385314941e-01
6.876913905143737793e-01 7.259864211082458496e-01 -4.933848977088928223e-03 -3.393006743863224983e-03 -3.581950906664133072e-03 -9.999878406524658203e-01
5.155480504035949707e-01 8.568487763404846191e-01 -4.526455886662006378e-03 -2.333629643544554710e-03 -3.878528019413352013e-03 -9.999898076057434082e-01
5.155481100082397461e-01 8.568487763404846191e-01 -4.513761959969997406e-03 -2.327085006982088089e-03 -3.867650870233774185e-03 -9.999898076057434082e-01
3.192997574806213379e-01 9.476462602615356445e-01 -3.780075814574956894e-03 -1.206985907629132271e-03 -3.582200268283486366e-03 -9.999929070472717285e-01
3.192997574806213379e-01 9.476462006568908691e-01 -3.794918535277247429e-03 -1.211725058965384960e-03 -3.596265800297260284e-03 -9.999927878379821777e-01
-1.108286785893142223e-03 9.999994039535522461e-01 0.000000000000000000e+00 -9.999994039535522461e-01 -1.108286785893142223e-03 0.000000000000000000e+00
-1.117469510063529015e-03 9.999994039535522461e-01 0.000000000000000000e+00 -9.999994039535522461e-01 -1.117469510063529015e-03 0.000000000000000000e+00
-5.238757003098726273e-03 0.000000000000000000e+00 9.999862909317016602e-01 -9.999862909317016602e-01 0.000000000000000000e+00 -5.238757003098726273e-03
-5.167566705495119095e-03 0.000000000000000000e+00 9.999866485595703125e-01 -9.999866485595703125e-01 0.000000000000000000e+00 -5.167566705495119095e-03
-3.788906615227460861e-04 -9.999999403953552246e-01 -0.000000000000000000e+00 -9.999999403953552246e-01 3.788906615227460861e-04 0.000000000000000000e+00
-3.681499219965189695e-04 -9.999999403953552246e-01 0.000000000000000000e+00 -9.999999403953552246e-01 3.681499219965189695e-04 0.000000000000000000e+00
-3.272101748734712601e-04 -9.999999403953552246e-01 -0.000000000000000000e+00 -9.999999403953552246e-01 3.272101748734712601e-04 0.000000000000000000e+00
-4.427017411217093468e-04 -9.999999403953552246e-01 0.000000000000000000e+00 -9.999999403953552246e-01 4.427017411217093468e-04 0.000000000000000000e+00
-4.643396823666989803e-04 -9.999998807907104492e-01 0.000000000000000000e+00 -9.999998807907104492e-01 4.643396823666989803e-04 0.000000000000000000e+00
-4.879014450125396252e-04 -9.999998807907104492e-01 0.000000000000000000e+00 -9.999998807907104492e-01 4.879014450125396252e-04 0.000000000000000000e+00
-5.230334354564547539e-04 -9.999998807907104492e-01 0.000000000000000000e+00 -9.999998807907104492e-01 5.230334354564547539e-04 0.000000000000000000e+00
-5.415774066932499409e-04 -9.999998807907104492e-01 0.000000000000000000e+00 -9.999998807907104492e-01 5.415774066932499409e-04 0.000000000000000000e+00
-5.545213934965431690e-04 -9.999998807907104492e-01 0.000000000000000000e+00 -9.999998807907104492e-01 5.545213934965431690e-04 0.000000000000000000e+00
-5.768673145212233067e-04 -9.999998211860656738e-01 0.000000000000000000e+00 -9.999998211860656738e-01 5.768673145212233067e-04 0.000000000000000000e+00
-5.904622375965118408e-04 -9.999998211860656738e-01 0.000000000000000000e+00 -9.999998211860656738e-01 5.904622375965118408e-04 0.000000000000000000e+00
-6.057760328985750675e-04 -9.999998211860656738e-01 0.000000000000000000e+00 -9.999998211860656738e-01 6.057760328985750675e-04 0.000000000000000000e+00
-6.129004759714007378e-04 -9.999998211860656738e-01 0.000000000000000000e+00 -9.999998211860656738e-01 6.129004759714007378e-04 0.000000000000000000e+00
-6.211747531779110432e-04 -9.999998211860656738e-01 0.000000000000000000e+00 -9.999998211860656738e-01 6.211747531779110432e-04 0.000000000000000000e+00
-6.233208114281296730e-04 -9.999998211860656738e-01 0.000000000000000000e+00 -9.999998211860656738e-01 6.233208114281296730e-04 0.000000000000000000e+00
-2.805796684697270393e-04 -1.000000000000000000e+00 -0.000000000000000000e+00 -1.000000000000000000e+00 2.805796684697270393e-04 0.000000000000000000e+00
-2.430119056953117251e-04 -1.000000000000000000e+00 -0.000000000000000000e+00 -1.000000000000000000e+00 2.430119056953117251e-04 0.000000000000000000e+00
-2.070709451800212264e-04 -1.000000000000000000e+00 -0.000000000000000000e+00 -1.000000000000000000e+00 2.070709451800212264e-04 0.000000000000000000e+00
-1.796031865524128079e-04 -1.000000000000000000e+00 -0.000000000000000000e+00 -1.000000000000000000e+00 1.796031865524128079e-04 0.000000000000000000e+00
-1.561847893754020333e-04 -1.000000000000000000e+00 -0.000000000000000000e+00 -1.000000000000000000e+00 1.561847893754020333e-04 0.000000000000000000e+00
-1.474833552492782474e-04 -1.000000000000000000e+00 -0.000000000000000000e+00 -1.000000000000000000e+00 1.474833552492782474e-04 0.000000000000000000e+00
-1.519847573945298791e-04 -1.000000000000000000e+00 -0.000000000000000000e+00 -1.000000000000000000e+00 1.519847573945298791e-04 0.000000000000000000e+00
-1.159106614068150520e-04 -1.000000000000000000e+00 0.000000000000000000e+00 -1.000000000000000000e+00 1.159106614068150520e-04 0.000000000000000000e+00
-1.031949723255820572e-04 -1.000000000000000000e+00 0.000000000000000000e+00 -1.000000000000000000e+00 1.031949723255820572e-04 0.000000000000000000e+00
-8.969809277914464474e-05 -1.000000000000000000e+00 -0.000000000000000000e+00 -1.000000000000000000e+00 8.969809277914464474e-05 0.000000000000000000e+00
-7.375374843832105398e-05 -1.000000000000000000e+00 0.000000000000000000e+00 -1.000000000000000000e+00 7.375374843832105398e-05 0.000000000000000000e+00
-6.825610034866258502e-05 -1.000000000000000000e+00 0.000000000000000000e+00 -1.000000000000000000e+00 6.825610034866258502e-05 0.000000000000000000e+00
-3.857810224872082472e-04 -9.999999403953552246e-01 0.000000000000000000e+00 -9.999999403953552246e-01 3.857810224872082472e-04 0.000000000000000000e+00
-3.885941987391561270e-04 -9.999999403953552246e-01 0.000000000000000000e+00 -9.999999403953552246e-01 3.885941987391561270e-04 0.000000000000000000e+00
-4.222384013701230288e-04 -9.999999403953552246e-01 -0.000000000000000000e+00 -9.999999403953552246e-01 4.222384013701230288e-04 0.000000000000000000e+00
-4.166456637904047966e-04 -9.999999403953552246e-01 -0.000000000000000000e+00 -9.999999403953552246e-01 4.166456637904047966e-04 0.000000000000000000e+00
-4.058376362081617117e-04 -9.999999403953552246e-01 0.000000000000000000e+00 -9.999999403953552246e-01 4.058376362081617117e-04 0.000000000000000000e+00
-4.127162683289498091e-04 -9.999999403953552246e-01 -0.000000000000000000e+00 -9.999999403953552246e-01 4.127162683289498091e-04 0.000000000000000000e+00
-4.230678896419703960e-04 -9.999999403953552246e-01 -0.000000000000000000e+00 -9.999999403953552246e-01 4.230678896419703960e-04 0.000000000000000000e+00
-4.318263963796198368e-04 -9.999999403953552246e-01 0.000000000000000000e+00 -9.999999403953552246e-01 4.318263963796198368e-04 0.000000000000000000e+00
-4.288639756850898266e-04 -9.999999403953552246e-01 -0.000000000000000000e+00 -9.999999403953552246e-01 4.288639756850898266e-04 0.000000000000000000e+00
-4.046672838740050793e-04 -9.999999403953552246e-01 0.000000000000000000e+00 -9.999999403953552246e-01 4.046672838740050793e-04 0.000000000000000000e+00
-4.019184561911970377e-04 -9.999999403953552246e-01 -0.000000000000000000e+00 -9.999999403953552246e-01 4.019184561911970377e-04 0.000000000000000000e+00
-3.916268469765782356e-04 -9.999999403953552246e-01 -0.000000000000000000e+00 -9.999999403953552246e-01 3.916268469765782356e-04 0.000000000000000000e+00
-3.874238755088299513e-04 -9.999999403953552246e-01 -0.000000000000000000e+00 -9.999999403953552246e-01 3.874238755088299513e-04 0.000000000000000000e+00
-3.709543379954993725e-04 -9.999999403953552246e-01 0.000000000000000000e+00 -9.999999403953552246e-01 3.709543379954993725e-04 0.000000000000000000e+00
-3.478738944977521896e-04 -9.999999403953552246e-01 0.000000000000000000e+00 -9.999999403953552246e-01 3.478738944977521896e-04 0.000000000000000000e+00
-3.133080608677119017e-04 -9.999999403953552246e-01 0.000000000000000000e+00 -9.999999403953552246e-01 3.133080608677119017e-04 0.000000000000000000e+00
-2.596394624561071396e-04 -1.000000000000000000e+00 0.000000000000000000e+00 -1.000000000000000000e+00 2.596394624561071396e-04 0.000000000000000000e+00
-2.515641681384295225e-04 -1.000000000000000000e+00 0.000000000000000000e+00 -1.000000000000000000e+00 2.515641681384295225e-04 0.000000000000000000e+00
-2.119907294400036335e-04 -1.000000000000000000e+00 0.000000000000000000e+00 -1.000000000000000000e+00 2.119907294400036335e-04 0.000000000000000000e+00
-1.993832993321120739e-04 -1.000000000000000000e+00 0.000000000000000000e+00 -1.000000000000000000e+00 1.993832993321120739e-04 0.000000000000000000e+00
-1.589965249877423048e-04 -1.000000000000000000e+00 0.000000000000000000e+00 -1.000000000000000000e+00 1.589965249877423048e-04 0.000000000000000000e+00
-1.524850813439115882e-04 -1.000000000000000000e+00 0.000000000000000000e+00 -1.000000000000000000e+00 1.524850813439115882e-04 0.000000000000000000e+00
-1.269118074560537934e-04 -1.000000000000000000e+00 0.000000000000000000e+00 -1.000000000000000000e+00 1.269118074560537934e-04 0.000000000000000000e+00
-1.094928375096060336e-04 -1.000000000000000000e+00 0.000000000000000000e+00 -1.000000000000000000e+00 1.094928375096060336e-04 0.000000000000000000e+00
-9.554098505759611726e-05 -1.000000000000000000e+00 0.000000000000000000e+00 -1.000000000000000000e+00 9.554098505759611726e-05 0.000000000000000000e+00
-7.805180212017148733e-05 -1.000000000000000000e+00 0.000000000000000000e+00 -1.000000000000000000e+00 7.805180212017148733e-05 0.000000000000000000e+00
-6.546631630044430494e-05 -1.000000000000000000e+00 0.000000000000000000e+00 -1.000000000000000000e+00 6.546631630044430494e-05 0.000000000000000000e+00
-5.486016016220673919e-05 -1.000000000000000000e+00 0.000000000000000000e+00 -1.000000000000000000e+00 5.486016016220673919e-05 0.000000000000000000e+00
-4.737148265121504664e-05 -1.000000000000000000e+00 0.000000000000000000e+00 -1.000000000000000000e+00 4.737148265121504664e-05 0.000000000000000000e+00
0.000000000000000000e+00 9.835702367126941681e-04 9.999995231628417969e-01 0.000000000000000000e+00 9.999995231628417969e-01 -9.835702367126941681e-04
0.000000000000000000e+00 9.510744712315499783e-04 9.999995827674865723e-01 0.000000000000000000e+00 9.999995827674865723e-01 -9.510744712315499783e-04
9.970832467079162598e-01 7.628390938043594360e-02 2.415751572698354721e-03 2.408712403848767281e-03 1.842835190473124385e-04 -9.999970793724060059e-01
9.970831871032714844e-01 7.628390192985534668e-02 2.443348057568073273e-03 2.436228562146425247e-03 1.863886864157393575e-04 -9.999970197677612305e-01
9.738740324974060059e-01 2.270762175321578979e-01 2.403629943728446960e-03 2.340839477255940437e-03 5.458087543956935406e-04 -9.999971389770507812e-01
9.738740324974060059e-01 2.270762175321578979e-01 2.409721724689006805e-03 2.346772234886884689e-03 5.471920594573020935e-04 -9.999971389770507812e-01
9.279962182044982910e-01 3.725812137126922607e-01 2.522892551496624947e-03 2.341242041438817978e-03 9.399853297509253025e-04 -9.999968409538269043e-01
9.279962182044982910e-01 3.725812137126922607e-01 2.523819915950298309e-03 2.342102816328406334e-03 9.403307922184467316e-04 -9.999968409538269043e-01
8.605163097381591797e-01 5.094154477119445801e-01 2.751955529674887657e-03 2.368111861869692802e-03 1.401894143782556057e-03 -9.999962449073791504e-01
8.605163097381591797e-01 5.094154477119445801e-01 2.771277679130434990e-03 2.384738763794302940e-03 1.411737059243023396e-03 -9.999961853027343750e-01
7.730075716972351074e-01 6.343901157379150391e-01 2.925372216850519180e-03 2.261344343423843384e-03 1.855834969319403172e-03 -9.999957084655761719e-01
7.730076313018798828e-01 6.343901753425598145e-01 2.895525656640529633e-03 2.238272689282894135e-03 1.836900599300861359e-03 -9.999958276748657227e-01
6.675052046775817871e-01 7.446000576019287109e-01 2.777869580313563347e-03 1.854249509051442146e-03 2.068409696221351624e-03 -9.999961256980895996e-01
6.675053834915161133e-01 7.446002364158630371e-01 2.657325239852070808e-03 1.773785450495779514e-03 1.978652318939566612e-03 -9.999964833259582520e-01
5.464655756950378418e-01 8.374779224395751953e-01 2.458489034324884415e-03 1.343483803793787956e-03 2.058936748653650284e-03 -9.999970197677612305e-01
5.464656949043273926e-01 8.374781012535095215e-01 2.382010919973254204e-03 1.301691052503883839e-03 1.994887832552194595e-03 -9.999971985816955566e-01
4.127061367034912109e-01 9.108618497848510742e-01 2.082578837871551514e-03 8.594949031248688698e-04 1.896945759654045105e-03 -9.999978542327880859e-01
4.127061665058135986e-01 9.108619093894958496e-01 2.067736349999904633e-03 8.533692453056573868e-04 1.883425982668995857e-03 -9.999978542327880859e-01
2.693397998809814453e-01 9.630440473556518555e-01 1.508764689788222313e-03 4.063708183821290731e-04 1.453008502721786499e-03 -9.999988675117492676e-01
2.693397998809814453e-01 9.630440473556518555e-01 1.500537153333425522e-03 4.041548236273229122e-04 1.445084926672279835e-03 -9.999988675117492676e-01
1.197035908699035645e-01 9.928095936775207520e-01 5.414603510871529579e-04 6.481475429609417915e-05 5.375670734792947769e-04 -9.999998807907104492e-01
1.197035908699035645e-01 9.928095936775207520e-01 5.415364284999668598e-04 6.482386379502713680e-05 5.376426270231604576e-04 -9.999998807907104492e-01
-3.271908313035964966e-02 9.994645118713378906e-01 -3.909187798853963614e-04 1.279050593439023942e-05 -3.907094651367515326e-04 -9.999999403953552246e-01
-3.271908313035964966e-02 9.994645118713378906e-01 -3.935593413189053535e-04 1.287690247409045696e-05 -3.933486295863986015e-04 -9.999999403953552246e-01
-1.843800395727157593e-01 9.828541278839111328e-01 -1.350038102827966213e-03 2.489202888682484627e-04 -1.326891710050404072e-03 -9.999991059303283691e-01
-1.843800246715545654e-01 9.828540682792663574e-01 -1.386257121339440346e-03 2.555983664933592081e-04 -1.362489769235253334e-03 -9.999990463256835938e-01
-3.317490220069885254e-01 9.433657526969909668e-01 -1.934814150445163250e-03 6.418739212676882744e-04 -1.825240789912641048e-03 -9.999981522560119629e-01
-3.317490220069885254e-01 9.433656930923461914e-01 -1.962118083611130714e-03 6.509319646283984184e-04 -1.850998378358781338e-03 -9.999980926513671875e-01
-4.713957011699676514e-01 8.819194436073303223e-01 -2.063638763502240181e-03 9.727923898026347160e-04 -1.819966710172593594e-03 -9.999978542327880859e-01
-4.713957011699676514e-01 8.819194436073303223e-01 -2.072291914373636246e-03 9.768714662641286850e-04 -1.827598200179636478e-03 -9.999978542327880859e-01
-6.000695824623107910e-01 7.999444603919982910e-01 -2.313934266567230225e-03 1.388525357469916344e-03 -1.851023989729583263e-03 -9.999973773956298828e-01
-6.000696420669555664e-01 7.999445199966430664e-01 -2.310316776856780052e-03 1.386354560963809490e-03 -1.848130021244287491e-03 -9.999973773956298828e-01
-7.147753238677978516e-01 6.993490457534790039e-01 -2.700848737731575966e-03 1.930506783537566662e-03 -1.888842554762959480e-03 -9.999963641166687012e-01
-7.147752642631530762e-01 6.993489861488342285e-01 -2.716599963605403900e-03 1.941765542142093182e-03 -1.899858354590833187e-03 -9.999963045120239258e-01
-8.128432631492614746e-01 5.824751853942871094e-01 -2.932233270257711411e-03 2.383456099778413773e-03 -1.707960152998566628e-03 -9.999957084655761719e-01
-8.128429055213928223e-01 5.824748873710632324e-01 -3.080556401982903481e-03 2.504020230844616890e-03 -1.794355222955346107e-03 -9.999952912330627441e-01
-8.919893503189086914e-01 4.520428180694580078e-01 -3.512736642733216286e-03 3.133343067020177841e-03 -1.587917096912860870e-03 -9.999938607215881348e-01
-8.919889330863952637e-01 4.520426094532012939e-01 -3.638112219050526619e-03 3.245177213102579117e-03 -1.644592615775763988e-03 -9.999933838844299316e-01
-9.503735899925231934e-01 3.110890388488769531e-01 -3.707252210006117821e-03 3.523298772051930428e-03 -1.153293531388044357e-03 -9.999931454658508301e-01
-9.503734111785888672e-01 3.110890090465545654e-01 -3.753656987100839615e-03 3.567400854080915451e-03 -1.167729613371193409e-03 -9.999929666519165039e-01
-9.866367578506469727e-01 1.628944277763366699e-01 -3.652840852737426758e-03 3.604050725698471069e-03 -5.950313061475753784e-04 -9.999933242797851562e-01
-9.866367578506469727e-01 1.628944128751754761e-01 -3.666169475764036179e-03 3.617201466113328934e-03 -5.972024518996477127e-04 -9.999932646751403809e-01
-9.999297857284545898e-01 1.090797130018472672e-02 -4.631616175174713135e-03 4.631340503692626953e-03 -5.052208143752068281e-05 -9.999892711639404297e-01
-9.999291300773620605e-01 1.090796478092670441e-02 -4.775675944983959198e-03 4.775391891598701477e-03 -5.209349546930752695e-05 -9.999886155128479004e-01
-9.899466633796691895e-01 -1.413310170173645020e-01 -5.592720583081245422e-03 5.536581389605998993e-03 7.904372178018093109e-04 -9.999843835830688477e-01
-9.899458289146423340e-01 -1.413308978080749512e-01 -5.740167107433080673e-03 5.682548042386770248e-03 8.112763171084225178e-04 -9.999835491180419922e-01
-9.569281935691833496e-01 -2.902808785438537598e-01 -5.053379572927951813e-03 4.835783038288354874e-03 1.466918154619634151e-03 -9.999872446060180664e-01
-9.569283127784729004e-01 -2.902809083461761475e-01 -5.029535852372646332e-03 4.812966100871562958e-03 1.459996681660413742e-03 -9.999873638153076172e-01
-9.016371369361877441e-01 -4.324759244918823242e-01 -3.874860238283872604e-03 3.493744181469082832e-03 1.675796345807611942e-03 -9.999924898147583008e-01
-9.016370773315429688e-01 -4.324758648872375488e-01 -3.908574581146240234e-03 3.524142550304532051e-03 1.690377132035791874e-03 -9.999923706054687500e-01
-8.253541588783264160e-01 -5.646034479141235352e-01 -3.682496724650263786e-03 3.039384726434946060e-03 2.079164376482367516e-03 -9.999932050704956055e-01
-8.253535628318786621e-01 -5.646030902862548828e-01 -3.835152136161923409e-03 3.165380563586950302e-03 2.165355021134018898e-03 -9.999926686286926270e-01
-7.298594713211059570e-01 -6.835876703262329102e-01 -3.612263826653361320e-03 2.636462217196822166e-03 2.469315193593502045e-03 -9.999935030937194824e-01
-7.298589348793029785e-01 -6.835871934890747070e-01 -3.811674425378441811e-03 2.782004885375499725e-03 2.605630783364176750e-03 -9.999927282333374023e-01
-6.173753142356872559e-01 -7.866608500480651855e-01 -3.544766688719391823e-03 2.188465092331171036e-03 2.788546727970242500e-03 -9.999937415122985840e-01
-6.173748970031738281e-01 -7.866603136062622070e-01 -3.707986092194914818e-03 2.289233729243278503e-03 2.916946308687329292e-03 -9.999931454658508301e-01
-4.905207753181457520e-01 -8.714218735694885254e-01 -3.636874491348862648e-03 1.783974352292716503e-03 3.169273026287555695e-03 -9.999933838844299316e-01
-4.905206263065338135e-01 -8.714216351509094238e-01 -3.724073991179466248e-03 1.826747786253690720e-03 3.245261032134294510e-03 -9.999930858612060547e-01
5.646663717925548553e-03 -0.000000000000000000e+00 -9.999840855598449707e-01 -9.999840855598449707e-01 0.000000000000000000e+00 -5.646663717925548553e-03
5.758466664701700211e-03 -0.000000000000000000e+00 -9.999834299087524414e-01 -9.999834299087524414e-01 0.000000000000000000e+00 -5.758466664701700211e-03
0.000000000000000000e+00 -3.621328156441450119e-03 -9.999934434890747070e-01 0.000000000000000000e+00 9.999934434890747070e-01 -3.621328156441450119e-03
0.000000000000000000e+00 -3.588950959965586662e-03 -9.999935626983642578e-01 0.000000000000000000e+00 9.999935626983642578e-01 -3.588950959965586662e-03
2.257569693028926849e-03 0.000000000000000000e+00 -9.999974370002746582e-01 -9.999974370002746582e-01 0.000000000000000000e+00 -2.257569693028926849e-03
2.235707826912403107e-03 0.000000000000000000e+00 -9.999974966049194336e-01 -9.999974966049194336e-01 0.000000000000000000e+00 -2.235707826912403107e-03
