Root        : /root/SemanPartMesh
Input dir   : /root/SemanPartMesh/compare_8d46740c472f9d36b7a04b65023ffc59_ns3000_20260508_184014/input
Output dir  : /root/SemanPartMesh/compare_8d46740c472f9d36b7a04b65023ffc59_ns3000_20260508_184014/baseline
Python      : /root/.conda/envs/neurcross/bin/python
GPU         : 1
Meshes      : 1
Max faces   : 5000
Extract     : 1 (extract-only=0, per-mesh=0, batch-pass=1)
Quad out    : /root/SemanPartMesh/compare_8d46740c472f9d36b7a04b65023ffc59_ns3000_20260508_184014/baseline/quad_meshes
Extract src : /root/SemanPartMesh/compare_8d46740c472f9d36b7a04b65023ffc59_ns3000_20260508_184014/baseline/extract_meshes

SIMPLIFIED 29314 5000 /root/SemanPartMesh/compare_8d46740c472f9d36b7a04b65023ffc59_ns3000_20260508_184014/baseline/processed_meshes/8d46740c472f9d36b7a04b65023ffc59.obj
>>> Running baseline NeurCross for: 8d46740c472f9d36b7a04b65023ffc59.obj
input params: 
Namespace(batch_size=1, data_path='/root/SemanPartMesh/compare_8d46740c472f9d36b7a04b65023ffc59_ns3000_20260508_184014/baseline/processed_meshes/8d46740c472f9d36b7a04b65023ffc59.obj', decay_params=[3, 0.2, 3, 0.4, 0.001, 0], decoder_hidden_dim=256, decoder_n_hidden_layers=4, featureLine_threshold=1.0, grad_clip_norm=10.0, grid_res=256, init_type='siren', latent_size=0, load_path=None, logdir='/root/SemanPartMesh/compare_8d46740c472f9d36b7a04b65023ffc59_ns3000_20260508_184014/baseline', loss_type='siren_wo_n_w_morse_w_theta', loss_weights=[7000.0, 600.0, 10.0, 50.0, 30.0, 3.0], lr=5e-05, model_name='model', morse_decay='linear', morse_near=True, morse_type='l1', n_points=5000, n_samples=3000, nl='sine', nonmnfld_sample_type='gaussian', num_epochs=1, output_any=False, relax_morse=0.5, seed=3627473, sphere_init_params=[1.6, 0.1], udf=False, use_morse_nonmnfld_grad=True, use_vertices=False, weight_for_morse=False)
decoder initialising with sine and siren
==========================================================================================
Layer (type:depth-idx)                   Output Shape              Param #
==========================================================================================
Decoder                                  [1, 1024, 1]              --
├─FCBlock: 1-1                           [1, 1024, 1]              --
│    └─Sequential: 2-1                   --                        --
│    │    └─Sequential: 3-1              [1, 1024, 256]            1,024
│    │    └─Sequential: 3-8              --                        (recursive)
│    │    └─Sequential: 3-3              [1, 1024, 256]            65,792
│    │    └─Sequential: 3-8              --                        (recursive)
│    │    └─Sequential: 3-5              [1, 1024, 256]            65,792
│    │    └─Sequential: 3-8              --                        (recursive)
│    │    └─Sequential: 3-7              [1, 1024, 256]            65,792
│    │    └─Sequential: 3-8              --                        (recursive)
│    │    └─Sequential: 3-9              [1, 1024, 256]            65,792
│    │    └─Sequential: 3-10             [1, 1024, 1]              257
├─Identity: 1-2                          [1, 1024, 1]              --
==========================================================================================
Total params: 264,449
Trainable params: 264,449
Non-trainable params: 0
Total mult-adds (M): 0.26
==========================================================================================
Input size (MB): 0.01
Forward/backward pass size (MB): 10.49
Params size (MB): 1.06
Estimated Total Size (MB): 11.56
==========================================================================================
Number of parameters in the current model:4374082
n_iterations:  3000
Weights: [7000.0, 600.0, 10.0, 50.0, 30.0, 3.0], lr=5.000e-05
Epoch: 0 [   0/3000 (0%)] Loss: 696.29395 = L_Mnfld: 637.70678 + L_NonMnfld: 0.54497 + L_Eknl: 34.46753 + L_Morse: 3.55367 + L_thetaHessian: 19.15947 + L_thetaNeighbor: 0.86150
Epoch: 0 [   0/3000 (0%)] Unweighted L_s : L_Mnfld: 0.09110 + L_NonMnfld: 0.00091 + L_Eknl: 0.68935 + L_Morse: 1.18456 + L_thetaHessian: 1.91595 + L_thetaNeighbor: 0.02872

Weights: [7000.0, 600.0, 10.0, 50.0, 30.0, 3.0], lr=5.000e-05
Epoch: 0 [  10/3000 (0%)] Loss: 335.22711 = L_Mnfld: 92.95297 + L_NonMnfld: 192.26223 + L_Eknl: 35.70856 + L_Morse: 3.46939 + L_thetaHessian: 10.47014 + L_thetaNeighbor: 0.36380
Epoch: 0 [  10/3000 (0%)] Unweighted L_s : L_Mnfld: 0.01328 + L_NonMnfld: 0.32044 + L_Eknl: 0.71417 + L_Morse: 1.15646 + L_thetaHessian: 1.04701 + L_thetaNeighbor: 0.01213

Weights: [7000.0, 600.0, 10.0, 50.0, 30.0, 3.0], lr=5.000e-05
Epoch: 0 [  20/3000 (1%)] Loss: 121.06821 = L_Mnfld: 64.84016 + L_NonMnfld: 3.21958 + L_Eknl: 33.75071 + L_Morse: 4.44628 + L_thetaHessian: 14.34339 + L_thetaNeighbor: 0.46809
Epoch: 0 [  20/3000 (1%)] Unweighted L_s : L_Mnfld: 0.00926 + L_NonMnfld: 0.00537 + L_Eknl: 0.67501 + L_Morse: 1.48209 + L_thetaHessian: 1.43434 + L_thetaNeighbor: 0.01560

Weights: [7000.0, 600.0, 10.0, 50.0, 30.0, 3.0], lr=5.000e-05
Epoch: 0 [  30/3000 (1%)] Loss: 113.48339 = L_Mnfld: 67.17295 + L_NonMnfld: 0.41043 + L_Eknl: 33.36410 + L_Morse: 4.09873 + L_thetaHessian: 7.86260 + L_thetaNeighbor: 0.57460
Epoch: 0 [  30/3000 (1%)] Unweighted L_s : L_Mnfld: 0.00960 + L_NonMnfld: 0.00068 + L_Eknl: 0.66728 + L_Morse: 1.36624 + L_thetaHessian: 0.78626 + L_thetaNeighbor: 0.01915

Weights: [7000.0, 600.0, 10.0, 50.0, 30.0, 3.0], lr=5.000e-05
Epoch: 0 [  40/3000 (1%)] Loss: 82.66507 = L_Mnfld: 39.61228 + L_NonMnfld: 0.51603 + L_Eknl: 32.82172 + L_Morse: 3.72195 + L_thetaHessian: 5.42957 + L_thetaNeighbor: 0.56354
Epoch: 0 [  40/3000 (1%)] Unweighted L_s : L_Mnfld: 0.00566 + L_NonMnfld: 0.00086 + L_Eknl: 0.65643 + L_Morse: 1.24065 + L_thetaHessian: 0.54296 + L_thetaNeighbor: 0.01878

Weights: [7000.0, 600.0, 10.0, 50.0, 30.0, 3.0], lr=5.000e-05
Epoch: 0 [  50/3000 (2%)] Loss: 84.78851 = L_Mnfld: 42.46400 + L_NonMnfld: 0.73161 + L_Eknl: 31.25793 + L_Morse: 3.45718 + L_thetaHessian: 6.44934 + L_thetaNeighbor: 0.42846
Epoch: 0 [  50/3000 (2%)] Unweighted L_s : L_Mnfld: 0.00607 + L_NonMnfld: 0.00122 + L_Eknl: 0.62516 + L_Morse: 1.15239 + L_thetaHessian: 0.64493 + L_thetaNeighbor: 0.01428

Weights: [7000.0, 600.0, 10.0, 50.0, 30.0, 3.0], lr=5.000e-05
Epoch: 0 [  60/3000 (2%)] Loss: 68.57850 = L_Mnfld: 30.13000 + L_NonMnfld: 0.24924 + L_Eknl: 29.50304 + L_Morse: 3.33296 + L_thetaHessian: 4.99303 + L_thetaNeighbor: 0.37025
Epoch: 0 [  60/3000 (2%)] Unweighted L_s : L_Mnfld: 0.00430 + L_NonMnfld: 0.00042 + L_Eknl: 0.59006 + L_Morse: 1.11099 + L_thetaHessian: 0.49930 + L_thetaNeighbor: 0.01234

Weights: [7000.0, 600.0, 10.0, 50.0, 30.0, 3.0], lr=5.000e-05
Epoch: 0 [  70/3000 (2%)] Loss: 63.13269 = L_Mnfld: 27.09347 + L_NonMnfld: 0.38318 + L_Eknl: 27.83001 + L_Morse: 3.32755 + L_thetaHessian: 4.20411 + L_thetaNeighbor: 0.29437
Epoch: 0 [  70/3000 (2%)] Unweighted L_s : L_Mnfld: 0.00387 + L_NonMnfld: 0.00064 + L_Eknl: 0.55660 + L_Morse: 1.10918 + L_thetaHessian: 0.42041 + L_thetaNeighbor: 0.00981

Weights: [7000.0, 600.0, 10.0, 50.0, 30.0, 3.0], lr=5.000e-05
Epoch: 0 [  80/3000 (3%)] Loss: 56.79005 = L_Mnfld: 23.31065 + L_NonMnfld: 0.14855 + L_Eknl: 25.95744 + L_Morse: 3.38899 + L_thetaHessian: 3.76606 + L_thetaNeighbor: 0.21836
Epoch: 0 [  80/3000 (3%)] Unweighted L_s : L_Mnfld: 0.00333 + L_NonMnfld: 0.00025 + L_Eknl: 0.51915 + L_Morse: 1.12966 + L_thetaHessian: 0.37661 + L_thetaNeighbor: 0.00728

Weights: [7000.0, 600.0, 10.0, 50.0, 30.0, 3.0], lr=5.000e-05
Epoch: 0 [  90/3000 (3%)] Loss: 58.22350 = L_Mnfld: 26.12782 + L_NonMnfld: 0.21932 + L_Eknl: 24.61427 + L_Morse: 3.43995 + L_thetaHessian: 3.61363 + L_thetaNeighbor: 0.20852
Epoch: 0 [  90/3000 (3%)] Unweighted L_s : L_Mnfld: 0.00373 + L_NonMnfld: 0.00037 + L_Eknl: 0.49229 + L_Morse: 1.14665 + L_thetaHessian: 0.36136 + L_thetaNeighbor: 0.00695

Weights: [7000.0, 600.0, 10.0, 50.0, 30.0, 3.0], lr=5.000e-05
Epoch: 0 [ 100/3000 (3%)] Loss: 51.06817 = L_Mnfld: 20.70226 + L_NonMnfld: 0.08775 + L_Eknl: 22.88094 + L_Morse: 3.52269 + L_thetaHessian: 3.66043 + L_thetaNeighbor: 0.21408
Epoch: 0 [ 100/3000 (3%)] Unweighted L_s : L_Mnfld: 0.00296 + L_NonMnfld: 0.00015 + L_Eknl: 0.45762 + L_Morse: 1.17423 + L_thetaHessian: 0.36604 + L_thetaNeighbor: 0.00714

Weights: [7000.0, 600.0, 10.0, 50.0, 30.0, 3.0], lr=5.000e-05
Epoch: 0 [ 110/3000 (4%)] Loss: 55.95274 = L_Mnfld: 26.40899 + L_NonMnfld: 0.13878 + L_Eknl: 21.67141 + L_Morse: 3.52762 + L_thetaHessian: 3.77477 + L_thetaNeighbor: 0.43117
Epoch: 0 [ 110/3000 (4%)] Unweighted L_s : L_Mnfld: 0.00377 + L_NonMnfld: 0.00023 + L_Eknl: 0.43343 + L_Morse: 1.17587 + L_thetaHessian: 0.37748 + L_thetaNeighbor: 0.01437

Weights: [7000.0, 600.0, 10.0, 50.0, 30.0, 3.0], lr=5.000e-05
Epoch: 0 [ 120/3000 (4%)] Loss: 48.85556 = L_Mnfld: 20.99199 + L_NonMnfld: 0.06159 + L_Eknl: 20.42563 + L_Morse: 3.60800 + L_thetaHessian: 3.59126 + L_thetaNeighbor: 0.17709
Epoch: 0 [ 120/3000 (4%)] Unweighted L_s : L_Mnfld: 0.00300 + L_NonMnfld: 0.00010 + L_Eknl: 0.40851 + L_Morse: 1.20267 + L_thetaHessian: 0.35913 + L_thetaNeighbor: 0.00590

Weights: [7000.0, 600.0, 10.0, 50.0, 30.0, 3.0], lr=5.000e-05
Epoch: 0 [ 130/3000 (4%)] Loss: 50.27703 = L_Mnfld: 23.13728 + L_NonMnfld: 0.10453 + L_Eknl: 19.53245 + L_Morse: 3.55717 + L_thetaHessian: 3.65117 + L_thetaNeighbor: 0.29442
Epoch: 0 [ 130/3000 (4%)] Unweighted L_s : L_Mnfld: 0.00331 + L_NonMnfld: 0.00017 + L_Eknl: 0.39065 + L_Morse: 1.18572 + L_thetaHessian: 0.36512 + L_thetaNeighbor: 0.00981

Weights: [7000.0, 600.0, 10.0, 50.0, 30.0, 3.0], lr=5.000e-05
Epoch: 0 [ 140/3000 (5%)] Loss: 45.46729 = L_Mnfld: 19.34449 + L_NonMnfld: 0.05443 + L_Eknl: 18.67466 + L_Morse: 3.59587 + L_thetaHessian: 3.58578 + L_thetaNeighbor: 0.21205
Epoch: 0 [ 140/3000 (5%)] Unweighted L_s : L_Mnfld: 0.00276 + L_NonMnfld: 0.00009 + L_Eknl: 0.37349 + L_Morse: 1.19862 + L_thetaHessian: 0.35858 + L_thetaNeighbor: 0.00707

Weights: [7000.0, 600.0, 10.0, 50.0, 30.0, 3.0], lr=5.000e-05
Epoch: 0 [ 150/3000 (5%)] Loss: 46.33440 = L_Mnfld: 20.96486 + L_NonMnfld: 0.09245 + L_Eknl: 18.18103 + L_Morse: 3.59137 + L_thetaHessian: 3.36069 + L_thetaNeighbor: 0.14400
Epoch: 0 [ 150/3000 (5%)] Unweighted L_s : L_Mnfld: 0.00299 + L_NonMnfld: 0.00015 + L_Eknl: 0.36362 + L_Morse: 1.19712 + L_thetaHessian: 0.33607 + L_thetaNeighbor: 0.00480

Weights: [7000.0, 600.0, 10.0, 50.0, 30.0, 3.0], lr=5.000e-05
Epoch: 0 [ 160/3000 (5%)] Loss: 44.48500 = L_Mnfld: 19.71648 + L_NonMnfld: 0.04720 + L_Eknl: 17.44586 + L_Morse: 3.58755 + L_thetaHessian: 3.52121 + L_thetaNeighbor: 0.16671
Epoch: 0 [ 160/3000 (5%)] Unweighted L_s : L_Mnfld: 0.00282 + L_NonMnfld: 0.00008 + L_Eknl: 0.34892 + L_Morse: 1.19585 + L_thetaHessian: 0.35212 + L_thetaNeighbor: 0.00556

Weights: [7000.0, 600.0, 10.0, 50.0, 30.0, 3.0], lr=5.000e-05
Epoch: 0 [ 170/3000 (6%)] Loss: 45.01823 = L_Mnfld: 20.72185 + L_NonMnfld: 0.07572 + L_Eknl: 17.14741 + L_Morse: 3.55237 + L_thetaHessian: 3.35173 + L_thetaNeighbor: 0.16914
Epoch: 0 [ 170/3000 (6%)] Unweighted L_s : L_Mnfld: 0.00296 + L_NonMnfld: 0.00013 + L_Eknl: 0.34295 + L_Morse: 1.18412 + L_thetaHessian: 0.33517 + L_thetaNeighbor: 0.00564

Weights: [7000.0, 600.0, 10.0, 50.0, 30.0, 3.0], lr=5.000e-05
Epoch: 0 [ 180/3000 (6%)] Loss: 42.20988 = L_Mnfld: 18.55112 + L_NonMnfld: 0.03293 + L_Eknl: 16.36577 + L_Morse: 3.62074 + L_thetaHessian: 3.41453 + L_thetaNeighbor: 0.22481
Epoch: 0 [ 180/3000 (6%)] Unweighted L_s : L_Mnfld: 0.00265 + L_NonMnfld: 0.00005 + L_Eknl: 0.32732 + L_Morse: 1.20691 + L_thetaHessian: 0.34145 + L_thetaNeighbor: 0.00749

Weights: [7000.0, 600.0, 10.0, 50.0, 30.0, 3.0], lr=5.000e-05
Epoch: 0 [ 190/3000 (6%)] Loss: 42.83171 = L_Mnfld: 19.26366 + L_NonMnfld: 0.06161 + L_Eknl: 15.99713 + L_Morse: 3.57856 + L_thetaHessian: 3.57382 + L_thetaNeighbor: 0.35694
Epoch: 0 [ 190/3000 (6%)] Unweighted L_s : L_Mnfld: 0.00275 + L_NonMnfld: 0.00010 + L_Eknl: 0.31994 + L_Morse: 1.19285 + L_thetaHessian: 0.35738 + L_thetaNeighbor: 0.01190

Weights: [7000.0, 600.0, 10.0, 50.0, 30.0, 3.0], lr=5.000e-05
Epoch: 0 [ 200/3000 (7%)] Loss: 39.47747 = L_Mnfld: 16.43577 + L_NonMnfld: 0.03228 + L_Eknl: 15.77671 + L_Morse: 3.62206 + L_thetaHessian: 3.27909 + L_thetaNeighbor: 0.33157
Epoch: 0 [ 200/3000 (7%)] Unweighted L_s : L_Mnfld: 0.00235 + L_NonMnfld: 0.00005 + L_Eknl: 0.31553 + L_Morse: 1.20735 + L_thetaHessian: 0.32791 + L_thetaNeighbor: 0.01105

Weights: [7000.0, 600.0, 10.0, 50.0, 30.0, 3.0], lr=5.000e-05
Epoch: 0 [ 210/3000 (7%)] Loss: 42.49783 = L_Mnfld: 19.77108 + L_NonMnfld: 0.05516 + L_Eknl: 15.53795 + L_Morse: 3.59574 + L_thetaHessian: 3.25016 + L_thetaNeighbor: 0.28775
Epoch: 0 [ 210/3000 (7%)] Unweighted L_s : L_Mnfld: 0.00282 + L_NonMnfld: 0.00009 + L_Eknl: 0.31076 + L_Morse: 1.19858 + L_thetaHessian: 0.32502 + L_thetaNeighbor: 0.00959

Weights: [7000.0, 600.0, 10.0, 50.0, 30.0, 3.0], lr=5.000e-05
Epoch: 0 [ 220/3000 (7%)] Loss: 38.90964 = L_Mnfld: 16.58902 + L_NonMnfld: 0.03178 + L_Eknl: 15.09578 + L_Morse: 3.64198 + L_thetaHessian: 3.29487 + L_thetaNeighbor: 0.25621
Epoch: 0 [ 220/3000 (7%)] Unweighted L_s : L_Mnfld: 0.00237 + L_NonMnfld: 0.00005 + L_Eknl: 0.30192 + L_Morse: 1.21399 + L_thetaHessian: 0.32949 + L_thetaNeighbor: 0.00854

Weights: [7000.0, 600.0, 10.0, 50.0, 30.0, 3.0], lr=5.000e-05
Epoch: 0 [ 230/3000 (8%)] Loss: 40.88492 = L_Mnfld: 18.98786 + L_NonMnfld: 0.05401 + L_Eknl: 14.88383 + L_Morse: 3.64334 + L_thetaHessian: 3.17970 + L_thetaNeighbor: 0.13618
Epoch: 0 [ 230/3000 (8%)] Unweighted L_s : L_Mnfld: 0.00271 + L_NonMnfld: 0.00009 + L_Eknl: 0.29768 + L_Morse: 1.21445 + L_thetaHessian: 0.31797 + L_thetaNeighbor: 0.00454

Weights: [7000.0, 600.0, 10.0, 50.0, 30.0, 3.0], lr=5.000e-05
Epoch: 0 [ 240/3000 (8%)] Loss: 37.48569 = L_Mnfld: 15.89420 + L_NonMnfld: 0.02780 + L_Eknl: 14.56962 + L_Morse: 3.68546 + L_thetaHessian: 3.15052 + L_thetaNeighbor: 0.15809
Epoch: 0 [ 240/3000 (8%)] Unweighted L_s : L_Mnfld: 0.00227 + L_NonMnfld: 0.00005 + L_Eknl: 0.29139 + L_Morse: 1.22849 + L_thetaHessian: 0.31505 + L_thetaNeighbor: 0.00527

Weights: [7000.0, 600.0, 10.0, 50.0, 30.0, 3.0], lr=5.000e-05
Epoch: 0 [ 250/3000 (8%)] Loss: 38.89751 = L_Mnfld: 17.53228 + L_NonMnfld: 0.03823 + L_Eknl: 14.24902 + L_Morse: 3.65500 + L_thetaHessian: 3.21627 + L_thetaNeighbor: 0.20671
Epoch: 0 [ 250/3000 (8%)] Unweighted L_s : L_Mnfld: 0.00250 + L_NonMnfld: 0.00006 + L_Eknl: 0.28498 + L_Morse: 1.21833 + L_thetaHessian: 0.32163 + L_thetaNeighbor: 0.00689

Weights: [7000.0, 600.0, 10.0, 50.0, 30.0, 3.0], lr=5.000e-05
Epoch: 0 [ 260/3000 (9%)] Loss: 36.63694 = L_Mnfld: 15.54204 + L_NonMnfld: 0.02706 + L_Eknl: 14.04223 + L_Morse: 3.68757 + L_thetaHessian: 3.14347 + L_thetaNeighbor: 0.19456
Epoch: 0 [ 260/3000 (9%)] Unweighted L_s : L_Mnfld: 0.00222 + L_NonMnfld: 0.00005 + L_Eknl: 0.28084 + L_Morse: 1.22919 + L_thetaHessian: 0.31435 + L_thetaNeighbor: 0.00649

Weights: [7000.0, 600.0, 10.0, 50.0, 30.0, 3.0], lr=5.000e-05
Epoch: 0 [ 270/3000 (9%)] Loss: 38.40848 = L_Mnfld: 17.32459 + L_NonMnfld: 0.03601 + L_Eknl: 13.98406 + L_Morse: 3.67198 + L_thetaHessian: 3.26711 + L_thetaNeighbor: 0.12473
Epoch: 0 [ 270/3000 (9%)] Unweighted L_s : L_Mnfld: 0.00247 + L_NonMnfld: 0.00006 + L_Eknl: 0.27968 + L_Morse: 1.22399 + L_thetaHessian: 0.32671 + L_thetaNeighbor: 0.00416

Weights: [7000.0, 600.0, 10.0, 50.0, 30.0, 3.0], lr=5.000e-05
Epoch: 0 [ 280/3000 (9%)] Loss: 35.35969 = L_Mnfld: 14.59543 + L_NonMnfld: 0.02730 + L_Eknl: 13.65901 + L_Morse: 3.73977 + L_thetaHessian: 3.10170 + L_thetaNeighbor: 0.23647
Epoch: 0 [ 280/3000 (9%)] Unweighted L_s : L_Mnfld: 0.00209 + L_NonMnfld: 0.00005 + L_Eknl: 0.27318 + L_Morse: 1.24659 + L_thetaHessian: 0.31017 + L_thetaNeighbor: 0.00788

Weights: [7000.0, 600.0, 10.0, 50.0, 30.0, 3.0], lr=5.000e-05
Epoch: 0 [ 290/3000 (10%)] Loss: 37.87398 = L_Mnfld: 16.73029 + L_NonMnfld: 0.05632 + L_Eknl: 13.66565 + L_Morse: 3.70923 + L_thetaHessian: 3.56592 + L_thetaNeighbor: 0.14657
Epoch: 0 [ 290/3000 (10%)] Unweighted L_s : L_Mnfld: 0.00239 + L_NonMnfld: 0.00009 + L_Eknl: 0.27331 + L_Morse: 1.23641 + L_thetaHessian: 0.35659 + L_thetaNeighbor: 0.00489

Weights: [7000.0, 600.0, 10.0, 50.0, 30.0, 3.0], lr=5.000e-05
Epoch: 0 [ 300/3000 (10%)] Loss: 34.50138 = L_Mnfld: 14.15983 + L_NonMnfld: 0.02909 + L_Eknl: 13.26737 + L_Morse: 3.75338 + L_thetaHessian: 3.16353 + L_thetaNeighbor: 0.12818
Epoch: 0 [ 300/3000 (10%)] Unweighted L_s : L_Mnfld: 0.00202 + L_NonMnfld: 0.00005 + L_Eknl: 0.26535 + L_Morse: 1.25113 + L_thetaHessian: 0.31635 + L_thetaNeighbor: 0.00427

Weights: [7000.0, 600.0, 10.0, 50.0, 30.0, 3.0], lr=5.000e-05
Epoch: 0 [ 310/3000 (10%)] Loss: 36.24949 = L_Mnfld: 15.92717 + L_NonMnfld: 0.03888 + L_Eknl: 13.19993 + L_Morse: 3.79023 + L_thetaHessian: 3.15913 + L_thetaNeighbor: 0.13415
Epoch: 0 [ 310/3000 (10%)] Unweighted L_s : L_Mnfld: 0.00228 + L_NonMnfld: 0.00006 + L_Eknl: 0.26400 + L_Morse: 1.26341 + L_thetaHessian: 0.31591 + L_thetaNeighbor: 0.00447

Weights: [7000.0, 600.0, 10.0, 50.0, 30.0, 3.0], lr=5.000e-05
Epoch: 0 [ 320/3000 (11%)] Loss: 34.38743 = L_Mnfld: 14.07891 + L_NonMnfld: 0.02376 + L_Eknl: 13.00229 + L_Morse: 3.80241 + L_thetaHessian: 3.25806 + L_thetaNeighbor: 0.22200
Epoch: 0 [ 320/3000 (11%)] Unweighted L_s : L_Mnfld: 0.00201 + L_NonMnfld: 0.00004 + L_Eknl: 0.26005 + L_Morse: 1.26747 + L_thetaHessian: 0.32581 + L_thetaNeighbor: 0.00740

Weights: [7000.0, 600.0, 10.0, 50.0, 30.0, 3.0], lr=5.000e-05
Epoch: 0 [ 330/3000 (11%)] Loss: 35.17662 = L_Mnfld: 15.23021 + L_NonMnfld: 0.03711 + L_Eknl: 12.87601 + L_Morse: 3.78701 + L_thetaHessian: 3.11331 + L_thetaNeighbor: 0.13298
Epoch: 0 [ 330/3000 (11%)] Unweighted L_s : L_Mnfld: 0.00218 + L_NonMnfld: 0.00006 + L_Eknl: 0.25752 + L_Morse: 1.26234 + L_thetaHessian: 0.31133 + L_thetaNeighbor: 0.00443

Weights: [7000.0, 600.0, 10.0, 50.0, 30.0, 3.0], lr=5.000e-05
Epoch: 0 [ 340/3000 (11%)] Loss: 33.88493 = L_Mnfld: 14.07566 + L_NonMnfld: 0.01969 + L_Eknl: 12.65668 + L_Morse: 3.84520 + L_thetaHessian: 3.15651 + L_thetaNeighbor: 0.13119
Epoch: 0 [ 340/3000 (11%)] Unweighted L_s : L_Mnfld: 0.00201 + L_NonMnfld: 0.00003 + L_Eknl: 0.25313 + L_Morse: 1.28173 + L_thetaHessian: 0.31565 + L_thetaNeighbor: 0.00437

Weights: [7000.0, 600.0, 10.0, 50.0, 30.0, 3.0], lr=5.000e-05
Epoch: 0 [ 350/3000 (12%)] Loss: 34.36761 = L_Mnfld: 14.21200 + L_NonMnfld: 0.02972 + L_Eknl: 12.61304 + L_Morse: 3.85942 + L_thetaHessian: 3.41350 + L_thetaNeighbor: 0.23993
Epoch: 0 [ 350/3000 (12%)] Unweighted L_s : L_Mnfld: 0.00203 + L_NonMnfld: 0.00005 + L_Eknl: 0.25226 + L_Morse: 1.28647 + L_thetaHessian: 0.34135 + L_thetaNeighbor: 0.00800

Weights: [7000.0, 600.0, 10.0, 50.0, 30.0, 3.0], lr=5.000e-05
Epoch: 0 [ 360/3000 (12%)] Loss: 32.82788 = L_Mnfld: 13.33218 + L_NonMnfld: 0.02716 + L_Eknl: 12.08789 + L_Morse: 3.89196 + L_thetaHessian: 3.30947 + L_thetaNeighbor: 0.17921
Epoch: 0 [ 360/3000 (12%)] Unweighted L_s : L_Mnfld: 0.00190 + L_NonMnfld: 0.00005 + L_Eknl: 0.24176 + L_Morse: 1.29732 + L_thetaHessian: 0.33095 + L_thetaNeighbor: 0.00597

Weights: [7000.0, 600.0, 10.0, 50.0, 30.0, 3.0], lr=5.000e-05
Epoch: 0 [ 370/3000 (12%)] Loss: 33.85614 = L_Mnfld: 14.73600 + L_NonMnfld: 0.03502 + L_Eknl: 11.88385 + L_Morse: 3.91571 + L_thetaHessian: 3.07938 + L_thetaNeighbor: 0.20619
Epoch: 0 [ 370/3000 (12%)] Unweighted L_s : L_Mnfld: 0.00211 + L_NonMnfld: 0.00006 + L_Eknl: 0.23768 + L_Morse: 1.30524 + L_thetaHessian: 0.30794 + L_thetaNeighbor: 0.00687

Weights: [7000.0, 600.0, 10.0, 50.0, 30.0, 3.0], lr=5.000e-05
Epoch: 0 [ 380/3000 (13%)] Loss: 32.58853 = L_Mnfld: 13.44270 + L_NonMnfld: 0.02722 + L_Eknl: 11.69514 + L_Morse: 3.96427 + L_thetaHessian: 3.32282 + L_thetaNeighbor: 0.13638
Epoch: 0 [ 380/3000 (13%)] Unweighted L_s : L_Mnfld: 0.00192 + L_NonMnfld: 0.00005 + L_Eknl: 0.23390 + L_Morse: 1.32142 + L_thetaHessian: 0.33228 + L_thetaNeighbor: 0.00455

Weights: [7000.0, 600.0, 10.0, 50.0, 30.0, 3.0], lr=5.000e-05
Epoch: 0 [ 390/3000 (13%)] Loss: 33.78564 = L_Mnfld: 14.60524 + L_NonMnfld: 0.04103 + L_Eknl: 11.71837 + L_Morse: 3.98909 + L_thetaHessian: 3.30463 + L_thetaNeighbor: 0.12729
Epoch: 0 [ 390/3000 (13%)] Unweighted L_s : L_Mnfld: 0.00209 + L_NonMnfld: 0.00007 + L_Eknl: 0.23437 + L_Morse: 1.32970 + L_thetaHessian: 0.33046 + L_thetaNeighbor: 0.00424

Weights: [7000.0, 600.0, 10.0, 50.0, 30.0, 3.0], lr=5.000e-05
Epoch: 0 [ 400/3000 (13%)] Loss: 32.35807 = L_Mnfld: 13.47156 + L_NonMnfld: 0.02298 + L_Eknl: 11.50890 + L_Morse: 3.99677 + L_thetaHessian: 3.22526 + L_thetaNeighbor: 0.13262
Epoch: 0 [ 400/3000 (13%)] Unweighted L_s : L_Mnfld: 0.00192 + L_NonMnfld: 0.00004 + L_Eknl: 0.23018 + L_Morse: 1.33226 + L_thetaHessian: 0.32253 + L_thetaNeighbor: 0.00442

Weights: [7000.0, 600.0, 10.0, 50.0, 30.0, 3.0], lr=5.000e-05
Epoch: 0 [ 410/3000 (14%)] Loss: 32.97275 = L_Mnfld: 13.88698 + L_NonMnfld: 0.03257 + L_Eknl: 11.58150 + L_Morse: 3.99795 + L_thetaHessian: 3.25526 + L_thetaNeighbor: 0.21849
Epoch: 0 [ 410/3000 (14%)] Unweighted L_s : L_Mnfld: 0.00198 + L_NonMnfld: 0.00005 + L_Eknl: 0.23163 + L_Morse: 1.33265 + L_thetaHessian: 0.32553 + L_thetaNeighbor: 0.00728

Weights: [7000.0, 600.0, 10.0, 50.0, 30.0, 3.0], lr=5.000e-05
Epoch: 0 [ 420/3000 (14%)] Loss: 32.21660 = L_Mnfld: 13.62378 + L_NonMnfld: 0.02953 + L_Eknl: 11.11063 + L_Morse: 4.05222 + L_thetaHessian: 3.23151 + L_thetaNeighbor: 0.16893
Epoch: 0 [ 420/3000 (14%)] Unweighted L_s : L_Mnfld: 0.00195 + L_NonMnfld: 0.00005 + L_Eknl: 0.22221 + L_Morse: 1.35074 + L_thetaHessian: 0.32315 + L_thetaNeighbor: 0.00563

Weights: [7000.0, 600.0, 10.0, 50.0, 30.0, 3.0], lr=5.000e-05
Epoch: 0 [ 430/3000 (14%)] Loss: 32.06226 = L_Mnfld: 13.51641 + L_NonMnfld: 0.04078 + L_Eknl: 11.11911 + L_Morse: 4.07655 + L_thetaHessian: 3.18993 + L_thetaNeighbor: 0.11947
Epoch: 0 [ 430/3000 (14%)] Unweighted L_s : L_Mnfld: 0.00193 + L_NonMnfld: 0.00007 + L_Eknl: 0.22238 + L_Morse: 1.35885 + L_thetaHessian: 0.31899 + L_thetaNeighbor: 0.00398

Weights: [7000.0, 600.0, 10.0, 50.0, 30.0, 3.0], lr=5.000e-05
Epoch: 0 [ 440/3000 (15%)] Loss: 32.12888 = L_Mnfld: 13.51152 + L_NonMnfld: 0.02521 + L_Eknl: 11.00536 + L_Morse: 4.09216 + L_thetaHessian: 3.28314 + L_thetaNeighbor: 0.21151
Epoch: 0 [ 440/3000 (15%)] Unweighted L_s : L_Mnfld: 0.00193 + L_NonMnfld: 0.00004 + L_Eknl: 0.22011 + L_Morse: 1.36405 + L_thetaHessian: 0.32831 + L_thetaNeighbor: 0.00705

Weights: [7000.0, 600.0, 10.0, 50.0, 30.0, 3.0], lr=5.000e-05
Epoch: 0 [ 450/3000 (15%)] Loss: 32.75359 = L_Mnfld: 14.20703 + L_NonMnfld: 0.03696 + L_Eknl: 10.71855 + L_Morse: 4.10406 + L_thetaHessian: 3.51707 + L_thetaNeighbor: 0.16993
Epoch: 0 [ 450/3000 (15%)] Unweighted L_s : L_Mnfld: 0.00203 + L_NonMnfld: 0.00006 + L_Eknl: 0.21437 + L_Morse: 1.36802 + L_thetaHessian: 0.35171 + L_thetaNeighbor: 0.00566

Weights: [7000.0, 600.0, 10.0, 50.0, 30.0, 3.0], lr=5.000e-05
Epoch: 0 [ 460/3000 (15%)] Loss: 32.32919 = L_Mnfld: 14.20506 + L_NonMnfld: 0.03228 + L_Eknl: 10.49540 + L_Morse: 4.15634 + L_thetaHessian: 3.30341 + L_thetaNeighbor: 0.13670
Epoch: 0 [ 460/3000 (15%)] Unweighted L_s : L_Mnfld: 0.00203 + L_NonMnfld: 0.00005 + L_Eknl: 0.20991 + L_Morse: 1.38545 + L_thetaHessian: 0.33034 + L_thetaNeighbor: 0.00456

Weights: [7000.0, 600.0, 10.0, 50.0, 30.0, 3.0], lr=5.000e-05
Epoch: 0 [ 470/3000 (16%)] Loss: 31.55889 = L_Mnfld: 13.37050 + L_NonMnfld: 0.04061 + L_Eknl: 10.44761 + L_Morse: 4.14722 + L_thetaHessian: 3.40919 + L_thetaNeighbor: 0.14376
Epoch: 0 [ 470/3000 (16%)] Unweighted L_s : L_Mnfld: 0.00191 + L_NonMnfld: 0.00007 + L_Eknl: 0.20895 + L_Morse: 1.38241 + L_thetaHessian: 0.34092 + L_thetaNeighbor: 0.00479

Weights: [7000.0, 600.0, 10.0, 50.0, 30.0, 3.0], lr=5.000e-05
Epoch: 0 [ 480/3000 (16%)] Loss: 31.85061 = L_Mnfld: 13.78493 + L_NonMnfld: 0.02527 + L_Eknl: 10.09171 + L_Morse: 4.20430 + L_thetaHessian: 3.59370 + L_thetaNeighbor: 0.15069
Epoch: 0 [ 480/3000 (16%)] Unweighted L_s : L_Mnfld: 0.00197 + L_NonMnfld: 0.00004 + L_Eknl: 0.20183 + L_Morse: 1.40143 + L_thetaHessian: 0.35937 + L_thetaNeighbor: 0.00502

Weights: [7000.0, 600.0, 10.0, 50.0, 30.0, 3.0], lr=5.000e-05
Epoch: 0 [ 490/3000 (16%)] Loss: 30.29634 = L_Mnfld: 12.53332 + L_NonMnfld: 0.04109 + L_Eknl: 9.95063 + L_Morse: 4.19474 + L_thetaHessian: 3.32785 + L_thetaNeighbor: 0.24871
Epoch: 0 [ 490/3000 (16%)] Unweighted L_s : L_Mnfld: 0.00179 + L_NonMnfld: 0.00007 + L_Eknl: 0.19901 + L_Morse: 1.39825 + L_thetaHessian: 0.33278 + L_thetaNeighbor: 0.00829

Weights: [7000.0, 600.0, 10.0, 50.0, 30.0, 3.0], lr=5.000e-05
Epoch: 0 [ 500/3000 (17%)] Loss: 31.04501 = L_Mnfld: 13.34951 + L_NonMnfld: 0.02852 + L_Eknl: 9.87504 + L_Morse: 4.23979 + L_thetaHessian: 3.41595 + L_thetaNeighbor: 0.13620
Epoch: 0 [ 500/3000 (17%)] Unweighted L_s : L_Mnfld: 0.00191 + L_NonMnfld: 0.00005 + L_Eknl: 0.19750 + L_Morse: 1.41326 + L_thetaHessian: 0.34159 + L_thetaNeighbor: 0.00454

Weights: [7000.0, 600.0, 10.0, 50.0, 30.0, 3.0], lr=5.000e-05
Epoch: 0 [ 510/3000 (17%)] Loss: 30.35522 = L_Mnfld: 12.58478 + L_NonMnfld: 0.03057 + L_Eknl: 9.69799 + L_Morse: 4.23718 + L_thetaHessian: 3.52282 + L_thetaNeighbor: 0.28187
Epoch: 0 [ 510/3000 (17%)] Unweighted L_s : L_Mnfld: 0.00180 + L_NonMnfld: 0.00005 + L_Eknl: 0.19396 + L_Morse: 1.41239 + L_thetaHessian: 0.35228 + L_thetaNeighbor: 0.00940

Weights: [7000.0, 600.0, 10.0, 50.0, 30.0, 3.0], lr=5.000e-05
Epoch: 0 [ 520/3000 (17%)] Loss: 30.69428 = L_Mnfld: 13.49589 + L_NonMnfld: 0.02997 + L_Eknl: 9.39318 + L_Morse: 4.24820 + L_thetaHessian: 3.38205 + L_thetaNeighbor: 0.14499
Epoch: 0 [ 520/3000 (17%)] Unweighted L_s : L_Mnfld: 0.00193 + L_NonMnfld: 0.00005 + L_Eknl: 0.18786 + L_Morse: 1.41607 + L_thetaHessian: 0.33821 + L_thetaNeighbor: 0.00483

Weights: [7000.0, 600.0, 10.0, 50.0, 30.0, 3.0], lr=5.000e-05
Epoch: 0 [ 530/3000 (18%)] Loss: 29.90330 = L_Mnfld: 12.78776 + L_NonMnfld: 0.03363 + L_Eknl: 9.27334 + L_Morse: 4.24532 + L_thetaHessian: 3.40701 + L_thetaNeighbor: 0.15624
Epoch: 0 [ 530/3000 (18%)] Unweighted L_s : L_Mnfld: 0.00183 + L_NonMnfld: 0.00006 + L_Eknl: 0.18547 + L_Morse: 1.41511 + L_thetaHessian: 0.34070 + L_thetaNeighbor: 0.00521

Weights: [7000.0, 600.0, 10.0, 50.0, 30.0, 3.0], lr=5.000e-05
Epoch: 0 [ 540/3000 (18%)] Loss: 30.15991 = L_Mnfld: 13.58239 + L_NonMnfld: 0.02522 + L_Eknl: 8.88592 + L_Morse: 4.24056 + L_thetaHessian: 3.26415 + L_thetaNeighbor: 0.16168
Epoch: 0 [ 540/3000 (18%)] Unweighted L_s : L_Mnfld: 0.00194 + L_NonMnfld: 0.00004 + L_Eknl: 0.17772 + L_Morse: 1.41352 + L_thetaHessian: 0.32641 + L_thetaNeighbor: 0.00539

Weights: [7000.0, 600.0, 10.0, 50.0, 30.0, 3.0], lr=5.000e-05
Epoch: 0 [ 550/3000 (18%)] Loss: 30.98736 = L_Mnfld: 13.92533 + L_NonMnfld: 0.05020 + L_Eknl: 8.97999 + L_Morse: 4.21828 + L_thetaHessian: 3.54873 + L_thetaNeighbor: 0.26482
Epoch: 0 [ 550/3000 (18%)] Unweighted L_s : L_Mnfld: 0.00199 + L_NonMnfld: 0.00008 + L_Eknl: 0.17960 + L_Morse: 1.40609 + L_thetaHessian: 0.35487 + L_thetaNeighbor: 0.00883

Weights: [7000.0, 600.0, 10.0, 50.0, 30.0, 3.0], lr=5.000e-05
Epoch: 0 [ 560/3000 (19%)] Loss: 35.16644 = L_Mnfld: 18.24139 + L_NonMnfld: 0.02758 + L_Eknl: 8.73644 + L_Morse: 4.23925 + L_thetaHessian: 3.69689 + L_thetaNeighbor: 0.22488
Epoch: 0 [ 560/3000 (19%)] Unweighted L_s : L_Mnfld: 0.00261 + L_NonMnfld: 0.00005 + L_Eknl: 0.17473 + L_Morse: 1.41308 + L_thetaHessian: 0.36969 + L_thetaNeighbor: 0.00750

Weights: [7000.0, 600.0, 10.0, 50.0, 30.0, 3.0], lr=5.000e-05
Epoch: 0 [ 570/3000 (19%)] Loss: 37.59875 = L_Mnfld: 20.73827 + L_NonMnfld: 0.03163 + L_Eknl: 8.70204 + L_Morse: 4.13141 + L_thetaHessian: 3.73305 + L_thetaNeighbor: 0.26235
Epoch: 0 [ 570/3000 (19%)] Unweighted L_s : L_Mnfld: 0.00296 + L_NonMnfld: 0.00005 + L_Eknl: 0.17404 + L_Morse: 1.37714 + L_thetaHessian: 0.37330 + L_thetaNeighbor: 0.00874

Weights: [7000.0, 600.0, 10.0, 50.0, 30.0, 3.0], lr=5.000e-05
Epoch: 0 [ 580/3000 (19%)] Loss: 39.48231 = L_Mnfld: 22.24106 + L_NonMnfld: 0.06729 + L_Eknl: 8.86684 + L_Morse: 4.04745 + L_thetaHessian: 4.04083 + L_thetaNeighbor: 0.21883
Epoch: 0 [ 580/3000 (19%)] Unweighted L_s : L_Mnfld: 0.00318 + L_NonMnfld: 0.00011 + L_Eknl: 0.17734 + L_Morse: 1.34915 + L_thetaHessian: 0.40408 + L_thetaNeighbor: 0.00729

Weights: [7000.0, 600.0, 10.0, 50.0, 30.0, 3.0], lr=5.000e-05
Epoch: 0 [ 590/3000 (20%)] Loss: 49.89601 = L_Mnfld: 31.36630 + L_NonMnfld: 0.07111 + L_Eknl: 9.15409 + L_Morse: 4.08697 + L_thetaHessian: 4.92822 + L_thetaNeighbor: 0.28932
Epoch: 0 [ 590/3000 (20%)] Unweighted L_s : L_Mnfld: 0.00448 + L_NonMnfld: 0.00012 + L_Eknl: 0.18308 + L_Morse: 1.36232 + L_thetaHessian: 0.49282 + L_thetaNeighbor: 0.00964

Weights: [7000.0, 600.0, 10.0, 50.0, 30.0, 3.0], lr=5.000e-05
Epoch: 0 [ 600/3000 (20%)] Loss: 41.94937 = L_Mnfld: 23.46091 + L_NonMnfld: 0.04316 + L_Eknl: 9.33287 + L_Morse: 3.90977 + L_thetaHessian: 5.04037 + L_thetaNeighbor: 0.16230
Epoch: 0 [ 600/3000 (20%)] Unweighted L_s : L_Mnfld: 0.00335 + L_NonMnfld: 0.00007 + L_Eknl: 0.18666 + L_Morse: 1.30326 + L_thetaHessian: 0.50404 + L_thetaNeighbor: 0.00541

Weights: [7000.0, 600.0, 10.0, 50.0, 30.0, 2.955015], lr=5.000e-05
Epoch: 0 [ 610/3000 (20%)] Loss: 44.62501 = L_Mnfld: 26.38429 + L_NonMnfld: 0.07797 + L_Eknl: 9.56542 + L_Morse: 3.79341 + L_thetaHessian: 4.48595 + L_thetaNeighbor: 0.31797
Epoch: 0 [ 610/3000 (20%)] Unweighted L_s : L_Mnfld: 0.00377 + L_NonMnfld: 0.00013 + L_Eknl: 0.19131 + L_Morse: 1.28372 + L_thetaHessian: 0.44860 + L_thetaNeighbor: 0.01060

Weights: [7000.0, 600.0, 10.0, 50.0, 30.0, 2.905031666666667], lr=5.000e-05
Epoch: 0 [ 620/3000 (21%)] Loss: 48.72291 = L_Mnfld: 30.78501 + L_NonMnfld: 0.05842 + L_Eknl: 9.13693 + L_Morse: 3.79704 + L_thetaHessian: 4.72147 + L_thetaNeighbor: 0.22404
Epoch: 0 [ 620/3000 (21%)] Unweighted L_s : L_Mnfld: 0.00440 + L_NonMnfld: 0.00010 + L_Eknl: 0.18274 + L_Morse: 1.30706 + L_thetaHessian: 0.47215 + L_thetaNeighbor: 0.00747

Weights: [7000.0, 600.0, 10.0, 50.0, 30.0, 2.8550483333333334], lr=5.000e-05
Epoch: 0 [ 630/3000 (21%)] Loss: 38.22783 = L_Mnfld: 22.12300 + L_NonMnfld: 0.03461 + L_Eknl: 7.89417 + L_Morse: 3.57821 + L_thetaHessian: 4.25887 + L_thetaNeighbor: 0.33898
Epoch: 0 [ 630/3000 (21%)] Unweighted L_s : L_Mnfld: 0.00316 + L_NonMnfld: 0.00006 + L_Eknl: 0.15788 + L_Morse: 1.25329 + L_thetaHessian: 0.42589 + L_thetaNeighbor: 0.01130

Weights: [7000.0, 600.0, 10.0, 50.0, 30.0, 2.8050650000000004], lr=5.000e-05
Epoch: 0 [ 640/3000 (21%)] Loss: 35.94308 = L_Mnfld: 20.47527 + L_NonMnfld: 0.05000 + L_Eknl: 7.86186 + L_Morse: 3.27351 + L_thetaHessian: 4.12314 + L_thetaNeighbor: 0.15930
Epoch: 0 [ 640/3000 (21%)] Unweighted L_s : L_Mnfld: 0.00293 + L_NonMnfld: 0.00008 + L_Eknl: 0.15724 + L_Morse: 1.16700 + L_thetaHessian: 0.41231 + L_thetaNeighbor: 0.00531

Weights: [7000.0, 600.0, 10.0, 50.0, 30.0, 2.755081666666667], lr=5.000e-05
Epoch: 0 [ 650/3000 (22%)] Loss: 31.41910 = L_Mnfld: 16.89654 + L_NonMnfld: 0.03018 + L_Eknl: 7.50703 + L_Morse: 3.03068 + L_thetaHessian: 3.76021 + L_thetaNeighbor: 0.19445
Epoch: 0 [ 650/3000 (22%)] Unweighted L_s : L_Mnfld: 0.00241 + L_NonMnfld: 0.00005 + L_Eknl: 0.15014 + L_Morse: 1.10003 + L_thetaHessian: 0.37602 + L_thetaNeighbor: 0.00648

Weights: [7000.0, 600.0, 10.0, 50.0, 30.0, 2.7050983333333334], lr=5.000e-05
Epoch: 0 [ 660/3000 (22%)] Loss: 28.26057 = L_Mnfld: 14.32004 + L_NonMnfld: 0.03014 + L_Eknl: 7.14005 + L_Morse: 2.91913 + L_thetaHessian: 3.59519 + L_thetaNeighbor: 0.25601
Epoch: 0 [ 660/3000 (22%)] Unweighted L_s : L_Mnfld: 0.00205 + L_NonMnfld: 0.00005 + L_Eknl: 0.14280 + L_Morse: 1.07912 + L_thetaHessian: 0.35952 + L_thetaNeighbor: 0.00853

Weights: [7000.0, 600.0, 10.0, 50.0, 30.0, 2.6551150000000003], lr=5.000e-05
Epoch: 0 [ 670/3000 (22%)] Loss: 26.88222 = L_Mnfld: 13.43492 + L_NonMnfld: 0.02924 + L_Eknl: 6.93951 + L_Morse: 2.78253 + L_thetaHessian: 3.54460 + L_thetaNeighbor: 0.15142
Epoch: 0 [ 670/3000 (22%)] Unweighted L_s : L_Mnfld: 0.00192 + L_NonMnfld: 0.00005 + L_Eknl: 0.13879 + L_Morse: 1.04799 + L_thetaHessian: 0.35446 + L_thetaNeighbor: 0.00505

Weights: [7000.0, 600.0, 10.0, 50.0, 30.0, 2.605131666666667], lr=5.000e-05
Epoch: 0 [ 680/3000 (23%)] Loss: 25.23315 = L_Mnfld: 11.87148 + L_NonMnfld: 0.04855 + L_Eknl: 6.95172 + L_Morse: 2.68753 + L_thetaHessian: 3.48590 + L_thetaNeighbor: 0.18798
Epoch: 0 [ 680/3000 (23%)] Unweighted L_s : L_Mnfld: 0.00170 + L_NonMnfld: 0.00008 + L_Eknl: 0.13903 + L_Morse: 1.03163 + L_thetaHessian: 0.34859 + L_thetaNeighbor: 0.00627

Weights: [7000.0, 600.0, 10.0, 50.0, 30.0, 2.555148333333334], lr=5.000e-05
Epoch: 0 [ 690/3000 (23%)] Loss: 24.56158 = L_Mnfld: 11.63003 + L_NonMnfld: 0.02588 + L_Eknl: 6.67318 + L_Morse: 2.61840 + L_thetaHessian: 3.45258 + L_thetaNeighbor: 0.16152
Epoch: 0 [ 690/3000 (23%)] Unweighted L_s : L_Mnfld: 0.00166 + L_NonMnfld: 0.00004 + L_Eknl: 0.13346 + L_Morse: 1.02475 + L_thetaHessian: 0.34526 + L_thetaNeighbor: 0.00538

Weights: [7000.0, 600.0, 10.0, 50.0, 30.0, 2.505165], lr=5.000e-05
Epoch: 0 [ 700/3000 (23%)] Loss: 23.76592 = L_Mnfld: 10.91022 + L_NonMnfld: 0.05205 + L_Eknl: 6.79160 + L_Morse: 2.54266 + L_thetaHessian: 3.32462 + L_thetaNeighbor: 0.14477
Epoch: 0 [ 700/3000 (23%)] Unweighted L_s : L_Mnfld: 0.00156 + L_NonMnfld: 0.00009 + L_Eknl: 0.13583 + L_Morse: 1.01497 + L_thetaHessian: 0.33246 + L_thetaNeighbor: 0.00483

Weights: [7000.0, 600.0, 10.0, 50.0, 30.0, 2.455181666666667], lr=5.000e-05
Epoch: 0 [ 710/3000 (24%)] Loss: 23.52618 = L_Mnfld: 10.92912 + L_NonMnfld: 0.04127 + L_Eknl: 6.62502 + L_Morse: 2.47112 + L_thetaHessian: 3.31121 + L_thetaNeighbor: 0.14844
Epoch: 0 [ 710/3000 (24%)] Unweighted L_s : L_Mnfld: 0.00156 + L_NonMnfld: 0.00007 + L_Eknl: 0.13250 + L_Morse: 1.00649 + L_thetaHessian: 0.33112 + L_thetaNeighbor: 0.00495

Weights: [7000.0, 600.0, 10.0, 50.0, 30.0, 2.4051983333333338], lr=5.000e-05
Epoch: 0 [ 720/3000 (24%)] Loss: 22.76231 = L_Mnfld: 10.21024 + L_NonMnfld: 0.03959 + L_Eknl: 6.58758 + L_Morse: 2.41164 + L_thetaHessian: 3.32107 + L_thetaNeighbor: 0.19219
Epoch: 0 [ 720/3000 (24%)] Unweighted L_s : L_Mnfld: 0.00146 + L_NonMnfld: 0.00007 + L_Eknl: 0.13175 + L_Morse: 1.00268 + L_thetaHessian: 0.33211 + L_thetaNeighbor: 0.00641

Weights: [7000.0, 600.0, 10.0, 50.0, 30.0, 2.3552150000000003], lr=5.000e-05
Epoch: 0 [ 730/3000 (24%)] Loss: 22.97534 = L_Mnfld: 10.76433 + L_NonMnfld: 0.02616 + L_Eknl: 6.35745 + L_Morse: 2.35382 + L_thetaHessian: 3.36276 + L_thetaNeighbor: 0.11082
Epoch: 0 [ 730/3000 (24%)] Unweighted L_s : L_Mnfld: 0.00154 + L_NonMnfld: 0.00004 + L_Eknl: 0.12715 + L_Morse: 0.99941 + L_thetaHessian: 0.33628 + L_thetaNeighbor: 0.00369

Weights: [7000.0, 600.0, 10.0, 50.0, 30.0, 2.305231666666667], lr=5.000e-05
Epoch: 0 [ 740/3000 (25%)] Loss: 22.30306 = L_Mnfld: 10.03503 + L_NonMnfld: 0.04642 + L_Eknl: 6.44973 + L_Morse: 2.30274 + L_thetaHessian: 3.32497 + L_thetaNeighbor: 0.14417
Epoch: 0 [ 740/3000 (25%)] Unweighted L_s : L_Mnfld: 0.00143 + L_NonMnfld: 0.00008 + L_Eknl: 0.12899 + L_Morse: 0.99892 + L_thetaHessian: 0.33250 + L_thetaNeighbor: 0.00481

Weights: [7000.0, 600.0, 10.0, 50.0, 30.0, 2.2552483333333333], lr=5.000e-05
Epoch: 0 [ 750/3000 (25%)] Loss: 22.19075 = L_Mnfld: 10.28546 + L_NonMnfld: 0.03315 + L_Eknl: 6.22667 + L_Morse: 2.24519 + L_thetaHessian: 3.28043 + L_thetaNeighbor: 0.11985
Epoch: 0 [ 750/3000 (25%)] Unweighted L_s : L_Mnfld: 0.00147 + L_NonMnfld: 0.00006 + L_Eknl: 0.12453 + L_Morse: 0.99554 + L_thetaHessian: 0.32804 + L_thetaNeighbor: 0.00400

Weights: [7000.0, 600.0, 10.0, 50.0, 30.0, 2.2052650000000003], lr=5.000e-05
Epoch: 0 [ 760/3000 (25%)] Loss: 21.61685 = L_Mnfld: 9.70519 + L_NonMnfld: 0.04132 + L_Eknl: 6.29386 + L_Morse: 2.18868 + L_thetaHessian: 3.27110 + L_thetaNeighbor: 0.11670
Epoch: 0 [ 760/3000 (25%)] Unweighted L_s : L_Mnfld: 0.00139 + L_NonMnfld: 0.00007 + L_Eknl: 0.12588 + L_Morse: 0.99248 + L_thetaHessian: 0.32711 + L_thetaNeighbor: 0.00389

Weights: [7000.0, 600.0, 10.0, 50.0, 30.0, 2.1552816666666663], lr=5.000e-05
Epoch: 0 [ 770/3000 (26%)] Loss: 22.09205 = L_Mnfld: 10.52290 + L_NonMnfld: 0.02497 + L_Eknl: 6.05894 + L_Morse: 2.13284 + L_thetaHessian: 3.22212 + L_thetaNeighbor: 0.13027
Epoch: 0 [ 770/3000 (26%)] Unweighted L_s : L_Mnfld: 0.00150 + L_NonMnfld: 0.00004 + L_Eknl: 0.12118 + L_Morse: 0.98959 + L_thetaHessian: 0.32221 + L_thetaNeighbor: 0.00434

Weights: [7000.0, 600.0, 10.0, 50.0, 30.0, 2.1052983333333337], lr=5.000e-05
Epoch: 0 [ 780/3000 (26%)] Loss: 20.67937 = L_Mnfld: 9.20237 + L_NonMnfld: 0.03060 + L_Eknl: 6.03217 + L_Morse: 2.07197 + L_thetaHessian: 3.21111 + L_thetaNeighbor: 0.13116
Epoch: 0 [ 780/3000 (26%)] Unweighted L_s : L_Mnfld: 0.00131 + L_NonMnfld: 0.00005 + L_Eknl: 0.12064 + L_Morse: 0.98417 + L_thetaHessian: 0.32111 + L_thetaNeighbor: 0.00437

Weights: [7000.0, 600.0, 10.0, 50.0, 30.0, 2.055315], lr=5.000e-05
Epoch: 0 [ 790/3000 (26%)] Loss: 21.52621 = L_Mnfld: 10.16888 + L_NonMnfld: 0.03794 + L_Eknl: 5.95602 + L_Morse: 2.02152 + L_thetaHessian: 3.21194 + L_thetaNeighbor: 0.12992
Epoch: 0 [ 790/3000 (26%)] Unweighted L_s : L_Mnfld: 0.00145 + L_NonMnfld: 0.00006 + L_Eknl: 0.11912 + L_Morse: 0.98356 + L_thetaHessian: 0.32119 + L_thetaNeighbor: 0.00433

Weights: [7000.0, 600.0, 10.0, 50.0, 30.0, 2.005331666666667], lr=5.000e-05
Epoch: 0 [ 800/3000 (27%)] Loss: 20.31336 = L_Mnfld: 8.96139 + L_NonMnfld: 0.03519 + L_Eknl: 6.07170 + L_Morse: 1.96371 + L_thetaHessian: 3.17260 + L_thetaNeighbor: 0.10876
Epoch: 0 [ 800/3000 (27%)] Unweighted L_s : L_Mnfld: 0.00128 + L_NonMnfld: 0.00006 + L_Eknl: 0.12143 + L_Morse: 0.97925 + L_thetaHessian: 0.31726 + L_thetaNeighbor: 0.00363

Weights: [7000.0, 600.0, 10.0, 50.0, 30.0, 1.9553483333333335], lr=5.000e-05
Epoch: 0 [ 810/3000 (27%)] Loss: 21.23017 = L_Mnfld: 9.95062 + L_NonMnfld: 0.02689 + L_Eknl: 5.95616 + L_Morse: 1.91511 + L_thetaHessian: 3.24683 + L_thetaNeighbor: 0.13457
Epoch: 0 [ 810/3000 (27%)] Unweighted L_s : L_Mnfld: 0.00142 + L_NonMnfld: 0.00004 + L_Eknl: 0.11912 + L_Morse: 0.97942 + L_thetaHessian: 0.32468 + L_thetaNeighbor: 0.00449

Weights: [7000.0, 600.0, 10.0, 50.0, 30.0, 1.905365], lr=5.000e-05
Epoch: 0 [ 820/3000 (27%)] Loss: 20.06122 = L_Mnfld: 8.87728 + L_NonMnfld: 0.03724 + L_Eknl: 5.93729 + L_Morse: 1.86554 + L_thetaHessian: 3.20612 + L_thetaNeighbor: 0.13776
Epoch: 0 [ 820/3000 (27%)] Unweighted L_s : L_Mnfld: 0.00127 + L_NonMnfld: 0.00006 + L_Eknl: 0.11875 + L_Morse: 0.97910 + L_thetaHessian: 0.32061 + L_thetaNeighbor: 0.00459

Weights: [7000.0, 600.0, 10.0, 50.0, 30.0, 1.855381666666667], lr=5.000e-05
Epoch: 0 [ 830/3000 (28%)] Loss: 21.02244 = L_Mnfld: 10.11785 + L_NonMnfld: 0.02938 + L_Eknl: 5.80649 + L_Morse: 1.81530 + L_thetaHessian: 3.13613 + L_thetaNeighbor: 0.11728
Epoch: 0 [ 830/3000 (28%)] Unweighted L_s : L_Mnfld: 0.00145 + L_NonMnfld: 0.00005 + L_Eknl: 0.11613 + L_Morse: 0.97840 + L_thetaHessian: 0.31361 + L_thetaNeighbor: 0.00391

Weights: [7000.0, 600.0, 10.0, 50.0, 30.0, 1.8053983333333334], lr=5.000e-05
Epoch: 0 [ 840/3000 (28%)] Loss: 19.58264 = L_Mnfld: 8.61967 + L_NonMnfld: 0.02240 + L_Eknl: 5.84835 + L_Morse: 1.76918 + L_thetaHessian: 3.21236 + L_thetaNeighbor: 0.11067
Epoch: 0 [ 840/3000 (28%)] Unweighted L_s : L_Mnfld: 0.00123 + L_NonMnfld: 0.00004 + L_Eknl: 0.11697 + L_Morse: 0.97994 + L_thetaHessian: 0.32124 + L_thetaNeighbor: 0.00369

Weights: [7000.0, 600.0, 10.0, 50.0, 30.0, 1.7554150000000006], lr=5.000e-05
Epoch: 0 [ 850/3000 (28%)] Loss: 21.01444 = L_Mnfld: 10.17905 + L_NonMnfld: 0.02463 + L_Eknl: 5.69634 + L_Morse: 1.72153 + L_thetaHessian: 3.23466 + L_thetaNeighbor: 0.15822
Epoch: 0 [ 850/3000 (28%)] Unweighted L_s : L_Mnfld: 0.00145 + L_NonMnfld: 0.00004 + L_Eknl: 0.11393 + L_Morse: 0.98070 + L_thetaHessian: 0.32347 + L_thetaNeighbor: 0.00527

Weights: [7000.0, 600.0, 10.0, 50.0, 30.0, 1.705431666666667], lr=5.000e-05
Epoch: 0 [ 860/3000 (29%)] Loss: 19.43239 = L_Mnfld: 8.54618 + L_NonMnfld: 0.02723 + L_Eknl: 5.84740 + L_Morse: 1.67248 + L_thetaHessian: 3.21304 + L_thetaNeighbor: 0.12607
Epoch: 0 [ 860/3000 (29%)] Unweighted L_s : L_Mnfld: 0.00122 + L_NonMnfld: 0.00005 + L_Eknl: 0.11695 + L_Morse: 0.98068 + L_thetaHessian: 0.32130 + L_thetaNeighbor: 0.00420

Weights: [7000.0, 600.0, 10.0, 50.0, 30.0, 1.6554483333333332], lr=5.000e-05
Epoch: 0 [ 870/3000 (29%)] Loss: 20.85144 = L_Mnfld: 10.11506 + L_NonMnfld: 0.02872 + L_Eknl: 5.76736 + L_Morse: 1.62952 + L_thetaHessian: 3.15753 + L_thetaNeighbor: 0.15325
Epoch: 0 [ 870/3000 (29%)] Unweighted L_s : L_Mnfld: 0.00145 + L_NonMnfld: 0.00005 + L_Eknl: 0.11535 + L_Morse: 0.98434 + L_thetaHessian: 0.31575 + L_thetaNeighbor: 0.00511

Weights: [7000.0, 600.0, 10.0, 50.0, 30.0, 1.6054650000000006], lr=5.000e-05
Epoch: 0 [ 880/3000 (29%)] Loss: 19.09835 = L_Mnfld: 8.44790 + L_NonMnfld: 0.03288 + L_Eknl: 5.69609 + L_Morse: 1.58170 + L_thetaHessian: 3.18211 + L_thetaNeighbor: 0.15767
Epoch: 0 [ 880/3000 (29%)] Unweighted L_s : L_Mnfld: 0.00121 + L_NonMnfld: 0.00005 + L_Eknl: 0.11392 + L_Morse: 0.98520 + L_thetaHessian: 0.31821 + L_thetaNeighbor: 0.00526

Weights: [7000.0, 600.0, 10.0, 50.0, 30.0, 1.5554816666666667], lr=5.000e-05
Epoch: 0 [ 890/3000 (30%)] Loss: 20.41012 = L_Mnfld: 10.05545 + L_NonMnfld: 0.02793 + L_Eknl: 5.56914 + L_Morse: 1.53998 + L_thetaHessian: 3.08895 + L_thetaNeighbor: 0.12866
Epoch: 0 [ 890/3000 (30%)] Unweighted L_s : L_Mnfld: 0.00144 + L_NonMnfld: 0.00005 + L_Eknl: 0.11138 + L_Morse: 0.99004 + L_thetaHessian: 0.30889 + L_thetaNeighbor: 0.00429

Weights: [7000.0, 600.0, 10.0, 50.0, 30.0, 1.5054983333333332], lr=5.000e-05
Epoch: 0 [ 900/3000 (30%)] Loss: 19.08971 = L_Mnfld: 8.71407 + L_NonMnfld: 0.02680 + L_Eknl: 5.59718 + L_Morse: 1.48516 + L_thetaHessian: 3.12399 + L_thetaNeighbor: 0.14252
Epoch: 0 [ 900/3000 (30%)] Unweighted L_s : L_Mnfld: 0.00124 + L_NonMnfld: 0.00004 + L_Eknl: 0.11194 + L_Morse: 0.98649 + L_thetaHessian: 0.31240 + L_thetaNeighbor: 0.00475

Weights: [7000.0, 600.0, 10.0, 50.0, 30.0, 1.4555150000000001], lr=5.000e-05
Epoch: 0 [ 910/3000 (30%)] Loss: 20.36214 = L_Mnfld: 10.14334 + L_NonMnfld: 0.05336 + L_Eknl: 5.51950 + L_Morse: 1.43775 + L_thetaHessian: 3.05481 + L_thetaNeighbor: 0.15339
Epoch: 0 [ 910/3000 (30%)] Unweighted L_s : L_Mnfld: 0.00145 + L_NonMnfld: 0.00009 + L_Eknl: 0.11039 + L_Morse: 0.98779 + L_thetaHessian: 0.30548 + L_thetaNeighbor: 0.00511

Weights: [7000.0, 600.0, 10.0, 50.0, 30.0, 1.4055316666666666], lr=5.000e-05
Epoch: 0 [ 920/3000 (31%)] Loss: 18.81525 = L_Mnfld: 8.61077 + L_NonMnfld: 0.02956 + L_Eknl: 5.53026 + L_Morse: 1.39509 + L_thetaHessian: 3.11009 + L_thetaNeighbor: 0.13948
Epoch: 0 [ 920/3000 (31%)] Unweighted L_s : L_Mnfld: 0.00123 + L_NonMnfld: 0.00005 + L_Eknl: 0.11061 + L_Morse: 0.99257 + L_thetaHessian: 0.31101 + L_thetaNeighbor: 0.00465

Weights: [7000.0, 600.0, 10.0, 50.0, 30.0, 1.355548333333334], lr=5.000e-05
Epoch: 0 [ 930/3000 (31%)] Loss: 19.94356 = L_Mnfld: 9.84417 + L_NonMnfld: 0.02813 + L_Eknl: 5.45861 + L_Morse: 1.34152 + L_thetaHessian: 3.14790 + L_thetaNeighbor: 0.12324
Epoch: 0 [ 930/3000 (31%)] Unweighted L_s : L_Mnfld: 0.00141 + L_NonMnfld: 0.00005 + L_Eknl: 0.10917 + L_Morse: 0.98965 + L_thetaHessian: 0.31479 + L_thetaNeighbor: 0.00411

Weights: [7000.0, 600.0, 10.0, 50.0, 30.0, 1.305565], lr=5.000e-05
Epoch: 0 [ 940/3000 (31%)] Loss: 18.75410 = L_Mnfld: 8.58638 + L_NonMnfld: 0.02393 + L_Eknl: 5.47859 + L_Morse: 1.29892 + L_thetaHessian: 3.20529 + L_thetaNeighbor: 0.16099
Epoch: 0 [ 940/3000 (31%)] Unweighted L_s : L_Mnfld: 0.00123 + L_NonMnfld: 0.00004 + L_Eknl: 0.10957 + L_Morse: 0.99491 + L_thetaHessian: 0.32053 + L_thetaNeighbor: 0.00537

Weights: [7000.0, 600.0, 10.0, 50.0, 30.0, 1.2555816666666666], lr=5.000e-05
Epoch: 0 [ 950/3000 (32%)] Loss: 19.54560 = L_Mnfld: 9.67775 + L_NonMnfld: 0.02619 + L_Eknl: 5.38053 + L_Morse: 1.24726 + L_thetaHessian: 3.07668 + L_thetaNeighbor: 0.13719
Epoch: 0 [ 950/3000 (32%)] Unweighted L_s : L_Mnfld: 0.00138 + L_NonMnfld: 0.00004 + L_Eknl: 0.10761 + L_Morse: 0.99337 + L_thetaHessian: 0.30767 + L_thetaNeighbor: 0.00457

Weights: [7000.0, 600.0, 10.0, 50.0, 30.0, 1.2055983333333335], lr=5.000e-05
Epoch: 0 [ 960/3000 (32%)] Loss: 18.36632 = L_Mnfld: 8.57751 + L_NonMnfld: 0.04750 + L_Eknl: 5.32058 + L_Morse: 1.20989 + L_thetaHessian: 3.07407 + L_thetaNeighbor: 0.13678
Epoch: 0 [ 960/3000 (32%)] Unweighted L_s : L_Mnfld: 0.00123 + L_NonMnfld: 0.00008 + L_Eknl: 0.10641 + L_Morse: 1.00356 + L_thetaHessian: 0.30741 + L_thetaNeighbor: 0.00456

Weights: [7000.0, 600.0, 10.0, 50.0, 30.0, 1.155615], lr=5.000e-05
Epoch: 0 [ 970/3000 (32%)] Loss: 19.32757 = L_Mnfld: 9.86609 + L_NonMnfld: 0.02449 + L_Eknl: 5.13421 + L_Morse: 1.15752 + L_thetaHessian: 3.01622 + L_thetaNeighbor: 0.12904
Epoch: 0 [ 970/3000 (32%)] Unweighted L_s : L_Mnfld: 0.00141 + L_NonMnfld: 0.00004 + L_Eknl: 0.10268 + L_Morse: 1.00165 + L_thetaHessian: 0.30162 + L_thetaNeighbor: 0.00430

Weights: [7000.0, 600.0, 10.0, 50.0, 30.0, 1.1056316666666672], lr=5.000e-05
Epoch: 0 [ 980/3000 (33%)] Loss: 18.06149 = L_Mnfld: 8.45932 + L_NonMnfld: 0.02450 + L_Eknl: 5.24382 + L_Morse: 1.11417 + L_thetaHessian: 3.06331 + L_thetaNeighbor: 0.15637
Epoch: 0 [ 980/3000 (33%)] Unweighted L_s : L_Mnfld: 0.00121 + L_NonMnfld: 0.00004 + L_Eknl: 0.10488 + L_Morse: 1.00772 + L_thetaHessian: 0.30633 + L_thetaNeighbor: 0.00521

Weights: [7000.0, 600.0, 10.0, 50.0, 30.0, 1.0556483333333335], lr=5.000e-05
Epoch: 0 [ 990/3000 (33%)] Loss: 19.18459 = L_Mnfld: 9.61577 + L_NonMnfld: 0.02195 + L_Eknl: 5.21811 + L_Morse: 1.06676 + L_thetaHessian: 3.11484 + L_thetaNeighbor: 0.14717
Epoch: 0 [ 990/3000 (33%)] Unweighted L_s : L_Mnfld: 0.00137 + L_NonMnfld: 0.00004 + L_Eknl: 0.10436 + L_Morse: 1.01053 + L_thetaHessian: 0.31148 + L_thetaNeighbor: 0.00491

Weights: [7000.0, 600.0, 10.0, 50.0, 30.0, 1.005665], lr=5.000e-05
Epoch: 0 [1000/3000 (33%)] Loss: 17.91171 = L_Mnfld: 8.36412 + L_NonMnfld: 0.01824 + L_Eknl: 5.20040 + L_Morse: 1.02484 + L_thetaHessian: 3.17724 + L_thetaNeighbor: 0.12688
Epoch: 0 [1000/3000 (33%)] Unweighted L_s : L_Mnfld: 0.00119 + L_NonMnfld: 0.00003 + L_Eknl: 0.10401 + L_Morse: 1.01906 + L_thetaHessian: 0.31772 + L_thetaNeighbor: 0.00423

Weights: [7000.0, 600.0, 10.0, 50.0, 30.0, 0.955681666666667], lr=5.000e-05
Epoch: 0 [1010/3000 (34%)] Loss: 19.22240 = L_Mnfld: 9.72235 + L_NonMnfld: 0.02336 + L_Eknl: 5.20046 + L_Morse: 0.97571 + L_thetaHessian: 3.17512 + L_thetaNeighbor: 0.12539
Epoch: 0 [1010/3000 (34%)] Unweighted L_s : L_Mnfld: 0.00139 + L_NonMnfld: 0.00004 + L_Eknl: 0.10401 + L_Morse: 1.02096 + L_thetaHessian: 0.31751 + L_thetaNeighbor: 0.00418

Weights: [7000.0, 600.0, 10.0, 50.0, 30.0, 0.9056983333333335], lr=5.000e-05
Epoch: 0 [1020/3000 (34%)] Loss: 17.93350 = L_Mnfld: 8.59003 + L_NonMnfld: 0.02504 + L_Eknl: 5.17394 + L_Morse: 0.93018 + L_thetaHessian: 3.02864 + L_thetaNeighbor: 0.18567
Epoch: 0 [1020/3000 (34%)] Unweighted L_s : L_Mnfld: 0.00123 + L_NonMnfld: 0.00004 + L_Eknl: 0.10348 + L_Morse: 1.02703 + L_thetaHessian: 0.30286 + L_thetaNeighbor: 0.00619

Weights: [7000.0, 600.0, 10.0, 50.0, 30.0, 0.855715], lr=5.000e-05
Epoch: 0 [1030/3000 (34%)] Loss: 18.81757 = L_Mnfld: 9.69545 + L_NonMnfld: 0.02236 + L_Eknl: 5.12968 + L_Morse: 0.87711 + L_thetaHessian: 2.95390 + L_thetaNeighbor: 0.13908
Epoch: 0 [1030/3000 (34%)] Unweighted L_s : L_Mnfld: 0.00139 + L_NonMnfld: 0.00004 + L_Eknl: 0.10259 + L_Morse: 1.02500 + L_thetaHessian: 0.29539 + L_thetaNeighbor: 0.00464

Weights: [7000.0, 600.0, 10.0, 50.0, 30.0, 0.805731666666667], lr=5.000e-05
Epoch: 0 [1040/3000 (35%)] Loss: 17.69074 = L_Mnfld: 8.48255 + L_NonMnfld: 0.03815 + L_Eknl: 5.10195 + L_Morse: 0.83745 + L_thetaHessian: 3.08331 + L_thetaNeighbor: 0.14732
Epoch: 0 [1040/3000 (35%)] Unweighted L_s : L_Mnfld: 0.00121 + L_NonMnfld: 0.00006 + L_Eknl: 0.10204 + L_Morse: 1.03937 + L_thetaHessian: 0.30833 + L_thetaNeighbor: 0.00491

Weights: [7000.0, 600.0, 10.0, 50.0, 30.0, 0.7557483333333335], lr=5.000e-05
Epoch: 0 [1050/3000 (35%)] Loss: 18.48234 = L_Mnfld: 9.52886 + L_NonMnfld: 0.02322 + L_Eknl: 4.94764 + L_Morse: 0.78206 + L_thetaHessian: 3.05880 + L_thetaNeighbor: 0.14175
Epoch: 0 [1050/3000 (35%)] Unweighted L_s : L_Mnfld: 0.00136 + L_NonMnfld: 0.00004 + L_Eknl: 0.09895 + L_Morse: 1.03482 + L_thetaHessian: 0.30588 + L_thetaNeighbor: 0.00473

Weights: [7000.0, 600.0, 10.0, 50.0, 30.0, 0.7057650000000004], lr=5.000e-05
Epoch: 0 [1060/3000 (35%)] Loss: 17.51088 = L_Mnfld: 8.45943 + L_NonMnfld: 0.03173 + L_Eknl: 5.09778 + L_Morse: 0.73908 + L_thetaHessian: 2.97331 + L_thetaNeighbor: 0.20955
Epoch: 0 [1060/3000 (35%)] Unweighted L_s : L_Mnfld: 0.00121 + L_NonMnfld: 0.00005 + L_Eknl: 0.10196 + L_Morse: 1.04720 + L_thetaHessian: 0.29733 + L_thetaNeighbor: 0.00699

Weights: [7000.0, 600.0, 10.0, 50.0, 30.0, 0.6557816666666669], lr=5.000e-05
Epoch: 0 [1070/3000 (36%)] Loss: 18.16006 = L_Mnfld: 9.39004 + L_NonMnfld: 0.01863 + L_Eknl: 4.93781 + L_Morse: 0.68717 + L_thetaHessian: 2.97185 + L_thetaNeighbor: 0.15456
Epoch: 0 [1070/3000 (36%)] Unweighted L_s : L_Mnfld: 0.00134 + L_NonMnfld: 0.00003 + L_Eknl: 0.09876 + L_Morse: 1.04786 + L_thetaHessian: 0.29719 + L_thetaNeighbor: 0.00515

Weights: [7000.0, 600.0, 10.0, 50.0, 30.0, 0.6057983333333334], lr=5.000e-05
Epoch: 0 [1080/3000 (36%)] Loss: 17.02076 = L_Mnfld: 8.25518 + L_NonMnfld: 0.02719 + L_Eknl: 5.00013 + L_Morse: 0.64337 + L_thetaHessian: 2.91864 + L_thetaNeighbor: 0.17626
Epoch: 0 [1080/3000 (36%)] Unweighted L_s : L_Mnfld: 0.00118 + L_NonMnfld: 0.00005 + L_Eknl: 0.10000 + L_Morse: 1.06202 + L_thetaHessian: 0.29186 + L_thetaNeighbor: 0.00588

Weights: [7000.0, 600.0, 10.0, 50.0, 30.0, 0.5558150000000004], lr=5.000e-05
Epoch: 0 [1090/3000 (36%)] Loss: 17.75797 = L_Mnfld: 9.27518 + L_NonMnfld: 0.02116 + L_Eknl: 4.83035 + L_Morse: 0.58964 + L_thetaHessian: 2.90765 + L_thetaNeighbor: 0.13398
Epoch: 0 [1090/3000 (36%)] Unweighted L_s : L_Mnfld: 0.00133 + L_NonMnfld: 0.00004 + L_Eknl: 0.09661 + L_Morse: 1.06086 + L_thetaHessian: 0.29076 + L_thetaNeighbor: 0.00447

Weights: [7000.0, 600.0, 10.0, 50.0, 30.0, 0.5058316666666669], lr=5.000e-05
Epoch: 0 [1100/3000 (37%)] Loss: 16.76458 = L_Mnfld: 8.26432 + L_NonMnfld: 0.06134 + L_Eknl: 4.78900 + L_Morse: 0.54368 + L_thetaHessian: 2.96918 + L_thetaNeighbor: 0.13706
Epoch: 0 [1100/3000 (37%)] Unweighted L_s : L_Mnfld: 0.00118 + L_NonMnfld: 0.00010 + L_Eknl: 0.09578 + L_Morse: 1.07482 + L_thetaHessian: 0.29692 + L_thetaNeighbor: 0.00457

Weights: [7000.0, 600.0, 10.0, 50.0, 30.0, 0.45584833333333385], lr=5.000e-05
Epoch: 0 [1110/3000 (37%)] Loss: 17.72518 = L_Mnfld: 9.28505 + L_NonMnfld: 0.01971 + L_Eknl: 4.87353 + L_Morse: 0.49293 + L_thetaHessian: 2.88697 + L_thetaNeighbor: 0.16698
Epoch: 0 [1110/3000 (37%)] Unweighted L_s : L_Mnfld: 0.00133 + L_NonMnfld: 0.00003 + L_Eknl: 0.09747 + L_Morse: 1.08136 + L_thetaHessian: 0.28870 + L_thetaNeighbor: 0.00557

Weights: [7000.0, 600.0, 10.0, 50.0, 30.0, 0.40586500000000036], lr=5.000e-05
Epoch: 0 [1120/3000 (37%)] Loss: 16.51457 = L_Mnfld: 8.26171 + L_NonMnfld: 0.02145 + L_Eknl: 4.78753 + L_Morse: 0.44265 + L_thetaHessian: 2.85428 + L_thetaNeighbor: 0.14694
Epoch: 0 [1120/3000 (37%)] Unweighted L_s : L_Mnfld: 0.00118 + L_NonMnfld: 0.00004 + L_Eknl: 0.09575 + L_Morse: 1.09064 + L_thetaHessian: 0.28543 + L_thetaNeighbor: 0.00490

Weights: [7000.0, 600.0, 10.0, 50.0, 30.0, 0.3558816666666669], lr=5.000e-05
Epoch: 0 [1130/3000 (38%)] Loss: 17.58062 = L_Mnfld: 9.34652 + L_NonMnfld: 0.03712 + L_Eknl: 4.74846 + L_Morse: 0.39014 + L_thetaHessian: 2.92480 + L_thetaNeighbor: 0.13358
Epoch: 0 [1130/3000 (38%)] Unweighted L_s : L_Mnfld: 0.00134 + L_NonMnfld: 0.00006 + L_Eknl: 0.09497 + L_Morse: 1.09626 + L_thetaHessian: 0.29248 + L_thetaNeighbor: 0.00445

Weights: [7000.0, 600.0, 10.0, 50.0, 30.0, 0.3058983333333338], lr=5.000e-05
Epoch: 0 [1140/3000 (38%)] Loss: 16.51629 = L_Mnfld: 8.45889 + L_NonMnfld: 0.03660 + L_Eknl: 4.69511 + L_Morse: 0.34101 + L_thetaHessian: 2.85325 + L_thetaNeighbor: 0.13143
Epoch: 0 [1140/3000 (38%)] Unweighted L_s : L_Mnfld: 0.00121 + L_NonMnfld: 0.00006 + L_Eknl: 0.09390 + L_Morse: 1.11477 + L_thetaHessian: 0.28532 + L_thetaNeighbor: 0.00438

Weights: [7000.0, 600.0, 10.0, 50.0, 30.0, 0.25591500000000034], lr=5.000e-05
Epoch: 0 [1150/3000 (38%)] Loss: 17.67159 = L_Mnfld: 9.48709 + L_NonMnfld: 0.02708 + L_Eknl: 4.82182 + L_Morse: 0.28720 + L_thetaHessian: 2.91598 + L_thetaNeighbor: 0.13241
Epoch: 0 [1150/3000 (38%)] Unweighted L_s : L_Mnfld: 0.00136 + L_NonMnfld: 0.00005 + L_Eknl: 0.09644 + L_Morse: 1.12226 + L_thetaHessian: 0.29160 + L_thetaNeighbor: 0.00441

Weights: [7000.0, 600.0, 10.0, 50.0, 30.0, 0.2059316666666673], lr=5.000e-05
Epoch: 0 [1160/3000 (39%)] Loss: 16.81096 = L_Mnfld: 8.68097 + L_NonMnfld: 0.02558 + L_Eknl: 4.82861 + L_Morse: 0.23462 + L_thetaHessian: 2.90895 + L_thetaNeighbor: 0.13223
Epoch: 0 [1160/3000 (39%)] Unweighted L_s : L_Mnfld: 0.00124 + L_NonMnfld: 0.00004 + L_Eknl: 0.09657 + L_Morse: 1.13930 + L_thetaHessian: 0.29090 + L_thetaNeighbor: 0.00441

Weights: [7000.0, 600.0, 10.0, 50.0, 30.0, 0.1559483333333338], lr=5.000e-05
Epoch: 0 [1170/3000 (39%)] Loss: 16.96617 = L_Mnfld: 9.02007 + L_NonMnfld: 0.01455 + L_Eknl: 4.71758 + L_Morse: 0.17834 + L_thetaHessian: 2.90246 + L_thetaNeighbor: 0.13317
Epoch: 0 [1170/3000 (39%)] Unweighted L_s : L_Mnfld: 0.00129 + L_NonMnfld: 0.00002 + L_Eknl: 0.09435 + L_Morse: 1.14358 + L_thetaHessian: 0.29025 + L_thetaNeighbor: 0.00444

Weights: [7000.0, 600.0, 10.0, 50.0, 30.0, 0.10596499999999986], lr=5.000e-05
Epoch: 0 [1180/3000 (39%)] Loss: 16.60377 = L_Mnfld: 8.71177 + L_NonMnfld: 0.02682 + L_Eknl: 4.72422 + L_Morse: 0.12300 + L_thetaHessian: 2.82925 + L_thetaNeighbor: 0.18870
Epoch: 0 [1180/3000 (39%)] Unweighted L_s : L_Mnfld: 0.00124 + L_NonMnfld: 0.00004 + L_Eknl: 0.09448 + L_Morse: 1.16079 + L_thetaHessian: 0.28292 + L_thetaNeighbor: 0.00629

Weights: [7000.0, 600.0, 10.0, 50.0, 30.0, 0.05598166666666726], lr=5.000e-05
Epoch: 0 [1190/3000 (40%)] Loss: 16.41710 = L_Mnfld: 8.83081 + L_NonMnfld: 0.01810 + L_Eknl: 4.60432 + L_Morse: 0.06557 + L_thetaHessian: 2.76356 + L_thetaNeighbor: 0.13474
Epoch: 0 [1190/3000 (40%)] Unweighted L_s : L_Mnfld: 0.00126 + L_NonMnfld: 0.00003 + L_Eknl: 0.09209 + L_Morse: 1.17123 + L_thetaHessian: 0.27636 + L_thetaNeighbor: 0.00449

Weights: [7000.0, 600.0, 10.0, 50.0, 30.0, 0.005998333333333328], lr=5.000e-05
Epoch: 0 [1200/3000 (40%)] Loss: 16.35636 = L_Mnfld: 8.59262 + L_NonMnfld: 0.02652 + L_Eknl: 4.69252 + L_Morse: 0.00715 + L_thetaHessian: 2.87972 + L_thetaNeighbor: 0.15783
Epoch: 0 [1200/3000 (40%)] Unweighted L_s : L_Mnfld: 0.00123 + L_NonMnfld: 0.00004 + L_Eknl: 0.09385 + L_Morse: 1.19149 + L_thetaHessian: 0.28797 + L_thetaNeighbor: 0.00526

Weights: [7000.0, 600.0, 10.0, 50.0, 30.0, 0.000995], lr=5.000e-05
Epoch: 0 [1210/3000 (40%)] Loss: 16.42847 = L_Mnfld: 8.81906 + L_NonMnfld: 0.01335 + L_Eknl: 4.64614 + L_Morse: 0.00120 + L_thetaHessian: 2.80773 + L_thetaNeighbor: 0.14099
Epoch: 0 [1210/3000 (40%)] Unweighted L_s : L_Mnfld: 0.00126 + L_NonMnfld: 0.00002 + L_Eknl: 0.09292 + L_Morse: 1.20708 + L_thetaHessian: 0.28077 + L_thetaNeighbor: 0.00470

Weights: [7000.0, 600.0, 10.0, 50.0, 30.0, 0.0009894444444444445], lr=5.000e-05
Epoch: 0 [1220/3000 (41%)] Loss: 15.99305 = L_Mnfld: 8.57971 + L_NonMnfld: 0.04140 + L_Eknl: 4.51869 + L_Morse: 0.00121 + L_thetaHessian: 2.68516 + L_thetaNeighbor: 0.16688
Epoch: 0 [1220/3000 (41%)] Unweighted L_s : L_Mnfld: 0.00123 + L_NonMnfld: 0.00007 + L_Eknl: 0.09037 + L_Morse: 1.22488 + L_thetaHessian: 0.26852 + L_thetaNeighbor: 0.00556

Weights: [7000.0, 600.0, 10.0, 50.0, 30.0, 0.000983888888888889], lr=5.000e-05
Epoch: 0 [1230/3000 (41%)] Loss: 16.29682 = L_Mnfld: 8.59267 + L_NonMnfld: 0.01587 + L_Eknl: 4.56746 + L_Morse: 0.00122 + L_thetaHessian: 2.89978 + L_thetaNeighbor: 0.21982
Epoch: 0 [1230/3000 (41%)] Unweighted L_s : L_Mnfld: 0.00123 + L_NonMnfld: 0.00003 + L_Eknl: 0.09135 + L_Morse: 1.23538 + L_thetaHessian: 0.28998 + L_thetaNeighbor: 0.00733

Weights: [7000.0, 600.0, 10.0, 50.0, 30.0, 0.0009783333333333334], lr=5.000e-05
Epoch: 0 [1240/3000 (41%)] Loss: 16.39590 = L_Mnfld: 8.81513 + L_NonMnfld: 0.02101 + L_Eknl: 4.48893 + L_Morse: 0.00123 + L_thetaHessian: 2.88900 + L_thetaNeighbor: 0.18060
Epoch: 0 [1240/3000 (41%)] Unweighted L_s : L_Mnfld: 0.00126 + L_NonMnfld: 0.00004 + L_Eknl: 0.08978 + L_Morse: 1.25591 + L_thetaHessian: 0.28890 + L_thetaNeighbor: 0.00602

Weights: [7000.0, 600.0, 10.0, 50.0, 30.0, 0.0009727777777777778], lr=5.000e-05
Epoch: 0 [1250/3000 (42%)] Loss: 15.95366 = L_Mnfld: 8.39700 + L_NonMnfld: 0.01901 + L_Eknl: 4.51839 + L_Morse: 0.00123 + L_thetaHessian: 2.81965 + L_thetaNeighbor: 0.19838
Epoch: 0 [1250/3000 (42%)] Unweighted L_s : L_Mnfld: 0.00120 + L_NonMnfld: 0.00003 + L_Eknl: 0.09037 + L_Morse: 1.26337 + L_thetaHessian: 0.28196 + L_thetaNeighbor: 0.00661

Weights: [7000.0, 600.0, 10.0, 50.0, 30.0, 0.0009672222222222223], lr=5.000e-05
Epoch: 0 [1260/3000 (42%)] Loss: 16.11287 = L_Mnfld: 8.57622 + L_NonMnfld: 0.04652 + L_Eknl: 4.56925 + L_Morse: 0.00123 + L_thetaHessian: 2.73818 + L_thetaNeighbor: 0.18148
Epoch: 0 [1260/3000 (42%)] Unweighted L_s : L_Mnfld: 0.00123 + L_NonMnfld: 0.00008 + L_Eknl: 0.09138 + L_Morse: 1.27558 + L_thetaHessian: 0.27382 + L_thetaNeighbor: 0.00605

Weights: [7000.0, 600.0, 10.0, 50.0, 30.0, 0.0009616666666666668], lr=5.000e-05
Epoch: 0 [1270/3000 (42%)] Loss: 15.73420 = L_Mnfld: 8.35021 + L_NonMnfld: 0.02494 + L_Eknl: 4.51356 + L_Morse: 0.00124 + L_thetaHessian: 2.68768 + L_thetaNeighbor: 0.15657
Epoch: 0 [1270/3000 (42%)] Unweighted L_s : L_Mnfld: 0.00119 + L_NonMnfld: 0.00004 + L_Eknl: 0.09027 + L_Morse: 1.28611 + L_thetaHessian: 0.26877 + L_thetaNeighbor: 0.00522

Weights: [7000.0, 600.0, 10.0, 50.0, 30.0, 0.0009561111111111111], lr=5.000e-05
Epoch: 0 [1280/3000 (43%)] Loss: 15.80231 = L_Mnfld: 8.49959 + L_NonMnfld: 0.02504 + L_Eknl: 4.39907 + L_Morse: 0.00125 + L_thetaHessian: 2.71491 + L_thetaNeighbor: 0.16245
Epoch: 0 [1280/3000 (43%)] Unweighted L_s : L_Mnfld: 0.00121 + L_NonMnfld: 0.00004 + L_Eknl: 0.08798 + L_Morse: 1.30518 + L_thetaHessian: 0.27149 + L_thetaNeighbor: 0.00541

Weights: [7000.0, 600.0, 10.0, 50.0, 30.0, 0.0009505555555555556], lr=5.000e-05
Epoch: 0 [1290/3000 (43%)] Loss: 15.92810 = L_Mnfld: 8.53852 + L_NonMnfld: 0.04108 + L_Eknl: 4.41095 + L_Morse: 0.00124 + L_thetaHessian: 2.76666 + L_thetaNeighbor: 0.16965
Epoch: 0 [1290/3000 (43%)] Unweighted L_s : L_Mnfld: 0.00122 + L_NonMnfld: 0.00007 + L_Eknl: 0.08822 + L_Morse: 1.30424 + L_thetaHessian: 0.27667 + L_thetaNeighbor: 0.00565

Weights: [7000.0, 600.0, 10.0, 50.0, 30.0, 0.0009450000000000001], lr=5.000e-05
Epoch: 0 [1300/3000 (43%)] Loss: 15.63134 = L_Mnfld: 8.24924 + L_NonMnfld: 0.02251 + L_Eknl: 4.51733 + L_Morse: 0.00125 + L_thetaHessian: 2.68271 + L_thetaNeighbor: 0.15832
Epoch: 0 [1300/3000 (43%)] Unweighted L_s : L_Mnfld: 0.00118 + L_NonMnfld: 0.00004 + L_Eknl: 0.09035 + L_Morse: 1.32040 + L_thetaHessian: 0.26827 + L_thetaNeighbor: 0.00528

Weights: [7000.0, 600.0, 10.0, 50.0, 30.0, 0.0009394444444444445], lr=5.000e-05
Epoch: 0 [1310/3000 (44%)] Loss: 15.65710 = L_Mnfld: 8.45099 + L_NonMnfld: 0.02099 + L_Eknl: 4.37851 + L_Morse: 0.00124 + L_thetaHessian: 2.64725 + L_thetaNeighbor: 0.15813
Epoch: 0 [1310/3000 (44%)] Unweighted L_s : L_Mnfld: 0.00121 + L_NonMnfld: 0.00003 + L_Eknl: 0.08757 + L_Morse: 1.32356 + L_thetaHessian: 0.26472 + L_thetaNeighbor: 0.00527

Weights: [7000.0, 600.0, 10.0, 50.0, 30.0, 0.0009338888888888889], lr=5.000e-05
Epoch: 0 [1320/3000 (44%)] Loss: 15.63886 = L_Mnfld: 8.32179 + L_NonMnfld: 0.03727 + L_Eknl: 4.46319 + L_Morse: 0.00125 + L_thetaHessian: 2.64282 + L_thetaNeighbor: 0.17253
Epoch: 0 [1320/3000 (44%)] Unweighted L_s : L_Mnfld: 0.00119 + L_NonMnfld: 0.00006 + L_Eknl: 0.08926 + L_Morse: 1.33785 + L_thetaHessian: 0.26428 + L_thetaNeighbor: 0.00575

Weights: [7000.0, 600.0, 10.0, 50.0, 30.0, 0.0009283333333333334], lr=5.000e-05
Epoch: 0 [1330/3000 (44%)] Loss: 15.87356 = L_Mnfld: 8.70993 + L_NonMnfld: 0.01533 + L_Eknl: 4.38514 + L_Morse: 0.00124 + L_thetaHessian: 2.62970 + L_thetaNeighbor: 0.13221
Epoch: 0 [1330/3000 (44%)] Unweighted L_s : L_Mnfld: 0.00124 + L_NonMnfld: 0.00003 + L_Eknl: 0.08770 + L_Morse: 1.34092 + L_thetaHessian: 0.26297 + L_thetaNeighbor: 0.00441

Weights: [7000.0, 600.0, 10.0, 50.0, 30.0, 0.0009227777777777778], lr=5.000e-05
Epoch: 0 [1340/3000 (45%)] Loss: 15.68693 = L_Mnfld: 8.47280 + L_NonMnfld: 0.03452 + L_Eknl: 4.38380 + L_Morse: 0.00124 + L_thetaHessian: 2.66188 + L_thetaNeighbor: 0.13267
Epoch: 0 [1340/3000 (45%)] Unweighted L_s : L_Mnfld: 0.00121 + L_NonMnfld: 0.00006 + L_Eknl: 0.08768 + L_Morse: 1.34901 + L_thetaHessian: 0.26619 + L_thetaNeighbor: 0.00442

Weights: [7000.0, 600.0, 10.0, 50.0, 30.0, 0.0009172222222222223], lr=5.000e-05
Epoch: 0 [1350/3000 (45%)] Loss: 15.69156 = L_Mnfld: 8.40522 + L_NonMnfld: 0.02380 + L_Eknl: 4.39481 + L_Morse: 0.00125 + L_thetaHessian: 2.66417 + L_thetaNeighbor: 0.20232
Epoch: 0 [1350/3000 (45%)] Unweighted L_s : L_Mnfld: 0.00120 + L_NonMnfld: 0.00004 + L_Eknl: 0.08790 + L_Morse: 1.35921 + L_thetaHessian: 0.26642 + L_thetaNeighbor: 0.00674

Weights: [7000.0, 600.0, 10.0, 50.0, 30.0, 0.0009116666666666667], lr=5.000e-05
Epoch: 0 [1360/3000 (45%)] Loss: 15.34083 = L_Mnfld: 8.14892 + L_NonMnfld: 0.05169 + L_Eknl: 4.45069 + L_Morse: 0.00125 + L_thetaHessian: 2.54333 + L_thetaNeighbor: 0.14496
Epoch: 0 [1360/3000 (45%)] Unweighted L_s : L_Mnfld: 0.00116 + L_NonMnfld: 0.00009 + L_Eknl: 0.08901 + L_Morse: 1.37111 + L_thetaHessian: 0.25433 + L_thetaNeighbor: 0.00483

Weights: [7000.0, 600.0, 10.0, 50.0, 30.0, 0.0009061111111111112], lr=5.000e-05
Epoch: 0 [1370/3000 (46%)] Loss: 16.01767 = L_Mnfld: 8.82101 + L_NonMnfld: 0.01189 + L_Eknl: 4.37628 + L_Morse: 0.00125 + L_thetaHessian: 2.64176 + L_thetaNeighbor: 0.16547
Epoch: 0 [1370/3000 (46%)] Unweighted L_s : L_Mnfld: 0.00126 + L_NonMnfld: 0.00002 + L_Eknl: 0.08753 + L_Morse: 1.37590 + L_thetaHessian: 0.26418 + L_thetaNeighbor: 0.00552

Weights: [7000.0, 600.0, 10.0, 50.0, 30.0, 0.0009005555555555556], lr=5.000e-05
Epoch: 0 [1380/3000 (46%)] Loss: 15.68314 = L_Mnfld: 8.53476 + L_NonMnfld: 0.01901 + L_Eknl: 4.30497 + L_Morse: 0.00124 + L_thetaHessian: 2.64685 + L_thetaNeighbor: 0.17630
Epoch: 0 [1380/3000 (46%)] Unweighted L_s : L_Mnfld: 0.00122 + L_NonMnfld: 0.00003 + L_Eknl: 0.08610 + L_Morse: 1.38239 + L_thetaHessian: 0.26468 + L_thetaNeighbor: 0.00588

Weights: [7000.0, 600.0, 10.0, 50.0, 30.0, 0.000895], lr=5.000e-05
Epoch: 0 [1390/3000 (46%)] Loss: 15.41006 = L_Mnfld: 8.30526 + L_NonMnfld: 0.00847 + L_Eknl: 4.30132 + L_Morse: 0.00124 + L_thetaHessian: 2.55799 + L_thetaNeighbor: 0.23578
Epoch: 0 [1390/3000 (46%)] Unweighted L_s : L_Mnfld: 0.00119 + L_NonMnfld: 0.00001 + L_Eknl: 0.08603 + L_Morse: 1.38168 + L_thetaHessian: 0.25580 + L_thetaNeighbor: 0.00786

Weights: [7000.0, 600.0, 10.0, 50.0, 30.0, 0.0008894444444444445], lr=5.000e-05
Epoch: 0 [1400/3000 (47%)] Loss: 15.52278 = L_Mnfld: 8.54304 + L_NonMnfld: 0.01945 + L_Eknl: 4.28942 + L_Morse: 0.00124 + L_thetaHessian: 2.53091 + L_thetaNeighbor: 0.13871
Epoch: 0 [1400/3000 (47%)] Unweighted L_s : L_Mnfld: 0.00122 + L_NonMnfld: 0.00003 + L_Eknl: 0.08579 + L_Morse: 1.39417 + L_thetaHessian: 0.25309 + L_thetaNeighbor: 0.00462

Weights: [7000.0, 600.0, 10.0, 50.0, 30.0, 0.0008838888888888889], lr=5.000e-05
Epoch: 0 [1410/3000 (47%)] Loss: 15.54695 = L_Mnfld: 8.63227 + L_NonMnfld: 0.01335 + L_Eknl: 4.28795 + L_Morse: 0.00124 + L_thetaHessian: 2.47939 + L_thetaNeighbor: 0.13275
Epoch: 0 [1410/3000 (47%)] Unweighted L_s : L_Mnfld: 0.00123 + L_NonMnfld: 0.00002 + L_Eknl: 0.08576 + L_Morse: 1.39942 + L_thetaHessian: 0.24794 + L_thetaNeighbor: 0.00443

Weights: [7000.0, 600.0, 10.0, 50.0, 30.0, 0.0008783333333333334], lr=5.000e-05
Epoch: 0 [1420/3000 (47%)] Loss: 15.40984 = L_Mnfld: 8.29908 + L_NonMnfld: 0.03729 + L_Eknl: 4.37662 + L_Morse: 0.00123 + L_thetaHessian: 2.52830 + L_thetaNeighbor: 0.16731
Epoch: 0 [1420/3000 (47%)] Unweighted L_s : L_Mnfld: 0.00119 + L_NonMnfld: 0.00006 + L_Eknl: 0.08753 + L_Morse: 1.40251 + L_thetaHessian: 0.25283 + L_thetaNeighbor: 0.00558

Weights: [7000.0, 600.0, 10.0, 50.0, 30.0, 0.0008727777777777779], lr=5.000e-05
Epoch: 0 [1430/3000 (48%)] Loss: 15.55236 = L_Mnfld: 8.57311 + L_NonMnfld: 0.02388 + L_Eknl: 4.25755 + L_Morse: 0.00122 + L_thetaHessian: 2.54782 + L_thetaNeighbor: 0.14878
Epoch: 0 [1430/3000 (48%)] Unweighted L_s : L_Mnfld: 0.00122 + L_NonMnfld: 0.00004 + L_Eknl: 0.08515 + L_Morse: 1.40354 + L_thetaHessian: 0.25478 + L_thetaNeighbor: 0.00496

Weights: [7000.0, 600.0, 10.0, 50.0, 30.0, 0.0008672222222222222], lr=5.000e-05
Epoch: 0 [1440/3000 (48%)] Loss: 15.27085 = L_Mnfld: 8.26794 + L_NonMnfld: 0.02344 + L_Eknl: 4.27608 + L_Morse: 0.00123 + L_thetaHessian: 2.50241 + L_thetaNeighbor: 0.19975
Epoch: 0 [1440/3000 (48%)] Unweighted L_s : L_Mnfld: 0.00118 + L_NonMnfld: 0.00004 + L_Eknl: 0.08552 + L_Morse: 1.41634 + L_thetaHessian: 0.25024 + L_thetaNeighbor: 0.00666

Weights: [7000.0, 600.0, 10.0, 50.0, 30.0, 0.0008616666666666667], lr=5.000e-05
Epoch: 0 [1450/3000 (48%)] Loss: 15.72519 = L_Mnfld: 8.78032 + L_NonMnfld: 0.01273 + L_Eknl: 4.19519 + L_Morse: 0.00121 + L_thetaHessian: 2.57881 + L_thetaNeighbor: 0.15694
Epoch: 0 [1450/3000 (48%)] Unweighted L_s : L_Mnfld: 0.00125 + L_NonMnfld: 0.00002 + L_Eknl: 0.08390 + L_Morse: 1.40896 + L_thetaHessian: 0.25788 + L_thetaNeighbor: 0.00523

Weights: [7000.0, 600.0, 10.0, 50.0, 30.0, 0.0008561111111111111], lr=5.000e-05
Epoch: 0 [1460/3000 (49%)] Loss: 14.91979 = L_Mnfld: 8.02705 + L_NonMnfld: 0.02127 + L_Eknl: 4.20190 + L_Morse: 0.00121 + L_thetaHessian: 2.48671 + L_thetaNeighbor: 0.18166
Epoch: 0 [1460/3000 (49%)] Unweighted L_s : L_Mnfld: 0.00115 + L_NonMnfld: 0.00004 + L_Eknl: 0.08404 + L_Morse: 1.41862 + L_thetaHessian: 0.24867 + L_thetaNeighbor: 0.00606

Weights: [7000.0, 600.0, 10.0, 50.0, 30.0, 0.0008505555555555557], lr=5.000e-05
Epoch: 0 [1470/3000 (49%)] Loss: 15.62044 = L_Mnfld: 8.56485 + L_NonMnfld: 0.02555 + L_Eknl: 4.28195 + L_Morse: 0.00121 + L_thetaHessian: 2.59733 + L_thetaNeighbor: 0.14955
Epoch: 0 [1470/3000 (49%)] Unweighted L_s : L_Mnfld: 0.00122 + L_NonMnfld: 0.00004 + L_Eknl: 0.08564 + L_Morse: 1.42455 + L_thetaHessian: 0.25973 + L_thetaNeighbor: 0.00499

Weights: [7000.0, 600.0, 10.0, 50.0, 30.0, 0.000845], lr=5.000e-05
Epoch: 0 [1480/3000 (49%)] Loss: 14.97656 = L_Mnfld: 8.07408 + L_NonMnfld: 0.01965 + L_Eknl: 4.21374 + L_Morse: 0.00122 + L_thetaHessian: 2.46516 + L_thetaNeighbor: 0.20272
Epoch: 0 [1480/3000 (49%)] Unweighted L_s : L_Mnfld: 0.00115 + L_NonMnfld: 0.00003 + L_Eknl: 0.08427 + L_Morse: 1.43948 + L_thetaHessian: 0.24652 + L_thetaNeighbor: 0.00676

Weights: [7000.0, 600.0, 10.0, 50.0, 30.0, 0.0008394444444444444], lr=5.000e-05
Epoch: 0 [1490/3000 (50%)] Loss: 15.73071 = L_Mnfld: 8.98419 + L_NonMnfld: 0.01343 + L_Eknl: 4.14696 + L_Morse: 0.00120 + L_thetaHessian: 2.43914 + L_thetaNeighbor: 0.14579
Epoch: 0 [1490/3000 (50%)] Unweighted L_s : L_Mnfld: 0.00128 + L_NonMnfld: 0.00002 + L_Eknl: 0.08294 + L_Morse: 1.43202 + L_thetaHessian: 0.24391 + L_thetaNeighbor: 0.00486

Weights: [7000.0, 600.0, 10.0, 50.0, 30.0, 0.000833888888888889], lr=5.000e-05
Epoch: 0 [1500/3000 (50%)] Loss: 14.95824 = L_Mnfld: 8.09080 + L_NonMnfld: 0.01743 + L_Eknl: 4.23045 + L_Morse: 0.00120 + L_thetaHessian: 2.45071 + L_thetaNeighbor: 0.16764
Epoch: 0 [1500/3000 (50%)] Unweighted L_s : L_Mnfld: 0.00116 + L_NonMnfld: 0.00003 + L_Eknl: 0.08461 + L_Morse: 1.44244 + L_thetaHessian: 0.24507 + L_thetaNeighbor: 0.00559

Weights: [7000.0, 600.0, 10.0, 50.0, 30.0, 0.0008283333333333334], lr=5.000e-05
Epoch: 0 [1510/3000 (50%)] Loss: 15.38736 = L_Mnfld: 8.30866 + L_NonMnfld: 0.01570 + L_Eknl: 4.29588 + L_Morse: 0.00119 + L_thetaHessian: 2.55436 + L_thetaNeighbor: 0.21157
Epoch: 0 [1510/3000 (50%)] Unweighted L_s : L_Mnfld: 0.00119 + L_NonMnfld: 0.00003 + L_Eknl: 0.08592 + L_Morse: 1.43873 + L_thetaHessian: 0.25544 + L_thetaNeighbor: 0.00705

Weights: [7000.0, 600.0, 10.0, 50.0, 30.0, 0.0008227777777777779], lr=5.000e-05
Epoch: 0 [1520/3000 (51%)] Loss: 16.29679 = L_Mnfld: 9.58409 + L_NonMnfld: 0.01652 + L_Eknl: 4.12108 + L_Morse: 0.00120 + L_thetaHessian: 2.39471 + L_thetaNeighbor: 0.17918
Epoch: 0 [1520/3000 (51%)] Unweighted L_s : L_Mnfld: 0.00137 + L_NonMnfld: 0.00003 + L_Eknl: 0.08242 + L_Morse: 1.45586 + L_thetaHessian: 0.23947 + L_thetaNeighbor: 0.00597

Weights: [7000.0, 600.0, 10.0, 50.0, 30.0, 0.0008172222222222222], lr=5.000e-05
Epoch: 0 [1530/3000 (51%)] Loss: 16.12390 = L_Mnfld: 8.98637 + L_NonMnfld: 0.02825 + L_Eknl: 4.44364 + L_Morse: 0.00119 + L_thetaHessian: 2.47223 + L_thetaNeighbor: 0.19220
Epoch: 0 [1530/3000 (51%)] Unweighted L_s : L_Mnfld: 0.00128 + L_NonMnfld: 0.00005 + L_Eknl: 0.08887 + L_Morse: 1.45623 + L_thetaHessian: 0.24722 + L_thetaNeighbor: 0.00641

Weights: [7000.0, 600.0, 10.0, 50.0, 30.0, 0.0008116666666666667], lr=5.000e-05
Epoch: 0 [1540/3000 (51%)] Loss: 18.80160 = L_Mnfld: 11.43756 + L_NonMnfld: 0.02398 + L_Eknl: 4.37846 + L_Morse: 0.00122 + L_thetaHessian: 2.71161 + L_thetaNeighbor: 0.24877
Epoch: 0 [1540/3000 (51%)] Unweighted L_s : L_Mnfld: 0.00163 + L_NonMnfld: 0.00004 + L_Eknl: 0.08757 + L_Morse: 1.50597 + L_thetaHessian: 0.27116 + L_thetaNeighbor: 0.00829

Weights: [7000.0, 600.0, 10.0, 50.0, 30.0, 0.0008061111111111112], lr=5.000e-05
Epoch: 0 [1550/3000 (52%)] Loss: 21.45658 = L_Mnfld: 13.89380 + L_NonMnfld: 0.01656 + L_Eknl: 4.30246 + L_Morse: 0.00123 + L_thetaHessian: 3.05366 + L_thetaNeighbor: 0.18887
Epoch: 0 [1550/3000 (52%)] Unweighted L_s : L_Mnfld: 0.00198 + L_NonMnfld: 0.00003 + L_Eknl: 0.08605 + L_Morse: 1.52654 + L_thetaHessian: 0.30537 + L_thetaNeighbor: 0.00630

Weights: [7000.0, 600.0, 10.0, 50.0, 30.0, 0.0008005555555555555], lr=5.000e-05
Epoch: 0 [1560/3000 (52%)] Loss: 35.45548 = L_Mnfld: 25.29399 + L_NonMnfld: 0.02388 + L_Eknl: 5.82683 + L_Morse: 0.00125 + L_thetaHessian: 3.97145 + L_thetaNeighbor: 0.33808
Epoch: 0 [1560/3000 (52%)] Unweighted L_s : L_Mnfld: 0.00361 + L_NonMnfld: 0.00004 + L_Eknl: 0.11654 + L_Morse: 1.56544 + L_thetaHessian: 0.39714 + L_thetaNeighbor: 0.01127

Weights: [7000.0, 600.0, 10.0, 50.0, 30.0, 0.000795], lr=5.000e-05
Epoch: 0 [1570/3000 (52%)] Loss: 37.01866 = L_Mnfld: 26.00346 + L_NonMnfld: 0.01436 + L_Eknl: 5.85948 + L_Morse: 0.00134 + L_thetaHessian: 4.93084 + L_thetaNeighbor: 0.20919
Epoch: 0 [1570/3000 (52%)] Unweighted L_s : L_Mnfld: 0.00371 + L_NonMnfld: 0.00002 + L_Eknl: 0.11719 + L_Morse: 1.68737 + L_thetaHessian: 0.49308 + L_thetaNeighbor: 0.00697

Weights: [7000.0, 600.0, 10.0, 50.0, 30.0, 0.0007894444444444445], lr=5.000e-05
Epoch: 0 [1580/3000 (53%)] Loss: 37.36254 = L_Mnfld: 26.13854 + L_NonMnfld: 0.01995 + L_Eknl: 5.96725 + L_Morse: 0.00133 + L_thetaHessian: 4.73896 + L_thetaNeighbor: 0.49650
Epoch: 0 [1580/3000 (53%)] Unweighted L_s : L_Mnfld: 0.00373 + L_NonMnfld: 0.00003 + L_Eknl: 0.11935 + L_Morse: 1.69047 + L_thetaHessian: 0.47390 + L_thetaNeighbor: 0.01655

Weights: [7000.0, 600.0, 10.0, 50.0, 30.0, 0.000783888888888889], lr=5.000e-05
Epoch: 0 [1590/3000 (53%)] Loss: 34.71102 = L_Mnfld: 22.60343 + L_NonMnfld: 0.04349 + L_Eknl: 6.63500 + L_Morse: 0.00136 + L_thetaHessian: 5.01359 + L_thetaNeighbor: 0.41416
Epoch: 0 [1590/3000 (53%)] Unweighted L_s : L_Mnfld: 0.00323 + L_NonMnfld: 0.00007 + L_Eknl: 0.13270 + L_Morse: 1.72859 + L_thetaHessian: 0.50136 + L_thetaNeighbor: 0.01381

Weights: [7000.0, 600.0, 10.0, 50.0, 30.0, 0.0007783333333333334], lr=5.000e-05
Epoch: 0 [1600/3000 (53%)] Loss: 30.87837 = L_Mnfld: 20.69179 + L_NonMnfld: 0.02623 + L_Eknl: 5.94709 + L_Morse: 0.00129 + L_thetaHessian: 3.97459 + L_thetaNeighbor: 0.23738
Epoch: 0 [1600/3000 (53%)] Unweighted L_s : L_Mnfld: 0.00296 + L_NonMnfld: 0.00004 + L_Eknl: 0.11894 + L_Morse: 1.65795 + L_thetaHessian: 0.39746 + L_thetaNeighbor: 0.00791

Weights: [7000.0, 600.0, 10.0, 50.0, 30.0, 0.0007727777777777778], lr=5.000e-05
Epoch: 0 [1610/3000 (54%)] Loss: 29.27375 = L_Mnfld: 19.32152 + L_NonMnfld: 0.01671 + L_Eknl: 5.89159 + L_Morse: 0.00130 + L_thetaHessian: 3.89949 + L_thetaNeighbor: 0.14315
Epoch: 0 [1610/3000 (54%)] Unweighted L_s : L_Mnfld: 0.00276 + L_NonMnfld: 0.00003 + L_Eknl: 0.11783 + L_Morse: 1.67684 + L_thetaHessian: 0.38995 + L_thetaNeighbor: 0.00477

Weights: [7000.0, 600.0, 10.0, 50.0, 30.0, 0.0007672222222222223], lr=5.000e-05
Epoch: 0 [1620/3000 (54%)] Loss: 23.66746 = L_Mnfld: 14.74567 + L_NonMnfld: 0.01737 + L_Eknl: 5.25791 + L_Morse: 0.00125 + L_thetaHessian: 3.46446 + L_thetaNeighbor: 0.18080
Epoch: 0 [1620/3000 (54%)] Unweighted L_s : L_Mnfld: 0.00211 + L_NonMnfld: 0.00003 + L_Eknl: 0.10516 + L_Morse: 1.62829 + L_thetaHessian: 0.34645 + L_thetaNeighbor: 0.00603

Weights: [7000.0, 600.0, 10.0, 50.0, 30.0, 0.0007616666666666667], lr=5.000e-05
Epoch: 0 [1630/3000 (54%)] Loss: 18.79994 = L_Mnfld: 10.70180 + L_NonMnfld: 0.01502 + L_Eknl: 4.88861 + L_Morse: 0.00122 + L_thetaHessian: 3.03422 + L_thetaNeighbor: 0.15907
Epoch: 0 [1630/3000 (54%)] Unweighted L_s : L_Mnfld: 0.00153 + L_NonMnfld: 0.00003 + L_Eknl: 0.09777 + L_Morse: 1.59528 + L_thetaHessian: 0.30342 + L_thetaNeighbor: 0.00530

Weights: [7000.0, 600.0, 10.0, 50.0, 30.0, 0.0007561111111111112], lr=5.000e-05
Epoch: 0 [1640/3000 (55%)] Loss: 16.75017 = L_Mnfld: 9.16519 + L_NonMnfld: 0.01474 + L_Eknl: 4.61226 + L_Morse: 0.00121 + L_thetaHessian: 2.80128 + L_thetaNeighbor: 0.15549
Epoch: 0 [1640/3000 (55%)] Unweighted L_s : L_Mnfld: 0.00131 + L_NonMnfld: 0.00002 + L_Eknl: 0.09225 + L_Morse: 1.60541 + L_thetaHessian: 0.28013 + L_thetaNeighbor: 0.00518

Weights: [7000.0, 600.0, 10.0, 50.0, 30.0, 0.0007505555555555556], lr=5.000e-05
Epoch: 0 [1650/3000 (55%)] Loss: 15.55198 = L_Mnfld: 8.19288 + L_NonMnfld: 0.02029 + L_Eknl: 4.59857 + L_Morse: 0.00119 + L_thetaHessian: 2.61489 + L_thetaNeighbor: 0.12416
Epoch: 0 [1650/3000 (55%)] Unweighted L_s : L_Mnfld: 0.00117 + L_NonMnfld: 0.00003 + L_Eknl: 0.09197 + L_Morse: 1.58678 + L_thetaHessian: 0.26149 + L_thetaNeighbor: 0.00414

Weights: [7000.0, 600.0, 10.0, 50.0, 30.0, 0.000745], lr=5.000e-05
Epoch: 0 [1660/3000 (55%)] Loss: 15.57071 = L_Mnfld: 8.41801 + L_NonMnfld: 0.04075 + L_Eknl: 4.44968 + L_Morse: 0.00118 + L_thetaHessian: 2.50153 + L_thetaNeighbor: 0.15955
Epoch: 0 [1660/3000 (55%)] Unweighted L_s : L_Mnfld: 0.00120 + L_NonMnfld: 0.00007 + L_Eknl: 0.08899 + L_Morse: 1.57963 + L_thetaHessian: 0.25015 + L_thetaNeighbor: 0.00532

Weights: [7000.0, 600.0, 10.0, 50.0, 30.0, 0.0007394444444444445], lr=5.000e-05
Epoch: 0 [1670/3000 (56%)] Loss: 13.81978 = L_Mnfld: 7.02674 + L_NonMnfld: 0.01985 + L_Eknl: 4.23097 + L_Morse: 0.00117 + L_thetaHessian: 2.41767 + L_thetaNeighbor: 0.12338
Epoch: 0 [1670/3000 (56%)] Unweighted L_s : L_Mnfld: 0.00100 + L_NonMnfld: 0.00003 + L_Eknl: 0.08462 + L_Morse: 1.58386 + L_thetaHessian: 0.24177 + L_thetaNeighbor: 0.00411

Weights: [7000.0, 600.0, 10.0, 50.0, 30.0, 0.000733888888888889], lr=5.000e-05
Epoch: 0 [1680/3000 (56%)] Loss: 14.27501 = L_Mnfld: 7.53637 + L_NonMnfld: 0.03031 + L_Eknl: 4.19664 + L_Morse: 0.00117 + L_thetaHessian: 2.34741 + L_thetaNeighbor: 0.16311
Epoch: 0 [1680/3000 (56%)] Unweighted L_s : L_Mnfld: 0.00108 + L_NonMnfld: 0.00005 + L_Eknl: 0.08393 + L_Morse: 1.59769 + L_thetaHessian: 0.23474 + L_thetaNeighbor: 0.00544

Weights: [7000.0, 600.0, 10.0, 50.0, 30.0, 0.0007283333333333334], lr=5.000e-05
Epoch: 0 [1690/3000 (56%)] Loss: 13.92980 = L_Mnfld: 7.25609 + L_NonMnfld: 0.01912 + L_Eknl: 4.21754 + L_Morse: 0.00116 + L_thetaHessian: 2.31013 + L_thetaNeighbor: 0.12576
Epoch: 0 [1690/3000 (56%)] Unweighted L_s : L_Mnfld: 0.00104 + L_NonMnfld: 0.00003 + L_Eknl: 0.08435 + L_Morse: 1.58849 + L_thetaHessian: 0.23101 + L_thetaNeighbor: 0.00419

Weights: [7000.0, 600.0, 10.0, 50.0, 30.0, 0.0007227777777777778], lr=5.000e-05
Epoch: 0 [1700/3000 (57%)] Loss: 14.00603 = L_Mnfld: 7.24448 + L_NonMnfld: 0.05381 + L_Eknl: 4.29442 + L_Morse: 0.00114 + L_thetaHessian: 2.27815 + L_thetaNeighbor: 0.13402
Epoch: 0 [1700/3000 (57%)] Unweighted L_s : L_Mnfld: 0.00103 + L_NonMnfld: 0.00009 + L_Eknl: 0.08589 + L_Morse: 1.58200 + L_thetaHessian: 0.22782 + L_thetaNeighbor: 0.00447

Weights: [7000.0, 600.0, 10.0, 50.0, 30.0, 0.0007172222222222223], lr=5.000e-05
Epoch: 0 [1710/3000 (57%)] Loss: 13.04274 = L_Mnfld: 6.44020 + L_NonMnfld: 0.01436 + L_Eknl: 4.18875 + L_Morse: 0.00114 + L_thetaHessian: 2.27392 + L_thetaNeighbor: 0.12438
Epoch: 0 [1710/3000 (57%)] Unweighted L_s : L_Mnfld: 0.00092 + L_NonMnfld: 0.00002 + L_Eknl: 0.08377 + L_Morse: 1.58603 + L_thetaHessian: 0.22739 + L_thetaNeighbor: 0.00415

Weights: [7000.0, 600.0, 10.0, 50.0, 30.0, 0.0007116666666666669], lr=5.000e-05
Epoch: 0 [1720/3000 (57%)] Loss: 13.80252 = L_Mnfld: 7.28247 + L_NonMnfld: 0.02309 + L_Eknl: 4.09765 + L_Morse: 0.00114 + L_thetaHessian: 2.24567 + L_thetaNeighbor: 0.15250
Epoch: 0 [1720/3000 (57%)] Unweighted L_s : L_Mnfld: 0.00104 + L_NonMnfld: 0.00004 + L_Eknl: 0.08195 + L_Morse: 1.59606 + L_thetaHessian: 0.22457 + L_thetaNeighbor: 0.00508

Weights: [7000.0, 600.0, 10.0, 50.0, 30.0, 0.0007061111111111111], lr=5.000e-05
Epoch: 0 [1730/3000 (58%)] Loss: 12.96565 = L_Mnfld: 6.50351 + L_NonMnfld: 0.01865 + L_Eknl: 4.08072 + L_Morse: 0.00112 + L_thetaHessian: 2.21487 + L_thetaNeighbor: 0.14678
Epoch: 0 [1730/3000 (58%)] Unweighted L_s : L_Mnfld: 0.00093 + L_NonMnfld: 0.00003 + L_Eknl: 0.08161 + L_Morse: 1.58847 + L_thetaHessian: 0.22149 + L_thetaNeighbor: 0.00489

Weights: [7000.0, 600.0, 10.0, 50.0, 30.0, 0.0007005555555555556], lr=5.000e-05
Epoch: 0 [1740/3000 (58%)] Loss: 13.57924 = L_Mnfld: 7.06469 + L_NonMnfld: 0.02298 + L_Eknl: 4.15951 + L_Morse: 0.00111 + L_thetaHessian: 2.18341 + L_thetaNeighbor: 0.14754
Epoch: 0 [1740/3000 (58%)] Unweighted L_s : L_Mnfld: 0.00101 + L_NonMnfld: 0.00004 + L_Eknl: 0.08319 + L_Morse: 1.58227 + L_thetaHessian: 0.21834 + L_thetaNeighbor: 0.00492

Weights: [7000.0, 600.0, 10.0, 50.0, 30.0, 0.0006950000000000001], lr=5.000e-05
Epoch: 0 [1750/3000 (58%)] Loss: 12.58270 = L_Mnfld: 6.13758 + L_NonMnfld: 0.01077 + L_Eknl: 4.12739 + L_Morse: 0.00110 + L_thetaHessian: 2.17418 + L_thetaNeighbor: 0.13167
Epoch: 0 [1750/3000 (58%)] Unweighted L_s : L_Mnfld: 0.00088 + L_NonMnfld: 0.00002 + L_Eknl: 0.08255 + L_Morse: 1.58980 + L_thetaHessian: 0.21742 + L_thetaNeighbor: 0.00439

Weights: [7000.0, 600.0, 10.0, 50.0, 30.0, 0.0006894444444444443], lr=5.000e-05
Epoch: 0 [1760/3000 (59%)] Loss: 13.66117 = L_Mnfld: 7.18658 + L_NonMnfld: 0.01989 + L_Eknl: 4.18714 + L_Morse: 0.00110 + L_thetaHessian: 2.13181 + L_thetaNeighbor: 0.13464
Epoch: 0 [1760/3000 (59%)] Unweighted L_s : L_Mnfld: 0.00103 + L_NonMnfld: 0.00003 + L_Eknl: 0.08374 + L_Morse: 1.59541 + L_thetaHessian: 0.21318 + L_thetaNeighbor: 0.00449

Weights: [7000.0, 600.0, 10.0, 50.0, 30.0, 0.0006838888888888889], lr=5.000e-05
Epoch: 0 [1770/3000 (59%)] Loss: 12.29968 = L_Mnfld: 5.97388 + L_NonMnfld: 0.01544 + L_Eknl: 4.03885 + L_Morse: 0.00109 + L_thetaHessian: 2.13198 + L_thetaNeighbor: 0.13845
Epoch: 0 [1770/3000 (59%)] Unweighted L_s : L_Mnfld: 0.00085 + L_NonMnfld: 0.00003 + L_Eknl: 0.08078 + L_Morse: 1.59239 + L_thetaHessian: 0.21320 + L_thetaNeighbor: 0.00461

Weights: [7000.0, 600.0, 10.0, 50.0, 30.0, 0.0006783333333333334], lr=5.000e-05
Epoch: 0 [1780/3000 (59%)] Loss: 13.31080 = L_Mnfld: 6.90472 + L_NonMnfld: 0.02929 + L_Eknl: 4.11044 + L_Morse: 0.00108 + L_thetaHessian: 2.13519 + L_thetaNeighbor: 0.13007
Epoch: 0 [1780/3000 (59%)] Unweighted L_s : L_Mnfld: 0.00099 + L_NonMnfld: 0.00005 + L_Eknl: 0.08221 + L_Morse: 1.58529 + L_thetaHessian: 0.21352 + L_thetaNeighbor: 0.00434

Weights: [7000.0, 600.0, 10.0, 50.0, 30.0, 0.0006727777777777778], lr=5.000e-05
Epoch: 0 [1790/3000 (60%)] Loss: 12.28439 = L_Mnfld: 5.96481 + L_NonMnfld: 0.02390 + L_Eknl: 4.04668 + L_Morse: 0.00107 + L_thetaHessian: 2.11526 + L_thetaNeighbor: 0.13267
Epoch: 0 [1790/3000 (60%)] Unweighted L_s : L_Mnfld: 0.00085 + L_NonMnfld: 0.00004 + L_Eknl: 0.08093 + L_Morse: 1.58857 + L_thetaHessian: 0.21153 + L_thetaNeighbor: 0.00442

Weights: [7000.0, 600.0, 10.0, 50.0, 30.0, 0.0006672222222222223], lr=5.000e-05
Epoch: 0 [1800/3000 (60%)] Loss: 13.39914 = L_Mnfld: 7.05883 + L_NonMnfld: 0.02474 + L_Eknl: 4.06926 + L_Morse: 0.00107 + L_thetaHessian: 2.11232 + L_thetaNeighbor: 0.13291
Epoch: 0 [1800/3000 (60%)] Unweighted L_s : L_Mnfld: 0.00101 + L_NonMnfld: 0.00004 + L_Eknl: 0.08139 + L_Morse: 1.59720 + L_thetaHessian: 0.21123 + L_thetaNeighbor: 0.00443

Weights: [7000.0, 600.0, 10.0, 50.0, 30.0, 0.0006616666666666667], lr=5.000e-05
Epoch: 0 [1810/3000 (60%)] Loss: 12.14983 = L_Mnfld: 5.86832 + L_NonMnfld: 0.01585 + L_Eknl: 4.07071 + L_Morse: 0.00105 + L_thetaHessian: 2.05718 + L_thetaNeighbor: 0.13671
Epoch: 0 [1810/3000 (60%)] Unweighted L_s : L_Mnfld: 0.00084 + L_NonMnfld: 0.00003 + L_Eknl: 0.08141 + L_Morse: 1.58958 + L_thetaHessian: 0.20572 + L_thetaNeighbor: 0.00456

Weights: [7000.0, 600.0, 10.0, 50.0, 30.0, 0.0006561111111111112], lr=5.000e-05
Epoch: 0 [1820/3000 (61%)] Loss: 13.24413 = L_Mnfld: 6.92345 + L_NonMnfld: 0.02717 + L_Eknl: 4.01306 + L_Morse: 0.00104 + L_thetaHessian: 2.11866 + L_thetaNeighbor: 0.16074
Epoch: 0 [1820/3000 (61%)] Unweighted L_s : L_Mnfld: 0.00099 + L_NonMnfld: 0.00005 + L_Eknl: 0.08026 + L_Morse: 1.59241 + L_thetaHessian: 0.21187 + L_thetaNeighbor: 0.00536

Weights: [7000.0, 600.0, 10.0, 50.0, 30.0, 0.0006505555555555555], lr=5.000e-05
Epoch: 0 [1830/3000 (61%)] Loss: 12.10650 = L_Mnfld: 5.82825 + L_NonMnfld: 0.01481 + L_Eknl: 4.02264 + L_Morse: 0.00104 + L_thetaHessian: 2.10278 + L_thetaNeighbor: 0.13698
Epoch: 0 [1830/3000 (61%)] Unweighted L_s : L_Mnfld: 0.00083 + L_NonMnfld: 0.00002 + L_Eknl: 0.08045 + L_Morse: 1.59129 + L_thetaHessian: 0.21028 + L_thetaNeighbor: 0.00457

Weights: [7000.0, 600.0, 10.0, 50.0, 30.0, 0.0006450000000000001], lr=5.000e-05
Epoch: 0 [1840/3000 (61%)] Loss: 13.10351 = L_Mnfld: 6.83646 + L_NonMnfld: 0.01770 + L_Eknl: 4.08187 + L_Morse: 0.00103 + L_thetaHessian: 2.03362 + L_thetaNeighbor: 0.13284
Epoch: 0 [1840/3000 (61%)] Unweighted L_s : L_Mnfld: 0.00098 + L_NonMnfld: 0.00003 + L_Eknl: 0.08164 + L_Morse: 1.59714 + L_thetaHessian: 0.20336 + L_thetaNeighbor: 0.00443

Weights: [7000.0, 600.0, 10.0, 50.0, 30.0, 0.0006394444444444445], lr=5.000e-05
Epoch: 0 [1850/3000 (62%)] Loss: 12.17311 = L_Mnfld: 5.89113 + L_NonMnfld: 0.01587 + L_Eknl: 4.01553 + L_Morse: 0.00102 + L_thetaHessian: 2.09671 + L_thetaNeighbor: 0.15285
Epoch: 0 [1850/3000 (62%)] Unweighted L_s : L_Mnfld: 0.00084 + L_NonMnfld: 0.00003 + L_Eknl: 0.08031 + L_Morse: 1.59226 + L_thetaHessian: 0.20967 + L_thetaNeighbor: 0.00509

Weights: [7000.0, 600.0, 10.0, 50.0, 30.0, 0.0006338888888888889], lr=5.000e-05
Epoch: 0 [1860/3000 (62%)] Loss: 12.99845 = L_Mnfld: 6.77514 + L_NonMnfld: 0.02162 + L_Eknl: 3.91796 + L_Morse: 0.00101 + L_thetaHessian: 2.09420 + L_thetaNeighbor: 0.18851
Epoch: 0 [1860/3000 (62%)] Unweighted L_s : L_Mnfld: 0.00097 + L_NonMnfld: 0.00004 + L_Eknl: 0.07836 + L_Morse: 1.59308 + L_thetaHessian: 0.20942 + L_thetaNeighbor: 0.00628

Weights: [7000.0, 600.0, 10.0, 50.0, 30.0, 0.0006283333333333334], lr=5.000e-05
Epoch: 0 [1870/3000 (62%)] Loss: 11.96223 = L_Mnfld: 5.86652 + L_NonMnfld: 0.01576 + L_Eknl: 3.89632 + L_Morse: 0.00100 + L_thetaHessian: 2.02279 + L_thetaNeighbor: 0.15985
Epoch: 0 [1870/3000 (62%)] Unweighted L_s : L_Mnfld: 0.00084 + L_NonMnfld: 0.00003 + L_Eknl: 0.07793 + L_Morse: 1.58766 + L_thetaHessian: 0.20228 + L_thetaNeighbor: 0.00533

Weights: [7000.0, 600.0, 10.0, 50.0, 30.0, 0.0006227777777777779], lr=5.000e-05
Epoch: 0 [1880/3000 (63%)] Loss: 13.05054 = L_Mnfld: 6.76374 + L_NonMnfld: 0.02048 + L_Eknl: 4.03588 + L_Morse: 0.00099 + L_thetaHessian: 2.08798 + L_thetaNeighbor: 0.14146
Epoch: 0 [1880/3000 (63%)] Unweighted L_s : L_Mnfld: 0.00097 + L_NonMnfld: 0.00003 + L_Eknl: 0.08072 + L_Morse: 1.59694 + L_thetaHessian: 0.20880 + L_thetaNeighbor: 0.00472

Weights: [7000.0, 600.0, 10.0, 50.0, 30.0, 0.0006172222222222221], lr=5.000e-05
Epoch: 0 [1890/3000 (63%)] Loss: 11.94134 = L_Mnfld: 5.75796 + L_NonMnfld: 0.01244 + L_Eknl: 3.98435 + L_Morse: 0.00098 + L_thetaHessian: 2.02744 + L_thetaNeighbor: 0.15817
Epoch: 0 [1890/3000 (63%)] Unweighted L_s : L_Mnfld: 0.00082 + L_NonMnfld: 0.00002 + L_Eknl: 0.07969 + L_Morse: 1.59133 + L_thetaHessian: 0.20274 + L_thetaNeighbor: 0.00527

Weights: [7000.0, 600.0, 10.0, 50.0, 30.0, 0.0006116666666666666], lr=5.000e-05
Epoch: 0 [1900/3000 (63%)] Loss: 12.80183 = L_Mnfld: 6.73300 + L_NonMnfld: 0.03277 + L_Eknl: 3.86164 + L_Morse: 0.00098 + L_thetaHessian: 2.00992 + L_thetaNeighbor: 0.16352
Epoch: 0 [1900/3000 (63%)] Unweighted L_s : L_Mnfld: 0.00096 + L_NonMnfld: 0.00005 + L_Eknl: 0.07723 + L_Morse: 1.59827 + L_thetaHessian: 0.20099 + L_thetaNeighbor: 0.00545

Weights: [7000.0, 600.0, 10.0, 50.0, 30.0, 0.0006061111111111112], lr=5.000e-05
Epoch: 0 [1910/3000 (64%)] Loss: 11.95146 = L_Mnfld: 5.88245 + L_NonMnfld: 0.01459 + L_Eknl: 3.86255 + L_Morse: 0.00096 + L_thetaHessian: 2.01821 + L_thetaNeighbor: 0.17270
Epoch: 0 [1910/3000 (64%)] Unweighted L_s : L_Mnfld: 0.00084 + L_NonMnfld: 0.00002 + L_Eknl: 0.07725 + L_Morse: 1.59146 + L_thetaHessian: 0.20182 + L_thetaNeighbor: 0.00576

Weights: [7000.0, 600.0, 10.0, 50.0, 30.0, 0.0006005555555555556], lr=5.000e-05
Epoch: 0 [1920/3000 (64%)] Loss: 12.64105 = L_Mnfld: 6.64196 + L_NonMnfld: 0.01790 + L_Eknl: 3.83064 + L_Morse: 0.00096 + L_thetaHessian: 1.99182 + L_thetaNeighbor: 0.15777
Epoch: 0 [1920/3000 (64%)] Unweighted L_s : L_Mnfld: 0.00095 + L_NonMnfld: 0.00003 + L_Eknl: 0.07661 + L_Morse: 1.60066 + L_thetaHessian: 0.19918 + L_thetaNeighbor: 0.00526

Weights: [7000.0, 600.0, 10.0, 50.0, 30.0, 0.000595], lr=5.000e-05
Epoch: 0 [1930/3000 (64%)] Loss: 11.98105 = L_Mnfld: 5.93669 + L_NonMnfld: 0.01929 + L_Eknl: 3.86176 + L_Morse: 0.00095 + L_thetaHessian: 1.98023 + L_thetaNeighbor: 0.18214
Epoch: 0 [1930/3000 (64%)] Unweighted L_s : L_Mnfld: 0.00085 + L_NonMnfld: 0.00003 + L_Eknl: 0.07724 + L_Morse: 1.59486 + L_thetaHessian: 0.19802 + L_thetaNeighbor: 0.00607

Weights: [7000.0, 600.0, 10.0, 50.0, 30.0, 0.0005894444444444445], lr=5.000e-05
Epoch: 0 [1940/3000 (65%)] Loss: 12.43748 = L_Mnfld: 6.40301 + L_NonMnfld: 0.01895 + L_Eknl: 3.83805 + L_Morse: 0.00094 + L_thetaHessian: 2.01509 + L_thetaNeighbor: 0.16144
Epoch: 0 [1940/3000 (65%)] Unweighted L_s : L_Mnfld: 0.00091 + L_NonMnfld: 0.00003 + L_Eknl: 0.07676 + L_Morse: 1.59964 + L_thetaHessian: 0.20151 + L_thetaNeighbor: 0.00538

Weights: [7000.0, 600.0, 10.0, 50.0, 30.0, 0.000583888888888889], lr=5.000e-05
Epoch: 0 [1950/3000 (65%)] Loss: 11.89475 = L_Mnfld: 5.88049 + L_NonMnfld: 0.01545 + L_Eknl: 3.89177 + L_Morse: 0.00093 + L_thetaHessian: 1.97159 + L_thetaNeighbor: 0.13452
Epoch: 0 [1950/3000 (65%)] Unweighted L_s : L_Mnfld: 0.00084 + L_NonMnfld: 0.00003 + L_Eknl: 0.07784 + L_Morse: 1.59427 + L_thetaHessian: 0.19716 + L_thetaNeighbor: 0.00448

Weights: [7000.0, 600.0, 10.0, 50.0, 30.0, 0.0005783333333333333], lr=5.000e-05
Epoch: 0 [1960/3000 (65%)] Loss: 12.44973 = L_Mnfld: 6.44603 + L_NonMnfld: 0.02123 + L_Eknl: 3.88403 + L_Morse: 0.00093 + L_thetaHessian: 1.94136 + L_thetaNeighbor: 0.15616
Epoch: 0 [1960/3000 (65%)] Unweighted L_s : L_Mnfld: 0.00092 + L_NonMnfld: 0.00004 + L_Eknl: 0.07768 + L_Morse: 1.60358 + L_thetaHessian: 0.19414 + L_thetaNeighbor: 0.00521

Weights: [7000.0, 600.0, 10.0, 50.0, 30.0, 0.0005727777777777778], lr=5.000e-05
Epoch: 0 [1970/3000 (66%)] Loss: 11.84520 = L_Mnfld: 5.97109 + L_NonMnfld: 0.02170 + L_Eknl: 3.76783 + L_Morse: 0.00092 + L_thetaHessian: 1.92280 + L_thetaNeighbor: 0.16087
Epoch: 0 [1970/3000 (66%)] Unweighted L_s : L_Mnfld: 0.00085 + L_NonMnfld: 0.00004 + L_Eknl: 0.07536 + L_Morse: 1.59820 + L_thetaHessian: 0.19228 + L_thetaNeighbor: 0.00536

Weights: [7000.0, 600.0, 10.0, 50.0, 30.0, 0.0005672222222222223], lr=5.000e-05
Epoch: 0 [1980/3000 (66%)] Loss: 12.45664 = L_Mnfld: 6.35181 + L_NonMnfld: 0.01160 + L_Eknl: 3.98424 + L_Morse: 0.00091 + L_thetaHessian: 1.95871 + L_thetaNeighbor: 0.14938
Epoch: 0 [1980/3000 (66%)] Unweighted L_s : L_Mnfld: 0.00091 + L_NonMnfld: 0.00002 + L_Eknl: 0.07968 + L_Morse: 1.60252 + L_thetaHessian: 0.19587 + L_thetaNeighbor: 0.00498

Weights: [7000.0, 600.0, 10.0, 50.0, 30.0, 0.0005616666666666667], lr=5.000e-05
Epoch: 0 [1990/3000 (66%)] Loss: 11.97507 = L_Mnfld: 6.03171 + L_NonMnfld: 0.01360 + L_Eknl: 3.85981 + L_Morse: 0.00090 + L_thetaHessian: 1.93767 + L_thetaNeighbor: 0.13138
Epoch: 0 [1990/3000 (66%)] Unweighted L_s : L_Mnfld: 0.00086 + L_NonMnfld: 0.00002 + L_Eknl: 0.07720 + L_Morse: 1.59533 + L_thetaHessian: 0.19377 + L_thetaNeighbor: 0.00438

Weights: [7000.0, 600.0, 10.0, 50.0, 30.0, 0.0005561111111111112], lr=5.000e-05
Epoch: 0 [2000/3000 (67%)] Loss: 12.24524 = L_Mnfld: 6.36507 + L_NonMnfld: 0.01704 + L_Eknl: 3.76296 + L_Morse: 0.00089 + L_thetaHessian: 1.95966 + L_thetaNeighbor: 0.13963
Epoch: 0 [2000/3000 (67%)] Unweighted L_s : L_Mnfld: 0.00091 + L_NonMnfld: 0.00003 + L_Eknl: 0.07526 + L_Morse: 1.60654 + L_thetaHessian: 0.19597 + L_thetaNeighbor: 0.00465

Weights: [7000.0, 600.0, 10.0, 50.0, 30.0, 0.0005505555555555557], lr=5.000e-05
Epoch: 0 [2010/3000 (67%)] Loss: 12.01315 = L_Mnfld: 6.08896 + L_NonMnfld: 0.01233 + L_Eknl: 3.81922 + L_Morse: 0.00088 + L_thetaHessian: 1.95756 + L_thetaNeighbor: 0.13419
Epoch: 0 [2010/3000 (67%)] Unweighted L_s : L_Mnfld: 0.00087 + L_NonMnfld: 0.00002 + L_Eknl: 0.07638 + L_Morse: 1.59877 + L_thetaHessian: 0.19576 + L_thetaNeighbor: 0.00447

Weights: [7000.0, 600.0, 10.0, 50.0, 30.0, 0.0005449999999999999], lr=5.000e-05
Epoch: 0 [2020/3000 (67%)] Loss: 12.15469 = L_Mnfld: 6.26592 + L_NonMnfld: 0.02849 + L_Eknl: 3.81054 + L_Morse: 0.00088 + L_thetaHessian: 1.90146 + L_thetaNeighbor: 0.14741
Epoch: 0 [2020/3000 (67%)] Unweighted L_s : L_Mnfld: 0.00090 + L_NonMnfld: 0.00005 + L_Eknl: 0.07621 + L_Morse: 1.60594 + L_thetaHessian: 0.19015 + L_thetaNeighbor: 0.00491

Weights: [7000.0, 600.0, 10.0, 50.0, 30.0, 0.0005394444444444444], lr=5.000e-05
Epoch: 0 [2030/3000 (68%)] Loss: 11.93269 = L_Mnfld: 6.12954 + L_NonMnfld: 0.00753 + L_Eknl: 3.67611 + L_Morse: 0.00086 + L_thetaHessian: 1.96398 + L_thetaNeighbor: 0.15467
Epoch: 0 [2030/3000 (68%)] Unweighted L_s : L_Mnfld: 0.00088 + L_NonMnfld: 0.00001 + L_Eknl: 0.07352 + L_Morse: 1.59692 + L_thetaHessian: 0.19640 + L_thetaNeighbor: 0.00516

Weights: [7000.0, 600.0, 10.0, 50.0, 30.0, 0.000533888888888889], lr=5.000e-05
Epoch: 0 [2040/3000 (68%)] Loss: 12.03135 = L_Mnfld: 6.09583 + L_NonMnfld: 0.01805 + L_Eknl: 3.79752 + L_Morse: 0.00086 + L_thetaHessian: 1.96408 + L_thetaNeighbor: 0.15502
Epoch: 0 [2040/3000 (68%)] Unweighted L_s : L_Mnfld: 0.00087 + L_NonMnfld: 0.00003 + L_Eknl: 0.07595 + L_Morse: 1.60546 + L_thetaHessian: 0.19641 + L_thetaNeighbor: 0.00517

Weights: [7000.0, 600.0, 10.0, 50.0, 30.0, 0.0005283333333333332], lr=5.000e-05
Epoch: 0 [2050/3000 (68%)] Loss: 11.92895 = L_Mnfld: 6.18923 + L_NonMnfld: 0.01357 + L_Eknl: 3.64951 + L_Morse: 0.00085 + L_thetaHessian: 1.92116 + L_thetaNeighbor: 0.15464
Epoch: 0 [2050/3000 (68%)] Unweighted L_s : L_Mnfld: 0.00088 + L_NonMnfld: 0.00002 + L_Eknl: 0.07299 + L_Morse: 1.60046 + L_thetaHessian: 0.19212 + L_thetaNeighbor: 0.00515

Weights: [7000.0, 600.0, 10.0, 50.0, 30.0, 0.0005227777777777778], lr=5.000e-05
Epoch: 0 [2060/3000 (69%)] Loss: 12.02732 = L_Mnfld: 6.15023 + L_NonMnfld: 0.01746 + L_Eknl: 3.81808 + L_Morse: 0.00084 + L_thetaHessian: 1.89664 + L_thetaNeighbor: 0.14408
Epoch: 0 [2060/3000 (69%)] Unweighted L_s : L_Mnfld: 0.00088 + L_NonMnfld: 0.00003 + L_Eknl: 0.07636 + L_Morse: 1.60767 + L_thetaHessian: 0.18966 + L_thetaNeighbor: 0.00480

Weights: [7000.0, 600.0, 10.0, 50.0, 30.0, 0.0005172222222222223], lr=5.000e-05
Epoch: 0 [2070/3000 (69%)] Loss: 11.97551 = L_Mnfld: 6.16477 + L_NonMnfld: 0.01836 + L_Eknl: 3.76154 + L_Morse: 0.00083 + L_thetaHessian: 1.87123 + L_thetaNeighbor: 0.15878
Epoch: 0 [2070/3000 (69%)] Unweighted L_s : L_Mnfld: 0.00088 + L_NonMnfld: 0.00003 + L_Eknl: 0.07523 + L_Morse: 1.59868 + L_thetaHessian: 0.18712 + L_thetaNeighbor: 0.00529

Weights: [7000.0, 600.0, 10.0, 50.0, 30.0, 0.0005116666666666668], lr=5.000e-05
Epoch: 0 [2080/3000 (69%)] Loss: 11.90403 = L_Mnfld: 6.16396 + L_NonMnfld: 0.05056 + L_Eknl: 3.63457 + L_Morse: 0.00082 + L_thetaHessian: 1.91332 + L_thetaNeighbor: 0.14080
Epoch: 0 [2080/3000 (69%)] Unweighted L_s : L_Mnfld: 0.00088 + L_NonMnfld: 0.00008 + L_Eknl: 0.07269 + L_Morse: 1.61026 + L_thetaHessian: 0.19133 + L_thetaNeighbor: 0.00469

Weights: [7000.0, 600.0, 10.0, 50.0, 30.0, 0.000506111111111111], lr=5.000e-05
Epoch: 0 [2090/3000 (70%)] Loss: 11.81016 = L_Mnfld: 6.06197 + L_NonMnfld: 0.01054 + L_Eknl: 3.71987 + L_Morse: 0.00081 + L_thetaHessian: 1.88093 + L_thetaNeighbor: 0.13604
Epoch: 0 [2090/3000 (70%)] Unweighted L_s : L_Mnfld: 0.00087 + L_NonMnfld: 0.00002 + L_Eknl: 0.07440 + L_Morse: 1.60137 + L_thetaHessian: 0.18809 + L_thetaNeighbor: 0.00453

Weights: [7000.0, 600.0, 10.0, 50.0, 30.0, 0.0005005555555555555], lr=5.000e-05
Epoch: 0 [2100/3000 (70%)] Loss: 11.81788 = L_Mnfld: 6.07916 + L_NonMnfld: 0.01844 + L_Eknl: 3.67885 + L_Morse: 0.00081 + L_thetaHessian: 1.85605 + L_thetaNeighbor: 0.18458
Epoch: 0 [2100/3000 (70%)] Unweighted L_s : L_Mnfld: 0.00087 + L_NonMnfld: 0.00003 + L_Eknl: 0.07358 + L_Morse: 1.60834 + L_thetaHessian: 0.18561 + L_thetaNeighbor: 0.00615

Weights: [7000.0, 600.0, 10.0, 50.0, 30.0, 0.0004950000000000001], lr=5.000e-05
Epoch: 0 [2110/3000 (70%)] Loss: 12.02538 = L_Mnfld: 6.14773 + L_NonMnfld: 0.01114 + L_Eknl: 3.78342 + L_Morse: 0.00079 + L_thetaHessian: 1.91836 + L_thetaNeighbor: 0.16394
Epoch: 0 [2110/3000 (70%)] Unweighted L_s : L_Mnfld: 0.00088 + L_NonMnfld: 0.00002 + L_Eknl: 0.07567 + L_Morse: 1.59885 + L_thetaHessian: 0.19184 + L_thetaNeighbor: 0.00546

Weights: [7000.0, 600.0, 10.0, 50.0, 30.0, 0.0004894444444444444], lr=5.000e-05
Epoch: 0 [2120/3000 (71%)] Loss: 11.88092 = L_Mnfld: 6.13749 + L_NonMnfld: 0.01732 + L_Eknl: 3.63236 + L_Morse: 0.00079 + L_thetaHessian: 1.91858 + L_thetaNeighbor: 0.17438
Epoch: 0 [2120/3000 (71%)] Unweighted L_s : L_Mnfld: 0.00088 + L_NonMnfld: 0.00003 + L_Eknl: 0.07265 + L_Morse: 1.61120 + L_thetaHessian: 0.19186 + L_thetaNeighbor: 0.00581

Weights: [7000.0, 600.0, 10.0, 50.0, 30.0, 0.00048388888888888895], lr=5.000e-05
Epoch: 0 [2130/3000 (71%)] Loss: 11.94819 = L_Mnfld: 6.20003 + L_NonMnfld: 0.00942 + L_Eknl: 3.79609 + L_Morse: 0.00078 + L_thetaHessian: 1.81238 + L_thetaNeighbor: 0.12948
Epoch: 0 [2130/3000 (71%)] Unweighted L_s : L_Mnfld: 0.00089 + L_NonMnfld: 0.00002 + L_Eknl: 0.07592 + L_Morse: 1.60250 + L_thetaHessian: 0.18124 + L_thetaNeighbor: 0.00432

Weights: [7000.0, 600.0, 10.0, 50.0, 30.0, 0.00047833333333333343], lr=5.000e-05
Epoch: 0 [2140/3000 (71%)] Loss: 11.68583 = L_Mnfld: 6.04591 + L_NonMnfld: 0.02058 + L_Eknl: 3.60384 + L_Morse: 0.00077 + L_thetaHessian: 1.86292 + L_thetaNeighbor: 0.15182
Epoch: 0 [2140/3000 (71%)] Unweighted L_s : L_Mnfld: 0.00086 + L_NonMnfld: 0.00003 + L_Eknl: 0.07208 + L_Morse: 1.61098 + L_thetaHessian: 0.18629 + L_thetaNeighbor: 0.00506

Weights: [7000.0, 600.0, 10.0, 50.0, 30.0, 0.0004727777777777778], lr=5.000e-05
Epoch: 0 [2150/3000 (72%)] Loss: 11.94037 = L_Mnfld: 6.23826 + L_NonMnfld: 0.02102 + L_Eknl: 3.59412 + L_Morse: 0.00076 + L_thetaHessian: 1.89776 + L_thetaNeighbor: 0.18845
Epoch: 0 [2150/3000 (72%)] Unweighted L_s : L_Mnfld: 0.00089 + L_NonMnfld: 0.00004 + L_Eknl: 0.07188 + L_Morse: 1.60394 + L_thetaHessian: 0.18978 + L_thetaNeighbor: 0.00628

Weights: [7000.0, 600.0, 10.0, 50.0, 30.0, 0.00046722222222222217], lr=5.000e-05
Epoch: 0 [2160/3000 (72%)] Loss: 11.80812 = L_Mnfld: 6.05732 + L_NonMnfld: 0.00954 + L_Eknl: 3.77933 + L_Morse: 0.00075 + L_thetaHessian: 1.82103 + L_thetaNeighbor: 0.14013
Epoch: 0 [2160/3000 (72%)] Unweighted L_s : L_Mnfld: 0.00087 + L_NonMnfld: 0.00002 + L_Eknl: 0.07559 + L_Morse: 1.61490 + L_thetaHessian: 0.18210 + L_thetaNeighbor: 0.00467

Weights: [7000.0, 600.0, 10.0, 50.0, 30.0, 0.00046166666666666676], lr=5.000e-05
Epoch: 0 [2170/3000 (72%)] Loss: 11.95731 = L_Mnfld: 6.32686 + L_NonMnfld: 0.01339 + L_Eknl: 3.65459 + L_Morse: 0.00074 + L_thetaHessian: 1.81687 + L_thetaNeighbor: 0.14486
Epoch: 0 [2170/3000 (72%)] Unweighted L_s : L_Mnfld: 0.00090 + L_NonMnfld: 0.00002 + L_Eknl: 0.07309 + L_Morse: 1.60338 + L_thetaHessian: 0.18169 + L_thetaNeighbor: 0.00483

Weights: [7000.0, 600.0, 10.0, 50.0, 30.0, 0.000456111111111111], lr=5.000e-05
Epoch: 0 [2180/3000 (73%)] Loss: 11.61273 = L_Mnfld: 5.92224 + L_NonMnfld: 0.01171 + L_Eknl: 3.68749 + L_Morse: 0.00074 + L_thetaHessian: 1.84612 + L_thetaNeighbor: 0.14443
Epoch: 0 [2180/3000 (73%)] Unweighted L_s : L_Mnfld: 0.00085 + L_NonMnfld: 0.00002 + L_Eknl: 0.07375 + L_Morse: 1.61311 + L_thetaHessian: 0.18461 + L_thetaNeighbor: 0.00481

Weights: [7000.0, 600.0, 10.0, 50.0, 30.0, 0.0004505555555555555], lr=5.000e-05
Epoch: 0 [2190/3000 (73%)] Loss: 12.05502 = L_Mnfld: 6.27124 + L_NonMnfld: 0.01701 + L_Eknl: 3.73615 + L_Morse: 0.00072 + L_thetaHessian: 1.87971 + L_thetaNeighbor: 0.15019
Epoch: 0 [2190/3000 (73%)] Unweighted L_s : L_Mnfld: 0.00090 + L_NonMnfld: 0.00003 + L_Eknl: 0.07472 + L_Morse: 1.60369 + L_thetaHessian: 0.18797 + L_thetaNeighbor: 0.00501

Weights: [7000.0, 600.0, 10.0, 50.0, 30.0, 0.0004450000000000001], lr=5.000e-05
Epoch: 0 [2200/3000 (73%)] Loss: 11.63344 = L_Mnfld: 5.92766 + L_NonMnfld: 0.01222 + L_Eknl: 3.69946 + L_Morse: 0.00072 + L_thetaHessian: 1.86290 + L_thetaNeighbor: 0.13049
Epoch: 0 [2200/3000 (73%)] Unweighted L_s : L_Mnfld: 0.00085 + L_NonMnfld: 0.00002 + L_Eknl: 0.07399 + L_Morse: 1.61279 + L_thetaHessian: 0.18629 + L_thetaNeighbor: 0.00435

Weights: [7000.0, 600.0, 10.0, 50.0, 30.0, 0.00043944444444444456], lr=5.000e-05
Epoch: 0 [2210/3000 (74%)] Loss: 11.98405 = L_Mnfld: 6.30594 + L_NonMnfld: 0.01481 + L_Eknl: 3.67438 + L_Morse: 0.00070 + L_thetaHessian: 1.85812 + L_thetaNeighbor: 0.13010
Epoch: 0 [2210/3000 (74%)] Unweighted L_s : L_Mnfld: 0.00090 + L_NonMnfld: 0.00002 + L_Eknl: 0.07349 + L_Morse: 1.60025 + L_thetaHessian: 0.18581 + L_thetaNeighbor: 0.00434

Weights: [7000.0, 600.0, 10.0, 50.0, 30.0, 0.00043388888888888893], lr=5.000e-05
Epoch: 0 [2220/3000 (74%)] Loss: 11.79158 = L_Mnfld: 6.03037 + L_NonMnfld: 0.01776 + L_Eknl: 3.76831 + L_Morse: 0.00070 + L_thetaHessian: 1.80961 + L_thetaNeighbor: 0.16483
Epoch: 0 [2220/3000 (74%)] Unweighted L_s : L_Mnfld: 0.00086 + L_NonMnfld: 0.00003 + L_Eknl: 0.07537 + L_Morse: 1.61142 + L_thetaHessian: 0.18096 + L_thetaNeighbor: 0.00549

Weights: [7000.0, 600.0, 10.0, 50.0, 30.0, 0.0004283333333333333], lr=5.000e-05
Epoch: 0 [2230/3000 (74%)] Loss: 12.04103 = L_Mnfld: 6.31725 + L_NonMnfld: 0.00849 + L_Eknl: 3.70473 + L_Morse: 0.00069 + L_thetaHessian: 1.86561 + L_thetaNeighbor: 0.14426
Epoch: 0 [2230/3000 (74%)] Unweighted L_s : L_Mnfld: 0.00090 + L_NonMnfld: 0.00001 + L_Eknl: 0.07409 + L_Morse: 1.60033 + L_thetaHessian: 0.18656 + L_thetaNeighbor: 0.00481

Weights: [7000.0, 600.0, 10.0, 50.0, 30.0, 0.0004227777777777779], lr=5.000e-05
Epoch: 0 [2240/3000 (75%)] Loss: 11.34056 = L_Mnfld: 5.76150 + L_NonMnfld: 0.02509 + L_Eknl: 3.63877 + L_Morse: 0.00068 + L_thetaHessian: 1.76656 + L_thetaNeighbor: 0.14797
Epoch: 0 [2240/3000 (75%)] Unweighted L_s : L_Mnfld: 0.00082 + L_NonMnfld: 0.00004 + L_Eknl: 0.07278 + L_Morse: 1.62004 + L_thetaHessian: 0.17666 + L_thetaNeighbor: 0.00493

Weights: [7000.0, 600.0, 10.0, 50.0, 30.0, 0.00041722222222222215], lr=5.000e-05
Epoch: 0 [2250/3000 (75%)] Loss: 11.93324 = L_Mnfld: 6.43324 + L_NonMnfld: 0.01146 + L_Eknl: 3.59492 + L_Morse: 0.00067 + L_thetaHessian: 1.74209 + L_thetaNeighbor: 0.15086
Epoch: 0 [2250/3000 (75%)] Unweighted L_s : L_Mnfld: 0.00092 + L_NonMnfld: 0.00002 + L_Eknl: 0.07190 + L_Morse: 1.60772 + L_thetaHessian: 0.17421 + L_thetaNeighbor: 0.00503

Weights: [7000.0, 600.0, 10.0, 50.0, 30.0, 0.00041166666666666673], lr=5.000e-05
Epoch: 0 [2260/3000 (75%)] Loss: 11.66310 = L_Mnfld: 5.78652 + L_NonMnfld: 0.01863 + L_Eknl: 3.82207 + L_Morse: 0.00067 + L_thetaHessian: 1.85543 + L_thetaNeighbor: 0.17978
Epoch: 0 [2260/3000 (75%)] Unweighted L_s : L_Mnfld: 0.00083 + L_NonMnfld: 0.00003 + L_Eknl: 0.07644 + L_Morse: 1.61575 + L_thetaHessian: 0.18554 + L_thetaNeighbor: 0.00599

Weights: [7000.0, 600.0, 10.0, 50.0, 30.0, 0.0004061111111111112], lr=5.000e-05
Epoch: 0 [2270/3000 (76%)] Loss: 12.09375 = L_Mnfld: 6.40397 + L_NonMnfld: 0.03133 + L_Eknl: 3.72990 + L_Morse: 0.00065 + L_thetaHessian: 1.78256 + L_thetaNeighbor: 0.14535
Epoch: 0 [2270/3000 (76%)] Unweighted L_s : L_Mnfld: 0.00091 + L_NonMnfld: 0.00005 + L_Eknl: 0.07460 + L_Morse: 1.60430 + L_thetaHessian: 0.17826 + L_thetaNeighbor: 0.00484

Weights: [7000.0, 600.0, 10.0, 50.0, 30.0, 0.0004005555555555555], lr=5.000e-05
Epoch: 0 [2280/3000 (76%)] Loss: 11.32822 = L_Mnfld: 5.74099 + L_NonMnfld: 0.01015 + L_Eknl: 3.63853 + L_Morse: 0.00065 + L_thetaHessian: 1.77729 + L_thetaNeighbor: 0.16062
Epoch: 0 [2280/3000 (76%)] Unweighted L_s : L_Mnfld: 0.00082 + L_NonMnfld: 0.00002 + L_Eknl: 0.07277 + L_Morse: 1.61770 + L_thetaHessian: 0.17773 + L_thetaNeighbor: 0.00535

Weights: [7000.0, 600.0, 10.0, 50.0, 30.0, 0.00039500000000000006], lr=5.000e-05
Epoch: 0 [2290/3000 (76%)] Loss: 12.07084 = L_Mnfld: 6.48916 + L_NonMnfld: 0.01982 + L_Eknl: 3.64514 + L_Morse: 0.00064 + L_thetaHessian: 1.75849 + L_thetaNeighbor: 0.15760
Epoch: 0 [2290/3000 (76%)] Unweighted L_s : L_Mnfld: 0.00093 + L_NonMnfld: 0.00003 + L_Eknl: 0.07290 + L_Morse: 1.60773 + L_thetaHessian: 0.17585 + L_thetaNeighbor: 0.00525

Weights: [7000.0, 600.0, 10.0, 50.0, 30.0, 0.00038944444444444443], lr=5.000e-05
Epoch: 0 [2300/3000 (77%)] Loss: 11.16980 = L_Mnfld: 5.60098 + L_NonMnfld: 0.01097 + L_Eknl: 3.64880 + L_Morse: 0.00063 + L_thetaHessian: 1.75931 + L_thetaNeighbor: 0.14911
Epoch: 0 [2300/3000 (77%)] Unweighted L_s : L_Mnfld: 0.00080 + L_NonMnfld: 0.00002 + L_Eknl: 0.07298 + L_Morse: 1.61402 + L_thetaHessian: 0.17593 + L_thetaNeighbor: 0.00497

Weights: [7000.0, 600.0, 10.0, 50.0, 30.0, 0.0003838888888888888], lr=5.000e-05
Epoch: 0 [2310/3000 (77%)] Loss: 12.15537 = L_Mnfld: 6.48419 + L_NonMnfld: 0.01116 + L_Eknl: 3.68438 + L_Morse: 0.00062 + L_thetaHessian: 1.77423 + L_thetaNeighbor: 0.20079
Epoch: 0 [2310/3000 (77%)] Unweighted L_s : L_Mnfld: 0.00093 + L_NonMnfld: 0.00002 + L_Eknl: 0.07369 + L_Morse: 1.60558 + L_thetaHessian: 0.17742 + L_thetaNeighbor: 0.00669

Weights: [7000.0, 600.0, 10.0, 50.0, 30.0, 0.0003783333333333333], lr=5.000e-05
Epoch: 0 [2320/3000 (77%)] Loss: 11.54868 = L_Mnfld: 5.81123 + L_NonMnfld: 0.01331 + L_Eknl: 3.73698 + L_Morse: 0.00061 + L_thetaHessian: 1.83599 + L_thetaNeighbor: 0.15055
Epoch: 0 [2320/3000 (77%)] Unweighted L_s : L_Mnfld: 0.00083 + L_NonMnfld: 0.00002 + L_Eknl: 0.07474 + L_Morse: 1.61435 + L_thetaHessian: 0.18360 + L_thetaNeighbor: 0.00502

Weights: [7000.0, 600.0, 10.0, 50.0, 30.0, 0.00037277777777777786], lr=5.000e-05
Epoch: 0 [2330/3000 (78%)] Loss: 11.92482 = L_Mnfld: 6.38498 + L_NonMnfld: 0.01208 + L_Eknl: 3.64776 + L_Morse: 0.00060 + L_thetaHessian: 1.73452 + L_thetaNeighbor: 0.14488
Epoch: 0 [2330/3000 (78%)] Unweighted L_s : L_Mnfld: 0.00091 + L_NonMnfld: 0.00002 + L_Eknl: 0.07296 + L_Morse: 1.60382 + L_thetaHessian: 0.17345 + L_thetaNeighbor: 0.00483

Weights: [7000.0, 600.0, 10.0, 50.0, 30.0, 0.00036722222222222234], lr=5.000e-05
Epoch: 0 [2340/3000 (78%)] Loss: 11.28792 = L_Mnfld: 5.68020 + L_NonMnfld: 0.01061 + L_Eknl: 3.67480 + L_Morse: 0.00060 + L_thetaHessian: 1.77546 + L_thetaNeighbor: 0.14626
Epoch: 0 [2340/3000 (78%)] Unweighted L_s : L_Mnfld: 0.00081 + L_NonMnfld: 0.00002 + L_Eknl: 0.07350 + L_Morse: 1.62136 + L_thetaHessian: 0.17755 + L_thetaNeighbor: 0.00488

Weights: [7000.0, 600.0, 10.0, 50.0, 30.0, 0.0003616666666666666], lr=5.000e-05
Epoch: 0 [2350/3000 (78%)] Loss: 12.18858 = L_Mnfld: 6.50862 + L_NonMnfld: 0.01039 + L_Eknl: 3.72851 + L_Morse: 0.00058 + L_thetaHessian: 1.76829 + L_thetaNeighbor: 0.17219
Epoch: 0 [2350/3000 (78%)] Unweighted L_s : L_Mnfld: 0.00093 + L_NonMnfld: 0.00002 + L_Eknl: 0.07457 + L_Morse: 1.60266 + L_thetaHessian: 0.17683 + L_thetaNeighbor: 0.00574

Weights: [7000.0, 600.0, 10.0, 50.0, 30.0, 0.0003561111111111112], lr=5.000e-05
Epoch: 0 [2360/3000 (79%)] Loss: 11.50618 = L_Mnfld: 5.97022 + L_NonMnfld: 0.02004 + L_Eknl: 3.57240 + L_Morse: 0.00058 + L_thetaHessian: 1.76723 + L_thetaNeighbor: 0.17572
Epoch: 0 [2360/3000 (79%)] Unweighted L_s : L_Mnfld: 0.00085 + L_NonMnfld: 0.00003 + L_Eknl: 0.07145 + L_Morse: 1.61786 + L_thetaHessian: 0.17672 + L_thetaNeighbor: 0.00586

Weights: [7000.0, 600.0, 10.0, 50.0, 30.0, 0.00035055555555555556], lr=5.000e-05
Epoch: 0 [2370/3000 (79%)] Loss: 12.08207 = L_Mnfld: 6.47146 + L_NonMnfld: 0.01340 + L_Eknl: 3.66302 + L_Morse: 0.00056 + L_thetaHessian: 1.77530 + L_thetaNeighbor: 0.15833
Epoch: 0 [2370/3000 (79%)] Unweighted L_s : L_Mnfld: 0.00092 + L_NonMnfld: 0.00002 + L_Eknl: 0.07326 + L_Morse: 1.60423 + L_thetaHessian: 0.17753 + L_thetaNeighbor: 0.00528

Weights: [7000.0, 600.0, 10.0, 50.0, 30.0, 0.00034499999999999993], lr=5.000e-05
Epoch: 0 [2380/3000 (79%)] Loss: 11.49952 = L_Mnfld: 5.89208 + L_NonMnfld: 0.01144 + L_Eknl: 3.71015 + L_Morse: 0.00056 + L_thetaHessian: 1.75459 + L_thetaNeighbor: 0.13070
Epoch: 0 [2380/3000 (79%)] Unweighted L_s : L_Mnfld: 0.00084 + L_NonMnfld: 0.00002 + L_Eknl: 0.07420 + L_Morse: 1.61796 + L_thetaHessian: 0.17546 + L_thetaNeighbor: 0.00436

Weights: [7000.0, 600.0, 10.0, 50.0, 30.0, 0.0003394444444444444], lr=5.000e-05
Epoch: 0 [2390/3000 (80%)] Loss: 11.79805 = L_Mnfld: 6.41142 + L_NonMnfld: 0.00781 + L_Eknl: 3.50836 + L_Morse: 0.00054 + L_thetaHessian: 1.72644 + L_thetaNeighbor: 0.14349
Epoch: 0 [2390/3000 (80%)] Unweighted L_s : L_Mnfld: 0.00092 + L_NonMnfld: 0.00001 + L_Eknl: 0.07017 + L_Morse: 1.60433 + L_thetaHessian: 0.17264 + L_thetaNeighbor: 0.00478

Weights: [7000.0, 600.0, 10.0, 50.0, 30.0, 0.000333888888888889], lr=5.000e-05
Epoch: 0 [2400/3000 (80%)] Loss: 11.49009 = L_Mnfld: 6.03943 + L_NonMnfld: 0.01338 + L_Eknl: 3.56529 + L_Morse: 0.00054 + L_thetaHessian: 1.70287 + L_thetaNeighbor: 0.16859
Epoch: 0 [2400/3000 (80%)] Unweighted L_s : L_Mnfld: 0.00086 + L_NonMnfld: 0.00002 + L_Eknl: 0.07131 + L_Morse: 1.62392 + L_thetaHessian: 0.17029 + L_thetaNeighbor: 0.00562

Weights: [7000.0, 600.0, 10.0, 50.0, 30.0, 0.00032833333333333325], lr=5.000e-05
Epoch: 0 [2410/3000 (80%)] Loss: 12.14456 = L_Mnfld: 6.51392 + L_NonMnfld: 0.02149 + L_Eknl: 3.72207 + L_Morse: 0.00053 + L_thetaHessian: 1.72697 + L_thetaNeighbor: 0.15958
Epoch: 0 [2410/3000 (80%)] Unweighted L_s : L_Mnfld: 0.00093 + L_NonMnfld: 0.00004 + L_Eknl: 0.07444 + L_Morse: 1.60618 + L_thetaHessian: 0.17270 + L_thetaNeighbor: 0.00532

Weights: [7000.0, 600.0, 10.0, 50.0, 30.0, 0.00032277777777777784], lr=5.000e-05
Epoch: 0 [2420/3000 (81%)] Loss: 11.47017 = L_Mnfld: 5.95259 + L_NonMnfld: 0.01979 + L_Eknl: 3.64461 + L_Morse: 0.00052 + L_thetaHessian: 1.68572 + L_thetaNeighbor: 0.16693
Epoch: 0 [2420/3000 (81%)] Unweighted L_s : L_Mnfld: 0.00085 + L_NonMnfld: 0.00003 + L_Eknl: 0.07289 + L_Morse: 1.60964 + L_thetaHessian: 0.16857 + L_thetaNeighbor: 0.00556

Weights: [7000.0, 600.0, 10.0, 50.0, 30.0, 0.0003172222222222223], lr=5.000e-05
Epoch: 0 [2430/3000 (81%)] Loss: 11.85111 = L_Mnfld: 6.37326 + L_NonMnfld: 0.01493 + L_Eknl: 3.54179 + L_Morse: 0.00051 + L_thetaHessian: 1.76932 + L_thetaNeighbor: 0.15130
Epoch: 0 [2430/3000 (81%)] Unweighted L_s : L_Mnfld: 0.00091 + L_NonMnfld: 0.00002 + L_Eknl: 0.07084 + L_Morse: 1.60877 + L_thetaHessian: 0.17693 + L_thetaNeighbor: 0.00504

Weights: [7000.0, 600.0, 10.0, 50.0, 30.0, 0.0003116666666666667], lr=5.000e-05
Epoch: 0 [2440/3000 (81%)] Loss: 11.57960 = L_Mnfld: 5.96786 + L_NonMnfld: 0.01239 + L_Eknl: 3.61393 + L_Morse: 0.00051 + L_thetaHessian: 1.83722 + L_thetaNeighbor: 0.14769
Epoch: 0 [2440/3000 (81%)] Unweighted L_s : L_Mnfld: 0.00085 + L_NonMnfld: 0.00002 + L_Eknl: 0.07228 + L_Morse: 1.62528 + L_thetaHessian: 0.18372 + L_thetaNeighbor: 0.00492

Weights: [7000.0, 600.0, 10.0, 50.0, 30.0, 0.00030611111111111106], lr=5.000e-05
Epoch: 0 [2450/3000 (82%)] Loss: 12.37437 = L_Mnfld: 6.74207 + L_NonMnfld: 0.01651 + L_Eknl: 3.68988 + L_Morse: 0.00049 + L_thetaHessian: 1.78115 + L_thetaNeighbor: 0.14426
Epoch: 0 [2450/3000 (82%)] Unweighted L_s : L_Mnfld: 0.00096 + L_NonMnfld: 0.00003 + L_Eknl: 0.07380 + L_Morse: 1.60722 + L_thetaHessian: 0.17812 + L_thetaNeighbor: 0.00481

Weights: [7000.0, 600.0, 10.0, 50.0, 30.0, 0.00030055555555555554], lr=5.000e-05
Epoch: 0 [2460/3000 (82%)] Loss: 11.44190 = L_Mnfld: 5.95592 + L_NonMnfld: 0.01468 + L_Eknl: 3.61891 + L_Morse: 0.00049 + L_thetaHessian: 1.72517 + L_thetaNeighbor: 0.12674
Epoch: 0 [2460/3000 (82%)] Unweighted L_s : L_Mnfld: 0.00085 + L_NonMnfld: 0.00002 + L_Eknl: 0.07238 + L_Morse: 1.61829 + L_thetaHessian: 0.17252 + L_thetaNeighbor: 0.00422

Weights: [7000.0, 600.0, 10.0, 50.0, 30.0, 0.0002950000000000001], lr=5.000e-05
Epoch: 0 [2470/3000 (82%)] Loss: 11.74617 = L_Mnfld: 6.31182 + L_NonMnfld: 0.01335 + L_Eknl: 3.54783 + L_Morse: 0.00047 + L_thetaHessian: 1.73400 + L_thetaNeighbor: 0.13870
Epoch: 0 [2470/3000 (82%)] Unweighted L_s : L_Mnfld: 0.00090 + L_NonMnfld: 0.00002 + L_Eknl: 0.07096 + L_Morse: 1.60814 + L_thetaHessian: 0.17340 + L_thetaNeighbor: 0.00462

Weights: [7000.0, 600.0, 10.0, 50.0, 30.0, 0.0002894444444444444], lr=5.000e-05
Epoch: 0 [2480/3000 (83%)] Loss: 11.28131 = L_Mnfld: 5.92195 + L_NonMnfld: 0.00794 + L_Eknl: 3.50045 + L_Morse: 0.00047 + L_thetaHessian: 1.70239 + L_thetaNeighbor: 0.14812
Epoch: 0 [2480/3000 (83%)] Unweighted L_s : L_Mnfld: 0.00085 + L_NonMnfld: 0.00001 + L_Eknl: 0.07001 + L_Morse: 1.61563 + L_thetaHessian: 0.17024 + L_thetaNeighbor: 0.00494

Weights: [7000.0, 600.0, 10.0, 50.0, 30.0, 0.00028388888888888897], lr=5.000e-05
Epoch: 0 [2490/3000 (83%)] Loss: 11.96874 = L_Mnfld: 6.47763 + L_NonMnfld: 0.02134 + L_Eknl: 3.62964 + L_Morse: 0.00046 + L_thetaHessian: 1.70088 + L_thetaNeighbor: 0.13881
Epoch: 0 [2490/3000 (83%)] Unweighted L_s : L_Mnfld: 0.00093 + L_NonMnfld: 0.00004 + L_Eknl: 0.07259 + L_Morse: 1.60373 + L_thetaHessian: 0.17009 + L_thetaNeighbor: 0.00463

Weights: [7000.0, 600.0, 10.0, 50.0, 30.0, 0.00027833333333333345], lr=5.000e-05
Epoch: 0 [2500/3000 (83%)] Loss: 11.40625 = L_Mnfld: 5.95144 + L_NonMnfld: 0.01709 + L_Eknl: 3.59939 + L_Morse: 0.00045 + L_thetaHessian: 1.70191 + L_thetaNeighbor: 0.13597
Epoch: 0 [2500/3000 (83%)] Unweighted L_s : L_Mnfld: 0.00085 + L_NonMnfld: 0.00003 + L_Eknl: 0.07199 + L_Morse: 1.61993 + L_thetaHessian: 0.17019 + L_thetaNeighbor: 0.00453

Weights: [7000.0, 600.0, 10.0, 50.0, 30.0, 0.0002727777777777777], lr=5.000e-05
Epoch: 0 [2510/3000 (84%)] Loss: 11.88666 = L_Mnfld: 6.53586 + L_NonMnfld: 0.00683 + L_Eknl: 3.53400 + L_Morse: 0.00044 + L_thetaHessian: 1.67652 + L_thetaNeighbor: 0.13302
Epoch: 0 [2510/3000 (84%)] Unweighted L_s : L_Mnfld: 0.00093 + L_NonMnfld: 0.00001 + L_Eknl: 0.07068 + L_Morse: 1.61057 + L_thetaHessian: 0.16765 + L_thetaNeighbor: 0.00443

Weights: [7000.0, 600.0, 10.0, 50.0, 30.0, 0.0002672222222222222], lr=5.000e-05
Epoch: 0 [2520/3000 (84%)] Loss: 11.46735 = L_Mnfld: 5.99476 + L_NonMnfld: 0.01398 + L_Eknl: 3.58719 + L_Morse: 0.00043 + L_thetaHessian: 1.72308 + L_thetaNeighbor: 0.14790
Epoch: 0 [2520/3000 (84%)] Unweighted L_s : L_Mnfld: 0.00086 + L_NonMnfld: 0.00002 + L_Eknl: 0.07174 + L_Morse: 1.62644 + L_thetaHessian: 0.17231 + L_thetaNeighbor: 0.00493

Weights: [7000.0, 600.0, 10.0, 50.0, 30.0, 0.00026166666666666667], lr=5.000e-05
Epoch: 0 [2530/3000 (84%)] Loss: 12.15176 = L_Mnfld: 6.68196 + L_NonMnfld: 0.00916 + L_Eknl: 3.53290 + L_Morse: 0.00042 + L_thetaHessian: 1.72839 + L_thetaNeighbor: 0.19894
Epoch: 0 [2530/3000 (84%)] Unweighted L_s : L_Mnfld: 0.00095 + L_NonMnfld: 0.00002 + L_Eknl: 0.07066 + L_Morse: 1.61419 + L_thetaHessian: 0.17284 + L_thetaNeighbor: 0.00663

Weights: [7000.0, 600.0, 10.0, 50.0, 30.0, 0.00025611111111111104], lr=5.000e-05
Epoch: 0 [2540/3000 (85%)] Loss: 11.46722 = L_Mnfld: 6.01934 + L_NonMnfld: 0.01818 + L_Eknl: 3.57258 + L_Morse: 0.00041 + L_thetaHessian: 1.69313 + L_thetaNeighbor: 0.16357
Epoch: 0 [2540/3000 (85%)] Unweighted L_s : L_Mnfld: 0.00086 + L_NonMnfld: 0.00003 + L_Eknl: 0.07145 + L_Morse: 1.61859 + L_thetaHessian: 0.16931 + L_thetaNeighbor: 0.00545

Weights: [7000.0, 600.0, 10.0, 50.0, 30.0, 0.0002505555555555555], lr=5.000e-05
Epoch: 0 [2550/3000 (85%)] Loss: 12.21768 = L_Mnfld: 6.72619 + L_NonMnfld: 0.00789 + L_Eknl: 3.59255 + L_Morse: 0.00040 + L_thetaHessian: 1.69436 + L_thetaNeighbor: 0.19628
Epoch: 0 [2550/3000 (85%)] Unweighted L_s : L_Mnfld: 0.00096 + L_NonMnfld: 0.00001 + L_Eknl: 0.07185 + L_Morse: 1.61020 + L_thetaHessian: 0.16944 + L_thetaNeighbor: 0.00654

Weights: [7000.0, 600.0, 10.0, 50.0, 30.0, 0.0002450000000000001], lr=5.000e-05
Epoch: 0 [2560/3000 (85%)] Loss: 11.41734 = L_Mnfld: 6.05421 + L_NonMnfld: 0.01400 + L_Eknl: 3.47241 + L_Morse: 0.00040 + L_thetaHessian: 1.71210 + L_thetaNeighbor: 0.16423
Epoch: 0 [2560/3000 (85%)] Unweighted L_s : L_Mnfld: 0.00086 + L_NonMnfld: 0.00002 + L_Eknl: 0.06945 + L_Morse: 1.62622 + L_thetaHessian: 0.17121 + L_thetaNeighbor: 0.00547

Weights: [7000.0, 600.0, 10.0, 50.0, 30.0, 0.00023944444444444458], lr=5.000e-05
Epoch: 0 [2570/3000 (86%)] Loss: 12.30519 = L_Mnfld: 6.85283 + L_NonMnfld: 0.01297 + L_Eknl: 3.47069 + L_Morse: 0.00039 + L_thetaHessian: 1.79053 + L_thetaNeighbor: 0.17778
Epoch: 0 [2570/3000 (86%)] Unweighted L_s : L_Mnfld: 0.00098 + L_NonMnfld: 0.00002 + L_Eknl: 0.06941 + L_Morse: 1.60933 + L_thetaHessian: 0.17905 + L_thetaNeighbor: 0.00593

Weights: [7000.0, 600.0, 10.0, 50.0, 30.0, 0.00023388888888888895], lr=5.000e-05
Epoch: 0 [2580/3000 (86%)] Loss: 11.66096 = L_Mnfld: 6.20323 + L_NonMnfld: 0.00995 + L_Eknl: 3.54895 + L_Morse: 0.00038 + L_thetaHessian: 1.75910 + L_thetaNeighbor: 0.13935
Epoch: 0 [2580/3000 (86%)] Unweighted L_s : L_Mnfld: 0.00089 + L_NonMnfld: 0.00002 + L_Eknl: 0.07098 + L_Morse: 1.63068 + L_thetaHessian: 0.17591 + L_thetaNeighbor: 0.00465

Weights: [7000.0, 600.0, 10.0, 50.0, 30.0, 0.00022833333333333332], lr=5.000e-05
Epoch: 0 [2590/3000 (86%)] Loss: 12.07521 = L_Mnfld: 6.60816 + L_NonMnfld: 0.01451 + L_Eknl: 3.58333 + L_Morse: 0.00037 + L_thetaHessian: 1.69784 + L_thetaNeighbor: 0.17101
Epoch: 0 [2590/3000 (86%)] Unweighted L_s : L_Mnfld: 0.00094 + L_NonMnfld: 0.00002 + L_Eknl: 0.07167 + L_Morse: 1.60904 + L_thetaHessian: 0.16978 + L_thetaNeighbor: 0.00570

Weights: [7000.0, 600.0, 10.0, 50.0, 30.0, 0.0002227777777777778], lr=5.000e-05
Epoch: 0 [2600/3000 (87%)] Loss: 12.08837 = L_Mnfld: 6.58049 + L_NonMnfld: 0.01179 + L_Eknl: 3.54058 + L_Morse: 0.00036 + L_thetaHessian: 1.76559 + L_thetaNeighbor: 0.18956
Epoch: 0 [2600/3000 (87%)] Unweighted L_s : L_Mnfld: 0.00094 + L_NonMnfld: 0.00002 + L_Eknl: 0.07081 + L_Morse: 1.61211 + L_thetaHessian: 0.17656 + L_thetaNeighbor: 0.00632

Weights: [7000.0, 600.0, 10.0, 50.0, 30.0, 0.00021722222222222217], lr=5.000e-05
Epoch: 0 [2610/3000 (87%)] Loss: 12.30165 = L_Mnfld: 6.71299 + L_NonMnfld: 0.01175 + L_Eknl: 3.58347 + L_Morse: 0.00035 + L_thetaHessian: 1.85330 + L_thetaNeighbor: 0.13979
Epoch: 0 [2610/3000 (87%)] Unweighted L_s : L_Mnfld: 0.00096 + L_NonMnfld: 0.00002 + L_Eknl: 0.07167 + L_Morse: 1.60983 + L_thetaHessian: 0.18533 + L_thetaNeighbor: 0.00466

Weights: [7000.0, 600.0, 10.0, 50.0, 30.0, 0.00021166666666666664], lr=5.000e-05
Epoch: 0 [2620/3000 (87%)] Loss: 12.14513 = L_Mnfld: 6.65034 + L_NonMnfld: 0.00758 + L_Eknl: 3.57731 + L_Morse: 0.00034 + L_thetaHessian: 1.71814 + L_thetaNeighbor: 0.19142
Epoch: 0 [2620/3000 (87%)] Unweighted L_s : L_Mnfld: 0.00095 + L_NonMnfld: 0.00001 + L_Eknl: 0.07155 + L_Morse: 1.61948 + L_thetaHessian: 0.17181 + L_thetaNeighbor: 0.00638

Weights: [7000.0, 600.0, 10.0, 50.0, 30.0, 0.00020611111111111123], lr=5.000e-05
Epoch: 0 [2630/3000 (88%)] Loss: 12.28593 = L_Mnfld: 6.90135 + L_NonMnfld: 0.00928 + L_Eknl: 3.53500 + L_Morse: 0.00033 + L_thetaHessian: 1.68847 + L_thetaNeighbor: 0.15149
Epoch: 0 [2630/3000 (88%)] Unweighted L_s : L_Mnfld: 0.00099 + L_NonMnfld: 0.00002 + L_Eknl: 0.07070 + L_Morse: 1.61554 + L_thetaHessian: 0.16885 + L_thetaNeighbor: 0.00505

Weights: [7000.0, 600.0, 10.0, 50.0, 30.0, 0.0002005555555555555], lr=5.000e-05
Epoch: 0 [2640/3000 (88%)] Loss: 12.61275 = L_Mnfld: 7.08116 + L_NonMnfld: 0.01584 + L_Eknl: 3.60885 + L_Morse: 0.00033 + L_thetaHessian: 1.67702 + L_thetaNeighbor: 0.22955
Epoch: 0 [2640/3000 (88%)] Unweighted L_s : L_Mnfld: 0.00101 + L_NonMnfld: 0.00003 + L_Eknl: 0.07218 + L_Morse: 1.63044 + L_thetaHessian: 0.16770 + L_thetaNeighbor: 0.00765

Weights: [7000.0, 600.0, 10.0, 50.0, 30.0, 0.00019500000000000008], lr=5.000e-05
Epoch: 0 [2650/3000 (88%)] Loss: 13.51697 = L_Mnfld: 7.94119 + L_NonMnfld: 0.00809 + L_Eknl: 3.66349 + L_Morse: 0.00032 + L_thetaHessian: 1.73525 + L_thetaNeighbor: 0.16864
Epoch: 0 [2650/3000 (88%)] Unweighted L_s : L_Mnfld: 0.00113 + L_NonMnfld: 0.00001 + L_Eknl: 0.07327 + L_Morse: 1.63777 + L_thetaHessian: 0.17353 + L_thetaNeighbor: 0.00562

Weights: [7000.0, 600.0, 10.0, 50.0, 30.0, 0.00018944444444444445], lr=5.000e-05
Epoch: 0 [2660/3000 (89%)] Loss: 13.13215 = L_Mnfld: 7.52273 + L_NonMnfld: 0.02221 + L_Eknl: 3.55735 + L_Morse: 0.00031 + L_thetaHessian: 1.88516 + L_thetaNeighbor: 0.14439
Epoch: 0 [2660/3000 (89%)] Unweighted L_s : L_Mnfld: 0.00107 + L_NonMnfld: 0.00004 + L_Eknl: 0.07115 + L_Morse: 1.63257 + L_thetaHessian: 0.18852 + L_thetaNeighbor: 0.00481

Weights: [7000.0, 600.0, 10.0, 50.0, 30.0, 0.00018388888888888882], lr=5.000e-05
Epoch: 0 [2670/3000 (89%)] Loss: 13.63269 = L_Mnfld: 7.98740 + L_NonMnfld: 0.00913 + L_Eknl: 3.62626 + L_Morse: 0.00030 + L_thetaHessian: 1.84502 + L_thetaNeighbor: 0.16459
Epoch: 0 [2670/3000 (89%)] Unweighted L_s : L_Mnfld: 0.00114 + L_NonMnfld: 0.00002 + L_Eknl: 0.07253 + L_Morse: 1.62832 + L_thetaHessian: 0.18450 + L_thetaNeighbor: 0.00549

Weights: [7000.0, 600.0, 10.0, 50.0, 30.0, 0.0001783333333333332], lr=5.000e-05
Epoch: 0 [2680/3000 (89%)] Loss: 13.29545 = L_Mnfld: 7.71361 + L_NonMnfld: 0.01177 + L_Eknl: 3.61966 + L_Morse: 0.00029 + L_thetaHessian: 1.77138 + L_thetaNeighbor: 0.17875
Epoch: 0 [2680/3000 (89%)] Unweighted L_s : L_Mnfld: 0.00110 + L_NonMnfld: 0.00002 + L_Eknl: 0.07239 + L_Morse: 1.62597 + L_thetaHessian: 0.17714 + L_thetaNeighbor: 0.00596

Weights: [7000.0, 600.0, 10.0, 50.0, 30.0, 0.00017277777777777777], lr=5.000e-05
Epoch: 0 [2690/3000 (90%)] Loss: 12.45771 = L_Mnfld: 6.80060 + L_NonMnfld: 0.01380 + L_Eknl: 3.68734 + L_Morse: 0.00028 + L_thetaHessian: 1.80373 + L_thetaNeighbor: 0.15196
Epoch: 0 [2690/3000 (90%)] Unweighted L_s : L_Mnfld: 0.00097 + L_NonMnfld: 0.00002 + L_Eknl: 0.07375 + L_Morse: 1.61273 + L_thetaHessian: 0.18037 + L_thetaNeighbor: 0.00507

Weights: [7000.0, 600.0, 10.0, 50.0, 30.0, 0.00016722222222222236], lr=5.000e-05
Epoch: 0 [2700/3000 (90%)] Loss: 13.01511 = L_Mnfld: 7.44488 + L_NonMnfld: 0.01973 + L_Eknl: 3.62484 + L_Morse: 0.00027 + L_thetaHessian: 1.78819 + L_thetaNeighbor: 0.13719
Epoch: 0 [2700/3000 (90%)] Unweighted L_s : L_Mnfld: 0.00106 + L_NonMnfld: 0.00003 + L_Eknl: 0.07250 + L_Morse: 1.63581 + L_thetaHessian: 0.17882 + L_thetaNeighbor: 0.00457

Weights: [7000.0, 600.0, 10.0, 50.0, 30.0, 0.00016166666666666673], lr=5.000e-05
Epoch: 0 [2710/3000 (90%)] Loss: 12.39763 = L_Mnfld: 6.75536 + L_NonMnfld: 0.02112 + L_Eknl: 3.71166 + L_Morse: 0.00026 + L_thetaHessian: 1.72335 + L_thetaNeighbor: 0.18589
Epoch: 0 [2710/3000 (90%)] Unweighted L_s : L_Mnfld: 0.00097 + L_NonMnfld: 0.00004 + L_Eknl: 0.07423 + L_Morse: 1.62647 + L_thetaHessian: 0.17233 + L_thetaNeighbor: 0.00620

Weights: [7000.0, 600.0, 10.0, 50.0, 30.0, 0.0001561111111111111], lr=5.000e-05
Epoch: 0 [2720/3000 (91%)] Loss: 11.58923 = L_Mnfld: 6.20068 + L_NonMnfld: 0.00839 + L_Eknl: 3.54685 + L_Morse: 0.00026 + L_thetaHessian: 1.70146 + L_thetaNeighbor: 0.13159
Epoch: 0 [2720/3000 (91%)] Unweighted L_s : L_Mnfld: 0.00089 + L_NonMnfld: 0.00001 + L_Eknl: 0.07094 + L_Morse: 1.63780 + L_thetaHessian: 0.17015 + L_thetaNeighbor: 0.00439

Weights: [7000.0, 600.0, 10.0, 50.0, 30.0, 0.00015055555555555558], lr=5.000e-05
Epoch: 0 [2730/3000 (91%)] Loss: 12.66413 = L_Mnfld: 7.10075 + L_NonMnfld: 0.00706 + L_Eknl: 3.56471 + L_Morse: 0.00024 + L_thetaHessian: 1.79357 + L_thetaNeighbor: 0.19778
Epoch: 0 [2730/3000 (91%)] Unweighted L_s : L_Mnfld: 0.00101 + L_NonMnfld: 0.00001 + L_Eknl: 0.07129 + L_Morse: 1.62604 + L_thetaHessian: 0.17936 + L_thetaNeighbor: 0.00659

Weights: [7000.0, 600.0, 10.0, 50.0, 30.0, 0.00014499999999999995], lr=5.000e-05
Epoch: 0 [2740/3000 (91%)] Loss: 13.09764 = L_Mnfld: 7.56466 + L_NonMnfld: 0.01586 + L_Eknl: 3.62300 + L_Morse: 0.00024 + L_thetaHessian: 1.75282 + L_thetaNeighbor: 0.14106
Epoch: 0 [2740/3000 (91%)] Unweighted L_s : L_Mnfld: 0.00108 + L_NonMnfld: 0.00003 + L_Eknl: 0.07246 + L_Morse: 1.64040 + L_thetaHessian: 0.17528 + L_thetaNeighbor: 0.00470

Weights: [7000.0, 600.0, 10.0, 50.0, 30.0, 0.00013944444444444453], lr=5.000e-05
Epoch: 0 [2750/3000 (92%)] Loss: 11.94963 = L_Mnfld: 6.58730 + L_NonMnfld: 0.01599 + L_Eknl: 3.50952 + L_Morse: 0.00023 + L_thetaHessian: 1.70144 + L_thetaNeighbor: 0.13515
Epoch: 0 [2750/3000 (92%)] Unweighted L_s : L_Mnfld: 0.00094 + L_NonMnfld: 0.00003 + L_Eknl: 0.07019 + L_Morse: 1.62368 + L_thetaHessian: 0.17014 + L_thetaNeighbor: 0.00451

Weights: [7000.0, 600.0, 10.0, 50.0, 30.0, 0.0001338888888888889], lr=5.000e-05
Epoch: 0 [2760/3000 (92%)] Loss: 12.13574 = L_Mnfld: 6.81412 + L_NonMnfld: 0.01319 + L_Eknl: 3.45056 + L_Morse: 0.00022 + L_thetaHessian: 1.68546 + L_thetaNeighbor: 0.17220
Epoch: 0 [2760/3000 (92%)] Unweighted L_s : L_Mnfld: 0.00097 + L_NonMnfld: 0.00002 + L_Eknl: 0.06901 + L_Morse: 1.63537 + L_thetaHessian: 0.16855 + L_thetaNeighbor: 0.00574

Weights: [7000.0, 600.0, 10.0, 50.0, 30.0, 0.00012833333333333327], lr=5.000e-05
Epoch: 0 [2770/3000 (92%)] Loss: 13.04514 = L_Mnfld: 7.67868 + L_NonMnfld: 0.00977 + L_Eknl: 3.44658 + L_Morse: 0.00021 + L_thetaHessian: 1.74680 + L_thetaNeighbor: 0.16310
Epoch: 0 [2770/3000 (92%)] Unweighted L_s : L_Mnfld: 0.00110 + L_NonMnfld: 0.00002 + L_Eknl: 0.06893 + L_Morse: 1.62529 + L_thetaHessian: 0.17468 + L_thetaNeighbor: 0.00544

Weights: [7000.0, 600.0, 10.0, 50.0, 30.0, 0.00012277777777777786], lr=5.000e-05
Epoch: 0 [2780/3000 (93%)] Loss: 12.42262 = L_Mnfld: 6.94688 + L_NonMnfld: 0.01060 + L_Eknl: 3.56020 + L_Morse: 0.00020 + L_thetaHessian: 1.76022 + L_thetaNeighbor: 0.14451
Epoch: 0 [2780/3000 (93%)] Unweighted L_s : L_Mnfld: 0.00099 + L_NonMnfld: 0.00002 + L_Eknl: 0.07120 + L_Morse: 1.63633 + L_thetaHessian: 0.17602 + L_thetaNeighbor: 0.00482

Weights: [7000.0, 600.0, 10.0, 50.0, 30.0, 0.00011722222222222223], lr=5.000e-05
Epoch: 0 [2790/3000 (93%)] Loss: 12.22172 = L_Mnfld: 6.91249 + L_NonMnfld: 0.00688 + L_Eknl: 3.47621 + L_Morse: 0.00019 + L_thetaHessian: 1.67547 + L_thetaNeighbor: 0.15049
Epoch: 0 [2790/3000 (93%)] Unweighted L_s : L_Mnfld: 0.00099 + L_NonMnfld: 0.00001 + L_Eknl: 0.06952 + L_Morse: 1.61720 + L_thetaHessian: 0.16755 + L_thetaNeighbor: 0.00502

Weights: [7000.0, 600.0, 10.0, 50.0, 30.0, 0.0001116666666666666], lr=5.000e-05
Epoch: 0 [2800/3000 (93%)] Loss: 11.83346 = L_Mnfld: 6.55980 + L_NonMnfld: 0.01185 + L_Eknl: 3.49899 + L_Morse: 0.00018 + L_thetaHessian: 1.62536 + L_thetaNeighbor: 0.13729
Epoch: 0 [2800/3000 (93%)] Unweighted L_s : L_Mnfld: 0.00094 + L_NonMnfld: 0.00002 + L_Eknl: 0.06998 + L_Morse: 1.63349 + L_thetaHessian: 0.16254 + L_thetaNeighbor: 0.00458

Weights: [7000.0, 600.0, 10.0, 50.0, 30.0, 0.00010611111111111108], lr=5.000e-05
Epoch: 0 [2810/3000 (94%)] Loss: 12.21531 = L_Mnfld: 6.92150 + L_NonMnfld: 0.01126 + L_Eknl: 3.52415 + L_Morse: 0.00017 + L_thetaHessian: 1.60976 + L_thetaNeighbor: 0.14845
Epoch: 0 [2810/3000 (94%)] Unweighted L_s : L_Mnfld: 0.00099 + L_NonMnfld: 0.00002 + L_Eknl: 0.07048 + L_Morse: 1.61713 + L_thetaHessian: 0.16098 + L_thetaNeighbor: 0.00495

Weights: [7000.0, 600.0, 10.0, 50.0, 30.0, 0.00010055555555555566], lr=5.000e-05
Epoch: 0 [2820/3000 (94%)] Loss: 11.60026 = L_Mnfld: 6.32015 + L_NonMnfld: 0.00816 + L_Eknl: 3.42907 + L_Morse: 0.00016 + L_thetaHessian: 1.63139 + L_thetaNeighbor: 0.21132
Epoch: 0 [2820/3000 (94%)] Unweighted L_s : L_Mnfld: 0.00090 + L_NonMnfld: 0.00001 + L_Eknl: 0.06858 + L_Morse: 1.62617 + L_thetaHessian: 0.16314 + L_thetaNeighbor: 0.00704

Weights: [7000.0, 600.0, 10.0, 50.0, 30.0, 9.500000000000003e-05], lr=5.000e-05
Epoch: 0 [2830/3000 (94%)] Loss: 12.04882 = L_Mnfld: 6.83369 + L_NonMnfld: 0.01183 + L_Eknl: 3.43534 + L_Morse: 0.00015 + L_thetaHessian: 1.61788 + L_thetaNeighbor: 0.14991
Epoch: 0 [2830/3000 (94%)] Unweighted L_s : L_Mnfld: 0.00098 + L_NonMnfld: 0.00002 + L_Eknl: 0.06871 + L_Morse: 1.61858 + L_thetaHessian: 0.16179 + L_thetaNeighbor: 0.00500

Weights: [7000.0, 600.0, 10.0, 50.0, 30.0, 8.94444444444444e-05], lr=5.000e-05
Epoch: 0 [2840/3000 (95%)] Loss: 11.77157 = L_Mnfld: 6.38076 + L_NonMnfld: 0.01217 + L_Eknl: 3.54819 + L_Morse: 0.00015 + L_thetaHessian: 1.62958 + L_thetaNeighbor: 0.20073
Epoch: 0 [2840/3000 (95%)] Unweighted L_s : L_Mnfld: 0.00091 + L_NonMnfld: 0.00002 + L_Eknl: 0.07096 + L_Morse: 1.62557 + L_thetaHessian: 0.16296 + L_thetaNeighbor: 0.00669

Weights: [7000.0, 600.0, 10.0, 50.0, 30.0, 8.388888888888899e-05], lr=5.000e-05
Epoch: 0 [2850/3000 (95%)] Loss: 11.81953 = L_Mnfld: 6.53219 + L_NonMnfld: 0.00883 + L_Eknl: 3.55066 + L_Morse: 0.00014 + L_thetaHessian: 1.58821 + L_thetaNeighbor: 0.13951
Epoch: 0 [2850/3000 (95%)] Unweighted L_s : L_Mnfld: 0.00093 + L_NonMnfld: 0.00001 + L_Eknl: 0.07101 + L_Morse: 1.61409 + L_thetaHessian: 0.15882 + L_thetaNeighbor: 0.00465

Weights: [7000.0, 600.0, 10.0, 50.0, 30.0, 7.833333333333336e-05], lr=5.000e-05
Epoch: 0 [2860/3000 (95%)] Loss: 11.79179 = L_Mnfld: 6.47974 + L_NonMnfld: 0.00979 + L_Eknl: 3.52200 + L_Morse: 0.00013 + L_thetaHessian: 1.61737 + L_thetaNeighbor: 0.16277
Epoch: 0 [2860/3000 (95%)] Unweighted L_s : L_Mnfld: 0.00093 + L_NonMnfld: 0.00002 + L_Eknl: 0.07044 + L_Morse: 1.62711 + L_thetaHessian: 0.16174 + L_thetaNeighbor: 0.00543

Weights: [7000.0, 600.0, 10.0, 50.0, 30.0, 7.277777777777773e-05], lr=5.000e-05
Epoch: 0 [2870/3000 (96%)] Loss: 11.68513 = L_Mnfld: 6.48477 + L_NonMnfld: 0.01570 + L_Eknl: 3.42700 + L_Morse: 0.00012 + L_thetaHessian: 1.60309 + L_thetaNeighbor: 0.15446
Epoch: 0 [2870/3000 (96%)] Unweighted L_s : L_Mnfld: 0.00093 + L_NonMnfld: 0.00003 + L_Eknl: 0.06854 + L_Morse: 1.61846 + L_thetaHessian: 0.16031 + L_thetaNeighbor: 0.00515

Weights: [7000.0, 600.0, 10.0, 50.0, 30.0, 6.72222222222222e-05], lr=5.000e-05
Epoch: 0 [2880/3000 (96%)] Loss: 11.12838 = L_Mnfld: 5.99593 + L_NonMnfld: 0.01317 + L_Eknl: 3.39363 + L_Morse: 0.00011 + L_thetaHessian: 1.56151 + L_thetaNeighbor: 0.16403
Epoch: 0 [2880/3000 (96%)] Unweighted L_s : L_Mnfld: 0.00086 + L_NonMnfld: 0.00002 + L_Eknl: 0.06787 + L_Morse: 1.62675 + L_thetaHessian: 0.15615 + L_thetaNeighbor: 0.00547

Weights: [7000.0, 600.0, 10.0, 50.0, 30.0, 6.166666666666679e-05], lr=5.000e-05
Epoch: 0 [2890/3000 (96%)] Loss: 11.62036 = L_Mnfld: 6.45551 + L_NonMnfld: 0.01809 + L_Eknl: 3.39003 + L_Morse: 0.00010 + L_thetaHessian: 1.59323 + L_thetaNeighbor: 0.16341
Epoch: 0 [2890/3000 (96%)] Unweighted L_s : L_Mnfld: 0.00092 + L_NonMnfld: 0.00003 + L_Eknl: 0.06780 + L_Morse: 1.62015 + L_thetaHessian: 0.15932 + L_thetaNeighbor: 0.00545

Weights: [7000.0, 600.0, 10.0, 50.0, 30.0, 5.6111111111110945e-05], lr=5.000e-05
Epoch: 0 [2900/3000 (97%)] Loss: 11.07852 = L_Mnfld: 5.89748 + L_NonMnfld: 0.00945 + L_Eknl: 3.50715 + L_Morse: 0.00009 + L_thetaHessian: 1.51577 + L_thetaNeighbor: 0.14858
Epoch: 0 [2900/3000 (97%)] Unweighted L_s : L_Mnfld: 0.00084 + L_NonMnfld: 0.00002 + L_Eknl: 0.07014 + L_Morse: 1.62677 + L_thetaHessian: 0.15158 + L_thetaNeighbor: 0.00495

Weights: [7000.0, 600.0, 10.0, 50.0, 30.0, 5.055555555555553e-05], lr=5.000e-05
Epoch: 0 [2910/3000 (97%)] Loss: 11.67313 = L_Mnfld: 6.41168 + L_NonMnfld: 0.00969 + L_Eknl: 3.44846 + L_Morse: 0.00008 + L_thetaHessian: 1.64385 + L_thetaNeighbor: 0.15937
Epoch: 0 [2910/3000 (97%)] Unweighted L_s : L_Mnfld: 0.00092 + L_NonMnfld: 0.00002 + L_Eknl: 0.06897 + L_Morse: 1.62311 + L_thetaHessian: 0.16438 + L_thetaNeighbor: 0.00531

Weights: [7000.0, 600.0, 10.0, 50.0, 30.0, 4.500000000000012e-05], lr=5.000e-05
Epoch: 0 [2920/3000 (97%)] Loss: 10.85881 = L_Mnfld: 5.83880 + L_NonMnfld: 0.02465 + L_Eknl: 3.31800 + L_Morse: 0.00007 + L_thetaHessian: 1.51134 + L_thetaNeighbor: 0.16595
Epoch: 0 [2920/3000 (97%)] Unweighted L_s : L_Mnfld: 0.00083 + L_NonMnfld: 0.00004 + L_Eknl: 0.06636 + L_Morse: 1.63874 + L_thetaHessian: 0.15113 + L_thetaNeighbor: 0.00553

Weights: [7000.0, 600.0, 10.0, 50.0, 30.0, 3.944444444444427e-05], lr=5.000e-05
Epoch: 0 [2930/3000 (98%)] Loss: 11.67350 = L_Mnfld: 6.65208 + L_NonMnfld: 0.01452 + L_Eknl: 3.30189 + L_Morse: 0.00006 + L_thetaHessian: 1.55844 + L_thetaNeighbor: 0.14650
Epoch: 0 [2930/3000 (98%)] Unweighted L_s : L_Mnfld: 0.00095 + L_NonMnfld: 0.00002 + L_Eknl: 0.06604 + L_Morse: 1.61751 + L_thetaHessian: 0.15584 + L_thetaNeighbor: 0.00488

Weights: [7000.0, 600.0, 10.0, 50.0, 30.0, 3.388888888888886e-05], lr=5.000e-05
Epoch: 0 [2940/3000 (98%)] Loss: 11.05119 = L_Mnfld: 5.88702 + L_NonMnfld: 0.00874 + L_Eknl: 3.47397 + L_Morse: 0.00006 + L_thetaHessian: 1.53006 + L_thetaNeighbor: 0.15134
Epoch: 0 [2940/3000 (98%)] Unweighted L_s : L_Mnfld: 0.00084 + L_NonMnfld: 0.00001 + L_Eknl: 0.06948 + L_Morse: 1.62615 + L_thetaHessian: 0.15301 + L_thetaNeighbor: 0.00504

Weights: [7000.0, 600.0, 10.0, 50.0, 30.0, 2.8333333333333335e-05], lr=5.000e-05
Epoch: 0 [2950/3000 (98%)] Loss: 11.80161 = L_Mnfld: 6.62542 + L_NonMnfld: 0.01474 + L_Eknl: 3.39716 + L_Morse: 0.00005 + L_thetaHessian: 1.61707 + L_thetaNeighbor: 0.14717
Epoch: 0 [2950/3000 (98%)] Unweighted L_s : L_Mnfld: 0.00095 + L_NonMnfld: 0.00002 + L_Eknl: 0.06794 + L_Morse: 1.62620 + L_thetaHessian: 0.16171 + L_thetaNeighbor: 0.00491

Weights: [7000.0, 600.0, 10.0, 50.0, 30.0, 2.2777777777777813e-05], lr=5.000e-05
Epoch: 0 [2960/3000 (99%)] Loss: 11.72828 = L_Mnfld: 6.62134 + L_NonMnfld: 0.00798 + L_Eknl: 3.39561 + L_Morse: 0.00004 + L_thetaHessian: 1.53694 + L_thetaNeighbor: 0.16637
Epoch: 0 [2960/3000 (99%)] Unweighted L_s : L_Mnfld: 0.00095 + L_NonMnfld: 0.00001 + L_Eknl: 0.06791 + L_Morse: 1.64610 + L_thetaHessian: 0.15369 + L_thetaNeighbor: 0.00555

Weights: [7000.0, 600.0, 10.0, 50.0, 30.0, 1.7222222222222075e-05], lr=5.000e-05
Epoch: 0 [2970/3000 (99%)] Loss: 12.09632 = L_Mnfld: 6.81450 + L_NonMnfld: 0.00909 + L_Eknl: 3.49170 + L_Morse: 0.00003 + L_thetaHessian: 1.59740 + L_thetaNeighbor: 0.18360
Epoch: 0 [2970/3000 (99%)] Unweighted L_s : L_Mnfld: 0.00097 + L_NonMnfld: 0.00002 + L_Eknl: 0.06983 + L_Morse: 1.64179 + L_thetaHessian: 0.15974 + L_thetaNeighbor: 0.00612

Weights: [7000.0, 600.0, 10.0, 50.0, 30.0, 1.1666666666666553e-05], lr=5.000e-05
Epoch: 0 [2980/3000 (99%)] Loss: 11.50742 = L_Mnfld: 6.34037 + L_NonMnfld: 0.01378 + L_Eknl: 3.44729 + L_Morse: 0.00002 + L_thetaHessian: 1.57637 + L_thetaNeighbor: 0.12959
Epoch: 0 [2980/3000 (99%)] Unweighted L_s : L_Mnfld: 0.00091 + L_NonMnfld: 0.00002 + L_Eknl: 0.06895 + L_Morse: 1.63595 + L_thetaHessian: 0.15764 + L_thetaNeighbor: 0.00432

Weights: [7000.0, 600.0, 10.0, 50.0, 30.0, 6.111111111111248e-06], lr=5.000e-05
Epoch: 0 [2990/3000 (100%)] Loss: 12.72278 = L_Mnfld: 7.27012 + L_NonMnfld: 0.01856 + L_Eknl: 3.60081 + L_Morse: 0.00001 + L_thetaHessian: 1.67002 + L_thetaNeighbor: 0.16326
Epoch: 0 [2990/3000 (100%)] Unweighted L_s : L_Mnfld: 0.00104 + L_NonMnfld: 0.00003 + L_Eknl: 0.07202 + L_Morse: 1.65498 + L_thetaHessian: 0.16700 + L_thetaNeighbor: 0.00544

<<< Done: 8d46740c472f9d36b7a04b65023ffc59.obj

>>> Batch extraction pass on staged meshes
[1/4] Loading mesh: /root/SemanPartMesh/compare_8d46740c472f9d36b7a04b65023ffc59_ns3000_20260508_184014/baseline/quad_meshes/8d46740c472f9d36b7a04b65023ffc59_quad_extract_work/8d46740c472f9d36b7a04b65023ffc59_quad_repaired.obj
       V=2503 F=4998
[2/4] Loading cross field: /root/SemanPartMesh/compare_8d46740c472f9d36b7a04b65023ffc59_ns3000_20260508_184014/baseline/quad_meshes/8d46740c472f9d36b7a04b65023ffc59_quad_extract_work/8d46740c472f9d36b7a04b65023ffc59_quad_repaired_cf.txt
       cross field rows=4998
Degenerate triangle in input mesh at face 4996
[1/4] Loading mesh: /root/SemanPartMesh/compare_8d46740c472f9d36b7a04b65023ffc59_ns3000_20260508_184014/baseline/quad_meshes/8d46740c472f9d36b7a04b65023ffc59_quad_extract_work/8d46740c472f9d36b7a04b65023ffc59_quad_repaired.obj
       V=2503 F=4998
[2/4] Loading cross field: /root/SemanPartMesh/compare_8d46740c472f9d36b7a04b65023ffc59_ns3000_20260508_184014/baseline/quad_meshes/8d46740c472f9d36b7a04b65023ffc59_quad_extract_work/8d46740c472f9d36b7a04b65023ffc59_quad_repaired_cf.txt
       cross field rows=4998
Degenerate triangle in input mesh at face 4996
[1/4] Loading mesh: /root/SemanPartMesh/compare_8d46740c472f9d36b7a04b65023ffc59_ns3000_20260508_184014/baseline/quad_meshes/8d46740c472f9d36b7a04b65023ffc59_quad_extract_work/8d46740c472f9d36b7a04b65023ffc59_quad_repaired.obj
       V=2503 F=4998
[2/4] Loading cross field: /root/SemanPartMesh/compare_8d46740c472f9d36b7a04b65023ffc59_ns3000_20260508_184014/baseline/quad_meshes/8d46740c472f9d36b7a04b65023ffc59_quad_extract_work/8d46740c472f9d36b7a04b65023ffc59_quad_repaired_cf.txt
       cross field rows=4998
Degenerate triangle in input mesh at face 4996
[1/4] Loading mesh: /root/SemanPartMesh/compare_8d46740c472f9d36b7a04b65023ffc59_ns3000_20260508_184014/baseline/quad_meshes/8d46740c472f9d36b7a04b65023ffc59_quad_extract_work/8d46740c472f9d36b7a04b65023ffc59_quad_repaired.obj
       V=2503 F=4998
[2/4] Loading cross field: /root/SemanPartMesh/compare_8d46740c472f9d36b7a04b65023ffc59_ns3000_20260508_184014/baseline/quad_meshes/8d46740c472f9d36b7a04b65023ffc59_quad_extract_work/8d46740c472f9d36b7a04b65023ffc59_quad_repaired_cf.txt
       cross field rows=4998
Degenerate triangle in input mesh at face 4996

============================================================
  [1/1] 8d46740c472f9d36b7a04b65023ffc59
============================================================

==================================================
  [Tier 0] Standard repair pipeline
==================================================
  [nm-fix] duplicated 2 vertex instances, verts: 2500 -> 2502, face-comps: 3, nm_edges: 0
  [bridge] added 4 bridge faces, components: 3 -> 1
  [repair] collapsed 3 degenerate edge(s), V: 2506->2503, F: 5004->4998

[Auto Sweep]
  mesh        : /root/SemanPartMesh/compare_8d46740c472f9d36b7a04b65023ffc59_ns3000_20260508_184014/baseline/quad_meshes/8d46740c472f9d36b7a04b65023ffc59_quad_extract_work/8d46740c472f9d36b7a04b65023ffc59_quad_repaired.obj
  cross field : /root/SemanPartMesh/compare_8d46740c472f9d36b7a04b65023ffc59_ns3000_20260508_184014/baseline/quad_meshes/8d46740c472f9d36b7a04b65023ffc59_quad_extract_work/8d46740c472f9d36b7a04b65023ffc59_quad_repaired_cf.txt
  output      : /root/SemanPartMesh/compare_8d46740c472f9d36b7a04b65023ffc59_ns3000_20260508_184014/baseline/quad_meshes/8d46740c472f9d36b7a04b65023ffc59_quad.obj
  sweep_values: [8.0, 12.0, 16.0, 24.0, 30.0, 40.0, 60.0]
  thresholds  : min_quads=250, max_ad=15.0, min_jr=0.15

  target_quads: 2499 (budget-aware ranking)

  budget_tol  : 0.200

[Auto Sweep] Trying gradient_size=8.0
  binary       : /root/SemanPartMesh/quad_extract/build/extract_quad_mesh
  input mesh   : /root/SemanPartMesh/compare_8d46740c472f9d36b7a04b65023ffc59_ns3000_20260508_184014/baseline/quad_meshes/8d46740c472f9d36b7a04b65023ffc59_quad_extract_work/8d46740c472f9d36b7a04b65023ffc59_quad_repaired.obj
  cross field  : /root/SemanPartMesh/compare_8d46740c472f9d36b7a04b65023ffc59_ns3000_20260508_184014/baseline/quad_meshes/8d46740c472f9d36b7a04b65023ffc59_quad_extract_work/8d46740c472f9d36b7a04b65023ffc59_quad_repaired_cf.txt
  output       : /root/SemanPartMesh/compare_8d46740c472f9d36b7a04b65023ffc59_ns3000_20260508_184014/baseline/quad_meshes/8d46740c472f9d36b7a04b65023ffc59_quad_extract_work/8d46740c472f9d36b7a04b65023ffc59_quad_gs8.obj
  gradient_size: 8.0  timeout: 1800s

  FAILED: Command '['/root/SemanPartMesh/quad_extract/build/extract_quad_mesh', '/root/SemanPartMesh/compare_8d46740c472f9d36b7a04b65023ffc59_ns3000_20260508_184014/baseline/quad_meshes/8d46740c472f9d36b7a04b65023ffc59_quad_extract_work/8d46740c472f9d36b7a04b65023ffc59_quad_repaired.obj', '/root/SemanPartMesh/compare_8d46740c472f9d36b7a04b65023ffc59_ns3000_20260508_184014/baseline/quad_meshes/8d46740c472f9d36b7a04b65023ffc59_quad_extract_work/8d46740c472f9d36b7a04b65023ffc59_quad_repaired_cf.txt', '/root/SemanPartMesh/compare_8d46740c472f9d36b7a04b65023ffc59_ns3000_20260508_184014/baseline/quad_meshes/8d46740c472f9d36b7a04b65023ffc59_quad_extract_work/8d46740c472f9d36b7a04b65023ffc59_quad_gs8.obj', '8.0', '5.0', '0', '5', '5']' returned non-zero exit status 1.
  binary       : /root/SemanPartMesh/quad_extract/build/extract_quad_mesh
  input mesh   : /root/SemanPartMesh/compare_8d46740c472f9d36b7a04b65023ffc59_ns3000_20260508_184014/baseline/quad_meshes/8d46740c472f9d36b7a04b65023ffc59_quad_extract_work/8d46740c472f9d36b7a04b65023ffc59_quad_repaired.obj
  cross field  : /root/SemanPartMesh/compare_8d46740c472f9d36b7a04b65023ffc59_ns3000_20260508_184014/baseline/quad_meshes/8d46740c472f9d36b7a04b65023ffc59_quad_extract_work/8d46740c472f9d36b7a04b65023ffc59_quad_repaired_cf.txt
  output       : /root/SemanPartMesh/compare_8d46740c472f9d36b7a04b65023ffc59_ns3000_20260508_184014/baseline/quad_meshes/8d46740c472f9d36b7a04b65023ffc59_quad_extract_work/8d46740c472f9d36b7a04b65023ffc59_quad_gs8.obj
  gradient_size: 8.0  timeout: 1800s  [stiff=50.0 dr=0 it=5]

  FAILED: Command '['/root/SemanPartMesh/quad_extract/build/extract_quad_mesh', '/root/SemanPartMesh/compare_8d46740c472f9d36b7a04b65023ffc59_ns3000_20260508_184014/baseline/quad_meshes/8d46740c472f9d36b7a04b65023ffc59_quad_extract_work/8d46740c472f9d36b7a04b65023ffc59_quad_repaired.obj', '/root/SemanPartMesh/compare_8d46740c472f9d36b7a04b65023ffc59_ns3000_20260508_184014/baseline/quad_meshes/8d46740c472f9d36b7a04b65023ffc59_quad_extract_work/8d46740c472f9d36b7a04b65023ffc59_quad_repaired_cf.txt', '/root/SemanPartMesh/compare_8d46740c472f9d36b7a04b65023ffc59_ns3000_20260508_184014/baseline/quad_meshes/8d46740c472f9d36b7a04b65023ffc59_quad_extract_work/8d46740c472f9d36b7a04b65023ffc59_quad_gs8.obj', '8.0', '50.0', '0', '5', '5']' returned non-zero exit status 1.
  binary       : /root/SemanPartMesh/quad_extract/build/extract_quad_mesh
  input mesh   : /root/SemanPartMesh/compare_8d46740c472f9d36b7a04b65023ffc59_ns3000_20260508_184014/baseline/quad_meshes/8d46740c472f9d36b7a04b65023ffc59_quad_extract_work/8d46740c472f9d36b7a04b65023ffc59_quad_repaired.obj
  cross field  : /root/SemanPartMesh/compare_8d46740c472f9d36b7a04b65023ffc59_ns3000_20260508_184014/baseline/quad_meshes/8d46740c472f9d36b7a04b65023ffc59_quad_extract_work/8d46740c472f9d36b7a04b65023ffc59_quad_repaired_cf.txt
  output       : /root/SemanPartMesh/compare_8d46740c472f9d36b7a04b65023ffc59_ns3000_20260508_184014/baseline/quad_meshes/8d46740c472f9d36b7a04b65023ffc59_quad_extract_work/8d46740c472f9d36b7a04b65023ffc59_quad_gs8.obj
  gradient_size: 8.0  timeout: 1800s  [stiff=5.0 dr=1 it=5]

  FAILED: Command '['/root/SemanPartMesh/quad_extract/build/extract_quad_mesh', '/root/SemanPartMesh/compare_8d46740c472f9d36b7a04b65023ffc59_ns3000_20260508_184014/baseline/quad_meshes/8d46740c472f9d36b7a04b65023ffc59_quad_extract_work/8d46740c472f9d36b7a04b65023ffc59_quad_repaired.obj', '/root/SemanPartMesh/compare_8d46740c472f9d36b7a04b65023ffc59_ns3000_20260508_184014/baseline/quad_meshes/8d46740c472f9d36b7a04b65023ffc59_quad_extract_work/8d46740c472f9d36b7a04b65023ffc59_quad_repaired_cf.txt', '/root/SemanPartMesh/compare_8d46740c472f9d36b7a04b65023ffc59_ns3000_20260508_184014/baseline/quad_meshes/8d46740c472f9d36b7a04b65023ffc59_quad_extract_work/8d46740c472f9d36b7a04b65023ffc59_quad_gs8.obj', '8.0', '5.0', '1', '5', '5']' returned non-zero exit status 1.
  binary       : /root/SemanPartMesh/quad_extract/build/extract_quad_mesh
  input mesh   : /root/SemanPartMesh/compare_8d46740c472f9d36b7a04b65023ffc59_ns3000_20260508_184014/baseline/quad_meshes/8d46740c472f9d36b7a04b65023ffc59_quad_extract_work/8d46740c472f9d36b7a04b65023ffc59_quad_repaired.obj
  cross field  : /root/SemanPartMesh/compare_8d46740c472f9d36b7a04b65023ffc59_ns3000_20260508_184014/baseline/quad_meshes/8d46740c472f9d36b7a04b65023ffc59_quad_extract_work/8d46740c472f9d36b7a04b65023ffc59_quad_repaired_cf.txt
  output       : /root/SemanPartMesh/compare_8d46740c472f9d36b7a04b65023ffc59_ns3000_20260508_184014/baseline/quad_meshes/8d46740c472f9d36b7a04b65023ffc59_quad_extract_work/8d46740c472f9d36b7a04b65023ffc59_quad_gs8.obj
  gradient_size: 8.0  timeout: 1800s  [stiff=50.0 dr=1 it=5]

  FAILED: Command '['/root/SemanPartMesh/quad_extract/build/extract_quad_mesh', '/root/SemanPartMesh/compare_8d46740c472f9d36b7a04b65023ffc59_ns3000_20260508_184014/baseline/quad_meshes/8d46740c472f9d36b7a04b65023ffc59_quad_extract_work/8d46740c472f9d36b7a04b65023ffc59_quad_repaired.obj', '/root/SemanPartMesh/compare_8d46740c472f9d36b7a04b65023ffc59_ns3000_20260508_184014/baseline/quad_meshes/8d46740c472f9d36b7a04b65023ffc59_quad_extract_work/8d46740c472f9d36b7a04b65023ffc59_quad_repaired_cf.txt', '/root/SemanPartMesh/compare_8d46740c472f9d36b7a04b65023ffc59_ns3000_20260508_184014/baseline/quad_meshes/8d46740c472f9d36b7a04b65023ffc59_quad_extract_work/8d46740c472f9d36b7a04b65023ffc59_quad_gs8.obj', '8.0', '50.0', '1', '5', '5']' returned non-zero exit status 1.
  binary       : /root/SemanPartMesh/quad_extract/build/extract_quad_mesh
  input mesh   : /root/SemanPartMesh/compare_8d46740c472f9d36b7a04b65023ffc59_ns3000_20260508_184014/baseline/quad_meshes/8d46740c472f9d36b7a04b65023ffc59_quad_extract_work/8d46740c472f9d36b7a04b65023ffc59_quad_repaired.obj
  cross field  : /root/SemanPartMesh/compare_8d46740c472f9d36b7a04b65023ffc59_ns3000_20260508_184014/baseline/quad_meshes/8d46740c472f9d36b7a04b65023ffc59_quad_extract_work/8d46740c472f9d36b7a04b65023ffc59_quad_repaired_cf.txt
  output       : /root/SemanPartMesh/compare_8d46740c472f9d36b7a04b65023ffc59_ns3000_20260508_184014/baseline/quad_meshes/8d46740c472f9d36b7a04b65023ffc59_quad_extract_work/8d46740c472f9d36b7a04b65023ffc59_quad_gs8.obj[1/4] Loading mesh: /root/SemanPartMesh/compare_8d46740c472f9d36b7a04b65023ffc59_ns3000_20260508_184014/baseline/quad_meshes/8d46740c472f9d36b7a04b65023ffc59_quad_extract_work/8d46740c472f9d36b7a04b65023ffc59_quad_repaired.obj
       V=2503 F=4998
[2/4] Loading cross field: /root/SemanPartMesh/compare_8d46740c472f9d36b7a04b65023ffc59_ns3000_20260508_184014/baseline/quad_meshes/8d46740c472f9d36b7a04b65023ffc59_quad_extract_work/8d46740c472f9d36b7a04b65023ffc59_quad_repaired_cf.txt
       cross field rows=4998
Degenerate triangle in input mesh at face 4996
[1/4] Loading mesh: /root/SemanPartMesh/compare_8d46740c472f9d36b7a04b65023ffc59_ns3000_20260508_184014/baseline/quad_meshes/8d46740c472f9d36b7a04b65023ffc59_quad_extract_work/8d46740c472f9d36b7a04b65023ffc59_quad_repaired.obj
       V=2503 F=4998
[2/4] Loading cross field: /root/SemanPartMesh/compare_8d46740c472f9d36b7a04b65023ffc59_ns3000_20260508_184014/baseline/quad_meshes/8d46740c472f9d36b7a04b65023ffc59_quad_extract_work/8d46740c472f9d36b7a04b65023ffc59_quad_repaired_cf.txt
       cross field rows=4998
Degenerate triangle in input mesh at face 4996
[1/4] Loading mesh: /root/SemanPartMesh/compare_8d46740c472f9d36b7a04b65023ffc59_ns3000_20260508_184014/baseline/quad_meshes/8d46740c472f9d36b7a04b65023ffc59_quad_extract_work/8d46740c472f9d36b7a04b65023ffc59_quad_repaired.obj
       V=2503 F=4998
[2/4] Loading cross field: /root/SemanPartMesh/compare_8d46740c472f9d36b7a04b65023ffc59_ns3000_20260508_184014/baseline/quad_meshes/8d46740c472f9d36b7a04b65023ffc59_quad_extract_work/8d46740c472f9d36b7a04b65023ffc59_quad_repaired_cf.txt
       cross field rows=4998
Degenerate triangle in input mesh at face 4996
[1/4] Loading mesh: /root/SemanPartMesh/compare_8d46740c472f9d36b7a04b65023ffc59_ns3000_20260508_184014/baseline/quad_meshes/8d46740c472f9d36b7a04b65023ffc59_quad_extract_work/8d46740c472f9d36b7a04b65023ffc59_quad_repaired.obj
       V=2503 F=4998
[2/4] Loading cross field: /root/SemanPartMesh/compare_8d46740c472f9d36b7a04b65023ffc59_ns3000_20260508_184014/baseline/quad_meshes/8d46740c472f9d36b7a04b65023ffc59_quad_extract_work/8d46740c472f9d36b7a04b65023ffc59_quad_repaired_cf.txt
       cross field rows=4998
Degenerate triangle in input mesh at face 4996
[1/4] Loading mesh: /root/SemanPartMesh/compare_8d46740c472f9d36b7a04b65023ffc59_ns3000_20260508_184014/baseline/quad_meshes/8d46740c472f9d36b7a04b65023ffc59_quad_extract_work/8d46740c472f9d36b7a04b65023ffc59_quad_repaired.obj
       V=2503 F=4998
[2/4] Loading cross field: /root/SemanPartMesh/compare_8d46740c472f9d36b7a04b65023ffc59_ns3000_20260508_184014/baseline/quad_meshes/8d46740c472f9d36b7a04b65023ffc59_quad_extract_work/8d46740c472f9d36b7a04b65023ffc59_quad_repaired_cf.txt
       cross field rows=4998
Degenerate triangle in input mesh at face 4996
[1/4] Loading mesh: /root/SemanPartMesh/compare_8d46740c472f9d36b7a04b65023ffc59_ns3000_20260508_184014/baseline/quad_meshes/8d46740c472f9d36b7a04b65023ffc59_quad_extract_work/8d46740c472f9d36b7a04b65023ffc59_quad_repaired.obj
       V=2503 F=4998
[2/4] Loading cross field: /root/SemanPartMesh/compare_8d46740c472f9d36b7a04b65023ffc59_ns3000_20260508_184014/baseline/quad_meshes/8d46740c472f9d36b7a04b65023ffc59_quad_extract_work/8d46740c472f9d36b7a04b65023ffc59_quad_repaired_cf.txt
       cross field rows=4998
Degenerate triangle in input mesh at face 4996

  gradient_size: 8.0  timeout: 1800s  [stiff=200.0 dr=1 it=3]

  FAILED: Command '['/root/SemanPartMesh/quad_extract/build/extract_quad_mesh', '/root/SemanPartMesh/compare_8d46740c472f9d36b7a04b65023ffc59_ns3000_20260508_184014/baseline/quad_meshes/8d46740c472f9d36b7a04b65023ffc59_quad_extract_work/8d46740c472f9d36b7a04b65023ffc59_quad_repaired.obj', '/root/SemanPartMesh/compare_8d46740c472f9d36b7a04b65023ffc59_ns3000_20260508_184014/baseline/quad_meshes/8d46740c472f9d36b7a04b65023ffc59_quad_extract_work/8d46740c472f9d36b7a04b65023ffc59_quad_repaired_cf.txt', '/root/SemanPartMesh/compare_8d46740c472f9d36b7a04b65023ffc59_ns3000_20260508_184014/baseline/quad_meshes/8d46740c472f9d36b7a04b65023ffc59_quad_extract_work/8d46740c472f9d36b7a04b65023ffc59_quad_gs8.obj', '8.0', '200.0', '1', '3', '5']' returned non-zero exit status 1.
  FAILED: extraction failed for gs=8.0

[Auto Sweep] Trying gradient_size=12.0
  binary       : /root/SemanPartMesh/quad_extract/build/extract_quad_mesh
  input mesh   : /root/SemanPartMesh/compare_8d46740c472f9d36b7a04b65023ffc59_ns3000_20260508_184014/baseline/quad_meshes/8d46740c472f9d36b7a04b65023ffc59_quad_extract_work/8d46740c472f9d36b7a04b65023ffc59_quad_repaired.obj
  cross field  : /root/SemanPartMesh/compare_8d46740c472f9d36b7a04b65023ffc59_ns3000_20260508_184014/baseline/quad_meshes/8d46740c472f9d36b7a04b65023ffc59_quad_extract_work/8d46740c472f9d36b7a04b65023ffc59_quad_repaired_cf.txt
  output       : /root/SemanPartMesh/compare_8d46740c472f9d36b7a04b65023ffc59_ns3000_20260508_184014/baseline/quad_meshes/8d46740c472f9d36b7a04b65023ffc59_quad_extract_work/8d46740c472f9d36b7a04b65023ffc59_quad_gs12.obj
  gradient_size: 12.0  timeout: 1800s

  FAILED: Command '['/root/SemanPartMesh/quad_extract/build/extract_quad_mesh', '/root/SemanPartMesh/compare_8d46740c472f9d36b7a04b65023ffc59_ns3000_20260508_184014/baseline/quad_meshes/8d46740c472f9d36b7a04b65023ffc59_quad_extract_work/8d46740c472f9d36b7a04b65023ffc59_quad_repaired.obj', '/root/SemanPartMesh/compare_8d46740c472f9d36b7a04b65023ffc59_ns3000_20260508_184014/baseline/quad_meshes/8d46740c472f9d36b7a04b65023ffc59_quad_extract_work/8d46740c472f9d36b7a04b65023ffc59_quad_repaired_cf.txt', '/root/SemanPartMesh/compare_8d46740c472f9d36b7a04b65023ffc59_ns3000_20260508_184014/baseline/quad_meshes/8d46740c472f9d36b7a04b65023ffc59_quad_extract_work/8d46740c472f9d36b7a04b65023ffc59_quad_gs12.obj', '12.0', '5.0', '0', '5', '5']' returned non-zero exit status 1.
  binary       : /root/SemanPartMesh/quad_extract/build/extract_quad_mesh
  input mesh   : /root/SemanPartMesh/compare_8d46740c472f9d36b7a04b65023ffc59_ns3000_20260508_184014/baseline/quad_meshes/8d46740c472f9d36b7a04b65023ffc59_quad_extract_work/8d46740c472f9d36b7a04b65023ffc59_quad_repaired.obj
  cross field  : /root/SemanPartMesh/compare_8d46740c472f9d36b7a04b65023ffc59_ns3000_20260508_184014/baseline/quad_meshes/8d46740c472f9d36b7a04b65023ffc59_quad_extract_work/8d46740c472f9d36b7a04b65023ffc59_quad_repaired_cf.txt
  output       : /root/SemanPartMesh/compare_8d46740c472f9d36b7a04b65023ffc59_ns3000_20260508_184014/baseline/quad_meshes/8d46740c472f9d36b7a04b65023ffc59_quad_extract_work/8d46740c472f9d36b7a04b65023ffc59_quad_gs12.obj
  gradient_size: 12.0  timeout: 1800s  [stiff=50.0 dr=0 it=5]

  FAILED: Command '['/root/SemanPartMesh/quad_extract/build/extract_quad_mesh', '/root/SemanPartMesh/compare_8d46740c472f9d36b7a04b65023ffc59_ns3000_20260508_184014/baseline/quad_meshes/8d46740c472f9d36b7a04b65023ffc59_quad_extract_work/8d46740c472f9d36b7a04b65023ffc59_quad_repaired.obj', '/root/SemanPartMesh/compare_8d46740c472f9d36b7a04b65023ffc59_ns3000_20260508_184014/baseline/quad_meshes/8d46740c472f9d36b7a04b65023ffc59_quad_extract_work/8d46740c472f9d36b7a04b65023ffc59_quad_repaired_cf.txt', '/root/SemanPartMesh/compare_8d46740c472f9d36b7a04b65023ffc59_ns3000_20260508_184014/baseline/quad_meshes/8d46740c472f9d36b7a04b65023ffc59_quad_extract_work/8d46740c472f9d36b7a04b65023ffc59_quad_gs12.obj', '12.0', '50.0', '0', '5', '5']' returned non-zero exit status 1.
  binary       : /root/SemanPartMesh/quad_extract/build/extract_quad_mesh
  input mesh   : /root/SemanPartMesh/compare_8d46740c472f9d36b7a04b65023ffc59_ns3000_20260508_184014/baseline/quad_meshes/8d46740c472f9d36b7a04b65023ffc59_quad_extract_work/8d46740c472f9d36b7a04b65023ffc59_quad_repaired.obj
  cross field  : /root/SemanPartMesh/compare_8d46740c472f9d36b7a04b65023ffc59_ns3000_20260508_184014/baseline/quad_meshes/8d46740c472f9d36b7a04b65023ffc59_quad_extract_work/8d46740c472f9d36b7a04b65023ffc59_quad_repaired_cf.txt
  output       : /root/SemanPartMesh/compare_8d46740c472f9d36b7a04b65023ffc59_ns3000_20260508_184014/baseline/quad_meshes/8d46740c472f9d36b7a04b65023ffc59_quad_extract_work/8d46740c472f9d36b7a04b65023ffc59_quad_gs12.obj
  gradient_size: 12.0  timeout: 1800s  [stiff=5.0 dr=1 it=5]

  FAILED: Command '['/root/SemanPartMesh/quad_extract/build/extract_quad_mesh', '/root/SemanPartMesh/compare_8d46740c472f9d36b7a04b65023ffc59_ns3000_20260508_184014/baseline/quad_meshes/8d46740c472f9d36b7a04b65023ffc59_quad_extract_work/8d46740c472f9d36b7a04b65023ffc59_quad_repaired.obj', '/root/SemanPartMesh/compare_8d46740c472f9d36b7a04b65023ffc59_ns3000_20260508_184014/baseline/quad_meshes/8d46740c472f9d36b7a04b65023ffc59_quad_extract_work/8d46740c472f9d36b7a04b65023ffc59_quad_repaired_cf.txt', '/root/SemanPartMesh/compare_8d46740c472f9d36b7a04b65023ffc59_ns3000_20260508_184014/baseline/quad_meshes/8d46740c472f9d36b7a04b65023ffc59_quad_extract_work/8d46740c472f9d36b7a04b65023ffc59_quad_gs12.obj', '12.0', '5.0', '1', '5', '5']' returned non-zero exit status 1.
  binary       : /root/SemanPartMesh/quad_extract/build/extract_quad_mesh
  input mesh   : /root/SemanPartMesh/compare_8d46740c472f9d36b7a04b65023ffc59_ns3000_20260508_184014/baseline/quad_meshes/8d46740c472f9d36b7a04b65023ffc59_quad_extract_work/8d46740c472f9d36b7a04b65023ffc59_quad_repaired.obj
  cross field  : /root/SemanPartMesh/compare_8d46740c472f9d36b7a04b65023ffc59_ns3000_20260508_184014/baseline/quad_meshes/8d46740c472f9d36b7a04b65023ffc59_quad_extract_work/8d46740c472f9d36b7a04b65023ffc59_quad_repaired_cf.txt
  output       : /root/SemanPartMesh/compare_8d46740c472f9d36b7a04b65023ffc59_ns3000_20260508_184014/baseline/quad_meshes/8d46740c472f9d36b7a04b65023ffc59_quad_extract_work/8d46740c472f9d36b7a04b65023ffc59_quad_gs12.obj
  gradient_size: 12.0  timeout: 1800s  [stiff=50.0 dr=1 it=5]

  FAILED: Command '['/root/SemanPartMesh/quad_extract/build/extract_quad_mesh', '/root/SemanPartMesh/compare_8d46740c472f9d36b7a04b65023ffc59_ns3000_20260508_184014/baseline/quad_meshes/8d46740c472f9d36b7a04b65023ffc59_quad_extract_work/8d46740c472f9d36b7a04b65023ffc59_quad_repaired.obj', '/root/SemanPartMesh/compare_8d46740c472f9d36b7a04b65023ffc59_ns3000_20260508_184014/baseline/quad_meshes/8d46740c472f9d36b7a04b65023ffc59_quad_extract_work/8d46740c472f9d36b7a04b65023ffc59_quad_repaired_cf.txt', '/root/SemanPartMesh/compare_8d46740c472f9d36b7a04b65023ffc59_ns3000_20260508_184014/baseline/quad_meshes/8d46740c472f9d36b7a04b65023ffc59_quad_extract_work/8d46740c472f9d36b7a04b65023ffc59_quad_gs12.obj', '12.0', '50.0', '1', '5', '5']' returned non-zero exit status 1.
  binary       : /root/SemanPartMesh/quad_extract/build/extract_quad_mesh
  input mesh   : /root/SemanPartMesh/compare_8d46740c472f9d36b7a04b65023ffc59_ns3000_20260508_184014/baseline/quad_meshes/8d46740c472f9d36b7a04b65023ffc59_quad_extract_work/8d46740c472f9d36b7a04b65023ffc59_quad_repaired.obj
  cross field  : /root/SemanPartMesh/compare_8d46740c472f9d36b7a04b65023ffc59_ns3000_20260508_184014/baseline/quad_meshes/8d46740c472f9d36b7a04b65023ffc59_quad_extract_work/8d46740c472f9d36b7a04b65023ffc59_quad_repaired_cf.txt
  output       : /root/SemanPartMesh/compare_8d46740c472f9d36b7a04b65023ffc59_ns3000_20260508_184014/baseline/quad_meshes/8d46740c472f9d36b7a04b65023ffc59_quad_extract_work/8d46740c472f9d36b7a04b65023ffc59_quad_gs12.obj
  gradient_size: 12.0  timeout: 1800s  [stiff=200.0 dr=1 it=3]

  FAILED: Command '['/root/SemanPartMesh/quad_extract/build/extract_quad_mesh', '/root/SemanPartMesh/compare_8d46740c472f9d36b7a04b65023ffc59_ns3000_20260508_184014/baseline/quad_meshes/8d46740c472f9d36b7a04b65023ffc59_quad_extract_work/8d46740c472f9d36b7a04b65023ffc59_quad_repaired.obj', '/root/SemanPartMesh/compare_8d46740c472f9d36b7a04b65023ffc59_ns3000_20260508_184014/baseline/quad_meshes/8d46740c472f9d36b7a04b65023ffc59_quad_extract_work/8d46740c472f9d36b7a04b65023ffc59_quad_repaired_cf.txt', '/root/SemanPartMesh/compare_8d46740c472f9d36b7a04b65023ffc59_ns3000_20260508_184014/baseline/quad_meshes/8d46740c472f9d36b7a04b65023ffc59_quad_extract_work/8d46740c472f9d36b7a04b65023ffc59_quad_gs12.obj', '12.0', '200.0', '1', '3', '5']' returned non-zero exit status 1.[1/4] Loading mesh: /root/SemanPartMesh/compare_8d46740c472f9d36b7a04b65023ffc59_ns3000_20260508_184014/baseline/quad_meshes/8d46740c472f9d36b7a04b65023ffc59_quad_extract_work/8d46740c472f9d36b7a04b65023ffc59_quad_repaired.obj
       V=2503 F=4998
[2/4] Loading cross field: /root/SemanPartMesh/compare_8d46740c472f9d36b7a04b65023ffc59_ns3000_20260508_184014/baseline/quad_meshes/8d46740c472f9d36b7a04b65023ffc59_quad_extract_work/8d46740c472f9d36b7a04b65023ffc59_quad_repaired_cf.txt
       cross field rows=4998
Degenerate triangle in input mesh at face 4996
[1/4] Loading mesh: /root/SemanPartMesh/compare_8d46740c472f9d36b7a04b65023ffc59_ns3000_20260508_184014/baseline/quad_meshes/8d46740c472f9d36b7a04b65023ffc59_quad_extract_work/8d46740c472f9d36b7a04b65023ffc59_quad_repaired.obj
       V=2503 F=4998
[2/4] Loading cross field: /root/SemanPartMesh/compare_8d46740c472f9d36b7a04b65023ffc59_ns3000_20260508_184014/baseline/quad_meshes/8d46740c472f9d36b7a04b65023ffc59_quad_extract_work/8d46740c472f9d36b7a04b65023ffc59_quad_repaired_cf.txt
       cross field rows=4998
Degenerate triangle in input mesh at face 4996
[1/4] Loading mesh: /root/SemanPartMesh/compare_8d46740c472f9d36b7a04b65023ffc59_ns3000_20260508_184014/baseline/quad_meshes/8d46740c472f9d36b7a04b65023ffc59_quad_extract_work/8d46740c472f9d36b7a04b65023ffc59_quad_repaired.obj
       V=2503 F=4998
[2/4] Loading cross field: /root/SemanPartMesh/compare_8d46740c472f9d36b7a04b65023ffc59_ns3000_20260508_184014/baseline/quad_meshes/8d46740c472f9d36b7a04b65023ffc59_quad_extract_work/8d46740c472f9d36b7a04b65023ffc59_quad_repaired_cf.txt
       cross field rows=4998
Degenerate triangle in input mesh at face 4996
[1/4] Loading mesh: /root/SemanPartMesh/compare_8d46740c472f9d36b7a04b65023ffc59_ns3000_20260508_184014/baseline/quad_meshes/8d46740c472f9d36b7a04b65023ffc59_quad_extract_work/8d46740c472f9d36b7a04b65023ffc59_quad_repaired.obj
       V=2503 F=4998
[2/4] Loading cross field: /root/SemanPartMesh/compare_8d46740c472f9d36b7a04b65023ffc59_ns3000_20260508_184014/baseline/quad_meshes/8d46740c472f9d36b7a04b65023ffc59_quad_extract_work/8d46740c472f9d36b7a04b65023ffc59_quad_repaired_cf.txt
       cross field rows=4998
Degenerate triangle in input mesh at face 4996
[1/4] Loading mesh: /root/SemanPartMesh/compare_8d46740c472f9d36b7a04b65023ffc59_ns3000_20260508_184014/baseline/quad_meshes/8d46740c472f9d36b7a04b65023ffc59_quad_extract_work/8d46740c472f9d36b7a04b65023ffc59_quad_repaired.obj
       V=2503 F=4998
[2/4] Loading cross field: /root/SemanPartMesh/compare_8d46740c472f9d36b7a04b65023ffc59_ns3000_20260508_184014/baseline/quad_meshes/8d46740c472f9d36b7a04b65023ffc59_quad_extract_work/8d46740c472f9d36b7a04b65023ffc59_quad_repaired_cf.txt
       cross field rows=4998
Degenerate triangle in input mesh at face 4996

  FAILED: extraction failed for gs=12.0

[Auto Sweep] Trying gradient_size=16.0
  binary       : /root/SemanPartMesh/quad_extract/build/extract_quad_mesh
  input mesh   : /root/SemanPartMesh/compare_8d46740c472f9d36b7a04b65023ffc59_ns3000_20260508_184014/baseline/quad_meshes/8d46740c472f9d36b7a04b65023ffc59_quad_extract_work/8d46740c472f9d36b7a04b65023ffc59_quad_repaired.obj
  cross field  : /root/SemanPartMesh/compare_8d46740c472f9d36b7a04b65023ffc59_ns3000_20260508_184014/baseline/quad_meshes/8d46740c472f9d36b7a04b65023ffc59_quad_extract_work/8d46740c472f9d36b7a04b65023ffc59_quad_repaired_cf.txt
  output       : /root/SemanPartMesh/compare_8d46740c472f9d36b7a04b65023ffc59_ns3000_20260508_184014/baseline/quad_meshes/8d46740c472f9d36b7a04b65023ffc59_quad_extract_work/8d46740c472f9d36b7a04b65023ffc59_quad_gs16.obj
  gradient_size: 16.0  timeout: 1800s

  FAILED: Command '['/root/SemanPartMesh/quad_extract/build/extract_quad_mesh', '/root/SemanPartMesh/compare_8d46740c472f9d36b7a04b65023ffc59_ns3000_20260508_184014/baseline/quad_meshes/8d46740c472f9d36b7a04b65023ffc59_quad_extract_work/8d46740c472f9d36b7a04b65023ffc59_quad_repaired.obj', '/root/SemanPartMesh/compare_8d46740c472f9d36b7a04b65023ffc59_ns3000_20260508_184014/baseline/quad_meshes/8d46740c472f9d36b7a04b65023ffc59_quad_extract_work/8d46740c472f9d36b7a04b65023ffc59_quad_repaired_cf.txt', '/root/SemanPartMesh/compare_8d46740c472f9d36b7a04b65023ffc59_ns3000_20260508_184014/baseline/quad_meshes/8d46740c472f9d36b7a04b65023ffc59_quad_extract_work/8d46740c472f9d36b7a04b65023ffc59_quad_gs16.obj', '16.0', '5.0', '0', '5', '5']' returned non-zero exit status 1.
  binary       : /root/SemanPartMesh/quad_extract/build/extract_quad_mesh
  input mesh   : /root/SemanPartMesh/compare_8d46740c472f9d36b7a04b65023ffc59_ns3000_20260508_184014/baseline/quad_meshes/8d46740c472f9d36b7a04b65023ffc59_quad_extract_work/8d46740c472f9d36b7a04b65023ffc59_quad_repaired.obj
  cross field  : /root/SemanPartMesh/compare_8d46740c472f9d36b7a04b65023ffc59_ns3000_20260508_184014/baseline/quad_meshes/8d46740c472f9d36b7a04b65023ffc59_quad_extract_work/8d46740c472f9d36b7a04b65023ffc59_quad_repaired_cf.txt
  output       : /root/SemanPartMesh/compare_8d46740c472f9d36b7a04b65023ffc59_ns3000_20260508_184014/baseline/quad_meshes/8d46740c472f9d36b7a04b65023ffc59_quad_extract_work/8d46740c472f9d36b7a04b65023ffc59_quad_gs16.obj
  gradient_size: 16.0  timeout: 1800s  [stiff=50.0 dr=0 it=5]

  FAILED: Command '['/root/SemanPartMesh/quad_extract/build/extract_quad_mesh', '/root/SemanPartMesh/compare_8d46740c472f9d36b7a04b65023ffc59_ns3000_20260508_184014/baseline/quad_meshes/8d46740c472f9d36b7a04b65023ffc59_quad_extract_work/8d46740c472f9d36b7a04b65023ffc59_quad_repaired.obj', '/root/SemanPartMesh/compare_8d46740c472f9d36b7a04b65023ffc59_ns3000_20260508_184014/baseline/quad_meshes/8d46740c472f9d36b7a04b65023ffc59_quad_extract_work/8d46740c472f9d36b7a04b65023ffc59_quad_repaired_cf.txt', '/root/SemanPartMesh/compare_8d46740c472f9d36b7a04b65023ffc59_ns3000_20260508_184014/baseline/quad_meshes/8d46740c472f9d36b7a04b65023ffc59_quad_extract_work/8d46740c472f9d36b7a04b65023ffc59_quad_gs16.obj', '16.0', '50.0', '0', '5', '5']' returned non-zero exit status 1.
  binary       : /root/SemanPartMesh/quad_extract/build/extract_quad_mesh
  input mesh   : /root/SemanPartMesh/compare_8d46740c472f9d36b7a04b65023ffc59_ns3000_20260508_184014/baseline/quad_meshes/8d46740c472f9d36b7a04b65023ffc59_quad_extract_work/8d46740c472f9d36b7a04b65023ffc59_quad_repaired.obj
  cross field  : /root/SemanPartMesh/compare_8d46740c472f9d36b7a04b65023ffc59_ns3000_20260508_184014/baseline/quad_meshes/8d46740c472f9d36b7a04b65023ffc59_quad_extract_work/8d46740c472f9d36b7a04b65023ffc59_quad_repaired_cf.txt
  output       : /root/SemanPartMesh/compare_8d46740c472f9d36b7a04b65023ffc59_ns3000_20260508_184014/baseline/quad_meshes/8d46740c472f9d36b7a04b65023ffc59_quad_extract_work/8d46740c472f9d36b7a04b65023ffc59_quad_gs16.obj
  gradient_size: 16.0  timeout: 1800s  [stiff=5.0 dr=1 it=5]

  FAILED: Command '['/root/SemanPartMesh/quad_extract/build/extract_quad_mesh', '/root/SemanPartMesh/compare_8d46740c472f9d36b7a04b65023ffc59_ns3000_20260508_184014/baseline/quad_meshes/8d46740c472f9d36b7a04b65023ffc59_quad_extract_work/8d46740c472f9d36b7a04b65023ffc59_quad_repaired.obj', '/root/SemanPartMesh/compare_8d46740c472f9d36b7a04b65023ffc59_ns3000_20260508_184014/baseline/quad_meshes/8d46740c472f9d36b7a04b65023ffc59_quad_extract_work/8d46740c472f9d36b7a04b65023ffc59_quad_repaired_cf.txt', '/root/SemanPartMesh/compare_8d46740c472f9d36b7a04b65023ffc59_ns3000_20260508_184014/baseline/quad_meshes/8d46740c472f9d36b7a04b65023ffc59_quad_extract_work/8d46740c472f9d36b7a04b65023ffc59_quad_gs16.obj', '16.0', '5.0', '1', '5', '5']' returned non-zero exit status 1.
  binary       : /root/SemanPartMesh/quad_extract/build/extract_quad_mesh
  input mesh   : /root/SemanPartMesh/compare_8d46740c472f9d36b7a04b65023ffc59_ns3000_20260508_184014/baseline/quad_meshes/8d46740c472f9d36b7a04b65023ffc59_quad_extract_work/8d46740c472f9d36b7a04b65023ffc59_quad_repaired.obj
  cross field  : /root/SemanPartMesh/compare_8d46740c472f9d36b7a04b65023ffc59_ns3000_20260508_184014/baseline/quad_meshes/8d46740c472f9d36b7a04b65023ffc59_quad_extract_work/8d46740c472f9d36b7a04b65023ffc59_quad_repaired_cf.txt
  output       : /root/SemanPartMesh/compare_8d46740c472f9d36b7a04b65023ffc59_ns3000_20260508_184014/baseline/quad_meshes/8d46740c472f9d36b7a04b65023ffc59_quad_extract_work/8d46740c472f9d36b7a04b65023ffc59_quad_gs16.obj
  gradient_size: 16.0  timeout: 1800s  [stiff=50.0 dr=1 it=5]

  FAILED: Command '['/root/SemanPartMesh/quad_extract/build/extract_quad_mesh', '/root/SemanPartMesh/compare_8d46740c472f9d36b7a04b65023ffc59_ns3000_20260508_184014/baseline/quad_meshes/8d46740c472f9d36b7a04b65023ffc59_quad_extract_work/8d46740c472f9d36b7a04b65023ffc59_quad_repaired.obj', '/root/SemanPartMesh/compare_8d46740c472f9d36b7a04b65023ffc59_ns3000_20260508_184014/baseline/quad_meshes/8d46740c472f9d36b7a04b65023ffc59_quad_extract_work/8d46740c472f9d36b7a04b65023ffc59_quad_repaired_cf.txt', '/root/SemanPartMesh/compare_8d46740c472f9d36b7a04b65023ffc59_ns3000_20260508_184014/baseline/quad_meshes/8d46740c472f9d36b7a04b65023ffc59_quad_extract_work/8d46740c472f9d36b7a04b65023ffc59_quad_gs16.obj', '16.0', '50.0', '1', '5', '5']' returned non-zero exit status 1.
  binary       : /root/SemanPartMesh/quad_extract/build/extract_quad_mesh
  input mesh   : /root/SemanPartMesh/compare_8d46740c472f9d36b7a04b65023ffc59_ns3000_20260508_184014/baseline/quad_meshes/8d46740c472f9d36b7a04b65023ffc59_quad_extract_work/8d46740c472f9d36b7a04b65023ffc59_quad_repaired.obj
  cross field  : /root/SemanPartMesh/compare_8d46740c472f9d36b7a04b65023ffc59_ns3000_20260508_184014/baseline/quad_meshes/8d46740c472f9d36b7a04b65023ffc59_quad_extract_work/8d46740c472f9d36b7a04b65023ffc59_quad_repaired_cf.txt
  output       : /root/SemanPartMesh/compare_8d46740c472f9d36b7a04b65023ffc59_ns3000_20260508_184014/baseline/quad_meshes/8d46740c472f9d36b7a04b65023ffc59_quad_extract_work/8d46740c472f9d36b7a04b65023ffc59_quad_gs16.obj
  gradient_size: 16.0  timeout: 1800s  [stiff=200.0 dr=1 it=3]

  FAILED: Command '['/root/SemanPartMesh/quad_extract/build/extract_quad_mesh', '/root/SemanPartMesh/compare_8d46740c472f9d36b7a04b65023ffc59_ns3000_20260508_184014/baseline/quad_meshes/8d46740c472f9d36b7a04b65023ffc59_quad_extract_work/8d46740c472f9d36b7a04b65023ffc59_quad_repaired.obj', '/root/SemanPartMesh/compare_8d46740c472f9d36b7a04b65023ffc59_ns3000_20260508_184014/baseline/quad_meshes/8d46740c472f9d36b7a04b65023ffc59_quad_extract_work/8d46740c472f9d36b7a04b65023ffc59_quad_repaired_cf.txt', '/root/SemanPartMesh/compare_8d46740c472f9d36b7a04b65023ffc59_ns3000_20260508_184014/baseline/quad_meshes/8d46740c472f9d36b7a04b65023ffc59_quad_extract_work/8d46740c472f9d36b7a04b65023ffc59_quad_gs16.obj', '16.0', '200.0', '1', '3', '5']' returned non-zero exit status 1.
  FAILED: extraction failed for gs=16.0

[Auto Sweep] Trying gradient_size=24.0
  binary       : /root/SemanPartMesh/quad_extract/build/extract_quad_mesh
  input mesh   : /root/SemanPartMesh/compare_8d46740c472f9d36b7a04b65023ffc59_ns3000_20260508_184014/baseline/quad_meshes/8d46740c472f9d36b7a04b65023ffc59_quad_extract_work/8d46740c472f9d36b7a04b65023ffc59_quad_repaired.obj[1/4] Loading mesh: /root/SemanPartMesh/compare_8d46740c472f9d36b7a04b65023ffc59_ns3000_20260508_184014/baseline/quad_meshes/8d46740c472f9d36b7a04b65023ffc59_quad_extract_work/8d46740c472f9d36b7a04b65023ffc59_quad_repaired.obj
       V=2503 F=4998
[2/4] Loading cross field: /root/SemanPartMesh/compare_8d46740c472f9d36b7a04b65023ffc59_ns3000_20260508_184014/baseline/quad_meshes/8d46740c472f9d36b7a04b65023ffc59_quad_extract_work/8d46740c472f9d36b7a04b65023ffc59_quad_repaired_cf.txt
       cross field rows=4998
Degenerate triangle in input mesh at face 4996
[1/4] Loading mesh: /root/SemanPartMesh/compare_8d46740c472f9d36b7a04b65023ffc59_ns3000_20260508_184014/baseline/quad_meshes/8d46740c472f9d36b7a04b65023ffc59_quad_extract_work/8d46740c472f9d36b7a04b65023ffc59_quad_repaired.obj
       V=2503 F=4998
[2/4] Loading cross field: /root/SemanPartMesh/compare_8d46740c472f9d36b7a04b65023ffc59_ns3000_20260508_184014/baseline/quad_meshes/8d46740c472f9d36b7a04b65023ffc59_quad_extract_work/8d46740c472f9d36b7a04b65023ffc59_quad_repaired_cf.txt
       cross field rows=4998
Degenerate triangle in input mesh at face 4996
[1/4] Loading mesh: /root/SemanPartMesh/compare_8d46740c472f9d36b7a04b65023ffc59_ns3000_20260508_184014/baseline/quad_meshes/8d46740c472f9d36b7a04b65023ffc59_quad_extract_work/8d46740c472f9d36b7a04b65023ffc59_quad_repaired.obj
       V=2503 F=4998
[2/4] Loading cross field: /root/SemanPartMesh/compare_8d46740c472f9d36b7a04b65023ffc59_ns3000_20260508_184014/baseline/quad_meshes/8d46740c472f9d36b7a04b65023ffc59_quad_extract_work/8d46740c472f9d36b7a04b65023ffc59_quad_repaired_cf.txt
       cross field rows=4998
Degenerate triangle in input mesh at face 4996
[1/4] Loading mesh: /root/SemanPartMesh/compare_8d46740c472f9d36b7a04b65023ffc59_ns3000_20260508_184014/baseline/quad_meshes/8d46740c472f9d36b7a04b65023ffc59_quad_extract_work/8d46740c472f9d36b7a04b65023ffc59_quad_repaired.obj
       V=2503 F=4998
[2/4] Loading cross field: /root/SemanPartMesh/compare_8d46740c472f9d36b7a04b65023ffc59_ns3000_20260508_184014/baseline/quad_meshes/8d46740c472f9d36b7a04b65023ffc59_quad_extract_work/8d46740c472f9d36b7a04b65023ffc59_quad_repaired_cf.txt
       cross field rows=4998
Degenerate triangle in input mesh at face 4996
[1/4] Loading mesh: /root/SemanPartMesh/compare_8d46740c472f9d36b7a04b65023ffc59_ns3000_20260508_184014/baseline/quad_meshes/8d46740c472f9d36b7a04b65023ffc59_quad_extract_work/8d46740c472f9d36b7a04b65023ffc59_quad_repaired.obj
       V=2503 F=4998
[2/4] Loading cross field: /root/SemanPartMesh/compare_8d46740c472f9d36b7a04b65023ffc59_ns3000_20260508_184014/baseline/quad_meshes/8d46740c472f9d36b7a04b65023ffc59_quad_extract_work/8d46740c472f9d36b7a04b65023ffc59_quad_repaired_cf.txt
       cross field rows=4998
Degenerate triangle in input mesh at face 4996

  cross field  : /root/SemanPartMesh/compare_8d46740c472f9d36b7a04b65023ffc59_ns3000_20260508_184014/baseline/quad_meshes/8d46740c472f9d36b7a04b65023ffc59_quad_extract_work/8d46740c472f9d36b7a04b65023ffc59_quad_repaired_cf.txt
  output       : /root/SemanPartMesh/compare_8d46740c472f9d36b7a04b65023ffc59_ns3000_20260508_184014/baseline/quad_meshes/8d46740c472f9d36b7a04b65023ffc59_quad_extract_work/8d46740c472f9d36b7a04b65023ffc59_quad_gs24.obj
  gradient_size: 24.0  timeout: 1800s

  FAILED: Command '['/root/SemanPartMesh/quad_extract/build/extract_quad_mesh', '/root/SemanPartMesh/compare_8d46740c472f9d36b7a04b65023ffc59_ns3000_20260508_184014/baseline/quad_meshes/8d46740c472f9d36b7a04b65023ffc59_quad_extract_work/8d46740c472f9d36b7a04b65023ffc59_quad_repaired.obj', '/root/SemanPartMesh/compare_8d46740c472f9d36b7a04b65023ffc59_ns3000_20260508_184014/baseline/quad_meshes/8d46740c472f9d36b7a04b65023ffc59_quad_extract_work/8d46740c472f9d36b7a04b65023ffc59_quad_repaired_cf.txt', '/root/SemanPartMesh/compare_8d46740c472f9d36b7a04b65023ffc59_ns3000_20260508_184014/baseline/quad_meshes/8d46740c472f9d36b7a04b65023ffc59_quad_extract_work/8d46740c472f9d36b7a04b65023ffc59_quad_gs24.obj', '24.0', '5.0', '0', '5', '5']' returned non-zero exit status 1.
  binary       : /root/SemanPartMesh/quad_extract/build/extract_quad_mesh
  input mesh   : /root/SemanPartMesh/compare_8d46740c472f9d36b7a04b65023ffc59_ns3000_20260508_184014/baseline/quad_meshes/8d46740c472f9d36b7a04b65023ffc59_quad_extract_work/8d46740c472f9d36b7a04b65023ffc59_quad_repaired.obj
  cross field  : /root/SemanPartMesh/compare_8d46740c472f9d36b7a04b65023ffc59_ns3000_20260508_184014/baseline/quad_meshes/8d46740c472f9d36b7a04b65023ffc59_quad_extract_work/8d46740c472f9d36b7a04b65023ffc59_quad_repaired_cf.txt
  output       : /root/SemanPartMesh/compare_8d46740c472f9d36b7a04b65023ffc59_ns3000_20260508_184014/baseline/quad_meshes/8d46740c472f9d36b7a04b65023ffc59_quad_extract_work/8d46740c472f9d36b7a04b65023ffc59_quad_gs24.obj
  gradient_size: 24.0  timeout: 1800s  [stiff=50.0 dr=0 it=5]

  FAILED: Command '['/root/SemanPartMesh/quad_extract/build/extract_quad_mesh', '/root/SemanPartMesh/compare_8d46740c472f9d36b7a04b65023ffc59_ns3000_20260508_184014/baseline/quad_meshes/8d46740c472f9d36b7a04b65023ffc59_quad_extract_work/8d46740c472f9d36b7a04b65023ffc59_quad_repaired.obj', '/root/SemanPartMesh/compare_8d46740c472f9d36b7a04b65023ffc59_ns3000_20260508_184014/baseline/quad_meshes/8d46740c472f9d36b7a04b65023ffc59_quad_extract_work/8d46740c472f9d36b7a04b65023ffc59_quad_repaired_cf.txt', '/root/SemanPartMesh/compare_8d46740c472f9d36b7a04b65023ffc59_ns3000_20260508_184014/baseline/quad_meshes/8d46740c472f9d36b7a04b65023ffc59_quad_extract_work/8d46740c472f9d36b7a04b65023ffc59_quad_gs24.obj', '24.0', '50.0', '0', '5', '5']' returned non-zero exit status 1.
  binary       : /root/SemanPartMesh/quad_extract/build/extract_quad_mesh
  input mesh   : /root/SemanPartMesh/compare_8d46740c472f9d36b7a04b65023ffc59_ns3000_20260508_184014/baseline/quad_meshes/8d46740c472f9d36b7a04b65023ffc59_quad_extract_work/8d46740c472f9d36b7a04b65023ffc59_quad_repaired.obj
  cross field  : /root/SemanPartMesh/compare_8d46740c472f9d36b7a04b65023ffc59_ns3000_20260508_184014/baseline/quad_meshes/8d46740c472f9d36b7a04b65023ffc59_quad_extract_work/8d46740c472f9d36b7a04b65023ffc59_quad_repaired_cf.txt
  output       : /root/SemanPartMesh/compare_8d46740c472f9d36b7a04b65023ffc59_ns3000_20260508_184014/baseline/quad_meshes/8d46740c472f9d36b7a04b65023ffc59_quad_extract_work/8d46740c472f9d36b7a04b65023ffc59_quad_gs24.obj
  gradient_size: 24.0  timeout: 1800s  [stiff=5.0 dr=1 it=5]

  FAILED: Command '['/root/SemanPartMesh/quad_extract/build/extract_quad_mesh', '/root/SemanPartMesh/compare_8d46740c472f9d36b7a04b65023ffc59_ns3000_20260508_184014/baseline/quad_meshes/8d46740c472f9d36b7a04b65023ffc59_quad_extract_work/8d46740c472f9d36b7a04b65023ffc59_quad_repaired.obj', '/root/SemanPartMesh/compare_8d46740c472f9d36b7a04b65023ffc59_ns3000_20260508_184014/baseline/quad_meshes/8d46740c472f9d36b7a04b65023ffc59_quad_extract_work/8d46740c472f9d36b7a04b65023ffc59_quad_repaired_cf.txt', '/root/SemanPartMesh/compare_8d46740c472f9d36b7a04b65023ffc59_ns3000_20260508_184014/baseline/quad_meshes/8d46740c472f9d36b7a04b65023ffc59_quad_extract_work/8d46740c472f9d36b7a04b65023ffc59_quad_gs24.obj', '24.0', '5.0', '1', '5', '5']' returned non-zero exit status 1.
  binary       : /root/SemanPartMesh/quad_extract/build/extract_quad_mesh
  input mesh   : /root/SemanPartMesh/compare_8d46740c472f9d36b7a04b65023ffc59_ns3000_20260508_184014/baseline/quad_meshes/8d46740c472f9d36b7a04b65023ffc59_quad_extract_work/8d46740c472f9d36b7a04b65023ffc59_quad_repaired.obj
  cross field  : /root/SemanPartMesh/compare_8d46740c472f9d36b7a04b65023ffc59_ns3000_20260508_184014/baseline/quad_meshes/8d46740c472f9d36b7a04b65023ffc59_quad_extract_work/8d46740c472f9d36b7a04b65023ffc59_quad_repaired_cf.txt
  output       : /root/SemanPartMesh/compare_8d46740c472f9d36b7a04b65023ffc59_ns3000_20260508_184014/baseline/quad_meshes/8d46740c472f9d36b7a04b65023ffc59_quad_extract_work/8d46740c472f9d36b7a04b65023ffc59_quad_gs24.obj
  gradient_size: 24.0  timeout: 1800s  [stiff=50.0 dr=1 it=5]

  FAILED: Command '['/root/SemanPartMesh/quad_extract/build/extract_quad_mesh', '/root/SemanPartMesh/compare_8d46740c472f9d36b7a04b65023ffc59_ns3000_20260508_184014/baseline/quad_meshes/8d46740c472f9d36b7a04b65023ffc59_quad_extract_work/8d46740c472f9d36b7a04b65023ffc59_quad_repaired.obj', '/root/SemanPartMesh/compare_8d46740c472f9d36b7a04b65023ffc59_ns3000_20260508_184014/baseline/quad_meshes/8d46740c472f9d36b7a04b65023ffc59_quad_extract_work/8d46740c472f9d36b7a04b65023ffc59_quad_repaired_cf.txt', '/root/SemanPartMesh/compare_8d46740c472f9d36b7a04b65023ffc59_ns3000_20260508_184014/baseline/quad_meshes/8d46740c472f9d36b7a04b65023ffc59_quad_extract_work/8d46740c472f9d36b7a04b65023ffc59_quad_gs24.obj', '24.0', '50.0', '1', '5', '5']' returned non-zero exit status 1.
  binary       : /root/SemanPartMesh/quad_extract/build/extract_quad_mesh
  input mesh   : /root/SemanPartMesh/compare_8d46740c472f9d36b7a04b65023ffc59_ns3000_20260508_184014/baseline/quad_meshes/8d46740c472f9d36b7a04b65023ffc59_quad_extract_work/8d46740c472f9d36b7a04b65023ffc59_quad_repaired.obj
  cross field  : /root/SemanPartMesh/compare_8d46740c472f9d36b7a04b65023ffc59_ns3000_20260508_184014/baseline/quad_meshes/8d46740c472f9d36b7a04b65023ffc59_quad_extract_work/8d46740c472f9d36b7a04b65023ffc59_quad_repaired_cf.txt
  output       : /root/SemanPartMesh/compare_8d46740c472f9d36b7a04b65023ffc59_ns3000_20260508_184014/baseline/quad_meshes/8d46740c472f9d36b7a04b65023ffc59_quad_extract_work/8d46740c472f9d36b7a04b65023ffc59_quad_gs24.obj
  gradient_size: 24.0  timeout: 1800s  [stiff=200.0 dr=1 it=3]

  FAILED: Command '['/root/SemanPartMesh/quad_extract/build/extract_quad_mesh', '/root/SemanPartMesh/compare_8d46740c472f9d36b7a04b65023ffc59_ns3000_20260508_184014/baseline/quad_meshes/8d46740c472f9d36b7a04b65023ffc59_quad_extract_work/8d46740c472f9d36b7a04b65023ffc59_quad_repaired.obj', '/root/SemanPartMesh/compare_8d46740c472f9d36b7a04b65023ffc59_ns3000_20260508_184014/baseline/quad_meshes/8d46740c472f9d36b7a04b65023ffc59_quad_extract_work/8d46740c472f9d36b7a04b65023ffc59_quad_repaired_cf.txt', '/root/SemanPartMesh/compare_8d46740c472f9d36b7a04b65023ffc59_ns3000_20260508_184014/baseline/quad_meshes/8d46740c472f9d36b7a04b65023ffc59_quad_extract_work/8d46740c472f9d36b7a04b65023ffc59_quad_gs24.obj', '24.0', '200.0', '1', '3', '5']' returned non-zero exit status 1.
  FAILED: extraction failed for gs=24.0

[Auto Sweep] Trying gradient_size=30.0
  binary       : /root/SemanPartMesh/quad_extract/build/extract_quad_mesh
  input mesh   : /root/SemanPartMesh/compare_8d46740c472f9d36b7a04b65023ffc59_ns3000_20260508_184014/baseline/quad_meshes/8d46740c472f9d36b7a04b65023ffc59_quad_extract_work/8d46740c472f9d36b7a04b65023ffc59_quad_repaired.obj
  cross field  : /root/SemanPartMesh/compare_8d46740c472f9d36b7a04b65023ffc59_ns3000_20260508_184014/baseline/quad_meshes/8d46740c472f9d36b7a04b65023ffc59_quad_extract_work/8d46740c472f9d36b7a04b65023ffc59_quad_repaired_cf.txt
[1/4] Loading mesh: /root/SemanPartMesh/compare_8d46740c472f9d36b7a04b65023ffc59_ns3000_20260508_184014/baseline/quad_meshes/8d46740c472f9d36b7a04b65023ffc59_quad_extract_work/8d46740c472f9d36b7a04b65023ffc59_quad_repaired.obj
       V=2503 F=4998
[2/4] Loading cross field: /root/SemanPartMesh/compare_8d46740c472f9d36b7a04b65023ffc59_ns3000_20260508_184014/baseline/quad_meshes/8d46740c472f9d36b7a04b65023ffc59_quad_extract_work/8d46740c472f9d36b7a04b65023ffc59_quad_repaired_cf.txt
       cross field rows=4998
Degenerate triangle in input mesh at face 4996
[1/4] Loading mesh: /root/SemanPartMesh/compare_8d46740c472f9d36b7a04b65023ffc59_ns3000_20260508_184014/baseline/quad_meshes/8d46740c472f9d36b7a04b65023ffc59_quad_extract_work/8d46740c472f9d36b7a04b65023ffc59_quad_repaired.obj
       V=2503 F=4998
[2/4] Loading cross field: /root/SemanPartMesh/compare_8d46740c472f9d36b7a04b65023ffc59_ns3000_20260508_184014/baseline/quad_meshes/8d46740c472f9d36b7a04b65023ffc59_quad_extract_work/8d46740c472f9d36b7a04b65023ffc59_quad_repaired_cf.txt
       cross field rows=4998
Degenerate triangle in input mesh at face 4996
[1/4] Loading mesh: /root/SemanPartMesh/compare_8d46740c472f9d36b7a04b65023ffc59_ns3000_20260508_184014/baseline/quad_meshes/8d46740c472f9d36b7a04b65023ffc59_quad_extract_work/8d46740c472f9d36b7a04b65023ffc59_quad_repaired.obj
       V=2503 F=4998
[2/4] Loading cross field: /root/SemanPartMesh/compare_8d46740c472f9d36b7a04b65023ffc59_ns3000_20260508_184014/baseline/quad_meshes/8d46740c472f9d36b7a04b65023ffc59_quad_extract_work/8d46740c472f9d36b7a04b65023ffc59_quad_repaired_cf.txt
       cross field rows=4998
Degenerate triangle in input mesh at face 4996
[1/4] Loading mesh: /root/SemanPartMesh/compare_8d46740c472f9d36b7a04b65023ffc59_ns3000_20260508_184014/baseline/quad_meshes/8d46740c472f9d36b7a04b65023ffc59_quad_extract_work/8d46740c472f9d36b7a04b65023ffc59_quad_repaired.obj
       V=2503 F=4998
[2/4] Loading cross field: /root/SemanPartMesh/compare_8d46740c472f9d36b7a04b65023ffc59_ns3000_20260508_184014/baseline/quad_meshes/8d46740c472f9d36b7a04b65023ffc59_quad_extract_work/8d46740c472f9d36b7a04b65023ffc59_quad_repaired_cf.txt
       cross field rows=4998
Degenerate triangle in input mesh at face 4996
[1/4] Loading mesh: /root/SemanPartMesh/compare_8d46740c472f9d36b7a04b65023ffc59_ns3000_20260508_184014/baseline/quad_meshes/8d46740c472f9d36b7a04b65023ffc59_quad_extract_work/8d46740c472f9d36b7a04b65023ffc59_quad_repaired.obj
       V=2503 F=4998
[2/4] Loading cross field: /root/SemanPartMesh/compare_8d46740c472f9d36b7a04b65023ffc59_ns3000_20260508_184014/baseline/quad_meshes/8d46740c472f9d36b7a04b65023ffc59_quad_extract_work/8d46740c472f9d36b7a04b65023ffc59_quad_repaired_cf.txt
       cross field rows=4998
Degenerate triangle in input mesh at face 4996
  output       : /root/SemanPartMesh/compare_8d46740c472f9d36b7a04b65023ffc59_ns3000_20260508_184014/baseline/quad_meshes/8d46740c472f9d36b7a04b65023ffc59_quad_extract_work/8d46740c472f9d36b7a04b65023ffc59_quad_gs30.obj
  gradient_size: 30.0  timeout: 1800s

  FAILED: Command '['/root/SemanPartMesh/quad_extract/build/extract_quad_mesh', '/root/SemanPartMesh/compare_8d46740c472f9d36b7a04b65023ffc59_ns3000_20260508_184014/baseline/quad_meshes/8d46740c472f9d36b7a04b65023ffc59_quad_extract_work/8d46740c472f9d36b7a04b65023ffc59_quad_repaired.obj', '/root/SemanPartMesh/compare_8d46740c472f9d36b7a04b65023ffc59_ns3000_20260508_184014/baseline/quad_meshes/8d46740c472f9d36b7a04b65023ffc59_quad_extract_work/8d46740c472f9d36b7a04b65023ffc59_quad_repaired_cf.txt', '/root/SemanPartMesh/compare_8d46740c472f9d36b7a04b65023ffc59_ns3000_20260508_184014/baseline/quad_meshes/8d46740c472f9d36b7a04b65023ffc59_quad_extract_work/8d46740c472f9d36b7a04b65023ffc59_quad_gs30.obj', '30.0', '5.0', '0', '5', '5']' returned non-zero exit status 1.
  binary       : /root/SemanPartMesh/quad_extract/build/extract_quad_mesh
  input mesh   : /root/SemanPartMesh/compare_8d46740c472f9d36b7a04b65023ffc59_ns3000_20260508_184014/baseline/quad_meshes/8d46740c472f9d36b7a04b65023ffc59_quad_extract_work/8d46740c472f9d36b7a04b65023ffc59_quad_repaired.obj
  cross field  : /root/SemanPartMesh/compare_8d46740c472f9d36b7a04b65023ffc59_ns3000_20260508_184014/baseline/quad_meshes/8d46740c472f9d36b7a04b65023ffc59_quad_extract_work/8d46740c472f9d36b7a04b65023ffc59_quad_repaired_cf.txt
  output       : /root/SemanPartMesh/compare_8d46740c472f9d36b7a04b65023ffc59_ns3000_20260508_184014/baseline/quad_meshes/8d46740c472f9d36b7a04b65023ffc59_quad_extract_work/8d46740c472f9d36b7a04b65023ffc59_quad_gs30.obj
  gradient_size: 30.0  timeout: 1800s  [stiff=50.0 dr=0 it=5]

  FAILED: Command '['/root/SemanPartMesh/quad_extract/build/extract_quad_mesh', '/root/SemanPartMesh/compare_8d46740c472f9d36b7a04b65023ffc59_ns3000_20260508_184014/baseline/quad_meshes/8d46740c472f9d36b7a04b65023ffc59_quad_extract_work/8d46740c472f9d36b7a04b65023ffc59_quad_repaired.obj', '/root/SemanPartMesh/compare_8d46740c472f9d36b7a04b65023ffc59_ns3000_20260508_184014/baseline/quad_meshes/8d46740c472f9d36b7a04b65023ffc59_quad_extract_work/8d46740c472f9d36b7a04b65023ffc59_quad_repaired_cf.txt', '/root/SemanPartMesh/compare_8d46740c472f9d36b7a04b65023ffc59_ns3000_20260508_184014/baseline/quad_meshes/8d46740c472f9d36b7a04b65023ffc59_quad_extract_work/8d46740c472f9d36b7a04b65023ffc59_quad_gs30.obj', '30.0', '50.0', '0', '5', '5']' returned non-zero exit status 1.
  binary       : /root/SemanPartMesh/quad_extract/build/extract_quad_mesh
  input mesh   : /root/SemanPartMesh/compare_8d46740c472f9d36b7a04b65023ffc59_ns3000_20260508_184014/baseline/quad_meshes/8d46740c472f9d36b7a04b65023ffc59_quad_extract_work/8d46740c472f9d36b7a04b65023ffc59_quad_repaired.obj
  cross field  : /root/SemanPartMesh/compare_8d46740c472f9d36b7a04b65023ffc59_ns3000_20260508_184014/baseline/quad_meshes/8d46740c472f9d36b7a04b65023ffc59_quad_extract_work/8d46740c472f9d36b7a04b65023ffc59_quad_repaired_cf.txt
  output       : /root/SemanPartMesh/compare_8d46740c472f9d36b7a04b65023ffc59_ns3000_20260508_184014/baseline/quad_meshes/8d46740c472f9d36b7a04b65023ffc59_quad_extract_work/8d46740c472f9d36b7a04b65023ffc59_quad_gs30.obj
  gradient_size: 30.0  timeout: 1800s  [stiff=5.0 dr=1 it=5]

  FAILED: Command '['/root/SemanPartMesh/quad_extract/build/extract_quad_mesh', '/root/SemanPartMesh/compare_8d46740c472f9d36b7a04b65023ffc59_ns3000_20260508_184014/baseline/quad_meshes/8d46740c472f9d36b7a04b65023ffc59_quad_extract_work/8d46740c472f9d36b7a04b65023ffc59_quad_repaired.obj', '/root/SemanPartMesh/compare_8d46740c472f9d36b7a04b65023ffc59_ns3000_20260508_184014/baseline/quad_meshes/8d46740c472f9d36b7a04b65023ffc59_quad_extract_work/8d46740c472f9d36b7a04b65023ffc59_quad_repaired_cf.txt', '/root/SemanPartMesh/compare_8d46740c472f9d36b7a04b65023ffc59_ns3000_20260508_184014/baseline/quad_meshes/8d46740c472f9d36b7a04b65023ffc59_quad_extract_work/8d46740c472f9d36b7a04b65023ffc59_quad_gs30.obj', '30.0', '5.0', '1', '5', '5']' returned non-zero exit status 1.
  binary       : /root/SemanPartMesh/quad_extract/build/extract_quad_mesh
  input mesh   : /root/SemanPartMesh/compare_8d46740c472f9d36b7a04b65023ffc59_ns3000_20260508_184014/baseline/quad_meshes/8d46740c472f9d36b7a04b65023ffc59_quad_extract_work/8d46740c472f9d36b7a04b65023ffc59_quad_repaired.obj
  cross field  : /root/SemanPartMesh/compare_8d46740c472f9d36b7a04b65023ffc59_ns3000_20260508_184014/baseline/quad_meshes/8d46740c472f9d36b7a04b65023ffc59_quad_extract_work/8d46740c472f9d36b7a04b65023ffc59_quad_repaired_cf.txt
  output       : /root/SemanPartMesh/compare_8d46740c472f9d36b7a04b65023ffc59_ns3000_20260508_184014/baseline/quad_meshes/8d46740c472f9d36b7a04b65023ffc59_quad_extract_work/8d46740c472f9d36b7a04b65023ffc59_quad_gs30.obj
  gradient_size: 30.0  timeout: 1800s  [stiff=50.0 dr=1 it=5]

  FAILED: Command '['/root/SemanPartMesh/quad_extract/build/extract_quad_mesh', '/root/SemanPartMesh/compare_8d46740c472f9d36b7a04b65023ffc59_ns3000_20260508_184014/baseline/quad_meshes/8d46740c472f9d36b7a04b65023ffc59_quad_extract_work/8d46740c472f9d36b7a04b65023ffc59_quad_repaired.obj', '/root/SemanPartMesh/compare_8d46740c472f9d36b7a04b65023ffc59_ns3000_20260508_184014/baseline/quad_meshes/8d46740c472f9d36b7a04b65023ffc59_quad_extract_work/8d46740c472f9d36b7a04b65023ffc59_quad_repaired_cf.txt', '/root/SemanPartMesh/compare_8d46740c472f9d36b7a04b65023ffc59_ns3000_20260508_184014/baseline/quad_meshes/8d46740c472f9d36b7a04b65023ffc59_quad_extract_work/8d46740c472f9d36b7a04b65023ffc59_quad_gs30.obj', '30.0', '50.0', '1', '5', '5']' returned non-zero exit status 1.
  binary       : /root/SemanPartMesh/quad_extract/build/extract_quad_mesh
  input mesh   : /root/SemanPartMesh/compare_8d46740c472f9d36b7a04b65023ffc59_ns3000_20260508_184014/baseline/quad_meshes/8d46740c472f9d36b7a04b65023ffc59_quad_extract_work/8d46740c472f9d36b7a04b65023ffc59_quad_repaired.obj
  cross field  : /root/SemanPartMesh/compare_8d46740c472f9d36b7a04b65023ffc59_ns3000_20260508_184014/baseline/quad_meshes/8d46740c472f9d36b7a04b65023ffc59_quad_extract_work/8d46740c472f9d36b7a04b65023ffc59_quad_repaired_cf.txt
  output       : /root/SemanPartMesh/compare_8d46740c472f9d36b7a04b65023ffc59_ns3000_20260508_184014/baseline/quad_meshes/8d46740c472f9d36b7a04b65023ffc59_quad_extract_work/8d46740c472f9d36b7a04b65023ffc59_quad_gs30.obj
  gradient_size: 30.0  timeout: 1800s  [stiff=200.0 dr=1 it=3]

  FAILED: Command '['/root/SemanPartMesh/quad_extract/build/extract_quad_mesh', '/root/SemanPartMesh/compare_8d46740c472f9d36b7a04b65023ffc59_ns3000_20260508_184014/baseline/quad_meshes/8d46740c472f9d36b7a04b65023ffc59_quad_extract_work/8d46740c472f9d36b7a04b65023ffc59_quad_repaired.obj', '/root/SemanPartMesh/compare_8d46740c472f9d36b7a04b65023ffc59_ns3000_20260508_184014/baseline/quad_meshes/8d46740c472f9d36b7a04b65023ffc59_quad_extract_work/8d46740c472f9d36b7a04b65023ffc59_quad_repaired_cf.txt', '/root/SemanPartMesh/compare_8d46740c472f9d36b7a04b65023ffc59_ns3000_20260508_184014/baseline/quad_meshes/8d46740c472f9d36b7a04b65023ffc59_quad_extract_work/8d46740c472f9d36b7a04b65023ffc59_quad_gs30.obj', '30.0', '200.0', '1', '3', '5']' returned non-zero exit status 1.
  FAILED: extraction failed for gs=30.0

[Auto Sweep] Trying gradient_size=40.0
  binary       : /root/SemanPartMesh/quad_extract/build/extract_quad_mesh
  input mesh   : /root/SemanPartMesh/compare_8d46740c472f9d36b7a04b65023ffc59_ns3000_20260508_184014/baseline/quad_meshes/8d46740c472f9d36b7a04b65023ffc59_quad_extract_work/8d46740c472f9d36b7a04b65023ffc59_quad_repaired.obj
  cross field  : /root/SemanPartMesh/compare_8d46740c472f9d36b7a04b65023ffc59_ns3000_20260508_184014/baseline/quad_meshes/8d46740c472f9d36b7a04b65023ffc59_quad_extract_work/8d46740c472f9d36b7a04b65023ffc59_quad_repaired_cf.txt
  output       : /root/SemanPartMesh/compare_8d46740c472f9d36b7a04b65023ffc59_ns3000_20260508_184014/baseline/quad_meshes/8d46740c472f9d36b7a04b65023ffc59_quad_extract_work/8d46740c472f9d36b7a04b65023ffc59_quad_gs40.obj
  gradient_size: 40.0  timeout: 1800s
[1/4] Loading mesh: /root/SemanPartMesh/compare_8d46740c472f9d36b7a04b65023ffc59_ns3000_20260508_184014/baseline/quad_meshes/8d46740c472f9d36b7a04b65023ffc59_quad_extract_work/8d46740c472f9d36b7a04b65023ffc59_quad_repaired.obj
       V=2503 F=4998
[2/4] Loading cross field: /root/SemanPartMesh/compare_8d46740c472f9d36b7a04b65023ffc59_ns3000_20260508_184014/baseline/quad_meshes/8d46740c472f9d36b7a04b65023ffc59_quad_extract_work/8d46740c472f9d36b7a04b65023ffc59_quad_repaired_cf.txt
       cross field rows=4998
Degenerate triangle in input mesh at face 4996
[1/4] Loading mesh: /root/SemanPartMesh/compare_8d46740c472f9d36b7a04b65023ffc59_ns3000_20260508_184014/baseline/quad_meshes/8d46740c472f9d36b7a04b65023ffc59_quad_extract_work/8d46740c472f9d36b7a04b65023ffc59_quad_repaired.obj
       V=2503 F=4998
[2/4] Loading cross field: /root/SemanPartMesh/compare_8d46740c472f9d36b7a04b65023ffc59_ns3000_20260508_184014/baseline/quad_meshes/8d46740c472f9d36b7a04b65023ffc59_quad_extract_work/8d46740c472f9d36b7a04b65023ffc59_quad_repaired_cf.txt
       cross field rows=4998
Degenerate triangle in input mesh at face 4996
[1/4] Loading mesh: /root/SemanPartMesh/compare_8d46740c472f9d36b7a04b65023ffc59_ns3000_20260508_184014/baseline/quad_meshes/8d46740c472f9d36b7a04b65023ffc59_quad_extract_work/8d46740c472f9d36b7a04b65023ffc59_quad_repaired.obj
       V=2503 F=4998
[2/4] Loading cross field: /root/SemanPartMesh/compare_8d46740c472f9d36b7a04b65023ffc59_ns3000_20260508_184014/baseline/quad_meshes/8d46740c472f9d36b7a04b65023ffc59_quad_extract_work/8d46740c472f9d36b7a04b65023ffc59_quad_repaired_cf.txt
       cross field rows=4998
Degenerate triangle in input mesh at face 4996
[1/4] Loading mesh: /root/SemanPartMesh/compare_8d46740c472f9d36b7a04b65023ffc59_ns3000_20260508_184014/baseline/quad_meshes/8d46740c472f9d36b7a04b65023ffc59_quad_extract_work/8d46740c472f9d36b7a04b65023ffc59_quad_repaired.obj
       V=2503 F=4998
[2/4] Loading cross field: /root/SemanPartMesh/compare_8d46740c472f9d36b7a04b65023ffc59_ns3000_20260508_184014/baseline/quad_meshes/8d46740c472f9d36b7a04b65023ffc59_quad_extract_work/8d46740c472f9d36b7a04b65023ffc59_quad_repaired_cf.txt
       cross field rows=4998
Degenerate triangle in input mesh at face 4996
[1/4] Loading mesh: /root/SemanPartMesh/compare_8d46740c472f9d36b7a04b65023ffc59_ns3000_20260508_184014/baseline/quad_meshes/8d46740c472f9d36b7a04b65023ffc59_quad_extract_work/8d46740c472f9d36b7a04b65023ffc59_quad_repaired.obj
       V=2503 F=4998
[2/4] Loading cross field: /root/SemanPartMesh/compare_8d46740c472f9d36b7a04b65023ffc59_ns3000_20260508_184014/baseline/quad_meshes/8d46740c472f9d36b7a04b65023ffc59_quad_extract_work/8d46740c472f9d36b7a04b65023ffc59_quad_repaired_cf.txt
       cross field rows=4998
Degenerate triangle in input mesh at face 4996
[1/4] Loading mesh: /root/SemanPartMesh/compare_8d46740c472f9d36b7a04b65023ffc59_ns3000_20260508_184014/baseline/quad_meshes/8d46740c472f9d36b7a04b65023ffc59_quad_extract_work/8d46740c472f9d36b7a04b65023ffc59_quad_repaired.obj
       V=2503 F=4998
[2/4] Loading cross field: /root/SemanPartMesh/compare_8d46740c472f9d36b7a04b65023ffc59_ns3000_20260508_184014/baseline/quad_meshes/8d46740c472f9d36b7a04b65023ffc59_quad_extract_work/8d46740c472f9d36b7a04b65023ffc59_quad_repaired_cf.txt
       cross field rows=4998
Degenerate triangle in input mesh at face 4996

  FAILED: Command '['/root/SemanPartMesh/quad_extract/build/extract_quad_mesh', '/root/SemanPartMesh/compare_8d46740c472f9d36b7a04b65023ffc59_ns3000_20260508_184014/baseline/quad_meshes/8d46740c472f9d36b7a04b65023ffc59_quad_extract_work/8d46740c472f9d36b7a04b65023ffc59_quad_repaired.obj', '/root/SemanPartMesh/compare_8d46740c472f9d36b7a04b65023ffc59_ns3000_20260508_184014/baseline/quad_meshes/8d46740c472f9d36b7a04b65023ffc59_quad_extract_work/8d46740c472f9d36b7a04b65023ffc59_quad_repaired_cf.txt', '/root/SemanPartMesh/compare_8d46740c472f9d36b7a04b65023ffc59_ns3000_20260508_184014/baseline/quad_meshes/8d46740c472f9d36b7a04b65023ffc59_quad_extract_work/8d46740c472f9d36b7a04b65023ffc59_quad_gs40.obj', '40.0', '5.0', '0', '5', '5']' returned non-zero exit status 1.
  binary       : /root/SemanPartMesh/quad_extract/build/extract_quad_mesh
  input mesh   : /root/SemanPartMesh/compare_8d46740c472f9d36b7a04b65023ffc59_ns3000_20260508_184014/baseline/quad_meshes/8d46740c472f9d36b7a04b65023ffc59_quad_extract_work/8d46740c472f9d36b7a04b65023ffc59_quad_repaired.obj
  cross field  : /root/SemanPartMesh/compare_8d46740c472f9d36b7a04b65023ffc59_ns3000_20260508_184014/baseline/quad_meshes/8d46740c472f9d36b7a04b65023ffc59_quad_extract_work/8d46740c472f9d36b7a04b65023ffc59_quad_repaired_cf.txt
  output       : /root/SemanPartMesh/compare_8d46740c472f9d36b7a04b65023ffc59_ns3000_20260508_184014/baseline/quad_meshes/8d46740c472f9d36b7a04b65023ffc59_quad_extract_work/8d46740c472f9d36b7a04b65023ffc59_quad_gs40.obj
  gradient_size: 40.0  timeout: 1800s  [stiff=50.0 dr=0 it=5]

  FAILED: Command '['/root/SemanPartMesh/quad_extract/build/extract_quad_mesh', '/root/SemanPartMesh/compare_8d46740c472f9d36b7a04b65023ffc59_ns3000_20260508_184014/baseline/quad_meshes/8d46740c472f9d36b7a04b65023ffc59_quad_extract_work/8d46740c472f9d36b7a04b65023ffc59_quad_repaired.obj', '/root/SemanPartMesh/compare_8d46740c472f9d36b7a04b65023ffc59_ns3000_20260508_184014/baseline/quad_meshes/8d46740c472f9d36b7a04b65023ffc59_quad_extract_work/8d46740c472f9d36b7a04b65023ffc59_quad_repaired_cf.txt', '/root/SemanPartMesh/compare_8d46740c472f9d36b7a04b65023ffc59_ns3000_20260508_184014/baseline/quad_meshes/8d46740c472f9d36b7a04b65023ffc59_quad_extract_work/8d46740c472f9d36b7a04b65023ffc59_quad_gs40.obj', '40.0', '50.0', '0', '5', '5']' returned non-zero exit status 1.
  binary       : /root/SemanPartMesh/quad_extract/build/extract_quad_mesh
  input mesh   : /root/SemanPartMesh/compare_8d46740c472f9d36b7a04b65023ffc59_ns3000_20260508_184014/baseline/quad_meshes/8d46740c472f9d36b7a04b65023ffc59_quad_extract_work/8d46740c472f9d36b7a04b65023ffc59_quad_repaired.obj
  cross field  : /root/SemanPartMesh/compare_8d46740c472f9d36b7a04b65023ffc59_ns3000_20260508_184014/baseline/quad_meshes/8d46740c472f9d36b7a04b65023ffc59_quad_extract_work/8d46740c472f9d36b7a04b65023ffc59_quad_repaired_cf.txt
  output       : /root/SemanPartMesh/compare_8d46740c472f9d36b7a04b65023ffc59_ns3000_20260508_184014/baseline/quad_meshes/8d46740c472f9d36b7a04b65023ffc59_quad_extract_work/8d46740c472f9d36b7a04b65023ffc59_quad_gs40.obj
  gradient_size: 40.0  timeout: 1800s  [stiff=5.0 dr=1 it=5]

  FAILED: Command '['/root/SemanPartMesh/quad_extract/build/extract_quad_mesh', '/root/SemanPartMesh/compare_8d46740c472f9d36b7a04b65023ffc59_ns3000_20260508_184014/baseline/quad_meshes/8d46740c472f9d36b7a04b65023ffc59_quad_extract_work/8d46740c472f9d36b7a04b65023ffc59_quad_repaired.obj', '/root/SemanPartMesh/compare_8d46740c472f9d36b7a04b65023ffc59_ns3000_20260508_184014/baseline/quad_meshes/8d46740c472f9d36b7a04b65023ffc59_quad_extract_work/8d46740c472f9d36b7a04b65023ffc59_quad_repaired_cf.txt', '/root/SemanPartMesh/compare_8d46740c472f9d36b7a04b65023ffc59_ns3000_20260508_184014/baseline/quad_meshes/8d46740c472f9d36b7a04b65023ffc59_quad_extract_work/8d46740c472f9d36b7a04b65023ffc59_quad_gs40.obj', '40.0', '5.0', '1', '5', '5']' returned non-zero exit status 1.
  binary       : /root/SemanPartMesh/quad_extract/build/extract_quad_mesh
  input mesh   : /root/SemanPartMesh/compare_8d46740c472f9d36b7a04b65023ffc59_ns3000_20260508_184014/baseline/quad_meshes/8d46740c472f9d36b7a04b65023ffc59_quad_extract_work/8d46740c472f9d36b7a04b65023ffc59_quad_repaired.obj
  cross field  : /root/SemanPartMesh/compare_8d46740c472f9d36b7a04b65023ffc59_ns3000_20260508_184014/baseline/quad_meshes/8d46740c472f9d36b7a04b65023ffc59_quad_extract_work/8d46740c472f9d36b7a04b65023ffc59_quad_repaired_cf.txt
  output       : /root/SemanPartMesh/compare_8d46740c472f9d36b7a04b65023ffc59_ns3000_20260508_184014/baseline/quad_meshes/8d46740c472f9d36b7a04b65023ffc59_quad_extract_work/8d46740c472f9d36b7a04b65023ffc59_quad_gs40.obj
  gradient_size: 40.0  timeout: 1800s  [stiff=50.0 dr=1 it=5]

  FAILED: Command '['/root/SemanPartMesh/quad_extract/build/extract_quad_mesh', '/root/SemanPartMesh/compare_8d46740c472f9d36b7a04b65023ffc59_ns3000_20260508_184014/baseline/quad_meshes/8d46740c472f9d36b7a04b65023ffc59_quad_extract_work/8d46740c472f9d36b7a04b65023ffc59_quad_repaired.obj', '/root/SemanPartMesh/compare_8d46740c472f9d36b7a04b65023ffc59_ns3000_20260508_184014/baseline/quad_meshes/8d46740c472f9d36b7a04b65023ffc59_quad_extract_work/8d46740c472f9d36b7a04b65023ffc59_quad_repaired_cf.txt', '/root/SemanPartMesh/compare_8d46740c472f9d36b7a04b65023ffc59_ns3000_20260508_184014/baseline/quad_meshes/8d46740c472f9d36b7a04b65023ffc59_quad_extract_work/8d46740c472f9d36b7a04b65023ffc59_quad_gs40.obj', '40.0', '50.0', '1', '5', '5']' returned non-zero exit status 1.
  binary       : /root/SemanPartMesh/quad_extract/build/extract_quad_mesh
  input mesh   : /root/SemanPartMesh/compare_8d46740c472f9d36b7a04b65023ffc59_ns3000_20260508_184014/baseline/quad_meshes/8d46740c472f9d36b7a04b65023ffc59_quad_extract_work/8d46740c472f9d36b7a04b65023ffc59_quad_repaired.obj
  cross field  : /root/SemanPartMesh/compare_8d46740c472f9d36b7a04b65023ffc59_ns3000_20260508_184014/baseline/quad_meshes/8d46740c472f9d36b7a04b65023ffc59_quad_extract_work/8d46740c472f9d36b7a04b65023ffc59_quad_repaired_cf.txt
  output       : /root/SemanPartMesh/compare_8d46740c472f9d36b7a04b65023ffc59_ns3000_20260508_184014/baseline/quad_meshes/8d46740c472f9d36b7a04b65023ffc59_quad_extract_work/8d46740c472f9d36b7a04b65023ffc59_quad_gs40.obj
  gradient_size: 40.0  timeout: 1800s  [stiff=200.0 dr=1 it=3]

  FAILED: Command '['/root/SemanPartMesh/quad_extract/build/extract_quad_mesh', '/root/SemanPartMesh/compare_8d46740c472f9d36b7a04b65023ffc59_ns3000_20260508_184014/baseline/quad_meshes/8d46740c472f9d36b7a04b65023ffc59_quad_extract_work/8d46740c472f9d36b7a04b65023ffc59_quad_repaired.obj', '/root/SemanPartMesh/compare_8d46740c472f9d36b7a04b65023ffc59_ns3000_20260508_184014/baseline/quad_meshes/8d46740c472f9d36b7a04b65023ffc59_quad_extract_work/8d46740c472f9d36b7a04b65023ffc59_quad_repaired_cf.txt', '/root/SemanPartMesh/compare_8d46740c472f9d36b7a04b65023ffc59_ns3000_20260508_184014/baseline/quad_meshes/8d46740c472f9d36b7a04b65023ffc59_quad_extract_work/8d46740c472f9d36b7a04b65023ffc59_quad_gs40.obj', '40.0', '200.0', '1', '3', '5']' returned non-zero exit status 1.
  FAILED: extraction failed for gs=40.0

[Auto Sweep] Trying gradient_size=60.0
  binary       : /root/SemanPartMesh/quad_extract/build/extract_quad_mesh
  input mesh   : /root/SemanPartMesh/compare_8d46740c472f9d36b7a04b65023ffc59_ns3000_20260508_184014/baseline/quad_meshes/8d46740c472f9d36b7a04b65023ffc59_quad_extract_work/8d46740c472f9d36b7a04b65023ffc59_quad_repaired.obj
  cross field  : /root/SemanPartMesh/compare_8d46740c472f9d36b7a04b65023ffc59_ns3000_20260508_184014/baseline/quad_meshes/8d46740c472f9d36b7a04b65023ffc59_quad_extract_work/8d46740c472f9d36b7a04b65023ffc59_quad_repaired_cf.txt
  output       : /root/SemanPartMesh/compare_8d46740c472f9d36b7a04b65023ffc59_ns3000_20260508_184014/baseline/quad_meshes/8d46740c472f9d36b7a04b65023ffc59_quad_extract_work/8d46740c472f9d36b7a04b65023ffc59_quad_gs60.obj
  gradient_size: 60.0  timeout: 1800s

  FAILED: Command '['/root/SemanPartMesh/quad_extract/build/extract_quad_mesh', '/root/SemanPartMesh/compare_8d46740c472f9d36b7a04b65023ffc59_ns3000_20260508_184014/baseline/quad_meshes/8d46740c472f9d36b7a04b65023ffc59_quad_extract_work/8d46740c472f9d36b7a04b65023ffc59_quad_repaired.obj', '/root/SemanPartMesh/compare_8d46740c472f9d36b7a04b65023ffc59_ns3000_20260508_184014/baseline/quad_meshes/8d46740c472f9d36b7a04b65023ffc59_quad_extract_work/8d46740c472f9d36b7a04b65023ffc59_quad_repaired_cf.txt', '/root/SemanPartMesh/compare_8d46740c472f9d36b7a04b65023ffc59_ns3000_20260508_184014/baseline/quad_meshes/8d46740c472f9d36b7a04b65023ffc59_quad_extract_work/8d46740c472f9d36b7a04b65023ffc59_quad_gs60.obj', '60.0', '5.0', '0', '5', '5']' returned non-zero exit status 1.[1/4] Loading mesh: /root/SemanPartMesh/compare_8d46740c472f9d36b7a04b65023ffc59_ns3000_20260508_184014/baseline/quad_meshes/8d46740c472f9d36b7a04b65023ffc59_quad_extract_work/8d46740c472f9d36b7a04b65023ffc59_quad_repaired.obj
       V=2503 F=4998
[2/4] Loading cross field: /root/SemanPartMesh/compare_8d46740c472f9d36b7a04b65023ffc59_ns3000_20260508_184014/baseline/quad_meshes/8d46740c472f9d36b7a04b65023ffc59_quad_extract_work/8d46740c472f9d36b7a04b65023ffc59_quad_repaired_cf.txt
       cross field rows=4998
Degenerate triangle in input mesh at face 4996
[1/4] Loading mesh: /root/SemanPartMesh/compare_8d46740c472f9d36b7a04b65023ffc59_ns3000_20260508_184014/baseline/quad_meshes/8d46740c472f9d36b7a04b65023ffc59_quad_extract_work/8d46740c472f9d36b7a04b65023ffc59_quad_repaired.obj
       V=2503 F=4998
[2/4] Loading cross field: /root/SemanPartMesh/compare_8d46740c472f9d36b7a04b65023ffc59_ns3000_20260508_184014/baseline/quad_meshes/8d46740c472f9d36b7a04b65023ffc59_quad_extract_work/8d46740c472f9d36b7a04b65023ffc59_quad_repaired_cf.txt
       cross field rows=4998
Degenerate triangle in input mesh at face 4996
[1/4] Loading mesh: /root/SemanPartMesh/compare_8d46740c472f9d36b7a04b65023ffc59_ns3000_20260508_184014/baseline/quad_meshes/8d46740c472f9d36b7a04b65023ffc59_quad_extract_work/8d46740c472f9d36b7a04b65023ffc59_quad_repaired.obj
       V=2503 F=4998
[2/4] Loading cross field: /root/SemanPartMesh/compare_8d46740c472f9d36b7a04b65023ffc59_ns3000_20260508_184014/baseline/quad_meshes/8d46740c472f9d36b7a04b65023ffc59_quad_extract_work/8d46740c472f9d36b7a04b65023ffc59_quad_repaired_cf.txt
       cross field rows=4998
Degenerate triangle in input mesh at face 4996
[1/4] Loading mesh: /root/SemanPartMesh/compare_8d46740c472f9d36b7a04b65023ffc59_ns3000_20260508_184014/baseline/quad_meshes/8d46740c472f9d36b7a04b65023ffc59_quad_extract_work/8d46740c472f9d36b7a04b65023ffc59_quad_repaired.obj
       V=2503 F=4998
[2/4] Loading cross field: /root/SemanPartMesh/compare_8d46740c472f9d36b7a04b65023ffc59_ns3000_20260508_184014/baseline/quad_meshes/8d46740c472f9d36b7a04b65023ffc59_quad_extract_work/8d46740c472f9d36b7a04b65023ffc59_quad_repaired_cf.txt
       cross field rows=4998
Degenerate triangle in input mesh at face 4996

  binary       : /root/SemanPartMesh/quad_extract/build/extract_quad_mesh
  input mesh   : /root/SemanPartMesh/compare_8d46740c472f9d36b7a04b65023ffc59_ns3000_20260508_184014/baseline/quad_meshes/8d46740c472f9d36b7a04b65023ffc59_quad_extract_work/8d46740c472f9d36b7a04b65023ffc59_quad_repaired.obj
  cross field  : /root/SemanPartMesh/compare_8d46740c472f9d36b7a04b65023ffc59_ns3000_20260508_184014/baseline/quad_meshes/8d46740c472f9d36b7a04b65023ffc59_quad_extract_work/8d46740c472f9d36b7a04b65023ffc59_quad_repaired_cf.txt
  output       : /root/SemanPartMesh/compare_8d46740c472f9d36b7a04b65023ffc59_ns3000_20260508_184014/baseline/quad_meshes/8d46740c472f9d36b7a04b65023ffc59_quad_extract_work/8d46740c472f9d36b7a04b65023ffc59_quad_gs60.obj
  gradient_size: 60.0  timeout: 1800s  [stiff=50.0 dr=0 it=5]

  FAILED: Command '['/root/SemanPartMesh/quad_extract/build/extract_quad_mesh', '/root/SemanPartMesh/compare_8d46740c472f9d36b7a04b65023ffc59_ns3000_20260508_184014/baseline/quad_meshes/8d46740c472f9d36b7a04b65023ffc59_quad_extract_work/8d46740c472f9d36b7a04b65023ffc59_quad_repaired.obj', '/root/SemanPartMesh/compare_8d46740c472f9d36b7a04b65023ffc59_ns3000_20260508_184014/baseline/quad_meshes/8d46740c472f9d36b7a04b65023ffc59_quad_extract_work/8d46740c472f9d36b7a04b65023ffc59_quad_repaired_cf.txt', '/root/SemanPartMesh/compare_8d46740c472f9d36b7a04b65023ffc59_ns3000_20260508_184014/baseline/quad_meshes/8d46740c472f9d36b7a04b65023ffc59_quad_extract_work/8d46740c472f9d36b7a04b65023ffc59_quad_gs60.obj', '60.0', '50.0', '0', '5', '5']' returned non-zero exit status 1.
  binary       : /root/SemanPartMesh/quad_extract/build/extract_quad_mesh
  input mesh   : /root/SemanPartMesh/compare_8d46740c472f9d36b7a04b65023ffc59_ns3000_20260508_184014/baseline/quad_meshes/8d46740c472f9d36b7a04b65023ffc59_quad_extract_work/8d46740c472f9d36b7a04b65023ffc59_quad_repaired.obj
  cross field  : /root/SemanPartMesh/compare_8d46740c472f9d36b7a04b65023ffc59_ns3000_20260508_184014/baseline/quad_meshes/8d46740c472f9d36b7a04b65023ffc59_quad_extract_work/8d46740c472f9d36b7a04b65023ffc59_quad_repaired_cf.txt
  output       : /root/SemanPartMesh/compare_8d46740c472f9d36b7a04b65023ffc59_ns3000_20260508_184014/baseline/quad_meshes/8d46740c472f9d36b7a04b65023ffc59_quad_extract_work/8d46740c472f9d36b7a04b65023ffc59_quad_gs60.obj
  gradient_size: 60.0  timeout: 1800s  [stiff=5.0 dr=1 it=5]

  FAILED: Command '['/root/SemanPartMesh/quad_extract/build/extract_quad_mesh', '/root/SemanPartMesh/compare_8d46740c472f9d36b7a04b65023ffc59_ns3000_20260508_184014/baseline/quad_meshes/8d46740c472f9d36b7a04b65023ffc59_quad_extract_work/8d46740c472f9d36b7a04b65023ffc59_quad_repaired.obj', '/root/SemanPartMesh/compare_8d46740c472f9d36b7a04b65023ffc59_ns3000_20260508_184014/baseline/quad_meshes/8d46740c472f9d36b7a04b65023ffc59_quad_extract_work/8d46740c472f9d36b7a04b65023ffc59_quad_repaired_cf.txt', '/root/SemanPartMesh/compare_8d46740c472f9d36b7a04b65023ffc59_ns3000_20260508_184014/baseline/quad_meshes/8d46740c472f9d36b7a04b65023ffc59_quad_extract_work/8d46740c472f9d36b7a04b65023ffc59_quad_gs60.obj', '60.0', '5.0', '1', '5', '5']' returned non-zero exit status 1.
  binary       : /root/SemanPartMesh/quad_extract/build/extract_quad_mesh
  input mesh   : /root/SemanPartMesh/compare_8d46740c472f9d36b7a04b65023ffc59_ns3000_20260508_184014/baseline/quad_meshes/8d46740c472f9d36b7a04b65023ffc59_quad_extract_work/8d46740c472f9d36b7a04b65023ffc59_quad_repaired.obj
  cross field  : /root/SemanPartMesh/compare_8d46740c472f9d36b7a04b65023ffc59_ns3000_20260508_184014/baseline/quad_meshes/8d46740c472f9d36b7a04b65023ffc59_quad_extract_work/8d46740c472f9d36b7a04b65023ffc59_quad_repaired_cf.txt
  output       : /root/SemanPartMesh/compare_8d46740c472f9d36b7a04b65023ffc59_ns3000_20260508_184014/baseline/quad_meshes/8d46740c472f9d36b7a04b65023ffc59_quad_extract_work/8d46740c472f9d36b7a04b65023ffc59_quad_gs60.obj
  gradient_size: 60.0  timeout: 1800s  [stiff=50.0 dr=1 it=5]

  FAILED: Command '['/root/SemanPartMesh/quad_extract/build/extract_quad_mesh', '/root/SemanPartMesh/compare_8d46740c472f9d36b7a04b65023ffc59_ns3000_20260508_184014/baseline/quad_meshes/8d46740c472f9d36b7a04b65023ffc59_quad_extract_work/8d46740c472f9d36b7a04b65023ffc59_quad_repaired.obj', '/root/SemanPartMesh/compare_8d46740c472f9d36b7a04b65023ffc59_ns3000_20260508_184014/baseline/quad_meshes/8d46740c472f9d36b7a04b65023ffc59_quad_extract_work/8d46740c472f9d36b7a04b65023ffc59_quad_repaired_cf.txt', '/root/SemanPartMesh/compare_8d46740c472f9d36b7a04b65023ffc59_ns3000_20260508_184014/baseline/quad_meshes/8d46740c472f9d36b7a04b65023ffc59_quad_extract_work/8d46740c472f9d36b7a04b65023ffc59_quad_gs60.obj', '60.0', '50.0', '1', '5', '5']' returned non-zero exit status 1.
  binary       : /root/SemanPartMesh/quad_extract/build/extract_quad_mesh
  input mesh   : /root/SemanPartMesh/compare_8d46740c472f9d36b7a04b65023ffc59_ns3000_20260508_184014/baseline/quad_meshes/8d46740c472f9d36b7a04b65023ffc59_quad_extract_work/8d46740c472f9d36b7a04b65023ffc59_quad_repaired.obj
  cross field  : /root/SemanPartMesh/compare_8d46740c472f9d36b7a04b65023ffc59_ns3000_20260508_184014/baseline/quad_meshes/8d46740c472f9d36b7a04b65023ffc59_quad_extract_work/8d46740c472f9d36b7a04b65023ffc59_quad_repaired_cf.txt
  output       : /root/SemanPartMesh/compare_8d46740c472f9d36b7a04b65023ffc59_ns3000_20260508_184014/baseline/quad_meshes/8d46740c472f9d36b7a04b65023ffc59_quad_extract_work/8d46740c472f9d36b7a04b65023ffc59_quad_gs60.obj
  gradient_size: 60.0  timeout: 1800s  [stiff=200.0 dr=1 it=3]

  FAILED: Command '['/root/SemanPartMesh/quad_extract/build/extract_quad_mesh', '/root/SemanPartMesh/compare_8d46740c472f9d36b7a04b65023ffc59_ns3000_20260508_184014/baseline/quad_meshes/8d46740c472f9d36b7a04b65023ffc59_quad_extract_work/8d46740c472f9d36b7a04b65023ffc59_quad_repaired.obj', '/root/SemanPartMesh/compare_8d46740c472f9d36b7a04b65023ffc59_ns3000_20260508_184014/baseline/quad_meshes/8d46740c472f9d36b7a04b65023ffc59_quad_extract_work/8d46740c472f9d36b7a04b65023ffc59_quad_repaired_cf.txt', '/root/SemanPartMesh/compare_8d46740c472f9d36b7a04b65023ffc59_ns3000_20260508_184014/baseline/quad_meshes/8d46740c472f9d36b7a04b65023ffc59_quad_extract_work/8d46740c472f9d36b7a04b65023ffc59_quad_gs60.obj', '60.0', '200.0', '1', '3', '5']' returned non-zero exit status 1.
  FAILED: extraction failed for gs=60.0

FAILED: no valid sweep candidate produced an evaluable quad mesh

==================================================
  [Tier 1] PyMeshLab manifold repair
==================================================
  [pml-repair] faces: 5000 -> 4998, verts: 2500, changed=True
  [cf-transfer] 5000 -> 4998 faces, max_dist=0.000001, mean_dist=0.000000

[Auto Sweep]
  mesh        : /root/SemanPartMesh/compare_8d46740c472f9d36b7a04b65023ffc59_ns3000_20260508_184014/baseline/quad_meshes/8d46740c472f9d36b7a04b65023ffc59_quad_extract_work/8d46740c472f9d36b7a04b65023ffc59_quad_pml_repaired.obj
  cross field : /root/SemanPartMesh/compare_8d46740c472f9d36b7a04b65023ffc59_ns3000_20260508_184014/baseline/quad_meshes/8d46740c472f9d36b7a04b65023ffc59_quad_extract_work/8d46740c472f9d36b7a04b65023ffc59_quad_pml_repaired_cf.txt
  output      : /root/SemanPartMesh/compare_8d46740c472f9d36b7a04b65023ffc59_ns3000_20260508_184014/baseline/quad_meshes/8d46740c472f9d36b7a04b65023ffc59_quad.obj
  sweep_values: [8.0, 12.0, 16.0, 24.0, 30.0, 40.0, 60.0]
  thresholds  : min_quads=250, max_ad=15.0, min_jr=0.15

  target_quads: 2499 (budget-aware ranking)

  budget_tol  : 0.200

[Auto Sweep] Trying gradient_size=8.0
  binary       : /root/SemanPartMesh/quad_extract/build/extract_quad_mesh
  input mesh   : /root/SemanPartMesh/compare_8d46740c472f9d36b7a04b65023ffc59_ns3000_20260508_184014/baseline/quad_meshes/8d46740c472f9d36b7a04b65023ffc59_quad_extract_work/8d46740c472f9d36b7a04b65023ffc59_quad_pml_repaired.obj
  cross field  : /root/SemanPartMesh/compare_8d46740c472f9d36b7a04b65023ffc59_ns3000_20260508_184014/baseline/quad_meshes/8d46740c472f9d36b7a04b65023ffc59_quad_extract_work/8d46740c472f9d36b7a04b65023ffc59_quad_pml_repaired_cf.txt
  output       : /root/SemanPartMesh/compare_8d46740c472f9d36b7a04b65023ffc59_ns3000_20260508_184014/baseline/quad_meshes/8d46740c472f9d36b7a04b65023ffc59_quad_extract_work/8d46740c472f9d36b7a04b65023ffc59_quad_gs8.obj[1/4] Loading mesh: /root/SemanPartMesh/compare_8d46740c472f9d36b7a04b65023ffc59_ns3000_20260508_184014/baseline/quad_meshes/8d46740c472f9d36b7a04b65023ffc59_quad_extract_work/8d46740c472f9d36b7a04b65023ffc59_quad_pml_repaired.obj
       V=2500 F=4998
[2/4] Loading cross field: /root/SemanPartMesh/compare_8d46740c472f9d36b7a04b65023ffc59_ns3000_20260508_184014/baseline/quad_meshes/8d46740c472f9d36b7a04b65023ffc59_quad_extract_work/8d46740c472f9d36b7a04b65023ffc59_quad_pml_repaired_cf.txt
       cross field rows=4998
[3/4] Running MIQ parameterization (gradient_size=8, stiffness=5, iters=5)...

 INITIALIZED SPARSE MATRIX OF 5690d x 5690d 

 INITIALIZED SPARSE MATRIX OF 848d x 5850d 

 INITIALIZED VECTOR OF 5690d x 1 

 INITIALIZED VECTOR OF 848d x 1 
Initital dimension: 5850 x 5850, number of constraints: 848, number of integer variables: 252, use reordering: yes
make_constraints_independent took 0.0069930000000000001 s.
Constraint integration took 0.017884000000000001 s.
Constraint elimination took 0.010788000000000001 s.
Reindexing took 0.000301 s.
eliminate_constraints took 0.029152000000000001 s.
Eliminated dimension: 5002 x 5002
#nonzeros: 56922
integer variables #: 94
continuous variables #: 4908
initial full solution
CHOLMOD warning: matrix not positive definite. file: ./CHOLMOD/Supernodal/t_cholmod_super_numeric_worker.c line: 1090
CHOLMOD warning: matrix not positive definite. file: ./CHOLMOD/Supernodal/t_cholmod_super_numeric_worker.c line: 1090
CHOLMOD warning: matrix not positive definite. file: ./CHOLMOD/Supernodal/t_cholmod_super_numeric_worker.c line: 1090
CHOLMOD warning: matrix not positive definite. file: ./CHOLMOD/Supernodal/t_cholmod_super_numeric_worker.c line: 1090
CHOLMOD warning: matrix not positive definite. file: ./CHOLMOD/Supernodal/t_cholmod_super_numeric_worker.c line: 1090
CHOLMOD warning: matrix not positive definite. file: ./CHOLMOD/Supernodal/t_cholmod_super_numeric_worker.c line: 1090
CHOLMOD warning: matrix not positive definite. file: ./CHOLMOD/Supernodal/t_cholmod_super_numeric_worker.c line: 1090
CHOLMOD warning: matrix not positive definite. file: ./CHOLMOD/Supernodal/t_cholmod_super_numeric_worker.c line: 1090
CHOLMOD warning: matrix not positive definite. file: ./CHOLMOD/Supernodal/t_cholmod_super_numeric_worker.c line: 1090
CHOLMOD warning: matrix not positive definite. file: ./CHOLMOD/Supernodal/t_cholmod_super_numeric_worker.c line: 1090
CHOLMOD warning: matrix not positive definite. file: ./CHOLMOD/Supernodal/t_cholmod_super_numeric_worker.c line: 1090
CHOLMOD warning: matrix not positive definite. file: ./CHOLMOD/Supernodal/t_cholmod_super_numeric_worker.c line: 1090
CHOLMOD warning: matrix not positive definite. file: ./CHOLMOD/Supernodal/t_cholmod_super_numeric_worker.c line: 1090
CHOLMOD warning: matrix not positive definite. file: ./CHOLMOD/Supernodal/t_cholmod_super_numeric_worker.c line: 1090
CHOLMOD warning: matrix not positive definite. file: ./CHOLMOD/Supernodal/t_cholmod_super_numeric_worker.c line: 1090
CHOLMOD warning: matrix not positive definite. file: ./CHOLMOD/Supernodal/t_cholmod_super_numeric_worker.c line: 1090
CHOLMOD warning: matrix not positive definite. file: ./CHOLMOD/Supernodal/t_cholmod_super_numeric_worker.c line: 1090
CHOLMOD warning: matrix not positive definite. file: ./CHOLMOD/Supernodal/t_cholmod_super_numeric_worker.c line: 1090
CHOLMOD warning: matrix not positive definite. file: ./CHOLMOD/Supernodal/t_cholmod_super_numeric_worker.c line: 1090
CHOLMOD warning: matrix not positive definite. file: ./CHOLMOD/Supernodal/t_cholmod_super_numeric_worker.c line: 1090
CHOLMOD warning: matrix not positive definite. file: ./CHOLMOD/Supernodal/t_cholmod_super_numeric_worker.c line: 1090
CHOLMOD warning: matrix not positive definite. file: ./CHOLMOD/Supernodal/t_cholmod_super_numeric_worker.c line: 1090
CHOLMOD warning: matrix not positive definite. file: ./CHOLMOD/Supernodal/t_cholmod_super_numeric_worker.c line: 1090
CHOLMOD warning: matrix not positive definite. file: ./CHOLMOD/Supernodal/t_cholmod_super_numeric_worker.c line: 1090
CHOLMOD warning: matrix not positive definite. file: ./CHOLMOD/Supernodal/t_cholmod_super_numeric_worker.c line: 1090
CHOLMOD warning: matrix not positive definite. file: ./CHOLMOD/Supernodal/t_cholmod_super_numeric_worker.c line: 1090
CHOLMOD warning: matrix not positive definite. file: ./CHOLMOD/Supernodal/t_cholmod_super_numeric_worker.c line: 1090
CHOLMOD warning: matrix not positive definite. file: ./CHOLMOD/Supernodal/t_cholmod_super_numeric_worker.c line: 1090
CHOLMOD warning: matrix not positive definite. file: ./CHOLMOD/Supernodal/t_cholmod_super_numeric_worker.c line: 1090
CHOLMOD warning: matrix not positive definite. file: ./CHOLMOD/Supernodal/t_cholmod_super_numeric_worker.c line: 1090
CHOLMOD warning: matrix not positive definite. file: ./CHOLMOD/Supernodal/t_cholmod_super_numeric_worker.c line: 1090
CHOLMOD warning: matrix not positive definite. file: ./CHOLMOD/Supernodal/t_cholmod_super_numeric_worker.c line: 1090
CHOLMOD warning: matrix not positive definite. file: ./CHOLMOD/Supernodal/t_cholmod_super_numeric_worker.c line: 1090
CHOLMOD warning: matrix not positive definite. file: ./CHOLMOD/Supernodal/t_cholmod_super_numeric_worker.c line: 1090
CHOLMOD warning: matrix not positive definite. file: ./CHOLMOD/Supernodal/t_cholmod_super_numeric_worker.c line: 1090
CHOLMOD warning: matrix not positive definite. file: ./CHOLMOD/Supernodal/t_cholmod_super_numeric_worker.c line: 1090
CHOLMOD warning: matrix not positive definite. file: ./CHOLMOD/Supernodal/t_cholmod_super_numeric_worker.c line: 1090
CHOLMOD warning: matrix not positive definite. file: ./CHOLMOD/Supernodal/t_cholmod_super_numeric_worker.c line: 1090
CHOLMOD warning: matrix not positive definite. file: ./CHOLMOD/Supernodal/t_cholmod_super_numeric_worker.c line: 1090
CHOLMOD warning: matrix not positive definite. file: ./CHOLMOD/Supernodal/t_cholmod_super_numeric_worker.c line: 1090
CHOLMOD warning: matrix not positive definite. file: ./CHOLMOD/Supernodal/t_cholmod_super_numeric_worker.c line: 1090
final full solution
CHOLMOD warning: matrix not positive definite. file: ./CHOLMOD/Supernodal/t_cholmod_super_numeric_worker.c line: 1090
 *** Statistics of MiSo Solver ***
Number of LOCAL iterations  = 41
Number of CG    iterations  = 41
Number of FULL  iterations  = 42
Number of ROUNDING          = 94
solve_multiple_rounding took 5.490494 s.
solve took 5.4906109999999995 s.
restore_eliminated_vars took 0.00083599999999999994 s.
solve took 5.5285310000000001 s.
Maximum Distorsion 22.3642 
Maximum Laplacian 39.8066 
ITERATION 0 FLIPS 71 

 INITIALIZED SPARSE MATRIX OF 5690d x 5690d 

 INITIALIZED SPARSE MATRIX OF 848d x 5850d 

 INITIALIZED VECTOR OF 5690d x 1 

 INITIALIZED VECTOR OF 848d x 1 
Initital dimension: 5850 x 5850, number of constraints: 848, number of integer variables: 252, use reordering: yes
make_constraints_independent took 0.0043739999999999994 s.
Constraint integration took 0.068777000000000005 s.
Constraint elimination took 0.0092620000000000011 s.
Reindexing took 0.00024899999999999998 s.
eliminate_constraints took 0.078501000000000001 s.
Eliminated dimension: 5002 x 5002
#nonzeros: 56913
integer variables #: 94
continuous variables #: 4908
initial full solution
CHOLMOD warning: matrix not positive definite. file: ./CHOLMOD/Supernodal/t_cholmod_super_numeric_worker.c line: 1090
CHOLMOD warning: matrix not positive definite. file: ./CHOLMOD/Supernodal/t_cholmod_super_numeric_worker.c line: 1090
CHOLMOD warning: matrix not positive definite. file: ./CHOLMOD/Supernodal/t_cholmod_super_numeric_worker.c line: 1090
CHOLMOD warning: matrix not positive definite. file: ./CHOLMOD/Supernodal/t_cholmod_super_numeric_worker.c line: 1090
CHOLMOD warning: matrix not positive definite. file: ./CHOLMOD/Supernodal/t_cholmod_super_numeric_worker.c line: 1090
CHOLMOD warning: matrix not positive definite. file: ./CHOLMOD/Supernodal/t_cholmod_super_numeric_worker.c line: 1090
CHOLMOD warning: matrix not positive definite. file: ./CHOLMOD/Supernodal/t_cholmod_super_numeric_worker.c line: 1090
CHOLMOD warning: matrix not positive definite. file: ./CHOLMOD/Supernodal/t_cholmod_super_numeric_worker.c line: 1090
CHOLMOD warning: matrix not positive definite. file: ./CHOLMOD/Supernodal/t_cholmod_super_numeric_worker.c line: 1090
CHOLMOD warning: matrix not positive definite. file: ./CHOLMOD/Supernodal/t_cholmod_super_numeric_worker.c line: 1090
CHOLMOD warning: matrix not positive definite. file: ./CHOLMOD/Supernodal/t_cholmod_super_numeric_worker.c line: 1090
CHOLMOD warning: matrix not positive definite. file: ./CHOLMOD/Supernodal/t_cholmod_super_numeric_worker.c line: 1090
CHOLMOD warning: matrix not positive definite. file: ./CHOLMOD/Supernodal/t_cholmod_super_numeric_worker.c line: 1090
CHOLMOD warning: matrix not positive definite. file: ./CHOLMOD/Supernodal/t_cholmod_super_numeric_worker.c line: 1090
CHOLMOD warning: matrix not positive definite. file: ./CHOLMOD/Supernodal/t_cholmod_super_numeric_worker.c line: 1090
CHOLMOD warning: matrix not positive definite. file: ./CHOLMOD/Supernodal/t_cholmod_super_numeric_worker.c line: 1090
CHOLMOD warning: matrix not positive definite. file: ./CHOLMOD/Supernodal/t_cholmod_super_numeric_worker.c line: 1090
CHOLMOD warning: matrix not positive definite. file: ./CHOLMOD/Supernodal/t_cholmod_super_numeric_worker.c line: 1090
CHOLMOD warning: matrix not positive definite. file: ./CHOLMOD/Supernodal/t_cholmod_super_numeric_worker.c line: 1090
CHOLMOD warning: matrix not positive definite. file: ./CHOLMOD/Supernodal/t_cholmod_super_numeric_worker.c line: 1090
CHOLMOD warning: matrix not positive definite. file: ./CHOLMOD/Supernodal/t_cholmod_super_numeric_worker.c line: 1090
CHOLMOD warning: matrix not positive definite. file: ./CHOLMOD/Supernodal/t_cholmod_super_numeric_worker.c line: 1090
CHOLMOD warning: matrix not positive definite. file: ./CHOLMOD/Supernodal/t_cholmod_super_numeric_worker.c line: 1090
CHOLMOD warning: matrix not positive definite. file: ./CHOLMOD/Supernodal/t_cholmod_super_numeric_worker.c line: 1090
CHOLMOD warning: matrix not positive definite. file: ./CHOLMOD/Supernodal/t_cholmod_super_numeric_worker.c line: 1090
CHOLMOD warning: matrix not positive definite. file: ./CHOLMOD/Supernodal/t_cholmod_super_numeric_worker.c line: 1090
CHOLMOD warning: matrix not positive definite. file: ./CHOLMOD/Supernodal/t_cholmod_super_numeric_worker.c line: 1090
CHOLMOD warning: matrix not positive definite. file: ./CHOLMOD/Supernodal/t_cholmod_super_numeric_worker.c line: 1090
CHOLMOD warning: matrix not positive definite. file: ./CHOLMOD/Supernodal/t_cholmod_super_numeric_worker.c line: 1090
CHOLMOD warning: matrix not positive definite. file: ./CHOLMOD/Supernodal/t_cholmod_super_numeric_worker.c line: 1090
CHOLMOD warning: matrix not positive definite. file: ./CHOLMOD/Supernodal/t_cholmod_super_numeric_worker.c line: 1090
CHOLMOD warning: matrix not positive definite. file: ./CHOLMOD/Supernodal/t_cholmod_super_numeric_worker.c line: 1090
CHOLMOD warning: matrix not positive definite. file: ./CHOLMOD/Supernodal/t_cholmod_super_numeric_worker.c line: 1090
CHOLMOD warning: matrix not positive definite. file: ./CHOLMOD/Supernodal/t_cholmod_super_numeric_worker.c line: 1090
CHOLMOD warning: matrix not positive definite. file: ./CHOLMOD/Supernodal/t_cholmod_super_numeric_worker.c line: 1090
CHOLMOD warning: matrix not positive definite. file: ./CHOLMOD/Supernodal/t_cholmod_super_numeric_worker.c line: 1090
CHOLMOD warning: matrix not positive definite. file: ./CHOLMOD/Supernodal/t_cholmod_super_numeric_worker.c line: 1090
CHOLMOD warning: matrix not positive definite. file: ./CHOLMOD/Supernodal/t_cholmod_super_numeric_worker.c line: 1090
CHOLMOD warning: matrix not positive definite. file: ./CHOLMOD/Supernodal/t_cholmod_super_numeric_worker.c line: 1090
CHOLMOD warning: matrix not positive definite. file: ./CHOLMOD/Supernodal/t_cholmod_super_numeric_worker.c line: 1090
CHOLMOD warning: matrix not positive definite. file: ./CHOLMOD/Supernodal/t_cholmod_super_numeric_worker.c line: 1090
final full solution
CHOLMOD warning: matrix not positive definite. file: ./CHOLMOD/Supernodal/t_cholmod_super_numeric_worker.c line: 1090
 *** Statistics of MiSo Solver ***
Number of LOCAL iterations  = 40
Number of CG    iterations  = 40
Number of FULL  iterations  = 42
Number of ROUNDING          = 94
solve_multiple_rounding took 5.5709520000000001 s.
solve took 5.5710730000000002 s.
restore_eliminated_vars took 0.00086499999999999999 s.
solve took 5.6556340000000001 s.
Maximum Distorsion 21.9730 
Maximum Laplacian 40.7970 
ITERATION 1 FLIPS 75 

 INITIALIZED SPARSE MATRIX OF 5690d x 5690d 

 INITIALIZED SPARSE MATRIX OF 848d x 5850d 

 INITIALIZED VECTOR OF 5690d x 1 

 INITIALIZED VECTOR OF 848d x 1 
Initital dimension: 5850 x 5850, number of constraints: 848, number of integer variables: 252, use reordering: yes
make_constraints_independent took 0.058069000000000003 s.
Constraint integration took 0.016775999999999999 s.
Constraint elimination took 0.0098949999999999993 s.
Reindexing took 0.00030600000000000001 s.
eliminate_constraints took 0.027185999999999998 s.
Eliminated dimension: 5002 x 5002
#nonzeros: 56912
integer variables #: 94
continuous variables #: 4908
initial full solution
CHOLMOD warning: matrix not positive definite. file: ./CHOLMOD/Supernodal/t_cholmod_super_numeric_worker.c line: 1090
CHOLMOD warning: matrix not positive definite. file: ./CHOLMOD/Supernodal/t_cholmod_super_numeric_worker.c line: 1090
CHOLMOD warning: matrix not positive definite. file: ./CHOLMOD/Supernodal/t_cholmod_super_numeric_worker.c line: 1090
CHOLMOD warning: matrix not positive definite. file: ./CHOLMOD/Supernodal/t_cholmod_super_numeric_worker.c line: 1090
CHOLMOD warning: matrix not positive definite. file: ./CHOLMOD/Supernodal/t_cholmod_super_numeric_worker.c line: 1090
CHOLMOD warning: matrix not positive definite. file: ./CHOLMOD/Supernodal/t_cholmod_super_numeric_worker.c line: 1090
CHOLMOD warning: matrix not positive definite. file: ./CHOLMOD/Supernodal/t_cholmod_super_numeric_worker.c line: 1090
CHOLMOD warning: matrix not positive definite. file: ./CHOLMOD/Supernodal/t_cholmod_super_numeric_worker.c line: 1090
CHOLMOD warning: matrix not positive definite. file: ./CHOLMOD/Supernodal/t_cholmod_super_numeric_worker.c line: 1090
CHOLMOD warning: matrix not positive definite. file: ./CHOLMOD/Supernodal/t_cholmod_super_numeric_worker.c line: 1090
CHOLMOD warning: matrix not positive definite. file: ./CHOLMOD/Supernodal/t_cholmod_super_numeric_worker.c line: 1090
CHOLMOD warning: matrix not positive definite. file: ./CHOLMOD/Supernodal/t_cholmod_super_numeric_worker.c line: 1090
CHOLMOD warning: matrix not positive definite. file: ./CHOLMOD/Supernodal/t_cholmod_super_numeric_worker.c line: 1090
CHOLMOD warning: matrix not positive definite. file: ./CHOLMOD/Supernodal/t_cholmod_super_numeric_worker.c line: 1090
CHOLMOD warning: matrix not positive definite. file: ./CHOLMOD/Supernodal/t_cholmod_super_numeric_worker.c line: 1090
CHOLMOD warning: matrix not positive definite. file: ./CHOLMOD/Supernodal/t_cholmod_super_numeric_worker.c line: 1090
CHOLMOD warning: matrix not positive definite. file: ./CHOLMOD/Supernodal/t_cholmod_super_numeric_worker.c line: 1090
CHOLMOD warning: matrix not positive definite. file: ./CHOLMOD/Supernodal/t_cholmod_super_numeric_worker.c line: 1090
CHOLMOD warning: matrix not positive definite. file: ./CHOLMOD/Supernodal/t_cholmod_super_numeric_worker.c line: 1090
CHOLMOD warning: matrix not positive definite. file: ./CHOLMOD/Supernodal/t_cholmod_super_numeric_worker.c line: 1090
CHOLMOD warning: matrix not positive definite. file: ./CHOLMOD/Supernodal/t_cholmod_super_numeric_worker.c line: 1090
CHOLMOD warning: matrix not positive definite. file: ./CHOLMOD/Supernodal/t_cholmod_super_numeric_worker.c line: 1090
CHOLMOD warning: matrix not positive definite. file: ./CHOLMOD/Supernodal/t_cholmod_super_numeric_worker.c line: 1090
CHOLMOD warning: matrix not positive definite. file: ./CHOLMOD/Supernodal/t_cholmod_super_numeric_worker.c line: 1090
CHOLMOD warning: matrix not positive definite. file: ./CHOLMOD/Supernodal/t_cholmod_super_numeric_worker.c line: 1090
CHOLMOD warning: matrix not positive definite. file: ./CHOLMOD/Supernodal/t_cholmod_super_numeric_worker.c line: 1090
CHOLMOD warning: matrix not positive definite. file: ./CHOLMOD/Supernodal/t_cholmod_super_numeric_worker.c line: 1090
CHOLMOD warning: matrix not positive definite. file: ./CHOLMOD/Supernodal/t_cholmod_super_numeric_worker.c line: 1090
CHOLMOD warning: matrix not positive definite. file: ./CHOLMOD/Supernodal/t_cholmod_super_numeric_worker.c line: 1090
CHOLMOD warning: matrix not positive definite. file: ./CHOLMOD/Supernodal/t_cholmod_super_numeric_worker.c line: 1090
CHOLMOD warning: matrix not positive definite. file: ./CHOLMOD/Supernodal/t_cholmod_super_numeric_worker.c line: 1090
CHOLMOD warning: matrix not positive definite. file: ./CHOLMOD/Supernodal/t_cholmod_super_numeric_worker.c line: 1090
CHOLMOD warning: matrix not positive definite. file: ./CHOLMOD/Supernodal/t_cholmod_super_numeric_worker.c line: 1090
CHOLMOD warning: matrix not positive definite. file: ./CHOLMOD/Supernodal/t_cholmod_super_numeric_worker.c line: 1090
CHOLMOD warning: matrix not positive definite. file: ./CHOLMOD/Supernodal/t_cholmod_super_numeric_worker.c line: 1090
CHOLMOD warning: matrix not positive definite. file: ./CHOLMOD/Supernodal/t_cholmod_super_numeric_worker.c line: 1090
CHOLMOD warning: matrix not positive definite. file: ./CHOLMOD/Supernodal/t_cholmod_super_numeric_worker.c line: 1090
CHOLMOD warning: matrix not positive definite. file: ./CHOLMOD/Supernodal/t_cholmod_super_numeric_worker.c line: 1090
CHOLMOD warning: matrix not positive definite. file: ./CHOLMOD/Supernodal/t_cholmod_super_numeric_worker.c line: 1090
final full solution
CHOLMOD warning: matrix not positive definite. file: ./CHOLMOD/Supernodal/t_cholmod_super_numeric_worker.c line: 1090
 *** Statistics of MiSo Solver ***
Number of LOCAL iterations  = 38
Number of CG    iterations  = 38
Number of FULL  iterations  = 40
Number of ROUNDING          = 94
solve_multiple_rounding took 5.5102320000000002 s.
solve took 5.5103739999999997 s.
restore_eliminated_vars took 0.00083900000000000001 s.
solve took 5.5971869999999999 s.
Maximum Distorsion 13.1916 
Maximum Laplacian 15.0240 
ITERATION 2 FLIPS 75 

 INITIALIZED SPARSE MATRIX OF 5690d x 5690d 

 INITIALIZED SPARSE MATRIX OF 848d x 5850d 

 INITIALIZED VECTOR OF 5690d x 1 

 INITIALIZED VECTOR OF 848d x 1 
Initital dimension: 5850 x 5850, number of constraints: 848, number of integer variables: 252, use reordering: yes
make_constraints_independent took 0.005359 s.
Constraint integration took 0.013912000000000001 s.
Constraint elimination took 0.031946000000000002 s.
Reindexing took 0.00029099999999999997 s.
eliminate_constraints took 0.046311999999999999 s.
Eliminated dimension: 5002 x 5002
#nonzeros: 56998
integer variables #: 94
continuous variables #: 4908
initial full solution
CHOLMOD warning: matrix not positive definite. file: ./CHOLMOD/Supernodal/t_cholmod_super_numeric_worker.c line: 1090
CHOLMOD warning: matrix not positive definite. file: ./CHOLMOD/Supernodal/t_cholmod_super_numeric_worker.c line: 1090
CHOLMOD warning: matrix not positive definite. file: ./CHOLMOD/Supernodal/t_cholmod_super_numeric_worker.c line: 1090
CHOLMOD warning: matrix not positive definite. file: ./CHOLMOD/Supernodal/t_cholmod_super_numeric_worker.c line: 1090
CHOLMOD warning: matrix not positive definite. file: ./CHOLMOD/Supernodal/t_cholmod_super_numeric_worker.c line: 1090
CHOLMOD warning: matrix not positive definite. file: ./CHOLMOD/Supernodal/t_cholmod_super_numeric_worker.c line: 1090
CHOLMOD warning: matrix not positive definite. file: ./CHOLMOD/Supernodal/t_cholmod_super_numeric_worker.c line: 1090
CHOLMOD warning: matrix not positive definite. file: ./CHOLMOD/Supernodal/t_cholmod_super_numeric_worker.c line: 1090
CHOLMOD warning: matrix not positive definite. file: ./CHOLMOD/Supernodal/t_cholmod_super_numeric_worker.c line: 1090
CHOLMOD warning: matrix not positive definite. file: ./CHOLMOD/Supernodal/t_cholmod_super_numeric_worker.c line: 1090
CHOLMOD warning: matrix not positive definite. file: ./CHOLMOD/Supernodal/t_cholmod_super_numeric_worker.c line: 1090
CHOLMOD warning: matrix not positive definite. file: ./CHOLMOD/Supernodal/t_cholmod_super_numeric_worker.c line: 1090
CHOLMOD warning: matrix not positive definite. file: ./CHOLMOD/Supernodal/t_cholmod_super_numeric_worker.c line: 1090
CHOLMOD warning: matrix not positive definite. file: ./CHOLMOD/Supernodal/t_cholmod_super_numeric_worker.c line: 1090
CHOLMOD warning: matrix not positive definite. file: ./CHOLMOD/Supernodal/t_cholmod_super_numeric_worker.c line: 1090
CHOLMOD warning: matrix not positive definite. file: ./CHOLMOD/Supernodal/t_cholmod_super_numeric_worker.c line: 1090
CHOLMOD warning: matrix not positive definite. file: ./CHOLMOD/Supernodal/t_cholmod_super_numeric_worker.c line: 1090
CHOLMOD warning: matrix not positive definite. file: ./CHOLMOD/Supernodal/t_cholmod_super_numeric_worker.c line: 1090
CHOLMOD warning: matrix not positive definite. file: ./CHOLMOD/Supernodal/t_cholmod_super_numeric_worker.c line: 1090
CHOLMOD warning: matrix not positive definite. file: ./CHOLMOD/Supernodal/t_cholmod_super_numeric_worker.c line: 1090
CHOLMOD warning: matrix not positive definite. file: ./CHOLMOD/Supernodal/t_cholmod_super_numeric_worker.c line: 1090
CHOLMOD warning: matrix not positive definite. file: ./CHOLMOD/Supernodal/t_cholmod_super_numeric_worker.c line: 1090
CHOLMOD warning: matrix not positive definite. file: ./CHOLMOD/Supernodal/t_cholmod_super_numeric_worker.c line: 1090
CHOLMOD warning: matrix not positive definite. file: ./CHOLMOD/Supernodal/t_cholmod_super_numeric_worker.c line: 1090
CHOLMOD warning: matrix not positive definite. file: ./CHOLMOD/Supernodal/t_cholmod_super_numeric_worker.c line: 1090
CHOLMOD warning: matrix not positive definite. file: ./CHOLMOD/Supernodal/t_cholmod_super_numeric_worker.c line: 1090
CHOLMOD warning: matrix not positive definite. file: ./CHOLMOD/Supernodal/t_cholmod_super_numeric_worker.c line: 1090
CHOLMOD warning: matrix not positive definite. file: ./CHOLMOD/Supernodal/t_cholmod_super_numeric_worker.c line: 1090
CHOLMOD warning: matrix not positive definite. file: ./CHOLMOD/Supernodal/t_cholmod_super_numeric_worker.c line: 1090
CHOLMOD warning: matrix not positive definite. file: ./CHOLMOD/Supernodal/t_cholmod_super_numeric_worker.c line: 1090
CHOLMOD warning: matrix not positive definite. file: ./CHOLMOD/Supernodal/t_cholmod_super_numeric_worker.c line: 1090
CHOLMOD warning: matrix not positive definite. file: ./CHOLMOD/Supernodal/t_cholmod_super_numeric_worker.c line: 1090
CHOLMOD warning: matrix not positive definite. file: ./CHOLMOD/Supernodal/t_cholmod_super_numeric_worker.c line: 1090
CHOLMOD warning: matrix not positive definite. file: ./CHOLMOD/Supernodal/t_cholmod_super_numeric_worker.c line: 1090
CHOLMOD warning: matrix not positive definite. file: ./CHOLMOD/Supernodal/t_cholmod_super_numeric_worker.c line: 1090
CHOLMOD warning: matrix not positive definite. file: ./CHOLMOD/Supernodal/t_cholmod_super_numeric_worker.c line: 1090
CHOLMOD warning: matrix not positive definite. file: ./CHOLMOD/Supernodal/t_cholmod_super_numeric_worker.c line: 1090
CHOLMOD warning: matrix not positive definite. file: ./CHOLMOD/Supernodal/t_cholmod_super_numeric_worker.c line: 1090
CHOLMOD warning: matrix not positive definite. file: ./CHOLMOD/Supernodal/t_cholmod_super_numeric_worker.c line: 1090
final full solution
CHOLMOD warning: matrix not positive definite. file: ./CHOLMOD/Supernodal/t_cholmod_super_numeric_worker.c line: 1090
 *** Statistics of MiSo Solver ***
Number of LOCAL iterations  = 38
Number of CG    iterations  = 38
Number of FULL  iterations  = 40
Number of ROUNDING          = 94
solve_multiple_rounding took 5.5045489999999999 s.
solve took 5.5046689999999998 s.
restore_eliminated_vars took 0.00087199999999999995 s.
solve took 5.5579480000000006 s.
Maximum Distorsion 6.6309 
Maximum Laplacian 11.7889 
ITERATION 3 FLIPS 63 

 INITIALIZED SPARSE MATRIX OF 5690d x 5690d 

 INITIALIZED SPARSE MATRIX OF 848d x 5850d 

 INITIALIZED VECTOR OF 5690d x 1 

 INITIALIZED VECTOR OF 848d x 1 
Initital dimension: 5850 x 5850, number of constraints: 848, number of integer variables: 252, use reordering: yes
make_constraints_independent took 0.0046310000000000006 s.
Constraint integration took 0.012636000000000001 s.
Constraint elimination took 0.0073369999999999998 s.
Reindexing took 0.000241 s.
eliminate_constraints took 0.020343 s.
Eliminated dimension: 5002 x 5002
#nonzeros: 57006
integer variables #: 94
continuous variables #: 4908
initial full solution
CHOLMOD warning: matrix not positive definite. file: ./CHOLMOD/Supernodal/t_cholmod_super_numeric_worker.c line: 1090
CHOLMOD warning: matrix not positive definite. file: ./CHOLMOD/Supernodal/t_cholmod_super_numeric_worker.c line: 1090
CHOLMOD warning: matrix not positive definite. file: ./CHOLMOD/Supernodal/t_cholmod_super_numeric_worker.c line: 1090
CHOLMOD warning: matrix not positive definite. file: ./CHOLMOD/Supernodal/t_cholmod_super_numeric_worker.c line: 1090
CHOLMOD warning: matrix not positive definite. file: ./CHOLMOD/Supernodal/t_cholmod_super_numeric_worker.c line: 1090
CHOLMOD warning: matrix not positive definite. file: ./CHOLMOD/Supernodal/t_cholmod_super_numeric_worker.c line: 1090
CHOLMOD warning: matrix not positive definite. file: ./CHOLMOD/Supernodal/t_cholmod_super_numeric_worker.c line: 1090
CHOLMOD warning: matrix not positive definite. file: ./CHOLMOD/Supernodal/t_cholmod_super_numeric_worker.c line: 1090
CHOLMOD warning: matrix not positive definite. file: ./CHOLMOD/Supernodal/t_cholmod_super_numeric_worker.c line: 1090
CHOLMOD warning: matrix not positive definite. file: ./CHOLMOD/Supernodal/t_cholmod_super_numeric_worker.c line: 1090
CHOLMOD warning: matrix not positive definite. file: ./CHOLMOD/Supernodal/t_cholmod_super_numeric_worker.c line: 1090
CHOLMOD warning: matrix not positive definite. file: ./CHOLMOD/Supernodal/t_cholmod_super_numeric_worker.c line: 1090
CHOLMOD warning: matrix not positive definite. file: ./CHOLMOD/Supernodal/t_cholmod_super_numeric_worker.c line: 1090
CHOLMOD warning: matrix not positive definite. file: ./CHOLMOD/Supernodal/t_cholmod_super_numeric_worker.c line: 1090
CHOLMOD warning: matrix not positive definite. file: ./CHOLMOD/Supernodal/t_cholmod_super_numeric_worker.c line: 1090
CHOLMOD warning: matrix not positive definite. file: ./CHOLMOD/Supernodal/t_cholmod_super_numeric_worker.c line: 1090
CHOLMOD warning: matrix not positive definite. file: ./CHOLMOD/Supernodal/t_cholmod_super_numeric_worker.c line: 1090
CHOLMOD warning: matrix not positive definite. file: ./CHOLMOD/Supernodal/t_cholmod_super_numeric_worker.c line: 1090
CHOLMOD warning: matrix not positive definite. file: ./CHOLMOD/Supernodal/t_cholmod_super_numeric_worker.c line: 1090
CHOLMOD warning: matrix not positive definite. file: ./CHOLMOD/Supernodal/t_cholmod_super_numeric_worker.c line: 1090
CHOLMOD warning: matrix not positive definite. file: ./CHOLMOD/Supernodal/t_cholmod_super_numeric_worker.c line: 1090
CHOLMOD warning: matrix not positive definite. file: ./CHOLMOD/Supernodal/t_cholmod_super_numeric_worker.c line: 1090
CHOLMOD warning: matrix not positive definite. file: ./CHOLMOD/Supernodal/t_cholmod_super_numeric_worker.c line: 1090
CHOLMOD warning: matrix not positive definite. file: ./CHOLMOD/Supernodal/t_cholmod_super_numeric_worker.c line: 1090
CHOLMOD warning: matrix not positive definite. file: ./CHOLMOD/Supernodal/t_cholmod_super_numeric_worker.c line: 1090
CHOLMOD warning: matrix not positive definite. file: ./CHOLMOD/Supernodal/t_cholmod_super_numeric_worker.c line: 1090
CHOLMOD warning: matrix not positive definite. file: ./CHOLMOD/Supernodal/t_cholmod_super_numeric_worker.c line: 1090
CHOLMOD warning: matrix not positive definite. file: ./CHOLMOD/Supernodal/t_cholmod_super_numeric_worker.c line: 1090
CHOLMOD warning: matrix not positive definite. file: ./CHOLMOD/Supernodal/t_cholmod_super_numeric_worker.c line: 1090
CHOLMOD warning: matrix not positive definite. file: ./CHOLMOD/Supernodal/t_cholmod_super_numeric_worker.c line: 1090
CHOLMOD warning: matrix not positive definite. file: ./CHOLMOD/Supernodal/t_cholmod_super_numeric_worker.c line: 1090
CHOLMOD warning: matrix not positive definite. file: ./CHOLMOD/Supernodal/t_cholmod_super_numeric_worker.c line: 1090
CHOLMOD warning: matrix not positive definite. file: ./CHOLMOD/Supernodal/t_cholmod_super_numeric_worker.c line: 1090
CHOLMOD warning: matrix not positive definite. file: ./CHOLMOD/Supernodal/t_cholmod_super_numeric_worker.c line: 1090
CHOLMOD warning: matrix not positive definite. file: ./CHOLMOD/Supernodal/t_cholmod_super_numeric_worker.c line: 1090
CHOLMOD warning: matrix not positive definite. file: ./CHOLMOD/Supernodal/t_cholmod_super_numeric_worker.c line: 1090
final full solution
CHOLMOD warning: matrix not positive definite. file: ./CHOLMOD/Supernodal/t_cholmod_super_numeric_worker.c line: 1090
 *** Statistics of MiSo Solver ***
Number of LOCAL iterations  = 35
Number of CG    iterations  = 35
Number of FULL  iterations  = 37
Number of ROUNDING          = 94
solve_multiple_rounding took 4.9103239999999992 s.
solve took 4.9104510000000001 s.
restore_eliminated_vars took 0.00086200000000000003 s.
solve took 4.9370020000000006 s.
Maximum Distorsion 6.4530 
Maximum Laplacian 12.4853 
ITERATION 4 FLIPS 55 
**** END OPTIMIZING #FLIPS 55  ****
       UV=2845 FUV=4998
Invalid MIQ output: UV=2845x2 FUV=4998x3

 Closed: Fri May 08 18:58:23 2026

[1/4] Loading mesh: /root/SemanPartMesh/compare_8d46740c472f9d36b7a04b65023ffc59_ns3000_20260508_184014/baseline/quad_meshes/8d46740c472f9d36b7a04b65023ffc59_quad_extract_work/8d46740c472f9d36b7a04b65023ffc59_quad_pml_repaired.obj
       V=2500 F=4998
[2/4] Loading cross field: /root/SemanPartMesh/compare_8d46740c472f9d36b7a04b65023ffc59_ns3000_20260508_184014/baseline/quad_meshes/8d46740c472f9d36b7a04b65023ffc59_quad_extract_work/8d46740c472f9d36b7a04b65023ffc59_quad_pml_repaired_cf.txt
       cross field rows=4998
[3/4] Running MIQ parameterization (gradient_size=8, stiffness=50, iters=5)...

 INITIALIZED SPARSE MATRIX OF 5690d x 5690d 

 INITIALIZED SPARSE MATRIX OF 848d x 5850d 

 INITIALIZED VECTOR OF 5690d x 1 

 INITIALIZED VECTOR OF 848d x 1 
Initital dimension: 5850 x 5850, number of constraints: 848, number of integer variables: 252, use reordering: yes
make_constraints_independent took 0.0058790000000000005 s.
Constraint integration took 0.015086 s.
Constraint elimination took 0.009384 s.
Reindexing took 0.00025300000000000002 s.
eliminate_constraints took 0.024868999999999999 s.
Eliminated dimension: 5002 x 5002
#nonzeros: 56922
integer variables #: 94
continuous variables #: 4908
initial full solution
CHOLMOD warning: matrix not positive definite. file: ./CHOLMOD/Supernodal/t_cholmod_super_numeric_worker.c line: 1090
CHOLMOD warning: matrix not positive definite. file: ./CHOLMOD/Supernodal/t_cholmod_super_numeric_worker.c line: 1090
CHOLMOD warning: matrix not positive definite. file: ./CHOLMOD/Supernodal/t_cholmod_super_numeric_worker.c line: 1090
CHOLMOD warning: matrix not positive definite. file: ./CHOLMOD/Supernodal/t_cholmod_super_numeric_worker.c line: 1090
CHOLMOD warning: matrix not positive definite. file: ./CHOLMOD/Supernodal/t_cholmod_super_numeric_worker.c line: 1090
CHOLMOD warning: matrix not positive definite. file: ./CHOLMOD/Supernodal/t_cholmod_super_numeric_worker.c line: 1090
CHOLMOD warning: matrix not positive definite. file: ./CHOLMOD/Supernodal/t_cholmod_super_numeric_worker.c line: 1090
CHOLMOD warning: matrix not positive definite. file: ./CHOLMOD/Supernodal/t_cholmod_super_numeric_worker.c line: 1090
CHOLMOD warning: matrix not positive definite. file: ./CHOLMOD/Supernodal/t_cholmod_super_numeric_worker.c line: 1090
CHOLMOD warning: matrix not positive definite. file: ./CHOLMOD/Supernodal/t_cholmod_super_numeric_worker.c line: 1090
CHOLMOD warning: matrix not positive definite. file: ./CHOLMOD/Supernodal/t_cholmod_super_numeric_worker.c line: 1090
CHOLMOD warning: matrix not positive definite. file: ./CHOLMOD/Supernodal/t_cholmod_super_numeric_worker.c line: 1090
CHOLMOD warning: matrix not positive definite. file: ./CHOLMOD/Supernodal/t_cholmod_super_numeric_worker.c line: 1090
CHOLMOD warning: matrix not positive definite. file: ./CHOLMOD/Supernodal/t_cholmod_super_numeric_worker.c line: 1090
CHOLMOD warning: matrix not positive definite. file: ./CHOLMOD/Supernodal/t_cholmod_super_numeric_worker.c line: 1090
CHOLMOD warning: matrix not positive definite. file: ./CHOLMOD/Supernodal/t_cholmod_super_numeric_worker.c line: 1090
CHOLMOD warning: matrix not positive definite. file: ./CHOLMOD/Supernodal/t_cholmod_super_numeric_worker.c line: 1090
CHOLMOD warning: matrix not positive definite. file: ./CHOLMOD/Supernodal/t_cholmod_super_numeric_worker.c line: 1090
CHOLMOD warning: matrix not positive definite. file: ./CHOLMOD/Supernodal/t_cholmod_super_numeric_worker.c line: 1090
CHOLMOD warning: matrix not positive definite. file: ./CHOLMOD/Supernodal/t_cholmod_super_numeric_worker.c line: 1090
CHOLMOD warning: matrix not positive definite. file: ./CHOLMOD/Supernodal/t_cholmod_super_numeric_worker.c line: 1090
CHOLMOD warning: matrix not positive definite. file: ./CHOLMOD/Supernodal/t_cholmod_super_numeric_worker.c line: 1090
CHOLMOD warning: matrix not positive definite. file: ./CHOLMOD/Supernodal/t_cholmod_super_numeric_worker.c line: 1090
CHOLMOD warning: matrix not positive definite. file: ./CHOLMOD/Supernodal/t_cholmod_super_numeric_worker.c line: 1090
CHOLMOD warning: matrix not positive definite. file: ./CHOLMOD/Supernodal/t_cholmod_super_numeric_worker.c line: 1090
CHOLMOD warning: matrix not positive definite. file: ./CHOLMOD/Supernodal/t_cholmod_super_numeric_worker.c line: 1090
CHOLMOD warning: matrix not positive definite. file: ./CHOLMOD/Supernodal/t_cholmod_super_numeric_worker.c line: 1090
CHOLMOD warning: matrix not positive definite. file: ./CHOLMOD/Supernodal/t_cholmod_super_numeric_worker.c line: 1090
CHOLMOD warning: matrix not positive definite. file: ./CHOLMOD/Supernodal/t_cholmod_super_numeric_worker.c line: 1090
CHOLMOD warning: matrix not positive definite. file: ./CHOLMOD/Supernodal/t_cholmod_super_numeric_worker.c line: 1090
CHOLMOD warning: matrix not positive definite. file: ./CHOLMOD/Supernodal/t_cholmod_super_numeric_worker.c line: 1090
CHOLMOD warning: matrix not positive definite. file: ./CHOLMOD/Supernodal/t_cholmod_super_numeric_worker.c line: 1090
CHOLMOD warning: matrix not positive definite. file: ./CHOLMOD/Supernodal/t_cholmod_super_numeric_worker.c line: 1090
CHOLMOD warning: matrix not positive definite. file: ./CHOLMOD/Supernodal/t_cholmod_super_numeric_worker.c line: 1090
CHOLMOD warning: matrix not positive definite. file: ./CHOLMOD/Supernodal/t_cholmod_super_numeric_worker.c line: 1090
CHOLMOD warning: matrix not positive definite. file: ./CHOLMOD/Supernodal/t_cholmod_super_numeric_worker.c line: 1090
CHOLMOD warning: matrix not positive definite. file: ./CHOLMOD/Supernodal/t_cholmod_super_numeric_worker.c line: 1090
CHOLMOD warning: matrix not positive definite. file: ./CHOLMOD/Supernodal/t_cholmod_super_numeric_worker.c line: 1090
CHOLMOD warning: matrix not positive definite. file: ./CHOLMOD/Supernodal/t_cholmod_super_numeric_worker.c line: 1090
CHOLMOD warning: matrix not positive definite. file: ./CHOLMOD/Supernodal/t_cholmod_super_numeric_worker.c line: 1090
CHOLMOD warning: matrix not positive definite. file: ./CHOLMOD/Supernodal/t_cholmod_super_numeric_worker.c line: 1090
final full solution
CHOLMOD warning: matrix not positive definite. file: ./CHOLMOD/Supernodal/t_cholmod_super_numeric_worker.c line: 1090
 *** Statistics of MiSo Solver ***
Number of LOCAL iterations  = 41
Number of CG    iterations  = 41
Number of FULL  iterations  = 42
Number of ROUNDING          = 94
solve_multiple_rounding took 5.8692760000000002 s.
solve took 5.8693970000000002 s.
restore_eliminated_vars took 0.00085399999999999994 s.
solve took 5.9025420000000004 s.
Maximum Distorsion 22.3642 
Maximum Laplacian 39.8066 
ITERATION 0 FLIPS 71 

 INITIALIZED SPARSE MATRIX OF 5690d x 5690d 

 INITIALIZED SPARSE MATRIX OF 848d x 5850d 

 INITIALIZED VECTOR OF 5690d x 1 

 INITIALIZED VECTOR OF 848d x 1 
Initital dimension: 5850 x 5850, number of constraints: 848, number of integer variables: 252, use reordering: yes
make_constraints_independent took 0.0042929999999999999 s.
Constraint integration took 0.012421 s.
Constraint elimination took 0.007744 s.
Reindexing took 0.00023900000000000001 s.
eliminate_constraints took 0.020542999999999999 s.
Eliminated dimension: 5002 x 5002
#nonzeros: 56913
integer variables #: 94
continuous variables #: 4908
initial full solution
CHOLMOD warning: matrix not positive definite. file: ./CHOLMOD/Supernodal/t_cholmod_super_numeric_worker.c line: 1090
CHOLMOD warning: matrix not positive definite. file: ./CHOLMOD/Supernodal/t_cholmod_super_numeric_worker.c line: 1090
CHOLMOD warning: matrix not positive definite. file: ./CHOLMOD/Supernodal/t_cholmod_super_numeric_worker.c line: 1090
CHOLMOD warning: matrix not positive definite. file: ./CHOLMOD/Supernodal/t_cholmod_super_numeric_worker.c line: 1090
CHOLMOD warning: matrix not positive definite. file: ./CHOLMOD/Supernodal/t_cholmod_super_numeric_worker.c line: 1090
CHOLMOD warning: matrix not positive definite. file: ./CHOLMOD/Supernodal/t_cholmod_super_numeric_worker.c line: 1090
CHOLMOD warning: matrix not positive definite. file: ./CHOLMOD/Supernodal/t_cholmod_super_numeric_worker.c line: 1090
CHOLMOD warning: matrix not positive definite. file: ./CHOLMOD/Supernodal/t_cholmod_super_numeric_worker.c line: 1090
CHOLMOD warning: matrix not positive definite. file: ./CHOLMOD/Supernodal/t_cholmod_super_numeric_worker.c line: 1090
CHOLMOD warning: matrix not positive definite. file: ./CHOLMOD/Supernodal/t_cholmod_super_numeric_worker.c line: 1090
CHOLMOD warning: matrix not positive definite. file: ./CHOLMOD/Supernodal/t_cholmod_super_numeric_worker.c line: 1090
CHOLMOD warning: matrix not positive definite. file: ./CHOLMOD/Supernodal/t_cholmod_super_numeric_worker.c line: 1090
CHOLMOD warning: matrix not positive definite. file: ./CHOLMOD/Supernodal/t_cholmod_super_numeric_worker.c line: 1090
CHOLMOD warning: matrix not positive definite. file: ./CHOLMOD/Supernodal/t_cholmod_super_numeric_worker.c line: 1090
CHOLMOD warning: matrix not positive definite. file: ./CHOLMOD/Supernodal/t_cholmod_super_numeric_worker.c line: 1090
CHOLMOD warning: matrix not positive definite. file: ./CHOLMOD/Supernodal/t_cholmod_super_numeric_worker.c line: 1090
CHOLMOD warning: matrix not positive definite. file: ./CHOLMOD/Supernodal/t_cholmod_super_numeric_worker.c line: 1090
CHOLMOD warning: matrix not positive definite. file: ./CHOLMOD/Supernodal/t_cholmod_super_numeric_worker.c line: 1090
CHOLMOD warning: matrix not positive definite. file: ./CHOLMOD/Supernodal/t_cholmod_super_numeric_worker.c line: 1090
CHOLMOD warning: matrix not positive definite. file: ./CHOLMOD/Supernodal/t_cholmod_super_numeric_worker.c line: 1090
CHOLMOD warning: matrix not positive definite. file: ./CHOLMOD/Supernodal/t_cholmod_super_numeric_worker.c line: 1090
CHOLMOD warning: matrix not positive definite. file: ./CHOLMOD/Supernodal/t_cholmod_super_numeric_worker.c line: 1090
CHOLMOD warning: matrix not positive definite. file: ./CHOLMOD/Supernodal/t_cholmod_super_numeric_worker.c line: 1090
CHOLMOD warning: matrix not positive definite. file: ./CHOLMOD/Supernodal/t_cholmod_super_numeric_worker.c line: 1090
CHOLMOD warning: matrix not positive definite. file: ./CHOLMOD/Supernodal/t_cholmod_super_numeric_worker.c line: 1090
CHOLMOD warning: matrix not positive definite. file: ./CHOLMOD/Supernodal/t_cholmod_super_numeric_worker.c line: 1090
CHOLMOD warning: matrix not positive definite. file: ./CHOLMOD/Supernodal/t_cholmod_super_numeric_worker.c line: 1090
CHOLMOD warning: matrix not positive definite. file: ./CHOLMOD/Supernodal/t_cholmod_super_numeric_worker.c line: 1090
CHOLMOD warning: matrix not positive definite. file: ./CHOLMOD/Supernodal/t_cholmod_super_numeric_worker.c line: 1090
CHOLMOD warning: matrix not positive definite. file: ./CHOLMOD/Supernodal/t_cholmod_super_numeric_worker.c line: 1090
CHOLMOD warning: matrix not positive definite. file: ./CHOLMOD/Supernodal/t_cholmod_super_numeric_worker.c line: 1090
CHOLMOD warning: matrix not positive definite. file: ./CHOLMOD/Supernodal/t_cholmod_super_numeric_worker.c line: 1090
CHOLMOD warning: matrix not positive definite. file: ./CHOLMOD/Supernodal/t_cholmod_super_numeric_worker.c line: 1090
CHOLMOD warning: matrix not positive definite. file: ./CHOLMOD/Supernodal/t_cholmod_super_numeric_worker.c line: 1090
CHOLMOD warning: matrix not positive definite. file: ./CHOLMOD/Supernodal/t_cholmod_super_numeric_worker.c line: 1090
CHOLMOD warning: matrix not positive definite. file: ./CHOLMOD/Supernodal/t_cholmod_super_numeric_worker.c line: 1090
CHOLMOD warning: matrix not positive definite. file: ./CHOLMOD/Supernodal/t_cholmod_super_numeric_worker.c line: 1090
CHOLMOD warning: matrix not positive definite. file: ./CHOLMOD/Supernodal/t_cholmod_super_numeric_worker.c line: 1090
CHOLMOD warning: matrix not positive definite. file: ./CHOLMOD/Supernodal/t_cholmod_super_numeric_worker.c line: 1090
CHOLMOD warning: matrix not positive definite. file: ./CHOLMOD/Supernodal/t_cholmod_super_numeric_worker.c line: 1090
CHOLMOD warning: matrix not positive definite. file: ./CHOLMOD/Supernodal/t_cholmod_super_numeric_worker.c line: 1090
final full solution
CHOLMOD warning: matrix not positive definite. file: ./CHOLMOD/Supernodal/t_cholmod_super_numeric_worker.c line: 1090
 *** Statistics of MiSo Solver ***
Number of LOCAL iterations  = 40
Number of CG    iterations  = 40
Number of FULL  iterations  = 42
Number of ROUNDING          = 94
solve_multiple_rounding took 5.4157900000000003 s.
solve took 5.4159049999999995 s.
restore_eliminated_vars took 0.000803 s.
solve took 5.4421409999999995 s.
Maximum Distorsion 21.9730 
Maximum Laplacian 40.7970 
ITERATION 1 FLIPS 75 

 INITIALIZED SPARSE MATRIX OF 5690d x 5690d 

 INITIALIZED SPARSE MATRIX OF 848d x 5850d 

 INITIALIZED VECTOR OF 5690d x 1 

 INITIALIZED VECTOR OF 848d x 1 
Initital dimension: 5850 x 5850, number of constraints: 848, number of integer variables: 252, use reordering: yes
make_constraints_independent took 0.004372 s.
Constraint integration took 0.031897000000000002 s.
Constraint elimination took 0.007175 s.
Reindexing took 0.000263 s.
eliminate_constraints took 0.039456999999999999 s.
Eliminated dimension: 5002 x 5002
#nonzeros: 56912
integer variables #: 94
continuous variables #: 4908
initial full solution
CHOLMOD warning: matrix not positive definite. file: ./CHOLMOD/Supernodal/t_cholmod_super_numeric_worker.c line: 1090
CHOLMOD warning: matrix not positive definite. file: ./CHOLMOD/Supernodal/t_cholmod_super_numeric_worker.c line: 1090
CHOLMOD warning: matrix not positive definite. file: ./CHOLMOD/Supernodal/t_cholmod_super_numeric_worker.c line: 1090
CHOLMOD warning: matrix not positive definite. file: ./CHOLMOD/Supernodal/t_cholmod_super_numeric_worker.c line: 1090
CHOLMOD warning: matrix not positive definite. file: ./CHOLMOD/Supernodal/t_cholmod_super_numeric_worker.c line: 1090
CHOLMOD warning: matrix not positive definite. file: ./CHOLMOD/Supernodal/t_cholmod_super_numeric_worker.c line: 1090
CHOLMOD warning: matrix not positive definite. file: ./CHOLMOD/Supernodal/t_cholmod_super_numeric_worker.c line: 1090
CHOLMOD warning: matrix not positive definite. file: ./CHOLMOD/Supernodal/t_cholmod_super_numeric_worker.c line: 1090
CHOLMOD warning: matrix not positive definite. file: ./CHOLMOD/Supernodal/t_cholmod_super_numeric_worker.c line: 1090
CHOLMOD warning: matrix not positive definite. file: ./CHOLMOD/Supernodal/t_cholmod_super_numeric_worker.c line: 1090
CHOLMOD warning: matrix not positive definite. file: ./CHOLMOD/Supernodal/t_cholmod_super_numeric_worker.c line: 1090
CHOLMOD warning: matrix not positive definite. file: ./CHOLMOD/Supernodal/t_cholmod_super_numeric_worker.c line: 1090
CHOLMOD warning: matrix not positive definite. file: ./CHOLMOD/Supernodal/t_cholmod_super_numeric_worker.c line: 1090
CHOLMOD warning: matrix not positive definite. file: ./CHOLMOD/Supernodal/t_cholmod_super_numeric_worker.c line: 1090
CHOLMOD warning: matrix not positive definite. file: ./CHOLMOD/Supernodal/t_cholmod_super_numeric_worker.c line: 1090
CHOLMOD warning: matrix not positive definite. file: ./CHOLMOD/Supernodal/t_cholmod_super_numeric_worker.c line: 1090
CHOLMOD warning: matrix not positive definite. file: ./CHOLMOD/Supernodal/t_cholmod_super_numeric_worker.c line: 1090
CHOLMOD warning: matrix not positive definite. file: ./CHOLMOD/Supernodal/t_cholmod_super_numeric_worker.c line: 1090
CHOLMOD warning: matrix not positive definite. file: ./CHOLMOD/Supernodal/t_cholmod_super_numeric_worker.c line: 1090
CHOLMOD warning: matrix not positive definite. file: ./CHOLMOD/Supernodal/t_cholmod_super_numeric_worker.c line: 1090
CHOLMOD warning: matrix not positive definite. file: ./CHOLMOD/Supernodal/t_cholmod_super_numeric_worker.c line: 1090
CHOLMOD warning: matrix not positive definite. file: ./CHOLMOD/Supernodal/t_cholmod_super_numeric_worker.c line: 1090
CHOLMOD warning: matrix not positive definite. file: ./CHOLMOD/Supernodal/t_cholmod_super_numeric_worker.c line: 1090
CHOLMOD warning: matrix not positive definite. file: ./CHOLMOD/Supernodal/t_cholmod_super_numeric_worker.c line: 1090
CHOLMOD warning: matrix not positive definite. file: ./CHOLMOD/Supernodal/t_cholmod_super_numeric_worker.c line: 1090
CHOLMOD warning: matrix not positive definite. file: ./CHOLMOD/Supernodal/t_cholmod_super_numeric_worker.c line: 1090
CHOLMOD warning: matrix not positive definite. file: ./CHOLMOD/Supernodal/t_cholmod_super_numeric_worker.c line: 1090
CHOLMOD warning: matrix not positive definite. file: ./CHOLMOD/Supernodal/t_cholmod_super_numeric_worker.c line: 1090
CHOLMOD warning: matrix not positive definite. file: ./CHOLMOD/Supernodal/t_cholmod_super_numeric_worker.c line: 1090
CHOLMOD warning: matrix not positive definite. file: ./CHOLMOD/Supernodal/t_cholmod_super_numeric_worker.c line: 1090
CHOLMOD warning: matrix not positive definite. file: ./CHOLMOD/Supernodal/t_cholmod_super_numeric_worker.c line: 1090
CHOLMOD warning: matrix not positive definite. file: ./CHOLMOD/Supernodal/t_cholmod_super_numeric_worker.c line: 1090
CHOLMOD warning: matrix not positive definite. file: ./CHOLMOD/Supernodal/t_cholmod_super_numeric_worker.c line: 1090
CHOLMOD warning: matrix not positive definite. file: ./CHOLMOD/Supernodal/t_cholmod_super_numeric_worker.c line: 1090
CHOLMOD warning: matrix not positive definite. file: ./CHOLMOD/Supernodal/t_cholmod_super_numeric_worker.c line: 1090
CHOLMOD warning: matrix not positive definite. file: ./CHOLMOD/Supernodal/t_cholmod_super_numeric_worker.c line: 1090
CHOLMOD warning: matrix not positive definite. file: ./CHOLMOD/Supernodal/t_cholmod_super_numeric_worker.c line: 1090
CHOLMOD warning: matrix not positive definite. file: ./CHOLMOD/Supernodal/t_cholmod_super_numeric_worker.c line: 1090
CHOLMOD warning: matrix not positive definite. file: ./CHOLMOD/Supernodal/t_cholmod_super_numeric_worker.c line: 1090
final full solution
CHOLMOD warning: matrix not positive definite. file: ./CHOLMOD/Supernodal/t_cholmod_super_numeric_worker.c line: 1090
 *** Statistics of MiSo Solver ***
Number of LOCAL iterations  = 38
Number of CG    iterations  = 38
Number of FULL  iterations  = 40
Number of ROUNDING          = 94
solve_multiple_rounding took 5.1905130000000002 s.
solve took 5.1906369999999997 s.
restore_eliminated_vars took 0.000977 s.
solve took 5.2360720000000001 s.
Maximum Distorsion 13.1916 
Maximum Laplacian 15.0240 
ITERATION 2 FLIPS 75 

 INITIALIZED SPARSE MATRIX OF 5690d x 5690d 

 INITIALIZED SPARSE MATRIX OF 848d x 5850d 

 INITIALIZED VECTOR OF 5690d x 1 

 INITIALIZED VECTOR OF 848d x 1 
Initital dimension: 5850 x 5850, number of constraints: 848, number of integer variables: 252, use reordering: yes
make_constraints_independent took 0.0043189999999999999 s.
Constraint integration took 0.012026 s.
Constraint elimination took 0.0071459999999999996 s.
Reindexing took 0.00023000000000000001 s.
eliminate_constraints took 0.019521 s.
Eliminated dimension: 5002 x 5002
#nonzeros: 56998
integer variables #: 94
continuous variables #: 4908
initial full solution
CHOLMOD warning: matrix not positive definite. file: ./CHOLMOD/Supernodal/t_cholmod_super_numeric_worker.c line: 1090
CHOLMOD warning: matrix not positive definite. file: ./CHOLMOD/Supernodal/t_cholmod_super_numeric_worker.c line: 1090
CHOLMOD warning: matrix not positive definite. file: ./CHOLMOD/Supernodal/t_cholmod_super_numeric_worker.c line: 1090
CHOLMOD warning: matrix not positive definite. file: ./CHOLMOD/Supernodal/t_cholmod_super_numeric_worker.c line: 1090
CHOLMOD warning: matrix not positive definite. file: ./CHOLMOD/Supernodal/t_cholmod_super_numeric_worker.c line: 1090
CHOLMOD warning: matrix not positive definite. file: ./CHOLMOD/Supernodal/t_cholmod_super_numeric_worker.c line: 1090
CHOLMOD warning: matrix not positive definite. file: ./CHOLMOD/Supernodal/t_cholmod_super_numeric_worker.c line: 1090
CHOLMOD warning: matrix not positive definite. file: ./CHOLMOD/Supernodal/t_cholmod_super_numeric_worker.c line: 1090
CHOLMOD warning: matrix not positive definite. file: ./CHOLMOD/Supernodal/t_cholmod_super_numeric_worker.c line: 1090
CHOLMOD warning: matrix not positive definite. file: ./CHOLMOD/Supernodal/t_cholmod_super_numeric_worker.c line: 1090
CHOLMOD warning: matrix not positive definite. file: ./CHOLMOD/Supernodal/t_cholmod_super_numeric_worker.c line: 1090
CHOLMOD warning: matrix not positive definite. file: ./CHOLMOD/Supernodal/t_cholmod_super_numeric_worker.c line: 1090
CHOLMOD warning: matrix not positive definite. file: ./CHOLMOD/Supernodal/t_cholmod_super_numeric_worker.c line: 1090
CHOLMOD warning: matrix not positive definite. file: ./CHOLMOD/Supernodal/t_cholmod_super_numeric_worker.c line: 1090
CHOLMOD warning: matrix not positive definite. file: ./CHOLMOD/Supernodal/t_cholmod_super_numeric_worker.c line: 1090
CHOLMOD warning: matrix not positive definite. file: ./CHOLMOD/Supernodal/t_cholmod_super_numeric_worker.c line: 1090
CHOLMOD warning: matrix not positive definite. file: ./CHOLMOD/Supernodal/t_cholmod_super_numeric_worker.c line: 1090
CHOLMOD warning: matrix not positive definite. file: ./CHOLMOD/Supernodal/t_cholmod_super_numeric_worker.c line: 1090
CHOLMOD warning: matrix not positive definite. file: ./CHOLMOD/Supernodal/t_cholmod_super_numeric_worker.c line: 1090
CHOLMOD warning: matrix not positive definite. file: ./CHOLMOD/Supernodal/t_cholmod_super_numeric_worker.c line: 1090
CHOLMOD warning: matrix not positive definite. file: ./CHOLMOD/Supernodal/t_cholmod_super_numeric_worker.c line: 1090
CHOLMOD warning: matrix not positive definite. file: ./CHOLMOD/Supernodal/t_cholmod_super_numeric_worker.c line: 1090
CHOLMOD warning: matrix not positive definite. file: ./CHOLMOD/Supernodal/t_cholmod_super_numeric_worker.c line: 1090
CHOLMOD warning: matrix not positive definite. file: ./CHOLMOD/Supernodal/t_cholmod_super_numeric_worker.c line: 1090
CHOLMOD warning: matrix not positive definite. file: ./CHOLMOD/Supernodal/t_cholmod_super_numeric_worker.c line: 1090
CHOLMOD warning: matrix not positive definite. file: ./CHOLMOD/Supernodal/t_cholmod_super_numeric_worker.c line: 1090
CHOLMOD warning: matrix not positive definite. file: ./CHOLMOD/Supernodal/t_cholmod_super_numeric_worker.c line: 1090
CHOLMOD warning: matrix not positive definite. file: ./CHOLMOD/Supernodal/t_cholmod_super_numeric_worker.c line: 1090
CHOLMOD warning: matrix not positive definite. file: ./CHOLMOD/Supernodal/t_cholmod_super_numeric_worker.c line: 1090
CHOLMOD warning: matrix not positive definite. file: ./CHOLMOD/Supernodal/t_cholmod_super_numeric_worker.c line: 1090
CHOLMOD warning: matrix not positive definite. file: ./CHOLMOD/Supernodal/t_cholmod_super_numeric_worker.c line: 1090
CHOLMOD warning: matrix not positive definite. file: ./CHOLMOD/Supernodal/t_cholmod_super_numeric_worker.c line: 1090
CHOLMOD warning: matrix not positive definite. file: ./CHOLMOD/Supernodal/t_cholmod_super_numeric_worker.c line: 1090
CHOLMOD warning: matrix not positive definite. file: ./CHOLMOD/Supernodal/t_cholmod_super_numeric_worker.c line: 1090
CHOLMOD warning: matrix not positive definite. file: ./CHOLMOD/Supernodal/t_cholmod_super_numeric_worker.c line: 1090
CHOLMOD warning: matrix not positive definite. file: ./CHOLMOD/Supernodal/t_cholmod_super_numeric_worker.c line: 1090
CHOLMOD warning: matrix not positive definite. file: ./CHOLMOD/Supernodal/t_cholmod_super_numeric_worker.c line: 1090
CHOLMOD warning: matrix not positive definite. file: ./CHOLMOD/Supernodal/t_cholmod_super_numeric_worker.c line: 1090
CHOLMOD warning: matrix not positive definite. file: ./CHOLMOD/Supernodal/t_cholmod_super_numeric_worker.c line: 1090
final full solution
CHOLMOD warning: matrix not positive definite. file: ./CHOLMOD/Supernodal/t_cholmod_super_numeric_worker.c line: 1090
 *** Statistics of MiSo Solver ***
Number of LOCAL iterations  = 38
Number of CG    iterations  = 38
Number of FULL  iterations  = 40
Number of ROUNDING          = 94
solve_multiple_rounding took 5.3985209999999997 s.
solve took 5.3986360000000007 s.
restore_eliminated_vars took 0.00081700000000000002 s.
solve took 5.423921 s.
Maximum Distorsion 6.6309 
Maximum Laplacian 11.7889 
ITERATION 3 FLIPS 63 

 INITIALIZED SPARSE MATRIX OF 5690d x 5690d 

 INITIALIZED SPARSE MATRIX OF 848d x 5850d 

 INITIALIZED VECTOR OF 5690d x 1 

 INITIALIZED VECTOR OF 848d x 1 
Initital dimension: 5850 x 5850, number of constraints: 848, number of integer variables: 252, use reordering: yes
make_constraints_independent took 0.0043429999999999996 s.
Constraint integration took 0.011803000000000001 s.
Constraint elimination took 0.007149 s.
Reindexing took 0.00032299999999999999 s.
eliminate_constraints took 0.019404000000000001 s.
Eliminated dimension: 5002 x 5002
#nonzeros: 57006
integer variables #: 94
continuous variables #: 4908
initial full solution
CHOLMOD warning: matrix not positive definite. file: ./CHOLMOD/Supernodal/t_cholmod_super_numeric_worker.c line: 1090
CHOLMOD warning: matrix not positive definite. file: ./CHOLMOD/Supernodal/t_cholmod_super_numeric_worker.c line: 1090
CHOLMOD warning: matrix not positive definite. file: ./CHOLMOD/Supernodal/t_cholmod_super_numeric_worker.c line: 1090
CHOLMOD warning: matrix not positive definite. file: ./CHOLMOD/Supernodal/t_cholmod_super_numeric_worker.c line: 1090
CHOLMOD warning: matrix not positive definite. file: ./CHOLMOD/Supernodal/t_cholmod_super_numeric_worker.c line: 1090
CHOLMOD warning: matrix not positive definite. file: ./CHOLMOD/Supernodal/t_cholmod_super_numeric_worker.c line: 1090
CHOLMOD warning: matrix not positive definite. file: ./CHOLMOD/Supernodal/t_cholmod_super_numeric_worker.c line: 1090
CHOLMOD warning: matrix not positive definite. file: ./CHOLMOD/Supernodal/t_cholmod_super_numeric_worker.c line: 1090
CHOLMOD warning: matrix not positive definite. file: ./CHOLMOD/Supernodal/t_cholmod_super_numeric_worker.c line: 1090
CHOLMOD warning: matrix not positive definite. file: ./CHOLMOD/Supernodal/t_cholmod_super_numeric_worker.c line: 1090
CHOLMOD warning: matrix not positive definite. file: ./CHOLMOD/Supernodal/t_cholmod_super_numeric_worker.c line: 1090
CHOLMOD warning: matrix not positive definite. file: ./CHOLMOD/Supernodal/t_cholmod_super_numeric_worker.c line: 1090
CHOLMOD warning: matrix not positive definite. file: ./CHOLMOD/Supernodal/t_cholmod_super_numeric_worker.c line: 1090
CHOLMOD warning: matrix not positive definite. file: ./CHOLMOD/Supernodal/t_cholmod_super_numeric_worker.c line: 1090
CHOLMOD warning: matrix not positive definite. file: ./CHOLMOD/Supernodal/t_cholmod_super_numeric_worker.c line: 1090
CHOLMOD warning: matrix not positive definite. file: ./CHOLMOD/Supernodal/t_cholmod_super_numeric_worker.c line: 1090
CHOLMOD warning: matrix not positive definite. file: ./CHOLMOD/Supernodal/t_cholmod_super_numeric_worker.c line: 1090
CHOLMOD warning: matrix not positive definite. file: ./CHOLMOD/Supernodal/t_cholmod_super_numeric_worker.c line: 1090
CHOLMOD warning: matrix not positive definite. file: ./CHOLMOD/Supernodal/t_cholmod_super_numeric_worker.c line: 1090
CHOLMOD warning: matrix not positive definite. file: ./CHOLMOD/Supernodal/t_cholmod_super_numeric_worker.c line: 1090
CHOLMOD warning: matrix not positive definite. file: ./CHOLMOD/Supernodal/t_cholmod_super_numeric_worker.c line: 1090
CHOLMOD warning: matrix not positive definite. file: ./CHOLMOD/Supernodal/t_cholmod_super_numeric_worker.c line: 1090
CHOLMOD warning: matrix not positive definite. file: ./CHOLMOD/Supernodal/t_cholmod_super_numeric_worker.c line: 1090
CHOLMOD warning: matrix not positive definite. file: ./CHOLMOD/Supernodal/t_cholmod_super_numeric_worker.c line: 1090
CHOLMOD warning: matrix not positive definite. file: ./CHOLMOD/Supernodal/t_cholmod_super_numeric_worker.c line: 1090
CHOLMOD warning: matrix not positive definite. file: ./CHOLMOD/Supernodal/t_cholmod_super_numeric_worker.c line: 1090
CHOLMOD warning: matrix not positive definite. file: ./CHOLMOD/Supernodal/t_cholmod_super_numeric_worker.c line: 1090
CHOLMOD warning: matrix not positive definite. file: ./CHOLMOD/Supernodal/t_cholmod_super_numeric_worker.c line: 1090
CHOLMOD warning: matrix not positive definite. file: ./CHOLMOD/Supernodal/t_cholmod_super_numeric_worker.c line: 1090
CHOLMOD warning: matrix not positive definite. file: ./CHOLMOD/Supernodal/t_cholmod_super_numeric_worker.c line: 1090
CHOLMOD warning: matrix not positive definite. file: ./CHOLMOD/Supernodal/t_cholmod_super_numeric_worker.c line: 1090
CHOLMOD warning: matrix not positive definite. file: ./CHOLMOD/Supernodal/t_cholmod_super_numeric_worker.c line: 1090
CHOLMOD warning: matrix not positive definite. file: ./CHOLMOD/Supernodal/t_cholmod_super_numeric_worker.c line: 1090
CHOLMOD warning: matrix not positive definite. file: ./CHOLMOD/Supernodal/t_cholmod_super_numeric_worker.c line: 1090
CHOLMOD warning: matrix not positive definite. file: ./CHOLMOD/Supernodal/t_cholmod_super_numeric_worker.c line: 1090
CHOLMOD warning: matrix not positive definite. file: ./CHOLMOD/Supernodal/t_cholmod_super_numeric_worker.c line: 1090
final full solution
CHOLMOD warning: matrix not positive definite. file: ./CHOLMOD/Supernodal/t_cholmod_super_numeric_worker.c line: 1090
 *** Statistics of MiSo Solver ***
Number of LOCAL iterations  = 35
Number of CG    iterations  = 35
Number of FULL  iterations  = 37
Number of ROUNDING          = 94
solve_multiple_rounding took 5.0284599999999999 s.
solve took 5.028594 s.
restore_eliminated_vars took 0.00099099999999999991 s.
solve took 5.05396 s.
Maximum Distorsion 6.4530 
Maximum Laplacian 12.4853 
ITERATION 4 FLIPS 55 
**** END OPTIMIZING #FLIPS 55  ****
       UV=2845 FUV=4998
Invalid MIQ output: UV=2845x2 FUV=4998x3

 Closed: Fri May 08 18:58:51 2026

[1/4] Loading mesh: /root/SemanPartMesh/compare_8d46740c472f9d36b7a04b65023ffc59_ns3000_20260508_184014/baseline/quad_meshes/8d46740c472f9d36b7a04b65023ffc59_quad_extract_work/8d46740c472f9d36b7a04b65023ffc59_quad_pml_repaired.obj
       V=2500 F=4998
[2/4] Loading cross field: /root/SemanPartMesh/compare_8d46740c472f9d36b7a04b65023ffc59_ns3000_20260508_184014/baseline/quad_meshes/8d46740c472f9d36b7a04b65023ffc59_quad_extract_work/8d46740c472f9d36b7a04b65023ffc59_quad_pml_repaired_cf.txt
       cross field rows=4998
[3/4] Running MIQ parameterization (gradient_size=8, stiffness=5, iters=5)...

 INITIALIZED SPARSE MATRIX OF 5690d x 5690d 

 INITIALIZED SPARSE MATRIX OF 848d x 5850d 

 INITIALIZED VECTOR OF 5690d x 1 

 INITIALIZED VECTOR OF 848d x 1 
Initital dimension: 5850 x 5850, number of constraints: 848, number of integer variables: 252, use reordering: yes
make_constraints_independent took 0.0047260000000000002 s.
Constraint integration took 0.012185 s.
Constraint elimination took 0.008990999999999999 s.
Reindexing took 0.00024899999999999998 s.
eliminate_constraints took 0.021562000000000001 s.
Eliminated dimension: 5002 x 5002
#nonzeros: 56922
integer variables #: 94
continuous variables #: 4908
CHOLMOD warning: matrix not positive definite. file: ./CHOLMOD/Supernodal/t_cholmod_super_numeric_worker.c line: 1090
CHOLMOD warning: not positive definite. file: ./CHOLMOD/Cholesky/t_cholmod_rowfac_worker.c line: 433
solve took 0.025670999999999999 s.
restore_eliminated_vars took 0.00095700000000000006 s.
solve took 0.053526999999999998 s.
ITERATION 0 FLIPS 0 
**** END OPTIMIZING #FLIPS 0  ****
       UV=2845 FUV=4998
Invalid MIQ output: UV=2845x2 FUV=4998x3

 Closed: Fri May 08 18:58:51 2026

[1/4] Loading mesh: /root/SemanPartMesh/compare_8d46740c472f9d36b7a04b65023ffc59_ns3000_20260508_184014/baseline/quad_meshes/8d46740c472f9d36b7a04b65023ffc59_quad_extract_work/8d46740c472f9d36b7a04b65023ffc59_quad_pml_repaired.obj
       V=2500 F=4998
[2/4] Loading cross field: /root/SemanPartMesh/compare_8d46740c472f9d36b7a04b65023ffc59_ns3000_20260508_184014/baseline/quad_meshes/8d46740c472f9d36b7a04b65023ffc59_quad_extract_work/8d46740c472f9d36b7a04b65023ffc59_quad_pml_repaired_cf.txt
       cross field rows=4998
[3/4] Running MIQ parameterization (gradient_size=8, stiffness=50, iters=5)...

 INITIALIZED SPARSE MATRIX OF 5690d x 5690d 

 INITIALIZED SPARSE MATRIX OF 848d x 5850d 

 INITIALIZED VECTOR OF 5690d x 1 

 INITIALIZED VECTOR OF 848d x 1 
Initital dimension: 5850 x 5850, number of constraints: 848, number of integer variables: 252, use reordering: yes
make_constraints_independent took 0.0052119999999999996 s.
Constraint integration took 0.013846000000000001 s.
Constraint elimination took 0.0077430000000000008 s.
Reindexing took 0.00022499999999999999 s.
eliminate_constraints took 0.021975000000000001 s.
Eliminated dimension: 5002 x 5002
#nonzeros: 56922
integer variables #: 94
continuous variables #: 4908
CHOLMOD warning: matrix not positive definite. file: ./CHOLMOD/Supernodal/t_cholmod_super_numeric_worker.c line: 1090
CHOLMOD warning: not positive definite. file: ./CHOLMOD/Cholesky/t_cholmod_rowfac_worker.c line: 433
solve took 0.031615000000000004 s.
restore_eliminated_vars took 0.00095600000000000004 s.
solve took 0.060442000000000003 s.
ITERATION 0 FLIPS 0 
**** END OPTIMIZING #FLIPS 0  ****
       UV=2845 FUV=4998
Invalid MIQ output: UV=2845x2 FUV=4998x3

 Closed: Fri May 08 18:58:52 2026

[1/4] Loading mesh: /root/SemanPartMesh/compare_8d46740c472f9d36b7a04b65023ffc59_ns3000_20260508_184014/baseline/quad_meshes/8d46740c472f9d36b7a04b65023ffc59_quad_extract_work/8d46740c472f9d36b7a04b65023ffc59_quad_pml_repaired.obj
       V=2500 F=4998
[2/4] Loading cross field: /root/SemanPartMesh/compare_8d46740c472f9d36b7a04b65023ffc59_ns3000_20260508_184014/baseline/quad_meshes/8d46740c472f9d36b7a04b65023ffc59_quad_extract_work/8d46740c472f9d36b7a04b65023ffc59_quad_pml_repaired_cf.txt
       cross field rows=4998
[3/4] Running MIQ parameterization (gradient_size=8, stiffness=200, iters=3)...

 INITIALIZED SPARSE MATRIX OF 5690d x 5690d 

 INITIALIZED SPARSE MATRIX OF 848d x 5850d 

 INITIALIZED VECTOR OF 5690d x 1 

 INITIALIZED VECTOR OF 848d x 1 
Initital dimension: 5850 x 5850, number of constraints: 848, number of integer variables: 252, use reordering: yes
make_constraints_independent took 0.0049960000000000004 s.
Constraint integration took 0.012903000000000001 s.
Constraint elimination took 0.0093350000000000013 s.
Reindexing took 0.00022600000000000002 s.
eliminate_constraints took 0.022654000000000001 s.
Eliminated dimension: 5002 x 5002
#nonzeros: 56922
integer variables #: 94
continuous variables #: 4908
CHOLMOD warning: matrix not positive definite. file: ./CHOLMOD/Supernodal/t_cholmod_super_numeric_worker.c line: 1090
CHOLMOD warning: not positive definite. file: ./CHOLMOD/Cholesky/t_cholmod_rowfac_worker.c line: 433
solve took 0.082689000000000012 s.
restore_eliminated_vars took 0.0011330000000000001 s.
solve took 0.113006 s.
ITERATION 0 FLIPS 0 
**** END OPTIMIZING #FLIPS 0  ****
       UV=2845 FUV=4998
Invalid MIQ output: UV=2845x2 FUV=4998x3

 Closed: Fri May 08 18:58:52 2026

[1/4] Loading mesh: /root/SemanPartMesh/compare_8d46740c472f9d36b7a04b65023ffc59_ns3000_20260508_184014/baseline/quad_meshes/8d46740c472f9d36b7a04b65023ffc59_quad_extract_work/8d46740c472f9d36b7a04b65023ffc59_quad_pml_repaired.obj
       V=2500 F=4998
[2/4] Loading cross field: /root/SemanPartMesh/compare_8d46740c472f9d36b7a04b65023ffc59_ns3000_20260508_184014/baseline/quad_meshes/8d46740c472f9d36b7a04b65023ffc59_quad_extract_work/8d46740c472f9d36b7a04b65023ffc59_quad_pml_repaired_cf.txt
       cross field rows=4998
[3/4] Running MIQ parameterization (gradient_size=12, stiffness=5, iters=5)...

 INITIALIZED SPARSE MATRIX OF 5690d x 5690d 

 INITIALIZED SPARSE MATRIX OF 848d x 5850d 

 INITIALIZED VECTOR OF 5690d x 1 

 INITIALIZED VECTOR OF 848d x 1 
Initital dimension: 5850 x 5850, number of constraints: 848, number of integer variables: 252, use reordering: yes
make_constraints_independent took 0.0061960000000000001 s.
Constraint integration took 0.065421999999999994 s.
Constraint elimination took 0.0078410000000000007 s.
Reindexing took 0.00022800000000000001 s.
eliminate_constraints took 0.073752999999999999 s.
Eliminated dimension: 5002 x 5002
#nonzeros: 56922
integer variables #: 94
continuous variables #: 4908
initial full solution
CHOLMOD warning: matrix not positive definite. file: ./CHOLMOD/Supernodal/t_cholmod_super_numeric_worker.c line: 1090
CHOLMOD warning: matrix not positive definite. file: ./CHOLMOD/Supernodal/t_cholmod_super_numeric_worker.c line: 1090
CHOLMOD warning: matrix not positive definite. file: ./CHOLMOD/Supernodal/t_cholmod_super_numeric_worker.c line: 1090
CHOLMOD warning: matrix not positive definite. file: ./CHOLMOD/Supernodal/t_cholmod_super_numeric_worker.c line: 1090
CHOLMOD warning: matrix not positive definite. file: ./CHOLMOD/Supernodal/t_cholmod_super_numeric_worker.c line: 1090
CHOLMOD warning: matrix not positive definite. file: ./CHOLMOD/Supernodal/t_cholmod_super_numeric_worker.c line: 1090
CHOLMOD warning: matrix not positive definite. file: ./CHOLMOD/Supernodal/t_cholmod_super_numeric_worker.c line: 1090
CHOLMOD warning: matrix not positive definite. file: ./CHOLMOD/Supernodal/t_cholmod_super_numeric_worker.c line: 1090
CHOLMOD warning: matrix not positive definite. file: ./CHOLMOD/Supernodal/t_cholmod_super_numeric_worker.c line: 1090
CHOLMOD warning: matrix not positive definite. file: ./CHOLMOD/Supernodal/t_cholmod_super_numeric_worker.c line: 1090
CHOLMOD warning: matrix not positive definite. file: ./CHOLMOD/Supernodal/t_cholmod_super_numeric_worker.c line: 1090
CHOLMOD warning: matrix not positive definite. file: ./CHOLMOD/Supernodal/t_cholmod_super_numeric_worker.c line: 1090
CHOLMOD warning: matrix not positive definite. file: ./CHOLMOD/Supernodal/t_cholmod_super_numeric_worker.c line: 1090
CHOLMOD warning: matrix not positive definite. file: ./CHOLMOD/Supernodal/t_cholmod_super_numeric_worker.c line: 1090
CHOLMOD warning: matrix not positive definite. file: ./CHOLMOD/Supernodal/t_cholmod_super_numeric_worker.c line: 1090
CHOLMOD warning: matrix not positive definite. file: ./CHOLMOD/Supernodal/t_cholmod_super_numeric_worker.c line: 1090
CHOLMOD warning: matrix not positive definite. file: ./CHOLMOD/Supernodal/t_cholmod_super_numeric_worker.c line: 1090
CHOLMOD warning: matrix not positive definite. file: ./CHOLMOD/Supernodal/t_cholmod_super_numeric_worker.c line: 1090
CHOLMOD warning: matrix not positive definite. file: ./CHOLMOD/Supernodal/t_cholmod_super_numeric_worker.c line: 1090
CHOLMOD warning: matrix not positive definite. file: ./CHOLMOD/Supernodal/t_cholmod_super_numeric_worker.c line: 1090
CHOLMOD warning: matrix not positive definite. file: ./CHOLMOD/Supernodal/t_cholmod_super_numeric_worker.c line: 1090
CHOLMOD warning: matrix not positive definite. file: ./CHOLMOD/Supernodal/t_cholmod_super_numeric_worker.c line: 1090
CHOLMOD warning: matrix not positive definite. file: ./CHOLMOD/Supernodal/t_cholmod_super_numeric_worker.c line: 1090
CHOLMOD warning: matrix not positive definite. file: ./CHOLMOD/Supernodal/t_cholmod_super_numeric_worker.c line: 1090
CHOLMOD warning: matrix not positive definite. file: ./CHOLMOD/Supernodal/t_cholmod_super_numeric_worker.c line: 1090
CHOLMOD warning: matrix not positive definite. file: ./CHOLMOD/Supernodal/t_cholmod_super_numeric_worker.c line: 1090
CHOLMOD warning: matrix not positive definite. file: ./CHOLMOD/Supernodal/t_cholmod_super_numeric_worker.c line: 1090
CHOLMOD warning: matrix not positive definite. file: ./CHOLMOD/Supernodal/t_cholmod_super_numeric_worker.c line: 1090
CHOLMOD warning: matrix not positive definite. file: ./CHOLMOD/Supernodal/t_cholmod_super_numeric_worker.c line: 1090
CHOLMOD warning: matrix not positive definite. file: ./CHOLMOD/Supernodal/t_cholmod_super_numeric_worker.c line: 1090
CHOLMOD warning: matrix not positive definite. file: ./CHOLMOD/Supernodal/t_cholmod_super_numeric_worker.c line: 1090
CHOLMOD warning: matrix not positive definite. file: ./CHOLMOD/Supernodal/t_cholmod_super_numeric_worker.c line: 1090
CHOLMOD warning: matrix not positive definite. file: ./CHOLMOD/Supernodal/t_cholmod_super_numeric_worker.c line: 1090
CHOLMOD warning: matrix not positive definite. file: ./CHOLMOD/Supernodal/t_cholmod_super_numeric_worker.c line: 1090
CHOLMOD warning: matrix not positive definite. file: ./CHOLMOD/Supernodal/t_cholmod_super_numeric_worker.c line: 1090
CHOLMOD warning: matrix not positive definite. file: ./CHOLMOD/Supernodal/t_cholmod_super_numeric_worker.c line: 1090
CHOLMOD warning: matrix not positive definite. file: ./CHOLMOD/Supernodal/t_cholmod_super_numeric_worker.c line: 1090
CHOLMOD warning: matrix not positive definite. file: ./CHOLMOD/Supernodal/t_cholmod_super_numeric_worker.c line: 1090
CHOLMOD warning: matrix not positive definite. file: ./CHOLMOD/Supernodal/t_cholmod_super_numeric_worker.c line: 1090
CHOLMOD warning: matrix not positive definite. file: ./CHOLMOD/Supernodal/t_cholmod_super_numeric_worker.c line: 1090
CHOLMOD warning: matrix not positive definite. file: ./CHOLMOD/Supernodal/t_cholmod_super_numeric_worker.c line: 1090
final full solution
CHOLMOD warning: matrix not positive definite. file: ./CHOLMOD/Supernodal/t_cholmod_super_numeric_worker.c line: 1090
 *** Statistics of MiSo Solver ***
Number of LOCAL iterations  = 41
Number of CG    iterations  = 41
Number of FULL  iterations  = 42
Number of ROUNDING          = 94
solve_multiple_rounding took 6.0800229999999997 s.
solve took 6.0801660000000002 s.
restore_eliminated_vars took 0.00093600000000000009 s.
solve took 6.1631520000000002 s.
Maximum Distorsion 30.5491 
Maximum Laplacian 68.6769 
ITERATION 0 FLIPS 65 

 INITIALIZED SPARSE MATRIX OF 5690d x 5690d 

 INITIALIZED SPARSE MATRIX OF 848d x 5850d 

 INITIALIZED VECTOR OF 5690d x 1 

 INITIALIZED VECTOR OF 848d x 1 
Initital dimension: 5850 x 5850, number of constraints: 848, number of integer variables: 252, use reordering: yes
make_constraints_independent took 0.0046690000000000004 s.
Constraint integration took 0.013043000000000001 s.
Constraint elimination took 0.0094399999999999987 s.
Reindexing took 0.00030400000000000002 s.
eliminate_constraints took 0.023016000000000002 s.
Eliminated dimension: 5002 x 5002
#nonzeros: 56996
integer variables #: 94
continuous variables #: 4908
initial full solution
CHOLMOD warning: matrix not positive definite. file: ./CHOLMOD/Supernodal/t_cholmod_super_numeric_worker.c line: 1090
final full solution
CHOLMOD warning: matrix not positive definite. file: ./CHOLMOD/Supernodal/t_cholmod_super_numeric_worker.c line: 1090
 *** Statistics of MiSo Solver ***
Number of LOCAL iterations  = 94
Number of CG    iterations  = 94
Number of FULL  iterations  = 2
Number of ROUNDING          = 94
solve_multiple_rounding took 0.45515599999999995 s.
solve took 0.45528700000000005 s.
restore_eliminated_vars took 0.000843 s.
solve took 0.48453999999999997 s.
Distortion will be NaN! sig1^2 is negative (-6.04463e+23)
Distortion will be NaN! sig1^2 is negative (-6.04463e+23)
Distortion will be NaN! sig1^2 is negative (-6.04463e+23)
Distortion will be NaN! sig1^2 is negative (-6.04463e+23)
Distortion will be NaN! sig1^2 is negative (-6.04463e+23)
Maximum Distorsion 598885217264792240128.0000 
Maximum Laplacian 63866565474568822784.0000 
ITERATION 1 FLIPS 1020 

 INITIALIZED SPARSE MATRIX OF 5690d x 5690d 

 INITIALIZED SPARSE MATRIX OF 848d x 5850d 

 INITIALIZED VECTOR OF 5690d x 1 

 INITIALIZED VECTOR OF 848d x 1 
Initital dimension: 5850 x 5850, number of constraints: 848, number of integer variables: 252, use reordering: yes
make_constraints_independent took 0.0058899999999999994 s.
Constraint integration took 0.016628 s.
Constraint elimination took 0.065972000000000003 s.
Reindexing took 0.00033199999999999999 s.
eliminate_constraints took 0.083114000000000007 s.
Eliminated dimension: 5002 x 5002
#nonzeros: 63274
integer variables #: 94
continuous variables #: 4908
initial full solution
CHOLMOD warning: matrix not positive definite. file: ./CHOLMOD/Supernodal/t_cholmod_super_numeric_worker.c line: 1090
final full solution
CHOLMOD warning: matrix not positive definite. file: ./CHOLMOD/Supernodal/t_cholmod_super_numeric_worker.c line: 1090
 *** Statistics of MiSo Solver ***
Number of LOCAL iterations  = 94
Number of CG    iterations  = 94
Number of FULL  iterations  = 2
Number of ROUNDING          = 94
solve_multiple_rounding took 0.43526800000000004 s.
solve took 0.43540600000000002 s.
restore_eliminated_vars took 0.00098200000000000002 s.
solve took 0.52619799999999994 s.
ITERATION 2 FLIPS 0 
**** END OPTIMIZING #FLIPS 0  ****
       UV=2845 FUV=4998
Invalid MIQ output: UV=2845x2 FUV=4998x3

 Closed: Fri May 08 18:59:00 2026


  gradient_size: 8.0  timeout: 1800s

  FAILED: Command '['/root/SemanPartMesh/quad_extract/build/extract_quad_mesh', '/root/SemanPartMesh/compare_8d46740c472f9d36b7a04b65023ffc59_ns3000_20260508_184014/baseline/quad_meshes/8d46740c472f9d36b7a04b65023ffc59_quad_extract_work/8d46740c472f9d36b7a04b65023ffc59_quad_pml_repaired.obj', '/root/SemanPartMesh/compare_8d46740c472f9d36b7a04b65023ffc59_ns3000_20260508_184014/baseline/quad_meshes/8d46740c472f9d36b7a04b65023ffc59_quad_extract_work/8d46740c472f9d36b7a04b65023ffc59_quad_pml_repaired_cf.txt', '/root/SemanPartMesh/compare_8d46740c472f9d36b7a04b65023ffc59_ns3000_20260508_184014/baseline/quad_meshes/8d46740c472f9d36b7a04b65023ffc59_quad_extract_work/8d46740c472f9d36b7a04b65023ffc59_quad_gs8.obj', '8.0', '5.0', '0', '5', '5']' returned non-zero exit status 1.
  binary       : /root/SemanPartMesh/quad_extract/build/extract_quad_mesh
  input mesh   : /root/SemanPartMesh/compare_8d46740c472f9d36b7a04b65023ffc59_ns3000_20260508_184014/baseline/quad_meshes/8d46740c472f9d36b7a04b65023ffc59_quad_extract_work/8d46740c472f9d36b7a04b65023ffc59_quad_pml_repaired.obj
  cross field  : /root/SemanPartMesh/compare_8d46740c472f9d36b7a04b65023ffc59_ns3000_20260508_184014/baseline/quad_meshes/8d46740c472f9d36b7a04b65023ffc59_quad_extract_work/8d46740c472f9d36b7a04b65023ffc59_quad_pml_repaired_cf.txt
  output       : /root/SemanPartMesh/compare_8d46740c472f9d36b7a04b65023ffc59_ns3000_20260508_184014/baseline/quad_meshes/8d46740c472f9d36b7a04b65023ffc59_quad_extract_work/8d46740c472f9d36b7a04b65023ffc59_quad_gs8.obj
  gradient_size: 8.0  timeout: 1800s  [stiff=50.0 dr=0 it=5]

  FAILED: Command '['/root/SemanPartMesh/quad_extract/build/extract_quad_mesh', '/root/SemanPartMesh/compare_8d46740c472f9d36b7a04b65023ffc59_ns3000_20260508_184014/baseline/quad_meshes/8d46740c472f9d36b7a04b65023ffc59_quad_extract_work/8d46740c472f9d36b7a04b65023ffc59_quad_pml_repaired.obj', '/root/SemanPartMesh/compare_8d46740c472f9d36b7a04b65023ffc59_ns3000_20260508_184014/baseline/quad_meshes/8d46740c472f9d36b7a04b65023ffc59_quad_extract_work/8d46740c472f9d36b7a04b65023ffc59_quad_pml_repaired_cf.txt', '/root/SemanPartMesh/compare_8d46740c472f9d36b7a04b65023ffc59_ns3000_20260508_184014/baseline/quad_meshes/8d46740c472f9d36b7a04b65023ffc59_quad_extract_work/8d46740c472f9d36b7a04b65023ffc59_quad_gs8.obj', '8.0', '50.0', '0', '5', '5']' returned non-zero exit status 1.
  binary       : /root/SemanPartMesh/quad_extract/build/extract_quad_mesh
  input mesh   : /root/SemanPartMesh/compare_8d46740c472f9d36b7a04b65023ffc59_ns3000_20260508_184014/baseline/quad_meshes/8d46740c472f9d36b7a04b65023ffc59_quad_extract_work/8d46740c472f9d36b7a04b65023ffc59_quad_pml_repaired.obj
  cross field  : /root/SemanPartMesh/compare_8d46740c472f9d36b7a04b65023ffc59_ns3000_20260508_184014/baseline/quad_meshes/8d46740c472f9d36b7a04b65023ffc59_quad_extract_work/8d46740c472f9d36b7a04b65023ffc59_quad_pml_repaired_cf.txt
  output       : /root/SemanPartMesh/compare_8d46740c472f9d36b7a04b65023ffc59_ns3000_20260508_184014/baseline/quad_meshes/8d46740c472f9d36b7a04b65023ffc59_quad_extract_work/8d46740c472f9d36b7a04b65023ffc59_quad_gs8.obj
  gradient_size: 8.0  timeout: 1800s  [stiff=5.0 dr=1 it=5]

  FAILED: Command '['/root/SemanPartMesh/quad_extract/build/extract_quad_mesh', '/root/SemanPartMesh/compare_8d46740c472f9d36b7a04b65023ffc59_ns3000_20260508_184014/baseline/quad_meshes/8d46740c472f9d36b7a04b65023ffc59_quad_extract_work/8d46740c472f9d36b7a04b65023ffc59_quad_pml_repaired.obj', '/root/SemanPartMesh/compare_8d46740c472f9d36b7a04b65023ffc59_ns3000_20260508_184014/baseline/quad_meshes/8d46740c472f9d36b7a04b65023ffc59_quad_extract_work/8d46740c472f9d36b7a04b65023ffc59_quad_pml_repaired_cf.txt', '/root/SemanPartMesh/compare_8d46740c472f9d36b7a04b65023ffc59_ns3000_20260508_184014/baseline/quad_meshes/8d46740c472f9d36b7a04b65023ffc59_quad_extract_work/8d46740c472f9d36b7a04b65023ffc59_quad_gs8.obj', '8.0', '5.0', '1', '5', '5']' returned non-zero exit status 1.
  binary       : /root/SemanPartMesh/quad_extract/build/extract_quad_mesh
  input mesh   : /root/SemanPartMesh/compare_8d46740c472f9d36b7a04b65023ffc59_ns3000_20260508_184014/baseline/quad_meshes/8d46740c472f9d36b7a04b65023ffc59_quad_extract_work/8d46740c472f9d36b7a04b65023ffc59_quad_pml_repaired.obj
  cross field  : /root/SemanPartMesh/compare_8d46740c472f9d36b7a04b65023ffc59_ns3000_20260508_184014/baseline/quad_meshes/8d46740c472f9d36b7a04b65023ffc59_quad_extract_work/8d46740c472f9d36b7a04b65023ffc59_quad_pml_repaired_cf.txt
  output       : /root/SemanPartMesh/compare_8d46740c472f9d36b7a04b65023ffc59_ns3000_20260508_184014/baseline/quad_meshes/8d46740c472f9d36b7a04b65023ffc59_quad_extract_work/8d46740c472f9d36b7a04b65023ffc59_quad_gs8.obj
  gradient_size: 8.0  timeout: 1800s  [stiff=50.0 dr=1 it=5]

  FAILED: Command '['/root/SemanPartMesh/quad_extract/build/extract_quad_mesh', '/root/SemanPartMesh/compare_8d46740c472f9d36b7a04b65023ffc59_ns3000_20260508_184014/baseline/quad_meshes/8d46740c472f9d36b7a04b65023ffc59_quad_extract_work/8d46740c472f9d36b7a04b65023ffc59_quad_pml_repaired.obj', '/root/SemanPartMesh/compare_8d46740c472f9d36b7a04b65023ffc59_ns3000_20260508_184014/baseline/quad_meshes/8d46740c472f9d36b7a04b65023ffc59_quad_extract_work/8d46740c472f9d36b7a04b65023ffc59_quad_pml_repaired_cf.txt', '/root/SemanPartMesh/compare_8d46740c472f9d36b7a04b65023ffc59_ns3000_20260508_184014/baseline/quad_meshes/8d46740c472f9d36b7a04b65023ffc59_quad_extract_work/8d46740c472f9d36b7a04b65023ffc59_quad_gs8.obj', '8.0', '50.0', '1', '5', '5']' returned non-zero exit status 1.
  binary       : /root/SemanPartMesh/quad_extract/build/extract_quad_mesh
  input mesh   : /root/SemanPartMesh/compare_8d46740c472f9d36b7a04b65023ffc59_ns3000_20260508_184014/baseline/quad_meshes/8d46740c472f9d36b7a04b65023ffc59_quad_extract_work/8d46740c472f9d36b7a04b65023ffc59_quad_pml_repaired.obj
  cross field  : /root/SemanPartMesh/compare_8d46740c472f9d36b7a04b65023ffc59_ns3000_20260508_184014/baseline/quad_meshes/8d46740c472f9d36b7a04b65023ffc59_quad_extract_work/8d46740c472f9d36b7a04b65023ffc59_quad_pml_repaired_cf.txt
  output       : /root/SemanPartMesh/compare_8d46740c472f9d36b7a04b65023ffc59_ns3000_20260508_184014/baseline/quad_meshes/8d46740c472f9d36b7a04b65023ffc59_quad_extract_work/8d46740c472f9d36b7a04b65023ffc59_quad_gs8.obj
  gradient_size: 8.0  timeout: 1800s  [stiff=200.0 dr=1 it=3]

  FAILED: Command '['/root/SemanPartMesh/quad_extract/build/extract_quad_mesh', '/root/SemanPartMesh/compare_8d46740c472f9d36b7a04b65023ffc59_ns3000_20260508_184014/baseline/quad_meshes/8d46740c472f9d36b7a04b65023ffc59_quad_extract_work/8d46740c472f9d36b7a04b65023ffc59_quad_pml_repaired.obj', '/root/SemanPartMesh/compare_8d46740c472f9d36b7a04b65023ffc59_ns3000_20260508_184014/baseline/quad_meshes/8d46740c472f9d36b7a04b65023ffc59_quad_extract_work/8d46740c472f9d36b7a04b65023ffc59_quad_pml_repaired_cf.txt', '/root/SemanPartMesh/compare_8d46740c472f9d36b7a04b65023ffc59_ns3000_20260508_184014/baseline/quad_meshes/8d46740c472f9d36b7a04b65023ffc59_quad_extract_work/8d46740c472f9d36b7a04b65023ffc59_quad_gs8.obj', '8.0', '200.0', '1', '3', '5']' returned non-zero exit status 1.
  FAILED: extraction failed for gs=8.0

[Auto Sweep] Trying gradient_size=12.0
  binary       : /root/SemanPartMesh/quad_extract/build/extract_quad_mesh
  input mesh   : /root/SemanPartMesh/compare_8d46740c472f9d36b7a04b65023ffc59_ns3000_20260508_184014/baseline/quad_meshes/8d46740c472f9d36b7a04b65023ffc59_quad_extract_work/8d46740c472f9d36b7a04b65023ffc59_quad_pml_repaired.obj
  cross field  : /root/SemanPartMesh/compare_8d46740c472f9d36b7a04b65023ffc59_ns3000_20260508_184014/baseline/quad_meshes/8d46740c472f9d36b7a04b65023ffc59_quad_extract_work/8d46740c472f9d36b7a04b65023ffc59_quad_pml_repaired_cf.txt
  output       : /root/SemanPartMesh/compare_8d46740c472f9d36b7a04b65023ffc59_ns3000_20260508_184014/baseline/quad_meshes/8d46740c472f9d36b7a04b65023ffc59_quad_extract_work/8d46740c472f9d36b7a04b65023ffc59_quad_gs12.obj
  gradient_size: 12.0  timeout: 1800s

  FAILED: Command '['/root/SemanPartMesh/quad_extract/build/extract_quad_mesh', '/root/SemanPartMesh/compare_8d46740c472f9d36b7a04b65023ffc59_ns3000_20260508_184014/baseline/quad_meshes/8d46740c472f9d36b7a04b65023ffc59_quad_extract_work/8d46740c472f9d36b7a04b65023ffc59_quad_pml_repaired.obj', '/root/SemanPartMesh/compare_8d46740c472f9d36b7a04b65023ffc59_ns3000_20260508_184014/baseline/quad_meshes/8d46740c472f9d36b7a04b65023ffc59_quad_extract_work/8d46740c472f9d36b7a04b65023ffc59_quad_pml_repaired_cf.txt', '/root/SemanPartMesh/compare_8d46740c472f9d36b7a04b65023ffc59_ns3000_20260508_184014/baseline/quad_meshes/8d46740c472f9d36b7a04b65023ffc59_quad_extract_work/8d46740c472f9d36b7a04b65023ffc59_quad_gs12.obj', '12.0', '5.0', '0', '5', '5']' returned non-zero exit status 1.[1/4] Loading mesh: /root/SemanPartMesh/compare_8d46740c472f9d36b7a04b65023ffc59_ns3000_20260508_184014/baseline/quad_meshes/8d46740c472f9d36b7a04b65023ffc59_quad_extract_work/8d46740c472f9d36b7a04b65023ffc59_quad_pml_repaired.obj
       V=2500 F=4998
[2/4] Loading cross field: /root/SemanPartMesh/compare_8d46740c472f9d36b7a04b65023ffc59_ns3000_20260508_184014/baseline/quad_meshes/8d46740c472f9d36b7a04b65023ffc59_quad_extract_work/8d46740c472f9d36b7a04b65023ffc59_quad_pml_repaired_cf.txt
       cross field rows=4998
[3/4] Running MIQ parameterization (gradient_size=12, stiffness=50, iters=5)...

 INITIALIZED SPARSE MATRIX OF 5690d x 5690d 

 INITIALIZED SPARSE MATRIX OF 848d x 5850d 

 INITIALIZED VECTOR OF 5690d x 1 

 INITIALIZED VECTOR OF 848d x 1 
Initital dimension: 5850 x 5850, number of constraints: 848, number of integer variables: 252, use reordering: yes
make_constraints_independent took 0.0056639999999999998 s.
Constraint integration took 0.015393 s.
Constraint elimination took 0.0095660000000000016 s.
Reindexing took 0.00027100000000000003 s.
eliminate_constraints took 0.025401 s.
Eliminated dimension: 5002 x 5002
#nonzeros: 56922
integer variables #: 94
continuous variables #: 4908
initial full solution
CHOLMOD warning: matrix not positive definite. file: ./CHOLMOD/Supernodal/t_cholmod_super_numeric_worker.c line: 1090
CHOLMOD warning: matrix not positive definite. file: ./CHOLMOD/Supernodal/t_cholmod_super_numeric_worker.c line: 1090
CHOLMOD warning: matrix not positive definite. file: ./CHOLMOD/Supernodal/t_cholmod_super_numeric_worker.c line: 1090
CHOLMOD warning: matrix not positive definite. file: ./CHOLMOD/Supernodal/t_cholmod_super_numeric_worker.c line: 1090
CHOLMOD warning: matrix not positive definite. file: ./CHOLMOD/Supernodal/t_cholmod_super_numeric_worker.c line: 1090
CHOLMOD warning: matrix not positive definite. file: ./CHOLMOD/Supernodal/t_cholmod_super_numeric_worker.c line: 1090
CHOLMOD warning: matrix not positive definite. file: ./CHOLMOD/Supernodal/t_cholmod_super_numeric_worker.c line: 1090
CHOLMOD warning: matrix not positive definite. file: ./CHOLMOD/Supernodal/t_cholmod_super_numeric_worker.c line: 1090
CHOLMOD warning: matrix not positive definite. file: ./CHOLMOD/Supernodal/t_cholmod_super_numeric_worker.c line: 1090
CHOLMOD warning: matrix not positive definite. file: ./CHOLMOD/Supernodal/t_cholmod_super_numeric_worker.c line: 1090
CHOLMOD warning: matrix not positive definite. file: ./CHOLMOD/Supernodal/t_cholmod_super_numeric_worker.c line: 1090
CHOLMOD warning: matrix not positive definite. file: ./CHOLMOD/Supernodal/t_cholmod_super_numeric_worker.c line: 1090
CHOLMOD warning: matrix not positive definite. file: ./CHOLMOD/Supernodal/t_cholmod_super_numeric_worker.c line: 1090
CHOLMOD warning: matrix not positive definite. file: ./CHOLMOD/Supernodal/t_cholmod_super_numeric_worker.c line: 1090
CHOLMOD warning: matrix not positive definite. file: ./CHOLMOD/Supernodal/t_cholmod_super_numeric_worker.c line: 1090
CHOLMOD warning: matrix not positive definite. file: ./CHOLMOD/Supernodal/t_cholmod_super_numeric_worker.c line: 1090
CHOLMOD warning: matrix not positive definite. file: ./CHOLMOD/Supernodal/t_cholmod_super_numeric_worker.c line: 1090
CHOLMOD warning: matrix not positive definite. file: ./CHOLMOD/Supernodal/t_cholmod_super_numeric_worker.c line: 1090
CHOLMOD warning: matrix not positive definite. file: ./CHOLMOD/Supernodal/t_cholmod_super_numeric_worker.c line: 1090
CHOLMOD warning: matrix not positive definite. file: ./CHOLMOD/Supernodal/t_cholmod_super_numeric_worker.c line: 1090
CHOLMOD warning: matrix not positive definite. file: ./CHOLMOD/Supernodal/t_cholmod_super_numeric_worker.c line: 1090
CHOLMOD warning: matrix not positive definite. file: ./CHOLMOD/Supernodal/t_cholmod_super_numeric_worker.c line: 1090
CHOLMOD warning: matrix not positive definite. file: ./CHOLMOD/Supernodal/t_cholmod_super_numeric_worker.c line: 1090
CHOLMOD warning: matrix not positive definite. file: ./CHOLMOD/Supernodal/t_cholmod_super_numeric_worker.c line: 1090
CHOLMOD warning: matrix not positive definite. file: ./CHOLMOD/Supernodal/t_cholmod_super_numeric_worker.c line: 1090
CHOLMOD warning: matrix not positive definite. file: ./CHOLMOD/Supernodal/t_cholmod_super_numeric_worker.c line: 1090
CHOLMOD warning: matrix not positive definite. file: ./CHOLMOD/Supernodal/t_cholmod_super_numeric_worker.c line: 1090
CHOLMOD warning: matrix not positive definite. file: ./CHOLMOD/Supernodal/t_cholmod_super_numeric_worker.c line: 1090
CHOLMOD warning: matrix not positive definite. file: ./CHOLMOD/Supernodal/t_cholmod_super_numeric_worker.c line: 1090
CHOLMOD warning: matrix not positive definite. file: ./CHOLMOD/Supernodal/t_cholmod_super_numeric_worker.c line: 1090
CHOLMOD warning: matrix not positive definite. file: ./CHOLMOD/Supernodal/t_cholmod_super_numeric_worker.c line: 1090
CHOLMOD warning: matrix not positive definite. file: ./CHOLMOD/Supernodal/t_cholmod_super_numeric_worker.c line: 1090
CHOLMOD warning: matrix not positive definite. file: ./CHOLMOD/Supernodal/t_cholmod_super_numeric_worker.c line: 1090
CHOLMOD warning: matrix not positive definite. file: ./CHOLMOD/Supernodal/t_cholmod_super_numeric_worker.c line: 1090
CHOLMOD warning: matrix not positive definite. file: ./CHOLMOD/Supernodal/t_cholmod_super_numeric_worker.c line: 1090
CHOLMOD warning: matrix not positive definite. file: ./CHOLMOD/Supernodal/t_cholmod_super_numeric_worker.c line: 1090
CHOLMOD warning: matrix not positive definite. file: ./CHOLMOD/Supernodal/t_cholmod_super_numeric_worker.c line: 1090
CHOLMOD warning: matrix not positive definite. file: ./CHOLMOD/Supernodal/t_cholmod_super_numeric_worker.c line: 1090
CHOLMOD warning: matrix not positive definite. file: ./CHOLMOD/Supernodal/t_cholmod_super_numeric_worker.c line: 1090
CHOLMOD warning: matrix not positive definite. file: ./CHOLMOD/Supernodal/t_cholmod_super_numeric_worker.c line: 1090
CHOLMOD warning: matrix not positive definite. file: ./CHOLMOD/Supernodal/t_cholmod_super_numeric_worker.c line: 1090
final full solution
CHOLMOD warning: matrix not positive definite. file: ./CHOLMOD/Supernodal/t_cholmod_super_numeric_worker.c line: 1090
 *** Statistics of MiSo Solver ***
Number of LOCAL iterations  = 41
Number of CG    iterations  = 41
Number of FULL  iterations  = 42
Number of ROUNDING          = 94
solve_multiple_rounding took 6.0223649999999997 s.
solve took 6.0226809999999995 s.
restore_eliminated_vars took 0.0010689999999999999 s.
solve took 6.0566009999999997 s.
Maximum Distorsion 30.5491 
Maximum Laplacian 68.6769 
ITERATION 0 FLIPS 65 

 INITIALIZED SPARSE MATRIX OF 5690d x 5690d 

 INITIALIZED SPARSE MATRIX OF 848d x 5850d 

 INITIALIZED VECTOR OF 5690d x 1 

 INITIALIZED VECTOR OF 848d x 1 
Initital dimension: 5850 x 5850, number of constraints: 848, number of integer variables: 252, use reordering: yes
make_constraints_independent took 0.0055129999999999997 s.
Constraint integration took 0.067132999999999998 s.
Constraint elimination took 0.009614000000000001 s.
Reindexing took 0.00027100000000000003 s.
eliminate_constraints took 0.077227000000000004 s.
Eliminated dimension: 5002 x 5002
#nonzeros: 56996
integer variables #: 94
continuous variables #: 4908
initial full solution
CHOLMOD warning: matrix not positive definite. file: ./CHOLMOD/Supernodal/t_cholmod_super_numeric_worker.c line: 1090
final full solution
CHOLMOD warning: matrix not positive definite. file: ./CHOLMOD/Supernodal/t_cholmod_super_numeric_worker.c line: 1090
 *** Statistics of MiSo Solver ***
Number of LOCAL iterations  = 94
Number of CG    iterations  = 94
Number of FULL  iterations  = 2
Number of ROUNDING          = 94
solve_multiple_rounding took 0.429871 s.
solve took 0.42998000000000003 s.
restore_eliminated_vars took 0.00077700000000000002 s.
solve took 0.51432200000000006 s.
Distortion will be NaN! sig1^2 is negative (-6.04463e+23)
Distortion will be NaN! sig1^2 is negative (-6.04463e+23)
Distortion will be NaN! sig1^2 is negative (-6.04463e+23)
Distortion will be NaN! sig1^2 is negative (-6.04463e+23)
Distortion will be NaN! sig1^2 is negative (-6.04463e+23)
Maximum Distorsion 598885217264792240128.0000 
Maximum Laplacian 63866565474568822784.0000 
ITERATION 1 FLIPS 1020 

 INITIALIZED SPARSE MATRIX OF 5690d x 5690d 

 INITIALIZED SPARSE MATRIX OF 848d x 5850d 

 INITIALIZED VECTOR OF 5690d x 1 

 INITIALIZED VECTOR OF 848d x 1 
Initital dimension: 5850 x 5850, number of constraints: 848, number of integer variables: 252, use reordering: yes
make_constraints_independent took 0.0053899999999999998 s.
Constraint integration took 0.015086 s.
Constraint elimination took 0.013217000000000001 s.
Reindexing took 0.00027800000000000004 s.
eliminate_constraints took 0.028775999999999999 s.
Eliminated dimension: 5002 x 5002
#nonzeros: 63274
integer variables #: 94
continuous variables #: 4908
initial full solution
CHOLMOD warning: matrix not positive definite. file: ./CHOLMOD/Supernodal/t_cholmod_super_numeric_worker.c line: 1090
final full solution
CHOLMOD warning: matrix not positive definite. file: ./CHOLMOD/Supernodal/t_cholmod_super_numeric_worker.c line: 1090
 *** Statistics of MiSo Solver ***
Number of LOCAL iterations  = 94
Number of CG    iterations  = 94
Number of FULL  iterations  = 2
Number of ROUNDING          = 94
solve_multiple_rounding took 0.421599 s.
solve took 0.42171500000000001 s.
restore_eliminated_vars took 0.000803 s.
solve took 0.45736900000000003 s.
ITERATION 2 FLIPS 0 
**** END OPTIMIZING #FLIPS 0  ****
       UV=2845 FUV=4998
Invalid MIQ output: UV=2845x2 FUV=4998x3

 Closed: Fri May 08 18:59:08 2026

[1/4] Loading mesh: /root/SemanPartMesh/compare_8d46740c472f9d36b7a04b65023ffc59_ns3000_20260508_184014/baseline/quad_meshes/8d46740c472f9d36b7a04b65023ffc59_quad_extract_work/8d46740c472f9d36b7a04b65023ffc59_quad_pml_repaired.obj
       V=2500 F=4998
[2/4] Loading cross field: /root/SemanPartMesh/compare_8d46740c472f9d36b7a04b65023ffc59_ns3000_20260508_184014/baseline/quad_meshes/8d46740c472f9d36b7a04b65023ffc59_quad_extract_work/8d46740c472f9d36b7a04b65023ffc59_quad_pml_repaired_cf.txt
       cross field rows=4998
[3/4] Running MIQ parameterization (gradient_size=12, stiffness=5, iters=5)...

 INITIALIZED SPARSE MATRIX OF 5690d x 5690d 

 INITIALIZED SPARSE MATRIX OF 848d x 5850d 

 INITIALIZED VECTOR OF 5690d x 1 

 INITIALIZED VECTOR OF 848d x 1 
Initital dimension: 5850 x 5850, number of constraints: 848, number of integer variables: 252, use reordering: yes
make_constraints_independent took 0.0047660000000000003 s.
Constraint integration took 0.012352999999999999 s.
Constraint elimination took 0.0076810000000000003 s.
Reindexing took 0.00021799999999999999 s.
eliminate_constraints took 0.020399 s.
Eliminated dimension: 5002 x 5002
#nonzeros: 56922
integer variables #: 94
continuous variables #: 4908
CHOLMOD warning: matrix not positive definite. file: ./CHOLMOD/Supernodal/t_cholmod_super_numeric_worker.c line: 1090
CHOLMOD warning: not positive definite. file: ./CHOLMOD/Cholesky/t_cholmod_rowfac_worker.c line: 433
solve took 0.023589000000000002 s.
restore_eliminated_vars took 0.00084800000000000001 s.
solve took 0.050160000000000003 s.
ITERATION 0 FLIPS 0 
**** END OPTIMIZING #FLIPS 0  ****
       UV=2845 FUV=4998
Invalid MIQ output: UV=2845x2 FUV=4998x3

 Closed: Fri May 08 18:59:09 2026

[1/4] Loading mesh: /root/SemanPartMesh/compare_8d46740c472f9d36b7a04b65023ffc59_ns3000_20260508_184014/baseline/quad_meshes/8d46740c472f9d36b7a04b65023ffc59_quad_extract_work/8d46740c472f9d36b7a04b65023ffc59_quad_pml_repaired.obj
       V=2500 F=4998
[2/4] Loading cross field: /root/SemanPartMesh/compare_8d46740c472f9d36b7a04b65023ffc59_ns3000_20260508_184014/baseline/quad_meshes/8d46740c472f9d36b7a04b65023ffc59_quad_extract_work/8d46740c472f9d36b7a04b65023ffc59_quad_pml_repaired_cf.txt
       cross field rows=4998
[3/4] Running MIQ parameterization (gradient_size=12, stiffness=50, iters=5)...

 INITIALIZED SPARSE MATRIX OF 5690d x 5690d 

 INITIALIZED SPARSE MATRIX OF 848d x 5850d 

 INITIALIZED VECTOR OF 5690d x 1 

 INITIALIZED VECTOR OF 848d x 1 
Initital dimension: 5850 x 5850, number of constraints: 848, number of integer variables: 252, use reordering: yes
make_constraints_independent took 0.030612999999999998 s.
Constraint integration took 0.014093 s.
Constraint elimination took 0.0079950000000000004 s.
Reindexing took 0.00032400000000000001 s.
eliminate_constraints took 0.022580000000000003 s.
Eliminated dimension: 5002 x 5002
#nonzeros: 56922
integer variables #: 94
continuous variables #: 4908
CHOLMOD warning: matrix not positive definite. file: ./CHOLMOD/Supernodal/t_cholmod_super_numeric_worker.c line: 1090
CHOLMOD warning: not positive definite. file: ./CHOLMOD/Cholesky/t_cholmod_rowfac_worker.c line: 433
solve took 0.026112000000000003 s.
restore_eliminated_vars took 0.00083699999999999996 s.
solve took 0.080906000000000006 s.
ITERATION 0 FLIPS 0 
**** END OPTIMIZING #FLIPS 0  ****
       UV=2845 FUV=4998
Invalid MIQ output: UV=2845x2 FUV=4998x3

 Closed: Fri May 08 18:59:09 2026

[1/4] Loading mesh: /root/SemanPartMesh/compare_8d46740c472f9d36b7a04b65023ffc59_ns3000_20260508_184014/baseline/quad_meshes/8d46740c472f9d36b7a04b65023ffc59_quad_extract_work/8d46740c472f9d36b7a04b65023ffc59_quad_pml_repaired.obj
       V=2500 F=4998
[2/4] Loading cross field: /root/SemanPartMesh/compare_8d46740c472f9d36b7a04b65023ffc59_ns3000_20260508_184014/baseline/quad_meshes/8d46740c472f9d36b7a04b65023ffc59_quad_extract_work/8d46740c472f9d36b7a04b65023ffc59_quad_pml_repaired_cf.txt
       cross field rows=4998
[3/4] Running MIQ parameterization (gradient_size=12, stiffness=200, iters=3)...

 INITIALIZED SPARSE MATRIX OF 5690d x 5690d 

 INITIALIZED SPARSE MATRIX OF 848d x 5850d 

 INITIALIZED VECTOR OF 5690d x 1 

 INITIALIZED VECTOR OF 848d x 1 
Initital dimension: 5850 x 5850, number of constraints: 848, number of integer variables: 252, use reordering: yes
make_constraints_independent took 0.0047419999999999997 s.
Constraint integration took 0.015802 s.
Constraint elimination took 0.011295999999999999 s.
Reindexing took 0.00029999999999999997 s.
eliminate_constraints took 0.027595999999999999 s.
Eliminated dimension: 5002 x 5002
#nonzeros: 56922
integer variables #: 94
continuous variables #: 4908
CHOLMOD warning: matrix not positive definite. file: ./CHOLMOD/Supernodal/t_cholmod_super_numeric_worker.c line: 1090
CHOLMOD warning: not positive definite. file: ./CHOLMOD/Cholesky/t_cholmod_rowfac_worker.c line: 433
solve took 0.026034999999999999 s.
restore_eliminated_vars took 0.0009859999999999999 s.
solve took 0.060088000000000003 s.
ITERATION 0 FLIPS 0 
**** END OPTIMIZING #FLIPS 0  ****
       UV=2845 FUV=4998
Invalid MIQ output: UV=2845x2 FUV=4998x3

 Closed: Fri May 08 18:59:10 2026

[1/4] Loading mesh: /root/SemanPartMesh/compare_8d46740c472f9d36b7a04b65023ffc59_ns3000_20260508_184014/baseline/quad_meshes/8d46740c472f9d36b7a04b65023ffc59_quad_extract_work/8d46740c472f9d36b7a04b65023ffc59_quad_pml_repaired.obj
       V=2500 F=4998
[2/4] Loading cross field: /root/SemanPartMesh/compare_8d46740c472f9d36b7a04b65023ffc59_ns3000_20260508_184014/baseline/quad_meshes/8d46740c472f9d36b7a04b65023ffc59_quad_extract_work/8d46740c472f9d36b7a04b65023ffc59_quad_pml_repaired_cf.txt
       cross field rows=4998
[3/4] Running MIQ parameterization (gradient_size=16, stiffness=5, iters=5)...

 INITIALIZED SPARSE MATRIX OF 5690d x 5690d 

 INITIALIZED SPARSE MATRIX OF 848d x 5850d 

 INITIALIZED VECTOR OF 5690d x 1 

 INITIALIZED VECTOR OF 848d x 1 
Initital dimension: 5850 x 5850, number of constraints: 848, number of integer variables: 252, use reordering: yes
make_constraints_independent took 0.0054070000000000003 s.
Constraint integration took 0.07238 s.
Constraint elimination took 0.012845000000000001 s.
Reindexing took 0.00026800000000000001 s.
eliminate_constraints took 0.085805999999999993 s.
Eliminated dimension: 5002 x 5002
#nonzeros: 56922
integer variables #: 94
continuous variables #: 4908
initial full solution
CHOLMOD warning: matrix not positive definite. file: ./CHOLMOD/Supernodal/t_cholmod_super_numeric_worker.c line: 1090
CHOLMOD warning: matrix not positive definite. file: ./CHOLMOD/Supernodal/t_cholmod_super_numeric_worker.c line: 1090
CHOLMOD warning: matrix not positive definite. file: ./CHOLMOD/Supernodal/t_cholmod_super_numeric_worker.c line: 1090
CHOLMOD warning: matrix not positive definite. file: ./CHOLMOD/Supernodal/t_cholmod_super_numeric_worker.c line: 1090
CHOLMOD warning: matrix not positive definite. file: ./CHOLMOD/Supernodal/t_cholmod_super_numeric_worker.c line: 1090
CHOLMOD warning: matrix not positive definite. file: ./CHOLMOD/Supernodal/t_cholmod_super_numeric_worker.c line: 1090
CHOLMOD warning: matrix not positive definite. file: ./CHOLMOD/Supernodal/t_cholmod_super_numeric_worker.c line: 1090
CHOLMOD warning: matrix not positive definite. file: ./CHOLMOD/Supernodal/t_cholmod_super_numeric_worker.c line: 1090
CHOLMOD warning: matrix not positive definite. file: ./CHOLMOD/Supernodal/t_cholmod_super_numeric_worker.c line: 1090
CHOLMOD warning: matrix not positive definite. file: ./CHOLMOD/Supernodal/t_cholmod_super_numeric_worker.c line: 1090
CHOLMOD warning: matrix not positive definite. file: ./CHOLMOD/Supernodal/t_cholmod_super_numeric_worker.c line: 1090
CHOLMOD warning: matrix not positive definite. file: ./CHOLMOD/Supernodal/t_cholmod_super_numeric_worker.c line: 1090
CHOLMOD warning: matrix not positive definite. file: ./CHOLMOD/Supernodal/t_cholmod_super_numeric_worker.c line: 1090
CHOLMOD warning: matrix not positive definite. file: ./CHOLMOD/Supernodal/t_cholmod_super_numeric_worker.c line: 1090
CHOLMOD warning: matrix not positive definite. file: ./CHOLMOD/Supernodal/t_cholmod_super_numeric_worker.c line: 1090
CHOLMOD warning: matrix not positive definite. file: ./CHOLMOD/Supernodal/t_cholmod_super_numeric_worker.c line: 1090
CHOLMOD warning: matrix not positive definite. file: ./CHOLMOD/Supernodal/t_cholmod_super_numeric_worker.c line: 1090
CHOLMOD warning: matrix not positive definite. file: ./CHOLMOD/Supernodal/t_cholmod_super_numeric_worker.c line: 1090
CHOLMOD warning: matrix not positive definite. file: ./CHOLMOD/Supernodal/t_cholmod_super_numeric_worker.c line: 1090
CHOLMOD warning: matrix not positive definite. file: ./CHOLMOD/Supernodal/t_cholmod_super_numeric_worker.c line: 1090
CHOLMOD warning: matrix not positive definite. file: ./CHOLMOD/Supernodal/t_cholmod_super_numeric_worker.c line: 1090
CHOLMOD warning: matrix not positive definite. file: ./CHOLMOD/Supernodal/t_cholmod_super_numeric_worker.c line: 1090
CHOLMOD warning: matrix not positive definite. file: ./CHOLMOD/Supernodal/t_cholmod_super_numeric_worker.c line: 1090
CHOLMOD warning: matrix not positive definite. file: ./CHOLMOD/Supernodal/t_cholmod_super_numeric_worker.c line: 1090
CHOLMOD warning: matrix not positive definite. file: ./CHOLMOD/Supernodal/t_cholmod_super_numeric_worker.c line: 1090
CHOLMOD warning: matrix not positive definite. file: ./CHOLMOD/Supernodal/t_cholmod_super_numeric_worker.c line: 1090
CHOLMOD warning: matrix not positive definite. file: ./CHOLMOD/Supernodal/t_cholmod_super_numeric_worker.c line: 1090
CHOLMOD warning: matrix not positive definite. file: ./CHOLMOD/Supernodal/t_cholmod_super_numeric_worker.c line: 1090
CHOLMOD warning: matrix not positive definite. file: ./CHOLMOD/Supernodal/t_cholmod_super_numeric_worker.c line: 1090
CHOLMOD warning: matrix not positive definite. file: ./CHOLMOD/Supernodal/t_cholmod_super_numeric_worker.c line: 1090
CHOLMOD warning: matrix not positive definite. file: ./CHOLMOD/Supernodal/t_cholmod_super_numeric_worker.c line: 1090
CHOLMOD warning: matrix not positive definite. file: ./CHOLMOD/Supernodal/t_cholmod_super_numeric_worker.c line: 1090
CHOLMOD warning: matrix not positive definite. file: ./CHOLMOD/Supernodal/t_cholmod_super_numeric_worker.c line: 1090
CHOLMOD warning: matrix not positive definite. file: ./CHOLMOD/Supernodal/t_cholmod_super_numeric_worker.c line: 1090
CHOLMOD warning: matrix not positive definite. file: ./CHOLMOD/Supernodal/t_cholmod_super_numeric_worker.c line: 1090
CHOLMOD warning: matrix not positive definite. file: ./CHOLMOD/Supernodal/t_cholmod_super_numeric_worker.c line: 1090
CHOLMOD warning: matrix not positive definite. file: ./CHOLMOD/Supernodal/t_cholmod_super_numeric_worker.c line: 1090
CHOLMOD warning: matrix not positive definite. file: ./CHOLMOD/Supernodal/t_cholmod_super_numeric_worker.c line: 1090
CHOLMOD warning: matrix not positive definite. file: ./CHOLMOD/Supernodal/t_cholmod_super_numeric_worker.c line: 1090
CHOLMOD warning: matrix not positive definite. file: ./CHOLMOD/Supernodal/t_cholmod_super_numeric_worker.c line: 1090
CHOLMOD warning: matrix not positive definite. file: ./CHOLMOD/Supernodal/t_cholmod_super_numeric_worker.c line: 1090
final full solution
CHOLMOD warning: matrix not positive definite. file: ./CHOLMOD/Supernodal/t_cholmod_super_numeric_worker.c line: 1090
 *** Statistics of MiSo Solver ***
Number of LOCAL iterations  = 42
Number of CG    iterations  = 42
Number of FULL  iterations  = 42
Number of ROUNDING          = 94
solve_multiple_rounding took 6.051609 s.
solve took 6.051787 s.
restore_eliminated_vars took 0.00083000000000000012 s.
solve took 6.1461040000000002 s.
Maximum Distorsion 19.6087 
Maximum Laplacian 45.0892 
ITERATION 0 FLIPS 40 

 INITIALIZED SPARSE MATRIX OF 5690d x 5690d 

 INITIALIZED SPARSE MATRIX OF 848d x 5850d 

 INITIALIZED VECTOR OF 5690d x 1 

 INITIALIZED VECTOR OF 848d x 1 
Initital dimension: 5850 x 5850, number of constraints: 848, number of integer variables: 252, use reordering: yes
make_constraints_independent took 0.0055010000000000007 s.
Constraint integration took 0.062793000000000002 s.
Constraint elimination took 0.0099950000000000004 s.
Reindexing took 0.000301 s.
eliminate_constraints took 0.073255999999999974 s.
Eliminated dimension: 5002 x 5002
#nonzeros: 56869
integer variables #: 94
continuous variables #: 4908
initial full solution
CHOLMOD warning: matrix not positive definite. file: ./CHOLMOD/Supernodal/t_cholmod_super_numeric_worker.c line: 1090
CHOLMOD warning: matrix not positive definite. file: ./CHOLMOD/Supernodal/t_cholmod_super_numeric_worker.c line: 1090
CHOLMOD warning: matrix not positive definite. file: ./CHOLMOD/Supernodal/t_cholmod_super_numeric_worker.c line: 1090
CHOLMOD warning: matrix not positive definite. file: ./CHOLMOD/Supernodal/t_cholmod_super_numeric_worker.c line: 1090
CHOLMOD warning: matrix not positive definite. file: ./CHOLMOD/Supernodal/t_cholmod_super_numeric_worker.c line: 1090
CHOLMOD warning: matrix not positive definite. file: ./CHOLMOD/Supernodal/t_cholmod_super_numeric_worker.c line: 1090
CHOLMOD warning: matrix not positive definite. file: ./CHOLMOD/Supernodal/t_cholmod_super_numeric_worker.c line: 1090
CHOLMOD warning: matrix not positive definite. file: ./CHOLMOD/Supernodal/t_cholmod_super_numeric_worker.c line: 1090
CHOLMOD warning: matrix not positive definite. file: ./CHOLMOD/Supernodal/t_cholmod_super_numeric_worker.c line: 1090
CHOLMOD warning: matrix not positive definite. file: ./CHOLMOD/Supernodal/t_cholmod_super_numeric_worker.c line: 1090
CHOLMOD warning: matrix not positive definite. file: ./CHOLMOD/Supernodal/t_cholmod_super_numeric_worker.c line: 1090
CHOLMOD warning: matrix not positive definite. file: ./CHOLMOD/Supernodal/t_cholmod_super_numeric_worker.c line: 1090
CHOLMOD warning: matrix not positive definite. file: ./CHOLMOD/Supernodal/t_cholmod_super_numeric_worker.c line: 1090
CHOLMOD warning: matrix not positive definite. file: ./CHOLMOD/Supernodal/t_cholmod_super_numeric_worker.c line: 1090
CHOLMOD warning: matrix not positive definite. file: ./CHOLMOD/Supernodal/t_cholmod_super_numeric_worker.c line: 1090
CHOLMOD warning: matrix not positive definite. file: ./CHOLMOD/Supernodal/t_cholmod_super_numeric_worker.c line: 1090
CHOLMOD warning: matrix not positive definite. file: ./CHOLMOD/Supernodal/t_cholmod_super_numeric_worker.c line: 1090
CHOLMOD warning: matrix not positive definite. file: ./CHOLMOD/Supernodal/t_cholmod_super_numeric_worker.c line: 1090
CHOLMOD warning: matrix not positive definite. file: ./CHOLMOD/Supernodal/t_cholmod_super_numeric_worker.c line: 1090
CHOLMOD warning: matrix not positive definite. file: ./CHOLMOD/Supernodal/t_cholmod_super_numeric_worker.c line: 1090
CHOLMOD warning: matrix not positive definite. file: ./CHOLMOD/Supernodal/t_cholmod_super_numeric_worker.c line: 1090
CHOLMOD warning: matrix not positive definite. file: ./CHOLMOD/Supernodal/t_cholmod_super_numeric_worker.c line: 1090
CHOLMOD warning: matrix not positive definite. file: ./CHOLMOD/Supernodal/t_cholmod_super_numeric_worker.c line: 1090
CHOLMOD warning: matrix not positive definite. file: ./CHOLMOD/Supernodal/t_cholmod_super_numeric_worker.c line: 1090
CHOLMOD warning: matrix not positive definite. file: ./CHOLMOD/Supernodal/t_cholmod_super_numeric_worker.c line: 1090
CHOLMOD warning: matrix not positive definite. file: ./CHOLMOD/Supernodal/t_cholmod_super_numeric_worker.c line: 1090
CHOLMOD warning: matrix not positive definite. file: ./CHOLMOD/Supernodal/t_cholmod_super_numeric_worker.c line: 1090
CHOLMOD warning: matrix not positive definite. file: ./CHOLMOD/Supernodal/t_cholmod_super_numeric_worker.c line: 1090
CHOLMOD warning: matrix not positive definite. file: ./CHOLMOD/Supernodal/t_cholmod_super_numeric_worker.c line: 1090
CHOLMOD warning: matrix not positive definite. file: ./CHOLMOD/Supernodal/t_cholmod_super_numeric_worker.c line: 1090
CHOLMOD warning: matrix not positive definite. file: ./CHOLMOD/Supernodal/t_cholmod_super_numeric_worker.c line: 1090
CHOLMOD warning: matrix not positive definite. file: ./CHOLMOD/Supernodal/t_cholmod_super_numeric_worker.c line: 1090
CHOLMOD warning: matrix not positive definite. file: ./CHOLMOD/Supernodal/t_cholmod_super_numeric_worker.c line: 1090
CHOLMOD warning: matrix not positive definite. file: ./CHOLMOD/Supernodal/t_cholmod_super_numeric_worker.c line: 1090
CHOLMOD warning: matrix not positive definite. file: ./CHOLMOD/Supernodal/t_cholmod_super_numeric_worker.c line: 1090
CHOLMOD warning: matrix not positive definite. file: ./CHOLMOD/Supernodal/t_cholmod_super_numeric_worker.c line: 1090
CHOLMOD warning: matrix not positive definite. file: ./CHOLMOD/Supernodal/t_cholmod_super_numeric_worker.c line: 1090
CHOLMOD warning: matrix not positive definite. file: ./CHOLMOD/Supernodal/t_cholmod_super_numeric_worker.c line: 1090
CHOLMOD warning: matrix not positive definite. file: ./CHOLMOD/Supernodal/t_cholmod_super_numeric_worker.c line: 1090
final full solution
CHOLMOD warning: matrix not positive definite. file: ./CHOLMOD/Supernodal/t_cholmod_super_numeric_worker.c line: 1090
 *** Statistics of MiSo Solver ***
Number of LOCAL iterations  = 38
Number of CG    iterations  = 38
Number of FULL  iterations  = 40
Number of ROUNDING          = 94
solve_multiple_rounding took 5.5016729999999994 s.
solve took 5.5017940000000003 s.
restore_eliminated_vars took 0.00098700000000000003 s.
solve took 5.5822640000000003 s.
Maximum Distorsion 8.5743 
Maximum Laplacian 16.0915 
ITERATION 1 FLIPS 59 

 INITIALIZED SPARSE MATRIX OF 5690d x 5690d 

 INITIALIZED SPARSE MATRIX OF 848d x 5850d 

 INITIALIZED VECTOR OF 5690d x 1 

 INITIALIZED VECTOR OF 848d x 1 
Initital dimension: 5850 x 5850, number of constraints: 848, number of integer variables: 252, use reordering: yes
make_constraints_independent took 0.004313 s.
Constraint integration took 0.011846000000000001 s.
Constraint elimination took 0.0071570000000000002 s.
Reindexing took 0.00021799999999999999 s.
eliminate_constraints took 0.019356000000000002 s.
Eliminated dimension: 5002 x 5002
#nonzeros: 56989
integer variables #: 94
continuous variables #: 4908
initial full solution
CHOLMOD warning: matrix not positive definite. file: ./CHOLMOD/Supernodal/t_cholmod_super_numeric_worker.c line: 1090
CHOLMOD warning: matrix not positive definite. file: ./CHOLMOD/Supernodal/t_cholmod_super_numeric_worker.c line: 1090
CHOLMOD warning: matrix not positive definite. file: ./CHOLMOD/Supernodal/t_cholmod_super_numeric_worker.c line: 1090
CHOLMOD warning: matrix not positive definite. file: ./CHOLMOD/Supernodal/t_cholmod_super_numeric_worker.c line: 1090
CHOLMOD warning: matrix not positive definite. file: ./CHOLMOD/Supernodal/t_cholmod_super_numeric_worker.c line: 1090
CHOLMOD warning: matrix not positive definite. file: ./CHOLMOD/Supernodal/t_cholmod_super_numeric_worker.c line: 1090
CHOLMOD warning: matrix not positive definite. file: ./CHOLMOD/Supernodal/t_cholmod_super_numeric_worker.c line: 1090
CHOLMOD warning: matrix not positive definite. file: ./CHOLMOD/Supernodal/t_cholmod_super_numeric_worker.c line: 1090
CHOLMOD warning: matrix not positive definite. file: ./CHOLMOD/Supernodal/t_cholmod_super_numeric_worker.c line: 1090
CHOLMOD warning: matrix not positive definite. file: ./CHOLMOD/Supernodal/t_cholmod_super_numeric_worker.c line: 1090
CHOLMOD warning: matrix not positive definite. file: ./CHOLMOD/Supernodal/t_cholmod_super_numeric_worker.c line: 1090
CHOLMOD warning: matrix not positive definite. file: ./CHOLMOD/Supernodal/t_cholmod_super_numeric_worker.c line: 1090
CHOLMOD warning: matrix not positive definite. file: ./CHOLMOD/Supernodal/t_cholmod_super_numeric_worker.c line: 1090
CHOLMOD warning: matrix not positive definite. file: ./CHOLMOD/Supernodal/t_cholmod_super_numeric_worker.c line: 1090
CHOLMOD warning: matrix not positive definite. file: ./CHOLMOD/Supernodal/t_cholmod_super_numeric_worker.c line: 1090
CHOLMOD warning: matrix not positive definite. file: ./CHOLMOD/Supernodal/t_cholmod_super_numeric_worker.c line: 1090
CHOLMOD warning: matrix not positive definite. file: ./CHOLMOD/Supernodal/t_cholmod_super_numeric_worker.c line: 1090
CHOLMOD warning: matrix not positive definite. file: ./CHOLMOD/Supernodal/t_cholmod_super_numeric_worker.c line: 1090
CHOLMOD warning: matrix not positive definite. file: ./CHOLMOD/Supernodal/t_cholmod_super_numeric_worker.c line: 1090
CHOLMOD warning: matrix not positive definite. file: ./CHOLMOD/Supernodal/t_cholmod_super_numeric_worker.c line: 1090
CHOLMOD warning: matrix not positive definite. file: ./CHOLMOD/Supernodal/t_cholmod_super_numeric_worker.c line: 1090
CHOLMOD warning: matrix not positive definite. file: ./CHOLMOD/Supernodal/t_cholmod_super_numeric_worker.c line: 1090
CHOLMOD warning: matrix not positive definite. file: ./CHOLMOD/Supernodal/t_cholmod_super_numeric_worker.c line: 1090
CHOLMOD warning: matrix not positive definite. file: ./CHOLMOD/Supernodal/t_cholmod_super_numeric_worker.c line: 1090
CHOLMOD warning: matrix not positive definite. file: ./CHOLMOD/Supernodal/t_cholmod_super_numeric_worker.c line: 1090
CHOLMOD warning: matrix not positive definite. file: ./CHOLMOD/Supernodal/t_cholmod_super_numeric_worker.c line: 1090
CHOLMOD warning: matrix not positive definite. file: ./CHOLMOD/Supernodal/t_cholmod_super_numeric_worker.c line: 1090
CHOLMOD warning: matrix not positive definite. file: ./CHOLMOD/Supernodal/t_cholmod_super_numeric_worker.c line: 1090
CHOLMOD warning: matrix not positive definite. file: ./CHOLMOD/Supernodal/t_cholmod_super_numeric_worker.c line: 1090
CHOLMOD warning: matrix not positive definite. file: ./CHOLMOD/Supernodal/t_cholmod_super_numeric_worker.c line: 1090
CHOLMOD warning: matrix not positive definite. file: ./CHOLMOD/Supernodal/t_cholmod_super_numeric_worker.c line: 1090
CHOLMOD warning: matrix not positive definite. file: ./CHOLMOD/Supernodal/t_cholmod_super_numeric_worker.c line: 1090
CHOLMOD warning: matrix not positive definite. file: ./CHOLMOD/Supernodal/t_cholmod_super_numeric_worker.c line: 1090
CHOLMOD warning: matrix not positive definite. file: ./CHOLMOD/Supernodal/t_cholmod_super_numeric_worker.c line: 1090
CHOLMOD warning: matrix not positive definite. file: ./CHOLMOD/Supernodal/t_cholmod_super_numeric_worker.c line: 1090
CHOLMOD warning: matrix not positive definite. file: ./CHOLMOD/Supernodal/t_cholmod_super_numeric_worker.c line: 1090
CHOLMOD warning: matrix not positive definite. file: ./CHOLMOD/Supernodal/t_cholmod_super_numeric_worker.c line: 1090
CHOLMOD warning: matrix not positive definite. file: ./CHOLMOD/Supernodal/t_cholmod_super_numeric_worker.c line: 1090
CHOLMOD warning: matrix not positive definite. file: ./CHOLMOD/Supernodal/t_cholmod_super_numeric_worker.c line: 1090
CHOLMOD warning: matrix not positive definite. file: ./CHOLMOD/Supernodal/t_cholmod_super_numeric_worker.c line: 1090
final full solution
CHOLMOD warning: matrix not positive definite. file: ./CHOLMOD/Supernodal/t_cholmod_super_numeric_worker.c line: 1090
 *** Statistics of MiSo Solver ***
Number of LOCAL iterations  = 39
Number of CG    iterations  = 39
Number of FULL  iterations  = 41
Number of ROUNDING          = 94
solve_multiple_rounding took 6.0652280000000003 s.
solve took 6.0653389999999998 s.
restore_eliminated_vars took 0.00081100000000000009 s.
solve took 6.0904340000000001 s.
Maximum Distorsion 17.7202 
Maximum Laplacian 39.9661 
ITERATION 2 FLIPS 55 

 INITIALIZED SPARSE MATRIX OF 5690d x 5690d 

 INITIALIZED SPARSE MATRIX OF 848d x 5850d 

 INITIALIZED VECTOR OF 5690d x 1 

 INITIALIZED VECTOR OF 848d x 1 
Initital dimension: 5850 x 5850, number of constraints: 848, number of integer variables: 252, use reordering: yes
make_constraints_independent took 0.0050309999999999999 s.
Constraint integration took 0.012295 s.
Constraint elimination took 0.0073860000000000002 s.
Reindexing took 0.000222 s.
eliminate_constraints took 0.020001999999999999 s.
Eliminated dimension: 5002 x 5002
#nonzeros: 56914
integer variables #: 94
continuous variables #: 4908
initial full solution
CHOLMOD warning: matrix not positive definite. file: ./CHOLMOD/Supernodal/t_cholmod_super_numeric_worker.c line: 1090
CHOLMOD warning: matrix not positive definite. file: ./CHOLMOD/Supernodal/t_cholmod_super_numeric_worker.c line: 1090
CHOLMOD warning: matrix not positive definite. file: ./CHOLMOD/Supernodal/t_cholmod_super_numeric_worker.c line: 1090
CHOLMOD warning: matrix not positive definite. file: ./CHOLMOD/Supernodal/t_cholmod_super_numeric_worker.c line: 1090
CHOLMOD warning: matrix not positive definite. file: ./CHOLMOD/Supernodal/t_cholmod_super_numeric_worker.c line: 1090
CHOLMOD warning: matrix not positive definite. file: ./CHOLMOD/Supernodal/t_cholmod_super_numeric_worker.c line: 1090
CHOLMOD warning: matrix not positive definite. file: ./CHOLMOD/Supernodal/t_cholmod_super_numeric_worker.c line: 1090
CHOLMOD warning: matrix not positive definite. file: ./CHOLMOD/Supernodal/t_cholmod_super_numeric_worker.c line: 1090
CHOLMOD warning: matrix not positive definite. file: ./CHOLMOD/Supernodal/t_cholmod_super_numeric_worker.c line: 1090
CHOLMOD warning: matrix not positive definite. file: ./CHOLMOD/Supernodal/t_cholmod_super_numeric_worker.c line: 1090
CHOLMOD warning: matrix not positive definite. file: ./CHOLMOD/Supernodal/t_cholmod_super_numeric_worker.c line: 1090
CHOLMOD warning: matrix not positive definite. file: ./CHOLMOD/Supernodal/t_cholmod_super_numeric_worker.c line: 1090
CHOLMOD warning: matrix not positive definite. file: ./CHOLMOD/Supernodal/t_cholmod_super_numeric_worker.c line: 1090
CHOLMOD warning: matrix not positive definite. file: ./CHOLMOD/Supernodal/t_cholmod_super_numeric_worker.c line: 1090
CHOLMOD warning: matrix not positive definite. file: ./CHOLMOD/Supernodal/t_cholmod_super_numeric_worker.c line: 1090
CHOLMOD warning: matrix not positive definite. file: ./CHOLMOD/Supernodal/t_cholmod_super_numeric_worker.c line: 1090
CHOLMOD warning: matrix not positive definite. file: ./CHOLMOD/Supernodal/t_cholmod_super_numeric_worker.c line: 1090
CHOLMOD warning: matrix not positive definite. file: ./CHOLMOD/Supernodal/t_cholmod_super_numeric_worker.c line: 1090
CHOLMOD warning: matrix not positive definite. file: ./CHOLMOD/Supernodal/t_cholmod_super_numeric_worker.c line: 1090
CHOLMOD warning: matrix not positive definite. file: ./CHOLMOD/Supernodal/t_cholmod_super_numeric_worker.c line: 1090
CHOLMOD warning: matrix not positive definite. file: ./CHOLMOD/Supernodal/t_cholmod_super_numeric_worker.c line: 1090
CHOLMOD warning: matrix not positive definite. file: ./CHOLMOD/Supernodal/t_cholmod_super_numeric_worker.c line: 1090
CHOLMOD warning: matrix not positive definite. file: ./CHOLMOD/Supernodal/t_cholmod_super_numeric_worker.c line: 1090
CHOLMOD warning: matrix not positive definite. file: ./CHOLMOD/Supernodal/t_cholmod_super_numeric_worker.c line: 1090
CHOLMOD warning: matrix not positive definite. file: ./CHOLMOD/Supernodal/t_cholmod_super_numeric_worker.c line: 1090
CHOLMOD warning: matrix not positive definite. file: ./CHOLMOD/Supernodal/t_cholmod_super_numeric_worker.c line: 1090
CHOLMOD warning: matrix not positive definite. file: ./CHOLMOD/Supernodal/t_cholmod_super_numeric_worker.c line: 1090
CHOLMOD warning: matrix not positive definite. file: ./CHOLMOD/Supernodal/t_cholmod_super_numeric_worker.c line: 1090
CHOLMOD warning: matrix not positive definite. file: ./CHOLMOD/Supernodal/t_cholmod_super_numeric_worker.c line: 1090
CHOLMOD warning: matrix not positive definite. file: ./CHOLMOD/Supernodal/t_cholmod_super_numeric_worker.c line: 1090
CHOLMOD warning: matrix not positive definite. file: ./CHOLMOD/Supernodal/t_cholmod_super_numeric_worker.c line: 1090
CHOLMOD warning: matrix not positive definite. file: ./CHOLMOD/Supernodal/t_cholmod_super_numeric_worker.c line: 1090
CHOLMOD warning: matrix not positive definite. file: ./CHOLMOD/Supernodal/t_cholmod_super_numeric_worker.c line: 1090
CHOLMOD warning: matrix not positive definite. file: ./CHOLMOD/Supernodal/t_cholmod_super_numeric_worker.c line: 1090
CHOLMOD warning: matrix not positive definite. file: ./CHOLMOD/Supernodal/t_cholmod_super_numeric_worker.c line: 1090
CHOLMOD warning: matrix not positive definite. file: ./CHOLMOD/Supernodal/t_cholmod_super_numeric_worker.c line: 1090
CHOLMOD warning: matrix not positive definite. file: ./CHOLMOD/Supernodal/t_cholmod_super_numeric_worker.c line: 1090
CHOLMOD warning: matrix not positive definite. file: ./CHOLMOD/Supernodal/t_cholmod_super_numeric_worker.c line: 1090
CHOLMOD warning: matrix not positive definite. file: ./CHOLMOD/Supernodal/t_cholmod_super_numeric_worker.c line: 1090
CHOLMOD warning: matrix not positive definite. file: ./CHOLMOD/Supernodal/t_cholmod_super_numeric_worker.c line: 1090
CHOLMOD warning: matrix not positive definite. file: ./CHOLMOD/Supernodal/t_cholmod_super_numeric_worker.c line: 1090
CHOLMOD warning: matrix not positive definite. file: ./CHOLMOD/Supernodal/t_cholmod_super_numeric_worker.c line: 1090
CHOLMOD warning: matrix not positive definite. file: ./CHOLMOD/Supernodal/t_cholmod_super_numeric_worker.c line: 1090
CHOLMOD warning: matrix not positive definite. file: ./CHOLMOD/Supernodal/t_cholmod_super_numeric_worker.c line: 1090
CHOLMOD warning: matrix not positive definite. file: ./CHOLMOD/Supernodal/t_cholmod_super_numeric_worker.c line: 1090
final full solution
CHOLMOD warning: matrix not positive definite. file: ./CHOLMOD/Supernodal/t_cholmod_super_numeric_worker.c line: 1090
 *** Statistics of MiSo Solver ***
Number of LOCAL iterations  = 44
Number of CG    iterations  = 44
Number of FULL  iterations  = 46
Number of ROUNDING          = 94
solve_multiple_rounding took 3.5957080000000001 s.
solve took 3.5958249999999996 s.
restore_eliminated_vars took 0.000861 s.
solve took 3.6223469999999995 s.
Maximum Distorsion 18.0075 
Maximum Laplacian 41.1188 
ITERATION 3 FLIPS 36 

 INITIALIZED SPARSE MATRIX OF 5690d x 5690d 

 INITIALIZED SPARSE MATRIX OF 848d x 5850d 

 INITIALIZED VECTOR OF 5690d x 1 

 INITIALIZED VECTOR OF 848d x 1 
Initital dimension: 5850 x 5850, number of constraints: 848, number of integer variables: 252, use reordering: yes
make_constraints_independent took 0.0043390000000000008 s.
Constraint integration took 0.011653 s.
Constraint elimination took 0.0073170000000000006 s.
Reindexing took 0.00022499999999999999 s.
eliminate_constraints took 0.019307999999999999 s.
Eliminated dimension: 5002 x 5002
#nonzeros: 56952
integer variables #: 94
continuous variables #: 4908
initial full solution
CHOLMOD warning: matrix not positive definite. file: ./CHOLMOD/Supernodal/t_cholmod_super_numeric_worker.c line: 1090
final full solution
CHOLMOD warning: matrix not positive definite. file: ./CHOLMOD/Supernodal/t_cholmod_super_numeric_worker.c line: 1090
 *** Statistics of MiSo Solver ***
Number of LOCAL iterations  = 94
Number of CG    iterations  = 94
Number of FULL  iterations  = 2
Number of ROUNDING          = 94
solve_multiple_rounding took 0.22570699999999999 s.
solve took 0.22581700000000002 s.
restore_eliminated_vars took 0.00078800000000000007 s.
solve took 0.25080999999999998 s.
Distortion will be NaN! sig1^2 is negative (-6.04463e+23)
Distortion will be NaN! sig1^2 is negative (-6.04463e+23)
Distortion will be NaN! sig1^2 is negative (-6.04463e+23)
Distortion will be NaN! sig1^2 is negative (-6.04463e+23)
Distortion will be NaN! sig1^2 is negative (-6.04463e+23)
Maximum Distorsion 447611140446088855552.0000 
Maximum Laplacian 36458464599468892160.0000 
ITERATION 4 FLIPS 899 
**** END OPTIMIZING #FLIPS 899  ****
       UV=2845 FUV=4998
Invalid MIQ output: UV=2845x2 FUV=4998x3

 Closed: Fri May 08 18:59:32 2026


  binary       : /root/SemanPartMesh/quad_extract/build/extract_quad_mesh
  input mesh   : /root/SemanPartMesh/compare_8d46740c472f9d36b7a04b65023ffc59_ns3000_20260508_184014/baseline/quad_meshes/8d46740c472f9d36b7a04b65023ffc59_quad_extract_work/8d46740c472f9d36b7a04b65023ffc59_quad_pml_repaired.obj
  cross field  : /root/SemanPartMesh/compare_8d46740c472f9d36b7a04b65023ffc59_ns3000_20260508_184014/baseline/quad_meshes/8d46740c472f9d36b7a04b65023ffc59_quad_extract_work/8d46740c472f9d36b7a04b65023ffc59_quad_pml_repaired_cf.txt
  output       : /root/SemanPartMesh/compare_8d46740c472f9d36b7a04b65023ffc59_ns3000_20260508_184014/baseline/quad_meshes/8d46740c472f9d36b7a04b65023ffc59_quad_extract_work/8d46740c472f9d36b7a04b65023ffc59_quad_gs12.obj
  gradient_size: 12.0  timeout: 1800s  [stiff=50.0 dr=0 it=5]

  FAILED: Command '['/root/SemanPartMesh/quad_extract/build/extract_quad_mesh', '/root/SemanPartMesh/compare_8d46740c472f9d36b7a04b65023ffc59_ns3000_20260508_184014/baseline/quad_meshes/8d46740c472f9d36b7a04b65023ffc59_quad_extract_work/8d46740c472f9d36b7a04b65023ffc59_quad_pml_repaired.obj', '/root/SemanPartMesh/compare_8d46740c472f9d36b7a04b65023ffc59_ns3000_20260508_184014/baseline/quad_meshes/8d46740c472f9d36b7a04b65023ffc59_quad_extract_work/8d46740c472f9d36b7a04b65023ffc59_quad_pml_repaired_cf.txt', '/root/SemanPartMesh/compare_8d46740c472f9d36b7a04b65023ffc59_ns3000_20260508_184014/baseline/quad_meshes/8d46740c472f9d36b7a04b65023ffc59_quad_extract_work/8d46740c472f9d36b7a04b65023ffc59_quad_gs12.obj', '12.0', '50.0', '0', '5', '5']' returned non-zero exit status 1.
  binary       : /root/SemanPartMesh/quad_extract/build/extract_quad_mesh
  input mesh   : /root/SemanPartMesh/compare_8d46740c472f9d36b7a04b65023ffc59_ns3000_20260508_184014/baseline/quad_meshes/8d46740c472f9d36b7a04b65023ffc59_quad_extract_work/8d46740c472f9d36b7a04b65023ffc59_quad_pml_repaired.obj
  cross field  : /root/SemanPartMesh/compare_8d46740c472f9d36b7a04b65023ffc59_ns3000_20260508_184014/baseline/quad_meshes/8d46740c472f9d36b7a04b65023ffc59_quad_extract_work/8d46740c472f9d36b7a04b65023ffc59_quad_pml_repaired_cf.txt
  output       : /root/SemanPartMesh/compare_8d46740c472f9d36b7a04b65023ffc59_ns3000_20260508_184014/baseline/quad_meshes/8d46740c472f9d36b7a04b65023ffc59_quad_extract_work/8d46740c472f9d36b7a04b65023ffc59_quad_gs12.obj
  gradient_size: 12.0  timeout: 1800s  [stiff=5.0 dr=1 it=5]

  FAILED: Command '['/root/SemanPartMesh/quad_extract/build/extract_quad_mesh', '/root/SemanPartMesh/compare_8d46740c472f9d36b7a04b65023ffc59_ns3000_20260508_184014/baseline/quad_meshes/8d46740c472f9d36b7a04b65023ffc59_quad_extract_work/8d46740c472f9d36b7a04b65023ffc59_quad_pml_repaired.obj', '/root/SemanPartMesh/compare_8d46740c472f9d36b7a04b65023ffc59_ns3000_20260508_184014/baseline/quad_meshes/8d46740c472f9d36b7a04b65023ffc59_quad_extract_work/8d46740c472f9d36b7a04b65023ffc59_quad_pml_repaired_cf.txt', '/root/SemanPartMesh/compare_8d46740c472f9d36b7a04b65023ffc59_ns3000_20260508_184014/baseline/quad_meshes/8d46740c472f9d36b7a04b65023ffc59_quad_extract_work/8d46740c472f9d36b7a04b65023ffc59_quad_gs12.obj', '12.0', '5.0', '1', '5', '5']' returned non-zero exit status 1.
  binary       : /root/SemanPartMesh/quad_extract/build/extract_quad_mesh
  input mesh   : /root/SemanPartMesh/compare_8d46740c472f9d36b7a04b65023ffc59_ns3000_20260508_184014/baseline/quad_meshes/8d46740c472f9d36b7a04b65023ffc59_quad_extract_work/8d46740c472f9d36b7a04b65023ffc59_quad_pml_repaired.obj
  cross field  : /root/SemanPartMesh/compare_8d46740c472f9d36b7a04b65023ffc59_ns3000_20260508_184014/baseline/quad_meshes/8d46740c472f9d36b7a04b65023ffc59_quad_extract_work/8d46740c472f9d36b7a04b65023ffc59_quad_pml_repaired_cf.txt
  output       : /root/SemanPartMesh/compare_8d46740c472f9d36b7a04b65023ffc59_ns3000_20260508_184014/baseline/quad_meshes/8d46740c472f9d36b7a04b65023ffc59_quad_extract_work/8d46740c472f9d36b7a04b65023ffc59_quad_gs12.obj
  gradient_size: 12.0  timeout: 1800s  [stiff=50.0 dr=1 it=5]

  FAILED: Command '['/root/SemanPartMesh/quad_extract/build/extract_quad_mesh', '/root/SemanPartMesh/compare_8d46740c472f9d36b7a04b65023ffc59_ns3000_20260508_184014/baseline/quad_meshes/8d46740c472f9d36b7a04b65023ffc59_quad_extract_work/8d46740c472f9d36b7a04b65023ffc59_quad_pml_repaired.obj', '/root/SemanPartMesh/compare_8d46740c472f9d36b7a04b65023ffc59_ns3000_20260508_184014/baseline/quad_meshes/8d46740c472f9d36b7a04b65023ffc59_quad_extract_work/8d46740c472f9d36b7a04b65023ffc59_quad_pml_repaired_cf.txt', '/root/SemanPartMesh/compare_8d46740c472f9d36b7a04b65023ffc59_ns3000_20260508_184014/baseline/quad_meshes/8d46740c472f9d36b7a04b65023ffc59_quad_extract_work/8d46740c472f9d36b7a04b65023ffc59_quad_gs12.obj', '12.0', '50.0', '1', '5', '5']' returned non-zero exit status 1.
  binary       : /root/SemanPartMesh/quad_extract/build/extract_quad_mesh
  input mesh   : /root/SemanPartMesh/compare_8d46740c472f9d36b7a04b65023ffc59_ns3000_20260508_184014/baseline/quad_meshes/8d46740c472f9d36b7a04b65023ffc59_quad_extract_work/8d46740c472f9d36b7a04b65023ffc59_quad_pml_repaired.obj
  cross field  : /root/SemanPartMesh/compare_8d46740c472f9d36b7a04b65023ffc59_ns3000_20260508_184014/baseline/quad_meshes/8d46740c472f9d36b7a04b65023ffc59_quad_extract_work/8d46740c472f9d36b7a04b65023ffc59_quad_pml_repaired_cf.txt
  output       : /root/SemanPartMesh/compare_8d46740c472f9d36b7a04b65023ffc59_ns3000_20260508_184014/baseline/quad_meshes/8d46740c472f9d36b7a04b65023ffc59_quad_extract_work/8d46740c472f9d36b7a04b65023ffc59_quad_gs12.obj
  gradient_size: 12.0  timeout: 1800s  [stiff=200.0 dr=1 it=3]

  FAILED: Command '['/root/SemanPartMesh/quad_extract/build/extract_quad_mesh', '/root/SemanPartMesh/compare_8d46740c472f9d36b7a04b65023ffc59_ns3000_20260508_184014/baseline/quad_meshes/8d46740c472f9d36b7a04b65023ffc59_quad_extract_work/8d46740c472f9d36b7a04b65023ffc59_quad_pml_repaired.obj', '/root/SemanPartMesh/compare_8d46740c472f9d36b7a04b65023ffc59_ns3000_20260508_184014/baseline/quad_meshes/8d46740c472f9d36b7a04b65023ffc59_quad_extract_work/8d46740c472f9d36b7a04b65023ffc59_quad_pml_repaired_cf.txt', '/root/SemanPartMesh/compare_8d46740c472f9d36b7a04b65023ffc59_ns3000_20260508_184014/baseline/quad_meshes/8d46740c472f9d36b7a04b65023ffc59_quad_extract_work/8d46740c472f9d36b7a04b65023ffc59_quad_gs12.obj', '12.0', '200.0', '1', '3', '5']' returned non-zero exit status 1.
  FAILED: extraction failed for gs=12.0

[Auto Sweep] Trying gradient_size=16.0
  binary       : /root/SemanPartMesh/quad_extract/build/extract_quad_mesh
  input mesh   : /root/SemanPartMesh/compare_8d46740c472f9d36b7a04b65023ffc59_ns3000_20260508_184014/baseline/quad_meshes/8d46740c472f9d36b7a04b65023ffc59_quad_extract_work/8d46740c472f9d36b7a04b65023ffc59_quad_pml_repaired.obj
  cross field  : /root/SemanPartMesh/compare_8d46740c472f9d36b7a04b65023ffc59_ns3000_20260508_184014/baseline/quad_meshes/8d46740c472f9d36b7a04b65023ffc59_quad_extract_work/8d46740c472f9d36b7a04b65023ffc59_quad_pml_repaired_cf.txt
  output       : /root/SemanPartMesh/compare_8d46740c472f9d36b7a04b65023ffc59_ns3000_20260508_184014/baseline/quad_meshes/8d46740c472f9d36b7a04b65023ffc59_quad_extract_work/8d46740c472f9d36b7a04b65023ffc59_quad_gs16.obj
  gradient_size: 16.0  timeout: 1800s

  FAILED: Command '['/root/SemanPartMesh/quad_extract/build/extract_quad_mesh', '/root/SemanPartMesh/compare_8d46740c472f9d36b7a04b65023ffc59_ns3000_20260508_184014/baseline/quad_meshes/8d46740c472f9d36b7a04b65023ffc59_quad_extract_work/8d46740c472f9d36b7a04b65023ffc59_quad_pml_repaired.obj', '/root/SemanPartMesh/compare_8d46740c472f9d36b7a04b65023ffc59_ns3000_20260508_184014/baseline/quad_meshes/8d46740c472f9d36b7a04b65023ffc59_quad_extract_work/8d46740c472f9d36b7a04b65023ffc59_quad_pml_repaired_cf.txt', '/root/SemanPartMesh/compare_8d46740c472f9d36b7a04b65023ffc59_ns3000_20260508_184014/baseline/quad_meshes/8d46740c472f9d36b7a04b65023ffc59_quad_extract_work/8d46740c472f9d36b7a04b65023ffc59_quad_gs16.obj', '16.0', '5.0', '0', '5', '5']' returned non-zero exit status 1.
  binary       : /root/SemanPartMesh/quad_extract/build/extract_quad_mesh
  input mesh   : /root/SemanPartMesh/compare_8d46740c472f9d36b7a04b65023ffc59_ns3000_20260508_184014/baseline/quad_meshes/8d46740c472f9d36b7a04b65023ffc59_quad_extract_work/8d46740c472f9d36b7a04b65023ffc59_quad_pml_repaired.obj[1/4] Loading mesh: /root/SemanPartMesh/compare_8d46740c472f9d36b7a04b65023ffc59_ns3000_20260508_184014/baseline/quad_meshes/8d46740c472f9d36b7a04b65023ffc59_quad_extract_work/8d46740c472f9d36b7a04b65023ffc59_quad_pml_repaired.obj
       V=2500 F=4998
[2/4] Loading cross field: /root/SemanPartMesh/compare_8d46740c472f9d36b7a04b65023ffc59_ns3000_20260508_184014/baseline/quad_meshes/8d46740c472f9d36b7a04b65023ffc59_quad_extract_work/8d46740c472f9d36b7a04b65023ffc59_quad_pml_repaired_cf.txt
       cross field rows=4998
[3/4] Running MIQ parameterization (gradient_size=16, stiffness=50, iters=5)...

 INITIALIZED SPARSE MATRIX OF 5690d x 5690d 

 INITIALIZED SPARSE MATRIX OF 848d x 5850d 

 INITIALIZED VECTOR OF 5690d x 1 

 INITIALIZED VECTOR OF 848d x 1 
Initital dimension: 5850 x 5850, number of constraints: 848, number of integer variables: 252, use reordering: yes
make_constraints_independent took 0.0048409999999999998 s.
Constraint integration took 0.012553000000000002 s.
Constraint elimination took 0.0079690000000000004 s.
Reindexing took 0.00022100000000000001 s.
eliminate_constraints took 0.020898 s.
Eliminated dimension: 5002 x 5002
#nonzeros: 56922
integer variables #: 94
continuous variables #: 4908
initial full solution
CHOLMOD warning: matrix not positive definite. file: ./CHOLMOD/Supernodal/t_cholmod_super_numeric_worker.c line: 1090
CHOLMOD warning: matrix not positive definite. file: ./CHOLMOD/Supernodal/t_cholmod_super_numeric_worker.c line: 1090
CHOLMOD warning: matrix not positive definite. file: ./CHOLMOD/Supernodal/t_cholmod_super_numeric_worker.c line: 1090
CHOLMOD warning: matrix not positive definite. file: ./CHOLMOD/Supernodal/t_cholmod_super_numeric_worker.c line: 1090
CHOLMOD warning: matrix not positive definite. file: ./CHOLMOD/Supernodal/t_cholmod_super_numeric_worker.c line: 1090
CHOLMOD warning: matrix not positive definite. file: ./CHOLMOD/Supernodal/t_cholmod_super_numeric_worker.c line: 1090
CHOLMOD warning: matrix not positive definite. file: ./CHOLMOD/Supernodal/t_cholmod_super_numeric_worker.c line: 1090
CHOLMOD warning: matrix not positive definite. file: ./CHOLMOD/Supernodal/t_cholmod_super_numeric_worker.c line: 1090
CHOLMOD warning: matrix not positive definite. file: ./CHOLMOD/Supernodal/t_cholmod_super_numeric_worker.c line: 1090
CHOLMOD warning: matrix not positive definite. file: ./CHOLMOD/Supernodal/t_cholmod_super_numeric_worker.c line: 1090
CHOLMOD warning: matrix not positive definite. file: ./CHOLMOD/Supernodal/t_cholmod_super_numeric_worker.c line: 1090
CHOLMOD warning: matrix not positive definite. file: ./CHOLMOD/Supernodal/t_cholmod_super_numeric_worker.c line: 1090
CHOLMOD warning: matrix not positive definite. file: ./CHOLMOD/Supernodal/t_cholmod_super_numeric_worker.c line: 1090
CHOLMOD warning: matrix not positive definite. file: ./CHOLMOD/Supernodal/t_cholmod_super_numeric_worker.c line: 1090
CHOLMOD warning: matrix not positive definite. file: ./CHOLMOD/Supernodal/t_cholmod_super_numeric_worker.c line: 1090
CHOLMOD warning: matrix not positive definite. file: ./CHOLMOD/Supernodal/t_cholmod_super_numeric_worker.c line: 1090
CHOLMOD warning: matrix not positive definite. file: ./CHOLMOD/Supernodal/t_cholmod_super_numeric_worker.c line: 1090
CHOLMOD warning: matrix not positive definite. file: ./CHOLMOD/Supernodal/t_cholmod_super_numeric_worker.c line: 1090
CHOLMOD warning: matrix not positive definite. file: ./CHOLMOD/Supernodal/t_cholmod_super_numeric_worker.c line: 1090
CHOLMOD warning: matrix not positive definite. file: ./CHOLMOD/Supernodal/t_cholmod_super_numeric_worker.c line: 1090
CHOLMOD warning: matrix not positive definite. file: ./CHOLMOD/Supernodal/t_cholmod_super_numeric_worker.c line: 1090
CHOLMOD warning: matrix not positive definite. file: ./CHOLMOD/Supernodal/t_cholmod_super_numeric_worker.c line: 1090
CHOLMOD warning: matrix not positive definite. file: ./CHOLMOD/Supernodal/t_cholmod_super_numeric_worker.c line: 1090
CHOLMOD warning: matrix not positive definite. file: ./CHOLMOD/Supernodal/t_cholmod_super_numeric_worker.c line: 1090
CHOLMOD warning: matrix not positive definite. file: ./CHOLMOD/Supernodal/t_cholmod_super_numeric_worker.c line: 1090
CHOLMOD warning: matrix not positive definite. file: ./CHOLMOD/Supernodal/t_cholmod_super_numeric_worker.c line: 1090
CHOLMOD warning: matrix not positive definite. file: ./CHOLMOD/Supernodal/t_cholmod_super_numeric_worker.c line: 1090
CHOLMOD warning: matrix not positive definite. file: ./CHOLMOD/Supernodal/t_cholmod_super_numeric_worker.c line: 1090
CHOLMOD warning: matrix not positive definite. file: ./CHOLMOD/Supernodal/t_cholmod_super_numeric_worker.c line: 1090
CHOLMOD warning: matrix not positive definite. file: ./CHOLMOD/Supernodal/t_cholmod_super_numeric_worker.c line: 1090
CHOLMOD warning: matrix not positive definite. file: ./CHOLMOD/Supernodal/t_cholmod_super_numeric_worker.c line: 1090
CHOLMOD warning: matrix not positive definite. file: ./CHOLMOD/Supernodal/t_cholmod_super_numeric_worker.c line: 1090
CHOLMOD warning: matrix not positive definite. file: ./CHOLMOD/Supernodal/t_cholmod_super_numeric_worker.c line: 1090
CHOLMOD warning: matrix not positive definite. file: ./CHOLMOD/Supernodal/t_cholmod_super_numeric_worker.c line: 1090
CHOLMOD warning: matrix not positive definite. file: ./CHOLMOD/Supernodal/t_cholmod_super_numeric_worker.c line: 1090
CHOLMOD warning: matrix not positive definite. file: ./CHOLMOD/Supernodal/t_cholmod_super_numeric_worker.c line: 1090
CHOLMOD warning: matrix not positive definite. file: ./CHOLMOD/Supernodal/t_cholmod_super_numeric_worker.c line: 1090
CHOLMOD warning: matrix not positive definite. file: ./CHOLMOD/Supernodal/t_cholmod_super_numeric_worker.c line: 1090
CHOLMOD warning: matrix not positive definite. file: ./CHOLMOD/Supernodal/t_cholmod_super_numeric_worker.c line: 1090
CHOLMOD warning: matrix not positive definite. file: ./CHOLMOD/Supernodal/t_cholmod_super_numeric_worker.c line: 1090
CHOLMOD warning: matrix not positive definite. file: ./CHOLMOD/Supernodal/t_cholmod_super_numeric_worker.c line: 1090
final full solution
CHOLMOD warning: matrix not positive definite. file: ./CHOLMOD/Supernodal/t_cholmod_super_numeric_worker.c line: 1090
 *** Statistics of MiSo Solver ***
Number of LOCAL iterations  = 42
Number of CG    iterations  = 42
Number of FULL  iterations  = 42
Number of ROUNDING          = 94
solve_multiple_rounding took 3.4147780000000001 s.
solve took 3.4149049999999996 s.
restore_eliminated_vars took 0.00090700000000000004 s.
solve took 3.4429780000000001 s.
Maximum Distorsion 19.6087 
Maximum Laplacian 45.0892 
ITERATION 0 FLIPS 40 

 INITIALIZED SPARSE MATRIX OF 5690d x 5690d 

 INITIALIZED SPARSE MATRIX OF 848d x 5850d 

 INITIALIZED VECTOR OF 5690d x 1 

 INITIALIZED VECTOR OF 848d x 1 
Initital dimension: 5850 x 5850, number of constraints: 848, number of integer variables: 252, use reordering: yes
make_constraints_independent took 0.0043010000000000001 s.
Constraint integration took 0.012354 s.
Constraint elimination took 0.0078460000000000005 s.
Reindexing took 0.000232 s.
eliminate_constraints took 0.020560999999999999 s.
Eliminated dimension: 5002 x 5002
#nonzeros: 56869
integer variables #: 94
continuous variables #: 4908
initial full solution
CHOLMOD warning: matrix not positive definite. file: ./CHOLMOD/Supernodal/t_cholmod_super_numeric_worker.c line: 1090
CHOLMOD warning: matrix not positive definite. file: ./CHOLMOD/Supernodal/t_cholmod_super_numeric_worker.c line: 1090
CHOLMOD warning: matrix not positive definite. file: ./CHOLMOD/Supernodal/t_cholmod_super_numeric_worker.c line: 1090
CHOLMOD warning: matrix not positive definite. file: ./CHOLMOD/Supernodal/t_cholmod_super_numeric_worker.c line: 1090
CHOLMOD warning: matrix not positive definite. file: ./CHOLMOD/Supernodal/t_cholmod_super_numeric_worker.c line: 1090
CHOLMOD warning: matrix not positive definite. file: ./CHOLMOD/Supernodal/t_cholmod_super_numeric_worker.c line: 1090
CHOLMOD warning: matrix not positive definite. file: ./CHOLMOD/Supernodal/t_cholmod_super_numeric_worker.c line: 1090
CHOLMOD warning: matrix not positive definite. file: ./CHOLMOD/Supernodal/t_cholmod_super_numeric_worker.c line: 1090
CHOLMOD warning: matrix not positive definite. file: ./CHOLMOD/Supernodal/t_cholmod_super_numeric_worker.c line: 1090
CHOLMOD warning: matrix not positive definite. file: ./CHOLMOD/Supernodal/t_cholmod_super_numeric_worker.c line: 1090
CHOLMOD warning: matrix not positive definite. file: ./CHOLMOD/Supernodal/t_cholmod_super_numeric_worker.c line: 1090
CHOLMOD warning: matrix not positive definite. file: ./CHOLMOD/Supernodal/t_cholmod_super_numeric_worker.c line: 1090
CHOLMOD warning: matrix not positive definite. file: ./CHOLMOD/Supernodal/t_cholmod_super_numeric_worker.c line: 1090
CHOLMOD warning: matrix not positive definite. file: ./CHOLMOD/Supernodal/t_cholmod_super_numeric_worker.c line: 1090
CHOLMOD warning: matrix not positive definite. file: ./CHOLMOD/Supernodal/t_cholmod_super_numeric_worker.c line: 1090
CHOLMOD warning: matrix not positive definite. file: ./CHOLMOD/Supernodal/t_cholmod_super_numeric_worker.c line: 1090
CHOLMOD warning: matrix not positive definite. file: ./CHOLMOD/Supernodal/t_cholmod_super_numeric_worker.c line: 1090
CHOLMOD warning: matrix not positive definite. file: ./CHOLMOD/Supernodal/t_cholmod_super_numeric_worker.c line: 1090
CHOLMOD warning: matrix not positive definite. file: ./CHOLMOD/Supernodal/t_cholmod_super_numeric_worker.c line: 1090
CHOLMOD warning: matrix not positive definite. file: ./CHOLMOD/Supernodal/t_cholmod_super_numeric_worker.c line: 1090
CHOLMOD warning: matrix not positive definite. file: ./CHOLMOD/Supernodal/t_cholmod_super_numeric_worker.c line: 1090
CHOLMOD warning: matrix not positive definite. file: ./CHOLMOD/Supernodal/t_cholmod_super_numeric_worker.c line: 1090
CHOLMOD warning: matrix not positive definite. file: ./CHOLMOD/Supernodal/t_cholmod_super_numeric_worker.c line: 1090
CHOLMOD warning: matrix not positive definite. file: ./CHOLMOD/Supernodal/t_cholmod_super_numeric_worker.c line: 1090
CHOLMOD warning: matrix not positive definite. file: ./CHOLMOD/Supernodal/t_cholmod_super_numeric_worker.c line: 1090
CHOLMOD warning: matrix not positive definite. file: ./CHOLMOD/Supernodal/t_cholmod_super_numeric_worker.c line: 1090
CHOLMOD warning: matrix not positive definite. file: ./CHOLMOD/Supernodal/t_cholmod_super_numeric_worker.c line: 1090
CHOLMOD warning: matrix not positive definite. file: ./CHOLMOD/Supernodal/t_cholmod_super_numeric_worker.c line: 1090
CHOLMOD warning: matrix not positive definite. file: ./CHOLMOD/Supernodal/t_cholmod_super_numeric_worker.c line: 1090
CHOLMOD warning: matrix not positive definite. file: ./CHOLMOD/Supernodal/t_cholmod_super_numeric_worker.c line: 1090
CHOLMOD warning: matrix not positive definite. file: ./CHOLMOD/Supernodal/t_cholmod_super_numeric_worker.c line: 1090
CHOLMOD warning: matrix not positive definite. file: ./CHOLMOD/Supernodal/t_cholmod_super_numeric_worker.c line: 1090
CHOLMOD warning: matrix not positive definite. file: ./CHOLMOD/Supernodal/t_cholmod_super_numeric_worker.c line: 1090
CHOLMOD warning: matrix not positive definite. file: ./CHOLMOD/Supernodal/t_cholmod_super_numeric_worker.c line: 1090
CHOLMOD warning: matrix not positive definite. file: ./CHOLMOD/Supernodal/t_cholmod_super_numeric_worker.c line: 1090
CHOLMOD warning: matrix not positive definite. file: ./CHOLMOD/Supernodal/t_cholmod_super_numeric_worker.c line: 1090
CHOLMOD warning: matrix not positive definite. file: ./CHOLMOD/Supernodal/t_cholmod_super_numeric_worker.c line: 1090
CHOLMOD warning: matrix not positive definite. file: ./CHOLMOD/Supernodal/t_cholmod_super_numeric_worker.c line: 1090
CHOLMOD warning: matrix not positive definite. file: ./CHOLMOD/Supernodal/t_cholmod_super_numeric_worker.c line: 1090
final full solution
CHOLMOD warning: matrix not positive definite. file: ./CHOLMOD/Supernodal/t_cholmod_super_numeric_worker.c line: 1090
 *** Statistics of MiSo Solver ***
Number of LOCAL iterations  = 38
Number of CG    iterations  = 38
Number of FULL  iterations  = 40
Number of ROUNDING          = 94
solve_multiple_rounding took 3.12358 s.
solve took 3.1236959999999998 s.
restore_eliminated_vars took 0.00082200000000000003 s.
solve took 3.1501059999999996 s.
Maximum Distorsion 8.5743 
Maximum Laplacian 16.0915 
ITERATION 1 FLIPS 59 

 INITIALIZED SPARSE MATRIX OF 5690d x 5690d 

 INITIALIZED SPARSE MATRIX OF 848d x 5850d 

 INITIALIZED VECTOR OF 5690d x 1 

 INITIALIZED VECTOR OF 848d x 1 
Initital dimension: 5850 x 5850, number of constraints: 848, number of integer variables: 252, use reordering: yes
make_constraints_independent took 0.0045950000000000001 s.
Constraint integration took 0.012567 s.
Constraint elimination took 0.0075139999999999998 s.
Reindexing took 0.000224 s.
eliminate_constraints took 0.020413000000000001 s.
Eliminated dimension: 5002 x 5002
#nonzeros: 56989
integer variables #: 94
continuous variables #: 4908
initial full solution
CHOLMOD warning: matrix not positive definite. file: ./CHOLMOD/Supernodal/t_cholmod_super_numeric_worker.c line: 1090
CHOLMOD warning: matrix not positive definite. file: ./CHOLMOD/Supernodal/t_cholmod_super_numeric_worker.c line: 1090
CHOLMOD warning: matrix not positive definite. file: ./CHOLMOD/Supernodal/t_cholmod_super_numeric_worker.c line: 1090
CHOLMOD warning: matrix not positive definite. file: ./CHOLMOD/Supernodal/t_cholmod_super_numeric_worker.c line: 1090
CHOLMOD warning: matrix not positive definite. file: ./CHOLMOD/Supernodal/t_cholmod_super_numeric_worker.c line: 1090
CHOLMOD warning: matrix not positive definite. file: ./CHOLMOD/Supernodal/t_cholmod_super_numeric_worker.c line: 1090
CHOLMOD warning: matrix not positive definite. file: ./CHOLMOD/Supernodal/t_cholmod_super_numeric_worker.c line: 1090
CHOLMOD warning: matrix not positive definite. file: ./CHOLMOD/Supernodal/t_cholmod_super_numeric_worker.c line: 1090
CHOLMOD warning: matrix not positive definite. file: ./CHOLMOD/Supernodal/t_cholmod_super_numeric_worker.c line: 1090
CHOLMOD warning: matrix not positive definite. file: ./CHOLMOD/Supernodal/t_cholmod_super_numeric_worker.c line: 1090
CHOLMOD warning: matrix not positive definite. file: ./CHOLMOD/Supernodal/t_cholmod_super_numeric_worker.c line: 1090
CHOLMOD warning: matrix not positive definite. file: ./CHOLMOD/Supernodal/t_cholmod_super_numeric_worker.c line: 1090
CHOLMOD warning: matrix not positive definite. file: ./CHOLMOD/Supernodal/t_cholmod_super_numeric_worker.c line: 1090
CHOLMOD warning: matrix not positive definite. file: ./CHOLMOD/Supernodal/t_cholmod_super_numeric_worker.c line: 1090
CHOLMOD warning: matrix not positive definite. file: ./CHOLMOD/Supernodal/t_cholmod_super_numeric_worker.c line: 1090
CHOLMOD warning: matrix not positive definite. file: ./CHOLMOD/Supernodal/t_cholmod_super_numeric_worker.c line: 1090
CHOLMOD warning: matrix not positive definite. file: ./CHOLMOD/Supernodal/t_cholmod_super_numeric_worker.c line: 1090
CHOLMOD warning: matrix not positive definite. file: ./CHOLMOD/Supernodal/t_cholmod_super_numeric_worker.c line: 1090
CHOLMOD warning: matrix not positive definite. file: ./CHOLMOD/Supernodal/t_cholmod_super_numeric_worker.c line: 1090
CHOLMOD warning: matrix not positive definite. file: ./CHOLMOD/Supernodal/t_cholmod_super_numeric_worker.c line: 1090
CHOLMOD warning: matrix not positive definite. file: ./CHOLMOD/Supernodal/t_cholmod_super_numeric_worker.c line: 1090
CHOLMOD warning: matrix not positive definite. file: ./CHOLMOD/Supernodal/t_cholmod_super_numeric_worker.c line: 1090
CHOLMOD warning: matrix not positive definite. file: ./CHOLMOD/Supernodal/t_cholmod_super_numeric_worker.c line: 1090
CHOLMOD warning: matrix not positive definite. file: ./CHOLMOD/Supernodal/t_cholmod_super_numeric_worker.c line: 1090
CHOLMOD warning: matrix not positive definite. file: ./CHOLMOD/Supernodal/t_cholmod_super_numeric_worker.c line: 1090
CHOLMOD warning: matrix not positive definite. file: ./CHOLMOD/Supernodal/t_cholmod_super_numeric_worker.c line: 1090
CHOLMOD warning: matrix not positive definite. file: ./CHOLMOD/Supernodal/t_cholmod_super_numeric_worker.c line: 1090
CHOLMOD warning: matrix not positive definite. file: ./CHOLMOD/Supernodal/t_cholmod_super_numeric_worker.c line: 1090
CHOLMOD warning: matrix not positive definite. file: ./CHOLMOD/Supernodal/t_cholmod_super_numeric_worker.c line: 1090
CHOLMOD warning: matrix not positive definite. file: ./CHOLMOD/Supernodal/t_cholmod_super_numeric_worker.c line: 1090
CHOLMOD warning: matrix not positive definite. file: ./CHOLMOD/Supernodal/t_cholmod_super_numeric_worker.c line: 1090
CHOLMOD warning: matrix not positive definite. file: ./CHOLMOD/Supernodal/t_cholmod_super_numeric_worker.c line: 1090
CHOLMOD warning: matrix not positive definite. file: ./CHOLMOD/Supernodal/t_cholmod_super_numeric_worker.c line: 1090
CHOLMOD warning: matrix not positive definite. file: ./CHOLMOD/Supernodal/t_cholmod_super_numeric_worker.c line: 1090
CHOLMOD warning: matrix not positive definite. file: ./CHOLMOD/Supernodal/t_cholmod_super_numeric_worker.c line: 1090
CHOLMOD warning: matrix not positive definite. file: ./CHOLMOD/Supernodal/t_cholmod_super_numeric_worker.c line: 1090
CHOLMOD warning: matrix not positive definite. file: ./CHOLMOD/Supernodal/t_cholmod_super_numeric_worker.c line: 1090
CHOLMOD warning: matrix not positive definite. file: ./CHOLMOD/Supernodal/t_cholmod_super_numeric_worker.c line: 1090
CHOLMOD warning: matrix not positive definite. file: ./CHOLMOD/Supernodal/t_cholmod_super_numeric_worker.c line: 1090
CHOLMOD warning: matrix not positive definite. file: ./CHOLMOD/Supernodal/t_cholmod_super_numeric_worker.c line: 1090
final full solution
CHOLMOD warning: matrix not positive definite. file: ./CHOLMOD/Supernodal/t_cholmod_super_numeric_worker.c line: 1090
 *** Statistics of MiSo Solver ***
Number of LOCAL iterations  = 39
Number of CG    iterations  = 39
Number of FULL  iterations  = 41
Number of ROUNDING          = 94
solve_multiple_rounding took 3.3352520000000001 s.
solve took 3.335369 s.
restore_eliminated_vars took 0.00081500000000000008 s.
solve took 3.3618919999999997 s.
Maximum Distorsion 17.7202 
Maximum Laplacian 39.9661 
ITERATION 2 FLIPS 55 

 INITIALIZED SPARSE MATRIX OF 5690d x 5690d 

 INITIALIZED SPARSE MATRIX OF 848d x 5850d 

 INITIALIZED VECTOR OF 5690d x 1 

 INITIALIZED VECTOR OF 848d x 1 
Initital dimension: 5850 x 5850, number of constraints: 848, number of integer variables: 252, use reordering: yes
make_constraints_independent took 0.0045500000000000002 s.
Constraint integration took 0.012307 s.
Constraint elimination took 0.0074340000000000005 s.
Reindexing took 0.00026700000000000004 s.
eliminate_constraints took 0.020147000000000002 s.
Eliminated dimension: 5002 x 5002
#nonzeros: 56914
integer variables #: 94
continuous variables #: 4908
initial full solution
CHOLMOD warning: matrix not positive definite. file: ./CHOLMOD/Supernodal/t_cholmod_super_numeric_worker.c line: 1090
CHOLMOD warning: matrix not positive definite. file: ./CHOLMOD/Supernodal/t_cholmod_super_numeric_worker.c line: 1090
CHOLMOD warning: matrix not positive definite. file: ./CHOLMOD/Supernodal/t_cholmod_super_numeric_worker.c line: 1090
CHOLMOD warning: matrix not positive definite. file: ./CHOLMOD/Supernodal/t_cholmod_super_numeric_worker.c line: 1090
CHOLMOD warning: matrix not positive definite. file: ./CHOLMOD/Supernodal/t_cholmod_super_numeric_worker.c line: 1090
CHOLMOD warning: matrix not positive definite. file: ./CHOLMOD/Supernodal/t_cholmod_super_numeric_worker.c line: 1090
CHOLMOD warning: matrix not positive definite. file: ./CHOLMOD/Supernodal/t_cholmod_super_numeric_worker.c line: 1090
CHOLMOD warning: matrix not positive definite. file: ./CHOLMOD/Supernodal/t_cholmod_super_numeric_worker.c line: 1090
CHOLMOD warning: matrix not positive definite. file: ./CHOLMOD/Supernodal/t_cholmod_super_numeric_worker.c line: 1090
CHOLMOD warning: matrix not positive definite. file: ./CHOLMOD/Supernodal/t_cholmod_super_numeric_worker.c line: 1090
CHOLMOD warning: matrix not positive definite. file: ./CHOLMOD/Supernodal/t_cholmod_super_numeric_worker.c line: 1090
CHOLMOD warning: matrix not positive definite. file: ./CHOLMOD/Supernodal/t_cholmod_super_numeric_worker.c line: 1090
CHOLMOD warning: matrix not positive definite. file: ./CHOLMOD/Supernodal/t_cholmod_super_numeric_worker.c line: 1090
CHOLMOD warning: matrix not positive definite. file: ./CHOLMOD/Supernodal/t_cholmod_super_numeric_worker.c line: 1090
CHOLMOD warning: matrix not positive definite. file: ./CHOLMOD/Supernodal/t_cholmod_super_numeric_worker.c line: 1090
CHOLMOD warning: matrix not positive definite. file: ./CHOLMOD/Supernodal/t_cholmod_super_numeric_worker.c line: 1090
CHOLMOD warning: matrix not positive definite. file: ./CHOLMOD/Supernodal/t_cholmod_super_numeric_worker.c line: 1090
CHOLMOD warning: matrix not positive definite. file: ./CHOLMOD/Supernodal/t_cholmod_super_numeric_worker.c line: 1090
CHOLMOD warning: matrix not positive definite. file: ./CHOLMOD/Supernodal/t_cholmod_super_numeric_worker.c line: 1090
CHOLMOD warning: matrix not positive definite. file: ./CHOLMOD/Supernodal/t_cholmod_super_numeric_worker.c line: 1090
CHOLMOD warning: matrix not positive definite. file: ./CHOLMOD/Supernodal/t_cholmod_super_numeric_worker.c line: 1090
CHOLMOD warning: matrix not positive definite. file: ./CHOLMOD/Supernodal/t_cholmod_super_numeric_worker.c line: 1090
CHOLMOD warning: matrix not positive definite. file: ./CHOLMOD/Supernodal/t_cholmod_super_numeric_worker.c line: 1090
CHOLMOD warning: matrix not positive definite. file: ./CHOLMOD/Supernodal/t_cholmod_super_numeric_worker.c line: 1090
CHOLMOD warning: matrix not positive definite. file: ./CHOLMOD/Supernodal/t_cholmod_super_numeric_worker.c line: 1090
CHOLMOD warning: matrix not positive definite. file: ./CHOLMOD/Supernodal/t_cholmod_super_numeric_worker.c line: 1090
CHOLMOD warning: matrix not positive definite. file: ./CHOLMOD/Supernodal/t_cholmod_super_numeric_worker.c line: 1090
CHOLMOD warning: matrix not positive definite. file: ./CHOLMOD/Supernodal/t_cholmod_super_numeric_worker.c line: 1090
CHOLMOD warning: matrix not positive definite. file: ./CHOLMOD/Supernodal/t_cholmod_super_numeric_worker.c line: 1090
CHOLMOD warning: matrix not positive definite. file: ./CHOLMOD/Supernodal/t_cholmod_super_numeric_worker.c line: 1090
CHOLMOD warning: matrix not positive definite. file: ./CHOLMOD/Supernodal/t_cholmod_super_numeric_worker.c line: 1090
CHOLMOD warning: matrix not positive definite. file: ./CHOLMOD/Supernodal/t_cholmod_super_numeric_worker.c line: 1090
CHOLMOD warning: matrix not positive definite. file: ./CHOLMOD/Supernodal/t_cholmod_super_numeric_worker.c line: 1090
CHOLMOD warning: matrix not positive definite. file: ./CHOLMOD/Supernodal/t_cholmod_super_numeric_worker.c line: 1090
CHOLMOD warning: matrix not positive definite. file: ./CHOLMOD/Supernodal/t_cholmod_super_numeric_worker.c line: 1090
CHOLMOD warning: matrix not positive definite. file: ./CHOLMOD/Supernodal/t_cholmod_super_numeric_worker.c line: 1090
CHOLMOD warning: matrix not positive definite. file: ./CHOLMOD/Supernodal/t_cholmod_super_numeric_worker.c line: 1090
CHOLMOD warning: matrix not positive definite. file: ./CHOLMOD/Supernodal/t_cholmod_super_numeric_worker.c line: 1090
CHOLMOD warning: matrix not positive definite. file: ./CHOLMOD/Supernodal/t_cholmod_super_numeric_worker.c line: 1090
CHOLMOD warning: matrix not positive definite. file: ./CHOLMOD/Supernodal/t_cholmod_super_numeric_worker.c line: 1090
CHOLMOD warning: matrix not positive definite. file: ./CHOLMOD/Supernodal/t_cholmod_super_numeric_worker.c line: 1090
CHOLMOD warning: matrix not positive definite. file: ./CHOLMOD/Supernodal/t_cholmod_super_numeric_worker.c line: 1090
CHOLMOD warning: matrix not positive definite. file: ./CHOLMOD/Supernodal/t_cholmod_super_numeric_worker.c line: 1090
CHOLMOD warning: matrix not positive definite. file: ./CHOLMOD/Supernodal/t_cholmod_super_numeric_worker.c line: 1090
CHOLMOD warning: matrix not positive definite. file: ./CHOLMOD/Supernodal/t_cholmod_super_numeric_worker.c line: 1090
final full solution
CHOLMOD warning: matrix not positive definite. file: ./CHOLMOD/Supernodal/t_cholmod_super_numeric_worker.c line: 1090
 *** Statistics of MiSo Solver ***
Number of LOCAL iterations  = 44
Number of CG    iterations  = 44
Number of FULL  iterations  = 46
Number of ROUNDING          = 94
solve_multiple_rounding took 3.7791809999999999 s.
solve took 3.779312 s.
restore_eliminated_vars took 0.00087399999999999999 s.
solve took 3.8064180000000003 s.
Maximum Distorsion 18.0075 
Maximum Laplacian 41.1188 
ITERATION 3 FLIPS 36 

 INITIALIZED SPARSE MATRIX OF 5690d x 5690d 

 INITIALIZED SPARSE MATRIX OF 848d x 5850d 

 INITIALIZED VECTOR OF 5690d x 1 

 INITIALIZED VECTOR OF 848d x 1 
Initital dimension: 5850 x 5850, number of constraints: 848, number of integer variables: 252, use reordering: yes
make_constraints_independent took 0.0053340000000000002 s.
Constraint integration took 0.014790000000000001 s.
Constraint elimination took 0.0092460000000000007 s.
Reindexing took 0.00026900000000000003 s.
eliminate_constraints took 0.024471 s.
Eliminated dimension: 5002 x 5002
#nonzeros: 56952
integer variables #: 94
continuous variables #: 4908
initial full solution
CHOLMOD warning: matrix not positive definite. file: ./CHOLMOD/Supernodal/t_cholmod_super_numeric_worker.c line: 1090
final full solution
CHOLMOD warning: matrix not positive definite. file: ./CHOLMOD/Supernodal/t_cholmod_super_numeric_worker.c line: 1090
 *** Statistics of MiSo Solver ***
Number of LOCAL iterations  = 94
Number of CG    iterations  = 94
Number of FULL  iterations  = 2
Number of ROUNDING          = 94
solve_multiple_rounding took 0.229072 s.
solve took 0.22918799999999998 s.
restore_eliminated_vars took 0.00077099999999999998 s.
solve took 0.26047500000000001 s.
Distortion will be NaN! sig1^2 is negative (-6.04463e+23)
Distortion will be NaN! sig1^2 is negative (-6.04463e+23)
Distortion will be NaN! sig1^2 is negative (-6.04463e+23)
Distortion will be NaN! sig1^2 is negative (-6.04463e+23)
Distortion will be NaN! sig1^2 is negative (-6.04463e+23)
Maximum Distorsion 447611140446088855552.0000 
Maximum Laplacian 36458464599468892160.0000 
ITERATION 4 FLIPS 899 
**** END OPTIMIZING #FLIPS 899  ****
       UV=2845 FUV=4998
Invalid MIQ output: UV=2845x2 FUV=4998x3

 Closed: Fri May 08 18:59:47 2026

[1/4] Loading mesh: /root/SemanPartMesh/compare_8d46740c472f9d36b7a04b65023ffc59_ns3000_20260508_184014/baseline/quad_meshes/8d46740c472f9d36b7a04b65023ffc59_quad_extract_work/8d46740c472f9d36b7a04b65023ffc59_quad_pml_repaired.obj
       V=2500 F=4998
[2/4] Loading cross field: /root/SemanPartMesh/compare_8d46740c472f9d36b7a04b65023ffc59_ns3000_20260508_184014/baseline/quad_meshes/8d46740c472f9d36b7a04b65023ffc59_quad_extract_work/8d46740c472f9d36b7a04b65023ffc59_quad_pml_repaired_cf.txt
       cross field rows=4998
[3/4] Running MIQ parameterization (gradient_size=16, stiffness=5, iters=5)...

 INITIALIZED SPARSE MATRIX OF 5690d x 5690d 

 INITIALIZED SPARSE MATRIX OF 848d x 5850d 

 INITIALIZED VECTOR OF 5690d x 1 

 INITIALIZED VECTOR OF 848d x 1 
Initital dimension: 5850 x 5850, number of constraints: 848, number of integer variables: 252, use reordering: yes
make_constraints_independent took 0.0051970000000000002 s.
Constraint integration took 0.013037 s.
Constraint elimination took 0.0083660000000000002 s.
Reindexing took 0.000243 s.
eliminate_constraints took 0.021779 s.
Eliminated dimension: 5002 x 5002
#nonzeros: 56922
integer variables #: 94
continuous variables #: 4908
CHOLMOD warning: matrix not positive definite. file: ./CHOLMOD/Supernodal/t_cholmod_super_numeric_worker.c line: 1090
CHOLMOD warning: not positive definite. file: ./CHOLMOD/Cholesky/t_cholmod_rowfac_worker.c line: 433
solve took 0.024986000000000001 s.
restore_eliminated_vars took 0.00087000000000000001 s.
solve took 0.053533999999999998 s.
ITERATION 0 FLIPS 0 
**** END OPTIMIZING #FLIPS 0  ****
       UV=2845 FUV=4998
Invalid MIQ output: UV=2845x2 FUV=4998x3

 Closed: Fri May 08 18:59:47 2026

[1/4] Loading mesh: /root/SemanPartMesh/compare_8d46740c472f9d36b7a04b65023ffc59_ns3000_20260508_184014/baseline/quad_meshes/8d46740c472f9d36b7a04b65023ffc59_quad_extract_work/8d46740c472f9d36b7a04b65023ffc59_quad_pml_repaired.obj
       V=2500 F=4998
[2/4] Loading cross field: /root/SemanPartMesh/compare_8d46740c472f9d36b7a04b65023ffc59_ns3000_20260508_184014/baseline/quad_meshes/8d46740c472f9d36b7a04b65023ffc59_quad_extract_work/8d46740c472f9d36b7a04b65023ffc59_quad_pml_repaired_cf.txt
       cross field rows=4998
[3/4] Running MIQ parameterization (gradient_size=16, stiffness=50, iters=5)...

 INITIALIZED SPARSE MATRIX OF 5690d x 5690d 

 INITIALIZED SPARSE MATRIX OF 848d x 5850d 

 INITIALIZED VECTOR OF 5690d x 1 

 INITIALIZED VECTOR OF 848d x 1 
Initital dimension: 5850 x 5850, number of constraints: 848, number of integer variables: 252, use reordering: yes
make_constraints_independent took 0.0048129999999999996 s.
Constraint integration took 0.012393000000000001 s.
Constraint elimination took 0.008208 s.
Reindexing took 0.00022499999999999999 s.
eliminate_constraints took 0.020971 s.
Eliminated dimension: 5002 x 5002
#nonzeros: 56922
integer variables #: 94
continuous variables #: 4908
CHOLMOD warning: matrix not positive definite. file: ./CHOLMOD/Supernodal/t_cholmod_super_numeric_worker.c line: 1090
CHOLMOD warning: not positive definite. file: ./CHOLMOD/Cholesky/t_cholmod_rowfac_worker.c line: 433
solve took 0.023799000000000001 s.
restore_eliminated_vars took 0.00082800000000000007 s.
solve took 0.051169000000000006 s.
ITERATION 0 FLIPS 0 
**** END OPTIMIZING #FLIPS 0  ****
       UV=2845 FUV=4998
Invalid MIQ output: UV=2845x2 FUV=4998x3

 Closed: Fri May 08 18:59:47 2026

[1/4] Loading mesh: /root/SemanPartMesh/compare_8d46740c472f9d36b7a04b65023ffc59_ns3000_20260508_184014/baseline/quad_meshes/8d46740c472f9d36b7a04b65023ffc59_quad_extract_work/8d46740c472f9d36b7a04b65023ffc59_quad_pml_repaired.obj
       V=2500 F=4998
[2/4] Loading cross field: /root/SemanPartMesh/compare_8d46740c472f9d36b7a04b65023ffc59_ns3000_20260508_184014/baseline/quad_meshes/8d46740c472f9d36b7a04b65023ffc59_quad_extract_work/8d46740c472f9d36b7a04b65023ffc59_quad_pml_repaired_cf.txt
       cross field rows=4998
[3/4] Running MIQ parameterization (gradient_size=16, stiffness=200, iters=3)...

 INITIALIZED SPARSE MATRIX OF 5690d x 5690d 

 INITIALIZED SPARSE MATRIX OF 848d x 5850d 

 INITIALIZED VECTOR OF 5690d x 1 

 INITIALIZED VECTOR OF 848d x 1 
Initital dimension: 5850 x 5850, number of constraints: 848, number of integer variables: 252, use reordering: yes
make_constraints_independent took 0.0050440000000000007 s.
Constraint integration took 0.013941 s.
Constraint elimination took 0.0092390000000000007 s.
Reindexing took 0.00028200000000000002 s.
eliminate_constraints took 0.023626000000000001 s.
Eliminated dimension: 5002 x 5002
#nonzeros: 56922
integer variables #: 94
continuous variables #: 4908
CHOLMOD warning: matrix not positive definite. file: ./CHOLMOD/Supernodal/t_cholmod_super_numeric_worker.c line: 1090
CHOLMOD warning: not positive definite. file: ./CHOLMOD/Cholesky/t_cholmod_rowfac_worker.c line: 433
solve took 0.024437999999999998 s.
restore_eliminated_vars took 0.00081300000000000003 s.
solve took 0.054774000000000003 s.
ITERATION 0 FLIPS 0 
**** END OPTIMIZING #FLIPS 0  ****
       UV=2845 FUV=4998
Invalid MIQ output: UV=2845x2 FUV=4998x3

 Closed: Fri May 08 18:59:48 2026

[1/4] Loading mesh: /root/SemanPartMesh/compare_8d46740c472f9d36b7a04b65023ffc59_ns3000_20260508_184014/baseline/quad_meshes/8d46740c472f9d36b7a04b65023ffc59_quad_extract_work/8d46740c472f9d36b7a04b65023ffc59_quad_pml_repaired.obj
       V=2500 F=4998
[2/4] Loading cross field: /root/SemanPartMesh/compare_8d46740c472f9d36b7a04b65023ffc59_ns3000_20260508_184014/baseline/quad_meshes/8d46740c472f9d36b7a04b65023ffc59_quad_extract_work/8d46740c472f9d36b7a04b65023ffc59_quad_pml_repaired_cf.txt
       cross field rows=4998
[3/4] Running MIQ parameterization (gradient_size=24, stiffness=5, iters=5)...

 INITIALIZED SPARSE MATRIX OF 5690d x 5690d 

 INITIALIZED SPARSE MATRIX OF 848d x 5850d 

 INITIALIZED VECTOR OF 5690d x 1 

 INITIALIZED VECTOR OF 848d x 1 
Initital dimension: 5850 x 5850, number of constraints: 848, number of integer variables: 252, use reordering: yes
make_constraints_independent took 0.0049900000000000005 s.
Constraint integration took 0.012548 s.
Constraint elimination took 0.0079579999999999998 s.
Reindexing took 0.00022499999999999999 s.
eliminate_constraints took 0.020877 s.
Eliminated dimension: 5002 x 5002
#nonzeros: 56922
integer variables #: 94
continuous variables #: 4908
initial full solution
CHOLMOD warning: matrix not positive definite. file: ./CHOLMOD/Supernodal/t_cholmod_super_numeric_worker.c line: 1090
CHOLMOD warning: matrix not positive definite. file: ./CHOLMOD/Supernodal/t_cholmod_super_numeric_worker.c line: 1090
CHOLMOD warning: matrix not positive definite. file: ./CHOLMOD/Supernodal/t_cholmod_super_numeric_worker.c line: 1090
CHOLMOD warning: matrix not positive definite. file: ./CHOLMOD/Supernodal/t_cholmod_super_numeric_worker.c line: 1090
CHOLMOD warning: matrix not positive definite. file: ./CHOLMOD/Supernodal/t_cholmod_super_numeric_worker.c line: 1090
CHOLMOD warning: matrix not positive definite. file: ./CHOLMOD/Supernodal/t_cholmod_super_numeric_worker.c line: 1090
CHOLMOD warning: matrix not positive definite. file: ./CHOLMOD/Supernodal/t_cholmod_super_numeric_worker.c line: 1090
CHOLMOD warning: matrix not positive definite. file: ./CHOLMOD/Supernodal/t_cholmod_super_numeric_worker.c line: 1090
CHOLMOD warning: matrix not positive definite. file: ./CHOLMOD/Supernodal/t_cholmod_super_numeric_worker.c line: 1090
CHOLMOD warning: matrix not positive definite. file: ./CHOLMOD/Supernodal/t_cholmod_super_numeric_worker.c line: 1090
CHOLMOD warning: matrix not positive definite. file: ./CHOLMOD/Supernodal/t_cholmod_super_numeric_worker.c line: 1090
CHOLMOD warning: matrix not positive definite. file: ./CHOLMOD/Supernodal/t_cholmod_super_numeric_worker.c line: 1090
CHOLMOD warning: matrix not positive definite. file: ./CHOLMOD/Supernodal/t_cholmod_super_numeric_worker.c line: 1090
CHOLMOD warning: matrix not positive definite. file: ./CHOLMOD/Supernodal/t_cholmod_super_numeric_worker.c line: 1090
CHOLMOD warning: matrix not positive definite. file: ./CHOLMOD/Supernodal/t_cholmod_super_numeric_worker.c line: 1090
CHOLMOD warning: matrix not positive definite. file: ./CHOLMOD/Supernodal/t_cholmod_super_numeric_worker.c line: 1090
CHOLMOD warning: matrix not positive definite. file: ./CHOLMOD/Supernodal/t_cholmod_super_numeric_worker.c line: 1090
CHOLMOD warning: matrix not positive definite. file: ./CHOLMOD/Supernodal/t_cholmod_super_numeric_worker.c line: 1090
CHOLMOD warning: matrix not positive definite. file: ./CHOLMOD/Supernodal/t_cholmod_super_numeric_worker.c line: 1090
CHOLMOD warning: matrix not positive definite. file: ./CHOLMOD/Supernodal/t_cholmod_super_numeric_worker.c line: 1090
CHOLMOD warning: matrix not positive definite. file: ./CHOLMOD/Supernodal/t_cholmod_super_numeric_worker.c line: 1090
CHOLMOD warning: matrix not positive definite. file: ./CHOLMOD/Supernodal/t_cholmod_super_numeric_worker.c line: 1090
CHOLMOD warning: matrix not positive definite. file: ./CHOLMOD/Supernodal/t_cholmod_super_numeric_worker.c line: 1090
CHOLMOD warning: matrix not positive definite. file: ./CHOLMOD/Supernodal/t_cholmod_super_numeric_worker.c line: 1090
CHOLMOD warning: matrix not positive definite. file: ./CHOLMOD/Supernodal/t_cholmod_super_numeric_worker.c line: 1090
CHOLMOD warning: matrix not positive definite. file: ./CHOLMOD/Supernodal/t_cholmod_super_numeric_worker.c line: 1090
CHOLMOD warning: matrix not positive definite. file: ./CHOLMOD/Supernodal/t_cholmod_super_numeric_worker.c line: 1090
CHOLMOD warning: matrix not positive definite. file: ./CHOLMOD/Supernodal/t_cholmod_super_numeric_worker.c line: 1090
CHOLMOD warning: matrix not positive definite. file: ./CHOLMOD/Supernodal/t_cholmod_super_numeric_worker.c line: 1090
CHOLMOD warning: matrix not positive definite. file: ./CHOLMOD/Supernodal/t_cholmod_super_numeric_worker.c line: 1090
CHOLMOD warning: matrix not positive definite. file: ./CHOLMOD/Supernodal/t_cholmod_super_numeric_worker.c line: 1090
CHOLMOD warning: matrix not positive definite. file: ./CHOLMOD/Supernodal/t_cholmod_super_numeric_worker.c line: 1090
CHOLMOD warning: matrix not positive definite. file: ./CHOLMOD/Supernodal/t_cholmod_super_numeric_worker.c line: 1090
CHOLMOD warning: matrix not positive definite. file: ./CHOLMOD/Supernodal/t_cholmod_super_numeric_worker.c line: 1090
CHOLMOD warning: matrix not positive definite. file: ./CHOLMOD/Supernodal/t_cholmod_super_numeric_worker.c line: 1090
CHOLMOD warning: matrix not positive definite. file: ./CHOLMOD/Supernodal/t_cholmod_super_numeric_worker.c line: 1090
CHOLMOD warning: matrix not positive definite. file: ./CHOLMOD/Supernodal/t_cholmod_super_numeric_worker.c line: 1090
CHOLMOD warning: matrix not positive definite. file: ./CHOLMOD/Supernodal/t_cholmod_super_numeric_worker.c line: 1090
CHOLMOD warning: matrix not positive definite. file: ./CHOLMOD/Supernodal/t_cholmod_super_numeric_worker.c line: 1090
final full solution
CHOLMOD warning: matrix not positive definite. file: ./CHOLMOD/Supernodal/t_cholmod_super_numeric_worker.c line: 1090
 *** Statistics of MiSo Solver ***
Number of LOCAL iterations  = 40
Number of CG    iterations  = 40
Number of FULL  iterations  = 40
Number of ROUNDING          = 94
solve_multiple_rounding took 3.2448040000000002 s.
solve took 3.2449250000000003 s.
restore_eliminated_vars took 0.000834 s.
solve took 3.2723760000000004 s.
Maximum Distorsion 5.8087 
Maximum Laplacian 10.4330 
ITERATION 0 FLIPS 32 

 INITIALIZED SPARSE MATRIX OF 5690d x 5690d 

 INITIALIZED SPARSE MATRIX OF 848d x 5850d 

 INITIALIZED VECTOR OF 5690d x 1 

 INITIALIZED VECTOR OF 848d x 1 
Initital dimension: 5850 x 5850, number of constraints: 848, number of integer variables: 252, use reordering: yes
make_constraints_independent took 0.0044009999999999995 s.
Constraint integration took 0.012005 s.
Constraint elimination took 0.0081569999999999993 s.
Reindexing took 0.00023500000000000002 s.
eliminate_constraints took 0.020551000000000003 s.
Eliminated dimension: 5002 x 5002
#nonzeros: 56949
integer variables #: 94
continuous variables #: 4908
initial full solution
CHOLMOD warning: matrix not positive definite. file: ./CHOLMOD/Supernodal/t_cholmod_super_numeric_worker.c line: 1090
final full solution
CHOLMOD warning: matrix not positive definite. file: ./CHOLMOD/Supernodal/t_cholmod_super_numeric_worker.c line: 1090
 *** Statistics of MiSo Solver ***
Number of LOCAL iterations  = 92
Number of CG    iterations  = 92
Number of FULL  iterations  = 2
Number of ROUNDING          = 94
solve_multiple_rounding took 0.22320399999999996 s.
solve took 0.22332999999999992 s.
restore_eliminated_vars took 0.00083100000000000003 s.
solve took 0.24970799999999996 s.
Maximum Distorsion 301429653110639230976.0000 
Maximum Laplacian 78075202995497844736.0000 
ITERATION 1 FLIPS 1281 

 INITIALIZED SPARSE MATRIX OF 5690d x 5690d 

 INITIALIZED SPARSE MATRIX OF 848d x 5850d 

 INITIALIZED VECTOR OF 5690d x 1 

 INITIALIZED VECTOR OF 848d x 1 
Initital dimension: 5850 x 5850, number of constraints: 848, number of integer variables: 252, use reordering: yes
make_constraints_independent took 0.0043369999999999997 s.
Constraint integration took 0.012204000000000001 s.
Constraint elimination took 0.010319 s.
Reindexing took 0.00021799999999999999 s.
eliminate_constraints took 0.022858 s.
Eliminated dimension: 5002 x 5002
#nonzeros: 63274
integer variables #: 94
continuous variables #: 4908
initial full solution
CHOLMOD warning: matrix not positive definite. file: ./CHOLMOD/Supernodal/t_cholmod_super_numeric_worker.c line: 1090
final full solution
CHOLMOD warning: matrix not positive definite. file: ./CHOLMOD/Supernodal/t_cholmod_super_numeric_worker.c line: 1090
 *** Statistics of MiSo Solver ***
Number of LOCAL iterations  = 94
Number of CG    iterations  = 94
Number of FULL  iterations  = 2
Number of ROUNDING          = 94
solve_multiple_rounding took 0.22509399999999999 s.
solve took 0.22522 s.
restore_eliminated_vars took 0.00082700000000000004 s.
solve took 0.25433 s.
ITERATION 2 FLIPS 0 
**** END OPTIMIZING #FLIPS 0  ****
       UV=2845 FUV=4998
Invalid MIQ output: UV=2845x2 FUV=4998x3

 Closed: Fri May 08 18:59:52 2026


  cross field  : /root/SemanPartMesh/compare_8d46740c472f9d36b7a04b65023ffc59_ns3000_20260508_184014/baseline/quad_meshes/8d46740c472f9d36b7a04b65023ffc59_quad_extract_work/8d46740c472f9d36b7a04b65023ffc59_quad_pml_repaired_cf.txt
  output       : /root/SemanPartMesh/compare_8d46740c472f9d36b7a04b65023ffc59_ns3000_20260508_184014/baseline/quad_meshes/8d46740c472f9d36b7a04b65023ffc59_quad_extract_work/8d46740c472f9d36b7a04b65023ffc59_quad_gs16.obj
  gradient_size: 16.0  timeout: 1800s  [stiff=50.0 dr=0 it=5]

  FAILED: Command '['/root/SemanPartMesh/quad_extract/build/extract_quad_mesh', '/root/SemanPartMesh/compare_8d46740c472f9d36b7a04b65023ffc59_ns3000_20260508_184014/baseline/quad_meshes/8d46740c472f9d36b7a04b65023ffc59_quad_extract_work/8d46740c472f9d36b7a04b65023ffc59_quad_pml_repaired.obj', '/root/SemanPartMesh/compare_8d46740c472f9d36b7a04b65023ffc59_ns3000_20260508_184014/baseline/quad_meshes/8d46740c472f9d36b7a04b65023ffc59_quad_extract_work/8d46740c472f9d36b7a04b65023ffc59_quad_pml_repaired_cf.txt', '/root/SemanPartMesh/compare_8d46740c472f9d36b7a04b65023ffc59_ns3000_20260508_184014/baseline/quad_meshes/8d46740c472f9d36b7a04b65023ffc59_quad_extract_work/8d46740c472f9d36b7a04b65023ffc59_quad_gs16.obj', '16.0', '50.0', '0', '5', '5']' returned non-zero exit status 1.
  binary       : /root/SemanPartMesh/quad_extract/build/extract_quad_mesh
  input mesh   : /root/SemanPartMesh/compare_8d46740c472f9d36b7a04b65023ffc59_ns3000_20260508_184014/baseline/quad_meshes/8d46740c472f9d36b7a04b65023ffc59_quad_extract_work/8d46740c472f9d36b7a04b65023ffc59_quad_pml_repaired.obj
  cross field  : /root/SemanPartMesh/compare_8d46740c472f9d36b7a04b65023ffc59_ns3000_20260508_184014/baseline/quad_meshes/8d46740c472f9d36b7a04b65023ffc59_quad_extract_work/8d46740c472f9d36b7a04b65023ffc59_quad_pml_repaired_cf.txt
  output       : /root/SemanPartMesh/compare_8d46740c472f9d36b7a04b65023ffc59_ns3000_20260508_184014/baseline/quad_meshes/8d46740c472f9d36b7a04b65023ffc59_quad_extract_work/8d46740c472f9d36b7a04b65023ffc59_quad_gs16.obj
  gradient_size: 16.0  timeout: 1800s  [stiff=5.0 dr=1 it=5]

  FAILED: Command '['/root/SemanPartMesh/quad_extract/build/extract_quad_mesh', '/root/SemanPartMesh/compare_8d46740c472f9d36b7a04b65023ffc59_ns3000_20260508_184014/baseline/quad_meshes/8d46740c472f9d36b7a04b65023ffc59_quad_extract_work/8d46740c472f9d36b7a04b65023ffc59_quad_pml_repaired.obj', '/root/SemanPartMesh/compare_8d46740c472f9d36b7a04b65023ffc59_ns3000_20260508_184014/baseline/quad_meshes/8d46740c472f9d36b7a04b65023ffc59_quad_extract_work/8d46740c472f9d36b7a04b65023ffc59_quad_pml_repaired_cf.txt', '/root/SemanPartMesh/compare_8d46740c472f9d36b7a04b65023ffc59_ns3000_20260508_184014/baseline/quad_meshes/8d46740c472f9d36b7a04b65023ffc59_quad_extract_work/8d46740c472f9d36b7a04b65023ffc59_quad_gs16.obj', '16.0', '5.0', '1', '5', '5']' returned non-zero exit status 1.
  binary       : /root/SemanPartMesh/quad_extract/build/extract_quad_mesh
  input mesh   : /root/SemanPartMesh/compare_8d46740c472f9d36b7a04b65023ffc59_ns3000_20260508_184014/baseline/quad_meshes/8d46740c472f9d36b7a04b65023ffc59_quad_extract_work/8d46740c472f9d36b7a04b65023ffc59_quad_pml_repaired.obj
  cross field  : /root/SemanPartMesh/compare_8d46740c472f9d36b7a04b65023ffc59_ns3000_20260508_184014/baseline/quad_meshes/8d46740c472f9d36b7a04b65023ffc59_quad_extract_work/8d46740c472f9d36b7a04b65023ffc59_quad_pml_repaired_cf.txt
  output       : /root/SemanPartMesh/compare_8d46740c472f9d36b7a04b65023ffc59_ns3000_20260508_184014/baseline/quad_meshes/8d46740c472f9d36b7a04b65023ffc59_quad_extract_work/8d46740c472f9d36b7a04b65023ffc59_quad_gs16.obj
  gradient_size: 16.0  timeout: 1800s  [stiff=50.0 dr=1 it=5]

  FAILED: Command '['/root/SemanPartMesh/quad_extract/build/extract_quad_mesh', '/root/SemanPartMesh/compare_8d46740c472f9d36b7a04b65023ffc59_ns3000_20260508_184014/baseline/quad_meshes/8d46740c472f9d36b7a04b65023ffc59_quad_extract_work/8d46740c472f9d36b7a04b65023ffc59_quad_pml_repaired.obj', '/root/SemanPartMesh/compare_8d46740c472f9d36b7a04b65023ffc59_ns3000_20260508_184014/baseline/quad_meshes/8d46740c472f9d36b7a04b65023ffc59_quad_extract_work/8d46740c472f9d36b7a04b65023ffc59_quad_pml_repaired_cf.txt', '/root/SemanPartMesh/compare_8d46740c472f9d36b7a04b65023ffc59_ns3000_20260508_184014/baseline/quad_meshes/8d46740c472f9d36b7a04b65023ffc59_quad_extract_work/8d46740c472f9d36b7a04b65023ffc59_quad_gs16.obj', '16.0', '50.0', '1', '5', '5']' returned non-zero exit status 1.
  binary       : /root/SemanPartMesh/quad_extract/build/extract_quad_mesh
  input mesh   : /root/SemanPartMesh/compare_8d46740c472f9d36b7a04b65023ffc59_ns3000_20260508_184014/baseline/quad_meshes/8d46740c472f9d36b7a04b65023ffc59_quad_extract_work/8d46740c472f9d36b7a04b65023ffc59_quad_pml_repaired.obj
  cross field  : /root/SemanPartMesh/compare_8d46740c472f9d36b7a04b65023ffc59_ns3000_20260508_184014/baseline/quad_meshes/8d46740c472f9d36b7a04b65023ffc59_quad_extract_work/8d46740c472f9d36b7a04b65023ffc59_quad_pml_repaired_cf.txt
  output       : /root/SemanPartMesh/compare_8d46740c472f9d36b7a04b65023ffc59_ns3000_20260508_184014/baseline/quad_meshes/8d46740c472f9d36b7a04b65023ffc59_quad_extract_work/8d46740c472f9d36b7a04b65023ffc59_quad_gs16.obj
  gradient_size: 16.0  timeout: 1800s  [stiff=200.0 dr=1 it=3]

  FAILED: Command '['/root/SemanPartMesh/quad_extract/build/extract_quad_mesh', '/root/SemanPartMesh/compare_8d46740c472f9d36b7a04b65023ffc59_ns3000_20260508_184014/baseline/quad_meshes/8d46740c472f9d36b7a04b65023ffc59_quad_extract_work/8d46740c472f9d36b7a04b65023ffc59_quad_pml_repaired.obj', '/root/SemanPartMesh/compare_8d46740c472f9d36b7a04b65023ffc59_ns3000_20260508_184014/baseline/quad_meshes/8d46740c472f9d36b7a04b65023ffc59_quad_extract_work/8d46740c472f9d36b7a04b65023ffc59_quad_pml_repaired_cf.txt', '/root/SemanPartMesh/compare_8d46740c472f9d36b7a04b65023ffc59_ns3000_20260508_184014/baseline/quad_meshes/8d46740c472f9d36b7a04b65023ffc59_quad_extract_work/8d46740c472f9d36b7a04b65023ffc59_quad_gs16.obj', '16.0', '200.0', '1', '3', '5']' returned non-zero exit status 1.
  FAILED: extraction failed for gs=16.0

[Auto Sweep] Trying gradient_size=24.0
  binary       : /root/SemanPartMesh/quad_extract/build/extract_quad_mesh
  input mesh   : /root/SemanPartMesh/compare_8d46740c472f9d36b7a04b65023ffc59_ns3000_20260508_184014/baseline/quad_meshes/8d46740c472f9d36b7a04b65023ffc59_quad_extract_work/8d46740c472f9d36b7a04b65023ffc59_quad_pml_repaired.obj
  cross field  : /root/SemanPartMesh/compare_8d46740c472f9d36b7a04b65023ffc59_ns3000_20260508_184014/baseline/quad_meshes/8d46740c472f9d36b7a04b65023ffc59_quad_extract_work/8d46740c472f9d36b7a04b65023ffc59_quad_pml_repaired_cf.txt
  output       : /root/SemanPartMesh/compare_8d46740c472f9d36b7a04b65023ffc59_ns3000_20260508_184014/baseline/quad_meshes/8d46740c472f9d36b7a04b65023ffc59_quad_extract_work/8d46740c472f9d36b7a04b65023ffc59_quad_gs24.obj
  gradient_size: 24.0  timeout: 1800s

  FAILED: Command '['/root/SemanPartMesh/quad_extract/build/extract_quad_mesh', '/root/SemanPartMesh/compare_8d46740c472f9d36b7a04b65023ffc59_ns3000_20260508_184014/baseline/quad_meshes/8d46740c472f9d36b7a04b65023ffc59_quad_extract_work/8d46740c472f9d36b7a04b65023ffc59_quad_pml_repaired.obj', '/root/SemanPartMesh/compare_8d46740c472f9d36b7a04b65023ffc59_ns3000_20260508_184014/baseline/quad_meshes/8d46740c472f9d36b7a04b65023ffc59_quad_extract_work/8d46740c472f9d36b7a04b65023ffc59_quad_pml_repaired_cf.txt', '/root/SemanPartMesh/compare_8d46740c472f9d36b7a04b65023ffc59_ns3000_20260508_184014/baseline/quad_meshes/8d46740c472f9d36b7a04b65023ffc59_quad_extract_work/8d46740c472f9d36b7a04b65023ffc59_quad_gs24.obj', '24.0', '5.0', '0', '5', '5']' returned non-zero exit status 1.
  binary       : /root/SemanPartMesh/quad_extract/build/extract_quad_mesh
  input mesh   : /root/SemanPartMesh/compare_8d46740c472f9d36b7a04b65023ffc59_ns3000_20260508_184014/baseline/quad_meshes/8d46740c472f9d36b7a04b65023ffc59_quad_extract_work/8d46740c472f9d36b7a04b65023ffc59_quad_pml_repaired.obj
  cross field  : /root/SemanPartMesh/compare_8d46740c472f9d36b7a04b65023ffc59_ns3000_20260508_184014/baseline/quad_meshes/8d46740c472f9d36b7a04b65023ffc59_quad_extract_work/8d46740c472f9d36b7a04b65023ffc59_quad_pml_repaired_cf.txt[1/4] Loading mesh: /root/SemanPartMesh/compare_8d46740c472f9d36b7a04b65023ffc59_ns3000_20260508_184014/baseline/quad_meshes/8d46740c472f9d36b7a04b65023ffc59_quad_extract_work/8d46740c472f9d36b7a04b65023ffc59_quad_pml_repaired.obj
       V=2500 F=4998
[2/4] Loading cross field: /root/SemanPartMesh/compare_8d46740c472f9d36b7a04b65023ffc59_ns3000_20260508_184014/baseline/quad_meshes/8d46740c472f9d36b7a04b65023ffc59_quad_extract_work/8d46740c472f9d36b7a04b65023ffc59_quad_pml_repaired_cf.txt
       cross field rows=4998
[3/4] Running MIQ parameterization (gradient_size=24, stiffness=50, iters=5)...

 INITIALIZED SPARSE MATRIX OF 5690d x 5690d 

 INITIALIZED SPARSE MATRIX OF 848d x 5850d 

 INITIALIZED VECTOR OF 5690d x 1 

 INITIALIZED VECTOR OF 848d x 1 
Initital dimension: 5850 x 5850, number of constraints: 848, number of integer variables: 252, use reordering: yes
make_constraints_independent took 0.0052320000000000005 s.
Constraint integration took 0.013306 s.
Constraint elimination took 0.0093810000000000004 s.
Reindexing took 0.00029700000000000001 s.
eliminate_constraints took 0.023184999999999997 s.
Eliminated dimension: 5002 x 5002
#nonzeros: 56922
integer variables #: 94
continuous variables #: 4908
initial full solution
CHOLMOD warning: matrix not positive definite. file: ./CHOLMOD/Supernodal/t_cholmod_super_numeric_worker.c line: 1090
CHOLMOD warning: matrix not positive definite. file: ./CHOLMOD/Supernodal/t_cholmod_super_numeric_worker.c line: 1090
CHOLMOD warning: matrix not positive definite. file: ./CHOLMOD/Supernodal/t_cholmod_super_numeric_worker.c line: 1090
CHOLMOD warning: matrix not positive definite. file: ./CHOLMOD/Supernodal/t_cholmod_super_numeric_worker.c line: 1090
CHOLMOD warning: matrix not positive definite. file: ./CHOLMOD/Supernodal/t_cholmod_super_numeric_worker.c line: 1090
CHOLMOD warning: matrix not positive definite. file: ./CHOLMOD/Supernodal/t_cholmod_super_numeric_worker.c line: 1090
CHOLMOD warning: matrix not positive definite. file: ./CHOLMOD/Supernodal/t_cholmod_super_numeric_worker.c line: 1090
CHOLMOD warning: matrix not positive definite. file: ./CHOLMOD/Supernodal/t_cholmod_super_numeric_worker.c line: 1090
CHOLMOD warning: matrix not positive definite. file: ./CHOLMOD/Supernodal/t_cholmod_super_numeric_worker.c line: 1090
CHOLMOD warning: matrix not positive definite. file: ./CHOLMOD/Supernodal/t_cholmod_super_numeric_worker.c line: 1090
CHOLMOD warning: matrix not positive definite. file: ./CHOLMOD/Supernodal/t_cholmod_super_numeric_worker.c line: 1090
CHOLMOD warning: matrix not positive definite. file: ./CHOLMOD/Supernodal/t_cholmod_super_numeric_worker.c line: 1090
CHOLMOD warning: matrix not positive definite. file: ./CHOLMOD/Supernodal/t_cholmod_super_numeric_worker.c line: 1090
CHOLMOD warning: matrix not positive definite. file: ./CHOLMOD/Supernodal/t_cholmod_super_numeric_worker.c line: 1090
CHOLMOD warning: matrix not positive definite. file: ./CHOLMOD/Supernodal/t_cholmod_super_numeric_worker.c line: 1090
CHOLMOD warning: matrix not positive definite. file: ./CHOLMOD/Supernodal/t_cholmod_super_numeric_worker.c line: 1090
CHOLMOD warning: matrix not positive definite. file: ./CHOLMOD/Supernodal/t_cholmod_super_numeric_worker.c line: 1090
CHOLMOD warning: matrix not positive definite. file: ./CHOLMOD/Supernodal/t_cholmod_super_numeric_worker.c line: 1090
CHOLMOD warning: matrix not positive definite. file: ./CHOLMOD/Supernodal/t_cholmod_super_numeric_worker.c line: 1090
CHOLMOD warning: matrix not positive definite. file: ./CHOLMOD/Supernodal/t_cholmod_super_numeric_worker.c line: 1090
CHOLMOD warning: matrix not positive definite. file: ./CHOLMOD/Supernodal/t_cholmod_super_numeric_worker.c line: 1090
CHOLMOD warning: matrix not positive definite. file: ./CHOLMOD/Supernodal/t_cholmod_super_numeric_worker.c line: 1090
CHOLMOD warning: matrix not positive definite. file: ./CHOLMOD/Supernodal/t_cholmod_super_numeric_worker.c line: 1090
CHOLMOD warning: matrix not positive definite. file: ./CHOLMOD/Supernodal/t_cholmod_super_numeric_worker.c line: 1090
CHOLMOD warning: matrix not positive definite. file: ./CHOLMOD/Supernodal/t_cholmod_super_numeric_worker.c line: 1090
CHOLMOD warning: matrix not positive definite. file: ./CHOLMOD/Supernodal/t_cholmod_super_numeric_worker.c line: 1090
CHOLMOD warning: matrix not positive definite. file: ./CHOLMOD/Supernodal/t_cholmod_super_numeric_worker.c line: 1090
CHOLMOD warning: matrix not positive definite. file: ./CHOLMOD/Supernodal/t_cholmod_super_numeric_worker.c line: 1090
CHOLMOD warning: matrix not positive definite. file: ./CHOLMOD/Supernodal/t_cholmod_super_numeric_worker.c line: 1090
CHOLMOD warning: matrix not positive definite. file: ./CHOLMOD/Supernodal/t_cholmod_super_numeric_worker.c line: 1090
CHOLMOD warning: matrix not positive definite. file: ./CHOLMOD/Supernodal/t_cholmod_super_numeric_worker.c line: 1090
CHOLMOD warning: matrix not positive definite. file: ./CHOLMOD/Supernodal/t_cholmod_super_numeric_worker.c line: 1090
CHOLMOD warning: matrix not positive definite. file: ./CHOLMOD/Supernodal/t_cholmod_super_numeric_worker.c line: 1090
CHOLMOD warning: matrix not positive definite. file: ./CHOLMOD/Supernodal/t_cholmod_super_numeric_worker.c line: 1090
CHOLMOD warning: matrix not positive definite. file: ./CHOLMOD/Supernodal/t_cholmod_super_numeric_worker.c line: 1090
CHOLMOD warning: matrix not positive definite. file: ./CHOLMOD/Supernodal/t_cholmod_super_numeric_worker.c line: 1090
CHOLMOD warning: matrix not positive definite. file: ./CHOLMOD/Supernodal/t_cholmod_super_numeric_worker.c line: 1090
CHOLMOD warning: matrix not positive definite. file: ./CHOLMOD/Supernodal/t_cholmod_super_numeric_worker.c line: 1090
CHOLMOD warning: matrix not positive definite. file: ./CHOLMOD/Supernodal/t_cholmod_super_numeric_worker.c line: 1090
final full solution
CHOLMOD warning: matrix not positive definite. file: ./CHOLMOD/Supernodal/t_cholmod_super_numeric_worker.c line: 1090
 *** Statistics of MiSo Solver ***
Number of LOCAL iterations  = 40
Number of CG    iterations  = 40
Number of FULL  iterations  = 40
Number of ROUNDING          = 94
solve_multiple_rounding took 3.3002060000000002 s.
solve took 3.3003279999999999 s.
restore_eliminated_vars took 0.00097999999999999997 s.
solve took 3.3328169999999999 s.
Maximum Distorsion 5.8087 
Maximum Laplacian 10.4330 
ITERATION 0 FLIPS 32 

 INITIALIZED SPARSE MATRIX OF 5690d x 5690d 

 INITIALIZED SPARSE MATRIX OF 848d x 5850d 

 INITIALIZED VECTOR OF 5690d x 1 

 INITIALIZED VECTOR OF 848d x 1 
Initital dimension: 5850 x 5850, number of constraints: 848, number of integer variables: 252, use reordering: yes
make_constraints_independent took 0.0043390000000000008 s.
Constraint integration took 0.013061999999999999 s.
Constraint elimination took 0.0080430000000000015 s.
Reindexing took 0.00026600000000000001 s.
eliminate_constraints took 0.021527999999999999 s.
Eliminated dimension: 5002 x 5002
#nonzeros: 56949
integer variables #: 94
continuous variables #: 4908
initial full solution
CHOLMOD warning: matrix not positive definite. file: ./CHOLMOD/Supernodal/t_cholmod_super_numeric_worker.c line: 1090
final full solution
CHOLMOD warning: matrix not positive definite. file: ./CHOLMOD/Supernodal/t_cholmod_super_numeric_worker.c line: 1090
 *** Statistics of MiSo Solver ***
Number of LOCAL iterations  = 92
Number of CG    iterations  = 92
Number of FULL  iterations  = 2
Number of ROUNDING          = 94
solve_multiple_rounding took 0.22437100000000001 s.
solve took 0.224494 s.
restore_eliminated_vars took 0.00080200000000000009 s.
solve took 0.25196800000000003 s.
Maximum Distorsion 301429653110639230976.0000 
Maximum Laplacian 78075202995497844736.0000 
ITERATION 1 FLIPS 1281 

 INITIALIZED SPARSE MATRIX OF 5690d x 5690d 

 INITIALIZED SPARSE MATRIX OF 848d x 5850d 

 INITIALIZED VECTOR OF 5690d x 1 

 INITIALIZED VECTOR OF 848d x 1 
Initital dimension: 5850 x 5850, number of constraints: 848, number of integer variables: 252, use reordering: yes
make_constraints_independent took 0.0043990000000000001 s.
Constraint integration took 0.012064 s.
Constraint elimination took 0.010258000000000001 s.
Reindexing took 0.000223 s.
eliminate_constraints took 0.022644000000000001 s.
Eliminated dimension: 5002 x 5002
#nonzeros: 63274
integer variables #: 94
continuous variables #: 4908
initial full solution
CHOLMOD warning: matrix not positive definite. file: ./CHOLMOD/Supernodal/t_cholmod_super_numeric_worker.c line: 1090
final full solution
CHOLMOD warning: matrix not positive definite. file: ./CHOLMOD/Supernodal/t_cholmod_super_numeric_worker.c line: 1090
 *** Statistics of MiSo Solver ***
Number of LOCAL iterations  = 94
Number of CG    iterations  = 94
Number of FULL  iterations  = 2
Number of ROUNDING          = 94
solve_multiple_rounding took 0.22822499999999998 s.
solve took 0.22834499999999999 s.
restore_eliminated_vars took 0.00083000000000000012 s.
solve took 0.25689400000000001 s.
ITERATION 2 FLIPS 0 
**** END OPTIMIZING #FLIPS 0  ****
       UV=2845 FUV=4998
Invalid MIQ output: UV=2845x2 FUV=4998x3

 Closed: Fri May 08 18:59:56 2026

[1/4] Loading mesh: /root/SemanPartMesh/compare_8d46740c472f9d36b7a04b65023ffc59_ns3000_20260508_184014/baseline/quad_meshes/8d46740c472f9d36b7a04b65023ffc59_quad_extract_work/8d46740c472f9d36b7a04b65023ffc59_quad_pml_repaired.obj
       V=2500 F=4998
[2/4] Loading cross field: /root/SemanPartMesh/compare_8d46740c472f9d36b7a04b65023ffc59_ns3000_20260508_184014/baseline/quad_meshes/8d46740c472f9d36b7a04b65023ffc59_quad_extract_work/8d46740c472f9d36b7a04b65023ffc59_quad_pml_repaired_cf.txt
       cross field rows=4998
[3/4] Running MIQ parameterization (gradient_size=24, stiffness=5, iters=5)...

 INITIALIZED SPARSE MATRIX OF 5690d x 5690d 

 INITIALIZED SPARSE MATRIX OF 848d x 5850d 

 INITIALIZED VECTOR OF 5690d x 1 

 INITIALIZED VECTOR OF 848d x 1 
Initital dimension: 5850 x 5850, number of constraints: 848, number of integer variables: 252, use reordering: yes
make_constraints_independent took 0.0050260000000000001 s.
Constraint integration took 0.01289 s.
Constraint elimination took 0.0081189999999999995 s.
Reindexing took 0.000252 s.
eliminate_constraints took 0.021402999999999998 s.
Eliminated dimension: 5002 x 5002
#nonzeros: 56922
integer variables #: 94
continuous variables #: 4908
CHOLMOD warning: matrix not positive definite. file: ./CHOLMOD/Supernodal/t_cholmod_super_numeric_worker.c line: 1090
CHOLMOD warning: not positive definite. file: ./CHOLMOD/Cholesky/t_cholmod_rowfac_worker.c line: 433
solve took 0.023781 s.
restore_eliminated_vars took 0.00080000000000000004 s.
solve took 0.051679999999999997 s.
ITERATION 0 FLIPS 0 
**** END OPTIMIZING #FLIPS 0  ****
       UV=2845 FUV=4998
Invalid MIQ output: UV=2845x2 FUV=4998x3

 Closed: Fri May 08 18:59:57 2026

[1/4] Loading mesh: /root/SemanPartMesh/compare_8d46740c472f9d36b7a04b65023ffc59_ns3000_20260508_184014/baseline/quad_meshes/8d46740c472f9d36b7a04b65023ffc59_quad_extract_work/8d46740c472f9d36b7a04b65023ffc59_quad_pml_repaired.obj
       V=2500 F=4998
[2/4] Loading cross field: /root/SemanPartMesh/compare_8d46740c472f9d36b7a04b65023ffc59_ns3000_20260508_184014/baseline/quad_meshes/8d46740c472f9d36b7a04b65023ffc59_quad_extract_work/8d46740c472f9d36b7a04b65023ffc59_quad_pml_repaired_cf.txt
       cross field rows=4998
[3/4] Running MIQ parameterization (gradient_size=24, stiffness=50, iters=5)...

 INITIALIZED SPARSE MATRIX OF 5690d x 5690d 

 INITIALIZED SPARSE MATRIX OF 848d x 5850d 

 INITIALIZED VECTOR OF 5690d x 1 

 INITIALIZED VECTOR OF 848d x 1 
Initital dimension: 5850 x 5850, number of constraints: 848, number of integer variables: 252, use reordering: yes
make_constraints_independent took 0.0051240000000000001 s.
Constraint integration took 0.013964000000000001 s.
Constraint elimination took 0.0083160000000000005 s.
Reindexing took 0.00030199999999999997 s.
eliminate_constraints took 0.022772999999999998 s.
Eliminated dimension: 5002 x 5002
#nonzeros: 56922
integer variables #: 94
continuous variables #: 4908
CHOLMOD warning: matrix not positive definite. file: ./CHOLMOD/Supernodal/t_cholmod_super_numeric_worker.c line: 1090
CHOLMOD warning: not positive definite. file: ./CHOLMOD/Cholesky/t_cholmod_rowfac_worker.c line: 433
solve took 0.026370000000000001 s.
restore_eliminated_vars took 0.00085899999999999995 s.
solve took 0.056194000000000001 s.
ITERATION 0 FLIPS 0 
**** END OPTIMIZING #FLIPS 0  ****
       UV=2845 FUV=4998
Invalid MIQ output: UV=2845x2 FUV=4998x3

 Closed: Fri May 08 18:59:57 2026

[1/4] Loading mesh: /root/SemanPartMesh/compare_8d46740c472f9d36b7a04b65023ffc59_ns3000_20260508_184014/baseline/quad_meshes/8d46740c472f9d36b7a04b65023ffc59_quad_extract_work/8d46740c472f9d36b7a04b65023ffc59_quad_pml_repaired.obj
       V=2500 F=4998
[2/4] Loading cross field: /root/SemanPartMesh/compare_8d46740c472f9d36b7a04b65023ffc59_ns3000_20260508_184014/baseline/quad_meshes/8d46740c472f9d36b7a04b65023ffc59_quad_extract_work/8d46740c472f9d36b7a04b65023ffc59_quad_pml_repaired_cf.txt
       cross field rows=4998
[3/4] Running MIQ parameterization (gradient_size=24, stiffness=200, iters=3)...

 INITIALIZED SPARSE MATRIX OF 5690d x 5690d 

 INITIALIZED SPARSE MATRIX OF 848d x 5850d 

 INITIALIZED VECTOR OF 5690d x 1 

 INITIALIZED VECTOR OF 848d x 1 
Initital dimension: 5850 x 5850, number of constraints: 848, number of integer variables: 252, use reordering: yes
make_constraints_independent took 0.0050869999999999995 s.
Constraint integration took 0.012942 s.
Constraint elimination took 0.0082559999999999995 s.
Reindexing took 0.00022000000000000001 s.
eliminate_constraints took 0.021551999999999998 s.
Eliminated dimension: 5002 x 5002
#nonzeros: 56922
integer variables #: 94
continuous variables #: 4908
CHOLMOD warning: matrix not positive definite. file: ./CHOLMOD/Supernodal/t_cholmod_super_numeric_worker.c line: 1090
CHOLMOD warning: not positive definite. file: ./CHOLMOD/Cholesky/t_cholmod_rowfac_worker.c line: 433
solve took 0.026032 s.
restore_eliminated_vars took 0.00089800000000000004 s.
solve took 0.054204000000000002 s.
ITERATION 0 FLIPS 0 
**** END OPTIMIZING #FLIPS 0  ****
       UV=2845 FUV=4998
Invalid MIQ output: UV=2845x2 FUV=4998x3

 Closed: Fri May 08 18:59:57 2026

[1/4] Loading mesh: /root/SemanPartMesh/compare_8d46740c472f9d36b7a04b65023ffc59_ns3000_20260508_184014/baseline/quad_meshes/8d46740c472f9d36b7a04b65023ffc59_quad_extract_work/8d46740c472f9d36b7a04b65023ffc59_quad_pml_repaired.obj
       V=2500 F=4998
[2/4] Loading cross field: /root/SemanPartMesh/compare_8d46740c472f9d36b7a04b65023ffc59_ns3000_20260508_184014/baseline/quad_meshes/8d46740c472f9d36b7a04b65023ffc59_quad_extract_work/8d46740c472f9d36b7a04b65023ffc59_quad_pml_repaired_cf.txt
       cross field rows=4998
[3/4] Running MIQ parameterization (gradient_size=30, stiffness=5, iters=5)...

 INITIALIZED SPARSE MATRIX OF 5690d x 5690d 

 INITIALIZED SPARSE MATRIX OF 848d x 5850d 

 INITIALIZED VECTOR OF 5690d x 1 

 INITIALIZED VECTOR OF 848d x 1 
Initital dimension: 5850 x 5850, number of constraints: 848, number of integer variables: 252, use reordering: yes
make_constraints_independent took 0.0048240000000000002 s.
Constraint integration took 0.012319 s.
Constraint elimination took 0.0077840000000000001 s.
Reindexing took 0.000223 s.
eliminate_constraints took 0.020443000000000003 s.
Eliminated dimension: 5002 x 5002
#nonzeros: 56922
integer variables #: 94
continuous variables #: 4908
initial full solution
CHOLMOD warning: matrix not positive definite. file: ./CHOLMOD/Supernodal/t_cholmod_super_numeric_worker.c line: 1090
CHOLMOD warning: matrix not positive definite. file: ./CHOLMOD/Supernodal/t_cholmod_super_numeric_worker.c line: 1090
CHOLMOD warning: matrix not positive definite. file: ./CHOLMOD/Supernodal/t_cholmod_super_numeric_worker.c line: 1090
CHOLMOD warning: matrix not positive definite. file: ./CHOLMOD/Supernodal/t_cholmod_super_numeric_worker.c line: 1090
CHOLMOD warning: matrix not positive definite. file: ./CHOLMOD/Supernodal/t_cholmod_super_numeric_worker.c line: 1090
CHOLMOD warning: matrix not positive definite. file: ./CHOLMOD/Supernodal/t_cholmod_super_numeric_worker.c line: 1090
CHOLMOD warning: matrix not positive definite. file: ./CHOLMOD/Supernodal/t_cholmod_super_numeric_worker.c line: 1090
CHOLMOD warning: matrix not positive definite. file: ./CHOLMOD/Supernodal/t_cholmod_super_numeric_worker.c line: 1090
CHOLMOD warning: matrix not positive definite. file: ./CHOLMOD/Supernodal/t_cholmod_super_numeric_worker.c line: 1090
CHOLMOD warning: matrix not positive definite. file: ./CHOLMOD/Supernodal/t_cholmod_super_numeric_worker.c line: 1090
CHOLMOD warning: matrix not positive definite. file: ./CHOLMOD/Supernodal/t_cholmod_super_numeric_worker.c line: 1090
CHOLMOD warning: matrix not positive definite. file: ./CHOLMOD/Supernodal/t_cholmod_super_numeric_worker.c line: 1090
CHOLMOD warning: matrix not positive definite. file: ./CHOLMOD/Supernodal/t_cholmod_super_numeric_worker.c line: 1090
CHOLMOD warning: matrix not positive definite. file: ./CHOLMOD/Supernodal/t_cholmod_super_numeric_worker.c line: 1090
CHOLMOD warning: matrix not positive definite. file: ./CHOLMOD/Supernodal/t_cholmod_super_numeric_worker.c line: 1090
CHOLMOD warning: matrix not positive definite. file: ./CHOLMOD/Supernodal/t_cholmod_super_numeric_worker.c line: 1090
CHOLMOD warning: matrix not positive definite. file: ./CHOLMOD/Supernodal/t_cholmod_super_numeric_worker.c line: 1090
CHOLMOD warning: matrix not positive definite. file: ./CHOLMOD/Supernodal/t_cholmod_super_numeric_worker.c line: 1090
CHOLMOD warning: matrix not positive definite. file: ./CHOLMOD/Supernodal/t_cholmod_super_numeric_worker.c line: 1090
CHOLMOD warning: matrix not positive definite. file: ./CHOLMOD/Supernodal/t_cholmod_super_numeric_worker.c line: 1090
CHOLMOD warning: matrix not positive definite. file: ./CHOLMOD/Supernodal/t_cholmod_super_numeric_worker.c line: 1090
CHOLMOD warning: matrix not positive definite. file: ./CHOLMOD/Supernodal/t_cholmod_super_numeric_worker.c line: 1090
CHOLMOD warning: matrix not positive definite. file: ./CHOLMOD/Supernodal/t_cholmod_super_numeric_worker.c line: 1090
CHOLMOD warning: matrix not positive definite. file: ./CHOLMOD/Supernodal/t_cholmod_super_numeric_worker.c line: 1090
CHOLMOD warning: matrix not positive definite. file: ./CHOLMOD/Supernodal/t_cholmod_super_numeric_worker.c line: 1090
CHOLMOD warning: matrix not positive definite. file: ./CHOLMOD/Supernodal/t_cholmod_super_numeric_worker.c line: 1090
CHOLMOD warning: matrix not positive definite. file: ./CHOLMOD/Supernodal/t_cholmod_super_numeric_worker.c line: 1090
CHOLMOD warning: matrix not positive definite. file: ./CHOLMOD/Supernodal/t_cholmod_super_numeric_worker.c line: 1090
CHOLMOD warning: matrix not positive definite. file: ./CHOLMOD/Supernodal/t_cholmod_super_numeric_worker.c line: 1090
CHOLMOD warning: matrix not positive definite. file: ./CHOLMOD/Supernodal/t_cholmod_super_numeric_worker.c line: 1090
CHOLMOD warning: matrix not positive definite. file: ./CHOLMOD/Supernodal/t_cholmod_super_numeric_worker.c line: 1090
CHOLMOD warning: matrix not positive definite. file: ./CHOLMOD/Supernodal/t_cholmod_super_numeric_worker.c line: 1090
CHOLMOD warning: matrix not positive definite. file: ./CHOLMOD/Supernodal/t_cholmod_super_numeric_worker.c line: 1090
CHOLMOD warning: matrix not positive definite. file: ./CHOLMOD/Supernodal/t_cholmod_super_numeric_worker.c line: 1090
CHOLMOD warning: matrix not positive definite. file: ./CHOLMOD/Supernodal/t_cholmod_super_numeric_worker.c line: 1090
CHOLMOD warning: matrix not positive definite. file: ./CHOLMOD/Supernodal/t_cholmod_super_numeric_worker.c line: 1090
CHOLMOD warning: matrix not positive definite. file: ./CHOLMOD/Supernodal/t_cholmod_super_numeric_worker.c line: 1090
CHOLMOD warning: matrix not positive definite. file: ./CHOLMOD/Supernodal/t_cholmod_super_numeric_worker.c line: 1090
CHOLMOD warning: matrix not positive definite. file: ./CHOLMOD/Supernodal/t_cholmod_super_numeric_worker.c line: 1090
CHOLMOD warning: matrix not positive definite. file: ./CHOLMOD/Supernodal/t_cholmod_super_numeric_worker.c line: 1090
CHOLMOD warning: matrix not positive definite. file: ./CHOLMOD/Supernodal/t_cholmod_super_numeric_worker.c line: 1090
CHOLMOD warning: matrix not positive definite. file: ./CHOLMOD/Supernodal/t_cholmod_super_numeric_worker.c line: 1090
CHOLMOD warning: matrix not positive definite. file: ./CHOLMOD/Supernodal/t_cholmod_super_numeric_worker.c line: 1090
final full solution
CHOLMOD warning: matrix not positive definite. file: ./CHOLMOD/Supernodal/t_cholmod_super_numeric_worker.c line: 1090
 *** Statistics of MiSo Solver ***
Number of LOCAL iterations  = 43
Number of CG    iterations  = 43
Number of FULL  iterations  = 44
Number of ROUNDING          = 94
solve_multiple_rounding took 3.561299 s.
solve took 3.5614059999999998 s.
restore_eliminated_vars took 0.00083900000000000001 s.
solve took 3.5881909999999997 s.
Maximum Distorsion 8.9300 
Maximum Laplacian 17.3509 
ITERATION 0 FLIPS 34 

 INITIALIZED SPARSE MATRIX OF 5690d x 5690d 

 INITIALIZED SPARSE MATRIX OF 848d x 5850d 

 INITIALIZED VECTOR OF 5690d x 1 

 INITIALIZED VECTOR OF 848d x 1 
Initital dimension: 5850 x 5850, number of constraints: 848, number of integer variables: 252, use reordering: yes
make_constraints_independent took 0.0049839999999999997 s.
Constraint integration took 0.013554 s.
Constraint elimination took 0.0069699999999999996 s.
Reindexing took 0.00022499999999999999 s.
eliminate_constraints took 0.020868000000000001 s.
Eliminated dimension: 5002 x 5002
#nonzeros: 57021
integer variables #: 94
continuous variables #: 4908
initial full solution
CHOLMOD warning: matrix not positive definite. file: ./CHOLMOD/Supernodal/t_cholmod_super_numeric_worker.c line: 1090
CHOLMOD warning: matrix not positive definite. file: ./CHOLMOD/Supernodal/t_cholmod_super_numeric_worker.c line: 1090
CHOLMOD warning: matrix not positive definite. file: ./CHOLMOD/Supernodal/t_cholmod_super_numeric_worker.c line: 1090
CHOLMOD warning: matrix not positive definite. file: ./CHOLMOD/Supernodal/t_cholmod_super_numeric_worker.c line: 1090
CHOLMOD warning: matrix not positive definite. file: ./CHOLMOD/Supernodal/t_cholmod_super_numeric_worker.c line: 1090
CHOLMOD warning: matrix not positive definite. file: ./CHOLMOD/Supernodal/t_cholmod_super_numeric_worker.c line: 1090
CHOLMOD warning: matrix not positive definite. file: ./CHOLMOD/Supernodal/t_cholmod_super_numeric_worker.c line: 1090
CHOLMOD warning: matrix not positive definite. file: ./CHOLMOD/Supernodal/t_cholmod_super_numeric_worker.c line: 1090
CHOLMOD warning: matrix not positive definite. file: ./CHOLMOD/Supernodal/t_cholmod_super_numeric_worker.c line: 1090
CHOLMOD warning: matrix not positive definite. file: ./CHOLMOD/Supernodal/t_cholmod_super_numeric_worker.c line: 1090
CHOLMOD warning: matrix not positive definite. file: ./CHOLMOD/Supernodal/t_cholmod_super_numeric_worker.c line: 1090
CHOLMOD warning: matrix not positive definite. file: ./CHOLMOD/Supernodal/t_cholmod_super_numeric_worker.c line: 1090
CHOLMOD warning: matrix not positive definite. file: ./CHOLMOD/Supernodal/t_cholmod_super_numeric_worker.c line: 1090
CHOLMOD warning: matrix not positive definite. file: ./CHOLMOD/Supernodal/t_cholmod_super_numeric_worker.c line: 1090
CHOLMOD warning: matrix not positive definite. file: ./CHOLMOD/Supernodal/t_cholmod_super_numeric_worker.c line: 1090
CHOLMOD warning: matrix not positive definite. file: ./CHOLMOD/Supernodal/t_cholmod_super_numeric_worker.c line: 1090
CHOLMOD warning: matrix not positive definite. file: ./CHOLMOD/Supernodal/t_cholmod_super_numeric_worker.c line: 1090
CHOLMOD warning: matrix not positive definite. file: ./CHOLMOD/Supernodal/t_cholmod_super_numeric_worker.c line: 1090
CHOLMOD warning: matrix not positive definite. file: ./CHOLMOD/Supernodal/t_cholmod_super_numeric_worker.c line: 1090
CHOLMOD warning: matrix not positive definite. file: ./CHOLMOD/Supernodal/t_cholmod_super_numeric_worker.c line: 1090
CHOLMOD warning: matrix not positive definite. file: ./CHOLMOD/Supernodal/t_cholmod_super_numeric_worker.c line: 1090
CHOLMOD warning: matrix not positive definite. file: ./CHOLMOD/Supernodal/t_cholmod_super_numeric_worker.c line: 1090
CHOLMOD warning: matrix not positive definite. file: ./CHOLMOD/Supernodal/t_cholmod_super_numeric_worker.c line: 1090
CHOLMOD warning: matrix not positive definite. file: ./CHOLMOD/Supernodal/t_cholmod_super_numeric_worker.c line: 1090
CHOLMOD warning: matrix not positive definite. file: ./CHOLMOD/Supernodal/t_cholmod_super_numeric_worker.c line: 1090
CHOLMOD warning: matrix not positive definite. file: ./CHOLMOD/Supernodal/t_cholmod_super_numeric_worker.c line: 1090
CHOLMOD warning: matrix not positive definite. file: ./CHOLMOD/Supernodal/t_cholmod_super_numeric_worker.c line: 1090
CHOLMOD warning: matrix not positive definite. file: ./CHOLMOD/Supernodal/t_cholmod_super_numeric_worker.c line: 1090
CHOLMOD warning: matrix not positive definite. file: ./CHOLMOD/Supernodal/t_cholmod_super_numeric_worker.c line: 1090
CHOLMOD warning: matrix not positive definite. file: ./CHOLMOD/Supernodal/t_cholmod_super_numeric_worker.c line: 1090
CHOLMOD warning: matrix not positive definite. file: ./CHOLMOD/Supernodal/t_cholmod_super_numeric_worker.c line: 1090
CHOLMOD warning: matrix not positive definite. file: ./CHOLMOD/Supernodal/t_cholmod_super_numeric_worker.c line: 1090
CHOLMOD warning: matrix not positive definite. file: ./CHOLMOD/Supernodal/t_cholmod_super_numeric_worker.c line: 1090
CHOLMOD warning: matrix not positive definite. file: ./CHOLMOD/Supernodal/t_cholmod_super_numeric_worker.c line: 1090
CHOLMOD warning: matrix not positive definite. file: ./CHOLMOD/Supernodal/t_cholmod_super_numeric_worker.c line: 1090
CHOLMOD warning: matrix not positive definite. file: ./CHOLMOD/Supernodal/t_cholmod_super_numeric_worker.c line: 1090
CHOLMOD warning: matrix not positive definite. file: ./CHOLMOD/Supernodal/t_cholmod_super_numeric_worker.c line: 1090
CHOLMOD warning: matrix not positive definite. file: ./CHOLMOD/Supernodal/t_cholmod_super_numeric_worker.c line: 1090
CHOLMOD warning: matrix not positive definite. file: ./CHOLMOD/Supernodal/t_cholmod_super_numeric_worker.c line: 1090
CHOLMOD warning: matrix not positive definite. file: ./CHOLMOD/Supernodal/t_cholmod_super_numeric_worker.c line: 1090
CHOLMOD warning: matrix not positive definite. file: ./CHOLMOD/Supernodal/t_cholmod_super_numeric_worker.c line: 1090
CHOLMOD warning: matrix not positive definite. file: ./CHOLMOD/Supernodal/t_cholmod_super_numeric_worker.c line: 1090
final full solution
CHOLMOD warning: matrix not positive definite. file: ./CHOLMOD/Supernodal/t_cholmod_super_numeric_worker.c line: 1090
 *** Statistics of MiSo Solver ***
Number of LOCAL iterations  = 41
Number of CG    iterations  = 41
Number of FULL  iterations  = 43
Number of ROUNDING          = 94
solve_multiple_rounding took 3.373837 s.
solve took 3.3739369999999997 s.
restore_eliminated_vars took 0.00088100000000000006 s.
solve took 3.4029150000000001 s.
Maximum Distorsion 8.9650 
Maximum Laplacian 20.1783 
ITERATION 1 FLIPS 21 

 INITIALIZED SPARSE MATRIX OF 5690d x 5690d 

 INITIALIZED SPARSE MATRIX OF 848d x 5850d 

 INITIALIZED VECTOR OF 5690d x 1 

 INITIALIZED VECTOR OF 848d x 1 
Initital dimension: 5850 x 5850, number of constraints: 848, number of integer variables: 252, use reordering: yes
make_constraints_independent took 0.0044880000000000007 s.
Constraint integration took 0.011791000000000001 s.
Constraint elimination took 0.0077229999999999998 s.
Reindexing took 0.000224 s.
eliminate_constraints took 0.019862000000000001 s.
Eliminated dimension: 5002 x 5002
#nonzeros: 56929
integer variables #: 94
continuous variables #: 4908
initial full solution
CHOLMOD warning: matrix not positive definite. file: ./CHOLMOD/Supernodal/t_cholmod_super_numeric_worker.c line: 1090
CHOLMOD warning: matrix not positive definite. file: ./CHOLMOD/Supernodal/t_cholmod_super_numeric_worker.c line: 1090
CHOLMOD warning: matrix not positive definite. file: ./CHOLMOD/Supernodal/t_cholmod_super_numeric_worker.c line: 1090
CHOLMOD warning: matrix not positive definite. file: ./CHOLMOD/Supernodal/t_cholmod_super_numeric_worker.c line: 1090
CHOLMOD warning: matrix not positive definite. file: ./CHOLMOD/Supernodal/t_cholmod_super_numeric_worker.c line: 1090
CHOLMOD warning: matrix not positive definite. file: ./CHOLMOD/Supernodal/t_cholmod_super_numeric_worker.c line: 1090
CHOLMOD warning: matrix not positive definite. file: ./CHOLMOD/Supernodal/t_cholmod_super_numeric_worker.c line: 1090
CHOLMOD warning: matrix not positive definite. file: ./CHOLMOD/Supernodal/t_cholmod_super_numeric_worker.c line: 1090
CHOLMOD warning: matrix not positive definite. file: ./CHOLMOD/Supernodal/t_cholmod_super_numeric_worker.c line: 1090
CHOLMOD warning: matrix not positive definite. file: ./CHOLMOD/Supernodal/t_cholmod_super_numeric_worker.c line: 1090
CHOLMOD warning: matrix not positive definite. file: ./CHOLMOD/Supernodal/t_cholmod_super_numeric_worker.c line: 1090
CHOLMOD warning: matrix not positive definite. file: ./CHOLMOD/Supernodal/t_cholmod_super_numeric_worker.c line: 1090
CHOLMOD warning: matrix not positive definite. file: ./CHOLMOD/Supernodal/t_cholmod_super_numeric_worker.c line: 1090
CHOLMOD warning: matrix not positive definite. file: ./CHOLMOD/Supernodal/t_cholmod_super_numeric_worker.c line: 1090
CHOLMOD warning: matrix not positive definite. file: ./CHOLMOD/Supernodal/t_cholmod_super_numeric_worker.c line: 1090
CHOLMOD warning: matrix not positive definite. file: ./CHOLMOD/Supernodal/t_cholmod_super_numeric_worker.c line: 1090
CHOLMOD warning: matrix not positive definite. file: ./CHOLMOD/Supernodal/t_cholmod_super_numeric_worker.c line: 1090
CHOLMOD warning: matrix not positive definite. file: ./CHOLMOD/Supernodal/t_cholmod_super_numeric_worker.c line: 1090
CHOLMOD warning: matrix not positive definite. file: ./CHOLMOD/Supernodal/t_cholmod_super_numeric_worker.c line: 1090
CHOLMOD warning: matrix not positive definite. file: ./CHOLMOD/Supernodal/t_cholmod_super_numeric_worker.c line: 1090
CHOLMOD warning: matrix not positive definite. file: ./CHOLMOD/Supernodal/t_cholmod_super_numeric_worker.c line: 1090
CHOLMOD warning: matrix not positive definite. file: ./CHOLMOD/Supernodal/t_cholmod_super_numeric_worker.c line: 1090
CHOLMOD warning: matrix not positive definite. file: ./CHOLMOD/Supernodal/t_cholmod_super_numeric_worker.c line: 1090
CHOLMOD warning: matrix not positive definite. file: ./CHOLMOD/Supernodal/t_cholmod_super_numeric_worker.c line: 1090
CHOLMOD warning: matrix not positive definite. file: ./CHOLMOD/Supernodal/t_cholmod_super_numeric_worker.c line: 1090
CHOLMOD warning: matrix not positive definite. file: ./CHOLMOD/Supernodal/t_cholmod_super_numeric_worker.c line: 1090
CHOLMOD warning: matrix not positive definite. file: ./CHOLMOD/Supernodal/t_cholmod_super_numeric_worker.c line: 1090
CHOLMOD warning: matrix not positive definite. file: ./CHOLMOD/Supernodal/t_cholmod_super_numeric_worker.c line: 1090
CHOLMOD warning: matrix not positive definite. file: ./CHOLMOD/Supernodal/t_cholmod_super_numeric_worker.c line: 1090
CHOLMOD warning: matrix not positive definite. file: ./CHOLMOD/Supernodal/t_cholmod_super_numeric_worker.c line: 1090
CHOLMOD warning: matrix not positive definite. file: ./CHOLMOD/Supernodal/t_cholmod_super_numeric_worker.c line: 1090
CHOLMOD warning: matrix not positive definite. file: ./CHOLMOD/Supernodal/t_cholmod_super_numeric_worker.c line: 1090
CHOLMOD warning: matrix not positive definite. file: ./CHOLMOD/Supernodal/t_cholmod_super_numeric_worker.c line: 1090
CHOLMOD warning: matrix not positive definite. file: ./CHOLMOD/Supernodal/t_cholmod_super_numeric_worker.c line: 1090
CHOLMOD warning: matrix not positive definite. file: ./CHOLMOD/Supernodal/t_cholmod_super_numeric_worker.c line: 1090
CHOLMOD warning: matrix not positive definite. file: ./CHOLMOD/Supernodal/t_cholmod_super_numeric_worker.c line: 1090
CHOLMOD warning: matrix not positive definite. file: ./CHOLMOD/Supernodal/t_cholmod_super_numeric_worker.c line: 1090
CHOLMOD warning: matrix not positive definite. file: ./CHOLMOD/Supernodal/t_cholmod_super_numeric_worker.c line: 1090
CHOLMOD warning: matrix not positive definite. file: ./CHOLMOD/Supernodal/t_cholmod_super_numeric_worker.c line: 1090
CHOLMOD warning: matrix not positive definite. file: ./CHOLMOD/Supernodal/t_cholmod_super_numeric_worker.c line: 1090
CHOLMOD warning: matrix not positive definite. file: ./CHOLMOD/Supernodal/t_cholmod_super_numeric_worker.c line: 1090
CHOLMOD warning: matrix not positive definite. file: ./CHOLMOD/Supernodal/t_cholmod_super_numeric_worker.c line: 1090
final full solution
CHOLMOD warning: matrix not positive definite. file: ./CHOLMOD/Supernodal/t_cholmod_super_numeric_worker.c line: 1090
 *** Statistics of MiSo Solver ***
Number of LOCAL iterations  = 42
Number of CG    iterations  = 42
Number of FULL  iterations  = 43
Number of ROUNDING          = 94
solve_multiple_rounding took 3.4432579999999997 s.
solve took 3.4433719999999997 s.
restore_eliminated_vars took 0.00082200000000000003 s.
solve took 3.469373 s.
Maximum Distorsion 9.0604 
Maximum Laplacian 20.5661 
ITERATION 2 FLIPS 20 

 INITIALIZED SPARSE MATRIX OF 5690d x 5690d 

 INITIALIZED SPARSE MATRIX OF 848d x 5850d 

 INITIALIZED VECTOR OF 5690d x 1 

 INITIALIZED VECTOR OF 848d x 1 
Initital dimension: 5850 x 5850, number of constraints: 848, number of integer variables: 252, use reordering: yes
make_constraints_independent took 0.0049519999999999998 s.
Constraint integration took 0.012789 s.
Constraint elimination took 0.0073049999999999999 s.
Reindexing took 0.00025300000000000002 s.
eliminate_constraints took 0.020461000000000003 s.
Eliminated dimension: 5002 x 5002
#nonzeros: 56948
integer variables #: 94
continuous variables #: 4908
initial full solution
CHOLMOD warning: matrix not positive definite. file: ./CHOLMOD/Supernodal/t_cholmod_super_numeric_worker.c line: 1090
final full solution
CHOLMOD warning: matrix not positive definite. file: ./CHOLMOD/Supernodal/t_cholmod_super_numeric_worker.c line: 1090
 *** Statistics of MiSo Solver ***
Number of LOCAL iterations  = 90
Number of CG    iterations  = 90
Number of FULL  iterations  = 2
Number of ROUNDING          = 94
solve_multiple_rounding took 0.21303800000000001 s.
solve took 0.21315000000000001 s.
restore_eliminated_vars took 0.00084499999999999994 s.
solve took 0.24002700000000002 s.
Distortion will be NaN! sig1^2 is negative (-1.51116e+23)
Distortion will be NaN! sig1^2 is negative (-1.51116e+23)
Distortion will be NaN! sig1^2 is negative (-1.51116e+23)
Distortion will be NaN! sig1^2 is negative (-1.51116e+23)
Distortion will be NaN! sig1^2 is negative (-1.51116e+23)
Maximum Distorsion 238326775838658002944.0000 
Maximum Laplacian 18491189586031951872.0000 
ITERATION 3 FLIPS 1044 

 INITIALIZED SPARSE MATRIX OF 5690d x 5690d 

 INITIALIZED SPARSE MATRIX OF 848d x 5850d 

 INITIALIZED VECTOR OF 5690d x 1 

 INITIALIZED VECTOR OF 848d x 1 
Initital dimension: 5850 x 5850, number of constraints: 848, number of integer variables: 252, use reordering: yes
make_constraints_independent took 0.0043400000000000001 s.
Constraint integration took 0.012298 s.
Constraint elimination took 0.010057999999999999 s.
Reindexing took 0.000224 s.
eliminate_constraints took 0.022682999999999998 s.
Eliminated dimension: 5002 x 5002
#nonzeros: 63274
integer variables #: 94
continuous variables #: 4908
initial full solution
CHOLMOD warning: matrix not positive definite. file: ./CHOLMOD/Supernodal/t_cholmod_super_numeric_worker.c line: 1090
final full solution
CHOLMOD warning: matrix not positive definite. file: ./CHOLMOD/Supernodal/t_cholmod_super_numeric_worker.c line: 1090
 *** Statistics of MiSo Solver ***
Number of LOCAL iterations  = 94
Number of CG    iterations  = 94
Number of FULL  iterations  = 2
Number of ROUNDING          = 94
solve_multiple_rounding took 0.22164099999999995 s.
solve took 0.22175500000000001 s.
restore_eliminated_vars took 0.00080200000000000009 s.
solve took 0.25043399999999999 s.
ITERATION 4 FLIPS 0 
**** END OPTIMIZING #FLIPS 0  ****
       UV=2845 FUV=4998
Invalid MIQ output: UV=2845x2 FUV=4998x3

 Closed: Fri May 08 19:00:09 2026


  output       : /root/SemanPartMesh/compare_8d46740c472f9d36b7a04b65023ffc59_ns3000_20260508_184014/baseline/quad_meshes/8d46740c472f9d36b7a04b65023ffc59_quad_extract_work/8d46740c472f9d36b7a04b65023ffc59_quad_gs24.obj
  gradient_size: 24.0  timeout: 1800s  [stiff=50.0 dr=0 it=5]

  FAILED: Command '['/root/SemanPartMesh/quad_extract/build/extract_quad_mesh', '/root/SemanPartMesh/compare_8d46740c472f9d36b7a04b65023ffc59_ns3000_20260508_184014/baseline/quad_meshes/8d46740c472f9d36b7a04b65023ffc59_quad_extract_work/8d46740c472f9d36b7a04b65023ffc59_quad_pml_repaired.obj', '/root/SemanPartMesh/compare_8d46740c472f9d36b7a04b65023ffc59_ns3000_20260508_184014/baseline/quad_meshes/8d46740c472f9d36b7a04b65023ffc59_quad_extract_work/8d46740c472f9d36b7a04b65023ffc59_quad_pml_repaired_cf.txt', '/root/SemanPartMesh/compare_8d46740c472f9d36b7a04b65023ffc59_ns3000_20260508_184014/baseline/quad_meshes/8d46740c472f9d36b7a04b65023ffc59_quad_extract_work/8d46740c472f9d36b7a04b65023ffc59_quad_gs24.obj', '24.0', '50.0', '0', '5', '5']' returned non-zero exit status 1.
  binary       : /root/SemanPartMesh/quad_extract/build/extract_quad_mesh
  input mesh   : /root/SemanPartMesh/compare_8d46740c472f9d36b7a04b65023ffc59_ns3000_20260508_184014/baseline/quad_meshes/8d46740c472f9d36b7a04b65023ffc59_quad_extract_work/8d46740c472f9d36b7a04b65023ffc59_quad_pml_repaired.obj
  cross field  : /root/SemanPartMesh/compare_8d46740c472f9d36b7a04b65023ffc59_ns3000_20260508_184014/baseline/quad_meshes/8d46740c472f9d36b7a04b65023ffc59_quad_extract_work/8d46740c472f9d36b7a04b65023ffc59_quad_pml_repaired_cf.txt
  output       : /root/SemanPartMesh/compare_8d46740c472f9d36b7a04b65023ffc59_ns3000_20260508_184014/baseline/quad_meshes/8d46740c472f9d36b7a04b65023ffc59_quad_extract_work/8d46740c472f9d36b7a04b65023ffc59_quad_gs24.obj
  gradient_size: 24.0  timeout: 1800s  [stiff=5.0 dr=1 it=5]

  FAILED: Command '['/root/SemanPartMesh/quad_extract/build/extract_quad_mesh', '/root/SemanPartMesh/compare_8d46740c472f9d36b7a04b65023ffc59_ns3000_20260508_184014/baseline/quad_meshes/8d46740c472f9d36b7a04b65023ffc59_quad_extract_work/8d46740c472f9d36b7a04b65023ffc59_quad_pml_repaired.obj', '/root/SemanPartMesh/compare_8d46740c472f9d36b7a04b65023ffc59_ns3000_20260508_184014/baseline/quad_meshes/8d46740c472f9d36b7a04b65023ffc59_quad_extract_work/8d46740c472f9d36b7a04b65023ffc59_quad_pml_repaired_cf.txt', '/root/SemanPartMesh/compare_8d46740c472f9d36b7a04b65023ffc59_ns3000_20260508_184014/baseline/quad_meshes/8d46740c472f9d36b7a04b65023ffc59_quad_extract_work/8d46740c472f9d36b7a04b65023ffc59_quad_gs24.obj', '24.0', '5.0', '1', '5', '5']' returned non-zero exit status 1.
  binary       : /root/SemanPartMesh/quad_extract/build/extract_quad_mesh
  input mesh   : /root/SemanPartMesh/compare_8d46740c472f9d36b7a04b65023ffc59_ns3000_20260508_184014/baseline/quad_meshes/8d46740c472f9d36b7a04b65023ffc59_quad_extract_work/8d46740c472f9d36b7a04b65023ffc59_quad_pml_repaired.obj
  cross field  : /root/SemanPartMesh/compare_8d46740c472f9d36b7a04b65023ffc59_ns3000_20260508_184014/baseline/quad_meshes/8d46740c472f9d36b7a04b65023ffc59_quad_extract_work/8d46740c472f9d36b7a04b65023ffc59_quad_pml_repaired_cf.txt
  output       : /root/SemanPartMesh/compare_8d46740c472f9d36b7a04b65023ffc59_ns3000_20260508_184014/baseline/quad_meshes/8d46740c472f9d36b7a04b65023ffc59_quad_extract_work/8d46740c472f9d36b7a04b65023ffc59_quad_gs24.obj
  gradient_size: 24.0  timeout: 1800s  [stiff=50.0 dr=1 it=5]

  FAILED: Command '['/root/SemanPartMesh/quad_extract/build/extract_quad_mesh', '/root/SemanPartMesh/compare_8d46740c472f9d36b7a04b65023ffc59_ns3000_20260508_184014/baseline/quad_meshes/8d46740c472f9d36b7a04b65023ffc59_quad_extract_work/8d46740c472f9d36b7a04b65023ffc59_quad_pml_repaired.obj', '/root/SemanPartMesh/compare_8d46740c472f9d36b7a04b65023ffc59_ns3000_20260508_184014/baseline/quad_meshes/8d46740c472f9d36b7a04b65023ffc59_quad_extract_work/8d46740c472f9d36b7a04b65023ffc59_quad_pml_repaired_cf.txt', '/root/SemanPartMesh/compare_8d46740c472f9d36b7a04b65023ffc59_ns3000_20260508_184014/baseline/quad_meshes/8d46740c472f9d36b7a04b65023ffc59_quad_extract_work/8d46740c472f9d36b7a04b65023ffc59_quad_gs24.obj', '24.0', '50.0', '1', '5', '5']' returned non-zero exit status 1.
  binary       : /root/SemanPartMesh/quad_extract/build/extract_quad_mesh
  input mesh   : /root/SemanPartMesh/compare_8d46740c472f9d36b7a04b65023ffc59_ns3000_20260508_184014/baseline/quad_meshes/8d46740c472f9d36b7a04b65023ffc59_quad_extract_work/8d46740c472f9d36b7a04b65023ffc59_quad_pml_repaired.obj
  cross field  : /root/SemanPartMesh/compare_8d46740c472f9d36b7a04b65023ffc59_ns3000_20260508_184014/baseline/quad_meshes/8d46740c472f9d36b7a04b65023ffc59_quad_extract_work/8d46740c472f9d36b7a04b65023ffc59_quad_pml_repaired_cf.txt
  output       : /root/SemanPartMesh/compare_8d46740c472f9d36b7a04b65023ffc59_ns3000_20260508_184014/baseline/quad_meshes/8d46740c472f9d36b7a04b65023ffc59_quad_extract_work/8d46740c472f9d36b7a04b65023ffc59_quad_gs24.obj
  gradient_size: 24.0  timeout: 1800s  [stiff=200.0 dr=1 it=3]

  FAILED: Command '['/root/SemanPartMesh/quad_extract/build/extract_quad_mesh', '/root/SemanPartMesh/compare_8d46740c472f9d36b7a04b65023ffc59_ns3000_20260508_184014/baseline/quad_meshes/8d46740c472f9d36b7a04b65023ffc59_quad_extract_work/8d46740c472f9d36b7a04b65023ffc59_quad_pml_repaired.obj', '/root/SemanPartMesh/compare_8d46740c472f9d36b7a04b65023ffc59_ns3000_20260508_184014/baseline/quad_meshes/8d46740c472f9d36b7a04b65023ffc59_quad_extract_work/8d46740c472f9d36b7a04b65023ffc59_quad_pml_repaired_cf.txt', '/root/SemanPartMesh/compare_8d46740c472f9d36b7a04b65023ffc59_ns3000_20260508_184014/baseline/quad_meshes/8d46740c472f9d36b7a04b65023ffc59_quad_extract_work/8d46740c472f9d36b7a04b65023ffc59_quad_gs24.obj', '24.0', '200.0', '1', '3', '5']' returned non-zero exit status 1.
  FAILED: extraction failed for gs=24.0

[Auto Sweep] Trying gradient_size=30.0
  binary       : /root/SemanPartMesh/quad_extract/build/extract_quad_mesh
  input mesh   : /root/SemanPartMesh/compare_8d46740c472f9d36b7a04b65023ffc59_ns3000_20260508_184014/baseline/quad_meshes/8d46740c472f9d36b7a04b65023ffc59_quad_extract_work/8d46740c472f9d36b7a04b65023ffc59_quad_pml_repaired.obj
  cross field  : /root/SemanPartMesh/compare_8d46740c472f9d36b7a04b65023ffc59_ns3000_20260508_184014/baseline/quad_meshes/8d46740c472f9d36b7a04b65023ffc59_quad_extract_work/8d46740c472f9d36b7a04b65023ffc59_quad_pml_repaired_cf.txt
  output       : /root/SemanPartMesh/compare_8d46740c472f9d36b7a04b65023ffc59_ns3000_20260508_184014/baseline/quad_meshes/8d46740c472f9d36b7a04b65023ffc59_quad_extract_work/8d46740c472f9d36b7a04b65023ffc59_quad_gs30.obj
  gradient_size: 30.0  timeout: 1800s

  FAILED: Command '['/root/SemanPartMesh/quad_extract/build/extract_quad_mesh', '/root/SemanPartMesh/compare_8d46740c472f9d36b7a04b65023ffc59_ns3000_20260508_184014/baseline/quad_meshes/8d46740c472f9d36b7a04b65023ffc59_quad_extract_work/8d46740c472f9d36b7a04b65023ffc59_quad_pml_repaired.obj', '/root/SemanPartMesh/compare_8d46740c472f9d36b7a04b65023ffc59_ns3000_20260508_184014/baseline/quad_meshes/8d46740c472f9d36b7a04b65023ffc59_quad_extract_work/8d46740c472f9d36b7a04b65023ffc59_quad_pml_repaired_cf.txt', '/root/SemanPartMesh/compare_8d46740c472f9d36b7a04b65023ffc59_ns3000_20260508_184014/baseline/quad_meshes/8d46740c472f9d36b7a04b65023ffc59_quad_extract_work/8d46740c472f9d36b7a04b65023ffc59_quad_gs30.obj', '30.0', '5.0', '0', '5', '5']' returned non-zero exit status 1.
  binary       : /root/SemanPartMesh/quad_extract/build/extract_quad_mesh
  input mesh   : /root/SemanPartMesh/compare_8d46740c472f9d36b7a04b65023ffc59_ns3000_20260508_184014/baseline/quad_meshes/8d46740c472f9d36b7a04b65023ffc59_quad_extract_work/8d46740c472f9d36b7a04b65023ffc59_quad_pml_repaired.obj
  cross field  : /root/SemanPartMesh/compare_8d46740c472f9d36b7a04b65023ffc59_ns3000_20260508_184014/baseline/quad_meshes/8d46740c472f9d36b7a04b65023ffc59_quad_extract_work/8d46740c472f9d36b7a04b65023ffc59_quad_pml_repaired_cf.txt
  output       : /root/SemanPartMesh/compare_8d46740c472f9d36b7a04b65023ffc59_ns3000_20260508_184014/baseline/quad_meshes/8d46740c472f9d36b7a04b65023ffc59_quad_extract_work/8d46740c472f9d36b7a04b65023ffc59_quad_gs30.obj[1/4] Loading mesh: /root/SemanPartMesh/compare_8d46740c472f9d36b7a04b65023ffc59_ns3000_20260508_184014/baseline/quad_meshes/8d46740c472f9d36b7a04b65023ffc59_quad_extract_work/8d46740c472f9d36b7a04b65023ffc59_quad_pml_repaired.obj
       V=2500 F=4998
[2/4] Loading cross field: /root/SemanPartMesh/compare_8d46740c472f9d36b7a04b65023ffc59_ns3000_20260508_184014/baseline/quad_meshes/8d46740c472f9d36b7a04b65023ffc59_quad_extract_work/8d46740c472f9d36b7a04b65023ffc59_quad_pml_repaired_cf.txt
       cross field rows=4998
[3/4] Running MIQ parameterization (gradient_size=30, stiffness=50, iters=5)...

 INITIALIZED SPARSE MATRIX OF 5690d x 5690d 

 INITIALIZED SPARSE MATRIX OF 848d x 5850d 

 INITIALIZED VECTOR OF 5690d x 1 

 INITIALIZED VECTOR OF 848d x 1 
Initital dimension: 5850 x 5850, number of constraints: 848, number of integer variables: 252, use reordering: yes
make_constraints_independent took 0.0050360000000000005 s.
Constraint integration took 0.015672000000000002 s.
Constraint elimination took 0.0082959999999999996 s.
Reindexing took 0.00027400000000000005 s.
eliminate_constraints took 0.024431000000000001 s.
Eliminated dimension: 5002 x 5002
#nonzeros: 56922
integer variables #: 94
continuous variables #: 4908
initial full solution
CHOLMOD warning: matrix not positive definite. file: ./CHOLMOD/Supernodal/t_cholmod_super_numeric_worker.c line: 1090
CHOLMOD warning: matrix not positive definite. file: ./CHOLMOD/Supernodal/t_cholmod_super_numeric_worker.c line: 1090
CHOLMOD warning: matrix not positive definite. file: ./CHOLMOD/Supernodal/t_cholmod_super_numeric_worker.c line: 1090
CHOLMOD warning: matrix not positive definite. file: ./CHOLMOD/Supernodal/t_cholmod_super_numeric_worker.c line: 1090
CHOLMOD warning: matrix not positive definite. file: ./CHOLMOD/Supernodal/t_cholmod_super_numeric_worker.c line: 1090
CHOLMOD warning: matrix not positive definite. file: ./CHOLMOD/Supernodal/t_cholmod_super_numeric_worker.c line: 1090
CHOLMOD warning: matrix not positive definite. file: ./CHOLMOD/Supernodal/t_cholmod_super_numeric_worker.c line: 1090
CHOLMOD warning: matrix not positive definite. file: ./CHOLMOD/Supernodal/t_cholmod_super_numeric_worker.c line: 1090
CHOLMOD warning: matrix not positive definite. file: ./CHOLMOD/Supernodal/t_cholmod_super_numeric_worker.c line: 1090
CHOLMOD warning: matrix not positive definite. file: ./CHOLMOD/Supernodal/t_cholmod_super_numeric_worker.c line: 1090
CHOLMOD warning: matrix not positive definite. file: ./CHOLMOD/Supernodal/t_cholmod_super_numeric_worker.c line: 1090
CHOLMOD warning: matrix not positive definite. file: ./CHOLMOD/Supernodal/t_cholmod_super_numeric_worker.c line: 1090
CHOLMOD warning: matrix not positive definite. file: ./CHOLMOD/Supernodal/t_cholmod_super_numeric_worker.c line: 1090
CHOLMOD warning: matrix not positive definite. file: ./CHOLMOD/Supernodal/t_cholmod_super_numeric_worker.c line: 1090
CHOLMOD warning: matrix not positive definite. file: ./CHOLMOD/Supernodal/t_cholmod_super_numeric_worker.c line: 1090
CHOLMOD warning: matrix not positive definite. file: ./CHOLMOD/Supernodal/t_cholmod_super_numeric_worker.c line: 1090
CHOLMOD warning: matrix not positive definite. file: ./CHOLMOD/Supernodal/t_cholmod_super_numeric_worker.c line: 1090
CHOLMOD warning: matrix not positive definite. file: ./CHOLMOD/Supernodal/t_cholmod_super_numeric_worker.c line: 1090
CHOLMOD warning: matrix not positive definite. file: ./CHOLMOD/Supernodal/t_cholmod_super_numeric_worker.c line: 1090
CHOLMOD warning: matrix not positive definite. file: ./CHOLMOD/Supernodal/t_cholmod_super_numeric_worker.c line: 1090
CHOLMOD warning: matrix not positive definite. file: ./CHOLMOD/Supernodal/t_cholmod_super_numeric_worker.c line: 1090
CHOLMOD warning: matrix not positive definite. file: ./CHOLMOD/Supernodal/t_cholmod_super_numeric_worker.c line: 1090
CHOLMOD warning: matrix not positive definite. file: ./CHOLMOD/Supernodal/t_cholmod_super_numeric_worker.c line: 1090
CHOLMOD warning: matrix not positive definite. file: ./CHOLMOD/Supernodal/t_cholmod_super_numeric_worker.c line: 1090
CHOLMOD warning: matrix not positive definite. file: ./CHOLMOD/Supernodal/t_cholmod_super_numeric_worker.c line: 1090
CHOLMOD warning: matrix not positive definite. file: ./CHOLMOD/Supernodal/t_cholmod_super_numeric_worker.c line: 1090
CHOLMOD warning: matrix not positive definite. file: ./CHOLMOD/Supernodal/t_cholmod_super_numeric_worker.c line: 1090
CHOLMOD warning: matrix not positive definite. file: ./CHOLMOD/Supernodal/t_cholmod_super_numeric_worker.c line: 1090
CHOLMOD warning: matrix not positive definite. file: ./CHOLMOD/Supernodal/t_cholmod_super_numeric_worker.c line: 1090
CHOLMOD warning: matrix not positive definite. file: ./CHOLMOD/Supernodal/t_cholmod_super_numeric_worker.c line: 1090
CHOLMOD warning: matrix not positive definite. file: ./CHOLMOD/Supernodal/t_cholmod_super_numeric_worker.c line: 1090
CHOLMOD warning: matrix not positive definite. file: ./CHOLMOD/Supernodal/t_cholmod_super_numeric_worker.c line: 1090
CHOLMOD warning: matrix not positive definite. file: ./CHOLMOD/Supernodal/t_cholmod_super_numeric_worker.c line: 1090
CHOLMOD warning: matrix not positive definite. file: ./CHOLMOD/Supernodal/t_cholmod_super_numeric_worker.c line: 1090
CHOLMOD warning: matrix not positive definite. file: ./CHOLMOD/Supernodal/t_cholmod_super_numeric_worker.c line: 1090
CHOLMOD warning: matrix not positive definite. file: ./CHOLMOD/Supernodal/t_cholmod_super_numeric_worker.c line: 1090
CHOLMOD warning: matrix not positive definite. file: ./CHOLMOD/Supernodal/t_cholmod_super_numeric_worker.c line: 1090
CHOLMOD warning: matrix not positive definite. file: ./CHOLMOD/Supernodal/t_cholmod_super_numeric_worker.c line: 1090
CHOLMOD warning: matrix not positive definite. file: ./CHOLMOD/Supernodal/t_cholmod_super_numeric_worker.c line: 1090
CHOLMOD warning: matrix not positive definite. file: ./CHOLMOD/Supernodal/t_cholmod_super_numeric_worker.c line: 1090
CHOLMOD warning: matrix not positive definite. file: ./CHOLMOD/Supernodal/t_cholmod_super_numeric_worker.c line: 1090
CHOLMOD warning: matrix not positive definite. file: ./CHOLMOD/Supernodal/t_cholmod_super_numeric_worker.c line: 1090
CHOLMOD warning: matrix not positive definite. file: ./CHOLMOD/Supernodal/t_cholmod_super_numeric_worker.c line: 1090
final full solution
CHOLMOD warning: matrix not positive definite. file: ./CHOLMOD/Supernodal/t_cholmod_super_numeric_worker.c line: 1090
 *** Statistics of MiSo Solver ***
Number of LOCAL iterations  = 43
Number of CG    iterations  = 43
Number of FULL  iterations  = 44
Number of ROUNDING          = 94
solve_multiple_rounding took 3.4620359999999999 s.
solve took 3.4621680000000001 s.
restore_eliminated_vars took 0.00078600000000000002 s.
solve took 3.493741 s.
Maximum Distorsion 8.9300 
Maximum Laplacian 17.3509 
ITERATION 0 FLIPS 34 

 INITIALIZED SPARSE MATRIX OF 5690d x 5690d 

 INITIALIZED SPARSE MATRIX OF 848d x 5850d 

 INITIALIZED VECTOR OF 5690d x 1 

 INITIALIZED VECTOR OF 848d x 1 
Initital dimension: 5850 x 5850, number of constraints: 848, number of integer variables: 252, use reordering: yes
make_constraints_independent took 0.0043200000000000001 s.
Constraint integration took 0.011811 s.
Constraint elimination took 0.0066450000000000007 s.
Reindexing took 0.000223 s.
eliminate_constraints took 0.018778 s.
Eliminated dimension: 5002 x 5002
#nonzeros: 57021
integer variables #: 94
continuous variables #: 4908
initial full solution
CHOLMOD warning: matrix not positive definite. file: ./CHOLMOD/Supernodal/t_cholmod_super_numeric_worker.c line: 1090
CHOLMOD warning: matrix not positive definite. file: ./CHOLMOD/Supernodal/t_cholmod_super_numeric_worker.c line: 1090
CHOLMOD warning: matrix not positive definite. file: ./CHOLMOD/Supernodal/t_cholmod_super_numeric_worker.c line: 1090
CHOLMOD warning: matrix not positive definite. file: ./CHOLMOD/Supernodal/t_cholmod_super_numeric_worker.c line: 1090
CHOLMOD warning: matrix not positive definite. file: ./CHOLMOD/Supernodal/t_cholmod_super_numeric_worker.c line: 1090
CHOLMOD warning: matrix not positive definite. file: ./CHOLMOD/Supernodal/t_cholmod_super_numeric_worker.c line: 1090
CHOLMOD warning: matrix not positive definite. file: ./CHOLMOD/Supernodal/t_cholmod_super_numeric_worker.c line: 1090
CHOLMOD warning: matrix not positive definite. file: ./CHOLMOD/Supernodal/t_cholmod_super_numeric_worker.c line: 1090
CHOLMOD warning: matrix not positive definite. file: ./CHOLMOD/Supernodal/t_cholmod_super_numeric_worker.c line: 1090
CHOLMOD warning: matrix not positive definite. file: ./CHOLMOD/Supernodal/t_cholmod_super_numeric_worker.c line: 1090
CHOLMOD warning: matrix not positive definite. file: ./CHOLMOD/Supernodal/t_cholmod_super_numeric_worker.c line: 1090
CHOLMOD warning: matrix not positive definite. file: ./CHOLMOD/Supernodal/t_cholmod_super_numeric_worker.c line: 1090
CHOLMOD warning: matrix not positive definite. file: ./CHOLMOD/Supernodal/t_cholmod_super_numeric_worker.c line: 1090
CHOLMOD warning: matrix not positive definite. file: ./CHOLMOD/Supernodal/t_cholmod_super_numeric_worker.c line: 1090
CHOLMOD warning: matrix not positive definite. file: ./CHOLMOD/Supernodal/t_cholmod_super_numeric_worker.c line: 1090
CHOLMOD warning: matrix not positive definite. file: ./CHOLMOD/Supernodal/t_cholmod_super_numeric_worker.c line: 1090
CHOLMOD warning: matrix not positive definite. file: ./CHOLMOD/Supernodal/t_cholmod_super_numeric_worker.c line: 1090
CHOLMOD warning: matrix not positive definite. file: ./CHOLMOD/Supernodal/t_cholmod_super_numeric_worker.c line: 1090
CHOLMOD warning: matrix not positive definite. file: ./CHOLMOD/Supernodal/t_cholmod_super_numeric_worker.c line: 1090
CHOLMOD warning: matrix not positive definite. file: ./CHOLMOD/Supernodal/t_cholmod_super_numeric_worker.c line: 1090
CHOLMOD warning: matrix not positive definite. file: ./CHOLMOD/Supernodal/t_cholmod_super_numeric_worker.c line: 1090
CHOLMOD warning: matrix not positive definite. file: ./CHOLMOD/Supernodal/t_cholmod_super_numeric_worker.c line: 1090
CHOLMOD warning: matrix not positive definite. file: ./CHOLMOD/Supernodal/t_cholmod_super_numeric_worker.c line: 1090
CHOLMOD warning: matrix not positive definite. file: ./CHOLMOD/Supernodal/t_cholmod_super_numeric_worker.c line: 1090
CHOLMOD warning: matrix not positive definite. file: ./CHOLMOD/Supernodal/t_cholmod_super_numeric_worker.c line: 1090
CHOLMOD warning: matrix not positive definite. file: ./CHOLMOD/Supernodal/t_cholmod_super_numeric_worker.c line: 1090
CHOLMOD warning: matrix not positive definite. file: ./CHOLMOD/Supernodal/t_cholmod_super_numeric_worker.c line: 1090
CHOLMOD warning: matrix not positive definite. file: ./CHOLMOD/Supernodal/t_cholmod_super_numeric_worker.c line: 1090
CHOLMOD warning: matrix not positive definite. file: ./CHOLMOD/Supernodal/t_cholmod_super_numeric_worker.c line: 1090
CHOLMOD warning: matrix not positive definite. file: ./CHOLMOD/Supernodal/t_cholmod_super_numeric_worker.c line: 1090
CHOLMOD warning: matrix not positive definite. file: ./CHOLMOD/Supernodal/t_cholmod_super_numeric_worker.c line: 1090
CHOLMOD warning: matrix not positive definite. file: ./CHOLMOD/Supernodal/t_cholmod_super_numeric_worker.c line: 1090
CHOLMOD warning: matrix not positive definite. file: ./CHOLMOD/Supernodal/t_cholmod_super_numeric_worker.c line: 1090
CHOLMOD warning: matrix not positive definite. file: ./CHOLMOD/Supernodal/t_cholmod_super_numeric_worker.c line: 1090
CHOLMOD warning: matrix not positive definite. file: ./CHOLMOD/Supernodal/t_cholmod_super_numeric_worker.c line: 1090
CHOLMOD warning: matrix not positive definite. file: ./CHOLMOD/Supernodal/t_cholmod_super_numeric_worker.c line: 1090
CHOLMOD warning: matrix not positive definite. file: ./CHOLMOD/Supernodal/t_cholmod_super_numeric_worker.c line: 1090
CHOLMOD warning: matrix not positive definite. file: ./CHOLMOD/Supernodal/t_cholmod_super_numeric_worker.c line: 1090
CHOLMOD warning: matrix not positive definite. file: ./CHOLMOD/Supernodal/t_cholmod_super_numeric_worker.c line: 1090
CHOLMOD warning: matrix not positive definite. file: ./CHOLMOD/Supernodal/t_cholmod_super_numeric_worker.c line: 1090
CHOLMOD warning: matrix not positive definite. file: ./CHOLMOD/Supernodal/t_cholmod_super_numeric_worker.c line: 1090
CHOLMOD warning: matrix not positive definite. file: ./CHOLMOD/Supernodal/t_cholmod_super_numeric_worker.c line: 1090
final full solution
CHOLMOD warning: matrix not positive definite. file: ./CHOLMOD/Supernodal/t_cholmod_super_numeric_worker.c line: 1090
 *** Statistics of MiSo Solver ***
Number of LOCAL iterations  = 41
Number of CG    iterations  = 41
Number of FULL  iterations  = 43
Number of ROUNDING          = 94
solve_multiple_rounding took 3.3302149999999999 s.
solve took 3.3303310000000002 s.
restore_eliminated_vars took 0.00080400000000000003 s.
solve took 3.3548840000000002 s.
Maximum Distorsion 8.9650 
Maximum Laplacian 20.1783 
ITERATION 1 FLIPS 21 

 INITIALIZED SPARSE MATRIX OF 5690d x 5690d 

 INITIALIZED SPARSE MATRIX OF 848d x 5850d 

 INITIALIZED VECTOR OF 5690d x 1 

 INITIALIZED VECTOR OF 848d x 1 
Initital dimension: 5850 x 5850, number of constraints: 848, number of integer variables: 252, use reordering: yes
make_constraints_independent took 0.0045140000000000007 s.
Constraint integration took 0.012196 s.
Constraint elimination took 0.0074770000000000001 s.
Reindexing took 0.00022600000000000002 s.
eliminate_constraints took 0.020032000000000001 s.
Eliminated dimension: 5002 x 5002
#nonzeros: 56929
integer variables #: 94
continuous variables #: 4908
initial full solution
CHOLMOD warning: matrix not positive definite. file: ./CHOLMOD/Supernodal/t_cholmod_super_numeric_worker.c line: 1090
CHOLMOD warning: matrix not positive definite. file: ./CHOLMOD/Supernodal/t_cholmod_super_numeric_worker.c line: 1090
CHOLMOD warning: matrix not positive definite. file: ./CHOLMOD/Supernodal/t_cholmod_super_numeric_worker.c line: 1090
CHOLMOD warning: matrix not positive definite. file: ./CHOLMOD/Supernodal/t_cholmod_super_numeric_worker.c line: 1090
CHOLMOD warning: matrix not positive definite. file: ./CHOLMOD/Supernodal/t_cholmod_super_numeric_worker.c line: 1090
CHOLMOD warning: matrix not positive definite. file: ./CHOLMOD/Supernodal/t_cholmod_super_numeric_worker.c line: 1090
CHOLMOD warning: matrix not positive definite. file: ./CHOLMOD/Supernodal/t_cholmod_super_numeric_worker.c line: 1090
CHOLMOD warning: matrix not positive definite. file: ./CHOLMOD/Supernodal/t_cholmod_super_numeric_worker.c line: 1090
CHOLMOD warning: matrix not positive definite. file: ./CHOLMOD/Supernodal/t_cholmod_super_numeric_worker.c line: 1090
CHOLMOD warning: matrix not positive definite. file: ./CHOLMOD/Supernodal/t_cholmod_super_numeric_worker.c line: 1090
CHOLMOD warning: matrix not positive definite. file: ./CHOLMOD/Supernodal/t_cholmod_super_numeric_worker.c line: 1090
CHOLMOD warning: matrix not positive definite. file: ./CHOLMOD/Supernodal/t_cholmod_super_numeric_worker.c line: 1090
CHOLMOD warning: matrix not positive definite. file: ./CHOLMOD/Supernodal/t_cholmod_super_numeric_worker.c line: 1090
CHOLMOD warning: matrix not positive definite. file: ./CHOLMOD/Supernodal/t_cholmod_super_numeric_worker.c line: 1090
CHOLMOD warning: matrix not positive definite. file: ./CHOLMOD/Supernodal/t_cholmod_super_numeric_worker.c line: 1090
CHOLMOD warning: matrix not positive definite. file: ./CHOLMOD/Supernodal/t_cholmod_super_numeric_worker.c line: 1090
CHOLMOD warning: matrix not positive definite. file: ./CHOLMOD/Supernodal/t_cholmod_super_numeric_worker.c line: 1090
CHOLMOD warning: matrix not positive definite. file: ./CHOLMOD/Supernodal/t_cholmod_super_numeric_worker.c line: 1090
CHOLMOD warning: matrix not positive definite. file: ./CHOLMOD/Supernodal/t_cholmod_super_numeric_worker.c line: 1090
CHOLMOD warning: matrix not positive definite. file: ./CHOLMOD/Supernodal/t_cholmod_super_numeric_worker.c line: 1090
CHOLMOD warning: matrix not positive definite. file: ./CHOLMOD/Supernodal/t_cholmod_super_numeric_worker.c line: 1090
CHOLMOD warning: matrix not positive definite. file: ./CHOLMOD/Supernodal/t_cholmod_super_numeric_worker.c line: 1090
CHOLMOD warning: matrix not positive definite. file: ./CHOLMOD/Supernodal/t_cholmod_super_numeric_worker.c line: 1090
CHOLMOD warning: matrix not positive definite. file: ./CHOLMOD/Supernodal/t_cholmod_super_numeric_worker.c line: 1090
CHOLMOD warning: matrix not positive definite. file: ./CHOLMOD/Supernodal/t_cholmod_super_numeric_worker.c line: 1090
CHOLMOD warning: matrix not positive definite. file: ./CHOLMOD/Supernodal/t_cholmod_super_numeric_worker.c line: 1090
CHOLMOD warning: matrix not positive definite. file: ./CHOLMOD/Supernodal/t_cholmod_super_numeric_worker.c line: 1090
CHOLMOD warning: matrix not positive definite. file: ./CHOLMOD/Supernodal/t_cholmod_super_numeric_worker.c line: 1090
CHOLMOD warning: matrix not positive definite. file: ./CHOLMOD/Supernodal/t_cholmod_super_numeric_worker.c line: 1090
CHOLMOD warning: matrix not positive definite. file: ./CHOLMOD/Supernodal/t_cholmod_super_numeric_worker.c line: 1090
CHOLMOD warning: matrix not positive definite. file: ./CHOLMOD/Supernodal/t_cholmod_super_numeric_worker.c line: 1090
CHOLMOD warning: matrix not positive definite. file: ./CHOLMOD/Supernodal/t_cholmod_super_numeric_worker.c line: 1090
CHOLMOD warning: matrix not positive definite. file: ./CHOLMOD/Supernodal/t_cholmod_super_numeric_worker.c line: 1090
CHOLMOD warning: matrix not positive definite. file: ./CHOLMOD/Supernodal/t_cholmod_super_numeric_worker.c line: 1090
CHOLMOD warning: matrix not positive definite. file: ./CHOLMOD/Supernodal/t_cholmod_super_numeric_worker.c line: 1090
CHOLMOD warning: matrix not positive definite. file: ./CHOLMOD/Supernodal/t_cholmod_super_numeric_worker.c line: 1090
CHOLMOD warning: matrix not positive definite. file: ./CHOLMOD/Supernodal/t_cholmod_super_numeric_worker.c line: 1090
CHOLMOD warning: matrix not positive definite. file: ./CHOLMOD/Supernodal/t_cholmod_super_numeric_worker.c line: 1090
CHOLMOD warning: matrix not positive definite. file: ./CHOLMOD/Supernodal/t_cholmod_super_numeric_worker.c line: 1090
CHOLMOD warning: matrix not positive definite. file: ./CHOLMOD/Supernodal/t_cholmod_super_numeric_worker.c line: 1090
CHOLMOD warning: matrix not positive definite. file: ./CHOLMOD/Supernodal/t_cholmod_super_numeric_worker.c line: 1090
CHOLMOD warning: matrix not positive definite. file: ./CHOLMOD/Supernodal/t_cholmod_super_numeric_worker.c line: 1090
final full solution
CHOLMOD warning: matrix not positive definite. file: ./CHOLMOD/Supernodal/t_cholmod_super_numeric_worker.c line: 1090
 *** Statistics of MiSo Solver ***
Number of LOCAL iterations  = 42
Number of CG    iterations  = 42
Number of FULL  iterations  = 43
Number of ROUNDING          = 94
solve_multiple_rounding took 3.4070389999999997 s.
solve took 3.4071550000000004 s.
restore_eliminated_vars took 0.00080500000000000005 s.
solve took 3.4331329999999998 s.
Maximum Distorsion 9.0604 
Maximum Laplacian 20.5661 
ITERATION 2 FLIPS 20 

 INITIALIZED SPARSE MATRIX OF 5690d x 5690d 

 INITIALIZED SPARSE MATRIX OF 848d x 5850d 

 INITIALIZED VECTOR OF 5690d x 1 

 INITIALIZED VECTOR OF 848d x 1 
Initital dimension: 5850 x 5850, number of constraints: 848, number of integer variables: 252, use reordering: yes
make_constraints_independent took 0.0043390000000000008 s.
Constraint integration took 0.011640000000000001 s.
Constraint elimination took 0.0070540000000000004 s.
Reindexing took 0.00023600000000000002 s.
eliminate_constraints took 0.019092999999999999 s.
Eliminated dimension: 5002 x 5002
#nonzeros: 56948
integer variables #: 94
continuous variables #: 4908
initial full solution
CHOLMOD warning: matrix not positive definite. file: ./CHOLMOD/Supernodal/t_cholmod_super_numeric_worker.c line: 1090
final full solution
CHOLMOD warning: matrix not positive definite. file: ./CHOLMOD/Supernodal/t_cholmod_super_numeric_worker.c line: 1090
 *** Statistics of MiSo Solver ***
Number of LOCAL iterations  = 90
Number of CG    iterations  = 90
Number of FULL  iterations  = 2
Number of ROUNDING          = 94
solve_multiple_rounding took 0.21383899999999995 s.
solve took 0.21396600000000002 s.
restore_eliminated_vars took 0.00076400000000000003 s.
solve took 0.23877400000000001 s.
Distortion will be NaN! sig1^2 is negative (-1.51116e+23)
Distortion will be NaN! sig1^2 is negative (-1.51116e+23)
Distortion will be NaN! sig1^2 is negative (-1.51116e+23)
Distortion will be NaN! sig1^2 is negative (-1.51116e+23)
Distortion will be NaN! sig1^2 is negative (-1.51116e+23)
Maximum Distorsion 238326775838658002944.0000 
Maximum Laplacian 18491189586031951872.0000 
ITERATION 3 FLIPS 1044 

 INITIALIZED SPARSE MATRIX OF 5690d x 5690d 

 INITIALIZED SPARSE MATRIX OF 848d x 5850d 

 INITIALIZED VECTOR OF 5690d x 1 

 INITIALIZED VECTOR OF 848d x 1 
Initital dimension: 5850 x 5850, number of constraints: 848, number of integer variables: 252, use reordering: yes
make_constraints_independent took 0.0043840000000000007 s.
Constraint integration took 0.012006000000000001 s.
Constraint elimination took 0.0099109999999999997 s.
Reindexing took 0.00027400000000000005 s.
eliminate_constraints took 0.022324999999999998 s.
Eliminated dimension: 5002 x 5002
#nonzeros: 63274
integer variables #: 94
continuous variables #: 4908
initial full solution
CHOLMOD warning: matrix not positive definite. file: ./CHOLMOD/Supernodal/t_cholmod_super_numeric_worker.c line: 1090
final full solution
CHOLMOD warning: matrix not positive definite. file: ./CHOLMOD/Supernodal/t_cholmod_super_numeric_worker.c line: 1090
 *** Statistics of MiSo Solver ***
Number of LOCAL iterations  = 94
Number of CG    iterations  = 94
Number of FULL  iterations  = 2
Number of ROUNDING          = 94
solve_multiple_rounding took 0.21917699999999998 s.
solve took 0.21929799999999999 s.
restore_eliminated_vars took 0.00082700000000000004 s.
solve took 0.24777100000000002 s.
ITERATION 4 FLIPS 0 
**** END OPTIMIZING #FLIPS 0  ****
       UV=2845 FUV=4998
Invalid MIQ output: UV=2845x2 FUV=4998x3

 Closed: Fri May 08 19:00:20 2026

[1/4] Loading mesh: /root/SemanPartMesh/compare_8d46740c472f9d36b7a04b65023ffc59_ns3000_20260508_184014/baseline/quad_meshes/8d46740c472f9d36b7a04b65023ffc59_quad_extract_work/8d46740c472f9d36b7a04b65023ffc59_quad_pml_repaired.obj
       V=2500 F=4998
[2/4] Loading cross field: /root/SemanPartMesh/compare_8d46740c472f9d36b7a04b65023ffc59_ns3000_20260508_184014/baseline/quad_meshes/8d46740c472f9d36b7a04b65023ffc59_quad_extract_work/8d46740c472f9d36b7a04b65023ffc59_quad_pml_repaired_cf.txt
       cross field rows=4998
[3/4] Running MIQ parameterization (gradient_size=30, stiffness=5, iters=5)...

 INITIALIZED SPARSE MATRIX OF 5690d x 5690d 

 INITIALIZED SPARSE MATRIX OF 848d x 5850d 

 INITIALIZED VECTOR OF 5690d x 1 

 INITIALIZED VECTOR OF 848d x 1 
Initital dimension: 5850 x 5850, number of constraints: 848, number of integer variables: 252, use reordering: yes
make_constraints_independent took 0.004764 s.
Constraint integration took 0.01234 s.
Constraint elimination took 0.0078300000000000002 s.
Reindexing took 0.000222 s.
eliminate_constraints took 0.020516000000000003 s.
Eliminated dimension: 5002 x 5002
#nonzeros: 56922
integer variables #: 94
continuous variables #: 4908
CHOLMOD warning: matrix not positive definite. file: ./CHOLMOD/Supernodal/t_cholmod_super_numeric_worker.c line: 1090
CHOLMOD warning: not positive definite. file: ./CHOLMOD/Cholesky/t_cholmod_rowfac_worker.c line: 433
solve took 0.023008000000000001 s.
restore_eliminated_vars took 0.00079500000000000003 s.
solve took 0.049620000000000004 s.
ITERATION 0 FLIPS 0 
**** END OPTIMIZING #FLIPS 0  ****
       UV=2845 FUV=4998
Invalid MIQ output: UV=2845x2 FUV=4998x3

 Closed: Fri May 08 19:00:20 2026

[1/4] Loading mesh: /root/SemanPartMesh/compare_8d46740c472f9d36b7a04b65023ffc59_ns3000_20260508_184014/baseline/quad_meshes/8d46740c472f9d36b7a04b65023ffc59_quad_extract_work/8d46740c472f9d36b7a04b65023ffc59_quad_pml_repaired.obj
       V=2500 F=4998
[2/4] Loading cross field: /root/SemanPartMesh/compare_8d46740c472f9d36b7a04b65023ffc59_ns3000_20260508_184014/baseline/quad_meshes/8d46740c472f9d36b7a04b65023ffc59_quad_extract_work/8d46740c472f9d36b7a04b65023ffc59_quad_pml_repaired_cf.txt
       cross field rows=4998
[3/4] Running MIQ parameterization (gradient_size=30, stiffness=50, iters=5)...

 INITIALIZED SPARSE MATRIX OF 5690d x 5690d 

 INITIALIZED SPARSE MATRIX OF 848d x 5850d 

 INITIALIZED VECTOR OF 5690d x 1 

 INITIALIZED VECTOR OF 848d x 1 
Initital dimension: 5850 x 5850, number of constraints: 848, number of integer variables: 252, use reordering: yes
make_constraints_independent took 0.0051939999999999998 s.
Constraint integration took 0.012463 s.
Constraint elimination took 0.0093250000000000017 s.
Reindexing took 0.00024899999999999998 s.
eliminate_constraints took 0.022185 s.
Eliminated dimension: 5002 x 5002
#nonzeros: 56922
integer variables #: 94
continuous variables #: 4908
CHOLMOD warning: matrix not positive definite. file: ./CHOLMOD/Supernodal/t_cholmod_super_numeric_worker.c line: 1090
CHOLMOD warning: not positive definite. file: ./CHOLMOD/Cholesky/t_cholmod_rowfac_worker.c line: 433
solve took 0.023841000000000001 s.
restore_eliminated_vars took 0.00082400000000000008 s.
solve took 0.052599000000000007 s.
ITERATION 0 FLIPS 0 
**** END OPTIMIZING #FLIPS 0  ****
       UV=2845 FUV=4998
Invalid MIQ output: UV=2845x2 FUV=4998x3

 Closed: Fri May 08 19:00:21 2026

[1/4] Loading mesh: /root/SemanPartMesh/compare_8d46740c472f9d36b7a04b65023ffc59_ns3000_20260508_184014/baseline/quad_meshes/8d46740c472f9d36b7a04b65023ffc59_quad_extract_work/8d46740c472f9d36b7a04b65023ffc59_quad_pml_repaired.obj
       V=2500 F=4998
[2/4] Loading cross field: /root/SemanPartMesh/compare_8d46740c472f9d36b7a04b65023ffc59_ns3000_20260508_184014/baseline/quad_meshes/8d46740c472f9d36b7a04b65023ffc59_quad_extract_work/8d46740c472f9d36b7a04b65023ffc59_quad_pml_repaired_cf.txt
       cross field rows=4998
[3/4] Running MIQ parameterization (gradient_size=30, stiffness=200, iters=3)...

 INITIALIZED SPARSE MATRIX OF 5690d x 5690d 

 INITIALIZED SPARSE MATRIX OF 848d x 5850d 

 INITIALIZED VECTOR OF 5690d x 1 

 INITIALIZED VECTOR OF 848d x 1 
Initital dimension: 5850 x 5850, number of constraints: 848, number of integer variables: 252, use reordering: yes
make_constraints_independent took 0.0047830000000000008 s.
Constraint integration took 0.012059 s.
Constraint elimination took 0.0076280000000000002 s.
Reindexing took 0.00022100000000000001 s.
eliminate_constraints took 0.020042999999999998 s.
Eliminated dimension: 5002 x 5002
#nonzeros: 56922
integer variables #: 94
continuous variables #: 4908
CHOLMOD warning: matrix not positive definite. file: ./CHOLMOD/Supernodal/t_cholmod_super_numeric_worker.c line: 1090
CHOLMOD warning: not positive definite. file: ./CHOLMOD/Cholesky/t_cholmod_rowfac_worker.c line: 433
solve took 0.023342999999999999 s.
restore_eliminated_vars took 0.00082300000000000006 s.
solve took 0.049530999999999999 s.
ITERATION 0 FLIPS 0 
**** END OPTIMIZING #FLIPS 0  ****
       UV=2845 FUV=4998
Invalid MIQ output: UV=2845x2 FUV=4998x3

 Closed: Fri May 08 19:00:21 2026

[1/4] Loading mesh: /root/SemanPartMesh/compare_8d46740c472f9d36b7a04b65023ffc59_ns3000_20260508_184014/baseline/quad_meshes/8d46740c472f9d36b7a04b65023ffc59_quad_extract_work/8d46740c472f9d36b7a04b65023ffc59_quad_pml_repaired.obj
       V=2500 F=4998
[2/4] Loading cross field: /root/SemanPartMesh/compare_8d46740c472f9d36b7a04b65023ffc59_ns3000_20260508_184014/baseline/quad_meshes/8d46740c472f9d36b7a04b65023ffc59_quad_extract_work/8d46740c472f9d36b7a04b65023ffc59_quad_pml_repaired_cf.txt
       cross field rows=4998
[3/4] Running MIQ parameterization (gradient_size=40, stiffness=5, iters=5)...

 INITIALIZED SPARSE MATRIX OF 5690d x 5690d 

 INITIALIZED SPARSE MATRIX OF 848d x 5850d 

 INITIALIZED VECTOR OF 5690d x 1 

 INITIALIZED VECTOR OF 848d x 1 
Initital dimension: 5850 x 5850, number of constraints: 848, number of integer variables: 252, use reordering: yes
make_constraints_independent took 0.0047199999999999994 s.
Constraint integration took 0.013446 s.
Constraint elimination took 0.0084169999999999991 s.
Reindexing took 0.00025399999999999999 s.
eliminate_constraints took 0.022280999999999999 s.
Eliminated dimension: 5002 x 5002
#nonzeros: 56922
integer variables #: 94
continuous variables #: 4908
initial full solution
CHOLMOD warning: matrix not positive definite. file: ./CHOLMOD/Supernodal/t_cholmod_super_numeric_worker.c line: 1090
CHOLMOD warning: matrix not positive definite. file: ./CHOLMOD/Supernodal/t_cholmod_super_numeric_worker.c line: 1090
CHOLMOD warning: matrix not positive definite. file: ./CHOLMOD/Supernodal/t_cholmod_super_numeric_worker.c line: 1090
CHOLMOD warning: matrix not positive definite. file: ./CHOLMOD/Supernodal/t_cholmod_super_numeric_worker.c line: 1090
CHOLMOD warning: matrix not positive definite. file: ./CHOLMOD/Supernodal/t_cholmod_super_numeric_worker.c line: 1090
CHOLMOD warning: matrix not positive definite. file: ./CHOLMOD/Supernodal/t_cholmod_super_numeric_worker.c line: 1090
CHOLMOD warning: matrix not positive definite. file: ./CHOLMOD/Supernodal/t_cholmod_super_numeric_worker.c line: 1090
CHOLMOD warning: matrix not positive definite. file: ./CHOLMOD/Supernodal/t_cholmod_super_numeric_worker.c line: 1090
CHOLMOD warning: matrix not positive definite. file: ./CHOLMOD/Supernodal/t_cholmod_super_numeric_worker.c line: 1090
CHOLMOD warning: matrix not positive definite. file: ./CHOLMOD/Supernodal/t_cholmod_super_numeric_worker.c line: 1090
CHOLMOD warning: matrix not positive definite. file: ./CHOLMOD/Supernodal/t_cholmod_super_numeric_worker.c line: 1090
CHOLMOD warning: matrix not positive definite. file: ./CHOLMOD/Supernodal/t_cholmod_super_numeric_worker.c line: 1090
CHOLMOD warning: matrix not positive definite. file: ./CHOLMOD/Supernodal/t_cholmod_super_numeric_worker.c line: 1090
CHOLMOD warning: matrix not positive definite. file: ./CHOLMOD/Supernodal/t_cholmod_super_numeric_worker.c line: 1090
CHOLMOD warning: matrix not positive definite. file: ./CHOLMOD/Supernodal/t_cholmod_super_numeric_worker.c line: 1090
CHOLMOD warning: matrix not positive definite. file: ./CHOLMOD/Supernodal/t_cholmod_super_numeric_worker.c line: 1090
CHOLMOD warning: matrix not positive definite. file: ./CHOLMOD/Supernodal/t_cholmod_super_numeric_worker.c line: 1090
CHOLMOD warning: matrix not positive definite. file: ./CHOLMOD/Supernodal/t_cholmod_super_numeric_worker.c line: 1090
CHOLMOD warning: matrix not positive definite. file: ./CHOLMOD/Supernodal/t_cholmod_super_numeric_worker.c line: 1090
CHOLMOD warning: matrix not positive definite. file: ./CHOLMOD/Supernodal/t_cholmod_super_numeric_worker.c line: 1090
CHOLMOD warning: matrix not positive definite. file: ./CHOLMOD/Supernodal/t_cholmod_super_numeric_worker.c line: 1090
CHOLMOD warning: matrix not positive definite. file: ./CHOLMOD/Supernodal/t_cholmod_super_numeric_worker.c line: 1090
CHOLMOD warning: matrix not positive definite. file: ./CHOLMOD/Supernodal/t_cholmod_super_numeric_worker.c line: 1090
CHOLMOD warning: matrix not positive definite. file: ./CHOLMOD/Supernodal/t_cholmod_super_numeric_worker.c line: 1090
CHOLMOD warning: matrix not positive definite. file: ./CHOLMOD/Supernodal/t_cholmod_super_numeric_worker.c line: 1090
CHOLMOD warning: matrix not positive definite. file: ./CHOLMOD/Supernodal/t_cholmod_super_numeric_worker.c line: 1090
CHOLMOD warning: matrix not positive definite. file: ./CHOLMOD/Supernodal/t_cholmod_super_numeric_worker.c line: 1090
CHOLMOD warning: matrix not positive definite. file: ./CHOLMOD/Supernodal/t_cholmod_super_numeric_worker.c line: 1090
CHOLMOD warning: matrix not positive definite. file: ./CHOLMOD/Supernodal/t_cholmod_super_numeric_worker.c line: 1090
CHOLMOD warning: matrix not positive definite. file: ./CHOLMOD/Supernodal/t_cholmod_super_numeric_worker.c line: 1090
CHOLMOD warning: matrix not positive definite. file: ./CHOLMOD/Supernodal/t_cholmod_super_numeric_worker.c line: 1090
CHOLMOD warning: matrix not positive definite. file: ./CHOLMOD/Supernodal/t_cholmod_super_numeric_worker.c line: 1090
CHOLMOD warning: matrix not positive definite. file: ./CHOLMOD/Supernodal/t_cholmod_super_numeric_worker.c line: 1090
CHOLMOD warning: matrix not positive definite. file: ./CHOLMOD/Supernodal/t_cholmod_super_numeric_worker.c line: 1090
CHOLMOD warning: matrix not positive definite. file: ./CHOLMOD/Supernodal/t_cholmod_super_numeric_worker.c line: 1090
CHOLMOD warning: matrix not positive definite. file: ./CHOLMOD/Supernodal/t_cholmod_super_numeric_worker.c line: 1090
CHOLMOD warning: matrix not positive definite. file: ./CHOLMOD/Supernodal/t_cholmod_super_numeric_worker.c line: 1090
CHOLMOD warning: matrix not positive definite. file: ./CHOLMOD/Supernodal/t_cholmod_super_numeric_worker.c line: 1090
CHOLMOD warning: matrix not positive definite. file: ./CHOLMOD/Supernodal/t_cholmod_super_numeric_worker.c line: 1090
CHOLMOD warning: matrix not positive definite. file: ./CHOLMOD/Supernodal/t_cholmod_super_numeric_worker.c line: 1090
CHOLMOD warning: matrix not positive definite. file: ./CHOLMOD/Supernodal/t_cholmod_super_numeric_worker.c line: 1090
CHOLMOD warning: matrix not positive definite. file: ./CHOLMOD/Supernodal/t_cholmod_super_numeric_worker.c line: 1090
CHOLMOD warning: matrix not positive definite. file: ./CHOLMOD/Supernodal/t_cholmod_super_numeric_worker.c line: 1090
CHOLMOD warning: matrix not positive definite. file: ./CHOLMOD/Supernodal/t_cholmod_super_numeric_worker.c line: 1090
CHOLMOD warning: matrix not positive definite. file: ./CHOLMOD/Supernodal/t_cholmod_super_numeric_worker.c line: 1090
CHOLMOD warning: matrix not positive definite. file: ./CHOLMOD/Supernodal/t_cholmod_super_numeric_worker.c line: 1090
CHOLMOD warning: matrix not positive definite. file: ./CHOLMOD/Supernodal/t_cholmod_super_numeric_worker.c line: 1090
final full solution
CHOLMOD warning: matrix not positive definite. file: ./CHOLMOD/Supernodal/t_cholmod_super_numeric_worker.c line: 1090
 *** Statistics of MiSo Solver ***
Number of LOCAL iterations  = 46
Number of CG    iterations  = 46
Number of FULL  iterations  = 48
Number of ROUNDING          = 94
solve_multiple_rounding took 3.860169 s.
solve took 3.8602750000000001 s.
restore_eliminated_vars took 0.00087199999999999995 s.
solve took 3.8900320000000002 s.
Maximum Distorsion 8.0829 
Maximum Laplacian 16.9108 
ITERATION 0 FLIPS 23 

 INITIALIZED SPARSE MATRIX OF 5690d x 5690d 

 INITIALIZED SPARSE MATRIX OF 848d x 5850d 

 INITIALIZED VECTOR OF 5690d x 1 

 INITIALIZED VECTOR OF 848d x 1 
Initital dimension: 5850 x 5850, number of constraints: 848, number of integer variables: 252, use reordering: yes
make_constraints_independent took 0.0043490000000000004 s.
Constraint integration took 0.012156 s.
Constraint elimination took 0.0072179999999999996 s.
Reindexing took 0.00023999999999999998 s.
eliminate_constraints took 0.019743000000000004 s.
Eliminated dimension: 5002 x 5002
#nonzeros: 56997
integer variables #: 94
continuous variables #: 4908
initial full solution
CHOLMOD warning: matrix not positive definite. file: ./CHOLMOD/Supernodal/t_cholmod_super_numeric_worker.c line: 1090
final full solution
CHOLMOD warning: matrix not positive definite. file: ./CHOLMOD/Supernodal/t_cholmod_super_numeric_worker.c line: 1090
 *** Statistics of MiSo Solver ***
Number of LOCAL iterations  = 94
Number of CG    iterations  = 94
Number of FULL  iterations  = 2
Number of ROUNDING          = 94
solve_multiple_rounding took 0.21995099999999998 s.
solve took 0.22008000000000003 s.
restore_eliminated_vars took 0.00079900000000000001 s.
solve took 0.24559500000000001 s.
Maximum Distorsion 180250457317306564608.0000 
Maximum Laplacian 29053844519204343808.0000 
ITERATION 1 FLIPS 802 

 INITIALIZED SPARSE MATRIX OF 5690d x 5690d 

 INITIALIZED SPARSE MATRIX OF 848d x 5850d 

 INITIALIZED VECTOR OF 5690d x 1 

 INITIALIZED VECTOR OF 848d x 1 
Initital dimension: 5850 x 5850, number of constraints: 848, number of integer variables: 252, use reordering: yes
make_constraints_independent took 0.0044209999999999354 s.
Constraint integration took 0.012503 s.
Constraint elimination took 0.010309 s.
Reindexing took 0.00024399999999999999 s.
eliminate_constraints took 0.023182000000000001 s.
Eliminated dimension: 5002 x 5002
#nonzeros: 63274
integer variables #: 94
continuous variables #: 4908
initial full solution
CHOLMOD warning: matrix not positive definite. file: ./CHOLMOD/Supernodal/t_cholmod_super_numeric_worker.c line: 1090
final full solution
CHOLMOD warning: matrix not positive definite. file: ./CHOLMOD/Supernodal/t_cholmod_super_numeric_worker.c line: 1090
 *** Statistics of MiSo Solver ***
Number of LOCAL iterations  = 94
Number of CG    iterations  = 94
Number of FULL  iterations  = 2
Number of ROUNDING          = 94
solve_multiple_rounding took 0.22103500000000001 s.
solve took 0.22115700000000002 s.
restore_eliminated_vars took 0.00083900000000000001 s.
solve took 0.25019999999999992 s.
ITERATION 2 FLIPS 0 
**** END OPTIMIZING #FLIPS 0  ****
       UV=2845 FUV=4998
Invalid MIQ output: UV=2845x2 FUV=4998x3

 Closed: Fri May 08 19:00:26 2026

[1/4] Loading mesh: /root/SemanPartMesh/compare_8d46740c472f9d36b7a04b65023ffc59_ns3000_20260508_184014/baseline/quad_meshes/8d46740c472f9d36b7a04b65023ffc59_quad_extract_work/8d46740c472f9d36b7a04b65023ffc59_quad_pml_repaired.obj
       V=2500 F=4998
[2/4] Loading cross field: /root/SemanPartMesh/compare_8d46740c472f9d36b7a04b65023ffc59_ns3000_20260508_184014/baseline/quad_meshes/8d46740c472f9d36b7a04b65023ffc59_quad_extract_work/8d46740c472f9d36b7a04b65023ffc59_quad_pml_repaired_cf.txt
       cross field rows=4998
[3/4] Running MIQ parameterization (gradient_size=40, stiffness=50, iters=5)...

 INITIALIZED SPARSE MATRIX OF 5690d x 5690d 

 INITIALIZED SPARSE MATRIX OF 848d x 5850d 

 INITIALIZED VECTOR OF 5690d x 1 

 INITIALIZED VECTOR OF 848d x 1 
Initital dimension: 5850 x 5850, number of constraints: 848, number of integer variables: 252, use reordering: yes
make_constraints_independent took 0.0047260000000000002 s.
Constraint integration took 0.012060000000000001 s.
Constraint elimination took 0.0079340000000000001 s.
Reindexing took 0.00026600000000000001 s.
eliminate_constraints took 0.020437999999999998 s.
Eliminated dimension: 5002 x 5002
#nonzeros: 56922
integer variables #: 94
continuous variables #: 4908
initial full solution
CHOLMOD warning: matrix not positive definite. file: ./CHOLMOD/Supernodal/t_cholmod_super_numeric_worker.c line: 1090
CHOLMOD warning: matrix not positive definite. file: ./CHOLMOD/Supernodal/t_cholmod_super_numeric_worker.c line: 1090
CHOLMOD warning: matrix not positive definite. file: ./CHOLMOD/Supernodal/t_cholmod_super_numeric_worker.c line: 1090
CHOLMOD warning: matrix not positive definite. file: ./CHOLMOD/Supernodal/t_cholmod_super_numeric_worker.c line: 1090
CHOLMOD warning: matrix not positive definite. file: ./CHOLMOD/Supernodal/t_cholmod_super_numeric_worker.c line: 1090
CHOLMOD warning: matrix not positive definite. file: ./CHOLMOD/Supernodal/t_cholmod_super_numeric_worker.c line: 1090
CHOLMOD warning: matrix not positive definite. file: ./CHOLMOD/Supernodal/t_cholmod_super_numeric_worker.c line: 1090
CHOLMOD warning: matrix not positive definite. file: ./CHOLMOD/Supernodal/t_cholmod_super_numeric_worker.c line: 1090
CHOLMOD warning: matrix not positive definite. file: ./CHOLMOD/Supernodal/t_cholmod_super_numeric_worker.c line: 1090
CHOLMOD warning: matrix not positive definite. file: ./CHOLMOD/Supernodal/t_cholmod_super_numeric_worker.c line: 1090
CHOLMOD warning: matrix not positive definite. file: ./CHOLMOD/Supernodal/t_cholmod_super_numeric_worker.c line: 1090
CHOLMOD warning: matrix not positive definite. file: ./CHOLMOD/Supernodal/t_cholmod_super_numeric_worker.c line: 1090
CHOLMOD warning: matrix not positive definite. file: ./CHOLMOD/Supernodal/t_cholmod_super_numeric_worker.c line: 1090
CHOLMOD warning: matrix not positive definite. file: ./CHOLMOD/Supernodal/t_cholmod_super_numeric_worker.c line: 1090
CHOLMOD warning: matrix not positive definite. file: ./CHOLMOD/Supernodal/t_cholmod_super_numeric_worker.c line: 1090
CHOLMOD warning: matrix not positive definite. file: ./CHOLMOD/Supernodal/t_cholmod_super_numeric_worker.c line: 1090
CHOLMOD warning: matrix not positive definite. file: ./CHOLMOD/Supernodal/t_cholmod_super_numeric_worker.c line: 1090
CHOLMOD warning: matrix not positive definite. file: ./CHOLMOD/Supernodal/t_cholmod_super_numeric_worker.c line: 1090
CHOLMOD warning: matrix not positive definite. file: ./CHOLMOD/Supernodal/t_cholmod_super_numeric_worker.c line: 1090
CHOLMOD warning: matrix not positive definite. file: ./CHOLMOD/Supernodal/t_cholmod_super_numeric_worker.c line: 1090
CHOLMOD warning: matrix not positive definite. file: ./CHOLMOD/Supernodal/t_cholmod_super_numeric_worker.c line: 1090
CHOLMOD warning: matrix not positive definite. file: ./CHOLMOD/Supernodal/t_cholmod_super_numeric_worker.c line: 1090
CHOLMOD warning: matrix not positive definite. file: ./CHOLMOD/Supernodal/t_cholmod_super_numeric_worker.c line: 1090
CHOLMOD warning: matrix not positive definite. file: ./CHOLMOD/Supernodal/t_cholmod_super_numeric_worker.c line: 1090
CHOLMOD warning: matrix not positive definite. file: ./CHOLMOD/Supernodal/t_cholmod_super_numeric_worker.c line: 1090
CHOLMOD warning: matrix not positive definite. file: ./CHOLMOD/Supernodal/t_cholmod_super_numeric_worker.c line: 1090
CHOLMOD warning: matrix not positive definite. file: ./CHOLMOD/Supernodal/t_cholmod_super_numeric_worker.c line: 1090
CHOLMOD warning: matrix not positive definite. file: ./CHOLMOD/Supernodal/t_cholmod_super_numeric_worker.c line: 1090
CHOLMOD warning: matrix not positive definite. file: ./CHOLMOD/Supernodal/t_cholmod_super_numeric_worker.c line: 1090
CHOLMOD warning: matrix not positive definite. file: ./CHOLMOD/Supernodal/t_cholmod_super_numeric_worker.c line: 1090
CHOLMOD warning: matrix not positive definite. file: ./CHOLMOD/Supernodal/t_cholmod_super_numeric_worker.c line: 1090
CHOLMOD warning: matrix not positive definite. file: ./CHOLMOD/Supernodal/t_cholmod_super_numeric_worker.c line: 1090
CHOLMOD warning: matrix not positive definite. file: ./CHOLMOD/Supernodal/t_cholmod_super_numeric_worker.c line: 1090
CHOLMOD warning: matrix not positive definite. file: ./CHOLMOD/Supernodal/t_cholmod_super_numeric_worker.c line: 1090
CHOLMOD warning: matrix not positive definite. file: ./CHOLMOD/Supernodal/t_cholmod_super_numeric_worker.c line: 1090
CHOLMOD warning: matrix not positive definite. file: ./CHOLMOD/Supernodal/t_cholmod_super_numeric_worker.c line: 1090
CHOLMOD warning: matrix not positive definite. file: ./CHOLMOD/Supernodal/t_cholmod_super_numeric_worker.c line: 1090
CHOLMOD warning: matrix not positive definite. file: ./CHOLMOD/Supernodal/t_cholmod_super_numeric_worker.c line: 1090
CHOLMOD warning: matrix not positive definite. file: ./CHOLMOD/Supernodal/t_cholmod_super_numeric_worker.c line: 1090
CHOLMOD warning: matrix not positive definite. file: ./CHOLMOD/Supernodal/t_cholmod_super_numeric_worker.c line: 1090
CHOLMOD warning: matrix not positive definite. file: ./CHOLMOD/Supernodal/t_cholmod_super_numeric_worker.c line: 1090
CHOLMOD warning: matrix not positive definite. file: ./CHOLMOD/Supernodal/t_cholmod_super_numeric_worker.c line: 1090
CHOLMOD warning: matrix not positive definite. file: ./CHOLMOD/Supernodal/t_cholmod_super_numeric_worker.c line: 1090
CHOLMOD warning: matrix not positive definite. file: ./CHOLMOD/Supernodal/t_cholmod_super_numeric_worker.c line: 1090
CHOLMOD warning: matrix not positive definite. file: ./CHOLMOD/Supernodal/t_cholmod_super_numeric_worker.c line: 1090
CHOLMOD warning: matrix not positive definite. file: ./CHOLMOD/Supernodal/t_cholmod_super_numeric_worker.c line: 1090
CHOLMOD warning: matrix not positive definite. file: ./CHOLMOD/Supernodal/t_cholmod_super_numeric_worker.c line: 1090
final full solution
CHOLMOD warning: matrix not positive definite. file: ./CHOLMOD/Supernodal/t_cholmod_super_numeric_worker.c line: 1090
 *** Statistics of MiSo Solver ***
Number of LOCAL iterations  = 46
Number of CG    iterations  = 46
Number of FULL  iterations  = 48
Number of ROUNDING          = 94
solve_multiple_rounding took 3.80125 s.
solve took 3.801358 s.
restore_eliminated_vars took 0.00079900000000000001 s.
solve took 3.8279920000000001 s.
Maximum Distorsion 8.0829 
Maximum Laplacian 16.9108 
ITERATION 0 FLIPS 23 

 INITIALIZED SPARSE MATRIX OF 5690d x 5690d 

 INITIALIZED SPARSE MATRIX OF 848d x 5850d 

 INITIALIZED VECTOR OF 5690d x 1 

 INITIALIZED VECTOR OF 848d x 1 
Initital dimension: 5850 x 5850, number of constraints: 848, number of integer variables: 252, use reordering: yes
make_constraints_independent took 0.0043930000000000002 s.
Constraint integration took 0.012475 s.
Constraint elimination took 0.0078710000000000013 s.
Reindexing took 0.000224 s.
eliminate_constraints took 0.020723999999999999 s.
Eliminated dimension: 5002 x 5002
#nonzeros: 56997
integer variables #: 94
continuous variables #: 4908
initial full solution
CHOLMOD warning: matrix not positive definite. file: ./CHOLMOD/Supernodal/t_cholmod_super_numeric_worker.c line: 1090
final full solution
CHOLMOD warning: matrix not positive definite. file: ./CHOLMOD/Supernodal/t_cholmod_super_numeric_worker.c line: 1090
 *** Statistics of MiSo Solver ***
Number of LOCAL iterations  = 94
Number of CG    iterations  = 94
Number of FULL  iterations  = 2
Number of ROUNDING          = 94
solve_multiple_rounding took 0.24563200000000002 s.
solve took 0.24576500000000001 s.
restore_eliminated_vars took 0.00082200000000000003 s.
solve took 0.27235700000000002 s.
Maximum Distorsion 180250457317306564608.0000 
Maximum Laplacian 29053844519204343808.0000 
ITERATION 1 FLIPS 802 

 INITIALIZED SPARSE MATRIX OF 5690d x 5690d 

 INITIALIZED SPARSE MATRIX OF 848d x 5850d 

 INITIALIZED VECTOR OF 5690d x 1 

 INITIALIZED VECTOR OF 848d x 1 
Initital dimension: 5850 x 5850, number of constraints: 848, number of integer variables: 252, use reordering: yes
make_constraints_independent took 0.0045830000000000003 s.
Constraint integration took 0.013387 s.
Constraint elimination took 0.010934000000000001 s.
Reindexing took 0.000222 s.
eliminate_constraints took 0.024663000000000001 s.
Eliminated dimension: 5002 x 5002
#nonzeros: 63274
integer variables #: 94
continuous variables #: 4908
initial full solution
CHOLMOD warning: matrix not positive definite. file: ./CHOLMOD/Supernodal/t_cholmod_super_numeric_worker.c line: 1090
final full solution
CHOLMOD warning: matrix not positive definite. file: ./CHOLMOD/Supernodal/t_cholmod_super_numeric_worker.c line: 1090
 *** Statistics of MiSo Solver ***
Number of LOCAL iterations  = 94
Number of CG    iterations  = 94
Number of FULL  iterations  = 2
Number of ROUNDING          = 94
solve_multiple_rounding took 0.24046799999999996 s.
solve took 0.24059699999999998 s.
restore_eliminated_vars took 0.00077000000000000007 s.
solve took 0.27131299999999997 s.
ITERATION 2 FLIPS 0 
**** END OPTIMIZING #FLIPS 0  ****
       UV=2845 FUV=4998
Invalid MIQ output: UV=2845x2 FUV=4998x3

 Closed: Fri May 08 19:00:31 2026


  gradient_size: 30.0  timeout: 1800s  [stiff=50.0 dr=0 it=5]

  FAILED: Command '['/root/SemanPartMesh/quad_extract/build/extract_quad_mesh', '/root/SemanPartMesh/compare_8d46740c472f9d36b7a04b65023ffc59_ns3000_20260508_184014/baseline/quad_meshes/8d46740c472f9d36b7a04b65023ffc59_quad_extract_work/8d46740c472f9d36b7a04b65023ffc59_quad_pml_repaired.obj', '/root/SemanPartMesh/compare_8d46740c472f9d36b7a04b65023ffc59_ns3000_20260508_184014/baseline/quad_meshes/8d46740c472f9d36b7a04b65023ffc59_quad_extract_work/8d46740c472f9d36b7a04b65023ffc59_quad_pml_repaired_cf.txt', '/root/SemanPartMesh/compare_8d46740c472f9d36b7a04b65023ffc59_ns3000_20260508_184014/baseline/quad_meshes/8d46740c472f9d36b7a04b65023ffc59_quad_extract_work/8d46740c472f9d36b7a04b65023ffc59_quad_gs30.obj', '30.0', '50.0', '0', '5', '5']' returned non-zero exit status 1.
  binary       : /root/SemanPartMesh/quad_extract/build/extract_quad_mesh
  input mesh   : /root/SemanPartMesh/compare_8d46740c472f9d36b7a04b65023ffc59_ns3000_20260508_184014/baseline/quad_meshes/8d46740c472f9d36b7a04b65023ffc59_quad_extract_work/8d46740c472f9d36b7a04b65023ffc59_quad_pml_repaired.obj
  cross field  : /root/SemanPartMesh/compare_8d46740c472f9d36b7a04b65023ffc59_ns3000_20260508_184014/baseline/quad_meshes/8d46740c472f9d36b7a04b65023ffc59_quad_extract_work/8d46740c472f9d36b7a04b65023ffc59_quad_pml_repaired_cf.txt
  output       : /root/SemanPartMesh/compare_8d46740c472f9d36b7a04b65023ffc59_ns3000_20260508_184014/baseline/quad_meshes/8d46740c472f9d36b7a04b65023ffc59_quad_extract_work/8d46740c472f9d36b7a04b65023ffc59_quad_gs30.obj
  gradient_size: 30.0  timeout: 1800s  [stiff=5.0 dr=1 it=5]

  FAILED: Command '['/root/SemanPartMesh/quad_extract/build/extract_quad_mesh', '/root/SemanPartMesh/compare_8d46740c472f9d36b7a04b65023ffc59_ns3000_20260508_184014/baseline/quad_meshes/8d46740c472f9d36b7a04b65023ffc59_quad_extract_work/8d46740c472f9d36b7a04b65023ffc59_quad_pml_repaired.obj', '/root/SemanPartMesh/compare_8d46740c472f9d36b7a04b65023ffc59_ns3000_20260508_184014/baseline/quad_meshes/8d46740c472f9d36b7a04b65023ffc59_quad_extract_work/8d46740c472f9d36b7a04b65023ffc59_quad_pml_repaired_cf.txt', '/root/SemanPartMesh/compare_8d46740c472f9d36b7a04b65023ffc59_ns3000_20260508_184014/baseline/quad_meshes/8d46740c472f9d36b7a04b65023ffc59_quad_extract_work/8d46740c472f9d36b7a04b65023ffc59_quad_gs30.obj', '30.0', '5.0', '1', '5', '5']' returned non-zero exit status 1.
  binary       : /root/SemanPartMesh/quad_extract/build/extract_quad_mesh
  input mesh   : /root/SemanPartMesh/compare_8d46740c472f9d36b7a04b65023ffc59_ns3000_20260508_184014/baseline/quad_meshes/8d46740c472f9d36b7a04b65023ffc59_quad_extract_work/8d46740c472f9d36b7a04b65023ffc59_quad_pml_repaired.obj
  cross field  : /root/SemanPartMesh/compare_8d46740c472f9d36b7a04b65023ffc59_ns3000_20260508_184014/baseline/quad_meshes/8d46740c472f9d36b7a04b65023ffc59_quad_extract_work/8d46740c472f9d36b7a04b65023ffc59_quad_pml_repaired_cf.txt
  output       : /root/SemanPartMesh/compare_8d46740c472f9d36b7a04b65023ffc59_ns3000_20260508_184014/baseline/quad_meshes/8d46740c472f9d36b7a04b65023ffc59_quad_extract_work/8d46740c472f9d36b7a04b65023ffc59_quad_gs30.obj
  gradient_size: 30.0  timeout: 1800s  [stiff=50.0 dr=1 it=5]

  FAILED: Command '['/root/SemanPartMesh/quad_extract/build/extract_quad_mesh', '/root/SemanPartMesh/compare_8d46740c472f9d36b7a04b65023ffc59_ns3000_20260508_184014/baseline/quad_meshes/8d46740c472f9d36b7a04b65023ffc59_quad_extract_work/8d46740c472f9d36b7a04b65023ffc59_quad_pml_repaired.obj', '/root/SemanPartMesh/compare_8d46740c472f9d36b7a04b65023ffc59_ns3000_20260508_184014/baseline/quad_meshes/8d46740c472f9d36b7a04b65023ffc59_quad_extract_work/8d46740c472f9d36b7a04b65023ffc59_quad_pml_repaired_cf.txt', '/root/SemanPartMesh/compare_8d46740c472f9d36b7a04b65023ffc59_ns3000_20260508_184014/baseline/quad_meshes/8d46740c472f9d36b7a04b65023ffc59_quad_extract_work/8d46740c472f9d36b7a04b65023ffc59_quad_gs30.obj', '30.0', '50.0', '1', '5', '5']' returned non-zero exit status 1.
  binary       : /root/SemanPartMesh/quad_extract/build/extract_quad_mesh
  input mesh   : /root/SemanPartMesh/compare_8d46740c472f9d36b7a04b65023ffc59_ns3000_20260508_184014/baseline/quad_meshes/8d46740c472f9d36b7a04b65023ffc59_quad_extract_work/8d46740c472f9d36b7a04b65023ffc59_quad_pml_repaired.obj
  cross field  : /root/SemanPartMesh/compare_8d46740c472f9d36b7a04b65023ffc59_ns3000_20260508_184014/baseline/quad_meshes/8d46740c472f9d36b7a04b65023ffc59_quad_extract_work/8d46740c472f9d36b7a04b65023ffc59_quad_pml_repaired_cf.txt
  output       : /root/SemanPartMesh/compare_8d46740c472f9d36b7a04b65023ffc59_ns3000_20260508_184014/baseline/quad_meshes/8d46740c472f9d36b7a04b65023ffc59_quad_extract_work/8d46740c472f9d36b7a04b65023ffc59_quad_gs30.obj
  gradient_size: 30.0  timeout: 1800s  [stiff=200.0 dr=1 it=3]

  FAILED: Command '['/root/SemanPartMesh/quad_extract/build/extract_quad_mesh', '/root/SemanPartMesh/compare_8d46740c472f9d36b7a04b65023ffc59_ns3000_20260508_184014/baseline/quad_meshes/8d46740c472f9d36b7a04b65023ffc59_quad_extract_work/8d46740c472f9d36b7a04b65023ffc59_quad_pml_repaired.obj', '/root/SemanPartMesh/compare_8d46740c472f9d36b7a04b65023ffc59_ns3000_20260508_184014/baseline/quad_meshes/8d46740c472f9d36b7a04b65023ffc59_quad_extract_work/8d46740c472f9d36b7a04b65023ffc59_quad_pml_repaired_cf.txt', '/root/SemanPartMesh/compare_8d46740c472f9d36b7a04b65023ffc59_ns3000_20260508_184014/baseline/quad_meshes/8d46740c472f9d36b7a04b65023ffc59_quad_extract_work/8d46740c472f9d36b7a04b65023ffc59_quad_gs30.obj', '30.0', '200.0', '1', '3', '5']' returned non-zero exit status 1.
  FAILED: extraction failed for gs=30.0

[Auto Sweep] Trying gradient_size=40.0
  binary       : /root/SemanPartMesh/quad_extract/build/extract_quad_mesh
  input mesh   : /root/SemanPartMesh/compare_8d46740c472f9d36b7a04b65023ffc59_ns3000_20260508_184014/baseline/quad_meshes/8d46740c472f9d36b7a04b65023ffc59_quad_extract_work/8d46740c472f9d36b7a04b65023ffc59_quad_pml_repaired.obj
  cross field  : /root/SemanPartMesh/compare_8d46740c472f9d36b7a04b65023ffc59_ns3000_20260508_184014/baseline/quad_meshes/8d46740c472f9d36b7a04b65023ffc59_quad_extract_work/8d46740c472f9d36b7a04b65023ffc59_quad_pml_repaired_cf.txt
  output       : /root/SemanPartMesh/compare_8d46740c472f9d36b7a04b65023ffc59_ns3000_20260508_184014/baseline/quad_meshes/8d46740c472f9d36b7a04b65023ffc59_quad_extract_work/8d46740c472f9d36b7a04b65023ffc59_quad_gs40.obj
  gradient_size: 40.0  timeout: 1800s

  FAILED: Command '['/root/SemanPartMesh/quad_extract/build/extract_quad_mesh', '/root/SemanPartMesh/compare_8d46740c472f9d36b7a04b65023ffc59_ns3000_20260508_184014/baseline/quad_meshes/8d46740c472f9d36b7a04b65023ffc59_quad_extract_work/8d46740c472f9d36b7a04b65023ffc59_quad_pml_repaired.obj', '/root/SemanPartMesh/compare_8d46740c472f9d36b7a04b65023ffc59_ns3000_20260508_184014/baseline/quad_meshes/8d46740c472f9d36b7a04b65023ffc59_quad_extract_work/8d46740c472f9d36b7a04b65023ffc59_quad_pml_repaired_cf.txt', '/root/SemanPartMesh/compare_8d46740c472f9d36b7a04b65023ffc59_ns3000_20260508_184014/baseline/quad_meshes/8d46740c472f9d36b7a04b65023ffc59_quad_extract_work/8d46740c472f9d36b7a04b65023ffc59_quad_gs40.obj', '40.0', '5.0', '0', '5', '5']' returned non-zero exit status 1.
  binary       : /root/SemanPartMesh/quad_extract/build/extract_quad_mesh
  input mesh   : /root/SemanPartMesh/compare_8d46740c472f9d36b7a04b65023ffc59_ns3000_20260508_184014/baseline/quad_meshes/8d46740c472f9d36b7a04b65023ffc59_quad_extract_work/8d46740c472f9d36b7a04b65023ffc59_quad_pml_repaired.obj
  cross field  : /root/SemanPartMesh/compare_8d46740c472f9d36b7a04b65023ffc59_ns3000_20260508_184014/baseline/quad_meshes/8d46740c472f9d36b7a04b65023ffc59_quad_extract_work/8d46740c472f9d36b7a04b65023ffc59_quad_pml_repaired_cf.txt
  output       : /root/SemanPartMesh/compare_8d46740c472f9d36b7a04b65023ffc59_ns3000_20260508_184014/baseline/quad_meshes/8d46740c472f9d36b7a04b65023ffc59_quad_extract_work/8d46740c472f9d36b7a04b65023ffc59_quad_gs40.obj
  gradient_size: 40.0  timeout: 1800s  [stiff=50.0 dr=0 it=5]

  FAILED: Command '['/root/SemanPartMesh/quad_extract/build/extract_quad_mesh', '/root/SemanPartMesh/compare_8d46740c472f9d36b7a04b65023ffc59_ns3000_20260508_184014/baseline/quad_meshes/8d46740c472f9d36b7a04b65023ffc59_quad_extract_work/8d46740c472f9d36b7a04b65023ffc59_quad_pml_repaired.obj', '/root/SemanPartMesh/compare_8d46740c472f9d36b7a04b65023ffc59_ns3000_20260508_184014/baseline/quad_meshes/8d46740c472f9d36b7a04b65023ffc59_quad_extract_work/8d46740c472f9d36b7a04b65023ffc59_quad_pml_repaired_cf.txt', '/root/SemanPartMesh/compare_8d46740c472f9d36b7a04b65023ffc59_ns3000_20260508_184014/baseline/quad_meshes/8d46740c472f9d36b7a04b65023ffc59_quad_extract_work/8d46740c472f9d36b7a04b65023ffc59_quad_gs40.obj', '40.0', '50.0', '0', '5', '5']' returned non-zero exit status 1.[1/4] Loading mesh: /root/SemanPartMesh/compare_8d46740c472f9d36b7a04b65023ffc59_ns3000_20260508_184014/baseline/quad_meshes/8d46740c472f9d36b7a04b65023ffc59_quad_extract_work/8d46740c472f9d36b7a04b65023ffc59_quad_pml_repaired.obj
       V=2500 F=4998
[2/4] Loading cross field: /root/SemanPartMesh/compare_8d46740c472f9d36b7a04b65023ffc59_ns3000_20260508_184014/baseline/quad_meshes/8d46740c472f9d36b7a04b65023ffc59_quad_extract_work/8d46740c472f9d36b7a04b65023ffc59_quad_pml_repaired_cf.txt
       cross field rows=4998
[3/4] Running MIQ parameterization (gradient_size=40, stiffness=5, iters=5)...

 INITIALIZED SPARSE MATRIX OF 5690d x 5690d 

 INITIALIZED SPARSE MATRIX OF 848d x 5850d 

 INITIALIZED VECTOR OF 5690d x 1 

 INITIALIZED VECTOR OF 848d x 1 
Initital dimension: 5850 x 5850, number of constraints: 848, number of integer variables: 252, use reordering: yes
make_constraints_independent took 0.0050609999999999995 s.
Constraint integration took 0.012762000000000001 s.
Constraint elimination took 0.0081150000000000007 s.
Reindexing took 0.000241 s.
eliminate_constraints took 0.021281999999999999 s.
Eliminated dimension: 5002 x 5002
#nonzeros: 56922
integer variables #: 94
continuous variables #: 4908
CHOLMOD warning: matrix not positive definite. file: ./CHOLMOD/Supernodal/t_cholmod_super_numeric_worker.c line: 1090
CHOLMOD warning: not positive definite. file: ./CHOLMOD/Cholesky/t_cholmod_rowfac_worker.c line: 433
solve took 0.024111 s.
restore_eliminated_vars took 0.00080200000000000009 s.
solve took 0.051986000000000004 s.
ITERATION 0 FLIPS 0 
**** END OPTIMIZING #FLIPS 0  ****
       UV=2845 FUV=4998
Invalid MIQ output: UV=2845x2 FUV=4998x3

 Closed: Fri May 08 19:00:31 2026

[1/4] Loading mesh: /root/SemanPartMesh/compare_8d46740c472f9d36b7a04b65023ffc59_ns3000_20260508_184014/baseline/quad_meshes/8d46740c472f9d36b7a04b65023ffc59_quad_extract_work/8d46740c472f9d36b7a04b65023ffc59_quad_pml_repaired.obj
       V=2500 F=4998
[2/4] Loading cross field: /root/SemanPartMesh/compare_8d46740c472f9d36b7a04b65023ffc59_ns3000_20260508_184014/baseline/quad_meshes/8d46740c472f9d36b7a04b65023ffc59_quad_extract_work/8d46740c472f9d36b7a04b65023ffc59_quad_pml_repaired_cf.txt
       cross field rows=4998
[3/4] Running MIQ parameterization (gradient_size=40, stiffness=50, iters=5)...

 INITIALIZED SPARSE MATRIX OF 5690d x 5690d 

 INITIALIZED SPARSE MATRIX OF 848d x 5850d 

 INITIALIZED VECTOR OF 5690d x 1 

 INITIALIZED VECTOR OF 848d x 1 
Initital dimension: 5850 x 5850, number of constraints: 848, number of integer variables: 252, use reordering: yes
make_constraints_independent took 0.0050120000000000008 s.
Constraint integration took 0.012691000000000001 s.
Constraint elimination took 0.008176000000000001 s.
Reindexing took 0.00023800000000000001 s.
eliminate_constraints took 0.021276 s.
Eliminated dimension: 5002 x 5002
#nonzeros: 56922
integer variables #: 94
continuous variables #: 4908
CHOLMOD warning: matrix not positive definite. file: ./CHOLMOD/Supernodal/t_cholmod_super_numeric_worker.c line: 1090
CHOLMOD warning: not positive definite. file: ./CHOLMOD/Cholesky/t_cholmod_rowfac_worker.c line: 433
solve took 0.023564000000000002 s.
restore_eliminated_vars took 0.00081000000000000006 s.
solve took 0.051311999999999997 s.
ITERATION 0 FLIPS 0 
**** END OPTIMIZING #FLIPS 0  ****
       UV=2845 FUV=4998
Invalid MIQ output: UV=2845x2 FUV=4998x3

 Closed: Fri May 08 19:00:31 2026

[1/4] Loading mesh: /root/SemanPartMesh/compare_8d46740c472f9d36b7a04b65023ffc59_ns3000_20260508_184014/baseline/quad_meshes/8d46740c472f9d36b7a04b65023ffc59_quad_extract_work/8d46740c472f9d36b7a04b65023ffc59_quad_pml_repaired.obj
       V=2500 F=4998
[2/4] Loading cross field: /root/SemanPartMesh/compare_8d46740c472f9d36b7a04b65023ffc59_ns3000_20260508_184014/baseline/quad_meshes/8d46740c472f9d36b7a04b65023ffc59_quad_extract_work/8d46740c472f9d36b7a04b65023ffc59_quad_pml_repaired_cf.txt
       cross field rows=4998
[3/4] Running MIQ parameterization (gradient_size=40, stiffness=200, iters=3)...

 INITIALIZED SPARSE MATRIX OF 5690d x 5690d 

 INITIALIZED SPARSE MATRIX OF 848d x 5850d 

 INITIALIZED VECTOR OF 5690d x 1 

 INITIALIZED VECTOR OF 848d x 1 
Initital dimension: 5850 x 5850, number of constraints: 848, number of integer variables: 252, use reordering: yes
make_constraints_independent took 0.0047930000000000004 s.
Constraint integration took 0.012444999999999999 s.
Constraint elimination took 0.0076959999999999997 s.
Reindexing took 0.000222 s.
eliminate_constraints took 0.020490999999999999 s.
Eliminated dimension: 5002 x 5002
#nonzeros: 56922
integer variables #: 94
continuous variables #: 4908
CHOLMOD warning: matrix not positive definite. file: ./CHOLMOD/Supernodal/t_cholmod_super_numeric_worker.c line: 1090
CHOLMOD warning: not positive definite. file: ./CHOLMOD/Cholesky/t_cholmod_rowfac_worker.c line: 433
solve took 0.024070000000000001 s.
restore_eliminated_vars took 0.00082900000000000009 s.
solve took 0.050743000000000003 s.
ITERATION 0 FLIPS 0 
**** END OPTIMIZING #FLIPS 0  ****
       UV=2845 FUV=4998
Invalid MIQ output: UV=2845x2 FUV=4998x3

 Closed: Fri May 08 19:00:32 2026

[1/4] Loading mesh: /root/SemanPartMesh/compare_8d46740c472f9d36b7a04b65023ffc59_ns3000_20260508_184014/baseline/quad_meshes/8d46740c472f9d36b7a04b65023ffc59_quad_extract_work/8d46740c472f9d36b7a04b65023ffc59_quad_pml_repaired.obj
       V=2500 F=4998
[2/4] Loading cross field: /root/SemanPartMesh/compare_8d46740c472f9d36b7a04b65023ffc59_ns3000_20260508_184014/baseline/quad_meshes/8d46740c472f9d36b7a04b65023ffc59_quad_extract_work/8d46740c472f9d36b7a04b65023ffc59_quad_pml_repaired_cf.txt
       cross field rows=4998
[3/4] Running MIQ parameterization (gradient_size=60, stiffness=5, iters=5)...

 INITIALIZED SPARSE MATRIX OF 5690d x 5690d 

 INITIALIZED SPARSE MATRIX OF 848d x 5850d 

 INITIALIZED VECTOR OF 5690d x 1 

 INITIALIZED VECTOR OF 848d x 1 
Initital dimension: 5850 x 5850, number of constraints: 848, number of integer variables: 252, use reordering: yes
make_constraints_independent took 0.0047559999999999998 s.
Constraint integration took 0.012319 s.
Constraint elimination took 0.0077620000000000007 s.
Reindexing took 0.00024600000000000002 s.
eliminate_constraints took 0.020468 s.
Eliminated dimension: 5002 x 5002
#nonzeros: 56922
integer variables #: 94
continuous variables #: 4908
initial full solution
CHOLMOD warning: matrix not positive definite. file: ./CHOLMOD/Supernodal/t_cholmod_super_numeric_worker.c line: 1090
CHOLMOD warning: matrix not positive definite. file: ./CHOLMOD/Supernodal/t_cholmod_super_numeric_worker.c line: 1090
CHOLMOD warning: matrix not positive definite. file: ./CHOLMOD/Supernodal/t_cholmod_super_numeric_worker.c line: 1090
CHOLMOD warning: matrix not positive definite. file: ./CHOLMOD/Supernodal/t_cholmod_super_numeric_worker.c line: 1090
CHOLMOD warning: matrix not positive definite. file: ./CHOLMOD/Supernodal/t_cholmod_super_numeric_worker.c line: 1090
CHOLMOD warning: matrix not positive definite. file: ./CHOLMOD/Supernodal/t_cholmod_super_numeric_worker.c line: 1090
CHOLMOD warning: matrix not positive definite. file: ./CHOLMOD/Supernodal/t_cholmod_super_numeric_worker.c line: 1090
CHOLMOD warning: matrix not positive definite. file: ./CHOLMOD/Supernodal/t_cholmod_super_numeric_worker.c line: 1090
CHOLMOD warning: matrix not positive definite. file: ./CHOLMOD/Supernodal/t_cholmod_super_numeric_worker.c line: 1090
CHOLMOD warning: matrix not positive definite. file: ./CHOLMOD/Supernodal/t_cholmod_super_numeric_worker.c line: 1090
CHOLMOD warning: matrix not positive definite. file: ./CHOLMOD/Supernodal/t_cholmod_super_numeric_worker.c line: 1090
CHOLMOD warning: matrix not positive definite. file: ./CHOLMOD/Supernodal/t_cholmod_super_numeric_worker.c line: 1090
CHOLMOD warning: matrix not positive definite. file: ./CHOLMOD/Supernodal/t_cholmod_super_numeric_worker.c line: 1090
CHOLMOD warning: matrix not positive definite. file: ./CHOLMOD/Supernodal/t_cholmod_super_numeric_worker.c line: 1090
CHOLMOD warning: matrix not positive definite. file: ./CHOLMOD/Supernodal/t_cholmod_super_numeric_worker.c line: 1090
CHOLMOD warning: matrix not positive definite. file: ./CHOLMOD/Supernodal/t_cholmod_super_numeric_worker.c line: 1090
CHOLMOD warning: matrix not positive definite. file: ./CHOLMOD/Supernodal/t_cholmod_super_numeric_worker.c line: 1090
CHOLMOD warning: matrix not positive definite. file: ./CHOLMOD/Supernodal/t_cholmod_super_numeric_worker.c line: 1090
CHOLMOD warning: matrix not positive definite. file: ./CHOLMOD/Supernodal/t_cholmod_super_numeric_worker.c line: 1090
CHOLMOD warning: matrix not positive definite. file: ./CHOLMOD/Supernodal/t_cholmod_super_numeric_worker.c line: 1090
CHOLMOD warning: matrix not positive definite. file: ./CHOLMOD/Supernodal/t_cholmod_super_numeric_worker.c line: 1090
CHOLMOD warning: matrix not positive definite. file: ./CHOLMOD/Supernodal/t_cholmod_super_numeric_worker.c line: 1090
CHOLMOD warning: matrix not positive definite. file: ./CHOLMOD/Supernodal/t_cholmod_super_numeric_worker.c line: 1090
CHOLMOD warning: matrix not positive definite. file: ./CHOLMOD/Supernodal/t_cholmod_super_numeric_worker.c line: 1090
CHOLMOD warning: matrix not positive definite. file: ./CHOLMOD/Supernodal/t_cholmod_super_numeric_worker.c line: 1090
CHOLMOD warning: matrix not positive definite. file: ./CHOLMOD/Supernodal/t_cholmod_super_numeric_worker.c line: 1090
CHOLMOD warning: matrix not positive definite. file: ./CHOLMOD/Supernodal/t_cholmod_super_numeric_worker.c line: 1090
CHOLMOD warning: matrix not positive definite. file: ./CHOLMOD/Supernodal/t_cholmod_super_numeric_worker.c line: 1090
CHOLMOD warning: matrix not positive definite. file: ./CHOLMOD/Supernodal/t_cholmod_super_numeric_worker.c line: 1090
CHOLMOD warning: matrix not positive definite. file: ./CHOLMOD/Supernodal/t_cholmod_super_numeric_worker.c line: 1090
CHOLMOD warning: matrix not positive definite. file: ./CHOLMOD/Supernodal/t_cholmod_super_numeric_worker.c line: 1090
CHOLMOD warning: matrix not positive definite. file: ./CHOLMOD/Supernodal/t_cholmod_super_numeric_worker.c line: 1090
CHOLMOD warning: matrix not positive definite. file: ./CHOLMOD/Supernodal/t_cholmod_super_numeric_worker.c line: 1090
CHOLMOD warning: matrix not positive definite. file: ./CHOLMOD/Supernodal/t_cholmod_super_numeric_worker.c line: 1090
CHOLMOD warning: matrix not positive definite. file: ./CHOLMOD/Supernodal/t_cholmod_super_numeric_worker.c line: 1090
CHOLMOD warning: matrix not positive definite. file: ./CHOLMOD/Supernodal/t_cholmod_super_numeric_worker.c line: 1090
CHOLMOD warning: matrix not positive definite. file: ./CHOLMOD/Supernodal/t_cholmod_super_numeric_worker.c line: 1090
CHOLMOD warning: matrix not positive definite. file: ./CHOLMOD/Supernodal/t_cholmod_super_numeric_worker.c line: 1090
CHOLMOD warning: matrix not positive definite. file: ./CHOLMOD/Supernodal/t_cholmod_super_numeric_worker.c line: 1090
CHOLMOD warning: matrix not positive definite. file: ./CHOLMOD/Supernodal/t_cholmod_super_numeric_worker.c line: 1090
CHOLMOD warning: matrix not positive definite. file: ./CHOLMOD/Supernodal/t_cholmod_super_numeric_worker.c line: 1090
CHOLMOD warning: matrix not positive definite. file: ./CHOLMOD/Supernodal/t_cholmod_super_numeric_worker.c line: 1090
CHOLMOD warning: matrix not positive definite. file: ./CHOLMOD/Supernodal/t_cholmod_super_numeric_worker.c line: 1090
CHOLMOD warning: matrix not positive definite. file: ./CHOLMOD/Supernodal/t_cholmod_super_numeric_worker.c line: 1090
CHOLMOD warning: matrix not positive definite. file: ./CHOLMOD/Supernodal/t_cholmod_super_numeric_worker.c line: 1090
final full solution
CHOLMOD warning: matrix not positive definite. file: ./CHOLMOD/Supernodal/t_cholmod_super_numeric_worker.c line: 1090
 *** Statistics of MiSo Solver ***
Number of LOCAL iterations  = 44
Number of CG    iterations  = 44
Number of FULL  iterations  = 46
Number of ROUNDING          = 94
solve_multiple_rounding took 3.6969949999999998 s.
solve took 3.6971080000000001 s.
restore_eliminated_vars took 0.00082800000000000007 s.
solve took 3.723808 s.
Maximum Distorsion 4.5789 
Maximum Laplacian 11.1192 
ITERATION 0 FLIPS 15 

 INITIALIZED SPARSE MATRIX OF 5690d x 5690d 

 INITIALIZED SPARSE MATRIX OF 848d x 5850d 

 INITIALIZED VECTOR OF 5690d x 1 

 INITIALIZED VECTOR OF 848d x 1 
Initital dimension: 5850 x 5850, number of constraints: 848, number of integer variables: 252, use reordering: yes
make_constraints_independent took 0.004385 s.
Constraint integration took 0.012051000000000001 s.
Constraint elimination took 0.0069290000000000003 s.
Reindexing took 0.00023700000000000001 s.
eliminate_constraints took 0.019376000000000001 s.
Eliminated dimension: 5002 x 5002
#nonzeros: 56948
integer variables #: 94
continuous variables #: 4908
initial full solution
CHOLMOD warning: matrix not positive definite. file: ./CHOLMOD/Supernodal/t_cholmod_super_numeric_worker.c line: 1090
CHOLMOD warning: matrix not positive definite. file: ./CHOLMOD/Supernodal/t_cholmod_super_numeric_worker.c line: 1090
CHOLMOD warning: matrix not positive definite. file: ./CHOLMOD/Supernodal/t_cholmod_super_numeric_worker.c line: 1090
CHOLMOD warning: matrix not positive definite. file: ./CHOLMOD/Supernodal/t_cholmod_super_numeric_worker.c line: 1090
CHOLMOD warning: matrix not positive definite. file: ./CHOLMOD/Supernodal/t_cholmod_super_numeric_worker.c line: 1090
CHOLMOD warning: matrix not positive definite. file: ./CHOLMOD/Supernodal/t_cholmod_super_numeric_worker.c line: 1090
CHOLMOD warning: matrix not positive definite. file: ./CHOLMOD/Supernodal/t_cholmod_super_numeric_worker.c line: 1090
CHOLMOD warning: matrix not positive definite. file: ./CHOLMOD/Supernodal/t_cholmod_super_numeric_worker.c line: 1090
CHOLMOD warning: matrix not positive definite. file: ./CHOLMOD/Supernodal/t_cholmod_super_numeric_worker.c line: 1090
CHOLMOD warning: matrix not positive definite. file: ./CHOLMOD/Supernodal/t_cholmod_super_numeric_worker.c line: 1090
CHOLMOD warning: matrix not positive definite. file: ./CHOLMOD/Supernodal/t_cholmod_super_numeric_worker.c line: 1090
CHOLMOD warning: matrix not positive definite. file: ./CHOLMOD/Supernodal/t_cholmod_super_numeric_worker.c line: 1090
CHOLMOD warning: matrix not positive definite. file: ./CHOLMOD/Supernodal/t_cholmod_super_numeric_worker.c line: 1090
CHOLMOD warning: matrix not positive definite. file: ./CHOLMOD/Supernodal/t_cholmod_super_numeric_worker.c line: 1090
CHOLMOD warning: matrix not positive definite. file: ./CHOLMOD/Supernodal/t_cholmod_super_numeric_worker.c line: 1090
CHOLMOD warning: matrix not positive definite. file: ./CHOLMOD/Supernodal/t_cholmod_super_numeric_worker.c line: 1090
CHOLMOD warning: matrix not positive definite. file: ./CHOLMOD/Supernodal/t_cholmod_super_numeric_worker.c line: 1090
CHOLMOD warning: matrix not positive definite. file: ./CHOLMOD/Supernodal/t_cholmod_super_numeric_worker.c line: 1090
CHOLMOD warning: matrix not positive definite. file: ./CHOLMOD/Supernodal/t_cholmod_super_numeric_worker.c line: 1090
CHOLMOD warning: matrix not positive definite. file: ./CHOLMOD/Supernodal/t_cholmod_super_numeric_worker.c line: 1090
CHOLMOD warning: matrix not positive definite. file: ./CHOLMOD/Supernodal/t_cholmod_super_numeric_worker.c line: 1090
CHOLMOD warning: matrix not positive definite. file: ./CHOLMOD/Supernodal/t_cholmod_super_numeric_worker.c line: 1090
CHOLMOD warning: matrix not positive definite. file: ./CHOLMOD/Supernodal/t_cholmod_super_numeric_worker.c line: 1090
CHOLMOD warning: matrix not positive definite. file: ./CHOLMOD/Supernodal/t_cholmod_super_numeric_worker.c line: 1090
CHOLMOD warning: matrix not positive definite. file: ./CHOLMOD/Supernodal/t_cholmod_super_numeric_worker.c line: 1090
CHOLMOD warning: matrix not positive definite. file: ./CHOLMOD/Supernodal/t_cholmod_super_numeric_worker.c line: 1090
CHOLMOD warning: matrix not positive definite. file: ./CHOLMOD/Supernodal/t_cholmod_super_numeric_worker.c line: 1090
CHOLMOD warning: matrix not positive definite. file: ./CHOLMOD/Supernodal/t_cholmod_super_numeric_worker.c line: 1090
CHOLMOD warning: matrix not positive definite. file: ./CHOLMOD/Supernodal/t_cholmod_super_numeric_worker.c line: 1090
CHOLMOD warning: matrix not positive definite. file: ./CHOLMOD/Supernodal/t_cholmod_super_numeric_worker.c line: 1090
CHOLMOD warning: matrix not positive definite. file: ./CHOLMOD/Supernodal/t_cholmod_super_numeric_worker.c line: 1090
CHOLMOD warning: matrix not positive definite. file: ./CHOLMOD/Supernodal/t_cholmod_super_numeric_worker.c line: 1090
CHOLMOD warning: matrix not positive definite. file: ./CHOLMOD/Supernodal/t_cholmod_super_numeric_worker.c line: 1090
CHOLMOD warning: matrix not positive definite. file: ./CHOLMOD/Supernodal/t_cholmod_super_numeric_worker.c line: 1090
CHOLMOD warning: matrix not positive definite. file: ./CHOLMOD/Supernodal/t_cholmod_super_numeric_worker.c line: 1090
CHOLMOD warning: matrix not positive definite. file: ./CHOLMOD/Supernodal/t_cholmod_super_numeric_worker.c line: 1090
CHOLMOD warning: matrix not positive definite. file: ./CHOLMOD/Supernodal/t_cholmod_super_numeric_worker.c line: 1090
CHOLMOD warning: matrix not positive definite. file: ./CHOLMOD/Supernodal/t_cholmod_super_numeric_worker.c line: 1090
CHOLMOD warning: matrix not positive definite. file: ./CHOLMOD/Supernodal/t_cholmod_super_numeric_worker.c line: 1090
CHOLMOD warning: matrix not positive definite. file: ./CHOLMOD/Supernodal/t_cholmod_super_numeric_worker.c line: 1090
CHOLMOD warning: matrix not positive definite. file: ./CHOLMOD/Supernodal/t_cholmod_super_numeric_worker.c line: 1090
CHOLMOD warning: matrix not positive definite. file: ./CHOLMOD/Supernodal/t_cholmod_super_numeric_worker.c line: 1090
CHOLMOD warning: matrix not positive definite. file: ./CHOLMOD/Supernodal/t_cholmod_super_numeric_worker.c line: 1090
CHOLMOD warning: matrix not positive definite. file: ./CHOLMOD/Supernodal/t_cholmod_super_numeric_worker.c line: 1090
CHOLMOD warning: matrix not positive definite. file: ./CHOLMOD/Supernodal/t_cholmod_super_numeric_worker.c line: 1090
CHOLMOD warning: matrix not positive definite. file: ./CHOLMOD/Supernodal/t_cholmod_super_numeric_worker.c line: 1090
CHOLMOD warning: matrix not positive definite. file: ./CHOLMOD/Supernodal/t_cholmod_super_numeric_worker.c line: 1090
final full solution
CHOLMOD warning: matrix not positive definite. file: ./CHOLMOD/Supernodal/t_cholmod_super_numeric_worker.c line: 1090
 *** Statistics of MiSo Solver ***
Number of LOCAL iterations  = 47
Number of CG    iterations  = 47
Number of FULL  iterations  = 48
Number of ROUNDING          = 94
solve_multiple_rounding took 3.9126780000000001 s.
solve took 3.9127990000000001 s.
restore_eliminated_vars took 0.00084800000000000001 s.
solve took 3.938075 s.
Maximum Distorsion 4.3017 
Maximum Laplacian 9.9844 
ITERATION 1 FLIPS 8 

 INITIALIZED SPARSE MATRIX OF 5690d x 5690d 

 INITIALIZED SPARSE MATRIX OF 848d x 5850d 

 INITIALIZED VECTOR OF 5690d x 1 

 INITIALIZED VECTOR OF 848d x 1 
Initital dimension: 5850 x 5850, number of constraints: 848, number of integer variables: 252, use reordering: yes
make_constraints_independent took 0.0043930000000000002 s.
Constraint integration took 0.012544000000000001 s.
Constraint elimination took 0.0076119999999999998 s.
Reindexing took 0.00023300000000000003 s.
eliminate_constraints took 0.020536000000000002 s.
Eliminated dimension: 5002 x 5002
#nonzeros: 57375
integer variables #: 94
continuous variables #: 4908
initial full solution
CHOLMOD warning: matrix not positive definite. file: ./CHOLMOD/Supernodal/t_cholmod_super_numeric_worker.c line: 1090
CHOLMOD warning: matrix not positive definite. file: ./CHOLMOD/Supernodal/t_cholmod_super_numeric_worker.c line: 1090
CHOLMOD warning: matrix not positive definite. file: ./CHOLMOD/Supernodal/t_cholmod_super_numeric_worker.c line: 1090
CHOLMOD warning: matrix not positive definite. file: ./CHOLMOD/Supernodal/t_cholmod_super_numeric_worker.c line: 1090
CHOLMOD warning: matrix not positive definite. file: ./CHOLMOD/Supernodal/t_cholmod_super_numeric_worker.c line: 1090
CHOLMOD warning: matrix not positive definite. file: ./CHOLMOD/Supernodal/t_cholmod_super_numeric_worker.c line: 1090
CHOLMOD warning: matrix not positive definite. file: ./CHOLMOD/Supernodal/t_cholmod_super_numeric_worker.c line: 1090
CHOLMOD warning: matrix not positive definite. file: ./CHOLMOD/Supernodal/t_cholmod_super_numeric_worker.c line: 1090
CHOLMOD warning: matrix not positive definite. file: ./CHOLMOD/Supernodal/t_cholmod_super_numeric_worker.c line: 1090
CHOLMOD warning: matrix not positive definite. file: ./CHOLMOD/Supernodal/t_cholmod_super_numeric_worker.c line: 1090
CHOLMOD warning: matrix not positive definite. file: ./CHOLMOD/Supernodal/t_cholmod_super_numeric_worker.c line: 1090
CHOLMOD warning: matrix not positive definite. file: ./CHOLMOD/Supernodal/t_cholmod_super_numeric_worker.c line: 1090
CHOLMOD warning: matrix not positive definite. file: ./CHOLMOD/Supernodal/t_cholmod_super_numeric_worker.c line: 1090
CHOLMOD warning: matrix not positive definite. file: ./CHOLMOD/Supernodal/t_cholmod_super_numeric_worker.c line: 1090
CHOLMOD warning: matrix not positive definite. file: ./CHOLMOD/Supernodal/t_cholmod_super_numeric_worker.c line: 1090
CHOLMOD warning: matrix not positive definite. file: ./CHOLMOD/Supernodal/t_cholmod_super_numeric_worker.c line: 1090
CHOLMOD warning: matrix not positive definite. file: ./CHOLMOD/Supernodal/t_cholmod_super_numeric_worker.c line: 1090
CHOLMOD warning: matrix not positive definite. file: ./CHOLMOD/Supernodal/t_cholmod_super_numeric_worker.c line: 1090
CHOLMOD warning: matrix not positive definite. file: ./CHOLMOD/Supernodal/t_cholmod_super_numeric_worker.c line: 1090
CHOLMOD warning: matrix not positive definite. file: ./CHOLMOD/Supernodal/t_cholmod_super_numeric_worker.c line: 1090
CHOLMOD warning: matrix not positive definite. file: ./CHOLMOD/Supernodal/t_cholmod_super_numeric_worker.c line: 1090
CHOLMOD warning: matrix not positive definite. file: ./CHOLMOD/Supernodal/t_cholmod_super_numeric_worker.c line: 1090
CHOLMOD warning: matrix not positive definite. file: ./CHOLMOD/Supernodal/t_cholmod_super_numeric_worker.c line: 1090
CHOLMOD warning: matrix not positive definite. file: ./CHOLMOD/Supernodal/t_cholmod_super_numeric_worker.c line: 1090
CHOLMOD warning: matrix not positive definite. file: ./CHOLMOD/Supernodal/t_cholmod_super_numeric_worker.c line: 1090
CHOLMOD warning: matrix not positive definite. file: ./CHOLMOD/Supernodal/t_cholmod_super_numeric_worker.c line: 1090
CHOLMOD warning: matrix not positive definite. file: ./CHOLMOD/Supernodal/t_cholmod_super_numeric_worker.c line: 1090
CHOLMOD warning: matrix not positive definite. file: ./CHOLMOD/Supernodal/t_cholmod_super_numeric_worker.c line: 1090
CHOLMOD warning: matrix not positive definite. file: ./CHOLMOD/Supernodal/t_cholmod_super_numeric_worker.c line: 1090
CHOLMOD warning: matrix not positive definite. file: ./CHOLMOD/Supernodal/t_cholmod_super_numeric_worker.c line: 1090
CHOLMOD warning: matrix not positive definite. file: ./CHOLMOD/Supernodal/t_cholmod_super_numeric_worker.c line: 1090
CHOLMOD warning: matrix not positive definite. file: ./CHOLMOD/Supernodal/t_cholmod_super_numeric_worker.c line: 1090
CHOLMOD warning: matrix not positive definite. file: ./CHOLMOD/Supernodal/t_cholmod_super_numeric_worker.c line: 1090
CHOLMOD warning: matrix not positive definite. file: ./CHOLMOD/Supernodal/t_cholmod_super_numeric_worker.c line: 1090
CHOLMOD warning: matrix not positive definite. file: ./CHOLMOD/Supernodal/t_cholmod_super_numeric_worker.c line: 1090
CHOLMOD warning: matrix not positive definite. file: ./CHOLMOD/Supernodal/t_cholmod_super_numeric_worker.c line: 1090
CHOLMOD warning: matrix not positive definite. file: ./CHOLMOD/Supernodal/t_cholmod_super_numeric_worker.c line: 1090
CHOLMOD warning: matrix not positive definite. file: ./CHOLMOD/Supernodal/t_cholmod_super_numeric_worker.c line: 1090
CHOLMOD warning: matrix not positive definite. file: ./CHOLMOD/Supernodal/t_cholmod_super_numeric_worker.c line: 1090
final full solution
CHOLMOD warning: matrix not positive definite. file: ./CHOLMOD/Supernodal/t_cholmod_super_numeric_worker.c line: 1090
 *** Statistics of MiSo Solver ***
Number of LOCAL iterations  = 38
Number of CG    iterations  = 38
Number of FULL  iterations  = 40
Number of ROUNDING          = 94
solve_multiple_rounding took 3.2270430000000001 s.
solve took 3.2271830000000001 s.
restore_eliminated_vars took 0.000861 s.
solve took 3.2546720000000002 s.
Maximum Distorsion 4.3971 
Maximum Laplacian 10.3323 
ITERATION 2 FLIPS 6 

 INITIALIZED SPARSE MATRIX OF 5690d x 5690d 

 INITIALIZED SPARSE MATRIX OF 848d x 5850d 

 INITIALIZED VECTOR OF 5690d x 1 

 INITIALIZED VECTOR OF 848d x 1 
Initital dimension: 5850 x 5850, number of constraints: 848, number of integer variables: 252, use reordering: yes
make_constraints_independent took 0.0043119999999999999 s.
Constraint integration took 0.011803000000000001 s.
Constraint elimination took 0.0076360000000000004 s.
Reindexing took 0.00022000000000000001 s.
eliminate_constraints took 0.019788 s.
Eliminated dimension: 5002 x 5002
#nonzeros: 57025
integer variables #: 94
continuous variables #: 4908
initial full solution
CHOLMOD warning: matrix not positive definite. file: ./CHOLMOD/Supernodal/t_cholmod_super_numeric_worker.c line: 1090
CHOLMOD warning: matrix not positive definite. file: ./CHOLMOD/Supernodal/t_cholmod_super_numeric_worker.c line: 1090
CHOLMOD warning: matrix not positive definite. file: ./CHOLMOD/Supernodal/t_cholmod_super_numeric_worker.c line: 1090
CHOLMOD warning: matrix not positive definite. file: ./CHOLMOD/Supernodal/t_cholmod_super_numeric_worker.c line: 1090
CHOLMOD warning: matrix not positive definite. file: ./CHOLMOD/Supernodal/t_cholmod_super_numeric_worker.c line: 1090
CHOLMOD warning: matrix not positive definite. file: ./CHOLMOD/Supernodal/t_cholmod_super_numeric_worker.c line: 1090
CHOLMOD warning: matrix not positive definite. file: ./CHOLMOD/Supernodal/t_cholmod_super_numeric_worker.c line: 1090
CHOLMOD warning: matrix not positive definite. file: ./CHOLMOD/Supernodal/t_cholmod_super_numeric_worker.c line: 1090
CHOLMOD warning: matrix not positive definite. file: ./CHOLMOD/Supernodal/t_cholmod_super_numeric_worker.c line: 1090
CHOLMOD warning: matrix not positive definite. file: ./CHOLMOD/Supernodal/t_cholmod_super_numeric_worker.c line: 1090
CHOLMOD warning: matrix not positive definite. file: ./CHOLMOD/Supernodal/t_cholmod_super_numeric_worker.c line: 1090
CHOLMOD warning: matrix not positive definite. file: ./CHOLMOD/Supernodal/t_cholmod_super_numeric_worker.c line: 1090
CHOLMOD warning: matrix not positive definite. file: ./CHOLMOD/Supernodal/t_cholmod_super_numeric_worker.c line: 1090
CHOLMOD warning: matrix not positive definite. file: ./CHOLMOD/Supernodal/t_cholmod_super_numeric_worker.c line: 1090
CHOLMOD warning: matrix not positive definite. file: ./CHOLMOD/Supernodal/t_cholmod_super_numeric_worker.c line: 1090
CHOLMOD warning: matrix not positive definite. file: ./CHOLMOD/Supernodal/t_cholmod_super_numeric_worker.c line: 1090
CHOLMOD warning: matrix not positive definite. file: ./CHOLMOD/Supernodal/t_cholmod_super_numeric_worker.c line: 1090
CHOLMOD warning: matrix not positive definite. file: ./CHOLMOD/Supernodal/t_cholmod_super_numeric_worker.c line: 1090
CHOLMOD warning: matrix not positive definite. file: ./CHOLMOD/Supernodal/t_cholmod_super_numeric_worker.c line: 1090
CHOLMOD warning: matrix not positive definite. file: ./CHOLMOD/Supernodal/t_cholmod_super_numeric_worker.c line: 1090
CHOLMOD warning: matrix not positive definite. file: ./CHOLMOD/Supernodal/t_cholmod_super_numeric_worker.c line: 1090
CHOLMOD warning: matrix not positive definite. file: ./CHOLMOD/Supernodal/t_cholmod_super_numeric_worker.c line: 1090
CHOLMOD warning: matrix not positive definite. file: ./CHOLMOD/Supernodal/t_cholmod_super_numeric_worker.c line: 1090
CHOLMOD warning: matrix not positive definite. file: ./CHOLMOD/Supernodal/t_cholmod_super_numeric_worker.c line: 1090
CHOLMOD warning: matrix not positive definite. file: ./CHOLMOD/Supernodal/t_cholmod_super_numeric_worker.c line: 1090
CHOLMOD warning: matrix not positive definite. file: ./CHOLMOD/Supernodal/t_cholmod_super_numeric_worker.c line: 1090
CHOLMOD warning: matrix not positive definite. file: ./CHOLMOD/Supernodal/t_cholmod_super_numeric_worker.c line: 1090
CHOLMOD warning: matrix not positive definite. file: ./CHOLMOD/Supernodal/t_cholmod_super_numeric_worker.c line: 1090
CHOLMOD warning: matrix not positive definite. file: ./CHOLMOD/Supernodal/t_cholmod_super_numeric_worker.c line: 1090
CHOLMOD warning: matrix not positive definite. file: ./CHOLMOD/Supernodal/t_cholmod_super_numeric_worker.c line: 1090
CHOLMOD warning: matrix not positive definite. file: ./CHOLMOD/Supernodal/t_cholmod_super_numeric_worker.c line: 1090
CHOLMOD warning: matrix not positive definite. file: ./CHOLMOD/Supernodal/t_cholmod_super_numeric_worker.c line: 1090
CHOLMOD warning: matrix not positive definite. file: ./CHOLMOD/Supernodal/t_cholmod_super_numeric_worker.c line: 1090
CHOLMOD warning: matrix not positive definite. file: ./CHOLMOD/Supernodal/t_cholmod_super_numeric_worker.c line: 1090
CHOLMOD warning: matrix not positive definite. file: ./CHOLMOD/Supernodal/t_cholmod_super_numeric_worker.c line: 1090
CHOLMOD warning: matrix not positive definite. file: ./CHOLMOD/Supernodal/t_cholmod_super_numeric_worker.c line: 1090
CHOLMOD warning: matrix not positive definite. file: ./CHOLMOD/Supernodal/t_cholmod_super_numeric_worker.c line: 1090
CHOLMOD warning: matrix not positive definite. file: ./CHOLMOD/Supernodal/t_cholmod_super_numeric_worker.c line: 1090
CHOLMOD warning: matrix not positive definite. file: ./CHOLMOD/Supernodal/t_cholmod_super_numeric_worker.c line: 1090
CHOLMOD warning: matrix not positive definite. file: ./CHOLMOD/Supernodal/t_cholmod_super_numeric_worker.c line: 1090
CHOLMOD warning: matrix not positive definite. file: ./CHOLMOD/Supernodal/t_cholmod_super_numeric_worker.c line: 1090
CHOLMOD warning: matrix not positive definite. file: ./CHOLMOD/Supernodal/t_cholmod_super_numeric_worker.c line: 1090
CHOLMOD warning: matrix not positive definite. file: ./CHOLMOD/Supernodal/t_cholmod_super_numeric_worker.c line: 1090
CHOLMOD warning: matrix not positive definite. file: ./CHOLMOD/Supernodal/t_cholmod_super_numeric_worker.c line: 1090
final full solution
CHOLMOD warning: matrix not positive definite. file: ./CHOLMOD/Supernodal/t_cholmod_super_numeric_worker.c line: 1090
 *** Statistics of MiSo Solver ***
Number of LOCAL iterations  = 43
Number of CG    iterations  = 43
Number of FULL  iterations  = 45
Number of ROUNDING          = 94
solve_multiple_rounding took 3.5128519999999996 s.
solve took 3.512966 s.
restore_eliminated_vars took 0.00087100000000000003 s.
solve took 3.5386090000000001 s.
Maximum Distorsion 4.3404 
Maximum Laplacian 10.1445 
ITERATION 3 FLIPS 4 

 INITIALIZED SPARSE MATRIX OF 5690d x 5690d 

 INITIALIZED SPARSE MATRIX OF 848d x 5850d 

 INITIALIZED VECTOR OF 5690d x 1 

 INITIALIZED VECTOR OF 848d x 1 
Initital dimension: 5850 x 5850, number of constraints: 848, number of integer variables: 252, use reordering: yes
make_constraints_independent took 0.004359 s.
Constraint integration took 0.013053 s.
Constraint elimination took 0.0077430000000000008 s.
Reindexing took 0.000232 s.
eliminate_constraints took 0.021134 s.
Eliminated dimension: 5002 x 5002
#nonzeros: 57035
integer variables #: 94
continuous variables #: 4908
initial full solution
CHOLMOD warning: matrix not positive definite. file: ./CHOLMOD/Supernodal/t_cholmod_super_numeric_worker.c line: 1090
CHOLMOD warning: matrix not positive definite. file: ./CHOLMOD/Supernodal/t_cholmod_super_numeric_worker.c line: 1090
CHOLMOD warning: matrix not positive definite. file: ./CHOLMOD/Supernodal/t_cholmod_super_numeric_worker.c line: 1090
CHOLMOD warning: matrix not positive definite. file: ./CHOLMOD/Supernodal/t_cholmod_super_numeric_worker.c line: 1090
CHOLMOD warning: matrix not positive definite. file: ./CHOLMOD/Supernodal/t_cholmod_super_numeric_worker.c line: 1090
CHOLMOD warning: matrix not positive definite. file: ./CHOLMOD/Supernodal/t_cholmod_super_numeric_worker.c line: 1090
CHOLMOD warning: matrix not positive definite. file: ./CHOLMOD/Supernodal/t_cholmod_super_numeric_worker.c line: 1090
CHOLMOD warning: matrix not positive definite. file: ./CHOLMOD/Supernodal/t_cholmod_super_numeric_worker.c line: 1090
CHOLMOD warning: matrix not positive definite. file: ./CHOLMOD/Supernodal/t_cholmod_super_numeric_worker.c line: 1090
CHOLMOD warning: matrix not positive definite. file: ./CHOLMOD/Supernodal/t_cholmod_super_numeric_worker.c line: 1090
CHOLMOD warning: matrix not positive definite. file: ./CHOLMOD/Supernodal/t_cholmod_super_numeric_worker.c line: 1090
CHOLMOD warning: matrix not positive definite. file: ./CHOLMOD/Supernodal/t_cholmod_super_numeric_worker.c line: 1090
CHOLMOD warning: matrix not positive definite. file: ./CHOLMOD/Supernodal/t_cholmod_super_numeric_worker.c line: 1090
CHOLMOD warning: matrix not positive definite. file: ./CHOLMOD/Supernodal/t_cholmod_super_numeric_worker.c line: 1090
CHOLMOD warning: matrix not positive definite. file: ./CHOLMOD/Supernodal/t_cholmod_super_numeric_worker.c line: 1090
CHOLMOD warning: matrix not positive definite. file: ./CHOLMOD/Supernodal/t_cholmod_super_numeric_worker.c line: 1090
CHOLMOD warning: matrix not positive definite. file: ./CHOLMOD/Supernodal/t_cholmod_super_numeric_worker.c line: 1090
CHOLMOD warning: matrix not positive definite. file: ./CHOLMOD/Supernodal/t_cholmod_super_numeric_worker.c line: 1090
CHOLMOD warning: matrix not positive definite. file: ./CHOLMOD/Supernodal/t_cholmod_super_numeric_worker.c line: 1090
CHOLMOD warning: matrix not positive definite. file: ./CHOLMOD/Supernodal/t_cholmod_super_numeric_worker.c line: 1090
CHOLMOD warning: matrix not positive definite. file: ./CHOLMOD/Supernodal/t_cholmod_super_numeric_worker.c line: 1090
CHOLMOD warning: matrix not positive definite. file: ./CHOLMOD/Supernodal/t_cholmod_super_numeric_worker.c line: 1090
CHOLMOD warning: matrix not positive definite. file: ./CHOLMOD/Supernodal/t_cholmod_super_numeric_worker.c line: 1090
CHOLMOD warning: matrix not positive definite. file: ./CHOLMOD/Supernodal/t_cholmod_super_numeric_worker.c line: 1090
CHOLMOD warning: matrix not positive definite. file: ./CHOLMOD/Supernodal/t_cholmod_super_numeric_worker.c line: 1090
CHOLMOD warning: matrix not positive definite. file: ./CHOLMOD/Supernodal/t_cholmod_super_numeric_worker.c line: 1090
CHOLMOD warning: matrix not positive definite. file: ./CHOLMOD/Supernodal/t_cholmod_super_numeric_worker.c line: 1090
CHOLMOD warning: matrix not positive definite. file: ./CHOLMOD/Supernodal/t_cholmod_super_numeric_worker.c line: 1090
CHOLMOD warning: matrix not positive definite. file: ./CHOLMOD/Supernodal/t_cholmod_super_numeric_worker.c line: 1090
CHOLMOD warning: matrix not positive definite. file: ./CHOLMOD/Supernodal/t_cholmod_super_numeric_worker.c line: 1090
CHOLMOD warning: matrix not positive definite. file: ./CHOLMOD/Supernodal/t_cholmod_super_numeric_worker.c line: 1090
CHOLMOD warning: matrix not positive definite. file: ./CHOLMOD/Supernodal/t_cholmod_super_numeric_worker.c line: 1090
CHOLMOD warning: matrix not positive definite. file: ./CHOLMOD/Supernodal/t_cholmod_super_numeric_worker.c line: 1090
CHOLMOD warning: matrix not positive definite. file: ./CHOLMOD/Supernodal/t_cholmod_super_numeric_worker.c line: 1090
CHOLMOD warning: matrix not positive definite. file: ./CHOLMOD/Supernodal/t_cholmod_super_numeric_worker.c line: 1090
CHOLMOD warning: matrix not positive definite. file: ./CHOLMOD/Supernodal/t_cholmod_super_numeric_worker.c line: 1090
CHOLMOD warning: matrix not positive definite. file: ./CHOLMOD/Supernodal/t_cholmod_super_numeric_worker.c line: 1090
CHOLMOD warning: matrix not positive definite. file: ./CHOLMOD/Supernodal/t_cholmod_super_numeric_worker.c line: 1090
CHOLMOD warning: matrix not positive definite. file: ./CHOLMOD/Supernodal/t_cholmod_super_numeric_worker.c line: 1090
final full solution
CHOLMOD warning: matrix not positive definite. file: ./CHOLMOD/Supernodal/t_cholmod_super_numeric_worker.c line: 1090
 *** Statistics of MiSo Solver ***
Number of LOCAL iterations  = 40
Number of CG    iterations  = 40
Number of FULL  iterations  = 40
Number of ROUNDING          = 94
solve_multiple_rounding took 3.2087399999999997 s.
solve took 3.2088510000000001 s.
restore_eliminated_vars took 0.00085899999999999995 s.
solve took 3.2358479999999998 s.
Maximum Distorsion 3.5924 
Maximum Laplacian 6.9791 
ITERATION 4 FLIPS 8 
**** END OPTIMIZING #FLIPS 8  ****
       UV=2845 FUV=4998
Invalid MIQ output: UV=2845x2 FUV=4998x3

 Closed: Fri May 08 19:00:50 2026

[1/4] Loading mesh: /root/SemanPartMesh/compare_8d46740c472f9d36b7a04b65023ffc59_ns3000_20260508_184014/baseline/quad_meshes/8d46740c472f9d36b7a04b65023ffc59_quad_extract_work/8d46740c472f9d36b7a04b65023ffc59_quad_pml_repaired.obj
       V=2500 F=4998
[2/4] Loading cross field: /root/SemanPartMesh/compare_8d46740c472f9d36b7a04b65023ffc59_ns3000_20260508_184014/baseline/quad_meshes/8d46740c472f9d36b7a04b65023ffc59_quad_extract_work/8d46740c472f9d36b7a04b65023ffc59_quad_pml_repaired_cf.txt
       cross field rows=4998
[3/4] Running MIQ parameterization (gradient_size=60, stiffness=50, iters=5)...

 INITIALIZED SPARSE MATRIX OF 5690d x 5690d 

 INITIALIZED SPARSE MATRIX OF 848d x 5850d 

 INITIALIZED VECTOR OF 5690d x 1 

 INITIALIZED VECTOR OF 848d x 1 
Initital dimension: 5850 x 5850, number of constraints: 848, number of integer variables: 252, use reordering: yes
make_constraints_independent took 0.0048570000000000002 s.
Constraint integration took 0.012184 s.
Constraint elimination took 0.0076450000000000008 s.
Reindexing took 0.00021699999999999999 s.
eliminate_constraints took 0.020175000000000002 s.
Eliminated dimension: 5002 x 5002
#nonzeros: 56922
integer variables #: 94
continuous variables #: 4908
initial full solution
CHOLMOD warning: matrix not positive definite. file: ./CHOLMOD/Supernodal/t_cholmod_super_numeric_worker.c line: 1090
CHOLMOD warning: matrix not positive definite. file: ./CHOLMOD/Supernodal/t_cholmod_super_numeric_worker.c line: 1090
CHOLMOD warning: matrix not positive definite. file: ./CHOLMOD/Supernodal/t_cholmod_super_numeric_worker.c line: 1090
CHOLMOD warning: matrix not positive definite. file: ./CHOLMOD/Supernodal/t_cholmod_super_numeric_worker.c line: 1090
CHOLMOD warning: matrix not positive definite. file: ./CHOLMOD/Supernodal/t_cholmod_super_numeric_worker.c line: 1090
CHOLMOD warning: matrix not positive definite. file: ./CHOLMOD/Supernodal/t_cholmod_super_numeric_worker.c line: 1090
CHOLMOD warning: matrix not positive definite. file: ./CHOLMOD/Supernodal/t_cholmod_super_numeric_worker.c line: 1090
CHOLMOD warning: matrix not positive definite. file: ./CHOLMOD/Supernodal/t_cholmod_super_numeric_worker.c line: 1090
CHOLMOD warning: matrix not positive definite. file: ./CHOLMOD/Supernodal/t_cholmod_super_numeric_worker.c line: 1090
CHOLMOD warning: matrix not positive definite. file: ./CHOLMOD/Supernodal/t_cholmod_super_numeric_worker.c line: 1090
CHOLMOD warning: matrix not positive definite. file: ./CHOLMOD/Supernodal/t_cholmod_super_numeric_worker.c line: 1090
CHOLMOD warning: matrix not positive definite. file: ./CHOLMOD/Supernodal/t_cholmod_super_numeric_worker.c line: 1090
CHOLMOD warning: matrix not positive definite. file: ./CHOLMOD/Supernodal/t_cholmod_super_numeric_worker.c line: 1090
CHOLMOD warning: matrix not positive definite. file: ./CHOLMOD/Supernodal/t_cholmod_super_numeric_worker.c line: 1090
CHOLMOD warning: matrix not positive definite. file: ./CHOLMOD/Supernodal/t_cholmod_super_numeric_worker.c line: 1090
CHOLMOD warning: matrix not positive definite. file: ./CHOLMOD/Supernodal/t_cholmod_super_numeric_worker.c line: 1090
CHOLMOD warning: matrix not positive definite. file: ./CHOLMOD/Supernodal/t_cholmod_super_numeric_worker.c line: 1090
CHOLMOD warning: matrix not positive definite. file: ./CHOLMOD/Supernodal/t_cholmod_super_numeric_worker.c line: 1090
CHOLMOD warning: matrix not positive definite. file: ./CHOLMOD/Supernodal/t_cholmod_super_numeric_worker.c line: 1090
CHOLMOD warning: matrix not positive definite. file: ./CHOLMOD/Supernodal/t_cholmod_super_numeric_worker.c line: 1090
CHOLMOD warning: matrix not positive definite. file: ./CHOLMOD/Supernodal/t_cholmod_super_numeric_worker.c line: 1090
CHOLMOD warning: matrix not positive definite. file: ./CHOLMOD/Supernodal/t_cholmod_super_numeric_worker.c line: 1090
CHOLMOD warning: matrix not positive definite. file: ./CHOLMOD/Supernodal/t_cholmod_super_numeric_worker.c line: 1090
CHOLMOD warning: matrix not positive definite. file: ./CHOLMOD/Supernodal/t_cholmod_super_numeric_worker.c line: 1090
CHOLMOD warning: matrix not positive definite. file: ./CHOLMOD/Supernodal/t_cholmod_super_numeric_worker.c line: 1090
CHOLMOD warning: matrix not positive definite. file: ./CHOLMOD/Supernodal/t_cholmod_super_numeric_worker.c line: 1090
CHOLMOD warning: matrix not positive definite. file: ./CHOLMOD/Supernodal/t_cholmod_super_numeric_worker.c line: 1090
CHOLMOD warning: matrix not positive definite. file: ./CHOLMOD/Supernodal/t_cholmod_super_numeric_worker.c line: 1090
CHOLMOD warning: matrix not positive definite. file: ./CHOLMOD/Supernodal/t_cholmod_super_numeric_worker.c line: 1090
CHOLMOD warning: matrix not positive definite. file: ./CHOLMOD/Supernodal/t_cholmod_super_numeric_worker.c line: 1090
CHOLMOD warning: matrix not positive definite. file: ./CHOLMOD/Supernodal/t_cholmod_super_numeric_worker.c line: 1090
CHOLMOD warning: matrix not positive definite. file: ./CHOLMOD/Supernodal/t_cholmod_super_numeric_worker.c line: 1090
CHOLMOD warning: matrix not positive definite. file: ./CHOLMOD/Supernodal/t_cholmod_super_numeric_worker.c line: 1090
CHOLMOD warning: matrix not positive definite. file: ./CHOLMOD/Supernodal/t_cholmod_super_numeric_worker.c line: 1090
CHOLMOD warning: matrix not positive definite. file: ./CHOLMOD/Supernodal/t_cholmod_super_numeric_worker.c line: 1090
CHOLMOD warning: matrix not positive definite. file: ./CHOLMOD/Supernodal/t_cholmod_super_numeric_worker.c line: 1090
CHOLMOD warning: matrix not positive definite. file: ./CHOLMOD/Supernodal/t_cholmod_super_numeric_worker.c line: 1090
CHOLMOD warning: matrix not positive definite. file: ./CHOLMOD/Supernodal/t_cholmod_super_numeric_worker.c line: 1090
CHOLMOD warning: matrix not positive definite. file: ./CHOLMOD/Supernodal/t_cholmod_super_numeric_worker.c line: 1090
CHOLMOD warning: matrix not positive definite. file: ./CHOLMOD/Supernodal/t_cholmod_super_numeric_worker.c line: 1090
CHOLMOD warning: matrix not positive definite. file: ./CHOLMOD/Supernodal/t_cholmod_super_numeric_worker.c line: 1090
CHOLMOD warning: matrix not positive definite. file: ./CHOLMOD/Supernodal/t_cholmod_super_numeric_worker.c line: 1090
CHOLMOD warning: matrix not positive definite. file: ./CHOLMOD/Supernodal/t_cholmod_super_numeric_worker.c line: 1090
CHOLMOD warning: matrix not positive definite. file: ./CHOLMOD/Supernodal/t_cholmod_super_numeric_worker.c line: 1090
CHOLMOD warning: matrix not positive definite. file: ./CHOLMOD/Supernodal/t_cholmod_super_numeric_worker.c line: 1090
final full solution
CHOLMOD warning: matrix not positive definite. file: ./CHOLMOD/Supernodal/t_cholmod_super_numeric_worker.c line: 1090
 *** Statistics of MiSo Solver ***
Number of LOCAL iterations  = 44
Number of CG    iterations  = 44
Number of FULL  iterations  = 46
Number of ROUNDING          = 94
solve_multiple_rounding took 3.5958999999999999 s.
solve took 3.5960230000000002 s.
restore_eliminated_vars took 0.00082800000000000007 s.
solve took 3.6232359999999999 s.
Maximum Distorsion 4.5789 
Maximum Laplacian 11.1192 
ITERATION 0 FLIPS 15 

 INITIALIZED SPARSE MATRIX OF 5690d x 5690d 

 INITIALIZED SPARSE MATRIX OF 848d x 5850d 

 INITIALIZED VECTOR OF 5690d x 1 

 INITIALIZED VECTOR OF 848d x 1 
Initital dimension: 5850 x 5850, number of constraints: 848, number of integer variables: 252, use reordering: yes
make_constraints_independent took 0.0043280000000000002 s.
Constraint integration took 0.011825 s.
Constraint elimination took 0.0071050000000000002 s.
Reindexing took 0.00023600000000000002 s.
eliminate_constraints took 0.019301000000000002 s.
Eliminated dimension: 5002 x 5002
#nonzeros: 56948
integer variables #: 94
continuous variables #: 4908
initial full solution
CHOLMOD warning: matrix not positive definite. file: ./CHOLMOD/Supernodal/t_cholmod_super_numeric_worker.c line: 1090
CHOLMOD warning: matrix not positive definite. file: ./CHOLMOD/Supernodal/t_cholmod_super_numeric_worker.c line: 1090
CHOLMOD warning: matrix not positive definite. file: ./CHOLMOD/Supernodal/t_cholmod_super_numeric_worker.c line: 1090
CHOLMOD warning: matrix not positive definite. file: ./CHOLMOD/Supernodal/t_cholmod_super_numeric_worker.c line: 1090
CHOLMOD warning: matrix not positive definite. file: ./CHOLMOD/Supernodal/t_cholmod_super_numeric_worker.c line: 1090
CHOLMOD warning: matrix not positive definite. file: ./CHOLMOD/Supernodal/t_cholmod_super_numeric_worker.c line: 1090
CHOLMOD warning: matrix not positive definite. file: ./CHOLMOD/Supernodal/t_cholmod_super_numeric_worker.c line: 1090
CHOLMOD warning: matrix not positive definite. file: ./CHOLMOD/Supernodal/t_cholmod_super_numeric_worker.c line: 1090
CHOLMOD warning: matrix not positive definite. file: ./CHOLMOD/Supernodal/t_cholmod_super_numeric_worker.c line: 1090
CHOLMOD warning: matrix not positive definite. file: ./CHOLMOD/Supernodal/t_cholmod_super_numeric_worker.c line: 1090
CHOLMOD warning: matrix not positive definite. file: ./CHOLMOD/Supernodal/t_cholmod_super_numeric_worker.c line: 1090
CHOLMOD warning: matrix not positive definite. file: ./CHOLMOD/Supernodal/t_cholmod_super_numeric_worker.c line: 1090
CHOLMOD warning: matrix not positive definite. file: ./CHOLMOD/Supernodal/t_cholmod_super_numeric_worker.c line: 1090
CHOLMOD warning: matrix not positive definite. file: ./CHOLMOD/Supernodal/t_cholmod_super_numeric_worker.c line: 1090
CHOLMOD warning: matrix not positive definite. file: ./CHOLMOD/Supernodal/t_cholmod_super_numeric_worker.c line: 1090
CHOLMOD warning: matrix not positive definite. file: ./CHOLMOD/Supernodal/t_cholmod_super_numeric_worker.c line: 1090
CHOLMOD warning: matrix not positive definite. file: ./CHOLMOD/Supernodal/t_cholmod_super_numeric_worker.c line: 1090
CHOLMOD warning: matrix not positive definite. file: ./CHOLMOD/Supernodal/t_cholmod_super_numeric_worker.c line: 1090
CHOLMOD warning: matrix not positive definite. file: ./CHOLMOD/Supernodal/t_cholmod_super_numeric_worker.c line: 1090
CHOLMOD warning: matrix not positive definite. file: ./CHOLMOD/Supernodal/t_cholmod_super_numeric_worker.c line: 1090
CHOLMOD warning: matrix not positive definite. file: ./CHOLMOD/Supernodal/t_cholmod_super_numeric_worker.c line: 1090
CHOLMOD warning: matrix not positive definite. file: ./CHOLMOD/Supernodal/t_cholmod_super_numeric_worker.c line: 1090
CHOLMOD warning: matrix not positive definite. file: ./CHOLMOD/Supernodal/t_cholmod_super_numeric_worker.c line: 1090
CHOLMOD warning: matrix not positive definite. file: ./CHOLMOD/Supernodal/t_cholmod_super_numeric_worker.c line: 1090
CHOLMOD warning: matrix not positive definite. file: ./CHOLMOD/Supernodal/t_cholmod_super_numeric_worker.c line: 1090
CHOLMOD warning: matrix not positive definite. file: ./CHOLMOD/Supernodal/t_cholmod_super_numeric_worker.c line: 1090
CHOLMOD warning: matrix not positive definite. file: ./CHOLMOD/Supernodal/t_cholmod_super_numeric_worker.c line: 1090
CHOLMOD warning: matrix not positive definite. file: ./CHOLMOD/Supernodal/t_cholmod_super_numeric_worker.c line: 1090
CHOLMOD warning: matrix not positive definite. file: ./CHOLMOD/Supernodal/t_cholmod_super_numeric_worker.c line: 1090
CHOLMOD warning: matrix not positive definite. file: ./CHOLMOD/Supernodal/t_cholmod_super_numeric_worker.c line: 1090
CHOLMOD warning: matrix not positive definite. file: ./CHOLMOD/Supernodal/t_cholmod_super_numeric_worker.c line: 1090
CHOLMOD warning: matrix not positive definite. file: ./CHOLMOD/Supernodal/t_cholmod_super_numeric_worker.c line: 1090
CHOLMOD warning: matrix not positive definite. file: ./CHOLMOD/Supernodal/t_cholmod_super_numeric_worker.c line: 1090
CHOLMOD warning: matrix not positive definite. file: ./CHOLMOD/Supernodal/t_cholmod_super_numeric_worker.c line: 1090
CHOLMOD warning: matrix not positive definite. file: ./CHOLMOD/Supernodal/t_cholmod_super_numeric_worker.c line: 1090
CHOLMOD warning: matrix not positive definite. file: ./CHOLMOD/Supernodal/t_cholmod_super_numeric_worker.c line: 1090
CHOLMOD warning: matrix not positive definite. file: ./CHOLMOD/Supernodal/t_cholmod_super_numeric_worker.c line: 1090
CHOLMOD warning: matrix not positive definite. file: ./CHOLMOD/Supernodal/t_cholmod_super_numeric_worker.c line: 1090
CHOLMOD warning: matrix not positive definite. file: ./CHOLMOD/Supernodal/t_cholmod_super_numeric_worker.c line: 1090
CHOLMOD warning: matrix not positive definite. file: ./CHOLMOD/Supernodal/t_cholmod_super_numeric_worker.c line: 1090
CHOLMOD warning: matrix not positive definite. file: ./CHOLMOD/Supernodal/t_cholmod_super_numeric_worker.c line: 1090
CHOLMOD warning: matrix not positive definite. file: ./CHOLMOD/Supernodal/t_cholmod_super_numeric_worker.c line: 1090
CHOLMOD warning: matrix not positive definite. file: ./CHOLMOD/Supernodal/t_cholmod_super_numeric_worker.c line: 1090
CHOLMOD warning: matrix not positive definite. file: ./CHOLMOD/Supernodal/t_cholmod_super_numeric_worker.c line: 1090
CHOLMOD warning: matrix not positive definite. file: ./CHOLMOD/Supernodal/t_cholmod_super_numeric_worker.c line: 1090
CHOLMOD warning: matrix not positive definite. file: ./CHOLMOD/Supernodal/t_cholmod_super_numeric_worker.c line: 1090
CHOLMOD warning: matrix not positive definite. file: ./CHOLMOD/Supernodal/t_cholmod_super_numeric_worker.c line: 1090
final full solution
CHOLMOD warning: matrix not positive definite. file: ./CHOLMOD/Supernodal/t_cholmod_super_numeric_worker.c line: 1090
 *** Statistics of MiSo Solver ***
Number of LOCAL iterations  = 47
Number of CG    iterations  = 47
Number of FULL  iterations  = 48
Number of ROUNDING          = 94
solve_multiple_rounding took 3.8304070000000001 s.
solve took 3.8305250000000002 s.
restore_eliminated_vars took 0.00078899999999999999 s.
solve took 3.8558319999999999 s.
Maximum Distorsion 4.3017 
Maximum Laplacian 9.9844 
ITERATION 1 FLIPS 8 

 INITIALIZED SPARSE MATRIX OF 5690d x 5690d 

 INITIALIZED SPARSE MATRIX OF 848d x 5850d 

 INITIALIZED VECTOR OF 5690d x 1 

 INITIALIZED VECTOR OF 848d x 1 
Initital dimension: 5850 x 5850, number of constraints: 848, number of integer variables: 252, use reordering: yes
make_constraints_independent took 0.0044250000000000001 s.
Constraint integration took 0.012378 s.
Constraint elimination took 0.0074710000000000002 s.
Reindexing took 0.00022900000000000001 s.
eliminate_constraints took 0.020230000000000001 s.
Eliminated dimension: 5002 x 5002
#nonzeros: 57375
integer variables #: 94
continuous variables #: 4908
initial full solution
CHOLMOD warning: matrix not positive definite. file: ./CHOLMOD/Supernodal/t_cholmod_super_numeric_worker.c line: 1090
CHOLMOD warning: matrix not positive definite. file: ./CHOLMOD/Supernodal/t_cholmod_super_numeric_worker.c line: 1090
CHOLMOD warning: matrix not positive definite. file: ./CHOLMOD/Supernodal/t_cholmod_super_numeric_worker.c line: 1090
CHOLMOD warning: matrix not positive definite. file: ./CHOLMOD/Supernodal/t_cholmod_super_numeric_worker.c line: 1090
CHOLMOD warning: matrix not positive definite. file: ./CHOLMOD/Supernodal/t_cholmod_super_numeric_worker.c line: 1090
CHOLMOD warning: matrix not positive definite. file: ./CHOLMOD/Supernodal/t_cholmod_super_numeric_worker.c line: 1090
CHOLMOD warning: matrix not positive definite. file: ./CHOLMOD/Supernodal/t_cholmod_super_numeric_worker.c line: 1090
CHOLMOD warning: matrix not positive definite. file: ./CHOLMOD/Supernodal/t_cholmod_super_numeric_worker.c line: 1090
CHOLMOD warning: matrix not positive definite. file: ./CHOLMOD/Supernodal/t_cholmod_super_numeric_worker.c line: 1090
CHOLMOD warning: matrix not positive definite. file: ./CHOLMOD/Supernodal/t_cholmod_super_numeric_worker.c line: 1090
CHOLMOD warning: matrix not positive definite. file: ./CHOLMOD/Supernodal/t_cholmod_super_numeric_worker.c line: 1090
CHOLMOD warning: matrix not positive definite. file: ./CHOLMOD/Supernodal/t_cholmod_super_numeric_worker.c line: 1090
CHOLMOD warning: matrix not positive definite. file: ./CHOLMOD/Supernodal/t_cholmod_super_numeric_worker.c line: 1090
CHOLMOD warning: matrix not positive definite. file: ./CHOLMOD/Supernodal/t_cholmod_super_numeric_worker.c line: 1090
CHOLMOD warning: matrix not positive definite. file: ./CHOLMOD/Supernodal/t_cholmod_super_numeric_worker.c line: 1090
CHOLMOD warning: matrix not positive definite. file: ./CHOLMOD/Supernodal/t_cholmod_super_numeric_worker.c line: 1090
CHOLMOD warning: matrix not positive definite. file: ./CHOLMOD/Supernodal/t_cholmod_super_numeric_worker.c line: 1090
CHOLMOD warning: matrix not positive definite. file: ./CHOLMOD/Supernodal/t_cholmod_super_numeric_worker.c line: 1090
CHOLMOD warning: matrix not positive definite. file: ./CHOLMOD/Supernodal/t_cholmod_super_numeric_worker.c line: 1090
CHOLMOD warning: matrix not positive definite. file: ./CHOLMOD/Supernodal/t_cholmod_super_numeric_worker.c line: 1090
CHOLMOD warning: matrix not positive definite. file: ./CHOLMOD/Supernodal/t_cholmod_super_numeric_worker.c line: 1090
CHOLMOD warning: matrix not positive definite. file: ./CHOLMOD/Supernodal/t_cholmod_super_numeric_worker.c line: 1090
CHOLMOD warning: matrix not positive definite. file: ./CHOLMOD/Supernodal/t_cholmod_super_numeric_worker.c line: 1090
CHOLMOD warning: matrix not positive definite. file: ./CHOLMOD/Supernodal/t_cholmod_super_numeric_worker.c line: 1090
CHOLMOD warning: matrix not positive definite. file: ./CHOLMOD/Supernodal/t_cholmod_super_numeric_worker.c line: 1090
CHOLMOD warning: matrix not positive definite. file: ./CHOLMOD/Supernodal/t_cholmod_super_numeric_worker.c line: 1090
CHOLMOD warning: matrix not positive definite. file: ./CHOLMOD/Supernodal/t_cholmod_super_numeric_worker.c line: 1090
CHOLMOD warning: matrix not positive definite. file: ./CHOLMOD/Supernodal/t_cholmod_super_numeric_worker.c line: 1090
CHOLMOD warning: matrix not positive definite. file: ./CHOLMOD/Supernodal/t_cholmod_super_numeric_worker.c line: 1090
CHOLMOD warning: matrix not positive definite. file: ./CHOLMOD/Supernodal/t_cholmod_super_numeric_worker.c line: 1090
CHOLMOD warning: matrix not positive definite. file: ./CHOLMOD/Supernodal/t_cholmod_super_numeric_worker.c line: 1090
CHOLMOD warning: matrix not positive definite. file: ./CHOLMOD/Supernodal/t_cholmod_super_numeric_worker.c line: 1090
CHOLMOD warning: matrix not positive definite. file: ./CHOLMOD/Supernodal/t_cholmod_super_numeric_worker.c line: 1090
CHOLMOD warning: matrix not positive definite. file: ./CHOLMOD/Supernodal/t_cholmod_super_numeric_worker.c line: 1090
CHOLMOD warning: matrix not positive definite. file: ./CHOLMOD/Supernodal/t_cholmod_super_numeric_worker.c line: 1090
CHOLMOD warning: matrix not positive definite. file: ./CHOLMOD/Supernodal/t_cholmod_super_numeric_worker.c line: 1090
CHOLMOD warning: matrix not positive definite. file: ./CHOLMOD/Supernodal/t_cholmod_super_numeric_worker.c line: 1090
CHOLMOD warning: matrix not positive definite. file: ./CHOLMOD/Supernodal/t_cholmod_super_numeric_worker.c line: 1090
CHOLMOD warning: matrix not positive definite. file: ./CHOLMOD/Supernodal/t_cholmod_super_numeric_worker.c line: 1090
final full solution
CHOLMOD warning: matrix not positive definite. file: ./CHOLMOD/Supernodal/t_cholmod_super_numeric_worker.c line: 1090
 *** Statistics of MiSo Solver ***
Number of LOCAL iterations  = 38
Number of CG    iterations  = 38
Number of FULL  iterations  = 40
Number of ROUNDING          = 94
solve_multiple_rounding took 3.1608429999999998 s.
solve took 3.1609630000000002 s.
restore_eliminated_vars took 0.00079799999999999999 s.
solve took 3.1872880000000001 s.
Maximum Distorsion 4.3971 
Maximum Laplacian 10.3323 
ITERATION 2 FLIPS 6 

 INITIALIZED SPARSE MATRIX OF 5690d x 5690d 

 INITIALIZED SPARSE MATRIX OF 848d x 5850d 

 INITIALIZED VECTOR OF 5690d x 1 

 INITIALIZED VECTOR OF 848d x 1 
Initital dimension: 5850 x 5850, number of constraints: 848, number of integer variables: 252, use reordering: yes
make_constraints_independent took 0.0042960000000000003 s.
Constraint integration took 0.011891000000000001 s.
Constraint elimination took 0.0074770000000000001 s.
Reindexing took 0.00023000000000000001 s.
eliminate_constraints took 0.019730000000000001 s.
Eliminated dimension: 5002 x 5002
#nonzeros: 57025
integer variables #: 94
continuous variables #: 4908
initial full solution
CHOLMOD warning: matrix not positive definite. file: ./CHOLMOD/Supernodal/t_cholmod_super_numeric_worker.c line: 1090
CHOLMOD warning: matrix not positive definite. file: ./CHOLMOD/Supernodal/t_cholmod_super_numeric_worker.c line: 1090
CHOLMOD warning: matrix not positive definite. file: ./CHOLMOD/Supernodal/t_cholmod_super_numeric_worker.c line: 1090
CHOLMOD warning: matrix not positive definite. file: ./CHOLMOD/Supernodal/t_cholmod_super_numeric_worker.c line: 1090
CHOLMOD warning: matrix not positive definite. file: ./CHOLMOD/Supernodal/t_cholmod_super_numeric_worker.c line: 1090
CHOLMOD warning: matrix not positive definite. file: ./CHOLMOD/Supernodal/t_cholmod_super_numeric_worker.c line: 1090
CHOLMOD warning: matrix not positive definite. file: ./CHOLMOD/Supernodal/t_cholmod_super_numeric_worker.c line: 1090
CHOLMOD warning: matrix not positive definite. file: ./CHOLMOD/Supernodal/t_cholmod_super_numeric_worker.c line: 1090
CHOLMOD warning: matrix not positive definite. file: ./CHOLMOD/Supernodal/t_cholmod_super_numeric_worker.c line: 1090
CHOLMOD warning: matrix not positive definite. file: ./CHOLMOD/Supernodal/t_cholmod_super_numeric_worker.c line: 1090
CHOLMOD warning: matrix not positive definite. file: ./CHOLMOD/Supernodal/t_cholmod_super_numeric_worker.c line: 1090
CHOLMOD warning: matrix not positive definite. file: ./CHOLMOD/Supernodal/t_cholmod_super_numeric_worker.c line: 1090
CHOLMOD warning: matrix not positive definite. file: ./CHOLMOD/Supernodal/t_cholmod_super_numeric_worker.c line: 1090
CHOLMOD warning: matrix not positive definite. file: ./CHOLMOD/Supernodal/t_cholmod_super_numeric_worker.c line: 1090
CHOLMOD warning: matrix not positive definite. file: ./CHOLMOD/Supernodal/t_cholmod_super_numeric_worker.c line: 1090
CHOLMOD warning: matrix not positive definite. file: ./CHOLMOD/Supernodal/t_cholmod_super_numeric_worker.c line: 1090
CHOLMOD warning: matrix not positive definite. file: ./CHOLMOD/Supernodal/t_cholmod_super_numeric_worker.c line: 1090
CHOLMOD warning: matrix not positive definite. file: ./CHOLMOD/Supernodal/t_cholmod_super_numeric_worker.c line: 1090
CHOLMOD warning: matrix not positive definite. file: ./CHOLMOD/Supernodal/t_cholmod_super_numeric_worker.c line: 1090
CHOLMOD warning: matrix not positive definite. file: ./CHOLMOD/Supernodal/t_cholmod_super_numeric_worker.c line: 1090
CHOLMOD warning: matrix not positive definite. file: ./CHOLMOD/Supernodal/t_cholmod_super_numeric_worker.c line: 1090
CHOLMOD warning: matrix not positive definite. file: ./CHOLMOD/Supernodal/t_cholmod_super_numeric_worker.c line: 1090
CHOLMOD warning: matrix not positive definite. file: ./CHOLMOD/Supernodal/t_cholmod_super_numeric_worker.c line: 1090
CHOLMOD warning: matrix not positive definite. file: ./CHOLMOD/Supernodal/t_cholmod_super_numeric_worker.c line: 1090
CHOLMOD warning: matrix not positive definite. file: ./CHOLMOD/Supernodal/t_cholmod_super_numeric_worker.c line: 1090
CHOLMOD warning: matrix not positive definite. file: ./CHOLMOD/Supernodal/t_cholmod_super_numeric_worker.c line: 1090
CHOLMOD warning: matrix not positive definite. file: ./CHOLMOD/Supernodal/t_cholmod_super_numeric_worker.c line: 1090
CHOLMOD warning: matrix not positive definite. file: ./CHOLMOD/Supernodal/t_cholmod_super_numeric_worker.c line: 1090
CHOLMOD warning: matrix not positive definite. file: ./CHOLMOD/Supernodal/t_cholmod_super_numeric_worker.c line: 1090
CHOLMOD warning: matrix not positive definite. file: ./CHOLMOD/Supernodal/t_cholmod_super_numeric_worker.c line: 1090
CHOLMOD warning: matrix not positive definite. file: ./CHOLMOD/Supernodal/t_cholmod_super_numeric_worker.c line: 1090
CHOLMOD warning: matrix not positive definite. file: ./CHOLMOD/Supernodal/t_cholmod_super_numeric_worker.c line: 1090
CHOLMOD warning: matrix not positive definite. file: ./CHOLMOD/Supernodal/t_cholmod_super_numeric_worker.c line: 1090
CHOLMOD warning: matrix not positive definite. file: ./CHOLMOD/Supernodal/t_cholmod_super_numeric_worker.c line: 1090
CHOLMOD warning: matrix not positive definite. file: ./CHOLMOD/Supernodal/t_cholmod_super_numeric_worker.c line: 1090
CHOLMOD warning: matrix not positive definite. file: ./CHOLMOD/Supernodal/t_cholmod_super_numeric_worker.c line: 1090
CHOLMOD warning: matrix not positive definite. file: ./CHOLMOD/Supernodal/t_cholmod_super_numeric_worker.c line: 1090
CHOLMOD warning: matrix not positive definite. file: ./CHOLMOD/Supernodal/t_cholmod_super_numeric_worker.c line: 1090
CHOLMOD warning: matrix not positive definite. file: ./CHOLMOD/Supernodal/t_cholmod_super_numeric_worker.c line: 1090
CHOLMOD warning: matrix not positive definite. file: ./CHOLMOD/Supernodal/t_cholmod_super_numeric_worker.c line: 1090
CHOLMOD warning: matrix not positive definite. file: ./CHOLMOD/Supernodal/t_cholmod_super_numeric_worker.c line: 1090
CHOLMOD warning: matrix not positive definite. file: ./CHOLMOD/Supernodal/t_cholmod_super_numeric_worker.c line: 1090
CHOLMOD warning: matrix not positive definite. file: ./CHOLMOD/Supernodal/t_cholmod_super_numeric_worker.c line: 1090
CHOLMOD warning: matrix not positive definite. file: ./CHOLMOD/Supernodal/t_cholmod_super_numeric_worker.c line: 1090
final full solution
CHOLMOD warning: matrix not positive definite. file: ./CHOLMOD/Supernodal/t_cholmod_super_numeric_worker.c line: 1090
 *** Statistics of MiSo Solver ***
Number of LOCAL iterations  = 43
Number of CG    iterations  = 43
Number of FULL  iterations  = 45
Number of ROUNDING          = 94
solve_multiple_rounding took 3.5130439999999998 s.
solve took 3.5131570000000001 s.
restore_eliminated_vars took 0.00077800000000000005 s.
solve took 3.5385779999999998 s.
Maximum Distorsion 4.3404 
Maximum Laplacian 10.1445 
ITERATION 3 FLIPS 4 

 INITIALIZED SPARSE MATRIX OF 5690d x 5690d 

 INITIALIZED SPARSE MATRIX OF 848d x 5850d 

 INITIALIZED VECTOR OF 5690d x 1 

 INITIALIZED VECTOR OF 848d x 1 
Initital dimension: 5850 x 5850, number of constraints: 848, number of integer variables: 252, use reordering: yes
make_constraints_independent took 0.004313 s.
Constraint integration took 0.011591000000000001 s.
Constraint elimination took 0.0073730000000000002 s.
Reindexing took 0.00022900000000000001 s.
eliminate_constraints took 0.019324999999999998 s.
Eliminated dimension: 5002 x 5002
#nonzeros: 57035
integer variables #: 94
continuous variables #: 4908
initial full solution
CHOLMOD warning: matrix not positive definite. file: ./CHOLMOD/Supernodal/t_cholmod_super_numeric_worker.c line: 1090
CHOLMOD warning: matrix not positive definite. file: ./CHOLMOD/Supernodal/t_cholmod_super_numeric_worker.c line: 1090
CHOLMOD warning: matrix not positive definite. file: ./CHOLMOD/Supernodal/t_cholmod_super_numeric_worker.c line: 1090
CHOLMOD warning: matrix not positive definite. file: ./CHOLMOD/Supernodal/t_cholmod_super_numeric_worker.c line: 1090
CHOLMOD warning: matrix not positive definite. file: ./CHOLMOD/Supernodal/t_cholmod_super_numeric_worker.c line: 1090
CHOLMOD warning: matrix not positive definite. file: ./CHOLMOD/Supernodal/t_cholmod_super_numeric_worker.c line: 1090
CHOLMOD warning: matrix not positive definite. file: ./CHOLMOD/Supernodal/t_cholmod_super_numeric_worker.c line: 1090
CHOLMOD warning: matrix not positive definite. file: ./CHOLMOD/Supernodal/t_cholmod_super_numeric_worker.c line: 1090
CHOLMOD warning: matrix not positive definite. file: ./CHOLMOD/Supernodal/t_cholmod_super_numeric_worker.c line: 1090
CHOLMOD warning: matrix not positive definite. file: ./CHOLMOD/Supernodal/t_cholmod_super_numeric_worker.c line: 1090
CHOLMOD warning: matrix not positive definite. file: ./CHOLMOD/Supernodal/t_cholmod_super_numeric_worker.c line: 1090
CHOLMOD warning: matrix not positive definite. file: ./CHOLMOD/Supernodal/t_cholmod_super_numeric_worker.c line: 1090
CHOLMOD warning: matrix not positive definite. file: ./CHOLMOD/Supernodal/t_cholmod_super_numeric_worker.c line: 1090
CHOLMOD warning: matrix not positive definite. file: ./CHOLMOD/Supernodal/t_cholmod_super_numeric_worker.c line: 1090
CHOLMOD warning: matrix not positive definite. file: ./CHOLMOD/Supernodal/t_cholmod_super_numeric_worker.c line: 1090
CHOLMOD warning: matrix not positive definite. file: ./CHOLMOD/Supernodal/t_cholmod_super_numeric_worker.c line: 1090
CHOLMOD warning: matrix not positive definite. file: ./CHOLMOD/Supernodal/t_cholmod_super_numeric_worker.c line: 1090
CHOLMOD warning: matrix not positive definite. file: ./CHOLMOD/Supernodal/t_cholmod_super_numeric_worker.c line: 1090
CHOLMOD warning: matrix not positive definite. file: ./CHOLMOD/Supernodal/t_cholmod_super_numeric_worker.c line: 1090
CHOLMOD warning: matrix not positive definite. file: ./CHOLMOD/Supernodal/t_cholmod_super_numeric_worker.c line: 1090
CHOLMOD warning: matrix not positive definite. file: ./CHOLMOD/Supernodal/t_cholmod_super_numeric_worker.c line: 1090
CHOLMOD warning: matrix not positive definite. file: ./CHOLMOD/Supernodal/t_cholmod_super_numeric_worker.c line: 1090
CHOLMOD warning: matrix not positive definite. file: ./CHOLMOD/Supernodal/t_cholmod_super_numeric_worker.c line: 1090
CHOLMOD warning: matrix not positive definite. file: ./CHOLMOD/Supernodal/t_cholmod_super_numeric_worker.c line: 1090
CHOLMOD warning: matrix not positive definite. file: ./CHOLMOD/Supernodal/t_cholmod_super_numeric_worker.c line: 1090
CHOLMOD warning: matrix not positive definite. file: ./CHOLMOD/Supernodal/t_cholmod_super_numeric_worker.c line: 1090
CHOLMOD warning: matrix not positive definite. file: ./CHOLMOD/Supernodal/t_cholmod_super_numeric_worker.c line: 1090
CHOLMOD warning: matrix not positive definite. file: ./CHOLMOD/Supernodal/t_cholmod_super_numeric_worker.c line: 1090
CHOLMOD warning: matrix not positive definite. file: ./CHOLMOD/Supernodal/t_cholmod_super_numeric_worker.c line: 1090
CHOLMOD warning: matrix not positive definite. file: ./CHOLMOD/Supernodal/t_cholmod_super_numeric_worker.c line: 1090
CHOLMOD warning: matrix not positive definite. file: ./CHOLMOD/Supernodal/t_cholmod_super_numeric_worker.c line: 1090
CHOLMOD warning: matrix not positive definite. file: ./CHOLMOD/Supernodal/t_cholmod_super_numeric_worker.c line: 1090
CHOLMOD warning: matrix not positive definite. file: ./CHOLMOD/Supernodal/t_cholmod_super_numeric_worker.c line: 1090
CHOLMOD warning: matrix not positive definite. file: ./CHOLMOD/Supernodal/t_cholmod_super_numeric_worker.c line: 1090
CHOLMOD warning: matrix not positive definite. file: ./CHOLMOD/Supernodal/t_cholmod_super_numeric_worker.c line: 1090
CHOLMOD warning: matrix not positive definite. file: ./CHOLMOD/Supernodal/t_cholmod_super_numeric_worker.c line: 1090
CHOLMOD warning: matrix not positive definite. file: ./CHOLMOD/Supernodal/t_cholmod_super_numeric_worker.c line: 1090
CHOLMOD warning: matrix not positive definite. file: ./CHOLMOD/Supernodal/t_cholmod_super_numeric_worker.c line: 1090
CHOLMOD warning: matrix not positive definite. file: ./CHOLMOD/Supernodal/t_cholmod_super_numeric_worker.c line: 1090
final full solution
CHOLMOD warning: matrix not positive definite. file: ./CHOLMOD/Supernodal/t_cholmod_super_numeric_worker.c line: 1090
 *** Statistics of MiSo Solver ***
Number of LOCAL iterations  = 40
Number of CG    iterations  = 40
Number of FULL  iterations  = 40
Number of ROUNDING          = 94
solve_multiple_rounding took 3.233743 s.
solve took 3.2338449999999996 s.
restore_eliminated_vars took 0.00077900000000000007 s.
solve took 3.258864 s.
Maximum Distorsion 3.5924 
Maximum Laplacian 6.9791 
ITERATION 4 FLIPS 8 
**** END OPTIMIZING #FLIPS 8  ****
       UV=2845 FUV=4998
Invalid MIQ output: UV=2845x2 FUV=4998x3

 Closed: Fri May 08 19:01:08 2026


  binary       : /root/SemanPartMesh/quad_extract/build/extract_quad_mesh
  input mesh   : /root/SemanPartMesh/compare_8d46740c472f9d36b7a04b65023ffc59_ns3000_20260508_184014/baseline/quad_meshes/8d46740c472f9d36b7a04b65023ffc59_quad_extract_work/8d46740c472f9d36b7a04b65023ffc59_quad_pml_repaired.obj
  cross field  : /root/SemanPartMesh/compare_8d46740c472f9d36b7a04b65023ffc59_ns3000_20260508_184014/baseline/quad_meshes/8d46740c472f9d36b7a04b65023ffc59_quad_extract_work/8d46740c472f9d36b7a04b65023ffc59_quad_pml_repaired_cf.txt
  output       : /root/SemanPartMesh/compare_8d46740c472f9d36b7a04b65023ffc59_ns3000_20260508_184014/baseline/quad_meshes/8d46740c472f9d36b7a04b65023ffc59_quad_extract_work/8d46740c472f9d36b7a04b65023ffc59_quad_gs40.obj
  gradient_size: 40.0  timeout: 1800s  [stiff=5.0 dr=1 it=5]

  FAILED: Command '['/root/SemanPartMesh/quad_extract/build/extract_quad_mesh', '/root/SemanPartMesh/compare_8d46740c472f9d36b7a04b65023ffc59_ns3000_20260508_184014/baseline/quad_meshes/8d46740c472f9d36b7a04b65023ffc59_quad_extract_work/8d46740c472f9d36b7a04b65023ffc59_quad_pml_repaired.obj', '/root/SemanPartMesh/compare_8d46740c472f9d36b7a04b65023ffc59_ns3000_20260508_184014/baseline/quad_meshes/8d46740c472f9d36b7a04b65023ffc59_quad_extract_work/8d46740c472f9d36b7a04b65023ffc59_quad_pml_repaired_cf.txt', '/root/SemanPartMesh/compare_8d46740c472f9d36b7a04b65023ffc59_ns3000_20260508_184014/baseline/quad_meshes/8d46740c472f9d36b7a04b65023ffc59_quad_extract_work/8d46740c472f9d36b7a04b65023ffc59_quad_gs40.obj', '40.0', '5.0', '1', '5', '5']' returned non-zero exit status 1.
  binary       : /root/SemanPartMesh/quad_extract/build/extract_quad_mesh
  input mesh   : /root/SemanPartMesh/compare_8d46740c472f9d36b7a04b65023ffc59_ns3000_20260508_184014/baseline/quad_meshes/8d46740c472f9d36b7a04b65023ffc59_quad_extract_work/8d46740c472f9d36b7a04b65023ffc59_quad_pml_repaired.obj
  cross field  : /root/SemanPartMesh/compare_8d46740c472f9d36b7a04b65023ffc59_ns3000_20260508_184014/baseline/quad_meshes/8d46740c472f9d36b7a04b65023ffc59_quad_extract_work/8d46740c472f9d36b7a04b65023ffc59_quad_pml_repaired_cf.txt
  output       : /root/SemanPartMesh/compare_8d46740c472f9d36b7a04b65023ffc59_ns3000_20260508_184014/baseline/quad_meshes/8d46740c472f9d36b7a04b65023ffc59_quad_extract_work/8d46740c472f9d36b7a04b65023ffc59_quad_gs40.obj
  gradient_size: 40.0  timeout: 1800s  [stiff=50.0 dr=1 it=5]

  FAILED: Command '['/root/SemanPartMesh/quad_extract/build/extract_quad_mesh', '/root/SemanPartMesh/compare_8d46740c472f9d36b7a04b65023ffc59_ns3000_20260508_184014/baseline/quad_meshes/8d46740c472f9d36b7a04b65023ffc59_quad_extract_work/8d46740c472f9d36b7a04b65023ffc59_quad_pml_repaired.obj', '/root/SemanPartMesh/compare_8d46740c472f9d36b7a04b65023ffc59_ns3000_20260508_184014/baseline/quad_meshes/8d46740c472f9d36b7a04b65023ffc59_quad_extract_work/8d46740c472f9d36b7a04b65023ffc59_quad_pml_repaired_cf.txt', '/root/SemanPartMesh/compare_8d46740c472f9d36b7a04b65023ffc59_ns3000_20260508_184014/baseline/quad_meshes/8d46740c472f9d36b7a04b65023ffc59_quad_extract_work/8d46740c472f9d36b7a04b65023ffc59_quad_gs40.obj', '40.0', '50.0', '1', '5', '5']' returned non-zero exit status 1.
  binary       : /root/SemanPartMesh/quad_extract/build/extract_quad_mesh
  input mesh   : /root/SemanPartMesh/compare_8d46740c472f9d36b7a04b65023ffc59_ns3000_20260508_184014/baseline/quad_meshes/8d46740c472f9d36b7a04b65023ffc59_quad_extract_work/8d46740c472f9d36b7a04b65023ffc59_quad_pml_repaired.obj
  cross field  : /root/SemanPartMesh/compare_8d46740c472f9d36b7a04b65023ffc59_ns3000_20260508_184014/baseline/quad_meshes/8d46740c472f9d36b7a04b65023ffc59_quad_extract_work/8d46740c472f9d36b7a04b65023ffc59_quad_pml_repaired_cf.txt
  output       : /root/SemanPartMesh/compare_8d46740c472f9d36b7a04b65023ffc59_ns3000_20260508_184014/baseline/quad_meshes/8d46740c472f9d36b7a04b65023ffc59_quad_extract_work/8d46740c472f9d36b7a04b65023ffc59_quad_gs40.obj
  gradient_size: 40.0  timeout: 1800s  [stiff=200.0 dr=1 it=3]

  FAILED: Command '['/root/SemanPartMesh/quad_extract/build/extract_quad_mesh', '/root/SemanPartMesh/compare_8d46740c472f9d36b7a04b65023ffc59_ns3000_20260508_184014/baseline/quad_meshes/8d46740c472f9d36b7a04b65023ffc59_quad_extract_work/8d46740c472f9d36b7a04b65023ffc59_quad_pml_repaired.obj', '/root/SemanPartMesh/compare_8d46740c472f9d36b7a04b65023ffc59_ns3000_20260508_184014/baseline/quad_meshes/8d46740c472f9d36b7a04b65023ffc59_quad_extract_work/8d46740c472f9d36b7a04b65023ffc59_quad_pml_repaired_cf.txt', '/root/SemanPartMesh/compare_8d46740c472f9d36b7a04b65023ffc59_ns3000_20260508_184014/baseline/quad_meshes/8d46740c472f9d36b7a04b65023ffc59_quad_extract_work/8d46740c472f9d36b7a04b65023ffc59_quad_gs40.obj', '40.0', '200.0', '1', '3', '5']' returned non-zero exit status 1.
  FAILED: extraction failed for gs=40.0

[Auto Sweep] Trying gradient_size=60.0
  binary       : /root/SemanPartMesh/quad_extract/build/extract_quad_mesh
  input mesh   : /root/SemanPartMesh/compare_8d46740c472f9d36b7a04b65023ffc59_ns3000_20260508_184014/baseline/quad_meshes/8d46740c472f9d36b7a04b65023ffc59_quad_extract_work/8d46740c472f9d36b7a04b65023ffc59_quad_pml_repaired.obj
  cross field  : /root/SemanPartMesh/compare_8d46740c472f9d36b7a04b65023ffc59_ns3000_20260508_184014/baseline/quad_meshes/8d46740c472f9d36b7a04b65023ffc59_quad_extract_work/8d46740c472f9d36b7a04b65023ffc59_quad_pml_repaired_cf.txt
  output       : /root/SemanPartMesh/compare_8d46740c472f9d36b7a04b65023ffc59_ns3000_20260508_184014/baseline/quad_meshes/8d46740c472f9d36b7a04b65023ffc59_quad_extract_work/8d46740c472f9d36b7a04b65023ffc59_quad_gs60.obj
  gradient_size: 60.0  timeout: 1800s

  FAILED: Command '['/root/SemanPartMesh/quad_extract/build/extract_quad_mesh', '/root/SemanPartMesh/compare_8d46740c472f9d36b7a04b65023ffc59_ns3000_20260508_184014/baseline/quad_meshes/8d46740c472f9d36b7a04b65023ffc59_quad_extract_work/8d46740c472f9d36b7a04b65023ffc59_quad_pml_repaired.obj', '/root/SemanPartMesh/compare_8d46740c472f9d36b7a04b65023ffc59_ns3000_20260508_184014/baseline/quad_meshes/8d46740c472f9d36b7a04b65023ffc59_quad_extract_work/8d46740c472f9d36b7a04b65023ffc59_quad_pml_repaired_cf.txt', '/root/SemanPartMesh/compare_8d46740c472f9d36b7a04b65023ffc59_ns3000_20260508_184014/baseline/quad_meshes/8d46740c472f9d36b7a04b65023ffc59_quad_extract_work/8d46740c472f9d36b7a04b65023ffc59_quad_gs60.obj', '60.0', '5.0', '0', '5', '5']' returned non-zero exit status 1.
  binary       : /root/SemanPartMesh/quad_extract/build/extract_quad_mesh
  input mesh   : /root/SemanPartMesh/compare_8d46740c472f9d36b7a04b65023ffc59_ns3000_20260508_184014/baseline/quad_meshes/8d46740c472f9d36b7a04b65023ffc59_quad_extract_work/8d46740c472f9d36b7a04b65023ffc59_quad_pml_repaired.obj
  cross field  : /root/SemanPartMesh/compare_8d46740c472f9d36b7a04b65023ffc59_ns3000_20260508_184014/baseline/quad_meshes/8d46740c472f9d36b7a04b65023ffc59_quad_extract_work/8d46740c472f9d36b7a04b65023ffc59_quad_pml_repaired_cf.txt
  output       : /root/SemanPartMesh/compare_8d46740c472f9d36b7a04b65023ffc59_ns3000_20260508_184014/baseline/quad_meshes/8d46740c472f9d36b7a04b65023ffc59_quad_extract_work/8d46740c472f9d36b7a04b65023ffc59_quad_gs60.obj
  gradient_size: 60.0  timeout: 1800s  [stiff=50.0 dr=0 it=5]

  FAILED: Command '['/root/SemanPartMesh/quad_extract/build/extract_quad_mesh', '/root/SemanPartMesh/compare_8d46740c472f9d36b7a04b65023ffc59_ns3000_20260508_184014/baseline/quad_meshes/8d46740c472f9d36b7a04b65023ffc59_quad_extract_work/8d46740c472f9d36b7a04b65023ffc59_quad_pml_repaired.obj', '/root/SemanPartMesh/compare_8d46740c472f9d36b7a04b65023ffc59_ns3000_20260508_184014/baseline/quad_meshes/8d46740c472f9d36b7a04b65023ffc59_quad_extract_work/8d46740c472f9d36b7a04b65023ffc59_quad_pml_repaired_cf.txt', '/root/SemanPartMesh/compare_8d46740c472f9d36b7a04b65023ffc59_ns3000_20260508_184014/baseline/quad_meshes/8d46740c472f9d36b7a04b65023ffc59_quad_extract_work/8d46740c472f9d36b7a04b65023ffc59_quad_gs60.obj', '60.0', '50.0', '0', '5', '5']' returned non-zero exit status 1.
  binary       : /root/SemanPartMesh/quad_extract/build/extract_quad_mesh
  input mesh   : /root/SemanPartMesh/compare_8d46740c472f9d36b7a04b65023ffc59_ns3000_20260508_184014/baseline/quad_meshes/8d46740c472f9d36b7a04b65023ffc59_quad_extract_work/8d46740c472f9d36b7a04b65023ffc59_quad_pml_repaired.obj[1/4] Loading mesh: /root/SemanPartMesh/compare_8d46740c472f9d36b7a04b65023ffc59_ns3000_20260508_184014/baseline/quad_meshes/8d46740c472f9d36b7a04b65023ffc59_quad_extract_work/8d46740c472f9d36b7a04b65023ffc59_quad_pml_repaired.obj
       V=2500 F=4998
[2/4] Loading cross field: /root/SemanPartMesh/compare_8d46740c472f9d36b7a04b65023ffc59_ns3000_20260508_184014/baseline/quad_meshes/8d46740c472f9d36b7a04b65023ffc59_quad_extract_work/8d46740c472f9d36b7a04b65023ffc59_quad_pml_repaired_cf.txt
       cross field rows=4998
[3/4] Running MIQ parameterization (gradient_size=60, stiffness=5, iters=5)...

 INITIALIZED SPARSE MATRIX OF 5690d x 5690d 

 INITIALIZED SPARSE MATRIX OF 848d x 5850d 

 INITIALIZED VECTOR OF 5690d x 1 

 INITIALIZED VECTOR OF 848d x 1 
Initital dimension: 5850 x 5850, number of constraints: 848, number of integer variables: 252, use reordering: yes
make_constraints_independent took 0.004718 s.
Constraint integration took 0.012422000000000001 s.
Constraint elimination took 0.007705 s.
Reindexing took 0.000222 s.
eliminate_constraints took 0.020482 s.
Eliminated dimension: 5002 x 5002
#nonzeros: 56922
integer variables #: 94
continuous variables #: 4908
CHOLMOD warning: matrix not positive definite. file: ./CHOLMOD/Supernodal/t_cholmod_super_numeric_worker.c line: 1090
CHOLMOD warning: not positive definite. file: ./CHOLMOD/Cholesky/t_cholmod_rowfac_worker.c line: 433
solve took 0.022915999999999999 s.
restore_eliminated_vars took 0.0008250000000000001 s.
solve took 0.049566000000000006 s.
ITERATION 0 FLIPS 0 
**** END OPTIMIZING #FLIPS 0  ****
       UV=2845 FUV=4998
Invalid MIQ output: UV=2845x2 FUV=4998x3

 Closed: Fri May 08 19:01:08 2026

[1/4] Loading mesh: /root/SemanPartMesh/compare_8d46740c472f9d36b7a04b65023ffc59_ns3000_20260508_184014/baseline/quad_meshes/8d46740c472f9d36b7a04b65023ffc59_quad_extract_work/8d46740c472f9d36b7a04b65023ffc59_quad_pml_repaired.obj
       V=2500 F=4998
[2/4] Loading cross field: /root/SemanPartMesh/compare_8d46740c472f9d36b7a04b65023ffc59_ns3000_20260508_184014/baseline/quad_meshes/8d46740c472f9d36b7a04b65023ffc59_quad_extract_work/8d46740c472f9d36b7a04b65023ffc59_quad_pml_repaired_cf.txt
       cross field rows=4998
[3/4] Running MIQ parameterization (gradient_size=60, stiffness=50, iters=5)...

 INITIALIZED SPARSE MATRIX OF 5690d x 5690d 

 INITIALIZED SPARSE MATRIX OF 848d x 5850d 

 INITIALIZED VECTOR OF 5690d x 1 

 INITIALIZED VECTOR OF 848d x 1 
Initital dimension: 5850 x 5850, number of constraints: 848, number of integer variables: 252, use reordering: yes
make_constraints_independent took 0.0048310000000000002 s.
Constraint integration took 0.012551 s.
Constraint elimination took 0.0079059999999999998 s.
Reindexing took 0.000272 s.
eliminate_constraints took 0.020853999999999998 s.
Eliminated dimension: 5002 x 5002
#nonzeros: 56922
integer variables #: 94
continuous variables #: 4908
CHOLMOD warning: matrix not positive definite. file: ./CHOLMOD/Supernodal/t_cholmod_super_numeric_worker.c line: 1090
CHOLMOD warning: not positive definite. file: ./CHOLMOD/Cholesky/t_cholmod_rowfac_worker.c line: 433
solve took 0.022992999999999937 s.
restore_eliminated_vars took 0.00079500000000000003 s.
solve took 0.050134000000000012 s.
ITERATION 0 FLIPS 0 
**** END OPTIMIZING #FLIPS 0  ****
       UV=2845 FUV=4998
Invalid MIQ output: UV=2845x2 FUV=4998x3

 Closed: Fri May 08 19:01:09 2026

[1/4] Loading mesh: /root/SemanPartMesh/compare_8d46740c472f9d36b7a04b65023ffc59_ns3000_20260508_184014/baseline/quad_meshes/8d46740c472f9d36b7a04b65023ffc59_quad_extract_work/8d46740c472f9d36b7a04b65023ffc59_quad_pml_repaired.obj
       V=2500 F=4998
[2/4] Loading cross field: /root/SemanPartMesh/compare_8d46740c472f9d36b7a04b65023ffc59_ns3000_20260508_184014/baseline/quad_meshes/8d46740c472f9d36b7a04b65023ffc59_quad_extract_work/8d46740c472f9d36b7a04b65023ffc59_quad_pml_repaired_cf.txt
       cross field rows=4998
[3/4] Running MIQ parameterization (gradient_size=60, stiffness=200, iters=3)...

 INITIALIZED SPARSE MATRIX OF 5690d x 5690d 

 INITIALIZED SPARSE MATRIX OF 848d x 5850d 

 INITIALIZED VECTOR OF 5690d x 1 

 INITIALIZED VECTOR OF 848d x 1 
Initital dimension: 5850 x 5850, number of constraints: 848, number of integer variables: 252, use reordering: yes
make_constraints_independent took 0.0049510000000000005 s.
Constraint integration took 0.01418 s.
Constraint elimination took 0.0090359999999999989 s.
Reindexing took 0.000223 s.
eliminate_constraints took 0.023586000000000003 s.
Eliminated dimension: 5002 x 5002
#nonzeros: 56922
integer variables #: 94
continuous variables #: 4908
CHOLMOD warning: matrix not positive definite. file: ./CHOLMOD/Supernodal/t_cholmod_super_numeric_worker.c line: 1090
CHOLMOD warning: not positive definite. file: ./CHOLMOD/Cholesky/t_cholmod_rowfac_worker.c line: 433
solve took 0.025371000000000001 s.
restore_eliminated_vars took 0.001005 s.
solve took 0.055634000000000003 s.
ITERATION 0 FLIPS 0 
**** END OPTIMIZING #FLIPS 0  ****
       UV=2845 FUV=4998
Invalid MIQ output: UV=2845x2 FUV=4998x3

 Closed: Fri May 08 19:01:09 2026

[1/4] Loading mesh: /root/SemanPartMesh/compare_8d46740c472f9d36b7a04b65023ffc59_ns3000_20260508_184014/baseline/quad_meshes/8d46740c472f9d36b7a04b65023ffc59_quad_extract_work/8d46740c472f9d36b7a04b65023ffc59_quad_pml_isomesh.obj
       V=401 F=802
[2/4] Loading cross field: /root/SemanPartMesh/compare_8d46740c472f9d36b7a04b65023ffc59_ns3000_20260508_184014/baseline/quad_meshes/8d46740c472f9d36b7a04b65023ffc59_quad_extract_work/8d46740c472f9d36b7a04b65023ffc59_quad_pml_isomesh_cf.txt
       cross field rows=802
[3/4] Running MIQ parameterization (gradient_size=8, stiffness=5, iters=5)...

 INITIALIZED SPARSE MATRIX OF 1060d x 1060d 

 INITIALIZED SPARSE MATRIX OF 382d x 1186d 

 INITIALIZED VECTOR OF 1060d x 1 

 INITIALIZED VECTOR OF 382d x 1 
Initital dimension: 1186 x 1186, number of constraints: 382, number of integer variables: 206, use reordering: yes
make_constraints_independent took 0.0024300000000000003 s.
Constraint integration took 0.0073670000000000003 s.
Constraint elimination took 0.0026689999999999999 s.
Reindexing took 0.00010300000000000001 s.
eliminate_constraints took 0.010287000000000001 s.
Eliminated dimension: 804 x 804
#nonzeros: 16192
integer variables #: 82
continuous variables #: 722
initial full solution
final full solution
 *** Statistics of MiSo Solver ***
Number of LOCAL iterations  = 43
Number of CG    iterations  = 43
Number of FULL  iterations  = 23
Number of ROUNDING          = 82
solve_multiple_rounding took 0.66548699999999994 s.
solve took 0.665601 s.
restore_eliminated_vars took 0.00026000000000000003 s.
solve took 0.67906600000000006 s.
Maximum Distorsion 24.8824 
Maximum Laplacian 43.2544 
ITERATION 0 FLIPS 33 

 INITIALIZED SPARSE MATRIX OF 1060d x 1060d 

 INITIALIZED SPARSE MATRIX OF 382d x 1186d 

 INITIALIZED VECTOR OF 1060d x 1 

 INITIALIZED VECTOR OF 382d x 1 
Initital dimension: 1186 x 1186, number of constraints: 382, number of integer variables: 206, use reordering: yes
make_constraints_independent took 0.0022209999999999999 s.
Constraint integration took 0.0058550000000000008 s.
Constraint elimination took 0.0029150000000000001 s.
Reindexing took 0.00014200000000000001 s.
eliminate_constraints took 0.0090629999999999999 s.
Eliminated dimension: 804 x 804
#nonzeros: 16172
integer variables #: 82
continuous variables #: 722
initial full solution
final full solution
 *** Statistics of MiSo Solver ***
Number of LOCAL iterations  = 38
Number of CG    iterations  = 38
Number of FULL  iterations  = 32
Number of ROUNDING          = 82
solve_multiple_rounding took 0.66009400000000007 s.
solve took 0.66022599999999998 s.
restore_eliminated_vars took 0.00026000000000000003 s.
solve took 0.67229500000000009 s.
Maximum Distorsion 18.0100 
Maximum Laplacian 32.5598 
ITERATION 1 FLIPS 57 

 INITIALIZED SPARSE MATRIX OF 1060d x 1060d 

 INITIALIZED SPARSE MATRIX OF 382d x 1186d 

 INITIALIZED VECTOR OF 1060d x 1 

 INITIALIZED VECTOR OF 382d x 1 
Initital dimension: 1186 x 1186, number of constraints: 382, number of integer variables: 206, use reordering: yes
make_constraints_independent took 0.0022109999999999999 s.
Constraint integration took 0.0060620000000000005 s.
Constraint elimination took 0.0028159999999999999 s.
Reindexing took 0.00014300000000000001 s.
eliminate_constraints took 0.0091780000000000004 s.
Eliminated dimension: 804 x 804
#nonzeros: 16128
integer variables #: 82
continuous variables #: 722
initial full solution
final full solution
 *** Statistics of MiSo Solver ***
Number of LOCAL iterations  = 34
Number of CG    iterations  = 34
Number of FULL  iterations  = 25
Number of ROUNDING          = 82
solve_multiple_rounding took 0.56390700000000005 s.
solve took 0.56405300000000003 s.
restore_eliminated_vars took 0.00025099999999999998 s.
solve took 0.57670500000000002 s.
Maximum Distorsion 19.2181 
Maximum Laplacian 30.4384 
ITERATION 2 FLIPS 54 

 INITIALIZED SPARSE MATRIX OF 1060d x 1060d 

 INITIALIZED SPARSE MATRIX OF 382d x 1186d 

 INITIALIZED VECTOR OF 1060d x 1 

 INITIALIZED VECTOR OF 382d x 1 
Initital dimension: 1186 x 1186, number of constraints: 382, number of integer variables: 206, use reordering: yes
make_constraints_independent took 0.0024629999999999999 s.
Constraint integration took 0.0068319999999999995 s.
Constraint elimination took 0.003166 s.
Reindexing took 0.000116 s.
eliminate_constraints took 0.010245000000000001 s.
Eliminated dimension: 804 x 804
#nonzeros: 16182
integer variables #: 82
continuous variables #: 722
initial full solution
final full solution
 *** Statistics of MiSo Solver ***
Number of LOCAL iterations  = 32
Number of CG    iterations  = 32
Number of FULL  iterations  = 29
Number of ROUNDING          = 82
solve_multiple_rounding took 0.57234600000000002 s.
solve took 0.57247199999999998 s.
restore_eliminated_vars took 0.00030400000000000002 s.
solve took 0.58602999999999994 s.
Maximum Distorsion 11.8126 
Maximum Laplacian 19.0994 
ITERATION 3 FLIPS 55 

 INITIALIZED SPARSE MATRIX OF 1060d x 1060d 

 INITIALIZED SPARSE MATRIX OF 382d x 1186d 

 INITIALIZED VECTOR OF 1060d x 1 

 INITIALIZED VECTOR OF 382d x 1 
Initital dimension: 1186 x 1186, number of constraints: 382, number of integer variables: 206, use reordering: yes
make_constraints_independent took 0.0026259999999999999 s.
Constraint integration took 0.0065030000000000001 s.
Constraint elimination took 0.0022429999999999998 s.
Reindexing took 0.00010200000000000001 s.
eliminate_constraints took 0.0089879999999999995 s.
Eliminated dimension: 804 x 804
#nonzeros: 16187
integer variables #: 82
continuous variables #: 722
initial full solution
final full solution
 *** Statistics of MiSo Solver ***
Number of LOCAL iterations  = 35
Number of CG    iterations  = 35
Number of FULL  iterations  = 33
Number of ROUNDING          = 82
solve_multiple_rounding took 0.59343699999999999 s.
solve took 0.59355099999999994 s.
restore_eliminated_vars took 0.00025900000000000001 s.
solve took 0.60601499999999997 s.
Maximum Distorsion 12.0339 
Maximum Laplacian 19.6686 
ITERATION 4 FLIPS 55 
**** END OPTIMIZING #FLIPS 55  ****
       UV=530 FUV=802
[4/4] Extracting quad mesh with libQEx...
create_faces: Skipping. Reason: Non-boundary edge.
create_faces: Skipping. Reason: Non-boundary vertex.
create_faces: Skipping. Reason: Non-boundary vertex.
       Quad vertices=65 Quad faces=63
Output saved to: /root/SemanPartMesh/compare_8d46740c472f9d36b7a04b65023ffc59_ns3000_20260508_184014/baseline/quad_meshes/8d46740c472f9d36b7a04b65023ffc59_quad_extract_work/8d46740c472f9d36b7a04b65023ffc59_quad_gs8.obj

 Closed: Fri May 08 19:01:13 2026

[1/4] Loading mesh: /root/SemanPartMesh/compare_8d46740c472f9d36b7a04b65023ffc59_ns3000_20260508_184014/baseline/quad_meshes/8d46740c472f9d36b7a04b65023ffc59_quad_extract_work/8d46740c472f9d36b7a04b65023ffc59_quad_pml_isomesh.obj
       V=401 F=802
[2/4] Loading cross field: /root/SemanPartMesh/compare_8d46740c472f9d36b7a04b65023ffc59_ns3000_20260508_184014/baseline/quad_meshes/8d46740c472f9d36b7a04b65023ffc59_quad_extract_work/8d46740c472f9d36b7a04b65023ffc59_quad_pml_isomesh_cf.txt
       cross field rows=802
[3/4] Running MIQ parameterization (gradient_size=12, stiffness=5, iters=5)...

 INITIALIZED SPARSE MATRIX OF 1060d x 1060d 

 INITIALIZED SPARSE MATRIX OF 382d x 1186d 

 INITIALIZED VECTOR OF 1060d x 1 

 INITIALIZED VECTOR OF 382d x 1 
Initital dimension: 1186 x 1186, number of constraints: 382, number of integer variables: 206, use reordering: yes
make_constraints_independent took 0.0025710000000000004 s.
Constraint integration took 0.0064790000000000004 s.
Constraint elimination took 0.002588 s.
Reindexing took 0.000106 s.
eliminate_constraints took 0.0092849999999999999 s.
Eliminated dimension: 804 x 804
#nonzeros: 16192
integer variables #: 82
continuous variables #: 722
initial full solution
final full solution
 *** Statistics of MiSo Solver ***
Number of LOCAL iterations  = 26
Number of CG    iterations  = 26
Number of FULL  iterations  = 16
Number of ROUNDING          = 82
solve_multiple_rounding took 0.39455299999999999 s.
solve took 0.39472700000000005 s.
restore_eliminated_vars took 0.00024399999999999999 s.
solve took 0.40733900000000001 s.
Maximum Distorsion 15.7013 
Maximum Laplacian 27.4745 
ITERATION 0 FLIPS 33 

 INITIALIZED SPARSE MATRIX OF 1060d x 1060d 

 INITIALIZED SPARSE MATRIX OF 382d x 1186d 

 INITIALIZED VECTOR OF 1060d x 1 

 INITIALIZED VECTOR OF 382d x 1 
Initital dimension: 1186 x 1186, number of constraints: 382, number of integer variables: 206, use reordering: yes
make_constraints_independent took 0.002313 s.
Constraint integration took 0.0062290000000000002 s.
Constraint elimination took 0.0022920000000000002 s.
Reindexing took 0.00010200000000000001 s.
eliminate_constraints took 0.0087530000000000004 s.
Eliminated dimension: 804 x 804
#nonzeros: 16118
integer variables #: 82
continuous variables #: 722
initial full solution
final full solution
 *** Statistics of MiSo Solver ***
Number of LOCAL iterations  = 32
Number of CG    iterations  = 32
Number of FULL  iterations  = 22
Number of ROUNDING          = 82
solve_multiple_rounding took 0.52006200000000002 s.
solve took 0.52024599999999999 s.
restore_eliminated_vars took 0.00024899999999999998 s.
solve took 0.53198000000000001 s.
Maximum Distorsion 15.4086 
Maximum Laplacian 25.9256 
ITERATION 1 FLIPS 39 

 INITIALIZED SPARSE MATRIX OF 1060d x 1060d 

 INITIALIZED SPARSE MATRIX OF 382d x 1186d 

 INITIALIZED VECTOR OF 1060d x 1 

 INITIALIZED VECTOR OF 382d x 1 
Initital dimension: 1186 x 1186, number of constraints: 382, number of integer variables: 206, use reordering: yes
make_constraints_independent took 0.0023239999999999997 s.
Constraint integration took 0.0064380000000000001 s.
Constraint elimination took 0.0024559999999999998 s.
Reindexing took 0.00011 s.
eliminate_constraints took 0.0091240000000000002 s.
Eliminated dimension: 804 x 804
#nonzeros: 16161
integer variables #: 82
continuous variables #: 722
initial full solution
final full solution
 *** Statistics of MiSo Solver ***
Number of LOCAL iterations  = 32
Number of CG    iterations  = 32
Number of FULL  iterations  = 28
Number of ROUNDING          = 82
solve_multiple_rounding took 0.54150999999999994 s.
solve took 0.54162500000000002 s.
restore_eliminated_vars took 0.000243 s.
solve took 0.55373400000000006 s.
Maximum Distorsion 15.4261 
Maximum Laplacian 26.6002 
ITERATION 2 FLIPS 43 

 INITIALIZED SPARSE MATRIX OF 1060d x 1060d 

 INITIALIZED SPARSE MATRIX OF 382d x 1186d 

 INITIALIZED VECTOR OF 1060d x 1 

 INITIALIZED VECTOR OF 382d x 1 
Initital dimension: 1186 x 1186, number of constraints: 382, number of integer variables: 206, use reordering: yes
make_constraints_independent took 0.00232 s.
Constraint integration took 0.0061279999999999998 s.
Constraint elimination took 0.0022890000000000002 s.
Reindexing took 0.000111 s.
eliminate_constraints took 0.0086650000000000008 s.
Eliminated dimension: 804 x 804
#nonzeros: 16198
integer variables #: 82
continuous variables #: 722
initial full solution
final full solution
 *** Statistics of MiSo Solver ***
Number of LOCAL iterations  = 31
Number of CG    iterations  = 31
Number of FULL  iterations  = 28
Number of ROUNDING          = 82
solve_multiple_rounding took 0.52652900000000002 s.
solve took 0.52664799999999989 s.
restore_eliminated_vars took 0.00025000000000000001 s.
solve took 0.53836099999999998 s.
Maximum Distorsion 19.2211 
Maximum Laplacian 33.1943 
ITERATION 3 FLIPS 32 

 INITIALIZED SPARSE MATRIX OF 1060d x 1060d 

 INITIALIZED SPARSE MATRIX OF 382d x 1186d 

 INITIALIZED VECTOR OF 1060d x 1 

 INITIALIZED VECTOR OF 382d x 1 
Initital dimension: 1186 x 1186, number of constraints: 382, number of integer variables: 206, use reordering: yes
make_constraints_independent took 0.002251 s.
Constraint integration took 0.0062359999999999994 s.
Constraint elimination took 0.002555 s.
Reindexing took 0.000112 s.
eliminate_constraints took 0.0090060000000000001 s.
Eliminated dimension: 804 x 804
#nonzeros: 16174
integer variables #: 82
continuous variables #: 722
initial full solution
final full solution
 *** Statistics of MiSo Solver ***
Number of LOCAL iterations  = 34
Number of CG    iterations  = 34
Number of FULL  iterations  = 32
Number of ROUNDING          = 82
solve_multiple_rounding took 0.56771500000000008 s.
solve took 0.56783299999999992 s.
restore_eliminated_vars took 0.00025900000000000001 s.
solve took 0.57986599999999999 s.
Maximum Distorsion 15.4824 
Maximum Laplacian 27.1385 
ITERATION 4 FLIPS 40 
**** END OPTIMIZING #FLIPS 40  ****
       UV=530 FUV=802
[4/4] Extracting quad mesh with libQEx...
       Quad vertices=179 Quad faces=179
Output saved to: /root/SemanPartMesh/compare_8d46740c472f9d36b7a04b65023ffc59_ns3000_20260508_184014/baseline/quad_meshes/8d46740c472f9d36b7a04b65023ffc59_quad_extract_work/8d46740c472f9d36b7a04b65023ffc59_quad_gs12.obj

 Closed: Fri May 08 19:01:15 2026


  cross field  : /root/SemanPartMesh/compare_8d46740c472f9d36b7a04b65023ffc59_ns3000_20260508_184014/baseline/quad_meshes/8d46740c472f9d36b7a04b65023ffc59_quad_extract_work/8d46740c472f9d36b7a04b65023ffc59_quad_pml_repaired_cf.txt
  output       : /root/SemanPartMesh/compare_8d46740c472f9d36b7a04b65023ffc59_ns3000_20260508_184014/baseline/quad_meshes/8d46740c472f9d36b7a04b65023ffc59_quad_extract_work/8d46740c472f9d36b7a04b65023ffc59_quad_gs60.obj
  gradient_size: 60.0  timeout: 1800s  [stiff=5.0 dr=1 it=5]

  FAILED: Command '['/root/SemanPartMesh/quad_extract/build/extract_quad_mesh', '/root/SemanPartMesh/compare_8d46740c472f9d36b7a04b65023ffc59_ns3000_20260508_184014/baseline/quad_meshes/8d46740c472f9d36b7a04b65023ffc59_quad_extract_work/8d46740c472f9d36b7a04b65023ffc59_quad_pml_repaired.obj', '/root/SemanPartMesh/compare_8d46740c472f9d36b7a04b65023ffc59_ns3000_20260508_184014/baseline/quad_meshes/8d46740c472f9d36b7a04b65023ffc59_quad_extract_work/8d46740c472f9d36b7a04b65023ffc59_quad_pml_repaired_cf.txt', '/root/SemanPartMesh/compare_8d46740c472f9d36b7a04b65023ffc59_ns3000_20260508_184014/baseline/quad_meshes/8d46740c472f9d36b7a04b65023ffc59_quad_extract_work/8d46740c472f9d36b7a04b65023ffc59_quad_gs60.obj', '60.0', '5.0', '1', '5', '5']' returned non-zero exit status 1.
  binary       : /root/SemanPartMesh/quad_extract/build/extract_quad_mesh
  input mesh   : /root/SemanPartMesh/compare_8d46740c472f9d36b7a04b65023ffc59_ns3000_20260508_184014/baseline/quad_meshes/8d46740c472f9d36b7a04b65023ffc59_quad_extract_work/8d46740c472f9d36b7a04b65023ffc59_quad_pml_repaired.obj
  cross field  : /root/SemanPartMesh/compare_8d46740c472f9d36b7a04b65023ffc59_ns3000_20260508_184014/baseline/quad_meshes/8d46740c472f9d36b7a04b65023ffc59_quad_extract_work/8d46740c472f9d36b7a04b65023ffc59_quad_pml_repaired_cf.txt
  output       : /root/SemanPartMesh/compare_8d46740c472f9d36b7a04b65023ffc59_ns3000_20260508_184014/baseline/quad_meshes/8d46740c472f9d36b7a04b65023ffc59_quad_extract_work/8d46740c472f9d36b7a04b65023ffc59_quad_gs60.obj
  gradient_size: 60.0  timeout: 1800s  [stiff=50.0 dr=1 it=5]

  FAILED: Command '['/root/SemanPartMesh/quad_extract/build/extract_quad_mesh', '/root/SemanPartMesh/compare_8d46740c472f9d36b7a04b65023ffc59_ns3000_20260508_184014/baseline/quad_meshes/8d46740c472f9d36b7a04b65023ffc59_quad_extract_work/8d46740c472f9d36b7a04b65023ffc59_quad_pml_repaired.obj', '/root/SemanPartMesh/compare_8d46740c472f9d36b7a04b65023ffc59_ns3000_20260508_184014/baseline/quad_meshes/8d46740c472f9d36b7a04b65023ffc59_quad_extract_work/8d46740c472f9d36b7a04b65023ffc59_quad_pml_repaired_cf.txt', '/root/SemanPartMesh/compare_8d46740c472f9d36b7a04b65023ffc59_ns3000_20260508_184014/baseline/quad_meshes/8d46740c472f9d36b7a04b65023ffc59_quad_extract_work/8d46740c472f9d36b7a04b65023ffc59_quad_gs60.obj', '60.0', '50.0', '1', '5', '5']' returned non-zero exit status 1.
  binary       : /root/SemanPartMesh/quad_extract/build/extract_quad_mesh
  input mesh   : /root/SemanPartMesh/compare_8d46740c472f9d36b7a04b65023ffc59_ns3000_20260508_184014/baseline/quad_meshes/8d46740c472f9d36b7a04b65023ffc59_quad_extract_work/8d46740c472f9d36b7a04b65023ffc59_quad_pml_repaired.obj
  cross field  : /root/SemanPartMesh/compare_8d46740c472f9d36b7a04b65023ffc59_ns3000_20260508_184014/baseline/quad_meshes/8d46740c472f9d36b7a04b65023ffc59_quad_extract_work/8d46740c472f9d36b7a04b65023ffc59_quad_pml_repaired_cf.txt
  output       : /root/SemanPartMesh/compare_8d46740c472f9d36b7a04b65023ffc59_ns3000_20260508_184014/baseline/quad_meshes/8d46740c472f9d36b7a04b65023ffc59_quad_extract_work/8d46740c472f9d36b7a04b65023ffc59_quad_gs60.obj
  gradient_size: 60.0  timeout: 1800s  [stiff=200.0 dr=1 it=3]

  FAILED: Command '['/root/SemanPartMesh/quad_extract/build/extract_quad_mesh', '/root/SemanPartMesh/compare_8d46740c472f9d36b7a04b65023ffc59_ns3000_20260508_184014/baseline/quad_meshes/8d46740c472f9d36b7a04b65023ffc59_quad_extract_work/8d46740c472f9d36b7a04b65023ffc59_quad_pml_repaired.obj', '/root/SemanPartMesh/compare_8d46740c472f9d36b7a04b65023ffc59_ns3000_20260508_184014/baseline/quad_meshes/8d46740c472f9d36b7a04b65023ffc59_quad_extract_work/8d46740c472f9d36b7a04b65023ffc59_quad_pml_repaired_cf.txt', '/root/SemanPartMesh/compare_8d46740c472f9d36b7a04b65023ffc59_ns3000_20260508_184014/baseline/quad_meshes/8d46740c472f9d36b7a04b65023ffc59_quad_extract_work/8d46740c472f9d36b7a04b65023ffc59_quad_gs60.obj', '60.0', '200.0', '1', '3', '5']' returned non-zero exit status 1.
  FAILED: extraction failed for gs=60.0

FAILED: no valid sweep candidate produced an evaluable quad mesh

==================================================
  [Tier 2] PyMeshLab isotropic remeshing
==================================================
  [pml-remesh] faces: 5000 -> 802, verts: 401
  [cf-transfer] 5000 -> 802 faces, max_dist=0.027878, mean_dist=0.007565

[Auto Sweep]
  mesh        : /root/SemanPartMesh/compare_8d46740c472f9d36b7a04b65023ffc59_ns3000_20260508_184014/baseline/quad_meshes/8d46740c472f9d36b7a04b65023ffc59_quad_extract_work/8d46740c472f9d36b7a04b65023ffc59_quad_pml_isomesh.obj
  cross field : /root/SemanPartMesh/compare_8d46740c472f9d36b7a04b65023ffc59_ns3000_20260508_184014/baseline/quad_meshes/8d46740c472f9d36b7a04b65023ffc59_quad_extract_work/8d46740c472f9d36b7a04b65023ffc59_quad_pml_isomesh_cf.txt
  output      : /root/SemanPartMesh/compare_8d46740c472f9d36b7a04b65023ffc59_ns3000_20260508_184014/baseline/quad_meshes/8d46740c472f9d36b7a04b65023ffc59_quad.obj
  sweep_values: [8.0, 12.0, 16.0, 24.0, 30.0, 40.0, 60.0]
  thresholds  : min_quads=100, max_ad=15.0, min_jr=0.15

  target_quads: 401 (budget-aware ranking)

  budget_tol  : 0.200

[Auto Sweep] Trying gradient_size=8.0
  binary       : /root/SemanPartMesh/quad_extract/build/extract_quad_mesh
  input mesh   : /root/SemanPartMesh/compare_8d46740c472f9d36b7a04b65023ffc59_ns3000_20260508_184014/baseline/quad_meshes/8d46740c472f9d36b7a04b65023ffc59_quad_extract_work/8d46740c472f9d36b7a04b65023ffc59_quad_pml_isomesh.obj
  cross field  : /root/SemanPartMesh/compare_8d46740c472f9d36b7a04b65023ffc59_ns3000_20260508_184014/baseline/quad_meshes/8d46740c472f9d36b7a04b65023ffc59_quad_extract_work/8d46740c472f9d36b7a04b65023ffc59_quad_pml_isomesh_cf.txt
  output       : /root/SemanPartMesh/compare_8d46740c472f9d36b7a04b65023ffc59_ns3000_20260508_184014/baseline/quad_meshes/8d46740c472f9d36b7a04b65023ffc59_quad_extract_work/8d46740c472f9d36b7a04b65023ffc59_quad_gs8.obj
  gradient_size: 8.0  timeout: 1800s

[Catmull-Clark] Applying 1 iteration(s) to 8d46740c472f9d36b7a04b65023ffc59_quad_gs8.obj
  target_quads : 401
  subdivided   : n_quads=252 AD_mean=18.125deg JR_min=0.2132
  RESULT [constraint-violating] n_quads=252 AD_mean=18.125deg JR_min=0.2132 SJ_mean=0.8508

[Auto Sweep] Trying gradient_size=12.0
  binary       : /root/SemanPartMesh/quad_extract/build/extract_quad_mesh
  input mesh   : /root/SemanPartMesh/compare_8d46740c472f9d36b7a04b65023ffc59_ns3000_20260508_184014/baseline/quad_meshes/8d46740c472f9d36b7a04b65023ffc59_quad_extract_work/8d46740c472f9d36b7a04b65023ffc59_quad_pml_isomesh.obj
  cross field  : /root/SemanPartMesh/compare_8d46740c472f9d36b7a04b65023ffc59_ns3000_20260508_184014/baseline/quad_meshes/8d46740c472f9d36b7a04b65023ffc59_quad_extract_work/8d46740c472f9d36b7a04b65023ffc59_quad_pml_isomesh_cf.txt
  output       : /root/SemanPartMesh/compare_8d46740c472f9d36b7a04b65023ffc59_ns3000_20260508_184014/baseline/quad_meshes/8d46740c472f9d36b7a04b65023ffc59_quad_extract_work/8d46740c472f9d36b7a04b65023ffc59_quad_gs12.obj
  gradient_size: 12.0  timeout: 1800s

  RESULT [valid] n_quads=179 AD_mean=12.233deg JR_min=0.3256 SJ_mean=0.9087

[Auto Sweep] Trying gradient_size=16.0
  binary       : /root/SemanPartMesh/quad_extract/build/extract_quad_mesh
  input mesh   : /root/SemanPartMesh/compare_8d46740c472f9d36b7a04b65023ffc59_ns3000_20260508_184014/baseline/quad_meshes/8d46740c472f9d36b7a04b65023ffc59_quad_extract_work/8d46740c472f9d36b7a04b65023ffc59_quad_pml_isomesh.obj
  cross field  : /root/SemanPartMesh/compare_8d46740c472f9d36b7a04b65023ffc59_ns3000_20260508_184014/baseline/quad_meshes/8d46740c472f9d36b7a04b65023ffc59_quad_extract_work/8d46740c472f9d36b7a04b65023ffc59_quad_pml_isomesh_cf.txt[1/4] Loading mesh: /root/SemanPartMesh/compare_8d46740c472f9d36b7a04b65023ffc59_ns3000_20260508_184014/baseline/quad_meshes/8d46740c472f9d36b7a04b65023ffc59_quad_extract_work/8d46740c472f9d36b7a04b65023ffc59_quad_pml_isomesh.obj
       V=401 F=802
[2/4] Loading cross field: /root/SemanPartMesh/compare_8d46740c472f9d36b7a04b65023ffc59_ns3000_20260508_184014/baseline/quad_meshes/8d46740c472f9d36b7a04b65023ffc59_quad_extract_work/8d46740c472f9d36b7a04b65023ffc59_quad_pml_isomesh_cf.txt
       cross field rows=802
[3/4] Running MIQ parameterization (gradient_size=16, stiffness=5, iters=5)...

 INITIALIZED SPARSE MATRIX OF 1060d x 1060d 

 INITIALIZED SPARSE MATRIX OF 382d x 1186d 

 INITIALIZED VECTOR OF 1060d x 1 

 INITIALIZED VECTOR OF 382d x 1 
Initital dimension: 1186 x 1186, number of constraints: 382, number of integer variables: 206, use reordering: yes
make_constraints_independent took 0.0023709999999999998 s.
Constraint integration took 0.0060140000000000002 s.
Constraint elimination took 0.002294 s.
Reindexing took 0.000101 s.
eliminate_constraints took 0.0085120000000000005 s.
Eliminated dimension: 804 x 804
#nonzeros: 16192
integer variables #: 82
continuous variables #: 722
initial full solution
final full solution
 *** Statistics of MiSo Solver ***
Number of LOCAL iterations  = 35
Number of CG    iterations  = 35
Number of FULL  iterations  = 18
Number of ROUNDING          = 82
solve_multiple_rounding took 0.49980200000000002 s.
solve took 0.499915 s.
restore_eliminated_vars took 0.00025000000000000001 s.
solve took 0.51152699999999995 s.
Maximum Distorsion 12.9407 
Maximum Laplacian 21.1609 
ITERATION 0 FLIPS 25 

 INITIALIZED SPARSE MATRIX OF 1060d x 1060d 

 INITIALIZED SPARSE MATRIX OF 382d x 1186d 

 INITIALIZED VECTOR OF 1060d x 1 

 INITIALIZED VECTOR OF 382d x 1 
Initital dimension: 1186 x 1186, number of constraints: 382, number of integer variables: 206, use reordering: yes
make_constraints_independent took 0.0021939999999999998 s.
Constraint integration took 0.0059489999999999994 s.
Constraint elimination took 0.0021909999999999998 s.
Reindexing took 0.00010499999999999999 s.
eliminate_constraints took 0.0083920000000000002 s.
Eliminated dimension: 804 x 804
#nonzeros: 16172
integer variables #: 82
continuous variables #: 722
initial full solution
final full solution
 *** Statistics of MiSo Solver ***
Number of LOCAL iterations  = 30
Number of CG    iterations  = 30
Number of FULL  iterations  = 19
Number of ROUNDING          = 82
solve_multiple_rounding took 0.45499799999999996 s.
solve took 0.45511099999999999 s.
restore_eliminated_vars took 0.00023999999999999998 s.
solve took 0.46638099999999999 s.
Maximum Distorsion 12.2329 
Maximum Laplacian 19.1372 
ITERATION 1 FLIPS 23 

 INITIALIZED SPARSE MATRIX OF 1060d x 1060d 

 INITIALIZED SPARSE MATRIX OF 382d x 1186d 

 INITIALIZED VECTOR OF 1060d x 1 

 INITIALIZED VECTOR OF 382d x 1 
Initital dimension: 1186 x 1186, number of constraints: 382, number of integer variables: 206, use reordering: yes
make_constraints_independent took 0.0021970000000000002 s.
Constraint integration took 0.0059320000000000006 s.
Constraint elimination took 0.0022280000000000004 s.
Reindexing took 0.00010300000000000001 s.
eliminate_constraints took 0.0084000000000000012 s.
Eliminated dimension: 804 x 804
#nonzeros: 16123
integer variables #: 82
continuous variables #: 722
initial full solution
final full solution
 *** Statistics of MiSo Solver ***
Number of LOCAL iterations  = 28
Number of CG    iterations  = 28
Number of FULL  iterations  = 21
Number of ROUNDING          = 82
solve_multiple_rounding took 0.43799900000000003 s.
solve took 0.43811299999999997 s.
restore_eliminated_vars took 0.00024399999999999999 s.
solve took 0.44938 s.
Maximum Distorsion 9.1472 
Maximum Laplacian 13.4820 
ITERATION 2 FLIPS 29 

 INITIALIZED SPARSE MATRIX OF 1060d x 1060d 

 INITIALIZED SPARSE MATRIX OF 382d x 1186d 

 INITIALIZED VECTOR OF 1060d x 1 

 INITIALIZED VECTOR OF 382d x 1 
Initital dimension: 1186 x 1186, number of constraints: 382, number of integer variables: 206, use reordering: yes
make_constraints_independent took 0.0025100000000000001 s.
Constraint integration took 0.0067860000000000004 s.
Constraint elimination took 0.0022389999999999997 s.
Reindexing took 0.00010300000000000001 s.
eliminate_constraints took 0.0092650000000000007 s.
Eliminated dimension: 804 x 804
#nonzeros: 16196
integer variables #: 82
continuous variables #: 722
initial full solution
final full solution
 *** Statistics of MiSo Solver ***
Number of LOCAL iterations  = 30
Number of CG    iterations  = 30
Number of FULL  iterations  = 24
Number of ROUNDING          = 82
solve_multiple_rounding took 0.47250300000000006 s.
solve took 0.47264699999999993 s.
restore_eliminated_vars took 0.00025000000000000001 s.
solve took 0.48559600000000003 s.
Maximum Distorsion 9.1657 
Maximum Laplacian 13.1720 
ITERATION 3 FLIPS 21 

 INITIALIZED SPARSE MATRIX OF 1060d x 1060d 

 INITIALIZED SPARSE MATRIX OF 382d x 1186d 

 INITIALIZED VECTOR OF 1060d x 1 

 INITIALIZED VECTOR OF 382d x 1 
Initital dimension: 1186 x 1186, number of constraints: 382, number of integer variables: 206, use reordering: yes
make_constraints_independent took 0.0022109999999999999 s.
Constraint integration took 0.005947 s.
Constraint elimination took 0.0023079999999999997 s.
Reindexing took 0.00011300000000000001 s.
eliminate_constraints took 0.0085110000000000012 s.
Eliminated dimension: 804 x 804
#nonzeros: 16123
integer variables #: 82
continuous variables #: 722
initial full solution
final full solution
 *** Statistics of MiSo Solver ***
Number of LOCAL iterations  = 29
Number of CG    iterations  = 29
Number of FULL  iterations  = 25
Number of ROUNDING          = 82
solve_multiple_rounding took 0.485012 s.
solve took 0.48512700000000003 s.
restore_eliminated_vars took 0.000328 s.
solve took 0.49668499999999999 s.
Maximum Distorsion 7.7985 
Maximum Laplacian 12.7597 
ITERATION 4 FLIPS 16 
**** END OPTIMIZING #FLIPS 16  ****
       UV=530 FUV=802
[4/4] Extracting quad mesh with libQEx...
       Quad vertices=303 Quad faces=303
Output saved to: /root/SemanPartMesh/compare_8d46740c472f9d36b7a04b65023ffc59_ns3000_20260508_184014/baseline/quad_meshes/8d46740c472f9d36b7a04b65023ffc59_quad_extract_work/8d46740c472f9d36b7a04b65023ffc59_quad_gs16.obj

 Closed: Fri May 08 19:01:18 2026

[1/4] Loading mesh: /root/SemanPartMesh/compare_8d46740c472f9d36b7a04b65023ffc59_ns3000_20260508_184014/baseline/quad_meshes/8d46740c472f9d36b7a04b65023ffc59_quad_extract_work/8d46740c472f9d36b7a04b65023ffc59_quad_pml_isomesh.obj
       V=401 F=802
[2/4] Loading cross field: /root/SemanPartMesh/compare_8d46740c472f9d36b7a04b65023ffc59_ns3000_20260508_184014/baseline/quad_meshes/8d46740c472f9d36b7a04b65023ffc59_quad_extract_work/8d46740c472f9d36b7a04b65023ffc59_quad_pml_isomesh_cf.txt
       cross field rows=802
[3/4] Running MIQ parameterization (gradient_size=24, stiffness=5, iters=5)...

 INITIALIZED SPARSE MATRIX OF 1060d x 1060d 

 INITIALIZED SPARSE MATRIX OF 382d x 1186d 

 INITIALIZED VECTOR OF 1060d x 1 

 INITIALIZED VECTOR OF 382d x 1 
Initital dimension: 1186 x 1186, number of constraints: 382, number of integer variables: 206, use reordering: yes
make_constraints_independent took 0.0023509999999999998 s.
Constraint integration took 0.0061700000000000001 s.
Constraint elimination took 0.0022690000000000002 s.
Reindexing took 0.00010400000000000001 s.
eliminate_constraints took 0.0086759999999999997 s.
Eliminated dimension: 804 x 804
#nonzeros: 16192
integer variables #: 82
continuous variables #: 722
initial full solution
final full solution
 *** Statistics of MiSo Solver ***
Number of LOCAL iterations  = 32
Number of CG    iterations  = 32
Number of FULL  iterations  = 18
Number of ROUNDING          = 82
solve_multiple_rounding took 0.44581799999999999 s.
solve took 0.44592799999999999 s.
restore_eliminated_vars took 0.00024800000000000001 s.
solve took 0.45766899999999999 s.
Maximum Distorsion 4.1608 
Maximum Laplacian 8.5746 
ITERATION 0 FLIPS 23 

 INITIALIZED SPARSE MATRIX OF 1060d x 1060d 

 INITIALIZED SPARSE MATRIX OF 382d x 1186d 

 INITIALIZED VECTOR OF 1060d x 1 

 INITIALIZED VECTOR OF 382d x 1 
Initital dimension: 1186 x 1186, number of constraints: 382, number of integer variables: 206, use reordering: yes
make_constraints_independent took 0.0022040000000000002 s.
Constraint integration took 0.0059659999999999999 s.
Constraint elimination took 0.002153 s.
Reindexing took 0.00010200000000000001 s.
eliminate_constraints took 0.0083320000000000009 s.
Eliminated dimension: 804 x 804
#nonzeros: 16091
integer variables #: 82
continuous variables #: 722
initial full solution
final full solution
 *** Statistics of MiSo Solver ***
Number of LOCAL iterations  = 32
Number of CG    iterations  = 32
Number of FULL  iterations  = 24
Number of ROUNDING          = 82
solve_multiple_rounding took 0.496332 s.
solve took 0.49642999999999998 s.
restore_eliminated_vars took 0.00024899999999999998 s.
solve took 0.50764799999999999 s.
Maximum Distorsion 4.0675 
Maximum Laplacian 7.7499 
ITERATION 1 FLIPS 18 

 INITIALIZED SPARSE MATRIX OF 1060d x 1060d 

 INITIALIZED SPARSE MATRIX OF 382d x 1186d 

 INITIALIZED VECTOR OF 1060d x 1 

 INITIALIZED VECTOR OF 382d x 1 
Initital dimension: 1186 x 1186, number of constraints: 382, number of integer variables: 206, use reordering: yes
make_constraints_independent took 0.0021930000000000001 s.
Constraint integration took 0.0059910000000000007 s.
Constraint elimination took 0.0022490000000000001 s.
Reindexing took 0.000107 s.
eliminate_constraints took 0.0084650000000000003 s.
Eliminated dimension: 804 x 804
#nonzeros: 16053
integer variables #: 82
continuous variables #: 722
initial full solution
final full solution
 *** Statistics of MiSo Solver ***
Number of LOCAL iterations  = 30
Number of CG    iterations  = 30
Number of FULL  iterations  = 19
Number of ROUNDING          = 82
solve_multiple_rounding took 0.453322 s.
solve took 0.45341999999999993 s.
restore_eliminated_vars took 0.00025399999999999999 s.
solve took 0.46475300000000003 s.
Maximum Distorsion 5.2464 
Maximum Laplacian 8.8032 
ITERATION 2 FLIPS 20 

 INITIALIZED SPARSE MATRIX OF 1060d x 1060d 

 INITIALIZED SPARSE MATRIX OF 382d x 1186d 

 INITIALIZED VECTOR OF 1060d x 1 

 INITIALIZED VECTOR OF 382d x 1 
Initital dimension: 1186 x 1186, number of constraints: 382, number of integer variables: 206, use reordering: yes
make_constraints_independent took 0.0021869999999999997 s.
Constraint integration took 0.0058769999999999994 s.
Constraint elimination took 0.0021640000000000001 s.
Reindexing took 0.000101 s.
eliminate_constraints took 0.00826 s.
Eliminated dimension: 804 x 804
#nonzeros: 16142
integer variables #: 82
continuous variables #: 722
initial full solution
final full solution
 *** Statistics of MiSo Solver ***
Number of LOCAL iterations  = 31
Number of CG    iterations  = 31
Number of FULL  iterations  = 24
Number of ROUNDING          = 82
solve_multiple_rounding took 0.47636800000000001 s.
solve took 0.47648499999999999 s.
restore_eliminated_vars took 0.00024800000000000001 s.
solve took 0.48757400000000001 s.
Maximum Distorsion 4.0632 
Maximum Laplacian 8.7625 
ITERATION 3 FLIPS 22 

 INITIALIZED SPARSE MATRIX OF 1060d x 1060d 

 INITIALIZED SPARSE MATRIX OF 382d x 1186d 

 INITIALIZED VECTOR OF 1060d x 1 

 INITIALIZED VECTOR OF 382d x 1 
Initital dimension: 1186 x 1186, number of constraints: 382, number of integer variables: 206, use reordering: yes
make_constraints_independent took 0.0021849999999999999 s.
Constraint integration took 0.0059360000000000003 s.
Constraint elimination took 0.002222 s.
Reindexing took 0.00010300000000000001 s.
eliminate_constraints took 0.0083789999999999993 s.
Eliminated dimension: 804 x 804
#nonzeros: 16125
integer variables #: 82
continuous variables #: 722
initial full solution
final full solution
 *** Statistics of MiSo Solver ***
Number of LOCAL iterations  = 26
Number of CG    iterations  = 26
Number of FULL  iterations  = 20
Number of ROUNDING          = 82
solve_multiple_rounding took 0.40700500000000001 s.
solve took 0.40712500000000001 s.
restore_eliminated_vars took 0.00023800000000000001 s.
solve took 0.41833899999999996 s.
Maximum Distorsion 5.0116 
Maximum Laplacian 8.8530 
ITERATION 4 FLIPS 19 
**** END OPTIMIZING #FLIPS 19  ****
       UV=530 FUV=802
[4/4] Extracting quad mesh with libQEx...
[1;41mWarning: find_path didn't find the point where the path leaves a triangle in step 3.
*********** DEBUG OUTPUT START ***********[0m
triangle-path intersection: 0
Segment 1: Segment_2(Point_2(-6, 1), Point_2(-6.07542, 0.213075)),
Segment 2: Segment_2(Point_2(-5.94305, -0.158847), Point_2(-6.07542, 0.213075)),
Path: Segment_2(Point_2(-7, -1), Point_2(-7, 0))
Here's Tikz output for you so you can debug it more easily. You're welcome.
\draw[black,->,>=latex] (-6, 1) -- (-6.07542, 0.213075);
\draw[black,->,>=latex] (-5.94305, -0.158847) -- (-6.07542, 0.213075);
\draw[black,->,>=latex] (-7, -1) -- (-7, 0);
Debug info:
vis{0,1,2} = 0, 0, 0
is1, is2 = 0, 0
uv{0,1,2} = Point_2(-6, 1), Point_2(-6.07542, 0.213075), Point_2(-5.94305, -0.158847)
path = Point_2(-7, -1) -> Point_2(-7, 0)
orient2d(uv0, uv2, path[0]) = -1
orient2d(uv0, uv2, path[1]) = -1
tri_ori = 1
[1;41m*********** DEBUG OUTPUT END ***********[0m
[41mWarning: When tracing from GV 633, LEI 2 I hit GV 258, LEI 3.
  However, this GV is already connected to GV 94, LEI 1[0m
       Quad vertices=656 Quad faces=652
Output saved to: /root/SemanPartMesh/compare_8d46740c472f9d36b7a04b65023ffc59_ns3000_20260508_184014/baseline/quad_meshes/8d46740c472f9d36b7a04b65023ffc59_quad_extract_work/8d46740c472f9d36b7a04b65023ffc59_quad_gs24.obj

 Closed: Fri May 08 19:01:21 2026

[1/4] Loading mesh: /root/SemanPartMesh/compare_8d46740c472f9d36b7a04b65023ffc59_ns3000_20260508_184014/baseline/quad_meshes/8d46740c472f9d36b7a04b65023ffc59_quad_extract_work/8d46740c472f9d36b7a04b65023ffc59_quad_pml_isomesh.obj
       V=401 F=802
[2/4] Loading cross field: /root/SemanPartMesh/compare_8d46740c472f9d36b7a04b65023ffc59_ns3000_20260508_184014/baseline/quad_meshes/8d46740c472f9d36b7a04b65023ffc59_quad_extract_work/8d46740c472f9d36b7a04b65023ffc59_quad_pml_isomesh_cf.txt
       cross field rows=802
[3/4] Running MIQ parameterization (gradient_size=30, stiffness=5, iters=5)...

 INITIALIZED SPARSE MATRIX OF 1060d x 1060d 

 INITIALIZED SPARSE MATRIX OF 382d x 1186d 

 INITIALIZED VECTOR OF 1060d x 1 

 INITIALIZED VECTOR OF 382d x 1 
Initital dimension: 1186 x 1186, number of constraints: 382, number of integer variables: 206, use reordering: yes
make_constraints_independent took 0.0024449999999999997 s.
Constraint integration took 0.0060860000000000003 s.
Constraint elimination took 0.0023149999999999998 s.
Reindexing took 0.000111 s.
eliminate_constraints took 0.0086470000000000002 s.
Eliminated dimension: 804 x 804
#nonzeros: 16192
integer variables #: 82
continuous variables #: 722
initial full solution
final full solution
 *** Statistics of MiSo Solver ***
Number of LOCAL iterations  = 42
Number of CG    iterations  = 42
Number of FULL  iterations  = 21
Number of ROUNDING          = 82
solve_multiple_rounding took 0.60115699999999994 s.
solve took 0.60127600000000003 s.
restore_eliminated_vars took 0.000252 s.
solve took 0.61312200000000006 s.
Maximum Distorsion 5.3039 
Maximum Laplacian 9.0097 
ITERATION 0 FLIPS 17 

 INITIALIZED SPARSE MATRIX OF 1060d x 1060d 

 INITIALIZED SPARSE MATRIX OF 382d x 1186d 

 INITIALIZED VECTOR OF 1060d x 1 

 INITIALIZED VECTOR OF 382d x 1 
Initital dimension: 1186 x 1186, number of constraints: 382, number of integer variables: 206, use reordering: yes
make_constraints_independent took 0.0024369999999999999 s.
Constraint integration took 0.0061120000000000002 s.
Constraint elimination took 0.0021590000000000003 s.
Reindexing took 0.00010499999999999999 s.
eliminate_constraints took 0.0085170000000000003 s.
Eliminated dimension: 804 x 804
#nonzeros: 16174
integer variables #: 82
continuous variables #: 722
initial full solution
final full solution
 *** Statistics of MiSo Solver ***
Number of LOCAL iterations  = 32
Number of CG    iterations  = 32
Number of FULL  iterations  = 20
Number of ROUNDING          = 82
solve_multiple_rounding took 0.46051800000000004 s.
solve took 0.46063800000000005 s.
restore_eliminated_vars took 0.00025700000000000001 s.
solve took 0.47232800000000003 s.
Maximum Distorsion 3.7326 
Maximum Laplacian 7.1908 
ITERATION 1 FLIPS 19 

 INITIALIZED SPARSE MATRIX OF 1060d x 1060d 

 INITIALIZED SPARSE MATRIX OF 382d x 1186d 

 INITIALIZED VECTOR OF 1060d x 1 

 INITIALIZED VECTOR OF 382d x 1 
Initital dimension: 1186 x 1186, number of constraints: 382, number of integer variables: 206, use reordering: yes
make_constraints_independent took 0.0022139999999999998 s.
Constraint integration took 0.0058970000000000003 s.
Constraint elimination took 0.0022490000000000001 s.
Reindexing took 0.00011300000000000001 s.
eliminate_constraints took 0.008397 s.
Eliminated dimension: 804 x 804
#nonzeros: 16179
integer variables #: 82
continuous variables #: 722
initial full solution
final full solution
 *** Statistics of MiSo Solver ***
Number of LOCAL iterations  = 34
Number of CG    iterations  = 34
Number of FULL  iterations  = 22
Number of ROUNDING          = 82
solve_multiple_rounding took 0.50989399999999996 s.
solve took 0.51001699999999994 s.
restore_eliminated_vars took 0.00024399999999999999 s.
solve took 0.52132299999999998 s.
Maximum Distorsion 3.9611 
Maximum Laplacian 8.3826 
ITERATION 2 FLIPS 21 

 INITIALIZED SPARSE MATRIX OF 1060d x 1060d 

 INITIALIZED SPARSE MATRIX OF 382d x 1186d 

 INITIALIZED VECTOR OF 1060d x 1 

 INITIALIZED VECTOR OF 382d x 1 
Initital dimension: 1186 x 1186, number of constraints: 382, number of integer variables: 206, use reordering: yes
make_constraints_independent took 0.0022209999999999999 s.
Constraint integration took 0.0058529999999999997 s.
Constraint elimination took 0.0023740000000000002 s.
Reindexing took 0.000107 s.
eliminate_constraints took 0.0084650000000000003 s.
Eliminated dimension: 804 x 804
#nonzeros: 16125
integer variables #: 82
continuous variables #: 722
initial full solution
final full solution
 *** Statistics of MiSo Solver ***
Number of LOCAL iterations  = 33
Number of CG    iterations  = 33
Number of FULL  iterations  = 28
Number of ROUNDING          = 82
solve_multiple_rounding took 0.52730899999999992 s.
solve took 0.52742899999999993 s.
restore_eliminated_vars took 0.00025599999999999999 s.
solve took 0.53885099999999997 s.
Maximum Distorsion 4.0059 
Maximum Laplacian 7.6033 
ITERATION 3 FLIPS 15 

 INITIALIZED SPARSE MATRIX OF 1060d x 1060d 

 INITIALIZED SPARSE MATRIX OF 382d x 1186d 

 INITIALIZED VECTOR OF 1060d x 1 

 INITIALIZED VECTOR OF 382d x 1 
Initital dimension: 1186 x 1186, number of constraints: 382, number of integer variables: 206, use reordering: yes
make_constraints_independent took 0.0023799999999999997 s.
Constraint integration took 0.0058460000000000005 s.
Constraint elimination took 0.0021920000000000004 s.
Reindexing took 0.00011700000000000001 s.
eliminate_constraints took 0.0083060000000000009 s.
Eliminated dimension: 804 x 804
#nonzeros: 16048
integer variables #: 82
continuous variables #: 722
initial full solution
final full solution
 *** Statistics of MiSo Solver ***
Number of LOCAL iterations  = 35
Number of CG    iterations  = 35
Number of FULL  iterations  = 29
Number of ROUNDING          = 82
solve_multiple_rounding took 0.56038799999999989 s.
solve took 0.56051499999999999 s.
restore_eliminated_vars took 0.00026600000000000001 s.
solve took 0.57196800000000003 s.
Maximum Distorsion 5.3630 
Maximum Laplacian 9.0162 
ITERATION 4 FLIPS 15 
**** END OPTIMIZING #FLIPS 15  ****
       UV=530 FUV=802
[4/4] Extracting quad mesh with libQEx...
       Quad vertices=1065 Quad faces=1065
Output saved to: /root/SemanPartMesh/compare_8d46740c472f9d36b7a04b65023ffc59_ns3000_20260508_184014/baseline/quad_meshes/8d46740c472f9d36b7a04b65023ffc59_quad_extract_work/8d46740c472f9d36b7a04b65023ffc59_quad_gs30.obj

 Closed: Fri May 08 19:01:24 2026

[1/4] Loading mesh: /root/SemanPartMesh/compare_8d46740c472f9d36b7a04b65023ffc59_ns3000_20260508_184014/baseline/quad_meshes/8d46740c472f9d36b7a04b65023ffc59_quad_extract_work/8d46740c472f9d36b7a04b65023ffc59_quad_pml_isomesh.obj
       V=401 F=802
[2/4] Loading cross field: /root/SemanPartMesh/compare_8d46740c472f9d36b7a04b65023ffc59_ns3000_20260508_184014/baseline/quad_meshes/8d46740c472f9d36b7a04b65023ffc59_quad_extract_work/8d46740c472f9d36b7a04b65023ffc59_quad_pml_isomesh_cf.txt
       cross field rows=802
[3/4] Running MIQ parameterization (gradient_size=40, stiffness=5, iters=5)...

 INITIALIZED SPARSE MATRIX OF 1060d x 1060d 

 INITIALIZED SPARSE MATRIX OF 382d x 1186d 

 INITIALIZED VECTOR OF 1060d x 1 

 INITIALIZED VECTOR OF 382d x 1 
Initital dimension: 1186 x 1186, number of constraints: 382, number of integer variables: 206, use reordering: yes
make_constraints_independent took 0.0025819999999999997 s.
Constraint integration took 0.0060910000000000001 s.
Constraint elimination took 0.0023290000000000003 s.
Reindexing took 0.00010200000000000001 s.
eliminate_constraints took 0.0086560000000000005 s.
Eliminated dimension: 804 x 804
#nonzeros: 16192
integer variables #: 82
continuous variables #: 722
initial full solution
final full solution
 *** Statistics of MiSo Solver ***
Number of LOCAL iterations  = 37
Number of CG    iterations  = 37
Number of FULL  iterations  = 22
Number of ROUNDING          = 82
solve_multiple_rounding took 0.55208400000000002 s.
solve took 0.55219700000000005 s.
restore_eliminated_vars took 0.000241 s.
solve took 0.56433299999999997 s.
Maximum Distorsion 5.7201 
Maximum Laplacian 9.9712 
ITERATION 0 FLIPS 16 

 INITIALIZED SPARSE MATRIX OF 1060d x 1060d 

 INITIALIZED SPARSE MATRIX OF 382d x 1186d 

 INITIALIZED VECTOR OF 1060d x 1 

 INITIALIZED VECTOR OF 382d x 1 
Initital dimension: 1186 x 1186, number of constraints: 382, number of integer variables: 206, use reordering: yes
make_constraints_independent took 0.002238 s.
Constraint integration took 0.005836 s.
Constraint elimination took 0.0021700000000000001 s.
Reindexing took 0.000108 s.
eliminate_constraints took 0.0082109999999999995 s.
Eliminated dimension: 804 x 804
#nonzeros: 16167
integer variables #: 82
continuous variables #: 722
initial full solution
final full solution
 *** Statistics of MiSo Solver ***
Number of LOCAL iterations  = 41
Number of CG    iterations  = 41
Number of FULL  iterations  = 28
Number of ROUNDING          = 82
solve_multiple_rounding took 0.61144200000000004 s.
solve took 0.61155800000000005 s.
restore_eliminated_vars took 0.00023900000000000001 s.
solve took 0.62267499999999998 s.
Maximum Distorsion 4.2884 
Maximum Laplacian 9.3554 
ITERATION 1 FLIPS 15 

 INITIALIZED SPARSE MATRIX OF 1060d x 1060d 

 INITIALIZED SPARSE MATRIX OF 382d x 1186d 

 INITIALIZED VECTOR OF 1060d x 1 

 INITIALIZED VECTOR OF 382d x 1 
Initital dimension: 1186 x 1186, number of constraints: 382, number of integer variables: 206, use reordering: yes
make_constraints_independent took 0.002215 s.
Constraint integration took 0.0059500000000000004 s.
Constraint elimination took 0.0021090000000000002 s.
Reindexing took 0.000108 s.
eliminate_constraints took 0.008291999999999999 s.
Eliminated dimension: 804 x 804
#nonzeros: 16055
integer variables #: 82
continuous variables #: 722
initial full solution
final full solution
 *** Statistics of MiSo Solver ***
Number of LOCAL iterations  = 38
Number of CG    iterations  = 38
Number of FULL  iterations  = 29
Number of ROUNDING          = 82
solve_multiple_rounding took 0.584623 s.
solve took 0.58472800000000003 s.
restore_eliminated_vars took 0.00024699999999999999 s.
solve took 0.59595299999999995 s.
Maximum Distorsion 3.9977 
Maximum Laplacian 8.4388 
ITERATION 2 FLIPS 17 

 INITIALIZED SPARSE MATRIX OF 1060d x 1060d 

 INITIALIZED SPARSE MATRIX OF 382d x 1186d 

 INITIALIZED VECTOR OF 1060d x 1 

 INITIALIZED VECTOR OF 382d x 1 
Initital dimension: 1186 x 1186, number of constraints: 382, number of integer variables: 206, use reordering: yes
make_constraints_independent took 0.0022530000000000002 s.
Constraint integration took 0.0060429999999999998 s.
Constraint elimination took 0.0022880000000000001 s.
Reindexing took 0.00010200000000000001 s.
eliminate_constraints took 0.0085550000000000001 s.
Eliminated dimension: 804 x 804
#nonzeros: 16120
integer variables #: 82
continuous variables #: 722
initial full solution
final full solution
 *** Statistics of MiSo Solver ***
Number of LOCAL iterations  = 37
Number of CG    iterations  = 37
Number of FULL  iterations  = 30
Number of ROUNDING          = 82
solve_multiple_rounding took 0.56702600000000003 s.
solve took 0.56718600000000008 s.
restore_eliminated_vars took 0.000241 s.
solve took 0.57899300000000009 s.
Maximum Distorsion 3.6518 
Maximum Laplacian 7.1965 
ITERATION 3 FLIPS 10 

 INITIALIZED SPARSE MATRIX OF 1060d x 1060d 

 INITIALIZED SPARSE MATRIX OF 382d x 1186d 

 INITIALIZED VECTOR OF 1060d x 1 

 INITIALIZED VECTOR OF 382d x 1 
Initital dimension: 1186 x 1186, number of constraints: 382, number of integer variables: 206, use reordering: yes
make_constraints_independent took 0.0022910000000000001 s.
Constraint integration took 0.0059180000000000005 s.
Constraint elimination took 0.0023679999999999999 s.
Reindexing took 0.00010300000000000001 s.
eliminate_constraints took 0.0085229999999999993 s.
Eliminated dimension: 804 x 804
#nonzeros: 16182
integer variables #: 82
continuous variables #: 722
initial full solution
final full solution
 *** Statistics of MiSo Solver ***
Number of LOCAL iterations  = 38
Number of CG    iterations  = 38
Number of FULL  iterations  = 31
Number of ROUNDING          = 82
solve_multiple_rounding took 0.57584500000000005 s.
solve took 0.57595699999999994 s.
restore_eliminated_vars took 0.000241 s.
solve took 0.58740899999999996 s.
Maximum Distorsion 4.2482 
Maximum Laplacian 9.2617 
ITERATION 4 FLIPS 8 
**** END OPTIMIZING #FLIPS 8  ****
       UV=530 FUV=802
[4/4] Extracting quad mesh with libQEx...
       Quad vertices=1924 Quad faces=1924
Output saved to: /root/SemanPartMesh/compare_8d46740c472f9d36b7a04b65023ffc59_ns3000_20260508_184014/baseline/quad_meshes/8d46740c472f9d36b7a04b65023ffc59_quad_extract_work/8d46740c472f9d36b7a04b65023ffc59_quad_gs40.obj

 Closed: Fri May 08 19:01:27 2026

[1/4] Loading mesh: /root/SemanPartMesh/compare_8d46740c472f9d36b7a04b65023ffc59_ns3000_20260508_184014/baseline/quad_meshes/8d46740c472f9d36b7a04b65023ffc59_quad_extract_work/8d46740c472f9d36b7a04b65023ffc59_quad_pml_isomesh.obj
       V=401 F=802
[2/4] Loading cross field: /root/SemanPartMesh/compare_8d46740c472f9d36b7a04b65023ffc59_ns3000_20260508_184014/baseline/quad_meshes/8d46740c472f9d36b7a04b65023ffc59_quad_extract_work/8d46740c472f9d36b7a04b65023ffc59_quad_pml_isomesh_cf.txt
       cross field rows=802
[3/4] Running MIQ parameterization (gradient_size=60, stiffness=5, iters=5)...

 INITIALIZED SPARSE MATRIX OF 1060d x 1060d 

 INITIALIZED SPARSE MATRIX OF 382d x 1186d 

 INITIALIZED VECTOR OF 1060d x 1 

 INITIALIZED VECTOR OF 382d x 1 
Initital dimension: 1186 x 1186, number of constraints: 382, number of integer variables: 206, use reordering: yes
make_constraints_independent took 0.002408 s.
Constraint integration took 0.0061059999999999994 s.
Constraint elimination took 0.0023279999999999998 s.
Reindexing took 0.00010200000000000001 s.
eliminate_constraints took 0.008685 s.
Eliminated dimension: 804 x 804
#nonzeros: 16192
integer variables #: 82
continuous variables #: 722
initial full solution
final full solution
 *** Statistics of MiSo Solver ***
Number of LOCAL iterations  = 33
Number of CG    iterations  = 33
Number of FULL  iterations  = 20
Number of ROUNDING          = 82
solve_multiple_rounding took 0.49386599999999997 s.
solve took 0.49398799999999998 s.
restore_eliminated_vars took 0.000243 s.
solve took 0.50576999999999994 s.
Maximum Distorsion 4.9172 
Maximum Laplacian 9.0236 
ITERATION 0 FLIPS 14 

 INITIALIZED SPARSE MATRIX OF 1060d x 1060d 

 INITIALIZED SPARSE MATRIX OF 382d x 1186d 

 INITIALIZED VECTOR OF 1060d x 1 

 INITIALIZED VECTOR OF 382d x 1 
Initital dimension: 1186 x 1186, number of constraints: 382, number of integer variables: 206, use reordering: yes
make_constraints_independent took 0.002222 s.
Constraint integration took 0.0058830000000000002 s.
Constraint elimination took 0.0021419999999999998 s.
Reindexing took 0.00010200000000000001 s.
eliminate_constraints took 0.0082509999999999997 s.
Eliminated dimension: 804 x 804
#nonzeros: 16190
integer variables #: 82
continuous variables #: 722
initial full solution
final full solution
 *** Statistics of MiSo Solver ***
Number of LOCAL iterations  = 41
Number of CG    iterations  = 41
Number of FULL  iterations  = 25
Number of ROUNDING          = 82
solve_multiple_rounding took 0.60425099999999998 s.
solve took 0.60437700000000005 s.
restore_eliminated_vars took 0.00029399999999999999 s.
solve took 0.61556100000000002 s.
Maximum Distorsion 4.1127 
Maximum Laplacian 8.8150 
ITERATION 1 FLIPS 10 

 INITIALIZED SPARSE MATRIX OF 1060d x 1060d 

 INITIALIZED SPARSE MATRIX OF 382d x 1186d 

 INITIALIZED VECTOR OF 1060d x 1 

 INITIALIZED VECTOR OF 382d x 1 
Initital dimension: 1186 x 1186, number of constraints: 382, number of integer variables: 206, use reordering: yes
make_constraints_independent took 0.0023380000000000002 s.
Constraint integration took 0.0062050000000000004 s.
Constraint elimination took 0.0023999999999999998 s.
Reindexing took 0.00010300000000000001 s.
eliminate_constraints took 0.0088999999999999999 s.
Eliminated dimension: 804 x 804
#nonzeros: 16091
integer variables #: 82
continuous variables #: 722
initial full solution
final full solution
 *** Statistics of MiSo Solver ***
Number of LOCAL iterations  = 41
Number of CG    iterations  = 41
Number of FULL  iterations  = 33
Number of ROUNDING          = 82
solve_multiple_rounding took 0.65387200000000012 s.
solve took 0.653999 s.
restore_eliminated_vars took 0.00024499999999999999 s.
solve took 0.66591699999999987 s.
Maximum Distorsion 3.3495 
Maximum Laplacian 7.5662 
ITERATION 2 FLIPS 12 

 INITIALIZED SPARSE MATRIX OF 1060d x 1060d 

 INITIALIZED SPARSE MATRIX OF 382d x 1186d 

 INITIALIZED VECTOR OF 1060d x 1 

 INITIALIZED VECTOR OF 382d x 1 
Initital dimension: 1186 x 1186, number of constraints: 382, number of integer variables: 206, use reordering: yes
make_constraints_independent took 0.0022440000000000003 s.
Constraint integration took 0.0059320000000000006 s.
Constraint elimination took 0.002281 s.
Reindexing took 0.00010300000000000001 s.
eliminate_constraints took 0.0084470000000000014 s.
Eliminated dimension: 804 x 804
#nonzeros: 16104
integer variables #: 82
continuous variables #: 722
initial full solution
final full solution
 *** Statistics of MiSo Solver ***
Number of LOCAL iterations  = 39
Number of CG    iterations  = 39
Number of FULL  iterations  = 30
Number of ROUNDING          = 82
solve_multiple_rounding took 0.61595100000000003 s.
solve took 0.61612199999999995 s.
restore_eliminated_vars took 0.00030800000000000001 s.
solve took 0.62760700000000003 s.
Maximum Distorsion 3.4930 
Maximum Laplacian 8.3616 
ITERATION 3 FLIPS 6 

 INITIALIZED SPARSE MATRIX OF 1060d x 1060d 

 INITIALIZED SPARSE MATRIX OF 382d x 1186d 

 INITIALIZED VECTOR OF 1060d x 1 

 INITIALIZED VECTOR OF 382d x 1 
Initital dimension: 1186 x 1186, number of constraints: 382, number of integer variables: 206, use reordering: yes
make_constraints_independent took 0.0022370000000000003 s.
Constraint integration took 0.0059080000000000001 s.
Constraint elimination took 0.0022760000000000002 s.
Reindexing took 0.00010200000000000001 s.
eliminate_constraints took 0.0084200000000000004 s.
Eliminated dimension: 804 x 804
#nonzeros: 16118
integer variables #: 82
continuous variables #: 722
initial full solution
final full solution
 *** Statistics of MiSo Solver ***
Number of LOCAL iterations  = 36
Number of CG    iterations  = 36
Number of FULL  iterations  = 25
Number of ROUNDING          = 82
solve_multiple_rounding took 0.55005500000000007 s.
solve took 0.55036300000000005 s.
restore_eliminated_vars took 0.00031399999999999999 s.
solve took 0.56180199999999991 s.
Maximum Distorsion 3.4733 
Maximum Laplacian 7.8494 
ITERATION 4 FLIPS 3 
**** END OPTIMIZING #FLIPS 3  ****
       UV=530 FUV=802
[4/4] Extracting quad mesh with libQEx...
       Quad vertices=4240 Quad faces=4238
Output saved to: /root/SemanPartMesh/compare_8d46740c472f9d36b7a04b65023ffc59_ns3000_20260508_184014/baseline/quad_meshes/8d46740c472f9d36b7a04b65023ffc59_quad_extract_work/8d46740c472f9d36b7a04b65023ffc59_quad_gs60.obj

 Closed: Fri May 08 19:01:30 2026


  output       : /root/SemanPartMesh/compare_8d46740c472f9d36b7a04b65023ffc59_ns3000_20260508_184014/baseline/quad_meshes/8d46740c472f9d36b7a04b65023ffc59_quad_extract_work/8d46740c472f9d36b7a04b65023ffc59_quad_gs16.obj
  gradient_size: 16.0  timeout: 1800s

  RESULT [valid] n_quads=303 AD_mean=9.118deg JR_min=0.5041 SJ_mean=0.9586

[Auto Sweep] Trying gradient_size=24.0
  binary       : /root/SemanPartMesh/quad_extract/build/extract_quad_mesh
  input mesh   : /root/SemanPartMesh/compare_8d46740c472f9d36b7a04b65023ffc59_ns3000_20260508_184014/baseline/quad_meshes/8d46740c472f9d36b7a04b65023ffc59_quad_extract_work/8d46740c472f9d36b7a04b65023ffc59_quad_pml_isomesh.obj
  cross field  : /root/SemanPartMesh/compare_8d46740c472f9d36b7a04b65023ffc59_ns3000_20260508_184014/baseline/quad_meshes/8d46740c472f9d36b7a04b65023ffc59_quad_extract_work/8d46740c472f9d36b7a04b65023ffc59_quad_pml_isomesh_cf.txt
  output       : /root/SemanPartMesh/compare_8d46740c472f9d36b7a04b65023ffc59_ns3000_20260508_184014/baseline/quad_meshes/8d46740c472f9d36b7a04b65023ffc59_quad_extract_work/8d46740c472f9d36b7a04b65023ffc59_quad_gs24.obj
  gradient_size: 24.0  timeout: 1800s

  RESULT [valid] n_quads=652 AD_mean=7.535deg JR_min=0.2515 SJ_mean=0.9671

[Auto Sweep] Trying gradient_size=30.0
  binary       : /root/SemanPartMesh/quad_extract/build/extract_quad_mesh
  input mesh   : /root/SemanPartMesh/compare_8d46740c472f9d36b7a04b65023ffc59_ns3000_20260508_184014/baseline/quad_meshes/8d46740c472f9d36b7a04b65023ffc59_quad_extract_work/8d46740c472f9d36b7a04b65023ffc59_quad_pml_isomesh.obj
  cross field  : /root/SemanPartMesh/compare_8d46740c472f9d36b7a04b65023ffc59_ns3000_20260508_184014/baseline/quad_meshes/8d46740c472f9d36b7a04b65023ffc59_quad_extract_work/8d46740c472f9d36b7a04b65023ffc59_quad_pml_isomesh_cf.txt
  output       : /root/SemanPartMesh/compare_8d46740c472f9d36b7a04b65023ffc59_ns3000_20260508_184014/baseline/quad_meshes/8d46740c472f9d36b7a04b65023ffc59_quad_extract_work/8d46740c472f9d36b7a04b65023ffc59_quad_gs30.obj
  gradient_size: 30.0  timeout: 1800s

  RESULT [constraint-violating] n_quads=1065 AD_mean=7.591deg JR_min=0.0869 SJ_mean=0.9685

[Auto Sweep] Trying gradient_size=40.0
  binary       : /root/SemanPartMesh/quad_extract/build/extract_quad_mesh
  input mesh   : /root/SemanPartMesh/compare_8d46740c472f9d36b7a04b65023ffc59_ns3000_20260508_184014/baseline/quad_meshes/8d46740c472f9d36b7a04b65023ffc59_quad_extract_work/8d46740c472f9d36b7a04b65023ffc59_quad_pml_isomesh.obj
  cross field  : /root/SemanPartMesh/compare_8d46740c472f9d36b7a04b65023ffc59_ns3000_20260508_184014/baseline/quad_meshes/8d46740c472f9d36b7a04b65023ffc59_quad_extract_work/8d46740c472f9d36b7a04b65023ffc59_quad_pml_isomesh_cf.txt
  output       : /root/SemanPartMesh/compare_8d46740c472f9d36b7a04b65023ffc59_ns3000_20260508_184014/baseline/quad_meshes/8d46740c472f9d36b7a04b65023ffc59_quad_extract_work/8d46740c472f9d36b7a04b65023ffc59_quad_gs40.obj
  gradient_size: 40.0  timeout: 1800s

  RESULT [valid] n_quads=1924 AD_mean=7.650deg JR_min=0.4582 SJ_mean=0.9751

[Auto Sweep] Trying gradient_size=60.0
  binary       : /root/SemanPartMesh/quad_extract/build/extract_quad_mesh
  input mesh   : /root/SemanPartMesh/compare_8d46740c472f9d36b7a04b65023ffc59_ns3000_20260508_184014/baseline/quad_meshes/8d46740c472f9d36b7a04b65023ffc59_quad_extract_work/8d46740c472f9d36b7a04b65023ffc59_quad_pml_isomesh.obj
  cross field  : /root/SemanPartMesh/compare_8d46740c472f9d36b7a04b65023ffc59_ns3000_20260508_184014/baseline/quad_meshes/8d46740c472f9d36b7a04b65023ffc59_quad_extract_work/8d46740c472f9d36b7a04b65023ffc59_quad_pml_isomesh_cf.txt
  output       : /root/SemanPartMesh/compare_8d46740c472f9d36b7a04b65023ffc59_ns3000_20260508_184014/baseline/quad_meshes/8d46740c472f9d36b7a04b65023ffc59_quad_extract_work/8d46740c472f9d36b7a04b65023ffc59_quad_gs60.obj
  gradient_size: 60.0  timeout: 1800s

  RESULT [valid] n_quads=4238 AD_mean=6.839deg JR_min=0.5887 SJ_mean=0.9805

[Auto Sweep] Best candidate selected
  gradient_size: 16.0
  n_quads      : 303
  AD_mean_deg  : 9.118
  JR_min       : 0.5041
  saved output : /root/SemanPartMesh/compare_8d46740c472f9d36b7a04b65023ffc59_ns3000_20260508_184014/baseline/quad_meshes/8d46740c472f9d36b7a04b65023ffc59_quad.obj
  saved summary: /root/SemanPartMesh/compare_8d46740c472f9d36b7a04b65023ffc59_ns3000_20260508_184014/baseline/quad_meshes/8d46740c472f9d36b7a04b65023ffc59_quad_extract_work/8d46740c472f9d36b7a04b65023ffc59_quad_sweep_summary.json
SUCCESS (Tier 2 - isotropic remesh) -> /root/SemanPartMesh/compare_8d46740c472f9d36b7a04b65023ffc59_ns3000_20260508_184014/baseline/quad_meshes/8d46740c472f9d36b7a04b65023ffc59_quad.obj

============================================================
  Done: 1 succeeded, 0 failed out of 1
  Output directory: /root/SemanPartMesh/compare_8d46740c472f9d36b7a04b65023ffc59_ns3000_20260508_184014/baseline/quad_meshes
============================================================

<<< Batch extraction finished
All baseline simplified runs finished. Logs: /root/SemanPartMesh/compare_8d46740c472f9d36b7a04b65023ffc59_ns3000_20260508_184014/baseline
Quad meshes are under: /root/SemanPartMesh/compare_8d46740c472f9d36b7a04b65023ffc59_ns3000_20260508_184014/baseline/quad_meshes
