2.729398012161254883e-01 -9.620309472084045410e-01 -6.251297309063374996e-04 -1.706228213151916862e-04 6.013942766003310680e-04 -9.999998211860656738e-01
2.729398012161254883e-01 -9.620309472084045410e-01 -6.166009115986526012e-04 -1.682949659880250692e-04 5.931892665103077888e-04 -9.999998211860656738e-01
3.795281946659088135e-01 -9.251799583435058594e-01 -6.351887714117765427e-04 -2.410720917396247387e-04 5.876640207134187222e-04 -9.999998211860656738e-01
3.795281946659088135e-01 -9.251800179481506348e-01 -5.280417390167713165e-04 -2.004067646339535713e-04 4.885337548330426216e-04 -9.999998807907104492e-01
4.812878668308258057e-01 -8.765624761581420898e-01 -5.307188839651644230e-04 -2.554286038503050804e-04 4.652083152905106544e-04 -9.999998807907104492e-01
4.812878668308258057e-01 -8.765624761581420898e-01 -5.174736143089830875e-04 -2.490538172423839569e-04 4.535980115178972483e-04 -9.999998807907104492e-01
5.769270062446594238e-01 -8.167955279350280762e-01 -5.568905035033822060e-04 -3.212852752767503262e-04 4.548657743725925684e-04 -9.999998807907104492e-01
5.769270062446594238e-01 -8.167954683303833008e-01 -6.585515802726149559e-04 -3.799363039433956146e-04 5.379021167755126953e-04 -9.999998211860656738e-01
6.652289628982543945e-01 -7.466391324996948242e-01 -6.538672605529427528e-04 -4.349715891294181347e-04 4.882030189037322998e-04 -9.999998211860656738e-01
6.652289628982543945e-01 -7.466391324996948242e-01 -6.509853410534560680e-04 -4.330544616095721722e-04 4.860512854065746069e-04 -9.999998211860656738e-01
7.450684309005737305e-01 -6.669876575469970703e-01 -7.047504768706858158e-04 -5.250874673947691917e-04 4.700599820353090763e-04 -9.999997615814208984e-01
7.450684309005737305e-01 -6.669876575469970703e-01 -6.946037174202501774e-04 -5.175273981876671314e-04 4.632922355085611343e-04 -9.999997615814208984e-01
8.154321312904357910e-01 -5.788522362709045410e-01 -8.174537215381860733e-04 -6.665782420895993710e-04 4.731850058306008577e-04 -9.999997019767761230e-01
8.154321312904357910e-01 -5.788522362709045410e-01 -8.117834222503006458e-04 -6.619545165449380875e-04 4.699027340393513441e-04 -9.999997019767761230e-01
-4.097136855125427246e-01 -9.122115373611450195e-01 -2.199769020080566406e-03 9.012777009047567844e-04 2.006659517064690590e-03 -9.999975562095642090e-01
-4.097136855125427246e-01 -9.122115373611450195e-01 -2.198879607021808624e-03 9.009133209474384785e-04 2.005848102271556854e-03 -9.999975562095642090e-01
-2.986128330230712891e-01 -9.543717503547668457e-01 -2.250599674880504608e-03 6.720595993101596832e-04 2.147914143279194832e-03 -9.999974966049194336e-01
-2.986128628253936768e-01 -9.543718695640563965e-01 -2.187697216868400574e-03 6.532761035487055779e-04 2.087881555780768394e-03 -9.999976158142089844e-01
-1.832954734563827515e-01 -9.830554723739624023e-01 -2.172161126509308815e-03 3.981482295785099268e-04 2.135359914973378181e-03 -9.999976158142089844e-01
-1.832955479621887207e-01 -9.830558896064758301e-01 -1.978073036298155785e-03 3.625727258622646332e-04 1.944560208357870579e-03 -9.999980926513671875e-01
-6.538919359445571899e-02 -9.978584051132202148e-01 -1.713186153210699558e-03 1.120240121963433921e-04 1.709519652649760246e-03 -9.999985694885253906e-01
-6.538920849561691284e-02 -9.978586435317993164e-01 -1.555799623019993305e-03 1.017326212604530156e-04 1.552469911985099316e-03 -9.999988079071044922e-01
5.344052985310554504e-02 -9.985703229904174805e-01 -1.203687279485166073e-03 -6.432572990888729692e-05 1.201967243105173111e-03 -9.999992847442626953e-01
5.344053730368614197e-02 -9.985705018043518066e-01 -1.030940096825361252e-03 -5.509402399184182286e-05 1.029466977342963219e-03 -9.999994635581970215e-01
1.715152859687805176e-01 -9.851810932159423828e-01 -8.493569912388920784e-04 -1.456777536077424884e-04 8.367707487195730209e-04 -9.999996423721313477e-01
1.715152859687805176e-01 -9.851810932159423828e-01 -8.470835746265947819e-04 -1.452878350391983986e-04 8.345310343429446220e-04 -9.999996423721313477e-01
8.603890538215637207e-01 -5.096374750137329102e-01 -5.719117471016943455e-04 -4.920666688121855259e-04 2.914677024818956852e-04 -9.999998807907104492e-01
8.603890538215637207e-01 -5.096374750137329102e-01 -5.658582085743546486e-04 -4.868582473136484623e-04 2.883825800381600857e-04 -9.999998807907104492e-01
9.267046451568603516e-01 -3.757901191711425781e-01 -6.114982534199953079e-04 -5.666783545166254044e-04 2.297950413776561618e-04 -9.999998211860656738e-01
9.267047047615051270e-01 -3.757901191711425781e-01 -5.294256843626499176e-04 -4.906213143840432167e-04 1.989529700949788094e-04 -9.999998807907104492e-01
9.723432660102844238e-01 -2.335558086633682251e-01 -5.416586063802242279e-04 -5.266781663522124290e-04 1.265075261471793056e-04 -9.999998807907104492e-01
9.723433256149291992e-01 -2.335558235645294189e-01 -3.916890127584338188e-04 -3.808562178164720535e-04 9.148125536739826202e-05 -9.999999403953552246e-01
9.962855577468872070e-01 -8.611025661230087280e-02 -4.369078378658741713e-04 -4.352850082796066999e-04 3.762224878300912678e-05 -9.999999403953552246e-01
9.962855577468872070e-01 -8.611024916172027588e-02 -4.212516651023179293e-04 -4.196869849693030119e-04 3.627409023465588689e-05 -9.999999403953552246e-01
9.960801601409912109e-01 -8.843382447957992554e-02 -1.951810903847217560e-03 -1.944163930602371693e-03 1.726064510876312852e-04 -9.999981522560119629e-01
9.960801601409912109e-01 -8.843382447957992554e-02 -1.957291038706898689e-03 -1.949622528627514839e-03 1.730910735204815865e-04 -9.999980926513671875e-01
9.541288614273071289e-01 -2.993852198123931885e-01 -2.594799734652042389e-03 -2.475781599059700966e-03 7.768473005853593349e-04 -9.999966621398925781e-01
9.541289210319519043e-01 -2.993852794170379639e-01 -2.538992557674646378e-03 -2.422534162178635597e-03 7.601394318044185638e-04 -9.999967813491821289e-01
8.680405616760253906e-01 -4.964863657951354980e-01 -2.635068027302622795e-03 -2.287353854626417160e-03 1.308279926888644695e-03 -9.999965429306030273e-01
8.680405616760253906e-01 -4.964863657951354980e-01 -2.633862663060426712e-03 -2.286307513713836670e-03 1.307681435719132423e-03 -9.999965429306030273e-01
7.417954802513122559e-01 -6.706199645996093750e-01 -2.900276798754930496e-03 -2.151421271264553070e-03 1.944991643540561199e-03 -9.999958276748657227e-01
7.417957186698913574e-01 -6.706201434135437012e-01 -2.791388891637325287e-03 -2.070648362860083580e-03 1.871968968771398067e-03 -9.999961256980895996e-01
5.812363624572753906e-01 -8.137297630310058594e-01 -2.875436330214142799e-03 -1.671315054409205914e-03 2.339837606996297836e-03 -9.999958872795104980e-01
5.812366008758544922e-01 -8.137301206588745117e-01 -2.718746662139892578e-03 -1.580240903422236443e-03 2.212334191426634789e-03 -9.999963045120239258e-01
3.937869966030120850e-01 -9.191977381706237793e-01 -2.715027891099452972e-03 -1.069146790541708469e-03 2.495656954124569893e-03 -9.999963641166687012e-01
3.937870860099792480e-01 -9.191979169845581055e-01 -2.659914083778858185e-03 -1.047443482093513012e-03 2.444996032863855362e-03 -9.999964833259582520e-01
1.881223469972610474e-01 -9.821420907974243164e-01 -2.631162060424685478e-03 -4.949821159243583679e-04 2.584184054285287857e-03 -9.999965429306030273e-01
1.881223320960998535e-01 -9.821419715881347656e-01 -2.682820428162813187e-03 -5.047002341598272324e-04 2.634919947013258934e-03 -9.999964237213134766e-01
-2.624484896659851074e-02 -9.996516704559326172e-01 -2.799013862386345863e-03 7.345998164964839816e-05 2.798049710690975189e-03 -9.999961256980895996e-01
-2.624484337866306305e-02 -9.996514916419982910e-01 -2.857974963262677193e-03 7.500741048716008663e-05 2.856990555301308632e-03 -9.999959468841552734e-01
-2.393993586301803589e-01 -9.709166884422302246e-01 -2.967564621940255165e-03 7.104361429810523987e-04 2.881270600482821465e-03 -9.999956488609313965e-01
-2.393993437290191650e-01 -9.709166288375854492e-01 -2.970367437228560448e-03 7.111071608960628510e-04 2.883991925045847893e-03 -9.999955892562866211e-01
9.980960488319396973e-01 6.167852133512496948e-02 6.959101483516860753e-06 6.945851509954081848e-06 4.292271000849723350e-07 -1.000000000000000000e+00
9.980960488319396973e-01 6.167852133512496948e-02 2.042087362497113645e-05 2.038199272647034377e-05 1.259529312847007532e-06 -1.000000000000000000e+00
9.791213870048522949e-01 2.032765001058578491e-01 2.390847112110350281e-05 2.340929495403543115e-05 4.860030458075925708e-06 -1.000000000000000000e+00
9.791213870048522949e-01 2.032765001058578491e-01 1.151097094407305121e-04 1.127063806052319705e-04 2.339909951842855662e-05 -1.000000000000000000e+00
9.401633143424987793e-01 3.407242000102996826e-01 1.627247693249955773e-04 1.529878645669668913e-04 5.544426676351577044e-05 -1.000000000000000000e+00
9.401633143424987793e-01 3.407242000102996826e-01 1.086436168407090008e-04 1.021427451632916927e-04 3.701751120388507843e-05 -1.000000000000000000e+00
8.820176720619201660e-01 4.712163507938385010e-01 1.716427213978022337e-04 1.513919123681262136e-04 8.088085451163351536e-05 -1.000000000000000000e+00
8.820176720619201660e-01 4.712163507938385010e-01 4.490427090786397457e-05 3.960635876865126193e-05 2.115962706739082932e-05 -1.000000000000000000e+00
8.058691024780273438e-01 5.920937657356262207e-01 -2.281420893268659711e-05 -1.838526623032521456e-05 -1.350815091427648440e-05 -1.000000000000000000e+00
8.058691024780273438e-01 5.920937657356262207e-01 -6.411969934561057016e-06 -5.167208655620925128e-06 -3.796487362706102431e-06 -1.000000000000000000e+00
7.132746577262878418e-01 7.008846402168273926e-01 1.744983310345560312e-04 1.244652376044541597e-04 1.223032013513147831e-04 -1.000000000000000000e+00
7.132746577262878418e-01 7.008846402168273926e-01 2.525684540160000324e-04 1.801506587071344256e-04 1.770213275449350476e-04 -9.999999403953552246e-01
6.061211228370666504e-01 7.953723073005676270e-01 4.356263380032032728e-04 2.640423481352627277e-04 3.464851470198482275e-04 -9.999999403953552246e-01
6.061211228370666504e-01 7.953723073005676270e-01 4.371887189336121082e-04 2.649893285706639290e-04 3.477278223726898432e-04 -9.999999403953552246e-01
4.081640839576721191e-01 9.129083752632141113e-01 6.471584201790392399e-04 2.641468599904328585e-04 5.907964659854769707e-04 -9.999998211860656738e-01
4.081640839576721191e-01 9.129083752632141113e-01 6.465381011366844177e-04 2.638936857692897320e-04 5.902301636524498463e-04 -9.999998211860656738e-01
5.822204351425170898e-01 8.130254149436950684e-01 3.009111154824495316e-03 1.751973992213606834e-03 2.446495229378342628e-03 -9.999955296516418457e-01
5.822204351425170898e-01 8.130254149436950684e-01 3.022646298632025719e-03 1.759854378178715706e-03 2.457499504089355469e-03 -9.999954700469970703e-01
7.328255772590637207e-01 6.803997755050659180e-01 4.781645257025957108e-03 3.504152176901698112e-03 3.253467613831162453e-03 -9.999885559082031250e-01
7.328255176544189453e-01 6.803997159004211426e-01 4.804647527635097504e-03 3.521009115502238274e-03 3.269118955358862877e-03 -9.999884963035583496e-01
8.539193272590637207e-01 5.203806161880493164e-01 5.086645483970642090e-03 4.343640990555286407e-03 2.647025976330041885e-03 -9.999870657920837402e-01
8.539204597473144531e-01 5.203813910484313965e-01 4.817273002117872238e-03 4.113615490496158600e-03 2.506847959011793137e-03 -9.999884366989135742e-01
9.406308531761169434e-01 3.394031226634979248e-01 4.379408434033393860e-03 4.119446035474538803e-03 1.486399094574153423e-03 -9.999904036521911621e-01
9.406318068504333496e-01 3.394034802913665771e-01 4.131589550524950027e-03 3.886337857693433762e-03 1.402287860400974751e-03 -9.999914765357971191e-01
9.894643425941467285e-01 1.447588801383972168e-01 2.285619033500552177e-03 2.261544112116098404e-03 3.308644227217882872e-04 -9.999973773956298828e-01
9.894643425941467285e-01 1.447588801383972168e-01 2.290344098582863808e-03 2.266219351440668106e-03 3.315484209451824427e-04 -9.999973773956298828e-01
4.387119412422180176e-01 8.986277580261230469e-01 -1.117918145610019565e-04 -4.904440356767736375e-05 -1.004592268145643175e-04 -1.000000000000000000e+00
4.387119412422180176e-01 8.986277580261230469e-01 -9.856118413154035807e-05 -4.323996836319565773e-05 -8.856981730787083507e-05 -1.000000000000000000e+00
3.491266369819641113e-01 9.370755553245544434e-01 -1.209643087349832058e-04 -4.223186260787770152e-05 -1.133526966441422701e-04 -1.000000000000000000e+00
3.491266369819641113e-01 9.370755553245544434e-01 -2.265314105898141861e-04 -7.908815314294770360e-05 -2.122770529240369797e-04 -1.000000000000000000e+00
2.562233805656433105e-01 9.666175842285156250e-01 -2.835969207808375359e-04 -7.266418106155470014e-05 -2.741298230830579996e-04 -1.000000000000000000e+00
2.562233805656433105e-01 9.666175246238708496e-01 -4.235835513100028038e-04 -1.085320327547378838e-04 -4.094433679711073637e-04 -9.999999403953552246e-01
1.608845740556716919e-01 9.869731068611145020e-01 -5.538593977689743042e-04 -8.910743781598284841e-05 -5.466443835757672787e-04 -9.999998807907104492e-01
1.608845591545104980e-01 9.869730472564697266e-01 -6.032649544067680836e-04 -9.705603588372468948e-05 -5.954063381068408489e-04 -9.999998211860656738e-01
6.401620805263519287e-02 9.979487061500549316e-01 -6.226222612895071507e-04 -3.985792500316165388e-05 -6.213451852090656757e-04 -9.999998211860656738e-01
6.401620805263519287e-02 9.979486465454101562e-01 -6.509502418339252472e-04 -4.167138104094192386e-05 -6.496151327155530453e-04 -9.999998211860656738e-01
-3.345932066440582275e-02 9.994395971298217773e-01 -1.015111571177840233e-03 3.396495958440937102e-05 -1.014543231576681137e-03 -9.999995231628417969e-01
-3.345931693911552429e-02 9.994394779205322266e-01 -1.127042225562036037e-03 3.771008414332754910e-05 -1.126411138102412224e-03 -9.999994039535522461e-01
-1.306176185607910156e-01 9.914318323135375977e-01 -1.430664677172899246e-03 1.868702092906460166e-04 -1.418408006429672241e-03 -9.999989867210388184e-01
-1.306175887584686279e-01 9.914315342903137207e-01 -1.607870683073997498e-03 2.100164565490558743e-04 -1.594095840118825436e-03 -9.999986886978149414e-01
-2.265342026948928833e-01 9.740018248558044434e-01 -1.653940882533788681e-03 3.746747097466140985e-04 -1.610943581908941269e-03 -9.999986290931701660e-01
-2.265342026948928833e-01 9.740018248558044434e-01 -1.648206263780593872e-03 3.733756311703473330e-04 -1.605358207598328590e-03 -9.999986886978149414e-01
-9.495142698287963867e-01 -3.136452734470367432e-01 -7.025596220046281815e-03 6.671068258583545685e-03 2.203599549829959869e-03 -9.999753236770629883e-01
-9.495141506195068359e-01 -3.136452436447143555e-01 -7.039142306894063950e-03 6.683930754661560059e-03 2.207848243415355682e-03 -9.999752044677734375e-01
-9.990649819374084473e-01 4.268354177474975586e-02 -6.879554130136966705e-03 6.873283535242080688e-03 -2.936506352853029966e-04 -9.999763369560241699e-01
-9.990651607513427734e-01 4.268354922533035278e-02 -6.848028395324945450e-03 6.841787137091159821e-03 -2.923049905803054571e-04 -9.999765753746032715e-01
-9.193025231361389160e-01 3.934902548789978027e-01 -6.948677822947502136e-03 6.388091016560792923e-03 -2.734303008764982224e-03 -9.999758601188659668e-01
-9.193016290664672852e-01 3.934898972511291504e-01 -7.089793682098388672e-03 6.517821922898292542e-03 -2.789831953123211861e-03 -9.999748468399047852e-01
-7.205566763877868652e-01 6.933650970458984375e-01 -6.552709732204675674e-03 4.721699748188257217e-03 -4.543517716228961945e-03 -9.999785423278808594e-01
-7.205566167831420898e-01 6.933650970458984375e-01 -6.560718175023794174e-03 4.727470688521862030e-03 -4.549070727080106735e-03 -9.999784827232360840e-01
-4.285487830638885498e-01 9.035065174102783203e-01 -4.679221659898757935e-03 2.005296992138028145e-03 -4.227754194289445877e-03 -9.999890923500061035e-01
-4.285487830638885498e-01 9.035065174102783203e-01 -4.689695779234170914e-03 2.009785501286387444e-03 -4.237216897308826447e-03 -9.999890327453613281e-01
-8.106721937656402588e-02 9.967042207717895508e-01 -2.979569137096405029e-03 2.415464550722390413e-04 -2.969762310385704041e-03 -9.999955892562866211e-01
-8.106721937656402588e-02 9.967042207717895508e-01 -2.979967044666409492e-03 2.415787021163851023e-04 -2.970158820971846581e-03 -9.999955892562866211e-01
2.769131660461425781e-01 9.608935713768005371e-01 -1.656834385357797146e-03 -4.587998846545815468e-04 -1.592043670825660229e-03 -9.999986290931701660e-01
2.769131660461425781e-01 9.608935713768005371e-01 -1.658794702962040901e-03 -4.593427293002605438e-04 -1.593927387148141861e-03 -9.999986290931701660e-01
-2.974782288074493408e-01 9.547265768051147461e-01 -1.959716668352484703e-03 5.829741712659597397e-04 -1.870997250080108643e-03 -9.999980926513671875e-01
-2.974782288074493408e-01 9.547265768051147461e-01 -1.979916589334607124e-03 5.889831227250397205e-04 -1.890282379463315010e-03 -9.999980330467224121e-01
-3.499565422534942627e-01 9.367633461952209473e-01 -2.186222467571496964e-03 7.650848128832876682e-04 -2.047978341579437256e-03 -9.999976158142089844e-01
-3.499564230442047119e-01 9.367630481719970703e-01 -2.371108625084161758e-03 8.297870517708361149e-04 -2.221173141151666641e-03 -9.999971985816955566e-01
-4.013569056987762451e-01 9.159183502197265625e-01 -2.493510721251368523e-03 1.000790856778621674e-03 -2.283859299495816231e-03 -9.999969005584716797e-01
-4.013567566871643066e-01 9.159180521965026855e-01 -2.623107284307479858e-03 1.052805455401539803e-03 -2.402559621259570122e-03 -9.999965429306030273e-01
-4.515230655670166016e-01 8.922543525695800781e-01 -3.013148671016097069e-03 1.360512338578701019e-03 -2.688507316634058952e-03 -9.999954700469970703e-01
-4.515230059623718262e-01 8.922542333602905273e-01 -3.073028754442930222e-03 1.387549680657684803e-03 -2.741935662925243378e-03 -9.999952912330627441e-01
-1.560710221529006958e-01 -9.877372980117797852e-01 -4.119625780731439590e-03 6.429596687667071819e-04 4.069142509251832962e-03 -9.999915361404418945e-01
-1.560710221529006958e-01 -9.877372980117797852e-01 -4.111582413315773010e-03 6.417043041437864304e-04 4.061197396367788315e-03 -9.999915361404418945e-01
-4.655319452285766602e-01 -8.850180506706237793e-01 -4.799817223101854324e-03 2.234494080767035484e-03 4.247973673045635223e-03 -9.999884963035583496e-01
-4.655320048332214355e-01 -8.850181698799133301e-01 -4.770249128341674805e-03 2.220728900283575058e-03 4.221805371344089508e-03 -9.999886155128479004e-01
-7.254915237426757812e-01 -6.881993412971496582e-01 -6.613375619053840637e-03 4.798052832484245300e-03 4.551420453935861588e-03 -9.999781250953674316e-01
-7.254913449287414551e-01 -6.881992220878601074e-01 -6.651896983385086060e-03 4.826000425964593887e-03 4.577931482344865799e-03 -9.999778866767883301e-01
-9.083195328712463379e-01 -4.182217121124267578e-01 -6.807492114603519440e-03 6.183521822094917297e-03 2.847107127308845520e-03 -9.999768733978271484e-01
-9.083189964294433594e-01 -4.182214438915252686e-01 -6.892792880535125732e-03 6.261004135012626648e-03 2.882782602682709694e-03 -9.999762773513793945e-01
-9.945782423019409180e-01 -1.037799268960952759e-01 -6.627378985285758972e-03 6.591591518372297287e-03 6.878040148876607418e-04 -9.999780654907226562e-01
-9.945781826972961426e-01 -1.037799268960952759e-01 -6.635886617004871368e-03 6.600053049623966217e-03 6.886869668960571289e-04 -9.999780058860778809e-01
-8.208733201026916504e-01 5.710433721542358398e-01 -8.753380738198757172e-03 7.185691501945257187e-03 -4.998750984668731689e-03 -9.999617338180541992e-01
-8.208731412887573242e-01 5.710431933403015137e-01 -8.777244947850704193e-03 7.205281872302293777e-03 -5.012379027903079987e-03 -9.999614953994750977e-01
9.942268729209899902e-01 1.072251647710800171e-01 3.973979037255048752e-03 3.951067570596933365e-03 4.261138965375721455e-04 -9.999921321868896484e-01
9.942268133163452148e-01 1.072251573204994202e-01 3.975880797952413559e-03 3.952959086745977402e-03 4.263178561814129353e-04 -9.999921321868896484e-01
9.325606822967529297e-01 3.609853684902191162e-01 4.486580844968557358e-03 4.184050951153039932e-03 1.619606395252048969e-03 -9.999899268150329590e-01
9.325608015060424805e-01 3.609853982925415039e-01 4.456122871488332748e-03 4.155647475272417068e-03 1.608611433766782284e-03 -9.999901056289672852e-01
8.072971105575561523e-01 5.901286005973815918e-01 4.436684306710958481e-03 3.581757657229900360e-03 2.618239959701895714e-03 -9.999901652336120605e-01
8.072973489761352539e-01 5.901287794113159180e-01 4.363887012004852295e-03 3.522988175973296165e-03 2.575279911980032921e-03 -9.999905228614807129e-01
6.269763708114624023e-01 7.790318727493286133e-01 3.170148469507694244e-03 1.987618161365389824e-03 2.469659084454178810e-03 -9.999949932098388672e-01
6.269764900207519531e-01 7.790319919586181641e-01 3.107120515778660774e-03 1.948100980371236801e-03 2.420557895675301552e-03 -9.999951720237731934e-01
4.038985669612884521e-01 9.148033857345581055e-01 9.073236724361777306e-04 3.664669056888669729e-04 8.300230838358402252e-04 -9.999995827674865723e-01
4.038985669612884521e-01 9.148033857345581055e-01 9.239745559170842171e-04 3.731921606231480837e-04 8.452553884126245975e-04 -9.999995827674865723e-01
1.532691717147827148e-01 9.881845116615295410e-01 -1.495833748776931316e-05 -2.292651970492443070e-06 -1.478159720136318356e-05 -1.000000000000000000e+00
1.532691717147827148e-01 9.881845116615295410e-01 -4.726249608211219311e-05 -7.243883828778052703e-06 -4.670406633522361517e-05 -1.000000000000000000e+00
-1.078121587634086609e-01 9.941712617874145508e-01 -3.808400069829076529e-04 4.105918560526333749e-05 -3.786201996263116598e-04 -9.999999403953552246e-01
-1.078121587634086609e-01 9.941712617874145508e-01 -3.965312789659947157e-04 4.275089668226428330e-05 -3.942200273741036654e-04 -9.999999403953552246e-01
-3.701066970825195312e-02 9.992811083793640137e-01 -8.215826936066150665e-03 3.040835144929587841e-04 -8.210198022425174713e-03 -9.999662637710571289e-01
-3.701066970825195312e-02 9.992811083793640137e-01 -8.218592964112758636e-03 3.041858435608446598e-04 -8.212961256504058838e-03 -9.999662041664123535e-01
9.082267433404922485e-02 -9.958670139312744141e-01 3.570588014554232359e-04 3.242903767386451364e-05 -3.555830917321145535e-04 -9.999999403953552246e-01
9.082267433404922485e-02 -9.958670139312744141e-01 3.567457606550306082e-04 3.240060686948709190e-05 -3.552713606040924788e-04 -9.999999403953552246e-01
3.499954044818878174e-01 -9.367513656616210938e-01 3.599934279918670654e-04 1.259960554307326674e-04 -3.372243663761764765e-04 -9.999999403953552246e-01
3.499954044818878174e-01 -9.367513656616210938e-01 3.130191180389374495e-04 1.095552725018933415e-04 -2.932211209554225206e-04 -1.000000000000000000e+00
5.844393968582153320e-01 -8.114374279975891113e-01 2.328365808352828026e-04 1.360788737656548619e-04 -1.889323175419121981e-04 -1.000000000000000000e+00
5.844393372535705566e-01 -8.114373683929443359e-01 2.575394173618406057e-04 1.505161926615983248e-04 -2.089771442115306854e-04 -1.000000000000000000e+00
7.775790691375732422e-01 -6.287851333618164062e-01 2.268210664624348283e-04 1.763713080435991287e-04 -1.426217204425483942e-04 -1.000000000000000000e+00
7.775790691375732422e-01 -6.287851333618164062e-01 1.750835072016343474e-04 1.361412723781540990e-04 -1.100899098673835397e-04 -1.000000000000000000e+00
9.157745838165283203e-01 -4.016922414302825928e-01 5.410909652709960938e-04 4.955173935741186142e-04 -2.173520770156756043e-04 -9.999998807907104492e-01
9.157745838165283203e-01 -4.016922712326049805e-01 5.591521621681749821e-04 5.120573914609849453e-04 -2.246071089757606387e-04 -9.999998807907104492e-01
9.892520904541015625e-01 -1.462194770574569702e-01 4.952957970090210438e-04 4.899724735878407955e-04 -7.242189894896000624e-05 -9.999998807907104492e-01
9.892520904541015625e-01 -1.462194770574569702e-01 4.971595481038093567e-04 4.918162012472748756e-04 -7.269441994139924645e-05 -9.999998807907104492e-01
-5.321930646896362305e-01 8.466151356697082520e-01 -3.648906014859676361e-03 1.941935624927282333e-03 -3.089240053668618202e-03 -9.999933838844299316e-01
-5.321930050849914551e-01 8.466150164604187012e-01 -3.705201903358101845e-03 1.971896039322018623e-03 -3.136900952085852623e-03 -9.999931454658508301e-01
-5.844098329544067383e-01 8.114482164382934570e-01 -4.132996778935194016e-03 2.415384631603956223e-03 -3.353741485625505447e-03 -9.999914765357971191e-01
-5.844097137451171875e-01 8.114479780197143555e-01 -4.165364429354667664e-03 2.434301190078258514e-03 -3.380006877705454826e-03 -9.999913573265075684e-01
-6.343104243278503418e-01 7.730655670166015625e-01 -4.461181815713644028e-03 2.829802222549915314e-03 -3.448820440098643303e-03 -9.999900460243225098e-01
-6.343101859092712402e-01 7.730652689933776855e-01 -4.544151481240987778e-03 2.882431261241436005e-03 -3.512962022796273232e-03 -9.999896883964538574e-01
-6.816970109939575195e-01 7.316192388534545898e-01 -4.751366097480058670e-03 3.239028621464967728e-03 -3.476229961961507797e-03 -9.999887347221374512e-01
-6.816969513893127441e-01 7.316191196441650391e-01 -4.775158595293760300e-03 3.255248069763183594e-03 -3.493637079373002052e-03 -9.999886155128479004e-01
-7.263817787170410156e-01 6.872735619544982910e-01 -4.956994205713272095e-03 3.600714495405554771e-03 -3.406852949410676956e-03 -9.999877214431762695e-01
-7.263817787170410156e-01 6.872735619544982910e-01 -4.959197249263525009e-03 3.602314973250031471e-03 -3.408367047086358070e-03 -9.999877214431762695e-01
-7.681871056556701660e-01 6.402035951614379883e-01 -5.280101671814918518e-03 4.056162666529417038e-03 -3.380387322977185249e-03 -9.999860525131225586e-01
-7.681860923767089844e-01 6.402027606964111328e-01 -5.522422026842832565e-03 4.242312628775835037e-03 -3.535523777827620506e-03 -9.999847412109375000e-01
-8.069414496421813965e-01 5.905918478965759277e-01 -6.843355949968099594e-03 5.522316787391901016e-03 -4.041724838316440582e-03 -9.999765753746032715e-01
-8.069412708282470703e-01 5.905917286872863770e-01 -6.878345739096403122e-03 5.550552159547805786e-03 -4.062389954924583435e-03 -9.999763369560241699e-01
-9.940273761749267578e-01 -1.089705675840377808e-01 -5.922467913478612900e-03 5.887198261916637421e-03 6.453859969042241573e-04 -9.999824762344360352e-01
-9.940273761749267578e-01 -1.089705675840377808e-01 -5.926947575062513351e-03 5.891651380807161331e-03 6.458741263486444950e-04 -9.999824762344360352e-01
-9.600629806518554688e-01 -2.797099947929382324e-01 -6.442870479077100754e-03 6.185689475387334824e-03 1.802172744646668434e-03 -9.999792575836181641e-01
-9.600628018379211426e-01 -2.797099649906158447e-01 -6.472906563431024551e-03 6.214526947587728500e-03 1.810574322007596493e-03 -9.999790787696838379e-01
-8.969977498054504395e-01 -4.419694840908050537e-01 -7.616277318447828293e-03 6.831982638686895370e-03 3.366260090842843056e-03 -9.999710321426391602e-01
-8.969973921775817871e-01 -4.419692754745483398e-01 -7.673221174627542496e-03 6.883061956614255905e-03 3.391427919268608093e-03 -9.999705553054809570e-01
-8.067561388015747070e-01 -5.908344984054565430e-01 -7.692162413150072098e-03 6.205882411450147629e-03 4.544929135590791702e-03 -9.999704360961914062e-01
-8.067562580108642578e-01 -5.908346176147460938e-01 -7.666609250009059906e-03 6.185266654938459396e-03 4.529830999672412872e-03 -9.999706149101257324e-01
-6.920660734176635742e-01 -7.217981219291687012e-01 -7.215396501123905182e-03 4.993661306798458099e-03 5.208195652812719345e-03 -9.999740123748779297e-01
-6.920661330223083496e-01 -7.217981815338134766e-01 -7.197751197963953018e-03 4.981449339538812637e-03 5.195458885282278061e-03 -9.999741315841674805e-01
-5.564031600952148438e-01 -8.308887481689453125e-01 -6.280650850385427475e-03 3.494642907753586769e-03 5.218625068664550781e-03 -9.999802708625793457e-01
-5.564032196998596191e-01 -8.308888673782348633e-01 -6.257147993892431259e-03 3.481565508991479874e-03 5.199096631258726120e-03 -9.999804496765136719e-01
-4.038762152194976807e-01 -9.147955179214477539e-01 -5.765762645751237869e-03 2.328693168237805367e-03 5.274581257253885269e-03 -9.999833703041076660e-01
-4.038761854171752930e-01 -9.147954583168029785e-01 -5.776880774646997452e-03 2.333183540031313896e-03 5.284752231091260910e-03 -9.999833106994628906e-01
-2.391049563884735107e-01 -9.709774851799011230e-01 -5.618218332529067993e-03 1.343365176580846310e-03 5.455249920487403870e-03 -9.999842643737792969e-01
-2.391049712896347046e-01 -9.709775447845458984e-01 -5.614107474684715271e-03 1.342382049188017845e-03 5.451257806271314621e-03 -9.999842643737792969e-01
6.171472668647766113e-01 -7.868432402610778809e-01 2.645504428073763847e-03 1.632671453990042210e-03 -2.081604441627860069e-03 -9.999964833259582520e-01
6.171472668647766113e-01 -7.868432402610778809e-01 2.661283593624830246e-03 1.642409595660865307e-03 -2.094020368531346321e-03 -9.999964833259582520e-01
4.849362671375274658e-01 -8.745450973510742188e-01 2.775934757664799690e-03 1.346156815998256207e-03 -2.427689731121063232e-03 -9.999961853027343750e-01
4.849363267421722412e-01 -8.745452165603637695e-01 2.732775872573256493e-03 1.325227320194244385e-03 -2.389945322647690773e-03 -9.999963045120239258e-01
3.405207991600036621e-01 -9.402350187301635742e-01 1.961179543286561966e-03 6.678237114101648331e-04 -1.843973179347813129e-03 -9.999980926513671875e-01
3.405207693576812744e-01 -9.402348995208740234e-01 1.965784700587391853e-03 6.693919422104954720e-04 -1.848303363658487797e-03 -9.999980926513671875e-01
-1.566189974546432495e-01 9.876492023468017578e-01 -4.427508916705846786e-03 6.934388075023889542e-04 -4.372868221253156662e-03 -9.999902248382568359e-01
-1.566190123558044434e-01 9.876492619514465332e-01 -4.410433582961559296e-03 6.907644565217196941e-04 -4.356003832072019577e-03 -9.999902844429016113e-01
-3.423025608062744141e-01 9.395793676376342773e-01 -4.438331350684165955e-03 1.519267098046839237e-03 -4.170205444097518921e-03 -9.999901652336120605e-01
-3.423025310039520264e-01 9.395792484283447266e-01 -4.462767392396926880e-03 1.527631771750748158e-03 -4.193165339529514313e-03 -9.999900460243225098e-01
-5.153937339782714844e-01 8.569421172142028809e-01 -4.415577277541160583e-03 2.275783568620681763e-03 -3.783931490033864975e-03 -9.999902844429016113e-01
-5.153937339782714844e-01 8.569421172142028809e-01 -4.429498221725225449e-03 2.282958244904875755e-03 -3.795861033722758293e-03 -9.999902248382568359e-01
-6.695210933685302734e-01 7.427803277969360352e-01 -4.350106697529554367e-03 2.912516007199883461e-03 -3.231204580515623093e-03 -9.999905824661254883e-01
-6.695210933685302734e-01 7.427803277969360352e-01 -4.357599187642335892e-03 2.917532110586762428e-03 -3.236769698560237885e-03 -9.999905228614807129e-01
-7.990196943283081055e-01 6.012897491455078125e-01 -4.247442353516817093e-03 3.393821651116013527e-03 -2.553967060521245003e-03 -9.999909996986389160e-01
-7.990192770957946777e-01 6.012893915176391602e-01 -4.407382104545831680e-03 3.521617501974105835e-03 -2.650137757882475853e-03 -9.999902844429016113e-01
-8.991136550903320312e-01 4.376737475395202637e-01 -6.028124131262302399e-03 5.420067347586154938e-03 -2.638399600982666016e-03 -9.999818205833435059e-01
-8.991121053695678711e-01 4.376730024814605713e-01 -6.307679228484630585e-03 5.671423394232988358e-03 -2.760755829513072968e-03 -9.999800920486450195e-01
-9.661298990249633789e-01 2.579606175422668457e-01 -7.024771068245172501e-03 6.787009071558713913e-03 -1.812159083783626556e-03 -9.999753236770629883e-01
-9.661291837692260742e-01 2.579604685306549072e-01 -7.135608233511447906e-03 6.894093938171863556e-03 -1.840751268900930882e-03 -9.999745488166809082e-01
-9.976074099540710449e-01 6.875993311405181885e-02 -7.182446774095296860e-03 7.165446411818265915e-03 -4.938772763125598431e-04 -9.999742507934570312e-01
-9.976074695587158203e-01 6.875993311405181885e-02 -7.177417632192373276e-03 7.160428911447525024e-03 -4.935314063914120197e-04 -9.999742507934570312e-01
7.732334136962890625e-01 -6.341210007667541504e-01 -8.311992278322577477e-04 -6.427112384699285030e-04 5.270810797810554504e-04 -9.999996423721313477e-01
7.732334733009338379e-01 -6.341210603713989258e-01 -7.901351782493293285e-04 -6.109591340646147728e-04 5.010414752177894115e-04 -9.999997019767761230e-01
7.325508594512939453e-01 -6.807119846343994141e-01 -7.421690970659255981e-04 -5.436767823994159698e-04 5.052034975960850716e-04 -9.999997615814208984e-01
7.325509190559387207e-01 -6.807119846343994141e-01 -5.772133008576929569e-04 -4.228382022120058537e-04 3.929160884581506252e-04 -9.999998211860656738e-01
6.890658140182495117e-01 -7.246986031532287598e-01 -5.572825903072953224e-04 -3.840044664684683084e-04 4.038620099890977144e-04 -9.999998807907104492e-01
6.890658736228942871e-01 -7.246986627578735352e-01 -3.697569482028484344e-04 -2.547869225963950157e-04 2.679624012671411037e-04 -9.999999403953552246e-01
6.429445743560791016e-01 -7.659127116203308105e-01 -1.682487491052597761e-04 -1.081746231648139656e-04 1.288638595724478364e-04 -1.000000000000000000e+00
6.429445743560791016e-01 -7.659127116203308105e-01 -1.280653086723759770e-04 -8.233889820985496044e-05 9.808684990275651217e-05 -1.000000000000000000e+00
5.943632721900939941e-01 -8.041967153549194336e-01 -9.421631693840026855e-05 -5.599872019956819713e-05 7.576845382573083043e-05 -1.000000000000000000e+00
5.943632721900939941e-01 -8.041967153549194336e-01 1.227198081323876977e-04 7.294014358194544911e-05 -9.869086352409794927e-05 -1.000000000000000000e+00
5.435084700584411621e-01 -8.394037485122680664e-01 1.426915696356445551e-04 7.755407568765804172e-05 -1.197758392663672566e-04 -1.000000000000000000e+00
5.435084700584411621e-01 -8.394037485122680664e-01 1.539852964924648404e-04 8.369231363758444786e-05 -1.292558299610391259e-04 -1.000000000000000000e+00
-9.789305925369262695e-01 2.041681408882141113e-01 -3.223290201276540756e-03 3.155393758788704872e-03 -6.580965709872543812e-04 -9.999948143959045410e-01
-9.789305925369262695e-01 2.041681408882141113e-01 -3.224744228646159172e-03 3.156817052513360977e-03 -6.583934300579130650e-04 -9.999948143959045410e-01
-9.982272982597351074e-01 5.939996987581253052e-02 -3.738228464499115944e-03 3.731627715751528740e-03 -2.220522001152858138e-04 -9.999930262565612793e-01
-9.982272982597351074e-01 5.939996987581253052e-02 -3.736905986443161964e-03 3.730307566002011299e-03 -2.219736488768830895e-04 -9.999930262565612793e-01
-9.962303638458251953e-01 -8.663368970155715942e-02 -4.445523023605346680e-03 4.428809043020009995e-03 3.851359069813042879e-04 -9.999901652336120605e-01
-9.962303042411804199e-01 -8.663368225097656250e-02 -4.459028132259845734e-03 4.442262928932905197e-03 3.863058809656649828e-04 -9.999900460243225098e-01
-9.729834794998168945e-01 -2.308191806077957153e-01 -5.069757346063852310e-03 4.932853858917951584e-03 1.170212402939796448e-03 -9.999871850013732910e-01
-9.729833006858825684e-01 -2.308191359043121338e-01 -5.114823579788208008e-03 4.976702854037284851e-03 1.180614577606320381e-03 -9.999869465827941895e-01
-9.289812445640563965e-01 -3.700799345970153809e-01 -5.898938979953527451e-03 5.480099003762006760e-03 2.183116972446441650e-03 -9.999825954437255859e-01
-9.289812445640563965e-01 -3.700799345970153809e-01 -5.897013936191797256e-03 5.478310398757457733e-03 2.182404510676860809e-03 -9.999825954437255859e-01
-8.651658296585083008e-01 -5.014449357986450195e-01 -6.411327980458736420e-03 5.546976346522569656e-03 3.214994212612509727e-03 -9.999794960021972656e-01
-8.651657104492187500e-01 -5.014448761940002441e-01 -6.431032903492450714e-03 5.564024671912193298e-03 3.224875312298536301e-03 -9.999793767929077148e-01
-7.828976511955261230e-01 -6.221136450767517090e-01 -6.779191084206104279e-03 5.307535175234079361e-03 4.217524547129869461e-03 -9.999770522117614746e-01
-7.828976511955261230e-01 -6.221136450767517090e-01 -6.782652344554662704e-03 5.310244858264923096e-03 4.219677764922380447e-03 -9.999769926071166992e-01
4.983232617378234863e-01 -8.669912219047546387e-01 -3.734142519533634186e-04 -1.860810152720659971e-04 3.237469063606113195e-04 -9.999999403953552246e-01
4.983232617378234863e-01 -8.669912219047546387e-01 -3.731099423021078110e-04 -1.859293697634711862e-04 3.234830801375210285e-04 -9.999999403953552246e-01
4.500190019607543945e-01 -8.930189013481140137e-01 -3.585685335565358400e-04 -1.613626664038747549e-04 3.202084917575120926e-04 -9.999999403953552246e-01
4.500190317630767822e-01 -8.930189609527587891e-01 -3.380555426701903343e-04 -1.521314115962013602e-04 3.018899878952652216e-04 -9.999999403953552246e-01
4.003596007823944092e-01 -9.163581132888793945e-01 -1.444968074792996049e-04 -5.785068424302153289e-05 1.324108161497861147e-04 -1.000000000000000000e+00
4.003596007823944092e-01 -9.163581132888793945e-01 -1.768536312738433480e-04 -7.080505019985139370e-05 1.620612601982429624e-04 -1.000000000000000000e+00
3.494949638843536377e-01 -9.369382858276367188e-01 1.183573913294821978e-04 4.136531060794368386e-05 -1.108935684897005558e-04 -1.000000000000000000e+00
3.494949638843536377e-01 -9.369382858276367188e-01 1.835947623476386070e-04 6.416544783860445023e-05 -1.720169675536453724e-04 -1.000000000000000000e+00
2.975775301456451416e-01 -9.546976089477539062e-01 4.233202489558607340e-04 1.259706041309982538e-04 -4.041428619530051947e-04 -9.999999403953552246e-01
2.975775003433227539e-01 -9.546976089477539062e-01 4.185950092505663633e-04 1.245644671143963933e-04 -3.996316809207201004e-04 -9.999999403953552246e-01
-1.532526165246963501e-01 9.881862998008728027e-01 -1.247156411409378052e-03 1.911301369545981288e-04 -1.232423819601535797e-03 -9.999992251396179199e-01
-1.532526165246963501e-01 9.881862998008728027e-01 -1.262160018086433411e-03 1.934294705279171467e-04 -1.247250242158770561e-03 -9.999992251396179199e-01
-3.052486479282379150e-01 9.522717595100402832e-01 -1.334843691438436508e-03 4.074595926795154810e-04 -1.271135057322680950e-03 -9.999991059303283691e-01
-3.052486479282379150e-01 9.522718191146850586e-01 -1.311881700530648232e-03 4.004504589829593897e-04 -1.249269000254571438e-03 -9.999991655349731445e-01
-4.497994184494018555e-01 8.931286334991455078e-01 -1.322110416367650032e-03 5.946850869804620743e-04 -1.180815859697759151e-03 -9.999991655349731445e-01
-4.497994482517242432e-01 8.931286931037902832e-01 -1.293276436626911163e-03 5.817154305987060070e-04 -1.155063160695135593e-03 -9.999991655349731445e-01
-5.833786725997924805e-01 8.121991157531738281e-01 -1.382037298753857613e-03 8.062518318183720112e-04 -1.122490502893924713e-03 -9.999990463256835938e-01
-5.833786725997924805e-01 8.121991157531738281e-01 -1.395218190737068653e-03 8.139412966556847095e-04 -1.133196055889129639e-03 -9.999990463256835938e-01
-7.027257680892944336e-01 7.114591598510742188e-01 -1.562701771035790443e-03 1.098152133636176586e-03 -1.111799851059913635e-03 -9.999988079071044922e-01
-7.027257680892944336e-01 7.114591598510742188e-01 -1.565911457873880863e-03 1.100407680496573448e-03 -1.114083337597548962e-03 -9.999988079071044922e-01
-8.049330115318298340e-01 5.933619737625122070e-01 -2.097049029543995857e-03 1.687987707555294037e-03 -1.244311919435858727e-03 -9.999977946281433105e-01
-8.049330115318298340e-01 5.933619737625122070e-01 -2.100776648148894310e-03 1.690988196060061455e-03 -1.246523694135248661e-03 -9.999977946281433105e-01
-8.875044584274291992e-01 4.607941806316375732e-01 -2.142048440873622894e-03 1.901081879623234272e-03 -9.870456997305154800e-04 -9.999977350234985352e-01
-8.875045180320739746e-01 4.607942104339599609e-01 -2.110838424414396286e-03 1.873382832854986191e-03 -9.726642747409641743e-04 -9.999977946281433105e-01
-9.484288096427917480e-01 3.169833421707153320e-01 -2.107140375301241875e-03 1.998477149754762650e-03 -6.679298239760100842e-04 -9.999977946281433105e-01
-9.484287500381469727e-01 3.169833123683929443e-01 -2.122954465448856354e-03 2.013475634157657623e-03 -6.729426677338778973e-04 -9.999977350234985352e-01
2.285015583038330078e-01 -9.735425114631652832e-01 1.432423130609095097e-03 3.273112524766474962e-04 -1.394526218064129353e-03 -9.999989867210388184e-01
2.285015583038330078e-01 -9.735425114631652832e-01 1.433710451237857342e-03 3.276054048910737038e-04 -1.395779545418918133e-03 -9.999989867210388184e-01
1.655303686857223511e-01 -9.862027764320373535e-01 1.947928336448967457e-03 3.224419197067618370e-04 -1.921056071296334267e-03 -9.999980926513671875e-01
1.018771603703498840e-01 -9.947950839996337891e-01 1.964798895642161369e-03 2.001685061259195209e-04 -1.954576000571250916e-03 -9.999980926513671875e-01
1.018771603703498840e-01 -9.947950839996337891e-01 1.952609629370272160e-03 1.989267038879916072e-04 -1.942450180649757385e-03 -9.999980926513671875e-01
1.655303686857223511e-01 -9.862028360366821289e-01 1.937521272338926792e-03 3.207192057743668556e-04 -1.910792547278106213e-03 -9.999981522560119629e-01
9.807329177856445312e-01 1.953532546758651733e-01 -2.488613827154040337e-04 -2.440665848553180695e-04 -4.861588968196883798e-05 -1.000000000000000000e+00
9.807329773902893066e-01 1.953532695770263672e-01 -2.428195439279079437e-04 -2.381411322858184576e-04 -4.743559111375361681e-05 -1.000000000000000000e+00
9.351607561111450195e-01 3.542234599590301514e-01 -2.765017561614513397e-04 -2.585736510809510946e-04 -9.794342622626572847e-05 -1.000000000000000000e+00
9.351607561111450195e-01 3.542234599590301514e-01 -2.527468896005302668e-04 -2.363590028835460544e-04 -8.952889038482680917e-05 -1.000000000000000000e+00
8.640431165695190430e-01 5.034177899360656738e-01 -1.903007796499878168e-04 -1.644280855543911457e-04 -9.580079495208337903e-05 -1.000000000000000000e+00
8.640431165695190430e-01 5.034177899360656738e-01 -1.741882006172090769e-04 -1.505061227362602949e-04 -8.768944098846986890e-05 -1.000000000000000000e+00
7.693213224411010742e-01 6.388620734214782715e-01 -8.454642374999821186e-05 -6.504336488433182240e-05 -5.401350426836870611e-05 -1.000000000000000000e+00
7.693213224411010742e-01 6.388620734214782715e-01 -7.454299338860437274e-05 -5.734751539421267807e-05 -4.762269236380234361e-05 -1.000000000000000000e+00
6.535856723785400391e-01 7.568525671958923340e-01 -6.389879854395985603e-05 -4.176333823124878109e-05 -4.836196967517025769e-05 -1.000000000000000000e+00
6.535856723785400391e-01 7.568525671958923340e-01 -4.348524089436978102e-05 -2.842133108060806990e-05 -3.291191751486621797e-05 -1.000000000000000000e+00
5.199962258338928223e-01 8.541685342788696289e-01 -1.278253912460058928e-04 -6.646871770499274135e-05 -1.091844242182560265e-04 -1.000000000000000000e+00
5.199962258338928223e-01 8.541685342788696289e-01 -2.528522454667836428e-04 -1.314822147833183408e-04 -2.159784198738634586e-04 -1.000000000000000000e+00
3.721999526023864746e-01 9.281525611877441406e-01 -3.172031138092279434e-04 -1.180629769805818796e-04 -2.944128937087953091e-04 -1.000000000000000000e+00
3.721999228000640869e-01 9.281525015830993652e-01 -4.044836969114840031e-04 -1.505488180555403233e-04 -3.754225908778607845e-04 -9.999999403953552246e-01
2.142381370067596436e-01 9.767813682556152344e-01 -5.218477454036474228e-04 -1.117997016990557313e-04 -5.097312387079000473e-04 -9.999998807907104492e-01
2.142381221055984497e-01 9.767813086509704590e-01 -5.634238477796316147e-04 -1.207068999065086246e-04 -5.503420252352952957e-04 -9.999998807907104492e-01
5.042361095547676086e-02 9.987277984619140625e-01 -5.421589012257754803e-04 -2.733761357376351953e-05 -5.414692568592727184e-04 -9.999998807907104492e-01
5.042361095547676086e-02 9.987277984619140625e-01 -5.347331170924007893e-04 -2.696317824302241206e-05 -5.340529023669660091e-04 -9.999998807907104492e-01
4.513449966907501221e-04 -9.999980330467224121e-01 1.941181486472487450e-03 8.761443268667790107e-07 -1.941181486472487450e-03 -9.999981522560119629e-01
4.513449675869196653e-04 -9.999979734420776367e-01 1.978643704205751419e-03 8.930526860240206588e-07 -1.978643471375107765e-03 -9.999980330467224121e-01
-9.120008349418640137e-02 -9.958302378654479980e-01 2.178849652409553528e-03 -1.987117429962381721e-04 -2.169769490137696266e-03 -9.999976158142089844e-01
-9.120009094476699829e-02 -9.958302974700927734e-01 2.156115835532546043e-03 -1.966384152183309197e-04 -2.147130435332655907e-03 -9.999976754188537598e-01
-1.820836216211318970e-01 -9.832804799079895020e-01 2.262104069814085960e-03 -4.118931537959724665e-04 -2.224288415163755417e-03 -9.999974370002746582e-01
-1.820836216211318970e-01 -9.832804799079895020e-01 2.273719524964690208e-03 -4.140081291552633047e-04 -2.235709689557552338e-03 -9.999974370002746582e-01
-2.714332044124603271e-01 -9.624540805816650391e-01 2.495242748409509659e-03 -6.772938068024814129e-04 -2.401564037427306175e-03 -9.999969005584716797e-01
-2.714331746101379395e-01 -9.624540209770202637e-01 2.508546458557248116e-03 -6.809048936702311039e-04 -2.414368325844407082e-03 -9.999968409538269043e-01
-3.584996759891510010e-01 -9.335265159606933594e-01 2.507856115698814392e-03 -8.990684291347861290e-04 -2.341157523915171623e-03 -9.999968409538269043e-01
-3.584996759891510010e-01 -9.335265159606933594e-01 2.521642483770847321e-03 -9.040108416229486465e-04 -2.354027470573782921e-03 -9.999968409538269043e-01
-4.425474107265472412e-01 -8.967417478561401367e-01 2.473661676049232483e-03 -1.094715902581810951e-03 -2.218242501839995384e-03 -9.999969601631164551e-01
-4.425474107265472412e-01 -8.967417478561401367e-01 2.469223225489258766e-03 -1.092751626856625080e-03 -2.214262261986732483e-03 -9.999969601631164551e-01
6.523581743240356445e-01 7.579108476638793945e-01 0.000000000000000000e+00 -7.579108476638793945e-01 6.523581743240356445e-01 0.000000000000000000e+00
6.516680121421813965e-01 7.585043311119079590e-01 0.000000000000000000e+00 -7.585043311119079590e-01 6.516680121421813965e-01 -0.000000000000000000e+00
6.505853533744812012e-01 7.594331502914428711e-01 0.000000000000000000e+00 -7.594331502914428711e-01 6.505853533744812012e-01 -0.000000000000000000e+00
6.514176726341247559e-01 7.587193250656127930e-01 0.000000000000000000e+00 -7.587193250656127930e-01 6.514176726341247559e-01 0.000000000000000000e+00
6.533972024917602539e-01 7.570152878761291504e-01 0.000000000000000000e+00 -7.570152878761291504e-01 6.533972024917602539e-01 -0.000000000000000000e+00
6.535766124725341797e-01 7.568603754043579102e-01 0.000000000000000000e+00 -7.568603754043579102e-01 6.535766124725341797e-01 0.000000000000000000e+00
6.107318401336669922e-01 7.918375730514526367e-01 0.000000000000000000e+00 -7.918375730514526367e-01 6.107318401336669922e-01 0.000000000000000000e+00
6.027722358703613281e-01 7.979133129119873047e-01 0.000000000000000000e+00 -7.979133129119873047e-01 6.027722358703613281e-01 -0.000000000000000000e+00
5.005302429199218750e-01 8.657190799713134766e-01 0.000000000000000000e+00 -8.657190799713134766e-01 5.005302429199218750e-01 0.000000000000000000e+00
4.844801723957061768e-01 8.748022317886352539e-01 0.000000000000000000e+00 -8.748022317886352539e-01 4.844801723957061768e-01 -0.000000000000000000e+00
3.708077371120452881e-01 9.287096858024597168e-01 0.000000000000000000e+00 -9.287096858024597168e-01 3.708077371120452881e-01 0.000000000000000000e+00
3.545569479465484619e-01 9.350344538688659668e-01 0.000000000000000000e+00 -9.350344538688659668e-01 3.545569479465484619e-01 -0.000000000000000000e+00
2.263193130493164062e-01 9.740532040596008301e-01 0.000000000000000000e+00 -9.740532040596008301e-01 2.263193130493164062e-01 0.000000000000000000e+00
1.892377883195877075e-01 9.819313287734985352e-01 0.000000000000000000e+00 -9.819313287734985352e-01 1.892377883195877075e-01 -0.000000000000000000e+00
2.149227447807788849e-02 9.997690320014953613e-01 0.000000000000000000e+00 -9.997690320014953613e-01 2.149227447807788849e-02 0.000000000000000000e+00
-8.074314147233963013e-02 9.967349767684936523e-01 0.000000000000000000e+00 -9.967349767684936523e-01 -8.074314147233963013e-02 0.000000000000000000e+00
-2.116352170705795288e-01 9.773487448692321777e-01 0.000000000000000000e+00 -9.773487448692321777e-01 -2.116352170705795288e-01 0.000000000000000000e+00
-3.045676052570343018e-01 9.524907469749450684e-01 0.000000000000000000e+00 -9.524907469749450684e-01 -3.045676052570343018e-01 0.000000000000000000e+00
-4.236145317554473877e-01 9.058425426483154297e-01 0.000000000000000000e+00 -9.058425426483154297e-01 -4.236145317554473877e-01 0.000000000000000000e+00
-5.549451112747192383e-01 8.318870067596435547e-01 0.000000000000000000e+00 -8.318870067596435547e-01 -5.549451112747192383e-01 0.000000000000000000e+00
-5.832738280296325684e-01 8.122755885124206543e-01 0.000000000000000000e+00 -8.122755885124206543e-01 -5.832738280296325684e-01 0.000000000000000000e+00
-7.071512341499328613e-01 7.070623636245727539e-01 0.000000000000000000e+00 -7.070623636245727539e-01 -7.071512341499328613e-01 0.000000000000000000e+00
-7.444473505020141602e-01 6.676812171936035156e-01 0.000000000000000000e+00 -6.676812171936035156e-01 -7.444473505020141602e-01 0.000000000000000000e+00
-8.425907492637634277e-01 5.385544300079345703e-01 0.000000000000000000e+00 -5.385544300079345703e-01 -8.425907492637634277e-01 0.000000000000000000e+00
-8.701173067092895508e-01 4.928447604179382324e-01 0.000000000000000000e+00 -4.928447604179382324e-01 -8.701173067092895508e-01 0.000000000000000000e+00
-9.319349527359008789e-01 3.626254796981811523e-01 0.000000000000000000e+00 -3.626254796981811523e-01 -9.319349527359008789e-01 0.000000000000000000e+00
-9.551939964294433594e-01 2.959805428981781006e-01 0.000000000000000000e+00 -2.959805428981781006e-01 -9.551939964294433594e-01 0.000000000000000000e+00
-9.955538511276245117e-01 9.419399499893188477e-02 0.000000000000000000e+00 -9.419399499893188477e-02 -9.955538511276245117e-01 0.000000000000000000e+00
-9.989550709724426270e-01 4.570305719971656799e-02 0.000000000000000000e+00 -4.570305719971656799e-02 -9.989550709724426270e-01 0.000000000000000000e+00
9.874184727668762207e-01 1.581287980079650879e-01 0.000000000000000000e+00 -1.581287980079650879e-01 9.874184727668762207e-01 0.000000000000000000e+00
9.699271321296691895e-01 2.433954626321792603e-01 -0.000000000000000000e+00 -2.433954626321792603e-01 9.699271321296691895e-01 0.000000000000000000e+00
9.413497447967529297e-01 3.374324738979339600e-01 -0.000000000000000000e+00 -3.374324738979339600e-01 9.413497447967529297e-01 0.000000000000000000e+00
9.104616045951843262e-01 4.135935902595520020e-01 -0.000000000000000000e+00 -4.135935902595520020e-01 9.104616045951843262e-01 0.000000000000000000e+00
8.645142912864685059e-01 5.026082992553710938e-01 -0.000000000000000000e+00 -5.026082992553710938e-01 8.645142912864685059e-01 0.000000000000000000e+00
8.203787803649902344e-01 5.718205571174621582e-01 -0.000000000000000000e+00 -5.718205571174621582e-01 8.203787803649902344e-01 0.000000000000000000e+00
7.624284029006958008e-01 6.470726132392883301e-01 -0.000000000000000000e+00 -6.470726132392883301e-01 7.624284029006958008e-01 0.000000000000000000e+00
7.064589858055114746e-01 7.077540159225463867e-01 -0.000000000000000000e+00 -7.077540159225463867e-01 7.064589858055114746e-01 0.000000000000000000e+00
6.371197104454040527e-01 7.707648873329162598e-01 -0.000000000000000000e+00 -7.707648873329162598e-01 6.371197104454040527e-01 0.000000000000000000e+00
5.679388642311096191e-01 8.230707645416259766e-01 -0.000000000000000000e+00 -8.230707645416259766e-01 5.679388642311096191e-01 0.000000000000000000e+00
4.929737150669097900e-01 8.700442314147949219e-01 -0.000000000000000000e+00 -8.700442314147949219e-01 4.929737150669097900e-01 0.000000000000000000e+00
4.124672710895538330e-01 9.109724164009094238e-01 -0.000000000000000000e+00 -9.109724164009094238e-01 4.124672710895538330e-01 0.000000000000000000e+00
3.409998714923858643e-01 9.400633573532104492e-01 -0.000000000000000000e+00 -9.400633573532104492e-01 3.409998714923858643e-01 0.000000000000000000e+00
2.483278512954711914e-01 9.686760306358337402e-01 -0.000000000000000000e+00 -9.686760306358337402e-01 2.483278512954711914e-01 0.000000000000000000e+00
1.856827288866043091e-01 9.826097488403320312e-01 -0.000000000000000000e+00 -9.826097488403320312e-01 1.856827288866043091e-01 0.000000000000000000e+00
6.755517423152923584e-02 9.977155327796936035e-01 -0.000000000000000000e+00 -9.977155327796936035e-01 6.755517423152923584e-02 0.000000000000000000e+00
-9.424855001270771027e-03 9.999555945396423340e-01 0.000000000000000000e+00 -9.999555945396423340e-01 -9.424855001270771027e-03 0.000000000000000000e+00
-1.295494735240936279e-01 9.915729761123657227e-01 0.000000000000000000e+00 -9.915729761123657227e-01 -1.295494735240936279e-01 0.000000000000000000e+00
-2.130526453256607056e-01 9.770407080650329590e-01 0.000000000000000000e+00 -9.770407080650329590e-01 -2.130526453256607056e-01 0.000000000000000000e+00
-2.959122955799102783e-01 9.552150964736938477e-01 0.000000000000000000e+00 -9.552150964736938477e-01 -2.959122955799102783e-01 0.000000000000000000e+00
-3.813581168651580811e-01 9.244273900985717773e-01 -0.000000000000000000e+00 -9.244273900985717773e-01 -3.813581168651580811e-01 0.000000000000000000e+00
-4.502922892570495605e-01 8.928812146186828613e-01 0.000000000000000000e+00 -8.928812146186828613e-01 -4.502922892570495605e-01 0.000000000000000000e+00
-5.424311161041259766e-01 8.401002883911132812e-01 0.000000000000000000e+00 -8.401002883911132812e-01 -5.424311161041259766e-01 0.000000000000000000e+00
-5.842977166175842285e-01 8.115394115447998047e-01 -0.000000000000000000e+00 -8.115394115447998047e-01 -5.842977166175842285e-01 0.000000000000000000e+00
-6.588518619537353516e-01 7.522727251052856445e-01 0.000000000000000000e+00 -7.522727251052856445e-01 -6.588518619537353516e-01 0.000000000000000000e+00
-7.023723721504211426e-01 7.118097543716430664e-01 -0.000000000000000000e+00 -7.118097543716430664e-01 -7.023723721504211426e-01 0.000000000000000000e+00
-7.752571702003479004e-01 6.316457390785217285e-01 0.000000000000000000e+00 -6.316457390785217285e-01 -7.752571702003479004e-01 0.000000000000000000e+00
-8.222185969352722168e-01 5.691719055175781250e-01 -0.000000000000000000e+00 -5.691719055175781250e-01 -8.222185969352722168e-01 0.000000000000000000e+00
-8.730564117431640625e-01 4.876192212104797363e-01 0.000000000000000000e+00 -4.876192212104797363e-01 -8.730564117431640625e-01 0.000000000000000000e+00
-8.866652846336364746e-01 4.624117910861968994e-01 -0.000000000000000000e+00 -4.624117910861968994e-01 -8.866652846336364746e-01 0.000000000000000000e+00
3.110545277595520020e-01 9.503920674324035645e-01 -0.000000000000000000e+00 -9.503920674324035645e-01 3.110545277595520020e-01 0.000000000000000000e+00
2.917472422122955322e-01 9.564954638481140137e-01 0.000000000000000000e+00 -9.564954638481140137e-01 2.917472422122955322e-01 -0.000000000000000000e+00
2.051203250885009766e-01 9.787368178367614746e-01 -0.000000000000000000e+00 -9.787368178367614746e-01 2.051203250885009766e-01 0.000000000000000000e+00
1.628414988517761230e-01 9.866522550582885742e-01 0.000000000000000000e+00 -9.866522550582885742e-01 1.628414988517761230e-01 -0.000000000000000000e+00
4.521933197975158691e-02 9.989770650863647461e-01 -0.000000000000000000e+00 -9.989770650863647461e-01 4.521933197975158691e-02 0.000000000000000000e+00
-3.409630153328180313e-03 9.999942183494567871e-01 -0.000000000000000000e+00 -9.999942183494567871e-01 -3.409630153328180313e-03 0.000000000000000000e+00
-1.062158569693565369e-01 9.943431019783020020e-01 -0.000000000000000000e+00 -9.943431019783020020e-01 -1.062158569693565369e-01 0.000000000000000000e+00
-1.592862010002136230e-01 9.872324466705322266e-01 -0.000000000000000000e+00 -9.872324466705322266e-01 -1.592862010002136230e-01 0.000000000000000000e+00
-2.484463453292846680e-01 9.686456322669982910e-01 -0.000000000000000000e+00 -9.686456322669982910e-01 -2.484463453292846680e-01 0.000000000000000000e+00
-2.819348871707916260e-01 9.594335556030273438e-01 0.000000000000000000e+00 -9.594335556030273438e-01 -2.819348871707916260e-01 0.000000000000000000e+00
-3.187213242053985596e-01 9.478484988212585449e-01 -0.000000000000000000e+00 -9.478484988212585449e-01 -3.187213242053985596e-01 0.000000000000000000e+00
-3.187260329723358154e-01 9.478468894958496094e-01 0.000000000000000000e+00 -9.478468894958496094e-01 -3.187260329723358154e-01 0.000000000000000000e+00
-2.677532434463500977e-01 9.634875059127807617e-01 -0.000000000000000000e+00 -9.634875059127807617e-01 -2.677532434463500977e-01 0.000000000000000000e+00
-1.692966073751449585e-01 9.855651259422302246e-01 0.000000000000000000e+00 -9.855651259422302246e-01 -1.692966073751449585e-01 0.000000000000000000e+00
-5.386534705758094788e-02 9.985482096672058105e-01 -0.000000000000000000e+00 -9.985482096672058105e-01 -5.386534705758094788e-02 0.000000000000000000e+00
2.469892427325248718e-02 9.996949434280395508e-01 0.000000000000000000e+00 -9.996949434280395508e-01 2.469892427325248718e-02 0.000000000000000000e+00
6.127355992794036865e-02 9.981210231781005859e-01 0.000000000000000000e+00 -9.981210231781005859e-01 6.127355992794036865e-02 -0.000000000000000000e+00
6.182931736111640930e-02 9.980867505073547363e-01 0.000000000000000000e+00 -9.980867505073547363e-01 6.182931736111640930e-02 -0.000000000000000000e+00
6.131989881396293640e-02 9.981181621551513672e-01 0.000000000000000000e+00 -9.981181621551513672e-01 6.131989881396293640e-02 -0.000000000000000000e+00
6.303764134645462036e-02 9.980111718177795410e-01 -0.000000000000000000e+00 -9.980111718177795410e-01 6.303764134645462036e-02 0.000000000000000000e+00
6.205739080905914307e-02 9.980726242065429688e-01 -0.000000000000000000e+00 -9.980726242065429688e-01 6.205739080905914307e-02 0.000000000000000000e+00
7.774645090103149414e-02 9.969731569290161133e-01 0.000000000000000000e+00 -9.969731569290161133e-01 7.774645090103149414e-02 -0.000000000000000000e+00
8.541124314069747925e-02 9.963458180427551270e-01 -0.000000000000000000e+00 -9.963458180427551270e-01 8.541124314069747925e-02 0.000000000000000000e+00
1.548387110233306885e-01 9.879397749900817871e-01 0.000000000000000000e+00 -9.879397749900817871e-01 1.548387110233306885e-01 -0.000000000000000000e+00
1.673975288867950439e-01 9.858894944190979004e-01 -0.000000000000000000e+00 -9.858894944190979004e-01 1.673975288867950439e-01 0.000000000000000000e+00
2.482612729072570801e-01 9.686931371688842773e-01 0.000000000000000000e+00 -9.686931371688842773e-01 2.482612729072570801e-01 -0.000000000000000000e+00
2.733916640281677246e-01 9.619028568267822266e-01 -0.000000000000000000e+00 -9.619028568267822266e-01 2.733916640281677246e-01 0.000000000000000000e+00
3.452100455760955811e-01 9.385254979133605957e-01 -0.000000000000000000e+00 -9.385254979133605957e-01 3.452100455760955811e-01 0.000000000000000000e+00
3.601948916912078857e-01 9.328770637512207031e-01 0.000000000000000000e+00 -9.328770637512207031e-01 3.601948916912078857e-01 -0.000000000000000000e+00
3.795645236968994141e-01 9.251652956008911133e-01 -0.000000000000000000e+00 -9.251652956008911133e-01 3.795645236968994141e-01 0.000000000000000000e+00
3.723015487194061279e-01 9.281118512153625488e-01 0.000000000000000000e+00 -9.281118512153625488e-01 3.723015487194061279e-01 -0.000000000000000000e+00
2.893137335777282715e-01 9.572343230247497559e-01 -0.000000000000000000e+00 -9.572343230247497559e-01 2.893137335777282715e-01 0.000000000000000000e+00
2.273366600275039673e-01 9.738162755966186523e-01 0.000000000000000000e+00 -9.738162755966186523e-01 2.273366600275039673e-01 -0.000000000000000000e+00
1.114892512559890747e-01 9.937656521797180176e-01 -0.000000000000000000e+00 -9.937656521797180176e-01 1.114892512559890747e-01 0.000000000000000000e+00
3.573295101523399353e-02 9.993613958358764648e-01 0.000000000000000000e+00 -9.993613958358764648e-01 3.573295101523399353e-02 0.000000000000000000e+00
-8.634076267480850220e-02 9.962656497955322266e-01 -0.000000000000000000e+00 -9.962656497955322266e-01 -8.634076267480850220e-02 0.000000000000000000e+00
-1.477984786033630371e-01 9.890174865722656250e-01 0.000000000000000000e+00 -9.890174865722656250e-01 -1.477984786033630371e-01 0.000000000000000000e+00
-2.579568922519683838e-01 9.661564230918884277e-01 -0.000000000000000000e+00 -9.661564230918884277e-01 -2.579568922519683838e-01 0.000000000000000000e+00
-3.004760742187500000e-01 9.537894129753112793e-01 0.000000000000000000e+00 -9.537894129753112793e-01 -3.004760742187500000e-01 0.000000000000000000e+00
-3.776610493659973145e-01 9.259439706802368164e-01 -0.000000000000000000e+00 -9.259439706802368164e-01 -3.776610493659973145e-01 0.000000000000000000e+00
-3.779682219028472900e-01 9.258186221122741699e-01 0.000000000000000000e+00 -9.258186221122741699e-01 -3.779682219028472900e-01 0.000000000000000000e+00
-3.932132124900817871e-01 9.194473028182983398e-01 -0.000000000000000000e+00 -9.194473028182983398e-01 -3.932132124900817871e-01 0.000000000000000000e+00
-3.643716871738433838e-01 9.312536120414733887e-01 0.000000000000000000e+00 -9.312536120414733887e-01 -3.643716871738433838e-01 0.000000000000000000e+00
-3.427091538906097412e-01 9.394416213035583496e-01 -0.000000000000000000e+00 -9.394416213035583496e-01 -3.427091538906097412e-01 0.000000000000000000e+00
-2.701352834701538086e-01 9.628223776817321777e-01 0.000000000000000000e+00 -9.628223776817321777e-01 -2.701352834701538086e-01 0.000000000000000000e+00
-2.421606779098510742e-01 9.702361822128295898e-01 -0.000000000000000000e+00 -9.702361822128295898e-01 -2.421606779098510742e-01 0.000000000000000000e+00
-1.850033700466156006e-01 9.827378988265991211e-01 0.000000000000000000e+00 -9.827378988265991211e-01 -1.850033700466156006e-01 0.000000000000000000e+00
-1.749082207679748535e-01 9.845847487449645996e-01 -0.000000000000000000e+00 -9.845847487449645996e-01 -1.749082207679748535e-01 0.000000000000000000e+00
-1.476409435272216797e-01 9.890410304069519043e-01 0.000000000000000000e+00 -9.890410304069519043e-01 -1.476409435272216797e-01 0.000000000000000000e+00
-1.478277742862701416e-01 9.890131354331970215e-01 -0.000000000000000000e+00 -9.890131354331970215e-01 -1.478277742862701416e-01 0.000000000000000000e+00
-1.393983066082000732e-01 9.902364015579223633e-01 0.000000000000000000e+00 -9.902364015579223633e-01 -1.393983066082000732e-01 0.000000000000000000e+00
-1.362814307212829590e-01 9.906702041625976562e-01 0.000000000000000000e+00 -9.906702041625976562e-01 -1.362814307212829590e-01 0.000000000000000000e+00
-1.352275907993316650e-01 9.908145666122436523e-01 0.000000000000000000e+00 -9.908145666122436523e-01 -1.352275907993316650e-01 0.000000000000000000e+00
-1.326851695775985718e-01 9.911582469940185547e-01 0.000000000000000000e+00 -9.911582469940185547e-01 -1.326851695775985718e-01 0.000000000000000000e+00
-1.312275081872940063e-01 9.913522601127624512e-01 0.000000000000000000e+00 -9.913522601127624512e-01 -1.312275081872940063e-01 0.000000000000000000e+00
-1.283513903617858887e-01 9.917287826538085938e-01 0.000000000000000000e+00 -9.917287826538085938e-01 -1.283513903617858887e-01 0.000000000000000000e+00
-1.272607743740081787e-01 9.918693304061889648e-01 0.000000000000000000e+00 -9.918693304061889648e-01 -1.272607743740081787e-01 0.000000000000000000e+00
-1.248528584837913513e-01 9.921752810478210449e-01 0.000000000000000000e+00 -9.921752810478210449e-01 -1.248528584837913513e-01 0.000000000000000000e+00
-1.241943836212158203e-01 9.922578930854797363e-01 0.000000000000000000e+00 -9.922578930854797363e-01 -1.241943836212158203e-01 0.000000000000000000e+00
-1.220245510339736938e-01 9.925270676612854004e-01 0.000000000000000000e+00 -9.925270676612854004e-01 -1.220245510339736938e-01 0.000000000000000000e+00
-1.215582266449928284e-01 9.925842881202697754e-01 0.000000000000000000e+00 -9.925842881202697754e-01 -1.215582266449928284e-01 0.000000000000000000e+00
-1.192614212632179260e-01 9.928628802299499512e-01 0.000000000000000000e+00 -9.928628802299499512e-01 -1.192614212632179260e-01 0.000000000000000000e+00
-1.184490919113159180e-01 9.929601550102233887e-01 0.000000000000000000e+00 -9.929601550102233887e-01 -1.184490919113159180e-01 0.000000000000000000e+00
-1.159858554601669312e-01 9.932509064674377441e-01 0.000000000000000000e+00 -9.932509064674377441e-01 -1.159858554601669312e-01 0.000000000000000000e+00
-1.138838082551956177e-01 9.934940934181213379e-01 0.000000000000000000e+00 -9.934940934181213379e-01 -1.138838082551956177e-01 0.000000000000000000e+00
-1.108987331390380859e-01 9.938317537307739258e-01 0.000000000000000000e+00 -9.938317537307739258e-01 -1.108987331390380859e-01 0.000000000000000000e+00
-1.108213812112808228e-01 9.938403367996215820e-01 0.000000000000000000e+00 -9.938403367996215820e-01 -1.108213812112808228e-01 0.000000000000000000e+00
-1.061591953039169312e-01 9.943491816520690918e-01 0.000000000000000000e+00 -9.943491816520690918e-01 -1.061591953039169312e-01 0.000000000000000000e+00
-1.063295602798461914e-01 9.943309426307678223e-01 0.000000000000000000e+00 -9.943309426307678223e-01 -1.063295602798461914e-01 0.000000000000000000e+00
-9.738122671842575073e-02 9.952471852302551270e-01 0.000000000000000000e+00 -9.952471852302551270e-01 -9.738122671842575073e-02 0.000000000000000000e+00
-9.425211697816848755e-02 9.955483675003051758e-01 0.000000000000000000e+00 -9.955483675003051758e-01 -9.425211697816848755e-02 0.000000000000000000e+00
-8.313320577144622803e-02 9.965384602546691895e-01 0.000000000000000000e+00 -9.965384602546691895e-01 -8.313320577144622803e-02 0.000000000000000000e+00
-7.913759350776672363e-02 9.968637228012084961e-01 0.000000000000000000e+00 -9.968637228012084961e-01 -7.913759350776672363e-02 0.000000000000000000e+00
9.392330050468444824e-02 9.955794215202331543e-01 0.000000000000000000e+00 -9.955794215202331543e-01 9.392330050468444824e-02 0.000000000000000000e+00
1.023081243038177490e-01 9.947527647018432617e-01 0.000000000000000000e+00 -9.947527647018432617e-01 1.023081243038177490e-01 -0.000000000000000000e+00
1.471672803163528442e-01 9.891116619110107422e-01 0.000000000000000000e+00 -9.891116619110107422e-01 1.471672803163528442e-01 0.000000000000000000e+00
1.451920419931411743e-01 9.894034862518310547e-01 0.000000000000000000e+00 -9.894034862518310547e-01 1.451920419931411743e-01 -0.000000000000000000e+00
1.443673223257064819e-01 9.895241856575012207e-01 0.000000000000000000e+00 -9.895241856575012207e-01 1.443673223257064819e-01 0.000000000000000000e+00
1.147166192531585693e-01 9.933982491493225098e-01 0.000000000000000000e+00 -9.933982491493225098e-01 1.147166192531585693e-01 -0.000000000000000000e+00
8.571735024452209473e-02 9.963195323944091797e-01 0.000000000000000000e+00 -9.963195323944091797e-01 8.571735024452209473e-02 0.000000000000000000e+00
4.564164206385612488e-02 9.989578723907470703e-01 0.000000000000000000e+00 -9.989578723907470703e-01 4.564164206385612488e-02 -0.000000000000000000e+00
-3.403457999229431152e-02 9.994206428527832031e-01 0.000000000000000000e+00 -9.994206428527832031e-01 -3.403457999229431152e-02 0.000000000000000000e+00
-7.900871336460113525e-02 9.968739151954650879e-01 0.000000000000000000e+00 -9.968739151954650879e-01 -7.900871336460113525e-02 0.000000000000000000e+00
-1.584528088569641113e-01 9.873665571212768555e-01 0.000000000000000000e+00 -9.873665571212768555e-01 -1.584528088569641113e-01 0.000000000000000000e+00
-2.050007581710815430e-01 9.787617921829223633e-01 0.000000000000000000e+00 -9.787617921829223633e-01 -2.050007581710815430e-01 0.000000000000000000e+00
-2.713283300399780273e-01 9.624868631362915039e-01 0.000000000000000000e+00 -9.624868631362915039e-01 -2.713283300399780273e-01 0.000000000000000000e+00
-3.257542848587036133e-01 9.454544782638549805e-01 0.000000000000000000e+00 -9.454544782638549805e-01 -3.257542848587036133e-01 0.000000000000000000e+00
-3.851102888584136963e-01 9.228705763816833496e-01 0.000000000000000000e+00 -9.228705763816833496e-01 -3.851102888584136963e-01 0.000000000000000000e+00
-4.358812868595123291e-01 9.000042080879211426e-01 0.000000000000000000e+00 -9.000042080879211426e-01 -4.358812868595123291e-01 0.000000000000000000e+00
-4.803131222724914551e-01 8.770971298217773438e-01 0.000000000000000000e+00 -8.770971298217773438e-01 -4.803131222724914551e-01 0.000000000000000000e+00
-5.294389128684997559e-01 8.483480811119079590e-01 0.000000000000000000e+00 -8.483480811119079590e-01 -5.294389128684997559e-01 0.000000000000000000e+00
-5.729710459709167480e-01 8.195756077766418457e-01 0.000000000000000000e+00 -8.195756077766418457e-01 -5.729710459709167480e-01 0.000000000000000000e+00
-6.273248195648193359e-01 7.787577509880065918e-01 0.000000000000000000e+00 -7.787577509880065918e-01 -6.273248195648193359e-01 0.000000000000000000e+00
-6.658214330673217773e-01 7.461111545562744141e-01 0.000000000000000000e+00 -7.461111545562744141e-01 -6.658214330673217773e-01 0.000000000000000000e+00
-7.221772074699401855e-01 6.917080879211425781e-01 0.000000000000000000e+00 -6.917080879211425781e-01 -7.221772074699401855e-01 0.000000000000000000e+00
-7.443664669990539551e-01 6.677713394165039062e-01 0.000000000000000000e+00 -6.677713394165039062e-01 -7.443664669990539551e-01 0.000000000000000000e+00
-7.971435785293579102e-01 6.037898063659667969e-01 0.000000000000000000e+00 -6.037898063659667969e-01 -7.971435785293579102e-01 0.000000000000000000e+00
-8.152177333831787109e-01 5.791546106338500977e-01 0.000000000000000000e+00 -5.791546106338500977e-01 -8.152177333831787109e-01 0.000000000000000000e+00
-8.564066290855407715e-01 5.163019895553588867e-01 0.000000000000000000e+00 -5.163019895553588867e-01 -8.564066290855407715e-01 0.000000000000000000e+00
-8.759665489196777344e-01 4.823718965053558350e-01 0.000000000000000000e+00 -4.823718965053558350e-01 -8.759665489196777344e-01 0.000000000000000000e+00
-9.104439020156860352e-01 4.136325418949127197e-01 0.000000000000000000e+00 -4.136325418949127197e-01 -9.104439020156860352e-01 0.000000000000000000e+00
-9.298799633979797363e-01 3.678630888462066650e-01 0.000000000000000000e+00 -3.678630888462066650e-01 -9.298799633979797363e-01 0.000000000000000000e+00
-9.639217257499694824e-01 2.661858499050140381e-01 0.000000000000000000e+00 -2.661858499050140381e-01 -9.639217257499694824e-01 0.000000000000000000e+00
-9.699879288673400879e-01 2.431531101465225220e-01 0.000000000000000000e+00 -2.431531101465225220e-01 -9.699879288673400879e-01 0.000000000000000000e+00
9.915475249290466309e-01 -1.297438740730285645e-01 -0.000000000000000000e+00 1.297438740730285645e-01 9.915475249290466309e-01 0.000000000000000000e+00
9.978255629539489746e-01 -6.591061502695083618e-02 0.000000000000000000e+00 6.591061502695083618e-02 9.978255629539489746e-01 -0.000000000000000000e+00
9.990649819374084473e-01 4.323393851518630981e-02 0.000000000000000000e+00 -4.323393851518630981e-02 9.990649819374084473e-01 0.000000000000000000e+00
9.942891001701354980e-01 1.067203879356384277e-01 -0.000000000000000000e+00 -1.067203879356384277e-01 9.942891001701354980e-01 0.000000000000000000e+00
9.816154837608337402e-01 1.908690780401229858e-01 0.000000000000000000e+00 -1.908690780401229858e-01 9.816154837608337402e-01 0.000000000000000000e+00
9.653414487838745117e-01 2.609903514385223389e-01 -0.000000000000000000e+00 -2.609903514385223389e-01 9.653414487838745117e-01 0.000000000000000000e+00
9.398527741432189941e-01 3.415797650814056396e-01 0.000000000000000000e+00 -3.415797650814056396e-01 9.398527741432189941e-01 0.000000000000000000e+00
9.141234755516052246e-01 4.054360389709472656e-01 -0.000000000000000000e+00 -4.054360389709472656e-01 9.141234755516052246e-01 0.000000000000000000e+00
8.797644376754760742e-01 4.754098653793334961e-01 0.000000000000000000e+00 -4.754098653793334961e-01 8.797644376754760742e-01 0.000000000000000000e+00
8.425755500793457031e-01 5.385782122611999512e-01 -0.000000000000000000e+00 -5.385782122611999512e-01 8.425755500793457031e-01 0.000000000000000000e+00
7.976061105728149414e-01 6.031786799430847168e-01 -0.000000000000000000e+00 -6.031786799430847168e-01 7.976061105728149414e-01 0.000000000000000000e+00
7.483156323432922363e-01 6.633428335189819336e-01 -0.000000000000000000e+00 -6.633428335189819336e-01 7.483156323432922363e-01 0.000000000000000000e+00
6.919813156127929688e-01 7.219154238700866699e-01 -0.000000000000000000e+00 -7.219154238700866699e-01 6.919813156127929688e-01 0.000000000000000000e+00
6.316604018211364746e-01 7.752452492713928223e-01 -0.000000000000000000e+00 -7.752452492713928223e-01 6.316604018211364746e-01 0.000000000000000000e+00
5.625178813934326172e-01 8.267851471900939941e-01 -0.000000000000000000e+00 -8.267851471900939941e-01 5.625178813934326172e-01 0.000000000000000000e+00
4.800968766212463379e-01 8.772155046463012695e-01 -0.000000000000000000e+00 -8.772155046463012695e-01 4.800968766212463379e-01 0.000000000000000000e+00
4.208218753337860107e-01 9.071432948112487793e-01 -0.000000000000000000e+00 -9.071432948112487793e-01 4.208218753337860107e-01 0.000000000000000000e+00
3.720389008522033691e-01 9.282171726226806641e-01 -0.000000000000000000e+00 -9.282171726226806641e-01 3.720389008522033691e-01 0.000000000000000000e+00
3.268019855022430420e-01 9.450928568840026855e-01 -0.000000000000000000e+00 -9.450928568840026855e-01 3.268019855022430420e-01 0.000000000000000000e+00
2.882794141769409180e-01 9.575463533401489258e-01 -0.000000000000000000e+00 -9.575463533401489258e-01 2.882794141769409180e-01 0.000000000000000000e+00
2.406452745199203491e-01 9.706131219863891602e-01 -0.000000000000000000e+00 -9.706131219863891602e-01 2.406452745199203491e-01 0.000000000000000000e+00
1.981526762247085571e-01 9.801711440086364746e-01 -0.000000000000000000e+00 -9.801711440086364746e-01 1.981526762247085571e-01 0.000000000000000000e+00
1.490725725889205933e-01 9.888262748718261719e-01 -0.000000000000000000e+00 -9.888262748718261719e-01 1.490725725889205933e-01 0.000000000000000000e+00
1.036615297198295593e-01 9.946126341819763184e-01 -0.000000000000000000e+00 -9.946126341819763184e-01 1.036615297198295593e-01 0.000000000000000000e+00
5.246780067682266235e-02 9.986226558685302734e-01 -0.000000000000000000e+00 -9.986226558685302734e-01 5.246780067682266235e-02 0.000000000000000000e+00
4.379197955131530762e-03 9.999904036521911621e-01 -0.000000000000000000e+00 -9.999904036521911621e-01 4.379197955131530762e-03 0.000000000000000000e+00
-4.000229388475418091e-02 9.991995692253112793e-01 0.000000000000000000e+00 -9.991995692253112793e-01 -4.000229388475418091e-02 0.000000000000000000e+00
-8.742213994264602661e-02 9.961713552474975586e-01 0.000000000000000000e+00 -9.961713552474975586e-01 -8.742213994264602661e-02 0.000000000000000000e+00
-1.277776658535003662e-01 9.918028712272644043e-01 0.000000000000000000e+00 -9.918028712272644043e-01 -1.277776658535003662e-01 0.000000000000000000e+00
-1.740871667861938477e-01 9.847302436828613281e-01 0.000000000000000000e+00 -9.847302436828613281e-01 -1.740871667861938477e-01 0.000000000000000000e+00
-2.140722721815109253e-01 9.768178462982177734e-01 0.000000000000000000e+00 -9.768178462982177734e-01 -2.140722721815109253e-01 0.000000000000000000e+00
-2.471990436315536499e-01 9.689646959304809570e-01 -0.000000000000000000e+00 -9.689646959304809570e-01 -2.471990436315536499e-01 0.000000000000000000e+00
-2.811691164970397949e-01 9.596582651138305664e-01 0.000000000000000000e+00 -9.596582651138305664e-01 -2.811691164970397949e-01 0.000000000000000000e+00
-3.153044283390045166e-01 9.489905834197998047e-01 -0.000000000000000000e+00 -9.489905834197998047e-01 -3.153044283390045166e-01 0.000000000000000000e+00
-3.291040956974029541e-01 9.442936778068542480e-01 0.000000000000000000e+00 -9.442936778068542480e-01 -3.291040956974029541e-01 0.000000000000000000e+00
-3.617949783802032471e-01 9.322577118873596191e-01 -0.000000000000000000e+00 -9.322577118873596191e-01 -3.617949783802032471e-01 0.000000000000000000e+00
-3.813685178756713867e-01 9.244230985641479492e-01 0.000000000000000000e+00 -9.244230985641479492e-01 -3.813685178756713867e-01 0.000000000000000000e+00
-4.219283163547515869e-01 9.066292047500610352e-01 -0.000000000000000000e+00 -9.066292047500610352e-01 -4.219283163547515869e-01 0.000000000000000000e+00
-4.428901374340057373e-01 8.965759277343750000e-01 0.000000000000000000e+00 -8.965759277343750000e-01 -4.428901374340057373e-01 0.000000000000000000e+00
-4.886648654937744141e-01 8.724716305732727051e-01 -0.000000000000000000e+00 -8.724716305732727051e-01 -4.886648654937744141e-01 0.000000000000000000e+00
-4.896349310874938965e-01 8.719275593757629395e-01 0.000000000000000000e+00 -8.719275593757629395e-01 -4.896349310874938965e-01 0.000000000000000000e+00
-4.787010550498962402e-01 8.779779672622680664e-01 0.000000000000000000e+00 -8.779779672622680664e-01 -4.787010550498962402e-01 0.000000000000000000e+00
-4.558101892471313477e-01 8.900769948959350586e-01 0.000000000000000000e+00 -8.900769948959350586e-01 -4.558101892471313477e-01 0.000000000000000000e+00
-4.264277517795562744e-01 9.045216441154479980e-01 0.000000000000000000e+00 -9.045216441154479980e-01 -4.264277517795562744e-01 0.000000000000000000e+00
-4.268740415573120117e-01 9.043111205101013184e-01 -0.000000000000000000e+00 -9.043111205101013184e-01 -4.268740415573120117e-01 0.000000000000000000e+00
-4.270358681678771973e-01 9.042347073554992676e-01 0.000000000000000000e+00 -9.042347073554992676e-01 -4.270358681678771973e-01 0.000000000000000000e+00
-4.284865558147430420e-01 9.035481810569763184e-01 -0.000000000000000000e+00 -9.035481810569763184e-01 -4.284865558147430420e-01 0.000000000000000000e+00
-4.289123415946960449e-01 9.033461213111877441e-01 0.000000000000000000e+00 -9.033461213111877441e-01 -4.289123415946960449e-01 0.000000000000000000e+00
-4.321039021015167236e-01 9.018238782882690430e-01 -0.000000000000000000e+00 -9.018238782882690430e-01 -4.321039021015167236e-01 0.000000000000000000e+00
-4.358366727828979492e-01 9.000257849693298340e-01 0.000000000000000000e+00 -9.000257849693298340e-01 -4.358366727828979492e-01 0.000000000000000000e+00
-4.500552415847778320e-01 8.930007219314575195e-01 -0.000000000000000000e+00 -8.930007219314575195e-01 -4.500552415847778320e-01 0.000000000000000000e+00
-4.639175534248352051e-01 8.858783841133117676e-01 0.000000000000000000e+00 -8.858783841133117676e-01 -4.639175534248352051e-01 0.000000000000000000e+00
-4.822635054588317871e-01 8.760262131690979004e-01 -0.000000000000000000e+00 -8.760262131690979004e-01 -4.822635054588317871e-01 0.000000000000000000e+00
-4.850983917713165283e-01 8.744595646858215332e-01 0.000000000000000000e+00 -8.744595646858215332e-01 -4.850983917713165283e-01 0.000000000000000000e+00
-4.867029786109924316e-01 8.735675215721130371e-01 -0.000000000000000000e+00 -8.735675215721130371e-01 -4.867029786109924316e-01 0.000000000000000000e+00
-4.868836402893066406e-01 8.734668493270874023e-01 0.000000000000000000e+00 -8.734668493270874023e-01 -4.868836402893066406e-01 0.000000000000000000e+00
-4.864119887351989746e-01 8.737295866012573242e-01 0.000000000000000000e+00 -8.737295866012573242e-01 -4.864119887351989746e-01 0.000000000000000000e+00
-4.863601922988891602e-01 8.737584352493286133e-01 0.000000000000000000e+00 -8.737584352493286133e-01 -4.863601922988891602e-01 0.000000000000000000e+00
-6.167083978652954102e-01 -7.871915102005004883e-01 -5.128713091835379601e-04 3.162920766044408083e-04 4.037280159536749125e-04 -9.999998807907104492e-01
-6.167083978652954102e-01 -7.871915102005004883e-01 -5.167889758013188839e-04 3.187081310898065567e-04 4.068119451403617859e-04 -9.999998807907104492e-01
-7.356671690940856934e-01 -6.773428320884704590e-01 -6.991446134634315968e-04 5.143378512002527714e-04 4.735607071779668331e-04 -9.999997615814208984e-01
-7.356671094894409180e-01 -6.773428320884704590e-01 -7.734784157946705818e-04 5.690228426828980446e-04 5.239102174527943134e-04 -9.999997019767761230e-01
-8.353390097618103027e-01 -5.497343540191650391e-01 -9.029290522448718548e-04 7.542521925643086433e-04 4.963713581673800945e-04 -9.999995827674865723e-01
-8.353390097618103027e-01 -5.497343540191650391e-01 -9.216807084158062935e-04 7.699161651544272900e-04 5.066797602921724319e-04 -9.999995827674865723e-01
-9.131094813346862793e-01 -4.077132940292358398e-01 -9.993148269131779671e-04 9.124842472374439240e-04 4.074341559316962957e-04 -9.999995231628417969e-01
-9.131095409393310547e-01 -4.077133238315582275e-01 -9.487740462645888329e-04 8.663349435664713383e-04 3.868279745802283287e-04 -9.999995231628417969e-01
-9.669395089149475098e-01 -2.550041675567626953e-01 -9.797996608540415764e-04 9.474072721786797047e-04 2.498530666343867779e-04 -9.999995231628417969e-01
-9.669395089149475098e-01 -2.550041675567626953e-01 -9.795773075893521309e-04 9.471923112869262695e-04 2.497963432688266039e-04 -9.999995231628417969e-01
-9.954187273979187012e-01 -9.560567885637283325e-02 -1.080492045730352402e-03 1.075542764738202095e-03 1.033012449624948204e-04 -9.999994635581970215e-01
-9.954187870025634766e-01 -9.560568630695343018e-02 -1.061456627212464809e-03 1.056594424881041050e-03 1.014813460642471910e-04 -9.999994635581970215e-01
-9.977995157241821289e-01 6.629503518342971802e-02 -1.089799101464450359e-03 1.087401644326746464e-03 -7.224830915220081806e-05 -9.999994039535522461e-01
-9.977995157241821289e-01 6.629503518342971802e-02 -1.091683399863541126e-03 1.089281868189573288e-03 -7.237323006847873330e-05 -9.999994039535522461e-01
-9.934105873107910156e-01 -1.145831197500228882e-01 -2.475522691383957863e-03 2.459218027070164680e-03 2.836539933923631907e-04 -9.999969601631164551e-01
-9.934105873107910156e-01 -1.145831197500228882e-01 -2.474583452567458153e-03 2.458284841850399971e-03 2.835463674273341894e-04 -9.999969601631164551e-01
-9.477262496948242188e-01 -3.190737366676330566e-01 -2.624432556331157684e-03 2.487252233549952507e-03 8.373903692699968815e-04 -9.999965429306030273e-01
-9.477260708808898926e-01 -3.190736770629882812e-01 -2.693353453651070595e-03 2.552570775151252747e-03 8.593813981860876083e-04 -9.999964237213134766e-01
-8.604331016540527344e-01 -5.095528364181518555e-01 -3.285914659500122070e-03 2.827325137332081795e-03 1.674356288276612759e-03 -9.999946355819702148e-01
-8.604330420494079590e-01 -5.095527768135070801e-01 -3.319266019389033318e-03 2.856021746993064880e-03 1.691350480541586876e-03 -9.999945163726806641e-01
-7.353674769401550293e-01 -6.776636242866516113e-01 -2.582333050668239594e-03 1.898970105685293674e-03 1.749959075823426247e-03 -9.999966621398925781e-01
-7.353674769401550293e-01 -6.776636242866516113e-01 -2.582230605185031891e-03 1.898894784972071648e-03 1.749889692291617393e-03 -9.999967217445373535e-01
-5.780150294303894043e-01 -8.160250186920166016e-01 -1.350297825410962105e-03 7.804931374266743660e-04 1.101877773180603981e-03 -9.999991059303283691e-01
-5.780150890350341797e-01 -8.160250782966613770e-01 -1.292661880142986774e-03 7.471786811947822571e-04 1.054845401085913181e-03 -9.999991655349731445e-01
-3.952850997447967529e-01 -9.185578227043151855e-01 -1.155027770437300205e-03 4.565655835904181004e-04 1.060960465110838413e-03 -9.999993443489074707e-01
-3.952850997447967529e-01 -9.185578227043151855e-01 -1.152406213805079460e-03 4.555293126031756401e-04 1.058552414178848267e-03 -9.999993443489074707e-01
-1.952013075351715088e-01 -9.807628393173217773e-01 -8.483300334773957729e-04 1.655951928114518523e-04 8.320108754560351372e-04 -9.999996423721313477e-01
-1.952013075351715088e-01 -9.807628393173217773e-01 -8.294525323435664177e-04 1.619102986296638846e-04 8.134965901263058186e-04 -9.999997019767761230e-01
1.345326844602823257e-02 -9.999092221260070801e-01 -7.625299040228128433e-04 -1.025852270686300471e-05 7.624609279446303844e-04 -9.999997019767761230e-01
1.345326937735080719e-02 -9.999092817306518555e-01 -7.027843385003507137e-04 -9.454748578718863428e-06 7.027207757346332073e-04 -9.999997615814208984e-01
2.215171009302139282e-01 -9.751562476158142090e-01 -6.829998455941677094e-04 -1.512962044216692448e-04 6.660317885689437389e-04 -9.999998211860656738e-01
2.215171158313751221e-01 -9.751563072204589844e-01 -6.086045759730041027e-04 -1.348163641523569822e-04 5.934847285971045494e-04 -9.999998211860656738e-01
4.198549389839172363e-01 -9.075912237167358398e-01 -3.294652851764112711e-04 -1.383276103297248483e-04 2.990197681356221437e-04 -9.999999403953552246e-01
4.198549389839172363e-01 -9.075912237167358398e-01 -2.750886196736246347e-04 -1.154973142547532916e-04 2.496680244803428650e-04 -1.000000000000000000e+00
5.997617840766906738e-01 -8.001785874366760254e-01 -1.894347369670867920e-04 -1.136157152359373868e-04 1.515816256869584322e-04 -1.000000000000000000e+00
5.997617840766906738e-01 -8.001785874366760254e-01 -1.808152155717834830e-04 -1.084460527636110783e-04 1.446844689780846238e-04 -1.000000000000000000e+00
7.533344030380249023e-01 -6.576376557350158691e-01 -1.666892785578966141e-04 -1.255727693205699325e-04 1.096211490221321583e-04 -1.000000000000000000e+00
7.533344030380249023e-01 -6.576376557350158691e-01 -1.509395078755915165e-04 -1.137079234467819333e-04 9.926350321620702744e-05 -1.000000000000000000e+00
8.738357424736022949e-01 -4.862212836742401123e-01 -1.114304723159875721e-05 -9.737193067849148065e-06 5.417986812972230837e-06 -1.000000000000000000e+00
8.738357424736022949e-01 -4.862212836742401123e-01 5.089492333354428411e-06 4.447380433703074232e-06 -2.474619577697012573e-06 -1.000000000000000000e+00
9.559706449508666992e-01 -2.934624850749969482e-01 -5.632380998576991260e-05 -5.384390897233970463e-05 1.652892569836694747e-05 -1.000000000000000000e+00
9.559706449508666992e-01 -2.934624850749969482e-01 -5.565086757997050881e-05 -5.320059426594525576e-05 1.633144165680278093e-05 -1.000000000000000000e+00
9.961367845535278320e-01 -8.781579881906509399e-02 -7.514571188949048519e-05 -7.485540845664218068e-05 6.598980689886957407e-06 -1.000000000000000000e+00
9.961367845535278320e-01 -8.781579881906509399e-02 -6.736006616847589612e-05 -6.709984154440462589e-05 5.915278052270878106e-06 -1.000000000000000000e+00
-9.663470387458801270e-01 2.572414875030517578e-01 -4.242740396875888109e-04 4.099960497114807367e-04 -1.091409067157655954e-04 -9.999999403953552246e-01
-9.663470387458801270e-01 2.572414875030517578e-01 -4.301169537939131260e-04 4.156423383392393589e-04 -1.106439449358731508e-04 -9.999999403953552246e-01
-9.253848791122436523e-01 3.790285587310791016e-01 -4.949242575094103813e-04 4.579953965730965137e-04 -1.875904272310435772e-04 -9.999998807907104492e-01
-9.253848791122436523e-01 3.790285587310791016e-01 -5.129357450641691685e-04 4.746629565488547087e-04 -1.944172836374491453e-04 -9.999998807907104492e-01
-8.691434264183044434e-01 4.945598244667053223e-01 -5.748463445343077183e-04 4.996240022592246532e-04 -2.842959365807473660e-04 -9.999998807907104492e-01
-8.691434264183044434e-01 4.945598244667053223e-01 -5.558577249757945538e-04 4.831201222259551287e-04 -2.749049453996121883e-04 -9.999998807907104492e-01
-7.985530495643615723e-01 6.019242405891418457e-01 -5.368953570723533630e-04 4.287394986022263765e-04 -3.231703594792634249e-04 -9.999998807907104492e-01
-7.985530495643615723e-01 6.019241809844970703e-01 -5.524490843527019024e-04 4.411599948070943356e-04 -3.325325669720768929e-04 -9.999998807907104492e-01
-7.147774696350097656e-01 6.993518471717834473e-01 -5.128888296894729137e-04 3.666014235932379961e-04 -3.586897801142185926e-04 -9.999998807907104492e-01
-7.147774696350097656e-01 6.993518471717834473e-01 -5.416205385699868202e-04 3.871381923090666533e-04 -3.787833556998521090e-04 -9.999998807907104492e-01
-6.192021965980529785e-01 7.852313518524169922e-01 -5.652671097777783871e-04 3.500147431623190641e-04 -4.438655450940132141e-04 -9.999998807907104492e-01
-6.192021965980529785e-01 7.852313518524169922e-01 -5.947566241957247257e-04 3.682746901176869869e-04 -4.670216294471174479e-04 -9.999998211860656738e-01
-5.134024620056152344e-01 8.581468462944030762e-01 -1.412872807122766972e-03 7.253729854710400105e-04 -1.212453469634056091e-03 -9.999989867210388184e-01
-5.134024620056152344e-01 8.581468462944030762e-01 -1.410017139278352261e-03 7.239069091156125069e-04 -1.210002810694277287e-03 -9.999989867210388184e-01
9.934132695198059082e-01 -1.145864278078079224e-01 -0.000000000000000000e+00 -1.145864278078079224e-01 -9.934132695198059082e-01 0.000000000000000000e+00
9.992585778236389160e-01 -3.850135952234268188e-02 0.000000000000000000e+00 -3.850135952234268188e-02 -9.992585778236389160e-01 0.000000000000000000e+00
-9.888435602188110352e-01 -1.489579528570175171e-01 0.000000000000000000e+00 -1.489579528570175171e-01 9.888435602188110352e-01 0.000000000000000000e+00
-9.711890816688537598e-01 -2.383102178573608398e-01 0.000000000000000000e+00 -2.383102178573608398e-01 9.711890816688537598e-01 0.000000000000000000e+00
-9.394409060478210449e-01 -3.427110016345977783e-01 0.000000000000000000e+00 -3.427110016345977783e-01 9.394409060478210449e-01 0.000000000000000000e+00
-9.119740724563598633e-01 -4.102479219436645508e-01 0.000000000000000000e+00 -4.102479219436645508e-01 9.119740724563598633e-01 0.000000000000000000e+00
-8.646764755249023438e-01 -5.023291707038879395e-01 0.000000000000000000e+00 -5.023291707038879395e-01 8.646764755249023438e-01 0.000000000000000000e+00
-8.209767937660217285e-01 -5.709615945816040039e-01 0.000000000000000000e+00 -5.709615945816040039e-01 8.209767937660217285e-01 0.000000000000000000e+00
-7.667086720466613770e-01 -6.419952511787414551e-01 0.000000000000000000e+00 -6.419952511787414551e-01 7.667086720466613770e-01 0.000000000000000000e+00
-7.102770209312438965e-01 -7.039223313331604004e-01 0.000000000000000000e+00 -7.039223313331604004e-01 7.102770209312438965e-01 0.000000000000000000e+00
-6.383913159370422363e-01 -7.697119712829589844e-01 0.000000000000000000e+00 -7.697119712829589844e-01 6.383913159370422363e-01 0.000000000000000000e+00
-5.677183866500854492e-01 -8.232228755950927734e-01 0.000000000000000000e+00 -8.232228755950927734e-01 5.677183866500854492e-01 0.000000000000000000e+00
-4.939620494842529297e-01 -8.694834709167480469e-01 0.000000000000000000e+00 -8.694834709167480469e-01 4.939620494842529297e-01 0.000000000000000000e+00
-4.110423624515533447e-01 -9.116162657737731934e-01 0.000000000000000000e+00 -9.116162657737731934e-01 4.110423624515533447e-01 0.000000000000000000e+00
-3.407843410968780518e-01 -9.401414990425109863e-01 0.000000000000000000e+00 -9.401414990425109863e-01 3.407843410968780518e-01 0.000000000000000000e+00
-2.421901077032089233e-01 -9.702288508415222168e-01 0.000000000000000000e+00 -9.702288508415222168e-01 2.421901077032089233e-01 0.000000000000000000e+00
-1.789703518152236938e-01 -9.838544726371765137e-01 0.000000000000000000e+00 -9.838544726371765137e-01 1.789703518152236938e-01 0.000000000000000000e+00
-5.640583485364913940e-02 -9.984079003334045410e-01 0.000000000000000000e+00 -9.984079003334045410e-01 5.640583485364913940e-02 0.000000000000000000e+00
1.828624866902828217e-02 -9.998328089714050293e-01 0.000000000000000000e+00 -9.998328089714050293e-01 -1.828624866902828217e-02 0.000000000000000000e+00
1.287796646356582642e-01 -9.916732311248779297e-01 0.000000000000000000e+00 -9.916732311248779297e-01 -1.287796646356582642e-01 0.000000000000000000e+00
2.167773544788360596e-01 -9.762210845947265625e-01 0.000000000000000000e+00 -9.762210845947265625e-01 -2.167773544788360596e-01 -0.000000000000000000e+00
3.061048090457916260e-01 -9.519978761672973633e-01 0.000000000000000000e+00 -9.519978761672973633e-01 -3.061048090457916260e-01 0.000000000000000000e+00
3.949305713176727295e-01 -9.187110066413879395e-01 0.000000000000000000e+00 -9.187110066413879395e-01 -3.949305713176727295e-01 -0.000000000000000000e+00
4.608292281627655029e-01 -8.874888420104980469e-01 0.000000000000000000e+00 -8.874888420104980469e-01 -4.608292281627655029e-01 0.000000000000000000e+00
5.455412268638610840e-01 -8.380839824676513672e-01 0.000000000000000000e+00 -8.380839824676513672e-01 -5.455412268638610840e-01 0.000000000000000000e+00
5.894480347633361816e-01 -8.078063130378723145e-01 0.000000000000000000e+00 -8.078063130378723145e-01 -5.894480347633361816e-01 -0.000000000000000000e+00
6.663730144500732422e-01 -7.456185817718505859e-01 0.000000000000000000e+00 -7.456185817718505859e-01 -6.663730144500732422e-01 -0.000000000000000000e+00
7.148637175559997559e-01 -6.992638111114501953e-01 0.000000000000000000e+00 -6.992638111114501953e-01 -7.148637175559997559e-01 -0.000000000000000000e+00
7.795325517654418945e-01 -6.263617277145385742e-01 0.000000000000000000e+00 -6.263617277145385742e-01 -7.795325517654418945e-01 -0.000000000000000000e+00
8.177816867828369141e-01 -5.755286216735839844e-01 0.000000000000000000e+00 -5.755286216735839844e-01 -8.177816867828369141e-01 -0.000000000000000000e+00
8.715543150901794434e-01 -4.902989864349365234e-01 0.000000000000000000e+00 -4.902989864349365234e-01 -8.715543150901794434e-01 -0.000000000000000000e+00
8.835026025772094727e-01 -4.684263169765472412e-01 0.000000000000000000e+00 -4.684263169765472412e-01 -8.835026025772094727e-01 -0.000000000000000000e+00
-3.128423988819122314e-01 -9.498050808906555176e-01 -0.000000000000000000e+00 -9.498050808906555176e-01 3.128423988819122314e-01 0.000000000000000000e+00
-2.800610065460205078e-01 -9.599822163581848145e-01 -0.000000000000000000e+00 -9.599822163581848145e-01 2.800610065460205078e-01 0.000000000000000000e+00
-1.875383704900741577e-01 -9.822573065757751465e-01 -0.000000000000000000e+00 -9.822573065757751465e-01 1.875383704900741577e-01 0.000000000000000000e+00
-1.606730967760086060e-01 -9.870076775550842285e-01 -0.000000000000000000e+00 -9.870076775550842285e-01 1.606730967760086060e-01 0.000000000000000000e+00
-6.131260469555854797e-02 -9.981186389923095703e-01 -0.000000000000000000e+00 -9.981186389923095703e-01 6.131260469555854797e-02 0.000000000000000000e+00
-2.231217920780181885e-02 -9.997510910034179688e-01 -0.000000000000000000e+00 -9.997510910034179688e-01 2.231217920780181885e-02 0.000000000000000000e+00
8.582783490419387817e-02 -9.963099956512451172e-01 0.000000000000000000e+00 -9.963099956512451172e-01 -8.582783490419387817e-02 -0.000000000000000000e+00
1.375963091850280762e-01 -9.904884099960327148e-01 0.000000000000000000e+00 -9.904884099960327148e-01 -1.375963091850280762e-01 -0.000000000000000000e+00
2.236788272857666016e-01 -9.746629595756530762e-01 0.000000000000000000e+00 -9.746629595756530762e-01 -2.236788272857666016e-01 -0.000000000000000000e+00
2.530415952205657959e-01 -9.674553871154785156e-01 0.000000000000000000e+00 -9.674553871154785156e-01 -2.530415952205657959e-01 -0.000000000000000000e+00
2.684993743896484375e-01 -9.632799029350280762e-01 0.000000000000000000e+00 -9.632799029350280762e-01 -2.684993743896484375e-01 -0.000000000000000000e+00
2.584521770477294922e-01 -9.660241007804870605e-01 0.000000000000000000e+00 -9.660241007804870605e-01 -2.584521770477294922e-01 -0.000000000000000000e+00
2.121960669755935669e-01 -9.772271513938903809e-01 0.000000000000000000e+00 -9.772271513938903809e-01 -2.121960669755935669e-01 -0.000000000000000000e+00
1.496878117322921753e-01 -9.887332916259765625e-01 0.000000000000000000e+00 -9.887332916259765625e-01 -1.496878117322921753e-01 -0.000000000000000000e+00
9.156482666730880737e-02 -9.957991242408752441e-01 0.000000000000000000e+00 -9.957991242408752441e-01 -9.156482666730880737e-02 -0.000000000000000000e+00
3.964067995548248291e-02 -9.992140531539916992e-01 0.000000000000000000e+00 -9.992140531539916992e-01 -3.964067995548248291e-02 -0.000000000000000000e+00
-3.073814325034618378e-03 -9.999952912330627441e-01 -0.000000000000000000e+00 -9.999952912330627441e-01 3.073814325034618378e-03 0.000000000000000000e+00
9.529156088829040527e-01 -3.032356500625610352e-01 0.000000000000000000e+00 -3.032356500625610352e-01 -9.529156088829040527e-01 -0.000000000000000000e+00
9.339137673377990723e-01 -3.574984371662139893e-01 0.000000000000000000e+00 -3.574984371662139893e-01 -9.339137673377990723e-01 -0.000000000000000000e+00
8.686591982841491699e-01 -4.954101443290710449e-01 0.000000000000000000e+00 -4.954101443290710449e-01 -8.686591982841491699e-01 -0.000000000000000000e+00
8.397088050842285156e-01 -5.430369973182678223e-01 0.000000000000000000e+00 -5.430369973182678223e-01 -8.397088050842285156e-01 -0.000000000000000000e+00
7.418661117553710938e-01 -6.705480217933654785e-01 0.000000000000000000e+00 -6.705480217933654785e-01 -7.418661117553710938e-01 0.000000000000000000e+00
7.042603492736816406e-01 -7.099418044090270996e-01 0.000000000000000000e+00 -7.099418044090270996e-01 -7.042603492736816406e-01 -0.000000000000000000e+00
5.827665925025939941e-01 -8.126396536827087402e-01 0.000000000000000000e+00 -8.126396536827087402e-01 -5.827665925025939941e-01 0.000000000000000000e+00
5.485118627548217773e-01 -8.361427783966064453e-01 0.000000000000000000e+00 -8.361427783966064453e-01 -5.485118627548217773e-01 -0.000000000000000000e+00
4.191854596138000488e-01 -9.079006314277648926e-01 0.000000000000000000e+00 -9.079006314277648926e-01 -4.191854596138000488e-01 -0.000000000000000000e+00
3.078005909919738770e-01 -9.514509439468383789e-01 0.000000000000000000e+00 -9.514509439468383789e-01 -3.078005909919738770e-01 0.000000000000000000e+00
2.051807492971420288e-01 -9.787241220474243164e-01 0.000000000000000000e+00 -9.787241220474243164e-01 -2.051807492971420288e-01 -0.000000000000000000e+00
8.353708684444427490e-02 -9.965046644210815430e-01 0.000000000000000000e+00 -9.965046644210815430e-01 -8.353708684444427490e-02 0.000000000000000000e+00
-1.894092746078968048e-02 -9.998205900192260742e-01 -0.000000000000000000e+00 -9.998205900192260742e-01 1.894092746078968048e-02 0.000000000000000000e+00
-1.831274032592773438e-01 -9.830892086029052734e-01 0.000000000000000000e+00 -9.830892086029052734e-01 1.831274032592773438e-01 0.000000000000000000e+00
-2.252195179462432861e-01 -9.743080735206604004e-01 0.000000000000000000e+00 -9.743080735206604004e-01 2.252195179462432861e-01 0.000000000000000000e+00
-3.486053049564361572e-01 -9.372696280479431152e-01 0.000000000000000000e+00 -9.372696280479431152e-01 3.486053049564361572e-01 0.000000000000000000e+00
-3.666862249374389648e-01 -9.303447008132934570e-01 0.000000000000000000e+00 -9.303447008132934570e-01 3.666862249374389648e-01 0.000000000000000000e+00
-4.628469944000244141e-01 -8.864381909370422363e-01 0.000000000000000000e+00 -8.864381909370422363e-01 4.628469944000244141e-01 0.000000000000000000e+00
-4.778658151626586914e-01 -8.784328699111938477e-01 0.000000000000000000e+00 -8.784328699111938477e-01 4.778658151626586914e-01 0.000000000000000000e+00
-5.707740187644958496e-01 -8.211072087287902832e-01 0.000000000000000000e+00 -8.211072087287902832e-01 5.707740187644958496e-01 0.000000000000000000e+00
-5.806314945220947266e-01 -8.141664862632751465e-01 0.000000000000000000e+00 -8.141664862632751465e-01 5.806314945220947266e-01 0.000000000000000000e+00
-6.340769529342651367e-01 -7.732699513435363770e-01 0.000000000000000000e+00 -7.732699513435363770e-01 6.340769529342651367e-01 0.000000000000000000e+00
-6.325266361236572266e-01 -7.745386362075805664e-01 0.000000000000000000e+00 -7.745386362075805664e-01 6.325266361236572266e-01 0.000000000000000000e+00
-6.455522775650024414e-01 -7.637161016464233398e-01 0.000000000000000000e+00 -7.637161016464233398e-01 6.455522775650024414e-01 0.000000000000000000e+00
-6.460795402526855469e-01 -7.632701396942138672e-01 0.000000000000000000e+00 -7.632701396942138672e-01 6.460795402526855469e-01 0.000000000000000000e+00
-6.508314013481140137e-01 -7.592223286628723145e-01 0.000000000000000000e+00 -7.592223286628723145e-01 6.508314013481140137e-01 0.000000000000000000e+00
-6.509653925895690918e-01 -7.591074109077453613e-01 0.000000000000000000e+00 -7.591074109077453613e-01 6.509653925895690918e-01 0.000000000000000000e+00
-4.246044531464576721e-02 -9.990981817245483398e-01 0.000000000000000000e+00 -9.990981817245483398e-01 4.246044531464576721e-02 0.000000000000000000e+00
-2.756736939772963524e-03 -9.999961853027343750e-01 0.000000000000000000e+00 -9.999961853027343750e-01 2.756736939772963524e-03 0.000000000000000000e+00
-2.584495116025209427e-03 -9.999966621398925781e-01 0.000000000000000000e+00 -9.999966621398925781e-01 2.584495116025209427e-03 0.000000000000000000e+00
-1.121894223615527153e-03 -9.999994039535522461e-01 0.000000000000000000e+00 -9.999994039535522461e-01 1.121894223615527153e-03 0.000000000000000000e+00
2.586073614656925201e-02 -9.996655583381652832e-01 0.000000000000000000e+00 -9.996655583381652832e-01 -2.586073614656925201e-02 0.000000000000000000e+00
1.670948415994644165e-02 -9.998604059219360352e-01 0.000000000000000000e+00 -9.998604059219360352e-01 -1.670948415994644165e-02 -0.000000000000000000e+00
4.415567964315414429e-02 -9.990246891975402832e-01 0.000000000000000000e+00 -9.990246891975402832e-01 -4.415567964315414429e-02 0.000000000000000000e+00
1.326133590191602707e-02 -9.999120831489562988e-01 0.000000000000000000e+00 -9.999120831489562988e-01 -1.326133590191602707e-02 -0.000000000000000000e+00
1.104609668254852295e-02 -9.999390244483947754e-01 0.000000000000000000e+00 -9.999390244483947754e-01 -1.104609668254852295e-02 0.000000000000000000e+00
-3.352137282490730286e-02 -9.994380474090576172e-01 -0.000000000000000000e+00 -9.994380474090576172e-01 3.352137282490730286e-02 0.000000000000000000e+00
-5.159202590584754944e-02 -9.986682534217834473e-01 0.000000000000000000e+00 -9.986682534217834473e-01 5.159202590584754944e-02 0.000000000000000000e+00
-9.346047043800354004e-02 -9.956229925155639648e-01 -0.000000000000000000e+00 -9.956229925155639648e-01 9.346047043800354004e-02 0.000000000000000000e+00
-1.130730435252189636e-01 -9.935867190361022949e-01 -0.000000000000000000e+00 -9.935867190361022949e-01 1.130730435252189636e-01 0.000000000000000000e+00
-1.413725167512893677e-01 -9.899564981460571289e-01 -0.000000000000000000e+00 -9.899564981460571289e-01 1.413725167512893677e-01 0.000000000000000000e+00
-1.542063653469085693e-01 -9.880387187004089355e-01 -0.000000000000000000e+00 -9.880387187004089355e-01 1.542063653469085693e-01 0.000000000000000000e+00
-1.635236591100692749e-01 -9.865394234657287598e-01 -0.000000000000000000e+00 -9.865394234657287598e-01 1.635236591100692749e-01 0.000000000000000000e+00
-1.580798923969268799e-01 -9.874263405799865723e-01 -0.000000000000000000e+00 -9.874263405799865723e-01 1.580798923969268799e-01 0.000000000000000000e+00
-1.108412221074104309e-01 -9.938381314277648926e-01 -0.000000000000000000e+00 -9.938381314277648926e-01 1.108412221074104309e-01 0.000000000000000000e+00
-7.046046108007431030e-02 -9.975146055221557617e-01 -0.000000000000000000e+00 -9.975146055221557617e-01 7.046046108007431030e-02 0.000000000000000000e+00
-9.247045032680034637e-03 -9.999572634696960449e-01 -0.000000000000000000e+00 -9.999572634696960449e-01 9.247045032680034637e-03 0.000000000000000000e+00
3.100941330194473267e-02 -9.995191097259521484e-01 0.000000000000000000e+00 -9.995191097259521484e-01 -3.100941330194473267e-02 -0.000000000000000000e+00
7.093168795108795166e-02 -9.974812269210815430e-01 0.000000000000000000e+00 -9.974812269210815430e-01 -7.093168795108795166e-02 -0.000000000000000000e+00
8.191274106502532959e-02 -9.966395497322082520e-01 0.000000000000000000e+00 -9.966395497322082520e-01 -8.191274106502532959e-02 -0.000000000000000000e+00
9.207522869110107422e-02 -9.957520365715026855e-01 0.000000000000000000e+00 -9.957520365715026855e-01 -9.207522869110107422e-02 -0.000000000000000000e+00
8.428955078125000000e-02 -9.964413046836853027e-01 0.000000000000000000e+00 -9.964413046836853027e-01 -8.428955078125000000e-02 -0.000000000000000000e+00
8.766735345125198364e-02 -9.961498379707336426e-01 0.000000000000000000e+00 -9.961498379707336426e-01 -8.766735345125198364e-02 -0.000000000000000000e+00
7.345587015151977539e-02 -9.972984790802001953e-01 0.000000000000000000e+00 -9.972984790802001953e-01 -7.345587015151977539e-02 -0.000000000000000000e+00
7.274851202964782715e-02 -9.973503351211547852e-01 0.000000000000000000e+00 -9.973503351211547852e-01 -7.274851202964782715e-02 -0.000000000000000000e+00
5.711883306503295898e-02 -9.983673691749572754e-01 0.000000000000000000e+00 -9.983673691749572754e-01 -5.711883306503295898e-02 -0.000000000000000000e+00
5.399511009454727173e-02 -9.985411763191223145e-01 0.000000000000000000e+00 -9.985411763191223145e-01 -5.399511009454727173e-02 -0.000000000000000000e+00
4.207582771778106689e-02 -9.991144537925720215e-01 0.000000000000000000e+00 -9.991144537925720215e-01 -4.207582771778106689e-02 -0.000000000000000000e+00
4.193789139389991760e-02 -9.991202354431152344e-01 0.000000000000000000e+00 -9.991202354431152344e-01 -4.193789139389991760e-02 -0.000000000000000000e+00
3.522945195436477661e-02 -9.993792772293090820e-01 0.000000000000000000e+00 -9.993792772293090820e-01 -3.522945195436477661e-02 -0.000000000000000000e+00
3.557925298810005188e-02 -9.993668794631958008e-01 0.000000000000000000e+00 -9.993668794631958008e-01 -3.557925298810005188e-02 -0.000000000000000000e+00
3.545084968209266663e-02 -9.993714094161987305e-01 0.000000000000000000e+00 -9.993714094161987305e-01 -3.545084968209266663e-02 -0.000000000000000000e+00
3.470910340547561646e-02 -9.993974566459655762e-01 -0.000000000000000000e+00 -9.993974566459655762e-01 -3.470910340547561646e-02 0.000000000000000000e+00
3.606153279542922974e-02 -9.993495941162109375e-01 -0.000000000000000000e+00 -9.993495941162109375e-01 -3.606153279542922974e-02 0.000000000000000000e+00
3.656099736690521240e-02 -9.993314743041992188e-01 -0.000000000000000000e+00 -9.993314743041992188e-01 -3.656099736690521240e-02 0.000000000000000000e+00
3.598101064562797546e-02 -9.993525147438049316e-01 -0.000000000000000000e+00 -9.993525147438049316e-01 -3.598101064562797546e-02 0.000000000000000000e+00
3.639215975999832153e-02 -9.993376135826110840e-01 -0.000000000000000000e+00 -9.993376135826110840e-01 -3.639215975999832153e-02 0.000000000000000000e+00
3.555865213274955750e-02 -9.993675947189331055e-01 -0.000000000000000000e+00 -9.993675947189331055e-01 -3.555865213274955750e-02 0.000000000000000000e+00
3.590266779065132141e-02 -9.993553161621093750e-01 -0.000000000000000000e+00 -9.993553161621093750e-01 -3.590266779065132141e-02 0.000000000000000000e+00
3.527105972170829773e-02 -9.993777871131896973e-01 0.000000000000000000e+00 -9.993777871131896973e-01 -3.527105972170829773e-02 0.000000000000000000e+00
3.565119579434394836e-02 -9.993643164634704590e-01 -0.000000000000000000e+00 -9.993643164634704590e-01 -3.565119579434394836e-02 0.000000000000000000e+00
3.491839766502380371e-02 -9.993901848793029785e-01 0.000000000000000000e+00 -9.993901848793029785e-01 -3.491839766502380371e-02 0.000000000000000000e+00
3.486452251672744751e-02 -9.993920922279357910e-01 -0.000000000000000000e+00 -9.993920922279357910e-01 -3.486452251672744751e-02 0.000000000000000000e+00
3.402598202228546143e-02 -9.994209408760070801e-01 0.000000000000000000e+00 -9.994209408760070801e-01 -3.402598202228546143e-02 0.000000000000000000e+00
3.412758186459541321e-02 -9.994174838066101074e-01 0.000000000000000000e+00 -9.994174838066101074e-01 -3.412758186459541321e-02 0.000000000000000000e+00
3.348540887236595154e-02 -9.994392395019531250e-01 0.000000000000000000e+00 -9.994392395019531250e-01 -3.348540887236595154e-02 0.000000000000000000e+00
3.337652236223220825e-02 -9.994428753852844238e-01 0.000000000000000000e+00 -9.994428753852844238e-01 -3.337652236223220825e-02 0.000000000000000000e+00
3.231666237115859985e-02 -9.994776844978332520e-01 0.000000000000000000e+00 -9.994776844978332520e-01 -3.231666237115859985e-02 0.000000000000000000e+00
3.120122104883193970e-02 -9.995131492614746094e-01 0.000000000000000000e+00 -9.995131492614746094e-01 -3.120122104883193970e-02 0.000000000000000000e+00
3.028939291834831238e-02 -9.995411634445190430e-01 0.000000000000000000e+00 -9.995411634445190430e-01 -3.028939291834831238e-02 0.000000000000000000e+00
2.788348495960235596e-02 -9.996111989021301270e-01 0.000000000000000000e+00 -9.996111989021301270e-01 -2.788348495960235596e-02 0.000000000000000000e+00
2.717479877173900604e-02 -9.996307492256164551e-01 0.000000000000000000e+00 -9.996307492256164551e-01 -2.717479877173900604e-02 0.000000000000000000e+00
2.536652237176895142e-02 -9.996782541275024414e-01 0.000000000000000000e+00 -9.996782541275024414e-01 -2.536652237176895142e-02 0.000000000000000000e+00
2.499624714255332947e-02 -9.996875524520874023e-01 0.000000000000000000e+00 -9.996875524520874023e-01 -2.499624714255332947e-02 0.000000000000000000e+00
-5.471285805106163025e-02 -9.985021352767944336e-01 -0.000000000000000000e+00 -9.985021352767944336e-01 5.471285805106163025e-02 0.000000000000000000e+00
-1.048979982733726501e-01 -9.944829940795898438e-01 -0.000000000000000000e+00 -9.944829940795898438e-01 1.048979982733726501e-01 0.000000000000000000e+00
-1.046642214059829712e-01 -9.945076107978820801e-01 -0.000000000000000000e+00 -9.945076107978820801e-01 1.046642214059829712e-01 0.000000000000000000e+00
-1.244624704122543335e-01 -9.922243356704711914e-01 -0.000000000000000000e+00 -9.922243356704711914e-01 1.244624704122543335e-01 0.000000000000000000e+00
-1.112042814493179321e-01 -9.937976002693176270e-01 -0.000000000000000000e+00 -9.937976002693176270e-01 1.112042814493179321e-01 0.000000000000000000e+00
-8.696169406175613403e-02 -9.962116479873657227e-01 -0.000000000000000000e+00 -9.962116479873657227e-01 8.696169406175613403e-02 0.000000000000000000e+00
-5.183763056993484497e-02 -9.986555576324462891e-01 -0.000000000000000000e+00 -9.986555576324462891e-01 5.183763056993484497e-02 0.000000000000000000e+00
3.332717344164848328e-02 -9.994445443153381348e-01 0.000000000000000000e+00 -9.994445443153381348e-01 -3.332717344164848328e-02 -0.000000000000000000e+00
7.951955497264862061e-02 -9.968333244323730469e-01 -0.000000000000000000e+00 -9.968333244323730469e-01 -7.951955497264862061e-02 0.000000000000000000e+00
1.549861282110214233e-01 -9.879166483879089355e-01 0.000000000000000000e+00 -9.879166483879089355e-01 -1.549861282110214233e-01 -0.000000000000000000e+00
2.038146555423736572e-01 -9.790095090866088867e-01 -0.000000000000000000e+00 -9.790095090866088867e-01 -2.038146555423736572e-01 0.000000000000000000e+00
2.708289325237274170e-01 -9.626274704933166504e-01 0.000000000000000000e+00 -9.626274704933166504e-01 -2.708289325237274170e-01 -0.000000000000000000e+00
3.231422305107116699e-01 -9.463503956794738770e-01 -0.000000000000000000e+00 -9.463503956794738770e-01 -3.231422305107116699e-01 0.000000000000000000e+00
3.814662694931030273e-01 -9.243827462196350098e-01 0.000000000000000000e+00 -9.243827462196350098e-01 -3.814662694931030273e-01 -0.000000000000000000e+00
4.334407746791839600e-01 -9.011821150779724121e-01 -0.000000000000000000e+00 -9.011821150779724121e-01 -4.334407746791839600e-01 0.000000000000000000e+00
4.789505898952484131e-01 -8.778418898582458496e-01 -0.000000000000000000e+00 -8.778418898582458496e-01 -4.789505898952484131e-01 0.000000000000000000e+00
5.284718275070190430e-01 -8.489508628845214844e-01 -0.000000000000000000e+00 -8.489508628845214844e-01 -5.284718275070190430e-01 0.000000000000000000e+00
5.710367560386657715e-01 -8.209245204925537109e-01 -0.000000000000000000e+00 -8.209245204925537109e-01 -5.710367560386657715e-01 0.000000000000000000e+00
6.270583868026733398e-01 -7.789722681045532227e-01 -0.000000000000000000e+00 -7.789722681045532227e-01 -6.270583868026733398e-01 0.000000000000000000e+00
6.657452583312988281e-01 -7.461791038513183594e-01 -0.000000000000000000e+00 -7.461791038513183594e-01 -6.657452583312988281e-01 0.000000000000000000e+00
7.225933074951171875e-01 -6.912734508514404297e-01 -0.000000000000000000e+00 -6.912734508514404297e-01 -7.225933074951171875e-01 0.000000000000000000e+00
7.445200085639953613e-01 -6.676001548767089844e-01 0.000000000000000000e+00 -6.676001548767089844e-01 -7.445200085639953613e-01 0.000000000000000000e+00
7.934532165527343750e-01 -6.086313128471374512e-01 -0.000000000000000000e+00 -6.086313128471374512e-01 -7.934532165527343750e-01 0.000000000000000000e+00
8.139327764511108398e-01 -5.809590816497802734e-01 0.000000000000000000e+00 -5.809590816497802734e-01 -8.139327764511108398e-01 0.000000000000000000e+00
8.577143549919128418e-01 -5.141266584396362305e-01 -0.000000000000000000e+00 -5.141266584396362305e-01 -8.577143549919128418e-01 0.000000000000000000e+00
8.774953484535217285e-01 -4.795852601528167725e-01 0.000000000000000000e+00 -4.795852601528167725e-01 -8.774953484535217285e-01 0.000000000000000000e+00
9.124994874000549316e-01 -4.090779125690460205e-01 -0.000000000000000000e+00 -4.090779125690460205e-01 -9.124994874000549316e-01 0.000000000000000000e+00
9.334826469421386719e-01 -3.586226105690002441e-01 0.000000000000000000e+00 -3.586226105690002441e-01 -9.334826469421386719e-01 0.000000000000000000e+00
9.648249149322509766e-01 -2.628934681415557861e-01 -0.000000000000000000e+00 -2.628934681415557861e-01 -9.648249149322509766e-01 0.000000000000000000e+00
9.723151922225952148e-01 -2.336733043193817139e-01 0.000000000000000000e+00 -2.336733043193817139e-01 -9.723151922225952148e-01 0.000000000000000000e+00
-9.930269718170166016e-01 1.178876683115959167e-01 0.000000000000000000e+00 1.178876683115959167e-01 9.930269718170166016e-01 0.000000000000000000e+00
-9.980658292770385742e-01 6.216608360409736633e-02 0.000000000000000000e+00 6.216608360409736633e-02 9.980658292770385742e-01 -0.000000000000000000e+00
-9.991956353187561035e-01 -4.010145738720893860e-02 0.000000000000000000e+00 -4.010145738720893860e-02 9.991956353187561035e-01 0.000000000000000000e+00
-9.943164587020874023e-01 -1.064653173089027405e-01 0.000000000000000000e+00 -1.064653173089027405e-01 9.943164587020874023e-01 0.000000000000000000e+00
-9.809991121292114258e-01 -1.940122544765472412e-01 0.000000000000000000e+00 -1.940122544765472412e-01 9.809991121292114258e-01 0.000000000000000000e+00
-9.657693505287170410e-01 -2.594023644924163818e-01 0.000000000000000000e+00 -2.594023644924163818e-01 9.657693505287170410e-01 0.000000000000000000e+00
-9.422614574432373047e-01 -3.348780572414398193e-01 0.000000000000000000e+00 -3.348780572414398193e-01 9.422614574432373047e-01 0.000000000000000000e+00
-9.134126901626586914e-01 -4.070347845554351807e-01 0.000000000000000000e+00 -4.070347845554351807e-01 9.134126901626586914e-01 0.000000000000000000e+00
-8.767923116683959961e-01 -4.808692634105682373e-01 0.000000000000000000e+00 -4.808692634105682373e-01 8.767923116683959961e-01 0.000000000000000000e+00
-8.404827713966369629e-01 -5.418382883071899414e-01 0.000000000000000000e+00 -5.418382883071899414e-01 8.404827713966369629e-01 0.000000000000000000e+00
-7.976081371307373047e-01 -6.031759977340698242e-01 0.000000000000000000e+00 -6.031759977340698242e-01 7.976081371307373047e-01 0.000000000000000000e+00
-7.485567927360534668e-01 -6.630706787109375000e-01 0.000000000000000000e+00 -6.630706787109375000e-01 7.485567927360534668e-01 0.000000000000000000e+00
-6.885505318641662598e-01 -7.251883745193481445e-01 0.000000000000000000e+00 -7.251883745193481445e-01 6.885505318641662598e-01 0.000000000000000000e+00
-6.253625154495239258e-01 -7.803344130516052246e-01 0.000000000000000000e+00 -7.803344130516052246e-01 6.253625154495239258e-01 0.000000000000000000e+00
-5.607935190200805664e-01 -8.279557228088378906e-01 0.000000000000000000e+00 -8.279557228088378906e-01 5.607935190200805664e-01 0.000000000000000000e+00
-4.929890334606170654e-01 -8.700355291366577148e-01 0.000000000000000000e+00 -8.700355291366577148e-01 4.929890334606170654e-01 0.000000000000000000e+00
-4.274085760116577148e-01 -9.040586352348327637e-01 0.000000000000000000e+00 -9.040586352348327637e-01 4.274085760116577148e-01 0.000000000000000000e+00
-3.694580793380737305e-01 -9.292473793029785156e-01 0.000000000000000000e+00 -9.292473793029785156e-01 3.694580793380737305e-01 0.000000000000000000e+00
-3.220890760421752930e-01 -9.467093944549560547e-01 0.000000000000000000e+00 -9.467093944549560547e-01 3.220890760421752930e-01 0.000000000000000000e+00
-2.816456258296966553e-01 -9.595184922218322754e-01 0.000000000000000000e+00 -9.595184922218322754e-01 2.816456258296966553e-01 0.000000000000000000e+00
-2.385778427124023438e-01 -9.711233973503112793e-01 0.000000000000000000e+00 -9.711233973503112793e-01 2.385778427124023438e-01 0.000000000000000000e+00
-1.971189230680465698e-01 -9.803795814514160156e-01 0.000000000000000000e+00 -9.803795814514160156e-01 1.971189230680465698e-01 0.000000000000000000e+00
-1.474819183349609375e-01 -9.890647530555725098e-01 0.000000000000000000e+00 -9.890647530555725098e-01 1.474819183349609375e-01 0.000000000000000000e+00
-1.012652516365051270e-01 -9.948594570159912109e-01 0.000000000000000000e+00 -9.948594570159912109e-01 1.012652516365051270e-01 0.000000000000000000e+00
-5.474055930972099304e-02 -9.985006451606750488e-01 0.000000000000000000e+00 -9.985006451606750488e-01 5.474055930972099304e-02 0.000000000000000000e+00
-4.528879188001155853e-03 -9.999897480010986328e-01 -0.000000000000000000e+00 -9.999897480010986328e-01 4.528879188001155853e-03 0.000000000000000000e+00
4.487720504403114319e-02 -9.989925026893615723e-01 0.000000000000000000e+00 -9.989925026893615723e-01 -4.487720504403114319e-02 0.000000000000000000e+00
9.290250390768051147e-02 -9.956752061843872070e-01 0.000000000000000000e+00 -9.956752061843872070e-01 -9.290250390768051147e-02 -0.000000000000000000e+00
1.391989737749099731e-01 -9.902644753456115723e-01 0.000000000000000000e+00 -9.902644753456115723e-01 -1.391989737749099731e-01 0.000000000000000000e+00
1.798044443130493164e-01 -9.837024211883544922e-01 0.000000000000000000e+00 -9.837024211883544922e-01 -1.798044443130493164e-01 -0.000000000000000000e+00
2.171034812927246094e-01 -9.761486053466796875e-01 0.000000000000000000e+00 -9.761486053466796875e-01 -2.171034812927246094e-01 0.000000000000000000e+00
2.509244978427886963e-01 -9.680066704750061035e-01 0.000000000000000000e+00 -9.680066704750061035e-01 -2.509244978427886963e-01 -0.000000000000000000e+00
2.862555384635925293e-01 -9.581533074378967285e-01 0.000000000000000000e+00 -9.581533074378967285e-01 -2.862555384635925293e-01 0.000000000000000000e+00
3.216248154640197754e-01 -9.468671679496765137e-01 0.000000000000000000e+00 -9.468671679496765137e-01 -3.216248154640197754e-01 -0.000000000000000000e+00
3.472802340984344482e-01 -9.377614259719848633e-01 0.000000000000000000e+00 -9.377614259719848633e-01 -3.472802340984344482e-01 0.000000000000000000e+00
3.790562450885772705e-01 -9.253736138343811035e-01 0.000000000000000000e+00 -9.253736138343811035e-01 -3.790562450885772705e-01 -0.000000000000000000e+00
3.973368704319000244e-01 -9.176728725433349609e-01 0.000000000000000000e+00 -9.176728725433349609e-01 -3.973368704319000244e-01 0.000000000000000000e+00
4.329856038093566895e-01 -9.014008641242980957e-01 0.000000000000000000e+00 -9.014008641242980957e-01 -4.329856038093566895e-01 -0.000000000000000000e+00
4.478681087493896484e-01 -8.940996527671813965e-01 0.000000000000000000e+00 -8.940996527671813965e-01 -4.478681087493896484e-01 -0.000000000000000000e+00
4.832964539527893066e-01 -8.754567503929138184e-01 0.000000000000000000e+00 -8.754567503929138184e-01 -4.832964539527893066e-01 -0.000000000000000000e+00
4.831628203392028809e-01 -8.755305409431457520e-01 0.000000000000000000e+00 -8.755305409431457520e-01 -4.831628203392028809e-01 0.000000000000000000e+00
4.803433418273925781e-01 -8.770805597305297852e-01 0.000000000000000000e+00 -8.770805597305297852e-01 -4.803433418273925781e-01 -0.000000000000000000e+00
4.656270146369934082e-01 -8.849810957908630371e-01 0.000000000000000000e+00 -8.849810957908630371e-01 -4.656270146369934082e-01 0.000000000000000000e+00
4.604101479053497314e-01 -8.877063393592834473e-01 0.000000000000000000e+00 -8.877063393592834473e-01 -4.604101479053497314e-01 -0.000000000000000000e+00
4.641046822071075439e-01 -8.857803940773010254e-01 0.000000000000000000e+00 -8.857803940773010254e-01 -4.641046822071075439e-01 -0.000000000000000000e+00
4.579341709613800049e-01 -8.889861106872558594e-01 0.000000000000000000e+00 -8.889861106872558594e-01 -4.579341709613800049e-01 -0.000000000000000000e+00
4.560360908508300781e-01 -8.899613022804260254e-01 0.000000000000000000e+00 -8.899613022804260254e-01 -4.560360908508300781e-01 -0.000000000000000000e+00
4.547171890735626221e-01 -8.906359076499938965e-01 0.000000000000000000e+00 -8.906359076499938965e-01 -4.547171890735626221e-01 -0.000000000000000000e+00
4.528685808181762695e-01 -8.915773034095764160e-01 0.000000000000000000e+00 -8.915773034095764160e-01 -4.528685808181762695e-01 -0.000000000000000000e+00
4.528231620788574219e-01 -8.916003704071044922e-01 0.000000000000000000e+00 -8.916003704071044922e-01 -4.528231620788574219e-01 -0.000000000000000000e+00
4.579898118972778320e-01 -8.889574408531188965e-01 0.000000000000000000e+00 -8.889574408531188965e-01 -4.579898118972778320e-01 -0.000000000000000000e+00
4.699611067771911621e-01 -8.826871514320373535e-01 0.000000000000000000e+00 -8.826871514320373535e-01 -4.699611067771911621e-01 -0.000000000000000000e+00
4.916315674781799316e-01 -8.708033561706542969e-01 0.000000000000000000e+00 -8.708033561706542969e-01 -4.916315674781799316e-01 -0.000000000000000000e+00
5.085141658782958984e-01 -8.610536456108093262e-01 0.000000000000000000e+00 -8.610536456108093262e-01 -5.085141658782958984e-01 -0.000000000000000000e+00
5.210907459259033203e-01 -8.535012602806091309e-01 0.000000000000000000e+00 -8.535012602806091309e-01 -5.210907459259033203e-01 -0.000000000000000000e+00
5.198994278907775879e-01 -8.542274832725524902e-01 0.000000000000000000e+00 -8.542274832725524902e-01 -5.198994278907775879e-01 -0.000000000000000000e+00
5.195187926292419434e-01 -8.544590473175048828e-01 0.000000000000000000e+00 -8.544590473175048828e-01 -5.195187926292419434e-01 0.000000000000000000e+00
5.187722444534301758e-01 -8.549125194549560547e-01 0.000000000000000000e+00 -8.549125194549560547e-01 -5.187722444534301758e-01 -0.000000000000000000e+00
-4.480471909046173096e-01 8.940085768699645996e-01 -1.542615820653736591e-03 6.911655073054134846e-04 -1.379113411530852318e-03 -9.999988079071044922e-01
-4.480471909046173096e-01 8.940085768699645996e-01 -1.556803239509463310e-03 6.975221331231296062e-04 -1.391797093674540520e-03 -9.999988079071044922e-01
-3.240872919559478760e-01 9.460256099700927734e-01 -1.725243404507637024e-03 5.591302760876715183e-04 -1.632126863114535809e-03 -9.999985098838806152e-01
-3.240872919559478760e-01 9.460256099700927734e-01 -1.724283676594495773e-03 5.588192725554108620e-04 -1.631218940019607544e-03 -9.999985098838806152e-01
-1.942699551582336426e-01 9.809466004371643066e-01 -1.711538876406848431e-03 3.325010475236922503e-04 -1.678930711932480335e-03 -9.999985694885253906e-01
-1.942699551582336426e-01 9.809466004371643066e-01 -1.720562228001654148e-03 3.342539712321013212e-04 -1.687782001681625843e-03 -9.999985098838806152e-01
-6.094260886311531067e-02 9.981397390365600586e-01 -1.770611270330846310e-03 1.079058347386308014e-04 -1.767320209182798862e-03 -9.999984502792358398e-01
-6.094260886311531067e-02 9.981397390365600586e-01 -1.747347996570169926e-03 1.064881143975071609e-04 -1.744100241921842098e-03 -9.999985098838806152e-01
7.348693907260894775e-02 9.972944259643554688e-01 -1.863667392171919346e-03 -1.369554520351812243e-04 -1.858628354966640472e-03 -9.999982714653015137e-01
7.348694652318954468e-02 9.972944855690002441e-01 -1.854588626883924007e-03 -1.362882758257910609e-04 -1.849574153311550617e-03 -9.999983310699462891e-01
2.065876275300979614e-01 9.784264564514160156e-01 -1.832814421504735947e-03 -3.786373999901115894e-04 -1.793277100659906864e-03 -9.999983310699462891e-01
2.065876424312591553e-01 9.784265160560607910e-01 -1.793687348254024982e-03 -3.705542185343801975e-04 -1.754994038492441177e-03 -9.999983906745910645e-01
3.359553813934326172e-01 9.418762922286987305e-01 -1.739050261676311493e-03 -5.842441460117697716e-04 -1.637972658500075340e-03 -9.999985098838806152e-01
3.359554409980773926e-01 9.418764114379882812e-01 -1.694171107374131680e-03 -5.691667320206761360e-04 -1.595701905898749828e-03 -9.999985694885253906e-01
4.592515528202056885e-01 8.883056044578552246e-01 -1.112936646677553654e-03 -5.111181526444852352e-04 -9.886284824460744858e-04 -9.999994039535522461e-01
4.592515528202056885e-01 8.883056044578552246e-01 -1.118334825150668621e-03 -5.135973333381116390e-04 -9.934237459674477577e-04 -9.999994039535522461e-01
6.253635883331298828e-01 7.803335189819335938e-01 -1.322024472756311297e-04 -8.267459634225815535e-05 -1.031619976856745780e-04 -1.000000000000000000e+00
6.253635883331298828e-01 7.803335189819335938e-01 -1.291976077482104301e-04 -8.079547842498868704e-05 -1.008172257570549846e-04 -1.000000000000000000e+00
7.377601861953735352e-01 6.750628948211669922e-01 1.686144823906943202e-04 1.243970473296940327e-04 1.138253792305476964e-04 -1.000000000000000000e+00
7.377601861953735352e-01 6.750628948211669922e-01 1.703465677564963698e-04 1.256749092135578394e-04 1.149946474470198154e-04 -1.000000000000000000e+00
8.326591253280639648e-01 5.537857413291931152e-01 4.926596884615719318e-04 4.102175589650869370e-04 2.728278923314064741e-04 -9.999998807907104492e-01
8.326591253280639648e-01 5.537857413291931152e-01 4.974756157025694847e-04 4.142276011407375336e-04 2.754948800429701805e-04 -9.999998807907104492e-01
9.078124761581420898e-01 4.193760752677917480e-01 4.910357529297471046e-04 4.457684408407658339e-04 2.059286780422553420e-04 -9.999998807907104492e-01
9.078124761581420898e-01 4.193760752677917480e-01 5.228688823990523815e-04 4.746669437736272812e-04 2.192787360399961472e-04 -9.999998807907104492e-01
9.614390730857849121e-01 2.750175297260284424e-01 4.931921139359474182e-04 4.741742159239947796e-04 1.356364955427125096e-04 -9.999998807907104492e-01
9.614390730857849121e-01 2.750175297260284424e-01 5.379252252168953419e-04 5.171824013814330101e-04 1.479388884035870433e-04 -9.999998807907104492e-01
9.922643899917602539e-01 1.241415590047836304e-01 4.902429063804447651e-04 4.864506481681019068e-04 6.085952554713003337e-05 -9.999998807907104492e-01
9.922643899917602539e-01 1.241415590047836304e-01 5.121252033859491348e-04 5.081636481918394566e-04 6.357602978823706508e-05 -9.999998807907104492e-01
9.995593428611755371e-01 -2.968066371977329254e-02 5.149164353497326374e-04 5.146896000951528549e-04 -1.528306347609031945e-05 -9.999998807907104492e-01
9.995593428611755371e-01 -2.968066371977329254e-02 5.149545031599700451e-04 5.147276679053902626e-04 -1.528419306850992143e-05 -9.999998807907104492e-01
9.831501245498657227e-01 -1.827996075153350830e-01 4.828404926229268312e-04 4.747047496493905783e-04 -8.826306293485686183e-05 -9.999998807907104492e-01
9.831500649452209473e-01 -1.827995926141738892e-01 5.940982955507934093e-04 5.840878584422171116e-04 -1.086009433493018150e-04 -9.999998211860656738e-01
9.434268474578857422e-01 -3.315805494785308838e-01 3.447702911216765642e-04 3.252655733376741409e-04 -1.143191329902037978e-04 -9.999999403953552246e-01
9.434268474578857422e-01 -3.315805494785308838e-01 3.472133830655366182e-04 3.275704511906951666e-04 -1.151292162830941379e-04 -9.999999403953552246e-01
8.883017301559448242e-01 -4.592602849006652832e-01 -5.605463229585438967e-05 -4.979342702426947653e-05 2.574366590124554932e-05 -1.000000000000000000e+00
8.883017301559448242e-01 -4.592602849006652832e-01 -4.477846232475712895e-05 -3.977678716182708740e-05 2.056496850855182856e-05 -1.000000000000000000e+00
7.940381765365600586e-01 -6.078678965568542480e-01 -1.371485723211662844e-05 -1.089012039301451296e-05 8.336821338161826134e-06 -1.000000000000000000e+00
7.940381765365600586e-01 -6.078678965568542480e-01 -2.449363819323480129e-05 -1.944888390426058322e-05 1.488889665779424831e-05 -1.000000000000000000e+00
6.751824617385864258e-01 -7.376507520675659180e-01 -2.988888081745244563e-05 -2.018044870055746287e-05 2.204755583079531789e-05 -1.000000000000000000e+00
6.751824617385864258e-01 -7.376507520675659180e-01 -3.545382060110569000e-05 -2.393779868725687265e-05 2.615253833937458694e-05 -1.000000000000000000e+00
5.354167819023132324e-01 -8.445879817008972168e-01 -1.176288569695316255e-04 -6.298046355368569493e-05 9.934791887644678354e-05 -1.000000000000000000e+00
5.354167819023132324e-01 -8.445879817008972168e-01 -1.670052733970806003e-04 -8.941742271417751908e-05 1.410506520187482238e-04 -1.000000000000000000e+00
3.790691494941711426e-01 -9.253683686256408691e-01 5.122700531501322985e-05 1.941857772180810571e-05 -4.740384974866174161e-05 -1.000000000000000000e+00
3.790691494941711426e-01 -9.253683686256408691e-01 4.559769513434730470e-05 1.728467941575217992e-05 -4.219466427457518876e-05 -1.000000000000000000e+00
2.109814733266830444e-01 -9.774900674819946289e-01 4.555380655801855028e-05 9.611008863430470228e-06 -4.452839493751525879e-05 -1.000000000000000000e+00
2.109814733266830444e-01 -9.774900674819946289e-01 4.366371649666689336e-05 9.212235454469919205e-06 -4.268084740033373237e-05 -1.000000000000000000e+00
-1.404297258704900742e-02 -9.999012947082519531e-01 4.433300346136093140e-04 -6.225672677828697488e-06 -4.432863497640937567e-04 -9.999999403953552246e-01
-1.404297258704900742e-02 -9.999012947082519531e-01 4.406382504384964705e-04 -6.187872259033611044e-06 -4.405948275234550238e-04 -9.999999403953552246e-01
-2.025735080242156982e-01 -9.792670011520385742e-01 4.193732747808098793e-04 -8.495392103213816881e-05 -4.106784472241997719e-04 -9.999999403953552246e-01
-2.025735080242156982e-01 -9.792670011520385742e-01 3.922741743735969067e-04 -7.946436380734667182e-05 -3.841411671601235867e-04 -9.999999403953552246e-01
-3.838166892528533936e-01 -9.234092831611633301e-01 3.502299077808856964e-04 -1.344240881735458970e-04 -3.234055766370147467e-04 -9.999999403953552246e-01
-3.838166892528533936e-01 -9.234092831611633301e-01 3.983716305810958147e-04 -1.529016881249845028e-04 -3.678600769490003586e-04 -9.999999403953552246e-01
-5.512545704841613770e-01 -8.343371152877807617e-01 3.362181014381349087e-04 -1.853417488746345043e-04 -2.805192198138684034e-04 -9.999999403953552246e-01
-5.512545704841613770e-01 -8.343371152877807617e-01 3.505722561385482550e-04 -1.932545419549569488e-04 -2.924954169429838657e-04 -9.999999403953552246e-01
-6.988644599914550781e-01 -7.152541279792785645e-01 1.866288512246683240e-04 -1.304282777709886432e-04 -1.334870612481608987e-04 -1.000000000000000000e+00
-6.988644599914550781e-01 -7.152541279792785645e-01 2.129262720700353384e-04 -1.488066045567393303e-04 -1.522964012110605836e-04 -1.000000000000000000e+00
-8.213357329368591309e-01 -5.704451203346252441e-01 8.508185419486835599e-05 -6.988076347624883056e-05 -4.853452992392703891e-05 -1.000000000000000000e+00
-8.213357329368591309e-01 -5.704451203346252441e-01 1.224126026500016451e-04 -1.005418453132733703e-04 -6.982967170188203454e-05 -1.000000000000000000e+00
-9.142646193504333496e-01 -4.051176309585571289e-01 2.209737795055843890e-05 -2.020285137405153364e-05 -8.952037205745000392e-06 -1.000000000000000000e+00
-9.142646193504333496e-01 -4.051176309585571289e-01 4.569132215692661703e-05 -4.177395749138668180e-05 -1.851035995059646666e-05 -1.000000000000000000e+00
-9.743088483810424805e-01 -2.252160608768463135e-01 -1.278444142371881753e-05 1.245599469257285818e-05 2.879261501220753416e-06 -1.000000000000000000e+00
-9.743088483810424805e-01 -2.252160608768463135e-01 -1.029455506795784459e-05 1.003007582767168060e-05 2.318499127795803361e-06 -1.000000000000000000e+00
-9.939404726028442383e-01 1.099175289273262024e-01 -7.348369108512997627e-04 7.303843158297240734e-04 -8.077147504081949592e-05 -9.999997615814208984e-01
-9.939404726028442383e-01 1.099175289273262024e-01 -7.371132378466427326e-04 7.326468476094305515e-04 -8.102168067125603557e-05 -9.999997615814208984e-01
-9.409064650535583496e-01 3.386663198471069336e-01 -5.046409787610173225e-04 4.748199426103383303e-04 -1.709048810880631208e-04 -9.999998807907104492e-01
-9.409064650535583496e-01 3.386663198471069336e-01 -4.345057241152971983e-04 4.088292771484702826e-04 -1.471524592489004135e-04 -9.999999403953552246e-01
-8.359942436218261719e-01 5.487380623817443848e-01 -4.004460352007299662e-04 3.347705933265388012e-04 -2.197400026489049196e-04 -9.999999403953552246e-01
-8.359941840171813965e-01 5.487380623817443848e-01 -5.169294308871030807e-04 4.321500600781291723e-04 -2.836588828358799219e-04 -9.999998807907104492e-01
-6.849873065948486328e-01 7.285535931587219238e-01 -1.439196406863629818e-03 9.858323028311133385e-04 -1.048532780259847641e-03 -9.999989867210388184e-01
-6.849870681762695312e-01 7.285532951354980469e-01 -1.712018740363419056e-03 1.172712421976029873e-03 -1.247298670932650566e-03 -9.999985694885253906e-01
-4.962078928947448730e-01 8.681997656822204590e-01 -2.641601720824837685e-03 1.310788211412727833e-03 -2.293445868417620659e-03 -9.999965429306030273e-01
-4.962078034877777100e-01 8.681995868682861328e-01 -2.709039021283388138e-03 1.344251213595271111e-03 -2.351995091885328293e-03 -9.999963641166687012e-01
-2.800730764865875244e-01 9.599726200103759766e-01 -3.417956642806529999e-03 9.572832495905458927e-04 -3.281163983047008514e-03 -9.999941587448120117e-01
-2.800729572772979736e-01 9.599721431732177734e-01 -3.558896249160170555e-03 9.967568330466747284e-04 -3.416462801396846771e-03 -9.999936819076538086e-01
-4.849611222743988037e-02 9.988157153129577637e-01 -3.918077796697616577e-03 1.900130009744316339e-04 -3.913467749953269958e-03 -9.999923110008239746e-01
-4.849609732627868652e-02 9.988154172897338867e-01 -3.994067199528217316e-03 1.936982152983546257e-04 -3.989367745816707611e-03 -9.999920129776000977e-01
1.857543289661407471e-01 9.825864434242248535e-01 -4.393537528812885284e-03 -8.161264704540371895e-04 -4.317072220146656036e-03 -9.999903440475463867e-01
1.857542842626571655e-01 9.825862050056457520e-01 -4.452266730368137360e-03 -8.270358084701001644e-04 -4.374779295176267624e-03 -9.999901056289672852e-01
4.097644984722137451e-01 9.121870398521423340e-01 -2.804139629006385803e-03 -1.149041345342993736e-03 -2.557909814640879631e-03 -9.999960660934448242e-01
4.097644984722137451e-01 9.121870398521423340e-01 -2.799557754769921303e-03 -1.147164031863212585e-03 -2.553730504587292671e-03 -9.999961256980895996e-01
1.832258999347686768e-01 9.830602407455444336e-01 -4.565048031508922577e-03 -8.364437380805611610e-04 -4.487764090299606323e-03 -9.999895691871643066e-01
1.832258999347686768e-01 9.830603003501892090e-01 -4.552218131721019745e-03 -8.340929634869098663e-04 -4.475151188671588898e-03 -9.999896287918090820e-01
3.978387713432312012e-01 9.174511432647705078e-01 -2.797460183501243591e-03 -1.112942351028323174e-03 -2.566542942076921463e-03 -9.999960660934448242e-01
3.978387415409088135e-01 9.174510836601257324e-01 -2.800587797537446022e-03 -1.114186714403331280e-03 -2.569412579759955406e-03 -9.999960660934448242e-01
5.924150347709655762e-01 8.056319355964660645e-01 -1.273196307010948658e-03 -7.542612147517502308e-04 -1.025728415697813034e-03 -9.999991655349731445e-01
5.924150347709655762e-01 8.056319355964660645e-01 -1.277231029234826565e-03 -7.566514541395008564e-04 -1.028978964313864708e-03 -9.999991655349731445e-01
7.571549415588378906e-01 6.532353162765502930e-01 1.043923766701482236e-04 7.904120138846337795e-05 6.819278496550396085e-05 -1.000000000000000000e+00
7.571549415588378906e-01 6.532353162765502930e-01 9.690516162663698196e-05 7.337221904890611768e-05 6.330187170533463359e-05 -1.000000000000000000e+00
8.837610483169555664e-01 4.679382145404815674e-01 5.149808130227029324e-04 4.551200545392930508e-04 2.409792359685525298e-04 -9.999998807907104492e-01
8.837610483169555664e-01 4.679382145404815674e-01 5.408159340731799603e-04 4.779521259479224682e-04 2.530684869270771742e-04 -9.999998807907104492e-01
9.658573269844055176e-01 2.590742707252502441e-01 4.524440155364573002e-04 4.369964008219540119e-04 1.172166012111119926e-04 -9.999999403953552246e-01
9.658572673797607422e-01 2.590742409229278564e-01 4.573067126329988241e-04 4.416930896695703268e-04 1.184764114441350102e-04 -9.999999403953552246e-01
