2.729398310184478760e-01 -9.620310664176940918e-01 4.003334033768624067e-04 1.092669408535584807e-04 -3.851332003250718117e-04 -9.999999403953552246e-01
2.729398310184478760e-01 -9.620310664176940918e-01 3.966380609199404716e-04 1.082583403331227601e-04 -3.815781674347817898e-04 -9.999999403953552246e-01
3.795282542705535889e-01 -9.251801371574401855e-01 2.524382434785366058e-04 9.580744517734274268e-05 -2.335508324904367328e-04 -1.000000000000000000e+00
3.795282244682312012e-01 -9.251800775527954102e-01 3.701358509715646505e-04 1.404770155204460025e-04 -3.424423339311033487e-04 -9.999999403953552246e-01
4.812878966331481934e-01 -8.765625357627868652e-01 3.543597413226962090e-04 1.705490722088143229e-04 -3.106184885837137699e-04 -9.999999403953552246e-01
4.812878966331481934e-01 -8.765625357627868652e-01 4.050878924317657948e-04 1.949639117810875177e-04 -3.550848923623561859e-04 -9.999999403953552246e-01
5.769270062446594238e-01 -8.167955279350280762e-01 5.717902677133679390e-04 3.298813244327902794e-04 -4.670358030125498772e-04 -9.999998211860656738e-01
5.769270062446594238e-01 -8.167955279350280762e-01 5.747629329562187195e-04 3.315963258501142263e-04 -4.694638482760637999e-04 -9.999998211860656738e-01
6.652290821075439453e-01 -7.466392517089843750e-01 2.873931953217834234e-04 1.911823346745222807e-04 -2.145790640497580171e-04 -9.999999403953552246e-01
6.652291417121887207e-01 -7.466393113136291504e-01 2.726821112446486950e-04 1.813960698200389743e-04 -2.035951620200648904e-04 -9.999999403953552246e-01
7.450686097145080566e-01 -6.669878363609313965e-01 2.939002879429608583e-04 2.189758524764329195e-04 -1.960279041668400168e-04 -9.999999403953552246e-01
7.450686097145080566e-01 -6.669878363609313965e-01 2.796660992316901684e-04 2.083704166579991579e-04 -1.865338708739727736e-04 -9.999999403953552246e-01
8.154323101043701172e-01 -5.788523554801940918e-01 4.401832993607968092e-04 3.589397238101810217e-04 -2.548011543694883585e-04 -9.999999403953552246e-01
8.154323101043701172e-01 -5.788523554801940918e-01 4.294396494515240192e-04 3.501790051814168692e-04 -2.485821605660021305e-04 -9.999999403953552246e-01
-4.097143709659576416e-01 -9.122129678726196289e-01 -1.311783678829669952e-03 5.374570610001683235e-04 1.196627155877649784e-03 -9.999991655349731445e-01
-4.097143411636352539e-01 -9.122129082679748535e-01 -1.315502449870109558e-03 5.389807629399001598e-04 1.200019498355686665e-03 -9.999991655349731445e-01
-2.986135482788085938e-01 -9.543740153312683105e-01 -4.894426674582064152e-04 1.461542269680649042e-04 4.671114147640764713e-04 -9.999998807907104492e-01
-2.986135482788085938e-01 -9.543740153312683105e-01 -4.883045330643653870e-04 1.458143669879063964e-04 4.660252016037702560e-04 -9.999998807907104492e-01
-1.832958757877349854e-01 -9.830576181411743164e-01 -5.585304461419582367e-04 1.023763543344102800e-04 5.490677431225776672e-04 -9.999998807907104492e-01
-1.832958906888961792e-01 -9.830576777458190918e-01 -5.135193932801485062e-04 9.412600047653540969e-05 5.048192688263952732e-04 -9.999998807907104492e-01
-6.538927555084228516e-02 -9.978597164154052734e-01 -4.425853840075433254e-04 2.894034332712180912e-05 4.416381998453289270e-04 -9.999999403953552246e-01
-6.538927555084228516e-02 -9.978597760200500488e-01 -4.177333321422338486e-04 2.731528365984559059e-05 4.168393206782639027e-04 -9.999999403953552246e-01
5.344056710600852966e-02 -9.985710382461547852e-01 -1.936815824592486024e-04 -1.035045352182351053e-05 1.934048195835202932e-04 -1.000000000000000000e+00
5.344056710600852966e-02 -9.985710382461547852e-01 -7.795597775839269161e-05 -4.166011876804986969e-06 7.784458284731954336e-05 -1.000000000000000000e+00
1.715153455734252930e-01 -9.851814508438110352e-01 2.300936175743117929e-04 3.946458673453889787e-05 -2.266839583171531558e-04 -1.000000000000000000e+00
1.715153455734252930e-01 -9.851814508438110352e-01 2.319134800927713513e-04 3.977672167820855975e-05 -2.284768561366945505e-04 -1.000000000000000000e+00
8.603889942169189453e-01 -5.096374154090881348e-01 7.246827590279281139e-04 6.235091714188456535e-04 -3.693255421239882708e-04 -9.999997615814208984e-01
8.603889942169189453e-01 -5.096374154090881348e-01 7.135528721846640110e-04 6.139331380836665630e-04 -3.636533219832926989e-04 -9.999997615814208984e-01
9.267043471336364746e-01 -3.757899701595306396e-01 1.037957728840410709e-03 9.618804324418306351e-04 -3.900543088093400002e-04 -9.999994635581970215e-01
9.267043471336364746e-01 -3.757899701595306396e-01 1.029777107760310173e-03 9.542994084767997265e-04 -3.869801294058561325e-04 -9.999994635581970215e-01
9.723430871963500977e-01 -2.335557639598846436e-01 8.573928498663008213e-04 8.336802129633724689e-04 -2.002490946324542165e-04 -9.999996423721313477e-01
9.723430275917053223e-01 -2.335557490587234497e-01 8.861889364197850227e-04 8.616799605078995228e-04 -2.069745969492942095e-04 -9.999996423721313477e-01
9.962851405143737793e-01 -8.611021190881729126e-02 9.664269164204597473e-04 9.628372499719262123e-04 -8.321926725329831243e-05 -9.999995231628417969e-01
9.962852001190185547e-01 -8.611021935939788818e-02 9.317353833466768265e-04 9.282745886594057083e-04 -8.023197005968540907e-05 -9.999995827674865723e-01
9.960820078849792480e-01 -8.843398839235305786e-02 -4.147021682001650333e-04 -4.130773886572569609e-04 3.667376950033940375e-05 -9.999999403953552246e-01
9.960819482803344727e-01 -8.843398839235305786e-02 -4.424742073751986027e-04 -4.407406668178737164e-04 3.912976535502821207e-05 -9.999999403953552246e-01
9.541316032409667969e-01 -2.993861138820648193e-01 -9.496152051724493504e-04 -9.060582960955798626e-04 2.843017282430082560e-04 -9.999995827674865723e-01
9.541316032409667969e-01 -2.993861138820648193e-01 -9.452644153498113155e-04 -9.019070421345531940e-04 2.829991572070866823e-04 -9.999995827674865723e-01
8.680430650711059570e-01 -4.964878261089324951e-01 -1.051147351972758770e-03 -9.124416974373161793e-04 5.218821461312472820e-04 -9.999994635581970215e-01
8.680429458618164062e-01 -4.964877665042877197e-01 -1.140499487519264221e-03 -9.900033473968505859e-04 5.662444746121764183e-04 -9.999994039535522461e-01
7.417978048324584961e-01 -6.706221103668212891e-01 -1.421028398908674717e-03 -1.054116874001920223e-03 9.529740200378000736e-04 -9.999989867210388184e-01
7.417978644371032715e-01 -6.706221103668212891e-01 -1.398914959281682968e-03 -1.037713140249252319e-03 9.381442214362323284e-04 -9.999990463256835938e-01
5.812381505966186523e-01 -8.137322068214416504e-01 -1.463590539060533047e-03 -8.506955346092581749e-04 1.190972048789262772e-03 -9.999989271163940430e-01
5.812382102012634277e-01 -8.137323260307312012e-01 -1.395500497892498970e-03 -8.111189818009734154e-04 1.135564991272985935e-03 -9.999990463256835938e-01
3.937879502773284912e-01 -9.192000031471252441e-01 -1.580711570568382740e-03 -6.224659737199544907e-04 1.452991855330765247e-03 -9.999987483024597168e-01
3.937880396842956543e-01 -9.192001223564147949e-01 -1.450477051548659801e-03 -5.711811827495694160e-04 1.333280233666300774e-03 -9.999989867210388184e-01
1.881227195262908936e-01 -9.821439981460571289e-01 -1.750942436046898365e-03 -3.293925256002694368e-04 1.719680149108171463e-03 -9.999984502792358398e-01
1.881227195262908936e-01 -9.821439385414123535e-01 -1.791854389011859894e-03 -3.370890044607222080e-04 1.759861595928668976e-03 -9.999983906745910645e-01
-2.624492160975933075e-02 -9.996544718742370605e-01 -1.475700526498258114e-03 3.872968591167591512e-05 1.475192257203161716e-03 -9.999989271163940430e-01
-2.624491788446903229e-02 -9.996543526649475098e-01 -1.552521251142024994e-03 4.074584285262972116e-05 1.551986439153552055e-03 -9.999988079071044922e-01
-2.394003421068191528e-01 -9.709206819534301758e-01 -7.558868383057415485e-04 1.809595996746793389e-04 7.339062867686152458e-04 -9.999997019767761230e-01
-2.394003421068191528e-01 -9.709206819534301758e-01 -7.379777962341904640e-04 1.766721688909456134e-04 7.165180286392569542e-04 -9.999997019767761230e-01
9.980953931808471680e-01 6.167848035693168640e-02 1.169874914921820164e-03 1.167647540569305420e-03 7.215615187305957079e-05 -9.999993443489074707e-01
9.980953931808471680e-01 6.167848035693168640e-02 1.163879875093698502e-03 1.161663909442722797e-03 7.178638770710676908e-05 -9.999993443489074707e-01
9.791208505630493164e-01 2.032763957977294922e-01 1.044941716827452183e-03 1.023124787025153637e-03 2.124120946973562241e-04 -9.999994635581970215e-01
9.791207313537597656e-01 2.032763659954071045e-01 1.161621068604290485e-03 1.137368031777441502e-03 2.361302613280713558e-04 -9.999993443489074707e-01
9.401626586914062500e-01 3.407239615917205811e-01 1.185823697596788406e-03 1.114867976866662502e-03 4.040388448629528284e-04 -9.999992847442626953e-01
9.401627182960510254e-01 3.407239913940429688e-01 1.058397465385496616e-03 9.950665989890694618e-04 3.606216632761061192e-04 -9.999994635581970215e-01
8.820172548294067383e-01 4.712161123752593994e-01 9.477279963903129101e-04 8.359128842130303383e-04 4.465849488042294979e-04 -9.999995827674865723e-01
8.820174336433410645e-01 4.712162017822265625e-01 7.660189876332879066e-04 6.756422808393836021e-04 3.609606646932661533e-04 -9.999997019767761230e-01
8.058690428733825684e-01 5.920937061309814453e-01 3.986334777437150478e-04 3.212463925592601299e-04 2.360283979214727879e-04 -9.999999403953552246e-01
8.058690428733825684e-01 5.920937061309814453e-01 3.632250009104609489e-04 2.927118039224296808e-04 2.150632644770666957e-04 -9.999999403953552246e-01
7.132746577262878418e-01 7.008846402168273926e-01 2.005017013289034367e-04 1.430127886123955250e-04 1.405285584041848779e-04 -1.000000000000000000e+00
7.132746577262878418e-01 7.008846402168273926e-01 2.214740961790084839e-04 1.579718664288520813e-04 1.552277972223237157e-04 -1.000000000000000000e+00
6.061211228370666504e-01 7.953723669052124023e-01 8.738302858546376228e-05 5.296470044413581491e-05 6.950204988243058324e-05 -1.000000000000000000e+00
6.061211228370666504e-01 7.953723669052124023e-01 6.941546598682180047e-05 4.207418169244192541e-05 5.521114508155733347e-05 -1.000000000000000000e+00
4.081636667251586914e-01 9.129074811935424805e-01 1.554519636556506157e-03 6.344991852529346943e-04 1.419134321622550488e-03 -9.999988079071044922e-01
4.081636667251586914e-01 9.129074811935424805e-01 1.547029474750161171e-03 6.314419442787766457e-04 1.412296434864401817e-03 -9.999988079071044922e-01
5.822221636772155762e-01 8.130278587341308594e-01 1.758780679665505886e-03 1.024002674967050552e-03 1.429939875379204750e-03 -9.999984502792358398e-01
5.822222232818603516e-01 8.130279183387756348e-01 1.704629394225776196e-03 9.924744954332709312e-04 1.385913346894085407e-03 -9.999985694885253906e-01
7.328329086303710938e-01 6.804066300392150879e-01 1.694871694780886173e-03 1.242059515789151192e-03 1.153203542344272137e-03 -9.999985694885253906e-01
7.328328490257263184e-01 6.804065108299255371e-01 1.735286088660359383e-03 1.271676737815141678e-03 1.180702005513012409e-03 -9.999985098838806152e-01
8.539288043975830078e-01 5.203863978385925293e-01 1.911947969347238541e-03 1.632670406252145767e-03 9.949535597115755081e-04 -9.999981522560119629e-01
8.539288043975830078e-01 5.203863978385925293e-01 1.900066155940294266e-03 1.622524112462997437e-03 9.887703927233815193e-04 -9.999982118606567383e-01
9.406381249427795410e-01 3.394057452678680420e-01 1.935486332513391972e-03 1.820595585741102695e-03 6.569164106622338295e-04 -9.999981522560119629e-01
9.406381249427795410e-01 3.394057452678680420e-01 1.940978225320577621e-03 1.825761515647172928e-03 6.587803945876657963e-04 -9.999981522560119629e-01
9.894660711288452148e-01 1.447591185569763184e-01 1.286454731598496437e-03 1.272904337383806705e-03 1.862261997302994132e-04 -9.999991655349731445e-01
9.894661307334899902e-01 1.447591334581375122e-01 1.274052192457020283e-03 1.260632416233420372e-03 1.844308135332539678e-04 -9.999991655349731445e-01
4.387119114398956299e-01 8.986276984214782715e-01 -3.511793329380452633e-04 -1.540665689390152693e-04 -3.155794984195381403e-04 -9.999999403953552246e-01
4.387119114398956299e-01 8.986276984214782715e-01 -3.577098250389099121e-04 -1.569315645610913634e-04 -3.214479656890034676e-04 -9.999999403953552246e-01
3.491266071796417236e-01 9.370754957199096680e-01 -3.737199876923114061e-04 -1.304756005993112922e-04 -3.502038598526269197e-04 -9.999999403953552246e-01
3.491266071796417236e-01 9.370754361152648926e-01 -5.128171760588884354e-04 -1.790381356840953231e-04 -4.805484495591372252e-04 -9.999998807907104492e-01
2.562233805656433105e-01 9.666175246238708496e-01 -5.134784150868654251e-04 -1.315651898039504886e-04 -4.963373066857457161e-04 -9.999998807907104492e-01
2.562233507633209229e-01 9.666174650192260742e-01 -5.550165078602731228e-04 -1.422082423232495785e-04 -5.364888347685337067e-04 -9.999998807907104492e-01
1.608845591545104980e-01 9.869730472564697266e-01 -6.679713260382413864e-04 -1.074662868632003665e-04 -6.592698046006262302e-04 -9.999998211860656738e-01
1.608845591545104980e-01 9.869730472564697266e-01 -6.516334833577275276e-04 -1.048377816914580762e-04 -6.431448273360729218e-04 -9.999998211860656738e-01
6.401618570089340210e-02 9.979482889175415039e-01 -1.074018655344843864e-03 -6.875462713651359081e-05 -1.071815844625234604e-03 -9.999994635581970215e-01
6.401618570089340210e-02 9.979482889175415039e-01 -1.094063511118292809e-03 -7.003781502135097980e-05 -1.091819489374756813e-03 -9.999994039535522461e-01
-3.345929086208343506e-02 9.994387030601501465e-01 -1.683698152191936970e-03 5.633541877614334226e-05 -1.682755304500460625e-03 -9.999985694885253906e-01
-3.345928713679313660e-02 9.994385838508605957e-01 -1.749274786561727524e-03 5.852957110619172454e-05 -1.748295268043875694e-03 -9.999985098838806152e-01
-1.306174546480178833e-01 9.914305806159973145e-01 -2.115773037075996399e-03 2.763575466815382242e-04 -2.097647171467542648e-03 -9.999977946281433105e-01
-1.306174397468566895e-01 9.914304614067077637e-01 -2.196979243308305740e-03 2.869644958991557360e-04 -2.178157446905970573e-03 -9.999976158142089844e-01
-2.265337258577346802e-01 9.739997982978820801e-01 -2.620443236082792282e-03 5.936208763159811497e-04 -2.552320249378681183e-03 -9.999966025352478027e-01
-2.265337258577346802e-01 9.739997982978820801e-01 -2.626324072480201721e-03 5.949530750513076782e-04 -2.558047883212566376e-03 -9.999965429306030273e-01
-9.495319724082946777e-01 -3.136511445045471191e-01 -3.462017979472875595e-03 3.287316765636205673e-03 1.085872529074549675e-03 -9.999940395355224609e-01
-9.495320916175842285e-01 -3.136511743068695068e-01 -3.433011472225189209e-03 3.259774064645171165e-03 1.076774555258452892e-03 -9.999941587448120117e-01
-9.990869164466857910e-01 4.268447682261466980e-02 -1.840756624005734921e-03 1.839078962802886963e-03 -7.857186574256047606e-05 -9.999983310699462891e-01
-9.990869760513305664e-01 4.268448054790496826e-02 -1.818198594264686108e-03 1.816541422158479691e-03 -7.760898733977228403e-05 -9.999983906745910645e-01
-9.193246364593505859e-01 3.934997320175170898e-01 -3.983642964158207178e-04 3.662261296994984150e-04 -1.567562576383352280e-04 -9.999999403953552246e-01
-9.193246960639953613e-01 3.934997618198394775e-01 -3.679619694594293833e-04 3.382764989510178566e-04 -1.447929389541968703e-04 -9.999999403953552246e-01
-7.205721139907836914e-01 6.933799982070922852e-01 2.728079271037131548e-04 -1.965777628356590867e-04 1.891595456982031465e-04 -9.999999403953552246e-01
-7.205720543861389160e-01 6.933799386024475098e-01 3.236150369048118591e-04 -2.331879659323021770e-04 2.243881899630650878e-04 -9.999999403953552246e-01
-4.285534918308258057e-01 9.035164117813110352e-01 8.672178410051856190e-06 -3.716492301464313641e-06 7.835455107851885259e-06 -1.000000000000000000e+00
-4.285534918308258057e-01 9.035164117813110352e-01 3.180384010192938149e-05 -1.362964667350752279e-05 2.873529228963889182e-05 -1.000000000000000000e+00
-8.106756955385208130e-02 9.967085719108581543e-01 -3.124295617453753948e-04 2.532790676923468709e-05 -3.114012361038476229e-04 -9.999999403953552246e-01
-8.106756955385208130e-02 9.967085719108581543e-01 -3.200981882400810719e-04 2.594958459667395800e-05 -3.190446295775473118e-04 -9.999999403953552246e-01
2.769135534763336182e-01 9.608948826789855957e-01 9.355654037790372968e-05 2.590707481431309134e-05 8.989799971459433436e-05 -1.000000000000000000e+00
2.769135534763336182e-01 9.608948826789855957e-01 9.590013360138982534e-05 2.655604657775256783e-05 9.214994497597217560e-05 -1.000000000000000000e+00
-2.974774837493896484e-01 9.547241926193237305e-01 -2.989273052662611008e-03 8.892453042790293694e-04 -2.853943733498454094e-03 -9.999955296516418457e-01
-2.974774837493896484e-01 9.547241926193237305e-01 -2.990092150866985321e-03 8.894889615476131439e-04 -2.854725811630487442e-03 -9.999955296516418457e-01
-3.499557971954345703e-01 9.367613792419433594e-01 -3.029602114111185074e-03 1.060231705196201801e-03 -2.838027197867631912e-03 -9.999954104423522949e-01
-3.499557077884674072e-01 9.367611408233642578e-01 -3.108801320195198059e-03 1.087948097847402096e-03 -2.912218449637293816e-03 -9.999951720237731934e-01
-4.013560414314270020e-01 9.159163832664489746e-01 -3.239538753405213356e-03 1.300215255469083786e-03 -2.967162290588021278e-03 -9.999947547912597656e-01
-4.013560712337493896e-01 9.159163832664489746e-01 -3.250937908887863159e-03 1.304790377616882324e-03 -2.977602882310748100e-03 -9.999946951866149902e-01
-4.515226185321807861e-01 8.922534584999084473e-01 -3.327272366732358932e-03 1.502347062341868877e-03 -2.968786749988794327e-03 -9.999944567680358887e-01
-4.515226185321807861e-01 8.922534584999084473e-01 -3.334624925628304482e-03 1.505666878074407578e-03 -2.975347219035029411e-03 -9.999944567680358887e-01
-1.560718715190887451e-01 -9.877426624298095703e-01 -2.455291803926229477e-03 3.832031798083335161e-04 2.425204031169414520e-03 -9.999970197677612305e-01
-1.560718864202499390e-01 -9.877427220344543457e-01 -2.445446792989969254e-03 3.816666139755398035e-04 2.415479393675923347e-03 -9.999970197677612305e-01
-4.655339419841766357e-01 -8.850218653678894043e-01 -3.799221478402614594e-03 1.768679358065128326e-03 3.362418385222554207e-03 -9.999927878379821777e-01
-4.655339419841766357e-01 -8.850218653678894043e-01 -3.800783772021532059e-03 1.769406604580581188e-03 3.363800933584570885e-03 -9.999927878379821777e-01
-7.254999876022338867e-01 -6.882073879241943359e-01 -4.512370098382234573e-03 3.273757873103022575e-03 3.105478128418326378e-03 -9.999898076057434082e-01
-7.254999279975891113e-01 -6.882073879241943359e-01 -4.527154378592967987e-03 3.284483915194869041e-03 3.115652827546000481e-03 -9.999897480010986328e-01
-9.083325862884521484e-01 -4.182277321815490723e-01 -4.183073528110980988e-03 3.799655707553029060e-03 1.749492832459509373e-03 -9.999912977218627930e-01
-9.083328843116760254e-01 -4.182278513908386230e-01 -4.115311428904533386e-03 3.738104365766048431e-03 1.721152453683316708e-03 -9.999915361404418945e-01
-9.945962429046630859e-01 -1.037818118929862976e-01 -2.768460894003510475e-03 2.753511304035782814e-03 2.873169723898172379e-04 -9.999961853027343750e-01
-9.945961833000183105e-01 -1.037818044424057007e-01 -2.797324210405349731e-03 2.782218856737017632e-03 2.903124841395765543e-04 -9.999961256980895996e-01
-8.208685517311096191e-01 5.710399746894836426e-01 -9.392525069415569305e-03 7.710368372499942780e-03 -5.363744217902421951e-03 -9.999558925628662109e-01
-8.208685517311096191e-01 5.710400342941284180e-01 -9.383385069668292999e-03 7.702865637838840485e-03 -5.358525086194276810e-03 -9.999560117721557617e-01
9.942338466644287109e-01 1.072259172797203064e-01 1.325982855632901192e-03 1.318338094279170036e-03 1.421798515366390347e-04 -9.999991655349731445e-01
9.942338466644287109e-01 1.072259172797203064e-01 1.311859814450144768e-03 1.304296543821692467e-03 1.406654919264838099e-04 -9.999991655349731445e-01
9.325680136680603027e-01 3.609881997108459473e-01 2.103507751598954201e-03 1.961668487638235092e-03 7.593431510031223297e-04 -9.999977946281433105e-01
9.325680136680603027e-01 3.609881997108459473e-01 2.121317433193325996e-03 1.978277228772640228e-03 7.657722453586757183e-04 -9.999977350234985352e-01
8.073033094406127930e-01 5.901331305503845215e-01 2.071876777336001396e-03 1.672636601142585278e-03 1.222685677930712700e-03 -9.999978542327880859e-01
8.073031902313232422e-01 5.901330709457397461e-01 2.130817621946334839e-03 1.720219850540161133e-03 1.257468713447451591e-03 -9.999977350234985352e-01
6.269789338111877441e-01 7.790350317955017090e-01 1.394704682752490044e-03 8.744513033889234066e-04 1.086524804122745991e-03 -9.999990463256835938e-01
6.269789934158325195e-01 7.790350317955017090e-01 1.352019724436104298e-03 8.476887014694511890e-04 1.053271698765456676e-03 -9.999991059303283691e-01
4.038986861705780029e-01 9.148035645484924316e-01 5.843655089847743511e-04 2.360244980081915855e-04 5.345797399058938026e-04 -9.999998211860656738e-01
4.038986861705780029e-01 9.148035645484924316e-01 6.217577029019594193e-04 2.511271450202912092e-04 5.687862867489457130e-04 -9.999998211860656738e-01
1.532691568136215210e-01 9.881843924522399902e-01 4.336937854532152414e-04 6.647189729847013950e-05 4.285695031285285950e-04 -9.999999403953552246e-01
1.532691568136215210e-01 9.881843924522399902e-01 4.454526933841407299e-04 6.827417382737621665e-05 4.401894693728536367e-04 -9.999999403953552246e-01
-1.078121066093444824e-01 9.941707849502563477e-01 1.039230497553944588e-03 -1.120416927733458579e-04 1.033173175528645515e-03 -9.999994635581970215e-01
-1.078121066093444824e-01 9.941707849502563477e-01 1.042431336827576160e-03 -1.123867841670289636e-04 1.036355388350784779e-03 -9.999994635581970215e-01
-3.701027110219001770e-02 9.992703795433044434e-01 -9.434611536562442780e-03 3.491930838208645582e-04 -9.428148157894611359e-03 -9.999555349349975586e-01
-3.701027110219001770e-02 9.992703795433044434e-01 -9.434868581593036652e-03 3.492026007734239101e-04 -9.428405202925205231e-03 -9.999555349349975586e-01
9.082254767417907715e-02 -9.958655834197998047e-01 -1.725645735859870911e-03 -1.567277795402333140e-04 1.718513783998787403e-03 -9.999985098838806152e-01
9.082254767417907715e-02 -9.958655834197998047e-01 -1.731947995722293854e-03 -1.573001645738258958e-04 1.724789966829121113e-03 -9.999985098838806152e-01
3.499952554702758789e-01 -9.367509484291076660e-01 -1.057537388987839222e-03 -3.701332607306540012e-04 9.906496852636337280e-04 -9.999994635581970215e-01
3.499952256679534912e-01 -9.367508888244628906e-01 -1.078509842045605183e-03 -3.774735378101468086e-04 1.010295702144503593e-03 -9.999994635581970215e-01
5.844391584396362305e-01 -8.114370703697204590e-01 -9.184930240735411644e-04 -5.368035053834319115e-04 7.452996214851737022e-04 -9.999995827674865723e-01
5.844391584396362305e-01 -8.114370703697204590e-01 -9.192215511575341225e-04 -5.372292944230139256e-04 7.458907784894108772e-04 -9.999995827674865723e-01
7.775789499282836914e-01 -6.287850141525268555e-01 -6.003142334520816803e-04 -4.667917964980006218e-04 3.774686774704605341e-04 -9.999998211860656738e-01
7.775789499282836914e-01 -6.287850141525268555e-01 -6.242914823815226555e-04 -4.854360013268887997e-04 3.925451892428100109e-04 -9.999998211860656738e-01
9.157742857933044434e-01 -4.016921222209930420e-01 -9.915336268022656441e-04 -9.080214076675474644e-04 3.982914204243570566e-04 -9.999995231628417969e-01
9.157742857933044434e-01 -4.016921222209930420e-01 -9.538810118101537228e-04 -8.735401788726449013e-04 3.831666836049407721e-04 -9.999995827674865723e-01
9.892516136169433594e-01 -1.462194025516510010e-01 -1.084147952497005463e-03 -1.072495826520025730e-03 1.585235731909051538e-04 -9.999994635581970215e-01
9.892516136169433594e-01 -1.462194025516510010e-01 -1.087617943994700909e-03 -1.075928565114736557e-03 1.590309548191726208e-04 -9.999994635581970215e-01
-5.321913957595825195e-01 8.466123938560485840e-01 -4.444172605872154236e-03 2.365173771977424622e-03 -3.762528998777270317e-03 -9.999901056289672852e-01
-5.321914553642272949e-01 8.466125130653381348e-01 -4.425105173140764236e-03 2.355026081204414368e-03 -3.746386151760816574e-03 -9.999902248382568359e-01
-5.844082832336425781e-01 8.114460110664367676e-01 -4.728677682578563690e-03 2.763509750366210938e-03 -3.837110009044408798e-03 -9.999888539314270020e-01
-5.844084024429321289e-01 8.114462494850158691e-01 -4.679547622799873352e-03 2.734797308221459389e-03 -3.797243116423487663e-03 -9.999890923500061035e-01
-6.343097090721130371e-01 7.730646729469299316e-01 -4.722042474895715714e-03 2.995270304381847382e-03 -3.650484373793005943e-03 -9.999888539314270020e-01
-6.343097090721130371e-01 7.730646729469299316e-01 -4.705338738858699799e-03 2.984675345942378044e-03 -3.637571819126605988e-03 -9.999889731407165527e-01
-6.816971302032470703e-01 7.316192984580993652e-01 -4.729105625301599503e-03 3.223853418603539467e-03 -3.459943458437919617e-03 -9.999888539314270020e-01
-6.816974878311157227e-01 7.316197752952575684e-01 -4.590992350131273270e-03 3.129701362922787666e-03 -3.358896356076002121e-03 -9.999895095825195312e-01
-7.263829708099365234e-01 6.872746944427490234e-01 -4.628253169357776642e-03 3.361919894814491272e-03 -3.180914791300892830e-03 -9.999892711639404297e-01
-7.263832688331604004e-01 6.872749924659729004e-01 -4.532122518867254257e-03 3.292091656476259232e-03 -3.114846302196383476e-03 -9.999897480010986328e-01
-7.681890726089477539e-01 6.402052640914916992e-01 -4.766309633851051331e-03 3.661468857899308205e-03 -3.051451407372951508e-03 -9.999886751174926758e-01
-7.681891918182373047e-01 6.402053236961364746e-01 -4.749501124024391174e-03 3.648556536063551903e-03 -3.040690207853913307e-03 -9.999887347221374512e-01
-8.069484829902648926e-01 5.905970335006713867e-01 -5.412551108747720718e-03 4.367714747786521912e-03 -3.196683712303638458e-03 -9.999853968620300293e-01
-8.069484829902648926e-01 5.905970335006713867e-01 -5.412328522652387619e-03 4.367535002529621124e-03 -3.196552162989974022e-03 -9.999853968620300293e-01
-9.940398335456848145e-01 -1.089719310402870178e-01 -3.172800643369555473e-03 3.153905970975756645e-03 3.457479469943791628e-04 -9.999949932098388672e-01
-9.940397143363952637e-01 -1.089719161391258240e-01 -3.194568911567330360e-03 3.175544785335659981e-03 3.481201129034161568e-04 -9.999949336051940918e-01
-9.600763916969299316e-01 -2.797138988971710205e-01 -3.686106298118829727e-03 3.538967575877904892e-03 1.031062216497957706e-03 -9.999932050704956055e-01
-9.600769877433776855e-01 -2.797140777111053467e-01 -3.507950576022267342e-03 3.367923432961106300e-03 9.812292410060763359e-04 -9.999938607215881348e-01
-8.970169425010681152e-01 -4.419789314270019531e-01 -3.908702638000249863e-03 3.506199223920702934e-03 1.727577415294945240e-03 -9.999923706054687500e-01
-8.970174789428710938e-01 -4.419791996479034424e-01 -3.749880474060773849e-03 3.363732015714049339e-03 1.657380838878452778e-03 -9.999929666519165039e-01
-8.067746162414550781e-01 -5.908480286598205566e-01 -3.643459640443325043e-03 2.939470345154404640e-03 2.152745379135012627e-03 -9.999933838844299316e-01
-8.067746758460998535e-01 -5.908480882644653320e-01 -3.639205824583768845e-03 2.936038188636302948e-03 2.150231739506125450e-03 -9.999933838844299316e-01
-6.920794248580932617e-01 -7.218120098114013672e-01 -3.666225587949156761e-03 2.537336666136980057e-03 2.646343782544136047e-03 -9.999933242797851562e-01
-6.920793652534484863e-01 -7.218120098114013672e-01 -3.685170086100697517e-03 2.550447592511773109e-03 2.660017926245927811e-03 -9.999932050704956055e-01
-5.564085841178894043e-01 -8.308968544006347656e-01 -4.463111516088247299e-03 2.483338350430130959e-03 3.708422183990478516e-03 -9.999900460243225098e-01
-5.564086437225341797e-01 -8.308968544006347656e-01 -4.469858948141336441e-03 2.487092744559049606e-03 3.714028513059020042e-03 -9.999900460243225098e-01
-4.038771688938140869e-01 -9.147976636886596680e-01 -5.344082135707139969e-03 2.158383606001734734e-03 4.888823721557855606e-03 -9.999857544898986816e-01
-4.038770794868469238e-01 -9.147974848747253418e-01 -5.379428155720233917e-03 2.172659384086728096e-03 4.921158775687217712e-03 -9.999855756759643555e-01
-2.391052395105361938e-01 -9.709786176681518555e-01 -5.407026968896389008e-03 1.292867353186011314e-03 5.250184331089258194e-03 -9.999853968620300293e-01
-2.391052246093750000e-01 -9.709785580635070801e-01 -5.415304098278284073e-03 1.294846413657069206e-03 5.258221179246902466e-03 -9.999853372573852539e-01
6.171455979347229004e-01 -7.868410944938659668e-01 3.517552977427840233e-03 2.170855645090341568e-03 -2.767772413790225983e-03 -9.999938011169433594e-01
6.171456575393676758e-01 -7.868412137031555176e-01 3.498672973364591599e-03 2.159204101189970970e-03 -2.752916887402534485e-03 -9.999939203262329102e-01
4.849340319633483887e-01 -8.745411038398742676e-01 4.110732581466436386e-03 1.993451034650206566e-03 -3.595035057514905930e-03 -9.999915361404418945e-01
4.849342405796051025e-01 -8.745414614677429199e-01 4.010386299341917038e-03 1.944789430126547813e-03 -3.507277462631464005e-03 -9.999920129776000977e-01
3.405191302299499512e-01 -9.402303695678710938e-01 3.701850306242704391e-03 1.260559423826634884e-03 -3.480616025626659393e-03 -9.999931454658508301e-01
3.405192196369171143e-01 -9.402306675910949707e-01 3.620992414653301239e-03 1.233025570400059223e-03 -3.404590301215648651e-03 -9.999934434890747070e-01
-1.566202938556671143e-01 9.876573085784912109e-01 -1.776912133209407330e-03 2.783009258564561605e-04 -1.754982979036867619e-03 -9.999984502792358398e-01
-1.566202938556671143e-01 9.876573085784912109e-01 -1.783492392860352993e-03 2.793315507005900145e-04 -1.761482097208499908e-03 -9.999984502792358398e-01
-3.423053324222564697e-01 9.395869374275207520e-01 -1.840349752455949783e-03 6.299627129919826984e-04 -1.729171839542686939e-03 -9.999983310699462891e-01
-3.423053920269012451e-01 9.395871162414550781e-01 -1.802200102247297764e-03 6.169037660583853722e-04 -1.693326630629599094e-03 -9.999983906745910645e-01
-5.153980255126953125e-01 8.569492697715759277e-01 -1.715045422315597534e-03 8.839324000291526318e-04 -1.469709211960434914e-03 -9.999985694885253906e-01
-5.153980851173400879e-01 8.569493293762207031e-01 -1.668729353696107864e-03 8.600610890425741673e-04 -1.430018455721437931e-03 -9.999986290931701660e-01
-6.695265173912048340e-01 7.427864074707031250e-01 -1.618147711269557476e-03 1.083394279703497887e-03 -1.201939652673900127e-03 -9.999986886978149414e-01
-6.695265173912048340e-01 7.427864074707031250e-01 -1.604996039532124996e-03 1.074588974006474018e-03 -1.192170893773436546e-03 -9.999987483024597168e-01
-7.990255951881408691e-01 6.012941598892211914e-01 -1.838105614297091961e-03 1.468696282245218754e-03 -1.105244271457195282e-03 -9.999983310699462891e-01
-7.990255951881408691e-01 6.012941598892211914e-01 -1.841838937252759933e-03 1.471679308451712132e-03 -1.107489108107984066e-03 -9.999983310699462891e-01
-8.991276621818542480e-01 4.376805722713470459e-01 -2.274882514029741287e-03 2.045415109023451805e-03 -9.956744033843278885e-04 -9.999974370002746582e-01
-8.991277217864990234e-01 4.376806020736694336e-01 -2.232952509075403214e-03 2.007714472711086273e-03 -9.773224592208862305e-04 -9.999974966049194336e-01
-9.661504030227661133e-01 2.579661011695861816e-01 -2.627029316499829292e-03 2.538114087656140327e-03 -6.776868831366300583e-04 -9.999965429306030273e-01
-9.661505222320556641e-01 2.579661309719085693e-01 -2.590105403214693069e-03 2.502440009266138077e-03 -6.681617232970893383e-04 -9.999966621398925781e-01
-9.976284503936767578e-01 6.876138597726821899e-02 -3.061915049329400063e-03 3.054667497053742409e-03 -2.105424646288156509e-04 -9.999952912330627441e-01
-9.976285099983215332e-01 6.876138597726821899e-02 -3.040738170966506004e-03 3.033541142940521240e-03 -2.090863272314891219e-04 -9.999954104423522949e-01
7.732337117195129395e-01 -6.341212391853332520e-01 -1.077205160981975496e-04 -8.329313277499750257e-05 6.830786878708750010e-05 -1.000000000000000000e+00
7.732337117195129395e-01 -6.341212391853332520e-01 -1.387665543006733060e-04 -1.072989762178622186e-04 8.799482020549476147e-05 -1.000000000000000000e+00
7.325510382652282715e-01 -6.807121038436889648e-01 6.668565765721723437e-05 4.885064845439046621e-05 -4.539373549050651491e-05 -1.000000000000000000e+00
7.325510382652282715e-01 -6.807121038436889648e-01 6.823050352977588773e-05 4.998232543584890664e-05 -4.644532964448444545e-05 -1.000000000000000000e+00
6.890659332275390625e-01 -7.246987223625183105e-01 1.839180731622036546e-05 1.267316747544100508e-05 -1.332851934421341866e-05 -1.000000000000000000e+00
6.890659332275390625e-01 -7.246987223625183105e-01 3.721371103893034160e-05 2.564270107541233301e-05 -2.696872797969263047e-05 -1.000000000000000000e+00
6.429445743560791016e-01 -7.659127116203308105e-01 1.978713844437152147e-04 1.272203371627256274e-04 -1.515522017143666744e-04 -1.000000000000000000e+00
6.429445743560791016e-01 -7.659127116203308105e-01 1.672232465352863073e-04 1.075152758858166635e-04 -1.280784053960815072e-04 -1.000000000000000000e+00
5.943632721900939941e-01 -8.041967153549194336e-01 2.154234680347144604e-04 1.280397991649806499e-04 -1.732428499963134527e-04 -1.000000000000000000e+00
5.943632125854492188e-01 -8.041966557502746582e-01 2.592173987068235874e-04 1.540693192509934306e-04 -2.084617881337180734e-04 -1.000000000000000000e+00
5.435084700584411621e-01 -8.394037485122680664e-01 8.498383976984769106e-05 4.618943785317242146e-05 -7.133575127227231860e-05 -1.000000000000000000e+00
5.435084700584411621e-01 -8.394037485122680664e-01 4.391680340631864965e-05 2.386915548413526267e-05 -3.686393029056489468e-05 -1.000000000000000000e+00
-9.789309501647949219e-01 2.041682153940200806e-01 -3.111513564363121986e-03 3.045971505343914032e-03 -6.352752097882330418e-04 -9.999951720237731934e-01
-9.789308905601501465e-01 2.041682004928588867e-01 -3.127134405076503754e-03 3.061263356357812881e-03 -6.384645239450037479e-04 -9.999951124191284180e-01
-9.982264637947082520e-01 5.939991772174835205e-02 -3.958804067224264145e-03 3.951814025640487671e-03 -2.351544826524332166e-04 -9.999921917915344238e-01
-9.982267618179321289e-01 5.939993634819984436e-02 -3.883125027641654015e-03 3.876268398016691208e-03 -2.306591195520013571e-04 -9.999924898147583008e-01
-9.962287545204162598e-01 -8.663354814052581787e-02 -4.793984815478324890e-03 4.775960464030504227e-03 4.153246991336345673e-04 -9.999884963035583496e-01
-9.962293505668640137e-01 -8.663360029458999634e-02 -4.671990871429443359e-03 4.654425196349620819e-03 4.047558177262544632e-04 -9.999890923500061035e-01
-9.729767441749572754e-01 -2.308175712823867798e-01 -6.294719874858856201e-03 6.124737206846475601e-03 1.452960772439837456e-03 -9.999802112579345703e-01
-9.729765653610229492e-01 -2.308175414800643921e-01 -6.323111709207296371e-03 6.152362562716007233e-03 1.459514256566762924e-03 -9.999800324440002441e-01
-9.289599061012268066e-01 -3.700714409351348877e-01 -8.981863036751747131e-03 8.344128727912902832e-03 3.324065357446670532e-03 -9.999597072601318359e-01
-9.289593100547790527e-01 -3.700712025165557861e-01 -9.046032093465328217e-03 8.403740823268890381e-03 3.347813617438077927e-03 -9.999591112136840820e-01
-8.651349544525146484e-01 -5.014271140098571777e-01 -1.060546468943357468e-02 9.175673127174377441e-03 5.318165291100740433e-03 -9.999437332153320312e-01
-8.651351332664489746e-01 -5.014271736145019531e-01 -1.058509759604930878e-02 9.158052504062652588e-03 5.307952873408794403e-03 -9.999439716339111328e-01
-7.828727364540100098e-01 -6.220939159393310547e-01 -1.045722421258687973e-02 8.187125436961650848e-03 6.505731958895921707e-03 -9.999453425407409668e-01
-7.828727960586547852e-01 -6.220938563346862793e-01 -1.046389900147914886e-02 8.192351087927818298e-03 6.509884726256132126e-03 -9.999452829360961914e-01
4.983232617378234863e-01 -8.669912219047546387e-01 -4.312624514568597078e-04 -2.149081265088170767e-04 3.739007806871086359e-04 -9.999999403953552246e-01
4.983232617378234863e-01 -8.669912219047546387e-01 -4.372194525785744190e-04 -2.178766299039125443e-04 3.790654591284692287e-04 -9.999999403953552246e-01
4.500189721584320068e-01 -8.930188417434692383e-01 -5.214629927650094032e-04 -2.346682740608230233e-04 4.656763339880853891e-04 -9.999998807907104492e-01
4.500189721584320068e-01 -8.930188417434692383e-01 -5.455865175463259220e-04 -2.455243084114044905e-04 4.872191057074815035e-04 -9.999998807907104492e-01
4.003595411777496338e-01 -9.163579344749450684e-01 -7.036811439320445061e-04 -2.817254862748086452e-04 6.448238855227828026e-04 -9.999997615814208984e-01
4.003595113754272461e-01 -9.163578748703002930e-01 -7.472761208191514015e-04 -2.991791407112032175e-04 6.847725016996264458e-04 -9.999997019767761230e-01
3.494949042797088623e-01 -9.369381070137023926e-01 -6.266380078159272671e-04 -2.190068335039541125e-04 5.871211178600788116e-04 -9.999998211860656738e-01
3.494949340820312500e-01 -9.369381666183471680e-01 -5.193563993088901043e-04 -1.815124414861202240e-04 4.866048984695225954e-04 -9.999998807907104492e-01
2.975775003433227539e-01 -9.546976089477539062e-01 -3.325593133922666311e-04 -9.896217670757323503e-05 3.174935991410166025e-04 -9.999999403953552246e-01
2.975775003433227539e-01 -9.546976089477539062e-01 -3.440081200096756220e-04 -1.023690856527537107e-04 3.284237463958561420e-04 -9.999999403953552246e-01
-1.532524824142456055e-01 9.881854057312011719e-01 -1.819128869101405144e-03 2.787864941637963057e-04 -1.797639764845371246e-03 -9.999983906745910645e-01
-1.532524824142456055e-01 9.881854653358459473e-01 -1.796734635718166828e-03 2.753545122686773539e-04 -1.775509910658001900e-03 -9.999983906745910645e-01
-3.052482008934020996e-01 9.522703289985656738e-01 -2.180820098146796227e-03 6.656930199824273586e-04 -2.076735487207770348e-03 -9.999976754188537598e-01
-3.052482008934020996e-01 9.522703886032104492e-01 -2.166398800909519196e-03 6.612908910028636456e-04 -2.063002204522490501e-03 -9.999976754188537598e-01
-4.497987329959869385e-01 8.931272625923156738e-01 -2.175214234739542007e-03 9.784110588952898979e-04 -1.942747971042990685e-03 -9.999976754188537598e-01
-4.497987329959869385e-01 8.931272625923156738e-01 -2.200789051130414009e-03 9.899145225062966347e-04 -1.965589355677366257e-03 -9.999976158142089844e-01
-5.833777785301208496e-01 8.121979236602783203e-01 -2.204627497121691704e-03 1.286133890971541405e-03 -1.790598267689347267e-03 -9.999975562095642090e-01
-5.833777785301208496e-01 8.121979236602783203e-01 -2.225474221631884575e-03 1.298295333981513977e-03 -1.807529828511178493e-03 -9.999975562095642090e-01
-7.027251720428466797e-01 7.114585638046264648e-01 -2.040216699242591858e-03 1.433714525774121284e-03 -1.451532472856342793e-03 -9.999979734420776367e-01
-7.027251124382019043e-01 7.114584445953369141e-01 -2.084358595311641693e-03 1.464734203182160854e-03 -1.482937717810273170e-03 -9.999978542327880859e-01
-8.049324750900268555e-01 5.933615565299987793e-01 -2.422402845695614815e-03 1.949876314029097557e-03 -1.437364961020648479e-03 -9.999970793724060059e-01
-8.049324154853820801e-01 5.933614969253540039e-01 -2.429568208754062653e-03 1.955644227564334869e-03 -1.441616681404411793e-03 -9.999970793724060059e-01
-8.875036835670471191e-01 4.607937633991241455e-01 -2.524774521589279175e-03 2.240753732621669769e-03 -1.163404085673391819e-03 -9.999968409538269043e-01
-8.875037431716918945e-01 4.607937932014465332e-01 -2.490521874278783798e-03 2.210354199633002281e-03 -1.147620612755417824e-03 -9.999969005584716797e-01
-9.484277963638305664e-01 3.169829845428466797e-01 -2.552040386945009232e-03 2.420434262603521347e-03 -8.089561015367507935e-04 -9.999967813491821289e-01
-9.484277963638305664e-01 3.169829845428466797e-01 -2.560674445703625679e-03 2.428622683510184288e-03 -8.116929093375802040e-04 -9.999967217445373535e-01
2.285017818212509155e-01 -9.735434651374816895e-01 2.448749437462538481e-04 5.595436959993094206e-05 -2.383964310865849257e-04 -1.000000000000000000e+00
2.285017967224121094e-01 -9.735435247421264648e-01 2.369868889218196273e-04 5.415192936197854578e-05 -2.307170507265254855e-04 -1.000000000000000000e+00
1.655306667089462280e-01 -9.862046241760253906e-01 4.119694349355995655e-04 6.819357804488390684e-05 -4.062861844431608915e-04 -9.999999403953552246e-01
1.018773466348648071e-01 -9.947969317436218262e-01 3.776406229007989168e-04 3.847302650683559477e-05 -3.756757650990039110e-04 -9.999999403953552246e-01
1.018773466348648071e-01 -9.947969317436218262e-01 3.803938161581754684e-04 3.875351467286236584e-05 -3.784146101679652929e-04 -9.999999403953552246e-01
1.655306667089462280e-01 -9.862045645713806152e-01 4.331817617639899254e-04 7.170488242991268635e-05 -4.272059013601392508e-04 -9.999999403953552246e-01
9.807322025299072266e-01 1.953531205654144287e-01 1.231416827067732811e-03 1.207691151648759842e-03 2.405613195151090622e-04 -9.999992847442626953e-01
9.807322621345520020e-01 1.953531354665756226e-01 1.220266451127827168e-03 1.196755561977624893e-03 2.383830433245748281e-04 -9.999992847442626953e-01
9.351603388786315918e-01 3.542233109474182129e-01 1.042779535055160522e-03 9.751665638759732246e-04 3.693769976962357759e-04 -9.999994635581970215e-01
9.351604580879211426e-01 3.542233705520629883e-01 8.980883285403251648e-04 8.398569771088659763e-04 3.181239590048789978e-04 -9.999995827674865723e-01
8.640428185462951660e-01 5.034176111221313477e-01 8.727563545107841492e-04 7.540991064161062241e-04 4.393610870465636253e-04 -9.999996423721313477e-01
8.640429377555847168e-01 5.034176707267761230e-01 7.402043556794524193e-04 6.395684904418885708e-04 3.726320283021777868e-04 -9.999997615814208984e-01
7.693210840225219727e-01 6.388618946075439453e-01 7.606822764500975609e-04 5.852091126143932343e-04 4.859710461460053921e-04 -9.999997019767761230e-01
7.693211436271667480e-01 6.388618946075439453e-01 6.812048377469182014e-04 5.240653990767896175e-04 4.351959214545786381e-04 -9.999997615814208984e-01
6.535856723785400391e-01 7.568525671958923340e-01 2.705462684389203787e-04 1.768251386238262057e-04 2.047636226052418351e-04 -9.999999403953552246e-01
6.535856127738952637e-01 7.568525075912475586e-01 3.046702477149665356e-04 1.991281023947522044e-04 2.305904636159539223e-04 -9.999999403953552246e-01
5.199962258338928223e-01 8.541685342788696289e-01 -2.164533725590445101e-05 -1.125549351854715496e-05 -1.848876672738697380e-05 -1.000000000000000000e+00
5.199962258338928223e-01 8.541685342788696289e-01 -9.542029874864965677e-05 -4.961819649906829000e-05 -8.150501525960862637e-05 -1.000000000000000000e+00
3.721999228000640869e-01 9.281524419784545898e-01 -4.924914101138710976e-04 -1.833052810980007052e-04 -4.571071767713874578e-04 -9.999998807907104492e-01
3.721999228000640869e-01 9.281524419784545898e-01 -5.863580736331641674e-04 -2.182424213970080018e-04 -5.442296969704329967e-04 -9.999998211860656738e-01
2.142380326986312866e-01 9.767808914184570312e-01 -1.096360385417938232e-03 -2.348822454223409295e-04 -1.070904545485973358e-03 -9.999994039535522461e-01
2.142380326986312866e-01 9.767808318138122559e-01 -1.129223383031785488e-03 -2.419227676000446081e-04 -1.103004557080566883e-03 -9.999994039535522461e-01
5.042357370257377625e-02 9.987270236015319824e-01 -1.361853559501469135e-03 -6.866958574391901493e-05 -1.360121183097362518e-03 -9.999991059303283691e-01
5.042356997728347778e-02 9.987269639968872070e-01 -1.381675945594906807e-03 -6.966909859329462051e-05 -1.379918307065963745e-03 -9.999990463256835938e-01
4.513458115980029106e-04 -9.999998211860656738e-01 5.047506419941782951e-04 2.278171109537652228e-07 -5.047505837865173817e-04 -9.999998807907104492e-01
4.513458115980029106e-04 -9.999998211860656738e-01 5.200235173106193542e-04 2.347104697264512652e-07 -5.200234591029584408e-04 -9.999998807907104492e-01
-9.120029211044311523e-02 -9.958325624465942383e-01 3.155104641336947680e-04 -2.877464794437400997e-05 -3.141956112813204527e-04 -9.999999403953552246e-01
-9.120029211044311523e-02 -9.958325624465942383e-01 2.783699019346386194e-04 -2.538742046453990042e-05 -2.772098523564636707e-04 -1.000000000000000000e+00
-1.820840686559677124e-01 -9.832829236984252930e-01 2.458580129314213991e-04 -4.476683534448966384e-05 -2.417480136500671506e-04 -1.000000000000000000e+00
-1.820840835571289062e-01 -9.832829833030700684e-01 2.272204437758773565e-04 -4.137322684982791543e-05 -2.234220009995624423e-04 -1.000000000000000000e+00
-2.714340090751647949e-01 -9.624570012092590332e-01 4.170077445451170206e-04 -1.131900935433804989e-04 -4.013520374428480864e-04 -9.999999403953552246e-01
-2.714340090751647949e-01 -9.624570012092590332e-01 4.083501989953219891e-04 -1.108401411329396069e-04 -3.930195234715938568e-04 -9.999999403953552246e-01
-3.585006296634674072e-01 -9.335289597511291504e-01 1.019957941025495529e-03 -3.656557819340378046e-04 -9.521608008071780205e-04 -9.999995231628417969e-01
-3.585005998611450195e-01 -9.335289001464843750e-01 1.066247583366930485e-03 -3.822506405413150787e-04 -9.953735861927270889e-04 -9.999994635581970215e-01
-4.425485134124755859e-01 -8.967440128326416016e-01 1.061589689925312996e-03 -4.698051779996603727e-04 -9.519747109152376652e-04 -9.999994635581970215e-01
-4.425484836101531982e-01 -8.967439532279968262e-01 1.073889899998903275e-03 -4.752486420329660177e-04 -9.630048298276960850e-04 -9.999994039535522461e-01
6.304512023925781250e-01 7.762289047241210938e-01 0.000000000000000000e+00 -7.762289047241210938e-01 6.304512023925781250e-01 0.000000000000000000e+00
6.311450600624084473e-01 7.756648659706115723e-01 0.000000000000000000e+00 -7.756648659706115723e-01 6.311450600624084473e-01 -0.000000000000000000e+00
6.288018822669982910e-01 7.775655984878540039e-01 0.000000000000000000e+00 -7.775655984878540039e-01 6.288018822669982910e-01 -0.000000000000000000e+00
6.329597830772399902e-01 7.741847038269042969e-01 0.000000000000000000e+00 -7.741847038269042969e-01 6.329597830772399902e-01 0.000000000000000000e+00
6.354162096977233887e-01 7.721698880195617676e-01 0.000000000000000000e+00 -7.721698880195617676e-01 6.354162096977233887e-01 -0.000000000000000000e+00
6.386649608612060547e-01 7.694849371910095215e-01 0.000000000000000000e+00 -7.694849371910095215e-01 6.386649608612060547e-01 0.000000000000000000e+00
6.007604598999023438e-01 7.994291186332702637e-01 0.000000000000000000e+00 -7.994291186332702637e-01 6.007604598999023438e-01 0.000000000000000000e+00
5.867398381233215332e-01 8.097755312919616699e-01 0.000000000000000000e+00 -8.097755312919616699e-01 5.867398381233215332e-01 -0.000000000000000000e+00
4.936083555221557617e-01 8.696843385696411133e-01 0.000000000000000000e+00 -8.696843385696411133e-01 4.936083555221557617e-01 0.000000000000000000e+00
4.745574593544006348e-01 8.802245259284973145e-01 0.000000000000000000e+00 -8.802245259284973145e-01 4.745574593544006348e-01 -0.000000000000000000e+00
3.701383471488952637e-01 9.289766550064086914e-01 0.000000000000000000e+00 -9.289766550064086914e-01 3.701383471488952637e-01 0.000000000000000000e+00
3.481430411338806152e-01 9.374414086341857910e-01 0.000000000000000000e+00 -9.374414086341857910e-01 3.481430411338806152e-01 -0.000000000000000000e+00
2.283754944801330566e-01 9.735731482505798340e-01 0.000000000000000000e+00 -9.735731482505798340e-01 2.283754944801330566e-01 0.000000000000000000e+00
1.877248138189315796e-01 9.822216629981994629e-01 0.000000000000000000e+00 -9.822216629981994629e-01 1.877248138189315796e-01 -0.000000000000000000e+00
3.129101172089576721e-02 9.995103478431701660e-01 0.000000000000000000e+00 -9.995103478431701660e-01 3.129101172089576721e-02 0.000000000000000000e+00
-6.338863074779510498e-02 9.979889392852783203e-01 0.000000000000000000e+00 -9.979889392852783203e-01 -6.338863074779510498e-02 0.000000000000000000e+00
-1.940754204988479614e-01 9.809866547584533691e-01 0.000000000000000000e+00 -9.809866547584533691e-01 -1.940754204988479614e-01 0.000000000000000000e+00
-3.011074662208557129e-01 9.535902142524719238e-01 0.000000000000000000e+00 -9.535902142524719238e-01 -3.011074662208557129e-01 0.000000000000000000e+00
-4.145740866661071777e-01 9.100155830383300781e-01 0.000000000000000000e+00 -9.100155830383300781e-01 -4.145740866661071777e-01 0.000000000000000000e+00
-5.491004586219787598e-01 8.357563614845275879e-01 0.000000000000000000e+00 -8.357563614845275879e-01 -5.491004586219787598e-01 0.000000000000000000e+00
-5.818102359771728516e-01 8.133245706558227539e-01 0.000000000000000000e+00 -8.133245706558227539e-01 -5.818102359771728516e-01 0.000000000000000000e+00
-7.131128907203674316e-01 7.010492682456970215e-01 0.000000000000000000e+00 -7.010492682456970215e-01 -7.131128907203674316e-01 0.000000000000000000e+00
-7.549779415130615234e-01 6.557502746582031250e-01 0.000000000000000000e+00 -6.557502746582031250e-01 -7.549779415130615234e-01 0.000000000000000000e+00
-8.475112915039062500e-01 5.307773947715759277e-01 0.000000000000000000e+00 -5.307773947715759277e-01 -8.475112915039062500e-01 0.000000000000000000e+00
-8.796420097351074219e-01 4.756363630294799805e-01 0.000000000000000000e+00 -4.756363630294799805e-01 -8.796420097351074219e-01 0.000000000000000000e+00
-9.359539151191711426e-01 3.521226048469543457e-01 0.000000000000000000e+00 -3.521226048469543457e-01 -9.359539151191711426e-01 0.000000000000000000e+00
-9.591819047927856445e-01 2.827898263931274414e-01 0.000000000000000000e+00 -2.827898263931274414e-01 -9.591819047927856445e-01 0.000000000000000000e+00
-9.937875866889953613e-01 1.112934947013854980e-01 0.000000000000000000e+00 -1.112934947013854980e-01 -9.937875866889953613e-01 0.000000000000000000e+00
-9.992349743843078613e-01 3.910874575376510620e-02 0.000000000000000000e+00 -3.910874575376510620e-02 -9.992349743843078613e-01 0.000000000000000000e+00
9.835368990898132324e-01 1.807076781988143921e-01 0.000000000000000000e+00 -1.807076781988143921e-01 9.835368990898132324e-01 0.000000000000000000e+00
9.665572643280029297e-01 2.564508914947509766e-01 -0.000000000000000000e+00 -2.564508914947509766e-01 9.665572643280029297e-01 0.000000000000000000e+00
9.371494054794311523e-01 3.489284217357635498e-01 -0.000000000000000000e+00 -3.489284217357635498e-01 9.371494054794311523e-01 0.000000000000000000e+00
9.060133695602416992e-01 4.232491254806518555e-01 -0.000000000000000000e+00 -4.232491254806518555e-01 9.060133695602416992e-01 0.000000000000000000e+00
8.603618144989013672e-01 5.096838474273681641e-01 -0.000000000000000000e+00 -5.096838474273681641e-01 8.603618144989013672e-01 0.000000000000000000e+00
8.176242113113403320e-01 5.757522583007812500e-01 -0.000000000000000000e+00 -5.757522583007812500e-01 8.176242113113403320e-01 0.000000000000000000e+00
7.555431127548217773e-01 6.550989747047424316e-01 -0.000000000000000000e+00 -6.550989747047424316e-01 7.555431127548217773e-01 0.000000000000000000e+00
7.019112706184387207e-01 7.122644186019897461e-01 -0.000000000000000000e+00 -7.122644186019897461e-01 7.019112706184387207e-01 0.000000000000000000e+00
6.313782334327697754e-01 7.754750847816467285e-01 -0.000000000000000000e+00 -7.754750847816467285e-01 6.313782334327697754e-01 0.000000000000000000e+00
5.675864219665527344e-01 8.233138918876647949e-01 -0.000000000000000000e+00 -8.233138918876647949e-01 5.675864219665527344e-01 0.000000000000000000e+00
4.895798265933990479e-01 8.719584941864013672e-01 -0.000000000000000000e+00 -8.719584941864013672e-01 4.895798265933990479e-01 0.000000000000000000e+00
4.116195142269134521e-01 9.113557934761047363e-01 -0.000000000000000000e+00 -9.113557934761047363e-01 4.116195142269134521e-01 0.000000000000000000e+00
3.376727998256683350e-01 9.412635564804077148e-01 -0.000000000000000000e+00 -9.412635564804077148e-01 3.376727998256683350e-01 0.000000000000000000e+00
2.446313947439193726e-01 9.696161746978759766e-01 -0.000000000000000000e+00 -9.696161746978759766e-01 2.446313947439193726e-01 0.000000000000000000e+00
1.822008639574050903e-01 9.832613468170166016e-01 -0.000000000000000000e+00 -9.832613468170166016e-01 1.822008639574050903e-01 0.000000000000000000e+00
6.210570409893989563e-02 9.980695843696594238e-01 -0.000000000000000000e+00 -9.980695843696594238e-01 6.210570409893989563e-02 0.000000000000000000e+00
-1.761054992675781250e-02 9.998449683189392090e-01 0.000000000000000000e+00 -9.998449683189392090e-01 -1.761054992675781250e-02 0.000000000000000000e+00
-1.382367014884948730e-01 9.903992414474487305e-01 0.000000000000000000e+00 -9.903992414474487305e-01 -1.382367014884948730e-01 0.000000000000000000e+00
-2.166029661893844604e-01 9.762597680091857910e-01 0.000000000000000000e+00 -9.762597680091857910e-01 -2.166029661893844604e-01 0.000000000000000000e+00
-2.997620105743408203e-01 9.540140628814697266e-01 0.000000000000000000e+00 -9.540140628814697266e-01 -2.997620105743408203e-01 0.000000000000000000e+00
-3.820752203464508057e-01 9.241312146186828613e-01 -0.000000000000000000e+00 -9.241312146186828613e-01 -3.820752203464508057e-01 0.000000000000000000e+00
-4.482667744159698486e-01 8.938998579978942871e-01 0.000000000000000000e+00 -8.938998579978942871e-01 -4.482667744159698486e-01 0.000000000000000000e+00
-5.451325178146362305e-01 8.383499383926391602e-01 0.000000000000000000e+00 -8.383499383926391602e-01 -5.451325178146362305e-01 0.000000000000000000e+00
-5.895836949348449707e-01 8.077073097229003906e-01 -0.000000000000000000e+00 -8.077073097229003906e-01 -5.895836949348449707e-01 0.000000000000000000e+00
-6.629717946052551270e-01 7.486444711685180664e-01 0.000000000000000000e+00 -7.486444711685180664e-01 -6.629717946052551270e-01 0.000000000000000000e+00
-7.076193094253540039e-01 7.065939307212829590e-01 -0.000000000000000000e+00 -7.065939307212829590e-01 -7.076193094253540039e-01 0.000000000000000000e+00
-7.774211168289184570e-01 6.289804577827453613e-01 0.000000000000000000e+00 -6.289804577827453613e-01 -7.774211168289184570e-01 0.000000000000000000e+00
-8.200776576995849609e-01 5.722522735595703125e-01 -0.000000000000000000e+00 -5.722522735595703125e-01 -8.200776576995849609e-01 0.000000000000000000e+00
-8.654446601867675781e-01 5.010045766830444336e-01 0.000000000000000000e+00 -5.010045766830444336e-01 -8.654446601867675781e-01 0.000000000000000000e+00
-8.901540040969848633e-01 4.556597769260406494e-01 -0.000000000000000000e+00 -4.556597769260406494e-01 -8.901540040969848633e-01 0.000000000000000000e+00
3.370618820190429688e-01 9.414825439453125000e-01 -0.000000000000000000e+00 -9.414825439453125000e-01 3.370618820190429688e-01 0.000000000000000000e+00
3.002440035343170166e-01 9.538624286651611328e-01 0.000000000000000000e+00 -9.538624286651611328e-01 3.002440035343170166e-01 -0.000000000000000000e+00
2.140813469886779785e-01 9.768158197402954102e-01 -0.000000000000000000e+00 -9.768158197402954102e-01 2.140813469886779785e-01 0.000000000000000000e+00
1.656535714864730835e-01 9.861840605735778809e-01 0.000000000000000000e+00 -9.861840605735778809e-01 1.656535714864730835e-01 -0.000000000000000000e+00
6.683745980262756348e-02 9.977638721466064453e-01 -0.000000000000000000e+00 -9.977638721466064453e-01 6.683745980262756348e-02 0.000000000000000000e+00
7.049832027405500412e-03 9.999751448631286621e-01 0.000000000000000000e+00 -9.999751448631286621e-01 7.049832027405500412e-03 -0.000000000000000000e+00
-7.581578195095062256e-02 9.971218705177307129e-01 -0.000000000000000000e+00 -9.971218705177307129e-01 -7.581578195095062256e-02 0.000000000000000000e+00
-1.451765894889831543e-01 9.894057512283325195e-01 -0.000000000000000000e+00 -9.894057512283325195e-01 -1.451765894889831543e-01 0.000000000000000000e+00
-2.105913460254669189e-01 9.775741696357727051e-01 -0.000000000000000000e+00 -9.775741696357727051e-01 -2.105913460254669189e-01 0.000000000000000000e+00
-2.770622372627258301e-01 9.608519673347473145e-01 0.000000000000000000e+00 -9.608519673347473145e-01 -2.770622372627258301e-01 0.000000000000000000e+00
-2.817949950695037842e-01 9.594746828079223633e-01 -0.000000000000000000e+00 -9.594746828079223633e-01 -2.817949950695037842e-01 0.000000000000000000e+00
-2.919310927391052246e-01 9.564393758773803711e-01 0.000000000000000000e+00 -9.564393758773803711e-01 -2.919310927391052246e-01 0.000000000000000000e+00
-2.295215278863906860e-01 9.733036160469055176e-01 -0.000000000000000000e+00 -9.733036160469055176e-01 -2.295215278863906860e-01 0.000000000000000000e+00
-1.369690746068954468e-01 9.905753731727600098e-01 0.000000000000000000e+00 -9.905753731727600098e-01 -1.369690746068954468e-01 0.000000000000000000e+00
-5.557413771748542786e-02 9.984545707702636719e-01 -0.000000000000000000e+00 -9.984545707702636719e-01 -5.557413771748542786e-02 0.000000000000000000e+00
-1.441104058176279068e-02 9.998961687088012695e-01 0.000000000000000000e+00 -9.998961687088012695e-01 -1.441104058176279068e-02 0.000000000000000000e+00
-6.196972448378801346e-03 9.999808073043823242e-01 -0.000000000000000000e+00 -9.999808073043823242e-01 -6.196972448378801346e-03 0.000000000000000000e+00
-5.534340161830186844e-03 9.999846816062927246e-01 -0.000000000000000000e+00 -9.999846816062927246e-01 -5.534340161830186844e-03 0.000000000000000000e+00
-5.054819863289594650e-03 9.999872446060180664e-01 -0.000000000000000000e+00 -9.999872446060180664e-01 -5.054819863289594650e-03 0.000000000000000000e+00
-5.353540647774934769e-03 9.999856948852539062e-01 0.000000000000000000e+00 -9.999856948852539062e-01 -5.353540647774934769e-03 0.000000000000000000e+00
-6.756763905286788940e-03 9.999771714210510254e-01 0.000000000000000000e+00 -9.999771714210510254e-01 -6.756763905286788940e-03 0.000000000000000000e+00
-5.629940424114465714e-03 9.999841451644897461e-01 -0.000000000000000000e+00 -9.999841451644897461e-01 -5.629940424114465714e-03 0.000000000000000000e+00
-7.706318981945514679e-03 9.999703168869018555e-01 0.000000000000000000e+00 -9.999703168869018555e-01 -7.706318981945514679e-03 0.000000000000000000e+00
1.956078456714749336e-03 9.999980926513671875e-01 0.000000000000000000e+00 -9.999980926513671875e-01 1.956078456714749336e-03 -0.000000000000000000e+00
9.107395308092236519e-04 9.999995827674865723e-01 -0.000000000000000000e+00 -9.999995827674865723e-01 9.107395308092236519e-04 0.000000000000000000e+00
5.916670896112918854e-03 9.999825358390808105e-01 0.000000000000000000e+00 -9.999825358390808105e-01 5.916670896112918854e-03 -0.000000000000000000e+00
7.608368061482906342e-03 9.999710917472839355e-01 -0.000000000000000000e+00 -9.999710917472839355e-01 7.608368061482906342e-03 0.000000000000000000e+00
8.017146959900856018e-03 9.999678730964660645e-01 -0.000000000000000000e+00 -9.999678730964660645e-01 8.017146959900856018e-03 0.000000000000000000e+00
7.449605036526918411e-03 9.999722838401794434e-01 0.000000000000000000e+00 -9.999722838401794434e-01 7.449605036526918411e-03 -0.000000000000000000e+00
7.754415273666381836e-03 9.999699592590332031e-01 -0.000000000000000000e+00 -9.999699592590332031e-01 7.754415273666381836e-03 0.000000000000000000e+00
7.268290035426616669e-03 9.999735951423645020e-01 0.000000000000000000e+00 -9.999735951423645020e-01 7.268290035426616669e-03 -0.000000000000000000e+00
6.346698850393295288e-03 9.999798536300659180e-01 -0.000000000000000000e+00 -9.999798536300659180e-01 6.346698850393295288e-03 0.000000000000000000e+00
4.783372860401868820e-03 9.999885559082031250e-01 0.000000000000000000e+00 -9.999885559082031250e-01 4.783372860401868820e-03 -0.000000000000000000e+00
4.650819581001996994e-03 9.999892115592956543e-01 -0.000000000000000000e+00 -9.999892115592956543e-01 4.650819581001996994e-03 0.000000000000000000e+00
4.792358726263046265e-03 9.999885559082031250e-01 0.000000000000000000e+00 -9.999885559082031250e-01 4.792358726263046265e-03 0.000000000000000000e+00
4.328521434217691422e-03 9.999906420707702637e-01 0.000000000000000000e+00 -9.999906420707702637e-01 4.328521434217691422e-03 -0.000000000000000000e+00
4.329855553805828094e-03 9.999906420707702637e-01 0.000000000000000000e+00 -9.999906420707702637e-01 4.329855553805828094e-03 0.000000000000000000e+00
3.774481127038598061e-03 9.999929070472717285e-01 0.000000000000000000e+00 -9.999929070472717285e-01 3.774481127038598061e-03 -0.000000000000000000e+00
4.364318214356899261e-03 9.999904632568359375e-01 0.000000000000000000e+00 -9.999904632568359375e-01 4.364318214356899261e-03 0.000000000000000000e+00
4.497533664107322693e-03 9.999899268150329590e-01 0.000000000000000000e+00 -9.999899268150329590e-01 4.497533664107322693e-03 -0.000000000000000000e+00
4.298982676118612289e-03 9.999907612800598145e-01 0.000000000000000000e+00 -9.999907612800598145e-01 4.298982676118612289e-03 0.000000000000000000e+00
4.550926852971315384e-03 9.999896883964538574e-01 0.000000000000000000e+00 -9.999896883964538574e-01 4.550926852971315384e-03 -0.000000000000000000e+00
3.536480013281106949e-03 9.999937415122985840e-01 0.000000000000000000e+00 -9.999937415122985840e-01 3.536480013281106949e-03 0.000000000000000000e+00
4.054697696119546890e-03 9.999917745590209961e-01 0.000000000000000000e+00 -9.999917745590209961e-01 4.054697696119546890e-03 -0.000000000000000000e+00
3.972233738750219345e-03 9.999921321868896484e-01 0.000000000000000000e+00 -9.999921321868896484e-01 3.972233738750219345e-03 0.000000000000000000e+00
4.503484349697828293e-03 9.999898672103881836e-01 0.000000000000000000e+00 -9.999898672103881836e-01 4.503484349697828293e-03 -0.000000000000000000e+00
4.561828449368476868e-03 9.999896287918090820e-01 0.000000000000000000e+00 -9.999896287918090820e-01 4.561828449368476868e-03 0.000000000000000000e+00
4.683913197368383408e-03 9.999890327453613281e-01 0.000000000000000000e+00 -9.999890327453613281e-01 4.683913197368383408e-03 -0.000000000000000000e+00
5.003533326089382172e-03 9.999874830245971680e-01 0.000000000000000000e+00 -9.999874830245971680e-01 5.003533326089382172e-03 0.000000000000000000e+00
5.223591811954975128e-03 9.999863505363464355e-01 0.000000000000000000e+00 -9.999863505363464355e-01 5.223591811954975128e-03 -0.000000000000000000e+00
5.573511123657226562e-03 9.999845027923583984e-01 0.000000000000000000e+00 -9.999845027923583984e-01 5.573511123657226562e-03 0.000000000000000000e+00
5.584614817053079605e-03 9.999844431877136230e-01 0.000000000000000000e+00 -9.999844431877136230e-01 5.584614817053079605e-03 0.000000000000000000e+00
5.343970842659473419e-03 9.999857544898986816e-01 0.000000000000000000e+00 -9.999857544898986816e-01 5.343970842659473419e-03 0.000000000000000000e+00
4.546680953353643417e-03 9.999896883964538574e-01 0.000000000000000000e+00 -9.999896883964538574e-01 4.546680953353643417e-03 0.000000000000000000e+00
4.273592028766870499e-03 9.999908804893493652e-01 0.000000000000000000e+00 -9.999908804893493652e-01 4.273592028766870499e-03 0.000000000000000000e+00
4.269677214324474335e-03 9.999908804893493652e-01 0.000000000000000000e+00 -9.999908804893493652e-01 4.269677214324474335e-03 0.000000000000000000e+00
3.960700705647468567e-03 9.999921917915344238e-01 0.000000000000000000e+00 -9.999921917915344238e-01 3.960700705647468567e-03 0.000000000000000000e+00
3.645841497927904129e-03 9.999933838844299316e-01 0.000000000000000000e+00 -9.999933838844299316e-01 3.645841497927904129e-03 0.000000000000000000e+00
3.713448299095034599e-03 9.999931454658508301e-01 -0.000000000000000000e+00 -9.999931454658508301e-01 3.713448299095034599e-03 0.000000000000000000e+00
3.629056038334965706e-03 9.999934434890747070e-01 0.000000000000000000e+00 -9.999934434890747070e-01 3.629056038334965706e-03 0.000000000000000000e+00
3.616820322349667549e-03 9.999935030937194824e-01 -0.000000000000000000e+00 -9.999935030937194824e-01 3.616820322349667549e-03 0.000000000000000000e+00
3.489866154268383980e-03 9.999939203262329102e-01 0.000000000000000000e+00 -9.999939203262329102e-01 3.489866154268383980e-03 0.000000000000000000e+00
3.357279812917113304e-03 9.999943971633911133e-01 -0.000000000000000000e+00 -9.999943971633911133e-01 3.357279812917113304e-03 0.000000000000000000e+00
3.079525660723447800e-03 9.999952912330627441e-01 -0.000000000000000000e+00 -9.999952912330627441e-01 3.079525660723447800e-03 0.000000000000000000e+00
2.111817244440317154e-03 9.999977946281433105e-01 -0.000000000000000000e+00 -9.999977946281433105e-01 2.111817244440317154e-03 0.000000000000000000e+00
1.639515161514282227e-03 9.999986886978149414e-01 -0.000000000000000000e+00 -9.999986886978149414e-01 1.639515161514282227e-03 0.000000000000000000e+00
7.514220196753740311e-04 9.999997615814208984e-01 -0.000000000000000000e+00 -9.999997615814208984e-01 7.514220196753740311e-04 0.000000000000000000e+00
-2.361208316870033741e-04 1.000000000000000000e+00 0.000000000000000000e+00 -1.000000000000000000e+00 -2.361208316870033741e-04 0.000000000000000000e+00
-2.706545055843889713e-04 1.000000000000000000e+00 0.000000000000000000e+00 -1.000000000000000000e+00 -2.706545055843889713e-04 0.000000000000000000e+00
-4.376583092380315065e-04 9.999999403953552246e-01 0.000000000000000000e+00 -9.999999403953552246e-01 -4.376583092380315065e-04 0.000000000000000000e+00
-5.584602477028965950e-04 9.999998807907104492e-01 0.000000000000000000e+00 -9.999998807907104492e-01 -5.584602477028965950e-04 0.000000000000000000e+00
-1.211576745845377445e-03 9.999992847442626953e-01 0.000000000000000000e+00 -9.999992847442626953e-01 -1.211576745845377445e-03 0.000000000000000000e+00
-1.220316160470247269e-03 9.999992847442626953e-01 0.000000000000000000e+00 -9.999992847442626953e-01 -1.220316160470247269e-03 0.000000000000000000e+00
8.680425584316253662e-03 9.999623298645019531e-01 0.000000000000000000e+00 -9.999623298645019531e-01 8.680425584316253662e-03 0.000000000000000000e+00
1.398406550288200378e-02 9.999022483825683594e-01 0.000000000000000000e+00 -9.999022483825683594e-01 1.398406550288200378e-02 -0.000000000000000000e+00
4.882248863577842712e-02 9.988074898719787598e-01 0.000000000000000000e+00 -9.988074898719787598e-01 4.882248863577842712e-02 0.000000000000000000e+00
5.328759923577308655e-02 9.985792040824890137e-01 0.000000000000000000e+00 -9.985792040824890137e-01 5.328759923577308655e-02 -0.000000000000000000e+00
7.915817946195602417e-02 9.968621134757995605e-01 0.000000000000000000e+00 -9.968621134757995605e-01 7.915817946195602417e-02 0.000000000000000000e+00
7.053904235363006592e-02 9.975090622901916504e-01 0.000000000000000000e+00 -9.975090622901916504e-01 7.053904235363006592e-02 -0.000000000000000000e+00
7.249324023723602295e-02 9.973689317703247070e-01 0.000000000000000000e+00 -9.973689317703247070e-01 7.249324023723602295e-02 0.000000000000000000e+00
4.069298878312110901e-02 9.991716742515563965e-01 0.000000000000000000e+00 -9.991716742515563965e-01 4.069298878312110901e-02 -0.000000000000000000e+00
-3.011034242808818817e-02 9.995465874671936035e-01 0.000000000000000000e+00 -9.995465874671936035e-01 -3.011034242808818817e-02 0.000000000000000000e+00
-7.086904346942901611e-02 9.974856376647949219e-01 0.000000000000000000e+00 -9.974856376647949219e-01 -7.086904346942901611e-02 0.000000000000000000e+00
-1.487045586109161377e-01 9.888817071914672852e-01 0.000000000000000000e+00 -9.888817071914672852e-01 -1.487045586109161377e-01 0.000000000000000000e+00
-1.970343887805938721e-01 9.803966283798217773e-01 0.000000000000000000e+00 -9.803966283798217773e-01 -1.970343887805938721e-01 0.000000000000000000e+00
-2.643584609031677246e-01 9.644244909286499023e-01 0.000000000000000000e+00 -9.644244909286499023e-01 -2.643584609031677246e-01 0.000000000000000000e+00
-3.220930397510528564e-01 9.467080235481262207e-01 0.000000000000000000e+00 -9.467080235481262207e-01 -3.220930397510528564e-01 0.000000000000000000e+00
-3.799149990081787109e-01 9.250214099884033203e-01 0.000000000000000000e+00 -9.250214099884033203e-01 -3.799149990081787109e-01 0.000000000000000000e+00
-4.323352575302124023e-01 9.017129540443420410e-01 0.000000000000000000e+00 -9.017129540443420410e-01 -4.323352575302124023e-01 0.000000000000000000e+00
-4.750342071056365967e-01 8.799673318862915039e-01 0.000000000000000000e+00 -8.799673318862915039e-01 -4.750342071056365967e-01 0.000000000000000000e+00
-5.241302847862243652e-01 8.516381382942199707e-01 0.000000000000000000e+00 -8.516381382942199707e-01 -5.241302847862243652e-01 0.000000000000000000e+00
-5.671896338462829590e-01 8.235872387886047363e-01 0.000000000000000000e+00 -8.235872387886047363e-01 -5.671896338462829590e-01 0.000000000000000000e+00
-6.248568892478942871e-01 7.807393074035644531e-01 0.000000000000000000e+00 -7.807393074035644531e-01 -6.248568892478942871e-01 0.000000000000000000e+00
-6.648265719413757324e-01 7.469977736473083496e-01 0.000000000000000000e+00 -7.469977736473083496e-01 -6.648265719413757324e-01 0.000000000000000000e+00
-7.209361195564270020e-01 6.930015683174133301e-01 0.000000000000000000e+00 -6.930015683174133301e-01 -7.209361195564270020e-01 0.000000000000000000e+00
-7.435381412506103516e-01 6.686935424804687500e-01 0.000000000000000000e+00 -6.686935424804687500e-01 -7.435381412506103516e-01 0.000000000000000000e+00
-7.947434186935424805e-01 6.069455742835998535e-01 0.000000000000000000e+00 -6.069455742835998535e-01 -7.947434186935424805e-01 0.000000000000000000e+00
-8.170366883277893066e-01 5.765857100486755371e-01 0.000000000000000000e+00 -5.765857100486755371e-01 -8.170366883277893066e-01 0.000000000000000000e+00
-8.596328496932983398e-01 5.109123587608337402e-01 0.000000000000000000e+00 -5.109123587608337402e-01 -8.596328496932983398e-01 0.000000000000000000e+00
-8.818627595901489258e-01 4.715062081813812256e-01 0.000000000000000000e+00 -4.715062081813812256e-01 -8.818627595901489258e-01 0.000000000000000000e+00
-9.162679314613342285e-01 4.005660116672515869e-01 0.000000000000000000e+00 -4.005660116672515869e-01 -9.162679314613342285e-01 0.000000000000000000e+00
-9.356185793876647949e-01 3.530127108097076416e-01 0.000000000000000000e+00 -3.530127108097076416e-01 -9.356185793876647949e-01 0.000000000000000000e+00
-9.669862389564514160e-01 2.548286318778991699e-01 0.000000000000000000e+00 -2.548286318778991699e-01 -9.669862389564514160e-01 0.000000000000000000e+00
-9.757089018821716309e-01 2.190711051225662231e-01 0.000000000000000000e+00 -2.190711051225662231e-01 -9.757089018821716309e-01 0.000000000000000000e+00
9.941775798797607422e-01 -1.077542230486869812e-01 -0.000000000000000000e+00 1.077542230486869812e-01 9.941775798797607422e-01 0.000000000000000000e+00
9.994031786918640137e-01 -3.454467281699180603e-02 0.000000000000000000e+00 3.454467281699180603e-02 9.994031786918640137e-01 -0.000000000000000000e+00
9.981328248977661133e-01 6.108146905899047852e-02 0.000000000000000000e+00 -6.108146905899047852e-02 9.981328248977661133e-01 0.000000000000000000e+00
9.927061796188354492e-01 1.205586940050125122e-01 -0.000000000000000000e+00 -1.205586940050125122e-01 9.927061796188354492e-01 0.000000000000000000e+00
9.788758158683776855e-01 2.044557332992553711e-01 0.000000000000000000e+00 -2.044557332992553711e-01 9.788758158683776855e-01 0.000000000000000000e+00
9.629022479057312012e-01 2.698505222797393799e-01 -0.000000000000000000e+00 -2.698505222797393799e-01 9.629022479057312012e-01 0.000000000000000000e+00
9.373378753662109375e-01 3.484218418598175049e-01 0.000000000000000000e+00 -3.484218418598175049e-01 9.373378753662109375e-01 0.000000000000000000e+00
9.114987850189208984e-01 4.113028347492218018e-01 -0.000000000000000000e+00 -4.113028347492218018e-01 9.114987850189208984e-01 0.000000000000000000e+00
8.767529129981994629e-01 4.809410870075225830e-01 0.000000000000000000e+00 -4.809410870075225830e-01 8.767529129981994629e-01 0.000000000000000000e+00
8.400729894638061523e-01 5.424733757972717285e-01 -0.000000000000000000e+00 -5.424733757972717285e-01 8.400729894638061523e-01 0.000000000000000000e+00
7.932853698730468750e-01 6.088500618934631348e-01 -0.000000000000000000e+00 -6.088500618934631348e-01 7.932853698730468750e-01 0.000000000000000000e+00
7.469372749328613281e-01 6.648945808410644531e-01 -0.000000000000000000e+00 -6.648945808410644531e-01 7.469372749328613281e-01 0.000000000000000000e+00
6.901432871818542480e-01 7.236727476119995117e-01 -0.000000000000000000e+00 -7.236727476119995117e-01 6.901432871818542480e-01 0.000000000000000000e+00
6.312655210494995117e-01 7.755668163299560547e-01 -0.000000000000000000e+00 -7.755668163299560547e-01 6.312655210494995117e-01 0.000000000000000000e+00
5.643576383590698242e-01 8.255304694175720215e-01 -0.000000000000000000e+00 -8.255304694175720215e-01 5.643576383590698242e-01 0.000000000000000000e+00
4.817666113376617432e-01 8.762995600700378418e-01 -0.000000000000000000e+00 -8.762995600700378418e-01 4.817666113376617432e-01 0.000000000000000000e+00
4.199444651603698730e-01 9.075497984886169434e-01 -0.000000000000000000e+00 -9.075497984886169434e-01 4.199444651603698730e-01 0.000000000000000000e+00
3.745662271976470947e-01 9.272001981735229492e-01 -0.000000000000000000e+00 -9.272001981735229492e-01 3.745662271976470947e-01 0.000000000000000000e+00
3.294242918491363525e-01 9.441820383071899414e-01 -0.000000000000000000e+00 -9.441820383071899414e-01 3.294242918491363525e-01 0.000000000000000000e+00
2.887884378433227539e-01 9.573929309844970703e-01 -0.000000000000000000e+00 -9.573929309844970703e-01 2.887884378433227539e-01 0.000000000000000000e+00
2.420291453599929810e-01 9.702690243721008301e-01 -0.000000000000000000e+00 -9.702690243721008301e-01 2.420291453599929810e-01 0.000000000000000000e+00
1.987446844577789307e-01 9.800512790679931641e-01 -0.000000000000000000e+00 -9.800512790679931641e-01 1.987446844577789307e-01 0.000000000000000000e+00
1.494360715150833130e-01 9.887714385986328125e-01 -0.000000000000000000e+00 -9.887714385986328125e-01 1.494360715150833130e-01 0.000000000000000000e+00
1.057006940245628357e-01 9.943979978561401367e-01 -0.000000000000000000e+00 -9.943979978561401367e-01 1.057006940245628357e-01 0.000000000000000000e+00
5.278675630688667297e-02 9.986057877540588379e-01 -0.000000000000000000e+00 -9.986057877540588379e-01 5.278675630688667297e-02 0.000000000000000000e+00
3.936234395951032639e-03 9.999922513961791992e-01 -0.000000000000000000e+00 -9.999922513961791992e-01 3.936234395951032639e-03 0.000000000000000000e+00
-4.114346578717231750e-02 9.991532564163208008e-01 0.000000000000000000e+00 -9.991532564163208008e-01 -4.114346578717231750e-02 0.000000000000000000e+00
-9.013525396585464478e-02 9.959295392036437988e-01 0.000000000000000000e+00 -9.959295392036437988e-01 -9.013525396585464478e-02 0.000000000000000000e+00
-1.321330219507217407e-01 9.912319779396057129e-01 0.000000000000000000e+00 -9.912319779396057129e-01 -1.321330219507217407e-01 0.000000000000000000e+00
-1.765765845775604248e-01 9.842869043350219727e-01 0.000000000000000000e+00 -9.842869043350219727e-01 -1.765765845775604248e-01 0.000000000000000000e+00
-2.140987366437911987e-01 9.768120646476745605e-01 0.000000000000000000e+00 -9.768120646476745605e-01 -2.140987366437911987e-01 0.000000000000000000e+00
-2.494172304868698120e-01 9.683961272239685059e-01 -0.000000000000000000e+00 -9.683961272239685059e-01 -2.494172304868698120e-01 0.000000000000000000e+00
-2.805930674076080322e-01 9.598268270492553711e-01 0.000000000000000000e+00 -9.598268270492553711e-01 -2.805930674076080322e-01 0.000000000000000000e+00
-3.124715983867645264e-01 9.499271512031555176e-01 -0.000000000000000000e+00 -9.499271512031555176e-01 -3.124715983867645264e-01 0.000000000000000000e+00
-3.299306929111480713e-01 9.440051317214965820e-01 0.000000000000000000e+00 -9.440051317214965820e-01 -3.299306929111480713e-01 0.000000000000000000e+00
-3.645895123481750488e-01 9.311683773994445801e-01 -0.000000000000000000e+00 -9.311683773994445801e-01 -3.645895123481750488e-01 0.000000000000000000e+00
-3.854525685310363770e-01 9.227276444435119629e-01 0.000000000000000000e+00 -9.227276444435119629e-01 -3.854525685310363770e-01 0.000000000000000000e+00
-4.266540706157684326e-01 9.044148921966552734e-01 -0.000000000000000000e+00 -9.044148921966552734e-01 -4.266540706157684326e-01 0.000000000000000000e+00
-4.486103951930999756e-01 8.937274217605590820e-01 0.000000000000000000e+00 -8.937274217605590820e-01 -4.486103951930999756e-01 0.000000000000000000e+00
-4.937013387680053711e-01 8.696315288543701172e-01 -0.000000000000000000e+00 -8.696315288543701172e-01 -4.937013387680053711e-01 0.000000000000000000e+00
-4.955249130725860596e-01 8.685937523841857910e-01 0.000000000000000000e+00 -8.685937523841857910e-01 -4.955249130725860596e-01 0.000000000000000000e+00
-4.781927466392517090e-01 8.782549500465393066e-01 0.000000000000000000e+00 -8.782549500465393066e-01 -4.781927466392517090e-01 0.000000000000000000e+00
-4.520627558231353760e-01 8.919861316680908203e-01 0.000000000000000000e+00 -8.919861316680908203e-01 -4.520627558231353760e-01 0.000000000000000000e+00
-4.200112819671630859e-01 9.075188636779785156e-01 0.000000000000000000e+00 -9.075188636779785156e-01 -4.200112819671630859e-01 0.000000000000000000e+00
-4.194817245006561279e-01 9.077637791633605957e-01 -0.000000000000000000e+00 -9.077637791633605957e-01 -4.194817245006561279e-01 0.000000000000000000e+00
-4.139711260795593262e-01 9.102900028228759766e-01 0.000000000000000000e+00 -9.102900028228759766e-01 -4.139711260795593262e-01 0.000000000000000000e+00
-4.141656756401062012e-01 9.102014899253845215e-01 -0.000000000000000000e+00 -9.102014899253845215e-01 -4.141656756401062012e-01 0.000000000000000000e+00
-4.141888022422790527e-01 9.101909995079040527e-01 0.000000000000000000e+00 -9.101909995079040527e-01 -4.141888022422790527e-01 0.000000000000000000e+00
-4.148017466068267822e-01 9.099118113517761230e-01 -0.000000000000000000e+00 -9.099118113517761230e-01 -4.148017466068267822e-01 0.000000000000000000e+00
-4.146957695484161377e-01 9.099601507186889648e-01 0.000000000000000000e+00 -9.099601507186889648e-01 -4.146957695484161377e-01 0.000000000000000000e+00
-4.155683219432830811e-01 9.095619916915893555e-01 -0.000000000000000000e+00 -9.095619916915893555e-01 -4.155683219432830811e-01 0.000000000000000000e+00
-4.154579639434814453e-01 9.096124172210693359e-01 0.000000000000000000e+00 -9.096124172210693359e-01 -4.154579639434814453e-01 0.000000000000000000e+00
-4.157716929912567139e-01 9.094690084457397461e-01 -0.000000000000000000e+00 -9.094690084457397461e-01 -4.157716929912567139e-01 0.000000000000000000e+00
-4.156758487224578857e-01 9.095128178596496582e-01 0.000000000000000000e+00 -9.095128178596496582e-01 -4.156758487224578857e-01 0.000000000000000000e+00
-4.157281816005706787e-01 9.094889163970947266e-01 -0.000000000000000000e+00 -9.094889163970947266e-01 -4.157281816005706787e-01 0.000000000000000000e+00
-4.158267974853515625e-01 9.094438552856445312e-01 0.000000000000000000e+00 -9.094438552856445312e-01 -4.158267974853515625e-01 0.000000000000000000e+00
-4.155734777450561523e-01 9.095596075057983398e-01 0.000000000000000000e+00 -9.095596075057983398e-01 -4.155734777450561523e-01 0.000000000000000000e+00
-4.156191349029541016e-01 9.095387458801269531e-01 0.000000000000000000e+00 -9.095387458801269531e-01 -4.156191349029541016e-01 0.000000000000000000e+00
-6.167079210281372070e-01 -7.871909141540527344e-01 -1.329534803517162800e-03 8.199354051612317562e-04 1.046598772518336773e-03 -9.999991655349731445e-01
-6.167079210281372070e-01 -7.871909141540527344e-01 -1.321942196227610111e-03 8.152530062943696976e-04 1.040621893480420113e-03 -9.999991655349731445e-01
-7.356662154197692871e-01 -6.773419976234436035e-01 -1.779121230356395245e-03 1.308841397985816002e-03 1.205075415782630444e-03 -9.999984502792358398e-01
-7.356662750244140625e-01 -6.773420572280883789e-01 -1.706019160337746143e-03 1.255062641575932503e-03 1.155560137704014778e-03 -9.999985694885253906e-01
-8.353379964828491211e-01 -5.497336983680725098e-01 -1.822935417294502258e-03 1.522769685834646225e-03 1.002130680717527866e-03 -9.999983310699462891e-01
-8.353379368782043457e-01 -5.497336387634277344e-01 -1.850684056989848614e-03 1.545949373394250870e-03 1.017385162413120270e-03 -9.999983310699462891e-01
-9.131078124046325684e-01 -4.077125787734985352e-01 -2.137330593541264534e-03 1.951617770828306675e-03 8.714185678400099277e-04 -9.999977350234985352e-01
-9.131079316139221191e-01 -4.077126383781433105e-01 -2.078746678307652473e-03 1.898124115541577339e-03 8.475331123918294907e-04 -9.999978542327880859e-01
-9.669379591941833496e-01 -2.550037503242492676e-01 -2.008184324949979782e-03 1.941793714649975300e-03 5.120956338942050934e-04 -9.999980330467224121e-01
-9.669380784034729004e-01 -2.550037801265716553e-01 -1.973060192540287971e-03 1.907830592244863510e-03 5.031387554481625557e-04 -9.999980926513671875e-01
-9.954167008399963379e-01 -9.560548514127731323e-02 -2.298435429111123085e-03 2.287907060235738754e-03 2.197436115238815546e-04 -9.999973773956298828e-01
-9.954168796539306641e-01 -9.560550749301910400e-02 -2.202412579208612442e-03 2.192324027419090271e-03 2.105632738675922155e-04 -9.999975562095642090e-01
-9.977968931198120117e-01 6.629485636949539185e-02 -2.539175329729914665e-03 2.533589489758014679e-03 -1.683348091319203377e-04 -9.999967813491821289e-01
-9.977968931198120117e-01 6.629485636949539185e-02 -2.532513346523046494e-03 2.526942407712340355e-03 -1.678931730566546321e-04 -9.999968409538269043e-01
-9.934040904045104980e-01 -1.145823672413825989e-01 -4.377932287752628326e-03 4.349098075181245804e-03 5.016387440264225006e-04 -9.999904632568359375e-01
-9.934040307998657227e-01 -1.145823597908020020e-01 -4.392380360513925552e-03 4.363451153039932251e-03 5.032942281104624271e-04 -9.999904036521911621e-01
-9.477128386497497559e-01 -3.190692365169525146e-01 -5.941724404692649841e-03 5.631147418171167374e-03 1.895854598842561245e-03 -9.999823570251464844e-01
-9.477118849754333496e-01 -3.190689086914062500e-01 -6.103353109210729599e-03 5.784328095614910126e-03 1.947426469996571541e-03 -9.999814033508300781e-01
-8.604116439819335938e-01 -5.095401406288146973e-01 -7.787935435771942139e-03 6.701034028083086014e-03 3.968386445194482803e-03 -9.999697208404541016e-01
-8.604104518890380859e-01 -5.095394253730773926e-01 -7.967289537191390991e-03 6.855356507003307343e-03 4.059776663780212402e-03 -9.999682903289794922e-01
-7.353528141975402832e-01 -6.776500940322875977e-01 -6.837433669716119766e-03 5.028042942285537720e-03 4.633495118468999863e-03 -9.999766349792480469e-01
-7.353523969650268555e-01 -6.776497364044189453e-01 -6.901846267282962799e-03 5.075410474091768265e-03 4.677146207541227341e-03 -9.999762177467346191e-01
-5.780116319656372070e-01 -8.160201311111450195e-01 -3.701215377077460289e-03 2.139360178261995316e-03 3.020287025719881058e-03 -9.999931454658508301e-01
-5.780117511749267578e-01 -8.160203695297241211e-01 -3.646160475909709930e-03 2.107537351548671722e-03 2.975360490381717682e-03 -9.999933242797851562e-01
-3.952848613262176514e-01 -9.185572266578674316e-01 -1.629570149816572666e-03 6.441452424041926861e-04 1.496855402365326881e-03 -9.999986886978149414e-01
-3.952848613262176514e-01 -9.185572266578674316e-01 -1.612424734048545361e-03 6.373678916133940220e-04 1.481106271967291832e-03 -9.999986886978149414e-01
-1.952013820409774780e-01 -9.807631969451904297e-01 -2.045100991381332278e-04 3.992065467173233628e-05 2.005759743042290211e-04 -1.000000000000000000e+00
-1.952013671398162842e-01 -9.807631373405456543e-01 -2.494597283657640219e-04 4.869488839176483452e-05 2.446609432809054852e-04 -1.000000000000000000e+00
1.345327217131853104e-02 -9.999095201492309570e-01 -8.463273843517526984e-05 -1.138587208515673410e-06 8.462508412776514888e-05 -1.000000000000000000e+00
1.345327217131853104e-02 -9.999095201492309570e-01 -8.700852049514651299e-05 -1.170549353446403984e-06 8.700064790900796652e-05 -1.000000000000000000e+00
2.215171456336975098e-01 -9.751564264297485352e-01 -2.875775098800659180e-04 -6.370335904648527503e-05 2.804331015795469284e-04 -1.000000000000000000e+00
2.215171456336975098e-01 -9.751564264297485352e-01 -2.836364146787673235e-04 -6.283033872023224831e-05 2.765899116639047861e-04 -1.000000000000000000e+00
4.198549389839172363e-01 -9.075912237167358398e-01 7.914972229627892375e-05 3.323140117572620511e-05 -7.183559500845149159e-05 -1.000000000000000000e+00
4.198549389839172363e-01 -9.075912237167358398e-01 8.768145926296710968e-05 3.681349335238337517e-05 -7.957892375998198986e-05 -1.000000000000000000e+00
5.997617840766906738e-01 -8.001785278320312500e-01 4.372048133518546820e-04 2.622187603265047073e-04 -3.498419246170669794e-04 -9.999999403953552246e-01
5.997617244720458984e-01 -8.001785278320312500e-01 4.134089685976505280e-04 2.479469112586230040e-04 -3.308010054752230644e-04 -9.999999403953552246e-01
7.533342838287353516e-01 -6.576375365257263184e-01 5.901762051507830620e-04 4.446000384632498026e-04 -3.881221055053174496e-04 -9.999998211860656738e-01
7.533342838287353516e-01 -6.576375365257263184e-01 5.628781509585678577e-04 4.240355046931654215e-04 -3.701699024531990290e-04 -9.999998807907104492e-01
8.738355040550231934e-01 -4.862211346626281738e-01 7.837378652766346931e-04 6.848581833764910698e-04 -3.810700436588376760e-04 -9.999997019767761230e-01
8.738355040550231934e-01 -4.862211346626281738e-01 7.342736353166401386e-04 6.416346295736730099e-04 -3.570195112843066454e-04 -9.999997615814208984e-01
9.559702277183532715e-01 -2.934623658657073975e-01 9.276479831896722317e-04 8.868042496033012867e-04 -2.722298959270119667e-04 -9.999995827674865723e-01
9.559702277183532715e-01 -2.934623658657073975e-01 9.382336284033954144e-04 8.969238260760903358e-04 -2.753363805823028088e-04 -9.999995827674865723e-01
9.961360692977905273e-01 -8.781573921442031860e-02 1.217758981510996819e-03 1.213054521940648556e-03 -1.069384743459522724e-04 -9.999992847442626953e-01
9.961360692977905273e-01 -8.781573921442031860e-02 1.202483312226831913e-03 1.197837875224649906e-03 -1.055970351444557309e-04 -9.999992847442626953e-01
-9.663455486297607422e-01 2.572411000728607178e-01 -1.827994128689169884e-03 1.766476896591484547e-03 -4.702359728980809450e-04 -9.999983310699462891e-01
-9.663455486297607422e-01 2.572411000728607178e-01 -1.830998924560844898e-03 1.769380643963813782e-03 -4.710089415311813354e-04 -9.999983310699462891e-01
-9.253837466239929199e-01 3.790280818939208984e-01 -1.611151965335011482e-03 1.490935916081070900e-03 -6.106726941652595997e-04 -9.999987483024597168e-01
-9.253838062286376953e-01 3.790281116962432861e-01 -1.590129802934825420e-03 1.471482217311859131e-03 -6.027046474628150463e-04 -9.999987483024597168e-01
-8.691427111625671387e-01 4.945594072341918945e-01 -1.374855870380997658e-03 1.194947049953043461e-03 -6.799485418014228344e-04 -9.999990463256835938e-01
-8.691427111625671387e-01 4.945594072341918945e-01 -1.385462004691362381e-03 1.204165397211909294e-03 -6.851939251646399498e-04 -9.999990463256835938e-01
-7.985525727272033691e-01 6.019238233566284180e-01 -1.260104705579578876e-03 1.006260630674660206e-03 -7.584876148030161858e-04 -9.999992251396179199e-01
-7.985525727272033691e-01 6.019238233566284180e-01 -1.265122438780963421e-03 1.010267529636621475e-03 -7.615079521201550961e-04 -9.999992251396179199e-01
-7.147769331932067871e-01 6.993513107299804688e-01 -1.285316538996994495e-03 9.187153773382306099e-04 -8.988885674625635147e-04 -9.999991655349731445e-01
-7.147769331932067871e-01 6.993513107299804688e-01 -1.297400332987308502e-03 9.273525793105363846e-04 -9.073393885046243668e-04 -9.999991655349731445e-01
-6.192019581794738770e-01 7.852309942245483398e-01 -1.114626298658549786e-03 6.901791784912347794e-04 -8.752396679483354092e-04 -9.999994039535522461e-01
-6.192019581794738770e-01 7.852309942245483398e-01 -1.111293793655931950e-03 6.881157169118523598e-04 -8.726228843443095684e-04 -9.999994039535522461e-01
-5.134025812149047852e-01 8.581470847129821777e-01 -1.204396714456379414e-03 6.183407967910170555e-04 -1.033550244756042957e-03 -9.999992847442626953e-01
-5.134025812149047852e-01 8.581470847129821777e-01 -1.209183363243937492e-03 6.207982660271227360e-04 -1.037657842971384525e-03 -9.999992847442626953e-01
9.942799806594848633e-01 -1.068052574992179871e-01 -0.000000000000000000e+00 -1.068052574992179871e-01 -9.942799806594848633e-01 0.000000000000000000e+00
9.997069239616394043e-01 -2.421090751886367798e-02 0.000000000000000000e+00 -2.421090751886367798e-02 -9.997069239616394043e-01 0.000000000000000000e+00
9.878653287887573242e-01 1.553131192922592163e-01 0.000000000000000000e+00 1.553131192922592163e-01 -9.878653287887573242e-01 -0.000000000000000000e+00
9.685061573982238770e-01 2.489895224571228027e-01 -0.000000000000000000e+00 2.489895224571228027e-01 -9.685061573982238770e-01 0.000000000000000000e+00
-9.419212937355041504e-01 -3.358336687088012695e-01 0.000000000000000000e+00 -3.358336687088012695e-01 9.419212937355041504e-01 0.000000000000000000e+00
-9.133004546165466309e-01 -4.072865247726440430e-01 0.000000000000000000e+00 -4.072865247726440430e-01 9.133004546165466309e-01 0.000000000000000000e+00
-8.656149506568908691e-01 -5.007103085517883301e-01 0.000000000000000000e+00 -5.007103085517883301e-01 8.656149506568908691e-01 0.000000000000000000e+00
-8.264198303222656250e-01 -5.630544424057006836e-01 0.000000000000000000e+00 -5.630544424057006836e-01 8.264198303222656250e-01 0.000000000000000000e+00
-7.644007205963134766e-01 -6.447414755821228027e-01 0.000000000000000000e+00 -6.447414755821228027e-01 7.644007205963134766e-01 0.000000000000000000e+00
-7.103403806686401367e-01 -7.038583159446716309e-01 0.000000000000000000e+00 -7.038583159446716309e-01 7.103403806686401367e-01 0.000000000000000000e+00
-6.389502286911010742e-01 -7.692480683326721191e-01 0.000000000000000000e+00 -7.692480683326721191e-01 6.389502286911010742e-01 0.000000000000000000e+00
-5.763382315635681152e-01 -8.172112703323364258e-01 0.000000000000000000e+00 -8.172112703323364258e-01 5.763382315635681152e-01 0.000000000000000000e+00
-5.002464652061462402e-01 -8.658830523490905762e-01 0.000000000000000000e+00 -8.658830523490905762e-01 5.002464652061462402e-01 0.000000000000000000e+00
-4.208782911300659180e-01 -9.071171283721923828e-01 0.000000000000000000e+00 -9.071171283721923828e-01 4.208782911300659180e-01 0.000000000000000000e+00
-3.462107479572296143e-01 -9.381567835807800293e-01 0.000000000000000000e+00 -9.381567835807800293e-01 3.462107479572296143e-01 0.000000000000000000e+00
-2.519464194774627686e-01 -9.677411913871765137e-01 0.000000000000000000e+00 -9.677411913871765137e-01 2.519464194774627686e-01 0.000000000000000000e+00
-1.825575828552246094e-01 -9.831951856613159180e-01 0.000000000000000000e+00 -9.831951856613159180e-01 1.825575828552246094e-01 0.000000000000000000e+00
-6.087313219904899597e-02 -9.981455206871032715e-01 0.000000000000000000e+00 -9.981455206871032715e-01 6.087313219904899597e-02 0.000000000000000000e+00
7.440151646733283997e-03 -9.999723434448242188e-01 0.000000000000000000e+00 -9.999723434448242188e-01 -7.440151646733283997e-03 0.000000000000000000e+00
1.200772225856781006e-01 -9.927645921707153320e-01 0.000000000000000000e+00 -9.927645921707153320e-01 -1.200772225856781006e-01 0.000000000000000000e+00
2.047576606273651123e-01 -9.788127541542053223e-01 0.000000000000000000e+00 -9.788127541542053223e-01 -2.047576606273651123e-01 -0.000000000000000000e+00
2.969238460063934326e-01 -9.549011588096618652e-01 0.000000000000000000e+00 -9.549011588096618652e-01 -2.969238460063934326e-01 0.000000000000000000e+00
3.835396468639373779e-01 -9.235244393348693848e-01 0.000000000000000000e+00 -9.235244393348693848e-01 -3.835396468639373779e-01 -0.000000000000000000e+00
4.525701999664306641e-01 -8.917287588119506836e-01 0.000000000000000000e+00 -8.917287588119506836e-01 -4.525701999664306641e-01 0.000000000000000000e+00
5.404365062713623047e-01 -8.413848280906677246e-01 0.000000000000000000e+00 -8.413848280906677246e-01 -5.404365062713623047e-01 0.000000000000000000e+00
5.856945514678955078e-01 -8.105319142341613770e-01 0.000000000000000000e+00 -8.105319142341613770e-01 -5.856945514678955078e-01 -0.000000000000000000e+00
6.621516346931457520e-01 -7.493699193000793457e-01 0.000000000000000000e+00 -7.493699193000793457e-01 -6.621516346931457520e-01 -0.000000000000000000e+00
7.107334136962890625e-01 -7.034615278244018555e-01 0.000000000000000000e+00 -7.034615278244018555e-01 -7.107334136962890625e-01 -0.000000000000000000e+00
7.710644602775573730e-01 -6.367570757865905762e-01 0.000000000000000000e+00 -6.367570757865905762e-01 -7.710644602775573730e-01 -0.000000000000000000e+00
8.131319880485534668e-01 -5.820793509483337402e-01 0.000000000000000000e+00 -5.820793509483337402e-01 -8.131319880485534668e-01 -0.000000000000000000e+00
8.714867830276489258e-01 -4.904189705848693848e-01 0.000000000000000000e+00 -4.904189705848693848e-01 -8.714867830276489258e-01 -0.000000000000000000e+00
-4.420811831951141357e-01 -8.969750404357910156e-01 -0.000000000000000000e+00 -8.969750404357910156e-01 4.420811831951141357e-01 0.000000000000000000e+00
-3.394065201282501221e-01 -9.406397938728332520e-01 -0.000000000000000000e+00 -9.406397938728332520e-01 3.394065201282501221e-01 0.000000000000000000e+00
-3.073798418045043945e-01 -9.515869021415710449e-01 -0.000000000000000000e+00 -9.515869021415710449e-01 3.073798418045043945e-01 0.000000000000000000e+00
-2.091569900512695312e-01 -9.778820872306823730e-01 -0.000000000000000000e+00 -9.778820872306823730e-01 2.091569900512695312e-01 0.000000000000000000e+00
-1.687710583209991455e-01 -9.856553077697753906e-01 -0.000000000000000000e+00 -9.856553077697753906e-01 1.687710583209991455e-01 0.000000000000000000e+00
-6.883571296930313110e-02 -9.976280331611633301e-01 -0.000000000000000000e+00 -9.976280331611633301e-01 6.883571296930313110e-02 0.000000000000000000e+00
-1.385450642555952072e-02 -9.999040365219116211e-01 -0.000000000000000000e+00 -9.999040365219116211e-01 1.385450642555952072e-02 0.000000000000000000e+00
8.806762099266052246e-02 -9.961144924163818359e-01 0.000000000000000000e+00 -9.961144924163818359e-01 -8.806762099266052246e-02 -0.000000000000000000e+00
1.471020132303237915e-01 -9.891213178634643555e-01 0.000000000000000000e+00 -9.891213178634643555e-01 -1.471020132303237915e-01 -0.000000000000000000e+00
2.253874093294143677e-01 -9.742692112922668457e-01 0.000000000000000000e+00 -9.742692112922668457e-01 -2.253874093294143677e-01 -0.000000000000000000e+00
2.316010445356369019e-01 -9.728108644485473633e-01 0.000000000000000000e+00 -9.728108644485473633e-01 -2.316010445356369019e-01 -0.000000000000000000e+00
2.326482832431793213e-01 -9.725609421730041504e-01 0.000000000000000000e+00 -9.725609421730041504e-01 -2.326482832431793213e-01 -0.000000000000000000e+00
1.778648048639297485e-01 -9.840549230575561523e-01 0.000000000000000000e+00 -9.840549230575561523e-01 -1.778648048639297485e-01 -0.000000000000000000e+00
1.089167743921279907e-01 -9.940508604049682617e-01 0.000000000000000000e+00 -9.940508604049682617e-01 -1.089167743921279907e-01 -0.000000000000000000e+00
4.981446266174316406e-02 -9.987584948539733887e-01 0.000000000000000000e+00 -9.987584948539733887e-01 -4.981446266174316406e-02 -0.000000000000000000e+00
8.600652217864990234e-03 -9.999630451202392578e-01 0.000000000000000000e+00 -9.999630451202392578e-01 -8.600652217864990234e-03 -0.000000000000000000e+00
-5.619455594569444656e-03 -9.999842047691345215e-01 -0.000000000000000000e+00 -9.999842047691345215e-01 5.619455594569444656e-03 0.000000000000000000e+00
-5.347809288650751114e-03 -9.999856948852539062e-01 -0.000000000000000000e+00 -9.999856948852539062e-01 5.347809288650751114e-03 0.000000000000000000e+00
9.645159244537353516e-01 -2.640246748924255371e-01 0.000000000000000000e+00 -2.640246748924255371e-01 -9.645159244537353516e-01 -0.000000000000000000e+00
9.424180984497070312e-01 -3.344371616840362549e-01 0.000000000000000000e+00 -3.344371616840362549e-01 -9.424180984497070312e-01 -0.000000000000000000e+00
8.815813660621643066e-01 -4.720320999622344971e-01 0.000000000000000000e+00 -4.720320999622344971e-01 -8.815813660621643066e-01 -0.000000000000000000e+00
8.488857746124267578e-01 -5.285763740539550781e-01 0.000000000000000000e+00 -5.285763740539550781e-01 -8.488857746124267578e-01 -0.000000000000000000e+00
7.538379430770874023e-01 -6.570603847503662109e-01 0.000000000000000000e+00 -6.570603847503662109e-01 -7.538379430770874023e-01 0.000000000000000000e+00
7.206830978393554688e-01 -6.932646632194519043e-01 0.000000000000000000e+00 -6.932646632194519043e-01 -7.206830978393554688e-01 -0.000000000000000000e+00
5.888115167617797852e-01 -8.082703948020935059e-01 0.000000000000000000e+00 -8.082703948020935059e-01 -5.888115167617797852e-01 0.000000000000000000e+00
5.551718473434448242e-01 -8.317357301712036133e-01 0.000000000000000000e+00 -8.317357301712036133e-01 -5.551718473434448242e-01 -0.000000000000000000e+00
4.193826019763946533e-01 -9.078095555305480957e-01 0.000000000000000000e+00 -9.078095555305480957e-01 -4.193826019763946533e-01 -0.000000000000000000e+00
3.064899742603302002e-01 -9.518738985061645508e-01 0.000000000000000000e+00 -9.518738985061645508e-01 -3.064899742603302002e-01 0.000000000000000000e+00
2.092509269714355469e-01 -9.778620004653930664e-01 0.000000000000000000e+00 -9.778620004653930664e-01 -2.092509269714355469e-01 -0.000000000000000000e+00
7.515260577201843262e-02 -9.971720576286315918e-01 0.000000000000000000e+00 -9.971720576286315918e-01 -7.515260577201843262e-02 0.000000000000000000e+00
-1.857552304863929749e-02 -9.998275041580200195e-01 -0.000000000000000000e+00 -9.998275041580200195e-01 1.857552304863929749e-02 0.000000000000000000e+00
-1.813469678163528442e-01 -9.834191799163818359e-01 0.000000000000000000e+00 -9.834191799163818359e-01 1.813469678163528442e-01 0.000000000000000000e+00
-2.405580282211303711e-01 -9.706347584724426270e-01 0.000000000000000000e+00 -9.706347584724426270e-01 2.405580282211303711e-01 0.000000000000000000e+00
-3.391030728816986084e-01 -9.407492280006408691e-01 0.000000000000000000e+00 -9.407492280006408691e-01 3.391030728816986084e-01 0.000000000000000000e+00
-3.846223652362823486e-01 -9.230740070343017578e-01 0.000000000000000000e+00 -9.230740070343017578e-01 3.846223652362823486e-01 0.000000000000000000e+00
-4.445883333683013916e-01 -8.957350254058837891e-01 0.000000000000000000e+00 -8.957350254058837891e-01 4.445883333683013916e-01 0.000000000000000000e+00
-4.844514727592468262e-01 -8.748181462287902832e-01 0.000000000000000000e+00 -8.748181462287902832e-01 4.844514727592468262e-01 0.000000000000000000e+00
-5.463282465934753418e-01 -8.375711441040039062e-01 0.000000000000000000e+00 -8.375711441040039062e-01 5.463282465934753418e-01 0.000000000000000000e+00
-5.790436863899230957e-01 -8.152965307235717773e-01 0.000000000000000000e+00 -8.152965307235717773e-01 5.790436863899230957e-01 0.000000000000000000e+00
-6.223375797271728516e-01 -7.827489972114562988e-01 0.000000000000000000e+00 -7.827489972114562988e-01 6.223375797271728516e-01 0.000000000000000000e+00
-6.232672333717346191e-01 -7.820090055465698242e-01 0.000000000000000000e+00 -7.820090055465698242e-01 6.232672333717346191e-01 0.000000000000000000e+00
-6.436764001846313477e-01 -7.652978301048278809e-01 0.000000000000000000e+00 -7.652978301048278809e-01 6.436764001846313477e-01 0.000000000000000000e+00
-6.425797939300537109e-01 -7.662188410758972168e-01 0.000000000000000000e+00 -7.662188410758972168e-01 6.425797939300537109e-01 0.000000000000000000e+00
-6.485329270362854004e-01 -7.611866593360900879e-01 0.000000000000000000e+00 -7.611866593360900879e-01 6.485329270362854004e-01 0.000000000000000000e+00
-6.488131880760192871e-01 -7.609477639198303223e-01 0.000000000000000000e+00 -7.609477639198303223e-01 6.488131880760192871e-01 0.000000000000000000e+00
-1.596073806285858154e-02 -9.998726248741149902e-01 0.000000000000000000e+00 -9.998726248741149902e-01 1.596073806285858154e-02 0.000000000000000000e+00
-4.285308532416820526e-03 -9.999908208847045898e-01 0.000000000000000000e+00 -9.999908208847045898e-01 4.285308532416820526e-03 0.000000000000000000e+00
-4.916958976536989212e-03 -9.999879002571105957e-01 0.000000000000000000e+00 -9.999879002571105957e-01 4.916958976536989212e-03 0.000000000000000000e+00
-5.001690238714218140e-03 -9.999874830245971680e-01 0.000000000000000000e+00 -9.999874830245971680e-01 5.001690238714218140e-03 0.000000000000000000e+00
-5.368900019675493240e-03 -9.999855756759643555e-01 0.000000000000000000e+00 -9.999855756759643555e-01 5.368900019675493240e-03 0.000000000000000000e+00
-5.247158929705619812e-03 -9.999862313270568848e-01 -0.000000000000000000e+00 -9.999862313270568848e-01 5.247158929705619812e-03 0.000000000000000000e+00
-5.187955219298601151e-03 -9.999865293502807617e-01 0.000000000000000000e+00 -9.999865293502807617e-01 5.187955219298601151e-03 0.000000000000000000e+00
-5.879038944840431213e-03 -9.999827146530151367e-01 -0.000000000000000000e+00 -9.999827146530151367e-01 5.879038944840431213e-03 0.000000000000000000e+00
-5.058653187006711960e-03 -9.999872446060180664e-01 0.000000000000000000e+00 -9.999872446060180664e-01 5.058653187006711960e-03 0.000000000000000000e+00
-6.946629844605922699e-03 -9.999758601188659668e-01 -0.000000000000000000e+00 -9.999758601188659668e-01 6.946629844605922699e-03 0.000000000000000000e+00
-5.037664435803890228e-03 -9.999873042106628418e-01 0.000000000000000000e+00 -9.999873042106628418e-01 5.037664435803890228e-03 0.000000000000000000e+00
-5.375087726861238480e-03 -9.999855756759643555e-01 -0.000000000000000000e+00 -9.999855756759643555e-01 5.375087726861238480e-03 0.000000000000000000e+00
-5.111451726406812668e-03 -9.999869465827941895e-01 -0.000000000000000000e+00 -9.999869465827941895e-01 5.111451726406812668e-03 0.000000000000000000e+00
-5.223990883678197861e-03 -9.999863505363464355e-01 -0.000000000000000000e+00 -9.999863505363464355e-01 5.223990883678197861e-03 0.000000000000000000e+00
-5.020539741963148117e-03 -9.999874234199523926e-01 -0.000000000000000000e+00 -9.999874234199523926e-01 5.020539741963148117e-03 0.000000000000000000e+00
-4.936857614666223526e-03 -9.999878406524658203e-01 -0.000000000000000000e+00 -9.999878406524658203e-01 4.936857614666223526e-03 0.000000000000000000e+00
-4.651256836950778961e-03 -9.999892115592956543e-01 -0.000000000000000000e+00 -9.999892115592956543e-01 4.651256836950778961e-03 0.000000000000000000e+00
-4.479180090129375458e-03 -9.999899864196777344e-01 -0.000000000000000000e+00 -9.999899864196777344e-01 4.479180090129375458e-03 0.000000000000000000e+00
-2.703425474464893341e-03 -9.999963641166687012e-01 -0.000000000000000000e+00 -9.999963641166687012e-01 2.703425474464893341e-03 0.000000000000000000e+00
-2.435175701975822449e-03 -9.999970793724060059e-01 -0.000000000000000000e+00 -9.999970793724060059e-01 2.435175701975822449e-03 0.000000000000000000e+00
-1.071868231520056725e-03 -9.999994635581970215e-01 -0.000000000000000000e+00 -9.999994635581970215e-01 1.071868231520056725e-03 0.000000000000000000e+00
-5.985733587294816971e-04 -9.999998211860656738e-01 -0.000000000000000000e+00 -9.999998211860656738e-01 5.985733587294816971e-04 0.000000000000000000e+00
-6.631787982769310474e-04 -9.999998211860656738e-01 -0.000000000000000000e+00 -9.999998211860656738e-01 6.631787982769310474e-04 0.000000000000000000e+00
-2.910783223342150450e-04 -1.000000000000000000e+00 -0.000000000000000000e+00 -1.000000000000000000e+00 2.910783223342150450e-04 0.000000000000000000e+00
1.726813934510573745e-04 -1.000000000000000000e+00 0.000000000000000000e+00 -1.000000000000000000e+00 -1.726813934510573745e-04 -0.000000000000000000e+00
1.074826344847679138e-03 -9.999994635581970215e-01 0.000000000000000000e+00 -9.999994635581970215e-01 -1.074826344847679138e-03 -0.000000000000000000e+00
1.627886318601667881e-03 -9.999986886978149414e-01 0.000000000000000000e+00 -9.999986886978149414e-01 -1.627886318601667881e-03 -0.000000000000000000e+00
1.619753893464803696e-03 -9.999986886978149414e-01 0.000000000000000000e+00 -9.999986886978149414e-01 -1.619753893464803696e-03 -0.000000000000000000e+00
1.380079891532659531e-03 -9.999990463256835938e-01 0.000000000000000000e+00 -9.999990463256835938e-01 -1.380079891532659531e-03 -0.000000000000000000e+00
1.274815876968204975e-03 -9.999992251396179199e-01 0.000000000000000000e+00 -9.999992251396179199e-01 -1.274815876968204975e-03 -0.000000000000000000e+00
1.081586349755525589e-03 -9.999994039535522461e-01 0.000000000000000000e+00 -9.999994039535522461e-01 -1.081586349755525589e-03 -0.000000000000000000e+00
9.474939433857798576e-04 -9.999995827674865723e-01 0.000000000000000000e+00 -9.999995827674865723e-01 -9.474939433857798576e-04 -0.000000000000000000e+00
1.136498409323394299e-03 -9.999993443489074707e-01 0.000000000000000000e+00 -9.999993443489074707e-01 -1.136498409323394299e-03 -0.000000000000000000e+00
1.103582791984081268e-03 -9.999994039535522461e-01 0.000000000000000000e+00 -9.999994039535522461e-01 -1.103582791984081268e-03 -0.000000000000000000e+00
1.334317028522491455e-03 -9.999991059303283691e-01 0.000000000000000000e+00 -9.999991059303283691e-01 -1.334317028522491455e-03 -0.000000000000000000e+00
1.308812526986002922e-03 -9.999991655349731445e-01 -0.000000000000000000e+00 -9.999991655349731445e-01 -1.308812526986002922e-03 0.000000000000000000e+00
1.382599002681672573e-03 -9.999990463256835938e-01 -0.000000000000000000e+00 -9.999990463256835938e-01 -1.382599002681672573e-03 0.000000000000000000e+00
1.293801469728350639e-03 -9.999991655349731445e-01 -0.000000000000000000e+00 -9.999991655349731445e-01 -1.293801469728350639e-03 0.000000000000000000e+00
1.039025606587529182e-03 -9.999994635581970215e-01 -0.000000000000000000e+00 -9.999994635581970215e-01 -1.039025606587529182e-03 0.000000000000000000e+00
1.689325785264372826e-03 -9.999985694885253906e-01 -0.000000000000000000e+00 -9.999985694885253906e-01 -1.689325785264372826e-03 0.000000000000000000e+00
1.560200122185051441e-03 -9.999988079071044922e-01 -0.000000000000000000e+00 -9.999988079071044922e-01 -1.560200122185051441e-03 0.000000000000000000e+00
2.135102404281497002e-03 -9.999977350234985352e-01 -0.000000000000000000e+00 -9.999977350234985352e-01 -2.135102404281497002e-03 0.000000000000000000e+00
2.130510285496711731e-03 -9.999977350234985352e-01 0.000000000000000000e+00 -9.999977350234985352e-01 -2.130510285496711731e-03 0.000000000000000000e+00
2.400021534413099289e-03 -9.999971389770507812e-01 -0.000000000000000000e+00 -9.999971389770507812e-01 -2.400021534413099289e-03 0.000000000000000000e+00
2.276268089190125465e-03 -9.999974370002746582e-01 0.000000000000000000e+00 -9.999974370002746582e-01 -2.276268089190125465e-03 0.000000000000000000e+00
2.320842817425727844e-03 -9.999973177909851074e-01 -0.000000000000000000e+00 -9.999973177909851074e-01 -2.320842817425727844e-03 0.000000000000000000e+00
2.332354895770549774e-03 -9.999973177909851074e-01 0.000000000000000000e+00 -9.999973177909851074e-01 -2.332354895770549774e-03 0.000000000000000000e+00
2.306740498170256615e-03 -9.999973773956298828e-01 0.000000000000000000e+00 -9.999973773956298828e-01 -2.306740498170256615e-03 0.000000000000000000e+00
2.370223402976989746e-03 -9.999971985816955566e-01 0.000000000000000000e+00 -9.999971985816955566e-01 -2.370223402976989746e-03 0.000000000000000000e+00
1.904706470668315887e-03 -9.999982118606567383e-01 0.000000000000000000e+00 -9.999982118606567383e-01 -1.904706470668315887e-03 0.000000000000000000e+00
1.887922408059239388e-03 -9.999982118606567383e-01 0.000000000000000000e+00 -9.999982118606567383e-01 -1.887922408059239388e-03 0.000000000000000000e+00
1.675631618127226830e-03 -9.999986290931701660e-01 0.000000000000000000e+00 -9.999986290931701660e-01 -1.675631618127226830e-03 0.000000000000000000e+00
1.960307592526078224e-03 -9.999980926513671875e-01 0.000000000000000000e+00 -9.999980926513671875e-01 -1.960307592526078224e-03 0.000000000000000000e+00
1.584028010256588459e-03 -9.999987483024597168e-01 0.000000000000000000e+00 -9.999987483024597168e-01 -1.584028010256588459e-03 0.000000000000000000e+00
1.564548001624643803e-03 -9.999988079071044922e-01 0.000000000000000000e+00 -9.999988079071044922e-01 -1.564548001624643803e-03 0.000000000000000000e+00
1.446582842618227005e-03 -9.999989867210388184e-01 0.000000000000000000e+00 -9.999989867210388184e-01 -1.446582842618227005e-03 0.000000000000000000e+00
1.084727235138416290e-03 -9.999994039535522461e-01 0.000000000000000000e+00 -9.999994039535522461e-01 -1.084727235138416290e-03 0.000000000000000000e+00
-1.684122532606124878e-02 -9.998582005500793457e-01 -0.000000000000000000e+00 -9.998582005500793457e-01 1.684122532606124878e-02 0.000000000000000000e+00
-4.088337719440460205e-02 -9.991639256477355957e-01 -0.000000000000000000e+00 -9.991639256477355957e-01 4.088337719440460205e-02 0.000000000000000000e+00
-4.158243536949157715e-02 -9.991350769996643066e-01 -0.000000000000000000e+00 -9.991350769996643066e-01 4.158243536949157715e-02 0.000000000000000000e+00
-6.284041702747344971e-02 -9.980235695838928223e-01 -0.000000000000000000e+00 -9.980235695838928223e-01 6.284041702747344971e-02 0.000000000000000000e+00
-5.869625136256217957e-02 -9.982758760452270508e-01 -0.000000000000000000e+00 -9.982758760452270508e-01 5.869625136256217957e-02 0.000000000000000000e+00
-6.069201976060867310e-02 -9.981565475463867188e-01 -0.000000000000000000e+00 -9.981565475463867188e-01 6.069201976060867310e-02 0.000000000000000000e+00
-3.948378562927246094e-02 -9.992202520370483398e-01 -0.000000000000000000e+00 -9.992202520370483398e-01 3.948378562927246094e-02 0.000000000000000000e+00
2.900105714797973633e-02 -9.995793700218200684e-01 0.000000000000000000e+00 -9.995793700218200684e-01 -2.900105714797973633e-02 -0.000000000000000000e+00
7.159488648176193237e-02 -9.974338412284851074e-01 -0.000000000000000000e+00 -9.974338412284851074e-01 -7.159488648176193237e-02 0.000000000000000000e+00
1.498444974422454834e-01 -9.887095689773559570e-01 0.000000000000000000e+00 -9.887095689773559570e-01 -1.498444974422454834e-01 -0.000000000000000000e+00
2.020208239555358887e-01 -9.793812036514282227e-01 -0.000000000000000000e+00 -9.793812036514282227e-01 -2.020208239555358887e-01 0.000000000000000000e+00
2.703662514686584473e-01 -9.627575874328613281e-01 0.000000000000000000e+00 -9.627575874328613281e-01 -2.703662514686584473e-01 -0.000000000000000000e+00
3.232879638671875000e-01 -9.463006258010864258e-01 -0.000000000000000000e+00 -9.463006258010864258e-01 -3.232879638671875000e-01 0.000000000000000000e+00
3.812187016010284424e-01 -9.244849085807800293e-01 0.000000000000000000e+00 -9.244849085807800293e-01 -3.812187016010284424e-01 -0.000000000000000000e+00
4.325986206531524658e-01 -9.015866518020629883e-01 -0.000000000000000000e+00 -9.015866518020629883e-01 -4.325986206531524658e-01 0.000000000000000000e+00
4.783295094966888428e-01 -8.781804442405700684e-01 -0.000000000000000000e+00 -8.781804442405700684e-01 -4.783295094966888428e-01 0.000000000000000000e+00
5.321564078330993652e-01 -8.466460704803466797e-01 -0.000000000000000000e+00 -8.466460704803466797e-01 -5.321564078330993652e-01 0.000000000000000000e+00
5.725156068801879883e-01 -8.198938965797424316e-01 -0.000000000000000000e+00 -8.198938965797424316e-01 -5.725156068801879883e-01 0.000000000000000000e+00
6.304103732109069824e-01 -7.762620449066162109e-01 -0.000000000000000000e+00 -7.762620449066162109e-01 -6.304103732109069824e-01 0.000000000000000000e+00
6.676079034805297852e-01 -7.445130348205566406e-01 -0.000000000000000000e+00 -7.445130348205566406e-01 -6.676079034805297852e-01 0.000000000000000000e+00
7.246435284614562988e-01 -6.891239285469055176e-01 -0.000000000000000000e+00 -6.891239285469055176e-01 -7.246435284614562988e-01 0.000000000000000000e+00
7.478147745132446289e-01 -6.639074683189392090e-01 0.000000000000000000e+00 -6.639074683189392090e-01 -7.478147745132446289e-01 0.000000000000000000e+00
7.966197729110717773e-01 -6.044807434082031250e-01 -0.000000000000000000e+00 -6.044807434082031250e-01 -7.966197729110717773e-01 0.000000000000000000e+00
8.193389177322387695e-01 -5.733094811439514160e-01 0.000000000000000000e+00 -5.733094811439514160e-01 -8.193389177322387695e-01 0.000000000000000000e+00
8.621782064437866211e-01 -5.066051483154296875e-01 -0.000000000000000000e+00 -5.066051483154296875e-01 -8.621782064437866211e-01 0.000000000000000000e+00
8.839884400367736816e-01 -4.675088226795196533e-01 0.000000000000000000e+00 -4.675088226795196533e-01 -8.839884400367736816e-01 0.000000000000000000e+00
9.201101064682006836e-01 -3.916597962379455566e-01 -0.000000000000000000e+00 -3.916597962379455566e-01 -9.201101064682006836e-01 0.000000000000000000e+00
9.393712878227233887e-01 -3.429018557071685791e-01 0.000000000000000000e+00 -3.429018557071685791e-01 -9.393712878227233887e-01 0.000000000000000000e+00
9.658846855163574219e-01 -2.589725553989410400e-01 -0.000000000000000000e+00 -2.589725553989410400e-01 -9.658846855163574219e-01 0.000000000000000000e+00
9.796919226646423340e-01 -2.005087584257125854e-01 0.000000000000000000e+00 -2.005087584257125854e-01 -9.796919226646423340e-01 0.000000000000000000e+00
9.937847256660461426e-01 -1.113190874457359314e-01 -0.000000000000000000e+00 -1.113190874457359314e-01 -9.937847256660461426e-01 0.000000000000000000e+00
9.991328120231628418e-01 -4.163689911365509033e-02 0.000000000000000000e+00 -4.163689911365509033e-02 -9.991328120231628418e-01 0.000000000000000000e+00
9.985578060150146484e-01 5.368766188621520996e-02 0.000000000000000000e+00 5.368766188621520996e-02 -9.985578060150146484e-01 -0.000000000000000000e+00
9.941458702087402344e-01 1.080461218953132629e-01 -0.000000000000000000e+00 1.080461218953132629e-01 -9.941458702087402344e-01 0.000000000000000000e+00
-9.805977344512939453e-01 -1.960307657718658447e-01 0.000000000000000000e+00 -1.960307657718658447e-01 9.805977344512939453e-01 0.000000000000000000e+00
-9.653494954109191895e-01 -2.609605193138122559e-01 0.000000000000000000e+00 -2.609605193138122559e-01 9.653494954109191895e-01 0.000000000000000000e+00
-9.387250542640686035e-01 -3.446669578552246094e-01 0.000000000000000000e+00 -3.446669578552246094e-01 9.387250542640686035e-01 0.000000000000000000e+00
-9.122437834739685059e-01 -4.096477031707763672e-01 0.000000000000000000e+00 -4.096477031707763672e-01 9.122437834739685059e-01 0.000000000000000000e+00
-8.769338726997375488e-01 -4.806110858917236328e-01 0.000000000000000000e+00 -4.806110858917236328e-01 8.769338726997375488e-01 0.000000000000000000e+00
-8.408173322677612305e-01 -5.413190126419067383e-01 0.000000000000000000e+00 -5.413190126419067383e-01 8.408173322677612305e-01 0.000000000000000000e+00
-7.966128587722778320e-01 -6.044898629188537598e-01 0.000000000000000000e+00 -6.044898629188537598e-01 7.966128587722778320e-01 0.000000000000000000e+00
-7.495810985565185547e-01 -6.619125604629516602e-01 0.000000000000000000e+00 -6.619125604629516602e-01 7.495810985565185547e-01 0.000000000000000000e+00
-6.901613473892211914e-01 -7.236555814743041992e-01 0.000000000000000000e+00 -7.236555814743041992e-01 6.901613473892211914e-01 0.000000000000000000e+00
-6.298490166664123535e-01 -7.767176628112792969e-01 0.000000000000000000e+00 -7.767176628112792969e-01 6.298490166664123535e-01 0.000000000000000000e+00
-5.616412758827209473e-01 -8.273808956146240234e-01 0.000000000000000000e+00 -8.273808956146240234e-01 5.616412758827209473e-01 0.000000000000000000e+00
-4.974574744701385498e-01 -8.674883842468261719e-01 0.000000000000000000e+00 -8.674883842468261719e-01 4.974574744701385498e-01 0.000000000000000000e+00
-4.283534586429595947e-01 -9.036112427711486816e-01 0.000000000000000000e+00 -9.036112427711486816e-01 4.283534586429595947e-01 0.000000000000000000e+00
-3.740694820880889893e-01 -9.274007081985473633e-01 0.000000000000000000e+00 -9.274007081985473633e-01 3.740694820880889893e-01 0.000000000000000000e+00
-3.217889964580535889e-01 -9.468114376068115234e-01 0.000000000000000000e+00 -9.468114376068115234e-01 3.217889964580535889e-01 0.000000000000000000e+00
-2.826724946498870850e-01 -9.592165350914001465e-01 0.000000000000000000e+00 -9.592165350914001465e-01 2.826724946498870850e-01 0.000000000000000000e+00
-2.349957525730133057e-01 -9.719964265823364258e-01 0.000000000000000000e+00 -9.719964265823364258e-01 2.349957525730133057e-01 0.000000000000000000e+00
-1.977096349000930786e-01 -9.802606701850891113e-01 0.000000000000000000e+00 -9.802606701850891113e-01 1.977096349000930786e-01 0.000000000000000000e+00
-1.502314954996109009e-01 -9.886508584022521973e-01 0.000000000000000000e+00 -9.886508584022521973e-01 1.502314954996109009e-01 0.000000000000000000e+00
-1.063043251633644104e-01 -9.943336248397827148e-01 0.000000000000000000e+00 -9.943336248397827148e-01 1.063043251633644104e-01 0.000000000000000000e+00
-5.895046889781951904e-02 -9.982609152793884277e-01 0.000000000000000000e+00 -9.982609152793884277e-01 5.895046889781951904e-02 0.000000000000000000e+00
-1.021344866603612900e-02 -9.999478459358215332e-01 -0.000000000000000000e+00 -9.999478459358215332e-01 1.021344866603612900e-02 0.000000000000000000e+00
3.974108770489692688e-02 -9.992100596427917480e-01 0.000000000000000000e+00 -9.992100596427917480e-01 -3.974108770489692688e-02 0.000000000000000000e+00
9.086177498102188110e-02 -9.958635568618774414e-01 0.000000000000000000e+00 -9.958635568618774414e-01 -9.086177498102188110e-02 -0.000000000000000000e+00
1.338185220956802368e-01 -9.910058975219726562e-01 0.000000000000000000e+00 -9.910058975219726562e-01 -1.338185220956802368e-01 0.000000000000000000e+00
1.765814274549484253e-01 -9.842860698699951172e-01 0.000000000000000000e+00 -9.842860698699951172e-01 -1.765814274549484253e-01 -0.000000000000000000e+00
2.141092270612716675e-01 -9.768097400665283203e-01 0.000000000000000000e+00 -9.768097400665283203e-01 -2.141092270612716675e-01 0.000000000000000000e+00
2.459098249673843384e-01 -9.692927002906799316e-01 0.000000000000000000e+00 -9.692927002906799316e-01 -2.459098249673843384e-01 -0.000000000000000000e+00
2.808398008346557617e-01 -9.597547054290771484e-01 0.000000000000000000e+00 -9.597547054290771484e-01 -2.808398008346557617e-01 0.000000000000000000e+00
3.154381513595581055e-01 -9.489461779594421387e-01 0.000000000000000000e+00 -9.489461779594421387e-01 -3.154381513595581055e-01 -0.000000000000000000e+00
3.425378799438476562e-01 -9.395040273666381836e-01 0.000000000000000000e+00 -9.395040273666381836e-01 -3.425378799438476562e-01 0.000000000000000000e+00
3.762551546096801758e-01 -9.265161156654357910e-01 0.000000000000000000e+00 -9.265161156654357910e-01 -3.762551546096801758e-01 -0.000000000000000000e+00
3.968408405780792236e-01 -9.178874492645263672e-01 0.000000000000000000e+00 -9.178874492645263672e-01 -3.968408405780792236e-01 0.000000000000000000e+00
4.320427477359771729e-01 -9.018531441688537598e-01 0.000000000000000000e+00 -9.018531441688537598e-01 -4.320427477359771729e-01 -0.000000000000000000e+00
4.514233171939849854e-01 -8.923099637031555176e-01 0.000000000000000000e+00 -8.923099637031555176e-01 -4.514233171939849854e-01 -0.000000000000000000e+00
4.859742224216461182e-01 -8.739731907844543457e-01 0.000000000000000000e+00 -8.739731907844543457e-01 -4.859742224216461182e-01 -0.000000000000000000e+00
4.857531785964965820e-01 -8.740960359573364258e-01 0.000000000000000000e+00 -8.740960359573364258e-01 -4.857531785964965820e-01 0.000000000000000000e+00
4.828250408172607422e-01 -8.757168650627136230e-01 0.000000000000000000e+00 -8.757168650627136230e-01 -4.828250408172607422e-01 -0.000000000000000000e+00
4.701369404792785645e-01 -8.825935125350952148e-01 0.000000000000000000e+00 -8.825935125350952148e-01 -4.701369404792785645e-01 0.000000000000000000e+00
4.645472764968872070e-01 -8.855483531951904297e-01 0.000000000000000000e+00 -8.855483531951904297e-01 -4.645472764968872070e-01 -0.000000000000000000e+00
4.689866304397583008e-01 -8.832052946090698242e-01 0.000000000000000000e+00 -8.832052946090698242e-01 -4.689866304397583008e-01 -0.000000000000000000e+00
4.603407084941864014e-01 -8.877423405647277832e-01 0.000000000000000000e+00 -8.877423405647277832e-01 -4.603407084941864014e-01 -0.000000000000000000e+00
4.542710781097412109e-01 -8.908635377883911133e-01 0.000000000000000000e+00 -8.908635377883911133e-01 -4.542710781097412109e-01 -0.000000000000000000e+00
4.540821909904479980e-01 -8.909597992897033691e-01 0.000000000000000000e+00 -8.909597992897033691e-01 -4.540821909904479980e-01 -0.000000000000000000e+00
4.559817612171173096e-01 -8.899891376495361328e-01 0.000000000000000000e+00 -8.899891376495361328e-01 -4.559817612171173096e-01 -0.000000000000000000e+00
4.584468305110931396e-01 -8.887218832969665527e-01 0.000000000000000000e+00 -8.887218832969665527e-01 -4.584468305110931396e-01 -0.000000000000000000e+00
4.601484537124633789e-01 -8.878419995307922363e-01 0.000000000000000000e+00 -8.878419995307922363e-01 -4.601484537124633789e-01 -0.000000000000000000e+00
4.620293080806732178e-01 -8.868646621704101562e-01 0.000000000000000000e+00 -8.868646621704101562e-01 -4.620293080806732178e-01 -0.000000000000000000e+00
4.626006484031677246e-01 -8.865667581558227539e-01 0.000000000000000000e+00 -8.865667581558227539e-01 -4.626006484031677246e-01 -0.000000000000000000e+00
4.664777815341949463e-01 -8.845329284667968750e-01 0.000000000000000000e+00 -8.845329284667968750e-01 -4.664777815341949463e-01 -0.000000000000000000e+00
4.665046036243438721e-01 -8.845187425613403320e-01 0.000000000000000000e+00 -8.845187425613403320e-01 -4.665046036243438721e-01 -0.000000000000000000e+00
4.664367735385894775e-01 -8.845545649528503418e-01 0.000000000000000000e+00 -8.845545649528503418e-01 -4.664367735385894775e-01 -0.000000000000000000e+00
4.672351777553558350e-01 -8.841331005096435547e-01 0.000000000000000000e+00 -8.841331005096435547e-01 -4.672351777553558350e-01 0.000000000000000000e+00
4.671255946159362793e-01 -8.841910362243652344e-01 0.000000000000000000e+00 -8.841910362243652344e-01 -4.671255946159362793e-01 -0.000000000000000000e+00
-4.480473697185516357e-01 8.940089344978332520e-01 -1.296332455240190029e-03 5.808187415823340416e-04 -1.158933620899915695e-03 -9.999991655349731445e-01
-4.480473697185516357e-01 8.940089344978332520e-01 -1.296794740483164787e-03 5.810259026475250721e-04 -1.159346895292401314e-03 -9.999991655349731445e-01
-3.240876495838165283e-01 9.460266828536987305e-01 -8.673171978443861008e-04 2.810868900269269943e-04 -8.205055491998791695e-04 -9.999996423721313477e-01
-3.240876793861389160e-01 9.460267424583435059e-01 -8.097221143543720245e-04 2.624210319481790066e-04 -7.660189876332879066e-04 -9.999997019767761230e-01
-1.942701041698455811e-01 9.809473752975463867e-01 -1.198068377561867237e-03 2.327489928575232625e-04 -1.175242708995938301e-03 -9.999992847442626953e-01
-1.942701041698455811e-01 9.809474349021911621e-01 -1.116279396228492260e-03 2.168598439311608672e-04 -1.095012063160538673e-03 -9.999994039535522461e-01
-6.094265356659889221e-02 9.981405138969421387e-01 -1.259112847037613392e-03 7.673374057048931718e-05 -1.256772549822926521e-03 -9.999992251396179199e-01
-6.094265356659889221e-02 9.981405138969421387e-01 -1.248462707735598087e-03 7.608468877151608467e-05 -1.246142201125621796e-03 -9.999992251396179199e-01
7.348699867725372314e-02 9.972952008247375488e-01 -1.388466800563037395e-03 -1.020343479467555881e-04 -1.384712639264762402e-03 -9.999990463256835938e-01
7.348699867725372314e-02 9.972952604293823242e-01 -1.342712668702006340e-03 -9.867201151791960001e-05 -1.339082140475511551e-03 -9.999991059303283691e-01
2.065875679254531860e-01 9.784262180328369141e-01 -1.902280724607408047e-03 -3.929883532691746950e-04 -1.861245022155344486e-03 -9.999982118606567383e-01
2.065876275300979614e-01 9.784264564514160156e-01 -1.820041681639850140e-03 -3.759987594094127417e-04 -1.780780032277107239e-03 -9.999983906745910645e-01
3.359548747539520264e-01 9.418748617172241211e-01 -2.464168937876820564e-03 -8.278521127067506313e-04 -2.320945961400866508e-03 -9.999970197677612305e-01
3.359549343585968018e-01 9.418751001358032227e-01 -2.363093430176377296e-03 -7.938951603136956692e-04 -2.225745003670454025e-03 -9.999971985816955566e-01
4.592503309249877930e-01 8.883032798767089844e-01 -2.552499994635581970e-03 -1.172240241430699825e-03 -2.267401432618498802e-03 -9.999967813491821289e-01
4.592503309249877930e-01 8.883032798767089844e-01 -2.553880913183093071e-03 -1.172874472104012966e-03 -2.268628217279911041e-03 -9.999967813491821289e-01
6.253635883331298828e-01 7.803335189819335938e-01 1.644671137910336256e-04 1.028517435770481825e-04 1.283392048208042979e-04 -1.000000000000000000e+00
6.253635883331298828e-01 7.803335189819335938e-01 1.496682234574109316e-04 9.359706018585711718e-05 1.167911323136650026e-04 -1.000000000000000000e+00
7.377586364746093750e-01 6.750614643096923828e-01 2.050465671345591545e-03 1.512751914560794830e-03 1.384193310514092445e-03 -9.999979138374328613e-01
7.377585172653198242e-01 6.750613451004028320e-01 2.129697008058428764e-03 1.571205677464604378e-03 1.437679398804903030e-03 -9.999977350234985352e-01
8.326538801193237305e-01 5.537822246551513672e-01 3.578445175662636757e-03 2.979625249281525612e-03 1.981691922992467880e-03 -9.999936223030090332e-01
8.326537013053894043e-01 5.537821054458618164e-01 3.628775011748075485e-03 3.021532902494072914e-03 2.009563846513628960e-03 -9.999934434890747070e-01
9.078067541122436523e-01 4.193734228610992432e-01 3.581010969355702400e-03 3.250887151807546616e-03 1.501790713518857956e-03 -9.999936223030090332e-01
9.078067541122436523e-01 4.193734228610992432e-01 3.587696701288223267e-03 3.256956348195672035e-03 1.504594343714416027e-03 -9.999935626983642578e-01
9.614351391792297363e-01 2.750163972377777100e-01 2.905111294239759445e-03 2.793087856844067574e-03 7.989566074684262276e-04 -9.999957680702209473e-01
9.614350199699401855e-01 2.750163674354553223e-01 2.945768646895885468e-03 2.832177327945828438e-03 8.101381245069205761e-04 -9.999956488609313965e-01
9.922617077827453613e-01 1.241412237286567688e-01 2.378222765401005745e-03 2.359826117753982544e-03 2.952363283839076757e-04 -9.999971985816955566e-01
9.922615885734558105e-01 1.241412088274955750e-01 2.436926821246743202e-03 2.418075688183307648e-03 3.025238984264433384e-04 -9.999970197677612305e-01
9.995577931404113770e-01 -2.968061715364456177e-02 1.813031383790075779e-03 1.812232774682343006e-03 -5.381198570830747485e-05 -9.999983906745910645e-01
9.995577931404113770e-01 -2.968061715364456177e-02 1.816510222852230072e-03 1.815710100345313549e-03 -5.391523882281035185e-05 -9.999983906745910645e-01
9.831491112709045410e-01 -1.827994138002395630e-01 1.501456601545214653e-03 1.476157456636428833e-03 -2.744657103903591633e-04 -9.999988675117492676e-01
9.831489920616149902e-01 -1.827993988990783691e-01 1.565760700032114983e-03 1.539378077723085880e-03 -2.862204855773597956e-04 -9.999988079071044922e-01
9.434261918067932129e-01 -3.315803110599517822e-01 1.247154898010194302e-03 1.176599529571831226e-03 -4.135323397349566221e-04 -9.999992251396179199e-01
9.434262514114379883e-01 -3.315803408622741699e-01 1.220406964421272278e-03 1.151364762336015701e-03 -4.046632384415715933e-04 -9.999992847442626953e-01
8.883014321327209473e-01 -4.592601060867309570e-01 8.435594500042498112e-04 7.493353332392871380e-04 -3.874133399222046137e-04 -9.999996423721313477e-01
8.883014917373657227e-01 -4.592601358890533447e-01 7.985630654729902744e-04 7.093649473972618580e-04 -3.667483106255531311e-04 -9.999997019767761230e-01
7.940379381179809570e-01 -6.078677177429199219e-01 8.396446937695145607e-04 6.667099660262465477e-04 -5.103930598124861717e-04 -9.999997019767761230e-01
7.940379381179809570e-01 -6.078677177429199219e-01 7.979632355272769928e-04 6.336132646538317204e-04 -4.850562254432588816e-04 -9.999997019767761230e-01
6.751823425292968750e-01 -7.376506328582763672e-01 6.706718704663217068e-04 4.528258868958801031e-04 -4.947216366417706013e-04 -9.999998211860656738e-01
6.751823425292968750e-01 -7.376506328582763672e-01 5.866886349394917488e-04 3.961218753829598427e-04 -4.327713104430586100e-04 -9.999998211860656738e-01
5.354167819023132324e-01 -8.445879817008972168e-01 6.516715075122192502e-05 3.489158552838489413e-05 -5.503939246409572661e-05 -1.000000000000000000e+00
5.354167819023132324e-01 -8.445879817008972168e-01 -2.092558133881539106e-05 -1.120390697906259447e-05 1.767349385772831738e-05 -1.000000000000000000e+00
3.790691196918487549e-01 -9.253683090209960938e-01 -2.928235335275530815e-04 -1.110003722715191543e-04 2.709696709644049406e-04 -1.000000000000000000e+00
3.790691196918487549e-01 -9.253683090209960938e-01 -2.939821861218661070e-04 -1.114395854528993368e-04 2.720418560784310102e-04 -1.000000000000000000e+00
2.109814286231994629e-01 -9.774898886680603027e-01 -5.858957301825284958e-04 -1.236131502082571387e-04 5.727072712033987045e-04 -9.999998211860656738e-01
2.109814286231994629e-01 -9.774898886680603027e-01 -5.921190022490918636e-04 -1.249261404154822230e-04 5.787904374301433563e-04 -9.999998211860656738e-01
-1.404296979308128357e-02 -9.999010562896728516e-01 -8.193217799998819828e-04 1.150571551988832653e-05 8.192410459741950035e-04 -9.999997019767761230e-01
-1.404296979308128357e-02 -9.999010562896728516e-01 -8.146404870785772800e-04 1.143997633334947750e-05 8.145602187141776085e-04 -9.999997019767761230e-01
-2.025734335184097290e-01 -9.792666435241699219e-01 -9.102773037739098072e-04 1.843980862759053707e-04 8.914045756682753563e-04 -9.999995827674865723e-01
-2.025734335184097290e-01 -9.792666435241699219e-01 -9.261645609512925148e-04 1.876164169516414404e-04 9.069624356925487518e-04 -9.999995827674865723e-01
-3.838164508342742920e-01 -9.234086871147155762e-01 -1.212788047268986702e-03 4.654883232433348894e-04 1.119899796321988106e-03 -9.999992847442626953e-01
-3.838164508342742920e-01 -9.234086871147155762e-01 -1.204625004902482033e-03 4.623552085831761360e-04 1.112362020649015903e-03 -9.999992847442626953e-01
-5.512536764144897461e-01 -8.343357443809509277e-01 -1.820773119106888771e-03 1.003709505312144756e-03 1.519138575531542301e-03 -9.999983310699462891e-01
-5.512536764144897461e-01 -8.343357443809509277e-01 -1.824140781536698341e-03 1.005565980449318886e-03 1.521948375739157200e-03 -9.999983310699462891e-01
-6.988628506660461426e-01 -7.152525186538696289e-01 -2.123023150488734245e-03 1.483705476857721806e-03 1.518501085229218006e-03 -9.999977350234985352e-01
-6.988629102706909180e-01 -7.152525782585144043e-01 -2.103382023051381111e-03 1.469978946261107922e-03 1.504452666267752647e-03 -9.999977946281433105e-01
-8.213331103324890137e-01 -5.704432725906372070e-01 -2.532235346734523773e-03 2.079815370962023735e-03 1.444501336663961411e-03 -9.999967813491821289e-01
-8.213330507278442383e-01 -5.704432725906372070e-01 -2.553011756390333176e-03 2.096879761666059494e-03 1.456353114917874336e-03 -9.999967217445373535e-01
-9.142606854438781738e-01 -4.051159024238586426e-01 -2.927804132923483849e-03 2.676787786185741425e-03 1.186105073429644108e-03 -9.999957084655761719e-01
-9.142609834671020508e-01 -4.051160216331481934e-01 -2.825365168973803520e-03 2.583131426945328712e-03 1.144605223089456558e-03 -9.999960064888000488e-01
-9.743060469627380371e-01 -2.252154201269149780e-01 -2.398422686383128166e-03 2.336804522201418877e-03 5.401633097790181637e-04 -9.999971389770507812e-01
-9.743060469627380371e-01 -2.252154201269149780e-01 -2.406893298029899597e-03 2.345057437196373940e-03 5.420710076577961445e-04 -9.999971389770507812e-01
-9.939371943473815918e-01 1.099171638488769531e-01 -2.663897816091775894e-03 2.647756598889827728e-03 -2.928091271314769983e-04 -9.999964833259582520e-01
-9.939371943473815918e-01 1.099171638488769531e-01 -2.659915713593363762e-03 2.643798477947711945e-03 -2.923714346252381802e-04 -9.999964833259582520e-01
-9.409048557281494141e-01 3.386657238006591797e-01 -1.912937033921480179e-03 1.799894962459802628e-03 -6.478473660536110401e-04 -9.999982118606567383e-01
-9.409050345420837402e-01 3.386657834053039551e-01 -1.802521874196827412e-03 1.696004648692905903e-03 -6.104534259065985680e-04 -9.999983906745910645e-01
-8.359935283660888672e-01 5.487375855445861816e-01 -1.378322951495647430e-03 1.152270124293863773e-03 -7.563383551314473152e-04 -9.999990463256835938e-01
-8.359934687614440918e-01 5.487375855445861816e-01 -1.418889616616070271e-03 1.186183653771877289e-03 -7.785988273099064827e-04 -9.999989867210388184e-01
-6.849873065948486328e-01 7.285535335540771484e-01 -1.477066893130540848e-03 1.011773128993809223e-03 -1.076123444363474846e-03 -9.999989271163940430e-01
-6.849870681762695312e-01 7.285532951354980469e-01 -1.692258985713124275e-03 1.159177161753177643e-03 -1.232902519404888153e-03 -9.999985694885253906e-01
-4.962087869644165039e-01 8.682013154029846191e-01 -1.835504779592156410e-03 9.107951191253960133e-04 -1.593590248376131058e-03 -9.999983310699462891e-01
-4.962086975574493408e-01 8.682011365890502930e-01 -1.917334389872848988e-03 9.513998520560562611e-04 -1.664635143242776394e-03 -9.999982118606567383e-01
-2.800741195678710938e-01 9.599761366844177246e-01 -2.061112783849239349e-03 5.772655713371932507e-04 -1.978623447939753532e-03 -9.999978542327880859e-01
-2.800740599632263184e-01 9.599759578704833984e-01 -2.172850072383880615e-03 6.085603963583707809e-04 -2.085888991132378578e-03 -9.999976754188537598e-01
-4.849629849195480347e-02 9.988195896148681641e-01 -2.753354609012603760e-03 1.335280394414439797e-04 -2.750115236267447472e-03 -9.999962449073791504e-01
-4.849628359079360962e-02 9.988192915916442871e-01 -2.868313342332839966e-03 1.391031109960749745e-04 -2.864938462153077126e-03 -9.999958872795104980e-01
1.857547163963317871e-01 9.825885295867919922e-01 -3.879265859723091125e-03 -7.205973379313945770e-04 -3.811750793829560280e-03 -9.999924898147583008e-01
1.857547163963317871e-01 9.825885295867919922e-01 -3.870567306876182556e-03 -7.189815514720976353e-04 -3.803203580901026726e-03 -9.999924898147583008e-01
4.097644388675689697e-01 9.121868610382080078e-01 -2.881324617192149162e-03 -1.180669176392257214e-03 -2.628317335620522499e-03 -9.999958872795104980e-01
4.097644388675689697e-01 9.121869206428527832e-01 -2.849766286090016365e-03 -1.167737646028399467e-03 -2.599530154839158058e-03 -9.999959468841552734e-01
1.832264512777328491e-01 9.830632209777832031e-01 -3.838073462247848511e-03 -7.032418507151305676e-04 -3.773096948862075806e-03 -9.999926686286926270e-01
1.832264512777328491e-01 9.830632209777832031e-01 -3.842655103653669357e-03 -7.040813216008245945e-04 -3.777601057663559914e-03 -9.999926686286926270e-01
3.978386521339416504e-01 9.174509048461914062e-01 -2.893302822485566139e-03 -1.151072559878230095e-03 -2.654474228620529175e-03 -9.999958276748657227e-01
3.978386521339416504e-01 9.174508452415466309e-01 -2.904567169025540352e-03 -1.155554084107279778e-03 -2.664809115231037140e-03 -9.999958276748657227e-01
5.924153923988342285e-01 8.056324720382690430e-01 -5.909428000450134277e-04 -3.500836901366710663e-04 -4.760827869176864624e-04 -9.999998211860656738e-01
5.924153923988342285e-01 8.056324720382690430e-01 -5.570119246840476990e-04 -3.299825475551187992e-04 -4.487469850573688745e-04 -9.999998807907104492e-01
7.571538686752319336e-01 6.532344222068786621e-01 1.711947028525173664e-03 1.296209171414375305e-03 1.118304324336349964e-03 -9.999985694885253906e-01
7.571538090705871582e-01 6.532343626022338867e-01 1.744710491038858891e-03 1.321016228757798672e-03 1.139706582762300968e-03 -9.999985098838806152e-01
8.837577700614929199e-01 4.679364860057830811e-01 2.772609703242778778e-03 2.450324827805161476e-03 1.297410228289663792e-03 -9.999961853027343750e-01
8.837575912475585938e-01 4.679363667964935303e-01 2.860957989469170570e-03 2.528403652831912041e-03 1.338751753792166710e-03 -9.999959468841552734e-01
9.658541679382324219e-01 2.590734064579010010e-01 2.579993801191449165e-03 2.491906285285949707e-03 6.684100953862071037e-04 -9.999967217445373535e-01
9.658542275428771973e-01 2.590734362602233887e-01 2.575312741100788116e-03 2.487384947016835213e-03 6.671972805634140968e-04 -9.999967217445373535e-01
