# https://github.com/mikedh/trimesh
v -52.68523194 66.93956315 -57.80305705
v 9.55479803 66.45936206 36.66906775
v -52.68579681 66.40416023 -57.16238196
v 31.19777398 -46.57660956 6.89827598
v -55.65964538 66.48829555 -55.45317795
v -54.00444019 68.65197536 -56.96569159
v -51.91874486 68.43623905 -56.94111461
v -56.62194159 58.80161147 -54.90197960
v -51.67489680 67.24108475 -56.55830315
v 21.01181541 -46.09543256 7.52202590
v -50.56462329 74.85637035 -54.95580576
v -57.98168128 59.93108599 -54.89399015
v -10.38620981 17.80338245 28.70422811
v -57.91154311 58.22842622 -53.54496842
v -58.77348614 59.07022176 -54.39738038
v -56.82160280 68.87393802 -54.43287555
v 7.35608653 17.29182979 28.69145890
v -49.36490893 73.98728161 -54.14192247
v -52.53237741 76.85034778 -52.22893433
v -12.57969673 44.52414837 35.15568591
v -21.05702862 -7.23203801 18.88805315
v -54.35633940 65.85666161 -53.89466511
v -56.89175713 69.99290571 -52.30687825
v -54.62821710 73.96360448 -52.52555138
v -50.06394849 76.07260109 -53.23099301
v -60.22250110 59.33221223 -51.88909423
v 21.75670844 -44.95846217 7.36765814
v -56.80227218 59.60825460 -52.89509296
v -60.20684967 61.26758906 -52.34525271
v -54.52702605 69.46527691 -52.79489989
v -52.03661135 73.07882389 -51.85520556
v -51.00184669 73.72081299 -52.31896292
v -54.14602923 75.80112849 -52.77731362
v -58.86409520 58.46229345 -51.09983631
v -21.66431102 -20.34431680 10.97644099
v -54.73343326 71.44865069 -49.42617887
v -42.98963078 -18.31316719 11.17343185
v -57.45686006 61.90131984 -52.82601826
v 12.01655231 24.46370935 28.39862288
v -57.02604452 64.91357832 -49.44082411
v -42.11829436 -14.48503255 10.03645501
v -56.72852199 62.91947228 -48.94446914
v -58.48497869 66.28572922 -52.00886588
v -57.13170929 73.06949107 -49.80308593
v 3.99607698 12.72415299 28.00968354
v -14.19718562 27.03641170 28.98402375
v -54.61614012 68.69714020 -51.59148086
v -51.87200947 75.55825258 -49.68394421
v -34.05903562 -37.38015696 6.94790521
v -23.78490694 -11.94908124 11.45653004
v -20.75476796 -11.02753701 10.94331253
v -30.59288255 -39.18401824 7.30259300
v -4.28159400 1.71127985 40.69456584
v -56.55721711 59.79649108 -47.32040166
v -56.44864420 69.95597239 -48.32043591
v 0.46223604 61.41803012 -48.98057601
v -55.49838508 67.69939422 -48.51904523
v -7.24405796 4.71244931 18.34414298
v 33.39476662 -47.06688853 16.66310324
v -56.88276317 75.29729864 -49.26156675
v -1.52213857 60.88542831 -48.80099433
v 1.03826317 5.85425881 19.35655743
v -60.53426607 65.89572494 -47.76371042
v -59.10965491 68.77320854 -50.70313019
v 34.59970807 -6.80294225 10.44563215
v -53.67411819 72.01591870 -47.28682937
v 2.17561173 58.80287836 -48.04408285
v 0.70185507 60.16205154 -47.97147753
v 2.92407851 60.77717803 -48.56541412
v -60.21146372 63.58823998 -48.34017935
v 9.77112747 -2.62015202 10.30443292
v -56.63141355 64.15194553 -48.56465462
v -17.89117380 -8.00934175 10.30349376
v -55.92236303 70.34473077 -47.98213192
v -60.69385447 58.89988718 -46.36578461
v -61.56265010 62.29812355 -47.78116992
v 34.71012551 -2.84533005 11.19537840
v 0.03595311 65.60432071 38.27965090
v -40.03632959 0.86674649 10.46871697
v -56.12367019 64.29188363 -46.78072873
v -59.72563686 68.96171939 -47.55510533
v 26.96173434 -31.29014070 7.33091705
v -59.73787551 72.68740523 -45.11931389
v -1.19540235 59.00105716 -48.39624754
v -61.43425897 63.92525083 -47.08076964
v 13.02269029 38.31234309 28.39530970
v -57.72921475 70.23280409 -47.18089273
v 20.75204777 15.57029960 19.37640417
v -58.86364300 58.57762643 -46.71406068
v 3.75987813 60.43441850 -45.78072847
v -21.69050205 22.24358693 19.89198662
v -54.63472354 66.74078489 -47.02711673
v -55.01392055 69.91353665 -47.16973944
v -59.08443001 71.05704534 -46.05656458
v -28.46592716 16.08849140 19.11738640
v -55.75424147 61.67935532 -46.51200642
v -54.96228361 60.97168839 -44.41054054
v -3.60173157 6.05757464 10.40022364
v -2.24106478 58.56593443 -46.20358916
v 1.17303628 57.57904009 -45.62711176
v -38.05939544 6.96247918 9.99208819
v -21.13299727 26.79606650 16.20482220
v -61.91676903 60.08121792 -45.69413854
v -2.30814429 60.49692378 -46.08689752
v -61.63847127 64.58293140 -44.52803553
v 30.91647033 10.34478213 10.09737417
v -57.40820316 75.84175513 -45.57874473
v -53.41813310 75.08060976 -46.14284065
v 15.77369835 42.70517727 29.51327608
v -49.47284059 83.02882515 -45.96183051
v -19.38114875 44.02149146 29.50625789
v -60.10391404 58.65000241 -44.92019090
v 3.27819017 58.68854760 -46.10964725
v 0.28738071 61.73909709 -46.24349908
v -28.37259378 16.99407676 11.84885573
v 17.29847976 43.06180730 27.68031880
v -62.07606297 62.25009271 -45.66700567
v 17.68854986 -29.11363403 7.65863412
v -55.02812347 63.78451958 -42.55783765
v -22.95118399 41.11085583 18.91099771
v -62.55941500 66.86288292 -43.89911776
v -53.78001330 66.25847374 -44.91167116
v -61.48203604 66.87103103 -46.03279582
v 20.37998222 39.22582774 17.83054005
v -52.39157966 74.88755593 -45.04685093
v -15.89565861 4.16859591 24.87006748
v -52.27155311 82.43269224 -45.11246867
v 1.09843559 -2.19943225 45.41686129
v -60.06509439 69.79495289 -46.27099710
v -12.94072334 21.48564516 28.38737366
v -57.08413693 58.88556799 -44.84599868
v -62.22008593 59.60188257 -43.69801622
v 5.90979193 59.23117187 -44.35437934
v 24.50325279 51.48505377 18.61801425
v 17.82818183 33.31891714 10.79466405
v -20.75164747 35.55951185 9.37401126
v -53.82321456 68.25778076 -42.42821610
v 31.39339426 -25.73188993 7.02996041
v -48.24305381 83.75353993 -45.16756511
v 0.28293644 56.96385764 -44.13851612
v 3.81075740 56.23270896 -43.18481305
v 5.18519918 56.54142013 -43.78288450
v 25.14762404 59.40849656 20.60005945
v -22.77266059 53.46056580 28.49705365
v -54.21752474 61.33939677 -40.20338437
v -52.44888096 70.42834719 -43.26333834
v -59.72591898 75.04724451 -42.55395457
v -59.07300582 75.67528510 -44.46457890
v -53.16023947 75.57222913 -43.16050500
v -12.31353908 -1.94288346 17.19838904
v -49.38505115 82.36246472 -43.33954672
v 26.76821758 46.96307079 11.57647330
v -50.79050766 84.37644400 -44.95942815
v -12.40707951 45.87827825 35.17405889
v -27.38196156 68.81474205 19.64963035
v 32.61715212 46.80565642 10.37131797
v -3.88795055 -4.48105862 36.14308633
v 58.54190889 76.23285901 -43.30951588
v 57.46799775 77.08801058 -42.61558597
v -5.86394803 6.87760444 25.17023166
v 52.08702942 80.88141473 -43.79033120
v 20.95434798 5.45289815 25.57155609
v -54.17582792 82.06129335 -43.45527135
v -53.58683824 82.77301288 -42.10121988
v 0.30473443 54.87760818 -42.46700922
v -33.64268542 50.07570887 9.79498133
v -60.60163191 57.88936940 -43.30494464
v -57.57507547 58.40038042 -40.57728981
v 6.36833228 60.53720163 -42.93036621
v -62.92902867 63.08952623 -44.22136552
v 18.15900281 26.02127080 15.48253137
v -51.82229524 69.09206241 -39.11559983
v -52.39526835 72.50099254 -44.29710996
v 59.07956578 74.49892678 -42.84340905
v -56.93661482 76.67101576 -42.94106554
v -54.48789195 76.91263726 -43.14719453
v -51.45936060 79.77625561 -44.18233651
v 51.79281066 81.79186059 -42.71437509
v 53.76384081 80.25630202 -43.37448816
v -49.32204175 84.32165923 -44.32092691
v 1.40809797 55.17227874 -40.91325312
v 33.03305983 -16.98528595 6.25194624
v 6.61410858 57.10806790 -41.36304908
v 19.79060633 21.01903004 17.45326483
v -24.90787843 -44.13776458 16.28796614
v -0.61006408 63.07659528 -43.41835219
v -42.70395089 -18.50059478 5.67378668
v -60.66966210 70.29835313 -43.14217681
v -52.36959181 73.55877146 -42.05273381
v -2.21307858 54.64992676 -41.38373825
v -3.30134940 56.77179126 -43.95980678
v 19.06092727 69.74586670 29.55739526
v 31.33807420 63.23782959 10.48892226
v -5.73101885 58.53220292 -43.48854903
v -9.57114983 68.29489398 37.02340160
v 28.24944137 62.78491959 14.41130512
v 4.63581233 87.83467677 16.18036305
v 57.72103375 75.14672260 -42.84892161
v -56.02267462 77.41378574 -42.41899689
v -51.84074159 77.13294769 -42.21181021
v -50.87662031 77.97135258 -40.61918935
v -50.56737468 79.54805366 -41.46305027
v -49.79683763 80.92038636 -42.41324410
v -3.72911618 -6.74920643 46.73205964
v 53.78232792 82.69559127 -42.47799307
v -1.09174875 55.82293344 -41.82542299
v -5.74876550 57.48053030 -41.89995649
v -5.38514926 60.55522607 -43.51724952
v 31.60524855 -53.31384604 19.39546546
v -25.27281510 74.28965324 10.93587125
v -61.83517085 68.90560264 -42.32470128
v -20.46102860 6.05181335 25.83454187
v 55.50843733 82.90931622 -40.73875963
v 9.47578926 53.02975806 37.16739883
v 2.83225720 54.47829212 -41.31679422
v -29.91330514 -52.71545985 20.46127524
v -3.67214272 55.77381688 -40.78788244
v 2.19039747 63.51255619 -41.64718082
v -0.89503360 64.03771886 -41.60384787
v -53.27442010 65.58104261 -41.33654876
v -60.69133749 73.06679594 -42.68104756
v 60.18470198 71.00050919 -38.19884864
v -39.15854817 -52.68365329 9.86931967
v -22.43593651 -51.17301773 19.14208150
v -23.53893980 -10.58320482 6.28697678
v 9.11444997 79.48240459 29.97471985
v -51.78992254 82.64554455 -41.35126385
v -60.94382155 58.67481872 -41.50218078
v -23.35581091 -46.97924108 19.87686554
v -62.65468804 64.68269862 -40.90193566
v -23.19027208 7.23191479 25.75085828
v 0.86840978 67.66274213 37.52825281
v -50.97075548 74.63506244 -40.66560433
v 57.60767168 75.06316067 -38.76090832
v -58.04080934 77.92992052 -41.07416851
v -40.70455531 -5.60122259 6.70973130
v -4.84958969 55.64209984 -40.20154564
v 29.68844301 -44.68291610 19.42810252
v 6.81080017 61.44179089 -40.43495304
v 60.92757908 74.25837921 -40.86148599
v -50.31267994 76.66056181 -39.61586025
v 60.68618109 75.93718587 -36.67980877
v 53.36759220 81.66649945 -39.22689299
v -58.52314848 58.29185187 -38.66198527
v 7.52823161 59.92193427 -40.62722134
v -40.96726811 -3.86435045 7.13463900
v -2.73417513 63.19358519 -39.11992569
v -29.82353461 -52.95456334 9.33810186
v -50.84328694 66.36290686 -35.65216498
v -62.63309410 68.59022305 -40.21311690
v 16.62642251 -53.56953105 29.80251591
v 60.65274561 76.24318358 -40.34972405
v -57.06030021 79.65102989 -38.33975657
v 48.26363894 87.66993697 -39.63587279
v 49.31445403 88.60320009 -39.82595798
v -1.49967580 54.19071042 -36.85307305
v 3.37138176 54.82682633 -39.72956848
v 31.08163931 -36.48928491 20.28161385
v 38.84743741 -53.21842761 10.15885881
v -4.94341946 56.27980256 -38.66600745
v 6.35174438 56.94936702 -39.69704566
v 36.81222269 -50.70662513 12.69735452
v -55.63477309 59.13284197 -38.33619718
v -7.38071798 60.85086584 -39.89004344
v 19.60122391 -50.48626265 31.63620415
v -60.64074898 74.47042557 -39.97614026
v -58.65356052 75.66919663 -40.20918411
v 35.31182891 -2.35545923 8.09491688
v 56.62011961 80.87530106 -41.43432755
v -56.25544466 79.75847517 -39.78654427
v 49.25475420 87.22498859 -40.28025054
v 32.35591849 -32.35477702 19.64643126
v -62.58902737 59.96018699 -40.57003884
v -47.91890829 -45.81707886 10.78677947
v 3.50627640 62.38364210 -41.31059225
v -52.17084753 71.79088140 -39.70257481
v -26.05996935 -45.70959865 11.89503791
v -45.78275847 -46.13242861 12.67121393
v -52.28122793 79.05801120 -38.16188862
v -3.50563684 54.91248061 -38.63205438
v 17.76719174 -41.25213191 16.03193441
v 4.89122488 54.20403769 -38.89854953
v 4.80272198 56.25545712 -37.64109124
v 33.35537512 -25.44562855 18.08572328
v 18.31502702 -38.81881804 29.78945031
v -24.08883565 -41.43168688 17.63754833
v 3.91583720 62.86157946 -38.15172291
v -1.00678831 64.33171672 -39.30696979
v -1.32484278 65.79314979 -38.22468248
v 33.13031905 5.49790109 6.65196915
v -38.81892109 -40.45445868 11.39575803
v 54.06832524 79.30204154 -39.66169432
v -54.87873152 79.60377333 -37.63691662
v 2.27719477 54.21253814 -36.26407775
v -26.94640085 -20.41672472 19.93309000
v -61.97838340 60.23309101 -36.98993753
v -40.12497553 -36.64081300 12.13852593
v 2.63600464 63.98968003 -38.95470849
v 25.04928985 -36.37320185 10.86364937
v -40.29631819 -34.74548153 11.00001988
v -61.51578741 69.60503439 -36.13761091
v -61.61817103 69.73049911 -39.01854732
v 19.98090322 -35.58368445 10.27264693
v -61.20745986 74.14510973 -38.36212519
v -59.40013636 76.71236957 -37.57790833
v -57.13846082 78.71461478 -37.24229019
v 55.45611462 77.18421046 -36.65206648
v 56.88853950 79.23895070 -40.47885282
v 9.87053137 47.97307851 35.16438550
v 58.43746999 81.31454124 -37.80221491
v 52.04724471 87.20107188 -38.95424141
v 50.75781563 88.63892041 -37.23780396
v -5.84850875 55.41461002 -37.22294406
v -6.56594458 57.87968280 -38.22197422
v -63.10826256 63.02446885 -38.13629248
v 27.93923594 -33.79306959 10.28802704
v 23.38802895 -34.39381503 29.73701989
v -35.36113421 -14.60462501 18.41241152
v -61.26123898 71.64568875 -38.43645479
v 29.38593231 -32.22076606 25.74900259
v -50.33047945 77.38309120 -38.01601550
v -21.65536418 -32.30582701 11.10188033
v 55.10520348 81.59163484 -36.20607352
v 30.44563496 -31.74387518 10.96947434
v -40.55946502 -30.00581614 11.78855603
v 31.55386537 -30.24491225 10.35937341
v -5.68233680 62.21302239 -40.67338575
v 2.94783174 65.39150256 -38.02268528
v 62.41239276 72.40291170 -36.64828278
v -59.11748335 76.11318441 -38.48564045
v 57.12430384 74.27171927 -37.52967614
v 58.37778523 75.69579248 -36.82311668
v 57.75284341 76.58291318 -36.73949406
v -40.78003400 -27.53082808 10.95784389
v -33.26406331 12.09800929 5.58598441
v 54.89984138 86.55033957 -35.05640301
v -2.25499316 55.29340551 -35.26652004
v 6.41607116 57.84091810 -35.52489632
v -30.33189780 13.61786020 5.87951602
v -5.85937820 57.81319508 -36.37072553
v -62.45059465 65.37981290 -37.73610624
v -6.90266072 63.53279164 -36.15564085
v -1.57837928 66.11064705 -36.30769010
v 23.11350169 -10.39760296 19.78013504
v -50.86934009 75.81330001 -36.25062984
v 56.23642234 74.48168010 -36.82752643
v -24.74206850 -48.95889329 25.34080583
v 25.71227782 16.28663913 8.31548968
v 33.08970236 -18.70444993 11.37987765
v 6.05197329 56.22203078 -36.44449719
v 7.56300741 57.96015566 -37.69749531
v -24.67174049 -15.58833733 10.71332765
v -40.88262404 -13.96562408 11.80400883
v 56.77796762 71.09103863 -36.20241381
v -20.99595789 8.33687597 25.70879436
v 17.18490040 24.66865481 19.80670666
v 0.78453245 47.96863483 35.33737356
v 22.71671227 16.79489539 6.57971767
v -5.34244023 14.99664339 29.51054341
v -0.98653467 15.15625780 29.75137796
v 2.23050130 55.56769478 -34.98735437
v 31.11911232 -10.57015384 12.15776171
v 2.09129776 14.50174851 29.28637961
v 28.63651918 53.33812691 15.53028810
v -18.66828757 -9.18166892 11.33269256
v 58.77223422 69.82373119 -36.69538140
v 30.31731126 -36.52643608 17.74341321
v 28.36544046 -6.02948857 19.17618224
v 13.56799981 8.70382175 25.75870542
v -57.87445142 58.65734438 -35.68584110
v -61.83297036 62.43709019 -35.25902079
v -53.30042544 60.19018497 -36.23200334
v 7.00934208 62.27901375 -36.82214582
v -51.98525635 62.12426444 -35.47456319
v -3.73018029 64.70977187 -33.79478665
v 4.69352018 64.04590473 -34.29572842
v -62.13574429 66.06494260 -35.47985476
v -3.45693257 16.94801936 30.51264628
v 59.12358473 79.29830124 -37.45088939
v -6.07520364 -9.30003950 53.87320975
v 55.01482347 85.47016824 -35.68929831
v -13.74133029 -2.17654555 19.12856684
v -7.86679240 59.21241356 -36.38614291
v -3.23192699 -9.71804165 53.92722685
v -60.36403307 59.77510901 -35.87336737
v -8.22980570 61.70998607 -36.48791353
v -19.82380917 27.92653580 7.28336846
v 3.02080728 65.83723824 -35.78424868
v 15.75670829 28.57290276 6.77183643
v -28.59812349 55.43103140 18.10501647
v -50.04368979 73.95753273 -35.22542968
v 60.50784236 76.04115565 -35.42994284
v 60.31624084 77.73648188 -34.70539462
v 57.40488757 82.21818131 -35.87785575
v 49.97852945 87.25766519 -36.14203338
v -1.26565283 53.31972496 -35.38051940
v -17.97633234 30.16737088 6.72324469
v -4.77522898 56.97019827 -33.53063496
v 4.02215784 55.97055694 -34.45609399
v -6.30561958 57.18886085 -34.86866537
v -52.57737993 59.50312627 -35.08032480
v -0.19000264 68.06993298 -35.34022841
v 4.22695449 67.86994428 -33.56637670
v -49.45068881 70.12715372 -33.44670251
v 55.87566714 70.16916697 -34.66188431
v -61.44431616 71.48661930 -35.95235701
v -60.27544741 74.33318964 -36.37652027
v 60.66489707 75.71096051 -33.40458914
v -57.90763373 78.16622791 -36.06117687
v -5.36980678 6.62079480 20.08044738
v 54.52271239 79.37148440 -36.12891518
v 50.66918296 85.33343931 -37.97464396
v -52.57131375 57.33781562 -34.83846340
v -50.98911666 56.04324837 -34.19120603
v 7.90830086 22.93067032 30.52010404
v -12.65154431 23.44292640 29.45344314
v -57.41761221 59.22947404 -33.78132195
v 10.66859480 22.50938461 28.98916182
v 22.19393199 18.73158219 10.06520001
v 3.96872436 66.81438269 -34.52010095
v -5.21893752 70.26165409 -34.72139080
v -21.53118211 23.77955841 9.98340817
v -22.26167620 23.81469419 14.04037930
v 61.36160263 69.81020920 -35.99499583
v -61.78202235 68.54230044 -33.65070398
v 22.61021472 13.62979832 19.66472936
v 31.89135632 45.04365786 7.79040043
v 54.83041606 82.40907750 -34.64907154
v 1.93699467 52.74835824 -34.21727929
v -4.57210609 55.19470942 -35.16925325
v 9.95146257 26.09258264 30.50566030
v 4.29876152 55.88778511 -33.21346867
v -55.41254215 56.51542900 -33.43678078
v -6.74062379 58.11869961 -33.83166413
v 8.13668601 58.50792354 -34.48616122
v -8.70721527 60.28933317 -32.76436582
v 7.63056976 63.23787031 -33.94843098
v -24.03437494 48.43464902 26.14325758
v -3.59633929 66.69757380 -34.10253816
v -24.86236714 41.79100526 11.03330790
v 8.74336490 29.20364202 31.54522023
v 62.58147255 73.51929261 -34.86193919
v -49.53567131 73.65619116 -33.66579698
v 54.25634145 76.72093662 -35.07840223
v -52.43656773 76.98940664 -35.29604695
v 51.73832315 83.55632469 -32.94169449
v 0.11115148 52.58524275 -32.74323279
v 0.03359373 53.98737480 -34.25422413
v 12.89464195 21.68398219 25.38766228
v -50.14241560 56.50779460 -33.67198626
v -20.15321962 30.86272624 17.65303018
v -55.02336364 58.81402886 -34.58423168
v 58.30739426 67.36543131 -34.18766066
v 36.20930079 52.00147149 11.36640314
v -23.91527293 11.48975471 25.17005515
v -4.24139905 71.95187673 -33.33337456
v -59.71980314 73.09869946 -33.17865082
v -52.77298216 76.30383561 -32.58851876
v 54.75930500 80.85238972 -34.42071255
v 52.54417407 82.34694617 -33.83061674
v 51.07003272 85.22660142 -34.10326101
v -3.95935901 70.47773179 37.53480993
v 4.26469553 54.35708287 -32.96508301
v -32.87136861 57.43106260 11.43640979
v 36.24822736 57.01986883 11.70547929
v -49.03934501 60.72092733 -32.02460331
v -48.25739297 63.07611545 -32.03630609
v 23.57192666 51.14091013 20.35562617
v -48.17526649 66.90061238 -32.74747925
v -6.37996875 69.72408582 -33.38268525
v 6.77293135 68.88568953 -33.69868894
v -2.98598434 69.24936521 -33.94115150
v 23.58828062 70.44300571 17.58157712
v -51.43263989 74.47307580 -33.13294935
v 61.16119519 78.03894342 -33.69453335
v 59.81918799 80.13034901 -32.53179833
v 56.27105018 81.42617744 -33.06495096
v -38.15412520 -34.52485232 20.81995538
v 51.65558064 86.47176336 -33.18127618
v 49.42486111 89.39845736 -33.49995815
v -28.08701318 65.26251074 21.39687443
v 6.79440326 58.04589771 -31.74648147
v -49.86425881 61.13215832 -33.52202377
v 25.50122126 65.32148358 19.82965171
v -61.44735194 65.59384592 -33.58717417
v -4.13824032 66.28110263 -32.72609488
v 62.65456358 69.29123310 -33.43838998
v 22.04620319 74.60913953 9.91866137
v -26.11989380 70.48881576 19.33592555
v -6.85378268 72.49196725 -33.42810309
v 18.42081226 78.94571956 12.47788930
v -50.84385852 72.77812751 -31.63523778
v 61.81200986 74.80737308 -31.03771135
v 54.71025791 86.56741518 -32.78126515
v 48.60534171 89.15192099 -32.43023921
v -2.30536235 52.78803560 -32.64263207
v -20.49505604 78.57211187 20.06889478
v 3.94530923 56.51234517 -31.47405334
v -6.62220203 58.70674784 -31.58851504
v 9.89252583 86.56600286 11.04387329
v 19.44310972 50.42628584 30.01378165
v 8.47748972 60.51705070 -36.40755248
v -8.91118595 62.70607660 -30.69845433
v -25.23644369 74.66040106 15.69470521
v -6.49906842 64.46428192 -32.15085603
v -7.33597350 67.53284536 -32.36925302
v 59.28194509 66.93186109 -31.24088784
v -16.47968528 11.61202412 26.31723646
v -6.54151276 90.11860522 11.29051946
v -47.19010290 70.12083545 -32.10933952
v 7.80876416 70.26045621 -32.92022528
v -2.30642449 72.40711931 -30.68650040
v -56.99782608 77.00301824 -34.21928785
v -21.27444000 76.46983198 7.66089069
v 58.14631655 81.05607898 -31.97226332
v 51.23620803 82.29945415 -31.30178430
v -3.66114804 52.90116148 -32.11218269
v -26.68458399 -53.30851540 14.73485175
v 1.51825294 51.76305633 -31.92540952
v -51.02579502 54.34411266 -31.34823645
v -58.98920955 58.71307826 -31.88950834
v -59.87432195 58.39128378 -30.89937143
v -59.60294841 60.33020566 -32.61269763
v -6.78679041 66.15605875 -31.47921922
v 6.25427510 67.97228466 -32.80521187
v 55.58808192 68.31490958 -31.86780135
v -8.63458346 70.57728842 -29.77946378
v -45.75198957 69.82243229 -31.88704401
v 13.55120315 83.30633141 5.45084338
v 5.46901430 71.22554793 -32.82630727
v 63.48763948 72.42380938 -33.21690139
v -54.73043673 75.94239325 -32.59235061
v 37.04496542 -49.08441911 10.92940063
v 61.59728052 77.33154732 -31.92162448
v 38.93434184 60.41326514 7.25645843
v 18.25987592 -49.76564604 9.95487943
v 41.35320951 56.87798901 6.69638681
v -1.25748097 51.04361812 -31.47971946
v 2.79341727 53.31894018 -31.33457756
v 19.90739689 59.11267174 30.91351396
v 8.43357711 59.28719185 -31.39001719
v -60.67992995 60.31321252 -30.66921909
v -46.85471422 65.35567325 -31.00037623
v 24.10874689 -52.82010067 15.67191834
v 5.39353296 66.13876804 -31.56462552
v 18.22943973 36.20122717 19.15086406
v 29.12287878 -53.28680139 21.32677406
v -47.37666152 68.79379406 -31.10339077
v 61.93844691 68.64822926 -31.91242910
v 33.00631433 -50.15536235 17.63676087
v -50.08489475 -48.42508511 10.89945083
v -18.97906386 70.15673170 30.65049241
v 55.76258863 73.54200644 -34.65285770
v 30.36727501 -45.01293847 12.48441237
v -22.98616242 -25.56793391 17.92490257
v 21.60280946 -43.77590127 11.07394762
v -52.62559022 73.68206778 -30.96023960
v 53.70012557 79.74610573 -33.55966692
v -17.57924609 17.27491726 25.56393697
v -1.76807637 89.71894081 5.22825852
v 51.83270031 80.61210260 -32.35659271
v -40.15102635 -45.81766034 18.31283219
v -21.38145875 96.09867374 -31.43405645
v -4.74449121 52.28405471 -30.25916670
v 4.25358622 53.87407087 -30.85368368
v -47.76273228 54.33475916 -29.40478856
v -4.19228474 55.55759141 -31.84574070
v -7.19018911 59.21927126 -30.86082247
v -7.39729847 61.48810360 -29.59856100
v 8.84590326 62.75422602 -30.81210153
v 7.26358529 64.24624736 -31.04993235
v 8.35804864 67.66714810 -30.76955436
v -43.79508275 69.77869350 -30.10479235
v -60.16772223 70.09624027 -32.40646161
v -46.96363730 72.41552179 -30.00428834
v -7.17759569 71.25564868 -33.91392000
v 3.69313604 69.60500997 -32.95774192
v 23.65178974 -35.65372521 11.52049955
v -49.64314163 71.65106437 -32.30034695
v 7.92421313 72.04335639 -31.40748292
v 63.54540829 70.57051067 -30.75733651
v 53.64972560 75.59076261 -33.70011367
v 29.54383360 -40.52510051 20.06093675
v -47.84929345 -53.36829604 8.32120019
v -23.26332522 -35.48073976 10.42063545
v -17.44857592 93.01589256 -31.04185278
v -21.40993890 95.64333927 -31.33794905
v 18.57453004 79.08693707 16.83091443
v 2.99016597 51.65333054 -30.38979258
v -5.86769231 55.22046078 -30.99231307
v -58.07920388 57.29347107 -32.22590917
v 23.34340066 -53.12787312 7.99000316
v -50.32606259 58.09130353 -31.45188766
v 10.61732016 77.28590377 31.79489237
v 55.74829031 66.94191238 -30.58944051
v 0.53168223 57.02624192 39.17068518
v 13.28159110 -28.91101528 11.51718960
v 8.80078950 69.90665740 -29.83961605
v 12.78486930 -30.61109046 20.98244787
v -56.00178283 73.54717856 -29.58072351
v 22.11329207 -53.59930785 28.21276813
v 50.72411237 87.04646525 -31.89602361
v -11.73849693 86.90513193 -30.65837099
v -15.17503993 90.22909824 -30.65577867
v -22.14869650 50.50505890 28.68019535
v -17.69441464 96.29966833 -30.27023838
v -41.96538053 -21.72773784 13.10285652
v 14.62930759 -20.84126606 10.44513701
v -10.37401678 84.10516986 25.04420812
v 33.59394292 -51.41225810 7.63186806
v 6.06122938 59.02126564 -30.01516084
v -47.08520244 59.96802715 -29.68025580
v 6.68962862 59.85812184 -29.17197741
v -8.91890086 62.41845414 -29.78827751
v -18.57765605 23.69956478 23.19257571
v 8.76641211 71.11797603 -30.62235114
v 4.01482356 72.55665298 -29.69019269
v -58.87574763 73.39181904 -31.40444938
v -48.87762796 73.37439649 -29.33085946
v -3.59955128 72.97739382 -30.66463505
v -6.65871090 74.09343192 -29.25609476
v -3.23548591 74.03503014 -30.72203830
v -3.83289985 75.56542306 -30.13242865
v 37.66655191 -48.58144245 8.71394160
v 52.76853647 75.48045107 -29.59638410
v 62.68827102 75.30855099 -28.53900874
v 54.33743365 85.16885736 -29.30069522
v -23.11055536 -52.71263484 19.26525404
v -39.48547637 -7.79911029 10.43530811
v -48.93217680 53.54269061 -29.80005298
v -49.02186934 55.42048174 -31.72211561
v -7.36752170 57.66558240 -29.26105661
v -59.12582908 55.71843911 -28.28501782
v 5.92826059 56.33523792 -29.38587784
v -60.67606432 58.29695524 -29.20151139
v -38.25893563 -6.39510985 13.74897581
v -61.75257084 65.74825019 -28.76392282
v -60.23451440 65.18315212 -30.91692578
v -38.11968837 -5.03193414 13.76098315
v -8.41296271 68.14596398 -30.18376089
v -44.73311878 68.32713150 -28.37779701
v -14.28382321 -4.71767493 11.32145869
v -44.35998521 71.02162414 -29.50529347
v -57.92730654 72.36046316 -29.22227114
v -32.70045816 -16.22333319 19.72155886
v 18.10889633 -18.46051330 21.32095891
v -13.12782201 -1.46476787 11.13437915
v 18.30575891 -16.27279271 18.72809445
v 60.81184857 79.00992197 -30.36742718
v 57.81980533 82.99337025 -30.50902180
v 56.56800721 84.50817725 -31.00991943
v -10.74693474 85.63810225 -30.02236523
v 19.50508589 -46.58272180 30.60146840
v 23.76043248 -15.85616079 20.12845098
v -3.76939728 52.64065090 -29.13517233
v -56.47305824 54.03987151 -28.18050543
v -38.95262945 1.32116896 14.04288494
v 25.03339893 -36.18860696 29.67655084
v -8.34386856 64.35536571 -30.25412177
v 59.19272482 65.37175338 -28.83775899
v 20.49738107 -11.26117840 19.60827431
v -26.81541861 -9.01789482 18.06268065
v -44.61959960 -45.28027248 7.33547862
v -59.37477805 69.50670353 -29.84278319
v -8.91728249 72.19044244 -30.21609114
v 6.53163152 87.76800941 17.56900526
v -7.91854807 73.38921610 -29.53054707
v -5.68958824 -10.42258070 55.21733463
v -3.33153671 -1.35413651 31.11109872
v 2.33528360 74.46529920 -30.42777166
v 14.01168202 -21.01739070 16.19815590
v 22.86752276 40.42965687 20.57016420
v 14.72594966 26.68819675 26.54578629
v -35.06200542 -42.10408018 8.30371071
v 13.87869825 89.16329616 -29.29015331
v 12.51842151 -48.91603286 26.26462587
v 16.23427573 92.32093046 -29.13571648
v -10.51250422 89.44678467 -29.95192528
v -22.82494003 95.70664215 -29.46151761
v -53.29908642 54.01728515 -30.88739327
v -57.08396043 54.51290896 -29.59450191
v 4.64937917 53.32570713 -29.53076222
v -32.77445394 -40.44819583 7.92665807
v -46.40007509 58.16620003 -27.94885981
v 7.42626777 61.59942602 -27.99945033
v -8.48590168 61.71700721 -28.59528443
v 55.50964105 65.99029620 -29.71794516
v 62.48931169 68.66570721 -28.41182582
v -10.60027853 69.25408958 -27.70051789
v -5.24569008 77.09643193 -28.65015295
v 50.94977732 79.15998997 -30.30621951
v -28.22188662 -37.58466450 7.16963168
v 10.98783028 83.28866775 -29.21816426
v 51.70702974 84.80231689 -30.16559891
v -35.79919384 -38.49980455 6.66298533
v 29.28019982 -3.70142197 19.26921245
v 12.45415679 86.83545680 -29.41350821
v 31.65552406 -53.78142854 18.43261460
v 56.77895971 84.48256967 -28.56458827
v 49.00089585 86.95746378 -28.38625772
v 12.62535518 85.80849929 -29.22165147
v -40.97295125 -21.37143070 17.93263026
v 49.20968780 90.54758240 -31.81102267
v 14.28027804 88.64404328 -29.21513987
v 51.49812012 89.55051522 -30.63265920
v -8.03377414 87.53650755 -27.54676144
v 16.27814396 91.38966114 -29.02642302
v -17.61760809 92.88555064 -28.37972225
v -28.82248483 -36.72940037 6.14392248
v 22.06725547 40.19847701 11.69396648
v -1.22655987 -7.25185283 53.33805829
v -38.96808826 -35.16096534 8.89552667
v -48.94418539 57.07103882 -29.45685654
v -28.03938348 46.62318963 10.53074177
v 8.31263398 64.15717796 -29.10110366
v 60.94416683 67.08736005 -27.65930185
v -28.30377819 49.01556712 12.71505517
v 53.23103587 73.25944380 -29.99115653
v 63.02590557 73.42425149 -28.95786939
v -53.68256332 73.76073387 -30.17017599
v -52.08737983 74.01834163 -27.60400666
v 27.15052664 -32.66437544 7.92175959
v -9.36237114 74.26666603 -27.11067057
v 2.43768880 16.24161833 30.30424931
v 4.92359510 75.02405866 -29.38553113
v -1.66304482 77.98182853 -27.28641437
v -4.16932840 78.31139277 -26.90573556
v -34.27443354 53.19969583 10.67520055
v 49.98794690 84.70271756 -28.85984745
v 5.37934630 3.40657349 19.52951154
v -13.33192543 89.01161217 -28.63141647
v 2.36282616 17.84926973 29.85813771
v 15.45990573 90.29788835 -28.49016286
v 18.15571805 93.84969407 -29.02473683
v 28.02960847 14.16927921 9.71517754
v 31.55190552 -53.25510305 15.54958442
v 0.10592451 51.72188740 -28.44777327
v -34.05190910 8.55982395 20.72514817
v -61.47713233 61.62869288 -29.84753030
v -61.87327685 61.38625676 -28.53212081
v -29.94794657 62.74745368 11.60555888
v -10.81288743 67.88110411 35.79857797
v 28.16837600 10.32714546 20.17809800
v -3.03672843 18.44734179 30.34592005
v 20.50658464 -34.76508836 29.60777536
v -33.49009565 11.64505072 19.82320684
v 26.13109586 12.99631454 19.25217090
v -30.42425514 15.12243156 19.86126926
v 18.16265186 39.04258412 26.68838577
v -29.98666233 64.60201287 12.79483797
v 5.40814315 77.25988222 -27.59960412
v 5.03233120 19.33075899 30.62285363
v 50.90140893 81.44762493 -29.06817210
v 29.85669796 -27.79497395 7.22720768
v -11.48379380 85.85624196 -29.52449176
v -40.06107871 -32.29107367 18.85941874
v 12.33650911 86.63971263 -27.40163493
v 8.09048979 68.77973173 35.81930757
v -21.57694504 -27.36696344 6.69089730
v 15.36236399 91.01403923 -26.47081122
v -4.13508724 57.60961571 39.36161116
v 18.97547194 94.05793289 -28.61456494
v -20.03824646 79.42257252 11.47424819
v -20.90490059 97.06592878 -28.53762007
v -1.77198848 52.98529903 -26.80105255
v -46.92949346 52.88868555 -27.84034825
v 49.78008732 60.72337616 -27.73743217
v -44.72439858 62.17317495 -27.31198994
v 52.77480826 61.66682335 -27.44465218
v 50.23240381 63.00281802 -27.95412501
v -62.44420297 63.60947068 -26.60282807
v 54.73229652 64.94082571 -27.42243045
v -10.00454698 24.23674691 30.94651154
v 8.20817427 66.30079989 -29.45255482
v 17.99814886 34.81322051 20.45265869
v -59.83321310 70.31666506 -28.05291453
v 9.81718877 72.28439513 -26.25490668
v -9.93154753 73.00497431 -26.89964988
v -45.69412080 72.67094075 -27.76864850
v -54.52755668 74.46763087 -27.30615328
v -8.12761982 75.89283607 -28.85927259
v 7.79294045 76.41809885 -27.36007399
v 1.19712740 77.71645343 -27.08675770
v -26.00569122 42.74195182 19.02925225
v 59.29559106 79.99641199 -28.43005199
v 9.64957874 81.28318043 -27.18480334
v -21.62476518 -19.85390994 8.80370060
v 10.94178692 80.54793700 -27.35573780
v -8.89534749 85.20500123 -28.60888140
v 52.73331484 86.37954218 -24.96664845
v -22.20047218 93.88380121 -27.96675159
v -10.34360001 29.18577996 31.05948995
v -13.09312370 94.86488480 -27.93358306
v -6.84331311 32.06879275 32.10192115
v -51.60491214 52.51737130 -27.98690086
v 4.75572418 56.23889623 -26.25400265
v -61.07530289 57.87588141 -26.67120118
v 25.86976174 57.74642463 19.99177560
v 7.04502578 58.52245539 -26.01378323
v -9.06988323 62.08014458 -25.43257472
v 51.82205511 65.17875125 -27.22744258
v -13.87386917 34.07974475 30.47648905
v 53.18853642 67.00918427 -27.76924519
v 10.42226326 34.45285335 31.49402025
v -26.80825831 66.76298928 20.88809276
v -60.84859127 67.75349116 -28.24069144
v -43.39960327 68.89064857 -28.70640184
v -43.41322240 70.67851155 -25.49951004
v -48.25192444 -48.49576253 13.24529506
v 62.90470760 70.22698145 -27.01328979
v -25.95264527 70.06558549 21.03030313
v 35.87425796 -47.99144253 10.68855003
v 11.51585371 82.92953157 -28.18872047
v 10.34096998 83.14117991 -25.81979400
v -41.72384891 -13.52489944 7.80325548
v -29.70802198 -53.01985547 25.52273486
v 18.93058520 -45.68827922 11.89128780
v 52.93820935 87.55783360 -28.04805196
v -43.30261965 -43.80630550 10.10266860
v 24.32637977 -52.10716707 26.54133528
v -21.38246662 92.61364876 -27.00883253
v 17.14395914 81.21086446 17.93420494
v 20.69057279 95.30152723 -28.10318421
v 26.15592100 -43.44211637 13.05459266
v -17.75751743 97.14414671 -27.65409319
v 27.59979284 -43.90293454 11.48653054
v -2.21710130 51.31941802 38.30139812
v 52.61844707 59.68104855 -26.92114470
v -22.59060644 56.51423843 29.50030916
v 55.94776254 62.45878201 -26.82641685
v 14.70189830 -9.54787625 7.15047278
v -11.71468462 64.15377503 -27.64369051
v 2.45350603 50.73014779 38.13795613
v -60.26094444 70.12022166 -26.24302083
v 19.30313347 -36.56165591 11.87756713
v -58.26274617 72.71356799 -26.80086563
v 8.81266971 73.58609568 -26.27714566
v 6.13095836 73.55658531 -28.53619474
v 60.29793690 77.77420370 -26.11550269
v 16.10066926 -36.58478037 13.34067712
v -10.24027241 77.96815229 -25.89587875
v 31.96961837 -48.25618676 18.11177212
v 0.05535789 77.39324464 -27.04535753
v 28.88253104 -35.73058873 13.05686782
v -3.89178317 88.95373946 18.25650143
v -40.91751478 -30.18688374 18.11216390
v -39.10225762 -22.60813841 20.40006967
v -9.71871564 80.74419446 -26.47950285
v -0.10762793 89.32827983 17.56529054
v 49.28292201 81.78994179 -27.39985986
v -24.10031397 -52.16051162 25.34738234
v -10.90894699 84.53346867 -25.25756032
v 31.55019699 -32.43344937 13.44733518
v -34.50693625 -53.27374007 22.16120310
v -39.95588633 -32.44304739 12.64070597
v -12.38856336 94.76036458 -25.60012469
v 21.92298628 96.13202740 -26.87538131
v -55.86476875 52.82914766 -26.82547335
v 31.37909955 -45.63969569 15.82259346
v 20.06908447 53.07279596 30.50764121
v 32.12629842 -29.02144629 12.89942392
v -59.33864759 56.04651253 -25.75672115
v -47.41839704 55.66238659 -26.54036752
v 48.47804649 59.21923728 -25.90583612
v 32.94020505 -26.81570670 11.56810570
v -62.88696203 61.56382876 -25.32857085
v -44.59201364 58.42851969 -25.63068190
v 20.17431076 54.74571262 29.84131668
v 8.16602240 60.89565904 -26.69574731
v 18.51266047 55.11478435 30.72962422
v 8.67921016 62.70102556 -27.93046910
v 56.97747374 64.54471002 -26.81154814
v 58.02734446 65.33656817 -27.39332923
v 33.44435516 -23.44739406 11.04421098
v 34.47962268 0.31650235 6.60243989
v 9.61370177 66.41614880 -26.86107451
v -25.85543150 55.51744098 24.80450920
v 8.60023868 70.57261696 -26.71306984
v -20.72386506 -24.49932922 11.30945248
v -48.23617420 74.01787740 -26.52489238
v 6.12363151 78.00304518 -24.83591700
v 2.83342386 77.40344422 -26.50800569
v 9.90625667 77.92681924 -25.81771959
v -28.88100856 53.87758220 19.43509826
v -41.68656868 -20.26279292 11.20060233
v -24.84368891 -44.40266348 18.05593070
v -41.73290805 -18.57554882 12.33553419
v -25.76143021 -44.18754451 20.97780069
v -39.68630536 1.66108868 8.05670247
v 57.89350679 83.21815772 -26.48227902
v 49.56067392 84.96120199 -24.85151017
v 11.32496566 85.22816199 -25.12684902
v 7.00542580 3.24643708 7.24606553
v 14.89640391 94.10089403 -26.96431306
v -32.50903856 -13.48079303 16.50231097
v 29.16137420 -40.95105927 22.24705502
v -15.47816452 89.68499931 -25.48157706
v -21.01106493 91.48565952 -26.38087828
v 23.39677748 -44.03208100 9.69668761
v 22.96051613 55.22143878 25.74393900
v -39.69731382 -12.92458370 11.84500932
v -50.03993525 51.11975649 -25.56222164
v -44.95508341 52.67262948 -25.13466903
v -5.30061808 56.32120108 -26.05801521
v 21.78089456 -52.89941052 29.36952009
v 6.66636113 71.43300269 35.78466295
v -39.43922340 -37.10949315 18.89844695
v 56.95125555 61.63318447 -26.05434423
v 8.45816386 62.63234527 -26.25029177
v 58.53120763 64.72912435 -25.64364494
v -61.65896288 66.84742466 -24.33498799
v -45.18241982 67.26958847 -27.66996040
v -41.78587822 68.35286027 -25.73319520
v 51.33863100 70.35480657 -25.70369465
v 23.26376922 60.67496120 25.36015091
v 9.46467316 74.39066308 -25.06191252
v 33.38145390 -7.10913902 13.17482632
v -18.33903245 -8.33759586 12.59952246
v 8.91397510 78.34324790 -25.81073442
v 51.01122372 79.09037946 -27.50857356
v 14.74334001 -45.40434929 19.00133180
v -25.85456719 -30.91245797 21.23188289
v -8.76400119 79.12072462 -26.14043663
v -5.59938439 78.53749195 -26.14785842
v 2.03445777 79.24890350 -26.72341783
v -4.51260287 80.08167304 -26.44873892
v -0.94420632 79.93148046 -26.00552182
v 9.12235889 85.05572784 -27.46249830
v 17.46508932 69.32467339 30.40630036
v -35.25653822 11.72086680 9.22314938
v 49.22335625 83.33049609 -26.69337502
v 54.53109790 85.11078877 -27.10848777
v -39.14691570 -29.37919009 20.34419058
v -8.26623345 89.88824312 -24.37738869
v 14.60898031 73.67744788 30.36970506
v 19.39219603 96.68993870 -26.07051805
v -53.05744761 52.07820044 -25.59808294
v -37.76172420 -25.95094600 21.39387523
v -55.61529848 52.69936494 -24.06648249
v -58.59799506 54.49908003 -24.75821469
v -40.06403173 -1.89929786 11.73811484
v -25.89275266 62.09752568 26.00628640
v 5.82867522 58.43978733 -25.37165849
v 54.79159254 58.70659378 -25.32931151
v 22.50864264 -50.26903885 29.13008318
v 48.73723095 60.58029553 -26.04851535
v 24.23464558 16.54398835 7.20958670
v 48.57451265 67.05375991 -23.04136575
v 15.30194945 77.71298242 27.66470426
v 9.78187584 71.81685287 -24.81134557
v -41.37559584 -43.67278119 8.45597278
v 62.61982142 73.15592242 -26.65703111
v -56.30306401 73.58773686 -26.01021767
v 51.06701550 76.00481074 -27.35164083
v 15.92101080 -19.42103502 19.91322748
v 4.43423900 78.36479837 -25.84173864
v 49.24700864 79.04424799 -25.78757049
v 48.20692908 83.00302614 -24.58735076
v 58.01236021 81.84591854 -25.03125660
v 55.86429271 83.42026765 -26.22470825
v 8.60003079 88.29409679 -24.42085030
v -20.59642439 90.55945935 -25.30345218
v 25.70592381 -45.97452369 26.61209665
v -33.08526313 13.76022916 11.15246586
v -19.99889683 95.33276958 -25.60618145
v -14.30696842 95.92810746 -24.21167537
v 28.40706112 14.12037825 13.42067143
v -20.00933923 24.32263389 7.57871310
v -45.39591074 55.06613098 -24.03089988
v 2.04357247 54.05438234 -26.18282462
v 25.81471001 16.52200082 11.40820259
v -7.99519304 61.05146617 -24.23143407
v -11.81459567 63.52935722 -24.24705631
v 50.44833548 63.28762252 -25.61725736
v 21.44895106 21.07660273 12.73733669
v 20.01948714 -8.37319863 20.59155486
v 11.90869206 65.04876111 -24.81710681
v 61.27379999 67.58493430 -25.03454081
v 29.53186042 -39.29396570 17.09544744
v -5.92469005 71.98324366 36.10629583
v -46.83941228 72.97880022 -26.43509257
v 18.53942604 24.77300825 12.54903216
v 25.22970210 -7.74364714 20.31961543
v 60.40914438 75.85572369 -23.75346922
v 10.11337135 76.39295188 -25.83638278
v 18.72063258 27.70284495 11.85356587
v 10.56716925 78.16204369 -24.93323106
v -10.23119833 80.53848027 -25.81901420
v 18.35138076 35.52705507 6.48115232
v 5.72051510 80.17320519 -24.68695009
v -6.99239586 81.54150524 -25.27147828
v -11.15382241 83.71051651 -22.87136161
v -12.54944252 87.69852367 -26.15539305
v -23.93435017 -6.99575328 19.98725486
v -20.60413231 35.99642815 14.05593141
v 18.80370862 93.73280934 -26.24320945
v 22.54093424 95.52375299 -25.98782572
v 2.04057541 60.83928630 39.55079016
v -24.62247602 40.57582932 7.84727395
v 20.14980410 96.56358119 -24.19538517
v -46.65817443 51.65231312 -24.97286173
v -44.64458084 51.61596070 -24.12679274
v 12.40035054 -3.94564330 18.95846474
v 26.92679218 -3.79214775 21.21104718
v -19.65939335 -5.20593170 20.62362709
v 49.11116630 60.74517933 -24.65729741
v 49.87724402 62.46112323 -24.73644957
v 58.05134411 59.45513051 -23.33473329
v -29.54913016 -4.71839642 20.76605981
v 21.44778970 -38.34430780 30.76993381
v 20.90656784 71.71741816 25.45850222
v -13.34975584 67.49817091 -24.88873294
v 34.05022842 49.66088888 12.45668110
v 49.97481817 69.81694788 -23.57173760
v 62.24278204 70.77458950 -24.80279822
v -53.08495510 74.42499796 -23.85777094
v 59.76093671 78.02486328 -23.69180606
v -22.06317146 71.02521849 24.83535218
v 59.78913980 79.88276543 -25.25456774
v 28.30183781 -0.77068047 20.95139521
v -33.48442977 -1.19957540 20.09796968
v 34.70913545 47.57955190 9.84531005
v 7.56120044 86.34384339 -23.71731396
v 54.03030236 85.71173332 -23.90327513
v -17.11600802 88.61978615 -24.44391345
v -0.61636457 -6.43890817 47.05509071
v 9.38488936 2.11953695 19.18490774
v -36.34232170 49.04299644 7.79199531
v -2.70852210 46.79690417 35.21077058
v 31.01161171 61.63920240 12.37732061
v 13.78472828 -37.29428968 18.37889055
v 0.79117242 53.52767852 -23.83514351
v -5.89021630 4.05223972 30.40357250
v -9.90485843 2.24185599 18.45217481
v 3.30405331 4.17420485 29.82254754
v 51.89007711 55.14759050 -22.74103842
v -29.97225949 59.94961743 19.01628893
v -43.58925852 63.41660313 -25.39007132
v -4.43233501 9.60899456 30.83473041
v -43.18332010 65.73036197 -24.09949745
v -41.19576257 67.04997746 -24.94374390
v -40.70447402 68.12260107 -23.63547005
v -60.18970606 70.08909668 -24.21798205
v -44.36209912 72.15872012 -24.70116337
v -50.85665329 74.22580074 -24.91983205
v 40.04402689 53.86025660 8.29759797
v -10.99422914 75.74289118 -25.82488751
v 48.63374189 79.12446763 -23.06540757
v -6.08285768 -4.33168773 48.37401766
v 17.94010676 80.53832555 11.40054188
v 7.14327012 80.67490944 -24.40782363
v 57.17303946 80.98954001 -22.40977796
v -16.93387044 83.45645430 8.99861959
v 15.23236894 -40.08456763 26.11185709
v 50.81645523 85.88161186 -24.13220333
v -18.01532982 75.18871704 27.74213783
v 7.72395346 13.73714237 26.77117219
v -31.38323302 12.56772416 20.41093063
v -37.28365635 60.36195631 8.28788324
v -39.43318270 -38.60182803 10.59983907
v -59.26688273 55.71968071 -23.40485626
v 0.26482365 89.07948085 15.43418997
v 46.97824453 57.52252560 -23.87852635
v 52.12763459 57.12104299 -24.85038478
v 7.31712958 61.56856430 -23.37833056
v 25.24589150 -28.24159578 27.89255044
v 0.31171900 0.17260142 43.68581790
v -12.74782376 64.34318026 -24.92319936
v 60.19332552 66.24672035 -23.92632856
v 35.78749508 63.79331103 5.76443902
v -13.18737402 70.99588958 -24.16090134
v -46.87975294 73.09390481 -23.95691879
v -33.03620020 62.64035085 8.39012384
v -9.73182556 79.74727568 -23.67974915
v 18.46771008 23.58194702 19.47767097
v 26.41324982 -53.32265660 5.67942682
v -1.23069007 80.92602440 -23.69762021
v -20.69196764 29.08762226 18.41912414
v 15.15662706 89.27818051 -23.82998650
v 15.26114578 -37.62024314 27.27388594
v -42.34518900 53.31665814 -22.56663443
v -42.70544788 55.42641996 -22.78008028
v -2.82245886 53.96738537 -22.90722604
v 46.74390087 55.43669678 -23.40267557
v 48.17224866 56.63211785 -24.33419679
v -60.82766480 57.72785110 -23.58940803
v -21.52086114 40.62482861 21.49038568
v -9.66112878 63.22057494 -23.41485293
v -40.08164732 65.82931394 -23.10301213
v -11.10402888 52.41907367 37.56717024
v 60.43157688 71.92075120 -22.04919138
v 49.39440241 74.17650149 -23.56402477
v -11.64264871 77.98168594 -22.77595798
v 4.64901602 80.48022338 -22.56135476
v 1.48213280 80.67059332 -23.51011267
v -3.60881299 81.27428128 -23.25194584
v 1.46208811 82.27255019 -23.06551278
v 49.11850346 82.73767431 -22.73728270
v 20.52987934 -42.74733502 12.32051137
v -5.50545758 83.87207846 -22.92687795
v 49.22141962 84.10297085 -23.07833092
v 54.17842338 84.32945843 -22.43937252
v 15.86594546 -8.40886539 18.58732977
v 19.54165502 75.09995049 7.62006954
v -18.45107114 86.52894366 -23.75109866
v -24.74431008 -40.59598970 11.93530542
v 26.37767832 -15.75520122 19.27500588
v 8.67740921 89.24170208 -22.87257579
v 21.05629517 91.62326785 -22.81398733
v -8.83370543 90.48682566 -21.85920993
v -28.45851170 55.39690532 20.28453867
v 21.91017529 93.86985551 -24.37517393
v -16.06839245 95.68986674 -23.49244151
v -40.91349848 55.35373190 -23.03509430
v 3.48948094 56.07195500 -24.63039193
v -43.51362723 57.25726974 -22.74019110
v 21.52965393 -35.99767924 11.74708405
v 23.92417587 65.21111729 21.76734240
v 48.27556228 59.96403385 -22.82840826
v -15.97127898 82.16757766 6.50095353
v -42.34350675 64.09222157 -22.46614477
v 60.21641574 63.49265228 -23.89188715
v -28.90607292 63.57622574 18.27384334
v 12.44650717 64.79981360 -21.45846212
v 24.95056626 62.53996941 19.70215672
v 9.53784947 31.92912498 30.78959605
v 15.06392800 -33.36032849 12.12356483
v 61.87842508 69.06724890 -23.15625706
v 10.22912779 86.81027380 6.42789824
v 47.58878645 72.90416448 -20.94062420
v -58.34621874 71.92642290 -22.83262320
v 10.04989471 74.20862009 -23.49845727
v 61.26086174 74.47098689 -23.90198705
v -10.53907574 56.75059704 38.32785214
v 11.81261249 76.26711052 -21.94857593
v 21.12927896 73.88447681 21.53813082
v 9.73563424 80.50228569 -22.64940034
v -2.00173027 82.54646314 -23.00654369
v 56.13704796 82.72332080 -22.71933134
v -8.34424862 89.14313612 6.05266596
v -7.69463408 84.40236431 24.58399248
v -2.69065799 67.93178361 37.82244439
v 12.74793988 -24.51573855 11.44408835
v -0.12787534 89.64714801 7.31062650
v 16.07033715 95.26438994 -23.89924779
v -15.86342370 82.70048642 20.65849618
v -47.81515550 50.57396231 -23.79638774
v 47.51157309 53.67733447 -21.67466774
v -5.83048208 57.01937133 -22.46834506
v 8.05137452 38.62275292 30.65262990
v -62.16903913 57.40245716 -21.47751997
v 10.62814047 0.05119800 19.51919263
v -7.72944426 61.48532339 -21.80447118
v -22.48902868 -17.42099680 11.82415635
v -63.27295953 64.11050336 -25.18522127
v 47.94579713 62.70450569 -22.35856099
v 9.35625799 63.57641421 -22.77650430
v -62.65731269 66.52458109 -23.06429842
v -41.83636843 69.39445541 -22.99504904
v -55.67971513 73.36820753 -23.11624601
v -3.75819050 -6.34041474 42.34277943
v 16.21678964 -16.33870226 9.85156253
v -25.26524761 -53.81170050 19.08703524
v 24.93875274 -53.55748613 23.83494806
v -3.99713566 85.99093614 24.98143707
v -9.70869712 81.32238067 -22.90686396
v -16.52430949 83.66637048 -22.30763116
v 51.63122776 85.17463053 -22.33582197
v -18.38103783 86.14861176 -22.86903318
v 7.64172880 57.93672228 38.04950162
v -19.69406989 40.98368494 29.10342953
v -42.78465567 51.72548541 -21.49399258
v 50.74465466 53.84393370 -22.39246515
v 45.01371486 55.49861300 -21.87604148
v -22.36367976 -51.14344434 20.81319314
v -40.20092034 54.72257141 -22.39929565
v 8.14130415 56.34877899 38.37387199
v 55.52582320 56.20862545 -22.45174301
v 22.24218189 -26.51875103 27.32994124
v -39.75427053 57.45576793 -22.03699276
v -41.78486990 60.02729003 -22.00843504
v 47.74142941 58.56924448 -21.77898007
v 56.30846465 58.06229049 -23.15514012
v 11.47530570 -4.85451731 12.44593492
v 34.29223720 -51.76844680 8.11028330
v 11.13118609 63.28987030 -23.85012952
v 46.89054318 68.19527092 -20.67666459
v -13.11007786 72.99336576 -22.61546470
v -58.65097526 72.57710593 -20.75537755
v -51.79022488 73.46513984 -22.11800191
v 9.65284394 -1.98253396 12.98125771
v 12.54873580 77.31619577 -21.00282917
v -12.60892718 78.91033596 -21.68814276
v -14.83975061 80.91701615 -21.92972604
v 3.83071363 81.11822882 -22.22880084
v 5.13995481 82.18064621 -21.46102418
v -16.30439936 82.56199139 -21.54203025
v 17.75708293 49.27490482 31.52810983
v -17.28765334 87.13962874 -22.18675956
v 18.33821365 49.69418916 30.24318570
v 16.64212030 87.66245682 -21.87035106
v 20.43008121 89.77592182 -22.27666385
v -53.45220536 -51.42344225 6.99237019
v -20.36859627 51.62833818 32.38326164
v 34.91311260 -49.34839779 8.68760432
v 33.06894400 4.39585718 13.99207117
v 3.67083397 55.36660959 -21.82090553
v 59.68239248 59.90187203 -21.85958157
v 7.57806000 62.08730256 -22.10206377
v -39.19094056 62.20540395 -21.75993789
v -9.76472639 64.49052018 -21.63155808
v -38.39951127 63.26232202 -20.42151995
v -11.72074178 65.32794518 -20.40599711
v -39.04472389 64.59530771 -22.46899274
v 12.88062302 69.26306306 -20.26784270
v -14.99494592 69.93603102 -20.65489524
v -36.23289812 9.85488101 11.08367748
v 60.01407593 70.10165752 -20.21241358
v -56.73990986 72.31192961 -21.68598992
v -23.87436600 -25.48298984 19.01757291
v -15.02490638 80.89196145 -21.38482484
v 14.49068223 -33.96833972 25.15829396
v 51.99424183 83.88490708 -21.76054015
v 18.32873633 65.32511932 30.45730161
v -15.43978894 92.76560410 -21.20503290
v -1.60500957 -4.01793843 54.26339362
v -25.53374217 20.72393469 14.93742470
v -48.85157752 -46.33287159 8.88021924
v -49.37468766 50.16585284 -22.17311033
v -44.81812850 51.22395591 -21.92640292
v -56.92427678 53.29395143 -22.17884380
v 47.74801705 51.85175449 -20.33150827
v 32.96293792 -26.51976229 20.57386300
v -4.97278632 56.71556912 -21.04787630
v 5.88645703 58.16103769 -21.64998615
v -16.61372027 -4.91260175 18.12672332
v 20.94837847 -44.67670026 8.26706074
v 6.49206179 60.46985265 -20.51954422
v 60.45075166 62.74338743 -22.58436270
v 26.28795433 -45.85095769 7.14470418
v -9.92238285 58.72556662 37.64752313
v 61.82709080 65.60220337 -20.66642716
v 25.26894902 -44.43236312 8.91415869
v 11.83187726 73.43173733 -20.83438816
v 12.08172709 74.79456390 -20.78632317
v -10.79006090 14.56934866 27.61846330
v 10.12223238 79.30509559 -21.86777390
v -1.85365009 83.76111799 -20.92598952
v 18.81526357 86.37685457 -21.05257145
v 0.45363233 2.27829625 28.19508708
v 20.09849932 88.73036438 -21.30593824
v 11.56648508 91.83433547 -21.58158097
v 18.36821193 87.43599745 -20.07809304
v 30.20593701 48.30609866 13.03877686
v 31.49794972 48.60770180 12.51725497
v 12.79213730 37.94192309 27.16453475
v -53.31774782 51.10653799 -21.13699102
v -27.04262288 -51.45373374 26.31365396
v 12.50973278 -52.38188423 25.49697207
v -1.18615701 54.23101706 -20.65441903
v 56.78130424 56.00523998 -18.63678259
v 46.60059128 57.70510996 -20.86678094
v 45.71443396 59.42880866 -19.61380596
v -38.68251030 59.41092927 -22.04292029
v -63.53531518 60.45357082 -21.62666827
v 12.65928667 66.69888376 -19.32456390
v 35.11169341 56.14897271 12.84121669
v 24.09730168 68.47508881 19.63443066
v 12.41117706 70.53567670 -22.45298069
v 23.67620851 -17.24161914 22.83820259
v -43.69014958 71.33894847 -22.21448779
v -46.17585002 71.80957035 -20.70312485
v -51.58327328 73.13912040 -20.38085742
v -48.86260607 73.23193545 -21.62313471
v 59.02404374 72.31897838 -20.12718491
v 60.44163582 74.49781684 -21.21130958
v 34.27669446 59.71971080 12.35202419
v -14.90057534 82.59162755 -20.33964079
v 18.37053181 -6.75368231 21.03234404
v -29.56298461 61.77949365 13.30139691
v 5.89576127 82.94223695 -20.38380188
v 24.14396996 -6.83154527 21.40518289
v 7.01584320 83.15391826 -22.26947028
v 16.53632286 82.60485955 -20.28017093
v -0.48008437 -5.43141900 43.77399798
v -25.15450091 -5.86458775 21.07874861
v -51.88120919 50.18108123 -20.26950384
v 44.75095851 53.20904475 -20.96636395
v -27.66471869 71.97405813 12.02866046
v 43.60914484 55.27558787 -21.04817948
v 5.05855607 57.88669436 -20.42784958
v 24.91451823 -4.68443074 20.74601738
v -38.17419696 60.46224958 -19.13554856
v 46.85467062 61.21165094 -21.69681274
v 14.56240593 -2.41722581 21.35526079
v -39.74301950 -31.74918770 8.18463889
v -1.30436987 83.01136993 29.75187544
v 60.82401543 67.57487664 -21.99968817
v 32.99855900 -23.59731864 19.80778248
v 16.55282130 81.02692915 12.35159204
v 25.22224096 -34.09721372 9.84979279
v -30.81902906 62.61062130 10.35471532
v 48.33785648 75.34585093 -21.11391725
v 49.62908510 78.83850679 -20.15534524
v -11.80621559 78.33269054 -20.70789908
v 51.23059382 82.17646678 -20.60805068
v 57.73017179 79.81291801 -20.92335219
v 12.32559447 85.58013141 14.00923975
v 56.46707097 80.80537260 -20.14718752
v 2.28258192 83.26665531 -20.33932041
v -21.39529724 -30.27185432 9.01730050
v 0.58432300 83.79143569 -20.79131755
v 14.82627865 -52.21858987 31.06797645
v 19.86670105 -30.36377540 7.96876666
v -33.52761735 0.91813478 20.93013221
v -9.44291725 88.78723406 -19.08976520
v -45.86844222 49.94417883 -20.08193401
v -50.62678053 50.25501055 -19.08505385
v -5.90045852 -2.25406604 47.21394198
v -56.74845190 53.69297483 -19.73481293
v 53.07816884 53.80299530 -20.57044654
v 19.15085629 -52.71027163 31.81283558
v -59.27969093 56.44545651 -20.27967805
v 58.03643015 57.04984984 -19.53924341
v 10.06953989 3.70247545 21.72366695
v 27.57014131 -42.11685251 16.40001291
v 58.71833105 58.49186549 -20.31124058
v -40.80908613 -29.70548944 9.19364241
v -62.60369830 66.53855199 -19.45916472
v 9.14607713 64.75977526 -20.10596129
v -39.26823398 65.14281702 -19.10961532
v -62.29181115 68.99257561 -22.44498025
v -39.63903721 67.15340448 -20.93177097
v -40.93146199 68.78880470 -20.00820625
v 32.07820456 -27.02843321 8.30863327
v -13.80829954 74.12294655 -21.23983441
v 47.66157652 74.51070607 -20.34589261
v 58.96756361 75.57487571 -20.49807978
v 1.84109392 -1.02200924 31.31988011
v -15.17575068 -2.15448252 20.05434721
v 53.75809770 82.61692860 -20.15757751
v 13.93316102 -45.07999285 25.68332399
v 6.92913100 84.30153932 -18.04541096
v -7.03932664 6.29813458 20.67016590
v 17.75708008 83.98103229 -20.02904631
v -6.75270233 87.14349441 -20.83158259
v -7.00837648 7.57399299 21.80285947
v -25.57054258 -48.29373504 14.34302859
v 14.95889432 -43.85466515 25.19504967
v 28.51949533 7.51106340 20.52218587
v -39.71614392 54.72888425 -19.89903132
v 1.50415334 54.57394718 -20.11235295
v 5.54656579 57.41479740 -18.53945399
v 8.04839866 71.17081779 35.96908425
v -10.05034285 10.54427382 27.43336488
v -8.78726170 60.71486042 -18.96777026
v 33.02272544 -23.39921525 8.10562170
v 8.76045696 62.22278837 -17.79320845
v -20.56802675 -23.70580806 8.31556025
v 46.36947580 63.39093665 -20.37462471
v 45.15859447 65.12604446 -18.76446447
v -10.68805403 65.75854296 -18.70366113
v -14.44280625 66.91487167 -20.00783905
v 31.52915083 -44.72269261 13.46553600
v -42.64010637 -20.96571983 8.49923677
v 46.03438775 74.40550595 -19.67825467
v -42.47134191 -43.01659271 12.57539112
v -14.05552248 75.16905018 -18.76177622
v -40.76183950 -42.11222574 13.37291121
v 5.19480655 13.80576235 28.15643724
v -42.41526611 -19.20142937 9.77816802
v 32.48451248 -19.71300593 6.71934484
v 16.32360335 81.20665601 -19.94489599
v -26.64292316 -41.90770649 11.45933704
v -22.28252402 -17.75308321 9.03552300
v 28.77625499 -39.09943747 25.43766700
v -42.77018706 51.85210692 -19.80341184
v 43.72891206 52.93558305 -19.24745264
v -39.59642452 53.87205149 -18.49518354
v 42.03913668 55.17789849 -19.27954891
v -5.13076699 56.22414539 -19.06652066
v 45.33989166 56.79206958 -19.43561678
v -6.32295853 43.86988732 36.26260629
v 6.30438874 59.35331693 -18.82325569
v 26.04366163 -37.54111601 12.41852817
v -37.84377480 61.11936942 -17.61535260
v 22.66480326 -37.56597709 13.00755254
v -3.88253835 20.15772832 31.05211519
v -40.04760271 66.70407569 -17.60560792
v -43.36641491 70.29055743 -19.11243355
v 61.01283695 69.31632076 -18.92110852
v 46.26843313 70.84907035 -19.38593184
v -14.92283503 72.72508293 -18.58948071
v -39.89081700 -35.62481704 13.36526347
v -7.71180199 20.02529731 30.57542485
v -10.22146597 12.74157251 28.05525383
v 30.42381768 -33.98686596 14.41117791
v -7.42619797 44.97639302 37.02445970
v -1.79452896 84.74382767 -18.99180320
v 21.94257293 42.22922635 21.07370030
v -55.11898162 51.87996785 -18.25016054
v 47.68700213 50.63696202 -18.07784456
v -23.99881087 74.13833158 19.24092375
v 55.27227364 54.30197768 -18.60134502
v 5.04359563 20.97700347 30.74019892
v -6.79332920 58.60005536 -18.14511187
v 28.55904329 -20.73980798 24.72226585
v 24.33029645 54.56356801 21.08254941
v 43.87160090 59.87447027 -17.57553526
v -41.22342371 -27.51389973 12.92944407
v 61.18749669 61.72770138 -19.22204405
v 61.83843207 63.41917354 -18.40409302
v -38.70780393 64.76471573 -17.98004097
v 9.41591846 64.19821935 -17.84286319
v 6.40262665 67.16303873 37.73967009
v 61.79336710 66.81770080 -17.40109792
v -28.71837892 61.98972348 22.24872054
v -50.53902262 72.30407027 -19.22302916
v -41.92669642 -25.75518063 11.88609661
v 32.63664846 -21.97621571 13.52201488
v 11.86517581 76.48090019 -14.91734526
v 48.83179636 75.65867766 -18.76403491
v 57.21621396 76.75904042 -18.74693114
v 53.42640198 78.94541427 -18.25711609
v 13.34474523 -22.18507486 13.32524788
v 54.44884537 80.20533952 -18.35954904
v 5.23627475 83.54754289 -17.54685930
v 33.50483375 -21.29563895 11.49073892
v -4.96265326 85.01222896 -20.58386139
v 15.01564360 88.24354767 -18.35193538
v 16.99329959 91.42201664 -19.86003310
v -48.21292660 49.74584784 -19.45518930
v -44.07578106 50.42230629 -17.46105424
v 50.77575386 52.22812893 -19.64247714
v 53.46739808 52.81868114 -18.20227186
v -38.10855235 56.91086718 -16.55697661
v 9.34385447 0.57252379 17.59022247
v 5.22548831 15.39591449 28.33706300
v -37.75162287 57.55564774 -16.35451215
v 3.85968751 56.91298312 -17.01406280
v 59.42030326 58.30216415 -17.13642510
v -25.69478611 -14.11463128 13.16493682
v -24.50925082 -13.00784188 12.64533350
v -50.35170466 71.88854044 -17.22993279
v 43.58974259 72.12969070 -18.27472126
v -22.30066711 -11.36365812 13.57558589
v -13.43829933 14.70021718 27.89306449
v 11.75649057 78.03764687 -17.10914985
v -31.27248502 -49.70519728 25.37971548
v -21.49395957 -10.40722774 13.64128284
v -9.89826424 82.98644758 -15.71536334
v -14.56540274 82.72632362 21.54175348
v -17.22451786 89.23276438 -21.58597690
v 0.92396368 84.57324995 -18.82154777
v 11.95162688 80.42572511 -16.16080199
v -1.71907477 84.97227383 -17.48634299
v 6.42575484 75.54327006 33.51013924
v 13.65448486 92.18554196 -20.43075074
v -46.23283901 50.20539498 -18.09448540
v -46.12505112 49.92208464 -16.46995336
v 45.77025929 50.16562539 -17.53337517
v 50.59385515 50.63011510 -15.86474233
v -37.07399610 -8.51482719 13.87747954
v -39.37508009 4.21500610 8.32909226
v -57.99576586 55.14372753 -18.23714642
v -39.55706648 54.08743040 -16.75404287
v -60.92346378 56.96753195 -18.32878280
v -31.45392322 -8.46241652 18.07384288
v -4.78187038 56.37328975 -17.67439877
v -6.75688186 88.66587065 17.96714088
v 42.66894970 58.38528105 -16.52874512
v 5.79519043 59.30723641 -17.30282002
v 43.44102832 64.58601620 -16.58830459
v 10.38534926 66.31593119 -17.72212304
v -46.89906460 71.87719266 -18.87427524
v 57.76027005 72.97157478 -17.97727527
v -12.73185236 76.56927830 -18.19718834
v 48.16322237 76.04648639 -17.23888784
v 52.50290988 76.14197463 -16.95421607
v -11.54193668 79.26536929 -18.31542937
v 4.76964315 50.79560020 38.08440427
v 29.45550397 -28.46068768 25.62456780
v -12.28624122 87.20617858 -17.90039122
v 10.68547146 33.11448613 30.99828478
v 14.12567067 -52.63685780 19.89033874
v -52.45293412 51.01254301 -15.80529943
v -9.83288058 0.67195455 13.68342636
v 29.17372691 -8.07865644 17.38914291
v 34.02410768 2.35684351 12.80234386
v 40.62764576 55.29726617 -18.23458068
v -40.21123732 -33.13137746 8.74455526
v -5.71434192 55.71343808 -16.02057929
v 39.64548770 57.64362840 -17.07204799
v -36.30631215 10.00324729 8.36953785
v 30.33369203 9.54921290 6.02386827
v 61.05844441 61.13186700 -17.04636668
v -41.78484552 68.97055557 -17.00116493
v -37.23216440 -45.09793415 20.76839584
v 42.44852206 70.59129691 -17.30037031
v 13.47152597 68.88127021 -16.89149052
v 59.97872157 70.71557129 -17.96509226
v -14.48249009 72.78574319 -17.10987148
v 7.53858675 88.60781731 6.48520785
v -34.64133496 -43.94842916 21.62824700
v 14.56852343 80.45686461 -18.07539457
v 27.46712079 15.20901115 11.20451035
v 1.88285103 84.21510140 -17.40019611
v -31.83988459 16.05276361 12.89139612
v -5.47351036 85.74766978 -17.04830549
v -19.69849865 -7.13511314 17.22406686
v -31.02881203 15.94811102 11.53340024
v -50.32723648 49.73225230 -17.42268650
v -14.02044765 39.82342198 29.94017500
v -52.87798027 51.26810123 -17.41390082
v 21.42862116 17.84872098 15.18655239
v -36.98771883 -39.14842078 19.99929935
v 18.57103308 -23.15818808 25.33595994
v 38.57988741 58.05174278 -15.77057551
v 9.39749969 38.09627942 30.79028530
v -8.16025310 57.83928298 -16.44204214
v 7.63802666 61.17232892 -16.59718330
v -13.30340580 65.93069924 -19.02826626
v -60.34642517 68.47646047 -17.41991636
v -19.88001241 32.87755777 10.75964949
v -21.45121326 22.50626977 6.58229059
v -15.38859382 71.04237664 -17.86150180
v -26.93250259 -48.00340550 25.36124547
v 20.40790383 22.63176723 9.98450424
v 13.52836362 72.88288453 -15.68914739
v 59.33315765 72.43052799 -16.74396508
v -20.86956724 4.03229514 25.34079722
v 50.77127000 76.27103444 -17.60896541
v 2.42909948 0.79096368 38.40770235
v -24.84156000 -35.50899546 20.29835595
v 10.30117285 82.65350110 -15.50298627
v -2.38520304 47.54931144 35.83953834
v -7.76133009 86.70388098 -16.98527019
v -43.12463560 51.68518940 -16.21838807
v 54.28612539 53.21918287 -16.92762400
v -1.36808517 54.24595736 -17.79731014
v -18.91349217 48.47630884 31.96810777
v 1.22046299 54.66419224 -17.27137955
v 7.50929476 45.86970186 35.73112378
v -36.41060292 -29.90607436 22.27994992
v 56.66755007 54.65620594 -17.36707935
v -9.10812934 61.56334485 -17.66867136
v 13.49777866 -29.16720320 21.70409739
v -10.26606317 63.46303903 -16.60509933
v -61.28044117 64.47109954 -16.18365773
v 10.27239357 67.26505786 -15.78933796
v 13.37355361 -26.38618003 20.89487951
v -20.17764162 31.15318273 8.86214304
v -55.15700571 70.13685322 -17.26812886
v -46.25333752 71.05249779 -17.80847892
v 43.36150335 73.04520700 -17.08219406
v -4.30195456 -12.06942756 57.23370133
v 24.49770441 -21.79410391 26.15272985
v 41.47818161 52.05593476 -16.47256375
v -26.01810939 -22.97663768 20.42464189
v -29.94805005 67.20068257 9.89968970
v 26.00739101 -25.83328499 27.29749661
v 5.19175859 56.82567936 -15.85001575
v -59.02846576 59.94739200 -12.73743797
v 62.74243728 62.94872223 -16.56077471
v 18.72591279 58.44938864 31.39530291
v -14.65497425 65.83070030 -16.45094521
v -12.50004200 66.61909242 -15.54886313
v -58.48869592 69.87328969 -17.44709369
v -1.56068893 61.39205152 39.45858659
v 25.08849935 71.27628915 12.00758124
v 41.57843233 70.72164095 -15.88187021
v -52.87789556 71.37974299 -17.55849439
v -14.97969993 73.39215284 -16.62577946
v 54.27352855 75.83733793 -16.74593484
v -11.28391556 78.99053597 -15.52910543
v -10.55827994 81.19903187 -16.44303951
v -34.63000738 -20.45496048 22.70699575
v -24.89529306 75.23664619 12.86064132
v 7.72425653 84.66522708 -16.28978123
v -45.82143438 51.00038343 -14.89582470
v -21.40345984 78.92101794 11.89323510
v -5.37269855 1.53092622 37.98335858
v -55.80268126 53.84801054 -16.52368153
v -5.17412093 55.35396546 -14.69598874
v -61.86942228 58.43233407 -18.56420529
v -17.08228759 71.36638147 30.51396688
v 21.26540052 -6.54709559 21.27118308
v -3.88996357 6.47060102 15.56671053
v -37.67208238 61.14316895 -15.13671035
v -17.05905820 64.39605510 -14.25913757
v -39.03717611 65.87465148 -16.94576002
v 22.75653852 -5.53574086 21.34566420
v 12.42622580 67.96022885 -16.80643679
v 40.89800501 69.28234437 -15.26755801
v 38.07187220 49.02454162 7.90090218
v -16.88460550 68.54660937 -15.48181216
v -49.53959480 70.87894570 -15.77860968
v -27.29843935 -5.55719433 20.63010219
v 44.50803077 74.11219906 -17.61498259
v -14.06270236 76.19409588 -15.46154660
v 6.58768462 89.03885880 10.74533464
v -39.39724149 51.49261580 7.05916406
v 46.62226251 75.44214496 -16.10502380
v 53.70492950 76.15989167 -15.00104711
v -11.29190322 77.16843287 32.04699307
v -26.11762093 1.42535637 24.59973252
v 44.57898707 50.05288052 -16.02074925
v 43.31795846 49.63856605 -15.02311949
v -39.80251713 50.01952052 -15.08552458
v -41.09149492 52.23169251 -15.98788028
v 39.13786321 53.96384324 -14.55351445
v -3.31761130 53.66796577 -14.59246049
v -37.15249722 -53.10905253 4.11398109
v 1.86792506 53.36901609 -14.51081046
v -59.32271096 55.41063706 -16.34191726
v -34.00441416 57.28306658 -13.82105491
v -39.12497119 64.81197383 -15.69911461
v 63.00654650 62.75722341 -13.32755938
v 8.85550296 63.49549622 -15.91121780
v 43.21301617 67.57279158 -15.84239053
v 2.88925197 4.98891900 25.26231104
v -41.71240737 67.49539144 -14.99574660
v 17.78148145 -49.42911993 12.53081950
v -56.88387119 68.50938264 -14.57486274
v -14.16488552 56.53790268 37.29511194
v 36.41479075 -48.47196485 13.30215945
v 59.65375020 71.73827671 -14.80710847
v -23.97799567 4.48799939 26.06471946
v 27.57174372 3.50262584 22.12817109
v 44.80285268 73.72794617 -14.41317561
v 46.92374012 74.87353206 -13.67053286
v -0.18506017 69.72835994 37.95966304
v 8.72841982 84.30320684 -15.55912587
v 34.27769872 -46.14701767 12.38785415
v -14.12723407 42.09632803 -14.39081046
v -5.23264231 -0.28345713 43.60441524
v -13.33610127 0.06502942 20.12268966
v -14.56389953 48.45353424 -15.28551410
v -22.38003446 6.59045536 26.16631159
v 1.27985637 5.03488605 23.31558538
v -35.96291118 62.44733630 7.20145379
v 3.86302934 6.70617425 26.16592778
v 40.71114533 51.54226235 -15.04883479
v -55.63375818 54.58786222 -14.41601842
v 23.69942631 -42.81797603 12.07914531
v -9.86744278 58.90799603 -14.38505690
v 41.59361088 60.97768073 -14.56456827
v 9.02431647 60.81456190 -14.06970970
v 43.64862714 61.60645503 -16.94412971
v -37.79339233 62.28255530 -15.16486085
v 41.43559937 64.37170289 -13.83111300
v -17.51409376 66.07192180 -15.46500555
v -11.74319572 65.84682672 -14.76434597
v 20.56292202 -38.08401520 12.95185137
v -28.99308527 65.87832675 6.89999423
v -45.57306955 70.70847588 -16.29565841
v -17.25237174 70.41126524 -13.84762100
v 15.16859502 70.63219285 -14.05977219
v 14.05552480 69.07042826 -16.05468959
v 13.03008756 75.20574813 -15.28528053
v 55.39132866 75.06987364 -15.00426889
v 10.95726988 78.92285691 -14.96260748
v 2.32723945 84.61589996 -12.37255393
v -5.26912764 85.59339494 -13.92356772
v -3.29048249 86.45799565 -14.38398915
v 9.96151185 48.00275778 -14.42540325
v -7.20978302 45.85856745 -15.14030964
v -26.70063265 17.43340825 19.27328776
v -43.77970607 50.21634065 -12.84656784
v -49.00859370 50.16521140 -15.09874668
v -51.29422284 51.99893952 -13.06166263
v -11.28052427 51.80578621 -14.18906551
v -53.55768467 52.85393721 -14.13405770
v -21.44528896 -26.28341367 14.11304824
v 55.37032880 52.79703944 -14.96548563
v 11.75491131 -27.22431695 13.76787222
v -7.89866415 53.89143094 -13.24375436
v 32.25144652 -26.27093264 13.14885546
v -20.59773893 23.07192603 22.46960693
v -17.73229071 8.24503294 26.32290290
v -19.02488820 4.58606454 25.58466440
v -13.50582685 62.88968347 -13.73670775
v -18.29874148 26.63256549 23.87246218
v 10.20088326 67.61553632 -13.29133657
v 14.88468321 67.74785295 -14.64544584
v -55.16783818 68.67394132 -15.44261373
v 1.68952763 8.36341734 32.09027026
v 14.58838906 -19.71274831 12.49440263
v -19.84017971 33.13652919 21.23708322
v -41.74832933 -19.29186141 14.47132073
v -15.69282778 74.15602987 -14.08158258
v -18.79348946 35.20329966 20.65793567
v 51.64781382 75.93864390 -14.80788965
v -11.84496999 79.19207735 -13.92330783
v -40.96111755 -16.13639586 14.07530135
v 2.18472095 84.84654122 -15.66362362
v -7.83916491 39.22290491 -14.01403517
v 5.23386961 43.49250324 -14.64404015
v 6.65344210 39.50358853 -13.62066080
v 10.87989916 41.97619211 -13.76674116
v 47.21680393 48.88638009 -12.22662682
v 48.40335150 49.35299304 -13.65920023
v 15.04731536 -11.02537925 13.06076210
v -35.74766442 51.19898381 -12.99506005
v -4.57517429 22.81181737 31.76961736
v 0.51027079 48.62176829 -12.53049544
v 52.14783151 51.06227096 -16.40010675
v 54.85771779 52.44980273 -13.00076771
v 14.83686394 82.16749587 18.90801598
v 13.40651233 -8.26401695 12.05082236
v 55.81246583 54.04973914 -15.77010079
v 4.01928864 55.78936316 -14.12418396
v -7.66021522 56.47308471 -14.68498520
v 6.16397093 57.03726782 -13.95293223
v -60.44140936 56.72709377 -14.94096573
v 20.08564560 40.43549321 25.33290481
v 8.98903111 59.91352263 -13.07090408
v 11.63180862 55.17965250 36.95653777
v 38.40156065 64.52769447 -12.84936362
v 39.10717799 61.77253039 -14.26474681
v -17.41671483 -6.64288577 13.68890692
v -19.66722281 66.78171693 -13.52460777
v 19.21342676 42.16049204 25.84872194
v 10.79778657 -5.84924963 13.93519917
v 40.02237839 68.76045433 -14.36199513
v -49.43697376 69.99174550 -13.61907207
v -47.56029194 70.39044699 -14.75100485
v 43.44583329 72.08157947 -13.22918000
v -12.74038100 -3.41287651 12.69512180
v 34.00272313 -3.13871109 13.75296254
v -8.05050702 84.53327577 -14.61120211
v 32.78821373 0.00921496 15.81835313
v 4.36150377 22.62527972 31.52171928
v -11.13153041 -1.29063042 12.56512587
v 17.79942240 45.22143749 29.00629541
v -3.66823236 42.66855199 -13.64334662
v -0.47589828 24.47633371 31.21445513
v 5.21061888 48.77982800 -13.69219533
v -41.67023576 48.74861323 -12.84783164
v 14.78334880 82.01227939 20.95923997
v 6.09745977 2.33209758 11.62520256
v -5.21326042 25.18034358 31.74632312
v 0.59454799 6.46376442 15.90509138
v -3.18928098 47.49287438 -13.18657990
v -45.35715087 -52.69848638 9.18969631
v -15.61951093 84.65534015 17.21074264
v -54.09443961 54.82883568 -12.07787772
v -55.76149653 55.71949341 -13.16936983
v 38.04724425 60.70320049 -14.57333449
v -59.62702290 58.26977825 -13.95342262
v -12.28647430 60.32157729 -13.29099393
v -9.58224231 26.98790015 31.46600826
v -32.96475826 14.64837750 13.04488154
v 9.74425374 64.57568878 -15.06582794
v 26.80903489 15.64572680 14.80760267
v -43.70426961 68.28185165 -12.69043456
v -53.24837752 69.04419416 -14.25151347
v -43.93105188 69.03769317 -14.77793502
v 59.28037414 71.03435401 -12.47429912
v 50.21790365 76.39339455 -15.27235061
v 7.59640290 82.07317899 -11.48560714
v 6.31948275 83.57811469 -14.35441815
v -9.26767449 36.47766436 -12.33723841
v 6.04335596 25.73514577 31.85893747
v 19.70977426 48.15938648 29.30628107
v 2.13132334 41.16693369 -13.44523899
v 1.75807977 45.75619402 -13.56140020
v 20.09953496 -46.06001246 9.40501549
v -37.16960509 49.79745287 -13.22899463
v 49.97533516 49.31880208 -14.22505938
v -1.72191827 51.87597759 -13.38852166
v 13.95867607 58.88588214 36.09091825
v 41.12247436 51.62421337 -13.28125709
v -6.63607774 52.93934170 -13.39003872
v 15.03060375 -43.87962024 21.97831158
v 10.51472069 53.00345213 -12.75370966
v 22.64547246 52.12029421 27.21923349
v -35.34234444 53.38893762 -14.17348494
v -26.86657697 42.64316948 14.50164982
v 30.13454306 8.54433552 17.79376901
v 6.84719028 54.41338561 -13.25821416
v -13.55630742 56.49071417 -12.74338559
v -45.95787843 -44.80381674 8.01659230
v 27.90891860 48.99242811 13.54936733
v -25.81774256 -40.87236131 20.73890891
v 30.87415452 -45.17463588 9.33551185
v -33.73690575 61.83506876 -13.00717094
v -29.41944380 51.53995525 12.58314262
v -26.45795895 -39.02690876 22.02340449
v -37.22970601 -52.93877562 20.45204477
v -39.01063908 64.23012491 -13.59553954
v -14.29735450 65.27145435 -13.46451218
v -38.05275720 64.67830542 -12.91141434
v 39.07788395 65.51270034 -13.29113113
v 26.87810476 -32.23146457 27.45959793
v -41.10776450 65.76423794 -13.65091606
v 3.06543437 27.34038588 31.62017040
v 11.34430032 67.42964137 -12.05976217
v -56.01474344 67.33999186 -11.66992685
v -32.49581179 -42.88894659 8.51598448
v -16.25365124 71.91691100 -12.96009283
v -14.21874208 75.48337615 -13.26830380
v 56.66169496 74.63352222 -15.07656587
v 53.28141159 74.69776814 -11.35053635
v -10.08439110 80.68429424 -13.95693523
v -9.91412498 81.58109035 -12.23033084
v 0.37758909 85.68354633 -13.03887606
v -4.21809895 38.09312482 -11.62183848
v -20.81218185 47.52604987 -12.34588175
v 25.89288415 67.79665594 13.36472050
v 0.26463253 45.43751224 -12.28992306
v -24.41354827 9.01151803 26.08779840
v 1.10966155 47.72398467 -12.21090507
v -28.90938472 67.97124142 13.76973236
v 0.47460071 29.54193481 31.43479840
v -14.22990352 9.28068175 25.91364441
v 45.30816886 49.70175946 -12.12917935
v 3.35248224 50.31622091 -12.01169172
v 6.14946388 30.72371251 31.65194173
v -32.26944223 13.44834062 19.07737247
v -8.96718514 53.31122117 -11.74304926
v -15.52517397 53.43280358 -13.68604323
v 17.24384151 80.26899630 14.59174168
v 14.66929636 -22.58563558 20.85068160
v 12.87150468 57.88084531 -11.86243195
v 10.84160983 58.43747071 -12.92117383
v -34.56183296 60.32913159 -12.65461968
v -14.37976612 86.34751946 13.80844682
v -20.79081616 62.96945023 -14.11626204
v -21.71272372 59.65180137 -12.95315494
v -41.65213669 -23.81539135 10.42768622
v -25.70344435 -37.05544432 8.67368765
v -28.21159999 -24.35933562 21.73547971
v -37.41734084 -38.68097038 8.56286885
v -22.27371812 64.22293860 -12.54253576
v -29.94609224 -20.01902946 21.34350588
v 1.95240716 89.52259630 15.04672806
v 41.32392986 69.11361148 -12.47904907
v -47.30957491 68.31401965 -11.50085691
v 16.53947255 67.54715856 -13.71732894
v -37.46961001 -19.44207541 21.24072128
v -14.06644540 77.42401042 -12.62600661
v -12.39113052 78.64483701 -11.41565223
v 15.81174176 -46.29855651 30.58256664
v -33.65934194 -17.84078694 20.96704465
v -23.82172231 -34.87317967 8.61238860
v 8.68558826 37.23561430 30.52507973
v -17.00733075 40.93593625 -12.16952519
v 16.87120602 -43.86444169 28.88865714
v -1.58367225 44.31225157 -12.07727426
v 14.75395171 42.67137349 -12.23512789
v 4.23567474 47.13756086 37.86463683
v 35.62865603 -53.26497272 13.27819400
v -49.40717059 -53.38356761 11.87550945
v 22.92272728 55.79202306 27.38259739
v 42.08464022 50.92659270 -13.13161459
v -4.83606765 90.15799817 5.90306667
v -28.49469883 16.87742754 16.79340228
v 18.89466605 5.27161997 25.23995206
v 24.59783489 -30.31391846 6.74015868
v -6.83124644 51.88213658 -11.58748285
v 15.38209069 52.18259263 -12.10449218
v -5.40522204 -12.01036261 57.66750161
v 17.65104911 -4.15551129 22.47710701
v 6.26607505 52.60984335 -11.75905531
v -1.18487114 2.61192448 40.44449103
v 22.21491701 -32.22059408 9.25891981
v -19.84714759 52.26287410 -13.13236979
v -28.72892028 -2.83799545 21.88013368
v 39.39061088 54.56961568 -12.29236632
v -12.96396451 55.14235800 -11.97510900
v 58.24050977 56.68540939 -15.28226343
v -16.21850269 55.68562453 -11.85841089
v -17.12984404 57.05096624 -12.81632149
v -24.35374953 -45.43478237 15.79533689
v -29.57978897 56.52815399 -10.86003515
v -19.71860298 60.20922705 -12.13153697
v 38.49725873 63.20701551 -11.71095247
v -24.17767128 63.50434851 -11.48892142
v 14.38750860 -7.53492020 17.98496532
v -16.96676550 62.65107588 -11.85489484
v 19.12039091 -43.56030656 14.69593171
v 10.44730350 62.47121065 -13.43806863
v -40.51759709 64.40692356 -12.54714081
v -6.20917808 -1.86723439 37.20195416
v 17.07434661 65.47989244 -12.56512774
v 11.65995386 43.53870609 33.62525999
v -17.57070531 44.51583179 31.41732944
v 24.05458768 -41.50959100 14.13235311
v 24.57797501 -39.70239105 13.37759929
v -18.45554175 69.22183625 -13.09427143
v 15.78249124 71.94014589 -10.57153054
v 43.08308814 70.80846403 -11.89946487
v 14.66420211 73.00212333 -10.25581360
v -15.46573672 75.42546932 -11.56554397
v 50.25278358 74.94579016 -11.59071779
v -22.90728390 -38.19271202 13.31075860
v -0.17932477 49.34629081 38.26630253
v 12.52844252 76.61203693 -11.97017581
v 10.18480022 79.53629332 -13.44384425
v -3.70135180 86.31183827 -12.67682627
v -20.60407129 -26.69369828 9.33425043
v 15.51279354 -29.61595241 8.96005748
v 7.78415486 3.86207911 22.21985166
v 8.03065799 35.97443113 -11.23334423
v -14.91479610 38.03030024 -11.53146225
v 16.18836315 -39.88215328 16.16230937
v -41.93081351 -24.69181178 7.99193590
v -2.79336725 -6.41813897 48.63956556
v -0.74583015 47.61855112 -11.53005093
v -36.02947300 48.60206963 -11.69041271
v -3.88334865 50.41175277 -11.62158345
v 14.26047580 -24.38170525 8.80069321
v -48.22674122 51.22117906 -13.17920006
v -5.42915229 51.23531720 -11.41030040
v -1.27854966 -6.52993460 43.00917034
v -2.17885788 5.82744988 20.70172731
v -7.60479716 52.91538530 -11.60713888
v -40.89549969 -32.82072638 15.00745892
v -20.83075889 -29.38180344 11.29359088
v -49.89020206 52.39296666 -11.77085888
v 53.62674143 51.94877329 -12.05749136
v -10.30885764 54.08877034 -11.87069472
v -41.20839392 -30.26859773 14.60975297
v -9.28464778 7.33080796 22.60842382
v -18.33072675 55.34816543 -11.48898866
v 17.73322021 53.84807709 32.32077056
v 13.95329176 54.40170024 -11.95433537
v -42.09180913 -28.74346782 14.21755532
v -19.51669183 56.01790835 -11.51726058
v 38.35709074 57.42790865 -11.12139677
v -20.86519798 56.93581969 -11.66601220
v 14.45392132 58.45423910 -11.68294249
v -25.23656912 63.59045978 27.24976768
v 18.07547775 -19.27314688 6.91726827
v -57.48387043 63.17746205 -11.41727074
v -58.42682630 66.56837861 -12.78962052
v -30.85637215 12.68761999 21.66062687
v -40.87427436 65.36483377 -11.77699883
v 15.03191592 13.84707490 25.54820893
v 0.10702076 -5.05185058 49.35135001
v -19.29819620 68.28447221 -11.63721107
v 16.05580495 69.94149817 -12.33138114
v -24.61452379 48.37765813 24.58993158
v -5.90576834 3.21713464 33.23548876
v 13.45485531 74.99840102 -12.23586157
v 10.46523897 79.59374528 -11.14664532
v 6.33333486 82.68132080 -11.27945600
v -6.78936827 84.30769275 -12.28619893
v -24.55620856 -15.94082919 8.74367848
v 0.93306037 41.14467274 -11.85006964
v 30.44272726 -10.34092499 14.04619015
v -26.45027067 7.32399834 25.46750943
v 23.32591593 -38.99013272 30.09304764
v -34.46349157 49.59062694 -12.13085910
v -29.78418858 50.36743659 -8.81724432
v -23.01228412 52.65289724 -10.34072983
v -26.58049930 18.09025435 10.87020667
v 17.95367685 52.01978104 -11.19254333
v -29.06132582 52.84711687 -10.19353275
v 13.67742411 -9.81818536 14.16786381
v -22.91167171 55.51645545 -11.66707708
v 12.34328078 -8.28042670 13.67753963
v 9.47187525 54.82978848 -11.44829957
v 32.33267686 -6.36340136 14.49574239
v -18.50588244 81.54338167 11.49477215
v 15.47466112 72.13988605 31.32692767
v -55.15418101 60.23560927 -11.08127784
v 38.67773033 60.89943438 -10.16740112
v 39.22548618 64.16656766 -11.10119015
v 17.55831359 31.06027814 20.99432784
v -52.60008896 67.33935416 -11.47177562
v 11.82743842 66.34040843 -10.98799726
v 61.87233061 66.97082481 -13.96223413
v -22.41945288 66.20047059 -11.21192424
v -20.66680346 67.98123297 -11.41476096
v -38.78000689 -1.11417417 14.21919473
v -14.87883031 74.48425451 30.29629250
v -19.13364111 70.18735897 -10.43089429
v -13.79067978 77.43063060 -11.22591753
v -2.02307489 -7.87208919 55.88043488
v -9.38833513 81.65764428 -10.66294667
v -22.53676045 64.67935499 29.40481273
v 3.12915699 37.44226486 -11.72033696
v -2.26032937 39.92473695 -10.88425235
v -43.57892940 48.41579489 -11.46164578
v -40.13184720 48.13692445 -11.34666752
v -38.49795426 48.83963604 -11.13271616
v 46.93413489 49.87007904 -10.48280691
v 52.15897004 50.46730227 -11.44233693
v 25.43848985 61.61406851 21.53341439
v 30.70024897 12.24230951 12.70047251
v -35.35801620 12.09278932 12.02977791
v 12.85362352 56.77882264 -10.69705151
v 15.14995315 57.30191091 -10.29822589
v -34.41452568 12.82489500 16.37432371
v -30.90904748 60.19797643 -9.87181385
v 20.63985096 59.27695254 -9.84771238
v 24.54711346 16.09837220 14.81395717
v 11.40553347 61.95537078 -11.51989471
v 19.41022138 64.39734974 -11.53796572
v -38.71291425 65.01719717 -11.85576497
v -49.81723421 66.92161982 -10.40899874
v 9.72085826 6.58311292 25.27688045
v 16.57783374 -52.25221906 31.95785555
v -21.76721504 73.83507425 23.52894413
v 15.54882048 -49.36855192 31.92665539
v -17.60958152 19.41117089 25.91702009
v 20.35187800 77.46993999 19.54121118
v 34.36051591 2.86314711 9.29004189
v 1.18617346 38.64341766 -10.51758756
v 17.39674755 47.91651878 -11.70690530
v 15.35751980 7.68810303 24.78100121
v -0.09727709 53.94384977 38.61276955
v -8.88831266 4.90981486 7.36912807
v -5.67140261 1.15248575 31.34415199
v 3.14497633 0.99523157 32.32247813
v 37.86758717 51.50761888 -10.06877757
v 53.40265635 51.76902704 -9.82902266
v -13.95309137 83.28898649 20.39612890
v -18.74592425 72.22321466 29.49506201
v 24.03293060 41.93535042 10.91657423
v 55.51986345 53.69908934 -10.34009708
v 5.27672965 68.27757241 36.95374947
v 20.85030450 56.26410191 -7.88031666
v 5.59275102 85.67536456 22.98214906
v 24.12937966 44.03253612 12.51800789
v -5.50464644 86.35753050 22.83242760
v 21.67991058 60.27614988 -9.85581231
v 60.94110507 58.68902605 -9.79806801
v -33.82575816 63.91722323 -10.80620338
v 14.39058929 65.17982934 -10.21008872
v 62.69314431 63.31932629 -9.78113777
v -42.56107313 65.90779490 -10.25712311
v 39.98231101 66.27556229 -10.38017521
v -45.45429160 65.55554829 -9.16151033
v -43.13071055 66.30583596 -11.11047643
v 41.73346233 69.45999932 -11.20597423
v 1.34508374 3.74796891 36.81902862
v -5.52131578 -12.41235423 56.42974426
v -17.59349298 71.85477745 -11.20588042
v 2.48331470 3.54540215 27.26561132
v 54.00571458 73.63843972 -10.76182433
v -2.27428259 11.23238708 31.36551409
v -8.68288551 69.57066502 35.89468410
v -11.70958355 80.10338247 -11.57761611
v 23.45943939 42.94177890 16.27595608
v -22.88580068 -52.25618509 23.22888081
v 4.24775232 84.33368852 -11.88161740
v -10.52352881 34.35719712 -9.82982235
v -37.88624727 47.47021466 -9.44326390
v -44.27389113 48.64443091 -10.39624317
v 40.02476396 48.21302947 -9.33215690
v -46.68906277 50.46225734 -8.49620938
v 13.66325029 -49.21455838 20.23429585
v 48.14686223 50.56271452 -8.86495287
v 29.74015036 -48.06338255 20.78985433
v 23.01279859 16.93369954 8.06463922
v 37.33083324 53.98069854 -10.03556703
v -10.35936803 60.86665673 38.17852601
v -53.27988070 58.56238032 -10.07758021
v -23.78651729 58.16458287 -10.90455282
v -6.33966885 27.13733157 31.95749542
v -26.06735310 60.78140895 -9.17672853
v -6.06865239 -2.97231162 43.34724953
v -6.19395115 68.92447420 36.37033254
v -22.93888570 66.59658024 -9.86833213
v -23.94848043 21.62326591 8.62832732
v 16.69876874 71.52921546 29.13173204
v 17.37488830 69.42550185 -11.37939461
v 56.04648764 73.37032191 -10.79623312
v 48.90029762 73.14541224 -9.72661838
v 51.89046758 72.26717562 -8.73201593
v 15.01294142 -40.98846988 20.93067962
v -11.13041741 80.59312177 -9.88124454
v -42.81763250 -53.17539462 -9.68232832
v -12.69669028 33.58277529 -7.46890294
v -7.69422241 35.30319431 -10.12354632
v 11.20580864 34.92375923 -9.53692225
v -32.65604057 -39.70863369 22.34678613
v -19.10785518 39.40113028 -8.80114584
v -3.17479713 27.26954931 31.77976556
v -10.51225055 88.44671590 13.86581818
v -37.83436946 -36.85962971 20.85246493
v 18.44468671 33.97225011 6.64513145
v -27.50428997 -36.71875058 22.57733012
v 30.64627088 -37.12789820 22.99219222
v 49.60440422 49.96804545 -9.26050940
v 1.74859011 90.19218077 10.29208802
v 50.82692437 50.83451244 -10.08379891
v -36.05036183 -34.66599504 22.11252091
v -26.78630071 54.63780017 -9.42137557
v 56.51217512 54.25261659 -8.03232780
v 59.76085714 56.95440611 -11.77068393
v -24.85188584 54.86826098 -9.83613986
v -22.96464462 38.47445002 10.94799568
v -1.58337442 33.59029386 32.38244178
v 1.92075027 31.49665081 31.74221644
v 19.27159135 58.90420142 -9.54313226
v 14.22973472 63.86879213 -9.53706109
v -31.52617716 62.02592770 -11.09344790
v -53.00126662 63.14063194 -10.16977415
v -30.90825544 63.31966375 -9.25495006
v 39.60253434 64.23623378 -8.11890599
v 61.00016789 66.86404370 -8.33609079
v -35.38709060 65.37491286 -9.05235902
v -22.18262911 68.66108145 -9.48573909
v 17.86222627 69.31794486 -8.63898373
v 32.02007917 -28.82729445 22.30274740
v 11.91696925 76.37308627 -10.26619303
v -27.58237929 -29.00476126 22.27864230
v 12.11673623 77.26149087 -8.82517315
v 6.86329065 83.02075489 -7.69142485
v -8.70000944 83.96306181 -8.34939810
v -5.78478085 85.67213464 -9.10388842
v 1.60495012 85.38209333 -8.86970833
v -2.34604669 30.48407188 -9.36192123
v 7.16937797 83.72778730 26.74060610
v 2.47637761 33.47195976 -9.48563365
v -25.61985838 -26.36224788 20.91227339
v -25.00674807 54.50912610 26.49500833
v -0.97834323 36.92687640 -10.10916788
v 2.10732210 37.13208449 -9.35764256
v 5.37601296 70.50359848 37.10300925
v 18.15564812 42.24388092 -8.83230698
v 20.66522668 45.68356357 -7.41528809
v 33.04774106 -45.79591010 12.90654617
v -35.05430889 47.21145067 -8.35931856
v -28.98544468 49.17548680 -8.01970145
v 17.32944489 -44.61817925 14.90078808
v 41.05198563 47.25510555 -6.04609021
v -36.49575205 -24.82944576 22.34453591
v -32.00760711 -21.71491742 22.32337900
v 4.47611583 35.60358461 32.01450145
v -43.21641844 -44.96608883 14.21669799
v 25.17072426 55.07918519 18.10670288
v -32.60025164 48.33828624 8.13359599
v 22.27274547 53.76361793 27.00753205
v -26.31369424 -44.02461290 12.86225865
v 24.42555115 48.06015985 16.56132544
v 37.60049625 59.65879245 -9.52426829
v 8.17525389 36.24702821 31.75022976
v -33.87048191 64.20479780 -9.41085863
v 40.57538095 65.34716591 -7.78093698
v 19.48372082 67.30064733 -10.22922532
v 6.21811753 52.96076615 37.93168085
v -10.67726900 37.39528056 30.84836373
v 5.55325123 36.94402447 31.41430111
v 58.31767392 71.34456326 -7.64436215
v 13.55145409 75.32977750 -9.88690204
v 18.43071190 -38.76290653 13.52065821
v 22.72360962 -39.58325586 14.00610280
v -39.83814339 -39.50224794 13.52148525
v 29.34557465 -18.76612057 22.77974513
v -3.48139817 86.37498916 -9.09204811
v 20.89615933 -15.70718366 20.09309641
v 26.68492209 -17.43248938 22.05162179
v 5.76538480 29.56961269 -7.66093464
v -40.75845306 -37.73925861 13.41958600
v 5.58858616 41.80061206 33.21151948
v 28.55472157 -36.77307382 14.25754914
v 4.58788416 35.24564481 -8.22825062
v 26.17602754 58.90651114 18.08643007
v 27.59082531 50.67176202 15.32532400
v -24.11951489 49.18525839 -8.27414140
v 37.68671024 47.79946206 -9.13658235
v 24.15585661 -3.01999228 22.67573798
v 18.95515341 46.99177510 -10.48180600
v -27.12571642 50.39170401 -7.96450525
v -29.63783007 59.85789341 17.63347740
v 36.17347036 57.56115116 -8.58615943
v -18.15718771 -3.46846265 21.10172836
v -21.36226193 -28.59196985 14.32842975
v 31.48606432 -30.02032337 14.45387772
v -27.89984244 58.95760389 -8.91515149
v 21.98410373 63.14715374 -8.58295162
v -16.54407722 73.12629522 28.85510191
v -41.87048318 -23.96373874 14.41325197
v 46.75682386 73.32605266 -10.38175339
v 33.34556550 -19.85100936 9.45765850
v -15.10284132 75.56156478 -9.54126513
v 26.34156473 0.77198408 22.65425035
v 8.93865177 80.32038148 -9.51769685
v -2.76600120 88.86119774 -8.53899401
v -1.25225642 86.48933060 -8.97642095
v 15.24330226 -18.48661203 14.89840346
v -42.83008950 -53.87613807 -8.96975508
v 12.18692163 1.29700097 22.27925959
v -42.04435551 -51.13943710 -8.86170977
v -22.80727016 -18.65637507 14.84418947
v 25.49103961 66.66913468 17.24987534
v 32.28317521 -17.39588801 13.16891329
v -4.84097235 36.46977708 -8.56695199
v 16.71452980 -16.60034304 16.05682648
v -31.30900561 47.76941694 -8.17938559
v 36.26115703 48.55050482 -8.51584322
v 16.38608206 -17.45138187 13.92578489
v 51.63105449 51.63941888 -7.19800041
v 32.10375357 55.35252281 -7.75209036
v -29.03645315 70.17657143 8.53842761
v 18.19790597 57.19019645 -8.08567373
v 22.04468726 56.25715283 -7.57649247
v 58.62790334 56.73191530 -6.62206700
v -19.64676993 -9.81343673 14.45373795
v 35.25678572 59.69733029 -7.95531036
v -26.57061324 62.91519992 -7.94492942
v -28.33690131 62.14323954 -8.18613219
v -38.75347600 -15.71126474 17.24614473
v -37.65967524 65.95093226 -7.22855243
v 17.32604364 57.45352189 33.50118208
v -18.08059440 71.59368733 -9.42734140
v 53.86504018 70.57086610 -7.34920851
v 49.73291076 72.85789784 -8.70149721
v -4.68050533 74.83269048 35.80633150
v 12.79575216 -50.51856980 29.13881655
v -12.95883645 78.87166328 -7.62890330
v -10.50232370 81.64155938 -7.96062737
v 4.21524577 84.62796559 -8.29491170
v -32.26029893 11.06790297 21.62006231
v -7.04879061 87.47804150 -8.68967988
v 2.10176552 88.19077121 -8.23619030
v -9.33679784 87.06178736 -7.49791820
v 0.76919038 89.65747023 -7.19765196
v -43.94010777 -53.22831382 -8.91971685
v -39.36680067 -3.34468008 13.33554984
v -11.44629440 -1.88839770 14.97547665
v -6.04263135 32.16699008 -8.44046249
v 6.08662078 34.09666012 -7.36168050
v -19.29797564 81.07990519 10.27559005
v 20.50552660 12.21556727 21.97801955
v 33.71522572 0.02353411 13.44297221
v -27.65207437 14.17891631 22.24281242
v -20.57607082 42.40564549 -9.95353049
v 24.17604138 70.56881540 19.76477487
v 35.69078939 47.10848173 -7.89627751
v -43.15361502 47.96764275 -7.43780862
v -24.37471005 18.01626416 21.68824837
v 21.77652614 50.66283089 -6.67668079
v -2.64321362 -5.14250552 38.19227792
v 32.15950619 51.91421149 -8.03330574
v 32.94603302 57.54032172 -7.12447434
v -38.73033559 4.92041111 12.52026373
v -49.67543497 60.74207077 -7.49393558
v 17.71827234 65.45391243 32.12279817
v 39.41828604 62.40874735 -7.48941763
v -0.95405774 7.50954324 14.17682709
v -48.34950671 64.06371334 -8.15180622
v -32.60371657 65.03254092 -7.55151948
v -40.39043906 66.35094067 -8.70191955
v -22.84918889 68.12584536 -8.67672495
v 17.41517942 28.98368553 19.23594998
v 12.96010999 75.21361753 -8.13533188
v 5.73878610 86.82053518 -7.77806695
v 23.37419002 -44.55958000 27.79069908
v -40.08784584 -52.90999035 -5.95907451
v 2.02806793 28.72106749 -8.47717692
v -5.65909589 28.92411761 -8.18107075
v 8.51633921 29.85141474 -5.46680723
v -8.43858577 34.14113565 -7.34771151
v -16.78746916 36.86680262 -8.08260865
v 31.99672005 -53.03372091 7.39605424
v -22.17853315 25.54319168 14.20889578
v -22.38574117 76.27812824 20.07458594
v 34.01322702 -53.28999461 8.96720974
v -40.11549610 48.17997134 -8.71828555
v -45.38647449 47.94271619 -8.51797174
v 23.09177611 44.10990475 21.35549818
v -47.96334889 52.11786193 -6.72733304
v -51.24268562 56.44335388 -9.11141183
v 34.54164982 58.72599531 -8.26569426
v 60.13693284 63.83274626 -6.47936045
v -25.74848783 65.84732887 -7.48829355
v -8.48087186 78.32926823 32.76053569
v -0.32631023 -5.02950083 38.24185351
v 41.45902099 66.99215042 -8.28495450
v 18.68171467 8.01129210 25.21312652
v 7.42418867 79.36814191 31.72010583
v 45.10255990 70.54100810 -8.07975353
v 25.28051208 58.17098601 22.74328181
v -5.11020847 79.92478729 32.52342356
v 10.11544093 80.08767673 -7.16068727
v -12.44358181 84.07442856 -7.69969537
v 0.47060657 -4.85918440 36.10426278
v 4.39891444 87.87523693 -7.07355600
v -24.96313381 68.52524479 22.82940367
v 32.19094876 53.83364369 14.35425120
v -41.92833387 -49.63878773 -5.87506662
v 2.38858525 27.38595768 -6.77172955
v 34.47712447 53.03332729 13.43408416
v 9.18542627 32.15959335 -4.80222045
v 33.29278965 57.80447010 13.97625955
v -19.17379932 38.03509249 -5.05929671
v -29.88586357 57.35554245 13.80230276
v -21.46466075 40.54636287 -5.07496585
v 22.82831385 -40.57295294 28.89699378
v 38.53491655 46.50745389 -7.65393218
v -10.30753803 8.36670909 24.38478505
v 26.16621465 -38.97965060 28.16807920
v -47.47097160 49.48120569 -5.79836497
v 31.37071440 48.94234641 -6.23417663
v 47.73675972 50.10555286 -7.63658134
v 13.13286534 82.20710707 20.78167514
v 26.73192764 64.87878788 15.27301269
v -29.04228888 65.66293710 14.06985812
v 24.63528647 59.69391358 -5.66803269
v -5.42871583 6.75967390 30.84700984
v 37.01150435 61.61507581 -4.55247422
v 38.64937720 60.80629153 -8.63037298
v -45.53755637 64.91279868 -7.07894339
v -50.02111249 -48.26296878 9.04509199
v -25.21624390 56.56440596 25.51176705
v -8.34230170 85.88780000 23.22081535
v 22.47889422 73.93534889 13.52656231
v -33.89273270 65.73409696 -5.96222127
v 20.67714853 66.90654361 -7.10038249
v -30.13643308 -47.37840408 7.73537031
v 47.50611283 70.78142520 -7.72597584
v 51.99949560 70.83745872 -7.37517374
v -19.65975946 71.66928179 -6.72562322
v 15.68871229 71.52467561 -7.39530847
v 11.59172020 77.77123709 -7.39847990
v -13.84973468 82.38379628 -6.64868480
v -18.68062279 80.25475981 14.05031820
v 16.81845341 82.14999164 14.74579431
v -11.00037394 86.28742107 -7.10961202
v 14.49248084 83.46627761 17.90974924
v -4.44815822 88.93567383 -7.56295149
v -43.26468209 -52.87040955 -6.24195723
v -18.27382709 82.65372394 13.17942435
v 11.11026649 85.03035042 15.75750880
v -3.06868763 -5.93850662 44.04671431
v -11.57704997 87.31086366 13.36363891
v -41.65631831 -16.61158777 11.45409007
v 2.13228390 28.82816009 33.05274371
v -34.07171334 46.45042755 -5.49215490
v -6.15549895 -6.88238159 52.43125064
v -42.16275606 48.53502400 -5.57657487
v 49.65932299 50.75668269 -7.38396608
v -23.62433767 -47.07774636 22.51458722
v -35.77456737 -48.33485860 22.36545496
v 52.23636461 53.47162553 -6.44779491
v 54.19112625 53.80884037 -6.63029719
v -46.97523629 -53.25722339 13.58886356
v -41.70463561 -53.07829433 13.42318145
v 27.11873293 -43.93701132 9.21593427
v 16.28305425 -53.23863928 17.67887324
v 23.01778126 58.58720405 -6.89670531
v -30.25141914 -53.56760783 11.72346016
v 13.59553297 -45.36179543 23.34641329
v 41.96189378 65.57605743 -6.94817240
v 28.12691215 -44.30002457 21.73792915
v 35.71897771 -52.57902577 14.89272881
v -27.33404965 -43.94308099 22.60766637
v -29.53333755 65.18244815 16.65660715
v 12.32455246 76.19202679 -6.35511623
v -15.03150304 77.24614789 -7.05832208
v -16.97794175 79.39741256 -6.24045957
v 11.33469783 79.27617025 -6.39743818
v -15.08611706 81.33096977 -6.92466163
v 8.30808227 86.29328314 -6.70373575
v -9.64816791 86.98787049 -6.29640991
v 5.61657986 88.20458773 -6.32708676
v 3.52281399 89.27995321 -6.10952673
v -6.02951024 89.42876867 -7.24968663
v 27.72791097 -53.07045271 -5.84729634
v 27.62333518 -52.04563197 -6.41493996
v -51.20909051 -51.41021988 -5.95521237
v 27.86822896 -50.63745228 -5.88264951
v 28.99113477 -52.22043857 -5.74102068
v -38.50239368 -49.30810392 -4.32585923
v -6.32274230 33.65384499 33.60117131
v -2.38029342 27.48292561 -7.06071226
v 16.13159457 38.54816566 -7.91869900
v -23.20089038 69.74502997 26.11672047
v -28.07530676 -40.33660446 8.37665575
v 34.27903631 45.87512611 -5.96728574
v -35.88900339 46.42704036 -5.69287521
v 23.09722001 62.07393940 26.43473943
v 39.24687341 45.79276936 -5.06061431
v 3.42520577 33.22290051 32.23568231
v 13.28063046 -35.74072109 20.75724021
v -27.46214844 48.26646415 -5.97085479
v 22.12400565 46.27681407 -4.19496422
v -35.42878315 -40.44594556 8.40985222
v 23.96788251 49.25305922 -5.72987189
v 29.77478456 52.54341155 -7.10419032
v 24.78611344 54.38404669 -6.61053868
v 27.81593821 55.06398923 -6.21104457
v 13.34495431 31.15995471 27.31449557
v 29.26366404 58.19507339 -5.39535197
v -27.41437105 -33.88524204 22.23721799
v 21.83239785 -42.08425908 14.09424428
v -39.07026901 -36.62693514 9.29777606
v 20.61378144 -39.93128382 14.50278587
v 24.81583340 70.52214258 16.47085901
v 52.66937833 68.92960822 -6.37901023
v -22.83502387 69.84073952 -5.67434954
v 25.80081902 -41.58873157 14.76577955
v 48.09345706 69.93564906 -6.17723560
v 55.43185138 70.56038442 -6.11641699
v 13.63614454 75.55213313 -5.44387964
v 13.52514159 80.95756600 -5.47341844
v -13.74316756 83.52157781 -5.32593715
v 10.20556713 84.51830729 -6.73159635
v -2.31799450 90.15359059 -7.02152254
v 0.36954982 20.39118704 -6.26286709
v 0.93161398 22.73561604 -5.82971313
v -0.38870718 24.50926868 -6.74301428
v -7.82026373 24.35739897 -5.39855100
v -8.56352565 29.84295701 -7.10428153
v -8.94006768 32.99244103 -6.31736535
v 13.88280324 34.28747573 -6.39285368
v 19.17801314 40.32396142 -4.59733304
v 32.44891224 47.41529323 -7.27453123
v -8.42091644 38.84446285 32.39124094
v 18.45502940 -30.98096414 7.90660769
v -13.87542139 29.93484531 28.91349414
v 43.63443518 48.54624312 -0.62416813
v 50.88173015 52.86652269 -5.23508542
v 17.01131410 -32.10627886 9.72245151
v 12.80891026 -31.23100108 14.49286071
v 28.32724557 59.04235265 -5.67094849
v -41.82347696 -26.89289032 15.23178800
v -35.24539665 -21.92340912 22.78118864
v 11.85333289 -25.50944571 14.83198074
v -43.36197028 66.55077729 -7.50812168
v 43.88341090 67.68781139 -5.95380090
v 19.63334044 68.52928696 -6.87858143
v 14.81037680 40.88557669 30.82694323
v 32.51803748 -23.02236500 21.83102830
v -20.24889125 73.00752505 -4.85951524
v -16.58048710 76.12659819 -6.27375287
v -19.12864042 76.88057997 -5.73291647
v -17.53638939 77.79938384 -5.55760867
v 31.79179198 -28.42643496 9.96138501
v -16.16108252 40.86157467 31.69244535
v 9.51186448 85.60204204 -5.04606945
v 31.88609753 -18.50025141 15.03356594
v -0.08454756 89.76172497 -5.73193445
v 30.76697075 -20.81207521 22.86817398
v 29.03358660 -52.28955031 -4.07103632
v -25.46344102 -15.71797505 14.50614680
v 3.94221706 23.71963006 -5.88051948
v 5.98046161 25.36395405 -4.80233443
v -7.40430766 27.77188829 -5.95295084
v 5.23850472 27.70680064 -5.60498577
v -11.31894368 32.33478025 -4.50384722
v 11.52673527 32.72703742 -5.84969286
v -5.26375546 -4.47308944 55.45014462
v -38.82264935 -13.70120704 14.91236043
v -29.79279393 47.02917098 -5.32700264
v -37.34372402 47.19338749 -6.72991267
v 16.28832461 75.93601970 27.29459921
v 28.04336752 48.17968599 -4.98224051
v 26.70523111 52.08267092 -5.92544042
v 30.93145640 59.35755031 -6.89358681
v 21.59374023 65.95679282 -7.63736567
v -39.65797759 -52.98535991 18.25762225
v 58.46575976 68.13171639 -4.92313362
v -23.73245389 -20.96616813 18.14702705
v 33.08301287 -21.29061842 7.66981916
v -21.62750536 75.02881715 -4.66978189
v 7.04938902 44.19599813 35.98161450
v -15.19688836 82.44029443 -4.88711552
v 12.59737326 81.84681507 -6.36413546
v -8.07190393 88.95904607 -5.54067272
v -4.53618101 89.50622708 -5.46041920
v -51.40114620 -53.63764636 -6.30977761
v -42.95527105 -51.34894802 -5.35190726
v -39.90403137 -52.22452371 -6.84535245
v 33.88456686 -4.54361362 12.73561960
v 16.78034383 -52.74653567 23.61930608
v -0.26021858 17.97086863 -4.67521207
v -5.56084028 20.23364448 -5.20799852
v -21.09446492 56.54670702 31.91924138
v -6.06817375 22.80730707 -4.84168503
v 7.11767760 27.71230654 -2.69908256
v 19.29928453 -13.32577185 19.08753343
v 8.90681127 46.95476121 35.97845904
v 13.99742284 33.10484632 -3.81835679
v -16.93870822 1.19349518 23.13994874
v -6.72520337 -9.76534004 56.54004730
v -23.99215005 44.24729508 -2.99926741
v -31.07599665 1.47037309 23.00631599
v 26.26462852 47.65946804 -4.04168034
v 48.78592381 51.40490408 -6.29778869
v -14.58451311 81.42643482 24.55638113
v -48.68413512 55.19722914 -4.92801183
v -31.66447912 4.82122568 22.49110333
v 35.53318130 -53.99217793 11.02982803
v -47.52866678 62.88209693 -3.35747202
v -19.35495806 64.07921696 32.39406887
v -40.76178814 66.21005060 -5.61020052
v -37.62790430 66.38164442 -5.18176841
v -0.16343975 58.77101735 38.26085220
v 43.25895904 66.04391172 -4.82564998
v -38.13361140 3.40871873 14.68995805
v -25.49727544 69.05292693 -5.16738938
v 18.90738959 69.41727133 -2.40440813
v 32.80586017 -10.74109718 8.34012666
v 15.49523707 73.57781493 -4.57220573
v -36.05971189 10.16621185 15.95836473
v -13.96020630 82.68936442 -3.84273070
v -11.67580521 85.39332110 -4.10093219
v -11.12402764 86.69107376 -5.58359410
v 5.09105156 9.73769956 26.39501082
v -8.50662781 87.82085148 -4.34494142
v 6.37612871 88.16096334 -4.50622386
v -2.77206152 89.98903330 -4.94995092
v -52.35464458 -53.64001033 -5.18420577
v -16.72102359 70.71340786 32.13919623
v -48.92144072 -52.91319065 -4.87278870
v -22.38938679 -10.62402081 9.58524093
v -43.73737153 -51.88600997 -4.80160770
v -51.20227290 -50.10696981 -3.43655464
v 28.10075535 -50.31439042 -4.94554474
v 25.51903288 8.20364603 23.60684673
v -2.49280987 16.15885358 -4.90274353
v 2.85277307 15.25555354 -3.40966422
v 4.06024961 19.41781908 -4.38156996
v -27.97973666 17.71293093 13.61323655
v 25.47289270 11.49105280 21.40457916
v -9.35024610 29.09803678 -4.91245423
v -15.50264901 33.88185281 -4.63028693
v 30.32120303 -5.67906181 17.33135118
v -15.22783059 71.99585714 31.69617901
v -20.77890898 38.63231768 -4.48122042
v 19.15298906 11.05702849 23.24311619
v -34.01417139 5.67047915 21.00562788
v 33.36446718 45.78484277 -4.21190904
v 35.17025443 -5.16833223 8.81689368
v 31.90823922 45.43566025 -3.50660441
v -32.19626862 46.20325446 -3.06671980
v -24.26983008 47.57480466 -6.75304291
v -18.38121537 -6.24493340 9.38622798
v -40.47554312 47.52153137 -5.17375362
v -8.91976144 82.54074384 27.47757559
v -47.14810752 49.51642072 -4.54254593
v -48.37791290 51.75670114 -3.01656801
v 51.70069435 55.77168276 -3.97239163
v 27.68229912 62.05284444 -3.75760676
v 32.21403393 60.19480636 -6.76746550
v 14.84468859 -49.44399209 17.98156100
v -28.21875783 66.27617977 -3.38145067
v 56.02833699 67.95228874 -3.67543761
v -23.96199332 70.79601772 -2.86673607
v -22.68131675 74.02320849 -3.39304402
v 0.08424924 -2.57916642 49.22990693
v 15.43198981 76.87850295 -5.12355711
v 15.10732347 79.50998213 -5.58553524
v 15.48633800 80.02862615 -3.50770252
v 12.89776354 82.27913241 -2.90651399
v 11.11080946 84.63105973 -4.52066125
v 4.35147267 88.27170766 -4.51832717
v -7.21333243 84.62901033 26.20926141
v -8.85126819 8.67475032 26.09216899
v -19.59592075 19.14916096 23.87391650
v -41.81563832 -53.34996283 -4.90368881
v -9.40393541 78.11641729 31.75901999
v -35.92526116 -50.56282287 -1.42461212
v -20.30152143 79.58962533 15.73195784
v 15.70764483 22.97879834 22.38413433
v -4.57597582 84.85904176 25.58985441
v 8.71597253 60.00167165 38.15690285
v 3.04769100 17.34045055 -3.25583590
v -5.80889318 18.00032717 -3.60832296
v 4.80153192 21.98595541 -3.71656544
v -7.43497241 22.41889446 -3.39058353
v 34.87748889 -0.07947715 9.77019267
v -0.21314515 85.04390693 26.33189839
v 30.33427305 46.27184348 -4.85073916
v -29.43348617 59.16574417 14.27327886
v 31.58417071 57.55023481 14.65464805
v -45.64906805 49.35700899 -4.28212323
v -49.03789379 52.95724223 -3.65545952
v -17.73032649 35.14070177 23.51620000
v 49.31414310 54.32161458 -3.87223190
v -48.08253604 60.06525558 -4.92510930
v -10.61544994 2.82353716 9.22371627
v -6.44132058 -4.08478881 53.87325177
v -6.08157322 -1.98696284 38.38127819
v -30.61193830 62.96600097 14.69353130
v -45.57512339 65.48691651 -4.74677160
v 44.02903147 64.43323663 -3.35850682
v -2.39562046 -2.15225393 32.56488630
v 25.29845442 70.04367364 14.86713023
v 21.64132268 67.45437388 -4.93958113
v 49.49223469 68.93980484 -5.68865138
v -26.62057237 68.18548747 -3.38431783
v 51.41218587 67.34171864 -4.33007549
v -7.16426958 11.93668489 27.96424053
v -22.39308865 71.63836248 -3.41085454
v 0.45183829 -2.10249071 32.67344130
v 5.08998065 3.15809350 7.60250137
v -21.41273439 76.07417609 -3.27774245
v -19.09063326 78.13036008 -4.12614384
v 16.77929910 77.62844769 -3.63320848
v -17.58940705 78.98440279 -4.33628427
v -2.79712675 0.87971566 44.84125831
v -5.82999995 88.77386499 -4.05898330
v 2.23725911 89.55654607 -4.20827676
v -24.06051395 75.45669985 13.98081725
v 24.00157777 50.09236713 21.69883937
v -48.28776875 -51.33132806 -4.87017445
v 23.74090930 52.59179292 22.86795307
v -40.09531104 -48.66021170 -4.73937422
v -0.61462525 11.36184214 -3.42693015
v -0.16272613 14.16857543 -3.56513738
v -6.48685252 15.72486483 -3.42450790
v -7.12340827 20.07159160 -4.18683336
v 18.12662690 38.93198829 -5.47641295
v 20.45533301 41.88146007 -5.33523733
v -23.01289494 42.27352456 -5.74877926
v -38.37041944 5.71229711 8.63348402
v 36.69396820 45.66603242 -4.40811308
v 32.14779909 9.09079159 10.31180602
v 40.97984084 45.94903042 -2.93501181
v -40.14150305 47.93627687 -2.01391525
v 16.32432882 80.87893079 16.32316873
v 42.18544862 47.40482877 -2.98759572
v -44.06896100 50.44880431 -1.89417952
v 0.07842564 27.99019185 32.60129712
v 23.19342909 68.84718935 23.27474134
v -6.29151228 0.76379354 34.36572374
v -1.03798746 26.66245877 32.69695216
v 22.39433190 72.17223336 22.32881714
v 33.39147300 62.47963783 -3.81325000
v 40.39506062 63.26904775 -5.13111199
v 19.61554799 -53.03010979 26.56643020
v 23.79895603 64.41338945 -4.23777826
v -31.23886566 65.78319526 -3.58112122
v 49.27330184 65.49780626 -3.21484464
v 51.45266876 65.06343522 -1.96907939
v -1.09356990 90.15399634 14.21810623
v -41.43099396 -53.51806036 15.88802151
v 18.32085268 75.71629366 -3.62515476
v -43.85974359 -52.78530346 15.57807371
v -15.07537007 81.03618734 -3.14918878
v -1.54622353 29.41450334 33.08979194
v 9.31505865 84.78598715 -3.16480927
v -9.42513471 88.27907794 -2.85921125
v 5.34721006 31.89214454 33.07619459
v -12.10131101 57.78214800 36.89559737
v 11.26353119 83.48896855 21.80540013
v -25.48027720 -51.83529523 14.81886825
v -5.83175160 14.12369410 -2.52991113
v -3.14231523 14.27192276 -3.49994900
v 5.96339803 23.34743993 -2.82266428
v 16.37477657 -52.60700567 15.44169270
v -10.61482506 46.95738767 36.84837483
v -4.63501013 35.42982474 34.05013526
v 8.72031003 28.36758308 -2.99748616
v 12.25159099 19.16942298 25.41417434
v -26.74546250 46.42236787 -1.91873954
v -30.90209967 45.96503973 -1.73999892
v 28.37736693 46.77619908 -4.58421866
v 4.29387040 86.97307993 22.42260874
v -1.26184787 30.71534576 32.22172882
v -27.92772952 46.97948838 -2.74331051
v -42.53745915 48.78388028 -2.09100836
v -46.90963490 52.15461017 -2.21013481
v 2.80465438 46.71211689 37.62092184
v -29.31174475 -53.72502592 24.29872790
v -49.00091608 58.67260328 -2.38320608
v 34.68109233 -47.31878483 14.90107461
v -43.25359684 -48.11497082 15.75008489
v 10.23166197 86.29008476 17.83192542
v 56.98376069 61.09403711 -3.60209627
v -43.19780909 64.93769144 -2.92870297
v -39.56116489 65.65093515 -2.86032259
v 46.91724675 67.13123879 -3.83278814
v -33.59839059 -53.05133864 23.88938022
v -20.72806620 26.20714950 8.58643211
v -12.02958751 35.35019787 31.64991650
v -4.28650890 36.98864463 32.90432720
v 17.15003542 27.09824619 10.53535161
v -24.60650563 73.36487224 -2.93980513
v -24.50129365 -41.63683350 15.10727668
v -1.92227469 48.75372599 38.27678111
v 28.33860653 -51.03517372 22.54713746
v -19.47979622 77.45979958 -1.84769960
v -16.38376460 80.18892243 -3.10586815
v -0.46238913 48.05037032 35.28419101
v 8.41251861 86.16747962 -3.03891565
v -2.03706237 88.97666221 -3.62432869
v 14.15145517 -39.71611517 19.90381064
v 35.28951735 -52.78232059 -3.07434023
v -34.98858388 -49.73155303 23.34806730
v 28.84397148 -51.56268618 -2.68238585
v 17.74736501 31.71397384 10.47098063
v -40.29176759 -48.54326759 -3.69544661
v -40.06776499 -10.30712458 -2.66269978
v -37.90146443 -12.89773299 -2.35837503
v -36.70391443 -8.01812274 -3.39272903
v 27.35028640 -38.84344347 14.36645664
v 19.33257536 36.15022508 8.03348861
v 28.86840814 -38.48957391 14.66337638
v -30.57091733 -1.46125314 -2.71907882
v -22.16704691 -35.49330123 14.48340472
v 6.35201264 64.07160180 38.31764970
v 2.14614047 11.01946603 -1.79784091
v 2.34316795 13.43322982 -2.13859213
v -30.11172715 -43.99939773 23.22357934
v 5.40902727 21.20083283 -2.29246272
v -31.31302421 -42.79785934 22.83880448
v 11.53548468 31.92918695 -2.79582348
v -16.81064950 35.02219857 -2.18391478
v -18.89020183 36.28762784 -3.05904077
v 14.42019454 -36.15013225 15.50890659
v -20.65826607 38.25834972 -2.51072586
v 35.55619284 44.83585942 -3.14289182
v -28.95473430 -40.26634701 22.69169887
v 39.51673145 45.37496936 -0.39945175
v -15.18194687 19.65774684 26.23512006
v 51.19622778 57.83140938 -2.89046594
v 38.70328354 62.43237067 -0.66477056
v -32.82352705 -37.92856391 23.26448936
v -37.42946272 66.10782178 -2.58963711
v 19.97313229 68.97684592 -2.50005685
v 13.88743511 79.87682886 -2.14566730
v -14.67749480 82.78059864 -2.61480708
v -11.98210228 85.96564543 -2.94085731
v 4.12125688 87.75582156 -2.89134944
v 2.26505672 88.65751839 -3.09628289
v -40.31921107 -53.73919288 0.27396948
v 10.44637534 20.66222816 28.13193751
v -42.38370498 -51.92276983 -1.83028644
v -32.84967441 -35.43756243 23.06433887
v -34.43394173 -12.31584305 -1.33000462
v 37.07488184 48.26432159 9.40088213
v 23.32645756 -9.08523652 -1.81085928
v 27.42457619 -7.57950400 -2.61078455
v -33.66614286 -7.87603302 -1.87331129
v 15.49285674 24.28042280 23.87682873
v -34.75298966 -5.73300826 -1.83354691
v 24.92388869 -5.72307156 -2.41071801
v -33.14263641 -4.82313522 -2.74940066
v -32.04762399 -2.11412500 -2.45970657
v -29.83261618 -32.90347761 23.05713291
v 21.31957286 -0.98917341 -2.40465921
v 25.76890519 -2.89525493 -2.86124814
v -35.57383059 -2.53950257 -2.07456170
v 31.83238412 -32.83224353 21.58954620
v -34.15970347 -0.54957107 -2.54632702
v 25.21396668 -0.84404656 -2.47416678
v -31.52866002 1.06934365 -2.21851847
v 24.13442344 1.15077349 -2.64031944
v -29.04299327 0.47561305 -2.59372135
v -26.97293819 -14.20771979 15.14568905
v -33.49581799 -32.66582519 23.05444458
v -25.81869906 3.19990314 -2.16805553
v 5.91771229 43.08841286 35.27336386
v -8.18343231 16.71729849 -1.42488152
v 8.82843977 41.57680120 33.85185052
v -8.86420335 22.73414452 -2.13923550
v -22.69341410 -34.08545989 17.49720104
v -8.99082216 27.87452648 -3.36930916
v -25.49930864 -12.96754660 14.10137580
v 11.71582264 42.50037482 32.78191662
v -23.68186806 42.46136411 -2.48223804
v -37.15015947 52.71595500 9.24619489
v -24.13096478 -11.45740533 14.51758554
v -34.21173058 45.88885558 -3.58829706
v -38.01385537 46.65870082 -2.25538598
v -30.84071453 -28.21856260 23.06100089
v -39.49552650 55.10864986 8.24752767
v -34.91319871 -9.92146534 15.45449518
v 53.48213534 57.79153706 -2.50274117
v -33.27390207 -30.09128874 23.04056359
v 18.16550712 -40.22106491 29.08238606
v 30.84469568 3.97974117 18.38470320
v 44.30642455 62.84141996 -1.28041098
v 42.01990595 64.16965826 -3.15017310
v 28.40971083 -36.43849514 26.65531328
v 47.16485984 64.54397479 -2.50379757
v -17.70024188 45.96634977 32.76599505
v -40.27452813 65.07880315 -1.05637408
v 24.98963665 64.56684355 -3.08741548
v 13.93016239 46.99601272 33.04182339
v 20.22967299 74.28611684 -1.17397228
v 16.27687843 77.25552215 -1.81258302
v 31.21251540 -25.63229016 23.53106993
v -27.04576532 -17.51143650 18.95635547
v -33.35299741 -27.25760260 23.23602610
v -30.59738821 -25.55436105 22.94768352
v -14.66067818 -4.85852853 14.83738623
v 29.86183003 -23.76454850 24.90025694
v 35.86939576 -54.13088062 -3.00027199
v 14.74030712 -26.04667094 23.37539608
v -12.00566552 53.10401539 36.95119590
v 35.05625541 -49.54394446 -0.70905831
v 36.58404341 -52.56575731 -3.10943258
v -50.10912897 -49.20493482 -3.90794252
v -37.03592052 -48.20693893 -1.39049022
v 16.66122855 -21.49747940 23.09791690
v 8.85157941 -1.61506659 14.85551919
v 24.58066129 -10.38274747 -1.31076170
v 19.04366228 -18.90474483 23.07035070
v -40.06980268 -6.81168901 -2.16968016
v 36.40317031 61.40118542 9.40771024
v -16.66328493 25.37597547 26.03404164
v 28.80685814 -5.42081963 -2.21302759
v 26.12504478 -19.65767033 24.86715865
v -28.66629551 -5.62914564 -2.01943112
v 28.28560257 -2.45092715 -2.41117428
v 32.92069372 64.73741469 6.94252144
v -28.48717057 -2.66905864 -2.26610686
v -21.47567350 55.13097010 32.28859891
v -28.93678176 64.63258293 8.05068104
v -26.10714390 -0.47321438 -2.07226965
v -34.92577275 2.04807252 -1.16217985
v 22.36554690 2.92248373 -2.02667708
v -19.71492526 54.72760893 33.28662955
v -23.63583145 -3.16297401 23.09912556
v 32.13987771 -31.24898190 18.09650352
v -2.52034949 8.53760762 -1.65936503
v -5.70089800 11.67736352 -2.90487794
v -19.80687002 -1.50025691 23.46844565
v -19.29645953 57.09672448 33.01980980
v -21.76693256 59.08348133 32.36646918
v -7.93839464 19.89511277 -2.20539173
v -15.13601405 32.14021309 -1.27450282
v -36.85488273 8.59542999 14.33852298
v 19.48250498 37.91848139 1.60491678
v -1.06741105 55.95400737 39.48213430
v 30.07592626 44.99804621 -1.30913934
v 25.55183722 46.78067938 -3.01974080
v -24.01332100 -30.43591205 19.59670145
v 30.03124671 11.50211753 16.33373463
v -15.82715340 0.00281978 22.34945160
v 19.80007772 76.01218625 8.84175670
v 53.39522993 59.90460611 -1.70481625
v 55.23049265 65.25126585 -2.22058979
v -29.32492834 65.85438134 -3.14821306
v -25.55580442 69.91795057 -1.50407604
v 20.28902303 72.36902278 -2.36241806
v -26.25986929 72.20536114 -1.69401485
v -19.98451113 76.26519735 -1.59377835
v 10.18948949 84.42666754 -2.60103809
v -10.35995660 86.07778592 -3.80170467
v 9.28030415 86.23449949 -1.99060246
v -2.47193774 89.58700112 -2.48120529
v 2.24636553 89.42962500 -2.09143681
v -46.79239132 -53.42924672 2.25899602
v 37.26191435 -53.36500935 -2.35276405
v -49.23443092 -53.03141042 0.40673533
v 34.68635120 -53.19291295 16.95960370
v -41.44117512 -50.21233112 -0.78614635
v 19.28058996 29.55269400 13.13264472
v -46.32005918 -49.02156983 -2.24756269
v 29.43040243 -17.27202468 -0.93062404
v 14.01858806 68.27182939 34.19119882
v 31.19189018 -14.65925663 -1.67621128
v 18.50461578 35.00666232 13.16940320
v 28.86966200 -13.58573206 -1.71598302
v -40.34277728 -13.64479287 -1.31750684
v 15.86932767 70.38550187 31.17395092
v -21.24421788 37.81716487 16.47175676
v 16.21840384 -29.54081864 26.22365040
v -30.05435566 -8.38586384 -1.39615677
v -24.14093005 41.46189258 15.61616937
v 20.07280207 -5.02922731 -1.88834613
v -11.48154524 70.35799590 34.39543206
v 14.67573022 33.03933284 27.06132610
v 18.51086510 1.32941940 -1.64714770
v 26.80880712 1.77680878 -1.80006419
v -32.21265132 2.59796658 -2.18941968
v -22.64729537 2.68582215 -1.68270536
v -5.93415139 7.20596887 22.76786258
v -23.38744759 6.42903775 -1.74915997
v -29.58657330 8.37526273 24.07725566
v -30.46479410 7.54689115 -0.63356313
v -25.75721326 5.46074135 -1.72299329
v 9.09577381 75.43408343 32.48213591
v -2.12380689 10.15181213 -1.98642572
v 23.37551374 10.64390084 23.32212422
v -28.78545264 52.64530402 14.70647415
v 4.44216398 15.05924318 -1.43259342
v 4.60719677 17.52042337 -1.72878193
v -11.89056662 23.33415835 -1.71050891
v 12.32235296 -27.01514902 18.15971317
v -11.83866691 28.50010836 -1.53292054
v -14.82657929 30.01930327 -0.25399996
v -29.37258252 56.41995304 14.45472538
v -20.28213071 35.52422823 -1.27238576
v -30.41223181 58.82649772 16.48612402
v -48.53078556 58.60175463 -1.45946344
v -47.33245082 62.47144054 -2.05986822
v 49.00885364 60.47701768 -1.50075615
v 47.58263236 62.74089585 -2.12438704
v 49.01148858 62.32808379 -1.68560282
v -45.65864112 62.14057706 -1.20669932
v 28.81178806 -25.54553513 26.04699980
v 50.69622978 63.06877892 -1.19519976
v 9.96676329 55.17313616 36.97039321
v 15.40333933 20.37358389 24.34468786
v 23.56320360 67.95896690 1.69726552
v -25.50373884 73.13741538 14.36571230
v 19.10585276 70.23411219 -1.69520645
v 22.96166687 74.72997358 15.66657892
v 12.32315950 83.54805591 2.41284170
v 20.68918558 77.10464719 11.81500210
v 1.28219161 66.14267743 38.68982853
v 33.65465782 -53.87387442 1.26047363
v 19.28088022 79.15611788 15.63479332
v -34.52952750 -51.52629229 -0.70905504
v -1.14139715 -7.15483738 51.47453710
v -19.00272231 81.74542215 16.32096347
v -47.99626121 -47.96532528 -2.15675124
v -36.83181312 -17.70892522 -0.97626710
v -19.02107842 28.53656708 22.91604615
v 20.62291883 -24.87370543 26.53895933
v 31.78333215 -11.28506700 -0.92160702
v 25.02849698 -11.66550729 -1.30215977
v -16.04652023 83.95208915 14.80744607
v 28.32369584 -10.88650030 -0.75331983
v -14.06994579 31.84040812 28.24062448
v 31.20115514 -6.31387438 -0.82287331
v -3.82387997 -8.01242315 57.56177640
v 27.23065911 -22.69725762 25.98609890
v -37.69717056 -3.57381595 -0.56879926
v 21.81780676 39.52870094 21.96966741
v 30.70202238 -3.57405974 -0.79610361
v 16.78664814 -1.60354793 -1.02477190
v 28.04167608 -0.24953254 -1.42059153
v 9.24130199 87.39317840 14.08424169
v -36.24244469 0.37380877 -1.28381209
v 23.98297993 -24.91326303 27.16298525
v 18.81776219 4.36801279 -1.77718065
v 11.04122655 36.53274006 28.41245222
v 25.47657498 3.83226842 -1.52534302
v -21.59846106 5.16359945 -1.28843027
v 11.84734089 37.29745736 28.03240343
v -50.21096535 -50.25306878 9.88940315
v -24.80739016 43.94574657 21.57015614
v -25.84342648 7.59403653 -1.46167418
v -4.94221644 10.04194525 -1.02549624
v -27.47144895 47.17973632 18.60168922
v -7.32387236 12.34574867 -0.69406680
v 32.78549669 -48.30900874 9.39006336
v 11.56146528 17.11718272 -0.69079455
v -13.68029372 20.97371633 -0.95250180
v 8.88219777 20.04780422 -1.46004337
v 24.54475033 54.57802592 23.99204902
v -28.58861111 57.34975210 22.59734322
v 17.40866938 35.92969470 -1.80172611
v 18.34929946 37.16459052 0.80805191
v 33.99073970 44.97456213 -2.23367896
v -34.61999125 45.71698303 -0.88758376
v -44.01201234 51.53548371 0.56432654
v 44.77642609 51.43243058 1.45510176
v -45.87448542 -50.60283018 14.68879060
v 45.22879176 61.08040558 -0.41035326
v -44.10252786 61.81554578 -0.37630335
v 34.59243049 62.59587558 -2.61109339
v 30.63654267 63.15574842 -2.15563311
v -24.58568377 74.31507665 -1.85880373
v -23.06225536 74.72272012 -1.16143401
v 4.07739805 32.63390078 33.17575816
v -16.01728500 80.94719597 0.72047786
v 5.73408369 88.24043854 -1.41680971
v -13.53338970 52.35978423 37.04213010
v -3.85302846 88.80206774 -1.95855868
v 16.75715879 -47.42435747 14.99644360
v -36.29879242 -52.61780397 -0.61106060
v 25.96977973 -52.03951869 -3.63804030
v 36.42610890 -50.89630396 -0.95085903
v -41.03477074 -49.00608859 1.03966067
v -21.27324677 74.18008041 24.86349711
v -35.93860556 -47.20149454 -1.05251324
v -34.08121702 -19.32178751 -0.73434776
v -35.39410663 -18.37042572 -0.59662626
v -6.48252855 -3.48741758 51.49518123
v 15.09850994 79.74856490 24.06457594
v -1.26084729 2.41148095 26.32724550
v 29.46466348 -44.21030411 15.96996247
v 28.24666175 -12.11386383 -0.83397276
v -42.10923917 -10.97553746 -0.57127454
v -26.68012076 -8.23330099 19.33747260
v 6.19590153 35.58748779 33.49432979
v 9.00261054 84.03916285 23.15490431
v 21.15868709 -7.51475229 -1.16513067
v -23.66999428 -6.36397225 -0.14452487
v 27.80628715 -40.29974070 15.85164158
v -2.28219671 66.26114030 38.93483802
v -25.55465001 -3.96570378 -1.41134631
v 6.91301924 85.99935347 22.97609826
v -23.58172655 -2.30537108 -1.23924072
v 30.33033648 -0.21880540 -0.22016491
v 29.02934283 1.65977081 -0.69345855
v -5.71802999 37.64211845 32.98681977
v 16.89832530 6.05378384 -0.74378966
v -20.53398880 6.49908827 -0.33418371
v -21.72186130 8.21234560 -0.68101256
v -22.05518902 -33.48358134 15.44062268
v 21.07241883 7.34327131 -1.00758190
v -11.29863716 0.70966002 19.31354189
v 0.95364519 9.48969478 -0.45134623
v -23.47901106 9.99012544 -0.15130663
v 6.37953940 13.57380715 -0.42531854
v -13.99390688 17.45236971 -0.34178143
v -14.46788198 19.61221281 -0.24962562
v 8.22711252 23.37830079 -1.26964595
v 30.88430165 -31.83814664 15.12638951
v 9.34472570 24.04337750 0.27025578
v 26.81828292 -51.77371466 23.68318258
v 11.80409618 27.93353697 0.63615603
v 32.69543712 -30.28912219 16.26237587
v 33.08333158 -27.44736869 16.57337552
v -22.84002032 39.57051335 -1.33623608
v -22.83605987 -51.21011469 22.65280568
v 12.46954270 -50.50406875 23.29244929
v -5.26216189 4.40851326 27.89392139
v 27.52956289 -48.64251973 23.75639360
v 25.17088039 45.01519958 0.60298579
v 42.12076158 45.98171895 -0.48221527
v -42.41767919 50.77258163 1.62270481
v -6.45978252 42.44226473 34.36330282
v 48.71895783 55.91399743 -2.30014851
v -48.63856505 55.00399869 -1.85446486
v 33.26884454 -24.15138098 16.25269364
v 41.29535742 63.37338294 -1.50039541
v -34.03582017 66.42232943 -0.55453134
v 28.31774163 -46.24220221 23.58695479
v -26.53953900 70.78245700 -0.49274515
v 29.63234938 -17.12092546 19.37269059
v 18.95157099 73.98927089 0.40056894
v 18.13514013 75.63774368 -0.85526175
v 15.39654076 78.97511980 -1.82781600
v 13.83666202 81.99338432 -1.25604270
v 9.89423098 57.21178561 36.59588895
v 18.56451666 -33.97247810 10.08169219
v 36.81322079 -54.01033143 -2.01568381
v -29.44878176 -45.55643772 24.59393702
v -5.84410038 8.29738544 28.73621524
v 24.97425663 -48.47207781 -1.16272086
v -40.56903297 -4.09863093 9.89774280
v -18.15360214 72.94203514 28.12712217
v -38.66955315 -47.05449437 -0.62516877
v -34.40027713 -48.16918483 0.09618614
v -36.73565489 -20.31680641 0.10474068
v -31.89892017 -17.32457096 -0.90632758
v 26.75718727 -15.63789912 -0.38674007
v 26.49713970 -40.49121061 26.27329211
v -36.12622048 -15.90478288 -0.18634837
v -33.48767930 -18.08841709 -0.60721940
v -37.45142996 -15.43537516 -0.14141980
v 33.48747071 -14.95224834 0.36097598
v 33.78852615 -52.03974757 17.08572718
v 24.79867569 -13.10774742 -0.39705790
v 21.03145790 -12.64432830 0.08952395
v -13.91124275 58.07475094 36.52697037
v 14.00888441 -39.56708754 23.06522603
v 20.31973247 -10.54789006 -0.05560015
v -26.52589301 -11.69187221 15.12218931
v 29.71967258 -9.96686831 -0.50999277
v -22.62161502 45.05921667 26.64691441
v -29.87261225 -38.10887581 23.32585284
v 13.03910742 56.83490286 35.73409012
v 30.78948569 -30.90875539 24.14065061
v -22.63501605 -8.19864156 18.16718922
v -34.97573598 3.60641015 -0.77873114
v 15.60256567 2.74283299 -0.80734036
v 14.65087487 -31.97205677 25.03667269
v -33.23154637 4.34824697 -0.94609761
v 14.35950811 -8.95981211 15.41893395
v 23.43899924 8.41458756 0.04574498
v -27.30615160 10.64173339 0.04555215
v -28.02053837 -51.63261777 10.95466964
v 2.63285349 -2.46754676 39.09678178
v 8.71110224 12.24288491 -0.66380297
v 3.34232560 12.38708893 -0.21338123
v -7.18124859 8.43277285 25.66990952
v 11.36262668 -2.77709717 17.47685589
v 20.46260568 -18.63419755 23.11594042
v 33.18281732 -24.28266875 9.93066646
v -13.40547969 -3.08362513 15.21456739
v 30.79137654 44.69280037 1.39934004
v -36.39420266 46.29798485 1.27660601
v -40.09017631 47.60751549 0.66863861
v 7.95835088 11.21707927 26.93649492
v 7.99332423 0.42933832 15.62014325
v 34.44379357 -22.05102794 9.84713506
v 22.00123965 -3.88471235 22.87133780
v 47.37644032 58.29117534 -0.80436362
v 35.64971158 63.36342002 0.50594447
v -38.35148798 65.57027682 0.59630743
v -26.78347771 69.11903873 -0.22615929
v 20.92371885 71.36100668 -0.87094233
v 7.24321095 1.74089200 15.18354039
v 19.33008252 -1.89083468 23.11001197
v -17.86278358 77.73600431 0.64873926
v -14.72802895 82.87094904 1.04522589
v 4.26279772 88.64400867 3.02899656
v -37.18289977 -43.57597700 19.90088579
v -42.51449018 -51.39197140 -0.06331226
v 16.60730680 -18.59255796 9.99783841
v 31.46267853 -51.79399427 -0.20428696
v 23.38871609 -50.44909871 -0.43950718
v 24.71141983 0.33655489 23.46261299
v -47.23442454 -46.85528446 0.83221981
v -34.89783618 -46.19501657 0.92243166
v -20.37512041 62.51487743 32.48140636
v -38.87597446 -17.80741129 0.67432237
v -42.63664996 -17.57366824 9.58015013
v -39.98432373 -15.61517716 1.37541884
v -31.43732819 -14.97515802 -0.09256481
v 13.94169573 -0.08331884 22.64970620
v 28.95276486 -13.62635655 17.18686552
v 18.69170145 -10.05182642 0.71971494
v -27.13352787 0.83538290 24.05584124
v 18.70363967 -8.05499193 -0.01648412
v 31.64856364 -9.46700891 1.09027310
v -42.01720885 -6.96758937 0.20230177
v -26.12609894 -7.78713929 -0.47629944
v -21.46984206 -4.53594324 0.47317012
v 17.86024125 -3.41567423 -0.85701832
v 32.65993497 -17.79256058 10.96256982
v -30.41690667 -6.32239666 19.75862670
v -19.26529705 -2.66134659 0.75445481
v 14.73182245 0.87885600 -0.36468553
v -19.50453849 0.86058530 0.01377507
v 39.60912082 -50.04662362 8.22527999
v -37.64288633 1.63293835 0.31810386
v -40.30319638 -19.04142329 18.19431681
v 27.13498332 5.36383391 0.03613565
v 13.12256192 3.85786549 0.24814252
v 13.67866393 5.92298569 0.06262353
v -1.79537017 5.50264834 1.28805024
v 10.38611172 17.16692874 26.33135794
v 12.04644065 3.05424400 22.53024002
v -29.85373197 9.10664149 0.44871795
v 19.08283284 9.04777791 -0.63017963
v 3.51544404 9.99690793 1.37594419
v 15.87802320 10.13460352 0.64777963
v -13.87819539 16.04431733 0.32795555
v 15.84109274 -12.87389689 8.34804414
v -11.30122141 4.03995105 21.82254739
v -25.44047378 59.03533455 27.53416527
v 4.66072730 6.70510807 24.28300365
v 11.53734741 18.10098842 -0.22571029
v 18.20005927 -11.15017491 18.34842002
v 3.97347804 5.91075855 21.90021997
v -15.27343798 73.49900901 31.48448943
v 15.27740199 33.81294290 -0.11402088
v 22.66157161 44.21319936 -0.49432790
v 33.14056395 44.48666312 -0.42064998
v 35.71741475 44.84770933 0.52655485
v 8.83911908 74.71665696 34.27081868
v -32.09666274 45.42843233 0.00059052
v -45.33849242 54.71574231 0.13995666
v -8.72271751 8.49095364 23.58455657
v 45.78722288 56.21074381 2.25784258
v -42.76494294 62.67685378 0.59583618
v -35.84028680 7.90512223 17.72065100
v 29.11805891 64.94759164 1.83071166
v 21.49857159 9.60113495 24.38200747
v 22.80187389 70.52873353 -0.16869668
v 21.73079548 68.89459958 0.01280114
v -26.25099430 72.19527487 0.46038421
v 23.01246222 72.09907775 0.51490824
v -24.62656434 72.81161212 1.67256617
v -23.74334329 74.33582305 0.97376281
v 14.32648185 79.71159796 -0.11796551
v 31.42953387 53.06133563 14.86878529
v -29.17406774 54.75806323 16.83865582
v -27.31153206 11.01903252 24.56953253
v -43.59456172 -52.71058579 1.43901952
v 23.28157496 -51.76562671 0.16730154
v 26.16347178 -52.59599183 1.11069567
v -32.97679672 -52.21820293 1.65006983
v -43.16634891 -50.91959491 -0.14022180
v 32.98858587 -49.57127708 -0.46487505
v -11.64007317 10.15172052 25.79334945
v 7.37097123 77.18241150 33.00021692
v 26.84083466 -10.45476630 18.52203752
v -33.51574369 -21.12717725 0.19469137
v -29.71088934 -19.97857994 0.38765030
v -31.78593284 -19.69199763 0.63695284
v -30.56498861 -17.99535944 0.73804862
v -30.82107180 -15.80206305 0.46098593
v -42.52607832 -12.62805970 1.40510986
v 0.00407930 81.36221388 31.46723510
v -27.53356894 71.43007173 15.35583218
v -39.46761720 -4.86757165 -1.23692560
v 33.14713604 -4.40446054 1.56809085
v -49.95905133 -52.84365882 9.61109658
v 31.52204959 0.54697762 1.55814806
v -37.64396923 4.52029273 2.24305835
v -17.58520840 3.59218980 0.51440488
v -27.98270952 -48.51526653 10.46200179
v 30.00750674 4.75031890 2.00944647
v -35.77918364 5.90854977 1.46480031
v -16.81949382 59.55497287 35.90359705
v -1.33860149 50.33718638 38.92488200
v -33.86013038 6.56377905 0.40598263
v -24.06900763 -46.71306997 16.83945044
v -30.94783137 8.72623047 1.07649491
v -6.51750571 9.72258261 1.03955372
v 11.68708701 7.21760241 1.05897430
v -18.93383106 10.12906761 0.53519919
v -17.66608466 81.71647731 14.74224253
v 23.09903503 10.77760540 1.00766378
v -17.89103622 31.52873574 24.00848615
v 13.48713216 8.17373836 0.91542261
v -24.53586618 10.89749656 0.15022076
v -16.25202400 7.08530718 0.80417000
v 19.83675790 12.60795635 1.05148816
v 3.23176929 0.29224857 35.09527273
v -8.96921260 11.89415870 0.46192598
v 15.05563589 15.65932429 0.37300550
v -5.52336157 50.74503348 38.43992278
v 19.72835313 39.43495870 1.36299528
v 21.02848351 40.96760495 -0.85636766
v 28.05715919 44.92824109 0.38000315
v -6.37599371 89.41541240 15.21872436
v 33.92600760 -53.84254126 15.06885795
v -23.29936410 43.94937452 23.80724095
v 33.94565811 64.16913612 1.34546567
v -31.64271139 65.99142192 -0.93390850
v 33.63191574 5.20650879 10.35830816
v -2.42691275 8.20437768 33.52090467
v 36.06511206 -53.28742861 1.07202078
v -34.85625916 -52.67453546 15.92582416
v 34.76160474 -51.61208423 3.50081970
v 27.18636593 -49.05151494 -0.42986009
v -45.38573994 -46.72951676 0.39499121
v -33.47722130 -46.62727923 2.86467863
v -29.14882773 -23.94612578 1.00440248
v -30.40530875 -22.26392935 1.34892441
v -32.64388806 -22.15607461 1.26582982
v -28.35792835 -20.47570858 1.22332150
v -38.11786924 -21.14817077 1.20823556
v 30.10239435 -18.89302025 -0.18990881
v 6.03676789 33.94923982 33.77216278
v 24.26179161 -19.02550505 1.49823260
v 32.78958271 -17.54845684 0.52985675
v 22.72136265 66.37352830 23.68382917
v -32.32672770 14.36671292 9.97543503
v 17.86141951 -11.57852739 2.41490898
v -31.17343292 -7.25822981 18.55550734
v 34.58802854 -13.95489565 3.43490880
v -13.34004964 12.68765930 26.96090817
v -27.08482593 -9.25260346 0.53480081
v 33.14496598 -1.77556480 1.73167274
v -30.54127353 15.98002891 9.10444916
v -23.30293688 72.00666176 23.76004214
v -38.97308700 1.25911751 1.66982492
v -4.59941054 6.96631282 -0.06609822
v 9.81572852 64.57838294 36.60232301
v 28.38242257 9.19126389 3.28470084
v 0.44259141 7.63950831 -0.10370791
v 24.55034504 17.02474449 10.32815161
v -1.32585717 41.73586436 34.56359244
v 2.25509419 9.76573612 1.34756530
v -13.80876945 10.29423539 1.16063973
v -21.92212053 14.22247726 1.96727386
v -19.78113656 11.93542616 0.76110985
v 17.15652675 13.33648520 1.16022103
v -17.10579332 79.54199164 23.99221048
v 0.41999062 36.83440190 32.63613222
v -16.35716382 24.26774559 2.73499085
v -12.90421345 24.22419552 -0.15439892
v -3.29304548 39.60872988 33.91572337
v 15.18002101 31.11165361 2.72928014
v 16.71599387 35.02331389 2.72283312
v 37.30523409 45.50813184 2.03042596
v 18.26201479 71.22610297 28.20269833
v 38.05028974 45.45779249 -0.23616784
v 43.47204030 46.86551503 1.40718792
v -45.39016152 58.26463747 0.20908291
v 44.07567253 62.22869180 1.42162636
v -40.25712508 -34.82002188 17.39891071
v 25.92081162 66.98733708 1.96781476
v -19.90632585 28.84454270 10.07559492
v 20.76722622 72.62657707 0.21313902
v 18.20179341 75.74739255 2.16586354
v -22.07478013 -28.58356429 15.65166741
v 15.72719531 78.87681948 1.14811708
v -16.91249267 79.82711442 1.15577035
v -12.14238746 85.87540483 1.47581077
v -2.39608204 90.22742773 3.49291919
v -8.47181804 41.26162144 34.68717362
v 3.78059403 40.86641315 33.67292379
v -49.75171998 -52.08199043 1.03595368
v 12.14432389 -29.93706675 17.22552417
v -7.75599508 82.75788754 28.87435400
v -24.24045642 -53.46452808 22.42450439
v -43.41621592 -47.34660529 1.53040532
v 12.37399267 -24.39629839 15.86361403
v -35.63468678 -24.09388533 1.39964220
v -33.94239405 -25.50203635 1.54753226
v -21.72663244 -23.01917282 14.41306424
v -24.28186672 -50.95946155 24.68433551
v -27.67751007 -23.01187718 1.42893457
v -16.46253428 33.95931171 27.88747118
v -26.31172419 -20.06483161 0.96600146
v -28.07564687 -18.57893816 1.87718973
v -41.65215072 -17.56583440 3.31709190
v -28.60359507 -16.07061763 1.62896992
v 22.02344890 -13.77177120 0.60112073
v 33.28284557 -20.66835226 15.46409521
v -27.54992076 -12.65748738 1.89009826
v -21.20170394 -4.36619190 2.34670208
v 12.52077307 -0.06544029 1.14827657
v -40.88920975 -0.61333449 8.77898524
v -27.13512166 43.15853845 9.38253925
v 18.04441363 73.93307686 28.04764537
v -13.49809600 5.71778631 2.55237288
v 29.61595720 -16.16690458 17.19688017
v -33.58508834 -45.34849728 23.43832398
v -34.49391139 -4.78856187 18.24047769
v 26.09350160 9.19786418 1.90217294
v -31.74847203 10.96630282 2.64073482
v -36.29374134 -12.61228763 15.07794314
v -26.30355465 12.14896021 2.32745190
v 29.29987179 45.78642117 9.01113426
v -17.44337381 17.23702528 0.82226176
v -27.38690334 44.58859409 7.76846803
v 29.92282799 -39.43290154 23.11132441
v -17.35296866 30.76884403 3.19897210
v 17.38948729 35.70709905 0.76200158
v -23.86865949 -9.60206529 17.52104310
v 44.88900518 49.74210804 3.50445678
v -40.15900915 -43.29735752 16.60589650
v -41.74469827 62.78430192 1.24118346
v 30.67342987 -8.98347316 14.99333245
v -31.02967873 65.75140362 2.31613117
v 23.89674468 69.96248933 1.35172012
v -27.73359766 70.64408835 0.62138348
v -19.99564524 77.29731894 0.73436877
v 17.79169863 76.39865318 0.52302992
v -14.85782650 81.41025114 1.96530131
v -18.88464442 -8.08611210 15.00470270
v 17.28160635 55.64264507 32.32956807
v 10.08041828 85.99480444 2.25563492
v -17.66410965 -6.62857241 16.21093309
v -5.51918050 89.31558546 -2.41190946
v 15.63808052 75.50482992 29.04155936
v 38.50175158 52.55486006 9.21956710
v 26.00968880 -47.92409698 0.64919400
v -42.57712696 -45.98000848 2.48495057
v -38.25289798 -46.15154979 1.17706537
v -38.48410340 -45.06529583 2.65581999
v -29.85950902 -27.90398760 2.00909936
v 32.20223770 -3.02994293 15.99892815
v -28.72567372 -26.10771721 1.93519389
v -31.71631652 -25.04831335 2.21928479
v -39.45443962 -22.47877470 1.47984681
v -25.58041297 -23.43100686 1.80798979
v 38.83521032 56.92499556 9.01694347
v 27.23966557 -20.76280969 2.42209086
v -21.84088606 -2.18835112 23.29522661
v -40.30229602 -18.15861896 2.24905820
v -24.57420307 -0.22001986 23.89832909
v -37.28302453 -2.16922049 16.24567694
v -37.95057339 58.02489200 8.73007055
v 21.52180748 -0.51481670 23.75024716
v -27.32518207 58.25411301 25.02842455
v -24.70354702 -39.46386116 19.97481663
v -24.01895276 -6.94078811 1.65965541
v -39.71308255 -4.52040045 1.81648621
v 18.51708682 -0.07387198 24.17365100
v 11.92510609 -2.86780048 4.13585925
v -17.55730056 -0.56101880 1.31172670
v -39.41779023 -39.29099024 16.58175047
v -16.08154542 76.11807637 28.71174651
v 16.71230577 -1.01454148 23.48012433
v -33.46951921 9.12023196 1.89525428
v 16.79087504 1.32727255 23.88089438
v 31.62266621 5.80190652 17.35713319
v 1.37382828 4.45481196 12.92757499
v -0.03977604 -6.31537990 41.83407482
v 25.17890245 10.35757549 1.58112265
v -4.62945113 47.43212543 38.21850847
v 31.19145563 9.13169092 15.23715505
v -29.25904159 64.95719928 9.92749621
v -23.56460257 -37.42459645 18.24718713
v -14.26279185 29.01457613 0.70456874
v 1.15206957 -4.39181533 43.15488594
v -30.17771873 -15.46252718 18.86214575
v 26.64500584 67.91735296 9.21493186
v -32.70688227 13.78469143 16.58151837
v 11.09514578 67.05575081 36.22268749
v -29.22953032 68.43397628 9.21997653
v 10.73323598 4.52983516 23.41049304
v -44.05088983 58.41493944 1.93230130
v -32.25588089 15.56933111 16.28696863
v -2.11110105 4.65879478 23.83133500
v -39.98252592 64.23247599 2.25554065
v -27.17053028 72.21483574 8.44481817
v -11.62029200 0.20985580 17.20070502
v -28.24024601 68.17732139 2.95249538
v 24.17157682 71.26956293 9.75405376
v 10.07815431 81.42183286 27.99985272
v -9.89199704 88.13442791 2.38513003
v -36.61933845 -53.73484152 1.97693671
v -54.63829640 -50.60076392 2.45959835
v 28.37188246 -50.81167871 3.03278430
v 22.08762913 -49.08996218 2.84526914
v 27.80956489 -50.76125566 2.75224345
v -31.86943999 -49.62604008 3.95086685
v 23.43958336 -47.36900290 3.49770831
v -29.53661369 4.81866941 24.41353469
v -37.63768114 -44.95211139 1.75208757
v -29.29868721 -29.75611996 3.01595428
v -38.03910579 -23.91417906 2.41549468
v -39.84706178 -23.10314914 3.56742329
v 23.83795763 -20.43872518 2.58624219
v 32.93753390 -19.28041667 2.70371488
v 33.97443698 -17.33352627 3.18709584
v -27.72972622 46.55856546 14.44517347
v -26.30900707 -11.27362906 2.97317192
v -16.23689446 27.87722468 27.14250633
v 33.22684152 -7.15673594 1.68958281
v 15.41312381 -5.54309374 1.42259168
v 13.78701611 -5.33276940 3.94070689
v -8.58743710 76.02945227 33.27560945
v -39.57392005 -2.25532882 1.55237261
v -28.55447243 9.83396392 23.87454505
v 34.11612250 -1.86425484 3.52795445
v 31.17403848 0.11345508 18.65352273
v -15.27087632 2.23150965 1.80553563
v 10.67397923 4.08726088 1.51489960
v 8.94534368 5.19399137 2.75223465
v 6.64836233 5.64889727 2.72047022
v -23.02713330 -36.19334274 16.86648386
v 22.36742495 66.69214646 25.57828290
v -28.48110715 12.04886653 2.48812760
v 19.21800998 15.04885865 22.46874398
v -25.55441562 13.57960625 2.77330531
v 20.64462321 12.50808248 1.45215408
v -26.78498632 62.97623541 25.20791685
v -20.22195254 19.91078645 3.04734717
v 9.89408912 59.85996023 37.18907120
v 13.95445234 20.11970330 1.52566685
v -22.68169245 15.89647594 23.89813395
v 18.64203939 34.98375961 2.54558181
v 19.62969394 37.64679733 3.19544995
v -24.77498854 41.28107933 3.21103661
v 28.72183821 11.60719845 18.65393154
v 21.99984114 42.29412194 2.01537971
v 27.60755375 44.76330437 4.04319967
v -33.59427095 45.98793493 3.57470787
v -28.50426878 46.22469852 2.25903308
v 38.54939993 46.27753587 4.09559711
v 39.14769964 46.46002373 2.35325026
v 42.08059362 46.87952939 2.16792072
v 45.55890877 53.12163954 4.71707373
v 42.11384586 62.36484206 2.11304164
v -24.13325136 68.07826175 25.03072397
v -28.34768920 66.29496693 1.38034788
v 21.84125652 72.97697010 2.29207063
v 15.82847888 77.88013376 2.43671032
v -16.14508680 81.43458360 3.17141231
v 3.00622319 89.60676398 3.77908478
v -43.02086608 -53.61290720 3.62460492
v 34.99678281 -53.20988097 3.03120564
v -16.76793271 82.59342959 16.91395069
v 27.73780021 -52.96938040 4.39481150
v -52.12232353 -51.83076482 3.52457468
v 18.88579370 -53.48912455 12.35882566
v 3.90107675 82.29368980 29.56130460
v -55.30621827 -50.30217544 3.01712265
v -32.52280707 -50.72011032 3.26890247
v 33.09685568 -53.88944519 10.54033170
v -31.21124268 -28.48111486 2.84625056
v -35.42956082 -28.17204884 3.03554935
v -14.78583996 36.45817052 27.84334227
v -48.54887710 -53.69065728 10.59719619
v -24.92743311 -25.67335663 2.88203476
v -11.45118221 86.71187307 15.51054640
v 24.71095794 -22.34044153 2.36843432
v 27.43646070 -22.69975284 2.56351493
v -19.21591160 40.44146332 25.42736499
v -23.07548393 -24.68715384 3.81798187
v -24.20924604 -20.71717824 3.03497948
v 21.88094375 -21.82469179 3.50106439
v -23.74441684 41.61280469 23.49482705
v 21.03171239 42.60345095 22.71013369
v -3.35791833 -7.84814691 52.49172609
v 21.38187416 44.11030633 24.58612051
v -1.13139020 89.17682145 16.25215544
v 22.49210537 51.08127779 25.42745822
v -38.19569491 3.02478712 2.85830632
v -0.73666932 5.31137116 2.66463702
v 23.62016183 50.97887375 24.16062120
v -36.32299175 6.03555490 3.06163722
v 18.04953714 -52.86132448 11.80561920
v 22.93109481 13.16870160 3.01584831
v -41.65518659 -52.94168447 16.61859052
v -15.55048380 18.01685103 0.86535443
v 13.07434155 28.90551216 0.93082776
v -21.98063141 37.26428508 3.07353696
v 43.60935910 47.96084153 3.44861958
v 24.27840919 64.48972962 23.40984406
v -43.89773231 55.07755801 2.36609672
v 40.27817692 62.29527618 2.86954774
v -35.60300996 65.86478648 2.62216345
v 29.38518672 65.05227520 3.23957343
v -27.86815165 66.98728767 2.25437310
v -25.63777163 67.62198170 24.15509965
v 23.11835393 71.11702098 2.93631392
v -21.11219712 75.04304476 5.90470104
v 17.23567936 76.18731068 3.61611360
v -14.43709584 82.29270553 3.70033004
v 12.19125781 82.99778931 3.87356493
v 31.68962144 -46.36626760 10.87130568
v 10.81130349 84.13222848 2.82082075
v -49.02794323 -52.02116758 3.03279115
v 16.14743172 -43.48147089 18.16296816
v 31.79483569 -33.93182093 18.43798858
v 27.01839827 -49.88248170 3.13711117
v -29.51717828 -45.05870240 8.51666193
v -40.63225974 -47.05456987 2.01940137
v -31.91209380 -30.74435370 3.00018059
v -33.34887819 -27.00801057 3.04167317
v -37.99745916 -25.98610129 2.66009063
v -25.25310096 -27.06034443 2.99518700
v 25.81627666 -24.55779810 3.09229947
v 28.21286426 -25.16243186 3.26998562
v -2.80175819 6.84943991 17.71277075
v -41.90725057 -20.04890570 3.06419438
v -22.75321144 -38.19997989 15.94522462
v 20.52372745 -45.00575567 10.60680143
v -25.18766026 -17.23607748 3.71752894
v -26.33065978 -15.70966647 4.14648486
v -41.96021500 -10.79579840 4.00804325
v 33.12682296 -10.46857173 2.81201536
v 16.17321628 -9.02914424 3.43656422
v 13.02604301 -33.48154760 16.68906074
v -38.58712647 -41.87323998 10.34673263
v 9.12185270 44.29687115 34.10708659
v -29.21103540 -41.57868078 9.17430790
v -16.51100320 0.51826187 3.26822892
v 9.10802682 2.51362923 3.35358546
v -10.55067188 7.85887538 2.57328341
v -6.54496127 7.67318172 2.93648610
v 13.15189331 -52.88925532 28.05932097
v -34.61630611 9.89020665 4.58564111
v 17.68588527 17.62748185 2.21540838
v -25.75172852 -39.19484219 9.72418336
v -41.64756960 -22.61489286 16.20122083
v -20.50438715 36.54095462 0.80160923
v 25.39961801 44.42965078 3.94323917
v -38.25282690 47.39149831 3.15792441
v 41.29904293 47.36003968 3.56136946
v 13.56417994 49.62641310 34.29229081
v -10.61361677 80.88553654 29.06939371
v 14.54204364 78.93224002 2.63538836
v 14.25064612 80.16600909 2.96487833
v 12.87604150 81.57559419 3.92240316
v -3.95268791 89.47432831 2.46906898
v 25.37014002 -53.37645994 4.52085541
v 20.60598102 -32.40429922 8.88336092
v -55.39564564 -52.91602875 2.20519253
v -29.14149006 -13.85295936 16.39072134
v 22.32448195 -52.72112978 3.07949048
v 20.57868007 -51.09635127 3.47885945
v -47.31803310 -49.14199882 4.05032488
v 21.08201820 -48.37783479 3.37631261
v -18.31570317 52.01243740 34.50846323
v 34.17696248 -48.23212176 3.06475394
v -45.27820556 -46.51682427 3.20373716
v -29.82851289 -31.81252001 3.79408956
v -25.96962686 -45.69524646 23.78763576
v -33.22668908 -29.12631272 3.87680026
v -39.97291723 -24.93251997 4.36462252
v -29.11551558 -10.92242794 16.12891208
v 13.51335828 -48.30617791 29.54150725
v 22.18316204 -24.37068869 3.34642867
v -40.83326613 -23.62047347 4.47026049
v 20.91715197 -24.35641175 4.75266988
v 22.02000707 -46.69565805 29.18181363
v -18.06116396 57.21982112 34.51303668
v -27.64244330 -9.87104070 17.72989383
v 13.84741393 -36.22937068 24.27644038
v 30.36874702 -35.22651555 23.89039264
v 34.01242417 -5.90253804 2.88110743
v -22.60239010 -8.02934430 4.02714512
v -19.19875600 -5.07040938 5.09510875
v -39.59586331 0.53239119 3.15638262
v -19.36052700 59.47937925 34.13720579
v 31.71189557 3.16267701 2.52035533
v 29.72410990 -30.23860282 8.72085605
v -38.82155271 4.65102102 3.86525779
v 31.30631109 5.37781634 3.64215733
v 14.49938824 -28.45044681 24.02569118
v 16.09312956 79.90070734 23.88785800
v 3.72090636 5.97392775 4.48544633
v 30.42782243 -28.27272079 24.32297169
v 10.71791236 14.70259231 26.89139349
v -2.51860154 -0.77204961 49.98152999
v -32.73936295 10.16633111 3.46280471
v 17.58777593 -25.02126272 25.61233083
v -23.24483183 15.22811053 3.61433031
v 31.63028678 -6.82328177 15.83272187
v -34.01894088 -3.37745324 18.71864764
v 11.83916039 23.84325568 1.57848915
v 14.80030057 25.38006672 5.00502227
v 16.19820442 31.86581113 4.72866077
v -18.09074700 34.20083662 2.09121668
v -19.84369266 34.28377436 2.50568178
v 2.11064285 58.73178371 38.82234042
v -12.50345342 65.47586707 36.45120885
v -23.37114437 -48.63895809 18.27375644
v -41.19457109 -25.21192955 17.71948663
v 34.25611397 44.66838752 2.75442180
v -35.34785708 46.53961226 3.59851012
v 20.55533637 -21.19643547 25.20073339
v -39.88817424 49.31452908 3.81536786
v -42.83615362 58.27030929 3.03046371
v 24.91948295 -18.08396472 23.08765956
v -29.97545946 -43.82053859 9.22913121
v -20.86827860 1.23186481 25.13962437
v -28.63038509 70.28649742 5.07960392
v -27.85233637 71.53322969 4.32410069
v -37.04494428 -0.45978933 17.47416141
v 6.81209580 88.51228355 3.88799952
v 31.90844092 3.20163708 16.52712385
v 20.04210429 -53.02849356 4.58756737
v -51.85890013 -48.43396433 4.35784930
v 22.16252717 3.29707882 24.75180663
v 10.66312570 69.10513535 34.71959409
v 30.37021563 -47.94317884 2.64589146
v -39.05208193 -45.43251407 3.55814439
v -38.20940851 -29.90256295 4.04803406
v -36.07948701 -30.29392490 4.52584238
v -26.37813508 -28.66571773 3.39425044
v 24.40407082 -24.94525113 3.50418418
v 27.79477186 -26.56039696 4.72805449
v 19.78283829 -21.85102081 4.26864353
v 14.69062551 2.74586760 24.13870714
v -40.68822106 -21.76023471 3.44162232
v -37.03041425 5.78979118 16.81143611
v 31.21164110 -20.78105080 4.74905418
v 28.60402632 -43.29382208 18.78845104
v 14.17047175 4.47814765 24.01841014
v -41.34136957 -14.20958139 3.66827041
v -24.47954641 -9.21089494 3.02714731
v -40.43135917 -5.95189396 3.59432761
v 26.01597108 14.89007289 16.53969536
v 10.26031876 -0.24181363 3.90414563
v 33.29208452 0.13352540 3.96341310
v -15.63907430 79.58953015 24.44305919
v 23.61144216 17.20263292 14.54597742
v 33.34273394 2.97360330 4.71969655
v -5.49012248 6.25700601 6.69027252
v -26.39801982 14.33028000 3.58427559
v 6.75790033 7.20286675 24.75163591
v 18.64198911 24.60131050 15.18401959
v 20.76211494 19.02789466 6.07618826
v -22.14461277 24.54074725 19.14816425
v -20.57055326 29.85308631 13.48999120
v 18.38565726 28.23029043 14.21801774
v 19.48331371 35.55314941 3.35403992
v 21.08571335 39.10838771 3.56743462
v -20.93542157 32.37276784 16.51620486
v -31.05780986 46.76935025 5.18774284
v 44.44915095 49.77231026 4.70909069
v -40.25371984 52.01975013 5.51830452
v -42.17669408 54.84129481 5.01147378
v 23.74770885 7.94192940 23.93490494
v -41.03363819 62.32056877 3.48577857
v 36.98790808 63.08228494 4.43756219
v 21.25381121 39.58564397 15.11489934
v 3.90573061 77.85168302 33.94833215
v -28.24302656 66.02868357 4.12760099
v 26.02501619 67.58320396 2.61953937
v -28.53261683 67.91364779 4.73129728
v -28.90346666 69.91212979 3.36867286
v -13.44191079 60.17766682 37.24992873
v 13.76226789 -22.23113852 18.68417571
v 20.27200835 75.10445725 6.41019944
v 12.75353398 -33.20531505 19.77305960
v -19.54789869 76.77246947 3.24817246
v -20.91713604 77.12378887 6.08714852
v -10.91718620 86.34519031 2.72371392
v -11.22593231 87.28517061 4.55922797
v 10.40921250 85.80147260 4.26398808
v 17.19142536 9.79740572 24.20967929
v 4.32323064 88.42610881 4.84151167
v -27.51340853 49.81454010 16.67882162
v 30.27458007 -53.64830677 3.82847289
v -48.06982088 -52.37061564 4.62494867
v 20.50925432 -46.20795930 5.13544834
v -40.77853001 -9.27418233 8.38352555
v 33.43673541 -21.84221231 17.87067964
v 24.84838522 -47.13182786 4.19940249
v -3.41969052 78.08073512 34.33862666
v -32.91479776 -46.50934761 4.84918803
v -35.39208393 -44.68927962 4.76325614
v -37.57635062 -44.40899148 4.94803314
v -40.30289260 -44.59783998 3.76704576
v -31.57056367 -32.46452590 4.39946964
v 28.94601587 57.84694282 15.38123014
v -20.39905474 25.79998188 20.24200693
v -39.16042282 -28.05306485 5.00244277
v -24.45036432 14.01846465 23.67438106
v 25.76717259 -27.60901129 4.15156827
v -37.75201849 -27.80699304 3.90482594
v -29.87561796 61.23578644 15.79888917
v 2.26384712 -3.00520997 36.29909533
v 29.39530018 -20.99646651 3.22637902
v 20.73354568 -19.86910658 4.68883415
v -24.76127364 -18.83241346 3.58052398
v -24.46221255 -13.70482259 7.27284921
v 16.46125619 -10.01998813 4.77705106
v 15.64138121 18.14908870 24.49843353
v 34.88161961 -4.60170656 5.18578024
v -2.20254298 59.16748974 38.93357049
v -12.74288592 69.84596076 34.90122822
v -13.91561194 4.19956585 3.80239051
v -3.24142816 5.15409673 3.58807821
v 24.53436230 13.15663518 3.98149084
v 14.30744579 83.47316734 16.16992198
v 21.29320624 39.90273948 7.67029390
v 33.35967957 44.95988102 5.53964782
v 36.60815888 46.03819703 4.49809691
v 43.05628144 49.88975121 4.85996842
v 15.84001938 36.38806326 24.19994097
v 9.28747492 86.36022348 15.75687339
v 45.29514219 59.32631759 3.74584296
v 43.08715398 59.36022453 4.61853624
v 32.23408850 -19.12388230 19.10150807
v -37.36585216 64.42438353 4.82897120
v 3.19704032 88.66911723 16.23102790
v 7.66755623 83.83599933 24.40882234
v -16.49209130 75.59852449 27.81161869
v -18.50743338 78.22394792 2.18469368
v -13.64789706 83.55658263 2.88633398
v -22.62140693 42.05596616 26.15036432
v 7.30342576 87.60118373 5.15621243
v -32.53853639 -53.90841207 6.47351667
v -33.87593361 -53.67953175 2.43105697
v -39.66912566 3.56670928 10.26584267
v -31.54506780 -52.71419482 5.21132412
v 35.05924100 -52.02507150 4.73564458
v -53.64438425 -49.00853285 4.52710921
v 33.36664615 -49.92367827 6.23866037
v 27.12839821 -48.19046583 5.06617472
v 29.40202014 -46.66010500 6.00371645
v 31.41728461 -46.59049453 4.16422498
v -39.09364876 -44.70470734 4.97632189
v -42.51808206 -44.39414989 4.62918721
v -25.92645228 49.56362044 23.96371968
v -30.03695673 -34.93890555 4.95359375
v -32.36966747 -34.01406193 4.48396735
v -25.92575902 -34.29937004 6.42402555
v -6.49215779 4.04377391 11.67893217
v -35.30389075 -32.73214309 4.80544600
v -33.28694727 -31.73426470 4.96843436
v -26.61195315 -31.89629820 4.43205734
v -2.76318990 -10.39224757 55.91089031
v -40.88858111 -27.07835466 5.21920530
v -27.24065383 54.11876291 24.04840691
v 17.72240153 -32.86716914 28.13777635
v 18.63232007 -21.87219852 5.46223161
v -42.71780855 -16.49478689 4.22699605
v 24.35677720 59.35386413 24.82851467
v 18.69908368 -51.09273953 7.64446304
v 17.61066027 -35.53669577 28.51275413
v 11.09598833 -1.78134237 5.93518220
v 3.31961184 44.93026203 34.65041214
v -0.17112980 61.87237260 38.95848786
v -39.61568474 2.80804338 5.21710875
v -11.96750197 4.67827997 4.94669316
v -17.08591711 43.06327227 32.62658534
v -6.75992680 15.56319386 29.57692520
v -37.56325010 6.36219107 4.36788374
v 10.70037113 71.06298583 35.00597666
v 27.62597444 12.22239579 4.77567345
v 22.23609564 14.85845752 3.82550441
v 21.01792995 68.92806728 25.01129484
v -22.65799104 19.15665985 4.73878970
v 34.98785401 -50.30198687 16.36140217
v 17.43750317 21.67664459 4.20142963
v -16.63925470 28.11841556 4.58959172
v -25.46254725 43.09522600 3.16104768
v 40.47483687 48.81449388 5.19354718
v -22.88381685 -40.29929077 16.28338912
v 2.77204510 7.26334753 31.12890435
v -40.05736361 58.89618950 6.53204121
v -38.84975189 63.57612230 4.19693968
v -33.41866381 65.55734305 3.35505948
v -29.79292218 64.96898198 6.30382323
v 25.13153602 69.98348546 2.69255165
v 30.12961590 -35.51463172 15.39441058
v 26.23958991 -34.22493422 28.41456841
v 13.84887234 81.28112593 24.46778785
v -40.07792264 -37.64577298 16.11587206
v -9.88277770 87.22496549 3.93863239
v -5.70857351 89.27830472 4.46483186
v 11.02942796 48.85791366 35.37837983
v 39.82654443 -52.37432902 5.07309823
v -55.93597076 -52.57679218 3.24785587
v -48.47169633 -50.90865470 4.41421605
v -9.89087146 84.47530822 23.49231083
v 3.91232294 85.02518069 25.31007043
v 1.47873679 53.70477355 39.17864274
v 22.74809392 43.10129673 17.97705584
v -4.01077930 3.54627910 37.00580129
v -33.50815620 -33.38551717 5.41033414
v -38.71487557 -30.33263720 6.38552659
v 22.42607143 -26.06856226 4.77269098
v -21.69544992 -24.71949974 5.81700402
v -14.56471188 46.27855922 35.08376476
v -22.85112289 -19.92171296 5.05301304
v -24.74218421 -16.79006066 5.76313554
v -22.34716355 -22.99348472 16.70727822
v 19.31073035 -13.46164011 2.83277098
v -41.83267368 -14.08203193 5.85724948
v 16.87800652 31.30584034 9.21720882
v 34.91330825 -6.83997883 4.92341644
v -40.87031846 0.04196872 5.63566748
v -0.96483916 4.48537885 37.12161110
v 7.76402246 4.21681962 4.72937733
v -24.04559579 -19.02611780 16.80267835
v 0.93562203 6.56732950 4.51253380
v 15.35384675 -18.43106970 17.02889093
v 24.53441558 15.33267190 5.21369706
v 20.57933953 15.85073579 4.69626319
v 16.61021780 23.37697751 5.57556600
v 14.57894106 54.88074896 34.94157744
v 44.34171633 54.02684995 5.58972876
v -11.67917362 61.87269038 37.02439548
v 45.38680041 56.42320117 5.01504275
v -19.04579477 55.72102893 34.60277160
v -24.76640739 72.94064897 7.37460208
v 25.76127146 -44.50198426 25.86404754
v 14.52901180 81.69850101 6.83800885
v -32.84954170 -9.97628789 16.25906330
v -9.62264272 88.18727527 7.41322161
v 18.99304821 -30.26792449 28.22682251
v 2.03773817 89.53339070 4.96756294
v 16.06165804 -12.01606660 15.30298197
v 28.27242282 -9.96206267 17.23211449
v 29.66898105 -53.72001397 7.50811055
v 14.86542552 -40.29178533 24.31421466
v -0.00321786 86.38265827 24.80809233
v -47.42810515 -53.04940082 6.16661290
v 41.00182352 -52.70128530 6.02206572
v 19.41904748 -48.92733881 5.17315794
v -48.51907465 -47.26842921 7.21937649
v 16.45150385 -10.54943227 17.89718888
v 23.53609830 14.78164141 18.07752236
v 23.59864101 -44.56992049 5.99889502
v 27.72021289 -29.37416722 26.92548843
v -32.44323327 -35.59669979 5.80793912
v -35.48662020 -34.30791013 6.29298557
v 26.44140966 -30.40772923 6.00055069
v 27.25621231 -28.97255828 5.89207737
v -23.76468236 -29.15477615 5.24268454
v 11.85593910 -6.82033598 13.79999796
v -30.87025744 48.33232956 9.94764917
v 19.03451180 -27.11558213 6.29237329
v 28.55133063 -28.09328808 5.70554955
v 20.03917291 -25.94393725 5.77201890
v -21.70210651 -22.42103957 5.48659868
v -42.14617321 -20.23052953 5.28670193
v 13.44147148 -53.17281529 23.45409486
v -4.73079059 -1.66794463 52.32140162
v -35.50752090 -6.22900794 16.64459529
v 33.14976127 -13.42926386 6.37147437
v 23.25042787 -30.86927749 28.78974751
v -40.96377825 -2.75510603 5.17980766
v 35.29698844 -1.84335737 6.06573275
v -37.47696130 -3.90965301 16.01233493
v -18.34662499 64.73466400 33.83781240
v -28.62501828 14.54434337 5.23165009
v -10.14321229 0.36519372 15.86785329
v -18.48441606 22.42236885 4.56505189
v -18.29818489 27.16039218 7.25600436
v -18.98537560 31.06804935 6.83817289
v -35.97684393 1.38733696 18.83421486
v -19.80067102 33.16403534 6.06622908
v 18.42544751 33.91317997 5.67520173
v -21.67982964 36.42231760 7.24517929
v -36.33493838 56.65084442 10.13572371
v 25.56374323 -53.18077563 24.88632364
v -34.16438036 46.95616019 5.60381361
v 2.12818357 4.45591019 17.51780968
v 40.92027983 50.23069888 6.06772770
v -40.85170486 54.70265390 6.34445368
v 43.50474664 56.62063129 5.57473990
v 32.92451932 -29.61794685 19.18333529
v -38.63005676 61.68857812 6.23499256
v 18.92650874 2.36820276 24.70234510
v -29.91109101 68.75090154 6.10420627
v -2.13889112 7.48893690 14.56469771
v 17.57155627 3.38703594 25.32767929
v 14.76946638 80.82695275 4.12542371
v -1.51215762 -5.51034737 36.50795511
v 10.98591992 -1.71768311 19.22120582
v 8.86664708 87.02175734 7.01398293
v -2.24078743 2.39067568 27.87422121
v 24.04897685 -50.79568983 26.87016437
v 39.92235482 -53.72831636 5.81438611
v 34.07671843 62.52807163 10.55789071
v -53.32267998 -52.63147387 5.60860957
v 27.33473540 12.05579125 18.65923777
v 39.26543353 -49.95639851 6.78927103
v -31.35086966 -50.24748720 5.94951819
v 20.60462348 -46.44246235 6.15182891
v -46.31169585 -47.66616441 6.44976405
v -8.03418240 75.01429923 34.90556176
v 28.18789562 -44.96547918 7.97839982
v 24.29334324 5.33751080 24.19130403
v -34.51324308 -43.51120605 6.83224539
v 32.03410134 -48.72969771 7.68859321
v -30.73338595 16.24412903 17.19861213
v -38.93006194 -43.55584729 6.78403358
v 29.53354529 65.78030514 9.05007067
v -32.42775040 -37.16109382 6.10402108
v -3.73751509 46.69706549 37.15217112
v -24.18517714 -32.28710634 6.64754365
v -37.30356215 -33.13412139 6.57515325
v -37.97899270 -31.07875907 5.77041664
v 23.87243231 -28.57812472 5.72237564
v -40.68594444 -28.51880343 6.96906319
v 21.43871382 -27.53111812 6.43962796
v 30.20490107 -23.89348921 4.95428208
v -42.63495626 -22.83045589 6.52203427
v 33.19960413 -10.46840723 4.77085548
v 18.67621590 33.03128685 14.85232863
v 34.96204436 -7.47868183 7.60544191
v -5.92876865 75.64312537 34.15401234
v -19.77899153 34.19728288 16.99481173
v -13.00395507 1.71371046 6.34206318
v 4.41134890 76.56265703 34.02096449
v 25.44462450 67.45927932 18.86082403
v 13.94891544 6.64314045 24.64275410
v 22.99927748 40.02615568 17.23544487
v 0.15714915 5.84348372 7.05405878
v -25.09867676 16.95660773 7.18442481
v -25.05419448 73.20648019 10.19127895
v -26.45009686 45.27966771 16.74375110
v 3.97355060 75.56735207 35.64852467
v -8.53894390 71.24200176 36.25985171
v -24.02460877 74.21783637 7.10408788
v 24.34290011 43.17146701 8.85969031
v -25.19990068 41.97918459 6.69184744
v -3.35850784 76.64519515 34.65576164
v 26.48975180 45.05504920 7.40626952
v 22.89414113 7.58292487 24.71572670
v 30.99017931 44.34652372 4.65923385
v -5.47132318 -4.26465147 40.70770478
v 39.53140748 49.20723031 7.12890377
v -38.62681267 48.55221296 5.44757378
v 41.19660487 59.72985332 5.29656849
v -34.87356808 64.35391006 5.65097791
v 30.85810633 64.95928295 7.48056417
v 21.03840354 74.05075545 7.49643670
v -23.43946439 73.77548149 5.14885099
v -16.64677699 81.67218549 5.61019734
v -8.58338913 46.05362693 36.59494777
v -11.17667636 88.03374945 7.36645204
v -29.32128797 63.66565707 16.19895487
v 1.25873774 90.12715936 6.59730165
v 40.92534863 -53.79649183 6.57063435
v 19.76848188 -53.55328934 7.85084563
v -49.09481080 -52.49479307 6.40168030
v 16.11277732 -43.96628358 28.06071269
v -32.26268613 -44.74067573 6.42193906
v -36.53595091 -36.94666158 7.49522219
v -37.48452551 -35.43600111 6.63116311
v -13.55975894 86.73596696 11.15308170
v 15.62270500 83.00459819 11.09470248
v -40.84083197 -30.62047499 6.98570271
v 20.92360118 -29.58365277 6.67020714
v 20.55734808 76.21961059 17.28558076
v 22.70643778 -29.28924444 6.95741243
v 17.46162177 -25.03835788 6.21336496
v 16.69220860 -22.79683988 7.18955833
v -42.61850555 -14.74605447 7.35389033
v 33.63326181 -9.32120608 8.79031102
v -0.73930938 84.69829924 27.68149962
v -40.56835509 -1.89018924 7.38872859
v 21.94763215 74.89328896 18.94471520
v -12.61302391 86.57703075 16.90876993
v -0.26618435 6.27009880 9.95923106
v -0.87480991 -2.09575935 30.96847929
v 25.46708561 14.12410748 5.44274967
v 19.69261163 -44.37061958 29.18039585
v -27.73141747 15.82659192 7.54156518
v -1.63053971 90.77672146 10.14325749
v -4.96569016 88.65852359 16.65772174
v 16.75365324 33.47098393 5.68071209
v 14.99516346 34.56188597 25.33969650
v -19.89517678 34.75686203 6.19215919
v -40.59459746 -49.09959606 17.78750438
v 35.65303360 45.53968454 6.08124438
v -29.42211844 46.43626805 6.46475048
v 15.92516971 38.06606162 24.47634082
v 16.74283239 38.51689219 24.72294508
v -18.03530966 37.98878814 24.30159003
v 41.56098877 53.49813229 6.72825363
v -50.05785450 -50.50919671 3.93921290
v -49.05190577 -49.35186398 4.88531029
v 52.22196848 87.38863842 -30.41157900
v 51.40251015 84.96107428 -31.78403265
v 53.05534940 85.67603444 -28.91071929
f 9 1 7
f 1845 1836 645
f 1 5 6
f 7 1 6
f 1 9 3
f 1022 3992 2730
f 16 6 5
f 235 270 199
f 47 22 9
f 2033 2030 1618
f 14 15 8
f 38 8 12
f 1 22 5
f 5 22 40
f 23 6 16
f 6 30 7
f 19 11 33
f 38 28 8
f 1556 2919 1863
f 1863 2919 2482
f 8 28 14
f 2908 2020 3459
f 23 30 6
f 3984 2295 2770
f 24 33 11
f 9 7 47
f 11 19 25
f 34 14 28
f 1037 481 1123
f 16 5 43
f 15 29 12
f 70 38 29
f 24 11 18
f 491 2831 1050
f 54 34 28
f 2232 3699 1668
f 3931 473 1268
f 491 2902 2831
f 3754 2919 1556
f 3976 65 917
f 473 2234 1268
f 3936 210 3940
f 48 32 25
f 2040 1556 1863
f 30 23 55
f 47 57 22
f 19 60 107
f 3539 1313 2215
f 19 48 25
f 76 29 26
f 1981 1226 2919
f 19 33 60
f 40 22 57
f 64 43 63
f 3694 3744 3626
f 1154 1375 352
f 42 38 70
f 57 47 55
f 31 66 36
f 14 34 26
f 34 89 26
f 2771 3371 1780
f 108 19 107
f 42 28 38
f 412 461 395
f 55 23 87
f 33 24 44
f 73 51 2535
f 54 28 42
f 29 76 70
f 1663 1807 2116
f 40 63 43
f 66 31 48
f 48 19 108
f 2177 3367 3729
f 72 96 42
f 72 42 70
f 30 47 7
f 55 74 57
f 61 84 99
f 84 68 67
f 68 56 69
f 68 61 56
f 76 85 70
f 72 70 85
f 1200 1735 1765
f 64 63 81
f 2004 1904 3386
f 36 66 93
f 44 94 83
f 74 55 87
f 72 63 40
f 1403 504 811
f 96 72 80
f 93 92 57
f 67 68 69
f 94 44 36
f 3911 1820 748
f 60 44 83
f 66 48 108
f 84 67 100
f 114 61 104
f 104 247 114
f 2069 3268 3308
f 54 89 34
f 54 42 96
f 56 61 114
f 384 3754 668
f 3246 3239 1511
f 94 74 87
f 3441 743 1780
f 61 99 104
f 90 113 69
f 103 85 76
f 668 3754 2040
f 2861 120 1779
f 129 87 81
f 2482 2449 2580
f 63 85 123
f 426 3846 88
f 31 32 48
f 117 85 103
f 114 69 56
f 728 3879 2761
f 119 97 96
f 123 85 105
f 123 129 63
f 1042 1041 913
f 122 93 137
f 94 87 129
f 92 72 40
f 36 74 94
f 67 113 100
f 2919 3754 1981
f 107 60 83
f 100 191 99
f 75 89 112
f 2628 2350 2144
f 119 96 80
f 103 170 117
f 860 1777 868
f 1171 3475 2436
f 66 108 125
f 1314 3921 3970
f 1709 2644 2302
f 2449 2919 1226
f 89 131 112
f 92 80 72
f 605 438 1541
f 1777 860 501
f 1996 3383 1753
f 74 93 57
f 3119 3241 662
f 90 133 113
f 170 105 117
f 127 153 110
f 868 1777 2138
f 173 146 93
f 66 125 173
f 83 148 107
f 110 153 139
f 1746 2915 3202
f 104 99 208
f 711 1981 3754
f 3422 1020 696
f 403 420 402
f 2153 2159 1060
f 484 2191 3931
f 710 3717 2022
f 90 114 275
f 247 186 114
f 435 338 351
f 66 173 93
f 107 148 176
f 2449 3862 2580
f 108 107 176
f 139 203 177
f 153 163 164
f 180 139 153
f 191 194 99
f 167 112 131
f 100 142 141
f 1236 1005 21
f 131 96 97
f 170 103 132
f 90 275 169
f 114 218 275
f 22 1 3
f 145 97 119
f 121 105 230
f 91 1668 2237
f 121 211 129
f 121 123 105
f 18 11 25
f 670 726 843
f 3549 2537 609
f 108 176 125
f 1999 3646 3846
f 163 153 127
f 141 140 100
f 110 139 177
f 1724 3854 1880
f 186 218 114
f 132 103 112
f 90 169 133
f 3323 2979 662
f 247 104 327
f 2267 3801 2603
f 188 83 94
f 147 148 83
f 147 83 221
f 3865 3789 1066
f 910 873 1069
f 1226 3862 2449
f 203 139 151
f 538 396 447
f 176 149 125
f 1282 1592 1587
f 2580 380 2482
f 191 140 206
f 167 131 168
f 3637 583 896
f 2482 380 668
f 3441 2829 3901
f 94 129 188
f 45 1370 724
f 148 175 176
f 175 199 176
f 2591 359 3769
f 199 163 127
f 200 177 203
f 3896 1250 3982
f 1033 3013 3896
f 384 3481 711
f 141 181 140
f 207 194 191
f 142 133 183
f 208 327 104
f 1117 1867 1301
f 220 122 137
f 3813 2690 986
f 211 121 230
f 2580 2336 380
f 172 146 173
f 1035 1642 3782
f 380 384 668
f 174 198 158
f 200 149 176
f 91 1227 1668
f 203 151 180
f 227 153 164
f 729 495 480
f 206 140 165
f 165 140 181
f 191 206 190
f 1513 2147 2415
f 168 131 97
f 2069 929 3268
f 711 1226 1981
f 2336 2580 2973
f 1484 1126 2864
f 230 105 170
f 218 186 219
f 172 173 189
f 173 149 189
f 188 211 302
f 3865 317 3789
f 159 158 198
f 3013 1033 3035
f 2610 2566 2821
f 478 756 3273
f 550 3776 2665
f 907 478 3273
f 3754 384 711
f 178 205 161
f 141 215 181
f 141 142 183
f 170 132 230
f 3862 1226 3593
f 3511 2074 281
f 24 36 44
f 198 174 366
f 141 257 215
f 252 158 159
f 583 3637 1326
f 227 202 203
f 3984 2770 1849
f 3834 745 3865
f 203 202 200
f 161 243 178
f 203 180 227
f 8 15 12
f 583 979 367
f 207 208 194
f 230 132 273
f 859 238 842
f 1277 3899 1030
f 172 189 276
f 174 158 240
f 3144 2177 2526
f 229 3197 886
f 3934 1741 3372
f 583 367 258
f 141 183 257
f 191 217 207
f 1035 1339 1250
f 167 168 228
f 207 217 237
f 1634 2127 2665
f 228 273 132
f 263 168 97
f 1941 1226 711
f 2312 1470 3980
f 3963 1844 1849
f 3984 653 3574
f 233 149 200
f 179 269 308
f 199 270 163
f 127 176 199
f 205 178 243
f 205 243 213
f 190 206 256
f 206 165 256
f 280 237 217
f 228 168 244
f 941 3306 3037
f 183 282 257
f 3984 2254 2295
f 169 239 245
f 250 211 230
f 235 253 270
f 302 211 250
f 221 188 302
f 266 147 221
f 174 240 222
f 189 149 233
f 233 276 189
f 2594 1741 3934
f 267 147 266
f 200 201 233
f 251 2005 1313
f 240 158 252
f 366 174 222
f 2336 3481 380
f 261 183 245
f 288 218 219
f 237 280 260
f 233 201 241
f 3539 251 1313
f 159 242 252
f 175 267 235
f 333 307 179
f 243 161 292
f 310 269 213
f 893 71 1741
f 745 3834 3757
f 282 183 261
f 2177 1056 3038
f 280 217 190
f 3729 1056 2177
f 207 260 314
f 207 237 260
f 3981 3934 3372
f 97 145 263
f 551 2310 2934
f 275 218 298
f 287 275 298
f 288 219 247
f 249 220 137
f 146 172 137
f 319 221 302
f 266 221 319
f 2581 2065 1582
f 561 691 516
f 2858 3928 1692
f 705 480 703
f 280 190 256
f 1721 2786 3337
f 165 181 256
f 207 383 264
f 1863 2482 2040
f 3653 423 91
f 383 207 314
f 228 244 273
f 230 273 315
f 239 275 287
f 298 218 288
f 145 119 220
f 250 230 341
f 234 198 354
f 329 240 252
f 2294 2760 2613
f 93 74 36
f 235 267 330
f 2234 473 3979
f 279 201 202
f 1841 2208 3125
f 292 179 307
f 254 255 271
f 164 293 227
f 552 2374 1934
f 213 394 310
f 311 271 255
f 244 168 263
f 3481 2907 711
f 287 373 239
f 230 315 341
f 983 1282 1587
f 13 130 2714
f 304 266 319
f 1847 1150 2148
f 331 234 354
f 1820 3383 1996
f 242 159 234
f 269 379 308
f 333 179 308
f 293 270 253
f 306 253 235
f 270 293 164
f 3645 1452 1146
f 331 332 234
f 458 445 532
f 499 434 590
f 2559 2537 3549
f 255 312 311
f 1123 2170 1037
f 504 489 811
f 261 283 282
f 294 257 282
f 315 273 296
f 2354 1123 155
f 208 207 264
f 247 289 288
f 289 328 298
f 294 215 257
f 3683 884 390
f 341 302 250
f 1909 2336 1049
f 354 198 366
f 298 328 287
f 105 85 117
f 242 234 332
f 310 379 269
f 54 96 131
f 457 618 409
f 1447 2714 2008
f 75 76 26
f 1227 1858 1668
f 245 351 261
f 929 192 3268
f 502 245 239
f 140 191 100
f 526 553 405
f 220 249 145
f 668 2040 2482
f 301 302 341
f 846 847 3607
f 330 266 304
f 279 202 227
f 475 408 392
f 412 254 271
f 254 412 395
f 412 271 311
f 282 283 294
f 346 553 444
f 351 245 502
f 260 313 314
f 506 470 486
f 239 373 502
f 95 3911 748
f 934 706 793
f 376 373 287
f 711 2907 1941
f 3653 3697 102
f 3218 3732 111
f 319 407 304
f 409 306 305
f 374 249 467
f 2973 2580 3862
f 1909 2907 3481
f 3307 440 1779
f 129 81 63
f 2336 1909 3481
f 308 379 333
f 292 307 411
f 198 234 159
f 2979 3323 994
f 294 283 361
f 244 263 370
f 386 327 264
f 1588 3522 410
f 301 341 377
f 302 301 319
f 222 240 329
f 62 1743 3882
f 330 305 306
f 379 393 333
f 213 243 323
f 2545 2590 2633
f 181 215 448
f 2389 1126 441
f 1780 3371 3376
f 2458 2688 3991
f 244 370 385
f 370 263 452
f 385 296 244
f 386 264 383
f 2147 1513 3469
f 145 249 374
f 3963 1342 1844
f 343 289 247
f 343 328 289
f 868 1855 540
f 233 172 276
f 406 319 301
f 874 3083 1428
f 2979 3119 662
f 3618 1021 3875
f 345 241 321
f 252 242 329
f 865 1678 861
f 645 3381 318
f 445 279 293
f 253 306 293
f 336 381 311
f 669 2016 3896
f 256 181 448
f 312 336 311
f 314 340 383
f 430 313 260
f 283 351 350
f 2674 3469 3296
f 371 341 315
f 377 341 371
f 342 375 247
f 247 375 343
f 388 328 343
f 222 329 424
f 1143 1913 1903
f 305 330 407
f 331 354 346
f 346 307 333
f 213 323 394
f 393 332 333
f 393 392 332
f 2326 2644 1709
f 2864 2930 804
f 428 412 311
f 113 67 69
f 1140 3833 2083
f 294 448 215
f 263 372 452
f 3837 1488 983
f 337 430 260
f 608 1913 1143
f 313 340 314
f 1021 3618 3356
f 400 383 340
f 2435 1335 865
f 435 351 502
f 145 372 263
f 200 176 177
f 374 372 145
f 437 373 376
f 662 3241 1468
f 376 287 328
f 60 33 44
f 368 2525 696
f 553 346 354
f 2042 1035 1250
f 329 242 442
f 305 407 409
f 15 14 26
f 1107 3109 3176
f 409 513 306
f 340 313 430
f 361 283 399
f 296 385 371
f 2973 1319 1049
f 2215 3570 676
f 502 437 570
f 402 388 343
f 3607 2423 846
f 249 172 404
f 405 366 453
f 366 405 354
f 384 380 3481
f 337 256 496
f 444 307 346
f 1633 1252 1579
f 188 221 83
f 293 306 513
f 631 713 566
f 2351 3637 896
f 855 1491 300
f 496 256 396
f 361 429 294
f 340 398 400
f 398 340 430
f 283 350 399
f 3928 1689 1692
f 420 376 388
f 375 342 505
f 572 545 525
f 2177 3144 1978
f 3105 37 2333
f 1080 285 3762
f 303 3032 3555
f 1344 58 410
f 388 402 420
f 1319 2973 3862
f 3900 584 3187
f 303 3555 1117
f 2021 1586 3038
f 1909 1941 2907
f 404 391 579
f 424 329 442
f 457 407 406
f 579 391 443
f 662 1468 3576
f 392 393 475
f 444 411 307
f 393 379 310
f 323 459 394
f 292 411 243
f 448 294 447
f 395 479 312
f 15 26 29
f 648 2194 955
f 337 517 430
f 434 383 400
f 452 401 413
f 370 452 417
f 417 385 370
f 437 502 373
f 1978 3367 2177
f 3886 3009 284
f 3820 955 2194
f 1067 3593 2548
f 328 388 376
f 3673 3820 671
f 702 847 3125
f 636 639 3037
f 458 474 445
f 2548 1941 128
f 2298 3789 658
f 442 531 424
f 311 381 428
f 553 354 405
f 582 444 553
f 408 442 392
f 1488 2525 368
f 2820 1983 1934
f 910 1069 1122
f 3897 945 905
f 599 3531 3675
f 294 429 447
f 1026 1941 1909
f 558 561 460
f 413 401 414
f 396 538 496
f 399 338 432
f 433 452 413
f 434 400 398
f 383 434 436
f 385 417 523
f 1909 1049 204
f 503 386 383
f 371 385 523
f 401 372 374
f 3570 1844 1342
f 128 1067 2548
f 425 377 485
f 1488 368 983
f 439 402 343
f 404 469 249
f 516 446 460
f 377 425 301
f 1217 964 930
f 1226 2548 3593
f 3234 3704 3352
f 3380 128 1941
f 558 411 444
f 393 310 476
f 3325 3095 1516
f 426 747 3846
f 476 310 394
f 826 2345 1243
f 430 567 398
f 463 361 399
f 401 450 414
f 338 435 432
f 503 383 436
f 467 483 374
f 446 412 460
f 1319 2065 1049
f 713 593 612
f 439 343 375
f 2619 1709 822
f 3308 2453 2069
f 421 472 439
f 470 421 439
f 1592 1282 1292
f 1297 3977 3287
f 453 526 405
f 457 301 574
f 640 524 659
f 531 487 424
f 472 402 439
f 386 503 342
f 406 301 457
f 421 576 490
f 456 421 490
f 2118 226 3728
f 445 474 391
f 445 513 532
f 475 534 408
f 475 393 476
f 266 330 267
f 521 591 633
f 428 459 460
f 461 412 446
f 448 447 396
f 391 345 445
f 204 1026 1909
f 92 40 57
f 199 175 235
f 1623 536 3489
f 503 505 342
f 377 371 485
f 1584 1469 1540
f 469 543 249
f 525 403 471
f 549 424 487
f 1723 1765 1735
f 421 470 576
f 424 549 453
f 2635 854 1790
f 425 574 301
f 411 558 459
f 829 2311 2121
f 513 618 600
f 2021 3038 1018
f 513 445 293
f 476 394 515
f 3593 2599 3862
f 515 394 459
f 460 459 558
f 3511 2130 921
f 521 452 433
f 680 433 414
f 401 593 450
f 288 289 298
f 3469 2576 3296
f 401 374 593
f 192 540 2378
f 571 437 376
f 2140 134 2047
f 414 450 631
f 3446 3780 3948
f 471 403 577
f 486 470 439
f 2930 2864 3989
f 137 172 249
f 1854 3187 3470
f 588 822 2009
f 414 433 413
f 3838 3466 1076
f 487 531 581
f 3886 272 2815
f 2497 3736 657
f 3516 3752 3567
f 361 463 539
f 515 459 477
f 477 428 381
f 265 945 3574
f 519 429 361
f 2940 812 1205
f 567 430 517
f 463 565 539
f 558 444 582
f 3886 2743 272
f 1107 2157 3026
f 432 482 498
f 590 434 398
f 463 399 432
f 435 482 432
f 482 435 541
f 521 417 452
f 502 541 435
f 374 483 593
f 501 1765 1777
f 571 376 545
f 371 638 485
f 376 420 545
f 524 506 486
f 1746 3459 2020
f 453 549 507
f 1049 2065 204
f 512 577 402
f 511 525 471
f 530 511 471
f 421 456 472
f 443 492 579
f 487 581 549
f 618 513 409
f 3727 2657 197
f 473 3931 2191
f 3958 3702 2170
f 2599 1636 3862
f 1075 3651 171
f 651 381 336
f 627 312 479
f 312 627 494
f 3039 2794 2606
f 3862 1636 1319
f 134 468 2047
f 519 447 429
f 631 520 414
f 208 264 327
f 279 227 293
f 2926 3722 2330
f 590 398 567
f 1322 601 905
f 593 466 612
f 142 113 133
f 467 543 768
f 2065 2331 204
f 1774 1771 1912
f 375 505 524
f 574 485 638
f 273 244 296
f 485 574 425
f 543 467 249
f 420 403 525
f 420 525 545
f 526 453 507
f 486 375 524
f 204 2331 1026
f 1285 1026 2331
f 404 548 469
f 506 527 470
f 718 582 553
f 510 548 404
f 1033 3896 2016
f 3928 3658 1689
f 2756 555 2828
f 404 579 510
f 456 620 472
f 1370 45 2506
f 490 620 456
f 512 402 472
f 588 2009 3971
f 1355 3769 1396
f 235 330 306
f 3769 1246 1396
f 882 751 725
f 516 460 561
f 538 564 517
f 1716 2429 749
f 602 480 4000
f 4000 480 705
f 519 589 538
f 519 361 539
f 18 31 24
f 414 520 680
f 432 498 463
f 593 631 450
f 568 436 499
f 521 523 417
f 541 502 570
f 1285 3380 1026
f 437 571 570
f 523 638 371
f 439 375 486
f 3480 1400 2267
f 2163 1125 798
f 1858 3911 95
f 1487 2579 3750
f 548 510 528
f 3076 1357 3083
f 366 222 424
f 134 2164 364
f 618 457 574
f 510 579 575
f 2591 3769 1355
f 775 1971 3925
f 458 557 474
f 3635 2529 3155
f 747 3642 1999
f 600 532 513
f 476 534 475
f 651 515 477
f 771 1155 911
f 884 3683 2938
f 2606 2794 2370
f 495 703 480
f 519 538 447
f 496 538 517
f 680 681 433
f 1503 3835 3959
f 412 428 460
f 1164 698 547
f 523 522 542
f 659 503 614
f 570 571 715
f 3732 1171 3768
f 3508 2127 1634
f 3297 3477 3350
f 574 638 664
f 525 598 572
f 280 256 337
f 598 525 511
f 1996 2502 746
f 1246 1447 1396
f 511 616 598
f 2599 1067 1866
f 577 512 617
f 665 490 576
f 616 511 580
f 386 342 327
f 474 443 391
f 667 620 490
f 150 3392 1637
f 720 557 532
f 557 458 532
f 655 737 765
f 819 274 278
f 408 534 493
f 474 557 492
f 1447 1355 1396
f 3155 746 2502
f 621 622 620
f 399 350 338
f 3522 1743 62
f 3382 3394 1570
f 193 3899 2806
f 2118 2277 226
f 567 517 564
f 539 589 519
f 631 630 520
f 941 79 3306
f 760 762 996
f 904 655 765
f 713 631 593
f 724 363 45
f 482 634 498
f 696 2525 3346
f 312 254 395
f 651 494 627
f 2488 2268 2575
f 523 542 739
f 466 467 612
f 505 503 659
f 571 545 774
f 524 505 659
f 571 774 715
f 689 832 1012
f 530 580 511
f 752 1405 1388
f 3911 3383 1820
f 575 643 528
f 1066 3789 1795
f 3325 562 3095
f 530 838 580
f 1034 2997 3392
f 392 442 242
f 169 245 133
f 2254 3984 3574
f 534 476 649
f 864 1085 1063
f 3574 963 2254
f 446 516 4001
f 2065 1319 1636
f 285 745 3762
f 604 586 603
f 945 963 3574
f 334 1328 325
f 563 586 587
f 563 606 586
f 678 603 586
f 675 894 677
f 119 122 220
f 538 589 737
f 1021 3356 3598
f 566 630 631
f 632 499 590
f 2460 1220 3810
f 568 569 436
f 708 587 586
f 1605 3549 3367
f 436 569 614
f 633 522 521
f 611 482 541
f 2599 1866 53
f 503 436 614
f 1560 3377 750
f 523 739 638
f 543 469 912
f 469 548 912
f 2599 53 1636
f 1858 95 1668
f 527 506 640
f 1054 2770 285
f 553 526 803
f 3865 1066 1179
f 953 780 644
f 3886 3008 3009
f 530 577 617
f 620 622 512
f 557 619 492
f 622 670 512
f 539 565 589
f 667 490 665
f 3008 3886 2815
f 582 625 558
f 3039 2606 2691
f 694 4001 516
f 2314 2631 2248
f 3380 3070 128
f 963 945 3897
f 586 606 678
f 2953 3153 3085
f 323 243 411
f 3539 2215 1259
f 411 459 323
f 3896 3013 2975
f 538 737 655
f 565 682 589
f 564 590 567
f 1916 3373 1285
f 558 691 561
f 482 611 634
f 613 541 871
f 428 477 459
f 1011 3308 3268
f 595 507 660
f 549 716 507
f 595 803 526
f 574 664 644
f 601 1322 251
f 2021 2374 552
f 580 837 616
f 688 549 581
f 512 670 617
f 600 618 644
f 665 723 667
f 581 493 719
f 1950 352 1375
f 188 129 211
f 620 667 621
f 718 625 582
f 670 623 726
f 534 626 493
f 626 534 649
f 670 622 623
f 2453 949 3339
f 3380 1285 3373
f 699 650 651
f 1031 3531 2709
f 2783 2460 3818
f 179 292 161
f 604 603 755
f 1031 3675 3531
f 1913 608 3974
f 680 520 795
f 520 630 795
f 588 2619 822
f 3607 702 3543
f 3791 3366 1516
f 564 632 590
f 682 498 634
f 731 604 755
f 522 635 542
f 1916 1285 2331
f 611 541 613
f 570 871 541
f 251 2629 601
f 2121 144 829
f 791 708 821
f 687 803 595
f 806 664 638
f 886 185 286
f 716 660 507
f 3782 45 1687
f 553 803 718
f 688 716 549
f 810 688 581
f 517 337 496
f 548 807 641
f 579 619 575
f 1768 817 3525
f 617 838 530
f 531 493 581
f 781 622 621
f 596 3604 2495
f 714 3319 3307
f 515 785 476
f 753 516 691
f 753 694 516
f 1313 2007 2215
f 391 172 233
f 3829 3936 3940
f 3645 3729 3367
f 1560 1289 3385
f 703 495 700
f 1103 976 1279
f 586 731 708
f 764 606 563
f 3791 1516 907
f 134 364 2136
f 1000 936 1145
f 698 2847 209
f 591 521 433
f 638 740 637
f 611 613 634
f 2874 3149 935
f 569 568 632
f 768 612 467
f 871 570 715
f 86 2933 1256
f 832 689 659
f 1388 1705 1395
f 774 572 598
f 3070 1533 128
f 739 542 635
f 640 689 527
f 3725 3310 3026
f 612 684 713
f 600 644 780
f 719 810 581
f 557 880 619
f 752 17 2726
f 247 327 342
f 626 719 493
f 2783 3818 2442
f 783 725 670
f 3944 2027 3941
f 781 690 623
f 921 2964 2543
f 753 691 920
f 1123 3958 2170
f 701 697 704
f 603 789 652
f 434 499 436
f 729 700 495
f 675 704 697
f 43 64 16
f 2429 1723 116
f 2180 3118 349
f 704 707 733
f 675 707 704
f 2667 2326 3716
f 985 782 883
f 971 348 3253
f 1582 2065 1636
f 707 677 734
f 3243 1355 1447
f 3791 907 3273
f 791 587 708
f 606 793 678
f 825 606 764
f 970 737 589
f 633 681 656
f 643 575 779
f 863 566 713
f 633 591 681
f 2263 504 1403
f 2815 272 3512
f 3896 3982 669
f 595 660 687
f 1372 2180 2461
f 2980 2148 2134
f 3772 735 1495
f 681 591 433
f 930 1494 1217
f 778 665 527
f 635 522 633
f 1582 1636 53
f 981 575 619
f 1066 2928 1179
f 780 720 600
f 644 776 836
f 1161 2331 2065
f 625 718 914
f 1126 2389 2864
f 721 880 557
f 617 725 838
f 101 1494 2614
f 691 625 954
f 1246 2714 1447
f 2543 1485 2055
f 650 785 515
f 1123 2354 3958
f 2118 3463 2277
f 602 694 729
f 784 120 3479
f 3834 2912 3595
f 530 471 577
f 818 4000 705
f 993 708 731
f 789 603 678
f 679 587 791
f 793 706 678
f 3790 3395 949
f 115 3985 3246
f 682 970 589
f 795 858 680
f 2065 2581 3947
f 904 564 655
f 3782 1642 45
f 3073 3035 2591
f 681 680 656
f 869 634 613
f 493 442 408
f 612 768 684
f 829 3139 2311
f 686 614 569
f 1161 3373 1916
f 3736 2614 1464
f 659 614 832
f 876 715 774
f 3346 3422 696
f 548 641 912
f 526 507 595
f 664 806 776
f 643 807 573
f 725 617 670
f 836 953 644
f 665 778 723
f 667 723 621
f 557 720 721
f 914 954 625
f 2295 3044 2298
f 2239 3373 1161
f 781 923 690
f 725 783 882
f 3706 1375 3808
f 895 3381 3557
f 2933 1519 2930
f 2930 1519 1847
f 726 623 727
f 813 788 693
f 694 753 850
f 656 680 858
f 1179 2912 3834
f 4002 932 627
f 943 796 799
f 928 894 675
f 2581 2239 3947
f 200 202 201
f 466 593 483
f 130 416 2801
f 2985 1142 195
f 785 649 476
f 3191 2316 3514
f 793 606 825
f 3569 3576 1468
f 632 564 904
f 684 863 713
f 626 649 839
f 1080 1054 285
f 1161 3947 2239
f 1111 390 884
f 1254 3317 156
f 1047 781 723
f 3013 3035 160
f 687 660 873
f 1999 3846 747
f 843 783 670
f 774 598 878
f 1841 318 2208
f 644 664 776
f 878 598 616
f 718 803 914
f 810 719 952
f 3395 3728 226
f 575 981 779
f 837 580 838
f 53 1866 3802
f 780 721 720
f 952 719 626
f 1054 1849 2770
f 3437 559 2557
f 723 781 621
f 785 839 649
f 693 788 786
f 960 890 699
f 694 931 729
f 701 813 693
f 852 731 755
f 402 577 403
f 676 3570 1342
f 682 565 498
f 818 4002 4000
f 2039 1866 1067
f 678 706 789
f 1055 790 705
f 790 818 705
f 1075 171 356
f 2531 77 2471
f 1779 120 784
f 1270 3613 654
f 451 3658 3654
f 368 1004 1292
f 878 876 774
f 762 823 996
f 823 734 936
f 184 3651 1075
f 970 682 796
f 863 766 566
f 2570 3977 3799
f 766 863 903
f 799 682 634
f 797 739 635
f 2384 3532 291
f 740 739 797
f 767 770 769
f 613 685 869
f 685 871 909
f 770 801 769
f 3287 2555 2537
f 1110 856 966
f 1510 3337 1236
f 3765 78 1569
f 801 772 769
f 1038 543 912
f 738 2219 746
f 62 3882 3143
f 2191 2395 473
f 1041 641 807
f 777 616 837
f 878 616 777
f 2796 1152 1437
f 880 981 619
f 3346 2525 1965
f 3061 21 994
f 2928 1066 1561
f 725 985 838
f 3984 1849 653
f 1297 3463 3977
f 920 691 954
f 839 952 626
f 924 727 690
f 3373 2274 3070
f 366 424 453
f 890 650 699
f 1192 1135 1247
f 928 693 786
f 2948 2530 2711
f 931 700 729
f 1958 3985 115
f 813 701 757
f 3863 3832 3241
f 2009 1136 3971
f 3026 3310 1107
f 675 697 928
f 1055 703 700
f 391 404 172
f 733 707 760
f 1103 3066 3845
f 3799 3977 2118
f 1950 3707 352
f 764 679 965
f 997 823 857
f 766 795 630
f 795 937 858
f 845 849 3483
f 796 1115 970
f 2478 3142 3836
f 652 755 603
f 684 768 867
f 800 686 632
f 767 769 828
f 3899 1277 465
f 770 767 946
f 769 772 830
f 771 740 866
f 772 872 830
f 782 919 883
f 772 687 873
f 715 876 871
f 803 772 801
f 873 872 772
f 873 660 716
f 2513 2535 51
f 873 716 1069
f 1058 1820 746
f 1015 810 952
f 779 808 643
f 3868 3863 3312
f 956 751 882
f 351 338 350
f 727 926 726
f 764 563 679
f 839 1019 1017
f 785 890 959
f 753 920 957
f 706 1100 991
f 960 699 932
f 694 850 931
f 3589 2453 3308
f 587 679 563
f 932 699 627
f 16 64 23
f 705 703 1055
f 961 894 928
f 648 2156 2478
f 762 760 707
f 3021 1299 284
f 3810 1220 555
f 998 2700 2903
f 856 793 966
f 1330 1209 1157
f 940 656 858
f 3959 1144 1062
f 797 633 862
f 3875 2529 3635
f 2825 3711 761
f 740 797 866
f 1244 1269 1132
f 2756 3278 555
f 862 633 656
f 769 944 828
f 685 909 869
f 946 767 864
f 769 830 944
f 908 944 830
f 842 550 59
f 318 3381 895
f 908 830 872
f 637 771 911
f 806 637 911
f 1012 1071 689
f 914 803 801
f 978 716 810
f 716 688 810
f 747 3901 3642
f 150 382 1236
f 950 878 777
f 620 512 472
f 613 871 685
f 1045 880 721
f 916 837 838
f 838 985 916
f 881 782 751
f 924 690 923
f 841 923 781
f 783 925 882
f 3081 1370 2506
f 843 726 925
f 843 925 783
f 371 315 296
f 1009 3598 3119
f 925 926 927
f 926 924 991
f 788 919 786
f 1048 850 957
f 785 1019 839
f 814 788 813
f 957 850 753
f 3781 3378 3360
f 706 991 789
f 1781 1865 1706
f 325 1328 1491
f 12 29 38
f 2442 3818 2190
f 1288 1380 1290
f 708 993 897
f 3593 1067 2599
f 675 677 707
f 1254 1255 3165
f 3604 998 3765
f 418 2726 449
f 655 564 538
f 734 894 936
f 823 997 996
f 205 213 269
f 762 734 823
f 825 966 793
f 937 795 902
f 1716 1723 2429
f 969 863 684
f 17 1057 3130
f 3722 666 2667
f 1117 3555 1867
f 1253 1251 1109
f 834 776 806
f 1038 867 768
f 1177 596 3800
f 3901 747 2522
f 1038 768 543
f 807 548 528
f 770 1007 974
f 1903 597 1143
f 801 770 974
f 869 799 634
f 871 1186 909
f 1375 3706 3809
f 807 913 1041
f 494 336 312
f 1041 1040 641
f 834 806 911
f 1043 834 911
f 1057 1438 1370
f 939 940 858
f 3077 150 1236
f 836 1131 953
f 689 778 527
f 17 752 732
f 1888 111 3768
f 3038 1056 2969
f 956 881 751
f 841 988 923
f 2438 3310 3725
f 924 926 727
f 2417 2917 3414
f 3834 3064 3757
f 1019 785 959
f 867 1038 1181
f 892 814 757
f 891 700 931
f 1934 1983 552
f 2506 45 1642
f 3982 1250 1339
f 3482 1777 1765
f 1328 1296 1491
f 1723 3482 1765
f 757 701 704
f 1109 1112 1431
f 3865 745 317
f 565 463 498
f 1207 1115 1235
f 733 760 757
f 757 704 733
f 898 821 1025
f 934 793 856
f 1907 2686 1031
f 518 2645 628
f 1470 3987 3472
f 847 846 933
f 1299 3688 3725
f 1079 760 996
f 407 457 409
f 1875 185 886
f 1250 2975 2042
f 3896 2975 1250
f 737 1032 765
f 1032 737 970
f 391 233 241
f 903 863 969
f 197 666 3722
f 1231 940 939
f 3711 2825 2495
f 767 1064 1085
f 1085 864 767
f 828 944 1064
f 1431 1253 1109
f 1086 866 797
f 2667 2330 3722
f 1075 3709 3430
f 3070 2274 3703
f 3716 2330 2667
f 832 686 1068
f 635 633 797
f 1152 2796 3894
f 914 801 948
f 3880 820 905
f 78 2985 1569
f 2251 2849 1971
f 2239 2274 3373
f 2543 2649 1485
f 780 1045 721
f 778 1188 723
f 756 933 846
f 1018 2374 2021
f 1093 841 1047
f 1092 957 920
f 1395 1705 773
f 2938 3683 3937
f 788 883 919
f 850 1048 958
f 925 956 882
f 473 2395 2900
f 848 923 988
f 1323 1467 1151
f 320 3789 3578
f 3059 1718 3824
f 1071 778 689
f 761 3212 2825
f 852 755 988
f 88 3846 1515
f 961 928 1023
f 932 818 790
f 585 1897 1106
f 62 3143 1917
f 1941 1026 3380
f 821 897 1025
f 839 1133 952
f 2858 1087 120
f 821 965 791
f 1355 3073 2591
f 894 1145 936
f 936 857 823
f 848 991 923
f 3765 2903 78
f 1001 902 766
f 806 638 637
f 1239 1122 1069
f 1849 1054 3963
f 3830 2295 2254
f 2295 3830 3044
f 765 1083 904
f 586 604 731
f 1086 797 862
f 943 1115 796
f 946 1007 770
f 869 909 1065
f 1007 946 1006
f 686 800 973
f 677 894 734
f 931 850 958
f 977 1186 871
f 977 871 876
f 872 873 910
f 760 892 757
f 993 731 852
f 1844 653 1849
f 641 1040 912
f 801 974 948
f 2440 2430 3725
f 2375 3534 52
f 905 820 3897
f 390 3166 3683
f 3191 3069 3903
f 1179 3834 3865
f 808 779 1044
f 3077 3392 150
f 1834 2384 291
f 780 953 1160
f 1016 1045 780
f 673 171 2251
f 954 914 1092
f 920 954 1092
f 987 985 883
f 919 782 881
f 788 987 883
f 956 925 990
f 927 1095 925
f 2935 3937 784
f 2156 344 661
f 1569 2985 2060
f 1074 1166 988
f 788 814 1137
f 720 532 600
f 1735 1887 109
f 932 790 1024
f 852 992 993
f 2858 120 2861
f 898 1025 1105
f 2273 2280 3287
f 3549 609 2487
f 775 3925 546
f 566 766 630
f 1184 71 1710
f 764 1113 825
f 2730 3992 1595
f 1595 3992 3719
f 1083 765 1032
f 939 858 937
f 109 2759 2429
f 1078 3654 102
f 1063 946 864
f 943 799 1065
f 3653 102 2262
f 869 1065 799
f 1588 58 3871
f 866 1155 771
f 247 219 186
f 3765 1569 2495
f 1038 912 1040
f 592 3462 3961
f 2495 1569 3711
f 977 876 1269
f 2624 2016 669
f 2893 1561 3848
f 658 3789 317
f 3861 251 3539
f 116 1723 1735
f 981 1044 779
f 950 777 1132
f 3378 3781 3524
f 1368 1305 1336
f 1743 3372 3882
f 1515 3846 3646
f 2148 2142 1847
f 3604 3765 2495
f 984 1133 839
f 1039 3035 2306
f 919 1051 786
f 1051 919 881
f 3325 1516 3366
f 1077 1095 927
f 967 1755 3901
f 1096 927 926
f 596 1177 3604
f 928 786 1051
f 3789 2774 3578
f 890 960 959
f 171 673 356
f 3996 3469 3475
f 1934 942 3139
f 2825 596 2495
f 3139 942 2311
f 1100 706 934
f 771 637 740
f 1780 1350 2771
f 1105 962 898
f 961 1108 894
f 898 962 821
f 2208 318 3315
f 962 965 821
f 3765 998 2903
f 1000 857 936
f 965 1113 764
f 1147 902 1001
f 1855 2138 900
f 1115 1207 970
f 700 891 1055
f 1064 1036 1085
f 3061 3334 1510
f 908 1008 944
f 1315 2529 3875
f 1183 944 1008
f 1742 1752 773
f 972 1088 800
f 364 2163 2136
f 1088 972 1153
f 1034 3392 3871
f 1008 910 1122
f 26 89 75
f 1068 1363 1012
f 761 3711 1241
f 1015 1128 978
f 948 1014 914
f 913 808 1159
f 3522 1917 410
f 17 3130 2726
f 1043 1131 834
f 1045 1072 880
f 1132 777 916
f 1160 1016 780
f 1052 1307 1019
f 1288 1290 1174
f 3057 3218 111
f 3428 3774 192
f 1082 969 1116
f 988 841 1074
f 990 1051 881
f 766 902 795
f 1137 987 788
f 958 1048 1098
f 3356 3868 3598
f 3479 1171 3732
f 3090 3082 1027
f 1309 1139 1102
f 960 1052 959
f 3312 3598 3868
f 932 1052 960
f 1023 928 1283
f 1834 1060 2393
f 925 1095 990
f 1019 959 1052
f 1139 932 1024
f 1405 1733 1388
f 897 992 1025
f 3548 1927 3824
f 993 992 897
f 658 1954 2298
f 1079 996 1109
f 3901 743 3441
f 1256 2933 3721
f 962 1453 965
f 903 1001 766
f 1000 997 857
f 746 3155 738
f 1159 1334 1333
f 3832 1468 3241
f 572 774 545
f 1479 1532 1693
f 1083 1149 904
f 2014 596 2825
f 3976 362 2500
f 3602 3874 3876
f 1116 969 867
f 514 1581 763
f 3592 3130 1057
f 2985 78 1142
f 134 2136 798
f 946 1063 1006
f 767 828 1064
f 2917 802 3296
f 890 785 650
f 1119 1156 1007
f 1732 3620 3422
f 1088 973 800
f 909 1186 1157
f 948 974 1007
f 3323 3576 3055
f 913 1159 1042
f 3836 3142 3845
f 1014 1092 914
f 1072 1044 981
f 1245 1132 916
f 464 1073 1059
f 1015 952 1133
f 3268 192 3774
f 128 1533 1067
f 3742 1786 4
f 1017 984 839
f 881 956 990
f 926 991 1096
f 852 988 1166
f 1101 958 1098
f 928 1051 1283
f 958 891 931
f 2602 2898 504
f 3077 1236 2786
f 3800 596 2014
f 2556 3073 1355
f 3081 1057 1370
f 1090 761 1134
f 901 3687 815
f 124 3666 3933
f 2714 1246 13
f 3377 1560 3385
f 934 856 1110
f 1764 415 431
f 894 1108 1252
f 1145 894 1252
f 1371 1365 885
f 966 825 1113
f 2146 1177 3800
f 2186 671 3820
f 3901 1755 3642
f 1063 1085 1084
f 979 1326 2984
f 1084 1174 1063
f 1503 500 3895
f 1086 1151 866
f 1119 1007 1006
f 3995 749 86
f 1121 1038 1040
f 1124 1186 977
f 1094 1195 1196
f 1089 1041 1042
f 1128 1298 978
f 2881 3290 3286
f 1269 876 950
f 3072 2701 2702
f 2976 238 859
f 1128 1015 1091
f 808 1271 1159
f 808 1044 1271
f 528 510 575
f 1015 1133 1091
f 632 904 972
f 166 2761 1028
f 1190 1072 1045
f 1016 1190 1045
f 1481 2146 3800
f 1048 1092 1303
f 4002 818 932
f 756 1919 3273
f 1867 722 1301
f 990 1094 1051
f 3595 2859 3834
f 1077 1096 1138
f 891 1101 1055
f 41 901 815
f 790 1168 1024
f 1168 790 1055
f 1996 746 1820
f 962 1105 1169
f 1036 1173 1085
f 2594 3590 3426
f 996 997 1109
f 1173 1148 1085
f 1355 3174 2556
f 1002 903 1081
f 937 902 1257
f 939 937 1257
f 1002 1147 1001
f 1082 1081 903
f 2042 1621 1642
f 1148 1084 1085
f 1047 841 781
f 1728 1630 1599
f 1149 972 904
f 1183 1064 944
f 1065 1235 943
f 2548 1226 1941
f 1006 1063 1182
f 1006 1182 1119
f 1181 1116 867
f 3320 583 2087
f 1453 1483 1225
f 1088 1211 973
f 1846 3916 322
f 3212 827 2825
f 143 798 1125
f 3212 761 1090
f 1155 1158 911
f 1069 978 1298
f 849 3727 1062
f 1012 1216 1071
f 2920 1561 2893
f 1160 953 1131
f 1044 1072 1272
f 3130 2653 2726
f 800 632 972
f 1897 585 2699
f 3414 2801 46
f 1247 987 1137
f 1095 1094 990
f 390 2886 3166
f 1138 1097 1077
f 1077 1097 1095
f 1431 1112 1000
f 1392 1445 1366
f 1494 930 3540
f 1024 1102 1139
f 360 3769 359
f 1100 1346 1429
f 2202 2099 1998
f 3831 529 3968
f 1025 1167 1105
f 1024 1168 1102
f 1023 1108 961
f 1201 1202 1249
f 427 3718 1022
f 1202 1201 1109
f 3879 3357 2766
f 3762 3757 3064
f 3989 3721 2933
f 965 1225 1113
f 902 1147 1257
f 1081 1114 1176
f 1089 1214 1121
f 3197 3606 1348
f 969 1082 903
f 2039 1067 1533
f 2893 3848 1482
f 1180 1176 1114
f 1178 1064 1183
f 318 1841 1845
f 1847 2142 2930
f 1265 866 1151
f 3875 3635 2497
f 2344 854 2635
f 1008 1122 1208
f 1157 1065 909
f 817 1768 536
f 2629 251 2472
f 550 2665 59
f 903 1002 1001
f 1363 1068 973
f 3138 58 1344
f 911 1158 1332
f 1333 1214 1089
f 2700 1415 2903
f 861 2435 865
f 3968 529 3680
f 1103 1279 1880
f 3423 3309 3713
f 1271 1044 1272
f 1145 1458 1000
f 1190 1274 1072
f 363 724 360
f 1244 1132 1245
f 3789 320 1795
f 676 1259 2215
f 2849 3925 1971
f 1245 985 1135
f 2069 935 1967
f 841 1093 1074
f 872 910 908
f 2985 195 2060
f 1074 1093 1166
f 1097 1195 1095
f 1096 1100 1138
f 814 892 1137
f 1100 1096 991
f 2065 3947 1161
f 1097 1138 1312
f 2263 2006 2561
f 891 958 1101
f 1167 1169 1105
f 1453 962 1199
f 992 1167 1025
f 962 1169 1199
f 1522 1652 1363
f 814 813 757
f 78 2903 232
f 445 321 279
f 1123 481 805
f 353 1695 2450
f 1855 900 2378
f 1321 1261 1404
f 2980 2142 2148
f 614 686 832
f 1081 1176 1172
f 1230 1147 1002
f 1002 1081 1230
f 2898 489 504
f 1114 1081 1082
f 2039 3816 1866
f 1035 2042 1642
f 1382 1063 1174
f 1382 1262 1063
f 1188 1047 723
f 848 988 652
f 2974 949 2453
f 1306 1424 1341
f 1155 866 1265
f 1181 1038 1121
f 562 3325 2135
f 1157 1209 1065
f 1121 1040 1089
f 284 3009 3021
f 1068 1012 832
f 1188 1071 1216
f 1014 948 1130
f 1605 2559 3549
f 1189 1131 1043
f 1130 1092 1014
f 1016 1160 1190
f 1272 1072 1274
f 1125 1991 143
f 3061 1510 21
f 1470 3472 3980
f 3373 3070 3380
f 1047 1188 1336
f 1093 1047 1336
f 1048 957 1092
f 987 1247 1135
f 1338 1019 1307
f 527 576 470
f 1094 1095 1195
f 1194 1166 1093
f 59 859 842
f 1196 1281 1094
f 1958 2068 3935
f 1194 1167 1166
f 992 1166 1167
f 1168 1098 1223
f 2561 2006 497
f 1102 1168 1223
f 1137 892 1079
f 1137 1079 1201
f 2808 829 144
f 1197 1169 1167
f 1207 1235 1291
f 2069 2453 3339
f 3475 3469 1513
f 3977 2570 2563
f 1346 934 1110
f 2864 804 1484
f 1732 3422 3346
f 2774 2298 1376
f 997 1112 1109
f 3204 2917 3296
f 1175 224 3606
f 1339 1035 2017
f 1229 1147 1432
f 1072 981 880
f 1257 1147 1229
f 3754 1556 2040
f 877 1944 2121
f 1230 1081 1172
f 1170 2564 998
f 965 1453 1225
f 1083 1032 1352
f 817 536 1623
f 862 1061 1086
f 568 499 632
f 1064 1178 1036
f 3044 1376 2298
f 1086 1061 1323
f 848 789 991
f 1181 1180 1082
f 1082 1180 1114
f 1153 972 1149
f 1181 1264 1180
f 1183 1008 1208
f 1170 998 3604
f 1153 1149 1234
f 1119 1294 1156
f 1209 1235 1065
f 1181 1210 1264
f 3202 2323 2908
f 1153 1211 1088
f 1239 1208 1122
f 1181 1121 1210
f 3925 2854 546
f 3711 1569 2060
f 1186 1124 1157
f 2395 2191 2303
f 1210 1214 1212
f 1124 977 1266
f 948 1156 1187
f 1242 1069 1298
f 1266 977 1215
f 2594 893 1741
f 1215 977 1269
f 1043 1332 1189
f 1495 106 2616
f 1091 1133 1276
f 1276 1133 984
f 1435 1321 1404
f 1170 3604 1177
f 2378 3428 192
f 2686 281 2074
f 1402 1232 1434
f 1100 1429 1138
f 1167 1194 1197
f 1241 1134 761
f 1227 91 423
f 2829 3441 1780
f 1101 1098 1168
f 1199 1169 1197
f 1852 833 3195
f 2905 588 3971
f 72 85 63
f 2555 3977 2563
f 3244 3303 2860
f 112 167 132
f 3926 2531 65
f 1251 1202 1109
f 1304 1048 1303
f 2555 1141 2537
f 789 848 652
f 2900 2905 3971
f 558 625 691
f 1113 1225 966
f 1229 1287 1257
f 939 1257 1231
f 3937 3412 784
f 1173 1434 1148
f 1032 1207 1352
f 1234 1149 1083
f 103 76 75
f 1086 1323 1151
f 1234 1406 1356
f 1182 1063 1262
f 1324 1178 1183
f 1082 1116 1181
f 1294 1182 1263
f 1294 1119 1182
f 1139 1052 932
f 1329 1155 1265
f 197 2987 666
f 1069 1242 1239
f 449 2734 418
f 1156 1294 1360
f 1363 973 1213
f 1329 1158 1155
f 1211 1213 973
f 2297 2556 3174
f 1091 1298 1128
f 1130 948 1187
f 1219 1131 1189
f 2047 3801 672
f 2969 1018 3038
f 1324 1441 1261
f 2026 197 2657
f 1093 1305 1193
f 3800 2014 833
f 1093 1193 1194
f 1193 1221 1194
f 1048 1304 1098
f 3651 184 975
f 727 623 690
f 1051 1281 1283
f 1248 1312 1138
f 2008 559 1447
f 183 133 245
f 1304 1306 1098
f 454 1022 2730
f 1207 1032 970
f 3524 3427 3378
f 3243 1447 559
f 3655 2251 171
f 1023 1283 1343
f 1346 1100 934
f 1201 1247 1137
f 1202 1251 1249
f 1188 778 1071
f 955 646 648
f 320 1482 1795
f 1230 1377 1317
f 1434 1232 1148
f 3278 1674 555
f 1172 1176 1351
f 1083 1260 1234
f 1003 1724 1880
f 1176 1180 1351
f 3868 639 3863
f 833 2014 827
f 369 3592 3081
f 1734 2226 1729
f 359 1039 2044
f 1235 1209 1238
f 1643 1607 1608
f 1588 3890 3522
f 1212 1293 1210
f 2478 2156 661
f 1157 1124 1266
f 1816 3174 3243
f 1332 1158 1329
f 1334 1159 1271
f 3655 2849 2251
f 1218 1298 1091
f 1218 1091 1275
f 1392 1130 1187
f 262 3123 533
f 1557 2928 1561
f 1880 3066 1103
f 1273 1274 1190
f 3323 2204 3061
f 1303 1422 1304
f 2449 2482 2919
f 1373 1192 1284
f 2825 827 2014
f 1278 1197 1221
f 1052 1139 1307
f 1193 1278 1221
f 3736 1464 79
f 2945 1037 1111
f 1341 1309 1102
f 1312 1310 1097
f 1027 3082 1437
f 1223 1306 1341
f 1023 1343 1108
f 2726 418 415
f 1574 1476 1423
f 1056 3729 3260
f 1458 1145 1252
f 1431 1000 1458
f 1229 1432 1318
f 1432 1230 1317
f 1230 1172 1377
f 895 3315 318
f 1829 1835 1722
f 1332 1043 911
f 1231 1320 1323
f 2042 1640 1621
f 1321 1036 1261
f 1178 1261 1036
f 1382 1174 1290
f 1000 1112 997
f 1406 1234 1381
f 1234 1356 1153
f 3306 3978 3037
f 1585 1265 1151
f 698 1164 736
f 781 623 622
f 1235 1238 1291
f 2194 648 3836
f 1238 1209 1330
f 1554 1656 1390
f 1242 1411 1239
f 1432 1147 1230
f 1212 1214 1331
f 1331 1214 1333
f 2783 2749 3557
f 1042 1333 1089
f 1852 1898 2662
f 1215 1269 1244
f 1390 1334 1271
f 1273 1190 1160
f 1557 1561 2920
f 1179 2928 2912
f 1272 1274 1418
f 1276 1275 1091
f 362 3118 2500
f 1130 1337 1303
f 1130 1303 1092
f 1338 1276 984
f 1423 1338 1307
f 229 886 888
f 833 1481 3800
f 344 983 1587
f 3864 2500 3118
f 1247 1284 1192
f 2881 3673 3290
f 833 827 3195
f 1710 71 831
f 2635 1790 2458
f 1174 1084 1148
f 1197 1278 1199
f 987 1135 985
f 1429 1248 1138
f 1040 1041 1089
f 3243 3174 1355
f 2201 2099 2202
f 3293 3810 555
f 1251 1253 1249
f 3834 2859 3064
f 1079 1109 1201
f 1518 1490 1611
f 3008 2174 3009
f 1326 3637 2976
f 1225 1483 1316
f 1287 1229 1318
f 3848 1795 1482
f 555 1674 3293
f 3539 1259 3861
f 1148 1378 1288
f 1351 1377 1172
f 3290 1676 3286
f 3716 2324 1308
f 1341 1102 1223
f 1438 1057 17
f 862 940 1061
f 1291 1352 1207
f 518 628 1163
f 1852 3195 1898
f 2900 3971 473
f 1293 1264 1210
f 3286 2421 3531
f 1239 1411 1208
f 1330 1157 1266
f 1266 1593 1474
f 3395 3790 2981
f 1359 787 35
f 1349 3963 1054
f 3974 608 3097
f 1273 1418 1274
f 1130 1366 1337
f 1338 1275 1276
f 2139 277 3614
f 1393 1368 1336
f 1349 1342 3963
f 3788 367 979
f 2709 1907 1031
f 1307 1309 1423
f 2564 2700 998
f 1224 2244 1565
f 1142 232 1632
f 232 2124 1632
f 1309 1307 1139
f 878 950 876
f 3897 820 3006
f 1399 1312 1248
f 2678 3781 286
f 601 3880 905
f 3081 3592 1057
f 2417 3414 792
f 792 3414 46
f 1346 1110 1316
f 1430 1253 1431
f 2783 3557 3381
f 1142 78 232
f 1316 966 1225
f 1231 1257 1320
f 1831 1908 334
f 1378 1148 1232
f 3435 2564 1170
f 1582 2624 2581
f 1401 1320 1257
f 2570 3840 1165
f 1378 1380 1288
f 334 1908 1328
f 921 2130 2964
f 1080 3762 1222
f 1261 1178 1324
f 1351 1264 1439
f 3620 2771 3422
f 418 39 415
f 35 787 1375
f 1439 1264 1293
f 1348 224 2645
f 1521 1472 1384
f 1330 1358 1238
f 3666 124 2854
f 754 2435 3585
f 3991 562 2666
f 1362 1211 1356
f 1362 1213 1211
f 1363 1213 1522
f 1391 1242 1298
f 3861 2472 251
f 2544 2206 2834
f 1188 1216 1336
f 2378 900 915
f 1440 1352 1353
f 662 3576 3323
f 1393 1336 1216
f 1160 1219 1572
f 1572 1273 1160
f 3832 3569 1468
f 1366 1130 1392
f 3749 3747 3753
f 1368 1573 1477
f 3037 639 941
f 1423 1275 1338
f 1448 1135 1192
f 224 628 2645
f 1477 1305 1368
f 3645 3367 2487
f 702 1690 3543
f 1017 1019 1338
f 2761 166 728
f 1662 1421 1448
f 2798 646 2795
f 1343 1283 1281
f 1578 1289 2898
f 1429 1399 1248
f 1345 1249 1253
f 3290 3673 671
f 805 155 1123
f 418 2734 39
f 2734 2562 356
f 3032 2420 3555
f 1460 1580 1914
f 1377 1351 1379
f 1321 1435 1434
f 1381 1234 1260
f 573 528 643
f 2619 2324 3716
f 1262 1382 1263
f 2094 1872 1496
f 1327 1208 1411
f 1238 1384 1291
f 1411 1441 1327
f 1384 1238 1358
f 316 722 324
f 1340 1236 382
f 1212 1331 1413
f 1412 1411 1242
f 3143 3882 730
f 1213 1362 1522
f 1266 1474 1330
f 144 2121 605
f 1389 1333 1334
f 1231 1323 1061
f 1216 1363 1526
f 1334 1390 1497
f 483 467 466
f 1475 1390 1272
f 3000 3071 3134
f 1553 1572 1219
f 1475 1272 1418
f 1332 1523 1189
f 1218 1391 1298
f 3830 2254 963
f 134 2140 2164
f 1480 1305 1477
f 1288 1174 1148
f 3482 3484 1777
f 1305 1576 1278
f 1304 1532 1306
f 1427 1281 1310
f 2796 1437 3082
f 1454 1507 1312
f 1426 1309 1341
f 1278 1453 1199
f 1346 1509 1429
f 1537 1509 1346
f 2179 1896 1631
f 1108 1343 1579
f 3542 1832 585
f 3670 3668 1655
f 321 445 345
f 2886 2170 3702
f 1459 1317 1377
f 2934 2310 1203
f 1093 1336 1305
f 1402 1461 1378
f 1017 1338 984
f 2898 3184 489
f 2139 2678 185
f 1378 1490 1380
f 1146 2020 2908
f 1320 1465 1323
f 1540 1381 1260
f 3268 3774 1011
f 1261 1441 1872
f 1291 1353 1352
f 1304 1422 1532
f 1177 3031 1170
f 1210 1121 1214
f 1125 2303 2191
f 3727 1837 1062
f 1585 1151 1467
f 913 807 643
f 3892 1050 2831
f 1329 1265 1549
f 1330 1414 1358
f 3702 3958 2582
f 1362 1356 1548
f 1414 1330 1474
f 1331 1333 1389
f 1242 1391 1416
f 1565 870 540
f 262 259 3123
f 1189 1553 1219
f 1476 1218 1275
f 1418 1273 1572
f 2311 877 2121
f 1476 1275 1423
f 1244 1245 1529
f 1366 1445 1599
f 1198 1200 1927
f 2333 353 41
f 1337 1478 1422
f 1576 1305 1480
f 1677 1923 1782
f 1505 1373 1345
f 1360 1187 1156
f 1343 1281 1427
f 3057 438 1944
f 1858 1227 2521
f 2263 2561 504
f 509 3986 1857
f 1318 1514 1287
f 1257 1287 1514
f 1433 1459 1377
f 1098 1306 1223
f 1232 1402 1378
f 1637 3392 2997
f 1352 1260 1083
f 1379 1538 1433
f 3286 3531 599
f 1152 2188 1027
f 1352 1542 1540
f 3479 3475 1171
f 1542 1352 1440
f 3184 2354 155
f 1545 1404 1261
f 1380 1382 1290
f 1436 1379 1351
f 1406 1381 1469
f 1472 1440 1353
f 431 415 39
f 1436 1351 1439
f 1291 1384 1353
f 1409 1360 1263
f 1406 1546 1356
f 3995 86 3994
f 643 808 913
f 1386 1212 1413
f 1265 1585 1549
f 1522 1362 1567
f 1412 1242 1416
f 2653 3592 2896
f 3709 2896 3592
f 1476 1501 1218
f 239 169 275
f 2666 2637 3991
f 1187 1361 1392
f 3707 50 352
f 1389 1334 1497
f 2562 2896 1075
f 1501 1391 1218
f 1526 1393 1216
f 1475 1554 1390
f 1499 1445 1392
f 1603 1366 1599
f 1245 1135 1421
f 1423 1426 1574
f 438 2121 1944
f 1062 3483 849
f 1479 1424 1532
f 1421 1135 1448
f 1478 1337 1366
f 1426 1423 1309
f 102 3697 1683
f 2586 2900 2395
f 1509 1399 1429
f 2573 2291 1030
f 369 1940 3592
f 3618 2497 657
f 1579 1252 1108
f 1316 1483 1537
f 3167 1812 455
f 3855 728 166
f 1317 1459 1432
f 1257 1514 1401
f 2526 2177 1586
f 2298 2774 3789
f 1637 382 150
f 3802 1582 53
f 1777 3484 2138
f 1395 13 744
f 724 1370 1438
f 1583 1465 1320
f 1816 3243 508
f 3081 3650 2004
f 1467 1323 1465
f 1263 1382 1409
f 1471 1380 1493
f 3371 1206 3376
f 1441 1324 1327
f 2858 995 3928
f 1409 1361 1360
f 3195 827 3375
f 1413 1331 1591
f 51 50 2513
f 1593 1266 1500
f 1363 1596 1526
f 1189 1523 1568
f 2975 3013 3389
f 1553 1189 1568
f 2643 2790 1090
f 1281 1196 1310
f 1266 1215 1500
f 1368 1393 1502
f 1529 1245 1660
f 1445 1555 1599
f 3956 3375 827
f 2028 845 3987
f 1366 1603 1478
f 3893 2274 2239
f 812 624 1205
f 1451 1278 1576
f 1424 1426 1341
f 3212 1090 2650
f 1192 1505 1448
f 1434 1173 1321
f 1284 1201 1249
f 3375 3915 2679
f 88 1515 184
f 3595 2912 1517
f 1483 1453 1451
f 1456 1507 1399
f 1507 1454 1399
f 1430 1455 1253
f 2945 877 3359
f 3875 2497 3618
f 1252 1633 1458
f 144 1204 2808
f 1620 1499 1392
f 1460 1459 1433
f 1600 1477 1573
f 1633 1431 1458
f 1318 1432 1512
f 3532 674 3912
f 1402 1434 1462
f 1455 1505 1253
f 1404 1539 1435
f 1539 1404 1545
f 2226 3392 3077
f 1465 1615 1467
f 3376 2829 1780
f 1540 1469 1381
f 3960 259 2490
f 3070 3209 1533
f 1353 1384 1472
f 1358 1521 1384
f 3894 3108 1152
f 3340 3351 454
f 1649 1361 1409
f 1411 1412 1496
f 100 99 84
f 1389 1497 1622
f 1389 1591 1331
f 3727 849 2657
f 1236 3337 2786
f 212 355 1639
f 833 1852 1543
f 3592 1940 3709
f 75 112 103
f 3650 3081 2506
f 2629 544 736
f 1477 1600 1480
f 1497 1758 1622
f 1444 1475 1418
f 1573 1368 1502
f 1510 3334 3337
f 559 508 3243
f 1505 1192 1373
f 2024 2124 232
f 1352 1540 1260
f 1451 1453 1278
f 1509 1456 1399
f 2004 369 3081
f 1432 1459 1512
f 2197 3820 2194
f 1868 1638 1809
f 231 1953 1628
f 1707 1462 1434
f 1640 2042 2975
f 1558 1378 1461
f 1466 1538 1379
f 1680 508 455
f 1531 212 1639
f 1872 1545 1261
f 1518 1611 1749
f 1585 1467 1715
f 1382 1380 1471
f 1520 1469 1492
f 935 594 2874
f 1382 1471 1409
f 1520 1546 1406
f 1222 3762 3064
f 2229 3677 763
f 3576 3569 3055
f 1348 3606 224
f 1770 1462 1990
f 1754 1414 1474
f 1652 1522 1566
f 1497 1390 1758
f 3569 3832 3557
f 3679 1053 3957
f 1392 1361 1620
f 1758 1390 1656
f 1129 3968 3680
f 209 547 698
f 1444 1418 1572
f 1499 1555 1445
f 1526 1502 1393
f 2423 1924 846
f 1695 3125 2208
f 3831 1300 1050
f 3391 2200 3385
f 1680 355 126
f 1455 1430 1535
f 1483 1451 1731
f 3816 3802 1866
f 2069 1967 2857
f 1547 1551 2881
f 1483 1731 1537
f 410 58 1588
f 763 3677 514
f 1450 2204 3323
f 1607 1558 1461
f 2940 3910 3508
f 1731 1451 1805
f 1583 1401 1514
f 3125 1690 702
f 1493 1380 1490
f 1615 1465 1583
f 1584 1540 1612
f 647 73 2535
f 1493 1490 1518
f 1132 1269 950
f 1496 1441 1411
f 2458 1790 2688
f 1361 1649 1473
f 1564 1496 1412
f 1413 1617 1386
f 1414 1619 1358
f 1585 1563 1549
f 1653 1362 1548
f 1416 1564 1412
f 1473 1651 1361
f 1356 1546 1548
f 2564 2 1415
f 1549 1523 1329
f 2121 438 605
f 1557 2920 2803
f 3008 2815 3004
f 1974 1391 1501
f 1882 3511 281
f 1241 2643 1134
f 846 1919 756
f 2024 232 2903
f 1597 1475 1444
f 2024 2903 1415
f 3840 2570 3799
f 3781 3360 286
f 1478 1532 1422
f 2928 1557 3610
f 1576 1480 1575
f 992 852 1166
f 488 3394 3382
f 122 92 93
f 1507 1456 1696
f 1303 1337 1422
f 1509 1665 1456
f 1271 1272 1390
f 3427 2995 2756
f 1310 1196 1097
f 3810 3818 2460
f 1512 1459 1670
f 1681 355 212
f 1583 1514 1486
f 1142 2066 195
f 242 332 392
f 492 619 579
f 1542 1712 1614
f 1562 1472 1521
f 1466 1436 1778
f 1440 1712 1542
f 2783 2442 2749
f 1472 1562 1440
f 1439 1386 1589
f 943 1235 1115
f 1619 1521 1358
f 1478 1760 1532
f 1564 2094 1496
f 851 3294 1258
f 2436 3768 1171
f 1754 1619 1414
f 1622 1591 1389
f 1522 1567 1566
f 1474 1593 1550
f 1494 101 1217
f 1686 1553 1568
f 2130 3511 1882
f 1529 1659 1500
f 2564 1415 2700
f 3512 3004 2815
f 676 3012 1259
f 1660 1245 1421
f 1610 1538 1466
f 2954 2669 2892
f 1507 1762 1427
f 1343 1427 1762
f 1652 1596 1363
f 320 3060 1482
f 1711 1545 1872
f 1633 1535 1430
f 2352 3049 2847
f 1665 1696 1456
f 3717 2854 2696
f 2869 3073 3152
f 1459 1460 1670
f 1486 1512 1670
f 3956 827 3212
f 3014 3897 3006
f 1580 1433 1538
f 900 3760 915
f 1670 1671 1486
f 2555 2563 1141
f 1539 1707 1435
f 1346 1316 1537
f 2895 3031 1177
f 942 1934 3451
f 1240 3741 3689
f 3340 2730 1595
f 3489 3462 2346
f 3074 1003 1295
f 979 2984 2697
f 3375 3956 1398
f 1134 2643 1090
f 1441 1496 1872
f 1471 1493 1647
f 2323 2561 2908
f 1518 1749 1493
f 3797 3685 3841
f 1751 1546 1646
f 1589 1617 1650
f 3585 326 324
f 1564 1974 1618
f 1652 1566 1590
f 1474 1550 1754
f 1672 1871 1923
f 1617 1413 1591
f 2680 842 2057
f 1568 1523 1937
f 1593 1500 1685
f 214 1177 2146
f 1499 1620 1594
f 1974 1416 1391
f 1627 1974 1501
f 1499 1594 1571
f 1727 1554 1597
f 784 3412 1779
f 1475 1597 1554
f 1599 1630 1603
f 1803 1476 1574
f 1760 1693 1532
f 3202 2908 3459
f 1604 1574 1479
f 1479 1693 1604
f 2801 615 130
f 1696 1762 1507
f 1526 1596 1657
f 1758 1727 1839
f 1378 1558 1490
f 1664 1665 1509
f 1607 1461 1702
f 1486 1514 1512
f 1046 3351 3340
f 3774 3428 3238
f 10 3904 1768
f 518 248 3069
f 1607 1643 1558
f 2537 1141 609
f 2472 544 2629
f 1610 1466 1778
f 1583 1644 1615
f 915 3428 2378
f 2634 3987 3483
f 278 2666 2135
f 1165 2563 2570
f 3776 3049 2352
f 1520 1646 1546
f 1647 1649 1409
f 1409 1471 1647
f 3968 1308 2324
f 2304 3958 2354
f 2639 2622 2658
f 888 886 1785
f 1521 1619 1648
f 1617 1589 1386
f 1548 1751 1682
f 1603 1631 1478
f 2178 2423 3607
f 1651 1620 1361
f 2622 1815 2658
f 2761 1602 1028
f 1550 1593 1684
f 1624 1686 1568
f 3635 3155 2823
f 1572 1757 1597
f 1746 3202 3459
f 1555 1499 1571
f 1757 1553 1686
f 1140 2083 509
f 1661 1803 1574
f 1984 1766 1699
f 1574 1604 1661
f 2326 2667 2644
f 1310 1312 1507
f 1455 1662 1448
f 1492 1584 1520
f 130 615 2714
f 1731 1664 1509
f 1635 1638 1667
f 1224 929 2244
f 1762 1579 1343
f 1701 1608 1607
f 1669 1538 1610
f 1914 1670 1460
f 1580 1538 1669
f 1428 2180 349
f 1673 1486 1671
f 1316 1110 966
f 1580 1460 1433
f 1523 1332 1329
f 1611 1558 1643
f 2098 2097 1815
f 1540 1542 1614
f 1612 1771 1774
f 2624 1885 2581
f 1256 3994 86
f 562 1498 3095
f 1708 1675 1711
f 1258 3294 347
f 1794 1725 1594
f 2066 1142 462
f 1732 3346 1730
f 1585 1715 1750
f 1563 1585 1750
f 2311 942 3359
f 1546 1751 1548
f 295 2460 2783
f 1562 1648 1714
f 3991 3491 2458
f 3952 3913 193
f 3197 1348 1875
f 1722 1652 1829
f 870 501 860
f 1564 1416 1974
f 1523 1549 1937
f 41 353 901
f 1617 1591 1796
f 1684 1754 1550
f 2886 2572 2884
f 1620 1794 1594
f 2471 65 2531
f 3284 3261 2148
f 1974 1627 1759
f 1568 1937 1624
f 730 3090 1027
f 3562 2813 1541
f 39 2734 673
f 2674 2147 3469
f 1726 1727 1597
f 1554 1727 1656
f 1758 1656 1727
f 1571 1599 1555
f 1597 1444 1572
f 1476 1803 1530
f 1478 1631 1760
f 3996 2576 3469
f 86 1519 2933
f 1526 1573 1502
f 1509 1537 1731
f 1697 1635 1667
f 1345 1373 1284
f 3360 3378 1789
f 1670 1921 1671
f 1667 1638 1672
f 1715 1467 1615
f 1638 1822 1672
f 1701 1607 1702
f 2374 3451 1934
f 156 427 1022
f 3145 2480 3322
f 798 2136 2163
f 231 1639 355
f 1540 1614 1612
f 2640 2684 2841
f 1616 1778 1439
f 1562 1714 1712
f 3928 1524 3658
f 1520 1713 1646
f 1616 1439 1589
f 135 2690 2085
f 157 2239 2581
f 1324 1183 1327
f 1473 1649 1651
f 1159 1333 1042
f 1719 1794 1720
f 1622 1796 1591
f 2649 2346 1485
f 1504 1516 3095
f 1658 1840 1659
f 1500 1659 1685
f 1684 1593 1685
f 1651 1794 1620
f 422 2673 968
f 190 217 191
f 1599 1571 1728
f 1530 1803 1627
f 2801 416 773
f 1702 1461 1402
f 1604 1804 1661
f 1600 1842 1694
f 2420 2416 3555
f 1480 1600 1575
f 1632 3938 462
f 3412 3937 3683
f 1579 1762 1633
f 355 455 1812
f 330 304 407
f 2344 3470 1745
f 1667 1736 1697
f 231 355 1812
f 1698 1666 1700
f 2420 118 2416
f 3167 1953 1812
f 1672 1744 1667
f 1738 1666 1698
f 1778 1436 1439
f 1898 357 2662
f 2231 77 2569
f 1840 1943 2070
f 1926 1822 1638
f 43 5 40
f 2315 2587 2457
f 1574 1424 1479
f 1707 1922 1462
f 1253 1505 1345
f 1778 1704 1610
f 1529 1500 1215
f 1771 1612 1614
f 3183 2277 1297
f 1584 1677 1713
f 1584 1612 1774
f 3253 348 2058
f 1677 1584 1774
f 2714 615 2008
f 2348 518 1163
f 1827 1616 1589
f 195 2066 2045
f 1717 1714 1648
f 1647 1749 1720
f 2091 1544 478
f 1648 1883 1717
f 2881 599 1547
f 1653 1548 1682
f 1650 1791 1793
f 3414 2917 3204
f 1792 1566 1567
f 1617 1796 1650
f 2912 3610 1517
f 979 583 1326
f 1466 1379 1436
f 1567 1653 1792
f 1724 3074 2796
f 1878 1719 1720
f 1680 126 1816
f 1621 3140 1642
f 922 2391 1534
f 1597 1757 1726
f 1639 231 1628
f 1801 1691 1573
f 1603 1630 1631
f 1576 1694 1805
f 1402 1462 1702
f 1802 1600 1691
f 1575 1600 1694
f 1421 1662 1899
f 1558 1611 1490
f 1635 1697 1763
f 2163 196 1125
f 3976 3926 65
f 1698 1699 1766
f 2023 1872 2094
f 3910 4 3508
f 2715 2889 3019
f 1644 1715 1615
f 3389 3013 160
f 1767 1698 1766
f 1667 1744 1736
f 729 480 602
f 3035 3073 160
f 1767 1738 1698
f 1635 1809 1638
f 1681 212 1531
f 1642 3140 2506
f 1609 1669 1610
f 1693 1760 1896
f 3435 3384 3250
f 3435 3250 2564
f 1914 1921 1670
f 1856 1773 1643
f 1912 1915 1774
f 1530 1501 1476
f 1735 1200 1198
f 1706 1771 1614
f 3389 1640 2975
f 3109 1952 3837
f 747 426 2522
f 367 3004 3512
f 1673 1644 1583
f 1953 1606 1628
f 1449 1527 3034
f 1614 1781 1706
f 1712 1781 1614
f 1747 1644 1673
f 1360 1361 1187
f 1244 1529 1215
f 2231 3620 1732
f 359 3035 1039
f 1748 1715 1644
f 1748 1750 1715
f 1782 1751 1646
f 1649 1647 1651
f 157 2581 1885
f 1589 1650 1827
f 1787 1827 1650
f 2083 3472 3216
f 3732 3768 111
f 3653 2262 423
f 707 734 762
f 1720 1794 1651
f 1830 1829 1652
f 1754 1883 1619
f 1796 1791 1650
f 231 1812 1953
f 2450 1695 2208
f 1584 1713 1520
f 1241 3826 2643
f 1840 1685 1659
f 79 1464 889
f 2886 2884 3166
f 1624 1757 1686
f 2893 2787 2920
f 1757 1972 1726
f 3125 1695 1690
f 1313 2005 2007
f 1725 1838 1594
f 1893 1594 1838
f 1594 1893 1571
f 1658 1529 1892
f 2225 3868 3356
f 1946 1529 1660
f 2959 2380 2098
f 1896 1604 1693
f 1951 1766 2011
f 1896 1804 1604
f 1802 1842 1600
f 3194 3052 3672
f 1236 1340 2172
f 1900 1535 1761
f 1762 1696 2049
f 2049 1696 1663
f 1807 1696 1665
f 1664 1901 1665
f 1901 1807 1665
f 3277 3453 3276
f 1700 1851 2079
f 1699 1698 1700
f 1228 551 274
f 1666 1851 1700
f 1666 2012 1851
f 1080 3577 1054
f 1736 1744 1850
f 1481 833 2479
f 1769 1739 1609
f 1608 1701 1856
f 2790 2643 1625
f 1580 1669 1914
f 1639 1628 1531
f 2344 223 3224
f 1666 1738 1776
f 2160 3284 2148
f 3645 3260 3729
f 3037 236 629
f 2749 3055 3569
f 1611 1643 1773
f 2637 2635 3491
f 1713 1677 1782
f 2668 2768 2203
f 1258 347 1527
f 1781 1712 1714
f 1781 1714 1826
f 1714 1717 1826
f 1748 1563 1750
f 1449 1258 1527
f 1233 284 1299
f 1766 1984 2011
f 1694 1576 1575
f 1652 1590 1830
f 1936 1563 1968
f 1793 1791 1884
f 82 3585 324
f 1398 1383 3375
f 1451 1576 1805
f 1395 773 416
f 1883 1754 1684
f 3826 1241 2060
f 1939 1884 1796
f 1449 816 1258
f 1685 1886 1798
f 3325 3366 1369
f 1756 1622 1758
f 1684 1685 1798
f 2398 2984 1326
f 1596 1722 1891
f 1943 1840 1658
f 3564 3560 3905
f 1090 2790 154
f 2831 3953 1104
f 2043 2071 1661
f 2650 1090 154
f 1365 1908 1831
f 1899 1662 1900
f 1805 1694 1843
f 1805 1806 1731
f 601 1164 3880
f 1532 1424 1306
f 1761 1633 1762
f 1729 3077 2786
f 2327 2184 2155
f 1425 3290 671
f 326 3585 2435
f 1770 1702 1462
f 3776 1626 2665
f 1284 1249 1345
f 246 3037 3978
f 1697 1736 1808
f 1886 2032 1798
f 3484 900 2138
f 1809 1635 1848
f 569 632 686
f 1707 1675 1708
f 1711 1675 1539
f 3605 3672 3826
f 3057 111 1541
f 1666 1862 2012
f 1767 1766 1811
f 2634 3483 1062
f 3728 3395 2981
f 1856 1701 1817
f 2116 1807 2185
f 1440 1562 1712
f 3422 1629 1020
f 1596 1652 1722
f 1010 745 285
f 1609 1704 1769
f 1919 846 1924
f 1233 2109 3886
f 1776 1738 1865
f 1922 1707 1708
f 1935 3097 1162
f 2895 1177 214
f 3557 2749 3569
f 2344 3224 854
f 1677 1774 1918
f 3987 2634 3216
f 2790 1625 2962
f 3766 3815 889
f 335 3239 339
f 3581 2535 2513
f 1644 1747 1748
f 979 2161 3788
f 3832 3315 895
f 1200 1765 501
f 1781 1826 1825
f 2969 2006 1018
f 1997 1876 1616
f 1874 1751 1782
f 802 2674 3296
f 1877 1751 1874
f 3727 197 1837
f 3451 1018 2285
f 3598 3312 3119
f 2047 2022 2027
f 1878 1720 1749
f 1682 1751 1881
f 3375 1383 3915
f 654 344 2156
f 1881 1792 1682
f 3451 3502 3433
f 2662 2463 1852
f 2643 3672 3052
f 1563 1937 1549
f 3976 917 362
f 942 3451 3433
f 1792 1653 1682
f 1937 1799 1624
f 1624 1799 1757
f 1722 1942 1891
f 1746 3980 2915
f 3597 1965 2525
f 3272 3724 3723
f 716 978 1069
f 3588 3064 2859
f 3845 1961 3836
f 1892 1529 1894
f 1894 1529 1946
f 3878 2096 999
f 1802 1691 1801
f 1193 1305 1278
f 3760 2944 2279
f 1803 1661 2071
f 1946 1660 1421
f 426 88 2230
f 1760 1631 1896
f 1284 1247 1201
f 1762 1948 1761
f 1949 1664 1731
f 2783 3381 295
f 3076 1335 138
f 2871 3404 1953
f 2352 2847 3217
f 885 1365 1831
f 2746 2811 2867
f 1635 1906 1848
f 1906 1635 1763
f 1699 1700 1905
f 1808 1763 1697
f 2795 1824 3595
f 2605 3484 3487
f 712 300 1491
f 348 1506 735
f 1415 758 2024
f 1813 1767 1811
f 1469 1584 1492
f 3702 2582 1280
f 1951 1850 1811
f 1126 1484 2642
f 1845 1841 1577
f 1027 1437 1152
f 1704 1955 1769
f 3702 1280 2572
f 1704 1609 1610
f 1357 3076 138
f 3057 1541 438
f 1865 1818 1706
f 1672 1861 1744
f 3893 2283 2274
f 1870 1773 2018
f 3074 3894 2796
f 3165 3696 364
f 2061 1968 1748
f 2453 3589 2974
f 562 2135 2666
f 663 951 3745
f 1772 3031 3059
f 422 1525 2068
f 1776 1928 1666
f 1893 1728 1571
f 1721 3334 918
f 949 2974 3790
f 1776 1865 1964
f 1952 3327 3837
f 3707 225 2513
f 2995 3427 3524
f 1677 1821 1923
f 1871 1822 1873
f 1708 1711 1872
f 1256 3721 3994
f 1993 964 1217
f 983 368 1292
f 2829 967 3901
f 736 3217 698
f 1204 605 1541
f 3699 455 508
f 742 2060 195
f 2073 2213 2399
f 2164 2140 1784
f 3451 2374 1018
f 1386 1293 1212
f 3945 3157 2276
f 1751 1877 1881
f 1891 1657 1596
f 3183 1297 2280
f 118 2420 1903
f 1301 316 299
f 3699 2232 455
f 672 2022 2047
f 2995 2173 3278
f 1160 1131 1219
f 2002 1793 1884
f 1828 2915 3472
f 1590 1792 1881
f 1684 1973 1883
f 1886 1685 1840
f 1886 1840 2001
f 3356 3618 1977
f 455 355 1680
f 1725 1794 1838
f 2037 1796 1756
f 1684 1798 1973
f 344 654 1107
f 2214 980 462
f 3607 847 702
f 1757 1799 1972
f 3944 3317 152
f 1943 1658 1892
f 3049 3776 550
f 1722 1975 1976
f 1631 1630 2179
f 1946 1421 1899
f 1463 3832 3863
f 1901 2185 1807
f 2153 1060 291
f 2066 462 980
f 1699 1905 1984
f 2311 3359 877
f 1814 2304 2354
f 1850 1985 1736
f 1766 1951 1811
f 3977 2555 3287
f 3484 2605 900
f 877 3746 1944
f 929 1224 192
f 1987 1739 1769
f 3053 1054 3577
f 1753 3383 3388
f 2514 2328 2558
f 1706 1818 1813
f 1911 1988 1769
f 1911 1769 1955
f 1738 1813 1818
f 1706 1813 1910
f 1702 2088 1701
f 1990 1702 1770
f 1771 1706 1912
f 3525 1237 1768
f 1738 1818 1865
f 1915 1744 1861
f 2502 2823 3155
f 2762 1450 3323
f 1653 1567 1362
f 2912 2928 3610
f 2013 1940 369
f 1774 1915 1861
f 1861 1918 1774
f 2246 1743 3522
f 1922 2019 1990
f 1666 1928 1862
f 1671 1921 1673
f 2246 3522 3890
f 3938 2214 462
f 1781 1964 1865
f 1616 1960 1778
f 3861 1259 1485
f 2060 742 3826
f 854 3224 216
f 116 109 2429
f 1926 1873 1822
f 2018 2059 1870
f 2054 2052 2266
f 2679 1898 3195
f 2108 1892 2320
f 1953 3404 1606
f 1874 1782 1873
f 126 355 1681
f 1930 1932 1874
f 1931 1611 1870
f 3250 2 2564
f 1424 1574 1426
f 3152 3073 2556
f 1932 1877 1874
f 1830 1932 1962
f 1931 1749 1611
f 1616 1827 1997
f 1969 1749 1931
f 1968 1563 1748
f 1830 1877 1932
f 1759 1627 1803
f 1339 2593 3982
f 1830 2062 1829
f 2146 1481 2479
f 2389 441 431
f 1609 1739 1669
f 2035 1838 1794
f 2619 3716 2326
f 1791 1796 1884
f 1793 2031 1650
f 1487 1588 3871
f 2119 2158 2256
f 162 3908 3945
f 1859 3945 2276
f 1794 1719 1970
f 1842 1802 1895
f 1796 1622 1756
f 2001 1840 2145
f 322 3916 1311
f 3212 2650 3956
f 3760 3496 915
f 2096 3878 136
f 1938 3420 3167
f 1756 1758 1839
f 3672 2643 3826
f 1972 2003 1726
f 1657 1573 1526
f 2003 1839 1726
f 3433 3359 942
f 1891 1979 2041
f 1838 2038 1893
f 3074 1724 1003
f 2471 1965 917
f 1759 1803 2071
f 1801 1895 1802
f 3140 3650 2506
f 1657 2041 1801
f 2043 1661 1804
f 3384 3435 1772
f 2105 1974 1759
f 2112 1900 1947
f 2926 1837 197
f 1731 1806 1982
f 1859 162 3945
f 449 2726 2653
f 1664 1949 2115
f 1515 975 184
f 1696 1807 1663
f 3932 2004 3386
f 951 663 819
f 2201 1862 1995
f 2685 2509 2467
f 1985 1850 1951
f 1406 1469 1520
f 194 208 99
f 367 1397 3004
f 1910 1811 1850
f 3437 508 559
f 1871 1782 1923
f 1744 1910 1850
f 1739 1987 1986
f 1769 1988 1987
f 1910 1915 1912
f 1986 1669 1739
f 1929 1924 2423
f 1463 2767 3832
f 1772 3435 3031
f 1702 1990 2090
f 2362 2508 2360
f 2310 1228 3844
f 1633 1761 1535
f 1778 1956 1704
f 1956 1778 1960
f 3435 1170 3031
f 988 755 652
f 1930 1868 1957
f 527 665 576
f 2497 3635 2823
f 1930 1926 1868
f 3221 290 2616
f 1873 1930 1874
f 2062 1830 1962
f 61 68 84
f 1781 1825 1964
f 3820 2197 2186
f 1376 3320 2774
f 683 3534 1800
f 1826 1717 1825
f 1718 3059 3031
f 1825 2000 1933
f 1825 1717 2000
f 1883 2000 1717
f 2895 1718 3031
f 431 673 2389
f 1937 1563 1936
f 1879 1835 1829
f 3296 2576 1689
f 2062 1879 1829
f 1881 1877 1830
f 803 687 772
f 2002 2031 1793
f 1534 2756 922
f 1775 3511 921
f 922 2120 2111
f 1936 1799 1937
f 1970 2035 1794
f 2037 2034 1939
f 1733 1742 1705
f 2070 2145 1840
f 1942 1722 1976
f 2274 2283 3703
f 3614 1800 3534
f 1759 2071 2149
f 2004 3932 369
f 1583 1320 1401
f 2294 1848 2081
f 21 1510 1236
f 1899 1900 2110
f 3828 2962 1625
f 1308 1129 500
f 699 651 627
f 1270 3610 1557
f 1641 1059 1073
f 2078 1763 1808
f 497 2908 2561
f 3009 2174 1678
f 2102 2243 2247
f 3278 2756 2995
f 1985 1808 1736
f 2787 1407 2920
f 1809 1848 2233
f 3163 3162 3504
f 1233 1299 2782
f 2934 1203 3187
f 758 1415 2
f 3842 3123 259
f 1505 1455 1448
f 1856 1817 2053
f 2261 1185 2264
f 2070 1892 2108
f 1702 2090 2088
f 367 3788 1397
f 1745 223 2344
f 1856 2018 1773
f 3578 3060 320
f 1672 1923 1821
f 601 2629 1164
f 1482 3060 3591
f 669 3982 2585
f 3891 1859 2013
f 1957 1932 1930
f 3524 2699 2995
f 1559 1220 2460
f 1033 1945 2306
f 1268 2234 1118
f 1994 1928 1964
f 1747 2061 1748
f 1625 2643 3052
f 1930 1873 1926
f 1870 2059 1931
f 1933 1995 1994
f 1994 1825 1933
f 214 2146 2479
f 540 1224 1565
f 1969 1878 1749
f 1222 3577 1080
f 1787 2031 2101
f 2412 2079 2373
f 3980 3472 2915
f 610 2940 1185
f 2102 1799 1936
f 2481 1681 1531
f 1966 1120 2229
f 1884 1939 2002
f 1883 1973 2000
f 1733 1705 1388
f 3744 3693 3626
f 1939 1796 2037
f 2940 1634 812
f 712 3917 3966
f 833 1543 2479
f 1947 1900 2183
f 3302 3688 1420
f 1942 1979 1891
f 1835 1975 1722
f 2038 2278 1893
f 1420 3021 1678
f 2049 1948 1762
f 2101 2103 2207
f 1070 2800 535
f 185 1875 2139
f 1949 1731 1982
f 2426 2309 2583
f 1111 1037 390
f 2497 2823 2242
f 2155 2185 1901
f 2050 1906 1763
f 528 573 807
f 3832 2767 3315
f 1407 2803 2920
f 161 205 179
f 1868 1809 1957
f 3531 2421 2709
f 2686 1907 281
f 816 2663 851
f 2168 1851 2012
f 1371 885 37
f 3222 1039 2306
f 1986 2052 1669
f 2543 2964 2649
f 1989 1701 2088
f 1446 1450 2762
f 1704 1956 1955
f 1914 1669 2054
f 1220 1559 2120
f 1856 1643 1608
f 2172 1005 1236
f 260 280 337
f 1843 2046 1805
f 3750 3890 1588
f 1959 1862 2025
f 2269 1921 2268
f 1928 1776 1964
f 1995 1928 1994
f 1862 1928 1995
f 1994 1964 1825
f 2819 2820 2475
f 1995 1933 2099
f 3006 820 3880
f 1359 879 1902
f 1975 1879 2067
f 1968 2102 1936
f 3462 2472 2346
f 1886 2001 2029
f 3224 2348 216
f 3606 3197 229
f 1531 1628 1606
f 2679 3915 1536
f 2002 1939 2249
f 2678 286 185
f 3693 3344 3626
f 2032 1973 1798
f 1942 1976 1979
f 3960 2490 3466
f 2239 157 3893
f 2304 2582 3958
f 1893 2179 1728
f 2179 2072 1896
f 3728 3799 2118
f 609 1141 3798
f 2112 2110 1900
f 2116 2049 1663
f 1452 2487 609
f 1901 2115 2155
f 1664 2115 1901
f 1356 1211 1153
f 59 2127 859
f 824 2976 826
f 2617 2620 3016
f 2754 1519 2429
f 3591 2893 1482
f 2212 2071 2043
f 2125 1851 2168
f 673 431 39
f 1987 1988 2265
f 1701 1989 1817
f 2105 2271 2033
f 2051 1988 1911
f 1433 1377 1379
f 2129 1955 1956
f 1162 1703 3137
f 2012 1959 2168
f 983 344 3176
f 2054 1669 2052
f 1462 1922 1990
f 1957 2095 1962
f 682 799 796
f 2224 2469 2287
f 1921 2269 1747
f 2211 2107 2319
f 3391 3936 3829
f 2095 2062 1962
f 1590 1881 1830
f 2100 2000 1973
f 1982 2114 1949
f 1933 2100 2099
f 1827 1787 1997
f 1886 2029 1998
f 1648 1562 1521
f 1997 1787 2101
f 2000 2100 1933
f 2064 1879 2062
f 3837 983 3176
f 2101 2031 2103
f 2143 2031 2002
f 2176 2001 2457
f 2001 2176 2029
f 2247 1972 2102
f 2002 2106 2143
f 2354 3184 1814
f 2067 1879 2272
f 2105 2033 1974
f 2211 2181 2041
f 3261 2098 2380
f 2037 1839 2036
f 2066 980 3939
f 2038 1838 2035
f 1136 2626 3979
f 3489 536 3761
f 2070 2108 2145
f 698 3217 2847
f 3702 2572 2886
f 2847 3049 209
f 1053 3967 3957
f 2530 2414 2376
f 2066 3939 2045
f 1066 1795 3848
f 3385 1655 3377
f 2179 1893 2278
f 1629 3422 2771
f 1894 1946 1899
f 1895 2181 1980
f 2572 2293 2884
f 2356 1843 1980
f 2075 2046 1843
f 2075 1982 1806
f 2183 1900 1761
f 3916 3853 1311
f 1806 1805 2046
f 749 2429 86
f 2050 1763 2078
f 3166 2884 2877
f 2053 2379 2296
f 2077 1906 2050
f 3756 3746 877
f 2078 1808 2193
f 1984 2162 2123
f 1985 2122 2193
f 1985 1951 2122
f 2067 2107 1975
f 1808 1985 2193
f 2081 1906 2292
f 1906 2081 1848
f 656 940 862
f 1986 1987 2265
f 2053 1817 2131
f 1914 2054 1921
f 2619 1823 2324
f 2265 2052 1986
f 2018 2053 2196
f 1856 2053 2018
f 2019 2090 1990
f 2027 2140 2047
f 2023 2019 1922
f 2169 1960 2092
f 1876 2092 1960
f 1921 1747 1673
f 2561 2602 504
f 1747 2269 2061
f 3826 742 3605
f 2201 1995 2099
f 3504 3954 514
f 1931 2141 1969
f 2061 2102 1968
f 3906 3939 980
f 2974 2302 3790
f 3911 1858 2521
f 2003 1972 2247
f 2094 1618 2030
f 524 640 506
f 167 228 132
f 2032 1886 1998
f 136 995 2096
f 1878 2104 1970
f 2145 2457 2001
f 1973 2032 2100
f 1940 2013 3681
f 1726 1839 1727
f 915 3496 3238
f 2209 2106 2002
f 906 2124 2024
f 451 3654 1078
f 2249 1939 2034
f 645 318 1845
f 2003 2036 1839
f 2806 3952 193
f 1979 1976 2211
f 1759 2149 2105
f 1892 2070 1943
f 2211 2041 1979
f 2857 929 2069
f 2073 1896 2072
f 2181 2356 1980
f 2075 1843 2216
f 2114 2115 1949
f 2900 2586 2313
f 2218 2049 2116
f 2224 2076 2187
f 926 925 726
f 3138 1637 1034
f 2122 2119 2117
f 3167 2232 1938
f 2123 2119 2122
f 2228 2162 1984
f 1905 2228 1984
f 195 2045 742
f 2791 2792 2687
f 494 651 336
f 2011 2123 2122
f 1859 3681 2013
f 1961 3066 1880
f 1053 1120 1966
f 2233 1848 2294
f 77 2531 268
f 1957 1809 2165
f 922 2756 2828
f 1944 3218 3057
f 1733 1737 1742
f 1960 1616 1876
f 73 647 642
f 2025 1862 2201
f 2068 1958 1227
f 1206 3620 2231
f 1876 2175 2092
f 2203 2093 2094
f 2092 2175 2095
f 1931 2171 2141
f 2062 2095 2175
f 508 3437 3699
f 1876 1997 2175
f 3987 3216 3472
f 2141 2171 2270
f 3194 3672 3605
f 2207 1997 2101
f 2099 2100 1998
f 2206 1879 2064
f 714 3855 2137
f 2100 2032 1998
f 3871 2226 1487
f 792 794 2917
f 1945 2624 1582
f 2036 2003 2247
f 2209 2002 2249
f 1718 2895 3794
f 2225 3356 1977
f 2275 2038 2035
f 1487 2226 1734
f 2108 2428 2145
f 1980 1843 1694
f 1816 126 3174
f 3290 1425 2425
f 2157 2154 3026
f 1419 1831 334
f 3307 3942 440
f 3818 3810 2190
f 2213 2073 2072
f 1895 2041 2181
f 2820 1934 3139
f 2944 3760 900
f 594 935 3339
f 1804 2073 2043
f 1899 2110 2150
f 1799 2102 1972
f 2049 2218 1948
f 1948 2113 1761
f 1383 1029 3915
f 2224 2189 2076
f 1859 3623 162
f 639 1463 3863
f 2119 2256 2117
f 3327 1965 3597
f 1295 3894 3074
f 1009 1021 3598
f 546 2854 124
f 3888 3623 1859
f 2013 369 3932
f 2260 1906 2077
f 2259 2078 2193
f 1632 2124 3938
f 1508 3388 2521
f 1839 2037 1756
f 2605 2944 900
f 1905 1700 2079
f 2292 1906 2260
f 1703 3836 1961
f 1809 2613 2165
f 2383 2126 2168
f 3376 1992 2829
f 154 2790 2962
f 2128 1911 2195
f 1809 2233 2613
f 1816 508 1680
f 3633 3370 3891
f 2236 2266 2052
f 2166 2196 2053
f 2238 2383 2168
f 2301 2131 1989
f 2052 2265 2236
f 1989 2131 1817
f 3412 3166 2877
f 2056 1989 2088
f 2574 2236 2337
f 2090 2019 2198
f 1350 1629 2771
f 406 407 319
f 1921 2054 2268
f 2240 2059 2018
f 3055 2749 2758
f 905 945 265
f 1959 2238 2168
f 3157 3663 2876
f 1952 3109 3310
f 2093 2342 2023
f 976 1103 3845
f 3227 3101 3564
f 3386 3638 3932
f 2031 1787 1650
f 2175 2064 2062
f 1813 1811 1910
f 2438 2192 3310
f 2102 2061 2269
f 2141 2308 1969
f 2245 1878 1969
f 717 3855 714
f 1878 2245 2104
f 2013 3932 3638
f 1852 2463 1543
f 963 3897 3014
f 1970 2104 2144
f 3302 1420 2438
f 2067 2498 2250
f 2144 2275 2035
f 3339 935 2069
f 2107 1976 1975
f 1672 1822 1871
f 2661 3020 2539
f 2278 2038 2427
f 1880 1279 1864
f 1785 286 3360
f 2071 2212 2149
f 3623 3908 162
f 2505 2403 2504
f 2216 1843 2356
f 2023 1708 1872
f 3021 3009 1678
f 2183 2112 1947
f 2895 214 309
f 2662 2752 2463
f 2471 917 65
f 3801 2047 468
f 3891 3638 3633
f 2259 2050 2078
f 1905 2079 2290
f 1859 2276 3681
f 3286 1676 2421
f 2193 2122 2227
f 3882 3090 730
f 3935 3985 1958
f 2120 2828 1220
f 1705 1742 773
f 258 3512 2743
f 3651 975 982
f 2166 2053 2296
f 1009 3119 1598
f 3250 3384 2
f 1033 2306 3035
f 2579 2015 3750
f 1383 1398 3283
f 2085 989 135
f 3246 339 3239
f 3888 3358 3623
f 2196 2300 2240
f 1919 1394 3273
f 2199 2386 2388
f 1782 1646 1713
f 2165 2092 2095
f 3273 1394 3791
f 3802 3816 3222
f 1075 88 184
f 1842 1895 1980
f 2479 309 214
f 2025 2238 1959
f 2199 2171 2240
f 3358 3888 3363
f 840 1907 2709
f 1533 3782 2039
f 963 3024 3830
f 2308 2270 2205
f 2308 2141 2270
f 2207 2206 2175
f 2064 2175 2206
f 2022 3717 3941
f 3802 1945 1582
f 889 3815 3978
f 2398 2695 2984
f 2186 1688 1425
f 2315 2457 2145
f 1270 1557 3613
f 712 297 300
f 2249 2034 2426
f 2650 154 3956
f 2272 2498 2067
f 2394 2392 281
f 2249 2493 2209
f 2171 2059 2240
f 3489 3961 3462
f 2976 824 1326
f 2213 2072 2317
f 3663 3157 3945
f 2471 1730 1965
f 1733 1764 1737
f 1804 1896 2073
f 2183 2321 2112
f 2113 2183 1761
f 2114 1982 2217
f 1948 2218 2113
f 2155 2184 2185
f 2135 3325 1369
f 2789 2859 3595
f 2189 2470 2076
f 3648 98 3750
f 2256 2372 2257
f 3414 1683 2801
f 1015 978 810
f 2256 2257 2117
f 2076 2470 2187
f 743 1350 1780
f 661 976 3845
f 2162 2228 2119
f 3524 3781 2699
f 1859 3891 3888
f 1347 1344 410
f 2292 2527 2081
f 3412 2877 717
f 2413 2373 1851
f 3803 3849 3850
f 1125 2191 484
f 2128 2452 2051
f 2166 2235 2196
f 2051 2452 2265
f 3915 1029 1536
f 2166 2296 2235
f 696 1020 1004
f 3888 3891 3370
f 1910 1912 1706
f 1054 3839 1349
f 3021 1420 3688
f 1960 2129 1956
f 2129 1960 2169
f 3941 2027 2022
f 2198 2088 2090
f 2095 1957 2165
f 2697 2161 979
f 1376 896 3320
f 2030 2203 2094
f 290 2010 875
f 2030 2033 2203
f 1076 736 544
f 1527 347 3566
f 676 1342 2349
f 1449 3034 3311
f 1672 1821 1861
f 1486 1673 1583
f 2036 2309 2034
f 2143 2106 2248
f 1879 2206 2272
f 3703 3209 3070
f 2309 2426 2034
f 2788 2687 2792
f 2124 906 3938
f 2315 2145 2428
f 2320 2428 2108
f 875 2010 2569
f 2344 2635 3470
f 2278 2317 2072
f 2171 1931 2059
f 2072 2179 2278
f 2582 2304 750
f 2318 2043 2073
f 2212 2043 2318
f 95 748 2232
f 2150 2252 2320
f 2150 2110 2252
f 1302 741 3377
f 2399 2588 2318
f 893 3763 71
f 2220 2115 2114
f 2222 2114 2282
f 1299 3725 2430
f 2222 2220 2114
f 2218 2116 2284
f 816 1449 2672
f 2115 2327 2155
f 2115 2220 2327
f 2223 2221 2116
f 2185 2223 2116
f 2328 2224 2187
f 2257 2410 2227
f 281 2392 1882
f 3358 3363 3091
f 2357 2432 2434
f 2227 2117 2257
f 2410 2411 2227
f 817 2964 2130
f 2411 2193 2227
f 2158 2119 2228
f 2127 59 2665
f 1354 758 3771
f 1398 3956 20
f 2125 2168 2612
f 758 906 2024
f 2534 2165 2613
f 2637 2666 2952
f 2414 2196 2235
f 451 1689 3658
f 2337 2236 2265
f 2169 2382 2129
f 3037 246 236
f 3799 3728 2026
f 2240 2018 2196
f 2011 1984 2123
f 1388 1395 744
f 2301 1989 2056
f 2386 2199 2240
f 1992 967 2829
f 3650 3140 3143
f 3964 3514 2316
f 3463 2118 3977
f 2202 2029 2347
f 2347 2029 2176
f 2542 2205 2270
f 2143 2207 2103
f 963 3014 3024
f 3184 2898 1814
f 2247 2309 2036
f 2248 2106 2314
f 1870 1611 1773
f 2107 2250 2397
f 2009 3308 1011
f 3856 3921 1314
f 2385 2455 2485
f 2427 2317 2278
f 3315 2450 2208
f 2211 2319 2432
f 1824 2789 3595
f 831 3137 1710
f 2113 2281 2183
f 2216 2217 2075
f 1982 2075 2217
f 2282 2114 2217
f 2093 2023 2094
f 1565 2210 870
f 2218 2253 2113
f 3247 1018 2006
f 2103 2031 2143
f 2184 2223 2185
f 3774 1136 1011
f 2327 2220 2364
f 2405 2184 2327
f 2222 2364 2220
f 2257 2372 2445
f 2282 2403 2325
f 1364 859 2127
f 1525 968 3872
f 1544 933 478
f 1417 3433 3502
f 2294 2613 2233
f 1917 1347 410
f 758 1354 906
f 2168 2126 2612
f 2377 2452 2128
f 54 131 89
f 1357 2461 3083
f 2235 2376 2414
f 2129 2451 2195
f 3496 3760 1991
f 2574 2299 2266
f 2300 2196 2454
f 2028 1141 2563
f 2414 2454 2196
f 3312 3863 3241
f 1457 1354 3149
f 2268 2054 2299
f 2338 2088 2198
f 1908 3920 1328
f 1899 2150 1894
f 2338 2056 2088
f 2198 2342 2341
f 3283 1398 20
f 2019 2342 2198
f 845 3483 3987
f 3187 584 3470
f 2202 2025 2201
f 2347 2305 2202
f 2054 2266 2299
f 3624 2 3384
f 2627 2205 2542
f 3687 629 236
f 3925 135 2854
f 1918 1861 1821
f 2209 2314 2106
f 1163 216 2348
f 3222 2044 1039
f 3346 1965 1730
f 3329 2897 3159
f 2399 2213 2317
f 110 176 127
f 2112 2355 2252
f 2355 2112 2321
f 2264 3466 2261
f 824 2398 1326
f 2325 2222 2282
f 2113 2253 2360
f 3995 2922 749
f 2253 2362 2360
f 2284 2253 2218
f 651 650 515
f 2223 2405 2439
f 1428 3083 2180
f 2187 2558 2328
f 2184 2405 2223
f 2469 2224 2328
f 3615 3353 2818
f 1927 870 3335
f 2372 2256 2288
f 2445 2410 2257
f 1963 1961 1880
f 2158 2290 2258
f 3794 2895 309
f 2228 2290 2158
f 2447 2050 2259
f 2259 2411 2447
f 2336 2973 1049
f 2193 2411 2259
f 3869 3194 3605
f 2227 2122 2117
f 3204 2911 3414
f 1657 1891 2041
f 657 79 1977
f 3555 2416 1314
f 2161 844 3788
f 2053 2131 2379
f 2236 2574 2266
f 2382 2451 2129
f 2265 2536 2337
f 1679 2008 615
f 1590 1566 1792
f 2063 1752 1742
f 2169 2534 2382
f 129 123 121
f 2269 2268 2488
f 268 875 2569
f 2025 2202 2238
f 3222 3816 2039
f 2203 2342 2093
f 3260 2969 1056
f 2199 2388 2241
f 2455 2387 2388
f 2390 2456 2241
f 3061 994 3323
f 2277 3463 1297
f 2347 2176 2630
f 3748 3849 3803
f 1975 1835 1879
f 2243 2102 2269
f 1953 3420 2871
f 2350 2275 2144
f 2493 2494 2209
f 2493 2249 2426
f 2377 2128 2335
f 3038 1586 2177
f 2401 2320 2252
f 3480 3482 1723
f 2149 2212 2400
f 3570 2007 1844
f 2110 2112 2252
f 2432 2356 2181
f 2401 2252 2355
f 2359 2216 2356
f 3681 3430 1940
f 2322 2217 2216
f 2357 2359 2356
f 2281 2113 2465
f 2113 2404 2465
f 836 834 1131
f 1117 1301 578
f 2113 2360 2404
f 2116 2221 2284
f 113 142 100
f 3157 3681 2276
f 2253 2284 2362
f 3337 3334 1721
f 2363 2284 2221
f 1690 607 3543
f 2187 2470 2255
f 3119 2979 1598
f 2289 2291 2286
f 2606 2370 2189
f 2405 2467 2509
f 3420 1953 3167
f 2287 2606 2189
f 2372 2288 2408
f 2408 2288 2443
f 1107 3176 344
f 2123 2162 2119
f 137 93 146
f 324 722 82
f 2256 2158 2288
f 1463 639 636
f 2628 2773 2350
f 2077 2050 2447
f 815 3975 41
f 2864 2389 1971
f 3066 1961 3845
f 351 283 261
f 2573 3165 2286
f 2556 2297 3152
f 3428 915 3238
f 2521 3388 3911
f 1004 368 696
f 2969 3260 497
f 2613 2483 2534
f 2128 2195 2335
f 3652 2058 358
f 1541 2813 1204
f 2413 2125 2612
f 3907 3741 1240
f 722 1867 1860
f 1046 3340 3948
f 2169 2165 2534
f 2198 2486 2338
f 2198 2419 2486
f 2364 2222 2466
f 2341 2419 2198
f 2422 2387 2305
f 2202 2305 2387
f 126 2297 3174
f 2801 1683 615
f 3855 717 1788
f 2456 2390 2422
f 1890 2695 2398
f 3389 160 2869
f 2307 2245 2308
f 118 1314 2416
f 3217 1853 2352
f 2104 2245 2628
f 2630 2176 2457
f 3366 2153 1369
f 3791 2153 3366
f 3393 3330 3088
f 3293 1674 879
f 2321 2183 2281
f 3543 607 2178
f 2107 2397 2592
f 2318 2396 2212
f 1625 3575 3828
f 2355 2321 2358
f 2432 2357 2356
f 908 910 1008
f 2321 2281 2358
f 2036 2034 2037
f 1869 1021 1009
f 1243 2345 3907
f 2478 3836 648
f 2187 2255 2558
f 2481 126 1681
f 1678 2174 861
f 3615 1531 3355
f 3681 3157 2528
f 2144 2035 1970
f 2367 2604 2468
f 2408 2443 2407
f 2409 2372 2408
f 3854 1963 1880
f 2288 2446 2443
f 2409 2445 2372
f 454 1013 1022
f 1619 1883 1648
f 2445 2523 2410
f 689 640 659
f 3370 3363 3888
f 3100 3623 3358
f 844 1397 3788
f 3557 3832 895
f 1851 2125 2413
f 3688 2438 3725
f 2235 2379 2615
f 2265 2452 2536
f 2656 2454 2414
f 3472 2332 1828
f 3355 3353 3615
f 927 1096 1077
f 2240 2300 2386
f 2301 2486 2418
f 1800 2384 683
f 2387 2238 2202
f 2455 2388 2386
f 1374 3542 1106
f 177 176 110
f 2617 2713 2379
f 2388 2422 2390
f 2269 2488 2578
f 2488 2575 2578
f 2057 842 238
f 1557 2803 3613
f 3142 661 3845
f 3781 1897 2699
f 2774 3320 2087
f 1651 1647 1720
f 2905 1823 2619
f 2144 2104 2628
f 2151 281 1907
f 1270 3075 3610
f 1254 3165 364
f 2271 2105 2459
f 2496 2427 2275
f 3302 2438 3688
f 1621 1640 3140
f 2250 2498 2397
f 2541 2456 2422
f 2105 2149 2459
f 3717 710 2854
f 2318 2073 2399
f 2590 2318 2588
f 3514 3964 1800
f 1630 1728 2179
f 2149 2400 2545
f 2440 1407 2787
f 3575 1625 3052
f 1676 2425 1143
f 2433 2598 2434
f 2358 2402 2550
f 2403 2282 2322
f 2358 2281 2465
f 2358 2465 2402
f 2787 2893 3591
f 2752 2662 3764
f 2505 2361 2325
f 2468 2510 2367
f 2672 1449 2688
f 2361 2466 2222
f 2467 2327 2364
f 2405 2327 2467
f 2360 2508 2437
f 2466 2507 2600
f 3588 2859 2789
f 3650 1904 2004
f 156 3317 427
f 2365 2366 2369
f 695 1834 3965
f 2328 2514 2469
f 2516 2369 2368
f 2623 3774 3238
f 2368 2369 2366
f 2474 2476 2406
f 2770 1010 285
f 1010 2770 2295
f 2382 2659 2451
f 3771 758 3624
f 2608 2518 2519
f 2408 2476 2409
f 3614 3514 1800
f 2407 2476 2408
f 1010 2295 1954
f 2481 1531 3615
f 2214 3938 3943
f 1463 3315 2767
f 674 2384 1800
f 2566 2474 2473
f 2 3624 758
f 2270 2456 2542
f 3712 3605 742
f 1932 1957 1962
f 1141 2028 2312
f 2299 2574 2538
f 2455 2386 2300
f 3830 3024 2351
f 3813 2085 2690
f 2199 2241 2171
f 389 3813 2676
f 2387 2455 2238
f 2271 2203 2033
f 2238 2455 2385
f 2695 2697 2984
f 3311 3034 2703
f 2131 2301 2620
f 2695 2161 2697
f 3392 2226 3871
f 2388 2390 2241
f 2203 2271 2668
f 2207 2175 1997
f 2578 2243 2269
f 147 175 148
f 2087 3578 2774
f 2668 2459 2833
f 2637 2952 2343
f 477 381 651
f 2491 2309 2578
f 671 2186 1425
f 2143 2834 2207
f 3290 2425 1676
f 1674 3278 2173
f 2143 2248 2834
f 2271 2459 2668
f 281 2151 2394
f 2496 2350 2773
f 2426 2583 2493
f 2496 2275 2350
f 2834 2206 2207
f 2637 2343 2635
f 2399 2671 2588
f 2590 2396 2318
f 905 265 1322
f 2400 2212 2396
f 2319 2107 2592
f 2501 2320 2401
f 2795 1517 2798
f 2436 1513 2415
f 2431 2433 2432
f 3610 3075 2798
f 2432 2433 2434
f 2355 2358 2550
f 1837 2089 1062
f 2402 2720 2551
f 441 1764 431
f 2135 1369 1367
f 2464 2322 2359
f 2465 2552 2402
f 701 693 697
f 2404 2360 2437
f 2357 2434 2598
f 2325 2403 2505
f 2554 2362 2284
f 2466 2467 2364
f 2601 2223 2439
f 2509 2439 2405
f 2287 2691 2606
f 2515 2367 2510
f 3502 3451 2285
f 2333 41 3975
f 1764 1733 415
f 2406 2473 2474
f 2999 2994 2936
f 2309 2247 2243
f 3385 2200 3889
f 2407 2443 2567
f 2757 2445 2409
f 2476 2407 2406
f 3404 3111 1606
f 3781 1374 1106
f 3335 870 2210
f 3712 742 2863
f 2524 2708 2260
f 2373 2946 2412
f 2294 2081 2527
f 1991 3760 2279
f 2376 2615 2530
f 853 3004 1397
f 449 2653 2562
f 1887 1198 2779
f 2987 2026 3728
f 2532 2414 2530
f 2763 2451 2533
f 2656 2414 2571
f 2962 3828 3562
f 3053 3839 1054
f 3712 3869 3605
f 2238 2385 2383
f 2455 2300 2454
f 1527 3566 3034
f 3908 3663 3945
f 2222 2325 2361
f 2542 2456 2541
f 2586 1810 2313
f 1718 3794 3824
f 2624 157 1885
f 2457 2587 2630
f 3462 592 2472
f 2209 2494 2314
f 2009 3589 3308
f 1449 3311 2688
f 2107 2211 1976
f 3165 1255 1013
f 196 3696 1030
f 2077 2524 2260
f 2587 2315 2428
f 2320 2499 2719
f 3216 2634 3986
f 2433 2431 2462
f 2432 2319 2431
f 1752 2063 792
f 1824 2795 955
f 2401 2355 2549
f 1005 994 21
f 2549 2355 2550
f 441 1797 1764
f 1954 658 1010
f 2224 2287 2189
f 317 745 1010
f 2840 2361 2505
f 2508 2362 2554
f 2467 2466 2600
f 423 2068 1227
f 1785 2712 2353
f 2369 2516 2441
f 730 3650 3143
f 2089 1601 1503
f 2683 1536 1029
f 2406 2567 2520
f 3107 3181 3042
f 2480 2412 2946
f 2689 2441 2516
f 2444 2443 2446
f 2443 2444 2567
f 2477 2444 2446
f 2915 1828 2329
f 2447 2411 2523
f 2411 2410 2523
f 2523 2445 2757
f 2290 2448 2706
f 2077 2447 2524
f 1328 3920 3969
f 3838 2261 3466
f 2614 3736 2242
f 776 834 836
f 2260 2708 2292
f 2527 2292 2710
f 278 2952 2666
f 816 2672 2663
f 196 2303 1125
f 2530 2615 2711
f 1281 1051 1094
f 2768 2540 2341
f 2534 2659 2382
f 2455 2454 2485
f 2654 2534 2483
f 2708 2885 2710
f 1129 3895 500
f 1581 1578 2323
f 2419 2577 2486
f 180 151 139
f 2456 2270 2241
f 3798 1141 2312
f 2861 1779 440
f 2630 2305 2347
f 229 888 2339
f 2628 2245 2307
f 3746 3218 1944
f 2671 2427 2584
f 2309 2491 2583
f 2248 2631 2834
f 1354 3771 3149
f 2272 2206 2544
f 3482 3480 3484
f 2320 1894 2150
f 2796 3090 1191
f 1165 2028 2563
f 2392 2394 1889
f 624 3123 3902
f 2615 2376 2235
f 982 3655 3651
f 1716 672 3480
f 2590 2545 2396
f 2223 2363 2221
f 749 2922 1716
f 2431 2319 2592
f 1745 3470 584
f 2401 2549 2501
f 2504 2403 2503
f 2596 2433 2462
f 1764 1797 1737
f 3637 2351 3024
f 2359 2357 2464
f 2467 2600 2685
f 2361 2840 2507
f 2507 2466 2361
f 2962 3562 3807
f 2365 2369 2441
f 1898 2683 357
f 2290 2079 2448
f 2367 2515 2793
f 3854 1710 1963
f 2518 2473 2519
f 2566 2473 2518
f 2473 2406 2520
f 3881 2137 1028
f 1508 1753 3388
f 2406 2407 2567
f 2911 1683 3414
f 2210 1772 3059
f 3152 2297 1925
f 1325 1904 1027
f 2477 2446 2652
f 2158 2652 2446
f 1996 1993 2502
f 2877 1788 717
f 378 360 724
f 3769 360 378
f 317 1010 658
f 1637 2997 1034
f 3890 3750 98
f 1586 552 2492
f 2379 2131 2617
f 2536 2452 2618
f 2452 2377 2618
f 1206 3221 3376
f 1533 1035 3782
f 1533 3209 1035
f 2620 2301 2418
f 3383 3911 3388
f 2299 2538 2539
f 359 2591 3035
f 2664 2491 2578
f 1489 2010 3221
f 2290 2706 3265
f 2695 1385 2161
f 2493 2669 2670
f 2768 2342 2203
f 2494 2493 2670
f 2584 2427 2496
f 2858 2861 2096
f 2028 3987 1470
f 2545 2400 2396
f 2428 2719 2587
f 2397 2498 2546
f 2547 2462 2431
f 2899 2320 2501
f 2549 2836 2501
f 2322 2282 2217
f 3172 3168 2512
f 441 1819 1797
f 2546 2592 2397
f 2232 3167 455
f 2098 3261 2097
f 2551 2720 3029
f 2464 2638 2503
f 3610 2798 1517
f 2503 2403 2464
f 3085 3019 2889
f 2507 2840 2641
f 2284 2363 2554
f 2554 2363 2601
f 2685 2439 2509
f 2510 2468 2844
f 2514 2727 2469
f 2722 2504 2503
f 2370 2560 2470
f 1498 2340 3311
f 2647 2646 2518
f 1887 2759 109
f 2609 2566 2518
f 2517 2876 3663
f 2476 2474 2610
f 2566 2610 2474
f 2519 2473 2565
f 2204 918 3334
f 2757 2409 2568
f 2214 3927 980
f 3466 2264 3898
f 2652 2258 2290
f 1873 1782 1871
f 1851 2373 2079
f 364 2164 1784
f 3382 3913 3669
f 1707 1434 1435
f 3053 2381 2686
f 2946 2373 2947
f 2611 2947 2373
f 3288 851 2663
f 3285 2510 2846
f 2752 2160 1150
f 175 147 267
f 2485 2383 2385
f 2764 2618 2377
f 1386 1439 1293
f 2621 2574 2337
f 2540 2419 2341
f 1487 3750 1588
f 2649 2964 1623
f 906 1354 1457
f 1073 1302 3786
f 2981 3790 2644
f 2773 2628 3022
f 2541 2422 2778
f 3022 2628 2307
f 2956 2627 2542
f 666 2987 2667
f 2493 2583 2669
f 2631 2314 2494
f 2442 2190 1154
f 2962 3807 154
f 2632 2588 2671
f 2897 2630 2587
f 2544 2589 2272
f 2795 3595 1517
f 2440 2154 1407
f 3194 3869 3583
f 2671 2399 2427
f 2303 2586 2395
f 2359 2322 2216
f 2592 2547 2431
f 1598 2979 994
f 2636 2836 2549
f 2598 2681 2682
f 3386 3131 3638
f 3637 3024 238
f 2638 2598 2682
f 2402 2551 2550
f 416 130 1395
f 2440 3026 2154
f 2839 2553 2640
f 2640 2553 2437
f 2684 2640 2437
f 2437 2553 2404
f 3008 3004 2174
f 791 965 679
f 1857 1140 509
f 2554 2601 2724
f 2365 2966 2366
f 3570 2215 2007
f 2469 2727 2287
f 2691 2287 2848
f 2778 2630 2897
f 2817 2608 2607
f 2817 2647 2608
f 2518 2608 2647
f 2609 2518 2646
f 2933 2930 3989
f 1737 2082 1742
f 1676 597 2421
f 2568 2610 2821
f 2473 2520 2565
f 2566 2609 2753
f 2414 2532 2571
f 2244 2852 1772
f 3202 2915 2329
f 2757 2882 2523
f 1658 1659 1529
f 2447 2707 2524
f 1974 2033 1618
f 2524 2707 2708
f 2995 1920 2173
f 2294 2527 2710
f 3146 3214 2612
f 1847 1519 1150
f 2532 2530 2948
f 2377 2335 2763
f 2763 2195 2451
f 2706 2448 2480
f 2541 2956 2542
f 751 782 725
f 2383 2485 2827
f 2620 2617 2131
f 1578 3940 210
f 1457 3938 906
f 2575 2268 2539
f 2197 3836 1162
f 2337 2660 2621
f 1442 2758 2749
f 3315 901 2450
f 896 1376 3044
f 3836 2197 2194
f 2627 2955 2307
f 744 378 724
f 2778 2422 2305
f 1349 1775 1342
f 2583 2491 2888
f 2668 2833 2832
f 3111 3355 1606
f 484 3931 1268
f 2888 2669 2583
f 2670 2718 2494
f 1633 1430 1431
f 2005 251 1322
f 347 2339 3566
f 2394 1654 2152
f 2272 2589 2498
f 2596 2681 2598
f 2464 2598 2638
f 1504 2080 1516
f 2552 2720 2402
f 2814 3353 3355
f 2433 2596 2598
f 2553 2552 2465
f 1889 2152 1890
f 3939 2863 2045
f 2139 1374 2678
f 1374 3781 2678
f 2182 3908 3100
f 2963 2685 2600
f 2723 2508 2554
f 2724 2601 2439
f 3052 3194 3575
f 811 2285 3247
f 1013 2286 3165
f 45 363 1687
f 2366 3036 2368
f 967 1506 1755
f 2725 2558 2255
f 440 999 2096
f 2939 2646 2817
f 357 2683 1029
f 1059 3783 3357
f 2894 2832 2833
f 2787 3591 2782
f 2412 2448 2079
f 3352 3704 3474
f 3077 1729 2226
f 2404 2553 2465
f 3624 3384 2852
f 2520 2704 2879
f 2520 2879 2565
f 3060 2109 3591
f 1410 1929 2423
f 2413 2611 2373
f 1340 382 1637
f 2604 2512 2468
f 493 531 442
f 3108 3370 3633
f 3091 3084 3358
f 3920 1908 3755
f 2205 2307 2308
f 1992 3376 106
f 2947 2611 2824
f 3363 3370 3368
f 2294 2710 2760
f 2821 2566 2753
f 2656 2571 2826
f 2377 2763 2764
f 2711 2615 3269
f 2655 2533 2451
f 3165 2573 3696
f 2655 2451 2659
f 2660 2337 2536
f 2486 2577 2951
f 3020 2575 2539
f 2539 2538 2661
f 1578 2602 2323
f 3019 2577 2540
f 2575 2664 2578
f 3142 2478 661
f 3661 3662 3017
f 2716 2307 2955
f 2349 1342 1775
f 2229 1120 3955
f 3853 759 1311
f 2265 1988 2051
f 2584 2496 2773
f 2775 2671 2584
f 2775 2632 2671
f 2137 166 1028
f 3069 2645 518
f 2229 763 1966
f 1512 1514 1318
f 744 732 1388
f 2545 2833 2459
f 2589 2835 2498
f 2578 2309 2243
f 1007 1156 948
f 2499 2320 2899
f 1708 2023 1922
f 592 544 2472
f 2677 2547 2592
f 1018 3247 2285
f 2501 2836 2899
f 2595 2547 2838
f 2677 2957 2547
f 509 2083 3216
f 2394 2152 1889
f 2551 2781 2597
f 1531 1606 3355
f 2552 2553 2839
f 2840 2504 2722
f 2508 2684 2437
f 2554 2724 2723
f 2723 2684 2508
f 2722 2503 2721
f 2641 2600 2507
f 3338 2963 2600
f 3014 3006 2680
f 2724 2439 2685
f 3848 1561 1066
f 2792 2845 2788
f 347 3294 3011
f 3777 1528 3652
f 2058 3652 419
f 3036 2516 2368
f 3971 1136 3979
f 2793 3101 2909
f 2692 2694 2693
f 3919 1860 3972
f 1059 3357 3879
f 290 1495 2616
f 3254 1029 3018
f 2802 3056 2732
f 3216 3986 509
f 2446 2288 2158
f 1417 3359 3433
f 2740 2741 2736
f 2745 2805 2741
f 2607 2875 2817
f 2702 2608 2519
f 2370 2470 2189
f 3988 2085 3813
f 2701 2608 2702
f 2817 2646 2647
f 2976 554 826
f 2608 2701 2607
f 2937 2817 2875
f 2821 2755 2568
f 491 1300 1823
f 268 2531 3710
f 819 1783 274
f 859 1364 554
f 2976 859 554
f 1889 1890 2398
f 2657 3840 3799
f 3574 653 265
f 2523 2822 2447
f 2710 2292 2708
f 2532 3147 2826
f 1875 1348 277
f 1978 3418 1605
f 1228 274 1783
f 2413 2612 3214
f 2760 2483 2613
f 2126 3146 2612
f 3357 3783 2766
f 1855 868 2138
f 2615 2379 3269
f 2379 2713 3269
f 491 1823 2905
f 2905 2902 491
f 3540 3369 3193
f 2711 3269 3148
f 2258 2652 2158
f 2485 2656 2827
f 2656 2826 3215
f 3823 2676 982
f 1602 2761 2766
f 2540 2715 3019
f 363 360 2044
f 2540 2768 2715
f 1967 935 3149
f 3791 1394 2159
f 2487 1452 3645
f 2644 3790 2302
f 2888 2892 2669
f 2048 3294 851
f 2454 2656 2485
f 2890 2632 2775
f 1853 262 2352
f 1810 1570 2313
f 2632 2891 2633
f 2149 2545 2459
f 2346 2649 3489
f 125 149 173
f 2494 2718 3023
f 2631 3220 2834
f 2590 2632 2633
f 3651 3655 171
f 3023 2631 2494
f 3274 2778 2897
f 3764 357 1029
f 2546 2498 2835
f 2299 2539 2268
f 3533 2479 1543
f 2677 2592 2546
f 2340 2688 3311
f 468 2603 3801
f 2596 2595 2838
f 2084 1516 2080
f 2596 2462 2595
f 2781 2551 3029
f 560 3986 1144
f 2597 2550 2551
f 1335 754 138
f 2322 2464 2403
f 2349 3012 676
f 1204 144 605
f 2788 2845 3033
f 348 735 3983
f 2685 2842 2843
f 1280 2582 750
f 2727 2558 2725
f 2476 2610 2568
f 2255 2470 2965
f 2513 50 3707
f 193 3913 196
f 2341 2342 2768
f 2850 2604 2909
f 2689 2516 3226
f 2794 2560 2370
f 2692 2693 2856
f 2729 2693 2694
f 2729 2694 2733
f 2137 3855 166
f 2692 2799 2694
f 2733 2694 2735
f 3291 3348 3292
f 2736 2732 2731
f 3367 1978 1605
f 2733 2735 2737
f 2862 3117 2740
f 971 1506 348
f 2732 2736 2802
f 2737 2738 2804
f 2802 2741 2805
f 2862 2740 2736
f 2736 2982 2862
f 2804 2738 2807
f 2698 2807 2738
f 2741 2802 2736
f 2737 2742 2738
f 2896 2562 2653
f 2679 3195 3375
f 2742 2744 2738
f 2890 3085 2889
f 2740 2745 2741
f 3772 3983 735
f 2807 2748 2810
f 2744 2746 2738
f 197 3722 2926
f 2747 2866 2745
f 3948 3719 3446
f 2747 2745 2740
f 3542 1374 3534
f 2748 2698 2746
f 2740 2812 2747
f 2812 2740 2865
f 1059 3879 464
f 3658 1552 3654
f 2748 2873 2751
f 3839 1775 1349
f 2873 2748 2746
f 136 3990 1524
f 854 2663 2672
f 2489 3404 2871
f 2567 2477 2648
f 1031 2381 3675
f 2757 2568 2755
f 3218 3746 2935
f 2866 2925 2745
f 3263 2882 2757
f 2652 3007 2477
f 2523 2882 2883
f 2706 2480 3145
f 3692 3964 3691
f 1516 2084 907
f 1383 3283 3018
f 2824 2611 2413
f 1784 2140 2027
f 3146 2383 2827
f 2532 2826 2571
f 3666 710 3933
f 2858 2096 995
f 2617 3016 2713
f 2764 2763 3079
f 3586 2614 3770
f 2549 2597 2636
f 1626 1634 2665
f 2241 2270 2171
f 3215 2827 2656
f 3772 3715 3983
f 3928 995 1524
f 1544 2132 933
f 3019 2951 2577
f 2776 1541 1888
f 2664 2575 3020
f 2664 3020 2887
f 3522 62 1917
f 2832 2768 2668
f 2664 2888 2491
f 2307 2716 3022
f 3378 3427 1534
f 2541 3156 2956
f 2632 2890 2891
f 2228 1905 2290
f 2775 2584 2772
f 3023 3220 2631
f 2546 2835 2837
f 2677 2546 2837
f 773 46 2801
f 2957 2958 2547
f 155 489 3184
f 449 2562 2734
f 2597 3028 2780
f 3276 2780 3027
f 2552 2839 3030
f 2841 2684 2961
f 1869 3111 2484
f 2721 3093 3281
f 2685 2963 2842
f 2773 2772 2584
f 3933 2022 672
f 365 73 642
f 1679 91 2557
f 2468 2512 3168
f 2255 2965 3397
f 2966 2365 3170
f 378 744 3769
f 2293 464 1788
f 2791 2967 2792
f 2848 2287 2727
f 2715 2768 2832
f 157 2624 2585
f 975 1528 982
f 2729 3047 2693
f 2732 2916 2797
f 2978 2799 2692
f 2733 2737 2860
f 1455 1535 1662
f 2044 1687 363
f 2598 2464 2357
f 2982 2736 2731
f 2694 2799 3185
f 2694 3185 2735
f 1598 3111 1869
f 2983 3116 3304
f 2692 2856 2978
f 3185 2921 2735
f 2807 2986 2804
f 2804 2986 3115
f 2230 3430 3681
f 2965 2560 2906
f 2986 2810 2988
f 2884 1788 2877
f 3117 2924 2740
f 2940 610 3910
f 2738 2746 2698
f 1206 2231 1489
f 2742 2927 2744
f 2810 2868 2988
f 3372 3090 3882
f 2927 2811 2744
f 2740 2924 2865
f 152 3317 1254
f 2868 2810 2751
f 2517 2522 2876
f 2810 2748 2751
f 983 1292 1282
f 2867 2811 3062
f 2812 2931 2747
f 2929 2812 2865
f 2866 2747 2931
f 2751 2873 2868
f 2867 2873 2746
f 2812 2996 2931
f 1740 1709 2302
f 2565 2879 2878
f 2609 2646 2753
f 2567 2648 2704
f 3801 1400 672
f 3930 3943 3938
f 1191 1724 2796
f 2880 2755 2821
f 2830 1340 1637
f 1150 2160 2148
f 1075 3430 88
f 152 1784 2027
f 1372 182 3118
f 728 464 3879
f 2477 3005 3003
f 3204 3296 1689
f 2652 2290 3493
f 853 1397 316
f 2523 2883 2822
f 1657 1801 1573
f 3322 2480 2946
f 2214 3943 3927
f 2711 3148 2948
f 3480 1723 1716
f 2763 2533 2949
f 1952 362 3327
f 2621 2660 2950
f 2884 2293 1788
f 2536 2618 2660
f 2661 2574 2621
f 2763 2949 3079
f 1689 2576 1692
f 2048 3288 628
f 3381 1836 295
f 930 3239 335
f 2182 1629 3908
f 3583 3575 3194
f 2399 2317 2427
f 3219 2955 2627
f 3131 3633 3638
f 980 3927 3906
f 2890 2775 2953
f 2894 2633 2891
f 1297 3287 2280
f 3154 2669 2954
f 2777 2670 2669
f 2251 2389 673
f 2833 2633 2894
f 1983 2820 3103
f 1076 3466 736
f 3088 2835 2589
f 3452 2544 2834
f 2719 2897 2587
f 2899 2719 2499
f 1889 1645 2392
f 3674 1104 3953
f 2822 2707 2447
f 2567 2444 2477
f 3430 2230 88
f 2780 2636 2597
f 2557 559 2008
f 2596 2838 2681
f 3338 2600 2641
f 3532 2384 674
f 2843 2723 2724
f 3368 3370 3108
f 2723 2961 2684
f 2844 2846 2510
f 2442 1442 2749
f 2365 2441 3170
f 2526 3712 2863
f 3173 2791 2687
f 2850 2909 3227
f 3036 3341 2516
f 2516 3341 3226
f 3043 2855 2851
f 2855 2853 2851
f 2850 3172 2604
f 2855 2913 2853
f 2502 1217 2823
f 1420 349 2438
f 2977 3050 2916
f 2916 3050 2914
f 2797 2916 2914
f 2938 3937 2935
f 3345 3406 3467
f 2855 3043 2977
f 3293 35 2190
f 2202 1998 2029
f 3991 2688 2340
f 2167 3358 3084
f 2799 2978 3114
f 2804 3115 2860
f 441 1126 1819
f 2802 2918 3056
f 2742 2737 2735
f 2982 3117 2862
f 3111 1598 3355
f 2804 2860 2737
f 1752 46 773
f 2921 2927 2742
f 2925 2923 2805
f 3112 2731 3054
f 3673 1551 1824
f 2881 1551 3673
f 2989 2925 2866
f 1775 2074 3511
f 3063 2929 2865
f 1407 2154 2157
f 3089 2899 2836
f 2873 2932 2868
f 2996 2812 2929
f 1920 1674 2173
f 52 3534 683
f 2873 2870 2932
f 2704 2943 2879
f 2873 2936 2870
f 2873 2867 2872
f 1079 892 760
f 1741 71 3090
f 2875 2816 2937
f 2875 2998 2816
f 2869 160 3073
f 672 2922 3933
f 3164 2720 3030
f 2787 2430 2440
f 941 1977 79
f 853 2174 3004
f 657 1977 3618
f 2879 2943 2878
f 2880 2821 2753
f 2517 3663 3908
f 3003 2943 2704
f 1375 3809 1950
f 2880 2757 2755
f 2549 2550 2597
f 2659 2534 2654
f 3310 3109 1107
f 1301 299 578
f 1846 322 585
f 3105 187 1371
f 1327 1183 1208
f 3010 2760 2710
f 1383 3018 1029
f 787 3808 1375
f 465 1277 1267
f 2533 2655 3150
f 23 64 87
f 2504 2840 2505
f 3016 2620 2418
f 2764 3080 2618
f 3265 3493 2290
f 3577 2381 3053
f 2180 1372 3118
f 2889 2891 2890
f 2832 2894 2889
f 2045 2863 742
f 3086 2716 2955
f 2891 2889 2894
f 1961 1963 1710
f 2830 126 2481
f 2677 2837 2957
f 3059 3335 2210
f 3156 2778 3274
f 3088 2544 3452
f 1310 1507 1427
f 2182 3100 1004
f 3276 2836 2780
f 1889 2398 824
f 2899 3159 2719
f 2811 2746 2744
f 2838 3092 2681
f 2720 3164 3029
f 2960 2638 2682
f 2720 2552 3030
f 3093 2721 2638
f 2681 2960 2682
f 2788 3033 2904
f 3223 3033 2845
f 3770 3540 3488
f 2725 3096 2727
f 2153 291 1369
f 3223 2845 2967
f 2353 2703 3034
f 3839 2074 1775
f 3824 3794 3548
f 2848 2968 2691
f 938 933 2132
f 3884 2766 3783
f 3709 1940 3430
f 3091 3363 3368
f 2742 2735 2921
f 1789 1785 3360
f 2805 2745 2925
f 2913 2855 2977
f 1351 1180 1264
f 3126 2931 3067
f 2797 3054 2731
f 488 3503 3953
f 2733 2860 2729
f 278 809 2952
f 3606 229 1175
f 2802 2805 2923
f 3003 2648 2477
f 1311 759 1902
f 2778 2305 2630
f 1598 2814 3355
f 2918 2802 2923
f 2704 2520 2567
f 2339 347 3011
f 865 1420 1678
f 2480 2448 2412
f 426 2876 2522
f 2923 2925 2989
f 2868 3122 2988
f 3294 2048 3011
f 2366 3099 3036
f 2989 2866 2990
f 1407 2157 2803
f 2867 3062 3065
f 2929 3063 2992
f 3065 3196 2867
f 2011 2122 1951
f 3067 2931 2996
f 182 3864 3118
f 2929 2992 2996
f 2986 2807 2810
f 777 837 916
f 1867 1314 3972
f 3129 3249 2816
f 1993 1217 2502
f 3794 2779 3548
f 3132 2936 2873
f 3249 2937 2816
f 3615 2830 2481
f 2816 2998 3252
f 2936 3068 2999
f 2998 2607 2701
f 2702 2878 3072
f 3306 889 3978
f 2646 2939 2753
f 2941 3000 2878
f 324 2174 853
f 2939 3002 2753
f 3002 2942 2753
f 969 684 867
f 3141 3003 3005
f 2942 2880 2753
f 3263 2880 2942
f 3479 120 1087
f 3123 3842 3902
f 3721 3995 3994
f 1196 1195 1097
f 154 3807 20
f 3263 2757 2880
f 2784 2769 2765
f 2026 2657 3799
f 2109 3060 2743
f 3602 2708 2707
f 2419 2540 2577
f 2413 3213 2824
f 3369 3198 3196
f 3100 3908 3623
f 3779 2483 2760
f 2935 3732 3218
f 2654 3779 3445
f 1394 297 2159
f 2659 2654 2655
f 2261 610 1185
f 3217 3466 2490
f 2525 3327 3597
f 1300 491 1050
f 2710 3544 3010
f 3151 2661 2621
f 3927 3418 3906
f 3020 2661 3151
f 2887 3271 2888
f 1296 3804 3918
f 3271 2892 2888
f 2463 2754 3533
f 3907 2345 1786
f 2772 2953 2775
f 2890 2953 3085
f 2772 2773 3272
f 3156 2541 2778
f 2956 3219 2627
f 2323 2329 1966
f 2669 3154 2777
f 3087 2718 2670
f 812 1626 262
f 2633 2833 2545
f 3087 2670 2777
f 3452 2834 3220
f 462 1142 1632
f 3108 3633 2188
f 3089 3159 2899
f 1814 2898 1289
f 3089 2836 3276
f 3162 2958 2957
f 2958 2838 2547
f 2958 3331 2838
f 3028 2781 3029
f 1675 1707 1539
f 3528 3182 3639
f 2839 2640 2841
f 2352 1626 3776
f 2384 1834 695
f 3678 2722 3281
f 3678 2840 2722
f 3396 2641 2840
f 3678 3396 2840
f 3094 2961 2723
f 2557 2008 1679
f 2537 2559 3287
f 2503 2638 2721
f 2966 3170 3558
f 3558 3169 2966
f 2698 2748 2807
f 896 3830 2351
f 2687 2788 3098
f 3169 3099 2966
f 2006 2263 3247
f 135 989 2696
f 2906 2970 3040
f 3039 2691 2968
f 2906 2560 2970
f 3764 3254 3284
f 2521 1511 1508
f 748 1058 1938
f 2970 3102 3040
f 1677 1918 1821
f 297 2393 1060
f 3254 3764 1029
f 2971 2972 3046
f 1118 2623 3238
f 3234 2853 3237
f 585 1832 1846
f 819 3532 951
f 2851 2853 3234
f 3047 2729 3045
f 3045 2729 3107
f 1784 1254 364
f 3043 3050 2977
f 2853 2913 3048
f 2515 3560 3101
f 550 547 209
f 2190 3810 3293
f 2754 2463 2752
f 3051 3054 2914
f 2797 2914 3054
f 2913 2977 2916
f 2860 3115 3244
f 3112 2982 2731
f 2945 3359 1417
f 3378 1534 2086
f 3012 2349 2055
f 3117 2982 3112
f 3114 3185 2799
f 3115 2986 2983
f 574 644 618
f 2988 3116 2986
f 2983 2986 3116
f 2988 3122 3120
f 3254 3018 3264
f 473 3971 3979
f 2870 2936 2994
f 3121 2865 2924
f 3121 3063 2865
f 1200 870 1927
f 2868 2932 3122
f 49 2384 695
f 2866 2931 2990
f 851 3288 2048
f 3196 2872 2867
f 1543 2463 3533
f 3128 3133 2992
f 826 1786 2345
f 2429 1519 86
f 3032 303 835
f 2992 3133 2996
f 2084 478 907
f 2883 2882 3379
f 1573 1691 1600
f 3133 3067 2996
f 2872 3132 2873
f 3132 3068 2936
f 2607 2998 2875
f 3199 2939 2817
f 3696 2163 364
f 3255 2701 3072
f 1400 3480 672
f 2878 3000 3072
f 1117 1654 835
f 847 1841 3125
f 3000 2941 3071
f 3211 3071 2941
f 2727 2514 2558
f 2943 2941 2878
f 3002 2939 3001
f 2139 1875 277
f 2941 2943 3141
f 3533 309 2479
f 2941 3141 3436
f 3804 1296 3969
f 674 1800 3909
f 1258 816 851
f 3007 3005 2477
f 3664 3390 3326
f 3007 2652 3493
f 775 3989 2864
f 126 3138 2297
f 500 2926 2330
f 2708 3602 2885
f 2987 3728 2981
f 2729 2860 3303
f 3010 3544 3494
f 2826 3147 3078
f 2826 3078 3215
f 3964 3909 1800
f 17 732 1438
f 3080 2764 3079
f 2655 3445 3150
f 3966 3850 3965
f 2837 2835 3025
f 1488 3837 3327
f 2660 2618 3017
f 3193 3189 3488
f 2159 2153 3791
f 1828 1053 2329
f 615 1683 3697
f 2955 3219 3086
f 1823 1300 2324
f 3023 2718 3087
f 2792 2967 2845
f 2547 2595 2462
f 3158 3159 3089
f 3047 2856 2693
f 3209 3703 2593
f 3555 1314 1867
f 2780 3028 3027
f 1491 1296 712
f 3419 2921 3362
f 3331 2958 3163
f 2797 2731 2732
f 3418 1978 3906
f 2291 2289 1267
f 1595 3948 3340
f 2589 2544 3088
f 3936 3391 3385
f 3172 2850 3289
f 2283 3893 2593
f 3101 2793 2515
f 1228 1783 3844
f 2492 552 3103
f 552 1983 3103
f 2972 2971 3177
f 1363 1216 1012
f 1118 3238 3496
f 3046 3107 3042
f 3045 3107 3046
f 624 533 3123
f 2304 1814 750
f 3237 2853 3048
f 81 87 64
f 2619 2326 1709
f 2230 3681 2528
f 3050 3043 3301
f 2914 3050 3301
f 3182 2978 2856
f 752 1388 732
f 3056 2913 2916
f 3110 3112 3054
f 3368 1295 1864
f 2230 3157 2876
f 1929 1410 1924
f 391 241 345
f 2916 2732 3056
f 2924 3117 3416
f 3419 2927 2921
f 52 692 2375
f 2924 3305 3121
f 3943 3667 3690
f 3381 645 1836
f 2927 3124 2811
f 1925 1347 3152
f 2519 2878 2702
f 2626 2234 3979
f 3155 2529 738
f 3121 3127 3063
f 2704 2648 3003
f 2869 3152 1347
f 3580 3640 3361
f 3943 3930 3667
f 3127 2992 3063
f 3128 2992 3127
f 3198 2872 3196
f 2291 1267 1277
f 2993 2994 3201
f 2995 2699 322
f 2712 3058 2080
f 3205 3135 3133
f 1730 2231 1732
f 3786 1302 2809
f 3249 3199 2937
f 2022 3933 710
f 3133 3203 3067
f 2849 135 3925
f 2817 2937 3199
f 732 744 724
f 3200 3071 3135
f 3071 3211 3135
f 2661 2538 2574
f 1498 1504 3095
f 2827 3015 3146
f 2939 3210 3001
f 3470 2635 2343
f 692 709 1832
f 3541 3211 2941
f 3111 3404 2489
f 3263 2942 3002
f 3517 3291 3292
f 163 270 164
f 3111 2489 2484
f 2784 2785 2133
f 1004 1020 2182
f 1689 451 3204
f 3602 2707 2822
f 2889 2715 2832
f 1623 2964 817
f 2188 3633 3131
f 3010 3440 2760
f 2813 2475 2808
f 3015 2827 3215
f 2655 2654 3445
f 2418 3270 3016
f 3324 3270 2951
f 2383 3146 2126
f 3017 2950 2660
f 3019 3153 2951
f 501 870 1200
f 583 258 2087
f 3271 3020 3151
f 3271 2887 3020
f 2636 2780 2836
f 3883 3997 3948
f 3022 2716 3450
f 3764 2160 2752
f 2346 3861 1485
f 1965 3327 362
f 2835 3088 3025
f 982 2849 3655
f 1755 971 3253
f 3181 3300 3180
f 3158 3089 3161
f 3089 3276 3161
f 792 2917 2417
f 1163 628 3288
f 2167 3100 3358
f 3126 2990 2931
f 2223 2601 2363
f 3332 3029 3279
f 3092 2960 2681
f 3907 1240 1243
f 1034 58 3138
f 3509 2839 3336
f 1783 819 663
f 2839 2841 3336
f 1952 3310 2192
f 3843 1768 3904
f 2843 3094 2723
f 2842 2963 3282
f 2332 3472 2083
f 3093 2960 3333
f 3282 2843 2842
f 3281 2722 2721
f 1695 353 2333
f 3401 2689 3513
f 3107 2729 3303
f 2192 2438 349
f 2165 2169 2092
f 2970 2794 3039
f 3343 2970 3039
f 1428 349 1420
f 3041 2972 3177
f 3101 3227 2909
f 1738 1767 1813
f 3869 3712 2511
f 1888 1541 111
f 2972 2910 3045
f 3045 2910 3104
f 735 106 1495
f 2709 1127 840
f 3301 3051 2914
f 3114 2978 3182
f 2991 2147 2674
f 2918 3415 3113
f 3114 3362 3185
f 877 2945 1111
f 3112 3416 3117
f 3192 3584 3188
f 2850 3227 3289
f 3365 3120 3122
f 2605 3487 2603
f 325 1924 1410
f 854 2672 1790
f 756 478 933
f 3193 3065 3062
f 1405 752 2726
f 3189 3193 3062
f 2709 2421 597
f 3196 3065 3193
f 2225 1977 941
f 3480 2267 3484
f 2993 3201 3207
f 3487 3484 2267
f 1127 2709 597
f 855 1394 1919
f 2993 3207 3190
f 1127 3032 840
f 3205 3133 3128
f 2787 2782 2430
f 2297 3138 1925
f 2999 3068 3206
f 3255 2998 2701
f 3927 3943 3690
f 2994 2999 3201
f 2424 2784 2133
f 3133 3208 3432
f 448 396 256
f 3432 3203 3133
f 1245 916 985
f 2680 547 550
f 3000 3134 3072
f 3389 2869 1917
f 3001 3210 3136
f 3492 3001 3136
f 3180 3042 3181
f 3003 3141 2943
f 3603 2885 3602
f 2885 3603 3544
f 2947 3322 2946
f 1860 1867 3972
f 3213 2413 3214
f 2793 2909 2604
f 2204 1450 918
f 3214 3146 3442
f 2948 3147 2532
f 782 985 725
f 2949 3609 3079
f 2765 2111 2785
f 3270 3448 3016
f 2418 2951 3270
f 3017 2618 3080
f 1405 2726 415
f 3271 2954 2892
f 2794 2970 2560
f 2953 2772 3272
f 3502 2285 481
f 2777 3154 3326
f 3088 3452 3501
f 3382 196 3913
f 2957 3160 3162
f 3163 2958 3162
f 488 3953 2831
f 3332 3028 3029
f 1146 497 3260
f 712 1296 3917
f 2724 2685 2843
f 1814 1560 750
f 3313 3374 3715
f 1626 2352 262
f 3342 3694 3515
f 3098 2904 3684
f 2616 106 3376
f 647 3929 2579
f 3735 2965 2906
f 1227 1958 2521
f 1185 3898 2264
f 2788 2904 3098
f 608 1688 2197
f 2441 2689 3401
f 3170 2441 3401
f 3096 3168 3172
f 3173 3098 3625
f 3041 2910 2972
f 3787 3669 3329
f 481 1417 3502
f 3091 3368 1864
f 1013 2289 2286
f 3177 3291 3041
f 2739 2769 2750
f 3180 3298 3178
f 1623 3489 2649
f 3179 3180 3178
f 3046 3179 3177
f 2930 2142 804
f 3352 3236 2851
f 3043 2851 3236
f 3197 1875 886
f 1175 229 2339
f 3106 3045 3104
f 1144 2634 1062
f 3301 3043 3236
f 3045 3106 3047
f 3034 3566 2353
f 2910 3041 3104
f 592 1076 544
f 2905 2900 2902
f 3182 2856 3106
f 2625 2371 2082
f 3530 3110 3240
f 3281 3093 3731
f 1887 3794 3533
f 2160 3764 3284
f 3116 2988 3120
f 1938 2219 3420
f 3304 3116 3120
f 3419 3124 2927
f 3782 1687 2039
f 3690 3183 2280
f 2878 2519 2565
f 1837 2926 1601
f 3188 2990 3192
f 3124 3189 3062
f 3127 3121 3305
f 3424 3128 3127
f 2086 2391 2739
f 2831 2902 488
f 588 2905 2619
f 2663 854 216
f 3129 3252 3486
f 547 3006 3880
f 344 1587 976
f 1046 537 3351
f 3200 3205 3128
f 3058 2086 2739
f 130 13 1395
f 3002 3001 3492
f 3201 3258 3207
f 3058 2712 2086
f 3258 2999 3206
f 2999 3258 3201
f 3207 3258 3256
f 3429 3068 3132
f 933 938 847
f 3058 2728 2717
f 3135 3259 3208
f 20 2436 3283
f 3768 2436 20
f 3135 3211 3259
f 2312 2028 1470
f 3258 3136 3256
f 3136 3210 3256
f 3025 3088 3330
f 3258 3318 3136
f 3136 3318 3492
f 1786 3742 3907
f 2334 2959 2622
f 2765 2785 2784
f 578 1387 1117
f 1184 3854 1724
f 3553 3282 2963
f 3747 709 3849
f 2080 3058 2717
f 3322 3266 3145
f 3321 3602 2822
f 2654 2483 3779
f 3151 2621 2950
f 3284 3254 3261
f 888 3566 2339
f 3213 3439 2824
f 2939 3199 3210
f 3271 3497 3387
f 3271 3387 2954
f 3498 3450 2716
f 3022 3450 3272
f 3272 2773 3022
f 3744 3909 3693
f 3981 2246 3890
f 2313 488 2900
f 3087 3326 3390
f 3329 3159 3158
f 3328 3220 3023
f 2703 2712 2705
f 1882 817 2130
f 2597 2781 3028
f 3027 3028 3332
f 3092 2838 3331
f 3280 2960 3092
f 3164 3279 3029
f 2058 419 3253
f 3551 3030 2901
f 597 1903 2420
f 1753 1993 1996
f 3282 3456 2843
f 2725 3397 3457
f 3735 3397 2965
f 3544 2710 2885
f 3223 2967 3225
f 333 332 346
f 3280 3455 3333
f 3171 3735 2906
f 3221 2616 3376
f 114 90 69
f 3566 888 2353
f 3225 2967 3563
f 3400 3099 3169
f 488 2902 2900
f 3172 3289 2968
f 792 46 1752
f 3039 2968 3515
f 3515 3343 3039
f 3403 3341 3036
f 802 2917 794
f 3102 3343 3405
f 2970 3343 3102
f 1915 1910 1744
f 3177 3231 3291
f 2776 3807 3562
f 3041 3291 3407
f 2635 2458 3491
f 3177 3179 3231
f 3525 817 556
f 3230 3231 3179
f 2813 3562 3828
f 1581 514 3954
f 3102 3228 3040
f 3178 3230 3179
f 3178 3232 3230
f 3938 1457 3930
f 3232 3178 3298
f 2940 1205 1185
f 3301 3236 3409
f 3107 3303 3181
f 3956 154 20
f 2420 1127 597
f 3301 3240 3051
f 3242 3048 2913
f 3242 2913 3529
f 3413 3303 3244
f 3529 2913 3113
f 2857 2244 929
f 3394 488 2313
f 2983 3361 3115
f 2313 1570 3394
f 3185 3362 2921
f 3245 3186 2923
f 1559 295 1833
f 802 2371 2674
f 3416 3305 2924
f 2989 3188 3245
f 1581 2323 763
f 3659 3993 2137
f 2306 1945 3802
f 739 740 638
f 717 3307 3412
f 3425 3128 3424
f 2990 3126 3192
f 2922 672 1716
f 3412 3307 1779
f 3249 3538 3199
f 3200 3426 3134
f 3313 3251 3126
f 2512 2604 3172
f 3252 2998 3255
f 1735 1198 1887
f 1903 1913 3973
f 3779 2760 3440
f 3067 3203 3313
f 24 31 36
f 3233 3354 3104
f 2182 1020 1629
f 3257 3318 3258
f 3203 3374 3313
f 259 3960 3842
f 995 136 1524
f 3076 865 1335
f 3005 3436 3141
f 3275 2262 102
f 2719 3159 2897
f 2585 3893 157
f 609 3798 2020
f 2882 3262 3379
f 2898 2602 1578
f 3508 1786 554
f 102 3654 3275
f 2323 3202 2329
f 2178 3607 3543
f 3139 2475 2820
f 2262 422 423
f 3010 3494 3440
f 1966 763 2323
f 3267 3148 3269
f 3974 3973 1913
f 3447 3269 2713
f 2561 2323 2602
f 2329 1053 1966
f 3080 3079 3546
f 3876 1524 3990
f 3058 2750 2728
f 3151 2950 3497
f 1515 419 975
f 3271 3151 3497
f 3335 3059 3824
f 2716 3086 3498
f 2296 2379 2235
f 3646 1999 3253
f 3086 3219 3665
f 3156 3274 3500
f 3156 3219 2956
f 2777 3326 3087
f 1578 210 1289
f 2521 115 1511
f 2725 2255 3397
f 1755 1506 971
f 3087 3499 3023
f 1882 2392 1099
f 3328 3452 3220
f 2424 1841 847
f 2837 3025 3160
f 1999 1755 3253
f 3501 3393 3088
f 2837 3160 2957
f 3027 3277 3276
f 1360 1294 1263
f 3280 3092 3730
f 551 2934 1854
f 3164 3030 3551
f 2273 3690 2280
f 3410 3234 3237
f 536 1768 3761
f 3731 3093 3333
f 2960 3093 2638
f 3033 3458 2904
f 2725 3168 3096
f 1206 3371 3620
f 3735 3171 3737
f 98 3981 3890
f 3646 419 1515
f 3697 3653 1679
f 3347 3348 3229
f 3229 3348 3230
f 2858 1692 1087
f 1419 1410 2178
f 30 55 47
f 3104 3041 3233
f 2535 3581 3929
f 3229 3295 3347
f 3291 3231 3348
f 3229 3230 3295
f 3295 3297 3350
f 3232 3295 3230
f 1924 325 1919
f 3410 3704 3234
f 3475 1513 2436
f 3104 3354 3299
f 3180 3300 3298
f 3048 3411 3237
f 3106 3104 3299
f 3179 3046 3042
f 3432 3490 3203
f 3361 3244 3115
f 3530 3112 3110
f 3927 3690 3418
f 2267 2603 3487
f 135 2849 2690
f 3648 3714 98
f 3190 3122 2932
f 840 2151 1907
f 3530 3416 3112
f 82 3852 3585
f 3124 3419 3248
f 3190 3423 3365
f 3424 3127 3305
f 3190 3309 3423
f 3425 3200 3128
f 547 3880 1164
f 3192 3126 3251
f 642 2786 918
f 3313 3126 3067
f 1853 3217 2490
f 3425 3426 3200
f 3196 3193 3369
f 3256 3537 3207
f 2161 1385 844
f 3198 3314 3132
f 3177 2971 3046
f 3453 3277 3674
f 2887 2888 2664
f 3537 3256 3210
f 3351 465 454
f 3885 537 3997
f 50 1446 2762
f 3429 3206 3068
f 362 917 1965
f 1587 1279 976
f 3379 3778 397
f 2586 2303 1810
f 1221 1197 1194
f 3263 3002 3262
f 3263 3262 2882
f 1262 1263 1182
f 2244 2857 2852
f 3438 3266 3322
f 3794 309 3533
f 2822 2883 3321
f 3442 3146 3015
f 3839 3053 2074
f 3147 3148 3608
f 3991 2340 562
f 2172 2830 2818
f 3609 3150 3444
f 352 1442 2442
f 2713 3448 3447
f 1753 1508 1511
f 3017 3080 3611
f 2950 3017 3497
f 840 835 2151
f 2953 3723 3153
f 3154 3612 3326
f 1488 3327 2525
f 3785 3328 3023
f 2511 1586 2492
f 3329 3669 2897
f 3329 3161 3503
f 2167 1004 3100
f 3276 3453 3161
f 3454 3277 3332
f 3027 3332 3277
f 3331 3676 3092
f 3550 3279 3164
f 1011 1136 2009
f 3333 2960 3280
f 3176 3109 3837
f 3094 2843 3456
f 3793 3338 2641
f 3338 3553 2963
f 3175 3667 3930
f 2725 3457 3168
f 3309 3207 3537
f 874 1420 865
f 3033 3223 3458
f 3170 3554 3558
f 3400 3169 3558
f 2470 2560 2965
f 3285 3560 2515
f 3171 3040 3465
f 1674 1920 879
f 3400 3036 3099
f 2967 2791 3563
f 2968 3289 3342
f 3515 2968 3342
f 3743 2791 3173
f 3342 3289 3227
f 3467 3517 3348
f 3405 3343 3344
f 3515 3626 3343
f 3348 3347 3345
f 2796 3082 3090
f 3291 3468 3518
f 1828 3967 1053
f 2346 2472 3861
f 3291 3518 3407
f 3233 3407 3349
f 71 3763 831
f 3634 3233 3349
f 3232 3298 3297
f 2871 2219 2529
f 2489 2871 2529
f 1111 3756 877
f 1824 955 3820
f 3410 3237 3411
f 3926 3710 2531
f 3181 3303 3300
f 3411 3048 3242
f 3106 3299 3639
f 3301 3811 3240
f 3051 3110 3054
f 3051 3240 3110
f 1191 3090 71
f 1790 2672 2688
f 3244 3361 3640
f 3723 2953 3272
f 3599 3005 3007
f 2949 2533 3150
f 3361 2983 3304
f 1129 1308 3968
f 1539 1545 1711
f 3364 3305 3416
f 3245 3421 3186
f 3386 1904 1325
f 1654 1117 1387
f 1806 2046 2075
f 3642 1755 1999
f 3188 2989 2990
f 3134 3255 3072
f 3252 3129 2816
f 3485 3124 3248
f 2562 1075 356
f 3207 3309 3190
f 578 1385 1387
f 2244 1772 2210
f 3637 238 2976
f 3538 3537 3199
f 1890 1387 1385
f 3716 1308 2330
f 3021 3688 1299
f 3591 2109 2782
f 3132 3314 3429
f 3203 3490 3374
f 2019 2023 2342
f 3715 3374 3490
f 3989 775 3721
f 3409 3478 3705
f 3429 3431 3316
f 2167 3084 1592
f 3259 3211 3541
f 51 365 1450
f 1710 1703 1961
f 2922 124 3933
f 1572 1553 1757
f 3262 3002 3492
f 556 1099 2392
f 1454 1312 1399
f 1836 1833 295
f 2947 2824 3438
f 3438 2824 3656
f 2779 3794 1887
f 2486 2951 2418
f 1295 3368 3108
f 2178 1410 2423
f 3443 3215 3078
f 554 1364 2127
f 3078 3147 3608
f 1300 3968 2324
f 3015 3215 3545
f 3150 3445 3659
f 3150 3609 2949
f 2128 2051 1911
f 2310 551 1228
f 2739 2765 2769
f 2197 1688 2186
f 1425 1143 2425
f 2954 3612 3154
f 887 1690 1695
f 3044 3830 896
f 3669 3500 3274
f 2897 3669 3274
f 3545 3442 3015
f 3330 3671 3160
f 3186 2918 2923
f 3163 3504 3331
f 1690 885 607
f 1005 3353 2814
f 3226 3513 2689
f 3092 3676 3730
f 3280 3730 3455
f 3164 3551 3550
f 3069 1348 2645
f 3678 3281 3731
f 3457 3397 1613
f 2846 3510 3285
f 2814 1598 1286
f 1136 3774 2626
f 3796 3464 3556
f 3556 3464 3398
f 223 1613 3224
f 3512 272 2743
f 2874 226 3175
f 2381 1031 2686
f 2230 2528 3157
f 2791 3743 3563
f 1676 1143 597
f 3403 3400 3561
f 3564 3342 3227
f 3122 3190 3365
f 3698 3920 3755
f 3345 3629 3406
f 3266 3438 3877
f 3345 3347 3629
f 3345 3467 3348
f 3347 3295 3629
f 3820 3673 1824
f 3534 2375 3542
f 3517 3292 3348
f 2813 3828 2819
f 3400 3403 3036
f 3407 3233 3041
f 1845 1577 2133
f 3409 3352 3473
f 3473 3352 3474
f 1854 2952 809
f 3236 3352 3409
f 3736 2497 2242
f 3523 3354 3634
f 3230 3348 3231
f 3477 3297 3706
f 1347 1917 2869
f 3300 3706 3298
f 1524 3876 1552
f 3705 3811 3301
f 1629 1350 3908
f 824 1645 1889
f 3746 3756 2938
f 3413 3244 3640
f 2133 1577 2424
f 3171 2906 3040
f 3071 3200 3134
f 3714 3981 98
f 3186 3579 3415
f 1917 1640 3389
f 3708 3240 3811
f 3582 3248 3419
f 3685 3510 2846
f 3305 3643 3424
f 3245 3188 3644
f 3423 3535 3365
f 1601 2926 1503
f 1654 1387 2152
f 3714 3538 3249
f 3582 3815 3766
f 226 594 3395
f 3587 3584 3192
f 3819 3486 3255
f 3193 3488 3540
f 3255 3486 3252
f 724 1438 732
f 2759 2754 2429
f 3594 3198 3369
f 1890 2152 1387
f 3209 1339 2017
f 2658 1815 2097
f 2424 2132 2784
f 1645 556 2392
f 3715 3821 3983
f 3492 3318 3434
f 3436 3599 3823
f 3541 3436 3777
f 3046 2972 3045
f 3775 3434 3596
f 3436 3005 3599
f 1058 746 2219
f 2111 1833 2785
f 3493 389 3007
f 3379 397 3321
f 2789 1551 3588
f 708 897 821
f 3656 2824 3439
f 3501 3668 3393
f 419 1528 975
f 922 2828 2120
f 1457 3175 3930
f 3267 3447 3446
f 2058 348 947
f 3324 3495 3270
f 3611 3080 3546
f 3148 3267 3719
f 741 750 3377
f 3588 1547 3064
f 2951 3153 3449
f 3448 3547 3447
f 3612 3387 3497
f 3612 3664 3326
f 3665 3498 3086
f 3087 3390 3784
f 2776 20 3807
f 37 887 2333
f 3499 3785 3023
f 3393 3671 3330
f 2818 3353 2172
f 3829 3954 3160
f 1037 2170 390
f 3954 3162 3160
f 3058 2739 2750
f 1862 1959 2012
f 1325 1027 3131
f 1887 3533 2759
f 3279 3550 3454
f 3661 3017 3611
f 3234 3352 2851
f 3619 2961 3094
f 940 1231 1061
f 3793 3553 3338
f 2651 2674 2371
f 3792 3396 3678
f 332 331 346
f 2904 3458 2261
f 3533 2754 2759
f 3578 2743 3060
f 3461 3556 3998
f 3223 3225 3458
f 1741 3090 3372
f 3560 3564 3101
f 2901 3509 3507
f 3402 3465 3228
f 3105 1371 37
f 3899 465 2800
f 1270 2156 3075
f 3764 2662 357
f 3372 1743 3981
f 3689 3226 3341
f 3175 226 2277
f 3403 3689 3341
f 3743 3173 3625
f 3228 3691 3402
f 3343 3626 3344
f 3344 3692 3405
f 3692 3228 3405
f 3886 284 1233
f 3516 3467 3406
f 3567 3467 3516
f 3828 3575 2819
f 3295 3519 3629
f 3517 3467 3567
f 3295 3471 3519
f 2091 2717 2728
f 2015 2579 3767
f 1003 1864 1295
f 3568 3407 3518
f 2204 3334 3061
f 2874 1457 3149
f 3473 3520 3630
f 3478 3473 3630
f 2170 2886 390
f 1844 2007 653
f 1789 2086 2712
f 3349 3408 3634
f 3526 3706 3300
f 1687 3222 2039
f 717 714 3307
f 3113 3924 3529
f 3412 3683 3166
f 3970 3972 1314
f 1749 1647 1493
f 3417 3416 3530
f 3120 3365 3304
f 3710 3579 3186
f 3416 3417 3364
f 3304 3365 3535
f 3644 3421 3245
f 2172 3353 1005
f 225 3413 3640
f 2180 3083 2461
f 3424 3643 3536
f 3666 2854 710
f 3536 3425 3424
f 3714 3249 3129
f 1895 1801 2041
f 1365 3923 1908
f 2393 712 3966
f 3206 3429 3316
f 3423 3713 3535
f 3275 3654 1552
f 2981 2644 2987
f 3297 3295 3232
f 2658 2651 2639
f 277 3514 3614
f 2366 2966 3099
f 3649 3431 3429
f 3773 3490 3432
f 3429 3314 339
f 3415 3579 3924
f 3257 3431 3596
f 2849 982 986
f 845 1165 3840
f 3822 3432 3208
f 3690 2273 3418
f 1504 3311 2703
f 3872 3492 3434
f 3262 3492 3872
f 1926 1638 1868
f 3973 118 1903
f 3778 3379 3262
f 817 1882 1099
f 2941 3436 3541
f 2109 1233 2782
f 3851 3852 82
f 1602 2766 3884
f 3545 3215 3443
f 2680 550 842
f 3267 3269 3447
f 3542 2375 1832
f 3659 3444 3150
f 1860 3919 3852
f 2585 2593 3893
f 3324 2951 3449
f 3608 3148 3719
f 3449 3153 3827
f 3827 3153 3723
f 2954 3387 3612
f 143 1991 2279
f 2849 986 2690
f 3179 3042 3180
f 1070 3665 3219
f 2844 2468 3168
f 1321 1173 1036
f 3668 3452 3328
f 887 885 1690
f 3452 3668 3501
f 647 1734 1729
f 3509 2901 2839
f 1286 1598 994
f 358 2058 947
f 3012 1485 1259
f 2091 2769 1544
f 3454 3505 3277
f 3455 3730 3955
f 870 860 868
f 1314 118 3856
f 2091 2750 2769
f 2293 2572 741
f 2961 3619 3336
f 2923 2989 3245
f 3199 3537 3210
f 3396 3792 3793
f 3551 2901 3552
f 3685 2846 2844
f 2959 3235 2980
f 3098 3460 3399
f 3998 3556 3398
f 3512 258 367
f 3401 3554 3170
f 1613 2348 3224
f 3399 3460 3401
f 1289 210 3936
f 3622 3398 3464
f 3561 3400 3558
f 3559 3561 3558
f 2237 1668 3699
f 3513 3689 3741
f 259 262 1853
f 874 865 3076
f 3745 3342 3564
f 3102 3405 3228
f 2657 849 3840
f 3468 3517 3567
f 2219 2871 3420
f 3471 3350 3476
f 3520 3474 3521
f 3349 3407 3408
f 3571 3478 3630
f 3350 3477 3476
f 3473 3474 3520
f 481 1037 1417
f 3704 3922 3474
f 155 805 489
f 3473 3478 3409
f 2625 2651 2371
f 3297 3298 3706
f 3523 3299 3354
f 3526 3300 3527
f 3148 3147 2948
f 1328 3969 1296
f 3214 3442 3213
f 152 1254 1784
f 1935 1162 3705
f 3240 3708 3530
f 77 2231 1730
f 3114 3182 3528
f 3924 3113 3415
f 1860 82 722
f 886 286 1785
f 3198 3132 2872
f 1897 3781 1106
f 3594 3369 3540
f 3835 3682 3456
f 126 2830 3138
f 3425 3817 3426
f 3305 3364 3643
f 3644 3188 3584
f 3030 2839 2901
f 2756 1534 3427
f 1021 1315 3875
f 3144 3906 1978
f 3485 3248 3582
f 2705 2712 2080
f 3714 3129 3486
f 3189 3586 3488
f 3209 2017 1035
f 3871 58 1034
f 3587 3192 3251
f 1191 1184 1724
f 845 2028 1165
f 3208 3133 3135
f 3233 3634 3354
f 3648 3538 3714
f 3590 3255 3134
f 3251 1495 3587
f 3960 3795 3842
f 3819 3255 3590
f 3636 1357 138
f 3260 3645 1146
f 3749 3916 1832
f 2461 1357 3636
f 1846 1832 3916
f 1967 3149 3771
f 1385 2695 1890
f 3144 2863 3939
f 3975 3759 187
f 3257 3434 3318
f 3822 3773 3432
f 3239 930 964
f 3434 3257 3596
f 849 845 3840
f 1819 1126 2642
f 497 2006 2969
f 824 899 1645
f 2139 3614 3534
f 654 2157 1107
f 3600 3823 3599
f 3091 1864 1587
f 3692 3909 3964
f 3873 3778 968
f 3158 3161 3329
f 2857 3771 3624
f 423 422 2068
f 3988 3601 3145
f 389 3493 3265
f 3145 3266 3988
f 3990 3544 3603
f 629 901 3315
f 3442 3439 3213
f 2947 3438 3322
f 3078 3946 3443
f 2828 555 1220
f 3267 3446 3719
f 3523 3634 3860
f 3079 3609 3546
f 3780 3447 3547
f 1162 3097 2197
f 1058 2219 1938
f 3852 3631 3857
f 3497 3662 3612
f 2333 887 1695
f 2959 2980 2134
f 1916 2331 1161
f 2348 248 518
f 2526 2511 3712
f 2944 1408 2279
f 3499 3087 3784
f 3726 3499 3784
f 874 1428 1420
f 2932 2870 2993
f 3221 2010 290
f 3671 3617 3160
f 3191 3903 2316
f 3272 3450 3724
f 754 3585 3852
f 1270 654 2156
f 2798 3075 646
f 3506 3333 3455
f 741 2572 1280
f 3552 2901 3507
f 3509 3336 3680
f 3206 3316 3431
f 2728 2750 2091
f 262 533 812
f 3143 3140 1640
f 3577 1222 3675
f 3675 1222 3064
f 2384 49 683
f 2932 2993 3190
f 3621 3559 3558
f 3732 784 3479
f 3398 3622 3998
f 2242 2823 101
f 465 1267 454
f 3025 3330 3160
f 3561 3686 3403
f 334 1410 1419
f 3515 3694 3626
f 1692 2576 3996
f 3701 3628 3627
f 648 3075 2156
f 3103 2819 3583
f 3518 3701 3568
f 855 1919 325
f 535 3498 3665
f 861 2174 324
f 2864 1971 775
f 3737 248 3734
f 3922 3521 3474
f 3568 3572 3408
f 3631 3520 3521
f 3582 3419 3866
f 2717 2091 2084
f 2020 1452 609
f 3759 3299 187
f 2769 2132 1544
f 3639 3299 3759
f 3413 3707 3303
f 3303 3527 3300
f 1246 744 13
f 615 3697 1679
f 1855 2378 540
f 2800 465 535
f 535 465 3351
f 3200 3135 3205
f 3641 3114 3528
f 2911 1078 102
f 3581 3304 3929
f 709 692 52
f 1768 1237 10
f 1740 2974 3589
f 3833 2332 2083
f 2302 2974 1740
f 546 124 3995
f 3419 3641 3866
f 3713 3929 3535
f 1551 1547 3588
f 3817 3425 3536
f 3426 3817 2594
f 3301 3409 3705
f 3854 1184 1710
f 3437 91 2237
f 835 1654 2151
f 3078 3608 3946
f 3772 3313 3715
f 3860 3634 3923
f 2703 2353 2712
f 817 1099 556
f 3785 3951 1073
f 3259 3541 3822
f 1927 3335 3824
f 3437 2557 91
f 196 2163 3696
f 2818 2830 3615
f 3821 947 348
f 227 180 153
f 3084 1587 1592
f 3600 3599 3007
f 540 870 868
f 3966 3965 2393
f 1322 265 2005
f 3494 3544 3990
f 3439 3442 3657
f 3173 2687 3098
f 278 2135 819
f 3312 3241 3119
f 3085 3153 3019
f 3608 3719 3992
f 3946 3608 3718
f 2771 3620 3371
f 2675 3264 2991
f 1634 2940 3508
f 115 2521 1958
f 3720 3448 3495
f 2219 738 2529
f 3222 1687 2044
f 812 1634 1626
f 3350 3471 3295
f 3664 3784 3390
f 3139 829 2475
f 3254 3264 3261
f 3270 3495 3448
f 2806 3219 3156
f 2806 3156 3500
f 2055 2349 921
f 3768 20 1888
f 1917 3143 1640
f 3505 3674 3277
f 3331 3504 3676
f 3730 3676 3677
f 1348 3069 3191
f 3551 3892 3550
f 1350 2517 3908
f 3551 3552 3892
f 3506 3731 3333
f 3509 3680 3507
f 2178 607 1831
f 3808 3477 3706
f 3679 3792 3678
f 3397 3735 3734
f 3684 2904 2261
f 2020 3798 1746
f 2142 2980 804
f 3556 3461 3900
f 2393 3965 1834
f 2935 784 3732
f 3171 3465 3737
f 73 365 51
f 3797 3510 3685
f 3458 3225 3738
f 3329 3503 3787
f 2178 1831 1419
f 3098 3399 3625
f 3561 3621 3843
f 3513 3399 3401
f 3903 3465 3402
f 3336 3619 3680
f 3561 3559 3621
f 3226 3689 3513
f 2195 1911 1955
f 3399 3741 3625
f 3625 3742 3743
f 1528 3823 982
f 401 452 372
f 3518 3468 3701
f 3903 3402 3691
f 3693 3692 3344
f 3747 3695 3565
f 546 3995 3721
f 546 3721 775
f 2529 2484 2489
f 3516 3565 3695
f 3745 3564 3905
f 3629 3565 3406
f 474 492 443
f 3720 3825 3997
f 2334 2622 2625
f 3701 3627 3698
f 1277 1030 2291
f 115 3246 1511
f 2529 1315 2484
f 3700 3630 3631
f 1836 2785 1833
f 3753 3853 3916
f 349 3118 2192
f 3520 3631 3630
f 1854 3470 2343
f 3206 3431 3257
f 3401 3460 3554
f 387 968 2673
f 3571 3630 3805
f 3408 3572 3634
f 3478 3573 3632
f 3477 3808 3476
f 2388 2387 2422
f 1027 1904 730
f 3525 556 1237
f 1837 1601 2089
f 3527 3809 3526
f 3275 1552 2673
f 2188 1152 3108
f 3503 3161 3453
f 3707 3527 3303
f 2625 2082 1737
f 3639 3182 3106
f 855 300 1394
f 2642 3235 2959
f 3581 3580 3304
f 2627 2307 2205
f 248 3737 3903
f 1394 300 297
f 1365 3860 3923
f 3589 822 1740
f 3944 152 2027
f 122 80 92
f 3138 1344 1925
f 3961 3761 3621
f 3584 3587 3647
f 3586 3485 3766
f 3814 3579 3710
f 1586 2511 2526
f 3309 3537 3713
f 109 116 1735
f 3537 3538 3648
f 3426 3590 3134
f 599 3064 1547
f 3772 3251 3313
f 1641 3726 3887
f 3677 2229 3955
f 3583 2819 3575
f 3431 3649 3596
f 2779 1198 3548
f 3876 3874 1552
f 1587 3084 3091
f 2234 2623 1118
f 3652 3541 3777
f 2593 3703 2283
f 3874 3602 3321
f 3603 3602 3876
f 3496 1991 1118
f 2230 2876 426
f 156 1022 1255
f 3903 3069 248
f 3583 2492 3103
f 3545 3717 3442
f 3321 397 3874
f 3508 554 2127
f 994 1005 2814
f 3307 3779 3942
f 1280 750 741
f 419 3652 1528
f 3448 3720 3547
f 2086 1534 2391
f 3497 3017 3662
f 2653 3130 3592
f 3950 3450 3498
f 3549 2487 3367
f 2806 1070 3219
f 3726 3951 3499
f 484 1118 1125
f 2015 3648 3750
f 722 316 1301
f 3954 3504 3162
f 3670 3671 3393
f 3145 3265 2706
f 3124 3485 3189
f 3160 3617 3829
f 3040 3228 3465
f 2675 2991 2651
f 3734 248 2348
f 608 2197 3097
f 624 3902 1205
f 3506 3455 3955
f 3678 3731 3679
f 3282 3835 3456
f 134 1408 468
f 454 1267 2289
f 1854 2343 2952
f 3553 3793 560
f 3461 3998 3962
f 3998 3999 3797
f 3739 3622 3464
f 3737 3734 3735
f 3399 3513 3741
f 3740 3225 3563
f 1904 3650 730
f 3752 3751 3628
f 3748 3747 3849
f 3692 3691 3228
f 3340 454 2730
f 3131 3386 1325
f 3748 3695 3747
f 3516 3695 3752
f 3748 3752 3695
f 3627 3628 3918
f 3853 3753 3629
f 3567 3752 3628
f 1062 2089 3959
f 3519 3853 3629
f 736 3466 3217
f 3755 3701 3698
f 3568 3701 3755
f 1836 2133 2785
f 3519 3471 3476
f 3919 3805 3630
f 1350 743 2517
f 3098 3684 3460
f 3396 3793 2641
f 3632 3573 3758
f 359 2044 360
f 3808 3859 3476
f 3478 3632 3705
f 3783 3612 3662
f 91 1679 3653
f 3529 3864 3242
f 3413 225 3707
f 540 192 1224
f 2120 1833 2111
f 2225 639 3868
f 642 918 365
f 1397 844 316
f 3952 3669 3913
f 1060 1834 291
f 3571 3573 3478
f 3253 419 3646
f 51 1450 1446
f 736 1164 2629
f 1075 2896 3709
f 3016 3448 2713
f 1832 709 3749
f 831 3763 3708
f 3264 3018 2991
f 3582 3766 3485
f 3713 3767 3929
f 1654 2394 2151
f 2765 2739 2111
f 2015 3537 3648
f 1120 1053 3731
f 2111 2739 2391
f 2111 2391 922
f 3594 3540 335
f 3870 3429 339
f 3690 3667 3183
f 3734 2348 1613
f 297 712 2393
f 3652 3822 3541
f 3996 1087 1692
f 3833 3957 2332
f 3600 3007 389
f 1289 1560 1814
f 3611 3546 3949
f 2085 3656 3439
f 2639 2651 2625
f 3990 3878 3494
f 3382 1570 1810
f 924 923 991
f 809 278 274
f 3901 2522 743
f 3562 1541 2776
f 3608 3992 3718
f 2312 1746 3798
f 3609 3444 3881
f 2080 2717 2084
f 325 1491 855
f 3881 3444 3659
f 3879 2766 2761
f 3980 1746 2312
f 3324 3449 3660
f 415 1733 1405
f 3667 3175 2277
f 1154 35 1375
f 1992 735 967
f 2190 35 1154
f 2559 3418 2273
f 37 885 887
f 1268 1118 484
f 3261 3264 2675
f 95 2232 1668
f 1753 964 1993
f 101 2823 1217
f 628 3011 2048
f 1175 3011 628
f 3981 1743 2246
f 2831 3505 3454
f 3550 3892 3454
f 2705 2080 1504
f 1788 464 728
f 3924 3976 2500
f 3996 3475 1087
f 1140 1857 3793
f 2935 3746 2938
f 3733 3680 3619
f 1140 3793 3792
f 3094 3682 3619
f 3682 3733 3619
f 3553 560 3282
f 3835 3282 560
f 2844 3457 3841
f 2306 3802 3222
f 3621 3554 3961
f 3554 3621 3558
f 3685 2844 3841
f 2200 3391 3889
f 2814 1286 994
f 3554 3460 1076
f 3464 3796 1203
f 3737 3465 3903
f 3739 3464 1203
f 3561 3843 3686
f 804 2980 3235
f 2705 1504 2703
f 3062 2811 3124
f 3905 663 3745
f 1854 2934 3187
f 326 2435 861
f 3694 3912 3744
f 2863 3144 2526
f 489 2285 811
f 2624 1945 2016
f 489 805 2285
f 3747 3565 3753
f 3752 3748 3803
f 3803 3751 3752
f 179 205 269
f 3753 3565 3629
f 2857 1967 3771
f 745 3757 3762
f 3990 3603 3876
f 1339 3209 2593
f 3852 3919 3700
f 3434 1525 3872
f 2007 265 653
f 3919 3921 3805
f 2057 3024 3014
f 1058 748 1820
f 3573 3571 3805
f 3806 759 3476
f 2800 2806 3899
f 3631 3521 3922
f 3257 3258 3206
f 3922 3704 3636
f 1786 826 554
f 1372 3636 3410
f 2789 1824 1551
f 3299 3523 3860
f 3809 3706 3526
f 3410 3411 182
f 798 1408 134
f 238 3024 2057
f 3528 3639 3812
f 3836 1703 1162
f 101 2614 2242
f 3362 3114 3641
f 3864 3529 3924
f 831 3708 3811
f 3601 3265 3145
f 636 629 1463
f 3967 1828 3957
f 1828 2332 3957
f 3924 3579 3814
f 50 51 1446
f 3710 3421 3867
f 844 1385 299
f 3867 3421 875
f 3763 3643 3364
f 3815 3582 3866
f 3304 3580 3361
f 2569 1489 2231
f 3587 290 3647
f 3315 1463 629
f 1495 290 3587
f 3479 1087 3475
f 3870 3649 3429
f 339 3594 335
f 3983 3821 348
f 2074 3053 2686
f 3314 3594 339
f 1819 2642 2334
f 1452 2020 1146
f 3246 3870 339
f 3715 3773 3821
f 3208 3259 3822
f 3596 3649 3935
f 3773 3822 358
f 3821 3773 358
f 3596 3935 3775
f 2087 258 3578
f 2696 2854 135
f 968 3778 3262
f 2769 2784 2132
f 119 80 122
f 3769 744 1246
f 3657 989 3439
f 3440 999 3779
f 3418 2559 1605
f 352 2442 1154
f 3993 3445 3319
f 3993 3659 3445
f 3780 3446 3447
f 3881 3949 3609
f 3883 3547 3720
f 1565 2244 2210
f 3783 1059 3887
f 3660 3720 3495
f 3885 3723 3724
f 3827 3723 3885
f 3751 3850 3917
f 102 1683 2911
f 3198 3594 3314
f 2005 265 2007
f 3991 2637 3491
f 3783 3784 3664
f 3612 3783 3664
f 2063 794 792
f 3952 2806 3500
f 3668 3328 3786
f 3786 3328 3785
f 226 2874 594
f 3393 3668 3670
f 3037 629 636
f 3671 3616 3617
f 3953 3503 3674
f 3674 3503 3453
f 1789 2712 1785
f 879 35 3293
f 2856 3047 3106
f 3506 3955 1120
f 3731 3506 1120
f 2320 2719 2428
f 3221 1206 1489
f 3647 3644 3584
f 3823 3777 3436
f 1144 3986 2634
f 3457 1613 223
f 3460 3684 1076
f 3900 3461 3962
f 3733 3682 1503
f 497 1146 2908
f 3962 3998 3797
f 3468 3291 3517
f 3641 3419 3362
f 3740 3563 3910
f 3910 3563 4
f 3948 3997 1046
f 1945 1033 2016
f 3743 4 3563
f 2234 2626 2623
f 2632 2590 2588
f 1302 3377 2809
f 3743 3742 4
f 3403 3847 3689
f 951 3912 3745
f 1595 3719 3948
f 3693 3909 3692
f 709 3747 3749
f 1775 921 2349
f 3803 3850 3751
f 853 316 324
f 3628 3751 3917
f 3628 3917 3918
f 3804 3627 3918
f 3698 3627 3804
f 3852 3700 3631
f 3450 3950 3724
f 1772 2852 3384
f 3105 3975 187
f 3919 3630 3700
f 2624 669 2585
f 2490 259 1853
f 3572 3568 3755
f 743 2522 2517
f 3546 3609 3949
f 3758 3973 3974
f 642 647 1729
f 2680 2057 3014
f 1408 143 2279
f 3758 3705 3632
f 1487 1734 647
f 3705 3758 1935
f 1372 3410 182
f 3624 2852 2857
f 2993 2870 2994
f 209 3049 550
f 3812 3759 3975
f 3324 3660 3495
f 3812 3639 3759
f 182 3242 3864
f 1198 1927 3548
f 3711 2060 1241
f 3864 3924 2500
f 639 2225 941
f 3457 2844 3168
f 3976 3924 3814
f 236 3641 3528
f 819 2135 1367
f 3534 1374 2139
f 3866 3641 236
f 3421 3710 3186
f 3364 3417 3763
f 316 844 299
f 1980 1694 1842
f 3763 3536 3643
f 3421 3644 875
f 3644 3647 875
f 3817 3536 3763
f 2195 1955 2129
f 3580 2513 225
f 2614 3586 1464
f 2340 1498 562
f 2680 3006 547
f 3537 2015 3767
f 3767 3713 3537
f 3540 3770 1494
f 3993 3319 714
f 3532 1369 291
f 3565 3516 3406
f 297 1060 2159
f 124 2922 3995
f 3935 3649 3985
f 358 3822 3652
f 2786 642 1729
f 3813 986 2676
f 521 522 523
f 3442 3717 3657
f 1175 628 224
f 976 661 344
f 2188 3131 1027
f 1525 3434 3775
f 3262 3872 968
f 1525 422 968
f 2450 901 353
f 3992 1022 3718
f 3266 3877 3988
f 3439 989 2085
f 968 387 3873
f 3440 3494 999
f 3869 2492 3583
f 3408 3407 3568
f 973 1068 686
f 451 2911 3204
f 3780 3547 3883
f 594 3339 949
f 3611 3949 3661
f 2250 2107 2067
f 3761 3961 3489
f 3660 3825 3720
f 3884 3662 3661
f 2819 3103 2820
f 3449 3825 3660
f 3825 3827 3885
f 3825 3449 3827
f 3891 2013 3638
f 2063 1742 2082
f 3985 3870 3246
f 1302 2293 741
f 831 3811 3137
f 3950 3498 535
f 3701 3468 3628
f 2389 2251 1971
f 809 274 551
f 2380 2134 3261
f 1425 608 1143
f 1655 3668 3786
f 2874 3175 1457
f 3670 3616 3671
f 824 826 1243
f 824 1243 899
f 3889 3616 3670
f 3829 3617 3616
f 3503 488 3787
f 1810 2303 196
f 3504 3677 3676
f 3831 3552 529
f 3552 3831 3892
f 1920 1311 1902
f 3586 3189 3485
f 529 3507 3680
f 3567 3628 3468
f 3895 1129 3733
f 1129 3680 3733
f 999 440 3942
f 1140 3792 3833
f 1857 560 3793
f 1503 3682 3835
f 3684 3838 1076
f 2261 3458 3738
f 3841 3457 584
f 2261 3838 3684
f 3556 3900 3796
f 3488 3586 3770
f 3841 3962 3797
f 3878 3990 136
f 3939 3906 3144
f 3677 3955 3730
f 3903 3691 2316
f 3844 3622 3739
f 27 10 1237
f 2263 811 3247
f 3740 3738 3225
f 3843 3904 3686
f 3842 3795 3902
f 1878 1970 1719
f 2010 1489 2569
f 3912 3909 3744
f 3914 3849 709
f 1055 1101 1168
f 77 268 2569
f 629 3687 901
f 3749 3753 3916
f 1255 1022 1013
f 2511 2492 3869
f 2808 2475 829
f 322 1311 1920
f 3972 3921 3919
f 3805 3921 3858
f 2133 1836 1845
f 3853 3519 759
f 2157 3613 2803
f 2559 2273 3287
f 3476 759 3519
f 2795 646 955
f 3573 3858 3973
f 3922 138 3631
f 3805 3858 3573
f 138 754 3631
f 2622 2959 1815
f 2699 585 322
f 3859 1359 3806
f 3696 2573 1030
f 138 3922 3636
f 3634 3572 3923
f 2585 3982 2593
f 2471 77 1730
f 3860 1365 187
f 440 2096 2861
f 3974 1935 3758
f 3699 3437 2237
f 556 1645 899
f 1950 3527 3707
f 1503 2926 500
f 840 3032 835
f 1308 500 2330
f 815 3528 3812
f 2460 295 1559
f 3929 3304 3535
f 387 3874 3873
f 225 3640 3580
f 3377 1655 2809
f 290 875 3647
f 899 27 556
f 3929 3767 2579
f 3486 3819 3934
f 2676 3600 389
f 365 918 1450
f 3542 585 1106
f 1586 2021 552
f 236 246 3866
f 3985 3649 3870
f 3332 3279 3454
f 1888 20 2776
f 1578 1581 3940
f 2068 1525 3775
f 1952 3118 362
f 201 279 321
f 3778 3873 397
f 3813 3265 3601
f 3877 3438 3656
f 50 1443 352
f 3877 3656 2085
f 3494 3878 999
f 3779 999 3942
f 3319 3445 3779
f 3443 3946 427
f 2754 2752 1519
f 2676 3823 3600
f 3944 3545 3443
f 3661 3949 1602
f 3883 3720 3997
f 1552 3658 1524
f 1864 1003 1880
f 1869 2484 1021
f 3825 3885 3997
f 196 3382 1810
f 1506 967 735
f 3950 3885 3724
f 356 673 2734
f 1627 1501 1530
f 3887 3784 3783
f 3951 3726 1641
f 3589 2009 822
f 3500 3669 3952
f 3669 3787 3382
f 3320 896 583
f 2335 2195 2763
f 1598 1869 1009
f 529 3552 3507
f 2097 3261 2675
f 3731 1053 3679
f 3954 3829 3940
f 1279 1587 1864
f 2475 2813 2819
f 1503 3895 3733
f 2642 2959 2334
f 1144 3835 560
f 889 3306 79
f 1203 3796 3900
f 2261 3738 610
f 610 3738 3740
f 3745 3912 3694
f 3621 3761 3843
f 1938 2232 748
f 3739 1203 2310
f 3844 3739 2310
f 2603 468 2605
f 2918 3113 3056
f 3844 3999 3622
f 3742 3741 3907
f 2289 1013 454
f 2316 3691 3964
f 3613 2157 654
f 1240 3689 3847
f 3686 3847 3403
f 481 2285 805
f 3912 674 3909
f 3018 3283 2415
f 819 1367 1369
f 358 947 3821
f 2134 2380 2959
f 2211 2432 2181
f 3966 3917 3850
f 2293 1073 464
f 1894 2320 1892
f 1243 27 899
f 2594 3817 893
f 2427 2038 2275
f 647 2579 1487
f 2991 3018 2415
f 3631 754 3857
f 3921 3856 3858
f 809 551 1854
f 3395 594 949
f 3659 2137 3881
f 3973 3758 3573
f 35 879 1359
f 2625 1737 1797
f 52 3914 709
f 1908 3923 3572
f 2424 1577 1841
f 3032 1127 2420
f 303 1117 835
f 1920 2995 322
f 182 3411 3242
f 1162 3137 3811
f 3311 1504 1498
f 3528 815 3687
f 468 1408 2605
f 3705 1162 3811
f 2424 847 2132
f 1992 106 735
f 3926 3814 3710
f 3026 2440 3725
f 3741 3742 3625
f 2991 2415 2147
f 3417 3708 3763
f 3251 3772 1495
f 277 1348 3191
f 193 196 1030
f 3866 246 3978
f 3978 3815 3866
f 3889 1655 3385
f 1464 3586 3766
f 2436 2415 3283
f 822 1709 1740
f 1237 556 27
f 624 812 533
f 3934 3590 2594
f 1902 3806 1359
f 3486 3934 3981
f 2782 1299 2430
f 3590 3934 3819
f 3860 187 3299
f 2626 3774 2623
f 2673 2262 3275
f 3540 930 335
f 2604 2367 2793
f 2333 3975 3105
f 2830 1637 3138
f 1408 2944 2605
f 1111 884 3756
f 2098 1815 2959
f 3770 2614 1494
f 389 3265 3813
f 2651 2991 2674
f 3385 1289 3936
f 3601 3988 3813
f 1021 2484 1315
f 2663 216 1163
f 2696 989 3657
f 2696 3657 3717
f 3545 3944 3717
f 3307 3319 3779
f 3946 3718 427
f 3443 427 3944
f 1753 1511 964
f 1150 1519 2752
f 3949 3881 1028
f 2673 1552 387
f 2137 3993 714
f 3379 3321 2883
f 3806 3476 3859
f 1602 3884 3661
f 2663 1163 3288
f 2334 1797 1819
f 2109 2743 3886
f 3783 3662 3884
f 1511 3239 964
f 3935 2068 3775
f 1295 3108 3894
f 1641 3887 1059
f 3899 193 1030
f 3784 3887 3726
f 2543 2055 921
f 1688 608 1425
f 3951 1641 1073
f 3785 1073 3786
f 918 2786 1721
f 2830 2172 1340
f 2371 802 794
f 3097 1935 3974
f 3616 3889 3391
f 2987 2644 2667
f 514 3677 3504
f 2167 1292 1004
f 3530 3708 3417
f 3892 2831 3454
f 1050 3892 3831
f 258 2743 3578
f 2913 3056 3113
f 3382 3787 488
f 1243 3847 27
f 1417 1037 2945
f 1292 2167 1592
f 3959 3835 1144
f 2089 1503 3959
f 3094 3456 3682
f 1745 584 3457
f 3554 592 3961
f 3554 1076 592
f 3900 3962 584
f 1104 3674 3505
f 1745 3457 223
f 3900 3187 1203
f 2086 1789 3378
f 3795 3898 1185
f 2084 2091 478
f 1205 3795 1185
f 874 3076 3083
f 1385 578 299
f 2568 2409 2476
f 2375 692 1832
f 2658 2097 2675
f 3514 277 3191
f 1243 1240 3847
f 3905 1783 663
f 1920 1902 879
f 2651 2658 2675
f 657 3736 79
f 3914 52 49
f 2625 1797 2334
f 2813 2808 1204
f 49 3849 3914
f 3075 648 646
f 1302 1073 2293
f 1785 2353 888
f 1296 3918 3917
f 884 2938 3756
f 82 1860 3851
f 241 201 321
f 3920 3804 3969
f 1410 334 325
f 2642 1484 3235
f 3804 3920 3698
f 3852 3851 1860
f 3970 3921 3972
f 3852 3857 754
f 2831 1104 3505
f 3874 397 3873
f 3973 3856 118
f 1902 759 3806
f 1078 2911 451
f 1908 3572 3755
f 811 2263 1403
f 3858 3856 3973
f 3636 1372 2461
f 1613 3397 3734
f 3960 3898 3795
f 1359 3859 787
f 695 3965 49
f 1191 71 1184
f 787 3859 3808
f 3926 3976 3814
f 1950 3809 3527
f 3636 3704 3410
f 815 3812 3975
f 1300 3831 3968
f 236 3528 3687
f 2513 3580 3581
f 4 1786 3508
f 1118 1991 1125
f 3710 3867 268
f 599 2881 3286
f 3785 3499 3951
f 3867 875 268
f 1408 798 143
f 2120 1559 1833
f 2291 2573 2286
f 893 3817 3763
f 1464 3766 889
f 1655 3786 2809
f 647 2535 3929
f 3011 1175 2339
f 2371 794 2082
f 3012 2055 1485
f 3714 3486 3981
f 1528 3777 3823
f 986 982 2676
f 938 2132 847
f 3850 3849 49
f 1581 3954 3940
f 3137 1703 1710
f 804 3235 1484
f 2918 3186 3415
f 3694 3342 3745
f 2673 422 2262
f 1369 3532 819
f 1552 3874 387
f 3877 2085 3988
f 2277 3183 3667
f 3950 535 537
f 3717 3944 3941
f 3944 427 3317
f 1602 3949 1028
f 3948 3780 3883
f 2515 2510 3285
f 3801 2267 1400
f 3997 537 1046
f 3118 1952 2192
f 1662 1535 1900
f 3950 537 3885
f 2063 2082 794
f 1954 2295 2298
f 3675 3064 599
f 535 3665 1070
f 1371 187 1365
f 1655 3889 3670
f 3391 3829 3616
f 3792 3679 3833
f 3675 2381 3577
f 3351 537 535
f 2622 2639 2625
f 352 1443 1442
f 3957 3833 3679
f 2134 2148 3261
f 1857 3986 560
f 2806 2800 1070
f 3898 3960 3466
f 2841 2961 3336
f 3841 584 3962
f 607 885 1831
f 693 928 697
f 1254 156 1255
f 3795 1205 3902
f 2987 197 2026
f 754 1335 2435
f 3761 1768 3843
f 3905 3844 1783
f 3532 3912 951
f 728 3855 1788
f 3773 3715 3490
f 3850 49 3965
f 683 49 52
f 326 861 324
f 2683 1898 1536
f 1536 1898 2679
f 1925 1344 1347
f 2762 1443 50
f 3055 2762 3323
f 1443 2758 1442
f 3055 2758 2762
f 1443 2762 2758
f 2486 2301 2056
f 2056 2338 2486
f 2245 1969 2308
f 3847 3686 27
f 3904 27 3686
f 10 27 3904
f 18 32 31
f 32 18 25
f 3 9 22
f 1618 2094 1564
f 2727 3096 2848
f 3172 2968 2848
f 3172 2848 3096
f 3797 3999 3560
f 3999 3844 3560
f 3844 3905 3560
f 3999 3998 3622
f 3510 3797 3560
f 3510 3560 3285
f 694 4002 627
f 395 461 479
f 4001 627 479
f 4001 694 627
f 4001 461 446
f 4001 479 461
f 602 4000 694
f 4002 694 4000
f 255 254 312
f 3740 3910 610

