# https://github.com/mikedh/trimesh
v -0.40651567 -0.23158863 -0.14241369
v -0.08281943 0.17842414 -0.05761557
v -0.06185179 0.17567873 -0.08084443
v -0.08011959 0.18667001 -0.04384706
v -0.08677213 0.16667070 -0.07612322
v -0.09838000 0.16689431 -0.07398886
v -0.11172259 0.17675894 -0.07141670
v -0.06617195 0.19376327 -0.05921987
v -0.11259119 0.12407454 0.02076629
v 0.32291358 0.18220872 -0.03542149
v -0.13892692 0.17500797 0.00549700
v -0.01687921 0.25266967 -0.08362224
v -0.06661163 0.20057383 -0.10352937
v -0.08437462 0.26085828 -0.11560173
v 0.38025299 -0.42142901 -0.20022500
v 0.36897188 -0.41779980 -0.21460782
v -0.06658461 0.27042351 -0.11613190
v -0.05368323 0.26571180 -0.09789396
v -0.09213923 0.28543941 -0.12047460
v -0.06598890 0.26152684 -0.10806742
v -0.06408980 0.27259111 -0.10931952
v -0.04798694 0.28451636 -0.09032280
v -0.04268556 0.27221071 -0.08812347
v -0.08164591 0.28948049 -0.11332396
v -0.04205288 0.27677443 -0.08754066
v -0.07354124 0.28991624 -0.10515900
v -0.08386737 0.30818646 -0.10865861
v -0.06512818 0.30153624 -0.10088100
v -0.12143839 0.30373921 -0.06898623
v -0.11787630 0.29743209 -0.06795732
v -0.10406409 0.30183950 -0.04977130
v -0.11991289 0.32111192 -0.04538482
v -0.10714968 0.31147861 -0.05064557
v -0.12878464 0.32273094 -0.06419861
v -0.09654364 0.21527734 -0.10140994
v -0.19853470 0.18764855 -0.04904951
v -0.16202085 0.24695603 -0.06824840
v -0.12578275 0.24482844 -0.06392932
v 0.21056068 -0.18087021 -0.24460005
v -0.09903940 0.28714006 -0.12172532
v -0.15882922 0.25906442 -0.06677330
v -0.13838952 0.27356896 -0.06134266
v -0.09968280 0.30313332 -0.10984424
v -0.12360781 0.28345381 -0.06761975
v -0.09433764 0.30688745 -0.08753032
v -0.14310633 0.29918431 -0.07758656
v -0.43035049 -0.38593397 -0.14142765
v -0.02583807 0.28278522 -0.07367698
v -0.10889488 0.29913285 -0.05947251
v -0.14811192 0.29936373 -0.07052437
v 0.17700630 -0.04991447 0.21325692
v 0.38903449 -0.41609737 -0.18606859
v 0.21161098 -0.45633368 -0.01502566
v 0.05721632 -0.16579827 -0.26829048
v 0.21016001 -0.46857673 -0.02094346
v -0.04288805 0.29526997 -0.02317391
v 0.05694795 -0.13104466 -0.25242633
v -0.05456137 0.29475224 -0.00794415
v -0.07919091 0.28963323 0.01373064
v 0.38348264 -0.30295120 -0.10038864
v 0.13231232 -0.39286051 0.10107564
v 0.38733648 -0.33505772 -0.10115578
v -0.19873141 0.20236820 -0.03487889
v -0.18192172 0.24269652 -0.06389581
v -0.16666559 0.30010440 -0.06897661
v -0.15815376 0.31349922 -0.06811379
v -0.07473487 0.30733412 0.04385165
v 0.14793145 0.14970930 -0.08075710
v -0.11120201 0.29683932 -0.09401127
v -0.10470115 0.29402258 -0.10224665
v -0.11811688 0.28511509 -0.09173997
v 0.38325247 -0.36062561 -0.08966965
v -0.11438470 0.29505582 -0.08175487
v -0.13589227 0.32181106 -0.05665030
v -0.03682605 0.29542587 -0.03764900
v -0.02967824 0.31098897 -0.03499375
v -0.06494758 0.30408700 0.02292562
v 0.39303624 -0.34237369 -0.14266797
v -0.11599653 0.24635354 -0.08449573
v -0.20881056 0.20017682 -0.02995229
v 0.39219003 -0.36430056 -0.16623981
v -0.19443862 0.24417579 -0.03325417
v -0.18751653 0.25648269 -0.02237212
v -0.18501431 0.22852533 0.01793167
v -0.00165272 -0.26678531 -0.30484275
v -0.16890620 0.23496789 0.01377191
v -0.16194686 0.24177962 0.01308891
v -0.14626265 0.30399284 -0.04134985
v -0.14566512 0.30903591 -0.03659293
v -0.08188622 0.31765292 0.06091643
v -0.06790370 0.31427655 0.04620313
v -0.06998284 0.32112528 0.05837559
v -0.06003801 0.33992935 0.03890224
v -0.05347715 0.33360181 0.00891162
v 0.38721693 0.34102932 0.12056727
v -0.11443126 0.26074245 -0.06457023
v -0.11601245 0.29262944 -0.07625864
v 0.39239095 -0.41963268 -0.17450809
v -0.21071188 0.18768320 0.00684110
v -0.19173973 0.21050672 0.03121419
v -0.19640648 0.22564871 -0.00515130
v -0.18812300 0.21550100 0.03828800
v -0.18817026 0.22773927 0.04066060
v -0.17636391 0.24157581 0.02881318
v 0.39053291 -0.42021102 -0.18091932
v -0.17811716 0.28560500 -0.03643063
v 0.35560590 0.32339142 -0.00642136
v 0.27121454 -0.30856091 0.00548460
v -0.15664608 0.29349311 -0.00766727
v 0.26386271 -0.34240517 0.01307604
v -0.05652762 0.30295736 0.00286032
v -0.20151923 0.20258891 -0.00527463
v 0.06066960 0.27494171 0.31663601
v 0.01159259 0.26981544 0.30202175
v 0.01937984 -0.07254323 0.12366085
v -0.13204308 0.25611984 0.02393362
v -0.09827894 0.24973816 0.08279396
v -0.09016153 0.25831891 0.07821999
v 0.35508143 -0.30314937 -0.05563286
v -0.09047116 0.25427285 0.08290154
v -0.09217673 0.25289729 0.09705307
v -0.17058910 0.22633333 0.00241879
v -0.17996059 0.24621290 -0.00978067
v -0.18127749 0.25395407 -0.01099510
v -0.09730191 0.21045117 0.07824538
v -0.09460714 0.21418225 0.08959309
v -0.09482558 0.23159022 0.06441010
v 0.06593155 -0.14896741 -0.26199167
v 0.33794159 -0.34881591 -0.03796172
v -0.10268806 0.24156012 0.10644583
v -0.16651892 0.26996008 -0.00437489
v -0.05177620 -0.10717157 0.08237138
v -0.16479040 0.28536284 -0.02077867
v -0.12939726 0.26215096 0.01366857
v -0.16025769 0.28281269 -0.01474195
v -0.02093726 -0.24943597 -0.29323975
v -0.08473449 0.24822546 0.05143633
v 0.20442754 -0.36449473 0.06226972
v -0.14550492 0.30063476 0.00732047
v -0.14961428 0.27544542 0.00018546
v -0.09658673 0.26764551 0.06292672
v -0.08841451 0.27146679 0.03986748
v -0.17382031 0.18256712 0.00738146
v -0.17898703 0.19094578 0.00544578
v -0.16953544 0.23795302 -0.00619183
v 0.16607880 -0.42654623 0.08004195
v -0.17615367 0.26011785 -0.01137824
v -0.10313756 0.22409719 0.09703546
v -0.14479637 0.26584143 0.00198494
v 0.02092013 -0.01352584 0.20803482
v -0.10638339 0.24868614 0.04117085
v 0.00543953 0.01376956 0.19745007
v 0.36639148 -0.41779229 -0.06825643
v -0.17490269 0.28200566 -0.02429742
v -0.09113145 0.26188491 0.04181941
v -0.14031152 0.27448014 0.01045429
v -0.17976899 0.19920053 0.03699545
v -0.13308341 0.22970025 0.05375421
v 0.38172330 -0.38418665 -0.08780808
v -0.09577957 0.22042050 0.07570367
v -0.16992817 0.18192581 0.00955610
v -0.12403487 0.15739394 0.03353662
v 0.12680037 -0.08548469 0.21952625
v -0.16611101 0.18626800 0.04882000
v 0.25880487 -0.38882745 -0.05409307
v 0.21864244 -0.07804210 0.16753848
v -0.15515366 0.21633115 0.04951254
v -0.12253026 0.21489242 0.03742500
v 0.21454575 0.31471829 -0.10862185
v -0.12464724 0.26999583 0.01943760
v -0.00530679 -0.02395608 0.16006613
v -0.10504337 0.30559384 -0.00887417
v -0.16206714 0.25900973 0.00350407
v -0.09459604 0.23678134 0.04551932
v -0.01074527 0.18790605 0.27193243
v 0.20869134 -0.07592830 0.18597284
v 0.01751245 -0.06540063 0.13297600
v 0.14161923 0.25261722 0.34443097
v -0.14439176 0.21344778 0.05137672
v -0.13300949 0.21309476 0.04071900
v -0.17390182 0.21922813 0.04850452
v -0.13872472 0.22337411 0.05221393
v -0.15572148 0.22033923 0.05210510
v 0.15930169 0.24834020 0.34928508
v -0.08266273 0.14041011 0.02017627
v -0.12477971 0.18582631 0.03674871
v 0.07545997 -0.09697294 0.17168962
v -0.12135129 0.22308728 0.04299661
v -0.29714187 -0.37844627 -0.03267188
v -0.06325082 0.28769839 -0.09002807
v -0.35213232 -0.40077571 -0.03369562
v -0.04908034 0.30702752 -0.00730394
v -0.11655118 0.12343225 0.01469364
v -0.27611530 -0.41926887 -0.06523575
v 0.09867472 -0.24738990 -0.30701530
v -0.15329855 0.17041655 0.03997340
v -0.33023227 -0.40412347 -0.03483331
v -0.11839812 0.12783778 -0.03428006
v -0.09070569 0.06974045 0.02987020
v -0.07553289 0.14324328 -0.00067605
v -0.20892427 0.17184355 -0.03536094
v -0.18902702 0.16770773 -0.03371913
v -0.35799047 -0.43217963 -0.04533478
v -0.16473083 0.16704029 -0.01863289
v -0.09360568 0.06035316 0.02381214
v -0.14291909 0.18230858 -0.02456176
v -0.17483422 0.16890360 -0.04120743
v -0.14029101 0.18532300 -0.02677598
v 0.05449757 0.27616295 0.31673332
v -0.11990147 0.00358739 0.00913199
v -0.15525270 0.19429163 -0.04303763
v 0.07691184 0.25811106 0.33913222
v -0.13049526 -0.00346791 -0.03790297
v -0.09174319 0.17751936 -0.05244193
v -0.14502116 0.20302533 -0.04452948
v 0.15880222 0.15564079 -0.09564132
v -0.10688473 0.18135679 -0.05657481
v -0.15786446 0.21041437 -0.06795671
v -0.11361806 0.17749930 -0.08647763
v -0.12910903 0.21191194 -0.05488316
v -0.09499058 0.17073614 -0.08596333
v -0.10211231 0.17323916 -0.09862029
v -0.07544575 0.17014196 -0.08439740
v -0.39986483 -0.29826047 -0.03429355
v -0.07548986 0.18725106 0.12170406
v -0.35421200 -0.31303667 -0.00450685
v -0.03200378 0.17904527 -0.04906373
v -0.07460272 0.18145281 -0.10192085
v -0.08262946 0.16980970 -0.09970677
v -0.09496046 0.18038935 -0.11005605
v -0.36225179 -0.31999012 -0.01112338
v -0.14163314 0.23035079 -0.07401914
v -0.41898996 -0.29021931 -0.06142160
v -0.09560800 0.19836700 -0.10950500
v -0.14311721 0.24776287 -0.07165018
v -0.04717571 0.21433543 -0.06205957
v -0.14209450 0.26481888 -0.06655145
v -0.05593759 0.22965535 -0.08902707
v -0.05331756 0.22166324 -0.07783505
v -0.04452970 0.22310165 -0.06565886
v -0.05417983 0.35094732 0.02092961
v -0.15219722 0.28757314 -0.07512851
v -0.04215022 0.25233685 -0.07537498
v -0.05885412 0.24584862 -0.09163632
v -0.15535613 0.31223856 -0.06870619
v -0.05140305 0.24576645 -0.07642948
v 0.05539990 -0.03460324 0.23924324
v -0.09545183 0.24802259 -0.11779360
v -0.07569505 0.25351042 -0.11279081
v 0.10623113 -0.02246258 0.27557893
v -0.07919012 0.27659890 -0.11908337
v -0.09692455 0.26324030 -0.12679961
v -0.11498065 0.12223614 0.00811939
v 0.21129157 -0.07357828 0.18646702
v -0.29231114 -0.37293855 0.00020538
v -0.21865981 0.17080337 -0.01211725
v -0.11987003 0.12372298 -0.00297266
v -0.34643939 -0.35783720 -0.01638656
v 0.16142533 0.04668976 -0.04620813
v -0.20384238 0.16734005 -0.01780213
v -0.30174483 -0.37218683 -0.02727407
v 0.05448557 0.05392773 -0.09171010
v -0.30996302 -0.36903641 -0.02201807
v -0.14142356 0.15037736 -0.01908176
v -0.21478398 0.19800071 -0.02605392
v -0.20532226 0.17750912 -0.04157235
v -0.05665625 0.13258278 -0.01490448
v -0.11422730 0.15566510 -0.03601004
v 0.00362744 0.04944364 -0.09868472
v -0.20415673 0.20502764 -0.01599815
v -0.13277845 0.17280732 -0.03843590
v -0.03408582 0.38970049 0.00885814
v -0.28569711 -0.39399929 -0.04575109
v -0.18673830 0.20045360 -0.04289602
v -0.11658606 0.16939354 -0.05361999
v -0.19932441 0.20751188 -0.04255955
v -0.14614896 0.19909867 -0.03673399
v -0.13858589 0.20638374 -0.05269651
v -0.20492317 0.22518505 -0.04293236
v -0.18448722 0.20679087 -0.05749508
v 0.04288496 0.27396207 0.30969183
v -0.12210349 0.19544023 -0.05587745
v 0.12649147 0.06812426 0.30177012
v -0.11840651 0.19237825 -0.05790950
v -0.36468965 -0.35617088 -0.02226611
v 0.04189339 -0.00345041 -0.13273470
v -0.19441117 0.21602753 -0.05876924
v -0.12583286 0.19742517 -0.07206875
v -0.19566800 0.23997450 -0.05477265
v -0.39470647 -0.41593340 -0.05645023
v -0.12751069 0.20398047 -0.07831809
v -0.11529306 0.19385585 -0.10043248
v -0.12411190 0.22323463 -0.09471816
v -0.18031165 0.27345544 -0.02382462
v -0.11989014 0.23444499 -0.09033014
v -0.26040806 -0.42945454 -0.00813082
v -0.17487264 0.28363800 -0.05487369
v -0.10742114 0.21668696 -0.09379748
v -0.12038061 0.25273948 -0.06161554
v -0.17528648 0.29645370 -0.05624064
v -0.11730512 0.26758534 -0.06528275
v -0.11161590 0.25516305 -0.08028766
v -0.12129485 0.27621800 -0.09519208
v 0.33770872 0.36686747 0.25252777
v -0.11039526 0.26881453 -0.10955465
v -0.37320113 -0.41582569 -0.04299312
v -0.10941845 0.27043361 -0.11893398
v -0.13972056 0.13750397 0.00613013
v -0.16866355 0.27131539 -0.05071669
v -0.15988936 0.26404771 -0.05250870
v -0.40884933 -0.43619377 -0.07446338
v -0.25515008 -0.46419882 0.00186996
v -0.35829631 -0.45017890 -0.05202583
v -0.06822556 0.28574650 -0.09070172
v -0.39789021 -0.44191481 -0.06332920
v -0.13465730 0.29586724 -0.07516587
v -0.13458563 0.31118248 -0.07509738
v -0.24475025 -0.41721637 0.04485116
v -0.18787695 0.18841541 0.03615948
v 0.14499743 0.13336489 -0.07875476
v -0.10382624 0.14879176 -0.03048325
v -0.06059552 0.18398106 -0.09700353
v -0.07234942 0.22915326 -0.09894966
v -0.13044248 0.15272746 -0.03424149
v -0.08450998 0.20342997 -0.11250800
v -0.16261249 0.19184047 -0.04702978
v -0.26727854 -0.41662276 -0.02001563
v -0.11941820 0.20628044 -0.08589156
v -0.10010581 0.23414673 -0.10331960
v -0.17138379 0.21830254 -0.07310007
v -0.24864419 -0.43958890 0.02314227
v -0.05922011 0.23026908 -0.09145890
v -0.12439867 0.16051699 -0.03214743
v -0.16472918 0.23488722 -0.07216187
v -0.25817957 -0.45433350 -0.00580015
v 0.12148967 0.05454930 -0.06118791
v 0.18278859 0.03848690 -0.04108290
v -0.26633192 -0.44553482 -0.03101796
v -0.08395580 0.24199968 -0.10008700
v -0.10141871 0.25272478 -0.09282454
v -0.41524997 -0.42606601 -0.08446507
v -0.06054623 0.13840151 -0.00523537
v -0.06735296 0.15831516 -0.00273503
v -0.36615386 -0.15552815 -0.00101387
v -0.07033288 0.11549377 -0.01972169
v 0.13755654 -0.39424646 -0.30032395
v -0.02460716 0.22266400 -0.08062106
v 0.08597914 0.03692221 -0.08124658
v 0.20372741 0.03884791 -0.03330774
v 0.11696509 0.00394864 -0.05982143
v -0.02120215 0.21648402 -0.08801874
v -0.12754746 0.23281354 -0.07493862
v -0.02377428 0.23940068 -0.07240185
v 0.30990354 0.01464657 0.05304166
v -0.13077106 0.12999275 0.02272947
v -0.20539601 0.16542772 -0.00296984
v -0.18494549 0.19017936 0.02378604
v -0.20323504 0.16080633 -0.00595935
v -0.31976743 -0.10694475 -0.03401389
v -0.08972645 0.30858052 -0.10200686
v -0.14969734 0.18857325 0.05575034
v 0.27819737 -0.02767385 0.02885681
v -0.15697149 0.17343874 -0.00208321
v -0.13983957 0.17760633 0.03424625
v -0.09665794 0.14450333 0.03287590
v -0.17025559 0.16661164 0.00312327
v -0.36561862 -0.13643907 -0.02973444
v -0.34437255 -0.11832489 -0.06191182
v -0.06091366 0.19048819 -0.10210437
v -0.05685318 0.19326347 -0.08766154
v -0.05577728 0.20588850 -0.05644384
v -0.06160835 0.21002379 -0.07345825
v -0.06126159 0.21568572 -0.08071815
v -0.03239879 0.23629180 -0.06426812
v -0.07364629 0.14928909 0.03310418
v -0.07433238 0.13572524 0.01202266
v -0.06946733 0.30683812 -0.09796024
v -0.03734670 0.28184543 -0.07476571
v -0.10052989 0.21059627 0.10168376
v -0.19491443 0.21471463 0.02924291
v -0.18313704 0.22399957 0.01443987
v -0.09270957 0.29169795 0.08004313
v -0.09976478 0.30793373 0.08055089
v -0.11798659 0.19173997 -0.07759995
v -0.08870089 0.28648043 0.05604751
v -0.37569099 -0.14659963 -0.05103811
v -0.13146739 0.24112620 -0.06895425
v 0.13457421 0.49972365 0.10589498
v -0.38911254 -0.17361420 -0.02922372
v -0.12463757 0.26835441 -0.08557335
v -0.14821300 0.32188648 -0.04206589
v -0.09703667 0.27944205 0.08502621
v -0.09971766 0.29948997 0.10349554
v -0.09283028 0.28134199 0.06017838
v -0.08190592 0.29837974 0.04603061
v -0.12938180 0.32903604 -0.04545113
v -0.15186085 0.30778702 -0.00666657
v -0.18826185 0.20195579 0.04030308
v -0.18295905 0.20975045 0.00362883
v -0.20154827 0.23072633 -0.01602697
v -0.38760445 -0.21154140 -0.00714256
v -0.18203699 0.20677178 0.00647799
v -0.20306510 0.20741180 -0.00990325
v -0.13751153 0.17476514 -0.01606780
v -0.12950950 0.13915665 0.02469584
v -0.11194356 0.13923069 0.03422142
v -0.13155152 0.14395288 0.03161081
v -0.42307113 -0.25545340 -0.07124830
v -0.17226697 0.17212256 0.04609511
v -0.19225482 0.16147633 0.00181934
v -0.14712844 0.14854398 0.00259700
v -0.13955620 0.16339622 0.01504564
v -0.07644801 0.13012162 0.01173199
v -0.08072525 0.16401334 0.05480097
v -0.13466559 0.17469414 0.02290935
v -0.08011200 0.16532600 0.05180100
v -0.08326948 0.16760450 0.04890482
v -0.09017580 0.19513147 0.06606339
v -0.07572941 0.13428266 0.00426097
v -0.19264557 0.24194334 -0.01768131
v -0.43201795 -0.33045903 -0.10401872
v -0.16490129 0.23641961 -0.00383641
v -0.43133014 -0.28963660 -0.10212954
v 0.38324340 0.12245393 0.24001293
v -0.43091181 -0.31883803 -0.13606252
v -0.15914162 0.29833525 -0.04843674
v -0.16602267 0.26898286 -0.00764935
v 0.12543626 0.49055696 0.15339750
v -0.15669332 0.24908981 0.00535151
v -0.15528534 0.24745027 0.02448349
v -0.11595150 0.26425744 0.02345721
v -0.41228208 -0.35468319 -0.19719449
v -0.43357255 -0.32319841 -0.11734965
v -0.10033492 0.29754981 -0.04538329
v -0.08835810 0.29151385 -0.01299630
v -0.10040896 0.30177535 -0.00879219
v -0.06659324 0.29139636 -0.00493454
v 0.07049482 0.48570724 0.14775911
v -0.12861596 0.29514708 0.01299897
v -0.10113673 0.28793292 0.01728507
v -0.13307375 0.18963363 0.04242322
v -0.13764134 0.19282168 0.05227332
v -0.15721069 0.19562720 0.04885979
v -0.16529639 0.21208696 0.04505295
v 0.01652429 -0.19713957 0.08664641
v -0.09152947 0.22215034 0.05473961
v -0.10483461 0.14928157 0.03674234
v -0.20988077 0.18174051 0.00988073
v -0.11377359 0.18047740 0.04007111
v -0.12933825 0.17473349 0.03098798
v -0.16855357 0.18098726 0.05154570
v 0.19412337 -0.39356647 -0.30408807
v -0.42376217 -0.39626729 -0.18468486
v -0.41798416 -0.39830848 -0.19815792
v -0.09384615 0.15142232 0.03693011
v -0.10649020 0.17031591 0.04000226
v -0.34495625 -0.26951553 -0.20979514
v -0.37123428 -0.29967100 -0.21538286
v -0.08760954 0.20485511 0.05583328
v -0.32513113 -0.32441597 -0.21787720
v -0.08133974 0.18682233 0.06011649
v -0.07067544 0.14216706 0.02673171
v -0.35542638 -0.36721795 -0.23348764
v -0.06898866 0.30673163 -0.07952385
v 0.16659515 0.24007509 -0.12474933
v -0.05066725 0.29141161 -0.06134784
v -0.08078337 0.30116206 -0.05909847
v -0.05189714 0.28942985 -0.02848936
v -0.30901417 -0.40105511 -0.22632064
v -0.10444068 0.29913720 -0.05955246
v -0.34121789 -0.39542281 -0.23477326
v -0.07217530 0.28659335 -0.02143975
v -0.10507863 0.26013571 0.03778652
v -0.16504353 0.23833627 0.05255708
v -0.11981886 0.32244197 -0.02590352
v -0.11667864 0.31963845 -0.02002019
v -0.11344625 0.29366267 0.01784534
v 0.10342448 -0.38382487 -0.33551302
v -0.12754608 0.13659931 -0.00100359
v -0.10819844 0.12428963 -0.02150595
v -0.09397650 0.12965956 0.00453648
v -0.07881056 0.14885564 -0.02558096
v -0.16829610 0.17859310 0.02020160
v -0.18113338 0.15562380 -0.02442823
v 0.36933363 0.26421246 0.27857384
v -0.13865438 0.18072693 -0.01593959
v -0.06110200 0.15197603 -0.00281475
v -0.09926491 0.15821532 -0.04842653
v -0.06015425 0.16212572 -0.00687597
v 0.05451750 0.47407449 0.04551078
v 0.21596998 0.46112110 0.20539561
v -0.07549000 0.16918141 -0.03118636
v -0.07001764 0.18742146 -0.02268587
v -0.17482847 0.20065487 -0.04821194
v -0.06886686 0.19692656 -0.03071513
v -0.01908252 0.43002108 0.17490795
v -0.05682147 0.18703325 -0.02370042
v -0.04941212 0.18808959 -0.03334723
v -0.31812943 -0.19974181 -0.20560406
v -0.06002207 0.19758125 -0.03702809
v -0.02586595 0.18532192 -0.06997120
v -0.08940105 0.22124469 -0.09983360
v -0.15848726 0.28041046 -0.06773719
v -0.07249542 0.24539588 -0.10862187
v -0.17388378 0.17572771 0.03502461
v -0.07487388 0.15009182 -0.01536781
v -0.08759390 0.24448447 -0.10035086
v -0.18814490 0.15537360 -0.02760913
v -0.13466728 0.17918978 -0.01920613
v -0.09489812 0.13424125 -0.00980898
v -0.33974963 -0.21562648 -0.19798791
v -0.14453678 0.17598203 -0.00165985
v 0.10590782 0.46431180 0.23625622
v -0.08033445 0.18505901 0.08263328
v 0.00575521 0.11437506 0.24308338
v -0.33998579 -0.22901196 -0.20171798
v -0.04190186 0.19780273 0.19995594
v -0.02222730 0.19323208 0.22094423
v 0.02389357 0.18336710 0.28457933
v -0.33471958 -0.23531611 -0.20380378
v -0.34163901 -0.24209896 -0.20411277
v -0.40537734 -0.27222608 -0.17723401
v 0.13554947 0.45976205 0.24407824
v 0.38563046 -0.42821137 -0.18708822
v 0.36594039 -0.42144425 -0.21581457
v -0.32295608 -0.25033534 -0.21764572
v 0.35791599 0.36728190 0.18063689
v 0.30313826 0.26498343 -0.09370836
v 0.27654752 0.26285019 -0.10956521
v 0.30857104 0.27686206 -0.08468941
v 0.28359641 0.27404934 -0.09747987
v 0.26378838 0.28230559 -0.10749605
v -0.32614146 -0.28601210 -0.21268378
v 0.30981099 0.29085160 -0.08572176
v 0.25904536 0.30099417 -0.11449412
v 0.32446670 0.27822963 -0.06718310
v 0.23666033 0.30028754 -0.12194130
v -0.41587294 -0.28614661 -0.16716950
v 0.01185031 0.38496035 -0.05273158
v -0.30446835 -0.25847990 -0.24141828
v 0.22482758 0.30816111 -0.11633220
v 0.33070055 0.29200673 -0.06305149
v 0.34550363 0.31067802 -0.04016866
v -0.11641332 -0.38805085 -0.30509838
v 0.23031769 0.31571673 -0.09913840
v 0.30695787 -0.02754545 0.08072136
v 0.25636115 0.33257174 -0.08103851
v 0.37103220 0.31386368 0.00166607
v 0.27118309 0.33780801 -0.07391877
v -0.41007347 -0.30094159 -0.18669122
v -0.26380436 -0.29882636 -0.28818992
v -0.03532200 -0.24653360 -0.29191924
v 0.25584999 0.36267900 -0.07793200
v 0.37250083 0.33471982 0.02259673
v 0.26406237 0.37087769 -0.06662381
v 0.09621365 0.43274767 0.26319324
v 0.27762154 0.38669383 -0.05313513
v -0.32483023 -0.30202124 -0.21708841
v 0.23324235 0.38942826 -0.07843215
v 0.21563092 0.39122088 -0.08981925
v 0.24380839 0.43312421 -0.03691347
v 0.22000700 0.43780300 -0.04804400
v -0.38861907 -0.33111570 -0.21542394
v 0.19707179 0.42853785 -0.07201229
v 0.22320782 0.44186352 -0.03843083
v 0.26399407 0.43621460 -0.01666446
v 0.18948290 0.44447797 -0.05762596
v 0.20219564 0.45659984 -0.03055218
v 0.17485981 0.44595511 -0.05722092
v 0.19433786 0.45676845 -0.03447231
v 0.18143137 0.46519607 -0.03186146
v 0.23614994 0.45920731 -0.00766200
v -0.34825814 -0.34014140 -0.22601213
v -0.37077751 -0.35930763 -0.22991761
v 0.33889803 0.26345620 -0.06161561
v -0.31118922 -0.37575891 -0.22520033
v 0.38618422 0.36298524 0.12275459
v 0.38554555 0.38765526 0.15680310
v 0.33010993 0.15013087 0.31396409
v 0.34155434 0.28897253 0.30112942
v 0.14323859 0.41541903 0.28888616
v 0.35757120 0.07309705 0.20702611
v 0.33223964 0.32518718 0.28244767
v -0.30631729 -0.39841618 -0.22645637
v 0.31785055 0.33552923 0.29228711
v 0.32967880 0.35857302 0.29613560
v 0.39258065 0.31942220 0.20753500
v 0.07157724 0.31239588 0.33316733
v -0.29047110 -0.38258783 -0.26003939
v 0.08504581 0.37877013 0.29879846
v -0.27390177 -0.38024641 -0.28567374
v -0.26994458 -0.38908892 -0.28585512
v 0.23187485 0.18937691 0.34937128
v -0.07900864 -0.21485152 -0.28082362
v 0.07758012 0.29228450 0.33491888
v 0.07327676 0.29159314 0.33241558
v 0.21557553 0.30963613 0.34800472
v 0.17056917 0.30209987 0.34643998
v 0.20017388 0.32050101 0.34738532
v 0.17337967 0.33359682 0.34599852
v 0.18119827 0.33288493 0.34592406
v 0.19206839 0.35826330 0.33024010
v 0.16793893 0.37521632 0.31889528
v 0.27201888 0.18238562 0.34016188
v -0.23516860 -0.18019608 -0.24899455
v -0.25703328 -0.21032367 -0.25427905
v 0.26909506 0.18908343 0.34484171
v 0.14515969 -0.48095942 0.07836821
v -0.28359604 -0.29011946 -0.27178212
v 0.24166544 0.19564113 0.35059803
v 0.29385249 0.19789843 0.34517724
v -0.14664289 -0.42070426 -0.18727006
v -0.25711395 -0.31689888 -0.29680811
v -0.28861648 -0.38867681 -0.04200974
v -0.25946514 -0.34346343 -0.29775530
v 0.25813815 0.22058504 0.35903743
v 0.30940097 0.21788458 0.34208306
v -0.25705637 -0.37340210 -0.30220998
v -0.25134596 -0.38081373 -0.30712990
v 0.23379038 0.30539874 0.34933348
v 0.24788468 0.33044660 0.33882505
v 0.21555235 0.33634446 0.34193229
v 0.31059191 -0.35240337 -0.23593689
v 0.31604673 0.35457114 0.30066058
v 0.20988915 0.36714434 0.32399937
v 0.27084022 -0.34734216 -0.22713470
v 0.30814996 0.38628297 0.29184642
v 0.18359656 -0.44228158 0.05954202
v 0.35805433 0.15738033 0.00235999
v 0.26547979 -0.38345620 -0.22375280
v 0.11516099 -0.48971306 0.04575439
v 0.41729726 0.15686748 0.10282448
v 0.40850210 0.17332129 0.07362269
v 0.35243273 0.20837879 -0.03464435
v 0.29776311 -0.38706526 -0.23707660
v 0.42236275 0.17326837 0.10400701
v 0.40303174 0.17596688 0.05965931
v 0.36411460 0.20858013 -0.00515972
v 0.42665212 0.19576737 0.10509988
v 0.36688456 0.21590717 0.00428742
v 0.39277440 0.19152332 0.04208472
v 0.35904010 0.21981215 -0.01019061
v 0.05841267 -0.05435469 -0.18680928
v 0.26741400 0.23039427 -0.09216377
v -0.17425380 -0.07387569 -0.18402313
v 0.22578742 -0.41054410 0.01349498
v 0.41538751 0.20452078 0.08374249
v 0.39686359 0.20412717 0.04212890
v 0.17578378 -0.42264415 0.07298397
v 0.39033103 0.22064611 0.03768545
v 0.40646431 0.22219886 0.06132809
v 0.36734959 0.23646887 -0.02183358
v 0.41385637 0.21585121 0.07793119
v 0.41708871 0.21965474 0.08567283
v 0.32575970 0.24453910 -0.06752452
v 0.29055645 0.24842474 -0.09231592
v 0.41214875 0.23549753 0.06588733
v 0.39884314 0.25113145 0.03563214
v 0.35625305 0.25291692 -0.04161857
v 0.31173637 0.25700743 -0.08958996
v 0.11398466 -0.40706379 0.10795751
v 0.40154053 0.23169680 0.04292135
v 0.32448668 0.27188250 -0.06475453
v 0.37849132 0.25425616 0.00084263
v -0.19286388 -0.48478266 0.04914129
v 0.31692325 0.27214811 -0.06917344
v -0.10495243 -0.48514129 0.04427898
v 0.34557151 0.27570807 -0.04350584
v 0.36445286 0.27643164 -0.00862691
v 0.34765370 0.28110620 -0.04660138
v 0.35387314 0.29090787 -0.04107596
v -0.15749395 -0.11354243 -0.22612967
v 0.36321662 0.28356639 -0.02129569
v 0.39069281 0.28542754 0.02419698
v 0.40362997 0.26751925 0.04894193
v 0.38661746 0.30464010 0.02915546
v 0.26606218 0.28196148 -0.10734885
v 0.28826609 0.29035884 -0.10135550
v 0.17194656 -0.36807580 0.08097274
v 0.39154767 0.27332403 0.02638738
v 0.30474571 0.30324731 -0.07870485
v 0.32440087 0.30754260 -0.06365348
v -0.40800553 -0.41725749 -0.18237053
v 0.36132599 0.29752388 -0.01823919
v 0.41300231 0.28192362 0.07702116
v 0.42507489 0.25169367 0.11888596
v 0.41993310 0.27620612 0.12155217
v 0.38494600 0.31085365 0.02618401
v 0.39685684 0.31523648 0.04902739
v 0.37808885 0.33843491 0.04246851
v 0.28986260 0.34789504 -0.05872861
v 0.39249344 0.33247022 0.07506121
v 0.35331256 0.33198326 0.00375248
v 0.29045430 0.36214825 -0.05143493
v 0.35706738 0.34670520 0.01795516
v -0.09515923 -0.15812128 -0.24716285
v 0.30218810 0.35734509 -0.04603158
v 0.37949099 0.34911157 0.08020982
v 0.36718916 -0.36689882 -0.06462965
v 0.02500812 -0.46421262 -0.03872963
v 0.30954715 0.36765773 -0.03173337
v 0.36142980 0.36530441 0.05528179
v -0.00280141 -0.14807840 -0.24101304
v -0.18013512 -0.14370998 -0.24143350
v 0.36221027 0.34935955 0.02884225
v -0.18910818 -0.14541750 -0.24091831
v 0.08121531 -0.12146115 -0.24861383
v 0.37250883 0.36827296 0.12325859
v 0.36820275 0.30632952 0.24912168
v 0.34106417 0.39265931 0.05362633
v 0.37227253 0.36348028 0.10789952
v 0.00709438 -0.13654762 -0.23771963
v 0.27965712 0.39703832 -0.04601807
v 0.22585082 -0.36605822 0.04587923
v 0.32963583 0.39111815 0.01982550
v 0.39566001 0.37544399 0.13992700
v 0.34731961 0.39100922 0.09879776
v 0.32678726 0.40565722 0.03220067
v 0.36740686 0.32213399 0.24785981
v -0.23801996 -0.40752850 -0.23018694
v -0.02663691 -0.17198197 -0.24957377
v 0.32036400 0.41356655 0.03117947
v 0.28688901 0.42130780 -0.00692922
v -0.20097437 -0.23866940 -0.29308127
v 0.32158375 0.42013117 0.09195881
v 0.08398804 -0.15637881 -0.26443036
v 0.32809475 0.41370344 0.06450863
v 0.31498908 0.42273212 0.10360533
v 0.28358401 0.44582374 0.03166977
v 0.23966852 -0.33379544 0.03853315
v 0.33265177 0.38985449 0.24031438
v -0.04300949 -0.20324725 -0.26710590
v 0.11891877 -0.28911346 -0.32199796
v 0.37270935 0.28584713 0.25949631
v -0.17541842 -0.18248893 -0.26627775
v 0.34221425 0.35999115 0.22562640
v 0.22470681 0.16863945 -0.10730917
v 0.21011317 -0.33494069 0.05939390
v 0.28487185 -0.33603632 -0.01256693
v 0.10632354 0.20322702 -0.12595577
v 0.07858909 -0.21253951 -0.29245244
v 0.21577988 0.23847985 -0.11609983
v 0.35190887 -0.32220500 -0.05216745
v 0.18775917 0.25448534 -0.13456692
v 0.25152669 0.26394699 -0.11540948
v 0.18954346 -0.33022502 0.06891781
v 0.04738212 -0.10574123 -0.23435887
v 0.20129192 0.27675562 -0.13022021
v 0.24197540 0.27277273 -0.12214054
v 0.02575688 -0.23512238 0.09632393
v 0.36658731 -0.29645519 -0.06922126
v -0.20653347 -0.21365278 -0.28064601
v -0.11265748 -0.21519881 -0.28223895
v 0.10902081 -0.37554080 0.10897176
v 0.24552534 0.27957682 -0.12093825
v 0.13429866 0.27476471 -0.13388133
v 0.01675165 -0.20669844 -0.27789158
v -0.02769808 -0.19851680 -0.26485589
v 0.19891249 0.29541846 -0.13378796
v 0.12801704 0.28852270 -0.14199633
v 0.16876759 0.29977556 -0.13340654
v 0.10902137 -0.20344847 -0.28835604
v 0.20862979 0.30908717 -0.11114305
v 0.16876353 0.30866497 -0.12044108
v 0.05130007 0.29860675 -0.11357068
v 0.15244688 0.32278323 -0.11878829
v -0.22068090 -0.47143674 0.00222982
v 0.17815300 0.32968277 -0.11318399
v -0.07970865 -0.25295329 -0.30480777
v -0.13272854 -0.21927470 -0.28339878
v 0.21141986 0.32712072 -0.10307978
v 0.19449136 0.34282772 -0.10924038
v 0.25162261 0.34338759 -0.08229099
v 0.14908131 0.34552525 -0.11403518
v 0.16126544 0.35163302 -0.10831488
v 0.12270888 -0.21612780 -0.29194714
v 0.22659182 0.35671769 -0.09689662
v 0.18699863 0.37008488 -0.10445920
v -0.20618582 -0.23140553 -0.28925427
v 0.16994852 0.38493963 -0.10362755
v 0.15171463 0.37573505 -0.10669041
v 0.18146200 0.42019999 -0.08242700
v 0.19299749 0.47794619 0.00873097
v 0.20583744 0.18550060 -0.10963570
v 0.28637058 0.22920601 -0.08873601
v 0.35446695 0.37893559 0.13864951
v 0.05753393 0.19018974 -0.12683463
v 0.03811115 0.23420561 -0.12105204
v 0.10353495 0.23501767 -0.12525127
v 0.04239359 0.25673910 -0.13050348
v 0.14858679 0.26457720 -0.13533775
v 0.04251056 0.29209422 -0.12399687
v 0.10408659 0.29041059 -0.13822210
v 0.07540464 0.28963533 -0.13614822
v 0.09673669 0.29664887 -0.13689636
v -0.15958189 -0.23896092 -0.29277399
v 0.25272071 -0.27816564 0.00895333
v 0.10944800 0.29392999 -0.13719600
v 0.14438569 0.28495316 -0.14060491
v 0.06060780 0.29743474 -0.12920670
v -0.15598400 -0.26946899 -0.30825400
v 0.13934270 0.29252895 -0.13960091
v 0.00115489 0.29395851 -0.10685583
v 0.08964304 0.30375325 -0.11920690
v 0.13396729 0.30098122 -0.13485223
v 0.04049462 0.30460529 -0.10260999
v 0.10894584 0.30569655 -0.12211901
v 0.21200693 0.29378262 -0.13192371
v 0.03648850 0.30376079 -0.10013979
v 0.18648412 0.31050048 -0.11920279
v 0.10465637 0.33607682 -0.11555633
v 0.07315229 0.34114259 -0.10663281
v 0.08110000 0.34627584 -0.10718960
v 0.07360215 0.36166164 -0.10163182
v 0.10364175 0.35999584 -0.10767380
v 0.01784108 -0.40390765 -0.25772751
v 0.09166037 0.38123261 -0.10051832
v 0.07258837 0.38853863 -0.09020492
v 0.13288650 0.34601282 -0.11536650
v 0.11253202 0.40462191 -0.09092543
v 0.07158505 -0.38908382 -0.31459752
v 0.11095779 0.41390291 -0.08638898
v 0.08320708 0.41636376 -0.07818181
v 0.15177717 0.42520985 -0.08421279
v 0.14436087 0.43010654 -0.07721622
v -0.10135399 -0.25437259 -0.30713503
v 0.09700703 0.44239053 -0.05652569
v 0.11150603 0.42724410 -0.07691442
v -0.09687927 -0.31299871 -0.34142819
v 0.14704093 0.44677303 -0.06200821
v -0.04011300 -0.29783401 -0.32339600
v 0.17320546 0.15280538 -0.12199718
v 0.19002820 0.20692267 -0.11518986
v 0.17867840 0.27117936 -0.13298451
v 0.16770068 0.27584343 -0.13249418
v 0.00312725 0.11175969 -0.08029866
v -0.00528841 0.12113668 -0.07991042
v 0.00100658 0.23381668 -0.09199320
v 0.00972551 0.26289379 -0.11113371
v 0.01184762 0.28489408 -0.11748295
v 0.06952204 0.31534717 -0.11186526
v 0.00771221 0.30447646 -0.08577150
v 0.39478671 -0.41002517 -0.15010208
v -0.01825506 0.30128672 -0.05536738
v 0.03339648 0.32286664 -0.09504801
v 0.08609487 0.33687502 -0.11045259
v 0.03875384 0.34002562 -0.09327715
v 0.02871266 0.34782935 -0.08246265
v 0.03791989 -0.30410624 -0.32665537
v 0.05894439 0.36532947 -0.09062005
v 0.04975574 0.36895084 -0.08838678
v 0.02627247 0.36880596 -0.07578023
v 0.04102681 0.38755939 -0.07620463
v 0.00168692 0.38550889 -0.04525288
v 0.07195855 0.40384320 -0.08246676
v 0.01276370 -0.35150384 -0.35200956
v 0.04790153 0.41243974 -0.05646451
v 0.06570016 0.41310570 -0.07152532
v 0.02579487 0.40994506 -0.04734243
v 0.02226431 0.41837771 -0.03647875
v -0.01919916 0.38684034 -0.02609405
v 0.06609413 0.42842322 -0.05320853
v -0.01383397 0.42059161 0.01402792
v 0.39556195 -0.38056546 -0.14919090
v -0.01735115 -0.32720950 -0.33882761
v 0.06524565 0.43172235 -0.04854250
v 0.09705317 0.45007002 -0.04439754
v 0.04394772 0.43940995 -0.02912349
v 0.01163851 0.44083127 0.01077543
v 0.01657563 0.45315028 0.03614188
v 0.04280375 0.45844612 0.01135681
v 0.02255556 0.42952966 -0.01204583
v 0.08758968 0.48119773 0.02692110
v 0.16641077 0.14770761 -0.11762055
v 0.07675176 0.14960549 -0.09378212
v -0.27946310 -0.41691252 -0.19345236
v 0.01164404 0.34267317 -0.07328537
v 0.33854738 0.25222225 0.31809576
v -0.03339682 0.34727145 -0.02052034
v -0.08483104 -0.33771410 -0.35102486
v 0.38317716 -0.39154238 -0.09250107
v -0.02059449 0.40735455 0.00789205
v -0.00755343 0.40867106 -0.00494870
v -0.00454057 0.40859701 -0.01793428
v 0.07297390 -0.09440863 -0.23008700
v 0.00652054 0.43966103 0.01695973
v 0.39099025 -0.37237895 -0.11249554
v -0.05116654 -0.11927165 -0.21515019
v -0.05795073 -0.37039082 -0.35850961
v 0.04580278 0.45074639 -0.00185443
v 0.02529873 0.29051826 -0.12284383
v 0.00013780 0.44466571 0.04037776
v 0.03570418 -0.35620433 -0.35248126
v -0.00849366 0.29059441 -0.09979027
v -0.01306492 0.29114635 -0.08921109
v 0.00054558 0.30148907 -0.07953400
v -0.11277051 -0.35971603 -0.35931765
v -0.09368069 0.25693058 0.10064931
v -0.03650344 -0.36531339 -0.35400908
v 0.00937481 -0.36936002 -0.35717170
v -0.04441087 0.35728284 0.00061598
v 0.11524332 -0.37658023 -0.33952844
v 0.13838376 -0.43439543 -0.15539476
v -0.07323911 0.34029064 0.13401942
v -0.04212604 0.37855395 0.02079924
v -0.03822987 0.40699315 0.06936045
v -0.12876892 -0.35987648 -0.35521895
v -0.04968763 0.39773311 0.10698119
v -0.17288272 -0.37039629 -0.34028374
v -0.01425241 0.43047831 0.03845821
v 0.38748413 -0.30922253 -0.12555140
v -0.03753202 0.41624303 0.12141737
v -0.03273452 0.41460609 0.10248021
v -0.02655026 0.42319104 0.11204486
v -0.01541345 0.43239827 0.05827237
v -0.02209192 0.42483129 0.05563542
v -0.03187481 0.41891221 0.07822639
v -0.00555258 0.44202326 0.07085167
v -0.11207381 0.24280598 0.12752948
v -0.09691851 0.24965455 0.15597652
v -0.10747361 0.25374088 0.12063137
v -0.09930974 0.26358492 0.12968468
v -0.17382538 -0.08028931 -0.19275718
v -0.09409679 0.26578337 0.14372801
v -0.15404201 -0.10559900 -0.22097400
v -0.10632523 0.28977717 0.14912346
v -0.25195138 -0.41428934 -0.20288988
v -0.10743557 0.28401559 0.11721688
v -0.09841116 0.29900177 0.12907660
v -0.09962818 0.30883881 0.09152402
v -0.09905720 0.30366270 0.11992686
v -0.10523755 0.29321577 0.13522628
v 0.37623617 -0.26254137 -0.14265627
v -0.09844997 0.30706037 0.13914802
v -0.08654435 0.31263840 0.18635683
v -0.09710449 0.30619710 0.15935238
v -0.09452272 0.32316347 0.14246253
v -0.10383688 0.31689931 0.12123471
v -0.09612401 0.32928252 0.11137097
v -0.07849004 0.31526779 0.19938831
v -0.09770817 0.32212937 0.13378862
v 0.38092063 -0.28932380 -0.15367854
v -0.09329316 0.31040211 0.16551364
v -0.09305394 0.32197332 0.15432340
v -0.07379111 0.33470026 0.10172664
v -0.08053528 0.32867185 0.20533923
v -0.07895166 0.33246538 0.18230971
v -0.07070421 0.35769102 0.09725506
v -0.06588314 0.36986832 0.12942962
v -0.05743873 0.38247322 0.11238543
v -0.06005097 0.37781977 0.14279004
v -0.02891456 0.40792020 0.18602449
v -0.04743863 0.38487788 0.18326028
v -0.03718371 0.41267326 0.15569214
v -0.02237001 0.40013807 0.21110775
v -0.09100224 0.23369330 0.16340020
v 0.00738219 -0.38729339 -0.31663944
v -0.06949592 0.34775789 0.15289347
v -0.05660300 0.32392401 0.22758199
v -0.05420555 0.32502170 0.22931107
v -0.03724832 0.34926977 0.22148407
v -0.01742563 0.14580078 0.20113534
v -0.01890380 0.15081649 0.20379678
v -0.02323000 0.19124322 0.23107518
v -0.04106905 0.17725417 0.25002238
v -0.08499211 0.12516975 0.09684568
v -0.02038969 0.16525654 0.20937881
v -0.10046727 0.21875122 0.12563042
v -0.09465639 0.20874253 0.15468594
v -0.02055536 0.17217368 0.21090749
v -0.09392886 0.22165018 0.14987288
v -0.20813338 -0.27574129 -0.30629204
v -0.07621272 0.20699917 0.17881775
v -0.08433549 0.23019881 0.17123512
v -0.09045717 0.22546932 0.15680985
v -0.23184890 -0.29616265 -0.30528555
v -0.06856650 0.23513029 0.20849064
v -0.07476551 0.24287127 0.20493551
v -0.10014477 0.28061421 0.16512257
v -0.07521140 0.25819200 0.19904971
v -0.09207115 0.27133288 0.17117361
v -0.07106025 0.27142560 0.19443355
v -0.07498516 0.28321350 0.20604442
v -0.24692292 -0.35037819 -0.30826997
v -0.07318889 0.29665476 0.21290380
v -0.04091836 0.29601841 0.25469205
v -0.22691477 -0.32137613 -0.31348766
v -0.01542572 0.31863308 0.27491705
v -0.19722425 -0.35901016 -0.33106518
v -0.21892860 -0.37165167 -0.32474220
v 0.12386600 -0.08636344 0.00320431
v 0.25577754 -0.39344168 -0.23720217
v -0.03732035 0.17306378 0.26327185
v 0.26111775 -0.40363502 -0.22541190
v 0.25783258 -0.41450186 -0.22601737
v -0.04044036 0.17518342 0.25751359
v 0.26570487 -0.10448107 -0.09301616
v -0.07441443 0.20047828 0.17381910
v -0.07158072 0.34232155 0.14345665
v -0.08993717 0.21143270 0.16935400
v -0.06379797 0.21240292 0.21228514
v 0.33219889 -0.40338718 -0.23691084
v -0.07252848 0.22849262 0.20160308
v -0.10240814 0.22631513 0.14384238
v -0.07456579 0.22364722 0.18774442
v -0.10687499 -0.43216510 -0.14758144
v -0.10844678 0.23106139 0.13630334
v -0.08761615 0.23288601 0.18702037
v -0.06839160 0.23377584 0.21545885
v -0.10543586 0.24233364 0.14925280
v -0.08958282 0.24278559 0.19174218
v -0.06886394 0.24388390 0.22833517
v -0.08741714 0.24997751 0.19560933
v -0.06747197 0.25966769 0.22626199
v -0.07861715 0.26475838 0.19183709
v 0.13616550 0.47420443 -0.01099229
v -0.07617862 0.26573158 0.19070609
v -0.10321520 0.27467148 0.14092740
v -0.06667734 0.27429492 0.21065493
v -0.05909235 0.27568797 0.22646709
v 0.08551048 -0.05094353 -0.17737697
v -0.09193765 0.28603137 0.19259719
v 0.12679788 0.45177754 -0.05283982
v -0.07463501 -0.28974669 -0.32608942
v -0.09492853 0.28976973 0.18917112
v -0.07093938 0.28489060 0.22349249
v -0.34954527 -0.44063258 -0.10268212
v -0.04206600 0.28808581 0.25410504
v 0.19936909 -0.46757481 0.02146202
v -0.08253691 0.29529193 0.20448799
v -0.06053823 0.30229029 0.23649313
v -0.05827480 0.30471405 0.23822908
v -0.07475815 0.31661073 0.21527351
v -0.03974489 0.30689841 0.25270273
v 0.13743126 -0.09055454 -0.21115199
v -0.05382929 0.31555052 0.23286637
v -0.01961034 0.31205201 0.27591743
v -0.03886217 0.31342626 0.25876472
v -0.02082975 0.31973764 0.26824696
v -0.05010581 0.32348827 0.24646552
v -0.03375238 0.30537203 0.26190991
v -0.02021153 0.32939580 0.27519715
v 0.12689034 -0.11028701 -0.23193526
v -0.04677247 0.33394446 0.24689201
v 0.02897145 0.31578878 0.30921674
v -0.00498800 0.32556966 0.29335657
v 0.01595277 0.32482104 0.29848820
v 0.00989596 0.33617789 0.29383114
v 0.13407252 -0.11220807 -0.23119147
v 0.35126458 -0.38329707 -0.22606330
v 0.01415825 0.34152902 0.29979583
v -0.02779072 0.35754427 0.23098159
v -0.02620690 0.36758191 0.22600232
v -0.02364371 0.34700577 0.23938514
v -0.02702120 0.33427765 0.25955744
v -0.04734676 0.37209339 0.19395601
v -0.01498755 0.36689888 0.23992921
v 0.03249836 0.36179861 0.27569575
v -0.05601376 0.34621752 0.19247052
v -0.02932279 0.38777564 0.21272970
v -0.03118726 0.38068914 0.21571927
v -0.37873756 -0.43512008 -0.12081819
v -0.00748200 0.38825500 0.23746300
v 0.01304548 0.38744482 0.25663000
v -0.00227077 0.37481720 0.24767005
v 0.38528222 -0.40286905 -0.19216123
v -0.00411362 0.40609709 0.22446154
v 0.17685468 -0.16055263 -0.24692101
v 0.15146024 -0.17021326 -0.26181937
v -0.09140132 0.20276506 0.13157636
v 0.36123921 -0.39243521 -0.21980450
v -0.09476387 0.21820359 0.13774439
v 0.17183939 0.43118752 -0.07664060
v -0.08524249 0.27062727 0.18400040
v 0.17992862 -0.19124345 -0.26386834
v -0.08394875 0.14892462 0.07693548
v 0.02817014 -0.41748341 -0.20847765
v 0.06880777 0.12247680 0.27476241
v 0.20071046 -0.39777568 -0.29190400
v 0.18344513 -0.36967787 -0.31501901
v 0.08078317 0.14132907 0.29621702
v -0.05511053 0.35414892 0.18978160
v 0.07386115 0.14533502 0.29014512
v -0.24927234 -0.42716865 -0.15756434
v 0.08659980 0.15347168 0.30397951
v -0.01833126 0.18054986 0.26697299
v 0.13922111 -0.26210116 -0.30767112
v 0.08523747 0.16511060 0.29465172
v -0.02343966 -0.11858384 -0.21602336
v 0.02433545 0.15626090 0.25690728
v 0.09461142 0.16162320 0.30274970
v -0.03601827 0.19094463 0.20060740
v -0.07529723 0.20685254 0.19038282
v 0.17415334 0.18600662 0.34083414
v 0.21459440 -0.34827895 -0.28618013
v -0.07209417 0.27722439 0.19916223
v 0.15581830 -0.34400842 -0.32535092
v 0.03469005 0.28971710 0.31179991
v -0.01642755 0.30605704 0.28202949
v 0.03594059 0.29658460 0.31072359
v 0.04444761 0.29620809 0.32264071
v 0.04969748 0.30893215 0.32090162
v 0.04213859 0.30814275 0.30991287
v 0.25913680 -0.34544439 -0.24408811
v 0.13964713 -0.37293511 -0.33586183
v 0.13889211 0.29760074 0.34623755
v 0.14698186 0.29982478 0.34493745
v 0.07846003 -0.36966918 -0.34519351
v 0.08332001 -0.35520983 -0.34035457
v 0.05871581 0.31641462 0.32069868
v 0.11576218 0.31997714 0.34001684
v 0.07575704 0.34167930 0.32698732
v 0.17059604 0.40636080 -0.09052130
v 0.11686323 -0.09722355 0.01812167
v 0.10377877 0.38651211 0.30300916
v 0.18461857 -0.07011136 -0.15090321
v 0.02273709 0.10978869 0.23417978
v 0.38802481 -0.34226295 -0.16677425
v -0.01785266 0.11817319 0.24374051
v 0.12623489 0.39312700 -0.10058526
v 0.16073549 0.15647263 0.32022447
v 0.10324469 0.14773200 0.31251777
v 0.19688267 0.15552376 0.32497341
v -0.32834814 -0.43323251 -0.13120013
v -0.01944620 0.16245192 0.26793087
v 0.04974674 0.16847945 0.27569078
v 0.18885248 0.16058616 0.32723946
v 0.10256668 0.16202938 0.30782553
v -0.34669446 -0.41889073 -0.18027846
v 0.03295998 0.15577088 0.27048651
v -0.00576587 0.15644290 0.26615256
v -0.00154434 0.17329297 0.27222254
v -0.03111947 0.16226489 0.25707293
v 0.03657500 0.16948099 0.28012894
v 0.01729155 0.17980606 0.27154227
v 0.20337765 0.18042489 0.34556705
v 0.02203065 0.16825654 0.26169530
v 0.24865684 0.17481078 0.33770254
v 0.22085032 0.18965443 0.34989494
v 0.16193272 0.19784574 0.34416838
v 0.19965512 0.19329508 0.34807957
v 0.16115628 -0.35149724 -0.32574753
v -0.08584468 0.19298333 0.15179624
v 0.19549139 0.20648790 0.35619105
v 0.16784459 0.20672046 0.34804795
v -0.05771221 0.20434382 0.21076698
v 0.18588269 -0.39791464 -0.28939714
v 0.05187920 0.28773954 0.32771806
v -0.02391296 0.28518051 0.27559659
v 0.05938133 0.28657776 0.32932505
v 0.35797451 -0.22150606 -0.15636573
v 0.09151602 0.30025081 0.33542546
v 0.13421060 0.30221040 0.34240117
v 0.20989412 -0.20955680 -0.26028942
v 0.13382340 -0.07807862 -0.19870611
v -0.38098118 -0.41616336 -0.18785188
v 0.09015202 0.32458024 0.33807143
v 0.08785008 0.31732009 0.33810414
v 0.02806240 0.32430332 0.31386110
v 0.05984651 0.32469869 0.32075437
v -0.04071900 0.39959800 0.07826100
v 0.16459584 0.35238366 0.32967979
v -0.05251963 0.39205423 0.12762097
v 0.29135710 0.35942934 0.29263295
v 0.18522797 0.14771857 -0.12283428
v 0.23207089 0.23759726 -0.10941359
v 0.32789472 -0.22153891 -0.19339930
v 0.23928513 0.46934498 0.07776737
v 0.16581374 -0.29809280 -0.31025683
v -0.04612682 0.39260563 0.16082120
v 0.31571058 0.04550027 0.04857521
v 0.37752460 0.08049803 0.11040690
v 0.41158061 0.13561128 0.16245977
v 0.37182797 -0.27484248 -0.16953239
v 0.42747689 0.18273926 0.16464039
v 0.42463649 0.17723093 0.17380113
v 0.42501311 0.17997347 0.17916679
v 0.23098975 -0.23218556 -0.25755140
v 0.29625342 -0.25322365 -0.22514612
v 0.42124707 0.19000932 0.19695125
v 0.43226704 0.19944719 0.16184793
v 0.35609195 -0.30644465 -0.20231880
v 0.41348853 0.18370036 0.21300002
v 0.43099484 0.19036578 0.13630022
v 0.43313101 0.20719001 0.13797800
v 0.43021548 0.20438048 0.15297610
v 0.40090937 0.19532269 0.24000359
v 0.35622546 -0.26874009 -0.18837227
v 0.41630000 0.19525699 0.21509600
v 0.40022666 0.18988798 0.24090035
v 0.43340852 0.21153618 0.14479006
v 0.36217137 0.16770786 0.29393202
v 0.43029204 0.22290414 0.15935612
v 0.41698450 0.19736089 0.21422375
v 0.05709551 0.32511261 -0.10234018
v 0.36324360 0.19426005 0.29594620
v 0.02304187 0.33380698 -0.08626325
v 0.26719635 -0.26020652 -0.24243655
v 0.34588745 -0.27152841 -0.20055461
v 0.40427853 0.20430449 0.23686897
v 0.36785164 0.19246934 0.29106518
v 0.42284643 0.22627523 0.19311771
v 0.41710625 0.21689432 0.21214187
v 0.42796486 0.24001674 0.14898377
v 0.42656912 0.22804594 0.17066702
v 0.08108412 -0.41697294 -0.21496488
v 0.23599814 -0.26356520 -0.26297343
v 0.42458816 0.24225486 0.16977825
v 0.39238293 0.20536771 0.25357999
v 0.28905894 -0.26466370 -0.23211614
v 0.35610659 0.20759659 0.31039150
v 0.28323600 -0.27509201 -0.23534800
v 0.37456704 0.20824911 0.28581264
v 0.34155746 0.19986978 0.32296998
v 0.36080962 0.21252386 0.30502719
v 0.36597648 0.22069918 0.29752415
v 0.26034399 -0.28670290 -0.24854064
v 0.19994403 -0.32385385 -0.29625910
v 0.27098377 -0.28425031 -0.24053886
v 0.38617714 0.24901961 0.24321832
v 0.33895432 -0.29349990 -0.21433128
v 0.36333708 0.23595986 0.29939117
v 0.35145181 0.22765149 0.31212392
v 0.03746381 -0.05680095 -0.18932404
v 0.37778535 0.26394801 0.26170360
v 0.38739110 0.27473218 0.22762911
v 0.37950411 0.27419082 0.23648553
v 0.36754576 0.27502763 0.27767618
v 0.37074813 0.29398315 0.24438565
v 0.38766598 0.30339755 0.20829319
v 0.17554068 -0.24474825 -0.28714954
v 0.27770423 -0.29453242 -0.23533396
v -0.04329324 0.39702792 0.15960272
v 0.31723460 0.26754328 0.33112862
v 0.34403698 0.26535647 0.31008509
v 0.37307492 0.29007211 0.23432352
v 0.37210126 0.29501938 0.26104132
v 0.25970213 -0.26269262 -0.24776450
v 0.18663844 -0.31503681 -0.30278876
v 0.35044733 0.29019667 0.29089200
v 0.28394111 -0.29195140 -0.23423608
v 0.37278746 0.29987890 0.22419416
v 0.26739471 -0.28906983 -0.24256532
v 0.38126599 0.34892621 0.10179153
v 0.35608862 0.30149306 0.27314509
v 0.29440198 0.28306415 0.33853535
v 0.40247378 0.31069314 0.19950057
v 0.36770561 0.30743140 0.22374392
v 0.32663424 -0.24830360 -0.20505838
v -0.03336154 0.40583292 0.17646782
v -0.06657859 0.34827699 0.06379710
v 0.27339048 -0.32615635 -0.23070949
v 0.35745450 0.31173635 0.27802631
v 0.38365914 -0.35454437 -0.18265331
v 0.32723200 0.29548600 0.30905101
v 0.39413856 0.32613188 0.20478513
v 0.21381030 -0.33560485 -0.28632148
v 0.35817942 0.32570556 0.22212094
v 0.33574275 0.30409719 0.29637336
v 0.31881960 0.28742193 0.32026622
v 0.18975684 -0.23607484 -0.27747491
v 0.32341280 -0.30422129 -0.22579118
v 0.35659837 0.33417141 0.20969650
v 0.34806867 0.31448515 0.28752216
v 0.36455786 0.33139439 0.25069603
v 0.36476778 0.32521373 0.25411204
v 0.37464345 0.35149500 0.17697637
v 0.20890705 -0.24986085 -0.27389328
v 0.23678535 -0.33271513 -0.26859610
v 0.35692242 0.35769922 0.20370593
v 0.34685692 -0.22206648 -0.17577895
v 0.34293591 0.32212819 0.28427671
v 0.21156900 -0.40770200 -0.25661001
v 0.36692714 0.35886104 0.17727514
v 0.36029433 0.35393874 0.18428079
v 0.34801504 0.35064298 0.20691663
v 0.29886112 0.31727852 0.32067367
v 0.37582768 0.34246918 0.19984412
v 0.33809093 -0.35423456 -0.22790126
v 0.34590067 0.34730675 0.21050513
v 0.34615316 0.34501419 0.22332299
v 0.34300453 0.33089726 0.27641850
v 0.34864194 0.33609191 0.26889971
v 0.34079539 0.33842872 0.28620110
v 0.38963051 0.36871544 0.17509364
v 0.35644223 0.34187156 0.24596479
v 0.32444501 0.32917801 0.28787899
v -0.18927061 -0.37957291 -0.33234835
v 0.16171393 0.31719574 -0.11885065
v 0.26253289 -0.19855895 -0.22252874
v 0.34857199 0.34521800 0.25828299
v 0.30072756 0.32376457 0.31386278
v 0.26573033 -0.36638271 -0.22638344
v 0.35683109 0.36355450 0.19647188
v 0.35281511 0.34795714 0.23645316
v 0.35013888 0.33753408 0.26457601
v 0.34878357 0.34153571 0.27645326
v 0.31348497 0.33171031 0.29818382
v 0.35371598 0.36371662 0.18552850
v 0.38019419 -0.35489851 -0.18734096
v 0.28849001 0.33258734 0.32079027
v 0.34099181 0.35847590 0.22315548
v -0.03947296 0.10460913 -0.04499089
v 0.34607406 0.35223499 0.24594395
v 0.34901324 0.35173911 0.25957400
v 0.25360990 -0.33871966 -0.25224761
v 0.37761164 0.37353600 0.18182549
v 0.38180339 0.38587094 0.16666905
v 0.35862808 0.37611995 0.18539464
v 0.35577949 0.37848644 0.20684075
v 0.35867946 0.37957996 0.18313005
v 0.34675650 0.36180301 0.24894153
v 0.32244923 -0.20459074 -0.18968503
v 0.35474367 0.37138406 0.21225079
v 0.34781647 0.37012318 0.22019770
v 0.33184278 -0.34853494 -0.22983301
v 0.28076682 -0.19513569 -0.20996083
v 0.35591201 0.38282538 0.18064776
v 0.33185825 0.40864051 0.05905493
v 0.33681135 0.37565642 0.23199826
v 0.33312373 0.36568102 0.28239195
v 0.33545876 0.38181206 0.22429490
v 0.22965299 -0.36515822 -0.27309748
v -0.16091150 -0.31050283 -0.32405662
v 0.34462545 0.37922239 0.26379355
v 0.33682196 0.38248787 0.23026452
v 0.38074164 -0.40131199 -0.19918542
v 0.33529304 0.38538617 0.28341905
v 0.25134537 0.37601913 0.30669341
v 0.28594886 0.39990321 0.23465527
v 0.34232980 -0.38556973 -0.23197898
v 0.27857413 0.41366082 0.21843048
v 0.13095217 0.30700732 -0.12377535
v 0.30002783 -0.00075137 0.13725390
v 0.33596495 -0.17300263 -0.14385432
v -0.00905946 0.44130022 0.12798069
v 0.29181851 -0.00252893 0.16890775
v 0.29726961 -0.01817717 0.21351816
v 0.30259113 0.00511183 0.20258017
v 0.24652435 -0.39804932 -0.25138555
v 0.08803122 -0.28458351 -0.31995966
v 0.20168211 -0.37813538 -0.30057217
v 0.29412966 0.02603381 0.15494887
v -0.08364254 0.05913453 -0.03487919
v 0.23958740 0.31098383 -0.09940562
v 0.31807019 -0.15292927 -0.15038964
v 0.28518681 0.30852929 -0.09141479
v 0.25582374 0.31357517 -0.08794505
v -0.10702487 0.01554417 -0.06727417
v 0.21601846 -0.39413880 -0.28504999
v 0.32355948 0.26495894 0.32714159
v 0.27915434 0.31669536 -0.07269596
v 0.25461979 -0.41331956 -0.22783624
v 0.30568401 0.31295500 -0.05514360
v 0.28445869 0.31717796 -0.06865538
v 0.23700877 -0.39937940 -0.26455551
v 0.24209912 -0.40289858 -0.25641003
v 0.32510911 0.31185526 -0.04131595
v 0.06374212 -0.06721797 -0.20412511
v -0.11402796 0.01113732 -0.05938929
v -0.33279828 -0.43002585 -0.14259176
v 0.28947133 -0.11406325 -0.11235691
v 0.35947485 -0.41576818 -0.22232454
v 0.12612152 -0.03995769 -0.10699013
v 0.11827969 -0.05933952 -0.06776223
v 0.28700125 -0.11703993 -0.13700897
v 0.35459114 0.27461390 0.29592648
v 0.17246083 0.24038361 0.35576119
v 0.19561328 0.23848499 0.35451592
v 0.20085524 0.23923979 0.35442113
v 0.25283190 -0.09652852 -0.13950052
v 0.22032212 0.23265356 0.35846683
v 0.27813775 -0.15056625 -0.03195377
v 0.22152325 0.24477223 0.35755485
v 0.17770500 0.24338116 0.35079160
v 0.18453256 0.24331225 0.35172112
v 0.17243606 0.24432175 0.35102215
v 0.25839197 -0.09724857 -0.11555832
v 0.23148392 -0.19158798 -0.01277192
v 0.23176574 0.21965639 0.36099101
v 0.19534846 0.24666111 0.35531992
v 0.27813959 -0.36756932 -0.03272395
v 0.17194541 0.25157443 0.35270423
v 0.29390730 -0.36353663 -0.02578933
v 0.18751277 0.25876106 0.35426523
v 0.28860208 -0.39097582 -0.03585778
v 0.15201504 0.25569422 0.34979938
v 0.09291517 0.25872357 0.33691093
v 0.10453682 0.25032954 0.34024274
v 0.15479440 0.26151150 0.35168224
v 0.19759803 0.25801167 0.35461694
v 0.08226081 0.26360142 0.33735219
v 0.21633074 0.26180742 0.35587758
v 0.14609066 0.28867301 0.35209706
v 0.18713778 0.29910427 0.34949598
v 0.26507366 -0.43328838 -0.06748686
v 0.24128974 -0.41945497 -0.09052801
v 0.25584119 0.23097052 0.35953642
v 0.28473201 0.22428299 0.35122201
v -0.11433508 -0.04374384 -0.15626890
v 0.30056026 0.22752022 0.34499584
v 0.31820531 0.24263636 0.33533138
v 0.24500645 -0.41338146 -0.08480086
v 0.22945372 -0.43344649 -0.10649883
v 0.24812573 0.28392194 0.35421541
v 0.27197927 0.28406315 0.34876319
v 0.25159958 0.29380044 0.35107845
v -0.07480316 -0.03990239 -0.15446338
v 0.29712299 0.30986801 -0.06640200
v 0.36157474 0.29850728 -0.01836984
v 0.33774183 0.32230035 -0.02468394
v 0.13934045 -0.41451009 -0.22754528
v 0.33901854 0.33301665 -0.01842652
v 0.39940758 0.30387454 0.04879955
v 0.14519608 -0.12295168 0.17862817
v 0.14160045 -0.10394451 0.19982803
v 0.15722657 -0.40229403 -0.27155621
v 0.41083433 0.29668050 0.15702350
v -0.10078527 -0.38737177 -0.30892772
v 0.39424247 0.33630827 0.13143905
v 0.40655685 0.31344021 0.16484421
v 0.40709176 0.35670862 0.13950728
v 0.40541668 0.33881715 0.14736334
v 0.30036376 0.37896562 -0.03524733
v 0.31230357 0.39456405 -0.00604470
v 0.39966566 0.36785209 0.13585579
v -0.21544601 -0.38831176 -0.30010625
v 0.06567036 -0.39872085 -0.27969280
v 0.33031210 0.36160786 0.26925786
v -0.01116914 -0.14238842 0.07813736
v -0.03177341 -0.12826381 0.08183002
v -0.04853052 -0.14843550 0.07792668
v 0.26374250 0.31225272 -0.08590385
v -0.00943204 0.30525409 -0.06312059
v -0.02035364 -0.16425639 0.08051685
v -0.02850522 0.19246271 0.27111082
v -0.05290932 0.20930021 0.21683307
v -0.03112127 0.19245858 0.26310950
v -0.02403874 0.19957163 0.24829836
v -0.01803086 0.20739653 0.26168182
v -0.04688458 0.22081223 0.24669283
v -0.00498120 0.20740031 0.27966292
v -0.02115486 0.21366374 0.26053738
v 0.21089000 -0.41053295 -0.24507600
v -0.05510758 -0.18582909 0.09332789
v -0.04124540 0.24442410 0.26546397
v -0.04838611 0.25550202 0.24583363
v -0.22257670 -0.26016762 -0.29597440
v -0.03932132 0.27798413 0.24550099
v -0.00823537 0.26543338 0.28601797
v -0.24967974 -0.28585130 -0.29344085
v -0.00199930 0.27468996 0.28363215
v 0.00197667 0.26850015 0.29766167
v -0.00504979 0.28592846 0.28271836
v -0.00070743 0.29997216 0.28736843
v -0.03104971 -0.40700639 -0.24253786
v -0.02821341 0.18425470 0.27211939
v -0.01709710 0.19748613 0.28155714
v -0.00803114 0.20016487 0.28551040
v -0.23220085 -0.24338856 -0.28557960
v -0.01507671 0.20732038 0.26752809
v -0.01207252 0.21518891 0.28271500
v -0.06132930 0.22863589 0.22256055
v -0.03903327 0.23714199 0.24773034
v -0.03365909 -0.22847913 0.10174064
v -0.05199525 0.23768669 0.24183450
v -0.02534747 0.22826418 0.26380387
v -0.04358509 0.24352958 0.24870507
v -0.00306550 0.23698337 0.28728922
v 0.16098312 -0.41862828 -0.21324827
v -0.04815816 0.25633493 0.24337110
v -0.01102198 0.25004310 0.28865950
v -0.03981759 0.26836897 0.26317579
v -0.00334811 0.24689225 0.29942964
v -0.22247896 -0.20690239 -0.27210802
v -0.01983800 0.25864163 0.28097126
v -0.03689285 0.25754625 0.27173208
v -0.05439568 0.27340735 0.22675001
v -0.00638872 0.25739141 0.29901020
v 0.00800226 0.25750897 0.30902960
v -0.08428110 0.28344084 0.19994370
v 0.00677524 0.26666963 0.30232343
v -0.00660233 -0.26080044 0.10489157
v -0.03415017 0.27693124 0.25801379
v -0.08650106 -0.02654579 -0.14107850
v -0.01245927 0.27549097 0.26906680
v -0.00105218 0.27923906 0.28593586
v 0.00819292 0.30873613 0.29355153
v -0.01641737 0.18736769 0.27783576
v -0.01505065 0.19220114 0.28292075
v -0.29608575 -0.17237582 -0.20442997
v -0.00017383 0.20899144 0.28227625
v -0.19227644 -0.40987575 -0.22371579
v -0.02895265 0.27086841 0.27184028
v -0.02533500 0.27473789 0.26598805
v -0.00492728 0.30995573 0.28797145
v -0.02546374 0.20090555 0.24421892
v -0.02457126 0.26648066 0.27586198
v 0.27332342 0.45135156 0.06461060
v -0.10779699 -0.26295971 0.10165341
v -0.23543833 -0.15554509 -0.22878800
v 0.06672287 0.26882823 0.33292224
v 0.05001600 0.27268401 0.31521499
v -0.26995886 -0.41131618 -0.21421924
v -0.05144496 -0.29276539 -0.32233351
v 0.12437426 0.29365700 0.34549788
v 0.11066478 0.29693702 0.33609926
v 0.12482601 0.29918205 0.33639467
v 0.03051147 0.16834316 0.27858864
v 0.06843066 0.17313620 0.28630727
v 0.07987318 0.17433032 0.30386241
v 0.01247642 0.18618635 0.27311400
v -0.20905792 -0.14802590 -0.23693719
v 0.04489765 0.19733975 0.27810620
v 0.01794070 0.19108538 0.29006002
v 0.04886872 0.18858714 0.27737563
v 0.00228036 0.20162874 0.29041138
v 0.08420843 0.17904343 0.30709703
v 0.07814721 0.18687454 0.31566672
v -0.04914395 0.20942562 0.23936572
v -0.10829803 -0.32135420 0.11211385
v 0.05598763 0.20676368 0.30691628
v 0.06345874 0.19414311 0.30201354
v -0.02981379 0.21252891 0.25620061
v 0.02293705 0.20326538 0.28698050
v 0.02766938 0.20366153 0.28552841
v 0.03595544 0.20531793 0.30364678
v 0.03202611 0.08010899 0.24160592
v -0.05218208 0.22398156 0.22669306
v -0.02992140 -0.32677704 0.11511519
v -0.19139551 -0.12254060 -0.22607048
v 0.01119690 -0.11384099 0.09118982
v 0.10638086 0.20353380 0.32657604
v 0.03037044 0.21657049 0.30950308
v -0.01955808 0.23024958 0.27607594
v 0.12456334 0.20225634 0.33483405
v -0.22537394 -0.12886656 -0.21127498
v -0.00472567 0.22567345 0.29044449
v 0.01264486 0.22920532 0.29995200
v 0.08825618 0.22268475 0.33280824
v 0.00999386 0.23326660 0.30188979
v -0.01598185 0.22798854 0.27475011
v 0.08666811 0.21962752 0.32106687
v -0.18488657 -0.10791605 -0.21766865
v 0.07043513 0.23113117 0.32810351
v 0.05606974 0.23968349 0.32517215
v 0.05428843 0.24167971 0.32710177
v 0.03101519 0.25351545 0.31174757
v 0.04347694 0.25357260 0.32291797
v 0.05279839 0.25114105 0.32962971
v 0.07083037 0.24662489 0.33745985
v 0.15039662 0.24799170 0.35054482
v -0.04180972 0.28098693 0.24204767
v 0.04665375 0.27001288 0.31688236
v 0.04511448 0.27498324 0.31204526
v 0.00114061 0.28733397 0.29727961
v 0.07874678 0.10732193 0.27810204
v -0.02035703 0.19060726 0.22062585
v -0.20504288 -0.42815374 -0.15570322
v 0.12913917 0.15510278 0.31847732
v 0.13262907 0.16724117 0.32181118
v 0.12013486 0.16894163 0.31796676
v -0.16335384 -0.08749192 -0.20408339
v 0.15643083 0.17190280 0.32890491
v 0.09490866 0.17543622 0.31589971
v 0.11803105 0.17363103 0.32186538
v 0.12650288 0.17854914 0.32513094
v 0.10225416 0.18216128 0.32095241
v 0.16571522 0.18026196 0.33692061
v 0.29469249 0.44024626 0.05963785
v 0.04518726 0.17761247 0.27891717
v -0.02631925 0.17963586 0.26861390
v -0.02246271 -0.42234281 0.10757248
v 0.11197600 0.18879400 0.32557100
v 0.09842011 0.18711752 0.32220599
v 0.16086958 0.18997637 0.33752077
v 0.09915568 0.19065401 0.32541297
v 0.14269504 0.19496726 0.33418791
v 0.12528597 0.18784153 0.32708960
v -0.00476104 0.19118641 0.28630392
v 0.08614772 0.19960901 0.32398797
v 0.07385887 -0.41946645 0.11567187
v -0.03570236 0.19716580 0.23312651
v 0.04668906 0.20015345 0.28690186
v 0.03895400 0.20061100 0.28071699
v 0.06237171 0.20870817 0.31387212
v 0.12586947 0.20454537 0.33764011
v 0.04528759 -0.42174106 0.11652249
v 0.05651800 0.20276900 0.30165899
v 0.01683709 0.20838877 0.28373240
v 0.15805415 0.21137002 0.34668935
v -0.31454920 -0.18289734 0.03738692
v 0.06840358 0.21775276 0.31700527
v -0.36522369 -0.16898690 0.01060363
v 0.18564234 0.20859419 0.35427688
v 0.10063360 0.20552814 0.32547099
v 0.04269180 0.22247298 0.31952735
v -0.35586979 -0.18283394 0.02313998
v 0.02255357 0.21795665 0.29806183
v 0.13085395 0.21597930 0.34469818
v 0.07515528 0.22188571 0.31969962
v 0.27870468 0.30910015 0.34008513
v 0.00988631 0.22036189 0.29770239
v 0.26845655 0.44075012 -0.00125388
v 0.04748699 0.21162942 0.31561226
v 0.07463700 0.22657301 0.32453799
v 0.01584000 0.22453600 0.30031800
v 0.10452228 0.23111442 0.34453235
v 0.17369470 0.22689151 0.35405698
v 0.02664641 0.22860119 0.30638139
v 0.13249825 0.22918642 0.34605116
v 0.12476900 0.23058100 0.34535000
v 0.11683105 0.23677389 0.34330415
v 0.03834741 0.24061548 0.31320141
v 0.07286959 0.23987814 0.33567494
v -0.02750878 0.24401655 0.28050344
v 0.01375812 0.24547916 0.31305484
v 0.13003702 0.24637634 0.34498239
v 0.14192410 0.23679277 0.34755033
v 0.16837283 0.25472671 0.35317512
v 0.15321819 0.25289901 0.34745430
v -0.27877474 -0.22890595 0.03934067
v -0.28257747 -0.40109863 -0.25049553
v 0.11440354 0.25927939 0.34647893
v 0.02291889 0.25211509 0.31440293
v 0.09429329 0.26164783 0.33586158
v -0.14476510 -0.03640315 -0.13116049
v 0.03096349 0.26736415 0.30321254
v 0.08008275 0.26917163 0.32764893
v 0.09079429 0.26862374 0.33992092
v 0.06968465 0.28326702 0.32351172
v 0.14798963 0.26056399 0.35116902
v 0.10660701 0.27083151 0.34730369
v 0.13964235 0.27475959 0.35117468
v 0.07164722 0.27310332 0.32106386
v 0.02899037 0.27552246 0.29601807
v 0.08659120 0.11081702 0.28525807
v 0.01445270 0.27525164 0.29568639
v -0.05399966 0.29050040 0.24666739
v 0.01656781 0.28681363 0.30608637
v 0.10620513 0.27337558 0.34750297
v 0.08326880 -0.45961253 0.10562255
v 0.02161507 0.28654534 0.30666107
v 0.02993221 0.29724912 0.31126494
v 0.12516681 0.29188449 0.34866886
v 0.01696993 0.29902533 0.31016870
v 0.10890730 0.29912448 0.33393167
v 0.10852735 0.31758901 0.33669582
v 0.01967139 0.26649267 0.30922776
v 0.04773107 -0.07311017 0.18385697
v 0.02340946 0.18882456 0.29007435
v 0.00621278 0.21044125 0.28420380
v 0.12661742 0.25237222 0.34145325
v 0.32147688 0.41517094 0.04425016
v 0.05884843 0.27819183 0.31829068
v -0.00681952 0.28502976 0.28078983
v 0.41316532 0.22363537 0.21866844
v 0.42641813 0.23847082 0.12451950
v 0.40407432 0.23736954 0.22965872
v 0.42072107 0.26658917 0.14881263
v -0.02314631 -0.48542087 0.09317879
v 0.41993990 0.26772836 0.12653279
v 0.41736211 0.27077301 0.17222514
v 0.41512871 0.27583421 0.17038232
v 0.41477613 0.28778205 0.14874698
v 0.41222465 0.27995586 0.17885405
v 0.02431027 -0.49117771 0.09803250
v 0.41233738 0.28429501 0.17290318
v 0.39861065 0.30511097 0.17974701
v 0.40429070 0.28085000 0.20002203
v 0.40797938 0.30518529 0.13583626
v 0.40576685 0.29630287 0.17104399
v 0.40546018 0.31218315 0.17374742
v 0.39991218 0.28517218 0.20644439
v -0.13993927 -0.03038598 -0.11981466
v 0.40211783 0.29063038 0.20418780
v 0.39912756 0.32517367 0.09205624
v -0.09951400 -0.49298262 0.09250958
v -0.11785752 -0.28355234 -0.32202386
v 0.00355743 -0.49316058 0.09482515
v -0.13770483 -0.48409435 0.09209663
v 0.39963282 0.30799294 0.18092670
v 0.40169131 0.30871066 0.18807476
v 0.39493545 0.32068413 0.15680267
v -0.15733367 -0.36292455 -0.34400752
v -0.31514513 -0.37516317 -0.02405870
v -0.32216198 -0.36445319 -0.01744697
v 0.39615533 0.32572931 0.15826955
v 0.39779543 0.32740733 0.16257003
v 0.39738946 0.33317323 0.16922477
v 0.40213611 0.33397678 0.15783497
v 0.39995528 0.33001111 0.17763289
v 0.40333663 0.33971397 0.15537741
v 0.40853239 0.35910457 0.15311861
v -0.15790993 -0.34853276 -0.33829946
v 0.39236834 0.34688202 0.15992108
v 0.39007438 0.35070600 0.16035320
v 0.37733154 0.35482963 0.16825457
v 0.40157263 0.36256816 0.16462868
v -0.06390476 -0.11310008 0.07577435
v 0.39069731 0.37713561 0.17091831
v 0.40314405 0.37411856 0.15198517
v 0.35600048 0.37968802 0.12264400
v 0.34857380 0.35705048 0.21418184
v 0.35942467 0.37112494 0.19694800
v -0.08434270 -0.13081514 0.06911339
v 0.35745238 0.37142752 0.18986062
v 0.34408793 0.34660184 0.27899829
v 0.34483536 0.35548769 0.26396153
v 0.33827969 0.35522266 0.27509536
v -0.14964786 -0.31403044 -0.32797874
v 0.33168141 0.35371090 0.29037392
v 0.33489697 0.36827808 0.25942553
v 0.33858604 0.37229329 0.25300373
v 0.34420076 0.36909461 0.24673780
v 0.14472045 0.08637427 -0.05749529
v 0.28594424 0.07575975 -0.00481854
v 0.24232134 0.07573626 -0.02866655
v 0.14672798 0.09077698 -0.05999203
v -0.12605968 -0.19147575 0.08568355
v 0.10784340 0.11164671 -0.07731508
v 0.27314680 0.41486358 -0.03220006
v 0.24379960 0.08694717 -0.03014653
v 0.13765122 0.10659340 -0.06582081
v 0.15389403 0.09414147 -0.09409658
v 0.26480821 0.07798410 -0.02271679
v 0.27254921 0.09424716 -0.02988123
v 0.21423695 0.09283765 -0.05211571
v 0.16050378 0.08368859 -0.08700048
v -0.38209539 -0.39446097 -0.23211249
v 0.21025809 0.12017354 -0.05946342
v 0.20301294 0.08430200 -0.04615682
v 0.21854799 0.10213870 -0.05742430
v -0.32535679 -0.41320045 -0.20223678
v 0.19349501 0.11688300 -0.05492800
v 0.01358391 0.17426402 -0.08499046
v -0.12755119 -0.12461756 0.05530388
v 0.05149284 0.15669121 -0.09702701
v 0.16582635 0.10373490 -0.09859698
v 0.05692527 0.16768379 -0.09729234
v 0.08392054 0.16678016 -0.10123896
v 0.05829135 0.14982614 0.27274662
v 0.20534905 0.13092227 -0.06963358
v 0.25732770 0.13573050 -0.04144443
v 0.10031643 0.16292246 -0.09596677
v 0.16809433 0.12207406 -0.11238912
v 0.04134345 0.18030716 -0.11449959
v 0.28122852 0.13406584 -0.03179947
v 0.07595986 0.17220062 -0.10705050
v 0.24834440 0.14976999 -0.05272102
v 0.30287069 0.40667105 -0.00472951
v 0.07086865 0.16322950 0.28461203
v 0.30582209 0.12731597 -0.00697439
v -0.18744987 -0.30856892 0.09127293
v 0.17570357 0.13230369 -0.11679469
v 0.11632345 0.17005170 -0.09699647
v 0.15461291 0.16142156 -0.08441836
v 0.05487431 0.17570634 -0.11770254
v -0.28621023 -0.34559652 -0.27375971
v 0.21449942 0.15072282 -0.07619826
v 0.04417122 0.18940378 -0.12166023
v 0.26043156 0.15110536 -0.05328499
v 0.09783010 0.16957892 -0.11117385
v 0.38276521 0.33879743 0.17719469
v 0.22932644 0.14578284 -0.07993358
v 0.29051454 0.14938532 -0.03844830
v 0.35191181 0.13743491 0.01934106
v 0.09126523 0.17234232 -0.11751712
v 0.06543957 0.18358370 -0.12600200
v 0.32094144 0.13950597 -0.00878528
v 0.02275599 0.20662923 -0.11395672
v 0.08121239 0.18098764 -0.12054496
v -0.01435635 0.29154663 -0.07519394
v -0.17768004 -0.20836919 0.06745917
v 0.27548147 0.15032845 -0.04467565
v -0.31020227 -0.36024173 -0.22848865
v 0.04760816 -0.28524912 -0.31645065
v 0.26064895 0.16980166 -0.06647900
v 0.08870942 0.19697888 -0.12390732
v 0.11813232 0.17353859 -0.10900317
v 0.04446853 0.20689018 -0.12289244
v 0.24734621 0.17113358 -0.06799812
v 0.06582309 0.20419699 -0.12603858
v 0.31804855 0.16477390 -0.03898738
v -0.15228282 -0.22369957 0.08032688
v 0.11441076 0.18151622 -0.12271264
v 0.13405141 0.19894420 -0.11893664
v -0.40591462 -0.38549227 -0.21436656
v 0.09918441 0.18726219 -0.12681819
v 0.26105079 0.17180099 -0.06954484
v 0.19812181 0.15830519 -0.11637158
v -0.14115307 -0.26109338 0.09360198
v 0.16679886 0.17121459 -0.10351006
v -0.40150917 -0.34406593 -0.20820305
v 0.16578622 0.18043451 -0.11398802
v 0.07715321 0.20884281 -0.12670569
v -0.25464050 -0.39990578 -0.25601772
v -0.21511292 -0.24826964 0.06363815
v 0.18163890 0.17766850 -0.11531885
v -0.01390243 0.26258603 -0.09037729
v 0.24302428 0.17484098 -0.08263234
v 0.14748785 0.19188193 -0.12587948
v 0.14330784 0.17930966 -0.12191912
v -0.18429114 -0.44767234 0.08756230
v -0.38556032 -0.36954899 -0.22665324
v -0.17986199 -0.48394901 0.07688400
v 0.30378687 0.18355083 -0.05736919
v 0.12084849 0.20601566 -0.12464069
v 0.24049815 0.18302766 -0.09221924
v 0.31655487 -0.34647860 -0.23446333
v 0.28329500 0.18556214 -0.07253252
v 0.09176802 0.21454589 -0.13789758
v -0.13585531 -0.01161720 -0.02238213
v 0.14398323 0.20285778 -0.12197613
v -0.13863957 -0.03747335 0.01606597
v 0.12895724 0.20997395 -0.13145222
v 0.24299894 0.18608136 -0.09407093
v 0.00255391 0.28228353 -0.10702701
v 0.17409348 0.20176802 -0.11860502
v 0.22753128 0.17761164 -0.10049132
v 0.32700164 0.19409447 -0.05185773
v 0.22494417 0.19103320 -0.10831416
v 0.16208992 0.20565598 -0.11955628
v 0.15569690 0.20988160 -0.12378633
v 0.26574870 0.18049209 -0.08785269
v 0.09066876 0.24561879 -0.13203332
v -0.29047364 -0.40458545 -0.23732716
v 0.07802317 0.23778607 -0.13301054
v 0.25144335 0.19413400 -0.09458121
v -0.28021490 -0.26547171 0.03878576
v 0.18462607 0.22003463 -0.12738339
v 0.03098230 0.27534591 -0.12287249
v -0.37526698 -0.31710989 -0.21848595
v -0.03962332 0.22105145 -0.06704753
v -0.32832622 -0.24285606 0.02662439
v 0.28648359 0.19846849 -0.08404726
v 0.10259069 0.24383820 -0.13677989
v 0.25012633 0.20847101 -0.10380287
v 0.10495449 0.25521013 -0.14193236
v 0.16231278 0.24265568 -0.12715443
v 0.06104717 0.27505175 -0.13292230
v -0.37404176 -0.24688901 0.00194597
v 0.12632193 0.24614718 -0.13351524
v 0.14606722 0.24323852 -0.13772119
v 0.06405573 0.28319759 -0.13435184
v 0.33169089 0.23097505 -0.04784246
v -0.25288413 -0.30577625 0.06254518
v -0.11924605 -0.30811735 -0.33467439
v -0.01370135 0.27820894 -0.09829044
v -0.39524069 -0.30315925 -0.20499913
v 0.11292770 0.26741133 -0.13448108
v 0.33111714 0.37595553 0.00455671
v 0.16128152 0.24821409 -0.13283330
v 0.19421422 0.24204813 -0.11795527
v -0.29075986 -0.28672874 0.03668077
v 0.11490067 0.27331605 -0.13691360
v -0.14261090 -0.39994214 -0.26130716
v 0.15932095 0.25917909 -0.13665443
v -0.18833447 -0.04504824 -0.05570341
v -0.36130217 -0.28255081 -0.00029815
v 0.33960265 0.24175910 -0.05421355
v 0.29535845 0.23468991 -0.07811908
v 0.08274112 0.27034579 -0.13494252
v -0.04031999 -0.30730736 -0.32820373
v 0.29440305 0.24815445 -0.09172898
v 0.09963471 0.27783131 -0.13285688
v 0.20633496 0.24519146 -0.12676374
v 0.21441242 0.24132064 -0.11879798
v -0.26659825 -0.34302059 0.05367977
v 0.16367750 0.27650228 -0.13331090
v 0.20816829 0.25615928 -0.13253489
v 0.24071404 0.25081869 -0.12301056
v 0.31501180 0.24510162 -0.08066937
v -0.19571780 -0.05061905 -0.10645656
v 0.25108870 0.23959720 -0.09997985
v 0.12023995 0.27781257 -0.13962913
v 0.21568867 0.26723218 -0.12511942
v 0.15269582 0.27115989 -0.13506688
v 0.22122907 0.27720192 -0.12589206
v 0.24742289 0.25920563 -0.12097551
v -0.31706810 -0.32600632 0.01169947
v 0.34605821 0.37528109 0.03397028
v -0.28444894 -0.32695349 0.03879693
v 0.29334103 -0.30418190 -0.23422343
v 0.16756814 0.28820690 -0.13866843
v 0.21271394 0.28001639 -0.13189658
v 0.12468330 0.33090055 -0.11643622
v 0.15353518 0.32957223 -0.11634084
v 0.14581268 0.23111402 -0.12558016
v 0.14054184 0.23553149 -0.12613453
v -0.18702132 0.25050812 -0.04667168
v 0.18488637 0.27824811 -0.13464324
v 0.24638324 0.27309292 -0.11727411
v 0.19600568 0.28957983 -0.13505126
v -0.31222106 -0.10099440 -0.07741669
v -0.21482590 -0.07190635 -0.15158151
v 0.19231202 0.35241510 -0.10343983
v -0.07634469 0.08298606 -0.01858559
v -0.08165967 0.08371250 -0.01179757
v -0.07930908 0.10908910 -0.01273531
v -0.05985513 0.09583007 -0.03116692
v -0.03352532 0.08126313 -0.06451005
v -0.21547794 -0.08056234 -0.16928140
v -0.18839909 -0.15604180 0.05322178
v -0.01344974 0.08134026 -0.08616413
v 0.11055545 -0.40053872 -0.27651801
v -0.01888065 0.09979980 -0.06413440
v -0.03240984 0.10569381 -0.05326105
v -0.04223416 0.11529281 -0.03962485
v -0.04279355 0.12006434 -0.04556798
v -0.03248575 0.11103492 -0.06062187
v -0.33657782 -0.11672712 -0.08773020
v -0.04383423 0.12809695 -0.04652186
v -0.03400368 0.11917614 -0.05821885
v -0.00663888 0.10775554 -0.07241612
v -0.01036221 0.10175706 -0.07753488
v -0.30989155 -0.30533627 -0.24795398
v -0.25259068 -0.09570178 -0.16188369
v 0.26980307 -0.35741573 -0.22570460
v -0.03404986 0.13722132 -0.05377541
v -0.02053409 0.11896403 -0.07277511
v -0.31373803 -0.11872725 -0.13110503
v -0.00389200 0.10364400 -0.08157900
v -0.24061303 -0.35437335 0.07075496
v -0.01514066 0.10469112 -0.06623170
v -0.34875727 -0.13276548 -0.10040237
v 0.00343704 0.11176436 -0.07705155
v -0.01285516 0.13815208 -0.06455609
v -0.01523363 0.12755615 -0.07287610
v 0.12017220 0.02502512 0.29433393
v -0.30653101 -0.28613436 -0.24827848
v -0.01877033 0.14057047 -0.05599826
v -0.03677817 0.16540635 -0.04278400
v -0.00817306 0.14496752 -0.06486475
v 0.00458190 0.14466516 -0.07341526
v -0.02203351 0.17890071 -0.06049178
v -0.01374817 0.15318959 -0.06616310
v 0.00797940 0.15694963 -0.07836646
v 0.01876805 0.15468539 -0.08421624
v -0.00101417 0.16533710 -0.07450636
v -0.04117130 -0.39092823 -0.29996971
v -0.00399309 0.17502227 -0.07848835
v 0.03010846 0.16273419 -0.09040467
v 0.02439231 0.17632321 -0.10777955
v -0.18482220 -0.42977539 0.09195223
v 0.00890383 0.18512822 -0.10263204
v -0.01153747 0.19200159 -0.08980534
v -0.21236990 -0.42797596 0.07492275
v 0.02330828 0.18281494 -0.11394025
v 0.39530127 0.32275453 0.05200119
v 0.03120092 0.19090832 -0.12170321
v -0.19741642 -0.44571050 0.08181133
v 0.00799727 0.20751843 -0.10249946
v 0.02209240 0.19999831 -0.11189686
v 0.00790757 0.20843089 -0.10370088
v 0.38618344 0.31872769 0.03176026
v 0.01164481 0.22113852 -0.11462132
v 0.00386489 0.23171043 -0.10089936
v -0.01243833 0.25010156 -0.08779961
v 0.09635995 -0.10938542 0.04333180
v 0.04526145 0.21408022 -0.12906414
v 0.37673486 0.25351166 0.27196941
v -0.03741902 0.30516438 -0.02743287
v -0.00602762 0.24656372 -0.10313900
v -0.34275499 -0.15533703 -0.14468214
v 0.03413120 0.23274711 -0.11519140
v 0.00310618 0.24932358 -0.11092803
v 0.00105741 0.26979747 -0.10404183
v 0.14583103 0.20342646 -0.12120914
v 0.02530056 0.24645972 -0.12295146
v 0.02138662 0.24338033 -0.11480647
v -0.37180982 -0.19748763 -0.15898527
v 0.03792232 0.24508442 -0.13058856
v -0.02405688 0.38718642 -0.00509070
v 0.06909193 -0.32433192 -0.33165029
v 0.02196955 0.25760467 -0.12402280
v -0.03197054 0.36178660 -0.00952051
v 0.01874568 0.26982057 -0.11993593
v -0.03031861 0.35480039 -0.02496060
v 0.06335886 0.24984887 -0.13680538
v 0.04225177 0.27191871 -0.13021719
v 0.07051216 0.25410301 -0.13992099
v 0.06694331 -0.01649885 -0.13730877
v 0.06975948 0.26780107 -0.13366605
v 0.08488816 0.25641642 -0.13495185
v 0.07518670 0.26985071 -0.13300627
v -0.05887316 0.33850906 0.02434188
v -0.03826661 0.36437041 -0.00350510
v -0.01695433 -0.00753278 -0.13501886
v 0.00859539 0.27799991 -0.11746154
v -0.00221705 0.36434039 -0.05019621
v 0.00921266 0.30802976 -0.08403325
v 0.00713038 0.32170026 -0.07442567
v -0.01554264 0.37193606 -0.03417735
v 0.05301005 0.28852482 -0.13419423
v -0.01305778 0.37246903 -0.03710811
v 0.05749506 -0.39166332 -0.30184554
v -0.00058994 0.35843343 -0.05430399
v -0.00306579 0.33299256 -0.05654124
v 0.03651750 -0.14864738 0.06629447
v 0.01856851 0.33852852 -0.07854399
v 0.04760900 -0.16454899 0.06791500
v -0.00383600 0.37362000 -0.04635700
v 0.01206112 0.36564877 -0.06507788
v 0.07223808 0.30583624 -0.11432767
v 0.02262214 0.36003869 -0.07622619
v 0.02009631 0.35148457 -0.07880716
v 0.00881747 -0.16890206 0.07312317
v 0.06045349 0.33533719 -0.10387827
v 0.02294900 0.08027600 -0.08886000
v 0.12277765 0.18978600 -0.12232644
v 0.00068971 -0.20340803 0.09160673
v 0.11155718 0.21918557 -0.13094964
v 0.04665074 0.23274561 -0.12605967
v 0.08038122 0.07062454 -0.07859426
v -0.00213183 0.06985956 -0.09492535
v 0.00575943 0.09665876 -0.08770848
v 0.02648990 0.07410323 -0.09052425
v 0.02159287 0.09030202 -0.08645683
v -0.01093300 0.08806800 -0.08442400
v 0.03944756 0.09543085 -0.08773603
v 0.02896350 0.09830247 -0.08965298
v -0.37863499 -0.27416662 -0.20433399
v 0.37365880 0.29480582 -0.00268830
v 0.09321938 -0.06261713 -0.19200929
v -0.03237565 0.12724693 -0.05087966
v 0.04122636 0.13545200 -0.08989647
v 0.02522974 0.13209891 -0.08582537
v 0.04068167 0.14556187 -0.09159261
v 0.40735500 0.29258847 0.06953300
v -0.03682436 0.15422683 -0.03960806
v -0.12139992 -0.05986429 -0.17584247
v 0.10240897 0.19646003 -0.12717736
v 0.06868670 0.20346018 -0.12610017
v -0.14762067 -0.08694010 -0.20484592
v -0.11980514 -0.38098569 -0.33050496
v -0.10922362 -0.09311581 -0.20628153
v 0.06411920 0.22068091 -0.13275759
v 0.09641939 -0.09100934 -0.22443670
v 0.41507145 0.25410998 0.07508340
v 0.14344944 0.22338523 -0.13304810
v 0.03144551 0.21785476 -0.11655344
v -0.10683218 -0.10826751 -0.21651798
v 0.08430292 -0.10377732 -0.23760091
v 0.02818001 0.23215876 -0.10784737
v -0.29216607 -0.24557753 -0.24623451
v 0.06594874 0.23360557 -0.12408791
v 0.12259477 0.24967344 -0.13580509
v 0.13658360 0.25389114 -0.14007185
v 0.16590274 0.25306809 -0.13774993
v 0.12451079 0.25569923 -0.13765400
v -0.38468533 -0.25859572 -0.19312512
v -0.01653981 0.06036812 -0.08632993
v -0.04658600 0.06569500 -0.06727200
v 0.14523165 -0.13914169 -0.24439188
v 0.01006464 0.07846260 -0.09700246
v -0.03919466 -0.14627123 -0.23233420
v 0.08841345 -0.29951470 0.09744150
v -0.00448822 0.08964667 -0.08452599
v 0.01340988 0.09756722 -0.08663263
v 0.01682305 0.10184224 -0.08871453
v 0.11594441 -0.30932324 0.09113220
v 0.01788499 0.12673900 -0.08365037
v 0.02280205 0.12566594 -0.08523116
v -0.38929303 -0.22799029 -0.16775276
v 0.01207676 0.11358248 -0.07886901
v 0.02440739 0.17256723 -0.09255240
v 0.09090366 0.19731340 -0.12337666
v 0.00457336 0.19354083 -0.10563136
v 0.09029453 0.22422860 -0.13598403
v 0.05452374 0.24620781 -0.13074543
v 0.32662049 0.29041695 -0.06989864
v -0.02742635 0.19357289 -0.07479235
v -0.00910255 0.20496376 -0.09265805
v -0.00468398 0.22019583 -0.09808265
v 0.36409104 0.06939365 0.09165570
v 0.36913101 0.07456639 0.09643803
v 0.33176014 0.06230038 0.06401889
v 0.39332912 0.12585151 0.10632404
v 0.36541426 0.12197757 0.06744472
v 0.12681517 -0.44041706 0.09977261
v 0.39625633 0.13757671 0.09454628
v 0.38809947 0.14286871 0.07321843
v 0.32837018 0.11595225 0.02510674
v 0.39009406 0.14516925 0.07314257
v 0.36572581 0.13284938 0.05331304
v 0.42379132 0.24371270 0.10359134
v 0.41512285 0.17749743 0.08762779
v 0.33243418 0.13214333 0.00960342
v 0.40221642 0.16117839 0.07382142
v 0.18599927 0.12002173 -0.08031349
v 0.05704198 -0.40849645 -0.24365238
v -0.21196786 -0.30229273 -0.31374424
v 0.08016882 -0.49561575 0.09543745
v 0.20422631 0.13110472 -0.07109233
v 0.37904040 0.13883597 0.06607448
v 0.21880336 0.12719246 -0.05837355
v 0.22506518 0.13713241 -0.06927890
v 0.34376175 0.13156443 0.02080332
v -0.08765842 -0.31916227 -0.34326440
v 0.36485801 0.14626777 0.02542128
v 0.33317927 -0.16389766 -0.13475762
v 0.18062011 0.10773838 -0.09933852
v 0.35827066 0.14507533 0.01678347
v 0.21186157 0.15260623 -0.07774537
v 0.23795578 0.14901732 -0.05989510
v 0.33320732 0.14900166 -0.00686656
v 0.37584821 0.16508123 0.02403705
v 0.20121739 0.13367984 -0.09852093
v 0.21780857 0.15985511 -0.09574845
v 0.23622132 0.15809400 -0.08377291
v 0.22325109 -0.43071980 -0.02522528
v 0.20697253 0.16133382 -0.10688312
v 0.36465433 0.28212097 -0.01627702
v 0.20895074 0.16332603 -0.11603668
v 0.37891477 0.21842685 0.01851229
v 0.31360917 0.19880988 -0.05881314
v 0.35572788 0.08569690 0.07111600
v 0.34665655 0.07807201 0.06573627
v 0.15161067 -0.05837281 -0.10232015
v 0.31727799 0.05861446 0.04338267
v 0.11641944 -0.07132015 -0.04528221
v 0.32972810 0.07424240 0.05173167
v 0.12305254 -0.07147764 -0.01907259
v 0.11645023 -0.09870709 -0.02752612
v 0.37060871 0.19106518 0.00727474
v 0.34271271 0.19702932 -0.04414092
v 0.35349512 -0.20169088 -0.14549024
v 0.35460578 0.17665402 -0.01543735
v 0.38173804 0.18339747 0.02178003
v 0.35606852 0.21440910 -0.01750908
v 0.11640178 -0.10067887 -0.02374407
v 0.11727347 -0.10758420 -0.02386970
v 0.35199346 0.22088063 -0.01969486
v 0.37728199 0.21075685 0.01730287
v 0.18258452 -0.07024109 -0.10935887
v 0.10636929 -0.12445046 -0.00093975
v -0.15990481 0.29952710 -0.02309782
v 0.26765884 0.05120149 -0.00381154
v 0.09771961 -0.13951951 0.01645497
v 0.22569343 -0.08890244 -0.10001841
v 0.29195201 0.06024190 0.01167793
v -0.30121055 -0.19523305 -0.21443310
v 0.18116709 0.09831276 -0.07272907
v -0.38476416 -0.21208946 -0.15795833
v 0.30449141 0.05975997 0.02766970
v 0.19750388 0.09160972 -0.05030404
v 0.28149989 -0.12137668 -0.06726089
v 0.27119500 -0.11260247 -0.07322370
v -0.08942301 0.28039995 0.02739201
v 0.19399837 0.09362401 -0.06182930
v -0.11641597 -0.34224348 -0.34914512
v 0.33516579 0.10962454 0.04214573
v 0.19606185 0.12438924 -0.09714305
v 0.27863381 0.09213823 -0.02319755
v 0.30427434 -0.12676081 -0.08912388
v 0.30607720 -0.13583097 -0.06678919
v 0.03522594 0.33916305 0.31473641
v 0.14419936 -0.30470753 -0.32161028
v 0.31967991 -0.15414986 -0.05840193
v 0.18698443 0.14540803 -0.11056461
v 0.30702427 0.11124294 0.00399340
v 0.20699647 0.13952404 -0.07614328
v 0.31887238 0.11081203 0.01935128
v 0.42085943 0.23591941 0.09141927
v 0.28758943 0.12816340 -0.02483316
v 0.31029934 0.12188663 0.00169172
v 0.32937399 -0.16276801 -0.06730400
v -0.32819337 -0.16671361 -0.17491698
v 0.20998619 0.15120161 -0.09818778
v 0.33240928 -0.15598058 -0.11124538
v 0.21194108 0.12965855 -0.06673149
v 0.29211566 0.13379234 -0.02129491
v 0.15126720 -0.05379946 -0.11967202
v 0.28658218 0.13959331 -0.02989986
v 0.19928925 0.15702451 -0.10771686
v 0.32171830 -0.14252036 -0.09152747
v 0.20011769 0.17059022 -0.12250765
v 0.09410351 -0.04033023 -0.15523107
v 0.32404139 -0.16691642 -0.05090512
v 0.22450225 0.16219576 -0.10252791
v 0.34385969 -0.17638097 -0.08489543
v 0.24041728 0.16347385 -0.06520573
v 0.23446727 0.17453905 -0.09027947
v 0.30777228 0.16098809 -0.04286890
v 0.28585968 0.17469320 -0.06553470
v 0.30045995 0.17053836 -0.05206201
v 0.16897406 -0.07730338 -0.17913519
v 0.31346524 0.17700792 -0.04654680
v 0.39505938 0.26161607 0.03142820
v 0.34962992 -0.20644202 -0.07059364
v 0.26761130 0.19309276 -0.09260407
v 0.29730368 0.19818519 -0.07634523
v -0.38103172 -0.22017735 -0.17251736
v 0.35486560 -0.19113820 -0.11848331
v 0.24161944 0.19755697 -0.10271838
v 0.33928803 -0.16684464 -0.12565401
v 0.30414366 0.19067096 -0.05531095
v 0.30658239 0.20984312 -0.07597700
v 0.27052306 0.21309904 -0.09141174
v 0.22258641 0.21899781 -0.11786452
v 0.25450845 0.22063813 -0.10787867
v 0.35840804 -0.20678480 -0.09488951
v 0.24834731 0.22641006 -0.11173008
v 0.23010152 0.22681631 -0.11136823
v 0.36974126 -0.23565540 -0.11927064
v 0.30703659 0.22940752 -0.06857341
v 0.29765999 0.22745200 -0.07578400
v 0.28448509 0.23886403 -0.08412949
v -0.31368444 -0.16421895 -0.18460157
v 0.19163954 0.11007251 -0.04883416
v 0.17796160 0.10581273 -0.05948081
v 0.36813999 -0.25280784 -0.08545351
v 0.36361383 -0.25457609 -0.07275777
v 0.36818136 -0.24298445 -0.09874244
v 0.31828509 0.17158252 -0.03989051
v 0.32823803 0.17871693 -0.03040441
v 0.33694125 0.16515106 -0.01885369
v 0.32511450 0.19919336 -0.05600359
v -0.16926526 -0.33518097 -0.33063456
v 0.33007916 0.21293101 -0.05632883
v 0.06355484 0.35155454 0.30137803
v 0.31933776 0.21272780 -0.06250468
v 0.33550103 0.22495126 -0.04659942
v -0.31686151 -0.14074782 -0.15631714
v 0.32317221 0.22882482 -0.05520945
v 0.32123801 0.23037800 -0.05731300
v 0.32778173 0.23370058 -0.05559813
v 0.34365787 0.22512269 -0.03336244
v 0.32338101 0.23765500 -0.06302800
v 0.19590776 0.15971318 -0.12218805
v 0.21343543 0.20046525 -0.11007862
v 0.22289705 0.20255554 -0.11069167
v -0.27497092 -0.12673625 -0.17695649
v 0.20032786 0.20760292 -0.11405307
v 0.23409509 0.21266531 -0.10423688
v 0.20757738 0.21939971 -0.12241778
v 0.21193167 0.07810848 -0.04056884
v 0.26076429 0.08896812 -0.02639851
v 0.37029200 -0.28247416 -0.07616680
v 0.21598319 0.10381126 -0.05998673
v 0.37953221 -0.29926502 -0.08966686
v 0.26913534 0.09925750 -0.03216055
v 0.26175892 0.14963043 -0.04952545
v 0.37751856 -0.30947264 -0.08276295
v 0.27298998 -0.35812496 -0.01120840
v 0.25258889 0.20264731 -0.09673165
v 0.28747693 0.20955122 -0.08752777
v 0.29455327 -0.38413129 -0.23622247
v 0.27357786 -0.37002966 -0.03343212
v 0.26354462 -0.37408486 -0.00850290
v -0.27525367 -0.11961043 -0.16979735
v 0.17473837 0.10893227 -0.07068535
v 0.18752053 0.10296552 -0.05392979
v 0.17791380 0.10435185 -0.06693444
v 0.17630403 0.12868528 -0.11016303
v 0.18871491 0.12506940 -0.10873758
v 0.20890020 0.16144117 -0.10262717
v 0.20675414 0.19620032 -0.11271932
v 0.21541006 -0.44284345 -0.01015593
v 0.28438417 -0.18023983 -0.20077387
v 0.21074548 -0.44400470 0.00534164
v 0.32927367 -0.38113724 -0.23597534
v 0.17942767 0.11636749 -0.06540690
v 0.17378639 0.17269021 -0.11000728
v -0.29238407 -0.09685922 -0.12168794
v -0.16271210 -0.40637608 -0.23732067
v 0.19802510 -0.48051029 0.01122832
v 0.17171005 0.23637295 -0.12759743
v 0.19173274 0.22542064 -0.12069425
v 0.31394694 -0.18087581 -0.18164298
v 0.38529671 -0.44000966 -0.11498718
v 0.19979509 0.23999990 -0.11645115
v 0.42797041 0.21632415 0.10816480
v 0.28308668 0.12898185 -0.03007116
v 0.15240729 0.09701786 -0.09685000
v 0.38942229 -0.42974453 -0.17025995
v 0.41281950 0.22572008 0.07770534
v 0.25693529 -0.39146134 -0.03790464
v 0.16477864 0.13203125 -0.11901125
v 0.25373899 -0.39436760 -0.05691553
v 0.25193032 -0.39733333 -0.06394792
v 0.15966322 0.13418609 -0.11517018
v 0.15497793 0.13320321 -0.10928814
v 0.24867253 -0.40052285 -0.06867066
v 0.23718721 -0.41821095 -0.08809827
v 0.15485410 0.15883256 -0.08776525
v 0.16168972 0.16686411 -0.09352390
v 0.15131040 0.07364522 -0.05380422
v 0.15110042 0.08659335 -0.08434237
v 0.21840740 -0.45046957 -0.06949358
v 0.14532821 0.09999955 -0.06605230
v 0.14716459 0.10719376 -0.09371231
v 0.21994672 -0.44840819 -0.09847156
v 0.22024021 -0.44918427 -0.07610412
v 0.14892753 0.11888599 -0.10052384
v 0.11067731 -0.11933579 -0.01062516
v -0.32212661 -0.34853281 -0.22191160
v -0.34434305 -0.36450139 -0.23086239
v 0.10485611 -0.13222459 0.00217294
v 0.17631696 0.17079341 -0.11296871
v -0.09513442 0.05190160 -0.00095748
v -0.07976933 0.11105854 0.08245435
v -0.08622877 0.06216909 -0.01794683
v -0.07782952 0.10882868 0.05886749
v -0.10466077 0.15747054 0.04021802
v -0.09215774 0.08843604 0.02516894
v -0.08740363 0.08328722 0.00183742
v 0.16699196 -0.09528344 -0.06986483
v 0.19603479 -0.08094794 -0.09903176
v -0.08053898 0.11583531 0.06797230
v -0.06644100 0.19532844 0.17586816
v -0.04789250 0.19172599 0.18816354
v -0.07084040 0.15610895 0.12123206
v -0.07398563 0.11226788 0.04415590
v 0.12194564 -0.22803470 0.05768298
v -0.35031225 -0.29498329 -0.21604081
v -0.08504067 0.13811560 0.07598302
v -0.06999980 0.13557401 0.10805981
v 0.38432719 0.23028179 0.01401159
v -0.08261370 0.19179910 0.12725189
v -0.08367556 0.13203071 0.07094427
v -0.08696067 0.09830464 0.01904683
v 0.23773064 -0.09981829 -0.08089892
v -0.33006828 -0.28880468 -0.21181546
v 0.12939465 -0.12119285 -0.02255605
v -0.07575583 0.18884569 0.13199525
v 0.07925727 -0.14498122 0.04536889
v 0.43211894 0.20370411 0.12523503
v -0.06956656 0.30404441 0.21286248
v -0.10496117 0.28500208 0.12475866
v -0.07937999 0.31754211 0.18875594
v -0.09249200 0.31481001 0.15242299
v -0.43019956 -0.41269079 -0.13803315
v -0.09162135 0.32255045 0.09310811
v -0.10154272 0.31972595 0.11351950
v -0.09636099 0.31489009 0.09783905
v -0.42850097 -0.40252880 -0.11436422
v -0.07406251 0.32647736 0.07642272
v -0.42645572 -0.40330814 -0.17787659
v -0.06983374 0.35179396 0.08789433
v -0.07330885 0.33195431 0.07976896
v -0.07088840 0.33597349 0.06750314
v -0.06723138 0.34034663 0.06253725
v -0.06066006 0.34462345 0.04754236
v -0.05076450 0.37244911 0.05559263
v 0.14359446 -0.13398974 -0.01734984
v -0.05238290 0.36072454 0.02427617
v -0.09217469 0.23696700 0.16494325
v -0.09451800 0.21223100 0.14391500
v -0.09327527 0.23733109 0.17157893
v -0.42774001 -0.38413712 -0.10780384
v 0.07341888 0.40012756 0.28372866
v -0.09716356 0.24940769 0.17953359
v -0.10176705 0.22729415 0.11662886
v 0.09387666 -0.33259944 -0.33310473
v 0.32508991 -0.26304850 -0.03400225
v 0.10986209 -0.14693193 0.01829857
v 0.27575248 -0.28942892 -0.00283414
v -0.09498623 0.27062802 0.15481729
v -0.09975627 0.26645150 0.12773757
v -0.09803536 0.26387324 0.11951036
v 0.09295023 -0.17692074 0.06069390
v -0.10718420 0.27774574 0.10453291
v 0.29500480 -0.26900071 -0.01783109
v -0.09753484 0.26625270 0.11270416
v -0.09131837 0.03359112 0.06706003
v -0.08778706 0.03197627 0.07385533
v 0.26616701 -0.29519501 0.00610100
v -0.07381336 0.08340364 0.09102445
v -0.04263934 0.07123256 0.14527008
v -0.07695509 0.09817204 0.09034601
v -0.06398243 0.09728766 0.11090537
v -0.42833718 -0.39061086 -0.16399693
v 0.06223361 0.41211709 0.27194017
v 0.29993433 -0.15666445 -0.03639413
v -0.07792482 0.10174068 0.09027712
v 0.02631714 0.40821117 0.25047709
v 0.21117036 -0.31056751 0.05382294
v -0.07703836 0.10806536 0.10270817
v 0.10785442 -0.18740987 0.05673880
v -0.07208040 -0.04083639 0.08851493
v -0.04789406 -0.02678746 0.11814746
v 0.21727361 -0.30563095 0.05004611
v 0.13103868 -0.32634295 0.09188856
v 0.20358136 -0.32531170 0.06090834
v -0.06409581 0.12199835 0.12777269
v -0.06963384 0.05488979 -0.06250710
v -0.09387679 0.06674404 0.02364245
v 0.28677917 -0.31226222 -0.00763320
v -0.11382561 -0.01508460 0.04950598
v -0.08347643 0.04284957 0.07951722
v 0.16628195 -0.30749575 0.07344029
v -0.09184869 0.06814429 0.02615736
v -0.08228963 0.09147337 0.03977531
v -0.07913065 0.09665479 0.06216918
v -0.07497670 0.07261520 0.08922580
v 0.17117028 -0.33708442 0.07888318
v -0.07036055 0.13548856 0.05100474
v -0.08162991 0.14214517 0.06740828
v -0.06849417 0.13612600 0.04291046
v -0.07940015 0.17004368 0.10579457
v -0.08136523 0.17957658 0.09765532
v -0.06935082 0.15110325 0.13181741
v 0.29071935 -0.32791151 -0.01299204
v -0.08224801 0.18417684 0.09733763
v -0.09218407 0.19730419 0.08938632
v 0.31368148 -0.32457815 -0.02239647
v -0.03077290 0.09535577 0.16766437
v -0.05826234 0.10661145 0.12583649
v -0.03529970 0.11810525 0.16815387
v -0.05641778 0.13974829 0.14811356
v -0.07131838 0.14411555 0.10097314
v -0.06521183 0.12694891 0.12622411
v 0.29927792 -0.19671864 -0.02195459
v 0.29301735 -0.33749988 -0.01749817
v -0.06918389 0.14003526 0.12124249
v -0.07288500 0.15148699 0.09739500
v -0.07702177 0.16362832 0.09604130
v -0.07850236 0.16336883 0.09176894
v -0.05744956 0.14814552 0.15199348
v -0.08422758 0.16361620 0.08137680
v -0.27334163 -0.44436472 -0.06470297
v -0.05347383 0.15167970 0.16090506
v -0.06334356 0.18193467 0.15792544
v 0.28205425 -0.36117361 -0.02994266
v -0.04549716 0.16806217 0.17966618
v -0.06881657 0.17926746 0.13951042
v -0.03756362 0.16999156 0.19083605
v 0.28473719 -0.35207717 -0.02344024
v 0.27969500 -0.36323199 -0.03134600
v 0.34512981 -0.39484160 -0.04379215
v -0.05646722 0.19155349 0.17452180
v 0.24491011 -0.36576699 0.02628470
v -0.06354716 0.18997037 0.15692822
v -0.10063696 0.20178372 0.10638639
v -0.07028595 0.18607253 0.13777444
v -0.04031636 0.15183612 0.17760483
v 0.04248506 0.46339250 0.02990540
v 0.01516286 0.45844948 0.05925098
v 0.04668536 0.47579332 0.06271404
v 0.01487508 0.45667906 0.07540589
v 0.21227943 -0.43041880 0.01661368
v 0.16609082 -0.23165421 0.02871343
v -0.07561684 0.33319829 0.12419492
v 0.26828627 -0.37922618 -0.04426042
v -0.42338402 -0.37269680 -0.17765133
v -0.09193824 0.32790148 0.13196854
v -0.06403852 -0.38906265 -0.30549342
v -0.09008953 0.33222199 0.15480877
v -0.08479803 0.33146757 0.17208714
v 0.24508816 -0.38274398 0.01393013
v -0.08557871 0.33625646 0.14311485
v 0.23938388 -0.27974717 0.02078472
v -0.06688176 0.34334321 0.17722791
v -0.06902517 0.34113044 0.19451757
v 0.05623010 -0.20279943 0.08395712
v 0.20565499 -0.04703300 0.22329500
v 0.18972446 -0.05132589 0.22767920
v 0.03917723 -0.04497120 0.21369762
v 0.04582266 -0.05055153 0.21621162
v -0.42671067 -0.35235246 -0.09474504
v 0.20947671 -0.39436698 0.05124248
v 0.15817453 -0.04926820 0.25761723
v 0.18312355 -0.03556283 0.27641286
v 0.18956333 -0.03506300 0.27516058
v 0.20187054 -0.02533337 0.27604517
v 0.20182967 -0.03792821 0.25145333
v -0.17871918 -0.34969738 -0.33307898
v 0.24043954 0.05311772 0.29019350
v 0.23731251 -0.41348974 -0.04742253
v 0.14625901 -0.43701256 0.09216952
v 0.33149583 -0.39379519 -0.03791420
v 0.23750188 0.03349101 0.25364246
v 0.23698831 0.03967469 0.27214265
v 0.26243689 0.05251236 0.27870209
v 0.19669919 -0.42429340 0.05004255
v 0.24969860 0.04738178 0.26010765
v 0.19018125 -0.42907164 0.05638389
v 0.28836686 0.08007299 0.29125963
v 0.27003142 0.05901743 0.26373112
v 0.28685411 0.07705076 0.28664103
v 0.23271891 -0.41325724 -0.00950083
v 0.24286400 -0.40986401 -0.08077200
v 0.19844004 -0.43326092 0.04053932
v 0.25844805 0.05262893 0.23938348
v 0.26391625 0.05327400 0.25800582
v 0.28392531 0.06293494 0.24930108
v 0.36467499 0.18063543 -0.00278202
v 0.14505359 -0.45254131 0.09157969
v 0.26728205 0.05550696 0.23885210
v 0.30247242 0.06257518 0.25067243
v 0.34481561 -0.41670579 -0.04684346
v 0.30329762 0.08250487 0.28398917
v 0.20272572 -0.44126074 0.02788340
v 0.34064717 -0.27398041 -0.04535774
v 0.32052115 0.05969803 0.24046042
v 0.23479026 -0.42934860 -0.10149865
v 0.30785054 0.02608098 0.20106726
v 0.23242487 -0.42697262 -0.09753004
v 0.28716006 -0.02299463 0.17886080
v -0.07091457 -0.20758764 0.09980446
v 0.32144062 0.04786412 0.22229741
v 0.29445554 -0.03412387 0.19906711
v 0.31584093 0.03824304 0.20370440
v -0.42527478 -0.33369433 -0.16181534
v 0.27968915 -0.02917251 0.16049150
v 0.38445094 0.11997471 0.09598070
v 0.33454074 -0.42748192 -0.04455510
v 0.29642365 0.03157597 0.16972912
v -0.41949836 -0.32837538 -0.17649070
v 0.28687856 -0.01421591 0.16451692
v 0.32317274 0.04855923 0.19685863
v 0.29347152 -0.00824833 0.15371056
v 0.33555719 0.05584825 0.20307725
v 0.26877357 -0.03477219 0.15169670
v 0.15558133 -0.46343344 0.08102459
v 0.30444912 0.04426318 0.17169681
v 0.38136655 0.10079048 0.10382436
v 0.29693079 0.03464997 0.16364870
v 0.33789359 0.06061050 0.16483889
v 0.17511444 -0.46801043 0.06115151
v 0.35930443 -0.43545428 -0.06496219
v 0.30581174 0.04519126 0.16319140
v 0.33052684 0.05880414 0.17344433
v 0.31350464 0.05189183 0.16896874
v 0.35337311 -0.41904089 -0.05269394
v 0.36526224 -0.43578082 -0.07230502
v 0.19017675 -0.46786878 0.04283714
v 0.35845973 0.06616953 0.18619826
v 0.36450899 0.07175090 0.18563181
v 0.16856912 -0.45455097 0.07664936
v 0.17480649 0.10256535 0.31830887
v 0.20868885 -0.46226710 -0.05782175
v -0.43077805 -0.33334920 -0.14224868
v 0.34069810 -0.44091104 -0.05264167
v 0.18430321 -0.09575237 -0.07583745
v 0.15850340 -0.48160982 0.06877098
v 0.38653931 -0.43598119 -0.11223782
v 0.32719430 0.03716965 0.13917402
v 0.39067624 -0.43714865 -0.13859044
v 0.31044845 0.03084464 0.14282721
v 0.36890215 0.07663321 0.18318794
v 0.31610793 0.02762206 0.13223040
v 0.18967627 -0.47644348 0.03639997
v 0.34061491 -0.45352989 -0.05822552
v 0.18760928 -0.48491496 0.03231731
v 0.37899155 -0.44186555 -0.09587616
v 0.16476521 -0.49029914 0.06076756
v 0.33925906 0.03743555 0.13163864
v -0.08729850 -0.39840879 -0.26989846
v 0.39162894 0.10971652 0.19119163
v -0.03864923 -0.35395899 -0.35055254
v 0.17844429 -0.48892107 0.04455314
v 0.31318227 0.01894419 0.12590374
v -0.27484023 -0.40233708 -0.00142253
v 0.16266715 0.05396076 -0.04960578
v 0.36846524 0.06782101 0.15839143
v 0.32599968 0.03057723 0.11771505
v -0.43037399 -0.30254658 -0.13527668
v 0.35108024 0.04986988 0.10911733
v -0.42093825 -0.28755151 -0.15668906
v 0.37044080 0.06645098 0.12851429
v 0.35603138 0.05902297 0.14080212
v 0.32175874 0.02443700 0.08862365
v 0.32736089 0.03421101 0.10136194
v 0.37441480 0.07132184 0.13536242
v 0.31800570 0.01382620 0.08641655
v 0.30180979 -0.03719293 0.07031275
v 0.32627353 0.04001137 0.08827087
v 0.38602118 0.09422303 0.15181376
v 0.10392391 0.05138766 -0.07004186
v 0.31889364 0.02007632 0.06980854
v 0.37725422 0.07412775 0.12857269
v 0.34194508 0.04311065 0.10453898
v 0.10535462 0.01303626 -0.07038201
v 0.15062418 0.02360383 -0.04599554
v 0.39322626 0.10869559 0.13711962
v 0.32122412 0.05027729 0.06445708
v 0.34524303 -0.41590178 -0.22922528
v 0.41102745 0.14439130 0.12481659
v 0.42479651 0.16507273 0.13600703
v 0.09283578 0.01874214 -0.08167566
v 0.22673909 0.17696185 0.34401390
v 0.21586804 0.17045935 0.33619872
v 0.17934548 -0.01710561 0.29254264
v 0.08081101 0.00035538 -0.10176474
v 0.04986483 0.02611378 -0.10571171
v 0.24236171 0.13572239 0.32877527
v 0.14515376 -0.00781168 -0.04323004
v 0.30375431 0.01539704 0.12428981
v 0.24870233 -0.00647279 0.23185975
v 0.11668929 -0.00086292 -0.05994821
v 0.25064205 0.01524572 0.23512156
v 0.18762588 -0.00592605 0.29553164
v 0.26455840 0.03620033 0.23208536
v 0.32212030 0.04275744 0.15411889
v 0.20604615 -0.19249780 -0.01037296
v 0.12808252 -0.02433011 -0.04477221
v 0.26072845 0.04919610 0.23471049
v 0.11509998 -0.00102989 -0.06477836
v 0.20681526 0.04338314 0.29365898
v 0.26859163 0.05351299 0.23611055
v -0.10963302 -0.42369588 -0.17774272
v 0.08531161 -0.01285843 -0.11690530
v 0.21625234 0.04351948 0.29054130
v 0.19819801 0.04867200 0.30035400
v 0.25106363 0.05315956 0.28979429
v 0.09624064 -0.00693249 -0.09156897
v 0.24582247 0.05517801 0.29481578
v 0.23859316 0.06112136 0.29914038
v 0.20704689 0.07026577 0.29995101
v 0.12672780 -0.02999570 -0.04298536
v 0.11491067 -0.01578148 -0.07099283
v 0.04823377 -0.36861251 -0.35387437
v 0.18173973 0.08353283 0.31066570
v 0.12130069 -0.02419785 -0.05872574
v 0.24509810 0.09633979 0.32201648
v 0.12334777 -0.03984691 -0.04297168
v 0.29047686 0.11077056 0.31049656
v 0.10363871 -0.01826972 -0.09345445
v 0.25734634 0.10304956 0.32180418
v 0.12556476 -0.06603447 -0.01859855
v 0.27953784 0.12009082 0.31917744
v 0.27178181 0.13404493 0.32724092
v 0.11228092 -0.02933354 -0.10035571
v 0.28656304 -0.05289573 0.21894884
v 0.11329298 -0.03309800 -0.08312461
v 0.28928823 -0.03756416 0.22194591
v 0.21843690 -0.03180734 0.22380303
v 0.28441020 -0.03566763 0.22628670
v 0.29580533 -0.00670684 0.21786477
v -0.40790033 -0.26198432 -0.03639180
v 0.21160978 -0.02161076 0.26887845
v -0.03152163 -0.01550250 0.13766675
v 0.23127454 -0.00388625 0.24971902
v 0.21715081 -0.00294692 0.27403549
v 0.23956935 -0.00115503 0.24033948
v 0.28757817 0.03146822 0.23087181
v 0.29777961 0.01629396 0.22136954
v 0.30619782 0.02778074 0.21756997
v 0.29836843 0.03354912 0.22872339
v 0.21036383 -0.00380795 0.28384128
v 0.31276828 0.03630899 0.21795445
v 0.22888408 0.03141928 0.26117275
v 0.24126202 0.02311227 0.24195574
v 0.19399673 0.08800394 -0.06980580
v 0.24256333 0.03447524 0.24312776
v 0.24226862 -0.23648600 -0.00112818
v 0.19424974 0.04571978 0.30228426
v 0.21762642 0.01342440 0.27910930
v 0.21954381 0.03451044 0.27846781
v 0.22815099 0.04813600 0.28673801
v 0.27647873 0.06442300 0.26481010
v 0.25131974 0.06892087 0.30048886
v 0.26447455 0.06596378 0.28788444
v 0.33683388 0.07125152 0.24049727
v 0.28457459 0.08755280 0.30235115
v 0.33478371 0.11440790 0.28657313
v 0.36102705 0.13222550 0.27744581
v 0.20267201 -0.01674224 -0.01328879
v 0.38336893 0.14313187 0.25610539
v 0.34501913 0.13463986 0.29343152
v 0.28672326 -0.02990706 0.14233401
v 0.30559544 -0.02645190 0.11318051
v 0.30875082 -0.01959130 0.10581872
v 0.28846601 -0.01167700 0.16250400
v 0.31292045 0.01361645 0.10180208
v 0.31491238 0.01744924 0.10197287
v -0.42211135 -0.25956445 -0.12664861
v 0.22306505 0.15798762 0.32942763
v 0.30445607 0.02569506 0.14559756
v 0.34120128 0.04315721 0.13667355
v 0.30185973 0.03302337 0.15432700
v 0.25186500 -0.01437386 0.00937420
v -0.08757039 -0.35761327 -0.35954454
v 0.30577721 0.04527178 0.15856814
v 0.30066583 0.04164047 0.16404075
v 0.33294430 0.04808263 0.15117513
v 0.32074450 0.05556094 0.16676926
v 0.39998468 0.12609893 0.20507524
v 0.40256124 0.12109559 0.17154048
v -0.22660255 -0.39147905 -0.28843378
v 0.42498945 0.16872822 0.14875236
v 0.41326272 0.16308926 0.20985542
v 0.38808671 0.16016923 0.25622103
v 0.23519052 -0.04042307 0.22528551
v 0.27701264 -0.04429970 0.22744994
v 0.10598513 -0.04615530 0.26337867
v 0.25554889 -0.03722279 0.23004243
v 0.23761296 -0.02988453 0.23029690
v 0.28322223 -0.03495248 0.03691835
v 0.12244020 -0.03916715 0.27061973
v 0.15904801 -0.02691227 0.28716224
v 0.16950474 0.00255628 0.30070812
v 0.30298277 0.04786620 0.23623214
v 0.29524564 0.05005112 0.23809930
v 0.26210651 -0.04411824 0.02533732
v 0.22402621 0.05669411 0.29337957
v 0.22268480 0.07059310 0.30225787
v 0.24806195 0.09112676 0.31904801
v 0.20133228 0.10270862 0.32004226
v 0.22106251 0.09405026 0.32077171
v 0.22213149 -0.02684960 0.22383600
v 0.23523612 -0.01122632 0.23365627
v 0.27184571 0.20540767 0.35153560
v 0.19599017 -0.06583060 0.00415518
v -0.21932940 0.18485394 -0.01878961
v 0.26433697 -0.05978090 0.20752991
v 0.29097582 0.20847392 0.34798210
v 0.30274986 0.01752607 0.03995912
v 0.25129208 0.00786305 0.00172151
v 0.26830301 0.03103132 0.00467592
v 0.28095543 0.04243281 0.01007802
v 0.26744077 0.22098428 -0.09675330
v 0.16548769 -0.11698526 0.07279587
v 0.25583816 -0.04443239 0.22663860
v -0.04712221 0.14390757 -0.02398195
v 0.26419001 -0.05254823 0.22156761
v 0.01563996 0.09654840 0.24327259
v -0.42060239 -0.24187276 -0.09230586
v -0.04141563 0.13874668 0.24617177
v 0.30604967 -0.03233362 0.08482058
v 0.01617088 0.10964832 0.23820080
v -0.01110108 0.12049778 0.24208112
v 0.24008392 -0.06327625 0.02569784
v -0.00907023 0.13452382 0.23446343
v -0.01750805 0.13625405 0.25139979
v 0.22949576 -0.04188265 0.21431219
v 0.24230345 -0.04254314 0.20961061
v -0.24296100 -0.39415401 -0.27700001
v 0.24971760 -0.05493734 0.20122679
v 0.01380400 0.06090300 0.21683000
v -0.41032879 -0.22375245 -0.04651843
v -0.02626582 0.08724243 0.23418272
v -0.41730595 -0.23170331 -0.09365000
v -0.04243128 0.12172346 0.23149607
v -0.04542903 0.16145932 0.24713548
v 0.26982060 -0.03429955 0.15316987
v -0.01741357 0.07880119 0.23630429
v 0.11899789 -0.10716086 0.03940401
v 0.10819718 0.05692892 0.29186039
v 0.04426027 0.09888865 0.25333679
v 0.02879449 0.10429485 0.24251308
v 0.15428940 -0.12331573 0.08490801
v 0.19783445 -0.09266371 0.03178573
v -0.03177000 0.14005999 0.24762399
v 0.07077865 0.13128609 0.28647773
v -0.03284377 0.14855344 0.25141641
v 0.28072849 -0.04743187 0.04386430
v 0.29629053 -0.04931687 0.07137815
v 0.01947063 -0.36425854 -0.35694171
v 0.14821286 -0.01411689 0.29312828
v 0.33111703 0.03891171 0.10147099
v 0.13676976 -0.00187089 0.29434079
v 0.08066319 -0.01312102 0.26696699
v 0.28516738 -0.05536398 0.06477720
v 0.30350100 -0.04005105 0.09521601
v 0.28049661 -0.06271976 0.08283528
v -0.01059562 0.06879017 0.23045961
v -0.12881749 0.22064941 -0.06471998
v 0.15330048 0.30663323 0.34724386
v -0.40979522 -0.21462334 -0.05646917
v -0.01159018 0.07791806 0.23998792
v 0.29494653 -0.03239818 0.13105665
v 0.27942143 -0.05816407 0.11221632
v -0.00947478 0.10004249 0.24401739
v 0.25729635 -0.06045376 0.10971090
v -0.01153734 0.09175621 0.24385580
v 0.20521762 -0.09827516 0.05293456
v 0.00656885 0.10386429 0.24947761
v 0.03449087 0.10756494 0.25185028
v 0.27968602 -0.05469814 0.11516629
v 0.13537809 0.09520540 0.30979870
v 0.04056515 0.10604708 0.25293395
v 0.26083438 -0.05545163 0.12712679
v -0.10126593 -0.36870239 -0.36128387
v -0.03129857 0.11700136 0.24060214
v 0.15188001 0.07760495 0.30976744
v 0.26415143 -0.04740902 0.13911516
v 0.26934299 -0.04095200 0.15911800
v 0.28666827 -0.04869483 0.18755399
v 0.27757574 -0.04521187 0.17063318
v 0.26591466 -0.04287064 0.16299990
v -0.03195934 0.13464833 0.24461276
v 0.29357906 -0.04671072 0.20246795
v -0.02223869 0.11792480 0.24302792
v 0.26725151 -0.04446404 0.18152100
v 0.27919386 -0.04724413 0.18057653
v 0.12885671 0.32329500 0.34281376
v 0.26448700 -0.04740509 0.17987644
v 0.31863585 0.15176532 0.32053776
v 0.27184052 -0.06274520 0.19888353
v 0.02422831 0.11984143 0.25487271
v 0.28343651 -0.06188036 0.20661562
v 0.11778220 0.11094156 0.30605965
v 0.27460353 -0.06067634 0.21498349
v -0.39871730 -0.18407377 -0.05837234
v 0.08865548 0.12150916 0.29125119
v 0.25164859 -0.04092669 0.21219351
v 0.07319120 0.12365045 0.28559280
v 0.24269542 -0.03966471 0.21582411
v -0.02557904 0.13742421 0.25417054
v -0.38353856 -0.16028217 -0.06280881
v 0.19294347 -0.04621824 0.23278158
v 0.16406637 -0.04965182 0.24982159
v 0.11413026 0.13227112 0.30478743
v 0.08680808 0.13115743 0.29256738
v 0.15923362 -0.05291522 0.24965308
v 0.11376130 0.13435008 0.30494273
v 0.14586607 -0.04815072 0.26261550
v -0.01577032 0.14637195 0.26145923
v -0.37606800 -0.16651300 -0.00772800
v 0.05688918 -0.04149756 0.23538132
v 0.17972339 0.04326900 0.30497107
v 0.18901667 0.08212569 0.30775727
v 0.07580642 -0.06298557 0.22883508
v 0.07096137 -0.05917964 0.23229250
v 0.01848260 0.07437047 0.23675148
v 0.00848563 0.08782561 0.24094622
v 0.02457926 0.09692431 0.24063994
v 0.01496441 0.11872365 0.22859697
v 0.12710610 0.34601728 0.32663129
v 0.13807084 -0.12820959 0.11375075
v 0.00016952 0.12701213 0.22797948
v 0.17405032 -0.05498773 0.21434386
v 0.18193274 -0.05862374 0.20672769
v -0.00737439 0.14295467 0.23520252
v 0.01323237 0.13800548 0.23235764
v 0.00537468 0.15075609 0.23961210
v 0.23126353 -0.06282842 0.19936615
v -0.37530010 -0.14626837 -0.03296503
v 0.22432819 -0.05183483 0.20969298
v 0.12801344 0.14368471 0.31134871
v 0.17447573 -0.04893465 0.21879962
v 0.03010905 0.14399268 0.25816943
v 0.00061179 0.15483179 0.25574695
v 0.22348000 -0.06535900 0.20340800
v 0.23154526 -0.06626551 0.12726242
v 0.09539589 0.13074041 0.29697317
v 0.22960196 -0.06949387 0.14022233
v 0.15638905 -0.13680794 0.13392626
v -0.01579725 0.15075617 0.26383182
v 0.12624784 -0.11798165 0.07651840
v 0.16081640 -0.12633230 0.09367336
v -0.22239647 -0.42162214 -0.17904628
v -0.03052298 0.10050733 0.22177587
v 0.09601300 -0.11464800 0.11918300
v 0.00953700 0.06579201 0.21049151
v -0.00235005 0.08556411 0.19613953
v 0.01308886 0.06354228 0.22113187
v -0.04421428 0.12726407 0.23229929
v -0.01578643 0.02470273 0.16966504
v 0.25600510 -0.07206631 0.07848079
v 0.26595134 -0.06619099 0.08823086
v -0.04895239 0.02531124 0.12817885
v 0.23906526 -0.06364066 0.09322875
v 0.23501389 -0.06446860 0.09534137
v 0.23231927 -0.06336828 0.10703456
v 0.24097456 -0.06687802 0.12048387
v -0.34773436 -0.12034757 -0.04087625
v 0.06246918 -0.00929902 0.25422508
v 0.23113419 -0.06203867 0.11661891
v 0.22885487 -0.06526020 0.12217429
v 0.25465349 -0.05945220 0.11885054
v 0.25484256 0.16226511 0.33344875
v 0.03599654 0.00207450 0.23164231
v 0.22880956 -0.07835905 0.12991514
v 0.22544873 -0.07418232 0.15052502
v 0.23958195 -0.07550978 0.14358005
v 0.00486852 0.03597666 0.20088602
v 0.02287408 0.06473771 0.23071390
v 0.25443199 -0.06043329 0.16415477
v 0.23765827 -0.07742752 0.15498524
v 0.25360988 -0.06001330 0.17530841
v 0.25765450 -0.05618220 0.18550675
v 0.23795502 -0.05765872 0.19947188
v -0.24289852 -0.38563783 -0.30793005
v -0.02699330 -0.42710551 -0.16963407
v 0.22331131 -0.07656403 0.19177024
v 0.20492490 -0.06808776 0.21069715
v 0.17850062 -0.05059268 0.22641469
v 0.22954313 0.11517146 0.32730819
v -0.32365097 -0.31836379 -0.21917512
v 0.02259339 0.11751836 0.24633007
v 0.16523355 -0.04895216 0.22840788
v -0.31908742 -0.28047827 -0.22906505
v 0.06059000 -0.50003179 0.08928413
v 0.06087359 0.13864255 0.27161975
v -0.19857825 -0.48601033 0.06665935
v 0.01936077 0.12756468 0.23309088
v 0.01835328 0.14197193 0.24174412
v 0.10610107 -0.49771132 0.07651528
v 0.01877558 0.11925366 0.22776881
v 0.09536648 0.24011597 -0.12505854
v -0.10105348 -0.49589423 0.08932013
v -0.21804633 -0.44742856 0.06337752
v 0.15001810 0.04581726 0.30506554
v -0.20106971 -0.43889657 0.08204022
v 0.00535308 0.07146301 0.20837576
v -0.09945673 -0.49526730 0.08313343
v 0.13084676 0.37996696 0.31322083
v -0.04095045 0.15283968 0.23023280
v 0.13906258 -0.49670511 0.07055101
v -0.00061958 0.09001407 0.20176295
v -0.20989902 -0.40978698 0.08013140
v -0.01237114 0.12572969 0.19729087
v -0.03199863 0.13592014 0.21686211
v -0.01402848 0.13096362 0.20071304
v -0.03437585 -0.49709465 0.08517258
v 0.02246202 0.12817092 0.25330782
v -0.00690249 0.11100141 0.19766379
v 0.11530961 -0.49195315 0.05523289
v -0.20967356 -0.38840826 0.08251784
v 0.16132605 -0.49312873 0.05636603
v 0.16865544 0.46297072 -0.03775264
v 0.17068900 0.46858501 -0.01887800
v 0.18999193 0.47996520 0.00902823
v 0.07461591 0.45887698 -0.01762623
v -0.21393861 -0.34222605 0.08498700
v 0.15410507 0.47992519 0.00228768
v 0.10617786 0.47658039 0.00695666
v 0.11322119 0.48587265 0.02616565
v 0.13079747 0.47761105 -0.00184535
v 0.25135775 0.46060822 0.01522842
v 0.17080412 0.48606454 0.02389217
v 0.13876562 0.48877296 0.02500145
v -0.21402949 -0.29691695 0.08088709
v 0.19007142 0.48823364 0.04679408
v 0.14492959 0.49402212 0.04508439
v 0.26861117 0.44793245 0.00863278
v 0.22455105 0.47147216 0.01388414
v 0.29716865 -0.00858006 0.14207155
v 0.13458286 0.49937048 0.07077375
v 0.20611036 0.48387097 0.04378462
v 0.09879850 0.48874740 0.04167508
v 0.05357444 -0.49044682 0.05526597
v 0.12560529 -0.48344252 0.02199140
v -0.13780139 0.32528488 -0.01708836
v 0.00233420 -0.08680658 0.11060898
v -0.13093328 -0.49508951 0.08573228
v 0.23286514 0.47383724 0.04713755
v 0.19513898 0.49012998 0.07706048
v 0.06423923 -0.09275613 0.16554859
v 0.07141359 -0.48772657 0.04289385
v -0.04740653 -0.48817917 0.05289851
v 0.19875591 0.48765430 0.06884145
v -0.00899452 -0.49383246 0.07091150
v 0.28604099 0.44478294 0.05110013
v 0.14005918 0.50009289 0.08962850
v 0.18238952 -0.48693158 0.03239339
v 0.24825604 0.46688625 0.06581564
v 0.06496360 0.48097086 0.04551246
v 0.21465645 0.48238748 0.07602547
v 0.28052809 0.44469803 0.06577150
v 0.28961746 0.27574337 0.34441413
v 0.23809491 0.46951257 0.07223551
v 0.03403002 -0.48743480 0.04455710
v 0.15468718 0.49822852 0.08016488
v 0.04122975 0.47450384 0.09781363
v 0.23369800 0.47336799 0.08205500
v 0.16020289 0.49841521 0.07505498
v 0.03203256 0.46932572 0.08878570
v 0.07894117 -0.48499749 0.03168805
v 0.07961710 0.49216377 0.09162523
v 0.25178203 0.46124062 0.08273891
v -0.01503614 -0.08737044 0.10690645
v -0.10126613 -0.49001642 0.06349840
v 0.22360920 0.47572009 0.10469121
v 0.09242722 0.49304229 0.11404594
v 0.01862114 0.46445128 0.09919408
v 0.03564962 0.47378164 0.11216371
v 0.11437318 0.49540790 0.12310777
v 0.11004100 0.49729100 0.11225800
v 0.32552813 0.18362968 0.32799012
v -0.02313534 -0.49009816 0.05825486
v 0.30459773 0.43037680 0.09751538
v 0.16207731 0.49215220 0.11937141
v 0.18501078 0.49115508 0.09780910
v 0.02970589 0.47129051 0.11421862
v 0.11808506 0.49751314 0.11417514
v 0.26292441 0.45467664 0.09086489
v 0.29575134 0.43518578 0.11018081
v 0.18480964 -0.47707414 -0.00214535
v 0.29968332 0.01733138 0.13337528
v 0.38143824 0.38189972 0.13572546
v 0.24784541 0.46200174 0.12506999
v 0.00833499 0.45865749 0.10178471
v 0.12710118 0.49541964 0.13672921
v 0.22264923 0.47387534 0.12846610
v 0.30400915 0.01577355 0.19881570
v -0.14627166 -0.48839372 0.06115587
v -0.11238170 0.19791885 0.03914551
v 0.19561009 0.48254795 0.13291221
v -0.08324282 0.19317148 0.05598590
v 0.28936035 0.43929030 0.11587482
v 0.12270785 -0.11878970 0.17449043
v 0.10928027 0.49319270 0.14264406
v 0.06349544 -0.48097285 0.01956840
v 0.04527304 -0.48620945 0.03906596
v -0.18365358 -0.49012718 0.06873125
v 0.01022133 0.45287531 0.16244662
v 0.00975235 0.45595879 0.13845611
v 0.36577585 0.11612316 0.07176552
v -0.14585407 -0.48521215 0.05065348
v -0.19410043 -0.09176206 -0.19735314
v 0.10414943 0.48921907 0.16154143
v 0.16358527 0.48700851 0.15642811
v 0.23454120 0.46675265 0.13917570
v 0.04710919 0.46969364 0.16838624
v -0.08612485 -0.48612041 0.04679688
v 0.07134790 0.47637430 0.18580561
v -0.01129996 0.44229187 0.15903789
v 0.17041924 0.47950547 0.18223877
v -0.00520403 -0.48260228 0.02863572
v -0.41683212 -0.39056942 -0.08344686
v -0.04990895 -0.08008974 0.09458946
v 0.00932609 0.43874640 0.21008761
v 0.03582730 0.46169511 0.17707531
v 0.16267217 -0.38727338 -0.32501977
v 0.24720637 0.45651113 0.16306324
v 0.36231885 0.37369577 0.12553494
v 0.19958725 0.47288474 -0.00518975
v -0.13971975 -0.48202738 0.03680137
v 0.11463732 -0.47465166 -0.00934358
v 0.12517868 -0.47754518 0.00161557
v -0.16272932 -0.49183820 0.07356479
v 0.34995165 0.38021637 0.14190641
v 0.04476649 0.46324732 0.18835969
v 0.11252271 0.48127132 0.19094412
v 0.27165770 0.43480504 0.18464710
v 0.33894088 0.38547381 0.16765390
v -0.00477046 -0.47778915 0.01165924
v 0.25425165 0.43899248 0.20231673
v 0.15012964 0.47719662 0.20511868
v 0.01147962 -0.37596014 -0.35589662
v 0.20522674 0.47168918 0.17826132
v 0.33055176 0.38624214 0.17238512
v -0.37823400 -0.39978114 -0.04098660
v 0.24937922 0.45153179 -0.00741683
v 0.05174229 0.46246599 0.20297760
v 0.36893580 0.39047773 0.15747111
v 0.26882917 0.43077594 0.19847117
v 0.33124493 0.38616638 0.16341913
v 0.11122347 0.47761284 0.20981878
v 0.13941952 -0.47134036 -0.02167516
v 0.01838163 0.44500814 0.20591040
v 0.08153655 0.46648306 0.22287379
v -0.25729217 -0.41670269 0.02170301
v 0.21056064 -0.46757810 -0.03533011
v 0.34861657 0.39180080 0.18674701
v 0.03394109 0.44668982 0.22025436
v -0.05894845 -0.47849356 0.01803920
v -0.24435547 -0.40166282 0.05278917
v 0.03075392 -0.20225099 0.08742489
v 0.05734689 0.45676845 0.21892062
v 0.28251225 0.41420033 0.21211885
v 0.22039640 0.45100213 0.23105775
v 0.30556427 0.39647172 0.20859544
v 0.03862971 0.44707025 0.22347162
v 0.20853841 -0.46619610 -0.04235925
v 0.13757874 0.46975966 0.22602086
v 0.16847349 0.46115013 0.23409455
v 0.32283179 0.39910551 0.20041648
v 0.02954169 -0.46991759 -0.01890971
v -0.40632212 -0.38547940 -0.06506209
v 0.00353417 0.42599991 0.21957460
v 0.06560133 0.45586224 0.22508532
v 0.07227457 0.44307285 0.24690613
v -0.38550232 -0.38026852 -0.04117103
v 0.32875285 0.39577613 0.21157819
v -0.25981592 -0.39305911 0.03903763
v 0.18752951 0.46603004 0.21857784
v -0.00433135 0.40418301 0.22585100
v 0.23475778 0.44447976 0.23122608
v 0.25161805 0.43671700 0.22415045
v 0.26605453 0.42540094 0.22723631
v -0.22429088 -0.48130658 0.03828613
v -0.04788493 0.34399023 0.20867663
v 0.23315877 0.45241386 -0.02209322
v -0.05548778 0.34377863 0.19800904
v 0.01932241 -0.47478014 0.00013357
v 0.23689498 0.43427614 0.24953753
v 0.31929174 0.39309780 0.22141420
v -0.29164989 -0.38247969 -0.01868924
v 0.05306128 0.43976661 0.24115556
v 0.10222574 -0.11450480 0.02881325
v 0.01283876 -0.47179452 -0.00995190
v 0.21930278 0.44353993 0.24657214
v 0.41290188 0.14040772 0.15132893
v 0.04163995 0.42386988 0.25293423
v 0.22710546 0.44355232 0.23977006
v 0.21325404 0.36458436 -0.09750658
v 0.36305368 0.34324855 0.20552659
v -0.29110618 -0.37059762 0.00650263
v -0.06710356 0.33082699 0.21821994
v -0.19026621 -0.47782794 0.02286536
v 0.11520552 0.44789236 0.25895128
v 0.16242060 0.44562271 0.26090133
v 0.26989342 0.40646180 0.24771311
v 0.30614777 0.39371204 0.21576811
v 0.29458436 -0.46183652 -0.06062180
v 0.30708674 -0.46343834 -0.05811020
v 0.30089137 0.39280445 0.22454966
v -0.05526544 0.33750475 0.21711486
v 0.12614299 0.44816601 0.26023799
v -0.31007996 -0.36061914 -0.01555214
v 0.41539960 0.16083131 0.19683313
v -0.02692431 0.34243993 0.24263423
v 0.03147352 0.40268826 0.25554955
v 0.17666399 0.45021071 0.24846167
v 0.27924428 0.39974049 0.24336215
v -0.04068908 0.34276632 0.23717048
v 0.19976702 0.43549114 0.26266942
v 0.41875982 0.15451996 0.13960228
v 0.29517479 0.39178346 0.23689742
v 0.33743303 0.39491496 0.25894338
v 0.17721158 0.42775478 0.28313092
v -0.38944853 -0.33983526 -0.03708555
v 0.15084570 -0.46934995 -0.02960838
v 0.34200773 -0.46081654 -0.06836961
v 0.14726213 0.43889474 0.27301964
v 0.10540885 0.42576178 0.27284590
v 0.00167938 -0.46882948 -0.02077605
v -0.33903041 -0.33352421 -0.00283063
v 0.21397783 0.42368764 0.27184442
v 0.15984481 0.43073189 0.28227707
v -0.29340798 -0.35744538 0.01592204
v 0.08087581 -0.47184859 -0.01621877
v 0.08920713 0.41759827 0.27855478
v 0.12071701 0.42310217 0.27846259
v 0.23874498 0.42252214 0.26263754
v 0.24861647 0.40560277 0.27340503
v 0.26196147 0.40327139 0.26233170
v 0.18258944 0.43763596 0.26887156
v -0.01575333 -0.37625877 -0.35395250
v -0.03611936 -0.46909388 -0.01726215
v -0.41294585 -0.36089881 -0.06778576
v -0.42153703 -0.31389756 -0.06844843
v 0.27160814 0.39460561 0.26286545
v 0.31967623 0.40030805 0.24760701
v 0.27984636 -0.45962251 -0.07021965
v -0.10810195 -0.47200670 -0.00287930
v -0.31121837 -0.33647263 0.01027454
v -0.03225251 0.33709672 0.25183253
v 0.31442985 0.40089894 0.26390550
v -0.00623389 0.34982302 0.25433919
v 0.14106682 0.41760513 0.28709677
v 0.06779902 0.38601761 0.28636644
v 0.08669087 0.40430897 0.28903208
v 0.17431649 0.22076277 -0.13270359
v 0.05714778 0.42560506 0.26094303
v 0.20886425 0.41606928 0.28573763
v 0.23746978 0.40784073 0.27760065
v -0.25607454 -0.34479298 0.06166165
v 0.29036591 0.38734321 0.25664697
v 0.05524426 0.36779495 0.29052320
v -0.08455516 -0.47428304 0.00396148
v -0.01066791 0.34763280 0.27138104
v -0.01735124 0.34361569 0.26961063
v 0.22576971 0.40411978 0.29001253
v 0.14167836 0.21235886 -0.13275038
v 0.22749467 0.40795562 0.28255260
v 0.00837620 0.34880569 0.26578000
v 0.11350525 0.20982266 -0.12613359
v 0.18945400 0.41166300 0.29464799
v 0.42415930 0.16928510 0.11572586
v 0.06832256 0.37489481 0.29159931
v -0.12480000 -0.47124401 -0.00430400
v 0.00897594 0.34709001 0.27344143
v 0.02689559 0.35407364 0.27761228
v 0.11897459 -0.38393574 -0.33536047
v 0.32737513 0.40064498 0.26622560
v 0.10524422 0.39683113 0.29979063
v 0.04111324 0.36377832 0.28091012
v -0.01157014 0.34146450 0.28053410
v 0.00751654 0.34445929 0.28501689
v 0.28533338 0.38012875 0.27312714
v -0.31099983 -0.31067469 0.02094371
v 0.12600368 0.39833332 0.30058249
v 0.40948285 0.15403242 0.21026851
v 0.23273644 0.38694643 0.30434349
v 0.13671717 0.40990665 0.29566005
v 0.18799203 0.19211373 -0.12114205
v -0.19113277 -0.47590671 0.01660447
v 0.28855757 0.37603487 0.27865752
v 0.32398701 0.38548800 0.29064700
v 0.18279735 0.40313415 0.30091826
v 0.01724526 0.35063477 0.29345109
v 0.25134761 0.41144930 -0.05903010
v 0.21855653 0.41238034 -0.07420143
v 0.32855612 0.37191507 0.29802513
v -0.16315204 -0.47363618 0.00785977
v 0.07912043 0.36807863 0.30396289
v 0.28632903 0.36360061 0.28985365
v 0.20801693 0.41187040 -0.07812789
v 0.07332678 0.37483373 0.29411963
v -0.42812587 -0.29482488 -0.08261882
v 0.14243989 0.39353961 0.30675267
v 0.10047225 -0.45962620 -0.06356080
v -0.29126400 -0.30596000 0.03582800
v 0.43278669 0.19255299 0.16234563
v 0.18346833 0.39782834 0.30691862
v 0.27132593 0.17564474 -0.07119398
v 0.16673388 0.39644605 0.30790266
v 0.03946282 0.35245979 0.28950827
v -0.07557528 -0.46857405 -0.01695836
v 0.04733766 0.34790295 0.29704379
v 0.04974571 0.34495565 0.30858114
v -0.01996700 -0.11966362 0.08759118
v 0.24947472 0.36778898 0.31196890
v 0.27246497 0.36819846 0.29592862
v -0.13380537 -0.47204709 -0.00050147
v 0.07610124 0.35582462 0.30583598
v 0.26194471 0.36247567 0.31352493
v -0.25460069 -0.32060491 0.06313964
v 0.08204261 0.34965715 0.30912514
v 0.20190184 0.39835618 0.30351148
v 0.03530054 0.35025107 0.30445640
v -0.02619470 -0.13153330 0.08089007
v 0.08745254 0.34532582 0.31209642
v 0.23388956 0.36788498 0.31901137
v -0.04195950 -0.47193521 -0.00630255
v -0.17417270 -0.39544647 -0.27504140
v 0.04358115 -0.45987842 -0.05666179
v -0.23413270 -0.28381991 0.06933615
v 0.22887387 0.14788087 -0.08249927
v 0.26913074 0.33704804 0.32833645
v 0.22219577 0.36403954 0.32317628
v 0.15045660 0.35037608 0.32843345
v -0.31163135 -0.26117845 0.02954483
v 0.21788480 0.40131827 -0.08444374
v 0.10268900 0.32833218 0.32980946
v 0.23843338 0.35409464 0.32880602
v 0.27976861 0.34169770 0.31842267
v -0.00543514 -0.46222272 -0.04425850
v -0.16726058 -0.42528375 -0.16893309
v -0.27601818 -0.27479412 0.04251530
v 0.20783135 0.34794884 0.33709183
v -0.36318083 -0.25077076 0.00787642
v -0.38895981 -0.24920746 -0.01158818
v 0.16749444 0.34135804 0.33885727
v 0.12636840 0.33538870 0.33649326
v 0.00138421 0.06405036 -0.09607914
v -0.10380107 0.18524143 0.04274818
v 0.21893735 0.37784946 -0.08985523
v 0.17009714 0.05300223 -0.06914541
v 0.00893297 -0.46303261 -0.04261494
v 0.18127310 0.06162478 -0.07194556
v 0.41193182 0.17527924 0.22060962
v 0.16852553 0.07445439 -0.08055462
v 0.34297440 0.15821770 -0.00751999
v -0.16099129 -0.16580835 0.06837454
v -0.34173144 -0.28183267 0.01251229
v -0.25982670 -0.24754960 0.04400042
v 0.00758210 0.18083928 -0.09443665
v 0.13018615 0.16866841 -0.09311957
v 0.13923460 0.16640087 -0.08990865
v 0.13986127 0.17136993 -0.11188365
v 0.15988177 0.16890661 -0.09054617
v 0.04684032 0.17136618 -0.09801942
v 0.05742533 0.23863522 -0.12403736
v -0.39442652 -0.23853082 -0.01592371
v 0.09711986 0.16612290 -0.09827704
v 0.33660453 0.17489716 -0.02546798
v -0.10361501 -0.46735198 -0.01908966
v 0.31418167 0.18948986 -0.04205124
v -0.07902867 -0.46237001 -0.03913010
v 0.31325155 0.19175278 -0.04461771
v 0.10545359 0.23673948 -0.12706634
v 0.11460825 0.23462394 -0.12983843
v 0.12437956 0.23824951 -0.12863269
v 0.16222582 -0.45423472 -0.08485162
v -0.22597501 -0.47005501 -0.00352100
v 0.25550012 0.24110824 -0.09373151
v -0.25205325 -0.16305511 0.02934584
v 0.00430422 -0.13405078 0.08010296
v -0.16780552 -0.40445414 0.09965696
v 0.27333240 0.24016285 -0.09456123
v -0.03622049 -0.07935615 -0.18626213
v -0.13256113 -0.46649788 -0.02154038
v -0.05780902 -0.40894541 -0.23406012
v 0.01586058 -0.03312574 -0.16193066
v -0.04069366 -0.00082468 -0.12472239
v -0.00506000 -0.02038200 -0.14756000
v 0.27365034 0.35458034 -0.06965279
v -0.08392009 -0.48420817 0.09680647
v -0.00176490 0.11446273 -0.07557715
v 0.00992369 0.23496794 -0.10384930
v 0.00492812 0.23955965 -0.10690367
v 0.03761560 0.23618747 -0.11824176
v 0.02826016 0.01668105 -0.11954388
v 0.37913879 0.17017846 0.27321026
v 0.01770474 -0.00500981 -0.13754841
v -0.06372957 -0.45649349 -0.06096627
v -0.16823931 -0.47118287 0.08641561
v -0.10131695 -0.46136842 -0.04144273
v -0.04852426 0.01695026 -0.10836112
v 0.00999547 -0.45907254 -0.05707804
v 0.14171646 0.12902879 -0.07275040
v -0.11033975 -0.47989065 0.09769625
v 0.02586523 0.03237237 -0.10895202
v -0.00309637 0.05849064 -0.09281751
v 0.09968236 -0.45935851 -0.06497131
v 0.05170397 0.07287841 -0.08754549
v -0.08522669 0.01921209 -0.08965154
v -0.03642028 0.05263835 -0.08206635
v 0.19603650 0.04325881 -0.03919160
v 0.23346146 0.11659399 -0.04603799
v 0.20000962 0.04852550 -0.04089911
v -0.25581671 -0.46774285 -0.00973957
v 0.18481519 0.04463520 -0.05328957
v 0.42786981 0.21368172 0.16678686
v -0.21260666 -0.46715077 -0.01472273
v 0.24771469 0.04737772 -0.01312608
v 0.14320163 0.14449716 -0.07924986
v 0.07791786 0.13376211 -0.09024553
v 0.20205652 0.06846758 -0.04427262
v 0.19134641 0.07188692 -0.06384164
v 0.24874816 0.34111106 -0.08364762
v 0.14089317 0.11163747 -0.06675976
v 0.05522504 0.00142567 -0.12144645
v 0.07633649 0.05127138 -0.08323786
v 0.10039782 0.12740485 -0.08377345
v 0.30265336 0.32107939 -0.05379982
v 0.18000450 0.08426108 -0.07557609
v 0.16923373 0.08663803 -0.08039622
v 0.19439970 0.10021430 -0.04767780
v 0.15056294 0.06938734 -0.05214267
v 0.17707364 0.09374415 -0.08351601
v 0.17678396 0.10049867 -0.09297306
v -0.03321702 -0.44458445 -0.10630389
v 0.41535601 0.19197901 0.21404999
v 0.15515126 0.07642617 -0.07964555
v 0.16723038 0.05178515 -0.06312821
v -0.12900822 -0.45627176 -0.05850373
v 0.15583199 0.05963900 -0.04979100
v 0.16225881 0.05654451 -0.06641103
v -0.10152725 -0.07281365 -0.18820219
v -0.01543087 -0.07584189 -0.18740682
v -0.16254623 -0.46033908 -0.04139824
v 0.04449148 -0.06903255 -0.20180120
v -0.01057013 -0.45495917 -0.07078140
v 0.13401101 -0.38547724 -0.33147471
v -0.06140441 -0.06867515 -0.17926243
v -0.03120427 -0.05578042 -0.16798521
v 0.35131091 0.15889275 0.30054504
v 0.03927522 -0.04446968 -0.17529565
v 0.03255309 -0.01984110 -0.15052587
v -0.42463414 -0.41596438 -0.17871641
v -0.41756529 -0.41235124 -0.19482882
v -0.40285096 -0.40781761 -0.21494757
v 0.04173589 0.11056989 -0.08613868
v -0.40326787 -0.40328787 -0.21847225
v -0.18116245 -0.46513933 -0.02345734
v -0.08368958 -0.45128064 -0.07905207
v -0.36452689 -0.40366220 -0.23504663
v -0.26239589 -0.46107741 -0.03311322
v -0.30237728 -0.40657311 -0.22660679
v 0.10569015 0.09325951 -0.07212020
v -0.28341115 -0.39671911 -0.26054016
v 0.43068137 0.22987843 0.13318579
v -0.35385693 -0.43457657 -0.12337632
v 0.06098139 0.09532657 -0.08284913
v 0.25003835 -0.41470966 -0.23105414
v -0.05908420 -0.46813797 0.10065972
v 0.24446710 -0.41185462 -0.24073896
v -0.21712410 -0.38134408 -0.32347994
v -0.20105119 -0.37913163 -0.33036720
v 0.21438650 -0.40069390 -0.28176543
v -0.17384559 -0.37785444 -0.33851141
v 0.09223905 0.09044016 -0.07501297
v -0.08133485 -0.37405040 -0.35743516
v 0.08797634 -0.47552094 0.10121068
v 0.29052486 -0.41264498 -0.23783177
v 0.09353270 -0.38263487 -0.33895179
v -0.11586662 -0.37418059 -0.35511938
v -0.24401352 -0.45790255 -0.04668874
v -0.14286084 -0.46261689 0.09664415
v -0.12654954 -0.37091231 -0.35725487
v -0.04366047 -0.37568444 -0.35327763
v 0.03980003 -0.37788379 -0.35065508
v -0.09822688 -0.37137662 -0.35998789
v 0.05308717 -0.45608604 0.10861672
v -0.31770978 -0.40697692 -0.22462686
v -0.34884338 -0.40336028 -0.23581850
v -0.36441471 -0.39871416 -0.23793551
v -0.33200906 -0.40282504 -0.23203784
v -0.30937408 -0.38859242 -0.22499747
v 0.27313893 -0.41185335 -0.23253532
v -0.13823600 -0.43646672 0.10460784
v 0.33034055 -0.41383800 -0.23695212
v -0.13250157 -0.44910597 -0.08478727
v 0.39210878 0.33144107 0.12966141
v -0.18897381 -0.37671195 -0.33483750
v -0.16066413 -0.37672798 -0.34315826
v -0.01336551 -0.41860963 0.10852858
v -0.15437596 -0.37517030 -0.34584256
v 0.19041400 -0.38734701 -0.30898899
v 0.18346041 -0.39049962 -0.31262391
v 0.17022990 -0.38772647 -0.32085590
v 0.14171168 -0.38389531 -0.33239768
v -0.07174441 -0.36819350 -0.36048232
v 0.07683459 -0.38129854 -0.34160446
v -0.26008593 -0.45868885 -0.04351360
v 0.11570682 -0.38242671 -0.33772782
v -0.03021354 -0.37556831 -0.35357089
v 0.08700402 -0.37525167 -0.34374946
v -0.21741141 -0.45403435 -0.06381646
v -0.01240823 -0.37293535 -0.35591520
v 0.39645561 0.27963497 0.21413820
v 0.04143111 -0.37625327 -0.35306931
v 0.02873181 -0.37071776 -0.35650483
v 0.13065105 -0.41785510 -0.21496146
v -0.22238632 -0.10807225 -0.19518298
v -0.17323346 -0.10880723 -0.22255804
v -0.14639031 -0.10030792 -0.21713693
v -0.13296013 -0.09567508 -0.21210238
v -0.08906877 -0.44632801 -0.09685438
v -0.17101854 0.24478724 0.03767854
v 0.10601793 -0.43812806 0.10678625
v 0.03636601 -0.46665549 0.10658211
v -0.26289771 -0.45158167 -0.06839660
v -0.08571320 -0.42773016 0.11342259
v 0.41071659 0.29280575 0.09737299
v 0.28288018 -0.45481476 -0.06033705
v 0.21831700 -0.44523501 -0.11866600
v 0.39028318 -0.43570950 -0.15344820
v 0.21367624 -0.45055038 -0.09866364
v 0.37374370 -0.42722869 -0.19095982
v 0.30992789 -0.45870927 -0.05204132
v 0.28723511 -0.43816151 -0.05272745
v -0.20312700 -0.44837682 -0.08406093
v 0.22966324 -0.44425438 -0.11197251
v -0.27233023 -0.44919535 -0.07331221
v 0.27603663 -0.41228973 -0.05028450
v -0.17448781 -0.44813147 -0.08548680
v 0.40310586 0.24355376 0.22841853
v 0.41108112 0.25877723 0.20406273
v 0.21345131 -0.45364115 -0.08806219
v 0.07310033 -0.43556529 0.11315133
v -0.26133201 -0.44966000 -0.07718400
v -0.06944368 -0.14598334 0.07452948
v -0.35072580 -0.45321652 -0.05561749
v -0.11736834 -0.42490932 0.11056602
v -0.27608750 -0.44680061 -0.08479566
v 0.23390303 -0.17005366 -0.22478784
v 0.26717862 -0.16394552 -0.20192575
v -0.06149761 0.19261570 0.16486881
v -0.38799836 -0.45061187 -0.06291547
v 0.27786692 -0.14590581 -0.18331605
v 0.19294881 -0.12980244 -0.22005884
v 0.21556295 -0.11288613 -0.19746644
v 0.25961154 -0.13220725 -0.18472616
v -0.32370611 -0.45216420 -0.06346963
v -0.08459309 -0.14493031 0.07158144
v 0.20219101 -0.11661372 -0.20648192
v -0.06040582 0.19626546 0.19646431
v 0.18100489 -0.10217119 -0.20565783
v 0.09985726 -0.41559249 -0.22205826
v -0.03399006 -0.42360094 -0.18241194
v 0.14599849 -0.19757226 -0.27854458
v -0.19619534 -0.17512318 -0.26044172
v -0.33576638 -0.44119192 -0.10196143
v -0.31677277 -0.44311842 -0.09742114
v -0.28845805 -0.44360697 -0.09672298
v 0.04412528 -0.14090362 -0.25344455
v -0.09360576 -0.41931063 0.11423377
v -0.25452010 -0.43473137 -0.13004280
v -0.38212024 -0.45068255 -0.06464139
v 0.06018394 -0.11671667 -0.24468322
v 0.14864656 -0.11356190 -0.22665948
v 0.00448434 -0.10714920 -0.21815041
v -0.28624299 -0.44089097 -0.10613845
v -0.33204511 -0.20165158 -0.19761769
v -0.30399611 -0.17324578 -0.19922530
v -0.04062967 -0.14208581 0.07886415
v -0.28797219 -0.12681318 -0.16846164
v 0.23827577 -0.14436194 -0.03470521
v -0.29973316 -0.44033093 -0.10807252
v -0.12170858 -0.40456748 0.11331477
v -0.40975485 -0.44330232 -0.08512052
v 0.06007531 -0.03371493 -0.16049918
v -0.16034328 -0.03652685 -0.11637654
v -0.14370122 -0.02265356 -0.09656458
v -0.11147243 -0.01726796 -0.11776780
v 0.03929366 -0.23255149 0.09321643
v -0.39063664 -0.43979993 -0.10476017
v -0.24872467 -0.07919163 -0.13033866
v -0.21502873 -0.05872471 -0.09440167
v -0.17508708 -0.03688064 -0.07307190
v -0.41920965 -0.43615164 -0.11200222
v -0.19206121 -0.41697961 -0.19862514
v -0.16329696 -0.03445536 -0.10556611
v -0.14787415 -0.02017535 -0.07907509
v -0.40008441 -0.43450047 -0.12235679
v -0.15021486 -0.02277585 -0.04043786
v -0.13460486 -0.00984527 -0.07774734
v 0.23680712 -0.08096236 0.16834061
v -0.20228413 -0.05713564 -0.03643879
v -0.14614060 -0.02500291 -0.01928338
v -0.10233640 0.03824332 0.01685370
v -0.12061110 -0.01433489 0.03221163
v -0.13997627 -0.03191807 0.00630628
v -0.11557700 0.00597300 0.02223800
v -0.42646672 -0.42865015 -0.13417357
v -0.41598099 -0.43958671 -0.09926910
v 0.30769334 -0.42795458 -0.04284959
v -0.42812339 -0.42796866 -0.12766464
v -0.41736792 -0.43653978 -0.09355273
v 0.31682991 -0.41431258 -0.23810086
v -0.12716314 -0.03539487 0.03506863
v -0.03395952 -0.41744582 0.10956665
v -0.13471705 -0.01968246 0.00060448
v -0.10548561 0.03268330 0.00241143
v 0.39379910 0.21588603 0.24823141
v -0.11306928 0.01964274 -0.00627992
v -0.31093961 -0.45105355 -0.06680942
v -0.27989263 -0.44621516 -0.08425043
v -0.07219068 -0.41046027 0.11612851
v -0.37850690 -0.45081452 -0.05364761
v -0.33694063 -0.45244759 -0.05561342
v -0.28083795 -0.43145130 -0.07198838
v 0.32230345 -0.42648905 -0.04160572
v -0.13056281 -0.00511631 -0.06358782
v 0.41321793 0.20119625 0.22392998
v -0.33001470 -0.44897756 -0.05318848
v -0.30211172 -0.44666353 -0.06742012
v -0.28014602 -0.41237691 -0.06373627
v -0.27957047 -0.42217484 -0.06909932
v -0.30443525 -0.40507031 -0.04245782
v -0.26880043 -0.45324242 -0.05828053
v -0.27938923 -0.40202282 -0.05838481
v -0.29365651 -0.40451321 -0.04650838
v -0.28881100 -0.39287201 -0.04761400
v -0.09752965 -0.02062780 -0.12959385
v -0.01084663 0.26969534 0.27465575
v -0.31038711 -0.38923185 -0.03224940
v -0.30113766 -0.39817463 -0.03704603
v 0.37894515 -0.44544586 -0.12568869
v -0.30571499 -0.38657099 -0.02900400
v 0.00064456 -0.39286175 0.11194483
v 0.37291022 -0.45249683 -0.09799624
v 0.37797438 -0.44805516 -0.11480239
v -0.09267670 0.00657506 0.07134598
v -0.24810742 -0.47176168 0.00467906
v -0.25811353 -0.46608517 -0.00903565
v 0.21459283 -0.45706300 -0.07004780
v 0.41796327 0.23604697 0.19248717
v -0.09566708 0.02405763 -0.07323481
v 0.26256595 -0.45529550 -0.07442742
v -0.24437990 -0.47320609 0.01811668
v -0.23341501 -0.47829090 0.02914712
v 0.34849601 -0.45930181 -0.06907335
v -0.03996855 -0.16379657 0.08292934
v 0.05068193 -0.38551445 0.11687643
v 0.31865342 -0.46255883 -0.05713807
v -0.11085220 0.01788893 -0.04632347
v -0.13561835 -0.37474766 -0.35193503
v 0.25449445 -0.39827319 -0.06588476
v 0.35150381 -0.45934002 -0.06835618
v 0.33183399 -0.45895901 -0.05766500
v -0.22182484 -0.48084773 0.04698622
v -0.22219751 -0.48232483 0.04612198
v -0.20349610 -0.48709541 0.05896693
v -0.20076552 -0.48728667 0.06246712
v -0.08832653 -0.39903595 0.11682578
v -0.19646488 -0.37593365 0.08995684
v 0.20087950 -0.47823133 0.00187969
v -0.02340430 -0.35137998 0.11441212
v -0.17360841 -0.49026719 0.07605066
v 0.01507223 -0.15818245 0.06974409
v 0.03372100 -0.38603699 0.11600700
v -0.00942992 -0.37439509 0.11151894
v 0.07156685 -0.39166237 0.11695796
v -0.11998671 -0.49566524 0.08747235
v 0.36703655 0.20249571 0.29432654
v -0.04354309 0.27310844 0.23418773
v 0.11271657 -0.38928169 0.10788699
v 0.30940709 -0.45460521 -0.09099640
v -0.08034920 -0.49689379 0.08808307
v -0.05577746 -0.49653149 0.08602928
v -0.06656130 -0.49338999 0.09166173
v 0.05832779 -0.49628914 0.07518776
v 0.01413485 -0.49639452 0.07840116
v -0.05222752 -0.49507164 0.08883098
v 0.26374618 -0.45650839 -0.07851031
v -0.05782212 0.24967240 0.24121050
v -0.01982599 -0.49603477 0.08752893
v 0.31498328 -0.45234832 -0.09818114
v 0.18441362 -0.05675157 0.20643894
v 0.17217252 -0.48987767 0.05261161
v -0.01200665 -0.49740243 0.08648507
v 0.26070712 -0.45468398 -0.08547167
v 0.01342210 -0.49921807 0.08925920
v 0.12166925 -0.49831799 0.07826183
v 0.33035263 -0.38302678 -0.03629307
v 0.02250297 -0.36920565 0.11389931
v 0.05722716 -0.49840807 0.09469798
v 0.13706879 -0.49543890 0.07540252
v 0.09853592 0.23328078 0.34497805
v 0.12072210 -0.49779316 0.07977359
v -0.15881999 -0.35386256 0.10392467
v 0.12391811 -0.49249037 0.08441022
v 0.04054485 -0.49755819 0.09474160
v 0.11336272 -0.49624317 0.08490474
v 0.10843900 -0.49536499 0.08753000
v 0.08850009 -0.49954762 0.08847786
v 0.14493909 -0.07012237 0.23937926
v 0.14175777 -0.08097834 0.22093519
v 0.08779825 -0.10721210 0.15855013
v 0.05894198 -0.09628383 0.13472849
v 0.11678780 -0.12359388 0.15160653
v 0.14072253 -0.12836748 0.16645823
v 0.14798978 -0.10145738 0.20091538
v -0.13301651 -0.35629497 0.11013115
v 0.18974100 -0.06003200 0.20531499
v 0.15351856 -0.12719072 0.16918309
v 0.19103641 -0.06165438 0.21311180
v 0.04694381 -0.08597356 0.10292646
v 0.15687179 -0.13431250 0.15241367
v 0.13623590 -0.13232185 0.15030481
v 0.14784101 -0.13407800 0.14945500
v -0.10392340 -0.36610805 0.11696460
v 0.19071790 -0.09276622 0.18573765
v -0.09191701 -0.37082684 0.11787662
v 0.17546222 -0.12566773 0.15476349
v 0.32213415 0.30046954 0.31225046
v 0.24861217 -0.45148180 -0.09373599
v 0.15725852 -0.13723786 0.12706943
v 0.18076065 -0.12318296 0.15295115
v 0.08892537 -0.11000903 0.09223274
v 0.06183181 -0.09348895 0.08773230
v 0.18335483 -0.09927080 0.17674758
v 0.18228825 -0.13013720 0.12919287
v 0.23922452 -0.40747556 -0.25555902
v 0.22695050 -0.44585449 -0.11453431
v 0.20203604 -0.08911615 0.18886957
v 0.20715546 -0.09290356 0.17247099
v 0.20111353 -0.09863138 0.15731149
v 0.23835530 -0.07795708 0.17293805
v 0.19895133 -0.10389488 0.14565165
v -0.39771938 -0.42483385 -0.15452520
v 0.19234540 -0.45151165 -0.09359216
v -0.05699029 -0.34839225 0.11715260
v 0.22152279 -0.09139757 0.15281840
v 0.20844905 -0.09927234 0.12600512
v -0.05476582 -0.31683661 0.11577926
v 0.21053526 -0.09921586 0.09759712
v 0.17602400 -0.12058700 0.08623600
v 0.22719974 -0.08416457 0.14035201
v 0.18866539 -0.12624594 0.11455142
v 0.22127348 -0.08397298 0.11420707
v 0.05673081 -0.35345690 0.11396810
v 0.18451774 -0.12432753 0.10055395
v 0.25914623 -0.43662055 -0.14921659
v 0.21529537 -0.09143784 0.09023157
v 0.37170714 -0.45120562 -0.10532719
v 0.20806232 -0.09932620 0.07704352
v 0.20556803 -0.44378993 -0.12286749
v 0.23036365 -0.08781298 0.07247693
v 0.29437711 -0.44455025 -0.12541487
v 0.22467329 -0.08544745 0.08477715
v -0.18129489 -0.42761472 -0.16064837
v 0.26785524 -0.05819081 0.04437052
v 0.09808968 -0.34321253 0.10573806
v 0.13267367 -0.12253203 0.09326091
v 0.17404920 -0.13349144 0.11469033
v 0.16113231 -0.13319460 0.10982643
v 0.31326050 -0.43949365 -0.14447169
v 0.16012175 -0.09026147 0.20174408
v 0.15859718 -0.07202165 0.21291950
v 0.18051144 -0.06049547 0.20963309
v 0.07694796 -0.35030843 0.11126791
v -0.19210672 -0.38612265 -0.30885500
v -0.03355447 0.23492077 0.25692328
v 0.16876917 -0.12215354 0.16837691
v 0.29340351 -0.44192040 -0.13390593
v 0.17912843 -0.10164382 0.17686803
v 0.20393640 -0.08618144 0.18840029
v 0.19502886 -0.07748196 0.19973746
v 0.15687937 -0.06236861 0.22428019
v 0.16608510 -0.44739549 -0.10871394
v 0.08919187 -0.06655513 0.23230611
v 0.18068643 -0.08179497 0.20332760
v 0.01290579 -0.05602508 0.14277127
v 0.02363588 -0.06240502 0.15439833
v 0.00398631 -0.04668293 0.14517671
v 0.02846398 -0.05396452 0.18062499
v 0.00689268 -0.03760294 0.16420598
v 0.07086967 -0.07627504 0.20595816
v 0.12442800 -0.12607334 0.15931291
v 0.03819411 -0.08063243 0.13812973
v 0.19723250 -0.06789730 0.19796283
v -0.37809440 -0.18131667 -0.00085773
v -0.25594453 -0.23760013 0.04430787
v -0.26229455 -0.19739059 0.03850619
v -0.35191809 -0.22086928 0.02094304
v 0.22517105 -0.40202893 -0.27311889
v -0.35722723 -0.20378716 0.02086169
v 0.21405201 -0.44109201 -0.13372700
v -0.32570787 -0.20311071 0.03630380
v -0.34406099 -0.19637001 0.02869800
v -0.42328765 -0.43215369 -0.12757529
v -0.26960501 -0.19078269 0.03764372
v 0.06358466 -0.09750579 0.08193548
v 0.07717412 -0.10002070 0.07335746
v -0.19486624 -0.31708291 0.08926456
v 0.32409619 0.38106625 -0.00067907
v 0.08318964 -0.11093367 0.05613989
v 0.08983472 -0.10359734 0.05858608
v 0.10395299 -0.10341466 0.03984351
v 0.18445387 -0.11175424 0.07385132
v 0.31966365 0.37485169 -0.01537079
v 0.13961841 -0.10639816 0.03541052
v 0.21398130 -0.09525949 0.05892771
v 0.14504561 -0.09270415 0.01223206
v -0.00201385 -0.38114141 -0.33833148
v 0.20653200 -0.09478600 0.04415100
v 0.14627181 -0.09996439 0.02317416
v 0.21692902 -0.08278671 0.02933560
v 0.22146815 -0.09126030 0.05414331
v 0.17844939 -0.08339434 0.01043137
v 0.32327835 0.19389058 0.33555262
v -0.03869369 -0.44938444 -0.08829449
v 0.21314041 -0.07152909 0.01593653
v 0.21820048 -0.07999134 0.02796973
v 0.16041275 -0.06834320 -0.00854485
v 0.10492193 -0.11177224 0.06801303
v 0.28676691 -0.24525735 -0.01429065
v 0.37868713 0.22766322 0.27978282
v 0.05151539 -0.12807444 0.06892287
v 0.04758304 -0.11572467 0.07808772
v 0.34401610 0.33376828 -0.01139285
v 0.07747044 -0.44150287 -0.12622973
v 0.21328059 -0.44004640 -0.13853146
v 0.29723153 -0.21446695 -0.01922112
v 0.07087028 -0.44822016 -0.10131925
v 0.31490155 -0.41379044 -0.23921185
v 0.33076175 -0.20320713 -0.04277313
v 0.33190810 -0.18054335 -0.05199237
v 0.12681628 -0.06872073 0.24178645
v 0.36873625 -0.43244606 -0.17192389
v -0.02231747 -0.03537682 0.13553722
v 0.03065544 -0.08601349 0.10811635
v -0.00245357 -0.05394491 0.13475623
v 0.13141302 -0.06832893 -0.01354586
v 0.16678584 -0.06007878 -0.01252919
v 0.20256565 -0.04707747 -0.00152592
v -0.24212400 -0.41851840 -0.18865639
v 0.20102492 -0.28029406 0.04530131
v 0.33299799 0.32199460 -0.02868155
v 0.09653755 -0.26724570 0.08472075
v 0.41020847 0.29612723 0.09509839
v 0.40496530 0.31065850 0.08518712
v 0.24766326 -0.23790929 -0.00203395
v 0.04447633 -0.43941250 -0.12993363
v 0.22466215 -0.22556739 -0.00023411
v 0.34767452 0.22138475 0.31689630
v 0.23664536 -0.21028001 -0.00692917
v 0.26411757 -0.21704250 -0.00934401
v -0.08640720 -0.17667742 0.08814269
v 0.08100794 -0.23654110 0.08268310
v 0.09732954 -0.44386717 -0.11964220
v 0.07820897 -0.19189262 0.07451949
v 0.28114987 -0.19677400 -0.01521379
v 0.20008482 -0.17331982 -0.01844497
v 0.28714598 -0.17463473 -0.02171621
v -0.06001383 -0.44307586 -0.11049131
v -0.06469124 -0.44735052 -0.09450143
v 0.08286766 -0.17153717 0.06212878
v 0.04778484 -0.17767868 0.07612017
v 0.21731606 -0.17644026 -0.01957298
v 0.02105054 -0.33643376 0.11215762
v 0.23103265 -0.13568963 -0.03923072
v -0.01891609 -0.31919990 0.11387410
v 0.32512264 -0.42707844 -0.18949053
v 0.19392926 -0.14221271 -0.03275278
v 0.26310863 -0.12408087 -0.05202147
v 0.19962701 -0.13189404 -0.04097388
v 0.24407261 -0.12370555 -0.04878238
v 0.05803665 -0.14539529 0.06008144
v 0.02386305 -0.11990318 0.08425199
v 0.22282093 -0.11589165 -0.05683958
v 0.25828874 -0.26861769 0.00145329
v 0.32025350 -0.20397243 -0.03289702
v 0.27916148 -0.43210570 -0.16967940
v 0.27255805 -0.26190196 -0.00726793
v 0.18049248 0.29343710 0.35177579
v -0.13521741 -0.43753229 -0.12676841
v 0.20252045 0.30021928 0.35043101
v 0.23912806 -0.25683354 0.00651291
v 0.13506600 -0.27691703 0.07169503
v 0.01618954 -0.44057855 -0.12401820
v 0.14253200 -0.22908022 0.04346825
v 0.15930729 -0.24934958 0.04389161
v 0.17516542 -0.20889097 0.00768177
v -0.12717141 -0.44651015 -0.09510632
v 0.18280409 -0.20018458 0.00010005
v 0.12941090 -0.21072675 0.04653698
v 0.17950682 -0.40284362 -0.27196992
v 0.10397551 -0.22183061 0.06752745
v 0.20080100 -0.42992420 -0.17440587
v 0.30395832 -0.42984889 -0.17842290
v 0.28850257 -0.15893126 -0.03015654
v 0.27247933 0.27777273 0.34949850
v -0.00072417 -0.43807350 -0.13121826
v 0.19129327 -0.16312239 -0.01960501
v 0.30605038 -0.15597160 -0.03896735
v 0.30518174 -0.14917426 -0.04600138
v 0.23737735 -0.43411888 -0.15869156
v 0.15736125 -0.16576168 0.00620684
v 0.17039510 -0.18402046 0.00142246
v -0.09235456 -0.44186727 -0.11355895
v 0.15867951 -0.16223182 0.00313459
v 0.13492088 -0.16084846 0.01967880
v 0.28846909 -0.14160872 -0.04218185
v 0.11108833 -0.16466525 0.04105977
v 0.18451090 -0.15024636 -0.02343973
v 0.27913763 -0.12259507 -0.06154243
v 0.23388833 0.27691385 0.35583816
v 0.06133433 -0.16261572 0.06193009
v 0.19114638 0.28581064 0.35523157
v 0.09135017 -0.15318417 0.03605842
v 0.17132847 0.27045278 0.35579278
v 0.08674627 -0.15024927 0.03746370
v 0.37611217 -0.42623691 -0.19827393
v -0.00064246 -0.30349201 0.11043340
v 0.10006669 -0.14162650 0.01578135
v 0.18277719 -0.13921134 -0.03116812
v 0.07027305 -0.15077935 0.05221208
v 0.25566272 0.26256348 0.35662469
v 0.07161971 -0.43784701 -0.13862906
v 0.28627482 0.25188267 0.34966535
v 0.10432065 -0.12673316 0.00624957
v -0.16549643 -0.44354843 -0.10292568
v 0.16222922 -0.12987047 -0.03473080
v 0.08143958 -0.13448269 0.04691794
v -0.00048832 -0.41546203 -0.21291780
v 0.30966180 0.25348469 0.33783133
v 0.14077452 -0.09549604 -0.05513715
v 0.17754275 -0.07451400 -0.09870376
v -0.15120495 -0.41531881 -0.20605388
v -0.14484521 -0.38392403 -0.31848894
v 0.20993992 -0.43327221 -0.16342692
v -0.11780325 -0.23093829 0.09321921
v 0.24381646 -0.42762148 -0.18313375
v -0.09004031 -0.12257549 0.06649896
v -0.13041672 -0.10526822 0.04853578
v -0.07305227 -0.09267363 0.07460142
v -0.05428000 -0.09134400 0.08691000
v -0.09927538 -0.05897127 0.06329414
v -0.03320697 -0.06400462 0.11264141
v 0.25592012 -0.43003849 -0.17635774
v -0.11621908 -0.17716853 0.08566339
v -0.13723359 -0.15800686 0.07080018
v -0.03471054 -0.43869516 -0.12753183
v 0.03883835 -0.21622306 0.09020658
v -0.22749085 -0.07420934 -0.02972953
v -0.19969039 -0.06140735 -0.02731454
v -0.15399294 -0.07350454 0.02248091
v 0.17856727 -0.44263486 -0.12656285
v -0.15166074 -0.06799703 0.02229216
v -0.17719561 -0.04589939 -0.02751244
v -0.13015999 -0.05701657 0.04122268
v -0.19003943 -0.24083713 0.07083754
v -0.21824684 -0.38316632 -0.31808874
v 0.28225973 0.25147787 0.35022187
v -0.11837485 -0.04606558 0.04960792
v -0.19996555 -0.20957538 0.05841692
v -0.02024456 -0.43787434 -0.13151210
v -0.17194422 -0.17521684 0.06525093
v -0.17297909 -0.44732613 -0.08918744
v -0.02891129 -0.17468489 0.08590192
v -0.20609010 -0.14559393 0.04033010
v -0.10902100 -0.43901700 -0.12209600
v -0.08551309 -0.43698017 -0.13227947
v -0.13083795 -0.13993360 0.06156060
v -0.14351719 -0.13727250 0.05637594
v -0.22210472 -0.12195427 0.01469023
v -0.21891091 -0.10059133 -0.00259113
v -0.20274647 -0.10991734 0.01103279
v -0.20376900 -0.09888400 0.00236100
v -0.25643974 -0.08396630 -0.03253242
v -0.15266608 -0.11273866 0.03887545
v -0.17654156 -0.09471199 0.01577616
v -0.16349757 -0.08600073 0.02069306
v -0.15577844 -0.10673540 0.03343163
v -0.19111098 -0.06894605 -0.01532025
v -0.11732926 -0.06121118 0.05228718
v -0.04978474 -0.05333899 0.10613665
v -0.08280920 -0.05333811 0.07558158
v -0.17468184 -0.28206736 0.08974831
v 0.14703790 -0.05308859 -0.10882641
v -0.37481403 -0.42636817 -0.15015030
v 0.12715710 -0.06041472 -0.07974352
v 0.05525841 -0.27382486 0.09897101
v 0.11964941 -0.07973875 -0.05353508
v 0.14424916 -0.07459169 -0.07818798
v 0.36595554 0.22869598 0.29737428
v 0.20391468 -0.07570631 -0.13198151
v 0.04940416 -0.31917708 0.10698102
v 0.12610024 -0.05072293 -0.08806038
v 0.11803982 -0.03608562 -0.09908689
v -0.28091343 -0.42231384 -0.17436704
v -0.08874544 -0.25542616 0.10463905
v 0.17649869 0.22846509 0.35432136
v 0.29660698 -0.13637460 -0.15678273
v 0.25925949 -0.11102513 -0.16564584
v 0.24366479 -0.10805814 -0.17321804
v 0.31628354 0.21632927 0.33863145
v 0.17749299 -0.09395401 -0.19814634
v 0.24512572 -0.09922193 -0.15722595
v 0.23305642 -0.08832184 -0.14184172
v 0.14579254 -0.05223594 -0.13795887
v 0.17673496 -0.07272649 -0.16640954
v 0.14193226 -0.05540658 -0.15379617
v 0.35533278 -0.42114669 -0.21418851
v -0.08140511 -0.41900130 -0.19700923
v 0.11857149 -0.03994491 -0.13482916
v -0.12125203 -0.43201804 -0.14780472
v 0.12909697 -0.04041100 -0.03345015
v 0.18646645 -0.42185119 -0.20111517
v 0.35835211 0.30614621 -0.02951403
v 0.11797800 -0.05248175 -0.07274775
v 0.03033488 -0.07220888 -0.20096676
v -0.22561500 -0.44416052 -0.09825551
v -0.32189879 -0.12958623 -0.13624912
v -0.31236582 -0.10960440 -0.11760552
v -0.15311520 -0.43684781 -0.12895812
v -0.29796444 -0.09667465 -0.10627101
v -0.26474365 -0.08097887 -0.10870491
v -0.31061897 -0.10013068 -0.06540402
v -0.25233690 -0.07419674 -0.08560687
v 0.01866124 -0.42637494 -0.17342254
v -0.36682504 -0.13754375 -0.05926465
v -0.25880942 -0.07888879 -0.05063104
v -0.39497010 -0.20504056 -0.12968977
v -0.36310747 -0.14754920 -0.09717477
v -0.32837244 -0.11390935 -0.02478214
v 0.35740301 0.29282299 -0.02960900
v -0.23026064 -0.06667758 -0.04576053
v 0.03041765 -0.40228576 -0.26404754
v -0.16241078 -0.05334447 -0.00340778
v -0.42245769 -0.42120704 -0.16609104
v -0.02862849 -0.23480735 0.10236644
v -0.21791089 -0.19720010 0.04897039
v -0.23298979 -0.16516701 0.03615403
v -0.22369462 -0.16654991 0.04074682
v -0.21226357 -0.15890564 0.04442544
v -0.23265949 -0.14284460 0.02749525
v -0.24822645 -0.13851582 0.01959739
v -0.26452984 -0.12428338 0.01009990
v 0.29495741 0.42564756 0.14462422
v -0.05391846 -0.22622546 0.10313856
v -0.25636716 -0.10037373 -0.01174450
v 0.09902595 -0.42777380 -0.17732166
v -0.34147717 -0.17298073 0.02822982
v -0.07118489 -0.25355799 0.10669935
v -0.24159002 -0.44366374 -0.09774419
v -0.33552416 -0.15895437 0.02544841
v -0.33094145 -0.14747577 0.01937943
v -0.34811836 -0.15314291 0.01513270
v -0.14273471 -0.43469661 -0.13629928
v 0.16537372 -0.39325957 -0.30597242
v -0.17088065 -0.42721407 -0.16116806
v -0.28019156 -0.12334721 0.00830002
v -0.33442489 -0.12800316 -0.00677131
v -0.28201311 -0.13480285 0.01586520
v -0.31127427 -0.14503121 0.02244578
v -0.31039703 -0.11162623 -0.01404045
v 0.31137014 0.39602732 0.19298207
v 0.31518058 0.39538956 0.17862296
v -0.35726559 -0.42342923 -0.16282054
v -0.17942026 -0.43640527 -0.12814763
v -0.24311177 -0.11081401 0.00108055
v 0.27023503 0.44188089 0.15343291
v -0.27422113 -0.17290821 0.03159656
v -0.34593887 -0.40924592 -0.21583487
v 0.27210871 -0.43814488 -0.14490163
v -0.15849137 -0.41795044 -0.19652626
v 0.01818668 -0.38378289 -0.32928150
v -0.30572385 -0.43903181 -0.11245159
v -0.37026386 -0.40308446 -0.23543190
v 0.18495740 -0.42478520 -0.19026284
v -0.03591148 -0.37870152 -0.34410684
v -0.20633950 -0.40312539 -0.24662346
v 0.22547955 -0.42411053 -0.19694287
v -0.26598618 -0.39079277 -0.28713956
v -0.00191470 -0.40996115 -0.23349125
v -0.15766927 -0.39906855 -0.26273193
v 0.32570769 0.41293362 0.10617912
v 0.10448346 -0.40960494 -0.24379469
v -0.12074414 -0.39963987 -0.26386795
v -0.30187494 -0.42971085 -0.14740510
v -0.20693561 -0.43685785 -0.12500364
v -0.06689467 -0.43193028 -0.15113443
v -0.06708840 -0.42487970 -0.17665057
v -0.11796259 -0.40922390 -0.22950863
v 0.32894631 0.39255004 0.14811477
v 0.25365263 -0.41710421 -0.22259477
v -0.12873488 -0.25755471 0.09549256
f 2 8 4
f 214 2 4
f 372 371 8
f 4 495 493
f 500 4 371
f 495 4 500
f 4 8 371
f 6 2 217
f 201 202 256
f 11 415 161
f 364 196 415
f 33 475 476
f 32 396 475
f 116 473 431
f 434 435 472
f 472 470 434
f 467 470 472
f 467 472 466
f 466 472 468
f 466 464 45
f 45 467 466
f 1166 1875 2204
f 45 73 467
f 45 69 73
f 45 464 27
f 745 677 529
f 448 366 143
f 363 512 161
f 366 448 410
f 528 531 530
f 678 531 677
f 358 366 410
f 531 534 530
f 358 508 366
f 365 406 185
f 677 1347 678
f 9 406 355
f 185 406 9
f 9 481 185
f 143 363 161
f 1347 681 678
f 456 375 417
f 535 1433 1347
f 162 450 415
f 356 358 448
f 358 410 448
f 681 682 534
f 413 462 375
f 405 406 407
f 406 405 355
f 308 193 355
f 514 2407 418
f 545 169 3320
f 416 461 417
f 416 414 461
f 483 357 161
f 375 416 417
f 416 375 414
f 412 415 11
f 2401 375 462
f 2401 414 375
f 771 3320 169
f 549 694 691
f 2761 232 387
f 342 419 200
f 413 376 419
f 502 323 373
f 371 239 236
f 372 239 371
f 372 370 373
f 407 411 405
f 405 411 355
f 8 3 370
f 514 418 461
f 373 323 239
f 196 361 409
f 415 441 364
f 415 186 441
f 9 355 193
f 155 2150 473
f 3190 3232 3191
f 2150 440 477
f 59 440 2150
f 437 440 59
f 476 477 440
f 475 139 477
f 472 435 437
f 440 436 172
f 139 475 2939
f 397 139 2939
f 468 472 437
f 309 106 297
f 42 310 309
f 565 561 562
f 565 566 561
f 567 565 564
f 392 898 2364
f 570 567 569
f 248 307 252
f 570 568 567
f 572 3080 568
f 340 248 507
f 340 307 248
f 340 303 305
f 73 44 97
f 302 303 340
f 302 390 303
f 390 44 73
f 390 301 44
f 50 242 297
f 340 507 339
f 302 301 390
f 96 301 302
f 302 79 299
f 83 106 309
f 230 222 292
f 288 387 352
f 288 2761 387
f 291 293 328
f 2207 2226 2223
f 384 328 219
f 291 352 293
f 288 352 291
f 289 64 334
f 222 219 292
f 288 291 328
f 383 395 382
f 282 2761 284
f 6 384 219
f 288 328 384
f 217 284 288
f 7 384 6
f 7 217 288
f 7 288 384
f 287 289 330
f 708 2986 577
f 279 289 287
f 382 392 383
f 786 2986 708
f 275 278 282
f 271 278 275
f 494 211 326
f 276 279 287
f 279 63 270
f 268 509 271
f 509 268 333
f 509 324 404
f 402 84 381
f 753 735 594
f 2718 267 342
f 2708 265 266
f 266 201 2708
f 380 84 402
f 357 380 402
f 198 264 324
f 198 308 264
f 380 357 100
f 1900 419 345
f 1256 1278 587
f 411 264 308
f 1282 585 583
f 1900 413 419
f 253 479 257
f 308 355 411
f 505 319 357
f 319 505 409
f 256 356 448
f 356 256 358
f 415 483 161
f 2422 2420 461
f 278 271 277
f 488 268 271
f 251 17 20
f 545 547 549
f 246 244 243
f 248 252 504
f 507 248 504
f 339 507 504
f 339 504 244
f 3050 55 3569
f 340 305 307
f 243 353 374
f 44 242 316
f 239 323 332
f 239 332 238
f 44 42 503
f 503 242 44
f 297 242 503
f 502 293 329
f 42 297 503
f 309 297 42
f 236 239 240
f 298 293 502
f 228 325 369
f 298 328 293
f 228 234 325
f 236 2073 371
f 234 228 230
f 230 292 234
f 322 369 3
f 369 322 228
f 501 371 2073
f 229 230 228
f 2584 593 1139
f 2975 3724 604
f 498 500 371
f 604 607 2584
f 610 2584 607
f 610 593 2584
f 3724 607 604
f 222 230 229
f 218 232 2761
f 223 228 3
f 223 229 228
f 218 330 232
f 5 222 229
f 5 229 223
f 278 218 2761
f 498 501 227
f 3 5 223
f 222 5 221
f 219 222 221
f 607 3724 611
f 607 611 610
f 6 221 5
f 220 282 278
f 1933 498 227
f 500 497 495
f 280 287 330
f 497 500 498
f 6 219 221
f 2706 610 611
f 494 330 218
f 494 218 278
f 215 278 277
f 498 2031 497
f 3724 2710 611
f 1933 2031 498
f 217 2 214
f 217 282 284
f 2710 2706 611
f 492 214 4
f 493 495 497
f 278 215 494
f 276 287 280
f 217 214 275
f 211 215 277
f 610 2706 616
f 610 616 1380
f 488 214 492
f 274 276 280
f 206 211 277
f 493 497 2031
f 275 282 217
f 211 494 215
f 326 274 494
f 488 275 214
f 482 488 492
f 489 493 2031
f 616 2710 617
f 492 493 343
f 489 2031 2718
f 489 343 493
f 274 63 276
f 289 279 400
f 271 275 488
f 207 326 211
f 3 8 2
f 1502 1635 113
f 208 277 271
f 207 211 206
f 206 277 208
f 492 343 200
f 486 206 509
f 509 404 486
f 487 343 489
f 1152 596 595
f 486 204 206
f 342 487 489
f 268 488 321
f 207 206 204
f 512 486 404
f 342 343 487
f 510 321 488
f 510 488 482
f 207 204 202
f 200 343 342
f 161 512 11
f 202 201 207
f 207 201 266
f 587 3094 1230
f 198 321 510
f 484 202 204
f 484 508 202
f 200 482 506
f 198 268 321
f 597 622 599
f 260 202 508
f 260 256 202
f 2762 598 622
f 481 482 200
f 366 484 204
f 508 484 366
f 358 256 260
f 196 483 415
f 481 200 185
f 198 479 308
f 601 600 2762
f 479 198 257
f 505 357 483
f 358 260 508
f 510 480 198
f 621 622 597
f 505 483 196
f 253 257 198
f 480 253 198
f 193 510 481
f 253 480 510
f 9 193 481
f 196 409 505
f 193 253 510
f 308 479 253
f 193 308 253
f 512 404 11
f 220 2761 282
f 278 2761 220
f 3229 3239 622
f 323 244 332
f 3192 624 586
f 624 627 1164
f 624 3192 627
f 158 151 473
f 474 158 473
f 158 188 151
f 158 183 182
f 3 369 370
f 182 188 158
f 179 182 183
f 3004 2508 2519
f 183 167 179
f 179 188 182
f 594 735 696
f 157 181 398
f 180 188 179
f 2850 2849 2900
f 168 188 180
f 152 2867 2872
f 737 2184 2111
f 441 168 180
f 179 441 180
f 186 168 441
f 179 442 441
f 441 442 361
f 455 375 456
f 455 2306 447
f 2392 2856 2397
f 365 447 406
f 444 167 183
f 167 444 179
f 170 139 156
f 2150 477 170
f 156 134 170
f 294 133 154
f 155 473 137
f 149 134 156
f 151 137 473
f 633 2088 2090
f 2853 2871 2849
f 429 149 173
f 735 753 770
f 420 122 123
f 123 422 429
f 429 173 123
f 2315 2395 2396
f 402 399 112
f 448 144 112
f 99 448 112
f 448 143 144
f 637 2088 633
f 376 413 375
f 168 151 188
f 174 151 168
f 2409 2397 2371
f 181 183 474
f 541 169 545
f 2919 867 868
f 2853 2849 2850
f 398 474 103
f 398 181 474
f 638 634 640
f 638 640 2126
f 640 2135 2126
f 179 444 443
f 168 2993 3245
f 157 444 181
f 2993 186 449
f 639 2088 637
f 2993 168 186
f 449 3245 2993
f 2134 2131 634
f 2131 640 634
f 450 449 186
f 157 443 444
f 157 451 164
f 417 461 3245
f 634 2224 2229
f 417 3245 449
f 2409 2411 2397
f 451 361 443
f 449 450 456
f 417 449 456
f 409 361 451
f 2224 2223 2226
f 319 451 157
f 409 451 319
f 162 456 450
f 447 456 162
f 447 2306 456
f 407 162 415
f 365 375 447
f 162 406 447
f 407 406 162
f 140 173 149
f 2088 1184 636
f 2199 2207 2223
f 141 118 392
f 707 1069 762
f 112 144 402
f 2131 642 640
f 2208 2207 2199
f 2939 391 397
f 139 397 2138
f 1875 2715 2204
f 118 121 392
f 552 594 732
f 2908 2903 962
f 2209 2208 2199
f 2150 155 142
f 426 88 89
f 137 118 141
f 133 109 2138
f 651 648 2135
f 139 109 133
f 140 156 139
f 2847 2905 2900
f 106 133 2138
f 135 139 133
f 431 2150 170
f 173 139 135
f 173 140 139
f 149 156 140
f 297 106 300
f 3275 644 1875
f 2715 1875 644
f 427 173 135
f 154 133 106
f 134 116 431
f 654 639 647
f 149 429 134
f 429 430 134
f 2135 650 651
f 137 174 446
f 427 135 133
f 147 173 131
f 133 147 427
f 653 647 651
f 147 123 173
f 127 126 148
f 174 459 446
f 83 147 294
f 126 127 160
f 160 127 446
f 125 2407 160
f 126 160 2407
f 650 662 651
f 83 124 147
f 124 123 147
f 125 418 2407
f 2689 2694 2693
f 418 125 160
f 83 123 124
f 420 123 83
f 459 418 446
f 422 123 145
f 2995 418 459
f 461 418 2995
f 289 400 420
f 420 82 289
f 102 103 380
f 102 398 103
f 100 102 380
f 400 101 420
f 100 398 102
f 403 101 400
f 399 402 122
f 1076 461 414
f 122 101 399
f 403 112 101
f 270 403 279
f 319 398 100
f 164 443 157
f 443 164 451
f 357 319 100
f 161 357 402
f 143 402 144
f 157 398 319
f 402 143 161
f 659 664 652
f 651 654 653
f 2708 112 265
f 2401 462 413
f 2708 99 112
f 2278 654 651
f 448 99 2708
f 411 412 11
f 404 264 11
f 11 264 411
f 411 407 412
f 2708 256 448
f 2165 2278 651
f 529 528 656
f 45 43 70
f 652 658 2320
f 43 303 70
f 666 660 528
f 666 663 655
f 664 658 652
f 303 71 69
f 73 303 390
f 666 655 660
f 302 299 96
f 2320 658 662
f 2165 651 657
f 352 299 79
f 663 575 655
f 295 293 352
f 2900 2905 2850
f 379 126 2407
f 112 270 265
f 2278 2165 654
f 3362 2274 654
f 930 2337 383
f 1658 3362 654
f 3306 3307 269
f 530 666 528
f 575 663 668
f 269 3298 3306
f 56 192 1979
f 395 383 90
f 395 90 67
f 531 528 529
f 675 664 680
f 385 392 382
f 575 674 664
f 530 536 666
f 394 141 392
f 385 395 142
f 529 677 531
f 120 121 118
f 385 142 141
f 666 536 663
f 117 130 121
f 155 141 142
f 137 120 118
f 391 66 89
f 530 534 536
f 117 120 137
f 674 575 669
f 127 117 137
f 2138 397 88
f 670 663 536
f 148 130 117
f 127 148 117
f 426 2138 88
f 379 148 126
f 300 426 66
f 2436 379 2407
f 675 2190 664
f 297 300 65
f 429 87 430
f 104 116 430
f 427 147 131
f 122 87 429
f 87 86 430
f 84 3420 104
f 103 474 3420
f 668 669 575
f 641 2126 2135
f 122 84 86
f 122 86 87
f 84 103 3420
f 2489 2130 637
f 536 671 670
f 634 2126 2129
f 658 2190 675
f 84 380 103
f 669 668 673
f 1891 82 83
f 82 420 83
f 122 381 84
f 402 381 122
f 668 670 671
f 64 289 1891
f 270 112 403
f 80 270 63
f 266 265 36
f 1069 2055 1068
f 2193 2199 2223
f 536 2072 542
f 347 236 1834
f 669 2114 2024
f 65 300 66
f 92 91 90
f 67 90 91
f 77 67 91
f 534 682 2072
f 395 67 77
f 685 2040 675
f 77 437 59
f 111 437 77
f 3924 1410 671
f 2150 395 59
f 676 674 669
f 391 2939 396
f 2072 682 542
f 58 437 111
f 535 1347 677
f 681 534 678
f 542 543 671
f 668 684 673
f 468 437 58
f 74 391 396
f 74 396 34
f 56 58 192
f 468 58 56
f 56 75 468
f 2735 2847 2760
f 2936 2930 2923
f 844 1773 468
f 74 317 50
f 65 66 245
f 30 49 470
f 73 97 470
f 46 317 316
f 44 30 470
f 674 2030 680
f 1358 542 682
f 316 30 44
f 671 1410 684
f 46 242 317
f 674 676 1414
f 84 104 430
f 69 71 73
f 45 70 69
f 84 430 86
f 301 299 44
f 303 69 70
f 299 42 44
f 303 73 71
f 237 42 299
f 12 48 1800
f 305 303 43
f 40 307 43
f 237 310 42
f 310 41 83
f 83 309 310
f 681 1355 1409
f 770 796 735
f 41 310 237
f 40 252 307
f 2146 2142 1717
f 2024 688 676
f 299 38 235
f 37 299 235
f 352 38 299
f 387 38 352
f 37 235 334
f 41 37 64
f 334 235 387
f 79 302 340
f 37 334 64
f 295 340 329
f 293 295 329
f 330 289 334
f 387 330 334
f 2073 236 347
f 3924 107 1410
f 676 689 1414
f 36 265 80
f 502 35 292
f 1956 1950 676
f 36 274 326
f 554 107 693
f 502 292 328
f 676 1950 689
f 324 509 333
f 325 292 35
f 324 333 268
f 246 243 374
f 244 246 374
f 240 244 374
f 239 238 244
f 33 32 475
f 74 245 66
f 434 33 172
f 33 396 32
f 33 34 396
f 50 245 74
f 317 74 34
f 3734 695 693
f 33 317 34
f 49 33 31
f 31 434 470
f 33 49 30
f 29 33 30
f 31 470 49
f 29 317 33
f 316 317 29
f 30 316 29
f 43 360 27
f 705 554 693
f 22 377 464
f 464 378 22
f 464 466 378
f 2936 2965 2934
f 22 28 377
f 554 702 690
f 26 28 314
f 28 26 24
f 2400 2401 2399
f 378 25 22
f 19 27 24
f 23 22 25
f 19 43 27
f 2441 2440 2960
f 19 40 43
f 18 20 314
f 48 353 378
f 19 252 40
f 12 353 48
f 23 378 353
f 23 25 378
f 18 314 22
f 251 24 26
f 698 690 702
f 21 26 314
f 23 18 22
f 20 21 314
f 243 23 353
f 17 26 21
f 17 251 26
f 24 251 19
f 2440 2442 2963
f 251 252 19
f 504 20 18
f 20 504 249
f 20 249 251
f 14 252 251
f 249 14 251
f 249 252 14
f 332 244 238
f 13 502 373
f 502 325 35
f 369 373 370
f 13 325 502
f 13 373 369
f 2712 2711 362
f 13 369 325
f 466 468 48
f 298 502 328
f 190 28 22
f 28 190 314
f 21 20 17
f 244 18 23
f 431 170 134
f 75 844 468
f 577 95 1244
f 377 28 27
f 185 375 365
f 185 376 375
f 375 455 447
f 418 160 446
f 415 450 186
f 366 363 143
f 179 361 442
f 134 430 116
f 427 131 173
f 133 294 147
f 106 294 154
f 97 44 470
f 45 27 360
f 45 360 43
f 420 101 122
f 708 577 1244
f 2590 2577 349
f 853 852 2004
f 48 378 466
f 240 239 244
f 1834 236 240
f 80 265 270
f 79 340 295
f 36 80 63
f 387 232 330
f 36 326 207
f 66 391 74
f 316 242 46
f 299 301 96
f 305 43 307
f 295 352 79
f 325 234 292
f 243 244 23
f 18 244 504
f 245 50 65
f 37 237 299
f 37 41 237
f 387 235 38
f 2569 2711 354
f 271 509 208
f 208 509 206
f 242 50 317
f 314 190 22
f 506 492 200
f 422 122 429
f 185 200 376
f 376 200 419
f 329 339 323
f 323 339 244
f 711 708 1244
f 518 1558 964
f 3247 3312 3335
f 3827 525 524
f 2590 349 2661
f 525 15 524
f 2970 2965 438
f 3190 561 1722
f 718 722 710
f 2986 1702 716
f 1319 710 722
f 1319 727 710
f 2986 578 1702
f 736 1295 719
f 561 566 723
f 1999 1993 844
f 729 722 2931
f 566 722 723
f 727 1654 729
f 1604 722 566
f 1604 2931 722
f 2400 414 2401
f 1715 736 1320
f 3080 3040 1604
f 727 1570 725
f 1336 3003 2988
f 1570 727 729
f 2931 2925 729
f 2932 2942 1499
f 2301 1799 2178
f 1799 784 2178
f 2989 438 2998
f 2269 2270 1831
f 465 2269 3151
f 2041 1890 1889
f 2862 247 2756
f 748 1877 1871
f 1893 745 749
f 1878 1870 791
f 1870 1858 791
f 1870 835 834
f 2494 2660 2659
f 3340 1089 3280
f 1879 537 755
f 535 755 537
f 3009 2987 2994
f 759 810 808
f 582 424 2657
f 541 808 763
f 763 808 810
f 807 805 795
f 810 169 763
f 48 1773 895
f 2126 2130 2489
f 1333 1289 764
f 1289 169 810
f 1289 810 764
f 768 771 169
f 1333 766 1289
f 819 774 1888
f 775 1888 774
f 547 3320 549
f 772 768 775
f 152 2872 2871
f 774 819 775
f 3008 3014 2994
f 775 819 815
f 2127 634 2129
f 3008 3035 3014
f 781 778 775
f 780 778 781
f 1113 780 781
f 3191 3232 780
f 564 780 1113
f 782 564 1113
f 824 1113 820
f 2883 2618 2622
f 782 824 564
f 824 1073 564
f 569 824 825
f 567 564 1073
f 2918 1023 1016
f 735 704 3417
f 1851 791 2049
f 785 644 2209
f 3028 2986 786
f 3028 3042 2986
f 2816 2699 2612
f 3534 614 189
f 888 2057 696
f 1985 1984 1863
f 756 791 1851
f 1841 1986 1984
f 1863 1851 1839
f 707 128 57
f 741 762 195
f 793 795 798
f 792 800 1995
f 1995 804 794
f 2753 2898 2755
f 761 1885 799
f 802 761 799
f 795 805 798
f 798 805 793
f 761 802 805
f 759 1885 761
f 128 707 726
f 759 808 1886
f 809 792 891
f 792 2005 800
f 805 802 793
f 809 765 792
f 765 2005 792
f 810 759 761
f 764 761 805
f 1333 764 805
f 809 806 2005
f 1819 833 3184
f 846 804 2005
f 806 841 2005
f 721 758 2057
f 808 541 537
f 842 809 891
f 842 1992 809
f 764 810 761
f 845 806 809
f 846 1333 807
f 811 1333 846
f 811 815 819
f 846 815 811
f 1117 2825 515
f 815 817 781
f 817 1120 781
f 855 828 818
f 2847 2735 2737
f 818 822 820
f 822 824 820
f 828 825 824
f 830 825 828
f 1023 828 827
f 726 707 762
f 828 1023 830
f 2922 2924 2919
f 758 732 2057
f 867 1023 827
f 832 2301 2178
f 594 696 2057
f 3271 3272 2041
f 3667 2844 2745
f 834 2050 1858
f 128 762 741
f 744 748 1871
f 1858 1870 834
f 748 744 834
f 791 1844 2049
f 809 2005 765
f 672 3417 704
f 1929 1928 837
f 1935 837 1928
f 2031 1932 1920
f 2919 2924 1016
f 3018 496 3067
f 1902 2053 3307
f 351 347 2075
f 3041 3052 3056
f 3289 2045 1957
f 838 2075 347
f 1158 588 1152
f 54 741 757
f 1976 1978 790
f 3047 3052 3041
f 1990 891 1978
f 1990 840 891
f 2108 2489 637
f 891 840 803
f 3062 3045 523
f 1773 844 1434
f 806 846 841
f 806 1195 846
f 1195 806 845
f 867 2919 1016
f 1992 842 1993
f 1016 1023 867
f 1195 845 2009
f 523 3045 513
f 1197 848 845
f 845 848 847
f 848 1197 2001
f 847 814 845
f 1993 877 2001
f 814 2009 845
f 1154 3462 1075
f 848 814 847
f 814 848 850
f 851 850 848
f 2007 2006 848
f 2006 851 848
f 814 850 817
f 818 851 2006
f 852 818 2006
f 790 1984 2071
f 850 818 817
f 818 852 853
f 818 850 851
f 3471 707 57
f 2004 539 853
f 2003 539 2004
f 90 2339 92
f 901 1988 1977
f 2096 2086 2101
f 1976 790 1973
f 2126 2489 2129
f 855 853 858
f 776 762 3462
f 853 539 857
f 735 796 752
f 855 858 823
f 861 859 854
f 854 859 539
f 859 857 539
f 860 859 861
f 1851 2051 2048
f 857 858 853
f 1851 2048 1839
f 272 882 1974
f 861 884 860
f 857 862 858
f 859 862 857
f 859 866 862
f 868 860 884
f 862 827 858
f 860 868 859
f 863 1974 882
f 859 868 866
f 3018 3060 3052
f 862 866 827
f 2086 2096 2153
f 867 827 866
f 2080 2096 3004
f 868 867 866
f 2096 2080 2153
f 863 869 872
f 552 732 758
f 594 826 753
f 890 2919 868
f 872 869 871
f 2919 890 871
f 872 871 890
f 3067 3091 3018
f 886 870 871
f 2079 2519 2508
f 769 826 594
f 892 2440 870
f 873 2922 871
f 490 2439 870
f 871 2953 873
f 2923 2922 873
f 2301 874 2284
f 2301 832 874
f 569 567 1073
f 1434 896 1773
f 779 752 796
f 2909 2912 2905
f 962 2909 2908
f 963 962 2903
f 2903 967 963
f 823 827 828
f 136 552 758
f 2738 965 2903
f 964 2903 965
f 921 121 130
f 922 898 921
f 76 1999 844
f 796 770 753
f 1999 877 1993
f 1979 192 879
f 2196 1829 1817
f 931 2337 393
f 192 1977 879
f 901 1977 192
f 90 383 2337
f 1987 241 901
f 241 2348 901
f 776 3462 733
f 3089 3111 3114
f 945 2339 2335
f 2453 2445 937
f 1996 861 854
f 724 779 796
f 733 762 776
f 3462 2159 1087
f 1974 884 861
f 1974 883 884
f 1777 85 757
f 948 2346 1251
f 950 948 951
f 916 272 905
f 948 908 2346
f 948 949 951
f 1974 863 883
f 2348 906 905
f 863 884 883
f 523 513 3122
f 272 863 882
f 272 910 863
f 872 884 863
f 908 1161 2346
f 884 872 868
f 906 916 905
f 2419 2403 2420
f 3106 3122 513
f 824 822 828
f 916 910 272
f 910 886 863
f 913 917 908
f 915 910 916
f 910 870 886
f 546 2569 2568
f 869 863 886
f 917 916 906
f 858 827 823
f 912 914 908
f 914 913 908
f 822 818 828
f 872 890 868
f 910 892 870
f 2440 910 915
f 2571 2682 2543
f 916 918 915
f 915 918 2440
f 914 2988 917
f 912 3013 914
f 917 2988 916
f 918 916 2988
f 1336 914 3013
f 823 828 855
f 2552 2543 2682
f 870 2439 871
f 2988 2442 918
f 2988 2963 2442
f 2026 1929 1914
f 48 894 1849
f 48 895 894
f 803 894 895
f 895 1773 803
f 896 803 1773
f 842 803 896
f 1434 1993 896
f 896 1993 842
f 1993 1434 844
f 2396 2367 2392
f 2307 2315 2323
f 707 1043 2055
f 2323 2315 1900
f 2401 413 2315
f 2900 2849 2760
f 966 2387 2319
f 1076 966 2413
f 966 1076 2318
f 2905 2912 2850
f 818 820 817
f 2420 2422 1076
f 2912 2909 2907
f 2422 461 1076
f 2681 2543 2552
f 855 818 853
f 594 552 1505
f 962 967 970
f 968 2436 1070
f 2436 968 379
f 3449 2435 2433
f 967 2903 970
f 996 965 2738
f 3127 3131 3148
f 1120 817 820
f 1000 971 969
f 3131 581 3148
f 2903 1558 970
f 2355 130 148
f 974 975 1000
f 1000 975 971
f 1093 1005 973
f 1010 919 1007
f 581 3131 3183
f 2349 956 974
f 1003 1005 1093
f 1010 921 919
f 626 1241 1884
f 921 1010 924
f 920 924 1010
f 898 121 921
f 977 978 1003
f 2515 582 2503
f 924 922 921
f 1777 849 85
f 2366 2364 898
f 1011 2354 1008
f 1009 978 977
f 1009 1012 978
f 2403 514 2420
f 2420 514 461
f 2354 981 2360
f 1012 1014 978
f 978 980 1015
f 1014 980 978
f 2057 3280 1089
f 1011 1013 2354
f 2273 1868 742
f 2902 3180 3174
f 928 931 393
f 2331 929 928
f 929 931 928
f 3183 603 3205
f 1014 1019 982
f 930 392 393
f 392 930 383
f 1022 1025 979
f 979 1025 926
f 3203 3188 3205
f 1478 1019 1014
f 934 932 926
f 393 2337 930
f 2402 2314 225
f 1020 983 1019
f 936 934 926
f 936 926 1025
f 937 938 934
f 625 3222 3182
f 943 936 1025
f 3229 3215 3222
f 1087 2159 733
f 2333 934 936
f 603 1162 602
f 815 813 817
f 813 814 817
f 940 2332 935
f 1639 985 1026
f 888 3280 2057
f 304 1713 1429
f 943 2450 944
f 1031 1032 985
f 2450 937 944
f 2450 2453 937
f 1036 985 1032
f 935 2451 943
f 621 1602 1301
f 1231 2159 3462
f 945 2445 904
f 2332 947 935
f 2451 935 947
f 195 762 733
f 2043 2037 696
f 945 948 2342
f 958 948 945
f 1987 93 2348
f 814 813 812
f 999 958 945
f 972 1324 2093
f 626 1919 1293
f 741 1777 757
f 814 812 2009
f 2536 3561 2527
f 1036 1040 960
f 2453 2455 958
f 960 1040 1044
f 2527 3561 2523
f 958 2455 1082
f 1919 1884 623
f 948 950 908
f 988 1042 1055
f 2044 3471 747
f 3109 3145 1055
f 3176 3160 1042
f 1042 3160 1055
f 1082 961 1056
f 2346 1161 917
f 1053 1056 961
f 908 917 1161
f 951 953 1170
f 950 1163 908
f 1170 1233 951
f 623 1810 2263
f 951 1233 954
f 954 1163 951
f 908 1163 954
f 1061 953 1056
f 1170 953 1233
f 2403 2406 514
f 912 908 954
f 2249 630 1919
f 953 1250 1233
f 952 1250 953
f 3462 1087 733
f 955 953 1060
f 496 954 952
f 3013 912 496
f 1336 2988 914
f 955 496 952
f 2913 631 2938
f 2360 979 924
f 1031 985 1639
f 753 826 796
f 2742 1557 2756
f 2862 1557 1528
f 2532 2479 146
f 846 807 804
f 841 846 2005
f 2796 1557 2742
f 2249 623 635
f 2479 2485 2477
f 2743 2772 1528
f 2485 2479 628
f 1637 1557 2796
f 2964 2913 2945
f 2319 2413 966
f 2807 1637 2796
f 1324 1711 2220
f 1777 741 195
f 1133 1125 1086
f 996 2738 993
f 1122 1081 2840
f 1130 519 1090
f 1081 1085 1083
f 805 807 1333
f 1088 1752 1742
f 1088 1742 1085
f 1742 1752 1510
f 856 2553 849
f 842 891 803
f 1752 1088 1510
f 1510 1516 1742
f 1000 1143 998
f 517 2313 1092
f 973 998 2312
f 1000 969 1143
f 3458 1146 1093
f 1000 998 973
f 2406 2407 514
f 1001 1093 1146
f 1001 1003 1093
f 2485 2443 2434
f 973 974 1000
f 1529 1146 1437
f 1072 971 1004
f 1005 974 973
f 1529 1001 1146
f 2738 2903 2852
f 975 956 971
f 956 1004 971
f 1005 1008 974
f 1001 977 1003
f 1008 2349 974
f 956 1007 1004
f 974 956 975
f 1529 1009 1001
f 956 1010 1007
f 1003 1008 1005
f 977 1001 1009
f 1008 1003 978
f 978 1011 1008
f 623 3739 3375
f 982 980 1014
f 2402 225 2406
f 2349 1010 956
f 1012 1009 1463
f 978 1013 1011
f 920 1010 2349
f 3417 672 925
f 1012 3588 1014
f 1015 2354 1013
f 980 1017 1015
f 982 1017 980
f 2361 922 924
f 979 2361 924
f 979 1018 2361
f 1017 1074 981
f 982 1074 1017
f 795 804 807
f 794 804 795
f 979 926 1018
f 981 979 2360
f 979 981 1074
f 1022 979 1074
f 1019 1096 982
f 1807 3269 10
f 1478 1020 1019
f 1022 1074 1481
f 983 1096 1019
f 1026 983 1020
f 679 2472 146
f 983 1481 1096
f 1481 983 1022
f 983 1026 985
f 1022 983 1025
f 1030 1025 983
f 1149 1028 1484
f 985 1030 983
f 985 2330 1030
f 1639 1026 1020
f 1030 935 1025
f 800 804 1995
f 986 1639 1028
f 986 1028 1041
f 885 2039 2044
f 1149 1041 1028
f 1030 2330 935
f 2330 940 935
f 654 2165 1658
f 1099 1041 1149
f 986 1034 1639
f 1034 1032 1639
f 1555 1150 1148
f 1032 1031 1639
f 1148 1098 1555
f 1100 1644 1098
f 1036 2330 985
f 1036 1033 2330
f 1037 1041 1099
f 10 2216 2189
f 2039 1043 2044
f 1041 1034 986
f 714 2463 2434
f 1148 1101 1098
f 899 2553 3410
f 1041 1038 1034
f 2432 699 129
f 1101 1102 1098
f 1034 1040 1036
f 1098 1102 1100
f 1034 1038 1040
f 1036 946 1033
f 1101 1148 588
f 588 1102 1101
f 1039 1038 1041
f 1036 960 959
f 1036 3096 946
f 1039 1041 1037
f 1455 1646 1488
f 889 2553 899
f 1036 959 3096
f 1042 1099 1496
f 1047 1496 1488
f 136 758 757
f 1099 988 1037
f 988 1039 1037
f 1038 1039 1040
f 988 1055 1039
f 1039 1044 1040
f 1496 1046 1042
f 1110 1103 1102
f 2752 893 2615
f 1055 1044 1039
f 1045 1047 1488
f 1106 1107 1153
f 588 1110 1102
f 3417 3418 2043
f 1046 3176 1042
f 1103 1159 1045
f 3339 888 2037
f 588 1160 1110
f 110 2452 2251
f 166 254 176
f 1048 1047 1159
f 1051 1048 1159
f 1112 588 1157
f 1051 3177 1048
f 1112 1160 588
f 3177 1051 3189
f 2039 3459 1043
f 961 1054 1052
f 2434 2452 110
f 10 2217 1784
f 1054 1053 1052
f 1057 1053 1054
f 3147 1057 1054
f 2043 3418 2037
f 3164 3171 1058
f 1057 1061 1053
f 2940 115 2967
f 115 2940 3745
f 2967 177 132
f 1061 1056 1053
f 1057 3164 1065
f 1985 1863 1839
f 3194 3206 2222
f 3194 2222 3214
f 1065 1061 1057
f 1065 1058 3175
f 3157 3175 3206
f 1064 1061 1065
f 955 1060 1061
f 1063 1061 1064
f 1061 1063 955
f 1064 955 1063
f 955 3074 1067
f 3150 2353 3149
f 700 3065 3248
f 1115 3174 3150
f 2406 2436 2407
f 2014 3262 2047
f 2375 3149 2353
f 2353 3150 2375
f 967 962 963
f 3149 2375 3152
f 1092 2429 970
f 968 1070 1072
f 1085 1091 1088
f 2429 2313 2433
f 3207 3223 3158
f 2940 3210 3220
f 1117 2724 2821
f 2940 132 3210
f 2724 1117 515
f 515 1119 2771
f 1700 1431 132
f 515 2725 1119
f 2894 2822 1117
f 3413 2752 2615
f 2725 2728 1119
f 3097 3355 3193
f 2380 2377 2372
f 2725 515 2825
f 3417 2035 3418
f 2533 2883 1121
f 2807 2796 1121
f 2402 2319 2417
f 1121 2834 2807
f 1560 1561 1122
f 1122 2834 1560
f 1123 1121 2883
f 1784 2216 10
f 2834 1121 1560
f 1122 1561 1128
f 943 1025 935
f 1122 1128 1085
f 1127 1123 2671
f 1091 1085 1128
f 3306 3536 3486
f 1131 1125 2843
f 679 738 2398
f 1131 1132 1125
f 2585 1127 2671
f 1127 2585 1569
f 1134 1509 1130
f 1016 2924 2926
f 1086 993 1133
f 2895 789 2070
f 1706 3456 3477
f 1134 1126 1571
f 1138 2671 2866
f 1094 2585 1136
f 1094 1569 2585
f 1137 1090 519
f 3443 1432 3477
f 1572 993 1086
f 604 1138 2866
f 1135 1132 1137
f 3572 2000 1430
f 1576 1569 1094
f 1139 1136 2584
f 1139 1141 1136
f 1141 1094 1136
f 1094 1140 1576
f 3477 3456 3443
f 1141 1145 1094
f 1141 1144 1145
f 1143 2435 3449
f 1144 1595 1145
f 1094 1145 1140
f 517 1146 2313
f 2313 1146 3458
f 610 1144 1139
f 1380 1144 610
f 1145 1591 1140
f 1435 3220 3555
f 1017 981 1015
f 1430 3220 1435
f 982 1481 1074
f 1096 1481 982
f 1150 1555 596
f 1150 588 1148
f 1656 1455 1149
f 1153 1508 1106
f 596 588 1150
f 1455 1099 1149
f 1103 1644 1100
f 1496 1099 1455
f 2762 1153 1107
f 2918 1016 2921
f 2000 3572 2002
f 1648 1157 1152
f 1103 1045 1644
f 1153 2762 2790
f 1158 1152 1157
f 1159 1103 1110
f 1496 1047 1046
f 2790 1111 1153
f 1648 3233 1157
f 1110 1160 1159
f 3926 747 3473
f 1157 588 1158
f 10 2189 1807
f 2762 600 2790
f 1047 1048 1046
f 600 3243 2790
f 1160 2158 1159
f 3272 1890 2041
f 1639 1553 1028
f 1631 595 596
f 2902 3217 3221
f 3545 2391 2382
f 2902 3194 3217
f 2222 3206 3208
f 2823 2902 3221
f 2384 2379 730
f 1115 3194 2902
f 3183 3180 3199
f 2221 2223 2224
f 2301 2265 1799
f 2253 2212 2255
f 2264 2212 2253
f 1791 1755 1165
f 938 941 939
f 2379 738 730
f 2205 742 1166
f 1880 749 745
f 937 941 938
f 1339 1338 2504
f 2668 1334 2568
f 1035 1155 3459
f 2985 1334 2591
f 2510 1339 1337
f 1338 1339 2632
f 1343 1337 2514
f 2369 2454 108
f 354 2570 2573
f 2985 2514 1334
f 2570 2565 2573
f 1343 2510 1337
f 2991 1339 2510
f 1343 2514 2985
f 2502 2012 1445
f 1171 2579 2570
f 3855 1445 3762
f 1339 2640 2632
f 2499 1339 2991
f 2499 2644 1339
f 445 2012 3055
f 1343 2520 2510
f 2369 108 2359
f 569 830 2916
f 2390 2359 108
f 3167 2582 632
f 632 2088 636
f 3167 1184 2582
f 85 136 757
f 636 1184 3167
f 2684 1175 1176
f 1176 3250 3108
f 1089 3340 1224
f 1184 2088 639
f 1181 3202 1184
f 1177 1176 1175
f 2214 119 2240
f 1176 1177 3250
f 3783 2940 1532
f 1175 3202 1180
f 3250 1177 1183
f 1190 3181 3250
f 1190 3293 3181
f 639 654 2329
f 1183 1187 3250
f 1187 1190 3250
f 1181 1186 3313
f 2663 2660 579
f 1180 1189 3333
f 2329 1191 1185
f 1180 3202 1194
f 1194 1189 1180
f 3313 1203 1181
f 1203 1194 3202
f 1191 2329 3362
f 1191 1205 1186
f 2967 132 2940
f 1193 1191 3362
f 1205 3313 1186
f 824 569 1073
f 1201 1196 1192
f 3347 1192 579
f 1192 3293 1201
f 3526 1194 1203
f 1200 1187 3526
f 2384 2454 3751
f 1209 3293 1187
f 1202 1203 3313
f 3293 1213 1201
f 3151 1889 465
f 3313 1205 1202
f 3345 3280 888
f 1209 1213 3293
f 1203 1202 1657
f 2087 686 1658
f 1024 594 1505
f 2450 943 2451
f 888 3339 3345
f 3549 3438 1202
f 1187 3516 1209
f 3577 1196 1201
f 1196 1214 2975
f 1658 686 1660
f 1211 1214 1196
f 782 1113 824
f 2867 152 150
f 3724 1214 1211
f 1220 3516 1659
f 1211 1215 1216
f 3724 1211 3759
f 669 673 2114
f 1659 3438 1220
f 2040 685 687
f 2032 2037 3418
f 3900 1211 1216
f 3759 3911 3724
f 676 669 2024
f 1222 3731 485
f 3900 1223 1211
f 1211 1223 3759
f 1220 1962 3731
f 1962 485 3731
f 3941 671 684
f 2039 1359 1155
f 1227 3438 1226
f 1229 1225 1227
f 1225 1228 485
f 1674 587 3411
f 1230 3411 587
f 1367 485 1228
f 587 1674 1676
f 2217 2218 1784
f 2070 789 2013
f 3191 780 3196
f 3196 780 564
f 724 796 826
f 1247 587 1676
f 1242 1236 1227
f 1247 1256 587
f 709 1237 734
f 1367 1240 580
f 1828 2895 2070
f 1229 1236 1242
f 709 734 1229
f 1263 1248 1242
f 1248 1229 1242
f 709 719 1237
f 2237 2270 2273
f 2291 2286 2471
f 1240 1253 580
f 2286 2285 2471
f 1113 1120 820
f 1692 1256 1247
f 1245 1253 1240
f 3409 3341 3355
f 1692 1278 1256
f 1692 1690 1764
f 1248 1263 1229
f 2867 2862 2872
f 719 709 1229
f 3628 1255 580
f 580 1255 1260
f 3094 1263 1230
f 3648 3946 3959
f 3628 580 1259
f 1258 1281 1229
f 1432 3555 3477
f 1263 1258 1229
f 736 719 1229
f 1264 580 1253
f 2541 3428 843
f 1696 1698 1690
f 583 1277 3628
f 1266 1264 1253
f 1265 1266 719
f 1267 1764 1690
f 2541 887 2539
f 3094 1280 1263
f 3628 1602 1260
f 1266 1296 1272
f 1280 1281 1263
f 1267 1275 1764
f 1265 1296 1266
f 1274 1275 1267
f 1270 1276 3094
f 1276 1280 3094
f 98 52 81
f 1272 1296 1282
f 1698 1274 1267
f 719 1295 1265
f 1697 527 1698
f 1295 1286 1265
f 1282 583 1272
f 1792 3893 1754
f 864 843 98
f 527 1274 1698
f 153 2539 881
f 1299 1278 1275
f 3648 3959 1521
f 1286 1295 1296
f 1299 1274 527
f 1274 1299 1275
f 1283 1297 1282
f 585 1287 583
f 1296 1297 1283
f 1297 1284 1282
f 781 1120 1113
f 1294 1270 1278
f 1280 1302 1281
f 1287 585 1298
f 1304 1291 1296
f 1304 1312 1291
f 1701 1307 1285
f 887 881 2539
f 1312 1296 1291
f 1299 1294 1278
f 1704 1280 1276
f 1296 1312 1305
f 1299 1705 1294
f 1270 1704 1276
f 736 1296 1295
f 1296 1305 1709
f 736 1304 1296
f 3764 3738 3757
f 1709 1297 1296
f 578 1308 1701
f 1294 1705 1704
f 1704 1270 1294
f 780 3232 560
f 1299 1707 1705
f 1298 1164 1301
f 736 1312 1304
f 1164 1298 585
f 1299 527 1707
f 1308 1307 1701
f 1307 1309 527
f 778 780 560
f 1705 1314 1704
f 2047 2070 2038
f 1309 1707 527
f 1314 1315 1704
f 1705 1310 1314
f 1305 1312 1709
f 81 78 864
f 1309 1705 1707
f 1311 1705 1309
f 736 1302 1704
f 1301 3235 3228
f 736 1704 1315
f 1318 1705 1311
f 725 717 727
f 1705 1318 1310
f 1315 1320 736
f 2443 2495 1029
f 1318 3051 1310
f 1164 3215 3235
f 3215 3228 3235
f 1310 1320 1315
f 1322 1320 1310
f 887 864 78
f 887 62 159
f 2218 2099 2107
f 1320 1322 1326
f 3071 1326 1322
f 1321 1325 3192
f 1326 1325 1714
f 887 78 62
f 3192 586 1321
f 2045 2042 1957
f 4000 3954 3044
f 1703 3992 3954
f 3212 3215 3195
f 3117 1325 1326
f 3117 1328 1325
f 3192 1325 1328
f 742 2237 2273
f 3093 778 3246
f 72 699 159
f 2483 2443 2112
f 3044 3954 3973
f 1777 195 1341
f 1811 2187 2186
f 3031 3973 3954
f 3059 3973 3031
f 3977 3031 3954
f 3031 3057 3059
f 3057 3034 1332
f 281 1503 1555
f 1506 1645 1106
f 1355 1347 1352
f 1521 1754 3603
f 815 781 775
f 1345 1433 537
f 541 545 1345
f 1433 1352 1347
f 1345 545 1348
f 1348 1352 1433
f 72 2245 699
f 815 846 813
f 1354 682 681
f 549 1352 1348
f 549 3325 1352
f 1411 543 542
f 1358 1411 542
f 1358 1354 3325
f 60 62 78
f 169 541 763
f 1429 1709 304
f 3724 3911 2710
f 724 826 801
f 1712 586 1284
f 2245 62 60
f 775 778 1897
f 1507 1152 595
f 617 1399 616
f 1372 1370 1380
f 1380 1370 3907
f 1399 1401 1398
f 1897 3093 777
f 1370 1369 3907
f 1369 1376 3907
f 1657 3526 1203
f 1401 3834 1398
f 1552 1619 1368
f 3832 1380 1398
f 3105 960 1044
f 1374 1372 1380
f 1370 1376 1369
f 1375 1368 1376
f 3868 1398 3834
f 1374 1381 1370
f 1381 1376 1370
f 1375 1377 1368
f 1242 1227 1226
f 1377 184 1368
f 1381 1620 1376
f 1376 1377 1375
f 1377 1376 184
f 1368 184 1552
f 1620 1383 1376
f 2041 1889 3151
f 1376 1383 1621
f 184 1376 1621
f 2206 911 933
f 1621 178 1552
f 1552 184 1621
f 1398 3868 3832
f 1381 1374 1620
f 1374 1380 3832
f 1374 1393 1391
f 1897 777 772
f 1391 1385 1374
f 1374 1385 1620
f 1621 1620 1390
f 1390 1387 1621
f 1392 1389 1388
f 1383 1620 1621
f 1626 1388 1389
f 1392 212 1389
f 3832 1393 1374
f 3574 3774 3776
f 3821 1393 3832
f 1393 3825 1391
f 2956 3806 3834
f 3342 1224 1359
f 3832 1406 3821
f 1393 3823 3825
f 1393 3821 3823
f 3806 2956 1406
f 1897 772 775
f 1406 1405 3821
f 3574 3598 3774
f 1634 3823 1394
f 1602 1405 1406
f 620 3823 3821
f 3823 3791 1395
f 3823 1395 3789
f 3823 1106 1394
f 1602 620 1407
f 3821 1405 620
f 3823 620 597
f 1107 3823 3789
f 598 2762 1107
f 3823 1107 1106
f 682 1354 1358
f 1355 1354 1409
f 1354 681 1409
f 2203 2206 2195
f 1888 775 768
f 3752 1411 1358
f 543 1411 107
f 3755 3754 2030
f 1413 3752 1358
f 777 3320 771
f 1414 689 1950
f 1677 3755 692
f 697 701 1358
f 733 1341 195
f 2574 1172 2571
f 1882 3734 1852
f 1888 1333 1887
f 1689 1418 1684
f 1420 3394 95
f 1689 1690 1418
f 1418 1690 1421
f 988 1099 1042
f 1422 1423 1420
f 95 1422 1420
f 1386 1384 1382
f 3624 3603 3481
f 771 768 777
f 777 768 772
f 1422 1694 1423
f 1425 3709 3714
f 1424 713 3714
f 713 1425 3714
f 577 1422 95
f 577 1426 1422
f 1426 1702 1422
f 577 716 1426
f 716 1702 1426
f 736 1715 1312
f 1710 1709 1429
f 2182 2177 2168
f 1320 1714 304
f 1433 1345 1348
f 825 830 569
f 1386 3508 1384
f 1438 1439 965
f 1442 1461 1458
f 1458 1439 1436
f 993 965 996
f 1092 518 517
f 993 1438 965
f 1438 993 1436
f 1439 1497 518
f 1436 1439 1438
f 958 949 948
f 766 1333 1888
f 1441 1529 1520
f 1520 1529 1437
f 1458 1440 1439
f 3809 2160 2157
f 1461 1440 1458
f 552 136 85
f 766 1888 1289
f 1888 768 1289
f 1384 3524 2473
f 3574 3570 1573
f 754 1582 661
f 788 2014 2038
f 2157 2156 2149
f 1462 1542 1443
f 1289 768 169
f 801 972 724
f 1473 1447 1446
f 958 951 949
f 1479 1450 1472
f 1484 1449 1473
f 3578 1473 1449
f 1449 1484 1028
f 1479 1453 1450
f 1473 1495 1484
f 2042 1771 1957
f 1453 1452 1450
f 1453 114 1452
f 1453 1482 114
f 1638 1452 114
f 1454 1455 1656
f 3432 3508 1386
f 1556 1455 1454
f 1554 1503 281
f 1502 209 1554
f 209 1503 1554
f 1555 1503 209
f 2013 3271 3165
f 113 209 1502
f 1106 1507 1506
f 1106 1508 1507
f 3835 1114 3087
f 3436 3432 1386
f 3578 1478 1014
f 519 1135 1137
f 1457 1436 993
f 1128 1511 1088
f 1088 1511 1510
f 1658 2165 2087
f 3436 3560 1403
f 519 1512 1135
f 1458 1436 1457
f 2005 804 800
f 1128 1518 1511
f 1562 1565 1128
f 1651 1515 519
f 2187 2216 1784
f 1565 1518 1128
f 518 964 1439
f 1514 1516 1510
f 1515 1517 519
f 1497 1583 518
f 1583 1520 517
f 1437 1146 517
f 517 1520 1437
f 1511 1518 1522
f 1459 1458 1580
f 1029 55 53
f 1522 1523 1511
f 1459 1442 1458
f 1497 1524 1520
f 1565 1522 1518
f 1102 1103 1100
f 1565 1519 1522
f 1241 1262 1884
f 1517 1442 1459
f 15 52 524
f 1403 1397 1396
f 1440 1443 1497
f 1440 1497 1439
f 1497 1443 1524
f 1461 1462 1440
f 1440 1462 1443
f 1396 3436 1403
f 923 645 2032
f 953 951 1082
f 1442 1462 1461
f 3520 3424 3513
f 1525 1590 1526
f 1599 1590 1525
f 1589 1523 1522
f 1605 1525 1527
f 1525 1605 1534
f 1534 1599 1525
f 1519 1586 1522
f 1441 1524 1467
f 1529 1441 1466
f 1467 1443 1542
f 1463 1529 1012
f 1441 1467 3676
f 3676 1464 1441
f 3271 2041 1816
f 1603 1538 1462
f 1441 1464 1466
f 3483 1359 643
f 1396 1397 3434
f 1535 1467 1542
f 1538 1542 1462
f 3020 1105 1142
f 1535 1542 1469
f 793 802 760
f 1599 1534 1610
f 1535 1446 1467
f 3676 1468 1464
f 1466 3588 1012
f 1539 1538 1603
f 1535 1616 1446
f 1468 1447 1466
f 958 1082 951
f 1597 1610 1534
f 1466 1447 3588
f 1540 1543 1533
f 1541 1538 1539
f 1541 1469 1538
f 1015 1013 978
f 1538 1469 1542
f 1543 1601 1593
f 1543 1545 1606
f 1606 1601 1543
f 1816 2041 3162
f 1545 1543 1540
f 1541 1610 1617
f 3434 2498 1404
f 1616 1477 1446
f 1469 1541 1472
f 1471 3588 1447
f 1546 1547 1597
f 1547 1614 1597
f 1474 1472 1541
f 1471 1014 3588
f 1477 1616 1476
f 1471 1447 3578
f 2153 3004 2123
f 1541 1617 1474
f 1472 1476 1616
f 3601 1615 1540
f 3339 2032 1408
f 1474 1479 1472
f 1617 1479 1474
f 3432 3431 3508
f 3601 1551 1615
f 1480 1479 1617
f 1615 1551 1547
f 1450 1476 1472
f 1547 1549 1548
f 3483 2025 1359
f 1473 1477 1494
f 1547 1550 1549
f 1450 1452 1476
f 1649 1479 1480
f 961 1082 1059
f 1617 1649 1480
f 3537 1476 1452
f 1550 1502 1549
f 3578 1020 1478
f 1649 1482 1479
f 281 1628 1548
f 1482 1453 1479
f 3578 1449 1553
f 1548 1554 281
f 1502 1548 1549
f 1452 1486 3537
f 1495 3537 1486
f 1306 1340 1323
f 1182 1300 1327
f 1028 1553 1449
f 1389 1653 1626
f 1095 1269 1323
f 1680 3397 1573
f 1452 1454 1486
f 2346 917 906
f 1340 1104 1293
f 1400 2032 645
f 3431 3432 3426
f 1556 1452 1638
f 1454 1452 1487
f 1486 1454 1656
f 281 1555 1636
f 1556 1454 1487
f 1098 1636 1555
f 1629 1631 1635
f 1810 1316 2263
f 1640 1646 1556
f 1646 1455 1556
f 1488 1496 1455
f 1646 1644 1045
f 1507 1508 1647
f 1045 1488 1646
f 1452 1556 1487
f 749 1879 755
f 1577 1581 1575
f 1590 1525 1526
f 3562 3431 3557
f 1497 1520 1583
f 1543 1596 1533
f 1548 1614 1547
f 1552 1618 1619
f 1618 178 1653
f 1733 2241 3309
f 1127 1564 1123
f 1561 1562 1128
f 3765 3772 3055
f 1218 1257 1080
f 3340 3283 1224
f 1565 1562 1566
f 1564 1567 1561
f 1561 1567 1562
f 1742 1516 1126
f 1512 1132 1135
f 1566 1568 1565
f 1567 1568 1566
f 1569 1567 1564
f 3379 3391 1804
f 1568 1567 1575
f 1571 519 1134
f 171 3688 3690
f 519 1571 1651
f 1512 1125 1132
f 1572 1457 993
f 1579 1567 1569
f 1086 1125 1512
f 1516 1571 1126
f 1579 1574 1567
f 1572 1086 175
f 175 1086 1512
f 1489 1457 175
f 175 1457 1572
f 1571 1516 1651
f 1574 1577 1567
f 1577 1574 1533
f 1575 1581 1565
f 1579 1533 1574
f 175 1580 1489
f 1580 1457 1489
f 1578 1579 1569
f 1580 1490 1457
f 1576 1578 1569
f 1490 1458 1457
f 1517 1580 519
f 1580 1458 1490
f 1587 1576 1140
f 1516 1525 1651
f 833 2235 2259
f 1525 1516 1514
f 1576 1587 1578
f 1536 1533 1578
f 1533 1596 1581
f 1651 1525 1590
f 3384 3422 1642
f 1651 1517 1515
f 1459 1580 1517
f 1514 1585 1525
f 1584 1585 1514
f 1585 1584 1525
f 1586 1519 1581
f 1591 1600 1140
f 1140 1600 1587
f 1527 1525 1584
f 1651 1590 1517
f 3513 3366 1573
f 2975 1192 1196
f 1590 1492 1517
f 1492 1442 1517
f 1522 1584 1589
f 1192 2975 579
f 1642 3422 2094
f 1524 1441 1520
f 1652 1492 1590
f 1536 3601 1533
f 1603 1462 1652
f 1652 1462 1492
f 1462 1442 1492
f 1593 1596 1543
f 1522 1586 1593
f 1590 1603 1652
f 1593 1605 1522
f 1145 1611 1591
f 1163 950 951
f 1024 769 594
f 1608 3601 1587
f 1605 1545 1597
f 1599 1603 1590
f 1467 1524 1443
f 3907 1609 1595
f 1145 1595 1609
f 1599 1607 1603
f 1601 1605 1593
f 749 1880 1872
f 1607 1539 1603
f 876 1734 3385
f 3346 3345 1408
f 1606 1605 1601
f 1607 1541 1539
f 1606 1545 1605
f 1610 1541 1599
f 1541 1607 1599
f 1222 3900 3731
f 1368 1611 1609
f 1612 1613 1600
f 1600 1613 1608
f 1546 1597 1545
f 1614 1610 1597
f 3362 1204 1205
f 1611 1389 1613
f 1545 1540 1615
f 1389 1611 1618
f 1615 1546 1545
f 1617 1614 1625
f 1619 1618 1611
f 1547 1546 1615
f 1616 1469 1472
f 1618 1653 1389
f 1548 1625 1614
f 1218 1243 1269
f 1551 1550 1547
f 3362 1658 1204
f 1552 178 1618
f 178 1624 1653
f 178 1621 1624
f 1387 1632 1621
f 1632 1624 1621
f 1021 2025 3483
f 1548 1649 1625
f 1625 1649 1617
f 1632 1641 1624
f 3599 3422 3605
f 1392 1388 1629
f 212 1392 1502
f 1628 1649 1548
f 1626 1629 1388
f 1629 1502 1392
f 1802 1823 1819
f 1641 1633 1624
f 1626 1630 1629
f 1628 114 1649
f 1504 876 1623
f 3537 1498 1476
f 1635 1502 1629
f 1182 1262 1221
f 1498 1494 1476
f 1630 1631 1629
f 1634 1632 1390
f 1630 1624 1633
f 3537 1495 1494
f 1494 1498 3537
f 3340 3346 3283
f 3825 1634 1390
f 1495 1473 1494
f 2201 742 2205
f 1638 1628 1636
f 1656 1149 1486
f 1655 209 113
f 1827 876 3359
f 1655 596 209
f 596 1555 209
f 1495 1486 1484
f 1634 1641 1632
f 596 1655 113
f 2681 2682 1173
f 1631 596 113
f 1636 1640 1638
f 1641 1634 1645
f 1645 595 1641
f 1633 1641 595
f 1636 1643 1640
f 1098 1644 1636
f 1645 1506 595
f 1645 1634 1394
f 1507 595 1506
f 1644 1646 1643
f 1646 1640 1643
f 1106 1645 1394
f 3589 1680 1661
f 1787 2011 1808
f 1647 1648 1152
f 1153 1648 1508
f 1508 1648 1647
f 595 1631 1630
f 1635 1631 113
f 1556 1638 1640
f 1553 1639 3578
f 2259 2235 2232
f 1204 1208 1205
f 1657 1202 1659
f 737 2178 784
f 1169 1218 1239
f 686 1662 1660
f 1208 1660 1663
f 3165 1808 740
f 1662 1664 1663
f 3499 166 2869
f 3483 2179 1021
f 3425 685 2030
f 1223 1401 3911
f 3754 3425 2030
f 1674 3411 1670
f 1622 3231 1830
f 1082 1056 953
f 1401 617 3911
f 1665 1418 1668
f 1668 1664 1665
f 1197 845 1993
f 1169 2159 1231
f 1670 1668 1418
f 1665 3754 1418
f 3754 1671 1418
f 1669 1672 1418
f 1670 1676 1674
f 1418 1673 1669
f 3755 1671 3754
f 1683 1676 1670
f 1684 1418 1671
f 1669 1683 1670
f 1247 1676 1683
f 1682 1669 1673
f 1682 1683 1669
f 1418 1421 1673
f 1682 1673 1683
f 1423 1684 1420
f 1690 1673 1421
f 3394 1420 1684
f 1683 1673 1692
f 1423 1688 1684
f 1688 1689 1684
f 1268 1218 1169
f 1423 1689 1688
f 1182 1221 1199
f 1691 1689 1423
f 1691 1690 1689
f 1673 1690 1692
f 1693 1691 1423
f 1693 1690 1691
f 1693 1696 1690
f 2351 1008 2354
f 1694 1693 1423
f 1693 1699 1696
f 1694 1699 1693
f 1830 3231 1855
f 1093 973 2312
f 1697 1698 1696
f 1702 1699 1694
f 1699 1701 1285
f 1702 1701 1699
f 1699 1285 1697
f 2977 2955 1499
f 1701 1702 578
f 1182 1199 1188
f 1297 1712 1284
f 1708 1710 1712
f 2212 2264 2211
f 1709 1312 304
f 1429 1712 1710
f 586 1712 1429
f 1188 1174 1182
f 1169 1231 1268
f 1713 304 1714
f 3241 3263 2633
f 1429 1321 586
f 905 272 2348
f 1713 1714 1325
f 1429 1713 1325
f 1325 1321 1429
f 1783 1796 2034
f 2895 1828 1826
f 572 2932 2931
f 2931 2932 2925
f 906 2348 2346
f 1847 1830 3238
f 3226 1830 1847
f 2346 2348 93
f 2187 1811 1807
f 575 2230 655
f 1746 1755 2256
f 2346 93 2345
f 3117 731 3141
f 1324 801 826
f 91 1251 2345
f 572 2931 3040
f 3090 2581 3115
f 1716 2572 3372
f 2061 2022 2019
f 1231 1261 1268
f 3247 3249 3312
f 2022 2021 2019
f 3364 3372 2572
f 837 2066 3288
f 2955 2977 728
f 3443 3456 3555
f 3254 3179 1835
f 3410 3407 899
f 837 2064 2066
f 3179 1855 3231
f 3117 1326 731
f 3364 2021 3353
f 1716 3360 1721
f 3249 3247 3251
f 3247 3334 3251
f 1724 1716 1721
f 1154 1268 1261
f 3179 3231 1835
f 3251 3334 1729
f 2238 1723 1718
f 2290 1729 3334
f 937 2333 944
f 2333 937 934
f 3353 2027 3364
f 3090 3115 1173
f 3179 3201 1855
f 226 1842 231
f 3364 2027 3317
f 3254 1881 3179
f 2028 2027 3353
f 947 2332 946
f 3321 1716 1724
f 3477 3555 3220
f 1732 2241 1728
f 1728 2238 1732
f 2238 1728 3309
f 740 1808 2033
f 1727 1726 2239
f 3327 3330 3326
f 3125 3254 226
f 3526 1657 3516
f 1739 3327 1729
f 3254 3125 1881
f 2239 2243 1727
f 1739 3330 3327
f 2241 1733 1728
f 1738 875 3317
f 1907 1902 1303
f 3108 3181 2681
f 2243 2239 2275
f 3139 224 2633
f 1732 1731 2241
f 1060 953 1061
f 3316 3324 3317
f 1721 3300 3321
f 1902 2388 1901
f 1179 1290 1317
f 1174 2195 933
f 2264 1735 2211
f 345 1899 1900
f 1408 1400 1485
f 2073 1947 501
f 2264 2172 1735
f 2172 2211 1735
f 3256 1736 1942
f 914 917 913
f 1290 1178 1154
f 2275 1727 2243
f 1942 1946 3256
f 1729 1725 2276
f 1729 2276 1739
f 2172 1731 2211
f 527 1697 1285
f 2322 1076 2400
f 1738 1741 875
f 1946 1736 3256
f 2172 2097 1731
f 320 3300 3316
f 1731 2097 2241
f 2276 1746 1739
f 2264 2095 1743
f 1349 2388 3550
f 1944 3261 2067
f 1346 1335 2128
f 1285 1307 527
f 1743 2172 2264
f 3080 1604 566
f 2312 2433 2313
f 3138 224 3139
f 1750 1744 3309
f 1740 1741 1738
f 1745 3316 1741
f 1944 1747 3261
f 3144 1881 3107
f 1746 2256 1739
f 1748 2166 2275
f 2184 1820 1809
f 1758 3261 1747
f 1740 1749 1741
f 1745 3257 3316
f 2172 2098 2097
f 1746 2276 2280
f 2197 2102 1346
f 1869 3054 3155
f 2069 1954 1946
f 2097 2106 3309
f 2256 2257 1739
f 2103 1739 2257
f 3316 3258 68
f 1740 3261 1749
f 2280 1755 1746
f 2377 2303 2372
f 1949 1951 1944
f 1768 1741 1749
f 3502 2389 2302
f 1741 1768 3264
f 1763 1756 3264
f 954 1233 1250
f 2172 1760 3227
f 205 2389 3502
f 2244 2275 1744
f 2172 3227 2098
f 1768 1763 3264
f 3264 1756 3257
f 2244 1748 2275
f 3138 3119 224
f 1747 1944 1951
f 1747 1951 1761
f 1344 3558 3517
f 3498 213 3525
f 3558 213 3517
f 1757 68 3258
f 2256 2161 2257
f 518 1583 517
f 2161 2256 1755
f 1193 3362 1205
f 1761 1758 1747
f 3107 3125 1687
f 3257 1780 3258
f 3258 3260 1757
f 2244 1775 1766
f 1766 1770 2175
f 1749 1769 1772
f 1767 629 2104
f 1761 1769 1758
f 1758 1769 1749
f 1749 1772 1768
f 1762 2244 1744
f 2161 2258 2257
f 3108 2681 1173
f 3328 2211 1732
f 261 3107 263
f 492 506 482
f 1760 2105 3227
f 3259 3260 3258
f 2218 3252 2099
f 1769 1779 1772
f 263 189 261
f 3107 261 189
f 1782 1744 1750
f 1775 2244 3204
f 1654 727 1319
f 2136 3901 2174
f 1755 2280 1165
f 722 729 1654
f 1768 1772 1789
f 3227 2105 2110
f 1778 1744 1782
f 3252 629 1767
f 1769 787 2034
f 3085 2556 3107
f 1784 1766 2185
f 1780 1803 3259
f 1302 736 1281
f 1781 1783 1761
f 629 3252 2218
f 1781 2042 1961
f 3072 318 3054
f 3107 189 3085
f 1795 1793 3260
f 1250 952 954
f 2033 1789 2068
f 2033 1808 1789
f 2110 2181 3227
f 2034 1779 1769
f 1779 2068 1772
f 1789 1786 1768
f 2556 3095 255
f 1778 1782 1790
f 3085 614 273
f 723 1722 561
f 2187 1784 2185
f 1961 1783 1781
f 1808 1786 1789
f 1786 2011 1780
f 1787 1802 1803
f 3259 1803 1795
f 1971 2045 3289
f 1779 2034 2068
f 1793 1799 2265
f 3072 3095 3049
f 1808 2011 1786
f 2231 1791 1165
f 2218 2217 3265
f 954 496 912
f 1780 2011 1787
f 3204 2185 1766
f 1796 2068 2034
f 717 710 727
f 2231 2178 1791
f 1791 2178 2115
f 1790 3204 1778
f 2186 2187 3204
f 1967 3289 3290
f 1751 1722 723
f 1793 1795 1799
f 2185 3204 2187
f 1783 2038 1796
f 1812 740 2068
f 1967 1971 3289
f 816 1456 957
f 3744 171 2383
f 2187 2189 2216
f 3095 2556 3049
f 1796 1812 2068
f 3184 1799 1795
f 2115 2178 2181
f 2181 1791 2115
f 1783 1961 2038
f 722 1654 1319
f 989 987 2093
f 2217 10 3265
f 839 1971 1967
f 2038 1812 1796
f 1807 2189 2187
f 1819 1803 1802
f 1819 1795 1803
f 723 722 1751
f 629 2127 2129
f 1809 1825 1801
f 1973 788 3291
f 1812 3165 740
f 829 826 769
f 285 3070 3039
f 1969 1787 1814
f 722 715 1751
f 3265 10 3267
f 1973 3262 788
f 1816 1787 1808
f 1811 2186 3204
f 3265 1821 629
f 33 434 31
f 1812 2070 2013
f 434 172 435
f 3184 784 1799
f 3269 3265 3267
f 3269 1821 3265
f 3165 1816 1808
f 1973 2071 3262
f 2013 3165 1812
f 2233 1822 784
f 784 1822 1820
f 2196 1817 1820
f 551 1451 613
f 435 172 436
f 1816 3162 1787
f 2259 784 3184
f 1809 1817 1829
f 2071 1828 3262
f 3162 1969 1814
f 1809 1829 2192
f 790 2071 1973
f 3138 2462 3016
f 2047 1828 2070
f 3162 1814 1787
f 3162 1824 1969
f 3269 2198 2117
f 36 207 266
f 717 1703 711
f 2259 2232 784
f 2232 2233 784
f 2116 662 2135
f 1828 2047 3262
f 1822 2196 1820
f 2192 1825 1809
f 2193 2198 1811
f 952 953 955
f 1821 2127 629
f 1722 1751 713
f 3165 3271 1816
f 1824 2041 1823
f 3368 3675 3224
f 722 718 715
f 2219 2127 1821
f 2117 2219 1821
f 1823 3151 1819
f 3151 833 1819
f 2232 2235 2233
f 702 710 717
f 296 3533 194
f 1831 833 3151
f 36 63 274
f 1825 1836 2193
f 2895 1826 1837
f 3270 789 2895
f 2117 2223 2219
f 1837 3270 2895
f 724 972 1448
f 789 3271 2013
f 1831 2235 833
f 1793 2265 2301
f 2199 2193 1836
f 1982 1826 1828
f 197 191 3527
f 2127 2219 2221
f 1981 1984 790
f 3270 3271 789
f 718 710 715
f 2117 2193 2223
f 891 1832 1978
f 2288 3260 1793
f 3138 311 3066
f 3270 1837 3271
f 3271 1837 3272
f 203 191 306
f 2237 2233 2235
f 194 3530 2423
f 1981 1841 1984
f 1448 1460 779
f 2269 1831 3151
f 891 792 1832
f 716 577 2986
f 1703 3022 711
f 2223 2221 2219
f 1984 1985 1826
f 2270 2237 2235
f 1837 1826 1839
f 1843 3272 1837
f 2383 171 2635
f 3564 318 331
f 1985 1839 1826
f 3479 3773 1373
f 1844 1890 1843
f 1890 1844 1840
f 2715 2200 1838
f 1275 1278 1764
f 708 711 3022
f 1451 606 1460
f 2237 742 2233
f 1839 1843 1837
f 339 329 340
f 2204 2202 1838
f 794 1841 1845
f 1839 2048 1843
f 826 1679 1324
f 2205 2204 2236
f 2204 1838 2236
f 794 1986 1841
f 1857 3224 3994
f 1986 1863 1984
f 1927 3288 2066
f 2048 2051 1843
f 1844 791 1853
f 2051 1844 1843
f 1853 1840 1844
f 606 1475 1460
f 1845 1995 794
f 3527 191 203
f 1851 1844 2051
f 1230 1242 3411
f 3067 496 955
f 465 1840 1853
f 1851 2049 1844
f 3260 2288 2287
f 1751 715 1425
f 1722 713 3190
f 1853 2050 465
f 2230 2228 2207
f 644 3275 3279
f 2228 2230 575
f 2228 1861 652
f 1863 1866 1851
f 1470 1412 3801
f 1866 1856 1851
f 655 2230 2207
f 1738 2067 3261
f 3224 3991 2267
f 2050 2269 465
f 311 315 290
f 652 1861 575
f 791 2050 1853
f 2029 1939 1736
f 1936 501 1942
f 794 793 1863
f 3510 3482 311
f 315 311 3482
f 710 1882 715
f 1872 1166 742
f 795 793 794
f 1858 2050 791
f 2050 744 2269
f 3463 752 1475
f 1868 1872 742
f 2050 834 744
f 1876 756 1851
f 1854 744 1867
f 1865 1862 2209
f 2209 3279 656
f 1873 655 2207
f 2228 575 1861
f 1856 1876 1851
f 793 1866 1863
f 744 1871 1867
f 557 3190 713
f 1166 1872 1875
f 702 717 711
f 1862 1873 2207
f 1856 793 1876
f 1876 802 756
f 1871 1868 1867
f 656 1865 2209
f 1875 3279 3275
f 2288 1793 2287
f 1324 972 801
f 756 1878 791
f 1865 660 1862
f 793 760 1876
f 1871 1877 1868
f 1868 1879 1872
f 660 1873 1862
f 1877 1879 1868
f 802 799 756
f 799 1878 756
f 745 3279 1875
f 660 1865 656
f 1195 2009 846
f 656 528 660
f 1880 745 1872
f 745 1875 1872
f 656 3279 529
f 1876 760 802
f 745 529 3279
f 799 1885 1878
f 812 846 2009
f 835 1892 834
f 1870 1878 1885
f 3999 3843 2267
f 1879 1877 748
f 748 1886 1879
f 1893 677 745
f 1333 811 1887
f 3115 2582 2684
f 1870 1885 835
f 1885 1892 835
f 3461 3919 3839
f 1885 759 1892
f 1894 748 1892
f 834 1892 748
f 542 671 536
f 759 1894 1892
f 1173 1176 3108
f 759 1886 748
f 755 1893 749
f 1893 532 677
f 1894 759 748
f 1886 537 1879
f 808 537 1886
f 755 535 532
f 1897 778 3093
f 1924 3054 2906
f 1774 1792 1785
f 1757 3260 2287
f 710 702 1882
f 1757 2287 68
f 1667 1680 3605
f 3287 3583 3586
f 3278 2906 1945
f 3054 2897 2906
f 1793 2301 2287
f 3472 2055 1049
f 2906 1948 2899
f 2899 1945 2906
f 318 2897 3054
f 2899 1952 3391
f 1432 3443 3555
f 1773 48 468
f 1692 1764 1278
f 3450 3521 315
f 194 3533 3529
f 263 3107 1687
f 1852 715 1882
f 2872 2862 1528
f 2897 1952 2899
f 3351 3945 3350
f 3351 3350 454
f 3742 2689 163
f 1952 2897 2890
f 2689 3684 163
f 3685 3673 2826
f 177 3688 3746
f 3354 1730 3352
f 3386 3385 1734
f 704 1531 3416
f 3984 3352 1730
f 469 3385 3388
f 3563 2897 3564
f 3691 2997 163
f 3984 3386 3357
f 3359 3385 469
f 1984 1826 1982
f 2890 3563 3564
f 584 3359 469
f 163 2997 1415
f 1416 163 1415
f 3006 1537 3415
f 1532 2940 3220
f 591 592 3361
f 592 3989 3361
f 3849 1706 3848
f 3506 3509 3350
f 2163 2172 2095
f 3456 3855 3555
f 3855 3856 3253
f 3900 1222 1223
f 3855 3762 3555
f 3636 1340 3367
f 1340 3365 3367
f 1788 3354 3352
f 2878 619 3368
f 2878 3368 3867
f 3699 1356 3636
f 1720 3855 3253
f 990 3368 619
f 3055 3772 445
f 3368 1288 3675
f 3369 1288 3368
f 3369 3395 1288
f 698 702 711
f 3398 3559 3396
f 3968 367 3963
f 3963 367 344
f 1500 4002 1792
f 1843 1890 3272
f 111 192 58
f 3377 3373 3559
f 1544 3006 923
f 3373 3377 3380
f 3403 3373 2777
f 1105 3402 3406
f 2460 171 3690
f 3373 3380 3383
f 3383 2777 3373
f 3373 3403 889
f 3956 3971 3967
f 3115 1176 1173
f 59 395 77
f 698 711 1244
f 3408 3406 3376
f 3404 3382 3412
f 3412 3408 3404
f 3412 2615 3408
f 3036 3412 3382
f 1730 3387 3984
f 3388 3385 3386
f 3386 3984 3387
f 3386 471 3388
f 995 994 3390
f 3940 367 3968
f 1340 1353 3365
f 1356 1357 3636
f 3368 990 3369
f 3369 909 3395
f 1350 3370 452
f 1350 3699 3370
f 3395 3371 1288
f 3395 3396 3371
f 1342 1350 452
f 3395 909 3396
f 909 3398 3396
f 3398 909 3380
f 3380 3559 3398
f 3006 1903 923
f 3399 452 3400
f 3970 3978 3969
f 132 1431 3210
f 3402 1105 3020
f 902 1105 3406
f 3407 3410 3136
f 3404 3408 3376
f 902 3406 3408
f 3705 3978 3970
f 889 899 3407
f 3410 3036 3136
f 2615 1108 3408
f 1882 702 705
f 3036 3410 900
f 3413 3412 3036
f 900 2752 3036
f 2752 3413 3036
f 1834 240 347
f 3006 3415 1918
f 694 1424 701
f 923 1903 645
f 3499 254 166
f 3705 3970 1592
f 2878 2683 3989
f 1896 645 1903
f 683 3351 3352
f 1079 3370 3801
f 3506 3350 3945
f 374 347 240
f 3704 3506 3945
f 389 2763 2734
f 1598 3958 1594
f 3704 3509 3506
f 1592 3958 1598
f 3492 3704 3496
f 389 1594 2813
f 3704 3492 3509
f 2266 1896 1903
f 3507 3509 3492
f 3507 3510 3509
f 48 1849 1800
f 3507 3482 3510
f 3450 315 3482
f 2798 2736 2763
f 832 2178 1165
f 1557 2862 2756
f 3518 3519 3528
f 554 705 702
f 2798 1 2736
f 2392 2397 2396
f 3435 2423 3446
f 3446 2423 3519
f 2231 1165 2178
f 2423 3523 3519
f 3523 3528 3519
f 2029 2027 2028
f 3521 3444 313
f 3528 3527 3518
f 3518 3527 3522
f 3734 1882 695
f 3522 313 3444
f 2763 2736 2734
f 3527 313 3522
f 2423 3530 3523
f 3532 2423 3435
f 194 3529 3530
f 2736 2721 408
f 2742 2756 1930
f 289 82 1891
f 3531 3528 3530
f 524 2277 3428
f 3428 3743 524
f 3533 3534 3529
f 3529 3534 3530
f 3531 3538 3527
f 695 1882 705
f 3358 2423 3532
f 3687 3690 3688
f 3358 3547 2423
f 1244 692 698
f 273 3535 3533
f 3688 3744 3746
f 3535 3534 3533
f 64 1891 41
f 273 614 3535
f 3535 614 3534
f 3539 3531 3534
f 3427 3811 3637
f 3637 3660 3427
f 83 41 1891
f 3539 3538 3531
f 2383 2382 3891
f 3540 3670 3428
f 3637 3434 3660
f 233 2633 3198
f 3539 3541 3538
f 1650 3691 2461
f 189 263 3534
f 3311 3547 3358
f 3534 3541 3539
f 3428 2541 3540
f 3541 263 3538
f 197 3538 1687
f 1677 692 1244
f 263 1686 3538
f 2209 644 3279
f 1755 1791 2161
f 1175 2582 3202
f 2028 837 1935
f 3440 3429 2294
f 695 705 693
f 263 1687 1686
f 3543 3544 2541
f 177 3693 3687
f 3546 3547 3311
f 3543 3658 3544
f 3547 3552 312
f 3546 3552 3547
f 2670 2562 2560
f 1650 3693 2944
f 3102 3551 3142
f 690 698 1950
f 3121 3543 3554
f 3512 3865 3869
f 3102 3426 3551
f 433 3198 423
f 3553 3564 3552
f 3892 3017 2382
f 2560 425 433
f 691 694 697
f 3078 3553 3097
f 3102 3431 3426
f 3554 3561 3121
f 2546 3562 3561
f 3562 3557 3561
f 3557 3431 3103
f 1950 698 692
f 3565 3566 3564
f 3420 116 104
f 3566 2890 3564
f 550 2506 2560
f 2560 2506 2535
f 2268 2984 3569
f 3571 1806 2890
f 2941 3571 3027
f 1711 829 2152
f 2941 1681 3571
f 3576 1681 2941
f 3851 3850 132
f 3017 3851 132
f 3576 2901 2896
f 3049 2556 327
f 3581 1678 2896
f 3583 1678 3581
f 3049 327 331
f 3582 3583 3581
f 3586 3583 3582
f 397 89 88
f 3886 3861 3863
f 3589 3586 2910
f 3589 1661 3287
f 3287 3586 3589
f 2904 3596 2913
f 1680 3589 3593
f 2915 2549 2904
f 421 2352 2462
f 3592 2549 2915
f 1950 554 690
f 3584 2893 2888
f 3595 1680 3593
f 3848 3850 3849
f 117 121 120
f 2888 3605 3595
f 2549 3600 2904
f 3889 3886 3944
f 1956 554 1950
f 3605 1680 3595
f 3882 3886 3889
f 2904 3600 3596
f 3599 3605 2888
f 2549 3604 3600
f 3600 3604 3596
f 3604 3602 3596
f 3602 3606 3596
f 3606 3607 3596
f 3526 3516 1200
f 3596 3608 2888
f 688 1956 676
f 584 589 3361
f 107 1411 693
f 3596 2094 3608
f 3608 2094 2888
f 2888 2094 3599
f 3606 3604 3607
f 2461 2818 2814
f 3609 2464 2811
f 3889 3883 3882
f 421 433 2352
f 163 3610 3609
f 3849 3885 1737
f 3615 3610 163
f 3609 3610 3672
f 3609 3672 3682
f 3682 2886 3609
f 1415 3615 1416
f 1187 1200 3516
f 2423 338 194
f 1430 1532 3220
f 688 2024 1956
f 3619 3617 3694
f 56 1963 76
f 3745 177 115
f 1956 2024 554
f 338 2423 3547
f 3619 2881 2459
f 394 392 385
f 335 3547 312
f 2352 433 2334
f 3745 3620 177
f 3622 3623 3621
f 1184 3202 2582
f 1963 56 1979
f 3623 2842 3621
f 3956 3976 3881
f 2396 2395 199
f 3745 3633 3620
f 3677 3621 3627
f 2842 3622 3630
f 1987 111 77
f 2334 3509 2338
f 91 93 77
f 3745 3706 3633
f 2280 832 1165
f 3638 3625 3639
f 3620 3632 3612
f 454 2447 1788
f 3882 3881 3976
f 3625 3634 3640
f 3620 3633 3632
f 3707 3632 3633
f 554 2024 548
f 2447 2340 2374
f 77 93 1987
f 2447 454 453
f 837 2028 2063
f 2824 3632 3667
f 3630 3635 2842
f 2334 47 2374
f 2842 3635 3621
f 685 3425 687
f 3510 2338 3509
f 341 3510 311
f 2340 2334 2374
f 3642 3640 3634
f 3706 3707 3633
f 2024 684 548
f 3635 3630 3668
f 3878 3875 3253
f 3350 453 454
f 3632 3729 3667
f 1557 2743 1528
f 2334 2340 3350
f 1862 2207 2208
f 94 111 1987
f 3640 3642 3646
f 3856 3878 3253
f 1355 681 1347
f 829 1679 826
f 94 901 111
f 3647 3646 3642
f 2716 3655 3669
f 94 1987 901
f 3635 3668 3652
f 2743 1557 1078
f 3711 2741 3729
f 3655 3652 3668
f 1679 1711 1324
f 3710 1960 3711
f 1960 3712 3711
f 2299 2298 469
f 2221 2224 2127
f 3647 3651 3646
f 3711 3712 2741
f 2298 576 469
f 673 684 2024
f 3389 469 576
f 3848 1706 3850
f 837 2063 2064
f 3712 1114 3715
f 3659 3649 3655
f 469 3389 584
f 680 2030 685
f 3663 2859 3657
f 3659 3657 3649
f 3716 3659 3713
f 3713 2770 3716
f 591 1759 984
f 844 75 76
f 1114 991 3717
f 75 56 76
f 2269 1854 2273
f 3950 3947 3870
f 3870 1774 3950
f 685 675 680
f 3722 2757 2854
f 2087 1662 686
f 1927 1915 3288
f 2726 3721 3727
f 1862 2208 2209
f 3665 2726 2698
f 3726 2698 2726
f 3476 1491 3475
f 1774 3870 3866
f 3669 3668 3630
f 3669 3655 3668
f 574 1833 463
f 1927 2066 836
f 2716 2746 2770
f 3751 3793 2393
f 2040 687 2087
f 2066 3353 836
f 3697 1622 3947
f 1430 3783 1532
f 3866 3947 1798
f 3941 668 671
f 3475 1491 499
f 3763 2457 3897
f 3761 3788 3737
f 3761 3760 3756
f 1 3938 2145
f 3766 3768 3760
f 3773 3767 2598
f 836 3353 2022
f 2114 673 2024
f 535 677 532
f 3765 3771 3772
f 2184 737 1820
f 678 534 531
f 3805 1373 3768
f 2002 3572 3772
f 3572 1435 2008
f 516 3475 520
f 3822 2000 2002
f 3775 3778 3773
f 1373 3775 3479
f 3779 1373 3817
f 2000 3822 3782
f 3512 2391 3503
f 446 127 137
f 2889 2743 1078
f 2162 2167 2164
f 3782 3831 3838
f 3837 3830 3784
f 3732 3782 3838
f 3784 2537 3837
f 1 2065 522
f 2367 2391 3545
f 3710 3838 1960
f 521 516 520
f 3706 3838 3710
f 2324 2310 3784
f 3733 3706 3783
f 3497 213 3498
f 3838 3706 3732
f 3745 3783 3706
f 737 784 1820
f 1815 3863 3512
f 520 526 533
f 1794 563 1788
f 166 176 3646
f 2854 2857 3663
f 3685 3625 3638
f 2052 522 2194
f 1416 3615 163
f 3671 3610 3615
f 3681 3685 3638
f 141 155 137
f 3681 3673 3685
f 3591 3673 3694
f 139 2138 109
f 3826 3822 3824
f 831 552 85
f 521 520 457
f 2061 836 2022
f 831 1505 552
f 668 3941 684
f 89 66 426
f 534 2072 536
f 395 2150 142
f 670 668 663
f 3277 3783 1430
f 2325 520 533
f 2807 2840 1637
f 2017 836 2061
f 3796 3795 3793
f 3786 3737 2357
f 558 526 2887
f 1759 1917 609
f 2325 2317 520
f 2804 3939 3938
f 657 2040 2087
f 3797 3812 3795
f 3809 3786 3741
f 1794 1850 563
f 664 674 680
f 3765 3802 2381
f 2317 1833 458
f 3809 2180 2160
f 2376 1373 3805
f 769 1024 829
f 2040 658 675
f 3809 3817 2376
f 461 2995 3245
f 3808 3767 3773
f 2157 3810 3809
f 3810 3817 3809
f 3817 3810 2157
f 460 533 558
f 3818 3812 3816
f 179 443 361
f 2157 3820 3817
f 551 613 609
f 657 2087 2165
f 1833 1850 458
f 2358 3818 3816
f 3819 3778 3830
f 3819 2358 3816
f 3353 2021 2022
f 460 558 2884
f 1850 1833 563
f 2358 3824 3818
f 3829 3824 2358
f 3829 3826 3824
f 3826 2328 3831
f 3491 1874 3490
f 3494 3484 1874
f 2300 3829 2358
f 3826 3838 2328
f 3829 2140 3826
f 2140 3835 3826
f 3835 3087 3826
f 3087 3838 3826
f 463 1833 2317
f 1850 432 550
f 658 664 2190
f 2511 550 432
f 2300 2347 2326
f 3932 1874 3489
f 3933 3937 3934
f 2298 2299 460
f 2326 2133 2300
f 1850 1794 432
f 2149 2324 3784
f 3831 2328 3838
f 662 658 2040
f 2461 247 2460
f 589 2884 1917
f 3490 3934 3942
f 2017 2060 2019
f 1810 623 1262
f 3898 2326 3837
f 609 613 1759
f 3490 1874 3934
f 3245 174 168
f 2125 2133 3898
f 3631 3634 3679
f 1805 563 1833
f 460 589 1776
f 3679 3634 3615
f 3615 3677 3679
f 460 576 2298
f 1364 3896 2120
f 3651 166 3646
f 3646 176 3680
f 3680 3638 3646
f 3651 2869 166
f 176 3681 3680
f 3685 3672 3671
f 3680 3681 3638
f 176 3694 3681
f 2309 2537 2310
f 3898 2309 3899
f 460 1776 576
f 2269 2273 2270
f 2857 2858 3663
f 609 1917 1931
f 1794 1788 432
f 659 575 664
f 3932 3489 2266
f 1917 1759 589
f 1788 2447 432
f 984 1759 615
f 1805 1833 574
f 3447 3448 1154
f 1788 563 1805
f 2266 3931 3932
f 574 463 1805
f 3932 3931 3933
f 1776 584 576
f 3908 1346 2271
f 3908 2271 3451
f 112 399 101
f 171 2853 2635
f 3453 3454 3448
f 576 584 3389
f 459 174 3245
f 460 2325 533
f 1919 626 1884
f 657 662 2040
f 3451 3454 3909
f 1346 3908 1366
f 1122 1085 1081
f 1730 1805 463
f 591 589 1759
f 1918 2266 1903
f 657 651 662
f 137 151 174
f 1730 1788 1805
f 1864 831 85
f 3912 3459 1155
f 1730 463 3387
f 2392 2382 2383
f 1402 1223 1222
f 1788 1730 3354
f 3912 2188 3916
f 2266 1922 3929
f 2887 1917 558
f 3352 454 1788
f 2188 3912 1155
f 2019 2021 3305
f 3352 3351 454
f 1742 1083 1085
f 1155 3916 2188
f 1155 2179 3916
f 3926 3473 1089
f 639 2329 1184
f 1931 540 609
f 1364 2174 3915
f 1711 2152 1695
f 2626 1364 3920
f 3936 3939 2804
f 3364 3305 2021
f 1889 1890 465
f 1931 1917 540
f 2461 2814 247
f 3728 3747 3922
f 3928 1926 1922
f 3380 1695 907
f 2626 2628 3925
f 1695 1685 909
f 139 170 439
f 1695 3380 1685
f 3928 1922 3478
f 538 522 550
f 170 477 439
f 1850 550 2052
f 909 1685 3380
f 3922 3748 3728
f 540 2046 609
f 1627 1675 3486
f 3536 1627 3486
f 3322 2605 2179
f 2617 3925 2628
f 2617 2619 3925
f 2623 3922 3747
f 1627 3485 1675
f 526 1917 2887
f 2128 1271 1346
f 3536 1485 1400
f 456 2306 455
f 1364 3903 3896
f 3925 3903 1364
f 3747 3728 991
f 3925 1365 3896
f 2623 3747 991
f 3925 1364 3904
f 3904 2626 3925
f 3536 1400 645
f 645 1627 3536
f 726 762 128
f 594 2057 732
f 3489 3484 1896
f 3484 1627 1896
f 645 1896 1627
f 2055 1069 707
f 2057 703 721
f 653 654 647
f 706 704 3463
f 1965 2169 2194
f 2183 1782 1750
f 1130 1509 519
f 1896 2266 3489
f 1089 712 703
f 2010 2019 2018
f 57 747 3471
f 183 181 444
f 3471 2044 707
f 1049 2055 1043
f 3210 1431 3220
f 3459 2055 3472
f 1926 1972 3938
f 3476 2210 3478
f 925 672 3416
f 2037 888 696
f 3459 3472 1049
f 1777 1341 849
f 183 158 474
f 1563 3417 3416
f 1035 3459 2039
f 2169 2210 3475
f 2032 3418 2035
f 1850 2023 458
f 3926 1359 747
f 2023 521 458
f 3926 3342 1359
f 923 2035 1563
f 2035 923 2032
f 2037 2032 3339
f 1092 2313 2429
f 1155 2025 1021
f 457 520 2317
f 3339 1408 3345
f 1778 3204 2244
f 3280 3346 3340
f 3348 1224 3283
f 550 522 2052
f 651 647 648
f 1400 1408 2032
f 1563 3416 923
f 1408 3284 1989
f 1544 923 3416
f 3346 3285 3283
f 3348 3294 3349
f 458 521 457
f 2289 3329 1716
f 1408 1485 3284
f 1989 3346 1408
f 3285 1989 3283
f 1983 3483 3322
f 1864 1024 1505
f 2179 3483 1983
f 3476 3475 2210
f 3285 3346 1989
f 1531 1544 3416
f 2019 3305 2018
f 1537 3006 1544
f 3478 2210 2169
f 2225 2169 1965
f 1544 1513 1537
f 1972 1926 1965
f 1088 1091 1128
f 1513 1544 1531
f 1531 704 1513
f 3283 3294 3348
f 2046 606 609
f 3928 1965 1926
f 901 192 111
f 526 540 1917
f 3929 1922 1926
f 1513 704 706
f 1537 1513 1501
f 1926 1912 3929
f 1850 2052 2023
f 3936 1912 1926
f 2266 3478 1922
f 3929 1912 2266
f 1912 3931 2266
f 1513 706 3463
f 2059 2016 1905
f 1918 1903 3006
f 1895 3931 1912
f 1491 1501 605
f 3349 3483 3348
f 1208 1202 1205
f 3932 3933 3934
f 1874 3932 3934
f 643 3348 3483
f 2134 634 2229
f 3484 3489 1874
f 3549 1202 1208
f 1513 3463 1475
f 3490 3942 3491
f 3345 3346 3280
f 3485 1627 3484
f 3942 1859 3491
f 3494 1874 3491
f 1501 1513 605
f 3495 3484 3494
f 3494 3491 3495
f 3484 3495 3485
f 605 1513 1475
f 3486 3485 3306
f 3306 3485 3498
f 3495 3498 3485
f 3495 3491 3498
f 605 1475 606
f 639 637 647
f 1926 3938 3939
f 1224 3348 643
f 647 637 641
f 641 648 647
f 3342 3926 1224
f 3937 3971 3884
f 3884 3942 3937
f 1224 643 1359
f 526 520 540
f 3942 3934 3937
f 482 481 510
f 1859 3942 3500
f 1475 752 1460
f 3860 3864 3500
f 3864 1859 3500
f 3864 3491 1859
f 3491 3864 3501
f 3501 3864 3944
f 3498 3491 3497
f 1213 3577 1201
f 3491 3501 3497
f 779 1460 752
f 3944 3504 3501
f 1815 3504 3863
f 1155 1359 2025
f 520 2046 540
f 3497 3501 1813
f 2014 2047 2038
f 3504 1815 3512
f 3497 1813 213
f 3514 3504 210
f 3501 3504 3514
f 3512 3503 3504
f 779 724 1448
f 3503 210 3504
f 3859 3942 3884
f 1460 1448 1451
f 3933 1895 368
f 359 2861 3940
f 2861 359 3933
f 609 606 1451
f 359 3937 3933
f 1155 1035 2039
f 885 1359 2039
f 1224 3926 1089
f 1798 3947 3255
f 3947 3696 3255
f 3696 1622 3255
f 1451 1448 972
f 1622 3696 3947
f 972 2093 976
f 1563 2035 3417
f 976 1451 972
f 3846 1785 1500
f 733 849 1341
f 522 2065 2194
f 3947 3866 3870
f 2023 2052 521
f 1975 849 733
f 609 1451 551
f 538 1 522
f 3459 1049 1043
f 885 747 1359
f 1785 3253 1774
f 3697 3276 3705
f 3364 2572 2015
f 3947 3950 3949
f 976 2093 987
f 1774 3872 3950
f 3948 3947 3949
f 3947 3948 3276
f 648 641 2135
f 1451 976 987
f 1451 987 613
f 2044 747 885
f 987 984 613
f 363 486 512
f 3417 925 3416
f 204 486 363
f 3948 3950 3276
f 3950 3872 3253
f 366 204 363
f 3950 3948 3949
f 2871 2853 152
f 3276 3950 3951
f 3953 3276 3952
f 3950 3875 3951
f 3253 1904 3950
f 1904 3875 3950
f 1904 3253 3875
f 3875 3952 3951
f 3951 3952 3276
f 3953 3969 3276
f 984 615 613
f 641 637 2130
f 707 2044 1043
f 3875 3880 3952
f 3952 3880 3953
f 3875 3878 3879
f 1759 613 615
f 3880 3976 3953
f 3879 3880 3875
f 3416 672 704
f 3882 3976 3880
f 3953 3976 3967
f 712 3473 747
f 2100 829 1024
f 3888 3882 3880
f 3879 3888 3880
f 3976 3956 3967
f 987 619 984
f 3885 3888 3879
f 1737 3885 3879
f 987 989 990
f 2052 516 521
f 3882 3883 3881
f 3956 3881 3884
f 712 1089 3473
f 703 747 57
f 703 2057 1089
f 3888 3886 3882
f 619 987 990
f 3883 3889 3881
f 1700 3850 1706
f 2111 2184 2183
f 703 712 747
f 3849 3888 3885
f 3859 3884 3881
f 619 618 984
f 618 591 984
f 3942 3859 3500
f 2130 2126 641
f 57 3467 703
f 1169 1142 2159
f 3467 57 128
f 3859 3881 3889
f 591 618 619
f 3850 1700 132
f 909 990 989
f 990 909 3369
f 2090 2088 632
f 3888 3887 3886
f 3860 3859 3889
f 592 591 619
f 3888 3861 3887
f 3380 907 897
f 3863 3944 3886
f 3860 3500 3859
f 3417 2043 696
f 3849 3850 3890
f 3467 757 703
f 3849 3863 3888
f 3864 3860 3889
f 3888 3863 3861
f 3887 3861 3886
f 1364 3915 3920
f 3917 3915 3916
f 128 757 3467
f 3916 3915 1116
f 3915 3901 1116
f 735 3417 696
f 3890 3865 3849
f 3865 3863 3849
f 3850 3852 3890
f 3017 3850 3851
f 3863 3504 3944
f 3914 1378 1371
f 1371 3913 3914
f 3889 3944 3864
f 3865 3512 3863
f 3913 1371 3909
f 1371 1378 1362
f 3892 3850 3017
f 3913 3910 3916
f 3850 3892 3852
f 1366 3909 1371
f 721 703 757
f 757 128 54
f 3620 3693 177
f 3869 3890 3852
f 177 3853 132
f 1371 1362 1366
f 3910 3459 3912
f 3890 3869 3865
f 3852 3892 3869
f 520 3475 2046
f 3853 3744 3017
f 199 2307 2394
f 2382 3017 3891
f 187 1650 2944
f 3891 3017 3744
f 2394 2307 2389
f 3693 1650 3687
f 1463 1009 1529
f 1362 2197 1366
f 735 3463 704
f 2197 1346 1366
f 3869 2382 2391
f 2382 3869 3892
f 1650 187 3691
f 2391 3512 3869
f 280 494 274
f 3687 3686 177
f 3686 3688 177
f 3891 3744 2383
f 3687 3688 3686
f 1335 1346 2102
f 1335 2102 2197
f 3687 1650 3689
f 3746 3744 3853
f 1650 2460 3689
f 2461 2460 1650
f 1335 2197 2128
f 762 1069 3462
f 3690 3687 3689
f 758 721 757
f 171 3744 3688
f 3691 2818 2461
f 752 3463 735
f 2460 3690 3689
f 2817 2818 3691
f 3702 1835 3231
f 3462 1069 1075
f 2153 2080 3004
f 3255 1622 1830
f 3700 1842 3698
f 1598 401 1842
f 3702 3698 1835
f 3700 1598 1842
f 1622 3702 3231
f 3700 3698 3702
f 1313 1271 1167
f 3702 3703 3700
f 3695 2734 401
f 401 1598 3695
f 3702 3705 1592
f 3702 1598 3703
f 1151 2195 1174
f 741 54 128
f 3705 3702 1622
f 3705 1622 3697
f 3703 1598 3700
f 3305 3364 2015
f 1317 1313 1179
f 1271 2128 1151
f 1598 1594 3695
f 280 330 494
f 1598 3702 1592
f 3695 1594 389
f 1313 1167 1179
f 3958 3963 1594
f 3958 3961 3963
f 3961 3958 1592
f 2052 511 516
f 1167 1271 1199
f 1594 3963 344
f 499 2046 3475
f 3276 3978 3705
f 1592 3970 3961
f 3962 3961 3970
f 3963 3961 3962
f 499 606 2046
f 1848 1679 829
f 3962 3968 3963
f 3462 1154 1231
f 3717 991 3728
f 3969 3967 3970
f 2052 2194 3475
f 3276 3969 3978
f 3971 3968 3962
f 511 3475 516
f 3962 3970 3971
f 3967 3971 3970
f 3967 3969 3953
f 3971 3940 3968
f 1249 1179 1167
f 1313 1346 1271
f 3971 359 3940
f 2460 150 171
f 3956 3884 3971
f 3475 511 2052
f 1792 3866 3893
f 1268 1154 1178
f 1290 1179 1178
f 3276 3697 3947
f 2065 1 2145
f 1435 3874 2012
f 2008 2012 3772
f 2707 3749 3726
f 3822 3818 3824
f 2289 3337 2577
f 831 1864 1505
f 3329 2289 2577
f 2179 1983 3322
f 3479 3775 3773
f 3855 3456 3878
f 3748 3749 2707
f 1737 3879 3878
f 1231 1154 1261
f 1716 3329 2577
f 2012 2008 1435
f 3017 132 3853
f 2940 3783 3745
f 1711 1679 1848
f 2997 3691 187
f 499 2143 606
f 177 2967 115
f 1717 2155 2167
f 2065 1972 2194
f 3853 177 3746
f 2354 1015 981
f 3609 3742 163
f 3684 3691 163
f 1167 1221 1249
f 2817 3691 3684
f 2826 3672 3685
f 1167 1199 1221
f 1271 1151 1174
f 2145 1972 2065
f 1198 1178 1179
f 1491 2143 499
f 3673 2827 2826
f 359 3971 3937
f 3844 3675 3396
f 1178 1238 1207
f 1164 585 624
f 2145 3938 1972
f 2623 2122 2619
f 3392 2580 3918
f 3643 3496 3945
f 3920 2605 2626
f 2224 634 2127
f 3351 683 3945
f 1199 1271 1188
f 1178 1198 1238
f 2179 2605 3920
f 2626 3904 1364
f 1268 1178 1207
f 1174 1188 1271
f 1179 1249 1221
f 1210 1198 1179
f 1431 1700 3477
f 498 371 501
f 2012 445 3772
f 602 600 601
f 1491 606 2143
f 2179 3920 3917
f 3656 3811 3854
f 3917 3920 3915
f 1213 1209 3731
f 3282 1456 3919
f 1936 227 501
f 1827 3359 1623
f 606 1491 605
f 2267 3493 1493
f 3916 2179 3917
f 3359 3361 1623
f 2683 720 1797
f 622 601 2762
f 3847 4001 3854
f 1268 1207 1218
f 3915 2174 3901
f 1210 1238 1198
f 1210 1212 1238
f 3987 720 2683
f 3991 1857 2267
f 734 1225 1229
f 620 621 597
f 1212 1241 1238
f 2179 1155 1021
f 2267 3994 3999
f 3943 3839 816
f 1210 1179 1262
f 3994 2267 1857
f 1241 1212 1210
f 3460 3993 1412
f 3914 1116 3901
f 3365 4001 3988
f 1210 1262 1241
f 1241 1219 1238
f 3916 1116 3913
f 3914 3901 1378
f 1965 2194 1972
f 1238 1219 1217
f 1116 3914 3913
f 849 1864 85
f 2194 2169 3475
f 1179 1221 1262
f 1217 1218 1238
f 2731 3989 2683
f 2056 2018 3244
f 1206 1906 3993
f 2557 259 2577
f 1238 1218 1207
f 598 599 622
f 3224 3987 1427
f 1243 1217 1219
f 1412 1417 3801
f 4001 1353 995
f 995 3375 4001
f 1217 1243 1218
f 1470 3801 3988
f 3365 1353 4001
f 347 351 2074
f 3912 3916 3910
f 620 1602 621
f 3801 1444 3988
f 3390 3375 995
f 1219 1241 1232
f 1243 1219 1232
f 1906 1412 3993
f 2580 525 3918
f 329 323 502
f 1166 2204 2205
f 2092 1428 1906
f 592 619 3989
f 2878 3989 619
f 3476 3478 1491
f 3282 2551 1941
f 3459 3910 3453
f 544 2551 3224
f 3913 3909 3910
f 1232 1252 1243
f 65 50 297
f 3511 3739 3392
f 3675 544 3224
f 2449 2551 544
f 2683 2878 1427
f 3867 3368 1427
f 2551 2449 1941
f 1243 1252 626
f 1273 3801 3636
f 3909 1366 3908
f 1241 1252 1232
f 3453 3910 3454
f 599 598 597
f 2878 3867 1427
f 1412 1906 346
f 3370 3636 3801
f 1262 623 1884
f 3452 3459 3457
f 3282 1941 3718
f 2055 3459 3452
f 1428 3943 1997
f 1428 478 1906
f 1417 1412 346
f 1174 1254 1182
f 3675 3844 544
f 3452 1068 2055
f 3453 3457 3459
f 3844 2036 544
f 3909 3454 3910
f 816 957 3943
f 3636 3370 3699
f 1419 2449 544
f 3453 3452 3457
f 1252 1241 626
f 3277 2000 3783
f 596 1152 588
f 3282 957 1456
f 1239 1142 1169
f 1997 478 1428
f 1243 626 1104
f 598 1395 3791
f 957 1997 3943
f 1484 1486 1149
f 1288 3371 3675
f 2449 3718 1941
f 346 3801 1417
f 3675 3371 3396
f 346 1906 478
f 1243 1306 1269
f 3844 3396 3559
f 1419 3373 2449
f 3373 3986 2449
f 2225 3478 2169
f 3718 957 3282
f 3478 2234 1491
f 249 504 252
f 957 3982 1997
f 1079 452 3370
f 3844 3559 2036
f 1537 1491 2234
f 1147 1079 3801
f 2225 1965 3928
f 1257 1218 1269
f 3909 3908 3451
f 1419 544 2036
f 2036 3373 1419
f 1243 1104 1306
f 2234 3478 2252
f 2449 3986 3718
f 346 3965 3801
f 452 1079 1147
f 3801 3965 1147
f 1262 1182 1050
f 3451 3448 3454
f 24 27 28
f 2018 3305 3244
f 2252 1537 2234
f 1997 821 478
f 3404 1997 3982
f 1997 3404 821
f 478 3172 346
f 452 1147 3965
f 1300 1182 1254
f 1269 1306 1323
f 3020 3965 346
f 1398 1380 616
f 3447 3453 3448
f 3453 3447 3452
f 2036 3559 3373
f 478 821 3376
f 3965 3020 452
f 3982 957 3718
f 3344 346 3172
f 3986 3036 3718
f 452 3401 3400
f 3020 3401 452
f 3344 3020 346
f 3718 3036 3982
f 1104 626 1293
f 3448 3451 2271
f 3036 3382 3982
f 3986 3407 3136
f 3986 3136 3036
f 3344 3402 3020
f 889 3381 3373
f 3373 3381 3986
f 2271 2261 3448
f 3986 3381 3407
f 2252 3478 1918
f 3344 3406 3402
f 3376 3406 478
f 3172 478 3406
f 2271 1346 1313
f 2380 966 2303
f 1257 1269 1095
f 225 2412 2428
f 1360 3525 213
f 3525 1360 3498
f 1360 213 3558
f 1068 3452 3447
f 3515 2302 3517
f 2397 2370 2396
f 3502 2302 3515
f 3498 1360 1349
f 1262 1279 1316
f 3517 2304 1344
f 2370 2372 2396
f 3438 1659 1202
f 2266 1918 3478
f 1118 81 1254
f 2389 205 2394
f 39 1075 1068
f 3558 1344 1360
f 2396 2372 2311
f 1142 1239 1218
f 2380 2303 2377
f 1331 1316 1279
f 1810 1262 1316
f 2303 2311 2372
f 3447 39 1068
f 2304 3517 2302
f 3498 1349 3550
f 966 2311 2303
f 2706 2710 616
f 1262 1050 1279
f 2304 2302 2389
f 617 2710 3911
f 3306 3498 3550
f 2308 1899 2389
f 2261 1290 3448
f 1327 1300 1254
f 2305 2396 2311
f 2307 2308 2389
f 1899 2304 2389
f 256 2708 201
f 269 3244 3305
f 1257 1095 1080
f 368 1895 1912
f 1104 1340 1306
f 2305 2315 2396
f 1898 2304 1899
f 264 404 324
f 2412 2421 2428
f 3303 3244 269
f 1050 1182 1071
f 3931 1895 3933
f 1069 1068 1075
f 2311 2315 2305
f 2271 1313 1317
f 966 2322 2311
f 1344 1349 1360
f 3447 1154 39
f 3449 2433 2312
f 1317 2261 2271
f 2249 1919 623
f 2318 2322 966
f 1675 3485 3486
f 2419 2402 2403
f 2322 2315 2311
f 2402 2419 2319
f 2308 2307 2323
f 3386 3387 463
f 225 2314 2404
f 1316 1331 2263
f 3386 463 471
f 1143 2321 2435
f 2322 2399 2315
f 1898 1344 2304
f 1154 3448 1290
f 2318 1076 2322
f 2399 2322 2400
f 3306 3550 2388
f 1075 39 1154
f 1293 1919 630
f 2261 1317 1290
f 1080 1142 1218
f 2323 1900 2308
f 3181 3293 2686
f 2399 2401 2315
f 1344 2388 1349
f 3898 3899 3896
f 3899 3842 3896
f 2183 1750 2106
f 3899 2309 3842
f 2437 225 2428
f 2299 471 463
f 1898 1901 1344
f 471 2299 469
f 1070 2321 1143
f 413 1900 2315
f 2308 1900 1899
f 1340 1293 992
f 2718 342 489
f 1344 1901 2388
f 2309 3898 3841
f 414 2400 1076
f 1024 1864 2100
f 1142 1105 1097
f 1899 345 1898
f 2310 3842 2309
f 644 785 2248
f 1848 829 1711
f 2202 2204 2715
f 345 1901 1898
f 1323 1080 1095
f 2053 3244 3303
f 1050 1331 1279
f 1303 1901 1909
f 345 267 1901
f 1909 1901 267
f 1902 3244 2053
f 3682 3672 2886
f 1902 1907 1905
f 1342 1080 1323
f 573 2299 463
f 1327 1254 81
f 1909 1908 1303
f 1902 1905 3244
f 1905 2016 3244
f 733 2356 1975
f 1907 1303 1908
f 1905 1907 1916
f 3671 3615 3634
f 1033 940 2330
f 267 2718 1909
f 992 1293 630
f 1435 3572 1430
f 1909 1911 1908
f 940 1033 946
f 1909 1913 1910
f 3896 2136 2120
f 3842 2136 3896
f 2718 2031 1909
f 279 276 63
f 573 2317 460
f 1910 1911 1909
f 593 610 1139
f 3677 3631 3679
f 1911 1925 1908
f 573 463 2317
f 573 460 2299
f 1327 1071 1182
f 2331 2361 926
f 1910 1913 1911
f 2016 2056 3244
f 1913 1914 1911
f 1907 1908 1925
f 1916 2020 1905
f 3841 3898 3837
f 1907 1915 1916
f 2031 1913 1909
f 2020 2059 1905
f 3898 2133 2326
f 2332 940 946
f 3841 3837 2309
f 2324 2141 2310
f 1913 2026 1914
f 1323 1350 1342
f 2059 2020 1916
f 1066 1327 81
f 2331 926 932
f 992 630 995
f 1925 1915 1907
f 2017 2056 2016
f 630 994 995
f 1914 1929 1911
f 1911 1929 1921
f 1080 1342 452
f 460 2317 2325
f 932 929 2331
f 1913 1920 2026
f 788 3262 2014
f 837 3288 1925
f 1340 1356 1323
f 1356 1350 1323
f 1916 1923 2059
f 2059 1923 2017
f 934 929 932
f 2031 1920 1913
f 992 1353 1340
f 836 1923 1916
f 1911 1921 837
f 3837 2326 2347
f 3020 1142 1080
f 458 457 2317
f 1920 1932 2026
f 2333 936 943
f 2347 3830 3837
f 944 2333 943
f 3288 1915 1925
f 3020 1080 3401
f 1034 1036 1032
f 1923 836 2017
f 150 152 171
f 453 3350 2340
f 849 865 1864
f 929 934 938
f 938 931 929
f 1002 2263 1331
f 2149 3779 3820
f 1933 1932 2031
f 1929 837 1921
f 938 2337 931
f 938 2336 2337
f 1932 1936 1937
f 1937 1928 1932
f 227 1932 1933
f 227 1936 1932
f 1937 1934 1928
f 2178 737 2181
f 1353 992 995
f 1937 1935 1934
f 2336 938 939
f 2335 2337 2336
f 2336 939 2335
f 3399 1080 452
f 3400 1080 3399
f 1357 1356 1340
f 3699 1350 1356
f 644 2248 2200
f 1937 1936 1938
f 1363 1050 1071
f 1935 1939 2028
f 1938 1935 1937
f 1331 1050 2580
f 2715 644 2200
f 1936 1940 1938
f 2580 1050 1363
f 1939 1935 1938
f 1331 2580 3392
f 1066 52 1327
f 1940 1936 1942
f 999 945 904
f 1940 1942 1938
f 1363 1071 525
f 284 2761 288
f 2340 2447 453
f 1939 2029 2028
f 1331 3392 1002
f 2347 2300 3819
f 1942 1736 1938
f 1938 1736 1939
f 1736 1943 2029
f 945 2342 2339
f 501 1947 1942
f 1002 3392 2263
f 3830 2347 3819
f 1736 2067 1943
f 2067 1738 1943
f 1738 2029 1943
f 1071 1327 16
f 52 15 1327
f 948 2341 2342
f 1071 16 525
f 3510 2352 2338
f 1947 1946 1942
f 2342 2343 2339
f 2358 3819 2300
f 105 524 52
f 2343 92 2339
f 2367 2396 199
f 1363 525 2580
f 525 1327 15
f 525 16 1327
f 1944 2067 1736
f 3510 341 2352
f 2341 948 1251
f 2341 1251 2342
f 1944 1736 1946
f 2343 2342 1251
f 2344 91 92
f 2069 1946 1947
f 1949 1944 1946
f 2343 2344 92
f 2344 2343 1251
f 2363 3818 3771
f 3816 3812 3815
f 3816 3815 3819
f 2074 2069 1947
f 1960 1114 3712
f 2112 2260 53
f 1953 2069 2074
f 2112 53 55
f 1951 1946 1954
f 351 2075 2074
f 3050 2112 55
f 1951 1949 1946
f 2346 2345 1251
f 2074 1955 1953
f 2069 1953 1954
f 2075 1955 2074
f 1953 1955 1954
f 2381 3812 3818
f 3819 3815 3813
f 2381 2363 3765
f 1138 604 2585
f 2334 2338 2352
f 2376 3817 1373
f 3818 2363 2381
f 3061 2291 3050
f 2075 1957 1955
f 1955 1957 1954
f 2122 2623 2124
f 1771 1951 1954
f 1365 3925 2619
f 1957 1771 1954
f 1771 2042 1951
f 2034 787 1761
f 787 1769 1761
f 3903 3925 3896
f 2174 1364 3894
f 2585 2671 1138
f 2042 1781 1951
f 2623 991 2124
f 3813 3815 3812
f 3808 3813 3799
f 2075 1958 1957
f 433 2374 47
f 3896 1365 3898
f 838 12 1959
f 1959 1964 838
f 838 3289 1958
f 3290 3289 838
f 1789 1772 2068
f 1964 3290 838
f 1987 2348 241
f 2053 3303 269
f 3800 3812 2381
f 2120 3894 1364
f 2174 3894 2136
f 1761 1783 2034
f 2166 1753 2167
f 2619 2122 3898
f 1365 2619 3898
f 3305 262 2588
f 2381 2316 3800
f 991 1114 2132
f 2111 2183 2106
f 1964 1959 12
f 2316 2381 3802
f 2124 991 2132
f 3741 2180 3809
f 2124 2132 2122
f 3813 3812 3797
f 1964 1967 3290
f 1966 2042 2045
f 2042 788 1961
f 2136 3894 2120
f 2211 2254 2212
f 3835 2132 1114
f 788 2042 1966
f 788 2038 1961
f 12 1800 1964
f 1225 485 1962
f 3799 3813 3797
f 1964 1968 1967
f 1966 2045 1971
f 1966 3291 788
f 604 2625 2975
f 1800 1968 1964
f 1968 839 1967
f 2125 2122 2132
f 3898 2122 2125
f 3291 1966 1971
f 272 901 2348
f 1970 3291 1971
f 2053 269 3307
f 3786 3809 3768
f 1973 3291 1970
f 433 2447 2374
f 3786 3768 2415
f 3741 3786 3740
f 335 194 338
f 328 292 219
f 2070 1812 2038
f 1968 1990 839
f 839 1976 1971
f 3795 3812 3800
f 1976 1973 1970
f 2132 3835 2297
f 1978 1976 839
f 1970 1971 1976
f 2125 2132 2133
f 2310 2136 3842
f 1990 1978 839
f 433 47 2334
f 1977 1988 1974
f 2415 3768 3766
f 2316 3795 3800
f 2141 3901 2136
f 1979 879 1977
f 2444 3797 3795
f 2553 2100 1864
f 894 803 1849
f 3835 2137 2297
f 1974 1979 1977
f 199 2395 2315
f 1984 1982 1980
f 1980 2071 1984
f 2141 2136 2310
f 1832 790 1978
f 1832 1981 790
f 1979 1974 861
f 1378 3901 2141
f 3829 3835 2140
f 3835 3829 2300
f 1979 861 1994
f 3786 2415 3737
f 1992 845 809
f 2625 2792 2975
f 861 1996 1994
f 794 1863 1986
f 793 1856 1866
f 2141 2324 2149
f 1969 1802 1787
f 1093 2312 3458
f 2141 2149 997
f 997 1378 2141
f 997 1362 1378
f 969 1070 1143
f 971 2350 969
f 2350 1070 969
f 1008 2351 2349
f 971 1070 2350
f 2149 3820 2148
f 1072 1070 971
f 2351 2354 2349
f 997 2149 1362
f 2159 1142 1097
f 1004 1007 1072
f 2354 920 2349
f 1007 2355 1072
f 2355 968 1072
f 2354 2360 920
f 1362 2149 2156
f 2535 2447 433
f 2355 379 968
f 919 2355 1007
f 2148 2157 2149
f 2355 148 379
f 2360 924 920
f 919 130 2355
f 921 130 919
f 926 2361 1018
f 2362 922 2361
f 3796 2444 3795
f 2362 898 922
f 2364 2366 2361
f 2362 2361 2366
f 2331 2364 2361
f 2177 1362 2156
f 2331 928 2364
f 2366 898 2362
f 393 2364 928
f 1251 91 2344
f 93 91 2345
f 106 83 294
f 960 3096 959
f 901 272 1974
f 1974 1988 901
f 803 1800 1849
f 803 1818 1800
f 1818 1968 1800
f 1979 76 1963
f 1818 1990 1968
f 2156 2157 2177
f 1990 1818 840
f 803 840 1818
f 432 2447 2511
f 1979 1996 1991
f 269 3305 2588
f 1991 76 1979
f 1991 1999 76
f 1994 1996 1979
f 2177 2171 1362
f 1991 1998 1999
f 2197 1362 2171
f 792 1995 1832
f 1995 1981 1832
f 2177 2157 2160
f 1995 1841 1981
f 1992 1993 845
f 2001 1197 1993
f 2003 1991 1996
f 2007 2001 877
f 2316 3793 3795
f 2168 2177 2160
f 1998 1991 2004
f 848 2001 2007
f 2214 3741 3740
f 1996 539 2003
f 2168 2160 2180
f 2004 877 1999
f 1998 2004 1999
f 2444 3751 3797
f 2182 2171 2177
f 2004 1991 2003
f 2006 2007 877
f 854 539 1996
f 2004 2006 877
f 852 2006 2004
f 3741 2214 2191
f 3499 2869 2874
f 2506 2511 2447
f 2168 2180 3741
f 2881 3694 254
f 3772 3572 2008
f 2168 3741 2182
f 3224 1427 3368
f 2454 3797 3751
f 2683 1797 2731
f 3382 3404 3982
f 1427 3987 2683
f 3987 3224 2267
f 3224 2551 3994
f 1827 1623 876
f 3224 1857 3991
f 3357 3386 3979
f 3357 3979 3984
f 2182 2195 2171
f 3979 3352 3984
f 2195 2197 2171
f 1734 3979 3386
f 2182 3741 2191
f 2195 2182 2203
f 2267 1493 3987
f 2203 2182 2191
f 3786 2357 2496
f 2195 2128 2197
f 1797 720 1623
f 1129 3352 3979
f 1129 1156 3352
f 3737 3730 2365
f 1493 720 3987
f 720 1504 1623
f 2357 3737 2365
f 2214 3740 3786
f 2535 2506 2447
f 2203 2191 2213
f 296 331 327
f 3756 3792 3788
f 2203 2213 2215
f 1151 2128 2195
f 683 3352 1156
f 2551 3999 3994
f 2206 2203 2215
f 3786 2496 119
f 2214 2213 2191
f 1129 3979 1734
f 927 1504 720
f 2589 2671 2883
f 3694 3673 3681
f 3671 3672 3610
f 2589 2625 2866
f 1129 683 1156
f 3493 2267 3981
f 433 425 2535
f 2213 60 2215
f 3750 927 720
f 397 391 89
f 60 2206 2215
f 2588 262 3323
f 3282 3999 2551
f 2195 2206 933
f 3685 3671 3634
f 2240 2213 2214
f 3990 1456 816
f 3493 720 1493
f 876 1504 927
f 3198 433 421
f 876 1129 1734
f 2506 550 2511
f 2267 3843 3981
f 327 2556 273
f 3974 1129 876
f 269 2588 3302
f 3733 3732 3706
f 1174 933 942
f 2242 2213 2240
f 2092 3943 1428
f 720 3493 3750
f 911 2206 60
f 3974 683 1129
f 3733 3783 3732
f 2240 2245 2242
f 2242 60 2213
f 751 2245 2240
f 2650 2816 2815
f 876 927 3750
f 683 3895 3643
f 933 911 78
f 1196 3577 1211
f 78 942 933
f 3493 2846 3750
f 683 3974 3895
f 2245 60 2242
f 3919 3999 3282
f 2537 3784 2310
f 856 849 893
f 1118 1254 1174
f 1174 942 1118
f 2092 1906 1206
f 2000 3732 3783
f 2556 3085 273
f 2251 2250 2246
f 3784 3781 2149
f 1118 942 78
f 2092 3839 3943
f 2537 2309 3837
f 425 2560 2535
f 72 62 2245
f 3999 3981 3843
f 876 3905 3995
f 3995 3974 876
f 3496 3704 3945
f 78 911 60
f 3839 3990 816
f 3839 1456 3990
f 2462 3138 421
f 3820 3779 3817
f 2000 3782 3732
f 81 1118 78
f 3919 2604 3999
f 3779 3781 1373
f 550 2560 2562
f 1284 586 624
f 3999 2604 3981
f 3781 3775 1373
f 2152 829 2100
f 1177 1180 1183
f 3139 421 3138
f 3830 3778 3780
f 2220 2093 1324
f 1284 585 1282
f 898 392 121
f 3496 3643 3895
f 392 2364 393
f 3493 1559 2846
f 3773 3778 3819
f 3839 3919 1456
f 785 2209 2199
f 612 3237 3981
f 1084 876 3750
f 62 72 159
f 3477 1700 1706
f 2112 2443 2260
f 421 3139 3198
f 3818 3822 3771
f 2604 612 3981
f 3493 3981 3237
f 2275 2166 2167
f 385 141 394
f 1301 3228 621
f 3822 3772 3771
f 382 395 385
f 3765 2363 3771
f 887 159 881
f 2443 1029 2262
f 3469 876 1084
f 3809 3805 3768
f 3974 3363 3895
f 3801 1273 1444
f 2092 1206 3839
f 3664 3493 3237
f 1559 3493 3664
f 3995 1361 3974
f 2262 1029 2260
f 1361 3363 3974
f 538 550 2562
f 3993 3460 1206
f 3768 1373 3773
f 1159 1047 1045
f 1084 3750 2846
f 3799 2598 3767
f 3839 1206 1077
f 2260 1029 53
f 2560 433 423
f 2529 1029 2495
f 3469 3905 876
f 3636 1444 1273
f 3998 2604 3919
f 3773 3758 1379
f 3363 1062 3895
f 436 440 435
f 3758 3760 1379
f 2547 1029 2545
f 98 81 864
f 3460 1412 3414
f 1402 1222 878
f 3737 2415 3766
f 423 2670 2560
f 3802 3765 3763
f 1062 3496 3895
f 2268 55 1029
f 1237 1245 734
f 1245 1237 1253
f 2268 1029 2547
f 1 538 2562
f 3919 3461 3998
f 1559 1084 2846
f 3469 3995 3905
f 3763 3765 2457
f 3569 55 2268
f 1361 1124 3363
f 3766 3761 3737
f 843 864 887
f 2598 3799 3758
f 3761 3766 3760
f 477 476 475
f 476 440 172
f 1406 1246 1602
f 81 52 1066
f 1209 3516 3731
f 3778 3781 3784
f 1406 2956 1246
f 3237 612 3921
f 2548 2539 153
f 3802 3763 2316
f 2670 1 2562
f 3921 612 2604
f 3966 3664 3237
f 843 887 2541
f 3988 1444 3636
f 2956 3840 1234
f 233 3198 3139
f 52 98 105
f 3799 3797 3792
f 3469 1084 1559
f 2649 3756 3760
f 2316 3763 3753
f 3461 3839 2879
f 3577 1213 1211
f 423 3198 408
f 3730 3737 3788
f 3758 3799 3792
f 435 440 437
f 3935 3839 1077
f 3428 98 843
f 1111 1648 1153
f 3792 3797 2454
f 3921 3964 3237
f 3788 3761 3756
f 2277 98 3428
f 2548 2272 2539
f 3758 2649 3760
f 1062 1027 3496
f 105 98 524
f 3897 3487 750
f 2277 524 98
f 2272 2548 3543
f 2539 2272 2541
f 2541 2272 3543
f 1114 1960 3087
f 2258 2170 2257
f 2281 165 2279
f 3363 1027 1062
f 165 2281 3560
f 3560 2281 2282
f 2282 2281 2279
f 2285 3560 2282
f 3758 3792 2649
f 439 477 139
f 3997 2604 3998
f 2484 2285 2286
f 3664 3964 1559
f 2291 2471 2483
f 2975 1214 3724
f 3414 1412 1470
f 2500 2286 2295
f 423 2721 2670
f 2286 2291 2295
f 2649 3792 3756
f 2792 579 2975
f 1027 3363 3464
f 3751 3796 3793
f 2500 2295 2294
f 2294 2295 3548
f 3964 3966 3237
f 2133 2132 2297
f 3983 1361 3995
f 1027 3488 3496
f 423 408 2721
f 1960 3838 3087
f 1206 3935 1077
f 2300 2137 3835
f 2297 2137 2300
f 3779 2149 3781
f 2157 2148 3820
f 3831 3782 3822
f 3826 3831 3822
f 3496 3507 3492
f 3365 3988 3367
f 1206 3460 3414
f 3839 3935 2879
f 3819 3813 3808
f 3461 2879 3998
f 3809 2376 3805
f 3767 3808 3799
f 3966 3964 3664
f 1559 3996 3469
f 3496 3482 3507
f 2058 3753 3897
f 403 400 279
f 1124 1361 3983
f 1185 1184 2329
f 3793 2316 3753
f 1006 3921 2604
f 3751 2444 3796
f 2365 3730 3788
f 2058 3793 3753
f 3198 2633 408
f 2393 2384 3751
f 3480 3983 3995
f 3983 3363 1124
f 119 2214 3786
f 3496 3488 3450
f 3482 3496 3450
f 3871 2879 3935
f 1181 1184 1186
f 3715 2746 2716
f 2770 3713 2716
f 989 2093 2220
f 3792 2454 797
f 2058 2393 3793
f 152 2853 171
f 3715 1114 3720
f 3788 3792 3785
f 1006 2604 3997
f 3975 1559 3964
f 2745 2716 2845
f 1159 2158 1051
f 1160 1112 3209
f 3669 2845 2716
f 459 3245 2995
f 408 2734 2736
f 3995 3469 3480
f 3788 3785 2359
f 3480 3363 3983
f 3923 1470 3988
f 1105 2159 1097
f 441 196 364
f 733 2159 1105
f 2824 3669 3630
f 3480 3465 3363
f 3465 3464 3363
f 3785 3792 2359
f 3 228 322
f 2670 2736 1
f 1206 3957 3935
f 2726 3665 3721
f 372 8 370
f 3957 1206 3414
f 3727 3726 2726
f 3927 3960 3469
f 3469 3474 3480
f 3739 4001 3375
f 3997 2879 3871
f 2670 2721 2736
f 2707 3723 3748
f 2118 3004 2519
f 3985 1470 3923
f 797 2359 3792
f 3975 3996 1559
f 2365 3788 2359
f 2384 2393 2379
f 3723 2707 3726
f 797 2454 2359
f 4001 3739 3787
f 3414 1470 3957
f 3728 3748 3723
f 3722 3721 3665
f 3877 1006 3997
f 3721 3726 3727
f 3726 2746 3723
f 3996 3927 3469
f 2368 3545 2392
f 3511 3777 3739
f 2734 408 2633
f 3790 3930 3964
f 3474 3466 3480
f 2746 3726 3721
f 2359 2454 2369
f 3722 3665 2757
f 3975 3964 3930
f 3023 2932 572
f 3777 3787 3739
f 3964 3921 3790
f 1831 2270 2235
f 3516 1657 1659
f 3474 3469 3519
f 1027 3470 3488
f 3392 3918 3511
f 2746 3720 3723
f 3723 3717 3728
f 3998 2879 3997
f 3808 3773 3819
f 3519 3466 3474
f 2746 3721 3722
f 2408 2365 2359
f 3985 3923 3803
f 3661 3722 2854
f 269 3302 3292
f 3877 3814 1006
f 1766 2175 2244
f 3719 2746 3722
f 571 3023 572
f 3446 3469 3960
f 961 1052 1053
f 3923 3988 3803
f 1470 3985 903
f 2460 247 150
f 3757 3794 3935
f 1 2798 3938
f 3790 3975 3930
f 3263 401 2734
f 3719 3722 2770
f 3519 3480 3466
f 3465 3455 3464
f 2365 2408 2357
f 3777 3511 3918
f 3716 3722 3661
f 2386 738 2379
f 2384 108 2454
f 903 3957 1470
f 3794 3807 3935
f 3935 3807 3871
f 3790 3798 3975
f 3716 2770 3722
f 3464 3470 1027
f 2379 746 2386
f 2746 3719 2770
f 119 751 2240
f 2379 2393 2398
f 3519 3469 3446
f 3519 3465 3480
f 3470 3450 3488
f 746 2379 2398
f 3720 3717 3723
f 2854 3663 3661
f 3997 3871 3857
f 2408 2496 2357
f 3470 3464 3455
f 568 571 572
f 571 568 570
f 3847 3988 4001
f 2384 730 108
f 3659 3661 3663
f 1838 2200 2247
f 3659 3716 3661
f 3854 4001 3787
f 119 2496 2408
f 3833 3757 3935
f 3715 3720 2746
f 3876 3921 1006
f 3659 3663 3657
f 1114 3717 3720
f 324 268 198
f 3790 3921 3876
f 746 2398 738
f 3713 3659 3655
f 3803 3988 3845
f 754 2398 2393
f 3836 3975 3798
f 738 2386 746
f 3996 3975 3873
f 2390 108 110
f 3292 3302 2588
f 3653 3649 3657
f 3997 3769 3877
f 3876 3814 3790
f 3975 3836 3873
f 1065 3164 1058
f 3455 3465 3518
f 569 571 570
f 2686 3293 2662
f 3827 3918 525
f 572 3040 3080
f 865 2553 1864
f 3651 3653 2868
f 3814 3876 1006
f 3652 3655 3649
f 2916 571 569
f 2716 3713 3650
f 2798 2804 3938
f 3804 3787 3777
f 730 110 108
f 3847 3811 3988
f 880 2152 2100
f 3647 3649 3653
f 1604 3040 2931
f 3655 3650 3713
f 3960 3927 3446
f 3647 3653 3651
f 129 743 119
f 2274 2329 654
f 2716 3650 3655
f 3833 3935 3957
f 389 2798 2763
f 3877 3769 3814
f 3647 3642 3649
f 739 2390 110
f 2405 2390 739
f 2390 2405 2408
f 3769 3997 3857
f 3470 3444 3450
f 2359 2390 2408
f 3147 3164 1057
f 119 2245 751
f 3871 3769 3857
f 3649 3642 3652
f 1975 1109 849
f 129 119 2408
f 679 2398 61
f 389 2734 3695
f 2408 2405 2416
f 1227 1225 1220
f 3437 3996 3873
f 730 738 138
f 3444 3521 3450
f 389 2832 2798
f 730 714 110
f 3710 3711 3706
f 3988 3811 3845
f 2388 2054 3306
f 2416 2405 739
f 3798 3393 3836
f 3707 3706 3711
f 3470 3455 3444
f 3711 3729 3632
f 3854 3811 3847
f 737 2111 3227
f 2832 2804 2798
f 3639 3646 3638
f 568 3080 567
f 3985 3803 3862
f 3646 3639 3640
f 2100 2553 880
f 3711 3632 3707
f 1220 1225 1962
f 3814 3419 3790
f 3836 3393 3873
f 3996 3433 3927
f 3433 3409 3927
f 3927 3442 3446
f 3635 3652 3642
f 3849 1737 1706
f 2315 2307 199
f 3621 3635 3631
f 3631 3635 3642
f 3442 3423 3446
f 3423 3435 3446
f 2832 386 2804
f 739 2430 2416
f 3936 2804 386
f 3634 3631 3642
f 389 2813 344
f 1695 2220 1711
f 2434 110 714
f 2416 2432 2408
f 3871 3807 3769
f 3807 3332 3769
f 2246 2430 739
f 3437 3433 3996
f 3442 3927 3423
f 367 386 2832
f 739 110 2246
f 239 372 373
f 738 679 138
f 3444 3455 3522
f 3640 3639 3625
f 730 138 714
f 3430 3777 3918
f 389 344 2832
f 3764 3957 903
f 3957 3764 3833
f 3409 3423 3927
f 3430 3743 3777
f 3631 3627 3621
f 342 345 419
f 743 129 699
f 345 342 267
f 903 3862 3764
f 3939 3936 1926
f 566 565 3080
f 3632 2824 3622
f 2824 3630 3622
f 565 567 3080
f 2245 119 699
f 3631 3677 3627
f 3419 3798 3790
f 386 367 3936
f 699 119 743
f 524 3430 3827
f 785 2199 2248
f 3845 3660 3803
f 3985 3862 903
f 3735 3757 3833
f 367 2861 3936
f 367 2832 344
f 110 2251 2246
f 564 565 562
f 2356 733 1105
f 1912 3936 368
f 714 138 2463
f 524 3743 3430
f 3777 3743 3804
f 2848 3632 3622
f 2848 3612 3632
f 2842 3623 3622
f 138 679 146
f 3393 3437 3873
f 368 3936 2861
f 3833 3764 3735
f 3299 3794 3757
f 2432 129 2408
f 2848 3622 3613
f 3612 2848 3613
f 3743 3670 3804
f 3660 3862 3803
f 3618 3621 3677
f 3694 2881 3619
f 3769 3419 3814
f 3597 2432 2416
f 1065 3175 3157
f 3862 3683 3764
f 3735 3764 3757
f 2430 2431 2426
f 3332 3770 3769
f 3618 3677 1415
f 2383 2635 2853
f 3435 3423 3405
f 3634 3625 3685
f 3940 2861 367
f 3660 3845 3736
f 2233 2205 2236
f 3419 3356 3393
f 3419 3393 3798
f 3621 3614 2997
f 368 2861 3933
f 3980 3787 3804
f 3787 3980 3854
f 3854 3980 3656
f 3692 3613 3622
f 2997 3622 3621
f 2250 2431 2430
f 1382 2431 2250
f 3770 3419 3769
f 3405 3532 3435
f 561 564 562
f 2430 2246 2250
f 3794 3332 3807
f 3621 1415 3614
f 1415 3621 3618
f 347 374 353
f 3622 2997 3692
f 3361 589 591
f 3343 3725 3332
f 3614 1415 2997
f 3437 3341 3433
f 3612 3613 3611
f 3692 187 3613
f 3613 187 3611
f 584 1776 589
f 3725 3770 3332
f 2434 2443 2452
f 3611 187 2944
f 3423 3409 3405
f 3811 3736 3845
f 3336 3437 3393
f 3409 3433 3341
f 3378 3405 3409
f 589 460 2884
f 3604 2094 3607
f 3607 2094 3596
f 138 146 649
f 649 2463 138
f 3555 3762 1445
f 3419 3770 3356
f 3157 1064 1065
f 2483 2251 2452
f 2250 2251 2483
f 3405 3358 3532
f 3602 3604 3606
f 1917 2884 558
f 2446 1382 2250
f 3225 3757 3738
f 3350 3509 2334
f 3874 3555 1445
f 2250 165 2446
f 533 526 558
f 679 61 2472
f 3596 2888 2893
f 2897 3563 2890
f 2893 2913 3596
f 3811 3701 3736
f 3595 3584 2888
f 3660 3736 3701
f 2910 3586 3582
f 165 2250 2279
f 2897 318 3564
f 1952 2890 1804
f 3190 564 561
f 153 699 2527
f 3555 3874 1435
f 3980 3804 3670
f 165 3436 2446
f 3811 3660 3701
f 247 2689 2756
f 3299 3332 3794
f 3336 3341 3437
f 269 3284 3298
f 2473 3597 1384
f 699 2432 2527
f 2897 2899 1948
f 61 661 2472
f 649 2479 2463
f 1948 2906 2897
f 635 623 3375
f 2250 2483 2279
f 3375 2249 635
f 3390 630 2249
f 3336 3393 3356
f 2485 2434 2463
f 3190 3191 564
f 3343 3770 3725
f 2452 2443 646
f 3678 3980 3670
f 2452 646 2483
f 2463 2479 2477
f 3278 3568 2906
f 2906 3568 2914
f 3660 3811 3427
f 159 699 153
f 2914 3568 2920
f 3225 3299 3757
f 2282 2279 2285
f 742 2201 2233
f 849 2553 865
f 3683 3862 3660
f 1924 2906 2914
f 3343 3299 3770
f 2914 2920 1924
f 3299 3356 3770
f 3191 3196 564
f 3543 3103 3658
f 2485 2463 2477
f 2534 3440 3548
f 2285 2279 2471
f 3155 1924 3216
f 3216 1924 2920
f 3548 3440 2294
f 646 2443 2483
f 3678 3662 3980
f 3597 2473 2432
f 2928 1847 2920
f 649 146 2479
f 3378 3314 3405
f 2483 2471 2279
f 3662 3580 3980
f 3304 3738 3764
f 2081 2490 661
f 3544 3540 2541
f 3410 2752 900
f 3866 3226 2928
f 3299 3295 3356
f 3866 1798 3226
f 3429 3434 2294
f 3355 3314 3409
f 1686 1687 3538
f 3662 3670 3658
f 3662 3678 3670
f 1798 3255 3226
f 263 3541 3534
f 1064 3074 955
f 2473 3524 2432
f 2479 2532 628
f 3409 3314 3378
f 2483 2112 2291
f 3540 3658 3670
f 2472 2490 146
f 2485 2495 2443
f 2493 2527 2432
f 3743 3428 3670
f 3738 3200 3225
f 3692 2997 187
f 3295 3336 3356
f 2262 2260 2443
f 3811 3656 3637
f 3644 3683 3660
f 3273 3764 3683
f 2532 146 2490
f 3332 3299 3343
f 2509 2493 2432
f 153 881 159
f 3297 3341 3336
f 2498 1397 2286
f 2432 3524 2509
f 3656 3629 3637
f 3534 3531 3530
f 2498 2286 2500
f 3429 3660 3434
f 3528 3531 3527
f 313 3527 203
f 3580 3656 3980
f 3629 3434 3637
f 3190 557 3232
f 3528 3523 3530
f 3336 3295 3297
f 3311 3358 3405
f 331 312 3552
f 203 3521 313
f 2493 2509 2527
f 3521 306 315
f 2532 2490 2517
f 2490 608 2517
f 3455 3518 3522
f 2500 1404 2498
f 3440 3644 3660
f 3918 3827 3430
f 3273 3683 3644
f 3764 3273 3304
f 3304 3200 3738
f 335 338 3547
f 1404 2500 2294
f 560 3232 559
f 3297 3281 3341
f 2532 2485 628
f 3564 331 3552
f 3440 3660 3429
f 197 3527 3538
f 2495 2485 2529
f 2248 2247 2200
f 312 331 335
f 203 306 3521
f 3519 3518 3465
f 2485 2532 2529
f 341 311 2352
f 3314 3355 767
f 3434 1404 2294
f 1838 2202 2715
f 315 306 290
f 557 559 3232
f 3050 2291 2112
f 3295 3268 3297
f 3314 3311 3405
f 153 2527 2523
f 331 194 335
f 407 415 412
f 3643 3945 683
f 3016 2352 311
f 2532 2522 2529
f 2368 2367 3545
f 590 1115 3150
f 3149 590 3150
f 3385 3359 876
f 3246 560 559
f 2517 608 2532
f 2522 2532 2549
f 290 3066 311
f 1797 1623 3361
f 153 2528 2548
f 3295 3137 3268
f 557 694 555
f 3246 559 557
f 2509 2536 2527
f 2523 2528 153
f 3540 3544 3658
f 2295 2291 3548
f 3612 3611 2944
f 2509 3431 2536
f 3693 3612 2944
f 2523 3561 2528
f 3225 3248 3299
f 290 306 3039
f 3438 1670 1226
f 194 331 296
f 3548 2291 2534
f 2529 2522 2549
f 2545 1029 2529
f 2719 2800 2709
f 2549 2532 2538
f 694 713 1424
f 2534 2291 3061
f 1537 1918 3415
f 2538 2532 608
f 3561 2548 2528
f 1918 1537 2252
f 3268 3281 3297
f 3281 3355 3341
f 3412 3413 2615
f 2529 2549 2547
f 2529 2547 2545
f 3138 3016 311
f 3658 3590 3662
f 3594 3656 3580
f 3295 3299 3236
f 2244 2175 1748
f 3658 3103 3580
f 2546 3561 2536
f 2538 608 2549
f 2777 3380 897
f 2536 3431 2546
f 557 713 694
f 3401 1080 3400
f 3266 3281 3268
f 2547 2549 3592
f 3281 3213 3355
f 2546 3431 3562
f 3274 3311 3314
f 608 3604 2549
f 3594 3629 3656
f 555 3246 557
f 3644 3440 3273
f 3299 3248 3236
f 3561 3543 2548
f 327 3533 296
f 3306 3298 3536
f 3543 3561 3554
f 3580 3662 3590
f 3016 2462 2352
f 3388 471 469
f 1384 2430 2426
f 2426 2431 1382
f 3200 3304 3273
f 2300 2133 2297
f 306 285 3039
f 3677 3615 1415
f 555 3093 3246
f 3274 767 3311
f 3546 767 3553
f 3546 3311 767
f 273 3533 327
f 2286 1397 1403
f 191 197 1687
f 2286 1403 2484
f 2484 1403 2285
f 2285 1403 3560
f 285 306 191
f 3039 3070 290
f 3380 2777 3383
f 601 622 602
f 3381 889 3407
f 318 3049 331
f 1220 3438 1227
f 1111 2790 3243
f 1301 1602 1277
f 3355 3185 767
f 767 3274 3314
f 3239 602 622
f 1648 1111 3243
f 3172 3406 3344
f 600 3242 3243
f 3286 555 694
f 2469 989 2220
f 694 701 697
f 3242 3230 3243
f 3046 3200 3273
f 3124 3137 3295
f 3404 3376 821
f 600 1162 3242
f 2233 2201 2205
f 3233 3243 2823
f 3213 3193 3355
f 622 3234 3229
f 1162 600 602
f 2823 3243 3230
f 1648 3243 3233
f 3559 3380 3377
f 3239 3229 602
f 3230 3242 1162
f 3225 700 3248
f 3248 3065 3236
f 778 560 3246
f 621 3228 622
f 622 3228 3215
f 3587 3629 3594
f 1112 1157 3233
f 3223 3268 3137
f 3234 622 3215
f 2356 1105 3408
f 3093 555 553
f 3174 1115 2902
f 3590 3658 3580
f 3233 3221 1112
f 625 602 3229
f 3046 3273 3120
f 1357 1340 3636
f 3286 553 555
f 777 3093 553
f 3234 3215 3229
f 3367 3988 3636
f 2823 3221 3233
f 3222 3215 3211
f 3587 3551 3629
f 2378 3110 3149
f 3230 1162 603
f 2823 3230 603
f 2902 2823 603
f 3049 318 3072
f 3065 3295 3236
f 1259 580 583
f 1301 1164 3235
f 2158 1160 3209
f 603 602 625
f 1797 3989 2731
f 625 3229 3222
f 2534 3273 3440
f 3361 3989 1797
f 553 3286 777
f 2158 3209 3219
f 584 3361 3359
f 1272 580 1264
f 3218 603 625
f 583 580 1272
f 625 3182 3218
f 290 3070 3066
f 3209 1112 3221
f 3209 3221 3217
f 2158 3219 3189
f 3074 2378 1067
f 3211 3215 3212
f 3065 3124 3295
f 1329 3222 3211
f 3158 3266 3207
f 3266 3268 3207
f 3143 3281 3266
f 3281 3169 3213
f 3217 3194 3214
f 3209 3217 2222
f 3208 3209 2222
f 3085 189 614
f 3211 3212 1329
f 2222 3217 3214
f 3553 3552 3546
f 2158 3189 1051
f 2534 3120 3273
f 3195 3215 1164
f 549 3286 694
f 3070 3138 3066
f 3182 3222 1329
f 3219 3209 3206
f 1067 2378 3067
f 3208 3206 3209
f 3928 3478 2225
f 3097 3185 3355
f 1537 1501 1491
f 3594 3142 3587
f 603 3199 2902
f 3218 3203 603
f 3178 3182 1329
f 1410 107 554
f 3143 3169 3281
f 777 3286 773
f 3177 1046 1048
f 3307 3306 2054
f 3320 777 773
f 3225 3200 3129
f 1893 755 532
f 3268 3223 3207
f 3199 3180 2902
f 1046 3177 3176
f 773 549 3320
f 3128 3095 3072
f 255 3107 2556
f 191 1687 258
f 1867 2273 1854
f 1868 2273 1867
f 3205 603 3203
f 549 773 3286
f 1115 590 3194
f 191 258 285
f 3219 3206 3171
f 819 1888 1887
f 811 819 1887
f 3168 3194 3197
f 285 231 3070
f 3187 627 3192
f 3143 3266 3158
f 813 846 812
f 3205 3188 3183
f 3197 3194 590
f 3189 3219 3171
f 1191 1186 1184
f 3325 549 691
f 3203 3218 3188
f 3580 3142 3594
f 3587 3142 3551
f 1872 1879 749
f 3536 3298 3284
f 1184 1185 1191
f 1687 3125 258
f 1164 627 3186
f 3178 3212 3195
f 1329 3212 3178
f 3168 3197 590
f 3580 3103 3142
f 3157 3194 3168
f 3206 3194 3157
f 3072 3054 3128
f 3125 285 258
f 3218 3182 3161
f 3127 3183 3188
f 3183 3199 603
f 3187 3192 1328
f 627 3187 1328
f 3195 1164 3178
f 3218 3161 3153
f 3153 3188 3218
f 3127 3188 3118
f 255 3095 3128
f 27 464 377
f 3103 3543 3121
f 3119 3138 3070
f 1924 3155 3054
f 1410 554 684
f 554 548 684
f 3033 3137 3124
f 269 3292 1989
f 3143 3024 3213
f 3176 3177 3159
f 3213 3169 3143
f 3173 627 1328
f 3171 3206 3175
f 575 659 652
f 3144 255 3128
f 3144 3107 255
f 3025 3129 3200
f 3161 3182 3178
f 3188 3153 3166
f 744 1854 2269
f 3174 3180 3150
f 3189 3171 3177
f 3067 955 1067
f 3171 3175 1058
f 3170 3159 3177
f 3856 3855 3878
f 3178 1164 3186
f 3185 3097 767
f 767 3097 3553
f 231 3119 3070
f 231 224 3119
f 687 1662 2087
f 1995 1845 1841
f 1869 3144 3054
f 3054 3144 3128
f 1846 2228 2229
f 1881 3125 3107
f 581 3183 3127
f 3170 3177 3171
f 3161 3163 3153
f 3325 1354 1355
f 3164 3170 3171
f 3118 3188 3166
f 1328 3117 3173
f 627 3173 3146
f 3186 627 3156
f 3166 3153 3118
f 3168 590 3149
f 3277 1430 2000
f 3176 3159 3160
f 3178 3133 3161
f 3163 3161 3154
f 3137 3033 3223
f 3159 3170 3164
f 545 3320 547
f 3065 3088 3124
f 3180 3183 3150
f 3158 3011 3143
f 3143 3011 3024
f 3178 3186 3156
f 3163 3132 3153
f 1982 1828 1980
f 581 3127 3148
f 3168 3149 3157
f 3154 3161 3133
f 3033 3124 3088
f 226 285 3125
f 285 226 231
f 3147 3159 3164
f 1055 3160 3159
f 3154 3132 3163
f 2534 3061 3120
f 3150 3183 3123
f 3145 1044 1055
f 73 470 467
f 549 1348 545
f 3151 1823 2041
f 3103 3102 3142
f 3200 3046 3025
f 1869 1883 3144
f 1881 3144 3179
f 700 3225 3129
f 700 3129 3065
f 3139 2633 233
f 3178 3156 3140
f 3149 3152 2378
f 3154 3133 3132
f 269 1989 3284
f 3097 3193 3213
f 1822 2233 2196
f 3150 3123 3130
f 3150 3130 3152
f 3103 3431 3102
f 2071 1980 1828
f 3830 3780 3784
f 3053 3223 3033
f 1055 3159 3109
f 627 3146 3156
f 650 2135 662
f 2138 426 300
f 1824 3162 2041
f 3144 1883 3179
f 543 3924 671
f 3123 3183 3131
f 3121 3557 3103
f 3113 1044 3145
f 3110 3157 3149
f 1064 3157 3110
f 3134 3178 3140
f 2138 300 106
f 3078 3564 3553
f 3561 3557 3121
f 3061 3046 3120
f 3173 3141 3146
f 1855 1883 1869
f 3147 3109 3159
f 3118 3153 3135
f 2375 3150 3152
f 537 1433 535
f 3216 1869 3155
f 3153 3126 3114
f 3564 3078 3097
f 3569 3061 3050
f 537 541 1345
f 3082 3033 3088
f 1819 3184 1795
f 224 231 1842
f 3213 3027 3097
f 3097 665 3564
f 3569 2984 3061
f 3088 2999 3082
f 3140 3156 3134
f 3133 3134 3132
f 3201 3179 1883
f 2920 1847 3216
f 3109 3147 1054
f 3223 3053 3158
f 3153 3114 3135
f 3173 3117 3141
f 1883 1855 3201
f 3127 3118 3122
f 2999 3088 3065
f 3123 3069 3130
f 3116 3156 3146
f 3134 3112 3100
f 3131 3127 3098
f 226 3254 1860
f 1109 1975 2356
f 226 1860 1842
f 3134 3156 3116
f 3069 3123 556
f 1855 1869 3216
f 3114 3126 3132
f 3126 3153 3132
f 196 441 361
f 3098 3127 3122
f 556 3123 3131
f 1855 3216 1847
f 2999 3033 3082
f 145 123 122
f 3053 2946 3158
f 224 1842 3241
f 3134 3116 3112
f 422 145 122
f 1842 1860 3254
f 3132 3134 3083
f 3152 3130 3069
f 2150 431 473
f 880 897 2152
f 3135 3099 3118
f 2218 3265 629
f 2999 3065 3129
f 3145 3109 3113
f 3134 3100 3083
f 3027 665 3097
f 224 3241 2633
f 1803 1780 1787
f 3226 1847 2928
f 3114 3111 3135
f 1766 1775 3204
f 3015 3053 3033
f 2107 1784 2218
f 961 3109 1054
f 3238 1855 1847
f 3260 3259 1795
f 3772 3822 2002
f 3046 3026 3025
f 3026 2938 3025
f 3420 473 116
f 3100 3112 1330
f 3114 3132 3083
f 3024 3027 3213
f 3146 3141 3101
f 2820 2769 2819
f 3025 2938 3129
f 3122 3118 523
f 1770 1766 1784
f 1044 3113 3105
f 556 3131 3098
f 3005 3027 3024
f 3101 3141 3084
f 1761 1951 1781
f 3098 3122 3106
f 1064 3110 2378
f 2244 1762 1778
f 1780 3259 3258
f 3118 3099 523
f 3420 474 473
f 665 3565 3564
f 1326 3141 731
f 1786 1780 1763
f 3152 3069 3086
f 2946 3053 3015
f 3096 960 3105
f 3111 3099 3135
f 3027 3565 665
f 3112 3116 1330
f 2939 475 396
f 2938 2999 3129
f 2734 2633 3263
f 2248 2199 1836
f 3113 3109 961
f 1744 1778 1762
f 3146 3101 3116
f 1780 3257 1756
f 1768 1786 1763
f 476 172 33
f 667 3024 3011
f 3565 3027 3566
f 1842 3254 3240
f 3104 3116 3101
f 3111 523 3099
f 1830 1855 3238
f 2946 3011 3158
f 3100 1330 3083
f 3083 3092 3089
f 3114 3083 3089
f 849 1109 893
f 1270 587 1278
f 2999 3015 3033
f 1780 1756 1763
f 3098 3106 513
f 3091 2378 3152
f 3094 587 1270
f 3566 3027 3001
f 3105 3113 3079
f 3698 1842 3240
f 2968 3024 667
f 3091 3152 3086
f 3141 1326 3084
f 3263 3241 1842
f 3240 3254 3698
f 667 3011 2968
f 2938 3026 3046
f 2099 3252 1767
f 1830 3226 3255
f 3024 2992 3005
f 3005 2992 3027
f 3061 2984 3046
f 2821 2771 2720
f 2999 2958 3015
f 3113 961 3079
f 1758 1749 3261
f 3069 556 3068
f 2778 2735 2767
f 2378 3074 1064
f 3001 2890 3566
f 3257 1745 3264
f 3105 3079 3081
f 3101 3084 3059
f 1330 3104 3101
f 3116 3104 1330
f 3083 1330 3076
f 2999 3000 2958
f 2162 1717 2167
f 3390 2249 3375
f 3084 1326 3071
f 1753 2175 1770
f 3089 3092 3058
f 3571 2890 3001
f 3071 1322 1310
f 3076 1330 3077
f 3027 3571 3001
f 3018 3091 3086
f 2378 3091 3067
f 1109 2356 3408
f 3449 2312 998
f 998 1143 3449
f 946 3096 3105
f 2106 1750 3309
f 2999 2938 2964
f 3086 3060 3018
f 3458 2312 2313
f 3111 3089 3058
f 3015 2976 2946
f 3098 3068 556
f 3071 3059 3084
f 1330 3057 1332
f 3076 3075 3083
f 3073 3111 3058
f 2984 2268 2951
f 2938 3046 2984
f 3063 523 3111
f 3069 3060 3086
f 3058 3092 3083
f 3063 3111 3073
f 2941 2992 3024
f 3264 1745 1741
f 3079 961 3081
f 2456 3105 3081
f 946 3105 2456
f 3083 3075 3058
f 2941 3027 2992
f 3081 961 1059
f 3257 3258 3316
f 897 880 2676
f 2964 2945 2999
f 5 2 6
f 2968 2941 3024
f 217 7 6
f 3698 3254 1835
f 401 3263 1842
f 3015 2948 2976
f 3011 2901 2968
f 3 2 5
f 2469 909 989
f 2951 2938 2984
f 2945 3000 2999
f 3077 3034 3076
f 2813 1594 344
f 2948 3015 2958
f 3056 3069 3068
f 2456 2455 946
f 3059 3071 3064
f 1121 2796 2533
f 3062 523 3063
f 2937 3000 2945
f 946 2455 947
f 3000 2937 2958
f 3693 3620 3612
f 3576 2896 1681
f 2901 3011 2946
f 2964 2938 631
f 2896 1678 1681
f 3071 1310 3051
f 3571 1681 3296
f 3059 3064 3972
f 2968 2901 2941
f 2951 2268 2547
f 2455 2456 3081
f 1181 1203 3202
f 3593 2946 2976
f 2946 3581 2901
f 3056 3060 3069
f 631 2913 2964
f 3301 1678 3583
f 3034 3057 3043
f 1721 3316 3300
f 1741 3316 875
f 2951 2547 2554
f 2951 2915 2938
f 1059 2455 3081
f 2913 2938 2915
f 3292 3322 286
f 3301 3583 3287
f 3058 3075 3076
f 3301 1681 1678
f 2166 1748 2175
f 2247 2248 2192
f 1681 3301 3379
f 2890 1806 1804
f 3571 1804 1806
f 2901 3576 2941
f 3317 875 3316
f 513 3048 3098
f 3422 3599 2094
f 3333 1183 1180
f 1838 2247 2236
f 3063 3035 3062
f 2948 3593 2976
f 3605 3422 1667
f 4 493 492
f 2937 2948 2958
f 3593 2910 2946
f 3584 2937 2945
f 2455 1059 1082
f 3064 3071 3051
f 3972 3064 3038
f 2238 3309 1744
f 3060 3056 3052
f 3582 3581 2946
f 3035 3063 3073
f 2913 3584 2945
f 1318 1311 1307
f 3571 3296 1804
f 1744 2275 2238
f 3581 2896 2901
f 1307 1308 1318
f 3374 2094 3604
f 3068 3098 3048
f 3366 3287 1661
f 2937 3584 2948
f 3584 3585 2948
f 2910 3582 2946
f 1695 2469 2220
f 2554 2915 2951
f 3073 3058 491
f 3317 3324 1721
f 2027 1738 3317
f 2029 1738 2027
f 2915 2904 2913
f 1661 1680 1573
f 3051 3038 3064
f 2554 3592 2915
f 2490 3374 3604
f 3048 513 3012
f 3052 3047 3018
f 3593 3589 2910
f 1723 2275 2239
f 3056 3068 3048
f 2239 1718 1723
f 3585 3595 2948
f 3057 3031 3043
f 1721 3321 1724
f 2913 2893 3584
f 3595 3593 2948
f 947 2455 2453
f 3364 3317 3372
f 994 630 3390
f 3056 3048 3012
f 2382 2392 3545
f 2275 1723 2238
f 3595 3585 3584
f 1318 1308 3042
f 3032 3051 1318
f 3972 3038 3973
f 491 3058 3076
f 2579 2123 2078
f 3422 1680 1667
f 3056 3012 3041
f 1721 3324 3316
f 3038 3044 3973
f 3035 3045 3062
f 3032 1318 3042
f 3051 3032 3038
f 3317 1721 3372
f 2464 2465 2811
f 513 3045 3012
f 2064 2028 3353
f 2809 2464 3609
f 3366 1661 1573
f 2464 2809 2806
f 2464 2466 2465
f 3609 2806 2809
f 2464 2806 2805
f 2805 2466 2464
f 3609 2886 2806
f 3287 3391 3301
f 2806 2886 2805
f 2634 2466 2468
f 2634 2467 2466
f 1215 1213 1216
f 2196 2236 2247
f 2805 2468 2466
f 1213 1215 1211
f 3031 3034 3043
f 3037 491 3076
f 3035 3073 3014
f 2835 2882 2886
f 3296 1681 1804
f 3037 3076 3034
f 2805 2886 2459
f 2094 3374 1642
f 3372 1721 3360
f 2882 2459 2886
f 3073 491 3037
f 1989 3292 3294
f 947 2453 2450
f 2451 947 2450
f 3021 3034 3031
f 3037 3014 3073
f 2453 958 999
f 3042 1308 578
f 2468 2705 2634
f 3619 2882 2835
f 3619 2459 2882
f 3591 2835 51
f 2490 3604 608
f 2468 2805 2630
f 51 2826 3591
f 2064 3353 2066
f 2123 3004 2118
f 2645 2474 2652
f 3018 3047 3013
f 2474 2475 2652
f 3591 3617 3619
f 3315 1718 1726
f 2468 2630 2705
f 3294 3292 3349
f 1732 2238 349
f 1681 3379 1804
f 3334 3247 3338
f 3372 3360 1716
f 1636 1628 281
f 3424 3287 3366
f 2470 2608 2610
f 3739 623 2263
f 3047 3041 3013
f 3038 3032 3044
f 3045 3035 3030
f 2705 2638 2634
f 114 1628 1638
f 1717 2164 2153
f 2470 2478 2608
f 2608 2478 2476
f 2656 2480 2658
f 2880 2881 254
f 3366 3513 3424
f 2572 1716 336
f 2487 2476 2478
f 3029 3019 3041
f 2453 999 904
f 2986 3042 578
f 2687 2802 2717
f 837 1925 1911
f 3044 3032 3028
f 3032 3042 3028
f 114 1482 1649
f 2654 2482 2656
f 3012 3045 3030
f 3374 2490 1642
f 3012 3010 3029
f 2656 2482 2480
f 3441 3422 3384
f 2192 2248 1836
f 2802 2719 2717
f 3441 3384 1642
f 2729 2802 2687
f 2474 2478 2475
f 3029 3041 3012
f 2481 2654 2476
f 254 3499 2880
f 2802 2800 2719
f 2730 2802 2729
f 3424 3391 3287
f 1712 1297 1708
f 1709 1708 1297
f 1708 1709 1710
f 3041 3002 3013
f 1703 3044 3028
f 2730 2800 2802
f 2487 2481 2476
f 3301 3391 3379
f 1422 1702 1694
f 3041 3019 3002
f 904 2445 2453
f 941 937 939
f 2481 2487 2654
f 1696 1699 1697
f 939 937 2448
f 2482 2654 2488
f 2487 2478 2486
f 519 1580 1512
f 2849 2851 2760
f 2257 2170 2109
f 3641 2880 3499
f 1683 1692 1247
f 2732 2793 2709
f 1952 1804 3391
f 2654 2487 2486
f 2448 937 2445
f 2486 2488 2654
f 1512 1580 175
f 1703 3028 786
f 2876 2877 3641
f 2732 2876 2793
f 2795 2797 2709
f 2793 2795 2709
f 2795 2627 2797
f 3394 1684 1671
f 2600 2491 2486
f 3022 786 708
f 3044 1703 4000
f 3755 3394 1671
f 3394 3755 1677
f 3591 2827 3673
f 3694 3617 3591
f 1703 786 3022
f 2603 2488 2491
f 2491 2488 2486
f 2877 2876 2732
f 3019 3029 3010
f 1670 1672 1669
f 2494 2482 2488
f 3030 3007 3012
f 2492 2494 2488
f 1950 3755 1414
f 3434 3629 3551
f 3641 2875 2876
f 1152 1507 1647
f 3641 3499 2875
f 2788 2793 2876
f 2793 2782 2795
f 1418 1672 1670
f 2448 2445 939
f 2327 2435 2321
f 3426 1396 3551
f 2782 2786 2795
f 2435 2327 2437
f 1727 2275 2155
f 2173 2175 1753
f 1890 1840 465
f 2873 2876 2875
f 1670 1666 1668
f 1664 1668 1666
f 2497 2494 2492
f 3499 2873 2875
f 2791 2876 2873
f 3551 1396 3434
f 2789 2782 2793
f 2490 3421 1642
f 176 254 3694
f 2874 2870 3499
f 3536 3284 1485
f 3397 1680 3422
f 1664 1666 1670
f 304 1312 1715
f 1945 2899 3391
f 687 1665 1664
f 3031 3977 3021
f 3034 3021 3037
f 3911 3759 1223
f 3014 3037 2994
f 1664 1670 1663
f 496 3018 3013
f 3439 1663 1670
f 2873 2788 2791
f 2789 2783 2782
f 3421 3441 1642
f 1670 3438 3439
f 2869 2870 2874
f 3424 3445 3391
f 1662 687 1664
f 1660 1662 1663
f 3422 1588 3397
f 2497 2503 2657
f 1122 2810 2834
f 2784 2788 2873
f 3508 3431 2509
f 2864 2839 2869
f 3436 1396 3426
f 2503 2642 2644
f 2873 2516 2784
f 1339 2504 2501
f 1588 3422 3441
f 3037 3021 2994
f 1208 3439 3438
f 1663 3439 1208
f 1339 2501 1337
f 1660 1208 1658
f 3030 3035 3007
f 2782 2507 2786
f 3878 1706 1737
f 3499 2870 2865
f 3499 2865 2873
f 2783 2739 2507
f 3438 3549 1208
f 2783 2507 2782
f 2507 2504 2786
f 1658 1208 1204
f 2739 2784 2516
f 939 2445 945
f 2784 2739 2781
f 3977 3954 2996
f 3526 1187 1183
f 2516 2873 2780
f 3019 3003 3002
f 2504 2507 2501
f 2499 2505 2644
f 3003 3019 3010
f 2490 2081 3421
f 2507 1337 2501
f 3021 3977 2987
f 2236 2196 2233
f 838 347 353
f 2472 661 2490
f 1636 1644 1643
f 353 12 838
f 3653 3657 2864
f 3653 2864 2868
f 2864 2863 2839
f 2873 2776 2780
f 2499 2518 2513
f 2644 2505 2513
f 1630 1633 595
f 1397 2498 3434
f 3514 1813 3501
f 2739 2512 2507
f 2512 1337 2507
f 2518 2499 2991
f 2991 2510 2518
f 2860 2865 2870
f 3424 3468 3481
f 2776 2873 2865
f 3424 3520 3468
f 2513 2505 2499
f 3391 3278 1945
f 3009 3021 2987
f 3267 10 3269
f 2515 2644 2513
f 2512 2739 2514
f 2515 2503 2644
f 2987 3977 2996
f 1588 3441 1582
f 3432 3436 3426
f 1337 2512 2667
f 1582 3421 661
f 2739 2516 2780
f 2514 2667 2512
f 2667 2514 1337
f 2075 838 1958
f 3392 3739 2263
f 2864 2859 2863
f 3445 3424 3481
f 2780 2664 2739
f 3657 2859 2864
f 2863 2859 2860
f 3010 3012 438
f 1632 1387 1390
f 2664 2514 2739
f 939 945 2335
f 582 2657 2503
f 3445 3481 3391
f 3289 1957 1958
f 1626 1653 1624
f 2525 2515 2513
f 2776 2773 2780
f 2859 2865 2860
f 438 3012 3007
f 428 3007 3035
f 3663 2858 2859
f 2509 3524 3508
f 438 2980 3010
f 1582 3441 3421
f 2510 2678 2518
f 210 213 1813
f 3009 2994 3021
f 428 3035 3008
f 2768 2865 2859
f 2510 2520 2678
f 2857 2768 2859
f 2525 2530 2515
f 3421 2081 661
f 2859 2858 2857
f 1374 1370 1372
f 1336 3013 3002
f 2530 2525 2521
f 2589 2866 2671
f 2865 2773 2776
f 1610 1614 1617
f 2526 2513 2518
f 582 2515 2530
f 2678 2524 2518
f 2518 2680 2526
f 1611 1613 1612
f 2998 3007 2989
f 2857 2766 2768
f 2766 2773 2865
f 2765 2664 2780
f 2883 2671 1123
f 2335 2339 2337
f 2524 2680 2518
f 1612 1600 1611
f 3347 2660 1192
f 1611 1368 1619
f 1609 1611 1145
f 2526 2525 2513
f 2865 2768 2766
f 2773 2765 2780
f 424 582 2681
f 2983 2996 3954
f 2737 2852 2847
f 2524 2678 2677
f 3481 3278 3391
f 2857 2854 2766
f 1947 347 2074
f 2073 347 1947
f 1989 3294 3283
f 2521 2558 2530
f 2867 150 247
f 90 2337 2339
f 2985 2672 1343
f 428 2989 3007
f 2773 2766 2765
f 1591 1611 1600
f 1605 1597 1534
f 2555 2672 2985
f 210 1813 3514
f 2983 3954 728
f 2766 2854 2855
f 1596 1593 1581
f 1600 1608 1587
f 2530 2531 582
f 2855 2759 2766
f 2526 2680 2525
f 2531 2543 582
f 2677 2679 2680
f 2287 2301 216
f 1336 3002 3003
f 3468 3520 3481
f 2989 428 3008
f 2665 2765 2766
f 438 3007 2998
f 2681 582 2543
f 2854 2759 2855
f 2987 2990 2994
f 1588 3542 3397
f 2558 2531 2530
f 2540 2597 2677
f 1740 1738 3261
f 2543 2531 2558
f 2766 2759 2751
f 2680 2521 2525
f 1522 1527 1584
f 1522 1605 1527
f 2994 2990 2979
f 1902 3307 2054
f 2988 3003 3010
f 2665 2766 2758
f 2247 2192 1829
f 2983 728 2977
f 2751 2758 2766
f 216 68 2287
f 2990 2987 2969
f 1578 1587 1536
f 1581 1577 1533
f 2521 2563 2558
f 2059 2017 2016
f 3520 3567 3481
f 2591 2669 2555
f 2542 2559 2540
f 2679 2673 2521
f 2542 2544 2559
f 2757 2759 2854
f 2759 2757 2751
f 216 2301 2284
f 3575 1588 1582
f 3556 1588 3575
f 1533 1579 1578
f 2673 2564 2521
f 2989 3008 2994
f 2564 2563 2521
f 2751 2723 2758
f 1565 1581 1519
f 1565 1568 1575
f 216 2284 68
f 2568 2758 2723
f 1575 1567 1577
f 2540 2559 2550
f 2682 2681 2552
f 2673 2550 2564
f 3570 3520 3513
f 2987 2996 2982
f 2559 2555 2669
f 2972 2980 438
f 2723 2751 546
f 1573 3570 3513
f 3665 2750 2757
f 2669 2565 2559
f 728 3992 725
f 3316 68 320
f 2723 546 2568
f 2559 2754 2550
f 2561 2564 2550
f 2969 2979 2990
f 2750 2751 2757
f 2988 3010 2980
f 3768 3773 1379
f 546 2751 2569
f 519 1509 1134
f 2982 2996 2983
f 1168 2987 2982
f 1127 1569 1564
f 2973 2989 2994
f 2571 2558 2574
f 3574 1573 3397
f 2575 2561 2550
f 1567 1566 1562
f 2754 2575 2550
f 2198 3269 1807
f 2989 2973 438
f 1228 1225 734
f 3524 1384 3508
f 2567 2558 2563
f 2566 2570 2559
f 2754 2559 2570
f 1561 1121 1564
f 3665 2698 2750
f 3603 3278 3481
f 2563 2564 2561
f 2567 2574 2558
f 68 2284 320
f 2565 2568 2569
f 2568 2669 2668
f 2570 2566 2565
f 1386 1382 3436
f 1558 518 1092
f 3436 165 3560
f 1092 970 1558
f 2973 2994 2978
f 1245 1228 734
f 1173 2682 2571
f 2569 2573 2565
f 2568 2565 2669
f 2574 2567 2563
f 661 61 3579
f 2698 2692 2750
f 2569 2751 2711
f 2692 2751 2750
f 2981 2973 388
f 2078 2754 2570
f 2660 3347 579
f 3322 3483 286
f 2571 2578 1173
f 2078 2575 2754
f 2579 2078 2570
f 2519 2571 1172
f 2076 2563 2561
f 388 2973 2978
f 2980 2971 2988
f 2283 2284 832
f 2284 874 832
f 2519 2578 2571
f 2578 2581 1173
f 3567 3626 3624
f 2076 2574 2563
f 754 3575 1582
f 1173 2581 3090
f 2982 2983 2977
f 1177 1175 1180
f 2981 2974 2973
f 2972 438 2960
f 2574 2076 1172
f 2076 2077 1172
f 1588 3556 3573
f 438 2973 2970
f 2578 2519 2079
f 2575 2076 2561
f 2972 2960 2963
f 2578 2079 2581
f 1624 1630 1626
f 2241 2097 3309
f 2965 2960 438
f 2575 2078 2076
f 2987 1168 2969
f 2077 2519 1172
f 3292 286 3483
f 3483 3349 3292
f 2579 1171 2121
f 2076 2519 2077
f 2965 2974 2981
f 2119 2118 2076
f 2076 2118 2519
f 1548 1502 1554
f 3481 3567 3624
f 2078 2123 2119
f 3874 1445 2012
f 2978 2994 2979
f 3308 337 3312
f 2118 2119 2123
f 3578 1639 1020
f 2970 2973 2974
f 3542 1588 3573
f 3542 3574 3397
f 1502 1550 212
f 2972 2963 2980
f 2079 2082 2581
f 2954 2943 2969
f 3115 632 2582
f 2283 832 2280
f 3004 2079 2508
f 3308 3312 3310
f 212 1550 1551
f 2970 2974 2965
f 3568 3278 2920
f 2079 3004 2082
f 2982 2966 1168
f 2096 2082 3004
f 2096 2083 2082
f 2581 2082 632
f 2965 2981 388
f 2581 632 3115
f 2971 2980 2963
f 2969 2961 2954
f 1382 2446 3436
f 3567 3520 3626
f 2096 2085 2083
f 1494 1477 1476
f 2962 2979 2969
f 2084 2099 2153
f 2086 2153 2099
f 661 3579 754
f 3517 213 210
f 2083 632 2082
f 2084 2153 2164
f 2982 1499 2966
f 632 636 3167
f 2085 632 2083
f 2988 2971 2963
f 3774 3573 3556
f 1499 2982 2977
f 2979 2962 2959
f 2979 388 2978
f 2085 2090 632
f 3603 3624 3616
f 2099 1767 2086
f 1168 2961 2969
f 1471 3578 1014
f 1733 3309 1728
f 2084 2164 2167
f 3774 3556 3575
f 3598 3542 3573
f 2096 2090 2085
f 1477 1473 1446
f 2084 2089 2099
f 2167 2089 2084
f 2086 1767 2101
f 2091 2095 2264
f 3333 3526 1183
f 61 754 3579
f 2091 2264 2253
f 3603 2920 3278
f 728 725 1570
f 320 2284 2296
f 2957 1168 2966
f 2096 633 2090
f 388 2979 2950
f 1753 2089 2167
f 2969 2943 2962
f 2089 2107 2099
f 388 2950 2965
f 2955 728 1570
f 3573 3774 3598
f 2959 2950 2979
f 3503 3505 210
f 2089 1753 1770
f 2096 2101 633
f 1499 2957 2966
f 2155 2275 2167
f 1384 3597 2416
f 2095 2172 1743
f 1767 2104 2101
f 1770 2107 2089
f 2253 2154 2091
f 2098 2106 2097
f 2154 2095 2091
f 1499 2952 2957
f 3574 3542 3598
f 2154 2163 2095
f 2152 897 907
f 2105 1760 2172
f 2954 2961 1168
f 2105 2172 2163
f 2101 629 2108
f 2934 2965 2950
f 2108 633 2101
f 2154 2109 2163
f 2963 2960 2440
f 3601 1540 1533
f 2107 1770 1784
f 1616 1535 1469
f 2383 2856 2392
f 1587 3601 1536
f 754 3654 3575
f 629 2101 2104
f 3227 1765 2098
f 3505 3503 2391
f 3570 3574 3776
f 2103 2109 2154
f 2954 1168 2929
f 1012 1529 1466
f 2170 2110 2105
f 1466 1464 1468
f 2106 2098 1765
f 2109 2170 2163
f 2170 2105 2163
f 2442 2440 918
f 2108 637 633
f 2257 2109 2103
f 2489 2108 629
f 1782 2183 2184
f 2111 2106 1765
f 3227 2111 1765
f 1782 2184 1801
f 3321 3300 2292
f 2258 2110 2170
f 210 3505 3502
f 1586 1581 1593
f 1382 1384 2426
f 1168 2957 2929
f 3520 3645 3626
f 259 337 2577
f 2161 1791 2176
f 2176 2113 2258
f 2284 2283 2280
f 1809 1801 2184
f 2296 2284 2280
f 1790 1782 1801
f 2430 1384 2416
f 3774 3575 3654
f 3411 1242 1226
f 2181 737 3227
f 1801 1825 1790
f 2116 2320 662
f 2258 2113 2181
f 2181 2110 2258
f 2113 2176 1791
f 2181 2113 1791
f 2441 2960 2965
f 2129 2489 629
f 1570 2949 2955
f 1820 1817 1809
f 2211 3328 2254
f 1584 1523 1589
f 642 2116 640
f 2954 2947 2943
f 2116 652 2320
f 652 2116 642
f 3570 3645 3520
f 1790 1825 3204
f 2952 1499 2942
f 1109 2615 893
f 652 642 2134
f 1811 3204 2193
f 2955 2949 729
f 1825 2193 3204
f 2193 2117 2198
f 2117 1821 3269
f 2292 3300 320
f 652 2229 2228
f 2965 2953 2441
f 320 2296 2293
f 2934 2950 2959
f 1927 836 1915
f 2953 2965 2936
f 1136 2585 2584
f 754 61 2398
f 2585 604 2584
f 3591 3619 2835
f 2276 2296 2280
f 2949 1570 729
f 2959 2962 2934
f 1514 1523 1584
f 754 3674 3654
f 3220 1431 3477
f 2824 3667 3669
f 2292 320 2293
f 2844 3667 3729
f 3502 3505 2391
f 3667 2845 3669
f 2957 2952 2942
f 2947 2954 2929
f 2788 2876 2791
f 729 1499 2955
f 2061 2019 2060
f 2788 2789 2793
f 2869 2841 2870
f 3645 3570 3648
f 3667 2745 2845
f 3729 2741 2844
f 2745 2844 2741
f 3648 3624 3626
f 2788 2784 2789
f 1523 1514 1511
f 2947 2929 2943
f 910 2440 892
f 2783 2789 2784
f 1510 1511 1514
f 3645 3648 3626
f 3502 3517 210
f 2841 2869 2839
f 2781 2783 2784
f 3666 3674 754
f 2292 1716 3321
f 2781 2739 2783
f 2839 2870 2841
f 3715 2716 2745
f 2741 3712 3715
f 3715 2745 2741
f 3526 1189 1194
f 2839 2863 2870
f 2863 2860 2870
f 3333 1189 3526
f 2953 490 2441
f 870 2441 490
f 2292 1719 1716
f 2929 2957 2942
f 2478 2470 2475
f 2161 2176 2258
f 2962 2943 2929
f 2119 2076 2078
f 2440 2441 870
f 2869 2868 2864
f 2869 3651 2868
f 2554 2547 3592
f 660 655 1873
f 2929 2942 2935
f 2920 3603 3708
f 2648 2600 2474
f 2276 2293 2296
f 2659 579 2494
f 2591 2668 2669
f 2699 2475 2470
f 2920 3708 2928
f 2838 2881 2880
f 3654 3674 3902
f 2838 2831 2833
f 2934 2962 2930
f 2833 2459 2881
f 2627 2719 2797
f 2826 2835 3672
f 2886 3672 2835
f 2688 2719 2627
f 1530 3648 3570
f 2730 2833 2877
f 2826 51 2835
f 2877 2732 2730
f 2729 2833 2730
f 2833 2458 2459
f 2292 2293 2276
f 1499 729 2932
f 3731 1216 1213
f 2459 2630 2805
f 2274 3362 2329
f 2729 2630 2833
f 3578 1447 1473
f 2289 1719 2292
f 2688 2691 2690
f 2247 1829 2196
f 3902 3774 3654
f 2930 2962 2929
f 1446 1447 1468
f 2694 2811 2465
f 1521 3616 3624
f 1564 1121 1123
f 1446 1468 3676
f 2676 3403 2777
f 2586 2694 2465
f 1467 1446 3676
f 2586 2465 2466
f 3603 3616 1521
f 2691 2592 2705
f 3408 1105 902
f 3570 3776 1530
f 2691 2688 2592
f 2688 2631 2639
f 2586 2753 2694
f 2643 2586 2466
f 2936 2934 2930
f 3624 3648 1521
f 2592 2688 2594
f 2385 3666 754
f 2643 2595 2586
f 2753 2695 2898
f 2393 2385 754
f 2650 2695 2595
f 2942 2926 2935
f 2596 2594 2688
f 2639 2596 2688
f 2929 2935 2926
f 2602 2595 2643
f 2925 2932 729
f 1969 1823 1802
f 964 1558 2903
f 1716 1719 2289
f 2597 2679 2677
f 2953 2439 490
f 1561 1560 1121
f 3902 3674 3666
f 2650 2595 2602
f 2696 2639 2642
f 2815 2695 2650
f 2639 2600 2596
f 965 1439 964
f 2606 2602 2652
f 2603 2491 2600
f 2625 604 2866
f 2928 3708 1754
f 2697 2696 2488
f 2936 2923 873
f 2492 2488 2696
f 2606 2699 2650
f 2696 2497 2492
f 2607 2816 2650
f 871 2439 2953
f 3708 3603 1754
f 2650 2699 2607
f 2816 2607 2699
f 2936 873 2953
f 869 886 871
f 304 1715 1320
f 2229 652 2134
f 2929 2926 2930
f 2872 2819 2760
f 2476 2610 2608
f 1530 3776 3648
f 2927 2930 2926
f 2927 2923 2930
f 2699 2470 2612
f 2058 3902 3666
f 2290 2276 1725
f 713 1751 1425
f 2290 2292 2276
f 2942 2932 2926
f 2470 2816 2612
f 2175 2173 2166
f 3709 1425 715
f 2289 2292 3334
f 2655 2656 2658
f 3714 3709 1852
f 3709 715 1852
f 3776 3774 3828
f 3334 2292 2290
f 2926 2932 783
f 2898 2616 2533
f 2701 2655 2658
f 2918 2926 783
f 2816 2533 2616
f 2926 2923 2927
f 2921 2926 2918
f 3714 701 1424
f 909 2469 1695
f 2921 1016 2926
f 2926 2924 2923
f 1117 2822 2825
f 2658 2622 2701
f 2701 2622 2618
f 3515 3517 3502
f 579 2620 2658
f 2624 2622 2658
f 3666 2385 2062
f 2620 2624 2658
f 2932 3023 783
f 2290 1725 1729
f 2922 2919 871
f 3714 1852 3734
f 2918 783 571
f 2792 2624 2620
f 2924 2922 2923
f 2625 2883 2622
f 2727 2825 2828
f 3023 571 783
f 2620 579 2792
f 3666 2062 2058
f 2615 1109 1108
f 701 3714 3734
f 2918 571 2916
f 1023 2918 2917
f 2916 2917 2918
f 2589 2883 2625
f 1023 2917 2916
f 2625 2622 2624
f 3334 3338 2289
f 2135 640 2116
f 1137 1132 1090
f 701 3734 1413
f 2916 830 1023
f 2812 2837 1131
f 1358 691 697
f 1090 1132 1131
f 1950 692 3755
f 1131 2843 2812
f 1090 1131 2837
f 3641 2877 2880
f 2877 2831 2880
f 2831 2838 2880
f 2838 2833 2881
f 2877 2833 2831
f 1358 701 1413
f 1695 2152 907
f 2391 205 3502
f 2830 1090 2837
f 1126 1130 2836
f 2749 1133 993
f 1125 2812 2843
f 1122 2840 2810
f 3752 3734 693
f 3734 3752 1413
f 2627 2631 2688
f 3752 693 1411
f 1078 1083 1742
f 2786 2627 2795
f 2629 2631 2627
f 687 3754 1665
f 3754 687 3425
f 2383 2853 2856
f 1081 2808 2840
f 2630 2458 2833
f 2630 2459 2458
f 2749 993 2722
f 2627 1338 2629
f 2504 1338 2786
f 1338 2627 2786
f 2810 2807 2834
f 2030 1414 3755
f 674 1414 2030
f 1338 2631 2629
f 1742 2772 2889
f 1126 2836 1742
f 1338 2632 2631
f 2812 2803 2728
f 2911 1742 2836
f 2808 1081 2801
f 2807 2810 2840
f 2705 2630 2704
f 1483 3776 3828
f 2467 2634 2643
f 2289 3338 2557
f 1742 2911 2794
f 2467 2643 2466
f 2640 2631 2632
f 2224 1846 2229
f 598 3791 597
f 1130 1126 1134
f 2830 2828 2829
f 1395 598 3789
f 2631 2640 2639
f 2638 2636 2634
f 2799 2808 2801
f 2808 2799 2840
f 2592 2638 2705
f 2728 2803 1119
f 3789 598 1107
f 2643 2634 2637
f 2594 2638 2592
f 1754 1521 1792
f 2634 2636 2637
f 2829 2828 2825
f 2829 2825 2894
f 2651 2643 2637
f 3823 597 3791
f 2637 2636 2638
f 3648 3776 3946
f 2638 2646 2637
f 2785 2722 2778
f 2840 2799 1637
f 2803 2787 1119
f 1407 620 1405
f 1405 1602 1407
f 2638 2594 2646
f 2883 2702 2703
f 2646 2651 2637
f 1339 2641 2640
f 2533 2796 2774
f 2644 2641 1339
f 2642 2639 2640
f 2778 2722 2735
f 2772 1742 2794
f 1637 2799 2801
f 2228 1846 2226
f 2646 2648 2645
f 2618 2883 2703
f 2641 2644 2640
f 2644 2642 2640
f 2651 2646 2645
f 2652 2651 2645
f 3825 3823 1634
f 2645 2648 2474
f 2533 2702 2883
f 1836 1825 2192
f 2600 2646 2594
f 2894 2825 2822
f 2646 2600 2648
f 3828 3774 3902
f 2774 2779 2533
f 2600 2594 2596
f 2652 2643 2651
f 1119 2787 2767
f 2497 2642 2503
f 2497 2696 2642
f 2867 247 2862
f 2767 2787 2778
f 2600 2478 2474
f 2703 2702 2816
f 2486 2478 2600
f 1385 3825 1390
f 2602 2643 2652
f 2772 2775 2889
f 2816 2702 2533
f 2652 2653 2606
f 3897 3902 2058
f 2701 2618 2703
f 1391 3825 1385
f 2606 2650 2602
f 2475 2653 2652
f 2699 2653 2475
f 2571 2543 2558
f 3337 2289 2557
f 2699 2606 2653
f 2654 2656 2476
f 3832 3806 1406
f 2656 2655 2476
f 3806 3832 3834
f 2655 2610 2476
f 2655 2611 2610
f 2494 2497 2657
f 2779 2898 2533
f 1119 2767 2771
f 2658 2480 2494
f 2480 2482 2494
f 1390 1620 1385
f 1792 1521 1500
f 2655 2701 2703
f 2769 2767 2735
f 1754 3893 2928
f 2058 2062 2393
f 2769 2771 2767
f 2703 2700 2655
f 2494 2657 2660
f 2385 2393 2062
f 2898 2816 2616
f 2779 2774 2898
f 2816 2700 2703
f 2771 2769 2820
f 2819 2821 2720
f 424 2660 2657
f 1483 3828 3902
f 2720 2771 2820
f 579 2658 2494
f 2577 3337 2557
f 2724 2771 2821
f 2655 2700 2611
f 2724 515 2771
f 3184 833 2259
f 3868 3834 3832
f 2774 2796 283
f 2819 2720 2820
f 2611 2700 2470
f 424 2662 2660
f 2470 2700 2816
f 1402 3840 3834
f 2796 2742 283
f 2774 283 2898
f 3335 2557 3338
f 3293 1190 1187
f 3601 1389 212
f 2470 2610 2611
f 2819 2769 2764
f 212 1551 3601
f 2663 2659 2660
f 2725 2825 2727
f 2727 2828 2725
f 2828 2728 2725
f 2821 2819 1528
f 579 2659 2663
f 1389 3601 1613
f 2819 2764 2760
f 2742 2898 283
f 3312 2557 3335
f 1521 3906 1500
f 1528 2819 2872
f 3866 2928 3893
f 2851 2872 2760
f 2898 2742 1930
f 2828 2837 2728
f 2166 2173 1753
f 2488 2603 2697
f 2662 1192 2660
f 2828 2830 2837
f 1608 1613 3601
f 889 880 2553
f 1220 3731 3516
f 2792 2625 2624
f 2728 2837 2812
f 2662 3293 1192
f 2603 2600 2639
f 3403 880 889
f 1368 3907 1376
f 2603 2639 2697
f 2639 2696 2697
f 2665 2758 2666
f 1609 3907 1368
f 1402 3834 1401
f 2765 2514 2664
f 3897 750 3902
f 2568 2666 2758
f 1706 3878 3456
f 1483 3946 3776
f 2765 2665 2933
f 2816 2898 2815
f 1334 2933 2665
f 2514 2765 2933
f 3906 1521 3959
f 2568 2665 2666
f 2815 2898 2695
f 2568 1334 2665
f 1334 2514 2933
f 1334 2668 2591
f 617 1401 1399
f 2555 2985 2591
f 1399 1398 616
f 2559 2544 2555
f 2555 2544 2672
f 3338 3247 3335
f 2566 2559 2565
f 1144 1380 3907
f 2764 2740 2760
f 3907 1595 1144
f 2557 3312 337
f 2672 2544 2542
f 2674 2672 2542
f 2674 1343 2672
f 2674 2520 1343
f 259 2557 337
f 2540 2677 2542
f 2674 2677 2520
f 2542 2677 2674
f 2673 2679 2550
f 2550 2679 2597
f 2597 2540 2550
f 2677 2678 2520
f 585 1284 624
f 2677 2680 2524
f 2521 2680 2679
f 2730 2709 2800
f 750 1483 3902
f 2956 3834 3840
f 424 2681 3181
f 3410 2553 856
f 2898 1930 2755
f 1234 3840 878
f 1175 2684 2582
f 3181 2662 424
f 3250 2685 3108
f 2685 3181 3108
f 3840 1402 878
f 1223 1402 1401
f 1176 3115 2684
f 2686 2662 3181
f 2685 3250 3181
f 2033 2068 740
f 1824 1823 1969
f 3331 3330 1739
f 2134 642 2131
f 1191 1193 1205
f 691 1358 3325
f 2595 2695 2586
f 2903 2908 2852
f 2621 2628 2626
f 1930 2756 2755
f 2605 2621 2626
f 2586 2695 2753
f 107 3924 543
f 2661 3749 3748
f 3763 3897 3753
f 3749 2661 3726
f 3775 3781 3778
f 2623 2613 3922
f 1352 3325 1355
f 2753 2755 250
f 2661 3748 2590
f 2661 2698 3726
f 2619 2613 2623
f 250 2755 2756
f 2613 2599 3922
f 893 2752 856
f 3922 2590 3748
f 2609 2628 2621
f 2621 2605 2587
f 2628 2614 2617
f 2617 2613 2619
f 2698 2661 2675
f 2587 2609 2621
f 2756 2689 250
f 2613 2617 2601
f 2601 2628 2609
f 2705 2704 2691
f 878 1222 485
f 2753 250 2689
f 2599 2590 3922
f 2692 2698 362
f 2628 2601 2614
f 3034 3077 1332
f 2694 2753 2693
f 2164 1717 2162
f 2847 2908 2909
f 2852 2908 2847
f 2753 2689 2693
f 2601 2599 2613
f 1108 1109 3408
f 3134 3133 3178
f 2704 2687 2691
f 1330 1332 3077
f 856 2752 3410
f 2675 362 2698
f 2605 2588 2587
f 2694 2689 2811
f 2617 2614 2601
f 3403 2676 880
f 2704 2630 2729
f 2687 2704 2729
f 2687 2690 2691
f 2711 2751 2692
f 2588 2605 3322
f 3972 3973 3059
f 2690 2687 2717
f 247 2818 2689
f 3101 3057 1330
f 2688 2690 2717
f 3101 3059 3057
f 2588 3322 3292
f 2227 2228 2226
f 2593 2599 2601
f 2814 2818 247
f 2711 2692 362
f 2587 2601 2609
f 2601 350 2593
f 2583 2601 2587
f 2593 350 2599
f 350 2590 2599
f 2688 2717 2719
f 2207 2228 2227
f 2388 1902 2054
f 3742 3609 2689
f 2689 3609 2811
f 2709 2730 2732
f 2588 348 2587
f 2712 2675 2661
f 348 2583 2587
f 2576 350 2601
f 2826 2827 3591
f 2719 2709 2797
f 2818 2817 3684
f 2818 3684 2689
f 362 2675 2712
f 3954 3992 728
f 2429 962 970
f 2207 2227 2226
f 2438 962 2429
f 962 2438 2909
f 2368 2392 2367
f 3778 3784 3780
f 2572 350 2576
f 2907 2909 2438
f 2226 1846 2224
f 725 3992 717
f 2907 2438 2411
f 2411 2409 2907
f 2912 2907 2409
f 2435 2437 2425
f 1125 1133 2749
f 2406 1070 2436
f 2321 1070 2406
f 3954 4000 1703
f 2601 2583 2576
f 717 3992 1703
f 225 2321 2406
f 2327 2321 225
f 2435 2425 2438
f 1090 2830 2892
f 2909 2905 2847
f 2327 225 2437
f 350 2577 2590
f 2429 2433 2427
f 337 349 2577
f 993 2738 2722
f 1081 1083 2748
f 1081 2748 2801
f 1125 2749 2803
f 2892 2836 1090
f 1083 1078 2748
f 2576 348 2572
f 2427 2433 2435
f 1714 1320 1326
f 4002 1500 1785
f 3959 3946 3955
f 1078 1742 2889
f 1125 2803 2812
f 2829 2892 2830
f 2588 3323 348
f 2836 1130 1090
f 336 350 2572
f 2402 2406 2403
f 2573 2569 354
f 1315 1314 1310
f 2427 2435 2438
f 2749 2722 2785
f 350 336 2577
f 4002 1785 1792
f 2502 3906 3959
f 3866 1792 1774
f 2429 2427 2438
f 2424 2425 2437
f 2749 2785 2747
f 2801 2748 1078
f 2803 2749 2747
f 349 337 3308
f 2424 2438 2425
f 3846 3253 1785
f 2803 2747 2785
f 2583 348 2576
f 2424 2437 2428
f 2829 2894 2892
f 2892 2911 2836
f 1216 3731 3900
f 3846 1500 3906
f 2712 2661 3315
f 1307 1311 1309
f 3955 3946 1465
f 2428 2421 2424
f 3055 750 3487
f 2722 2738 2852
f 1483 750 3946
f 1301 1277 1292
f 2785 2787 2803
f 1078 1637 2801
f 1704 1302 1280
f 2409 2371 2856
f 2892 2894 2891
f 2367 199 2391
f 1078 1557 1637
f 2852 2737 2722
f 750 3055 3946
f 1117 2891 2894
f 2911 2892 2891
f 2404 2412 225
f 2735 2722 2737
f 1117 2911 2891
f 2438 2424 2411
f 2911 1117 2885
f 2911 2885 2794
f 3487 3897 2457
f 2787 2785 2778
f 2712 2139 2713
f 2502 3959 3955
f 1277 1298 1292
f 1298 1301 1292
f 3858 3487 2457
f 1287 1298 583
f 2661 349 3315
f 2713 2711 2712
f 2794 2885 1117
f 2418 2419 2420
f 2319 2419 2418
f 1811 2198 1807
f 3055 3487 3858
f 2413 2420 1076
f 2314 2402 2417
f 2404 2314 2417
f 2744 2794 1117
f 2772 2794 2744
f 2418 2420 2413
f 3315 2139 2712
f 3906 2502 3846
f 2889 2775 2743
f 2421 2412 2424
f 2319 2418 2413
f 2404 2414 2412
f 2713 2714 2711
f 1670 3411 1226
f 583 1298 1277
f 2417 2414 2404
f 2760 2847 2900
f 2775 2772 2743
f 1528 2772 2744
f 1296 1283 1282
f 1286 1296 1265
f 2744 1117 2821
f 2414 2417 2319
f 2012 3955 1465
f 2424 2412 2411
f 354 2711 1171
f 1528 2744 2821
f 3312 3319 3310
f 1139 1144 1141
f 3308 3310 349
f 1277 1602 3628
f 2412 2414 2387
f 3305 3323 262
f 2412 2387 2410
f 2412 2410 2411
f 2012 1465 3946
f 2577 336 1716
f 3249 3319 3312
f 1264 1266 1272
f 1263 1281 1258
f 2387 2414 2319
f 3319 3318 3310
f 1602 1246 1260
f 2764 2769 2735
f 3323 3305 2015
f 3955 2012 2502
f 1717 2139 3315
f 1698 1267 1690
f 1171 2570 354
f 2912 2409 2850
f 2373 2411 2410
f 205 2391 199
f 3318 349 3310
f 2740 2764 2735
f 2139 2714 2713
f 2015 348 3323
f 3855 3846 2502
f 3326 3319 3249
f 3773 2598 3758
f 1718 3315 349
f 1171 2711 2121
f 2380 2387 966
f 3326 3249 3251
f 1928 1934 1935
f 2387 2380 2410
f 2015 2572 348
f 3251 3327 3326
f 2740 2735 2760
f 583 3628 1259
f 3318 3319 1732
f 1229 1281 736
f 3846 3855 1720
f 1929 1932 1928
f 1718 349 2238
f 634 638 2126
f 2411 2373 2397
f 3628 1260 1255
f 3326 2647 3319
f 1726 1717 3315
f 1237 719 1253
f 2457 3055 3858
f 2026 1932 1929
f 3327 3251 1729
f 2139 1717 2714
f 1266 1253 719
f 1726 1727 1717
f 2409 2853 2850
f 2373 2410 2380
f 1732 349 3318
f 2146 2714 2142
f 2146 2121 2714
f 2121 2711 2714
f 2056 2010 2018
f 2373 2380 2372
f 1717 2142 2714
f 1234 1246 2956
f 3055 2012 3946
f 580 1260 1234
f 2063 2028 2064
f 2056 2017 2019
f 2056 2019 2010
f 2144 2647 3326
f 2647 1732 3319
f 199 2394 205
f 2502 1445 3855
f 2373 2372 2370
f 3330 2144 3326
f 1234 1260 1246
f 1718 2239 1726
f 3253 3846 1720
f 2872 2851 2733
f 2872 2733 2871
f 3765 3055 2457
f 2397 2856 2371
f 2733 2851 2849
f 1915 836 1916
f 1739 2103 3331
f 3330 3331 2103
f 1230 1263 1242
f 3394 1244 95
f 2151 2147 2647
f 2871 2733 2849
f 2647 2147 1732
f 2373 2370 2397
f 1367 580 1234
f 1731 1732 2211
f 2155 1717 1727
f 2123 2579 2121
f 1244 3394 1677
f 1240 1367 1245
f 2153 2121 2146
f 3330 2253 2144
f 2777 897 2676
f 2147 3328 1732
f 2154 2253 2103
f 1774 3253 3872
f 1245 1367 1228
f 1717 2153 2146
f 2103 2253 3330
f 3328 2147 2151
f 3760 3768 1379
f 1367 1234 1235
f 2017 2061 2060
f 2253 2255 2144
f 1235 1234 1351
f 2151 2647 2254
f 2121 2153 2123
f 2144 2254 2647
f 1235 878 1367
f 878 1351 1234
f 2254 3328 2151
f 2409 2856 2853
f 878 485 1367
f 2144 2255 2254
f 2255 2212 2254
f 1227 1236 1229
f 1901 1303 1902
f 1235 1351 878

