-3.670298960059881210e-03 9.957274794578552246e-01 -9.226791560649871826e-02 -9.999932646751403809e-01 -3.654641797766089439e-03 3.386530443094670773e-04
-3.542619058862328529e-03 9.957279562950134277e-01 -9.226795285940170288e-02 -9.999937415122985840e-01 -3.527506487444043159e-03 3.268722211942076683e-04
-2.707778243348002434e-03 9.957305192947387695e-01 9.226819127798080444e-02 -9.999963641166687012e-01 -2.696227282285690308e-03 -2.498427056707441807e-04
-2.579538617283105850e-03 9.957308769226074219e-01 9.226822853088378906e-02 -9.999966621398925781e-01 -2.568534575402736664e-03 -2.380102087045088410e-04
-2.754787215963006020e-03 9.618219733238220215e-01 2.736619412899017334e-01 -9.999961853027343750e-01 -2.649625064805150032e-03 -7.538832724094390869e-04
-2.677581273019313812e-03 9.618222117424011230e-01 2.736620008945465088e-01 -9.999964237213134766e-01 -2.575366292148828506e-03 -7.327548810280859470e-04
-2.825938863679766655e-03 8.951572775840759277e-01 4.457414448261260986e-01 -9.999960064888000488e-01 -2.529669785872101784e-03 -1.259643118828535080e-03
-2.793546998873353004e-03 8.951573967933654785e-01 4.457415044307708740e-01 -9.999961256980895996e-01 -2.500673988834023476e-03 -1.245204708538949490e-03
-2.814355539157986641e-03 7.980148196220397949e-01 6.026312708854675293e-01 -9.999960660934448242e-01 -2.245906274765729904e-03 -1.696025370620191097e-03
-2.796610584482550621e-03 7.980148792266845703e-01 6.026313304901123047e-01 -9.999960660934448242e-01 -2.231745282188057899e-03 -1.685331575572490692e-03
-2.838397398591041565e-03 6.736946702003479004e-01 7.390044331550598145e-01 -9.999960064888000488e-01 -1.912220730446279049e-03 -2.097596647217869759e-03
-2.826653886586427689e-03 6.736947298049926758e-01 7.390044331550598145e-01 -9.999960064888000488e-01 -1.904309028759598732e-03 -2.088917884975671768e-03
-2.908332971855998039e-03 5.264291167259216309e-01 8.502141237258911133e-01 -9.999957680702209473e-01 -1.531037618406116962e-03 -2.472716150805354118e-03
-2.845302922651171684e-03 5.264291763305664062e-01 8.502142429351806641e-01 -9.999959468841552734e-01 -1.497856574133038521e-03 -2.419126918539404869e-03
-2.959690056741237640e-03 3.612400591373443604e-01 9.324681758880615234e-01 -9.999956488609313965e-01 -1.069163321517407894e-03 -2.759828697890043259e-03
-2.899447688832879066e-03 3.612401485443115234e-01 9.324683547019958496e-01 -9.999958276748657227e-01 -1.047401223331689835e-03 -2.703654579818248749e-03
-3.041430609300732613e-03 1.837503612041473389e-01 9.829682707786560059e-01 -9.999954104423522949e-01 -5.588665371760725975e-04 -2.989643486216664314e-03
-3.026489401236176491e-03 1.837503463029861450e-01 9.829682707786560059e-01 -9.999954700469970703e-01 -5.561211146414279938e-04 -2.974956994876265526e-03
-3.227512584999203682e-03 0.000000000000000000e+00 9.999948143959045410e-01 -9.999948143959045410e-01 0.000000000000000000e+00 -3.227512584999203682e-03
-3.207458881661295891e-03 0.000000000000000000e+00 9.999948740005493164e-01 -9.999948740005493164e-01 0.000000000000000000e+00 -3.207458881661295891e-03
-3.414414823055267334e-03 -1.837501227855682373e-01 9.829670786857604980e-01 -9.999941587448120117e-01 6.274027982726693153e-04 -3.356277011334896088e-03
-3.330683568492531776e-03 -1.837501823902130127e-01 9.829673767089843750e-01 -9.999944567680358887e-01 6.120171165093779564e-04 -3.273971378803253174e-03
-3.466610563918948174e-03 -3.612394630908966064e-01 9.324666261672973633e-01 -9.999940395355224609e-01 1.252284157089889050e-03 -3.232518211007118225e-03
-3.462121123448014259e-03 -3.612394928932189941e-01 9.324666857719421387e-01 -9.999940395355224609e-01 1.250662375241518021e-03 -3.228331916034221649e-03
-3.532300936058163643e-03 -5.264280438423156738e-01 8.502123951911926270e-01 -9.999938011169433594e-01 1.859513926319777966e-03 -3.003224963322281837e-03
-3.539341269060969353e-03 -5.264280438423156738e-01 8.502123951911926270e-01 -9.999937415122985840e-01 1.863220124505460262e-03 -3.009210573509335518e-03
-3.406929783523082733e-03 -6.736934781074523926e-01 7.390030622482299805e-01 -9.999942183494567871e-01 2.295239595696330070e-03 -2.517746062949299812e-03
-3.375318599864840508e-03 -6.736935377120971680e-01 7.390031814575195312e-01 -9.999943375587463379e-01 2.273943275213241577e-03 -2.494385233148932457e-03
-3.180412808433175087e-03 -7.980114817619323730e-01 6.026339530944824219e-01 -9.999949336051940918e-01 2.538018394261598587e-03 -1.916634035296738148e-03
-3.176827216520905495e-03 -7.980114817619323730e-01 6.026339530944824219e-01 -9.999949932098388672e-01 2.535157371312379837e-03 -1.914473366923630238e-03
-2.878584666177630424e-03 -8.951612710952758789e-01 4.457331299781799316e-01 -9.999958872795104980e-01 2.576808445155620575e-03 -1.283086021430790424e-03
-2.831984544172883034e-03 -8.951614499092102051e-01 4.457331895828247070e-01 -9.999960064888000488e-01 2.535093575716018677e-03 -1.262314617633819580e-03
-2.575899474322795868e-03 -9.618224501609802246e-01 2.736620604991912842e-01 -9.999967217445373535e-01 2.477566478773951530e-03 -7.049284176900982857e-04
-2.662942511960864067e-03 -9.618222713470458984e-01 2.736620306968688965e-01 -9.999964833259582520e-01 2.561286557465791702e-03 -7.287487969733774662e-04
-2.424045233055949211e-03 -9.957312345504760742e-01 9.226825833320617676e-02 -9.999970793724060059e-01 2.413704525679349899e-03 -2.236630825791507959e-04
-2.504643984138965607e-03 -9.957310557365417480e-01 9.226824343204498291e-02 -9.999969005584716797e-01 2.493959618732333183e-03 -2.310998097527772188e-04
-2.229064702987670898e-03 -9.957317113876342773e-01 -9.226830303668975830e-02 -9.999974966049194336e-01 2.219555666670203209e-03 2.056724915746599436e-04
-2.277585212141275406e-03 -9.957315921783447266e-01 -9.226829558610916138e-02 -9.999974370002746582e-01 2.267869422212243080e-03 2.101494319504126906e-04
-2.030858537182211876e-03 -9.618236422538757324e-01 -2.736624181270599365e-01 -9.999979734420776367e-01 1.953332219272851944e-03 5.557708791457116604e-04
-2.115031937137246132e-03 -9.618235230445861816e-01 -2.736623883247375488e-01 -9.999977946281433105e-01 2.034292090684175491e-03 5.788059206679463387e-04
-1.858576782979071140e-03 -8.951634764671325684e-01 -4.457342028617858887e-01 -9.999982714653015137e-01 1.663732924498617649e-03 8.284326759167015553e-04
-2.015452599152922630e-03 -8.951632380485534668e-01 -4.457340836524963379e-01 -9.999979734420776367e-01 1.804162631742656231e-03 8.983577135950326920e-04
-1.806915388442575932e-03 -7.980141639709472656e-01 -6.026359796524047852e-01 -9.999983906745910645e-01 1.441946486011147499e-03 1.088913995772600174e-03
-1.970848534256219864e-03 -7.980139851570129395e-01 -6.026358008384704590e-01 -9.999980330467224121e-01 1.572767389006912708e-03 1.187706016935408115e-03
-1.829156186431646347e-03 -6.736976504325866699e-01 -7.390049099922180176e-01 -9.999983310699462891e-01 1.232300070114433765e-03 1.351757440716028214e-03
-1.934250467456877232e-03 -6.736974716186523438e-01 -7.390047311782836914e-01 -9.999981522560119629e-01 1.303102122619748116e-03 1.429422874934971333e-03
-1.959628425538539886e-03 -5.264303088188171387e-01 -8.502160906791687012e-01 -9.999980926513671875e-01 1.031609834171831608e-03 1.666110823862254620e-03
-2.021454740315675735e-03 -5.264302492141723633e-01 -8.502159714698791504e-01 -9.999979734420776367e-01 1.064157113432884216e-03 1.718676649034023285e-03
-1.975398045033216476e-03 -3.612387180328369141e-01 -9.324713349342346191e-01 -9.999980330467224121e-01 7.135915220715105534e-04 1.842005411162972450e-03
-2.090601017698645592e-03 -3.612386286258697510e-01 -9.324710965156555176e-01 -9.999977946281433105e-01 7.552073802798986435e-04 1.949429046362638474e-03
-2.087111119180917740e-03 -1.837507933378219604e-01 -9.829706549644470215e-01 -9.999978542327880859e-01 3.835092065855860710e-04 2.051573712378740311e-03
-2.073531737551093102e-03 -1.837508082389831543e-01 -9.829707145690917969e-01 -9.999978542327880859e-01 3.810139314737170935e-04 2.038225298747420311e-03
-2.142253564670681953e-03 0.000000000000000000e+00 -9.999977350234985352e-01 -9.999977350234985352e-01 0.000000000000000000e+00 2.142253564670681953e-03
-2.153651090338826180e-03 0.000000000000000000e+00 -9.999976754188537598e-01 -9.999976754188537598e-01 0.000000000000000000e+00 2.153651090338826180e-03
-2.299054525792598724e-03 1.837507188320159912e-01 -9.829702377319335938e-01 -9.999973773956298828e-01 -4.224540316499769688e-04 2.259908011183142662e-03
-2.280104206874966621e-03 1.837507188320159912e-01 -9.829702377319335938e-01 -9.999974370002746582e-01 -4.189719038549810648e-04 2.241280628368258476e-03
-2.336219185963273048e-03 3.612384200096130371e-01 -9.324705600738525391e-01 -9.999972581863403320e-01 -8.439344237558543682e-04 2.178461523726582527e-03
-2.255766652524471283e-03 3.612385094165802002e-01 -9.324707984924316406e-01 -9.999974966049194336e-01 -8.148717461153864861e-04 2.103441860526800156e-03
-2.395592397078871727e-03 5.264298319816589355e-01 -8.502152562141418457e-01 -9.999971389770507812e-01 -1.261114841327071190e-03 2.036774996668100357e-03
-2.312268363311886787e-03 5.264298915863037109e-01 -8.502154350280761719e-01 -9.999973177909851074e-01 -1.217250479385256767e-03 1.965931383892893791e-03
-2.466716105118393898e-03 6.736966967582702637e-01 -7.390038371086120605e-01 -9.999969601631164551e-01 -1.661823480390012264e-03 1.822918304242193699e-03
-2.411042107269167900e-03 6.736967563629150391e-01 -7.390039563179016113e-01 -9.999971389770507812e-01 -1.624316093511879444e-03 1.781774917617440224e-03
-2.792936982586979866e-03 7.980148792266845703e-01 -6.026313304901123047e-01 -9.999961256980895996e-01 -2.228813944384455681e-03 1.683117821812629700e-03
-2.774588530883193016e-03 7.980148792266845703e-01 -6.026313304901123047e-01 -9.999961853027343750e-01 -2.214171690866351128e-03 1.672060578130185604e-03
-3.308594925329089165e-03 8.951559662818908691e-01 -4.457407891750335693e-01 -9.999945759773254395e-01 -2.961724996566772461e-03 1.474783872254192829e-03
-3.206115914508700371e-03 8.951562643051147461e-01 -4.457409381866455078e-01 -9.999948740005493164e-01 -2.869989490136504173e-03 1.429104479029774666e-03
-3.521425882354378700e-03 9.618197083473205566e-01 -2.736612856388092041e-01 -9.999938011169433594e-01 -3.386997850611805916e-03 9.636839386075735092e-04
-3.442258341237902641e-03 9.618200063705444336e-01 -2.736613750457763672e-01 -9.999940991401672363e-01 -3.310852451249957085e-03 9.420186979696154594e-04
-6.211481522768735886e-03 -7.330335378646850586e-01 -6.801642179489135742e-01 -9.999807476997375488e-01 4.553311970084905624e-03 4.224908538162708282e-03
-6.240345537662506104e-03 -7.330333590507507324e-01 -6.801640391349792480e-01 -9.999805688858032227e-01 4.574471153318881989e-03 4.244541749358177185e-03
-6.154804490506649017e-03 -6.541587710380554199e-01 -7.563321590423583984e-01 -9.999810457229614258e-01 4.026295617222785950e-03 4.655165132135152817e-03
-6.186749320477247238e-03 -6.541586518287658691e-01 -7.563320398330688477e-01 -9.999808669090270996e-01 4.047193098813295364e-03 4.679326433688402176e-03
-6.058118771761655807e-03 -5.674194693565368652e-01 -8.234066367149353027e-01 -9.999817013740539551e-01 3.437557257711887360e-03 4.988386761397123337e-03
-6.095280405133962631e-03 -5.674193501472473145e-01 -8.234064579010009766e-01 -9.999814033508300781e-01 3.458643797785043716e-03 5.018985830247402191e-03
-6.166644860059022903e-03 -4.738554060459136963e-01 -8.805810809135437012e-01 -9.999809861183166504e-01 2.922153566032648087e-03 5.430334247648715973e-03
-6.208843551576137543e-03 -4.738552868366241455e-01 -8.805809020996093750e-01 -9.999807476997375488e-01 2.942149993032217026e-03 5.467494018375873566e-03
-6.169293075799942017e-03 -3.745967745780944824e-01 -9.271673560142517090e-01 -9.999809861183166504e-01 2.311041345819830894e-03 5.720076151192188263e-03
-6.199375726282596588e-03 -3.745967149734497070e-01 -9.271671772003173828e-01 -9.999808073043823242e-01 2.322310348972678185e-03 5.747968330979347229e-03
-6.099056918174028397e-03 -2.708329558372497559e-01 -9.626070857048034668e-01 -9.999814033508300781e-01 1.651856349781155586e-03 5.871104542165994644e-03
-6.121539976447820663e-03 -2.708329260349273682e-01 -9.626069664955139160e-01 -9.999812841415405273e-01 1.657945569604635239e-03 5.892747081816196442e-03
-6.017708219587802887e-03 -1.638139337301254272e-01 -9.864729046821594238e-01 -9.999819397926330566e-01 9.858023840934038162e-04 5.936414003372192383e-03
-6.074059288948774338e-03 -1.638138890266418457e-01 -9.864726066589355469e-01 -9.999815821647644043e-01 9.950335370376706123e-04 5.992003716528415680e-03
-6.032117642462253571e-03 -5.482297018170356750e-02 -9.984778761863708496e-01 -9.999818205833435059e-01 3.307046135887503624e-04 6.023045629262924194e-03
-6.073734257370233536e-03 -5.482295900583267212e-02 -9.984776377677917480e-01 -9.999815821647644043e-01 3.329862083774060011e-04 6.064599845558404922e-03
-5.981191527098417282e-03 5.482317507266998291e-02 -9.984781742095947266e-01 -9.999821186065673828e-01 -3.279137599747627974e-04 5.972196348011493683e-03
-5.998421926051378250e-03 5.482316762208938599e-02 -9.984780550003051758e-01 -9.999819993972778320e-01 -3.288584121037274599e-04 5.989400669932365417e-03
-5.935609806329011917e-03 1.638134866952896118e-01 -9.864735007286071777e-01 -9.999824166297912598e-01 -9.723500115796923637e-04 5.855424795299768448e-03
-5.937226582318544388e-03 1.638134866952896118e-01 -9.864735007286071777e-01 -9.999823570251464844e-01 -9.726147982291877270e-04 5.857019219547510147e-03
-5.907673854380846024e-03 2.708350121974945068e-01 -9.626076221466064453e-01 -9.999825358390808105e-01 -1.600032905116677284e-03 5.686871241778135300e-03
-5.898300092667341232e-03 2.708350419998168945e-01 -9.626076817512512207e-01 -9.999825954437255859e-01 -1.597494119778275490e-03 5.677847657352685928e-03
-5.875056143850088120e-03 3.745951056480407715e-01 -9.271699190139770508e-01 -9.999827742576599121e-01 -2.200805116444826126e-03 5.447269417345523834e-03
-5.874015856534242630e-03 3.745950758457183838e-01 -9.271699190139770508e-01 -9.999827742576599121e-01 -2.200415357947349548e-03 5.446304567158222198e-03
-5.675794556736946106e-03 4.738567769527435303e-01 -8.805836439132690430e-01 -9.999839067459106445e-01 -2.689556917175650597e-03 4.998092539608478546e-03
-5.589812062680721283e-03 4.738570153713226318e-01 -8.805840611457824707e-01 -9.999843835830688477e-01 -2.648812951520085335e-03 4.922376479953527451e-03
-4.980394616723060608e-03 5.674244165420532227e-01 -8.234105110168457031e-01 -9.999876022338867188e-01 -2.826032461598515511e-03 4.100960213690996170e-03
-4.840159323066473007e-03 5.674247741699218750e-01 -8.234110474586486816e-01 -9.999883174896240234e-01 -2.746458863839507103e-03 3.985487855970859528e-03
-4.638950806111097336e-03 6.541641950607299805e-01 -7.563384175300598145e-01 -9.999892115592956543e-01 -3.034667577594518661e-03 3.508653957396745682e-03
-4.559141118079423904e-03 6.541643738746643066e-01 -7.563386559486389160e-01 -9.999896287918090820e-01 -2.982458565384149551e-03 3.448290517553687096e-03
-4.519241861999034882e-03 7.330385446548461914e-01 -6.801721453666687012e-01 -9.999898076057434082e-01 -3.312812186777591705e-03 3.073893720284104347e-03
-4.511917009949684143e-03 7.330385446548461914e-01 -6.801721453666687012e-01 -9.999898076057434082e-01 -3.307442646473646164e-03 3.068911377340555191e-03
-5.027521401643753052e-03 7.330367565155029297e-01 6.801704764366149902e-01 -9.999873638153076172e-01 -3.685404313728213310e-03 -3.419614862650632858e-03
-5.023288540542125702e-03 7.330367565155029297e-01 6.801704764366149902e-01 -9.999874234199523926e-01 -3.682301845401525497e-03 -3.416735911741852760e-03
-5.041303113102912903e-03 6.541628837585449219e-01 7.563369274139404297e-01 -9.999873042106628418e-01 -3.297875169664621353e-03 -3.812971990555524826e-03
-4.968510475009679794e-03 6.541631221771240234e-01 7.563371658325195312e-01 -9.999876618385314941e-01 -3.250256413593888283e-03 -3.757915692403912544e-03
-5.034209694713354111e-03 5.674231052398681641e-01 8.234110474586486816e-01 -9.999873638153076172e-01 -2.856562845408916473e-03 -4.145276267081499100e-03
-5.034942645579576492e-03 5.674231052398681641e-01 8.234110474586486816e-01 -9.999873638153076172e-01 -2.856978680938482285e-03 -4.145879764109849930e-03
-5.098834633827209473e-03 4.738582372665405273e-01 8.805863857269287109e-01 -9.999870061874389648e-01 -2.416156232357025146e-03 -4.490022547543048859e-03
-5.071549676358699799e-03 4.738582968711853027e-01 8.805865049362182617e-01 -9.999871253967285156e-01 -2.403226913884282112e-03 -4.465995822101831436e-03
-5.188241135329008102e-03 3.745965063571929932e-01 9.271733760833740234e-01 -9.999865889549255371e-01 -1.943523297086358070e-03 -4.810464568436145782e-03
-5.182060413062572479e-03 3.745965063571929932e-01 9.271734356880187988e-01 -9.999865889549255371e-01 -1.941207796335220337e-03 -4.804733209311962128e-03
-5.185446701943874359e-03 2.708361446857452393e-01 9.626114964485168457e-01 -9.999865889549255371e-01 -1.404425129294395447e-03 -4.991637542843818665e-03
-5.157835781574249268e-03 2.708361744880676270e-01 9.626116752624511719e-01 -9.999867081642150879e-01 -1.396946841850876808e-03 -4.965058062225580215e-03
-4.863545298576354980e-03 1.638144254684448242e-01 9.864792227745056152e-01 -9.999881982803344727e-01 -7.967283017933368683e-04 -4.797842819243669510e-03
-4.842814058065414429e-03 1.638144552707672119e-01 9.864793419837951660e-01 -9.999882578849792480e-01 -7.933321176096796989e-04 -4.777391441166400909e-03
-4.766679834574460983e-03 5.482519790530204773e-02 9.984846115112304688e-01 -9.999886751174926758e-01 -2.613371470943093300e-04 -4.759510513395071030e-03
-4.758986644446849823e-03 5.482519790530204773e-02 9.984846115112304688e-01 -9.999886751174926758e-01 -2.609153452794998884e-04 -4.751828964799642563e-03
-4.831772297620773315e-03 -5.482499673962593079e-02 9.984842538833618164e-01 -9.999883174896240234e-01 2.649049856700003147e-04 -4.824505187571048737e-03
-4.806029144674539566e-03 -5.482500419020652771e-02 9.984843730926513672e-01 -9.999884963035583496e-01 2.634936536196619272e-04 -4.798801150172948837e-03
-4.876178689301013947e-03 -1.638149619102478027e-01 9.864791035652160645e-01 -9.999881386756896973e-01 7.988004945218563080e-04 -4.810305312275886536e-03
-4.862684756517410278e-03 -1.638149619102478027e-01 9.864791631698608398e-01 -9.999881982803344727e-01 7.965899421833455563e-04 -4.796993918716907501e-03
-4.995086230337619781e-03 -2.708346247673034668e-01 9.626129865646362305e-01 -9.999875426292419434e-01 1.352859078906476498e-03 -4.808394704014062881e-03
-4.977392964065074921e-03 -2.708346247673034668e-01 9.626130461692810059e-01 -9.999876618385314941e-01 1.348067191429436207e-03 -4.791363142430782318e-03
-5.184673238545656204e-03 -3.745988607406616211e-01 9.271725416183471680e-01 -9.999865889549255371e-01 1.942198839969933033e-03 -4.807151388376951218e-03
-5.167743656784296036e-03 -3.745988905429840088e-01 9.271726012229919434e-01 -9.999866485595703125e-01 1.935856882482767105e-03 -4.791454412043094635e-03
-5.268597509711980820e-03 -4.738578200340270996e-01 8.805856108665466309e-01 -9.999861121177673340e-01 2.496600849553942680e-03 -4.639515653252601624e-03
-5.302022211253643036e-03 -4.738577604293823242e-01 8.805854916572570801e-01 -9.999859333038330078e-01 2.512439386919140816e-03 -4.668948706239461899e-03
-5.378577392548322678e-03 -5.674205422401428223e-01 8.234106898307800293e-01 -9.999855756759643555e-01 3.051959211006760597e-03 -4.428842104971408844e-03
-5.396735388785600662e-03 -5.674204826354980469e-01 8.234105706214904785e-01 -9.999854564666748047e-01 3.062262665480375290e-03 -4.443793557584285736e-03
-5.625504534691572189e-03 -6.541608572006225586e-01 7.563346028327941895e-01 -9.999842047691345215e-01 3.680042922496795654e-03 -4.254831001162528992e-03
-5.693484563380479813e-03 -6.541605591773986816e-01 7.563342452049255371e-01 -9.999837875366210938e-01 3.724513342604041100e-03 -4.306247457861900330e-03
-5.706253927201032639e-03 -7.330357432365417480e-01 6.801661849021911621e-01 -9.999837279319763184e-01 4.182956181466579437e-03 -3.881264245137572289e-03
-5.703534930944442749e-03 -7.330357432365417480e-01 6.801661849021911621e-01 -9.999837875366210938e-01 4.180963616818189621e-03 -3.879415104165673256e-03
-2.600903389975428581e-03 -9.888274073600769043e-01 -1.490425914525985718e-01 -9.999966025352478027e-01 2.571853343397378922e-03 3.876466944348067045e-04
-2.601090585812926292e-03 -9.888274073600769043e-01 -1.490425914525985718e-01 -9.999966025352478027e-01 2.572038443759083748e-03 3.876746050082147121e-04
-3.128992859274148941e-03 -9.888257980346679688e-01 1.490430235862731934e-01 -9.999951124191284180e-01 3.094044048339128494e-03 -4.663568397518247366e-04
-3.131785430014133453e-03 -9.888257980346679688e-01 1.490430235862731934e-01 -9.999951124191284180e-01 3.096805419772863388e-03 -4.667730536311864853e-04
-3.231802023947238922e-03 -9.009630680084228516e-01 4.338838756084442139e-01 -9.999948143959045410e-01 2.911749295890331268e-03 -1.402234076522290707e-03
-2.254605758935213089e-03 -9.009654521942138672e-01 -4.338850378990173340e-01 -9.999974966049194336e-01 2.031326992437243462e-03 9.782421402633190155e-04
-2.282668603584170341e-03 -9.009653925895690918e-01 -4.338850080966949463e-01 -9.999974370002746582e-01 2.056610770523548126e-03 9.904182516038417816e-04
-2.120917662978172302e-03 -7.330509424209594727e-01 -6.801704168319702148e-01 -9.999977350234985352e-01 1.554744201712310314e-03 1.442588749341666698e-03
-2.145249862223863602e-03 -7.330509424209594727e-01 -6.801704168319702148e-01 -9.999977350234985352e-01 1.572581008076667786e-03 1.459138817153871059e-03
-1.889902865514159203e-03 -5.000008940696716309e-01 -8.660228252410888672e-01 -9.999982118606567383e-01 9.449548088014125824e-04 1.636701985262334347e-03
-1.970547949895262718e-03 -5.000008344650268555e-01 -8.660227060317993164e-01 -9.999980926513671875e-01 9.852774674072861671e-04 1.706542447209358215e-03
-1.687455107457935810e-03 -2.225179672241210938e-01 -9.749271869659423828e-01 -9.999986290931701660e-01 3.754896461032330990e-04 1.645148266106843948e-03
-1.744361012242734432e-03 -2.225179374217987061e-01 -9.749270677566528320e-01 -9.999984502792358398e-01 3.881521988660097122e-04 1.700627384707331657e-03
-1.490176422521471977e-03 7.472783327102661133e-02 -9.972028732299804688e-01 -9.999989271163940430e-01 -1.113577818614430726e-04 1.486010034568607807e-03
-1.517075113952159882e-03 7.472783327102661133e-02 -9.972028732299804688e-01 -9.999988675117492676e-01 -1.133678597398102283e-04 1.512833405286073685e-03
-1.207398949190974236e-03 3.653424084186553955e-01 -9.308724403381347656e-01 -9.999992847442626953e-01 -4.411143600009381771e-04 1.123935217037796974e-03
-1.299248309805989265e-03 3.653423786163330078e-01 -9.308723211288452148e-01 -9.999991655349731445e-01 -4.746708436869084835e-04 1.209435286000370979e-03
-1.900069415569305420e-03 6.234875917434692383e-01 -7.818309664726257324e-01 -9.999982118606567383e-01 -1.184671884402632713e-03 1.485535758547484875e-03
-2.073559677228331566e-03 6.234874129295349121e-01 -7.818306684494018555e-01 -9.999978542327880859e-01 -1.292841043323278427e-03 1.621176023036241531e-03
-2.033988712355494499e-03 8.262364268302917480e-01 -5.633199214935302734e-01 -9.999979734420776367e-01 -1.680558896623551846e-03 1.145788701251149178e-03
-2.077143639326095581e-03 8.262363076210021973e-01 -5.633198618888854980e-01 -9.999978542327880859e-01 -1.716215163469314575e-03 1.170098781585693359e-03
-2.376904245465993881e-03 9.555711746215820312e-01 -2.947510778903961182e-01 -9.999971985816955566e-01 -2.271307632327079773e-03 7.005970692262053490e-04
-2.402751008048653603e-03 9.555711150169372559e-01 -2.947510778903961182e-01 -9.999971389770507812e-01 -2.296006074175238609e-03 7.082154625095427036e-04
-2.752120606601238251e-03 9.999962449073791504e-01 0.000000000000000000e+00 -9.999962449073791504e-01 -2.752120606601238251e-03 0.000000000000000000e+00
-2.769628539681434631e-03 9.999961853027343750e-01 0.000000000000000000e+00 -9.999961853027343750e-01 -2.769628539681434631e-03 0.000000000000000000e+00
-3.292040666565299034e-03 9.555690288543701172e-01 2.947489917278289795e-01 -9.999945759773254395e-01 -3.145789261907339096e-03 -9.703309624455869198e-04
-3.253111150115728378e-03 9.555691480636596680e-01 2.947490513324737549e-01 -9.999947547912597656e-01 -3.108589444309473038e-03 -9.588565444573760033e-04
-3.657705150544643402e-03 8.262325525283813477e-01 5.633172988891601562e-01 -9.999933242797851562e-01 -3.022135235369205475e-03 -2.060462255030870438e-03
-3.658124944195151329e-03 8.262325525283813477e-01 5.633172988891601562e-01 -9.999933242797851562e-01 -3.022482153028249741e-03 -2.060698810964822769e-03
-4.028234165161848068e-03 6.234808564186096191e-01 7.818282842636108398e-01 -9.999918937683105469e-01 -2.511547179892659187e-03 -3.149412805214524269e-03
-4.015865270048379898e-03 6.234809160232543945e-01 7.818282842636108398e-01 -9.999919533729553223e-01 -2.503835363313555717e-03 -3.139742417261004448e-03
-4.265296272933483124e-03 3.653393387794494629e-01 9.308646321296691895e-01 -9.999909400939941406e-01 -1.558294869028031826e-03 -3.970449790358543396e-03
-4.261866677552461624e-03 3.653393685817718506e-01 9.308646917343139648e-01 -9.999909400939941406e-01 -1.557041774503886700e-03 -3.967257216572761536e-03
-4.091766197234392166e-03 7.472728937864303589e-02 9.971956610679626465e-01 -9.999916553497314453e-01 -3.057691501453518867e-04 -4.080325830727815628e-03
-4.037359263747930527e-03 7.472730427980422974e-02 9.971958398818969727e-01 -9.999918341636657715e-01 -3.017034323420375586e-04 -4.026070702821016312e-03
-4.119268618524074554e-03 -2.225163727998733521e-01 9.749202132225036621e-01 -9.999915361404418945e-01 9.166126837953925133e-04 -4.015992861241102219e-03
-4.098203033208847046e-03 -2.225164026021957397e-01 9.749203920364379883e-01 -9.999915957450866699e-01 9.119251044467091560e-04 -3.995455335825681686e-03
-4.170124884694814682e-03 -4.999974370002746582e-01 8.660168647766113281e-01 -9.999912977218627930e-01 2.085069892928004265e-03 -3.611429827287793159e-03
-4.093826748430728912e-03 -4.999975860118865967e-01 8.660171031951904297e-01 -9.999916553497314453e-01 2.046920824795961380e-03 -3.545353887602686882e-03
-3.607122926041483879e-03 -7.330478429794311523e-01 6.801675558090209961e-01 -9.999935030937194824e-01 2.644210821017622948e-03 -2.453463850542902946e-03
-3.566010855138301849e-03 -7.330479621887207031e-01 6.801676154136657715e-01 -9.999936223030090332e-01 2.614073455333709717e-03 -2.425500657409429550e-03
-3.234231611713767052e-03 -9.009630084037780762e-01 4.338838458061218262e-01 -9.999948143959045410e-01 2.913938602432608604e-03 -1.403288333676755428e-03
-2.860469103325158358e-04 9.948695898056030273e-01 -1.011652871966362000e-01 -9.999997019767761230e-01 -2.142055600415915251e-04 7.210002513602375984e-04
9.999987483024597168e-01 1.420647720806300640e-03 6.956964498385787010e-04 -1.420647371560335159e-03 9.999989867210388184e-01 -9.883406164590269327e-07
-1.003935583867132664e-03 9.948691129684448242e-01 1.011655479669570923e-01 -9.999992847442626953e-01 -1.069157849997282028e-03 5.904908175580203533e-04
-1.061966177076101303e-03 9.795305728912353516e-01 2.012926638126373291e-01 -9.999992251396179199e-01 -9.001824655570089817e-04 -8.952589705586433411e-04
-1.336654764600098133e-03 9.541373252868652344e-01 2.993663549423217773e-01 -9.999988675117492676e-01 -1.483632833696901798e-03 2.636773861013352871e-04
-1.341048628091812134e-03 9.189573526382446289e-01 3.943546116352081299e-01 -9.999988675117492676e-01 -9.580512996762990952e-04 -1.168082701042294502e-03
-1.588182756677269936e-03 8.743462562561035156e-01 4.853001236915588379e-01 -9.999985098838806152e-01 -1.726258080452680588e-03 -1.624421565793454647e-04
-1.704517984762787819e-03 8.207619190216064453e-01 5.712679624557495117e-01 -9.999983310699462891e-01 -1.001565484330058098e-03 -1.544753555208444595e-03
-1.907877391204237938e-03 7.587538361549377441e-01 6.513747572898864746e-01 -9.999979138374328613e-01 -1.900756731629371643e-03 -7.148988079279661179e-04
-2.027400769293308258e-03 6.889660358428955078e-01 7.247908711433410645e-01 -9.999977350234985352e-01 -8.926038281060755253e-04 -1.948731020092964172e-03
-2.212527906522154808e-03 6.121069192886352539e-01 7.907719612121582031e-01 -9.999973177909851074e-01 -1.904407632537186146e-03 -1.323796110227704048e-03
-2.226318931207060814e-03 5.289638042449951172e-01 8.486415147781372070e-01 -9.999973177909851074e-01 -5.871689645573496819e-04 -2.257398096844553947e-03
-2.453738590702414513e-03 4.403894543647766113e-01 8.978034853935241699e-01 -9.999967813491821289e-01 -1.705124857835471630e-03 -1.896642032079398632e-03
-2.448588609695434570e-03 3.473058938980102539e-01 9.377487301826477051e-01 -9.999967813491821289e-01 -1.979754888452589512e-04 -2.537804190069437027e-03
-2.510826801881194115e-03 2.506453990936279297e-01 9.680757522583007812e-01 -9.999966621398925781e-01 -1.302812714129686356e-03 -2.256305655464529991e-03
-2.573296660557389259e-03 1.514279842376708984e-01 9.884649515151977539e-01 -9.999964833259582520e-01 2.979425480589270592e-04 -2.648960798978805542e-03
-2.572600496932864189e-03 5.064852535724639893e-02 9.987132549285888672e-01 -9.999964833259582520e-01 -8.251094259321689606e-04 -2.534061903133988380e-03
-2.680811332538723946e-03 -5.064843595027923584e-02 9.987130165100097656e-01 -9.999961853027343750e-01 8.305901428684592247e-04 -2.642133506014943123e-03
-2.728924388065934181e-03 -1.514280289411544800e-01 9.884645938873291016e-01 -9.999960660934448242e-01 -2.743760414887219667e-04 -2.802793635055422783e-03
-2.811538754031062126e-03 -2.506450116634368896e-01 9.680750370025634766e-01 -9.999958276748657227e-01 1.378184882923960686e-03 -2.547418233007192612e-03
-2.862091409042477608e-03 -3.473077416419982910e-01 9.377468824386596680e-01 -9.999956488609313965e-01 3.415675600990653038e-04 -2.925576176494359970e-03
-2.903418382629752159e-03 -4.403909444808959961e-01 8.978013992309570312e-01 -9.999955296516418457e-01 1.903133583255112171e-03 -2.300378168001770973e-03
-2.937094774097204208e-03 -5.289579033851623535e-01 8.486430048942565918e-01 -9.999954700469970703e-01 9.631995926611125469e-04 -2.860554261133074760e-03
-2.954670460894703865e-03 -6.121053695678710938e-01 7.907707691192626953e-01 -9.999954104423522949e-01 2.358835656195878983e-03 -1.910541905090212822e-03
-2.967667300254106522e-03 -6.889677643775939941e-01 7.247859239578247070e-01 -9.999953508377075195e-01 1.540548750199377537e-03 -2.630107803270220757e-03
-2.864993643015623093e-03 -7.587487697601318359e-01 6.513770818710327148e-01 -9.999956488609313965e-01 2.627007663249969482e-03 -1.338307047262787819e-03
-2.986419247463345528e-03 -8.207626938819885254e-01 5.712615251541137695e-01 -9.999952912330627441e-01 2.053676405921578407e-03 -2.277107909321784973e-03
-2.764688339084386826e-03 -8.743410706520080566e-01 4.853040874004364014e-01 -9.999959468841552734e-01 2.754826098680496216e-03 -7.336012786254286766e-04
-2.806421602144837379e-03 -9.189528822898864746e-01 3.943575024604797363e-01 -9.999958276748657227e-01 2.304571215063333511e-03 -1.746176509186625481e-03
-2.675685798749327660e-03 -9.541378021240234375e-01 2.993557155132293701e-01 -9.999961853027343750e-01 2.761255484074354172e-03 -1.371534890495240688e-04
-2.720277989283204079e-03 -9.795277118682861328e-01 2.012909054756164551e-01 -9.999960660934448242e-01 2.524583134800195694e-03 -1.228909241035580635e-03
-2.572049852460622787e-03 -9.948656558990478516e-01 1.011721789836883545e-01 -9.999964833259582520e-01 2.629238180816173553e-03 4.319153376854956150e-04
-9.999904036521911621e-01 4.328336101025342941e-03 -6.956906290724873543e-04 4.328335169702768326e-03 9.999906420707702637e-01 3.011210992553969845e-06
-2.524455310776829720e-03 -9.948660731315612793e-01 -1.011692583560943604e-01 -9.999966025352478027e-01 2.441117307171225548e-03 9.475423139519989491e-04
-2.569858217611908913e-03 -9.795274138450622559e-01 -2.012945860624313354e-01 -9.999964833259582520e-01 2.657264238223433495e-03 -1.640073023736476898e-04
-2.479510381817817688e-03 -9.541399478912353516e-01 -2.993507683277130127e-01 -9.999967217445373535e-01 2.157529583200812340e-03 1.406100462190806866e-03
-2.539338078349828720e-03 -9.189515709877014160e-01 -3.943622112274169922e-01 -9.999965429306030273e-01 2.607952803373336792e-03 3.619701019488275051e-04
-2.337205689400434494e-03 -8.743430972099304199e-01 -4.853027462959289551e-01 -9.999970197677612305e-01 1.705999020487070084e-03 1.742355758324265480e-03
-2.352681010961532593e-03 -8.207619190216064453e-01 -5.712655782699584961e-01 -9.999970197677612305e-01 2.328472677618265152e-03 7.729369099251925945e-04
-2.223259070888161659e-03 -7.587535977363586426e-01 -6.513740420341491699e-01 -9.999973177909851074e-01 1.233741524629294872e-03 1.976049738004803658e-03
-2.193910069763660431e-03 -6.889665126800537109e-01 -7.247899174690246582e-01 -9.999973773956298828e-01 2.015663776546716690e-03 1.110914279706776142e-03
-2.082743216305971146e-03 -6.121075749397277832e-01 -7.907717823982238770e-01 -9.999976158142089844e-01 7.246334571391344070e-04 2.072892151772975922e-03
-2.020997228100895882e-03 -5.289583206176757812e-01 -8.486453890800476074e-01 -9.999977350234985352e-01 1.659401459619402885e-03 1.347133424133062363e-03
-1.925100921653211117e-03 -4.403950273990631104e-01 -8.978020548820495605e-01 -9.999979138374328613e-01 2.232544356957077980e-04 2.034721197560429573e-03
-1.810845686122775078e-03 -3.473055064678192139e-01 -9.377502799034118652e-01 -9.999980926513671875e-01 1.281308243051171303e-03 1.456503872759640217e-03
-1.852540299296379089e-03 -2.506514489650726318e-01 -9.680756330490112305e-01 -9.999980330467224121e-01 -2.091767673846334219e-04 1.967787509784102440e-03
-1.646741176955401897e-03 -1.514253765344619751e-01 -9.884673357009887695e-01 -9.999983906745910645e-01 9.369704639539122581e-04 1.522414968349039555e-03
-1.745465095154941082e-03 -5.065161734819412231e-02 -9.987148642539978027e-01 -9.999982714653015137e-01 -6.063985638320446014e-04 1.778462901711463928e-03
-1.515382202342152596e-03 5.065147951245307922e-02 -9.987152814865112305e-01 -9.999986290931701660e-01 6.180525524541735649e-04 1.548675005324184895e-03
-1.404839917086064816e-03 1.514256149530410767e-01 -9.884676933288574219e-01 -9.999987483024597168e-01 -9.003403829410672188e-04 1.283303019590675831e-03
-1.196886529214680195e-03 2.506512999534606934e-01 -9.680767059326171875e-01 -9.999990463256835938e-01 3.735175705514848232e-04 1.333063584752380848e-03
-1.084690098650753498e-03 3.473044037818908691e-01 -9.377518296241760254e-01 -9.999991655349731445e-01 -1.029081759043037891e-03 7.755617843940854073e-04
-7.094642496667802334e-04 4.403926730155944824e-01 -8.978050351142883301e-01 -9.999995231628417969e-01 3.121409681625664234e-04 9.433322702534496784e-04
-6.004227907396852970e-04 5.289654135704040527e-01 -8.486431837081909180e-01 -9.999995827674865723e-01 -9.080477757379412651e-04 1.415159495081752539e-04
-2.148225175915285945e-04 6.121078729629516602e-01 -7.907742261886596680e-01 -9.999997615814208984e-01 4.185802827123552561e-04 5.956678069196641445e-04
-5.298432370182126760e-05 6.889663934707641602e-01 -7.247933149337768555e-01 -9.999997615814208984e-01 -5.407553981058299541e-04 -4.409229150041937828e-04
2.136499970220029354e-04 7.587571740150451660e-01 -6.513735651969909668e-01 -9.999997615814208984e-01 6.152339628897607327e-04 3.886606427840888500e-04
1.997332728933542967e-04 8.207625150680541992e-01 -5.712696313858032227e-01 -9.999997615814208984e-01 -2.335059398319572210e-04 -6.851162761449813843e-04
2.689198008738458157e-04 8.743470311164855957e-01 -4.853011369705200195e-01 -9.999997019767761230e-01 5.727545358240604401e-04 4.777786671184003353e-04
2.258562199131119996e-05 9.189574122428894043e-01 -3.943569362163543701e-01 -9.999997615814208984e-01 -2.535681996960192919e-04 -6.481539458036422729e-04
2.507806811991031282e-06 9.541389942169189453e-01 -2.993640303611755371e-01 -9.999997615814208984e-01 2.106778556481003761e-04 6.630994612351059914e-04
-1.753442193148657680e-04 9.795309901237487793e-01 -2.012936174869537354e-01 -9.999997615814208984e-01 -3.117951855529099703e-04 -6.461648736149072647e-04
-3.733786055818200111e-03 -9.999930262565612793e-01 -0.000000000000000000e+00 -9.999930262565612793e-01 3.733786055818200111e-03 0.000000000000000000e+00
-3.717468585819005966e-03 -9.999930858612060547e-01 -0.000000000000000000e+00 -9.999930858612060547e-01 3.717468585819005966e-03 0.000000000000000000e+00
-3.814779920503497124e-03 -9.888249039649963379e-01 -1.490330696105957031e-01 -9.999927282333374023e-01 3.772176336497068405e-03 5.685324431397020817e-04
-3.814041148871183395e-03 -9.888249039649963379e-01 -1.490330696105957031e-01 -9.999927282333374023e-01 3.771445946767926216e-03 5.684223142452538013e-04
-2.968735294416546822e-03 -9.888275861740112305e-01 1.490341573953628540e-01 -9.999955892562866211e-01 2.935580210760235786e-03 -4.424448998179286718e-04
-2.975805429741740227e-03 -9.888275861740112305e-01 1.490341573953628540e-01 -9.999955892562866211e-01 2.942571416497230530e-03 -4.434986039996147156e-04
-3.387575270608067513e-03 -9.009625911712646484e-01 4.338836371898651123e-01 -9.999942779541015625e-01 3.052095882594585419e-03 -1.469821901991963387e-03
-3.553046844899654388e-03 -9.009620547294616699e-01 -4.338833987712860107e-01 -9.999936819076538086e-01 3.201180370524525642e-03 1.541617559269070625e-03
-3.580889897421002388e-03 -9.009619355201721191e-01 -4.338833093643188477e-01 -9.999936223030090332e-01 3.226266475394368172e-03 1.553698559291660786e-03
-3.336246125400066376e-03 -7.330439686775207520e-01 -6.801730990409851074e-01 -9.999944567680358887e-01 2.445628633722662926e-03 2.269237302243709564e-03
-3.353103995323181152e-03 -7.330439090728759766e-01 -6.801730394363403320e-01 -9.999943971633911133e-01 2.457986352965235710e-03 2.280703745782375336e-03
-2.938685705885291100e-03 -5.000035762786865234e-01 -8.660184144973754883e-01 -9.999957084655761719e-01 1.469359616748988628e-03 2.544966759160161018e-03
-2.951405011117458344e-03 -5.000035166740417480e-01 -8.660183548927307129e-01 -9.999956488609313965e-01 1.475719385780394077e-03 2.555981976911425591e-03
-2.689074724912643433e-03 -2.225154787302017212e-01 -9.749254584312438965e-01 -9.999964237213134766e-01 5.983629962429404259e-04 2.621656982228159904e-03
-2.720859600231051445e-03 -2.225154638290405273e-01 -9.749253988265991211e-01 -9.999963045120239258e-01 6.054355762898921967e-04 2.652644878253340721e-03
-2.315121702849864960e-03 7.472839951515197754e-02 -9.972012639045715332e-01 -9.999973177909851074e-01 -1.730057992972433567e-04 2.308648545295000076e-03
-2.329532988369464874e-03 7.472839206457138062e-02 -9.972012042999267578e-01 -9.999972581863403320e-01 -1.740827428875491023e-04 2.323019551113247871e-03
-2.132494468241930008e-03 3.653387129306793213e-01 -9.308722615242004395e-01 -9.999977350234985352e-01 -7.790845702402293682e-04 1.985084498301148415e-03
-2.191824372857809067e-03 3.653386831283569336e-01 -9.308721423149108887e-01 -9.999976158142089844e-01 -8.007601136341691017e-04 2.040313091129064560e-03
-2.095538191497325897e-03 6.234917640686035156e-01 -7.818270921707153320e-01 -9.999977946281433105e-01 -1.306553720496594906e-03 1.638352172449231148e-03
-2.100422279909253120e-03 6.234917640686035156e-01 -7.818270921707153320e-01 -9.999977946281433105e-01 -1.309598912484943867e-03 1.642170711420476437e-03
-2.083921339362859726e-03 8.262363076210021973e-01 -5.633198618888854980e-01 -9.999978542327880859e-01 -1.721815206110477448e-03 1.173916738480329514e-03
-2.093959366902709007e-03 8.262363076210021973e-01 -5.633198618888854980e-01 -9.999978542327880859e-01 -1.730108866468071938e-03 1.179571379907429218e-03
-2.357440534979104996e-03 9.555686116218566895e-01 -2.947594225406646729e-01 -9.999972581863403320e-01 -2.252702368423342705e-03 6.948796799406409264e-04
-2.358172088861465454e-03 9.555686116218566895e-01 -2.947594225406646729e-01 -9.999972581863403320e-01 -2.253401326015591621e-03 6.950953393243253231e-04
-2.564114052802324295e-03 9.999967217445373535e-01 0.000000000000000000e+00 -9.999967217445373535e-01 -2.564114052802324295e-03 0.000000000000000000e+00
-2.575413323938846588e-03 9.999967217445373535e-01 0.000000000000000000e+00 -9.999967217445373535e-01 -2.575413323938846588e-03 0.000000000000000000e+00
-2.790128113701939583e-03 9.555679559707641602e-01 2.947578132152557373e-01 -9.999961256980895996e-01 -2.666167216375470161e-03 -8.224152261391282082e-04
-2.820510184392333031e-03 9.555678367614746094e-01 2.947577834129333496e-01 -9.999960064888000488e-01 -2.695199567824602127e-03 -8.313705911859869957e-04
-3.281347686424851418e-03 8.262336850166320801e-01 5.633180141448974609e-01 -9.999946355819702148e-01 -2.711174543946981430e-03 -1.848452258855104446e-03
-3.298140363767743111e-03 8.262336254119873047e-01 5.633180141448974609e-01 -9.999945759773254395e-01 -2.725049154832959175e-03 -1.857911935076117516e-03
-3.567114239558577538e-03 6.234864592552185059e-01 7.818260788917541504e-01 -9.999936819076538086e-01 -2.224061638116836548e-03 -2.788880607113242149e-03
-3.487136680632829666e-03 6.234865784645080566e-01 7.818262577056884766e-01 -9.999939203262329102e-01 -2.174196299165487289e-03 -2.726351609453558922e-03
-3.329298226162791252e-03 3.653375208377838135e-01 9.308691620826721191e-01 -9.999944567680358887e-01 -1.216324279084801674e-03 -3.099158406257629395e-03
-3.330345731228590012e-03 3.653375208377838135e-01 9.308691620826721191e-01 -9.999944567680358887e-01 -1.216707052662968636e-03 -3.100133500993251801e-03
-3.402352333068847656e-03 7.472816854715347290e-02 9.971981644630432129e-01 -9.999942183494567871e-01 -2.542530419304966927e-04 -3.392839105799794197e-03
-3.398091532289981842e-03 7.472816854715347290e-02 9.971981644630432129e-01 -9.999942183494567871e-01 -2.539346169214695692e-04 -3.388590179383754730e-03
-3.530918387696146965e-03 -2.225148975849151611e-01 9.749228954315185547e-01 -9.999938011169433594e-01 7.856868905946612358e-04 -3.442394779995083809e-03
-3.509293776005506516e-03 -2.225149124860763550e-01 9.749230146408081055e-01 -9.999938607215881348e-01 7.808749796822667122e-04 -3.421312198042869568e-03
-3.682334208860993385e-03 -5.000023841857910156e-01 8.660162687301635742e-01 -9.999932050704956055e-01 1.841188059188425541e-03 -3.188982605934143066e-03
-3.689345670863986015e-03 -5.000023245811462402e-01 8.660162091255187988e-01 -9.999932050704956055e-01 1.844693906605243683e-03 -3.195054829120635986e-03
-3.591643879190087318e-03 -7.330433130264282227e-01 6.801725029945373535e-01 -9.999935626983642578e-01 2.632847521454095840e-03 -2.442952943965792656e-03
-3.592986846342682838e-03 -7.330433130264282227e-01 6.801725029945373535e-01 -9.999935626983642578e-01 2.633831929415464401e-03 -2.443866571411490440e-03
-3.363758092746138573e-03 -9.009626507759094238e-01 4.338836967945098877e-01 -9.999943375587463379e-01 3.030637279152870178e-03 -1.459487830288708210e-03
-3.021081211045384407e-03 9.999954700469970703e-01 -0.000000000000000000e+00 -9.999954700469970703e-01 -3.021081211045384407e-03 0.000000000000000000e+00
-2.934436546638607979e-03 9.999957084655761719e-01 -0.000000000000000000e+00 -9.999957084655761719e-01 -2.934436546638607979e-03 0.000000000000000000e+00
0.000000000000000000e+00 1.433519180864095688e-03 9.999989867210388184e-01 0.000000000000000000e+00 9.999989867210388184e-01 -1.433519180864095688e-03
0.000000000000000000e+00 1.398123218677937984e-03 9.999990463256835938e-01 0.000000000000000000e+00 9.999990463256835938e-01 -1.398123218677937984e-03
0.000000000000000000e+00 1.390400459058582783e-03 9.999990463256835938e-01 -0.000000000000000000e+00 9.999990463256835938e-01 -1.390400459058582783e-03
0.000000000000000000e+00 1.383621245622634888e-03 9.999990463256835938e-01 -0.000000000000000000e+00 9.999990463256835938e-01 -1.383621245622634888e-03
0.000000000000000000e+00 1.403196714818477631e-03 9.999990463256835938e-01 -0.000000000000000000e+00 9.999990463256835938e-01 -1.403196714818477631e-03
0.000000000000000000e+00 1.396221341565251350e-03 9.999990463256835938e-01 -0.000000000000000000e+00 9.999990463256835938e-01 -1.396221341565251350e-03
0.000000000000000000e+00 1.399295753799378872e-03 9.999990463256835938e-01 -0.000000000000000000e+00 9.999990463256835938e-01 -1.399295753799378872e-03
0.000000000000000000e+00 1.470508985221385956e-03 9.999989271163940430e-01 0.000000000000000000e+00 9.999989271163940430e-01 -1.470508985221385956e-03
0.000000000000000000e+00 1.475627766922116280e-03 9.999989271163940430e-01 0.000000000000000000e+00 9.999989271163940430e-01 -1.475627766922116280e-03
0.000000000000000000e+00 1.498810597695410252e-03 9.999988675117492676e-01 0.000000000000000000e+00 9.999988675117492676e-01 -1.498810597695410252e-03
0.000000000000000000e+00 1.519358018413186073e-03 9.999988675117492676e-01 0.000000000000000000e+00 9.999988675117492676e-01 -1.519358018413186073e-03
0.000000000000000000e+00 1.508392742834985256e-03 9.999988675117492676e-01 0.000000000000000000e+00 9.999988675117492676e-01 -1.508392742834985256e-03
0.000000000000000000e+00 1.512604416348040104e-03 9.999988675117492676e-01 0.000000000000000000e+00 9.999988675117492676e-01 -1.512604416348040104e-03
0.000000000000000000e+00 1.486980821937322617e-03 9.999989271163940430e-01 0.000000000000000000e+00 9.999989271163940430e-01 -1.486980821937322617e-03
0.000000000000000000e+00 1.506815664470195770e-03 9.999988675117492676e-01 0.000000000000000000e+00 9.999988675117492676e-01 -1.506815664470195770e-03
0.000000000000000000e+00 1.511807204224169254e-03 9.999988675117492676e-01 0.000000000000000000e+00 9.999988675117492676e-01 -1.511807204224169254e-03
0.000000000000000000e+00 1.528006861917674541e-03 9.999988675117492676e-01 0.000000000000000000e+00 9.999988675117492676e-01 -1.528006861917674541e-03
0.000000000000000000e+00 1.536300755105912685e-03 9.999988079071044922e-01 0.000000000000000000e+00 9.999988079071044922e-01 -1.536300755105912685e-03
0.000000000000000000e+00 1.536760129965841770e-03 9.999988079071044922e-01 0.000000000000000000e+00 9.999988079071044922e-01 -1.536760129965841770e-03
0.000000000000000000e+00 1.561749726533889771e-03 9.999988079071044922e-01 0.000000000000000000e+00 9.999988079071044922e-01 -1.561749726533889771e-03
0.000000000000000000e+00 1.552638714201748371e-03 9.999988079071044922e-01 0.000000000000000000e+00 9.999988079071044922e-01 -1.552638714201748371e-03
0.000000000000000000e+00 1.569725573062896729e-03 9.999988079071044922e-01 0.000000000000000000e+00 9.999988079071044922e-01 -1.569725573062896729e-03
0.000000000000000000e+00 1.598280156031250954e-03 9.999987483024597168e-01 0.000000000000000000e+00 9.999987483024597168e-01 -1.598280156031250954e-03
0.000000000000000000e+00 1.628138241358101368e-03 9.999986886978149414e-01 0.000000000000000000e+00 9.999986886978149414e-01 -1.628138241358101368e-03
0.000000000000000000e+00 1.605657744221389294e-03 9.999987483024597168e-01 -0.000000000000000000e+00 9.999987483024597168e-01 -1.605657744221389294e-03
0.000000000000000000e+00 1.634237938560545444e-03 9.999986886978149414e-01 0.000000000000000000e+00 9.999986886978149414e-01 -1.634237938560545444e-03
0.000000000000000000e+00 1.615767134353518486e-03 9.999986886978149414e-01 -0.000000000000000000e+00 9.999986886978149414e-01 -1.615767134353518486e-03
0.000000000000000000e+00 1.653990242630243301e-03 9.999986290931701660e-01 0.000000000000000000e+00 9.999986290931701660e-01 -1.653990242630243301e-03
0.000000000000000000e+00 1.555620809085667133e-03 9.999988079071044922e-01 0.000000000000000000e+00 9.999988079071044922e-01 -1.555620809085667133e-03
0.000000000000000000e+00 1.550394576042890549e-03 9.999988079071044922e-01 0.000000000000000000e+00 9.999988079071044922e-01 -1.550394576042890549e-03
0.000000000000000000e+00 1.492418465204536915e-03 9.999989271163940430e-01 0.000000000000000000e+00 9.999989271163940430e-01 -1.492418465204536915e-03
0.000000000000000000e+00 1.468501868657767773e-03 9.999989271163940430e-01 0.000000000000000000e+00 9.999989271163940430e-01 -1.468501868657767773e-03
0.000000000000000000e+00 1.577130053192377090e-03 9.999987483024597168e-01 0.000000000000000000e+00 9.999987483024597168e-01 -1.577130053192377090e-03
0.000000000000000000e+00 1.616339897736907005e-03 9.999986886978149414e-01 -0.000000000000000000e+00 9.999986886978149414e-01 -1.616339897736907005e-03
0.000000000000000000e+00 1.593337627127766609e-03 9.999987483024597168e-01 -0.000000000000000000e+00 9.999987483024597168e-01 -1.593337627127766609e-03
0.000000000000000000e+00 1.632088213227689266e-03 9.999986886978149414e-01 -0.000000000000000000e+00 9.999986886978149414e-01 -1.632088213227689266e-03
0.000000000000000000e+00 1.636839704588055611e-03 9.999986886978149414e-01 -0.000000000000000000e+00 9.999986886978149414e-01 -1.636839704588055611e-03
0.000000000000000000e+00 1.652337145060300827e-03 9.999986290931701660e-01 -0.000000000000000000e+00 9.999986290931701660e-01 -1.652337145060300827e-03
0.000000000000000000e+00 1.651857281103730202e-03 9.999986290931701660e-01 -0.000000000000000000e+00 9.999986290931701660e-01 -1.651857281103730202e-03
0.000000000000000000e+00 1.657533342950046062e-03 9.999986290931701660e-01 -0.000000000000000000e+00 9.999986290931701660e-01 -1.657533342950046062e-03
0.000000000000000000e+00 1.668347162194550037e-03 9.999986290931701660e-01 -0.000000000000000000e+00 9.999986290931701660e-01 -1.668347162194550037e-03
0.000000000000000000e+00 1.686546602286398411e-03 9.999985694885253906e-01 -0.000000000000000000e+00 9.999985694885253906e-01 -1.686546602286398411e-03
0.000000000000000000e+00 1.689042430371046066e-03 9.999985694885253906e-01 -0.000000000000000000e+00 9.999985694885253906e-01 -1.689042430371046066e-03
0.000000000000000000e+00 1.690394128672778606e-03 9.999985694885253906e-01 -0.000000000000000000e+00 9.999985694885253906e-01 -1.690394128672778606e-03
0.000000000000000000e+00 1.703589688986539841e-03 9.999985694885253906e-01 -0.000000000000000000e+00 9.999985694885253906e-01 -1.703589688986539841e-03
0.000000000000000000e+00 1.717170001938939095e-03 9.999985694885253906e-01 -0.000000000000000000e+00 9.999985694885253906e-01 -1.717170001938939095e-03
0.000000000000000000e+00 1.715912600047886372e-03 9.999985694885253906e-01 -0.000000000000000000e+00 9.999985694885253906e-01 -1.715912600047886372e-03
0.000000000000000000e+00 1.737075042910873890e-03 9.999985098838806152e-01 -0.000000000000000000e+00 9.999985098838806152e-01 -1.737075042910873890e-03
0.000000000000000000e+00 1.746075693517923355e-03 9.999985098838806152e-01 -0.000000000000000000e+00 9.999985098838806152e-01 -1.746075693517923355e-03
0.000000000000000000e+00 1.724481582641601562e-03 9.999985098838806152e-01 0.000000000000000000e+00 9.999985098838806152e-01 -1.724481582641601562e-03
0.000000000000000000e+00 1.729742274619638920e-03 9.999985098838806152e-01 0.000000000000000000e+00 9.999985098838806152e-01 -1.729742274619638920e-03
0.000000000000000000e+00 1.722291577607393265e-03 9.999985098838806152e-01 0.000000000000000000e+00 9.999985098838806152e-01 -1.722291577607393265e-03
0.000000000000000000e+00 1.717589213512837887e-03 9.999985694885253906e-01 0.000000000000000000e+00 9.999985694885253906e-01 -1.717589213512837887e-03
0.000000000000000000e+00 1.707474468275904655e-03 9.999985694885253906e-01 0.000000000000000000e+00 9.999985694885253906e-01 -1.707474468275904655e-03
0.000000000000000000e+00 1.713400124572217464e-03 9.999985694885253906e-01 0.000000000000000000e+00 9.999985694885253906e-01 -1.713400124572217464e-03
0.000000000000000000e+00 1.701063243672251701e-03 9.999985694885253906e-01 0.000000000000000000e+00 9.999985694885253906e-01 -1.701063243672251701e-03
0.000000000000000000e+00 1.730570220388472080e-03 9.999985098838806152e-01 0.000000000000000000e+00 9.999985098838806152e-01 -1.730570220388472080e-03
0.000000000000000000e+00 1.736391219310462475e-03 9.999985098838806152e-01 0.000000000000000000e+00 9.999985098838806152e-01 -1.736391219310462475e-03
0.000000000000000000e+00 1.734897610731422901e-03 9.999985098838806152e-01 0.000000000000000000e+00 9.999985098838806152e-01 -1.734897610731422901e-03
0.000000000000000000e+00 1.751691801473498344e-03 9.999985098838806152e-01 0.000000000000000000e+00 9.999985098838806152e-01 -1.751691801473498344e-03
0.000000000000000000e+00 1.729609793983399868e-03 9.999985098838806152e-01 0.000000000000000000e+00 9.999985098838806152e-01 -1.729609793983399868e-03
0.000000000000000000e+00 1.722472952678799629e-03 9.999985098838806152e-01 0.000000000000000000e+00 9.999985098838806152e-01 -1.722472952678799629e-03
0.000000000000000000e+00 1.698475331068038940e-03 9.999985694885253906e-01 0.000000000000000000e+00 9.999985694885253906e-01 -1.698475331068038940e-03
0.000000000000000000e+00 1.707977615296840668e-03 9.999985694885253906e-01 0.000000000000000000e+00 9.999985694885253906e-01 -1.707977615296840668e-03
0.000000000000000000e+00 1.654218416661024094e-03 9.999986290931701660e-01 0.000000000000000000e+00 9.999986290931701660e-01 -1.654218416661024094e-03
0.000000000000000000e+00 1.656353473663330078e-03 9.999986290931701660e-01 0.000000000000000000e+00 9.999986290931701660e-01 -1.656353473663330078e-03
0.000000000000000000e+00 1.601438736543059349e-03 9.999987483024597168e-01 0.000000000000000000e+00 9.999987483024597168e-01 -1.601438736543059349e-03
0.000000000000000000e+00 1.494063530117273331e-03 9.999989271163940430e-01 0.000000000000000000e+00 9.999989271163940430e-01 -1.494063530117273331e-03
0.000000000000000000e+00 1.408256241120398045e-03 9.999990463256835938e-01 0.000000000000000000e+00 9.999990463256835938e-01 -1.408256241120398045e-03
0.000000000000000000e+00 1.385539886541664600e-03 9.999990463256835938e-01 0.000000000000000000e+00 9.999990463256835938e-01 -1.385539886541664600e-03
0.000000000000000000e+00 1.357851200737059116e-03 9.999991059303283691e-01 0.000000000000000000e+00 9.999991059303283691e-01 -1.357851200737059116e-03
0.000000000000000000e+00 1.404545502737164497e-03 9.999990463256835938e-01 0.000000000000000000e+00 9.999990463256835938e-01 -1.404545502737164497e-03
0.000000000000000000e+00 1.394583610817790031e-03 9.999990463256835938e-01 0.000000000000000000e+00 9.999990463256835938e-01 -1.394583610817790031e-03
0.000000000000000000e+00 1.424268470145761967e-03 9.999989867210388184e-01 0.000000000000000000e+00 9.999989867210388184e-01 -1.424268470145761967e-03
0.000000000000000000e+00 1.411539036780595779e-03 9.999990463256835938e-01 0.000000000000000000e+00 9.999990463256835938e-01 -1.411539036780595779e-03
0.000000000000000000e+00 1.431966316886246204e-03 9.999989867210388184e-01 0.000000000000000000e+00 9.999989867210388184e-01 -1.431966316886246204e-03
0.000000000000000000e+00 1.406420953571796417e-03 9.999990463256835938e-01 0.000000000000000000e+00 9.999990463256835938e-01 -1.406420953571796417e-03
0.000000000000000000e+00 1.417900319211184978e-03 9.999989867210388184e-01 0.000000000000000000e+00 9.999989867210388184e-01 -1.417900319211184978e-03
0.000000000000000000e+00 1.403206260874867439e-03 9.999990463256835938e-01 0.000000000000000000e+00 9.999990463256835938e-01 -1.403206260874867439e-03
0.000000000000000000e+00 1.411837409250438213e-03 9.999990463256835938e-01 0.000000000000000000e+00 9.999990463256835938e-01 -1.411837409250438213e-03
0.000000000000000000e+00 1.406333176419138908e-03 9.999990463256835938e-01 0.000000000000000000e+00 9.999990463256835938e-01 -1.406333176419138908e-03
0.000000000000000000e+00 1.423012581653892994e-03 9.999989867210388184e-01 0.000000000000000000e+00 9.999989867210388184e-01 -1.423012581653892994e-03
0.000000000000000000e+00 1.301145763136446476e-03 9.999991655349731445e-01 0.000000000000000000e+00 9.999991655349731445e-01 -1.301145763136446476e-03
0.000000000000000000e+00 1.267211860977113247e-03 9.999992251396179199e-01 0.000000000000000000e+00 9.999992251396179199e-01 -1.267211860977113247e-03
0.000000000000000000e+00 1.168055459856987000e-03 9.999993443489074707e-01 0.000000000000000000e+00 9.999993443489074707e-01 -1.168055459856987000e-03
0.000000000000000000e+00 1.118307351134717464e-03 9.999994039535522461e-01 0.000000000000000000e+00 9.999994039535522461e-01 -1.118307351134717464e-03
0.000000000000000000e+00 9.567604283802211285e-04 9.999995827674865723e-01 0.000000000000000000e+00 9.999995827674865723e-01 -9.567604283802211285e-04
0.000000000000000000e+00 9.425993775948882103e-04 9.999995827674865723e-01 0.000000000000000000e+00 9.999995827674865723e-01 -9.425993775948882103e-04
0.000000000000000000e+00 8.414532057940959930e-04 9.999996423721313477e-01 0.000000000000000000e+00 9.999996423721313477e-01 -8.414532057940959930e-04
0.000000000000000000e+00 6.924638291820883751e-04 9.999997615814208984e-01 0.000000000000000000e+00 9.999997615814208984e-01 -6.924638291820883751e-04
0.000000000000000000e+00 7.040706113912165165e-04 9.999997615814208984e-01 0.000000000000000000e+00 9.999997615814208984e-01 -7.040706113912165165e-04
0.000000000000000000e+00 6.893229437991976738e-04 9.999997615814208984e-01 0.000000000000000000e+00 9.999997615814208984e-01 -6.893229437991976738e-04
0.000000000000000000e+00 6.945763016119599342e-04 9.999997615814208984e-01 0.000000000000000000e+00 9.999997615814208984e-01 -6.945763016119599342e-04
0.000000000000000000e+00 8.531331550329923630e-04 9.999996423721313477e-01 0.000000000000000000e+00 9.999996423721313477e-01 -8.531331550329923630e-04
0.000000000000000000e+00 9.551424882374703884e-04 9.999995827674865723e-01 0.000000000000000000e+00 9.999995827674865723e-01 -9.551424882374703884e-04
0.000000000000000000e+00 1.044661155901849270e-03 9.999994635581970215e-01 0.000000000000000000e+00 9.999994635581970215e-01 -1.044661155901849270e-03
0.000000000000000000e+00 1.213339157402515411e-03 9.999992847442626953e-01 0.000000000000000000e+00 9.999992847442626953e-01 -1.213339157402515411e-03
0.000000000000000000e+00 1.285270904190838337e-03 9.999991655349731445e-01 0.000000000000000000e+00 9.999991655349731445e-01 -1.285270904190838337e-03
0.000000000000000000e+00 1.334399334155023098e-03 9.999991059303283691e-01 0.000000000000000000e+00 9.999991059303283691e-01 -1.334399334155023098e-03
0.000000000000000000e+00 1.350565929897129536e-03 9.999991059303283691e-01 0.000000000000000000e+00 9.999991059303283691e-01 -1.350565929897129536e-03
0.000000000000000000e+00 1.345505821518599987e-03 9.999991059303283691e-01 0.000000000000000000e+00 9.999991059303283691e-01 -1.345505821518599987e-03
0.000000000000000000e+00 1.800014171749353409e-03 9.999983906745910645e-01 0.000000000000000000e+00 9.999983906745910645e-01 -1.800014171749353409e-03
0.000000000000000000e+00 1.800481579266488552e-03 9.999983906745910645e-01 0.000000000000000000e+00 9.999983906745910645e-01 -1.800481579266488552e-03
0.000000000000000000e+00 1.723192748613655567e-03 9.999985098838806152e-01 0.000000000000000000e+00 9.999985098838806152e-01 -1.723192748613655567e-03
0.000000000000000000e+00 1.694213016889989376e-03 9.999985694885253906e-01 0.000000000000000000e+00 9.999985694885253906e-01 -1.694213016889989376e-03
0.000000000000000000e+00 1.663959934376180172e-03 9.999986290931701660e-01 0.000000000000000000e+00 9.999986290931701660e-01 -1.663959934376180172e-03
0.000000000000000000e+00 1.569646527059376240e-03 9.999988079071044922e-01 0.000000000000000000e+00 9.999988079071044922e-01 -1.569646527059376240e-03
0.000000000000000000e+00 1.481655635870993137e-03 9.999989271163940430e-01 0.000000000000000000e+00 9.999989271163940430e-01 -1.481655635870993137e-03
0.000000000000000000e+00 1.429169205948710442e-03 9.999989867210388184e-01 0.000000000000000000e+00 9.999989867210388184e-01 -1.429169205948710442e-03
0.000000000000000000e+00 1.408802578225731850e-03 9.999990463256835938e-01 0.000000000000000000e+00 9.999990463256835938e-01 -1.408802578225731850e-03
0.000000000000000000e+00 1.405289396643638611e-03 9.999990463256835938e-01 0.000000000000000000e+00 9.999990463256835938e-01 -1.405289396643638611e-03
0.000000000000000000e+00 1.407412812113761902e-03 9.999990463256835938e-01 0.000000000000000000e+00 9.999990463256835938e-01 -1.407412812113761902e-03
0.000000000000000000e+00 1.411389093846082687e-03 9.999990463256835938e-01 0.000000000000000000e+00 9.999990463256835938e-01 -1.411389093846082687e-03
0.000000000000000000e+00 1.442050212062895298e-03 9.999989867210388184e-01 0.000000000000000000e+00 9.999989867210388184e-01 -1.442050212062895298e-03
0.000000000000000000e+00 1.801869831979274750e-03 9.999983906745910645e-01 -0.000000000000000000e+00 9.999983906745910645e-01 -1.801869831979274750e-03
0.000000000000000000e+00 1.787562505342066288e-03 9.999983906745910645e-01 0.000000000000000000e+00 9.999983906745910645e-01 -1.787562505342066288e-03
0.000000000000000000e+00 1.773880561813712120e-03 9.999984502792358398e-01 -0.000000000000000000e+00 9.999984502792358398e-01 -1.773880561813712120e-03
0.000000000000000000e+00 1.764763612300157547e-03 9.999984502792358398e-01 0.000000000000000000e+00 9.999984502792358398e-01 -1.764763612300157547e-03
0.000000000000000000e+00 1.755940029397606850e-03 9.999984502792358398e-01 0.000000000000000000e+00 9.999984502792358398e-01 -1.755940029397606850e-03
0.000000000000000000e+00 1.763300038874149323e-03 9.999984502792358398e-01 0.000000000000000000e+00 9.999984502792358398e-01 -1.763300038874149323e-03
0.000000000000000000e+00 1.778144389390945435e-03 9.999984502792358398e-01 0.000000000000000000e+00 9.999984502792358398e-01 -1.778144389390945435e-03
0.000000000000000000e+00 1.765918568708002567e-03 9.999984502792358398e-01 0.000000000000000000e+00 9.999984502792358398e-01 -1.765918568708002567e-03
0.000000000000000000e+00 1.757558085955679417e-03 9.999984502792358398e-01 0.000000000000000000e+00 9.999984502792358398e-01 -1.757558085955679417e-03
0.000000000000000000e+00 1.772032119333744049e-03 9.999984502792358398e-01 -0.000000000000000000e+00 9.999984502792358398e-01 -1.772032119333744049e-03
0.000000000000000000e+00 1.839912147261202335e-03 9.999983310699462891e-01 0.000000000000000000e+00 9.999983310699462891e-01 -1.839912147261202335e-03
0.000000000000000000e+00 1.846835599280893803e-03 9.999983310699462891e-01 0.000000000000000000e+00 9.999983310699462891e-01 -1.846835599280893803e-03
0.000000000000000000e+00 1.948310527950525284e-03 9.999980926513671875e-01 0.000000000000000000e+00 9.999980926513671875e-01 -1.948310527950525284e-03
0.000000000000000000e+00 1.939294743351638317e-03 9.999981522560119629e-01 0.000000000000000000e+00 9.999981522560119629e-01 -1.939294743351638317e-03
0.000000000000000000e+00 1.944202696904540062e-03 9.999981522560119629e-01 0.000000000000000000e+00 9.999981522560119629e-01 -1.944202696904540062e-03
0.000000000000000000e+00 1.952263293787837029e-03 9.999980926513671875e-01 0.000000000000000000e+00 9.999980926513671875e-01 -1.952263293787837029e-03
0.000000000000000000e+00 1.910862978547811508e-03 9.999982118606567383e-01 0.000000000000000000e+00 9.999982118606567383e-01 -1.910862978547811508e-03
0.000000000000000000e+00 1.882154610939323902e-03 9.999982714653015137e-01 0.000000000000000000e+00 9.999982714653015137e-01 -1.882154610939323902e-03
0.000000000000000000e+00 1.868267194367945194e-03 9.999982714653015137e-01 0.000000000000000000e+00 9.999982714653015137e-01 -1.868267194367945194e-03
0.000000000000000000e+00 1.808148692362010479e-03 9.999983906745910645e-01 0.000000000000000000e+00 9.999983906745910645e-01 -1.808148692362010479e-03
0.000000000000000000e+00 1.783391810022294521e-03 9.999984502792358398e-01 0.000000000000000000e+00 9.999984502792358398e-01 -1.783391810022294521e-03
0.000000000000000000e+00 1.767109381034970284e-03 9.999984502792358398e-01 0.000000000000000000e+00 9.999984502792358398e-01 -1.767109381034970284e-03
0.000000000000000000e+00 1.756162382662296295e-03 9.999984502792358398e-01 0.000000000000000000e+00 9.999984502792358398e-01 -1.756162382662296295e-03
0.000000000000000000e+00 1.699562184512615204e-03 9.999985694885253906e-01 0.000000000000000000e+00 9.999985694885253906e-01 -1.699562184512615204e-03
0.000000000000000000e+00 1.331951119937002659e-03 9.999991059303283691e-01 0.000000000000000000e+00 9.999991059303283691e-01 -1.331951119937002659e-03
0.000000000000000000e+00 1.380828558467328548e-03 9.999990463256835938e-01 0.000000000000000000e+00 9.999990463256835938e-01 -1.380828558467328548e-03
0.000000000000000000e+00 1.372258062474429607e-03 9.999990463256835938e-01 -0.000000000000000000e+00 9.999990463256835938e-01 -1.372258062474429607e-03
0.000000000000000000e+00 1.342190080322325230e-03 9.999991059303283691e-01 0.000000000000000000e+00 9.999991059303283691e-01 -1.342190080322325230e-03
0.000000000000000000e+00 1.341892406344413757e-03 9.999991059303283691e-01 0.000000000000000000e+00 9.999991059303283691e-01 -1.341892406344413757e-03
0.000000000000000000e+00 1.355285290628671646e-03 9.999991059303283691e-01 0.000000000000000000e+00 9.999991059303283691e-01 -1.355285290628671646e-03
0.000000000000000000e+00 1.357637695036828518e-03 9.999991059303283691e-01 0.000000000000000000e+00 9.999991059303283691e-01 -1.357637695036828518e-03
0.000000000000000000e+00 1.368927885778248310e-03 9.999991059303283691e-01 0.000000000000000000e+00 9.999991059303283691e-01 -1.368927885778248310e-03
0.000000000000000000e+00 1.462754211388528347e-03 9.999989271163940430e-01 0.000000000000000000e+00 9.999989271163940430e-01 -1.462754211388528347e-03
0.000000000000000000e+00 1.539430697448551655e-03 9.999988079071044922e-01 0.000000000000000000e+00 9.999988079071044922e-01 -1.539430697448551655e-03
0.000000000000000000e+00 1.619589049369096756e-03 9.999986886978149414e-01 0.000000000000000000e+00 9.999986886978149414e-01 -1.619589049369096756e-03
0.000000000000000000e+00 1.617494155652821064e-03 9.999986886978149414e-01 -0.000000000000000000e+00 9.999986886978149414e-01 -1.617494155652821064e-03
0.000000000000000000e+00 1.624629483558237553e-03 9.999986886978149414e-01 0.000000000000000000e+00 9.999986886978149414e-01 -1.624629483558237553e-03
0.000000000000000000e+00 1.649667276069521904e-03 9.999986290931701660e-01 0.000000000000000000e+00 9.999986290931701660e-01 -1.649667276069521904e-03
0.000000000000000000e+00 1.661869464442133904e-03 9.999986290931701660e-01 -0.000000000000000000e+00 9.999986290931701660e-01 -1.661869464442133904e-03
0.000000000000000000e+00 1.657706685364246368e-03 9.999986290931701660e-01 0.000000000000000000e+00 9.999986290931701660e-01 -1.657706685364246368e-03
0.000000000000000000e+00 1.664467505179345608e-03 9.999986290931701660e-01 0.000000000000000000e+00 9.999986290931701660e-01 -1.664467505179345608e-03
0.000000000000000000e+00 1.660034875385463238e-03 9.999986290931701660e-01 -0.000000000000000000e+00 9.999986290931701660e-01 -1.660034875385463238e-03
0.000000000000000000e+00 1.650639460422098637e-03 9.999986290931701660e-01 -0.000000000000000000e+00 9.999986290931701660e-01 -1.650639460422098637e-03
0.000000000000000000e+00 1.611383515410125256e-03 9.999986886978149414e-01 -0.000000000000000000e+00 9.999986886978149414e-01 -1.611383515410125256e-03
0.000000000000000000e+00 1.606006640940904617e-03 9.999987483024597168e-01 -0.000000000000000000e+00 9.999987483024597168e-01 -1.606006640940904617e-03
0.000000000000000000e+00 1.575538306497037411e-03 9.999987483024597168e-01 -0.000000000000000000e+00 9.999987483024597168e-01 -1.575538306497037411e-03
0.000000000000000000e+00 3.328217193484306335e-03 -9.999944567680358887e-01 0.000000000000000000e+00 9.999944567680358887e-01 3.328217193484306335e-03
0.000000000000000000e+00 3.372696228325366974e-03 -9.999943375587463379e-01 0.000000000000000000e+00 9.999943375587463379e-01 3.372696228325366974e-03
0.000000000000000000e+00 3.318544244393706322e-03 -9.999945163726806641e-01 -0.000000000000000000e+00 9.999945163726806641e-01 3.318544244393706322e-03
0.000000000000000000e+00 3.322607837617397308e-03 -9.999945163726806641e-01 -0.000000000000000000e+00 9.999945163726806641e-01 3.322607837617397308e-03
0.000000000000000000e+00 3.317988477647304535e-03 -9.999945163726806641e-01 -0.000000000000000000e+00 9.999945163726806641e-01 3.317988477647304535e-03
0.000000000000000000e+00 3.297670045867562294e-03 -9.999945759773254395e-01 -0.000000000000000000e+00 9.999945759773254395e-01 3.297670045867562294e-03
0.000000000000000000e+00 3.306498285382986069e-03 -9.999945759773254395e-01 -0.000000000000000000e+00 9.999945759773254395e-01 3.306498285382986069e-03
0.000000000000000000e+00 3.284378210082650185e-03 -9.999946355819702148e-01 -0.000000000000000000e+00 9.999946355819702148e-01 3.284378210082650185e-03
0.000000000000000000e+00 3.292850451543927193e-03 -9.999945759773254395e-01 -0.000000000000000000e+00 9.999945759773254395e-01 3.292850451543927193e-03
0.000000000000000000e+00 3.279026830568909645e-03 -9.999946355819702148e-01 -0.000000000000000000e+00 9.999946355819702148e-01 3.279026830568909645e-03
0.000000000000000000e+00 3.274297108873724937e-03 -9.999946355819702148e-01 -0.000000000000000000e+00 9.999946355819702148e-01 3.274297108873724937e-03
0.000000000000000000e+00 3.366322256624698639e-03 -9.999943375587463379e-01 0.000000000000000000e+00 9.999943375587463379e-01 3.366322256624698639e-03
0.000000000000000000e+00 3.309937892481684685e-03 -9.999945163726806641e-01 -0.000000000000000000e+00 9.999945163726806641e-01 3.309937892481684685e-03
0.000000000000000000e+00 3.338423790410161018e-03 -9.999944567680358887e-01 0.000000000000000000e+00 9.999944567680358887e-01 3.338423790410161018e-03
0.000000000000000000e+00 3.283032914623618126e-03 -9.999946355819702148e-01 -0.000000000000000000e+00 9.999946355819702148e-01 3.283032914623618126e-03
0.000000000000000000e+00 3.315113019198179245e-03 -9.999945163726806641e-01 0.000000000000000000e+00 9.999945163726806641e-01 3.315113019198179245e-03
0.000000000000000000e+00 3.273610956966876984e-03 -9.999946355819702148e-01 -0.000000000000000000e+00 9.999946355819702148e-01 3.273610956966876984e-03
0.000000000000000000e+00 3.299144562333822250e-03 -9.999945759773254395e-01 0.000000000000000000e+00 9.999945759773254395e-01 3.299144562333822250e-03
0.000000000000000000e+00 3.305218880996108055e-03 -9.999945759773254395e-01 0.000000000000000000e+00 9.999945759773254395e-01 3.305218880996108055e-03
0.000000000000000000e+00 3.305353457108139992e-03 -9.999945759773254395e-01 -0.000000000000000000e+00 9.999945759773254395e-01 3.305353457108139992e-03
0.000000000000000000e+00 3.345379140228033066e-03 -9.999943971633911133e-01 0.000000000000000000e+00 9.999943971633911133e-01 3.345379140228033066e-03
0.000000000000000000e+00 3.332191845402121544e-03 -9.999944567680358887e-01 -0.000000000000000000e+00 9.999944567680358887e-01 3.332191845402121544e-03
0.000000000000000000e+00 3.362652612850070000e-03 -9.999943375587463379e-01 0.000000000000000000e+00 9.999943375587463379e-01 3.362652612850070000e-03
0.000000000000000000e+00 3.329562256112694740e-03 -9.999944567680358887e-01 -0.000000000000000000e+00 9.999944567680358887e-01 3.329562256112694740e-03
0.000000000000000000e+00 3.372790524736046791e-03 -9.999943375587463379e-01 0.000000000000000000e+00 9.999943375587463379e-01 3.372790524736046791e-03
0.000000000000000000e+00 3.359911264851689339e-03 -9.999943971633911133e-01 -0.000000000000000000e+00 9.999943971633911133e-01 3.359911264851689339e-03
0.000000000000000000e+00 3.360448870807886124e-03 -9.999943971633911133e-01 0.000000000000000000e+00 9.999943971633911133e-01 3.360448870807886124e-03
0.000000000000000000e+00 3.350260201841592789e-03 -9.999943971633911133e-01 -0.000000000000000000e+00 9.999943971633911133e-01 3.350260201841592789e-03
0.000000000000000000e+00 3.252868307754397392e-03 -9.999946951866149902e-01 -0.000000000000000000e+00 9.999946951866149902e-01 3.252868307754397392e-03
0.000000000000000000e+00 3.235417418181896210e-03 -9.999947547912597656e-01 -0.000000000000000000e+00 9.999947547912597656e-01 3.235417418181896210e-03
0.000000000000000000e+00 3.199264639988541603e-03 -9.999948740005493164e-01 -0.000000000000000000e+00 9.999948740005493164e-01 3.199264639988541603e-03
0.000000000000000000e+00 3.190410323441028595e-03 -9.999949336051940918e-01 -0.000000000000000000e+00 9.999949336051940918e-01 3.190410323441028595e-03
0.000000000000000000e+00 3.219042206183075905e-03 -9.999948143959045410e-01 -0.000000000000000000e+00 9.999948143959045410e-01 3.219042206183075905e-03
0.000000000000000000e+00 3.191798459738492966e-03 -9.999949336051940918e-01 -0.000000000000000000e+00 9.999949336051940918e-01 3.191798459738492966e-03
0.000000000000000000e+00 3.201954066753387451e-03 -9.999948740005493164e-01 -0.000000000000000000e+00 9.999948740005493164e-01 3.201954066753387451e-03
0.000000000000000000e+00 3.193538868799805641e-03 -9.999949336051940918e-01 -0.000000000000000000e+00 9.999949336051940918e-01 3.193538868799805641e-03
0.000000000000000000e+00 3.195617813616991043e-03 -9.999949336051940918e-01 -0.000000000000000000e+00 9.999949336051940918e-01 3.195617813616991043e-03
0.000000000000000000e+00 3.199435072019696236e-03 -9.999948740005493164e-01 -0.000000000000000000e+00 9.999948740005493164e-01 3.199435072019696236e-03
0.000000000000000000e+00 3.203014610335230827e-03 -9.999948740005493164e-01 -0.000000000000000000e+00 9.999948740005493164e-01 3.203014610335230827e-03
0.000000000000000000e+00 3.195389406755566597e-03 -9.999949336051940918e-01 -0.000000000000000000e+00 9.999949336051940918e-01 3.195389406755566597e-03
0.000000000000000000e+00 3.200744977220892906e-03 -9.999948740005493164e-01 -0.000000000000000000e+00 9.999948740005493164e-01 3.200744977220892906e-03
0.000000000000000000e+00 3.181133186444640160e-03 -9.999949336051940918e-01 -0.000000000000000000e+00 9.999949336051940918e-01 3.181133186444640160e-03
0.000000000000000000e+00 3.196169156581163406e-03 -9.999949336051940918e-01 -0.000000000000000000e+00 9.999949336051940918e-01 3.196169156581163406e-03
0.000000000000000000e+00 3.191394731402397156e-03 -9.999949336051940918e-01 -0.000000000000000000e+00 9.999949336051940918e-01 3.191394731402397156e-03
0.000000000000000000e+00 3.188990522176027298e-03 -9.999949336051940918e-01 -0.000000000000000000e+00 9.999949336051940918e-01 3.188990522176027298e-03
0.000000000000000000e+00 3.181196050718426704e-03 -9.999949336051940918e-01 -0.000000000000000000e+00 9.999949336051940918e-01 3.181196050718426704e-03
0.000000000000000000e+00 3.181326901540160179e-03 -9.999949336051940918e-01 -0.000000000000000000e+00 9.999949336051940918e-01 3.181326901540160179e-03
0.000000000000000000e+00 3.180138999596238136e-03 -9.999949336051940918e-01 -0.000000000000000000e+00 9.999949336051940918e-01 3.180138999596238136e-03
0.000000000000000000e+00 3.145576454699039459e-03 -9.999950528144836426e-01 -0.000000000000000000e+00 9.999950528144836426e-01 3.145576454699039459e-03
0.000000000000000000e+00 3.137859748676419258e-03 -9.999951124191284180e-01 0.000000000000000000e+00 9.999951124191284180e-01 3.137859748676419258e-03
0.000000000000000000e+00 3.114066552370786667e-03 -9.999951720237731934e-01 0.000000000000000000e+00 9.999951720237731934e-01 3.114066552370786667e-03
0.000000000000000000e+00 3.141006221994757652e-03 -9.999950528144836426e-01 0.000000000000000000e+00 9.999950528144836426e-01 3.141006221994757652e-03
0.000000000000000000e+00 3.117436775937676430e-03 -9.999951720237731934e-01 0.000000000000000000e+00 9.999951720237731934e-01 3.117436775937676430e-03
0.000000000000000000e+00 3.125617047771811485e-03 -9.999951124191284180e-01 0.000000000000000000e+00 9.999951124191284180e-01 3.125617047771811485e-03
0.000000000000000000e+00 3.156080842018127441e-03 -9.999950528144836426e-01 0.000000000000000000e+00 9.999950528144836426e-01 3.156080842018127441e-03
0.000000000000000000e+00 3.146312898024916649e-03 -9.999950528144836426e-01 0.000000000000000000e+00 9.999950528144836426e-01 3.146312898024916649e-03
0.000000000000000000e+00 3.169039264321327209e-03 -9.999949932098388672e-01 0.000000000000000000e+00 9.999949932098388672e-01 3.169039264321327209e-03
0.000000000000000000e+00 3.150207921862602234e-03 -9.999950528144836426e-01 0.000000000000000000e+00 9.999950528144836426e-01 3.150207921862602234e-03
0.000000000000000000e+00 3.185362322255969048e-03 -9.999949336051940918e-01 0.000000000000000000e+00 9.999949336051940918e-01 3.185362322255969048e-03
0.000000000000000000e+00 3.181652398779988289e-03 -9.999949336051940918e-01 0.000000000000000000e+00 9.999949336051940918e-01 3.181652398779988289e-03
0.000000000000000000e+00 3.241374390199780464e-03 -9.999947547912597656e-01 0.000000000000000000e+00 9.999947547912597656e-01 3.241374390199780464e-03
0.000000000000000000e+00 3.227234585210680962e-03 -9.999948143959045410e-01 0.000000000000000000e+00 9.999948143959045410e-01 3.227234585210680962e-03
0.000000000000000000e+00 3.272317117080092430e-03 -9.999946355819702148e-01 0.000000000000000000e+00 9.999946355819702148e-01 3.272317117080092430e-03
0.000000000000000000e+00 3.265409963205456734e-03 -9.999946951866149902e-01 0.000000000000000000e+00 9.999946951866149902e-01 3.265409963205456734e-03
0.000000000000000000e+00 3.296989016234874725e-03 -9.999945759773254395e-01 0.000000000000000000e+00 9.999945759773254395e-01 3.296989016234874725e-03
0.000000000000000000e+00 3.256283467635512352e-03 -9.999946951866149902e-01 0.000000000000000000e+00 9.999946951866149902e-01 3.256283467635512352e-03
0.000000000000000000e+00 3.247651504352688789e-03 -9.999947547912597656e-01 0.000000000000000000e+00 9.999947547912597656e-01 3.247651504352688789e-03
0.000000000000000000e+00 3.261099336668848991e-03 -9.999946951866149902e-01 0.000000000000000000e+00 9.999946951866149902e-01 3.261099336668848991e-03
0.000000000000000000e+00 3.155968151986598969e-03 -9.999950528144836426e-01 0.000000000000000000e+00 9.999950528144836426e-01 3.155968151986598969e-03
0.000000000000000000e+00 3.191081807017326355e-03 -9.999949336051940918e-01 0.000000000000000000e+00 9.999949336051940918e-01 3.191081807017326355e-03
0.000000000000000000e+00 3.165767993777990341e-03 -9.999949932098388672e-01 0.000000000000000000e+00 9.999949932098388672e-01 3.165767993777990341e-03
0.000000000000000000e+00 3.152230521664023399e-03 -9.999950528144836426e-01 0.000000000000000000e+00 9.999950528144836426e-01 3.152230521664023399e-03
0.000000000000000000e+00 3.137232270091772079e-03 -9.999951124191284180e-01 0.000000000000000000e+00 9.999951124191284180e-01 3.137232270091772079e-03
0.000000000000000000e+00 3.146091476082801819e-03 -9.999950528144836426e-01 0.000000000000000000e+00 9.999950528144836426e-01 3.146091476082801819e-03
0.000000000000000000e+00 3.142120316624641418e-03 -9.999950528144836426e-01 0.000000000000000000e+00 9.999950528144836426e-01 3.142120316624641418e-03
0.000000000000000000e+00 3.231124021112918854e-03 -9.999948143959045410e-01 0.000000000000000000e+00 9.999948143959045410e-01 3.231124021112918854e-03
0.000000000000000000e+00 3.252354450523853302e-03 -9.999947547912597656e-01 0.000000000000000000e+00 9.999947547912597656e-01 3.252354450523853302e-03
0.000000000000000000e+00 3.247058251872658730e-03 -9.999947547912597656e-01 0.000000000000000000e+00 9.999947547912597656e-01 3.247058251872658730e-03
0.000000000000000000e+00 3.267725929617881775e-03 -9.999946951866149902e-01 0.000000000000000000e+00 9.999946951866149902e-01 3.267725929617881775e-03
0.000000000000000000e+00 3.266473766416311264e-03 -9.999946951866149902e-01 0.000000000000000000e+00 9.999946951866149902e-01 3.266473766416311264e-03
0.000000000000000000e+00 3.268296597525477409e-03 -9.999946951866149902e-01 0.000000000000000000e+00 9.999946951866149902e-01 3.268296597525477409e-03
0.000000000000000000e+00 3.270833287388086319e-03 -9.999946951866149902e-01 0.000000000000000000e+00 9.999946951866149902e-01 3.270833287388086319e-03
0.000000000000000000e+00 3.087376011535525322e-03 -9.999952316284179688e-01 -0.000000000000000000e+00 9.999952316284179688e-01 3.087376011535525322e-03
0.000000000000000000e+00 3.074547508731484413e-03 -9.999952912330627441e-01 0.000000000000000000e+00 9.999952912330627441e-01 3.074547508731484413e-03
0.000000000000000000e+00 3.064289689064025879e-03 -9.999952912330627441e-01 0.000000000000000000e+00 9.999952912330627441e-01 3.064289689064025879e-03
0.000000000000000000e+00 3.058536211028695107e-03 -9.999953508377075195e-01 0.000000000000000000e+00 9.999953508377075195e-01 3.058536211028695107e-03
0.000000000000000000e+00 3.068617545068264008e-03 -9.999952912330627441e-01 0.000000000000000000e+00 9.999952912330627441e-01 3.068617545068264008e-03
0.000000000000000000e+00 3.099670400843024254e-03 -9.999952316284179688e-01 0.000000000000000000e+00 9.999952316284179688e-01 3.099670400843024254e-03
0.000000000000000000e+00 3.201263723894953728e-03 -9.999948740005493164e-01 0.000000000000000000e+00 9.999948740005493164e-01 3.201263723894953728e-03
0.000000000000000000e+00 3.228757530450820923e-03 -9.999948143959045410e-01 0.000000000000000000e+00 9.999948143959045410e-01 3.228757530450820923e-03
0.000000000000000000e+00 3.299886360764503479e-03 -9.999945759773254395e-01 0.000000000000000000e+00 9.999945759773254395e-01 3.299886360764503479e-03
0.000000000000000000e+00 3.416235093027353287e-03 -9.999941587448120117e-01 0.000000000000000000e+00 9.999941587448120117e-01 3.416235093027353287e-03
0.000000000000000000e+00 3.429654054343700409e-03 -9.999941587448120117e-01 0.000000000000000000e+00 9.999941587448120117e-01 3.429654054343700409e-03
0.000000000000000000e+00 3.436140948906540871e-03 -9.999940991401672363e-01 0.000000000000000000e+00 9.999940991401672363e-01 3.436140948906540871e-03
0.000000000000000000e+00 3.431990044191479683e-03 -9.999940991401672363e-01 0.000000000000000000e+00 9.999940991401672363e-01 3.431990044191479683e-03
0.000000000000000000e+00 3.393182996660470963e-03 -9.999942779541015625e-01 0.000000000000000000e+00 9.999942779541015625e-01 3.393182996660470963e-03
0.000000000000000000e+00 3.359070746228098869e-03 -9.999943971633911133e-01 -0.000000000000000000e+00 9.999943971633911133e-01 3.359070746228098869e-03
0.000000000000000000e+00 3.332755761221051216e-03 -9.999944567680358887e-01 0.000000000000000000e+00 9.999944567680358887e-01 3.332755761221051216e-03
0.000000000000000000e+00 3.277107374742627144e-03 -9.999946355819702148e-01 0.000000000000000000e+00 9.999946355819702148e-01 3.277107374742627144e-03
0.000000000000000000e+00 3.251084592193365097e-03 -9.999947547912597656e-01 0.000000000000000000e+00 9.999947547912597656e-01 3.251084592193365097e-03
0.000000000000000000e+00 3.217664081603288651e-03 -9.999948143959045410e-01 0.000000000000000000e+00 9.999948143959045410e-01 3.217664081603288651e-03
0.000000000000000000e+00 3.248428693041205406e-03 -9.999947547912597656e-01 0.000000000000000000e+00 9.999947547912597656e-01 3.248428693041205406e-03
0.000000000000000000e+00 3.217865945771336555e-03 -9.999948143959045410e-01 0.000000000000000000e+00 9.999948143959045410e-01 3.217865945771336555e-03
0.000000000000000000e+00 3.512818831950426102e-03 -9.999938607215881348e-01 0.000000000000000000e+00 9.999938607215881348e-01 3.512818831950426102e-03
0.000000000000000000e+00 3.505884436890482903e-03 -9.999938607215881348e-01 0.000000000000000000e+00 9.999938607215881348e-01 3.505884436890482903e-03
0.000000000000000000e+00 3.494318574666976929e-03 -9.999939203262329102e-01 0.000000000000000000e+00 9.999939203262329102e-01 3.494318574666976929e-03
0.000000000000000000e+00 3.489497117698192596e-03 -9.999939203262329102e-01 0.000000000000000000e+00 9.999939203262329102e-01 3.489497117698192596e-03
0.000000000000000000e+00 3.477094462141394615e-03 -9.999939799308776855e-01 0.000000000000000000e+00 9.999939799308776855e-01 3.477094462141394615e-03
0.000000000000000000e+00 3.501156345009803772e-03 -9.999938607215881348e-01 0.000000000000000000e+00 9.999938607215881348e-01 3.501156345009803772e-03
0.000000000000000000e+00 3.373990068212151527e-03 -9.999943375587463379e-01 -0.000000000000000000e+00 9.999943375587463379e-01 3.373990068212151527e-03
0.000000000000000000e+00 3.312192391604185104e-03 -9.999945163726806641e-01 -0.000000000000000000e+00 9.999945163726806641e-01 3.312192391604185104e-03
0.000000000000000000e+00 3.311510663479566574e-03 -9.999945163726806641e-01 -0.000000000000000000e+00 9.999945163726806641e-01 3.311510663479566574e-03
0.000000000000000000e+00 3.301125485450029373e-03 -9.999945759773254395e-01 -0.000000000000000000e+00 9.999945759773254395e-01 3.301125485450029373e-03
0.000000000000000000e+00 3.282125340774655342e-03 -9.999946355819702148e-01 -0.000000000000000000e+00 9.999946355819702148e-01 3.282125340774655342e-03
0.000000000000000000e+00 3.262866754084825516e-03 -9.999946951866149902e-01 -0.000000000000000000e+00 9.999946951866149902e-01 3.262866754084825516e-03
0.000000000000000000e+00 3.248593071475625038e-03 -9.999947547912597656e-01 -0.000000000000000000e+00 9.999947547912597656e-01 3.248593071475625038e-03
0.000000000000000000e+00 3.244339721277356148e-03 -9.999947547912597656e-01 -0.000000000000000000e+00 9.999947547912597656e-01 3.244339721277356148e-03
0.000000000000000000e+00 3.178714308887720108e-03 -9.999949336051940918e-01 -0.000000000000000000e+00 9.999949336051940918e-01 3.178714308887720108e-03
0.000000000000000000e+00 3.145000664517283440e-03 -9.999950528144836426e-01 -0.000000000000000000e+00 9.999950528144836426e-01 3.145000664517283440e-03
0.000000000000000000e+00 3.115141065791249275e-03 -9.999951720237731934e-01 -0.000000000000000000e+00 9.999951720237731934e-01 3.115141065791249275e-03
0.000000000000000000e+00 3.106220392510294914e-03 -9.999951720237731934e-01 -0.000000000000000000e+00 9.999951720237731934e-01 3.106220392510294914e-03
0.000000000000000000e+00 3.098713001236319542e-03 -9.999952316284179688e-01 -0.000000000000000000e+00 9.999952316284179688e-01 3.098713001236319542e-03
0.000000000000000000e+00 3.118335735052824020e-03 -9.999951720237731934e-01 0.000000000000000000e+00 9.999951720237731934e-01 3.118335735052824020e-03
0.000000000000000000e+00 3.128616837784647942e-03 -9.999951124191284180e-01 -0.000000000000000000e+00 9.999951124191284180e-01 3.128616837784647942e-03
0.000000000000000000e+00 3.123476868495345116e-03 -9.999951124191284180e-01 -0.000000000000000000e+00 9.999951124191284180e-01 3.123476868495345116e-03
0.000000000000000000e+00 3.534590359777212143e-03 -9.999937415122985840e-01 0.000000000000000000e+00 9.999937415122985840e-01 3.534590359777212143e-03
0.000000000000000000e+00 3.601373173296451569e-03 -9.999935030937194824e-01 0.000000000000000000e+00 9.999935030937194824e-01 3.601373173296451569e-03
0.000000000000000000e+00 3.643100149929523468e-03 -9.999933838844299316e-01 -0.000000000000000000e+00 9.999933838844299316e-01 3.643100149929523468e-03
0.000000000000000000e+00 3.762354608625173569e-03 -9.999929666519165039e-01 -0.000000000000000000e+00 9.999929666519165039e-01 3.762354608625173569e-03
0.000000000000000000e+00 3.736677346751093864e-03 -9.999930262565612793e-01 -0.000000000000000000e+00 9.999930262565612793e-01 3.736677346751093864e-03
0.000000000000000000e+00 3.730692667886614799e-03 -9.999930262565612793e-01 -0.000000000000000000e+00 9.999930262565612793e-01 3.730692667886614799e-03
0.000000000000000000e+00 3.732310608029365540e-03 -9.999930262565612793e-01 -0.000000000000000000e+00 9.999930262565612793e-01 3.732310608029365540e-03
0.000000000000000000e+00 3.692383412271738052e-03 -9.999932050704956055e-01 -0.000000000000000000e+00 9.999932050704956055e-01 3.692383412271738052e-03
0.000000000000000000e+00 3.667981363832950592e-03 -9.999932646751403809e-01 -0.000000000000000000e+00 9.999932646751403809e-01 3.667981363832950592e-03
0.000000000000000000e+00 3.659324720501899719e-03 -9.999933242797851562e-01 -0.000000000000000000e+00 9.999933242797851562e-01 3.659324720501899719e-03
0.000000000000000000e+00 3.582837292924523354e-03 -9.999936223030090332e-01 -0.000000000000000000e+00 9.999936223030090332e-01 3.582837292924523354e-03
0.000000000000000000e+00 3.522100858390331268e-03 -9.999938011169433594e-01 -0.000000000000000000e+00 9.999938011169433594e-01 3.522100858390331268e-03
0.000000000000000000e+00 3.490951145067811012e-03 -9.999939203262329102e-01 -0.000000000000000000e+00 9.999939203262329102e-01 3.490951145067811012e-03
0.000000000000000000e+00 3.421957371756434441e-03 -9.999941587448120117e-01 -0.000000000000000000e+00 9.999941587448120117e-01 3.421957371756434441e-03
0.000000000000000000e+00 3.402457572519779205e-03 -9.999942183494567871e-01 -0.000000000000000000e+00 9.999942183494567871e-01 3.402457572519779205e-03
0.000000000000000000e+00 3.202529624104499817e-03 -9.999948740005493164e-01 0.000000000000000000e+00 9.999948740005493164e-01 3.202529624104499817e-03
0.000000000000000000e+00 3.132198005914688110e-03 -9.999951124191284180e-01 -0.000000000000000000e+00 9.999951124191284180e-01 3.132198005914688110e-03
0.000000000000000000e+00 3.109052544459700584e-03 -9.999951720237731934e-01 0.000000000000000000e+00 9.999951720237731934e-01 3.109052544459700584e-03
0.000000000000000000e+00 3.046788973733782768e-03 -9.999953508377075195e-01 -0.000000000000000000e+00 9.999953508377075195e-01 3.046788973733782768e-03
0.000000000000000000e+00 3.021676791831851006e-03 -9.999954700469970703e-01 -0.000000000000000000e+00 9.999954700469970703e-01 3.021676791831851006e-03
0.000000000000000000e+00 2.989999484270811081e-03 -9.999955296516418457e-01 -0.000000000000000000e+00 9.999955296516418457e-01 2.989999484270811081e-03
0.000000000000000000e+00 2.992334309965372086e-03 -9.999955296516418457e-01 -0.000000000000000000e+00 9.999955296516418457e-01 2.992334309965372086e-03
0.000000000000000000e+00 2.988415770232677460e-03 -9.999955296516418457e-01 -0.000000000000000000e+00 9.999955296516418457e-01 2.988415770232677460e-03
0.000000000000000000e+00 2.963642356917262077e-03 -9.999956488609313965e-01 -0.000000000000000000e+00 9.999956488609313965e-01 2.963642356917262077e-03
0.000000000000000000e+00 2.946456661447882652e-03 -9.999956488609313965e-01 -0.000000000000000000e+00 9.999956488609313965e-01 2.946456661447882652e-03
0.000000000000000000e+00 2.934191608801484108e-03 -9.999957084655761719e-01 -0.000000000000000000e+00 9.999957084655761719e-01 2.934191608801484108e-03
0.000000000000000000e+00 2.965731080621480942e-03 -9.999955892562866211e-01 -0.000000000000000000e+00 9.999955892562866211e-01 2.965731080621480942e-03
0.000000000000000000e+00 2.996903611347079277e-03 -9.999955296516418457e-01 -0.000000000000000000e+00 9.999955296516418457e-01 2.996903611347079277e-03
0.000000000000000000e+00 3.016148926690220833e-03 -9.999954700469970703e-01 -0.000000000000000000e+00 9.999954700469970703e-01 3.016148926690220833e-03
0.000000000000000000e+00 3.054390894249081612e-03 -9.999953508377075195e-01 -0.000000000000000000e+00 9.999953508377075195e-01 3.054390894249081612e-03
0.000000000000000000e+00 3.070059465244412422e-03 -9.999952912330627441e-01 -0.000000000000000000e+00 9.999952912330627441e-01 3.070059465244412422e-03
0.000000000000000000e+00 3.089172998443245888e-03 -9.999952316284179688e-01 -0.000000000000000000e+00 9.999952316284179688e-01 3.089172998443245888e-03
0.000000000000000000e+00 3.088670549914240837e-03 -9.999952316284179688e-01 -0.000000000000000000e+00 9.999952316284179688e-01 3.088670549914240837e-03
0.000000000000000000e+00 3.105583367869257927e-03 -9.999951720237731934e-01 -0.000000000000000000e+00 9.999951720237731934e-01 3.105583367869257927e-03
0.000000000000000000e+00 3.125340677797794342e-03 -9.999951124191284180e-01 0.000000000000000000e+00 9.999951124191284180e-01 3.125340677797794342e-03
-2.639762125909328461e-03 -9.888286590576171875e-01 -1.490336209535598755e-01 -9.999965429306030273e-01 2.610281342640519142e-03 3.934146952815353870e-04
-2.655173884704709053e-03 -9.888285994529724121e-01 -1.490336209535598755e-01 -9.999964833259582520e-01 2.625521039590239525e-03 3.957115695811808109e-04
-6.249772384762763977e-03 -9.888127446174621582e-01 1.490312218666076660e-01 -9.999804496765136719e-01 6.179975345730781555e-03 -9.314294438809156418e-04
-6.270558573305606842e-03 -9.888126254081726074e-01 1.490312069654464722e-01 -9.999803304672241211e-01 6.200529169291257858e-03 -9.345273138023912907e-04
-6.106301210820674896e-03 -9.009500741958618164e-01 4.338797926902770996e-01 -9.999813437461853027e-01 5.501575302332639694e-03 -2.649450208991765976e-03
-2.706918632611632347e-03 -9.009636044502258301e-01 -4.338863193988800049e-01 -9.999963641166687012e-01 2.438843948766589165e-03 1.174499280750751495e-03
-2.802415983751416206e-03 -9.009633660316467285e-01 -4.338862001895904541e-01 -9.999960660934448242e-01 2.524883951991796494e-03 1.215934404172003269e-03
-2.740271622315049171e-03 -7.330453395843505859e-01 -6.801743507385253906e-01 -9.999962449073791504e-01 2.008750569075345993e-03 1.863869139924645424e-03
-2.766588237136602402e-03 -7.330452799797058105e-01 -6.801742911338806152e-01 -9.999961853027343750e-01 2.028041752055287361e-03 1.881769159808754921e-03
-2.538011176511645317e-03 -5.000041127204895020e-01 -8.660193085670471191e-01 -9.999967813491821289e-01 1.269020140171051025e-03 2.197973895817995071e-03
-2.571738092228770256e-03 -5.000040531158447266e-01 -8.660192489624023438e-01 -9.999967217445373535e-01 1.285883714444935322e-03 2.227182034403085709e-03
-2.311500953510403633e-03 -2.225156873464584351e-01 -9.749263525009155273e-01 -9.999973773956298828e-01 5.143466405570507050e-04 2.253549406304955482e-03
-2.345848828554153442e-03 -2.225156724452972412e-01 -9.749262928962707520e-01 -9.999972581863403320e-01 5.219895392656326294e-04 2.287036040797829628e-03
-2.071667928248643875e-03 7.472843676805496216e-02 -9.972018003463745117e-01 -9.999978542327880859e-01 -1.548128493595868349e-04 2.065875334665179253e-03
-2.073593204841017723e-03 7.472843676805496216e-02 -9.972018003463745117e-01 -9.999978542327880859e-01 -1.549567241454496980e-04 2.067795256152749062e-03
-1.757462974637746811e-03 3.653350472450256348e-01 -9.308744668960571289e-01 -9.999984502792358398e-01 -6.420637946575880051e-04 1.635979977436363697e-03
-1.757850637659430504e-03 3.653350472450256348e-01 -9.308744668960571289e-01 -9.999984502792358398e-01 -6.422054138965904713e-04 1.636340748518705368e-03
-1.508098677732050419e-03 6.234896779060363770e-01 -7.818301320075988770e-01 -9.999988675117492676e-01 -9.402850409969687462e-04 1.179078361019492149e-03
-1.480887643992900848e-03 6.234897375106811523e-01 -7.818301916122436523e-01 -9.999989271163940430e-01 -9.233191958628594875e-04 1.157803926616907120e-03
-6.434823735617101192e-04 8.262394070625305176e-01 -5.633188486099243164e-01 -9.999998211860656738e-01 -5.316705792210996151e-04 3.624858218245208263e-04
-6.804649601690471172e-04 8.262393474578857422e-01 -5.633188486099243164e-01 -9.999998211860656738e-01 -5.622270982712507248e-04 3.833188384305685759e-04
-5.949636688455939293e-04 9.555711150169372559e-01 -2.947601974010467529e-01 -9.999998211860656738e-01 -5.685301148332655430e-04 1.753716060193255544e-04
-5.712563870474696159e-04 9.555711150169372559e-01 -2.947601974010467529e-01 -9.999998807907104492e-01 -5.458761588670313358e-04 1.683836599113419652e-04
-7.335034897550940514e-04 9.999997615814208984e-01 0.000000000000000000e+00 -9.999997615814208984e-01 -7.335034897550940514e-04 0.000000000000000000e+00
-7.297656848095357418e-04 9.999997615814208984e-01 0.000000000000000000e+00 -9.999997615814208984e-01 -7.297656848095357418e-04 0.000000000000000000e+00
-8.789565763436257839e-04 9.555708765983581543e-01 2.947601079940795898e-01 -9.999996423721313477e-01 -8.399056387133896351e-04 -2.590814256109297276e-04
-8.853971376083791256e-04 9.555708765983581543e-01 2.947601377964019775e-01 -9.999996423721313477e-01 -8.460600511170923710e-04 -2.609798684716224670e-04
-1.146844588220119476e-03 8.262360692024230957e-01 5.633228421211242676e-01 -9.999993443489074707e-01 -9.475649567320942879e-04 -6.460441509261727333e-04
-1.163595006801187992e-03 8.262360692024230957e-01 5.633228421211242676e-01 -9.999993443489074707e-01 -9.614048176445066929e-04 -6.554800784215331078e-04
-1.614090055227279663e-03 6.234951615333557129e-01 7.818256020545959473e-01 -9.999986886978149414e-01 -1.006378559395670891e-03 -1.261938363313674927e-03
-1.807668129913508892e-03 6.234949231147766113e-01 7.818253040313720703e-01 -9.999983906745910645e-01 -1.127073774114251137e-03 -1.413282938301563263e-03
-2.437661634758114815e-03 3.653345406055450439e-01 9.308731555938720703e-01 -9.999970793724060059e-01 -8.905645809136331081e-04 -2.269160468131303787e-03
-2.653120784088969231e-03 3.653343319892883301e-01 9.308726191520690918e-01 -9.999964833259582520e-01 -9.692794992588460445e-04 -2.469726139679551125e-03
-3.873077221214771271e-03 7.472804188728332520e-02 9.971964359283447266e-01 -9.999925494194030762e-01 -2.894296776503324509e-04 -3.862248035147786140e-03
-4.095630720257759094e-03 7.472797483205795288e-02 9.971955418586730957e-01 -9.999915957450866699e-01 -3.060607414226979017e-04 -4.084179177880287170e-03
-4.390021786093711853e-03 -2.225141525268554688e-01 9.749196171760559082e-01 -9.999904036521911621e-01 9.768513264134526253e-04 -4.279959481209516525e-03
-4.611872136592864990e-03 -2.225139290094375610e-01 9.749186038970947266e-01 -9.999893903732299805e-01 1.026216661557555199e-03 -4.496247973293066025e-03
-4.857982043176889420e-03 -4.999998211860656738e-01 8.660119175910949707e-01 -9.999881982803344727e-01 2.429018728435039520e-03 -4.207119811326265335e-03
-4.888047464191913605e-03 -4.999997615814208984e-01 8.660117983818054199e-01 -9.999880790710449219e-01 2.444051671773195267e-03 -4.233157262206077576e-03
-5.399618763476610184e-03 -7.330373525619506836e-01 6.801669597625732422e-01 -9.999854564666748047e-01 3.958180081099271774e-03 -3.672695718705654144e-03
-5.412991624325513840e-03 -7.330372929573059082e-01 6.801669001579284668e-01 -9.999853968620300293e-01 3.967983182519674301e-03 -3.681791946291923523e-03
-6.081604398787021637e-03 -9.009502530097961426e-01 4.338798820972442627e-01 -9.999815225601196289e-01 5.479324143379926682e-03 -2.638734644278883934e-03
-3.926813602447509766e-03 -9.888231158256530762e-01 -1.490419507026672363e-01 -9.999923110008239746e-01 3.882954129949212074e-03 5.852644680999219418e-04
-3.953309729695320129e-03 -9.888229966163635254e-01 -1.490419358015060425e-01 -9.999921917915344238e-01 3.909154329448938370e-03 5.892135086469352245e-04
-4.835995379835367203e-03 -9.888191819190979004e-01 1.490413546562194824e-01 -9.999883174896240234e-01 4.781980998814105988e-03 -7.207717280834913254e-04
-4.841200076043605804e-03 -9.888191223144531250e-01 1.490413546562194824e-01 -9.999883174896240234e-01 4.787127953022718430e-03 -7.215475197881460190e-04
-4.957489203661680222e-03 -9.009557962417602539e-01 4.338825643062591553e-01 -9.999877214431762695e-01 4.466533660888671875e-03 -2.150994492694735527e-03
-3.917830996215343475e-03 -9.009599685668945312e-01 -4.338845610618591309e-01 -9.999923706054687500e-01 3.529836190864443779e-03 1.699899556115269661e-03
-3.820679616183042526e-03 -9.009603261947631836e-01 -4.338847398757934570e-01 -9.999927282333374023e-01 3.442305838689208031e-03 1.657746615819633007e-03
-3.566511906683444977e-03 -7.330479621887207031e-01 -6.801676154136657715e-01 -9.999936223030090332e-01 2.614440862089395523e-03 2.425841521471738815e-03
-3.558841068297624588e-03 -7.330479621887207031e-01 -6.801676750183105469e-01 -9.999936819076538086e-01 2.608817769214510918e-03 2.420624019578099251e-03
-3.230111673474311829e-03 -4.999991953372955322e-01 -8.660199046134948730e-01 -9.999948143959045410e-01 1.615061657503247261e-03 2.797355409711599350e-03
-3.181910607963800430e-03 -4.999992549419403076e-01 -8.660199642181396484e-01 -9.999949932098388672e-01 1.590961124747991562e-03 2.755612367764115334e-03
-2.879398176446557045e-03 -2.225173562765121460e-01 -9.749245047569274902e-01 -9.999958872795104980e-01 6.407187902368605137e-04 2.807207638397812843e-03
-2.803676296025514603e-03 -2.225174009799957275e-01 -9.749247431755065918e-01 -9.999960660934448242e-01 6.238692440092563629e-04 2.733384026214480400e-03
-7.212189375422894955e-04 7.472790032625198364e-02 -9.972037672996520996e-01 -9.999997615814208984e-01 -5.389518628362566233e-05 7.192023913376033306e-04
-7.598150987178087234e-04 7.472789287567138672e-02 -9.972037076950073242e-01 -9.999997019767761230e-01 -5.677939770976081491e-05 7.576906355097889900e-04
-2.842585381586104631e-04 3.653387129306793213e-01 -9.308746457099914551e-01 -1.000000000000000000e+00 -1.038506452459841967e-04 2.646090579219162464e-04
-4.162210389040410519e-04 3.653386831283569336e-01 -9.308745861053466797e-01 -9.999999403953552246e-01 -1.520616642665117979e-04 3.874496032949537039e-04
1.768752117641270161e-04 6.234859228134155273e-01 -7.818346023559570312e-01 -1.000000000000000000e+00 1.102792011806741357e-04 -1.382871560053899884e-04
-1.101727320929057896e-04 6.234859228134155273e-01 -7.818346023559570312e-01 -1.000000000000000000e+00 -6.869114440632984042e-05 8.613685349700972438e-05
-2.275397273479029536e-04 8.262395262718200684e-01 -5.633189678192138672e-01 -1.000000000000000000e+00 -1.880023191915825009e-04 1.281774457311257720e-04
-6.116602453403174877e-04 8.262394070625305176e-01 -5.633188486099243164e-01 -9.999998211860656738e-01 -5.053778877481818199e-04 3.445598122198134661e-04
-1.141630695201456547e-03 9.555732011795043945e-01 -2.947517335414886475e-01 -9.999993443489074707e-01 -1.090912497602403164e-03 3.364978183526545763e-04
-1.645693322643637657e-03 9.555725455284118652e-01 -2.947514951229095459e-01 -9.999986886978149414e-01 -1.572581590153276920e-03 4.850712721236050129e-04
-2.290321048349142075e-03 9.999973773956298828e-01 0.000000000000000000e+00 -9.999973773956298828e-01 -2.290321048349142075e-03 0.000000000000000000e+00
-2.489523729309439659e-03 9.999969005584716797e-01 0.000000000000000000e+00 -9.999969005584716797e-01 -2.489523729309439659e-03 0.000000000000000000e+00
-3.065787721425294876e-03 9.555693864822387695e-01 2.947505116462707520e-01 -9.999952912330627441e-01 -2.929586684331297874e-03 -9.036468109115958214e-04
-3.143889596685767174e-03 9.555691480636596680e-01 2.947504520416259766e-01 -9.999951124191284180e-01 -3.004218917340040207e-03 -9.266675333492457867e-04
-3.647399134933948517e-03 8.262311220169067383e-01 5.633195042610168457e-01 -9.999933838844299316e-01 -3.013614797964692116e-03 -2.054664539173245430e-03
-3.675048472359776497e-03 8.262310624122619629e-01 5.633193850517272949e-01 -9.999932646751403809e-01 -3.036459675058722496e-03 -2.070239977911114693e-03
-3.911986015737056732e-03 6.234867572784423828e-01 7.818241715431213379e-01 -9.999923706054687500e-01 -2.439090050756931305e-03 -3.058508504182100296e-03
-3.933169879019260406e-03 6.234866976737976074e-01 7.818240523338317871e-01 -9.999922513961791992e-01 -2.452298067510128021e-03 -3.075070679187774658e-03
-4.302254877984523773e-03 3.653353452682495117e-01 9.308660626411437988e-01 -9.999907612800598145e-01 -1.571780303493142128e-03 -4.004859831184148788e-03
-4.290982149541378021e-03 3.653353452682495117e-01 9.308661222457885742e-01 -9.999908208847045898e-01 -1.567661878652870655e-03 -3.994366619735956192e-03
-4.560331813991069794e-03 7.472714036703109741e-02 9.971936345100402832e-01 -9.999896287918090820e-01 -3.407840849831700325e-04 -4.547581076622009277e-03
-4.552044440060853958e-03 7.472714036703109741e-02 9.971936345100402832e-01 -9.999896287918090820e-01 -3.401647845748811960e-04 -4.539316985756158829e-03
-4.781062714755535126e-03 -2.225157320499420166e-01 9.749174118041992188e-01 -9.999885559082031250e-01 1.063873874954879284e-03 -4.661194514483213425e-03
-4.758507478982210159e-03 -2.225157618522644043e-01 9.749175310134887695e-01 -9.999886751174926758e-01 1.058854861184954643e-03 -4.639205057173967361e-03
-4.997008014470338821e-03 -4.999955594539642334e-01 8.660135865211486816e-01 -9.999875426292419434e-01 2.498512854799628258e-03 -4.327530972659587860e-03
-4.927522968500852585e-03 -4.999957382678985596e-01 8.660138845443725586e-01 -9.999878406524658203e-01 2.463770098984241486e-03 -4.267354495823383331e-03
-5.023213103413581848e-03 -7.330433726310729980e-01 6.801633834838867188e-01 -9.999874234199523926e-01 3.682279726490378380e-03 -3.416649065911769867e-03
-5.039177369326353073e-03 -7.330433130264282227e-01 6.801633238792419434e-01 -9.999873042106628418e-01 3.693982027471065521e-03 -3.427507122978568077e-03
-4.940614569932222366e-03 -9.009559154510498047e-01 4.338826239109039307e-01 -9.999878406524658203e-01 4.451330285519361496e-03 -2.143672900274395943e-03
-2.109497319906949997e-03 -9.957319498062133789e-01 -9.226832538843154907e-02 -9.999977946281433105e-01 2.100498415529727936e-03 1.946402044268324971e-04
-2.109383232891559601e-03 -9.957319498062133789e-01 -9.226832538843154907e-02 -9.999977946281433105e-01 2.100385027006268501e-03 1.946296833921223879e-04
-2.733212430030107498e-03 -9.957304596900939941e-01 9.226818382740020752e-02 -9.999963045120239258e-01 2.721552969887852669e-03 -2.521894930396229029e-04
-2.712736139073967934e-03 -9.957305192947387695e-01 9.226819127798080444e-02 -9.999963641166687012e-01 2.701163990423083305e-03 -2.503001596778631210e-04
-2.808689605444669724e-03 -9.618219137191772461e-01 2.736619114875793457e-01 -9.999960660934448242e-01 2.701469697058200836e-03 -7.686343742534518242e-04
-2.801242051646113396e-03 -9.618219137191772461e-01 2.736619114875793457e-01 -9.999960660934448242e-01 2.694306429475545883e-03 -7.665962330065667629e-04
-2.942427759990096092e-03 -8.951611518859863281e-01 4.457330405712127686e-01 -9.999957084655761719e-01 2.633958589285612106e-03 -1.311543048359453678e-03
-2.929527778178453445e-03 -8.951612114906311035e-01 4.457330703735351562e-01 -9.999957084655761719e-01 2.622410887852311134e-03 -1.305792946368455887e-03
-3.093858016654849052e-03 -7.980116605758666992e-01 6.026340723037719727e-01 -9.999952316284179688e-01 2.468946622684597969e-03 -1.864473102614283562e-03
-3.026378341019153595e-03 -7.980118393898010254e-01 6.026341915130615234e-01 -9.999954104423522949e-01 2.415096852928400040e-03 -1.823807368054986000e-03
-3.111208090558648109e-03 -6.736940741539001465e-01 7.390037775039672852e-01 -9.999951720237731934e-01 2.096012700349092484e-03 -2.299205632880330086e-03
-3.108153119683265686e-03 -6.736940741539001465e-01 7.390037775039672852e-01 -9.999951720237731934e-01 2.093954477459192276e-03 -2.296948106959462166e-03
-3.071415470913052559e-03 -5.264288187026977539e-01 8.502137064933776855e-01 -9.999952912330627441e-01 1.616889261640608311e-03 -2.611371688544750214e-03
-3.103024791926145554e-03 -5.264287590980529785e-01 8.502135872840881348e-01 -9.999951720237731934e-01 1.633529434911906719e-03 -2.638246631249785423e-03
-3.047887003049254417e-03 -3.612399995326995850e-01 9.324679374694824219e-01 -9.999953508377075195e-01 1.101023633964359760e-03 -2.842069836333394051e-03
-3.148969030007719994e-03 -3.612398505210876465e-01 9.324676394462585449e-01 -9.999950528144836426e-01 1.137538696639239788e-03 -2.936326200142502785e-03
-3.220792859792709351e-03 -1.837502568960189819e-01 9.829677343368530273e-01 -9.999948143959045410e-01 5.918244714848697186e-04 -3.165951464325189590e-03
-3.310029394924640656e-03 -1.837501823902130127e-01 9.829674363136291504e-01 -9.999945163726806641e-01 6.082218606024980545e-04 -3.253668779507279396e-03
-3.253912087529897690e-03 0.000000000000000000e+00 9.999946951866149902e-01 -9.999946951866149902e-01 0.000000000000000000e+00 -3.253912087529897690e-03
-3.337218193337321281e-03 0.000000000000000000e+00 9.999944567680358887e-01 -9.999944567680358887e-01 0.000000000000000000e+00 -3.337218193337321281e-03
-3.249224973842501640e-03 1.837502270936965942e-01 9.829676151275634766e-01 -9.999947547912597656e-01 -5.970490165054798126e-04 -3.193899989128112793e-03
-3.326569218188524246e-03 1.837501823902130127e-01 9.829673767089843750e-01 -9.999945163726806641e-01 -6.112611154094338417e-04 -3.269927343353629112e-03
-3.375442931428551674e-03 3.612396121025085449e-01 9.324669241905212402e-01 -9.999943375587463379e-01 -1.219350611791014671e-03 -3.147506853565573692e-03
-3.372074570506811142e-03 3.612395823001861572e-01 9.324669241905212402e-01 -9.999943375587463379e-01 -1.218133722431957722e-03 -3.144365968182682991e-03
-3.440353786572813988e-03 5.264281630516052246e-01 8.502125740051269531e-01 -9.999940991401672363e-01 -1.811110181733965874e-03 -2.925049979239702225e-03
-3.457395592704415321e-03 5.264281630516052246e-01 8.502126336097717285e-01 -9.999940395355224609e-01 -1.820081379264593124e-03 -2.939539030194282532e-03
-3.455521538853645325e-03 6.736933588981628418e-01 7.390029430389404297e-01 -9.999940395355224609e-01 -2.327975817024707794e-03 -2.553655765950679779e-03
-3.499268321320414543e-03 6.736932396888732910e-01 7.390028238296508789e-01 -9.999939203262329102e-01 -2.357447985559701920e-03 -2.585985232144594193e-03
-3.422025358304381371e-03 7.980133295059204102e-01 6.026301383972167969e-01 -9.999941587448120117e-01 -2.730837790295481682e-03 -2.062227576971054077e-03
-3.427389776334166527e-03 7.980132699012756348e-01 6.026300787925720215e-01 -9.999940991401672363e-01 -2.735118614509701729e-03 -2.065460430458188057e-03
-3.288518870249390602e-03 8.951560258865356445e-01 4.457408189773559570e-01 -9.999946355819702148e-01 -2.943753497675061226e-03 -1.465835142880678177e-03
-3.368379082530736923e-03 8.951557874679565430e-01 4.457406997680664062e-01 -9.999943375587463379e-01 -3.015241120010614395e-03 -1.501432154327630997e-03
-3.337978152558207512e-03 9.618203639984130859e-01 2.736614644527435303e-01 -9.999944567680358887e-01 -3.210552968084812164e-03 -9.134810534305870533e-04
-3.383992007002234459e-03 9.618201851844787598e-01 2.736614048480987549e-01 -9.999942779541015625e-01 -3.254810348153114319e-03 -9.260733495466411114e-04
-3.283928381279110909e-03 9.957287907600402832e-01 9.226803481578826904e-02 -9.999946355819702148e-01 -3.269919659942388535e-03 -3.030032385140657425e-04
-3.295750124379992485e-03 9.957287907600402832e-01 9.226803481578826904e-02 -9.999945759773254395e-01 -3.281690645962953568e-03 -3.040939918719232082e-04
-3.233177121728658676e-03 9.957289695739746094e-01 -9.226804971694946289e-02 -9.999948143959045410e-01 -3.219384932890534401e-03 2.983204904012382030e-04
-3.238639095798134804e-03 9.957289695739746094e-01 -9.226804971694946289e-02 -9.999948143959045410e-01 -3.224823623895645142e-03 2.988244523294270039e-04
-3.113774815574288368e-03 9.618210196495056152e-01 -2.736616730690002441e-01 -9.999951720237731934e-01 -2.994908485561609268e-03 8.521248819306492805e-04
-3.106995020061731339e-03 9.618210196495056152e-01 -2.736616730690002441e-01 -9.999951720237731934e-01 -2.988387597724795341e-03 8.502695127390325069e-04
-2.697334624826908112e-03 8.951576352119445801e-01 -4.457416534423828125e-01 -9.999963641166687012e-01 -2.414548071101307869e-03 1.202318584546446800e-03
-2.604220062494277954e-03 8.951578736305236816e-01 -4.457417428493499756e-01 -9.999966025352478027e-01 -2.331195631995797157e-03 1.160813379101455212e-03
-2.383219543844461441e-03 7.980157136917114258e-01 -6.026319265365600586e-01 -9.999971389770507812e-01 -1.901852083392441273e-03 1.436208258382976055e-03
-2.304697176441550255e-03 7.980158925056457520e-01 -6.026321053504943848e-01 -9.999973773956298828e-01 -1.839189673773944378e-03 1.388888107612729073e-03
-2.121374942362308502e-03 6.736971735954284668e-01 -7.390044331550598145e-01 -9.999977946281433105e-01 -1.429167692549526691e-03 1.567709143273532391e-03
-1.975422026589512825e-03 6.736974120140075684e-01 -7.390046715736389160e-01 -9.999980330467224121e-01 -1.330839353613555431e-03 1.459848950617015362e-03
-1.982961082831025124e-03 5.264303088188171387e-01 -8.502160310745239258e-01 -9.999980330467224121e-01 -1.043892814777791500e-03 1.685948576778173447e-03
-1.857734168879687786e-03 5.264304280281066895e-01 -8.502162098884582520e-01 -9.999982714653015137e-01 -9.779694955796003342e-04 1.579478499479591846e-03
-1.846488681621849537e-03 3.612387776374816895e-01 -9.324715137481689453e-01 -9.999983310699462891e-01 -6.670245202258229256e-04 1.721801236271858215e-03
-1.766451168805360794e-03 3.612388372421264648e-01 -9.324716925621032715e-01 -9.999984502792358398e-01 -6.381117855198681355e-04 1.647168188355863094e-03
-1.901687472127377987e-03 1.837508678436279297e-01 -9.829710721969604492e-01 -9.999982118606567383e-01 -3.494373522698879242e-04 1.869307016022503376e-03
-1.840205513872206211e-03 1.837508827447891235e-01 -9.829711318016052246e-01 -9.999983310699462891e-01 -3.381399728823453188e-04 1.808871980756521225e-03
-2.021251479163765907e-03 0.000000000000000000e+00 -9.999979734420776367e-01 -9.999979734420776367e-01 0.000000000000000000e+00 2.021251479163765907e-03
-1.968354219570755959e-03 0.000000000000000000e+00 -9.999980926513671875e-01 -9.999980926513671875e-01 0.000000000000000000e+00 1.968354219570755959e-03
-2.025600755587220192e-03 -1.837508231401443481e-01 -9.829708337783813477e-01 -9.999979734420776367e-01 3.722065594047307968e-04 1.991110388189554214e-03
-1.916743814945220947e-03 -1.837508529424667358e-01 -9.829710125923156738e-01 -9.999981522560119629e-01 3.522039623931050301e-04 1.884107012301683426e-03
-1.882104785181581974e-03 -3.612387478351593018e-01 -9.324714541435241699e-01 -9.999982118606567383e-01 6.798903923481702805e-04 1.755012082867324352e-03
-1.793370232917368412e-03 -3.612388074398040771e-01 -9.324716329574584961e-01 -9.999983906745910645e-01 6.478360155597329140e-04 1.672269543632864952e-03
-1.847388455644249916e-03 -5.264304280281066895e-01 -8.502162098884582520e-01 -9.999983310699462891e-01 9.725231793709099293e-04 1.570682507008314133e-03
-1.789045170880854130e-03 -5.264304876327514648e-01 -8.502163290977478027e-01 -9.999983906745910645e-01 9.418094414286315441e-04 1.521077821962535381e-03
-1.959627261385321617e-03 -6.736974716186523438e-01 -7.390047311782836914e-01 -9.999980926513671875e-01 1.320198178291320801e-03 1.448176335543394089e-03
-1.901317271403968334e-03 -6.736975312232971191e-01 -7.390047907829284668e-01 -9.999982118606567383e-01 1.280914992094039917e-03 1.405085087753832340e-03
-1.968696713447570801e-03 -7.980139851570129395e-01 -6.026358008384704590e-01 -9.999980926513671875e-01 1.571050379425287247e-03 1.186409383080899715e-03
-1.934400526806712151e-03 -7.980139851570129395e-01 -6.026358008384704590e-01 -9.999981522560119629e-01 1.543681602925062180e-03 1.165741239674389362e-03
-2.017505699768662453e-03 -8.951632380485534668e-01 -4.457340836524963379e-01 -9.999979734420776367e-01 1.806000596843659878e-03 8.992728544399142265e-04
-1.969901844859123230e-03 -8.951632380485534668e-01 -4.457341134548187256e-01 -9.999980926513671875e-01 1.763387350365519524e-03 8.780542411841452122e-04
-2.120126504451036453e-03 -9.618235230445861816e-01 -2.736623883247375488e-01 -9.999977350234985352e-01 2.039191778749227524e-03 5.802001105621457100e-04
-2.132550114765763283e-03 -9.618234634399414062e-01 -2.736623585224151611e-01 -9.999977350234985352e-01 2.051141345873475075e-03 5.836000200361013412e-04
0.000000000000000000e+00 1.302167540416121483e-03 9.999991655349731445e-01 0.000000000000000000e+00 9.999991655349731445e-01 -1.302167540416121483e-03
0.000000000000000000e+00 1.302800257690250874e-03 9.999991655349731445e-01 0.000000000000000000e+00 9.999991655349731445e-01 -1.302800257690250874e-03
0.000000000000000000e+00 1.298178918659687042e-03 9.999991655349731445e-01 0.000000000000000000e+00 9.999991655349731445e-01 -1.298178918659687042e-03
0.000000000000000000e+00 1.305035664699971676e-03 9.999991655349731445e-01 0.000000000000000000e+00 9.999991655349731445e-01 -1.305035664699971676e-03
0.000000000000000000e+00 1.301974523812532425e-03 9.999991655349731445e-01 0.000000000000000000e+00 9.999991655349731445e-01 -1.301974523812532425e-03
0.000000000000000000e+00 1.308313338086009026e-03 9.999991655349731445e-01 0.000000000000000000e+00 9.999991655349731445e-01 -1.308313338086009026e-03
0.000000000000000000e+00 1.328831422142684460e-03 9.999991059303283691e-01 0.000000000000000000e+00 9.999991059303283691e-01 -1.328831422142684460e-03
0.000000000000000000e+00 1.347754150629043579e-03 9.999991059303283691e-01 0.000000000000000000e+00 9.999991059303283691e-01 -1.347754150629043579e-03
0.000000000000000000e+00 1.357097877189517021e-03 9.999991059303283691e-01 0.000000000000000000e+00 9.999991059303283691e-01 -1.357097877189517021e-03
0.000000000000000000e+00 1.341042458079755306e-03 9.999991059303283691e-01 0.000000000000000000e+00 9.999991059303283691e-01 -1.341042458079755306e-03
0.000000000000000000e+00 1.315542380325496197e-03 9.999991655349731445e-01 0.000000000000000000e+00 9.999991655349731445e-01 -1.315542380325496197e-03
0.000000000000000000e+00 1.296176225878298283e-03 9.999991655349731445e-01 0.000000000000000000e+00 9.999991655349731445e-01 -1.296176225878298283e-03
0.000000000000000000e+00 1.311315223574638367e-03 9.999991655349731445e-01 0.000000000000000000e+00 9.999991655349731445e-01 -1.311315223574638367e-03
0.000000000000000000e+00 1.321939751505851746e-03 9.999991655349731445e-01 0.000000000000000000e+00 9.999991655349731445e-01 -1.321939751505851746e-03
0.000000000000000000e+00 1.329426886513829231e-03 9.999991059303283691e-01 -0.000000000000000000e+00 9.999991059303283691e-01 -1.329426886513829231e-03
0.000000000000000000e+00 1.343334792181849480e-03 9.999991059303283691e-01 0.000000000000000000e+00 9.999991059303283691e-01 -1.343334792181849480e-03
0.000000000000000000e+00 1.357250032015144825e-03 9.999991059303283691e-01 -0.000000000000000000e+00 9.999991059303283691e-01 -1.357250032015144825e-03
0.000000000000000000e+00 1.376845757476985455e-03 9.999990463256835938e-01 0.000000000000000000e+00 9.999990463256835938e-01 -1.376845757476985455e-03
0.000000000000000000e+00 1.397352200001478195e-03 9.999990463256835938e-01 -0.000000000000000000e+00 9.999990463256835938e-01 -1.397352200001478195e-03
0.000000000000000000e+00 1.413341960869729519e-03 9.999989867210388184e-01 0.000000000000000000e+00 9.999989867210388184e-01 -1.413341960869729519e-03
0.000000000000000000e+00 1.418671337887644768e-03 9.999989867210388184e-01 -0.000000000000000000e+00 9.999989867210388184e-01 -1.418671337887644768e-03
0.000000000000000000e+00 1.408803276717662811e-03 9.999990463256835938e-01 0.000000000000000000e+00 9.999990463256835938e-01 -1.408803276717662811e-03
0.000000000000000000e+00 1.365344389341771603e-03 9.999991059303283691e-01 -0.000000000000000000e+00 9.999991059303283691e-01 -1.365344389341771603e-03
0.000000000000000000e+00 1.366480370052158833e-03 9.999991059303283691e-01 -0.000000000000000000e+00 9.999991059303283691e-01 -1.366480370052158833e-03
0.000000000000000000e+00 1.357323839329183102e-03 9.999991059303283691e-01 -0.000000000000000000e+00 9.999991059303283691e-01 -1.357323839329183102e-03
0.000000000000000000e+00 1.359529327601194382e-03 9.999991059303283691e-01 -0.000000000000000000e+00 9.999991059303283691e-01 -1.359529327601194382e-03
0.000000000000000000e+00 1.361958449706435204e-03 9.999991059303283691e-01 -0.000000000000000000e+00 9.999991059303283691e-01 -1.361958449706435204e-03
0.000000000000000000e+00 1.358053879812359810e-03 9.999991059303283691e-01 -0.000000000000000000e+00 9.999991059303283691e-01 -1.358053879812359810e-03
0.000000000000000000e+00 1.371163758449256420e-03 9.999990463256835938e-01 -0.000000000000000000e+00 9.999990463256835938e-01 -1.371163758449256420e-03
0.000000000000000000e+00 1.365977106615900993e-03 9.999991059303283691e-01 0.000000000000000000e+00 9.999991059303283691e-01 -1.365977106615900993e-03
0.000000000000000000e+00 1.370961195789277554e-03 9.999990463256835938e-01 -0.000000000000000000e+00 9.999990463256835938e-01 -1.370961195789277554e-03
0.000000000000000000e+00 1.380621572025120258e-03 9.999990463256835938e-01 0.000000000000000000e+00 9.999990463256835938e-01 -1.380621572025120258e-03
0.000000000000000000e+00 1.379220862872898579e-03 9.999990463256835938e-01 -0.000000000000000000e+00 9.999990463256835938e-01 -1.379220862872898579e-03
0.000000000000000000e+00 1.379243447445333004e-03 9.999990463256835938e-01 0.000000000000000000e+00 9.999990463256835938e-01 -1.379243447445333004e-03
0.000000000000000000e+00 1.384844304993748665e-03 9.999990463256835938e-01 -0.000000000000000000e+00 9.999990463256835938e-01 -1.384844304993748665e-03
0.000000000000000000e+00 1.386057818308472633e-03 9.999990463256835938e-01 0.000000000000000000e+00 9.999990463256835938e-01 -1.386057818308472633e-03
0.000000000000000000e+00 1.396213308908045292e-03 9.999990463256835938e-01 -0.000000000000000000e+00 9.999990463256835938e-01 -1.396213308908045292e-03
0.000000000000000000e+00 1.367560005746781826e-03 9.999991059303283691e-01 0.000000000000000000e+00 9.999991059303283691e-01 -1.367560005746781826e-03
0.000000000000000000e+00 1.360164955258369446e-03 9.999991059303283691e-01 -0.000000000000000000e+00 9.999991059303283691e-01 -1.360164955258369446e-03
0.000000000000000000e+00 1.345194177702069283e-03 9.999991059303283691e-01 0.000000000000000000e+00 9.999991059303283691e-01 -1.345194177702069283e-03
0.000000000000000000e+00 1.340196817182004452e-03 9.999991059303283691e-01 0.000000000000000000e+00 9.999991059303283691e-01 -1.340196817182004452e-03
0.000000000000000000e+00 1.342215691693127155e-03 9.999991059303283691e-01 0.000000000000000000e+00 9.999991059303283691e-01 -1.342215691693127155e-03
0.000000000000000000e+00 1.326936995610594749e-03 9.999991059303283691e-01 0.000000000000000000e+00 9.999991059303283691e-01 -1.326936995610594749e-03
0.000000000000000000e+00 1.335029839538037777e-03 9.999991059303283691e-01 0.000000000000000000e+00 9.999991059303283691e-01 -1.335029839538037777e-03
0.000000000000000000e+00 1.336522051133215427e-03 9.999991059303283691e-01 0.000000000000000000e+00 9.999991059303283691e-01 -1.336522051133215427e-03
0.000000000000000000e+00 1.327238278463482857e-03 9.999991059303283691e-01 0.000000000000000000e+00 9.999991059303283691e-01 -1.327238278463482857e-03
0.000000000000000000e+00 1.346598612144589424e-03 9.999991059303283691e-01 0.000000000000000000e+00 9.999991059303283691e-01 -1.346598612144589424e-03
0.000000000000000000e+00 1.343080308288335800e-03 9.999991059303283691e-01 0.000000000000000000e+00 9.999991059303283691e-01 -1.343080308288335800e-03
0.000000000000000000e+00 1.349006430245935917e-03 9.999991059303283691e-01 0.000000000000000000e+00 9.999991059303283691e-01 -1.349006430245935917e-03
0.000000000000000000e+00 1.325632212683558464e-03 9.999991655349731445e-01 0.000000000000000000e+00 9.999991655349731445e-01 -1.325632212683558464e-03
0.000000000000000000e+00 1.316123176366090775e-03 9.999991655349731445e-01 0.000000000000000000e+00 9.999991655349731445e-01 -1.316123176366090775e-03
0.000000000000000000e+00 1.312291715294122696e-03 9.999991655349731445e-01 0.000000000000000000e+00 9.999991655349731445e-01 -1.312291715294122696e-03
0.000000000000000000e+00 1.311639207415282726e-03 9.999991655349731445e-01 0.000000000000000000e+00 9.999991655349731445e-01 -1.311639207415282726e-03
0.000000000000000000e+00 1.304206205531954765e-03 9.999991655349731445e-01 0.000000000000000000e+00 9.999991655349731445e-01 -1.304206205531954765e-03
0.000000000000000000e+00 1.289170235395431519e-03 9.999991655349731445e-01 0.000000000000000000e+00 9.999991655349731445e-01 -1.289170235395431519e-03
0.000000000000000000e+00 1.269984175451099873e-03 9.999992251396179199e-01 0.000000000000000000e+00 9.999992251396179199e-01 -1.269984175451099873e-03
0.000000000000000000e+00 1.265567610971629620e-03 9.999992251396179199e-01 0.000000000000000000e+00 9.999992251396179199e-01 -1.265567610971629620e-03
0.000000000000000000e+00 1.255172071978449821e-03 9.999992251396179199e-01 0.000000000000000000e+00 9.999992251396179199e-01 -1.255172071978449821e-03
0.000000000000000000e+00 1.256577903404831886e-03 9.999992251396179199e-01 0.000000000000000000e+00 9.999992251396179199e-01 -1.256577903404831886e-03
0.000000000000000000e+00 1.250559464097023010e-03 9.999992251396179199e-01 0.000000000000000000e+00 9.999992251396179199e-01 -1.250559464097023010e-03
0.000000000000000000e+00 1.270855427719652653e-03 9.999992251396179199e-01 0.000000000000000000e+00 9.999992251396179199e-01 -1.270855427719652653e-03
0.000000000000000000e+00 1.270739128813147545e-03 9.999992251396179199e-01 0.000000000000000000e+00 9.999992251396179199e-01 -1.270739128813147545e-03
0.000000000000000000e+00 1.274381065741181374e-03 9.999992251396179199e-01 0.000000000000000000e+00 9.999992251396179199e-01 -1.274381065741181374e-03
0.000000000000000000e+00 1.271198387257754803e-03 9.999992251396179199e-01 0.000000000000000000e+00 9.999992251396179199e-01 -1.271198387257754803e-03
0.000000000000000000e+00 1.284280442632734776e-03 9.999991655349731445e-01 0.000000000000000000e+00 9.999991655349731445e-01 -1.284280442632734776e-03
0.000000000000000000e+00 2.156918635591864586e-03 -9.999976754188537598e-01 0.000000000000000000e+00 9.999976754188537598e-01 2.156918635591864586e-03
0.000000000000000000e+00 2.162239979952573776e-03 -9.999976754188537598e-01 0.000000000000000000e+00 9.999976754188537598e-01 2.162239979952573776e-03
0.000000000000000000e+00 2.159281168133020401e-03 -9.999976754188537598e-01 0.000000000000000000e+00 9.999976754188537598e-01 2.159281168133020401e-03
0.000000000000000000e+00 2.178152091801166534e-03 -9.999976158142089844e-01 0.000000000000000000e+00 9.999976158142089844e-01 2.178152091801166534e-03
0.000000000000000000e+00 2.179250121116638184e-03 -9.999976158142089844e-01 -0.000000000000000000e+00 9.999976158142089844e-01 2.179250121116638184e-03
0.000000000000000000e+00 2.197309862822294235e-03 -9.999976158142089844e-01 0.000000000000000000e+00 9.999976158142089844e-01 2.197309862822294235e-03
0.000000000000000000e+00 2.180898096412420273e-03 -9.999976158142089844e-01 -0.000000000000000000e+00 9.999976158142089844e-01 2.180898096412420273e-03
0.000000000000000000e+00 2.196145011112093925e-03 -9.999976158142089844e-01 0.000000000000000000e+00 9.999976158142089844e-01 2.196145011112093925e-03
0.000000000000000000e+00 2.190124476328492165e-03 -9.999976158142089844e-01 -0.000000000000000000e+00 9.999976158142089844e-01 2.190124476328492165e-03
0.000000000000000000e+00 2.208917867392301559e-03 -9.999975562095642090e-01 0.000000000000000000e+00 9.999975562095642090e-01 2.208917867392301559e-03
0.000000000000000000e+00 2.199828857555985451e-03 -9.999976158142089844e-01 -0.000000000000000000e+00 9.999976158142089844e-01 2.199828857555985451e-03
0.000000000000000000e+00 2.213148633018136024e-03 -9.999975562095642090e-01 0.000000000000000000e+00 9.999975562095642090e-01 2.213148633018136024e-03
0.000000000000000000e+00 2.203399082645773888e-03 -9.999976158142089844e-01 -0.000000000000000000e+00 9.999976158142089844e-01 2.203399082645773888e-03
0.000000000000000000e+00 2.207381650805473328e-03 -9.999975562095642090e-01 -0.000000000000000000e+00 9.999975562095642090e-01 2.207381650805473328e-03
0.000000000000000000e+00 2.203844022005796432e-03 -9.999976158142089844e-01 -0.000000000000000000e+00 9.999976158142089844e-01 2.203844022005796432e-03
0.000000000000000000e+00 2.219939371570944786e-03 -9.999975562095642090e-01 -0.000000000000000000e+00 9.999975562095642090e-01 2.219939371570944786e-03
0.000000000000000000e+00 2.209358150139451027e-03 -9.999975562095642090e-01 -0.000000000000000000e+00 9.999975562095642090e-01 2.209358150139451027e-03
0.000000000000000000e+00 2.221967792138457298e-03 -9.999975562095642090e-01 -0.000000000000000000e+00 9.999975562095642090e-01 2.221967792138457298e-03
0.000000000000000000e+00 2.209219848737120628e-03 -9.999975562095642090e-01 -0.000000000000000000e+00 9.999975562095642090e-01 2.209219848737120628e-03
0.000000000000000000e+00 2.195220440626144409e-03 -9.999976158142089844e-01 -0.000000000000000000e+00 9.999976158142089844e-01 2.195220440626144409e-03
0.000000000000000000e+00 2.186299068853259087e-03 -9.999976158142089844e-01 -0.000000000000000000e+00 9.999976158142089844e-01 2.186299068853259087e-03
0.000000000000000000e+00 2.186245750635862350e-03 -9.999976158142089844e-01 -0.000000000000000000e+00 9.999976158142089844e-01 2.186245750635862350e-03
0.000000000000000000e+00 2.178462222218513489e-03 -9.999976158142089844e-01 -0.000000000000000000e+00 9.999976158142089844e-01 2.178462222218513489e-03
0.000000000000000000e+00 2.178753493353724480e-03 -9.999976158142089844e-01 -0.000000000000000000e+00 9.999976158142089844e-01 2.178753493353724480e-03
0.000000000000000000e+00 2.169759478420019150e-03 -9.999976754188537598e-01 -0.000000000000000000e+00 9.999976754188537598e-01 2.169759478420019150e-03
0.000000000000000000e+00 2.164992503821849823e-03 -9.999976754188537598e-01 -0.000000000000000000e+00 9.999976754188537598e-01 2.164992503821849823e-03
0.000000000000000000e+00 2.152336761355400085e-03 -9.999976754188537598e-01 -0.000000000000000000e+00 9.999976754188537598e-01 2.152336761355400085e-03
0.000000000000000000e+00 2.143180696293711662e-03 -9.999977350234985352e-01 -0.000000000000000000e+00 9.999977350234985352e-01 2.143180696293711662e-03
0.000000000000000000e+00 2.136063296347856522e-03 -9.999977350234985352e-01 -0.000000000000000000e+00 9.999977350234985352e-01 2.136063296347856522e-03
0.000000000000000000e+00 2.123163314536213875e-03 -9.999977350234985352e-01 0.000000000000000000e+00 9.999977350234985352e-01 2.123163314536213875e-03
0.000000000000000000e+00 2.120133722200989723e-03 -9.999977946281433105e-01 -0.000000000000000000e+00 9.999977946281433105e-01 2.120133722200989723e-03
0.000000000000000000e+00 2.103078179061412811e-03 -9.999977946281433105e-01 0.000000000000000000e+00 9.999977946281433105e-01 2.103078179061412811e-03
0.000000000000000000e+00 2.095659030601382256e-03 -9.999977946281433105e-01 -0.000000000000000000e+00 9.999977946281433105e-01 2.095659030601382256e-03
0.000000000000000000e+00 2.093278802931308746e-03 -9.999977946281433105e-01 0.000000000000000000e+00 9.999977946281433105e-01 2.093278802931308746e-03
0.000000000000000000e+00 2.092837123200297356e-03 -9.999978542327880859e-01 -0.000000000000000000e+00 9.999978542327880859e-01 2.092837123200297356e-03
0.000000000000000000e+00 2.091274829581379890e-03 -9.999978542327880859e-01 0.000000000000000000e+00 9.999978542327880859e-01 2.091274829581379890e-03
0.000000000000000000e+00 2.087469678372144699e-03 -9.999978542327880859e-01 -0.000000000000000000e+00 9.999978542327880859e-01 2.087469678372144699e-03
0.000000000000000000e+00 2.096416661515831947e-03 -9.999977946281433105e-01 0.000000000000000000e+00 9.999977946281433105e-01 2.096416661515831947e-03
0.000000000000000000e+00 2.076408592984080315e-03 -9.999978542327880859e-01 -0.000000000000000000e+00 9.999978542327880859e-01 2.076408592984080315e-03
0.000000000000000000e+00 2.081939950585365295e-03 -9.999978542327880859e-01 0.000000000000000000e+00 9.999978542327880859e-01 2.081939950585365295e-03
0.000000000000000000e+00 2.079837722703814507e-03 -9.999978542327880859e-01 0.000000000000000000e+00 9.999978542327880859e-01 2.079837722703814507e-03
0.000000000000000000e+00 2.078722231090068817e-03 -9.999978542327880859e-01 0.000000000000000000e+00 9.999978542327880859e-01 2.078722231090068817e-03
0.000000000000000000e+00 2.061723265796899796e-03 -9.999979138374328613e-01 0.000000000000000000e+00 9.999979138374328613e-01 2.061723265796899796e-03
0.000000000000000000e+00 2.056895522400736809e-03 -9.999979138374328613e-01 0.000000000000000000e+00 9.999979138374328613e-01 2.056895522400736809e-03
0.000000000000000000e+00 2.050751121714711189e-03 -9.999979138374328613e-01 0.000000000000000000e+00 9.999979138374328613e-01 2.050751121714711189e-03
0.000000000000000000e+00 2.049659145995974541e-03 -9.999979138374328613e-01 0.000000000000000000e+00 9.999979138374328613e-01 2.049659145995974541e-03
0.000000000000000000e+00 2.065558219328522682e-03 -9.999978542327880859e-01 0.000000000000000000e+00 9.999978542327880859e-01 2.065558219328522682e-03
0.000000000000000000e+00 2.052387455478310585e-03 -9.999979138374328613e-01 0.000000000000000000e+00 9.999979138374328613e-01 2.052387455478310585e-03
0.000000000000000000e+00 2.055059419944882393e-03 -9.999979138374328613e-01 0.000000000000000000e+00 9.999979138374328613e-01 2.055059419944882393e-03
0.000000000000000000e+00 2.057878766208887100e-03 -9.999979138374328613e-01 0.000000000000000000e+00 9.999979138374328613e-01 2.057878766208887100e-03
0.000000000000000000e+00 2.062578452751040459e-03 -9.999979138374328613e-01 0.000000000000000000e+00 9.999979138374328613e-01 2.062578452751040459e-03
0.000000000000000000e+00 2.067144727334380150e-03 -9.999978542327880859e-01 0.000000000000000000e+00 9.999978542327880859e-01 2.067144727334380150e-03
0.000000000000000000e+00 2.071322873234748840e-03 -9.999978542327880859e-01 0.000000000000000000e+00 9.999978542327880859e-01 2.071322873234748840e-03
0.000000000000000000e+00 2.072789473459124565e-03 -9.999978542327880859e-01 0.000000000000000000e+00 9.999978542327880859e-01 2.072789473459124565e-03
0.000000000000000000e+00 2.079089405015110970e-03 -9.999978542327880859e-01 0.000000000000000000e+00 9.999978542327880859e-01 2.079089405015110970e-03
0.000000000000000000e+00 2.077705459669232368e-03 -9.999978542327880859e-01 0.000000000000000000e+00 9.999978542327880859e-01 2.077705459669232368e-03
0.000000000000000000e+00 2.082299906760454178e-03 -9.999978542327880859e-01 0.000000000000000000e+00 9.999978542327880859e-01 2.082299906760454178e-03
0.000000000000000000e+00 2.082079648971557617e-03 -9.999978542327880859e-01 0.000000000000000000e+00 9.999978542327880859e-01 2.082079648971557617e-03
0.000000000000000000e+00 2.087765373289585114e-03 -9.999978542327880859e-01 0.000000000000000000e+00 9.999978542327880859e-01 2.087765373289585114e-03
0.000000000000000000e+00 2.098029479384422302e-03 -9.999977946281433105e-01 0.000000000000000000e+00 9.999977946281433105e-01 2.098029479384422302e-03
0.000000000000000000e+00 2.101659774780273438e-03 -9.999977946281433105e-01 0.000000000000000000e+00 9.999977946281433105e-01 2.101659774780273438e-03
0.000000000000000000e+00 2.116166986525058746e-03 -9.999977946281433105e-01 0.000000000000000000e+00 9.999977946281433105e-01 2.116166986525058746e-03
0.000000000000000000e+00 2.114769304171204567e-03 -9.999977946281433105e-01 0.000000000000000000e+00 9.999977946281433105e-01 2.114769304171204567e-03
0.000000000000000000e+00 2.122880890965461731e-03 -9.999977350234985352e-01 0.000000000000000000e+00 9.999977350234985352e-01 2.122880890965461731e-03
0.000000000000000000e+00 2.139988355338573456e-03 -9.999977350234985352e-01 0.000000000000000000e+00 9.999977350234985352e-01 2.139988355338573456e-03
