Root          : /root/SemanPartMesh
Input         : /root/shared-nvme/dataset/8d46740c472f9d36b7a04b65023ffc59.obj
Output        : /root/SemanPartMesh/compare_8d46740c472f9d36b7a04b65023ffc59_ns3000_50k_chunkmerge_20260508_192054/pipeline
Python        : /root/.conda/envs/neurcross/bin/python
Guidance mode : feature
Max faces     : 0
Gradient size : 80
Extract timeout: 3600 (set via passthrough args if needed)
Target ratio  : 1.7
CC max iters  : 3

Running:
  /root/.conda/envs/neurcross/bin/python  /root/SemanPartMesh/run_pipeline.py  --input_mesh  /root/shared-nvme/dataset/8d46740c472f9d36b7a04b65023ffc59.obj  --output_dir  /root/SemanPartMesh/compare_8d46740c472f9d36b7a04b65023ffc59_ns3000_50k_chunkmerge_20260508_192054/pipeline  --guidance_mode  feature  --max_faces  0  --gradient_size  80  --extract_timeout  3600  --target_quad_ratio  1.7  --max_catmull_clark_iters  3  --no_timestamp  --sweep_values  8  12  16  24  30  40  60  --keep_sweep_outputs  --gpu_id  0  --n_samples  3000  --n_points  5000  --num_epochs  1  --lr  5e-5  --min_quads  45000  --budget_tolerance_ratio  0.1  --sweep_values  40  60  80  100  120  --keep_extract_intermediates
/root/.conda/envs/partfield/lib/python3.10/site-packages/lightning/fabric/__init__.py:40: pkg_resources is deprecated as an API. See https://setuptools.pypa.io/en/latest/pkg_resources.html. The pkg_resources package is slated for removal as early as 2025-11-30. Refrain from using this package or pin to Setuptools<81.
Seed set to 0
Using 16bit Automatic Mixed Precision (AMP)
/root/.conda/envs/partfield/lib/python3.10/site-packages/lightning/pytorch/plugins/precision/amp.py:55: `torch.cuda.amp.GradScaler(args...)` is deprecated. Please use `torch.amp.GradScaler('cuda', args...)` instead.
GPU available: True (cuda), used: True
TPU available: False, using: 0 TPU cores
IPU available: False, using: 0 IPUs
HPU available: False, using: 0 HPUs
/root/.conda/envs/partfield/lib/python3.10/site-packages/lightning/pytorch/trainer/connectors/logger_connector/logger_connector.py:75: Starting from v1.9.0, `tensorboardX` has been removed as a dependency of the `lightning.pytorch` package, due to potential conflicts with other packages in the ML ecosystem. For this reason, `logger=True` will use `CSVLogger` as the default logger, unless the `tensorboard` or `tensorboardX` packages are found. Please `pip install lightning[extra]` or one of them to enable TensorBoard support by default
You are using a CUDA device ('NVIDIA GeForce RTX 4090') that has Tensor Cores. To properly utilize them, you should set `torch.set_float32_matmul_precision('medium' | 'high')` which will trade-off precision for performance. For more details, read https://pytorch.org/docs/stable/generated/torch.set_float32_matmul_precision.html#torch.set_float32_matmul_precision
[rank: 0] Seed set to 0
Initializing distributed: GLOBAL_RANK: 0, MEMBER: 1/1
----------------------------------------------------------------------------------------------------
distributed_backend=nccl
All distributed processes registered. Starting with 1 processes
----------------------------------------------------------------------------------------------------

Restoring states from the checkpoint path at /root/SemanPartMesh/PartField/model/model_objaverse.ckpt
/root/.conda/envs/partfield/lib/python3.10/site-packages/lightning/fabric/utilities/cloud_io.py:56: You are using `torch.load` with `weights_only=False` (the current default value), which uses the default pickle module implicitly. It is possible to construct malicious pickle data which will execute arbitrary code during unpickling (See https://github.com/pytorch/pytorch/blob/main/SECURITY.md#untrusted-models for more details). In a future release, the default value for `weights_only` will be flipped to `True`. This limits the functions that could be executed during unpickling. Arbitrary objects will no longer be allowed to be loaded via this mode unless they are explicitly allowlisted by the user via `torch.serialization.add_safe_globals`. We recommend you start setting `weights_only=True` for any use case where you don't have full control of the loaded file. Please open an issue on GitHub for any issues related to this experimental feature.
LOCAL_RANK: 0 - CUDA_VISIBLE_DEVICES: [0]
Loaded model weights from the checkpoint at /root/SemanPartMesh/PartField/model/model_objaverse.ckpt
val dataset len: 1
Predicting: |          | 0/? [00:00<?, ?it/s]Predicting:   0%|          | 0/1 [00:00<?, ?it/s]Predicting DataLoader 0:   0%|          | 0/1 [00:00<?, ?it/s]/root/shared-nvme/SemanPartMesh/PartField/partfield/model/PVCNN/pv_module/voxelization.py:17: UserWarning: The reduce argument of torch.scatter with Tensor src is deprecated and will be removed in a future PyTorch release. Use torch.scatter_reduce instead for more reduction options. (Triggered internally at ../aten/src/ATen/native/TensorAdvancedIndexing.cpp:231.)
  out_feature = result.scatter_(index=indices.long(), src=features, dim=2, reduce='add')
/root/.conda/envs/partfield/lib/python3.10/site-packages/lightning/pytorch/loops/prediction_loop.py:255: predict returned None if it was on purpose, ignore this warning...
Time elapsed for feature prediction: 2.579637289047241
Exported part_feat_8d46740c472f9d36b7a04b65023ffc59_0.npy
Time elapsed: 4.008070707321167
Predicting DataLoader 0: 100%|██████████| 1/1 [00:04<00:00,  0.25it/s]Predicting DataLoader 0: 100%|██████████| 1/1 [00:04<00:00,  0.25it/s]before preprocessing...
(14657, 3)
(29314, 3)


[rank0]:[W508 19:22:25.643246201 ProcessGroupNCCL.cpp:1168] Warning: WARNING: process group has NOT been destroyed before we destruct ProcessGroupNCCL. On normal program exit, the application should call destroy_process_group to ensure that any pending NCCL operations have finished in this process. In rare cases this process can exit before this point and block the progress of another member of the process group. This constraint has always been present,  but this warning has only been added since PyTorch 2.4 (function operator())
input params: 
Namespace(alignment_margin=0.0, batch_size=1, data_path='/root/shared-nvme/dataset/8d46740c472f9d36b7a04b65023ffc59.obj', decay_params=[3, 0.2, 3, 0.4, 0.001, 0], decoder_hidden_dim=256, decoder_n_hidden_layers=4, featureLine_threshold=1.0, grad_clip_norm=10.0, grid_res=256, guidance_cap_ratio=0.5, guidance_eikonal_guard=0.0, guidance_mode='feature', guidance_warmup_fraction=0.15, guidance_warmup_type='linear', init_type='siren', instruction_anchor_weight=0.3, instruction_boundary_weight=1.5, instruction_cross_instance_gamma=0.4, instruction_intra_weight=1.0, instruction_meta_path=None, instruction_operation_align_weight=1.0, intra_hard_ratio=0.0, intra_temperature=1.0, latent_size=0, load_path=None, logdir='/root/SemanPartMesh/compare_8d46740c472f9d36b7a04b65023ffc59_ns3000_50k_chunkmerge_20260508_192054/pipeline/neurcross_logs', loss_type='siren_wo_n_w_morse_w_theta', loss_weights=[7000.0, 600.0, 10.0, 50.0, 30.0, 3.0, 8000.0], lr=5e-05, model_name='model', morse_decay='linear', morse_near=True, morse_type='l1', n_points=5000, n_samples=3000, nl='sine', nonmnfld_sample_type='gaussian', num_epochs=1, num_workers=0, output_any=False, part_feat_path='/root/SemanPartMesh/PartField/exp_results/pipeline_partfield_features/part_feat_8d46740c472f9d36b7a04b65023ffc59_0_batch.npy', relax_morse=0.5, seed=3627473, semantic_boundary_reward=0.0, semantic_boundary_weight=2.0, semantic_cross_part_gamma=0.2, semantic_distance_sigma=0.0, semantic_diversity_margin=0.3, semantic_diversity_weight=0.5, semantic_gradient_method='jacobian', semantic_intra_weight=1.0, semantic_neighbor_weight=1.0, semantic_normalize_features=1, semantic_pca_dim=0, semantic_soft_boundary_chunk_size=1024, semantic_soft_boundary_temp=0.1, semantic_spatial_cluster_weight=0.0, sphere_init_params=[1.6, 0.1], udf=False, use_morse_nonmnfld_grad=True, use_vertices=False, weight_for_morse=False)
decoder initialising with sine and siren
==========================================================================================
Layer (type:depth-idx)                   Output Shape              Param #
==========================================================================================
Decoder                                  [1, 1024, 1]              --
├─FCBlock: 1-1                           [1, 1024, 1]              --
│    └─Sequential: 2-1                   --                        --
│    │    └─Sequential: 3-1              [1, 1024, 256]            1,024
│    │    └─Sequential: 3-8              --                        (recursive)
│    │    └─Sequential: 3-3              [1, 1024, 256]            65,792
│    │    └─Sequential: 3-8              --                        (recursive)
│    │    └─Sequential: 3-5              [1, 1024, 256]            65,792
│    │    └─Sequential: 3-8              --                        (recursive)
│    │    └─Sequential: 3-7              [1, 1024, 256]            65,792
│    │    └─Sequential: 3-8              --                        (recursive)
│    │    └─Sequential: 3-9              [1, 1024, 256]            65,792
│    │    └─Sequential: 3-10             [1, 1024, 1]              257
├─Identity: 1-2                          [1, 1024, 1]              --
==========================================================================================
Total params: 264,449
Trainable params: 264,449
Non-trainable params: 0
Total mult-adds (M): 0.26
==========================================================================================
Input size (MB): 0.01
Forward/backward pass size (MB): 10.49
Params size (MB): 1.06
Estimated Total Size (MB): 11.56
==========================================================================================
Number of parameters in the current model:4374082
n_iterations:  3000
Semantic label clustering skipped: cannot import name 'cluster_features_spatial' from 'eval.label_utils' (/root/shared-nvme/SemanPartMesh/eval/label_utils.py)
  Semantic gradient: method=jacobian, normalize=True, pca_dim=None, distance_sigma=None
Guidance mode: feature
Weights: [7000.0, 600.0, 10.0, 50.0, 30.0, 3.0, 8000.0], lr=5.000e-05
Epoch: 0 [   0/3000 (0%)] Loss: 913.51685 = L_Mnfld: 638.25586 + L_NonMnfld: 0.69484 + L_Eknl: 34.52869 + L_Morse: 3.54102 + L_thetaHessian: 14.43095 + L_thetaNeighbor: 1.02174 + L_Guidance: 221.04380
Epoch: 0 [   0/3000 (0%)] Unweighted L_s : L_Mnfld: 0.09118 + L_NonMnfld: 0.00116 + L_Eknl: 0.69057 + L_Morse: 1.18034 + L_thetaHessian: 1.44310 + L_thetaNeighbor: 0.03406 + L_Guidance: 0.02763
Feature guidance terms: boundary=0.01382, intra=0.00000, neighbor=0.00000, diversity=0.00000

Weights: [7000.0, 600.0, 10.0, 50.0, 30.0, 3.0, 160.0], lr=5.000e-05
Epoch: 0 [  10/3000 (0%)] Loss: 309.27817 = L_Mnfld: 87.30716 + L_NonMnfld: 163.28580 + L_Eknl: 36.48272 + L_Morse: 3.32608 + L_thetaHessian: 13.57186 + L_thetaNeighbor: 0.94313 + L_Guidance: 4.36141
Epoch: 0 [  10/3000 (0%)] Unweighted L_s : L_Mnfld: 0.01247 + L_NonMnfld: 0.27214 + L_Eknl: 0.72965 + L_Morse: 1.10869 + L_thetaHessian: 1.35719 + L_thetaNeighbor: 0.03144 + L_Guidance: 0.02726
Feature guidance terms: boundary=0.01363, intra=0.00000, neighbor=0.00000, diversity=0.00000

Weights: [7000.0, 600.0, 10.0, 50.0, 30.0, 3.0, 337.77777777777777], lr=5.000e-05
Epoch: 0 [  20/3000 (1%)] Loss: 162.14061 = L_Mnfld: 95.17680 + L_NonMnfld: 5.43065 + L_Eknl: 33.71519 + L_Morse: 4.32645 + L_thetaHessian: 13.61347 + L_thetaNeighbor: 0.79060 + L_Guidance: 9.08744
Epoch: 0 [  20/3000 (1%)] Unweighted L_s : L_Mnfld: 0.01360 + L_NonMnfld: 0.00905 + L_Eknl: 0.67430 + L_Morse: 1.44215 + L_thetaHessian: 1.36135 + L_thetaNeighbor: 0.02635 + L_Guidance: 0.02690
Feature guidance terms: boundary=0.01345, intra=0.00000, neighbor=0.00000, diversity=0.00000

Weights: [7000.0, 600.0, 10.0, 50.0, 30.0, 3.0, 515.5555555555557], lr=5.000e-05
Epoch: 0 [  30/3000 (1%)] Loss: 147.30066 = L_Mnfld: 82.66889 + L_NonMnfld: 0.24504 + L_Eknl: 34.41339 + L_Morse: 4.04548 + L_thetaHessian: 11.31960 + L_thetaNeighbor: 0.77805 + L_Guidance: 13.83021
Epoch: 0 [  30/3000 (1%)] Unweighted L_s : L_Mnfld: 0.01181 + L_NonMnfld: 0.00041 + L_Eknl: 0.68827 + L_Morse: 1.34849 + L_thetaHessian: 1.13196 + L_thetaNeighbor: 0.02593 + L_Guidance: 0.02683
Feature guidance terms: boundary=0.01341, intra=0.00000, neighbor=0.00000, diversity=0.00000

Weights: [7000.0, 600.0, 10.0, 50.0, 30.0, 3.0, 693.3333333333334], lr=5.000e-05
Epoch: 0 [  40/3000 (1%)] Loss: 115.40916 = L_Mnfld: 49.02194 + L_NonMnfld: 0.76504 + L_Eknl: 33.25098 + L_Morse: 3.63761 + L_thetaHessian: 9.50029 + L_thetaNeighbor: 0.80029 + L_Guidance: 18.43303
Epoch: 0 [  40/3000 (1%)] Unweighted L_s : L_Mnfld: 0.00700 + L_NonMnfld: 0.00128 + L_Eknl: 0.66502 + L_Morse: 1.21254 + L_thetaHessian: 0.95003 + L_thetaNeighbor: 0.02668 + L_Guidance: 0.02659
Feature guidance terms: boundary=0.01329, intra=0.00000, neighbor=0.00000, diversity=0.00000

Weights: [7000.0, 600.0, 10.0, 50.0, 30.0, 3.0, 871.1111111111111], lr=5.000e-05
Epoch: 0 [  50/3000 (2%)] Loss: 109.22456 = L_Mnfld: 41.99873 + L_NonMnfld: 0.66646 + L_Eknl: 31.71214 + L_Morse: 3.30078 + L_thetaHessian: 7.80118 + L_thetaNeighbor: 0.80906 + L_Guidance: 22.93622
Epoch: 0 [  50/3000 (2%)] Unweighted L_s : L_Mnfld: 0.00600 + L_NonMnfld: 0.00111 + L_Eknl: 0.63424 + L_Morse: 1.10026 + L_thetaHessian: 0.78012 + L_thetaNeighbor: 0.02697 + L_Guidance: 0.02633
Feature guidance terms: boundary=0.01316, intra=0.00000, neighbor=0.00000, diversity=0.00000

Weights: [7000.0, 600.0, 10.0, 50.0, 30.0, 3.0, 1048.888888888889], lr=5.000e-05
Epoch: 0 [  60/3000 (2%)] Loss: 108.34441 = L_Mnfld: 40.30759 + L_NonMnfld: 0.20128 + L_Eknl: 29.63946 + L_Morse: 3.15656 + L_thetaHessian: 6.90353 + L_thetaNeighbor: 0.86285 + L_Guidance: 27.27315
Epoch: 0 [  60/3000 (2%)] Unweighted L_s : L_Mnfld: 0.00576 + L_NonMnfld: 0.00034 + L_Eknl: 0.59279 + L_Morse: 1.05219 + L_thetaHessian: 0.69035 + L_thetaNeighbor: 0.02876 + L_Guidance: 0.02600
Feature guidance terms: boundary=0.01300, intra=0.00000, neighbor=0.00000, diversity=0.00000

Weights: [7000.0, 600.0, 10.0, 50.0, 30.0, 3.0, 1226.6666666666667], lr=5.000e-05
Epoch: 0 [  70/3000 (2%)] Loss: 102.93140 = L_Mnfld: 33.12141 + L_NonMnfld: 0.44120 + L_Eknl: 27.52978 + L_Morse: 3.13878 + L_thetaHessian: 6.37390 + L_thetaNeighbor: 0.93804 + L_Guidance: 31.38829
Epoch: 0 [  70/3000 (2%)] Unweighted L_s : L_Mnfld: 0.00473 + L_NonMnfld: 0.00074 + L_Eknl: 0.55060 + L_Morse: 1.04626 + L_thetaHessian: 0.63739 + L_thetaNeighbor: 0.03127 + L_Guidance: 0.02559
Feature guidance terms: boundary=0.01279, intra=0.00000, neighbor=0.00000, diversity=0.00000

Weights: [7000.0, 600.0, 10.0, 50.0, 30.0, 3.0, 1404.4444444444446], lr=5.000e-05
Epoch: 0 [  80/3000 (3%)] Loss: 109.19777 = L_Mnfld: 37.93202 + L_NonMnfld: 0.35445 + L_Eknl: 25.30205 + L_Morse: 3.18098 + L_thetaHessian: 6.02711 + L_thetaNeighbor: 1.09278 + L_Guidance: 35.30837
Epoch: 0 [  80/3000 (3%)] Unweighted L_s : L_Mnfld: 0.00542 + L_NonMnfld: 0.00059 + L_Eknl: 0.50604 + L_Morse: 1.06033 + L_thetaHessian: 0.60271 + L_thetaNeighbor: 0.03643 + L_Guidance: 0.02514
Feature guidance terms: boundary=0.01257, intra=0.00000, neighbor=0.00000, diversity=0.00000

Weights: [7000.0, 600.0, 10.0, 50.0, 30.0, 3.0, 1582.2222222222224], lr=5.000e-05
Epoch: 0 [  90/3000 (3%)] Loss: 114.91808 = L_Mnfld: 43.18984 + L_NonMnfld: 0.09732 + L_Eknl: 22.46478 + L_Morse: 3.35483 + L_thetaHessian: 6.25821 + L_thetaNeighbor: 1.24708 + L_Guidance: 39.18085
Epoch: 0 [  90/3000 (3%)] Unweighted L_s : L_Mnfld: 0.00617 + L_NonMnfld: 0.00016 + L_Eknl: 0.44930 + L_Morse: 1.11828 + L_thetaHessian: 0.62582 + L_thetaNeighbor: 0.04157 + L_Guidance: 0.02476
Feature guidance terms: boundary=0.01238, intra=0.00000, neighbor=0.00000, diversity=0.00000

Weights: [7000.0, 600.0, 10.0, 50.0, 30.0, 3.0, 1760.0000000000002], lr=5.000e-05
Epoch: 0 [ 100/3000 (3%)] Loss: 104.49979 = L_Mnfld: 37.60770 + L_NonMnfld: 0.18001 + L_Eknl: 20.93793 + L_Morse: 3.41338 + L_thetaHessian: 6.23031 + L_thetaNeighbor: 1.29720 + L_Guidance: 43.37459
Epoch: 0 [ 100/3000 (3%)] Unweighted L_s : L_Mnfld: 0.00537 + L_NonMnfld: 0.00030 + L_Eknl: 0.41876 + L_Morse: 1.13779 + L_thetaHessian: 0.62303 + L_thetaNeighbor: 0.04324 + L_Guidance: 0.02464
Feature guidance terms: boundary=0.01232, intra=0.00000, neighbor=0.00000, diversity=0.00000

Weights: [7000.0, 600.0, 10.0, 50.0, 30.0, 3.0, 1937.777777777778], lr=5.000e-05
Epoch: 0 [ 110/3000 (4%)] Loss: 91.03843 = L_Mnfld: 30.44924 + L_NonMnfld: 0.20131 + L_Eknl: 19.16703 + L_Morse: 3.46653 + L_thetaHessian: 6.08269 + L_thetaNeighbor: 1.32548 + L_Guidance: 46.32613
Epoch: 0 [ 110/3000 (4%)] Unweighted L_s : L_Mnfld: 0.00435 + L_NonMnfld: 0.00034 + L_Eknl: 0.38334 + L_Morse: 1.15551 + L_thetaHessian: 0.60827 + L_thetaNeighbor: 0.04418 + L_Guidance: 0.02391
Feature guidance terms: boundary=0.01195, intra=0.00000, neighbor=0.00000, diversity=0.00000

Weights: [7000.0, 600.0, 10.0, 50.0, 30.0, 3.0, 2115.5555555555557], lr=5.000e-05
Epoch: 0 [ 120/3000 (4%)] Loss: 118.18861 = L_Mnfld: 48.06620 + L_NonMnfld: 0.17913 + L_Eknl: 18.75437 + L_Morse: 3.54362 + L_thetaHessian: 6.82794 + L_thetaNeighbor: 1.42116 + L_Guidance: 51.59222
Epoch: 0 [ 120/3000 (4%)] Unweighted L_s : L_Mnfld: 0.00687 + L_NonMnfld: 0.00030 + L_Eknl: 0.37509 + L_Morse: 1.18121 + L_thetaHessian: 0.68279 + L_thetaNeighbor: 0.04737 + L_Guidance: 0.02439
Feature guidance terms: boundary=0.01219, intra=0.00000, neighbor=0.00000, diversity=0.00000

Weights: [7000.0, 600.0, 10.0, 50.0, 30.0, 3.0, 2293.3333333333335], lr=5.000e-05
Epoch: 0 [ 130/3000 (4%)] Loss: 95.03514 = L_Mnfld: 33.57958 + L_NonMnfld: 0.11953 + L_Eknl: 17.53337 + L_Morse: 3.67769 + L_thetaHessian: 6.93905 + L_thetaNeighbor: 1.50755 + L_Guidance: 55.08425
Epoch: 0 [ 130/3000 (4%)] Unweighted L_s : L_Mnfld: 0.00480 + L_NonMnfld: 0.00020 + L_Eknl: 0.35067 + L_Morse: 1.22590 + L_thetaHessian: 0.69390 + L_thetaNeighbor: 0.05025 + L_Guidance: 0.02402
Feature guidance terms: boundary=0.01201, intra=0.00000, neighbor=0.00000, diversity=0.00000

Weights: [7000.0, 600.0, 10.0, 50.0, 30.0, 3.0, 2471.111111111111], lr=5.000e-05
Epoch: 0 [ 140/3000 (5%)] Loss: 87.50101 = L_Mnfld: 30.00413 + L_NonMnfld: 0.09164 + L_Eknl: 15.94366 + L_Morse: 3.88534 + L_thetaHessian: 6.96299 + L_thetaNeighbor: 1.44625 + L_Guidance: 57.89783
Epoch: 0 [ 140/3000 (5%)] Unweighted L_s : L_Mnfld: 0.00429 + L_NonMnfld: 0.00015 + L_Eknl: 0.31887 + L_Morse: 1.29511 + L_thetaHessian: 0.69630 + L_thetaNeighbor: 0.04821 + L_Guidance: 0.02343
Feature guidance terms: boundary=0.01171, intra=0.00000, neighbor=0.00000, diversity=0.00000

Weights: [7000.0, 600.0, 10.0, 50.0, 30.0, 3.0, 2648.888888888889], lr=5.000e-05
Epoch: 0 [ 150/3000 (5%)] Loss: 83.86694 = L_Mnfld: 28.20637 + L_NonMnfld: 0.08341 + L_Eknl: 15.60423 + L_Morse: 3.88819 + L_thetaHessian: 6.64398 + L_thetaNeighbor: 1.48512 + L_Guidance: 60.93869
Epoch: 0 [ 150/3000 (5%)] Unweighted L_s : L_Mnfld: 0.00403 + L_NonMnfld: 0.00014 + L_Eknl: 0.31208 + L_Morse: 1.29606 + L_thetaHessian: 0.66440 + L_thetaNeighbor: 0.04950 + L_Guidance: 0.02301
Feature guidance terms: boundary=0.01150, intra=0.00000, neighbor=0.00000, diversity=0.00000

Weights: [7000.0, 600.0, 10.0, 50.0, 30.0, 3.0, 2826.6666666666665], lr=5.000e-05
Epoch: 0 [ 160/3000 (5%)] Loss: 69.56056 = L_Mnfld: 20.06560 + L_NonMnfld: 0.08076 + L_Eknl: 14.72538 + L_Morse: 3.89506 + L_thetaHessian: 6.14902 + L_thetaNeighbor: 1.45788 + L_Guidance: 63.92930
Epoch: 0 [ 160/3000 (5%)] Unweighted L_s : L_Mnfld: 0.00287 + L_NonMnfld: 0.00013 + L_Eknl: 0.29451 + L_Morse: 1.29835 + L_thetaHessian: 0.61490 + L_thetaNeighbor: 0.04860 + L_Guidance: 0.02262
Feature guidance terms: boundary=0.01131, intra=0.00000, neighbor=0.00000, diversity=0.00000

Weights: [7000.0, 600.0, 10.0, 50.0, 30.0, 3.0, 3004.444444444445], lr=5.000e-05
Epoch: 0 [ 170/3000 (6%)] Loss: 106.51546 = L_Mnfld: 44.46906 + L_NonMnfld: 0.04052 + L_Eknl: 14.20459 + L_Morse: 3.97001 + L_thetaHessian: 6.70992 + L_thetaNeighbor: 1.61621 + L_Guidance: 70.48288
Epoch: 0 [ 170/3000 (6%)] Unweighted L_s : L_Mnfld: 0.00635 + L_NonMnfld: 0.00007 + L_Eknl: 0.28409 + L_Morse: 1.32334 + L_thetaHessian: 0.67099 + L_thetaNeighbor: 0.05387 + L_Guidance: 0.02346
Feature guidance terms: boundary=0.01173, intra=0.00000, neighbor=0.00000, diversity=0.00000

Weights: [7000.0, 600.0, 10.0, 50.0, 30.0, 3.0, 3182.222222222222], lr=5.000e-05
Epoch: 0 [ 180/3000 (6%)] Loss: 89.51112 = L_Mnfld: 32.53732 + L_NonMnfld: 0.09133 + L_Eknl: 15.42354 + L_Morse: 3.63096 + L_thetaHessian: 6.44179 + L_thetaNeighbor: 1.54914 + L_Guidance: 72.38964
Epoch: 0 [ 180/3000 (6%)] Unweighted L_s : L_Mnfld: 0.00465 + L_NonMnfld: 0.00015 + L_Eknl: 0.30847 + L_Morse: 1.21032 + L_thetaHessian: 0.64418 + L_thetaNeighbor: 0.05164 + L_Guidance: 0.02275
Feature guidance terms: boundary=0.01137, intra=0.00000, neighbor=0.00000, diversity=0.00000

Weights: [7000.0, 600.0, 10.0, 50.0, 30.0, 3.0, 3360.0000000000005], lr=5.000e-05
Epoch: 0 [ 190/3000 (6%)] Loss: 73.50716 = L_Mnfld: 22.65905 + L_NonMnfld: 0.08815 + L_Eknl: 14.73045 + L_Morse: 3.79593 + L_thetaHessian: 6.07761 + L_thetaNeighbor: 1.65359 + L_Guidance: 76.05597
Epoch: 0 [ 190/3000 (6%)] Unweighted L_s : L_Mnfld: 0.00324 + L_NonMnfld: 0.00015 + L_Eknl: 0.29461 + L_Morse: 1.26531 + L_thetaHessian: 0.60776 + L_thetaNeighbor: 0.05512 + L_Guidance: 0.02264
Feature guidance terms: boundary=0.01132, intra=0.00000, neighbor=0.00000, diversity=0.00000

Weights: [7000.0, 600.0, 10.0, 50.0, 30.0, 3.0, 3537.7777777777774], lr=5.000e-05
Epoch: 0 [ 200/3000 (7%)] Loss: 87.02278 = L_Mnfld: 32.08497 + L_NonMnfld: 0.06959 + L_Eknl: 13.88325 + L_Morse: 3.98435 + L_thetaHessian: 6.44789 + L_thetaNeighbor: 1.54514 + L_Guidance: 78.98086
Epoch: 0 [ 200/3000 (7%)] Unweighted L_s : L_Mnfld: 0.00458 + L_NonMnfld: 0.00012 + L_Eknl: 0.27766 + L_Morse: 1.32812 + L_thetaHessian: 0.64479 + L_thetaNeighbor: 0.05150 + L_Guidance: 0.02232
Feature guidance terms: boundary=0.01116, intra=0.00000, neighbor=0.00000, diversity=0.00000

Weights: [7000.0, 600.0, 10.0, 50.0, 30.0, 3.0, 3715.555555555556], lr=5.000e-05
Epoch: 0 [ 210/3000 (7%)] Loss: 80.65216 = L_Mnfld: 28.13966 + L_NonMnfld: 0.03820 + L_Eknl: 13.57103 + L_Morse: 4.01383 + L_thetaHessian: 6.43396 + L_thetaNeighbor: 1.57143 + L_Guidance: 83.43182
Epoch: 0 [ 210/3000 (7%)] Unweighted L_s : L_Mnfld: 0.00402 + L_NonMnfld: 0.00006 + L_Eknl: 0.27142 + L_Morse: 1.33794 + L_thetaHessian: 0.64340 + L_thetaNeighbor: 0.05238 + L_Guidance: 0.02245
Feature guidance terms: boundary=0.01123, intra=0.00000, neighbor=0.00000, diversity=0.00000

Weights: [7000.0, 600.0, 10.0, 50.0, 30.0, 3.0, 3893.333333333333], lr=5.000e-05
Epoch: 0 [ 220/3000 (7%)] Loss: 75.63987 = L_Mnfld: 25.61287 + L_NonMnfld: 0.06175 + L_Eknl: 13.27264 + L_Morse: 3.98833 + L_thetaHessian: 5.89378 + L_thetaNeighbor: 1.59721 + L_Guidance: 86.19691
Epoch: 0 [ 220/3000 (7%)] Unweighted L_s : L_Mnfld: 0.00366 + L_NonMnfld: 0.00010 + L_Eknl: 0.26545 + L_Morse: 1.32944 + L_thetaHessian: 0.58938 + L_thetaNeighbor: 0.05324 + L_Guidance: 0.02214
Feature guidance terms: boundary=0.01107, intra=0.00000, neighbor=0.00000, diversity=0.00000

Weights: [7000.0, 600.0, 10.0, 50.0, 30.0, 3.0, 4071.1111111111118], lr=5.000e-05
Epoch: 0 [ 230/3000 (8%)] Loss: 68.42113 = L_Mnfld: 21.09409 + L_NonMnfld: 0.04370 + L_Eknl: 13.10778 + L_Morse: 3.96068 + L_thetaHessian: 5.84850 + L_thetaNeighbor: 1.55933 + L_Guidance: 89.03939
Epoch: 0 [ 230/3000 (8%)] Unweighted L_s : L_Mnfld: 0.00301 + L_NonMnfld: 0.00007 + L_Eknl: 0.26216 + L_Morse: 1.32023 + L_thetaHessian: 0.58485 + L_thetaNeighbor: 0.05198 + L_Guidance: 0.02187
Feature guidance terms: boundary=0.01094, intra=0.00000, neighbor=0.00000, diversity=0.00000

Weights: [7000.0, 600.0, 10.0, 50.0, 30.0, 3.0, 4248.888888888889], lr=5.000e-05
Epoch: 0 [ 240/3000 (8%)] Loss: 62.69374 = L_Mnfld: 17.39307 + L_NonMnfld: 0.06420 + L_Eknl: 13.12347 + L_Morse: 3.96464 + L_thetaHessian: 5.68180 + L_thetaNeighbor: 1.56865 + L_Guidance: 92.10909
Epoch: 0 [ 240/3000 (8%)] Unweighted L_s : L_Mnfld: 0.00248 + L_NonMnfld: 0.00011 + L_Eknl: 0.26247 + L_Morse: 1.32155 + L_thetaHessian: 0.56818 + L_thetaNeighbor: 0.05229 + L_Guidance: 0.02168
Feature guidance terms: boundary=0.01084, intra=0.00000, neighbor=0.00000, diversity=0.00000

Weights: [7000.0, 600.0, 10.0, 50.0, 30.0, 3.0, 4426.666666666667], lr=5.000e-05
Epoch: 0 [ 250/3000 (8%)] Loss: 61.90914 = L_Mnfld: 17.49426 + L_NonMnfld: 0.03865 + L_Eknl: 12.44738 + L_Morse: 4.03832 + L_thetaHessian: 5.66636 + L_thetaNeighbor: 1.58779 + L_Guidance: 94.81752
Epoch: 0 [ 250/3000 (8%)] Unweighted L_s : L_Mnfld: 0.00250 + L_NonMnfld: 0.00006 + L_Eknl: 0.24895 + L_Morse: 1.34611 + L_thetaHessian: 0.56664 + L_thetaNeighbor: 0.05293 + L_Guidance: 0.02142
Feature guidance terms: boundary=0.01071, intra=0.00000, neighbor=0.00000, diversity=0.00000

Weights: [7000.0, 600.0, 10.0, 50.0, 30.0, 3.0, 4604.444444444444], lr=5.000e-05
Epoch: 0 [ 260/3000 (9%)] Loss: 60.90678 = L_Mnfld: 16.99619 + L_NonMnfld: 0.04784 + L_Eknl: 12.36832 + L_Morse: 4.02653 + L_thetaHessian: 5.59494 + L_thetaNeighbor: 1.57071 + L_Guidance: 98.27345
Epoch: 0 [ 260/3000 (9%)] Unweighted L_s : L_Mnfld: 0.00243 + L_NonMnfld: 0.00008 + L_Eknl: 0.24737 + L_Morse: 1.34218 + L_thetaHessian: 0.55949 + L_thetaNeighbor: 0.05236 + L_Guidance: 0.02134
Feature guidance terms: boundary=0.01067, intra=0.00000, neighbor=0.00000, diversity=0.00000

Weights: [7000.0, 600.0, 10.0, 50.0, 30.0, 3.0, 4782.222222222223], lr=5.000e-05
Epoch: 0 [ 270/3000 (9%)] Loss: 57.32649 = L_Mnfld: 14.83959 + L_NonMnfld: 0.03711 + L_Eknl: 12.07645 + L_Morse: 4.07372 + L_thetaHessian: 5.60222 + L_thetaNeighbor: 1.58857 + L_Guidance: 101.22995
Epoch: 0 [ 270/3000 (9%)] Unweighted L_s : L_Mnfld: 0.00212 + L_NonMnfld: 0.00006 + L_Eknl: 0.24153 + L_Morse: 1.35791 + L_thetaHessian: 0.56022 + L_thetaNeighbor: 0.05295 + L_Guidance: 0.02117
Feature guidance terms: boundary=0.01058, intra=0.00000, neighbor=0.00000, diversity=0.00000

Weights: [7000.0, 600.0, 10.0, 50.0, 30.0, 3.0, 4960.0], lr=5.000e-05
Epoch: 0 [ 280/3000 (9%)] Loss: 57.00242 = L_Mnfld: 14.48611 + L_NonMnfld: 0.05365 + L_Eknl: 12.20100 + L_Morse: 4.07730 + L_thetaHessian: 5.58876 + L_thetaNeighbor: 1.59479 + L_Guidance: 104.53626
Epoch: 0 [ 280/3000 (9%)] Unweighted L_s : L_Mnfld: 0.00207 + L_NonMnfld: 0.00009 + L_Eknl: 0.24402 + L_Morse: 1.35910 + L_thetaHessian: 0.55888 + L_thetaNeighbor: 0.05316 + L_Guidance: 0.02108
Feature guidance terms: boundary=0.01054, intra=0.00000, neighbor=0.00000, diversity=0.00000

Weights: [7000.0, 600.0, 10.0, 50.0, 30.0, 3.0, 5137.777777777778], lr=5.000e-05
Epoch: 0 [ 290/3000 (10%)] Loss: 55.24015 = L_Mnfld: 13.61713 + L_NonMnfld: 0.03655 + L_Eknl: 11.81841 + L_Morse: 4.15010 + L_thetaHessian: 5.60721 + L_thetaNeighbor: 1.59736 + L_Guidance: 108.01292
Epoch: 0 [ 290/3000 (10%)] Unweighted L_s : L_Mnfld: 0.00195 + L_NonMnfld: 0.00006 + L_Eknl: 0.23637 + L_Morse: 1.38337 + L_thetaHessian: 0.56072 + L_thetaNeighbor: 0.05325 + L_Guidance: 0.02102
Feature guidance terms: boundary=0.01051, intra=0.00000, neighbor=0.00000, diversity=0.00000

Weights: [7000.0, 600.0, 10.0, 50.0, 30.0, 3.0, 5315.555555555556], lr=5.000e-05
Epoch: 0 [ 300/3000 (10%)] Loss: 56.86604 = L_Mnfld: 14.61351 + L_NonMnfld: 0.04413 + L_Eknl: 11.90423 + L_Morse: 4.13580 + L_thetaHessian: 5.60603 + L_thetaNeighbor: 1.60700 + L_Guidance: 111.37259
Epoch: 0 [ 300/3000 (10%)] Unweighted L_s : L_Mnfld: 0.00209 + L_NonMnfld: 0.00007 + L_Eknl: 0.23808 + L_Morse: 1.37860 + L_thetaHessian: 0.56060 + L_thetaNeighbor: 0.05357 + L_Guidance: 0.02095
Feature guidance terms: boundary=0.01048, intra=0.00000, neighbor=0.00000, diversity=0.00000

Weights: [7000.0, 600.0, 10.0, 50.0, 30.0, 3.0, 5493.333333333333], lr=5.000e-05
Epoch: 0 [ 310/3000 (10%)] Loss: 55.01055 = L_Mnfld: 13.69528 + L_NonMnfld: 0.04038 + L_Eknl: 11.49863 + L_Morse: 4.20062 + L_thetaHessian: 5.62862 + L_thetaNeighbor: 1.61016 + L_Guidance: 114.72210
Epoch: 0 [ 310/3000 (10%)] Unweighted L_s : L_Mnfld: 0.00196 + L_NonMnfld: 0.00007 + L_Eknl: 0.22997 + L_Morse: 1.40021 + L_thetaHessian: 0.56286 + L_thetaNeighbor: 0.05367 + L_Guidance: 0.02088
Feature guidance terms: boundary=0.01044, intra=0.00000, neighbor=0.00000, diversity=0.00000

Weights: [7000.0, 600.0, 10.0, 50.0, 30.0, 3.0, 5671.111111111111], lr=5.000e-05
Epoch: 0 [ 320/3000 (11%)] Loss: 55.37045 = L_Mnfld: 13.67541 + L_NonMnfld: 0.05349 + L_Eknl: 11.73074 + L_Morse: 4.19350 + L_thetaHessian: 5.64415 + L_thetaNeighbor: 1.61635 + L_Guidance: 118.05025
Epoch: 0 [ 320/3000 (11%)] Unweighted L_s : L_Mnfld: 0.00195 + L_NonMnfld: 0.00009 + L_Eknl: 0.23461 + L_Morse: 1.39783 + L_thetaHessian: 0.56442 + L_thetaNeighbor: 0.05388 + L_Guidance: 0.02082
Feature guidance terms: boundary=0.01041, intra=0.00000, neighbor=0.00000, diversity=0.00000

Weights: [7000.0, 600.0, 10.0, 50.0, 30.0, 3.0, 5848.88888888889], lr=5.000e-05
Epoch: 0 [ 330/3000 (11%)] Loss: 53.35921 = L_Mnfld: 12.74739 + L_NonMnfld: 0.03248 + L_Eknl: 11.24273 + L_Morse: 4.25845 + L_thetaHessian: 5.66927 + L_thetaNeighbor: 1.62249 + L_Guidance: 121.41254
Epoch: 0 [ 330/3000 (11%)] Unweighted L_s : L_Mnfld: 0.00182 + L_NonMnfld: 0.00005 + L_Eknl: 0.22485 + L_Morse: 1.41948 + L_thetaHessian: 0.56693 + L_thetaNeighbor: 0.05408 + L_Guidance: 0.02076
Feature guidance terms: boundary=0.01038, intra=0.00000, neighbor=0.00000, diversity=0.00000

Weights: [7000.0, 600.0, 10.0, 50.0, 30.0, 3.0, 6026.666666666667], lr=5.000e-05
Epoch: 0 [ 340/3000 (11%)] Loss: 54.09666 = L_Mnfld: 13.26059 + L_NonMnfld: 0.04033 + L_Eknl: 11.19087 + L_Morse: 4.26906 + L_thetaHessian: 5.67191 + L_thetaNeighbor: 1.63167 + L_Guidance: 124.84932
Epoch: 0 [ 340/3000 (11%)] Unweighted L_s : L_Mnfld: 0.00189 + L_NonMnfld: 0.00007 + L_Eknl: 0.22382 + L_Morse: 1.42302 + L_thetaHessian: 0.56719 + L_thetaNeighbor: 0.05439 + L_Guidance: 0.02072
Feature guidance terms: boundary=0.01036, intra=0.00000, neighbor=0.00000, diversity=0.00000

Weights: [7000.0, 600.0, 10.0, 50.0, 30.0, 3.0, 6204.444444444444], lr=5.000e-05
Epoch: 0 [ 350/3000 (12%)] Loss: 52.49067 = L_Mnfld: 12.25117 + L_NonMnfld: 0.03740 + L_Eknl: 11.03955 + L_Morse: 4.32016 + L_thetaHessian: 5.71129 + L_thetaNeighbor: 1.63422 + L_Guidance: 128.08863
Epoch: 0 [ 350/3000 (12%)] Unweighted L_s : L_Mnfld: 0.00175 + L_NonMnfld: 0.00006 + L_Eknl: 0.22079 + L_Morse: 1.44005 + L_thetaHessian: 0.57113 + L_thetaNeighbor: 0.05447 + L_Guidance: 0.02064
Feature guidance terms: boundary=0.01032, intra=0.00000, neighbor=0.00000, diversity=0.00000

Weights: [7000.0, 600.0, 10.0, 50.0, 30.0, 3.0, 6382.222222222223], lr=5.000e-05
Epoch: 0 [ 360/3000 (12%)] Loss: 53.47638 = L_Mnfld: 12.93519 + L_NonMnfld: 0.04476 + L_Eknl: 11.03381 + L_Morse: 4.30720 + L_thetaHessian: 5.69223 + L_thetaNeighbor: 1.63775 + L_Guidance: 131.46900
Epoch: 0 [ 360/3000 (12%)] Unweighted L_s : L_Mnfld: 0.00185 + L_NonMnfld: 0.00007 + L_Eknl: 0.22068 + L_Morse: 1.43573 + L_thetaHessian: 0.56922 + L_thetaNeighbor: 0.05459 + L_Guidance: 0.02060
Feature guidance terms: boundary=0.01030, intra=0.00000, neighbor=0.00000, diversity=0.00000

Weights: [7000.0, 600.0, 10.0, 50.0, 30.0, 3.0, 6560.000000000001], lr=5.000e-05
Epoch: 0 [ 370/3000 (12%)] Loss: 52.04435 = L_Mnfld: 12.25577 + L_NonMnfld: 0.02998 + L_Eknl: 10.64944 + L_Morse: 4.36449 + L_thetaHessian: 5.75359 + L_thetaNeighbor: 1.64297 + L_Guidance: 134.76328
Epoch: 0 [ 370/3000 (12%)] Unweighted L_s : L_Mnfld: 0.00175 + L_NonMnfld: 0.00005 + L_Eknl: 0.21299 + L_Morse: 1.45483 + L_thetaHessian: 0.57536 + L_thetaNeighbor: 0.05477 + L_Guidance: 0.02054
Feature guidance terms: boundary=0.01027, intra=0.00000, neighbor=0.00000, diversity=0.00000

Weights: [7000.0, 600.0, 10.0, 50.0, 30.0, 3.0, 6737.777777777777], lr=5.000e-05
Epoch: 0 [ 380/3000 (13%)] Loss: 52.86305 = L_Mnfld: 12.71672 + L_NonMnfld: 0.05904 + L_Eknl: 10.71177 + L_Morse: 4.36373 + L_thetaHessian: 5.74271 + L_thetaNeighbor: 1.64806 + L_Guidance: 138.17336
Epoch: 0 [ 380/3000 (13%)] Unweighted L_s : L_Mnfld: 0.00182 + L_NonMnfld: 0.00010 + L_Eknl: 0.21424 + L_Morse: 1.45458 + L_thetaHessian: 0.57427 + L_thetaNeighbor: 0.05494 + L_Guidance: 0.02051
Feature guidance terms: boundary=0.01025, intra=0.00000, neighbor=0.00000, diversity=0.00000

Weights: [7000.0, 600.0, 10.0, 50.0, 30.0, 3.0, 6915.555555555557], lr=5.000e-05
Epoch: 0 [ 390/3000 (13%)] Loss: 51.22935 = L_Mnfld: 11.83284 + L_NonMnfld: 0.03132 + L_Eknl: 10.43799 + L_Morse: 4.42292 + L_thetaHessian: 5.77753 + L_thetaNeighbor: 1.65030 + L_Guidance: 141.39668
Epoch: 0 [ 390/3000 (13%)] Unweighted L_s : L_Mnfld: 0.00169 + L_NonMnfld: 0.00005 + L_Eknl: 0.20876 + L_Morse: 1.47431 + L_thetaHessian: 0.57775 + L_thetaNeighbor: 0.05501 + L_Guidance: 0.02045
Feature guidance terms: boundary=0.01022, intra=0.00000, neighbor=0.00000, diversity=0.00000

Weights: [7000.0, 600.0, 10.0, 50.0, 30.0, 3.0, 7093.333333333334], lr=5.000e-05
Epoch: 0 [ 400/3000 (13%)] Loss: 52.94038 = L_Mnfld: 12.92328 + L_NonMnfld: 0.04421 + L_Eknl: 10.47349 + L_Morse: 4.40785 + L_thetaHessian: 5.78966 + L_thetaNeighbor: 1.65511 + L_Guidance: 144.68281
Epoch: 0 [ 400/3000 (13%)] Unweighted L_s : L_Mnfld: 0.00185 + L_NonMnfld: 0.00007 + L_Eknl: 0.20947 + L_Morse: 1.46928 + L_thetaHessian: 0.57897 + L_thetaNeighbor: 0.05517 + L_Guidance: 0.02040
Feature guidance terms: boundary=0.01020, intra=0.00000, neighbor=0.00000, diversity=0.00000

Weights: [7000.0, 600.0, 10.0, 50.0, 30.0, 3.0, 7271.111111111111], lr=5.000e-05
Epoch: 0 [ 410/3000 (14%)] Loss: 50.03564 = L_Mnfld: 11.23917 + L_NonMnfld: 0.03011 + L_Eknl: 10.15616 + L_Morse: 4.46001 + L_thetaHessian: 5.81116 + L_thetaNeighbor: 1.66048 + L_Guidance: 147.92754
Epoch: 0 [ 410/3000 (14%)] Unweighted L_s : L_Mnfld: 0.00161 + L_NonMnfld: 0.00005 + L_Eknl: 0.20312 + L_Morse: 1.48667 + L_thetaHessian: 0.58112 + L_thetaNeighbor: 0.05535 + L_Guidance: 0.02034
Feature guidance terms: boundary=0.01017, intra=0.00000, neighbor=0.00000, diversity=0.00000

Weights: [7000.0, 600.0, 10.0, 50.0, 30.0, 3.0, 7448.888888888889], lr=5.000e-05
Epoch: 0 [ 420/3000 (14%)] Loss: 51.65239 = L_Mnfld: 12.29267 + L_NonMnfld: 0.03846 + L_Eknl: 10.15422 + L_Morse: 4.46194 + L_thetaHessian: 5.82487 + L_thetaNeighbor: 1.66277 + L_Guidance: 151.16683
Epoch: 0 [ 420/3000 (14%)] Unweighted L_s : L_Mnfld: 0.00176 + L_NonMnfld: 0.00006 + L_Eknl: 0.20308 + L_Morse: 1.48731 + L_thetaHessian: 0.58249 + L_thetaNeighbor: 0.05543 + L_Guidance: 0.02029
Feature guidance terms: boundary=0.01015, intra=0.00000, neighbor=0.00000, diversity=0.00000

Weights: [7000.0, 600.0, 10.0, 50.0, 30.0, 3.0, 7626.666666666666], lr=5.000e-05
Epoch: 0 [ 430/3000 (14%)] Loss: 50.26017 = L_Mnfld: 11.54492 + L_NonMnfld: 0.02446 + L_Eknl: 9.90047 + L_Morse: 4.50893 + L_thetaHessian: 5.86107 + L_thetaNeighbor: 1.66693 + L_Guidance: 154.36215
Epoch: 0 [ 430/3000 (14%)] Unweighted L_s : L_Mnfld: 0.00165 + L_NonMnfld: 0.00004 + L_Eknl: 0.19801 + L_Morse: 1.50298 + L_thetaHessian: 0.58611 + L_thetaNeighbor: 0.05556 + L_Guidance: 0.02024
Feature guidance terms: boundary=0.01012, intra=0.00000, neighbor=0.00000, diversity=0.00000

Weights: [7000.0, 600.0, 10.0, 50.0, 30.0, 3.0, 7804.444444444445], lr=5.000e-05
Epoch: 0 [ 440/3000 (15%)] Loss: 50.86039 = L_Mnfld: 11.89602 + L_NonMnfld: 0.04091 + L_Eknl: 9.92046 + L_Morse: 4.49898 + L_thetaHessian: 5.87803 + L_thetaNeighbor: 1.67252 + L_Guidance: 157.56060
Epoch: 0 [ 440/3000 (15%)] Unweighted L_s : L_Mnfld: 0.00170 + L_NonMnfld: 0.00007 + L_Eknl: 0.19841 + L_Morse: 1.49966 + L_thetaHessian: 0.58780 + L_thetaNeighbor: 0.05575 + L_Guidance: 0.02019
Feature guidance terms: boundary=0.01009, intra=0.00000, neighbor=0.00000, diversity=0.00000

Weights: [7000.0, 600.0, 10.0, 50.0, 30.0, 3.0, 7982.222222222223], lr=5.000e-05
Epoch: 0 [ 450/3000 (15%)] Loss: 49.90737 = L_Mnfld: 11.44920 + L_NonMnfld: 0.03658 + L_Eknl: 9.65065 + L_Morse: 4.54461 + L_thetaHessian: 5.91619 + L_thetaNeighbor: 1.67435 + L_Guidance: 160.86874
Epoch: 0 [ 450/3000 (15%)] Unweighted L_s : L_Mnfld: 0.00164 + L_NonMnfld: 0.00006 + L_Eknl: 0.19301 + L_Morse: 1.51487 + L_thetaHessian: 0.59162 + L_thetaNeighbor: 0.05581 + L_Guidance: 0.02015
Feature guidance terms: boundary=0.01008, intra=0.00000, neighbor=0.00000, diversity=0.00000

Weights: [7000.0, 600.0, 10.0, 50.0, 30.0, 3.0, 8000.0], lr=5.000e-05
Epoch: 0 [ 460/3000 (15%)] Loss: 50.62860 = L_Mnfld: 11.95374 + L_NonMnfld: 0.03448 + L_Eknl: 9.61483 + L_Morse: 4.53532 + L_thetaHessian: 5.93241 + L_thetaNeighbor: 1.68162 + L_Guidance: 160.71346
Epoch: 0 [ 460/3000 (15%)] Unweighted L_s : L_Mnfld: 0.00171 + L_NonMnfld: 0.00006 + L_Eknl: 0.19230 + L_Morse: 1.51177 + L_thetaHessian: 0.59324 + L_thetaNeighbor: 0.05605 + L_Guidance: 0.02009
Feature guidance terms: boundary=0.01004, intra=0.00000, neighbor=0.00000, diversity=0.00000

Weights: [7000.0, 600.0, 10.0, 50.0, 30.0, 3.0, 8000.0], lr=5.000e-05
Epoch: 0 [ 470/3000 (16%)] Loss: 49.75937 = L_Mnfld: 11.64271 + L_NonMnfld: 0.03048 + L_Eknl: 9.25715 + L_Morse: 4.58271 + L_thetaHessian: 5.97175 + L_thetaNeighbor: 1.68810 + L_Guidance: 160.19568
Epoch: 0 [ 470/3000 (16%)] Unweighted L_s : L_Mnfld: 0.00166 + L_NonMnfld: 0.00005 + L_Eknl: 0.18514 + L_Morse: 1.52757 + L_thetaHessian: 0.59717 + L_thetaNeighbor: 0.05627 + L_Guidance: 0.02002
Feature guidance terms: boundary=0.01001, intra=0.00000, neighbor=0.00000, diversity=0.00000

Weights: [7000.0, 600.0, 10.0, 50.0, 30.0, 3.0, 8000.0], lr=5.000e-05
Epoch: 0 [ 480/3000 (16%)] Loss: 49.63223 = L_Mnfld: 11.41825 + L_NonMnfld: 0.04010 + L_Eknl: 9.35599 + L_Morse: 4.57389 + L_thetaHessian: 6.00574 + L_thetaNeighbor: 1.69419 + L_Guidance: 159.86909
Epoch: 0 [ 480/3000 (16%)] Unweighted L_s : L_Mnfld: 0.00163 + L_NonMnfld: 0.00007 + L_Eknl: 0.18712 + L_Morse: 1.52463 + L_thetaHessian: 0.60057 + L_thetaNeighbor: 0.05647 + L_Guidance: 0.01998
Feature guidance terms: boundary=0.00999, intra=0.00000, neighbor=0.00000, diversity=0.00000

Weights: [7000.0, 600.0, 10.0, 50.0, 30.0, 3.0, 8000.0], lr=5.000e-05
Epoch: 0 [ 490/3000 (16%)] Loss: 49.81779 = L_Mnfld: 11.83656 + L_NonMnfld: 0.02738 + L_Eknl: 8.97888 + L_Morse: 4.62257 + L_thetaHessian: 6.04641 + L_thetaNeighbor: 1.70005 + L_Guidance: 159.27716
Epoch: 0 [ 490/3000 (16%)] Unweighted L_s : L_Mnfld: 0.00169 + L_NonMnfld: 0.00005 + L_Eknl: 0.17958 + L_Morse: 1.54086 + L_thetaHessian: 0.60464 + L_thetaNeighbor: 0.05667 + L_Guidance: 0.01991
Feature guidance terms: boundary=0.00995, intra=0.00000, neighbor=0.00000, diversity=0.00000

Weights: [7000.0, 600.0, 10.0, 50.0, 30.0, 3.0, 8000.0], lr=5.000e-05
Epoch: 0 [ 500/3000 (17%)] Loss: 48.31958 = L_Mnfld: 10.85131 + L_NonMnfld: 0.04107 + L_Eknl: 8.92543 + L_Morse: 4.60651 + L_thetaHessian: 6.07924 + L_thetaNeighbor: 1.70949 + L_Guidance: 158.91114
Epoch: 0 [ 500/3000 (17%)] Unweighted L_s : L_Mnfld: 0.00155 + L_NonMnfld: 0.00007 + L_Eknl: 0.17851 + L_Morse: 1.53550 + L_thetaHessian: 0.60792 + L_thetaNeighbor: 0.05698 + L_Guidance: 0.01986
Feature guidance terms: boundary=0.00993, intra=0.00000, neighbor=0.00000, diversity=0.00000

Weights: [7000.0, 600.0, 10.0, 50.0, 30.0, 3.0, 8000.0], lr=5.000e-05
Epoch: 0 [ 510/3000 (17%)] Loss: 49.93928 = L_Mnfld: 12.08570 + L_NonMnfld: 0.03224 + L_Eknl: 8.70357 + L_Morse: 4.62774 + L_thetaHessian: 6.11958 + L_thetaNeighbor: 1.72403 + L_Guidance: 158.57032
Epoch: 0 [ 510/3000 (17%)] Unweighted L_s : L_Mnfld: 0.00173 + L_NonMnfld: 0.00005 + L_Eknl: 0.17407 + L_Morse: 1.54258 + L_thetaHessian: 0.61196 + L_thetaNeighbor: 0.05747 + L_Guidance: 0.01982
Feature guidance terms: boundary=0.00991, intra=0.00000, neighbor=0.00000, diversity=0.00000

Weights: [7000.0, 600.0, 10.0, 50.0, 30.0, 3.0, 8000.0], lr=5.000e-05
Epoch: 0 [ 520/3000 (17%)] Loss: 47.05612 = L_Mnfld: 10.21230 + L_NonMnfld: 0.04308 + L_Eknl: 8.63866 + L_Morse: 4.61143 + L_thetaHessian: 6.14527 + L_thetaNeighbor: 1.72000 + L_Guidance: 157.91357
Epoch: 0 [ 520/3000 (17%)] Unweighted L_s : L_Mnfld: 0.00146 + L_NonMnfld: 0.00007 + L_Eknl: 0.17277 + L_Morse: 1.53714 + L_thetaHessian: 0.61453 + L_thetaNeighbor: 0.05733 + L_Guidance: 0.01974
Feature guidance terms: boundary=0.00987, intra=0.00000, neighbor=0.00000, diversity=0.00000

Weights: [7000.0, 600.0, 10.0, 50.0, 30.0, 3.0, 8000.0], lr=5.000e-05
Epoch: 0 [ 530/3000 (18%)] Loss: 50.42131 = L_Mnfld: 12.71334 + L_NonMnfld: 0.02657 + L_Eknl: 8.34509 + L_Morse: 4.63352 + L_thetaHessian: 6.17545 + L_thetaNeighbor: 1.72023 + L_Guidance: 157.61545
Epoch: 0 [ 530/3000 (18%)] Unweighted L_s : L_Mnfld: 0.00182 + L_NonMnfld: 0.00004 + L_Eknl: 0.16690 + L_Morse: 1.54451 + L_thetaHessian: 0.61755 + L_thetaNeighbor: 0.05734 + L_Guidance: 0.01970
Feature guidance terms: boundary=0.00985, intra=0.00000, neighbor=0.00000, diversity=0.00000

Weights: [7000.0, 600.0, 10.0, 50.0, 30.0, 3.0, 8000.0], lr=5.000e-05
Epoch: 0 [ 540/3000 (18%)] Loss: 45.42320 = L_Mnfld: 9.38856 + L_NonMnfld: 0.04192 + L_Eknl: 8.27011 + L_Morse: 4.61880 + L_thetaHessian: 6.22534 + L_thetaNeighbor: 1.73740 + L_Guidance: 157.10239
Epoch: 0 [ 540/3000 (18%)] Unweighted L_s : L_Mnfld: 0.00134 + L_NonMnfld: 0.00007 + L_Eknl: 0.16540 + L_Morse: 1.53960 + L_thetaHessian: 0.62253 + L_thetaNeighbor: 0.05791 + L_Guidance: 0.01964
Feature guidance terms: boundary=0.00982, intra=0.00000, neighbor=0.00000, diversity=0.00000

Weights: [7000.0, 600.0, 10.0, 50.0, 30.0, 3.0, 8000.0], lr=5.000e-05
Epoch: 0 [ 550/3000 (18%)] Loss: 50.79929 = L_Mnfld: 13.25962 + L_NonMnfld: 0.02588 + L_Eknl: 7.93260 + L_Morse: 4.62781 + L_thetaHessian: 6.29150 + L_thetaNeighbor: 1.72880 + L_Guidance: 157.61696
Epoch: 0 [ 550/3000 (18%)] Unweighted L_s : L_Mnfld: 0.00189 + L_NonMnfld: 0.00004 + L_Eknl: 0.15865 + L_Morse: 1.54260 + L_thetaHessian: 0.62915 + L_thetaNeighbor: 0.05763 + L_Guidance: 0.01970
Feature guidance terms: boundary=0.00985, intra=0.00000, neighbor=0.00000, diversity=0.00000

Weights: [7000.0, 600.0, 10.0, 50.0, 30.0, 3.0, 8000.0], lr=5.000e-05
Epoch: 0 [ 560/3000 (19%)] Loss: 46.32951 = L_Mnfld: 10.18963 + L_NonMnfld: 0.04082 + L_Eknl: 7.89154 + L_Morse: 4.60407 + L_thetaHessian: 6.37361 + L_thetaNeighbor: 1.78667 + L_Guidance: 159.17569
Epoch: 0 [ 560/3000 (19%)] Unweighted L_s : L_Mnfld: 0.00146 + L_NonMnfld: 0.00007 + L_Eknl: 0.15783 + L_Morse: 1.53469 + L_thetaHessian: 0.63736 + L_thetaNeighbor: 0.05956 + L_Guidance: 0.01990
Feature guidance terms: boundary=0.00995, intra=0.00000, neighbor=0.00000, diversity=0.00000

Weights: [7000.0, 600.0, 10.0, 50.0, 30.0, 3.0, 8000.0], lr=5.000e-05
Epoch: 0 [ 570/3000 (19%)] Loss: 50.55257 = L_Mnfld: 13.27516 + L_NonMnfld: 0.02632 + L_Eknl: 7.62832 + L_Morse: 4.59747 + L_thetaHessian: 6.43329 + L_thetaNeighbor: 1.74115 + L_Guidance: 155.97381
Epoch: 0 [ 570/3000 (19%)] Unweighted L_s : L_Mnfld: 0.00190 + L_NonMnfld: 0.00004 + L_Eknl: 0.15257 + L_Morse: 1.53249 + L_thetaHessian: 0.64333 + L_thetaNeighbor: 0.05804 + L_Guidance: 0.01950
Feature guidance terms: boundary=0.00975, intra=0.00000, neighbor=0.00000, diversity=0.00000

Weights: [7000.0, 600.0, 10.0, 50.0, 30.0, 3.0, 8000.0], lr=5.000e-05
Epoch: 0 [ 580/3000 (19%)] Loss: 47.12827 = L_Mnfld: 11.05918 + L_NonMnfld: 0.03465 + L_Eknl: 7.55066 + L_Morse: 4.54413 + L_thetaHessian: 6.45863 + L_thetaNeighbor: 1.77159 + L_Guidance: 158.77624
Epoch: 0 [ 580/3000 (19%)] Unweighted L_s : L_Mnfld: 0.00158 + L_NonMnfld: 0.00006 + L_Eknl: 0.15101 + L_Morse: 1.51471 + L_thetaHessian: 0.64586 + L_thetaNeighbor: 0.05905 + L_Guidance: 0.01985
Feature guidance terms: boundary=0.00992, intra=0.00000, neighbor=0.00000, diversity=0.00000

Weights: [7000.0, 600.0, 10.0, 50.0, 30.0, 3.0, 8000.0], lr=5.000e-05
Epoch: 0 [ 590/3000 (20%)] Loss: 48.82560 = L_Mnfld: 12.48332 + L_NonMnfld: 0.02576 + L_Eknl: 7.29874 + L_Morse: 4.51241 + L_thetaHessian: 6.47731 + L_thetaNeighbor: 1.75285 + L_Guidance: 157.32349
Epoch: 0 [ 590/3000 (20%)] Unweighted L_s : L_Mnfld: 0.00178 + L_NonMnfld: 0.00004 + L_Eknl: 0.14597 + L_Morse: 1.50414 + L_thetaHessian: 0.64773 + L_thetaNeighbor: 0.05843 + L_Guidance: 0.01967
Feature guidance terms: boundary=0.00983, intra=0.00000, neighbor=0.00000, diversity=0.00000

Weights: [7000.0, 600.0, 10.0, 50.0, 30.0, 3.0, 8000.0], lr=5.000e-05
Epoch: 0 [ 600/3000 (20%)] Loss: 46.09830 = L_Mnfld: 10.37478 + L_NonMnfld: 0.03403 + L_Eknl: 7.33037 + L_Morse: 4.45131 + L_thetaHessian: 6.71496 + L_thetaNeighbor: 1.82675 + L_Guidance: 163.14837
Epoch: 0 [ 600/3000 (20%)] Unweighted L_s : L_Mnfld: 0.00148 + L_NonMnfld: 0.00006 + L_Eknl: 0.14661 + L_Morse: 1.48377 + L_thetaHessian: 0.67150 + L_thetaNeighbor: 0.06089 + L_Guidance: 0.02039
Feature guidance terms: boundary=0.01020, intra=0.00000, neighbor=0.00000, diversity=0.00000

Weights: [7000.0, 600.0, 10.0, 50.0, 30.0, 2.955015, 8000.0], lr=5.000e-05
Epoch: 0 [ 610/3000 (20%)] Loss: 48.94376 = L_Mnfld: 12.84785 + L_NonMnfld: 0.02725 + L_Eknl: 7.12108 + L_Morse: 4.34037 + L_thetaHessian: 6.54862 + L_thetaNeighbor: 1.74400 + L_Guidance: 162.40355
Epoch: 0 [ 610/3000 (20%)] Unweighted L_s : L_Mnfld: 0.00184 + L_NonMnfld: 0.00005 + L_Eknl: 0.14242 + L_Morse: 1.46881 + L_thetaHessian: 0.65486 + L_thetaNeighbor: 0.05813 + L_Guidance: 0.02030
Feature guidance terms: boundary=0.01015, intra=0.00000, neighbor=0.00000, diversity=0.00000

Weights: [7000.0, 600.0, 10.0, 50.0, 30.0, 2.905031666666667, 8000.0], lr=5.000e-05
Epoch: 0 [ 620/3000 (21%)] Loss: 45.85476 = L_Mnfld: 10.73307 + L_NonMnfld: 0.03896 + L_Eknl: 7.21895 + L_Morse: 4.19330 + L_thetaHessian: 6.55569 + L_thetaNeighbor: 1.82987 + L_Guidance: 163.41524
Epoch: 0 [ 620/3000 (21%)] Unweighted L_s : L_Mnfld: 0.00153 + L_NonMnfld: 0.00006 + L_Eknl: 0.14438 + L_Morse: 1.44346 + L_thetaHessian: 0.65557 + L_thetaNeighbor: 0.06100 + L_Guidance: 0.02043
Feature guidance terms: boundary=0.01021, intra=0.00000, neighbor=0.00000, diversity=0.00000

Weights: [7000.0, 600.0, 10.0, 50.0, 30.0, 2.8550483333333334, 8000.0], lr=5.000e-05
Epoch: 0 [ 630/3000 (21%)] Loss: 47.20177 = L_Mnfld: 12.25785 + L_NonMnfld: 0.02947 + L_Eknl: 6.84824 + L_Morse: 4.09171 + L_thetaHessian: 6.51958 + L_thetaNeighbor: 1.72099 + L_Guidance: 157.96159
Epoch: 0 [ 630/3000 (21%)] Unweighted L_s : L_Mnfld: 0.00175 + L_NonMnfld: 0.00005 + L_Eknl: 0.13696 + L_Morse: 1.43315 + L_thetaHessian: 0.65196 + L_thetaNeighbor: 0.05737 + L_Guidance: 0.01975
Feature guidance terms: boundary=0.00987, intra=0.00000, neighbor=0.00000, diversity=0.00000

Weights: [7000.0, 600.0, 10.0, 50.0, 30.0, 2.8050650000000004, 8000.0], lr=5.000e-05
Epoch: 0 [ 640/3000 (21%)] Loss: 44.78959 = L_Mnfld: 10.75384 + L_NonMnfld: 0.03775 + L_Eknl: 6.79415 + L_Morse: 3.97232 + L_thetaHessian: 6.52967 + L_thetaNeighbor: 1.77200 + L_Guidance: 153.72777
Epoch: 0 [ 640/3000 (21%)] Unweighted L_s : L_Mnfld: 0.00154 + L_NonMnfld: 0.00006 + L_Eknl: 0.13588 + L_Morse: 1.41612 + L_thetaHessian: 0.65297 + L_thetaNeighbor: 0.05907 + L_Guidance: 0.01922
Feature guidance terms: boundary=0.00961, intra=0.00000, neighbor=0.00000, diversity=0.00000

Weights: [7000.0, 600.0, 10.0, 50.0, 30.0, 2.755081666666667, 8000.0], lr=5.000e-05
Epoch: 0 [ 650/3000 (22%)] Loss: 46.17239 = L_Mnfld: 12.00673 + L_NonMnfld: 0.02454 + L_Eknl: 6.58770 + L_Morse: 3.87426 + L_thetaHessian: 6.51167 + L_thetaNeighbor: 1.77669 + L_Guidance: 153.45055
Epoch: 0 [ 650/3000 (22%)] Unweighted L_s : L_Mnfld: 0.00172 + L_NonMnfld: 0.00004 + L_Eknl: 0.13175 + L_Morse: 1.40622 + L_thetaHessian: 0.65117 + L_thetaNeighbor: 0.05922 + L_Guidance: 0.01918
Feature guidance terms: boundary=0.00959, intra=0.00000, neighbor=0.00000, diversity=0.00000

Weights: [7000.0, 600.0, 10.0, 50.0, 30.0, 2.7050983333333334, 8000.0], lr=5.000e-05
Epoch: 0 [ 660/3000 (22%)] Loss: 43.20826 = L_Mnfld: 10.20412 + L_NonMnfld: 0.03546 + L_Eknl: 6.51695 + L_Morse: 3.76931 + L_thetaHessian: 6.50136 + L_thetaNeighbor: 1.77830 + L_Guidance: 152.30094
Epoch: 0 [ 660/3000 (22%)] Unweighted L_s : L_Mnfld: 0.00146 + L_NonMnfld: 0.00006 + L_Eknl: 0.13034 + L_Morse: 1.39341 + L_thetaHessian: 0.65014 + L_thetaNeighbor: 0.05928 + L_Guidance: 0.01904
Feature guidance terms: boundary=0.00952, intra=0.00000, neighbor=0.00000, diversity=0.00000

Weights: [7000.0, 600.0, 10.0, 50.0, 30.0, 2.6551150000000003, 8000.0], lr=5.000e-05
Epoch: 0 [ 670/3000 (22%)] Loss: 45.92614 = L_Mnfld: 12.17853 + L_NonMnfld: 0.02375 + L_Eknl: 6.35223 + L_Morse: 3.67053 + L_thetaHessian: 6.58662 + L_thetaNeighbor: 1.80577 + L_Guidance: 152.31207
Epoch: 0 [ 670/3000 (22%)] Unweighted L_s : L_Mnfld: 0.00174 + L_NonMnfld: 0.00004 + L_Eknl: 0.12704 + L_Morse: 1.38244 + L_thetaHessian: 0.65866 + L_thetaNeighbor: 0.06019 + L_Guidance: 0.01904
Feature guidance terms: boundary=0.00952, intra=0.00000, neighbor=0.00000, diversity=0.00000

Weights: [7000.0, 600.0, 10.0, 50.0, 30.0, 2.605131666666667, 8000.0], lr=5.000e-05
Epoch: 0 [ 680/3000 (23%)] Loss: 42.78397 = L_Mnfld: 10.02701 + L_NonMnfld: 0.03116 + L_Eknl: 6.34115 + L_Morse: 3.57530 + L_thetaHessian: 6.68701 + L_thetaNeighbor: 1.86102 + L_Guidance: 155.35127
Epoch: 0 [ 680/3000 (23%)] Unweighted L_s : L_Mnfld: 0.00143 + L_NonMnfld: 0.00005 + L_Eknl: 0.12682 + L_Morse: 1.37241 + L_thetaHessian: 0.66870 + L_thetaNeighbor: 0.06203 + L_Guidance: 0.01942
Feature guidance terms: boundary=0.00971, intra=0.00000, neighbor=0.00000, diversity=0.00000

Weights: [7000.0, 600.0, 10.0, 50.0, 30.0, 2.555148333333334, 8000.0], lr=5.000e-05
Epoch: 0 [ 690/3000 (23%)] Loss: 46.10916 = L_Mnfld: 12.54571 + L_NonMnfld: 0.02770 + L_Eknl: 6.14644 + L_Morse: 3.50492 + L_thetaHessian: 6.67113 + L_thetaNeighbor: 1.84354 + L_Guidance: 153.83674
Epoch: 0 [ 690/3000 (23%)] Unweighted L_s : L_Mnfld: 0.00179 + L_NonMnfld: 0.00005 + L_Eknl: 0.12293 + L_Morse: 1.37171 + L_thetaHessian: 0.66711 + L_thetaNeighbor: 0.06145 + L_Guidance: 0.01923
Feature guidance terms: boundary=0.00961, intra=0.00000, neighbor=0.00000, diversity=0.00000

Weights: [7000.0, 600.0, 10.0, 50.0, 30.0, 2.505165, 8000.0], lr=5.000e-05
Epoch: 0 [ 700/3000 (23%)] Loss: 42.81586 = L_Mnfld: 10.58062 + L_NonMnfld: 0.03772 + L_Eknl: 6.14231 + L_Morse: 3.40178 + L_thetaHessian: 6.57014 + L_thetaNeighbor: 1.81134 + L_Guidance: 150.16986
Epoch: 0 [ 700/3000 (23%)] Unweighted L_s : L_Mnfld: 0.00151 + L_NonMnfld: 0.00006 + L_Eknl: 0.12285 + L_Morse: 1.35791 + L_thetaHessian: 0.65701 + L_thetaNeighbor: 0.06038 + L_Guidance: 0.01877
Feature guidance terms: boundary=0.00939, intra=0.00000, neighbor=0.00000, diversity=0.00000

Weights: [7000.0, 600.0, 10.0, 50.0, 30.0, 2.455181666666667, 8000.0], lr=5.000e-05
Epoch: 0 [ 710/3000 (24%)] Loss: 44.48251 = L_Mnfld: 11.95544 + L_NonMnfld: 0.02471 + L_Eknl: 5.99946 + L_Morse: 3.31502 + L_thetaHessian: 6.54299 + L_thetaNeighbor: 1.81738 + L_Guidance: 149.06491
Epoch: 0 [ 710/3000 (24%)] Unweighted L_s : L_Mnfld: 0.00171 + L_NonMnfld: 0.00004 + L_Eknl: 0.11999 + L_Morse: 1.35021 + L_thetaHessian: 0.65430 + L_thetaNeighbor: 0.06058 + L_Guidance: 0.01863
Feature guidance terms: boundary=0.00932, intra=0.00000, neighbor=0.00000, diversity=0.00000

Weights: [7000.0, 600.0, 10.0, 50.0, 30.0, 2.4051983333333338, 8000.0], lr=5.000e-05
Epoch: 0 [ 720/3000 (24%)] Loss: 41.38111 = L_Mnfld: 10.01704 + L_NonMnfld: 0.04131 + L_Eknl: 5.95227 + L_Morse: 3.22042 + L_thetaHessian: 6.49293 + L_thetaNeighbor: 1.86345 + L_Guidance: 150.06799
Epoch: 0 [ 720/3000 (24%)] Unweighted L_s : L_Mnfld: 0.00143 + L_NonMnfld: 0.00007 + L_Eknl: 0.11905 + L_Morse: 1.33894 + L_thetaHessian: 0.64929 + L_thetaNeighbor: 0.06211 + L_Guidance: 0.01876
Feature guidance terms: boundary=0.00938, intra=0.00000, neighbor=0.00000, diversity=0.00000

Weights: [7000.0, 600.0, 10.0, 50.0, 30.0, 2.3552150000000003, 8000.0], lr=5.000e-05
Epoch: 0 [ 730/3000 (24%)] Loss: 43.84396 = L_Mnfld: 11.92859 + L_NonMnfld: 0.02537 + L_Eknl: 5.82243 + L_Morse: 3.13256 + L_thetaHessian: 6.48970 + L_thetaNeighbor: 1.83066 + L_Guidance: 148.84505
Epoch: 0 [ 730/3000 (24%)] Unweighted L_s : L_Mnfld: 0.00170 + L_NonMnfld: 0.00004 + L_Eknl: 0.11645 + L_Morse: 1.33005 + L_thetaHessian: 0.64897 + L_thetaNeighbor: 0.06102 + L_Guidance: 0.01861
Feature guidance terms: boundary=0.00930, intra=0.00000, neighbor=0.00000, diversity=0.00000

Weights: [7000.0, 600.0, 10.0, 50.0, 30.0, 2.305231666666667, 8000.0], lr=5.000e-05
Epoch: 0 [ 740/3000 (25%)] Loss: 42.44397 = L_Mnfld: 10.40196 + L_NonMnfld: 0.04036 + L_Eknl: 5.84534 + L_Morse: 3.04913 + L_thetaHessian: 7.06722 + L_thetaNeighbor: 1.89196 + L_Guidance: 167.86933
Epoch: 0 [ 740/3000 (25%)] Unweighted L_s : L_Mnfld: 0.00149 + L_NonMnfld: 0.00007 + L_Eknl: 0.11691 + L_Morse: 1.32270 + L_thetaHessian: 0.70672 + L_thetaNeighbor: 0.06307 + L_Guidance: 0.02098
Feature guidance terms: boundary=0.01049, intra=0.00000, neighbor=0.00000, diversity=0.00000

Weights: [7000.0, 600.0, 10.0, 50.0, 30.0, 2.2552483333333333, 8000.0], lr=5.000e-05
Epoch: 0 [ 750/3000 (25%)] Loss: 43.54560 = L_Mnfld: 11.98516 + L_NonMnfld: 0.03294 + L_Eknl: 5.74276 + L_Morse: 2.96038 + L_thetaHessian: 6.48326 + L_thetaNeighbor: 1.82590 + L_Guidance: 149.58195
Epoch: 0 [ 750/3000 (25%)] Unweighted L_s : L_Mnfld: 0.00171 + L_NonMnfld: 0.00005 + L_Eknl: 0.11486 + L_Morse: 1.31266 + L_thetaHessian: 0.64833 + L_thetaNeighbor: 0.06086 + L_Guidance: 0.01870
Feature guidance terms: boundary=0.00935, intra=0.00000, neighbor=0.00000, diversity=0.00000

Weights: [7000.0, 600.0, 10.0, 50.0, 30.0, 2.2052650000000003, 8000.0], lr=5.000e-05
Epoch: 0 [ 760/3000 (25%)] Loss: 41.29595 = L_Mnfld: 10.34358 + L_NonMnfld: 0.06193 + L_Eknl: 5.72195 + L_Morse: 2.89999 + L_thetaHessian: 6.71734 + L_thetaNeighbor: 1.78585 + L_Guidance: 169.14754
Epoch: 0 [ 760/3000 (25%)] Unweighted L_s : L_Mnfld: 0.00148 + L_NonMnfld: 0.00010 + L_Eknl: 0.11444 + L_Morse: 1.31503 + L_thetaHessian: 0.67173 + L_thetaNeighbor: 0.05953 + L_Guidance: 0.02114
Feature guidance terms: boundary=0.01057, intra=0.00000, neighbor=0.00000, diversity=0.00000

Weights: [7000.0, 600.0, 10.0, 50.0, 30.0, 2.1552816666666663, 8000.0], lr=5.000e-05
Epoch: 0 [ 770/3000 (26%)] Loss: 43.13600 = L_Mnfld: 11.91832 + L_NonMnfld: 0.02800 + L_Eknl: 5.54925 + L_Morse: 2.81522 + L_thetaHessian: 6.65628 + L_thetaNeighbor: 1.79028 + L_Guidance: 167.25968
Epoch: 0 [ 770/3000 (26%)] Unweighted L_s : L_Mnfld: 0.00170 + L_NonMnfld: 0.00005 + L_Eknl: 0.11099 + L_Morse: 1.30619 + L_thetaHessian: 0.66563 + L_thetaNeighbor: 0.05968 + L_Guidance: 0.02091
Feature guidance terms: boundary=0.01045, intra=0.00000, neighbor=0.00000, diversity=0.00000

Weights: [7000.0, 600.0, 10.0, 50.0, 30.0, 2.1052983333333337, 8000.0], lr=5.000e-05
Epoch: 0 [ 780/3000 (26%)] Loss: 40.08327 = L_Mnfld: 10.27553 + L_NonMnfld: 0.02767 + L_Eknl: 5.54179 + L_Morse: 2.71376 + L_thetaHessian: 6.47293 + L_thetaNeighbor: 1.69050 + L_Guidance: 159.33004
Epoch: 0 [ 780/3000 (26%)] Unweighted L_s : L_Mnfld: 0.00147 + L_NonMnfld: 0.00005 + L_Eknl: 0.11084 + L_Morse: 1.28902 + L_thetaHessian: 0.64729 + L_thetaNeighbor: 0.05635 + L_Guidance: 0.01992
Feature guidance terms: boundary=0.00996, intra=0.00000, neighbor=0.00000, diversity=0.00000

Weights: [7000.0, 600.0, 10.0, 50.0, 30.0, 2.055315, 8000.0], lr=5.000e-05
Epoch: 0 [ 790/3000 (26%)] Loss: 42.37222 = L_Mnfld: 12.02412 + L_NonMnfld: 0.02991 + L_Eknl: 5.40897 + L_Morse: 2.64311 + L_thetaHessian: 6.40196 + L_thetaNeighbor: 1.74007 + L_Guidance: 152.54229
Epoch: 0 [ 790/3000 (26%)] Unweighted L_s : L_Mnfld: 0.00172 + L_NonMnfld: 0.00005 + L_Eknl: 0.10818 + L_Morse: 1.28599 + L_thetaHessian: 0.64020 + L_thetaNeighbor: 0.05800 + L_Guidance: 0.01907
Feature guidance terms: boundary=0.00953, intra=0.00000, neighbor=0.00000, diversity=0.00000

Weights: [7000.0, 600.0, 10.0, 50.0, 30.0, 2.005331666666667, 8000.0], lr=5.000e-05
Epoch: 0 [ 800/3000 (27%)] Loss: 39.63571 = L_Mnfld: 10.17334 + L_NonMnfld: 0.03810 + L_Eknl: 5.43719 + L_Morse: 2.56000 + L_thetaHessian: 6.45054 + L_thetaNeighbor: 1.76464 + L_Guidance: 150.45565
Epoch: 0 [ 800/3000 (27%)] Unweighted L_s : L_Mnfld: 0.00145 + L_NonMnfld: 0.00006 + L_Eknl: 0.10874 + L_Morse: 1.27660 + L_thetaHessian: 0.64505 + L_thetaNeighbor: 0.05882 + L_Guidance: 0.01881
Feature guidance terms: boundary=0.00940, intra=0.00000, neighbor=0.00000, diversity=0.00000

Weights: [7000.0, 600.0, 10.0, 50.0, 30.0, 1.9553483333333335, 8000.0], lr=5.000e-05
Epoch: 0 [ 810/3000 (27%)] Loss: 41.07453 = L_Mnfld: 11.36388 + L_NonMnfld: 0.02461 + L_Eknl: 5.25289 + L_Morse: 2.47377 + L_thetaHessian: 6.42980 + L_thetaNeighbor: 1.83807 + L_Guidance: 153.56894
Epoch: 0 [ 810/3000 (27%)] Unweighted L_s : L_Mnfld: 0.00162 + L_NonMnfld: 0.00004 + L_Eknl: 0.10506 + L_Morse: 1.26513 + L_thetaHessian: 0.64298 + L_thetaNeighbor: 0.06127 + L_Guidance: 0.01920
Feature guidance terms: boundary=0.00960, intra=0.00000, neighbor=0.00000, diversity=0.00000

Weights: [7000.0, 600.0, 10.0, 50.0, 30.0, 1.905365, 8000.0], lr=5.000e-05
Epoch: 0 [ 820/3000 (27%)] Loss: 38.74436 = L_Mnfld: 9.80740 + L_NonMnfld: 0.02526 + L_Eknl: 5.31346 + L_Morse: 2.40384 + L_thetaHessian: 6.45936 + L_thetaNeighbor: 1.82024 + L_Guidance: 148.43355
Epoch: 0 [ 820/3000 (27%)] Unweighted L_s : L_Mnfld: 0.00140 + L_NonMnfld: 0.00004 + L_Eknl: 0.10627 + L_Morse: 1.26162 + L_thetaHessian: 0.64594 + L_thetaNeighbor: 0.06067 + L_Guidance: 0.01855
Feature guidance terms: boundary=0.00928, intra=0.00000, neighbor=0.00000, diversity=0.00000

Weights: [7000.0, 600.0, 10.0, 50.0, 30.0, 1.855381666666667, 8000.0], lr=5.000e-05
Epoch: 0 [ 830/3000 (28%)] Loss: 41.26548 = L_Mnfld: 11.78086 + L_NonMnfld: 0.02074 + L_Eknl: 5.17471 + L_Morse: 2.31900 + L_thetaHessian: 6.40953 + L_thetaNeighbor: 1.80548 + L_Guidance: 147.06556
Epoch: 0 [ 830/3000 (28%)] Unweighted L_s : L_Mnfld: 0.00168 + L_NonMnfld: 0.00003 + L_Eknl: 0.10349 + L_Morse: 1.24988 + L_thetaHessian: 0.64095 + L_thetaNeighbor: 0.06018 + L_Guidance: 0.01838
Feature guidance terms: boundary=0.00919, intra=0.00000, neighbor=0.00000, diversity=0.00000

Weights: [7000.0, 600.0, 10.0, 50.0, 30.0, 1.8053983333333334, 8000.0], lr=5.000e-05
Epoch: 0 [ 840/3000 (28%)] Loss: 38.09952 = L_Mnfld: 9.76752 + L_NonMnfld: 0.02886 + L_Eknl: 5.14030 + L_Morse: 2.25519 + L_thetaHessian: 6.37874 + L_thetaNeighbor: 1.82908 + L_Guidance: 145.27474
Epoch: 0 [ 840/3000 (28%)] Unweighted L_s : L_Mnfld: 0.00140 + L_NonMnfld: 0.00005 + L_Eknl: 0.10281 + L_Morse: 1.24914 + L_thetaHessian: 0.63787 + L_thetaNeighbor: 0.06097 + L_Guidance: 0.01816
Feature guidance terms: boundary=0.00908, intra=0.00000, neighbor=0.00000, diversity=0.00000

Weights: [7000.0, 600.0, 10.0, 50.0, 30.0, 1.7554150000000006, 8000.0], lr=5.000e-05
Epoch: 0 [ 850/3000 (28%)] Loss: 40.74913 = L_Mnfld: 11.69472 + L_NonMnfld: 0.02699 + L_Eknl: 5.04983 + L_Morse: 2.17645 + L_thetaHessian: 6.37281 + L_thetaNeighbor: 1.84529 + L_Guidance: 144.08340
Epoch: 0 [ 850/3000 (28%)] Unweighted L_s : L_Mnfld: 0.00167 + L_NonMnfld: 0.00004 + L_Eknl: 0.10100 + L_Morse: 1.23985 + L_thetaHessian: 0.63728 + L_thetaNeighbor: 0.06151 + L_Guidance: 0.01801
Feature guidance terms: boundary=0.00901, intra=0.00000, neighbor=0.00000, diversity=0.00000

Weights: [7000.0, 600.0, 10.0, 50.0, 30.0, 1.705431666666667, 8000.0], lr=5.000e-05
Epoch: 0 [ 860/3000 (29%)] Loss: 38.84671 = L_Mnfld: 10.22744 + L_NonMnfld: 0.03537 + L_Eknl: 5.06970 + L_Morse: 2.10759 + L_thetaHessian: 6.56191 + L_thetaNeighbor: 1.89580 + L_Guidance: 149.49174
Epoch: 0 [ 860/3000 (29%)] Unweighted L_s : L_Mnfld: 0.00146 + L_NonMnfld: 0.00006 + L_Eknl: 0.10139 + L_Morse: 1.23581 + L_thetaHessian: 0.65619 + L_thetaNeighbor: 0.06319 + L_Guidance: 0.01869
Feature guidance terms: boundary=0.00934, intra=0.00000, neighbor=0.00000, diversity=0.00000

Weights: [7000.0, 600.0, 10.0, 50.0, 30.0, 1.6554483333333332, 8000.0], lr=5.000e-05
Epoch: 0 [ 870/3000 (29%)] Loss: 40.93536 = L_Mnfld: 11.63715 + L_NonMnfld: 0.03662 + L_Eknl: 4.99131 + L_Morse: 2.02927 + L_thetaHessian: 6.70408 + L_thetaNeighbor: 1.89181 + L_Guidance: 152.58528
Epoch: 0 [ 870/3000 (29%)] Unweighted L_s : L_Mnfld: 0.00166 + L_NonMnfld: 0.00006 + L_Eknl: 0.09983 + L_Morse: 1.22581 + L_thetaHessian: 0.67041 + L_thetaNeighbor: 0.06306 + L_Guidance: 0.01907
Feature guidance terms: boundary=0.00954, intra=0.00000, neighbor=0.00000, diversity=0.00000

Weights: [7000.0, 600.0, 10.0, 50.0, 30.0, 1.6054650000000006, 8000.0], lr=5.000e-05
Epoch: 0 [ 880/3000 (29%)] Loss: 38.39224 = L_Mnfld: 10.12678 + L_NonMnfld: 0.02403 + L_Eknl: 4.92353 + L_Morse: 1.96732 + L_thetaHessian: 6.56932 + L_thetaNeighbor: 1.98385 + L_Guidance: 152.70752
Epoch: 0 [ 880/3000 (29%)] Unweighted L_s : L_Mnfld: 0.00145 + L_NonMnfld: 0.00004 + L_Eknl: 0.09847 + L_Morse: 1.22539 + L_thetaHessian: 0.65693 + L_thetaNeighbor: 0.06613 + L_Guidance: 0.01909
Feature guidance terms: boundary=0.00954, intra=0.00000, neighbor=0.00000, diversity=0.00000

Weights: [7000.0, 600.0, 10.0, 50.0, 30.0, 1.5554816666666667, 8000.0], lr=5.000e-05
Epoch: 0 [ 890/3000 (30%)] Loss: 40.18588 = L_Mnfld: 11.60752 + L_NonMnfld: 0.02456 + L_Eknl: 4.88856 + L_Morse: 1.88591 + L_thetaHessian: 6.49544 + L_thetaNeighbor: 1.88859 + L_Guidance: 147.06641
Epoch: 0 [ 890/3000 (30%)] Unweighted L_s : L_Mnfld: 0.00166 + L_NonMnfld: 0.00004 + L_Eknl: 0.09777 + L_Morse: 1.21243 + L_thetaHessian: 0.64954 + L_thetaNeighbor: 0.06295 + L_Guidance: 0.01838
Feature guidance terms: boundary=0.00919, intra=0.00000, neighbor=0.00000, diversity=0.00000

Weights: [7000.0, 600.0, 10.0, 50.0, 30.0, 1.5054983333333332, 8000.0], lr=5.000e-05
Epoch: 0 [ 900/3000 (30%)] Loss: 38.04286 = L_Mnfld: 10.34726 + L_NonMnfld: 0.02592 + L_Eknl: 4.96244 + L_Morse: 1.82274 + L_thetaHessian: 6.33845 + L_thetaNeighbor: 1.86509 + L_Guidance: 144.60710
Epoch: 0 [ 900/3000 (30%)] Unweighted L_s : L_Mnfld: 0.00148 + L_NonMnfld: 0.00004 + L_Eknl: 0.09925 + L_Morse: 1.21072 + L_thetaHessian: 0.63385 + L_thetaNeighbor: 0.06217 + L_Guidance: 0.01808
Feature guidance terms: boundary=0.00904, intra=0.00000, neighbor=0.00000, diversity=0.00000

Weights: [7000.0, 600.0, 10.0, 50.0, 30.0, 1.4555150000000001, 8000.0], lr=5.000e-05
Epoch: 0 [ 910/3000 (30%)] Loss: 38.75376 = L_Mnfld: 11.00361 + L_NonMnfld: 0.01568 + L_Eknl: 4.82968 + L_Morse: 1.74291 + L_thetaHessian: 6.38036 + L_thetaNeighbor: 1.86360 + L_Guidance: 146.48677
Epoch: 0 [ 910/3000 (30%)] Unweighted L_s : L_Mnfld: 0.00157 + L_NonMnfld: 0.00003 + L_Eknl: 0.09659 + L_Morse: 1.19745 + L_thetaHessian: 0.63804 + L_thetaNeighbor: 0.06212 + L_Guidance: 0.01831
Feature guidance terms: boundary=0.00916, intra=0.00000, neighbor=0.00000, diversity=0.00000

Weights: [7000.0, 600.0, 10.0, 50.0, 30.0, 1.4055316666666666, 8000.0], lr=5.000e-05
Epoch: 0 [ 920/3000 (31%)] Loss: 36.59607 = L_Mnfld: 9.75092 + L_NonMnfld: 0.02334 + L_Eknl: 4.80971 + L_Morse: 1.67326 + L_thetaHessian: 6.32852 + L_thetaNeighbor: 1.81163 + L_Guidance: 148.08252
Epoch: 0 [ 920/3000 (31%)] Unweighted L_s : L_Mnfld: 0.00139 + L_NonMnfld: 0.00004 + L_Eknl: 0.09619 + L_Morse: 1.19048 + L_thetaHessian: 0.63285 + L_thetaNeighbor: 0.06039 + L_Guidance: 0.01851
Feature guidance terms: boundary=0.00926, intra=0.00000, neighbor=0.00000, diversity=0.00000

Weights: [7000.0, 600.0, 10.0, 50.0, 30.0, 1.355548333333334, 8000.0], lr=5.000e-05
Epoch: 0 [ 930/3000 (31%)] Loss: 37.96914 = L_Mnfld: 10.88592 + L_NonMnfld: 0.02221 + L_Eknl: 4.69286 + L_Morse: 1.60567 + L_thetaHessian: 6.22579 + L_thetaNeighbor: 1.88031 + L_Guidance: 144.98793
Epoch: 0 [ 930/3000 (31%)] Unweighted L_s : L_Mnfld: 0.00156 + L_NonMnfld: 0.00004 + L_Eknl: 0.09386 + L_Morse: 1.18451 + L_thetaHessian: 0.62258 + L_thetaNeighbor: 0.06268 + L_Guidance: 0.01812
Feature guidance terms: boundary=0.00906, intra=0.00000, neighbor=0.00000, diversity=0.00000

Weights: [7000.0, 600.0, 10.0, 50.0, 30.0, 1.305565, 8000.0], lr=5.000e-05
Epoch: 0 [ 940/3000 (31%)] Loss: 35.09549 = L_Mnfld: 9.04582 + L_NonMnfld: 0.02828 + L_Eknl: 4.66191 + L_Morse: 1.54068 + L_thetaHessian: 6.24530 + L_thetaNeighbor: 1.87500 + L_Guidance: 142.33764
Epoch: 0 [ 940/3000 (31%)] Unweighted L_s : L_Mnfld: 0.00129 + L_NonMnfld: 0.00005 + L_Eknl: 0.09324 + L_Morse: 1.18009 + L_thetaHessian: 0.62453 + L_thetaNeighbor: 0.06250 + L_Guidance: 0.01779
Feature guidance terms: boundary=0.00890, intra=0.00000, neighbor=0.00000, diversity=0.00000

Weights: [7000.0, 600.0, 10.0, 50.0, 30.0, 1.2555816666666666, 8000.0], lr=5.000e-05
Epoch: 0 [ 950/3000 (32%)] Loss: 38.77846 = L_Mnfld: 11.57874 + L_NonMnfld: 0.02021 + L_Eknl: 4.57718 + L_Morse: 1.47443 + L_thetaHessian: 6.29923 + L_thetaNeighbor: 1.90252 + L_Guidance: 149.25744
Epoch: 0 [ 950/3000 (32%)] Unweighted L_s : L_Mnfld: 0.00165 + L_NonMnfld: 0.00003 + L_Eknl: 0.09154 + L_Morse: 1.17430 + L_thetaHessian: 0.62992 + L_thetaNeighbor: 0.06342 + L_Guidance: 0.01866
Feature guidance terms: boundary=0.00933, intra=0.00000, neighbor=0.00000, diversity=0.00000

Weights: [7000.0, 600.0, 10.0, 50.0, 30.0, 1.2055983333333335, 8000.0], lr=5.000e-05
Epoch: 0 [ 960/3000 (32%)] Loss: 36.90631 = L_Mnfld: 9.81173 + L_NonMnfld: 0.02408 + L_Eknl: 4.61076 + L_Morse: 1.41508 + L_thetaHessian: 6.80875 + L_thetaNeighbor: 1.93379 + L_Guidance: 157.53119
Epoch: 0 [ 960/3000 (32%)] Unweighted L_s : L_Mnfld: 0.00140 + L_NonMnfld: 0.00004 + L_Eknl: 0.09222 + L_Morse: 1.17376 + L_thetaHessian: 0.68088 + L_thetaNeighbor: 0.06446 + L_Guidance: 0.01969
Feature guidance terms: boundary=0.00985, intra=0.00000, neighbor=0.00000, diversity=0.00000

Weights: [7000.0, 600.0, 10.0, 50.0, 30.0, 1.155615, 8000.0], lr=5.000e-05
Epoch: 0 [ 970/3000 (32%)] Loss: 38.98333 = L_Mnfld: 11.37906 + L_NonMnfld: 0.02500 + L_Eknl: 4.63852 + L_Morse: 1.35575 + L_thetaHessian: 6.57921 + L_thetaNeighbor: 2.01134 + L_Guidance: 161.29163
Epoch: 0 [ 970/3000 (32%)] Unweighted L_s : L_Mnfld: 0.00163 + L_NonMnfld: 0.00004 + L_Eknl: 0.09277 + L_Morse: 1.17319 + L_thetaHessian: 0.65792 + L_thetaNeighbor: 0.06704 + L_Guidance: 0.02016
Feature guidance terms: boundary=0.01008, intra=0.00000, neighbor=0.00000, diversity=0.00000

Weights: [7000.0, 600.0, 10.0, 50.0, 30.0, 1.1056316666666672, 8000.0], lr=5.000e-05
Epoch: 0 [ 980/3000 (33%)] Loss: 38.07153 = L_Mnfld: 10.85835 + L_NonMnfld: 0.02676 + L_Eknl: 4.73878 + L_Morse: 1.29807 + L_thetaHessian: 6.51617 + L_thetaNeighbor: 1.94288 + L_Guidance: 154.58453
Epoch: 0 [ 980/3000 (33%)] Unweighted L_s : L_Mnfld: 0.00155 + L_NonMnfld: 0.00004 + L_Eknl: 0.09478 + L_Morse: 1.17406 + L_thetaHessian: 0.65162 + L_thetaNeighbor: 0.06476 + L_Guidance: 0.01932
Feature guidance terms: boundary=0.00966, intra=0.00000, neighbor=0.00000, diversity=0.00000

Weights: [7000.0, 600.0, 10.0, 50.0, 30.0, 1.0556483333333335, 8000.0], lr=5.000e-05
Epoch: 0 [ 990/3000 (33%)] Loss: 36.66450 = L_Mnfld: 10.58042 + L_NonMnfld: 0.02390 + L_Eknl: 4.55106 + L_Morse: 1.23332 + L_thetaHessian: 6.18996 + L_thetaNeighbor: 1.86434 + L_Guidance: 150.68735
Epoch: 0 [ 990/3000 (33%)] Unweighted L_s : L_Mnfld: 0.00151 + L_NonMnfld: 0.00004 + L_Eknl: 0.09102 + L_Morse: 1.16830 + L_thetaHessian: 0.61900 + L_thetaNeighbor: 0.06214 + L_Guidance: 0.01884
Feature guidance terms: boundary=0.00942, intra=0.00000, neighbor=0.00000, diversity=0.00000

Weights: [7000.0, 600.0, 10.0, 50.0, 30.0, 1.005665, 8000.0], lr=5.000e-05
Epoch: 0 [1000/3000 (33%)] Loss: 36.37133 = L_Mnfld: 10.52630 + L_NonMnfld: 0.03061 + L_Eknl: 4.55456 + L_Morse: 1.17822 + L_thetaHessian: 6.12030 + L_thetaNeighbor: 1.83756 + L_Guidance: 144.79439
Epoch: 0 [1000/3000 (33%)] Unweighted L_s : L_Mnfld: 0.00150 + L_NonMnfld: 0.00005 + L_Eknl: 0.09109 + L_Morse: 1.17158 + L_thetaHessian: 0.61203 + L_thetaNeighbor: 0.06125 + L_Guidance: 0.01810
Feature guidance terms: boundary=0.00905, intra=0.00000, neighbor=0.00000, diversity=0.00000

Weights: [7000.0, 600.0, 10.0, 50.0, 30.0, 0.955681666666667, 8000.0], lr=5.000e-05
Epoch: 0 [1010/3000 (34%)] Loss: 35.73447 = L_Mnfld: 10.30268 + L_NonMnfld: 0.02198 + L_Eknl: 4.43890 + L_Morse: 1.10879 + L_thetaHessian: 6.09768 + L_thetaNeighbor: 1.85295 + L_Guidance: 142.83921
Epoch: 0 [1010/3000 (34%)] Unweighted L_s : L_Mnfld: 0.00147 + L_NonMnfld: 0.00004 + L_Eknl: 0.08878 + L_Morse: 1.16020 + L_thetaHessian: 0.60977 + L_thetaNeighbor: 0.06177 + L_Guidance: 0.01785
Feature guidance terms: boundary=0.00893, intra=0.00000, neighbor=0.00000, diversity=0.00000

Weights: [7000.0, 600.0, 10.0, 50.0, 30.0, 0.9056983333333335, 8000.0], lr=5.000e-05
Epoch: 0 [1020/3000 (34%)] Loss: 34.55573 = L_Mnfld: 9.43397 + L_NonMnfld: 0.02890 + L_Eknl: 4.50484 + L_Morse: 1.05382 + L_thetaHessian: 6.22171 + L_thetaNeighbor: 1.79390 + L_Guidance: 146.42051
Epoch: 0 [1020/3000 (34%)] Unweighted L_s : L_Mnfld: 0.00135 + L_NonMnfld: 0.00005 + L_Eknl: 0.09010 + L_Morse: 1.16355 + L_thetaHessian: 0.62217 + L_thetaNeighbor: 0.05980 + L_Guidance: 0.01830
Feature guidance terms: boundary=0.00915, intra=0.00000, neighbor=0.00000, diversity=0.00000

Weights: [7000.0, 600.0, 10.0, 50.0, 30.0, 0.855715, 8000.0], lr=5.000e-05
Epoch: 0 [1030/3000 (34%)] Loss: 36.21103 = L_Mnfld: 10.75030 + L_NonMnfld: 0.02133 + L_Eknl: 4.34343 + L_Morse: 0.99239 + L_thetaHessian: 6.17871 + L_thetaNeighbor: 1.85452 + L_Guidance: 149.22236
Epoch: 0 [1030/3000 (34%)] Unweighted L_s : L_Mnfld: 0.00154 + L_NonMnfld: 0.00004 + L_Eknl: 0.08687 + L_Morse: 1.15972 + L_thetaHessian: 0.61787 + L_thetaNeighbor: 0.06182 + L_Guidance: 0.01865
Feature guidance terms: boundary=0.00933, intra=0.00000, neighbor=0.00000, diversity=0.00000

Weights: [7000.0, 600.0, 10.0, 50.0, 30.0, 0.805731666666667, 8000.0], lr=5.000e-05
Epoch: 0 [1040/3000 (35%)] Loss: 33.39496 = L_Mnfld: 8.95507 + L_NonMnfld: 0.01899 + L_Eknl: 4.41191 + L_Morse: 0.93702 + L_thetaHessian: 6.06398 + L_thetaNeighbor: 1.87634 + L_Guidance: 142.42385
Epoch: 0 [1040/3000 (35%)] Unweighted L_s : L_Mnfld: 0.00128 + L_NonMnfld: 0.00003 + L_Eknl: 0.08824 + L_Morse: 1.16294 + L_thetaHessian: 0.60640 + L_thetaNeighbor: 0.06254 + L_Guidance: 0.01780
Feature guidance terms: boundary=0.00890, intra=0.00000, neighbor=0.00000, diversity=0.00000

Weights: [7000.0, 600.0, 10.0, 50.0, 30.0, 0.7557483333333335, 8000.0], lr=5.000e-05
Epoch: 0 [1050/3000 (35%)] Loss: 35.97030 = L_Mnfld: 10.82060 + L_NonMnfld: 0.01792 + L_Eknl: 4.28504 + L_Morse: 0.87482 + L_thetaHessian: 6.13864 + L_thetaNeighbor: 1.84318 + L_Guidance: 146.42006
Epoch: 0 [1050/3000 (35%)] Unweighted L_s : L_Mnfld: 0.00155 + L_NonMnfld: 0.00003 + L_Eknl: 0.08570 + L_Morse: 1.15755 + L_thetaHessian: 0.61386 + L_thetaNeighbor: 0.06144 + L_Guidance: 0.01830
Feature guidance terms: boundary=0.00915, intra=0.00000, neighbor=0.00000, diversity=0.00000

Weights: [7000.0, 600.0, 10.0, 50.0, 30.0, 0.7057650000000004, 8000.0], lr=5.000e-05
Epoch: 0 [1060/3000 (35%)] Loss: 33.24318 = L_Mnfld: 8.83767 + L_NonMnfld: 0.01922 + L_Eknl: 4.30436 + L_Morse: 0.82076 + L_thetaHessian: 6.35743 + L_thetaNeighbor: 1.82267 + L_Guidance: 160.91178
Epoch: 0 [1060/3000 (35%)] Unweighted L_s : L_Mnfld: 0.00126 + L_NonMnfld: 0.00003 + L_Eknl: 0.08609 + L_Morse: 1.16293 + L_thetaHessian: 0.63574 + L_thetaNeighbor: 0.06076 + L_Guidance: 0.02011
Feature guidance terms: boundary=0.01006, intra=0.00000, neighbor=0.00000, diversity=0.00000

Weights: [7000.0, 600.0, 10.0, 50.0, 30.0, 0.6557816666666669, 8000.0], lr=5.000e-05
Epoch: 0 [1070/3000 (36%)] Loss: 35.53162 = L_Mnfld: 10.73456 + L_NonMnfld: 0.01629 + L_Eknl: 4.20618 + L_Morse: 0.76149 + L_thetaHessian: 6.12322 + L_thetaNeighbor: 1.84601 + L_Guidance: 144.60182
Epoch: 0 [1070/3000 (36%)] Unweighted L_s : L_Mnfld: 0.00153 + L_NonMnfld: 0.00003 + L_Eknl: 0.08412 + L_Morse: 1.16120 + L_thetaHessian: 0.61232 + L_thetaNeighbor: 0.06153 + L_Guidance: 0.01808
Feature guidance terms: boundary=0.00904, intra=0.00000, neighbor=0.00000, diversity=0.00000

Weights: [7000.0, 600.0, 10.0, 50.0, 30.0, 0.6057983333333334, 8000.0], lr=5.000e-05
Epoch: 0 [1080/3000 (36%)] Loss: 32.98000 = L_Mnfld: 8.95301 + L_NonMnfld: 0.02463 + L_Eknl: 4.30335 + L_Morse: 0.70799 + L_thetaHessian: 6.11066 + L_thetaNeighbor: 1.88703 + L_Guidance: 142.02854
Epoch: 0 [1080/3000 (36%)] Unweighted L_s : L_Mnfld: 0.00128 + L_NonMnfld: 0.00004 + L_Eknl: 0.08607 + L_Morse: 1.16869 + L_thetaHessian: 0.61107 + L_thetaNeighbor: 0.06290 + L_Guidance: 0.01775
Feature guidance terms: boundary=0.00888, intra=0.00000, neighbor=0.00000, diversity=0.00000

Weights: [7000.0, 600.0, 10.0, 50.0, 30.0, 0.5558150000000004, 8000.0], lr=5.000e-05
Epoch: 0 [1090/3000 (36%)] Loss: 35.11271 = L_Mnfld: 10.61055 + L_NonMnfld: 0.02279 + L_Eknl: 4.19412 + L_Morse: 0.64662 + L_thetaHessian: 6.07888 + L_thetaNeighbor: 1.85550 + L_Guidance: 149.58288
Epoch: 0 [1090/3000 (36%)] Unweighted L_s : L_Mnfld: 0.00152 + L_NonMnfld: 0.00004 + L_Eknl: 0.08388 + L_Morse: 1.16338 + L_thetaHessian: 0.60789 + L_thetaNeighbor: 0.06185 + L_Guidance: 0.01870
Feature guidance terms: boundary=0.00935, intra=0.00000, neighbor=0.00000, diversity=0.00000

Weights: [7000.0, 600.0, 10.0, 50.0, 30.0, 0.5058316666666669, 8000.0], lr=5.000e-05
Epoch: 0 [1100/3000 (37%)] Loss: 33.55754 = L_Mnfld: 9.53039 + L_NonMnfld: 0.02670 + L_Eknl: 4.29355 + L_Morse: 0.59736 + L_thetaHessian: 6.00856 + L_thetaNeighbor: 1.91514 + L_Guidance: 141.38415
Epoch: 0 [1100/3000 (37%)] Unweighted L_s : L_Mnfld: 0.00136 + L_NonMnfld: 0.00004 + L_Eknl: 0.08587 + L_Morse: 1.18094 + L_thetaHessian: 0.60086 + L_thetaNeighbor: 0.06384 + L_Guidance: 0.01767
Feature guidance terms: boundary=0.00884, intra=0.00000, neighbor=0.00000, diversity=0.00000

Weights: [7000.0, 600.0, 10.0, 50.0, 30.0, 0.45584833333333385, 8000.0], lr=5.000e-05
Epoch: 0 [1110/3000 (37%)] Loss: 33.99173 = L_Mnfld: 10.09048 + L_NonMnfld: 0.01964 + L_Eknl: 4.17500 + L_Morse: 0.53567 + L_thetaHessian: 5.96593 + L_thetaNeighbor: 1.87442 + L_Guidance: 142.46929
Epoch: 0 [1110/3000 (37%)] Unweighted L_s : L_Mnfld: 0.00144 + L_NonMnfld: 0.00003 + L_Eknl: 0.08350 + L_Morse: 1.17511 + L_thetaHessian: 0.59659 + L_thetaNeighbor: 0.06248 + L_Guidance: 0.01781
Feature guidance terms: boundary=0.00890, intra=0.00000, neighbor=0.00000, diversity=0.00000

Weights: [7000.0, 600.0, 10.0, 50.0, 30.0, 0.40586500000000036, 8000.0], lr=5.000e-05
Epoch: 0 [1120/3000 (37%)] Loss: 33.03391 = L_Mnfld: 9.44610 + L_NonMnfld: 0.03545 + L_Eknl: 4.19652 + L_Morse: 0.48410 + L_thetaHessian: 5.96617 + L_thetaNeighbor: 1.89425 + L_Guidance: 138.73719
Epoch: 0 [1120/3000 (37%)] Unweighted L_s : L_Mnfld: 0.00135 + L_NonMnfld: 0.00006 + L_Eknl: 0.08393 + L_Morse: 1.19277 + L_thetaHessian: 0.59662 + L_thetaNeighbor: 0.06314 + L_Guidance: 0.01734
Feature guidance terms: boundary=0.00867, intra=0.00000, neighbor=0.00000, diversity=0.00000

Weights: [7000.0, 600.0, 10.0, 50.0, 30.0, 0.3558816666666669, 8000.0], lr=5.000e-05
Epoch: 0 [1130/3000 (38%)] Loss: 33.74964 = L_Mnfld: 10.12805 + L_NonMnfld: 0.01939 + L_Eknl: 4.10999 + L_Morse: 0.42356 + L_thetaHessian: 5.90346 + L_thetaNeighbor: 1.91531 + L_Guidance: 136.83648
Epoch: 0 [1130/3000 (38%)] Unweighted L_s : L_Mnfld: 0.00145 + L_NonMnfld: 0.00003 + L_Eknl: 0.08220 + L_Morse: 1.19017 + L_thetaHessian: 0.59035 + L_thetaNeighbor: 0.06384 + L_Guidance: 0.01710
Feature guidance terms: boundary=0.00855, intra=0.00000, neighbor=0.00000, diversity=0.00000

Weights: [7000.0, 600.0, 10.0, 50.0, 30.0, 0.3058983333333338, 8000.0], lr=5.000e-05
Epoch: 0 [1140/3000 (38%)] Loss: 32.19003 = L_Mnfld: 8.93495 + L_NonMnfld: 0.02179 + L_Eknl: 4.14876 + L_Morse: 0.36957 + L_thetaHessian: 6.05891 + L_thetaNeighbor: 1.92603 + L_Guidance: 140.09711
Epoch: 0 [1140/3000 (38%)] Unweighted L_s : L_Mnfld: 0.00128 + L_NonMnfld: 0.00004 + L_Eknl: 0.08298 + L_Morse: 1.20814 + L_thetaHessian: 0.60589 + L_thetaNeighbor: 0.06420 + L_Guidance: 0.01751
Feature guidance terms: boundary=0.00876, intra=0.00000, neighbor=0.00000, diversity=0.00000

Weights: [7000.0, 600.0, 10.0, 50.0, 30.0, 0.25591500000000034, 8000.0], lr=5.000e-05
Epoch: 0 [1150/3000 (38%)] Loss: 33.94256 = L_Mnfld: 10.22772 + L_NonMnfld: 0.01879 + L_Eknl: 4.11640 + L_Morse: 0.30785 + L_thetaHessian: 6.09262 + L_thetaNeighbor: 1.86499 + L_Guidance: 145.22117
Epoch: 0 [1150/3000 (38%)] Unweighted L_s : L_Mnfld: 0.00146 + L_NonMnfld: 0.00003 + L_Eknl: 0.08233 + L_Morse: 1.20294 + L_thetaHessian: 0.60926 + L_thetaNeighbor: 0.06217 + L_Guidance: 0.01815
Feature guidance terms: boundary=0.00908, intra=0.00000, neighbor=0.00000, diversity=0.00000

Weights: [7000.0, 600.0, 10.0, 50.0, 30.0, 0.2059316666666673, 8000.0], lr=5.000e-05
Epoch: 0 [1160/3000 (39%)] Loss: 32.29188 = L_Mnfld: 8.93280 + L_NonMnfld: 0.01952 + L_Eknl: 4.12950 + L_Morse: 0.24976 + L_thetaHessian: 6.26914 + L_thetaNeighbor: 1.92720 + L_Guidance: 148.87953
Epoch: 0 [1160/3000 (39%)] Unweighted L_s : L_Mnfld: 0.00128 + L_NonMnfld: 0.00003 + L_Eknl: 0.08259 + L_Morse: 1.21284 + L_thetaHessian: 0.62691 + L_thetaNeighbor: 0.06424 + L_Guidance: 0.01861
Feature guidance terms: boundary=0.00930, intra=0.00000, neighbor=0.00000, diversity=0.00000

Weights: [7000.0, 600.0, 10.0, 50.0, 30.0, 0.1559483333333338, 8000.0], lr=5.000e-05
Epoch: 0 [1170/3000 (39%)] Loss: 33.73846 = L_Mnfld: 10.21297 + L_NonMnfld: 0.02755 + L_Eknl: 4.07752 + L_Morse: 0.19056 + L_thetaHessian: 6.07360 + L_thetaNeighbor: 1.91010 + L_Guidance: 142.86120
Epoch: 0 [1170/3000 (39%)] Unweighted L_s : L_Mnfld: 0.00146 + L_NonMnfld: 0.00005 + L_Eknl: 0.08155 + L_Morse: 1.22197 + L_thetaHessian: 0.60736 + L_thetaNeighbor: 0.06367 + L_Guidance: 0.01786
Feature guidance terms: boundary=0.00893, intra=0.00000, neighbor=0.00000, diversity=0.00000

Weights: [7000.0, 600.0, 10.0, 50.0, 30.0, 0.10596499999999986, 8000.0], lr=5.000e-05
Epoch: 0 [1180/3000 (39%)] Loss: 31.35302 = L_Mnfld: 8.79787 + L_NonMnfld: 0.01819 + L_Eknl: 4.08148 + L_Morse: 0.13146 + L_thetaHessian: 5.88727 + L_thetaNeighbor: 1.98574 + L_Guidance: 137.96385
Epoch: 0 [1180/3000 (39%)] Unweighted L_s : L_Mnfld: 0.00126 + L_NonMnfld: 0.00003 + L_Eknl: 0.08163 + L_Morse: 1.24058 + L_thetaHessian: 0.58873 + L_thetaNeighbor: 0.06619 + L_Guidance: 0.01725
Feature guidance terms: boundary=0.00862, intra=0.00000, neighbor=0.00000, diversity=0.00000

Weights: [7000.0, 600.0, 10.0, 50.0, 30.0, 0.05598166666666726, 8000.0], lr=5.000e-05
Epoch: 0 [1190/3000 (40%)] Loss: 33.63152 = L_Mnfld: 10.17516 + L_NonMnfld: 0.01800 + L_Eknl: 4.09400 + L_Morse: 0.06948 + L_thetaHessian: 6.10817 + L_thetaNeighbor: 1.95620 + L_Guidance: 141.87881
Epoch: 0 [1190/3000 (40%)] Unweighted L_s : L_Mnfld: 0.00145 + L_NonMnfld: 0.00003 + L_Eknl: 0.08188 + L_Morse: 1.24117 + L_thetaHessian: 0.61082 + L_thetaNeighbor: 0.06521 + L_Guidance: 0.01773
Feature guidance terms: boundary=0.00887, intra=0.00000, neighbor=0.00000, diversity=0.00000

Weights: [7000.0, 600.0, 10.0, 50.0, 30.0, 0.005998333333333328, 8000.0], lr=5.000e-05
Epoch: 0 [1200/3000 (40%)] Loss: 31.28509 = L_Mnfld: 8.79600 + L_NonMnfld: 0.02669 + L_Eknl: 4.18164 + L_Morse: 0.00755 + L_thetaHessian: 5.93492 + L_thetaNeighbor: 1.90992 + L_Guidance: 139.58178
Epoch: 0 [1200/3000 (40%)] Unweighted L_s : L_Mnfld: 0.00126 + L_NonMnfld: 0.00004 + L_Eknl: 0.08363 + L_Morse: 1.25931 + L_thetaHessian: 0.59349 + L_thetaNeighbor: 0.06366 + L_Guidance: 0.01745
Feature guidance terms: boundary=0.00872, intra=0.00000, neighbor=0.00000, diversity=0.00000

Weights: [7000.0, 600.0, 10.0, 50.0, 30.0, 0.000995, 8000.0], lr=5.000e-05
Epoch: 0 [1210/3000 (40%)] Loss: 33.97981 = L_Mnfld: 10.68254 + L_NonMnfld: 0.01599 + L_Eknl: 4.02376 + L_Morse: 0.00127 + L_thetaHessian: 6.02221 + L_thetaNeighbor: 1.90744 + L_Guidance: 144.80060
Epoch: 0 [1210/3000 (40%)] Unweighted L_s : L_Mnfld: 0.00153 + L_NonMnfld: 0.00003 + L_Eknl: 0.08048 + L_Morse: 1.27409 + L_thetaHessian: 0.60222 + L_thetaNeighbor: 0.06358 + L_Guidance: 0.01810
Feature guidance terms: boundary=0.00905, intra=0.00000, neighbor=0.00000, diversity=0.00000

Weights: [7000.0, 600.0, 10.0, 50.0, 30.0, 0.0009894444444444445, 8000.0], lr=5.000e-05
Epoch: 0 [1220/3000 (41%)] Loss: 34.17532 = L_Mnfld: 10.45296 + L_NonMnfld: 0.02417 + L_Eknl: 4.22862 + L_Morse: 0.00129 + L_thetaHessian: 6.17047 + L_thetaNeighbor: 1.90603 + L_Guidance: 159.24877
Epoch: 0 [1220/3000 (41%)] Unweighted L_s : L_Mnfld: 0.00149 + L_NonMnfld: 0.00004 + L_Eknl: 0.08457 + L_Morse: 1.30827 + L_thetaHessian: 0.61705 + L_thetaNeighbor: 0.06353 + L_Guidance: 0.01991
Feature guidance terms: boundary=0.00995, intra=0.00000, neighbor=0.00000, diversity=0.00000

Weights: [7000.0, 600.0, 10.0, 50.0, 30.0, 0.000983888888888889, 8000.0], lr=5.000e-05
Epoch: 0 [1230/3000 (41%)] Loss: 32.86678 = L_Mnfld: 10.04183 + L_NonMnfld: 0.01135 + L_Eknl: 4.08619 + L_Morse: 0.00128 + L_thetaHessian: 6.04206 + L_thetaNeighbor: 1.72848 + L_Guidance: 152.95085
Epoch: 0 [1230/3000 (41%)] Unweighted L_s : L_Mnfld: 0.00143 + L_NonMnfld: 0.00002 + L_Eknl: 0.08172 + L_Morse: 1.30255 + L_thetaHessian: 0.60421 + L_thetaNeighbor: 0.05762 + L_Guidance: 0.01912
Feature guidance terms: boundary=0.00956, intra=0.00000, neighbor=0.00000, diversity=0.00000

Weights: [7000.0, 600.0, 10.0, 50.0, 30.0, 0.0009783333333333334, 8000.0], lr=5.000e-05
Epoch: 0 [1240/3000 (41%)] Loss: 39.77840 = L_Mnfld: 13.43394 + L_NonMnfld: 0.02235 + L_Eknl: 4.37998 + L_Morse: 0.00135 + L_thetaHessian: 6.64787 + L_thetaNeighbor: 2.03345 + L_Guidance: 166.88815
Epoch: 0 [1240/3000 (41%)] Unweighted L_s : L_Mnfld: 0.00192 + L_NonMnfld: 0.00004 + L_Eknl: 0.08760 + L_Morse: 1.37899 + L_thetaHessian: 0.66479 + L_thetaNeighbor: 0.06778 + L_Guidance: 0.02086
Feature guidance terms: boundary=0.01043, intra=0.00000, neighbor=0.00000, diversity=0.00000

Weights: [7000.0, 600.0, 10.0, 50.0, 30.0, 0.0009727777777777778, 8000.0], lr=5.000e-05
Epoch: 0 [1250/3000 (42%)] Loss: 43.72399 = L_Mnfld: 16.71567 + L_NonMnfld: 0.01466 + L_Eknl: 4.31849 + L_Morse: 0.00134 + L_thetaHessian: 6.40183 + L_thetaNeighbor: 1.69734 + L_Guidance: 161.91490
Epoch: 0 [1250/3000 (42%)] Unweighted L_s : L_Mnfld: 0.00239 + L_NonMnfld: 0.00002 + L_Eknl: 0.08637 + L_Morse: 1.37398 + L_thetaHessian: 0.64018 + L_thetaNeighbor: 0.05658 + L_Guidance: 0.02024
Feature guidance terms: boundary=0.01012, intra=0.00000, neighbor=0.00000, diversity=0.00000

Weights: [7000.0, 600.0, 10.0, 50.0, 30.0, 0.0009672222222222223, 8000.0], lr=5.000e-05
Epoch: 0 [1260/3000 (42%)] Loss: 47.35178 = L_Mnfld: 18.00425 + L_NonMnfld: 0.01902 + L_Eknl: 4.42816 + L_Morse: 0.00141 + L_thetaHessian: 7.26005 + L_thetaNeighbor: 1.85498 + L_Guidance: 181.21149
Epoch: 0 [1260/3000 (42%)] Unweighted L_s : L_Mnfld: 0.00257 + L_NonMnfld: 0.00003 + L_Eknl: 0.08856 + L_Morse: 1.45308 + L_thetaHessian: 0.72600 + L_thetaNeighbor: 0.06183 + L_Guidance: 0.02265
Feature guidance terms: boundary=0.01133, intra=0.00000, neighbor=0.00000, diversity=0.00000

Weights: [7000.0, 600.0, 10.0, 50.0, 30.0, 0.0009616666666666668, 8000.0], lr=5.000e-05
Epoch: 0 [1270/3000 (42%)] Loss: 63.85897 = L_Mnfld: 28.28773 + L_NonMnfld: 0.02230 + L_Eknl: 4.99070 + L_Morse: 0.00140 + L_thetaHessian: 7.36136 + L_thetaNeighbor: 1.90916 + L_Guidance: 173.65770
Epoch: 0 [1270/3000 (42%)] Unweighted L_s : L_Mnfld: 0.00404 + L_NonMnfld: 0.00004 + L_Eknl: 0.09981 + L_Morse: 1.45475 + L_thetaHessian: 0.73614 + L_thetaNeighbor: 0.06364 + L_Guidance: 0.02171
Feature guidance terms: boundary=0.01085, intra=0.00000, neighbor=0.00000, diversity=0.00000

Weights: [7000.0, 600.0, 10.0, 50.0, 30.0, 0.0009561111111111111, 8000.0], lr=5.000e-05
Epoch: 0 [1280/3000 (43%)] Loss: 63.71706 = L_Mnfld: 27.07116 + L_NonMnfld: 0.02024 + L_Eknl: 5.69878 + L_Morse: 0.00151 + L_thetaHessian: 8.15323 + L_thetaNeighbor: 1.53312 + L_Guidance: 178.66817
Epoch: 0 [1280/3000 (43%)] Unweighted L_s : L_Mnfld: 0.00387 + L_NonMnfld: 0.00003 + L_Eknl: 0.11398 + L_Morse: 1.58395 + L_thetaHessian: 0.81532 + L_thetaNeighbor: 0.05110 + L_Guidance: 0.02233
Feature guidance terms: boundary=0.01117, intra=0.00000, neighbor=0.00000, diversity=0.00000

Weights: [7000.0, 600.0, 10.0, 50.0, 30.0, 0.0009505555555555556, 8000.0], lr=5.000e-05
Epoch: 0 [1290/3000 (43%)] Loss: 58.99432 = L_Mnfld: 23.89650 + L_NonMnfld: 0.01275 + L_Eknl: 5.43266 + L_Morse: 0.00152 + L_thetaHessian: 8.40024 + L_thetaNeighbor: 1.58590 + L_Guidance: 175.90310
Epoch: 0 [1290/3000 (43%)] Unweighted L_s : L_Mnfld: 0.00341 + L_NonMnfld: 0.00002 + L_Eknl: 0.10865 + L_Morse: 1.59502 + L_thetaHessian: 0.84002 + L_thetaNeighbor: 0.05286 + L_Guidance: 0.02199
Feature guidance terms: boundary=0.01099, intra=0.00000, neighbor=0.00000, diversity=0.00000

Weights: [7000.0, 600.0, 10.0, 50.0, 30.0, 0.0009450000000000001, 8000.0], lr=5.000e-05
Epoch: 0 [1300/3000 (43%)] Loss: 64.14193 = L_Mnfld: 26.12679 + L_NonMnfld: 0.01886 + L_Eknl: 5.69367 + L_Morse: 0.00161 + L_thetaHessian: 9.24912 + L_thetaNeighbor: 1.67123 + L_Guidance: 181.91218
Epoch: 0 [1300/3000 (43%)] Unweighted L_s : L_Mnfld: 0.00373 + L_NonMnfld: 0.00003 + L_Eknl: 0.11387 + L_Morse: 1.70367 + L_thetaHessian: 0.92491 + L_thetaNeighbor: 0.05571 + L_Guidance: 0.02274
Feature guidance terms: boundary=0.01137, intra=0.00000, neighbor=0.00000, diversity=0.00000

Weights: [7000.0, 600.0, 10.0, 50.0, 30.0, 0.0009394444444444445, 8000.0], lr=5.000e-05
Epoch: 0 [1310/3000 (44%)] Loss: 54.92107 = L_Mnfld: 21.11431 + L_NonMnfld: 0.03061 + L_Eknl: 5.78722 + L_Morse: 0.00152 + L_thetaHessian: 8.18634 + L_thetaNeighbor: 1.49405 + L_Guidance: 171.37073
Epoch: 0 [1310/3000 (44%)] Unweighted L_s : L_Mnfld: 0.00302 + L_NonMnfld: 0.00005 + L_Eknl: 0.11574 + L_Morse: 1.61401 + L_thetaHessian: 0.81863 + L_thetaNeighbor: 0.04980 + L_Guidance: 0.02142
Feature guidance terms: boundary=0.01071, intra=0.00000, neighbor=0.00000, diversity=0.00000

Weights: [7000.0, 600.0, 10.0, 50.0, 30.0, 0.0009338888888888889, 8000.0], lr=5.000e-05
Epoch: 0 [1320/3000 (44%)] Loss: 45.68810 = L_Mnfld: 16.46493 + L_NonMnfld: 0.02180 + L_Eknl: 4.96763 + L_Morse: 0.00149 + L_thetaHessian: 7.40842 + L_thetaNeighbor: 1.59446 + L_Guidance: 164.01063
Epoch: 0 [1320/3000 (44%)] Unweighted L_s : L_Mnfld: 0.00235 + L_NonMnfld: 0.00004 + L_Eknl: 0.09935 + L_Morse: 1.59649 + L_thetaHessian: 0.74084 + L_thetaNeighbor: 0.05315 + L_Guidance: 0.02050
Feature guidance terms: boundary=0.01025, intra=0.00000, neighbor=0.00000, diversity=0.00000

Weights: [7000.0, 600.0, 10.0, 50.0, 30.0, 0.0009283333333333334, 8000.0], lr=5.000e-05
Epoch: 0 [1330/3000 (44%)] Loss: 39.50936 = L_Mnfld: 13.25235 + L_NonMnfld: 0.01819 + L_Eknl: 4.77154 + L_Morse: 0.00145 + L_thetaHessian: 6.68842 + L_thetaNeighbor: 1.60762 + L_Guidance: 158.22734
Epoch: 0 [1330/3000 (44%)] Unweighted L_s : L_Mnfld: 0.00189 + L_NonMnfld: 0.00003 + L_Eknl: 0.09543 + L_Morse: 1.56683 + L_thetaHessian: 0.66884 + L_thetaNeighbor: 0.05359 + L_Guidance: 0.01978
Feature guidance terms: boundary=0.00989, intra=0.00000, neighbor=0.00000, diversity=0.00000

Weights: [7000.0, 600.0, 10.0, 50.0, 30.0, 0.0009227777777777778, 8000.0], lr=5.000e-05
Epoch: 0 [1340/3000 (45%)] Loss: 35.26443 = L_Mnfld: 11.16909 + L_NonMnfld: 0.02071 + L_Eknl: 4.39909 + L_Morse: 0.00143 + L_thetaHessian: 6.27575 + L_thetaNeighbor: 1.64354 + L_Guidance: 155.53379
Epoch: 0 [1340/3000 (45%)] Unweighted L_s : L_Mnfld: 0.00160 + L_NonMnfld: 0.00003 + L_Eknl: 0.08798 + L_Morse: 1.55321 + L_thetaHessian: 0.62758 + L_thetaNeighbor: 0.05478 + L_Guidance: 0.01944
Feature guidance terms: boundary=0.00972, intra=0.00000, neighbor=0.00000, diversity=0.00000

Weights: [7000.0, 600.0, 10.0, 50.0, 30.0, 0.0009172222222222223, 8000.0], lr=5.000e-05
Epoch: 0 [1350/3000 (45%)] Loss: 33.29739 = L_Mnfld: 10.10660 + L_NonMnfld: 0.03605 + L_Eknl: 4.33200 + L_Morse: 0.00141 + L_thetaHessian: 6.10475 + L_thetaNeighbor: 1.61745 + L_Guidance: 155.51943
Epoch: 0 [1350/3000 (45%)] Unweighted L_s : L_Mnfld: 0.00144 + L_NonMnfld: 0.00006 + L_Eknl: 0.08664 + L_Morse: 1.53757 + L_thetaHessian: 0.61048 + L_thetaNeighbor: 0.05391 + L_Guidance: 0.01944
Feature guidance terms: boundary=0.00972, intra=0.00000, neighbor=0.00000, diversity=0.00000

Weights: [7000.0, 600.0, 10.0, 50.0, 30.0, 0.0009116666666666667, 8000.0], lr=5.000e-05
Epoch: 0 [1360/3000 (45%)] Loss: 31.40861 = L_Mnfld: 9.29014 + L_NonMnfld: 0.01915 + L_Eknl: 4.08498 + L_Morse: 0.00140 + L_thetaHessian: 5.87086 + L_thetaNeighbor: 1.67255 + L_Guidance: 151.59459
Epoch: 0 [1360/3000 (45%)] Unweighted L_s : L_Mnfld: 0.00133 + L_NonMnfld: 0.00003 + L_Eknl: 0.08170 + L_Morse: 1.53144 + L_thetaHessian: 0.58709 + L_thetaNeighbor: 0.05575 + L_Guidance: 0.01895
Feature guidance terms: boundary=0.00947, intra=0.00000, neighbor=0.00000, diversity=0.00000

Weights: [7000.0, 600.0, 10.0, 50.0, 30.0, 0.0009061111111111112, 8000.0], lr=5.000e-05
Epoch: 0 [1370/3000 (46%)] Loss: 31.27081 = L_Mnfld: 9.22261 + L_NonMnfld: 0.02207 + L_Eknl: 4.07154 + L_Morse: 0.00138 + L_thetaHessian: 5.83366 + L_thetaNeighbor: 1.69594 + L_Guidance: 151.17705
Epoch: 0 [1370/3000 (46%)] Unweighted L_s : L_Mnfld: 0.00132 + L_NonMnfld: 0.00004 + L_Eknl: 0.08143 + L_Morse: 1.52775 + L_thetaHessian: 0.58337 + L_thetaNeighbor: 0.05653 + L_Guidance: 0.01890
Feature guidance terms: boundary=0.00945, intra=0.00000, neighbor=0.00000, diversity=0.00000

Weights: [7000.0, 600.0, 10.0, 50.0, 30.0, 0.0009005555555555556, 8000.0], lr=5.000e-05
Epoch: 0 [1380/3000 (46%)] Loss: 29.83089 = L_Mnfld: 8.59469 + L_NonMnfld: 0.03037 + L_Eknl: 3.93535 + L_Morse: 0.00137 + L_thetaHessian: 5.64271 + L_thetaNeighbor: 1.68277 + L_Guidance: 150.72642
Epoch: 0 [1380/3000 (46%)] Unweighted L_s : L_Mnfld: 0.00123 + L_NonMnfld: 0.00005 + L_Eknl: 0.07871 + L_Morse: 1.52108 + L_thetaHessian: 0.56427 + L_thetaNeighbor: 0.05609 + L_Guidance: 0.01884
Feature guidance terms: boundary=0.00942, intra=0.00000, neighbor=0.00000, diversity=0.00000

Weights: [7000.0, 600.0, 10.0, 50.0, 30.0, 0.000895, 8000.0], lr=5.000e-05
Epoch: 0 [1390/3000 (46%)] Loss: 30.08301 = L_Mnfld: 8.66683 + L_NonMnfld: 0.01589 + L_Eknl: 4.02897 + L_Morse: 0.00136 + L_thetaHessian: 5.64510 + L_thetaNeighbor: 1.69720 + L_Guidance: 149.40573
Epoch: 0 [1390/3000 (46%)] Unweighted L_s : L_Mnfld: 0.00124 + L_NonMnfld: 0.00003 + L_Eknl: 0.08058 + L_Morse: 1.51620 + L_thetaHessian: 0.56451 + L_thetaNeighbor: 0.05657 + L_Guidance: 0.01868
Feature guidance terms: boundary=0.00934, intra=0.00000, neighbor=0.00000, diversity=0.00000

Weights: [7000.0, 600.0, 10.0, 50.0, 30.0, 0.0008894444444444445, 8000.0], lr=5.000e-05
Epoch: 0 [1400/3000 (47%)] Loss: 29.38393 = L_Mnfld: 8.37041 + L_NonMnfld: 0.02633 + L_Eknl: 3.92291 + L_Morse: 0.00134 + L_thetaHessian: 5.57369 + L_thetaNeighbor: 1.69459 + L_Guidance: 149.20674
Epoch: 0 [1400/3000 (47%)] Unweighted L_s : L_Mnfld: 0.00120 + L_NonMnfld: 0.00004 + L_Eknl: 0.07846 + L_Morse: 1.50959 + L_thetaHessian: 0.55737 + L_thetaNeighbor: 0.05649 + L_Guidance: 0.01865
Feature guidance terms: boundary=0.00933, intra=0.00000, neighbor=0.00000, diversity=0.00000

Weights: [7000.0, 600.0, 10.0, 50.0, 30.0, 0.0008838888888888889, 8000.0], lr=5.000e-05
Epoch: 0 [1410/3000 (47%)] Loss: 29.80667 = L_Mnfld: 8.57557 + L_NonMnfld: 0.02581 + L_Eknl: 3.99139 + L_Morse: 0.00134 + L_thetaHessian: 5.56899 + L_thetaNeighbor: 1.70802 + L_Guidance: 147.62259
Epoch: 0 [1410/3000 (47%)] Unweighted L_s : L_Mnfld: 0.00123 + L_NonMnfld: 0.00004 + L_Eknl: 0.07983 + L_Morse: 1.51383 + L_thetaHessian: 0.55690 + L_thetaNeighbor: 0.05693 + L_Guidance: 0.01845
Feature guidance terms: boundary=0.00923, intra=0.00000, neighbor=0.00000, diversity=0.00000

Weights: [7000.0, 600.0, 10.0, 50.0, 30.0, 0.0008783333333333334, 8000.0], lr=5.000e-05
Epoch: 0 [1420/3000 (47%)] Loss: 29.16012 = L_Mnfld: 8.26447 + L_NonMnfld: 0.01563 + L_Eknl: 3.85534 + L_Morse: 0.00133 + L_thetaHessian: 5.58171 + L_thetaNeighbor: 1.72160 + L_Guidance: 147.03238
Epoch: 0 [1420/3000 (47%)] Unweighted L_s : L_Mnfld: 0.00118 + L_NonMnfld: 0.00003 + L_Eknl: 0.07711 + L_Morse: 1.51142 + L_thetaHessian: 0.55817 + L_thetaNeighbor: 0.05739 + L_Guidance: 0.01838
Feature guidance terms: boundary=0.00919, intra=0.00000, neighbor=0.00000, diversity=0.00000

Weights: [7000.0, 600.0, 10.0, 50.0, 30.0, 0.0008727777777777779, 8000.0], lr=5.000e-05
Epoch: 0 [1430/3000 (48%)] Loss: 28.95846 = L_Mnfld: 8.16606 + L_NonMnfld: 0.05919 + L_Eknl: 3.89331 + L_Morse: 0.00132 + L_thetaHessian: 5.46600 + L_thetaNeighbor: 1.71977 + L_Guidance: 145.52635
Epoch: 0 [1430/3000 (48%)] Unweighted L_s : L_Mnfld: 0.00117 + L_NonMnfld: 0.00010 + L_Eknl: 0.07787 + L_Morse: 1.50685 + L_thetaHessian: 0.54660 + L_thetaNeighbor: 0.05733 + L_Guidance: 0.01819
Feature guidance terms: boundary=0.00910, intra=0.00000, neighbor=0.00000, diversity=0.00000

Weights: [7000.0, 600.0, 10.0, 50.0, 30.0, 0.0008672222222222222, 8000.0], lr=5.000e-05
Epoch: 0 [1440/3000 (48%)] Loss: 28.67617 = L_Mnfld: 8.09448 + L_NonMnfld: 0.01742 + L_Eknl: 3.83188 + L_Morse: 0.00130 + L_thetaHessian: 5.44142 + L_thetaNeighbor: 1.73095 + L_Guidance: 144.72044
Epoch: 0 [1440/3000 (48%)] Unweighted L_s : L_Mnfld: 0.00116 + L_NonMnfld: 0.00003 + L_Eknl: 0.07664 + L_Morse: 1.50279 + L_thetaHessian: 0.54414 + L_thetaNeighbor: 0.05770 + L_Guidance: 0.01809
Feature guidance terms: boundary=0.00905, intra=0.00000, neighbor=0.00000, diversity=0.00000

Weights: [7000.0, 600.0, 10.0, 50.0, 30.0, 0.0008616666666666667, 8000.0], lr=5.000e-05
Epoch: 0 [1450/3000 (48%)] Loss: 28.61016 = L_Mnfld: 8.06812 + L_NonMnfld: 0.01788 + L_Eknl: 3.84053 + L_Morse: 0.00130 + L_thetaHessian: 5.40397 + L_thetaNeighbor: 1.74164 + L_Guidance: 144.19496
Epoch: 0 [1450/3000 (48%)] Unweighted L_s : L_Mnfld: 0.00115 + L_NonMnfld: 0.00003 + L_Eknl: 0.07681 + L_Morse: 1.50480 + L_thetaHessian: 0.54040 + L_thetaNeighbor: 0.05805 + L_Guidance: 0.01802
Feature guidance terms: boundary=0.00901, intra=0.00000, neighbor=0.00000, diversity=0.00000

Weights: [7000.0, 600.0, 10.0, 50.0, 30.0, 0.0008561111111111111, 8000.0], lr=5.000e-05
Epoch: 0 [1460/3000 (49%)] Loss: 28.43314 = L_Mnfld: 8.03949 + L_NonMnfld: 0.02307 + L_Eknl: 3.74676 + L_Morse: 0.00128 + L_thetaHessian: 5.39254 + L_thetaNeighbor: 1.75229 + L_Guidance: 143.46862
Epoch: 0 [1460/3000 (49%)] Unweighted L_s : L_Mnfld: 0.00115 + L_NonMnfld: 0.00004 + L_Eknl: 0.07494 + L_Morse: 1.49599 + L_thetaHessian: 0.53925 + L_thetaNeighbor: 0.05841 + L_Guidance: 0.01793
Feature guidance terms: boundary=0.00897, intra=0.00000, neighbor=0.00000, diversity=0.00000

Weights: [7000.0, 600.0, 10.0, 50.0, 30.0, 0.0008505555555555557, 8000.0], lr=5.000e-05
Epoch: 0 [1470/3000 (49%)] Loss: 28.43198 = L_Mnfld: 8.02756 + L_NonMnfld: 0.02101 + L_Eknl: 3.79619 + L_Morse: 0.00128 + L_thetaHessian: 5.35716 + L_thetaNeighbor: 1.75147 + L_Guidance: 143.61395
Epoch: 0 [1470/3000 (49%)] Unweighted L_s : L_Mnfld: 0.00115 + L_NonMnfld: 0.00004 + L_Eknl: 0.07592 + L_Morse: 1.49906 + L_thetaHessian: 0.53572 + L_thetaNeighbor: 0.05838 + L_Guidance: 0.01795
Feature guidance terms: boundary=0.00898, intra=0.00000, neighbor=0.00000, diversity=0.00000

Weights: [7000.0, 600.0, 10.0, 50.0, 30.0, 0.000845, 8000.0], lr=5.000e-05
Epoch: 0 [1480/3000 (49%)] Loss: 28.12101 = L_Mnfld: 7.91540 + L_NonMnfld: 0.01525 + L_Eknl: 3.71764 + L_Morse: 0.00126 + L_thetaHessian: 5.32981 + L_thetaNeighbor: 1.76797 + L_Guidance: 142.34820
Epoch: 0 [1480/3000 (49%)] Unweighted L_s : L_Mnfld: 0.00113 + L_NonMnfld: 0.00003 + L_Eknl: 0.07435 + L_Morse: 1.49375 + L_thetaHessian: 0.53298 + L_thetaNeighbor: 0.05893 + L_Guidance: 0.01779
Feature guidance terms: boundary=0.00890, intra=0.00000, neighbor=0.00000, diversity=0.00000

Weights: [7000.0, 600.0, 10.0, 50.0, 30.0, 0.0008394444444444444, 8000.0], lr=5.000e-05
Epoch: 0 [1490/3000 (50%)] Loss: 28.19308 = L_Mnfld: 7.91781 + L_NonMnfld: 0.01642 + L_Eknl: 3.73990 + L_Morse: 0.00126 + L_thetaHessian: 5.32438 + L_thetaNeighbor: 1.79562 + L_Guidance: 142.27670
Epoch: 0 [1490/3000 (50%)] Unweighted L_s : L_Mnfld: 0.00113 + L_NonMnfld: 0.00003 + L_Eknl: 0.07480 + L_Morse: 1.49779 + L_thetaHessian: 0.53244 + L_thetaNeighbor: 0.05985 + L_Guidance: 0.01778
Feature guidance terms: boundary=0.00889, intra=0.00000, neighbor=0.00000, diversity=0.00000

Weights: [7000.0, 600.0, 10.0, 50.0, 30.0, 0.000833888888888889, 8000.0], lr=5.000e-05
Epoch: 0 [1500/3000 (50%)] Loss: 28.16253 = L_Mnfld: 7.94167 + L_NonMnfld: 0.01521 + L_Eknl: 3.69376 + L_Morse: 0.00124 + L_thetaHessian: 5.33402 + L_thetaNeighbor: 1.78912 + L_Guidance: 141.63809
Epoch: 0 [1500/3000 (50%)] Unweighted L_s : L_Mnfld: 0.00113 + L_NonMnfld: 0.00003 + L_Eknl: 0.07388 + L_Morse: 1.48957 + L_thetaHessian: 0.53340 + L_thetaNeighbor: 0.05964 + L_Guidance: 0.01770
Feature guidance terms: boundary=0.00885, intra=0.00000, neighbor=0.00000, diversity=0.00000

Weights: [7000.0, 600.0, 10.0, 50.0, 30.0, 0.0008283333333333334, 8000.0], lr=5.000e-05
Epoch: 0 [1510/3000 (50%)] Loss: 28.03022 = L_Mnfld: 7.80972 + L_NonMnfld: 0.01810 + L_Eknl: 3.72023 + L_Morse: 0.00124 + L_thetaHessian: 5.35824 + L_thetaNeighbor: 1.77928 + L_Guidance: 143.82857
Epoch: 0 [1510/3000 (50%)] Unweighted L_s : L_Mnfld: 0.00112 + L_NonMnfld: 0.00003 + L_Eknl: 0.07440 + L_Morse: 1.49398 + L_thetaHessian: 0.53582 + L_thetaNeighbor: 0.05931 + L_Guidance: 0.01798
Feature guidance terms: boundary=0.00899, intra=0.00000, neighbor=0.00000, diversity=0.00000

Weights: [7000.0, 600.0, 10.0, 50.0, 30.0, 0.0008227777777777779, 8000.0], lr=5.000e-05
Epoch: 0 [1520/3000 (51%)] Loss: 28.24935 = L_Mnfld: 8.03202 + L_NonMnfld: 0.01253 + L_Eknl: 3.68450 + L_Morse: 0.00122 + L_thetaHessian: 5.30176 + L_thetaNeighbor: 1.80086 + L_Guidance: 140.80048
Epoch: 0 [1520/3000 (51%)] Unweighted L_s : L_Mnfld: 0.00115 + L_NonMnfld: 0.00002 + L_Eknl: 0.07369 + L_Morse: 1.48502 + L_thetaHessian: 0.53018 + L_thetaNeighbor: 0.06003 + L_Guidance: 0.01760
Feature guidance terms: boundary=0.00880, intra=0.00000, neighbor=0.00000, diversity=0.00000

Weights: [7000.0, 600.0, 10.0, 50.0, 30.0, 0.0008172222222222222, 8000.0], lr=5.000e-05
Epoch: 0 [1530/3000 (51%)] Loss: 27.76559 = L_Mnfld: 7.67413 + L_NonMnfld: 0.02582 + L_Eknl: 3.74723 + L_Morse: 0.00122 + L_thetaHessian: 5.26782 + L_thetaNeighbor: 1.79418 + L_Guidance: 140.12401
Epoch: 0 [1530/3000 (51%)] Unweighted L_s : L_Mnfld: 0.00110 + L_NonMnfld: 0.00004 + L_Eknl: 0.07494 + L_Morse: 1.49070 + L_thetaHessian: 0.52678 + L_thetaNeighbor: 0.05981 + L_Guidance: 0.01752
Feature guidance terms: boundary=0.00876, intra=0.00000, neighbor=0.00000, diversity=0.00000

Weights: [7000.0, 600.0, 10.0, 50.0, 30.0, 0.0008116666666666667, 8000.0], lr=5.000e-05
Epoch: 0 [1540/3000 (51%)] Loss: 28.63506 = L_Mnfld: 8.07622 + L_NonMnfld: 0.01392 + L_Eknl: 3.67919 + L_Morse: 0.00120 + L_thetaHessian: 5.68877 + L_thetaNeighbor: 1.63074 + L_Guidance: 156.40655
Epoch: 0 [1540/3000 (51%)] Unweighted L_s : L_Mnfld: 0.00115 + L_NonMnfld: 0.00002 + L_Eknl: 0.07358 + L_Morse: 1.48161 + L_thetaHessian: 0.56888 + L_thetaNeighbor: 0.05436 + L_Guidance: 0.01955
Feature guidance terms: boundary=0.00978, intra=0.00000, neighbor=0.00000, diversity=0.00000

Weights: [7000.0, 600.0, 10.0, 50.0, 30.0, 0.0008061111111111112, 8000.0], lr=5.000e-05
Epoch: 0 [1550/3000 (52%)] Loss: 27.64934 = L_Mnfld: 7.56696 + L_NonMnfld: 0.01600 + L_Eknl: 3.75620 + L_Morse: 0.00120 + L_thetaHessian: 5.27759 + L_thetaNeighbor: 1.81494 + L_Guidance: 139.76634
Epoch: 0 [1550/3000 (52%)] Unweighted L_s : L_Mnfld: 0.00108 + L_NonMnfld: 0.00003 + L_Eknl: 0.07512 + L_Morse: 1.48827 + L_thetaHessian: 0.52776 + L_thetaNeighbor: 0.06050 + L_Guidance: 0.01747
Feature guidance terms: boundary=0.00874, intra=0.00000, neighbor=0.00000, diversity=0.00000

Weights: [7000.0, 600.0, 10.0, 50.0, 30.0, 0.0008005555555555555, 8000.0], lr=5.000e-05
Epoch: 0 [1560/3000 (52%)] Loss: 28.37307 = L_Mnfld: 8.13616 + L_NonMnfld: 0.01808 + L_Eknl: 3.71263 + L_Morse: 0.00118 + L_thetaHessian: 5.23317 + L_thetaNeighbor: 1.81416 + L_Guidance: 138.88524
Epoch: 0 [1560/3000 (52%)] Unweighted L_s : L_Mnfld: 0.00116 + L_NonMnfld: 0.00003 + L_Eknl: 0.07425 + L_Morse: 1.47793 + L_thetaHessian: 0.52332 + L_thetaNeighbor: 0.06047 + L_Guidance: 0.01736
Feature guidance terms: boundary=0.00868, intra=0.00000, neighbor=0.00000, diversity=0.00000

Weights: [7000.0, 600.0, 10.0, 50.0, 30.0, 0.000795, 8000.0], lr=5.000e-05
Epoch: 0 [1570/3000 (52%)] Loss: 27.42220 = L_Mnfld: 7.40908 + L_NonMnfld: 0.02205 + L_Eknl: 3.67314 + L_Morse: 0.00118 + L_thetaHessian: 5.34029 + L_thetaNeighbor: 1.83571 + L_Guidance: 139.55383
Epoch: 0 [1570/3000 (52%)] Unweighted L_s : L_Mnfld: 0.00106 + L_NonMnfld: 0.00004 + L_Eknl: 0.07346 + L_Morse: 1.48586 + L_thetaHessian: 0.53403 + L_thetaNeighbor: 0.06119 + L_Guidance: 0.01744
Feature guidance terms: boundary=0.00872, intra=0.00000, neighbor=0.00000, diversity=0.00000

Weights: [7000.0, 600.0, 10.0, 50.0, 30.0, 0.0007894444444444445, 8000.0], lr=5.000e-05
Epoch: 0 [1580/3000 (53%)] Loss: 28.43557 = L_Mnfld: 8.24004 + L_NonMnfld: 0.02185 + L_Eknl: 3.62171 + L_Morse: 0.00116 + L_thetaHessian: 5.25215 + L_thetaNeighbor: 1.82013 + L_Guidance: 138.92865
Epoch: 0 [1580/3000 (53%)] Unweighted L_s : L_Mnfld: 0.00118 + L_NonMnfld: 0.00004 + L_Eknl: 0.07243 + L_Morse: 1.47406 + L_thetaHessian: 0.52522 + L_thetaNeighbor: 0.06067 + L_Guidance: 0.01737
Feature guidance terms: boundary=0.00868, intra=0.00000, neighbor=0.00000, diversity=0.00000

Weights: [7000.0, 600.0, 10.0, 50.0, 30.0, 0.000783888888888889, 8000.0], lr=5.000e-05
Epoch: 0 [1590/3000 (53%)] Loss: 27.02304 = L_Mnfld: 7.25237 + L_NonMnfld: 0.01412 + L_Eknl: 3.69274 + L_Morse: 0.00116 + L_thetaHessian: 5.22842 + L_thetaNeighbor: 1.82655 + L_Guidance: 138.11855
Epoch: 0 [1590/3000 (53%)] Unweighted L_s : L_Mnfld: 0.00104 + L_NonMnfld: 0.00002 + L_Eknl: 0.07385 + L_Morse: 1.48227 + L_thetaHessian: 0.52284 + L_thetaNeighbor: 0.06088 + L_Guidance: 0.01726
Feature guidance terms: boundary=0.00863, intra=0.00000, neighbor=0.00000, diversity=0.00000

Weights: [7000.0, 600.0, 10.0, 50.0, 30.0, 0.0007783333333333334, 8000.0], lr=5.000e-05
Epoch: 0 [1600/3000 (53%)] Loss: 28.71895 = L_Mnfld: 8.35932 + L_NonMnfld: 0.03627 + L_Eknl: 3.61919 + L_Morse: 0.00114 + L_thetaHessian: 5.35641 + L_thetaNeighbor: 1.77362 + L_Guidance: 142.23726
Epoch: 0 [1600/3000 (53%)] Unweighted L_s : L_Mnfld: 0.00119 + L_NonMnfld: 0.00006 + L_Eknl: 0.07238 + L_Morse: 1.47102 + L_thetaHessian: 0.53564 + L_thetaNeighbor: 0.05912 + L_Guidance: 0.01778
Feature guidance terms: boundary=0.00889, intra=0.00000, neighbor=0.00000, diversity=0.00000

Weights: [7000.0, 600.0, 10.0, 50.0, 30.0, 0.0007727777777777778, 8000.0], lr=5.000e-05
Epoch: 0 [1610/3000 (54%)] Loss: 26.83877 = L_Mnfld: 7.11221 + L_NonMnfld: 0.01525 + L_Eknl: 3.71980 + L_Morse: 0.00114 + L_thetaHessian: 5.20892 + L_thetaNeighbor: 1.83519 + L_Guidance: 136.53205
Epoch: 0 [1610/3000 (54%)] Unweighted L_s : L_Mnfld: 0.00102 + L_NonMnfld: 0.00003 + L_Eknl: 0.07440 + L_Morse: 1.48080 + L_thetaHessian: 0.52089 + L_thetaNeighbor: 0.06117 + L_Guidance: 0.01707
Feature guidance terms: boundary=0.00853, intra=0.00000, neighbor=0.00000, diversity=0.00000

Weights: [7000.0, 600.0, 10.0, 50.0, 30.0, 0.0007672222222222223, 8000.0], lr=5.000e-05
Epoch: 0 [1620/3000 (54%)] Loss: 28.85625 = L_Mnfld: 8.43809 + L_NonMnfld: 0.01226 + L_Eknl: 3.61083 + L_Morse: 0.00113 + L_thetaHessian: 5.47489 + L_thetaNeighbor: 1.70028 + L_Guidance: 147.26426
Epoch: 0 [1620/3000 (54%)] Unweighted L_s : L_Mnfld: 0.00121 + L_NonMnfld: 0.00002 + L_Eknl: 0.07222 + L_Morse: 1.46910 + L_thetaHessian: 0.54749 + L_thetaNeighbor: 0.05668 + L_Guidance: 0.01841
Feature guidance terms: boundary=0.00920, intra=0.00000, neighbor=0.00000, diversity=0.00000

Weights: [7000.0, 600.0, 10.0, 50.0, 30.0, 0.0007616666666666667, 8000.0], lr=5.000e-05
Epoch: 0 [1630/3000 (54%)] Loss: 26.82639 = L_Mnfld: 6.96817 + L_NonMnfld: 0.02450 + L_Eknl: 3.64968 + L_Morse: 0.00112 + L_thetaHessian: 5.40227 + L_thetaNeighbor: 1.83851 + L_Guidance: 141.94366
Epoch: 0 [1630/3000 (54%)] Unweighted L_s : L_Mnfld: 0.00100 + L_NonMnfld: 0.00004 + L_Eknl: 0.07299 + L_Morse: 1.47689 + L_thetaHessian: 0.54023 + L_thetaNeighbor: 0.06128 + L_Guidance: 0.01774
Feature guidance terms: boundary=0.00887, intra=0.00000, neighbor=0.00000, diversity=0.00000

Weights: [7000.0, 600.0, 10.0, 50.0, 30.0, 0.0007561111111111112, 8000.0], lr=5.000e-05
Epoch: 0 [1640/3000 (55%)] Loss: 29.10145 = L_Mnfld: 8.61068 + L_NonMnfld: 0.01156 + L_Eknl: 3.63058 + L_Morse: 0.00111 + L_thetaHessian: 5.47391 + L_thetaNeighbor: 1.67313 + L_Guidance: 149.09995
Epoch: 0 [1640/3000 (55%)] Unweighted L_s : L_Mnfld: 0.00123 + L_NonMnfld: 0.00002 + L_Eknl: 0.07261 + L_Morse: 1.46493 + L_thetaHessian: 0.54739 + L_thetaNeighbor: 0.05577 + L_Guidance: 0.01864
Feature guidance terms: boundary=0.00932, intra=0.00000, neighbor=0.00000, diversity=0.00000

Weights: [7000.0, 600.0, 10.0, 50.0, 30.0, 0.0007505555555555556, 8000.0], lr=5.000e-05
Epoch: 0 [1650/3000 (55%)] Loss: 26.44041 = L_Mnfld: 6.81472 + L_NonMnfld: 0.01863 + L_Eknl: 3.69732 + L_Morse: 0.00111 + L_thetaHessian: 5.26709 + L_thetaNeighbor: 1.82808 + L_Guidance: 137.81005
Epoch: 0 [1650/3000 (55%)] Unweighted L_s : L_Mnfld: 0.00097 + L_NonMnfld: 0.00003 + L_Eknl: 0.07395 + L_Morse: 1.47535 + L_thetaHessian: 0.52671 + L_thetaNeighbor: 0.06094 + L_Guidance: 0.01723
Feature guidance terms: boundary=0.00861, intra=0.00000, neighbor=0.00000, diversity=0.00000

Weights: [7000.0, 600.0, 10.0, 50.0, 30.0, 0.000745, 8000.0], lr=5.000e-05
Epoch: 0 [1660/3000 (55%)] Loss: 28.85749 = L_Mnfld: 8.57077 + L_NonMnfld: 0.01299 + L_Eknl: 3.62761 + L_Morse: 0.00109 + L_thetaHessian: 5.19192 + L_thetaNeighbor: 1.83394 + L_Guidance: 137.24759
Epoch: 0 [1660/3000 (55%)] Unweighted L_s : L_Mnfld: 0.00122 + L_NonMnfld: 0.00002 + L_Eknl: 0.07255 + L_Morse: 1.46039 + L_thetaHessian: 0.51919 + L_thetaNeighbor: 0.06113 + L_Guidance: 0.01716
Feature guidance terms: boundary=0.00858, intra=0.00000, neighbor=0.00000, diversity=0.00000

Weights: [7000.0, 600.0, 10.0, 50.0, 30.0, 0.0007394444444444445, 8000.0], lr=5.000e-05
Epoch: 0 [1670/3000 (56%)] Loss: 26.27452 = L_Mnfld: 6.77923 + L_NonMnfld: 0.01699 + L_Eknl: 3.64146 + L_Morse: 0.00109 + L_thetaHessian: 5.31614 + L_thetaNeighbor: 1.76144 + L_Guidance: 140.93198
Epoch: 0 [1670/3000 (56%)] Unweighted L_s : L_Mnfld: 0.00097 + L_NonMnfld: 0.00003 + L_Eknl: 0.07283 + L_Morse: 1.47287 + L_thetaHessian: 0.53161 + L_thetaNeighbor: 0.05871 + L_Guidance: 0.01762
Feature guidance terms: boundary=0.00881, intra=0.00000, neighbor=0.00000, diversity=0.00000

Weights: [7000.0, 600.0, 10.0, 50.0, 30.0, 0.000733888888888889, 8000.0], lr=5.000e-05
Epoch: 0 [1680/3000 (56%)] Loss: 29.00891 = L_Mnfld: 8.66610 + L_NonMnfld: 0.02395 + L_Eknl: 3.61409 + L_Morse: 0.00107 + L_thetaHessian: 5.18043 + L_thetaNeighbor: 1.85362 + L_Guidance: 135.78424
Epoch: 0 [1680/3000 (56%)] Unweighted L_s : L_Mnfld: 0.00124 + L_NonMnfld: 0.00004 + L_Eknl: 0.07228 + L_Morse: 1.46134 + L_thetaHessian: 0.51804 + L_thetaNeighbor: 0.06179 + L_Guidance: 0.01697
Feature guidance terms: boundary=0.00849, intra=0.00000, neighbor=0.00000, diversity=0.00000

Weights: [7000.0, 600.0, 10.0, 50.0, 30.0, 0.0007283333333333334, 8000.0], lr=5.000e-05
Epoch: 0 [1690/3000 (56%)] Loss: 26.48212 = L_Mnfld: 6.77878 + L_NonMnfld: 0.02235 + L_Eknl: 3.61738 + L_Morse: 0.00107 + L_thetaHessian: 5.36747 + L_thetaNeighbor: 1.86770 + L_Guidance: 137.70598
Epoch: 0 [1690/3000 (56%)] Unweighted L_s : L_Mnfld: 0.00097 + L_NonMnfld: 0.00004 + L_Eknl: 0.07235 + L_Morse: 1.47051 + L_thetaHessian: 0.53675 + L_thetaNeighbor: 0.06226 + L_Guidance: 0.01721
Feature guidance terms: boundary=0.00861, intra=0.00000, neighbor=0.00000, diversity=0.00000

Weights: [7000.0, 600.0, 10.0, 50.0, 30.0, 0.0007227777777777778, 8000.0], lr=5.000e-05
Epoch: 0 [1700/3000 (57%)] Loss: 28.98246 = L_Mnfld: 8.64638 + L_NonMnfld: 0.01548 + L_Eknl: 3.60829 + L_Morse: 0.00105 + L_thetaHessian: 5.19788 + L_thetaNeighbor: 1.85255 + L_Guidance: 135.60095
Epoch: 0 [1700/3000 (57%)] Unweighted L_s : L_Mnfld: 0.00124 + L_NonMnfld: 0.00003 + L_Eknl: 0.07217 + L_Morse: 1.45950 + L_thetaHessian: 0.51979 + L_thetaNeighbor: 0.06175 + L_Guidance: 0.01695
Feature guidance terms: boundary=0.00848, intra=0.00000, neighbor=0.00000, diversity=0.00000

Weights: [7000.0, 600.0, 10.0, 50.0, 30.0, 0.0007172222222222223, 8000.0], lr=5.000e-05
Epoch: 0 [1710/3000 (57%)] Loss: 26.28211 = L_Mnfld: 6.70869 + L_NonMnfld: 0.02066 + L_Eknl: 3.66795 + L_Morse: 0.00105 + L_thetaHessian: 5.23160 + L_thetaNeighbor: 1.89146 + L_Guidance: 138.93071
Epoch: 0 [1710/3000 (57%)] Unweighted L_s : L_Mnfld: 0.00096 + L_NonMnfld: 0.00003 + L_Eknl: 0.07336 + L_Morse: 1.46799 + L_thetaHessian: 0.52316 + L_thetaNeighbor: 0.06305 + L_Guidance: 0.01737
Feature guidance terms: boundary=0.00868, intra=0.00000, neighbor=0.00000, diversity=0.00000

Weights: [7000.0, 600.0, 10.0, 50.0, 30.0, 0.0007116666666666669, 8000.0], lr=5.000e-05
Epoch: 0 [1720/3000 (57%)] Loss: 29.09079 = L_Mnfld: 8.68422 + L_NonMnfld: 0.01377 + L_Eknl: 3.54346 + L_Morse: 0.00104 + L_thetaHessian: 5.28011 + L_thetaNeighbor: 1.87126 + L_Guidance: 135.30076
Epoch: 0 [1720/3000 (57%)] Unweighted L_s : L_Mnfld: 0.00124 + L_NonMnfld: 0.00002 + L_Eknl: 0.07087 + L_Morse: 1.45774 + L_thetaHessian: 0.52801 + L_thetaNeighbor: 0.06238 + L_Guidance: 0.01691
Feature guidance terms: boundary=0.00846, intra=0.00000, neighbor=0.00000, diversity=0.00000

Weights: [7000.0, 600.0, 10.0, 50.0, 30.0, 0.0007061111111111111, 8000.0], lr=5.000e-05
Epoch: 0 [1730/3000 (58%)] Loss: 25.93420 = L_Mnfld: 6.65634 + L_NonMnfld: 0.02009 + L_Eknl: 3.61673 + L_Morse: 0.00104 + L_thetaHessian: 5.14502 + L_thetaNeighbor: 1.85025 + L_Guidance: 134.42601
Epoch: 0 [1730/3000 (58%)] Unweighted L_s : L_Mnfld: 0.00095 + L_NonMnfld: 0.00003 + L_Eknl: 0.07233 + L_Morse: 1.46706 + L_thetaHessian: 0.51450 + L_thetaNeighbor: 0.06168 + L_Guidance: 0.01680
Feature guidance terms: boundary=0.00840, intra=0.00000, neighbor=0.00000, diversity=0.00000

Weights: [7000.0, 600.0, 10.0, 50.0, 30.0, 0.0007005555555555556, 8000.0], lr=5.000e-05
Epoch: 0 [1740/3000 (58%)] Loss: 29.01821 = L_Mnfld: 8.67228 + L_NonMnfld: 0.00914 + L_Eknl: 3.54936 + L_Morse: 0.00102 + L_thetaHessian: 5.32840 + L_thetaNeighbor: 1.78527 + L_Guidance: 139.36852
Epoch: 0 [1740/3000 (58%)] Unweighted L_s : L_Mnfld: 0.00124 + L_NonMnfld: 0.00002 + L_Eknl: 0.07099 + L_Morse: 1.45470 + L_thetaHessian: 0.53284 + L_thetaNeighbor: 0.05951 + L_Guidance: 0.01742
Feature guidance terms: boundary=0.00871, intra=0.00000, neighbor=0.00000, diversity=0.00000

Weights: [7000.0, 600.0, 10.0, 50.0, 30.0, 0.0006950000000000001, 8000.0], lr=5.000e-05
Epoch: 0 [1750/3000 (58%)] Loss: 25.89407 = L_Mnfld: 6.59806 + L_NonMnfld: 0.01616 + L_Eknl: 3.60158 + L_Morse: 0.00102 + L_thetaHessian: 5.18231 + L_thetaNeighbor: 1.86359 + L_Guidance: 133.56517
Epoch: 0 [1750/3000 (58%)] Unweighted L_s : L_Mnfld: 0.00094 + L_NonMnfld: 0.00003 + L_Eknl: 0.07203 + L_Morse: 1.46614 + L_thetaHessian: 0.51823 + L_thetaNeighbor: 0.06212 + L_Guidance: 0.01670
Feature guidance terms: boundary=0.00835, intra=0.00000, neighbor=0.00000, diversity=0.00000

Weights: [7000.0, 600.0, 10.0, 50.0, 30.0, 0.0006894444444444443, 8000.0], lr=5.000e-05
Epoch: 0 [1760/3000 (59%)] Loss: 28.88001 = L_Mnfld: 8.62509 + L_NonMnfld: 0.01328 + L_Eknl: 3.55947 + L_Morse: 0.00100 + L_thetaHessian: 5.18114 + L_thetaNeighbor: 1.87336 + L_Guidance: 133.36410
Epoch: 0 [1760/3000 (59%)] Unweighted L_s : L_Mnfld: 0.00123 + L_NonMnfld: 0.00002 + L_Eknl: 0.07119 + L_Morse: 1.45164 + L_thetaHessian: 0.51811 + L_thetaNeighbor: 0.06245 + L_Guidance: 0.01667
Feature guidance terms: boundary=0.00834, intra=0.00000, neighbor=0.00000, diversity=0.00000

Weights: [7000.0, 600.0, 10.0, 50.0, 30.0, 0.0006838888888888889, 8000.0], lr=5.000e-05
Epoch: 0 [1770/3000 (59%)] Loss: 26.61839 = L_Mnfld: 6.99637 + L_NonMnfld: 0.01617 + L_Eknl: 3.61944 + L_Morse: 0.00100 + L_thetaHessian: 5.24428 + L_thetaNeighbor: 1.86833 + L_Guidance: 135.11549
Epoch: 0 [1770/3000 (59%)] Unweighted L_s : L_Mnfld: 0.00100 + L_NonMnfld: 0.00003 + L_Eknl: 0.07239 + L_Morse: 1.46253 + L_thetaHessian: 0.52443 + L_thetaNeighbor: 0.06228 + L_Guidance: 0.01689
Feature guidance terms: boundary=0.00844, intra=0.00000, neighbor=0.00000, diversity=0.00000

Weights: [7000.0, 600.0, 10.0, 50.0, 30.0, 0.0006783333333333334, 8000.0], lr=5.000e-05
Epoch: 0 [1780/3000 (59%)] Loss: 29.08101 = L_Mnfld: 8.49782 + L_NonMnfld: 0.01644 + L_Eknl: 3.62347 + L_Morse: 0.00098 + L_thetaHessian: 5.36541 + L_thetaNeighbor: 1.88321 + L_Guidance: 137.54551
Epoch: 0 [1780/3000 (59%)] Unweighted L_s : L_Mnfld: 0.00121 + L_NonMnfld: 0.00003 + L_Eknl: 0.07247 + L_Morse: 1.45038 + L_thetaHessian: 0.53654 + L_thetaNeighbor: 0.06277 + L_Guidance: 0.01719
Feature guidance terms: boundary=0.00860, intra=0.00000, neighbor=0.00000, diversity=0.00000

Weights: [7000.0, 600.0, 10.0, 50.0, 30.0, 0.0006727777777777778, 8000.0], lr=5.000e-05
Epoch: 0 [1790/3000 (60%)] Loss: 27.26683 = L_Mnfld: 7.00536 + L_NonMnfld: 0.01848 + L_Eknl: 3.65996 + L_Morse: 0.00098 + L_thetaHessian: 5.55742 + L_thetaNeighbor: 1.93568 + L_Guidance: 145.47269
Epoch: 0 [1790/3000 (60%)] Unweighted L_s : L_Mnfld: 0.00100 + L_NonMnfld: 0.00003 + L_Eknl: 0.07320 + L_Morse: 1.45792 + L_thetaHessian: 0.55574 + L_thetaNeighbor: 0.06452 + L_Guidance: 0.01818
Feature guidance terms: boundary=0.00909, intra=0.00000, neighbor=0.00000, diversity=0.00000

Weights: [7000.0, 600.0, 10.0, 50.0, 30.0, 0.0006672222222222223, 8000.0], lr=5.000e-05
Epoch: 0 [1800/3000 (60%)] Loss: 28.96010 = L_Mnfld: 8.46598 + L_NonMnfld: 0.01154 + L_Eknl: 3.56757 + L_Morse: 0.00097 + L_thetaHessian: 5.48125 + L_thetaNeighbor: 1.77943 + L_Guidance: 142.93653
Epoch: 0 [1800/3000 (60%)] Unweighted L_s : L_Mnfld: 0.00121 + L_NonMnfld: 0.00002 + L_Eknl: 0.07135 + L_Morse: 1.44892 + L_thetaHessian: 0.54813 + L_thetaNeighbor: 0.05931 + L_Guidance: 0.01787
Feature guidance terms: boundary=0.00893, intra=0.00000, neighbor=0.00000, diversity=0.00000

Weights: [7000.0, 600.0, 10.0, 50.0, 30.0, 0.0006616666666666667, 8000.0], lr=5.000e-05
Epoch: 0 [1810/3000 (60%)] Loss: 26.54685 = L_Mnfld: 7.08499 + L_NonMnfld: 0.01516 + L_Eknl: 3.65487 + L_Morse: 0.00096 + L_thetaHessian: 5.14475 + L_thetaNeighbor: 1.79716 + L_Guidance: 138.07163
Epoch: 0 [1810/3000 (60%)] Unweighted L_s : L_Mnfld: 0.00101 + L_NonMnfld: 0.00003 + L_Eknl: 0.07310 + L_Morse: 1.45793 + L_thetaHessian: 0.51448 + L_thetaNeighbor: 0.05991 + L_Guidance: 0.01726
Feature guidance terms: boundary=0.00863, intra=0.00000, neighbor=0.00000, diversity=0.00000

Weights: [7000.0, 600.0, 10.0, 50.0, 30.0, 0.0006561111111111112, 8000.0], lr=5.000e-05
Epoch: 0 [1820/3000 (61%)] Loss: 28.45914 = L_Mnfld: 8.33399 + L_NonMnfld: 0.01203 + L_Eknl: 3.58132 + L_Morse: 0.00095 + L_thetaHessian: 5.20693 + L_thetaNeighbor: 1.83754 + L_Guidance: 134.49444
Epoch: 0 [1820/3000 (61%)] Unweighted L_s : L_Mnfld: 0.00119 + L_NonMnfld: 0.00002 + L_Eknl: 0.07163 + L_Morse: 1.44415 + L_thetaHessian: 0.52069 + L_thetaNeighbor: 0.06125 + L_Guidance: 0.01681
Feature guidance terms: boundary=0.00841, intra=0.00000, neighbor=0.00000, diversity=0.00000

Weights: [7000.0, 600.0, 10.0, 50.0, 30.0, 0.0006505555555555555, 8000.0], lr=5.000e-05
Epoch: 0 [1830/3000 (61%)] Loss: 26.94567 = L_Mnfld: 7.27334 + L_NonMnfld: 0.01534 + L_Eknl: 3.56604 + L_Morse: 0.00095 + L_thetaHessian: 5.41639 + L_thetaNeighbor: 1.69171 + L_Guidance: 146.50363
Epoch: 0 [1830/3000 (61%)] Unweighted L_s : L_Mnfld: 0.00104 + L_NonMnfld: 0.00003 + L_Eknl: 0.07132 + L_Morse: 1.45879 + L_thetaHessian: 0.54164 + L_thetaNeighbor: 0.05639 + L_Guidance: 0.01831
Feature guidance terms: boundary=0.00916, intra=0.00000, neighbor=0.00000, diversity=0.00000

Weights: [7000.0, 600.0, 10.0, 50.0, 30.0, 0.0006450000000000001, 8000.0], lr=5.000e-05
Epoch: 0 [1840/3000 (61%)] Loss: 28.55643 = L_Mnfld: 8.47684 + L_NonMnfld: 0.01799 + L_Eknl: 3.51051 + L_Morse: 0.00093 + L_thetaHessian: 5.17215 + L_thetaNeighbor: 1.85919 + L_Guidance: 134.05585
Epoch: 0 [1840/3000 (61%)] Unweighted L_s : L_Mnfld: 0.00121 + L_NonMnfld: 0.00003 + L_Eknl: 0.07021 + L_Morse: 1.44339 + L_thetaHessian: 0.51722 + L_thetaNeighbor: 0.06197 + L_Guidance: 0.01676
Feature guidance terms: boundary=0.00838, intra=0.00000, neighbor=0.00000, diversity=0.00000

Weights: [7000.0, 600.0, 10.0, 50.0, 30.0, 0.0006394444444444445, 8000.0], lr=5.000e-05
Epoch: 0 [1850/3000 (62%)] Loss: 26.93604 = L_Mnfld: 7.14491 + L_NonMnfld: 0.01742 + L_Eknl: 3.63191 + L_Morse: 0.00093 + L_thetaHessian: 5.43260 + L_thetaNeighbor: 1.72960 + L_Guidance: 145.49018
Epoch: 0 [1850/3000 (62%)] Unweighted L_s : L_Mnfld: 0.00102 + L_NonMnfld: 0.00003 + L_Eknl: 0.07264 + L_Morse: 1.45112 + L_thetaHessian: 0.54326 + L_thetaNeighbor: 0.05765 + L_Guidance: 0.01819
Feature guidance terms: boundary=0.00909, intra=0.00000, neighbor=0.00000, diversity=0.00000

Weights: [7000.0, 600.0, 10.0, 50.0, 30.0, 0.0006338888888888889, 8000.0], lr=5.000e-05
Epoch: 0 [1860/3000 (62%)] Loss: 28.57757 = L_Mnfld: 8.26579 + L_NonMnfld: 0.02009 + L_Eknl: 3.48940 + L_Morse: 0.00092 + L_thetaHessian: 5.30249 + L_thetaNeighbor: 1.97303 + L_Guidance: 135.08584
Epoch: 0 [1860/3000 (62%)] Unweighted L_s : L_Mnfld: 0.00118 + L_NonMnfld: 0.00003 + L_Eknl: 0.06979 + L_Morse: 1.44462 + L_thetaHessian: 0.53025 + L_thetaNeighbor: 0.06577 + L_Guidance: 0.01689
Feature guidance terms: boundary=0.00844, intra=0.00000, neighbor=0.00000, diversity=0.00000

Weights: [7000.0, 600.0, 10.0, 50.0, 30.0, 0.0006283333333333334, 8000.0], lr=5.000e-05
Epoch: 0 [1870/3000 (62%)] Loss: 26.55199 = L_Mnfld: 6.97583 + L_NonMnfld: 0.02628 + L_Eknl: 3.54770 + L_Morse: 0.00092 + L_thetaHessian: 5.26951 + L_thetaNeighbor: 1.88109 + L_Guidance: 133.48868
Epoch: 0 [1870/3000 (62%)] Unweighted L_s : L_Mnfld: 0.00100 + L_NonMnfld: 0.00004 + L_Eknl: 0.07095 + L_Morse: 1.45753 + L_thetaHessian: 0.52695 + L_thetaNeighbor: 0.06270 + L_Guidance: 0.01669
Feature guidance terms: boundary=0.00834, intra=0.00000, neighbor=0.00000, diversity=0.00000

Weights: [7000.0, 600.0, 10.0, 50.0, 30.0, 0.0006227777777777779, 8000.0], lr=5.000e-05
Epoch: 0 [1880/3000 (63%)] Loss: 29.09309 = L_Mnfld: 8.27980 + L_NonMnfld: 0.01259 + L_Eknl: 3.54039 + L_Morse: 0.00089 + L_thetaHessian: 5.58869 + L_thetaNeighbor: 1.97303 + L_Guidance: 142.10697
Epoch: 0 [1880/3000 (63%)] Unweighted L_s : L_Mnfld: 0.00118 + L_NonMnfld: 0.00002 + L_Eknl: 0.07081 + L_Morse: 1.43611 + L_thetaHessian: 0.55887 + L_thetaNeighbor: 0.06577 + L_Guidance: 0.01776
Feature guidance terms: boundary=0.00888, intra=0.00000, neighbor=0.00000, diversity=0.00000

Weights: [7000.0, 600.0, 10.0, 50.0, 30.0, 0.0006172222222222221, 8000.0], lr=5.000e-05
Epoch: 0 [1890/3000 (63%)] Loss: 26.73748 = L_Mnfld: 6.88428 + L_NonMnfld: 0.01201 + L_Eknl: 3.54889 + L_Morse: 0.00089 + L_thetaHessian: 5.54370 + L_thetaNeighbor: 1.83522 + L_Guidance: 145.54904
Epoch: 0 [1890/3000 (63%)] Unweighted L_s : L_Mnfld: 0.00098 + L_NonMnfld: 0.00002 + L_Eknl: 0.07098 + L_Morse: 1.44966 + L_thetaHessian: 0.55437 + L_thetaNeighbor: 0.06117 + L_Guidance: 0.01819
Feature guidance terms: boundary=0.00910, intra=0.00000, neighbor=0.00000, diversity=0.00000

Weights: [7000.0, 600.0, 10.0, 50.0, 30.0, 0.0006116666666666666, 8000.0], lr=5.000e-05
Epoch: 0 [1900/3000 (63%)] Loss: 29.69946 = L_Mnfld: 8.47447 + L_NonMnfld: 0.01219 + L_Eknl: 3.58150 + L_Morse: 0.00088 + L_thetaHessian: 5.94477 + L_thetaNeighbor: 1.78583 + L_Guidance: 155.26718
Epoch: 0 [1900/3000 (63%)] Unweighted L_s : L_Mnfld: 0.00121 + L_NonMnfld: 0.00002 + L_Eknl: 0.07163 + L_Morse: 1.43731 + L_thetaHessian: 0.59448 + L_thetaNeighbor: 0.05953 + L_Guidance: 0.01941
Feature guidance terms: boundary=0.00970, intra=0.00000, neighbor=0.00000, diversity=0.00000

Weights: [7000.0, 600.0, 10.0, 50.0, 30.0, 0.0006061111111111112, 8000.0], lr=5.000e-05
Epoch: 0 [1910/3000 (64%)] Loss: 25.55669 = L_Mnfld: 6.72881 + L_NonMnfld: 0.01817 + L_Eknl: 3.55535 + L_Morse: 0.00088 + L_thetaHessian: 5.03287 + L_thetaNeighbor: 1.70172 + L_Guidance: 141.31713
Epoch: 0 [1910/3000 (64%)] Unweighted L_s : L_Mnfld: 0.00096 + L_NonMnfld: 0.00003 + L_Eknl: 0.07111 + L_Morse: 1.44368 + L_thetaHessian: 0.50329 + L_thetaNeighbor: 0.05672 + L_Guidance: 0.01766
Feature guidance terms: boundary=0.00883, intra=0.00000, neighbor=0.00000, diversity=0.00000

Weights: [7000.0, 600.0, 10.0, 50.0, 30.0, 0.0006005555555555556, 8000.0], lr=5.000e-05
Epoch: 0 [1920/3000 (64%)] Loss: 28.48797 = L_Mnfld: 8.46010 + L_NonMnfld: 0.01407 + L_Eknl: 3.50326 + L_Morse: 0.00086 + L_thetaHessian: 5.27178 + L_thetaNeighbor: 1.74190 + L_Guidance: 146.42556
Epoch: 0 [1920/3000 (64%)] Unweighted L_s : L_Mnfld: 0.00121 + L_NonMnfld: 0.00002 + L_Eknl: 0.07007 + L_Morse: 1.43479 + L_thetaHessian: 0.52718 + L_thetaNeighbor: 0.05806 + L_Guidance: 0.01830
Feature guidance terms: boundary=0.00915, intra=0.00000, neighbor=0.00000, diversity=0.00000

Weights: [7000.0, 600.0, 10.0, 50.0, 30.0, 0.000595, 8000.0], lr=5.000e-05
Epoch: 0 [1930/3000 (64%)] Loss: 25.98210 = L_Mnfld: 6.60051 + L_NonMnfld: 0.01026 + L_Eknl: 3.50137 + L_Morse: 0.00086 + L_thetaHessian: 5.41904 + L_thetaNeighbor: 1.78936 + L_Guidance: 140.92942
Epoch: 0 [1930/3000 (64%)] Unweighted L_s : L_Mnfld: 0.00094 + L_NonMnfld: 0.00002 + L_Eknl: 0.07003 + L_Morse: 1.45032 + L_thetaHessian: 0.54190 + L_thetaNeighbor: 0.05965 + L_Guidance: 0.01762
Feature guidance terms: boundary=0.00881, intra=0.00000, neighbor=0.00000, diversity=0.00000

Weights: [7000.0, 600.0, 10.0, 50.0, 30.0, 0.0005894444444444445, 8000.0], lr=5.000e-05
Epoch: 0 [1940/3000 (65%)] Loss: 28.74997 = L_Mnfld: 8.67163 + L_NonMnfld: 0.01313 + L_Eknl: 3.47911 + L_Morse: 0.00085 + L_thetaHessian: 5.35499 + L_thetaNeighbor: 1.64694 + L_Guidance: 148.10531
Epoch: 0 [1940/3000 (65%)] Unweighted L_s : L_Mnfld: 0.00124 + L_NonMnfld: 0.00002 + L_Eknl: 0.06958 + L_Morse: 1.43653 + L_thetaHessian: 0.53550 + L_thetaNeighbor: 0.05490 + L_Guidance: 0.01851
Feature guidance terms: boundary=0.00926, intra=0.00000, neighbor=0.00000, diversity=0.00000

Weights: [7000.0, 600.0, 10.0, 50.0, 30.0, 0.000583888888888889, 8000.0], lr=5.000e-05
Epoch: 0 [1950/3000 (65%)] Loss: 27.75564 = L_Mnfld: 7.44335 + L_NonMnfld: 0.01566 + L_Eknl: 3.61930 + L_Morse: 0.00084 + L_thetaHessian: 5.53885 + L_thetaNeighbor: 1.88575 + L_Guidance: 150.78582
Epoch: 0 [1950/3000 (65%)] Unweighted L_s : L_Mnfld: 0.00106 + L_NonMnfld: 0.00003 + L_Eknl: 0.07239 + L_Morse: 1.44517 + L_thetaHessian: 0.55389 + L_thetaNeighbor: 0.06286 + L_Guidance: 0.01885
Feature guidance terms: boundary=0.00942, intra=0.00000, neighbor=0.00000, diversity=0.00000

Weights: [7000.0, 600.0, 10.0, 50.0, 30.0, 0.0005783333333333333, 8000.0], lr=5.000e-05
Epoch: 0 [1960/3000 (65%)] Loss: 28.51356 = L_Mnfld: 8.57540 + L_NonMnfld: 0.01185 + L_Eknl: 3.55872 + L_Morse: 0.00083 + L_thetaHessian: 5.16306 + L_thetaNeighbor: 1.69918 + L_Guidance: 144.33922
Epoch: 0 [1960/3000 (65%)] Unweighted L_s : L_Mnfld: 0.00123 + L_NonMnfld: 0.00002 + L_Eknl: 0.07117 + L_Morse: 1.43785 + L_thetaHessian: 0.51631 + L_thetaNeighbor: 0.05664 + L_Guidance: 0.01804
Feature guidance terms: boundary=0.00902, intra=0.00000, neighbor=0.00000, diversity=0.00000

Weights: [7000.0, 600.0, 10.0, 50.0, 30.0, 0.0005727777777777778, 8000.0], lr=5.000e-05
Epoch: 0 [1970/3000 (66%)] Loss: 27.36815 = L_Mnfld: 7.52382 + L_NonMnfld: 0.01531 + L_Eknl: 3.61078 + L_Morse: 0.00083 + L_thetaHessian: 5.29346 + L_thetaNeighbor: 1.80124 + L_Guidance: 144.53538
Epoch: 0 [1970/3000 (66%)] Unweighted L_s : L_Mnfld: 0.00107 + L_NonMnfld: 0.00003 + L_Eknl: 0.07222 + L_Morse: 1.45163 + L_thetaHessian: 0.52935 + L_thetaNeighbor: 0.06004 + L_Guidance: 0.01807
Feature guidance terms: boundary=0.00903, intra=0.00000, neighbor=0.00000, diversity=0.00000

Weights: [7000.0, 600.0, 10.0, 50.0, 30.0, 0.0005672222222222223, 8000.0], lr=5.000e-05
Epoch: 0 [1980/3000 (66%)] Loss: 28.57940 = L_Mnfld: 8.56439 + L_NonMnfld: 0.01044 + L_Eknl: 3.51275 + L_Morse: 0.00081 + L_thetaHessian: 5.21527 + L_thetaNeighbor: 1.74927 + L_Guidance: 143.15072
Epoch: 0 [1980/3000 (66%)] Unweighted L_s : L_Mnfld: 0.00122 + L_NonMnfld: 0.00002 + L_Eknl: 0.07025 + L_Morse: 1.43673 + L_thetaHessian: 0.52153 + L_thetaNeighbor: 0.05831 + L_Guidance: 0.01789
Feature guidance terms: boundary=0.00895, intra=0.00000, neighbor=0.00000, diversity=0.00000

Weights: [7000.0, 600.0, 10.0, 50.0, 30.0, 0.0005616666666666667, 8000.0], lr=5.000e-05
Epoch: 0 [1990/3000 (66%)] Loss: 27.54793 = L_Mnfld: 7.77916 + L_NonMnfld: 0.01601 + L_Eknl: 3.58096 + L_Morse: 0.00081 + L_thetaHessian: 5.17930 + L_thetaNeighbor: 1.80905 + L_Guidance: 135.90682
Epoch: 0 [1990/3000 (66%)] Unweighted L_s : L_Mnfld: 0.00111 + L_NonMnfld: 0.00003 + L_Eknl: 0.07162 + L_Morse: 1.44133 + L_thetaHessian: 0.51793 + L_thetaNeighbor: 0.06030 + L_Guidance: 0.01699
Feature guidance terms: boundary=0.00849, intra=0.00000, neighbor=0.00000, diversity=0.00000

Weights: [7000.0, 600.0, 10.0, 50.0, 30.0, 0.0005561111111111112, 8000.0], lr=5.000e-05
Epoch: 0 [2000/3000 (67%)] Loss: 27.59936 = L_Mnfld: 7.89243 + L_NonMnfld: 0.01436 + L_Eknl: 3.53761 + L_Morse: 0.00080 + L_thetaHessian: 5.22466 + L_thetaNeighbor: 1.72972 + L_Guidance: 140.11788
Epoch: 0 [2000/3000 (67%)] Unweighted L_s : L_Mnfld: 0.00113 + L_NonMnfld: 0.00002 + L_Eknl: 0.07075 + L_Morse: 1.43669 + L_thetaHessian: 0.52247 + L_thetaNeighbor: 0.05766 + L_Guidance: 0.01751
Feature guidance terms: boundary=0.00876, intra=0.00000, neighbor=0.00000, diversity=0.00000

Weights: [7000.0, 600.0, 10.0, 50.0, 30.0, 0.0005505555555555557, 8000.0], lr=5.000e-05
Epoch: 0 [2010/3000 (67%)] Loss: 26.80867 = L_Mnfld: 7.45012 + L_NonMnfld: 0.01460 + L_Eknl: 3.43660 + L_Morse: 0.00080 + L_thetaHessian: 5.16394 + L_thetaNeighbor: 1.80639 + L_Guidance: 136.10011
Epoch: 0 [2010/3000 (67%)] Unweighted L_s : L_Mnfld: 0.00106 + L_NonMnfld: 0.00002 + L_Eknl: 0.06873 + L_Morse: 1.45524 + L_thetaHessian: 0.51639 + L_thetaNeighbor: 0.06021 + L_Guidance: 0.01701
Feature guidance terms: boundary=0.00851, intra=0.00000, neighbor=0.00000, diversity=0.00000

Weights: [7000.0, 600.0, 10.0, 50.0, 30.0, 0.0005449999999999999, 8000.0], lr=5.000e-05
Epoch: 0 [2020/3000 (67%)] Loss: 28.52976 = L_Mnfld: 8.40737 + L_NonMnfld: 0.00957 + L_Eknl: 3.49652 + L_Morse: 0.00078 + L_thetaHessian: 5.26441 + L_thetaNeighbor: 1.84119 + L_Guidance: 135.47865
Epoch: 0 [2020/3000 (67%)] Unweighted L_s : L_Mnfld: 0.00120 + L_NonMnfld: 0.00002 + L_Eknl: 0.06993 + L_Morse: 1.42864 + L_thetaHessian: 0.52644 + L_thetaNeighbor: 0.06137 + L_Guidance: 0.01693
Feature guidance terms: boundary=0.00847, intra=0.00000, neighbor=0.00000, diversity=0.00000

Weights: [7000.0, 600.0, 10.0, 50.0, 30.0, 0.0005394444444444444, 8000.0], lr=5.000e-05
Epoch: 0 [2030/3000 (68%)] Loss: 26.78894 = L_Mnfld: 7.34509 + L_NonMnfld: 0.01272 + L_Eknl: 3.54646 + L_Morse: 0.00077 + L_thetaHessian: 5.09864 + L_thetaNeighbor: 1.85560 + L_Guidance: 136.47984
Epoch: 0 [2030/3000 (68%)] Unweighted L_s : L_Mnfld: 0.00105 + L_NonMnfld: 0.00002 + L_Eknl: 0.07093 + L_Morse: 1.43421 + L_thetaHessian: 0.50986 + L_thetaNeighbor: 0.06185 + L_Guidance: 0.01706
Feature guidance terms: boundary=0.00853, intra=0.00000, neighbor=0.00000, diversity=0.00000

Weights: [7000.0, 600.0, 10.0, 50.0, 30.0, 0.000533888888888889, 8000.0], lr=5.000e-05
Epoch: 0 [2040/3000 (68%)] Loss: 27.81557 = L_Mnfld: 8.06759 + L_NonMnfld: 0.01012 + L_Eknl: 3.50174 + L_Morse: 0.00076 + L_thetaHessian: 5.12221 + L_thetaNeighbor: 1.84129 + L_Guidance: 133.47241
Epoch: 0 [2040/3000 (68%)] Unweighted L_s : L_Mnfld: 0.00115 + L_NonMnfld: 0.00002 + L_Eknl: 0.07003 + L_Morse: 1.42937 + L_thetaHessian: 0.51222 + L_thetaNeighbor: 0.06138 + L_Guidance: 0.01668
Feature guidance terms: boundary=0.00834, intra=0.00000, neighbor=0.00000, diversity=0.00000

Weights: [7000.0, 600.0, 10.0, 50.0, 30.0, 0.0005283333333333332, 8000.0], lr=5.000e-05
Epoch: 0 [2050/3000 (68%)] Loss: 26.43106 = L_Mnfld: 6.99266 + L_NonMnfld: 0.01105 + L_Eknl: 3.51344 + L_Morse: 0.00077 + L_thetaHessian: 5.36499 + L_thetaNeighbor: 1.73780 + L_Guidance: 146.74710
Epoch: 0 [2050/3000 (68%)] Unweighted L_s : L_Mnfld: 0.00100 + L_NonMnfld: 0.00002 + L_Eknl: 0.07027 + L_Morse: 1.44935 + L_thetaHessian: 0.53650 + L_thetaNeighbor: 0.05793 + L_Guidance: 0.01834
Feature guidance terms: boundary=0.00917, intra=0.00000, neighbor=0.00000, diversity=0.00000

Weights: [7000.0, 600.0, 10.0, 50.0, 30.0, 0.0005227777777777778, 8000.0], lr=5.000e-05
Epoch: 0 [2060/3000 (69%)] Loss: 28.21922 = L_Mnfld: 8.37238 + L_NonMnfld: 0.01429 + L_Eknl: 3.48760 + L_Morse: 0.00075 + L_thetaHessian: 5.05005 + L_thetaNeighbor: 1.88776 + L_Guidance: 131.16893
Epoch: 0 [2060/3000 (69%)] Unweighted L_s : L_Mnfld: 0.00120 + L_NonMnfld: 0.00002 + L_Eknl: 0.06975 + L_Morse: 1.42551 + L_thetaHessian: 0.50500 + L_thetaNeighbor: 0.06293 + L_Guidance: 0.01640
Feature guidance terms: boundary=0.00820, intra=0.00000, neighbor=0.00000, diversity=0.00000

Weights: [7000.0, 600.0, 10.0, 50.0, 30.0, 0.0005172222222222223, 8000.0], lr=5.000e-05
Epoch: 0 [2070/3000 (69%)] Loss: 25.80156 = L_Mnfld: 6.86006 + L_NonMnfld: 0.00993 + L_Eknl: 3.40337 + L_Morse: 0.00074 + L_thetaHessian: 5.03779 + L_thetaNeighbor: 1.88915 + L_Guidance: 130.54991
Epoch: 0 [2070/3000 (69%)] Unweighted L_s : L_Mnfld: 0.00098 + L_NonMnfld: 0.00002 + L_Eknl: 0.06807 + L_Morse: 1.43667 + L_thetaHessian: 0.50378 + L_thetaNeighbor: 0.06297 + L_Guidance: 0.01632
Feature guidance terms: boundary=0.00816, intra=0.00000, neighbor=0.00000, diversity=0.00000

Weights: [7000.0, 600.0, 10.0, 50.0, 30.0, 0.0005116666666666668, 8000.0], lr=5.000e-05
Epoch: 0 [2080/3000 (69%)] Loss: 27.79052 = L_Mnfld: 8.13585 + L_NonMnfld: 0.02165 + L_Eknl: 3.50751 + L_Morse: 0.00073 + L_thetaHessian: 4.97788 + L_thetaNeighbor: 1.88340 + L_Guidance: 131.39936
Epoch: 0 [2080/3000 (69%)] Unweighted L_s : L_Mnfld: 0.00116 + L_NonMnfld: 0.00004 + L_Eknl: 0.07015 + L_Morse: 1.42328 + L_thetaHessian: 0.49779 + L_thetaNeighbor: 0.06278 + L_Guidance: 0.01642
Feature guidance terms: boundary=0.00821, intra=0.00000, neighbor=0.00000, diversity=0.00000

Weights: [7000.0, 600.0, 10.0, 50.0, 30.0, 0.000506111111111111, 8000.0], lr=5.000e-05
Epoch: 0 [2090/3000 (70%)] Loss: 25.40850 = L_Mnfld: 6.40753 + L_NonMnfld: 0.01476 + L_Eknl: 3.58860 + L_Morse: 0.00072 + L_thetaHessian: 5.02429 + L_thetaNeighbor: 1.90310 + L_Guidance: 128.76867
Epoch: 0 [2090/3000 (70%)] Unweighted L_s : L_Mnfld: 0.00092 + L_NonMnfld: 0.00002 + L_Eknl: 0.07177 + L_Morse: 1.42946 + L_thetaHessian: 0.50243 + L_thetaNeighbor: 0.06344 + L_Guidance: 0.01610
Feature guidance terms: boundary=0.00805, intra=0.00000, neighbor=0.00000, diversity=0.00000

Weights: [7000.0, 600.0, 10.0, 50.0, 30.0, 0.0005005555555555555, 8000.0], lr=5.000e-05
Epoch: 0 [2100/3000 (70%)] Loss: 28.15284 = L_Mnfld: 8.27832 + L_NonMnfld: 0.01019 + L_Eknl: 3.39654 + L_Morse: 0.00071 + L_thetaHessian: 5.18324 + L_thetaNeighbor: 1.89955 + L_Guidance: 131.30599
Epoch: 0 [2100/3000 (70%)] Unweighted L_s : L_Mnfld: 0.00118 + L_NonMnfld: 0.00002 + L_Eknl: 0.06793 + L_Morse: 1.42148 + L_thetaHessian: 0.51832 + L_thetaNeighbor: 0.06332 + L_Guidance: 0.01641
Feature guidance terms: boundary=0.00821, intra=0.00000, neighbor=0.00000, diversity=0.00000

Weights: [7000.0, 600.0, 10.0, 50.0, 30.0, 0.0004950000000000001, 8000.0], lr=5.000e-05
Epoch: 0 [2110/3000 (70%)] Loss: 26.70521 = L_Mnfld: 6.63081 + L_NonMnfld: 0.00919 + L_Eknl: 3.43451 + L_Morse: 0.00071 + L_thetaHessian: 5.99802 + L_thetaNeighbor: 1.73023 + L_Guidance: 156.66793
Epoch: 0 [2110/3000 (70%)] Unweighted L_s : L_Mnfld: 0.00095 + L_NonMnfld: 0.00002 + L_Eknl: 0.06869 + L_Morse: 1.44269 + L_thetaHessian: 0.59980 + L_thetaNeighbor: 0.05767 + L_Guidance: 0.01958
Feature guidance terms: boundary=0.00979, intra=0.00000, neighbor=0.00000, diversity=0.00000

Weights: [7000.0, 600.0, 10.0, 50.0, 30.0, 0.0004894444444444444, 8000.0], lr=5.000e-05
Epoch: 0 [2120/3000 (71%)] Loss: 30.11448 = L_Mnfld: 9.27102 + L_NonMnfld: 0.01292 + L_Eknl: 3.57612 + L_Morse: 0.00069 + L_thetaHessian: 5.48785 + L_thetaNeighbor: 1.72772 + L_Guidance: 146.70721
Epoch: 0 [2120/3000 (71%)] Unweighted L_s : L_Mnfld: 0.00132 + L_NonMnfld: 0.00002 + L_Eknl: 0.07152 + L_Morse: 1.41590 + L_thetaHessian: 0.54879 + L_thetaNeighbor: 0.05759 + L_Guidance: 0.01834
Feature guidance terms: boundary=0.00917, intra=0.00000, neighbor=0.00000, diversity=0.00000

Weights: [7000.0, 600.0, 10.0, 50.0, 30.0, 0.00048388888888888895, 8000.0], lr=5.000e-05
Epoch: 0 [2130/3000 (71%)] Loss: 28.92201 = L_Mnfld: 8.33495 + L_NonMnfld: 0.01325 + L_Eknl: 3.51018 + L_Morse: 0.00071 + L_thetaHessian: 5.63075 + L_thetaNeighbor: 1.79151 + L_Guidance: 149.15615
Epoch: 0 [2130/3000 (71%)] Unweighted L_s : L_Mnfld: 0.00119 + L_NonMnfld: 0.00002 + L_Eknl: 0.07020 + L_Morse: 1.45715 + L_thetaHessian: 0.56308 + L_thetaNeighbor: 0.05972 + L_Guidance: 0.01864
Feature guidance terms: boundary=0.00932, intra=0.00000, neighbor=0.00000, diversity=0.00000

Weights: [7000.0, 600.0, 10.0, 50.0, 30.0, 0.00047833333333333343, 8000.0], lr=5.000e-05
Epoch: 0 [2140/3000 (71%)] Loss: 30.35756 = L_Mnfld: 8.82708 + L_NonMnfld: 0.01297 + L_Eknl: 3.48708 + L_Morse: 0.00068 + L_thetaHessian: 6.21128 + L_thetaNeighbor: 1.69928 + L_Guidance: 172.97715
Epoch: 0 [2140/3000 (71%)] Unweighted L_s : L_Mnfld: 0.00126 + L_NonMnfld: 0.00002 + L_Eknl: 0.06974 + L_Morse: 1.42572 + L_thetaHessian: 0.62113 + L_thetaNeighbor: 0.05664 + L_Guidance: 0.02162
Feature guidance terms: boundary=0.01081, intra=0.00000, neighbor=0.00000, diversity=0.00000

Weights: [7000.0, 600.0, 10.0, 50.0, 30.0, 0.0004727777777777778, 8000.0], lr=5.000e-05
Epoch: 0 [2150/3000 (72%)] Loss: 30.83124 = L_Mnfld: 9.50220 + L_NonMnfld: 0.01817 + L_Eknl: 3.81861 + L_Morse: 0.00067 + L_thetaHessian: 5.65327 + L_thetaNeighbor: 1.56124 + L_Guidance: 163.83238
Epoch: 0 [2150/3000 (72%)] Unweighted L_s : L_Mnfld: 0.00136 + L_NonMnfld: 0.00003 + L_Eknl: 0.07637 + L_Morse: 1.42130 + L_thetaHessian: 0.56533 + L_thetaNeighbor: 0.05204 + L_Guidance: 0.02048
Feature guidance terms: boundary=0.01024, intra=0.00000, neighbor=0.00000, diversity=0.00000

Weights: [7000.0, 600.0, 10.0, 50.0, 30.0, 0.00046722222222222217, 8000.0], lr=5.000e-05
Epoch: 0 [2160/3000 (72%)] Loss: 30.99940 = L_Mnfld: 9.82207 + L_NonMnfld: 0.00992 + L_Eknl: 3.53625 + L_Morse: 0.00068 + L_thetaHessian: 5.49737 + L_thetaNeighbor: 1.79998 + L_Guidance: 148.29129
Epoch: 0 [2160/3000 (72%)] Unweighted L_s : L_Mnfld: 0.00140 + L_NonMnfld: 0.00002 + L_Eknl: 0.07073 + L_Morse: 1.45302 + L_thetaHessian: 0.54974 + L_thetaNeighbor: 0.06000 + L_Guidance: 0.01854
Feature guidance terms: boundary=0.00927, intra=0.00000, neighbor=0.00000, diversity=0.00000

Weights: [7000.0, 600.0, 10.0, 50.0, 30.0, 0.00046166666666666676, 8000.0], lr=5.000e-05
Epoch: 0 [2170/3000 (72%)] Loss: 30.95338 = L_Mnfld: 9.85248 + L_NonMnfld: 0.01337 + L_Eknl: 3.65668 + L_Morse: 0.00068 + L_thetaHessian: 5.30448 + L_thetaNeighbor: 1.80791 + L_Guidance: 137.46072
Epoch: 0 [2170/3000 (72%)] Unweighted L_s : L_Mnfld: 0.00141 + L_NonMnfld: 0.00002 + L_Eknl: 0.07313 + L_Morse: 1.46353 + L_thetaHessian: 0.53045 + L_thetaNeighbor: 0.06026 + L_Guidance: 0.01718
Feature guidance terms: boundary=0.00859, intra=0.00000, neighbor=0.00000, diversity=0.00000

Weights: [7000.0, 600.0, 10.0, 50.0, 30.0, 0.000456111111111111, 8000.0], lr=5.000e-05
Epoch: 0 [2180/3000 (73%)] Loss: 35.21714 = L_Mnfld: 12.31855 + L_NonMnfld: 0.00783 + L_Eknl: 3.62664 + L_Morse: 0.00066 + L_thetaHessian: 5.83377 + L_thetaNeighbor: 1.69063 + L_Guidance: 153.28737
Epoch: 0 [2180/3000 (73%)] Unweighted L_s : L_Mnfld: 0.00176 + L_NonMnfld: 0.00001 + L_Eknl: 0.07253 + L_Morse: 1.44704 + L_thetaHessian: 0.58338 + L_thetaNeighbor: 0.05635 + L_Guidance: 0.01916
Feature guidance terms: boundary=0.00958, intra=0.00000, neighbor=0.00000, diversity=0.00000

Weights: [7000.0, 600.0, 10.0, 50.0, 30.0, 0.0004505555555555555, 8000.0], lr=5.000e-05
Epoch: 0 [2190/3000 (73%)] Loss: 41.08839 = L_Mnfld: 14.15039 + L_NonMnfld: 0.01955 + L_Eknl: 3.89611 + L_Morse: 0.00066 + L_thetaHessian: 7.36742 + L_thetaNeighbor: 1.95814 + L_Guidance: 181.05248
Epoch: 0 [2190/3000 (73%)] Unweighted L_s : L_Mnfld: 0.00202 + L_NonMnfld: 0.00003 + L_Eknl: 0.07792 + L_Morse: 1.46167 + L_thetaHessian: 0.73674 + L_thetaNeighbor: 0.06527 + L_Guidance: 0.02263
Feature guidance terms: boundary=0.01132, intra=0.00000, neighbor=0.00000, diversity=0.00000

Weights: [7000.0, 600.0, 10.0, 50.0, 30.0, 0.0004450000000000001, 8000.0], lr=5.000e-05
Epoch: 0 [2200/3000 (73%)] Loss: 35.69009 = L_Mnfld: 12.59459 + L_NonMnfld: 0.01396 + L_Eknl: 3.93799 + L_Morse: 0.00064 + L_thetaHessian: 5.82247 + L_thetaNeighbor: 1.42374 + L_Guidance: 172.07342
Epoch: 0 [2200/3000 (73%)] Unweighted L_s : L_Mnfld: 0.00180 + L_NonMnfld: 0.00002 + L_Eknl: 0.07876 + L_Morse: 1.42887 + L_thetaHessian: 0.58225 + L_thetaNeighbor: 0.04746 + L_Guidance: 0.02151
Feature guidance terms: boundary=0.01075, intra=0.00000, neighbor=0.00000, diversity=0.00000

Weights: [7000.0, 600.0, 10.0, 50.0, 30.0, 0.00043944444444444456, 8000.0], lr=5.000e-05
Epoch: 0 [2210/3000 (74%)] Loss: 33.79781 = L_Mnfld: 11.12337 + L_NonMnfld: 0.01766 + L_Eknl: 4.11807 + L_Morse: 0.00063 + L_thetaHessian: 5.68179 + L_thetaNeighbor: 1.59035 + L_Guidance: 165.35516
Epoch: 0 [2210/3000 (74%)] Unweighted L_s : L_Mnfld: 0.00159 + L_NonMnfld: 0.00003 + L_Eknl: 0.08236 + L_Morse: 1.43834 + L_thetaHessian: 0.56818 + L_thetaNeighbor: 0.05301 + L_Guidance: 0.02067
Feature guidance terms: boundary=0.01033, intra=0.00000, neighbor=0.00000, diversity=0.00000

Weights: [7000.0, 600.0, 10.0, 50.0, 30.0, 0.00043388888888888893, 8000.0], lr=5.000e-05
Epoch: 0 [2220/3000 (74%)] Loss: 29.37591 = L_Mnfld: 9.03768 + L_NonMnfld: 0.00832 + L_Eknl: 3.58340 + L_Morse: 0.00062 + L_thetaHessian: 5.37361 + L_thetaNeighbor: 1.58030 + L_Guidance: 154.21076
Epoch: 0 [2220/3000 (74%)] Unweighted L_s : L_Mnfld: 0.00129 + L_NonMnfld: 0.00001 + L_Eknl: 0.07167 + L_Morse: 1.43554 + L_thetaHessian: 0.53736 + L_thetaNeighbor: 0.05268 + L_Guidance: 0.01928
Feature guidance terms: boundary=0.00964, intra=0.00000, neighbor=0.00000, diversity=0.00000

Weights: [7000.0, 600.0, 10.0, 50.0, 30.0, 0.0004283333333333333, 8000.0], lr=5.000e-05
Epoch: 0 [2230/3000 (74%)] Loss: 30.43369 = L_Mnfld: 9.44105 + L_NonMnfld: 0.01452 + L_Eknl: 3.69048 + L_Morse: 0.00061 + L_thetaHessian: 5.41502 + L_thetaNeighbor: 1.72744 + L_Guidance: 150.34784
Epoch: 0 [2230/3000 (74%)] Unweighted L_s : L_Mnfld: 0.00135 + L_NonMnfld: 0.00002 + L_Eknl: 0.07381 + L_Morse: 1.43365 + L_thetaHessian: 0.54150 + L_thetaNeighbor: 0.05758 + L_Guidance: 0.01879
Feature guidance terms: boundary=0.00940, intra=0.00000, neighbor=0.00000, diversity=0.00000

Weights: [7000.0, 600.0, 10.0, 50.0, 30.0, 0.0004227777777777779, 8000.0], lr=5.000e-05
Epoch: 0 [2240/3000 (75%)] Loss: 30.07029 = L_Mnfld: 9.50749 + L_NonMnfld: 0.00971 + L_Eknl: 3.53935 + L_Morse: 0.00060 + L_thetaHessian: 5.26165 + L_thetaNeighbor: 1.72807 + L_Guidance: 142.62281
Epoch: 0 [2240/3000 (75%)] Unweighted L_s : L_Mnfld: 0.00136 + L_NonMnfld: 0.00002 + L_Eknl: 0.07079 + L_Morse: 1.41823 + L_thetaHessian: 0.52617 + L_thetaNeighbor: 0.05760 + L_Guidance: 0.01783
Feature guidance terms: boundary=0.00891, intra=0.00000, neighbor=0.00000, diversity=0.00000

Weights: [7000.0, 600.0, 10.0, 50.0, 30.0, 0.00041722222222222215, 8000.0], lr=5.000e-05
Epoch: 0 [2250/3000 (75%)] Loss: 28.09334 = L_Mnfld: 8.24545 + L_NonMnfld: 0.01057 + L_Eknl: 3.61227 + L_Morse: 0.00060 + L_thetaHessian: 5.11512 + L_thetaNeighbor: 1.74487 + L_Guidance: 138.45757
Epoch: 0 [2250/3000 (75%)] Unweighted L_s : L_Mnfld: 0.00118 + L_NonMnfld: 0.00002 + L_Eknl: 0.07225 + L_Morse: 1.43599 + L_thetaHessian: 0.51151 + L_thetaNeighbor: 0.05816 + L_Guidance: 0.01731
Feature guidance terms: boundary=0.00865, intra=0.00000, neighbor=0.00000, diversity=0.00000

Weights: [7000.0, 600.0, 10.0, 50.0, 30.0, 0.00041166666666666673, 8000.0], lr=5.000e-05
Epoch: 0 [2260/3000 (75%)] Loss: 28.09255 = L_Mnfld: 8.35175 + L_NonMnfld: 0.01020 + L_Eknl: 3.44456 + L_Morse: 0.00059 + L_thetaHessian: 5.11750 + L_thetaNeighbor: 1.80378 + L_Guidance: 135.37465
Epoch: 0 [2260/3000 (75%)] Unweighted L_s : L_Mnfld: 0.00119 + L_NonMnfld: 0.00002 + L_Eknl: 0.06889 + L_Morse: 1.42384 + L_thetaHessian: 0.51175 + L_thetaNeighbor: 0.06013 + L_Guidance: 0.01692
Feature guidance terms: boundary=0.00846, intra=0.00000, neighbor=0.00000, diversity=0.00000

Weights: [7000.0, 600.0, 10.0, 50.0, 30.0, 0.0004061111111111112, 8000.0], lr=5.000e-05
Epoch: 0 [2270/3000 (76%)] Loss: 28.31747 = L_Mnfld: 8.39516 + L_NonMnfld: 0.02185 + L_Eknl: 3.51833 + L_Morse: 0.00058 + L_thetaHessian: 5.09153 + L_thetaNeighbor: 1.85086 + L_Guidance: 132.66432
Epoch: 0 [2270/3000 (76%)] Unweighted L_s : L_Mnfld: 0.00120 + L_NonMnfld: 0.00004 + L_Eknl: 0.07037 + L_Morse: 1.43229 + L_thetaHessian: 0.50915 + L_thetaNeighbor: 0.06170 + L_Guidance: 0.01658
Feature guidance terms: boundary=0.00829, intra=0.00000, neighbor=0.00000, diversity=0.00000

Weights: [7000.0, 600.0, 10.0, 50.0, 30.0, 0.0004005555555555555, 8000.0], lr=5.000e-05
Epoch: 0 [2280/3000 (76%)] Loss: 27.82323 = L_Mnfld: 8.12567 + L_NonMnfld: 0.01776 + L_Eknl: 3.40277 + L_Morse: 0.00057 + L_thetaHessian: 5.09857 + L_thetaNeighbor: 1.90347 + L_Guidance: 131.86473
Epoch: 0 [2280/3000 (76%)] Unweighted L_s : L_Mnfld: 0.00116 + L_NonMnfld: 0.00003 + L_Eknl: 0.06806 + L_Morse: 1.41364 + L_thetaHessian: 0.50986 + L_thetaNeighbor: 0.06345 + L_Guidance: 0.01648
Feature guidance terms: boundary=0.00824, intra=0.00000, neighbor=0.00000, diversity=0.00000

Weights: [7000.0, 600.0, 10.0, 50.0, 30.0, 0.00039500000000000006, 8000.0], lr=5.000e-05
Epoch: 0 [2290/3000 (76%)] Loss: 26.48259 = L_Mnfld: 7.24938 + L_NonMnfld: 0.01459 + L_Eknl: 3.41824 + L_Morse: 0.00056 + L_thetaHessian: 5.08406 + L_thetaNeighbor: 1.88822 + L_Guidance: 134.87065
Epoch: 0 [2290/3000 (76%)] Unweighted L_s : L_Mnfld: 0.00104 + L_NonMnfld: 0.00002 + L_Eknl: 0.06836 + L_Morse: 1.42015 + L_thetaHessian: 0.50841 + L_thetaNeighbor: 0.06294 + L_Guidance: 0.01686
Feature guidance terms: boundary=0.00843, intra=0.00000, neighbor=0.00000, diversity=0.00000

Weights: [7000.0, 600.0, 10.0, 50.0, 30.0, 0.00038944444444444443, 8000.0], lr=5.000e-05
Epoch: 0 [2300/3000 (77%)] Loss: 27.65897 = L_Mnfld: 8.07973 + L_NonMnfld: 0.03968 + L_Eknl: 3.41049 + L_Morse: 0.00055 + L_thetaHessian: 5.06532 + L_thetaNeighbor: 1.84354 + L_Guidance: 134.83752
Epoch: 0 [2300/3000 (77%)] Unweighted L_s : L_Mnfld: 0.00115 + L_NonMnfld: 0.00007 + L_Eknl: 0.06821 + L_Morse: 1.41073 + L_thetaHessian: 0.50653 + L_thetaNeighbor: 0.06145 + L_Guidance: 0.01685
Feature guidance terms: boundary=0.00843, intra=0.00000, neighbor=0.00000, diversity=0.00000

Weights: [7000.0, 600.0, 10.0, 50.0, 30.0, 0.0003838888888888888, 8000.0], lr=5.000e-05
Epoch: 0 [2310/3000 (77%)] Loss: 26.23986 = L_Mnfld: 7.06548 + L_NonMnfld: 0.01253 + L_Eknl: 3.39618 + L_Morse: 0.00054 + L_thetaHessian: 5.13754 + L_thetaNeighbor: 1.88097 + L_Guidance: 131.87465
Epoch: 0 [2310/3000 (77%)] Unweighted L_s : L_Mnfld: 0.00101 + L_NonMnfld: 0.00002 + L_Eknl: 0.06792 + L_Morse: 1.41465 + L_thetaHessian: 0.51375 + L_thetaNeighbor: 0.06270 + L_Guidance: 0.01648
Feature guidance terms: boundary=0.00824, intra=0.00000, neighbor=0.00000, diversity=0.00000

Weights: [7000.0, 600.0, 10.0, 50.0, 30.0, 0.0003783333333333333, 8000.0], lr=5.000e-05
Epoch: 0 [2320/3000 (77%)] Loss: 27.60391 = L_Mnfld: 7.81615 + L_NonMnfld: 0.01062 + L_Eknl: 3.37610 + L_Morse: 0.00053 + L_thetaHessian: 5.29414 + L_thetaNeighbor: 1.90506 + L_Guidance: 133.36265
Epoch: 0 [2320/3000 (77%)] Unweighted L_s : L_Mnfld: 0.00112 + L_NonMnfld: 0.00002 + L_Eknl: 0.06752 + L_Morse: 1.40289 + L_thetaHessian: 0.52941 + L_thetaNeighbor: 0.06350 + L_Guidance: 0.01667
Feature guidance terms: boundary=0.00834, intra=0.00000, neighbor=0.00000, diversity=0.00000

Weights: [7000.0, 600.0, 10.0, 50.0, 30.0, 0.00037277777777777786, 8000.0], lr=5.000e-05
Epoch: 0 [2330/3000 (78%)] Loss: 26.06906 = L_Mnfld: 7.00130 + L_NonMnfld: 0.01184 + L_Eknl: 3.39045 + L_Morse: 0.00053 + L_thetaHessian: 5.06025 + L_thetaNeighbor: 1.91499 + L_Guidance: 131.98543
Epoch: 0 [2330/3000 (78%)] Unweighted L_s : L_Mnfld: 0.00100 + L_NonMnfld: 0.00002 + L_Eknl: 0.06781 + L_Morse: 1.41733 + L_thetaHessian: 0.50603 + L_thetaNeighbor: 0.06383 + L_Guidance: 0.01650
Feature guidance terms: boundary=0.00825, intra=0.00000, neighbor=0.00000, diversity=0.00000

Weights: [7000.0, 600.0, 10.0, 50.0, 30.0, 0.00036722222222222234, 8000.0], lr=5.000e-05
Epoch: 0 [2340/3000 (78%)] Loss: 26.90138 = L_Mnfld: 7.68451 + L_NonMnfld: 0.00915 + L_Eknl: 3.32326 + L_Morse: 0.00051 + L_thetaHessian: 5.00564 + L_thetaNeighbor: 1.91119 + L_Guidance: 131.33591
Epoch: 0 [2340/3000 (78%)] Unweighted L_s : L_Mnfld: 0.00110 + L_NonMnfld: 0.00002 + L_Eknl: 0.06647 + L_Morse: 1.39928 + L_thetaHessian: 0.50056 + L_thetaNeighbor: 0.06371 + L_Guidance: 0.01642
Feature guidance terms: boundary=0.00821, intra=0.00000, neighbor=0.00000, diversity=0.00000

Weights: [7000.0, 600.0, 10.0, 50.0, 30.0, 0.0003616666666666666, 8000.0], lr=5.000e-05
Epoch: 0 [2350/3000 (78%)] Loss: 25.58839 = L_Mnfld: 6.69025 + L_NonMnfld: 0.01537 + L_Eknl: 3.32601 + L_Morse: 0.00051 + L_thetaHessian: 5.22841 + L_thetaNeighbor: 1.79837 + L_Guidance: 137.67853
Epoch: 0 [2350/3000 (78%)] Unweighted L_s : L_Mnfld: 0.00096 + L_NonMnfld: 0.00003 + L_Eknl: 0.06652 + L_Morse: 1.41841 + L_thetaHessian: 0.52284 + L_thetaNeighbor: 0.05995 + L_Guidance: 0.01721
Feature guidance terms: boundary=0.00860, intra=0.00000, neighbor=0.00000, diversity=0.00000

Weights: [7000.0, 600.0, 10.0, 50.0, 30.0, 0.0003561111111111112, 8000.0], lr=5.000e-05
Epoch: 0 [2360/3000 (79%)] Loss: 27.18085 = L_Mnfld: 7.95458 + L_NonMnfld: 0.00862 + L_Eknl: 3.33962 + L_Morse: 0.00050 + L_thetaHessian: 4.93270 + L_thetaNeighbor: 1.88454 + L_Guidance: 128.79173
Epoch: 0 [2360/3000 (79%)] Unweighted L_s : L_Mnfld: 0.00114 + L_NonMnfld: 0.00001 + L_Eknl: 0.06679 + L_Morse: 1.40712 + L_thetaHessian: 0.49327 + L_thetaNeighbor: 0.06282 + L_Guidance: 0.01610
Feature guidance terms: boundary=0.00805, intra=0.00000, neighbor=0.00000, diversity=0.00000

Weights: [7000.0, 600.0, 10.0, 50.0, 30.0, 0.00035055555555555556, 8000.0], lr=5.000e-05
Epoch: 0 [2370/3000 (79%)] Loss: 25.31518 = L_Mnfld: 6.72222 + L_NonMnfld: 0.01103 + L_Eknl: 3.30962 + L_Morse: 0.00050 + L_thetaHessian: 4.92283 + L_thetaNeighbor: 1.91059 + L_Guidance: 126.37924
Epoch: 0 [2370/3000 (79%)] Unweighted L_s : L_Mnfld: 0.00096 + L_NonMnfld: 0.00002 + L_Eknl: 0.06619 + L_Morse: 1.42259 + L_thetaHessian: 0.49228 + L_thetaNeighbor: 0.06369 + L_Guidance: 0.01580
Feature guidance terms: boundary=0.00790, intra=0.00000, neighbor=0.00000, diversity=0.00000

Weights: [7000.0, 600.0, 10.0, 50.0, 30.0, 0.00034499999999999993, 8000.0], lr=5.000e-05
Epoch: 0 [2380/3000 (79%)] Loss: 27.55363 = L_Mnfld: 8.04009 + L_NonMnfld: 0.01106 + L_Eknl: 3.28531 + L_Morse: 0.00048 + L_thetaHessian: 5.31934 + L_thetaNeighbor: 1.71279 + L_Guidance: 146.50320
Epoch: 0 [2380/3000 (79%)] Unweighted L_s : L_Mnfld: 0.00115 + L_NonMnfld: 0.00002 + L_Eknl: 0.06571 + L_Morse: 1.40255 + L_thetaHessian: 0.53193 + L_thetaNeighbor: 0.05709 + L_Guidance: 0.01831
Feature guidance terms: boundary=0.00916, intra=0.00000, neighbor=0.00000, diversity=0.00000

Weights: [7000.0, 600.0, 10.0, 50.0, 30.0, 0.0003394444444444444, 8000.0], lr=5.000e-05
Epoch: 0 [2390/3000 (80%)] Loss: 25.49212 = L_Mnfld: 6.66878 + L_NonMnfld: 0.02074 + L_Eknl: 3.27555 + L_Morse: 0.00048 + L_thetaHessian: 5.22559 + L_thetaNeighbor: 1.80361 + L_Guidance: 136.55841
Epoch: 0 [2390/3000 (80%)] Unweighted L_s : L_Mnfld: 0.00095 + L_NonMnfld: 0.00003 + L_Eknl: 0.06551 + L_Morse: 1.41873 + L_thetaHessian: 0.52256 + L_thetaNeighbor: 0.06012 + L_Guidance: 0.01707
Feature guidance terms: boundary=0.00853, intra=0.00000, neighbor=0.00000, diversity=0.00000

Weights: [7000.0, 600.0, 10.0, 50.0, 30.0, 0.000333888888888889, 8000.0], lr=5.000e-05
Epoch: 0 [2400/3000 (80%)] Loss: 27.30196 = L_Mnfld: 7.83005 + L_NonMnfld: 0.01057 + L_Eknl: 3.32659 + L_Morse: 0.00047 + L_thetaHessian: 5.19425 + L_thetaNeighbor: 1.83938 + L_Guidance: 137.45849
Epoch: 0 [2400/3000 (80%)] Unweighted L_s : L_Mnfld: 0.00112 + L_NonMnfld: 0.00002 + L_Eknl: 0.06653 + L_Morse: 1.40089 + L_thetaHessian: 0.51942 + L_thetaNeighbor: 0.06131 + L_Guidance: 0.01718
Feature guidance terms: boundary=0.00859, intra=0.00000, neighbor=0.00000, diversity=0.00000

Weights: [7000.0, 600.0, 10.0, 50.0, 30.0, 0.00032833333333333325, 8000.0], lr=5.000e-05
Epoch: 0 [2410/3000 (80%)] Loss: 24.96304 = L_Mnfld: 6.52393 + L_NonMnfld: 0.01718 + L_Eknl: 3.33400 + L_Morse: 0.00047 + L_thetaHessian: 4.87229 + L_thetaNeighbor: 1.89415 + L_Guidance: 127.82909
Epoch: 0 [2410/3000 (80%)] Unweighted L_s : L_Mnfld: 0.00093 + L_NonMnfld: 0.00003 + L_Eknl: 0.06668 + L_Morse: 1.41709 + L_thetaHessian: 0.48723 + L_thetaNeighbor: 0.06314 + L_Guidance: 0.01598
Feature guidance terms: boundary=0.00799, intra=0.00000, neighbor=0.00000, diversity=0.00000

Weights: [7000.0, 600.0, 10.0, 50.0, 30.0, 0.00032277777777777784, 8000.0], lr=5.000e-05
Epoch: 0 [2420/3000 (81%)] Loss: 27.47995 = L_Mnfld: 7.99008 + L_NonMnfld: 0.01808 + L_Eknl: 3.29717 + L_Morse: 0.00045 + L_thetaHessian: 5.05982 + L_thetaNeighbor: 1.95438 + L_Guidance: 131.31736
Epoch: 0 [2420/3000 (81%)] Unweighted L_s : L_Mnfld: 0.00114 + L_NonMnfld: 0.00003 + L_Eknl: 0.06594 + L_Morse: 1.39626 + L_thetaHessian: 0.50598 + L_thetaNeighbor: 0.06515 + L_Guidance: 0.01641
Feature guidance terms: boundary=0.00821, intra=0.00000, neighbor=0.00000, diversity=0.00000

Weights: [7000.0, 600.0, 10.0, 50.0, 30.0, 0.0003172222222222223, 8000.0], lr=5.000e-05
Epoch: 0 [2430/3000 (81%)] Loss: 25.27601 = L_Mnfld: 6.57981 + L_NonMnfld: 0.01142 + L_Eknl: 3.32870 + L_Morse: 0.00045 + L_thetaHessian: 5.06326 + L_thetaNeighbor: 1.86703 + L_Guidance: 132.83391
Epoch: 0 [2430/3000 (81%)] Unweighted L_s : L_Mnfld: 0.00094 + L_NonMnfld: 0.00002 + L_Eknl: 0.06657 + L_Morse: 1.41129 + L_thetaHessian: 0.50633 + L_thetaNeighbor: 0.06223 + L_Guidance: 0.01660
Feature guidance terms: boundary=0.00830, intra=0.00000, neighbor=0.00000, diversity=0.00000

Weights: [7000.0, 600.0, 10.0, 50.0, 30.0, 0.0003116666666666667, 8000.0], lr=5.000e-05
Epoch: 0 [2440/3000 (81%)] Loss: 28.49025 = L_Mnfld: 8.04305 + L_NonMnfld: 0.00692 + L_Eknl: 3.27992 + L_Morse: 0.00043 + L_thetaHessian: 5.93320 + L_thetaNeighbor: 1.72998 + L_Guidance: 172.52943
Epoch: 0 [2440/3000 (81%)] Unweighted L_s : L_Mnfld: 0.00115 + L_NonMnfld: 0.00001 + L_Eknl: 0.06560 + L_Morse: 1.39208 + L_thetaHessian: 0.59332 + L_thetaNeighbor: 0.05767 + L_Guidance: 0.02157
Feature guidance terms: boundary=0.01078, intra=0.00000, neighbor=0.00000, diversity=0.00000

Weights: [7000.0, 600.0, 10.0, 50.0, 30.0, 0.00030611111111111106, 8000.0], lr=5.000e-05
Epoch: 0 [2450/3000 (82%)] Loss: 26.74467 = L_Mnfld: 6.88393 + L_NonMnfld: 0.01425 + L_Eknl: 3.32085 + L_Morse: 0.00044 + L_thetaHessian: 5.83615 + L_thetaNeighbor: 1.77416 + L_Guidance: 164.69882
Epoch: 0 [2450/3000 (82%)] Unweighted L_s : L_Mnfld: 0.00098 + L_NonMnfld: 0.00002 + L_Eknl: 0.06642 + L_Morse: 1.42241 + L_thetaHessian: 0.58362 + L_thetaNeighbor: 0.05914 + L_Guidance: 0.02059
Feature guidance terms: boundary=0.01029, intra=0.00000, neighbor=0.00000, diversity=0.00000

Weights: [7000.0, 600.0, 10.0, 50.0, 30.0, 0.00030055555555555554, 8000.0], lr=5.000e-05
Epoch: 0 [2460/3000 (82%)] Loss: 28.24808 = L_Mnfld: 8.75079 + L_NonMnfld: 0.00783 + L_Eknl: 3.32086 + L_Morse: 0.00042 + L_thetaHessian: 4.99641 + L_thetaNeighbor: 1.75575 + L_Guidance: 143.72228
Epoch: 0 [2460/3000 (82%)] Unweighted L_s : L_Mnfld: 0.00125 + L_NonMnfld: 0.00001 + L_Eknl: 0.06642 + L_Morse: 1.40205 + L_thetaHessian: 0.49964 + L_thetaNeighbor: 0.05853 + L_Guidance: 0.01797
Feature guidance terms: boundary=0.00898, intra=0.00000, neighbor=0.00000, diversity=0.00000

Weights: [7000.0, 600.0, 10.0, 50.0, 30.0, 0.0002950000000000001, 8000.0], lr=5.000e-05
Epoch: 0 [2470/3000 (82%)] Loss: 27.65681 = L_Mnfld: 8.21253 + L_NonMnfld: 0.01168 + L_Eknl: 3.42227 + L_Morse: 0.00042 + L_thetaHessian: 4.99551 + L_thetaNeighbor: 1.79548 + L_Guidance: 134.91717
Epoch: 0 [2470/3000 (82%)] Unweighted L_s : L_Mnfld: 0.00117 + L_NonMnfld: 0.00002 + L_Eknl: 0.06845 + L_Morse: 1.42017 + L_thetaHessian: 0.49955 + L_thetaNeighbor: 0.05985 + L_Guidance: 0.01686
Feature guidance terms: boundary=0.00843, intra=0.00000, neighbor=0.00000, diversity=0.00000

Weights: [7000.0, 600.0, 10.0, 50.0, 30.0, 0.0002894444444444444, 8000.0], lr=5.000e-05
Epoch: 0 [2480/3000 (83%)] Loss: 26.80710 = L_Mnfld: 7.63310 + L_NonMnfld: 0.00963 + L_Eknl: 3.33644 + L_Morse: 0.00041 + L_thetaHessian: 5.04866 + L_thetaNeighbor: 1.84317 + L_Guidance: 132.70082
Epoch: 0 [2480/3000 (83%)] Unweighted L_s : L_Mnfld: 0.00109 + L_NonMnfld: 0.00002 + L_Eknl: 0.06673 + L_Morse: 1.40372 + L_thetaHessian: 0.50487 + L_thetaNeighbor: 0.06144 + L_Guidance: 0.01659
Feature guidance terms: boundary=0.00829, intra=0.00000, neighbor=0.00000, diversity=0.00000

Weights: [7000.0, 600.0, 10.0, 50.0, 30.0, 0.00028388888888888897, 8000.0], lr=5.000e-05
Epoch: 0 [2490/3000 (83%)] Loss: 27.82820 = L_Mnfld: 8.17129 + L_NonMnfld: 0.01381 + L_Eknl: 3.49037 + L_Morse: 0.00040 + L_thetaHessian: 5.13097 + L_thetaNeighbor: 1.74530 + L_Guidance: 137.74130
Epoch: 0 [2490/3000 (83%)] Unweighted L_s : L_Mnfld: 0.00117 + L_NonMnfld: 0.00002 + L_Eknl: 0.06981 + L_Morse: 1.41232 + L_thetaHessian: 0.51310 + L_thetaNeighbor: 0.05818 + L_Guidance: 0.01722
Feature guidance terms: boundary=0.00861, intra=0.00000, neighbor=0.00000, diversity=0.00000

Weights: [7000.0, 600.0, 10.0, 50.0, 30.0, 0.00027833333333333345, 8000.0], lr=5.000e-05
Epoch: 0 [2500/3000 (83%)] Loss: 28.82110 = L_Mnfld: 8.87721 + L_NonMnfld: 0.01492 + L_Eknl: 3.35778 + L_Morse: 0.00040 + L_thetaHessian: 5.07442 + L_thetaNeighbor: 1.88933 + L_Guidance: 129.29115
Epoch: 0 [2500/3000 (83%)] Unweighted L_s : L_Mnfld: 0.00127 + L_NonMnfld: 0.00002 + L_Eknl: 0.06716 + L_Morse: 1.44352 + L_thetaHessian: 0.50744 + L_thetaNeighbor: 0.06298 + L_Guidance: 0.01616
Feature guidance terms: boundary=0.00808, intra=0.00000, neighbor=0.00000, diversity=0.00000

Weights: [7000.0, 600.0, 10.0, 50.0, 30.0, 0.0002727777777777777, 8000.0], lr=5.000e-05
Epoch: 0 [2510/3000 (84%)] Loss: 28.79909 = L_Mnfld: 7.53274 + L_NonMnfld: 0.01026 + L_Eknl: 3.34712 + L_Morse: 0.00039 + L_thetaHessian: 6.51272 + L_thetaNeighbor: 1.79616 + L_Guidance: 176.07953
Epoch: 0 [2510/3000 (84%)] Unweighted L_s : L_Mnfld: 0.00108 + L_NonMnfld: 0.00002 + L_Eknl: 0.06694 + L_Morse: 1.42108 + L_thetaHessian: 0.65127 + L_thetaNeighbor: 0.05987 + L_Guidance: 0.02201
Feature guidance terms: boundary=0.01100, intra=0.00000, neighbor=0.00000, diversity=0.00000

Weights: [7000.0, 600.0, 10.0, 50.0, 30.0, 0.0002672222222222222, 8000.0], lr=5.000e-05
Epoch: 0 [2520/3000 (84%)] Loss: 26.93754 = L_Mnfld: 7.94534 + L_NonMnfld: 0.00880 + L_Eknl: 3.27434 + L_Morse: 0.00037 + L_thetaHessian: 5.15047 + L_thetaNeighbor: 1.57903 + L_Guidance: 155.35013
Epoch: 0 [2520/3000 (84%)] Unweighted L_s : L_Mnfld: 0.00114 + L_NonMnfld: 0.00001 + L_Eknl: 0.06549 + L_Morse: 1.39546 + L_thetaHessian: 0.51505 + L_thetaNeighbor: 0.05263 + L_Guidance: 0.01942
Feature guidance terms: boundary=0.00971, intra=0.00000, neighbor=0.00000, diversity=0.00000

Weights: [7000.0, 600.0, 10.0, 50.0, 30.0, 0.00026166666666666667, 8000.0], lr=5.000e-05
Epoch: 0 [2530/3000 (84%)] Loss: 26.26468 = L_Mnfld: 7.29955 + L_NonMnfld: 0.01453 + L_Eknl: 3.53707 + L_Morse: 0.00037 + L_thetaHessian: 4.96212 + L_thetaNeighbor: 1.69615 + L_Guidance: 144.19419
Epoch: 0 [2530/3000 (84%)] Unweighted L_s : L_Mnfld: 0.00104 + L_NonMnfld: 0.00002 + L_Eknl: 0.07074 + L_Morse: 1.39826 + L_thetaHessian: 0.49621 + L_thetaNeighbor: 0.05654 + L_Guidance: 0.01802
Feature guidance terms: boundary=0.00901, intra=0.00000, neighbor=0.00000, diversity=0.00000

Weights: [7000.0, 600.0, 10.0, 50.0, 30.0, 0.00025611111111111104, 8000.0], lr=5.000e-05
Epoch: 0 [2540/3000 (85%)] Loss: 26.19343 = L_Mnfld: 7.38214 + L_NonMnfld: 0.01260 + L_Eknl: 3.24894 + L_Morse: 0.00036 + L_thetaHessian: 5.05331 + L_thetaNeighbor: 1.76494 + L_Guidance: 143.18496
Epoch: 0 [2540/3000 (85%)] Unweighted L_s : L_Mnfld: 0.00105 + L_NonMnfld: 0.00002 + L_Eknl: 0.06498 + L_Morse: 1.40419 + L_thetaHessian: 0.50533 + L_thetaNeighbor: 0.05883 + L_Guidance: 0.01790
Feature guidance terms: boundary=0.00895, intra=0.00000, neighbor=0.00000, diversity=0.00000

Weights: [7000.0, 600.0, 10.0, 50.0, 30.0, 0.0002505555555555555, 8000.0], lr=5.000e-05
Epoch: 0 [2550/3000 (85%)] Loss: 25.56766 = L_Mnfld: 7.07041 + L_NonMnfld: 0.01127 + L_Eknl: 3.27524 + L_Morse: 0.00035 + L_thetaHessian: 4.91353 + L_thetaNeighbor: 1.77429 + L_Guidance: 136.49940
Epoch: 0 [2550/3000 (85%)] Unweighted L_s : L_Mnfld: 0.00101 + L_NonMnfld: 0.00002 + L_Eknl: 0.06550 + L_Morse: 1.41075 + L_thetaHessian: 0.49135 + L_thetaNeighbor: 0.05914 + L_Guidance: 0.01706
Feature guidance terms: boundary=0.00853, intra=0.00000, neighbor=0.00000, diversity=0.00000

Weights: [7000.0, 600.0, 10.0, 50.0, 30.0, 0.0002450000000000001, 8000.0], lr=5.000e-05
Epoch: 0 [2560/3000 (85%)] Loss: 26.24281 = L_Mnfld: 7.57721 + L_NonMnfld: 0.01092 + L_Eknl: 3.32163 + L_Morse: 0.00034 + L_thetaHessian: 4.77726 + L_thetaNeighbor: 1.80785 + L_Guidance: 132.03907
Epoch: 0 [2560/3000 (85%)] Unweighted L_s : L_Mnfld: 0.00108 + L_NonMnfld: 0.00002 + L_Eknl: 0.06643 + L_Morse: 1.38979 + L_thetaHessian: 0.47773 + L_thetaNeighbor: 0.06026 + L_Guidance: 0.01650
Feature guidance terms: boundary=0.00825, intra=0.00000, neighbor=0.00000, diversity=0.00000

Weights: [7000.0, 600.0, 10.0, 50.0, 30.0, 0.00023944444444444458, 8000.0], lr=5.000e-05
Epoch: 0 [2570/3000 (86%)] Loss: 24.81494 = L_Mnfld: 6.48623 + L_NonMnfld: 0.01366 + L_Eknl: 3.39033 + L_Morse: 0.00034 + L_thetaHessian: 4.81145 + L_thetaNeighbor: 1.84129 + L_Guidance: 129.00351
Epoch: 0 [2570/3000 (86%)] Unweighted L_s : L_Mnfld: 0.00093 + L_NonMnfld: 0.00002 + L_Eknl: 0.06781 + L_Morse: 1.40316 + L_thetaHessian: 0.48114 + L_thetaNeighbor: 0.06138 + L_Guidance: 0.01613
Feature guidance terms: boundary=0.00806, intra=0.00000, neighbor=0.00000, diversity=0.00000

Weights: [7000.0, 600.0, 10.0, 50.0, 30.0, 0.00023388888888888895, 8000.0], lr=5.000e-05
Epoch: 0 [2580/3000 (86%)] Loss: 25.99970 = L_Mnfld: 7.43218 + L_NonMnfld: 0.00742 + L_Eknl: 3.23672 + L_Morse: 0.00033 + L_thetaHessian: 4.79775 + L_thetaNeighbor: 1.85873 + L_Guidance: 127.49860
Epoch: 0 [2580/3000 (86%)] Unweighted L_s : L_Mnfld: 0.00106 + L_NonMnfld: 0.00001 + L_Eknl: 0.06473 + L_Morse: 1.40574 + L_thetaHessian: 0.47978 + L_thetaNeighbor: 0.06196 + L_Guidance: 0.01594
Feature guidance terms: boundary=0.00797, intra=0.00000, neighbor=0.00000, diversity=0.00000

Weights: [7000.0, 600.0, 10.0, 50.0, 30.0, 0.00022833333333333332, 8000.0], lr=5.000e-05
Epoch: 0 [2590/3000 (86%)] Loss: 25.86464 = L_Mnfld: 6.75524 + L_NonMnfld: 0.01237 + L_Eknl: 3.24059 + L_Morse: 0.00033 + L_thetaHessian: 5.32619 + L_thetaNeighbor: 1.90838 + L_Guidance: 137.44026
Epoch: 0 [2590/3000 (86%)] Unweighted L_s : L_Mnfld: 0.00097 + L_NonMnfld: 0.00002 + L_Eknl: 0.06481 + L_Morse: 1.42425 + L_thetaHessian: 0.53262 + L_thetaNeighbor: 0.06361 + L_Guidance: 0.01718
Feature guidance terms: boundary=0.00859, intra=0.00000, neighbor=0.00000, diversity=0.00000

Weights: [7000.0, 600.0, 10.0, 50.0, 30.0, 0.0002227777777777778, 8000.0], lr=5.000e-05
Epoch: 0 [2600/3000 (87%)] Loss: 27.83345 = L_Mnfld: 8.19648 + L_NonMnfld: 0.01459 + L_Eknl: 3.29254 + L_Morse: 0.00031 + L_thetaHessian: 5.21173 + L_thetaNeighbor: 1.83999 + L_Guidance: 141.21619
Epoch: 0 [2600/3000 (87%)] Unweighted L_s : L_Mnfld: 0.00117 + L_NonMnfld: 0.00002 + L_Eknl: 0.06585 + L_Morse: 1.39391 + L_thetaHessian: 0.52117 + L_thetaNeighbor: 0.06133 + L_Guidance: 0.01765
Feature guidance terms: boundary=0.00883, intra=0.00000, neighbor=0.00000, diversity=0.00000

Weights: [7000.0, 600.0, 10.0, 50.0, 30.0, 0.00021722222222222217, 8000.0], lr=5.000e-05
Epoch: 0 [2610/3000 (87%)] Loss: 25.82949 = L_Mnfld: 6.91191 + L_NonMnfld: 0.00790 + L_Eknl: 3.42905 + L_Morse: 0.00031 + L_thetaHessian: 5.19327 + L_thetaNeighbor: 1.67722 + L_Guidance: 143.96547
Epoch: 0 [2610/3000 (87%)] Unweighted L_s : L_Mnfld: 0.00099 + L_NonMnfld: 0.00001 + L_Eknl: 0.06858 + L_Morse: 1.40531 + L_thetaHessian: 0.51933 + L_thetaNeighbor: 0.05591 + L_Guidance: 0.01800
Feature guidance terms: boundary=0.00900, intra=0.00000, neighbor=0.00000, diversity=0.00000

Weights: [7000.0, 600.0, 10.0, 50.0, 30.0, 0.00021166666666666664, 8000.0], lr=5.000e-05
Epoch: 0 [2620/3000 (87%)] Loss: 29.13017 = L_Mnfld: 8.53512 + L_NonMnfld: 0.00748 + L_Eknl: 3.33968 + L_Morse: 0.00030 + L_thetaHessian: 5.56723 + L_thetaNeighbor: 1.97029 + L_Guidance: 140.85068
Epoch: 0 [2620/3000 (87%)] Unweighted L_s : L_Mnfld: 0.00122 + L_NonMnfld: 0.00001 + L_Eknl: 0.06679 + L_Morse: 1.41113 + L_thetaHessian: 0.55672 + L_thetaNeighbor: 0.06568 + L_Guidance: 0.01761
Feature guidance terms: boundary=0.00880, intra=0.00000, neighbor=0.00000, diversity=0.00000

Weights: [7000.0, 600.0, 10.0, 50.0, 30.0, 0.00020611111111111123, 8000.0], lr=5.000e-05
Epoch: 0 [2630/3000 (88%)] Loss: 31.64220 = L_Mnfld: 10.26668 + L_NonMnfld: 0.01375 + L_Eknl: 3.73239 + L_Morse: 0.00030 + L_thetaHessian: 5.26264 + L_thetaNeighbor: 1.81905 + L_Guidance: 145.42475
Epoch: 0 [2630/3000 (88%)] Unweighted L_s : L_Mnfld: 0.00147 + L_NonMnfld: 0.00002 + L_Eknl: 0.07465 + L_Morse: 1.43714 + L_thetaHessian: 0.52626 + L_thetaNeighbor: 0.06064 + L_Guidance: 0.01818
Feature guidance terms: boundary=0.00909, intra=0.00000, neighbor=0.00000, diversity=0.00000

Weights: [7000.0, 600.0, 10.0, 50.0, 30.0, 0.0002005555555555555, 8000.0], lr=5.000e-05
Epoch: 0 [2640/3000 (88%)] Loss: 39.14753 = L_Mnfld: 14.25793 + L_NonMnfld: 0.00692 + L_Eknl: 3.59932 + L_Morse: 0.00029 + L_thetaHessian: 6.38389 + L_thetaNeighbor: 1.85000 + L_Guidance: 162.18771
Epoch: 0 [2640/3000 (88%)] Unweighted L_s : L_Mnfld: 0.00204 + L_NonMnfld: 0.00001 + L_Eknl: 0.07199 + L_Morse: 1.46415 + L_thetaHessian: 0.63839 + L_thetaNeighbor: 0.06167 + L_Guidance: 0.02027
Feature guidance terms: boundary=0.01014, intra=0.00000, neighbor=0.00000, diversity=0.00000

Weights: [7000.0, 600.0, 10.0, 50.0, 30.0, 0.00019500000000000008, 8000.0], lr=5.000e-05
Epoch: 0 [2650/3000 (88%)] Loss: 40.96132 = L_Mnfld: 15.45093 + L_NonMnfld: 0.00542 + L_Eknl: 3.90077 + L_Morse: 0.00032 + L_thetaHessian: 6.23266 + L_thetaNeighbor: 1.71745 + L_Guidance: 162.19765
Epoch: 0 [2650/3000 (88%)] Unweighted L_s : L_Mnfld: 0.00221 + L_NonMnfld: 0.00001 + L_Eknl: 0.07802 + L_Morse: 1.62904 + L_thetaHessian: 0.62327 + L_thetaNeighbor: 0.05725 + L_Guidance: 0.02027
Feature guidance terms: boundary=0.01014, intra=0.00000, neighbor=0.00000, diversity=0.00000

Weights: [7000.0, 600.0, 10.0, 50.0, 30.0, 0.00018944444444444445, 8000.0], lr=5.000e-05
Epoch: 0 [2660/3000 (89%)] Loss: 80.58951 = L_Mnfld: 34.30975 + L_NonMnfld: 0.00189 + L_Eknl: 6.72021 + L_Morse: 0.00035 + L_thetaHessian: 10.79280 + L_thetaNeighbor: 1.90133 + L_Guidance: 180.63998
Epoch: 0 [2660/3000 (89%)] Unweighted L_s : L_Mnfld: 0.00490 + L_NonMnfld: 0.00000 + L_Eknl: 0.13440 + L_Morse: 1.86995 + L_thetaHessian: 1.07928 + L_thetaNeighbor: 0.06338 + L_Guidance: 0.02258
Feature guidance terms: boundary=0.01129, intra=0.00000, neighbor=0.00000, diversity=0.00000

Weights: [7000.0, 600.0, 10.0, 50.0, 30.0, 0.00018388888888888882, 8000.0], lr=5.000e-05
Epoch: 0 [2670/3000 (89%)] Loss: 64.66044 = L_Mnfld: 22.76732 + L_NonMnfld: 0.10601 + L_Eknl: 8.88928 + L_Morse: 0.00030 + L_thetaHessian: 9.80670 + L_thetaNeighbor: 1.53736 + L_Guidance: 187.23266
Epoch: 0 [2670/3000 (89%)] Unweighted L_s : L_Mnfld: 0.00325 + L_NonMnfld: 0.00018 + L_Eknl: 0.17779 + L_Morse: 1.61944 + L_thetaHessian: 0.98067 + L_thetaNeighbor: 0.05125 + L_Guidance: 0.02340
Feature guidance terms: boundary=0.01170, intra=0.00000, neighbor=0.00000, diversity=0.00000

Weights: [7000.0, 600.0, 10.0, 50.0, 30.0, 0.0001783333333333332, 8000.0], lr=5.000e-05
Epoch: 0 [2680/3000 (89%)] Loss: 61.52677 = L_Mnfld: 23.57832 + L_NonMnfld: 0.01427 + L_Eknl: 6.16850 + L_Morse: 0.00031 + L_thetaHessian: 9.72776 + L_thetaNeighbor: 1.52868 + L_Guidance: 176.00441
Epoch: 0 [2680/3000 (89%)] Unweighted L_s : L_Mnfld: 0.00337 + L_NonMnfld: 0.00002 + L_Eknl: 0.12337 + L_Morse: 1.71480 + L_thetaHessian: 0.97278 + L_thetaNeighbor: 0.05096 + L_Guidance: 0.02200
Feature guidance terms: boundary=0.01100, intra=0.00000, neighbor=0.00000, diversity=0.00000

Weights: [7000.0, 600.0, 10.0, 50.0, 30.0, 0.00017277777777777777, 8000.0], lr=5.000e-05
Epoch: 0 [2690/3000 (90%)] Loss: 53.74104 = L_Mnfld: 21.10938 + L_NonMnfld: 0.01071 + L_Eknl: 5.06937 + L_Morse: 0.00027 + L_thetaHessian: 8.08120 + L_thetaNeighbor: 1.55642 + L_Guidance: 172.29263
Epoch: 0 [2690/3000 (90%)] Unweighted L_s : L_Mnfld: 0.00302 + L_NonMnfld: 0.00002 + L_Eknl: 0.10139 + L_Morse: 1.56273 + L_thetaHessian: 0.80812 + L_thetaNeighbor: 0.05188 + L_Guidance: 0.02154
Feature guidance terms: boundary=0.01077, intra=0.00000, neighbor=0.00000, diversity=0.00000

Weights: [7000.0, 600.0, 10.0, 50.0, 30.0, 0.00016722222222222236, 8000.0], lr=5.000e-05
Epoch: 0 [2700/3000 (90%)] Loss: 42.66071 = L_Mnfld: 14.98994 + L_NonMnfld: 0.01288 + L_Eknl: 4.61793 + L_Morse: 0.00025 + L_thetaHessian: 7.25460 + L_thetaNeighbor: 1.56488 + L_Guidance: 163.42084
Epoch: 0 [2700/3000 (90%)] Unweighted L_s : L_Mnfld: 0.00214 + L_NonMnfld: 0.00002 + L_Eknl: 0.09236 + L_Morse: 1.49217 + L_thetaHessian: 0.72546 + L_thetaNeighbor: 0.05216 + L_Guidance: 0.02043
Feature guidance terms: boundary=0.01021, intra=0.00000, neighbor=0.00000, diversity=0.00000

Weights: [7000.0, 600.0, 10.0, 50.0, 30.0, 0.00016166666666666673, 8000.0], lr=5.000e-05
Epoch: 0 [2710/3000 (90%)] Loss: 35.37825 = L_Mnfld: 11.62810 + L_NonMnfld: 0.00836 + L_Eknl: 3.99503 + L_Morse: 0.00023 + L_thetaHessian: 6.34539 + L_thetaNeighbor: 1.60838 + L_Guidance: 157.77023
Epoch: 0 [2710/3000 (90%)] Unweighted L_s : L_Mnfld: 0.00166 + L_NonMnfld: 0.00001 + L_Eknl: 0.07990 + L_Morse: 1.45333 + L_thetaHessian: 0.63454 + L_thetaNeighbor: 0.05361 + L_Guidance: 0.01972
Feature guidance terms: boundary=0.00986, intra=0.00000, neighbor=0.00000, diversity=0.00000

Weights: [7000.0, 600.0, 10.0, 50.0, 30.0, 0.0001561111111111111, 8000.0], lr=5.000e-05
Epoch: 0 [2720/3000 (91%)] Loss: 30.46058 = L_Mnfld: 9.05322 + L_NonMnfld: 0.01508 + L_Eknl: 3.83019 + L_Morse: 0.00022 + L_thetaHessian: 5.78672 + L_thetaNeighbor: 1.62162 + L_Guidance: 155.03222
Epoch: 0 [2720/3000 (91%)] Unweighted L_s : L_Mnfld: 0.00129 + L_NonMnfld: 0.00003 + L_Eknl: 0.07660 + L_Morse: 1.43310 + L_thetaHessian: 0.57867 + L_thetaNeighbor: 0.05405 + L_Guidance: 0.01938
Feature guidance terms: boundary=0.00969, intra=0.00000, neighbor=0.00000, diversity=0.00000

Weights: [7000.0, 600.0, 10.0, 50.0, 30.0, 0.00015055555555555558, 8000.0], lr=5.000e-05
Epoch: 0 [2730/3000 (91%)] Loss: 29.42329 = L_Mnfld: 8.87108 + L_NonMnfld: 0.00872 + L_Eknl: 3.55475 + L_Morse: 0.00021 + L_thetaHessian: 5.60497 + L_thetaNeighbor: 1.57580 + L_Guidance: 158.93656
Epoch: 0 [2730/3000 (91%)] Unweighted L_s : L_Mnfld: 0.00127 + L_NonMnfld: 0.00001 + L_Eknl: 0.07109 + L_Morse: 1.41029 + L_thetaHessian: 0.56050 + L_thetaNeighbor: 0.05253 + L_Guidance: 0.01987
Feature guidance terms: boundary=0.00993, intra=0.00000, neighbor=0.00000, diversity=0.00000

Weights: [7000.0, 600.0, 10.0, 50.0, 30.0, 0.00014499999999999995, 8000.0], lr=5.000e-05
Epoch: 0 [2740/3000 (91%)] Loss: 28.10546 = L_Mnfld: 8.24484 + L_NonMnfld: 0.01287 + L_Eknl: 3.60435 + L_Morse: 0.00020 + L_thetaHessian: 5.23502 + L_thetaNeighbor: 1.63970 + L_Guidance: 152.67268
Epoch: 0 [2740/3000 (91%)] Unweighted L_s : L_Mnfld: 0.00118 + L_NonMnfld: 0.00002 + L_Eknl: 0.07209 + L_Morse: 1.40006 + L_thetaHessian: 0.52350 + L_thetaNeighbor: 0.05466 + L_Guidance: 0.01908
Feature guidance terms: boundary=0.00954, intra=0.00000, neighbor=0.00000, diversity=0.00000

Weights: [7000.0, 600.0, 10.0, 50.0, 30.0, 0.00013944444444444453, 8000.0], lr=5.000e-05
Epoch: 0 [2750/3000 (92%)] Loss: 26.55261 = L_Mnfld: 7.53403 + L_NonMnfld: 0.01702 + L_Eknl: 3.41496 + L_Morse: 0.00019 + L_thetaHessian: 5.10883 + L_thetaNeighbor: 1.62670 + L_Guidance: 150.82198
Epoch: 0 [2750/3000 (92%)] Unweighted L_s : L_Mnfld: 0.00108 + L_NonMnfld: 0.00003 + L_Eknl: 0.06830 + L_Morse: 1.39133 + L_thetaHessian: 0.51088 + L_thetaNeighbor: 0.05422 + L_Guidance: 0.01885
Feature guidance terms: boundary=0.00943, intra=0.00000, neighbor=0.00000, diversity=0.00000

Weights: [7000.0, 600.0, 10.0, 50.0, 30.0, 0.0001338888888888889, 8000.0], lr=5.000e-05
Epoch: 0 [2760/3000 (92%)] Loss: 25.76292 = L_Mnfld: 7.20441 + L_NonMnfld: 0.00849 + L_Eknl: 3.37307 + L_Morse: 0.00019 + L_thetaHessian: 4.96762 + L_thetaNeighbor: 1.62151 + L_Guidance: 150.26376
Epoch: 0 [2760/3000 (92%)] Unweighted L_s : L_Mnfld: 0.00103 + L_NonMnfld: 0.00001 + L_Eknl: 0.06746 + L_Morse: 1.39391 + L_thetaHessian: 0.49676 + L_thetaNeighbor: 0.05405 + L_Guidance: 0.01878
Feature guidance terms: boundary=0.00939, intra=0.00000, neighbor=0.00000, diversity=0.00000

Weights: [7000.0, 600.0, 10.0, 50.0, 30.0, 0.00012833333333333327, 8000.0], lr=5.000e-05
Epoch: 0 [2770/3000 (92%)] Loss: 25.41873 = L_Mnfld: 7.12722 + L_NonMnfld: 0.00954 + L_Eknl: 3.31032 + L_Morse: 0.00018 + L_thetaHessian: 4.87936 + L_thetaNeighbor: 1.61920 + L_Guidance: 149.23643
Epoch: 0 [2770/3000 (92%)] Unweighted L_s : L_Mnfld: 0.00102 + L_NonMnfld: 0.00002 + L_Eknl: 0.06621 + L_Morse: 1.38343 + L_thetaHessian: 0.48794 + L_thetaNeighbor: 0.05397 + L_Guidance: 0.01865
Feature guidance terms: boundary=0.00933, intra=0.00000, neighbor=0.00000, diversity=0.00000

Weights: [7000.0, 600.0, 10.0, 50.0, 30.0, 0.00012277777777777786, 8000.0], lr=5.000e-05
Epoch: 0 [2780/3000 (93%)] Loss: 25.59155 = L_Mnfld: 7.22783 + L_NonMnfld: 0.01145 + L_Eknl: 3.40362 + L_Morse: 0.00017 + L_thetaHessian: 4.79980 + L_thetaNeighbor: 1.61816 + L_Guidance: 148.43526
Epoch: 0 [2780/3000 (93%)] Unweighted L_s : L_Mnfld: 0.00103 + L_NonMnfld: 0.00002 + L_Eknl: 0.06807 + L_Morse: 1.38883 + L_thetaHessian: 0.47998 + L_thetaNeighbor: 0.05394 + L_Guidance: 0.01855
Feature guidance terms: boundary=0.00928, intra=0.00000, neighbor=0.00000, diversity=0.00000

Weights: [7000.0, 600.0, 10.0, 50.0, 30.0, 0.00011722222222222223, 8000.0], lr=5.000e-05
Epoch: 0 [2790/3000 (93%)] Loss: 24.82887 = L_Mnfld: 6.86188 + L_NonMnfld: 0.01267 + L_Eknl: 3.29893 + L_Morse: 0.00016 + L_thetaHessian: 4.75674 + L_thetaNeighbor: 1.62219 + L_Guidance: 147.54051
Epoch: 0 [2790/3000 (93%)] Unweighted L_s : L_Mnfld: 0.00098 + L_NonMnfld: 0.00002 + L_Eknl: 0.06598 + L_Morse: 1.37901 + L_thetaHessian: 0.47567 + L_thetaNeighbor: 0.05407 + L_Guidance: 0.01844
Feature guidance terms: boundary=0.00922, intra=0.00000, neighbor=0.00000, diversity=0.00000

Weights: [7000.0, 600.0, 10.0, 50.0, 30.0, 0.0001116666666666666, 8000.0], lr=5.000e-05
Epoch: 0 [2800/3000 (93%)] Loss: 25.00459 = L_Mnfld: 7.00879 + L_NonMnfld: 0.01222 + L_Eknl: 3.29655 + L_Morse: 0.00015 + L_thetaHessian: 4.71844 + L_thetaNeighbor: 1.63357 + L_Guidance: 146.84656
Epoch: 0 [2800/3000 (93%)] Unweighted L_s : L_Mnfld: 0.00100 + L_NonMnfld: 0.00002 + L_Eknl: 0.06593 + L_Morse: 1.38652 + L_thetaHessian: 0.47184 + L_thetaNeighbor: 0.05445 + L_Guidance: 0.01836
Feature guidance terms: boundary=0.00918, intra=0.00000, neighbor=0.00000, diversity=0.00000

Weights: [7000.0, 600.0, 10.0, 50.0, 30.0, 0.00010611111111111108, 8000.0], lr=5.000e-05
Epoch: 0 [2810/3000 (94%)] Loss: 24.49794 = L_Mnfld: 6.70756 + L_NonMnfld: 0.01519 + L_Eknl: 3.24984 + L_Morse: 0.00015 + L_thetaHessian: 4.71041 + L_thetaNeighbor: 1.64882 + L_Guidance: 146.24399
Epoch: 0 [2810/3000 (94%)] Unweighted L_s : L_Mnfld: 0.00096 + L_NonMnfld: 0.00003 + L_Eknl: 0.06500 + L_Morse: 1.37876 + L_thetaHessian: 0.47104 + L_thetaNeighbor: 0.05496 + L_Guidance: 0.01828
Feature guidance terms: boundary=0.00914, intra=0.00000, neighbor=0.00000, diversity=0.00000

Weights: [7000.0, 600.0, 10.0, 50.0, 30.0, 0.00010055555555555566, 8000.0], lr=5.000e-05
Epoch: 0 [2820/3000 (94%)] Loss: 24.92007 = L_Mnfld: 6.85424 + L_NonMnfld: 0.01142 + L_Eknl: 3.25337 + L_Morse: 0.00014 + L_thetaHessian: 4.97861 + L_thetaNeighbor: 1.51560 + L_Guidance: 156.56999
Epoch: 0 [2820/3000 (94%)] Unweighted L_s : L_Mnfld: 0.00098 + L_NonMnfld: 0.00002 + L_Eknl: 0.06507 + L_Morse: 1.38912 + L_thetaHessian: 0.49786 + L_thetaNeighbor: 0.05052 + L_Guidance: 0.01957
Feature guidance terms: boundary=0.00979, intra=0.00000, neighbor=0.00000, diversity=0.00000

Weights: [7000.0, 600.0, 10.0, 50.0, 30.0, 9.500000000000003e-05, 8000.0], lr=5.000e-05
Epoch: 0 [2830/3000 (94%)] Loss: 24.47787 = L_Mnfld: 6.68020 + L_NonMnfld: 0.01113 + L_Eknl: 3.17849 + L_Morse: 0.00013 + L_thetaHessian: 4.93818 + L_thetaNeighbor: 1.51044 + L_Guidance: 156.45830
Epoch: 0 [2830/3000 (94%)] Unweighted L_s : L_Mnfld: 0.00095 + L_NonMnfld: 0.00002 + L_Eknl: 0.06357 + L_Morse: 1.37842 + L_thetaHessian: 0.49382 + L_thetaNeighbor: 0.05035 + L_Guidance: 0.01956
Feature guidance terms: boundary=0.00978, intra=0.00000, neighbor=0.00000, diversity=0.00000

Weights: [7000.0, 600.0, 10.0, 50.0, 30.0, 8.94444444444444e-05, 8000.0], lr=5.000e-05
Epoch: 0 [2840/3000 (95%)] Loss: 24.34715 = L_Mnfld: 6.75781 + L_NonMnfld: 0.01203 + L_Eknl: 3.18685 + L_Morse: 0.00012 + L_thetaHessian: 4.61217 + L_thetaNeighbor: 1.66244 + L_Guidance: 144.95206
Epoch: 0 [2840/3000 (95%)] Unweighted L_s : L_Mnfld: 0.00097 + L_NonMnfld: 0.00002 + L_Eknl: 0.06374 + L_Morse: 1.38713 + L_thetaHessian: 0.46122 + L_thetaNeighbor: 0.05541 + L_Guidance: 0.01812
Feature guidance terms: boundary=0.00906, intra=0.00000, neighbor=0.00000, diversity=0.00000

Weights: [7000.0, 600.0, 10.0, 50.0, 30.0, 8.388888888888899e-05, 8000.0], lr=5.000e-05
Epoch: 0 [2850/3000 (95%)] Loss: 24.73016 = L_Mnfld: 6.87033 + L_NonMnfld: 0.01263 + L_Eknl: 3.18730 + L_Morse: 0.00012 + L_thetaHessian: 4.83321 + L_thetaNeighbor: 1.58320 + L_Guidance: 151.51204
Epoch: 0 [2850/3000 (95%)] Unweighted L_s : L_Mnfld: 0.00098 + L_NonMnfld: 0.00002 + L_Eknl: 0.06375 + L_Morse: 1.38067 + L_thetaHessian: 0.48332 + L_thetaNeighbor: 0.05277 + L_Guidance: 0.01894
Feature guidance terms: boundary=0.00947, intra=0.00000, neighbor=0.00000, diversity=0.00000

Weights: [7000.0, 600.0, 10.0, 50.0, 30.0, 7.833333333333336e-05, 8000.0], lr=5.000e-05
Epoch: 0 [2860/3000 (95%)] Loss: 24.13155 = L_Mnfld: 6.61361 + L_NonMnfld: 0.02826 + L_Eknl: 3.20019 + L_Morse: 0.00011 + L_thetaHessian: 4.58221 + L_thetaNeighbor: 1.66332 + L_Guidance: 143.47596
Epoch: 0 [2860/3000 (95%)] Unweighted L_s : L_Mnfld: 0.00094 + L_NonMnfld: 0.00005 + L_Eknl: 0.06400 + L_Morse: 1.39134 + L_thetaHessian: 0.45822 + L_thetaNeighbor: 0.05544 + L_Guidance: 0.01793
Feature guidance terms: boundary=0.00897, intra=0.00000, neighbor=0.00000, diversity=0.00000

Weights: [7000.0, 600.0, 10.0, 50.0, 30.0, 7.277777777777773e-05, 8000.0], lr=5.000e-05
Epoch: 0 [2870/3000 (96%)] Loss: 24.23968 = L_Mnfld: 6.76263 + L_NonMnfld: 0.00798 + L_Eknl: 3.16666 + L_Morse: 0.00010 + L_thetaHessian: 4.55649 + L_thetaNeighbor: 1.66592 + L_Guidance: 143.44552
Epoch: 0 [2870/3000 (96%)] Unweighted L_s : L_Mnfld: 0.00097 + L_NonMnfld: 0.00001 + L_Eknl: 0.06333 + L_Morse: 1.37909 + L_thetaHessian: 0.45565 + L_thetaNeighbor: 0.05553 + L_Guidance: 0.01793
Feature guidance terms: boundary=0.00897, intra=0.00000, neighbor=0.00000, diversity=0.00000

Weights: [7000.0, 600.0, 10.0, 50.0, 30.0, 6.72222222222222e-05, 8000.0], lr=5.000e-05
Epoch: 0 [2880/3000 (96%)] Loss: 23.94610 = L_Mnfld: 6.53551 + L_NonMnfld: 0.01573 + L_Eknl: 3.19860 + L_Morse: 0.00009 + L_thetaHessian: 4.54453 + L_thetaNeighbor: 1.66961 + L_Guidance: 142.35771
Epoch: 0 [2880/3000 (96%)] Unweighted L_s : L_Mnfld: 0.00093 + L_NonMnfld: 0.00003 + L_Eknl: 0.06397 + L_Morse: 1.39011 + L_thetaHessian: 0.45445 + L_thetaNeighbor: 0.05565 + L_Guidance: 0.01779
Feature guidance terms: boundary=0.00890, intra=0.00000, neighbor=0.00000, diversity=0.00000

Weights: [7000.0, 600.0, 10.0, 50.0, 30.0, 6.166666666666679e-05, 8000.0], lr=5.000e-05
Epoch: 0 [2890/3000 (96%)] Loss: 24.41284 = L_Mnfld: 6.86104 + L_NonMnfld: 0.02242 + L_Eknl: 3.12426 + L_Morse: 0.00009 + L_thetaHessian: 4.57714 + L_thetaNeighbor: 1.69028 + L_Guidance: 142.01908
Epoch: 0 [2890/3000 (96%)] Unweighted L_s : L_Mnfld: 0.00098 + L_NonMnfld: 0.00004 + L_Eknl: 0.06249 + L_Morse: 1.37959 + L_thetaHessian: 0.45771 + L_thetaNeighbor: 0.05634 + L_Guidance: 0.01775
Feature guidance terms: boundary=0.00888, intra=0.00000, neighbor=0.00000, diversity=0.00000

Weights: [7000.0, 600.0, 10.0, 50.0, 30.0, 5.6111111111110945e-05, 8000.0], lr=5.000e-05
Epoch: 0 [2900/3000 (97%)] Loss: 24.13445 = L_Mnfld: 6.51145 + L_NonMnfld: 0.00909 + L_Eknl: 3.15790 + L_Morse: 0.00008 + L_thetaHessian: 4.79430 + L_thetaNeighbor: 1.61682 + L_Guidance: 149.70389
Epoch: 0 [2900/3000 (97%)] Unweighted L_s : L_Mnfld: 0.00093 + L_NonMnfld: 0.00002 + L_Eknl: 0.06316 + L_Morse: 1.38903 + L_thetaHessian: 0.47943 + L_thetaNeighbor: 0.05389 + L_Guidance: 0.01871
Feature guidance terms: boundary=0.00936, intra=0.00000, neighbor=0.00000, diversity=0.00000

Weights: [7000.0, 600.0, 10.0, 50.0, 30.0, 5.055555555555553e-05, 8000.0], lr=5.000e-05
Epoch: 0 [2910/3000 (97%)] Loss: 24.51946 = L_Mnfld: 7.00934 + L_NonMnfld: 0.00942 + L_Eknl: 3.09846 + L_Morse: 0.00007 + L_thetaHessian: 4.53408 + L_thetaNeighbor: 1.69495 + L_Guidance: 141.31792
Epoch: 0 [2910/3000 (97%)] Unweighted L_s : L_Mnfld: 0.00100 + L_NonMnfld: 0.00002 + L_Eknl: 0.06197 + L_Morse: 1.38260 + L_thetaHessian: 0.45341 + L_thetaNeighbor: 0.05650 + L_Guidance: 0.01766
Feature guidance terms: boundary=0.00883, intra=0.00000, neighbor=0.00000, diversity=0.00000

Weights: [7000.0, 600.0, 10.0, 50.0, 30.0, 4.500000000000012e-05, 8000.0], lr=5.000e-05
Epoch: 0 [2920/3000 (97%)] Loss: 23.56112 = L_Mnfld: 6.20032 + L_NonMnfld: 0.00958 + L_Eknl: 3.21741 + L_Morse: 0.00006 + L_thetaHessian: 4.59245 + L_thetaNeighbor: 1.68759 + L_Guidance: 143.53605
Epoch: 0 [2920/3000 (97%)] Unweighted L_s : L_Mnfld: 0.00089 + L_NonMnfld: 0.00002 + L_Eknl: 0.06435 + L_Morse: 1.39043 + L_thetaHessian: 0.45925 + L_thetaNeighbor: 0.05625 + L_Guidance: 0.01794
Feature guidance terms: boundary=0.00897, intra=0.00000, neighbor=0.00000, diversity=0.00000

Weights: [7000.0, 600.0, 10.0, 50.0, 30.0, 3.944444444444427e-05, 8000.0], lr=5.000e-05
Epoch: 0 [2930/3000 (98%)] Loss: 24.80984 = L_Mnfld: 7.05107 + L_NonMnfld: 0.01048 + L_Eknl: 3.12895 + L_Morse: 0.00005 + L_thetaHessian: 4.63205 + L_thetaNeighbor: 1.71728 + L_Guidance: 141.59986
Epoch: 0 [2930/3000 (98%)] Unweighted L_s : L_Mnfld: 0.00101 + L_NonMnfld: 0.00002 + L_Eknl: 0.06258 + L_Morse: 1.38059 + L_thetaHessian: 0.46321 + L_thetaNeighbor: 0.05724 + L_Guidance: 0.01770
Feature guidance terms: boundary=0.00885, intra=0.00000, neighbor=0.00000, diversity=0.00000

Weights: [7000.0, 600.0, 10.0, 50.0, 30.0, 3.388888888888886e-05, 8000.0], lr=5.000e-05
Epoch: 0 [2940/3000 (98%)] Loss: 23.53862 = L_Mnfld: 6.11173 + L_NonMnfld: 0.01005 + L_Eknl: 3.20016 + L_Morse: 0.00005 + L_thetaHessian: 4.75771 + L_thetaNeighbor: 1.61273 + L_Guidance: 147.93144
Epoch: 0 [2940/3000 (98%)] Unweighted L_s : L_Mnfld: 0.00087 + L_NonMnfld: 0.00002 + L_Eknl: 0.06400 + L_Morse: 1.39182 + L_thetaHessian: 0.47577 + L_thetaNeighbor: 0.05376 + L_Guidance: 0.01849
Feature guidance terms: boundary=0.00925, intra=0.00000, neighbor=0.00000, diversity=0.00000

Weights: [7000.0, 600.0, 10.0, 50.0, 30.0, 2.8333333333333335e-05, 8000.0], lr=5.000e-05
Epoch: 0 [2950/3000 (98%)] Loss: 25.03742 = L_Mnfld: 7.02092 + L_NonMnfld: 0.01302 + L_Eknl: 3.14432 + L_Morse: 0.00004 + L_thetaHessian: 4.82071 + L_thetaNeighbor: 1.69260 + L_Guidance: 150.80765
Epoch: 0 [2950/3000 (98%)] Unweighted L_s : L_Mnfld: 0.00100 + L_NonMnfld: 0.00002 + L_Eknl: 0.06289 + L_Morse: 1.38105 + L_thetaHessian: 0.48207 + L_thetaNeighbor: 0.05642 + L_Guidance: 0.01885
Feature guidance terms: boundary=0.00943, intra=0.00000, neighbor=0.00000, diversity=0.00000

Weights: [7000.0, 600.0, 10.0, 50.0, 30.0, 2.2777777777777813e-05, 8000.0], lr=5.000e-05
Epoch: 0 [2960/3000 (99%)] Loss: 22.96745 = L_Mnfld: 5.97819 + L_NonMnfld: 0.01467 + L_Eknl: 3.10836 + L_Morse: 0.00003 + L_thetaHessian: 4.51433 + L_thetaNeighbor: 1.69605 + L_Guidance: 139.73665
Epoch: 0 [2960/3000 (99%)] Unweighted L_s : L_Mnfld: 0.00085 + L_NonMnfld: 0.00002 + L_Eknl: 0.06217 + L_Morse: 1.39098 + L_thetaHessian: 0.45143 + L_thetaNeighbor: 0.05654 + L_Guidance: 0.01747
Feature guidance terms: boundary=0.00873, intra=0.00000, neighbor=0.00000, diversity=0.00000

Weights: [7000.0, 600.0, 10.0, 50.0, 30.0, 1.7222222222222075e-05, 8000.0], lr=5.000e-05
Epoch: 0 [2970/3000 (99%)] Loss: 24.68561 = L_Mnfld: 6.99938 + L_NonMnfld: 0.01343 + L_Eknl: 3.08589 + L_Morse: 0.00002 + L_thetaHessian: 4.81252 + L_thetaNeighbor: 1.54583 + L_Guidance: 152.46163
Epoch: 0 [2970/3000 (99%)] Unweighted L_s : L_Mnfld: 0.00100 + L_NonMnfld: 0.00002 + L_Eknl: 0.06172 + L_Morse: 1.38228 + L_thetaHessian: 0.48125 + L_thetaNeighbor: 0.05153 + L_Guidance: 0.01906
Feature guidance terms: boundary=0.00953, intra=0.00000, neighbor=0.00000, diversity=0.00000

Weights: [7000.0, 600.0, 10.0, 50.0, 30.0, 1.1666666666666553e-05, 8000.0], lr=5.000e-05
Epoch: 0 [2980/3000 (99%)] Loss: 23.07968 = L_Mnfld: 6.00515 + L_NonMnfld: 0.01017 + L_Eknl: 3.14319 + L_Morse: 0.00002 + L_thetaHessian: 4.52908 + L_thetaNeighbor: 1.69886 + L_Guidance: 139.46377
Epoch: 0 [2980/3000 (99%)] Unweighted L_s : L_Mnfld: 0.00086 + L_NonMnfld: 0.00002 + L_Eknl: 0.06286 + L_Morse: 1.39407 + L_thetaHessian: 0.45291 + L_thetaNeighbor: 0.05663 + L_Guidance: 0.01743
Feature guidance terms: boundary=0.00872, intra=0.00000, neighbor=0.00000, diversity=0.00000

Weights: [7000.0, 600.0, 10.0, 50.0, 30.0, 6.111111111111248e-06, 8000.0], lr=5.000e-05
Epoch: 0 [2990/3000 (100%)] Loss: 24.47501 = L_Mnfld: 7.08624 + L_NonMnfld: 0.01098 + L_Eknl: 3.06884 + L_Morse: 0.00001 + L_thetaHessian: 4.45538 + L_thetaNeighbor: 1.69522 + L_Guidance: 138.88167
Epoch: 0 [2990/3000 (100%)] Unweighted L_s : L_Mnfld: 0.00101 + L_NonMnfld: 0.00002 + L_Eknl: 0.06138 + L_Morse: 1.38257 + L_thetaHessian: 0.44554 + L_thetaNeighbor: 0.05651 + L_Guidance: 0.01736
Feature guidance terms: boundary=0.00868, intra=0.00000, neighbor=0.00000, diversity=0.00000

[1/4] Loading mesh: /root/SemanPartMesh/compare_8d46740c472f9d36b7a04b65023ffc59_ns3000_50k_chunkmerge_20260508_192054/pipeline/quad_meshes/8d46740c472f9d36b7a04b65023ffc59_quad_chunks/outputs/chunk_000_quad_extract_work/chunk_000_quad_repaired.obj
       V=7340 F=14680
[2/4] Loading cross field: /root/SemanPartMesh/compare_8d46740c472f9d36b7a04b65023ffc59_ns3000_50k_chunkmerge_20260508_192054/pipeline/quad_meshes/8d46740c472f9d36b7a04b65023ffc59_quad_chunks/outputs/chunk_000_quad_extract_work/chunk_000_quad_repaired_cf.txt
       cross field rows=14680
[3/4] Running MIQ parameterization (gradient_size=40, stiffness=5, iters=5)...

 INITIALIZED SPARSE MATRIX OF 15948d x 15948d 

 INITIALIZED SPARSE MATRIX OF 1460d x 16140d 

 INITIALIZED VECTOR OF 15948d x 1 

 INITIALIZED VECTOR OF 1460d x 1 
Initital dimension: 16140 x 16140, number of constraints: 1460, number of integer variables: 304, use reordering: yes
make_constraints_independent took 0.0099610000000000011 s.
Constraint integration took 0.038293000000000001 s.
Constraint elimination took 0.026030000000000001 s.
Reindexing took 0.00042999999999999999 s.
eliminate_constraints took 0.064936000000000008 s.
Eliminated dimension: 14680 x 14680
#nonzeros: 207772
integer variables #: 112
continuous variables #: 14568
initial full solution
final full solution
 *** Statistics of MiSo Solver ***
Number of LOCAL iterations  = 52
Number of CG    iterations  = 52
Number of FULL  iterations  = 54
Number of ROUNDING          = 112
solve_multiple_rounding took 14.453271000000001 s.
solve took 14.453402000000001 s.
restore_eliminated_vars took 0.0020040000000000001 s.
solve took 14.531486999999998 s.
Maximum Distorsion 6.0835 
Maximum Laplacian 12.9012 
ITERATION 0 FLIPS 38 

 INITIALIZED SPARSE MATRIX OF 15948d x 15948d 

 INITIALIZED SPARSE MATRIX OF 1460d x 16140d 

 INITIALIZED VECTOR OF 15948d x 1 

 INITIALIZED VECTOR OF 1460d x 1 
Initital dimension: 16140 x 16140, number of constraints: 1460, number of integer variables: 304, use reordering: yes
make_constraints_independent took 0.0079760000000000005 s.
Constraint integration took 0.038325999999999999 s.
Constraint elimination took 0.021993000000000002 s.
Reindexing took 0.00051500000000000005 s.
eliminate_constraints took 0.060998000000000004 s.
Eliminated dimension: 14680 x 14680
#nonzeros: 207918
integer variables #: 112
continuous variables #: 14568
initial full solution
final full solution
 *** Statistics of MiSo Solver ***
Number of LOCAL iterations  = 53
Number of CG    iterations  = 53
Number of FULL  iterations  = 55
Number of ROUNDING          = 112
solve_multiple_rounding took 14.798641 s.
solve took 14.798753000000001 s.
restore_eliminated_vars took 0.0019750000000000002 s.
solve took 14.870501000000001 s.
Maximum Distorsion 4.8075 
Maximum Laplacian 12.0534 
ITERATION 1 FLIPS 44 

 INITIALIZED SPARSE MATRIX OF 15948d x 15948d 

 INITIALIZED SPARSE MATRIX OF 1460d x 16140d 

 INITIALIZED VECTOR OF 15948d x 1 

 INITIALIZED VECTOR OF 1460d x 1 
Initital dimension: 16140 x 16140, number of constraints: 1460, number of integer variables: 304, use reordering: yes
make_constraints_independent took 0.00792 s.
Constraint integration took 0.035491000000000002 s.
Constraint elimination took 0.021011999999999999 s.
Reindexing took 0.00042499999999999998 s.
eliminate_constraints took 0.057063000000000003 s.
Eliminated dimension: 14680 x 14680
#nonzeros: 208021
integer variables #: 112
continuous variables #: 14568
initial full solution
final full solution
 *** Statistics of MiSo Solver ***
Number of LOCAL iterations  = 54
Number of CG    iterations  = 54
Number of FULL  iterations  = 56
Number of ROUNDING          = 112
solve_multiple_rounding took 15.048985 s.
solve took 15.049092 s.
restore_eliminated_vars took 0.001885 s.
solve took 15.116678 s.
Maximum Distorsion 5.6490 
Maximum Laplacian 9.2661 
ITERATION 2 FLIPS 36 

 INITIALIZED SPARSE MATRIX OF 15948d x 15948d 

 INITIALIZED SPARSE MATRIX OF 1460d x 16140d 

 INITIALIZED VECTOR OF 15948d x 1 

 INITIALIZED VECTOR OF 1460d x 1 
Initital dimension: 16140 x 16140, number of constraints: 1460, number of integer variables: 304, use reordering: yes
make_constraints_independent took 0.0080350000000000005 s.
Constraint integration took 0.035455 s.
Constraint elimination took 0.020775999999999999 s.
Reindexing took 0.00045200000000000004 s.
eliminate_constraints took 0.056803000000000006 s.
Eliminated dimension: 14680 x 14680
#nonzeros: 207889
integer variables #: 112
continuous variables #: 14568
initial full solution
final full solution
 *** Statistics of MiSo Solver ***
Number of LOCAL iterations  = 57
Number of CG    iterations  = 57
Number of FULL  iterations  = 59
Number of ROUNDING          = 112
solve_multiple_rounding took 15.875746999999999 s.
solve took 15.875869 s.
restore_eliminated_vars took 0.001915 s.
solve took 15.943389 s.
Maximum Distorsion 7.8147 
Maximum Laplacian 15.4008 
ITERATION 3 FLIPS 55 

 INITIALIZED SPARSE MATRIX OF 15948d x 15948d 

 INITIALIZED SPARSE MATRIX OF 1460d x 16140d 

 INITIALIZED VECTOR OF 15948d x 1 

 INITIALIZED VECTOR OF 1460d x 1 
Initital dimension: 16140 x 16140, number of constraints: 1460, number of integer variables: 304, use reordering: yes
make_constraints_independent took 0.0081129999999999987 s.
Constraint integration took 0.035244999999999999 s.
Constraint elimination took 0.02082299999999998 s.
Reindexing took 0.00045200000000000004 s.
eliminate_constraints took 0.056656999999999923 s.
Eliminated dimension: 14680 x 14680
#nonzeros: 208007
integer variables #: 112
continuous variables #: 14568
initial full solution
final full solution
 *** Statistics of MiSo Solver ***
Number of LOCAL iterations  = 54
Number of CG    iterations  = 54
Number of FULL  iterations  = 56
Number of ROUNDING          = 112
solve_multiple_rounding took 14.935553000000001 s.
solve took 14.935673999999999 s.
restore_eliminated_vars took 0.0019250000000000001 s.
solve took 15.003176999999999 s.
Maximum Distorsion 4.8169 
Maximum Laplacian 10.8539 
ITERATION 4 FLIPS 38 
**** END OPTIMIZING #FLIPS 38  ****
       UV=7974 FUV=14680
[4/4] Extracting quad mesh with libQEx...
       Quad vertices=1391 Quad faces=1391
Output saved to: /root/SemanPartMesh/compare_8d46740c472f9d36b7a04b65023ffc59_ns3000_50k_chunkmerge_20260508_192054/pipeline/quad_meshes/8d46740c472f9d36b7a04b65023ffc59_quad_chunks/outputs/chunk_000_quad_extract_work/chunk_000_quad_gs40.obj

 Closed: Fri May 08 20:05:36 2026

[1/4] Loading mesh: /root/SemanPartMesh/compare_8d46740c472f9d36b7a04b65023ffc59_ns3000_50k_chunkmerge_20260508_192054/pipeline/quad_meshes/8d46740c472f9d36b7a04b65023ffc59_quad_chunks/outputs/chunk_000_quad_extract_work/chunk_000_quad_repaired.obj
       V=7340 F=14680
[2/4] Loading cross field: /root/SemanPartMesh/compare_8d46740c472f9d36b7a04b65023ffc59_ns3000_50k_chunkmerge_20260508_192054/pipeline/quad_meshes/8d46740c472f9d36b7a04b65023ffc59_quad_chunks/outputs/chunk_000_quad_extract_work/chunk_000_quad_repaired_cf.txt
       cross field rows=14680
[3/4] Running MIQ parameterization (gradient_size=60, stiffness=5, iters=5)...

 INITIALIZED SPARSE MATRIX OF 15948d x 15948d 

 INITIALIZED SPARSE MATRIX OF 1460d x 16140d 

 INITIALIZED VECTOR OF 15948d x 1 

 INITIALIZED VECTOR OF 1460d x 1 
Initital dimension: 16140 x 16140, number of constraints: 1460, number of integer variables: 304, use reordering: yes
make_constraints_independent took 0.0089559999999999987 s.
Constraint integration took 0.039039000000000004 s.
Constraint elimination took 0.024118999999999998 s.
Reindexing took 0.00043199999999999998 s.
eliminate_constraints took 0.063756000000000007 s.
Eliminated dimension: 14680 x 14680
#nonzeros: 207772
integer variables #: 112
continuous variables #: 14568
initial full solution
final full solution
 *** Statistics of MiSo Solver ***
Number of LOCAL iterations  = 48
Number of CG    iterations  = 48
Number of FULL  iterations  = 50
Number of ROUNDING          = 112
solve_multiple_rounding took 13.246611999999999 s.
solve took 13.246733000000001 s.
restore_eliminated_vars took 0.0018720000000000002 s.
solve took 13.322473 s.
Maximum Distorsion 5.4732 
Maximum Laplacian 10.7156 
ITERATION 0 FLIPS 28 

 INITIALIZED SPARSE MATRIX OF 15948d x 15948d 

 INITIALIZED SPARSE MATRIX OF 1460d x 16140d 

 INITIALIZED VECTOR OF 15948d x 1 

 INITIALIZED VECTOR OF 1460d x 1 
Initital dimension: 16140 x 16140, number of constraints: 1460, number of integer variables: 304, use reordering: yes
make_constraints_independent took 0.0081840000000000003 s.
Constraint integration took 0.035749999999999997 s.
Constraint elimination took 0.021923000000000002 s.
Reindexing took 0.00047100000000000001 s.
eliminate_constraints took 0.058286999999999999 s.
Eliminated dimension: 14680 x 14680
#nonzeros: 207782
integer variables #: 112
continuous variables #: 14568
initial full solution
final full solution
 *** Statistics of MiSo Solver ***
Number of LOCAL iterations  = 49
Number of CG    iterations  = 49
Number of FULL  iterations  = 51
Number of ROUNDING          = 112
solve_multiple_rounding took 13.546025 s.
solve took 13.54613 s.
restore_eliminated_vars took 0.0019650000000000002 s.
solve took 13.615341000000001 s.
Maximum Distorsion 4.2390 
Maximum Laplacian 9.5660 
ITERATION 1 FLIPS 19 

 INITIALIZED SPARSE MATRIX OF 15948d x 15948d 

 INITIALIZED SPARSE MATRIX OF 1460d x 16140d 

 INITIALIZED VECTOR OF 15948d x 1 

 INITIALIZED VECTOR OF 1460d x 1 
Initital dimension: 16140 x 16140, number of constraints: 1460, number of integer variables: 304, use reordering: yes
make_constraints_independent took 0.0079729999999999992 s.
Constraint integration took 0.035552 s.
Constraint elimination took 0.020748000000000003 s.
Reindexing took 0.00045300000000000001 s.
eliminate_constraints took 0.056890000000000003 s.
Eliminated dimension: 14680 x 14680
#nonzeros: 207910
integer variables #: 112
continuous variables #: 14568
initial full solution
final full solution
 *** Statistics of MiSo Solver ***
Number of LOCAL iterations  = 50
Number of CG    iterations  = 50
Number of FULL  iterations  = 51
Number of ROUNDING          = 112
solve_multiple_rounding took 13.874438 s.
solve took 13.874544 s.
restore_eliminated_vars took 0.0019140000000000001 s.
solve took 13.942105999999999 s.
Maximum Distorsion 5.3678 
Maximum Laplacian 11.6126 
ITERATION 2 FLIPS 20 

 INITIALIZED SPARSE MATRIX OF 15948d x 15948d 

 INITIALIZED SPARSE MATRIX OF 1460d x 16140d 

 INITIALIZED VECTOR OF 15948d x 1 

 INITIALIZED VECTOR OF 1460d x 1 
Initital dimension: 16140 x 16140, number of constraints: 1460, number of integer variables: 304, use reordering: yes
make_constraints_independent took 0.0079350000000000011 s.
Constraint integration took 0.035118999999999997 s.
Constraint elimination took 0.024420000000000001 s.
Reindexing took 0.00042499999999999998 s.
eliminate_constraints took 0.060099000000000007 s.
Eliminated dimension: 14680 x 14680
#nonzeros: 207924
integer variables #: 112
continuous variables #: 14568
initial full solution
final full solution
 *** Statistics of MiSo Solver ***
Number of LOCAL iterations  = 53
Number of CG    iterations  = 53
Number of FULL  iterations  = 55
Number of ROUNDING          = 112
solve_multiple_rounding took 14.640268000000001 s.
solve took 14.640385 s.
restore_eliminated_vars took 0.0019080000000000002 s.
solve took 14.71109 s.
Maximum Distorsion 4.2669 
Maximum Laplacian 8.3258 
ITERATION 3 FLIPS 22 

 INITIALIZED SPARSE MATRIX OF 15948d x 15948d 

 INITIALIZED SPARSE MATRIX OF 1460d x 16140d 

 INITIALIZED VECTOR OF 15948d x 1 

 INITIALIZED VECTOR OF 1460d x 1 
Initital dimension: 16140 x 16140, number of constraints: 1460, number of integer variables: 304, use reordering: yes
make_constraints_independent took 0.0080099999999999998 s.
Constraint integration took 0.036511000000000002 s.
Constraint elimination took 0.024642000000000001 s.
Reindexing took 0.000426 s.
eliminate_constraints took 0.061707999999999999 s.
Eliminated dimension: 14680 x 14680
#nonzeros: 207872
integer variables #: 112
continuous variables #: 14568
initial full solution
final full solution
 *** Statistics of MiSo Solver ***
Number of LOCAL iterations  = 54
Number of CG    iterations  = 54
Number of FULL  iterations  = 55
Number of ROUNDING          = 112
solve_multiple_rounding took 14.837237 s.
solve took 14.837341 s.
restore_eliminated_vars took 0.0018700000000000001 s.
solve took 14.909701999999999 s.
Maximum Distorsion 3.6367 
Maximum Laplacian 6.9870 
ITERATION 4 FLIPS 22 
**** END OPTIMIZING #FLIPS 22  ****
       UV=7974 FUV=14680
[4/4] Extracting quad mesh with libQEx...
       Quad vertices=3303 Quad faces=3303
Output saved to: /root/SemanPartMesh/compare_8d46740c472f9d36b7a04b65023ffc59_ns3000_50k_chunkmerge_20260508_192054/pipeline/quad_meshes/8d46740c472f9d36b7a04b65023ffc59_quad_chunks/outputs/chunk_000_quad_extract_work/chunk_000_quad_gs60.obj

 Closed: Fri May 08 20:06:49 2026

[1/4] Loading mesh: /root/SemanPartMesh/compare_8d46740c472f9d36b7a04b65023ffc59_ns3000_50k_chunkmerge_20260508_192054/pipeline/quad_meshes/8d46740c472f9d36b7a04b65023ffc59_quad_chunks/outputs/chunk_000_quad_extract_work/chunk_000_quad_repaired.obj
       V=7340 F=14680
[2/4] Loading cross field: /root/SemanPartMesh/compare_8d46740c472f9d36b7a04b65023ffc59_ns3000_50k_chunkmerge_20260508_192054/pipeline/quad_meshes/8d46740c472f9d36b7a04b65023ffc59_quad_chunks/outputs/chunk_000_quad_extract_work/chunk_000_quad_repaired_cf.txt
       cross field rows=14680
[3/4] Running MIQ parameterization (gradient_size=80, stiffness=5, iters=5)...

 INITIALIZED SPARSE MATRIX OF 15948d x 15948d 

 INITIALIZED SPARSE MATRIX OF 1460d x 16140d 

 INITIALIZED VECTOR OF 15948d x 1 

 INITIALIZED VECTOR OF 1460d x 1 
Initital dimension: 16140 x 16140, number of constraints: 1460, number of integer variables: 304, use reordering: yes
make_constraints_independent took 0.0092309999999999996 s.
Constraint integration took 0.038552999999999997 s.
Constraint elimination took 0.025226999999999999 s.
Reindexing took 0.00044299999999999998 s.
eliminate_constraints took 0.064427000000000012 s.
Eliminated dimension: 14680 x 14680
#nonzeros: 207772
integer variables #: 112
continuous variables #: 14568
initial full solution
final full solution
 *** Statistics of MiSo Solver ***
Number of LOCAL iterations  = 48
Number of CG    iterations  = 48
Number of FULL  iterations  = 49
Number of ROUNDING          = 112
solve_multiple_rounding took 13.268388000000002 s.
solve took 13.268512000000001 s.
restore_eliminated_vars took 0.001923 s.
solve took 13.345368000000001 s.
Maximum Distorsion 6.0937 
Maximum Laplacian 12.6237 
ITERATION 0 FLIPS 19 

 INITIALIZED SPARSE MATRIX OF 15948d x 15948d 

 INITIALIZED SPARSE MATRIX OF 1460d x 16140d 

 INITIALIZED VECTOR OF 15948d x 1 

 INITIALIZED VECTOR OF 1460d x 1 
Initital dimension: 16140 x 16140, number of constraints: 1460, number of integer variables: 304, use reordering: yes
make_constraints_independent took 0.0079850000000000008 s.
Constraint integration took 0.035288000000000007 s.
Constraint elimination took 0.021010999999999998 s.
Reindexing took 0.00044299999999999998 s.
eliminate_constraints took 0.056883000000000003 s.
Eliminated dimension: 14680 x 14680
#nonzeros: 207790
integer variables #: 112
continuous variables #: 14568
initial full solution
final full solution
 *** Statistics of MiSo Solver ***
Number of LOCAL iterations  = 60
Number of CG    iterations  = 60
Number of FULL  iterations  = 62
Number of ROUNDING          = 112
solve_multiple_rounding took 16.673120999999998 s.
solve took 16.673239000000002 s.
restore_eliminated_vars took 0.001905 s.
solve took 16.740790000000001 s.
Maximum Distorsion 7.7650 
Maximum Laplacian 17.6568 
ITERATION 1 FLIPS 16 

 INITIALIZED SPARSE MATRIX OF 15948d x 15948d 

 INITIALIZED SPARSE MATRIX OF 1460d x 16140d 

 INITIALIZED VECTOR OF 15948d x 1 

 INITIALIZED VECTOR OF 1460d x 1 
Initital dimension: 16140 x 16140, number of constraints: 1460, number of integer variables: 304, use reordering: yes
make_constraints_independent took 0.0088839999999999995 s.
Constraint integration took 0.034959999999999998 s.
Constraint elimination took 0.020498000000000002 s.
Reindexing took 0.00042400000000000001 s.
eliminate_constraints took 0.056018999999999999 s.
Eliminated dimension: 14680 x 14680
#nonzeros: 207858
integer variables #: 112
continuous variables #: 14568
initial full solution
final full solution
 *** Statistics of MiSo Solver ***
Number of LOCAL iterations  = 53
Number of CG    iterations  = 53
Number of FULL  iterations  = 55
Number of ROUNDING          = 112
solve_multiple_rounding took 14.53734 s.
solve took 14.537443999999999 s.
restore_eliminated_vars took 0.0018749999999999999 s.
solve took 14.605212999999999 s.
Maximum Distorsion 4.5495 
Maximum Laplacian 10.3031 
ITERATION 2 FLIPS 9 

 INITIALIZED SPARSE MATRIX OF 15948d x 15948d 

 INITIALIZED SPARSE MATRIX OF 1460d x 16140d 

 INITIALIZED VECTOR OF 15948d x 1 

 INITIALIZED VECTOR OF 1460d x 1 
Initital dimension: 16140 x 16140, number of constraints: 1460, number of integer variables: 304, use reordering: yes
make_constraints_independent took 0.0079459999999999999 s.
Constraint integration took 0.035434 s.
Constraint elimination took 0.024569000000000001 s.
Reindexing took 0.000426 s.
eliminate_constraints took 0.060543 s.
Eliminated dimension: 14680 x 14680
#nonzeros: 208011
integer variables #: 112
continuous variables #: 14568
initial full solution
final full solution
 *** Statistics of MiSo Solver ***
Number of LOCAL iterations  = 53
Number of CG    iterations  = 53
Number of FULL  iterations  = 54
Number of ROUNDING          = 112
solve_multiple_rounding took 14.539802 s.
solve took 14.539906999999999 s.
restore_eliminated_vars took 0.0019010000000000001 s.
solve took 14.611058000000002 s.
Maximum Distorsion 4.5750 
Maximum Laplacian 7.6419 
ITERATION 3 FLIPS 13 

 INITIALIZED SPARSE MATRIX OF 15948d x 15948d 

 INITIALIZED SPARSE MATRIX OF 1460d x 16140d 

 INITIALIZED VECTOR OF 15948d x 1 

 INITIALIZED VECTOR OF 1460d x 1 
Initital dimension: 16140 x 16140, number of constraints: 1460, number of integer variables: 304, use reordering: yes
make_constraints_independent took 0.0079279999999999993 s.
Constraint integration took 0.034301000000000005 s.
Constraint elimination took 0.021112000000000002 s.
Reindexing took 0.00042200000000000001 s.
eliminate_constraints took 0.055968000000000004 s.
Eliminated dimension: 14680 x 14680
#nonzeros: 207769
integer variables #: 112
continuous variables #: 14568
initial full solution
final full solution
 *** Statistics of MiSo Solver ***
Number of LOCAL iterations  = 54
Number of CG    iterations  = 54
Number of FULL  iterations  = 56
Number of ROUNDING          = 112
solve_multiple_rounding took 15.355225000000001 s.
solve took 15.355345 s.
restore_eliminated_vars took 0.0018569999999999999 s.
solve took 15.421948 s.
Maximum Distorsion 3.4232 
Maximum Laplacian 6.6589 
ITERATION 4 FLIPS 6 
**** END OPTIMIZING #FLIPS 6  ****
       UV=7974 FUV=14680
[4/4] Extracting quad mesh with libQEx...
       Quad vertices=5689 Quad faces=5689
Output saved to: /root/SemanPartMesh/compare_8d46740c472f9d36b7a04b65023ffc59_ns3000_50k_chunkmerge_20260508_192054/pipeline/quad_meshes/8d46740c472f9d36b7a04b65023ffc59_quad_chunks/outputs/chunk_000_quad_extract_work/chunk_000_quad_gs80.obj

 Closed: Fri May 08 20:08:05 2026

[1/4] Loading mesh: /root/SemanPartMesh/compare_8d46740c472f9d36b7a04b65023ffc59_ns3000_50k_chunkmerge_20260508_192054/pipeline/quad_meshes/8d46740c472f9d36b7a04b65023ffc59_quad_chunks/outputs/chunk_000_quad_extract_work/chunk_000_quad_repaired.obj
       V=7340 F=14680
[2/4] Loading cross field: /root/SemanPartMesh/compare_8d46740c472f9d36b7a04b65023ffc59_ns3000_50k_chunkmerge_20260508_192054/pipeline/quad_meshes/8d46740c472f9d36b7a04b65023ffc59_quad_chunks/outputs/chunk_000_quad_extract_work/chunk_000_quad_repaired_cf.txt
       cross field rows=14680
[3/4] Running MIQ parameterization (gradient_size=100, stiffness=5, iters=5)...

 INITIALIZED SPARSE MATRIX OF 15948d x 15948d 

 INITIALIZED SPARSE MATRIX OF 1460d x 16140d 

 INITIALIZED VECTOR OF 15948d x 1 

 INITIALIZED VECTOR OF 1460d x 1 
Initital dimension: 16140 x 16140, number of constraints: 1460, number of integer variables: 304, use reordering: yes
make_constraints_independent took 0.0096099999999999988 s.
Constraint integration took 0.038862000000000001 s.
Constraint elimination took 0.026832000000000002 s.
Reindexing took 0.00046000000000000001 s.
eliminate_constraints took 0.066337000000000007 s.
Eliminated dimension: 14680 x 14680
#nonzeros: 207772
integer variables #: 112
continuous variables #: 14568
initial full solution
final full solution
 *** Statistics of MiSo Solver ***
Number of LOCAL iterations  = 57
Number of CG    iterations  = 57
Number of FULL  iterations  = 59
Number of ROUNDING          = 112
solve_multiple_rounding took 16.322407999999999 s.
solve took 16.322534999999998 s.
restore_eliminated_vars took 0.002 s.
solve took 16.402891 s.
Maximum Distorsion 6.8912 
Maximum Laplacian 16.8273 
ITERATION 0 FLIPS 23 

 INITIALIZED SPARSE MATRIX OF 15948d x 15948d 

 INITIALIZED SPARSE MATRIX OF 1460d x 16140d 

 INITIALIZED VECTOR OF 15948d x 1 

 INITIALIZED VECTOR OF 1460d x 1 
Initital dimension: 16140 x 16140, number of constraints: 1460, number of integer variables: 304, use reordering: yes
make_constraints_independent took 0.0079740000000000002 s.
Constraint integration took 0.037441000000000002 s.
Constraint elimination took 0.022520999999999999 s.
Reindexing took 0.00044500000000000003 s.
eliminate_constraints took 0.060565000000000001 s.
Eliminated dimension: 14680 x 14680
#nonzeros: 208001
integer variables #: 112
continuous variables #: 14568
initial full solution
final full solution
 *** Statistics of MiSo Solver ***
Number of LOCAL iterations  = 57
Number of CG    iterations  = 57
Number of FULL  iterations  = 59
Number of ROUNDING          = 112
solve_multiple_rounding took 15.851606 s.
solve took 15.851709999999999 s.
restore_eliminated_vars took 0.0019060000000000001 s.
solve took 15.922936 s.
Maximum Distorsion 4.4168 
Maximum Laplacian 9.9479 
ITERATION 1 FLIPS 11 

 INITIALIZED SPARSE MATRIX OF 15948d x 15948d 

 INITIALIZED SPARSE MATRIX OF 1460d x 16140d 

 INITIALIZED VECTOR OF 15948d x 1 

 INITIALIZED VECTOR OF 1460d x 1 
Initital dimension: 16140 x 16140, number of constraints: 1460, number of integer variables: 304, use reordering: yes
make_constraints_independent took 0.0079769999999999997 s.
Constraint integration took 0.035700000000000003 s.
Constraint elimination took 0.020920999999999999 s.
Reindexing took 0.00049399999999999997 s.
eliminate_constraints took 0.057267999999999999 s.
Eliminated dimension: 14680 x 14680
#nonzeros: 207925
integer variables #: 112
continuous variables #: 14568
initial full solution
final full solution
 *** Statistics of MiSo Solver ***
Number of LOCAL iterations  = 52
Number of CG    iterations  = 52
Number of FULL  iterations  = 54
Number of ROUNDING          = 112
solve_multiple_rounding took 14.505833000000001 s.
solve took 14.505953 s.
restore_eliminated_vars took 0.0018820000000000002 s.
solve took 14.573869 s.
Maximum Distorsion 3.7645 
Maximum Laplacian 8.0446 
ITERATION 2 FLIPS 7 

 INITIALIZED SPARSE MATRIX OF 15948d x 15948d 

 INITIALIZED SPARSE MATRIX OF 1460d x 16140d 

 INITIALIZED VECTOR OF 15948d x 1 

 INITIALIZED VECTOR OF 1460d x 1 
Initital dimension: 16140 x 16140, number of constraints: 1460, number of integer variables: 304, use reordering: yes
make_constraints_independent took 0.0081860000000000006 s.
Constraint integration took 0.035935000000000002 s.
Constraint elimination took 0.023640000000000001 s.
Reindexing took 0.00042999999999999999 s.
eliminate_constraints took 0.060149999999999995 s.
Eliminated dimension: 14680 x 14680
#nonzeros: 208006
integer variables #: 112
continuous variables #: 14568
initial full solution
final full solution
 *** Statistics of MiSo Solver ***
Number of LOCAL iterations  = 52
Number of CG    iterations  = 52
Number of FULL  iterations  = 54
Number of ROUNDING          = 112
solve_multiple_rounding took 14.449958000000001 s.
solve took 14.450076000000001 s.
restore_eliminated_vars took 0.001895 s.
solve took 14.521072999999999 s.
Maximum Distorsion 4.5573 
Maximum Laplacian 8.3516 
ITERATION 3 FLIPS 4 

 INITIALIZED SPARSE MATRIX OF 15948d x 15948d 

 INITIALIZED SPARSE MATRIX OF 1460d x 16140d 

 INITIALIZED VECTOR OF 15948d x 1 

 INITIALIZED VECTOR OF 1460d x 1 
Initital dimension: 16140 x 16140, number of constraints: 1460, number of integer variables: 304, use reordering: yes
make_constraints_independent took 0.0080150000000000013 s.
Constraint integration took 0.036306999999999999 s.
Constraint elimination took 0.024774000000000001 s.
Reindexing took 0.00043300000000000001 s.
eliminate_constraints took 0.061654 s.
Eliminated dimension: 14680 x 14680
#nonzeros: 207876
integer variables #: 112
continuous variables #: 14568
initial full solution
final full solution
 *** Statistics of MiSo Solver ***
Number of LOCAL iterations  = 56
Number of CG    iterations  = 56
Number of FULL  iterations  = 58
Number of ROUNDING          = 112
solve_multiple_rounding took 15.663183 s.
solve took 15.663289000000001 s.
restore_eliminated_vars took 0.001902 s.
solve took 15.735602999999999 s.
Maximum Distorsion 4.0173 
Maximum Laplacian 9.7424 
ITERATION 4 FLIPS 5 
**** END OPTIMIZING #FLIPS 5  ****
       UV=7974 FUV=14680
[4/4] Extracting quad mesh with libQEx...
       Quad vertices=8993 Quad faces=8993
Output saved to: /root/SemanPartMesh/compare_8d46740c472f9d36b7a04b65023ffc59_ns3000_50k_chunkmerge_20260508_192054/pipeline/quad_meshes/8d46740c472f9d36b7a04b65023ffc59_quad_chunks/outputs/chunk_000_quad_extract_work/chunk_000_quad_gs100.obj

 Closed: Fri May 08 20:09:24 2026

[1/4] Loading mesh: /root/SemanPartMesh/compare_8d46740c472f9d36b7a04b65023ffc59_ns3000_50k_chunkmerge_20260508_192054/pipeline/quad_meshes/8d46740c472f9d36b7a04b65023ffc59_quad_chunks/outputs/chunk_000_quad_extract_work/chunk_000_quad_repaired.obj
       V=7340 F=14680
[2/4] Loading cross field: /root/SemanPartMesh/compare_8d46740c472f9d36b7a04b65023ffc59_ns3000_50k_chunkmerge_20260508_192054/pipeline/quad_meshes/8d46740c472f9d36b7a04b65023ffc59_quad_chunks/outputs/chunk_000_quad_extract_work/chunk_000_quad_repaired_cf.txt
       cross field rows=14680
[3/4] Running MIQ parameterization (gradient_size=120, stiffness=5, iters=5)...

 INITIALIZED SPARSE MATRIX OF 15948d x 15948d 

 INITIALIZED SPARSE MATRIX OF 1460d x 16140d 

 INITIALIZED VECTOR OF 15948d x 1 

 INITIALIZED VECTOR OF 1460d x 1 
Initital dimension: 16140 x 16140, number of constraints: 1460, number of integer variables: 304, use reordering: yes
make_constraints_independent took 0.0088719999999999997 s.
Constraint integration took 0.037057 s.
Constraint elimination took 0.024751000000000002 s.
Reindexing took 0.000428 s.
eliminate_constraints took 0.062347 s.
Eliminated dimension: 14680 x 14680
#nonzeros: 207772
integer variables #: 112
continuous variables #: 14568
initial full solution
final full solution
 *** Statistics of MiSo Solver ***
Number of LOCAL iterations  = 53
Number of CG    iterations  = 53
Number of FULL  iterations  = 55
Number of ROUNDING          = 112
solve_multiple_rounding took 14.594306000000001 s.
solve took 14.594423000000001 s.
restore_eliminated_vars took 0.0020420000000000004 s.
solve took 14.668471 s.
Maximum Distorsion 7.0537 
Maximum Laplacian 18.0989 
ITERATION 0 FLIPS 10 

 INITIALIZED SPARSE MATRIX OF 15948d x 15948d 

 INITIALIZED SPARSE MATRIX OF 1460d x 16140d 

 INITIALIZED VECTOR OF 15948d x 1 

 INITIALIZED VECTOR OF 1460d x 1 
Initital dimension: 16140 x 16140, number of constraints: 1460, number of integer variables: 304, use reordering: yes
make_constraints_independent took 0.008012 s.
Constraint integration took 0.034948 s.
Constraint elimination took 0.021597999999999999 s.
Reindexing took 0.00047500000000000005 s.
eliminate_constraints took 0.057140999999999997 s.
Eliminated dimension: 14680 x 14680
#nonzeros: 207931
integer variables #: 112
continuous variables #: 14568
initial full solution
final full solution
 *** Statistics of MiSo Solver ***
Number of LOCAL iterations  = 53
Number of CG    iterations  = 53
Number of FULL  iterations  = 55
Number of ROUNDING          = 112
solve_multiple_rounding took 14.726210999999999 s.
solve took 14.726334000000001 s.
restore_eliminated_vars took 0.002078 s.
solve took 14.794298999999999 s.
Maximum Distorsion 4.5529 
Maximum Laplacian 9.2032 
ITERATION 1 FLIPS 10 

 INITIALIZED SPARSE MATRIX OF 15948d x 15948d 

 INITIALIZED SPARSE MATRIX OF 1460d x 16140d 

 INITIALIZED VECTOR OF 15948d x 1 

 INITIALIZED VECTOR OF 1460d x 1 
Initital dimension: 16140 x 16140, number of constraints: 1460, number of integer variables: 304, use reordering: yes
make_constraints_independent took 0.0080009999999999994 s.
Constraint integration took 0.037425999999999932 s.
Constraint elimination took 0.02469 s.
Reindexing took 0.00043300000000000001 s.
eliminate_constraints took 0.062674999999999953 s.
Eliminated dimension: 14680 x 14680
#nonzeros: 208161
integer variables #: 112
continuous variables #: 14568
initial full solution
final full solution
 *** Statistics of MiSo Solver ***
Number of LOCAL iterations  = 54
Number of CG    iterations  = 54
Number of FULL  iterations  = 55
Number of ROUNDING          = 112
solve_multiple_rounding took 14.879888000000001 s.
solve took 14.880006999999999 s.
restore_eliminated_vars took 0.0020409999999999998 s.
solve took 14.953491 s.
Maximum Distorsion 3.4100 
Maximum Laplacian 8.6035 
ITERATION 2 FLIPS 3 

 INITIALIZED SPARSE MATRIX OF 15948d x 15948d 

 INITIALIZED SPARSE MATRIX OF 1460d x 16140d 

 INITIALIZED VECTOR OF 15948d x 1 

 INITIALIZED VECTOR OF 1460d x 1 
Initital dimension: 16140 x 16140, number of constraints: 1460, number of integer variables: 304, use reordering: yes
make_constraints_independent took 0.0080540000000000004 s.
Constraint integration took 0.035261000000000001 s.
Constraint elimination took 0.021269000000000003 s.
Reindexing took 0.000426 s.
eliminate_constraints took 0.057074 s.
Eliminated dimension: 14680 x 14680
#nonzeros: 207994
integer variables #: 112
continuous variables #: 14568
initial full solution
final full solution
 *** Statistics of MiSo Solver ***
Number of LOCAL iterations  = 52
Number of CG    iterations  = 52
Number of FULL  iterations  = 54
Number of ROUNDING          = 112
solve_multiple_rounding took 14.549825 s.
solve took 14.549932 s.
restore_eliminated_vars took 0.0020169999999999997 s.
solve took 14.617818999999999 s.
Maximum Distorsion 3.2867 
Maximum Laplacian 8.1152 
ITERATION 3 FLIPS 4 

 INITIALIZED SPARSE MATRIX OF 15948d x 15948d 

 INITIALIZED SPARSE MATRIX OF 1460d x 16140d 

 INITIALIZED VECTOR OF 15948d x 1 

 INITIALIZED VECTOR OF 1460d x 1 
Initital dimension: 16140 x 16140, number of constraints: 1460, number of integer variables: 304, use reordering: yes
make_constraints_independent took 0.0079760000000000005 s.
Constraint integration took 0.035762000000000002 s.
Constraint elimination took 0.024980999999999996 s.
Reindexing took 0.000428 s.
eliminate_constraints took 0.06129399999999998 s.
Eliminated dimension: 14680 x 14680
#nonzeros: 207903
integer variables #: 112
continuous variables #: 14568
initial full solution
final full solution
 *** Statistics of MiSo Solver ***
Number of LOCAL iterations  = 50
Number of CG    iterations  = 50
Number of FULL  iterations  = 52
Number of ROUNDING          = 112
solve_multiple_rounding took 13.993411 s.
solve took 13.993521000000001 s.
restore_eliminated_vars took 0.0021939999999999998 s.
solve took 14.068646000000001 s.
Maximum Distorsion 3.6926 
Maximum Laplacian 9.0896 
ITERATION 4 FLIPS 6 
**** END OPTIMIZING #FLIPS 6  ****
       UV=7974 FUV=14680
[4/4] Extracting quad mesh with libQEx...
       Quad vertices=12923 Quad faces=12923
Output saved to: /root/SemanPartMesh/compare_8d46740c472f9d36b7a04b65023ffc59_ns3000_50k_chunkmerge_20260508_192054/pipeline/quad_meshes/8d46740c472f9d36b7a04b65023ffc59_quad_chunks/outputs/chunk_000_quad_extract_work/chunk_000_quad_gs120.obj

 Closed: Fri May 08 20:10:39 2026


==================================================
  [Tier 0] Standard repair pipeline
==================================================
  [repair] collapsed 5 degenerate edge(s), V: 7345->7340, F: 14690->14680

[Auto Sweep]
  mesh        : /root/SemanPartMesh/compare_8d46740c472f9d36b7a04b65023ffc59_ns3000_50k_chunkmerge_20260508_192054/pipeline/quad_meshes/8d46740c472f9d36b7a04b65023ffc59_quad_chunks/outputs/chunk_000_quad_extract_work/chunk_000_quad_repaired.obj
  cross field : /root/SemanPartMesh/compare_8d46740c472f9d36b7a04b65023ffc59_ns3000_50k_chunkmerge_20260508_192054/pipeline/quad_meshes/8d46740c472f9d36b7a04b65023ffc59_quad_chunks/outputs/chunk_000_quad_extract_work/chunk_000_quad_repaired_cf.txt
  output      : /root/SemanPartMesh/compare_8d46740c472f9d36b7a04b65023ffc59_ns3000_50k_chunkmerge_20260508_192054/pipeline/quad_meshes/8d46740c472f9d36b7a04b65023ffc59_quad_chunks/outputs/chunk_000_quad.obj
  sweep_values: [40.0, 60.0, 80.0, 100.0, 120.0]
  thresholds  : min_quads=734, max_ad=15.0, min_jr=0.15

[Auto Sweep] Trying gradient_size=40.0
  binary       : /root/SemanPartMesh/quad_extract/build/extract_quad_mesh
  input mesh   : /root/SemanPartMesh/compare_8d46740c472f9d36b7a04b65023ffc59_ns3000_50k_chunkmerge_20260508_192054/pipeline/quad_meshes/8d46740c472f9d36b7a04b65023ffc59_quad_chunks/outputs/chunk_000_quad_extract_work/chunk_000_quad_repaired.obj
  cross field  : /root/SemanPartMesh/compare_8d46740c472f9d36b7a04b65023ffc59_ns3000_50k_chunkmerge_20260508_192054/pipeline/quad_meshes/8d46740c472f9d36b7a04b65023ffc59_quad_chunks/outputs/chunk_000_quad_extract_work/chunk_000_quad_repaired_cf.txt
  output       : /root/SemanPartMesh/compare_8d46740c472f9d36b7a04b65023ffc59_ns3000_50k_chunkmerge_20260508_192054/pipeline/quad_meshes/8d46740c472f9d36b7a04b65023ffc59_quad_chunks/outputs/chunk_000_quad_extract_work/chunk_000_quad_gs40.obj
  gradient_size: 40.0  timeout: 3600s

  RESULT [constraint-violating] n_quads=1391 AD_mean=6.542deg JR_min=0.1457 SJ_mean=0.9750

[Auto Sweep] Trying gradient_size=60.0
  binary       : /root/SemanPartMesh/quad_extract/build/extract_quad_mesh
  input mesh   : /root/SemanPartMesh/compare_8d46740c472f9d36b7a04b65023ffc59_ns3000_50k_chunkmerge_20260508_192054/pipeline/quad_meshes/8d46740c472f9d36b7a04b65023ffc59_quad_chunks/outputs/chunk_000_quad_extract_work/chunk_000_quad_repaired.obj
  cross field  : /root/SemanPartMesh/compare_8d46740c472f9d36b7a04b65023ffc59_ns3000_50k_chunkmerge_20260508_192054/pipeline/quad_meshes/8d46740c472f9d36b7a04b65023ffc59_quad_chunks/outputs/chunk_000_quad_extract_work/chunk_000_quad_repaired_cf.txt
  output       : /root/SemanPartMesh/compare_8d46740c472f9d36b7a04b65023ffc59_ns3000_50k_chunkmerge_20260508_192054/pipeline/quad_meshes/8d46740c472f9d36b7a04b65023ffc59_quad_chunks/outputs/chunk_000_quad_extract_work/chunk_000_quad_gs60.obj
  gradient_size: 60.0  timeout: 3600s

  RESULT [constraint-violating] n_quads=3303 AD_mean=6.985deg JR_min=0.0524 SJ_mean=0.9806

[Auto Sweep] Trying gradient_size=80.0
  binary       : /root/SemanPartMesh/quad_extract/build/extract_quad_mesh
  input mesh   : /root/SemanPartMesh/compare_8d46740c472f9d36b7a04b65023ffc59_ns3000_50k_chunkmerge_20260508_192054/pipeline/quad_meshes/8d46740c472f9d36b7a04b65023ffc59_quad_chunks/outputs/chunk_000_quad_extract_work/chunk_000_quad_repaired.obj
  cross field  : /root/SemanPartMesh/compare_8d46740c472f9d36b7a04b65023ffc59_ns3000_50k_chunkmerge_20260508_192054/pipeline/quad_meshes/8d46740c472f9d36b7a04b65023ffc59_quad_chunks/outputs/chunk_000_quad_extract_work/chunk_000_quad_repaired_cf.txt
  output       : /root/SemanPartMesh/compare_8d46740c472f9d36b7a04b65023ffc59_ns3000_50k_chunkmerge_20260508_192054/pipeline/quad_meshes/8d46740c472f9d36b7a04b65023ffc59_quad_chunks/outputs/chunk_000_quad_extract_work/chunk_000_quad_gs80.obj
  gradient_size: 80.0  timeout: 3600s

  RESULT [valid] n_quads=5689 AD_mean=6.240deg JR_min=0.1690 SJ_mean=0.9840

[Auto Sweep] Trying gradient_size=100.0
  binary       : /root/SemanPartMesh/quad_extract/build/extract_quad_mesh
  input mesh   : /root/SemanPartMesh/compare_8d46740c472f9d36b7a04b65023ffc59_ns3000_50k_chunkmerge_20260508_192054/pipeline/quad_meshes/8d46740c472f9d36b7a04b65023ffc59_quad_chunks/outputs/chunk_000_quad_extract_work/chunk_000_quad_repaired.obj
  cross field  : /root/SemanPartMesh/compare_8d46740c472f9d36b7a04b65023ffc59_ns3000_50k_chunkmerge_20260508_192054/pipeline/quad_meshes/8d46740c472f9d36b7a04b65023ffc59_quad_chunks/outputs/chunk_000_quad_extract_work/chunk_000_quad_repaired_cf.txt
  output       : /root/SemanPartMesh/compare_8d46740c472f9d36b7a04b65023ffc59_ns3000_50k_chunkmerge_20260508_192054/pipeline/quad_meshes/8d46740c472f9d36b7a04b65023ffc59_quad_chunks/outputs/chunk_000_quad_extract_work/chunk_000_quad_gs100.obj
  gradient_size: 100.0  timeout: 3600s

  RESULT [valid] n_quads=8993 AD_mean=5.569deg JR_min=0.2056 SJ_mean=0.9862

[Auto Sweep] Trying gradient_size=120.0
  binary       : /root/SemanPartMesh/quad_extract/build/extract_quad_mesh
  input mesh   : /root/SemanPartMesh/compare_8d46740c472f9d36b7a04b65023ffc59_ns3000_50k_chunkmerge_20260508_192054/pipeline/quad_meshes/8d46740c472f9d36b7a04b65023ffc59_quad_chunks/outputs/chunk_000_quad_extract_work/chunk_000_quad_repaired.obj
  cross field  : /root/SemanPartMesh/compare_8d46740c472f9d36b7a04b65023ffc59_ns3000_50k_chunkmerge_20260508_192054/pipeline/quad_meshes/8d46740c472f9d36b7a04b65023ffc59_quad_chunks/outputs/chunk_000_quad_extract_work/chunk_000_quad_repaired_cf.txt
  output       : /root/SemanPartMesh/compare_8d46740c472f9d36b7a04b65023ffc59_ns3000_50k_chunkmerge_20260508_192054/pipeline/quad_meshes/8d46740c472f9d36b7a04b65023ffc59_quad_chunks/outputs/chunk_000_quad_extract_work/chunk_000_quad_gs120.obj
  gradient_size: 120.0  timeout: 3600s

  RESULT [valid] n_quads=12923 AD_mean=6.145deg JR_min=0.2205 SJ_mean=0.9864

[Auto Sweep] Best candidate selected
  gradient_size: 120.0
  n_quads      : 12923
  AD_mean_deg  : 6.145
  JR_min       : 0.2205
  saved output : /root/SemanPartMesh/compare_8d46740c472f9d36b7a04b65023ffc59_ns3000_50k_chunkmerge_20260508_192054/pipeline/quad_meshes/8d46740c472f9d36b7a04b65023ffc59_quad_chunks/outputs/chunk_000_quad.obj
  saved summary: /root/SemanPartMesh/compare_8d46740c472f9d36b7a04b65023ffc59_ns3000_50k_chunkmerge_20260508_192054/pipeline/quad_meshes/8d46740c472f9d36b7a04b65023ffc59_quad_chunks/outputs/chunk_000_quad_extract_work/chunk_000_quad_sweep_summary.json
SUCCESS (Tier 0) -> /root/SemanPartMesh/compare_8d46740c472f9d36b7a04b65023ffc59_ns3000_50k_chunkmerge_20260508_192054/pipeline/quad_meshes/8d46740c472f9d36b7a04b65023ffc59_quad_chunks/outputs/chunk_000_quad.obj
  intermediates kept: /root/SemanPartMesh/compare_8d46740c472f9d36b7a04b65023ffc59_ns3000_50k_chunkmerge_20260508_192054/pipeline/quad_meshes/8d46740c472f9d36b7a04b65023ffc59_quad_chunks/outputs/chunk_000_quad_extract_work
[1/4] Loading mesh: /root/SemanPartMesh/compare_8d46740c472f9d36b7a04b65023ffc59_ns3000_50k_chunkmerge_20260508_192054/pipeline/quad_meshes/8d46740c472f9d36b7a04b65023ffc59_quad_chunks/outputs/chunk_001_quad_extract_work/chunk_001_quad_repaired.obj
       V=7309 F=14618
[2/4] Loading cross field: /root/SemanPartMesh/compare_8d46740c472f9d36b7a04b65023ffc59_ns3000_50k_chunkmerge_20260508_192054/pipeline/quad_meshes/8d46740c472f9d36b7a04b65023ffc59_quad_chunks/outputs/chunk_001_quad_extract_work/chunk_001_quad_repaired_cf.txt
       cross field rows=14618
[3/4] Running MIQ parameterization (gradient_size=40, stiffness=5, iters=5)...

 INITIALIZED SPARSE MATRIX OF 15910d x 15910d 

 INITIALIZED SPARSE MATRIX OF 1586d x 16204d 

 INITIALIZED VECTOR OF 15910d x 1 

 INITIALIZED VECTOR OF 1586d x 1 
Initital dimension: 16204 x 16204, number of constraints: 1586, number of integer variables: 484, use reordering: yes
make_constraints_independent took 0.012820999999999999 s.
Constraint integration took 0.051822 s.
Constraint elimination took 0.023540999999999999 s.
Reindexing took 0.00048099999999999998 s.
eliminate_constraints took 0.076007999999999992 s.
Eliminated dimension: 14618 x 14618
#nonzeros: 188455
integer variables #: 190
continuous variables #: 14428
initial full solution
final full solution
 *** Statistics of MiSo Solver ***
Number of LOCAL iterations  = 92
Number of CG    iterations  = 92
Number of FULL  iterations  = 90
Number of ROUNDING          = 190
solve_multiple_rounding took 24.123395000000002 s.
solve took 24.123524 s.
restore_eliminated_vars took 0.0020739999999999999 s.
solve took 24.215844000000001 s.
Maximum Distorsion 40.1549 
Maximum Laplacian 72.8399 
ITERATION 0 FLIPS 88 

 INITIALIZED SPARSE MATRIX OF 15910d x 15910d 

 INITIALIZED SPARSE MATRIX OF 1586d x 16204d 

 INITIALIZED VECTOR OF 15910d x 1 

 INITIALIZED VECTOR OF 1586d x 1 
Initital dimension: 16204 x 16204, number of constraints: 1586, number of integer variables: 484, use reordering: yes
make_constraints_independent took 0.0097920000000000004 s.
Constraint integration took 0.047863000000000003 s.
Constraint elimination took 0.021446 s.
Reindexing took 0.00046600000000000005 s.
eliminate_constraints took 0.069909000000000013 s.
Eliminated dimension: 14618 x 14618
#nonzeros: 188487
integer variables #: 190
continuous variables #: 14428
initial full solution
final full solution
 *** Statistics of MiSo Solver ***
Number of LOCAL iterations  = 86
Number of CG    iterations  = 86
Number of FULL  iterations  = 86
Number of ROUNDING          = 190
solve_multiple_rounding took 22.666081999999999 s.
solve took 22.66621 s.
restore_eliminated_vars took 0.002147 s.
solve took 22.749187000000003 s.
Maximum Distorsion 7.2184 
Maximum Laplacian 13.4544 
ITERATION 1 FLIPS 79 

 INITIALIZED SPARSE MATRIX OF 15910d x 15910d 

 INITIALIZED SPARSE MATRIX OF 1586d x 16204d 

 INITIALIZED VECTOR OF 15910d x 1 

 INITIALIZED VECTOR OF 1586d x 1 
Initital dimension: 16204 x 16204, number of constraints: 1586, number of integer variables: 484, use reordering: yes
make_constraints_independent took 0.0096780000000000008 s.
Constraint integration took 0.046979 s.
Constraint elimination took 0.020992 s.
Reindexing took 0.00047600000000000002 s.
eliminate_constraints took 0.068566000000000002 s.
Eliminated dimension: 14618 x 14618
#nonzeros: 188807
integer variables #: 190
continuous variables #: 14428
initial full solution
final full solution
 *** Statistics of MiSo Solver ***
Number of LOCAL iterations  = 90
Number of CG    iterations  = 90
Number of FULL  iterations  = 92
Number of ROUNDING          = 190
solve_multiple_rounding took 23.947830999999997 s.
solve took 23.947962 s.
restore_eliminated_vars took 0.0021590000000000003 s.
solve took 24.029743 s.
Maximum Distorsion 6.5899 
Maximum Laplacian 13.9666 
ITERATION 2 FLIPS 76 

 INITIALIZED SPARSE MATRIX OF 15910d x 15910d 

 INITIALIZED SPARSE MATRIX OF 1586d x 16204d 

 INITIALIZED VECTOR OF 15910d x 1 

 INITIALIZED VECTOR OF 1586d x 1 
Initital dimension: 16204 x 16204, number of constraints: 1586, number of integer variables: 484, use reordering: yes
make_constraints_independent took 0.0098149999999999991 s.
Constraint integration took 0.047750000000000001 s.
Constraint elimination took 0.021391999999999998 s.
Reindexing took 0.00048299999999999998 s.
eliminate_constraints took 0.069773000000000002 s.
Eliminated dimension: 14618 x 14618
#nonzeros: 188511
integer variables #: 190
continuous variables #: 14428
initial full solution
final full solution
 *** Statistics of MiSo Solver ***
Number of LOCAL iterations  = 93
Number of CG    iterations  = 93
Number of FULL  iterations  = 95
Number of ROUNDING          = 190
solve_multiple_rounding took 24.941875 s.
solve took 24.941987000000001 s.
restore_eliminated_vars took 0.0020070000000000001 s.
solve took 25.024780999999997 s.
Maximum Distorsion 24.8361 
Maximum Laplacian 46.9908 
ITERATION 3 FLIPS 86 

 INITIALIZED SPARSE MATRIX OF 15910d x 15910d 

 INITIALIZED SPARSE MATRIX OF 1586d x 16204d 

 INITIALIZED VECTOR OF 15910d x 1 

 INITIALIZED VECTOR OF 1586d x 1 
Initital dimension: 16204 x 16204, number of constraints: 1586, number of integer variables: 484, use reordering: yes
make_constraints_independent took 0.0097310000000000001 s.
Constraint integration took 0.047411999999999996 s.
Constraint elimination took 0.021073000000000001 s.
Reindexing took 0.000464 s.
eliminate_constraints took 0.069077 s.
Eliminated dimension: 14618 x 14618
#nonzeros: 188208
integer variables #: 190
continuous variables #: 14428
initial full solution
final full solution
 *** Statistics of MiSo Solver ***
Number of LOCAL iterations  = 89
Number of CG    iterations  = 89
Number of FULL  iterations  = 91
Number of ROUNDING          = 190
solve_multiple_rounding took 23.814491999999998 s.
solve took 23.814634999999999 s.
restore_eliminated_vars took 0.002101 s.
solve took 23.896725 s.
Maximum Distorsion 25.6915 
Maximum Laplacian 49.6253 
ITERATION 4 FLIPS 91 
**** END OPTIMIZING #FLIPS 91  ****
       UV=7955 FUV=14618
[4/4] Extracting quad mesh with libQEx...
WARNING: Subsequence length was 6 out of 6
Entire sequence:  1509 1507 1503 1511 366 1131
Subsequence: [0, 6)
First check recognized non-manifold, second one didn't!
First check recognized non-manifold, second one didn't!
First check recognized non-manifold, second one didn't!
First check recognized non-manifold, second one didn't!
create_faces: Skipping. Reason: Non-boundary vertex.
create_faces: Skipping. Reason: Non-boundary vertex.
create_faces: Skipping. Reason: Non-boundary vertex.
PolyMeshT::add_face: patch re-linking failed
[41mcreate_face() failed. Most probable reason: Non-manifold face not filtered out.[0m
Failing face vertices were: 1507, 1509, 1139, 728
PolyMeshT::add_face: patch re-linking failed
[41mcreate_face() failed. Most probable reason: Non-manifold face not filtered out.[0m
Failing face vertices were: 1238, 1133, 1509, 1131
Skipped 1 non-quad faces.
       Quad vertices=1479 Quad faces=1472
Output saved to: /root/SemanPartMesh/compare_8d46740c472f9d36b7a04b65023ffc59_ns3000_50k_chunkmerge_20260508_192054/pipeline/quad_meshes/8d46740c472f9d36b7a04b65023ffc59_quad_chunks/outputs/chunk_001_quad_extract_work/chunk_001_quad_gs40.obj

 Closed: Fri May 08 20:12:42 2026

[1/4] Loading mesh: /root/SemanPartMesh/compare_8d46740c472f9d36b7a04b65023ffc59_ns3000_50k_chunkmerge_20260508_192054/pipeline/quad_meshes/8d46740c472f9d36b7a04b65023ffc59_quad_chunks/outputs/chunk_001_quad_extract_work/chunk_001_quad_repaired.obj
       V=7309 F=14618
[2/4] Loading cross field: /root/SemanPartMesh/compare_8d46740c472f9d36b7a04b65023ffc59_ns3000_50k_chunkmerge_20260508_192054/pipeline/quad_meshes/8d46740c472f9d36b7a04b65023ffc59_quad_chunks/outputs/chunk_001_quad_extract_work/chunk_001_quad_repaired_cf.txt
       cross field rows=14618
[3/4] Running MIQ parameterization (gradient_size=60, stiffness=5, iters=5)...

 INITIALIZED SPARSE MATRIX OF 15910d x 15910d 

 INITIALIZED SPARSE MATRIX OF 1586d x 16204d 

 INITIALIZED VECTOR OF 15910d x 1 

 INITIALIZED VECTOR OF 1586d x 1 
Initital dimension: 16204 x 16204, number of constraints: 1586, number of integer variables: 484, use reordering: yes
make_constraints_independent took 0.010970000000000027 s.
Constraint integration took 0.052135000000000001 s.
Constraint elimination took 0.023942000000000001 s.
Reindexing took 0.000464 s.
eliminate_constraints took 0.076696 s.
Eliminated dimension: 14618 x 14618
#nonzeros: 188455
integer variables #: 190
continuous variables #: 14428
initial full solution
final full solution
 *** Statistics of MiSo Solver ***
Number of LOCAL iterations  = 87
Number of CG    iterations  = 87
Number of FULL  iterations  = 87
Number of ROUNDING          = 190
solve_multiple_rounding took 23.244171999999999 s.
solve took 23.244293000000003 s.
restore_eliminated_vars took 0.0020200000000000001 s.
solve took 23.335437000000002 s.
Maximum Distorsion 6.4359 
Maximum Laplacian 11.8847 
ITERATION 0 FLIPS 58 

 INITIALIZED SPARSE MATRIX OF 15910d x 15910d 

 INITIALIZED SPARSE MATRIX OF 1586d x 16204d 

 INITIALIZED VECTOR OF 15910d x 1 

 INITIALIZED VECTOR OF 1586d x 1 
Initital dimension: 16204 x 16204, number of constraints: 1586, number of integer variables: 484, use reordering: yes
make_constraints_independent took 0.0099640000000000006 s.
Constraint integration took 0.048146000000000001 s.
Constraint elimination took 0.021939 s.
Reindexing took 0.000473 s.
eliminate_constraints took 0.070690000000000003 s.
Eliminated dimension: 14618 x 14618
#nonzeros: 188330
integer variables #: 190
continuous variables #: 14428
initial full solution
final full solution
 *** Statistics of MiSo Solver ***
Number of LOCAL iterations  = 93
Number of CG    iterations  = 93
Number of FULL  iterations  = 93
Number of ROUNDING          = 190
solve_multiple_rounding took 25.653787000000001 s.
solve took 25.653924 s.
restore_eliminated_vars took 0.0020890000000000001 s.
solve took 25.738099999999999 s.
Maximum Distorsion 17.5796 
Maximum Laplacian 32.8160 
ITERATION 1 FLIPS 48 

 INITIALIZED SPARSE MATRIX OF 15910d x 15910d 

 INITIALIZED SPARSE MATRIX OF 1586d x 16204d 

 INITIALIZED VECTOR OF 15910d x 1 

 INITIALIZED VECTOR OF 1586d x 1 
Initital dimension: 16204 x 16204, number of constraints: 1586, number of integer variables: 484, use reordering: yes
make_constraints_independent took 0.0097940000000000006 s.
Constraint integration took 0.048426000000000004 s.
Constraint elimination took 0.024257000000000001 s.
Reindexing took 0.00047700000000000005 s.
eliminate_constraints took 0.073335000000000011 s.
Eliminated dimension: 14618 x 14618
#nonzeros: 188396
integer variables #: 190
continuous variables #: 14428
initial full solution
final full solution
 *** Statistics of MiSo Solver ***
Number of LOCAL iterations  = 93
Number of CG    iterations  = 93
Number of FULL  iterations  = 95
Number of ROUNDING          = 190
solve_multiple_rounding took 25.150286000000001 s.
solve took 25.150418000000002 s.
restore_eliminated_vars took 0.0020209999999999998 s.
solve took 25.236973000000003 s.
Maximum Distorsion 7.9183 
Maximum Laplacian 11.9263 
ITERATION 2 FLIPS 62 

 INITIALIZED SPARSE MATRIX OF 15910d x 15910d 

 INITIALIZED SPARSE MATRIX OF 1586d x 16204d 

 INITIALIZED VECTOR OF 15910d x 1 

 INITIALIZED VECTOR OF 1586d x 1 
Initital dimension: 16204 x 16204, number of constraints: 1586, number of integer variables: 484, use reordering: yes
make_constraints_independent took 0.011365 s.
Constraint integration took 0.051375999999999998 s.
Constraint elimination took 0.021106000000000003 s.
Reindexing took 0.00047900000000000004 s.
eliminate_constraints took 0.073130000000000001 s.
Eliminated dimension: 14618 x 14618
#nonzeros: 188467
integer variables #: 190
continuous variables #: 14428
initial full solution
final full solution
 *** Statistics of MiSo Solver ***
Number of LOCAL iterations  = 89
Number of CG    iterations  = 89
Number of FULL  iterations  = 89
Number of ROUNDING          = 190
solve_multiple_rounding took 23.866461999999999 s.
solve took 23.866600999999999 s.
restore_eliminated_vars took 0.0020240000000000002 s.
solve took 23.954312999999999 s.
Maximum Distorsion 17.8309 
Maximum Laplacian 33.6518 
ITERATION 3 FLIPS 49 

 INITIALIZED SPARSE MATRIX OF 15910d x 15910d 

 INITIALIZED SPARSE MATRIX OF 1586d x 16204d 

 INITIALIZED VECTOR OF 15910d x 1 

 INITIALIZED VECTOR OF 1586d x 1 
Initital dimension: 16204 x 16204, number of constraints: 1586, number of integer variables: 484, use reordering: yes
make_constraints_independent took 0.009953 s.
Constraint integration took 0.047826 s.
Constraint elimination took 0.024437999999999998 s.
Reindexing took 0.00049200000000000003 s.
eliminate_constraints took 0.072915000000000008 s.
Eliminated dimension: 14618 x 14618
#nonzeros: 188437
integer variables #: 190
continuous variables #: 14428
initial full solution
final full solution
 *** Statistics of MiSo Solver ***
Number of LOCAL iterations  = 86
Number of CG    iterations  = 86
Number of FULL  iterations  = 87
Number of ROUNDING          = 190
solve_multiple_rounding took 23.143961999999998 s.
solve took 23.144099999999998 s.
restore_eliminated_vars took 0.0020209999999999998 s.
solve took 23.230211000000001 s.
Maximum Distorsion 40.3280 
Maximum Laplacian 79.4609 
ITERATION 4 FLIPS 56 
**** END OPTIMIZING #FLIPS 56  ****
       UV=7955 FUV=14618
[4/4] Extracting quad mesh with libQEx...
[1;41mWarning: find_path didn't find the point where the path leaves a triangle in step 0.
*********** DEBUG OUTPUT START ***********[0m
triangle-path intersection: 0
Segment 1: Segment_2(Point_2(-20, 0), Point_2(-20.5803, 0.502561)),
Segment 2: Segment_2(Point_2(-21, 0), Point_2(-20.5803, 0.502561)),
Path: Segment_2(Point_2(-19, 0), Point_2(-18, 0))
Here's Tikz output for you so you can debug it more easily. You're welcome.
\draw[black,->,>=latex] (-20, 0) -- (-20.5803, 0.502561);
\draw[black,->,>=latex] (-21, 0) -- (-20.5803, 0.502561);
\draw[black,->,>=latex] (-19, 0) -- (-18, 0);
Debug info:
vis{0,1,2} = 0, 0, 0
is1, is2 = 0, 0
uv{0,1,2} = Point_2(-20, 0), Point_2(-20.5803, 0.502561), Point_2(-21, 0)
path = Point_2(-19, 0) -> Point_2(-18, 0)
orient2d(uv0, uv2, path[0]) = 0
orient2d(uv0, uv2, path[1]) = 0
tri_ori = 1
[1;41m*********** DEBUG OUTPUT END ***********[0m
[1;41mWarning: find_path didn't find the point where the path leaves a triangle in step 0.
*********** DEBUG OUTPUT START ***********[0m
triangle-path intersection: 0
Segment 1: Segment_2(Point_2(-19, 0), Point_2(-19.4946, 0.589292)),
Segment 2: Segment_2(Point_2(-20, 0), Point_2(-19.4946, 0.589292)),
Path: Segment_2(Point_2(-21, 0), Point_2(-22, 0))
Here's Tikz output for you so you can debug it more easily. You're welcome.
\draw[black,->,>=latex] (-19, 0) -- (-19.4946, 0.589292);
\draw[black,->,>=latex] (-20, 0) -- (-19.4946, 0.589292);
\draw[black,->,>=latex] (-21, 0) -- (-22, 0);
Debug info:
vis{0,1,2} = 0, 0, 0
is1, is2 = 0, 0
uv{0,1,2} = Point_2(-19, 0), Point_2(-19.4946, 0.589292), Point_2(-20, 0)
path = Point_2(-21, 0) -> Point_2(-22, 0)
orient2d(uv0, uv2, path[0]) = 0
orient2d(uv0, uv2, path[1]) = 0
tri_ori = 1
[1;41m*********** DEBUG OUTPUT END ***********[0m
       Quad vertices=3157 Quad faces=3152
Output saved to: /root/SemanPartMesh/compare_8d46740c472f9d36b7a04b65023ffc59_ns3000_50k_chunkmerge_20260508_192054/pipeline/quad_meshes/8d46740c472f9d36b7a04b65023ffc59_quad_chunks/outputs/chunk_001_quad_extract_work/chunk_001_quad_gs60.obj

 Closed: Fri May 08 20:14:45 2026

[1/4] Loading mesh: /root/SemanPartMesh/compare_8d46740c472f9d36b7a04b65023ffc59_ns3000_50k_chunkmerge_20260508_192054/pipeline/quad_meshes/8d46740c472f9d36b7a04b65023ffc59_quad_chunks/outputs/chunk_001_quad_extract_work/chunk_001_quad_repaired.obj
       V=7309 F=14618
[2/4] Loading cross field: /root/SemanPartMesh/compare_8d46740c472f9d36b7a04b65023ffc59_ns3000_50k_chunkmerge_20260508_192054/pipeline/quad_meshes/8d46740c472f9d36b7a04b65023ffc59_quad_chunks/outputs/chunk_001_quad_extract_work/chunk_001_quad_repaired_cf.txt
       cross field rows=14618
[3/4] Running MIQ parameterization (gradient_size=80, stiffness=5, iters=5)...

 INITIALIZED SPARSE MATRIX OF 15910d x 15910d 

 INITIALIZED SPARSE MATRIX OF 1586d x 16204d 

 INITIALIZED VECTOR OF 15910d x 1 

 INITIALIZED VECTOR OF 1586d x 1 
Initital dimension: 16204 x 16204, number of constraints: 1586, number of integer variables: 484, use reordering: yes
make_constraints_independent took 0.010718999999999999 s.
Constraint integration took 0.049273999999999998 s.
Constraint elimination took 0.023702000000000001 s.
Reindexing took 0.00048699999999999997 s.
eliminate_constraints took 0.073635999999999993 s.
Eliminated dimension: 14618 x 14618
#nonzeros: 188455
integer variables #: 190
continuous variables #: 14428
initial full solution
final full solution
 *** Statistics of MiSo Solver ***
Number of LOCAL iterations  = 89
Number of CG    iterations  = 89
Number of FULL  iterations  = 88
Number of ROUNDING          = 190
solve_multiple_rounding took 23.344211999999999 s.
solve took 23.344345000000001 s.
restore_eliminated_vars took 0.0019850000000000002 s.
solve took 23.432126 s.
Maximum Distorsion 30.3774 
Maximum Laplacian 55.6990 
ITERATION 0 FLIPS 40 

 INITIALIZED SPARSE MATRIX OF 15910d x 15910d 

 INITIALIZED SPARSE MATRIX OF 1586d x 16204d 

 INITIALIZED VECTOR OF 15910d x 1 

 INITIALIZED VECTOR OF 1586d x 1 
Initital dimension: 16204 x 16204, number of constraints: 1586, number of integer variables: 484, use reordering: yes
make_constraints_independent took 0.0096989999999999993 s.
Constraint integration took 0.046119999999999994 s.
Constraint elimination took 0.021350000000000001 s.
Reindexing took 0.00045900000000000004 s.
eliminate_constraints took 0.068073999999999996 s.
Eliminated dimension: 14618 x 14618
#nonzeros: 188256
integer variables #: 190
continuous variables #: 14428
initial full solution
final full solution
 *** Statistics of MiSo Solver ***
Number of LOCAL iterations  = 82
Number of CG    iterations  = 82
Number of FULL  iterations  = 83
Number of ROUNDING          = 190
solve_multiple_rounding took 21.776636999999997 s.
solve took 21.776769000000002 s.
restore_eliminated_vars took 0.0019819999999999998 s.
solve took 21.857710000000001 s.
Maximum Distorsion 6.1819 
Maximum Laplacian 12.1064 
ITERATION 1 FLIPS 32 

 INITIALIZED SPARSE MATRIX OF 15910d x 15910d 

 INITIALIZED SPARSE MATRIX OF 1586d x 16204d 

 INITIALIZED VECTOR OF 15910d x 1 

 INITIALIZED VECTOR OF 1586d x 1 
Initital dimension: 16204 x 16204, number of constraints: 1586, number of integer variables: 484, use reordering: yes
make_constraints_independent took 0.0097669999999999996 s.
Constraint integration took 0.04768 s.
Constraint elimination took 0.021156999999999999 s.
Reindexing took 0.00053400000000000008 s.
eliminate_constraints took 0.069528000000000006 s.
Eliminated dimension: 14618 x 14618
#nonzeros: 188789
integer variables #: 190
continuous variables #: 14428
initial full solution
final full solution
 *** Statistics of MiSo Solver ***
Number of LOCAL iterations  = 81
Number of CG    iterations  = 81
Number of FULL  iterations  = 83
Number of ROUNDING          = 190
solve_multiple_rounding took 21.675922 s.
solve took 21.676044000000001 s.
restore_eliminated_vars took 0.0021430000000000004 s.
solve took 21.758779999999998 s.
Maximum Distorsion 6.0961 
Maximum Laplacian 11.1191 
ITERATION 2 FLIPS 42 

 INITIALIZED SPARSE MATRIX OF 15910d x 15910d 

 INITIALIZED SPARSE MATRIX OF 1586d x 16204d 

 INITIALIZED VECTOR OF 15910d x 1 

 INITIALIZED VECTOR OF 1586d x 1 
Initital dimension: 16204 x 16204, number of constraints: 1586, number of integer variables: 484, use reordering: yes
make_constraints_independent took 0.0096799999999999994 s.
Constraint integration took 0.047614000000000004 s.
Constraint elimination took 0.023711000000000003 s.
Reindexing took 0.00048899999999999996 s.
eliminate_constraints took 0.071984999999999993 s.
Eliminated dimension: 14618 x 14618
#nonzeros: 188303
integer variables #: 190
continuous variables #: 14428
initial full solution
final full solution
 *** Statistics of MiSo Solver ***
Number of LOCAL iterations  = 78
Number of CG    iterations  = 78
Number of FULL  iterations  = 80
Number of ROUNDING          = 190
solve_multiple_rounding took 20.799284 s.
solve took 20.799406999999999 s.
restore_eliminated_vars took 0.0019719999999999998 s.
solve took 20.884273 s.
Maximum Distorsion 5.2878 
Maximum Laplacian 11.0077 
ITERATION 3 FLIPS 31 

 INITIALIZED SPARSE MATRIX OF 15910d x 15910d 

 INITIALIZED SPARSE MATRIX OF 1586d x 16204d 

 INITIALIZED VECTOR OF 15910d x 1 

 INITIALIZED VECTOR OF 1586d x 1 
Initital dimension: 16204 x 16204, number of constraints: 1586, number of integer variables: 484, use reordering: yes
make_constraints_independent took 0.0097319999999999993 s.
Constraint integration took 0.047233000000000004 s.
Constraint elimination took 0.021187000000000011 s.
Reindexing took 0.00048499999999999997 s.
eliminate_constraints took 0.069063999999999959 s.
Eliminated dimension: 14618 x 14618
#nonzeros: 188338
integer variables #: 190
continuous variables #: 14428
initial full solution
final full solution
 *** Statistics of MiSo Solver ***
Number of LOCAL iterations  = 91
Number of CG    iterations  = 91
Number of FULL  iterations  = 93
Number of ROUNDING          = 190
solve_multiple_rounding took 24.464040000000001 s.
solve took 24.464172999999999 s.
restore_eliminated_vars took 0.0019650000000000002 s.
solve took 24.546169999999996 s.
Maximum Distorsion 14.1147 
Maximum Laplacian 26.5492 
ITERATION 4 FLIPS 26 
**** END OPTIMIZING #FLIPS 26  ****
       UV=7955 FUV=14618
[4/4] Extracting quad mesh with libQEx...
[1;41mWarning: find_path didn't find the point where the path leaves a triangle in step 0.
*********** DEBUG OUTPUT START ***********[0m
triangle-path intersection: 0
Segment 1: Segment_2(Point_2(33, -22), Point_2(32.2351, -22.6676)),
Segment 2: Segment_2(Point_2(33, -23), Point_2(32.2351, -22.6676)),
Path: Segment_2(Point_2(33, -21), Point_2(33, -20))
Here's Tikz output for you so you can debug it more easily. You're welcome.
\draw[black,->,>=latex] (33, -22) -- (32.2351, -22.6676);
\draw[black,->,>=latex] (33, -23) -- (32.2351, -22.6676);
\draw[black,->,>=latex] (33, -21) -- (33, -20);
Debug info:
vis{0,1,2} = 0, 0, 0
is1, is2 = 0, 0
uv{0,1,2} = Point_2(33, -22), Point_2(32.2351, -22.6676), Point_2(33, -23)
path = Point_2(33, -21) -> Point_2(33, -20)
orient2d(uv0, uv2, path[0]) = 0
orient2d(uv0, uv2, path[1]) = 0
tri_ori = 1
[1;41m*********** DEBUG OUTPUT END ***********[0m
[1;41mWarning: find_path didn't find the point where the path leaves a triangle in step 0.
*********** DEBUG OUTPUT START ***********[0m
triangle-path intersection: 0
Segment 1: Segment_2(Point_2(33, -23), Point_2(33.6109, -23.1082)),
Segment 2: Segment_2(Point_2(33, -22), Point_2(33.6109, -23.1082)),
Path: Segment_2(Point_2(33, -21), Point_2(33, -20))
Here's Tikz output for you so you can debug it more easily. You're welcome.
\draw[black,->,>=latex] (33, -23) -- (33.6109, -23.1082);
\draw[black,->,>=latex] (33, -22) -- (33.6109, -23.1082);
\draw[black,->,>=latex] (33, -21) -- (33, -20);
Debug info:
vis{0,1,2} = 0, 0, 0
is1, is2 = 0, 0
uv{0,1,2} = Point_2(33, -23), Point_2(33.6109, -23.1082), Point_2(33, -22)
path = Point_2(33, -21) -> Point_2(33, -20)
orient2d(uv0, uv2, path[0]) = 0
orient2d(uv0, uv2, path[1]) = 0
tri_ori = 1
[1;41m*********** DEBUG OUTPUT END ***********[0m
[1;41mWarning: find_path didn't find the point where the path leaves a triangle in step 0.
*********** DEBUG OUTPUT START ***********[0m
triangle-path intersection: 0
Segment 1: Segment_2(Point_2(34, -21), Point_2(33.13, -20.5282)),
Segment 2: Segment_2(Point_2(33, -21), Point_2(33.13, -20.5282)),
Path: Segment_2(Point_2(35, -21), Point_2(36, -21))
Here's Tikz output for you so you can debug it more easily. You're welcome.
\draw[black,->,>=latex] (34, -21) -- (33.13, -20.5282);
\draw[black,->,>=latex] (33, -21) -- (33.13, -20.5282);
\draw[black,->,>=latex] (35, -21) -- (36, -21);
Debug info:
vis{0,1,2} = 0, 0, 0
is1, is2 = 0, 0
uv{0,1,2} = Point_2(34, -21), Point_2(33.13, -20.5282), Point_2(33, -21)
path = Point_2(35, -21) -> Point_2(36, -21)
orient2d(uv0, uv2, path[0]) = 0
orient2d(uv0, uv2, path[1]) = 0
tri_ori = 1
[1;41m*********** DEBUG OUTPUT END ***********[0m
[1;41mWarning: find_path didn't find the point where the path leaves a triangle in step 0.
*********** DEBUG OUTPUT START ***********[0m
triangle-path intersection: 0
Segment 1: Segment_2(Point_2(33, -21), Point_2(32.0944, -21.3091)),
Segment 2: Segment_2(Point_2(33, -22), Point_2(32.0944, -21.3091)),
Path: Segment_2(Point_2(33, -23), Point_2(33, -24))
Here's Tikz output for you so you can debug it more easily. You're welcome.
\draw[black,->,>=latex] (33, -21) -- (32.0944, -21.3091);
\draw[black,->,>=latex] (33, -22) -- (32.0944, -21.3091);
\draw[black,->,>=latex] (33, -23) -- (33, -24);
Debug info:
vis{0,1,2} = 0, 0, 0
is1, is2 = 0, 0
uv{0,1,2} = Point_2(33, -21), Point_2(32.0944, -21.3091), Point_2(33, -22)
path = Point_2(33, -23) -> Point_2(33, -24)
orient2d(uv0, uv2, path[0]) = 0
orient2d(uv0, uv2, path[1]) = 0
tri_ori = 1
[1;41m*********** DEBUG OUTPUT END ***********[0m
       Quad vertices=5760 Quad faces=5755
Output saved to: /root/SemanPartMesh/compare_8d46740c472f9d36b7a04b65023ffc59_ns3000_50k_chunkmerge_20260508_192054/pipeline/quad_meshes/8d46740c472f9d36b7a04b65023ffc59_quad_chunks/outputs/chunk_001_quad_extract_work/chunk_001_quad_gs80.obj

 Closed: Fri May 08 20:16:39 2026

[1/4] Loading mesh: /root/SemanPartMesh/compare_8d46740c472f9d36b7a04b65023ffc59_ns3000_50k_chunkmerge_20260508_192054/pipeline/quad_meshes/8d46740c472f9d36b7a04b65023ffc59_quad_chunks/outputs/chunk_001_quad_extract_work/chunk_001_quad_repaired.obj
       V=7309 F=14618
[2/4] Loading cross field: /root/SemanPartMesh/compare_8d46740c472f9d36b7a04b65023ffc59_ns3000_50k_chunkmerge_20260508_192054/pipeline/quad_meshes/8d46740c472f9d36b7a04b65023ffc59_quad_chunks/outputs/chunk_001_quad_extract_work/chunk_001_quad_repaired_cf.txt
       cross field rows=14618
[3/4] Running MIQ parameterization (gradient_size=100, stiffness=5, iters=5)...

 INITIALIZED SPARSE MATRIX OF 15910d x 15910d 

 INITIALIZED SPARSE MATRIX OF 1586d x 16204d 

 INITIALIZED VECTOR OF 15910d x 1 

 INITIALIZED VECTOR OF 1586d x 1 
Initital dimension: 16204 x 16204, number of constraints: 1586, number of integer variables: 484, use reordering: yes
make_constraints_independent took 0.010967000000000001 s.
Constraint integration took 0.053387000000000004 s.
Constraint elimination took 0.024338000000000002 s.
Reindexing took 0.00048699999999999997 s.
eliminate_constraints took 0.078371999999999997 s.
Eliminated dimension: 14618 x 14618
#nonzeros: 188455
integer variables #: 190
continuous variables #: 14428
initial full solution
final full solution
 *** Statistics of MiSo Solver ***
Number of LOCAL iterations  = 98
Number of CG    iterations  = 98
Number of FULL  iterations  = 97
Number of ROUNDING          = 190
solve_multiple_rounding took 25.803031999999998 s.
solve took 25.803153999999999 s.
restore_eliminated_vars took 0.0020409999999999998 s.
solve took 25.897106999999998 s.
Maximum Distorsion 23.0666 
Maximum Laplacian 35.5568 
ITERATION 0 FLIPS 30 

 INITIALIZED SPARSE MATRIX OF 15910d x 15910d 

 INITIALIZED SPARSE MATRIX OF 1586d x 16204d 

 INITIALIZED VECTOR OF 15910d x 1 

 INITIALIZED VECTOR OF 1586d x 1 
Initital dimension: 16204 x 16204, number of constraints: 1586, number of integer variables: 484, use reordering: yes
make_constraints_independent took 0.009784000000000001 s.
Constraint integration took 0.048417000000000002 s.
Constraint elimination took 0.022850000000000002 s.
Reindexing took 0.00050000000000000001 s.
eliminate_constraints took 0.071930000000000008 s.
Eliminated dimension: 14618 x 14618
#nonzeros: 188483
integer variables #: 190
continuous variables #: 14428
initial full solution
final full solution
 *** Statistics of MiSo Solver ***
Number of LOCAL iterations  = 92
Number of CG    iterations  = 92
Number of FULL  iterations  = 93
Number of ROUNDING          = 190
solve_multiple_rounding took 24.403468 s.
solve took 24.403582 s.
restore_eliminated_vars took 0.0019780000000000002 s.
solve took 24.488469000000002 s.
Maximum Distorsion 8.7600 
Maximum Laplacian 14.5707 
ITERATION 1 FLIPS 27 

 INITIALIZED SPARSE MATRIX OF 15910d x 15910d 

 INITIALIZED SPARSE MATRIX OF 1586d x 16204d 

 INITIALIZED VECTOR OF 15910d x 1 

 INITIALIZED VECTOR OF 1586d x 1 
Initital dimension: 16204 x 16204, number of constraints: 1586, number of integer variables: 484, use reordering: yes
make_constraints_independent took 0.0097059999999999994 s.
Constraint integration took 0.048559999999999999 s.
Constraint elimination took 0.024088000000000002 s.
Reindexing took 0.00046600000000000005 s.
eliminate_constraints took 0.073263999999999996 s.
Eliminated dimension: 14618 x 14618
#nonzeros: 188257
integer variables #: 190
continuous variables #: 14428
initial full solution
final full solution
 *** Statistics of MiSo Solver ***
Number of LOCAL iterations  = 89
Number of CG    iterations  = 89
Number of FULL  iterations  = 90
Number of ROUNDING          = 190
solve_multiple_rounding took 23.743283999999999 s.
solve took 23.743411000000002 s.
restore_eliminated_vars took 0.0019619999999999998 s.
solve took 23.829668000000002 s.
Maximum Distorsion 5.2196 
Maximum Laplacian 8.9552 
ITERATION 2 FLIPS 24 

 INITIALIZED SPARSE MATRIX OF 15910d x 15910d 

 INITIALIZED SPARSE MATRIX OF 1586d x 16204d 

 INITIALIZED VECTOR OF 15910d x 1 

 INITIALIZED VECTOR OF 1586d x 1 
Initital dimension: 16204 x 16204, number of constraints: 1586, number of integer variables: 484, use reordering: yes
make_constraints_independent took 0.0099030000000000003 s.
Constraint integration took 0.045883 s.
Constraint elimination took 0.023623000000000002 s.
Reindexing took 0.000464 s.
eliminate_constraints took 0.07009 s.
Eliminated dimension: 14618 x 14618
#nonzeros: 188660
integer variables #: 190
continuous variables #: 14428
initial full solution
final full solution
 *** Statistics of MiSo Solver ***
Number of LOCAL iterations  = 88
Number of CG    iterations  = 88
Number of FULL  iterations  = 90
Number of ROUNDING          = 190
solve_multiple_rounding took 23.934459 s.
solve took 23.934578000000002 s.
restore_eliminated_vars took 0.0020009999999999997 s.
solve took 24.017890999999999 s.
Maximum Distorsion 5.2212 
Maximum Laplacian 9.1182 
ITERATION 3 FLIPS 22 

 INITIALIZED SPARSE MATRIX OF 15910d x 15910d 

 INITIALIZED SPARSE MATRIX OF 1586d x 16204d 

 INITIALIZED VECTOR OF 15910d x 1 

 INITIALIZED VECTOR OF 1586d x 1 
Initital dimension: 16204 x 16204, number of constraints: 1586, number of integer variables: 484, use reordering: yes
make_constraints_independent took 0.010374000000000001 s.
Constraint integration took 0.050273000000000005 s.
Constraint elimination took 0.023862999999999999 s.
Reindexing took 0.00048099999999999998 s.
eliminate_constraints took 0.074798000000000003 s.
Eliminated dimension: 14618 x 14618
#nonzeros: 188378
integer variables #: 190
continuous variables #: 14428
initial full solution
final full solution
 *** Statistics of MiSo Solver ***
Number of LOCAL iterations  = 85
Number of CG    iterations  = 85
Number of FULL  iterations  = 86
Number of ROUNDING          = 190
solve_multiple_rounding took 23.08212 s.
solve took 23.082236000000002 s.
restore_eliminated_vars took 0.0019880000000000002 s.
solve took 23.170857999999999 s.
Maximum Distorsion 5.1919 
Maximum Laplacian 10.4294 
ITERATION 4 FLIPS 30 
**** END OPTIMIZING #FLIPS 30  ****
       UV=7955 FUV=14618
[4/4] Extracting quad mesh with libQEx...
[1;41mWarning: find_path didn't find the point where the path leaves a triangle in step 0.
*********** DEBUG OUTPUT START ***********[0m
triangle-path intersection: 0
Segment 1: Segment_2(Point_2(-34, -1), Point_2(-34.424, 0.167995)),
Segment 2: Segment_2(Point_2(-35, -1), Point_2(-34.424, 0.167995)),
Path: Segment_2(Point_2(-33, -1), Point_2(-32, -1))
Here's Tikz output for you so you can debug it more easily. You're welcome.
\draw[black,->,>=latex] (-34, -1) -- (-34.424, 0.167995);
\draw[black,->,>=latex] (-35, -1) -- (-34.424, 0.167995);
\draw[black,->,>=latex] (-33, -1) -- (-32, -1);
Debug info:
vis{0,1,2} = 0, 0, 0
is1, is2 = 0, 0
uv{0,1,2} = Point_2(-34, -1), Point_2(-34.424, 0.167995), Point_2(-35, -1)
path = Point_2(-33, -1) -> Point_2(-32, -1)
orient2d(uv0, uv2, path[0]) = 0
orient2d(uv0, uv2, path[1]) = 0
tri_ori = 1
[1;41m*********** DEBUG OUTPUT END ***********[0m
[1;41mWarning: find_path didn't find the point where the path leaves a triangle in step 0.
*********** DEBUG OUTPUT START ***********[0m
triangle-path intersection: 0
Segment 1: Segment_2(Point_2(-33, -1), Point_2(-33.687, 0.214819)),
Segment 2: Segment_2(Point_2(-34, -1), Point_2(-33.687, 0.214819)),
Path: Segment_2(Point_2(-35, -1), Point_2(-36, -1))
Here's Tikz output for you so you can debug it more easily. You're welcome.
\draw[black,->,>=latex] (-33, -1) -- (-33.687, 0.214819);
\draw[black,->,>=latex] (-34, -1) -- (-33.687, 0.214819);
\draw[black,->,>=latex] (-35, -1) -- (-36, -1);
Debug info:
vis{0,1,2} = 0, 0, 0
is1, is2 = 0, 0
uv{0,1,2} = Point_2(-33, -1), Point_2(-33.687, 0.214819), Point_2(-34, -1)
path = Point_2(-35, -1) -> Point_2(-36, -1)
orient2d(uv0, uv2, path[0]) = 0
orient2d(uv0, uv2, path[1]) = 0
tri_ori = 1
[1;41m*********** DEBUG OUTPUT END ***********[0m
       Quad vertices=9049 Quad faces=9046
Output saved to: /root/SemanPartMesh/compare_8d46740c472f9d36b7a04b65023ffc59_ns3000_50k_chunkmerge_20260508_192054/pipeline/quad_meshes/8d46740c472f9d36b7a04b65023ffc59_quad_chunks/outputs/chunk_001_quad_extract_work/chunk_001_quad_gs100.obj

 Closed: Fri May 08 20:18:42 2026

[1/4] Loading mesh: /root/SemanPartMesh/compare_8d46740c472f9d36b7a04b65023ffc59_ns3000_50k_chunkmerge_20260508_192054/pipeline/quad_meshes/8d46740c472f9d36b7a04b65023ffc59_quad_chunks/outputs/chunk_001_quad_extract_work/chunk_001_quad_repaired.obj
       V=7309 F=14618
[2/4] Loading cross field: /root/SemanPartMesh/compare_8d46740c472f9d36b7a04b65023ffc59_ns3000_50k_chunkmerge_20260508_192054/pipeline/quad_meshes/8d46740c472f9d36b7a04b65023ffc59_quad_chunks/outputs/chunk_001_quad_extract_work/chunk_001_quad_repaired_cf.txt
       cross field rows=14618
[3/4] Running MIQ parameterization (gradient_size=120, stiffness=5, iters=5)...

 INITIALIZED SPARSE MATRIX OF 15910d x 15910d 

 INITIALIZED SPARSE MATRIX OF 1586d x 16204d 

 INITIALIZED VECTOR OF 15910d x 1 

 INITIALIZED VECTOR OF 1586d x 1 
Initital dimension: 16204 x 16204, number of constraints: 1586, number of integer variables: 484, use reordering: yes
make_constraints_independent took 0.010713 s.
Constraint integration took 0.049917999999999997 s.
Constraint elimination took 0.023903000000000001 s.
Reindexing took 0.00048799999999999999 s.
eliminate_constraints took 0.074460000000000012 s.
Eliminated dimension: 14618 x 14618
#nonzeros: 188455
integer variables #: 190
continuous variables #: 14428
initial full solution
final full solution
 *** Statistics of MiSo Solver ***
Number of LOCAL iterations  = 88
Number of CG    iterations  = 88
Number of FULL  iterations  = 89
Number of ROUNDING          = 190
solve_multiple_rounding took 23.424985 s.
solve took 23.425097999999998 s.
restore_eliminated_vars took 0.001936 s.
solve took 23.513634999999997 s.
Maximum Distorsion 15.7576 
Maximum Laplacian 28.7893 
ITERATION 0 FLIPS 32 

 INITIALIZED SPARSE MATRIX OF 15910d x 15910d 

 INITIALIZED SPARSE MATRIX OF 1586d x 16204d 

 INITIALIZED VECTOR OF 15910d x 1 

 INITIALIZED VECTOR OF 1586d x 1 
Initital dimension: 16204 x 16204, number of constraints: 1586, number of integer variables: 484, use reordering: yes
make_constraints_independent took 0.0096200000000000018 s.
Constraint integration took 0.04829 s.
Constraint elimination took 0.021667000000000002 s.
Reindexing took 0.00048099999999999998 s.
eliminate_constraints took 0.070584000000000008 s.
Eliminated dimension: 14618 x 14618
#nonzeros: 188463
integer variables #: 190
continuous variables #: 14428
initial full solution
final full solution
 *** Statistics of MiSo Solver ***
Number of LOCAL iterations  = 87
Number of CG    iterations  = 87
Number of FULL  iterations  = 88
Number of ROUNDING          = 190
solve_multiple_rounding took 23.217559000000001 s.
solve took 23.217703 s.
restore_eliminated_vars took 0.0020279999999999999 s.
solve took 23.301389 s.
Maximum Distorsion 4.6592 
Maximum Laplacian 9.3257 
ITERATION 1 FLIPS 26 

 INITIALIZED SPARSE MATRIX OF 15910d x 15910d 

 INITIALIZED SPARSE MATRIX OF 1586d x 16204d 

 INITIALIZED VECTOR OF 15910d x 1 

 INITIALIZED VECTOR OF 1586d x 1 
Initital dimension: 16204 x 16204, number of constraints: 1586, number of integer variables: 484, use reordering: yes
make_constraints_independent took 0.0097780000000000002 s.
Constraint integration took 0.050023000000000005 s.
Constraint elimination took 0.026535 s.
Reindexing took 0.00046200000000000001 s.
eliminate_constraints took 0.077163999999999996 s.
Eliminated dimension: 14618 x 14618
#nonzeros: 188475
integer variables #: 190
continuous variables #: 14428
initial full solution
final full solution
 *** Statistics of MiSo Solver ***
Number of LOCAL iterations  = 89
Number of CG    iterations  = 89
Number of FULL  iterations  = 90
Number of ROUNDING          = 190
solve_multiple_rounding took 23.602815 s.
solve took 23.602927999999999 s.
restore_eliminated_vars took 0.00214 s.
solve took 23.693251 s.
Maximum Distorsion 4.7808 
Maximum Laplacian 9.2067 
ITERATION 2 FLIPS 17 

 INITIALIZED SPARSE MATRIX OF 15910d x 15910d 

 INITIALIZED SPARSE MATRIX OF 1586d x 16204d 

 INITIALIZED VECTOR OF 15910d x 1 

 INITIALIZED VECTOR OF 1586d x 1 
Initital dimension: 16204 x 16204, number of constraints: 1586, number of integer variables: 484, use reordering: yes
make_constraints_independent took 0.0096850000000000009 s.
Constraint integration took 0.048066000000000005 s.
Constraint elimination took 0.024432000000000002 s.
Reindexing took 0.000473 s.
eliminate_constraints took 0.07312600000000001 s.
Eliminated dimension: 14618 x 14618
#nonzeros: 188454
integer variables #: 190
continuous variables #: 14428
initial full solution
final full solution
 *** Statistics of MiSo Solver ***
Number of LOCAL iterations  = 86
Number of CG    iterations  = 86
Number of FULL  iterations  = 88
Number of ROUNDING          = 190
solve_multiple_rounding took 23.023645999999999 s.
solve took 23.023776000000002 s.
restore_eliminated_vars took 0.001903 s.
solve took 23.109658 s.
Maximum Distorsion 19.4631 
Maximum Laplacian 34.3480 
ITERATION 3 FLIPS 17 

 INITIALIZED SPARSE MATRIX OF 15910d x 15910d 

 INITIALIZED SPARSE MATRIX OF 1586d x 16204d 

 INITIALIZED VECTOR OF 15910d x 1 

 INITIALIZED VECTOR OF 1586d x 1 
Initital dimension: 16204 x 16204, number of constraints: 1586, number of integer variables: 484, use reordering: yes
make_constraints_independent took 0.0096110000000000015 s.
Constraint integration took 0.047806000000000001 s.
Constraint elimination took 0.023672000000000002 s.
Reindexing took 0.00057300000000000005 s.
eliminate_constraints took 0.072214 s.
Eliminated dimension: 14618 x 14618
#nonzeros: 188438
integer variables #: 190
continuous variables #: 14428
initial full solution
final full solution
 *** Statistics of MiSo Solver ***
Number of LOCAL iterations  = 86
Number of CG    iterations  = 86
Number of FULL  iterations  = 88
Number of ROUNDING          = 190
solve_multiple_rounding took 23.379396 s.
solve took 23.379511999999998 s.
restore_eliminated_vars took 0.0019350000000000001 s.
solve took 23.464483000000001 s.
Maximum Distorsion 4.7708 
Maximum Laplacian 9.2488 
ITERATION 4 FLIPS 13 
**** END OPTIMIZING #FLIPS 13  ****
       UV=7955 FUV=14618
[4/4] Extracting quad mesh with libQEx...
       Quad vertices=13120 Quad faces=13117
Output saved to: /root/SemanPartMesh/compare_8d46740c472f9d36b7a04b65023ffc59_ns3000_50k_chunkmerge_20260508_192054/pipeline/quad_meshes/8d46740c472f9d36b7a04b65023ffc59_quad_chunks/outputs/chunk_001_quad_extract_work/chunk_001_quad_gs120.obj

 Closed: Fri May 08 20:20:41 2026


==================================================
  [Tier 0] Standard repair pipeline
==================================================
  [repair] collapsed 3 degenerate edge(s), V: 7312->7309, F: 14624->14618

[Auto Sweep]
  mesh        : /root/SemanPartMesh/compare_8d46740c472f9d36b7a04b65023ffc59_ns3000_50k_chunkmerge_20260508_192054/pipeline/quad_meshes/8d46740c472f9d36b7a04b65023ffc59_quad_chunks/outputs/chunk_001_quad_extract_work/chunk_001_quad_repaired.obj
  cross field : /root/SemanPartMesh/compare_8d46740c472f9d36b7a04b65023ffc59_ns3000_50k_chunkmerge_20260508_192054/pipeline/quad_meshes/8d46740c472f9d36b7a04b65023ffc59_quad_chunks/outputs/chunk_001_quad_extract_work/chunk_001_quad_repaired_cf.txt
  output      : /root/SemanPartMesh/compare_8d46740c472f9d36b7a04b65023ffc59_ns3000_50k_chunkmerge_20260508_192054/pipeline/quad_meshes/8d46740c472f9d36b7a04b65023ffc59_quad_chunks/outputs/chunk_001_quad.obj
  sweep_values: [40.0, 60.0, 80.0, 100.0, 120.0]
  thresholds  : min_quads=731, max_ad=15.0, min_jr=0.15

[Auto Sweep] Trying gradient_size=40.0
  binary       : /root/SemanPartMesh/quad_extract/build/extract_quad_mesh
  input mesh   : /root/SemanPartMesh/compare_8d46740c472f9d36b7a04b65023ffc59_ns3000_50k_chunkmerge_20260508_192054/pipeline/quad_meshes/8d46740c472f9d36b7a04b65023ffc59_quad_chunks/outputs/chunk_001_quad_extract_work/chunk_001_quad_repaired.obj
  cross field  : /root/SemanPartMesh/compare_8d46740c472f9d36b7a04b65023ffc59_ns3000_50k_chunkmerge_20260508_192054/pipeline/quad_meshes/8d46740c472f9d36b7a04b65023ffc59_quad_chunks/outputs/chunk_001_quad_extract_work/chunk_001_quad_repaired_cf.txt
  output       : /root/SemanPartMesh/compare_8d46740c472f9d36b7a04b65023ffc59_ns3000_50k_chunkmerge_20260508_192054/pipeline/quad_meshes/8d46740c472f9d36b7a04b65023ffc59_quad_chunks/outputs/chunk_001_quad_extract_work/chunk_001_quad_gs40.obj
  gradient_size: 40.0  timeout: 3600s

  RESULT [valid] n_quads=1472 AD_mean=7.307deg JR_min=0.1514 SJ_mean=0.9686

[Auto Sweep] Trying gradient_size=60.0
  binary       : /root/SemanPartMesh/quad_extract/build/extract_quad_mesh
  input mesh   : /root/SemanPartMesh/compare_8d46740c472f9d36b7a04b65023ffc59_ns3000_50k_chunkmerge_20260508_192054/pipeline/quad_meshes/8d46740c472f9d36b7a04b65023ffc59_quad_chunks/outputs/chunk_001_quad_extract_work/chunk_001_quad_repaired.obj
  cross field  : /root/SemanPartMesh/compare_8d46740c472f9d36b7a04b65023ffc59_ns3000_50k_chunkmerge_20260508_192054/pipeline/quad_meshes/8d46740c472f9d36b7a04b65023ffc59_quad_chunks/outputs/chunk_001_quad_extract_work/chunk_001_quad_repaired_cf.txt
  output       : /root/SemanPartMesh/compare_8d46740c472f9d36b7a04b65023ffc59_ns3000_50k_chunkmerge_20260508_192054/pipeline/quad_meshes/8d46740c472f9d36b7a04b65023ffc59_quad_chunks/outputs/chunk_001_quad_extract_work/chunk_001_quad_gs60.obj
  gradient_size: 60.0  timeout: 3600s

  RESULT [constraint-violating] n_quads=3152 AD_mean=6.367deg JR_min=0.1394 SJ_mean=0.9772

[Auto Sweep] Trying gradient_size=80.0
  binary       : /root/SemanPartMesh/quad_extract/build/extract_quad_mesh
  input mesh   : /root/SemanPartMesh/compare_8d46740c472f9d36b7a04b65023ffc59_ns3000_50k_chunkmerge_20260508_192054/pipeline/quad_meshes/8d46740c472f9d36b7a04b65023ffc59_quad_chunks/outputs/chunk_001_quad_extract_work/chunk_001_quad_repaired.obj
  cross field  : /root/SemanPartMesh/compare_8d46740c472f9d36b7a04b65023ffc59_ns3000_50k_chunkmerge_20260508_192054/pipeline/quad_meshes/8d46740c472f9d36b7a04b65023ffc59_quad_chunks/outputs/chunk_001_quad_extract_work/chunk_001_quad_repaired_cf.txt
  output       : /root/SemanPartMesh/compare_8d46740c472f9d36b7a04b65023ffc59_ns3000_50k_chunkmerge_20260508_192054/pipeline/quad_meshes/8d46740c472f9d36b7a04b65023ffc59_quad_chunks/outputs/chunk_001_quad_extract_work/chunk_001_quad_gs80.obj
  gradient_size: 80.0  timeout: 3600s

  RESULT [constraint-violating] n_quads=5755 AD_mean=5.928deg JR_min=0.1452 SJ_mean=0.9820

[Auto Sweep] Trying gradient_size=100.0
  binary       : /root/SemanPartMesh/quad_extract/build/extract_quad_mesh
  input mesh   : /root/SemanPartMesh/compare_8d46740c472f9d36b7a04b65023ffc59_ns3000_50k_chunkmerge_20260508_192054/pipeline/quad_meshes/8d46740c472f9d36b7a04b65023ffc59_quad_chunks/outputs/chunk_001_quad_extract_work/chunk_001_quad_repaired.obj
  cross field  : /root/SemanPartMesh/compare_8d46740c472f9d36b7a04b65023ffc59_ns3000_50k_chunkmerge_20260508_192054/pipeline/quad_meshes/8d46740c472f9d36b7a04b65023ffc59_quad_chunks/outputs/chunk_001_quad_extract_work/chunk_001_quad_repaired_cf.txt
  output       : /root/SemanPartMesh/compare_8d46740c472f9d36b7a04b65023ffc59_ns3000_50k_chunkmerge_20260508_192054/pipeline/quad_meshes/8d46740c472f9d36b7a04b65023ffc59_quad_chunks/outputs/chunk_001_quad_extract_work/chunk_001_quad_gs100.obj
  gradient_size: 100.0  timeout: 3600s

  RESULT [constraint-violating] n_quads=9046 AD_mean=5.712deg JR_min=0.0645 SJ_mean=0.9850

[Auto Sweep] Trying gradient_size=120.0
  binary       : /root/SemanPartMesh/quad_extract/build/extract_quad_mesh
  input mesh   : /root/SemanPartMesh/compare_8d46740c472f9d36b7a04b65023ffc59_ns3000_50k_chunkmerge_20260508_192054/pipeline/quad_meshes/8d46740c472f9d36b7a04b65023ffc59_quad_chunks/outputs/chunk_001_quad_extract_work/chunk_001_quad_repaired.obj
  cross field  : /root/SemanPartMesh/compare_8d46740c472f9d36b7a04b65023ffc59_ns3000_50k_chunkmerge_20260508_192054/pipeline/quad_meshes/8d46740c472f9d36b7a04b65023ffc59_quad_chunks/outputs/chunk_001_quad_extract_work/chunk_001_quad_repaired_cf.txt
  output       : /root/SemanPartMesh/compare_8d46740c472f9d36b7a04b65023ffc59_ns3000_50k_chunkmerge_20260508_192054/pipeline/quad_meshes/8d46740c472f9d36b7a04b65023ffc59_quad_chunks/outputs/chunk_001_quad_extract_work/chunk_001_quad_gs120.obj
  gradient_size: 120.0  timeout: 3600s

  RESULT [constraint-violating] n_quads=13117 AD_mean=5.481deg JR_min=0.1063 SJ_mean=0.9870

[Auto Sweep] Best candidate selected
  gradient_size: 40.0
  n_quads      : 1472
  AD_mean_deg  : 7.307
  JR_min       : 0.1514
  saved output : /root/SemanPartMesh/compare_8d46740c472f9d36b7a04b65023ffc59_ns3000_50k_chunkmerge_20260508_192054/pipeline/quad_meshes/8d46740c472f9d36b7a04b65023ffc59_quad_chunks/outputs/chunk_001_quad.obj
  saved summary: /root/SemanPartMesh/compare_8d46740c472f9d36b7a04b65023ffc59_ns3000_50k_chunkmerge_20260508_192054/pipeline/quad_meshes/8d46740c472f9d36b7a04b65023ffc59_quad_chunks/outputs/chunk_001_quad_extract_work/chunk_001_quad_sweep_summary.json
SUCCESS (Tier 0) -> /root/SemanPartMesh/compare_8d46740c472f9d36b7a04b65023ffc59_ns3000_50k_chunkmerge_20260508_192054/pipeline/quad_meshes/8d46740c472f9d36b7a04b65023ffc59_quad_chunks/outputs/chunk_001_quad.obj
  intermediates kept: /root/SemanPartMesh/compare_8d46740c472f9d36b7a04b65023ffc59_ns3000_50k_chunkmerge_20260508_192054/pipeline/quad_meshes/8d46740c472f9d36b7a04b65023ffc59_quad_chunks/outputs/chunk_001_quad_extract_work
Found 1 mesh(es) to process:

  - 8d46740c472f9d36b7a04b65023ffc59.obj

============================================================
  Stage 1: PartField feature extraction
============================================================
  8d46740c472f9d36b7a04b65023ffc59.obj  kept as-is  (faces=29314)

[Stage 1] PartField inference
  python : /root/.conda/envs/partfield/bin/python
  cwd    : /root/SemanPartMesh/PartField
  cmd    : /root/.conda/envs/partfield/bin/python partfield_inference.py -c /root/SemanPartMesh/PartField/configs/final/demo.yaml --opts continue_ckpt /root/SemanPartMesh/PartField/model/model_objaverse.ckpt result_name pipeline_partfield_features dataset.data_path /root/SemanPartMesh/compare_8d46740c472f9d36b7a04b65023ffc59_ns3000_50k_chunkmerge_20260508_192054/pipeline/partfield_input is_pc False preprocess_mesh False vertex_feature False n_point_per_face 1000


[Check] Verifying feature files ...
  [8d46740c472f9d36b7a04b65023ffc59] Feature shape (29314, 448) matches 29314 faces.

============================================================
  Stage 2: NeurCross training
============================================================

--- [1/1] 8d46740c472f9d36b7a04b65023ffc59 -------------

[Stage 2] NeurCross training  [8d46740c472f9d36b7a04b65023ffc59]
  python : /root/.conda/envs/neurcross/bin/python
  cwd    : /root/SemanPartMesh/NeurCross/quad_mesh
  cmd    : /root/.conda/envs/neurcross/bin/python train_quad_mesh.py --data_path /root/shared-nvme/dataset/8d46740c472f9d36b7a04b65023ffc59.obj --logdir /root/SemanPartMesh/compare_8d46740c472f9d36b7a04b65023ffc59_ns3000_50k_chunkmerge_20260508_192054/pipeline/neurcross_logs --guidance_mode feature --n_samples 3000 --n_points 5000 --num_epochs 1 --lr 5e-05 --num_workers 0 --loss_weights 7000.0 600.0 10 50.0 30 3 8000 --morse_near --part_feat_path /root/SemanPartMesh/PartField/exp_results/pipeline_partfield_features/part_feat_8d46740c472f9d36b7a04b65023ffc59_0_batch.npy --semantic_gradient_method jacobian --semantic_boundary_weight 2.0 --semantic_intra_weight 1.0 --semantic_neighbor_weight 1.0 --semantic_cross_part_gamma 0.2 --semantic_boundary_reward 0.0

[Stage 2] Training complete  ->  /root/SemanPartMesh/compare_8d46740c472f9d36b7a04b65023ffc59_ns3000_50k_chunkmerge_20260508_192054/pipeline/neurcross_logs/8d46740c472f9d36b7a04b65023ffc59

============================================================
  Stage 3: Quad mesh extraction (MIQ + libQEx)
============================================================

--- [1/1] 8d46740c472f9d36b7a04b65023ffc59 -------------
  extraction strategy: connected_components (2 chunks)
  chunk face counts  : [14690, 14624]

[Stage 3] Quad extraction
  script      : /root/SemanPartMesh/extract_quad.py
  python      : /root/.conda/envs/neurcross/bin/python
  input mesh  : /root/SemanPartMesh/compare_8d46740c472f9d36b7a04b65023ffc59_ns3000_50k_chunkmerge_20260508_192054/pipeline/quad_meshes/8d46740c472f9d36b7a04b65023ffc59_quad_chunks/inputs/chunk_000.obj
  cross field : /root/SemanPartMesh/compare_8d46740c472f9d36b7a04b65023ffc59_ns3000_50k_chunkmerge_20260508_192054/pipeline/quad_meshes/8d46740c472f9d36b7a04b65023ffc59_quad_chunks/inputs/chunk_000_crossfield.txt
  output      : /root/SemanPartMesh/compare_8d46740c472f9d36b7a04b65023ffc59_ns3000_50k_chunkmerge_20260508_192054/pipeline/quad_meshes/8d46740c472f9d36b7a04b65023ffc59_quad_chunks/outputs/chunk_000_quad.obj
  gradient_size: 80.0

  timeout     : 3600
  warning     : semantic size-field generation is disabled for pure MIQ -> libQEx extraction

  auto_sweep  : True
  retry       : True
  min_quads   : default
  max_ad      : 15.0
  min_jr      : 0.15

  cc_iters    : 0
  target_ratio: 0.0
  budget_tol  : 0.1
  cc_max_auto : 0


[Stage 3] Quad extraction
  script      : /root/SemanPartMesh/extract_quad.py
  python      : /root/.conda/envs/neurcross/bin/python
  input mesh  : /root/SemanPartMesh/compare_8d46740c472f9d36b7a04b65023ffc59_ns3000_50k_chunkmerge_20260508_192054/pipeline/quad_meshes/8d46740c472f9d36b7a04b65023ffc59_quad_chunks/inputs/chunk_001.obj
  cross field : /root/SemanPartMesh/compare_8d46740c472f9d36b7a04b65023ffc59_ns3000_50k_chunkmerge_20260508_192054/pipeline/quad_meshes/8d46740c472f9d36b7a04b65023ffc59_quad_chunks/inputs/chunk_001_crossfield.txt
  output      : /root/SemanPartMesh/compare_8d46740c472f9d36b7a04b65023ffc59_ns3000_50k_chunkmerge_20260508_192054/pipeline/quad_meshes/8d46740c472f9d36b7a04b65023ffc59_quad_chunks/outputs/chunk_001_quad.obj
  gradient_size: 80.0

  timeout     : 3600
  warning     : semantic size-field generation is disabled for pure MIQ -> libQEx extraction

  auto_sweep  : True
  retry       : True
  min_quads   : default
  max_ad      : 15.0
  min_jr      : 0.15

  cc_iters    : 0
  target_ratio: 0.0
  budget_tol  : 0.1
  cc_max_auto : 0


  chunk summary: 2/2 OK, 0 failed

[Global Chunk Sweep]
  common sweep values: [40.0, 60.0, 80.0, 100.0, 120.0]
  min_quads          : 45000
  target_quads       : 49834
  output             : /root/SemanPartMesh/compare_8d46740c472f9d36b7a04b65023ffc59_ns3000_50k_chunkmerge_20260508_192054/pipeline/quad_meshes/8d46740c472f9d36b7a04b65023ffc59_quad.obj
  merge: 2/2 chunks -> 2870 verts, 2863 quads
[Catmull-Clark] Applying 2 iteration(s) to merged_gs40.obj
  target_quads : 49834
  subdivided   : n_quads=45808 AD_mean=6.210deg JR_min=0.2783
  RESULT [valid] gs=40.0 n_quads=45808 AD_mean=6.210deg JR_min=0.2783
  merge: 2/2 chunks -> 6460 verts, 6455 quads
[Catmull-Clark] Applying 1 iteration(s) to merged_gs60.obj
  target_quads : 49834
  subdivided   : n_quads=25820 AD_mean=6.345deg JR_min=0.2823
  RESULT [constraint-violating] gs=60.0 n_quads=25820 AD_mean=6.345deg JR_min=0.2823
  merge: 2/2 chunks -> 11449 verts, 11444 quads
[Catmull-Clark] Applying 1 iteration(s) to merged_gs80.obj
  target_quads : 49834
  subdivided   : n_quads=45776 AD_mean=5.796deg JR_min=0.4251
  RESULT [valid] gs=80.0 n_quads=45776 AD_mean=5.796deg JR_min=0.4251
  merge: 2/2 chunks -> 18042 verts, 18039 quads
[Catmull-Clark] Applying 1 iteration(s) to merged_gs100.obj
  target_quads : 49834
  subdivided   : n_quads=72156 AD_mean=5.411deg JR_min=0.4470
  RESULT [valid] gs=100.0 n_quads=72156 AD_mean=5.411deg JR_min=0.4470
  merge: 2/2 chunks -> 26043 verts, 26040 quads
  RESULT [constraint-violating] gs=120.0 n_quads=26040 AD_mean=5.811deg JR_min=0.1063
[Global Chunk Sweep] Best merged candidate selected
  gradient_size: 80.0
  n_quads      : 45776
  AD_mean_deg  : 5.796
  JR_min       : 0.4251
  saved output : /root/SemanPartMesh/compare_8d46740c472f9d36b7a04b65023ffc59_ns3000_50k_chunkmerge_20260508_192054/pipeline/quad_meshes/8d46740c472f9d36b7a04b65023ffc59_quad.obj
  saved summary: /root/SemanPartMesh/compare_8d46740c472f9d36b7a04b65023ffc59_ns3000_50k_chunkmerge_20260508_192054/pipeline/quad_meshes/8d46740c472f9d36b7a04b65023ffc59_quad_chunks/merged_candidates/global_chunk_sweep_summary.json

============================================================
  Pipeline finished successfully
============================================================

Output directory: /root/SemanPartMesh/compare_8d46740c472f9d36b7a04b65023ffc59_ns3000_50k_chunkmerge_20260508_192054/pipeline

  partfield_input/        Staged mesh files for PartField
  partfield_features/     Per-face features (.npy) + PCA vis (.ply)
  neurcross_logs/         NeurCross training results
  quad_meshes/*_chunks/   Per-chunk extraction intermediates when chunking is used
  quad_meshes/*_target_patches/  Local target-patch extraction outputs when enabled
  quad_meshes/            Extracted quad meshes (.obj)

  [8d46740c472f9d36b7a04b65023ffc59]
    guidance   : feature
    features   : ../../PartField/exp_results/pipeline_partfield_features/part_feat_8d46740c472f9d36b7a04b65023ffc59_0_batch.npy
    cross field: neurcross_logs/8d46740c472f9d36b7a04b65023ffc59/save_crossField/
    extraction : connected_components (2 chunks)
    quad mesh  : quad_meshes/8d46740c472f9d36b7a04b65023ffc59_quad.obj

