[2026-04-02 00:42:48] START baseline 136561_426e584d_0000
Root        : /root/SemanPartMesh
Input dir   : /root/shared-nvme/SemanPartMesh/reconstruction_mid30_compare_20260401/baseline_inputs/136561_426e584d_0000
Output dir  : /root/shared-nvme/SemanPartMesh/reconstruction_mid30_compare_20260401/baseline_runs/136561_426e584d_0000
Python      : /root/.conda/envs/neurcross/bin/python
GPU         : 1
Meshes      : 1
Max faces   : 5000
Extract     : 1 (extract-only=0)
Quad out    : /root/shared-nvme/SemanPartMesh/reconstruction_mid30_compare_20260401/baseline_runs/136561_426e584d_0000/quad_meshes

NO_SIMPLIFY 882
>>> Running baseline NeurCross for: 136561_426e584d_0000.obj
input params: 
Namespace(batch_size=1, data_path='/root/shared-nvme/SemanPartMesh/reconstruction_mid30_compare_20260401/baseline_inputs/136561_426e584d_0000/136561_426e584d_0000.obj', decay_params=[3, 0.2, 3, 0.4, 0.001, 0], decoder_hidden_dim=256, decoder_n_hidden_layers=4, featureLine_threshold=1.0, grad_clip_norm=10.0, grid_res=256, init_type='siren', latent_size=0, load_path=None, logdir='/root/shared-nvme/SemanPartMesh/reconstruction_mid30_compare_20260401/baseline_runs/136561_426e584d_0000', loss_type='siren_wo_n_w_morse_w_theta', loss_weights=[7000.0, 600.0, 10.0, 50.0, 30.0, 3.0], lr=5e-05, model_name='model', morse_decay='linear', morse_near=True, morse_type='l1', n_points=5000, n_samples=5000, nl='sine', nonmnfld_sample_type='gaussian', num_epochs=1, output_any=False, relax_morse=0.5, seed=3627473, sphere_init_params=[1.6, 0.1], udf=False, use_morse_nonmnfld_grad=True, use_vertices=False, weight_for_morse=False)
decoder initialising with sine and siren
==========================================================================================
Layer (type:depth-idx)                   Output Shape              Param #
==========================================================================================
Decoder                                  [1, 1024, 1]              --
├─FCBlock: 1-1                           [1, 1024, 1]              --
│    └─Sequential: 2-1                   --                        --
│    │    └─Sequential: 3-1              [1, 1024, 256]            1,024
│    │    └─Sequential: 3-8              --                        (recursive)
│    │    └─Sequential: 3-3              [1, 1024, 256]            65,792
│    │    └─Sequential: 3-8              --                        (recursive)
│    │    └─Sequential: 3-5              [1, 1024, 256]            65,792
│    │    └─Sequential: 3-8              --                        (recursive)
│    │    └─Sequential: 3-7              [1, 1024, 256]            65,792
│    │    └─Sequential: 3-8              --                        (recursive)
│    │    └─Sequential: 3-9              [1, 1024, 256]            65,792
│    │    └─Sequential: 3-10             [1, 1024, 1]              257
├─Identity: 1-2                          [1, 1024, 1]              --
==========================================================================================
Total params: 264,449
Trainable params: 264,449
Non-trainable params: 0
Total mult-adds (M): 0.26
==========================================================================================
Input size (MB): 0.01
Forward/backward pass size (MB): 10.49
Params size (MB): 1.06
Estimated Total Size (MB): 11.56
==========================================================================================
Number of parameters in the current model:4374082
n_iterations:  5000
Weights: [7000.0, 600.0, 10.0, 50.0, 30.0, 3.0], lr=5.000e-05
Epoch: 0 [   0/5000 (0%)] Loss: 697.17651 = L_Mnfld: 643.13033 + L_NonMnfld: 0.54497 + L_Eknl: 34.81355 + L_Morse: 3.91992 + L_thetaHessian: 14.36481 + L_thetaNeighbor: 0.40296
Epoch: 0 [   0/5000 (0%)] Unweighted L_s : L_Mnfld: 0.09188 + L_NonMnfld: 0.00091 + L_Eknl: 0.69627 + L_Morse: 1.30664 + L_thetaHessian: 1.43648 + L_thetaNeighbor: 0.01343

Weights: [7000.0, 600.0, 10.0, 50.0, 30.0, 3.0], lr=5.000e-05
Epoch: 0 [  10/5000 (0%)] Loss: 181.17509 = L_Mnfld: 122.79277 + L_NonMnfld: 8.36937 + L_Eknl: 35.46109 + L_Morse: 3.89816 + L_thetaHessian: 10.58081 + L_thetaNeighbor: 0.07289
Epoch: 0 [  10/5000 (0%)] Unweighted L_s : L_Mnfld: 0.01754 + L_NonMnfld: 0.01395 + L_Eknl: 0.70922 + L_Morse: 1.29939 + L_thetaHessian: 1.05808 + L_thetaNeighbor: 0.00243

Weights: [7000.0, 600.0, 10.0, 50.0, 30.0, 3.0], lr=5.000e-05
Epoch: 0 [  20/5000 (0%)] Loss: 99.69588 = L_Mnfld: 52.30379 + L_NonMnfld: 1.97794 + L_Eknl: 33.72562 + L_Morse: 4.08875 + L_thetaHessian: 7.56767 + L_thetaNeighbor: 0.03212
Epoch: 0 [  20/5000 (0%)] Unweighted L_s : L_Mnfld: 0.00747 + L_NonMnfld: 0.00330 + L_Eknl: 0.67451 + L_Morse: 1.36292 + L_thetaHessian: 0.75677 + L_thetaNeighbor: 0.00107

Weights: [7000.0, 600.0, 10.0, 50.0, 30.0, 3.0], lr=5.000e-05
Epoch: 0 [  30/5000 (1%)] Loss: 89.63947 = L_Mnfld: 46.27588 + L_NonMnfld: 0.78415 + L_Eknl: 32.44866 + L_Morse: 3.42638 + L_thetaHessian: 6.72124 + L_thetaNeighbor: -0.01684
Epoch: 0 [  30/5000 (1%)] Unweighted L_s : L_Mnfld: 0.00661 + L_NonMnfld: 0.00131 + L_Eknl: 0.64897 + L_Morse: 1.14213 + L_thetaHessian: 0.67212 + L_thetaNeighbor: -0.00056

Weights: [7000.0, 600.0, 10.0, 50.0, 30.0, 3.0], lr=5.000e-05
Epoch: 0 [  40/5000 (1%)] Loss: 72.38443 = L_Mnfld: 32.97189 + L_NonMnfld: 0.36868 + L_Eknl: 30.48966 + L_Morse: 2.96696 + L_thetaHessian: 5.62239 + L_thetaNeighbor: -0.03514
Epoch: 0 [  40/5000 (1%)] Unweighted L_s : L_Mnfld: 0.00471 + L_NonMnfld: 0.00061 + L_Eknl: 0.60979 + L_Morse: 0.98899 + L_thetaHessian: 0.56224 + L_thetaNeighbor: -0.00117

Weights: [7000.0, 600.0, 10.0, 50.0, 30.0, 3.0], lr=5.000e-05
Epoch: 0 [  50/5000 (1%)] Loss: 87.76198 = L_Mnfld: 50.45932 + L_NonMnfld: 0.51550 + L_Eknl: 28.27803 + L_Morse: 2.88058 + L_thetaHessian: 5.66521 + L_thetaNeighbor: -0.03668
Epoch: 0 [  50/5000 (1%)] Unweighted L_s : L_Mnfld: 0.00721 + L_NonMnfld: 0.00086 + L_Eknl: 0.56556 + L_Morse: 0.96019 + L_thetaHessian: 0.56652 + L_thetaNeighbor: -0.00122

Weights: [7000.0, 600.0, 10.0, 50.0, 30.0, 3.0], lr=5.000e-05
Epoch: 0 [  60/5000 (1%)] Loss: 81.28628 = L_Mnfld: 46.83482 + L_NonMnfld: 0.14620 + L_Eknl: 26.34435 + L_Morse: 2.67742 + L_thetaHessian: 5.32665 + L_thetaNeighbor: -0.04317
Epoch: 0 [  60/5000 (1%)] Unweighted L_s : L_Mnfld: 0.00669 + L_NonMnfld: 0.00024 + L_Eknl: 0.52689 + L_Morse: 0.89247 + L_thetaHessian: 0.53266 + L_thetaNeighbor: -0.00144

Weights: [7000.0, 600.0, 10.0, 50.0, 30.0, 3.0], lr=5.000e-05
Epoch: 0 [  70/5000 (1%)] Loss: 65.54795 = L_Mnfld: 32.33279 + L_NonMnfld: 0.36042 + L_Eknl: 25.63394 + L_Morse: 2.42509 + L_thetaHessian: 4.83958 + L_thetaNeighbor: -0.04388
Epoch: 0 [  70/5000 (1%)] Unweighted L_s : L_Mnfld: 0.00462 + L_NonMnfld: 0.00060 + L_Eknl: 0.51268 + L_Morse: 0.80836 + L_thetaHessian: 0.48396 + L_thetaNeighbor: -0.00146

Weights: [7000.0, 600.0, 10.0, 50.0, 30.0, 3.0], lr=5.000e-05
Epoch: 0 [  80/5000 (2%)] Loss: 60.76507 = L_Mnfld: 29.67982 + L_NonMnfld: 0.15920 + L_Eknl: 23.86735 + L_Morse: 2.39929 + L_thetaHessian: 4.71649 + L_thetaNeighbor: -0.05709
Epoch: 0 [  80/5000 (2%)] Unweighted L_s : L_Mnfld: 0.00424 + L_NonMnfld: 0.00027 + L_Eknl: 0.47735 + L_Morse: 0.79976 + L_thetaHessian: 0.47165 + L_thetaNeighbor: -0.00190

Weights: [7000.0, 600.0, 10.0, 50.0, 30.0, 3.0], lr=5.000e-05
Epoch: 0 [  90/5000 (2%)] Loss: 60.14344 = L_Mnfld: 30.99208 + L_NonMnfld: 0.19929 + L_Eknl: 22.01559 + L_Morse: 2.39287 + L_thetaHessian: 4.59844 + L_thetaNeighbor: -0.05483
Epoch: 0 [  90/5000 (2%)] Unweighted L_s : L_Mnfld: 0.00443 + L_NonMnfld: 0.00033 + L_Eknl: 0.44031 + L_Morse: 0.79762 + L_thetaHessian: 0.45984 + L_thetaNeighbor: -0.00183

Weights: [7000.0, 600.0, 10.0, 50.0, 30.0, 3.0], lr=5.000e-05
Epoch: 0 [ 100/5000 (2%)] Loss: 55.19348 = L_Mnfld: 28.52751 + L_NonMnfld: 0.06580 + L_Eknl: 20.32741 + L_Morse: 2.31971 + L_thetaHessian: 4.01684 + L_thetaNeighbor: -0.06380
Epoch: 0 [ 100/5000 (2%)] Unweighted L_s : L_Mnfld: 0.00408 + L_NonMnfld: 0.00011 + L_Eknl: 0.40655 + L_Morse: 0.77324 + L_thetaHessian: 0.40168 + L_thetaNeighbor: -0.00213

Weights: [7000.0, 600.0, 10.0, 50.0, 30.0, 3.0], lr=5.000e-05
Epoch: 0 [ 110/5000 (2%)] Loss: 49.27779 = L_Mnfld: 23.38431 + L_NonMnfld: 0.13547 + L_Eknl: 19.87198 + L_Morse: 2.25014 + L_thetaHessian: 3.70116 + L_thetaNeighbor: -0.06528
Epoch: 0 [ 110/5000 (2%)] Unweighted L_s : L_Mnfld: 0.00334 + L_NonMnfld: 0.00023 + L_Eknl: 0.39744 + L_Morse: 0.75005 + L_thetaHessian: 0.37012 + L_thetaNeighbor: -0.00218

Weights: [7000.0, 600.0, 10.0, 50.0, 30.0, 3.0], lr=5.000e-05
Epoch: 0 [ 120/5000 (2%)] Loss: 44.59610 = L_Mnfld: 20.24537 + L_NonMnfld: 0.08033 + L_Eknl: 18.49134 + L_Morse: 2.20094 + L_thetaHessian: 3.63821 + L_thetaNeighbor: -0.06010
Epoch: 0 [ 120/5000 (2%)] Unweighted L_s : L_Mnfld: 0.00289 + L_NonMnfld: 0.00013 + L_Eknl: 0.36983 + L_Morse: 0.73365 + L_thetaHessian: 0.36382 + L_thetaNeighbor: -0.00200

Weights: [7000.0, 600.0, 10.0, 50.0, 30.0, 3.0], lr=5.000e-05
Epoch: 0 [ 130/5000 (3%)] Loss: 45.22066 = L_Mnfld: 21.69804 + L_NonMnfld: 0.11126 + L_Eknl: 17.87830 + L_Morse: 2.14285 + L_thetaHessian: 3.45528 + L_thetaNeighbor: -0.06507
Epoch: 0 [ 130/5000 (3%)] Unweighted L_s : L_Mnfld: 0.00310 + L_NonMnfld: 0.00019 + L_Eknl: 0.35757 + L_Morse: 0.71428 + L_thetaHessian: 0.34553 + L_thetaNeighbor: -0.00217

Weights: [7000.0, 600.0, 10.0, 50.0, 30.0, 3.0], lr=5.000e-05
Epoch: 0 [ 140/5000 (3%)] Loss: 43.92477 = L_Mnfld: 21.37084 + L_NonMnfld: 0.07347 + L_Eknl: 16.96897 + L_Morse: 2.13257 + L_thetaHessian: 3.44893 + L_thetaNeighbor: -0.07002
Epoch: 0 [ 140/5000 (3%)] Unweighted L_s : L_Mnfld: 0.00305 + L_NonMnfld: 0.00012 + L_Eknl: 0.33938 + L_Morse: 0.71086 + L_thetaHessian: 0.34489 + L_thetaNeighbor: -0.00233

Weights: [7000.0, 600.0, 10.0, 50.0, 30.0, 3.0], lr=5.000e-05
Epoch: 0 [ 150/5000 (3%)] Loss: 42.86341 = L_Mnfld: 21.30837 + L_NonMnfld: 0.08959 + L_Eknl: 16.08193 + L_Morse: 2.11765 + L_thetaHessian: 3.33242 + L_thetaNeighbor: -0.06656
Epoch: 0 [ 150/5000 (3%)] Unweighted L_s : L_Mnfld: 0.00304 + L_NonMnfld: 0.00015 + L_Eknl: 0.32164 + L_Morse: 0.70588 + L_thetaHessian: 0.33324 + L_thetaNeighbor: -0.00222

Weights: [7000.0, 600.0, 10.0, 50.0, 30.0, 3.0], lr=5.000e-05
Epoch: 0 [ 160/5000 (3%)] Loss: 41.02070 = L_Mnfld: 20.54128 + L_NonMnfld: 0.04901 + L_Eknl: 14.88702 + L_Morse: 2.11770 + L_thetaHessian: 3.49282 + L_thetaNeighbor: -0.06713
Epoch: 0 [ 160/5000 (3%)] Unweighted L_s : L_Mnfld: 0.00293 + L_NonMnfld: 0.00008 + L_Eknl: 0.29774 + L_Morse: 0.70590 + L_thetaHessian: 0.34928 + L_thetaNeighbor: -0.00224

Weights: [7000.0, 600.0, 10.0, 50.0, 30.0, 3.0], lr=5.000e-05
Epoch: 0 [ 170/5000 (3%)] Loss: 39.51383 = L_Mnfld: 19.76035 + L_NonMnfld: 0.07912 + L_Eknl: 14.18134 + L_Morse: 2.10708 + L_thetaHessian: 3.45344 + L_thetaNeighbor: -0.06750
Epoch: 0 [ 170/5000 (3%)] Unweighted L_s : L_Mnfld: 0.00282 + L_NonMnfld: 0.00013 + L_Eknl: 0.28363 + L_Morse: 0.70236 + L_thetaHessian: 0.34534 + L_thetaNeighbor: -0.00225

Weights: [7000.0, 600.0, 10.0, 50.0, 30.0, 3.0], lr=5.000e-05
Epoch: 0 [ 180/5000 (4%)] Loss: 39.43489 = L_Mnfld: 19.92238 + L_NonMnfld: 0.04307 + L_Eknl: 13.83787 + L_Morse: 2.12114 + L_thetaHessian: 3.57542 + L_thetaNeighbor: -0.06500
Epoch: 0 [ 180/5000 (4%)] Unweighted L_s : L_Mnfld: 0.00285 + L_NonMnfld: 0.00007 + L_Eknl: 0.27676 + L_Morse: 0.70705 + L_thetaHessian: 0.35754 + L_thetaNeighbor: -0.00217

Weights: [7000.0, 600.0, 10.0, 50.0, 30.0, 3.0], lr=5.000e-05
Epoch: 0 [ 190/5000 (4%)] Loss: 38.39705 = L_Mnfld: 19.41680 + L_NonMnfld: 0.08252 + L_Eknl: 13.31664 + L_Morse: 2.09769 + L_thetaHessian: 3.55316 + L_thetaNeighbor: -0.06975
Epoch: 0 [ 190/5000 (4%)] Unweighted L_s : L_Mnfld: 0.00277 + L_NonMnfld: 0.00014 + L_Eknl: 0.26633 + L_Morse: 0.69923 + L_thetaHessian: 0.35532 + L_thetaNeighbor: -0.00233

Weights: [7000.0, 600.0, 10.0, 50.0, 30.0, 3.0], lr=5.000e-05
Epoch: 0 [ 200/5000 (4%)] Loss: 36.89698 = L_Mnfld: 19.09731 + L_NonMnfld: 0.05262 + L_Eknl: 12.35803 + L_Morse: 2.01636 + L_thetaHessian: 3.43694 + L_thetaNeighbor: -0.06428
Epoch: 0 [ 200/5000 (4%)] Unweighted L_s : L_Mnfld: 0.00273 + L_NonMnfld: 0.00009 + L_Eknl: 0.24716 + L_Morse: 0.67212 + L_thetaHessian: 0.34369 + L_thetaNeighbor: -0.00214

Weights: [7000.0, 600.0, 10.0, 50.0, 30.0, 3.0], lr=5.000e-05
Epoch: 0 [ 210/5000 (4%)] Loss: 36.89282 = L_Mnfld: 19.41162 + L_NonMnfld: 0.05628 + L_Eknl: 12.10828 + L_Morse: 2.01475 + L_thetaHessian: 3.37027 + L_thetaNeighbor: -0.06839
Epoch: 0 [ 210/5000 (4%)] Unweighted L_s : L_Mnfld: 0.00277 + L_NonMnfld: 0.00009 + L_Eknl: 0.24217 + L_Morse: 0.67158 + L_thetaHessian: 0.33703 + L_thetaNeighbor: -0.00228

Weights: [7000.0, 600.0, 10.0, 50.0, 30.0, 3.0], lr=5.000e-05
Epoch: 0 [ 220/5000 (4%)] Loss: 35.17956 = L_Mnfld: 18.52988 + L_NonMnfld: 0.04441 + L_Eknl: 11.25099 + L_Morse: 1.97673 + L_thetaHessian: 3.44660 + L_thetaNeighbor: -0.06906
Epoch: 0 [ 220/5000 (4%)] Unweighted L_s : L_Mnfld: 0.00265 + L_NonMnfld: 0.00007 + L_Eknl: 0.22502 + L_Morse: 0.65891 + L_thetaHessian: 0.34466 + L_thetaNeighbor: -0.00230

Weights: [7000.0, 600.0, 10.0, 50.0, 30.0, 3.0], lr=5.000e-05
Epoch: 0 [ 230/5000 (5%)] Loss: 34.67984 = L_Mnfld: 17.93439 + L_NonMnfld: 0.06880 + L_Eknl: 11.30323 + L_Morse: 1.93910 + L_thetaHessian: 3.49876 + L_thetaNeighbor: -0.06443
Epoch: 0 [ 230/5000 (5%)] Unweighted L_s : L_Mnfld: 0.00256 + L_NonMnfld: 0.00011 + L_Eknl: 0.22606 + L_Morse: 0.64637 + L_thetaHessian: 0.34988 + L_thetaNeighbor: -0.00215

Weights: [7000.0, 600.0, 10.0, 50.0, 30.0, 3.0], lr=5.000e-05
Epoch: 0 [ 240/5000 (5%)] Loss: 35.37858 = L_Mnfld: 19.34475 + L_NonMnfld: 0.04496 + L_Eknl: 10.52485 + L_Morse: 1.94391 + L_thetaHessian: 3.58616 + L_thetaNeighbor: -0.06605
Epoch: 0 [ 240/5000 (5%)] Unweighted L_s : L_Mnfld: 0.00276 + L_NonMnfld: 0.00007 + L_Eknl: 0.21050 + L_Morse: 0.64797 + L_thetaHessian: 0.35862 + L_thetaNeighbor: -0.00220

Weights: [7000.0, 600.0, 10.0, 50.0, 30.0, 3.0], lr=5.000e-05
Epoch: 0 [ 250/5000 (5%)] Loss: 33.40926 = L_Mnfld: 17.54173 + L_NonMnfld: 0.06346 + L_Eknl: 10.60110 + L_Morse: 1.90091 + L_thetaHessian: 3.36691 + L_thetaNeighbor: -0.06485
Epoch: 0 [ 250/5000 (5%)] Unweighted L_s : L_Mnfld: 0.00251 + L_NonMnfld: 0.00011 + L_Eknl: 0.21202 + L_Morse: 0.63364 + L_thetaHessian: 0.33669 + L_thetaNeighbor: -0.00216

Weights: [7000.0, 600.0, 10.0, 50.0, 30.0, 3.0], lr=5.000e-05
Epoch: 0 [ 260/5000 (5%)] Loss: 32.29969 = L_Mnfld: 17.17914 + L_NonMnfld: 0.03951 + L_Eknl: 9.88215 + L_Morse: 1.85539 + L_thetaHessian: 3.40772 + L_thetaNeighbor: -0.06422
Epoch: 0 [ 260/5000 (5%)] Unweighted L_s : L_Mnfld: 0.00245 + L_NonMnfld: 0.00007 + L_Eknl: 0.19764 + L_Morse: 0.61846 + L_thetaHessian: 0.34077 + L_thetaNeighbor: -0.00214

Weights: [7000.0, 600.0, 10.0, 50.0, 30.0, 3.0], lr=5.000e-05
Epoch: 0 [ 270/5000 (5%)] Loss: 32.25558 = L_Mnfld: 17.13156 + L_NonMnfld: 0.07427 + L_Eknl: 9.92060 + L_Morse: 1.81933 + L_thetaHessian: 3.37643 + L_thetaNeighbor: -0.06662
Epoch: 0 [ 270/5000 (5%)] Unweighted L_s : L_Mnfld: 0.00245 + L_NonMnfld: 0.00012 + L_Eknl: 0.19841 + L_Morse: 0.60644 + L_thetaHessian: 0.33764 + L_thetaNeighbor: -0.00222

Weights: [7000.0, 600.0, 10.0, 50.0, 30.0, 3.0], lr=5.000e-05
Epoch: 0 [ 280/5000 (6%)] Loss: 30.55235 = L_Mnfld: 16.29774 + L_NonMnfld: 0.04538 + L_Eknl: 9.28116 + L_Morse: 1.76735 + L_thetaHessian: 3.22600 + L_thetaNeighbor: -0.06528
Epoch: 0 [ 280/5000 (6%)] Unweighted L_s : L_Mnfld: 0.00233 + L_NonMnfld: 0.00008 + L_Eknl: 0.18562 + L_Morse: 0.58912 + L_thetaHessian: 0.32260 + L_thetaNeighbor: -0.00218

Weights: [7000.0, 600.0, 10.0, 50.0, 30.0, 3.0], lr=5.000e-05
Epoch: 0 [ 290/5000 (6%)] Loss: 30.45149 = L_Mnfld: 16.65269 + L_NonMnfld: 0.06000 + L_Eknl: 8.92121 + L_Morse: 1.71104 + L_thetaHessian: 3.16684 + L_thetaNeighbor: -0.06029
Epoch: 0 [ 290/5000 (6%)] Unweighted L_s : L_Mnfld: 0.00238 + L_NonMnfld: 0.00010 + L_Eknl: 0.17842 + L_Morse: 0.57035 + L_thetaHessian: 0.31668 + L_thetaNeighbor: -0.00201

Weights: [7000.0, 600.0, 10.0, 50.0, 30.0, 3.0], lr=5.000e-05
Epoch: 0 [ 300/5000 (6%)] Loss: 30.61944 = L_Mnfld: 16.38827 + L_NonMnfld: 0.04299 + L_Eknl: 9.33992 + L_Morse: 1.68985 + L_thetaHessian: 3.22472 + L_thetaNeighbor: -0.06630
Epoch: 0 [ 300/5000 (6%)] Unweighted L_s : L_Mnfld: 0.00234 + L_NonMnfld: 0.00007 + L_Eknl: 0.18680 + L_Morse: 0.56328 + L_thetaHessian: 0.32247 + L_thetaNeighbor: -0.00221

Weights: [7000.0, 600.0, 10.0, 50.0, 30.0, 3.0], lr=5.000e-05
Epoch: 0 [ 310/5000 (6%)] Loss: 29.62885 = L_Mnfld: 16.05219 + L_NonMnfld: 0.08426 + L_Eknl: 8.88757 + L_Morse: 1.65298 + L_thetaHessian: 3.01437 + L_thetaNeighbor: -0.06251
Epoch: 0 [ 310/5000 (6%)] Unweighted L_s : L_Mnfld: 0.00229 + L_NonMnfld: 0.00014 + L_Eknl: 0.17775 + L_Morse: 0.55099 + L_thetaHessian: 0.30144 + L_thetaNeighbor: -0.00208

Weights: [7000.0, 600.0, 10.0, 50.0, 30.0, 3.0], lr=5.000e-05
Epoch: 0 [ 320/5000 (6%)] Loss: 30.48667 = L_Mnfld: 17.00655 + L_NonMnfld: 0.04356 + L_Eknl: 8.82796 + L_Morse: 1.61835 + L_thetaHessian: 3.05379 + L_thetaNeighbor: -0.06353
Epoch: 0 [ 320/5000 (6%)] Unweighted L_s : L_Mnfld: 0.00243 + L_NonMnfld: 0.00007 + L_Eknl: 0.17656 + L_Morse: 0.53945 + L_thetaHessian: 0.30538 + L_thetaNeighbor: -0.00212

Weights: [7000.0, 600.0, 10.0, 50.0, 30.0, 3.0], lr=5.000e-05
Epoch: 0 [ 330/5000 (7%)] Loss: 29.69135 = L_Mnfld: 16.25119 + L_NonMnfld: 0.08398 + L_Eknl: 8.77964 + L_Morse: 1.56382 + L_thetaHessian: 3.07935 + L_thetaNeighbor: -0.06664
Epoch: 0 [ 330/5000 (7%)] Unweighted L_s : L_Mnfld: 0.00232 + L_NonMnfld: 0.00014 + L_Eknl: 0.17559 + L_Morse: 0.52127 + L_thetaHessian: 0.30793 + L_thetaNeighbor: -0.00222

Weights: [7000.0, 600.0, 10.0, 50.0, 30.0, 3.0], lr=5.000e-05
Epoch: 0 [ 340/5000 (7%)] Loss: 29.90825 = L_Mnfld: 16.45739 + L_NonMnfld: 0.04351 + L_Eknl: 8.93311 + L_Morse: 1.57956 + L_thetaHessian: 2.96051 + L_thetaNeighbor: -0.06584
Epoch: 0 [ 340/5000 (7%)] Unweighted L_s : L_Mnfld: 0.00235 + L_NonMnfld: 0.00007 + L_Eknl: 0.17866 + L_Morse: 0.52652 + L_thetaHessian: 0.29605 + L_thetaNeighbor: -0.00219

Weights: [7000.0, 600.0, 10.0, 50.0, 30.0, 3.0], lr=5.000e-05
Epoch: 0 [ 350/5000 (7%)] Loss: 29.43022 = L_Mnfld: 16.21772 + L_NonMnfld: 0.04073 + L_Eknl: 8.71953 + L_Morse: 1.54348 + L_thetaHessian: 2.97627 + L_thetaNeighbor: -0.06751
Epoch: 0 [ 350/5000 (7%)] Unweighted L_s : L_Mnfld: 0.00232 + L_NonMnfld: 0.00007 + L_Eknl: 0.17439 + L_Morse: 0.51449 + L_thetaHessian: 0.29763 + L_thetaNeighbor: -0.00225

Weights: [7000.0, 600.0, 10.0, 50.0, 30.0, 3.0], lr=5.000e-05
Epoch: 0 [ 360/5000 (7%)] Loss: 30.68950 = L_Mnfld: 17.66151 + L_NonMnfld: 0.04693 + L_Eknl: 8.28829 + L_Morse: 1.52358 + L_thetaHessian: 3.22855 + L_thetaNeighbor: -0.05937
Epoch: 0 [ 360/5000 (7%)] Unweighted L_s : L_Mnfld: 0.00252 + L_NonMnfld: 0.00008 + L_Eknl: 0.16577 + L_Morse: 0.50786 + L_thetaHessian: 0.32286 + L_thetaNeighbor: -0.00198

Weights: [7000.0, 600.0, 10.0, 50.0, 30.0, 3.0], lr=5.000e-05
Epoch: 0 [ 370/5000 (7%)] Loss: 28.12646 = L_Mnfld: 14.97289 + L_NonMnfld: 0.05660 + L_Eknl: 8.63860 + L_Morse: 1.47268 + L_thetaHessian: 3.05179 + L_thetaNeighbor: -0.06611
Epoch: 0 [ 370/5000 (7%)] Unweighted L_s : L_Mnfld: 0.00214 + L_NonMnfld: 0.00009 + L_Eknl: 0.17277 + L_Morse: 0.49089 + L_thetaHessian: 0.30518 + L_thetaNeighbor: -0.00220

Weights: [7000.0, 600.0, 10.0, 50.0, 30.0, 3.0], lr=5.000e-05
Epoch: 0 [ 380/5000 (8%)] Loss: 28.20265 = L_Mnfld: 15.37376 + L_NonMnfld: 0.03284 + L_Eknl: 8.21316 + L_Morse: 1.50201 + L_thetaHessian: 3.14943 + L_thetaNeighbor: -0.06855
Epoch: 0 [ 380/5000 (8%)] Unweighted L_s : L_Mnfld: 0.00220 + L_NonMnfld: 0.00005 + L_Eknl: 0.16426 + L_Morse: 0.50067 + L_thetaHessian: 0.31494 + L_thetaNeighbor: -0.00229

Weights: [7000.0, 600.0, 10.0, 50.0, 30.0, 3.0], lr=5.000e-05
Epoch: 0 [ 390/5000 (8%)] Loss: 28.27095 = L_Mnfld: 15.67035 + L_NonMnfld: 0.05480 + L_Eknl: 8.25298 + L_Morse: 1.44837 + L_thetaHessian: 2.91387 + L_thetaNeighbor: -0.06942
Epoch: 0 [ 390/5000 (8%)] Unweighted L_s : L_Mnfld: 0.00224 + L_NonMnfld: 0.00009 + L_Eknl: 0.16506 + L_Morse: 0.48279 + L_thetaHessian: 0.29139 + L_thetaNeighbor: -0.00231

Weights: [7000.0, 600.0, 10.0, 50.0, 30.0, 3.0], lr=5.000e-05
Epoch: 0 [ 400/5000 (8%)] Loss: 27.34673 = L_Mnfld: 15.03117 + L_NonMnfld: 0.05767 + L_Eknl: 8.00746 + L_Morse: 1.43885 + L_thetaHessian: 2.87957 + L_thetaNeighbor: -0.06799
Epoch: 0 [ 400/5000 (8%)] Unweighted L_s : L_Mnfld: 0.00215 + L_NonMnfld: 0.00010 + L_Eknl: 0.16015 + L_Morse: 0.47962 + L_thetaHessian: 0.28796 + L_thetaNeighbor: -0.00227

Weights: [7000.0, 600.0, 10.0, 50.0, 30.0, 3.0], lr=5.000e-05
Epoch: 0 [ 410/5000 (8%)] Loss: 28.44220 = L_Mnfld: 16.24086 + L_NonMnfld: 0.09369 + L_Eknl: 7.76964 + L_Morse: 1.46281 + L_thetaHessian: 2.93942 + L_thetaNeighbor: -0.06422
Epoch: 0 [ 410/5000 (8%)] Unweighted L_s : L_Mnfld: 0.00232 + L_NonMnfld: 0.00016 + L_Eknl: 0.15539 + L_Morse: 0.48760 + L_thetaHessian: 0.29394 + L_thetaNeighbor: -0.00214

Weights: [7000.0, 600.0, 10.0, 50.0, 30.0, 3.0], lr=5.000e-05
Epoch: 0 [ 420/5000 (8%)] Loss: 28.19963 = L_Mnfld: 16.04218 + L_NonMnfld: 0.03909 + L_Eknl: 7.81581 + L_Morse: 1.39803 + L_thetaHessian: 2.96851 + L_thetaNeighbor: -0.06398
Epoch: 0 [ 420/5000 (8%)] Unweighted L_s : L_Mnfld: 0.00229 + L_NonMnfld: 0.00007 + L_Eknl: 0.15632 + L_Morse: 0.46601 + L_thetaHessian: 0.29685 + L_thetaNeighbor: -0.00213

Weights: [7000.0, 600.0, 10.0, 50.0, 30.0, 3.0], lr=5.000e-05
Epoch: 0 [ 430/5000 (9%)] Loss: 27.42666 = L_Mnfld: 15.40280 + L_NonMnfld: 0.05276 + L_Eknl: 7.51506 + L_Morse: 1.44084 + L_thetaHessian: 3.07985 + L_thetaNeighbor: -0.06466
Epoch: 0 [ 430/5000 (9%)] Unweighted L_s : L_Mnfld: 0.00220 + L_NonMnfld: 0.00009 + L_Eknl: 0.15030 + L_Morse: 0.48028 + L_thetaHessian: 0.30799 + L_thetaNeighbor: -0.00216

Weights: [7000.0, 600.0, 10.0, 50.0, 30.0, 3.0], lr=5.000e-05
Epoch: 0 [ 440/5000 (9%)] Loss: 28.99653 = L_Mnfld: 16.61122 + L_NonMnfld: 0.03711 + L_Eknl: 7.85006 + L_Morse: 1.41665 + L_thetaHessian: 3.15076 + L_thetaNeighbor: -0.06927
Epoch: 0 [ 440/5000 (9%)] Unweighted L_s : L_Mnfld: 0.00237 + L_NonMnfld: 0.00006 + L_Eknl: 0.15700 + L_Morse: 0.47222 + L_thetaHessian: 0.31508 + L_thetaNeighbor: -0.00231

Weights: [7000.0, 600.0, 10.0, 50.0, 30.0, 3.0], lr=5.000e-05
Epoch: 0 [ 450/5000 (9%)] Loss: 28.70440 = L_Mnfld: 16.26916 + L_NonMnfld: 0.04702 + L_Eknl: 8.00209 + L_Morse: 1.40082 + L_thetaHessian: 3.04683 + L_thetaNeighbor: -0.06152
Epoch: 0 [ 450/5000 (9%)] Unweighted L_s : L_Mnfld: 0.00232 + L_NonMnfld: 0.00008 + L_Eknl: 0.16004 + L_Morse: 0.46694 + L_thetaHessian: 0.30468 + L_thetaNeighbor: -0.00205

Weights: [7000.0, 600.0, 10.0, 50.0, 30.0, 3.0], lr=5.000e-05
Epoch: 0 [ 460/5000 (9%)] Loss: 29.90576 = L_Mnfld: 17.79187 + L_NonMnfld: 0.02952 + L_Eknl: 7.44016 + L_Morse: 1.45089 + L_thetaHessian: 3.26147 + L_thetaNeighbor: -0.06814
Epoch: 0 [ 460/5000 (9%)] Unweighted L_s : L_Mnfld: 0.00254 + L_NonMnfld: 0.00005 + L_Eknl: 0.14880 + L_Morse: 0.48363 + L_thetaHessian: 0.32615 + L_thetaNeighbor: -0.00227

Weights: [7000.0, 600.0, 10.0, 50.0, 30.0, 3.0], lr=5.000e-05
Epoch: 0 [ 470/5000 (9%)] Loss: 26.32902 = L_Mnfld: 14.53010 + L_NonMnfld: 0.13006 + L_Eknl: 7.26996 + L_Morse: 1.34035 + L_thetaHessian: 3.12792 + L_thetaNeighbor: -0.06938
Epoch: 0 [ 470/5000 (9%)] Unweighted L_s : L_Mnfld: 0.00208 + L_NonMnfld: 0.00022 + L_Eknl: 0.14540 + L_Morse: 0.44678 + L_thetaHessian: 0.31279 + L_thetaNeighbor: -0.00231

Weights: [7000.0, 600.0, 10.0, 50.0, 30.0, 3.0], lr=5.000e-05
Epoch: 0 [ 480/5000 (10%)] Loss: 27.86783 = L_Mnfld: 16.61003 + L_NonMnfld: 0.03812 + L_Eknl: 7.14007 + L_Morse: 1.33473 + L_thetaHessian: 2.81369 + L_thetaNeighbor: -0.06882
Epoch: 0 [ 480/5000 (10%)] Unweighted L_s : L_Mnfld: 0.00237 + L_NonMnfld: 0.00006 + L_Eknl: 0.14280 + L_Morse: 0.44491 + L_thetaHessian: 0.28137 + L_thetaNeighbor: -0.00229

Weights: [7000.0, 600.0, 10.0, 50.0, 30.0, 3.0], lr=5.000e-05
Epoch: 0 [ 490/5000 (10%)] Loss: 26.61657 = L_Mnfld: 15.49232 + L_NonMnfld: 0.04767 + L_Eknl: 7.08816 + L_Morse: 1.28562 + L_thetaHessian: 2.77167 + L_thetaNeighbor: -0.06888
Epoch: 0 [ 490/5000 (10%)] Unweighted L_s : L_Mnfld: 0.00221 + L_NonMnfld: 0.00008 + L_Eknl: 0.14176 + L_Morse: 0.42854 + L_thetaHessian: 0.27717 + L_thetaNeighbor: -0.00230

Weights: [7000.0, 600.0, 10.0, 50.0, 30.0, 3.0], lr=5.000e-05
Epoch: 0 [ 500/5000 (10%)] Loss: 27.48622 = L_Mnfld: 16.22173 + L_NonMnfld: 0.03149 + L_Eknl: 7.19217 + L_Morse: 1.31736 + L_thetaHessian: 2.79150 + L_thetaNeighbor: -0.06803
Epoch: 0 [ 500/5000 (10%)] Unweighted L_s : L_Mnfld: 0.00232 + L_NonMnfld: 0.00005 + L_Eknl: 0.14384 + L_Morse: 0.43912 + L_thetaHessian: 0.27915 + L_thetaNeighbor: -0.00227

Weights: [7000.0, 600.0, 10.0, 50.0, 30.0, 3.0], lr=5.000e-05
Epoch: 0 [ 510/5000 (10%)] Loss: 26.54490 = L_Mnfld: 15.00739 + L_NonMnfld: 0.09449 + L_Eknl: 7.37693 + L_Morse: 1.29564 + L_thetaHessian: 2.83696 + L_thetaNeighbor: -0.06651
Epoch: 0 [ 510/5000 (10%)] Unweighted L_s : L_Mnfld: 0.00214 + L_NonMnfld: 0.00016 + L_Eknl: 0.14754 + L_Morse: 0.43188 + L_thetaHessian: 0.28370 + L_thetaNeighbor: -0.00222

Weights: [7000.0, 600.0, 10.0, 50.0, 30.0, 3.0], lr=5.000e-05
Epoch: 0 [ 520/5000 (10%)] Loss: 27.46638 = L_Mnfld: 16.16943 + L_NonMnfld: 0.03377 + L_Eknl: 6.94947 + L_Morse: 1.32764 + L_thetaHessian: 3.05538 + L_thetaNeighbor: -0.06931
Epoch: 0 [ 520/5000 (10%)] Unweighted L_s : L_Mnfld: 0.00231 + L_NonMnfld: 0.00006 + L_Eknl: 0.13899 + L_Morse: 0.44255 + L_thetaHessian: 0.30554 + L_thetaNeighbor: -0.00231

Weights: [7000.0, 600.0, 10.0, 50.0, 30.0, 3.0], lr=5.000e-05
Epoch: 0 [ 530/5000 (11%)] Loss: 26.20873 = L_Mnfld: 14.89644 + L_NonMnfld: 0.05626 + L_Eknl: 7.09251 + L_Morse: 1.26014 + L_thetaHessian: 2.97012 + L_thetaNeighbor: -0.06674
Epoch: 0 [ 530/5000 (11%)] Unweighted L_s : L_Mnfld: 0.00213 + L_NonMnfld: 0.00009 + L_Eknl: 0.14185 + L_Morse: 0.42005 + L_thetaHessian: 0.29701 + L_thetaNeighbor: -0.00222

Weights: [7000.0, 600.0, 10.0, 50.0, 30.0, 3.0], lr=5.000e-05
Epoch: 0 [ 540/5000 (11%)] Loss: 25.34252 = L_Mnfld: 14.43224 + L_NonMnfld: 0.03590 + L_Eknl: 6.84910 + L_Morse: 1.27460 + L_thetaHessian: 2.81768 + L_thetaNeighbor: -0.06700
Epoch: 0 [ 540/5000 (11%)] Unweighted L_s : L_Mnfld: 0.00206 + L_NonMnfld: 0.00006 + L_Eknl: 0.13698 + L_Morse: 0.42487 + L_thetaHessian: 0.28177 + L_thetaNeighbor: -0.00223

Weights: [7000.0, 600.0, 10.0, 50.0, 30.0, 3.0], lr=5.000e-05
Epoch: 0 [ 550/5000 (11%)] Loss: 25.98548 = L_Mnfld: 14.81810 + L_NonMnfld: 0.04706 + L_Eknl: 7.11313 + L_Morse: 1.23309 + L_thetaHessian: 2.84189 + L_thetaNeighbor: -0.06779
Epoch: 0 [ 550/5000 (11%)] Unweighted L_s : L_Mnfld: 0.00212 + L_NonMnfld: 0.00008 + L_Eknl: 0.14226 + L_Morse: 0.41103 + L_thetaHessian: 0.28419 + L_thetaNeighbor: -0.00226

Weights: [7000.0, 600.0, 10.0, 50.0, 30.0, 3.0], lr=5.000e-05
Epoch: 0 [ 560/5000 (11%)] Loss: 25.03020 = L_Mnfld: 14.36736 + L_NonMnfld: 0.02367 + L_Eknl: 6.70271 + L_Morse: 1.26107 + L_thetaHessian: 2.74056 + L_thetaNeighbor: -0.06518
Epoch: 0 [ 560/5000 (11%)] Unweighted L_s : L_Mnfld: 0.00205 + L_NonMnfld: 0.00004 + L_Eknl: 0.13405 + L_Morse: 0.42036 + L_thetaHessian: 0.27406 + L_thetaNeighbor: -0.00217

Weights: [7000.0, 600.0, 10.0, 50.0, 30.0, 3.0], lr=5.000e-05
Epoch: 0 [ 570/5000 (11%)] Loss: 24.68075 = L_Mnfld: 13.89674 + L_NonMnfld: 0.07382 + L_Eknl: 6.79235 + L_Morse: 1.23472 + L_thetaHessian: 2.75144 + L_thetaNeighbor: -0.06833
Epoch: 0 [ 570/5000 (11%)] Unweighted L_s : L_Mnfld: 0.00199 + L_NonMnfld: 0.00012 + L_Eknl: 0.13585 + L_Morse: 0.41157 + L_thetaHessian: 0.27514 + L_thetaNeighbor: -0.00228

Weights: [7000.0, 600.0, 10.0, 50.0, 30.0, 3.0], lr=5.000e-05
Epoch: 0 [ 580/5000 (12%)] Loss: 26.49570 = L_Mnfld: 15.90826 + L_NonMnfld: 0.04514 + L_Eknl: 6.51537 + L_Morse: 1.26952 + L_thetaHessian: 2.82733 + L_thetaNeighbor: -0.06993
Epoch: 0 [ 580/5000 (12%)] Unweighted L_s : L_Mnfld: 0.00227 + L_NonMnfld: 0.00008 + L_Eknl: 0.13031 + L_Morse: 0.42317 + L_thetaHessian: 0.28273 + L_thetaNeighbor: -0.00233

Weights: [7000.0, 600.0, 10.0, 50.0, 30.0, 3.0], lr=5.000e-05
Epoch: 0 [ 590/5000 (12%)] Loss: 25.44026 = L_Mnfld: 14.64969 + L_NonMnfld: 0.05911 + L_Eknl: 6.76629 + L_Morse: 1.25657 + L_thetaHessian: 2.77396 + L_thetaNeighbor: -0.06535
Epoch: 0 [ 590/5000 (12%)] Unweighted L_s : L_Mnfld: 0.00209 + L_NonMnfld: 0.00010 + L_Eknl: 0.13533 + L_Morse: 0.41886 + L_thetaHessian: 0.27740 + L_thetaNeighbor: -0.00218

Weights: [7000.0, 600.0, 10.0, 50.0, 30.0, 3.0], lr=5.000e-05
Epoch: 0 [ 600/5000 (12%)] Loss: 23.82489 = L_Mnfld: 13.56583 + L_NonMnfld: 0.03082 + L_Eknl: 6.46633 + L_Morse: 1.18871 + L_thetaHessian: 2.64251 + L_thetaNeighbor: -0.06931
Epoch: 0 [ 600/5000 (12%)] Unweighted L_s : L_Mnfld: 0.00194 + L_NonMnfld: 0.00005 + L_Eknl: 0.12933 + L_Morse: 0.39624 + L_thetaHessian: 0.26425 + L_thetaNeighbor: -0.00231

Weights: [7000.0, 600.0, 10.0, 50.0, 30.0, 3.0], lr=5.000e-05
Epoch: 0 [ 610/5000 (12%)] Loss: 23.82984 = L_Mnfld: 13.51887 + L_NonMnfld: 0.04866 + L_Eknl: 6.72017 + L_Morse: 1.15635 + L_thetaHessian: 2.45558 + L_thetaNeighbor: -0.06978
Epoch: 0 [ 610/5000 (12%)] Unweighted L_s : L_Mnfld: 0.00193 + L_NonMnfld: 0.00008 + L_Eknl: 0.13440 + L_Morse: 0.38545 + L_thetaHessian: 0.24556 + L_thetaNeighbor: -0.00233

Weights: [7000.0, 600.0, 10.0, 50.0, 30.0, 3.0], lr=5.000e-05
Epoch: 0 [ 620/5000 (12%)] Loss: 25.40559 = L_Mnfld: 14.29322 + L_NonMnfld: 0.03774 + L_Eknl: 7.14361 + L_Morse: 1.20780 + L_thetaHessian: 2.79267 + L_thetaNeighbor: -0.06945
Epoch: 0 [ 620/5000 (12%)] Unweighted L_s : L_Mnfld: 0.00204 + L_NonMnfld: 0.00006 + L_Eknl: 0.14287 + L_Morse: 0.40260 + L_thetaHessian: 0.27927 + L_thetaNeighbor: -0.00232

Weights: [7000.0, 600.0, 10.0, 50.0, 30.0, 3.0], lr=5.000e-05
Epoch: 0 [ 630/5000 (13%)] Loss: 25.46901 = L_Mnfld: 15.01733 + L_NonMnfld: 0.05202 + L_Eknl: 6.48809 + L_Morse: 1.20481 + L_thetaHessian: 2.77463 + L_thetaNeighbor: -0.06787
Epoch: 0 [ 630/5000 (13%)] Unweighted L_s : L_Mnfld: 0.00215 + L_NonMnfld: 0.00009 + L_Eknl: 0.12976 + L_Morse: 0.40160 + L_thetaHessian: 0.27746 + L_thetaNeighbor: -0.00226

Weights: [7000.0, 600.0, 10.0, 50.0, 30.0, 3.0], lr=5.000e-05
Epoch: 0 [ 640/5000 (13%)] Loss: 24.24547 = L_Mnfld: 13.98327 + L_NonMnfld: 0.02881 + L_Eknl: 6.33665 + L_Morse: 1.23885 + L_thetaHessian: 2.72770 + L_thetaNeighbor: -0.06980
Epoch: 0 [ 640/5000 (13%)] Unweighted L_s : L_Mnfld: 0.00200 + L_NonMnfld: 0.00005 + L_Eknl: 0.12673 + L_Morse: 0.41295 + L_thetaHessian: 0.27277 + L_thetaNeighbor: -0.00233

Weights: [7000.0, 600.0, 10.0, 50.0, 30.0, 3.0], lr=5.000e-05
Epoch: 0 [ 650/5000 (13%)] Loss: 23.90110 = L_Mnfld: 13.75441 + L_NonMnfld: 0.03846 + L_Eknl: 6.26137 + L_Morse: 1.18768 + L_thetaHessian: 2.73014 + L_thetaNeighbor: -0.07097
Epoch: 0 [ 650/5000 (13%)] Unweighted L_s : L_Mnfld: 0.00196 + L_NonMnfld: 0.00006 + L_Eknl: 0.12523 + L_Morse: 0.39589 + L_thetaHessian: 0.27301 + L_thetaNeighbor: -0.00237

Weights: [7000.0, 600.0, 10.0, 50.0, 30.0, 3.0], lr=5.000e-05
Epoch: 0 [ 660/5000 (13%)] Loss: 22.77798 = L_Mnfld: 12.82259 + L_NonMnfld: 0.04032 + L_Eknl: 6.33402 + L_Morse: 1.13207 + L_thetaHessian: 2.51984 + L_thetaNeighbor: -0.07085
Epoch: 0 [ 660/5000 (13%)] Unweighted L_s : L_Mnfld: 0.00183 + L_NonMnfld: 0.00007 + L_Eknl: 0.12668 + L_Morse: 0.37736 + L_thetaHessian: 0.25198 + L_thetaNeighbor: -0.00236

Weights: [7000.0, 600.0, 10.0, 50.0, 30.0, 3.0], lr=5.000e-05
Epoch: 0 [ 670/5000 (13%)] Loss: 23.01656 = L_Mnfld: 13.17326 + L_NonMnfld: 0.04107 + L_Eknl: 6.15185 + L_Morse: 1.14117 + L_thetaHessian: 2.57891 + L_thetaNeighbor: -0.06971
Epoch: 0 [ 670/5000 (13%)] Unweighted L_s : L_Mnfld: 0.00188 + L_NonMnfld: 0.00007 + L_Eknl: 0.12304 + L_Morse: 0.38039 + L_thetaHessian: 0.25789 + L_thetaNeighbor: -0.00232

Weights: [7000.0, 600.0, 10.0, 50.0, 30.0, 3.0], lr=5.000e-05
Epoch: 0 [ 680/5000 (14%)] Loss: 24.20693 = L_Mnfld: 13.96165 + L_NonMnfld: 0.04185 + L_Eknl: 6.62838 + L_Morse: 1.11489 + L_thetaHessian: 2.52964 + L_thetaNeighbor: -0.06949
Epoch: 0 [ 680/5000 (14%)] Unweighted L_s : L_Mnfld: 0.00199 + L_NonMnfld: 0.00007 + L_Eknl: 0.13257 + L_Morse: 0.37163 + L_thetaHessian: 0.25296 + L_thetaNeighbor: -0.00232

Weights: [7000.0, 600.0, 10.0, 50.0, 30.0, 3.0], lr=5.000e-05
Epoch: 0 [ 690/5000 (14%)] Loss: 22.83638 = L_Mnfld: 12.91032 + L_NonMnfld: 0.03284 + L_Eknl: 6.39467 + L_Morse: 1.09705 + L_thetaHessian: 2.47074 + L_thetaNeighbor: -0.06925
Epoch: 0 [ 690/5000 (14%)] Unweighted L_s : L_Mnfld: 0.00184 + L_NonMnfld: 0.00005 + L_Eknl: 0.12789 + L_Morse: 0.36568 + L_thetaHessian: 0.24707 + L_thetaNeighbor: -0.00231

Weights: [7000.0, 600.0, 10.0, 50.0, 30.0, 3.0], lr=5.000e-05
Epoch: 0 [ 700/5000 (14%)] Loss: 23.26495 = L_Mnfld: 13.60345 + L_NonMnfld: 0.04147 + L_Eknl: 6.08513 + L_Morse: 1.10652 + L_thetaHessian: 2.49614 + L_thetaNeighbor: -0.06776
Epoch: 0 [ 700/5000 (14%)] Unweighted L_s : L_Mnfld: 0.00194 + L_NonMnfld: 0.00007 + L_Eknl: 0.12170 + L_Morse: 0.36884 + L_thetaHessian: 0.24961 + L_thetaNeighbor: -0.00226

Weights: [7000.0, 600.0, 10.0, 50.0, 30.0, 3.0], lr=5.000e-05
Epoch: 0 [ 710/5000 (14%)] Loss: 22.14603 = L_Mnfld: 12.36832 + L_NonMnfld: 0.04254 + L_Eknl: 6.37729 + L_Morse: 1.07190 + L_thetaHessian: 2.35579 + L_thetaNeighbor: -0.06981
Epoch: 0 [ 710/5000 (14%)] Unweighted L_s : L_Mnfld: 0.00177 + L_NonMnfld: 0.00007 + L_Eknl: 0.12755 + L_Morse: 0.35730 + L_thetaHessian: 0.23558 + L_thetaNeighbor: -0.00233

Weights: [7000.0, 600.0, 10.0, 50.0, 30.0, 3.0], lr=5.000e-05
Epoch: 0 [ 720/5000 (14%)] Loss: 20.50870 = L_Mnfld: 10.79755 + L_NonMnfld: 0.05705 + L_Eknl: 6.29813 + L_Morse: 1.05898 + L_thetaHessian: 2.36769 + L_thetaNeighbor: -0.07069
Epoch: 0 [ 720/5000 (14%)] Unweighted L_s : L_Mnfld: 0.00154 + L_NonMnfld: 0.00010 + L_Eknl: 0.12596 + L_Morse: 0.35299 + L_thetaHessian: 0.23677 + L_thetaNeighbor: -0.00236

Weights: [7000.0, 600.0, 10.0, 50.0, 30.0, 3.0], lr=5.000e-05
Epoch: 0 [ 730/5000 (15%)] Loss: 21.80445 = L_Mnfld: 12.28388 + L_NonMnfld: 0.03640 + L_Eknl: 6.32871 + L_Morse: 1.04298 + L_thetaHessian: 2.18406 + L_thetaNeighbor: -0.07159
Epoch: 0 [ 730/5000 (15%)] Unweighted L_s : L_Mnfld: 0.00175 + L_NonMnfld: 0.00006 + L_Eknl: 0.12657 + L_Morse: 0.34766 + L_thetaHessian: 0.21841 + L_thetaNeighbor: -0.00239

Weights: [7000.0, 600.0, 10.0, 50.0, 30.0, 3.0], lr=5.000e-05
Epoch: 0 [ 740/5000 (15%)] Loss: 21.88757 = L_Mnfld: 12.40158 + L_NonMnfld: 0.01907 + L_Eknl: 6.17488 + L_Morse: 1.07279 + L_thetaHessian: 2.29002 + L_thetaNeighbor: -0.07077
Epoch: 0 [ 740/5000 (15%)] Unweighted L_s : L_Mnfld: 0.00177 + L_NonMnfld: 0.00003 + L_Eknl: 0.12350 + L_Morse: 0.35760 + L_thetaHessian: 0.22900 + L_thetaNeighbor: -0.00236

Weights: [7000.0, 600.0, 10.0, 50.0, 30.0, 3.0], lr=5.000e-05
Epoch: 0 [ 750/5000 (15%)] Loss: 21.03665 = L_Mnfld: 11.70818 + L_NonMnfld: 0.03733 + L_Eknl: 6.18284 + L_Morse: 1.02167 + L_thetaHessian: 2.15746 + L_thetaNeighbor: -0.07083
Epoch: 0 [ 750/5000 (15%)] Unweighted L_s : L_Mnfld: 0.00167 + L_NonMnfld: 0.00006 + L_Eknl: 0.12366 + L_Morse: 0.34056 + L_thetaHessian: 0.21575 + L_thetaNeighbor: -0.00236

Weights: [7000.0, 600.0, 10.0, 50.0, 30.0, 3.0], lr=5.000e-05
Epoch: 0 [ 760/5000 (15%)] Loss: 22.09549 = L_Mnfld: 12.50902 + L_NonMnfld: 0.03056 + L_Eknl: 6.15916 + L_Morse: 1.08087 + L_thetaHessian: 2.38734 + L_thetaNeighbor: -0.07145
Epoch: 0 [ 760/5000 (15%)] Unweighted L_s : L_Mnfld: 0.00179 + L_NonMnfld: 0.00005 + L_Eknl: 0.12318 + L_Morse: 0.36029 + L_thetaHessian: 0.23873 + L_thetaNeighbor: -0.00238

Weights: [7000.0, 600.0, 10.0, 50.0, 30.0, 3.0], lr=5.000e-05
Epoch: 0 [ 770/5000 (15%)] Loss: 21.95746 = L_Mnfld: 12.50314 + L_NonMnfld: 0.02869 + L_Eknl: 6.03203 + L_Morse: 1.06824 + L_thetaHessian: 2.39638 + L_thetaNeighbor: -0.07103
Epoch: 0 [ 770/5000 (15%)] Unweighted L_s : L_Mnfld: 0.00179 + L_NonMnfld: 0.00005 + L_Eknl: 0.12064 + L_Morse: 0.35608 + L_thetaHessian: 0.23964 + L_thetaNeighbor: -0.00237

Weights: [7000.0, 600.0, 10.0, 50.0, 30.0, 3.0], lr=5.000e-05
Epoch: 0 [ 780/5000 (16%)] Loss: 21.79045 = L_Mnfld: 12.43290 + L_NonMnfld: 0.02647 + L_Eknl: 5.86320 + L_Morse: 1.10383 + L_thetaHessian: 2.43480 + L_thetaNeighbor: -0.07076
Epoch: 0 [ 780/5000 (16%)] Unweighted L_s : L_Mnfld: 0.00178 + L_NonMnfld: 0.00004 + L_Eknl: 0.11726 + L_Morse: 0.36794 + L_thetaHessian: 0.24348 + L_thetaNeighbor: -0.00236

Weights: [7000.0, 600.0, 10.0, 50.0, 30.0, 3.0], lr=5.000e-05
Epoch: 0 [ 790/5000 (16%)] Loss: 21.68799 = L_Mnfld: 12.21732 + L_NonMnfld: 0.05637 + L_Eknl: 6.11822 + L_Morse: 1.10483 + L_thetaHessian: 2.26207 + L_thetaNeighbor: -0.07080
Epoch: 0 [ 790/5000 (16%)] Unweighted L_s : L_Mnfld: 0.00175 + L_NonMnfld: 0.00009 + L_Eknl: 0.12236 + L_Morse: 0.36828 + L_thetaHessian: 0.22621 + L_thetaNeighbor: -0.00236

Weights: [7000.0, 600.0, 10.0, 50.0, 30.0, 3.0], lr=5.000e-05
Epoch: 0 [ 800/5000 (16%)] Loss: 20.56990 = L_Mnfld: 11.29471 + L_NonMnfld: 0.03054 + L_Eknl: 5.83218 + L_Morse: 1.07012 + L_thetaHessian: 2.40934 + L_thetaNeighbor: -0.06698
Epoch: 0 [ 800/5000 (16%)] Unweighted L_s : L_Mnfld: 0.00161 + L_NonMnfld: 0.00005 + L_Eknl: 0.11664 + L_Morse: 0.35671 + L_thetaHessian: 0.24093 + L_thetaNeighbor: -0.00223

Weights: [7000.0, 600.0, 10.0, 50.0, 30.0, 3.0], lr=5.000e-05
Epoch: 0 [ 810/5000 (16%)] Loss: 21.34779 = L_Mnfld: 12.02008 + L_NonMnfld: 0.03076 + L_Eknl: 5.95957 + L_Morse: 1.06187 + L_thetaHessian: 2.34400 + L_thetaNeighbor: -0.06848
Epoch: 0 [ 810/5000 (16%)] Unweighted L_s : L_Mnfld: 0.00172 + L_NonMnfld: 0.00005 + L_Eknl: 0.11919 + L_Morse: 0.35396 + L_thetaHessian: 0.23440 + L_thetaNeighbor: -0.00228

Weights: [7000.0, 600.0, 10.0, 50.0, 30.0, 3.0], lr=5.000e-05
Epoch: 0 [ 820/5000 (16%)] Loss: 22.27068 = L_Mnfld: 12.64496 + L_NonMnfld: 0.02015 + L_Eknl: 6.16238 + L_Morse: 1.06873 + L_thetaHessian: 2.44479 + L_thetaNeighbor: -0.07033
Epoch: 0 [ 820/5000 (16%)] Unweighted L_s : L_Mnfld: 0.00181 + L_NonMnfld: 0.00003 + L_Eknl: 0.12325 + L_Morse: 0.35624 + L_thetaHessian: 0.24448 + L_thetaNeighbor: -0.00234

Weights: [7000.0, 600.0, 10.0, 50.0, 30.0, 3.0], lr=5.000e-05
Epoch: 0 [ 830/5000 (17%)] Loss: 24.09210 = L_Mnfld: 14.35196 + L_NonMnfld: 0.03925 + L_Eknl: 6.13340 + L_Morse: 1.14046 + L_thetaHessian: 2.49404 + L_thetaNeighbor: -0.06702
Epoch: 0 [ 830/5000 (17%)] Unweighted L_s : L_Mnfld: 0.00205 + L_NonMnfld: 0.00007 + L_Eknl: 0.12267 + L_Morse: 0.38015 + L_thetaHessian: 0.24940 + L_thetaNeighbor: -0.00223

Weights: [7000.0, 600.0, 10.0, 50.0, 30.0, 3.0], lr=5.000e-05
Epoch: 0 [ 840/5000 (17%)] Loss: 23.95018 = L_Mnfld: 14.03628 + L_NonMnfld: 0.02522 + L_Eknl: 6.08018 + L_Morse: 1.19001 + L_thetaHessian: 2.68711 + L_thetaNeighbor: -0.06863
Epoch: 0 [ 840/5000 (17%)] Unweighted L_s : L_Mnfld: 0.00201 + L_NonMnfld: 0.00004 + L_Eknl: 0.12160 + L_Morse: 0.39667 + L_thetaHessian: 0.26871 + L_thetaNeighbor: -0.00229

Weights: [7000.0, 600.0, 10.0, 50.0, 30.0, 3.0], lr=5.000e-05
Epoch: 0 [ 850/5000 (17%)] Loss: 22.28776 = L_Mnfld: 12.60468 + L_NonMnfld: 0.04407 + L_Eknl: 6.07169 + L_Morse: 1.09228 + L_thetaHessian: 2.54310 + L_thetaNeighbor: -0.06806
Epoch: 0 [ 850/5000 (17%)] Unweighted L_s : L_Mnfld: 0.00180 + L_NonMnfld: 0.00007 + L_Eknl: 0.12143 + L_Morse: 0.36409 + L_thetaHessian: 0.25431 + L_thetaNeighbor: -0.00227

Weights: [7000.0, 600.0, 10.0, 50.0, 30.0, 3.0], lr=5.000e-05
Epoch: 0 [ 860/5000 (17%)] Loss: 22.05119 = L_Mnfld: 12.59219 + L_NonMnfld: 0.02759 + L_Eknl: 5.84378 + L_Morse: 1.10984 + L_thetaHessian: 2.54661 + L_thetaNeighbor: -0.06883
Epoch: 0 [ 860/5000 (17%)] Unweighted L_s : L_Mnfld: 0.00180 + L_NonMnfld: 0.00005 + L_Eknl: 0.11688 + L_Morse: 0.36995 + L_thetaHessian: 0.25466 + L_thetaNeighbor: -0.00229

Weights: [7000.0, 600.0, 10.0, 50.0, 30.0, 3.0], lr=5.000e-05
Epoch: 0 [ 870/5000 (17%)] Loss: 20.48805 = L_Mnfld: 11.34740 + L_NonMnfld: 0.04037 + L_Eknl: 5.88799 + L_Morse: 1.01871 + L_thetaHessian: 2.26422 + L_thetaNeighbor: -0.07063
Epoch: 0 [ 870/5000 (17%)] Unweighted L_s : L_Mnfld: 0.00162 + L_NonMnfld: 0.00007 + L_Eknl: 0.11776 + L_Morse: 0.33957 + L_thetaHessian: 0.22642 + L_thetaNeighbor: -0.00235

Weights: [7000.0, 600.0, 10.0, 50.0, 30.0, 3.0], lr=5.000e-05
Epoch: 0 [ 880/5000 (18%)] Loss: 20.32106 = L_Mnfld: 11.47230 + L_NonMnfld: 0.01785 + L_Eknl: 5.67764 + L_Morse: 0.99431 + L_thetaHessian: 2.22799 + L_thetaNeighbor: -0.06903
Epoch: 0 [ 880/5000 (18%)] Unweighted L_s : L_Mnfld: 0.00164 + L_NonMnfld: 0.00003 + L_Eknl: 0.11355 + L_Morse: 0.33144 + L_thetaHessian: 0.22280 + L_thetaNeighbor: -0.00230

Weights: [7000.0, 600.0, 10.0, 50.0, 30.0, 3.0], lr=5.000e-05
Epoch: 0 [ 890/5000 (18%)] Loss: 21.22989 = L_Mnfld: 12.19937 + L_NonMnfld: 0.02938 + L_Eknl: 5.87836 + L_Morse: 1.01532 + L_thetaHessian: 2.17735 + L_thetaNeighbor: -0.06989
Epoch: 0 [ 890/5000 (18%)] Unweighted L_s : L_Mnfld: 0.00174 + L_NonMnfld: 0.00005 + L_Eknl: 0.11757 + L_Morse: 0.33844 + L_thetaHessian: 0.21773 + L_thetaNeighbor: -0.00233

Weights: [7000.0, 600.0, 10.0, 50.0, 30.0, 3.0], lr=5.000e-05
Epoch: 0 [ 900/5000 (18%)] Loss: 19.97884 = L_Mnfld: 11.15912 + L_NonMnfld: 0.02705 + L_Eknl: 5.72360 + L_Morse: 1.01704 + L_thetaHessian: 2.12114 + L_thetaNeighbor: -0.06912
Epoch: 0 [ 900/5000 (18%)] Unweighted L_s : L_Mnfld: 0.00159 + L_NonMnfld: 0.00005 + L_Eknl: 0.11447 + L_Morse: 0.33901 + L_thetaHessian: 0.21211 + L_thetaNeighbor: -0.00230

Weights: [7000.0, 600.0, 10.0, 50.0, 30.0, 3.0], lr=5.000e-05
Epoch: 0 [ 910/5000 (18%)] Loss: 19.64769 = L_Mnfld: 10.91045 + L_NonMnfld: 0.05629 + L_Eknl: 5.68523 + L_Morse: 0.95971 + L_thetaHessian: 2.10285 + L_thetaNeighbor: -0.06685
Epoch: 0 [ 910/5000 (18%)] Unweighted L_s : L_Mnfld: 0.00156 + L_NonMnfld: 0.00009 + L_Eknl: 0.11370 + L_Morse: 0.31990 + L_thetaHessian: 0.21028 + L_thetaNeighbor: -0.00223

Weights: [7000.0, 600.0, 10.0, 50.0, 30.0, 3.0], lr=5.000e-05
Epoch: 0 [ 920/5000 (18%)] Loss: 19.59743 = L_Mnfld: 10.90344 + L_NonMnfld: 0.02838 + L_Eknl: 5.61304 + L_Morse: 0.97915 + L_thetaHessian: 2.14472 + L_thetaNeighbor: -0.07129
Epoch: 0 [ 920/5000 (18%)] Unweighted L_s : L_Mnfld: 0.00156 + L_NonMnfld: 0.00005 + L_Eknl: 0.11226 + L_Morse: 0.32638 + L_thetaHessian: 0.21447 + L_thetaNeighbor: -0.00238

Weights: [7000.0, 600.0, 10.0, 50.0, 30.0, 3.0], lr=5.000e-05
Epoch: 0 [ 930/5000 (19%)] Loss: 20.22130 = L_Mnfld: 11.20558 + L_NonMnfld: 0.05896 + L_Eknl: 5.94600 + L_Morse: 0.99130 + L_thetaHessian: 2.09150 + L_thetaNeighbor: -0.07204
Epoch: 0 [ 930/5000 (19%)] Unweighted L_s : L_Mnfld: 0.00160 + L_NonMnfld: 0.00010 + L_Eknl: 0.11892 + L_Morse: 0.33043 + L_thetaHessian: 0.20915 + L_thetaNeighbor: -0.00240

Weights: [7000.0, 600.0, 10.0, 50.0, 30.0, 3.0], lr=5.000e-05
Epoch: 0 [ 940/5000 (19%)] Loss: 20.27449 = L_Mnfld: 11.19729 + L_NonMnfld: 0.01969 + L_Eknl: 5.91538 + L_Morse: 1.01469 + L_thetaHessian: 2.19422 + L_thetaNeighbor: -0.06677
Epoch: 0 [ 940/5000 (19%)] Unweighted L_s : L_Mnfld: 0.00160 + L_NonMnfld: 0.00003 + L_Eknl: 0.11831 + L_Morse: 0.33823 + L_thetaHessian: 0.21942 + L_thetaNeighbor: -0.00223

Weights: [7000.0, 600.0, 10.0, 50.0, 30.0, 3.0], lr=5.000e-05
Epoch: 0 [ 950/5000 (19%)] Loss: 20.38071 = L_Mnfld: 11.42088 + L_NonMnfld: 0.02552 + L_Eknl: 5.86898 + L_Morse: 0.97844 + L_thetaHessian: 2.15540 + L_thetaNeighbor: -0.06851
Epoch: 0 [ 950/5000 (19%)] Unweighted L_s : L_Mnfld: 0.00163 + L_NonMnfld: 0.00004 + L_Eknl: 0.11738 + L_Morse: 0.32615 + L_thetaHessian: 0.21554 + L_thetaNeighbor: -0.00228

Weights: [7000.0, 600.0, 10.0, 50.0, 30.0, 3.0], lr=5.000e-05
Epoch: 0 [ 960/5000 (19%)] Loss: 18.96658 = L_Mnfld: 10.16987 + L_NonMnfld: 0.01801 + L_Eknl: 5.54293 + L_Morse: 1.01016 + L_thetaHessian: 2.29668 + L_thetaNeighbor: -0.07107
Epoch: 0 [ 960/5000 (19%)] Unweighted L_s : L_Mnfld: 0.00145 + L_NonMnfld: 0.00003 + L_Eknl: 0.11086 + L_Morse: 0.33672 + L_thetaHessian: 0.22967 + L_thetaNeighbor: -0.00237

Weights: [7000.0, 600.0, 10.0, 50.0, 30.0, 3.0], lr=5.000e-05
Epoch: 0 [ 970/5000 (19%)] Loss: 20.73821 = L_Mnfld: 11.86855 + L_NonMnfld: 0.02680 + L_Eknl: 5.58384 + L_Morse: 1.04048 + L_thetaHessian: 2.28609 + L_thetaNeighbor: -0.06754
Epoch: 0 [ 970/5000 (19%)] Unweighted L_s : L_Mnfld: 0.00170 + L_NonMnfld: 0.00004 + L_Eknl: 0.11168 + L_Morse: 0.34683 + L_thetaHessian: 0.22861 + L_thetaNeighbor: -0.00225

Weights: [7000.0, 600.0, 10.0, 50.0, 30.0, 3.0], lr=5.000e-05
Epoch: 0 [ 980/5000 (20%)] Loss: 20.95553 = L_Mnfld: 11.74314 + L_NonMnfld: 0.02055 + L_Eknl: 5.94045 + L_Morse: 1.02131 + L_thetaHessian: 2.29944 + L_thetaNeighbor: -0.06937
Epoch: 0 [ 980/5000 (20%)] Unweighted L_s : L_Mnfld: 0.00168 + L_NonMnfld: 0.00003 + L_Eknl: 0.11881 + L_Morse: 0.34044 + L_thetaHessian: 0.22994 + L_thetaNeighbor: -0.00231

Weights: [7000.0, 600.0, 10.0, 50.0, 30.0, 3.0], lr=5.000e-05
Epoch: 0 [ 990/5000 (20%)] Loss: 20.52944 = L_Mnfld: 11.91665 + L_NonMnfld: 0.03499 + L_Eknl: 5.39333 + L_Morse: 1.01411 + L_thetaHessian: 2.23973 + L_thetaNeighbor: -0.06937
Epoch: 0 [ 990/5000 (20%)] Unweighted L_s : L_Mnfld: 0.00170 + L_NonMnfld: 0.00006 + L_Eknl: 0.10787 + L_Morse: 0.33804 + L_thetaHessian: 0.22397 + L_thetaNeighbor: -0.00231

Weights: [7000.0, 600.0, 10.0, 50.0, 30.0, 3.0], lr=5.000e-05
Epoch: 0 [1000/5000 (20%)] Loss: 20.27865 = L_Mnfld: 11.67660 + L_NonMnfld: 0.02269 + L_Eknl: 5.27575 + L_Morse: 1.06649 + L_thetaHessian: 2.30627 + L_thetaNeighbor: -0.06915
Epoch: 0 [1000/5000 (20%)] Unweighted L_s : L_Mnfld: 0.00167 + L_NonMnfld: 0.00004 + L_Eknl: 0.10552 + L_Morse: 0.35550 + L_thetaHessian: 0.23063 + L_thetaNeighbor: -0.00231

Weights: [7000.0, 600.0, 10.0, 50.0, 30.0, 2.9730090000000002], lr=5.000e-05
Epoch: 0 [1010/5000 (20%)] Loss: 21.16035 = L_Mnfld: 12.43343 + L_NonMnfld: 0.03199 + L_Eknl: 5.55002 + L_Morse: 1.03573 + L_thetaHessian: 2.18042 + L_thetaNeighbor: -0.07125
Epoch: 0 [1010/5000 (20%)] Unweighted L_s : L_Mnfld: 0.00178 + L_NonMnfld: 0.00005 + L_Eknl: 0.11100 + L_Morse: 0.34838 + L_thetaHessian: 0.21804 + L_thetaNeighbor: -0.00237

Weights: [7000.0, 600.0, 10.0, 50.0, 30.0, 2.943019], lr=5.000e-05
Epoch: 0 [1020/5000 (20%)] Loss: 20.97054 = L_Mnfld: 12.10982 + L_NonMnfld: 0.02567 + L_Eknl: 5.68957 + L_Morse: 0.99019 + L_thetaHessian: 2.22445 + L_thetaNeighbor: -0.06915
Epoch: 0 [1020/5000 (20%)] Unweighted L_s : L_Mnfld: 0.00173 + L_NonMnfld: 0.00004 + L_Eknl: 0.11379 + L_Morse: 0.33645 + L_thetaHessian: 0.22245 + L_thetaNeighbor: -0.00231

Weights: [7000.0, 600.0, 10.0, 50.0, 30.0, 2.913029], lr=5.000e-05
Epoch: 0 [1030/5000 (21%)] Loss: 19.31606 = L_Mnfld: 10.99355 + L_NonMnfld: 0.03405 + L_Eknl: 5.44419 + L_Morse: 0.92637 + L_thetaHessian: 1.98703 + L_thetaNeighbor: -0.06914
Epoch: 0 [1030/5000 (21%)] Unweighted L_s : L_Mnfld: 0.00157 + L_NonMnfld: 0.00006 + L_Eknl: 0.10888 + L_Morse: 0.31801 + L_thetaHessian: 0.19870 + L_thetaNeighbor: -0.00230

Weights: [7000.0, 600.0, 10.0, 50.0, 30.0, 2.883039], lr=5.000e-05
Epoch: 0 [1040/5000 (21%)] Loss: 20.07533 = L_Mnfld: 11.53063 + L_NonMnfld: 0.02075 + L_Eknl: 5.37904 + L_Morse: 0.95059 + L_thetaHessian: 2.26240 + L_thetaNeighbor: -0.06809
Epoch: 0 [1040/5000 (21%)] Unweighted L_s : L_Mnfld: 0.00165 + L_NonMnfld: 0.00003 + L_Eknl: 0.10758 + L_Morse: 0.32972 + L_thetaHessian: 0.22624 + L_thetaNeighbor: -0.00227

Weights: [7000.0, 600.0, 10.0, 50.0, 30.0, 2.8530490000000004], lr=5.000e-05
Epoch: 0 [1050/5000 (21%)] Loss: 19.70445 = L_Mnfld: 11.19022 + L_NonMnfld: 0.04588 + L_Eknl: 5.46385 + L_Morse: 0.91954 + L_thetaHessian: 2.15497 + L_thetaNeighbor: -0.07000
Epoch: 0 [1050/5000 (21%)] Unweighted L_s : L_Mnfld: 0.00160 + L_NonMnfld: 0.00008 + L_Eknl: 0.10928 + L_Morse: 0.32230 + L_thetaHessian: 0.21550 + L_thetaNeighbor: -0.00233

Weights: [7000.0, 600.0, 10.0, 50.0, 30.0, 2.823059], lr=5.000e-05
Epoch: 0 [1060/5000 (21%)] Loss: 20.36155 = L_Mnfld: 11.74281 + L_NonMnfld: 0.02166 + L_Eknl: 5.36287 + L_Morse: 0.96605 + L_thetaHessian: 2.33797 + L_thetaNeighbor: -0.06981
Epoch: 0 [1060/5000 (21%)] Unweighted L_s : L_Mnfld: 0.00168 + L_NonMnfld: 0.00004 + L_Eknl: 0.10726 + L_Morse: 0.34220 + L_thetaHessian: 0.23380 + L_thetaNeighbor: -0.00233

Weights: [7000.0, 600.0, 10.0, 50.0, 30.0, 2.7930690000000005], lr=5.000e-05
Epoch: 0 [1070/5000 (21%)] Loss: 19.48430 = L_Mnfld: 10.79723 + L_NonMnfld: 0.02455 + L_Eknl: 5.61487 + L_Morse: 0.92368 + L_thetaHessian: 2.19618 + L_thetaNeighbor: -0.07221
Epoch: 0 [1070/5000 (21%)] Unweighted L_s : L_Mnfld: 0.00154 + L_NonMnfld: 0.00004 + L_Eknl: 0.11230 + L_Morse: 0.33070 + L_thetaHessian: 0.21962 + L_thetaNeighbor: -0.00241

Weights: [7000.0, 600.0, 10.0, 50.0, 30.0, 2.7630790000000003], lr=5.000e-05
Epoch: 0 [1080/5000 (22%)] Loss: 20.96056 = L_Mnfld: 12.09545 + L_NonMnfld: 0.02584 + L_Eknl: 5.63933 + L_Morse: 0.95761 + L_thetaHessian: 2.31134 + L_thetaNeighbor: -0.06901
Epoch: 0 [1080/5000 (22%)] Unweighted L_s : L_Mnfld: 0.00173 + L_NonMnfld: 0.00004 + L_Eknl: 0.11279 + L_Morse: 0.34657 + L_thetaHessian: 0.23113 + L_thetaNeighbor: -0.00230

Weights: [7000.0, 600.0, 10.0, 50.0, 30.0, 2.733089], lr=5.000e-05
Epoch: 0 [1090/5000 (22%)] Loss: 19.68460 = L_Mnfld: 11.37919 + L_NonMnfld: 0.02708 + L_Eknl: 5.30465 + L_Morse: 0.90138 + L_thetaHessian: 2.14319 + L_thetaNeighbor: -0.07088
Epoch: 0 [1090/5000 (22%)] Unweighted L_s : L_Mnfld: 0.00163 + L_NonMnfld: 0.00005 + L_Eknl: 0.10609 + L_Morse: 0.32980 + L_thetaHessian: 0.21432 + L_thetaNeighbor: -0.00236

Weights: [7000.0, 600.0, 10.0, 50.0, 30.0, 2.7030990000000004], lr=5.000e-05
Epoch: 0 [1100/5000 (22%)] Loss: 20.07320 = L_Mnfld: 11.25373 + L_NonMnfld: 0.01918 + L_Eknl: 5.48605 + L_Morse: 0.92762 + L_thetaHessian: 2.45648 + L_thetaNeighbor: -0.06987
Epoch: 0 [1100/5000 (22%)] Unweighted L_s : L_Mnfld: 0.00161 + L_NonMnfld: 0.00003 + L_Eknl: 0.10972 + L_Morse: 0.34317 + L_thetaHessian: 0.24565 + L_thetaNeighbor: -0.00233

Weights: [7000.0, 600.0, 10.0, 50.0, 30.0, 2.673109], lr=5.000e-05
Epoch: 0 [1110/5000 (22%)] Loss: 20.02629 = L_Mnfld: 11.28199 + L_NonMnfld: 0.02315 + L_Eknl: 5.57980 + L_Morse: 0.90024 + L_thetaHessian: 2.31376 + L_thetaNeighbor: -0.07267
Epoch: 0 [1110/5000 (22%)] Unweighted L_s : L_Mnfld: 0.00161 + L_NonMnfld: 0.00004 + L_Eknl: 0.11160 + L_Morse: 0.33678 + L_thetaHessian: 0.23138 + L_thetaNeighbor: -0.00242

Weights: [7000.0, 600.0, 10.0, 50.0, 30.0, 2.643119], lr=5.000e-05
Epoch: 0 [1120/5000 (22%)] Loss: 19.33648 = L_Mnfld: 10.92807 + L_NonMnfld: 0.02512 + L_Eknl: 5.40730 + L_Morse: 0.85640 + L_thetaHessian: 2.19163 + L_thetaNeighbor: -0.07205
Epoch: 0 [1120/5000 (22%)] Unweighted L_s : L_Mnfld: 0.00156 + L_NonMnfld: 0.00004 + L_Eknl: 0.10815 + L_Morse: 0.32401 + L_thetaHessian: 0.21916 + L_thetaNeighbor: -0.00240

Weights: [7000.0, 600.0, 10.0, 50.0, 30.0, 2.6131290000000003], lr=5.000e-05
Epoch: 0 [1130/5000 (23%)] Loss: 19.35850 = L_Mnfld: 11.06805 + L_NonMnfld: 0.04048 + L_Eknl: 5.37017 + L_Morse: 0.82306 + L_thetaHessian: 2.12954 + L_thetaNeighbor: -0.07279
Epoch: 0 [1130/5000 (23%)] Unweighted L_s : L_Mnfld: 0.00158 + L_NonMnfld: 0.00007 + L_Eknl: 0.10740 + L_Morse: 0.31497 + L_thetaHessian: 0.21295 + L_thetaNeighbor: -0.00243

Weights: [7000.0, 600.0, 10.0, 50.0, 30.0, 2.583139], lr=5.000e-05
Epoch: 0 [1140/5000 (23%)] Loss: 18.49658 = L_Mnfld: 10.65464 + L_NonMnfld: 0.02065 + L_Eknl: 5.00347 + L_Morse: 0.83485 + L_thetaHessian: 2.05585 + L_thetaNeighbor: -0.07288
Epoch: 0 [1140/5000 (23%)] Unweighted L_s : L_Mnfld: 0.00152 + L_NonMnfld: 0.00003 + L_Eknl: 0.10007 + L_Morse: 0.32319 + L_thetaHessian: 0.20558 + L_thetaNeighbor: -0.00243

Weights: [7000.0, 600.0, 10.0, 50.0, 30.0, 2.5531490000000003], lr=5.000e-05
Epoch: 0 [1150/5000 (23%)] Loss: 19.05413 = L_Mnfld: 10.76403 + L_NonMnfld: 0.02914 + L_Eknl: 5.43276 + L_Morse: 0.81424 + L_thetaHessian: 2.08715 + L_thetaNeighbor: -0.07318
Epoch: 0 [1150/5000 (23%)] Unweighted L_s : L_Mnfld: 0.00154 + L_NonMnfld: 0.00005 + L_Eknl: 0.10866 + L_Morse: 0.31891 + L_thetaHessian: 0.20871 + L_thetaNeighbor: -0.00244

Weights: [7000.0, 600.0, 10.0, 50.0, 30.0, 2.523159], lr=5.000e-05
Epoch: 0 [1160/5000 (23%)] Loss: 19.49042 = L_Mnfld: 11.13298 + L_NonMnfld: 0.01487 + L_Eknl: 5.47947 + L_Morse: 0.80658 + L_thetaHessian: 2.12992 + L_thetaNeighbor: -0.07339
Epoch: 0 [1160/5000 (23%)] Unweighted L_s : L_Mnfld: 0.00159 + L_NonMnfld: 0.00002 + L_Eknl: 0.10959 + L_Morse: 0.31967 + L_thetaHessian: 0.21299 + L_thetaNeighbor: -0.00245

Weights: [7000.0, 600.0, 10.0, 50.0, 30.0, 2.493169], lr=5.000e-05
Epoch: 0 [1170/5000 (23%)] Loss: 19.79877 = L_Mnfld: 11.26508 + L_NonMnfld: 0.02177 + L_Eknl: 5.54398 + L_Morse: 0.80208 + L_thetaHessian: 2.23560 + L_thetaNeighbor: -0.06975
Epoch: 0 [1170/5000 (23%)] Unweighted L_s : L_Mnfld: 0.00161 + L_NonMnfld: 0.00004 + L_Eknl: 0.11088 + L_Morse: 0.32171 + L_thetaHessian: 0.22356 + L_thetaNeighbor: -0.00232

Weights: [7000.0, 600.0, 10.0, 50.0, 30.0, 2.4631790000000002], lr=5.000e-05
Epoch: 0 [1180/5000 (24%)] Loss: 20.20773 = L_Mnfld: 11.84146 + L_NonMnfld: 0.02000 + L_Eknl: 5.39100 + L_Morse: 0.83325 + L_thetaHessian: 2.19356 + L_thetaNeighbor: -0.07154
Epoch: 0 [1180/5000 (24%)] Unweighted L_s : L_Mnfld: 0.00169 + L_NonMnfld: 0.00003 + L_Eknl: 0.10782 + L_Morse: 0.33828 + L_thetaHessian: 0.21936 + L_thetaNeighbor: -0.00238

Weights: [7000.0, 600.0, 10.0, 50.0, 30.0, 2.433189], lr=5.000e-05
Epoch: 0 [1190/5000 (24%)] Loss: 19.44883 = L_Mnfld: 11.30726 + L_NonMnfld: 0.02069 + L_Eknl: 5.22050 + L_Morse: 0.77306 + L_thetaHessian: 2.19999 + L_thetaNeighbor: -0.07265
Epoch: 0 [1190/5000 (24%)] Unweighted L_s : L_Mnfld: 0.00162 + L_NonMnfld: 0.00003 + L_Eknl: 0.10441 + L_Morse: 0.31771 + L_thetaHessian: 0.22000 + L_thetaNeighbor: -0.00242

Weights: [7000.0, 600.0, 10.0, 50.0, 30.0, 2.403199], lr=5.000e-05
Epoch: 0 [1200/5000 (24%)] Loss: 20.01423 = L_Mnfld: 11.69348 + L_NonMnfld: 0.02185 + L_Eknl: 5.39400 + L_Morse: 0.81787 + L_thetaHessian: 2.16036 + L_thetaNeighbor: -0.07334
Epoch: 0 [1200/5000 (24%)] Unweighted L_s : L_Mnfld: 0.00167 + L_NonMnfld: 0.00004 + L_Eknl: 0.10788 + L_Morse: 0.34033 + L_thetaHessian: 0.21604 + L_thetaNeighbor: -0.00244

Weights: [7000.0, 600.0, 10.0, 50.0, 30.0, 2.3732090000000006], lr=5.000e-05
Epoch: 0 [1210/5000 (24%)] Loss: 18.85478 = L_Mnfld: 10.68085 + L_NonMnfld: 0.03791 + L_Eknl: 5.12641 + L_Morse: 0.81152 + L_thetaHessian: 2.27225 + L_thetaNeighbor: -0.07415
Epoch: 0 [1210/5000 (24%)] Unweighted L_s : L_Mnfld: 0.00153 + L_NonMnfld: 0.00006 + L_Eknl: 0.10253 + L_Morse: 0.34195 + L_thetaHessian: 0.22722 + L_thetaNeighbor: -0.00247

Weights: [7000.0, 600.0, 10.0, 50.0, 30.0, 2.3432190000000004], lr=5.000e-05
Epoch: 0 [1220/5000 (24%)] Loss: 20.31135 = L_Mnfld: 11.90725 + L_NonMnfld: 0.02810 + L_Eknl: 5.27455 + L_Morse: 0.78555 + L_thetaHessian: 2.38838 + L_thetaNeighbor: -0.07248
Epoch: 0 [1220/5000 (24%)] Unweighted L_s : L_Mnfld: 0.00170 + L_NonMnfld: 0.00005 + L_Eknl: 0.10549 + L_Morse: 0.33524 + L_thetaHessian: 0.23884 + L_thetaNeighbor: -0.00242

Weights: [7000.0, 600.0, 10.0, 50.0, 30.0, 2.313229], lr=5.000e-05
Epoch: 0 [1230/5000 (25%)] Loss: 21.03509 = L_Mnfld: 12.51914 + L_NonMnfld: 0.02752 + L_Eknl: 5.44216 + L_Morse: 0.77444 + L_thetaHessian: 2.34314 + L_thetaNeighbor: -0.07132
Epoch: 0 [1230/5000 (25%)] Unweighted L_s : L_Mnfld: 0.00179 + L_NonMnfld: 0.00005 + L_Eknl: 0.10884 + L_Morse: 0.33479 + L_thetaHessian: 0.23431 + L_thetaNeighbor: -0.00238

Weights: [7000.0, 600.0, 10.0, 50.0, 30.0, 2.283239], lr=5.000e-05
Epoch: 0 [1240/5000 (25%)] Loss: 19.52623 = L_Mnfld: 11.15541 + L_NonMnfld: 0.02087 + L_Eknl: 5.31743 + L_Morse: 0.76561 + L_thetaHessian: 2.34119 + L_thetaNeighbor: -0.07428
Epoch: 0 [1240/5000 (25%)] Unweighted L_s : L_Mnfld: 0.00159 + L_NonMnfld: 0.00003 + L_Eknl: 0.10635 + L_Morse: 0.33532 + L_thetaHessian: 0.23412 + L_thetaNeighbor: -0.00248

Weights: [7000.0, 600.0, 10.0, 50.0, 30.0, 2.2532490000000003], lr=5.000e-05
Epoch: 0 [1250/5000 (25%)] Loss: 19.47924 = L_Mnfld: 11.18640 + L_NonMnfld: 0.04413 + L_Eknl: 5.17506 + L_Morse: 0.73894 + L_thetaHessian: 2.40787 + L_thetaNeighbor: -0.07316
Epoch: 0 [1250/5000 (25%)] Unweighted L_s : L_Mnfld: 0.00160 + L_NonMnfld: 0.00007 + L_Eknl: 0.10350 + L_Morse: 0.32795 + L_thetaHessian: 0.24079 + L_thetaNeighbor: -0.00244

Weights: [7000.0, 600.0, 10.0, 50.0, 30.0, 2.2232589999999997], lr=5.000e-05
Epoch: 0 [1260/5000 (25%)] Loss: 18.13478 = L_Mnfld: 10.50441 + L_NonMnfld: 0.01559 + L_Eknl: 4.89642 + L_Morse: 0.68715 + L_thetaHessian: 2.10511 + L_thetaNeighbor: -0.07390
Epoch: 0 [1260/5000 (25%)] Unweighted L_s : L_Mnfld: 0.00150 + L_NonMnfld: 0.00003 + L_Eknl: 0.09793 + L_Morse: 0.30907 + L_thetaHessian: 0.21051 + L_thetaNeighbor: -0.00246

Weights: [7000.0, 600.0, 10.0, 50.0, 30.0, 2.193269], lr=5.000e-05
Epoch: 0 [1270/5000 (25%)] Loss: 18.64573 = L_Mnfld: 10.71328 + L_NonMnfld: 0.02372 + L_Eknl: 5.13691 + L_Morse: 0.70805 + L_thetaHessian: 2.14000 + L_thetaNeighbor: -0.07625
Epoch: 0 [1270/5000 (25%)] Unweighted L_s : L_Mnfld: 0.00153 + L_NonMnfld: 0.00004 + L_Eknl: 0.10274 + L_Morse: 0.32283 + L_thetaHessian: 0.21400 + L_thetaNeighbor: -0.00254

Weights: [7000.0, 600.0, 10.0, 50.0, 30.0, 2.1632789999999997], lr=5.000e-05
Epoch: 0 [1280/5000 (26%)] Loss: 18.73778 = L_Mnfld: 10.88693 + L_NonMnfld: 0.02174 + L_Eknl: 5.11421 + L_Morse: 0.69103 + L_thetaHessian: 2.09828 + L_thetaNeighbor: -0.07440
Epoch: 0 [1280/5000 (26%)] Unweighted L_s : L_Mnfld: 0.00156 + L_NonMnfld: 0.00004 + L_Eknl: 0.10228 + L_Morse: 0.31944 + L_thetaHessian: 0.20983 + L_thetaNeighbor: -0.00248

Weights: [7000.0, 600.0, 10.0, 50.0, 30.0, 2.1332890000000004], lr=5.000e-05
Epoch: 0 [1290/5000 (26%)] Loss: 18.46613 = L_Mnfld: 10.31302 + L_NonMnfld: 0.02523 + L_Eknl: 5.44943 + L_Morse: 0.63900 + L_thetaHessian: 2.11490 + L_thetaNeighbor: -0.07546
Epoch: 0 [1290/5000 (26%)] Unweighted L_s : L_Mnfld: 0.00147 + L_NonMnfld: 0.00004 + L_Eknl: 0.10899 + L_Morse: 0.29954 + L_thetaHessian: 0.21149 + L_thetaNeighbor: -0.00252

Weights: [7000.0, 600.0, 10.0, 50.0, 30.0, 2.1032990000000007], lr=5.000e-05
Epoch: 0 [1300/5000 (26%)] Loss: 17.99372 = L_Mnfld: 10.33574 + L_NonMnfld: 0.01915 + L_Eknl: 5.03847 + L_Morse: 0.64290 + L_thetaHessian: 2.03246 + L_thetaNeighbor: -0.07500
Epoch: 0 [1300/5000 (26%)] Unweighted L_s : L_Mnfld: 0.00148 + L_NonMnfld: 0.00003 + L_Eknl: 0.10077 + L_Morse: 0.30566 + L_thetaHessian: 0.20325 + L_thetaNeighbor: -0.00250

Weights: [7000.0, 600.0, 10.0, 50.0, 30.0, 2.0733090000000005], lr=5.000e-05
Epoch: 0 [1310/5000 (26%)] Loss: 17.47654 = L_Mnfld: 9.94559 + L_NonMnfld: 0.03230 + L_Eknl: 4.83282 + L_Morse: 0.63570 + L_thetaHessian: 2.10540 + L_thetaNeighbor: -0.07526
Epoch: 0 [1310/5000 (26%)] Unweighted L_s : L_Mnfld: 0.00142 + L_NonMnfld: 0.00005 + L_Eknl: 0.09666 + L_Morse: 0.30661 + L_thetaHessian: 0.21054 + L_thetaNeighbor: -0.00251

Weights: [7000.0, 600.0, 10.0, 50.0, 30.0, 2.0433190000000003], lr=5.000e-05
Epoch: 0 [1320/5000 (26%)] Loss: 18.63040 = L_Mnfld: 10.85664 + L_NonMnfld: 0.02219 + L_Eknl: 5.06680 + L_Morse: 0.64080 + L_thetaHessian: 2.12007 + L_thetaNeighbor: -0.07609
Epoch: 0 [1320/5000 (26%)] Unweighted L_s : L_Mnfld: 0.00155 + L_NonMnfld: 0.00004 + L_Eknl: 0.10134 + L_Morse: 0.31361 + L_thetaHessian: 0.21201 + L_thetaNeighbor: -0.00254

Weights: [7000.0, 600.0, 10.0, 50.0, 30.0, 2.0133290000000006], lr=5.000e-05
Epoch: 0 [1330/5000 (27%)] Loss: 18.71779 = L_Mnfld: 10.90711 + L_NonMnfld: 0.02331 + L_Eknl: 5.17289 + L_Morse: 0.62530 + L_thetaHessian: 2.06418 + L_thetaNeighbor: -0.07499
Epoch: 0 [1330/5000 (27%)] Unweighted L_s : L_Mnfld: 0.00156 + L_NonMnfld: 0.00004 + L_Eknl: 0.10346 + L_Morse: 0.31058 + L_thetaHessian: 0.20642 + L_thetaNeighbor: -0.00250

Weights: [7000.0, 600.0, 10.0, 50.0, 30.0, 1.9833390000000004], lr=5.000e-05
Epoch: 0 [1340/5000 (27%)] Loss: 17.57019 = L_Mnfld: 10.34212 + L_NonMnfld: 0.01850 + L_Eknl: 4.84892 + L_Morse: 0.57390 + L_thetaHessian: 1.86264 + L_thetaNeighbor: -0.07587
Epoch: 0 [1340/5000 (27%)] Unweighted L_s : L_Mnfld: 0.00148 + L_NonMnfld: 0.00003 + L_Eknl: 0.09698 + L_Morse: 0.28936 + L_thetaHessian: 0.18626 + L_thetaNeighbor: -0.00253

Weights: [7000.0, 600.0, 10.0, 50.0, 30.0, 1.9533490000000004], lr=5.000e-05
Epoch: 0 [1350/5000 (27%)] Loss: 18.04233 = L_Mnfld: 10.24188 + L_NonMnfld: 0.02740 + L_Eknl: 5.33193 + L_Morse: 0.56496 + L_thetaHessian: 1.95156 + L_thetaNeighbor: -0.07541
Epoch: 0 [1350/5000 (27%)] Unweighted L_s : L_Mnfld: 0.00146 + L_NonMnfld: 0.00005 + L_Eknl: 0.10664 + L_Morse: 0.28923 + L_thetaHessian: 0.19516 + L_thetaNeighbor: -0.00251

Weights: [7000.0, 600.0, 10.0, 50.0, 30.0, 1.9233590000000003], lr=5.000e-05
Epoch: 0 [1360/5000 (27%)] Loss: 19.33732 = L_Mnfld: 11.60524 + L_NonMnfld: 0.01078 + L_Eknl: 4.99050 + L_Morse: 0.63972 + L_thetaHessian: 2.16711 + L_thetaNeighbor: -0.07604
Epoch: 0 [1360/5000 (27%)] Unweighted L_s : L_Mnfld: 0.00166 + L_NonMnfld: 0.00002 + L_Eknl: 0.09981 + L_Morse: 0.33261 + L_thetaHessian: 0.21671 + L_thetaNeighbor: -0.00253

Weights: [7000.0, 600.0, 10.0, 50.0, 30.0, 1.8933690000000003], lr=5.000e-05
Epoch: 0 [1370/5000 (27%)] Loss: 19.26555 = L_Mnfld: 11.22842 + L_NonMnfld: 0.01811 + L_Eknl: 5.23305 + L_Morse: 0.62454 + L_thetaHessian: 2.23857 + L_thetaNeighbor: -0.07714
Epoch: 0 [1370/5000 (27%)] Unweighted L_s : L_Mnfld: 0.00160 + L_NonMnfld: 0.00003 + L_Eknl: 0.10466 + L_Morse: 0.32986 + L_thetaHessian: 0.22386 + L_thetaNeighbor: -0.00257

Weights: [7000.0, 600.0, 10.0, 50.0, 30.0, 1.8633790000000003], lr=5.000e-05
Epoch: 0 [1380/5000 (28%)] Loss: 17.97759 = L_Mnfld: 10.28225 + L_NonMnfld: 0.02124 + L_Eknl: 5.19357 + L_Morse: 0.57771 + L_thetaHessian: 1.97989 + L_thetaNeighbor: -0.07707
Epoch: 0 [1380/5000 (28%)] Unweighted L_s : L_Mnfld: 0.00147 + L_NonMnfld: 0.00004 + L_Eknl: 0.10387 + L_Morse: 0.31003 + L_thetaHessian: 0.19799 + L_thetaNeighbor: -0.00257

Weights: [7000.0, 600.0, 10.0, 50.0, 30.0, 1.8333890000000004], lr=5.000e-05
Epoch: 0 [1390/5000 (28%)] Loss: 17.13950 = L_Mnfld: 9.86844 + L_NonMnfld: 0.01680 + L_Eknl: 4.77874 + L_Morse: 0.53464 + L_thetaHessian: 2.01739 + L_thetaNeighbor: -0.07651
Epoch: 0 [1390/5000 (28%)] Unweighted L_s : L_Mnfld: 0.00141 + L_NonMnfld: 0.00003 + L_Eknl: 0.09557 + L_Morse: 0.29161 + L_thetaHessian: 0.20174 + L_thetaNeighbor: -0.00255

Weights: [7000.0, 600.0, 10.0, 50.0, 30.0, 1.8033990000000002], lr=5.000e-05
Epoch: 0 [1400/5000 (28%)] Loss: 18.00224 = L_Mnfld: 10.44541 + L_NonMnfld: 0.05595 + L_Eknl: 4.97893 + L_Morse: 0.54417 + L_thetaHessian: 2.05412 + L_thetaNeighbor: -0.07634
Epoch: 0 [1400/5000 (28%)] Unweighted L_s : L_Mnfld: 0.00149 + L_NonMnfld: 0.00009 + L_Eknl: 0.09958 + L_Morse: 0.30175 + L_thetaHessian: 0.20541 + L_thetaNeighbor: -0.00254

Weights: [7000.0, 600.0, 10.0, 50.0, 30.0, 1.7734090000000002], lr=5.000e-05
Epoch: 0 [1410/5000 (28%)] Loss: 18.36127 = L_Mnfld: 11.06480 + L_NonMnfld: 0.01696 + L_Eknl: 4.89876 + L_Morse: 0.56203 + L_thetaHessian: 1.89594 + L_thetaNeighbor: -0.07721
Epoch: 0 [1410/5000 (28%)] Unweighted L_s : L_Mnfld: 0.00158 + L_NonMnfld: 0.00003 + L_Eknl: 0.09798 + L_Morse: 0.31692 + L_thetaHessian: 0.18959 + L_thetaNeighbor: -0.00257

Weights: [7000.0, 600.0, 10.0, 50.0, 30.0, 1.743419], lr=5.000e-05
Epoch: 0 [1420/5000 (28%)] Loss: 17.73355 = L_Mnfld: 10.47658 + L_NonMnfld: 0.02008 + L_Eknl: 4.81683 + L_Morse: 0.52467 + L_thetaHessian: 1.97216 + L_thetaNeighbor: -0.07677
Epoch: 0 [1420/5000 (28%)] Unweighted L_s : L_Mnfld: 0.00150 + L_NonMnfld: 0.00003 + L_Eknl: 0.09634 + L_Morse: 0.30094 + L_thetaHessian: 0.19722 + L_thetaNeighbor: -0.00256

Weights: [7000.0, 600.0, 10.0, 50.0, 30.0, 1.713429], lr=5.000e-05
Epoch: 0 [1430/5000 (29%)] Loss: 16.41485 = L_Mnfld: 9.53712 + L_NonMnfld: 0.02639 + L_Eknl: 4.60831 + L_Morse: 0.49040 + L_thetaHessian: 1.82984 + L_thetaNeighbor: -0.07721
Epoch: 0 [1430/5000 (29%)] Unweighted L_s : L_Mnfld: 0.00136 + L_NonMnfld: 0.00004 + L_Eknl: 0.09217 + L_Morse: 0.28621 + L_thetaHessian: 0.18298 + L_thetaNeighbor: -0.00257

Weights: [7000.0, 600.0, 10.0, 50.0, 30.0, 1.6834390000000001], lr=5.000e-05
Epoch: 0 [1440/5000 (29%)] Loss: 17.57996 = L_Mnfld: 10.13564 + L_NonMnfld: 0.01612 + L_Eknl: 5.05123 + L_Morse: 0.49559 + L_thetaHessian: 1.95887 + L_thetaNeighbor: -0.07749
Epoch: 0 [1440/5000 (29%)] Unweighted L_s : L_Mnfld: 0.00145 + L_NonMnfld: 0.00003 + L_Eknl: 0.10102 + L_Morse: 0.29439 + L_thetaHessian: 0.19589 + L_thetaNeighbor: -0.00258

Weights: [7000.0, 600.0, 10.0, 50.0, 30.0, 1.6534490000000002], lr=5.000e-05
Epoch: 0 [1450/5000 (29%)] Loss: 17.82266 = L_Mnfld: 10.13739 + L_NonMnfld: 0.02277 + L_Eknl: 5.25999 + L_Morse: 0.48873 + L_thetaHessian: 1.98893 + L_thetaNeighbor: -0.07515
Epoch: 0 [1450/5000 (29%)] Unweighted L_s : L_Mnfld: 0.00145 + L_NonMnfld: 0.00004 + L_Eknl: 0.10520 + L_Morse: 0.29558 + L_thetaHessian: 0.19889 + L_thetaNeighbor: -0.00250

Weights: [7000.0, 600.0, 10.0, 50.0, 30.0, 1.623459], lr=5.000e-05
Epoch: 0 [1460/5000 (29%)] Loss: 15.94596 = L_Mnfld: 8.79393 + L_NonMnfld: 0.01623 + L_Eknl: 4.96918 + L_Morse: 0.47318 + L_thetaHessian: 1.77126 + L_thetaNeighbor: -0.07782
Epoch: 0 [1460/5000 (29%)] Unweighted L_s : L_Mnfld: 0.00126 + L_NonMnfld: 0.00003 + L_Eknl: 0.09938 + L_Morse: 0.29146 + L_thetaHessian: 0.17713 + L_thetaNeighbor: -0.00259

Weights: [7000.0, 600.0, 10.0, 50.0, 30.0, 1.593469], lr=5.000e-05
Epoch: 0 [1470/5000 (29%)] Loss: 15.86775 = L_Mnfld: 8.86424 + L_NonMnfld: 0.01963 + L_Eknl: 4.86746 + L_Morse: 0.43191 + L_thetaHessian: 1.76292 + L_thetaNeighbor: -0.07841
Epoch: 0 [1470/5000 (29%)] Unweighted L_s : L_Mnfld: 0.00127 + L_NonMnfld: 0.00003 + L_Eknl: 0.09735 + L_Morse: 0.27105 + L_thetaHessian: 0.17629 + L_thetaNeighbor: -0.00261

Weights: [7000.0, 600.0, 10.0, 50.0, 30.0, 1.563479], lr=5.000e-05
Epoch: 0 [1480/5000 (30%)] Loss: 15.71452 = L_Mnfld: 8.79405 + L_NonMnfld: 0.03123 + L_Eknl: 4.95523 + L_Morse: 0.40742 + L_thetaHessian: 1.60499 + L_thetaNeighbor: -0.07840
Epoch: 0 [1480/5000 (30%)] Unweighted L_s : L_Mnfld: 0.00126 + L_NonMnfld: 0.00005 + L_Eknl: 0.09910 + L_Morse: 0.26058 + L_thetaHessian: 0.16050 + L_thetaNeighbor: -0.00261

Weights: [7000.0, 600.0, 10.0, 50.0, 30.0, 1.533489], lr=5.000e-05
Epoch: 0 [1490/5000 (30%)] Loss: 16.17338 = L_Mnfld: 9.25338 + L_NonMnfld: 0.02047 + L_Eknl: 4.91789 + L_Morse: 0.40364 + L_thetaHessian: 1.65589 + L_thetaNeighbor: -0.07790
Epoch: 0 [1490/5000 (30%)] Unweighted L_s : L_Mnfld: 0.00132 + L_NonMnfld: 0.00003 + L_Eknl: 0.09836 + L_Morse: 0.26322 + L_thetaHessian: 0.16559 + L_thetaNeighbor: -0.00260

Weights: [7000.0, 600.0, 10.0, 50.0, 30.0, 1.503499], lr=5.000e-05
Epoch: 0 [1500/5000 (30%)] Loss: 16.15913 = L_Mnfld: 9.03564 + L_NonMnfld: 0.01580 + L_Eknl: 4.88767 + L_Morse: 0.40954 + L_thetaHessian: 1.88941 + L_thetaNeighbor: -0.07893
Epoch: 0 [1500/5000 (30%)] Unweighted L_s : L_Mnfld: 0.00129 + L_NonMnfld: 0.00003 + L_Eknl: 0.09775 + L_Morse: 0.27239 + L_thetaHessian: 0.18894 + L_thetaNeighbor: -0.00263

Weights: [7000.0, 600.0, 10.0, 50.0, 30.0, 1.473509], lr=5.000e-05
Epoch: 0 [1510/5000 (30%)] Loss: 15.94922 = L_Mnfld: 9.44288 + L_NonMnfld: 0.03199 + L_Eknl: 4.49093 + L_Morse: 0.40438 + L_thetaHessian: 1.65808 + L_thetaNeighbor: -0.07905
Epoch: 0 [1510/5000 (30%)] Unweighted L_s : L_Mnfld: 0.00135 + L_NonMnfld: 0.00005 + L_Eknl: 0.08982 + L_Morse: 0.27443 + L_thetaHessian: 0.16581 + L_thetaNeighbor: -0.00264

Weights: [7000.0, 600.0, 10.0, 50.0, 30.0, 1.443519], lr=5.000e-05
Epoch: 0 [1520/5000 (30%)] Loss: 15.48193 = L_Mnfld: 8.57476 + L_NonMnfld: 0.01621 + L_Eknl: 4.85851 + L_Morse: 0.37629 + L_thetaHessian: 1.73507 + L_thetaNeighbor: -0.07892
Epoch: 0 [1520/5000 (30%)] Unweighted L_s : L_Mnfld: 0.00122 + L_NonMnfld: 0.00003 + L_Eknl: 0.09717 + L_Morse: 0.26067 + L_thetaHessian: 0.17351 + L_thetaNeighbor: -0.00263

Weights: [7000.0, 600.0, 10.0, 50.0, 30.0, 1.413529], lr=5.000e-05
Epoch: 0 [1530/5000 (31%)] Loss: 15.60625 = L_Mnfld: 8.94895 + L_NonMnfld: 0.02572 + L_Eknl: 4.70937 + L_Morse: 0.36831 + L_thetaHessian: 1.63258 + L_thetaNeighbor: -0.07867
Epoch: 0 [1530/5000 (31%)] Unweighted L_s : L_Mnfld: 0.00128 + L_NonMnfld: 0.00004 + L_Eknl: 0.09419 + L_Morse: 0.26056 + L_thetaHessian: 0.16326 + L_thetaNeighbor: -0.00262

Weights: [7000.0, 600.0, 10.0, 50.0, 30.0, 1.3835389999999999], lr=5.000e-05
Epoch: 0 [1540/5000 (31%)] Loss: 16.77238 = L_Mnfld: 9.95151 + L_NonMnfld: 0.01317 + L_Eknl: 4.65214 + L_Morse: 0.38209 + L_thetaHessian: 1.85225 + L_thetaNeighbor: -0.07878
Epoch: 0 [1540/5000 (31%)] Unweighted L_s : L_Mnfld: 0.00142 + L_NonMnfld: 0.00002 + L_Eknl: 0.09304 + L_Morse: 0.27617 + L_thetaHessian: 0.18523 + L_thetaNeighbor: -0.00263

Weights: [7000.0, 600.0, 10.0, 50.0, 30.0, 1.353549], lr=5.000e-05
Epoch: 0 [1550/5000 (31%)] Loss: 15.37589 = L_Mnfld: 8.51571 + L_NonMnfld: 0.02142 + L_Eknl: 4.88655 + L_Morse: 0.34435 + L_thetaHessian: 1.68747 + L_thetaNeighbor: -0.07961
Epoch: 0 [1550/5000 (31%)] Unweighted L_s : L_Mnfld: 0.00122 + L_NonMnfld: 0.00004 + L_Eknl: 0.09773 + L_Morse: 0.25440 + L_thetaHessian: 0.16875 + L_thetaNeighbor: -0.00265

Weights: [7000.0, 600.0, 10.0, 50.0, 30.0, 1.323559], lr=5.000e-05
Epoch: 0 [1560/5000 (31%)] Loss: 16.58513 = L_Mnfld: 9.67856 + L_NonMnfld: 0.01475 + L_Eknl: 4.78333 + L_Morse: 0.35900 + L_thetaHessian: 1.82879 + L_thetaNeighbor: -0.07930
Epoch: 0 [1560/5000 (31%)] Unweighted L_s : L_Mnfld: 0.00138 + L_NonMnfld: 0.00002 + L_Eknl: 0.09567 + L_Morse: 0.27124 + L_thetaHessian: 0.18288 + L_thetaNeighbor: -0.00264

Weights: [7000.0, 600.0, 10.0, 50.0, 30.0, 1.293569], lr=5.000e-05
Epoch: 0 [1570/5000 (31%)] Loss: 15.94505 = L_Mnfld: 9.00105 + L_NonMnfld: 0.02484 + L_Eknl: 4.86410 + L_Morse: 0.34780 + L_thetaHessian: 1.78595 + L_thetaNeighbor: -0.07868
Epoch: 0 [1570/5000 (31%)] Unweighted L_s : L_Mnfld: 0.00129 + L_NonMnfld: 0.00004 + L_Eknl: 0.09728 + L_Morse: 0.26887 + L_thetaHessian: 0.17859 + L_thetaNeighbor: -0.00262

Weights: [7000.0, 600.0, 10.0, 50.0, 30.0, 1.2635789999999998], lr=5.000e-05
Epoch: 0 [1580/5000 (32%)] Loss: 15.98571 = L_Mnfld: 9.30523 + L_NonMnfld: 0.01983 + L_Eknl: 4.71919 + L_Morse: 0.33097 + L_thetaHessian: 1.68893 + L_thetaNeighbor: -0.07845
Epoch: 0 [1580/5000 (32%)] Unweighted L_s : L_Mnfld: 0.00133 + L_NonMnfld: 0.00003 + L_Eknl: 0.09438 + L_Morse: 0.26193 + L_thetaHessian: 0.16889 + L_thetaNeighbor: -0.00261

Weights: [7000.0, 600.0, 10.0, 50.0, 30.0, 1.2335889999999998], lr=5.000e-05
Epoch: 0 [1590/5000 (32%)] Loss: 15.66154 = L_Mnfld: 8.53736 + L_NonMnfld: 0.01768 + L_Eknl: 5.13013 + L_Morse: 0.31678 + L_thetaHessian: 1.73826 + L_thetaNeighbor: -0.07867
Epoch: 0 [1590/5000 (32%)] Unweighted L_s : L_Mnfld: 0.00122 + L_NonMnfld: 0.00003 + L_Eknl: 0.10260 + L_Morse: 0.25679 + L_thetaHessian: 0.17383 + L_thetaNeighbor: -0.00262

Weights: [7000.0, 600.0, 10.0, 50.0, 30.0, 1.2035990000000008], lr=5.000e-05
Epoch: 0 [1600/5000 (32%)] Loss: 16.00115 = L_Mnfld: 9.29706 + L_NonMnfld: 0.06133 + L_Eknl: 4.61401 + L_Morse: 0.32031 + L_thetaHessian: 1.78732 + L_thetaNeighbor: -0.07888
Epoch: 0 [1600/5000 (32%)] Unweighted L_s : L_Mnfld: 0.00133 + L_NonMnfld: 0.00010 + L_Eknl: 0.09228 + L_Morse: 0.26613 + L_thetaHessian: 0.17873 + L_thetaNeighbor: -0.00263

Weights: [7000.0, 600.0, 10.0, 50.0, 30.0, 1.1736090000000006], lr=5.000e-05
Epoch: 0 [1610/5000 (32%)] Loss: 15.70671 = L_Mnfld: 9.06238 + L_NonMnfld: 0.02010 + L_Eknl: 4.65663 + L_Morse: 0.30591 + L_thetaHessian: 1.73984 + L_thetaNeighbor: -0.07815
Epoch: 0 [1610/5000 (32%)] Unweighted L_s : L_Mnfld: 0.00129 + L_NonMnfld: 0.00003 + L_Eknl: 0.09313 + L_Morse: 0.26066 + L_thetaHessian: 0.17398 + L_thetaNeighbor: -0.00261

Weights: [7000.0, 600.0, 10.0, 50.0, 30.0, 1.1436190000000006], lr=5.000e-05
Epoch: 0 [1620/5000 (32%)] Loss: 15.06895 = L_Mnfld: 8.57234 + L_NonMnfld: 0.01570 + L_Eknl: 4.61490 + L_Morse: 0.29261 + L_thetaHessian: 1.65248 + L_thetaNeighbor: -0.07909
Epoch: 0 [1620/5000 (32%)] Unweighted L_s : L_Mnfld: 0.00122 + L_NonMnfld: 0.00003 + L_Eknl: 0.09230 + L_Morse: 0.25587 + L_thetaHessian: 0.16525 + L_thetaNeighbor: -0.00264

Weights: [7000.0, 600.0, 10.0, 50.0, 30.0, 1.1136290000000006], lr=5.000e-05
Epoch: 0 [1630/5000 (33%)] Loss: 16.00417 = L_Mnfld: 9.28095 + L_NonMnfld: 0.02320 + L_Eknl: 4.84590 + L_Morse: 0.29880 + L_thetaHessian: 1.63462 + L_thetaNeighbor: -0.07930
Epoch: 0 [1630/5000 (33%)] Unweighted L_s : L_Mnfld: 0.00133 + L_NonMnfld: 0.00004 + L_Eknl: 0.09692 + L_Morse: 0.26831 + L_thetaHessian: 0.16346 + L_thetaNeighbor: -0.00264

Weights: [7000.0, 600.0, 10.0, 50.0, 30.0, 1.0836390000000007], lr=5.000e-05
Epoch: 0 [1640/5000 (33%)] Loss: 17.28492 = L_Mnfld: 10.41651 + L_NonMnfld: 0.01857 + L_Eknl: 4.73622 + L_Morse: 0.29744 + L_thetaHessian: 1.89473 + L_thetaNeighbor: -0.07855
Epoch: 0 [1640/5000 (33%)] Unweighted L_s : L_Mnfld: 0.00149 + L_NonMnfld: 0.00003 + L_Eknl: 0.09472 + L_Morse: 0.27448 + L_thetaHessian: 0.18947 + L_thetaNeighbor: -0.00262

Weights: [7000.0, 600.0, 10.0, 50.0, 30.0, 1.0536490000000005], lr=5.000e-05
Epoch: 0 [1650/5000 (33%)] Loss: 17.27367 = L_Mnfld: 10.43442 + L_NonMnfld: 0.02447 + L_Eknl: 4.78829 + L_Morse: 0.30547 + L_thetaHessian: 1.80023 + L_thetaNeighbor: -0.07920
Epoch: 0 [1650/5000 (33%)] Unweighted L_s : L_Mnfld: 0.00149 + L_NonMnfld: 0.00004 + L_Eknl: 0.09577 + L_Morse: 0.28992 + L_thetaHessian: 0.18002 + L_thetaNeighbor: -0.00264

Weights: [7000.0, 600.0, 10.0, 50.0, 30.0, 1.0236590000000003], lr=5.000e-05
Epoch: 0 [1660/5000 (33%)] Loss: 17.92042 = L_Mnfld: 11.00714 + L_NonMnfld: 0.01506 + L_Eknl: 4.74880 + L_Morse: 0.29148 + L_thetaHessian: 1.93565 + L_thetaNeighbor: -0.07772
Epoch: 0 [1660/5000 (33%)] Unweighted L_s : L_Mnfld: 0.00157 + L_NonMnfld: 0.00003 + L_Eknl: 0.09498 + L_Morse: 0.28475 + L_thetaHessian: 0.19357 + L_thetaNeighbor: -0.00259

Weights: [7000.0, 600.0, 10.0, 50.0, 30.0, 0.9936690000000001], lr=5.000e-05
Epoch: 0 [1670/5000 (33%)] Loss: 17.41265 = L_Mnfld: 10.53698 + L_NonMnfld: 0.02140 + L_Eknl: 4.62131 + L_Morse: 0.30499 + L_thetaHessian: 2.00529 + L_thetaNeighbor: -0.07734
Epoch: 0 [1670/5000 (33%)] Unweighted L_s : L_Mnfld: 0.00151 + L_NonMnfld: 0.00004 + L_Eknl: 0.09243 + L_Morse: 0.30694 + L_thetaHessian: 0.20053 + L_thetaNeighbor: -0.00258

Weights: [7000.0, 600.0, 10.0, 50.0, 30.0, 0.9636790000000004], lr=5.000e-05
Epoch: 0 [1680/5000 (34%)] Loss: 18.59519 = L_Mnfld: 11.53955 + L_NonMnfld: 0.01559 + L_Eknl: 4.83994 + L_Morse: 0.29374 + L_thetaHessian: 1.98514 + L_thetaNeighbor: -0.07877
Epoch: 0 [1680/5000 (34%)] Unweighted L_s : L_Mnfld: 0.00165 + L_NonMnfld: 0.00003 + L_Eknl: 0.09680 + L_Morse: 0.30481 + L_thetaHessian: 0.19851 + L_thetaNeighbor: -0.00263

Weights: [7000.0, 600.0, 10.0, 50.0, 30.0, 0.9336890000000002], lr=5.000e-05
Epoch: 0 [1690/5000 (34%)] Loss: 18.47731 = L_Mnfld: 11.30898 + L_NonMnfld: 0.02166 + L_Eknl: 4.70975 + L_Morse: 0.29546 + L_thetaHessian: 2.22016 + L_thetaNeighbor: -0.07870
Epoch: 0 [1690/5000 (34%)] Unweighted L_s : L_Mnfld: 0.00162 + L_NonMnfld: 0.00004 + L_Eknl: 0.09420 + L_Morse: 0.31645 + L_thetaHessian: 0.22202 + L_thetaNeighbor: -0.00262

Weights: [7000.0, 600.0, 10.0, 50.0, 30.0, 0.9036990000000005], lr=5.000e-05
Epoch: 0 [1700/5000 (34%)] Loss: 17.55865 = L_Mnfld: 10.41797 + L_NonMnfld: 0.01046 + L_Eknl: 4.74838 + L_Morse: 0.27014 + L_thetaHessian: 2.19024 + L_thetaNeighbor: -0.07855
Epoch: 0 [1700/5000 (34%)] Unweighted L_s : L_Mnfld: 0.00149 + L_NonMnfld: 0.00002 + L_Eknl: 0.09497 + L_Morse: 0.29893 + L_thetaHessian: 0.21902 + L_thetaNeighbor: -0.00262

Weights: [7000.0, 600.0, 10.0, 50.0, 30.0, 0.8737090000000003], lr=5.000e-05
Epoch: 0 [1710/5000 (34%)] Loss: 17.73707 = L_Mnfld: 10.66583 + L_NonMnfld: 0.02667 + L_Eknl: 4.77448 + L_Morse: 0.26662 + L_thetaHessian: 2.08284 + L_thetaNeighbor: -0.07938
Epoch: 0 [1710/5000 (34%)] Unweighted L_s : L_Mnfld: 0.00152 + L_NonMnfld: 0.00004 + L_Eknl: 0.09549 + L_Morse: 0.30516 + L_thetaHessian: 0.20828 + L_thetaNeighbor: -0.00265

Weights: [7000.0, 600.0, 10.0, 50.0, 30.0, 0.8437190000000001], lr=5.000e-05
Epoch: 0 [1720/5000 (34%)] Loss: 17.43066 = L_Mnfld: 10.41594 + L_NonMnfld: 0.01560 + L_Eknl: 4.69471 + L_Morse: 0.26723 + L_thetaHessian: 2.11717 + L_thetaNeighbor: -0.08000
Epoch: 0 [1720/5000 (34%)] Unweighted L_s : L_Mnfld: 0.00149 + L_NonMnfld: 0.00003 + L_Eknl: 0.09389 + L_Morse: 0.31673 + L_thetaHessian: 0.21172 + L_thetaNeighbor: -0.00267

Weights: [7000.0, 600.0, 10.0, 50.0, 30.0, 0.8137290000000004], lr=5.000e-05
Epoch: 0 [1730/5000 (35%)] Loss: 16.42731 = L_Mnfld: 9.25458 + L_NonMnfld: 0.02892 + L_Eknl: 5.17711 + L_Morse: 0.23074 + L_thetaHessian: 1.81496 + L_thetaNeighbor: -0.07900
Epoch: 0 [1730/5000 (35%)] Unweighted L_s : L_Mnfld: 0.00132 + L_NonMnfld: 0.00005 + L_Eknl: 0.10354 + L_Morse: 0.28356 + L_thetaHessian: 0.18150 + L_thetaNeighbor: -0.00263

Weights: [7000.0, 600.0, 10.0, 50.0, 30.0, 0.7837390000000002], lr=5.000e-05
Epoch: 0 [1740/5000 (35%)] Loss: 16.05887 = L_Mnfld: 8.92390 + L_NonMnfld: 0.02598 + L_Eknl: 5.04572 + L_Morse: 0.22652 + L_thetaHessian: 1.91522 + L_thetaNeighbor: -0.07847
Epoch: 0 [1740/5000 (35%)] Unweighted L_s : L_Mnfld: 0.00127 + L_NonMnfld: 0.00004 + L_Eknl: 0.10091 + L_Morse: 0.28903 + L_thetaHessian: 0.19152 + L_thetaNeighbor: -0.00262

Weights: [7000.0, 600.0, 10.0, 50.0, 30.0, 0.753749], lr=5.000e-05
Epoch: 0 [1750/5000 (35%)] Loss: 15.74736 = L_Mnfld: 9.23364 + L_NonMnfld: 0.02057 + L_Eknl: 4.70973 + L_Morse: 0.20307 + L_thetaHessian: 1.65933 + L_thetaNeighbor: -0.07898
Epoch: 0 [1750/5000 (35%)] Unweighted L_s : L_Mnfld: 0.00132 + L_NonMnfld: 0.00003 + L_Eknl: 0.09419 + L_Morse: 0.26941 + L_thetaHessian: 0.16593 + L_thetaNeighbor: -0.00263

Weights: [7000.0, 600.0, 10.0, 50.0, 30.0, 0.7237590000000003], lr=5.000e-05
Epoch: 0 [1760/5000 (35%)] Loss: 14.65662 = L_Mnfld: 8.43175 + L_NonMnfld: 0.01375 + L_Eknl: 4.40208 + L_Morse: 0.18652 + L_thetaHessian: 1.70218 + L_thetaNeighbor: -0.07966
Epoch: 0 [1760/5000 (35%)] Unweighted L_s : L_Mnfld: 0.00120 + L_NonMnfld: 0.00002 + L_Eknl: 0.08804 + L_Morse: 0.25771 + L_thetaHessian: 0.17022 + L_thetaNeighbor: -0.00266

Weights: [7000.0, 600.0, 10.0, 50.0, 30.0, 0.6937690000000001], lr=5.000e-05
Epoch: 0 [1770/5000 (35%)] Loss: 14.66668 = L_Mnfld: 8.30531 + L_NonMnfld: 0.01673 + L_Eknl: 4.58834 + L_Morse: 0.17617 + L_thetaHessian: 1.65926 + L_thetaNeighbor: -0.07913
Epoch: 0 [1770/5000 (35%)] Unweighted L_s : L_Mnfld: 0.00119 + L_NonMnfld: 0.00003 + L_Eknl: 0.09177 + L_Morse: 0.25393 + L_thetaHessian: 0.16593 + L_thetaNeighbor: -0.00264

Weights: [7000.0, 600.0, 10.0, 50.0, 30.0, 0.6637790000000003], lr=5.000e-05
Epoch: 0 [1780/5000 (36%)] Loss: 15.52604 = L_Mnfld: 8.96044 + L_NonMnfld: 0.01963 + L_Eknl: 4.77348 + L_Morse: 0.17567 + L_thetaHessian: 1.67669 + L_thetaNeighbor: -0.07987
Epoch: 0 [1780/5000 (36%)] Unweighted L_s : L_Mnfld: 0.00128 + L_NonMnfld: 0.00003 + L_Eknl: 0.09547 + L_Morse: 0.26465 + L_thetaHessian: 0.16767 + L_thetaNeighbor: -0.00266

Weights: [7000.0, 600.0, 10.0, 50.0, 30.0, 0.6337890000000002], lr=5.000e-05
Epoch: 0 [1790/5000 (36%)] Loss: 15.23706 = L_Mnfld: 9.08329 + L_NonMnfld: 0.02399 + L_Eknl: 4.46832 + L_Morse: 0.16742 + L_thetaHessian: 1.57387 + L_thetaNeighbor: -0.07983
Epoch: 0 [1790/5000 (36%)] Unweighted L_s : L_Mnfld: 0.00130 + L_NonMnfld: 0.00004 + L_Eknl: 0.08937 + L_Morse: 0.26416 + L_thetaHessian: 0.15739 + L_thetaNeighbor: -0.00266

Weights: [7000.0, 600.0, 10.0, 50.0, 30.0, 0.603799], lr=5.000e-05
Epoch: 0 [1800/5000 (36%)] Loss: 15.62654 = L_Mnfld: 9.20863 + L_NonMnfld: 0.00998 + L_Eknl: 4.65360 + L_Morse: 0.16559 + L_thetaHessian: 1.66884 + L_thetaNeighbor: -0.08010
Epoch: 0 [1800/5000 (36%)] Unweighted L_s : L_Mnfld: 0.00132 + L_NonMnfld: 0.00002 + L_Eknl: 0.09307 + L_Morse: 0.27425 + L_thetaHessian: 0.16688 + L_thetaNeighbor: -0.00267

Weights: [7000.0, 600.0, 10.0, 50.0, 30.0, 0.5738090000000002], lr=5.000e-05
Epoch: 0 [1810/5000 (36%)] Loss: 14.42806 = L_Mnfld: 8.27260 + L_NonMnfld: 0.02259 + L_Eknl: 4.43447 + L_Morse: 0.14958 + L_thetaHessian: 1.62874 + L_thetaNeighbor: -0.07993
Epoch: 0 [1810/5000 (36%)] Unweighted L_s : L_Mnfld: 0.00118 + L_NonMnfld: 0.00004 + L_Eknl: 0.08869 + L_Morse: 0.26069 + L_thetaHessian: 0.16287 + L_thetaNeighbor: -0.00266

Weights: [7000.0, 600.0, 10.0, 50.0, 30.0, 0.543819], lr=5.000e-05
Epoch: 0 [1820/5000 (36%)] Loss: 15.16964 = L_Mnfld: 8.83656 + L_NonMnfld: 0.01741 + L_Eknl: 4.67748 + L_Morse: 0.14208 + L_thetaHessian: 1.57610 + L_thetaNeighbor: -0.07999
Epoch: 0 [1820/5000 (36%)] Unweighted L_s : L_Mnfld: 0.00126 + L_NonMnfld: 0.00003 + L_Eknl: 0.09355 + L_Morse: 0.26126 + L_thetaHessian: 0.15761 + L_thetaNeighbor: -0.00267

Weights: [7000.0, 600.0, 10.0, 50.0, 30.0, 0.5138289999999999], lr=5.000e-05
Epoch: 0 [1830/5000 (37%)] Loss: 15.77669 = L_Mnfld: 9.16496 + L_NonMnfld: 0.01767 + L_Eknl: 4.85613 + L_Morse: 0.13596 + L_thetaHessian: 1.68179 + L_thetaNeighbor: -0.07982
Epoch: 0 [1830/5000 (37%)] Unweighted L_s : L_Mnfld: 0.00131 + L_NonMnfld: 0.00003 + L_Eknl: 0.09712 + L_Morse: 0.26460 + L_thetaHessian: 0.16818 + L_thetaNeighbor: -0.00266

Weights: [7000.0, 600.0, 10.0, 50.0, 30.0, 0.48383900000000013], lr=5.000e-05
Epoch: 0 [1840/5000 (37%)] Loss: 15.52272 = L_Mnfld: 9.03557 + L_NonMnfld: 0.01360 + L_Eknl: 4.62628 + L_Morse: 0.13196 + L_thetaHessian: 1.79551 + L_thetaNeighbor: -0.08020
Epoch: 0 [1840/5000 (37%)] Unweighted L_s : L_Mnfld: 0.00129 + L_NonMnfld: 0.00002 + L_Eknl: 0.09253 + L_Morse: 0.27273 + L_thetaHessian: 0.17955 + L_thetaNeighbor: -0.00267

Weights: [7000.0, 600.0, 10.0, 50.0, 30.0, 0.45384899999999995], lr=5.000e-05
Epoch: 0 [1850/5000 (37%)] Loss: 14.60530 = L_Mnfld: 8.33036 + L_NonMnfld: 0.01527 + L_Eknl: 4.66621 + L_Morse: 0.12053 + L_thetaHessian: 1.55331 + L_thetaNeighbor: -0.08038
Epoch: 0 [1850/5000 (37%)] Unweighted L_s : L_Mnfld: 0.00119 + L_NonMnfld: 0.00003 + L_Eknl: 0.09332 + L_Morse: 0.26557 + L_thetaHessian: 0.15533 + L_thetaNeighbor: -0.00268

Weights: [7000.0, 600.0, 10.0, 50.0, 30.0, 0.4238590000000002], lr=5.000e-05
Epoch: 0 [1860/5000 (37%)] Loss: 14.90618 = L_Mnfld: 8.83376 + L_NonMnfld: 0.01682 + L_Eknl: 4.45697 + L_Morse: 0.11413 + L_thetaHessian: 1.56526 + L_thetaNeighbor: -0.08076
Epoch: 0 [1860/5000 (37%)] Unweighted L_s : L_Mnfld: 0.00126 + L_NonMnfld: 0.00003 + L_Eknl: 0.08914 + L_Morse: 0.26927 + L_thetaHessian: 0.15653 + L_thetaNeighbor: -0.00269

Weights: [7000.0, 600.0, 10.0, 50.0, 30.0, 0.3938689999999996], lr=5.000e-05
Epoch: 0 [1870/5000 (37%)] Loss: 15.15049 = L_Mnfld: 8.80752 + L_NonMnfld: 0.02748 + L_Eknl: 4.50429 + L_Morse: 0.10846 + L_thetaHessian: 1.78354 + L_thetaNeighbor: -0.08081
Epoch: 0 [1870/5000 (37%)] Unweighted L_s : L_Mnfld: 0.00126 + L_NonMnfld: 0.00005 + L_Eknl: 0.09009 + L_Morse: 0.27538 + L_thetaHessian: 0.17835 + L_thetaNeighbor: -0.00269

Weights: [7000.0, 600.0, 10.0, 50.0, 30.0, 0.36387899999999984], lr=5.000e-05
Epoch: 0 [1880/5000 (38%)] Loss: 14.72943 = L_Mnfld: 8.29547 + L_NonMnfld: 0.01827 + L_Eknl: 4.74868 + L_Morse: 0.10017 + L_thetaHessian: 1.64664 + L_thetaNeighbor: -0.07980
Epoch: 0 [1880/5000 (38%)] Unweighted L_s : L_Mnfld: 0.00119 + L_NonMnfld: 0.00003 + L_Eknl: 0.09497 + L_Morse: 0.27527 + L_thetaHessian: 0.16466 + L_thetaNeighbor: -0.00266

Weights: [7000.0, 600.0, 10.0, 50.0, 30.0, 0.33388899999999966], lr=5.000e-05
Epoch: 0 [1890/5000 (38%)] Loss: 15.90128 = L_Mnfld: 9.50841 + L_NonMnfld: 0.05347 + L_Eknl: 4.65477 + L_Morse: 0.09170 + L_thetaHessian: 1.67369 + L_thetaNeighbor: -0.08076
Epoch: 0 [1890/5000 (38%)] Unweighted L_s : L_Mnfld: 0.00136 + L_NonMnfld: 0.00009 + L_Eknl: 0.09310 + L_Morse: 0.27464 + L_thetaHessian: 0.16737 + L_thetaNeighbor: -0.00269

Weights: [7000.0, 600.0, 10.0, 50.0, 30.0, 0.3038989999999999], lr=5.000e-05
Epoch: 0 [1900/5000 (38%)] Loss: 15.31423 = L_Mnfld: 9.18202 + L_NonMnfld: 0.01793 + L_Eknl: 4.36670 + L_Morse: 0.08828 + L_thetaHessian: 1.73981 + L_thetaNeighbor: -0.08052
Epoch: 0 [1900/5000 (38%)] Unweighted L_s : L_Mnfld: 0.00131 + L_NonMnfld: 0.00003 + L_Eknl: 0.08733 + L_Morse: 0.29050 + L_thetaHessian: 0.17398 + L_thetaNeighbor: -0.00268

Weights: [7000.0, 600.0, 10.0, 50.0, 30.0, 0.2739090000000006], lr=5.000e-05
Epoch: 0 [1910/5000 (38%)] Loss: 14.65605 = L_Mnfld: 8.58196 + L_NonMnfld: 0.01136 + L_Eknl: 4.26383 + L_Morse: 0.07816 + L_thetaHessian: 1.80071 + L_thetaNeighbor: -0.07999
Epoch: 0 [1910/5000 (38%)] Unweighted L_s : L_Mnfld: 0.00123 + L_NonMnfld: 0.00002 + L_Eknl: 0.08528 + L_Morse: 0.28536 + L_thetaHessian: 0.18007 + L_thetaNeighbor: -0.00267

Weights: [7000.0, 600.0, 10.0, 50.0, 30.0, 0.24391900000000044], lr=5.000e-05
Epoch: 0 [1920/5000 (38%)] Loss: 15.65141 = L_Mnfld: 9.58717 + L_NonMnfld: 0.01064 + L_Eknl: 4.29750 + L_Morse: 0.07563 + L_thetaHessian: 1.76069 + L_thetaNeighbor: -0.08022
Epoch: 0 [1920/5000 (38%)] Unweighted L_s : L_Mnfld: 0.00137 + L_NonMnfld: 0.00002 + L_Eknl: 0.08595 + L_Morse: 0.31007 + L_thetaHessian: 0.17607 + L_thetaNeighbor: -0.00267

Weights: [7000.0, 600.0, 10.0, 50.0, 30.0, 0.2139290000000007], lr=5.000e-05
Epoch: 0 [1930/5000 (39%)] Loss: 15.26300 = L_Mnfld: 9.13121 + L_NonMnfld: 0.01661 + L_Eknl: 4.46899 + L_Morse: 0.06068 + L_thetaHessian: 1.66627 + L_thetaNeighbor: -0.08077
Epoch: 0 [1930/5000 (39%)] Unweighted L_s : L_Mnfld: 0.00130 + L_NonMnfld: 0.00003 + L_Eknl: 0.08938 + L_Morse: 0.28365 + L_thetaHessian: 0.16663 + L_thetaNeighbor: -0.00269

Weights: [7000.0, 600.0, 10.0, 50.0, 30.0, 0.18393900000000052], lr=5.000e-05
Epoch: 0 [1940/5000 (39%)] Loss: 15.46314 = L_Mnfld: 9.24232 + L_NonMnfld: 0.00961 + L_Eknl: 4.58373 + L_Morse: 0.05477 + L_thetaHessian: 1.65328 + L_thetaNeighbor: -0.08057
Epoch: 0 [1940/5000 (39%)] Unweighted L_s : L_Mnfld: 0.00132 + L_NonMnfld: 0.00002 + L_Eknl: 0.09167 + L_Morse: 0.29776 + L_thetaHessian: 0.16533 + L_thetaNeighbor: -0.00269

Weights: [7000.0, 600.0, 10.0, 50.0, 30.0, 0.15394900000000078], lr=5.000e-05
Epoch: 0 [1950/5000 (39%)] Loss: 15.30892 = L_Mnfld: 9.12793 + L_NonMnfld: 0.01994 + L_Eknl: 4.52892 + L_Morse: 0.04649 + L_thetaHessian: 1.66661 + L_thetaNeighbor: -0.08096
Epoch: 0 [1950/5000 (39%)] Unweighted L_s : L_Mnfld: 0.00130 + L_NonMnfld: 0.00003 + L_Eknl: 0.09058 + L_Morse: 0.30196 + L_thetaHessian: 0.16666 + L_thetaNeighbor: -0.00270

Weights: [7000.0, 600.0, 10.0, 50.0, 30.0, 0.1239590000000006], lr=5.000e-05
Epoch: 0 [1960/5000 (39%)] Loss: 16.82493 = L_Mnfld: 10.21671 + L_NonMnfld: 0.01035 + L_Eknl: 4.51041 + L_Morse: 0.04126 + L_thetaHessian: 2.12633 + L_thetaNeighbor: -0.08013
Epoch: 0 [1960/5000 (39%)] Unweighted L_s : L_Mnfld: 0.00146 + L_NonMnfld: 0.00002 + L_Eknl: 0.09021 + L_Morse: 0.33287 + L_thetaHessian: 0.21263 + L_thetaNeighbor: -0.00267

Weights: [7000.0, 600.0, 10.0, 50.0, 30.0, 0.09396900000000086], lr=5.000e-05
Epoch: 0 [1970/5000 (39%)] Loss: 16.69174 = L_Mnfld: 9.88598 + L_NonMnfld: 0.03180 + L_Eknl: 4.61671 + L_Morse: 0.03267 + L_thetaHessian: 2.20469 + L_thetaNeighbor: -0.08011
Epoch: 0 [1970/5000 (39%)] Unweighted L_s : L_Mnfld: 0.00141 + L_NonMnfld: 0.00005 + L_Eknl: 0.09233 + L_Morse: 0.34770 + L_thetaHessian: 0.22047 + L_thetaNeighbor: -0.00267

Weights: [7000.0, 600.0, 10.0, 50.0, 30.0, 0.06397900000000023], lr=5.000e-05
Epoch: 0 [1980/5000 (40%)] Loss: 16.01047 = L_Mnfld: 9.78519 + L_NonMnfld: 0.01031 + L_Eknl: 4.35617 + L_Morse: 0.02323 + L_thetaHessian: 1.91648 + L_thetaNeighbor: -0.08092
Epoch: 0 [1980/5000 (40%)] Unweighted L_s : L_Mnfld: 0.00140 + L_NonMnfld: 0.00002 + L_Eknl: 0.08712 + L_Morse: 0.36314 + L_thetaHessian: 0.19165 + L_thetaNeighbor: -0.00270

Weights: [7000.0, 600.0, 10.0, 50.0, 30.0, 0.03398900000000049], lr=5.000e-05
Epoch: 0 [1990/5000 (40%)] Loss: 15.38555 = L_Mnfld: 8.82340 + L_NonMnfld: 0.03554 + L_Eknl: 4.56951 + L_Morse: 0.01301 + L_thetaHessian: 2.02445 + L_thetaNeighbor: -0.08037
Epoch: 0 [1990/5000 (40%)] Unweighted L_s : L_Mnfld: 0.00126 + L_NonMnfld: 0.00006 + L_Eknl: 0.09139 + L_Morse: 0.38285 + L_thetaHessian: 0.20244 + L_thetaNeighbor: -0.00268

Weights: [7000.0, 600.0, 10.0, 50.0, 30.0, 0.003999000000000308], lr=5.000e-05
Epoch: 0 [2000/5000 (40%)] Loss: 15.91347 = L_Mnfld: 9.43275 + L_NonMnfld: 0.02133 + L_Eknl: 4.58243 + L_Morse: 0.00153 + L_thetaHessian: 1.95587 + L_thetaNeighbor: -0.08044
Epoch: 0 [2000/5000 (40%)] Unweighted L_s : L_Mnfld: 0.00135 + L_NonMnfld: 0.00004 + L_Eknl: 0.09165 + L_Morse: 0.38270 + L_thetaHessian: 0.19559 + L_thetaNeighbor: -0.00268

Weights: [7000.0, 600.0, 10.0, 50.0, 30.0, 0.000997], lr=5.000e-05
Epoch: 0 [2010/5000 (40%)] Loss: 15.59105 = L_Mnfld: 9.34572 + L_NonMnfld: 0.01199 + L_Eknl: 4.48360 + L_Morse: 0.00040 + L_thetaHessian: 1.83030 + L_thetaNeighbor: -0.08096
Epoch: 0 [2010/5000 (40%)] Unweighted L_s : L_Mnfld: 0.00134 + L_NonMnfld: 0.00002 + L_Eknl: 0.08967 + L_Morse: 0.40146 + L_thetaHessian: 0.18303 + L_thetaNeighbor: -0.00270

Weights: [7000.0, 600.0, 10.0, 50.0, 30.0, 0.0009936666666666668], lr=5.000e-05
Epoch: 0 [2020/5000 (40%)] Loss: 14.20419 = L_Mnfld: 8.19415 + L_NonMnfld: 0.01730 + L_Eknl: 4.44975 + L_Morse: 0.00039 + L_thetaHessian: 1.62287 + L_thetaNeighbor: -0.08028
Epoch: 0 [2020/5000 (40%)] Unweighted L_s : L_Mnfld: 0.00117 + L_NonMnfld: 0.00003 + L_Eknl: 0.08900 + L_Morse: 0.39022 + L_thetaHessian: 0.16229 + L_thetaNeighbor: -0.00268

Weights: [7000.0, 600.0, 10.0, 50.0, 30.0, 0.0009903333333333333], lr=5.000e-05
Epoch: 0 [2030/5000 (41%)] Loss: 13.82890 = L_Mnfld: 8.03811 + L_NonMnfld: 0.03580 + L_Eknl: 4.31850 + L_Morse: 0.00040 + L_thetaHessian: 1.51668 + L_thetaNeighbor: -0.08059
Epoch: 0 [2030/5000 (41%)] Unweighted L_s : L_Mnfld: 0.00115 + L_NonMnfld: 0.00006 + L_Eknl: 0.08637 + L_Morse: 0.40822 + L_thetaHessian: 0.15167 + L_thetaNeighbor: -0.00269

Weights: [7000.0, 600.0, 10.0, 50.0, 30.0, 0.000987], lr=5.000e-05
Epoch: 0 [2040/5000 (41%)] Loss: 14.38561 = L_Mnfld: 8.07114 + L_NonMnfld: 0.02269 + L_Eknl: 4.68545 + L_Morse: 0.00040 + L_thetaHessian: 1.68753 + L_thetaNeighbor: -0.08160
Epoch: 0 [2040/5000 (41%)] Unweighted L_s : L_Mnfld: 0.00115 + L_NonMnfld: 0.00004 + L_Eknl: 0.09371 + L_Morse: 0.40793 + L_thetaHessian: 0.16875 + L_thetaNeighbor: -0.00272

Weights: [7000.0, 600.0, 10.0, 50.0, 30.0, 0.0009836666666666668], lr=5.000e-05
Epoch: 0 [2050/5000 (41%)] Loss: 14.29036 = L_Mnfld: 8.10942 + L_NonMnfld: 0.02570 + L_Eknl: 4.62276 + L_Morse: 0.00040 + L_thetaHessian: 1.61317 + L_thetaNeighbor: -0.08109
Epoch: 0 [2050/5000 (41%)] Unweighted L_s : L_Mnfld: 0.00116 + L_NonMnfld: 0.00004 + L_Eknl: 0.09246 + L_Morse: 0.40376 + L_thetaHessian: 0.16132 + L_thetaNeighbor: -0.00270

Weights: [7000.0, 600.0, 10.0, 50.0, 30.0, 0.0009803333333333335], lr=5.000e-05
Epoch: 0 [2060/5000 (41%)] Loss: 15.07052 = L_Mnfld: 9.14373 + L_NonMnfld: 0.01190 + L_Eknl: 4.29041 + L_Morse: 0.00043 + L_thetaHessian: 1.70521 + L_thetaNeighbor: -0.08115
Epoch: 0 [2060/5000 (41%)] Unweighted L_s : L_Mnfld: 0.00131 + L_NonMnfld: 0.00002 + L_Eknl: 0.08581 + L_Morse: 0.43490 + L_thetaHessian: 0.17052 + L_thetaNeighbor: -0.00271

Weights: [7000.0, 600.0, 10.0, 50.0, 30.0, 0.000977], lr=5.000e-05
Epoch: 0 [2070/5000 (41%)] Loss: 15.20379 = L_Mnfld: 9.23820 + L_NonMnfld: 0.01219 + L_Eknl: 4.34676 + L_Morse: 0.00045 + L_thetaHessian: 1.68723 + L_thetaNeighbor: -0.08103
Epoch: 0 [2070/5000 (41%)] Unweighted L_s : L_Mnfld: 0.00132 + L_NonMnfld: 0.00002 + L_Eknl: 0.08694 + L_Morse: 0.46011 + L_thetaHessian: 0.16872 + L_thetaNeighbor: -0.00270

Weights: [7000.0, 600.0, 10.0, 50.0, 30.0, 0.0009736666666666667], lr=5.000e-05
Epoch: 0 [2080/5000 (42%)] Loss: 15.32467 = L_Mnfld: 9.24303 + L_NonMnfld: 0.01586 + L_Eknl: 4.41365 + L_Morse: 0.00044 + L_thetaHessian: 1.73262 + L_thetaNeighbor: -0.08093
Epoch: 0 [2080/5000 (42%)] Unweighted L_s : L_Mnfld: 0.00132 + L_NonMnfld: 0.00003 + L_Eknl: 0.08827 + L_Morse: 0.44946 + L_thetaHessian: 0.17326 + L_thetaNeighbor: -0.00270

Weights: [7000.0, 600.0, 10.0, 50.0, 30.0, 0.0009703333333333334], lr=5.000e-05
Epoch: 0 [2090/5000 (42%)] Loss: 14.85315 = L_Mnfld: 8.94364 + L_NonMnfld: 0.02567 + L_Eknl: 4.23757 + L_Morse: 0.00045 + L_thetaHessian: 1.72697 + L_thetaNeighbor: -0.08114
Epoch: 0 [2090/5000 (42%)] Unweighted L_s : L_Mnfld: 0.00128 + L_NonMnfld: 0.00004 + L_Eknl: 0.08475 + L_Morse: 0.46240 + L_thetaHessian: 0.17270 + L_thetaNeighbor: -0.00270

Weights: [7000.0, 600.0, 10.0, 50.0, 30.0, 0.0009670000000000001], lr=5.000e-05
Epoch: 0 [2100/5000 (42%)] Loss: 14.63540 = L_Mnfld: 8.78579 + L_NonMnfld: 0.00742 + L_Eknl: 4.32948 + L_Morse: 0.00044 + L_thetaHessian: 1.59340 + L_thetaNeighbor: -0.08114
Epoch: 0 [2100/5000 (42%)] Unweighted L_s : L_Mnfld: 0.00126 + L_NonMnfld: 0.00001 + L_Eknl: 0.08659 + L_Morse: 0.45884 + L_thetaHessian: 0.15934 + L_thetaNeighbor: -0.00270

Weights: [7000.0, 600.0, 10.0, 50.0, 30.0, 0.0009636666666666667], lr=5.000e-05
Epoch: 0 [2110/5000 (42%)] Loss: 15.17026 = L_Mnfld: 9.28606 + L_NonMnfld: 0.01191 + L_Eknl: 4.26977 + L_Morse: 0.00045 + L_thetaHessian: 1.68283 + L_thetaNeighbor: -0.08075
Epoch: 0 [2110/5000 (42%)] Unweighted L_s : L_Mnfld: 0.00133 + L_NonMnfld: 0.00002 + L_Eknl: 0.08540 + L_Morse: 0.46624 + L_thetaHessian: 0.16828 + L_thetaNeighbor: -0.00269

Weights: [7000.0, 600.0, 10.0, 50.0, 30.0, 0.0009603333333333333], lr=5.000e-05
Epoch: 0 [2120/5000 (42%)] Loss: 14.35769 = L_Mnfld: 8.33463 + L_NonMnfld: 0.01052 + L_Eknl: 4.31522 + L_Morse: 0.00046 + L_thetaHessian: 1.77818 + L_thetaNeighbor: -0.08132
Epoch: 0 [2120/5000 (42%)] Unweighted L_s : L_Mnfld: 0.00119 + L_NonMnfld: 0.00002 + L_Eknl: 0.08630 + L_Morse: 0.48275 + L_thetaHessian: 0.17782 + L_thetaNeighbor: -0.00271

Weights: [7000.0, 600.0, 10.0, 50.0, 30.0, 0.0009570000000000001], lr=5.000e-05
Epoch: 0 [2130/5000 (43%)] Loss: 15.18996 = L_Mnfld: 9.02409 + L_NonMnfld: 0.00879 + L_Eknl: 4.52422 + L_Morse: 0.00047 + L_thetaHessian: 1.71354 + L_thetaNeighbor: -0.08115
Epoch: 0 [2130/5000 (43%)] Unweighted L_s : L_Mnfld: 0.00129 + L_NonMnfld: 0.00001 + L_Eknl: 0.09048 + L_Morse: 0.48736 + L_thetaHessian: 0.17135 + L_thetaNeighbor: -0.00270

Weights: [7000.0, 600.0, 10.0, 50.0, 30.0, 0.0009536666666666667], lr=5.000e-05
Epoch: 0 [2140/5000 (43%)] Loss: 14.13303 = L_Mnfld: 8.40892 + L_NonMnfld: 0.00607 + L_Eknl: 4.21318 + L_Morse: 0.00046 + L_thetaHessian: 1.58493 + L_thetaNeighbor: -0.08053
Epoch: 0 [2140/5000 (43%)] Unweighted L_s : L_Mnfld: 0.00120 + L_NonMnfld: 0.00001 + L_Eknl: 0.08426 + L_Morse: 0.48025 + L_thetaHessian: 0.15849 + L_thetaNeighbor: -0.00268

Weights: [7000.0, 600.0, 10.0, 50.0, 30.0, 0.0009503333333333334], lr=5.000e-05
Epoch: 0 [2150/5000 (43%)] Loss: 14.49777 = L_Mnfld: 8.69673 + L_NonMnfld: 0.01858 + L_Eknl: 4.35114 + L_Morse: 0.00046 + L_thetaHessian: 1.51194 + L_thetaNeighbor: -0.08107
Epoch: 0 [2150/5000 (43%)] Unweighted L_s : L_Mnfld: 0.00124 + L_NonMnfld: 0.00003 + L_Eknl: 0.08702 + L_Morse: 0.48125 + L_thetaHessian: 0.15119 + L_thetaNeighbor: -0.00270

Weights: [7000.0, 600.0, 10.0, 50.0, 30.0, 0.000947], lr=5.000e-05
Epoch: 0 [2160/5000 (43%)] Loss: 15.02605 = L_Mnfld: 8.96039 + L_NonMnfld: 0.01791 + L_Eknl: 4.43901 + L_Morse: 0.00048 + L_thetaHessian: 1.68966 + L_thetaNeighbor: -0.08140
Epoch: 0 [2160/5000 (43%)] Unweighted L_s : L_Mnfld: 0.00128 + L_NonMnfld: 0.00003 + L_Eknl: 0.08878 + L_Morse: 0.50196 + L_thetaHessian: 0.16897 + L_thetaNeighbor: -0.00271

Weights: [7000.0, 600.0, 10.0, 50.0, 30.0, 0.0009436666666666667], lr=5.000e-05
Epoch: 0 [2170/5000 (43%)] Loss: 14.21325 = L_Mnfld: 8.26401 + L_NonMnfld: 0.01246 + L_Eknl: 4.33121 + L_Morse: 0.00048 + L_thetaHessian: 1.68621 + L_thetaNeighbor: -0.08111
Epoch: 0 [2170/5000 (43%)] Unweighted L_s : L_Mnfld: 0.00118 + L_NonMnfld: 0.00002 + L_Eknl: 0.08662 + L_Morse: 0.50511 + L_thetaHessian: 0.16862 + L_thetaNeighbor: -0.00270

Weights: [7000.0, 600.0, 10.0, 50.0, 30.0, 0.0009403333333333334], lr=5.000e-05
Epoch: 0 [2180/5000 (44%)] Loss: 14.20262 = L_Mnfld: 8.42546 + L_NonMnfld: 0.01356 + L_Eknl: 4.28919 + L_Morse: 0.00049 + L_thetaHessian: 1.55518 + L_thetaNeighbor: -0.08127
Epoch: 0 [2180/5000 (44%)] Unweighted L_s : L_Mnfld: 0.00120 + L_NonMnfld: 0.00002 + L_Eknl: 0.08578 + L_Morse: 0.51729 + L_thetaHessian: 0.15552 + L_thetaNeighbor: -0.00271

Weights: [7000.0, 600.0, 10.0, 50.0, 30.0, 0.000937], lr=5.000e-05
Epoch: 0 [2190/5000 (44%)] Loss: 14.45986 = L_Mnfld: 8.63737 + L_NonMnfld: 0.01438 + L_Eknl: 4.35500 + L_Morse: 0.00048 + L_thetaHessian: 1.53401 + L_thetaNeighbor: -0.08138
Epoch: 0 [2190/5000 (44%)] Unweighted L_s : L_Mnfld: 0.00123 + L_NonMnfld: 0.00002 + L_Eknl: 0.08710 + L_Morse: 0.51180 + L_thetaHessian: 0.15340 + L_thetaNeighbor: -0.00271

Weights: [7000.0, 600.0, 10.0, 50.0, 30.0, 0.0009336666666666666], lr=5.000e-05
Epoch: 0 [2200/5000 (44%)] Loss: 14.79986 = L_Mnfld: 8.77839 + L_NonMnfld: 0.01282 + L_Eknl: 4.35902 + L_Morse: 0.00051 + L_thetaHessian: 1.73074 + L_thetaNeighbor: -0.08163
Epoch: 0 [2200/5000 (44%)] Unweighted L_s : L_Mnfld: 0.00125 + L_NonMnfld: 0.00002 + L_Eknl: 0.08718 + L_Morse: 0.54923 + L_thetaHessian: 0.17307 + L_thetaNeighbor: -0.00272

Weights: [7000.0, 600.0, 10.0, 50.0, 30.0, 0.0009303333333333334], lr=5.000e-05
Epoch: 0 [2210/5000 (44%)] Loss: 14.64929 = L_Mnfld: 8.88138 + L_NonMnfld: 0.01680 + L_Eknl: 4.24227 + L_Morse: 0.00049 + L_thetaHessian: 1.58979 + L_thetaNeighbor: -0.08144
Epoch: 0 [2210/5000 (44%)] Unweighted L_s : L_Mnfld: 0.00127 + L_NonMnfld: 0.00003 + L_Eknl: 0.08485 + L_Morse: 0.53118 + L_thetaHessian: 0.15898 + L_thetaNeighbor: -0.00271

Weights: [7000.0, 600.0, 10.0, 50.0, 30.0, 0.0009270000000000001], lr=5.000e-05
Epoch: 0 [2220/5000 (44%)] Loss: 15.42434 = L_Mnfld: 9.39172 + L_NonMnfld: 0.00970 + L_Eknl: 4.47338 + L_Morse: 0.00052 + L_thetaHessian: 1.63067 + L_thetaNeighbor: -0.08165
Epoch: 0 [2220/5000 (44%)] Unweighted L_s : L_Mnfld: 0.00134 + L_NonMnfld: 0.00002 + L_Eknl: 0.08947 + L_Morse: 0.55782 + L_thetaHessian: 0.16307 + L_thetaNeighbor: -0.00272

Weights: [7000.0, 600.0, 10.0, 50.0, 30.0, 0.0009236666666666668], lr=5.000e-05
Epoch: 0 [2230/5000 (45%)] Loss: 14.60541 = L_Mnfld: 8.59492 + L_NonMnfld: 0.02940 + L_Eknl: 4.39530 + L_Morse: 0.00049 + L_thetaHessian: 1.66625 + L_thetaNeighbor: -0.08094
Epoch: 0 [2230/5000 (45%)] Unweighted L_s : L_Mnfld: 0.00123 + L_NonMnfld: 0.00005 + L_Eknl: 0.08791 + L_Morse: 0.52613 + L_thetaHessian: 0.16662 + L_thetaNeighbor: -0.00270

Weights: [7000.0, 600.0, 10.0, 50.0, 30.0, 0.0009203333333333334], lr=5.000e-05
Epoch: 0 [2240/5000 (45%)] Loss: 15.15721 = L_Mnfld: 9.00317 + L_NonMnfld: 0.02371 + L_Eknl: 4.38742 + L_Morse: 0.00051 + L_thetaHessian: 1.82287 + L_thetaNeighbor: -0.08047
Epoch: 0 [2240/5000 (45%)] Unweighted L_s : L_Mnfld: 0.00129 + L_NonMnfld: 0.00004 + L_Eknl: 0.08775 + L_Morse: 0.55249 + L_thetaHessian: 0.18229 + L_thetaNeighbor: -0.00268

Weights: [7000.0, 600.0, 10.0, 50.0, 30.0, 0.0009170000000000001], lr=5.000e-05
Epoch: 0 [2250/5000 (45%)] Loss: 14.73454 = L_Mnfld: 8.62285 + L_NonMnfld: 0.01142 + L_Eknl: 4.40767 + L_Morse: 0.00053 + L_thetaHessian: 1.77287 + L_thetaNeighbor: -0.08080
Epoch: 0 [2250/5000 (45%)] Unweighted L_s : L_Mnfld: 0.00123 + L_NonMnfld: 0.00002 + L_Eknl: 0.08815 + L_Morse: 0.57856 + L_thetaHessian: 0.17729 + L_thetaNeighbor: -0.00269

Weights: [7000.0, 600.0, 10.0, 50.0, 30.0, 0.0009136666666666668], lr=5.000e-05
Epoch: 0 [2260/5000 (45%)] Loss: 15.18673 = L_Mnfld: 9.07460 + L_NonMnfld: 0.01426 + L_Eknl: 4.46951 + L_Morse: 0.00052 + L_thetaHessian: 1.70848 + L_thetaNeighbor: -0.08064
Epoch: 0 [2260/5000 (45%)] Unweighted L_s : L_Mnfld: 0.00130 + L_NonMnfld: 0.00002 + L_Eknl: 0.08939 + L_Morse: 0.57262 + L_thetaHessian: 0.17085 + L_thetaNeighbor: -0.00269

Weights: [7000.0, 600.0, 10.0, 50.0, 30.0, 0.0009103333333333334], lr=5.000e-05
Epoch: 0 [2270/5000 (45%)] Loss: 14.28545 = L_Mnfld: 8.27950 + L_NonMnfld: 0.01105 + L_Eknl: 4.39763 + L_Morse: 0.00053 + L_thetaHessian: 1.67832 + L_thetaNeighbor: -0.08157
Epoch: 0 [2270/5000 (45%)] Unweighted L_s : L_Mnfld: 0.00118 + L_NonMnfld: 0.00002 + L_Eknl: 0.08795 + L_Morse: 0.58450 + L_thetaHessian: 0.16783 + L_thetaNeighbor: -0.00272

Weights: [7000.0, 600.0, 10.0, 50.0, 30.0, 0.000907], lr=5.000e-05
Epoch: 0 [2280/5000 (46%)] Loss: 13.87710 = L_Mnfld: 8.14262 + L_NonMnfld: 0.01176 + L_Eknl: 4.22520 + L_Morse: 0.00054 + L_thetaHessian: 1.57843 + L_thetaNeighbor: -0.08145
Epoch: 0 [2280/5000 (46%)] Unweighted L_s : L_Mnfld: 0.00116 + L_NonMnfld: 0.00002 + L_Eknl: 0.08450 + L_Morse: 0.59907 + L_thetaHessian: 0.15784 + L_thetaNeighbor: -0.00271

Weights: [7000.0, 600.0, 10.0, 50.0, 30.0, 0.0009036666666666668], lr=5.000e-05
Epoch: 0 [2290/5000 (46%)] Loss: 14.02656 = L_Mnfld: 8.03965 + L_NonMnfld: 0.01697 + L_Eknl: 4.38064 + L_Morse: 0.00053 + L_thetaHessian: 1.67011 + L_thetaNeighbor: -0.08135
Epoch: 0 [2290/5000 (46%)] Unweighted L_s : L_Mnfld: 0.00115 + L_NonMnfld: 0.00003 + L_Eknl: 0.08761 + L_Morse: 0.58713 + L_thetaHessian: 0.16701 + L_thetaNeighbor: -0.00271

Weights: [7000.0, 600.0, 10.0, 50.0, 30.0, 0.0009003333333333334], lr=5.000e-05
Epoch: 0 [2300/5000 (46%)] Loss: 13.87124 = L_Mnfld: 8.08149 + L_NonMnfld: 0.00803 + L_Eknl: 4.31491 + L_Morse: 0.00053 + L_thetaHessian: 1.54771 + L_thetaNeighbor: -0.08142
Epoch: 0 [2300/5000 (46%)] Unweighted L_s : L_Mnfld: 0.00115 + L_NonMnfld: 0.00001 + L_Eknl: 0.08630 + L_Morse: 0.58551 + L_thetaHessian: 0.15477 + L_thetaNeighbor: -0.00271

Weights: [7000.0, 600.0, 10.0, 50.0, 30.0, 0.000897], lr=5.000e-05
Epoch: 0 [2310/5000 (46%)] Loss: 14.31280 = L_Mnfld: 8.50511 + L_NonMnfld: 0.02083 + L_Eknl: 4.20282 + L_Morse: 0.00053 + L_thetaHessian: 1.66491 + L_thetaNeighbor: -0.08139
Epoch: 0 [2310/5000 (46%)] Unweighted L_s : L_Mnfld: 0.00122 + L_NonMnfld: 0.00003 + L_Eknl: 0.08406 + L_Morse: 0.59073 + L_thetaHessian: 0.16649 + L_thetaNeighbor: -0.00271

Weights: [7000.0, 600.0, 10.0, 50.0, 30.0, 0.0008936666666666667], lr=5.000e-05
Epoch: 0 [2320/5000 (46%)] Loss: 14.57601 = L_Mnfld: 8.52002 + L_NonMnfld: 0.00775 + L_Eknl: 4.40590 + L_Morse: 0.00053 + L_thetaHessian: 1.72346 + L_thetaNeighbor: -0.08164
Epoch: 0 [2320/5000 (46%)] Unweighted L_s : L_Mnfld: 0.00122 + L_NonMnfld: 0.00001 + L_Eknl: 0.08812 + L_Morse: 0.59120 + L_thetaHessian: 0.17235 + L_thetaNeighbor: -0.00272

Weights: [7000.0, 600.0, 10.0, 50.0, 30.0, 0.0008903333333333334], lr=5.000e-05
Epoch: 0 [2330/5000 (47%)] Loss: 13.50873 = L_Mnfld: 7.90015 + L_NonMnfld: 0.02351 + L_Eknl: 4.15121 + L_Morse: 0.00054 + L_thetaHessian: 1.51446 + L_thetaNeighbor: -0.08113
Epoch: 0 [2330/5000 (47%)] Unweighted L_s : L_Mnfld: 0.00113 + L_NonMnfld: 0.00004 + L_Eknl: 0.08302 + L_Morse: 0.60399 + L_thetaHessian: 0.15145 + L_thetaNeighbor: -0.00270

Weights: [7000.0, 600.0, 10.0, 50.0, 30.0, 0.0008870000000000001], lr=5.000e-05
Epoch: 0 [2340/5000 (47%)] Loss: 14.69757 = L_Mnfld: 8.86368 + L_NonMnfld: 0.00999 + L_Eknl: 4.40717 + L_Morse: 0.00052 + L_thetaHessian: 1.49844 + L_thetaNeighbor: -0.08223
Epoch: 0 [2340/5000 (47%)] Unweighted L_s : L_Mnfld: 0.00127 + L_NonMnfld: 0.00002 + L_Eknl: 0.08814 + L_Morse: 0.59006 + L_thetaHessian: 0.14984 + L_thetaNeighbor: -0.00274

Weights: [7000.0, 600.0, 10.0, 50.0, 30.0, 0.0008836666666666667], lr=5.000e-05
Epoch: 0 [2350/5000 (47%)] Loss: 14.24945 = L_Mnfld: 8.51287 + L_NonMnfld: 0.02081 + L_Eknl: 4.27336 + L_Morse: 0.00053 + L_thetaHessian: 1.52354 + L_thetaNeighbor: -0.08167
Epoch: 0 [2350/5000 (47%)] Unweighted L_s : L_Mnfld: 0.00122 + L_NonMnfld: 0.00003 + L_Eknl: 0.08547 + L_Morse: 0.60309 + L_thetaHessian: 0.15235 + L_thetaNeighbor: -0.00272

Weights: [7000.0, 600.0, 10.0, 50.0, 30.0, 0.0008803333333333334], lr=5.000e-05
Epoch: 0 [2360/5000 (47%)] Loss: 13.63018 = L_Mnfld: 7.98502 + L_NonMnfld: 0.02133 + L_Eknl: 4.12651 + L_Morse: 0.00053 + L_thetaHessian: 1.57867 + L_thetaNeighbor: -0.08188
Epoch: 0 [2360/5000 (47%)] Unweighted L_s : L_Mnfld: 0.00114 + L_NonMnfld: 0.00004 + L_Eknl: 0.08253 + L_Morse: 0.59833 + L_thetaHessian: 0.15787 + L_thetaNeighbor: -0.00273

Weights: [7000.0, 600.0, 10.0, 50.0, 30.0, 0.0008770000000000001], lr=5.000e-05
Epoch: 0 [2370/5000 (47%)] Loss: 13.33143 = L_Mnfld: 7.87615 + L_NonMnfld: 0.01814 + L_Eknl: 4.13926 + L_Morse: 0.00053 + L_thetaHessian: 1.37933 + L_thetaNeighbor: -0.08198
Epoch: 0 [2370/5000 (47%)] Unweighted L_s : L_Mnfld: 0.00113 + L_NonMnfld: 0.00003 + L_Eknl: 0.08279 + L_Morse: 0.59957 + L_thetaHessian: 0.13793 + L_thetaNeighbor: -0.00273

Weights: [7000.0, 600.0, 10.0, 50.0, 30.0, 0.0008736666666666667], lr=5.000e-05
Epoch: 0 [2380/5000 (48%)] Loss: 13.52069 = L_Mnfld: 8.20531 + L_NonMnfld: 0.01138 + L_Eknl: 3.97011 + L_Morse: 0.00054 + L_thetaHessian: 1.41538 + L_thetaNeighbor: -0.08203
Epoch: 0 [2380/5000 (48%)] Unweighted L_s : L_Mnfld: 0.00117 + L_NonMnfld: 0.00002 + L_Eknl: 0.07940 + L_Morse: 0.61378 + L_thetaHessian: 0.14154 + L_thetaNeighbor: -0.00273

Weights: [7000.0, 600.0, 10.0, 50.0, 30.0, 0.0008703333333333334], lr=5.000e-05
Epoch: 0 [2390/5000 (48%)] Loss: 13.35985 = L_Mnfld: 7.84771 + L_NonMnfld: 0.01341 + L_Eknl: 4.09549 + L_Morse: 0.00054 + L_thetaHessian: 1.48465 + L_thetaNeighbor: -0.08194
Epoch: 0 [2390/5000 (48%)] Unweighted L_s : L_Mnfld: 0.00112 + L_NonMnfld: 0.00002 + L_Eknl: 0.08191 + L_Morse: 0.61723 + L_thetaHessian: 0.14846 + L_thetaNeighbor: -0.00273

Weights: [7000.0, 600.0, 10.0, 50.0, 30.0, 0.000867], lr=5.000e-05
Epoch: 0 [2400/5000 (48%)] Loss: 13.89201 = L_Mnfld: 8.02904 + L_NonMnfld: 0.01331 + L_Eknl: 4.38466 + L_Morse: 0.00054 + L_thetaHessian: 1.54673 + L_thetaNeighbor: -0.08228
Epoch: 0 [2400/5000 (48%)] Unweighted L_s : L_Mnfld: 0.00115 + L_NonMnfld: 0.00002 + L_Eknl: 0.08769 + L_Morse: 0.61830 + L_thetaHessian: 0.15467 + L_thetaNeighbor: -0.00274

Weights: [7000.0, 600.0, 10.0, 50.0, 30.0, 0.0008636666666666667], lr=5.000e-05
Epoch: 0 [2410/5000 (48%)] Loss: 13.77230 = L_Mnfld: 8.12957 + L_NonMnfld: 0.01369 + L_Eknl: 4.19495 + L_Morse: 0.00054 + L_thetaHessian: 1.51541 + L_thetaNeighbor: -0.08186
Epoch: 0 [2410/5000 (48%)] Unweighted L_s : L_Mnfld: 0.00116 + L_NonMnfld: 0.00002 + L_Eknl: 0.08390 + L_Morse: 0.62597 + L_thetaHessian: 0.15154 + L_thetaNeighbor: -0.00273

Weights: [7000.0, 600.0, 10.0, 50.0, 30.0, 0.0008603333333333334], lr=5.000e-05
Epoch: 0 [2420/5000 (48%)] Loss: 13.36187 = L_Mnfld: 7.67392 + L_NonMnfld: 0.01426 + L_Eknl: 4.26713 + L_Morse: 0.00053 + L_thetaHessian: 1.48787 + L_thetaNeighbor: -0.08184
Epoch: 0 [2420/5000 (48%)] Unweighted L_s : L_Mnfld: 0.00110 + L_NonMnfld: 0.00002 + L_Eknl: 0.08534 + L_Morse: 0.61981 + L_thetaHessian: 0.14879 + L_thetaNeighbor: -0.00273

Weights: [7000.0, 600.0, 10.0, 50.0, 30.0, 0.000857], lr=5.000e-05
Epoch: 0 [2430/5000 (49%)] Loss: 13.53384 = L_Mnfld: 8.14992 + L_NonMnfld: 0.02028 + L_Eknl: 3.92926 + L_Morse: 0.00054 + L_thetaHessian: 1.51600 + L_thetaNeighbor: -0.08217
Epoch: 0 [2430/5000 (49%)] Unweighted L_s : L_Mnfld: 0.00116 + L_NonMnfld: 0.00003 + L_Eknl: 0.07859 + L_Morse: 0.62868 + L_thetaHessian: 0.15160 + L_thetaNeighbor: -0.00274

Weights: [7000.0, 600.0, 10.0, 50.0, 30.0, 0.0008536666666666666], lr=5.000e-05
Epoch: 0 [2440/5000 (49%)] Loss: 13.25720 = L_Mnfld: 7.91251 + L_NonMnfld: 0.01296 + L_Eknl: 3.93637 + L_Morse: 0.00053 + L_thetaHessian: 1.47683 + L_thetaNeighbor: -0.08200
Epoch: 0 [2440/5000 (49%)] Unweighted L_s : L_Mnfld: 0.00113 + L_NonMnfld: 0.00002 + L_Eknl: 0.07873 + L_Morse: 0.62245 + L_thetaHessian: 0.14768 + L_thetaNeighbor: -0.00273

Weights: [7000.0, 600.0, 10.0, 50.0, 30.0, 0.0008503333333333334], lr=5.000e-05
Epoch: 0 [2450/5000 (49%)] Loss: 13.39023 = L_Mnfld: 7.89464 + L_NonMnfld: 0.01796 + L_Eknl: 4.14083 + L_Morse: 0.00051 + L_thetaHessian: 1.41849 + L_thetaNeighbor: -0.08219
Epoch: 0 [2450/5000 (49%)] Unweighted L_s : L_Mnfld: 0.00113 + L_NonMnfld: 0.00003 + L_Eknl: 0.08282 + L_Morse: 0.60090 + L_thetaHessian: 0.14185 + L_thetaNeighbor: -0.00274

Weights: [7000.0, 600.0, 10.0, 50.0, 30.0, 0.000847], lr=5.000e-05
Epoch: 0 [2460/5000 (49%)] Loss: 13.92390 = L_Mnfld: 8.43261 + L_NonMnfld: 0.00836 + L_Eknl: 4.11075 + L_Morse: 0.00053 + L_thetaHessian: 1.45360 + L_thetaNeighbor: -0.08194
Epoch: 0 [2460/5000 (49%)] Unweighted L_s : L_Mnfld: 0.00120 + L_NonMnfld: 0.00001 + L_Eknl: 0.08221 + L_Morse: 0.62042 + L_thetaHessian: 0.14536 + L_thetaNeighbor: -0.00273

Weights: [7000.0, 600.0, 10.0, 50.0, 30.0, 0.0008436666666666666], lr=5.000e-05
Epoch: 0 [2470/5000 (49%)] Loss: 13.87308 = L_Mnfld: 8.19593 + L_NonMnfld: 0.00962 + L_Eknl: 4.24542 + L_Morse: 0.00054 + L_thetaHessian: 1.50300 + L_thetaNeighbor: -0.08144
Epoch: 0 [2470/5000 (49%)] Unweighted L_s : L_Mnfld: 0.00117 + L_NonMnfld: 0.00002 + L_Eknl: 0.08491 + L_Morse: 0.63450 + L_thetaHessian: 0.15030 + L_thetaNeighbor: -0.00271

Weights: [7000.0, 600.0, 10.0, 50.0, 30.0, 0.0008403333333333333], lr=5.000e-05
Epoch: 0 [2480/5000 (50%)] Loss: 13.54755 = L_Mnfld: 7.95751 + L_NonMnfld: 0.00829 + L_Eknl: 4.10180 + L_Morse: 0.00054 + L_thetaHessian: 1.56112 + L_thetaNeighbor: -0.08171
Epoch: 0 [2480/5000 (50%)] Unweighted L_s : L_Mnfld: 0.00114 + L_NonMnfld: 0.00001 + L_Eknl: 0.08204 + L_Morse: 0.63979 + L_thetaHessian: 0.15611 + L_thetaNeighbor: -0.00272

Weights: [7000.0, 600.0, 10.0, 50.0, 30.0, 0.0008370000000000001], lr=5.000e-05
Epoch: 0 [2490/5000 (50%)] Loss: 13.91166 = L_Mnfld: 8.22114 + L_NonMnfld: 0.01799 + L_Eknl: 4.24112 + L_Morse: 0.00054 + L_thetaHessian: 1.51276 + L_thetaNeighbor: -0.08190
Epoch: 0 [2490/5000 (50%)] Unweighted L_s : L_Mnfld: 0.00117 + L_NonMnfld: 0.00003 + L_Eknl: 0.08482 + L_Morse: 0.63919 + L_thetaHessian: 0.15128 + L_thetaNeighbor: -0.00273

Weights: [7000.0, 600.0, 10.0, 50.0, 30.0, 0.0008336666666666667], lr=5.000e-05
Epoch: 0 [2500/5000 (50%)] Loss: 13.45772 = L_Mnfld: 7.98065 + L_NonMnfld: 0.00896 + L_Eknl: 4.01239 + L_Morse: 0.00055 + L_thetaHessian: 1.53701 + L_thetaNeighbor: -0.08184
Epoch: 0 [2500/5000 (50%)] Unweighted L_s : L_Mnfld: 0.00114 + L_NonMnfld: 0.00001 + L_Eknl: 0.08025 + L_Morse: 0.65809 + L_thetaHessian: 0.15370 + L_thetaNeighbor: -0.00273

Weights: [7000.0, 600.0, 10.0, 50.0, 30.0, 0.0008303333333333333], lr=5.000e-05
Epoch: 0 [2510/5000 (50%)] Loss: 13.85496 = L_Mnfld: 8.17133 + L_NonMnfld: 0.01109 + L_Eknl: 4.23711 + L_Morse: 0.00052 + L_thetaHessian: 1.51629 + L_thetaNeighbor: -0.08139
Epoch: 0 [2510/5000 (50%)] Unweighted L_s : L_Mnfld: 0.00117 + L_NonMnfld: 0.00002 + L_Eknl: 0.08474 + L_Morse: 0.63009 + L_thetaHessian: 0.15163 + L_thetaNeighbor: -0.00271

Weights: [7000.0, 600.0, 10.0, 50.0, 30.0, 0.000827], lr=5.000e-05
Epoch: 0 [2520/5000 (50%)] Loss: 13.77454 = L_Mnfld: 8.12951 + L_NonMnfld: 0.01000 + L_Eknl: 4.25171 + L_Morse: 0.00053 + L_thetaHessian: 1.46457 + L_thetaNeighbor: -0.08177
Epoch: 0 [2520/5000 (50%)] Unweighted L_s : L_Mnfld: 0.00116 + L_NonMnfld: 0.00002 + L_Eknl: 0.08503 + L_Morse: 0.64076 + L_thetaHessian: 0.14646 + L_thetaNeighbor: -0.00273

Weights: [7000.0, 600.0, 10.0, 50.0, 30.0, 0.0008236666666666667], lr=5.000e-05
Epoch: 0 [2530/5000 (51%)] Loss: 13.27633 = L_Mnfld: 8.16337 + L_NonMnfld: 0.01074 + L_Eknl: 3.73650 + L_Morse: 0.00053 + L_thetaHessian: 1.44722 + L_thetaNeighbor: -0.08204
Epoch: 0 [2530/5000 (51%)] Unweighted L_s : L_Mnfld: 0.00117 + L_NonMnfld: 0.00002 + L_Eknl: 0.07473 + L_Morse: 0.64683 + L_thetaHessian: 0.14472 + L_thetaNeighbor: -0.00273

Weights: [7000.0, 600.0, 10.0, 50.0, 30.0, 0.0008203333333333333], lr=5.000e-05
Epoch: 0 [2540/5000 (51%)] Loss: 13.59704 = L_Mnfld: 7.85551 + L_NonMnfld: 0.01970 + L_Eknl: 4.24406 + L_Morse: 0.00054 + L_thetaHessian: 1.55923 + L_thetaNeighbor: -0.08201
Epoch: 0 [2540/5000 (51%)] Unweighted L_s : L_Mnfld: 0.00112 + L_NonMnfld: 0.00003 + L_Eknl: 0.08488 + L_Morse: 0.65972 + L_thetaHessian: 0.15592 + L_thetaNeighbor: -0.00273

Weights: [7000.0, 600.0, 10.0, 50.0, 30.0, 0.000817], lr=5.000e-05
Epoch: 0 [2550/5000 (51%)] Loss: 13.18813 = L_Mnfld: 7.84173 + L_NonMnfld: 0.03591 + L_Eknl: 3.91558 + L_Morse: 0.00053 + L_thetaHessian: 1.47646 + L_thetaNeighbor: -0.08208
Epoch: 0 [2550/5000 (51%)] Unweighted L_s : L_Mnfld: 0.00112 + L_NonMnfld: 0.00006 + L_Eknl: 0.07831 + L_Morse: 0.64841 + L_thetaHessian: 0.14765 + L_thetaNeighbor: -0.00274

Weights: [7000.0, 600.0, 10.0, 50.0, 30.0, 0.0008136666666666666], lr=5.000e-05
Epoch: 0 [2560/5000 (51%)] Loss: 13.63549 = L_Mnfld: 7.91358 + L_NonMnfld: 0.02088 + L_Eknl: 4.38076 + L_Morse: 0.00054 + L_thetaHessian: 1.40184 + L_thetaNeighbor: -0.08212
Epoch: 0 [2560/5000 (51%)] Unweighted L_s : L_Mnfld: 0.00113 + L_NonMnfld: 0.00003 + L_Eknl: 0.08762 + L_Morse: 0.66141 + L_thetaHessian: 0.14018 + L_thetaNeighbor: -0.00274

Weights: [7000.0, 600.0, 10.0, 50.0, 30.0, 0.0008103333333333333], lr=5.000e-05
Epoch: 0 [2570/5000 (51%)] Loss: 13.48366 = L_Mnfld: 7.83965 + L_NonMnfld: 0.01487 + L_Eknl: 4.10813 + L_Morse: 0.00055 + L_thetaHessian: 1.60269 + L_thetaNeighbor: -0.08224
Epoch: 0 [2570/5000 (51%)] Unweighted L_s : L_Mnfld: 0.00112 + L_NonMnfld: 0.00002 + L_Eknl: 0.08216 + L_Morse: 0.67592 + L_thetaHessian: 0.16027 + L_thetaNeighbor: -0.00274

Weights: [7000.0, 600.0, 10.0, 50.0, 30.0, 0.000807], lr=5.000e-05
Epoch: 0 [2580/5000 (52%)] Loss: 13.47064 = L_Mnfld: 7.87585 + L_NonMnfld: 0.00744 + L_Eknl: 4.06441 + L_Morse: 0.00054 + L_thetaHessian: 1.60455 + L_thetaNeighbor: -0.08215
Epoch: 0 [2580/5000 (52%)] Unweighted L_s : L_Mnfld: 0.00113 + L_NonMnfld: 0.00001 + L_Eknl: 0.08129 + L_Morse: 0.66745 + L_thetaHessian: 0.16046 + L_thetaNeighbor: -0.00274

Weights: [7000.0, 600.0, 10.0, 50.0, 30.0, 0.0008036666666666666], lr=5.000e-05
Epoch: 0 [2590/5000 (52%)] Loss: 13.42811 = L_Mnfld: 7.66866 + L_NonMnfld: 0.01373 + L_Eknl: 4.33604 + L_Morse: 0.00053 + L_thetaHessian: 1.49106 + L_thetaNeighbor: -0.08191
Epoch: 0 [2590/5000 (52%)] Unweighted L_s : L_Mnfld: 0.00110 + L_NonMnfld: 0.00002 + L_Eknl: 0.08672 + L_Morse: 0.65737 + L_thetaHessian: 0.14911 + L_thetaNeighbor: -0.00273

Weights: [7000.0, 600.0, 10.0, 50.0, 30.0, 0.0008003333333333333], lr=5.000e-05
Epoch: 0 [2600/5000 (52%)] Loss: 13.33373 = L_Mnfld: 7.80229 + L_NonMnfld: 0.01131 + L_Eknl: 4.09945 + L_Morse: 0.00053 + L_thetaHessian: 1.50165 + L_thetaNeighbor: -0.08151
Epoch: 0 [2600/5000 (52%)] Unweighted L_s : L_Mnfld: 0.00111 + L_NonMnfld: 0.00002 + L_Eknl: 0.08199 + L_Morse: 0.66480 + L_thetaHessian: 0.15017 + L_thetaNeighbor: -0.00272

Weights: [7000.0, 600.0, 10.0, 50.0, 30.0, 0.000797], lr=5.000e-05
Epoch: 0 [2610/5000 (52%)] Loss: 13.55906 = L_Mnfld: 8.20381 + L_NonMnfld: 0.00659 + L_Eknl: 3.99329 + L_Morse: 0.00055 + L_thetaHessian: 1.43694 + L_thetaNeighbor: -0.08212
Epoch: 0 [2610/5000 (52%)] Unweighted L_s : L_Mnfld: 0.00117 + L_NonMnfld: 0.00001 + L_Eknl: 0.07987 + L_Morse: 0.68531 + L_thetaHessian: 0.14369 + L_thetaNeighbor: -0.00274

Weights: [7000.0, 600.0, 10.0, 50.0, 30.0, 0.0007936666666666667], lr=5.000e-05
Epoch: 0 [2620/5000 (52%)] Loss: 12.79567 = L_Mnfld: 7.43036 + L_NonMnfld: 0.01271 + L_Eknl: 4.05670 + L_Morse: 0.00053 + L_thetaHessian: 1.37769 + L_thetaNeighbor: -0.08231
Epoch: 0 [2620/5000 (52%)] Unweighted L_s : L_Mnfld: 0.00106 + L_NonMnfld: 0.00002 + L_Eknl: 0.08113 + L_Morse: 0.66947 + L_thetaHessian: 0.13777 + L_thetaNeighbor: -0.00274

Weights: [7000.0, 600.0, 10.0, 50.0, 30.0, 0.0007903333333333333], lr=5.000e-05
Epoch: 0 [2630/5000 (53%)] Loss: 13.02168 = L_Mnfld: 7.49152 + L_NonMnfld: 0.01202 + L_Eknl: 4.28366 + L_Morse: 0.00054 + L_thetaHessian: 1.31621 + L_thetaNeighbor: -0.08226
Epoch: 0 [2630/5000 (53%)] Unweighted L_s : L_Mnfld: 0.00107 + L_NonMnfld: 0.00002 + L_Eknl: 0.08567 + L_Morse: 0.68253 + L_thetaHessian: 0.13162 + L_thetaNeighbor: -0.00274

Weights: [7000.0, 600.0, 10.0, 50.0, 30.0, 0.0007869999999999999], lr=5.000e-05
Epoch: 0 [2640/5000 (53%)] Loss: 12.27103 = L_Mnfld: 6.94534 + L_NonMnfld: 0.01957 + L_Eknl: 4.00838 + L_Morse: 0.00054 + L_thetaHessian: 1.37959 + L_thetaNeighbor: -0.08239
Epoch: 0 [2640/5000 (53%)] Unweighted L_s : L_Mnfld: 0.00099 + L_NonMnfld: 0.00003 + L_Eknl: 0.08017 + L_Morse: 0.68573 + L_thetaHessian: 0.13796 + L_thetaNeighbor: -0.00275

Weights: [7000.0, 600.0, 10.0, 50.0, 30.0, 0.0007836666666666667], lr=5.000e-05
Epoch: 0 [2650/5000 (53%)] Loss: 13.15243 = L_Mnfld: 7.58129 + L_NonMnfld: 0.01731 + L_Eknl: 4.16931 + L_Morse: 0.00054 + L_thetaHessian: 1.46558 + L_thetaNeighbor: -0.08160
Epoch: 0 [2650/5000 (53%)] Unweighted L_s : L_Mnfld: 0.00108 + L_NonMnfld: 0.00003 + L_Eknl: 0.08339 + L_Morse: 0.68429 + L_thetaHessian: 0.14656 + L_thetaNeighbor: -0.00272

Weights: [7000.0, 600.0, 10.0, 50.0, 30.0, 0.0007803333333333333], lr=5.000e-05
Epoch: 0 [2660/5000 (53%)] Loss: 13.05788 = L_Mnfld: 7.84233 + L_NonMnfld: 0.00880 + L_Eknl: 3.99163 + L_Morse: 0.00055 + L_thetaHessian: 1.29680 + L_thetaNeighbor: -0.08223
Epoch: 0 [2660/5000 (53%)] Unweighted L_s : L_Mnfld: 0.00112 + L_NonMnfld: 0.00001 + L_Eknl: 0.07983 + L_Morse: 0.70032 + L_thetaHessian: 0.12968 + L_thetaNeighbor: -0.00274

Weights: [7000.0, 600.0, 10.0, 50.0, 30.0, 0.0007769999999999999], lr=5.000e-05
Epoch: 0 [2670/5000 (53%)] Loss: 12.69822 = L_Mnfld: 7.43611 + L_NonMnfld: 0.01558 + L_Eknl: 4.00054 + L_Morse: 0.00054 + L_thetaHessian: 1.32794 + L_thetaNeighbor: -0.08250
Epoch: 0 [2670/5000 (53%)] Unweighted L_s : L_Mnfld: 0.00106 + L_NonMnfld: 0.00003 + L_Eknl: 0.08001 + L_Morse: 0.69747 + L_thetaHessian: 0.13279 + L_thetaNeighbor: -0.00275

Weights: [7000.0, 600.0, 10.0, 50.0, 30.0, 0.0007736666666666666], lr=5.000e-05
Epoch: 0 [2680/5000 (54%)] Loss: 13.07083 = L_Mnfld: 7.73589 + L_NonMnfld: 0.00697 + L_Eknl: 3.92378 + L_Morse: 0.00055 + L_thetaHessian: 1.48570 + L_thetaNeighbor: -0.08206
Epoch: 0 [2680/5000 (54%)] Unweighted L_s : L_Mnfld: 0.00111 + L_NonMnfld: 0.00001 + L_Eknl: 0.07848 + L_Morse: 0.70530 + L_thetaHessian: 0.14857 + L_thetaNeighbor: -0.00274

Weights: [7000.0, 600.0, 10.0, 50.0, 30.0, 0.0007703333333333335], lr=5.000e-05
Epoch: 0 [2690/5000 (54%)] Loss: 13.58085 = L_Mnfld: 7.91304 + L_NonMnfld: 0.01925 + L_Eknl: 4.17755 + L_Morse: 0.00055 + L_thetaHessian: 1.55284 + L_thetaNeighbor: -0.08239
Epoch: 0 [2690/5000 (54%)] Unweighted L_s : L_Mnfld: 0.00113 + L_NonMnfld: 0.00003 + L_Eknl: 0.08355 + L_Morse: 0.71643 + L_thetaHessian: 0.15528 + L_thetaNeighbor: -0.00275

Weights: [7000.0, 600.0, 10.0, 50.0, 30.0, 0.0007670000000000001], lr=5.000e-05
Epoch: 0 [2700/5000 (54%)] Loss: 13.33607 = L_Mnfld: 7.83494 + L_NonMnfld: 0.00844 + L_Eknl: 4.02742 + L_Morse: 0.00055 + L_thetaHessian: 1.54678 + L_thetaNeighbor: -0.08205
Epoch: 0 [2700/5000 (54%)] Unweighted L_s : L_Mnfld: 0.00112 + L_NonMnfld: 0.00001 + L_Eknl: 0.08055 + L_Morse: 0.71155 + L_thetaHessian: 0.15468 + L_thetaNeighbor: -0.00274

Weights: [7000.0, 600.0, 10.0, 50.0, 30.0, 0.0007636666666666668], lr=5.000e-05
Epoch: 0 [2710/5000 (54%)] Loss: 13.02898 = L_Mnfld: 7.63190 + L_NonMnfld: 0.00967 + L_Eknl: 3.90631 + L_Morse: 0.00054 + L_thetaHessian: 1.56304 + L_thetaNeighbor: -0.08248
Epoch: 0 [2710/5000 (54%)] Unweighted L_s : L_Mnfld: 0.00109 + L_NonMnfld: 0.00002 + L_Eknl: 0.07813 + L_Morse: 0.70387 + L_thetaHessian: 0.15630 + L_thetaNeighbor: -0.00275

Weights: [7000.0, 600.0, 10.0, 50.0, 30.0, 0.0007603333333333335], lr=5.000e-05
Epoch: 0 [2720/5000 (54%)] Loss: 13.67407 = L_Mnfld: 8.12874 + L_NonMnfld: 0.00936 + L_Eknl: 4.12974 + L_Morse: 0.00056 + L_thetaHessian: 1.48807 + L_thetaNeighbor: -0.08240
Epoch: 0 [2720/5000 (54%)] Unweighted L_s : L_Mnfld: 0.00116 + L_NonMnfld: 0.00002 + L_Eknl: 0.08259 + L_Morse: 0.73449 + L_thetaHessian: 0.14881 + L_thetaNeighbor: -0.00275

Weights: [7000.0, 600.0, 10.0, 50.0, 30.0, 0.0007570000000000001], lr=5.000e-05
Epoch: 0 [2730/5000 (55%)] Loss: 13.60172 = L_Mnfld: 8.01779 + L_NonMnfld: 0.01600 + L_Eknl: 4.15114 + L_Morse: 0.00056 + L_thetaHessian: 1.49869 + L_thetaNeighbor: -0.08246
Epoch: 0 [2730/5000 (55%)] Unweighted L_s : L_Mnfld: 0.00115 + L_NonMnfld: 0.00003 + L_Eknl: 0.08302 + L_Morse: 0.73940 + L_thetaHessian: 0.14987 + L_thetaNeighbor: -0.00275

Weights: [7000.0, 600.0, 10.0, 50.0, 30.0, 0.0007536666666666668], lr=5.000e-05
Epoch: 0 [2740/5000 (55%)] Loss: 13.01380 = L_Mnfld: 7.59497 + L_NonMnfld: 0.01041 + L_Eknl: 4.01652 + L_Morse: 0.00055 + L_thetaHessian: 1.47376 + L_thetaNeighbor: -0.08241
Epoch: 0 [2740/5000 (55%)] Unweighted L_s : L_Mnfld: 0.00108 + L_NonMnfld: 0.00002 + L_Eknl: 0.08033 + L_Morse: 0.72638 + L_thetaHessian: 0.14738 + L_thetaNeighbor: -0.00275