[2026-04-02 00:42:48] START ours 136561_426e584d_0000
input params: 
Namespace(batch_size=1, data_path='/root/shared-nvme/SemanPartMesh/reconstruction_mid30_compare_20260401/ours/136561_426e584d_0000/processed_meshes/136561_426e584d_0000.obj', decay_params=[3, 0.2, 3, 0.4, 0.001, 0], decoder_hidden_dim=256, decoder_n_hidden_layers=4, featureLine_threshold=1.0, grad_clip_norm=10.0, grid_res=256, guidance_mode='instruction', init_type='siren', instruction_anchor_weight=0.22, instruction_boundary_align_weight=1.55, instruction_boundary_prior_weight=1.0, instruction_boundary_weight=1.0, instruction_chamfer_align_weight=0.45, instruction_chamfer_consistency_weight=0.65, instruction_cross_instance_gamma=0.1, instruction_extrude_align_weight=1.2, instruction_extrude_consistency_weight=0.8, instruction_fillet_align_weight=0.8, instruction_fillet_consistency_weight=0.75, instruction_internal_template_weight=0.85, instruction_intra_weight=1.0, instruction_meta_path='/root/shared-nvme/SemanPartMesh/reconstruction_mid30_compare_20260401/ours/136561_426e584d_0000/instruction_meta/136561_426e584d_0000_instruction_meta.npz', instruction_operation_weight=1.0, instruction_prototype_path=None, instruction_prototype_weight=1.0, instruction_region_weight=1.0, instruction_revolve_align_weight=1.8, instruction_revolve_consistency_weight=0.9, instruction_singularity_weight=0.15, instruction_strong_control=False, instruction_timeline_buckets=4, instruction_timeline_weight=1.0, instruction_transition_prior_weight=2.4, instruction_type_weight=1.0, latent_size=0, load_path=None, logdir='/root/shared-nvme/SemanPartMesh/reconstruction_mid30_compare_20260401/ours/136561_426e584d_0000/neurcross_logs', loss_type='siren_wo_n_w_morse_w_theta', loss_weights=[7000.0, 600.0, 10.0, 50.0, 30.0, 3.0, 8000.0], lr=5e-05, model_name='model', morse_decay='linear', morse_near=True, morse_type='l1', n_points=5000, n_samples=5000, nl='sine', nonmnfld_sample_type='gaussian', num_epochs=1, num_workers=0, output_any=False, part_feat_path=None, relax_morse=0.5, seed=3627473, semantic_boundary_weight=1.0, semantic_cross_part_gamma=0.2, semantic_gradient_method='structure_tensor', semantic_intra_weight=1.0, semantic_neighbor_weight=1.0, sphere_init_params=[1.6, 0.1], udf=False, use_morse_nonmnfld_grad=True, use_vertices=False, weight_for_morse=False)
decoder initialising with sine and siren
==========================================================================================
Layer (type:depth-idx)                   Output Shape              Param #
==========================================================================================
Decoder                                  [1, 1024, 1]              --
├─FCBlock: 1-1                           [1, 1024, 1]              --
│    └─Sequential: 2-1                   --                        --
│    │    └─Sequential: 3-1              [1, 1024, 256]            1,024
│    │    └─Sequential: 3-8              --                        (recursive)
│    │    └─Sequential: 3-3              [1, 1024, 256]            65,792
│    │    └─Sequential: 3-8              --                        (recursive)
│    │    └─Sequential: 3-5              [1, 1024, 256]            65,792
│    │    └─Sequential: 3-8              --                        (recursive)
│    │    └─Sequential: 3-7              [1, 1024, 256]            65,792
│    │    └─Sequential: 3-8              --                        (recursive)
│    │    └─Sequential: 3-9              [1, 1024, 256]            65,792
│    │    └─Sequential: 3-10             [1, 1024, 1]              257
├─Identity: 1-2                          [1, 1024, 1]              --
==========================================================================================
Total params: 264,449
Trainable params: 264,449
Non-trainable params: 0
Total mult-adds (M): 0.26
==========================================================================================
Input size (MB): 0.01
Forward/backward pass size (MB): 10.49
Params size (MB): 1.06
Estimated Total Size (MB): 11.56
==========================================================================================
Number of parameters in the current model:4374082
n_iterations:  5000
Instruction metadata loaded: 7 instances, 882 faces, 879 target faces
Guidance mode: instruction
Weights: [7000.0, 600.0, 10.0, 50.0, 30.0, 3.0, 8000.0], lr=5.000e-05
Epoch: 0 [   0/5000 (0%)] Loss: 3703.06836 = L_Mnfld: 643.13033 + L_NonMnfld: 0.69484 + L_Eknl: 35.00151 + L_Morse: 3.91992 + L_thetaHessian: 14.85690 + L_thetaNeighbor: 5.61765 + L_Guidance: 2999.84717
Epoch: 0 [   0/5000 (0%)] Unweighted L_s : L_Mnfld: 0.09188 + L_NonMnfld: 0.00116 + L_Eknl: 0.70003 + L_Morse: 1.30664 + L_thetaHessian: 1.48569 + L_thetaNeighbor: 0.18725 + L_Guidance: 0.37498
Instruction guidance terms: boundary=0.08564, intra=0.07094, region=0.07232, type=0.07109, op=0.07499, proto=0.00000, boundary_prior=0.00000, internal_template=0.00000, transition=0.00000, extrude=0.00000, extrude_cons=0.00000, revolve=0.00000, revolve_cons=0.00000, chamfer=0.00000, chamfer_cons=0.00000, fillet=0.00000, fillet_cons=0.00000, singular=0.00000, anchor=0.00000, boundary_align=0.00000

Weights: [7000.0, 600.0, 10.0, 50.0, 30.0, 3.0, 8000.0], lr=5.000e-05
Epoch: 0 [  10/5000 (0%)] Loss: 2725.52710 = L_Mnfld: 138.84351 + L_NonMnfld: 4.90269 + L_Eknl: 35.76990 + L_Morse: 3.89740 + L_thetaHessian: 12.39843 + L_thetaNeighbor: 5.23011 + L_Guidance: 2524.48511
Epoch: 0 [  10/5000 (0%)] Unweighted L_s : L_Mnfld: 0.01983 + L_NonMnfld: 0.00817 + L_Eknl: 0.71540 + L_Morse: 1.29913 + L_thetaHessian: 1.23984 + L_thetaNeighbor: 0.17434 + L_Guidance: 0.31556
Instruction guidance terms: boundary=0.07102, intra=0.07228, region=0.05640, type=0.05580, op=0.06006, proto=0.00000, boundary_prior=0.00000, internal_template=0.00000, transition=0.00000, extrude=0.00000, extrude_cons=0.00000, revolve=0.00000, revolve_cons=0.00000, chamfer=0.00000, chamfer_cons=0.00000, fillet=0.00000, fillet_cons=0.00000, singular=0.00000, anchor=0.00000, boundary_align=0.00000

Weights: [7000.0, 600.0, 10.0, 50.0, 30.0, 3.0, 8000.0], lr=5.000e-05
Epoch: 0 [  20/5000 (0%)] Loss: 2578.84033 = L_Mnfld: 44.96826 + L_NonMnfld: 2.81238 + L_Eknl: 34.71699 + L_Morse: 3.78555 + L_thetaHessian: 9.43852 + L_thetaNeighbor: 5.19886 + L_Guidance: 2477.91958
Epoch: 0 [  20/5000 (0%)] Unweighted L_s : L_Mnfld: 0.00642 + L_NonMnfld: 0.00469 + L_Eknl: 0.69434 + L_Morse: 1.26185 + L_thetaHessian: 0.94385 + L_thetaNeighbor: 0.17330 + L_Guidance: 0.30974
Instruction guidance terms: boundary=0.06962, intra=0.07257, region=0.05474, type=0.05428, op=0.05853, proto=0.00000, boundary_prior=0.00000, internal_template=0.00000, transition=0.00000, extrude=0.00000, extrude_cons=0.00000, revolve=0.00000, revolve_cons=0.00000, chamfer=0.00000, chamfer_cons=0.00000, fillet=0.00000, fillet_cons=0.00000, singular=0.00000, anchor=0.00000, boundary_align=0.00000

Weights: [7000.0, 600.0, 10.0, 50.0, 30.0, 3.0, 8000.0], lr=5.000e-05
Epoch: 0 [  30/5000 (1%)] Loss: 2560.80908 = L_Mnfld: 33.52800 + L_NonMnfld: 0.62109 + L_Eknl: 33.54384 + L_Morse: 2.96271 + L_thetaHessian: 7.40820 + L_thetaNeighbor: 5.19902 + L_Guidance: 2477.54622
Epoch: 0 [  30/5000 (1%)] Unweighted L_s : L_Mnfld: 0.00479 + L_NonMnfld: 0.00104 + L_Eknl: 0.67088 + L_Morse: 0.98757 + L_thetaHessian: 0.74082 + L_thetaNeighbor: 0.17330 + L_Guidance: 0.30969
Instruction guidance terms: boundary=0.06965, intra=0.07241, region=0.05476, type=0.05431, op=0.05856, proto=0.00000, boundary_prior=0.00000, internal_template=0.00000, transition=0.00000, extrude=0.00000, extrude_cons=0.00000, revolve=0.00000, revolve_cons=0.00000, chamfer=0.00000, chamfer_cons=0.00000, fillet=0.00000, fillet_cons=0.00000, singular=0.00000, anchor=0.00000, boundary_align=0.00000

Weights: [7000.0, 600.0, 10.0, 50.0, 30.0, 3.0, 8000.0], lr=5.000e-05
Epoch: 0 [  40/5000 (1%)] Loss: 2551.69043 = L_Mnfld: 34.94994 + L_NonMnfld: 0.75769 + L_Eknl: 32.14422 + L_Morse: 2.58549 + L_thetaHessian: 6.03188 + L_thetaNeighbor: 5.19518 + L_Guidance: 2470.02602
Epoch: 0 [  40/5000 (1%)] Unweighted L_s : L_Mnfld: 0.00499 + L_NonMnfld: 0.00126 + L_Eknl: 0.64288 + L_Morse: 0.86183 + L_thetaHessian: 0.60319 + L_thetaNeighbor: 0.17317 + L_Guidance: 0.30875
Instruction guidance terms: boundary=0.06942, intra=0.07243, region=0.05452, type=0.05406, op=0.05832, proto=0.00000, boundary_prior=0.00000, internal_template=0.00000, transition=0.00000, extrude=0.00000, extrude_cons=0.00000, revolve=0.00000, revolve_cons=0.00000, chamfer=0.00000, chamfer_cons=0.00000, fillet=0.00000, fillet_cons=0.00000, singular=0.00000, anchor=0.00000, boundary_align=0.00000

Weights: [7000.0, 600.0, 10.0, 50.0, 30.0, 3.0, 8000.0], lr=5.000e-05
Epoch: 0 [  50/5000 (1%)] Loss: 2525.95020 = L_Mnfld: 27.17084 + L_NonMnfld: 0.27346 + L_Eknl: 30.28678 + L_Morse: 2.24384 + L_thetaHessian: 4.79790 + L_thetaNeighbor: 5.18256 + L_Guidance: 2455.99484
Epoch: 0 [  50/5000 (1%)] Unweighted L_s : L_Mnfld: 0.00388 + L_NonMnfld: 0.00046 + L_Eknl: 0.60574 + L_Morse: 0.74795 + L_thetaHessian: 0.47979 + L_thetaNeighbor: 0.17275 + L_Guidance: 0.30700
Instruction guidance terms: boundary=0.06897, intra=0.07253, region=0.05404, type=0.05360, op=0.05786, proto=0.00000, boundary_prior=0.00000, internal_template=0.00000, transition=0.00000, extrude=0.00000, extrude_cons=0.00000, revolve=0.00000, revolve_cons=0.00000, chamfer=0.00000, chamfer_cons=0.00000, fillet=0.00000, fillet_cons=0.00000, singular=0.00000, anchor=0.00000, boundary_align=0.00000

Weights: [7000.0, 600.0, 10.0, 50.0, 30.0, 3.0, 8000.0], lr=5.000e-05
Epoch: 0 [  60/5000 (1%)] Loss: 2514.25830 = L_Mnfld: 25.65826 + L_NonMnfld: 0.31121 + L_Eknl: 28.58126 + L_Morse: 2.06707 + L_thetaHessian: 4.19389 + L_thetaNeighbor: 5.17720 + L_Guidance: 2448.26961
Epoch: 0 [  60/5000 (1%)] Unweighted L_s : L_Mnfld: 0.00367 + L_NonMnfld: 0.00052 + L_Eknl: 0.57163 + L_Morse: 0.68902 + L_thetaHessian: 0.41939 + L_thetaNeighbor: 0.17257 + L_Guidance: 0.30603
Instruction guidance terms: boundary=0.06874, intra=0.07256, region=0.05377, type=0.05335, op=0.05762, proto=0.00000, boundary_prior=0.00000, internal_template=0.00000, transition=0.00000, extrude=0.00000, extrude_cons=0.00000, revolve=0.00000, revolve_cons=0.00000, chamfer=0.00000, chamfer_cons=0.00000, fillet=0.00000, fillet_cons=0.00000, singular=0.00000, anchor=0.00000, boundary_align=0.00000

Weights: [7000.0, 600.0, 10.0, 50.0, 30.0, 3.0, 8000.0], lr=5.000e-05
Epoch: 0 [  70/5000 (1%)] Loss: 2509.19580 = L_Mnfld: 25.03056 + L_NonMnfld: 0.16866 + L_Eknl: 26.85615 + L_Morse: 1.93277 + L_thetaHessian: 3.89053 + L_thetaNeighbor: 5.17589 + L_Guidance: 2446.14124
Epoch: 0 [  70/5000 (1%)] Unweighted L_s : L_Mnfld: 0.00358 + L_NonMnfld: 0.00028 + L_Eknl: 0.53712 + L_Morse: 0.64426 + L_thetaHessian: 0.38905 + L_thetaNeighbor: 0.17253 + L_Guidance: 0.30577
Instruction guidance terms: boundary=0.06868, intra=0.07254, region=0.05371, type=0.05329, op=0.05756, proto=0.00000, boundary_prior=0.00000, internal_template=0.00000, transition=0.00000, extrude=0.00000, extrude_cons=0.00000, revolve=0.00000, revolve_cons=0.00000, chamfer=0.00000, chamfer_cons=0.00000, fillet=0.00000, fillet_cons=0.00000, singular=0.00000, anchor=0.00000, boundary_align=0.00000

Weights: [7000.0, 600.0, 10.0, 50.0, 30.0, 3.0, 8000.0], lr=5.000e-05
Epoch: 0 [  80/5000 (2%)] Loss: 2504.00781 = L_Mnfld: 22.26033 + L_NonMnfld: 0.20454 + L_Eknl: 25.33935 + L_Morse: 1.88693 + L_thetaHessian: 3.65655 + L_thetaNeighbor: 5.17548 + L_Guidance: 2445.48464
Epoch: 0 [  80/5000 (2%)] Unweighted L_s : L_Mnfld: 0.00318 + L_NonMnfld: 0.00034 + L_Eknl: 0.50679 + L_Morse: 0.62898 + L_thetaHessian: 0.36565 + L_thetaNeighbor: 0.17252 + L_Guidance: 0.30569
Instruction guidance terms: boundary=0.06867, intra=0.07254, region=0.05368, type=0.05327, op=0.05754, proto=0.00000, boundary_prior=0.00000, internal_template=0.00000, transition=0.00000, extrude=0.00000, extrude_cons=0.00000, revolve=0.00000, revolve_cons=0.00000, chamfer=0.00000, chamfer_cons=0.00000, fillet=0.00000, fillet_cons=0.00000, singular=0.00000, anchor=0.00000, boundary_align=0.00000

Weights: [7000.0, 600.0, 10.0, 50.0, 30.0, 3.0, 8000.0], lr=5.000e-05
Epoch: 0 [  90/5000 (2%)] Loss: 2506.27783 = L_Mnfld: 22.60722 + L_NonMnfld: 0.09732 + L_Eknl: 23.46956 + L_Morse: 1.83859 + L_thetaHessian: 3.54501 + L_thetaNeighbor: 5.17976 + L_Guidance: 2449.54038
Epoch: 0 [  90/5000 (2%)] Unweighted L_s : L_Mnfld: 0.00323 + L_NonMnfld: 0.00016 + L_Eknl: 0.46939 + L_Morse: 0.61286 + L_thetaHessian: 0.35450 + L_thetaNeighbor: 0.17266 + L_Guidance: 0.30619
Instruction guidance terms: boundary=0.06880, intra=0.07251, region=0.05382, type=0.05340, op=0.05766, proto=0.00000, boundary_prior=0.00000, internal_template=0.00000, transition=0.00000, extrude=0.00000, extrude_cons=0.00000, revolve=0.00000, revolve_cons=0.00000, chamfer=0.00000, chamfer_cons=0.00000, fillet=0.00000, fillet_cons=0.00000, singular=0.00000, anchor=0.00000, boundary_align=0.00000

Weights: [7000.0, 600.0, 10.0, 50.0, 30.0, 3.0, 8000.0], lr=5.000e-05
Epoch: 0 [ 100/5000 (2%)] Loss: 2498.14014 = L_Mnfld: 19.82505 + L_NonMnfld: 0.13709 + L_Eknl: 21.90857 + L_Morse: 1.79914 + L_thetaHessian: 3.48388 + L_thetaNeighbor: 5.17598 + L_Guidance: 2445.81056
Epoch: 0 [ 100/5000 (2%)] Unweighted L_s : L_Mnfld: 0.00283 + L_NonMnfld: 0.00023 + L_Eknl: 0.43817 + L_Morse: 0.59971 + L_thetaHessian: 0.34839 + L_thetaNeighbor: 0.17253 + L_Guidance: 0.30573
Instruction guidance terms: boundary=0.06868, intra=0.07251, region=0.05370, type=0.05328, op=0.05755, proto=0.00000, boundary_prior=0.00000, internal_template=0.00000, transition=0.00000, extrude=0.00000, extrude_cons=0.00000, revolve=0.00000, revolve_cons=0.00000, chamfer=0.00000, chamfer_cons=0.00000, fillet=0.00000, fillet_cons=0.00000, singular=0.00000, anchor=0.00000, boundary_align=0.00000

Weights: [7000.0, 600.0, 10.0, 50.0, 30.0, 3.0, 8000.0], lr=5.000e-05
Epoch: 0 [ 110/5000 (2%)] Loss: 2502.32935 = L_Mnfld: 20.27887 + L_NonMnfld: 0.05883 + L_Eknl: 20.25848 + L_Morse: 1.77204 + L_thetaHessian: 3.51760 + L_thetaNeighbor: 5.17988 + L_Guidance: 2451.26367
Epoch: 0 [ 110/5000 (2%)] Unweighted L_s : L_Mnfld: 0.00290 + L_NonMnfld: 0.00010 + L_Eknl: 0.40517 + L_Morse: 0.59068 + L_thetaHessian: 0.35176 + L_thetaNeighbor: 0.17266 + L_Guidance: 0.30641
Instruction guidance terms: boundary=0.06884, intra=0.07249, region=0.05390, type=0.05346, op=0.05773, proto=0.00000, boundary_prior=0.00000, internal_template=0.00000, transition=0.00000, extrude=0.00000, extrude_cons=0.00000, revolve=0.00000, revolve_cons=0.00000, chamfer=0.00000, chamfer_cons=0.00000, fillet=0.00000, fillet_cons=0.00000, singular=0.00000, anchor=0.00000, boundary_align=0.00000

Weights: [7000.0, 600.0, 10.0, 50.0, 30.0, 3.0, 8000.0], lr=5.000e-05
Epoch: 0 [ 120/5000 (2%)] Loss: 2499.14697 = L_Mnfld: 21.41579 + L_NonMnfld: 0.08713 + L_Eknl: 18.78476 + L_Morse: 1.79455 + L_thetaHessian: 3.38613 + L_thetaNeighbor: 5.17771 + L_Guidance: 2448.50087
Epoch: 0 [ 120/5000 (2%)] Unweighted L_s : L_Mnfld: 0.00306 + L_NonMnfld: 0.00015 + L_Eknl: 0.37570 + L_Morse: 0.59818 + L_thetaHessian: 0.33861 + L_thetaNeighbor: 0.17259 + L_Guidance: 0.30606
Instruction guidance terms: boundary=0.06876, intra=0.07249, region=0.05381, type=0.05337, op=0.05764, proto=0.00000, boundary_prior=0.00000, internal_template=0.00000, transition=0.00000, extrude=0.00000, extrude_cons=0.00000, revolve=0.00000, revolve_cons=0.00000, chamfer=0.00000, chamfer_cons=0.00000, fillet=0.00000, fillet_cons=0.00000, singular=0.00000, anchor=0.00000, boundary_align=0.00000

Weights: [7000.0, 600.0, 10.0, 50.0, 30.0, 3.0, 8000.0], lr=5.000e-05
Epoch: 0 [ 130/5000 (3%)] Loss: 2493.44043 = L_Mnfld: 20.21555 + L_NonMnfld: 0.05583 + L_Eknl: 17.49061 + L_Morse: 1.71969 + L_thetaHessian: 3.35494 + L_thetaNeighbor: 5.17673 + L_Guidance: 2445.42694
Epoch: 0 [ 130/5000 (3%)] Unweighted L_s : L_Mnfld: 0.00289 + L_NonMnfld: 0.00009 + L_Eknl: 0.34981 + L_Morse: 0.57323 + L_thetaHessian: 0.33549 + L_thetaNeighbor: 0.17256 + L_Guidance: 0.30568
Instruction guidance terms: boundary=0.06867, intra=0.07248, region=0.05370, type=0.05328, op=0.05755, proto=0.00000, boundary_prior=0.00000, internal_template=0.00000, transition=0.00000, extrude=0.00000, extrude_cons=0.00000, revolve=0.00000, revolve_cons=0.00000, chamfer=0.00000, chamfer_cons=0.00000, fillet=0.00000, fillet_cons=0.00000, singular=0.00000, anchor=0.00000, boundary_align=0.00000

Weights: [7000.0, 600.0, 10.0, 50.0, 30.0, 3.0, 8000.0], lr=5.000e-05
Epoch: 0 [ 140/5000 (3%)] Loss: 2495.55029 = L_Mnfld: 22.40293 + L_NonMnfld: 0.09091 + L_Eknl: 16.30255 + L_Morse: 1.78791 + L_thetaHessian: 3.48496 + L_thetaNeighbor: 5.17654 + L_Guidance: 2446.30456
Epoch: 0 [ 140/5000 (3%)] Unweighted L_s : L_Mnfld: 0.00320 + L_NonMnfld: 0.00015 + L_Eknl: 0.32605 + L_Morse: 0.59597 + L_thetaHessian: 0.34850 + L_thetaNeighbor: 0.17255 + L_Guidance: 0.30579
Instruction guidance terms: boundary=0.06870, intra=0.07248, region=0.05373, type=0.05331, op=0.05758, proto=0.00000, boundary_prior=0.00000, internal_template=0.00000, transition=0.00000, extrude=0.00000, extrude_cons=0.00000, revolve=0.00000, revolve_cons=0.00000, chamfer=0.00000, chamfer_cons=0.00000, fillet=0.00000, fillet_cons=0.00000, singular=0.00000, anchor=0.00000, boundary_align=0.00000

Weights: [7000.0, 600.0, 10.0, 50.0, 30.0, 3.0, 8000.0], lr=5.000e-05
Epoch: 0 [ 150/5000 (3%)] Loss: 2497.02173 = L_Mnfld: 21.67721 + L_NonMnfld: 0.04707 + L_Eknl: 14.48327 + L_Morse: 1.70117 + L_thetaHessian: 3.59681 + L_thetaNeighbor: 5.17992 + L_Guidance: 2450.33622
Epoch: 0 [ 150/5000 (3%)] Unweighted L_s : L_Mnfld: 0.00310 + L_NonMnfld: 0.00008 + L_Eknl: 0.28967 + L_Morse: 0.56706 + L_thetaHessian: 0.35968 + L_thetaNeighbor: 0.17266 + L_Guidance: 0.30629
Instruction guidance terms: boundary=0.06881, intra=0.07248, region=0.05387, type=0.05343, op=0.05770, proto=0.00000, boundary_prior=0.00000, internal_template=0.00000, transition=0.00000, extrude=0.00000, extrude_cons=0.00000, revolve=0.00000, revolve_cons=0.00000, chamfer=0.00000, chamfer_cons=0.00000, fillet=0.00000, fillet_cons=0.00000, singular=0.00000, anchor=0.00000, boundary_align=0.00000

Weights: [7000.0, 600.0, 10.0, 50.0, 30.0, 3.0, 8000.0], lr=5.000e-05
Epoch: 0 [ 160/5000 (3%)] Loss: 2491.73193 = L_Mnfld: 21.33517 + L_NonMnfld: 0.08428 + L_Eknl: 14.12757 + L_Morse: 1.61314 + L_thetaHessian: 3.35556 + L_thetaNeighbor: 5.17694 + L_Guidance: 2446.03920
Epoch: 0 [ 160/5000 (3%)] Unweighted L_s : L_Mnfld: 0.00305 + L_NonMnfld: 0.00014 + L_Eknl: 0.28255 + L_Morse: 0.53771 + L_thetaHessian: 0.33556 + L_thetaNeighbor: 0.17256 + L_Guidance: 0.30575
Instruction guidance terms: boundary=0.06870, intra=0.07243, region=0.05374, type=0.05331, op=0.05758, proto=0.00000, boundary_prior=0.00000, internal_template=0.00000, transition=0.00000, extrude=0.00000, extrude_cons=0.00000, revolve=0.00000, revolve_cons=0.00000, chamfer=0.00000, chamfer_cons=0.00000, fillet=0.00000, fillet_cons=0.00000, singular=0.00000, anchor=0.00000, boundary_align=0.00000

Weights: [7000.0, 600.0, 10.0, 50.0, 30.0, 3.0, 8000.0], lr=5.000e-05
Epoch: 0 [ 170/5000 (3%)] Loss: 2484.07471 = L_Mnfld: 17.60439 + L_NonMnfld: 0.03896 + L_Eknl: 13.29522 + L_Morse: 1.58896 + L_thetaHessian: 3.39554 + L_thetaNeighbor: 5.17533 + L_Guidance: 2442.97624
Epoch: 0 [ 170/5000 (3%)] Unweighted L_s : L_Mnfld: 0.00251 + L_NonMnfld: 0.00006 + L_Eknl: 0.26590 + L_Morse: 0.52965 + L_thetaHessian: 0.33955 + L_thetaNeighbor: 0.17251 + L_Guidance: 0.30537
Instruction guidance terms: boundary=0.06860, intra=0.07243, region=0.05364, type=0.05321, op=0.05749, proto=0.00000, boundary_prior=0.00000, internal_template=0.00000, transition=0.00000, extrude=0.00000, extrude_cons=0.00000, revolve=0.00000, revolve_cons=0.00000, chamfer=0.00000, chamfer_cons=0.00000, fillet=0.00000, fillet_cons=0.00000, singular=0.00000, anchor=0.00000, boundary_align=0.00000

Weights: [7000.0, 600.0, 10.0, 50.0, 30.0, 3.0, 8000.0], lr=5.000e-05
Epoch: 0 [ 180/5000 (4%)] Loss: 2485.99219 = L_Mnfld: 19.06967 + L_NonMnfld: 0.06191 + L_Eknl: 12.58361 + L_Morse: 1.52289 + L_thetaHessian: 3.36418 + L_thetaNeighbor: 5.17622 + L_Guidance: 2444.21363
Epoch: 0 [ 180/5000 (4%)] Unweighted L_s : L_Mnfld: 0.00272 + L_NonMnfld: 0.00010 + L_Eknl: 0.25167 + L_Morse: 0.50763 + L_thetaHessian: 0.33642 + L_thetaNeighbor: 0.17254 + L_Guidance: 0.30553
Instruction guidance terms: boundary=0.06865, intra=0.07245, region=0.05366, type=0.05325, op=0.05751, proto=0.00000, boundary_prior=0.00000, internal_template=0.00000, transition=0.00000, extrude=0.00000, extrude_cons=0.00000, revolve=0.00000, revolve_cons=0.00000, chamfer=0.00000, chamfer_cons=0.00000, fillet=0.00000, fillet_cons=0.00000, singular=0.00000, anchor=0.00000, boundary_align=0.00000

Weights: [7000.0, 600.0, 10.0, 50.0, 30.0, 3.0, 8000.0], lr=5.000e-05
Epoch: 0 [ 190/5000 (4%)] Loss: 2485.83813 = L_Mnfld: 17.99300 + L_NonMnfld: 0.04760 + L_Eknl: 11.95111 + L_Morse: 1.49344 + L_thetaHessian: 3.32147 + L_thetaNeighbor: 5.17825 + L_Guidance: 2445.85323
Epoch: 0 [ 190/5000 (4%)] Unweighted L_s : L_Mnfld: 0.00257 + L_NonMnfld: 0.00008 + L_Eknl: 0.23902 + L_Morse: 0.49781 + L_thetaHessian: 0.33215 + L_thetaNeighbor: 0.17261 + L_Guidance: 0.30573
Instruction guidance terms: boundary=0.06870, intra=0.07240, region=0.05374, type=0.05331, op=0.05758, proto=0.00000, boundary_prior=0.00000, internal_template=0.00000, transition=0.00000, extrude=0.00000, extrude_cons=0.00000, revolve=0.00000, revolve_cons=0.00000, chamfer=0.00000, chamfer_cons=0.00000, fillet=0.00000, fillet_cons=0.00000, singular=0.00000, anchor=0.00000, boundary_align=0.00000

Weights: [7000.0, 600.0, 10.0, 50.0, 30.0, 3.0, 8000.0], lr=5.000e-05
Epoch: 0 [ 200/5000 (4%)] Loss: 2480.50415 = L_Mnfld: 16.97809 + L_NonMnfld: 0.07231 + L_Eknl: 11.48233 + L_Morse: 1.43114 + L_thetaHessian: 3.14472 + L_thetaNeighbor: 5.17435 + L_Guidance: 2442.22116
Epoch: 0 [ 200/5000 (4%)] Unweighted L_s : L_Mnfld: 0.00243 + L_NonMnfld: 0.00012 + L_Eknl: 0.22965 + L_Morse: 0.47705 + L_thetaHessian: 0.31447 + L_thetaNeighbor: 0.17248 + L_Guidance: 0.30528
Instruction guidance terms: boundary=0.06858, intra=0.07242, region=0.05362, type=0.05320, op=0.05746, proto=0.00000, boundary_prior=0.00000, internal_template=0.00000, transition=0.00000, extrude=0.00000, extrude_cons=0.00000, revolve=0.00000, revolve_cons=0.00000, chamfer=0.00000, chamfer_cons=0.00000, fillet=0.00000, fillet_cons=0.00000, singular=0.00000, anchor=0.00000, boundary_align=0.00000

Weights: [7000.0, 600.0, 10.0, 50.0, 30.0, 3.0, 8000.0], lr=5.000e-05
Epoch: 0 [ 210/5000 (4%)] Loss: 2480.09033 = L_Mnfld: 16.81084 + L_NonMnfld: 0.06575 + L_Eknl: 11.05346 + L_Morse: 1.40948 + L_thetaHessian: 3.18664 + L_thetaNeighbor: 5.17587 + L_Guidance: 2442.38853
Epoch: 0 [ 210/5000 (4%)] Unweighted L_s : L_Mnfld: 0.00240 + L_NonMnfld: 0.00011 + L_Eknl: 0.22107 + L_Morse: 0.46983 + L_thetaHessian: 0.31866 + L_thetaNeighbor: 0.17253 + L_Guidance: 0.30530
Instruction guidance terms: boundary=0.06860, intra=0.07241, region=0.05361, type=0.05321, op=0.05746, proto=0.00000, boundary_prior=0.00000, internal_template=0.00000, transition=0.00000, extrude=0.00000, extrude_cons=0.00000, revolve=0.00000, revolve_cons=0.00000, chamfer=0.00000, chamfer_cons=0.00000, fillet=0.00000, fillet_cons=0.00000, singular=0.00000, anchor=0.00000, boundary_align=0.00000

Weights: [7000.0, 600.0, 10.0, 50.0, 30.0, 3.0, 8000.0], lr=5.000e-05
Epoch: 0 [ 220/5000 (4%)] Loss: 2487.62451 = L_Mnfld: 21.49104 + L_NonMnfld: 0.08817 + L_Eknl: 10.70215 + L_Morse: 1.43042 + L_thetaHessian: 3.22909 + L_thetaNeighbor: 5.17743 + L_Guidance: 2445.50610
Epoch: 0 [ 220/5000 (4%)] Unweighted L_s : L_Mnfld: 0.00307 + L_NonMnfld: 0.00015 + L_Eknl: 0.21404 + L_Morse: 0.47681 + L_thetaHessian: 0.32291 + L_thetaNeighbor: 0.17258 + L_Guidance: 0.30569
Instruction guidance terms: boundary=0.06869, intra=0.07239, region=0.05374, type=0.05331, op=0.05757, proto=0.00000, boundary_prior=0.00000, internal_template=0.00000, transition=0.00000, extrude=0.00000, extrude_cons=0.00000, revolve=0.00000, revolve_cons=0.00000, chamfer=0.00000, chamfer_cons=0.00000, fillet=0.00000, fillet_cons=0.00000, singular=0.00000, anchor=0.00000, boundary_align=0.00000

Weights: [7000.0, 600.0, 10.0, 50.0, 30.0, 3.0, 8000.0], lr=5.000e-05
Epoch: 0 [ 230/5000 (5%)] Loss: 2488.67725 = L_Mnfld: 21.12264 + L_NonMnfld: 0.06883 + L_Eknl: 10.65420 + L_Morse: 1.38070 + L_thetaHessian: 3.34471 + L_thetaNeighbor: 5.17730 + L_Guidance: 2446.92898
Epoch: 0 [ 230/5000 (5%)] Unweighted L_s : L_Mnfld: 0.00302 + L_NonMnfld: 0.00011 + L_Eknl: 0.21308 + L_Morse: 0.46023 + L_thetaHessian: 0.33447 + L_thetaNeighbor: 0.17258 + L_Guidance: 0.30587
Instruction guidance terms: boundary=0.06872, intra=0.07239, region=0.05379, type=0.05335, op=0.05761, proto=0.00000, boundary_prior=0.00000, internal_template=0.00000, transition=0.00000, extrude=0.00000, extrude_cons=0.00000, revolve=0.00000, revolve_cons=0.00000, chamfer=0.00000, chamfer_cons=0.00000, fillet=0.00000, fillet_cons=0.00000, singular=0.00000, anchor=0.00000, boundary_align=0.00000

Weights: [7000.0, 600.0, 10.0, 50.0, 30.0, 3.0, 8000.0], lr=5.000e-05
Epoch: 0 [ 240/5000 (5%)] Loss: 2486.48877 = L_Mnfld: 21.12848 + L_NonMnfld: 0.05201 + L_Eknl: 10.34123 + L_Morse: 1.37225 + L_thetaHessian: 3.24736 + L_thetaNeighbor: 5.17717 + L_Guidance: 2445.17016
Epoch: 0 [ 240/5000 (5%)] Unweighted L_s : L_Mnfld: 0.00302 + L_NonMnfld: 0.00009 + L_Eknl: 0.20682 + L_Morse: 0.45742 + L_thetaHessian: 0.32474 + L_thetaNeighbor: 0.17257 + L_Guidance: 0.30565
Instruction guidance terms: boundary=0.06868, intra=0.07238, region=0.05372, type=0.05330, op=0.05756, proto=0.00000, boundary_prior=0.00000, internal_template=0.00000, transition=0.00000, extrude=0.00000, extrude_cons=0.00000, revolve=0.00000, revolve_cons=0.00000, chamfer=0.00000, chamfer_cons=0.00000, fillet=0.00000, fillet_cons=0.00000, singular=0.00000, anchor=0.00000, boundary_align=0.00000

Weights: [7000.0, 600.0, 10.0, 50.0, 30.0, 3.0, 8000.0], lr=5.000e-05
Epoch: 0 [ 250/5000 (5%)] Loss: 2485.25903 = L_Mnfld: 19.99929 + L_NonMnfld: 0.05131 + L_Eknl: 9.90773 + L_Morse: 1.29180 + L_thetaHessian: 3.17158 + L_thetaNeighbor: 5.17565 + L_Guidance: 2445.66154
Epoch: 0 [ 250/5000 (5%)] Unweighted L_s : L_Mnfld: 0.00286 + L_NonMnfld: 0.00009 + L_Eknl: 0.19815 + L_Morse: 0.43060 + L_thetaHessian: 0.31716 + L_thetaNeighbor: 0.17252 + L_Guidance: 0.30571
Instruction guidance terms: boundary=0.06869, intra=0.07239, region=0.05374, type=0.05332, op=0.05757, proto=0.00000, boundary_prior=0.00000, internal_template=0.00000, transition=0.00000, extrude=0.00000, extrude_cons=0.00000, revolve=0.00000, revolve_cons=0.00000, chamfer=0.00000, chamfer_cons=0.00000, fillet=0.00000, fillet_cons=0.00000, singular=0.00000, anchor=0.00000, boundary_align=0.00000

Weights: [7000.0, 600.0, 10.0, 50.0, 30.0, 3.0, 8000.0], lr=5.000e-05
Epoch: 0 [ 260/5000 (5%)] Loss: 2481.97241 = L_Mnfld: 19.65870 + L_NonMnfld: 0.06825 + L_Eknl: 9.88495 + L_Morse: 1.33998 + L_thetaHessian: 3.11704 + L_thetaNeighbor: 5.17475 + L_Guidance: 2442.72876
Epoch: 0 [ 260/5000 (5%)] Unweighted L_s : L_Mnfld: 0.00281 + L_NonMnfld: 0.00011 + L_Eknl: 0.19770 + L_Morse: 0.44666 + L_thetaHessian: 0.31170 + L_thetaNeighbor: 0.17249 + L_Guidance: 0.30534
Instruction guidance terms: boundary=0.06861, intra=0.07238, region=0.05364, type=0.05323, op=0.05748, proto=0.00000, boundary_prior=0.00000, internal_template=0.00000, transition=0.00000, extrude=0.00000, extrude_cons=0.00000, revolve=0.00000, revolve_cons=0.00000, chamfer=0.00000, chamfer_cons=0.00000, fillet=0.00000, fillet_cons=0.00000, singular=0.00000, anchor=0.00000, boundary_align=0.00000

Weights: [7000.0, 600.0, 10.0, 50.0, 30.0, 3.0, 8000.0], lr=5.000e-05
Epoch: 0 [ 270/5000 (5%)] Loss: 2481.20679 = L_Mnfld: 19.39416 + L_NonMnfld: 0.03353 + L_Eknl: 9.56543 + L_Morse: 1.25376 + L_thetaHessian: 3.03918 + L_thetaNeighbor: 5.17468 + L_Guidance: 2442.74616
Epoch: 0 [ 270/5000 (5%)] Unweighted L_s : L_Mnfld: 0.00277 + L_NonMnfld: 0.00006 + L_Eknl: 0.19131 + L_Morse: 0.41792 + L_thetaHessian: 0.30392 + L_thetaNeighbor: 0.17249 + L_Guidance: 0.30534
Instruction guidance terms: boundary=0.06861, intra=0.07236, region=0.05365, type=0.05323, op=0.05749, proto=0.00000, boundary_prior=0.00000, internal_template=0.00000, transition=0.00000, extrude=0.00000, extrude_cons=0.00000, revolve=0.00000, revolve_cons=0.00000, chamfer=0.00000, chamfer_cons=0.00000, fillet=0.00000, fillet_cons=0.00000, singular=0.00000, anchor=0.00000, boundary_align=0.00000

Weights: [7000.0, 600.0, 10.0, 50.0, 30.0, 3.0, 8000.0], lr=5.000e-05
Epoch: 0 [ 280/5000 (6%)] Loss: 2478.18555 = L_Mnfld: 19.45897 + L_NonMnfld: 0.06512 + L_Eknl: 9.55317 + L_Morse: 1.23309 + L_thetaHessian: 3.12595 + L_thetaNeighbor: 5.17163 + L_Guidance: 2439.57758
Epoch: 0 [ 280/5000 (6%)] Unweighted L_s : L_Mnfld: 0.00278 + L_NonMnfld: 0.00011 + L_Eknl: 0.19106 + L_Morse: 0.41103 + L_thetaHessian: 0.31259 + L_thetaNeighbor: 0.17239 + L_Guidance: 0.30495
Instruction guidance terms: boundary=0.06850, intra=0.07241, region=0.05353, type=0.05312, op=0.05738, proto=0.00000, boundary_prior=0.00000, internal_template=0.00000, transition=0.00000, extrude=0.00000, extrude_cons=0.00000, revolve=0.00000, revolve_cons=0.00000, chamfer=0.00000, chamfer_cons=0.00000, fillet=0.00000, fillet_cons=0.00000, singular=0.00000, anchor=0.00000, boundary_align=0.00000

Weights: [7000.0, 600.0, 10.0, 50.0, 30.0, 3.0, 8000.0], lr=5.000e-05
Epoch: 0 [ 290/5000 (6%)] Loss: 2477.61377 = L_Mnfld: 18.58515 + L_NonMnfld: 0.03312 + L_Eknl: 8.81447 + L_Morse: 1.26846 + L_thetaHessian: 3.06522 + L_thetaNeighbor: 5.17287 + L_Guidance: 2440.67454
Epoch: 0 [ 290/5000 (6%)] Unweighted L_s : L_Mnfld: 0.00266 + L_NonMnfld: 0.00006 + L_Eknl: 0.17629 + L_Morse: 0.42282 + L_thetaHessian: 0.30652 + L_thetaNeighbor: 0.17243 + L_Guidance: 0.30508
Instruction guidance terms: boundary=0.06854, intra=0.07239, region=0.05358, type=0.05316, op=0.05742, proto=0.00000, boundary_prior=0.00000, internal_template=0.00000, transition=0.00000, extrude=0.00000, extrude_cons=0.00000, revolve=0.00000, revolve_cons=0.00000, chamfer=0.00000, chamfer_cons=0.00000, fillet=0.00000, fillet_cons=0.00000, singular=0.00000, anchor=0.00000, boundary_align=0.00000

Weights: [7000.0, 600.0, 10.0, 50.0, 30.0, 3.0, 8000.0], lr=5.000e-05
Epoch: 0 [ 300/5000 (6%)] Loss: 2474.10669 = L_Mnfld: 16.01497 + L_NonMnfld: 0.04017 + L_Eknl: 8.88951 + L_Morse: 1.23097 + L_thetaHessian: 3.03442 + L_thetaNeighbor: 5.17061 + L_Guidance: 2439.72611
Epoch: 0 [ 300/5000 (6%)] Unweighted L_s : L_Mnfld: 0.00229 + L_NonMnfld: 0.00007 + L_Eknl: 0.17779 + L_Morse: 0.41032 + L_thetaHessian: 0.30344 + L_thetaNeighbor: 0.17235 + L_Guidance: 0.30497
Instruction guidance terms: boundary=0.06851, intra=0.07238, region=0.05355, type=0.05313, op=0.05739, proto=0.00000, boundary_prior=0.00000, internal_template=0.00000, transition=0.00000, extrude=0.00000, extrude_cons=0.00000, revolve=0.00000, revolve_cons=0.00000, chamfer=0.00000, chamfer_cons=0.00000, fillet=0.00000, fillet_cons=0.00000, singular=0.00000, anchor=0.00000, boundary_align=0.00000

Weights: [7000.0, 600.0, 10.0, 50.0, 30.0, 3.0, 8000.0], lr=5.000e-05
Epoch: 0 [ 310/5000 (6%)] Loss: 2477.32764 = L_Mnfld: 17.30201 + L_NonMnfld: 0.04465 + L_Eknl: 8.95268 + L_Morse: 1.21213 + L_thetaHessian: 3.10136 + L_thetaNeighbor: 5.17248 + L_Guidance: 2441.54215
Epoch: 0 [ 310/5000 (6%)] Unweighted L_s : L_Mnfld: 0.00247 + L_NonMnfld: 0.00007 + L_Eknl: 0.17905 + L_Morse: 0.40404 + L_thetaHessian: 0.31014 + L_thetaNeighbor: 0.17242 + L_Guidance: 0.30519
Instruction guidance terms: boundary=0.06856, intra=0.07238, region=0.05361, type=0.05319, op=0.05746, proto=0.00000, boundary_prior=0.00000, internal_template=0.00000, transition=0.00000, extrude=0.00000, extrude_cons=0.00000, revolve=0.00000, revolve_cons=0.00000, chamfer=0.00000, chamfer_cons=0.00000, fillet=0.00000, fillet_cons=0.00000, singular=0.00000, anchor=0.00000, boundary_align=0.00000

Weights: [7000.0, 600.0, 10.0, 50.0, 30.0, 3.0, 8000.0], lr=5.000e-05
Epoch: 0 [ 320/5000 (6%)] Loss: 2475.98560 = L_Mnfld: 17.27618 + L_NonMnfld: 0.05038 + L_Eknl: 8.27890 + L_Morse: 1.18933 + L_thetaHessian: 2.96488 + L_thetaNeighbor: 5.17178 + L_Guidance: 2441.05411
Epoch: 0 [ 320/5000 (6%)] Unweighted L_s : L_Mnfld: 0.00247 + L_NonMnfld: 0.00008 + L_Eknl: 0.16558 + L_Morse: 0.39644 + L_thetaHessian: 0.29649 + L_thetaNeighbor: 0.17239 + L_Guidance: 0.30513
Instruction guidance terms: boundary=0.06855, intra=0.07235, region=0.05361, type=0.05318, op=0.05744, proto=0.00000, boundary_prior=0.00000, internal_template=0.00000, transition=0.00000, extrude=0.00000, extrude_cons=0.00000, revolve=0.00000, revolve_cons=0.00000, chamfer=0.00000, chamfer_cons=0.00000, fillet=0.00000, fillet_cons=0.00000, singular=0.00000, anchor=0.00000, boundary_align=0.00000

Weights: [7000.0, 600.0, 10.0, 50.0, 30.0, 3.0, 8000.0], lr=5.000e-05
Epoch: 0 [ 330/5000 (7%)] Loss: 2475.32275 = L_Mnfld: 18.01216 + L_NonMnfld: 0.04330 + L_Eknl: 8.38935 + L_Morse: 1.14613 + L_thetaHessian: 2.91876 + L_thetaNeighbor: 5.17116 + L_Guidance: 2439.64195
Epoch: 0 [ 330/5000 (7%)] Unweighted L_s : L_Mnfld: 0.00257 + L_NonMnfld: 0.00007 + L_Eknl: 0.16779 + L_Morse: 0.38204 + L_thetaHessian: 0.29188 + L_thetaNeighbor: 0.17237 + L_Guidance: 0.30496
Instruction guidance terms: boundary=0.06852, intra=0.07235, region=0.05356, type=0.05314, op=0.05740, proto=0.00000, boundary_prior=0.00000, internal_template=0.00000, transition=0.00000, extrude=0.00000, extrude_cons=0.00000, revolve=0.00000, revolve_cons=0.00000, chamfer=0.00000, chamfer_cons=0.00000, fillet=0.00000, fillet_cons=0.00000, singular=0.00000, anchor=0.00000, boundary_align=0.00000

Weights: [7000.0, 600.0, 10.0, 50.0, 30.0, 3.0, 8000.0], lr=5.000e-05
Epoch: 0 [ 340/5000 (7%)] Loss: 2473.80591 = L_Mnfld: 16.87935 + L_NonMnfld: 0.04784 + L_Eknl: 8.09300 + L_Morse: 1.19842 + L_thetaHessian: 2.89287 + L_thetaNeighbor: 5.17082 + L_Guidance: 2439.52370
Epoch: 0 [ 340/5000 (7%)] Unweighted L_s : L_Mnfld: 0.00241 + L_NonMnfld: 0.00008 + L_Eknl: 0.16186 + L_Morse: 0.39947 + L_thetaHessian: 0.28929 + L_thetaNeighbor: 0.17236 + L_Guidance: 0.30494
Instruction guidance terms: boundary=0.06851, intra=0.07236, region=0.05355, type=0.05313, op=0.05739, proto=0.00000, boundary_prior=0.00000, internal_template=0.00000, transition=0.00000, extrude=0.00000, extrude_cons=0.00000, revolve=0.00000, revolve_cons=0.00000, chamfer=0.00000, chamfer_cons=0.00000, fillet=0.00000, fillet_cons=0.00000, singular=0.00000, anchor=0.00000, boundary_align=0.00000

Weights: [7000.0, 600.0, 10.0, 50.0, 30.0, 3.0, 8000.0], lr=5.000e-05
Epoch: 0 [ 350/5000 (7%)] Loss: 2484.04492 = L_Mnfld: 19.07965 + L_NonMnfld: 0.05992 + L_Eknl: 7.98439 + L_Morse: 1.25876 + L_thetaHessian: 3.06638 + L_thetaNeighbor: 5.17685 + L_Guidance: 2447.41893
Epoch: 0 [ 350/5000 (7%)] Unweighted L_s : L_Mnfld: 0.00273 + L_NonMnfld: 0.00010 + L_Eknl: 0.15969 + L_Morse: 0.41959 + L_thetaHessian: 0.30664 + L_thetaNeighbor: 0.17256 + L_Guidance: 0.30593
Instruction guidance terms: boundary=0.06876, intra=0.07229, region=0.05383, type=0.05339, op=0.05766, proto=0.00000, boundary_prior=0.00000, internal_template=0.00000, transition=0.00000, extrude=0.00000, extrude_cons=0.00000, revolve=0.00000, revolve_cons=0.00000, chamfer=0.00000, chamfer_cons=0.00000, fillet=0.00000, fillet_cons=0.00000, singular=0.00000, anchor=0.00000, boundary_align=0.00000

Weights: [7000.0, 600.0, 10.0, 50.0, 30.0, 3.0, 8000.0], lr=5.000e-05
Epoch: 0 [ 360/5000 (7%)] Loss: 2479.70288 = L_Mnfld: 17.52459 + L_NonMnfld: 0.12630 + L_Eknl: 8.17960 + L_Morse: 1.17972 + L_thetaHessian: 3.05774 + L_thetaNeighbor: 5.17243 + L_Guidance: 2444.46230
Epoch: 0 [ 360/5000 (7%)] Unweighted L_s : L_Mnfld: 0.00250 + L_NonMnfld: 0.00021 + L_Eknl: 0.16359 + L_Morse: 0.39324 + L_thetaHessian: 0.30577 + L_thetaNeighbor: 0.17241 + L_Guidance: 0.30556
Instruction guidance terms: boundary=0.06865, intra=0.07232, region=0.05372, type=0.05330, op=0.05756, proto=0.00000, boundary_prior=0.00000, internal_template=0.00000, transition=0.00000, extrude=0.00000, extrude_cons=0.00000, revolve=0.00000, revolve_cons=0.00000, chamfer=0.00000, chamfer_cons=0.00000, fillet=0.00000, fillet_cons=0.00000, singular=0.00000, anchor=0.00000, boundary_align=0.00000

Weights: [7000.0, 600.0, 10.0, 50.0, 30.0, 3.0, 8000.0], lr=5.000e-05
Epoch: 0 [ 370/5000 (7%)] Loss: 2472.92554 = L_Mnfld: 15.96304 + L_NonMnfld: 0.03048 + L_Eknl: 7.70692 + L_Morse: 1.19658 + L_thetaHessian: 2.95789 + L_thetaNeighbor: 5.17000 + L_Guidance: 2439.90064
Epoch: 0 [ 370/5000 (7%)] Unweighted L_s : L_Mnfld: 0.00228 + L_NonMnfld: 0.00005 + L_Eknl: 0.15414 + L_Morse: 0.39886 + L_thetaHessian: 0.29579 + L_thetaNeighbor: 0.17233 + L_Guidance: 0.30499
Instruction guidance terms: boundary=0.06851, intra=0.07236, region=0.05357, type=0.05315, op=0.05740, proto=0.00000, boundary_prior=0.00000, internal_template=0.00000, transition=0.00000, extrude=0.00000, extrude_cons=0.00000, revolve=0.00000, revolve_cons=0.00000, chamfer=0.00000, chamfer_cons=0.00000, fillet=0.00000, fillet_cons=0.00000, singular=0.00000, anchor=0.00000, boundary_align=0.00000

Weights: [7000.0, 600.0, 10.0, 50.0, 30.0, 3.0, 8000.0], lr=5.000e-05
Epoch: 0 [ 380/5000 (8%)] Loss: 2474.35400 = L_Mnfld: 16.24471 + L_NonMnfld: 0.05743 + L_Eknl: 7.89138 + L_Morse: 1.10959 + L_thetaHessian: 2.90766 + L_thetaNeighbor: 5.17045 + L_Guidance: 2440.97281
Epoch: 0 [ 380/5000 (8%)] Unweighted L_s : L_Mnfld: 0.00232 + L_NonMnfld: 0.00010 + L_Eknl: 0.15783 + L_Morse: 0.36986 + L_thetaHessian: 0.29077 + L_thetaNeighbor: 0.17235 + L_Guidance: 0.30512
Instruction guidance terms: boundary=0.06855, intra=0.07235, region=0.05360, type=0.05318, op=0.05744, proto=0.00000, boundary_prior=0.00000, internal_template=0.00000, transition=0.00000, extrude=0.00000, extrude_cons=0.00000, revolve=0.00000, revolve_cons=0.00000, chamfer=0.00000, chamfer_cons=0.00000, fillet=0.00000, fillet_cons=0.00000, singular=0.00000, anchor=0.00000, boundary_align=0.00000

Weights: [7000.0, 600.0, 10.0, 50.0, 30.0, 3.0, 8000.0], lr=5.000e-05
Epoch: 0 [ 390/5000 (8%)] Loss: 2472.58398 = L_Mnfld: 16.60048 + L_NonMnfld: 0.02824 + L_Eknl: 7.86802 + L_Morse: 1.10889 + L_thetaHessian: 2.96499 + L_thetaNeighbor: 5.16923 + L_Guidance: 2438.84420
Epoch: 0 [ 390/5000 (8%)] Unweighted L_s : L_Mnfld: 0.00237 + L_NonMnfld: 0.00005 + L_Eknl: 0.15736 + L_Morse: 0.36963 + L_thetaHessian: 0.29650 + L_thetaNeighbor: 0.17231 + L_Guidance: 0.30486
Instruction guidance terms: boundary=0.06849, intra=0.07234, region=0.05354, type=0.05312, op=0.05738, proto=0.00000, boundary_prior=0.00000, internal_template=0.00000, transition=0.00000, extrude=0.00000, extrude_cons=0.00000, revolve=0.00000, revolve_cons=0.00000, chamfer=0.00000, chamfer_cons=0.00000, fillet=0.00000, fillet_cons=0.00000, singular=0.00000, anchor=0.00000, boundary_align=0.00000

Weights: [7000.0, 600.0, 10.0, 50.0, 30.0, 3.0, 8000.0], lr=5.000e-05
Epoch: 0 [ 400/5000 (8%)] Loss: 2469.47900 = L_Mnfld: 14.66924 + L_NonMnfld: 0.06813 + L_Eknl: 7.36766 + L_Morse: 1.09597 + L_thetaHessian: 2.84564 + L_thetaNeighbor: 5.16861 + L_Guidance: 2438.26365
Epoch: 0 [ 400/5000 (8%)] Unweighted L_s : L_Mnfld: 0.00210 + L_NonMnfld: 0.00011 + L_Eknl: 0.14735 + L_Morse: 0.36532 + L_thetaHessian: 0.28456 + L_thetaNeighbor: 0.17229 + L_Guidance: 0.30478
Instruction guidance terms: boundary=0.06846, intra=0.07238, region=0.05351, type=0.05309, op=0.05735, proto=0.00000, boundary_prior=0.00000, internal_template=0.00000, transition=0.00000, extrude=0.00000, extrude_cons=0.00000, revolve=0.00000, revolve_cons=0.00000, chamfer=0.00000, chamfer_cons=0.00000, fillet=0.00000, fillet_cons=0.00000, singular=0.00000, anchor=0.00000, boundary_align=0.00000

Weights: [7000.0, 600.0, 10.0, 50.0, 30.0, 3.0, 8000.0], lr=5.000e-05
Epoch: 0 [ 410/5000 (8%)] Loss: 2469.78198 = L_Mnfld: 14.39793 + L_NonMnfld: 0.07769 + L_Eknl: 7.94682 + L_Morse: 1.02817 + L_thetaHessian: 2.67206 + L_thetaNeighbor: 5.16824 + L_Guidance: 2438.49087
Epoch: 0 [ 410/5000 (8%)] Unweighted L_s : L_Mnfld: 0.00206 + L_NonMnfld: 0.00013 + L_Eknl: 0.15894 + L_Morse: 0.34272 + L_thetaHessian: 0.26721 + L_thetaNeighbor: 0.17227 + L_Guidance: 0.30481
Instruction guidance terms: boundary=0.06847, intra=0.07234, region=0.05353, type=0.05310, op=0.05737, proto=0.00000, boundary_prior=0.00000, internal_template=0.00000, transition=0.00000, extrude=0.00000, extrude_cons=0.00000, revolve=0.00000, revolve_cons=0.00000, chamfer=0.00000, chamfer_cons=0.00000, fillet=0.00000, fillet_cons=0.00000, singular=0.00000, anchor=0.00000, boundary_align=0.00000

Weights: [7000.0, 600.0, 10.0, 50.0, 30.0, 3.0, 8000.0], lr=5.000e-05
Epoch: 0 [ 420/5000 (8%)] Loss: 2469.61548 = L_Mnfld: 15.48123 + L_NonMnfld: 0.03567 + L_Eknl: 7.44540 + L_Morse: 1.04226 + L_thetaHessian: 2.78036 + L_thetaNeighbor: 5.16721 + L_Guidance: 2437.66332
Epoch: 0 [ 420/5000 (8%)] Unweighted L_s : L_Mnfld: 0.00221 + L_NonMnfld: 0.00006 + L_Eknl: 0.14891 + L_Morse: 0.34742 + L_thetaHessian: 0.27804 + L_thetaNeighbor: 0.17224 + L_Guidance: 0.30471
Instruction guidance terms: boundary=0.06844, intra=0.07236, region=0.05349, type=0.05308, op=0.05733, proto=0.00000, boundary_prior=0.00000, internal_template=0.00000, transition=0.00000, extrude=0.00000, extrude_cons=0.00000, revolve=0.00000, revolve_cons=0.00000, chamfer=0.00000, chamfer_cons=0.00000, fillet=0.00000, fillet_cons=0.00000, singular=0.00000, anchor=0.00000, boundary_align=0.00000

Weights: [7000.0, 600.0, 10.0, 50.0, 30.0, 3.0, 8000.0], lr=5.000e-05
Epoch: 0 [ 430/5000 (9%)] Loss: 2471.76611 = L_Mnfld: 15.47421 + L_NonMnfld: 0.02956 + L_Eknl: 7.35283 + L_Morse: 1.07029 + L_thetaHessian: 2.80431 + L_thetaNeighbor: 5.16888 + L_Guidance: 2439.86607
Epoch: 0 [ 430/5000 (9%)] Unweighted L_s : L_Mnfld: 0.00221 + L_NonMnfld: 0.00005 + L_Eknl: 0.14706 + L_Morse: 0.35676 + L_thetaHessian: 0.28043 + L_thetaNeighbor: 0.17230 + L_Guidance: 0.30498
Instruction guidance terms: boundary=0.06851, intra=0.07233, region=0.05358, type=0.05315, op=0.05741, proto=0.00000, boundary_prior=0.00000, internal_template=0.00000, transition=0.00000, extrude=0.00000, extrude_cons=0.00000, revolve=0.00000, revolve_cons=0.00000, chamfer=0.00000, chamfer_cons=0.00000, fillet=0.00000, fillet_cons=0.00000, singular=0.00000, anchor=0.00000, boundary_align=0.00000

Weights: [7000.0, 600.0, 10.0, 50.0, 30.0, 3.0, 8000.0], lr=5.000e-05
Epoch: 0 [ 440/5000 (9%)] Loss: 2467.47021 = L_Mnfld: 14.37581 + L_NonMnfld: 0.05698 + L_Eknl: 7.58094 + L_Morse: 1.01293 + L_thetaHessian: 2.73330 + L_thetaNeighbor: 5.16628 + L_Guidance: 2436.54394
Epoch: 0 [ 440/5000 (9%)] Unweighted L_s : L_Mnfld: 0.00205 + L_NonMnfld: 0.00009 + L_Eknl: 0.15162 + L_Morse: 0.33764 + L_thetaHessian: 0.27333 + L_thetaNeighbor: 0.17221 + L_Guidance: 0.30457
Instruction guidance terms: boundary=0.06841, intra=0.07235, region=0.05346, type=0.05304, op=0.05730, proto=0.00000, boundary_prior=0.00000, internal_template=0.00000, transition=0.00000, extrude=0.00000, extrude_cons=0.00000, revolve=0.00000, revolve_cons=0.00000, chamfer=0.00000, chamfer_cons=0.00000, fillet=0.00000, fillet_cons=0.00000, singular=0.00000, anchor=0.00000, boundary_align=0.00000

Weights: [7000.0, 600.0, 10.0, 50.0, 30.0, 3.0, 8000.0], lr=5.000e-05
Epoch: 0 [ 450/5000 (9%)] Loss: 2467.25317 = L_Mnfld: 14.09672 + L_NonMnfld: 0.04526 + L_Eknl: 7.14092 + L_Morse: 1.03255 + L_thetaHessian: 2.76876 + L_thetaNeighbor: 5.16679 + L_Guidance: 2437.00218
Epoch: 0 [ 450/5000 (9%)] Unweighted L_s : L_Mnfld: 0.00201 + L_NonMnfld: 0.00008 + L_Eknl: 0.14282 + L_Morse: 0.34418 + L_thetaHessian: 0.27688 + L_thetaNeighbor: 0.17223 + L_Guidance: 0.30463
Instruction guidance terms: boundary=0.06843, intra=0.07236, region=0.05347, type=0.05306, op=0.05731, proto=0.00000, boundary_prior=0.00000, internal_template=0.00000, transition=0.00000, extrude=0.00000, extrude_cons=0.00000, revolve=0.00000, revolve_cons=0.00000, chamfer=0.00000, chamfer_cons=0.00000, fillet=0.00000, fillet_cons=0.00000, singular=0.00000, anchor=0.00000, boundary_align=0.00000

Weights: [7000.0, 600.0, 10.0, 50.0, 30.0, 3.0, 8000.0], lr=5.000e-05
Epoch: 0 [ 460/5000 (9%)] Loss: 2468.27856 = L_Mnfld: 15.39857 + L_NonMnfld: 0.03416 + L_Eknl: 7.26780 + L_Morse: 1.03659 + L_thetaHessian: 2.68428 + L_thetaNeighbor: 5.16521 + L_Guidance: 2436.69200
Epoch: 0 [ 460/5000 (9%)] Unweighted L_s : L_Mnfld: 0.00220 + L_NonMnfld: 0.00006 + L_Eknl: 0.14536 + L_Morse: 0.34553 + L_thetaHessian: 0.26843 + L_thetaNeighbor: 0.17217 + L_Guidance: 0.30459
Instruction guidance terms: boundary=0.06841, intra=0.07235, region=0.05347, type=0.05305, op=0.05731, proto=0.00000, boundary_prior=0.00000, internal_template=0.00000, transition=0.00000, extrude=0.00000, extrude_cons=0.00000, revolve=0.00000, revolve_cons=0.00000, chamfer=0.00000, chamfer_cons=0.00000, fillet=0.00000, fillet_cons=0.00000, singular=0.00000, anchor=0.00000, boundary_align=0.00000

Weights: [7000.0, 600.0, 10.0, 50.0, 30.0, 3.0, 8000.0], lr=5.000e-05
Epoch: 0 [ 470/5000 (9%)] Loss: 2467.59717 = L_Mnfld: 15.35599 + L_NonMnfld: 0.03246 + L_Eknl: 7.22668 + L_Morse: 1.04181 + L_thetaHessian: 2.72501 + L_thetaNeighbor: 5.16504 + L_Guidance: 2436.05042
Epoch: 0 [ 470/5000 (9%)] Unweighted L_s : L_Mnfld: 0.00219 + L_NonMnfld: 0.00005 + L_Eknl: 0.14453 + L_Morse: 0.34727 + L_thetaHessian: 0.27250 + L_thetaNeighbor: 0.17217 + L_Guidance: 0.30451
Instruction guidance terms: boundary=0.06840, intra=0.07233, region=0.05346, type=0.05303, op=0.05729, proto=0.00000, boundary_prior=0.00000, internal_template=0.00000, transition=0.00000, extrude=0.00000, extrude_cons=0.00000, revolve=0.00000, revolve_cons=0.00000, chamfer=0.00000, chamfer_cons=0.00000, fillet=0.00000, fillet_cons=0.00000, singular=0.00000, anchor=0.00000, boundary_align=0.00000

Weights: [7000.0, 600.0, 10.0, 50.0, 30.0, 3.0, 8000.0], lr=5.000e-05
Epoch: 0 [ 480/5000 (10%)] Loss: 2465.49414 = L_Mnfld: 14.11261 + L_NonMnfld: 0.05454 + L_Eknl: 7.23203 + L_Morse: 1.03806 + L_thetaHessian: 2.71674 + L_thetaNeighbor: 5.16412 + L_Guidance: 2435.17613
Epoch: 0 [ 480/5000 (10%)] Unweighted L_s : L_Mnfld: 0.00202 + L_NonMnfld: 0.00009 + L_Eknl: 0.14464 + L_Morse: 0.34602 + L_thetaHessian: 0.27167 + L_thetaNeighbor: 0.17214 + L_Guidance: 0.30440
Instruction guidance terms: boundary=0.06837, intra=0.07235, region=0.05342, type=0.05300, op=0.05726, proto=0.00000, boundary_prior=0.00000, internal_template=0.00000, transition=0.00000, extrude=0.00000, extrude_cons=0.00000, revolve=0.00000, revolve_cons=0.00000, chamfer=0.00000, chamfer_cons=0.00000, fillet=0.00000, fillet_cons=0.00000, singular=0.00000, anchor=0.00000, boundary_align=0.00000

Weights: [7000.0, 600.0, 10.0, 50.0, 30.0, 3.0, 8000.0], lr=5.000e-05
Epoch: 0 [ 490/5000 (10%)] Loss: 2468.12354 = L_Mnfld: 14.48605 + L_NonMnfld: 0.06874 + L_Eknl: 6.77677 + L_Morse: 0.97582 + L_thetaHessian: 2.60755 + L_thetaNeighbor: 5.16568 + L_Guidance: 2438.04288
Epoch: 0 [ 490/5000 (10%)] Unweighted L_s : L_Mnfld: 0.00207 + L_NonMnfld: 0.00011 + L_Eknl: 0.13554 + L_Morse: 0.32527 + L_thetaHessian: 0.26076 + L_thetaNeighbor: 0.17219 + L_Guidance: 0.30476
Instruction guidance terms: boundary=0.06846, intra=0.07232, region=0.05351, type=0.05310, op=0.05736, proto=0.00000, boundary_prior=0.00000, internal_template=0.00000, transition=0.00000, extrude=0.00000, extrude_cons=0.00000, revolve=0.00000, revolve_cons=0.00000, chamfer=0.00000, chamfer_cons=0.00000, fillet=0.00000, fillet_cons=0.00000, singular=0.00000, anchor=0.00000, boundary_align=0.00000

Weights: [7000.0, 600.0, 10.0, 50.0, 30.0, 3.0, 8000.0], lr=5.000e-05
Epoch: 0 [ 500/5000 (10%)] Loss: 2466.02173 = L_Mnfld: 12.55813 + L_NonMnfld: 0.03607 + L_Eknl: 7.19481 + L_Morse: 0.95901 + L_thetaHessian: 2.51159 + L_thetaNeighbor: 5.16483 + L_Guidance: 2437.59727
Epoch: 0 [ 500/5000 (10%)] Unweighted L_s : L_Mnfld: 0.00179 + L_NonMnfld: 0.00006 + L_Eknl: 0.14390 + L_Morse: 0.31967 + L_thetaHessian: 0.25116 + L_thetaNeighbor: 0.17216 + L_Guidance: 0.30470
Instruction guidance terms: boundary=0.06844, intra=0.07233, region=0.05351, type=0.05308, op=0.05734, proto=0.00000, boundary_prior=0.00000, internal_template=0.00000, transition=0.00000, extrude=0.00000, extrude_cons=0.00000, revolve=0.00000, revolve_cons=0.00000, chamfer=0.00000, chamfer_cons=0.00000, fillet=0.00000, fillet_cons=0.00000, singular=0.00000, anchor=0.00000, boundary_align=0.00000

Weights: [7000.0, 600.0, 10.0, 50.0, 30.0, 3.0, 8000.0], lr=5.000e-05
Epoch: 0 [ 510/5000 (10%)] Loss: 2466.27466 = L_Mnfld: 14.02714 + L_NonMnfld: 0.03043 + L_Eknl: 7.02188 + L_Morse: 0.98262 + L_thetaHessian: 2.54709 + L_thetaNeighbor: 5.16413 + L_Guidance: 2436.50150
Epoch: 0 [ 510/5000 (10%)] Unweighted L_s : L_Mnfld: 0.00200 + L_NonMnfld: 0.00005 + L_Eknl: 0.14044 + L_Morse: 0.32754 + L_thetaHessian: 0.25471 + L_thetaNeighbor: 0.17214 + L_Guidance: 0.30456
Instruction guidance terms: boundary=0.06841, intra=0.07233, region=0.05347, type=0.05305, op=0.05730, proto=0.00000, boundary_prior=0.00000, internal_template=0.00000, transition=0.00000, extrude=0.00000, extrude_cons=0.00000, revolve=0.00000, revolve_cons=0.00000, chamfer=0.00000, chamfer_cons=0.00000, fillet=0.00000, fillet_cons=0.00000, singular=0.00000, anchor=0.00000, boundary_align=0.00000

Weights: [7000.0, 600.0, 10.0, 50.0, 30.0, 3.0, 8000.0], lr=5.000e-05
Epoch: 0 [ 520/5000 (10%)] Loss: 2465.84717 = L_Mnfld: 13.99161 + L_NonMnfld: 0.05816 + L_Eknl: 6.77435 + L_Morse: 0.97512 + L_thetaHessian: 2.58380 + L_thetaNeighbor: 5.16379 + L_Guidance: 2436.30028
Epoch: 0 [ 520/5000 (10%)] Unweighted L_s : L_Mnfld: 0.00200 + L_NonMnfld: 0.00010 + L_Eknl: 0.13549 + L_Morse: 0.32504 + L_thetaHessian: 0.25838 + L_thetaNeighbor: 0.17213 + L_Guidance: 0.30454
Instruction guidance terms: boundary=0.06840, intra=0.07233, region=0.05346, type=0.05305, op=0.05730, proto=0.00000, boundary_prior=0.00000, internal_template=0.00000, transition=0.00000, extrude=0.00000, extrude_cons=0.00000, revolve=0.00000, revolve_cons=0.00000, chamfer=0.00000, chamfer_cons=0.00000, fillet=0.00000, fillet_cons=0.00000, singular=0.00000, anchor=0.00000, boundary_align=0.00000

Weights: [7000.0, 600.0, 10.0, 50.0, 30.0, 3.0, 8000.0], lr=5.000e-05
Epoch: 0 [ 530/5000 (11%)] Loss: 2467.94604 = L_Mnfld: 13.72530 + L_NonMnfld: 0.02928 + L_Eknl: 6.60601 + L_Morse: 0.99933 + L_thetaHessian: 2.61283 + L_thetaNeighbor: 5.16512 + L_Guidance: 2438.80820
Epoch: 0 [ 530/5000 (11%)] Unweighted L_s : L_Mnfld: 0.00196 + L_NonMnfld: 0.00005 + L_Eknl: 0.13212 + L_Morse: 0.33311 + L_thetaHessian: 0.26128 + L_thetaNeighbor: 0.17217 + L_Guidance: 0.30485
Instruction guidance terms: boundary=0.06848, intra=0.07229, region=0.05356, type=0.05313, op=0.05739, proto=0.00000, boundary_prior=0.00000, internal_template=0.00000, transition=0.00000, extrude=0.00000, extrude_cons=0.00000, revolve=0.00000, revolve_cons=0.00000, chamfer=0.00000, chamfer_cons=0.00000, fillet=0.00000, fillet_cons=0.00000, singular=0.00000, anchor=0.00000, boundary_align=0.00000

Weights: [7000.0, 600.0, 10.0, 50.0, 30.0, 3.0, 8000.0], lr=5.000e-05
Epoch: 0 [ 540/5000 (11%)] Loss: 2471.44531 = L_Mnfld: 14.50748 + L_NonMnfld: 0.04716 + L_Eknl: 7.16219 + L_Morse: 0.97450 + L_thetaHessian: 2.69202 + L_thetaNeighbor: 5.16699 + L_Guidance: 2440.89508
Epoch: 0 [ 540/5000 (11%)] Unweighted L_s : L_Mnfld: 0.00207 + L_NonMnfld: 0.00008 + L_Eknl: 0.14324 + L_Morse: 0.32483 + L_thetaHessian: 0.26920 + L_thetaNeighbor: 0.17223 + L_Guidance: 0.30511
Instruction guidance terms: boundary=0.06854, intra=0.07228, region=0.05363, type=0.05320, op=0.05746, proto=0.00000, boundary_prior=0.00000, internal_template=0.00000, transition=0.00000, extrude=0.00000, extrude_cons=0.00000, revolve=0.00000, revolve_cons=0.00000, chamfer=0.00000, chamfer_cons=0.00000, fillet=0.00000, fillet_cons=0.00000, singular=0.00000, anchor=0.00000, boundary_align=0.00000

Weights: [7000.0, 600.0, 10.0, 50.0, 30.0, 3.0, 8000.0], lr=5.000e-05
Epoch: 0 [ 550/5000 (11%)] Loss: 2466.96997 = L_Mnfld: 14.58314 + L_NonMnfld: 0.02745 + L_Eknl: 6.98415 + L_Morse: 1.03861 + L_thetaHessian: 2.79192 + L_thetaNeighbor: 5.16286 + L_Guidance: 2436.38182
Epoch: 0 [ 550/5000 (11%)] Unweighted L_s : L_Mnfld: 0.00208 + L_NonMnfld: 0.00005 + L_Eknl: 0.13968 + L_Morse: 0.34620 + L_thetaHessian: 0.27919 + L_thetaNeighbor: 0.17210 + L_Guidance: 0.30455
Instruction guidance terms: boundary=0.06840, intra=0.07230, region=0.05348, type=0.05306, op=0.05731, proto=0.00000, boundary_prior=0.00000, internal_template=0.00000, transition=0.00000, extrude=0.00000, extrude_cons=0.00000, revolve=0.00000, revolve_cons=0.00000, chamfer=0.00000, chamfer_cons=0.00000, fillet=0.00000, fillet_cons=0.00000, singular=0.00000, anchor=0.00000, boundary_align=0.00000

Weights: [7000.0, 600.0, 10.0, 50.0, 30.0, 3.0, 8000.0], lr=5.000e-05
Epoch: 0 [ 560/5000 (11%)] Loss: 2463.79102 = L_Mnfld: 12.62334 + L_NonMnfld: 0.05898 + L_Eknl: 6.88618 + L_Morse: 0.95754 + L_thetaHessian: 2.63790 + L_thetaNeighbor: 5.16286 + L_Guidance: 2435.46414
Epoch: 0 [ 560/5000 (11%)] Unweighted L_s : L_Mnfld: 0.00180 + L_NonMnfld: 0.00010 + L_Eknl: 0.13772 + L_Morse: 0.31918 + L_thetaHessian: 0.26379 + L_thetaNeighbor: 0.17210 + L_Guidance: 0.30443
Instruction guidance terms: boundary=0.06838, intra=0.07230, region=0.05345, type=0.05302, op=0.05728, proto=0.00000, boundary_prior=0.00000, internal_template=0.00000, transition=0.00000, extrude=0.00000, extrude_cons=0.00000, revolve=0.00000, revolve_cons=0.00000, chamfer=0.00000, chamfer_cons=0.00000, fillet=0.00000, fillet_cons=0.00000, singular=0.00000, anchor=0.00000, boundary_align=0.00000

Weights: [7000.0, 600.0, 10.0, 50.0, 30.0, 3.0, 8000.0], lr=5.000e-05
Epoch: 0 [ 570/5000 (11%)] Loss: 2469.46167 = L_Mnfld: 15.53556 + L_NonMnfld: 0.03100 + L_Eknl: 6.65849 + L_Morse: 1.02825 + L_thetaHessian: 2.76089 + L_thetaNeighbor: 5.16394 + L_Guidance: 2438.28344
Epoch: 0 [ 570/5000 (11%)] Unweighted L_s : L_Mnfld: 0.00222 + L_NonMnfld: 0.00005 + L_Eknl: 0.13317 + L_Morse: 0.34275 + L_thetaHessian: 0.27609 + L_thetaNeighbor: 0.17213 + L_Guidance: 0.30479
Instruction guidance terms: boundary=0.06846, intra=0.07228, region=0.05355, type=0.05312, op=0.05738, proto=0.00000, boundary_prior=0.00000, internal_template=0.00000, transition=0.00000, extrude=0.00000, extrude_cons=0.00000, revolve=0.00000, revolve_cons=0.00000, chamfer=0.00000, chamfer_cons=0.00000, fillet=0.00000, fillet_cons=0.00000, singular=0.00000, anchor=0.00000, boundary_align=0.00000

Weights: [7000.0, 600.0, 10.0, 50.0, 30.0, 3.0, 8000.0], lr=5.000e-05
Epoch: 0 [ 580/5000 (12%)] Loss: 2465.26953 = L_Mnfld: 12.65079 + L_NonMnfld: 0.03162 + L_Eknl: 6.77823 + L_Morse: 0.94451 + L_thetaHessian: 2.61312 + L_thetaNeighbor: 5.16285 + L_Guidance: 2437.08849
Epoch: 0 [ 580/5000 (12%)] Unweighted L_s : L_Mnfld: 0.00181 + L_NonMnfld: 0.00005 + L_Eknl: 0.13556 + L_Morse: 0.31484 + L_thetaHessian: 0.26131 + L_thetaNeighbor: 0.17209 + L_Guidance: 0.30464
Instruction guidance terms: boundary=0.06842, intra=0.07230, region=0.05351, type=0.05308, op=0.05733, proto=0.00000, boundary_prior=0.00000, internal_template=0.00000, transition=0.00000, extrude=0.00000, extrude_cons=0.00000, revolve=0.00000, revolve_cons=0.00000, chamfer=0.00000, chamfer_cons=0.00000, fillet=0.00000, fillet_cons=0.00000, singular=0.00000, anchor=0.00000, boundary_align=0.00000

Weights: [7000.0, 600.0, 10.0, 50.0, 30.0, 3.0, 8000.0], lr=5.000e-05
Epoch: 0 [ 590/5000 (12%)] Loss: 2463.99316 = L_Mnfld: 12.04476 + L_NonMnfld: 0.03699 + L_Eknl: 6.80724 + L_Morse: 0.93742 + L_thetaHessian: 2.75334 + L_thetaNeighbor: 5.16225 + L_Guidance: 2436.25116
Epoch: 0 [ 590/5000 (12%)] Unweighted L_s : L_Mnfld: 0.00172 + L_NonMnfld: 0.00006 + L_Eknl: 0.13614 + L_Morse: 0.31247 + L_thetaHessian: 0.27533 + L_thetaNeighbor: 0.17207 + L_Guidance: 0.30453
Instruction guidance terms: boundary=0.06840, intra=0.07228, region=0.05348, type=0.05306, op=0.05731, proto=0.00000, boundary_prior=0.00000, internal_template=0.00000, transition=0.00000, extrude=0.00000, extrude_cons=0.00000, revolve=0.00000, revolve_cons=0.00000, chamfer=0.00000, chamfer_cons=0.00000, fillet=0.00000, fillet_cons=0.00000, singular=0.00000, anchor=0.00000, boundary_align=0.00000

Weights: [7000.0, 600.0, 10.0, 50.0, 30.0, 3.0, 8000.0], lr=5.000e-05
Epoch: 0 [ 600/5000 (12%)] Loss: 2462.93457 = L_Mnfld: 11.49040 + L_NonMnfld: 0.03261 + L_Eknl: 6.48896 + L_Morse: 0.91043 + L_thetaHessian: 2.47798 + L_thetaNeighbor: 5.16218 + L_Guidance: 2436.37204
Epoch: 0 [ 600/5000 (12%)] Unweighted L_s : L_Mnfld: 0.00164 + L_NonMnfld: 0.00005 + L_Eknl: 0.12978 + L_Morse: 0.30348 + L_thetaHessian: 0.24780 + L_thetaNeighbor: 0.17207 + L_Guidance: 0.30455
Instruction guidance terms: boundary=0.06841, intra=0.07226, region=0.05349, type=0.05307, op=0.05732, proto=0.00000, boundary_prior=0.00000, internal_template=0.00000, transition=0.00000, extrude=0.00000, extrude_cons=0.00000, revolve=0.00000, revolve_cons=0.00000, chamfer=0.00000, chamfer_cons=0.00000, fillet=0.00000, fillet_cons=0.00000, singular=0.00000, anchor=0.00000, boundary_align=0.00000

Weights: [7000.0, 600.0, 10.0, 50.0, 30.0, 3.0, 8000.0], lr=5.000e-05
Epoch: 0 [ 610/5000 (12%)] Loss: 2459.62939 = L_Mnfld: 11.78005 + L_NonMnfld: 0.02412 + L_Eknl: 6.43734 + L_Morse: 0.88131 + L_thetaHessian: 2.41553 + L_thetaNeighbor: 5.15905 + L_Guidance: 2432.93190
Epoch: 0 [ 610/5000 (12%)] Unweighted L_s : L_Mnfld: 0.00168 + L_NonMnfld: 0.00004 + L_Eknl: 0.12875 + L_Morse: 0.29377 + L_thetaHessian: 0.24155 + L_thetaNeighbor: 0.17197 + L_Guidance: 0.30412
Instruction guidance terms: boundary=0.06830, intra=0.07229, region=0.05337, type=0.05295, op=0.05721, proto=0.00000, boundary_prior=0.00000, internal_template=0.00000, transition=0.00000, extrude=0.00000, extrude_cons=0.00000, revolve=0.00000, revolve_cons=0.00000, chamfer=0.00000, chamfer_cons=0.00000, fillet=0.00000, fillet_cons=0.00000, singular=0.00000, anchor=0.00000, boundary_align=0.00000

Weights: [7000.0, 600.0, 10.0, 50.0, 30.0, 3.0, 8000.0], lr=5.000e-05
Epoch: 0 [ 620/5000 (12%)] Loss: 2464.81763 = L_Mnfld: 13.38585 + L_NonMnfld: 0.03245 + L_Eknl: 6.28255 + L_Morse: 0.90965 + L_thetaHessian: 2.38905 + L_thetaNeighbor: 5.16144 + L_Guidance: 2436.65671
Epoch: 0 [ 620/5000 (12%)] Unweighted L_s : L_Mnfld: 0.00191 + L_NonMnfld: 0.00005 + L_Eknl: 0.12565 + L_Morse: 0.30322 + L_thetaHessian: 0.23891 + L_thetaNeighbor: 0.17205 + L_Guidance: 0.30458
Instruction guidance terms: boundary=0.06841, intra=0.07227, region=0.05350, type=0.05307, op=0.05732, proto=0.00000, boundary_prior=0.00000, internal_template=0.00000, transition=0.00000, extrude=0.00000, extrude_cons=0.00000, revolve=0.00000, revolve_cons=0.00000, chamfer=0.00000, chamfer_cons=0.00000, fillet=0.00000, fillet_cons=0.00000, singular=0.00000, anchor=0.00000, boundary_align=0.00000

Weights: [7000.0, 600.0, 10.0, 50.0, 30.0, 3.0, 8000.0], lr=5.000e-05
Epoch: 0 [ 630/5000 (13%)] Loss: 2465.32007 = L_Mnfld: 13.51162 + L_NonMnfld: 0.02877 + L_Eknl: 6.37425 + L_Morse: 0.92525 + L_thetaHessian: 2.50702 + L_thetaNeighbor: 5.16041 + L_Guidance: 2436.81264
Epoch: 0 [ 630/5000 (13%)] Unweighted L_s : L_Mnfld: 0.00193 + L_NonMnfld: 0.00005 + L_Eknl: 0.12748 + L_Morse: 0.30842 + L_thetaHessian: 0.25070 + L_thetaNeighbor: 0.17201 + L_Guidance: 0.30460
Instruction guidance terms: boundary=0.06841, intra=0.07224, region=0.05352, type=0.05309, op=0.05734, proto=0.00000, boundary_prior=0.00000, internal_template=0.00000, transition=0.00000, extrude=0.00000, extrude_cons=0.00000, revolve=0.00000, revolve_cons=0.00000, chamfer=0.00000, chamfer_cons=0.00000, fillet=0.00000, fillet_cons=0.00000, singular=0.00000, anchor=0.00000, boundary_align=0.00000

Weights: [7000.0, 600.0, 10.0, 50.0, 30.0, 3.0, 8000.0], lr=5.000e-05
Epoch: 0 [ 640/5000 (13%)] Loss: 2462.60693 = L_Mnfld: 12.26201 + L_NonMnfld: 0.06707 + L_Eknl: 6.17377 + L_Morse: 0.87376 + L_thetaHessian: 2.35000 + L_thetaNeighbor: 5.15981 + L_Guidance: 2435.72044
Epoch: 0 [ 640/5000 (13%)] Unweighted L_s : L_Mnfld: 0.00175 + L_NonMnfld: 0.00011 + L_Eknl: 0.12348 + L_Morse: 0.29125 + L_thetaHessian: 0.23500 + L_thetaNeighbor: 0.17199 + L_Guidance: 0.30447
Instruction guidance terms: boundary=0.06838, intra=0.07224, region=0.05348, type=0.05305, op=0.05731, proto=0.00000, boundary_prior=0.00000, internal_template=0.00000, transition=0.00000, extrude=0.00000, extrude_cons=0.00000, revolve=0.00000, revolve_cons=0.00000, chamfer=0.00000, chamfer_cons=0.00000, fillet=0.00000, fillet_cons=0.00000, singular=0.00000, anchor=0.00000, boundary_align=0.00000

Weights: [7000.0, 600.0, 10.0, 50.0, 30.0, 3.0, 8000.0], lr=5.000e-05
Epoch: 0 [ 650/5000 (13%)] Loss: 2464.08838 = L_Mnfld: 12.17857 + L_NonMnfld: 0.03409 + L_Eknl: 6.56402 + L_Morse: 0.88723 + L_thetaHessian: 2.40777 + L_thetaNeighbor: 5.16015 + L_Guidance: 2436.85651
Epoch: 0 [ 650/5000 (13%)] Unweighted L_s : L_Mnfld: 0.00174 + L_NonMnfld: 0.00006 + L_Eknl: 0.13128 + L_Morse: 0.29574 + L_thetaHessian: 0.24078 + L_thetaNeighbor: 0.17201 + L_Guidance: 0.30461
Instruction guidance terms: boundary=0.06842, intra=0.07221, region=0.05353, type=0.05310, op=0.05735, proto=0.00000, boundary_prior=0.00000, internal_template=0.00000, transition=0.00000, extrude=0.00000, extrude_cons=0.00000, revolve=0.00000, revolve_cons=0.00000, chamfer=0.00000, chamfer_cons=0.00000, fillet=0.00000, fillet_cons=0.00000, singular=0.00000, anchor=0.00000, boundary_align=0.00000

Weights: [7000.0, 600.0, 10.0, 50.0, 30.0, 3.0, 8000.0], lr=5.000e-05
Epoch: 0 [ 660/5000 (13%)] Loss: 2464.23999 = L_Mnfld: 14.14641 + L_NonMnfld: 0.03262 + L_Eknl: 6.37459 + L_Morse: 0.92120 + L_thetaHessian: 2.51096 + L_thetaNeighbor: 5.15876 + L_Guidance: 2435.09555
Epoch: 0 [ 660/5000 (13%)] Unweighted L_s : L_Mnfld: 0.00202 + L_NonMnfld: 0.00005 + L_Eknl: 0.12749 + L_Morse: 0.30707 + L_thetaHessian: 0.25110 + L_thetaNeighbor: 0.17196 + L_Guidance: 0.30439
Instruction guidance terms: boundary=0.06837, intra=0.07222, region=0.05347, type=0.05304, op=0.05729, proto=0.00000, boundary_prior=0.00000, internal_template=0.00000, transition=0.00000, extrude=0.00000, extrude_cons=0.00000, revolve=0.00000, revolve_cons=0.00000, chamfer=0.00000, chamfer_cons=0.00000, fillet=0.00000, fillet_cons=0.00000, singular=0.00000, anchor=0.00000, boundary_align=0.00000

Weights: [7000.0, 600.0, 10.0, 50.0, 30.0, 3.0, 8000.0], lr=5.000e-05
Epoch: 0 [ 670/5000 (13%)] Loss: 2462.95728 = L_Mnfld: 13.08744 + L_NonMnfld: 0.04029 + L_Eknl: 6.23293 + L_Morse: 0.94799 + L_thetaHessian: 2.61765 + L_thetaNeighbor: 5.15803 + L_Guidance: 2434.87310
Epoch: 0 [ 670/5000 (13%)] Unweighted L_s : L_Mnfld: 0.00187 + L_NonMnfld: 0.00007 + L_Eknl: 0.12466 + L_Morse: 0.31600 + L_thetaHessian: 0.26177 + L_thetaNeighbor: 0.17193 + L_Guidance: 0.30436
Instruction guidance terms: boundary=0.06836, intra=0.07222, region=0.05346, type=0.05303, op=0.05728, proto=0.00000, boundary_prior=0.00000, internal_template=0.00000, transition=0.00000, extrude=0.00000, extrude_cons=0.00000, revolve=0.00000, revolve_cons=0.00000, chamfer=0.00000, chamfer_cons=0.00000, fillet=0.00000, fillet_cons=0.00000, singular=0.00000, anchor=0.00000, boundary_align=0.00000

Weights: [7000.0, 600.0, 10.0, 50.0, 30.0, 3.0, 8000.0], lr=5.000e-05
Epoch: 0 [ 680/5000 (14%)] Loss: 2465.21729 = L_Mnfld: 13.50674 + L_NonMnfld: 0.01487 + L_Eknl: 6.09987 + L_Morse: 0.96615 + L_thetaHessian: 2.72753 + L_thetaNeighbor: 5.15860 + L_Guidance: 2436.74374
Epoch: 0 [ 680/5000 (14%)] Unweighted L_s : L_Mnfld: 0.00193 + L_NonMnfld: 0.00002 + L_Eknl: 0.12200 + L_Morse: 0.32205 + L_thetaHessian: 0.27275 + L_thetaNeighbor: 0.17195 + L_Guidance: 0.30459
Instruction guidance terms: boundary=0.06842, intra=0.07220, region=0.05353, type=0.05310, op=0.05734, proto=0.00000, boundary_prior=0.00000, internal_template=0.00000, transition=0.00000, extrude=0.00000, extrude_cons=0.00000, revolve=0.00000, revolve_cons=0.00000, chamfer=0.00000, chamfer_cons=0.00000, fillet=0.00000, fillet_cons=0.00000, singular=0.00000, anchor=0.00000, boundary_align=0.00000

Weights: [7000.0, 600.0, 10.0, 50.0, 30.0, 3.0, 8000.0], lr=5.000e-05
Epoch: 0 [ 690/5000 (14%)] Loss: 2463.19507 = L_Mnfld: 11.81974 + L_NonMnfld: 0.02124 + L_Eknl: 5.78578 + L_Morse: 0.86260 + L_thetaHessian: 2.47086 + L_thetaNeighbor: 5.15844 + L_Guidance: 2437.07633
Epoch: 0 [ 690/5000 (14%)] Unweighted L_s : L_Mnfld: 0.00169 + L_NonMnfld: 0.00004 + L_Eknl: 0.11572 + L_Morse: 0.28753 + L_thetaHessian: 0.24709 + L_thetaNeighbor: 0.17195 + L_Guidance: 0.30463
Instruction guidance terms: boundary=0.06843, intra=0.07218, region=0.05355, type=0.05311, op=0.05736, proto=0.00000, boundary_prior=0.00000, internal_template=0.00000, transition=0.00000, extrude=0.00000, extrude_cons=0.00000, revolve=0.00000, revolve_cons=0.00000, chamfer=0.00000, chamfer_cons=0.00000, fillet=0.00000, fillet_cons=0.00000, singular=0.00000, anchor=0.00000, boundary_align=0.00000

Weights: [7000.0, 600.0, 10.0, 50.0, 30.0, 3.0, 8000.0], lr=5.000e-05
Epoch: 0 [ 700/5000 (14%)] Loss: 2460.77124 = L_Mnfld: 11.01476 + L_NonMnfld: 0.04241 + L_Eknl: 6.24862 + L_Morse: 0.82847 + L_thetaHessian: 2.32808 + L_thetaNeighbor: 5.15705 + L_Guidance: 2435.15182
Epoch: 0 [ 700/5000 (14%)] Unweighted L_s : L_Mnfld: 0.00157 + L_NonMnfld: 0.00007 + L_Eknl: 0.12497 + L_Morse: 0.27616 + L_thetaHessian: 0.23281 + L_thetaNeighbor: 0.17190 + L_Guidance: 0.30439
Instruction guidance terms: boundary=0.06837, intra=0.07217, region=0.05349, type=0.05306, op=0.05730, proto=0.00000, boundary_prior=0.00000, internal_template=0.00000, transition=0.00000, extrude=0.00000, extrude_cons=0.00000, revolve=0.00000, revolve_cons=0.00000, chamfer=0.00000, chamfer_cons=0.00000, fillet=0.00000, fillet_cons=0.00000, singular=0.00000, anchor=0.00000, boundary_align=0.00000

Weights: [7000.0, 600.0, 10.0, 50.0, 30.0, 3.0, 8000.0], lr=5.000e-05
Epoch: 0 [ 710/5000 (14%)] Loss: 2458.58911 = L_Mnfld: 11.07648 + L_NonMnfld: 0.02001 + L_Eknl: 5.87718 + L_Morse: 0.80211 + L_thetaHessian: 2.30301 + L_thetaNeighbor: 5.15553 + L_Guidance: 2433.35485
Epoch: 0 [ 710/5000 (14%)] Unweighted L_s : L_Mnfld: 0.00158 + L_NonMnfld: 0.00003 + L_Eknl: 0.11754 + L_Morse: 0.26737 + L_thetaHessian: 0.23030 + L_thetaNeighbor: 0.17185 + L_Guidance: 0.30417
Instruction guidance terms: boundary=0.06831, intra=0.07217, region=0.05343, type=0.05300, op=0.05725, proto=0.00000, boundary_prior=0.00000, internal_template=0.00000, transition=0.00000, extrude=0.00000, extrude_cons=0.00000, revolve=0.00000, revolve_cons=0.00000, chamfer=0.00000, chamfer_cons=0.00000, fillet=0.00000, fillet_cons=0.00000, singular=0.00000, anchor=0.00000, boundary_align=0.00000

Weights: [7000.0, 600.0, 10.0, 50.0, 30.0, 3.0, 8000.0], lr=5.000e-05
Epoch: 0 [ 720/5000 (14%)] Loss: 2457.45215 = L_Mnfld: 10.40749 + L_NonMnfld: 0.02312 + L_Eknl: 5.81806 + L_Morse: 0.75008 + L_thetaHessian: 2.13686 + L_thetaNeighbor: 5.15489 + L_Guidance: 2433.16174
Epoch: 0 [ 720/5000 (14%)] Unweighted L_s : L_Mnfld: 0.00149 + L_NonMnfld: 0.00004 + L_Eknl: 0.11636 + L_Morse: 0.25003 + L_thetaHessian: 0.21369 + L_thetaNeighbor: 0.17183 + L_Guidance: 0.30415
Instruction guidance terms: boundary=0.06831, intra=0.07219, region=0.05343, type=0.05299, op=0.05724, proto=0.00000, boundary_prior=0.00000, internal_template=0.00000, transition=0.00000, extrude=0.00000, extrude_cons=0.00000, revolve=0.00000, revolve_cons=0.00000, chamfer=0.00000, chamfer_cons=0.00000, fillet=0.00000, fillet_cons=0.00000, singular=0.00000, anchor=0.00000, boundary_align=0.00000

Weights: [7000.0, 600.0, 10.0, 50.0, 30.0, 3.0, 8000.0], lr=5.000e-05
Epoch: 0 [ 730/5000 (15%)] Loss: 2455.74243 = L_Mnfld: 9.76594 + L_NonMnfld: 0.03385 + L_Eknl: 5.61821 + L_Morse: 0.76840 + L_thetaHessian: 2.15967 + L_thetaNeighbor: 5.15345 + L_Guidance: 2432.24287
Epoch: 0 [ 730/5000 (15%)] Unweighted L_s : L_Mnfld: 0.00140 + L_NonMnfld: 0.00006 + L_Eknl: 0.11236 + L_Morse: 0.25613 + L_thetaHessian: 0.21597 + L_thetaNeighbor: 0.17178 + L_Guidance: 0.30403
Instruction guidance terms: boundary=0.06828, intra=0.07217, region=0.05340, type=0.05297, op=0.05721, proto=0.00000, boundary_prior=0.00000, internal_template=0.00000, transition=0.00000, extrude=0.00000, extrude_cons=0.00000, revolve=0.00000, revolve_cons=0.00000, chamfer=0.00000, chamfer_cons=0.00000, fillet=0.00000, fillet_cons=0.00000, singular=0.00000, anchor=0.00000, boundary_align=0.00000

Weights: [7000.0, 600.0, 10.0, 50.0, 30.0, 3.0, 8000.0], lr=5.000e-05
Epoch: 0 [ 740/5000 (15%)] Loss: 2458.30029 = L_Mnfld: 10.03635 + L_NonMnfld: 0.03300 + L_Eknl: 6.07017 + L_Morse: 0.78373 + L_thetaHessian: 2.15862 + L_thetaNeighbor: 5.15387 + L_Guidance: 2434.06439
Epoch: 0 [ 740/5000 (15%)] Unweighted L_s : L_Mnfld: 0.00143 + L_NonMnfld: 0.00005 + L_Eknl: 0.12140 + L_Morse: 0.26124 + L_thetaHessian: 0.21586 + L_thetaNeighbor: 0.17180 + L_Guidance: 0.30426
Instruction guidance terms: boundary=0.06833, intra=0.07217, region=0.05347, type=0.05303, op=0.05727, proto=0.00000, boundary_prior=0.00000, internal_template=0.00000, transition=0.00000, extrude=0.00000, extrude_cons=0.00000, revolve=0.00000, revolve_cons=0.00000, chamfer=0.00000, chamfer_cons=0.00000, fillet=0.00000, fillet_cons=0.00000, singular=0.00000, anchor=0.00000, boundary_align=0.00000

Weights: [7000.0, 600.0, 10.0, 50.0, 30.0, 3.0, 8000.0], lr=5.000e-05
Epoch: 0 [ 750/5000 (15%)] Loss: 2457.45020 = L_Mnfld: 10.60782 + L_NonMnfld: 0.04821 + L_Eknl: 5.71039 + L_Morse: 0.74611 + L_thetaHessian: 2.14444 + L_thetaNeighbor: 5.15302 + L_Guidance: 2433.04038
Epoch: 0 [ 750/5000 (15%)] Unweighted L_s : L_Mnfld: 0.00152 + L_NonMnfld: 0.00008 + L_Eknl: 0.11421 + L_Morse: 0.24870 + L_thetaHessian: 0.21444 + L_thetaNeighbor: 0.17177 + L_Guidance: 0.30413
Instruction guidance terms: boundary=0.06831, intra=0.07212, region=0.05344, type=0.05301, op=0.05725, proto=0.00000, boundary_prior=0.00000, internal_template=0.00000, transition=0.00000, extrude=0.00000, extrude_cons=0.00000, revolve=0.00000, revolve_cons=0.00000, chamfer=0.00000, chamfer_cons=0.00000, fillet=0.00000, fillet_cons=0.00000, singular=0.00000, anchor=0.00000, boundary_align=0.00000

Weights: [7000.0, 600.0, 10.0, 50.0, 30.0, 3.0, 8000.0], lr=5.000e-05
Epoch: 0 [ 760/5000 (15%)] Loss: 2457.63892 = L_Mnfld: 11.28655 + L_NonMnfld: 0.04554 + L_Eknl: 5.89475 + L_Morse: 0.80989 + L_thetaHessian: 2.26803 + L_thetaNeighbor: 5.15115 + L_Guidance: 2432.18303
Epoch: 0 [ 760/5000 (15%)] Unweighted L_s : L_Mnfld: 0.00161 + L_NonMnfld: 0.00008 + L_Eknl: 0.11789 + L_Morse: 0.26996 + L_thetaHessian: 0.22680 + L_thetaNeighbor: 0.17170 + L_Guidance: 0.30402
Instruction guidance terms: boundary=0.06828, intra=0.07210, region=0.05343, type=0.05299, op=0.05723, proto=0.00000, boundary_prior=0.00000, internal_template=0.00000, transition=0.00000, extrude=0.00000, extrude_cons=0.00000, revolve=0.00000, revolve_cons=0.00000, chamfer=0.00000, chamfer_cons=0.00000, fillet=0.00000, fillet_cons=0.00000, singular=0.00000, anchor=0.00000, boundary_align=0.00000

Weights: [7000.0, 600.0, 10.0, 50.0, 30.0, 3.0, 8000.0], lr=5.000e-05
Epoch: 0 [ 770/5000 (15%)] Loss: 2458.75562 = L_Mnfld: 11.73793 + L_NonMnfld: 0.01412 + L_Eknl: 5.70972 + L_Morse: 0.81352 + L_thetaHessian: 2.29067 + L_thetaNeighbor: 5.15159 + L_Guidance: 2433.03800
Epoch: 0 [ 770/5000 (15%)] Unweighted L_s : L_Mnfld: 0.00168 + L_NonMnfld: 0.00002 + L_Eknl: 0.11419 + L_Morse: 0.27117 + L_thetaHessian: 0.22907 + L_thetaNeighbor: 0.17172 + L_Guidance: 0.30413
Instruction guidance terms: boundary=0.06831, intra=0.07207, region=0.05347, type=0.05302, op=0.05726, proto=0.00000, boundary_prior=0.00000, internal_template=0.00000, transition=0.00000, extrude=0.00000, extrude_cons=0.00000, revolve=0.00000, revolve_cons=0.00000, chamfer=0.00000, chamfer_cons=0.00000, fillet=0.00000, fillet_cons=0.00000, singular=0.00000, anchor=0.00000, boundary_align=0.00000

Weights: [7000.0, 600.0, 10.0, 50.0, 30.0, 3.0, 8000.0], lr=5.000e-05
Epoch: 0 [ 780/5000 (16%)] Loss: 2456.97949 = L_Mnfld: 11.21141 + L_NonMnfld: 0.03188 + L_Eknl: 5.72773 + L_Morse: 0.78639 + L_thetaHessian: 2.34227 + L_thetaNeighbor: 5.14876 + L_Guidance: 2431.73099
Epoch: 0 [ 780/5000 (16%)] Unweighted L_s : L_Mnfld: 0.00160 + L_NonMnfld: 0.00005 + L_Eknl: 0.11455 + L_Morse: 0.26213 + L_thetaHessian: 0.23423 + L_thetaNeighbor: 0.17163 + L_Guidance: 0.30397
Instruction guidance terms: boundary=0.06827, intra=0.07204, region=0.05344, type=0.05299, op=0.05722, proto=0.00000, boundary_prior=0.00000, internal_template=0.00000, transition=0.00000, extrude=0.00000, extrude_cons=0.00000, revolve=0.00000, revolve_cons=0.00000, chamfer=0.00000, chamfer_cons=0.00000, fillet=0.00000, fillet_cons=0.00000, singular=0.00000, anchor=0.00000, boundary_align=0.00000

Weights: [7000.0, 600.0, 10.0, 50.0, 30.0, 3.0, 8000.0], lr=5.000e-05
Epoch: 0 [ 790/5000 (16%)] Loss: 2459.23145 = L_Mnfld: 11.20017 + L_NonMnfld: 0.01903 + L_Eknl: 5.83663 + L_Morse: 0.79809 + L_thetaHessian: 2.33002 + L_thetaNeighbor: 5.14974 + L_Guidance: 2433.89773
Epoch: 0 [ 790/5000 (16%)] Unweighted L_s : L_Mnfld: 0.00160 + L_NonMnfld: 0.00003 + L_Eknl: 0.11673 + L_Morse: 0.26603 + L_thetaHessian: 0.23300 + L_thetaNeighbor: 0.17166 + L_Guidance: 0.30424
Instruction guidance terms: boundary=0.06833, intra=0.07200, region=0.05353, type=0.05307, op=0.05730, proto=0.00000, boundary_prior=0.00000, internal_template=0.00000, transition=0.00000, extrude=0.00000, extrude_cons=0.00000, revolve=0.00000, revolve_cons=0.00000, chamfer=0.00000, chamfer_cons=0.00000, fillet=0.00000, fillet_cons=0.00000, singular=0.00000, anchor=0.00000, boundary_align=0.00000

Weights: [7000.0, 600.0, 10.0, 50.0, 30.0, 3.0, 8000.0], lr=5.000e-05
Epoch: 0 [ 800/5000 (16%)] Loss: 2457.88208 = L_Mnfld: 11.16871 + L_NonMnfld: 0.02298 + L_Eknl: 5.74312 + L_Morse: 0.78783 + L_thetaHessian: 2.24464 + L_thetaNeighbor: 5.14824 + L_Guidance: 2432.76668
Epoch: 0 [ 800/5000 (16%)] Unweighted L_s : L_Mnfld: 0.00160 + L_NonMnfld: 0.00004 + L_Eknl: 0.11486 + L_Morse: 0.26261 + L_thetaHessian: 0.22446 + L_thetaNeighbor: 0.17161 + L_Guidance: 0.30410
Instruction guidance terms: boundary=0.06830, intra=0.07201, region=0.05349, type=0.05303, op=0.05727, proto=0.00000, boundary_prior=0.00000, internal_template=0.00000, transition=0.00000, extrude=0.00000, extrude_cons=0.00000, revolve=0.00000, revolve_cons=0.00000, chamfer=0.00000, chamfer_cons=0.00000, fillet=0.00000, fillet_cons=0.00000, singular=0.00000, anchor=0.00000, boundary_align=0.00000

Weights: [7000.0, 600.0, 10.0, 50.0, 30.0, 3.0, 8000.0], lr=5.000e-05
Epoch: 0 [ 810/5000 (16%)] Loss: 2457.05078 = L_Mnfld: 10.95600 + L_NonMnfld: 0.03508 + L_Eknl: 5.76672 + L_Morse: 0.77058 + L_thetaHessian: 2.24164 + L_thetaNeighbor: 5.14684 + L_Guidance: 2432.13391
Epoch: 0 [ 810/5000 (16%)] Unweighted L_s : L_Mnfld: 0.00157 + L_NonMnfld: 0.00006 + L_Eknl: 0.11533 + L_Morse: 0.25686 + L_thetaHessian: 0.22416 + L_thetaNeighbor: 0.17156 + L_Guidance: 0.30402
Instruction guidance terms: boundary=0.06827, intra=0.07204, region=0.05346, type=0.05301, op=0.05724, proto=0.00000, boundary_prior=0.00000, internal_template=0.00000, transition=0.00000, extrude=0.00000, extrude_cons=0.00000, revolve=0.00000, revolve_cons=0.00000, chamfer=0.00000, chamfer_cons=0.00000, fillet=0.00000, fillet_cons=0.00000, singular=0.00000, anchor=0.00000, boundary_align=0.00000

Weights: [7000.0, 600.0, 10.0, 50.0, 30.0, 3.0, 8000.0], lr=5.000e-05
Epoch: 0 [ 820/5000 (16%)] Loss: 2456.63135 = L_Mnfld: 10.93649 + L_NonMnfld: 0.03425 + L_Eknl: 5.78027 + L_Morse: 0.78341 + L_thetaHessian: 2.24969 + L_thetaNeighbor: 5.14662 + L_Guidance: 2431.70071
Epoch: 0 [ 820/5000 (16%)] Unweighted L_s : L_Mnfld: 0.00156 + L_NonMnfld: 0.00006 + L_Eknl: 0.11561 + L_Morse: 0.26114 + L_thetaHessian: 0.22497 + L_thetaNeighbor: 0.17155 + L_Guidance: 0.30396
Instruction guidance terms: boundary=0.06826, intra=0.07201, region=0.05345, type=0.05300, op=0.05723, proto=0.00000, boundary_prior=0.00000, internal_template=0.00000, transition=0.00000, extrude=0.00000, extrude_cons=0.00000, revolve=0.00000, revolve_cons=0.00000, chamfer=0.00000, chamfer_cons=0.00000, fillet=0.00000, fillet_cons=0.00000, singular=0.00000, anchor=0.00000, boundary_align=0.00000

Weights: [7000.0, 600.0, 10.0, 50.0, 30.0, 3.0, 8000.0], lr=5.000e-05
Epoch: 0 [ 830/5000 (17%)] Loss: 2458.53638 = L_Mnfld: 12.37004 + L_NonMnfld: 0.02315 + L_Eknl: 5.83562 + L_Morse: 0.80765 + L_thetaHessian: 2.39859 + L_thetaNeighbor: 5.14514 + L_Guidance: 2431.95629
Epoch: 0 [ 830/5000 (17%)] Unweighted L_s : L_Mnfld: 0.00177 + L_NonMnfld: 0.00004 + L_Eknl: 0.11671 + L_Morse: 0.26922 + L_thetaHessian: 0.23986 + L_thetaNeighbor: 0.17150 + L_Guidance: 0.30399
Instruction guidance terms: boundary=0.06827, intra=0.07198, region=0.05348, type=0.05302, op=0.05725, proto=0.00000, boundary_prior=0.00000, internal_template=0.00000, transition=0.00000, extrude=0.00000, extrude_cons=0.00000, revolve=0.00000, revolve_cons=0.00000, chamfer=0.00000, chamfer_cons=0.00000, fillet=0.00000, fillet_cons=0.00000, singular=0.00000, anchor=0.00000, boundary_align=0.00000

Weights: [7000.0, 600.0, 10.0, 50.0, 30.0, 3.0, 8000.0], lr=5.000e-05
Epoch: 0 [ 840/5000 (17%)] Loss: 2455.90601 = L_Mnfld: 10.94505 + L_NonMnfld: 0.02933 + L_Eknl: 5.83236 + L_Morse: 0.75798 + L_thetaHessian: 2.25868 + L_thetaNeighbor: 5.14455 + L_Guidance: 2430.93801
Epoch: 0 [ 840/5000 (17%)] Unweighted L_s : L_Mnfld: 0.00156 + L_NonMnfld: 0.00005 + L_Eknl: 0.11665 + L_Morse: 0.25266 + L_thetaHessian: 0.22587 + L_thetaNeighbor: 0.17148 + L_Guidance: 0.30387
Instruction guidance terms: boundary=0.06823, intra=0.07201, region=0.05344, type=0.05298, op=0.05721, proto=0.00000, boundary_prior=0.00000, internal_template=0.00000, transition=0.00000, extrude=0.00000, extrude_cons=0.00000, revolve=0.00000, revolve_cons=0.00000, chamfer=0.00000, chamfer_cons=0.00000, fillet=0.00000, fillet_cons=0.00000, singular=0.00000, anchor=0.00000, boundary_align=0.00000

Weights: [7000.0, 600.0, 10.0, 50.0, 30.0, 3.0, 8000.0], lr=5.000e-05
Epoch: 0 [ 850/5000 (17%)] Loss: 2461.11890 = L_Mnfld: 11.60869 + L_NonMnfld: 0.02390 + L_Eknl: 5.68597 + L_Morse: 0.76668 + L_thetaHessian: 2.31609 + L_thetaNeighbor: 5.14758 + L_Guidance: 2435.57000
Epoch: 0 [ 850/5000 (17%)] Unweighted L_s : L_Mnfld: 0.00166 + L_NonMnfld: 0.00004 + L_Eknl: 0.11372 + L_Morse: 0.25556 + L_thetaHessian: 0.23161 + L_thetaNeighbor: 0.17159 + L_Guidance: 0.30445
Instruction guidance terms: boundary=0.06838, intra=0.07196, region=0.05360, type=0.05314, op=0.05736, proto=0.00000, boundary_prior=0.00000, internal_template=0.00000, transition=0.00000, extrude=0.00000, extrude_cons=0.00000, revolve=0.00000, revolve_cons=0.00000, chamfer=0.00000, chamfer_cons=0.00000, fillet=0.00000, fillet_cons=0.00000, singular=0.00000, anchor=0.00000, boundary_align=0.00000

Weights: [7000.0, 600.0, 10.0, 50.0, 30.0, 3.0, 8000.0], lr=5.000e-05
Epoch: 0 [ 860/5000 (17%)] Loss: 2460.35156 = L_Mnfld: 12.44017 + L_NonMnfld: 0.02510 + L_Eknl: 5.66713 + L_Morse: 0.78695 + L_thetaHessian: 2.33724 + L_thetaNeighbor: 5.14609 + L_Guidance: 2433.94899
Epoch: 0 [ 860/5000 (17%)] Unweighted L_s : L_Mnfld: 0.00178 + L_NonMnfld: 0.00004 + L_Eknl: 0.11334 + L_Morse: 0.26232 + L_thetaHessian: 0.23372 + L_thetaNeighbor: 0.17154 + L_Guidance: 0.30424
Instruction guidance terms: boundary=0.06833, intra=0.07196, region=0.05355, type=0.05309, op=0.05731, proto=0.00000, boundary_prior=0.00000, internal_template=0.00000, transition=0.00000, extrude=0.00000, extrude_cons=0.00000, revolve=0.00000, revolve_cons=0.00000, chamfer=0.00000, chamfer_cons=0.00000, fillet=0.00000, fillet_cons=0.00000, singular=0.00000, anchor=0.00000, boundary_align=0.00000

Weights: [7000.0, 600.0, 10.0, 50.0, 30.0, 3.0, 8000.0], lr=5.000e-05
Epoch: 0 [ 870/5000 (17%)] Loss: 2456.39697 = L_Mnfld: 10.42045 + L_NonMnfld: 0.02787 + L_Eknl: 5.44818 + L_Morse: 0.74342 + L_thetaHessian: 2.33370 + L_thetaNeighbor: 5.14313 + L_Guidance: 2432.28030
Epoch: 0 [ 870/5000 (17%)] Unweighted L_s : L_Mnfld: 0.00149 + L_NonMnfld: 0.00005 + L_Eknl: 0.10896 + L_Morse: 0.24781 + L_thetaHessian: 0.23337 + L_thetaNeighbor: 0.17144 + L_Guidance: 0.30404
Instruction guidance terms: boundary=0.06828, intra=0.07193, region=0.05351, type=0.05305, op=0.05726, proto=0.00000, boundary_prior=0.00000, internal_template=0.00000, transition=0.00000, extrude=0.00000, extrude_cons=0.00000, revolve=0.00000, revolve_cons=0.00000, chamfer=0.00000, chamfer_cons=0.00000, fillet=0.00000, fillet_cons=0.00000, singular=0.00000, anchor=0.00000, boundary_align=0.00000

Weights: [7000.0, 600.0, 10.0, 50.0, 30.0, 3.0, 8000.0], lr=5.000e-05
Epoch: 0 [ 880/5000 (18%)] Loss: 2462.46509 = L_Mnfld: 12.28134 + L_NonMnfld: 0.04128 + L_Eknl: 5.83285 + L_Morse: 0.86272 + L_thetaHessian: 2.36930 + L_thetaNeighbor: 5.14602 + L_Guidance: 2435.93168
Epoch: 0 [ 880/5000 (18%)] Unweighted L_s : L_Mnfld: 0.00175 + L_NonMnfld: 0.00007 + L_Eknl: 0.11666 + L_Morse: 0.28757 + L_thetaHessian: 0.23693 + L_thetaNeighbor: 0.17153 + L_Guidance: 0.30449
Instruction guidance terms: boundary=0.06839, intra=0.07195, region=0.05363, type=0.05316, op=0.05737, proto=0.00000, boundary_prior=0.00000, internal_template=0.00000, transition=0.00000, extrude=0.00000, extrude_cons=0.00000, revolve=0.00000, revolve_cons=0.00000, chamfer=0.00000, chamfer_cons=0.00000, fillet=0.00000, fillet_cons=0.00000, singular=0.00000, anchor=0.00000, boundary_align=0.00000

Weights: [7000.0, 600.0, 10.0, 50.0, 30.0, 3.0, 8000.0], lr=5.000e-05
Epoch: 0 [ 890/5000 (18%)] Loss: 2459.90601 = L_Mnfld: 14.33762 + L_NonMnfld: 0.03191 + L_Eknl: 5.71275 + L_Morse: 0.78100 + L_thetaHessian: 2.35758 + L_thetaNeighbor: 5.14158 + L_Guidance: 2431.54335
Epoch: 0 [ 890/5000 (18%)] Unweighted L_s : L_Mnfld: 0.00205 + L_NonMnfld: 0.00005 + L_Eknl: 0.11425 + L_Morse: 0.26033 + L_thetaHessian: 0.23576 + L_thetaNeighbor: 0.17139 + L_Guidance: 0.30394
Instruction guidance terms: boundary=0.06825, intra=0.07192, region=0.05350, type=0.05303, op=0.05725, proto=0.00000, boundary_prior=0.00000, internal_template=0.00000, transition=0.00000, extrude=0.00000, extrude_cons=0.00000, revolve=0.00000, revolve_cons=0.00000, chamfer=0.00000, chamfer_cons=0.00000, fillet=0.00000, fillet_cons=0.00000, singular=0.00000, anchor=0.00000, boundary_align=0.00000

Weights: [7000.0, 600.0, 10.0, 50.0, 30.0, 3.0, 8000.0], lr=5.000e-05
Epoch: 0 [ 900/5000 (18%)] Loss: 2459.79297 = L_Mnfld: 12.27222 + L_NonMnfld: 0.03007 + L_Eknl: 5.62665 + L_Morse: 0.79697 + L_thetaHessian: 2.43109 + L_thetaNeighbor: 5.14280 + L_Guidance: 2433.49314
Epoch: 0 [ 900/5000 (18%)] Unweighted L_s : L_Mnfld: 0.00175 + L_NonMnfld: 0.00005 + L_Eknl: 0.11253 + L_Morse: 0.26566 + L_thetaHessian: 0.24311 + L_thetaNeighbor: 0.17143 + L_Guidance: 0.30419
Instruction guidance terms: boundary=0.06831, intra=0.07193, region=0.05355, type=0.05309, op=0.05730, proto=0.00000, boundary_prior=0.00000, internal_template=0.00000, transition=0.00000, extrude=0.00000, extrude_cons=0.00000, revolve=0.00000, revolve_cons=0.00000, chamfer=0.00000, chamfer_cons=0.00000, fillet=0.00000, fillet_cons=0.00000, singular=0.00000, anchor=0.00000, boundary_align=0.00000

Weights: [7000.0, 600.0, 10.0, 50.0, 30.0, 3.0, 8000.0], lr=5.000e-05
Epoch: 0 [ 910/5000 (18%)] Loss: 2457.22852 = L_Mnfld: 13.09279 + L_NonMnfld: 0.03070 + L_Eknl: 5.32994 + L_Morse: 0.84649 + L_thetaHessian: 2.34392 + L_thetaNeighbor: 5.14165 + L_Guidance: 2430.44305
Epoch: 0 [ 910/5000 (18%)] Unweighted L_s : L_Mnfld: 0.00187 + L_NonMnfld: 0.00005 + L_Eknl: 0.10660 + L_Morse: 0.28216 + L_thetaHessian: 0.23439 + L_thetaNeighbor: 0.17139 + L_Guidance: 0.30381
Instruction guidance terms: boundary=0.06822, intra=0.07194, region=0.05345, type=0.05299, op=0.05721, proto=0.00000, boundary_prior=0.00000, internal_template=0.00000, transition=0.00000, extrude=0.00000, extrude_cons=0.00000, revolve=0.00000, revolve_cons=0.00000, chamfer=0.00000, chamfer_cons=0.00000, fillet=0.00000, fillet_cons=0.00000, singular=0.00000, anchor=0.00000, boundary_align=0.00000

Weights: [7000.0, 600.0, 10.0, 50.0, 30.0, 3.0, 8000.0], lr=5.000e-05
Epoch: 0 [ 920/5000 (18%)] Loss: 2457.60156 = L_Mnfld: 12.08410 + L_NonMnfld: 0.02076 + L_Eknl: 5.68023 + L_Morse: 0.77565 + L_thetaHessian: 2.30721 + L_thetaNeighbor: 5.14056 + L_Guidance: 2431.59294
Epoch: 0 [ 920/5000 (18%)] Unweighted L_s : L_Mnfld: 0.00173 + L_NonMnfld: 0.00003 + L_Eknl: 0.11360 + L_Morse: 0.25855 + L_thetaHessian: 0.23072 + L_thetaNeighbor: 0.17135 + L_Guidance: 0.30395
Instruction guidance terms: boundary=0.06825, intra=0.07193, region=0.05350, type=0.05303, op=0.05725, proto=0.00000, boundary_prior=0.00000, internal_template=0.00000, transition=0.00000, extrude=0.00000, extrude_cons=0.00000, revolve=0.00000, revolve_cons=0.00000, chamfer=0.00000, chamfer_cons=0.00000, fillet=0.00000, fillet_cons=0.00000, singular=0.00000, anchor=0.00000, boundary_align=0.00000

Weights: [7000.0, 600.0, 10.0, 50.0, 30.0, 3.0, 8000.0], lr=5.000e-05
Epoch: 0 [ 930/5000 (19%)] Loss: 2467.52759 = L_Mnfld: 13.64945 + L_NonMnfld: 0.02105 + L_Eknl: 5.49798 + L_Morse: 0.87168 + L_thetaHessian: 2.35452 + L_thetaNeighbor: 5.14698 + L_Guidance: 2439.98575
Epoch: 0 [ 930/5000 (19%)] Unweighted L_s : L_Mnfld: 0.00195 + L_NonMnfld: 0.00004 + L_Eknl: 0.10996 + L_Morse: 0.29056 + L_thetaHessian: 0.23545 + L_thetaNeighbor: 0.17157 + L_Guidance: 0.30500
Instruction guidance terms: boundary=0.06850, intra=0.07190, region=0.05378, type=0.05329, op=0.05752, proto=0.00000, boundary_prior=0.00000, internal_template=0.00000, transition=0.00000, extrude=0.00000, extrude_cons=0.00000, revolve=0.00000, revolve_cons=0.00000, chamfer=0.00000, chamfer_cons=0.00000, fillet=0.00000, fillet_cons=0.00000, singular=0.00000, anchor=0.00000, boundary_align=0.00000

Weights: [7000.0, 600.0, 10.0, 50.0, 30.0, 3.0, 8000.0], lr=5.000e-05
Epoch: 0 [ 940/5000 (19%)] Loss: 2456.61011 = L_Mnfld: 12.72781 + L_NonMnfld: 0.02885 + L_Eknl: 5.68873 + L_Morse: 0.73400 + L_thetaHessian: 2.17964 + L_thetaNeighbor: 5.14050 + L_Guidance: 2430.11069
Epoch: 0 [ 940/5000 (19%)] Unweighted L_s : L_Mnfld: 0.00182 + L_NonMnfld: 0.00005 + L_Eknl: 0.11377 + L_Morse: 0.24467 + L_thetaHessian: 0.21796 + L_thetaNeighbor: 0.17135 + L_Guidance: 0.30376
Instruction guidance terms: boundary=0.06821, intra=0.07192, region=0.05345, type=0.05298, op=0.05720, proto=0.00000, boundary_prior=0.00000, internal_template=0.00000, transition=0.00000, extrude=0.00000, extrude_cons=0.00000, revolve=0.00000, revolve_cons=0.00000, chamfer=0.00000, chamfer_cons=0.00000, fillet=0.00000, fillet_cons=0.00000, singular=0.00000, anchor=0.00000, boundary_align=0.00000

Weights: [7000.0, 600.0, 10.0, 50.0, 30.0, 3.0, 8000.0], lr=5.000e-05
Epoch: 0 [ 950/5000 (19%)] Loss: 2453.57886 = L_Mnfld: 10.16321 + L_NonMnfld: 0.03399 + L_Eknl: 5.60169 + L_Morse: 0.71012 + L_thetaHessian: 2.02866 + L_thetaNeighbor: 5.13833 + L_Guidance: 2429.90279
Epoch: 0 [ 950/5000 (19%)] Unweighted L_s : L_Mnfld: 0.00145 + L_NonMnfld: 0.00006 + L_Eknl: 0.11203 + L_Morse: 0.23671 + L_thetaHessian: 0.20287 + L_thetaNeighbor: 0.17128 + L_Guidance: 0.30374
Instruction guidance terms: boundary=0.06820, intra=0.07191, region=0.05346, type=0.05298, op=0.05720, proto=0.00000, boundary_prior=0.00000, internal_template=0.00000, transition=0.00000, extrude=0.00000, extrude_cons=0.00000, revolve=0.00000, revolve_cons=0.00000, chamfer=0.00000, chamfer_cons=0.00000, fillet=0.00000, fillet_cons=0.00000, singular=0.00000, anchor=0.00000, boundary_align=0.00000

Weights: [7000.0, 600.0, 10.0, 50.0, 30.0, 3.0, 8000.0], lr=5.000e-05
Epoch: 0 [ 960/5000 (19%)] Loss: 2451.62744 = L_Mnfld: 10.49893 + L_NonMnfld: 0.02548 + L_Eknl: 5.28662 + L_Morse: 0.66422 + L_thetaHessian: 1.97406 + L_thetaNeighbor: 5.13635 + L_Guidance: 2428.04170
Epoch: 0 [ 960/5000 (19%)] Unweighted L_s : L_Mnfld: 0.00150 + L_NonMnfld: 0.00004 + L_Eknl: 0.10573 + L_Morse: 0.22141 + L_thetaHessian: 0.19741 + L_thetaNeighbor: 0.17121 + L_Guidance: 0.30351
Instruction guidance terms: boundary=0.06814, intra=0.07190, region=0.05340, type=0.05293, op=0.05714, proto=0.00000, boundary_prior=0.00000, internal_template=0.00000, transition=0.00000, extrude=0.00000, extrude_cons=0.00000, revolve=0.00000, revolve_cons=0.00000, chamfer=0.00000, chamfer_cons=0.00000, fillet=0.00000, fillet_cons=0.00000, singular=0.00000, anchor=0.00000, boundary_align=0.00000

Weights: [7000.0, 600.0, 10.0, 50.0, 30.0, 3.0, 8000.0], lr=5.000e-05
Epoch: 0 [ 970/5000 (19%)] Loss: 2452.46411 = L_Mnfld: 11.15265 + L_NonMnfld: 0.01762 + L_Eknl: 5.39513 + L_Morse: 0.69618 + L_thetaHessian: 1.99156 + L_thetaNeighbor: 5.13699 + L_Guidance: 2428.07388
Epoch: 0 [ 970/5000 (19%)] Unweighted L_s : L_Mnfld: 0.00159 + L_NonMnfld: 0.00003 + L_Eknl: 0.10790 + L_Morse: 0.23206 + L_thetaHessian: 0.19916 + L_thetaNeighbor: 0.17123 + L_Guidance: 0.30351
Instruction guidance terms: boundary=0.06815, intra=0.07186, region=0.05341, type=0.05294, op=0.05715, proto=0.00000, boundary_prior=0.00000, internal_template=0.00000, transition=0.00000, extrude=0.00000, extrude_cons=0.00000, revolve=0.00000, revolve_cons=0.00000, chamfer=0.00000, chamfer_cons=0.00000, fillet=0.00000, fillet_cons=0.00000, singular=0.00000, anchor=0.00000, boundary_align=0.00000

Weights: [7000.0, 600.0, 10.0, 50.0, 30.0, 3.0, 8000.0], lr=5.000e-05
Epoch: 0 [ 980/5000 (20%)] Loss: 2450.65332 = L_Mnfld: 9.84196 + L_NonMnfld: 0.02963 + L_Eknl: 5.22379 + L_Morse: 0.62735 + L_thetaHessian: 1.91424 + L_thetaNeighbor: 5.13692 + L_Guidance: 2427.87933
Epoch: 0 [ 980/5000 (20%)] Unweighted L_s : L_Mnfld: 0.00141 + L_NonMnfld: 0.00005 + L_Eknl: 0.10448 + L_Morse: 0.20912 + L_thetaHessian: 0.19142 + L_thetaNeighbor: 0.17123 + L_Guidance: 0.30348
Instruction guidance terms: boundary=0.06814, intra=0.07187, region=0.05340, type=0.05293, op=0.05714, proto=0.00000, boundary_prior=0.00000, internal_template=0.00000, transition=0.00000, extrude=0.00000, extrude_cons=0.00000, revolve=0.00000, revolve_cons=0.00000, chamfer=0.00000, chamfer_cons=0.00000, fillet=0.00000, fillet_cons=0.00000, singular=0.00000, anchor=0.00000, boundary_align=0.00000

Weights: [7000.0, 600.0, 10.0, 50.0, 30.0, 3.0, 8000.0], lr=5.000e-05
Epoch: 0 [ 990/5000 (20%)] Loss: 2450.04004 = L_Mnfld: 9.28327 + L_NonMnfld: 0.02204 + L_Eknl: 5.18300 + L_Morse: 0.60858 + L_thetaHessian: 1.85894 + L_thetaNeighbor: 5.13678 + L_Guidance: 2427.94752
Epoch: 0 [ 990/5000 (20%)] Unweighted L_s : L_Mnfld: 0.00133 + L_NonMnfld: 0.00004 + L_Eknl: 0.10366 + L_Morse: 0.20286 + L_thetaHessian: 0.18589 + L_thetaNeighbor: 0.17123 + L_Guidance: 0.30349
Instruction guidance terms: boundary=0.06814, intra=0.07189, region=0.05340, type=0.05292, op=0.05714, proto=0.00000, boundary_prior=0.00000, internal_template=0.00000, transition=0.00000, extrude=0.00000, extrude_cons=0.00000, revolve=0.00000, revolve_cons=0.00000, chamfer=0.00000, chamfer_cons=0.00000, fillet=0.00000, fillet_cons=0.00000, singular=0.00000, anchor=0.00000, boundary_align=0.00000

Weights: [7000.0, 600.0, 10.0, 50.0, 30.0, 3.0, 8000.0], lr=5.000e-05
Epoch: 0 [1000/5000 (20%)] Loss: 2447.93604 = L_Mnfld: 8.62854 + L_NonMnfld: 0.02583 + L_Eknl: 5.42264 + L_Morse: 0.55574 + L_thetaHessian: 1.64943 + L_thetaNeighbor: 5.13600 + L_Guidance: 2426.51772
Epoch: 0 [1000/5000 (20%)] Unweighted L_s : L_Mnfld: 0.00123 + L_NonMnfld: 0.00004 + L_Eknl: 0.10845 + L_Morse: 0.18525 + L_thetaHessian: 0.16494 + L_thetaNeighbor: 0.17120 + L_Guidance: 0.30331
Instruction guidance terms: boundary=0.06810, intra=0.07190, region=0.05334, type=0.05288, op=0.05709, proto=0.00000, boundary_prior=0.00000, internal_template=0.00000, transition=0.00000, extrude=0.00000, extrude_cons=0.00000, revolve=0.00000, revolve_cons=0.00000, chamfer=0.00000, chamfer_cons=0.00000, fillet=0.00000, fillet_cons=0.00000, singular=0.00000, anchor=0.00000, boundary_align=0.00000

Weights: [7000.0, 600.0, 10.0, 50.0, 30.0, 2.9730090000000002, 8000.0], lr=5.000e-05
Epoch: 0 [1010/5000 (20%)] Loss: 2450.22729 = L_Mnfld: 10.55680 + L_NonMnfld: 0.02295 + L_Eknl: 5.41066 + L_Morse: 0.61108 + L_thetaHessian: 1.83527 + L_thetaNeighbor: 5.13618 + L_Guidance: 2426.65434
Epoch: 0 [1010/5000 (20%)] Unweighted L_s : L_Mnfld: 0.00151 + L_NonMnfld: 0.00004 + L_Eknl: 0.10821 + L_Morse: 0.20554 + L_thetaHessian: 0.18353 + L_thetaNeighbor: 0.17121 + L_Guidance: 0.30333
Instruction guidance terms: boundary=0.06811, intra=0.07188, region=0.05335, type=0.05289, op=0.05710, proto=0.00000, boundary_prior=0.00000, internal_template=0.00000, transition=0.00000, extrude=0.00000, extrude_cons=0.00000, revolve=0.00000, revolve_cons=0.00000, chamfer=0.00000, chamfer_cons=0.00000, fillet=0.00000, fillet_cons=0.00000, singular=0.00000, anchor=0.00000, boundary_align=0.00000

Weights: [7000.0, 600.0, 10.0, 50.0, 30.0, 2.943019, 8000.0], lr=5.000e-05
Epoch: 0 [1020/5000 (20%)] Loss: 2449.47412 = L_Mnfld: 9.35093 + L_NonMnfld: 0.01710 + L_Eknl: 4.94890 + L_Morse: 0.53583 + L_thetaHessian: 1.59168 + L_thetaNeighbor: 5.13682 + L_Guidance: 2427.89292
Epoch: 0 [1020/5000 (20%)] Unweighted L_s : L_Mnfld: 0.00134 + L_NonMnfld: 0.00003 + L_Eknl: 0.09898 + L_Morse: 0.18207 + L_thetaHessian: 0.15917 + L_thetaNeighbor: 0.17123 + L_Guidance: 0.30349
Instruction guidance terms: boundary=0.06814, intra=0.07189, region=0.05339, type=0.05292, op=0.05713, proto=0.00000, boundary_prior=0.00000, internal_template=0.00000, transition=0.00000, extrude=0.00000, extrude_cons=0.00000, revolve=0.00000, revolve_cons=0.00000, chamfer=0.00000, chamfer_cons=0.00000, fillet=0.00000, fillet_cons=0.00000, singular=0.00000, anchor=0.00000, boundary_align=0.00000

Weights: [7000.0, 600.0, 10.0, 50.0, 30.0, 2.913029, 8000.0], lr=5.000e-05
Epoch: 0 [1030/5000 (21%)] Loss: 2448.22241 = L_Mnfld: 9.05376 + L_NonMnfld: 0.02270 + L_Eknl: 5.26664 + L_Morse: 0.53884 + L_thetaHessian: 1.66643 + L_thetaNeighbor: 5.13538 + L_Guidance: 2426.53847
Epoch: 0 [1030/5000 (21%)] Unweighted L_s : L_Mnfld: 0.00129 + L_NonMnfld: 0.00004 + L_Eknl: 0.10533 + L_Morse: 0.18498 + L_thetaHessian: 0.16664 + L_thetaNeighbor: 0.17118 + L_Guidance: 0.30332
Instruction guidance terms: boundary=0.06810, intra=0.07188, region=0.05335, type=0.05289, op=0.05710, proto=0.00000, boundary_prior=0.00000, internal_template=0.00000, transition=0.00000, extrude=0.00000, extrude_cons=0.00000, revolve=0.00000, revolve_cons=0.00000, chamfer=0.00000, chamfer_cons=0.00000, fillet=0.00000, fillet_cons=0.00000, singular=0.00000, anchor=0.00000, boundary_align=0.00000

Weights: [7000.0, 600.0, 10.0, 50.0, 30.0, 2.883039, 8000.0], lr=5.000e-05
Epoch: 0 [1040/5000 (21%)] Loss: 2449.95264 = L_Mnfld: 9.79945 + L_NonMnfld: 0.03308 + L_Eknl: 5.45232 + L_Morse: 0.55555 + L_thetaHessian: 1.68207 + L_thetaNeighbor: 5.13567 + L_Guidance: 2427.29449
Epoch: 0 [1040/5000 (21%)] Unweighted L_s : L_Mnfld: 0.00140 + L_NonMnfld: 0.00006 + L_Eknl: 0.10905 + L_Morse: 0.19269 + L_thetaHessian: 0.16821 + L_thetaNeighbor: 0.17119 + L_Guidance: 0.30341
Instruction guidance terms: boundary=0.06812, intra=0.07190, region=0.05337, type=0.05290, op=0.05712, proto=0.00000, boundary_prior=0.00000, internal_template=0.00000, transition=0.00000, extrude=0.00000, extrude_cons=0.00000, revolve=0.00000, revolve_cons=0.00000, chamfer=0.00000, chamfer_cons=0.00000, fillet=0.00000, fillet_cons=0.00000, singular=0.00000, anchor=0.00000, boundary_align=0.00000

Weights: [7000.0, 600.0, 10.0, 50.0, 30.0, 2.8530490000000004, 8000.0], lr=5.000e-05
Epoch: 0 [1050/5000 (21%)] Loss: 2450.20410 = L_Mnfld: 9.72916 + L_NonMnfld: 0.02110 + L_Eknl: 5.13950 + L_Morse: 0.51084 + L_thetaHessian: 1.63925 + L_thetaNeighbor: 5.13711 + L_Guidance: 2428.02715
Epoch: 0 [1050/5000 (21%)] Unweighted L_s : L_Mnfld: 0.00139 + L_NonMnfld: 0.00004 + L_Eknl: 0.10279 + L_Morse: 0.17905 + L_thetaHessian: 0.16393 + L_thetaNeighbor: 0.17124 + L_Guidance: 0.30350
Instruction guidance terms: boundary=0.06815, intra=0.07187, region=0.05340, type=0.05293, op=0.05715, proto=0.00000, boundary_prior=0.00000, internal_template=0.00000, transition=0.00000, extrude=0.00000, extrude_cons=0.00000, revolve=0.00000, revolve_cons=0.00000, chamfer=0.00000, chamfer_cons=0.00000, fillet=0.00000, fillet_cons=0.00000, singular=0.00000, anchor=0.00000, boundary_align=0.00000

Weights: [7000.0, 600.0, 10.0, 50.0, 30.0, 2.823059, 8000.0], lr=5.000e-05
Epoch: 0 [1060/5000 (21%)] Loss: 2447.40479 = L_Mnfld: 8.89521 + L_NonMnfld: 0.03515 + L_Eknl: 5.31299 + L_Morse: 0.50472 + L_thetaHessian: 1.60625 + L_thetaNeighbor: 5.13476 + L_Guidance: 2425.91572
Epoch: 0 [1060/5000 (21%)] Unweighted L_s : L_Mnfld: 0.00127 + L_NonMnfld: 0.00006 + L_Eknl: 0.10626 + L_Morse: 0.17878 + L_thetaHessian: 0.16063 + L_thetaNeighbor: 0.17116 + L_Guidance: 0.30324
Instruction guidance terms: boundary=0.06809, intra=0.07186, region=0.05334, type=0.05287, op=0.05708, proto=0.00000, boundary_prior=0.00000, internal_template=0.00000, transition=0.00000, extrude=0.00000, extrude_cons=0.00000, revolve=0.00000, revolve_cons=0.00000, chamfer=0.00000, chamfer_cons=0.00000, fillet=0.00000, fillet_cons=0.00000, singular=0.00000, anchor=0.00000, boundary_align=0.00000

Weights: [7000.0, 600.0, 10.0, 50.0, 30.0, 2.7930690000000005, 8000.0], lr=5.000e-05
Epoch: 0 [1070/5000 (21%)] Loss: 2447.49390 = L_Mnfld: 9.54402 + L_NonMnfld: 0.02807 + L_Eknl: 5.10871 + L_Morse: 0.47825 + L_thetaHessian: 1.54338 + L_thetaNeighbor: 5.13455 + L_Guidance: 2425.65703
Epoch: 0 [1070/5000 (21%)] Unweighted L_s : L_Mnfld: 0.00136 + L_NonMnfld: 0.00005 + L_Eknl: 0.10217 + L_Morse: 0.17123 + L_thetaHessian: 0.15434 + L_thetaNeighbor: 0.17115 + L_Guidance: 0.30321
Instruction guidance terms: boundary=0.06807, intra=0.07189, region=0.05332, type=0.05286, op=0.05707, proto=0.00000, boundary_prior=0.00000, internal_template=0.00000, transition=0.00000, extrude=0.00000, extrude_cons=0.00000, revolve=0.00000, revolve_cons=0.00000, chamfer=0.00000, chamfer_cons=0.00000, fillet=0.00000, fillet_cons=0.00000, singular=0.00000, anchor=0.00000, boundary_align=0.00000

Weights: [7000.0, 600.0, 10.0, 50.0, 30.0, 2.7630790000000003, 8000.0], lr=5.000e-05
Epoch: 0 [1080/5000 (22%)] Loss: 2446.21216 = L_Mnfld: 9.34742 + L_NonMnfld: 0.03065 + L_Eknl: 5.26617 + L_Morse: 0.50107 + L_thetaHessian: 1.57201 + L_thetaNeighbor: 5.13365 + L_Guidance: 2424.36123
Epoch: 0 [1080/5000 (22%)] Unweighted L_s : L_Mnfld: 0.00134 + L_NonMnfld: 0.00005 + L_Eknl: 0.10532 + L_Morse: 0.18134 + L_thetaHessian: 0.15720 + L_thetaNeighbor: 0.17112 + L_Guidance: 0.30305
Instruction guidance terms: boundary=0.06803, intra=0.07189, region=0.05328, type=0.05281, op=0.05703, proto=0.00000, boundary_prior=0.00000, internal_template=0.00000, transition=0.00000, extrude=0.00000, extrude_cons=0.00000, revolve=0.00000, revolve_cons=0.00000, chamfer=0.00000, chamfer_cons=0.00000, fillet=0.00000, fillet_cons=0.00000, singular=0.00000, anchor=0.00000, boundary_align=0.00000

Weights: [7000.0, 600.0, 10.0, 50.0, 30.0, 2.733089, 8000.0], lr=5.000e-05
Epoch: 0 [1090/5000 (22%)] Loss: 2449.16943 = L_Mnfld: 10.01870 + L_NonMnfld: 0.05407 + L_Eknl: 5.14169 + L_Morse: 0.53152 + L_thetaHessian: 1.70961 + L_thetaNeighbor: 5.13482 + L_Guidance: 2426.57900
Epoch: 0 [1090/5000 (22%)] Unweighted L_s : L_Mnfld: 0.00143 + L_NonMnfld: 0.00009 + L_Eknl: 0.10283 + L_Morse: 0.19447 + L_thetaHessian: 0.17096 + L_thetaNeighbor: 0.17116 + L_Guidance: 0.30332
Instruction guidance terms: boundary=0.06811, intra=0.07186, region=0.05336, type=0.05289, op=0.05710, proto=0.00000, boundary_prior=0.00000, internal_template=0.00000, transition=0.00000, extrude=0.00000, extrude_cons=0.00000, revolve=0.00000, revolve_cons=0.00000, chamfer=0.00000, chamfer_cons=0.00000, fillet=0.00000, fillet_cons=0.00000, singular=0.00000, anchor=0.00000, boundary_align=0.00000

Weights: [7000.0, 600.0, 10.0, 50.0, 30.0, 2.7030990000000004, 8000.0], lr=5.000e-05
Epoch: 0 [1100/5000 (22%)] Loss: 2450.14282 = L_Mnfld: 11.38196 + L_NonMnfld: 0.02154 + L_Eknl: 5.20676 + L_Morse: 0.57524 + L_thetaHessian: 1.77399 + L_thetaNeighbor: 5.13456 + L_Guidance: 2426.04876
Epoch: 0 [1100/5000 (22%)] Unweighted L_s : L_Mnfld: 0.00163 + L_NonMnfld: 0.00004 + L_Eknl: 0.10414 + L_Morse: 0.21281 + L_thetaHessian: 0.17740 + L_thetaNeighbor: 0.17115 + L_Guidance: 0.30326
Instruction guidance terms: boundary=0.06809, intra=0.07185, region=0.05335, type=0.05288, op=0.05709, proto=0.00000, boundary_prior=0.00000, internal_template=0.00000, transition=0.00000, extrude=0.00000, extrude_cons=0.00000, revolve=0.00000, revolve_cons=0.00000, chamfer=0.00000, chamfer_cons=0.00000, fillet=0.00000, fillet_cons=0.00000, singular=0.00000, anchor=0.00000, boundary_align=0.00000

Weights: [7000.0, 600.0, 10.0, 50.0, 30.0, 2.673109, 8000.0], lr=5.000e-05
Epoch: 0 [1110/5000 (22%)] Loss: 2445.90942 = L_Mnfld: 9.42139 + L_NonMnfld: 0.02110 + L_Eknl: 5.11782 + L_Morse: 0.51719 + L_thetaHessian: 1.70818 + L_thetaNeighbor: 5.13316 + L_Guidance: 2423.99049
Epoch: 0 [1110/5000 (22%)] Unweighted L_s : L_Mnfld: 0.00135 + L_NonMnfld: 0.00004 + L_Eknl: 0.10236 + L_Morse: 0.19348 + L_thetaHessian: 0.17082 + L_thetaNeighbor: 0.17111 + L_Guidance: 0.30300
Instruction guidance terms: boundary=0.06802, intra=0.07189, region=0.05327, type=0.05280, op=0.05701, proto=0.00000, boundary_prior=0.00000, internal_template=0.00000, transition=0.00000, extrude=0.00000, extrude_cons=0.00000, revolve=0.00000, revolve_cons=0.00000, chamfer=0.00000, chamfer_cons=0.00000, fillet=0.00000, fillet_cons=0.00000, singular=0.00000, anchor=0.00000, boundary_align=0.00000

Weights: [7000.0, 600.0, 10.0, 50.0, 30.0, 2.643119, 8000.0], lr=5.000e-05
Epoch: 0 [1120/5000 (22%)] Loss: 2447.64795 = L_Mnfld: 10.54627 + L_NonMnfld: 0.02089 + L_Eknl: 5.09443 + L_Morse: 0.57021 + L_thetaHessian: 1.86747 + L_thetaNeighbor: 5.13319 + L_Guidance: 2424.41559
Epoch: 0 [1120/5000 (22%)] Unweighted L_s : L_Mnfld: 0.00151 + L_NonMnfld: 0.00003 + L_Eknl: 0.10189 + L_Morse: 0.21573 + L_thetaHessian: 0.18675 + L_thetaNeighbor: 0.17111 + L_Guidance: 0.30305
Instruction guidance terms: boundary=0.06804, intra=0.07187, region=0.05329, type=0.05282, op=0.05703, proto=0.00000, boundary_prior=0.00000, internal_template=0.00000, transition=0.00000, extrude=0.00000, extrude_cons=0.00000, revolve=0.00000, revolve_cons=0.00000, chamfer=0.00000, chamfer_cons=0.00000, fillet=0.00000, fillet_cons=0.00000, singular=0.00000, anchor=0.00000, boundary_align=0.00000

Weights: [7000.0, 600.0, 10.0, 50.0, 30.0, 2.6131290000000003, 8000.0], lr=5.000e-05
Epoch: 0 [1130/5000 (23%)] Loss: 2451.77832 = L_Mnfld: 11.11574 + L_NonMnfld: 0.02067 + L_Eknl: 5.22440 + L_Morse: 0.54499 + L_thetaHessian: 1.80356 + L_thetaNeighbor: 5.13431 + L_Guidance: 2427.93465
Epoch: 0 [1130/5000 (23%)] Unweighted L_s : L_Mnfld: 0.00159 + L_NonMnfld: 0.00003 + L_Eknl: 0.10449 + L_Morse: 0.20856 + L_thetaHessian: 0.18036 + L_thetaNeighbor: 0.17114 + L_Guidance: 0.30349
Instruction guidance terms: boundary=0.06815, intra=0.07180, region=0.05343, type=0.05295, op=0.05716, proto=0.00000, boundary_prior=0.00000, internal_template=0.00000, transition=0.00000, extrude=0.00000, extrude_cons=0.00000, revolve=0.00000, revolve_cons=0.00000, chamfer=0.00000, chamfer_cons=0.00000, fillet=0.00000, fillet_cons=0.00000, singular=0.00000, anchor=0.00000, boundary_align=0.00000

Weights: [7000.0, 600.0, 10.0, 50.0, 30.0, 2.583139, 8000.0], lr=5.000e-05
Epoch: 0 [1140/5000 (23%)] Loss: 2452.00513 = L_Mnfld: 12.44761 + L_NonMnfld: 0.04514 + L_Eknl: 5.21065 + L_Morse: 0.60695 + L_thetaHessian: 2.15143 + L_thetaNeighbor: 5.13330 + L_Guidance: 2426.41020
Epoch: 0 [1140/5000 (23%)] Unweighted L_s : L_Mnfld: 0.00178 + L_NonMnfld: 0.00008 + L_Eknl: 0.10421 + L_Morse: 0.23496 + L_thetaHessian: 0.21514 + L_thetaNeighbor: 0.17111 + L_Guidance: 0.30330
Instruction guidance terms: boundary=0.06810, intra=0.07185, region=0.05337, type=0.05289, op=0.05710, proto=0.00000, boundary_prior=0.00000, internal_template=0.00000, transition=0.00000, extrude=0.00000, extrude_cons=0.00000, revolve=0.00000, revolve_cons=0.00000, chamfer=0.00000, chamfer_cons=0.00000, fillet=0.00000, fillet_cons=0.00000, singular=0.00000, anchor=0.00000, boundary_align=0.00000

Weights: [7000.0, 600.0, 10.0, 50.0, 30.0, 2.5531490000000003, 8000.0], lr=5.000e-05
Epoch: 0 [1150/5000 (23%)] Loss: 2453.29443 = L_Mnfld: 10.58548 + L_NonMnfld: 0.02464 + L_Eknl: 4.99982 + L_Morse: 0.54699 + L_thetaHessian: 1.91132 + L_thetaNeighbor: 5.13588 + L_Guidance: 2430.09043
Epoch: 0 [1150/5000 (23%)] Unweighted L_s : L_Mnfld: 0.00151 + L_NonMnfld: 0.00004 + L_Eknl: 0.10000 + L_Morse: 0.21424 + L_thetaHessian: 0.19113 + L_thetaNeighbor: 0.17120 + L_Guidance: 0.30376
Instruction guidance terms: boundary=0.06821, intra=0.07181, region=0.05349, type=0.05302, op=0.05723, proto=0.00000, boundary_prior=0.00000, internal_template=0.00000, transition=0.00000, extrude=0.00000, extrude_cons=0.00000, revolve=0.00000, revolve_cons=0.00000, chamfer=0.00000, chamfer_cons=0.00000, fillet=0.00000, fillet_cons=0.00000, singular=0.00000, anchor=0.00000, boundary_align=0.00000

Weights: [7000.0, 600.0, 10.0, 50.0, 30.0, 2.523159, 8000.0], lr=5.000e-05
Epoch: 0 [1160/5000 (23%)] Loss: 2448.24805 = L_Mnfld: 10.72064 + L_NonMnfld: 0.02056 + L_Eknl: 5.04204 + L_Morse: 0.53496 + L_thetaHessian: 1.83560 + L_thetaNeighbor: 5.13258 + L_Guidance: 2424.96157
Epoch: 0 [1160/5000 (23%)] Unweighted L_s : L_Mnfld: 0.00153 + L_NonMnfld: 0.00003 + L_Eknl: 0.10084 + L_Morse: 0.21202 + L_thetaHessian: 0.18356 + L_thetaNeighbor: 0.17109 + L_Guidance: 0.30312
Instruction guidance terms: boundary=0.06806, intra=0.07185, region=0.05331, type=0.05285, op=0.05705, proto=0.00000, boundary_prior=0.00000, internal_template=0.00000, transition=0.00000, extrude=0.00000, extrude_cons=0.00000, revolve=0.00000, revolve_cons=0.00000, chamfer=0.00000, chamfer_cons=0.00000, fillet=0.00000, fillet_cons=0.00000, singular=0.00000, anchor=0.00000, boundary_align=0.00000

Weights: [7000.0, 600.0, 10.0, 50.0, 30.0, 2.493169, 8000.0], lr=5.000e-05
Epoch: 0 [1170/5000 (23%)] Loss: 2446.32324 = L_Mnfld: 9.36432 + L_NonMnfld: 0.02224 + L_Eknl: 5.14473 + L_Morse: 0.46347 + L_thetaHessian: 1.66930 + L_thetaNeighbor: 5.13164 + L_Guidance: 2424.52765
Epoch: 0 [1170/5000 (23%)] Unweighted L_s : L_Mnfld: 0.00134 + L_NonMnfld: 0.00004 + L_Eknl: 0.10289 + L_Morse: 0.18590 + L_thetaHessian: 0.16693 + L_thetaNeighbor: 0.17105 + L_Guidance: 0.30307
Instruction guidance terms: boundary=0.06804, intra=0.07184, region=0.05331, type=0.05284, op=0.05704, proto=0.00000, boundary_prior=0.00000, internal_template=0.00000, transition=0.00000, extrude=0.00000, extrude_cons=0.00000, revolve=0.00000, revolve_cons=0.00000, chamfer=0.00000, chamfer_cons=0.00000, fillet=0.00000, fillet_cons=0.00000, singular=0.00000, anchor=0.00000, boundary_align=0.00000

Weights: [7000.0, 600.0, 10.0, 50.0, 30.0, 2.4631790000000002, 8000.0], lr=5.000e-05
Epoch: 0 [1180/5000 (24%)] Loss: 2449.84375 = L_Mnfld: 9.47318 + L_NonMnfld: 0.01547 + L_Eknl: 5.21143 + L_Morse: 0.49373 + L_thetaHessian: 1.74369 + L_thetaNeighbor: 5.13451 + L_Guidance: 2427.77181
Epoch: 0 [1180/5000 (24%)] Unweighted L_s : L_Mnfld: 0.00135 + L_NonMnfld: 0.00003 + L_Eknl: 0.10423 + L_Morse: 0.20044 + L_thetaHessian: 0.17437 + L_thetaNeighbor: 0.17115 + L_Guidance: 0.30347
Instruction guidance terms: boundary=0.06814, intra=0.07180, region=0.05343, type=0.05295, op=0.05716, proto=0.00000, boundary_prior=0.00000, internal_template=0.00000, transition=0.00000, extrude=0.00000, extrude_cons=0.00000, revolve=0.00000, revolve_cons=0.00000, chamfer=0.00000, chamfer_cons=0.00000, fillet=0.00000, fillet_cons=0.00000, singular=0.00000, anchor=0.00000, boundary_align=0.00000

Weights: [7000.0, 600.0, 10.0, 50.0, 30.0, 2.433189, 8000.0], lr=5.000e-05
Epoch: 0 [1190/5000 (24%)] Loss: 2455.95654 = L_Mnfld: 12.62771 + L_NonMnfld: 0.01891 + L_Eknl: 5.02240 + L_Morse: 0.53019 + L_thetaHessian: 1.90218 + L_thetaNeighbor: 5.13682 + L_Guidance: 2430.71818
Epoch: 0 [1190/5000 (24%)] Unweighted L_s : L_Mnfld: 0.00180 + L_NonMnfld: 0.00003 + L_Eknl: 0.10045 + L_Morse: 0.21790 + L_thetaHessian: 0.19022 + L_thetaNeighbor: 0.17123 + L_Guidance: 0.30384
Instruction guidance terms: boundary=0.06823, intra=0.07184, region=0.05351, type=0.05303, op=0.05724, proto=0.00000, boundary_prior=0.00000, internal_template=0.00000, transition=0.00000, extrude=0.00000, extrude_cons=0.00000, revolve=0.00000, revolve_cons=0.00000, chamfer=0.00000, chamfer_cons=0.00000, fillet=0.00000, fillet_cons=0.00000, singular=0.00000, anchor=0.00000, boundary_align=0.00000

Weights: [7000.0, 600.0, 10.0, 50.0, 30.0, 2.403199, 8000.0], lr=5.000e-05
Epoch: 0 [1200/5000 (24%)] Loss: 2458.99487 = L_Mnfld: 13.15768 + L_NonMnfld: 0.02148 + L_Eknl: 5.03620 + L_Morse: 0.56157 + L_thetaHessian: 2.06396 + L_thetaNeighbor: 5.13802 + L_Guidance: 2433.01582
Epoch: 0 [1200/5000 (24%)] Unweighted L_s : L_Mnfld: 0.00188 + L_NonMnfld: 0.00004 + L_Eknl: 0.10072 + L_Morse: 0.23368 + L_thetaHessian: 0.20640 + L_thetaNeighbor: 0.17127 + L_Guidance: 0.30413
Instruction guidance terms: boundary=0.06829, intra=0.07181, region=0.05360, type=0.05311, op=0.05732, proto=0.00000, boundary_prior=0.00000, internal_template=0.00000, transition=0.00000, extrude=0.00000, extrude_cons=0.00000, revolve=0.00000, revolve_cons=0.00000, chamfer=0.00000, chamfer_cons=0.00000, fillet=0.00000, fillet_cons=0.00000, singular=0.00000, anchor=0.00000, boundary_align=0.00000

Weights: [7000.0, 600.0, 10.0, 50.0, 30.0, 2.3732090000000006, 8000.0], lr=5.000e-05
Epoch: 0 [1210/5000 (24%)] Loss: 2453.33228 = L_Mnfld: 11.63107 + L_NonMnfld: 0.05389 + L_Eknl: 5.28552 + L_Morse: 0.54477 + L_thetaHessian: 2.15549 + L_thetaNeighbor: 5.13532 + L_Guidance: 2428.52616
Epoch: 0 [1210/5000 (24%)] Unweighted L_s : L_Mnfld: 0.00166 + L_NonMnfld: 0.00009 + L_Eknl: 0.10571 + L_Morse: 0.22955 + L_thetaHessian: 0.21555 + L_thetaNeighbor: 0.17118 + L_Guidance: 0.30357
Instruction guidance terms: boundary=0.06816, intra=0.07183, region=0.05344, type=0.05296, op=0.05717, proto=0.00000, boundary_prior=0.00000, internal_template=0.00000, transition=0.00000, extrude=0.00000, extrude_cons=0.00000, revolve=0.00000, revolve_cons=0.00000, chamfer=0.00000, chamfer_cons=0.00000, fillet=0.00000, fillet_cons=0.00000, singular=0.00000, anchor=0.00000, boundary_align=0.00000

Weights: [7000.0, 600.0, 10.0, 50.0, 30.0, 2.3432190000000004, 8000.0], lr=5.000e-05
Epoch: 0 [1220/5000 (24%)] Loss: 2452.00732 = L_Mnfld: 10.69864 + L_NonMnfld: 0.01140 + L_Eknl: 5.36111 + L_Morse: 0.55093 + L_thetaHessian: 2.05396 + L_thetaNeighbor: 5.13419 + L_Guidance: 2428.19691
Epoch: 0 [1220/5000 (24%)] Unweighted L_s : L_Mnfld: 0.00153 + L_NonMnfld: 0.00002 + L_Eknl: 0.10722 + L_Morse: 0.23512 + L_thetaHessian: 0.20540 + L_thetaNeighbor: 0.17114 + L_Guidance: 0.30352
Instruction guidance terms: boundary=0.06814, intra=0.07185, region=0.05343, type=0.05295, op=0.05716, proto=0.00000, boundary_prior=0.00000, internal_template=0.00000, transition=0.00000, extrude=0.00000, extrude_cons=0.00000, revolve=0.00000, revolve_cons=0.00000, chamfer=0.00000, chamfer_cons=0.00000, fillet=0.00000, fillet_cons=0.00000, singular=0.00000, anchor=0.00000, boundary_align=0.00000

Weights: [7000.0, 600.0, 10.0, 50.0, 30.0, 2.313229, 8000.0], lr=5.000e-05
Epoch: 0 [1230/5000 (25%)] Loss: 2454.09082 = L_Mnfld: 11.07103 + L_NonMnfld: 0.03478 + L_Eknl: 4.79288 + L_Morse: 0.49271 + L_thetaHessian: 1.82922 + L_thetaNeighbor: 5.13560 + L_Guidance: 2430.73463
Epoch: 0 [1230/5000 (25%)] Unweighted L_s : L_Mnfld: 0.00158 + L_NonMnfld: 0.00006 + L_Eknl: 0.09586 + L_Morse: 0.21300 + L_thetaHessian: 0.18292 + L_thetaNeighbor: 0.17119 + L_Guidance: 0.30384
Instruction guidance terms: boundary=0.06823, intra=0.07178, region=0.05353, type=0.05304, op=0.05725, proto=0.00000, boundary_prior=0.00000, internal_template=0.00000, transition=0.00000, extrude=0.00000, extrude_cons=0.00000, revolve=0.00000, revolve_cons=0.00000, chamfer=0.00000, chamfer_cons=0.00000, fillet=0.00000, fillet_cons=0.00000, singular=0.00000, anchor=0.00000, boundary_align=0.00000

Weights: [7000.0, 600.0, 10.0, 50.0, 30.0, 2.283239, 8000.0], lr=5.000e-05
Epoch: 0 [1240/5000 (25%)] Loss: 2449.48755 = L_Mnfld: 10.51133 + L_NonMnfld: 0.01930 + L_Eknl: 5.12604 + L_Morse: 0.51016 + L_thetaHessian: 2.00724 + L_thetaNeighbor: 5.13199 + L_Guidance: 2426.18132
Epoch: 0 [1240/5000 (25%)] Unweighted L_s : L_Mnfld: 0.00150 + L_NonMnfld: 0.00003 + L_Eknl: 0.10252 + L_Morse: 0.22344 + L_thetaHessian: 0.20072 + L_thetaNeighbor: 0.17107 + L_Guidance: 0.30327
Instruction guidance terms: boundary=0.06809, intra=0.07182, region=0.05337, type=0.05289, op=0.05710, proto=0.00000, boundary_prior=0.00000, internal_template=0.00000, transition=0.00000, extrude=0.00000, extrude_cons=0.00000, revolve=0.00000, revolve_cons=0.00000, chamfer=0.00000, chamfer_cons=0.00000, fillet=0.00000, fillet_cons=0.00000, singular=0.00000, anchor=0.00000, boundary_align=0.00000

Weights: [7000.0, 600.0, 10.0, 50.0, 30.0, 2.2532490000000003, 8000.0], lr=5.000e-05
Epoch: 0 [1250/5000 (25%)] Loss: 2448.63647 = L_Mnfld: 9.91245 + L_NonMnfld: 0.02787 + L_Eknl: 4.88522 + L_Morse: 0.48579 + L_thetaHessian: 1.81682 + L_thetaNeighbor: 5.13334 + L_Guidance: 2426.37491
Epoch: 0 [1250/5000 (25%)] Unweighted L_s : L_Mnfld: 0.00142 + L_NonMnfld: 0.00005 + L_Eknl: 0.09770 + L_Morse: 0.21560 + L_thetaHessian: 0.18168 + L_thetaNeighbor: 0.17111 + L_Guidance: 0.30330
Instruction guidance terms: boundary=0.06810, intra=0.07182, region=0.05337, type=0.05290, op=0.05710, proto=0.00000, boundary_prior=0.00000, internal_template=0.00000, transition=0.00000, extrude=0.00000, extrude_cons=0.00000, revolve=0.00000, revolve_cons=0.00000, chamfer=0.00000, chamfer_cons=0.00000, fillet=0.00000, fillet_cons=0.00000, singular=0.00000, anchor=0.00000, boundary_align=0.00000

Weights: [7000.0, 600.0, 10.0, 50.0, 30.0, 2.2232589999999997, 8000.0], lr=5.000e-05
Epoch: 0 [1260/5000 (25%)] Loss: 2449.85718 = L_Mnfld: 10.49110 + L_NonMnfld: 0.01437 + L_Eknl: 4.91632 + L_Morse: 0.42687 + L_thetaHessian: 1.69196 + L_thetaNeighbor: 5.13420 + L_Guidance: 2427.18244
Epoch: 0 [1260/5000 (25%)] Unweighted L_s : L_Mnfld: 0.00150 + L_NonMnfld: 0.00002 + L_Eknl: 0.09833 + L_Morse: 0.19200 + L_thetaHessian: 0.16920 + L_thetaNeighbor: 0.17114 + L_Guidance: 0.30340
Instruction guidance terms: boundary=0.06813, intra=0.07181, region=0.05340, type=0.05293, op=0.05713, proto=0.00000, boundary_prior=0.00000, internal_template=0.00000, transition=0.00000, extrude=0.00000, extrude_cons=0.00000, revolve=0.00000, revolve_cons=0.00000, chamfer=0.00000, chamfer_cons=0.00000, fillet=0.00000, fillet_cons=0.00000, singular=0.00000, anchor=0.00000, boundary_align=0.00000

Weights: [7000.0, 600.0, 10.0, 50.0, 30.0, 2.193269, 8000.0], lr=5.000e-05
Epoch: 0 [1270/5000 (25%)] Loss: 2447.70068 = L_Mnfld: 9.99849 + L_NonMnfld: 0.02076 + L_Eknl: 5.01142 + L_Morse: 0.42115 + L_thetaHessian: 1.76939 + L_thetaNeighbor: 5.13152 + L_Guidance: 2425.34781
Epoch: 0 [1270/5000 (25%)] Unweighted L_s : L_Mnfld: 0.00143 + L_NonMnfld: 0.00003 + L_Eknl: 0.10023 + L_Morse: 0.19202 + L_thetaHessian: 0.17694 + L_thetaNeighbor: 0.17105 + L_Guidance: 0.30317
Instruction guidance terms: boundary=0.06806, intra=0.07183, region=0.05334, type=0.05287, op=0.05707, proto=0.00000, boundary_prior=0.00000, internal_template=0.00000, transition=0.00000, extrude=0.00000, extrude_cons=0.00000, revolve=0.00000, revolve_cons=0.00000, chamfer=0.00000, chamfer_cons=0.00000, fillet=0.00000, fillet_cons=0.00000, singular=0.00000, anchor=0.00000, boundary_align=0.00000

Weights: [7000.0, 600.0, 10.0, 50.0, 30.0, 2.1632789999999997, 8000.0], lr=5.000e-05
Epoch: 0 [1280/5000 (26%)] Loss: 2447.05664 = L_Mnfld: 8.90651 + L_NonMnfld: 0.01677 + L_Eknl: 4.87809 + L_Morse: 0.40327 + L_thetaHessian: 1.71097 + L_thetaNeighbor: 5.13299 + L_Guidance: 2426.00799
Epoch: 0 [1280/5000 (26%)] Unweighted L_s : L_Mnfld: 0.00127 + L_NonMnfld: 0.00003 + L_Eknl: 0.09756 + L_Morse: 0.18642 + L_thetaHessian: 0.17110 + L_thetaNeighbor: 0.17110 + L_Guidance: 0.30325
Instruction guidance terms: boundary=0.06809, intra=0.07182, region=0.05336, type=0.05289, op=0.05709, proto=0.00000, boundary_prior=0.00000, internal_template=0.00000, transition=0.00000, extrude=0.00000, extrude_cons=0.00000, revolve=0.00000, revolve_cons=0.00000, chamfer=0.00000, chamfer_cons=0.00000, fillet=0.00000, fillet_cons=0.00000, singular=0.00000, anchor=0.00000, boundary_align=0.00000

Weights: [7000.0, 600.0, 10.0, 50.0, 30.0, 2.1332890000000004, 8000.0], lr=5.000e-05
Epoch: 0 [1290/5000 (26%)] Loss: 2447.21021 = L_Mnfld: 9.42914 + L_NonMnfld: 0.02910 + L_Eknl: 4.92626 + L_Morse: 0.40208 + L_thetaHessian: 1.74983 + L_thetaNeighbor: 5.13081 + L_Guidance: 2425.54307
Epoch: 0 [1290/5000 (26%)] Unweighted L_s : L_Mnfld: 0.00135 + L_NonMnfld: 0.00005 + L_Eknl: 0.09853 + L_Morse: 0.18848 + L_thetaHessian: 0.17498 + L_thetaNeighbor: 0.17103 + L_Guidance: 0.30319
Instruction guidance terms: boundary=0.06807, intra=0.07181, region=0.05335, type=0.05288, op=0.05708, proto=0.00000, boundary_prior=0.00000, internal_template=0.00000, transition=0.00000, extrude=0.00000, extrude_cons=0.00000, revolve=0.00000, revolve_cons=0.00000, chamfer=0.00000, chamfer_cons=0.00000, fillet=0.00000, fillet_cons=0.00000, singular=0.00000, anchor=0.00000, boundary_align=0.00000

Weights: [7000.0, 600.0, 10.0, 50.0, 30.0, 2.1032990000000007, 8000.0], lr=5.000e-05
Epoch: 0 [1300/5000 (26%)] Loss: 2448.35986 = L_Mnfld: 10.37970 + L_NonMnfld: 0.02383 + L_Eknl: 5.14100 + L_Morse: 0.44332 + L_thetaHessian: 1.85837 + L_thetaNeighbor: 5.13081 + L_Guidance: 2425.38285
Epoch: 0 [1300/5000 (26%)] Unweighted L_s : L_Mnfld: 0.00148 + L_NonMnfld: 0.00004 + L_Eknl: 0.10282 + L_Morse: 0.21077 + L_thetaHessian: 0.18584 + L_thetaNeighbor: 0.17103 + L_Guidance: 0.30317
Instruction guidance terms: boundary=0.06807, intra=0.07180, region=0.05335, type=0.05287, op=0.05708, proto=0.00000, boundary_prior=0.00000, internal_template=0.00000, transition=0.00000, extrude=0.00000, extrude_cons=0.00000, revolve=0.00000, revolve_cons=0.00000, chamfer=0.00000, chamfer_cons=0.00000, fillet=0.00000, fillet_cons=0.00000, singular=0.00000, anchor=0.00000, boundary_align=0.00000

Weights: [7000.0, 600.0, 10.0, 50.0, 30.0, 2.0733090000000005, 8000.0], lr=5.000e-05
Epoch: 0 [1310/5000 (26%)] Loss: 2448.73975 = L_Mnfld: 9.88332 + L_NonMnfld: 0.01601 + L_Eknl: 5.05221 + L_Morse: 0.40884 + L_thetaHessian: 1.73656 + L_thetaNeighbor: 5.13151 + L_Guidance: 2426.51129
Epoch: 0 [1310/5000 (26%)] Unweighted L_s : L_Mnfld: 0.00141 + L_NonMnfld: 0.00003 + L_Eknl: 0.10104 + L_Morse: 0.19719 + L_thetaHessian: 0.17366 + L_thetaNeighbor: 0.17105 + L_Guidance: 0.30331
Instruction guidance terms: boundary=0.06810, intra=0.07180, region=0.05339, type=0.05291, op=0.05711, proto=0.00000, boundary_prior=0.00000, internal_template=0.00000, transition=0.00000, extrude=0.00000, extrude_cons=0.00000, revolve=0.00000, revolve_cons=0.00000, chamfer=0.00000, chamfer_cons=0.00000, fillet=0.00000, fillet_cons=0.00000, singular=0.00000, anchor=0.00000, boundary_align=0.00000

Weights: [7000.0, 600.0, 10.0, 50.0, 30.0, 2.0433190000000003, 8000.0], lr=5.000e-05
Epoch: 0 [1320/5000 (26%)] Loss: 2445.45728 = L_Mnfld: 8.94504 + L_NonMnfld: 0.02404 + L_Eknl: 4.68386 + L_Morse: 0.35665 + L_thetaHessian: 1.62181 + L_thetaNeighbor: 5.13075 + L_Guidance: 2424.69501
Epoch: 0 [1320/5000 (26%)] Unweighted L_s : L_Mnfld: 0.00128 + L_NonMnfld: 0.00004 + L_Eknl: 0.09368 + L_Morse: 0.17455 + L_thetaHessian: 0.16218 + L_thetaNeighbor: 0.17102 + L_Guidance: 0.30309
Instruction guidance terms: boundary=0.06805, intra=0.07179, region=0.05333, type=0.05286, op=0.05706, proto=0.00000, boundary_prior=0.00000, internal_template=0.00000, transition=0.00000, extrude=0.00000, extrude_cons=0.00000, revolve=0.00000, revolve_cons=0.00000, chamfer=0.00000, chamfer_cons=0.00000, fillet=0.00000, fillet_cons=0.00000, singular=0.00000, anchor=0.00000, boundary_align=0.00000

Weights: [7000.0, 600.0, 10.0, 50.0, 30.0, 2.0133290000000006, 8000.0], lr=5.000e-05
Epoch: 0 [1330/5000 (27%)] Loss: 2444.05225 = L_Mnfld: 8.53829 + L_NonMnfld: 0.02101 + L_Eknl: 4.86685 + L_Morse: 0.35738 + L_thetaHessian: 1.55464 + L_thetaNeighbor: 5.12902 + L_Guidance: 2423.58494
Epoch: 0 [1330/5000 (27%)] Unweighted L_s : L_Mnfld: 0.00122 + L_NonMnfld: 0.00004 + L_Eknl: 0.09734 + L_Morse: 0.17751 + L_thetaHessian: 0.15546 + L_thetaNeighbor: 0.17097 + L_Guidance: 0.30295
Instruction guidance terms: boundary=0.06802, intra=0.07178, region=0.05330, type=0.05283, op=0.05703, proto=0.00000, boundary_prior=0.00000, internal_template=0.00000, transition=0.00000, extrude=0.00000, extrude_cons=0.00000, revolve=0.00000, revolve_cons=0.00000, chamfer=0.00000, chamfer_cons=0.00000, fillet=0.00000, fillet_cons=0.00000, singular=0.00000, anchor=0.00000, boundary_align=0.00000

Weights: [7000.0, 600.0, 10.0, 50.0, 30.0, 1.9833390000000004, 8000.0], lr=5.000e-05
Epoch: 0 [1340/5000 (27%)] Loss: 2443.56812 = L_Mnfld: 8.88172 + L_NonMnfld: 0.01413 + L_Eknl: 4.90523 + L_Morse: 0.33898 + L_thetaHessian: 1.57514 + L_thetaNeighbor: 5.12813 + L_Guidance: 2422.72496
Epoch: 0 [1340/5000 (27%)] Unweighted L_s : L_Mnfld: 0.00127 + L_NonMnfld: 0.00002 + L_Eknl: 0.09810 + L_Morse: 0.17091 + L_thetaHessian: 0.15751 + L_thetaNeighbor: 0.17094 + L_Guidance: 0.30284
Instruction guidance terms: boundary=0.06799, intra=0.07179, region=0.05327, type=0.05279, op=0.05700, proto=0.00000, boundary_prior=0.00000, internal_template=0.00000, transition=0.00000, extrude=0.00000, extrude_cons=0.00000, revolve=0.00000, revolve_cons=0.00000, chamfer=0.00000, chamfer_cons=0.00000, fillet=0.00000, fillet_cons=0.00000, singular=0.00000, anchor=0.00000, boundary_align=0.00000

Weights: [7000.0, 600.0, 10.0, 50.0, 30.0, 1.9533490000000004, 8000.0], lr=5.000e-05
Epoch: 0 [1350/5000 (27%)] Loss: 2444.13721 = L_Mnfld: 8.62658 + L_NonMnfld: 0.01750 + L_Eknl: 4.68703 + L_Morse: 0.33346 + L_thetaHessian: 1.49083 + L_thetaNeighbor: 5.12848 + L_Guidance: 2423.85316
Epoch: 0 [1350/5000 (27%)] Unweighted L_s : L_Mnfld: 0.00123 + L_NonMnfld: 0.00003 + L_Eknl: 0.09374 + L_Morse: 0.17071 + L_thetaHessian: 0.14908 + L_thetaNeighbor: 0.17095 + L_Guidance: 0.30298
Instruction guidance terms: boundary=0.06802, intra=0.07176, region=0.05332, type=0.05284, op=0.05704, proto=0.00000, boundary_prior=0.00000, internal_template=0.00000, transition=0.00000, extrude=0.00000, extrude_cons=0.00000, revolve=0.00000, revolve_cons=0.00000, chamfer=0.00000, chamfer_cons=0.00000, fillet=0.00000, fillet_cons=0.00000, singular=0.00000, anchor=0.00000, boundary_align=0.00000

Weights: [7000.0, 600.0, 10.0, 50.0, 30.0, 1.9233590000000003, 8000.0], lr=5.000e-05
Epoch: 0 [1360/5000 (27%)] Loss: 2444.94214 = L_Mnfld: 8.23263 + L_NonMnfld: 0.02738 + L_Eknl: 4.86263 + L_Morse: 0.33803 + L_thetaHessian: 1.58183 + L_thetaNeighbor: 5.12988 + L_Guidance: 2424.76988
Epoch: 0 [1360/5000 (27%)] Unweighted L_s : L_Mnfld: 0.00118 + L_NonMnfld: 0.00005 + L_Eknl: 0.09725 + L_Morse: 0.17575 + L_thetaHessian: 0.15818 + L_thetaNeighbor: 0.17100 + L_Guidance: 0.30310
Instruction guidance terms: boundary=0.06806, intra=0.07175, region=0.05335, type=0.05287, op=0.05707, proto=0.00000, boundary_prior=0.00000, internal_template=0.00000, transition=0.00000, extrude=0.00000, extrude_cons=0.00000, revolve=0.00000, revolve_cons=0.00000, chamfer=0.00000, chamfer_cons=0.00000, fillet=0.00000, fillet_cons=0.00000, singular=0.00000, anchor=0.00000, boundary_align=0.00000

Weights: [7000.0, 600.0, 10.0, 50.0, 30.0, 1.8933690000000003, 8000.0], lr=5.000e-05
Epoch: 0 [1370/5000 (27%)] Loss: 2446.15381 = L_Mnfld: 8.90060 + L_NonMnfld: 0.01495 + L_Eknl: 4.93745 + L_Morse: 0.32356 + L_thetaHessian: 1.50211 + L_thetaNeighbor: 5.12929 + L_Guidance: 2425.34590
Epoch: 0 [1370/5000 (27%)] Unweighted L_s : L_Mnfld: 0.00127 + L_NonMnfld: 0.00002 + L_Eknl: 0.09875 + L_Morse: 0.17089 + L_thetaHessian: 0.15021 + L_thetaNeighbor: 0.17098 + L_Guidance: 0.30317
Instruction guidance terms: boundary=0.06807, intra=0.07175, region=0.05337, type=0.05289, op=0.05709, proto=0.00000, boundary_prior=0.00000, internal_template=0.00000, transition=0.00000, extrude=0.00000, extrude_cons=0.00000, revolve=0.00000, revolve_cons=0.00000, chamfer=0.00000, chamfer_cons=0.00000, fillet=0.00000, fillet_cons=0.00000, singular=0.00000, anchor=0.00000, boundary_align=0.00000

Weights: [7000.0, 600.0, 10.0, 50.0, 30.0, 1.8633790000000003, 8000.0], lr=5.000e-05
Epoch: 0 [1380/5000 (28%)] Loss: 2446.38965 = L_Mnfld: 9.45137 + L_NonMnfld: 0.01757 + L_Eknl: 4.89611 + L_Morse: 0.32631 + L_thetaHessian: 1.59260 + L_thetaNeighbor: 5.12872 + L_Guidance: 2424.97706
Epoch: 0 [1380/5000 (28%)] Unweighted L_s : L_Mnfld: 0.00135 + L_NonMnfld: 0.00003 + L_Eknl: 0.09792 + L_Morse: 0.17512 + L_thetaHessian: 0.15926 + L_thetaNeighbor: 0.17096 + L_Guidance: 0.30312
Instruction guidance terms: boundary=0.06806, intra=0.07174, region=0.05337, type=0.05288, op=0.05708, proto=0.00000, boundary_prior=0.00000, internal_template=0.00000, transition=0.00000, extrude=0.00000, extrude_cons=0.00000, revolve=0.00000, revolve_cons=0.00000, chamfer=0.00000, chamfer_cons=0.00000, fillet=0.00000, fillet_cons=0.00000, singular=0.00000, anchor=0.00000, boundary_align=0.00000

Weights: [7000.0, 600.0, 10.0, 50.0, 30.0, 1.8333890000000004, 8000.0], lr=5.000e-05
Epoch: 0 [1390/5000 (28%)] Loss: 2449.01270 = L_Mnfld: 10.81685 + L_NonMnfld: 0.03096 + L_Eknl: 4.86632 + L_Morse: 0.33777 + L_thetaHessian: 1.59718 + L_thetaNeighbor: 5.12916 + L_Guidance: 2426.23448
Epoch: 0 [1390/5000 (28%)] Unweighted L_s : L_Mnfld: 0.00155 + L_NonMnfld: 0.00005 + L_Eknl: 0.09733 + L_Morse: 0.18423 + L_thetaHessian: 0.15972 + L_thetaNeighbor: 0.17097 + L_Guidance: 0.30328
Instruction guidance terms: boundary=0.06809, intra=0.07175, region=0.05341, type=0.05292, op=0.05712, proto=0.00000, boundary_prior=0.00000, internal_template=0.00000, transition=0.00000, extrude=0.00000, extrude_cons=0.00000, revolve=0.00000, revolve_cons=0.00000, chamfer=0.00000, chamfer_cons=0.00000, fillet=0.00000, fillet_cons=0.00000, singular=0.00000, anchor=0.00000, boundary_align=0.00000

Weights: [7000.0, 600.0, 10.0, 50.0, 30.0, 1.8033990000000002, 8000.0], lr=5.000e-05
Epoch: 0 [1400/5000 (28%)] Loss: 2446.77930 = L_Mnfld: 10.84931 + L_NonMnfld: 0.02101 + L_Eknl: 4.77255 + L_Morse: 0.32380 + L_thetaHessian: 1.65902 + L_thetaNeighbor: 5.12734 + L_Guidance: 2424.02649
Epoch: 0 [1400/5000 (28%)] Unweighted L_s : L_Mnfld: 0.00155 + L_NonMnfld: 0.00004 + L_Eknl: 0.09545 + L_Morse: 0.17955 + L_thetaHessian: 0.16590 + L_thetaNeighbor: 0.17091 + L_Guidance: 0.30300
Instruction guidance terms: boundary=0.06803, intra=0.07172, region=0.05334, type=0.05286, op=0.05706, proto=0.00000, boundary_prior=0.00000, internal_template=0.00000, transition=0.00000, extrude=0.00000, extrude_cons=0.00000, revolve=0.00000, revolve_cons=0.00000, chamfer=0.00000, chamfer_cons=0.00000, fillet=0.00000, fillet_cons=0.00000, singular=0.00000, anchor=0.00000, boundary_align=0.00000

Weights: [7000.0, 600.0, 10.0, 50.0, 30.0, 1.7734090000000002, 8000.0], lr=5.000e-05
Epoch: 0 [1410/5000 (28%)] Loss: 2444.80078 = L_Mnfld: 9.86770 + L_NonMnfld: 0.01521 + L_Eknl: 4.79229 + L_Morse: 0.35211 + L_thetaHessian: 1.74493 + L_thetaNeighbor: 5.12532 + L_Guidance: 2422.90330
Epoch: 0 [1410/5000 (28%)] Unweighted L_s : L_Mnfld: 0.00141 + L_NonMnfld: 0.00003 + L_Eknl: 0.09585 + L_Morse: 0.19855 + L_thetaHessian: 0.17449 + L_thetaNeighbor: 0.17084 + L_Guidance: 0.30286
Instruction guidance terms: boundary=0.06799, intra=0.07172, region=0.05331, type=0.05282, op=0.05702, proto=0.00000, boundary_prior=0.00000, internal_template=0.00000, transition=0.00000, extrude=0.00000, extrude_cons=0.00000, revolve=0.00000, revolve_cons=0.00000, chamfer=0.00000, chamfer_cons=0.00000, fillet=0.00000, fillet_cons=0.00000, singular=0.00000, anchor=0.00000, boundary_align=0.00000

Weights: [7000.0, 600.0, 10.0, 50.0, 30.0, 1.743419, 8000.0], lr=5.000e-05
Epoch: 0 [1420/5000 (28%)] Loss: 2447.57324 = L_Mnfld: 10.16699 + L_NonMnfld: 0.01912 + L_Eknl: 4.90741 + L_Morse: 0.31500 + L_thetaHessian: 1.75202 + L_thetaNeighbor: 5.12687 + L_Guidance: 2425.28582
Epoch: 0 [1420/5000 (28%)] Unweighted L_s : L_Mnfld: 0.00145 + L_NonMnfld: 0.00003 + L_Eknl: 0.09815 + L_Morse: 0.18068 + L_thetaHessian: 0.17520 + L_thetaNeighbor: 0.17090 + L_Guidance: 0.30316
Instruction guidance terms: boundary=0.06807, intra=0.07169, region=0.05340, type=0.05291, op=0.05710, proto=0.00000, boundary_prior=0.00000, internal_template=0.00000, transition=0.00000, extrude=0.00000, extrude_cons=0.00000, revolve=0.00000, revolve_cons=0.00000, chamfer=0.00000, chamfer_cons=0.00000, fillet=0.00000, fillet_cons=0.00000, singular=0.00000, anchor=0.00000, boundary_align=0.00000

Weights: [7000.0, 600.0, 10.0, 50.0, 30.0, 1.713429, 8000.0], lr=5.000e-05
Epoch: 0 [1430/5000 (29%)] Loss: 2445.70410 = L_Mnfld: 10.07619 + L_NonMnfld: 0.01417 + L_Eknl: 4.92039 + L_Morse: 0.31749 + L_thetaHessian: 1.67261 + L_thetaNeighbor: 5.12450 + L_Guidance: 2423.57874
Epoch: 0 [1430/5000 (29%)] Unweighted L_s : L_Mnfld: 0.00144 + L_NonMnfld: 0.00002 + L_Eknl: 0.09841 + L_Morse: 0.18530 + L_thetaHessian: 0.16726 + L_thetaNeighbor: 0.17082 + L_Guidance: 0.30295
Instruction guidance terms: boundary=0.06801, intra=0.07168, region=0.05335, type=0.05286, op=0.05705, proto=0.00000, boundary_prior=0.00000, internal_template=0.00000, transition=0.00000, extrude=0.00000, extrude_cons=0.00000, revolve=0.00000, revolve_cons=0.00000, chamfer=0.00000, chamfer_cons=0.00000, fillet=0.00000, fillet_cons=0.00000, singular=0.00000, anchor=0.00000, boundary_align=0.00000

Weights: [7000.0, 600.0, 10.0, 50.0, 30.0, 1.6834390000000001, 8000.0], lr=5.000e-05
Epoch: 0 [1440/5000 (29%)] Loss: 2446.57520 = L_Mnfld: 10.33663 + L_NonMnfld: 0.01382 + L_Eknl: 4.33092 + L_Morse: 0.32354 + L_thetaHessian: 1.66770 + L_thetaNeighbor: 5.12434 + L_Guidance: 2424.77822
Epoch: 0 [1440/5000 (29%)] Unweighted L_s : L_Mnfld: 0.00148 + L_NonMnfld: 0.00002 + L_Eknl: 0.08662 + L_Morse: 0.19219 + L_thetaHessian: 0.16677 + L_thetaNeighbor: 0.17081 + L_Guidance: 0.30310
Instruction guidance terms: boundary=0.06804, intra=0.07167, region=0.05340, type=0.05290, op=0.05709, proto=0.00000, boundary_prior=0.00000, internal_template=0.00000, transition=0.00000, extrude=0.00000, extrude_cons=0.00000, revolve=0.00000, revolve_cons=0.00000, chamfer=0.00000, chamfer_cons=0.00000, fillet=0.00000, fillet_cons=0.00000, singular=0.00000, anchor=0.00000, boundary_align=0.00000

Weights: [7000.0, 600.0, 10.0, 50.0, 30.0, 1.6534490000000002, 8000.0], lr=5.000e-05
Epoch: 0 [1450/5000 (29%)] Loss: 2445.93994 = L_Mnfld: 9.08789 + L_NonMnfld: 0.02201 + L_Eknl: 4.75270 + L_Morse: 0.30114 + L_thetaHessian: 1.66220 + L_thetaNeighbor: 5.12438 + L_Guidance: 2424.98946
Epoch: 0 [1450/5000 (29%)] Unweighted L_s : L_Mnfld: 0.00130 + L_NonMnfld: 0.00004 + L_Eknl: 0.09505 + L_Morse: 0.18213 + L_thetaHessian: 0.16622 + L_thetaNeighbor: 0.17081 + L_Guidance: 0.30312
Instruction guidance terms: boundary=0.06805, intra=0.07163, region=0.05342, type=0.05292, op=0.05711, proto=0.00000, boundary_prior=0.00000, internal_template=0.00000, transition=0.00000, extrude=0.00000, extrude_cons=0.00000, revolve=0.00000, revolve_cons=0.00000, chamfer=0.00000, chamfer_cons=0.00000, fillet=0.00000, fillet_cons=0.00000, singular=0.00000, anchor=0.00000, boundary_align=0.00000

Weights: [7000.0, 600.0, 10.0, 50.0, 30.0, 1.623459, 8000.0], lr=5.000e-05
Epoch: 0 [1460/5000 (29%)] Loss: 2445.39819 = L_Mnfld: 9.55007 + L_NonMnfld: 0.02005 + L_Eknl: 4.87857 + L_Morse: 0.29193 + L_thetaHessian: 1.64473 + L_thetaNeighbor: 5.12254 + L_Guidance: 2423.89035
Epoch: 0 [1460/5000 (29%)] Unweighted L_s : L_Mnfld: 0.00136 + L_NonMnfld: 0.00003 + L_Eknl: 0.09757 + L_Morse: 0.17982 + L_thetaHessian: 0.16447 + L_thetaNeighbor: 0.17075 + L_Guidance: 0.30299
Instruction guidance terms: boundary=0.06801, intra=0.07167, region=0.05337, type=0.05287, op=0.05706, proto=0.00000, boundary_prior=0.00000, internal_template=0.00000, transition=0.00000, extrude=0.00000, extrude_cons=0.00000, revolve=0.00000, revolve_cons=0.00000, chamfer=0.00000, chamfer_cons=0.00000, fillet=0.00000, fillet_cons=0.00000, singular=0.00000, anchor=0.00000, boundary_align=0.00000

Weights: [7000.0, 600.0, 10.0, 50.0, 30.0, 1.593469, 8000.0], lr=5.000e-05
Epoch: 0 [1470/5000 (29%)] Loss: 2442.91357 = L_Mnfld: 9.18083 + L_NonMnfld: 0.01363 + L_Eknl: 4.54705 + L_Morse: 0.27622 + L_thetaHessian: 1.55853 + L_thetaNeighbor: 5.12052 + L_Guidance: 2422.21689
Epoch: 0 [1470/5000 (29%)] Unweighted L_s : L_Mnfld: 0.00131 + L_NonMnfld: 0.00002 + L_Eknl: 0.09094 + L_Morse: 0.17334 + L_thetaHessian: 0.15585 + L_thetaNeighbor: 0.17068 + L_Guidance: 0.30278
Instruction guidance terms: boundary=0.06797, intra=0.07160, region=0.05334, type=0.05284, op=0.05702, proto=0.00000, boundary_prior=0.00000, internal_template=0.00000, transition=0.00000, extrude=0.00000, extrude_cons=0.00000, revolve=0.00000, revolve_cons=0.00000, chamfer=0.00000, chamfer_cons=0.00000, fillet=0.00000, fillet_cons=0.00000, singular=0.00000, anchor=0.00000, boundary_align=0.00000

Weights: [7000.0, 600.0, 10.0, 50.0, 30.0, 1.563479, 8000.0], lr=5.000e-05
Epoch: 0 [1480/5000 (30%)] Loss: 2444.19263 = L_Mnfld: 8.55548 + L_NonMnfld: 0.01604 + L_Eknl: 5.00103 + L_Morse: 0.26604 + L_thetaHessian: 1.47225 + L_thetaNeighbor: 5.12080 + L_Guidance: 2423.76089
Epoch: 0 [1480/5000 (30%)] Unweighted L_s : L_Mnfld: 0.00122 + L_NonMnfld: 0.00003 + L_Eknl: 0.10002 + L_Morse: 0.17016 + L_thetaHessian: 0.14722 + L_thetaNeighbor: 0.17069 + L_Guidance: 0.30297
Instruction guidance terms: boundary=0.06801, intra=0.07157, region=0.05341, type=0.05290, op=0.05708, proto=0.00000, boundary_prior=0.00000, internal_template=0.00000, transition=0.00000, extrude=0.00000, extrude_cons=0.00000, revolve=0.00000, revolve_cons=0.00000, chamfer=0.00000, chamfer_cons=0.00000, fillet=0.00000, fillet_cons=0.00000, singular=0.00000, anchor=0.00000, boundary_align=0.00000

Weights: [7000.0, 600.0, 10.0, 50.0, 30.0, 1.533489, 8000.0], lr=5.000e-05
Epoch: 0 [1490/5000 (30%)] Loss: 2446.60840 = L_Mnfld: 9.13613 + L_NonMnfld: 0.01787 + L_Eknl: 4.85246 + L_Morse: 0.26669 + L_thetaHessian: 1.60138 + L_thetaNeighbor: 5.11891 + L_Guidance: 2425.61507
Epoch: 0 [1490/5000 (30%)] Unweighted L_s : L_Mnfld: 0.00131 + L_NonMnfld: 0.00003 + L_Eknl: 0.09705 + L_Morse: 0.17391 + L_thetaHessian: 0.16014 + L_thetaNeighbor: 0.17063 + L_Guidance: 0.30320
Instruction guidance terms: boundary=0.06807, intra=0.07149, region=0.05350, type=0.05298, op=0.05716, proto=0.00000, boundary_prior=0.00000, internal_template=0.00000, transition=0.00000, extrude=0.00000, extrude_cons=0.00000, revolve=0.00000, revolve_cons=0.00000, chamfer=0.00000, chamfer_cons=0.00000, fillet=0.00000, fillet_cons=0.00000, singular=0.00000, anchor=0.00000, boundary_align=0.00000

Weights: [7000.0, 600.0, 10.0, 50.0, 30.0, 1.503499, 8000.0], lr=5.000e-05
Epoch: 0 [1500/5000 (30%)] Loss: 2441.45605 = L_Mnfld: 8.04169 + L_NonMnfld: 0.01933 + L_Eknl: 4.61308 + L_Morse: 0.22959 + L_thetaHessian: 1.36366 + L_thetaNeighbor: 5.11619 + L_Guidance: 2422.07241
Epoch: 0 [1500/5000 (30%)] Unweighted L_s : L_Mnfld: 0.00115 + L_NonMnfld: 0.00003 + L_Eknl: 0.09226 + L_Morse: 0.15270 + L_thetaHessian: 0.13637 + L_thetaNeighbor: 0.17054 + L_Guidance: 0.30276
Instruction guidance terms: boundary=0.06797, intra=0.07145, region=0.05340, type=0.05288, op=0.05705, proto=0.00000, boundary_prior=0.00000, internal_template=0.00000, transition=0.00000, extrude=0.00000, extrude_cons=0.00000, revolve=0.00000, revolve_cons=0.00000, chamfer=0.00000, chamfer_cons=0.00000, fillet=0.00000, fillet_cons=0.00000, singular=0.00000, anchor=0.00000, boundary_align=0.00000

Weights: [7000.0, 600.0, 10.0, 50.0, 30.0, 1.473509, 8000.0], lr=5.000e-05
Epoch: 0 [1510/5000 (30%)] Loss: 2442.31421 = L_Mnfld: 8.76213 + L_NonMnfld: 0.01640 + L_Eknl: 4.48740 + L_Morse: 0.27307 + L_thetaHessian: 1.63407 + L_thetaNeighbor: 5.11489 + L_Guidance: 2422.02640
Epoch: 0 [1510/5000 (30%)] Unweighted L_s : L_Mnfld: 0.00125 + L_NonMnfld: 0.00003 + L_Eknl: 0.08975 + L_Morse: 0.18532 + L_thetaHessian: 0.16341 + L_thetaNeighbor: 0.17050 + L_Guidance: 0.30275
Instruction guidance terms: boundary=0.06796, intra=0.07147, region=0.05340, type=0.05288, op=0.05705, proto=0.00000, boundary_prior=0.00000, internal_template=0.00000, transition=0.00000, extrude=0.00000, extrude_cons=0.00000, revolve=0.00000, revolve_cons=0.00000, chamfer=0.00000, chamfer_cons=0.00000, fillet=0.00000, fillet_cons=0.00000, singular=0.00000, anchor=0.00000, boundary_align=0.00000

Weights: [7000.0, 600.0, 10.0, 50.0, 30.0, 1.443519, 8000.0], lr=5.000e-05
Epoch: 0 [1520/5000 (30%)] Loss: 2441.24683 = L_Mnfld: 7.95750 + L_NonMnfld: 0.01942 + L_Eknl: 4.56195 + L_Morse: 0.23378 + L_thetaHessian: 1.44940 + L_thetaNeighbor: 5.11389 + L_Guidance: 2421.91100
Epoch: 0 [1520/5000 (30%)] Unweighted L_s : L_Mnfld: 0.00114 + L_NonMnfld: 0.00003 + L_Eknl: 0.09124 + L_Morse: 0.16195 + L_thetaHessian: 0.14494 + L_thetaNeighbor: 0.17046 + L_Guidance: 0.30274
Instruction guidance terms: boundary=0.06796, intra=0.07143, region=0.05341, type=0.05289, op=0.05706, proto=0.00000, boundary_prior=0.00000, internal_template=0.00000, transition=0.00000, extrude=0.00000, extrude_cons=0.00000, revolve=0.00000, revolve_cons=0.00000, chamfer=0.00000, chamfer_cons=0.00000, fillet=0.00000, fillet_cons=0.00000, singular=0.00000, anchor=0.00000, boundary_align=0.00000

Weights: [7000.0, 600.0, 10.0, 50.0, 30.0, 1.413529, 8000.0], lr=5.000e-05
Epoch: 0 [1530/5000 (31%)] Loss: 2441.08594 = L_Mnfld: 9.20104 + L_NonMnfld: 0.01190 + L_Eknl: 4.74795 + L_Morse: 0.24297 + L_thetaHessian: 1.53558 + L_thetaNeighbor: 5.11236 + L_Guidance: 2420.23420
Epoch: 0 [1530/5000 (31%)] Unweighted L_s : L_Mnfld: 0.00131 + L_NonMnfld: 0.00002 + L_Eknl: 0.09496 + L_Morse: 0.17189 + L_thetaHessian: 0.15356 + L_thetaNeighbor: 0.17041 + L_Guidance: 0.30253
Instruction guidance terms: boundary=0.06791, intra=0.07142, region=0.05336, type=0.05284, op=0.05700, proto=0.00000, boundary_prior=0.00000, internal_template=0.00000, transition=0.00000, extrude=0.00000, extrude_cons=0.00000, revolve=0.00000, revolve_cons=0.00000, chamfer=0.00000, chamfer_cons=0.00000, fillet=0.00000, fillet_cons=0.00000, singular=0.00000, anchor=0.00000, boundary_align=0.00000

Weights: [7000.0, 600.0, 10.0, 50.0, 30.0, 1.3835389999999999, 8000.0], lr=5.000e-05
Epoch: 0 [1540/5000 (31%)] Loss: 2443.45044 = L_Mnfld: 9.75176 + L_NonMnfld: 0.01258 + L_Eknl: 4.79352 + L_Morse: 0.24838 + L_thetaHessian: 1.62093 + L_thetaNeighbor: 5.11313 + L_Guidance: 2421.91005
Epoch: 0 [1540/5000 (31%)] Unweighted L_s : L_Mnfld: 0.00139 + L_NonMnfld: 0.00002 + L_Eknl: 0.09587 + L_Morse: 0.17952 + L_thetaHessian: 0.16209 + L_thetaNeighbor: 0.17044 + L_Guidance: 0.30274
Instruction guidance terms: boundary=0.06797, intra=0.07138, region=0.05343, type=0.05290, op=0.05706, proto=0.00000, boundary_prior=0.00000, internal_template=0.00000, transition=0.00000, extrude=0.00000, extrude_cons=0.00000, revolve=0.00000, revolve_cons=0.00000, chamfer=0.00000, chamfer_cons=0.00000, fillet=0.00000, fillet_cons=0.00000, singular=0.00000, anchor=0.00000, boundary_align=0.00000

Weights: [7000.0, 600.0, 10.0, 50.0, 30.0, 1.353549, 8000.0], lr=5.000e-05
Epoch: 0 [1550/5000 (31%)] Loss: 2442.96265 = L_Mnfld: 8.88100 + L_NonMnfld: 0.01521 + L_Eknl: 4.57496 + L_Morse: 0.25865 + L_thetaHessian: 1.55274 + L_thetaNeighbor: 5.11374 + L_Guidance: 2422.56641
Epoch: 0 [1550/5000 (31%)] Unweighted L_s : L_Mnfld: 0.00127 + L_NonMnfld: 0.00003 + L_Eknl: 0.09150 + L_Morse: 0.19109 + L_thetaHessian: 0.15527 + L_thetaNeighbor: 0.17046 + L_Guidance: 0.30282
Instruction guidance terms: boundary=0.06798, intra=0.07139, region=0.05345, type=0.05292, op=0.05708, proto=0.00000, boundary_prior=0.00000, internal_template=0.00000, transition=0.00000, extrude=0.00000, extrude_cons=0.00000, revolve=0.00000, revolve_cons=0.00000, chamfer=0.00000, chamfer_cons=0.00000, fillet=0.00000, fillet_cons=0.00000, singular=0.00000, anchor=0.00000, boundary_align=0.00000

Weights: [7000.0, 600.0, 10.0, 50.0, 30.0, 1.323559, 8000.0], lr=5.000e-05
Epoch: 0 [1560/5000 (31%)] Loss: 2439.26733 = L_Mnfld: 8.41778 + L_NonMnfld: 0.01582 + L_Eknl: 4.45123 + L_Morse: 0.22912 + L_thetaHessian: 1.63303 + L_thetaNeighbor: 5.11045 + L_Guidance: 2419.40999
Epoch: 0 [1560/5000 (31%)] Unweighted L_s : L_Mnfld: 0.00120 + L_NonMnfld: 0.00003 + L_Eknl: 0.08902 + L_Morse: 0.17311 + L_thetaHessian: 0.16330 + L_thetaNeighbor: 0.17035 + L_Guidance: 0.30243
Instruction guidance terms: boundary=0.06789, intra=0.07138, region=0.05335, type=0.05282, op=0.05698, proto=0.00000, boundary_prior=0.00000, internal_template=0.00000, transition=0.00000, extrude=0.00000, extrude_cons=0.00000, revolve=0.00000, revolve_cons=0.00000, chamfer=0.00000, chamfer_cons=0.00000, fillet=0.00000, fillet_cons=0.00000, singular=0.00000, anchor=0.00000, boundary_align=0.00000

Weights: [7000.0, 600.0, 10.0, 50.0, 30.0, 1.293569, 8000.0], lr=5.000e-05
Epoch: 0 [1570/5000 (31%)] Loss: 2443.69800 = L_Mnfld: 9.92887 + L_NonMnfld: 0.01588 + L_Eknl: 4.67593 + L_Morse: 0.26016 + L_thetaHessian: 1.69623 + L_thetaNeighbor: 5.11071 + L_Guidance: 2422.01018
Epoch: 0 [1570/5000 (31%)] Unweighted L_s : L_Mnfld: 0.00142 + L_NonMnfld: 0.00003 + L_Eknl: 0.09352 + L_Morse: 0.20112 + L_thetaHessian: 0.16962 + L_thetaNeighbor: 0.17036 + L_Guidance: 0.30275
Instruction guidance terms: boundary=0.06796, intra=0.07136, region=0.05345, type=0.05291, op=0.05707, proto=0.00000, boundary_prior=0.00000, internal_template=0.00000, transition=0.00000, extrude=0.00000, extrude_cons=0.00000, revolve=0.00000, revolve_cons=0.00000, chamfer=0.00000, chamfer_cons=0.00000, fillet=0.00000, fillet_cons=0.00000, singular=0.00000, anchor=0.00000, boundary_align=0.00000

Weights: [7000.0, 600.0, 10.0, 50.0, 30.0, 1.2635789999999998, 8000.0], lr=5.000e-05
Epoch: 0 [1580/5000 (32%)] Loss: 2444.37842 = L_Mnfld: 10.00809 + L_NonMnfld: 0.01451 + L_Eknl: 4.66338 + L_Morse: 0.25997 + L_thetaHessian: 1.62633 + L_thetaNeighbor: 5.11374 + L_Guidance: 2422.69230
Epoch: 0 [1580/5000 (32%)] Unweighted L_s : L_Mnfld: 0.00143 + L_NonMnfld: 0.00002 + L_Eknl: 0.09327 + L_Morse: 0.20574 + L_thetaHessian: 0.16263 + L_thetaNeighbor: 0.17046 + L_Guidance: 0.30284
Instruction guidance terms: boundary=0.06799, intra=0.07136, region=0.05346, type=0.05293, op=0.05710, proto=0.00000, boundary_prior=0.00000, internal_template=0.00000, transition=0.00000, extrude=0.00000, extrude_cons=0.00000, revolve=0.00000, revolve_cons=0.00000, chamfer=0.00000, chamfer_cons=0.00000, fillet=0.00000, fillet_cons=0.00000, singular=0.00000, anchor=0.00000, boundary_align=0.00000

Weights: [7000.0, 600.0, 10.0, 50.0, 30.0, 1.2335889999999998, 8000.0], lr=5.000e-05
Epoch: 0 [1590/5000 (32%)] Loss: 2442.86450 = L_Mnfld: 10.36303 + L_NonMnfld: 0.01902 + L_Eknl: 4.59770 + L_Morse: 0.23479 + L_thetaHessian: 1.76352 + L_thetaNeighbor: 5.11024 + L_Guidance: 2420.77613
Epoch: 0 [1590/5000 (32%)] Unweighted L_s : L_Mnfld: 0.00148 + L_NonMnfld: 0.00003 + L_Eknl: 0.09195 + L_Morse: 0.19033 + L_thetaHessian: 0.17635 + L_thetaNeighbor: 0.17034 + L_Guidance: 0.30260
Instruction guidance terms: boundary=0.06794, intra=0.07130, region=0.05342, type=0.05289, op=0.05705, proto=0.00000, boundary_prior=0.00000, internal_template=0.00000, transition=0.00000, extrude=0.00000, extrude_cons=0.00000, revolve=0.00000, revolve_cons=0.00000, chamfer=0.00000, chamfer_cons=0.00000, fillet=0.00000, fillet_cons=0.00000, singular=0.00000, anchor=0.00000, boundary_align=0.00000

Weights: [7000.0, 600.0, 10.0, 50.0, 30.0, 1.2035990000000008, 8000.0], lr=5.000e-05
Epoch: 0 [1600/5000 (32%)] Loss: 2444.61963 = L_Mnfld: 9.40297 + L_NonMnfld: 0.01431 + L_Eknl: 4.48086 + L_Morse: 0.21137 + L_thetaHessian: 1.62829 + L_thetaNeighbor: 5.11133 + L_Guidance: 2423.77043
Epoch: 0 [1600/5000 (32%)] Unweighted L_s : L_Mnfld: 0.00134 + L_NonMnfld: 0.00002 + L_Eknl: 0.08962 + L_Morse: 0.17562 + L_thetaHessian: 0.16283 + L_thetaNeighbor: 0.17038 + L_Guidance: 0.30297
Instruction guidance terms: boundary=0.06802, intra=0.07127, region=0.05354, type=0.05299, op=0.05716, proto=0.00000, boundary_prior=0.00000, internal_template=0.00000, transition=0.00000, extrude=0.00000, extrude_cons=0.00000, revolve=0.00000, revolve_cons=0.00000, chamfer=0.00000, chamfer_cons=0.00000, fillet=0.00000, fillet_cons=0.00000, singular=0.00000, anchor=0.00000, boundary_align=0.00000

Weights: [7000.0, 600.0, 10.0, 50.0, 30.0, 1.1736090000000006, 8000.0], lr=5.000e-05
Epoch: 0 [1610/5000 (32%)] Loss: 2439.24536 = L_Mnfld: 9.03289 + L_NonMnfld: 0.00994 + L_Eknl: 4.58065 + L_Morse: 0.22187 + L_thetaHessian: 1.60552 + L_thetaNeighbor: 5.10749 + L_Guidance: 2418.68711
Epoch: 0 [1610/5000 (32%)] Unweighted L_s : L_Mnfld: 0.00129 + L_NonMnfld: 0.00002 + L_Eknl: 0.09161 + L_Morse: 0.18905 + L_thetaHessian: 0.16055 + L_thetaNeighbor: 0.17025 + L_Guidance: 0.30234
Instruction guidance terms: boundary=0.06787, intra=0.07130, region=0.05336, type=0.05283, op=0.05698, proto=0.00000, boundary_prior=0.00000, internal_template=0.00000, transition=0.00000, extrude=0.00000, extrude_cons=0.00000, revolve=0.00000, revolve_cons=0.00000, chamfer=0.00000, chamfer_cons=0.00000, fillet=0.00000, fillet_cons=0.00000, singular=0.00000, anchor=0.00000, boundary_align=0.00000

Weights: [7000.0, 600.0, 10.0, 50.0, 30.0, 1.1436190000000006, 8000.0], lr=5.000e-05
Epoch: 0 [1620/5000 (32%)] Loss: 2438.78369 = L_Mnfld: 9.02309 + L_NonMnfld: 0.01924 + L_Eknl: 4.58703 + L_Morse: 0.19866 + L_thetaHessian: 1.55345 + L_thetaNeighbor: 5.10656 + L_Guidance: 2418.29562
Epoch: 0 [1620/5000 (32%)] Unweighted L_s : L_Mnfld: 0.00129 + L_NonMnfld: 0.00003 + L_Eknl: 0.09174 + L_Morse: 0.17371 + L_thetaHessian: 0.15534 + L_thetaNeighbor: 0.17022 + L_Guidance: 0.30229
Instruction guidance terms: boundary=0.06786, intra=0.07124, region=0.05337, type=0.05283, op=0.05698, proto=0.00000, boundary_prior=0.00000, internal_template=0.00000, transition=0.00000, extrude=0.00000, extrude_cons=0.00000, revolve=0.00000, revolve_cons=0.00000, chamfer=0.00000, chamfer_cons=0.00000, fillet=0.00000, fillet_cons=0.00000, singular=0.00000, anchor=0.00000, boundary_align=0.00000

Weights: [7000.0, 600.0, 10.0, 50.0, 30.0, 1.1136290000000006, 8000.0], lr=5.000e-05
Epoch: 0 [1630/5000 (33%)] Loss: 2439.72778 = L_Mnfld: 9.33163 + L_NonMnfld: 0.01326 + L_Eknl: 4.51325 + L_Morse: 0.18360 + L_thetaHessian: 1.48593 + L_thetaNeighbor: 5.10571 + L_Guidance: 2419.09456
Epoch: 0 [1630/5000 (33%)] Unweighted L_s : L_Mnfld: 0.00133 + L_NonMnfld: 0.00002 + L_Eknl: 0.09027 + L_Morse: 0.16486 + L_thetaHessian: 0.14859 + L_thetaNeighbor: 0.17019 + L_Guidance: 0.30239
Instruction guidance terms: boundary=0.06789, intra=0.07118, region=0.05343, type=0.05287, op=0.05702, proto=0.00000, boundary_prior=0.00000, internal_template=0.00000, transition=0.00000, extrude=0.00000, extrude_cons=0.00000, revolve=0.00000, revolve_cons=0.00000, chamfer=0.00000, chamfer_cons=0.00000, fillet=0.00000, fillet_cons=0.00000, singular=0.00000, anchor=0.00000, boundary_align=0.00000

Weights: [7000.0, 600.0, 10.0, 50.0, 30.0, 1.0836390000000007, 8000.0], lr=5.000e-05
Epoch: 0 [1640/5000 (33%)] Loss: 2440.11060 = L_Mnfld: 8.42165 + L_NonMnfld: 0.02705 + L_Eknl: 4.61394 + L_Morse: 0.18671 + L_thetaHessian: 1.51855 + L_thetaNeighbor: 5.10271 + L_Guidance: 2420.23993
Epoch: 0 [1640/5000 (33%)] Unweighted L_s : L_Mnfld: 0.00120 + L_NonMnfld: 0.00005 + L_Eknl: 0.09228 + L_Morse: 0.17230 + L_thetaHessian: 0.15186 + L_thetaNeighbor: 0.17009 + L_Guidance: 0.30253
Instruction guidance terms: boundary=0.06791, intra=0.07112, region=0.05349, type=0.05293, op=0.05707, proto=0.00000, boundary_prior=0.00000, internal_template=0.00000, transition=0.00000, extrude=0.00000, extrude_cons=0.00000, revolve=0.00000, revolve_cons=0.00000, chamfer=0.00000, chamfer_cons=0.00000, fillet=0.00000, fillet_cons=0.00000, singular=0.00000, anchor=0.00000, boundary_align=0.00000

Weights: [7000.0, 600.0, 10.0, 50.0, 30.0, 1.0536490000000005, 8000.0], lr=5.000e-05
Epoch: 0 [1650/5000 (33%)] Loss: 2448.69385 = L_Mnfld: 9.93932 + L_NonMnfld: 0.01243 + L_Eknl: 4.44197 + L_Morse: 0.21356 + L_thetaHessian: 1.66645 + L_thetaNeighbor: 5.10642 + L_Guidance: 2427.31380
Epoch: 0 [1650/5000 (33%)] Unweighted L_s : L_Mnfld: 0.00142 + L_NonMnfld: 0.00002 + L_Eknl: 0.08884 + L_Morse: 0.20269 + L_thetaHessian: 0.16665 + L_thetaNeighbor: 0.17021 + L_Guidance: 0.30341
Instruction guidance terms: boundary=0.06812, intra=0.07105, region=0.05375, type=0.05317, op=0.05732, proto=0.00000, boundary_prior=0.00000, internal_template=0.00000, transition=0.00000, extrude=0.00000, extrude_cons=0.00000, revolve=0.00000, revolve_cons=0.00000, chamfer=0.00000, chamfer_cons=0.00000, fillet=0.00000, fillet_cons=0.00000, singular=0.00000, anchor=0.00000, boundary_align=0.00000

Weights: [7000.0, 600.0, 10.0, 50.0, 30.0, 1.0236590000000003, 8000.0], lr=5.000e-05
Epoch: 0 [1660/5000 (33%)] Loss: 2439.22876 = L_Mnfld: 9.75932 + L_NonMnfld: 0.01832 + L_Eknl: 4.68985 + L_Morse: 0.20162 + L_thetaHessian: 1.71247 + L_thetaNeighbor: 5.09919 + L_Guidance: 2417.74797
Epoch: 0 [1660/5000 (33%)] Unweighted L_s : L_Mnfld: 0.00139 + L_NonMnfld: 0.00003 + L_Eknl: 0.09380 + L_Morse: 0.19696 + L_thetaHessian: 0.17125 + L_thetaNeighbor: 0.16997 + L_Guidance: 0.30222
Instruction guidance terms: boundary=0.06783, intra=0.07107, region=0.05343, type=0.05287, op=0.05701, proto=0.00000, boundary_prior=0.00000, internal_template=0.00000, transition=0.00000, extrude=0.00000, extrude_cons=0.00000, revolve=0.00000, revolve_cons=0.00000, chamfer=0.00000, chamfer_cons=0.00000, fillet=0.00000, fillet_cons=0.00000, singular=0.00000, anchor=0.00000, boundary_align=0.00000

Weights: [7000.0, 600.0, 10.0, 50.0, 30.0, 0.9936690000000001, 8000.0], lr=5.000e-05
Epoch: 0 [1670/5000 (33%)] Loss: 2435.80566 = L_Mnfld: 9.05289 + L_NonMnfld: 0.02112 + L_Eknl: 4.53821 + L_Morse: 0.19446 + L_thetaHessian: 1.75134 + L_thetaNeighbor: 5.09365 + L_Guidance: 2415.15398
Epoch: 0 [1670/5000 (33%)] Unweighted L_s : L_Mnfld: 0.00129 + L_NonMnfld: 0.00004 + L_Eknl: 0.09076 + L_Morse: 0.19569 + L_thetaHessian: 0.17513 + L_thetaNeighbor: 0.16979 + L_Guidance: 0.30189
Instruction guidance terms: boundary=0.06775, intra=0.07105, region=0.05337, type=0.05280, op=0.05693, proto=0.00000, boundary_prior=0.00000, internal_template=0.00000, transition=0.00000, extrude=0.00000, extrude_cons=0.00000, revolve=0.00000, revolve_cons=0.00000, chamfer=0.00000, chamfer_cons=0.00000, fillet=0.00000, fillet_cons=0.00000, singular=0.00000, anchor=0.00000, boundary_align=0.00000

Weights: [7000.0, 600.0, 10.0, 50.0, 30.0, 0.9636790000000004, 8000.0], lr=5.000e-05
Epoch: 0 [1680/5000 (34%)] Loss: 2431.95361 = L_Mnfld: 8.46026 + L_NonMnfld: 0.02749 + L_Eknl: 4.41939 + L_Morse: 0.18040 + L_thetaHessian: 1.63430 + L_thetaNeighbor: 5.08635 + L_Guidance: 2412.14561
Epoch: 0 [1680/5000 (34%)] Unweighted L_s : L_Mnfld: 0.00121 + L_NonMnfld: 0.00005 + L_Eknl: 0.08839 + L_Morse: 0.18720 + L_thetaHessian: 0.16343 + L_thetaNeighbor: 0.16955 + L_Guidance: 0.30152
Instruction guidance terms: boundary=0.06764, intra=0.07100, region=0.05330, type=0.05273, op=0.05684, proto=0.00000, boundary_prior=0.00000, internal_template=0.00000, transition=0.00000, extrude=0.00000, extrude_cons=0.00000, revolve=0.00000, revolve_cons=0.00000, chamfer=0.00000, chamfer_cons=0.00000, fillet=0.00000, fillet_cons=0.00000, singular=0.00000, anchor=0.00000, boundary_align=0.00000

Weights: [7000.0, 600.0, 10.0, 50.0, 30.0, 0.9336890000000002, 8000.0], lr=5.000e-05
Epoch: 0 [1690/5000 (34%)] Loss: 2436.52246 = L_Mnfld: 9.29607 + L_NonMnfld: 0.01710 + L_Eknl: 4.56386 + L_Morse: 0.18793 + L_thetaHessian: 1.61061 + L_thetaNeighbor: 5.08581 + L_Guidance: 2415.76099
Epoch: 0 [1690/5000 (34%)] Unweighted L_s : L_Mnfld: 0.00133 + L_NonMnfld: 0.00003 + L_Eknl: 0.09128 + L_Morse: 0.20128 + L_thetaHessian: 0.16106 + L_thetaNeighbor: 0.16953 + L_Guidance: 0.30197
Instruction guidance terms: boundary=0.06775, intra=0.07089, region=0.05347, type=0.05288, op=0.05698, proto=0.00000, boundary_prior=0.00000, internal_template=0.00000, transition=0.00000, extrude=0.00000, extrude_cons=0.00000, revolve=0.00000, revolve_cons=0.00000, chamfer=0.00000, chamfer_cons=0.00000, fillet=0.00000, fillet_cons=0.00000, singular=0.00000, anchor=0.00000, boundary_align=0.00000

Weights: [7000.0, 600.0, 10.0, 50.0, 30.0, 0.9036990000000005, 8000.0], lr=5.000e-05
Epoch: 0 [1700/5000 (34%)] Loss: 2435.32837 = L_Mnfld: 8.00221 + L_NonMnfld: 0.01568 + L_Eknl: 4.79363 + L_Morse: 0.15300 + L_thetaHessian: 1.53688 + L_thetaNeighbor: 5.08996 + L_Guidance: 2415.73715
Epoch: 0 [1700/5000 (34%)] Unweighted L_s : L_Mnfld: 0.00114 + L_NonMnfld: 0.00003 + L_Eknl: 0.09587 + L_Morse: 0.16931 + L_thetaHessian: 0.15369 + L_thetaNeighbor: 0.16967 + L_Guidance: 0.30197
Instruction guidance terms: boundary=0.06775, intra=0.07102, region=0.05342, type=0.05283, op=0.05695, proto=0.00000, boundary_prior=0.00000, internal_template=0.00000, transition=0.00000, extrude=0.00000, extrude_cons=0.00000, revolve=0.00000, revolve_cons=0.00000, chamfer=0.00000, chamfer_cons=0.00000, fillet=0.00000, fillet_cons=0.00000, singular=0.00000, anchor=0.00000, boundary_align=0.00000

Weights: [7000.0, 600.0, 10.0, 50.0, 30.0, 0.8737090000000003, 8000.0], lr=5.000e-05
Epoch: 0 [1710/5000 (34%)] Loss: 2433.75562 = L_Mnfld: 8.61496 + L_NonMnfld: 0.01371 + L_Eknl: 4.40230 + L_Morse: 0.16723 + L_thetaHessian: 1.56846 + L_thetaNeighbor: 5.08782 + L_Guidance: 2413.90109
Epoch: 0 [1710/5000 (34%)] Unweighted L_s : L_Mnfld: 0.00123 + L_NonMnfld: 0.00002 + L_Eknl: 0.08805 + L_Morse: 0.19141 + L_thetaHessian: 0.15685 + L_thetaNeighbor: 0.16959 + L_Guidance: 0.30174
Instruction guidance terms: boundary=0.06770, intra=0.07098, region=0.05337, type=0.05279, op=0.05691, proto=0.00000, boundary_prior=0.00000, internal_template=0.00000, transition=0.00000, extrude=0.00000, extrude_cons=0.00000, revolve=0.00000, revolve_cons=0.00000, chamfer=0.00000, chamfer_cons=0.00000, fillet=0.00000, fillet_cons=0.00000, singular=0.00000, anchor=0.00000, boundary_align=0.00000

Weights: [7000.0, 600.0, 10.0, 50.0, 30.0, 0.8437190000000001, 8000.0], lr=5.000e-05
Epoch: 0 [1720/5000 (34%)] Loss: 2428.29541 = L_Mnfld: 7.99371 + L_NonMnfld: 0.03384 + L_Eknl: 4.44486 + L_Morse: 0.14307 + L_thetaHessian: 1.53730 + L_thetaNeighbor: 5.08597 + L_Guidance: 2409.05666
Epoch: 0 [1720/5000 (34%)] Unweighted L_s : L_Mnfld: 0.00114 + L_NonMnfld: 0.00006 + L_Eknl: 0.08890 + L_Morse: 0.16957 + L_thetaHessian: 0.15373 + L_thetaNeighbor: 0.16953 + L_Guidance: 0.30113
Instruction guidance terms: boundary=0.06755, intra=0.07105, region=0.05318, type=0.05262, op=0.05674, proto=0.00000, boundary_prior=0.00000, internal_template=0.00000, transition=0.00000, extrude=0.00000, extrude_cons=0.00000, revolve=0.00000, revolve_cons=0.00000, chamfer=0.00000, chamfer_cons=0.00000, fillet=0.00000, fillet_cons=0.00000, singular=0.00000, anchor=0.00000, boundary_align=0.00000

Weights: [7000.0, 600.0, 10.0, 50.0, 30.0, 0.8137290000000004, 8000.0], lr=5.000e-05
Epoch: 0 [1730/5000 (35%)] Loss: 2430.63135 = L_Mnfld: 8.79987 + L_NonMnfld: 0.02708 + L_Eknl: 4.48727 + L_Morse: 0.14556 + L_thetaHessian: 1.55926 + L_thetaNeighbor: 5.08962 + L_Guidance: 2410.52270
Epoch: 0 [1730/5000 (35%)] Unweighted L_s : L_Mnfld: 0.00126 + L_NonMnfld: 0.00005 + L_Eknl: 0.08975 + L_Morse: 0.17888 + L_thetaHessian: 0.15593 + L_thetaNeighbor: 0.16965 + L_Guidance: 0.30132
Instruction guidance terms: boundary=0.06760, intra=0.07109, region=0.05321, type=0.05265, op=0.05677, proto=0.00000, boundary_prior=0.00000, internal_template=0.00000, transition=0.00000, extrude=0.00000, extrude_cons=0.00000, revolve=0.00000, revolve_cons=0.00000, chamfer=0.00000, chamfer_cons=0.00000, fillet=0.00000, fillet_cons=0.00000, singular=0.00000, anchor=0.00000, boundary_align=0.00000

Weights: [7000.0, 600.0, 10.0, 50.0, 30.0, 0.7837390000000002, 8000.0], lr=5.000e-05
Epoch: 0 [1740/5000 (35%)] Loss: 2435.50586 = L_Mnfld: 9.31386 + L_NonMnfld: 0.00962 + L_Eknl: 4.36831 + L_Morse: 0.15057 + L_thetaHessian: 1.63750 + L_thetaNeighbor: 5.09177 + L_Guidance: 2414.93440
Epoch: 0 [1740/5000 (35%)] Unweighted L_s : L_Mnfld: 0.00133 + L_NonMnfld: 0.00002 + L_Eknl: 0.08737 + L_Morse: 0.19212 + L_thetaHessian: 0.16375 + L_thetaNeighbor: 0.16973 + L_Guidance: 0.30187
Instruction guidance terms: boundary=0.06773, intra=0.07107, region=0.05336, type=0.05280, op=0.05692, proto=0.00000, boundary_prior=0.00000, internal_template=0.00000, transition=0.00000, extrude=0.00000, extrude_cons=0.00000, revolve=0.00000, revolve_cons=0.00000, chamfer=0.00000, chamfer_cons=0.00000, fillet=0.00000, fillet_cons=0.00000, singular=0.00000, anchor=0.00000, boundary_align=0.00000

Weights: [7000.0, 600.0, 10.0, 50.0, 30.0, 0.753749, 8000.0], lr=5.000e-05
Epoch: 0 [1750/5000 (35%)] Loss: 2434.88647 = L_Mnfld: 10.98120 + L_NonMnfld: 0.01923 + L_Eknl: 4.47491 + L_Morse: 0.16259 + L_thetaHessian: 1.65503 + L_thetaNeighbor: 5.08684 + L_Guidance: 2412.50658
Epoch: 0 [1750/5000 (35%)] Unweighted L_s : L_Mnfld: 0.00157 + L_NonMnfld: 0.00003 + L_Eknl: 0.08950 + L_Morse: 0.21570 + L_thetaHessian: 0.16550 + L_thetaNeighbor: 0.16956 + L_Guidance: 0.30156
Instruction guidance terms: boundary=0.06765, intra=0.07102, region=0.05331, type=0.05274, op=0.05685, proto=0.00000, boundary_prior=0.00000, internal_template=0.00000, transition=0.00000, extrude=0.00000, extrude_cons=0.00000, revolve=0.00000, revolve_cons=0.00000, chamfer=0.00000, chamfer_cons=0.00000, fillet=0.00000, fillet_cons=0.00000, singular=0.00000, anchor=0.00000, boundary_align=0.00000

Weights: [7000.0, 600.0, 10.0, 50.0, 30.0, 0.7237590000000003, 8000.0], lr=5.000e-05
Epoch: 0 [1760/5000 (35%)] Loss: 2436.23413 = L_Mnfld: 10.49054 + L_NonMnfld: 0.01449 + L_Eknl: 4.62087 + L_Morse: 0.15988 + L_thetaHessian: 1.87921 + L_thetaNeighbor: 5.08488 + L_Guidance: 2413.98430
Epoch: 0 [1760/5000 (35%)] Unweighted L_s : L_Mnfld: 0.00150 + L_NonMnfld: 0.00002 + L_Eknl: 0.09242 + L_Morse: 0.22090 + L_thetaHessian: 0.18792 + L_thetaNeighbor: 0.16950 + L_Guidance: 0.30175
Instruction guidance terms: boundary=0.06768, intra=0.07100, region=0.05337, type=0.05279, op=0.05690, proto=0.00000, boundary_prior=0.00000, internal_template=0.00000, transition=0.00000, extrude=0.00000, extrude_cons=0.00000, revolve=0.00000, revolve_cons=0.00000, chamfer=0.00000, chamfer_cons=0.00000, fillet=0.00000, fillet_cons=0.00000, singular=0.00000, anchor=0.00000, boundary_align=0.00000

Weights: [7000.0, 600.0, 10.0, 50.0, 30.0, 0.6937690000000001, 8000.0], lr=5.000e-05
Epoch: 0 [1770/5000 (35%)] Loss: 2443.97827 = L_Mnfld: 10.34378 + L_NonMnfld: 0.00698 + L_Eknl: 4.53191 + L_Morse: 0.16268 + L_thetaHessian: 2.06435 + L_thetaNeighbor: 5.09885 + L_Guidance: 2421.76986
Epoch: 0 [1770/5000 (35%)] Unweighted L_s : L_Mnfld: 0.00148 + L_NonMnfld: 0.00001 + L_Eknl: 0.09064 + L_Morse: 0.23449 + L_thetaHessian: 0.20644 + L_thetaNeighbor: 0.16996 + L_Guidance: 0.30272
Instruction guidance terms: boundary=0.06793, intra=0.07105, region=0.05359, type=0.05301, op=0.05714, proto=0.00000, boundary_prior=0.00000, internal_template=0.00000, transition=0.00000, extrude=0.00000, extrude_cons=0.00000, revolve=0.00000, revolve_cons=0.00000, chamfer=0.00000, chamfer_cons=0.00000, fillet=0.00000, fillet_cons=0.00000, singular=0.00000, anchor=0.00000, boundary_align=0.00000

Weights: [7000.0, 600.0, 10.0, 50.0, 30.0, 0.6637790000000003, 8000.0], lr=5.000e-05
Epoch: 0 [1780/5000 (36%)] Loss: 2434.57690 = L_Mnfld: 9.36901 + L_NonMnfld: 0.01029 + L_Eknl: 4.60206 + L_Morse: 0.14555 + L_thetaHessian: 1.90768 + L_thetaNeighbor: 5.08516 + L_Guidance: 2413.45739
Epoch: 0 [1780/5000 (36%)] Unweighted L_s : L_Mnfld: 0.00134 + L_NonMnfld: 0.00002 + L_Eknl: 0.09204 + L_Morse: 0.21927 + L_thetaHessian: 0.19077 + L_thetaNeighbor: 0.16951 + L_Guidance: 0.30168
Instruction guidance terms: boundary=0.06766, intra=0.07104, region=0.05334, type=0.05277, op=0.05688, proto=0.00000, boundary_prior=0.00000, internal_template=0.00000, transition=0.00000, extrude=0.00000, extrude_cons=0.00000, revolve=0.00000, revolve_cons=0.00000, chamfer=0.00000, chamfer_cons=0.00000, fillet=0.00000, fillet_cons=0.00000, singular=0.00000, anchor=0.00000, boundary_align=0.00000

Weights: [7000.0, 600.0, 10.0, 50.0, 30.0, 0.6337890000000002, 8000.0], lr=5.000e-05
Epoch: 0 [1790/5000 (36%)] Loss: 2436.49390 = L_Mnfld: 10.99948 + L_NonMnfld: 0.01046 + L_Eknl: 4.60715 + L_Morse: 0.16277 + L_thetaHessian: 2.18777 + L_thetaNeighbor: 5.08142 + L_Guidance: 2413.44476
Epoch: 0 [1790/5000 (36%)] Unweighted L_s : L_Mnfld: 0.00157 + L_NonMnfld: 0.00002 + L_Eknl: 0.09214 + L_Morse: 0.25683 + L_thetaHessian: 0.21878 + L_thetaNeighbor: 0.16938 + L_Guidance: 0.30168
Instruction guidance terms: boundary=0.06765, intra=0.07097, region=0.05338, type=0.05279, op=0.05689, proto=0.00000, boundary_prior=0.00000, internal_template=0.00000, transition=0.00000, extrude=0.00000, extrude_cons=0.00000, revolve=0.00000, revolve_cons=0.00000, chamfer=0.00000, chamfer_cons=0.00000, fillet=0.00000, fillet_cons=0.00000, singular=0.00000, anchor=0.00000, boundary_align=0.00000

Weights: [7000.0, 600.0, 10.0, 50.0, 30.0, 0.603799, 8000.0], lr=5.000e-05
Epoch: 0 [1800/5000 (36%)] Loss: 2442.14307 = L_Mnfld: 14.67548 + L_NonMnfld: 0.01767 + L_Eknl: 5.17047 + L_Morse: 0.19698 + L_thetaHessian: 2.58085 + L_thetaNeighbor: 5.08409 + L_Guidance: 2414.41751
Epoch: 0 [1800/5000 (36%)] Unweighted L_s : L_Mnfld: 0.00210 + L_NonMnfld: 0.00003 + L_Eknl: 0.10341 + L_Morse: 0.32623 + L_thetaHessian: 0.25809 + L_thetaNeighbor: 0.16947 + L_Guidance: 0.30180
Instruction guidance terms: boundary=0.06768, intra=0.07104, region=0.05337, type=0.05280, op=0.05691, proto=0.00000, boundary_prior=0.00000, internal_template=0.00000, transition=0.00000, extrude=0.00000, extrude_cons=0.00000, revolve=0.00000, revolve_cons=0.00000, chamfer=0.00000, chamfer_cons=0.00000, fillet=0.00000, fillet_cons=0.00000, singular=0.00000, anchor=0.00000, boundary_align=0.00000

Weights: [7000.0, 600.0, 10.0, 50.0, 30.0, 0.5738090000000002, 8000.0], lr=5.000e-05
Epoch: 0 [1810/5000 (36%)] Loss: 2438.44214 = L_Mnfld: 13.89918 + L_NonMnfld: 0.01763 + L_Eknl: 4.73059 + L_Morse: 0.17344 + L_thetaHessian: 2.44891 + L_thetaNeighbor: 5.08256 + L_Guidance: 2412.08982
Epoch: 0 [1810/5000 (36%)] Unweighted L_s : L_Mnfld: 0.00199 + L_NonMnfld: 0.00003 + L_Eknl: 0.09461 + L_Morse: 0.30226 + L_thetaHessian: 0.24489 + L_thetaNeighbor: 0.16942 + L_Guidance: 0.30151
Instruction guidance terms: boundary=0.06759, intra=0.07115, region=0.05327, type=0.05270, op=0.05680, proto=0.00000, boundary_prior=0.00000, internal_template=0.00000, transition=0.00000, extrude=0.00000, extrude_cons=0.00000, revolve=0.00000, revolve_cons=0.00000, chamfer=0.00000, chamfer_cons=0.00000, fillet=0.00000, fillet_cons=0.00000, singular=0.00000, anchor=0.00000, boundary_align=0.00000

Weights: [7000.0, 600.0, 10.0, 50.0, 30.0, 0.543819, 8000.0], lr=5.000e-05
Epoch: 0 [1820/5000 (36%)] Loss: 2434.61670 = L_Mnfld: 11.68778 + L_NonMnfld: 0.01447 + L_Eknl: 4.78186 + L_Morse: 0.16697 + L_thetaHessian: 2.47861 + L_thetaNeighbor: 5.06438 + L_Guidance: 2410.42256
Epoch: 0 [1820/5000 (36%)] Unweighted L_s : L_Mnfld: 0.00167 + L_NonMnfld: 0.00002 + L_Eknl: 0.09564 + L_Morse: 0.30704 + L_thetaHessian: 0.24786 + L_thetaNeighbor: 0.16881 + L_Guidance: 0.30130
Instruction guidance terms: boundary=0.06750, intra=0.07096, region=0.05335, type=0.05272, op=0.05678, proto=0.00000, boundary_prior=0.00000, internal_template=0.00000, transition=0.00000, extrude=0.00000, extrude_cons=0.00000, revolve=0.00000, revolve_cons=0.00000, chamfer=0.00000, chamfer_cons=0.00000, fillet=0.00000, fillet_cons=0.00000, singular=0.00000, anchor=0.00000, boundary_align=0.00000

Weights: [7000.0, 600.0, 10.0, 50.0, 30.0, 0.5138289999999999, 8000.0], lr=5.000e-05
Epoch: 0 [1830/5000 (37%)] Loss: 2449.45435 = L_Mnfld: 14.66399 + L_NonMnfld: 0.01275 + L_Eknl: 5.00767 + L_Morse: 0.15171 + L_thetaHessian: 2.59742 + L_thetaNeighbor: 5.09288 + L_Guidance: 2421.92793
Epoch: 0 [1830/5000 (37%)] Unweighted L_s : L_Mnfld: 0.00209 + L_NonMnfld: 0.00002 + L_Eknl: 0.10015 + L_Morse: 0.29526 + L_thetaHessian: 0.25974 + L_thetaNeighbor: 0.16976 + L_Guidance: 0.30274
Instruction guidance terms: boundary=0.06791, intra=0.07106, region=0.05361, type=0.05302, op=0.05714, proto=0.00000, boundary_prior=0.00000, internal_template=0.00000, transition=0.00000, extrude=0.00000, extrude_cons=0.00000, revolve=0.00000, revolve_cons=0.00000, chamfer=0.00000, chamfer_cons=0.00000, fillet=0.00000, fillet_cons=0.00000, singular=0.00000, anchor=0.00000, boundary_align=0.00000

Weights: [7000.0, 600.0, 10.0, 50.0, 30.0, 0.48383900000000013, 8000.0], lr=5.000e-05
Epoch: 0 [1840/5000 (37%)] Loss: 2445.03320 = L_Mnfld: 16.58134 + L_NonMnfld: 0.01918 + L_Eknl: 5.26754 + L_Morse: 0.19955 + L_thetaHessian: 3.34758 + L_thetaNeighbor: 5.06410 + L_Guidance: 2414.55388
Epoch: 0 [1840/5000 (37%)] Unweighted L_s : L_Mnfld: 0.00237 + L_NonMnfld: 0.00003 + L_Eknl: 0.10535 + L_Morse: 0.41244 + L_thetaHessian: 0.33476 + L_thetaNeighbor: 0.16880 + L_Guidance: 0.30182
Instruction guidance terms: boundary=0.06761, intra=0.07093, region=0.05350, type=0.05286, op=0.05692, proto=0.00000, boundary_prior=0.00000, internal_template=0.00000, transition=0.00000, extrude=0.00000, extrude_cons=0.00000, revolve=0.00000, revolve_cons=0.00000, chamfer=0.00000, chamfer_cons=0.00000, fillet=0.00000, fillet_cons=0.00000, singular=0.00000, anchor=0.00000, boundary_align=0.00000

Weights: [7000.0, 600.0, 10.0, 50.0, 30.0, 0.45384899999999995, 8000.0], lr=5.000e-05
Epoch: 0 [1850/5000 (37%)] Loss: 2447.39111 = L_Mnfld: 18.04967 + L_NonMnfld: 0.03550 + L_Eknl: 5.19369 + L_Morse: 0.20571 + L_thetaHessian: 3.82367 + L_thetaNeighbor: 5.07179 + L_Guidance: 2415.01093
Epoch: 0 [1850/5000 (37%)] Unweighted L_s : L_Mnfld: 0.00258 + L_NonMnfld: 0.00006 + L_Eknl: 0.10387 + L_Morse: 0.45325 + L_thetaHessian: 0.38237 + L_thetaNeighbor: 0.16906 + L_Guidance: 0.30188
Instruction guidance terms: boundary=0.06766, intra=0.07093, region=0.05348, type=0.05286, op=0.05694, proto=0.00000, boundary_prior=0.00000, internal_template=0.00000, transition=0.00000, extrude=0.00000, extrude_cons=0.00000, revolve=0.00000, revolve_cons=0.00000, chamfer=0.00000, chamfer_cons=0.00000, fillet=0.00000, fillet_cons=0.00000, singular=0.00000, anchor=0.00000, boundary_align=0.00000

Weights: [7000.0, 600.0, 10.0, 50.0, 30.0, 0.4238590000000002, 8000.0], lr=5.000e-05
Epoch: 0 [1860/5000 (37%)] Loss: 2451.04175 = L_Mnfld: 17.20619 + L_NonMnfld: 0.01672 + L_Eknl: 5.52665 + L_Morse: 0.19846 + L_thetaHessian: 3.76439 + L_thetaNeighbor: 5.07696 + L_Guidance: 2419.25240
Epoch: 0 [1860/5000 (37%)] Unweighted L_s : L_Mnfld: 0.00246 + L_NonMnfld: 0.00003 + L_Eknl: 0.11053 + L_Morse: 0.46821 + L_thetaHessian: 0.37644 + L_thetaNeighbor: 0.16923 + L_Guidance: 0.30241
Instruction guidance terms: boundary=0.06776, intra=0.07109, region=0.05358, type=0.05295, op=0.05703, proto=0.00000, boundary_prior=0.00000, internal_template=0.00000, transition=0.00000, extrude=0.00000, extrude_cons=0.00000, revolve=0.00000, revolve_cons=0.00000, chamfer=0.00000, chamfer_cons=0.00000, fillet=0.00000, fillet_cons=0.00000, singular=0.00000, anchor=0.00000, boundary_align=0.00000

Weights: [7000.0, 600.0, 10.0, 50.0, 30.0, 0.3938689999999996, 8000.0], lr=5.000e-05
Epoch: 0 [1870/5000 (37%)] Loss: 2446.66992 = L_Mnfld: 17.51534 + L_NonMnfld: 0.03814 + L_Eknl: 5.67305 + L_Morse: 0.20230 + L_thetaHessian: 4.04060 + L_thetaNeighbor: 5.07333 + L_Guidance: 2414.12711
Epoch: 0 [1870/5000 (37%)] Unweighted L_s : L_Mnfld: 0.00250 + L_NonMnfld: 0.00006 + L_Eknl: 0.11346 + L_Morse: 0.51362 + L_thetaHessian: 0.40406 + L_thetaNeighbor: 0.16911 + L_Guidance: 0.30177
Instruction guidance terms: boundary=0.06762, intra=0.07100, region=0.05342, type=0.05282, op=0.05690, proto=0.00000, boundary_prior=0.00000, internal_template=0.00000, transition=0.00000, extrude=0.00000, extrude_cons=0.00000, revolve=0.00000, revolve_cons=0.00000, chamfer=0.00000, chamfer_cons=0.00000, fillet=0.00000, fillet_cons=0.00000, singular=0.00000, anchor=0.00000, boundary_align=0.00000

Weights: [7000.0, 600.0, 10.0, 50.0, 30.0, 0.36387899999999984, 8000.0], lr=5.000e-05
Epoch: 0 [1880/5000 (38%)] Loss: 2441.02808 = L_Mnfld: 16.73074 + L_NonMnfld: 0.01858 + L_Eknl: 5.16776 + L_Morse: 0.17151 + L_thetaHessian: 3.76094 + L_thetaNeighbor: 5.06206 + L_Guidance: 2410.11643
Epoch: 0 [1880/5000 (38%)] Unweighted L_s : L_Mnfld: 0.00239 + L_NonMnfld: 0.00003 + L_Eknl: 0.10336 + L_Morse: 0.47135 + L_thetaHessian: 0.37609 + L_thetaNeighbor: 0.16874 + L_Guidance: 0.30126
Instruction guidance terms: boundary=0.06744, intra=0.07113, region=0.05329, type=0.05267, op=0.05673, proto=0.00000, boundary_prior=0.00000, internal_template=0.00000, transition=0.00000, extrude=0.00000, extrude_cons=0.00000, revolve=0.00000, revolve_cons=0.00000, chamfer=0.00000, chamfer_cons=0.00000, fillet=0.00000, fillet_cons=0.00000, singular=0.00000, anchor=0.00000, boundary_align=0.00000

Weights: [7000.0, 600.0, 10.0, 50.0, 30.0, 0.33388899999999966, 8000.0], lr=5.000e-05
Epoch: 0 [1890/5000 (38%)] Loss: 2438.41602 = L_Mnfld: 15.70836 + L_NonMnfld: 0.01862 + L_Eknl: 5.20992 + L_Morse: 0.15299 + L_thetaHessian: 3.56767 + L_thetaNeighbor: 5.05622 + L_Guidance: 2408.70214
Epoch: 0 [1890/5000 (38%)] Unweighted L_s : L_Mnfld: 0.00224 + L_NonMnfld: 0.00003 + L_Eknl: 0.10420 + L_Morse: 0.45820 + L_thetaHessian: 0.35677 + L_thetaNeighbor: 0.16854 + L_Guidance: 0.30109
Instruction guidance terms: boundary=0.06739, intra=0.07110, region=0.05327, type=0.05264, op=0.05669, proto=0.00000, boundary_prior=0.00000, internal_template=0.00000, transition=0.00000, extrude=0.00000, extrude_cons=0.00000, revolve=0.00000, revolve_cons=0.00000, chamfer=0.00000, chamfer_cons=0.00000, fillet=0.00000, fillet_cons=0.00000, singular=0.00000, anchor=0.00000, boundary_align=0.00000

Weights: [7000.0, 600.0, 10.0, 50.0, 30.0, 0.3038989999999999, 8000.0], lr=5.000e-05
Epoch: 0 [1900/5000 (38%)] Loss: 2433.72461 = L_Mnfld: 15.27645 + L_NonMnfld: 0.01128 + L_Eknl: 5.06320 + L_Morse: 0.14738 + L_thetaHessian: 3.56112 + L_thetaNeighbor: 5.04897 + L_Guidance: 2404.61612
Epoch: 0 [1900/5000 (38%)] Unweighted L_s : L_Mnfld: 0.00218 + L_NonMnfld: 0.00002 + L_Eknl: 0.10126 + L_Morse: 0.48496 + L_thetaHessian: 0.35611 + L_thetaNeighbor: 0.16830 + L_Guidance: 0.30058
Instruction guidance terms: boundary=0.06725, intra=0.07107, region=0.05315, type=0.05253, op=0.05657, proto=0.00000, boundary_prior=0.00000, internal_template=0.00000, transition=0.00000, extrude=0.00000, extrude_cons=0.00000, revolve=0.00000, revolve_cons=0.00000, chamfer=0.00000, chamfer_cons=0.00000, fillet=0.00000, fillet_cons=0.00000, singular=0.00000, anchor=0.00000, boundary_align=0.00000

Weights: [7000.0, 600.0, 10.0, 50.0, 30.0, 0.2739090000000006, 8000.0], lr=5.000e-05
Epoch: 0 [1910/5000 (38%)] Loss: 2427.03906 = L_Mnfld: 15.03174 + L_NonMnfld: 0.01771 + L_Eknl: 5.21449 + L_Morse: 0.13422 + L_thetaHessian: 3.75765 + L_thetaNeighbor: 5.04273 + L_Guidance: 2397.84050
Epoch: 0 [1910/5000 (38%)] Unweighted L_s : L_Mnfld: 0.00215 + L_NonMnfld: 0.00003 + L_Eknl: 0.10429 + L_Morse: 0.49000 + L_thetaHessian: 0.37577 + L_thetaNeighbor: 0.16809 + L_Guidance: 0.29973
Instruction guidance terms: boundary=0.06704, intra=0.07110, region=0.05291, type=0.05231, op=0.05636, proto=0.00000, boundary_prior=0.00000, internal_template=0.00000, transition=0.00000, extrude=0.00000, extrude_cons=0.00000, revolve=0.00000, revolve_cons=0.00000, chamfer=0.00000, chamfer_cons=0.00000, fillet=0.00000, fillet_cons=0.00000, singular=0.00000, anchor=0.00000, boundary_align=0.00000

Weights: [7000.0, 600.0, 10.0, 50.0, 30.0, 0.24391900000000044, 8000.0], lr=5.000e-05
Epoch: 0 [1920/5000 (38%)] Loss: 2428.15674 = L_Mnfld: 14.31773 + L_NonMnfld: 0.02058 + L_Eknl: 5.19158 + L_Morse: 0.11494 + L_thetaHessian: 3.39844 + L_thetaNeighbor: 5.04309 + L_Guidance: 2400.07019
Epoch: 0 [1920/5000 (38%)] Unweighted L_s : L_Mnfld: 0.00205 + L_NonMnfld: 0.00003 + L_Eknl: 0.10383 + L_Morse: 0.47123 + L_thetaHessian: 0.33984 + L_thetaNeighbor: 0.16810 + L_Guidance: 0.30001
Instruction guidance terms: boundary=0.06711, intra=0.07107, region=0.05301, type=0.05239, op=0.05643, proto=0.00000, boundary_prior=0.00000, internal_template=0.00000, transition=0.00000, extrude=0.00000, extrude_cons=0.00000, revolve=0.00000, revolve_cons=0.00000, chamfer=0.00000, chamfer_cons=0.00000, fillet=0.00000, fillet_cons=0.00000, singular=0.00000, anchor=0.00000, boundary_align=0.00000

Weights: [7000.0, 600.0, 10.0, 50.0, 30.0, 0.2139290000000007, 8000.0], lr=5.000e-05
Epoch: 0 [1930/5000 (39%)] Loss: 2431.05469 = L_Mnfld: 15.90270 + L_NonMnfld: 0.01383 + L_Eknl: 5.12908 + L_Morse: 0.09713 + L_thetaHessian: 3.35860 + L_thetaNeighbor: 5.05360 + L_Guidance: 2401.49975
Epoch: 0 [1930/5000 (39%)] Unweighted L_s : L_Mnfld: 0.00227 + L_NonMnfld: 0.00002 + L_Eknl: 0.10258 + L_Morse: 0.45404 + L_thetaHessian: 0.33586 + L_thetaNeighbor: 0.16845 + L_Guidance: 0.30019
Instruction guidance terms: boundary=0.06719, intra=0.07110, region=0.05301, type=0.05241, op=0.05647, proto=0.00000, boundary_prior=0.00000, internal_template=0.00000, transition=0.00000, extrude=0.00000, extrude_cons=0.00000, revolve=0.00000, revolve_cons=0.00000, chamfer=0.00000, chamfer_cons=0.00000, fillet=0.00000, fillet_cons=0.00000, singular=0.00000, anchor=0.00000, boundary_align=0.00000

Weights: [7000.0, 600.0, 10.0, 50.0, 30.0, 0.18393900000000052, 8000.0], lr=5.000e-05
Epoch: 0 [1940/5000 (39%)] Loss: 2442.56812 = L_Mnfld: 14.72605 + L_NonMnfld: 0.02749 + L_Eknl: 5.05234 + L_Morse: 0.08486 + L_thetaHessian: 3.00643 + L_thetaNeighbor: 5.05974 + L_Guidance: 2414.61134
Epoch: 0 [1940/5000 (39%)] Unweighted L_s : L_Mnfld: 0.00210 + L_NonMnfld: 0.00005 + L_Eknl: 0.10105 + L_Morse: 0.46136 + L_thetaHessian: 0.30064 + L_thetaNeighbor: 0.16866 + L_Guidance: 0.30183
Instruction guidance terms: boundary=0.06759, intra=0.07094, region=0.05352, type=0.05286, op=0.05692, proto=0.00000, boundary_prior=0.00000, internal_template=0.00000, transition=0.00000, extrude=0.00000, extrude_cons=0.00000, revolve=0.00000, revolve_cons=0.00000, chamfer=0.00000, chamfer_cons=0.00000, fillet=0.00000, fillet_cons=0.00000, singular=0.00000, anchor=0.00000, boundary_align=0.00000

Weights: [7000.0, 600.0, 10.0, 50.0, 30.0, 0.15394900000000078, 8000.0], lr=5.000e-05
Epoch: 0 [1950/5000 (39%)] Loss: 2423.36865 = L_Mnfld: 13.25375 + L_NonMnfld: 0.01114 + L_Eknl: 5.02967 + L_Morse: 0.06730 + L_thetaHessian: 2.85201 + L_thetaNeighbor: 5.04389 + L_Guidance: 2397.11094
Epoch: 0 [1950/5000 (39%)] Unweighted L_s : L_Mnfld: 0.00189 + L_NonMnfld: 0.00002 + L_Eknl: 0.10059 + L_Morse: 0.43719 + L_thetaHessian: 0.28520 + L_thetaNeighbor: 0.16813 + L_Guidance: 0.29964
Instruction guidance terms: boundary=0.06703, intra=0.07111, region=0.05288, type=0.05229, op=0.05633, proto=0.00000, boundary_prior=0.00000, internal_template=0.00000, transition=0.00000, extrude=0.00000, extrude_cons=0.00000, revolve=0.00000, revolve_cons=0.00000, chamfer=0.00000, chamfer_cons=0.00000, fillet=0.00000, fillet_cons=0.00000, singular=0.00000, anchor=0.00000, boundary_align=0.00000

Weights: [7000.0, 600.0, 10.0, 50.0, 30.0, 0.1239590000000006, 8000.0], lr=5.000e-05
Epoch: 0 [1960/5000 (39%)] Loss: 2430.13794 = L_Mnfld: 13.74000 + L_NonMnfld: 0.01441 + L_Eknl: 4.98851 + L_Morse: 0.05821 + L_thetaHessian: 2.99980 + L_thetaNeighbor: 5.05287 + L_Guidance: 2403.28407
Epoch: 0 [1960/5000 (39%)] Unweighted L_s : L_Mnfld: 0.00196 + L_NonMnfld: 0.00002 + L_Eknl: 0.09977 + L_Morse: 0.46956 + L_thetaHessian: 0.29998 + L_thetaNeighbor: 0.16843 + L_Guidance: 0.30041
Instruction guidance terms: boundary=0.06722, intra=0.07115, region=0.05306, type=0.05246, op=0.05651, proto=0.00000, boundary_prior=0.00000, internal_template=0.00000, transition=0.00000, extrude=0.00000, extrude_cons=0.00000, revolve=0.00000, revolve_cons=0.00000, chamfer=0.00000, chamfer_cons=0.00000, fillet=0.00000, fillet_cons=0.00000, singular=0.00000, anchor=0.00000, boundary_align=0.00000

Weights: [7000.0, 600.0, 10.0, 50.0, 30.0, 0.09396900000000086, 8000.0], lr=5.000e-05
Epoch: 0 [1970/5000 (39%)] Loss: 2415.79272 = L_Mnfld: 9.61653 + L_NonMnfld: 0.01577 + L_Eknl: 4.33334 + L_Morse: 0.03736 + L_thetaHessian: 2.26920 + L_thetaNeighbor: 5.03527 + L_Guidance: 2394.48524
Epoch: 0 [1970/5000 (39%)] Unweighted L_s : L_Mnfld: 0.00137 + L_NonMnfld: 0.00003 + L_Eknl: 0.08667 + L_Morse: 0.39753 + L_thetaHessian: 0.22692 + L_thetaNeighbor: 0.16784 + L_Guidance: 0.29931
Instruction guidance terms: boundary=0.06692, intra=0.07109, region=0.05283, type=0.05222, op=0.05625, proto=0.00000, boundary_prior=0.00000, internal_template=0.00000, transition=0.00000, extrude=0.00000, extrude_cons=0.00000, revolve=0.00000, revolve_cons=0.00000, chamfer=0.00000, chamfer_cons=0.00000, fillet=0.00000, fillet_cons=0.00000, singular=0.00000, anchor=0.00000, boundary_align=0.00000

Weights: [7000.0, 600.0, 10.0, 50.0, 30.0, 0.06397900000000023, 8000.0], lr=5.000e-05
Epoch: 0 [1980/5000 (40%)] Loss: 2410.19507 = L_Mnfld: 8.85743 + L_NonMnfld: 0.02095 + L_Eknl: 4.61395 + L_Morse: 0.02380 + L_thetaHessian: 1.77842 + L_thetaNeighbor: 5.03249 + L_Guidance: 2389.86802
Epoch: 0 [1980/5000 (40%)] Unweighted L_s : L_Mnfld: 0.00127 + L_NonMnfld: 0.00003 + L_Eknl: 0.09228 + L_Morse: 0.37198 + L_thetaHessian: 0.17784 + L_thetaNeighbor: 0.16775 + L_Guidance: 0.29873
Instruction guidance terms: boundary=0.06681, intra=0.07101, region=0.05269, type=0.05210, op=0.05613, proto=0.00000, boundary_prior=0.00000, internal_template=0.00000, transition=0.00000, extrude=0.00000, extrude_cons=0.00000, revolve=0.00000, revolve_cons=0.00000, chamfer=0.00000, chamfer_cons=0.00000, fillet=0.00000, fillet_cons=0.00000, singular=0.00000, anchor=0.00000, boundary_align=0.00000

Weights: [7000.0, 600.0, 10.0, 50.0, 30.0, 0.03398900000000049, 8000.0], lr=5.000e-05
Epoch: 0 [1990/5000 (40%)] Loss: 2405.49292 = L_Mnfld: 7.49706 + L_NonMnfld: 0.00811 + L_Eknl: 4.34940 + L_Morse: 0.01252 + L_thetaHessian: 1.50487 + L_thetaNeighbor: 5.02717 + L_Guidance: 2387.09378
Epoch: 0 [1990/5000 (40%)] Unweighted L_s : L_Mnfld: 0.00107 + L_NonMnfld: 0.00001 + L_Eknl: 0.08699 + L_Morse: 0.36834 + L_thetaHessian: 0.15049 + L_thetaNeighbor: 0.16757 + L_Guidance: 0.29839
Instruction guidance terms: boundary=0.06670, intra=0.07107, region=0.05259, type=0.05200, op=0.05602, proto=0.00000, boundary_prior=0.00000, internal_template=0.00000, transition=0.00000, extrude=0.00000, extrude_cons=0.00000, revolve=0.00000, revolve_cons=0.00000, chamfer=0.00000, chamfer_cons=0.00000, fillet=0.00000, fillet_cons=0.00000, singular=0.00000, anchor=0.00000, boundary_align=0.00000

Weights: [7000.0, 600.0, 10.0, 50.0, 30.0, 0.003999000000000308, 8000.0], lr=5.000e-05
Epoch: 0 [2000/5000 (40%)] Loss: 2406.28101 = L_Mnfld: 7.30277 + L_NonMnfld: 0.01697 + L_Eknl: 4.35990 + L_Morse: 0.00138 + L_thetaHessian: 1.26288 + L_thetaNeighbor: 5.02806 + L_Guidance: 2388.30900
Epoch: 0 [2000/5000 (40%)] Unweighted L_s : L_Mnfld: 0.00104 + L_NonMnfld: 0.00003 + L_Eknl: 0.08720 + L_Morse: 0.34444 + L_thetaHessian: 0.12629 + L_thetaNeighbor: 0.16760 + L_Guidance: 0.29854
Instruction guidance terms: boundary=0.06675, intra=0.07101, region=0.05265, type=0.05205, op=0.05607, proto=0.00000, boundary_prior=0.00000, internal_template=0.00000, transition=0.00000, extrude=0.00000, extrude_cons=0.00000, revolve=0.00000, revolve_cons=0.00000, chamfer=0.00000, chamfer_cons=0.00000, fillet=0.00000, fillet_cons=0.00000, singular=0.00000, anchor=0.00000, boundary_align=0.00000

Weights: [7000.0, 600.0, 10.0, 50.0, 30.0, 0.000997, 8000.0], lr=5.000e-05
Epoch: 0 [2010/5000 (40%)] Loss: 2402.69727 = L_Mnfld: 7.03317 + L_NonMnfld: 0.02514 + L_Eknl: 4.37864 + L_Morse: 0.00035 + L_thetaHessian: 1.16282 + L_thetaNeighbor: 5.02336 + L_Guidance: 2385.07366
Epoch: 0 [2010/5000 (40%)] Unweighted L_s : L_Mnfld: 0.00100 + L_NonMnfld: 0.00004 + L_Eknl: 0.08757 + L_Morse: 0.35468 + L_thetaHessian: 0.11628 + L_thetaNeighbor: 0.16745 + L_Guidance: 0.29813
Instruction guidance terms: boundary=0.06664, intra=0.07102, region=0.05255, type=0.05195, op=0.05597, proto=0.00000, boundary_prior=0.00000, internal_template=0.00000, transition=0.00000, extrude=0.00000, extrude_cons=0.00000, revolve=0.00000, revolve_cons=0.00000, chamfer=0.00000, chamfer_cons=0.00000, fillet=0.00000, fillet_cons=0.00000, singular=0.00000, anchor=0.00000, boundary_align=0.00000

Weights: [7000.0, 600.0, 10.0, 50.0, 30.0, 0.0009936666666666668, 8000.0], lr=5.000e-05
Epoch: 0 [2020/5000 (40%)] Loss: 2400.49731 = L_Mnfld: 6.59930 + L_NonMnfld: 0.01892 + L_Eknl: 4.42430 + L_Morse: 0.00036 + L_thetaHessian: 1.03913 + L_thetaNeighbor: 5.02179 + L_Guidance: 2383.39353
Epoch: 0 [2020/5000 (40%)] Unweighted L_s : L_Mnfld: 0.00094 + L_NonMnfld: 0.00003 + L_Eknl: 0.08849 + L_Morse: 0.35834 + L_thetaHessian: 0.10391 + L_thetaNeighbor: 0.16739 + L_Guidance: 0.29792
Instruction guidance terms: boundary=0.06659, intra=0.07100, region=0.05250, type=0.05191, op=0.05592, proto=0.00000, boundary_prior=0.00000, internal_template=0.00000, transition=0.00000, extrude=0.00000, extrude_cons=0.00000, revolve=0.00000, revolve_cons=0.00000, chamfer=0.00000, chamfer_cons=0.00000, fillet=0.00000, fillet_cons=0.00000, singular=0.00000, anchor=0.00000, boundary_align=0.00000

Weights: [7000.0, 600.0, 10.0, 50.0, 30.0, 0.0009903333333333333, 8000.0], lr=5.000e-05
Epoch: 0 [2030/5000 (41%)] Loss: 2401.26978 = L_Mnfld: 6.18358 + L_NonMnfld: 0.00738 + L_Eknl: 4.30600 + L_Morse: 0.00037 + L_thetaHessian: 0.96294 + L_thetaNeighbor: 5.02202 + L_Guidance: 2384.78756
Epoch: 0 [2030/5000 (41%)] Unweighted L_s : L_Mnfld: 0.00088 + L_NonMnfld: 0.00001 + L_Eknl: 0.08612 + L_Morse: 0.37744 + L_thetaHessian: 0.09629 + L_thetaNeighbor: 0.16740 + L_Guidance: 0.29810
Instruction guidance terms: boundary=0.06663, intra=0.07100, region=0.05255, type=0.05195, op=0.05596, proto=0.00000, boundary_prior=0.00000, internal_template=0.00000, transition=0.00000, extrude=0.00000, extrude_cons=0.00000, revolve=0.00000, revolve_cons=0.00000, chamfer=0.00000, chamfer_cons=0.00000, fillet=0.00000, fillet_cons=0.00000, singular=0.00000, anchor=0.00000, boundary_align=0.00000

Weights: [7000.0, 600.0, 10.0, 50.0, 30.0, 0.000987, 8000.0], lr=5.000e-05
Epoch: 0 [2040/5000 (41%)] Loss: 2399.36938 = L_Mnfld: 5.58325 + L_NonMnfld: 0.01920 + L_Eknl: 4.57798 + L_Morse: 0.00038 + L_thetaHessian: 0.84781 + L_thetaNeighbor: 5.02038 + L_Guidance: 2383.32033
Epoch: 0 [2040/5000 (41%)] Unweighted L_s : L_Mnfld: 0.00080 + L_NonMnfld: 0.00003 + L_Eknl: 0.09156 + L_Morse: 0.37996 + L_thetaHessian: 0.08478 + L_thetaNeighbor: 0.16735 + L_Guidance: 0.29792
Instruction guidance terms: boundary=0.06658, intra=0.07102, region=0.05250, type=0.05190, op=0.05591, proto=0.00000, boundary_prior=0.00000, internal_template=0.00000, transition=0.00000, extrude=0.00000, extrude_cons=0.00000, revolve=0.00000, revolve_cons=0.00000, chamfer=0.00000, chamfer_cons=0.00000, fillet=0.00000, fillet_cons=0.00000, singular=0.00000, anchor=0.00000, boundary_align=0.00000

Weights: [7000.0, 600.0, 10.0, 50.0, 30.0, 0.0009836666666666668, 8000.0], lr=5.000e-05
Epoch: 0 [2050/5000 (41%)] Loss: 2405.42871 = L_Mnfld: 6.20506 + L_NonMnfld: 0.02483 + L_Eknl: 4.10725 + L_Morse: 0.00038 + L_thetaHessian: 0.90408 + L_thetaNeighbor: 5.02470 + L_Guidance: 2389.16230
Epoch: 0 [2050/5000 (41%)] Unweighted L_s : L_Mnfld: 0.00089 + L_NonMnfld: 0.00004 + L_Eknl: 0.08215 + L_Morse: 0.38755 + L_thetaHessian: 0.09041 + L_thetaNeighbor: 0.16749 + L_Guidance: 0.29865
Instruction guidance terms: boundary=0.06677, intra=0.07093, region=0.05273, type=0.05211, op=0.05611, proto=0.00000, boundary_prior=0.00000, internal_template=0.00000, transition=0.00000, extrude=0.00000, extrude_cons=0.00000, revolve=0.00000, revolve_cons=0.00000, chamfer=0.00000, chamfer_cons=0.00000, fillet=0.00000, fillet_cons=0.00000, singular=0.00000, anchor=0.00000, boundary_align=0.00000

Weights: [7000.0, 600.0, 10.0, 50.0, 30.0, 0.0009803333333333335, 8000.0], lr=5.000e-05
Epoch: 0 [2060/5000 (41%)] Loss: 2399.35815 = L_Mnfld: 6.73031 + L_NonMnfld: 0.01787 + L_Eknl: 4.07709 + L_Morse: 0.00038 + L_thetaHessian: 0.89671 + L_thetaNeighbor: 5.01682 + L_Guidance: 2382.61890
Epoch: 0 [2060/5000 (41%)] Unweighted L_s : L_Mnfld: 0.00096 + L_NonMnfld: 0.00003 + L_Eknl: 0.08154 + L_Morse: 0.39205 + L_thetaHessian: 0.08967 + L_thetaNeighbor: 0.16723 + L_Guidance: 0.29783
Instruction guidance terms: boundary=0.06655, intra=0.07097, region=0.05251, type=0.05190, op=0.05590, proto=0.00000, boundary_prior=0.00000, internal_template=0.00000, transition=0.00000, extrude=0.00000, extrude_cons=0.00000, revolve=0.00000, revolve_cons=0.00000, chamfer=0.00000, chamfer_cons=0.00000, fillet=0.00000, fillet_cons=0.00000, singular=0.00000, anchor=0.00000, boundary_align=0.00000

Weights: [7000.0, 600.0, 10.0, 50.0, 30.0, 0.000977, 8000.0], lr=5.000e-05
Epoch: 0 [2070/5000 (41%)] Loss: 2396.80322 = L_Mnfld: 5.87430 + L_NonMnfld: 0.01378 + L_Eknl: 4.37151 + L_Morse: 0.00038 + L_thetaHessian: 0.86934 + L_thetaNeighbor: 5.01100 + L_Guidance: 2380.66292
Epoch: 0 [2070/5000 (41%)] Unweighted L_s : L_Mnfld: 0.00084 + L_NonMnfld: 0.00002 + L_Eknl: 0.08743 + L_Morse: 0.39294 + L_thetaHessian: 0.08693 + L_thetaNeighbor: 0.16703 + L_Guidance: 0.29758
Instruction guidance terms: boundary=0.06648, intra=0.07097, region=0.05245, type=0.05185, op=0.05584, proto=0.00000, boundary_prior=0.00000, internal_template=0.00000, transition=0.00000, extrude=0.00000, extrude_cons=0.00000, revolve=0.00000, revolve_cons=0.00000, chamfer=0.00000, chamfer_cons=0.00000, fillet=0.00000, fillet_cons=0.00000, singular=0.00000, anchor=0.00000, boundary_align=0.00000

Weights: [7000.0, 600.0, 10.0, 50.0, 30.0, 0.0009736666666666667, 8000.0], lr=5.000e-05
Epoch: 0 [2080/5000 (42%)] Loss: 2398.49146 = L_Mnfld: 5.57940 + L_NonMnfld: 0.02050 + L_Eknl: 4.51968 + L_Morse: 0.00040 + L_thetaHessian: 0.83815 + L_thetaNeighbor: 5.00913 + L_Guidance: 2382.52425
Epoch: 0 [2080/5000 (42%)] Unweighted L_s : L_Mnfld: 0.00080 + L_NonMnfld: 0.00003 + L_Eknl: 0.09039 + L_Morse: 0.41145 + L_thetaHessian: 0.08382 + L_thetaNeighbor: 0.16697 + L_Guidance: 0.29782
Instruction guidance terms: boundary=0.06652, intra=0.07093, region=0.05255, type=0.05192, op=0.05590, proto=0.00000, boundary_prior=0.00000, internal_template=0.00000, transition=0.00000, extrude=0.00000, extrude_cons=0.00000, revolve=0.00000, revolve_cons=0.00000, chamfer=0.00000, chamfer_cons=0.00000, fillet=0.00000, fillet_cons=0.00000, singular=0.00000, anchor=0.00000, boundary_align=0.00000

Weights: [7000.0, 600.0, 10.0, 50.0, 30.0, 0.0009703333333333334, 8000.0], lr=5.000e-05
Epoch: 0 [2090/5000 (42%)] Loss: 2395.43481 = L_Mnfld: 5.45095 + L_NonMnfld: 0.00875 + L_Eknl: 4.19116 + L_Morse: 0.00042 + L_thetaHessian: 0.86042 + L_thetaNeighbor: 5.00633 + L_Guidance: 2379.91667
Epoch: 0 [2090/5000 (42%)] Unweighted L_s : L_Mnfld: 0.00078 + L_NonMnfld: 0.00001 + L_Eknl: 0.08382 + L_Morse: 0.42824 + L_thetaHessian: 0.08604 + L_thetaNeighbor: 0.16688 + L_Guidance: 0.29749
Instruction guidance terms: boundary=0.06644, intra=0.07095, region=0.05245, type=0.05183, op=0.05582, proto=0.00000, boundary_prior=0.00000, internal_template=0.00000, transition=0.00000, extrude=0.00000, extrude_cons=0.00000, revolve=0.00000, revolve_cons=0.00000, chamfer=0.00000, chamfer_cons=0.00000, fillet=0.00000, fillet_cons=0.00000, singular=0.00000, anchor=0.00000, boundary_align=0.00000

Weights: [7000.0, 600.0, 10.0, 50.0, 30.0, 0.0009670000000000001, 8000.0], lr=5.000e-05
Epoch: 0 [2100/5000 (42%)] Loss: 2397.79346 = L_Mnfld: 6.47423 + L_NonMnfld: 0.01850 + L_Eknl: 3.99839 + L_Morse: 0.00041 + L_thetaHessian: 0.82537 + L_thetaNeighbor: 5.00649 + L_Guidance: 2381.46996
Epoch: 0 [2100/5000 (42%)] Unweighted L_s : L_Mnfld: 0.00092 + L_NonMnfld: 0.00003 + L_Eknl: 0.07997 + L_Morse: 0.42664 + L_thetaHessian: 0.08254 + L_thetaNeighbor: 0.16688 + L_Guidance: 0.29768
Instruction guidance terms: boundary=0.06648, intra=0.07095, region=0.05250, type=0.05188, op=0.05587, proto=0.00000, boundary_prior=0.00000, internal_template=0.00000, transition=0.00000, extrude=0.00000, extrude_cons=0.00000, revolve=0.00000, revolve_cons=0.00000, chamfer=0.00000, chamfer_cons=0.00000, fillet=0.00000, fillet_cons=0.00000, singular=0.00000, anchor=0.00000, boundary_align=0.00000

Weights: [7000.0, 600.0, 10.0, 50.0, 30.0, 0.0009636666666666667, 8000.0], lr=5.000e-05
Epoch: 0 [2110/5000 (42%)] Loss: 2400.10840 = L_Mnfld: 5.34081 + L_NonMnfld: 0.01270 + L_Eknl: 4.26978 + L_Morse: 0.00040 + L_thetaHessian: 0.81417 + L_thetaNeighbor: 5.01187 + L_Guidance: 2384.65881
Epoch: 0 [2110/5000 (42%)] Unweighted L_s : L_Mnfld: 0.00076 + L_NonMnfld: 0.00002 + L_Eknl: 0.08540 + L_Morse: 0.41810 + L_thetaHessian: 0.08142 + L_thetaNeighbor: 0.16706 + L_Guidance: 0.29808
Instruction guidance terms: boundary=0.06661, intra=0.07083, region=0.05264, type=0.05200, op=0.05599, proto=0.00000, boundary_prior=0.00000, internal_template=0.00000, transition=0.00000, extrude=0.00000, extrude_cons=0.00000, revolve=0.00000, revolve_cons=0.00000, chamfer=0.00000, chamfer_cons=0.00000, fillet=0.00000, fillet_cons=0.00000, singular=0.00000, anchor=0.00000, boundary_align=0.00000

Weights: [7000.0, 600.0, 10.0, 50.0, 30.0, 0.0009603333333333333, 8000.0], lr=5.000e-05
Epoch: 0 [2120/5000 (42%)] Loss: 2394.36646 = L_Mnfld: 5.77093 + L_NonMnfld: 0.01123 + L_Eknl: 4.21165 + L_Morse: 0.00041 + L_thetaHessian: 0.80223 + L_thetaNeighbor: 5.00044 + L_Guidance: 2378.56960
Epoch: 0 [2120/5000 (42%)] Unweighted L_s : L_Mnfld: 0.00082 + L_NonMnfld: 0.00002 + L_Eknl: 0.08423 + L_Morse: 0.42776 + L_thetaHessian: 0.08022 + L_thetaNeighbor: 0.16668 + L_Guidance: 0.29732
Instruction guidance terms: boundary=0.06640, intra=0.07084, region=0.05246, type=0.05183, op=0.05580, proto=0.00000, boundary_prior=0.00000, internal_template=0.00000, transition=0.00000, extrude=0.00000, extrude_cons=0.00000, revolve=0.00000, revolve_cons=0.00000, chamfer=0.00000, chamfer_cons=0.00000, fillet=0.00000, fillet_cons=0.00000, singular=0.00000, anchor=0.00000, boundary_align=0.00000

Weights: [7000.0, 600.0, 10.0, 50.0, 30.0, 0.0009570000000000001, 8000.0], lr=5.000e-05
Epoch: 0 [2130/5000 (43%)] Loss: 2399.88159 = L_Mnfld: 6.51494 + L_NonMnfld: 0.01453 + L_Eknl: 4.16107 + L_Morse: 0.00042 + L_thetaHessian: 0.79108 + L_thetaNeighbor: 5.00722 + L_Guidance: 2383.39233
Epoch: 0 [2130/5000 (43%)] Unweighted L_s : L_Mnfld: 0.00093 + L_NonMnfld: 0.00002 + L_Eknl: 0.08322 + L_Morse: 0.43735 + L_thetaHessian: 0.07911 + L_thetaNeighbor: 0.16691 + L_Guidance: 0.29792
Instruction guidance terms: boundary=0.06656, intra=0.07083, region=0.05261, type=0.05197, op=0.05595, proto=0.00000, boundary_prior=0.00000, internal_template=0.00000, transition=0.00000, extrude=0.00000, extrude_cons=0.00000, revolve=0.00000, revolve_cons=0.00000, chamfer=0.00000, chamfer_cons=0.00000, fillet=0.00000, fillet_cons=0.00000, singular=0.00000, anchor=0.00000, boundary_align=0.00000

Weights: [7000.0, 600.0, 10.0, 50.0, 30.0, 0.0009536666666666667, 8000.0], lr=5.000e-05
Epoch: 0 [2140/5000 (43%)] Loss: 2393.90991 = L_Mnfld: 5.44316 + L_NonMnfld: 0.00871 + L_Eknl: 4.19181 + L_Morse: 0.00042 + L_thetaHessian: 0.79856 + L_thetaNeighbor: 4.99387 + L_Guidance: 2378.47328
Epoch: 0 [2140/5000 (43%)] Unweighted L_s : L_Mnfld: 0.00078 + L_NonMnfld: 0.00001 + L_Eknl: 0.08384 + L_Morse: 0.44561 + L_thetaHessian: 0.07986 + L_thetaNeighbor: 0.16646 + L_Guidance: 0.29731
Instruction guidance terms: boundary=0.06636, intra=0.07086, region=0.05247, type=0.05183, op=0.05579, proto=0.00000, boundary_prior=0.00000, internal_template=0.00000, transition=0.00000, extrude=0.00000, extrude_cons=0.00000, revolve=0.00000, revolve_cons=0.00000, chamfer=0.00000, chamfer_cons=0.00000, fillet=0.00000, fillet_cons=0.00000, singular=0.00000, anchor=0.00000, boundary_align=0.00000

Weights: [7000.0, 600.0, 10.0, 50.0, 30.0, 0.0009503333333333334, 8000.0], lr=5.000e-05
Epoch: 0 [2150/5000 (43%)] Loss: 2401.78906 = L_Mnfld: 5.45591 + L_NonMnfld: 0.00585 + L_Eknl: 4.11604 + L_Morse: 0.00042 + L_thetaHessian: 0.90074 + L_thetaNeighbor: 5.00689 + L_Guidance: 2386.30319
Epoch: 0 [2150/5000 (43%)] Unweighted L_s : L_Mnfld: 0.00078 + L_NonMnfld: 0.00001 + L_Eknl: 0.08232 + L_Morse: 0.44189 + L_thetaHessian: 0.09007 + L_thetaNeighbor: 0.16690 + L_Guidance: 0.29829
Instruction guidance terms: boundary=0.06665, intra=0.07075, region=0.05274, type=0.05208, op=0.05606, proto=0.00000, boundary_prior=0.00000, internal_template=0.00000, transition=0.00000, extrude=0.00000, extrude_cons=0.00000, revolve=0.00000, revolve_cons=0.00000, chamfer=0.00000, chamfer_cons=0.00000, fillet=0.00000, fillet_cons=0.00000, singular=0.00000, anchor=0.00000, boundary_align=0.00000

Weights: [7000.0, 600.0, 10.0, 50.0, 30.0, 0.000947, 8000.0], lr=5.000e-05
Epoch: 0 [2160/5000 (43%)] Loss: 2396.29224 = L_Mnfld: 6.71846 + L_NonMnfld: 0.01497 + L_Eknl: 4.42563 + L_Morse: 0.00043 + L_thetaHessian: 0.93896 + L_thetaNeighbor: 4.99142 + L_Guidance: 2379.20237
Epoch: 0 [2160/5000 (43%)] Unweighted L_s : L_Mnfld: 0.00096 + L_NonMnfld: 0.00002 + L_Eknl: 0.08851 + L_Morse: 0.45543 + L_thetaHessian: 0.09390 + L_thetaNeighbor: 0.16638 + L_Guidance: 0.29740
Instruction guidance terms: boundary=0.06638, intra=0.07078, region=0.05254, type=0.05187, op=0.05582, proto=0.00000, boundary_prior=0.00000, internal_template=0.00000, transition=0.00000, extrude=0.00000, extrude_cons=0.00000, revolve=0.00000, revolve_cons=0.00000, chamfer=0.00000, chamfer_cons=0.00000, fillet=0.00000, fillet_cons=0.00000, singular=0.00000, anchor=0.00000, boundary_align=0.00000

Weights: [7000.0, 600.0, 10.0, 50.0, 30.0, 0.0009436666666666667, 8000.0], lr=5.000e-05
Epoch: 0 [2170/5000 (43%)] Loss: 2389.21777 = L_Mnfld: 5.77158 + L_NonMnfld: 0.00971 + L_Eknl: 4.26459 + L_Morse: 0.00044 + L_thetaHessian: 0.88792 + L_thetaNeighbor: 4.98495 + L_Guidance: 2373.29865
Epoch: 0 [2170/5000 (43%)] Unweighted L_s : L_Mnfld: 0.00082 + L_NonMnfld: 0.00002 + L_Eknl: 0.08529 + L_Morse: 0.46105 + L_thetaHessian: 0.08879 + L_thetaNeighbor: 0.16617 + L_Guidance: 0.29666
Instruction guidance terms: boundary=0.06621, intra=0.07075, region=0.05235, type=0.05171, op=0.05565, proto=0.00000, boundary_prior=0.00000, internal_template=0.00000, transition=0.00000, extrude=0.00000, extrude_cons=0.00000, revolve=0.00000, revolve_cons=0.00000, chamfer=0.00000, chamfer_cons=0.00000, fillet=0.00000, fillet_cons=0.00000, singular=0.00000, anchor=0.00000, boundary_align=0.00000

Weights: [7000.0, 600.0, 10.0, 50.0, 30.0, 0.0009403333333333334, 8000.0], lr=5.000e-05
Epoch: 0 [2180/5000 (44%)] Loss: 2395.76147 = L_Mnfld: 5.48592 + L_NonMnfld: 0.01641 + L_Eknl: 4.31614 + L_Morse: 0.00044 + L_thetaHessian: 0.81954 + L_thetaNeighbor: 4.99360 + L_Guidance: 2380.12934
Epoch: 0 [2180/5000 (44%)] Unweighted L_s : L_Mnfld: 0.00078 + L_NonMnfld: 0.00003 + L_Eknl: 0.08632 + L_Morse: 0.46311 + L_thetaHessian: 0.08195 + L_thetaNeighbor: 0.16645 + L_Guidance: 0.29752
Instruction guidance terms: boundary=0.06643, intra=0.07072, region=0.05258, type=0.05192, op=0.05587, proto=0.00000, boundary_prior=0.00000, internal_template=0.00000, transition=0.00000, extrude=0.00000, extrude_cons=0.00000, revolve=0.00000, revolve_cons=0.00000, chamfer=0.00000, chamfer_cons=0.00000, fillet=0.00000, fillet_cons=0.00000, singular=0.00000, anchor=0.00000, boundary_align=0.00000

Weights: [7000.0, 600.0, 10.0, 50.0, 30.0, 0.000937, 8000.0], lr=5.000e-05
Epoch: 0 [2190/5000 (44%)] Loss: 2386.43091 = L_Mnfld: 5.29726 + L_NonMnfld: 0.01049 + L_Eknl: 3.96676 + L_Morse: 0.00043 + L_thetaHessian: 0.84300 + L_thetaNeighbor: 4.97612 + L_Guidance: 2371.33694
Epoch: 0 [2190/5000 (44%)] Unweighted L_s : L_Mnfld: 0.00076 + L_NonMnfld: 0.00002 + L_Eknl: 0.07934 + L_Morse: 0.45696 + L_thetaHessian: 0.08430 + L_thetaNeighbor: 0.16587 + L_Guidance: 0.29642
Instruction guidance terms: boundary=0.06611, intra=0.07080, region=0.05230, type=0.05164, op=0.05557, proto=0.00000, boundary_prior=0.00000, internal_template=0.00000, transition=0.00000, extrude=0.00000, extrude_cons=0.00000, revolve=0.00000, revolve_cons=0.00000, chamfer=0.00000, chamfer_cons=0.00000, fillet=0.00000, fillet_cons=0.00000, singular=0.00000, anchor=0.00000, boundary_align=0.00000

Weights: [7000.0, 600.0, 10.0, 50.0, 30.0, 0.0009336666666666666, 8000.0], lr=5.000e-05
Epoch: 0 [2200/5000 (44%)] Loss: 2392.97925 = L_Mnfld: 6.79462 + L_NonMnfld: 0.01257 + L_Eknl: 4.23361 + L_Morse: 0.00045 + L_thetaHessian: 0.87775 + L_thetaNeighbor: 4.98114 + L_Guidance: 2376.07908
Epoch: 0 [2200/5000 (44%)] Unweighted L_s : L_Mnfld: 0.00097 + L_NonMnfld: 0.00002 + L_Eknl: 0.08467 + L_Morse: 0.47862 + L_thetaHessian: 0.08777 + L_thetaNeighbor: 0.16604 + L_Guidance: 0.29701
Instruction guidance terms: boundary=0.06627, intra=0.07069, region=0.05249, type=0.05181, op=0.05575, proto=0.00000, boundary_prior=0.00000, internal_template=0.00000, transition=0.00000, extrude=0.00000, extrude_cons=0.00000, revolve=0.00000, revolve_cons=0.00000, chamfer=0.00000, chamfer_cons=0.00000, fillet=0.00000, fillet_cons=0.00000, singular=0.00000, anchor=0.00000, boundary_align=0.00000

Weights: [7000.0, 600.0, 10.0, 50.0, 30.0, 0.0009303333333333334, 8000.0], lr=5.000e-05
Epoch: 0 [2210/5000 (44%)] Loss: 2384.76196 = L_Mnfld: 5.69238 + L_NonMnfld: 0.00884 + L_Eknl: 4.04209 + L_Morse: 0.00045 + L_thetaHessian: 0.84979 + L_thetaNeighbor: 4.96648 + L_Guidance: 2369.20190
Epoch: 0 [2210/5000 (44%)] Unweighted L_s : L_Mnfld: 0.00081 + L_NonMnfld: 0.00001 + L_Eknl: 0.08084 + L_Morse: 0.48170 + L_thetaHessian: 0.08498 + L_thetaNeighbor: 0.16555 + L_Guidance: 0.29615
Instruction guidance terms: boundary=0.06603, intra=0.07069, region=0.05229, type=0.05161, op=0.05553, proto=0.00000, boundary_prior=0.00000, internal_template=0.00000, transition=0.00000, extrude=0.00000, extrude_cons=0.00000, revolve=0.00000, revolve_cons=0.00000, chamfer=0.00000, chamfer_cons=0.00000, fillet=0.00000, fillet_cons=0.00000, singular=0.00000, anchor=0.00000, boundary_align=0.00000

Weights: [7000.0, 600.0, 10.0, 50.0, 30.0, 0.0009270000000000001, 8000.0], lr=5.000e-05
Epoch: 0 [2220/5000 (44%)] Loss: 2380.59180 = L_Mnfld: 6.48297 + L_NonMnfld: 0.01325 + L_Eknl: 3.89357 + L_Morse: 0.00044 + L_thetaHessian: 0.89250 + L_thetaNeighbor: 4.96015 + L_Guidance: 2364.34889
Epoch: 0 [2220/5000 (44%)] Unweighted L_s : L_Mnfld: 0.00093 + L_NonMnfld: 0.00002 + L_Eknl: 0.07787 + L_Morse: 0.47697 + L_thetaHessian: 0.08925 + L_thetaNeighbor: 0.16534 + L_Guidance: 0.29554
Instruction guidance terms: boundary=0.06587, intra=0.07071, region=0.05212, type=0.05147, op=0.05537, proto=0.00000, boundary_prior=0.00000, internal_template=0.00000, transition=0.00000, extrude=0.00000, extrude_cons=0.00000, revolve=0.00000, revolve_cons=0.00000, chamfer=0.00000, chamfer_cons=0.00000, fillet=0.00000, fillet_cons=0.00000, singular=0.00000, anchor=0.00000, boundary_align=0.00000

Weights: [7000.0, 600.0, 10.0, 50.0, 30.0, 0.0009236666666666668, 8000.0], lr=5.000e-05
Epoch: 0 [2230/5000 (45%)] Loss: 2381.95044 = L_Mnfld: 5.76702 + L_NonMnfld: 0.02386 + L_Eknl: 4.30689 + L_Morse: 0.00044 + L_thetaHessian: 0.82688 + L_thetaNeighbor: 4.95920 + L_Guidance: 2366.06622
Epoch: 0 [2230/5000 (45%)] Unweighted L_s : L_Mnfld: 0.00082 + L_NonMnfld: 0.00004 + L_Eknl: 0.08614 + L_Morse: 0.47512 + L_thetaHessian: 0.08269 + L_thetaNeighbor: 0.16531 + L_Guidance: 0.29576
Instruction guidance terms: boundary=0.06590, intra=0.07075, region=0.05218, type=0.05151, op=0.05542, proto=0.00000, boundary_prior=0.00000, internal_template=0.00000, transition=0.00000, extrude=0.00000, extrude_cons=0.00000, revolve=0.00000, revolve_cons=0.00000, chamfer=0.00000, chamfer_cons=0.00000, fillet=0.00000, fillet_cons=0.00000, singular=0.00000, anchor=0.00000, boundary_align=0.00000

Weights: [7000.0, 600.0, 10.0, 50.0, 30.0, 0.0009203333333333334, 8000.0], lr=5.000e-05
Epoch: 0 [2240/5000 (45%)] Loss: 2379.04834 = L_Mnfld: 5.86083 + L_NonMnfld: 0.00639 + L_Eknl: 4.14198 + L_Morse: 0.00045 + L_thetaHessian: 0.84368 + L_thetaNeighbor: 4.95966 + L_Guidance: 2363.23524
Epoch: 0 [2240/5000 (45%)] Unweighted L_s : L_Mnfld: 0.00084 + L_NonMnfld: 0.00001 + L_Eknl: 0.08284 + L_Morse: 0.48669 + L_thetaHessian: 0.08437 + L_thetaNeighbor: 0.16532 + L_Guidance: 0.29540
Instruction guidance terms: boundary=0.06583, intra=0.07072, region=0.05208, type=0.05143, op=0.05534, proto=0.00000, boundary_prior=0.00000, internal_template=0.00000, transition=0.00000, extrude=0.00000, extrude_cons=0.00000, revolve=0.00000, revolve_cons=0.00000, chamfer=0.00000, chamfer_cons=0.00000, fillet=0.00000, fillet_cons=0.00000, singular=0.00000, anchor=0.00000, boundary_align=0.00000

Weights: [7000.0, 600.0, 10.0, 50.0, 30.0, 0.0009170000000000001, 8000.0], lr=5.000e-05
Epoch: 0 [2250/5000 (45%)] Loss: 2382.48511 = L_Mnfld: 4.96642 + L_NonMnfld: 0.00889 + L_Eknl: 3.93179 + L_Morse: 0.00044 + L_thetaHessian: 0.74411 + L_thetaNeighbor: 4.96232 + L_Guidance: 2367.87105
Epoch: 0 [2250/5000 (45%)] Unweighted L_s : L_Mnfld: 0.00071 + L_NonMnfld: 0.00001 + L_Eknl: 0.07864 + L_Morse: 0.47776 + L_thetaHessian: 0.07441 + L_thetaNeighbor: 0.16541 + L_Guidance: 0.29598
Instruction guidance terms: boundary=0.06597, intra=0.07072, region=0.05225, type=0.05157, op=0.05548, proto=0.00000, boundary_prior=0.00000, internal_template=0.00000, transition=0.00000, extrude=0.00000, extrude_cons=0.00000, revolve=0.00000, revolve_cons=0.00000, chamfer=0.00000, chamfer_cons=0.00000, fillet=0.00000, fillet_cons=0.00000, singular=0.00000, anchor=0.00000, boundary_align=0.00000

Weights: [7000.0, 600.0, 10.0, 50.0, 30.0, 0.0009136666666666668, 8000.0], lr=5.000e-05
Epoch: 0 [2260/5000 (45%)] Loss: 2378.96045 = L_Mnfld: 6.04249 + L_NonMnfld: 0.01526 + L_Eknl: 4.23774 + L_Morse: 0.00045 + L_thetaHessian: 0.82883 + L_thetaNeighbor: 4.95475 + L_Guidance: 2362.88095
Epoch: 0 [2260/5000 (45%)] Unweighted L_s : L_Mnfld: 0.00086 + L_NonMnfld: 0.00003 + L_Eknl: 0.08475 + L_Morse: 0.49709 + L_thetaHessian: 0.08288 + L_thetaNeighbor: 0.16516 + L_Guidance: 0.29536
Instruction guidance terms: boundary=0.06581, intra=0.07069, region=0.05210, type=0.05143, op=0.05533, proto=0.00000, boundary_prior=0.00000, internal_template=0.00000, transition=0.00000, extrude=0.00000, extrude_cons=0.00000, revolve=0.00000, revolve_cons=0.00000, chamfer=0.00000, chamfer_cons=0.00000, fillet=0.00000, fillet_cons=0.00000, singular=0.00000, anchor=0.00000, boundary_align=0.00000

Weights: [7000.0, 600.0, 10.0, 50.0, 30.0, 0.0009103333333333334, 8000.0], lr=5.000e-05
Epoch: 0 [2270/5000 (45%)] Loss: 2381.43237 = L_Mnfld: 6.18355 + L_NonMnfld: 0.01516 + L_Eknl: 4.07630 + L_Morse: 0.00044 + L_thetaHessian: 0.74671 + L_thetaNeighbor: 4.95464 + L_Guidance: 2365.45563
Epoch: 0 [2270/5000 (45%)] Unweighted L_s : L_Mnfld: 0.00088 + L_NonMnfld: 0.00003 + L_Eknl: 0.08153 + L_Morse: 0.48873 + L_thetaHessian: 0.07467 + L_thetaNeighbor: 0.16515 + L_Guidance: 0.29568
Instruction guidance terms: boundary=0.06587, intra=0.07070, region=0.05219, type=0.05151, op=0.05541, proto=0.00000, boundary_prior=0.00000, internal_template=0.00000, transition=0.00000, extrude=0.00000, extrude_cons=0.00000, revolve=0.00000, revolve_cons=0.00000, chamfer=0.00000, chamfer_cons=0.00000, fillet=0.00000, fillet_cons=0.00000, singular=0.00000, anchor=0.00000, boundary_align=0.00000

Weights: [7000.0, 600.0, 10.0, 50.0, 30.0, 0.000907, 8000.0], lr=5.000e-05
Epoch: 0 [2280/5000 (46%)] Loss: 2382.90723 = L_Mnfld: 6.07629 + L_NonMnfld: 0.01624 + L_Eknl: 4.10845 + L_Morse: 0.00045 + L_thetaHessian: 0.76117 + L_thetaNeighbor: 4.95400 + L_Guidance: 2366.99080
Epoch: 0 [2280/5000 (46%)] Unweighted L_s : L_Mnfld: 0.00087 + L_NonMnfld: 0.00003 + L_Eknl: 0.08217 + L_Morse: 0.50107 + L_thetaHessian: 0.07612 + L_thetaNeighbor: 0.16513 + L_Guidance: 0.29587
Instruction guidance terms: boundary=0.06592, intra=0.07062, region=0.05227, type=0.05158, op=0.05548, proto=0.00000, boundary_prior=0.00000, internal_template=0.00000, transition=0.00000, extrude=0.00000, extrude_cons=0.00000, revolve=0.00000, revolve_cons=0.00000, chamfer=0.00000, chamfer_cons=0.00000, fillet=0.00000, fillet_cons=0.00000, singular=0.00000, anchor=0.00000, boundary_align=0.00000

Weights: [7000.0, 600.0, 10.0, 50.0, 30.0, 0.0009036666666666668, 8000.0], lr=5.000e-05
Epoch: 0 [2290/5000 (46%)] Loss: 2380.47632 = L_Mnfld: 4.66700 + L_NonMnfld: 0.01384 + L_Eknl: 3.86899 + L_Morse: 0.00045 + L_thetaHessian: 0.74315 + L_thetaNeighbor: 4.95550 + L_Guidance: 2366.22739
Epoch: 0 [2290/5000 (46%)] Unweighted L_s : L_Mnfld: 0.00067 + L_NonMnfld: 0.00002 + L_Eknl: 0.07738 + L_Morse: 0.49575 + L_thetaHessian: 0.07431 + L_thetaNeighbor: 0.16518 + L_Guidance: 0.29578
Instruction guidance terms: boundary=0.06590, intra=0.07065, region=0.05223, type=0.05155, op=0.05545, proto=0.00000, boundary_prior=0.00000, internal_template=0.00000, transition=0.00000, extrude=0.00000, extrude_cons=0.00000, revolve=0.00000, revolve_cons=0.00000, chamfer=0.00000, chamfer_cons=0.00000, fillet=0.00000, fillet_cons=0.00000, singular=0.00000, anchor=0.00000, boundary_align=0.00000

Weights: [7000.0, 600.0, 10.0, 50.0, 30.0, 0.0009003333333333334, 8000.0], lr=5.000e-05
Epoch: 0 [2300/5000 (46%)] Loss: 2374.22070 = L_Mnfld: 5.51478 + L_NonMnfld: 0.01166 + L_Eknl: 3.69720 + L_Morse: 0.00045 + L_thetaHessian: 0.82373 + L_thetaNeighbor: 4.94382 + L_Guidance: 2359.22909
Epoch: 0 [2300/5000 (46%)] Unweighted L_s : L_Mnfld: 0.00079 + L_NonMnfld: 0.00002 + L_Eknl: 0.07394 + L_Morse: 0.50196 + L_thetaHessian: 0.08237 + L_thetaNeighbor: 0.16479 + L_Guidance: 0.29490
Instruction guidance terms: boundary=0.06569, intra=0.07057, region=0.05204, type=0.05136, op=0.05524, proto=0.00000, boundary_prior=0.00000, internal_template=0.00000, transition=0.00000, extrude=0.00000, extrude_cons=0.00000, revolve=0.00000, revolve_cons=0.00000, chamfer=0.00000, chamfer_cons=0.00000, fillet=0.00000, fillet_cons=0.00000, singular=0.00000, anchor=0.00000, boundary_align=0.00000

Weights: [7000.0, 600.0, 10.0, 50.0, 30.0, 0.000897, 8000.0], lr=5.000e-05
Epoch: 0 [2310/5000 (46%)] Loss: 2377.96021 = L_Mnfld: 5.77281 + L_NonMnfld: 0.00633 + L_Eknl: 4.12075 + L_Morse: 0.00045 + L_thetaHessian: 0.79755 + L_thetaNeighbor: 4.94529 + L_Guidance: 2362.31709
Epoch: 0 [2310/5000 (46%)] Unweighted L_s : L_Mnfld: 0.00082 + L_NonMnfld: 0.00001 + L_Eknl: 0.08241 + L_Morse: 0.50540 + L_thetaHessian: 0.07975 + L_thetaNeighbor: 0.16484 + L_Guidance: 0.29529
Instruction guidance terms: boundary=0.06576, intra=0.07064, region=0.05213, type=0.05144, op=0.05532, proto=0.00000, boundary_prior=0.00000, internal_template=0.00000, transition=0.00000, extrude=0.00000, extrude_cons=0.00000, revolve=0.00000, revolve_cons=0.00000, chamfer=0.00000, chamfer_cons=0.00000, fillet=0.00000, fillet_cons=0.00000, singular=0.00000, anchor=0.00000, boundary_align=0.00000

Weights: [7000.0, 600.0, 10.0, 50.0, 30.0, 0.0008936666666666667, 8000.0], lr=5.000e-05
Epoch: 0 [2320/5000 (46%)] Loss: 2375.87451 = L_Mnfld: 5.65155 + L_NonMnfld: 0.02328 + L_Eknl: 4.02495 + L_Morse: 0.00045 + L_thetaHessian: 0.79842 + L_thetaNeighbor: 4.93828 + L_Guidance: 2360.43739
Epoch: 0 [2320/5000 (46%)] Unweighted L_s : L_Mnfld: 0.00081 + L_NonMnfld: 0.00004 + L_Eknl: 0.08050 + L_Morse: 0.50367 + L_thetaHessian: 0.07984 + L_thetaNeighbor: 0.16461 + L_Guidance: 0.29505
Instruction guidance terms: boundary=0.06568, intra=0.07062, region=0.05209, type=0.05139, op=0.05526, proto=0.00000, boundary_prior=0.00000, internal_template=0.00000, transition=0.00000, extrude=0.00000, extrude_cons=0.00000, revolve=0.00000, revolve_cons=0.00000, chamfer=0.00000, chamfer_cons=0.00000, fillet=0.00000, fillet_cons=0.00000, singular=0.00000, anchor=0.00000, boundary_align=0.00000

Weights: [7000.0, 600.0, 10.0, 50.0, 30.0, 0.0008903333333333334, 8000.0], lr=5.000e-05
Epoch: 0 [2330/5000 (47%)] Loss: 2374.76538 = L_Mnfld: 5.74001 + L_NonMnfld: 0.01132 + L_Eknl: 4.05074 + L_Morse: 0.00045 + L_thetaHessian: 0.85670 + L_thetaNeighbor: 4.93780 + L_Guidance: 2359.16853
Epoch: 0 [2330/5000 (47%)] Unweighted L_s : L_Mnfld: 0.00082 + L_NonMnfld: 0.00002 + L_Eknl: 0.08101 + L_Morse: 0.50833 + L_thetaHessian: 0.08567 + L_thetaNeighbor: 0.16459 + L_Guidance: 0.29490
Instruction guidance terms: boundary=0.06564, intra=0.07065, region=0.05204, type=0.05135, op=0.05522, proto=0.00000, boundary_prior=0.00000, internal_template=0.00000, transition=0.00000, extrude=0.00000, extrude_cons=0.00000, revolve=0.00000, revolve_cons=0.00000, chamfer=0.00000, chamfer_cons=0.00000, fillet=0.00000, fillet_cons=0.00000, singular=0.00000, anchor=0.00000, boundary_align=0.00000

Weights: [7000.0, 600.0, 10.0, 50.0, 30.0, 0.0008870000000000001, 8000.0], lr=5.000e-05
Epoch: 0 [2340/5000 (47%)] Loss: 2374.01611 = L_Mnfld: 5.86743 + L_NonMnfld: 0.01081 + L_Eknl: 4.10471 + L_Morse: 0.00044 + L_thetaHessian: 0.89597 + L_thetaNeighbor: 4.93733 + L_Guidance: 2358.19936
Epoch: 0 [2340/5000 (47%)] Unweighted L_s : L_Mnfld: 0.00084 + L_NonMnfld: 0.00002 + L_Eknl: 0.08209 + L_Morse: 0.49686 + L_thetaHessian: 0.08960 + L_thetaNeighbor: 0.16458 + L_Guidance: 0.29477
Instruction guidance terms: boundary=0.06561, intra=0.07063, region=0.05201, type=0.05132, op=0.05519, proto=0.00000, boundary_prior=0.00000, internal_template=0.00000, transition=0.00000, extrude=0.00000, extrude_cons=0.00000, revolve=0.00000, revolve_cons=0.00000, chamfer=0.00000, chamfer_cons=0.00000, fillet=0.00000, fillet_cons=0.00000, singular=0.00000, anchor=0.00000, boundary_align=0.00000

Weights: [7000.0, 600.0, 10.0, 50.0, 30.0, 0.0008836666666666667, 8000.0], lr=5.000e-05
Epoch: 0 [2350/5000 (47%)] Loss: 2382.01489 = L_Mnfld: 6.29393 + L_NonMnfld: 0.01114 + L_Eknl: 4.03767 + L_Morse: 0.00045 + L_thetaHessian: 0.93204 + L_thetaNeighbor: 4.94574 + L_Guidance: 2365.79394
Epoch: 0 [2350/5000 (47%)] Unweighted L_s : L_Mnfld: 0.00090 + L_NonMnfld: 0.00002 + L_Eknl: 0.08075 + L_Morse: 0.51009 + L_thetaHessian: 0.09320 + L_thetaNeighbor: 0.16486 + L_Guidance: 0.29572
Instruction guidance terms: boundary=0.06585, intra=0.07060, region=0.05227, type=0.05156, op=0.05543, proto=0.00000, boundary_prior=0.00000, internal_template=0.00000, transition=0.00000, extrude=0.00000, extrude_cons=0.00000, revolve=0.00000, revolve_cons=0.00000, chamfer=0.00000, chamfer_cons=0.00000, fillet=0.00000, fillet_cons=0.00000, singular=0.00000, anchor=0.00000, boundary_align=0.00000

Weights: [7000.0, 600.0, 10.0, 50.0, 30.0, 0.0008803333333333334, 8000.0], lr=5.000e-05
Epoch: 0 [2360/5000 (47%)] Loss: 2377.34180 = L_Mnfld: 6.58645 + L_NonMnfld: 0.01686 + L_Eknl: 4.06156 + L_Morse: 0.00046 + L_thetaHessian: 0.88350 + L_thetaNeighbor: 4.93973 + L_Guidance: 2360.85320
Epoch: 0 [2360/5000 (47%)] Unweighted L_s : L_Mnfld: 0.00094 + L_NonMnfld: 0.00003 + L_Eknl: 0.08123 + L_Morse: 0.51772 + L_thetaHessian: 0.08835 + L_thetaNeighbor: 0.16466 + L_Guidance: 0.29511
Instruction guidance terms: boundary=0.06569, intra=0.07062, region=0.05212, type=0.05141, op=0.05527, proto=0.00000, boundary_prior=0.00000, internal_template=0.00000, transition=0.00000, extrude=0.00000, extrude_cons=0.00000, revolve=0.00000, revolve_cons=0.00000, chamfer=0.00000, chamfer_cons=0.00000, fillet=0.00000, fillet_cons=0.00000, singular=0.00000, anchor=0.00000, boundary_align=0.00000

Weights: [7000.0, 600.0, 10.0, 50.0, 30.0, 0.0008770000000000001, 8000.0], lr=5.000e-05
Epoch: 0 [2370/5000 (47%)] Loss: 2375.72534 = L_Mnfld: 5.86063 + L_NonMnfld: 0.01243 + L_Eknl: 3.90183 + L_Morse: 0.00045 + L_thetaHessian: 0.89485 + L_thetaNeighbor: 4.93142 + L_Guidance: 2360.12387
Epoch: 0 [2370/5000 (47%)] Unweighted L_s : L_Mnfld: 0.00084 + L_NonMnfld: 0.00002 + L_Eknl: 0.07804 + L_Morse: 0.51586 + L_thetaHessian: 0.08948 + L_thetaNeighbor: 0.16438 + L_Guidance: 0.29502
Instruction guidance terms: boundary=0.06563, intra=0.07067, region=0.05210, type=0.05138, op=0.05524, proto=0.00000, boundary_prior=0.00000, internal_template=0.00000, transition=0.00000, extrude=0.00000, extrude_cons=0.00000, revolve=0.00000, revolve_cons=0.00000, chamfer=0.00000, chamfer_cons=0.00000, fillet=0.00000, fillet_cons=0.00000, singular=0.00000, anchor=0.00000, boundary_align=0.00000

Weights: [7000.0, 600.0, 10.0, 50.0, 30.0, 0.0008736666666666667, 8000.0], lr=5.000e-05
Epoch: 0 [2380/5000 (48%)] Loss: 2383.48291 = L_Mnfld: 5.09131 + L_NonMnfld: 0.03891 + L_Eknl: 4.07678 + L_Morse: 0.00046 + L_thetaHessian: 0.80987 + L_thetaNeighbor: 4.95047 + L_Guidance: 2368.51525
Epoch: 0 [2380/5000 (48%)] Unweighted L_s : L_Mnfld: 0.00073 + L_NonMnfld: 0.00006 + L_Eknl: 0.08154 + L_Morse: 0.53031 + L_thetaHessian: 0.08099 + L_thetaNeighbor: 0.16502 + L_Guidance: 0.29606
Instruction guidance terms: boundary=0.06594, intra=0.07063, region=0.05235, type=0.05163, op=0.05551, proto=0.00000, boundary_prior=0.00000, internal_template=0.00000, transition=0.00000, extrude=0.00000, extrude_cons=0.00000, revolve=0.00000, revolve_cons=0.00000, chamfer=0.00000, chamfer_cons=0.00000, fillet=0.00000, fillet_cons=0.00000, singular=0.00000, anchor=0.00000, boundary_align=0.00000

Weights: [7000.0, 600.0, 10.0, 50.0, 30.0, 0.0008703333333333334, 8000.0], lr=5.000e-05
Epoch: 0 [2390/5000 (48%)] Loss: 2376.07544 = L_Mnfld: 6.16254 + L_NonMnfld: 0.00962 + L_Eknl: 4.19219 + L_Morse: 0.00046 + L_thetaHessian: 0.92663 + L_thetaNeighbor: 4.92976 + L_Guidance: 2359.85422
Epoch: 0 [2390/5000 (48%)] Unweighted L_s : L_Mnfld: 0.00088 + L_NonMnfld: 0.00002 + L_Eknl: 0.08384 + L_Morse: 0.53009 + L_thetaHessian: 0.09266 + L_thetaNeighbor: 0.16433 + L_Guidance: 0.29498
Instruction guidance terms: boundary=0.06561, intra=0.07070, region=0.05209, type=0.05137, op=0.05522, proto=0.00000, boundary_prior=0.00000, internal_template=0.00000, transition=0.00000, extrude=0.00000, extrude_cons=0.00000, revolve=0.00000, revolve_cons=0.00000, chamfer=0.00000, chamfer_cons=0.00000, fillet=0.00000, fillet_cons=0.00000, singular=0.00000, anchor=0.00000, boundary_align=0.00000

Weights: [7000.0, 600.0, 10.0, 50.0, 30.0, 0.000867, 8000.0], lr=5.000e-05
Epoch: 0 [2400/5000 (48%)] Loss: 2369.52051 = L_Mnfld: 6.43999 + L_NonMnfld: 0.01570 + L_Eknl: 3.92778 + L_Morse: 0.00046 + L_thetaHessian: 0.91076 + L_thetaNeighbor: 4.92095 + L_Guidance: 2353.30486
Epoch: 0 [2400/5000 (48%)] Unweighted L_s : L_Mnfld: 0.00092 + L_NonMnfld: 0.00003 + L_Eknl: 0.07856 + L_Morse: 0.53601 + L_thetaHessian: 0.09108 + L_thetaNeighbor: 0.16403 + L_Guidance: 0.29416
Instruction guidance terms: boundary=0.06537, intra=0.07083, region=0.05184, type=0.05114, op=0.05498, proto=0.00000, boundary_prior=0.00000, internal_template=0.00000, transition=0.00000, extrude=0.00000, extrude_cons=0.00000, revolve=0.00000, revolve_cons=0.00000, chamfer=0.00000, chamfer_cons=0.00000, fillet=0.00000, fillet_cons=0.00000, singular=0.00000, anchor=0.00000, boundary_align=0.00000

Weights: [7000.0, 600.0, 10.0, 50.0, 30.0, 0.0008636666666666667, 8000.0], lr=5.000e-05
Epoch: 0 [2410/5000 (48%)] Loss: 2365.72876 = L_Mnfld: 5.97972 + L_NonMnfld: 0.00888 + L_Eknl: 4.04341 + L_Morse: 0.00045 + L_thetaHessian: 0.93346 + L_thetaNeighbor: 4.91331 + L_Guidance: 2349.84970
Epoch: 0 [2410/5000 (48%)] Unweighted L_s : L_Mnfld: 0.00085 + L_NonMnfld: 0.00001 + L_Eknl: 0.08087 + L_Morse: 0.51981 + L_thetaHessian: 0.09335 + L_thetaNeighbor: 0.16378 + L_Guidance: 0.29373
Instruction guidance terms: boundary=0.06522, intra=0.07096, region=0.05169, type=0.05101, op=0.05484, proto=0.00000, boundary_prior=0.00000, internal_template=0.00000, transition=0.00000, extrude=0.00000, extrude_cons=0.00000, revolve=0.00000, revolve_cons=0.00000, chamfer=0.00000, chamfer_cons=0.00000, fillet=0.00000, fillet_cons=0.00000, singular=0.00000, anchor=0.00000, boundary_align=0.00000

Weights: [7000.0, 600.0, 10.0, 50.0, 30.0, 0.0008603333333333334, 8000.0], lr=5.000e-05
Epoch: 0 [2420/5000 (48%)] Loss: 2368.75366 = L_Mnfld: 6.20735 + L_NonMnfld: 0.01206 + L_Eknl: 4.00498 + L_Morse: 0.00046 + L_thetaHessian: 0.94095 + L_thetaNeighbor: 4.91453 + L_Guidance: 2352.67329
Epoch: 0 [2420/5000 (48%)] Unweighted L_s : L_Mnfld: 0.00089 + L_NonMnfld: 0.00002 + L_Eknl: 0.08010 + L_Morse: 0.53989 + L_thetaHessian: 0.09410 + L_thetaNeighbor: 0.16382 + L_Guidance: 0.29408
Instruction guidance terms: boundary=0.06528, intra=0.07106, region=0.05177, type=0.05107, op=0.05491, proto=0.00000, boundary_prior=0.00000, internal_template=0.00000, transition=0.00000, extrude=0.00000, extrude_cons=0.00000, revolve=0.00000, revolve_cons=0.00000, chamfer=0.00000, chamfer_cons=0.00000, fillet=0.00000, fillet_cons=0.00000, singular=0.00000, anchor=0.00000, boundary_align=0.00000

Weights: [7000.0, 600.0, 10.0, 50.0, 30.0, 0.000857, 8000.0], lr=5.000e-05
Epoch: 0 [2430/5000 (49%)] Loss: 2366.13135 = L_Mnfld: 6.05644 + L_NonMnfld: 0.01287 + L_Eknl: 4.12308 + L_Morse: 0.00044 + L_thetaHessian: 0.93557 + L_thetaNeighbor: 4.90565 + L_Guidance: 2350.09742
Epoch: 0 [2430/5000 (49%)] Unweighted L_s : L_Mnfld: 0.00087 + L_NonMnfld: 0.00002 + L_Eknl: 0.08246 + L_Morse: 0.51786 + L_thetaHessian: 0.09356 + L_thetaNeighbor: 0.16352 + L_Guidance: 0.29376
Instruction guidance terms: boundary=0.06513, intra=0.07129, region=0.05164, type=0.05095, op=0.05477, proto=0.00000, boundary_prior=0.00000, internal_template=0.00000, transition=0.00000, extrude=0.00000, extrude_cons=0.00000, revolve=0.00000, revolve_cons=0.00000, chamfer=0.00000, chamfer_cons=0.00000, fillet=0.00000, fillet_cons=0.00000, singular=0.00000, anchor=0.00000, boundary_align=0.00000

Weights: [7000.0, 600.0, 10.0, 50.0, 30.0, 0.0008536666666666666, 8000.0], lr=5.000e-05
Epoch: 0 [2440/5000 (49%)] Loss: 2381.51807 = L_Mnfld: 5.91162 + L_NonMnfld: 0.00732 + L_Eknl: 3.99061 + L_Morse: 0.00046 + L_thetaHessian: 0.86552 + L_thetaNeighbor: 4.93172 + L_Guidance: 2365.81087
Epoch: 0 [2440/5000 (49%)] Unweighted L_s : L_Mnfld: 0.00084 + L_NonMnfld: 0.00001 + L_Eknl: 0.07981 + L_Morse: 0.53727 + L_thetaHessian: 0.08655 + L_thetaNeighbor: 0.16439 + L_Guidance: 0.29573
Instruction guidance terms: boundary=0.06568, intra=0.07115, region=0.05216, type=0.05144, op=0.05530, proto=0.00000, boundary_prior=0.00000, internal_template=0.00000, transition=0.00000, extrude=0.00000, extrude_cons=0.00000, revolve=0.00000, revolve_cons=0.00000, chamfer=0.00000, chamfer_cons=0.00000, fillet=0.00000, fillet_cons=0.00000, singular=0.00000, anchor=0.00000, boundary_align=0.00000

Weights: [7000.0, 600.0, 10.0, 50.0, 30.0, 0.0008503333333333334, 8000.0], lr=5.000e-05
Epoch: 0 [2450/5000 (49%)] Loss: 2359.90576 = L_Mnfld: 5.55501 + L_NonMnfld: 0.02671 + L_Eknl: 3.96367 + L_Morse: 0.00045 + L_thetaHessian: 0.82102 + L_thetaNeighbor: 4.88975 + L_Guidance: 2344.64908
Epoch: 0 [2450/5000 (49%)] Unweighted L_s : L_Mnfld: 0.00079 + L_NonMnfld: 0.00004 + L_Eknl: 0.07927 + L_Morse: 0.53196 + L_thetaHessian: 0.08210 + L_thetaNeighbor: 0.16299 + L_Guidance: 0.29308
Instruction guidance terms: boundary=0.06484, intra=0.07160, region=0.05140, type=0.05072, op=0.05452, proto=0.00000, boundary_prior=0.00000, internal_template=0.00000, transition=0.00000, extrude=0.00000, extrude_cons=0.00000, revolve=0.00000, revolve_cons=0.00000, chamfer=0.00000, chamfer_cons=0.00000, fillet=0.00000, fillet_cons=0.00000, singular=0.00000, anchor=0.00000, boundary_align=0.00000

Weights: [7000.0, 600.0, 10.0, 50.0, 30.0, 0.000847, 8000.0], lr=5.000e-05
Epoch: 0 [2460/5000 (49%)] Loss: 2358.72778 = L_Mnfld: 5.69861 + L_NonMnfld: 0.03459 + L_Eknl: 3.97912 + L_Morse: 0.00045 + L_thetaHessian: 0.80522 + L_thetaNeighbor: 4.88193 + L_Guidance: 2343.32800
Epoch: 0 [2460/5000 (49%)] Unweighted L_s : L_Mnfld: 0.00081 + L_NonMnfld: 0.00006 + L_Eknl: 0.07958 + L_Morse: 0.52860 + L_thetaHessian: 0.08052 + L_thetaNeighbor: 0.16273 + L_Guidance: 0.29292
Instruction guidance terms: boundary=0.06474, intra=0.07175, region=0.05134, type=0.05065, op=0.05444, proto=0.00000, boundary_prior=0.00000, internal_template=0.00000, transition=0.00000, extrude=0.00000, extrude_cons=0.00000, revolve=0.00000, revolve_cons=0.00000, chamfer=0.00000, chamfer_cons=0.00000, fillet=0.00000, fillet_cons=0.00000, singular=0.00000, anchor=0.00000, boundary_align=0.00000

Weights: [7000.0, 600.0, 10.0, 50.0, 30.0, 0.0008436666666666666, 8000.0], lr=5.000e-05
Epoch: 0 [2470/5000 (49%)] Loss: 2356.86084 = L_Mnfld: 5.22571 + L_NonMnfld: 0.00586 + L_Eknl: 3.78427 + L_Morse: 0.00045 + L_thetaHessian: 0.81837 + L_thetaNeighbor: 4.88311 + L_Guidance: 2342.14306
Epoch: 0 [2470/5000 (49%)] Unweighted L_s : L_Mnfld: 0.00075 + L_NonMnfld: 0.00001 + L_Eknl: 0.07569 + L_Morse: 0.53685 + L_thetaHessian: 0.08184 + L_thetaNeighbor: 0.16277 + L_Guidance: 0.29277
Instruction guidance terms: boundary=0.06473, intra=0.07170, region=0.05131, type=0.05062, op=0.05441, proto=0.00000, boundary_prior=0.00000, internal_template=0.00000, transition=0.00000, extrude=0.00000, extrude_cons=0.00000, revolve=0.00000, revolve_cons=0.00000, chamfer=0.00000, chamfer_cons=0.00000, fillet=0.00000, fillet_cons=0.00000, singular=0.00000, anchor=0.00000, boundary_align=0.00000

Weights: [7000.0, 600.0, 10.0, 50.0, 30.0, 0.0008403333333333333, 8000.0], lr=5.000e-05
Epoch: 0 [2480/5000 (50%)] Loss: 2354.12012 = L_Mnfld: 5.07360 + L_NonMnfld: 0.01520 + L_Eknl: 3.86398 + L_Morse: 0.00044 + L_thetaHessian: 0.78897 + L_thetaNeighbor: 4.87366 + L_Guidance: 2339.50424
Epoch: 0 [2480/5000 (50%)] Unweighted L_s : L_Mnfld: 0.00072 + L_NonMnfld: 0.00003 + L_Eknl: 0.07728 + L_Morse: 0.52781 + L_thetaHessian: 0.07890 + L_thetaNeighbor: 0.16246 + L_Guidance: 0.29244
Instruction guidance terms: boundary=0.06458, intra=0.07186, region=0.05119, type=0.05051, op=0.05429, proto=0.00000, boundary_prior=0.00000, internal_template=0.00000, transition=0.00000, extrude=0.00000, extrude_cons=0.00000, revolve=0.00000, revolve_cons=0.00000, chamfer=0.00000, chamfer_cons=0.00000, fillet=0.00000, fillet_cons=0.00000, singular=0.00000, anchor=0.00000, boundary_align=0.00000

Weights: [7000.0, 600.0, 10.0, 50.0, 30.0, 0.0008370000000000001, 8000.0], lr=5.000e-05
Epoch: 0 [2490/5000 (50%)] Loss: 2355.47437 = L_Mnfld: 6.29236 + L_NonMnfld: 0.01700 + L_Eknl: 3.99703 + L_Morse: 0.00046 + L_thetaHessian: 0.89454 + L_thetaNeighbor: 4.87004 + L_Guidance: 2339.40291
Epoch: 0 [2490/5000 (50%)] Unweighted L_s : L_Mnfld: 0.00090 + L_NonMnfld: 0.00003 + L_Eknl: 0.07994 + L_Morse: 0.54583 + L_thetaHessian: 0.08945 + L_thetaNeighbor: 0.16233 + L_Guidance: 0.29243
Instruction guidance terms: boundary=0.06455, intra=0.07191, region=0.05119, type=0.05050, op=0.05427, proto=0.00000, boundary_prior=0.00000, internal_template=0.00000, transition=0.00000, extrude=0.00000, extrude_cons=0.00000, revolve=0.00000, revolve_cons=0.00000, chamfer=0.00000, chamfer_cons=0.00000, fillet=0.00000, fillet_cons=0.00000, singular=0.00000, anchor=0.00000, boundary_align=0.00000

Weights: [7000.0, 600.0, 10.0, 50.0, 30.0, 0.0008336666666666667, 8000.0], lr=5.000e-05
Epoch: 0 [2500/5000 (50%)] Loss: 2354.37671 = L_Mnfld: 5.93022 + L_NonMnfld: 0.01013 + L_Eknl: 4.04555 + L_Morse: 0.00046 + L_thetaHessian: 0.88384 + L_thetaNeighbor: 4.86245 + L_Guidance: 2338.64403
Epoch: 0 [2500/5000 (50%)] Unweighted L_s : L_Mnfld: 0.00085 + L_NonMnfld: 0.00002 + L_Eknl: 0.08091 + L_Morse: 0.55334 + L_thetaHessian: 0.08838 + L_thetaNeighbor: 0.16208 + L_Guidance: 0.29233
Instruction guidance terms: boundary=0.06451, intra=0.07184, region=0.05121, type=0.05051, op=0.05426, proto=0.00000, boundary_prior=0.00000, internal_template=0.00000, transition=0.00000, extrude=0.00000, extrude_cons=0.00000, revolve=0.00000, revolve_cons=0.00000, chamfer=0.00000, chamfer_cons=0.00000, fillet=0.00000, fillet_cons=0.00000, singular=0.00000, anchor=0.00000, boundary_align=0.00000

Weights: [7000.0, 600.0, 10.0, 50.0, 30.0, 0.0008303333333333333, 8000.0], lr=5.000e-05
Epoch: 0 [2510/5000 (50%)] Loss: 2350.39111 = L_Mnfld: 5.84157 + L_NonMnfld: 0.01013 + L_Eknl: 3.91028 + L_Morse: 0.00045 + L_thetaHessian: 0.89454 + L_thetaNeighbor: 4.85676 + L_Guidance: 2334.87749
Epoch: 0 [2510/5000 (50%)] Unweighted L_s : L_Mnfld: 0.00083 + L_NonMnfld: 0.00002 + L_Eknl: 0.07821 + L_Morse: 0.54231 + L_thetaHessian: 0.08945 + L_thetaNeighbor: 0.16189 + L_Guidance: 0.29186
Instruction guidance terms: boundary=0.06435, intra=0.07205, region=0.05102, type=0.05034, op=0.05410, proto=0.00000, boundary_prior=0.00000, internal_template=0.00000, transition=0.00000, extrude=0.00000, extrude_cons=0.00000, revolve=0.00000, revolve_cons=0.00000, chamfer=0.00000, chamfer_cons=0.00000, fillet=0.00000, fillet_cons=0.00000, singular=0.00000, anchor=0.00000, boundary_align=0.00000

Weights: [7000.0, 600.0, 10.0, 50.0, 30.0, 0.000827, 8000.0], lr=5.000e-05
Epoch: 0 [2520/5000 (50%)] Loss: 2366.02222 = L_Mnfld: 5.59742 + L_NonMnfld: 0.01536 + L_Eknl: 3.85675 + L_Morse: 0.00046 + L_thetaHessian: 0.98008 + L_thetaNeighbor: 4.87579 + L_Guidance: 2350.69633
Epoch: 0 [2520/5000 (50%)] Unweighted L_s : L_Mnfld: 0.00080 + L_NonMnfld: 0.00003 + L_Eknl: 0.07713 + L_Morse: 0.55398 + L_thetaHessian: 0.09801 + L_thetaNeighbor: 0.16253 + L_Guidance: 0.29384
Instruction guidance terms: boundary=0.06485, intra=0.07204, region=0.05155, type=0.05082, op=0.05459, proto=0.00000, boundary_prior=0.00000, internal_template=0.00000, transition=0.00000, extrude=0.00000, extrude_cons=0.00000, revolve=0.00000, revolve_cons=0.00000, chamfer=0.00000, chamfer_cons=0.00000, fillet=0.00000, fillet_cons=0.00000, singular=0.00000, anchor=0.00000, boundary_align=0.00000

Weights: [7000.0, 600.0, 10.0, 50.0, 30.0, 0.0008236666666666667, 8000.0], lr=5.000e-05
Epoch: 0 [2530/5000 (51%)] Loss: 2358.34277 = L_Mnfld: 6.72060 + L_NonMnfld: 0.01544 + L_Eknl: 3.92347 + L_Morse: 0.00045 + L_thetaHessian: 0.94023 + L_thetaNeighbor: 4.86135 + L_Guidance: 2341.88128
Epoch: 0 [2530/5000 (51%)] Unweighted L_s : L_Mnfld: 0.00096 + L_NonMnfld: 0.00003 + L_Eknl: 0.07847 + L_Morse: 0.55170 + L_thetaHessian: 0.09402 + L_thetaNeighbor: 0.16204 + L_Guidance: 0.29274
Instruction guidance terms: boundary=0.06452, intra=0.07218, region=0.05123, type=0.05052, op=0.05428, proto=0.00000, boundary_prior=0.00000, internal_template=0.00000, transition=0.00000, extrude=0.00000, extrude_cons=0.00000, revolve=0.00000, revolve_cons=0.00000, chamfer=0.00000, chamfer_cons=0.00000, fillet=0.00000, fillet_cons=0.00000, singular=0.00000, anchor=0.00000, boundary_align=0.00000

Weights: [7000.0, 600.0, 10.0, 50.0, 30.0, 0.0008203333333333333, 8000.0], lr=5.000e-05
Epoch: 0 [2540/5000 (51%)] Loss: 2343.33984 = L_Mnfld: 6.52391 + L_NonMnfld: 0.01165 + L_Eknl: 3.91966 + L_Morse: 0.00045 + L_thetaHessian: 0.93975 + L_thetaNeighbor: 4.84113 + L_Guidance: 2327.10338
Epoch: 0 [2540/5000 (51%)] Unweighted L_s : L_Mnfld: 0.00093 + L_NonMnfld: 0.00002 + L_Eknl: 0.07839 + L_Morse: 0.55005 + L_thetaHessian: 0.09398 + L_thetaNeighbor: 0.16137 + L_Guidance: 0.29089
Instruction guidance terms: boundary=0.06403, intra=0.07226, region=0.05073, type=0.05007, op=0.05380, proto=0.00000, boundary_prior=0.00000, internal_template=0.00000, transition=0.00000, extrude=0.00000, extrude_cons=0.00000, revolve=0.00000, revolve_cons=0.00000, chamfer=0.00000, chamfer_cons=0.00000, fillet=0.00000, fillet_cons=0.00000, singular=0.00000, anchor=0.00000, boundary_align=0.00000

Weights: [7000.0, 600.0, 10.0, 50.0, 30.0, 0.000817, 8000.0], lr=5.000e-05
Epoch: 0 [2550/5000 (51%)] Loss: 2345.60571 = L_Mnfld: 5.78840 + L_NonMnfld: 0.00939 + L_Eknl: 3.91381 + L_Morse: 0.00045 + L_thetaHessian: 0.95592 + L_thetaNeighbor: 4.84333 + L_Guidance: 2330.09458
Epoch: 0 [2550/5000 (51%)] Unweighted L_s : L_Mnfld: 0.00083 + L_NonMnfld: 0.00002 + L_Eknl: 0.07828 + L_Morse: 0.54860 + L_thetaHessian: 0.09559 + L_thetaNeighbor: 0.16144 + L_Guidance: 0.29126
Instruction guidance terms: boundary=0.06414, intra=0.07218, region=0.05086, type=0.05017, op=0.05391, proto=0.00000, boundary_prior=0.00000, internal_template=0.00000, transition=0.00000, extrude=0.00000, extrude_cons=0.00000, revolve=0.00000, revolve_cons=0.00000, chamfer=0.00000, chamfer_cons=0.00000, fillet=0.00000, fillet_cons=0.00000, singular=0.00000, anchor=0.00000, boundary_align=0.00000

Weights: [7000.0, 600.0, 10.0, 50.0, 30.0, 0.0008136666666666666, 8000.0], lr=5.000e-05
Epoch: 0 [2560/5000 (51%)] Loss: 2349.57080 = L_Mnfld: 6.96670 + L_NonMnfld: 0.01093 + L_Eknl: 3.95270 + L_Morse: 0.00045 + L_thetaHessian: 0.94364 + L_thetaNeighbor: 4.85056 + L_Guidance: 2332.84569
Epoch: 0 [2560/5000 (51%)] Unweighted L_s : L_Mnfld: 0.00100 + L_NonMnfld: 0.00002 + L_Eknl: 0.07905 + L_Morse: 0.55488 + L_thetaHessian: 0.09436 + L_thetaNeighbor: 0.16169 + L_Guidance: 0.29161
Instruction guidance terms: boundary=0.06424, intra=0.07219, region=0.05093, type=0.05025, op=0.05400, proto=0.00000, boundary_prior=0.00000, internal_template=0.00000, transition=0.00000, extrude=0.00000, extrude_cons=0.00000, revolve=0.00000, revolve_cons=0.00000, chamfer=0.00000, chamfer_cons=0.00000, fillet=0.00000, fillet_cons=0.00000, singular=0.00000, anchor=0.00000, boundary_align=0.00000

Weights: [7000.0, 600.0, 10.0, 50.0, 30.0, 0.0008103333333333333, 8000.0], lr=5.000e-05
Epoch: 0 [2570/5000 (51%)] Loss: 2348.05493 = L_Mnfld: 6.01559 + L_NonMnfld: 0.00721 + L_Eknl: 3.94049 + L_Morse: 0.00045 + L_thetaHessian: 0.97556 + L_thetaNeighbor: 4.84860 + L_Guidance: 2332.26705
Epoch: 0 [2570/5000 (51%)] Unweighted L_s : L_Mnfld: 0.00086 + L_NonMnfld: 0.00001 + L_Eknl: 0.07881 + L_Morse: 0.56025 + L_thetaHessian: 0.09756 + L_thetaNeighbor: 0.16162 + L_Guidance: 0.29153
Instruction guidance terms: boundary=0.06421, intra=0.07220, region=0.05091, type=0.05023, op=0.05398, proto=0.00000, boundary_prior=0.00000, internal_template=0.00000, transition=0.00000, extrude=0.00000, extrude_cons=0.00000, revolve=0.00000, revolve_cons=0.00000, chamfer=0.00000, chamfer_cons=0.00000, fillet=0.00000, fillet_cons=0.00000, singular=0.00000, anchor=0.00000, boundary_align=0.00000

Weights: [7000.0, 600.0, 10.0, 50.0, 30.0, 0.000807, 8000.0], lr=5.000e-05
Epoch: 0 [2580/5000 (52%)] Loss: 2351.90039 = L_Mnfld: 7.00877 + L_NonMnfld: 0.01026 + L_Eknl: 4.03259 + L_Morse: 0.00046 + L_thetaHessian: 1.06655 + L_thetaNeighbor: 4.85300 + L_Guidance: 2334.92875
Epoch: 0 [2580/5000 (52%)] Unweighted L_s : L_Mnfld: 0.00100 + L_NonMnfld: 0.00002 + L_Eknl: 0.08065 + L_Morse: 0.57233 + L_thetaHessian: 0.10665 + L_thetaNeighbor: 0.16177 + L_Guidance: 0.29187
Instruction guidance terms: boundary=0.06431, intra=0.07213, region=0.05102, type=0.05033, op=0.05408, proto=0.00000, boundary_prior=0.00000, internal_template=0.00000, transition=0.00000, extrude=0.00000, extrude_cons=0.00000, revolve=0.00000, revolve_cons=0.00000, chamfer=0.00000, chamfer_cons=0.00000, fillet=0.00000, fillet_cons=0.00000, singular=0.00000, anchor=0.00000, boundary_align=0.00000

Weights: [7000.0, 600.0, 10.0, 50.0, 30.0, 0.0008036666666666666, 8000.0], lr=5.000e-05
Epoch: 0 [2590/5000 (52%)] Loss: 2353.21167 = L_Mnfld: 7.17878 + L_NonMnfld: 0.01376 + L_Eknl: 3.97376 + L_Morse: 0.00047 + L_thetaHessian: 1.12859 + L_thetaNeighbor: 4.85235 + L_Guidance: 2336.06386
Epoch: 0 [2590/5000 (52%)] Unweighted L_s : L_Mnfld: 0.00103 + L_NonMnfld: 0.00002 + L_Eknl: 0.07948 + L_Morse: 0.58036 + L_thetaHessian: 0.11286 + L_thetaNeighbor: 0.16175 + L_Guidance: 0.29201
Instruction guidance terms: boundary=0.06437, intra=0.07198, region=0.05110, type=0.05040, op=0.05415, proto=0.00000, boundary_prior=0.00000, internal_template=0.00000, transition=0.00000, extrude=0.00000, extrude_cons=0.00000, revolve=0.00000, revolve_cons=0.00000, chamfer=0.00000, chamfer_cons=0.00000, fillet=0.00000, fillet_cons=0.00000, singular=0.00000, anchor=0.00000, boundary_align=0.00000

Weights: [7000.0, 600.0, 10.0, 50.0, 30.0, 0.0008003333333333333, 8000.0], lr=5.000e-05
Epoch: 0 [2600/5000 (52%)] Loss: 2356.91699 = L_Mnfld: 7.37610 + L_NonMnfld: 0.00997 + L_Eknl: 4.02439 + L_Morse: 0.00047 + L_thetaHessian: 1.11203 + L_thetaNeighbor: 4.86377 + L_Guidance: 2339.53023
Epoch: 0 [2600/5000 (52%)] Unweighted L_s : L_Mnfld: 0.00105 + L_NonMnfld: 0.00002 + L_Eknl: 0.08049 + L_Morse: 0.59315 + L_thetaHessian: 0.11120 + L_thetaNeighbor: 0.16213 + L_Guidance: 0.29244
Instruction guidance terms: boundary=0.06446, intra=0.07224, region=0.05111, type=0.05043, op=0.05420, proto=0.00000, boundary_prior=0.00000, internal_template=0.00000, transition=0.00000, extrude=0.00000, extrude_cons=0.00000, revolve=0.00000, revolve_cons=0.00000, chamfer=0.00000, chamfer_cons=0.00000, fillet=0.00000, fillet_cons=0.00000, singular=0.00000, anchor=0.00000, boundary_align=0.00000

Weights: [7000.0, 600.0, 10.0, 50.0, 30.0, 0.000797, 8000.0], lr=5.000e-05
Epoch: 0 [2610/5000 (52%)] Loss: 2353.08984 = L_Mnfld: 6.43296 + L_NonMnfld: 0.01098 + L_Eknl: 4.10389 + L_Morse: 0.00046 + L_thetaHessian: 1.08753 + L_thetaNeighbor: 4.85156 + L_Guidance: 2336.60245
Epoch: 0 [2610/5000 (52%)] Unweighted L_s : L_Mnfld: 0.00092 + L_NonMnfld: 0.00002 + L_Eknl: 0.08208 + L_Morse: 0.57220 + L_thetaHessian: 0.10875 + L_thetaNeighbor: 0.16172 + L_Guidance: 0.29208
Instruction guidance terms: boundary=0.06435, intra=0.07214, region=0.05108, type=0.05038, op=0.05413, proto=0.00000, boundary_prior=0.00000, internal_template=0.00000, transition=0.00000, extrude=0.00000, extrude_cons=0.00000, revolve=0.00000, revolve_cons=0.00000, chamfer=0.00000, chamfer_cons=0.00000, fillet=0.00000, fillet_cons=0.00000, singular=0.00000, anchor=0.00000, boundary_align=0.00000

Weights: [7000.0, 600.0, 10.0, 50.0, 30.0, 0.0007936666666666667, 8000.0], lr=5.000e-05
Epoch: 0 [2620/5000 (52%)] Loss: 2355.94360 = L_Mnfld: 8.20293 + L_NonMnfld: 0.01360 + L_Eknl: 4.00600 + L_Morse: 0.00046 + L_thetaHessian: 1.19759 + L_thetaNeighbor: 4.85662 + L_Guidance: 2337.66651
Epoch: 0 [2620/5000 (52%)] Unweighted L_s : L_Mnfld: 0.00117 + L_NonMnfld: 0.00002 + L_Eknl: 0.08012 + L_Morse: 0.58390 + L_thetaHessian: 0.11976 + L_thetaNeighbor: 0.16189 + L_Guidance: 0.29221
Instruction guidance terms: boundary=0.06439, intra=0.07221, region=0.05107, type=0.05039, op=0.05415, proto=0.00000, boundary_prior=0.00000, internal_template=0.00000, transition=0.00000, extrude=0.00000, extrude_cons=0.00000, revolve=0.00000, revolve_cons=0.00000, chamfer=0.00000, chamfer_cons=0.00000, fillet=0.00000, fillet_cons=0.00000, singular=0.00000, anchor=0.00000, boundary_align=0.00000

Weights: [7000.0, 600.0, 10.0, 50.0, 30.0, 0.0007903333333333333, 8000.0], lr=5.000e-05
Epoch: 0 [2630/5000 (53%)] Loss: 2347.23779 = L_Mnfld: 7.55758 + L_NonMnfld: 0.00737 + L_Eknl: 3.95534 + L_Morse: 0.00045 + L_thetaHessian: 1.19732 + L_thetaNeighbor: 4.84263 + L_Guidance: 2329.67710
Epoch: 0 [2630/5000 (53%)] Unweighted L_s : L_Mnfld: 0.00108 + L_NonMnfld: 0.00001 + L_Eknl: 0.07911 + L_Morse: 0.56906 + L_thetaHessian: 0.11973 + L_thetaNeighbor: 0.16142 + L_Guidance: 0.29121
Instruction guidance terms: boundary=0.06411, intra=0.07224, region=0.05083, type=0.05015, op=0.05389, proto=0.00000, boundary_prior=0.00000, internal_template=0.00000, transition=0.00000, extrude=0.00000, extrude_cons=0.00000, revolve=0.00000, revolve_cons=0.00000, chamfer=0.00000, chamfer_cons=0.00000, fillet=0.00000, fillet_cons=0.00000, singular=0.00000, anchor=0.00000, boundary_align=0.00000

Weights: [7000.0, 600.0, 10.0, 50.0, 30.0, 0.0007869999999999999, 8000.0], lr=5.000e-05
Epoch: 0 [2640/5000 (53%)] Loss: 2351.43115 = L_Mnfld: 7.27829 + L_NonMnfld: 0.01247 + L_Eknl: 4.11413 + L_Morse: 0.00044 + L_thetaHessian: 1.35338 + L_thetaNeighbor: 4.85027 + L_Guidance: 2333.82225
Epoch: 0 [2640/5000 (53%)] Unweighted L_s : L_Mnfld: 0.00104 + L_NonMnfld: 0.00002 + L_Eknl: 0.08228 + L_Morse: 0.56345 + L_thetaHessian: 0.13534 + L_thetaNeighbor: 0.16168 + L_Guidance: 0.29173
Instruction guidance terms: boundary=0.06426, intra=0.07219, region=0.05097, type=0.05028, op=0.05403, proto=0.00000, boundary_prior=0.00000, internal_template=0.00000, transition=0.00000, extrude=0.00000, extrude_cons=0.00000, revolve=0.00000, revolve_cons=0.00000, chamfer=0.00000, chamfer_cons=0.00000, fillet=0.00000, fillet_cons=0.00000, singular=0.00000, anchor=0.00000, boundary_align=0.00000

Weights: [7000.0, 600.0, 10.0, 50.0, 30.0, 0.0007836666666666667, 8000.0], lr=5.000e-05
Epoch: 0 [2650/5000 (53%)] Loss: 2340.56787 = L_Mnfld: 6.91444 + L_NonMnfld: 0.01567 + L_Eknl: 3.74903 + L_Morse: 0.00046 + L_thetaHessian: 1.24767 + L_thetaNeighbor: 4.84061 + L_Guidance: 2323.80009
Epoch: 0 [2650/5000 (53%)] Unweighted L_s : L_Mnfld: 0.00099 + L_NonMnfld: 0.00003 + L_Eknl: 0.07498 + L_Morse: 0.58993 + L_thetaHessian: 0.12477 + L_thetaNeighbor: 0.16135 + L_Guidance: 0.29048
Instruction guidance terms: boundary=0.06394, intra=0.07228, region=0.05060, type=0.04995, op=0.05370, proto=0.00000, boundary_prior=0.00000, internal_template=0.00000, transition=0.00000, extrude=0.00000, extrude_cons=0.00000, revolve=0.00000, revolve_cons=0.00000, chamfer=0.00000, chamfer_cons=0.00000, fillet=0.00000, fillet_cons=0.00000, singular=0.00000, anchor=0.00000, boundary_align=0.00000

Weights: [7000.0, 600.0, 10.0, 50.0, 30.0, 0.0007803333333333333, 8000.0], lr=5.000e-05
Epoch: 0 [2660/5000 (53%)] Loss: 2348.53979 = L_Mnfld: 6.70006 + L_NonMnfld: 0.01049 + L_Eknl: 3.95717 + L_Morse: 0.00046 + L_thetaHessian: 1.21025 + L_thetaNeighbor: 4.84695 + L_Guidance: 2331.81453
Epoch: 0 [2660/5000 (53%)] Unweighted L_s : L_Mnfld: 0.00096 + L_NonMnfld: 0.00002 + L_Eknl: 0.07914 + L_Morse: 0.59342 + L_thetaHessian: 0.12102 + L_thetaNeighbor: 0.16157 + L_Guidance: 0.29148
Instruction guidance terms: boundary=0.06419, intra=0.07222, region=0.05089, type=0.05021, op=0.05396, proto=0.00000, boundary_prior=0.00000, internal_template=0.00000, transition=0.00000, extrude=0.00000, extrude_cons=0.00000, revolve=0.00000, revolve_cons=0.00000, chamfer=0.00000, chamfer_cons=0.00000, fillet=0.00000, fillet_cons=0.00000, singular=0.00000, anchor=0.00000, boundary_align=0.00000

Weights: [7000.0, 600.0, 10.0, 50.0, 30.0, 0.0007769999999999999, 8000.0], lr=5.000e-05
Epoch: 0 [2670/5000 (53%)] Loss: 2346.63574 = L_Mnfld: 5.95470 + L_NonMnfld: 0.01827 + L_Eknl: 4.10691 + L_Morse: 0.00046 + L_thetaHessian: 1.12755 + L_thetaNeighbor: 4.84652 + L_Guidance: 2330.58119
Epoch: 0 [2670/5000 (53%)] Unweighted L_s : L_Mnfld: 0.00085 + L_NonMnfld: 0.00003 + L_Eknl: 0.08214 + L_Morse: 0.58788 + L_thetaHessian: 0.11275 + L_thetaNeighbor: 0.16155 + L_Guidance: 0.29132
Instruction guidance terms: boundary=0.06415, intra=0.07220, region=0.05086, type=0.05018, op=0.05393, proto=0.00000, boundary_prior=0.00000, internal_template=0.00000, transition=0.00000, extrude=0.00000, extrude_cons=0.00000, revolve=0.00000, revolve_cons=0.00000, chamfer=0.00000, chamfer_cons=0.00000, fillet=0.00000, fillet_cons=0.00000, singular=0.00000, anchor=0.00000, boundary_align=0.00000

Weights: [7000.0, 600.0, 10.0, 50.0, 30.0, 0.0007736666666666666, 8000.0], lr=5.000e-05
Epoch: 0 [2680/5000 (54%)] Loss: 2342.95117 = L_Mnfld: 6.07292 + L_NonMnfld: 0.01454 + L_Eknl: 3.75199 + L_Morse: 0.00045 + L_thetaHessian: 1.08859 + L_thetaNeighbor: 4.84432 + L_Guidance: 2327.17848
Epoch: 0 [2680/5000 (54%)] Unweighted L_s : L_Mnfld: 0.00087 + L_NonMnfld: 0.00002 + L_Eknl: 0.07504 + L_Morse: 0.58686 + L_thetaHessian: 0.10886 + L_thetaNeighbor: 0.16148 + L_Guidance: 0.29090
Instruction guidance terms: boundary=0.06405, intra=0.07223, region=0.05073, type=0.05007, op=0.05382, proto=0.00000, boundary_prior=0.00000, internal_template=0.00000, transition=0.00000, extrude=0.00000, extrude_cons=0.00000, revolve=0.00000, revolve_cons=0.00000, chamfer=0.00000, chamfer_cons=0.00000, fillet=0.00000, fillet_cons=0.00000, singular=0.00000, anchor=0.00000, boundary_align=0.00000

Weights: [7000.0, 600.0, 10.0, 50.0, 30.0, 0.0007703333333333335, 8000.0], lr=5.000e-05
Epoch: 0 [2690/5000 (54%)] Loss: 2352.07788 = L_Mnfld: 6.72681 + L_NonMnfld: 0.01118 + L_Eknl: 3.79714 + L_Morse: 0.00045 + L_thetaHessian: 1.00643 + L_thetaNeighbor: 4.86090 + L_Guidance: 2335.67500
Epoch: 0 [2690/5000 (54%)] Unweighted L_s : L_Mnfld: 0.00096 + L_NonMnfld: 0.00002 + L_Eknl: 0.07594 + L_Morse: 0.58419 + L_thetaHessian: 0.10064 + L_thetaNeighbor: 0.16203 + L_Guidance: 0.29196
Instruction guidance terms: boundary=0.06437, intra=0.07212, region=0.05102, type=0.05035, op=0.05411, proto=0.00000, boundary_prior=0.00000, internal_template=0.00000, transition=0.00000, extrude=0.00000, extrude_cons=0.00000, revolve=0.00000, revolve_cons=0.00000, chamfer=0.00000, chamfer_cons=0.00000, fillet=0.00000, fillet_cons=0.00000, singular=0.00000, anchor=0.00000, boundary_align=0.00000

Weights: [7000.0, 600.0, 10.0, 50.0, 30.0, 0.0007670000000000001, 8000.0], lr=5.000e-05
Epoch: 0 [2700/5000 (54%)] Loss: 2345.35669 = L_Mnfld: 5.67482 + L_NonMnfld: 0.02316 + L_Eknl: 4.00897 + L_Morse: 0.00043 + L_thetaHessian: 0.99787 + L_thetaNeighbor: 4.84324 + L_Guidance: 2329.80800
Epoch: 0 [2700/5000 (54%)] Unweighted L_s : L_Mnfld: 0.00081 + L_NonMnfld: 0.00004 + L_Eknl: 0.08018 + L_Morse: 0.56525 + L_thetaHessian: 0.09979 + L_thetaNeighbor: 0.16144 + L_Guidance: 0.29123
Instruction guidance terms: boundary=0.06413, intra=0.07219, region=0.05084, type=0.05016, op=0.05391, proto=0.00000, boundary_prior=0.00000, internal_template=0.00000, transition=0.00000, extrude=0.00000, extrude_cons=0.00000, revolve=0.00000, revolve_cons=0.00000, chamfer=0.00000, chamfer_cons=0.00000, fillet=0.00000, fillet_cons=0.00000, singular=0.00000, anchor=0.00000, boundary_align=0.00000

Weights: [7000.0, 600.0, 10.0, 50.0, 30.0, 0.0007636666666666668, 8000.0], lr=5.000e-05
Epoch: 0 [2710/5000 (54%)] Loss: 2346.70972 = L_Mnfld: 6.36660 + L_NonMnfld: 0.00735 + L_Eknl: 3.88588 + L_Morse: 0.00045 + L_thetaHessian: 1.10809 + L_thetaNeighbor: 4.85115 + L_Guidance: 2330.49035
Epoch: 0 [2710/5000 (54%)] Unweighted L_s : L_Mnfld: 0.00091 + L_NonMnfld: 0.00001 + L_Eknl: 0.07772 + L_Morse: 0.58294 + L_thetaHessian: 0.11081 + L_thetaNeighbor: 0.16171 + L_Guidance: 0.29131
Instruction guidance terms: boundary=0.06417, intra=0.07225, region=0.05082, type=0.05016, op=0.05391, proto=0.00000, boundary_prior=0.00000, internal_template=0.00000, transition=0.00000, extrude=0.00000, extrude_cons=0.00000, revolve=0.00000, revolve_cons=0.00000, chamfer=0.00000, chamfer_cons=0.00000, fillet=0.00000, fillet_cons=0.00000, singular=0.00000, anchor=0.00000, boundary_align=0.00000

Weights: [7000.0, 600.0, 10.0, 50.0, 30.0, 0.0007603333333333335, 8000.0], lr=5.000e-05
Epoch: 0 [2720/5000 (54%)] Loss: 2335.80469 = L_Mnfld: 6.00885 + L_NonMnfld: 0.00848 + L_Eknl: 3.93089 + L_Morse: 0.00043 + L_thetaHessian: 1.07719 + L_thetaNeighbor: 4.83540 + L_Guidance: 2319.94343
Epoch: 0 [2720/5000 (54%)] Unweighted L_s : L_Mnfld: 0.00086 + L_NonMnfld: 0.00001 + L_Eknl: 0.07862 + L_Morse: 0.56704 + L_thetaHessian: 0.10772 + L_thetaNeighbor: 0.16118 + L_Guidance: 0.28999
Instruction guidance terms: boundary=0.06382, intra=0.07229, region=0.05047, type=0.04984, op=0.05358, proto=0.00000, boundary_prior=0.00000, internal_template=0.00000, transition=0.00000, extrude=0.00000, extrude_cons=0.00000, revolve=0.00000, revolve_cons=0.00000, chamfer=0.00000, chamfer_cons=0.00000, fillet=0.00000, fillet_cons=0.00000, singular=0.00000, anchor=0.00000, boundary_align=0.00000

Weights: [7000.0, 600.0, 10.0, 50.0, 30.0, 0.0007570000000000001, 8000.0], lr=5.000e-05
Epoch: 0 [2730/5000 (55%)] Loss: 2348.92236 = L_Mnfld: 5.40201 + L_NonMnfld: 0.01159 + L_Eknl: 3.81038 + L_Morse: 0.00044 + L_thetaHessian: 0.96546 + L_thetaNeighbor: 4.85263 + L_Guidance: 2333.87995
Epoch: 0 [2730/5000 (55%)] Unweighted L_s : L_Mnfld: 0.00077 + L_NonMnfld: 0.00002 + L_Eknl: 0.07621 + L_Morse: 0.58440 + L_thetaHessian: 0.09655 + L_thetaNeighbor: 0.16175 + L_Guidance: 0.29173
Instruction guidance terms: boundary=0.06433, intra=0.07191, region=0.05104, type=0.05035, op=0.05410, proto=0.00000, boundary_prior=0.00000, internal_template=0.00000, transition=0.00000, extrude=0.00000, extrude_cons=0.00000, revolve=0.00000, revolve_cons=0.00000, chamfer=0.00000, chamfer_cons=0.00000, fillet=0.00000, fillet_cons=0.00000, singular=0.00000, anchor=0.00000, boundary_align=0.00000

Weights: [7000.0, 600.0, 10.0, 50.0, 30.0, 0.0007536666666666668, 8000.0], lr=5.000e-05
Epoch: 0 [2740/5000 (55%)] Loss: 2341.40503 = L_Mnfld: 5.98118 + L_NonMnfld: 0.01890 + L_Eknl: 3.96523 + L_Morse: 0.00045 + L_thetaHessian: 1.09800 + L_thetaNeighbor: 4.84356 + L_Guidance: 2325.49787
Epoch: 0 [2740/5000 (55%)] Unweighted L_s : L_Mnfld: 0.00085 + L_NonMnfld: 0.00003 + L_Eknl: 0.07930 + L_Morse: 0.59169 + L_thetaHessian: 0.10980 + L_thetaNeighbor: 0.16145 + L_Guidance: 0.29069
Instruction guidance terms: boundary=0.06401, intra=0.07221, region=0.05068, type=0.05002, op=0.05377, proto=0.00000, boundary_prior=0.00000, internal_template=0.00000, transition=0.00000, extrude=0.00000, extrude_cons=0.00000, revolve=0.00000, revolve_cons=0.00000, chamfer=0.00000, chamfer_cons=0.00000, fillet=0.00000, fillet_cons=0.00000, singular=0.00000, anchor=0.00000, boundary_align=0.00000

Weights: [7000.0, 600.0, 10.0, 50.0, 30.0, 0.0007503333333333335, 8000.0], lr=5.000e-05
Epoch: 0 [2750/5000 (55%)] Loss: 2343.86084 = L_Mnfld: 6.33693 + L_NonMnfld: 0.00909 + L_Eknl: 4.30982 + L_Morse: 0.00045 + L_thetaHessian: 1.15925 + L_thetaNeighbor: 4.84073 + L_Guidance: 2327.20470
Epoch: 0 [2750/5000 (55%)] Unweighted L_s : L_Mnfld: 0.00091 + L_NonMnfld: 0.00002 + L_Eknl: 0.08620 + L_Morse: 0.60525 + L_thetaHessian: 0.11592 + L_thetaNeighbor: 0.16136 + L_Guidance: 0.29090
Instruction guidance terms: boundary=0.06402, intra=0.07233, region=0.05071, type=0.05005, op=0.05379, proto=0.00000, boundary_prior=0.00000, internal_template=0.00000, transition=0.00000, extrude=0.00000, extrude_cons=0.00000, revolve=0.00000, revolve_cons=0.00000, chamfer=0.00000, chamfer_cons=0.00000, fillet=0.00000, fillet_cons=0.00000, singular=0.00000, anchor=0.00000, boundary_align=0.00000

Weights: [7000.0, 600.0, 10.0, 50.0, 30.0, 0.000747, 8000.0], lr=5.000e-05
Epoch: 0 [2760/5000 (55%)] Loss: 2340.31934 = L_Mnfld: 7.04487 + L_NonMnfld: 0.00535 + L_Eknl: 3.92363 + L_Morse: 0.00045 + L_thetaHessian: 1.10608 + L_thetaNeighbor: 4.83921 + L_Guidance: 2323.39954
Epoch: 0 [2760/5000 (55%)] Unweighted L_s : L_Mnfld: 0.00101 + L_NonMnfld: 0.00001 + L_Eknl: 0.07847 + L_Morse: 0.60438 + L_thetaHessian: 0.11061 + L_thetaNeighbor: 0.16131 + L_Guidance: 0.29042
Instruction guidance terms: boundary=0.06395, intra=0.07219, region=0.05061, type=0.04997, op=0.05371, proto=0.00000, boundary_prior=0.00000, internal_template=0.00000, transition=0.00000, extrude=0.00000, extrude_cons=0.00000, revolve=0.00000, revolve_cons=0.00000, chamfer=0.00000, chamfer_cons=0.00000, fillet=0.00000, fillet_cons=0.00000, singular=0.00000, anchor=0.00000, boundary_align=0.00000

Weights: [7000.0, 600.0, 10.0, 50.0, 30.0, 0.0007436666666666668, 8000.0], lr=5.000e-05
Epoch: 0 [2770/5000 (55%)] Loss: 2340.80371 = L_Mnfld: 6.66749 + L_NonMnfld: 0.00876 + L_Eknl: 3.88838 + L_Morse: 0.00045 + L_thetaHessian: 1.05867 + L_thetaNeighbor: 4.83799 + L_Guidance: 2324.34201
Epoch: 0 [2770/5000 (55%)] Unweighted L_s : L_Mnfld: 0.00095 + L_NonMnfld: 0.00001 + L_Eknl: 0.07777 + L_Morse: 0.60560 + L_thetaHessian: 0.10587 + L_thetaNeighbor: 0.16127 + L_Guidance: 0.29054
Instruction guidance terms: boundary=0.06396, intra=0.07223, region=0.05065, type=0.04999, op=0.05373, proto=0.00000, boundary_prior=0.00000, internal_template=0.00000, transition=0.00000, extrude=0.00000, extrude_cons=0.00000, revolve=0.00000, revolve_cons=0.00000, chamfer=0.00000, chamfer_cons=0.00000, fillet=0.00000, fillet_cons=0.00000, singular=0.00000, anchor=0.00000, boundary_align=0.00000

Weights: [7000.0, 600.0, 10.0, 50.0, 30.0, 0.0007403333333333335, 8000.0], lr=5.000e-05
Epoch: 0 [2780/5000 (56%)] Loss: 2342.24609 = L_Mnfld: 6.30880 + L_NonMnfld: 0.01036 + L_Eknl: 3.92991 + L_Morse: 0.00044 + L_thetaHessian: 1.08335 + L_thetaNeighbor: 4.84510 + L_Guidance: 2326.06816
Epoch: 0 [2780/5000 (56%)] Unweighted L_s : L_Mnfld: 0.00090 + L_NonMnfld: 0.00002 + L_Eknl: 0.07860 + L_Morse: 0.59484 + L_thetaHessian: 0.10834 + L_thetaNeighbor: 0.16150 + L_Guidance: 0.29076
Instruction guidance terms: boundary=0.06403, intra=0.07227, region=0.05067, type=0.05002, op=0.05377, proto=0.00000, boundary_prior=0.00000, internal_template=0.00000, transition=0.00000, extrude=0.00000, extrude_cons=0.00000, revolve=0.00000, revolve_cons=0.00000, chamfer=0.00000, chamfer_cons=0.00000, fillet=0.00000, fillet_cons=0.00000, singular=0.00000, anchor=0.00000, boundary_align=0.00000

Weights: [7000.0, 600.0, 10.0, 50.0, 30.0, 0.0007370000000000001, 8000.0], lr=5.000e-05
Epoch: 0 [2790/5000 (56%)] Loss: 2336.35767 = L_Mnfld: 5.99033 + L_NonMnfld: 0.00882 + L_Eknl: 3.92448 + L_Morse: 0.00045 + L_thetaHessian: 1.03220 + L_thetaNeighbor: 4.83500 + L_Guidance: 2320.56642
Epoch: 0 [2790/5000 (56%)] Unweighted L_s : L_Mnfld: 0.00086 + L_NonMnfld: 0.00001 + L_Eknl: 0.07849 + L_Morse: 0.60527 + L_thetaHessian: 0.10322 + L_thetaNeighbor: 0.16117 + L_Guidance: 0.29007
Instruction guidance terms: boundary=0.06384, intra=0.07224, region=0.05051, type=0.04987, op=0.05361, proto=0.00000, boundary_prior=0.00000, internal_template=0.00000, transition=0.00000, extrude=0.00000, extrude_cons=0.00000, revolve=0.00000, revolve_cons=0.00000, chamfer=0.00000, chamfer_cons=0.00000, fillet=0.00000, fillet_cons=0.00000, singular=0.00000, anchor=0.00000, boundary_align=0.00000

Weights: [7000.0, 600.0, 10.0, 50.0, 30.0, 0.0007336666666666668, 8000.0], lr=5.000e-05
Epoch: 0 [2800/5000 (56%)] Loss: 2344.27271 = L_Mnfld: 6.30682 + L_NonMnfld: 0.00900 + L_Eknl: 4.03266 + L_Morse: 0.00043 + L_thetaHessian: 1.07617 + L_thetaNeighbor: 4.84668 + L_Guidance: 2328.00102
Epoch: 0 [2800/5000 (56%)] Unweighted L_s : L_Mnfld: 0.00090 + L_NonMnfld: 0.00001 + L_Eknl: 0.08065 + L_Morse: 0.59178 + L_thetaHessian: 0.10762 + L_thetaNeighbor: 0.16156 + L_Guidance: 0.29100
Instruction guidance terms: boundary=0.06408, intra=0.07227, region=0.05074, type=0.05008, op=0.05383, proto=0.00000, boundary_prior=0.00000, internal_template=0.00000, transition=0.00000, extrude=0.00000, extrude_cons=0.00000, revolve=0.00000, revolve_cons=0.00000, chamfer=0.00000, chamfer_cons=0.00000, fillet=0.00000, fillet_cons=0.00000, singular=0.00000, anchor=0.00000, boundary_align=0.00000

Weights: [7000.0, 600.0, 10.0, 50.0, 30.0, 0.0007303333333333335, 8000.0], lr=5.000e-05
Epoch: 0 [2810/5000 (56%)] Loss: 2345.86646 = L_Mnfld: 6.46835 + L_NonMnfld: 0.00846 + L_Eknl: 3.56691 + L_Morse: 0.00043 + L_thetaHessian: 1.04804 + L_thetaNeighbor: 4.84856 + L_Guidance: 2329.92578
Epoch: 0 [2810/5000 (56%)] Unweighted L_s : L_Mnfld: 0.00092 + L_NonMnfld: 0.00001 + L_Eknl: 0.07134 + L_Morse: 0.59179 + L_thetaHessian: 0.10480 + L_thetaNeighbor: 0.16162 + L_Guidance: 0.29124
Instruction guidance terms: boundary=0.06417, intra=0.07211, region=0.05085, type=0.05018, op=0.05393, proto=0.00000, boundary_prior=0.00000, internal_template=0.00000, transition=0.00000, extrude=0.00000, extrude_cons=0.00000, revolve=0.00000, revolve_cons=0.00000, chamfer=0.00000, chamfer_cons=0.00000, fillet=0.00000, fillet_cons=0.00000, singular=0.00000, anchor=0.00000, boundary_align=0.00000

Weights: [7000.0, 600.0, 10.0, 50.0, 30.0, 0.0007270000000000001, 8000.0], lr=5.000e-05
Epoch: 0 [2820/5000 (56%)] Loss: 2350.85571 = L_Mnfld: 5.74465 + L_NonMnfld: 0.01096 + L_Eknl: 3.84773 + L_Morse: 0.00043 + L_thetaHessian: 1.04635 + L_thetaNeighbor: 4.85470 + L_Guidance: 2335.35075
Epoch: 0 [2820/5000 (56%)] Unweighted L_s : L_Mnfld: 0.00082 + L_NonMnfld: 0.00002 + L_Eknl: 0.07695 + L_Morse: 0.59705 + L_thetaHessian: 0.10463 + L_thetaNeighbor: 0.16182 + L_Guidance: 0.29192
Instruction guidance terms: boundary=0.06435, intra=0.07204, region=0.05106, type=0.05036, op=0.05411, proto=0.00000, boundary_prior=0.00000, internal_template=0.00000, transition=0.00000, extrude=0.00000, extrude_cons=0.00000, revolve=0.00000, revolve_cons=0.00000, chamfer=0.00000, chamfer_cons=0.00000, fillet=0.00000, fillet_cons=0.00000, singular=0.00000, anchor=0.00000, boundary_align=0.00000

Weights: [7000.0, 600.0, 10.0, 50.0, 30.0, 0.0007236666666666667, 8000.0], lr=5.000e-05
Epoch: 0 [2830/5000 (57%)] Loss: 2343.42383 = L_Mnfld: 5.45234 + L_NonMnfld: 0.02027 + L_Eknl: 3.76512 + L_Morse: 0.00043 + L_thetaHessian: 0.99917 + L_thetaNeighbor: 4.84882 + L_Guidance: 2328.33767
Epoch: 0 [2830/5000 (57%)] Unweighted L_s : L_Mnfld: 0.00078 + L_NonMnfld: 0.00003 + L_Eknl: 0.07530 + L_Morse: 0.59928 + L_thetaHessian: 0.09992 + L_thetaNeighbor: 0.16163 + L_Guidance: 0.29104
Instruction guidance terms: boundary=0.06410, intra=0.07224, region=0.05075, type=0.05010, op=0.05385, proto=0.00000, boundary_prior=0.00000, internal_template=0.00000, transition=0.00000, extrude=0.00000, extrude_cons=0.00000, revolve=0.00000, revolve_cons=0.00000, chamfer=0.00000, chamfer_cons=0.00000, fillet=0.00000, fillet_cons=0.00000, singular=0.00000, anchor=0.00000, boundary_align=0.00000

Weights: [7000.0, 600.0, 10.0, 50.0, 30.0, 0.0007203333333333335, 8000.0], lr=5.000e-05
Epoch: 0 [2840/5000 (57%)] Loss: 2341.36523 = L_Mnfld: 6.11247 + L_NonMnfld: 0.01075 + L_Eknl: 3.76263 + L_Morse: 0.00044 + L_thetaHessian: 1.04471 + L_thetaNeighbor: 4.84067 + L_Guidance: 2325.59347
Epoch: 0 [2840/5000 (57%)] Unweighted L_s : L_Mnfld: 0.00087 + L_NonMnfld: 0.00002 + L_Eknl: 0.07525 + L_Morse: 0.60411 + L_thetaHessian: 0.10447 + L_thetaNeighbor: 0.16136 + L_Guidance: 0.29070
Instruction guidance terms: boundary=0.06400, intra=0.07221, region=0.05068, type=0.05003, op=0.05377, proto=0.00000, boundary_prior=0.00000, internal_template=0.00000, transition=0.00000, extrude=0.00000, extrude_cons=0.00000, revolve=0.00000, revolve_cons=0.00000, chamfer=0.00000, chamfer_cons=0.00000, fillet=0.00000, fillet_cons=0.00000, singular=0.00000, anchor=0.00000, boundary_align=0.00000

Weights: [7000.0, 600.0, 10.0, 50.0, 30.0, 0.0007170000000000001, 8000.0], lr=5.000e-05
Epoch: 0 [2850/5000 (57%)] Loss: 2344.28345 = L_Mnfld: 5.93998 + L_NonMnfld: 0.00896 + L_Eknl: 3.89511 + L_Morse: 0.00044 + L_thetaHessian: 1.00818 + L_thetaNeighbor: 4.84748 + L_Guidance: 2328.58324
Epoch: 0 [2850/5000 (57%)] Unweighted L_s : L_Mnfld: 0.00085 + L_NonMnfld: 0.00001 + L_Eknl: 0.07790 + L_Morse: 0.61806 + L_thetaHessian: 0.10082 + L_thetaNeighbor: 0.16158 + L_Guidance: 0.29107
Instruction guidance terms: boundary=0.06414, intra=0.07206, region=0.05081, type=0.05015, op=0.05390, proto=0.00000, boundary_prior=0.00000, internal_template=0.00000, transition=0.00000, extrude=0.00000, extrude_cons=0.00000, revolve=0.00000, revolve_cons=0.00000, chamfer=0.00000, chamfer_cons=0.00000, fillet=0.00000, fillet_cons=0.00000, singular=0.00000, anchor=0.00000, boundary_align=0.00000

Weights: [7000.0, 600.0, 10.0, 50.0, 30.0, 0.0007136666666666667, 8000.0], lr=5.000e-05
Epoch: 0 [2860/5000 (57%)] Loss: 2335.48047 = L_Mnfld: 6.00112 + L_NonMnfld: 0.00960 + L_Eknl: 4.07278 + L_Morse: 0.00043 + L_thetaHessian: 1.04163 + L_thetaNeighbor: 4.83401 + L_Guidance: 2319.52095
Epoch: 0 [2860/5000 (57%)] Unweighted L_s : L_Mnfld: 0.00086 + L_NonMnfld: 0.00002 + L_Eknl: 0.08146 + L_Morse: 0.59730 + L_thetaHessian: 0.10416 + L_thetaNeighbor: 0.16113 + L_Guidance: 0.28994
Instruction guidance terms: boundary=0.06380, intra=0.07230, region=0.05046, type=0.04982, op=0.05356, proto=0.00000, boundary_prior=0.00000, internal_template=0.00000, transition=0.00000, extrude=0.00000, extrude_cons=0.00000, revolve=0.00000, revolve_cons=0.00000, chamfer=0.00000, chamfer_cons=0.00000, fillet=0.00000, fillet_cons=0.00000, singular=0.00000, anchor=0.00000, boundary_align=0.00000

Weights: [7000.0, 600.0, 10.0, 50.0, 30.0, 0.0007103333333333334, 8000.0], lr=5.000e-05
Epoch: 0 [2870/5000 (57%)] Loss: 2336.96606 = L_Mnfld: 5.37479 + L_NonMnfld: 0.00903 + L_Eknl: 3.66699 + L_Morse: 0.00042 + L_thetaHessian: 0.96712 + L_thetaNeighbor: 4.83970 + L_Guidance: 2322.10779
Epoch: 0 [2870/5000 (57%)] Unweighted L_s : L_Mnfld: 0.00077 + L_NonMnfld: 0.00002 + L_Eknl: 0.07334 + L_Morse: 0.59759 + L_thetaHessian: 0.09671 + L_thetaNeighbor: 0.16132 + L_Guidance: 0.29026
Instruction guidance terms: boundary=0.06390, intra=0.07227, region=0.05054, type=0.04990, op=0.05365, proto=0.00000, boundary_prior=0.00000, internal_template=0.00000, transition=0.00000, extrude=0.00000, extrude_cons=0.00000, revolve=0.00000, revolve_cons=0.00000, chamfer=0.00000, chamfer_cons=0.00000, fillet=0.00000, fillet_cons=0.00000, singular=0.00000, anchor=0.00000, boundary_align=0.00000

Weights: [7000.0, 600.0, 10.0, 50.0, 30.0, 0.0007070000000000001, 8000.0], lr=5.000e-05
Epoch: 0 [2880/5000 (58%)] Loss: 2339.94434 = L_Mnfld: 5.97864 + L_NonMnfld: 0.01022 + L_Eknl: 3.71676 + L_Morse: 0.00042 + L_thetaHessian: 0.95931 + L_thetaNeighbor: 4.84076 + L_Guidance: 2324.43833
Epoch: 0 [2880/5000 (58%)] Unweighted L_s : L_Mnfld: 0.00085 + L_NonMnfld: 0.00002 + L_Eknl: 0.07434 + L_Morse: 0.59778 + L_thetaHessian: 0.09593 + L_thetaNeighbor: 0.16136 + L_Guidance: 0.29055
Instruction guidance terms: boundary=0.06398, intra=0.07220, region=0.05065, type=0.05000, op=0.05374, proto=0.00000, boundary_prior=0.00000, internal_template=0.00000, transition=0.00000, extrude=0.00000, extrude_cons=0.00000, revolve=0.00000, revolve_cons=0.00000, chamfer=0.00000, chamfer_cons=0.00000, fillet=0.00000, fillet_cons=0.00000, singular=0.00000, anchor=0.00000, boundary_align=0.00000

Weights: [7000.0, 600.0, 10.0, 50.0, 30.0, 0.0007036666666666667, 8000.0], lr=5.000e-05
Epoch: 0 [2890/5000 (58%)] Loss: 2346.39722 = L_Mnfld: 6.19465 + L_NonMnfld: 0.00763 + L_Eknl: 4.03573 + L_Morse: 0.00043 + L_thetaHessian: 0.99650 + L_thetaNeighbor: 4.85277 + L_Guidance: 2330.30963
Epoch: 0 [2890/5000 (58%)] Unweighted L_s : L_Mnfld: 0.00088 + L_NonMnfld: 0.00001 + L_Eknl: 0.08071 + L_Morse: 0.60972 + L_thetaHessian: 0.09965 + L_thetaNeighbor: 0.16176 + L_Guidance: 0.29129
Instruction guidance terms: boundary=0.06417, intra=0.07221, region=0.05082, type=0.05016, op=0.05392, proto=0.00000, boundary_prior=0.00000, internal_template=0.00000, transition=0.00000, extrude=0.00000, extrude_cons=0.00000, revolve=0.00000, revolve_cons=0.00000, chamfer=0.00000, chamfer_cons=0.00000, fillet=0.00000, fillet_cons=0.00000, singular=0.00000, anchor=0.00000, boundary_align=0.00000

Weights: [7000.0, 600.0, 10.0, 50.0, 30.0, 0.0007003333333333334, 8000.0], lr=5.000e-05
Epoch: 0 [2900/5000 (58%)] Loss: 2344.13428 = L_Mnfld: 6.20945 + L_NonMnfld: 0.01032 + L_Eknl: 3.86648 + L_Morse: 0.00044 + L_thetaHessian: 1.00771 + L_thetaNeighbor: 4.84695 + L_Guidance: 2328.19295
Epoch: 0 [2900/5000 (58%)] Unweighted L_s : L_Mnfld: 0.00089 + L_NonMnfld: 0.00002 + L_Eknl: 0.07733 + L_Morse: 0.62475 + L_thetaHessian: 0.10077 + L_thetaNeighbor: 0.16157 + L_Guidance: 0.29102
Instruction guidance terms: boundary=0.06409, intra=0.07228, region=0.05074, type=0.05009, op=0.05384, proto=0.00000, boundary_prior=0.00000, internal_template=0.00000, transition=0.00000, extrude=0.00000, extrude_cons=0.00000, revolve=0.00000, revolve_cons=0.00000, chamfer=0.00000, chamfer_cons=0.00000, fillet=0.00000, fillet_cons=0.00000, singular=0.00000, anchor=0.00000, boundary_align=0.00000

Weights: [7000.0, 600.0, 10.0, 50.0, 30.0, 0.000697, 8000.0], lr=5.000e-05
Epoch: 0 [2910/5000 (58%)] Loss: 2338.69873 = L_Mnfld: 6.22887 + L_NonMnfld: 0.01136 + L_Eknl: 3.75176 + L_Morse: 0.00043 + L_thetaHessian: 1.01883 + L_thetaNeighbor: 4.83346 + L_Guidance: 2322.85404
Epoch: 0 [2910/5000 (58%)] Unweighted L_s : L_Mnfld: 0.00089 + L_NonMnfld: 0.00002 + L_Eknl: 0.07504 + L_Morse: 0.62340 + L_thetaHessian: 0.10188 + L_thetaNeighbor: 0.16112 + L_Guidance: 0.29036
Instruction guidance terms: boundary=0.06390, intra=0.07221, region=0.05061, type=0.04995, op=0.05368, proto=0.00000, boundary_prior=0.00000, internal_template=0.00000, transition=0.00000, extrude=0.00000, extrude_cons=0.00000, revolve=0.00000, revolve_cons=0.00000, chamfer=0.00000, chamfer_cons=0.00000, fillet=0.00000, fillet_cons=0.00000, singular=0.00000, anchor=0.00000, boundary_align=0.00000

Weights: [7000.0, 600.0, 10.0, 50.0, 30.0, 0.0006936666666666667, 8000.0], lr=5.000e-05
Epoch: 0 [2920/5000 (58%)] Loss: 2340.11523 = L_Mnfld: 6.64628 + L_NonMnfld: 0.01275 + L_Eknl: 3.71726 + L_Morse: 0.00044 + L_thetaHessian: 1.08615 + L_thetaNeighbor: 4.84126 + L_Guidance: 2323.81105
Epoch: 0 [2920/5000 (58%)] Unweighted L_s : L_Mnfld: 0.00095 + L_NonMnfld: 0.00002 + L_Eknl: 0.07435 + L_Morse: 0.63157 + L_thetaHessian: 0.10862 + L_thetaNeighbor: 0.16138 + L_Guidance: 0.29048
Instruction guidance terms: boundary=0.06394, intra=0.07232, region=0.05059, type=0.04995, op=0.05369, proto=0.00000, boundary_prior=0.00000, internal_template=0.00000, transition=0.00000, extrude=0.00000, extrude_cons=0.00000, revolve=0.00000, revolve_cons=0.00000, chamfer=0.00000, chamfer_cons=0.00000, fillet=0.00000, fillet_cons=0.00000, singular=0.00000, anchor=0.00000, boundary_align=0.00000

Weights: [7000.0, 600.0, 10.0, 50.0, 30.0, 0.0006903333333333334, 8000.0], lr=5.000e-05
Epoch: 0 [2930/5000 (59%)] Loss: 2338.45410 = L_Mnfld: 6.51019 + L_NonMnfld: 0.01269 + L_Eknl: 3.82579 + L_Morse: 0.00043 + L_thetaHessian: 1.00755 + L_thetaNeighbor: 4.83961 + L_Guidance: 2322.25776
Epoch: 0 [2930/5000 (59%)] Unweighted L_s : L_Mnfld: 0.00093 + L_NonMnfld: 0.00002 + L_Eknl: 0.07652 + L_Morse: 0.62214 + L_thetaHessian: 0.10075 + L_thetaNeighbor: 0.16132 + L_Guidance: 0.29028
Instruction guidance terms: boundary=0.06389, intra=0.07231, region=0.05054, type=0.04990, op=0.05364, proto=0.00000, boundary_prior=0.00000, internal_template=0.00000, transition=0.00000, extrude=0.00000, extrude_cons=0.00000, revolve=0.00000, revolve_cons=0.00000, chamfer=0.00000, chamfer_cons=0.00000, fillet=0.00000, fillet_cons=0.00000, singular=0.00000, anchor=0.00000, boundary_align=0.00000

Weights: [7000.0, 600.0, 10.0, 50.0, 30.0, 0.0006870000000000001, 8000.0], lr=5.000e-05
Epoch: 0 [2940/5000 (59%)] Loss: 2342.02148 = L_Mnfld: 6.47023 + L_NonMnfld: 0.00808 + L_Eknl: 3.81729 + L_Morse: 0.00043 + L_thetaHessian: 1.18628 + L_thetaNeighbor: 4.84100 + L_Guidance: 2325.69814
Epoch: 0 [2940/5000 (59%)] Unweighted L_s : L_Mnfld: 0.00092 + L_NonMnfld: 0.00001 + L_Eknl: 0.07635 + L_Morse: 0.62705 + L_thetaHessian: 0.11863 + L_thetaNeighbor: 0.16137 + L_Guidance: 0.29071
Instruction guidance terms: boundary=0.06401, intra=0.07218, region=0.05070, type=0.05004, op=0.05378, proto=0.00000, boundary_prior=0.00000, internal_template=0.00000, transition=0.00000, extrude=0.00000, extrude_cons=0.00000, revolve=0.00000, revolve_cons=0.00000, chamfer=0.00000, chamfer_cons=0.00000, fillet=0.00000, fillet_cons=0.00000, singular=0.00000, anchor=0.00000, boundary_align=0.00000

Weights: [7000.0, 600.0, 10.0, 50.0, 30.0, 0.0006836666666666667, 8000.0], lr=5.000e-05
Epoch: 0 [2950/5000 (59%)] Loss: 2338.12817 = L_Mnfld: 6.38908 + L_NonMnfld: 0.01500 + L_Eknl: 3.98589 + L_Morse: 0.00043 + L_thetaHessian: 1.09782 + L_thetaNeighbor: 4.83714 + L_Guidance: 2321.80285
Epoch: 0 [2950/5000 (59%)] Unweighted L_s : L_Mnfld: 0.00091 + L_NonMnfld: 0.00003 + L_Eknl: 0.07972 + L_Morse: 0.62253 + L_thetaHessian: 0.10978 + L_thetaNeighbor: 0.16124 + L_Guidance: 0.29023
Instruction guidance terms: boundary=0.06388, intra=0.07226, region=0.05054, type=0.04990, op=0.05364, proto=0.00000, boundary_prior=0.00000, internal_template=0.00000, transition=0.00000, extrude=0.00000, extrude_cons=0.00000, revolve=0.00000, revolve_cons=0.00000, chamfer=0.00000, chamfer_cons=0.00000, fillet=0.00000, fillet_cons=0.00000, singular=0.00000, anchor=0.00000, boundary_align=0.00000

Weights: [7000.0, 600.0, 10.0, 50.0, 30.0, 0.0006803333333333334, 8000.0], lr=5.000e-05
Epoch: 0 [2960/5000 (59%)] Loss: 2339.09912 = L_Mnfld: 6.41934 + L_NonMnfld: 0.01182 + L_Eknl: 3.80852 + L_Morse: 0.00042 + L_thetaHessian: 1.07589 + L_thetaNeighbor: 4.83832 + L_Guidance: 2322.94488
Epoch: 0 [2960/5000 (59%)] Unweighted L_s : L_Mnfld: 0.00092 + L_NonMnfld: 0.00002 + L_Eknl: 0.07617 + L_Morse: 0.62062 + L_thetaHessian: 0.10759 + L_thetaNeighbor: 0.16128 + L_Guidance: 0.29037
Instruction guidance terms: boundary=0.06392, intra=0.07223, region=0.05059, type=0.04994, op=0.05368, proto=0.00000, boundary_prior=0.00000, internal_template=0.00000, transition=0.00000, extrude=0.00000, extrude_cons=0.00000, revolve=0.00000, revolve_cons=0.00000, chamfer=0.00000, chamfer_cons=0.00000, fillet=0.00000, fillet_cons=0.00000, singular=0.00000, anchor=0.00000, boundary_align=0.00000

Weights: [7000.0, 600.0, 10.0, 50.0, 30.0, 0.0006770000000000001, 8000.0], lr=5.000e-05
Epoch: 0 [2970/5000 (59%)] Loss: 2344.34155 = L_Mnfld: 6.95753 + L_NonMnfld: 0.02448 + L_Eknl: 3.87715 + L_Morse: 0.00042 + L_thetaHessian: 1.06223 + L_thetaNeighbor: 4.84602 + L_Guidance: 2327.57378
Epoch: 0 [2970/5000 (59%)] Unweighted L_s : L_Mnfld: 0.00099 + L_NonMnfld: 0.00004 + L_Eknl: 0.07754 + L_Morse: 0.62167 + L_thetaHessian: 0.10622 + L_thetaNeighbor: 0.16153 + L_Guidance: 0.29095
Instruction guidance terms: boundary=0.06410, intra=0.07209, region=0.05078, type=0.05012, op=0.05386, proto=0.00000, boundary_prior=0.00000, internal_template=0.00000, transition=0.00000, extrude=0.00000, extrude_cons=0.00000, revolve=0.00000, revolve_cons=0.00000, chamfer=0.00000, chamfer_cons=0.00000, fillet=0.00000, fillet_cons=0.00000, singular=0.00000, anchor=0.00000, boundary_align=0.00000

Weights: [7000.0, 600.0, 10.0, 50.0, 30.0, 0.0006736666666666667, 8000.0], lr=5.000e-05
Epoch: 0 [2980/5000 (60%)] Loss: 2333.73730 = L_Mnfld: 5.60370 + L_NonMnfld: 0.01133 + L_Eknl: 3.93971 + L_Morse: 0.00042 + L_thetaHessian: 1.02046 + L_thetaNeighbor: 4.83307 + L_Guidance: 2318.32862
Epoch: 0 [2980/5000 (60%)] Unweighted L_s : L_Mnfld: 0.00080 + L_NonMnfld: 0.00002 + L_Eknl: 0.07879 + L_Morse: 0.63050 + L_thetaHessian: 0.10205 + L_thetaNeighbor: 0.16110 + L_Guidance: 0.28979
Instruction guidance terms: boundary=0.06378, intra=0.07224, region=0.05044, type=0.04980, op=0.05354, proto=0.00000, boundary_prior=0.00000, internal_template=0.00000, transition=0.00000, extrude=0.00000, extrude_cons=0.00000, revolve=0.00000, revolve_cons=0.00000, chamfer=0.00000, chamfer_cons=0.00000, fillet=0.00000, fillet_cons=0.00000, singular=0.00000, anchor=0.00000, boundary_align=0.00000

Weights: [7000.0, 600.0, 10.0, 50.0, 30.0, 0.0006703333333333333, 8000.0], lr=5.000e-05
Epoch: 0 [2990/5000 (60%)] Loss: 2336.65283 = L_Mnfld: 7.28522 + L_NonMnfld: 0.01200 + L_Eknl: 3.92979 + L_Morse: 0.00042 + L_thetaHessian: 1.13471 + L_thetaNeighbor: 4.83416 + L_Guidance: 2319.45658
Epoch: 0 [2990/5000 (60%)] Unweighted L_s : L_Mnfld: 0.00104 + L_NonMnfld: 0.00002 + L_Eknl: 0.07860 + L_Morse: 0.63314 + L_thetaHessian: 0.11347 + L_thetaNeighbor: 0.16114 + L_Guidance: 0.28993
Instruction guidance terms: boundary=0.06382, intra=0.07219, region=0.05049, type=0.04985, op=0.05359, proto=0.00000, boundary_prior=0.00000, internal_template=0.00000, transition=0.00000, extrude=0.00000, extrude_cons=0.00000, revolve=0.00000, revolve_cons=0.00000, chamfer=0.00000, chamfer_cons=0.00000, fillet=0.00000, fillet_cons=0.00000, singular=0.00000, anchor=0.00000, boundary_align=0.00000

Weights: [7000.0, 600.0, 10.0, 50.0, 30.0, 0.0006670000000000001, 8000.0], lr=5.000e-05
Epoch: 0 [3000/5000 (60%)] Loss: 2341.63428 = L_Mnfld: 7.15743 + L_NonMnfld: 0.00777 + L_Eknl: 3.91392 + L_Morse: 0.00043 + L_thetaHessian: 1.25421 + L_thetaNeighbor: 4.84051 + L_Guidance: 2324.46003
Epoch: 0 [3000/5000 (60%)] Unweighted L_s : L_Mnfld: 0.00102 + L_NonMnfld: 0.00001 + L_Eknl: 0.07828 + L_Morse: 0.64435 + L_thetaHessian: 0.12542 + L_thetaNeighbor: 0.16135 + L_Guidance: 0.29056
Instruction guidance terms: boundary=0.06398, intra=0.07219, region=0.05065, type=0.05000, op=0.05374, proto=0.00000, boundary_prior=0.00000, internal_template=0.00000, transition=0.00000, extrude=0.00000, extrude_cons=0.00000, revolve=0.00000, revolve_cons=0.00000, chamfer=0.00000, chamfer_cons=0.00000, fillet=0.00000, fillet_cons=0.00000, singular=0.00000, anchor=0.00000, boundary_align=0.00000

Weights: [7000.0, 600.0, 10.0, 50.0, 30.0, 0.0006636666666666668, 8000.0], lr=5.000e-05
Epoch: 0 [3010/5000 (60%)] Loss: 2345.30396 = L_Mnfld: 7.72530 + L_NonMnfld: 0.01562 + L_Eknl: 3.65821 + L_Morse: 0.00042 + L_thetaHessian: 1.22703 + L_thetaNeighbor: 4.84589 + L_Guidance: 2327.83151
Epoch: 0 [3010/5000 (60%)] Unweighted L_s : L_Mnfld: 0.00110 + L_NonMnfld: 0.00003 + L_Eknl: 0.07316 + L_Morse: 0.63526 + L_thetaHessian: 0.12270 + L_thetaNeighbor: 0.16153 + L_Guidance: 0.29098
Instruction guidance terms: boundary=0.06409, intra=0.07217, region=0.05076, type=0.05010, op=0.05385, proto=0.00000, boundary_prior=0.00000, internal_template=0.00000, transition=0.00000, extrude=0.00000, extrude_cons=0.00000, revolve=0.00000, revolve_cons=0.00000, chamfer=0.00000, chamfer_cons=0.00000, fillet=0.00000, fillet_cons=0.00000, singular=0.00000, anchor=0.00000, boundary_align=0.00000

Weights: [7000.0, 600.0, 10.0, 50.0, 30.0, 0.0006603333333333333, 8000.0], lr=5.000e-05
Epoch: 0 [3020/5000 (60%)] Loss: 2345.45459 = L_Mnfld: 8.41154 + L_NonMnfld: 0.01266 + L_Eknl: 4.07279 + L_Morse: 0.00042 + L_thetaHessian: 1.45798 + L_thetaNeighbor: 4.84855 + L_Guidance: 2326.65062
Epoch: 0 [3020/5000 (60%)] Unweighted L_s : L_Mnfld: 0.00120 + L_NonMnfld: 0.00002 + L_Eknl: 0.08146 + L_Morse: 0.63744 + L_thetaHessian: 0.14580 + L_thetaNeighbor: 0.16162 + L_Guidance: 0.29083
Instruction guidance terms: boundary=0.06407, intra=0.07219, region=0.05070, type=0.05006, op=0.05381, proto=0.00000, boundary_prior=0.00000, internal_template=0.00000, transition=0.00000, extrude=0.00000, extrude_cons=0.00000, revolve=0.00000, revolve_cons=0.00000, chamfer=0.00000, chamfer_cons=0.00000, fillet=0.00000, fillet_cons=0.00000, singular=0.00000, anchor=0.00000, boundary_align=0.00000

Weights: [7000.0, 600.0, 10.0, 50.0, 30.0, 0.000657, 8000.0], lr=5.000e-05
Epoch: 0 [3030/5000 (61%)] Loss: 2341.36816 = L_Mnfld: 7.15954 + L_NonMnfld: 0.00608 + L_Eknl: 3.93276 + L_Morse: 0.00042 + L_thetaHessian: 1.38672 + L_thetaNeighbor: 4.83988 + L_Guidance: 2324.04280
Epoch: 0 [3030/5000 (61%)] Unweighted L_s : L_Mnfld: 0.00102 + L_NonMnfld: 0.00001 + L_Eknl: 0.07866 + L_Morse: 0.64221 + L_thetaHessian: 0.13867 + L_thetaNeighbor: 0.16133 + L_Guidance: 0.29051
Instruction guidance terms: boundary=0.06394, intra=0.07232, region=0.05060, type=0.04995, op=0.05370, proto=0.00000, boundary_prior=0.00000, internal_template=0.00000, transition=0.00000, extrude=0.00000, extrude_cons=0.00000, revolve=0.00000, revolve_cons=0.00000, chamfer=0.00000, chamfer_cons=0.00000, fillet=0.00000, fillet_cons=0.00000, singular=0.00000, anchor=0.00000, boundary_align=0.00000

Weights: [7000.0, 600.0, 10.0, 50.0, 30.0, 0.0006536666666666668, 8000.0], lr=5.000e-05
Epoch: 0 [3040/5000 (61%)] Loss: 2343.01855 = L_Mnfld: 9.19979 + L_NonMnfld: 0.00934 + L_Eknl: 4.35186 + L_Morse: 0.00044 + L_thetaHessian: 1.71431 + L_thetaNeighbor: 4.83605 + L_Guidance: 2322.90673
Epoch: 0 [3040/5000 (61%)] Unweighted L_s : L_Mnfld: 0.00131 + L_NonMnfld: 0.00002 + L_Eknl: 0.08704 + L_Morse: 0.67620 + L_thetaHessian: 0.17143 + L_thetaNeighbor: 0.16120 + L_Guidance: 0.29036
Instruction guidance terms: boundary=0.06390, intra=0.07229, region=0.05058, type=0.04993, op=0.05367, proto=0.00000, boundary_prior=0.00000, internal_template=0.00000, transition=0.00000, extrude=0.00000, extrude_cons=0.00000, revolve=0.00000, revolve_cons=0.00000, chamfer=0.00000, chamfer_cons=0.00000, fillet=0.00000, fillet_cons=0.00000, singular=0.00000, anchor=0.00000, boundary_align=0.00000

Weights: [7000.0, 600.0, 10.0, 50.0, 30.0, 0.0006503333333333333, 8000.0], lr=5.000e-05
Epoch: 0 [3050/5000 (61%)] Loss: 2343.89111 = L_Mnfld: 7.33897 + L_NonMnfld: 0.00936 + L_Eknl: 3.99245 + L_Morse: 0.00042 + L_thetaHessian: 1.52424 + L_thetaNeighbor: 4.84139 + L_Guidance: 2326.18427
Epoch: 0 [3050/5000 (61%)] Unweighted L_s : L_Mnfld: 0.00105 + L_NonMnfld: 0.00002 + L_Eknl: 0.07985 + L_Morse: 0.64037 + L_thetaHessian: 0.15242 + L_thetaNeighbor: 0.16138 + L_Guidance: 0.29077
Instruction guidance terms: boundary=0.06401, intra=0.07227, region=0.05069, type=0.05003, op=0.05377, proto=0.00000, boundary_prior=0.00000, internal_template=0.00000, transition=0.00000, extrude=0.00000, extrude_cons=0.00000, revolve=0.00000, revolve_cons=0.00000, chamfer=0.00000, chamfer_cons=0.00000, fillet=0.00000, fillet_cons=0.00000, singular=0.00000, anchor=0.00000, boundary_align=0.00000

Weights: [7000.0, 600.0, 10.0, 50.0, 30.0, 0.000647, 8000.0], lr=5.000e-05
Epoch: 0 [3060/5000 (61%)] Loss: 2348.12158 = L_Mnfld: 8.01344 + L_NonMnfld: 0.01723 + L_Eknl: 3.86440 + L_Morse: 0.00042 + L_thetaHessian: 1.44314 + L_thetaNeighbor: 4.84682 + L_Guidance: 2329.93603
Epoch: 0 [3060/5000 (61%)] Unweighted L_s : L_Mnfld: 0.00114 + L_NonMnfld: 0.00003 + L_Eknl: 0.07729 + L_Morse: 0.65316 + L_thetaHessian: 0.14431 + L_thetaNeighbor: 0.16156 + L_Guidance: 0.29124
Instruction guidance terms: boundary=0.06414, intra=0.07222, region=0.05083, type=0.05016, op=0.05390, proto=0.00000, boundary_prior=0.00000, internal_template=0.00000, transition=0.00000, extrude=0.00000, extrude_cons=0.00000, revolve=0.00000, revolve_cons=0.00000, chamfer=0.00000, chamfer_cons=0.00000, fillet=0.00000, fillet_cons=0.00000, singular=0.00000, anchor=0.00000, boundary_align=0.00000

Weights: [7000.0, 600.0, 10.0, 50.0, 30.0, 0.0006436666666666667, 8000.0], lr=5.000e-05
Epoch: 0 [3070/5000 (61%)] Loss: 2341.54785 = L_Mnfld: 7.40132 + L_NonMnfld: 0.01110 + L_Eknl: 3.76054 + L_Morse: 0.00043 + L_thetaHessian: 1.49825 + L_thetaNeighbor: 4.83900 + L_Guidance: 2324.03708
Epoch: 0 [3070/5000 (61%)] Unweighted L_s : L_Mnfld: 0.00106 + L_NonMnfld: 0.00002 + L_Eknl: 0.07521 + L_Morse: 0.66554 + L_thetaHessian: 0.14982 + L_thetaNeighbor: 0.16130 + L_Guidance: 0.29050
Instruction guidance terms: boundary=0.06395, intra=0.07225, region=0.05062, type=0.04997, op=0.05371, proto=0.00000, boundary_prior=0.00000, internal_template=0.00000, transition=0.00000, extrude=0.00000, extrude_cons=0.00000, revolve=0.00000, revolve_cons=0.00000, chamfer=0.00000, chamfer_cons=0.00000, fillet=0.00000, fillet_cons=0.00000, singular=0.00000, anchor=0.00000, boundary_align=0.00000

Weights: [7000.0, 600.0, 10.0, 50.0, 30.0, 0.0006403333333333334, 8000.0], lr=5.000e-05
Epoch: 0 [3080/5000 (62%)] Loss: 2340.13501 = L_Mnfld: 7.37464 + L_NonMnfld: 0.01345 + L_Eknl: 4.18182 + L_Morse: 0.00042 + L_thetaHessian: 1.65262 + L_thetaNeighbor: 4.83499 + L_Guidance: 2322.07704
Epoch: 0 [3080/5000 (62%)] Unweighted L_s : L_Mnfld: 0.00105 + L_NonMnfld: 0.00002 + L_Eknl: 0.08364 + L_Morse: 0.64945 + L_thetaHessian: 0.16526 + L_thetaNeighbor: 0.16117 + L_Guidance: 0.29026
Instruction guidance terms: boundary=0.06387, intra=0.07231, region=0.05054, type=0.04990, op=0.05363, proto=0.00000, boundary_prior=0.00000, internal_template=0.00000, transition=0.00000, extrude=0.00000, extrude_cons=0.00000, revolve=0.00000, revolve_cons=0.00000, chamfer=0.00000, chamfer_cons=0.00000, fillet=0.00000, fillet_cons=0.00000, singular=0.00000, anchor=0.00000, boundary_align=0.00000

Weights: [7000.0, 600.0, 10.0, 50.0, 30.0, 0.000637, 8000.0], lr=5.000e-05
Epoch: 0 [3090/5000 (62%)] Loss: 2338.62036 = L_Mnfld: 7.16984 + L_NonMnfld: 0.00899 + L_Eknl: 4.03253 + L_Morse: 0.00041 + L_thetaHessian: 1.47206 + L_thetaNeighbor: 4.83673 + L_Guidance: 2321.09976
Epoch: 0 [3090/5000 (62%)] Unweighted L_s : L_Mnfld: 0.00102 + L_NonMnfld: 0.00001 + L_Eknl: 0.08065 + L_Morse: 0.63615 + L_thetaHessian: 0.14721 + L_thetaNeighbor: 0.16122 + L_Guidance: 0.29014
Instruction guidance terms: boundary=0.06387, intra=0.07223, region=0.05053, type=0.04989, op=0.05362, proto=0.00000, boundary_prior=0.00000, internal_template=0.00000, transition=0.00000, extrude=0.00000, extrude_cons=0.00000, revolve=0.00000, revolve_cons=0.00000, chamfer=0.00000, chamfer_cons=0.00000, fillet=0.00000, fillet_cons=0.00000, singular=0.00000, anchor=0.00000, boundary_align=0.00000

Weights: [7000.0, 600.0, 10.0, 50.0, 30.0, 0.0006336666666666667, 8000.0], lr=5.000e-05
Epoch: 0 [3100/5000 (62%)] Loss: 2338.31104 = L_Mnfld: 7.83660 + L_NonMnfld: 0.00877 + L_Eknl: 4.00675 + L_Morse: 0.00041 + L_thetaHessian: 1.48658 + L_thetaNeighbor: 4.83339 + L_Guidance: 2320.13845
Epoch: 0 [3100/5000 (62%)] Unweighted L_s : L_Mnfld: 0.00112 + L_NonMnfld: 0.00001 + L_Eknl: 0.08013 + L_Morse: 0.65054 + L_thetaHessian: 0.14866 + L_thetaNeighbor: 0.16111 + L_Guidance: 0.29002
Instruction guidance terms: boundary=0.06383, intra=0.07223, region=0.05050, type=0.04986, op=0.05359, proto=0.00000, boundary_prior=0.00000, internal_template=0.00000, transition=0.00000, extrude=0.00000, extrude_cons=0.00000, revolve=0.00000, revolve_cons=0.00000, chamfer=0.00000, chamfer_cons=0.00000, fillet=0.00000, fillet_cons=0.00000, singular=0.00000, anchor=0.00000, boundary_align=0.00000

Weights: [7000.0, 600.0, 10.0, 50.0, 30.0, 0.0006303333333333333, 8000.0], lr=5.000e-05
Epoch: 0 [3110/5000 (62%)] Loss: 2337.39038 = L_Mnfld: 6.63378 + L_NonMnfld: 0.00928 + L_Eknl: 3.79978 + L_Morse: 0.00041 + L_thetaHessian: 1.24423 + L_thetaNeighbor: 4.83352 + L_Guidance: 2320.86945
Epoch: 0 [3110/5000 (62%)] Unweighted L_s : L_Mnfld: 0.00095 + L_NonMnfld: 0.00002 + L_Eknl: 0.07600 + L_Morse: 0.65829 + L_thetaHessian: 0.12442 + L_thetaNeighbor: 0.16112 + L_Guidance: 0.29011
Instruction guidance terms: boundary=0.06384, intra=0.07226, region=0.05052, type=0.04988, op=0.05361, proto=0.00000, boundary_prior=0.00000, internal_template=0.00000, transition=0.00000, extrude=0.00000, extrude_cons=0.00000, revolve=0.00000, revolve_cons=0.00000, chamfer=0.00000, chamfer_cons=0.00000, fillet=0.00000, fillet_cons=0.00000, singular=0.00000, anchor=0.00000, boundary_align=0.00000

Weights: [7000.0, 600.0, 10.0, 50.0, 30.0, 0.000627, 8000.0], lr=5.000e-05
Epoch: 0 [3120/5000 (62%)] Loss: 2336.65088 = L_Mnfld: 6.02993 + L_NonMnfld: 0.00736 + L_Eknl: 3.62269 + L_Morse: 0.00041 + L_thetaHessian: 1.16882 + L_thetaNeighbor: 4.83272 + L_Guidance: 2320.98889
Epoch: 0 [3120/5000 (62%)] Unweighted L_s : L_Mnfld: 0.00086 + L_NonMnfld: 0.00001 + L_Eknl: 0.07245 + L_Morse: 0.64707 + L_thetaHessian: 0.11688 + L_thetaNeighbor: 0.16109 + L_Guidance: 0.29012
Instruction guidance terms: boundary=0.06383, intra=0.07231, region=0.05051, type=0.04987, op=0.05360, proto=0.00000, boundary_prior=0.00000, internal_template=0.00000, transition=0.00000, extrude=0.00000, extrude_cons=0.00000, revolve=0.00000, revolve_cons=0.00000, chamfer=0.00000, chamfer_cons=0.00000, fillet=0.00000, fillet_cons=0.00000, singular=0.00000, anchor=0.00000, boundary_align=0.00000

Weights: [7000.0, 600.0, 10.0, 50.0, 30.0, 0.0006236666666666667, 8000.0], lr=5.000e-05
Epoch: 0 [3130/5000 (63%)] Loss: 2336.82983 = L_Mnfld: 6.71561 + L_NonMnfld: 0.01082 + L_Eknl: 3.77076 + L_Morse: 0.00040 + L_thetaHessian: 1.12882 + L_thetaNeighbor: 4.83472 + L_Guidance: 2320.36877
Epoch: 0 [3130/5000 (63%)] Unweighted L_s : L_Mnfld: 0.00096 + L_NonMnfld: 0.00002 + L_Eknl: 0.07542 + L_Morse: 0.64523 + L_thetaHessian: 0.11288 + L_thetaNeighbor: 0.16116 + L_Guidance: 0.29005
Instruction guidance terms: boundary=0.06382, intra=0.07230, region=0.05049, type=0.04985, op=0.05359, proto=0.00000, boundary_prior=0.00000, internal_template=0.00000, transition=0.00000, extrude=0.00000, extrude_cons=0.00000, revolve=0.00000, revolve_cons=0.00000, chamfer=0.00000, chamfer_cons=0.00000, fillet=0.00000, fillet_cons=0.00000, singular=0.00000, anchor=0.00000, boundary_align=0.00000

Weights: [7000.0, 600.0, 10.0, 50.0, 30.0, 0.0006203333333333333, 8000.0], lr=5.000e-05
Epoch: 0 [3140/5000 (63%)] Loss: 2348.51343 = L_Mnfld: 7.54423 + L_NonMnfld: 0.00794 + L_Eknl: 3.77366 + L_Morse: 0.00042 + L_thetaHessian: 1.25265 + L_thetaNeighbor: 4.84815 + L_Guidance: 2331.08640
Epoch: 0 [3140/5000 (63%)] Unweighted L_s : L_Mnfld: 0.00108 + L_NonMnfld: 0.00001 + L_Eknl: 0.07547 + L_Morse: 0.67262 + L_thetaHessian: 0.12527 + L_thetaNeighbor: 0.16161 + L_Guidance: 0.29139
Instruction guidance terms: boundary=0.06422, intra=0.07203, region=0.05092, type=0.05024, op=0.05398, proto=0.00000, boundary_prior=0.00000, internal_template=0.00000, transition=0.00000, extrude=0.00000, extrude_cons=0.00000, revolve=0.00000, revolve_cons=0.00000, chamfer=0.00000, chamfer_cons=0.00000, fillet=0.00000, fillet_cons=0.00000, singular=0.00000, anchor=0.00000, boundary_align=0.00000

Weights: [7000.0, 600.0, 10.0, 50.0, 30.0, 0.0006169999999999999, 8000.0], lr=5.000e-05
Epoch: 0 [3150/5000 (63%)] Loss: 2342.45605 = L_Mnfld: 8.90059 + L_NonMnfld: 0.00816 + L_Eknl: 3.95661 + L_Morse: 0.00040 + L_thetaHessian: 1.37674 + L_thetaNeighbor: 4.83746 + L_Guidance: 2323.37594
Epoch: 0 [3150/5000 (63%)] Unweighted L_s : L_Mnfld: 0.00127 + L_NonMnfld: 0.00001 + L_Eknl: 0.07913 + L_Morse: 0.64732 + L_thetaHessian: 0.13767 + L_thetaNeighbor: 0.16125 + L_Guidance: 0.29042
Instruction guidance terms: boundary=0.06392, intra=0.07226, region=0.05060, type=0.04995, op=0.05368, proto=0.00000, boundary_prior=0.00000, internal_template=0.00000, transition=0.00000, extrude=0.00000, extrude_cons=0.00000, revolve=0.00000, revolve_cons=0.00000, chamfer=0.00000, chamfer_cons=0.00000, fillet=0.00000, fillet_cons=0.00000, singular=0.00000, anchor=0.00000, boundary_align=0.00000

Weights: [7000.0, 600.0, 10.0, 50.0, 30.0, 0.0006136666666666667, 8000.0], lr=5.000e-05
Epoch: 0 [3160/5000 (63%)] Loss: 2343.87622 = L_Mnfld: 9.03956 + L_NonMnfld: 0.00926 + L_Eknl: 3.95371 + L_Morse: 0.00042 + L_thetaHessian: 1.40311 + L_thetaNeighbor: 4.83713 + L_Guidance: 2324.63312
Epoch: 0 [3160/5000 (63%)] Unweighted L_s : L_Mnfld: 0.00129 + L_NonMnfld: 0.00002 + L_Eknl: 0.07907 + L_Morse: 0.67667 + L_thetaHessian: 0.14031 + L_thetaNeighbor: 0.16124 + L_Guidance: 0.29058
Instruction guidance terms: boundary=0.06395, intra=0.07230, region=0.05064, type=0.04998, op=0.05372, proto=0.00000, boundary_prior=0.00000, internal_template=0.00000, transition=0.00000, extrude=0.00000, extrude_cons=0.00000, revolve=0.00000, revolve_cons=0.00000, chamfer=0.00000, chamfer_cons=0.00000, fillet=0.00000, fillet_cons=0.00000, singular=0.00000, anchor=0.00000, boundary_align=0.00000

Weights: [7000.0, 600.0, 10.0, 50.0, 30.0, 0.0006103333333333334, 8000.0], lr=5.000e-05
Epoch: 0 [3170/5000 (63%)] Loss: 2334.85010 = L_Mnfld: 7.17799 + L_NonMnfld: 0.01692 + L_Eknl: 3.91635 + L_Morse: 0.00040 + L_thetaHessian: 1.33579 + L_thetaNeighbor: 4.83118 + L_Guidance: 2317.57164
Epoch: 0 [3170/5000 (63%)] Unweighted L_s : L_Mnfld: 0.00103 + L_NonMnfld: 0.00003 + L_Eknl: 0.07833 + L_Morse: 0.65459 + L_thetaHessian: 0.13358 + L_thetaNeighbor: 0.16104 + L_Guidance: 0.28970
Instruction guidance terms: boundary=0.06374, intra=0.07231, region=0.05039, type=0.04976, op=0.05350, proto=0.00000, boundary_prior=0.00000, internal_template=0.00000, transition=0.00000, extrude=0.00000, extrude_cons=0.00000, revolve=0.00000, revolve_cons=0.00000, chamfer=0.00000, chamfer_cons=0.00000, fillet=0.00000, fillet_cons=0.00000, singular=0.00000, anchor=0.00000, boundary_align=0.00000

Weights: [7000.0, 600.0, 10.0, 50.0, 30.0, 0.000607, 8000.0], lr=5.000e-05
Epoch: 0 [3180/5000 (64%)] Loss: 2343.64819 = L_Mnfld: 6.59978 + L_NonMnfld: 0.01268 + L_Eknl: 3.74107 + L_Morse: 0.00040 + L_thetaHessian: 1.43128 + L_thetaNeighbor: 4.83995 + L_Guidance: 2327.02303
Epoch: 0 [3180/5000 (64%)] Unweighted L_s : L_Mnfld: 0.00094 + L_NonMnfld: 0.00002 + L_Eknl: 0.07482 + L_Morse: 0.66618 + L_thetaHessian: 0.14313 + L_thetaNeighbor: 0.16133 + L_Guidance: 0.29088
Instruction guidance terms: boundary=0.06404, intra=0.07216, region=0.05076, type=0.05009, op=0.05382, proto=0.00000, boundary_prior=0.00000, internal_template=0.00000, transition=0.00000, extrude=0.00000, extrude_cons=0.00000, revolve=0.00000, revolve_cons=0.00000, chamfer=0.00000, chamfer_cons=0.00000, fillet=0.00000, fillet_cons=0.00000, singular=0.00000, anchor=0.00000, boundary_align=0.00000

Weights: [7000.0, 600.0, 10.0, 50.0, 30.0, 0.0006036666666666666, 8000.0], lr=5.000e-05
Epoch: 0 [3190/5000 (64%)] Loss: 2341.97729 = L_Mnfld: 6.72828 + L_NonMnfld: 0.00626 + L_Eknl: 4.00635 + L_Morse: 0.00040 + L_thetaHessian: 1.30948 + L_thetaNeighbor: 4.84091 + L_Guidance: 2325.08564
Epoch: 0 [3190/5000 (64%)] Unweighted L_s : L_Mnfld: 0.00096 + L_NonMnfld: 0.00001 + L_Eknl: 0.08013 + L_Morse: 0.65668 + L_thetaHessian: 0.13095 + L_thetaNeighbor: 0.16136 + L_Guidance: 0.29064
Instruction guidance terms: boundary=0.06396, intra=0.07237, region=0.05061, type=0.04997, op=0.05372, proto=0.00000, boundary_prior=0.00000, internal_template=0.00000, transition=0.00000, extrude=0.00000, extrude_cons=0.00000, revolve=0.00000, revolve_cons=0.00000, chamfer=0.00000, chamfer_cons=0.00000, fillet=0.00000, fillet_cons=0.00000, singular=0.00000, anchor=0.00000, boundary_align=0.00000

Weights: [7000.0, 600.0, 10.0, 50.0, 30.0, 0.0006003333333333334, 8000.0], lr=5.000e-05
Epoch: 0 [3200/5000 (64%)] Loss: 2336.21289 = L_Mnfld: 6.61260 + L_NonMnfld: 0.00563 + L_Eknl: 3.84337 + L_Morse: 0.00039 + L_thetaHessian: 1.17497 + L_thetaNeighbor: 4.83412 + L_Guidance: 2319.74173
Epoch: 0 [3200/5000 (64%)] Unweighted L_s : L_Mnfld: 0.00094 + L_NonMnfld: 0.00001 + L_Eknl: 0.07687 + L_Morse: 0.64621 + L_thetaHessian: 0.11750 + L_thetaNeighbor: 0.16114 + L_Guidance: 0.28997
Instruction guidance terms: boundary=0.06381, intra=0.07229, region=0.05047, type=0.04983, op=0.05357, proto=0.00000, boundary_prior=0.00000, internal_template=0.00000, transition=0.00000, extrude=0.00000, extrude_cons=0.00000, revolve=0.00000, revolve_cons=0.00000, chamfer=0.00000, chamfer_cons=0.00000, fillet=0.00000, fillet_cons=0.00000, singular=0.00000, anchor=0.00000, boundary_align=0.00000

Weights: [7000.0, 600.0, 10.0, 50.0, 30.0, 0.000597, 8000.0], lr=5.000e-05
Epoch: 0 [3210/5000 (64%)] Loss: 2334.66919 = L_Mnfld: 6.35644 + L_NonMnfld: 0.00770 + L_Eknl: 3.56346 + L_Morse: 0.00038 + L_thetaHessian: 1.18906 + L_thetaNeighbor: 4.83323 + L_Guidance: 2318.71891
Epoch: 0 [3210/5000 (64%)] Unweighted L_s : L_Mnfld: 0.00091 + L_NonMnfld: 0.00001 + L_Eknl: 0.07127 + L_Morse: 0.63824 + L_thetaHessian: 0.11891 + L_thetaNeighbor: 0.16111 + L_Guidance: 0.28984
Instruction guidance terms: boundary=0.06375, intra=0.07241, region=0.05040, type=0.04977, op=0.05351, proto=0.00000, boundary_prior=0.00000, internal_template=0.00000, transition=0.00000, extrude=0.00000, extrude_cons=0.00000, revolve=0.00000, revolve_cons=0.00000, chamfer=0.00000, chamfer_cons=0.00000, fillet=0.00000, fillet_cons=0.00000, singular=0.00000, anchor=0.00000, boundary_align=0.00000

Weights: [7000.0, 600.0, 10.0, 50.0, 30.0, 0.0005936666666666666, 8000.0], lr=5.000e-05
Epoch: 0 [3220/5000 (64%)] Loss: 2333.01050 = L_Mnfld: 6.13097 + L_NonMnfld: 0.01590 + L_Eknl: 3.63530 + L_Morse: 0.00038 + L_thetaHessian: 1.14660 + L_thetaNeighbor: 4.82957 + L_Guidance: 2317.25168
Epoch: 0 [3220/5000 (64%)] Unweighted L_s : L_Mnfld: 0.00088 + L_NonMnfld: 0.00003 + L_Eknl: 0.07271 + L_Morse: 0.63908 + L_thetaHessian: 0.11466 + L_thetaNeighbor: 0.16099 + L_Guidance: 0.28966
Instruction guidance terms: boundary=0.06371, intra=0.07235, region=0.05037, type=0.04974, op=0.05348, proto=0.00000, boundary_prior=0.00000, internal_template=0.00000, transition=0.00000, extrude=0.00000, extrude_cons=0.00000, revolve=0.00000, revolve_cons=0.00000, chamfer=0.00000, chamfer_cons=0.00000, fillet=0.00000, fillet_cons=0.00000, singular=0.00000, anchor=0.00000, boundary_align=0.00000

Weights: [7000.0, 600.0, 10.0, 50.0, 30.0, 0.0005903333333333333, 8000.0], lr=5.000e-05
Epoch: 0 [3230/5000 (65%)] Loss: 2337.07422 = L_Mnfld: 5.77417 + L_NonMnfld: 0.00490 + L_Eknl: 3.69212 + L_Morse: 0.00039 + L_thetaHessian: 1.13939 + L_thetaNeighbor: 4.83172 + L_Guidance: 2321.63167
Epoch: 0 [3230/5000 (65%)] Unweighted L_s : L_Mnfld: 0.00082 + L_NonMnfld: 0.00001 + L_Eknl: 0.07384 + L_Morse: 0.65628 + L_thetaHessian: 0.11394 + L_thetaNeighbor: 0.16106 + L_Guidance: 0.29020
Instruction guidance terms: boundary=0.06384, intra=0.07233, region=0.05053, type=0.04988, op=0.05361, proto=0.00000, boundary_prior=0.00000, internal_template=0.00000, transition=0.00000, extrude=0.00000, extrude_cons=0.00000, revolve=0.00000, revolve_cons=0.00000, chamfer=0.00000, chamfer_cons=0.00000, fillet=0.00000, fillet_cons=0.00000, singular=0.00000, anchor=0.00000, boundary_align=0.00000

Weights: [7000.0, 600.0, 10.0, 50.0, 30.0, 0.0005870000000000001, 8000.0], lr=5.000e-05
Epoch: 0 [3240/5000 (65%)] Loss: 2336.84131 = L_Mnfld: 6.82393 + L_NonMnfld: 0.01446 + L_Eknl: 3.84093 + L_Morse: 0.00038 + L_thetaHessian: 1.16904 + L_thetaNeighbor: 4.83322 + L_Guidance: 2320.15944
Epoch: 0 [3240/5000 (65%)] Unweighted L_s : L_Mnfld: 0.00097 + L_NonMnfld: 0.00002 + L_Eknl: 0.07682 + L_Morse: 0.65375 + L_thetaHessian: 0.11690 + L_thetaNeighbor: 0.16111 + L_Guidance: 0.29002
Instruction guidance terms: boundary=0.06379, intra=0.07242, region=0.05045, type=0.04982, op=0.05355, proto=0.00000, boundary_prior=0.00000, internal_template=0.00000, transition=0.00000, extrude=0.00000, extrude_cons=0.00000, revolve=0.00000, revolve_cons=0.00000, chamfer=0.00000, chamfer_cons=0.00000, fillet=0.00000, fillet_cons=0.00000, singular=0.00000, anchor=0.00000, boundary_align=0.00000

Weights: [7000.0, 600.0, 10.0, 50.0, 30.0, 0.0005836666666666667, 8000.0], lr=5.000e-05
Epoch: 0 [3250/5000 (65%)] Loss: 2334.89526 = L_Mnfld: 6.14349 + L_NonMnfld: 0.00938 + L_Eknl: 3.40703 + L_Morse: 0.00038 + L_thetaHessian: 1.17944 + L_thetaNeighbor: 4.82961 + L_Guidance: 2319.32592
Epoch: 0 [3250/5000 (65%)] Unweighted L_s : L_Mnfld: 0.00088 + L_NonMnfld: 0.00002 + L_Eknl: 0.06814 + L_Morse: 0.64910 + L_thetaHessian: 0.11794 + L_thetaNeighbor: 0.16099 + L_Guidance: 0.28992
Instruction guidance terms: boundary=0.06375, intra=0.07241, region=0.05043, type=0.04980, op=0.05352, proto=0.00000, boundary_prior=0.00000, internal_template=0.00000, transition=0.00000, extrude=0.00000, extrude_cons=0.00000, revolve=0.00000, revolve_cons=0.00000, chamfer=0.00000, chamfer_cons=0.00000, fillet=0.00000, fillet_cons=0.00000, singular=0.00000, anchor=0.00000, boundary_align=0.00000

Weights: [7000.0, 600.0, 10.0, 50.0, 30.0, 0.0005803333333333333, 8000.0], lr=5.000e-05
Epoch: 0 [3260/5000 (65%)] Loss: 2333.09888 = L_Mnfld: 6.63139 + L_NonMnfld: 0.00867 + L_Eknl: 3.69114 + L_Morse: 0.00038 + L_thetaHessian: 1.16854 + L_thetaNeighbor: 4.82466 + L_Guidance: 2316.77413
Epoch: 0 [3260/5000 (65%)] Unweighted L_s : L_Mnfld: 0.00095 + L_NonMnfld: 0.00001 + L_Eknl: 0.07382 + L_Morse: 0.65242 + L_thetaHessian: 0.11685 + L_thetaNeighbor: 0.16082 + L_Guidance: 0.28960
Instruction guidance terms: boundary=0.06366, intra=0.07245, region=0.05034, type=0.04971, op=0.05344, proto=0.00000, boundary_prior=0.00000, internal_template=0.00000, transition=0.00000, extrude=0.00000, extrude_cons=0.00000, revolve=0.00000, revolve_cons=0.00000, chamfer=0.00000, chamfer_cons=0.00000, fillet=0.00000, fillet_cons=0.00000, singular=0.00000, anchor=0.00000, boundary_align=0.00000

Weights: [7000.0, 600.0, 10.0, 50.0, 30.0, 0.0005769999999999999, 8000.0], lr=5.000e-05
Epoch: 0 [3270/5000 (65%)] Loss: 2334.15625 = L_Mnfld: 6.14026 + L_NonMnfld: 0.01071 + L_Eknl: 3.86758 + L_Morse: 0.00038 + L_thetaHessian: 1.06241 + L_thetaNeighbor: 4.82743 + L_Guidance: 2318.24756
Epoch: 0 [3270/5000 (65%)] Unweighted L_s : L_Mnfld: 0.00088 + L_NonMnfld: 0.00002 + L_Eknl: 0.07735 + L_Morse: 0.66638 + L_thetaHessian: 0.10624 + L_thetaNeighbor: 0.16091 + L_Guidance: 0.28978
Instruction guidance terms: boundary=0.06371, intra=0.07243, region=0.05040, type=0.04976, op=0.05349, proto=0.00000, boundary_prior=0.00000, internal_template=0.00000, transition=0.00000, extrude=0.00000, extrude_cons=0.00000, revolve=0.00000, revolve_cons=0.00000, chamfer=0.00000, chamfer_cons=0.00000, fillet=0.00000, fillet_cons=0.00000, singular=0.00000, anchor=0.00000, boundary_align=0.00000