3.803986124694347382e-03 0.000000000000000000e+00 -9.999927878379821777e-01 -9.999927878379821777e-01 0.000000000000000000e+00 -3.803986124694347382e-03
3.335831686854362488e-03 -0.000000000000000000e+00 -9.999944567680358887e-01 -9.999944567680358887e-01 0.000000000000000000e+00 -3.335831686854362488e-03
3.737116698175668716e-03 9.999930262565612793e-01 0.000000000000000000e+00 -9.999930262565612793e-01 3.737116698175668716e-03 -0.000000000000000000e+00
3.983961418271064758e-03 9.999920725822448730e-01 0.000000000000000000e+00 -9.999920725822448730e-01 3.983961418271064758e-03 -0.000000000000000000e+00
1.379794091917574406e-03 -9.999990463256835938e-01 0.000000000000000000e+00 -9.999990463256835938e-01 -1.379794091917574406e-03 -0.000000000000000000e+00
1.353665604256093502e-03 -9.999991059303283691e-01 0.000000000000000000e+00 -9.999991059303283691e-01 -1.353665604256093502e-03 -0.000000000000000000e+00
-1.072485465556383133e-03 0.000000000000000000e+00 9.999994635581970215e-01 -9.999994635581970215e-01 0.000000000000000000e+00 -1.072485465556383133e-03
-1.224783947691321373e-03 -0.000000000000000000e+00 9.999992847442626953e-01 -9.999992847442626953e-01 0.000000000000000000e+00 -1.224783947691321373e-03
-5.577835306842511640e-16 9.999963045120239258e-01 2.718065166845917702e-03 1.795599998593769677e-16 2.718065166845917702e-03 -9.999963045120239258e-01
-5.775648734366320772e-16 9.999963641166687012e-01 2.706077881157398224e-03 -1.893914715734882292e-16 2.706077881157398224e-03 -9.999963641166687012e-01
-5.775601088763037717e-16 9.999963045120239258e-01 2.731544431298971176e-03 -1.894062020058365735e-16 2.731544431298971176e-03 -9.999963045120239258e-01
-5.577856482666192998e-16 9.999963045120239258e-01 2.729750936850905418e-03 1.795535015284847511e-16 2.729750936850905418e-03 -9.999963045120239258e-01
5.650096746363960070e-16 -1.092085847631096840e-03 9.999994039535522461e-01 -5.566767233199858105e-16 9.999994039535522461e-01 1.092085847631096840e-03
0.000000000000000000e+00 -1.093844301067292690e-03 9.999994039535522461e-01 0.000000000000000000e+00 9.999994039535522461e-01 1.093844301067292690e-03
0.000000000000000000e+00 -1.052480307407677174e-03 9.999994635581970215e-01 0.000000000000000000e+00 9.999994635581970215e-01 1.052480307407677174e-03
0.000000000000000000e+00 -1.079575042240321636e-03 9.999994039535522461e-01 0.000000000000000000e+00 9.999994039535522461e-01 1.079575042240321636e-03
0.000000000000000000e+00 -1.022547483444213867e-03 9.999994635581970215e-01 0.000000000000000000e+00 9.999994635581970215e-01 1.022547483444213867e-03
0.000000000000000000e+00 -1.173118478618562222e-03 9.999993443489074707e-01 0.000000000000000000e+00 9.999993443489074707e-01 1.173118478618562222e-03
0.000000000000000000e+00 -1.184984110295772552e-03 9.999992847442626953e-01 0.000000000000000000e+00 9.999992847442626953e-01 1.184984110295772552e-03
0.000000000000000000e+00 -6.582723581232130527e-04 9.999998211860656738e-01 0.000000000000000000e+00 9.999998211860656738e-01 6.582723581232130527e-04
0.000000000000000000e+00 -6.653748569078743458e-04 9.999998211860656738e-01 0.000000000000000000e+00 9.999998211860656738e-01 6.653748569078743458e-04
0.000000000000000000e+00 -5.268877139315009117e-04 9.999998807907104492e-01 0.000000000000000000e+00 9.999998807907104492e-01 5.268877139315009117e-04
0.000000000000000000e+00 -5.512687494046986103e-04 9.999998807907104492e-01 0.000000000000000000e+00 9.999998807907104492e-01 5.512687494046986103e-04
0.000000000000000000e+00 -4.892307333648204803e-04 9.999998807907104492e-01 0.000000000000000000e+00 9.999998807907104492e-01 4.892307333648204803e-04
-0.000000000000000000e+00 -5.489236791618168354e-04 9.999998807907104492e-01 0.000000000000000000e+00 9.999998807907104492e-01 5.489236791618168354e-04
0.000000000000000000e+00 -4.924301174469292164e-04 9.999998807907104492e-01 0.000000000000000000e+00 9.999998807907104492e-01 4.924301174469292164e-04
-0.000000000000000000e+00 -5.567137268371880054e-04 9.999998807907104492e-01 0.000000000000000000e+00 9.999998807907104492e-01 5.567137268371880054e-04
0.000000000000000000e+00 -4.989693406969308853e-04 9.999998807907104492e-01 0.000000000000000000e+00 9.999998807907104492e-01 4.989693406969308853e-04
-0.000000000000000000e+00 -5.696765729226171970e-04 9.999998807907104492e-01 0.000000000000000000e+00 9.999998807907104492e-01 5.696765729226171970e-04
0.000000000000000000e+00 -5.041115218773484230e-04 9.999998807907104492e-01 0.000000000000000000e+00 9.999998807907104492e-01 5.041115218773484230e-04
0.000000000000000000e+00 -5.790874711237847805e-04 9.999998211860656738e-01 0.000000000000000000e+00 9.999998211860656738e-01 5.790874711237847805e-04
0.000000000000000000e+00 -7.775367121212184429e-04 9.999997019767761230e-01 0.000000000000000000e+00 9.999997019767761230e-01 7.775367121212184429e-04
-0.000000000000000000e+00 -9.147086529992520809e-04 9.999995827674865723e-01 0.000000000000000000e+00 9.999995827674865723e-01 9.147086529992520809e-04
-0.000000000000000000e+00 -9.184800437651574612e-04 9.999995827674865723e-01 0.000000000000000000e+00 9.999995827674865723e-01 9.184800437651574612e-04
0.000000000000000000e+00 -8.680327446199953556e-04 9.999996423721313477e-01 0.000000000000000000e+00 9.999996423721313477e-01 8.680327446199953556e-04
-0.000000000000000000e+00 -9.334442438557744026e-04 9.999995827674865723e-01 0.000000000000000000e+00 9.999995827674865723e-01 9.334442438557744026e-04
0.000000000000000000e+00 -8.828185382299125195e-04 9.999996423721313477e-01 0.000000000000000000e+00 9.999996423721313477e-01 8.828185382299125195e-04
0.000000000000000000e+00 -8.907007286325097084e-04 9.999996423721313477e-01 0.000000000000000000e+00 9.999996423721313477e-01 8.907007286325097084e-04
-5.584573453937919599e-16 9.999963641166687012e-01 2.708363346755504608e-03 4.289776656150130676e-16 2.708363346755504608e-03 -9.999963641166687012e-01
-3.643361874266235270e-16 -1.269837724976241589e-03 9.999992251396179199e-01 -2.654139094343131635e-16 9.999992251396179199e-01 1.269837724976241589e-03
-3.108406040329165110e-16 -1.268048537895083427e-03 9.999992251396179199e-01 -3.941612812537151852e-19 9.999992251396179199e-01 1.268048537895083427e-03
-2.767894295670404086e-16 -1.254130271263420582e-03 9.999992251396179199e-01 2.005699109621910401e-16 9.999992251396179199e-01 1.254130271263420582e-03
6.529959631862653022e-16 9.999963045120239258e-01 2.716572955250740051e-03 2.141339921770559862e-16 2.716572955250740051e-03 -9.999963045120239258e-01
6.276208783776880337e-15 9.999963641166687012e-01 2.712398068979382515e-03 -4.905088388210848173e-16 2.712398068979382515e-03 -9.999963641166687012e-01
-1.560657675920456341e-15 9.999964237213134766e-01 2.672743983566761017e-03 -5.117036148646371407e-16 2.672743983566761017e-03 -9.999964237213134766e-01
1.738566993854091889e-15 9.999963641166687012e-01 2.698072930797934532e-03 -5.597126482216228330e-16 2.698072930797934532e-03 -9.999963641166687012e-01
5.648936840621813713e-16 -1.201538485474884510e-03 9.999992847442626953e-01 -4.093841788884653972e-16 9.999992847442626953e-01 1.201538485474884510e-03
6.058556679958073017e-16 -1.226210617460310459e-03 9.999992847442626953e-01 4.413170563021565030e-16 9.999992847442626953e-01 1.226210617460310459e-03
6.063959161974779351e-16 -1.207375433295965195e-03 9.999992847442626953e-01 7.321480550247065616e-19 9.999992847442626953e-01 1.207375433295965195e-03
6.063959691370371385e-16 -1.178848790004849434e-03 9.999993443489074707e-01 7.148495887659030858e-19 9.999993443489074707e-01 1.178848790004849434e-03
6.069251000312750593e-16 -1.201182953082025051e-03 9.999992847442626953e-01 -4.398450983282857409e-16 9.999992847442626953e-01 1.201182953082025051e-03
5.639227725463911295e-16 -1.166258705779910088e-03 9.999993443489074707e-01 4.107206115907754713e-16 9.999993443489074707e-01 1.166258705779910088e-03
-0.000000000000000000e+00 -7.863566279411315918e-04 9.999997019767761230e-01 0.000000000000000000e+00 9.999997019767761230e-01 7.863566279411315918e-04
-0.000000000000000000e+00 -7.369905360974371433e-04 9.999997615814208984e-01 0.000000000000000000e+00 9.999997615814208984e-01 7.369905360974371433e-04
-0.000000000000000000e+00 -7.782169850543141365e-04 9.999997019767761230e-01 0.000000000000000000e+00 9.999997019767761230e-01 7.782169850543141365e-04
-0.000000000000000000e+00 -5.544623127207159996e-04 9.999998807907104492e-01 0.000000000000000000e+00 9.999998807907104492e-01 5.544623127207159996e-04
-0.000000000000000000e+00 -4.038665210828185081e-04 9.999999403953552246e-01 0.000000000000000000e+00 9.999999403953552246e-01 4.038665210828185081e-04
0.000000000000000000e+00 -7.493097800761461258e-04 9.999997615814208984e-01 0.000000000000000000e+00 9.999997615814208984e-01 7.493097800761461258e-04
0.000000000000000000e+00 -7.981843664310872555e-04 9.999997019767761230e-01 0.000000000000000000e+00 9.999997019767761230e-01 7.981843664310872555e-04
0.000000000000000000e+00 -8.078219834715127945e-04 9.999997019767761230e-01 0.000000000000000000e+00 9.999997019767761230e-01 8.078219834715127945e-04
-0.000000000000000000e+00 -8.143656887114048004e-04 9.999997019767761230e-01 0.000000000000000000e+00 9.999997019767761230e-01 8.143656887114048004e-04
-0.000000000000000000e+00 -7.479097694158554077e-04 9.999997615814208984e-01 0.000000000000000000e+00 9.999997615814208984e-01 7.479097694158554077e-04
-0.000000000000000000e+00 -7.493360899388790131e-04 9.999997615814208984e-01 0.000000000000000000e+00 9.999997615814208984e-01 7.493360899388790131e-04
-0.000000000000000000e+00 -9.352026390843093395e-04 9.999995827674865723e-01 0.000000000000000000e+00 9.999995827674865723e-01 9.352026390843093395e-04
0.000000000000000000e+00 -9.807096794247627258e-04 9.999995231628417969e-01 0.000000000000000000e+00 9.999995231628417969e-01 9.807096794247627258e-04
-0.000000000000000000e+00 -8.487383602187037468e-04 9.999996423721313477e-01 0.000000000000000000e+00 9.999996423721313477e-01 8.487383602187037468e-04
0.000000000000000000e+00 -8.438068325631320477e-04 9.999996423721313477e-01 0.000000000000000000e+00 9.999996423721313477e-01 8.438068325631320477e-04
-0.000000000000000000e+00 -7.391366525553166866e-04 9.999997615814208984e-01 0.000000000000000000e+00 9.999997615814208984e-01 7.391366525553166866e-04
-0.000000000000000000e+00 -7.712212973274290562e-04 9.999997019767761230e-01 0.000000000000000000e+00 9.999997019767761230e-01 7.712212973274290562e-04
-0.000000000000000000e+00 -7.444001967087388039e-04 9.999997615814208984e-01 0.000000000000000000e+00 9.999997615814208984e-01 7.444001967087388039e-04
0.000000000000000000e+00 -7.854335708543658257e-04 9.999997019767761230e-01 0.000000000000000000e+00 9.999997019767761230e-01 7.854335708543658257e-04
-0.000000000000000000e+00 -7.427515229210257530e-04 9.999997615814208984e-01 0.000000000000000000e+00 9.999997615814208984e-01 7.427515229210257530e-04
0.000000000000000000e+00 -7.972861058078706264e-04 9.999997019767761230e-01 0.000000000000000000e+00 9.999997019767761230e-01 7.972861058078706264e-04
-0.000000000000000000e+00 -6.691871676594018936e-04 9.999997615814208984e-01 0.000000000000000000e+00 9.999997615814208984e-01 6.691871676594018936e-04
0.000000000000000000e+00 -7.784100598655641079e-04 9.999997019767761230e-01 0.000000000000000000e+00 9.999997019767761230e-01 7.784100598655641079e-04
-0.000000000000000000e+00 -7.638613460585474968e-04 9.999997019767761230e-01 0.000000000000000000e+00 9.999997019767761230e-01 7.638613460585474968e-04
0.000000000000000000e+00 -8.875335333868861198e-04 9.999996423721313477e-01 0.000000000000000000e+00 9.999996423721313477e-01 8.875335333868861198e-04
-0.000000000000000000e+00 -7.761732558719813824e-04 9.999997019767761230e-01 0.000000000000000000e+00 9.999997019767761230e-01 7.761732558719813824e-04
0.000000000000000000e+00 -8.927225135266780853e-04 9.999996423721313477e-01 0.000000000000000000e+00 9.999996423721313477e-01 8.927225135266780853e-04
-0.000000000000000000e+00 -8.115993114188313484e-04 9.999997019767761230e-01 0.000000000000000000e+00 9.999997019767761230e-01 8.115993114188313484e-04
0.000000000000000000e+00 -1.044466393068432808e-03 9.999994635581970215e-01 0.000000000000000000e+00 9.999994635581970215e-01 1.044466393068432808e-03
0.000000000000000000e+00 -1.288456143811345100e-03 9.999991655349731445e-01 0.000000000000000000e+00 9.999991655349731445e-01 1.288456143811345100e-03
0.000000000000000000e+00 -1.289426116272807121e-03 9.999991655349731445e-01 0.000000000000000000e+00 9.999991655349731445e-01 1.289426116272807121e-03
0.000000000000000000e+00 -9.779417887330055237e-04 9.999995231628417969e-01 0.000000000000000000e+00 9.999995231628417969e-01 9.779417887330055237e-04
0.000000000000000000e+00 -9.479930158704519272e-04 9.999995827674865723e-01 0.000000000000000000e+00 9.999995827674865723e-01 9.479930158704519272e-04
0.000000000000000000e+00 -9.787859162315726280e-04 9.999995231628417969e-01 0.000000000000000000e+00 9.999995231628417969e-01 9.787859162315726280e-04
0.000000000000000000e+00 -9.507901268079876900e-04 9.999995827674865723e-01 0.000000000000000000e+00 9.999995827674865723e-01 9.507901268079876900e-04
0.000000000000000000e+00 -8.469667518511414528e-04 9.999996423721313477e-01 0.000000000000000000e+00 9.999996423721313477e-01 8.469667518511414528e-04
0.000000000000000000e+00 -7.489440613426268101e-04 9.999997615814208984e-01 0.000000000000000000e+00 9.999997615814208984e-01 7.489440613426268101e-04
0.000000000000000000e+00 -6.244042888283729553e-04 9.999998211860656738e-01 0.000000000000000000e+00 9.999998211860656738e-01 6.244042888283729553e-04
0.000000000000000000e+00 -6.972078699618577957e-04 9.999997615814208984e-01 0.000000000000000000e+00 9.999997615814208984e-01 6.972078699618577957e-04
0.000000000000000000e+00 -6.192240980453789234e-04 9.999998211860656738e-01 0.000000000000000000e+00 9.999998211860656738e-01 6.192240980453789234e-04
0.000000000000000000e+00 -6.964720087125897408e-04 9.999997615814208984e-01 0.000000000000000000e+00 9.999997615814208984e-01 6.964720087125897408e-04
0.000000000000000000e+00 -5.332923610694706440e-04 9.999998807907104492e-01 0.000000000000000000e+00 9.999998807907104492e-01 5.332923610694706440e-04
0.000000000000000000e+00 -6.239507929421961308e-04 9.999998211860656738e-01 0.000000000000000000e+00 9.999998211860656738e-01 6.239507929421961308e-04
-0.000000000000000000e+00 -5.811692099086940289e-04 9.999998211860656738e-01 0.000000000000000000e+00 9.999998211860656738e-01 5.811692099086940289e-04
-0.000000000000000000e+00 -5.834616022184491158e-04 9.999998211860656738e-01 0.000000000000000000e+00 9.999998211860656738e-01 5.834616022184491158e-04
-0.000000000000000000e+00 -6.342175765894353390e-04 9.999998211860656738e-01 0.000000000000000000e+00 9.999998211860656738e-01 6.342175765894353390e-04
-0.000000000000000000e+00 -7.363409968093037605e-04 9.999997615814208984e-01 0.000000000000000000e+00 9.999997615814208984e-01 7.363409968093037605e-04
-0.000000000000000000e+00 -7.452004356309771538e-04 9.999997615814208984e-01 0.000000000000000000e+00 9.999997615814208984e-01 7.452004356309771538e-04
-0.000000000000000000e+00 -6.686224369332194328e-04 9.999997615814208984e-01 0.000000000000000000e+00 9.999997615814208984e-01 6.686224369332194328e-04
-0.000000000000000000e+00 -7.634122157469391823e-04 9.999997019767761230e-01 0.000000000000000000e+00 9.999997019767761230e-01 7.634122157469391823e-04
-0.000000000000000000e+00 -6.807383615523576736e-04 9.999997615814208984e-01 0.000000000000000000e+00 9.999997615814208984e-01 6.807383615523576736e-04
-0.000000000000000000e+00 -6.860487628728151321e-04 9.999997615814208984e-01 0.000000000000000000e+00 9.999997615814208984e-01 6.860487628728151321e-04
1.563332711847003828e-15 9.999966621398925781e-01 2.597047248855233192e-03 -5.034722016227790534e-16 2.597047248855233192e-03 -9.999966621398925781e-01
-6.273593993068706312e-15 9.999969601631164551e-01 2.463965676724910736e-03 -5.229900641890046758e-16 2.463965676724910736e-03 -9.999969601631164551e-01
0.000000000000000000e+00 -1.046324759954586625e-04 1.000000000000000000e+00 0.000000000000000000e+00 1.000000000000000000e+00 1.046324759954586625e-04
0.000000000000000000e+00 -4.955593030899763107e-04 9.999998807907104492e-01 0.000000000000000000e+00 9.999998807907104492e-01 4.955593030899763107e-04
-6.275498123134133979e-15 9.999992251396179199e-01 1.260592020116746426e-03 4.996200016577849023e-16 1.260592020116746426e-03 -9.999992251396179199e-01
-6.533127535085384106e-16 9.999992847442626953e-01 1.220352947711944580e-03 -2.131572176050839686e-16 1.220352947711944580e-03 -9.999992847442626953e-01
2.766890561627907740e-16 -7.544065010733902454e-04 9.999997019767761230e-01 -2.007087978957611436e-16 9.999997019767761230e-01 7.544065010733902454e-04
3.108407628515941212e-16 -7.418167078867554665e-04 9.999997615814208984e-01 2.305869096574192349e-19 9.999997615814208984e-01 7.418167078867554665e-04
3.644802359672159615e-16 -7.275356329046189785e-04 9.999997615814208984e-01 2.652172919114317590e-16 9.999997615814208984e-01 7.275356329046189785e-04
5.578430876883549820e-16 9.999992251396179199e-01 1.277638017199933529e-03 -4.297762059260370592e-16 1.277638017199933529e-03 -9.999992251396179199e-01
5.575315383824430097e-16 9.999991655349731445e-01 1.316648209467530251e-03 -1.803427906515379497e-16 1.316648209467530251e-03 -9.999991655349731445e-01
5.778201479911108419e-16 9.999991059303283691e-01 1.355669810436666012e-03 1.886126512482675017e-16 1.355669810436666012e-03 -9.999991059303283691e-01
5.778251772492351643e-16 9.999991059303283691e-01 1.329062390141189098e-03 1.885952473681793860e-16 1.329062390141189098e-03 -9.999991059303283691e-01
5.575349794537912303e-16 9.999991059303283691e-01 1.336233690381050110e-03 -1.803298998688719233e-16 1.336233690381050110e-03 -9.999991059303283691e-01
-5.646681086004157104e-16 -4.787664511241018772e-04 9.999998807907104492e-01 5.570232656745312261e-16 9.999998807907104492e-01 4.787664511241018772e-04
-0.000000000000000000e+00 -4.877794708590954542e-04 9.999998807907104492e-01 0.000000000000000000e+00 9.999998807907104492e-01 4.877794708590954542e-04
0.000000000000000000e+00 -5.315032321959733963e-04 9.999998807907104492e-01 0.000000000000000000e+00 9.999998807907104492e-01 5.315032321959733963e-04
-0.000000000000000000e+00 -5.323034129105508327e-04 9.999998807907104492e-01 0.000000000000000000e+00 9.999998807907104492e-01 5.323034129105508327e-04
0.000000000000000000e+00 -5.818304489366710186e-04 9.999998211860656738e-01 0.000000000000000000e+00 9.999998211860656738e-01 5.818304489366710186e-04
-0.000000000000000000e+00 -5.081550334580242634e-04 9.999998807907104492e-01 0.000000000000000000e+00 9.999998807907104492e-01 5.081550334580242634e-04
0.000000000000000000e+00 -3.836343821603804827e-04 9.999999403953552246e-01 0.000000000000000000e+00 9.999999403953552246e-01 3.836343821603804827e-04
-0.000000000000000000e+00 -2.388288849033415318e-04 1.000000000000000000e+00 0.000000000000000000e+00 1.000000000000000000e+00 2.388288849033415318e-04
-0.000000000000000000e+00 -3.645783872343599796e-04 9.999999403953552246e-01 0.000000000000000000e+00 9.999999403953552246e-01 3.645783872343599796e-04
-0.000000000000000000e+00 -3.705997660290449858e-04 9.999999403953552246e-01 0.000000000000000000e+00 9.999999403953552246e-01 3.705997660290449858e-04
0.000000000000000000e+00 -4.910944844596087933e-04 9.999998807907104492e-01 0.000000000000000000e+00 9.999998807907104492e-01 4.910944844596087933e-04
0.000000000000000000e+00 -4.353924305178225040e-04 9.999999403953552246e-01 0.000000000000000000e+00 9.999999403953552246e-01 4.353924305178225040e-04
0.000000000000000000e+00 -5.022009718231856823e-04 9.999998807907104492e-01 0.000000000000000000e+00 9.999998807907104492e-01 5.022009718231856823e-04
0.000000000000000000e+00 -4.496792680583894253e-04 9.999999403953552246e-01 0.000000000000000000e+00 9.999999403953552246e-01 4.496792680583894253e-04
0.000000000000000000e+00 -5.083627765998244286e-04 9.999998807907104492e-01 0.000000000000000000e+00 9.999998807907104492e-01 5.083627765998244286e-04
0.000000000000000000e+00 -4.651569179259240627e-04 9.999998807907104492e-01 0.000000000000000000e+00 9.999998807907104492e-01 4.651569179259240627e-04
0.000000000000000000e+00 -5.110311321914196014e-04 9.999998807907104492e-01 0.000000000000000000e+00 9.999998807907104492e-01 5.110311321914196014e-04
-0.000000000000000000e+00 -4.768953658640384674e-04 9.999998807907104492e-01 0.000000000000000000e+00 9.999998807907104492e-01 4.768953658640384674e-04
0.000000000000000000e+00 -5.152706871740520000e-04 9.999998807907104492e-01 0.000000000000000000e+00 9.999998807907104492e-01 5.152706871740520000e-04
0.000000000000000000e+00 -5.975305102765560150e-04 9.999998211860656738e-01 0.000000000000000000e+00 9.999998211860656738e-01 5.975305102765560150e-04
0.000000000000000000e+00 -6.605472299270331860e-04 9.999998211860656738e-01 0.000000000000000000e+00 9.999998211860656738e-01 6.605472299270331860e-04
0.000000000000000000e+00 -6.564100622199475765e-04 9.999998211860656738e-01 0.000000000000000000e+00 9.999998211860656738e-01 6.564100622199475765e-04
0.000000000000000000e+00 -5.909005412831902504e-04 9.999998211860656738e-01 0.000000000000000000e+00 9.999998211860656738e-01 5.909005412831902504e-04
0.000000000000000000e+00 -6.418993580155074596e-04 9.999998211860656738e-01 0.000000000000000000e+00 9.999998211860656738e-01 6.418993580155074596e-04
0.000000000000000000e+00 -6.072091637179255486e-04 9.999998211860656738e-01 0.000000000000000000e+00 9.999998211860656738e-01 6.072091637179255486e-04
0.000000000000000000e+00 -5.984872695989906788e-04 9.999998211860656738e-01 0.000000000000000000e+00 9.999998211860656738e-01 5.984872695989906788e-04
-1.735561191561641597e-15 9.999965429306030273e-01 2.628265647217631340e-03 -5.689648949835999624e-16 2.628265647217631340e-03 -9.999965429306030273e-01
5.643705882776926374e-16 -7.508445560233667493e-05 1.000000000000000000e+00 4.101037069073783237e-16 1.000000000000000000e+00 7.508445560233667493e-05
6.064185743288169877e-16 -5.045769285061396658e-05 1.000000000000000000e+00 -4.405418093971820047e-16 1.000000000000000000e+00 5.045769285061396658e-05
6.063963397139515623e-16 -9.644598321756348014e-05 1.000000000000000000e+00 5.848449335380910093e-20 1.000000000000000000e+00 9.644598321756348014e-05
6.063963397139515623e-16 -6.975943688303232193e-05 1.000000000000000000e+00 4.230186789194551717e-20 1.000000000000000000e+00 6.975943688303232193e-05
6.063630407312126276e-16 -7.557014760095626116e-05 1.000000000000000000e+00 4.406182276508921036e-16 1.000000000000000000e+00 7.557014760095626116e-05
5.644438566276301344e-16 -1.035499153658747673e-04 1.000000000000000000e+00 -4.100028835168754602e-16 1.000000000000000000e+00 1.035499153658747673e-04
5.643174898998116334e-16 -1.505622494732961059e-04 1.000000000000000000e+00 5.573784901167859983e-16 1.000000000000000000e+00 1.505622494732961059e-04
0.000000000000000000e+00 -1.850871194619685411e-04 1.000000000000000000e+00 0.000000000000000000e+00 1.000000000000000000e+00 1.850871194619685411e-04
-0.000000000000000000e+00 -4.615873913280665874e-04 9.999998807907104492e-01 0.000000000000000000e+00 9.999998807907104492e-01 4.615873913280665874e-04
-0.000000000000000000e+00 -2.372928138356655836e-04 1.000000000000000000e+00 0.000000000000000000e+00 1.000000000000000000e+00 2.372928138356655836e-04
-0.000000000000000000e+00 -2.263150818180292845e-04 1.000000000000000000e+00 0.000000000000000000e+00 1.000000000000000000e+00 2.263150818180292845e-04
0.000000000000000000e+00 -4.634277429431676865e-04 9.999998807907104492e-01 0.000000000000000000e+00 9.999998807907104492e-01 4.634277429431676865e-04
-0.000000000000000000e+00 -2.222276816610246897e-04 1.000000000000000000e+00 0.000000000000000000e+00 1.000000000000000000e+00 2.222276816610246897e-04
0.000000000000000000e+00 -4.637876118067651987e-04 9.999998807907104492e-01 0.000000000000000000e+00 9.999998807907104492e-01 4.637876118067651987e-04
-0.000000000000000000e+00 -2.232926926808431745e-04 1.000000000000000000e+00 0.000000000000000000e+00 1.000000000000000000e+00 2.232926926808431745e-04
0.000000000000000000e+00 -4.685099120251834393e-04 9.999998807907104492e-01 0.000000000000000000e+00 9.999998807907104492e-01 4.685099120251834393e-04
5.578012654365843009e-16 9.999960660934448242e-01 2.815983956679701805e-03 -1.795054191738382687e-16 2.815983956679701805e-03 -9.999960660934448242e-01
5.775649793157504840e-16 9.999963641166687012e-01 2.705720951780676842e-03 1.893912995199208181e-16 2.705720951780676842e-03 -9.999963641166687012e-01
5.775421094261746179e-16 9.999960064888000488e-01 2.826472744345664978e-03 1.894610341542814886e-16 2.826472744345664978e-03 -9.999960064888000488e-01
5.577848541732312489e-16 9.999963045120239258e-01 2.724958350881934166e-03 -1.795561882111143233e-16 2.724958350881934166e-03 -9.999963045120239258e-01
5.561518805300433646e-16 9.999964833259582520e-01 2.647403394803404808e-03 4.319625038420188152e-16 2.647403394803404808e-03 -9.999964833259582520e-01
0.000000000000000000e+00 -6.226575933396816254e-04 9.999998211860656738e-01 0.000000000000000000e+00 9.999998211860656738e-01 6.226575933396816254e-04
0.000000000000000000e+00 -6.378982798196375370e-04 9.999998211860656738e-01 0.000000000000000000e+00 9.999998211860656738e-01 6.378982798196375370e-04
0.000000000000000000e+00 -1.227784669026732445e-03 9.999992847442626953e-01 0.000000000000000000e+00 9.999992847442626953e-01 1.227784669026732445e-03
0.000000000000000000e+00 -1.291161170229315758e-03 9.999991655349731445e-01 0.000000000000000000e+00 9.999991655349731445e-01 1.291161170229315758e-03
0.000000000000000000e+00 -1.357543864287436008e-03 9.999991059303283691e-01 0.000000000000000000e+00 9.999991059303283691e-01 1.357543864287436008e-03
0.000000000000000000e+00 -1.283804071135818958e-03 9.999991655349731445e-01 0.000000000000000000e+00 9.999991655349731445e-01 1.283804071135818958e-03
6.274587562715835606e-15 9.999998807907104492e-01 5.230972892604768276e-04 5.108126950228032270e-16 5.230972892604768276e-04 -9.999998807907104492e-01
6.536631604509056739e-16 9.999999403953552246e-01 4.286601033527404070e-04 -2.120795137634906807e-16 4.286601033527404070e-04 -9.999999403953552246e-01
-0.000000000000000000e+00 -1.295146066695451736e-03 9.999991655349731445e-01 0.000000000000000000e+00 9.999991655349731445e-01 1.295146066695451736e-03
-0.000000000000000000e+00 -1.229161280207335949e-03 9.999992847442626953e-01 0.000000000000000000e+00 9.999992847442626953e-01 1.229161280207335949e-03
-0.000000000000000000e+00 -1.227949978783726692e-03 9.999992847442626953e-01 0.000000000000000000e+00 9.999992847442626953e-01 1.227949978783726692e-03
0.000000000000000000e+00 -1.283154590055346489e-03 9.999991655349731445e-01 0.000000000000000000e+00 9.999991655349731445e-01 1.283154590055346489e-03
-0.000000000000000000e+00 -1.210197340697050095e-03 9.999992847442626953e-01 0.000000000000000000e+00 9.999992847442626953e-01 1.210197340697050095e-03
0.000000000000000000e+00 -1.265835133381187916e-03 9.999992251396179199e-01 0.000000000000000000e+00 9.999992251396179199e-01 1.265835133381187916e-03
1.561703867489433809e-15 9.999998211860656738e-01 6.336558144539594650e-04 5.085200944719410563e-16 6.336558144539594650e-04 -9.999998211860656738e-01
-1.737443510528677466e-15 9.999997615814208984e-01 7.015820010565221310e-04 5.631825186900500744e-16 7.015820010565221310e-04 -9.999997615814208984e-01
-5.645459240977742776e-16 -3.526614746078848839e-04 9.999999403953552246e-01 4.098661935750122975e-16 9.999999403953552246e-01 3.526614746078848839e-04
-6.061946929329458354e-16 -4.579344822559505701e-04 9.999998807907104492e-01 -4.408544704338372483e-16 9.999998807907104492e-01 4.579344822559505701e-04
-6.063964985326291725e-16 -4.339631705079227686e-04 9.999999403953552246e-01 -2.631537600060620607e-19 9.999999403953552246e-01 4.339631705079227686e-04
-6.063964455930699691e-16 -3.466254565864801407e-04 9.999999403953552246e-01 -2.101924614621946302e-19 9.999999403953552246e-01 3.466254565864801407e-04
-6.065799341052689319e-16 -4.164900456089526415e-04 9.999999403953552246e-01 4.403242542786356579e-16 9.999999403953552246e-01 4.164900456089526415e-04
-5.642574564396749849e-16 -3.507465007714927197e-04 9.999999403953552246e-01 -4.102632137992581491e-16 9.999999403953552246e-01 3.507465007714927197e-04
-5.641941936664269294e-16 -3.715784696396440268e-04 9.999999403953552246e-01 -5.575030568995915838e-16 9.999999403953552246e-01 3.715784696396440268e-04
-5.574022599788683221e-16 9.999998211860656738e-01 6.016851984895765781e-04 1.807393608895305724e-16 6.016851984895765781e-04 -9.999998211860656738e-01
-5.779576320263620556e-16 9.999998211860656738e-01 6.257940549403429031e-04 -1.881888171372851312e-16 6.257940549403429031e-04 -9.999998211860656738e-01
-5.779665258723082257e-16 9.999998211860656738e-01 5.783603992313146591e-04 -1.881634193837573030e-16 5.783603992313146591e-04 -9.999998211860656738e-01
-5.574070245391966275e-16 9.999998211860656738e-01 6.278480286709964275e-04 1.807267480395503638e-16 6.278480286709964275e-04 -9.999998211860656738e-01
-5.570631291626113816e-16 9.999998807907104492e-01 5.348474369384348392e-04 -4.307865309436542276e-16 5.348474369384348392e-04 -9.999998807907104492e-01
0.000000000000000000e+00 -4.683782462961971760e-04 9.999998807907104492e-01 0.000000000000000000e+00 9.999998807907104492e-01 4.683782462961971760e-04
0.000000000000000000e+00 -4.751881351694464684e-04 9.999998807907104492e-01 0.000000000000000000e+00 9.999998807907104492e-01 4.751881351694464684e-04
0.000000000000000000e+00 -4.813016857951879501e-04 9.999998807907104492e-01 0.000000000000000000e+00 9.999998807907104492e-01 4.813016857951879501e-04
-0.000000000000000000e+00 -9.689550497569143772e-04 9.999995231628417969e-01 0.000000000000000000e+00 9.999995231628417969e-01 9.689550497569143772e-04
-0.000000000000000000e+00 -9.228453855030238628e-04 9.999995827674865723e-01 0.000000000000000000e+00 9.999995827674865723e-01 9.228453855030238628e-04
0.000000000000000000e+00 -8.128442568704485893e-04 9.999997019767761230e-01 0.000000000000000000e+00 9.999997019767761230e-01 8.128442568704485893e-04
0.000000000000000000e+00 -1.036851899698376656e-03 9.999994635581970215e-01 0.000000000000000000e+00 9.999994635581970215e-01 1.036851899698376656e-03
0.000000000000000000e+00 -9.823144646361470222e-04 9.999995231628417969e-01 0.000000000000000000e+00 9.999995231628417969e-01 9.823144646361470222e-04
0.000000000000000000e+00 -1.048780628480017185e-03 9.999994635581970215e-01 0.000000000000000000e+00 9.999994635581970215e-01 1.048780628480017185e-03
0.000000000000000000e+00 -1.000893535092473030e-03 9.999995231628417969e-01 0.000000000000000000e+00 9.999995231628417969e-01 1.000893535092473030e-03
0.000000000000000000e+00 -1.074545667506754398e-03 9.999994635581970215e-01 0.000000000000000000e+00 9.999994635581970215e-01 1.074545667506754398e-03
0.000000000000000000e+00 -1.018387149088084698e-03 9.999995231628417969e-01 0.000000000000000000e+00 9.999995231628417969e-01 1.018387149088084698e-03
0.000000000000000000e+00 -1.102822250686585903e-03 9.999994039535522461e-01 0.000000000000000000e+00 9.999994039535522461e-01 1.102822250686585903e-03
0.000000000000000000e+00 -1.027164515107870102e-03 9.999994635581970215e-01 0.000000000000000000e+00 9.999994635581970215e-01 1.027164515107870102e-03
0.000000000000000000e+00 -1.072332262992858887e-03 9.999994635581970215e-01 0.000000000000000000e+00 9.999994635581970215e-01 1.072332262992858887e-03
0.000000000000000000e+00 -1.163843437097966671e-03 9.999993443489074707e-01 0.000000000000000000e+00 9.999993443489074707e-01 1.163843437097966671e-03
-0.000000000000000000e+00 -1.134953810833394527e-03 9.999993443489074707e-01 0.000000000000000000e+00 9.999993443489074707e-01 1.134953810833394527e-03
-0.000000000000000000e+00 -1.027694088406860828e-03 9.999994635581970215e-01 0.000000000000000000e+00 9.999994635581970215e-01 1.027694088406860828e-03
-0.000000000000000000e+00 -8.101525017991662025e-04 9.999997019767761230e-01 0.000000000000000000e+00 9.999997019767761230e-01 8.101525017991662025e-04
-0.000000000000000000e+00 -8.023507543839514256e-04 9.999997019767761230e-01 0.000000000000000000e+00 9.999997019767761230e-01 8.023507543839514256e-04
-0.000000000000000000e+00 -8.553214720450341702e-04 9.999996423721313477e-01 0.000000000000000000e+00 9.999996423721313477e-01 8.553214720450341702e-04
-0.000000000000000000e+00 -8.173763635568320751e-04 9.999997019767761230e-01 0.000000000000000000e+00 9.999997019767761230e-01 8.173763635568320751e-04
-0.000000000000000000e+00 -8.321971399709582329e-04 9.999996423721313477e-01 0.000000000000000000e+00 9.999996423721313477e-01 8.321971399709582329e-04
-0.000000000000000000e+00 -1.031134859658777714e-03 9.999994635581970215e-01 0.000000000000000000e+00 9.999994635581970215e-01 1.031134859658777714e-03
0.000000000000000000e+00 -9.918366558849811554e-04 9.999995231628417969e-01 0.000000000000000000e+00 9.999995231628417969e-01 9.918366558849811554e-04
0.000000000000000000e+00 -1.040525385178625584e-03 9.999994635581970215e-01 0.000000000000000000e+00 9.999994635581970215e-01 1.040525385178625584e-03
0.000000000000000000e+00 -1.018916722387075424e-03 9.999995231628417969e-01 0.000000000000000000e+00 9.999995231628417969e-01 1.018916722387075424e-03
0.000000000000000000e+00 -1.051481114700436592e-03 9.999994635581970215e-01 0.000000000000000000e+00 9.999994635581970215e-01 1.051481114700436592e-03
0.000000000000000000e+00 -1.017139293253421783e-03 9.999995231628417969e-01 0.000000000000000000e+00 9.999995231628417969e-01 1.017139293253421783e-03
0.000000000000000000e+00 -1.057505374774336815e-03 9.999994635581970215e-01 0.000000000000000000e+00 9.999994635581970215e-01 1.057505374774336815e-03
0.000000000000000000e+00 -1.009336207062005997e-03 9.999995231628417969e-01 0.000000000000000000e+00 9.999995231628417969e-01 1.009336207062005997e-03
-5.645988636569776713e-16 -4.818137094844132662e-04 9.999998807907104492e-01 4.097919987827887411e-16 9.999998807907104492e-01 4.818137094844132662e-04
-6.061875460924533773e-16 -4.741128941532224417e-04 9.999998807907104492e-01 -4.408628613539709862e-16 9.999998807907104492e-01 4.741128941532224417e-04
-6.063964455930699691e-16 -4.867744573857635260e-04 9.999998807907104492e-01 -2.951783159149939499e-19 9.999998807907104492e-01 4.867744573857635260e-04
-6.063964455930699691e-16 -5.033976049162447453e-04 9.999998807907104492e-01 -3.052585456547182834e-19 9.999998807907104492e-01 5.033976049162447453e-04
-6.066166212197968838e-16 -4.997827345505356789e-04 9.999998807907104492e-01 4.402722941012775270e-16 9.999998807907104492e-01 4.997827345505356789e-04
-5.641864115512240305e-16 -5.240188911557197571e-04 9.999998807907104492e-01 -4.103596696761267325e-16 9.999998807907104492e-01 5.240188911557197571e-04
1.736309756928777585e-15 9.999991655349731445e-01 1.305371872149407864e-03 5.666683769053567406e-16 1.305371872149407864e-03 -9.999991655349731445e-01
-1.562681767027038898e-15 9.999991655349731445e-01 1.295096357353031635e-03 5.055069865203206964e-16 1.295096357353031635e-03 -9.999991655349731445e-01
-0.000000000000000000e+00 -6.189812556840479374e-04 9.999998211860656738e-01 0.000000000000000000e+00 9.999998211860656738e-01 6.189812556840479374e-04
0.000000000000000000e+00 -5.926428711973130703e-04 9.999998211860656738e-01 0.000000000000000000e+00 9.999998211860656738e-01 5.926428711973130703e-04
-0.000000000000000000e+00 -5.524434964172542095e-04 9.999998807907104492e-01 0.000000000000000000e+00 9.999998807907104492e-01 5.524434964172542095e-04
-0.000000000000000000e+00 -5.949542974121868610e-04 9.999998211860656738e-01 0.000000000000000000e+00 9.999998211860656738e-01 5.949542974121868610e-04
0.000000000000000000e+00 -5.607132916338741779e-04 9.999998807907104492e-01 0.000000000000000000e+00 9.999998807907104492e-01 5.607132916338741779e-04
-0.000000000000000000e+00 -6.052869139239192009e-04 9.999998211860656738e-01 0.000000000000000000e+00 9.999998211860656738e-01 6.052869139239192009e-04
0.000000000000000000e+00 -5.651795654557645321e-04 9.999998807907104492e-01 0.000000000000000000e+00 9.999998807907104492e-01 5.651795654557645321e-04
-0.000000000000000000e+00 -6.035942933522164822e-04 9.999998211860656738e-01 0.000000000000000000e+00 9.999998211860656738e-01 6.035942933522164822e-04
0.000000000000000000e+00 -5.598135758191347122e-04 9.999998807907104492e-01 0.000000000000000000e+00 9.999998807907104492e-01 5.598135758191347122e-04
-0.000000000000000000e+00 -5.992581718601286411e-04 9.999998211860656738e-01 0.000000000000000000e+00 9.999998211860656738e-01 5.992581718601286411e-04
-6.541003353308072997e-16 9.999969601631164551e-01 2.480397466570138931e-03 2.107375885819132546e-16 2.480397466570138931e-03 -9.999969601631164551e-01
-2.764618660444694096e-16 -3.778909449465572834e-04 9.999999403953552246e-01 -2.010208236577059465e-16 9.999999403953552246e-01 3.778909449465572834e-04
-3.108408157911533246e-16 -3.937314322683960199e-04 9.999999403953552246e-01 -1.223878081263618727e-19 9.999999403953552246e-01 3.937314322683960199e-04
-3.647792650673763312e-16 -4.023480287287384272e-04 9.999999403953552246e-01 2.648032780886816180e-16 9.999999403953552246e-01 4.023480287287384272e-04
2.764495575969546206e-16 -4.374727141112089157e-04 9.999999403953552246e-01 2.010390083962923123e-16 9.999999403953552246e-01 4.374727141112089157e-04
3.108408157911533246e-16 -4.550467128865420818e-04 9.999999403953552246e-01 1.414470963400463928e-19 9.999999403953552246e-01 4.550467128865420818e-04
3.647949616466801374e-16 -4.594530037138611078e-04 9.999998807907104492e-01 -2.647854639270096760e-16 9.999998807907104492e-01 4.594530037138611078e-04
0.000000000000000000e+00 -2.630070783197879791e-03 -9.999965429306030273e-01 0.000000000000000000e+00 9.999965429306030273e-01 -2.630070783197879791e-03
0.000000000000000000e+00 -2.598942490294575691e-03 -9.999966621398925781e-01 0.000000000000000000e+00 9.999966621398925781e-01 -2.598942490294575691e-03
0.000000000000000000e+00 -2.631144598126411438e-03 -9.999965429306030273e-01 0.000000000000000000e+00 9.999965429306030273e-01 -2.631144598126411438e-03
0.000000000000000000e+00 -2.605906454846262932e-03 -9.999966025352478027e-01 0.000000000000000000e+00 9.999966025352478027e-01 -2.605906454846262932e-03
0.000000000000000000e+00 -2.638229634612798691e-03 -9.999965429306030273e-01 0.000000000000000000e+00 9.999965429306030273e-01 -2.638229634612798691e-03
0.000000000000000000e+00 -2.616152632981538773e-03 -9.999966025352478027e-01 0.000000000000000000e+00 9.999966025352478027e-01 -2.616152632981538773e-03
0.000000000000000000e+00 -2.612880896776914597e-03 -9.999966025352478027e-01 0.000000000000000000e+00 9.999966025352478027e-01 -2.612880896776914597e-03
-0.000000000000000000e+00 -2.665487350896000862e-03 -9.999964833259582520e-01 0.000000000000000000e+00 9.999964833259582520e-01 -2.665487350896000862e-03
-0.000000000000000000e+00 -2.663193969056010246e-03 -9.999964833259582520e-01 0.000000000000000000e+00 9.999964833259582520e-01 -2.663193969056010246e-03
-0.000000000000000000e+00 -2.618042053654789925e-03 -9.999966025352478027e-01 0.000000000000000000e+00 9.999966025352478027e-01 -2.618042053654789925e-03
-0.000000000000000000e+00 -2.615066478028893471e-03 -9.999966025352478027e-01 0.000000000000000000e+00 9.999966025352478027e-01 -2.615066478028893471e-03
-0.000000000000000000e+00 -2.581771463155746460e-03 -9.999966621398925781e-01 0.000000000000000000e+00 9.999966621398925781e-01 -2.581771463155746460e-03
-0.000000000000000000e+00 -2.600886626169085503e-03 -9.999966621398925781e-01 0.000000000000000000e+00 9.999966621398925781e-01 -2.600886626169085503e-03
0.000000000000000000e+00 -2.665833337232470512e-03 -9.999964833259582520e-01 0.000000000000000000e+00 9.999964833259582520e-01 -2.665833337232470512e-03
-0.000000000000000000e+00 -2.671671565622091293e-03 -9.999964237213134766e-01 0.000000000000000000e+00 9.999964237213134766e-01 -2.671671565622091293e-03
0.000000000000000000e+00 -2.932923380285501480e-03 -9.999957084655761719e-01 0.000000000000000000e+00 9.999957084655761719e-01 -2.932923380285501480e-03
-0.000000000000000000e+00 -3.040737705305218697e-03 -9.999954104423522949e-01 0.000000000000000000e+00 9.999954104423522949e-01 -3.040737705305218697e-03
-0.000000000000000000e+00 -3.040525596588850021e-03 -9.999954104423522949e-01 0.000000000000000000e+00 9.999954104423522949e-01 -3.040525596588850021e-03
-0.000000000000000000e+00 -3.039101138710975647e-03 -9.999954104423522949e-01 0.000000000000000000e+00 9.999954104423522949e-01 -3.039101138710975647e-03
0.000000000000000000e+00 -3.147353418171405792e-03 -9.999950528144836426e-01 0.000000000000000000e+00 9.999950528144836426e-01 -3.147353418171405792e-03
0.000000000000000000e+00 -3.161683212965726852e-03 -9.999949932098388672e-01 0.000000000000000000e+00 9.999949932098388672e-01 -3.161683212965726852e-03
0.000000000000000000e+00 -3.190180985257029533e-03 -9.999949336051940918e-01 0.000000000000000000e+00 9.999949336051940918e-01 -3.190180985257029533e-03
0.000000000000000000e+00 -3.178152954205870628e-03 -9.999949932098388672e-01 0.000000000000000000e+00 9.999949932098388672e-01 -3.178152954205870628e-03
0.000000000000000000e+00 -3.180627245455980301e-03 -9.999949336051940918e-01 0.000000000000000000e+00 9.999949336051940918e-01 -3.180627245455980301e-03
-0.000000000000000000e+00 -2.664146712049841881e-03 -9.999964833259582520e-01 0.000000000000000000e+00 9.999964833259582520e-01 -2.664146712049841881e-03
0.000000000000000000e+00 -2.663909690454602242e-03 -9.999964833259582520e-01 0.000000000000000000e+00 9.999964833259582520e-01 -2.663909690454602242e-03
0.000000000000000000e+00 -2.659843536093831062e-03 -9.999964833259582520e-01 0.000000000000000000e+00 9.999964833259582520e-01 -2.659843536093831062e-03
0.000000000000000000e+00 -2.671130234375596046e-03 -9.999964237213134766e-01 0.000000000000000000e+00 9.999964237213134766e-01 -2.671130234375596046e-03
0.000000000000000000e+00 -2.652759198099374771e-03 -9.999964833259582520e-01 0.000000000000000000e+00 9.999964833259582520e-01 -2.652759198099374771e-03
0.000000000000000000e+00 -2.673855749890208244e-03 -9.999964237213134766e-01 0.000000000000000000e+00 9.999964237213134766e-01 -2.673855749890208244e-03
0.000000000000000000e+00 -2.637866651639342308e-03 -9.999965429306030273e-01 0.000000000000000000e+00 9.999965429306030273e-01 -2.637866651639342308e-03
-0.000000000000000000e+00 -2.658549463376402855e-03 -9.999964833259582520e-01 0.000000000000000000e+00 9.999964833259582520e-01 -2.658549463376402855e-03
0.000000000000000000e+00 -2.835635328665375710e-03 -9.999960064888000488e-01 0.000000000000000000e+00 9.999960064888000488e-01 -2.835635328665375710e-03
-0.000000000000000000e+00 -3.180484054610133171e-03 -9.999949336051940918e-01 0.000000000000000000e+00 9.999949336051940918e-01 -3.180484054610133171e-03
-0.000000000000000000e+00 -3.134951693937182426e-03 -9.999951124191284180e-01 0.000000000000000000e+00 9.999951124191284180e-01 -3.134951693937182426e-03
-0.000000000000000000e+00 -3.128789132460951805e-03 -9.999951124191284180e-01 0.000000000000000000e+00 9.999951124191284180e-01 -3.128789132460951805e-03
-0.000000000000000000e+00 -3.121160203590989113e-03 -9.999951720237731934e-01 0.000000000000000000e+00 9.999951720237731934e-01 -3.121160203590989113e-03
-0.000000000000000000e+00 -3.115067724138498306e-03 -9.999951720237731934e-01 0.000000000000000000e+00 9.999951720237731934e-01 -3.115067724138498306e-03
-0.000000000000000000e+00 -3.098274581134319305e-03 -9.999952316284179688e-01 0.000000000000000000e+00 9.999952316284179688e-01 -3.098274581134319305e-03
0.000000000000000000e+00 -3.142367117106914520e-03 -9.999950528144836426e-01 0.000000000000000000e+00 9.999950528144836426e-01 -3.142367117106914520e-03
0.000000000000000000e+00 -3.132134675979614258e-03 -9.999951124191284180e-01 0.000000000000000000e+00 9.999951124191284180e-01 -3.132134675979614258e-03
0.000000000000000000e+00 -3.149001393467187881e-03 -9.999950528144836426e-01 0.000000000000000000e+00 9.999950528144836426e-01 -3.149001393467187881e-03
0.000000000000000000e+00 -3.140499116852879524e-03 -9.999951124191284180e-01 0.000000000000000000e+00 9.999951124191284180e-01 -3.140499116852879524e-03
0.000000000000000000e+00 -2.643780782818794250e-03 -9.999965429306030273e-01 0.000000000000000000e+00 9.999965429306030273e-01 -2.643780782818794250e-03
0.000000000000000000e+00 -2.640703227370977402e-03 -9.999965429306030273e-01 0.000000000000000000e+00 9.999965429306030273e-01 -2.640703227370977402e-03
0.000000000000000000e+00 -2.636570483446121216e-03 -9.999965429306030273e-01 0.000000000000000000e+00 9.999965429306030273e-01 -2.636570483446121216e-03
0.000000000000000000e+00 -2.644954714924097061e-03 -9.999965429306030273e-01 0.000000000000000000e+00 9.999965429306030273e-01 -2.644954714924097061e-03
0.000000000000000000e+00 -2.404444152489304543e-03 -9.999971389770507812e-01 0.000000000000000000e+00 9.999971389770507812e-01 -2.404444152489304543e-03
0.000000000000000000e+00 -2.416367642581462860e-03 -9.999970793724060059e-01 0.000000000000000000e+00 9.999970793724060059e-01 -2.416367642581462860e-03
0.000000000000000000e+00 -2.403690712526440620e-03 -9.999971389770507812e-01 0.000000000000000000e+00 9.999971389770507812e-01 -2.403690712526440620e-03
-0.000000000000000000e+00 -2.416738541796803474e-03 -9.999970793724060059e-01 0.000000000000000000e+00 9.999970793724060059e-01 -2.416738541796803474e-03
0.000000000000000000e+00 -2.393789123743772507e-03 -9.999971389770507812e-01 0.000000000000000000e+00 9.999971389770507812e-01 -2.393789123743772507e-03
0.000000000000000000e+00 -2.389278262853622437e-03 -9.999971389770507812e-01 0.000000000000000000e+00 9.999971389770507812e-01 -2.389278262853622437e-03
-0.000000000000000000e+00 -2.411114284768700600e-03 -9.999970793724060059e-01 0.000000000000000000e+00 9.999970793724060059e-01 -2.411114284768700600e-03
0.000000000000000000e+00 -2.445549704134464264e-03 -9.999970197677612305e-01 0.000000000000000000e+00 9.999970197677612305e-01 -2.445549704134464264e-03
-0.000000000000000000e+00 -2.441651420667767525e-03 -9.999970197677612305e-01 0.000000000000000000e+00 9.999970197677612305e-01 -2.441651420667767525e-03
0.000000000000000000e+00 -2.667299937456846237e-03 -9.999964833259582520e-01 0.000000000000000000e+00 9.999964833259582520e-01 -2.667299937456846237e-03
-0.000000000000000000e+00 -2.563868882134556770e-03 -9.999967217445373535e-01 0.000000000000000000e+00 9.999967217445373535e-01 -2.563868882134556770e-03
0.000000000000000000e+00 -2.718750620260834694e-03 -9.999963045120239258e-01 0.000000000000000000e+00 9.999963045120239258e-01 -2.718750620260834694e-03
-0.000000000000000000e+00 -2.562748268246650696e-03 -9.999967217445373535e-01 0.000000000000000000e+00 9.999967217445373535e-01 -2.562748268246650696e-03
0.000000000000000000e+00 -2.718560397624969482e-03 -9.999963045120239258e-01 0.000000000000000000e+00 9.999963045120239258e-01 -2.718560397624969482e-03
-0.000000000000000000e+00 -2.479875925928354263e-03 -9.999969601631164551e-01 0.000000000000000000e+00 9.999969601631164551e-01 -2.479875925928354263e-03
0.000000000000000000e+00 -2.808872377499938011e-03 -9.999960660934448242e-01 0.000000000000000000e+00 9.999960660934448242e-01 -2.808872377499938011e-03
0.000000000000000000e+00 -3.103735391050577164e-03 -9.999951720237731934e-01 0.000000000000000000e+00 9.999951720237731934e-01 -3.103735391050577164e-03
0.000000000000000000e+00 -3.096680389717221260e-03 -9.999952316284179688e-01 0.000000000000000000e+00 9.999952316284179688e-01 -3.096680389717221260e-03
0.000000000000000000e+00 -2.446292899549007416e-03 -9.999970197677612305e-01 0.000000000000000000e+00 9.999970197677612305e-01 -2.446292899549007416e-03
0.000000000000000000e+00 -2.418040297925472260e-03 -9.999970793724060059e-01 0.000000000000000000e+00 9.999970793724060059e-01 -2.418040297925472260e-03
0.000000000000000000e+00 -2.450661500915884972e-03 -9.999970197677612305e-01 0.000000000000000000e+00 9.999970197677612305e-01 -2.450661500915884972e-03
0.000000000000000000e+00 -2.423704601824283600e-03 -9.999970793724060059e-01 0.000000000000000000e+00 9.999970793724060059e-01 -2.423704601824283600e-03
0.000000000000000000e+00 -2.446073340252041817e-03 -9.999970197677612305e-01 0.000000000000000000e+00 9.999970197677612305e-01 -2.446073340252041817e-03
0.000000000000000000e+00 -2.447528997436165810e-03 -9.999970197677612305e-01 0.000000000000000000e+00 9.999970197677612305e-01 -2.447528997436165810e-03
0.000000000000000000e+00 -2.467706799507141113e-03 -9.999969601631164551e-01 0.000000000000000000e+00 9.999969601631164551e-01 -2.467706799507141113e-03
0.000000000000000000e+00 -2.412591129541397095e-03 -9.999970793724060059e-01 0.000000000000000000e+00 9.999970793724060059e-01 -2.412591129541397095e-03
0.000000000000000000e+00 -2.454306231811642647e-03 -9.999970197677612305e-01 0.000000000000000000e+00 9.999970197677612305e-01 -2.454306231811642647e-03
0.000000000000000000e+00 -2.401214092969894409e-03 -9.999971389770507812e-01 0.000000000000000000e+00 9.999971389770507812e-01 -2.401214092969894409e-03
0.000000000000000000e+00 -2.445654012262821198e-03 -9.999970197677612305e-01 0.000000000000000000e+00 9.999970197677612305e-01 -2.445654012262821198e-03
0.000000000000000000e+00 -2.393424743786454201e-03 -9.999971389770507812e-01 0.000000000000000000e+00 9.999971389770507812e-01 -2.393424743786454201e-03
0.000000000000000000e+00 -2.456767717376351357e-03 -9.999970197677612305e-01 0.000000000000000000e+00 9.999970197677612305e-01 -2.456767717376351357e-03
0.000000000000000000e+00 -2.380326855927705765e-03 -9.999971985816955566e-01 0.000000000000000000e+00 9.999971985816955566e-01 -2.380326855927705765e-03
0.000000000000000000e+00 -2.455194247886538506e-03 -9.999970197677612305e-01 0.000000000000000000e+00 9.999970197677612305e-01 -2.455194247886538506e-03
0.000000000000000000e+00 -2.305336995050311089e-03 -9.999973773956298828e-01 0.000000000000000000e+00 9.999973773956298828e-01 -2.305336995050311089e-03
0.000000000000000000e+00 -2.454933943226933479e-03 -9.999970197677612305e-01 0.000000000000000000e+00 9.999970197677612305e-01 -2.454933943226933479e-03
0.000000000000000000e+00 -2.301845699548721313e-03 -9.999973773956298828e-01 0.000000000000000000e+00 9.999973773956298828e-01 -2.301845699548721313e-03
0.000000000000000000e+00 -2.415104536339640617e-03 -9.999970793724060059e-01 0.000000000000000000e+00 9.999970793724060059e-01 -2.415104536339640617e-03
0.000000000000000000e+00 -2.227860502898693085e-03 -9.999975562095642090e-01 0.000000000000000000e+00 9.999975562095642090e-01 -2.227860502898693085e-03
-0.000000000000000000e+00 -2.155035035684704781e-03 -9.999976754188537598e-01 0.000000000000000000e+00 9.999976754188537598e-01 -2.155035035684704781e-03
-0.000000000000000000e+00 -2.143935300409793854e-03 -9.999977350234985352e-01 0.000000000000000000e+00 9.999977350234985352e-01 -2.143935300409793854e-03
0.000000000000000000e+00 -2.419986529275774956e-03 -9.999970793724060059e-01 0.000000000000000000e+00 9.999970793724060059e-01 -2.419986529275774956e-03
0.000000000000000000e+00 -2.411652822047472000e-03 -9.999970793724060059e-01 0.000000000000000000e+00 9.999970793724060059e-01 -2.411652822047472000e-03
-0.000000000000000000e+00 -2.413364360108971596e-03 -9.999970793724060059e-01 0.000000000000000000e+00 9.999970793724060059e-01 -2.413364360108971596e-03
0.000000000000000000e+00 -2.401581034064292908e-03 -9.999971389770507812e-01 0.000000000000000000e+00 9.999971389770507812e-01 -2.401581034064292908e-03
-0.000000000000000000e+00 -2.403231570497155190e-03 -9.999971389770507812e-01 0.000000000000000000e+00 9.999971389770507812e-01 -2.403231570497155190e-03
0.000000000000000000e+00 -2.390121808275580406e-03 -9.999971389770507812e-01 0.000000000000000000e+00 9.999971389770507812e-01 -2.390121808275580406e-03
-0.000000000000000000e+00 -2.396656665951013565e-03 -9.999971389770507812e-01 0.000000000000000000e+00 9.999971389770507812e-01 -2.396656665951013565e-03
0.000000000000000000e+00 -2.382665639743208885e-03 -9.999971985816955566e-01 0.000000000000000000e+00 9.999971985816955566e-01 -2.382665639743208885e-03
-0.000000000000000000e+00 -2.220542402938008308e-03 -9.999975562095642090e-01 0.000000000000000000e+00 9.999975562095642090e-01 -2.220542402938008308e-03
0.000000000000000000e+00 -2.203385578468441963e-03 -9.999976158142089844e-01 0.000000000000000000e+00 9.999976158142089844e-01 -2.203385578468441963e-03
-0.000000000000000000e+00 -1.939223962835967541e-03 -9.999981522560119629e-01 0.000000000000000000e+00 9.999981522560119629e-01 -1.939223962835967541e-03
-0.000000000000000000e+00 -1.958157401531934738e-03 -9.999980926513671875e-01 0.000000000000000000e+00 9.999980926513671875e-01 -1.958157401531934738e-03
-0.000000000000000000e+00 -1.996154198423027992e-03 -9.999980330467224121e-01 0.000000000000000000e+00 9.999980330467224121e-01 -1.996154198423027992e-03
-0.000000000000000000e+00 -1.976847648620605469e-03 -9.999980330467224121e-01 0.000000000000000000e+00 9.999980330467224121e-01 -1.976847648620605469e-03
0.000000000000000000e+00 -2.225774340331554413e-03 -9.999975562095642090e-01 0.000000000000000000e+00 9.999975562095642090e-01 -2.225774340331554413e-03
0.000000000000000000e+00 -2.255868865177035332e-03 -9.999974966049194336e-01 0.000000000000000000e+00 9.999974966049194336e-01 -2.255868865177035332e-03
0.000000000000000000e+00 -1.967114163562655449e-03 -9.999980926513671875e-01 0.000000000000000000e+00 9.999980926513671875e-01 -1.967114163562655449e-03
0.000000000000000000e+00 -1.944768009707331657e-03 -9.999981522560119629e-01 0.000000000000000000e+00 9.999981522560119629e-01 -1.944768009707331657e-03
0.000000000000000000e+00 -1.948757562786340714e-03 -9.999980926513671875e-01 0.000000000000000000e+00 9.999980926513671875e-01 -1.948757562786340714e-03
0.000000000000000000e+00 -1.989765325561165810e-03 -9.999980330467224121e-01 0.000000000000000000e+00 9.999980330467224121e-01 -1.989765325561165810e-03
0.000000000000000000e+00 -1.946243224665522575e-03 -9.999980926513671875e-01 0.000000000000000000e+00 9.999980926513671875e-01 -1.946243224665522575e-03
0.000000000000000000e+00 -2.005498157814145088e-03 -9.999980330467224121e-01 0.000000000000000000e+00 9.999980330467224121e-01 -2.005498157814145088e-03
0.000000000000000000e+00 -2.000967739149928093e-03 -9.999980330467224121e-01 0.000000000000000000e+00 9.999980330467224121e-01 -2.000967739149928093e-03
0.000000000000000000e+00 -2.123194048181176186e-03 -9.999977350234985352e-01 0.000000000000000000e+00 9.999977350234985352e-01 -2.123194048181176186e-03
0.000000000000000000e+00 -2.065293258056044579e-03 -9.999978542327880859e-01 0.000000000000000000e+00 9.999978542327880859e-01 -2.065293258056044579e-03
0.000000000000000000e+00 -2.195740817114710808e-03 -9.999976158142089844e-01 0.000000000000000000e+00 9.999976158142089844e-01 -2.195740817114710808e-03
0.000000000000000000e+00 -2.194515196606516838e-03 -9.999976158142089844e-01 0.000000000000000000e+00 9.999976158142089844e-01 -2.194515196606516838e-03
0.000000000000000000e+00 -2.150415210053324699e-03 -9.999976754188537598e-01 0.000000000000000000e+00 9.999976754188537598e-01 -2.150415210053324699e-03
0.000000000000000000e+00 -2.059269696474075317e-03 -9.999979138374328613e-01 0.000000000000000000e+00 9.999979138374328613e-01 -2.059269696474075317e-03
0.000000000000000000e+00 -2.141802106052637100e-03 -9.999977350234985352e-01 0.000000000000000000e+00 9.999977350234985352e-01 -2.141802106052637100e-03
0.000000000000000000e+00 -2.122097183018922806e-03 -9.999977350234985352e-01 0.000000000000000000e+00 9.999977350234985352e-01 -2.122097183018922806e-03
0.000000000000000000e+00 -2.124264603480696678e-03 -9.999977350234985352e-01 0.000000000000000000e+00 9.999977350234985352e-01 -2.124264603480696678e-03
-0.000000000000000000e+00 -2.079233061522245407e-03 -9.999978542327880859e-01 0.000000000000000000e+00 9.999978542327880859e-01 -2.079233061522245407e-03
0.000000000000000000e+00 -2.065362874418497086e-03 -9.999978542327880859e-01 0.000000000000000000e+00 9.999978542327880859e-01 -2.065362874418497086e-03
-0.000000000000000000e+00 -2.065880922600626945e-03 -9.999978542327880859e-01 0.000000000000000000e+00 9.999978542327880859e-01 -2.065880922600626945e-03
0.000000000000000000e+00 -2.065784297883510590e-03 -9.999978542327880859e-01 0.000000000000000000e+00 9.999978542327880859e-01 -2.065784297883510590e-03
-0.000000000000000000e+00 -2.064199885353446007e-03 -9.999979138374328613e-01 0.000000000000000000e+00 9.999979138374328613e-01 -2.064199885353446007e-03
-0.000000000000000000e+00 -2.048998372629284859e-03 -9.999979138374328613e-01 0.000000000000000000e+00 9.999979138374328613e-01 -2.048998372629284859e-03
-0.000000000000000000e+00 -2.063781023025512695e-03 -9.999979138374328613e-01 0.000000000000000000e+00 9.999979138374328613e-01 -2.063781023025512695e-03
-0.000000000000000000e+00 -2.045073546469211578e-03 -9.999979138374328613e-01 0.000000000000000000e+00 9.999979138374328613e-01 -2.045073546469211578e-03
-0.000000000000000000e+00 -2.023050328716635704e-03 -9.999979734420776367e-01 0.000000000000000000e+00 9.999979734420776367e-01 -2.023050328716635704e-03
0.000000000000000000e+00 -2.213297178968787193e-03 -9.999975562095642090e-01 0.000000000000000000e+00 9.999975562095642090e-01 -2.213297178968787193e-03
0.000000000000000000e+00 -2.190386643633246422e-03 -9.999976158142089844e-01 0.000000000000000000e+00 9.999976158142089844e-01 -2.190386643633246422e-03
0.000000000000000000e+00 -2.228833967819809914e-03 -9.999975562095642090e-01 0.000000000000000000e+00 9.999975562095642090e-01 -2.228833967819809914e-03
0.000000000000000000e+00 -2.202199539169669151e-03 -9.999976158142089844e-01 0.000000000000000000e+00 9.999976158142089844e-01 -2.202199539169669151e-03
0.000000000000000000e+00 -2.215698827058076859e-03 -9.999975562095642090e-01 0.000000000000000000e+00 9.999975562095642090e-01 -2.215698827058076859e-03
0.000000000000000000e+00 -2.251855563372373581e-03 -9.999974966049194336e-01 0.000000000000000000e+00 9.999974966049194336e-01 -2.251855563372373581e-03
0.000000000000000000e+00 -2.209675498306751251e-03 -9.999975562095642090e-01 0.000000000000000000e+00 9.999975562095642090e-01 -2.209675498306751251e-03
-0.000000000000000000e+00 -2.220753347501158714e-03 -9.999975562095642090e-01 0.000000000000000000e+00 9.999975562095642090e-01 -2.220753347501158714e-03
-0.000000000000000000e+00 -2.201442839577794075e-03 -9.999976158142089844e-01 0.000000000000000000e+00 9.999976158142089844e-01 -2.201442839577794075e-03
0.000000000000000000e+00 -2.208027523010969162e-03 -9.999975562095642090e-01 0.000000000000000000e+00 9.999975562095642090e-01 -2.208027523010969162e-03
-0.000000000000000000e+00 -2.184782642871141434e-03 -9.999976158142089844e-01 0.000000000000000000e+00 9.999976158142089844e-01 -2.184782642871141434e-03
0.000000000000000000e+00 -2.191339153796434402e-03 -9.999976158142089844e-01 0.000000000000000000e+00 9.999976158142089844e-01 -2.191339153796434402e-03
-0.000000000000000000e+00 -2.167182276025414467e-03 -9.999976754188537598e-01 0.000000000000000000e+00 9.999976754188537598e-01 -2.167182276025414467e-03
0.000000000000000000e+00 -2.181630814447999001e-03 -9.999976158142089844e-01 0.000000000000000000e+00 9.999976158142089844e-01 -2.181630814447999001e-03
-0.000000000000000000e+00 -2.160914475098252296e-03 -9.999976754188537598e-01 0.000000000000000000e+00 9.999976754188537598e-01 -2.160914475098252296e-03
0.000000000000000000e+00 -2.141831675544381142e-03 -9.999977350234985352e-01 0.000000000000000000e+00 9.999977350234985352e-01 -2.141831675544381142e-03
0.000000000000000000e+00 -2.113564405590295792e-03 -9.999977946281433105e-01 0.000000000000000000e+00 9.999977946281433105e-01 -2.113564405590295792e-03
0.000000000000000000e+00 -2.138900803402066231e-03 -9.999977350234985352e-01 0.000000000000000000e+00 9.999977350234985352e-01 -2.138900803402066231e-03
0.000000000000000000e+00 -2.114348579198122025e-03 -9.999977946281433105e-01 0.000000000000000000e+00 9.999977946281433105e-01 -2.114348579198122025e-03
0.000000000000000000e+00 -2.066962420940399170e-03 -9.999978542327880859e-01 0.000000000000000000e+00 9.999978542327880859e-01 -2.066962420940399170e-03
-0.000000000000000000e+00 -2.046584384515881538e-03 -9.999979138374328613e-01 0.000000000000000000e+00 9.999979138374328613e-01 -2.046584384515881538e-03
-0.000000000000000000e+00 -2.047204878181219101e-03 -9.999979138374328613e-01 0.000000000000000000e+00 9.999979138374328613e-01 -2.047204878181219101e-03
0.000000000000000000e+00 -2.839124295860528946e-03 -9.999960064888000488e-01 0.000000000000000000e+00 9.999960064888000488e-01 -2.839124295860528946e-03
0.000000000000000000e+00 -2.594867255538702011e-03 -9.999966621398925781e-01 0.000000000000000000e+00 9.999966621398925781e-01 -2.594867255538702011e-03
0.000000000000000000e+00 -2.613858785480260849e-03 -9.999966025352478027e-01 0.000000000000000000e+00 9.999966025352478027e-01 -2.613858785480260849e-03
0.000000000000000000e+00 -2.827008487656712532e-03 -9.999960064888000488e-01 0.000000000000000000e+00 9.999960064888000488e-01 -2.827008487656712532e-03
0.000000000000000000e+00 -2.631236100569367409e-03 -9.999965429306030273e-01 0.000000000000000000e+00 9.999965429306030273e-01 -2.631236100569367409e-03
0.000000000000000000e+00 -2.831497229635715485e-03 -9.999960064888000488e-01 0.000000000000000000e+00 9.999960064888000488e-01 -2.831497229635715485e-03
0.000000000000000000e+00 -2.635950222611427307e-03 -9.999965429306030273e-01 0.000000000000000000e+00 9.999965429306030273e-01 -2.635950222611427307e-03
0.000000000000000000e+00 -2.841782057657837868e-03 -9.999960064888000488e-01 0.000000000000000000e+00 9.999960064888000488e-01 -2.841782057657837868e-03
0.000000000000000000e+00 -3.193682758137583733e-03 -9.999949336051940918e-01 0.000000000000000000e+00 9.999949336051940918e-01 -3.193682758137583733e-03
0.000000000000000000e+00 -3.183422144502401352e-03 -9.999949336051940918e-01 0.000000000000000000e+00 9.999949336051940918e-01 -3.183422144502401352e-03
0.000000000000000000e+00 -3.191613825038075447e-03 -9.999949336051940918e-01 0.000000000000000000e+00 9.999949336051940918e-01 -3.191613825038075447e-03
0.000000000000000000e+00 -3.186438698321580887e-03 -9.999949336051940918e-01 0.000000000000000000e+00 9.999949336051940918e-01 -3.186438698321580887e-03
0.000000000000000000e+00 -3.194014774635434151e-03 -9.999949336051940918e-01 0.000000000000000000e+00 9.999949336051940918e-01 -3.194014774635434151e-03
0.000000000000000000e+00 -2.587641356512904167e-03 -9.999966621398925781e-01 0.000000000000000000e+00 9.999966621398925781e-01 -2.587641356512904167e-03
0.000000000000000000e+00 -2.546124393120408058e-03 -9.999967813491821289e-01 0.000000000000000000e+00 9.999967813491821289e-01 -2.546124393120408058e-03
0.000000000000000000e+00 -2.535217674449086189e-03 -9.999967813491821289e-01 0.000000000000000000e+00 9.999967813491821289e-01 -2.535217674449086189e-03
-0.000000000000000000e+00 -2.557246247306466103e-03 -9.999967217445373535e-01 0.000000000000000000e+00 9.999967217445373535e-01 -2.557246247306466103e-03
0.000000000000000000e+00 -2.603452419862151146e-03 -9.999966025352478027e-01 0.000000000000000000e+00 9.999966025352478027e-01 -2.603452419862151146e-03
0.000000000000000000e+00 -2.622045576572418213e-03 -9.999966025352478027e-01 0.000000000000000000e+00 9.999966025352478027e-01 -2.622045576572418213e-03
0.000000000000000000e+00 -2.593327080830931664e-03 -9.999966621398925781e-01 0.000000000000000000e+00 9.999966621398925781e-01 -2.593327080830931664e-03
0.000000000000000000e+00 -2.649102592840790749e-03 -9.999964833259582520e-01 0.000000000000000000e+00 9.999964833259582520e-01 -2.649102592840790749e-03
0.000000000000000000e+00 -2.768890233710408211e-03 -9.999961853027343750e-01 0.000000000000000000e+00 9.999961853027343750e-01 -2.768890233710408211e-03
0.000000000000000000e+00 -2.541006542742252350e-03 -9.999967813491821289e-01 0.000000000000000000e+00 9.999967813491821289e-01 -2.541006542742252350e-03
0.000000000000000000e+00 -2.567748539149761200e-03 -9.999967217445373535e-01 0.000000000000000000e+00 9.999967217445373535e-01 -2.567748539149761200e-03
-0.000000000000000000e+00 -2.532539889216423035e-03 -9.999967813491821289e-01 0.000000000000000000e+00 9.999967813491821289e-01 -2.532539889216423035e-03
0.000000000000000000e+00 -2.545028692111372948e-03 -9.999967813491821289e-01 0.000000000000000000e+00 9.999967813491821289e-01 -2.545028692111372948e-03
-0.000000000000000000e+00 -2.522174501791596413e-03 -9.999968409538269043e-01 0.000000000000000000e+00 9.999968409538269043e-01 -2.522174501791596413e-03
0.000000000000000000e+00 -2.526749158278107643e-03 -9.999968409538269043e-01 0.000000000000000000e+00 9.999968409538269043e-01 -2.526749158278107643e-03
-0.000000000000000000e+00 -2.520411042496562004e-03 -9.999968409538269043e-01 0.000000000000000000e+00 9.999968409538269043e-01 -2.520411042496562004e-03
0.000000000000000000e+00 -2.527616685256361961e-03 -9.999968409538269043e-01 0.000000000000000000e+00 9.999968409538269043e-01 -2.527616685256361961e-03
0.000000000000000000e+00 -2.524553798139095306e-03 -9.999968409538269043e-01 0.000000000000000000e+00 9.999968409538269043e-01 -2.524553798139095306e-03
0.000000000000000000e+00 -2.558017149567604065e-03 -9.999967217445373535e-01 0.000000000000000000e+00 9.999967217445373535e-01 -2.558017149567604065e-03
0.000000000000000000e+00 -2.882185159251093864e-03 -9.999958872795104980e-01 0.000000000000000000e+00 9.999958872795104980e-01 -2.882185159251093864e-03
0.000000000000000000e+00 -2.724514342844486237e-03 -9.999963045120239258e-01 0.000000000000000000e+00 9.999963045120239258e-01 -2.724514342844486237e-03
0.000000000000000000e+00 -2.727783750742673874e-03 -9.999963045120239258e-01 0.000000000000000000e+00 9.999963045120239258e-01 -2.727783750742673874e-03
0.000000000000000000e+00 -2.811785088852047920e-03 -9.999960660934448242e-01 0.000000000000000000e+00 9.999960660934448242e-01 -2.811785088852047920e-03
0.000000000000000000e+00 -2.728313440456986427e-03 -9.999963045120239258e-01 0.000000000000000000e+00 9.999963045120239258e-01 -2.728313440456986427e-03
0.000000000000000000e+00 -2.810506382957100868e-03 -9.999960660934448242e-01 0.000000000000000000e+00 9.999960660934448242e-01 -2.810506382957100868e-03
0.000000000000000000e+00 -2.819832181558012962e-03 -9.999960660934448242e-01 0.000000000000000000e+00 9.999960660934448242e-01 -2.819832181558012962e-03
0.000000000000000000e+00 -2.608427312225103378e-03 -9.999966025352478027e-01 0.000000000000000000e+00 9.999966025352478027e-01 -2.608427312225103378e-03
-0.000000000000000000e+00 -2.511327387765049934e-03 -9.999968409538269043e-01 0.000000000000000000e+00 9.999968409538269043e-01 -2.511327387765049934e-03
-0.000000000000000000e+00 -2.501037204638123512e-03 -9.999969005584716797e-01 0.000000000000000000e+00 9.999969005584716797e-01 -2.501037204638123512e-03
-0.000000000000000000e+00 -2.497840672731399536e-03 -9.999969005584716797e-01 0.000000000000000000e+00 9.999969005584716797e-01 -2.497840672731399536e-03
-0.000000000000000000e+00 -2.485407050698995590e-03 -9.999969005584716797e-01 0.000000000000000000e+00 9.999969005584716797e-01 -2.485407050698995590e-03
-0.000000000000000000e+00 -2.471417188644409180e-03 -9.999969601631164551e-01 0.000000000000000000e+00 9.999969601631164551e-01 -2.471417188644409180e-03
0.000000000000000000e+00 -2.450435888022184372e-03 -9.999970197677612305e-01 0.000000000000000000e+00 9.999970197677612305e-01 -2.450435888022184372e-03
0.000000000000000000e+00 -2.453565597534179688e-03 -9.999970197677612305e-01 0.000000000000000000e+00 9.999970197677612305e-01 -2.453565597534179688e-03
0.000000000000000000e+00 -2.462978940457105637e-03 -9.999969601631164551e-01 0.000000000000000000e+00 9.999969601631164551e-01 -2.462978940457105637e-03
0.000000000000000000e+00 -2.226897049695253372e-03 -9.999975562095642090e-01 0.000000000000000000e+00 9.999975562095642090e-01 -2.226897049695253372e-03
0.000000000000000000e+00 -2.170651918277144432e-03 -9.999976754188537598e-01 0.000000000000000000e+00 9.999976754188537598e-01 -2.170651918277144432e-03
0.000000000000000000e+00 -2.217689296230673790e-03 -9.999975562095642090e-01 0.000000000000000000e+00 9.999975562095642090e-01 -2.217689296230673790e-03
0.000000000000000000e+00 -2.167722210288047791e-03 -9.999976754188537598e-01 0.000000000000000000e+00 9.999976754188537598e-01 -2.167722210288047791e-03
0.000000000000000000e+00 -2.169102430343627930e-03 -9.999976754188537598e-01 0.000000000000000000e+00 9.999976754188537598e-01 -2.169102430343627930e-03
0.000000000000000000e+00 -2.197673777118325233e-03 -9.999976158142089844e-01 0.000000000000000000e+00 9.999976158142089844e-01 -2.197673777118325233e-03
0.000000000000000000e+00 -2.178311347961425781e-03 -9.999976158142089844e-01 0.000000000000000000e+00 9.999976158142089844e-01 -2.178311347961425781e-03
0.000000000000000000e+00 -2.185759833082556725e-03 -9.999976158142089844e-01 0.000000000000000000e+00 9.999976158142089844e-01 -2.185759833082556725e-03
0.000000000000000000e+00 -2.233218867331743240e-03 -9.999974966049194336e-01 0.000000000000000000e+00 9.999974966049194336e-01 -2.233218867331743240e-03
-0.000000000000000000e+00 -2.225958043709397316e-03 -9.999975562095642090e-01 0.000000000000000000e+00 9.999975562095642090e-01 -2.225958043709397316e-03
-0.000000000000000000e+00 -2.274679485708475113e-03 -9.999974370002746582e-01 0.000000000000000000e+00 9.999974370002746582e-01 -2.274679485708475113e-03
-0.000000000000000000e+00 -2.226322190836071968e-03 -9.999975562095642090e-01 0.000000000000000000e+00 9.999975562095642090e-01 -2.226322190836071968e-03
0.000000000000000000e+00 -2.275309292599558830e-03 -9.999974370002746582e-01 0.000000000000000000e+00 9.999974370002746582e-01 -2.275309292599558830e-03
-0.000000000000000000e+00 -2.273705089464783669e-03 -9.999974370002746582e-01 0.000000000000000000e+00 9.999974370002746582e-01 -2.273705089464783669e-03
0.000000000000000000e+00 -2.323984634131193161e-03 -9.999973177909851074e-01 0.000000000000000000e+00 9.999973177909851074e-01 -2.323984634131193161e-03
0.000000000000000000e+00 -2.330963034182786942e-03 -9.999973177909851074e-01 0.000000000000000000e+00 9.999973177909851074e-01 -2.330963034182786942e-03
0.000000000000000000e+00 -2.226060256361961365e-03 -9.999975562095642090e-01 0.000000000000000000e+00 9.999975562095642090e-01 -2.226060256361961365e-03
0.000000000000000000e+00 -2.260976936668157578e-03 -9.999974370002746582e-01 0.000000000000000000e+00 9.999974370002746582e-01 -2.260976936668157578e-03
0.000000000000000000e+00 -2.278157044202089310e-03 -9.999974370002746582e-01 0.000000000000000000e+00 9.999974370002746582e-01 -2.278157044202089310e-03
0.000000000000000000e+00 -2.248389413580298424e-03 -9.999974966049194336e-01 0.000000000000000000e+00 9.999974966049194336e-01 -2.248389413580298424e-03
0.000000000000000000e+00 -2.243115566670894623e-03 -9.999974966049194336e-01 0.000000000000000000e+00 9.999974966049194336e-01 -2.243115566670894623e-03
0.000000000000000000e+00 -2.275522099807858467e-03 -9.999974370002746582e-01 0.000000000000000000e+00 9.999974370002746582e-01 -2.275522099807858467e-03
0.000000000000000000e+00 -2.289372030645608902e-03 -9.999973773956298828e-01 0.000000000000000000e+00 9.999973773956298828e-01 -2.289372030645608902e-03
0.000000000000000000e+00 -2.279760316014289856e-03 -9.999974370002746582e-01 0.000000000000000000e+00 9.999974370002746582e-01 -2.279760316014289856e-03
0.000000000000000000e+00 -2.301923232153058052e-03 -9.999973773956298828e-01 0.000000000000000000e+00 9.999973773956298828e-01 -2.301923232153058052e-03
0.000000000000000000e+00 -2.290058182552456856e-03 -9.999973773956298828e-01 0.000000000000000000e+00 9.999973773956298828e-01 -2.290058182552456856e-03
0.000000000000000000e+00 -2.320818137377500534e-03 -9.999973177909851074e-01 0.000000000000000000e+00 9.999973177909851074e-01 -2.320818137377500534e-03
-0.000000000000000000e+00 -2.303025452420115471e-03 -9.999973773956298828e-01 0.000000000000000000e+00 9.999973773956298828e-01 -2.303025452420115471e-03
0.000000000000000000e+00 -2.334019169211387634e-03 -9.999973177909851074e-01 0.000000000000000000e+00 9.999973177909851074e-01 -2.334019169211387634e-03
0.000000000000000000e+00 -2.426486695185303688e-03 -9.999970793724060059e-01 0.000000000000000000e+00 9.999970793724060059e-01 -2.426486695185303688e-03
0.000000000000000000e+00 -2.045101718977093697e-03 -9.999979138374328613e-01 0.000000000000000000e+00 9.999979138374328613e-01 -2.045101718977093697e-03
-0.000000000000000000e+00 -2.043084008619189262e-03 -9.999979138374328613e-01 0.000000000000000000e+00 9.999979138374328613e-01 -2.043084008619189262e-03
0.000000000000000000e+00 -2.976352348923683167e-03 -9.999955892562866211e-01 0.000000000000000000e+00 9.999955892562866211e-01 -2.976352348923683167e-03
0.000000000000000000e+00 -3.005435224622488022e-03 -9.999954700469970703e-01 0.000000000000000000e+00 9.999954700469970703e-01 -3.005435224622488022e-03
0.000000000000000000e+00 -2.989427186548709869e-03 -9.999955296516418457e-01 0.000000000000000000e+00 9.999955296516418457e-01 -2.989427186548709869e-03
0.000000000000000000e+00 -3.004546044394373894e-03 -9.999955296516418457e-01 0.000000000000000000e+00 9.999955296516418457e-01 -3.004546044394373894e-03
0.000000000000000000e+00 -3.011470194905996323e-03 -9.999954700469970703e-01 0.000000000000000000e+00 9.999954700469970703e-01 -3.011470194905996323e-03
0.000000000000000000e+00 -3.012267639860510826e-03 -9.999954700469970703e-01 0.000000000000000000e+00 9.999954700469970703e-01 -3.012267639860510826e-03
0.000000000000000000e+00 -3.033353248611092567e-03 -9.999954104423522949e-01 0.000000000000000000e+00 9.999954104423522949e-01 -3.033353248611092567e-03
0.000000000000000000e+00 -3.028108738362789154e-03 -9.999954104423522949e-01 0.000000000000000000e+00 9.999954104423522949e-01 -3.028108738362789154e-03
0.000000000000000000e+00 -3.039200557395815849e-03 -9.999954104423522949e-01 0.000000000000000000e+00 9.999954104423522949e-01 -3.039200557395815849e-03
-0.000000000000000000e+00 -2.266651717945933342e-03 -9.999974370002746582e-01 0.000000000000000000e+00 9.999974370002746582e-01 -2.266651717945933342e-03
0.000000000000000000e+00 -2.270595636218786240e-03 -9.999974370002746582e-01 0.000000000000000000e+00 9.999974370002746582e-01 -2.270595636218786240e-03
0.000000000000000000e+00 -2.264253329485654831e-03 -9.999974370002746582e-01 0.000000000000000000e+00 9.999974370002746582e-01 -2.264253329485654831e-03
1.760578830726444721e-03 3.090162575244903564e-01 -9.510551095008850098e-01 -9.999984502792358398e-01 5.440483218990266323e-04 -1.674410072155296803e-03
1.753100310452282429e-03 3.090162575244903564e-01 -9.510551095008850098e-01 -9.999984502792358398e-01 5.417373613454401493e-04 -1.667297678068280220e-03
1.943373004905879498e-03 -3.090161383152008057e-01 -9.510548114776611328e-01 -9.999981522560119629e-01 -6.005348404869437218e-04 -1.848257845267653465e-03
1.934692147187888622e-03 -3.090161681175231934e-01 -9.510548710823059082e-01 -9.999981522560119629e-01 -5.978522240184247494e-04 -1.840001787059009075e-03
1.628793543204665184e-03 -8.090152740478515625e-01 -5.877854824066162109e-01 -9.999986886978149414e-01 -1.317720627412199974e-03 -9.573824354447424412e-04
1.678518019616603851e-03 8.090152144432067871e-01 -5.877854228019714355e-01 -9.999986290931701660e-01 1.357948640361428261e-03 -9.866099571809172630e-04
1.647787983529269695e-03 8.090152144432067871e-01 -5.877854228019714355e-01 -9.999986290931701660e-01 1.333087449893355370e-03 -9.685471304692327976e-04
2.454819856211543083e-03 9.999970197677612305e-01 -0.000000000000000000e+00 -9.999970197677612305e-01 2.454819856211543083e-03 0.000000000000000000e+00
2.219796646386384964e-03 9.999975562095642090e-01 0.000000000000000000e+00 -9.999975562095642090e-01 2.219796646386384964e-03 0.000000000000000000e+00
2.036718651652336121e-03 8.090146780014038086e-01 5.877850055694580078e-01 -9.999979138374328613e-01 1.647738739848136902e-03 1.197155215777456760e-03
2.056342083960771561e-03 8.090145587921142578e-01 5.877849459648132324e-01 -9.999979138374328613e-01 1.663614530116319656e-03 1.208689762279391289e-03
1.610839157365262508e-03 3.090163171291351318e-01 9.510553479194641113e-01 -9.999987483024597168e-01 4.977763164788484573e-04 1.531999325379729271e-03
1.698552747257053852e-03 3.090163171291351318e-01 9.510552883148193359e-01 -9.999985694885253906e-01 5.248811794444918633e-04 1.615419634617865086e-03
1.562880352139472961e-03 -3.090163767337799072e-01 9.510554671287536621e-01 -9.999988079071044922e-01 -4.829561803489923477e-04 1.486387685872614384e-03
1.577521092258393764e-03 -3.090163469314575195e-01 9.510554075241088867e-01 -9.999987483024597168e-01 -4.874804290011525154e-04 1.500311889685690403e-03
1.861045835539698601e-03 -8.090148568153381348e-01 5.877851843833923340e-01 -9.999982714653015137e-01 -1.505616703070700169e-03 1.093897270038723946e-03
1.853537745773792267e-03 -8.090148568153381348e-01 5.877851843833923340e-01 -9.999982714653015137e-01 -1.499542500823736191e-03 1.089484198018908501e-03
1.595319015905261040e-03 -9.999987483024597168e-01 0.000000000000000000e+00 -9.999987483024597168e-01 -1.595319015905261040e-03 -0.000000000000000000e+00
1.555382157675921917e-03 -9.999988079071044922e-01 0.000000000000000000e+00 -9.999988079071044922e-01 -1.555382157675921917e-03 0.000000000000000000e+00
1.633331296034157276e-03 -8.090151548385620117e-01 -5.877854228019714355e-01 -9.999986886978149414e-01 -1.321391901001334190e-03 -9.600498015061020851e-04
4.119701683521270752e-03 3.090129792690277100e-01 -9.510489106178283691e-01 -9.999915361404418945e-01 1.273052068427205086e-03 -3.918070811778306961e-03
4.120316356420516968e-03 3.090129792690277100e-01 -9.510489106178283691e-01 -9.999915361404418945e-01 1.273242058232426643e-03 -3.918655682355165482e-03
4.296828992664813995e-03 -3.090142309665679932e-01 -9.510477185249328613e-01 -9.999907612800598145e-01 -1.327793579548597336e-03 -4.086527042090892792e-03
4.262735601514577866e-03 -3.090142905712127686e-01 -9.510478377342224121e-01 -9.999909400939941406e-01 -1.317258109338581562e-03 -4.054102115333080292e-03
1.888244529254734516e-03 -8.090155124664306641e-01 -5.877842903137207031e-01 -9.999982118606567383e-01 -1.527621760033071041e-03 -1.109882490709424019e-03
2.848512958735227585e-03 8.090136647224426270e-01 -5.877829790115356445e-01 -9.999959468841552734e-01 2.304495312273502350e-03 -1.674314262345433235e-03
2.786263125017285347e-03 8.090137839317321777e-01 -5.877830982208251953e-01 -9.999961256980895996e-01 2.254134044051170349e-03 -1.637724693864583969e-03
1.064362237229943275e-03 9.999994635581970215e-01 -0.000000000000000000e+00 -9.999994635581970215e-01 1.064362237229943275e-03 0.000000000000000000e+00
1.044088974595069885e-03 9.999994635581970215e-01 0.000000000000000000e+00 -9.999994635581970215e-01 1.044088974595069885e-03 0.000000000000000000e+00
5.577201372943818569e-04 8.090168237686157227e-01 5.877852439880371094e-01 -9.999998807907104492e-01 4.512050654739141464e-04 3.278197546023875475e-04
4.688581102527678013e-04 8.090168237686157227e-01 5.877853035926818848e-01 -9.999999403953552246e-01 3.793141804635524750e-04 2.755879540927708149e-04
1.575988862896338105e-04 3.090156018733978271e-01 9.510569572448730469e-01 -1.000000000000000000e+00 4.870051634497940540e-05 1.498855126556009054e-04
2.029581228271126747e-04 3.090156018733978271e-01 9.510569572448730469e-01 -1.000000000000000000e+00 6.271722668316215277e-05 1.930247381096705794e-04
-2.329249109607189894e-04 -3.090170919895172119e-01 9.510564804077148438e-01 -1.000000000000000000e+00 7.197778177214786410e-05 -2.215247513959184289e-04
-2.206298086093738675e-04 -3.090170919895172119e-01 9.510564804077148438e-01 -1.000000000000000000e+00 6.817837856942787766e-05 -2.098314143950119615e-04
-2.166923659387975931e-04 -8.090169429779052734e-01 5.877853631973266602e-01 -1.000000000000000000e+00 1.753077958710491657e-04 -1.273686066269874573e-04
-1.848548854468390346e-04 -8.090169429779052734e-01 5.877853631973266602e-01 -1.000000000000000000e+00 1.495507312938570976e-04 -1.086549964384175837e-04
2.185828197980299592e-04 -1.000000000000000000e+00 0.000000000000000000e+00 -1.000000000000000000e+00 -2.185828197980299592e-04 -0.000000000000000000e+00
2.971525245811790228e-04 -1.000000000000000000e+00 0.000000000000000000e+00 -1.000000000000000000e+00 -2.971525245811790228e-04 0.000000000000000000e+00
1.809845445677638054e-03 -8.090156316757202148e-01 -5.877844095230102539e-01 -9.999983906745910645e-01 -1.464195665903389454e-03 -1.063800649717450142e-03
-1.124745118431746960e-03 3.090165257453918457e-01 -9.510560035705566406e-01 -9.999994039535522461e-01 -3.475651028566062450e-04 1.069696387276053429e-03
-1.130614429712295532e-03 3.090165257453918457e-01 -9.510560035705566406e-01 -9.999994039535522461e-01 -3.493787953630089760e-04 1.075278385542333126e-03
-2.465176512487232685e-04 -3.090167343616485596e-01 -9.510565996170043945e-01 -1.000000000000000000e+00 7.617807568749412894e-05 2.344522217754274607e-04
-2.626097411848604679e-04 -3.090167343616485596e-01 -9.510565996170043945e-01 -1.000000000000000000e+00 8.115079981507733464e-05 2.497567329555749893e-04
-2.462630800437182188e-04 -8.090171813964843750e-01 -5.877850055694580078e-01 -1.000000000000000000e+00 1.992310571949928999e-04 1.447497488697990775e-04
2.766395045910030603e-04 8.090171813964843750e-01 -5.877850055694580078e-01 -1.000000000000000000e+00 2.238060988020151854e-04 -1.626045559532940388e-04
2.163643075618892908e-04 8.090171813964843750e-01 -5.877850055694580078e-01 -1.000000000000000000e+00 1.750424416968598962e-04 -1.271756918868049979e-04
-7.989154546521604061e-04 9.999997019767761230e-01 0.000000000000000000e+00 -9.999997019767761230e-01 -7.989154546521604061e-04 0.000000000000000000e+00
-7.504051318392157555e-04 9.999997615814208984e-01 0.000000000000000000e+00 -9.999997615814208984e-01 -7.504051318392157555e-04 0.000000000000000000e+00
-2.893738681450486183e-03 8.090137839317321777e-01 5.877825617790222168e-01 -9.999958276748657227e-01 -2.341084415093064308e-03 -1.700896187685430050e-03
-2.852339530363678932e-03 8.090139031410217285e-01 5.877826213836669922e-01 -9.999959468841552734e-01 -2.307591727003455162e-03 -1.676562358625233173e-03
-2.636936027556657791e-03 3.090156614780426025e-01 9.510533213615417480e-01 -9.999965429306030273e-01 -8.148573688231408596e-04 -2.507875440642237663e-03
-2.718235133215785027e-03 3.090156018733978271e-01 9.510530829429626465e-01 -9.999963045120239258e-01 -8.399801445193588734e-04 -2.585195470601320267e-03
-5.707076052203774452e-04 -3.090167045593261719e-01 9.510564804077148438e-01 -9.999998211860656738e-01 1.763581822160631418e-04 -5.427752039395272732e-04
-5.542607977986335754e-04 -3.090167045593261719e-01 9.510564804077148438e-01 -9.999998807907104492e-01 1.712758530629798770e-04 -5.271334084682166576e-04
2.369124558754265308e-04 -8.090171813964843750e-01 5.877850055694580078e-01 -1.000000000000000000e+00 -1.916662440635263920e-04 1.392535923514515162e-04
3.067631623707711697e-04 -8.090171813964843750e-01 5.877850055694580078e-01 -9.999999403953552246e-01 -2.481766568962484598e-04 1.803107734303921461e-04
-7.398611633107066154e-04 -9.999997615814208984e-01 -0.000000000000000000e+00 -9.999997615814208984e-01 7.398611633107066154e-04 0.000000000000000000e+00
-7.775290287099778652e-04 -9.999997019767761230e-01 0.000000000000000000e+00 -9.999997019767761230e-01 7.775290287099778652e-04 0.000000000000000000e+00
-2.735728630796074867e-04 -8.090171813964843750e-01 -5.877850055694580078e-01 -1.000000000000000000e+00 2.213251427747309208e-04 1.608020247658714652e-04
1.671662786975502968e-03 3.090163171291351318e-01 -9.510552883148193359e-01 -9.999986290931701660e-01 5.165718030184507370e-04 -1.589845982380211353e-03
1.740381703712046146e-03 3.090162873268127441e-01 -9.510551691055297852e-01 -9.999985098838806152e-01 5.378070636652410030e-04 -1.655201544053852558e-03
7.288771448656916618e-04 -3.090166747570037842e-01 -9.510563611984252930e-01 -9.999997615814208984e-01 -2.252352278446778655e-04 -6.932034157216548920e-04
7.179476669989526272e-04 -3.090166747570037842e-01 -9.510563611984252930e-01 -9.999997615814208984e-01 -2.218578447354957461e-04 -6.828088662587106228e-04
6.499995361082255840e-04 -8.090170025825500488e-01 -5.877848863601684570e-01 -9.999998211860656738e-01 -5.258608725853264332e-04 -3.820600104518234730e-04
2.202101284638047218e-03 8.090152144432067871e-01 -5.877835750579833984e-01 -9.999976158142089844e-01 1.781537896022200584e-03 -1.294362242333590984e-03
2.088043838739395142e-03 8.090154528617858887e-01 -5.877837538719177246e-01 -9.999978542327880859e-01 1.689263270236551762e-03 -1.227320870384573936e-03
1.670681172981858253e-03 9.999986290931701660e-01 -0.000000000000000000e+00 -9.999986290931701660e-01 1.670681172981858253e-03 0.000000000000000000e+00
1.687456388026475906e-03 9.999985694885253906e-01 0.000000000000000000e+00 -9.999985694885253906e-01 1.687456388026475906e-03 0.000000000000000000e+00
-2.852586039807647467e-04 8.090162873268127441e-01 5.877861976623535156e-01 -1.000000000000000000e+00 -2.307788818143308163e-04 -1.676710962783545256e-04
-2.793688909150660038e-04 8.090162873268127441e-01 5.877861976623535156e-01 -1.000000000000000000e+00 -2.260140172438696027e-04 -1.642092101974412799e-04
-9.836746612563729286e-04 3.090189397335052490e-01 9.510554075241088867e-01 -9.999995231628417969e-01 -3.039742587134242058e-04 -9.355295915156602859e-04
-1.062850584276020527e-03 3.090189099311828613e-01 9.510553479194641113e-01 -9.999994635581970215e-01 -3.284411213826388121e-04 -1.010830281302332878e-03
-3.391978680156171322e-04 -3.090190589427947998e-01 9.510558247566223145e-01 -9.999999403953552246e-01 1.048186168191023171e-04 -3.225961409043520689e-04
-3.282398683950304985e-04 -3.090190589427947998e-01 9.510558247566223145e-01 -9.999999403953552246e-01 1.014323861454613507e-04 -3.121744666714221239e-04
1.132966062868945301e-04 -8.090163469314575195e-01 5.877862572669982910e-01 -1.000000000000000000e+00 -9.165880328509956598e-05 6.659419159404933453e-05
3.057186258956789970e-04 -8.090162873268127441e-01 5.877861976623535156e-01 -9.999999403953552246e-01 -2.473313652444630861e-04 1.796972064767032862e-04
-1.286576152779161930e-04 -1.000000000000000000e+00 -0.000000000000000000e+00 -1.000000000000000000e+00 1.286576152779161930e-04 0.000000000000000000e+00
-1.565488782944157720e-04 -1.000000000000000000e+00 0.000000000000000000e+00 -1.000000000000000000e+00 1.565488782944157720e-04 0.000000000000000000e+00
6.118758465163409710e-04 -8.090170621871948242e-01 -5.877848863601684570e-01 -9.999998211860656738e-01 -4.950180882588028908e-04 -3.596514579840004444e-04
-3.949569945689290762e-04 3.090167045593261719e-01 -9.510565400123596191e-01 -9.999999403953552246e-01 -1.220483172801323235e-04 3.756264632102102041e-04
-4.100367368664592505e-04 3.090167045593261719e-01 -9.510565400123596191e-01 -9.999999403953552246e-01 -1.267082116100937128e-04 3.899681323673576117e-04
9.946571663022041321e-04 -3.090165853500366211e-01 -9.510561227798461914e-01 -9.999995231628417969e-01 -3.073656989727169275e-04 -9.459752473048865795e-04
9.782871929928660393e-04 -3.090166151523590088e-01 -9.510561823844909668e-01 -9.999995231628417969e-01 -3.023070748895406723e-04 -9.304063860327005386e-04
1.017806236632168293e-03 -8.090167641639709473e-01 -5.877847075462341309e-01 -9.999995231628417969e-01 -8.234228007495403290e-04 -5.982512957416474819e-04
8.212867542169988155e-04 8.090169429779052734e-01 -5.877848267555236816e-01 -9.999997019767761230e-01 6.644350942224264145e-04 -4.827400262001901865e-04
7.914549205452203751e-04 8.090169429779052734e-01 -5.877848267555236816e-01 -9.999997019767761230e-01 6.403006264008581638e-04 -4.652053466998040676e-04
8.341369684785604477e-04 9.999996423721313477e-01 -0.000000000000000000e+00 -9.999996423721313477e-01 8.341369684785604477e-04 0.000000000000000000e+00
8.209283114410936832e-04 9.999997019767761230e-01 0.000000000000000000e+00 -9.999997019767761230e-01 8.209283114410936832e-04 0.000000000000000000e+00
2.362614613957703114e-04 8.090171813964843750e-01 5.877850055694580078e-01 -1.000000000000000000e+00 1.911395811475813389e-04 1.388709497405216098e-04
1.693183294264599681e-04 8.090171813964843750e-01 5.877850055694580078e-01 -1.000000000000000000e+00 1.369814417557790875e-04 9.952277468983083963e-05
-1.815170435293111950e-05 3.090167343616485596e-01 9.510565996170043945e-01 -1.000000000000000000e+00 -5.609180334431584924e-06 -1.726329901430290192e-05
-3.654278043541125953e-05 3.090167343616485596e-01 9.510565996170043945e-01 -1.000000000000000000e+00 -1.129233078245306388e-05 -3.475425182841718197e-05
-6.566436059074476361e-05 -3.090167343616485596e-01 9.510565996170043945e-01 -1.000000000000000000e+00 2.029138704529032111e-05 -6.245052645681425929e-05
-1.134622871177271008e-04 -3.090167343616485596e-01 9.510565996170043945e-01 -1.000000000000000000e+00 3.506174471112899482e-05 -1.079090579878538847e-04
1.979498338187113404e-04 -8.090171813964843750e-01 5.877850055694580078e-01 -1.000000000000000000e+00 -1.601448166184127331e-04 1.163519409601576626e-04
1.866751117631793022e-04 -8.090171813964843750e-01 5.877850055694580078e-01 -1.000000000000000000e+00 -1.510233705630525947e-04 1.097248314181342721e-04
6.541498587466776371e-04 -9.999998211860656738e-01 0.000000000000000000e+00 -9.999998211860656738e-01 -6.541498587466776371e-04 -0.000000000000000000e+00
6.383967702277004719e-04 -9.999998211860656738e-01 0.000000000000000000e+00 -9.999998211860656738e-01 -6.383967702277004719e-04 0.000000000000000000e+00
1.022124779410660267e-03 -8.090167641639709473e-01 -5.877847075462341309e-01 -9.999995231628417969e-01 -8.269165409728884697e-04 -6.007896736264228821e-04
2.757072215899825096e-03 3.090155422687530518e-01 -9.510529637336730957e-01 -9.999962449073791504e-01 8.519815164618194103e-04 -2.622131956741213799e-03
2.763307187706232071e-03 3.090155422687530518e-01 -9.510529637336730957e-01 -9.999961853027343750e-01 8.539081900380551815e-04 -2.628061454743146896e-03
2.856178442016243935e-03 -3.090154826641082764e-01 -9.510527253150939941e-01 -9.999959468841552734e-01 -8.826069533824920654e-04 -2.716387389227747917e-03
2.837134758010506630e-03 -3.090155124664306641e-01 -9.510527849197387695e-01 -9.999960064888000488e-01 -8.767221006564795971e-04 -2.698275726288557053e-03
2.094811061397194862e-03 -8.090145587921142578e-01 -5.877849459648132324e-01 -9.999978542327880859e-01 -1.694736536592245102e-03 -1.231301226653158665e-03
3.422357141971588135e-03 8.090116381645202637e-01 -5.877828001976013184e-01 -9.999941587448120117e-01 2.768742851912975311e-03 -2.011614385992288589e-03
3.498574718832969666e-03 8.090113997459411621e-01 -5.877826213836669922e-01 -9.999939203262329102e-01 2.830404322594404221e-03 -2.056414261460304260e-03
3.789819311350584030e-03 9.999928474426269531e-01 -0.000000000000000000e+00 -9.999928474426269531e-01 3.789819311350584030e-03 0.000000000000000000e+00
3.506714245304465294e-03 9.999938607215881348e-01 0.000000000000000000e+00 -9.999938607215881348e-01 3.506714245304465294e-03 0.000000000000000000e+00
2.285310300067067146e-03 8.090142011642456055e-01 5.877847075462341309e-01 -9.999974370002746582e-01 1.848853542469441891e-03 1.343274139799177647e-03
2.237887121737003326e-03 8.090143203735351562e-01 5.877847671508789062e-01 -9.999974966049194336e-01 1.810487243346869946e-03 1.315399305894970894e-03
3.637137997429817915e-04 3.090167045593261719e-01 9.510565400123596191e-01 -9.999999403953552246e-01 1.123936526710167527e-04 3.459124127402901649e-04
4.062744847033172846e-04 3.090167045593261719e-01 9.510565400123596191e-01 -9.999999403953552246e-01 1.255456154467537999e-04 3.863900201395153999e-04
5.585745675489306450e-04 -3.090167045593261719e-01 9.510564804077148438e-01 -9.999998807907104492e-01 -1.726088812574744225e-04 5.312360590323805809e-04
5.900433170609176159e-04 -3.090167045593261719e-01 9.510564804077148438e-01 -9.999998211860656738e-01 -1.823332422645762563e-04 5.611645174212753773e-04
4.491756262723356485e-04 -8.090162277221679688e-01 5.877861976623535156e-01 -9.999999403953552246e-01 -3.633904561866074800e-04 2.640192979015409946e-04
4.004026995971798897e-04 -8.090162873268127441e-01 5.877861976623535156e-01 -9.999999403953552246e-01 -3.239323268644511700e-04 2.353512099944055080e-04
5.612414097413420677e-04 -9.999998807907104492e-01 0.000000000000000000e+00 -9.999998807907104492e-01 -5.612414097413420677e-04 -0.000000000000000000e+00
6.493149558082222939e-04 -9.999998211860656738e-01 0.000000000000000000e+00 -9.999998211860656738e-01 -6.493149558082222939e-04 0.000000000000000000e+00
2.065260196104645729e-03 -8.090146183967590332e-01 -5.877850055694580078e-01 -9.999978542327880859e-01 -1.670829253271222115e-03 -1.213931594975292683e-03
3.705538343638181686e-03 3.090149760246276855e-01 -9.510499835014343262e-01 -9.999931454658508301e-01 1.145074726082384586e-03 -3.524176310747861862e-03
3.648373764008283615e-03 3.090150654315948486e-01 -9.510501623153686523e-01 -9.999933838844299316e-01 1.127409865148365498e-03 -3.469809424132108688e-03
2.041066531091928482e-03 -3.090164363384246826e-01 -9.510545134544372559e-01 -9.999979138374328613e-01 -6.307244184426963329e-04 -1.941169495694339275e-03
2.033564727753400803e-03 -3.090164363384246826e-01 -9.510545134544372559e-01 -9.999979138374328613e-01 -6.284062401391565800e-04 -1.934034866280853748e-03
1.274182461202144623e-03 -8.090138435363769531e-01 -5.877882242202758789e-01 -9.999992251396179199e-01 -1.030832179822027683e-03 -7.489501149393618107e-04
4.386641085147857666e-03 8.090067505836486816e-01 -5.877830386161804199e-01 -9.999904036521911621e-01 3.548856126144528389e-03 -2.578418003395199776e-03
4.345808643847703934e-03 8.090068697929382324e-01 -5.877831578254699707e-01 -9.999905824661254883e-01 3.515822114422917366e-03 -2.554417122155427933e-03
4.133187234401702881e-03 9.999914765357971191e-01 -0.000000000000000000e+00 -9.999914765357971191e-01 4.133187234401702881e-03 0.000000000000000000e+00
3.953018225729465485e-03 9.999921917915344238e-01 0.000000000000000000e+00 -9.999921917915344238e-01 3.953018225729465485e-03 0.000000000000000000e+00
3.353857900947332382e-03 8.090099692344665527e-01 5.877854228019714355e-01 -9.999943971633911133e-01 2.713319612666964531e-03 1.971359830349683762e-03
3.174478886649012566e-03 8.090104460716247559e-01 5.877857804298400879e-01 -9.999949932098388672e-01 2.568199532106518745e-03 1.865922822616994381e-03
1.435586134903132915e-03 3.090167641639709473e-01 9.510555267333984375e-01 -9.999989867210388184e-01 4.436206654645502567e-04 1.365323550999164581e-03
1.431013108231127262e-03 3.090167641639709473e-01 9.510555267333984375e-01 -9.999989867210388184e-01 4.422074998728930950e-04 1.360974274575710297e-03
-1.892158470582216978e-04 -3.090170919895172119e-01 9.510564804077148438e-01 -1.000000000000000000e+00 5.847093052580021322e-05 -1.799549645511433482e-04
-1.500469370512291789e-04 -3.090170919895172119e-01 9.510564804077148438e-01 -1.000000000000000000e+00 4.636706944438628852e-05 -1.427031093044206500e-04
-2.820625377353280783e-04 -8.090144991874694824e-01 5.877887010574340820e-01 -1.000000000000000000e+00 2.281926717841997743e-04 -1.657931716181337833e-04
-2.198424044763669372e-04 -8.090144991874694824e-01 5.877887010574340820e-01 -1.000000000000000000e+00 1.778556907083839178e-04 -1.292208762606605887e-04
1.094866183848353103e-05 -1.000000000000000000e+00 0.000000000000000000e+00 -1.000000000000000000e+00 -1.094866183848353103e-05 -0.000000000000000000e+00
2.007008442888036370e-04 -1.000000000000000000e+00 0.000000000000000000e+00 -1.000000000000000000e+00 -2.007008442888036370e-04 0.000000000000000000e+00
1.220183214172720909e-03 -8.090139031410217285e-01 -5.877882838249206543e-01 -9.999992847442626953e-01 -9.871459333226084709e-04 -7.172098848968744278e-04
2.604607259854674339e-03 3.090156912803649902e-01 -9.510533809661865234e-01 -9.999966025352478027e-01 8.048672461882233620e-04 -2.477128989994525909e-03
2.597658662125468254e-03 3.090157210826873779e-01 -9.510534405708312988e-01 -9.999966621398925781e-01 8.027199655771255493e-04 -2.470520325005054474e-03
2.703514881432056427e-03 -3.090156018733978271e-01 -9.510531425476074219e-01 -9.999963641166687012e-01 -8.354313322342932224e-04 -2.571195596829056740e-03
2.686507301405072212e-03 -3.090156316757202148e-01 -9.510532021522521973e-01 -9.999963641166687012e-01 -8.301756461150944233e-04 -2.555020386353135109e-03
1.320846728049218655e-03 -8.090174198150634766e-01 -5.877832770347595215e-01 -9.999991655349731445e-01 -1.068588928319513798e-03 -7.763722096569836140e-04
3.242612350732088089e-03 8.090138435363769531e-01 -5.877806544303894043e-01 -9.999947547912597656e-01 2.623331965878605843e-03 -1.905954908579587936e-03
3.131624311208724976e-03 8.090141415596008301e-01 -5.877808928489685059e-01 -9.999951124191284180e-01 2.533540595322847366e-03 -1.840717857703566551e-03
3.004014957696199417e-03 9.999955296516418457e-01 -0.000000000000000000e+00 -9.999955296516418457e-01 3.004014957696199417e-03 0.000000000000000000e+00
2.848509931936860085e-03 9.999959468841552734e-01 0.000000000000000000e+00 -9.999959468841552734e-01 2.848509931936860085e-03 0.000000000000000000e+00
1.398970722220838070e-03 8.090173006057739258e-01 5.877832174301147461e-01 -9.999990463256835938e-01 1.131792552769184113e-03 8.222922915592789650e-04
1.404838636517524719e-03 8.090173006057739258e-01 5.877832174301147461e-01 -9.999990463256835938e-01 1.136539853177964687e-03 8.257413282990455627e-04
-4.978438300895504653e-05 3.090167343616485596e-01 9.510565996170043945e-01 -1.000000000000000000e+00 -1.538420656288508326e-05 -4.734776666737161577e-05
-2.462804332026280463e-05 3.090167343616485596e-01 9.510565996170043945e-01 -1.000000000000000000e+00 -7.610477496200473979e-06 -2.342266270716208965e-05
7.855564472265541553e-04 -3.090166449546813965e-01 9.510563015937805176e-01 -9.999997019767761230e-01 -2.427500876365229487e-04 7.471086573787033558e-04
8.446897263638675213e-04 -3.090166151523590088e-01 9.510562419891357422e-01 -9.999996423721313477e-01 -2.610232622828334570e-04 8.033477352000772953e-04
9.568552486598491669e-04 -8.090177178382873535e-01 5.877834558486938477e-01 -9.999995827674865723e-01 -7.741132285445928574e-04 5.624240147881209850e-04
1.008735620416700840e-03 -8.090177178382873535e-01 5.877835154533386230e-01 -9.999995231628417969e-01 -8.160853176377713680e-04 5.929184262640774250e-04
7.328124484047293663e-04 -9.999997615814208984e-01 0.000000000000000000e+00 -9.999997615814208984e-01 -7.328124484047293663e-04 -0.000000000000000000e+00
7.704283925704658031e-04 -9.999997019767761230e-01 0.000000000000000000e+00 -9.999997019767761230e-01 -7.704283925704658031e-04 0.000000000000000000e+00
1.318593858741223812e-03 -8.090174198150634766e-01 -5.877832770347595215e-01 -9.999991655349731445e-01 -1.066766330040991306e-03 -7.750480435788631439e-04
4.375827498733997345e-03 3.090126514434814453e-01 -9.510478973388671875e-01 -9.999904036521911621e-01 1.352198771201074123e-03 -4.161660559475421906e-03
4.390781745314598083e-03 3.090126514434814453e-01 -9.510478377342224121e-01 -9.999903440475463867e-01 1.356819877400994301e-03 -4.175883252173662186e-03
5.082856863737106323e-03 -3.090131282806396484e-01 -9.510442614555358887e-01 -9.999871253967285156e-01 -1.570689608342945576e-03 -4.834083840250968933e-03
5.065889563411474228e-03 -3.090131282806396484e-01 -9.510443210601806641e-01 -9.999871850013732910e-01 -1.565446495078504086e-03 -4.817947279661893845e-03
2.145100384950637817e-03 -8.090168237686157227e-01 -5.877816081047058105e-01 -9.999976754188537598e-01 -1.735426019877195358e-03 -1.260853256098926067e-03
3.449231153354048729e-03 8.090139031410217285e-01 -5.877794623374938965e-01 -9.999940395355224609e-01 2.790492260828614235e-03 -2.027398906648159027e-03
3.416970605030655861e-03 8.090139627456665039e-01 -5.877794623374938965e-01 -9.999941587448120117e-01 2.764393109828233719e-03 -2.008436946198344231e-03
2.653942676261067390e-03 9.999964833259582520e-01 -0.000000000000000000e+00 -9.999964833259582520e-01 2.653942676261067390e-03 0.000000000000000000e+00
2.512809587642550468e-03 9.999968409538269043e-01 0.000000000000000000e+00 -9.999968409538269043e-01 2.512809587642550468e-03 0.000000000000000000e+00
1.638223649933934212e-03 8.090176582336425781e-01 5.877821445465087891e-01 -9.999986886978149414e-01 1.325353397987782955e-03 9.629197884351015091e-04
1.610056613571941853e-03 8.090176582336425781e-01 5.877822041511535645e-01 -9.999987483024597168e-01 1.302565913647413254e-03 9.463637834414839745e-04
-1.029673076118342578e-04 3.090156018733978271e-01 9.510569572448730469e-01 -1.000000000000000000e+00 -3.181850479450076818e-05 -9.792777564143761992e-05
-1.929131758515723050e-05 3.090156018733978271e-01 9.510569572448730469e-01 -1.000000000000000000e+00 -5.961318038316676393e-06 -1.834714203141629696e-05
-1.223066472448408604e-03 -3.090168833732604980e-01 9.510558247566223145e-01 -9.999992847442626953e-01 3.779484250117093325e-04 -1.163205248303711414e-03
-1.161130843684077263e-03 -3.090168833732604980e-01 9.510558843612670898e-01 -9.999993443489074707e-01 3.588092804420739412e-04 -1.104300958104431629e-03
-6.062996108084917068e-04 -8.090185523033142090e-01 5.877828001976013184e-01 -9.999998211860656738e-01 4.905076930299401283e-04 -3.563725622370839119e-04
-6.435557152144610882e-04 -8.090185523033142090e-01 5.877828001976013184e-01 -9.999998211860656738e-01 5.206486093811690807e-04 -3.782710700761526823e-04
1.043668366037309170e-03 -9.999994635581970215e-01 0.000000000000000000e+00 -9.999994635581970215e-01 -1.043668366037309170e-03 -0.000000000000000000e+00
1.264403574168682098e-03 -9.999992251396179199e-01 0.000000000000000000e+00 -9.999992251396179199e-01 -1.264403574168682098e-03 0.000000000000000000e+00
2.112136222422122955e-03 -8.090168833732604980e-01 -5.877816081047058105e-01 -9.999977946281433105e-01 -1.708757597953081131e-03 -1.241477555595338345e-03
-6.819434347562491894e-04 3.090170323848724365e-01 -9.510562419891357422e-01 -9.999997615814208984e-01 -2.107321779476478696e-04 6.485666963271796703e-04
-7.149848970584571362e-04 3.090170323848724365e-01 -9.510562419891357422e-01 -9.999997615814208984e-01 -2.209425583714619279e-04 6.799910333938896656e-04
-9.616035094950348139e-05 -3.090170919895172119e-01 -9.510564804077148438e-01 -1.000000000000000000e+00 2.971519279526546597e-05 9.145392687059938908e-05
-1.075769614544697106e-04 -3.090170919895172119e-01 -9.510564804077148438e-01 -1.000000000000000000e+00 3.324311910546384752e-05 1.023117656586691737e-04
-8.267532684840261936e-04 -8.090150952339172363e-01 -5.877873301506042480e-01 -9.999996423721313477e-01 6.688561406917870045e-04 4.859553009737282991e-04
9.190739947371184826e-04 8.090150356292724609e-01 -5.877873301506042480e-01 -9.999995827674865723e-01 7.435450097545981407e-04 -5.402202950790524483e-04
9.605535306036472321e-04 8.090150356292724609e-01 -5.877872705459594727e-01 -9.999995827674865723e-01 7.771026575937867165e-04 -5.646015051752328873e-04
-4.745206970255821943e-04 9.999998807907104492e-01 0.000000000000000000e+00 -9.999998807907104492e-01 -4.745206970255821943e-04 0.000000000000000000e+00
-3.864281752612441778e-04 9.999999403953552246e-01 0.000000000000000000e+00 -9.999999403953552246e-01 -3.864281752612441778e-04 0.000000000000000000e+00
-1.958704087883234024e-03 8.090138435363769531e-01 5.877864360809326172e-01 -9.999980926513671875e-01 -1.584621728397905827e-03 -1.151301898062229156e-03
-1.874164910987019539e-03 8.090139031410217285e-01 5.877864956855773926e-01 -9.999982714653015137e-01 -1.516228425316512585e-03 -1.101610949262976646e-03
-7.030913839116692543e-04 3.090170323848724365e-01 9.510562419891357422e-01 -9.999997615814208984e-01 -2.172672539018094540e-04 -6.686795968562364578e-04
-6.474493420682847500e-04 3.090170621871948242e-01 9.510563015937805176e-01 -9.999998211860656738e-01 -2.000729145947843790e-04 -6.157609168440103531e-04
-1.278094016015529633e-03 -3.090168237686157227e-01 9.510557055473327637e-01 -9.999991655349731445e-01 3.949528909288346767e-04 -1.215539639815688133e-03
-1.096247578971087933e-03 -3.090169429779052734e-01 9.510559439659118652e-01 -9.999994039535522461e-01 3.387592150829732418e-04 -1.042593270540237427e-03
-1.512303831987082958e-03 -8.090143799781799316e-01 5.877868533134460449e-01 -9.999988675117492676e-01 1.223477302119135857e-03 -8.889135206118226051e-04
-1.494214055128395557e-03 -8.090143799781799316e-01 5.877868533134460449e-01 -9.999988675117492676e-01 1.208842382766306400e-03 -8.782806107774376869e-04
-1.253425492905080318e-03 -9.999992251396179199e-01 -0.000000000000000000e+00 -9.999992251396179199e-01 1.253425492905080318e-03 0.000000000000000000e+00
-1.275759306736290455e-03 -9.999992251396179199e-01 0.000000000000000000e+00 -9.999992251396179199e-01 1.275759306736290455e-03 0.000000000000000000e+00
-7.598086958751082420e-04 -8.090151548385620117e-01 -5.877873897552490234e-01 -9.999997615814208984e-01 6.146969972178339958e-04 4.466061363928020000e-04
4.625744186341762543e-03 3.090130388736724854e-01 -9.510465860366821289e-01 -9.999893307685852051e-01 1.429430558346211910e-03 -4.399345256388187408e-03
4.620454274117946625e-03 3.090130388736724854e-01 -9.510465860366821289e-01 -9.999893307685852051e-01 1.427795854397118092e-03 -4.394314251840114594e-03
3.103953320533037186e-03 -3.090156018733978271e-01 -9.510518908500671387e-01 -9.999952316284179688e-01 -9.591747075319290161e-04 -2.952035050839185715e-03
3.112702863290905952e-03 -3.090156018733978271e-01 -9.510518908500671387e-01 -9.999951720237731934e-01 -9.618783951736986637e-04 -2.960356185212731361e-03
6.680489750578999519e-04 -8.090155124664306641e-01 -5.877869129180908203e-01 -9.999997615814208984e-01 -5.404620897024869919e-04 -3.926705103367567062e-04
3.783830208703875542e-03 8.090111613273620605e-01 -5.877811312675476074e-01 -9.999928474426269531e-01 3.061182796955108643e-03 -2.224080031737685204e-03
3.672862891107797623e-03 8.090115189552307129e-01 -5.877814292907714844e-01 -9.999932646751403809e-01 2.971408423036336899e-03 -2.158855088055133820e-03
1.890330575406551361e-03 9.999982118606567383e-01 -0.000000000000000000e+00 -9.999982118606567383e-01 1.890330575406551361e-03 0.000000000000000000e+00
1.670128083787858486e-03 9.999986290931701660e-01 0.000000000000000000e+00 -9.999986290931701660e-01 1.670128083787858486e-03 0.000000000000000000e+00
6.634027813561260700e-04 8.090167641639709473e-01 5.877852439880371094e-01 -9.999997615814208984e-01 5.367040866985917091e-04 3.899384464602917433e-04
6.279621156863868237e-04 8.090168237686157227e-01 5.877852439880371094e-01 -9.999998211860656738e-01 5.080319824628531933e-04 3.691069432534277439e-04
-5.472758493851870298e-05 3.090163469314575195e-01 9.510567188262939453e-01 -1.000000000000000000e+00 -1.691171746642794460e-05 -5.204903573030605912e-05
-7.000630284892395139e-05 3.090163469314575195e-01 9.510567188262939453e-01 -1.000000000000000000e+00 -2.163309181923978031e-05 -6.657996709691360593e-05
-1.444286026526242495e-04 -3.090170919895172119e-01 9.510564804077148438e-01 -1.000000000000000000e+00 4.463090590434148908e-05 -1.373597624478861690e-04
-1.192247145809233189e-04 -3.090170919895172119e-01 9.510564804077148438e-01 -1.000000000000000000e+00 3.684247349156066775e-05 -1.133894402300938964e-04
-6.776291411370038986e-05 -8.090156912803649902e-01 5.877870321273803711e-01 -1.000000000000000000e+00 5.482125925482250750e-05 -3.983016358688473701e-05
-1.264089223695918918e-05 -8.090156912803649902e-01 5.877870321273803711e-01 -1.000000000000000000e+00 1.022668038785923272e-05 -7.430152436427306384e-06
-2.733585424721240997e-04 -1.000000000000000000e+00 -0.000000000000000000e+00 -1.000000000000000000e+00 2.733585424721240997e-04 0.000000000000000000e+00
-2.231833350379019976e-04 -1.000000000000000000e+00 0.000000000000000000e+00 -1.000000000000000000e+00 2.231833350379019976e-04 0.000000000000000000e+00
6.693217437714338303e-04 -8.090155124664306641e-01 -5.877869129180908203e-01 -9.999997615814208984e-01 -5.414917832240462303e-04 -3.934186534024775028e-04
1.301641459576785564e-03 3.090164661407470703e-01 -9.510558247566223145e-01 -9.999991655349731445e-01 4.022289940621703863e-04 -1.237934688106179237e-03
1.297770533710718155e-03 3.090164661407470703e-01 -9.510558247566223145e-01 -9.999991655349731445e-01 4.010328266303986311e-04 -1.234253286384046078e-03
2.349655143916606903e-03 -3.090158998966217041e-01 -9.510539770126342773e-01 -9.999972581863403320e-01 -7.260827696882188320e-04 -2.234654966741800308e-03
2.327058929949998856e-03 -3.090158998966217041e-01 -9.510540366172790527e-01 -9.999973177909851074e-01 -7.191001786850392818e-04 -2.213164698332548141e-03
1.200347673147916794e-03 -8.090174794197082520e-01 -5.877833366394042969e-01 -9.999992847442626953e-01 -9.711029706522822380e-04 -7.055448368191719055e-04
2.117922063916921616e-03 8.090162277221679688e-01 -5.877824425697326660e-01 -9.999977946281433105e-01 1.713437377475202084e-03 -1.244880259037017822e-03
2.077993471175432205e-03 8.090163469314575195e-01 -5.877825021743774414e-01 -9.999978542327880859e-01 1.681134221144020557e-03 -1.221410813741385937e-03
1.971913501620292664e-03 9.999980926513671875e-01 -0.000000000000000000e+00 -9.999980926513671875e-01 1.971913501620292664e-03 0.000000000000000000e+00
2.004970796406269073e-03 9.999980330467224121e-01 0.000000000000000000e+00 -9.999980330467224121e-01 2.004970796406269073e-03 0.000000000000000000e+00
1.666917116381227970e-03 8.090170025825500488e-01 5.877829790115356445e-01 -9.999986290931701660e-01 1.348566031083464622e-03 9.797867387533187866e-04
1.662943861447274685e-03 8.090170025825500488e-01 5.877829790115356445e-01 -9.999986290931701660e-01 1.345351571217179298e-03 9.774513309821486473e-04
1.291917404159903526e-03 3.090164661407470703e-01 9.510558247566223145e-01 -9.999991655349731445e-01 3.992241108790040016e-04 1.228686538524925709e-03
1.366499811410903931e-03 3.090164363384246826e-01 9.510557055473327637e-01 -9.999991059303283691e-01 4.222713469062000513e-04 1.299618743360042572e-03
1.897766720503568649e-03 -3.090161979198455811e-01 9.510549306869506836e-01 -9.999982118606567383e-01 -5.864416598342359066e-04 1.804883475415408611e-03
1.901791081763803959e-03 -3.090161681175231934e-01 9.510548710823059082e-01 -9.999982118606567383e-01 -5.876852665096521378e-04 1.808710978366434574e-03
1.601209514774382114e-03 -8.090170621871948242e-01 5.877830386161804199e-01 -9.999987483024597168e-01 -1.295407419092953205e-03 9.411649079993367195e-04
1.569923479110002518e-03 -8.090170621871948242e-01 5.877830386161804199e-01 -9.999988079071044922e-01 -1.270096632651984692e-03 9.227755945175886154e-04
9.813803480938076973e-04 -9.999995231628417969e-01 0.000000000000000000e+00 -9.999995231628417969e-01 -9.813803480938076973e-04 -0.000000000000000000e+00
9.390179766342043877e-04 -9.999995827674865723e-01 0.000000000000000000e+00 -9.999995827674865723e-01 -9.390179766342043877e-04 0.000000000000000000e+00
1.182636129669845104e-03 -8.090174794197082520e-01 -5.877833366394042969e-01 -9.999993443489074707e-01 -9.567740489728748798e-04 -6.951343384571373463e-04
8.827731944620609283e-04 3.090170025825500488e-01 -9.510561227798461914e-01 -9.999996423721313477e-01 2.727920073084533215e-04 -8.395671611651778221e-04
8.621694287285208702e-04 3.090170025825500488e-01 -9.510561823844909668e-01 -9.999996423721313477e-01 2.664250787347555161e-04 -8.199717849493026733e-04
2.306930953636765480e-03 -3.090162873268127441e-01 -9.510539770126342773e-01 -9.999973177909851074e-01 -7.128810393624007702e-04 -2.194021362811326981e-03
2.278215484693646431e-03 -3.090163171291351318e-01 -9.510540366172790527e-01 -9.999974370002746582e-01 -7.040075142867863178e-04 -2.166711725294589996e-03
1.194140524603426456e-03 -8.090147972106933594e-01 -5.877871513366699219e-01 -9.999992847442626953e-01 -9.660780779086053371e-04 -7.019009790383279324e-04
1.438906998373568058e-03 8.090145587921142578e-01 -5.877869725227355957e-01 -9.999989867210388184e-01 1.164097920991480350e-03 -8.457716321572661400e-04
1.400897279381752014e-03 8.090144991874694824e-01 -5.877869725227355957e-01 -9.999990463256835938e-01 1.133347512222826481e-03 -8.234300767071545124e-04
1.375964056933298707e-04 1.000000000000000000e+00 -0.000000000000000000e+00 -1.000000000000000000e+00 1.375964056933298707e-04 0.000000000000000000e+00
1.560394157422706485e-04 1.000000000000000000e+00 0.000000000000000000e+00 -1.000000000000000000e+00 1.560394157422706485e-04 0.000000000000000000e+00
-2.506460004951804876e-04 8.090144991874694824e-01 5.877887010574340820e-01 -1.000000000000000000e+00 -2.027762384386733174e-04 -1.473268785048276186e-04
-2.249527315143495798e-04 8.090144991874694824e-01 5.877887010574340820e-01 -1.000000000000000000e+00 -1.819900207919999957e-04 -1.322246680501848459e-04
1.380411413265392184e-04 3.090194165706634521e-01 9.510557055473327637e-01 -1.000000000000000000e+00 4.265739335096441209e-05 1.312848180532455444e-04
2.201196184614673257e-04 3.090194165706634521e-01 9.510557055473327637e-01 -1.000000000000000000e+00 6.802123243687674403e-05 2.093460207106545568e-04
-4.228987672831863165e-04 -3.090194165706634521e-01 9.510556459426879883e-01 -9.999999403953552246e-01 1.306839403696358204e-04 -4.022002976853400469e-04
-4.507600096985697746e-04 -3.090194165706634521e-01 9.510556459426879883e-01 -9.999999403953552246e-01 1.392935955664142966e-04 -4.286978801246732473e-04
-4.381116305012255907e-04 -8.090144395828247070e-01 5.877887010574340820e-01 -9.999999403953552246e-01 3.544386709108948708e-04 -2.575170656200498343e-04
-4.895492456853389740e-04 -8.090143799781799316e-01 5.877886414527893066e-01 -9.999998807907104492e-01 3.960524336434900761e-04 -2.877515216823667288e-04
2.212080289609730244e-04 -1.000000000000000000e+00 0.000000000000000000e+00 -1.000000000000000000e+00 -2.212080289609730244e-04 -0.000000000000000000e+00
2.362175728194415569e-04 -1.000000000000000000e+00 0.000000000000000000e+00 -1.000000000000000000e+00 -2.362175728194415569e-04 0.000000000000000000e+00
1.162700937129557133e-03 -8.090148568153381348e-01 -5.877872109413146973e-01 -9.999993443489074707e-01 -9.406429599039256573e-04 -6.834211526438593864e-04
-3.182761836796998978e-03 3.090151548385620117e-01 -9.510517716407775879e-01 -9.999949336051940918e-01 -9.835266973823308945e-04 3.026986727491021156e-03
-3.196302801370620728e-03 3.090151846408843994e-01 -9.510517716407775879e-01 -9.999949336051940918e-01 -9.877111297100782394e-04 3.039864823222160339e-03
-1.577535877004265785e-04 -3.090167343616485596e-01 -9.510565996170043945e-01 -1.000000000000000000e+00 4.874849764746613801e-05 1.500325888628140092e-04
-1.647726749069988728e-04 -3.090167343616485596e-01 -9.510565996170043945e-01 -1.000000000000000000e+00 5.091751518193632364e-05 1.567081344546750188e-04
2.646523353178054094e-04 -8.090171813964843750e-01 -5.877850055694580078e-01 -1.000000000000000000e+00 -2.141082804882898927e-04 -1.555586786707863212e-04
-1.086805830709636211e-03 8.090167045593261719e-01 -5.877846479415893555e-01 -9.999994039535522461e-01 -8.792445878498256207e-04 6.388081819750368595e-04
-1.097286236472427845e-03 8.090167045593261719e-01 -5.877846479415893555e-01 -9.999994039535522461e-01 -8.877234067767858505e-04 6.449684151448309422e-04
-1.621459494344890118e-03 9.999986886978149414e-01 0.000000000000000000e+00 -9.999986886978149414e-01 -1.621459494344890118e-03 0.000000000000000000e+00
-1.552088069729506969e-03 9.999988079071044922e-01 0.000000000000000000e+00 -9.999988079071044922e-01 -1.552088069729506969e-03 0.000000000000000000e+00
-2.647129818797111511e-03 8.090143799781799316e-01 5.877829790115356445e-01 -9.999964833259582520e-01 -2.141573233529925346e-03 -1.555943046696484089e-03
-2.715974347665905952e-03 8.090142011642456055e-01 5.877828598022460938e-01 -9.999963045120239258e-01 -2.197269815951585770e-03 -1.596409012563526630e-03
-1.392068341374397278e-03 3.090164363384246826e-01 9.510557055473327637e-01 -9.999990463256835938e-01 -4.301724256947636604e-04 -1.323935808613896370e-03
-1.539618941023945808e-03 3.090163767337799072e-01 9.510554671287536621e-01 -9.999988079071044922e-01 -4.757680289912968874e-04 -1.464264700189232826e-03
-1.314527937211096287e-03 -3.090164661407470703e-01 9.510558247566223145e-01 -9.999991655349731445e-01 4.062111256644129753e-04 -1.250190427526831627e-03
-1.298322458751499653e-03 -3.090164661407470703e-01 9.510558247566223145e-01 -9.999991655349731445e-01 4.012033750768750906e-04 -1.234778086654841900e-03
-9.258513455279171467e-04 -8.090168237686157227e-01 5.877847671508789062e-01 -9.999995827674865723e-01 7.490296266041696072e-04 -5.442015244625508785e-04
-9.452525409869849682e-04 -8.090168237686157227e-01 5.877847671508789062e-01 -9.999995827674865723e-01 7.647255552001297474e-04 -5.556052783504128456e-04
-1.130892414948903024e-04 -1.000000000000000000e+00 -0.000000000000000000e+00 -1.000000000000000000e+00 1.130892414948903024e-04 0.000000000000000000e+00
-1.073224193532951176e-04 -1.000000000000000000e+00 0.000000000000000000e+00 -1.000000000000000000e+00 1.073224193532951176e-04 0.000000000000000000e+00
3.137259336654096842e-04 -8.090171813964843750e-01 -5.877850055694580078e-01 -9.999999403953552246e-01 -2.538096450734883547e-04 -1.844033831730484962e-04
4.368336871266365051e-03 3.090133965015411377e-01 -9.510476589202880859e-01 -9.999904632568359375e-01 1.349887461401522160e-03 -4.154535941779613495e-03
4.361947532743215561e-03 3.090134263038635254e-01 -9.510477185249328613e-01 -9.999905228614807129e-01 1.347913057543337345e-03 -4.148459527641534805e-03
3.658106317743659019e-03 -3.090150356292724609e-01 -9.510501027107238770e-01 -9.999933242797851562e-01 -1.130417338572442532e-03 -3.479065606370568275e-03
3.671351587399840355e-03 -3.090150058269500732e-01 -9.510501027107238770e-01 -9.999932646751403809e-01 -1.134510384872555733e-03 -3.491662675514817238e-03
1.299988362006843090e-03 -8.090168237686157227e-01 -5.877841114997863770e-01 -9.999991655349731445e-01 -1.051713363267481327e-03 -7.641131523996591568e-04
4.614705219864845276e-03 8.090100884437561035e-01 -5.877767205238342285e-01 -9.999893903732299805e-01 3.733382560312747955e-03 -2.712444867938756943e-03
4.576777573674917221e-03 8.090102076530456543e-01 -5.877767801284790039e-01 -9.999895691871643066e-01 3.702698741108179092e-03 -2.690152032300829887e-03
2.615930279716849327e-03 9.999966025352478027e-01 -0.000000000000000000e+00 -9.999966025352478027e-01 2.615930279716849327e-03 0.000000000000000000e+00
2.476916881278157234e-03 9.999969601631164551e-01 0.000000000000000000e+00 -9.999969601631164551e-01 2.476916881278157234e-03 0.000000000000000000e+00
6.070175440981984138e-04 8.090185523033142090e-01 5.877828001976013184e-01 -9.999998211860656738e-01 4.910885472781956196e-04 3.567945386748760939e-04
4.975737538188695908e-04 8.090185523033142090e-01 5.877828598022460938e-01 -9.999998807907104492e-01 4.025464586447924376e-04 2.924653526861220598e-04
-6.189780542626976967e-04 3.090163171291351318e-01 9.510565996170043945e-01 -9.999998211860656738e-01 -1.912743173306807876e-04 -5.886831786483526230e-04
-6.235905457288026810e-04 3.090162873268127441e-01 9.510565400123596191e-01 -9.999998211860656738e-01 -1.926996774272993207e-04 -5.930699990130960941e-04
-7.728791679255664349e-04 -3.090170025825500488e-01 9.510561823844909668e-01 -9.999997019767761230e-01 2.388328721281141043e-04 -7.350517553277313709e-04
-7.619796670041978359e-04 -3.090170025825500488e-01 9.510561823844909668e-01 -9.999997019767761230e-01 2.354647440370172262e-04 -7.246857276186347008e-04
-1.141893517342396080e-04 -8.090174794197082520e-01 5.877845883369445801e-01 -1.000000000000000000e+00 9.238118218490853906e-05 -6.711874448228627443e-05
-9.411080100107938051e-05 -8.090174794197082520e-01 5.877845883369445801e-01 -1.000000000000000000e+00 7.613727939315140247e-05 -5.531687929760664701e-05
4.542238311842083931e-04 -9.999999403953552246e-01 0.000000000000000000e+00 -9.999999403953552246e-01 -4.542238311842083931e-04 -0.000000000000000000e+00
6.506169447675347328e-04 -9.999998211860656738e-01 0.000000000000000000e+00 -9.999998211860656738e-01 -6.506169447675347328e-04 0.000000000000000000e+00
1.353694940917193890e-03 -8.090167641639709473e-01 -5.877840518951416016e-01 -9.999991059303283691e-01 -1.095162821002304554e-03 -7.956810295581817627e-04
4.005021881312131882e-03 3.090146183967590332e-01 -9.510488510131835938e-01 -9.999920129776000977e-01 1.237620366737246513e-03 -3.809002228081226349e-03
4.001411143690347672e-03 3.090146183967590332e-01 -9.510489106178283691e-01 -9.999920129776000977e-01 1.236504409462213516e-03 -3.805567976087331772e-03
3.226874396204948425e-03 -3.090154826641082764e-01 -9.510515332221984863e-01 -9.999948143959045410e-01 -9.971593972295522690e-04 -3.068939782679080963e-03
3.211707109585404396e-03 -3.090155124664306641e-01 -9.510515928268432617e-01 -9.999948143959045410e-01 -9.924722835421562195e-04 -3.054514527320861816e-03
1.850159140303730965e-03 -8.090149164199829102e-01 -5.877853035926818848e-01 -9.999982714653015137e-01 -1.496808719821274281e-03 -1.087498036213219166e-03
4.143708385527133942e-03 8.090093135833740234e-01 -5.877811908721923828e-01 -9.999914169311523438e-01 3.352327272295951843e-03 -2.435614820569753647e-03
4.124158527702093124e-03 8.090093731880187988e-01 -5.877813100814819336e-01 -9.999914765357971191e-01 3.336510853841900826e-03 -2.424123464152216911e-03
2.452481770887970924e-03 9.999970197677612305e-01 -0.000000000000000000e+00 -9.999970197677612305e-01 2.452481770887970924e-03 0.000000000000000000e+00
2.389269415289163589e-03 9.999971389770507812e-01 0.000000000000000000e+00 -9.999971389770507812e-01 2.389269415289163589e-03 0.000000000000000000e+00
1.726613030768930912e-03 8.090150952339172363e-01 5.877854228019714355e-01 -9.999985098838806152e-01 1.396857900545001030e-03 1.014879322610795498e-03
1.706431969068944454e-03 8.090150952339172363e-01 5.877854228019714355e-01 -9.999985694885253906e-01 1.380531117320060730e-03 1.003017299808561802e-03
1.950918696820735931e-03 3.090164959430694580e-01 9.510546922683715820e-01 -9.999980926513671875e-01 6.028672214597463608e-04 1.855433918535709381e-03
1.999379368498921394e-03 3.090164959430694580e-01 9.510546326637268066e-01 -9.999980330467224121e-01 6.178423645906150341e-04 1.901522628031671047e-03
4.289950884412974119e-04 -3.090170919895172119e-01 9.510564208030700684e-01 -9.999999403953552246e-01 -1.325668272329494357e-04 4.079985665157437325e-04
4.299957363400608301e-04 -3.090170919895172119e-01 9.510564208030700684e-01 -9.999999403953552246e-01 -1.328760408796370029e-04 4.089502326678484678e-04
-6.621384527534246445e-04 -8.090160489082336426e-01 5.877861380577087402e-01 -9.999997615814208984e-01 5.356807378120720387e-04 -3.891958913300186396e-04
-7.176049984991550446e-04 -8.090160489082336426e-01 5.877861380577087402e-01 -9.999997615814208984e-01 5.805540713481605053e-04 -4.217983514536172152e-04
3.778616955969482660e-04 -9.999999403953552246e-01 0.000000000000000000e+00 -9.999999403953552246e-01 -3.778616955969482660e-04 -0.000000000000000000e+00
5.490678013302385807e-04 -9.999998807907104492e-01 0.000000000000000000e+00 -9.999998807907104492e-01 -5.490678013302385807e-04 0.000000000000000000e+00
1.662807771936058998e-03 -8.090151548385620117e-01 -5.877854824066162109e-01 -9.999986290931701660e-01 -1.345238415524363518e-03 -9.773755446076393127e-04
3.440236905589699745e-03 3.090137839317321777e-01 -9.510513544082641602e-01 -9.999940991401672363e-01 1.063086907379329205e-03 -3.271861234679818153e-03
3.435897873714566231e-03 3.090137839317321777e-01 -9.510513544082641602e-01 -9.999940991401672363e-01 1.061746035702526569e-03 -3.267734544351696968e-03
1.199126127175986767e-03 -3.090184032917022705e-01 -9.510553479194641113e-01 -9.999992847442626953e-01 -3.705522976815700531e-04 -1.140436157584190369e-03
1.184741267934441566e-03 -3.090184032917022705e-01 -9.510553479194641113e-01 -9.999993443489074707e-01 -3.661071241367608309e-04 -1.126755378209054470e-03
2.714154252316802740e-04 -8.090144991874694824e-01 -5.877887010574340820e-01 -1.000000000000000000e+00 -2.195790002588182688e-04 -1.595349167473614216e-04
4.508539102971553802e-03 8.090063333511352539e-01 -5.877827405929565430e-01 -9.999898672103881836e-01 3.647473407909274101e-03 -2.650068374350667000e-03
4.432382993400096893e-03 8.090065717697143555e-01 -5.877829194068908691e-01 -9.999901652336120605e-01 3.585861995816230774e-03 -2.605304587632417679e-03
3.961189184337854385e-03 9.999921917915344238e-01 -0.000000000000000000e+00 -9.999921917915344238e-01 3.961189184337854385e-03 0.000000000000000000e+00
3.851018613204360008e-03 9.999926090240478516e-01 0.000000000000000000e+00 -9.999926090240478516e-01 3.851018613204360008e-03 0.000000000000000000e+00
3.087027464061975479e-03 8.090106248855590820e-01 5.877858996391296387e-01 -9.999952316284179688e-01 2.497449982911348343e-03 1.814519870094954967e-03
3.095499239861965179e-03 8.090106248855590820e-01 5.877858996391296387e-01 -9.999952316284179688e-01 2.504303818568587303e-03 1.819499535486102104e-03
2.436413662508130074e-03 3.090147078037261963e-01 9.510541558265686035e-01 -9.999970197677612305e-01 7.528897840529680252e-04 2.317168051376938820e-03
2.427279017865657806e-03 3.090147078037261963e-01 9.510541558265686035e-01 -9.999970793724060059e-01 7.500670617446303368e-04 2.308480674400925636e-03
1.846213592216372490e-03 -3.090181052684783936e-01 9.510543942451477051e-01 -9.999983310699462891e-01 -5.705143557861447334e-04 1.755852485075592995e-03
1.878727693110704422e-03 -3.090180754661560059e-01 9.510543346405029297e-01 -9.999982118606567383e-01 -5.805618129670619965e-04 1.786775188520550728e-03
5.292927380651235580e-04 -8.090143799781799316e-01 5.877886414527893066e-01 -9.999998807907104492e-01 -4.282055015210062265e-04 3.111122932750731707e-04
4.249398771207779646e-04 -8.090144395828247070e-01 5.877887010574340820e-01 -9.999999403953552246e-01 -3.437825362198054790e-04 2.497748646419495344e-04
-6.766520673409104347e-04 -9.999997615814208984e-01 -0.000000000000000000e+00 -9.999997615814208984e-01 6.766520673409104347e-04 0.000000000000000000e+00
-5.279435426928102970e-04 -9.999998807907104492e-01 0.000000000000000000e+00 -9.999998807907104492e-01 5.279435426928102970e-04 0.000000000000000000e+00
1.853767753345891833e-04 -8.090144991874694824e-01 -5.877887010574340820e-01 -1.000000000000000000e+00 -1.499725040048360825e-04 -1.089623765437863767e-04
3.354203188791871071e-03 3.090138733386993408e-01 -9.510516524314880371e-01 -9.999943971633911133e-01 1.036501140333712101e-03 -3.190038260072469711e-03
3.350695129483938217e-03 3.090138733386993408e-01 -9.510516524314880371e-01 -9.999943971633911133e-01 1.035417080856859684e-03 -3.186702029779553413e-03
1.818428398109972477e-03 -3.090181350708007812e-01 -9.510544538497924805e-01 -9.999983906745910645e-01 -5.619282601401209831e-04 -1.729427254758775234e-03
1.811444410122931004e-03 -3.090181350708007812e-01 -9.510544538497924805e-01 -9.999983906745910645e-01 -5.597700364887714386e-04 -1.722785062156617641e-03
6.435992545448243618e-04 -8.090161085128784180e-01 -5.877861380577087402e-01 -9.999998211860656738e-01 -5.206822534091770649e-04 -3.782988060265779495e-04
3.250485751777887344e-03 8.090119957923889160e-01 -5.877832174301147461e-01 -9.999947547912597656e-01 2.629695693030953407e-03 -1.910590799525380135e-03
3.250248730182647705e-03 8.090119957923889160e-01 -5.877832174301147461e-01 -9.999947547912597656e-01 2.629504073411226273e-03 -1.910451566800475121e-03
2.628528978675603867e-03 9.999965429306030273e-01 -0.000000000000000000e+00 -9.999965429306030273e-01 2.628528978675603867e-03 0.000000000000000000e+00
2.669466892257332802e-03 9.999964237213134766e-01 0.000000000000000000e+00 -9.999964237213134766e-01 2.669466892257332802e-03 0.000000000000000000e+00
2.912342548370361328e-03 8.090128302574157715e-01 5.877837538719177246e-01 -9.999957680702209473e-01 2.356132492423057556e-03 1.711834920570254326e-03
2.902073552832007408e-03 8.090128898620605469e-01 5.877838134765625000e-01 -9.999958276748657227e-01 2.347824629396200180e-03 1.705798902548849583e-03
2.924593165516853333e-03 3.090142905712127686e-01 9.510529041290283203e-01 -9.999957084655761719e-01 9.037448908202350140e-04 2.781454706564545631e-03
2.936120843514800072e-03 3.090142905712127686e-01 9.510529041290283203e-01 -9.999957084655761719e-01 9.073071414604783058e-04 2.792418235912919044e-03
2.076239557936787605e-03 -3.090179562568664551e-01 9.510539770126342773e-01 -9.999978542327880859e-01 -6.415966781787574291e-04 1.974620157852768898e-03
2.064701402559876442e-03 -3.090179562568664551e-01 9.510539770126342773e-01 -9.999978542327880859e-01 -6.380311679095029831e-04 1.963646616786718369e-03
4.920637002214789391e-04 -8.090161681175231934e-01 5.877862572669982910e-01 -9.999998807907104492e-01 -3.980874607805162668e-04 2.892282500397413969e-04
4.014776204712688923e-04 -8.090162277221679688e-01 5.877862572669982910e-01 -9.999999403953552246e-01 -3.248018911108374596e-04 2.359830104978755116e-04
-5.622292519547045231e-04 -9.999998807907104492e-01 -0.000000000000000000e+00 -9.999998807907104492e-01 5.622292519547045231e-04 0.000000000000000000e+00
-5.633805412799119949e-04 -9.999998807907104492e-01 0.000000000000000000e+00 -9.999998807907104492e-01 5.633805412799119949e-04 0.000000000000000000e+00
5.169238429516553879e-04 -8.090161681175231934e-01 -5.877862572669982910e-01 -9.999998807907104492e-01 -4.181997210253030062e-04 -3.038407012354582548e-04
8.026550058275461197e-04 3.090155124664306641e-01 -9.510566592216491699e-01 -9.999997019767761230e-01 2.480329130776226521e-04 -7.633706554770469666e-04
7.911886787042021751e-04 3.090155124664306641e-01 -9.510566592216491699e-01 -9.999997019767761230e-01 2.444896381348371506e-04 -7.524655084125697613e-04
1.467117806896567345e-03 -3.090182840824127197e-01 -9.510549902915954590e-01 -9.999989271163940430e-01 -4.533666942734271288e-04 -1.395311206579208374e-03
1.445177011191844940e-03 -3.090182840824127197e-01 -9.510549902915954590e-01 -9.999989867210388184e-01 -4.465866368263959885e-04 -1.374444342218339443e-03
4.509578284341841936e-04 -8.090152740478515625e-01 -5.877875089645385742e-01 -9.999999403953552246e-01 -3.648318524938076735e-04 -2.650674432516098022e-04
1.373356557451188564e-03 8.090146183967590332e-01 -5.877870321273803711e-01 -9.999990463256835938e-01 1.111066550947725773e-03 -8.072418859228491783e-04
1.353077474050223827e-03 8.090145587921142578e-01 -5.877869725227355957e-01 -9.999991059303283691e-01 1.094660605303943157e-03 -7.953221793286502361e-04
1.395186176523566246e-03 9.999990463256835938e-01 -0.000000000000000000e+00 -9.999990463256835938e-01 1.395186176523566246e-03 0.000000000000000000e+00
1.391808269545435905e-03 9.999990463256835938e-01 0.000000000000000000e+00 -9.999990463256835938e-01 1.391808269545435905e-03 0.000000000000000000e+00
8.283043280243873596e-04 8.090150952339172363e-01 5.877873301506042480e-01 -9.999996423721313477e-01 6.701109232380986214e-04 4.868669784627854824e-04
7.619639509357511997e-04 8.090151548385620117e-01 5.877873897552490234e-01 -9.999997615814208984e-01 6.164406077004969120e-04 4.478729679249227047e-04
3.963763883803039789e-04 3.090155720710754395e-01 9.510568976402282715e-01 -9.999999403953552246e-01 1.224864827236160636e-04 3.769765316974371672e-04
6.010853685438632965e-04 3.090155422687530518e-01 9.510567784309387207e-01 -9.999998211860656738e-01 1.857447641668841243e-04 5.716664018109440804e-04
-3.261522797401994467e-04 -3.090185821056365967e-01 9.510559439659118652e-01 -9.999999403953552246e-01 1.007871251204051077e-04 -3.101890906691551208e-04
-3.221833903808146715e-04 -3.090185821056365967e-01 9.510559439659118652e-01 -9.999999403953552246e-01 9.956066060112789273e-05 -3.064144402742385864e-04
-3.915791166946291924e-04 -8.090153336524963379e-01 5.877875089645385742e-01 -9.999999403953552246e-01 3.167935356032103300e-04 -2.301653439644724131e-04
-5.063654971309006214e-04 -8.090152740478515625e-01 5.877875089645385742e-01 -9.999998807907104492e-01 4.096574848517775536e-04 -2.976353571284562349e-04
-8.151507790898904204e-05 -1.000000000000000000e+00 -0.000000000000000000e+00 -1.000000000000000000e+00 8.151507790898904204e-05 0.000000000000000000e+00
-9.325499559054151177e-05 -1.000000000000000000e+00 0.000000000000000000e+00 -1.000000000000000000e+00 9.325499559054151177e-05 0.000000000000000000e+00
3.997952153440564871e-04 -8.090153336524963379e-01 -5.877875089645385742e-01 -9.999999403953552246e-01 -3.234404721297323704e-04 -2.349946589674800634e-04
-1.155346515588462353e-03 3.090153932571411133e-01 -9.510563611984252930e-01 -9.999993443489074707e-01 -3.570200933609157801e-04 1.098800334148108959e-03
-1.170490635558962822e-03 3.090153932571411133e-01 -9.510563611984252930e-01 -9.999993443489074707e-01 -3.616998728830367327e-04 1.113203237764537334e-03
-4.453925648704171181e-04 -3.090186119079589844e-01 -9.510559439659118652e-01 -9.999999403953552246e-01 1.376346044708043337e-04 4.235932719893753529e-04
-4.601387481670826674e-04 -3.090185821056365967e-01 -9.510558843612670898e-01 -9.999999403953552246e-01 1.421914494130760431e-04 4.376177384983748198e-04
-9.312597103416919708e-04 -8.090150356292724609e-01 -5.877873301506042480e-01 -9.999995827674865723e-01 7.534034666605293751e-04 5.473828641697764397e-04
1.396207138895988464e-03 8.090144991874694824e-01 -5.877869725227355957e-01 -9.999990463256835938e-01 1.129553187638521194e-03 -8.206732454709708691e-04
1.380659407004714012e-03 8.090146183967590332e-01 -5.877870321273803711e-01 -9.999990463256835938e-01 1.116974744945764542e-03 -8.115344098769128323e-04
1.358592766337096691e-03 9.999991059303283691e-01 -0.000000000000000000e+00 -9.999991059303283691e-01 1.358592766337096691e-03 0.000000000000000000e+00
1.348254270851612091e-03 9.999991059303283691e-01 0.000000000000000000e+00 -9.999991059303283691e-01 1.348254270851612091e-03 0.000000000000000000e+00
-7.825468201190233231e-04 8.090151548385620117e-01 5.877873897552490234e-01 -9.999997019767761230e-01 -6.330924225039780140e-04 -4.599712847266346216e-04
-7.928911363705992699e-04 8.090151548385620117e-01 5.877873897552490234e-01 -9.999997019767761230e-01 -6.414611125364899635e-04 -4.660515405703336000e-04
-9.569193352945148945e-04 3.090154826641082764e-01 9.510565400123596191e-01 -9.999995827674865723e-01 -2.957030083052814007e-04 -9.100848110392689705e-04
-8.965754532255232334e-04 3.090155124664306641e-01 9.510565996170043945e-01 -9.999996423721313477e-01 -2.770558057818561792e-04 -8.526943274773657322e-04
-1.184596098028123379e-03 -3.090184032917022705e-01 9.510553479194641113e-01 -9.999993443489074707e-01 3.660622751340270042e-04 -1.126617309637367725e-03
-1.126961433328688145e-03 -3.090184032917022705e-01 9.510554075241088867e-01 -9.999994039535522461e-01 3.482520987745374441e-04 -1.071803504601120949e-03
-1.672488870099186897e-03 -8.090142607688903809e-01 5.877867341041564941e-01 -9.999986290931701660e-01 1.353069208562374115e-03 -9.830681374296545982e-04
-1.636489294469356537e-03 -8.090142011642456055e-01 5.877867341041564941e-01 -9.999986886978149414e-01 1.323945238254964352e-03 -9.619081974960863590e-04
-1.547120045870542526e-03 -9.999988079071044922e-01 -0.000000000000000000e+00 -9.999988079071044922e-01 1.547120045870542526e-03 0.000000000000000000e+00
-1.639307243749499321e-03 -9.999986886978149414e-01 0.000000000000000000e+00 -9.999986886978149414e-01 1.639307243749499321e-03 0.000000000000000000e+00
-9.157293825410306454e-04 -8.090150356292724609e-01 -5.877873301506042480e-01 -9.999995827674865723e-01 7.408391684293746948e-04 5.382543313317000866e-04
