3.662283706944435835e-04 9.957340955734252930e-01 -9.226851910352706909e-02 -9.999999403953552246e-01 3.646661061793565750e-04 -3.379135159775614738e-05
3.615426539909094572e-04 9.957340955734252930e-01 -9.226851910352706909e-02 -9.999999403953552246e-01 3.600003547035157681e-04 -3.335900692036375403e-05
3.937766014132648706e-04 9.957340955734252930e-01 9.226851910352706909e-02 -9.999999403953552246e-01 3.920968156307935715e-04 3.633318556239828467e-05
3.898910945281386375e-04 9.957340955734252930e-01 9.226851910352706909e-02 -9.999999403953552246e-01 3.882278688251972198e-04 3.597467730287462473e-05
3.700422239489853382e-04 9.618256092071533203e-01 2.736629545688629150e-01 -9.999999403953552246e-01 3.559160977602005005e-04 1.012668581097386777e-04
3.562556812539696693e-04 9.618256092071533203e-01 2.736629545688629150e-01 -9.999999403953552246e-01 3.426558687351644039e-04 9.749399032443761826e-05
3.408028569538146257e-04 8.951607942581176758e-01 4.457432031631469727e-01 -9.999999403953552246e-01 3.050733648706227541e-04 1.519105717306956649e-04
3.297300427220761776e-04 8.951607942581176758e-01 4.457432031631469727e-01 -1.000000000000000000e+00 2.951614442281424999e-04 1.469749549869447947e-04
3.131596022285521030e-04 7.980179786682128906e-01 6.026336550712585449e-01 -9.999999403953552246e-01 2.499069669283926487e-04 1.887204998638480902e-04
2.985889441333711147e-04 7.980179786682128906e-01 6.026336550712585449e-01 -9.999999403953552246e-01 2.382793172728270292e-04 1.799397286958992481e-04
3.060776216443628073e-04 6.736973524093627930e-01 7.390073537826538086e-01 -9.999999403953552246e-01 2.062036655843257904e-04 2.261935878777876496e-04
2.843167167156934738e-04 6.736973524093627930e-01 7.390073537826538086e-01 -9.999999403953552246e-01 1.915433967951685190e-04 2.101121208397671580e-04
2.991213987115770578e-04 5.264312624931335449e-01 8.502176403999328613e-01 -1.000000000000000000e+00 1.574668858665972948e-04 2.543183509260416031e-04
2.836583589669317007e-04 5.264312624931335449e-01 8.502176403999328613e-01 -1.000000000000000000e+00 1.493266609031707048e-04 2.411713649053126574e-04
3.020721487700939178e-04 3.612416386604309082e-01 9.324722290039062500e-01 -1.000000000000000000e+00 1.091210360755212605e-04 2.816738851834088564e-04
2.957040560431778431e-04 3.612416386604309082e-01 9.324722290039062500e-01 -1.000000000000000000e+00 1.068206111085601151e-04 2.757358306553214788e-04
3.221330989617854357e-04 1.837511807680130005e-01 9.829727411270141602e-01 -9.999999403953552246e-01 5.919234172324649990e-05 3.166480746585875750e-04
3.112928825430572033e-04 1.837511807680130005e-01 9.829727411270141602e-01 -9.999999403953552246e-01 5.720043918699957430e-05 3.059924347326159477e-04
3.440607979428023100e-04 -0.000000000000000000e+00 9.999999403953552246e-01 -9.999999403953552246e-01 0.000000000000000000e+00 3.440607979428023100e-04
3.329981991555541754e-04 -0.000000000000000000e+00 9.999999403953552246e-01 -9.999999403953552246e-01 0.000000000000000000e+00 3.329981991555541754e-04
3.702118992805480957e-04 -1.837511807680130005e-01 9.829727411270141602e-01 -9.999999403953552246e-01 -6.802687857998535037e-05 3.639082133304327726e-04
3.572679997887462378e-04 -1.837511807680130005e-01 9.829727411270141602e-01 -9.999999403953552246e-01 -6.564841896761208773e-05 3.511847171466797590e-04
4.120543017052114010e-04 -3.612416088581085205e-01 9.324721693992614746e-01 -9.999999403953552246e-01 -1.488511770730838180e-04 3.842292062472552061e-04
3.983760252594947815e-04 -3.612416088581085205e-01 9.324721693992614746e-01 -9.999999403953552246e-01 -1.439100014977157116e-04 3.714745689649134874e-04
4.425180959515273571e-04 -5.264312624931335449e-01 8.502175807952880859e-01 -9.999999403953552246e-01 -2.329553972231224179e-04 3.762367414310574532e-04
4.275231913197785616e-04 -5.264312624931335449e-01 8.502175807952880859e-01 -9.999999403953552246e-01 -2.250616089440882206e-04 3.634878084994852543e-04
4.598068480845540762e-04 -6.736972928047180176e-01 7.390072941780090332e-01 -9.999998807907104492e-01 -3.097706648986786604e-04 3.398006374482065439e-04
4.468468541745096445e-04 -6.736972928047180176e-01 7.390072941780090332e-01 -9.999998807907104492e-01 -3.010395448654890060e-04 3.302231198176741600e-04
4.757570568472146988e-04 -7.980154156684875488e-01 6.026369333267211914e-01 -9.999999403953552246e-01 -3.796615055762231350e-04 2.867087896447628736e-04
4.644077562261372805e-04 -7.980154156684875488e-01 6.026369333267211914e-01 -9.999999403953552246e-01 -3.706045681610703468e-04 2.798692730721086264e-04
4.868181713391095400e-04 -8.951649069786071777e-01 4.457349181175231934e-01 -9.999998807907104492e-01 -4.357825964689254761e-04 2.169918880099430680e-04
4.707011976279318333e-04 -8.951649069786071777e-01 4.457349181175231934e-01 -9.999998807907104492e-01 -4.213552456349134445e-04 2.098079858114942908e-04
4.921007785014808178e-04 -9.618255496025085449e-01 2.736629545688629150e-01 -9.999998807907104492e-01 -4.733151581604033709e-04 1.346697681583464146e-04
4.772579995915293694e-04 -9.618255496025085449e-01 2.736629545688629150e-01 -9.999998807907104492e-01 -4.590390017256140709e-04 1.306078484049066901e-04
4.966285196132957935e-04 -9.957340359687805176e-01 9.226851910352706909e-02 -9.999998807907104492e-01 -4.945099935866892338e-04 4.582318069878965616e-05
4.816365253645926714e-04 -9.957340955734252930e-01 9.226852655410766602e-02 -9.999998807907104492e-01 -4.795819113496690989e-04 4.443989018909633160e-05
4.937407211400568485e-04 -9.957340359687805176e-01 -9.226851910352706909e-02 -9.999998807907104492e-01 -4.916344769299030304e-04 -4.555672785500064492e-05
4.774320987053215504e-04 -9.957340955734252930e-01 -9.226852655410766602e-02 -9.999998807907104492e-01 -4.753954126499593258e-04 -4.405195431900210679e-05
4.930077702738344669e-04 -9.618255496025085449e-01 -2.736629545688629150e-01 -9.999998807907104492e-01 -4.741875163745135069e-04 -1.349179801763966680e-04
4.762968455906957388e-04 -9.618255496025085449e-01 -2.736629545688629150e-01 -9.999998807907104492e-01 -4.581145185511559248e-04 -1.303448225371539593e-04
4.925586981698870659e-04 -8.951649069786071777e-01 -4.457349181175231934e-01 -9.999998807907104492e-01 -4.409213142935186625e-04 -2.195506385760381818e-04
4.764021723531186581e-04 -8.951649069786071777e-01 -4.457349181175231934e-01 -9.999998807907104492e-01 -4.264585732016712427e-04 -2.123491140082478523e-04
4.955606418661773205e-04 -7.980154156684875488e-01 -6.026369333267211914e-01 -9.999998807907104492e-01 -3.954650019295513630e-04 -2.986431063618510962e-04
4.825625510420650244e-04 -7.980154156684875488e-01 -6.026369333267211914e-01 -9.999999403953552246e-01 -3.850923967547714710e-04 -2.908100141212344170e-04
5.001775571145117283e-04 -6.736986637115478516e-01 -7.390060424804687500e-01 -9.999998807907104492e-01 -3.369689802639186382e-04 -3.696342755574733019e-04
4.863032081630080938e-04 -6.736986637115478516e-01 -7.390060424804687500e-01 -9.999998807907104492e-01 -3.276218485552817583e-04 -3.593810251913964748e-04
5.082616698928177357e-04 -5.264312624931335449e-01 -8.502175807952880859e-01 -9.999998807907104492e-01 -2.675648720469325781e-04 -4.321330634411424398e-04
4.973468021489679813e-04 -5.264312624931335449e-01 -8.502175807952880859e-01 -9.999998807907104492e-01 -2.618189319036900997e-04 -4.228530451655387878e-04
5.088731413707137108e-04 -3.612393736839294434e-01 -9.324730038642883301e-01 -9.999998807907104492e-01 -1.838250318542122841e-04 -4.745105397887527943e-04
4.969093715772032738e-04 -3.612393736839294434e-01 -9.324730038642883301e-01 -9.999998807907104492e-01 -1.795032439986243844e-04 -4.633546341210603714e-04
5.119189154356718063e-04 -1.837511807680130005e-01 -9.829726815223693848e-01 -9.999998807907104492e-01 -9.406571189174428582e-05 -5.032023764215409756e-04
4.999156808480620384e-04 -1.837511807680130005e-01 -9.829726815223693848e-01 -9.999998807907104492e-01 -9.186010720441117883e-05 -4.914035089313983917e-04
5.174005054868757725e-04 -0.000000000000000000e+00 -9.999998807907104492e-01 -9.999998807907104492e-01 0.000000000000000000e+00 -5.174005054868757725e-04
5.070313345640897751e-04 -0.000000000000000000e+00 -9.999998807907104492e-01 -9.999998807907104492e-01 0.000000000000000000e+00 -5.070313345640897751e-04
5.157312843948602676e-04 1.837511807680130005e-01 -9.829726815223693848e-01 -9.999998807907104492e-01 9.476624109083786607e-05 -5.069498438388109207e-04
5.044799763709306717e-04 1.837511807680130005e-01 -9.829726815223693848e-01 -9.999998807907104492e-01 9.269879956264048815e-05 -4.958900972269475460e-04
5.113293882459402084e-04 3.612393736839294434e-01 -9.324730038642883301e-01 -9.999998807907104492e-01 1.847123203333467245e-04 -4.768009239342063665e-04
5.038129165768623352e-04 3.612393736839294434e-01 -9.324730038642883301e-01 -9.999998807907104492e-01 1.819970784708857536e-04 -4.697919939644634724e-04
5.094407824799418449e-04 5.264312624931335449e-01 -8.502175807952880859e-01 -9.999998807907104492e-01 2.681855985429137945e-04 -4.331355739850550890e-04
4.989648004993796349e-04 5.264312624931335449e-01 -8.502175807952880859e-01 -9.999998807907104492e-01 2.626707137096673250e-04 -4.242286959197372198e-04
4.761812742799520493e-04 6.736986637115478516e-01 -7.390060424804687500e-01 -9.999998807907104492e-01 3.208027046639472246e-04 -3.519008751027286053e-04
4.679392150137573481e-04 6.736986637115478516e-01 -7.390060424804687500e-01 -9.999998807907104492e-01 3.152500430587679148e-04 -3.458099381532520056e-04
4.453444562386721373e-04 7.980179190635681152e-01 -6.026336550712585449e-01 -9.999999403953552246e-01 3.553928982000797987e-04 -2.683795755729079247e-04
4.379157908260822296e-04 7.980179190635681152e-01 -6.026336550712585449e-01 -9.999999403953552246e-01 3.494646807666867971e-04 -2.639027952682226896e-04
4.147870349697768688e-04 8.951607942581176758e-01 -4.457432031631469727e-01 -9.999999403953552246e-01 3.713011101353913546e-04 -1.848885149229317904e-04
4.068126727361232042e-04 8.951607942581176758e-01 -4.457432031631469727e-01 -9.999999403953552246e-01 3.641627845354378223e-04 -1.813339913496747613e-04
3.833693917840719223e-04 9.618256092071533203e-01 -2.736629545688629150e-01 -9.999999403953552246e-01 3.687345306389033794e-04 -1.049140118993818760e-04
3.800222475547343493e-04 9.618256092071533203e-01 -2.736629545688629150e-01 -9.999999403953552246e-01 3.655151522252708673e-04 -1.039980197674594820e-04
3.585992963053286076e-04 -7.330476641654968262e-01 -6.801772713661193848e-01 -9.999999403953552246e-01 -2.628703659866005182e-04 -2.439110685372725129e-04
3.561108605936169624e-04 -7.330476641654968262e-01 -6.801772713661193848e-01 -9.999999403953552246e-01 -2.610462252050638199e-04 -2.422184916213154793e-04
3.527447115629911423e-04 -6.541711688041687012e-01 -7.563465237617492676e-01 -9.999999403953552246e-01 -2.307553950231522322e-04 -2.667972003109753132e-04
3.502328763715922832e-04 -6.541711688041687012e-01 -7.563465237617492676e-01 -9.999999403953552246e-01 -2.291122364113107324e-04 -2.648973895702511072e-04
3.507931542117148638e-04 -5.674298405647277832e-01 -8.234217166900634766e-01 -9.999999403953552246e-01 -1.990504824789240956e-04 -2.888506860472261906e-04
3.470129740890115499e-04 -5.674298405647277832e-01 -8.234217166900634766e-01 -9.999999403953552246e-01 -1.969055010704323649e-04 -2.857380022760480642e-04
3.496900899335741997e-04 -4.738643765449523926e-01 -8.805977702140808105e-01 -9.999999403953552246e-01 -1.657056855037808418e-04 -3.079363377764821053e-04
3.458835708443075418e-04 -4.738643765449523926e-01 -8.805977702140808105e-01 -9.999999403953552246e-01 -1.639019174035638571e-04 -3.045843332074582577e-04
3.443314344622194767e-04 -3.746038675308227539e-01 -9.271849393844604492e-01 -9.999999403953552246e-01 -1.289879000978544354e-04 -3.192589501850306988e-04
3.405234601814299822e-04 -3.746038675308227539e-01 -9.271849393844604492e-01 -9.999999403953552246e-01 -1.275614195037633181e-04 -3.157282480970025063e-04
3.451564989518374205e-04 -2.708379626274108887e-01 -9.626249074935913086e-01 -9.999999403953552246e-01 -9.348149615107104182e-05 -3.322562552057206631e-04
3.409023338463157415e-04 -2.708379626274108887e-01 -9.626249074935913086e-01 -9.999999403953552246e-01 -9.232930460711941123e-05 -3.281610843259841204e-04
3.437857667449861765e-04 -1.638168841600418091e-01 -9.864907264709472656e-01 -9.999999403953552246e-01 -5.631791646010242403e-05 -3.391414938960224390e-04
3.422672452870756388e-04 -1.638168841600418091e-01 -9.864907264709472656e-01 -9.999999403953552246e-01 -5.606915874523110688e-05 -3.376434906385838985e-04
3.411466605030000210e-04 -5.482396483421325684e-02 -9.984959959983825684e-01 -9.999999403953552246e-01 -1.870301457529421896e-05 -3.406335890758782625e-04
3.393575025256723166e-04 -5.482396483421325684e-02 -9.984959959983825684e-01 -9.999999403953552246e-01 -1.860492557170800865e-05 -3.388471377547830343e-04
3.372494538780301809e-04 5.482415109872817993e-02 -9.984959959983825684e-01 -9.999999403953552246e-01 1.848941610660403967e-05 -3.367422614246606827e-04
3.350726037751883268e-04 5.482415109872817993e-02 -9.984959959983825684e-01 -9.999999403953552246e-01 1.837007221183739603e-05 -3.345686709508299828e-04
3.365911252330988646e-04 1.638163477182388306e-01 -9.864907860755920410e-01 -9.999999403953552246e-01 5.513913492904976010e-05 -3.320440591778606176e-04
3.327334125060588121e-04 1.638163477182388306e-01 -9.864907860755920410e-01 -9.999999403953552246e-01 5.450717799249105155e-05 -3.282384714111685753e-04
3.265935520175844431e-04 2.708397209644317627e-01 -9.626243710517883301e-01 -9.999999403953552246e-01 8.845451520755887032e-05 -3.143869398627430201e-04
3.256704367231577635e-04 2.708397209644317627e-01 -9.626243710517883301e-01 -9.999999403953552246e-01 8.820449875202029943e-05 -3.134983126074075699e-04
3.221696824766695499e-04 3.746015131473541260e-01 -9.271858334541320801e-01 -1.000000000000000000e+00 1.206852684845216572e-04 -2.987112093251198530e-04
3.203410306014120579e-04 3.746015131473541260e-01 -9.271858334541320801e-01 -1.000000000000000000e+00 1.200002516270615160e-04 -2.970157074742019176e-04
3.221257939003407955e-04 4.738643765449523926e-01 -8.805977702140808105e-01 -1.000000000000000000e+00 1.526439591543748975e-04 -2.836633066181093454e-04
3.210461582057178020e-04 4.738643765449523926e-01 -8.805977702140808105e-01 -1.000000000000000000e+00 1.521323574706912041e-04 -2.827125717885792255e-04
3.207784320693463087e-04 5.674313902854919434e-01 -8.234206438064575195e-01 -9.999999403953552246e-01 1.820197649067267776e-04 -2.641355968080461025e-04
3.167832037433981895e-04 5.674313902854919434e-01 -8.234206438064575195e-01 -9.999999403953552246e-01 1.797527511371299624e-04 -2.608458453323692083e-04
3.094613493885844946e-04 6.541711688041687012e-01 -7.563465237617492676e-01 -9.999999403953552246e-01 2.024406712735071778e-04 -2.340599894523620605e-04
3.113689890597015619e-04 6.541711688041687012e-01 -7.563465237617492676e-01 -9.999999403953552246e-01 2.036885998677462339e-04 -2.355028263991698623e-04
3.104210190940648317e-04 7.330459952354431152e-01 -6.801790595054626465e-01 -9.999999403953552246e-01 2.275528677273541689e-04 -2.111418580170720816e-04
3.094145213253796101e-04 7.330459952354431152e-01 -6.801790595054626465e-01 -9.999999403953552246e-01 2.268150565214455128e-04 -2.104572631651535630e-04
3.539720783010125160e-04 7.330459952354431152e-01 6.801790595054626465e-01 -9.999999403953552246e-01 2.594777906779199839e-04 2.407643769402056932e-04
3.521653707139194012e-04 7.330459952354431152e-01 6.801790595054626465e-01 -9.999999403953552246e-01 2.581533917691558599e-04 2.395354968030005693e-04
3.502387262415140867e-04 6.541711688041687012e-01 7.563465237617492676e-01 -9.999999403953552246e-01 2.291160635650157928e-04 2.649018133524805307e-04
3.493741387501358986e-04 6.541711688041687012e-01 7.563465237617492676e-01 -9.999999403953552246e-01 2.285504742758348584e-04 2.642478793859481812e-04
3.379297268111258745e-04 5.674302577972412109e-01 8.234214186668395996e-01 -9.999999403953552246e-01 1.917515328386798501e-04 2.782585506793111563e-04
3.365370212122797966e-04 5.674302577972412109e-01 8.234214186668395996e-01 -9.999999403953552246e-01 1.909612765302881598e-04 2.771117724478244781e-04
3.350301994942128658e-04 4.738643765449523926e-01 8.805977702140808105e-01 -1.000000000000000000e+00 1.587589067639783025e-04 2.950268972199410200e-04
3.343089774716645479e-04 4.738643765449523926e-01 8.805977702140808105e-01 -1.000000000000000000e+00 1.584171404829248786e-04 2.943917934317141771e-04
3.367739845998585224e-04 3.746015131473541260e-01 9.271858334541320801e-01 -9.999999403953552246e-01 1.261560537386685610e-04 3.122520865872502327e-04
3.372845530975610018e-04 3.746015131473541260e-01 9.271858334541320801e-01 -9.999999403953552246e-01 1.263473095605149865e-04 3.127254894934594631e-04
3.405805036891251802e-04 2.708397209644317627e-01 9.626243710517883301e-01 -9.999999403953552246e-01 9.224273526342585683e-05 3.278510994277894497e-04
3.391585487406700850e-04 2.708397209644317627e-01 9.626243710517883301e-01 -9.999999403953552246e-01 9.185761882690712810e-05 3.264823171775788069e-04
3.459289437159895897e-04 1.638163477182388306e-01 9.864907860755920410e-01 -9.999999403953552246e-01 5.666882134391926229e-05 3.412557416595518589e-04
3.442158631514757872e-04 1.638163477182388306e-01 9.864907860755920410e-01 -9.999999403953552246e-01 5.638819129671901464e-05 3.395657986402511597e-04
3.507287765387445688e-04 5.482581630349159241e-02 9.984958767890930176e-01 -9.999999403953552246e-01 1.922899355122353882e-05 3.502012696117162704e-04
3.481789026409387589e-04 5.482581630349159241e-02 9.984958767890930176e-01 -9.999999403953552246e-01 1.908919330162461847e-05 3.476552083157002926e-04
3.555271250661462545e-04 -5.482563376426696777e-02 9.984958767890930176e-01 -9.999999403953552246e-01 -1.949200122908223420e-05 3.549924003891646862e-04
3.528748638927936554e-04 -5.482563376426696777e-02 9.984958767890930176e-01 -9.999999403953552246e-01 -1.934658939717337489e-05 3.523441264405846596e-04
3.572329005692154169e-04 -1.638168841600418091e-01 9.864907264709472656e-01 -9.999999403953552246e-01 -5.852078538737259805e-05 3.524069616105407476e-04
3.562863857951015234e-04 -1.638168841600418091e-01 9.864907264709472656e-01 -9.999999403953552246e-01 -5.836573109263554215e-05 3.514732234179973602e-04
3.675362386275082827e-04 -2.708379626274108887e-01 9.626249074935913086e-01 -9.999999403953552246e-01 -9.954277629731222987e-05 3.537995507940649986e-04
3.649980644695460796e-04 -2.708379626274108887e-01 9.626249074935913086e-01 -9.999999403953552246e-01 -9.885534382192417979e-05 3.513562551233917475e-04
3.805166925303637981e-04 -3.746038675308227539e-01 9.271849393844604492e-01 -9.999999403953552246e-01 -1.425430382369086146e-04 3.528093802742660046e-04
3.805254818871617317e-04 -3.746038675308227539e-01 9.271849393844604492e-01 -9.999999403953552246e-01 -1.425463269697502255e-04 3.528175293467938900e-04
3.956681466661393642e-04 -4.738643765449523926e-01 8.805977702140808105e-01 -9.999999403953552246e-01 -1.874930458143353462e-04 3.484245098661631346e-04
3.931855899281799793e-04 -4.738643765449523926e-01 8.805977702140808105e-01 -9.999999403953552246e-01 -1.863166544353589416e-04 3.462383756414055824e-04
4.047528782393783331e-04 -5.674286484718322754e-01 8.234224915504455566e-01 -9.999999403953552246e-01 -2.296683960594236851e-04 3.332826599944382906e-04
4.023639194201678038e-04 -5.674286484718322754e-01 8.234224915504455566e-01 -9.999999403953552246e-01 -2.283128415001556277e-04 3.313155320938676596e-04
4.143730329815298319e-04 -6.541711091995239258e-01 7.563464641571044922e-01 -9.999999403953552246e-01 -2.710708940867334604e-04 3.134096041321754456e-04
4.125663253944367170e-04 -6.541711091995239258e-01 7.563464641571044922e-01 -9.999999403953552246e-01 -2.698889875318855047e-04 3.120430919807404280e-04
4.225755983497947454e-04 -7.330476045608520508e-01 6.801772117614746094e-01 -9.999999403953552246e-01 -3.097680455539375544e-04 2.874263154808431864e-04
4.204924043733626604e-04 -7.330476045608520508e-01 6.801772117614746094e-01 -9.999999403953552246e-01 -3.082409675698727369e-04 2.860093663912266493e-04
5.159244174137711525e-04 -9.888306260108947754e-01 -1.490430831909179688e-01 -9.999998807907104492e-01 -5.101619171909987926e-04 -7.689497579121962190e-05
5.142903537489473820e-04 -9.888306260108947754e-01 -1.490430831909179688e-01 -9.999998807907104492e-01 -5.085461307317018509e-04 -7.665142766200006008e-05
4.603042325470596552e-04 -9.888305068016052246e-01 1.490437388420104980e-01 -9.999999403953552246e-01 -4.551629535853862762e-04 6.860547728138044477e-05
4.584565758705139160e-04 -9.888305068016052246e-01 1.490437388420104980e-01 -9.999999403953552246e-01 -4.533359315246343613e-04 6.833009683759883046e-05
4.376436991151422262e-04 -9.009676575660705566e-01 4.338860809803009033e-01 -9.999998807907104492e-01 -3.943028277717530727e-04 1.898875052575021982e-04
5.294783622957766056e-04 -9.009675979614257812e-01 -4.338860511779785156e-01 -9.999998807907104492e-01 -4.770429222844541073e-04 -2.297333121532574296e-04
5.266944062896072865e-04 -9.009675979614257812e-01 -4.338860511779785156e-01 -9.999998807907104492e-01 -4.745346668642014265e-04 -2.285253867739811540e-04
5.410573212429881096e-04 -7.330525517463684082e-01 -6.801719069480895996e-01 -9.999998807907104492e-01 -3.966234799008816481e-04 -3.680120280478149652e-04
5.386903649196028709e-04 -7.330525517463684082e-01 -6.801719069480895996e-01 -9.999998807907104492e-01 -3.948883677367120981e-04 -3.664020914584398270e-04
5.480091786012053490e-04 -5.000017285346984863e-01 -8.660242557525634766e-01 -9.999998807907104492e-01 -2.740055788308382034e-04 -4.745892947539687157e-04
5.453334306366741657e-04 -5.000017285346984863e-01 -8.660242557525634766e-01 -9.999998807907104492e-01 -2.726677048485726118e-04 -4.722720477730035782e-04
5.497675738297402859e-04 -2.225182354450225830e-01 -9.749283790588378906e-01 -9.999998807907104492e-01 -1.223333529196679592e-04 -5.359841743484139442e-04
5.447994917631149292e-04 -2.225182503461837769e-01 -9.749284386634826660e-01 -9.999998807907104492e-01 -1.212278439197689295e-04 -5.311405984684824944e-04
5.504405125975608826e-04 7.472790032625198364e-02 -9.972038269042968750e-01 -9.999998807907104492e-01 4.113327668164856732e-05 -5.489015602506697178e-04
5.494193756021559238e-04 7.472790032625198364e-02 -9.972038269042968750e-01 -9.999998807907104492e-01 4.105696643819101155e-05 -5.478832754306495190e-04
5.543641163967549801e-04 3.653426468372344971e-01 -9.308729767799377441e-01 -9.999998807907104492e-01 2.025328576564788818e-04 -5.160426371730864048e-04
5.531616043299436569e-04 3.653426468372344971e-01 -9.308729767799377441e-01 -9.999998807907104492e-01 2.020935353357344866e-04 -5.149232456460595131e-04
5.553208757191896439e-04 6.234886646270751953e-01 -7.818322777748107910e-01 -9.999998807907104492e-01 3.462363092694431543e-04 -4.341677995398640633e-04
5.549419438466429710e-04 6.234886646270751953e-01 -7.818322777748107910e-01 -9.999998807907104492e-01 3.460000443737953901e-04 -4.338715516496449709e-04
5.315601010806858540e-04 8.262379765510559082e-01 -5.633209943771362305e-01 -9.999998807907104492e-01 4.391951952129602432e-04 -2.994390088133513927e-04
5.321452626958489418e-04 8.262379765510559082e-01 -5.633209943771362305e-01 -9.999998807907104492e-01 4.396786971483379602e-04 -2.997686387971043587e-04
4.935973556712269783e-04 9.555737376213073730e-01 -2.947518825531005859e-01 -9.999998807907104492e-01 4.716687253676354885e-04 -1.454887678846716881e-04
4.917467595078051090e-04 9.555737376213073730e-01 -2.947518825531005859e-01 -9.999998807907104492e-01 4.699003475252538919e-04 -1.449433038942515850e-04
4.403135098982602358e-04 9.999999403953552246e-01 -0.000000000000000000e+00 -9.999999403953552246e-01 4.403135098982602358e-04 0.000000000000000000e+00
4.395761934574693441e-04 9.999999403953552246e-01 0.000000000000000000e+00 -9.999999403953552246e-01 4.395761934574693441e-04 0.000000000000000000e+00
3.910599625669419765e-04 9.555741548538208008e-01 2.947505712509155273e-01 -9.999999403953552246e-01 3.736868093255907297e-04 1.152651602751575410e-04
3.909955848939716816e-04 9.555741548538208008e-01 2.947505712509155273e-01 -9.999999403953552246e-01 3.736253129318356514e-04 1.152461845776997507e-04
3.467496717348694801e-04 8.262380957603454590e-01 5.633210539817810059e-01 -9.999999403953552246e-01 2.864977577701210976e-04 1.953313767444342375e-04
3.470817464403808117e-04 8.262380957603454590e-01 5.633210539817810059e-01 -9.999999403953552246e-01 2.867721486836671829e-04 1.955184416146948934e-04
3.108159580733627081e-04 6.234858632087707520e-01 7.818345427513122559e-01 -9.999999403953552246e-01 1.937893684953451157e-04 2.430066670058295131e-04
3.088205412495881319e-04 6.234858632087707520e-01 7.818345427513122559e-01 -9.999999403953552246e-01 1.925452670548111200e-04 2.414465852780267596e-04
2.924666332546621561e-04 3.653426766395568848e-01 9.308730959892272949e-01 -1.000000000000000000e+00 1.068505371222272515e-04 2.722493081819266081e-04
2.915318182203918695e-04 3.653426766395568848e-01 9.308730959892272949e-01 -1.000000000000000000e+00 1.065090109477750957e-04 2.713791327551007271e-04
3.032834210898727179e-04 7.472790777683258057e-02 9.972039461135864258e-01 -9.999999403953552246e-01 2.266373849124647677e-05 3.024354518856853247e-04
3.016463888343423605e-04 7.472790777683258057e-02 9.972039461135864258e-01 -9.999999403953552246e-01 2.254140599688980728e-05 3.008029889315366745e-04
3.438969433773308992e-04 -2.225182652473449707e-01 9.749284982681274414e-01 -9.999999403953552246e-01 -7.652335625607520342e-05 3.352749627083539963e-04
3.436219121795147657e-04 -2.225182652473449707e-01 9.749284982681274414e-01 -9.999999403953552246e-01 -7.646215817658230662e-05 3.350068291183561087e-04
3.881794691551476717e-04 -5.000017285346984863e-01 8.660243153572082520e-01 -9.999999403953552246e-01 -1.940904330695047975e-04 3.361728740856051445e-04
3.844841558020561934e-04 -5.000017881393432617e-01 8.660243749618530273e-01 -9.999999403953552246e-01 -1.922427472891286016e-04 3.329726168885827065e-04
4.177889204584062099e-04 -7.330525517463684082e-01 6.801719069480895996e-01 -9.999999403953552246e-01 -3.062612668145447969e-04 2.841683162841945887e-04
4.117309872526675463e-04 -7.330525517463684082e-01 6.801719069480895996e-01 -9.999999403953552246e-01 -3.018204879481345415e-04 2.800478832796216011e-04
4.400267789606004953e-04 -9.009676575660705566e-01 4.338860809803009033e-01 -9.999998807907104492e-01 -3.964499046560376883e-04 1.909214915940538049e-04
4.787252109963446856e-04 9.948694705963134766e-01 -1.011658087372779846e-01 -9.999996423721313477e-01 5.466431030072271824e-04 6.436317344196140766e-04
9.999996423721313477e-01 -4.579343076329678297e-04 6.956970901228487492e-04 4.579341912176460028e-04 9.999998807907104492e-01 3.185836021657451056e-07
4.466872778721153736e-04 9.948695898056030273e-01 1.011645793914794922e-01 -9.999997019767761230e-01 3.740231331903487444e-04 7.372433319687843323e-04
4.227978643029928207e-04 9.795308709144592285e-01 2.012937664985656738e-01 -9.999997019767761230e-01 5.541902501136064529e-04 -5.963858566246926785e-04
3.743591951206326485e-04 9.541384577751159668e-01 2.993654608726501465e-01 -9.999997019767761230e-01 1.489116111770272255e-04 7.758970023132860661e-04
3.635526518337428570e-04 9.189577102661132812e-01 3.943560719490051270e-01 -9.999997019767761230e-01 6.084059714339673519e-04 -4.958636127412319183e-04
3.463209141045808792e-04 8.743479251861572266e-01 4.852995276451110840e-01 -9.999997019767761230e-01 -3.482887404970824718e-05 7.763729081489145756e-04
3.750438627321273088e-04 8.207622170448303223e-01 5.712699294090270996e-01 -9.999997019767761230e-01 7.052614819258451462e-04 -3.567634266801178455e-04
3.333433705847710371e-04 7.587562203407287598e-01 6.513746380805969238e-01 -9.999997019767761230e-01 -2.002171822823584080e-04 7.449772674590349197e-04
3.226479748263955116e-04 6.889661550521850586e-01 7.247934341430664062e-01 -9.999997019767761230e-01 7.265021558851003647e-04 -2.454320201650261879e-04
2.929288311861455441e-04 6.121097803115844727e-01 7.907727956771850586e-01 -9.999997615814208984e-01 -3.707945288624614477e-04 6.574526778422296047e-04
2.929405600298196077e-04 5.289635658264160156e-01 8.486445546150207520e-01 -9.999997615814208984e-01 7.454296573996543884e-04 -1.194430587929673493e-04
2.677549200598150492e-04 4.403924643993377686e-01 8.978053331375122070e-01 -9.999997615814208984e-01 -5.066014709882438183e-04 5.467313458211719990e-04
2.685595536604523659e-04 3.473051488399505615e-01 9.377521872520446777e-01 -9.999997615814208984e-01 7.457067258656024933e-04 1.020706349663669243e-05
2.277470339322462678e-04 2.506480515003204346e-01 9.680783152580261230e-01 -9.999997615814208984e-01 -6.163967773318290710e-04 3.948499215766787529e-04
2.442721452098339796e-04 1.514265388250350952e-01 9.884684681892395020e-01 -9.999997615814208984e-01 7.246001041494309902e-04 1.361180766252800822e-04
2.471131447236984968e-04 5.065064877271652222e-02 9.987164139747619629e-01 -9.999997615814208984e-01 -6.822918076068162918e-04 2.820336667355149984e-04
2.923304855357855558e-04 -5.065068230032920837e-02 9.987164139747619629e-01 -9.999997019767761230e-01 6.800014525651931763e-04 3.271929454058408737e-04
2.736036840360611677e-04 -1.514265239238739014e-01 9.884685277938842773e-01 -9.999997615814208984e-01 -7.290416979230940342e-04 1.651113416301086545e-04
3.392754879314452410e-04 -2.506481111049652100e-01 9.680782556533813477e-01 -9.999997019767761230e-01 5.884423153474926949e-04 5.028182058595120907e-04
3.450467193033546209e-04 -3.473069965839385986e-01 9.377514123916625977e-01 -9.999997019767761230e-01 -7.722976151853799820e-04 8.192176755983382463e-05
4.030177660752087831e-04 -4.403948485851287842e-01 8.978041410446166992e-01 -9.999997019767761230e-01 4.469989798963069916e-04 6.681565428152680397e-04
3.673357423394918442e-04 -5.289582014083862305e-01 8.486478328704833984e-01 -9.999997019767761230e-01 -7.847097585909068584e-04 -5.625782068818807602e-05
3.872226225212216377e-04 -6.121097803115844727e-01 7.907726764678955078e-01 -9.999997019767761230e-01 3.132327692583203316e-04 7.321388111449778080e-04
3.785855660680681467e-04 -6.889690756797790527e-01 7.247906923294067383e-01 -9.999997019767761230e-01 -7.649193867109715939e-04 -2.047768794000148773e-04
4.048551782034337521e-04 -7.587532997131347656e-01 6.513779759407043457e-01 -9.999997019767761230e-01 1.460006169509142637e-04 7.916040485724806786e-04
4.188026359770447016e-04 -8.207648992538452148e-01 5.712659358978271484e-01 -9.999997019767761230e-01 -7.412133272737264633e-04 -3.318233357276767492e-04
4.406996013130992651e-04 -8.743454217910766602e-01 4.853039681911468506e-01 -9.999997019767761230e-01 -4.778959919349290431e-05 8.219898445531725883e-04
4.471671127248555422e-04 -9.189555048942565918e-01 3.943610787391662598e-01 -9.999996423721313477e-01 -6.853346130810678005e-04 -4.630907787941396236e-04
4.456061869859695435e-04 -9.541418552398681641e-01 2.993547022342681885e-01 -9.999996423721313477e-01 -2.169001090805977583e-04 7.972235907800495625e-04
4.462264769244939089e-04 -9.795308709144592285e-01 2.012937813997268677e-01 -9.999996423721313477e-01 -5.771074211224913597e-04 -5.915147485211491585e-04
4.671842325478792191e-04 -9.948690533638000488e-01 1.011703982949256897e-01 -9.999996423721313477e-01 -3.944024501834064722e-04 7.393991691060364246e-04
-9.999997019767761230e-01 -4.028320545330643654e-04 -6.956970901228487492e-04 -4.028319672215729952e-04 9.999999403953552246e-01 -2.802491110287519405e-07
4.792459658347070217e-04 -9.948688745498657227e-01 -1.011716499924659729e-01 -9.999996423721313477e-01 -5.471731419675052166e-04 6.436558905988931656e-04
4.637390375137329102e-04 -9.795309305191040039e-01 -2.012931555509567261e-01 -9.999996423721313477e-01 -3.142387140542268753e-04 -7.746530463919043541e-04
4.634172364603728056e-04 -9.541421532630920410e-01 -2.993535995483398438e-01 -9.999996423721313477e-01 -6.504436605609953403e-04 5.251270486041903496e-04
4.278492997400462627e-04 -9.189552664756774902e-01 -3.943615555763244629e-01 -9.999997019767761230e-01 -1.187597590615041554e-04 -8.081779233179986477e-04
4.810453974641859531e-04 -8.743444085121154785e-01 -4.853057563304901123e-01 -9.999996423721313477e-01 -7.581249810755252838e-04 3.746446163859218359e-04
4.626053269021213055e-04 -8.207652568817138672e-01 -5.712655186653137207e-01 -9.999996423721313477e-01 1.778418663889169693e-05 -8.353416342288255692e-04
5.242628976702690125e-04 -7.587540745735168457e-01 -6.513770818710327148e-01 -9.999996423721313477e-01 -8.509545004926621914e-04 1.863782817963510752e-04
4.948875284753739834e-04 -6.889694929122924805e-01 -7.247902750968933105e-01 -9.999996423721313477e-01 1.631655322853475809e-04 -8.379024220630526543e-04
5.440913373604416847e-04 -6.121073961257934570e-01 -7.907744646072387695e-01 -9.999996423721313477e-01 -8.832738967612385750e-04 -4.340894520282745361e-06
5.147495539858937263e-04 -5.289608240127563477e-01 -8.486461043357849121e-01 -9.999996423721313477e-01 3.180921194143593311e-04 -8.048202726058661938e-04
5.567250773310661316e-04 -4.403941929340362549e-01 -8.978043198585510254e-01 -9.999995827674865723e-01 -8.697297889739274979e-04 -1.934729807544499636e-04
5.610435619018971920e-04 -3.473075628280639648e-01 -9.377511143684387207e-01 -9.999995827674865723e-01 4.575346538331359625e-04 -7.677394896745681763e-04
5.883606499992311001e-04 -2.506501972675323486e-01 -9.680775403976440430e-01 -9.999995827674865723e-01 -8.209913503378629684e-04 -3.951943363063037395e-04
5.995797691866755486e-04 -1.514271050691604614e-01 -9.884682893753051758e-01 -9.999995827674865723e-01 5.968182231299579144e-04 -6.980031612329185009e-04
6.098640733398497105e-04 -5.065004900097846985e-02 -9.987162947654724121e-01 -9.999995827674865723e-01 -7.256980170495808125e-04 -5.738438339903950691e-04
6.033218814991414547e-04 5.065005272626876831e-02 -9.987162947654724121e-01 -9.999995827674865723e-01 7.253666408360004425e-04 -5.673100240528583527e-04
6.109685054980218410e-04 1.514271050691604614e-01 -9.884682893753051758e-01 -9.999995827674865723e-01 -5.950936465524137020e-04 -7.092605810612440109e-04
5.946072633378207684e-04 2.506501972675323486e-01 -9.680775403976440430e-01 -9.999995827674865723e-01 8.225570782087743282e-04 -4.012415301986038685e-04
5.765022360719740391e-04 3.473056554794311523e-01 -9.377518296241760254e-01 -9.999996423721313477e-01 -4.521410446614027023e-04 -7.822252227924764156e-04
5.756800528615713120e-04 4.403918683528900146e-01 -8.978054523468017578e-01 -9.999995827674865723e-01 8.781087817624211311e-04 -2.104774757754057646e-04
5.561882280744612217e-04 5.289661288261413574e-01 -8.486427664756774902e-01 -9.999996423721313477e-01 -2.962400321848690510e-04 -8.400341612286865711e-04
5.518302205018699169e-04 6.121073961257934570e-01 -7.907745242118835449e-01 -9.999996423721313477e-01 8.878543740138411522e-04 -1.058168800227576867e-05
5.450011813081800938e-04 6.889665722846984863e-01 -7.247929573059082031e-01 -9.999996423721313477e-01 -1.287633203901350498e-04 -8.743389043956995010e-04
5.450334283523261547e-04 7.587569355964660645e-01 -6.513736844062805176e-01 -9.999996423721313477e-01 8.666735375300049782e-04 1.728061761241406202e-04
5.396821070462465286e-04 8.207625150680541992e-01 -5.712693333625793457e-01 -9.999996423721313477e-01 4.551140591502189636e-05 -8.793187444098293781e-04
5.249329260550439358e-04 8.743468523025512695e-01 -4.853012561798095703e-01 -9.999996423721313477e-01 7.965989643707871437e-04 3.535352007020264864e-04
5.077158566564321518e-04 9.189574122428894043e-01 -3.943565487861633301e-01 -9.999996423721313477e-01 1.922459632623940706e-04 -8.394683827646076679e-04
5.162198212929069996e-04 9.541387557983398438e-01 -2.993643283843994141e-01 -9.999996423721313477e-01 7.008305983617901802e-04 5.093124927952885628e-04
4.784750344697386026e-04 9.795309305191040039e-01 -2.012931406497955322e-01 -9.999996423721313477e-01 3.286412102170288563e-04 -7.777744322083890438e-04
3.735093341674655676e-04 -9.999999403953552246e-01 0.000000000000000000e+00 -9.999999403953552246e-01 -3.735093341674655676e-04 -0.000000000000000000e+00
3.882394521497189999e-04 -9.999999403953552246e-01 0.000000000000000000e+00 -9.999999403953552246e-01 -3.882394521497189999e-04 -0.000000000000000000e+00
4.469638806767761707e-04 -9.888319373130798340e-01 -1.490341275930404663e-01 -9.999999403953552246e-01 -4.419722536113113165e-04 -6.661288352916017175e-05
4.446773382369428873e-04 -9.888319373130798340e-01 -1.490341275930404663e-01 -9.999999403953552246e-01 -4.397112352307885885e-04 -6.627211405429989100e-05
4.730901273433119059e-04 -9.888318181037902832e-01 1.490347981452941895e-01 -9.999998807907104492e-01 -4.678066179621964693e-04 7.050689600873738527e-05
4.709542845375835896e-04 -9.888318181037902832e-01 1.490347981452941895e-01 -9.999998807907104492e-01 -4.656946402974426746e-04 7.018858013907447457e-05
4.548768338281661272e-04 -9.009676575660705566e-01 4.338860809803009033e-01 -9.999998807907104492e-01 -4.098293138667941093e-04 1.973647304112091660e-04
4.553040198516100645e-04 -9.009676575660705566e-01 -4.338860809803009033e-01 -9.999998807907104492e-01 -4.102141829207539558e-04 -1.975500781554728746e-04
4.525712865870445967e-04 -9.009676575660705566e-01 -4.338860809803009033e-01 -9.999998807907104492e-01 -4.077520861756056547e-04 -1.963643881026655436e-04
4.718554264400154352e-04 -7.330479621887207031e-01 -6.801767945289611816e-01 -9.999998807907104492e-01 -3.458926803432404995e-04 -3.209451388102024794e-04
4.699053533840924501e-04 -7.330479621887207031e-01 -6.801767945289611816e-01 -9.999998807907104492e-01 -3.444631875026971102e-04 -3.196187317371368408e-04
4.864319635089486837e-04 -5.000056624412536621e-01 -8.660219907760620117e-01 -9.999998807907104492e-01 -2.432187611702829599e-04 -4.212608328089118004e-04
4.840386100113391876e-04 -5.000056624412536621e-01 -8.660219907760620117e-01 -9.999998807907104492e-01 -2.420220698695629835e-04 -4.191881453152745962e-04
4.948715795762836933e-04 -2.225162535905838013e-01 -9.749288558959960938e-01 -9.999998807907104492e-01 -1.101169837056659162e-04 -4.824646457564085722e-04
4.932755255140364170e-04 -2.225162535905838013e-01 -9.749288558959960938e-01 -9.999998807907104492e-01 -1.097618369385600090e-04 -4.809086094610393047e-04
5.077935056760907173e-04 7.472859323024749756e-02 -9.972038269042968750e-01 -9.999998807907104492e-01 3.794669828494079411e-05 -5.063737044110894203e-04
5.056181689724326134e-04 7.472859323024749756e-02 -9.972038269042968750e-01 -9.999998807907104492e-01 3.778413883992470801e-05 -5.042044213041663170e-04
5.130673525854945183e-04 3.653395175933837891e-01 -9.308742284774780273e-01 -9.999998807907104492e-01 1.874437875812873244e-04 -4.776012501679360867e-04
5.121266585774719715e-04 3.653395175933837891e-01 -9.308742284774780273e-01 -9.999998807907104492e-01 1.871001149993389845e-04 -4.767255741171538830e-04
5.272766575217247009e-04 6.234930753707885742e-01 -7.818287014961242676e-01 -9.999998807907104492e-01 3.287533763796091080e-04 -4.122401005588471889e-04
5.270176916383206844e-04 6.234930753707885742e-01 -7.818287014961242676e-01 -9.999998807907104492e-01 3.285919083282351494e-04 -4.120376252103596926e-04
5.103331059217453003e-04 8.262379765510559082e-01 -5.633209943771362305e-01 -9.999998807907104492e-01 4.216566449031233788e-04 -2.874813799280673265e-04
5.075872177258133888e-04 8.262379765510559082e-01 -5.633209943771362305e-01 -9.999998807907104492e-01 4.193878849036991596e-04 -2.859345695469528437e-04
4.691841604653745890e-04 9.555711746215820312e-01 -2.947602272033691406e-01 -9.999999403953552246e-01 4.483388911467045546e-04 -1.382968330290168524e-04
4.697210679296404123e-04 9.555711746215820312e-01 -2.947602272033691406e-01 -9.999999403953552246e-01 4.488519334699958563e-04 -1.384550996590405703e-04
4.235762753523886204e-04 9.999999403953552246e-01 -0.000000000000000000e+00 -9.999999403953552246e-01 4.235762753523886204e-04 0.000000000000000000e+00
4.238088731653988361e-04 9.999999403953552246e-01 0.000000000000000000e+00 -9.999999403953552246e-01 4.238088731653988361e-04 0.000000000000000000e+00
3.816782555077224970e-04 9.555715918540954590e-01 2.947589159011840820e-01 -9.999999403953552246e-01 3.647209086921066046e-04 1.125030830735340714e-04
3.799403202719986439e-04 9.555715918540954590e-01 2.947589159011840820e-01 -9.999999403953552246e-01 3.630601859185844660e-04 1.119908047257922590e-04
3.486368223093450069e-04 8.262380957603454590e-01 5.633210539817810059e-01 -9.999999403953552246e-01 2.880569954868406057e-04 1.963944523595273495e-04
3.509687085170298815e-04 8.262380957603454590e-01 5.633210539817810059e-01 -9.999999403953552246e-01 2.899836981669068336e-04 1.977080391952767968e-04
3.231030423194169998e-04 6.234903931617736816e-01 7.818310260772705078e-01 -9.999999403953552246e-01 2.014516212511807680e-04 2.526119642425328493e-04
3.233868628740310669e-04 6.234903931617736816e-01 7.818310260772705078e-01 -9.999999403953552246e-01 2.016285870922729373e-04 2.528338518459349871e-04
3.199197235517203808e-04 3.653395175933837891e-01 9.308742880821228027e-01 -1.000000000000000000e+00 1.168793314718641341e-04 2.978050906676799059e-04
3.189322305843234062e-04 3.653395175933837891e-01 9.308742880821228027e-01 -1.000000000000000000e+00 1.165185676654800773e-04 2.968858752865344286e-04
3.317737428005784750e-04 7.472859323024749756e-02 9.972038865089416504e-01 -9.999999403953552246e-01 2.479298746038693935e-05 3.308460873086005449e-04
3.313845954835414886e-04 7.472859323024749756e-02 9.972038865089416504e-01 -9.999999403953552246e-01 2.476390727679245174e-05 3.304580168332904577e-04
3.639242786448448896e-04 -2.225162684917449951e-01 9.749289155006408691e-01 -9.999999403953552246e-01 -8.097907993942499161e-05 3.548003151081502438e-04
3.634780878201127052e-04 -2.225162684917449951e-01 9.749289155006408691e-01 -9.999999403953552246e-01 -8.087979222182184458e-05 3.543653292581439018e-04
4.010560805909335613e-04 -5.000056624412536621e-01 8.660220503807067871e-01 -9.999999403953552246e-01 -2.005303394980728626e-04 3.473234246484935284e-04
4.008571268059313297e-04 -5.000056624412536621e-01 8.660220503807067871e-01 -9.999999403953552246e-01 -2.004308626055717468e-04 3.471511299721896648e-04
4.285106842871755362e-04 -7.330480217933654785e-01 6.801768541336059570e-01 -9.999999403953552246e-01 -3.141189226880669594e-04 2.914630458690226078e-04
4.268283373676240444e-04 -7.330480217933654785e-01 6.801768541336059570e-01 -9.999999403953552246e-01 -3.128856769762933254e-04 2.903187705669552088e-04
4.573491751216351986e-04 -9.009676575660705566e-01 4.338860809803009033e-01 -9.999998807907104492e-01 -4.120568046346306801e-04 1.984374393941834569e-04
3.780063416343182325e-04 9.999999403953552246e-01 0.000000000000000000e+00 -9.999999403953552246e-01 3.780063416343182325e-04 -0.000000000000000000e+00
3.725438145920634270e-04 9.999999403953552246e-01 0.000000000000000000e+00 -9.999999403953552246e-01 3.725438145920634270e-04 -0.000000000000000000e+00
-0.000000000000000000e+00 -6.289479206316173077e-04 9.999998211860656738e-01 0.000000000000000000e+00 9.999998211860656738e-01 6.289479206316173077e-04
-0.000000000000000000e+00 -6.312213372439146042e-04 9.999998211860656738e-01 0.000000000000000000e+00 9.999998211860656738e-01 6.312213372439146042e-04
0.000000000000000000e+00 -6.302440888248383999e-04 9.999998211860656738e-01 0.000000000000000000e+00 9.999998211860656738e-01 6.302440888248383999e-04
0.000000000000000000e+00 -6.307488074526190758e-04 9.999998211860656738e-01 0.000000000000000000e+00 9.999998211860656738e-01 6.307488074526190758e-04
0.000000000000000000e+00 -6.301387329585850239e-04 9.999998211860656738e-01 0.000000000000000000e+00 9.999998211860656738e-01 6.301387329585850239e-04
0.000000000000000000e+00 -6.306039867922663689e-04 9.999998211860656738e-01 0.000000000000000000e+00 9.999998211860656738e-01 6.306039867922663689e-04
0.000000000000000000e+00 -6.305351853370666504e-04 9.999998211860656738e-01 0.000000000000000000e+00 9.999998211860656738e-01 6.305351853370666504e-04
0.000000000000000000e+00 -6.284710252657532692e-04 9.999998211860656738e-01 0.000000000000000000e+00 9.999998211860656738e-01 6.284710252657532692e-04
0.000000000000000000e+00 -6.280614179559051991e-04 9.999998211860656738e-01 0.000000000000000000e+00 9.999998211860656738e-01 6.280614179559051991e-04
0.000000000000000000e+00 -6.289684097282588482e-04 9.999998211860656738e-01 0.000000000000000000e+00 9.999998211860656738e-01 6.289684097282588482e-04
0.000000000000000000e+00 -6.288543227128684521e-04 9.999998211860656738e-01 0.000000000000000000e+00 9.999998211860656738e-01 6.288543227128684521e-04
0.000000000000000000e+00 -6.265750853344798088e-04 9.999998211860656738e-01 0.000000000000000000e+00 9.999998211860656738e-01 6.265750853344798088e-04
0.000000000000000000e+00 -6.254281615838408470e-04 9.999998211860656738e-01 0.000000000000000000e+00 9.999998211860656738e-01 6.254281615838408470e-04
0.000000000000000000e+00 -6.246908451430499554e-04 9.999998211860656738e-01 0.000000000000000000e+00 9.999998211860656738e-01 6.246908451430499554e-04
0.000000000000000000e+00 -6.242022500373423100e-04 9.999998211860656738e-01 0.000000000000000000e+00 9.999998211860656738e-01 6.242022500373423100e-04
0.000000000000000000e+00 -6.225125398486852646e-04 9.999998211860656738e-01 0.000000000000000000e+00 9.999998211860656738e-01 6.225125398486852646e-04
0.000000000000000000e+00 -6.226763944141566753e-04 9.999998211860656738e-01 0.000000000000000000e+00 9.999998211860656738e-01 6.226763944141566753e-04
0.000000000000000000e+00 -6.223121308721601963e-04 9.999998211860656738e-01 0.000000000000000000e+00 9.999998211860656738e-01 6.223121308721601963e-04
0.000000000000000000e+00 -6.226705736480653286e-04 9.999998211860656738e-01 0.000000000000000000e+00 9.999998211860656738e-01 6.226705736480653286e-04
0.000000000000000000e+00 -6.222111987881362438e-04 9.999998211860656738e-01 0.000000000000000000e+00 9.999998211860656738e-01 6.222111987881362438e-04
0.000000000000000000e+00 -6.216611363925039768e-04 9.999998211860656738e-01 0.000000000000000000e+00 9.999998211860656738e-01 6.216611363925039768e-04
0.000000000000000000e+00 -6.213905289769172668e-04 9.999998211860656738e-01 0.000000000000000000e+00 9.999998211860656738e-01 6.213905289769172668e-04
0.000000000000000000e+00 -6.233098683878779411e-04 9.999998211860656738e-01 0.000000000000000000e+00 9.999998211860656738e-01 6.233098683878779411e-04
0.000000000000000000e+00 -6.245284457691013813e-04 9.999998211860656738e-01 0.000000000000000000e+00 9.999998211860656738e-01 6.245284457691013813e-04
0.000000000000000000e+00 -6.216318579390645027e-04 9.999998211860656738e-01 0.000000000000000000e+00 9.999998211860656738e-01 6.216318579390645027e-04
0.000000000000000000e+00 -6.247757119126617908e-04 9.999998211860656738e-01 0.000000000000000000e+00 9.999998211860656738e-01 6.247757119126617908e-04
0.000000000000000000e+00 -6.241978262551128864e-04 9.999998211860656738e-01 0.000000000000000000e+00 9.999998211860656738e-01 6.241978262551128864e-04
0.000000000000000000e+00 -6.262693204917013645e-04 9.999998211860656738e-01 0.000000000000000000e+00 9.999998211860656738e-01 6.262693204917013645e-04
0.000000000000000000e+00 -6.240500952117145061e-04 9.999998211860656738e-01 0.000000000000000000e+00 9.999998211860656738e-01 6.240500952117145061e-04
0.000000000000000000e+00 -6.245665135793387890e-04 9.999998211860656738e-01 0.000000000000000000e+00 9.999998211860656738e-01 6.245665135793387890e-04
0.000000000000000000e+00 -6.250434089452028275e-04 9.999998211860656738e-01 0.000000000000000000e+00 9.999998211860656738e-01 6.250434089452028275e-04
0.000000000000000000e+00 -6.251619197428226471e-04 9.999998211860656738e-01 0.000000000000000000e+00 9.999998211860656738e-01 6.251619197428226471e-04
0.000000000000000000e+00 -6.227436824701726437e-04 9.999998211860656738e-01 0.000000000000000000e+00 9.999998211860656738e-01 6.227436824701726437e-04
0.000000000000000000e+00 -6.228636484593153000e-04 9.999998211860656738e-01 0.000000000000000000e+00 9.999998211860656738e-01 6.228636484593153000e-04
0.000000000000000000e+00 -6.213744054548442364e-04 9.999998211860656738e-01 0.000000000000000000e+00 9.999998211860656738e-01 6.213744054548442364e-04
0.000000000000000000e+00 -6.227144622243940830e-04 9.999998211860656738e-01 0.000000000000000000e+00 9.999998211860656738e-01 6.227144622243940830e-04
0.000000000000000000e+00 -6.221410003490746021e-04 9.999998211860656738e-01 0.000000000000000000e+00 9.999998211860656738e-01 6.221410003490746021e-04
0.000000000000000000e+00 -6.243690149858593941e-04 9.999998211860656738e-01 0.000000000000000000e+00 9.999998211860656738e-01 6.243690149858593941e-04
0.000000000000000000e+00 -6.247318233363330364e-04 9.999998211860656738e-01 0.000000000000000000e+00 9.999998211860656738e-01 6.247318233363330364e-04
0.000000000000000000e+00 -6.242373492568731308e-04 9.999998211860656738e-01 0.000000000000000000e+00 9.999998211860656738e-01 6.242373492568731308e-04
0.000000000000000000e+00 -6.240705843083560467e-04 9.999998211860656738e-01 0.000000000000000000e+00 9.999998211860656738e-01 6.240705843083560467e-04
0.000000000000000000e+00 -6.263453979045152664e-04 9.999998211860656738e-01 0.000000000000000000e+00 9.999998211860656738e-01 6.263453979045152664e-04
0.000000000000000000e+00 -6.257119821384549141e-04 9.999998211860656738e-01 0.000000000000000000e+00 9.999998211860656738e-01 6.257119821384549141e-04
0.000000000000000000e+00 -6.265604752115905285e-04 9.999998211860656738e-01 0.000000000000000000e+00 9.999998211860656738e-01 6.265604752115905285e-04
0.000000000000000000e+00 -6.259504007175564766e-04 9.999998211860656738e-01 0.000000000000000000e+00 9.999998211860656738e-01 6.259504007175564766e-04
0.000000000000000000e+00 -6.265824194997549057e-04 9.999998211860656738e-01 0.000000000000000000e+00 9.999998211860656738e-01 6.265824194997549057e-04
0.000000000000000000e+00 -6.254501058720052242e-04 9.999998211860656738e-01 0.000000000000000000e+00 9.999998211860656738e-01 6.254501058720052242e-04
0.000000000000000000e+00 -6.253579631447792053e-04 9.999998211860656738e-01 0.000000000000000000e+00 9.999998211860656738e-01 6.253579631447792053e-04
0.000000000000000000e+00 -6.253213505260646343e-04 9.999998211860656738e-01 0.000000000000000000e+00 9.999998211860656738e-01 6.253213505260646343e-04
-0.000000000000000000e+00 -6.269876030273735523e-04 9.999998211860656738e-01 0.000000000000000000e+00 9.999998211860656738e-01 6.269876030273735523e-04
-0.000000000000000000e+00 -6.294731283560395241e-04 9.999998211860656738e-01 0.000000000000000000e+00 9.999998211860656738e-01 6.294731283560395241e-04
-0.000000000000000000e+00 -6.278478540480136871e-04 9.999998211860656738e-01 0.000000000000000000e+00 9.999998211860656738e-01 6.278478540480136871e-04
-0.000000000000000000e+00 -6.298973457887768745e-04 9.999998211860656738e-01 0.000000000000000000e+00 9.999998211860656738e-01 6.298973457887768745e-04
-0.000000000000000000e+00 -6.289859884418547153e-04 9.999998211860656738e-01 0.000000000000000000e+00 9.999998211860656738e-01 6.289859884418547153e-04
-0.000000000000000000e+00 -6.298388470895588398e-04 9.999998211860656738e-01 0.000000000000000000e+00 9.999998211860656738e-01 6.298388470895588398e-04
-0.000000000000000000e+00 -6.284227711148560047e-04 9.999998211860656738e-01 0.000000000000000000e+00 9.999998211860656738e-01 6.284227711148560047e-04
-0.000000000000000000e+00 -6.292873295024037361e-04 9.999998211860656738e-01 0.000000000000000000e+00 9.999998211860656738e-01 6.292873295024037361e-04
-0.000000000000000000e+00 -6.291615427471697330e-04 9.999998211860656738e-01 0.000000000000000000e+00 9.999998211860656738e-01 6.291615427471697330e-04
-0.000000000000000000e+00 -6.291527533903717995e-04 9.999998211860656738e-01 0.000000000000000000e+00 9.999998211860656738e-01 6.291527533903717995e-04
-0.000000000000000000e+00 -6.294321501627564430e-04 9.999998211860656738e-01 0.000000000000000000e+00 9.999998211860656738e-01 6.294321501627564430e-04
-0.000000000000000000e+00 -6.289728335104882717e-04 9.999998211860656738e-01 0.000000000000000000e+00 9.999998211860656738e-01 6.289728335104882717e-04
-0.000000000000000000e+00 -6.297233048826456070e-04 9.999998211860656738e-01 0.000000000000000000e+00 9.999998211860656738e-01 6.297233048826456070e-04
-0.000000000000000000e+00 -6.286305142566561699e-04 9.999998211860656738e-01 0.000000000000000000e+00 9.999998211860656738e-01 6.286305142566561699e-04
-0.000000000000000000e+00 -6.291600875556468964e-04 9.999998211860656738e-01 0.000000000000000000e+00 9.999998211860656738e-01 6.291600875556468964e-04
-0.000000000000000000e+00 -6.288001895882189274e-04 9.999998211860656738e-01 0.000000000000000000e+00 9.999998211860656738e-01 6.288001895882189274e-04
-0.000000000000000000e+00 -6.296574720181524754e-04 9.999998211860656738e-01 0.000000000000000000e+00 9.999998211860656738e-01 6.296574720181524754e-04
-0.000000000000000000e+00 -6.281389505602419376e-04 9.999998211860656738e-01 0.000000000000000000e+00 9.999998211860656738e-01 6.281389505602419376e-04
0.000000000000000000e+00 -6.292405305430293083e-04 9.999998211860656738e-01 0.000000000000000000e+00 9.999998211860656738e-01 6.292405305430293083e-04
-0.000000000000000000e+00 -6.304254638962447643e-04 9.999998211860656738e-01 0.000000000000000000e+00 9.999998211860656738e-01 6.304254638962447643e-04
-0.000000000000000000e+00 -6.297774380072951317e-04 9.999998211860656738e-01 0.000000000000000000e+00 9.999998211860656738e-01 6.297774380072951317e-04
-0.000000000000000000e+00 -6.298213265836238861e-04 9.999998211860656738e-01 0.000000000000000000e+00 9.999998211860656738e-01 6.298213265836238861e-04
-0.000000000000000000e+00 -6.303142872639000416e-04 9.999998211860656738e-01 0.000000000000000000e+00 9.999998211860656738e-01 6.303142872639000416e-04
-0.000000000000000000e+00 -6.305381539277732372e-04 9.999998211860656738e-01 0.000000000000000000e+00 9.999998211860656738e-01 6.305381539277732372e-04
0.000000000000000000e+00 -6.312725017778575420e-04 9.999998211860656738e-01 0.000000000000000000e+00 9.999998211860656738e-01 6.312725017778575420e-04
-0.000000000000000000e+00 -6.311116158030927181e-04 9.999998211860656738e-01 0.000000000000000000e+00 9.999998211860656738e-01 6.311116158030927181e-04
0.000000000000000000e+00 -6.305878632701933384e-04 9.999998211860656738e-01 0.000000000000000000e+00 9.999998211860656738e-01 6.305878632701933384e-04
-0.000000000000000000e+00 -6.306229624897241592e-04 9.999998211860656738e-01 0.000000000000000000e+00 9.999998211860656738e-01 6.306229624897241592e-04
0.000000000000000000e+00 -6.304781418293714523e-04 9.999998211860656738e-01 0.000000000000000000e+00 9.999998211860656738e-01 6.304781418293714523e-04
-0.000000000000000000e+00 -6.308936281129717827e-04 9.999998211860656738e-01 0.000000000000000000e+00 9.999998211860656738e-01 6.308936281129717827e-04
0.000000000000000000e+00 -6.299105589278042316e-04 9.999998211860656738e-01 0.000000000000000000e+00 9.999998211860656738e-01 6.299105589278042316e-04
-0.000000000000000000e+00 -6.312227924354374409e-04 9.999998211860656738e-01 0.000000000000000000e+00 9.999998211860656738e-01 6.312227924354374409e-04
0.000000000000000000e+00 -6.291966419667005539e-04 9.999998211860656738e-01 0.000000000000000000e+00 9.999998211860656738e-01 6.291966419667005539e-04
-0.000000000000000000e+00 -6.299427477642893791e-04 9.999998211860656738e-01 0.000000000000000000e+00 9.999998211860656738e-01 6.299427477642893791e-04
-0.000000000000000000e+00 -6.319571402855217457e-04 9.999998211860656738e-01 0.000000000000000000e+00 9.999998211860656738e-01 6.319571402855217457e-04
-0.000000000000000000e+00 -6.317728548310697079e-04 9.999998211860656738e-01 0.000000000000000000e+00 9.999998211860656738e-01 6.317728548310697079e-04
-0.000000000000000000e+00 -6.319498643279075623e-04 9.999998211860656738e-01 0.000000000000000000e+00 9.999998211860656738e-01 6.319498643279075623e-04
-0.000000000000000000e+00 -6.316791987046599388e-04 9.999998211860656738e-01 0.000000000000000000e+00 9.999998211860656738e-01 6.316791987046599388e-04
-0.000000000000000000e+00 -6.317011429928243160e-04 9.999998211860656738e-01 0.000000000000000000e+00 9.999998211860656738e-01 6.317011429928243160e-04
-0.000000000000000000e+00 -6.315519567579030991e-04 9.999998211860656738e-01 0.000000000000000000e+00 9.999998211860656738e-01 6.315519567579030991e-04
-0.000000000000000000e+00 -6.319513195194303989e-04 9.999998211860656738e-01 0.000000000000000000e+00 9.999998211860656738e-01 6.319513195194303989e-04
0.000000000000000000e+00 -6.322116823866963387e-04 9.999998211860656738e-01 0.000000000000000000e+00 9.999998211860656738e-01 6.322116823866963387e-04
0.000000000000000000e+00 -6.324940477497875690e-04 9.999998211860656738e-01 0.000000000000000000e+00 9.999998211860656738e-01 6.324940477497875690e-04
-0.000000000000000000e+00 -6.326096481643617153e-04 9.999998211860656738e-01 0.000000000000000000e+00 9.999998211860656738e-01 6.326096481643617153e-04
0.000000000000000000e+00 -6.331216427497565746e-04 9.999998211860656738e-01 0.000000000000000000e+00 9.999998211860656738e-01 6.331216427497565746e-04
0.000000000000000000e+00 -6.328495219349861145e-04 9.999998211860656738e-01 0.000000000000000000e+00 9.999998211860656738e-01 6.328495219349861145e-04
-0.000000000000000000e+00 -6.333747296594083309e-04 9.999998211860656738e-01 0.000000000000000000e+00 9.999998211860656738e-01 6.333747296594083309e-04
0.000000000000000000e+00 -6.339262472465634346e-04 9.999998211860656738e-01 0.000000000000000000e+00 9.999998211860656738e-01 6.339262472465634346e-04
0.000000000000000000e+00 -6.338019156828522682e-04 9.999998211860656738e-01 0.000000000000000000e+00 9.999998211860656738e-01 6.338019156828522682e-04
-0.000000000000000000e+00 -6.330762989819049835e-04 9.999998211860656738e-01 0.000000000000000000e+00 9.999998211860656738e-01 6.330762989819049835e-04
0.000000000000000000e+00 -6.338692037388682365e-04 9.999998211860656738e-01 0.000000000000000000e+00 9.999998211860656738e-01 6.338692037388682365e-04
0.000000000000000000e+00 -6.332065095193684101e-04 9.999998211860656738e-01 0.000000000000000000e+00 9.999998211860656738e-01 6.332065095193684101e-04
-0.000000000000000000e+00 -6.199700292199850082e-04 9.999998211860656738e-01 0.000000000000000000e+00 9.999998211860656738e-01 6.199700292199850082e-04
0.000000000000000000e+00 -6.199114723131060600e-04 9.999998211860656738e-01 0.000000000000000000e+00 9.999998211860656738e-01 6.199114723131060600e-04
-0.000000000000000000e+00 -6.205581012181937695e-04 9.999998211860656738e-01 0.000000000000000000e+00 9.999998211860656738e-01 6.205581012181937695e-04
-0.000000000000000000e+00 -6.206034449860453606e-04 9.999998211860656738e-01 0.000000000000000000e+00 9.999998211860656738e-01 6.206034449860453606e-04
0.000000000000000000e+00 -6.208609556779265404e-04 9.999998211860656738e-01 0.000000000000000000e+00 9.999998211860656738e-01 6.208609556779265404e-04
-0.000000000000000000e+00 -6.211739964783191681e-04 9.999998211860656738e-01 0.000000000000000000e+00 9.999998211860656738e-01 6.211739964783191681e-04
0.000000000000000000e+00 -6.209516432136297226e-04 9.999998211860656738e-01 0.000000000000000000e+00 9.999998211860656738e-01 6.209516432136297226e-04
-0.000000000000000000e+00 -6.212983280420303345e-04 9.999998211860656738e-01 0.000000000000000000e+00 9.999998211860656738e-01 6.212983280420303345e-04
-0.000000000000000000e+00 -6.215368048287928104e-04 9.999998211860656738e-01 0.000000000000000000e+00 9.999998211860656738e-01 6.215368048287928104e-04
0.000000000000000000e+00 -6.217269692569971085e-04 9.999998211860656738e-01 0.000000000000000000e+00 9.999998211860656738e-01 6.217269692569971085e-04
-0.000000000000000000e+00 -6.217577029019594193e-04 9.999998211860656738e-01 0.000000000000000000e+00 9.999998211860656738e-01 6.217577029019594193e-04
-0.000000000000000000e+00 -6.225359975360333920e-04 9.999998211860656738e-01 0.000000000000000000e+00 9.999998211860656738e-01 6.225359975360333920e-04
0.000000000000000000e+00 -6.244948017410933971e-04 9.999998211860656738e-01 0.000000000000000000e+00 9.999998211860656738e-01 6.244948017410933971e-04
0.000000000000000000e+00 -6.207775440998375416e-04 9.999998211860656738e-01 0.000000000000000000e+00 9.999998211860656738e-01 6.207775440998375416e-04
0.000000000000000000e+00 -6.212237058207392693e-04 9.999998211860656738e-01 0.000000000000000000e+00 9.999998211860656738e-01 6.212237058207392693e-04
0.000000000000000000e+00 -6.241159280762076378e-04 9.999998211860656738e-01 0.000000000000000000e+00 9.999998211860656738e-01 6.241159280762076378e-04
-0.000000000000000000e+00 -6.271587917581200600e-04 9.999998211860656738e-01 0.000000000000000000e+00 9.999998211860656738e-01 6.271587917581200600e-04
-0.000000000000000000e+00 -6.339877145364880562e-04 9.999998211860656738e-01 0.000000000000000000e+00 9.999998211860656738e-01 6.339877145364880562e-04
0.000000000000000000e+00 -6.348566384986042976e-04 9.999998211860656738e-01 0.000000000000000000e+00 9.999998211860656738e-01 6.348566384986042976e-04
0.000000000000000000e+00 -6.351638585329055786e-04 9.999998211860656738e-01 0.000000000000000000e+00 9.999998211860656738e-01 6.351638585329055786e-04
0.000000000000000000e+00 -6.342422566376626492e-04 9.999998211860656738e-01 0.000000000000000000e+00 9.999998211860656738e-01 6.342422566376626492e-04
0.000000000000000000e+00 -6.341588450595736504e-04 9.999998211860656738e-01 0.000000000000000000e+00 9.999998211860656738e-01 6.341588450595736504e-04
0.000000000000000000e+00 -6.356700323522090912e-04 9.999998211860656738e-01 0.000000000000000000e+00 9.999998211860656738e-01 6.356700323522090912e-04
-0.000000000000000000e+00 -6.353277130983769894e-04 9.999998211860656738e-01 0.000000000000000000e+00 9.999998211860656738e-01 6.353277130983769894e-04
-0.000000000000000000e+00 -6.348025635816156864e-04 9.999998211860656738e-01 0.000000000000000000e+00 9.999998211860656738e-01 6.348025635816156864e-04
-0.000000000000000000e+00 -6.342246779240667820e-04 9.999998211860656738e-01 0.000000000000000000e+00 9.999998211860656738e-01 6.342246779240667820e-04
-0.000000000000000000e+00 -6.339467363432049751e-04 9.999998211860656738e-01 0.000000000000000000e+00 9.999998211860656738e-01 6.339467363432049751e-04
-0.000000000000000000e+00 -6.338150706142187119e-04 9.999998211860656738e-01 0.000000000000000000e+00 9.999998211860656738e-01 6.338150706142187119e-04
-0.000000000000000000e+00 -6.332942866720259190e-04 9.999998211860656738e-01 0.000000000000000000e+00 9.999998211860656738e-01 6.332942866720259190e-04
0.000000000000000000e+00 -6.330075557343661785e-04 9.999998211860656738e-01 0.000000000000000000e+00 9.999998211860656738e-01 6.330075557343661785e-04
0.000000000000000000e+00 -6.328115123324096203e-04 9.999998211860656738e-01 0.000000000000000000e+00 9.999998211860656738e-01 6.328115123324096203e-04
-0.000000000000000000e+00 -6.327339797280728817e-04 9.999998211860656738e-01 0.000000000000000000e+00 9.999998211860656738e-01 6.327339797280728817e-04
0.000000000000000000e+00 -6.318079540506005287e-04 9.999998211860656738e-01 0.000000000000000000e+00 9.999998211860656738e-01 6.318079540506005287e-04
0.000000000000000000e+00 -6.318050436675548553e-04 9.999998211860656738e-01 0.000000000000000000e+00 9.999998211860656738e-01 6.318050436675548553e-04
-0.000000000000000000e+00 -6.318840314634144306e-04 9.999998211860656738e-01 0.000000000000000000e+00 9.999998211860656738e-01 6.318840314634144306e-04
0.000000000000000000e+00 -6.319322856143116951e-04 9.999998211860656738e-01 0.000000000000000000e+00 9.999998211860656738e-01 6.319322856143116951e-04
-0.000000000000000000e+00 -6.304181879386305809e-04 9.999998211860656738e-01 0.000000000000000000e+00 9.999998211860656738e-01 6.304181879386305809e-04
-0.000000000000000000e+00 -6.327017908915877342e-04 9.999998211860656738e-01 0.000000000000000000e+00 9.999998211860656738e-01 6.327017908915877342e-04
-0.000000000000000000e+00 -6.327427690848708153e-04 9.999998211860656738e-01 0.000000000000000000e+00 9.999998211860656738e-01 6.327427690848708153e-04
0.000000000000000000e+00 -6.322804838418960571e-04 9.999998211860656738e-01 0.000000000000000000e+00 9.999998211860656738e-01 6.322804838418960571e-04
0.000000000000000000e+00 -6.319249514490365982e-04 9.999998211860656738e-01 0.000000000000000000e+00 9.999998211860656738e-01 6.319249514490365982e-04
0.000000000000000000e+00 -6.324165151454508305e-04 9.999998211860656738e-01 0.000000000000000000e+00 9.999998211860656738e-01 6.324165151454508305e-04
0.000000000000000000e+00 -6.313442136161029339e-04 9.999998211860656738e-01 0.000000000000000000e+00 9.999998211860656738e-01 6.313442136161029339e-04
0.000000000000000000e+00 -6.315753562375903130e-04 9.999998211860656738e-01 0.000000000000000000e+00 9.999998211860656738e-01 6.315753562375903130e-04
0.000000000000000000e+00 -6.317772204056382179e-04 9.999998211860656738e-01 0.000000000000000000e+00 9.999998211860656738e-01 6.317772204056382179e-04
0.000000000000000000e+00 -6.302177789621055126e-04 9.999998211860656738e-01 0.000000000000000000e+00 9.999998211860656738e-01 6.302177789621055126e-04
0.000000000000000000e+00 -6.298769148997962475e-04 9.999998211860656738e-01 0.000000000000000000e+00 9.999998211860656738e-01 6.298769148997962475e-04
0.000000000000000000e+00 -6.291454192250967026e-04 9.999998211860656738e-01 0.000000000000000000e+00 9.999998211860656738e-01 6.291454192250967026e-04
0.000000000000000000e+00 -6.284154369495809078e-04 9.999998211860656738e-01 0.000000000000000000e+00 9.999998211860656738e-01 6.284154369495809078e-04
0.000000000000000000e+00 -6.266994168981909752e-04 9.999998211860656738e-01 0.000000000000000000e+00 9.999998211860656738e-01 6.266994168981909752e-04
0.000000000000000000e+00 -6.267199059948325157e-04 9.999998211860656738e-01 0.000000000000000000e+00 9.999998211860656738e-01 6.267199059948325157e-04
0.000000000000000000e+00 -6.257222266867756844e-04 9.999998211860656738e-01 0.000000000000000000e+00 9.999998211860656738e-01 6.257222266867756844e-04
0.000000000000000000e+00 -6.256051710806787014e-04 9.999998211860656738e-01 0.000000000000000000e+00 9.999998211860656738e-01 6.256051710806787014e-04
0.000000000000000000e+00 -6.256183260120451450e-04 9.999998211860656738e-01 0.000000000000000000e+00 9.999998211860656738e-01 6.256183260120451450e-04
0.000000000000000000e+00 -6.250097649171948433e-04 9.999998211860656738e-01 0.000000000000000000e+00 9.999998211860656738e-01 6.250097649171948433e-04
0.000000000000000000e+00 -6.253682076930999756e-04 9.999998211860656738e-01 0.000000000000000000e+00 9.999998211860656738e-01 6.253682076930999756e-04
0.000000000000000000e+00 -6.249395664781332016e-04 9.999998211860656738e-01 0.000000000000000000e+00 9.999998211860656738e-01 6.249395664781332016e-04
0.000000000000000000e+00 -6.248298450373113155e-04 9.999998211860656738e-01 0.000000000000000000e+00 9.999998211860656738e-01 6.248298450373113155e-04
0.000000000000000000e+00 -6.242066156119108200e-04 9.999998211860656738e-01 0.000000000000000000e+00 9.999998211860656738e-01 6.242066156119108200e-04
-0.000000000000000000e+00 -4.367849614936858416e-04 -9.999999403953552246e-01 0.000000000000000000e+00 9.999999403953552246e-01 -4.367849614936858416e-04
-0.000000000000000000e+00 -4.391753755044192076e-04 -9.999999403953552246e-01 0.000000000000000000e+00 9.999999403953552246e-01 -4.391753755044192076e-04
0.000000000000000000e+00 -4.390656540635973215e-04 -9.999999403953552246e-01 0.000000000000000000e+00 9.999999403953552246e-01 -4.390656540635973215e-04
0.000000000000000000e+00 -4.392894625198096037e-04 -9.999999403953552246e-01 0.000000000000000000e+00 9.999999403953552246e-01 -4.392894625198096037e-04
0.000000000000000000e+00 -4.399916797410696745e-04 -9.999999403953552246e-01 0.000000000000000000e+00 9.999999403953552246e-01 -4.399916797410696745e-04
0.000000000000000000e+00 -4.403456987347453833e-04 -9.999999403953552246e-01 0.000000000000000000e+00 9.999999403953552246e-01 -4.403456987347453833e-04
0.000000000000000000e+00 -4.411108093336224556e-04 -9.999999403953552246e-01 0.000000000000000000e+00 9.999999403953552246e-01 -4.411108093336224556e-04
0.000000000000000000e+00 -4.394518618937581778e-04 -9.999999403953552246e-01 0.000000000000000000e+00 9.999999403953552246e-01 -4.394518618937581778e-04
0.000000000000000000e+00 -4.389310488477349281e-04 -9.999999403953552246e-01 0.000000000000000000e+00 9.999999403953552246e-01 -4.389310488477349281e-04
0.000000000000000000e+00 -4.381527833174914122e-04 -9.999999403953552246e-01 0.000000000000000000e+00 9.999999403953552246e-01 -4.381527833174914122e-04
0.000000000000000000e+00 -4.376758588477969170e-04 -9.999999403953552246e-01 0.000000000000000000e+00 9.999999403953552246e-01 -4.376758588477969170e-04
0.000000000000000000e+00 -4.345057241152971983e-04 -9.999999403953552246e-01 0.000000000000000000e+00 9.999999403953552246e-01 -4.345057241152971983e-04
0.000000000000000000e+00 -4.362246545497328043e-04 -9.999999403953552246e-01 0.000000000000000000e+00 9.999999403953552246e-01 -4.362246545497328043e-04
0.000000000000000000e+00 -4.339761508163064718e-04 -9.999999403953552246e-01 0.000000000000000000e+00 9.999999403953552246e-01 -4.339761508163064718e-04
0.000000000000000000e+00 -4.355678102001547813e-04 -9.999999403953552246e-01 0.000000000000000000e+00 9.999999403953552246e-01 -4.355678102001547813e-04
0.000000000000000000e+00 -4.339469014666974545e-04 -9.999999403953552246e-01 0.000000000000000000e+00 9.999999403953552246e-01 -4.339469014666974545e-04
0.000000000000000000e+00 -4.337069694884121418e-04 -9.999999403953552246e-01 0.000000000000000000e+00 9.999999403953552246e-01 -4.337069694884121418e-04
0.000000000000000000e+00 -4.329696530476212502e-04 -9.999999403953552246e-01 0.000000000000000000e+00 9.999999403953552246e-01 -4.329696530476212502e-04
0.000000000000000000e+00 -4.327546048443764448e-04 -9.999999403953552246e-01 0.000000000000000000e+00 9.999999403953552246e-01 -4.327546048443764448e-04
0.000000000000000000e+00 -4.329652874730527401e-04 -9.999999403953552246e-01 0.000000000000000000e+00 9.999999403953552246e-01 -4.329652874730527401e-04
0.000000000000000000e+00 -4.315769765526056290e-04 -9.999999403953552246e-01 0.000000000000000000e+00 9.999999403953552246e-01 -4.315769765526056290e-04
0.000000000000000000e+00 -4.329681978560984135e-04 -9.999999403953552246e-01 0.000000000000000000e+00 9.999999403953552246e-01 -4.329681978560984135e-04
0.000000000000000000e+00 -4.316998529247939587e-04 -9.999999403953552246e-01 0.000000000000000000e+00 9.999999403953552246e-01 -4.316998529247939587e-04
0.000000000000000000e+00 -4.328219220042228699e-04 -9.999999403953552246e-01 0.000000000000000000e+00 9.999999403953552246e-01 -4.328219220042228699e-04
0.000000000000000000e+00 -4.327721835579723120e-04 -9.999999403953552246e-01 0.000000000000000000e+00 9.999999403953552246e-01 -4.327721835579723120e-04
0.000000000000000000e+00 -4.344720800872892141e-04 -9.999999403953552246e-01 0.000000000000000000e+00 9.999999403953552246e-01 -4.344720800872892141e-04
0.000000000000000000e+00 -4.333631950430572033e-04 -9.999999403953552246e-01 0.000000000000000000e+00 9.999999403953552246e-01 -4.333631950430572033e-04
0.000000000000000000e+00 -4.342804313637316227e-04 -9.999999403953552246e-01 0.000000000000000000e+00 9.999999403953552246e-01 -4.342804313637316227e-04
0.000000000000000000e+00 -4.361032333690673113e-04 -9.999999403953552246e-01 0.000000000000000000e+00 9.999999403953552246e-01 -4.361032333690673113e-04
0.000000000000000000e+00 -4.356029094196856022e-04 -9.999999403953552246e-01 0.000000000000000000e+00 9.999999403953552246e-01 -4.356029094196856022e-04
0.000000000000000000e+00 -4.351801471784710884e-04 -9.999999403953552246e-01 0.000000000000000000e+00 9.999999403953552246e-01 -4.351801471784710884e-04
0.000000000000000000e+00 -4.348626825958490372e-04 -9.999999403953552246e-01 0.000000000000000000e+00 9.999999403953552246e-01 -4.348626825958490372e-04
0.000000000000000000e+00 -4.360198508948087692e-04 -9.999999403953552246e-01 0.000000000000000000e+00 9.999999403953552246e-01 -4.360198508948087692e-04
0.000000000000000000e+00 -4.366328066680580378e-04 -9.999999403953552246e-01 0.000000000000000000e+00 9.999999403953552246e-01 -4.366328066680580378e-04
0.000000000000000000e+00 -4.368054214864969254e-04 -9.999999403953552246e-01 0.000000000000000000e+00 9.999999403953552246e-01 -4.368054214864969254e-04
0.000000000000000000e+00 -4.370570532046258450e-04 -9.999999403953552246e-01 0.000000000000000000e+00 9.999999403953552246e-01 -4.370570532046258450e-04
0.000000000000000000e+00 -4.368771333247423172e-04 -9.999999403953552246e-01 0.000000000000000000e+00 9.999999403953552246e-01 -4.368771333247423172e-04
0.000000000000000000e+00 -4.381600883789360523e-04 -9.999999403953552246e-01 0.000000000000000000e+00 9.999999403953552246e-01 -4.381600883789360523e-04
0.000000000000000000e+00 -4.385199863463640213e-04 -9.999999403953552246e-01 0.000000000000000000e+00 9.999999403953552246e-01 -4.385199863463640213e-04
0.000000000000000000e+00 -4.403179045766592026e-04 -9.999999403953552246e-01 0.000000000000000000e+00 9.999999403953552246e-01 -4.403179045766592026e-04
0.000000000000000000e+00 -4.421860503498464823e-04 -9.999999403953552246e-01 0.000000000000000000e+00 9.999999403953552246e-01 -4.421860503498464823e-04
0.000000000000000000e+00 -4.410113324411213398e-04 -9.999999403953552246e-01 0.000000000000000000e+00 9.999999403953552246e-01 -4.410113324411213398e-04
0.000000000000000000e+00 -4.420821787789463997e-04 -9.999999403953552246e-01 0.000000000000000000e+00 9.999999403953552246e-01 -4.420821787789463997e-04
0.000000000000000000e+00 -4.410405817907303572e-04 -9.999999403953552246e-01 0.000000000000000000e+00 9.999999403953552246e-01 -4.410405817907303572e-04
0.000000000000000000e+00 -4.389120440464466810e-04 -9.999999403953552246e-01 0.000000000000000000e+00 9.999999403953552246e-01 -4.389120440464466810e-04
0.000000000000000000e+00 -4.390159156173467636e-04 -9.999999403953552246e-01 0.000000000000000000e+00 9.999999403953552246e-01 -4.390159156173467636e-04
0.000000000000000000e+00 -4.373979172669351101e-04 -9.999999403953552246e-01 0.000000000000000000e+00 9.999999403953552246e-01 -4.373979172669351101e-04
0.000000000000000000e+00 -4.383019986562430859e-04 -9.999999403953552246e-01 0.000000000000000000e+00 9.999999403953552246e-01 -4.383019986562430859e-04
0.000000000000000000e+00 -4.378806916065514088e-04 -9.999999403953552246e-01 0.000000000000000000e+00 9.999999403953552246e-01 -4.378806916065514088e-04
-0.000000000000000000e+00 -4.380401514936238527e-04 -9.999999403953552246e-01 0.000000000000000000e+00 9.999999403953552246e-01 -4.380401514936238527e-04
-0.000000000000000000e+00 -4.366415960248559713e-04 -9.999999403953552246e-01 0.000000000000000000e+00 9.999999403953552246e-01 -4.366415960248559713e-04
-0.000000000000000000e+00 -4.384395142551511526e-04 -9.999999403953552246e-01 0.000000000000000000e+00 9.999999403953552246e-01 -4.384395142551511526e-04
-0.000000000000000000e+00 -4.374491109047085047e-04 -9.999999403953552246e-01 0.000000000000000000e+00 9.999999403953552246e-01 -4.374491109047085047e-04
-0.000000000000000000e+00 -4.375354328658431768e-04 -9.999999403953552246e-01 0.000000000000000000e+00 9.999999403953552246e-01 -4.375354328658431768e-04
-0.000000000000000000e+00 -4.376948927529156208e-04 -9.999999403953552246e-01 0.000000000000000000e+00 9.999999403953552246e-01 -4.376948927529156208e-04
-0.000000000000000000e+00 -4.364865308161824942e-04 -9.999999403953552246e-01 0.000000000000000000e+00 9.999999403953552246e-01 -4.364865308161824942e-04
-0.000000000000000000e+00 -4.368639492895454168e-04 -9.999999403953552246e-01 0.000000000000000000e+00 9.999999403953552246e-01 -4.368639492895454168e-04
-0.000000000000000000e+00 -4.359350132290273905e-04 -9.999999403953552246e-01 0.000000000000000000e+00 9.999999403953552246e-01 -4.359350132290273905e-04
-0.000000000000000000e+00 -4.353249678388237953e-04 -9.999999403953552246e-01 0.000000000000000000e+00 9.999999403953552246e-01 -4.353249678388237953e-04
-0.000000000000000000e+00 -4.334655823186039925e-04 -9.999999403953552246e-01 0.000000000000000000e+00 9.999999403953552246e-01 -4.334655823186039925e-04
-0.000000000000000000e+00 -4.322543099988251925e-04 -9.999999403953552246e-01 0.000000000000000000e+00 9.999999403953552246e-01 -4.322543099988251925e-04
-0.000000000000000000e+00 -4.317217972129583359e-04 -9.999999403953552246e-01 0.000000000000000000e+00 9.999999403953552246e-01 -4.317217972129583359e-04
-0.000000000000000000e+00 -4.315637925174087286e-04 -9.999999403953552246e-01 0.000000000000000000e+00 9.999999403953552246e-01 -4.315637925174087286e-04
-0.000000000000000000e+00 -4.317320417612791061e-04 -9.999999403953552246e-01 0.000000000000000000e+00 9.999999403953552246e-01 -4.317320417612791061e-04
-0.000000000000000000e+00 -4.315652768127620220e-04 -9.999999403953552246e-01 0.000000000000000000e+00 9.999999403953552246e-01 -4.315652768127620220e-04
-0.000000000000000000e+00 -4.306597111281007528e-04 -9.999999403953552246e-01 0.000000000000000000e+00 9.999999403953552246e-01 -4.306597111281007528e-04
-0.000000000000000000e+00 -4.298200074117630720e-04 -9.999999403953552246e-01 0.000000000000000000e+00 9.999999403953552246e-01 -4.298200074117630720e-04
0.000000000000000000e+00 -4.308308707550168037e-04 -9.999999403953552246e-01 0.000000000000000000e+00 9.999999403953552246e-01 -4.308308707550168037e-04
-0.000000000000000000e+00 -4.319061117712408304e-04 -9.999999403953552246e-01 0.000000000000000000e+00 9.999999403953552246e-01 -4.319061117712408304e-04
-0.000000000000000000e+00 -4.317773855291306973e-04 -9.999999403953552246e-01 0.000000000000000000e+00 9.999999403953552246e-01 -4.317773855291306973e-04
-0.000000000000000000e+00 -4.302881425246596336e-04 -9.999999403953552246e-01 0.000000000000000000e+00 9.999999403953552246e-01 -4.302881425246596336e-04
-0.000000000000000000e+00 -4.318505234550684690e-04 -9.999999403953552246e-01 0.000000000000000000e+00 9.999999403953552246e-01 -4.318505234550684690e-04
-0.000000000000000000e+00 -4.314906545914709568e-04 -9.999999403953552246e-01 0.000000000000000000e+00 9.999999403953552246e-01 -4.314906545914709568e-04
-0.000000000000000000e+00 -4.316589038353413343e-04 -9.999999403953552246e-01 0.000000000000000000e+00 9.999999403953552246e-01 -4.316589038353413343e-04
-0.000000000000000000e+00 -4.322294262237846851e-04 -9.999999403953552246e-01 0.000000000000000000e+00 9.999999403953552246e-01 -4.322294262237846851e-04
-0.000000000000000000e+00 -4.322543099988251925e-04 -9.999999403953552246e-01 0.000000000000000000e+00 9.999999403953552246e-01 -4.322543099988251925e-04
-0.000000000000000000e+00 -4.340595332905650139e-04 -9.999999403953552246e-01 0.000000000000000000e+00 9.999999403953552246e-01 -4.340595332905650139e-04
0.000000000000000000e+00 -4.341458552516996861e-04 -9.999999403953552246e-01 0.000000000000000000e+00 9.999999403953552246e-01 -4.341458552516996861e-04
-0.000000000000000000e+00 -4.336601705290377140e-04 -9.999999403953552246e-01 0.000000000000000000e+00 9.999999403953552246e-01 -4.336601705290377140e-04
0.000000000000000000e+00 -4.366138018667697906e-04 -9.999999403953552246e-01 0.000000000000000000e+00 9.999999403953552246e-01 -4.366138018667697906e-04
-0.000000000000000000e+00 -4.366108623798936605e-04 -9.999999403953552246e-01 0.000000000000000000e+00 9.999999403953552246e-01 -4.366108623798936605e-04
0.000000000000000000e+00 -4.373057454358786345e-04 -9.999999403953552246e-01 0.000000000000000000e+00 9.999999403953552246e-01 -4.373057454358786345e-04
0.000000000000000000e+00 -4.363768093753606081e-04 -9.999999403953552246e-01 0.000000000000000000e+00 9.999999403953552246e-01 -4.363768093753606081e-04
-0.000000000000000000e+00 -4.356745921541005373e-04 -9.999999403953552246e-01 0.000000000000000000e+00 9.999999403953552246e-01 -4.356745921541005373e-04
-0.000000000000000000e+00 -4.350294475443661213e-04 -9.999999403953552246e-01 0.000000000000000000e+00 9.999999403953552246e-01 -4.350294475443661213e-04
-0.000000000000000000e+00 -4.343784530647099018e-04 -9.999999403953552246e-01 0.000000000000000000e+00 9.999999403953552246e-01 -4.343784530647099018e-04
-0.000000000000000000e+00 -4.342994652688503265e-04 -9.999999403953552246e-01 0.000000000000000000e+00 9.999999403953552246e-01 -4.342994652688503265e-04
-0.000000000000000000e+00 -4.339703009463846684e-04 -9.999999403953552246e-01 0.000000000000000000e+00 9.999999403953552246e-01 -4.339703009463846684e-04
-0.000000000000000000e+00 -4.331291129346936941e-04 -9.999999403953552246e-01 0.000000000000000000e+00 9.999999403953552246e-01 -4.331291129346936941e-04
-0.000000000000000000e+00 -4.322191816754639149e-04 -9.999999403953552246e-01 0.000000000000000000e+00 9.999999403953552246e-01 -4.322191816754639149e-04
-0.000000000000000000e+00 -4.319587897043675184e-04 -9.999999403953552246e-01 0.000000000000000000e+00 9.999999403953552246e-01 -4.319587897043675184e-04
-0.000000000000000000e+00 -4.316091362852603197e-04 -9.999999403953552246e-01 0.000000000000000000e+00 9.999999403953552246e-01 -4.316091362852603197e-04
-0.000000000000000000e+00 -4.309596261009573936e-04 -9.999999403953552246e-01 0.000000000000000000e+00 9.999999403953552246e-01 -4.309596261009573936e-04
-0.000000000000000000e+00 -4.304724570829421282e-04 -9.999999403953552246e-01 0.000000000000000000e+00 9.999999403953552246e-01 -4.304724570829421282e-04
-0.000000000000000000e+00 -4.305470793042331934e-04 -9.999999403953552246e-01 0.000000000000000000e+00 9.999999403953552246e-01 -4.305470793042331934e-04
0.000000000000000000e+00 -4.295508260838687420e-04 -9.999999403953552246e-01 0.000000000000000000e+00 9.999999403953552246e-01 -4.295508260838687420e-04
0.000000000000000000e+00 -4.293065285310149193e-04 -9.999999403953552246e-01 0.000000000000000000e+00 9.999999403953552246e-01 -4.293065285310149193e-04
-0.000000000000000000e+00 -4.286189505364745855e-04 -9.999999403953552246e-01 0.000000000000000000e+00 9.999999403953552246e-01 -4.286189505364745855e-04
0.000000000000000000e+00 -4.288573982194066048e-04 -9.999999403953552246e-01 0.000000000000000000e+00 9.999999403953552246e-01 -4.288573982194066048e-04
-0.000000000000000000e+00 -4.299545835237950087e-04 -9.999999403953552246e-01 0.000000000000000000e+00 9.999999403953552246e-01 -4.299545835237950087e-04
0.000000000000000000e+00 -4.303671303205192089e-04 -9.999999403953552246e-01 0.000000000000000000e+00 9.999999403953552246e-01 -4.303671303205192089e-04
-0.000000000000000000e+00 -4.298712010495364666e-04 -9.999999403953552246e-01 0.000000000000000000e+00 9.999999403953552246e-01 -4.298712010495364666e-04
0.000000000000000000e+00 -4.305382899474352598e-04 -9.999999403953552246e-01 0.000000000000000000e+00 9.999999403953552246e-01 -4.305382899474352598e-04
-0.000000000000000000e+00 -4.297878185752779245e-04 -9.999999403953552246e-01 0.000000000000000000e+00 9.999999403953552246e-01 -4.297878185752779245e-04
-0.000000000000000000e+00 -4.321811429690569639e-04 -9.999999403953552246e-01 0.000000000000000000e+00 9.999999403953552246e-01 -4.321811429690569639e-04
-0.000000000000000000e+00 -4.321460437495261431e-04 -9.999999403953552246e-01 0.000000000000000000e+00 9.999999403953552246e-01 -4.321460437495261431e-04
-0.000000000000000000e+00 -4.323449975345283747e-04 -9.999999403953552246e-01 0.000000000000000000e+00 9.999999403953552246e-01 -4.323449975345283747e-04
-0.000000000000000000e+00 -4.326331836637109518e-04 -9.999999403953552246e-01 0.000000000000000000e+00 9.999999403953552246e-01 -4.326331836637109518e-04
-0.000000000000000000e+00 -4.363299813121557236e-04 -9.999999403953552246e-01 0.000000000000000000e+00 9.999999403953552246e-01 -4.363299813121557236e-04
0.000000000000000000e+00 -4.391899856273084879e-04 -9.999999403953552246e-01 0.000000000000000000e+00 9.999999403953552246e-01 -4.391899856273084879e-04
0.000000000000000000e+00 -4.351464740466326475e-04 -9.999999403953552246e-01 0.000000000000000000e+00 9.999999403953552246e-01 -4.351464740466326475e-04
0.000000000000000000e+00 -4.348524380475282669e-04 -9.999999403953552246e-01 0.000000000000000000e+00 9.999999403953552246e-01 -4.348524380475282669e-04
0.000000000000000000e+00 -4.345657071098685265e-04 -9.999999403953552246e-01 0.000000000000000000e+00 9.999999403953552246e-01 -4.345657071098685265e-04
0.000000000000000000e+00 -4.336806305218487978e-04 -9.999999403953552246e-01 0.000000000000000000e+00 9.999999403953552246e-01 -4.336806305218487978e-04
0.000000000000000000e+00 -4.343228647485375404e-04 -9.999999403953552246e-01 0.000000000000000000e+00 9.999999403953552246e-01 -4.343228647485375404e-04
0.000000000000000000e+00 -4.343667533248662949e-04 -9.999999403953552246e-01 0.000000000000000000e+00 9.999999403953552246e-01 -4.343667533248662949e-04
0.000000000000000000e+00 -4.335899429861456156e-04 -9.999999403953552246e-01 0.000000000000000000e+00 9.999999403953552246e-01 -4.335899429861456156e-04
0.000000000000000000e+00 -4.343170148786157370e-04 -9.999999403953552246e-01 0.000000000000000000e+00 9.999999403953552246e-01 -4.343170148786157370e-04
0.000000000000000000e+00 -4.324591136537492275e-04 -9.999999403953552246e-01 0.000000000000000000e+00 9.999999403953552246e-01 -4.324591136537492275e-04
0.000000000000000000e+00 -4.341794992797076702e-04 -9.999999403953552246e-01 0.000000000000000000e+00 9.999999403953552246e-01 -4.341794992797076702e-04
0.000000000000000000e+00 -4.344135522842407227e-04 -9.999999403953552246e-01 0.000000000000000000e+00 9.999999403953552246e-01 -4.344135522842407227e-04
0.000000000000000000e+00 -4.336630809120833874e-04 -9.999999403953552246e-01 0.000000000000000000e+00 9.999999403953552246e-01 -4.336630809120833874e-04
0.000000000000000000e+00 -4.337420978117734194e-04 -9.999999403953552246e-01 0.000000000000000000e+00 9.999999403953552246e-01 -4.337420978117734194e-04
0.000000000000000000e+00 -4.332198295742273331e-04 -9.999999403953552246e-01 0.000000000000000000e+00 9.999999403953552246e-01 -4.332198295742273331e-04
0.000000000000000000e+00 -4.322294262237846851e-04 -9.999999403953552246e-01 0.000000000000000000e+00 9.999999403953552246e-01 -4.322294262237846851e-04
0.000000000000000000e+00 -4.284463357180356979e-04 -9.999999403953552246e-01 0.000000000000000000e+00 9.999999403953552246e-01 -4.284463357180356979e-04
0.000000000000000000e+00 -4.285414179321378469e-04 -9.999999403953552246e-01 0.000000000000000000e+00 9.999999403953552246e-01 -4.285414179321378469e-04
0.000000000000000000e+00 -4.283424641471356153e-04 -9.999999403953552246e-01 0.000000000000000000e+00 9.999999403953552246e-01 -4.283424641471356153e-04
0.000000000000000000e+00 -4.281200817786157131e-04 -9.999999403953552246e-01 0.000000000000000000e+00 9.999999403953552246e-01 -4.281200817786157131e-04
0.000000000000000000e+00 -4.287901101633906364e-04 -9.999999403953552246e-01 0.000000000000000000e+00 9.999999403953552246e-01 -4.287901101633906364e-04
0.000000000000000000e+00 -4.292319063097238541e-04 -9.999999403953552246e-01 0.000000000000000000e+00 9.999999403953552246e-01 -4.292319063097238541e-04
0.000000000000000000e+00 -4.287608608137816191e-04 -9.999999403953552246e-01 0.000000000000000000e+00 9.999999403953552246e-01 -4.287608608137816191e-04
0.000000000000000000e+00 -4.293386882636696100e-04 -9.999999403953552246e-01 0.000000000000000000e+00 9.999999403953552246e-01 -4.293386882636696100e-04
0.000000000000000000e+00 -4.295786202419549227e-04 -9.999999403953552246e-01 0.000000000000000000e+00 9.999999403953552246e-01 -4.295786202419549227e-04
0.000000000000000000e+00 -4.298302519600838423e-04 -9.999999403953552246e-01 0.000000000000000000e+00 9.999999403953552246e-01 -4.298302519600838423e-04
0.000000000000000000e+00 -4.308469651732593775e-04 -9.999999403953552246e-01 0.000000000000000000e+00 9.999999403953552246e-01 -4.308469651732593775e-04
0.000000000000000000e+00 -4.312624514568597078e-04 -9.999999403953552246e-01 0.000000000000000000e+00 9.999999403953552246e-01 -4.312624514568597078e-04
0.000000000000000000e+00 -4.305309848859906197e-04 -9.999999403953552246e-01 0.000000000000000000e+00 9.999999403953552246e-01 -4.305309848859906197e-04
0.000000000000000000e+00 -4.320553271099925041e-04 -9.999999403953552246e-01 0.000000000000000000e+00 9.999999403953552246e-01 -4.320553271099925041e-04
0.000000000000000000e+00 -4.306290065869688988e-04 -9.999999403953552246e-01 0.000000000000000000e+00 9.999999403953552246e-01 -4.306290065869688988e-04
0.000000000000000000e+00 -4.351713578216731548e-04 -9.999999403953552246e-01 0.000000000000000000e+00 9.999999403953552246e-01 -4.351713578216731548e-04
0.000000000000000000e+00 -4.359262238722294569e-04 -9.999999403953552246e-01 0.000000000000000000e+00 9.999999403953552246e-01 -4.359262238722294569e-04
0.000000000000000000e+00 -4.365391796454787254e-04 -9.999999403953552246e-01 0.000000000000000000e+00 9.999999403953552246e-01 -4.365391796454787254e-04
0.000000000000000000e+00 -4.373964620754122734e-04 -9.999999403953552246e-01 0.000000000000000000e+00 9.999999403953552246e-01 -4.373964620754122734e-04
0.000000000000000000e+00 -4.381571779958903790e-04 -9.999999403953552246e-01 0.000000000000000000e+00 9.999999403953552246e-01 -4.381571779958903790e-04
0.000000000000000000e+00 -4.390583198983222246e-04 -9.999999403953552246e-01 0.000000000000000000e+00 9.999999403953552246e-01 -4.390583198983222246e-04
0.000000000000000000e+00 -4.397634475026279688e-04 -9.999999403953552246e-01 0.000000000000000000e+00 9.999999403953552246e-01 -4.397634475026279688e-04
0.000000000000000000e+00 -4.407582455314695835e-04 -9.999999403953552246e-01 0.000000000000000000e+00 9.999999403953552246e-01 -4.407582455314695835e-04
0.000000000000000000e+00 -4.398658638820052147e-04 -9.999999403953552246e-01 0.000000000000000000e+00 9.999999403953552246e-01 -4.398658638820052147e-04
0.000000000000000000e+00 -4.398600140120834112e-04 -9.999999403953552246e-01 0.000000000000000000e+00 9.999999403953552246e-01 -4.398600140120834112e-04
0.000000000000000000e+00 -4.400882171466946602e-04 -9.999999403953552246e-01 0.000000000000000000e+00 9.999999403953552246e-01 -4.400882171466946602e-04
0.000000000000000000e+00 -4.401715996209532022e-04 -9.999999403953552246e-01 0.000000000000000000e+00 9.999999403953552246e-01 -4.401715996209532022e-04
0.000000000000000000e+00 -4.401057667564600706e-04 -9.999999403953552246e-01 0.000000000000000000e+00 9.999999403953552246e-01 -4.401057667564600706e-04
0.000000000000000000e+00 -4.394343122839927673e-04 -9.999999403953552246e-01 0.000000000000000000e+00 9.999999403953552246e-01 -4.394343122839927673e-04
0.000000000000000000e+00 -4.383034538477659225e-04 -9.999999403953552246e-01 0.000000000000000000e+00 9.999999403953552246e-01 -4.383034538477659225e-04
0.000000000000000000e+00 -4.377051373012363911e-04 -9.999999403953552246e-01 0.000000000000000000e+00 9.999999403953552246e-01 -4.377051373012363911e-04
0.000000000000000000e+00 -4.392104747239500284e-04 -9.999999403953552246e-01 0.000000000000000000e+00 9.999999403953552246e-01 -4.392104747239500284e-04
0.000000000000000000e+00 -4.385155916679650545e-04 -9.999999403953552246e-01 0.000000000000000000e+00 9.999999403953552246e-01 -4.385155916679650545e-04
0.000000000000000000e+00 -4.374359559733420610e-04 -9.999999403953552246e-01 0.000000000000000000e+00 9.999999403953552246e-01 -4.374359559733420610e-04
-0.000000000000000000e+00 -4.351625684648752213e-04 -9.999999403953552246e-01 0.000000000000000000e+00 9.999999403953552246e-01 -4.351625684648752213e-04
5.519400001503527164e-04 -9.888318777084350586e-01 -1.490341126918792725e-01 -9.999998807907104492e-01 -5.457760416902601719e-04 -8.225790952565148473e-05
5.498114624060690403e-04 -9.888318777084350586e-01 -1.490341126918792725e-01 -9.999998807907104492e-01 -5.436712526716291904e-04 -8.194068504963070154e-05
3.696677158586680889e-04 -9.888319969177246094e-01 1.490341275930404663e-01 -9.999999403953552246e-01 -3.655392793007194996e-04 5.509311085916124284e-05
3.676693595480173826e-04 -9.888319969177246094e-01 1.490341275930404663e-01 -9.999999403953552246e-01 -3.635632456280291080e-04 5.479528772411867976e-05
3.654296451713889837e-04 -9.009668231010437012e-01 4.338878691196441650e-01 -9.999999403953552246e-01 -3.292400215286761522e-04 1.585555000929161906e-04
5.469368770718574524e-04 -9.009667634963989258e-01 -4.338878393173217773e-01 -9.999998807907104492e-01 -4.927720292471349239e-04 -2.373092866037040949e-04
5.459054373204708099e-04 -9.009667634963989258e-01 -4.338878393173217773e-01 -9.999998807907104492e-01 -4.918427439406514168e-04 -2.368617570027709007e-04
5.451930337585508823e-04 -7.330479621887207031e-01 -6.801767945289611816e-01 -9.999998807907104492e-01 -3.996526647824794054e-04 -3.708276781253516674e-04
5.430849269032478333e-04 -7.330479621887207031e-01 -6.801767945289611816e-01 -9.999998807907104492e-01 -3.981073386967182159e-04 -3.693937906064093113e-04
5.537613760679960251e-04 -5.000056624412536621e-01 -8.660219907760620117e-01 -9.999998807907104492e-01 -2.768838603515177965e-04 -4.795695713255554438e-04
5.508838221430778503e-04 -5.000056624412536621e-01 -8.660219907760620117e-01 -9.999998807907104492e-01 -2.754450542852282524e-04 -4.770775558426976204e-04
5.420960369519889355e-04 -2.225162535905838013e-01 -9.749288558959960938e-01 -9.999998807907104492e-01 -1.206251981784589589e-04 -5.285051302053034306e-04
5.389624275267124176e-04 -2.225162535905838013e-01 -9.749288558959960938e-01 -9.999998807907104492e-01 -1.199279140564613044e-04 -5.254501011222600937e-04
5.432253819890320301e-04 7.472859323024749756e-02 -9.972038269042968750e-01 -9.999998807907104492e-01 4.059447383042424917e-05 -5.417065112851560116e-04
5.419292137958109379e-04 7.472859323024749756e-02 -9.972038269042968750e-01 -9.999998807907104492e-01 4.049761264468543231e-05 -5.404139519669115543e-04
5.365559482015669346e-04 3.653355836868286133e-01 -9.308757781982421875e-01 -9.999998807907104492e-01 1.960230001714080572e-04 -4.994670161977410316e-04
5.369085120037198067e-04 3.653355836868286133e-01 -9.308757781982421875e-01 -9.999998807907104492e-01 1.961517991730943322e-04 -4.997951909899711609e-04
5.277828313410282135e-04 6.234903335571289062e-01 -7.818309068679809570e-01 -9.999998807907104492e-01 3.290675231255590916e-04 -4.126369894947856665e-04
5.269240937195718288e-04 6.234903335571289062e-01 -7.818309068679809570e-01 -9.999998807907104492e-01 3.285320999566465616e-04 -4.119655932299792767e-04
4.885488306172192097e-04 8.262394070625305176e-01 -5.633189082145690918e-01 -9.999998807907104492e-01 4.036583413835614920e-04 -2.752088184934109449e-04
4.872219287790358067e-04 8.262394070625305176e-01 -5.633189082145690918e-01 -9.999998807907104492e-01 4.025620291940867901e-04 -2.744613448157906532e-04
4.410171823110431433e-04 9.555711746215820312e-01 -2.947602272033691406e-01 -9.999999403953552246e-01 4.214233485981822014e-04 -1.299943251069635153e-04
4.406616790220141411e-04 9.555711746215820312e-01 -2.947602272033691406e-01 -9.999999403953552246e-01 4.210836195852607489e-04 -1.298895367654040456e-04
4.016953753307461739e-04 9.999999403953552246e-01 -0.000000000000000000e+00 -9.999999403953552246e-01 4.016953753307461739e-04 0.000000000000000000e+00
4.005689115729182959e-04 9.999999403953552246e-01 0.000000000000000000e+00 -9.999999403953552246e-01 4.005689115729182959e-04 0.000000000000000000e+00
3.426856419537216425e-04 9.555711746215820312e-01 2.947601974010467529e-01 -9.999999403953552246e-01 3.274605551268905401e-04 1.010100968414917588e-04
3.404707822483032942e-04 9.555711746215820312e-01 2.947601974010467529e-01 -9.999999403953552246e-01 3.253440954722464085e-04 1.003572469926439226e-04
3.056987188756465912e-04 8.262366056442260742e-01 5.633231997489929199e-01 -1.000000000000000000e+00 2.525794843677431345e-04 1.722071756375953555e-04
3.064594347961246967e-04 8.262366056442260742e-01 5.633231997489929199e-01 -9.999999403953552246e-01 2.532079815864562988e-04 1.726356858853250742e-04
2.755757595878094435e-04 6.234959363937377930e-01 7.818266153335571289e-01 -1.000000000000000000e+00 1.718203566269949079e-04 2.154524408979341388e-04
2.757688635028898716e-04 6.234959363937377930e-01 7.818266153335571289e-01 -1.000000000000000000e+00 1.719407591735944152e-04 2.156034170184284449e-04
2.585634647402912378e-04 3.653355836868286133e-01 9.308758378028869629e-01 -1.000000000000000000e+00 9.446244803257286549e-05 2.406905114185065031e-04
2.578905259724706411e-04 3.653355836868286133e-01 9.308758378028869629e-01 -1.000000000000000000e+00 9.421660070074722171e-05 2.400640951236709952e-04
2.725606609601527452e-04 7.472859323024749756e-02 9.972038865089416504e-01 -1.000000000000000000e+00 2.036807927652262151e-05 2.717986062634736300e-04
2.721525088418275118e-04 7.472859323024749756e-02 9.972038865089416504e-01 -1.000000000000000000e+00 2.033757846220396459e-05 2.713915891945362091e-04
2.947824250441044569e-04 -2.225162833929061890e-01 9.749289751052856445e-01 -1.000000000000000000e+00 -6.559389294125139713e-05 2.873919147532433271e-04
2.917849051300436258e-04 -2.225162833929061890e-01 9.749289751052856445e-01 -1.000000000000000000e+00 -6.492689135484397411e-05 2.844695700332522392e-04
3.230357251595705748e-04 -5.000056624412536621e-01 8.660220503807067871e-01 -1.000000000000000000e+00 -1.615197252249345183e-04 2.797561173792928457e-04
3.197266196366399527e-04 -5.000056624412536621e-01 8.660220503807067871e-01 -1.000000000000000000e+00 -1.598651579115539789e-04 2.768903505057096481e-04
3.500119782984256744e-04 -7.330480217933654785e-01 6.801768541336059570e-01 -9.999999403953552246e-01 -2.565755567047744989e-04 2.380700316280126572e-04
3.479141450952738523e-04 -7.330480217933654785e-01 6.801768541336059570e-01 -9.999999403953552246e-01 -2.550377685111016035e-04 2.366431290283799171e-04
3.699983353726565838e-04 -9.009668231010437012e-01 4.338878691196441650e-01 -9.999999403953552246e-01 -3.333562344778329134e-04 1.605378056410700083e-04
4.166990693192929029e-04 -9.888306856155395508e-01 -1.490430831909179688e-01 -9.999999403953552246e-01 -4.120448429603129625e-04 -6.210611900314688683e-05
4.148250736761838198e-04 -9.888306856155395508e-01 -1.490430831909179688e-01 -9.999999403953552246e-01 -4.101917729713022709e-04 -6.182681681821122766e-05
4.279708373360335827e-04 -9.888306260108947754e-01 1.490430831909179688e-01 -9.999999403953552246e-01 -4.231907369103282690e-04 6.378610851243138313e-05
4.258393601048737764e-04 -9.888306260108947754e-01 1.490430831909179688e-01 -9.999999403953552246e-01 -4.210830666124820709e-04 6.346842565108090639e-05
4.285765171516686678e-04 -9.009668231010437012e-01 4.338878691196441650e-01 -9.999998807907104492e-01 -3.861332079395651817e-04 1.859541516751050949e-04
4.252600774634629488e-04 -9.009668231010437012e-01 -4.338878691196441650e-01 -9.999999403953552246e-01 -3.831452631857246161e-04 -1.845152000896632671e-04
4.228038305882364511e-04 -9.009668231010437012e-01 -4.338878691196441650e-01 -9.999999403953552246e-01 -3.809322370216250420e-04 -1.834494614740833640e-04
4.348494985606521368e-04 -7.330525517463684082e-01 -6.801719069480895996e-01 -9.999999403953552246e-01 -3.187675902154296637e-04 -2.957724791485816240e-04
4.317963612265884876e-04 -7.330525517463684082e-01 -6.801719069480895996e-01 -9.999999403953552246e-01 -3.165294765494763851e-04 -2.936958044301718473e-04
4.471116699278354645e-04 -5.000017881393432617e-01 -8.660243153572082520e-01 -9.999998807907104492e-01 -2.235566207673400640e-04 -3.872095840051770210e-04
4.453678557183593512e-04 -5.000017881393432617e-01 -8.660243153572082520e-01 -9.999999403953552246e-01 -2.226847282145172358e-04 -3.856994153466075659e-04
4.750767839141190052e-04 -2.225182503461837769e-01 -9.749284386634826660e-01 -9.999998807907104492e-01 -1.057132685673423111e-04 -4.631659248843789101e-04
4.735158581752330065e-04 -2.225182503461837769e-01 -9.749284386634826660e-01 -9.999998807907104492e-01 -1.053659361787140369e-04 -4.616441437974572182e-04
4.990788875147700310e-04 7.472790777683258057e-02 -9.972038865089416504e-01 -9.999998807907104492e-01 3.729512536665424705e-05 -4.976834752596914768e-04
4.967704298906028271e-04 7.472790777683258057e-02 -9.972038865089416504e-01 -9.999998807907104492e-01 3.712261968757957220e-05 -4.953814786858856678e-04
5.164057365618646145e-04 3.653386831283569336e-01 -9.308745265007019043e-01 -9.999998807907104492e-01 1.886630052467808127e-04 -4.807090153917670250e-04
5.152105004526674747e-04 3.653386831283569336e-01 -9.308745265007019043e-01 -9.999998807907104492e-01 1.882263459265232086e-04 -4.795964050572365522e-04
5.351969157345592976e-04 6.234858632087707520e-01 -7.818344831466674805e-01 -9.999998807907104492e-01 3.336877562105655670e-04 -4.184354620520025492e-04
5.336535396054387093e-04 6.234858632087707520e-01 -7.818344831466674805e-01 -9.999998807907104492e-01 3.327254671603441238e-04 -4.172288172412663698e-04
5.103785078972578049e-04 8.262394070625305176e-01 -5.633189082145690918e-01 -9.999998807907104492e-01 4.216948873363435268e-04 -2.875058853533118963e-04
5.102131981402635574e-04 8.262394070625305176e-01 -5.633189082145690918e-01 -9.999998807907104492e-01 4.215583030600100756e-04 -2.874127821996808052e-04
4.741244192700833082e-04 9.555737376213073730e-01 -2.947518825531005859e-01 -9.999999403953552246e-01 4.530609294306486845e-04 -1.397490996168926358e-04
4.744872276205569506e-04 9.555737376213073730e-01 -2.947518825531005859e-01 -9.999999403953552246e-01 4.534076142590492964e-04 -1.398560270899906754e-04
4.209151957184076309e-04 9.999999403953552246e-01 -0.000000000000000000e+00 -9.999999403953552246e-01 4.209151957184076309e-04 0.000000000000000000e+00
4.197419330012053251e-04 9.999999403953552246e-01 0.000000000000000000e+00 -9.999999403953552246e-01 4.197419330012053251e-04 0.000000000000000000e+00
3.769983886741101742e-04 9.555737972259521484e-01 2.947518825531005859e-01 -9.999999403953552246e-01 3.602498036343604326e-04 1.111209930968470871e-04
3.764966095332056284e-04 9.555737972259521484e-01 2.947518825531005859e-01 -9.999999403953552246e-01 3.597703180275857449e-04 1.109730947064235806e-04
3.318747039884328842e-04 8.262366056442260742e-01 5.633231997489929199e-01 -9.999999403953552246e-01 2.742070064414292574e-04 1.869527040980756283e-04
3.307336301077157259e-04 8.262366056442260742e-01 5.633231997489929199e-01 -9.999999403953552246e-01 2.732642169576138258e-04 1.863099168986082077e-04
3.184962843079119921e-04 6.234914660453796387e-01 7.818300724029541016e-01 -9.999999403953552246e-01 1.985797280212864280e-04 2.490099868737161160e-04
3.181495703756809235e-04 6.234914660453796387e-01 7.818300724029541016e-01 -9.999999403953552246e-01 1.983635593205690384e-04 2.487389137968420982e-04
3.162068314850330353e-04 3.653386831283569336e-01 9.308745861053466797e-01 -1.000000000000000000e+00 1.155226054834201932e-04 2.943489525932818651e-04
3.138413012493401766e-04 3.653386831283569336e-01 9.308745861053466797e-01 -1.000000000000000000e+00 1.146583817899227142e-04 2.921469276770949364e-04
3.158732724841684103e-04 7.472790777683258057e-02 9.972039461135864258e-01 -9.999999403953552246e-01 2.360455073358025402e-05 3.149900876451283693e-04
3.140885091852396727e-04 7.472790777683258057e-02 9.972039461135864258e-01 -9.999999403953552246e-01 2.347117879253346473e-05 3.132103302050381899e-04
3.426563926041126251e-04 -2.225182652473449707e-01 9.749284982681274414e-01 -9.999999403953552246e-01 -7.624731370015069842e-05 3.340654948260635138e-04
3.399382694624364376e-04 -2.225182652473449707e-01 9.749284982681274414e-01 -9.999999403953552246e-01 -7.564247789559885859e-05 3.314155328553169966e-04
3.820527927018702030e-04 -5.000017881393432617e-01 8.660243749618530273e-01 -9.999999403953552246e-01 -1.910270657390356064e-04 3.308670129626989365e-04
3.812759823631495237e-04 -5.000017881393432617e-01 8.660243749618530273e-01 -9.999999403953552246e-01 -1.906386605696752667e-04 3.301942779216915369e-04
4.167356237303465605e-04 -7.330525517463684082e-01 6.801719069480895996e-01 -9.999999403953552246e-01 -3.054891421925276518e-04 2.834518963936716318e-04
4.128355067223310471e-04 -7.330525517463684082e-01 6.801719069480895996e-01 -9.999999403953552246e-01 -3.026301565114408731e-04 2.807991404552012682e-04
4.319456056691706181e-04 -9.009667634963989258e-01 4.338878393173217773e-01 -9.999998807907104492e-01 -3.891686792485415936e-04 1.874159643193706870e-04
4.515691834967583418e-04 -9.957340955734252930e-01 -9.226852655410766602e-02 -9.999999403953552246e-01 -4.496428591664880514e-04 -4.166562575846910477e-05
4.555439227260649204e-04 -9.957340955734252930e-01 -9.226852655410766602e-02 -9.999999403953552246e-01 -4.536006308626383543e-04 -4.203236676403321326e-05
4.437030584085732698e-04 -9.957340955734252930e-01 9.226852655410766602e-02 -9.999999403953552246e-01 -4.418102907948195934e-04 4.093982715858146548e-05
4.476485482882708311e-04 -9.957340955734252930e-01 9.226852655410766602e-02 -9.999999403953552246e-01 -4.457389586605131626e-04 4.130387242184951901e-05
4.391797119751572609e-04 -9.618255496025085449e-01 2.736629545688629150e-01 -9.999999403953552246e-01 -4.224143631290644407e-04 1.201872364617884159e-04
4.413858114276081324e-04 -9.618255496025085449e-01 2.736629545688629150e-01 -9.999999403953552246e-01 -4.245362360961735249e-04 1.207909663207828999e-04
4.215822846163064241e-04 -8.951649665832519531e-01 4.457349479198455811e-01 -9.999999403953552246e-01 -3.773857024498283863e-04 1.879139745142310858e-04
4.222010902594774961e-04 -8.951649665832519531e-01 4.457349479198455811e-01 -9.999999403953552246e-01 -3.779396356549113989e-04 1.881897915154695511e-04
4.066356341354548931e-04 -7.980154156684875488e-01 6.026368737220764160e-01 -9.999999403953552246e-01 -3.245015395805239677e-04 2.450536412652581930e-04
4.097019264008849859e-04 -7.980154156684875488e-01 6.026368737220764160e-01 -9.999999403953552246e-01 -3.269484732300043106e-04 2.469015016686171293e-04
3.805898886639624834e-04 -6.736973524093627930e-01 7.390073537826538086e-01 -9.999999403953552246e-01 -2.564023889135569334e-04 2.812587190419435501e-04
3.811823553405702114e-04 -6.736973524093627930e-01 7.390073537826538086e-01 -9.999999403953552246e-01 -2.568015188444405794e-04 2.816965279635041952e-04
3.436745901126414537e-04 -5.264312624931335449e-01 8.502176403999328613e-01 -9.999999403953552246e-01 -1.809210662031546235e-04 2.921982086263597012e-04
3.449356008786708117e-04 -5.264312624931335449e-01 8.502176403999328613e-01 -9.999999403953552246e-01 -1.815849100239574909e-04 2.932703646365553141e-04
3.181393840350210667e-04 -3.612416386604309082e-01 9.324722290039062500e-01 -1.000000000000000000e+00 -1.149251911556348205e-04 2.966561296489089727e-04
3.206204855814576149e-04 -3.612416386604309082e-01 9.324722290039062500e-01 -1.000000000000000000e+00 -1.158214654424227774e-04 2.989697095472365618e-04
2.937773824669420719e-04 -1.837511956691741943e-01 9.829728007316589355e-01 -1.000000000000000000e+00 -5.398194480221718550e-05 2.887751907110214233e-04
2.965554886031895876e-04 -1.837511956691741943e-01 9.829728007316589355e-01 -1.000000000000000000e+00 -5.449242235044948757e-05 2.915059740189462900e-04
2.680826873984187841e-04 0.000000000000000000e+00 1.000000000000000000e+00 -1.000000000000000000e+00 0.000000000000000000e+00 2.680826873984187841e-04
2.722476201597601175e-04 0.000000000000000000e+00 1.000000000000000000e+00 -1.000000000000000000e+00 0.000000000000000000e+00 2.722476201597601175e-04
2.548242628108710051e-04 1.837511956691741943e-01 9.829728007316589355e-01 -1.000000000000000000e+00 4.682426151703111827e-05 2.504853182472288609e-04
2.569191856309771538e-04 1.837511956691741943e-01 9.829728007316589355e-01 -1.000000000000000000e+00 4.720920696854591370e-05 2.525445597711950541e-04
2.494275686331093311e-04 3.612416386604309082e-01 9.324722290039062500e-01 -1.000000000000000000e+00 9.010361827677115798e-05 2.325842651771381497e-04
2.526430762372910976e-04 3.612416386604309082e-01 9.324722290039062500e-01 -1.000000000000000000e+00 9.126519580604508519e-05 2.355826436541974545e-04
2.551519428379833698e-04 5.264312624931335449e-01 8.502176403999328613e-01 -1.000000000000000000e+00 1.343199837720021605e-04 2.169347135350108147e-04
2.536407555453479290e-04 5.264312624931335449e-01 8.502176403999328613e-01 -1.000000000000000000e+00 1.335244596702978015e-04 2.156498812837526202e-04
2.562008739914745092e-04 6.736973524093627930e-01 7.390073537826538086e-01 -1.000000000000000000e+00 1.726018526824191213e-04 1.893343287520110607e-04
2.561847795732319355e-04 6.736973524093627930e-01 7.390073537826538086e-01 -1.000000000000000000e+00 1.725909969536587596e-04 1.893224252853542566e-04
2.701658813748508692e-04 7.980179786682128906e-01 6.026336550712585449e-01 -1.000000000000000000e+00 2.155972179025411606e-04 1.628110476303845644e-04
2.711270353756844997e-04 7.980179786682128906e-01 6.026336550712585449e-01 -1.000000000000000000e+00 2.163642348023131490e-04 1.633902720641344786e-04
2.922661951743066311e-04 8.951608538627624512e-01 4.457432329654693604e-01 -1.000000000000000000e+00 2.616252459120005369e-04 1.302756863879039884e-04
2.925953594967722893e-04 8.951608538627624512e-01 4.457432329654693604e-01 -1.000000000000000000e+00 2.619199221953749657e-04 1.304223987972363830e-04
3.049233346246182919e-04 9.618256092071533203e-01 2.736629545688629150e-01 -1.000000000000000000e+00 2.932831121142953634e-04 8.344623347511515021e-05
3.057279391214251518e-04 9.618256092071533203e-01 2.736629545688629150e-01 -1.000000000000000000e+00 2.940570120699703693e-04 8.366642578039318323e-05
3.325666766613721848e-04 9.957341551780700684e-01 9.226852655410766602e-02 -9.999999403953552246e-01 3.311479813419282436e-04 3.068543446715921164e-05
3.331547486595809460e-04 9.957341551780700684e-01 9.226852655410766602e-02 -9.999999403953552246e-01 3.317335213068872690e-04 3.073969492106698453e-05
3.526598156895488501e-04 9.957340955734252930e-01 -9.226851910352706909e-02 -9.999999403953552246e-01 3.511554095894098282e-04 -3.253940303693525493e-05
3.544240898918360472e-04 9.957340955734252930e-01 -9.226851910352706909e-02 -9.999999403953552246e-01 3.529121750034391880e-04 -3.270218803663738072e-05
3.754564677365124226e-04 9.618256092071533203e-01 -2.736629545688629150e-01 -9.999999403953552246e-01 3.611236752476543188e-04 -1.027485341182909906e-04
3.754564677365124226e-04 9.618256092071533203e-01 -2.736629545688629150e-01 -9.999999403953552246e-01 3.611236752476543188e-04 -1.027485341182909906e-04
4.004796792287379503e-04 8.951607942581176758e-01 -4.457432031631469727e-01 -9.999999403953552246e-01 3.584937367122620344e-04 -1.785111089702695608e-04
4.017977626062929630e-04 8.951607942581176758e-01 -4.457432031631469727e-01 -9.999999403953552246e-01 3.596736351028084755e-04 -1.790986279956996441e-04
4.271209181752055883e-04 7.980179190635681152e-01 -6.026336550712585449e-01 -9.999999403953552246e-01 3.408501797821372747e-04 -2.573974488768726587e-04
4.247231991030275822e-04 7.980179190635681152e-01 -6.026336550712585449e-01 -9.999999403953552246e-01 3.389367484487593174e-04 -2.559525019023567438e-04
4.457774630282074213e-04 6.736986637115478516e-01 -7.390060424804687500e-01 -9.999998807907104492e-01 3.003197198268026114e-04 -3.294322523288428783e-04
4.466537502594292164e-04 6.736986637115478516e-01 -7.390060424804687500e-01 -9.999998807907104492e-01 3.009100619237869978e-04 -3.300798416603356600e-04
4.533378232736140490e-04 5.264312624931335449e-01 -8.502175807952880859e-01 -9.999999403953552246e-01 2.386512496741488576e-04 -3.854358801618218422e-04
4.576270875986665487e-04 5.264312624931335449e-01 -8.502175807952880859e-01 -9.999998807907104492e-01 2.409092267043888569e-04 -3.890826483257114887e-04
4.626039299182593822e-04 3.612393736839294434e-01 -9.324730038642883301e-01 -9.999999403953552246e-01 1.671107893344014883e-04 -4.313657700549811125e-04
4.635387449525296688e-04 3.612393736839294434e-01 -9.324730038642883301e-01 -9.999999403953552246e-01 1.674484810791909695e-04 -4.322374588809907436e-04
4.693143418990075588e-04 1.837511807680130005e-01 -9.829726815223693848e-01 -9.999998807907104492e-01 8.623707253718748689e-05 -4.613232449628412724e-04
4.711868823505938053e-04 1.837511807680130005e-01 -9.829726815223693848e-01 -9.999998807907104492e-01 8.658115257276222110e-05 -4.631638876162469387e-04
4.703427839558571577e-04 0.000000000000000000e+00 -9.999998807907104492e-01 -9.999998807907104492e-01 0.000000000000000000e+00 -4.703427839558571577e-04
4.739225259982049465e-04 0.000000000000000000e+00 -9.999998807907104492e-01 -9.999998807907104492e-01 0.000000000000000000e+00 -4.739225259982049465e-04
4.664909210987389088e-04 -1.837511807680130005e-01 -9.829726815223693848e-01 -9.999998807907104492e-01 -8.571826765546575189e-05 -4.585478745866566896e-04
4.713083035312592983e-04 -1.837511807680130005e-01 -9.829726815223693848e-01 -9.999998807907104492e-01 -8.660346793476492167e-05 -4.632832424249500036e-04
4.603056877385824919e-04 -3.612393736839294434e-01 -9.324730038642883301e-01 -9.999999403953552246e-01 -1.662805734667927027e-04 -4.292227094992995262e-04
4.633339412976056337e-04 -3.612393736839294434e-01 -9.324730038642883301e-01 -9.999999403953552246e-01 -1.673744845902547240e-04 -4.320464795455336571e-04
4.570799646899104118e-04 -5.264312624931335449e-01 -8.502175807952880859e-01 -9.999998807907104492e-01 -2.406212151981890202e-04 -3.886174818035215139e-04
4.595435166265815496e-04 -5.264312624931335449e-01 -8.502175807952880859e-01 -9.999998807907104492e-01 -2.419180964352563024e-04 -3.907120262738317251e-04
4.526122065726667643e-04 -6.736986637115478516e-01 -7.390060424804687500e-01 -9.999998807907104492e-01 -3.049242659471929073e-04 -3.344831930007785559e-04
4.562870599329471588e-04 -6.736986637115478516e-01 -7.390060424804687500e-01 -9.999998807907104492e-01 -3.074000123888254166e-04 -3.371989296283572912e-04
4.479513736441731453e-04 -7.980154156684875488e-01 -6.026369333267211914e-01 -9.999999403953552246e-01 -3.574721340555697680e-04 -2.699520555324852467e-04
4.521382506936788559e-04 -7.980154156684875488e-01 -6.026369333267211914e-01 -9.999999403953552246e-01 -3.608133411034941673e-04 -2.724752121139317751e-04
4.485058016143739223e-04 -8.951649069786071777e-01 -4.457349181175231934e-01 -9.999998807907104492e-01 -4.014867008663713932e-04 -1.999147207243368030e-04
4.535938205663114786e-04 -8.951649069786071777e-01 -4.457349181175231934e-01 -9.999998807907104492e-01 -4.060413339175283909e-04 -2.021826367126777768e-04
4.456633469089865685e-04 -9.618255496025085449e-01 -2.736629545688629150e-01 -9.999999403953552246e-01 -4.286504699848592281e-04 -1.219615660374984145e-04
4.504602693486958742e-04 -9.618255496025085449e-01 -2.736629545688629150e-01 -9.999999403953552246e-01 -4.332642711233347654e-04 -1.232743234140798450e-04
-0.000000000000000000e+00 -6.045274203643202782e-04 9.999998211860656738e-01 0.000000000000000000e+00 9.999998211860656738e-01 6.045274203643202782e-04
-0.000000000000000000e+00 -6.053437828086316586e-04 9.999998211860656738e-01 0.000000000000000000e+00 9.999998211860656738e-01 6.053437828086316586e-04
-0.000000000000000000e+00 -6.064248736947774887e-04 9.999998211860656738e-01 0.000000000000000000e+00 9.999998211860656738e-01 6.064248736947774887e-04
0.000000000000000000e+00 -6.035809637978672981e-04 9.999998211860656738e-01 0.000000000000000000e+00 9.999998211860656738e-01 6.035809637978672981e-04
0.000000000000000000e+00 -6.034507532604038715e-04 9.999998211860656738e-01 0.000000000000000000e+00 9.999998211860656738e-01 6.034507532604038715e-04
0.000000000000000000e+00 -6.019029533490538597e-04 9.999998211860656738e-01 0.000000000000000000e+00 9.999998211860656738e-01 6.019029533490538597e-04
0.000000000000000000e+00 -6.016893894411623478e-04 9.999998211860656738e-01 0.000000000000000000e+00 9.999998211860656738e-01 6.016893894411623478e-04
0.000000000000000000e+00 -6.017845007590949535e-04 9.999998211860656738e-01 0.000000000000000000e+00 9.999998211860656738e-01 6.017845007590949535e-04
0.000000000000000000e+00 -6.020287983119487762e-04 9.999998211860656738e-01 0.000000000000000000e+00 9.999998211860656738e-01 6.020287983119487762e-04
0.000000000000000000e+00 -6.021326407790184021e-04 9.999998211860656738e-01 0.000000000000000000e+00 9.999998211860656738e-01 6.021326407790184021e-04
0.000000000000000000e+00 -6.021984736435115337e-04 9.999998211860656738e-01 0.000000000000000000e+00 9.999998211860656738e-01 6.021984736435115337e-04
0.000000000000000000e+00 -6.023842724971473217e-04 9.999998211860656738e-01 0.000000000000000000e+00 9.999998211860656738e-01 6.023842724971473217e-04
0.000000000000000000e+00 -6.019746651872992516e-04 9.999998211860656738e-01 0.000000000000000000e+00 9.999998211860656738e-01 6.019746651872992516e-04
0.000000000000000000e+00 -6.017829873599112034e-04 9.999998211860656738e-01 0.000000000000000000e+00 9.999998211860656738e-01 6.017829873599112034e-04
0.000000000000000000e+00 -6.017625564709305763e-04 9.999998211860656738e-01 0.000000000000000000e+00 9.999998211860656738e-01 6.017625564709305763e-04
0.000000000000000000e+00 -6.016864790581166744e-04 9.999998211860656738e-01 0.000000000000000000e+00 9.999998211860656738e-01 6.016864790581166744e-04
0.000000000000000000e+00 -6.018166895955801010e-04 9.999998211860656738e-01 0.000000000000000000e+00 9.999998211860656738e-01 6.018166895955801010e-04
0.000000000000000000e+00 -6.024735048413276672e-04 9.999998211860656738e-01 0.000000000000000000e+00 9.999998211860656738e-01 6.024735048413276672e-04
0.000000000000000000e+00 -6.023257737979292870e-04 9.999998211860656738e-01 0.000000000000000000e+00 9.999998211860656738e-01 6.023257737979292870e-04
0.000000000000000000e+00 -6.014436366967856884e-04 9.999998211860656738e-01 0.000000000000000000e+00 9.999998211860656738e-01 6.014436366967856884e-04
0.000000000000000000e+00 -6.008145865052938461e-04 9.999998211860656738e-01 0.000000000000000000e+00 9.999998211860656738e-01 6.008145865052938461e-04
0.000000000000000000e+00 -6.012183148413896561e-04 9.999998211860656738e-01 0.000000000000000000e+00 9.999998211860656738e-01 6.012183148413896561e-04
0.000000000000000000e+00 -6.022877059876918793e-04 9.999998211860656738e-01 0.000000000000000000e+00 9.999998211860656738e-01 6.022877059876918793e-04
0.000000000000000000e+00 -6.024471949785947800e-04 9.999998211860656738e-01 0.000000000000000000e+00 9.999998211860656738e-01 6.024471949785947800e-04
0.000000000000000000e+00 -6.023711175657808781e-04 9.999998211860656738e-01 0.000000000000000000e+00 9.999998211860656738e-01 6.023711175657808781e-04
0.000000000000000000e+00 -6.024618051014840603e-04 9.999998211860656738e-01 0.000000000000000000e+00 9.999998211860656738e-01 6.024618051014840603e-04
0.000000000000000000e+00 -6.020068540237843990e-04 9.999998211860656738e-01 0.000000000000000000e+00 9.999998211860656738e-01 6.020068540237843990e-04
0.000000000000000000e+00 -6.022584857419133186e-04 9.999998211860656738e-01 0.000000000000000000e+00 9.999998211860656738e-01 6.022584857419133186e-04
0.000000000000000000e+00 -6.023096502758562565e-04 9.999998211860656738e-01 0.000000000000000000e+00 9.999998211860656738e-01 6.023096502758562565e-04
-0.000000000000000000e+00 -6.022306624799966812e-04 9.999998211860656738e-01 0.000000000000000000e+00 9.999998211860656738e-01 6.022306624799966812e-04
0.000000000000000000e+00 -6.027075578458607197e-04 9.999998211860656738e-01 0.000000000000000000e+00 9.999998211860656738e-01 6.027075578458607197e-04
-0.000000000000000000e+00 -6.033234531059861183e-04 9.999998211860656738e-01 0.000000000000000000e+00 9.999998211860656738e-01 6.033234531059861183e-04
0.000000000000000000e+00 -6.050891824997961521e-04 9.999998211860656738e-01 0.000000000000000000e+00 9.999998211860656738e-01 6.050891824997961521e-04
-0.000000000000000000e+00 -6.056422134861350060e-04 9.999998211860656738e-01 0.000000000000000000e+00 9.999998211860656738e-01 6.056422134861350060e-04
0.000000000000000000e+00 -6.064175395295023918e-04 9.999998211860656738e-01 0.000000000000000000e+00 9.999998211860656738e-01 6.064175395295023918e-04
-0.000000000000000000e+00 -6.064907065592706203e-04 9.999998211860656738e-01 0.000000000000000000e+00 9.999998211860656738e-01 6.064907065592706203e-04
0.000000000000000000e+00 -6.058030994608998299e-04 9.999998211860656738e-01 0.000000000000000000e+00 9.999998211860656738e-01 6.058030994608998299e-04
-0.000000000000000000e+00 -6.060137529857456684e-04 9.999998211860656738e-01 0.000000000000000000e+00 9.999998211860656738e-01 6.060137529857456684e-04
0.000000000000000000e+00 -6.060723098926246166e-04 9.999998211860656738e-01 0.000000000000000000e+00 9.999998211860656738e-01 6.060723098926246166e-04
-0.000000000000000000e+00 -6.063619512133300304e-04 9.999998211860656738e-01 0.000000000000000000e+00 9.999998211860656738e-01 6.063619512133300304e-04
-0.000000000000000000e+00 -6.069836672395467758e-04 9.999998211860656738e-01 0.000000000000000000e+00 9.999998211860656738e-01 6.069836672395467758e-04
-0.000000000000000000e+00 -6.072280230000615120e-04 9.999998211860656738e-01 0.000000000000000000e+00 9.999998211860656738e-01 6.072280230000615120e-04
-0.000000000000000000e+00 -6.077897269278764725e-04 9.999998211860656738e-01 0.000000000000000000e+00 9.999998211860656738e-01 6.077897269278764725e-04
-0.000000000000000000e+00 -6.082257023081183434e-04 9.999998211860656738e-01 0.000000000000000000e+00 9.999998211860656738e-01 6.082257023081183434e-04
-0.000000000000000000e+00 -6.089644739404320717e-04 9.999998211860656738e-01 0.000000000000000000e+00 9.999998211860656738e-01 6.089644739404320717e-04
-0.000000000000000000e+00 -6.089279195293784142e-04 9.999998211860656738e-01 0.000000000000000000e+00 9.999998211860656738e-01 6.089279195293784142e-04
-0.000000000000000000e+00 -6.070816889405250549e-04 9.999998211860656738e-01 0.000000000000000000e+00 9.999998211860656738e-01 6.070816889405250549e-04
-0.000000000000000000e+00 -6.078921724110841751e-04 9.999998211860656738e-01 0.000000000000000000e+00 9.999998211860656738e-01 6.078921724110841751e-04
-0.000000000000000000e+00 -6.084699998609721661e-04 9.999998211860656738e-01 0.000000000000000000e+00 9.999998211860656738e-01 6.084699998609721661e-04
-0.000000000000000000e+00 -6.092278053984045982e-04 9.999998211860656738e-01 0.000000000000000000e+00 9.999998211860656738e-01 6.092278053984045982e-04
0.000000000000000000e+00 -6.091107497923076153e-04 9.999998211860656738e-01 0.000000000000000000e+00 9.999998211860656738e-01 6.091107497923076153e-04
-0.000000000000000000e+00 -6.100587197579443455e-04 9.999998211860656738e-01 0.000000000000000000e+00 9.999998211860656738e-01 6.100587197579443455e-04
0.000000000000000000e+00 -6.093009724281728268e-04 9.999998211860656738e-01 0.000000000000000000e+00 9.999998211860656738e-01 6.093009724281728268e-04
-0.000000000000000000e+00 -6.092263502068817616e-04 9.999998211860656738e-01 0.000000000000000000e+00 9.999998211860656738e-01 6.092263502068817616e-04
0.000000000000000000e+00 -6.086367648094892502e-04 9.999998211860656738e-01 0.000000000000000000e+00 9.999998211860656738e-01 6.086367648094892502e-04
-0.000000000000000000e+00 -6.083222688175737858e-04 9.999998211860656738e-01 0.000000000000000000e+00 9.999998211860656738e-01 6.083222688175737858e-04
0.000000000000000000e+00 -6.080223829485476017e-04 9.999998211860656738e-01 0.000000000000000000e+00 9.999998211860656738e-01 6.080223829485476017e-04
-0.000000000000000000e+00 -6.067086360417306423e-04 9.999998211860656738e-01 0.000000000000000000e+00 9.999998211860656738e-01 6.067086360417306423e-04
0.000000000000000000e+00 -6.068417569622397423e-04 9.999998211860656738e-01 0.000000000000000000e+00 9.999998211860656738e-01 6.068417569622397423e-04
-0.000000000000000000e+00 -6.070290110073983669e-04 9.999998211860656738e-01 0.000000000000000000e+00 9.999998211860656738e-01 6.070290110073983669e-04
0.000000000000000000e+00 -6.072367541491985321e-04 9.999998211860656738e-01 0.000000000000000000e+00 9.999998211860656738e-01 6.072367541491985321e-04
-0.000000000000000000e+00 -6.072967662476003170e-04 9.999998211860656738e-01 0.000000000000000000e+00 9.999998211860656738e-01 6.072967662476003170e-04
0.000000000000000000e+00 -6.070582894608378410e-04 9.999998211860656738e-01 0.000000000000000000e+00 9.999998211860656738e-01 6.070582894608378410e-04
-0.000000000000000000e+00 -6.077078287489712238e-04 9.999998211860656738e-01 0.000000000000000000e+00 9.999998211860656738e-01 6.077078287489712238e-04
0.000000000000000000e+00 -6.076244171708822250e-04 9.999998211860656738e-01 0.000000000000000000e+00 9.999998211860656738e-01 6.076244171708822250e-04
-0.000000000000000000e+00 -5.886796279810369015e-04 -9.999998211860656738e-01 0.000000000000000000e+00 9.999998211860656738e-01 -5.886796279810369015e-04
-0.000000000000000000e+00 -5.884938873350620270e-04 -9.999998211860656738e-01 0.000000000000000000e+00 9.999998211860656738e-01 -5.884938873350620270e-04
-0.000000000000000000e+00 -5.882275872863829136e-04 -9.999998211860656738e-01 0.000000000000000000e+00 9.999998211860656738e-01 -5.882275872863829136e-04
0.000000000000000000e+00 -5.882714758627116680e-04 -9.999998211860656738e-01 0.000000000000000000e+00 9.999998211860656738e-01 -5.882714758627116680e-04
0.000000000000000000e+00 -5.881339893676340580e-04 -9.999998211860656738e-01 0.000000000000000000e+00 9.999998211860656738e-01 -5.881339893676340580e-04
0.000000000000000000e+00 -5.877653602510690689e-04 -9.999998211860656738e-01 0.000000000000000000e+00 9.999998211860656738e-01 -5.877653602510690689e-04
0.000000000000000000e+00 -5.877902149222791195e-04 -9.999998211860656738e-01 0.000000000000000000e+00 9.999998211860656738e-01 -5.877902149222791195e-04
0.000000000000000000e+00 -5.869153537787497044e-04 -9.999998211860656738e-01 0.000000000000000000e+00 9.999998211860656738e-01 -5.869153537787497044e-04
0.000000000000000000e+00 -5.870777531526982784e-04 -9.999998211860656738e-01 0.000000000000000000e+00 9.999998211860656738e-01 -5.870777531526982784e-04
0.000000000000000000e+00 -5.862292600795626640e-04 -9.999998211860656738e-01 0.000000000000000000e+00 9.999998211860656738e-01 -5.862292600795626640e-04
0.000000000000000000e+00 -5.864852573722600937e-04 -9.999998211860656738e-01 0.000000000000000000e+00 9.999998211860656738e-01 -5.864852573722600937e-04
0.000000000000000000e+00 -5.863389815203845501e-04 -9.999998211860656738e-01 0.000000000000000000e+00 9.999998211860656738e-01 -5.863389815203845501e-04
0.000000000000000000e+00 -5.869782762601971626e-04 -9.999998211860656738e-01 0.000000000000000000e+00 9.999998211860656738e-01 -5.869782762601971626e-04
0.000000000000000000e+00 -5.888727609999477863e-04 -9.999998211860656738e-01 0.000000000000000000e+00 9.999998211860656738e-01 -5.888727609999477863e-04
0.000000000000000000e+00 -5.887352745048701763e-04 -9.999998211860656738e-01 0.000000000000000000e+00 9.999998211860656738e-01 -5.887352745048701763e-04
0.000000000000000000e+00 -5.880183889530599117e-04 -9.999998211860656738e-01 0.000000000000000000e+00 9.999998211860656738e-01 -5.880183889530599117e-04
0.000000000000000000e+00 -5.886738072149455547e-04 -9.999998211860656738e-01 0.000000000000000000e+00 9.999998211860656738e-01 -5.886738072149455547e-04
0.000000000000000000e+00 -5.885114078409969807e-04 -9.999998211860656738e-01 0.000000000000000000e+00 9.999998211860656738e-01 -5.885114078409969807e-04
0.000000000000000000e+00 -5.882597761228680611e-04 -9.999998211860656738e-01 0.000000000000000000e+00 9.999998211860656738e-01 -5.882597761228680611e-04
0.000000000000000000e+00 -5.889532039873301983e-04 -9.999998211860656738e-01 0.000000000000000000e+00 9.999998211860656738e-01 -5.889532039873301983e-04
0.000000000000000000e+00 -5.889444728381931782e-04 -9.999998211860656738e-01 0.000000000000000000e+00 9.999998211860656738e-01 -5.889444728381931782e-04
0.000000000000000000e+00 -5.889122840017080307e-04 -9.999998211860656738e-01 0.000000000000000000e+00 9.999998211860656738e-01 -5.889122840017080307e-04
0.000000000000000000e+00 -5.896963994018733501e-04 -9.999998211860656738e-01 0.000000000000000000e+00 9.999998211860656738e-01 -5.896963994018733501e-04
0.000000000000000000e+00 -5.898631643503904343e-04 -9.999998211860656738e-01 0.000000000000000000e+00 9.999998211860656738e-01 -5.898631643503904343e-04
0.000000000000000000e+00 -5.898133968003094196e-04 -9.999998211860656738e-01 0.000000000000000000e+00 9.999998211860656738e-01 -5.898133968003094196e-04
0.000000000000000000e+00 -5.897256196476519108e-04 -9.999998211860656738e-01 0.000000000000000000e+00 9.999998211860656738e-01 -5.897256196476519108e-04
0.000000000000000000e+00 -5.901498952880501747e-04 -9.999998211860656738e-01 0.000000000000000000e+00 9.999998211860656738e-01 -5.901498952880501747e-04
0.000000000000000000e+00 -5.901089170947670937e-04 -9.999998211860656738e-01 0.000000000000000000e+00 9.999998211860656738e-01 -5.901089170947670937e-04
0.000000000000000000e+00 -5.903225392103195190e-04 -9.999998211860656738e-01 0.000000000000000000e+00 9.999998211860656738e-01 -5.903225392103195190e-04
-0.000000000000000000e+00 -5.888069281354546547e-04 -9.999998211860656738e-01 0.000000000000000000e+00 9.999998211860656738e-01 -5.888069281354546547e-04
0.000000000000000000e+00 -5.885714199393987656e-04 -9.999998211860656738e-01 0.000000000000000000e+00 9.999998211860656738e-01 -5.885714199393987656e-04
-0.000000000000000000e+00 -5.887644947506487370e-04 -9.999998211860656738e-01 0.000000000000000000e+00 9.999998211860656738e-01 -5.887644947506487370e-04
0.000000000000000000e+00 -5.885874852538108826e-04 -9.999998211860656738e-01 0.000000000000000000e+00 9.999998211860656738e-01 -5.885874852538108826e-04
-0.000000000000000000e+00 -5.881778779439628124e-04 -9.999998211860656738e-01 0.000000000000000000e+00 9.999998211860656738e-01 -5.881778779439628124e-04
0.000000000000000000e+00 -5.873601185157895088e-04 -9.999998211860656738e-01 0.000000000000000000e+00 9.999998211860656738e-01 -5.873601185157895088e-04
-0.000000000000000000e+00 -5.873615737073123455e-04 -9.999998211860656738e-01 0.000000000000000000e+00 9.999998211860656738e-01 -5.873615737073123455e-04
0.000000000000000000e+00 -5.870338645763695240e-04 -9.999998211860656738e-01 0.000000000000000000e+00 9.999998211860656738e-01 -5.870338645763695240e-04
-0.000000000000000000e+00 -5.870338645763695240e-04 -9.999998211860656738e-01 0.000000000000000000e+00 9.999998211860656738e-01 -5.870338645763695240e-04
0.000000000000000000e+00 -5.871041212230920792e-04 -9.999998211860656738e-01 0.000000000000000000e+00 9.999998211860656738e-01 -5.871041212230920792e-04
-0.000000000000000000e+00 -5.872489418834447861e-04 -9.999998211860656738e-01 0.000000000000000000e+00 9.999998211860656738e-01 -5.872489418834447861e-04
-0.000000000000000000e+00 -5.873133195564150810e-04 -9.999998211860656738e-01 0.000000000000000000e+00 9.999998211860656738e-01 -5.873133195564150810e-04
-0.000000000000000000e+00 -5.862248945049941540e-04 -9.999998211860656738e-01 0.000000000000000000e+00 9.999998211860656738e-01 -5.862248945049941540e-04
-0.000000000000000000e+00 -5.863857804797589779e-04 -9.999998211860656738e-01 0.000000000000000000e+00 9.999998211860656738e-01 -5.863857804797589779e-04
-0.000000000000000000e+00 -5.856148200109601021e-04 -9.999998211860656738e-01 0.000000000000000000e+00 9.999998211860656738e-01 -5.856148200109601021e-04
-0.000000000000000000e+00 -5.853588227182626724e-04 -9.999998211860656738e-01 0.000000000000000000e+00 9.999998211860656738e-01 -5.853588227182626724e-04
-0.000000000000000000e+00 -5.850384477525949478e-04 -9.999998211860656738e-01 0.000000000000000000e+00 9.999998211860656738e-01 -5.850384477525949478e-04
-0.000000000000000000e+00 -5.848541040904819965e-04 -9.999998211860656738e-01 0.000000000000000000e+00 9.999998211860656738e-01 -5.848541040904819965e-04
-0.000000000000000000e+00 -5.847020074725151062e-04 -9.999998211860656738e-01 0.000000000000000000e+00 9.999998211860656738e-01 -5.847020074725151062e-04
-0.000000000000000000e+00 -5.847736611030995846e-04 -9.999998211860656738e-01 0.000000000000000000e+00 9.999998211860656738e-01 -5.847736611030995846e-04
-0.000000000000000000e+00 -5.859630182385444641e-04 -9.999998211860656738e-01 0.000000000000000000e+00 9.999998211860656738e-01 -5.859630182385444641e-04
0.000000000000000000e+00 -5.868904991075396538e-04 -9.999998211860656738e-01 0.000000000000000000e+00 9.999998211860656738e-01 -5.868904991075396538e-04
-0.000000000000000000e+00 -5.865525454282760620e-04 -9.999998211860656738e-01 0.000000000000000000e+00 9.999998211860656738e-01 -5.865525454282760620e-04
0.000000000000000000e+00 -5.866827559657394886e-04 -9.999998211860656738e-01 0.000000000000000000e+00 9.999998211860656738e-01 -5.866827559657394886e-04
-0.000000000000000000e+00 -5.864706472493708134e-04 -9.999998211860656738e-01 0.000000000000000000e+00 9.999998211860656738e-01 -5.864706472493708134e-04
0.000000000000000000e+00 -5.867778672836720943e-04 -9.999998211860656738e-01 0.000000000000000000e+00 9.999998211860656738e-01 -5.867778672836720943e-04
-0.000000000000000000e+00 -5.860829842276871204e-04 -9.999998211860656738e-01 0.000000000000000000e+00 9.999998211860656738e-01 -5.860829842276871204e-04
0.000000000000000000e+00 -5.863375263288617134e-04 -9.999998211860656738e-01 0.000000000000000000e+00 9.999998211860656738e-01 -5.863375263288617134e-04
-0.000000000000000000e+00 -5.861882818862795830e-04 -9.999998211860656738e-01 0.000000000000000000e+00 9.999998211860656738e-01 -5.861882818862795830e-04
0.000000000000000000e+00 -5.865218699909746647e-04 -9.999998211860656738e-01 0.000000000000000000e+00 9.999998211860656738e-01 -5.865218699909746647e-04
-0.000000000000000000e+00 -5.870163440704345703e-04 -9.999998211860656738e-01 0.000000000000000000e+00 9.999998211860656738e-01 -5.870163440704345703e-04
0.000000000000000000e+00 -5.873425398021936417e-04 -9.999998211860656738e-01 0.000000000000000000e+00 9.999998211860656738e-01 -5.873425398021936417e-04
-0.000000000000000000e+00 -5.878136144019663334e-04 -9.999998211860656738e-01 0.000000000000000000e+00 9.999998211860656738e-01 -5.878136144019663334e-04
0.000000000000000000e+00 -5.883153644390404224e-04 -9.999998211860656738e-01 0.000000000000000000e+00 9.999998211860656738e-01 -5.883153644390404224e-04
-0.000000000000000000e+00 -5.883153644390404224e-04 -9.999998211860656738e-01 0.000000000000000000e+00 9.999998211860656738e-01 -5.883153644390404224e-04
0.000000000000000000e+00 -5.883811973035335541e-04 -9.999998211860656738e-01 0.000000000000000000e+00 9.999998211860656738e-01 -5.883811973035335541e-04
