-5.233639851212501526e-02 9.986293315887451172e-01 6.376684177666902542e-04 -3.337327507324516773e-05 6.367944879457354546e-04 -9.999998211860656738e-01
-5.233639851212501526e-02 9.986293315887451172e-01 6.392337381839752197e-04 -3.345519871800206602e-05 6.383576546795666218e-04 -9.999998211860656738e-01
5.233639851212501526e-02 9.986293315887451172e-01 6.184119847603142262e-04 3.236546399421058595e-05 6.175644812174141407e-04 -9.999998211860656738e-01
5.233639851212501526e-02 9.986293315887451172e-01 6.198207847774028778e-04 3.243919491069391370e-05 6.189713021740317345e-04 -9.999998211860656738e-01
1.564338952302932739e-01 9.876882433891296387e-01 6.144504295662045479e-04 9.612089343136176467e-05 6.068855873309075832e-04 -9.999998211860656738e-01
1.564338952302932739e-01 9.876882433891296387e-01 6.081393803469836712e-04 9.513363329460844398e-05 6.006522453390061855e-04 -9.999998211860656738e-01
2.588195502758026123e-01 9.659255146980285645e-01 5.812129238620400429e-04 1.504293177276849747e-04 5.614085821434855461e-04 -9.999998807907104492e-01
2.588195502758026123e-01 9.659255146980285645e-01 5.797470803372561932e-04 1.500499347457662225e-04 5.599926807917654514e-04 -9.999998807907104492e-01
3.583675622940063477e-01 9.335803985595703125e-01 6.065126508474349976e-04 2.173544926336035132e-04 5.662284092977643013e-04 -9.999998211860656738e-01
3.583675622940063477e-01 9.335803985595703125e-01 6.001752917654812336e-04 2.150833897758275270e-04 5.603120080195367336e-04 -9.999998211860656738e-01
4.539905786514282227e-01 8.910062909126281738e-01 6.603700458072125912e-04 2.998018171638250351e-04 5.883939447812736034e-04 -9.999997615814208984e-01
4.539905786514282227e-01 8.910062909126281738e-01 6.589451222680509090e-04 2.991548972204327583e-04 5.871243192814290524e-04 -9.999997615814208984e-01
5.446386337280273438e-01 8.386705517768859863e-01 7.357234717346727848e-04 4.007035167887806892e-04 6.170297274366021156e-04 -9.999997615814208984e-01
5.446386337280273438e-01 8.386705517768859863e-01 7.364022312685847282e-04 4.010731936432421207e-04 6.175989983603358269e-04 -9.999997615814208984e-01
6.293204426765441895e-01 7.771455049514770508e-01 8.543031290173530579e-04 5.376306362450122833e-04 6.639180937781929970e-04 -9.999996423721313477e-01
6.293204426765441895e-01 7.771455049514770508e-01 8.470031316392123699e-04 5.330365966074168682e-04 6.582449423149228096e-04 -9.999996423721313477e-01
7.071064710617065430e-01 7.071064710617065430e-01 9.967767400667071342e-04 7.048276602290570736e-04 7.048276602290570736e-04 -9.999995231628417969e-01
7.071064710617065430e-01 7.071064710617065430e-01 9.931896347552537918e-04 7.022911449894309044e-04 7.022911449894309044e-04 -9.999995231628417969e-01
7.771452665328979492e-01 6.293202638626098633e-01 1.121741952374577522e-03 8.717571035958826542e-04 7.059354684315621853e-04 -9.999994039535522461e-01
7.771452665328979492e-01 6.293202638626098633e-01 1.119614928029477596e-03 8.701041224412620068e-04 7.045968668535351753e-04 -9.999994039535522461e-01
8.386700749397277832e-01 5.446383357048034668e-01 1.283859601244330406e-03 1.076735439710319042e-03 6.992396665737032890e-04 -9.999992251396179199e-01
8.386700749397277832e-01 5.446383357048034668e-01 1.298149465583264828e-03 1.088719815015792847e-03 7.070224382914602757e-04 -9.999991655349731445e-01
8.910054564476013184e-01 4.539901614189147949e-01 1.490944065153598785e-03 1.328440848737955093e-03 6.768747116439044476e-04 -9.999988675117492676e-01
8.910054564476013184e-01 4.539901614189147949e-01 1.496982993558049202e-03 1.333821564912796021e-03 6.796162924729287624e-04 -9.999988675117492676e-01
9.335793256759643555e-01 3.583671450614929199e-01 1.669206307269632816e-03 1.558338641189038754e-03 5.981894792057573795e-04 -9.999986290931701660e-01
9.335793256759643555e-01 3.583671450614929199e-01 1.661809743382036686e-03 1.551433349959552288e-03 5.955388187430799007e-04 -9.999986290931701660e-01
9.659240841865539551e-01 2.588191926479339600e-01 1.845786231569945812e-03 1.782892388291656971e-03 4.777256690431386232e-04 -9.999983310699462891e-01
9.659240841865539551e-01 2.588191926479339600e-01 1.837485586293041706e-03 1.774874515831470490e-03 4.755773115903139114e-04 -9.999983310699462891e-01
9.876864552497863770e-01 1.564336270093917847e-01 2.008524024859070778e-03 1.983795780688524246e-03 3.142012574244290590e-04 -9.999979734420776367e-01
9.876864552497863770e-01 1.564336270093917847e-01 2.005314221605658531e-03 1.980625325813889503e-03 3.136991290375590324e-04 -9.999979734420776367e-01
9.986272454261779785e-01 5.233629047870635986e-02 2.143191173672676086e-03 2.140254015102982521e-03 1.121669265558011830e-04 -9.999977350234985352e-01
9.986272454261779785e-01 5.233629047870635986e-02 2.139636082574725151e-03 2.136703813448548317e-03 1.119808730436488986e-04 -9.999977350234985352e-01
9.986267685890197754e-01 -5.233626812696456909e-02 2.359553473070263863e-03 2.356319688260555267e-03 -1.234905648743733764e-04 -9.999972581863403320e-01
9.986267685890197754e-01 -5.233626812696456909e-02 2.356098033487796783e-03 2.352869138121604919e-03 -1.233097136719152331e-04 -9.999972581863403320e-01
9.876853823661804199e-01 -1.564334332942962646e-01 2.484989119693636894e-03 2.454394940286874771e-03 -3.887366037815809250e-04 -9.999969005584716797e-01
9.876854419708251953e-01 -1.564334481954574585e-01 2.480536233633756638e-03 2.449996769428253174e-03 -3.880399744957685471e-04 -9.999969005584716797e-01
9.659225344657897949e-01 -2.588187754154205322e-01 2.550077158957719803e-03 2.463185228407382965e-03 -6.600100314244627953e-04 -9.999967813491821289e-01
9.659225344657897949e-01 -2.588187754154205322e-01 2.551996381953358650e-03 2.465039025992155075e-03 -6.605067756026983261e-04 -9.999967813491821289e-01
9.335774183273315430e-01 -3.583664000034332275e-01 2.596435369923710823e-03 2.423981670290231705e-03 -9.304783889092504978e-04 -9.999966025352478027e-01
9.335774183273315430e-01 -3.583664000034332275e-01 2.597008831799030304e-03 2.424516947939991951e-03 -9.306838619522750378e-04 -9.999966025352478027e-01
8.910034298896789551e-01 -4.539891183376312256e-01 2.611136063933372498e-03 2.326539019122719765e-03 -1.185431377962231636e-03 -9.999966025352478027e-01
8.910034298896789551e-01 -4.539891183376312256e-01 2.610271563753485680e-03 2.325768815353512764e-03 -1.185038941912353039e-03 -9.999966025352478027e-01
8.386679291725158691e-01 -5.446369647979736328e-01 2.580091822892427444e-03 2.163847442716360092e-03 -1.405218034051358700e-03 -9.999966621398925781e-01
8.386679887771606445e-01 -5.446369647979736328e-01 2.566502662375569344e-03 2.152450615540146828e-03 -1.397816813550889492e-03 -9.999967217445373535e-01
7.771431803703308105e-01 -6.293185949325561523e-01 2.576466649770736694e-03 2.002290450036525726e-03 -1.621423871256411076e-03 -9.999967217445373535e-01
7.771432399749755859e-01 -6.293185949325561523e-01 2.571862889453768730e-03 1.998712541535496712e-03 -1.618526526726782322e-03 -9.999967217445373535e-01
7.071045637130737305e-01 -7.071045637130737305e-01 2.513332990929484367e-03 1.777195138856768608e-03 -1.777195138856768608e-03 -9.999968409538269043e-01
7.071045637130737305e-01 -7.071045637130737305e-01 2.504827454686164856e-03 1.771180774085223675e-03 -1.771180774085223675e-03 -9.999968409538269043e-01
6.293187737464904785e-01 -7.771433591842651367e-01 2.449021674692630768e-03 1.541220117360353470e-03 -1.903247088193893433e-03 -9.999970197677612305e-01
6.293187737464904785e-01 -7.771434187889099121e-01 2.459524199366569519e-03 1.547829597257077694e-03 -1.911409082822501659e-03 -9.999970197677612305e-01
5.446372032165527344e-01 -8.386683464050292969e-01 2.390584442764520645e-03 1.302005024626851082e-03 -2.004913520067930222e-03 -9.999971985816955566e-01
5.446372032165527344e-01 -8.386683464050292969e-01 2.403741935268044472e-03 1.309170969761908054e-03 -2.015948062762618065e-03 -9.999971389770507812e-01
4.539893567562103271e-01 -8.910039067268371582e-01 2.383923623710870743e-03 1.082279020920395851e-03 -2.124091377481818199e-03 -9.999971389770507812e-01
4.539893567562103271e-01 -8.910039067268371582e-01 2.392784692347049713e-03 1.086301868781447411e-03 -2.131986664608120918e-03 -9.999971389770507812e-01
3.583666086196899414e-01 -9.335779547691345215e-01 2.375128678977489471e-03 8.511692285537719727e-04 -2.217374043539166451e-03 -9.999971985816955566e-01
3.583666086196899414e-01 -9.335779547691345215e-01 2.364986343309283257e-03 8.475345093756914139e-04 -2.207905286923050880e-03 -9.999971985816955566e-01
2.588188946247100830e-01 -9.659230113029479980e-01 2.360556740313768387e-03 6.109584355726838112e-04 -2.280122600495815277e-03 -9.999972581863403320e-01
2.588188648223876953e-01 -9.659229516983032227e-01 2.381751313805580139e-03 6.164439837448298931e-04 -2.300594933331012726e-03 -9.999971985816955566e-01
1.564334928989410400e-01 -9.876856803894042969e-01 2.370542380958795547e-03 3.708332369569689035e-04 -2.341357292607426643e-03 -9.999971985816955566e-01
1.564334928989410400e-01 -9.876856803894042969e-01 2.376426244154572487e-03 3.717536746989935637e-04 -2.347168745473027229e-03 -9.999971985816955566e-01
5.233626440167427063e-02 -9.986267089843750000e-01 2.370298141613602638e-03 1.240528945345431566e-04 -2.367049688473343849e-03 -9.999971985816955566e-01
5.233626067638397217e-02 -9.986266493797302246e-01 2.399884164333343506e-03 1.256013201782479882e-04 -2.396595198661088943e-03 -9.999971389770507812e-01
-5.233625322580337524e-02 -9.986265301704406738e-01 2.445831429213285446e-03 -1.280060387216508389e-04 -2.442479366436600685e-03 -9.999970197677612305e-01
-5.233624950051307678e-02 -9.986264705657958984e-01 2.463359851390123367e-03 -1.289234060095623136e-04 -2.459983807057142258e-03 -9.999969601631164551e-01
-1.564334481954574585e-01 -9.876854419708251953e-01 2.465087687596678734e-03 -3.856233670376241207e-04 -2.434738911688327789e-03 -9.999970197677612305e-01
-1.564334332942962646e-01 -9.876853823661804199e-01 2.485230565071105957e-03 -3.887743805535137653e-04 -2.454633358865976334e-03 -9.999969005584716797e-01
-2.588188052177429199e-01 -9.659226536750793457e-01 2.505961572751402855e-03 -6.485920748673379421e-04 -2.420572796836495399e-03 -9.999969005584716797e-01
-2.588188052177429199e-01 -9.659226536750793457e-01 2.523762173950672150e-03 -6.531991530209779739e-04 -2.437766641378402710e-03 -9.999968409538269043e-01
-3.583664596080780029e-01 -9.335775971412658691e-01 2.544921822845935822e-03 -9.120175964199006557e-04 -2.375889569520950317e-03 -9.999967813491821289e-01
-3.583664596080780029e-01 -9.335775375366210938e-01 2.560027875006198883e-03 -9.174310835078358650e-04 -2.389992354437708855e-03 -9.999967217445373535e-01
-4.539891481399536133e-01 -8.910034894943237305e-01 2.584351692348718643e-03 -1.173271564766764641e-03 -2.302674110978841782e-03 -9.999966621398925781e-01
-4.539891481399536133e-01 -8.910034894943237305e-01 2.591556636616587639e-03 -1.176542486064136028e-03 -2.309093717485666275e-03 -9.999966621398925781e-01
-5.446368455886840820e-01 -8.386678099632263184e-01 2.641997765749692917e-03 -1.438934472389519215e-03 -2.215766347944736481e-03 -9.999965429306030273e-01
-5.446368455886840820e-01 -8.386678099632263184e-01 2.644342835992574692e-03 -1.440211548469960690e-03 -2.217732835561037064e-03 -9.999964833259582520e-01
-6.293183565139770508e-01 -7.771429419517517090e-01 2.719289390370249748e-03 -1.711304998025298119e-03 -2.113284310325980186e-03 -9.999963045120239258e-01
-6.293182969093322754e-01 -7.771428227424621582e-01 2.722582314163446426e-03 -1.713377539999783039e-03 -2.115843584761023521e-03 -9.999963045120239258e-01
-7.071040868759155273e-01 -7.071040868759155273e-01 2.765215700492262840e-03 -1.955303130671381950e-03 -1.955303130671381950e-03 -9.999961853027343750e-01
-7.071040272712707520e-01 -7.071040272712707520e-01 2.797663444653153419e-03 -1.978246960788965225e-03 -1.978246960788965225e-03 -9.999960660934448242e-01
-7.771426439285278320e-01 -6.293181180953979492e-01 2.837437205016613007e-03 -2.205102704465389252e-03 -1.785658067092299461e-03 -9.999960064888000488e-01
-7.771425843238830566e-01 -6.293181180953979492e-01 2.858890686184167862e-03 -2.221775241196155548e-03 -1.799159101210534573e-03 -9.999959468841552734e-01
-8.386672735214233398e-01 -5.446364879608154297e-01 2.903613494709134102e-03 -2.435175701975822449e-03 -1.581420423462986946e-03 -9.999958276748657227e-01
-8.386672139167785645e-01 -5.446364879608154297e-01 2.921844366937875748e-03 -2.450465457513928413e-03 -1.591349719092249870e-03 -9.999957680702209473e-01
-8.910026550292968750e-01 -4.539887309074401855e-01 2.935153665021061897e-03 -2.615240868180990219e-03 -1.332532381638884544e-03 -9.999957084655761719e-01
-8.910026550292968750e-01 -4.539887309074401855e-01 2.920255297794938087e-03 -2.601966494694352150e-03 -1.325768767856061459e-03 -9.999957680702209473e-01
-9.335769414901733398e-01 -3.583662211894989014e-01 2.786993049085140228e-03 -2.601882675662636757e-03 -9.987680241465568542e-04 -9.999961256980895996e-01
-9.335769414901733398e-01 -3.583662211894989014e-01 2.790316473692655563e-03 -2.604985376819968224e-03 -9.999590693041682243e-04 -9.999961256980895996e-01
-9.659220576286315918e-01 -2.588186264038085938e-01 2.740581985563039780e-03 -2.647198503836989403e-03 -7.093163440003991127e-04 -9.999962449073791504e-01
-9.659220576286315918e-01 -2.588186264038085938e-01 2.738871844485402107e-03 -2.645546803250908852e-03 -7.088737911544740200e-04 -9.999963045120239258e-01
-9.876851439476013184e-01 -1.564334034919738770e-01 2.595977624878287315e-03 -2.564016962423920631e-03 -4.060989595018327236e-04 -9.999966621398925781e-01
-9.876851439476013184e-01 -1.564334034919738770e-01 2.587785245850682259e-03 -2.555925631895661354e-03 -4.048174014315009117e-04 -9.999966621398925781e-01
-9.986265897750854492e-01 -5.233625695109367371e-02 2.422162797302007675e-03 -2.418843330815434456e-03 -1.267673069378361106e-04 -9.999970793724060059e-01
-9.986265897750854492e-01 -5.233625695109367371e-02 2.424828242510557175e-03 -2.421505050733685493e-03 -1.269068015972152352e-04 -9.999970793724060059e-01
-9.986271262168884277e-01 5.233628675341606140e-02 2.185349352657794952e-03 -2.182354452088475227e-03 1.143733388744294643e-04 -9.999976158142089844e-01
-9.986271262168884277e-01 5.233628675341606140e-02 2.189910504966974258e-03 -2.186909317970275879e-03 1.146120557677932084e-04 -9.999976158142089844e-01
-9.876863360404968262e-01 1.564335972070693970e-01 2.066790591925382614e-03 -2.041344996541738510e-03 3.233161405660212040e-04 -9.999978542327880859e-01
-9.876863360404968262e-01 1.564335972070693970e-01 2.057736506685614586e-03 -2.032402437180280685e-03 3.218998026568442583e-04 -9.999979138374328613e-01
-9.659237861633300781e-01 2.588191032409667969e-01 1.972305122762918472e-03 -1.905100303702056408e-03 5.104712909087538719e-04 -9.999980926513671875e-01
-9.659237861633300781e-01 2.588191032409667969e-01 1.980498665943741798e-03 -1.913014682941138744e-03 5.125919706188142300e-04 -9.999980926513671875e-01
-9.335789680480957031e-01 3.583669960498809814e-01 1.860956661403179169e-03 -1.737353042699396610e-03 6.669065915048122406e-04 -9.999982714653015137e-01
-9.335790276527404785e-01 3.583670258522033691e-01 1.842971541918814182e-03 -1.720562460832297802e-03 6.604613154195249081e-04 -9.999983310699462891e-01
-8.910051584243774414e-01 4.539899826049804688e-01 1.718250685371458530e-03 -1.530972542241215706e-03 7.800698513165116310e-04 -9.999985694885253906e-01
-8.910051584243774414e-01 4.539899826049804688e-01 1.709062024019658566e-03 -1.522785401903092861e-03 7.758982828818261623e-04 -9.999985694885253906e-01
-8.386697769165039062e-01 5.446381568908691406e-01 1.546245417557656765e-03 -1.296790665946900845e-03 8.421451202593743801e-04 -9.999988079071044922e-01
-8.386697769165039062e-01 5.446381568908691406e-01 1.548833330161869526e-03 -1.298961113207042217e-03 8.435546187683939934e-04 -9.999988079071044922e-01
-7.771450281143188477e-01 6.293200254440307617e-01 1.424829126335680485e-03 -1.107299933210015297e-03 8.966744644567370415e-04 -9.999989867210388184e-01
-7.771450281143188477e-01 6.293200254440307617e-01 1.425414229743182659e-03 -1.107754651457071304e-03 8.970426279120147228e-04 -9.999989867210388184e-01
-7.071062326431274414e-01 7.071062326431274414e-01 1.252889400348067284e-03 -8.859267109073698521e-04 8.859267109073698521e-04 -9.999992251396179199e-01
-7.071062922477722168e-01 7.071062922477722168e-01 1.241981983184814453e-03 -8.782139630056917667e-04 8.782139630056917667e-04 -9.999992251396179199e-01
-6.293203234672546387e-01 7.771453261375427246e-01 1.105076400563120842e-03 -6.954474374651908875e-04 8.588054915890097618e-04 -9.999994039535522461e-01
-6.293203234672546387e-01 7.771453261375427246e-01 1.090232166461646557e-03 -6.861056317575275898e-04 8.472693734802305698e-04 -9.999994039535522461e-01
-5.446385741233825684e-01 8.386703729629516602e-01 9.791281772777438164e-04 -5.332710570655763149e-04 8.211660315282642841e-04 -9.999995231628417969e-01
-5.446385741233825684e-01 8.386703729629516602e-01 9.636722970753908157e-04 -5.248532397672533989e-04 8.082037093117833138e-04 -9.999995231628417969e-01
-4.539905190467834473e-01 8.910061717033386230e-01 8.275361033156514168e-04 -3.756936930585652590e-04 7.373400731012225151e-04 -9.999997019767761230e-01
-4.539905190467834473e-01 8.910062313079833984e-01 8.023286354728043079e-04 -3.642497176770120859e-04 7.148800068534910679e-04 -9.999997019767761230e-01
-3.583675026893615723e-01 9.335802793502807617e-01 7.573906914331018925e-04 -2.714243310038000345e-04 7.070853025652468204e-04 -9.999997615814208984e-01
-3.583675026893615723e-01 9.335802793502807617e-01 7.788282819092273712e-04 -2.791068400256335735e-04 7.270989590324461460e-04 -9.999997019767761230e-01
-2.588195502758026123e-01 9.659254550933837891e-01 7.253820658661425114e-04 -1.877431059256196022e-04 7.006651721894741058e-04 -9.999997615814208984e-01
-2.588195502758026123e-01 9.659254550933837891e-01 7.177763036452233791e-04 -1.857745810411870480e-04 6.933185504749417305e-04 -9.999997615814208984e-01
-1.564338952302932739e-01 9.876882433891296387e-01 6.659817881882190704e-04 -1.041821451508440077e-04 6.577824824489653111e-04 -9.999998211860656738e-01
-1.564338952302932739e-01 9.876882433891296387e-01 6.531373364850878716e-04 -1.021728385239839554e-04 6.450961809605360031e-04 -9.999998211860656738e-01
1.005004160106182098e-03 9.999995231628417969e-01 0.000000000000000000e+00 -9.999995231628417969e-01 1.005004160106182098e-03 -0.000000000000000000e+00
1.007309881970286369e-03 9.999995231628417969e-01 -0.000000000000000000e+00 -9.999995231628417969e-01 1.007309881970286369e-03 0.000000000000000000e+00
1.025885692797601223e-03 9.999994635581970215e-01 0.000000000000000000e+00 -9.999994635581970215e-01 1.025885692797601223e-03 -0.000000000000000000e+00
1.026337733492255211e-03 9.999994635581970215e-01 -0.000000000000000000e+00 -9.999994635581970215e-01 1.026337733492255211e-03 0.000000000000000000e+00
1.046079793013632298e-03 9.999994635581970215e-01 0.000000000000000000e+00 -9.999994635581970215e-01 1.046079793013632298e-03 -0.000000000000000000e+00
1.046040328219532967e-03 9.999994635581970215e-01 -0.000000000000000000e+00 -9.999994635581970215e-01 1.046040328219532967e-03 0.000000000000000000e+00
1.063631963916122913e-03 9.999994635581970215e-01 0.000000000000000000e+00 -9.999994635581970215e-01 1.063631963916122913e-03 -0.000000000000000000e+00
1.056073000654578209e-03 9.999994635581970215e-01 -0.000000000000000000e+00 -9.999994635581970215e-01 1.056073000654578209e-03 0.000000000000000000e+00
1.075470005162060261e-03 9.999994635581970215e-01 -0.000000000000000000e+00 -9.999994635581970215e-01 1.075470005162060261e-03 0.000000000000000000e+00
1.096161431632936001e-03 9.999994039535522461e-01 0.000000000000000000e+00 -9.999994039535522461e-01 1.096161431632936001e-03 -0.000000000000000000e+00
1.113379956223070621e-03 9.999994039535522461e-01 -0.000000000000000000e+00 -9.999994039535522461e-01 1.113379956223070621e-03 0.000000000000000000e+00
1.115834689699113369e-03 9.999994039535522461e-01 0.000000000000000000e+00 -9.999994039535522461e-01 1.115834689699113369e-03 -0.000000000000000000e+00
1.139415544457733631e-03 9.999993443489074707e-01 -0.000000000000000000e+00 -9.999993443489074707e-01 1.139415544457733631e-03 0.000000000000000000e+00
1.147433766163885593e-03 9.999993443489074707e-01 -0.000000000000000000e+00 -9.999993443489074707e-01 1.147433766163885593e-03 0.000000000000000000e+00
1.141134416684508324e-03 9.999993443489074707e-01 0.000000000000000000e+00 -9.999993443489074707e-01 1.141134416684508324e-03 -0.000000000000000000e+00
1.151992240920662880e-03 9.999993443489074707e-01 -0.000000000000000000e+00 -9.999993443489074707e-01 1.151992240920662880e-03 0.000000000000000000e+00
1.170452800579369068e-03 9.999993443489074707e-01 0.000000000000000000e+00 -9.999993443489074707e-01 1.170452800579369068e-03 -0.000000000000000000e+00
1.185582252219319344e-03 9.999992847442626953e-01 -0.000000000000000000e+00 -9.999992847442626953e-01 1.185582252219319344e-03 0.000000000000000000e+00
1.166384434327483177e-03 9.999993443489074707e-01 0.000000000000000000e+00 -9.999993443489074707e-01 1.166384434327483177e-03 -0.000000000000000000e+00
1.175322919152677059e-03 9.999993443489074707e-01 -0.000000000000000000e+00 -9.999993443489074707e-01 1.175322919152677059e-03 0.000000000000000000e+00
1.173089025542140007e-03 9.999993443489074707e-01 -0.000000000000000000e+00 -9.999993443489074707e-01 1.173089025542140007e-03 0.000000000000000000e+00
1.172044547274708748e-03 9.999993443489074707e-01 0.000000000000000000e+00 -9.999993443489074707e-01 1.172044547274708748e-03 -0.000000000000000000e+00
1.160977408289909363e-03 9.999993443489074707e-01 -0.000000000000000000e+00 -9.999993443489074707e-01 1.160977408289909363e-03 0.000000000000000000e+00
1.157623017206788063e-03 9.999993443489074707e-01 0.000000000000000000e+00 -9.999993443489074707e-01 1.157623017206788063e-03 -0.000000000000000000e+00
1.154034398496150970e-03 9.999993443489074707e-01 0.000000000000000000e+00 -9.999993443489074707e-01 1.154034398496150970e-03 -0.000000000000000000e+00
1.149486168287694454e-03 9.999993443489074707e-01 0.000000000000000000e+00 -9.999993443489074707e-01 1.149486168287694454e-03 -0.000000000000000000e+00
1.140900305472314358e-03 9.999993443489074707e-01 0.000000000000000000e+00 -9.999993443489074707e-01 1.140900305472314358e-03 -0.000000000000000000e+00
1.143810106441378593e-03 9.999993443489074707e-01 0.000000000000000000e+00 -9.999993443489074707e-01 1.143810106441378593e-03 -0.000000000000000000e+00
1.145031652413308620e-03 9.999993443489074707e-01 0.000000000000000000e+00 -9.999993443489074707e-01 1.145031652413308620e-03 0.000000000000000000e+00
1.139985979534685612e-03 9.999993443489074707e-01 0.000000000000000000e+00 -9.999993443489074707e-01 1.139985979534685612e-03 -0.000000000000000000e+00
1.124141272157430649e-03 9.999994039535522461e-01 0.000000000000000000e+00 -9.999994039535522461e-01 1.124141272157430649e-03 0.000000000000000000e+00
1.132615841925144196e-03 9.999993443489074707e-01 0.000000000000000000e+00 -9.999993443489074707e-01 1.132615841925144196e-03 -0.000000000000000000e+00
1.123610185459256172e-03 9.999994039535522461e-01 0.000000000000000000e+00 -9.999994039535522461e-01 1.123610185459256172e-03 -0.000000000000000000e+00
1.112135010771453381e-03 9.999994039535522461e-01 0.000000000000000000e+00 -9.999994039535522461e-01 1.112135010771453381e-03 0.000000000000000000e+00
1.098461099900305271e-03 9.999994039535522461e-01 0.000000000000000000e+00 -9.999994039535522461e-01 1.098461099900305271e-03 -0.000000000000000000e+00
1.073471619747579098e-03 9.999994635581970215e-01 0.000000000000000000e+00 -9.999994635581970215e-01 1.073471619747579098e-03 0.000000000000000000e+00
1.055708737112581730e-03 9.999994635581970215e-01 0.000000000000000000e+00 -9.999994635581970215e-01 1.055708737112581730e-03 -0.000000000000000000e+00
1.040449133142828941e-03 9.999994635581970215e-01 0.000000000000000000e+00 -9.999994635581970215e-01 1.040449133142828941e-03 0.000000000000000000e+00
1.000138465315103531e-03 9.999995231628417969e-01 0.000000000000000000e+00 -9.999995231628417969e-01 1.000138465315103531e-03 -0.000000000000000000e+00
1.002331380732357502e-03 9.999995231628417969e-01 0.000000000000000000e+00 -9.999995231628417969e-01 1.002331380732357502e-03 -0.000000000000000000e+00
9.852899238467216492e-04 9.999995231628417969e-01 0.000000000000000000e+00 -9.999995231628417969e-01 9.852899238467216492e-04 0.000000000000000000e+00
9.771180339157581329e-04 9.999995231628417969e-01 0.000000000000000000e+00 -9.999995231628417969e-01 9.771180339157581329e-04 -0.000000000000000000e+00
9.734855266287922859e-04 9.999995231628417969e-01 0.000000000000000000e+00 -9.999995231628417969e-01 9.734855266287922859e-04 0.000000000000000000e+00
9.625970269553363323e-04 9.999995231628417969e-01 0.000000000000000000e+00 -9.999995231628417969e-01 9.625970269553363323e-04 -0.000000000000000000e+00
9.648879640735685825e-04 9.999995231628417969e-01 0.000000000000000000e+00 -9.999995231628417969e-01 9.648879640735685825e-04 0.000000000000000000e+00
9.707118151709437370e-04 9.999995231628417969e-01 0.000000000000000000e+00 -9.999995231628417969e-01 9.707118151709437370e-04 -0.000000000000000000e+00
9.667999693192541599e-04 9.999995231628417969e-01 0.000000000000000000e+00 -9.999995231628417969e-01 9.667999693192541599e-04 0.000000000000000000e+00
9.612145368009805679e-04 9.999995231628417969e-01 0.000000000000000000e+00 -9.999995231628417969e-01 9.612145368009805679e-04 0.000000000000000000e+00
9.580254554748535156e-04 9.999995827674865723e-01 0.000000000000000000e+00 -9.999995827674865723e-01 9.580254554748535156e-04 0.000000000000000000e+00
9.652244043536484241e-04 9.999995231628417969e-01 0.000000000000000000e+00 -9.999995231628417969e-01 9.652244043536484241e-04 0.000000000000000000e+00
9.662352968007326126e-04 9.999995231628417969e-01 0.000000000000000000e+00 -9.999995231628417969e-01 9.662352968007326126e-04 0.000000000000000000e+00
9.547222289256751537e-04 9.999995827674865723e-01 0.000000000000000000e+00 -9.999995827674865723e-01 9.547222289256751537e-04 0.000000000000000000e+00
9.304801933467388153e-04 9.999995827674865723e-01 0.000000000000000000e+00 -9.999995827674865723e-01 9.304801933467388153e-04 0.000000000000000000e+00
9.253175230696797371e-04 9.999995827674865723e-01 0.000000000000000000e+00 -9.999995827674865723e-01 9.253175230696797371e-04 0.000000000000000000e+00
9.454428800381720066e-04 9.999995827674865723e-01 0.000000000000000000e+00 -9.999995827674865723e-01 9.454428800381720066e-04 0.000000000000000000e+00
9.546359651722013950e-04 9.999995827674865723e-01 0.000000000000000000e+00 -9.999995827674865723e-01 9.546359651722013950e-04 0.000000000000000000e+00
9.467829950153827667e-04 9.999995827674865723e-01 0.000000000000000000e+00 -9.999995827674865723e-01 9.467829950153827667e-04 0.000000000000000000e+00
9.449323406442999840e-04 9.999995827674865723e-01 0.000000000000000000e+00 -9.999995827674865723e-01 9.449323406442999840e-04 0.000000000000000000e+00
9.674773318693041801e-04 9.999995231628417969e-01 0.000000000000000000e+00 -9.999995231628417969e-01 9.674773318693041801e-04 0.000000000000000000e+00
9.832549840211868286e-04 9.999995231628417969e-01 0.000000000000000000e+00 -9.999995231628417969e-01 9.832549840211868286e-04 0.000000000000000000e+00
9.902711026370525360e-04 9.999995231628417969e-01 0.000000000000000000e+00 -9.999995231628417969e-01 9.902711026370525360e-04 0.000000000000000000e+00
1.011999906040728092e-03 9.999995231628417969e-01 0.000000000000000000e+00 -9.999995231628417969e-01 1.011999906040728092e-03 0.000000000000000000e+00
1.013105851598083973e-03 9.999995231628417969e-01 0.000000000000000000e+00 -9.999995231628417969e-01 1.013105851598083973e-03 0.000000000000000000e+00
1.010730164125561714e-03 9.999995231628417969e-01 0.000000000000000000e+00 -9.999995231628417969e-01 1.010730164125561714e-03 0.000000000000000000e+00
1.009624218568205833e-03 9.999995231628417969e-01 0.000000000000000000e+00 -9.999995231628417969e-01 1.009624218568205833e-03 0.000000000000000000e+00
1.019416842609643936e-03 9.999995231628417969e-01 0.000000000000000000e+00 -9.999995231628417969e-01 1.019416842609643936e-03 0.000000000000000000e+00
1.029624952934682369e-03 9.999994635581970215e-01 0.000000000000000000e+00 -9.999994635581970215e-01 1.029624952934682369e-03 0.000000000000000000e+00
1.037135603837668896e-03 9.999994635581970215e-01 0.000000000000000000e+00 -9.999994635581970215e-01 1.037135603837668896e-03 0.000000000000000000e+00
1.043189084157347679e-03 9.999994635581970215e-01 0.000000000000000000e+00 -9.999994635581970215e-01 1.043189084157347679e-03 0.000000000000000000e+00
1.044761738739907742e-03 9.999994635581970215e-01 -0.000000000000000000e+00 -9.999994635581970215e-01 1.044761738739907742e-03 0.000000000000000000e+00
1.042586402036249638e-03 9.999994635581970215e-01 0.000000000000000000e+00 -9.999994635581970215e-01 1.042586402036249638e-03 0.000000000000000000e+00
1.038591144606471062e-03 9.999994635581970215e-01 0.000000000000000000e+00 -9.999994635581970215e-01 1.038591144606471062e-03 0.000000000000000000e+00
1.037202891893684864e-03 9.999994635581970215e-01 -0.000000000000000000e+00 -9.999994635581970215e-01 1.037202891893684864e-03 0.000000000000000000e+00
1.032252330332994461e-03 9.999994635581970215e-01 -0.000000000000000000e+00 -9.999994635581970215e-01 1.032252330332994461e-03 0.000000000000000000e+00
1.038880785927176476e-03 9.999994635581970215e-01 -0.000000000000000000e+00 -9.999994635581970215e-01 1.038880785927176476e-03 0.000000000000000000e+00
1.040664152242243290e-03 9.999994635581970215e-01 -0.000000000000000000e+00 -9.999994635581970215e-01 1.040664152242243290e-03 0.000000000000000000e+00
1.030647545121610165e-03 9.999994635581970215e-01 -0.000000000000000000e+00 -9.999994635581970215e-01 1.030647545121610165e-03 0.000000000000000000e+00
1.035772147588431835e-03 9.999994635581970215e-01 -0.000000000000000000e+00 -9.999994635581970215e-01 1.035772147588431835e-03 0.000000000000000000e+00
1.021793927066028118e-03 9.999994635581970215e-01 -0.000000000000000000e+00 -9.999994635581970215e-01 1.021793927066028118e-03 0.000000000000000000e+00
1.034375047311186790e-03 9.999994635581970215e-01 -0.000000000000000000e+00 -9.999994635581970215e-01 1.034375047311186790e-03 0.000000000000000000e+00
1.033541164360940456e-03 9.999994635581970215e-01 -0.000000000000000000e+00 -9.999994635581970215e-01 1.033541164360940456e-03 0.000000000000000000e+00
1.033093547448515892e-03 9.999994635581970215e-01 0.000000000000000000e+00 -9.999994635581970215e-01 1.033093547448515892e-03 -0.000000000000000000e+00
1.030441257171332836e-03 9.999994635581970215e-01 0.000000000000000000e+00 -9.999994635581970215e-01 1.030441257171332836e-03 -0.000000000000000000e+00
1.023120828904211521e-03 9.999994635581970215e-01 0.000000000000000000e+00 -9.999994635581970215e-01 1.023120828904211521e-03 -0.000000000000000000e+00
1.013806671835482121e-03 9.999995231628417969e-01 0.000000000000000000e+00 -9.999995231628417969e-01 1.013806671835482121e-03 -0.000000000000000000e+00
1.000883057713508606e-03 9.999995231628417969e-01 0.000000000000000000e+00 -9.999995231628417969e-01 1.000883057713508606e-03 -0.000000000000000000e+00
9.943657787516713142e-04 9.999995231628417969e-01 0.000000000000000000e+00 -9.999995231628417969e-01 9.943657787516713142e-04 -0.000000000000000000e+00
9.823932778090238571e-04 9.999995231628417969e-01 -0.000000000000000000e+00 -9.999995231628417969e-01 9.823932778090238571e-04 0.000000000000000000e+00
9.781522676348686218e-04 9.999995231628417969e-01 0.000000000000000000e+00 -9.999995231628417969e-01 9.781522676348686218e-04 0.000000000000000000e+00
9.804520523175597191e-04 9.999995231628417969e-01 0.000000000000000000e+00 -9.999995231628417969e-01 9.804520523175597191e-04 -0.000000000000000000e+00
1.000976772047579288e-03 9.999995231628417969e-01 -0.000000000000000000e+00 -9.999995231628417969e-01 1.000976772047579288e-03 0.000000000000000000e+00
1.005375757813453674e-03 9.999995231628417969e-01 0.000000000000000000e+00 -9.999995231628417969e-01 1.005375757813453674e-03 0.000000000000000000e+00
1.008635270409286022e-03 9.999995231628417969e-01 -0.000000000000000000e+00 -9.999995231628417969e-01 1.008635270409286022e-03 0.000000000000000000e+00
1.013999804854393005e-03 9.999995231628417969e-01 0.000000000000000000e+00 -9.999995231628417969e-01 1.013999804854393005e-03 0.000000000000000000e+00
1.031493069604039192e-03 9.999994635581970215e-01 -0.000000000000000000e+00 -9.999994635581970215e-01 1.031493069604039192e-03 0.000000000000000000e+00
1.026068581268191338e-03 9.999994635581970215e-01 -0.000000000000000000e+00 -9.999994635581970215e-01 1.026068581268191338e-03 0.000000000000000000e+00
1.034658867865800858e-03 9.999994635581970215e-01 -0.000000000000000000e+00 -9.999994635581970215e-01 1.034658867865800858e-03 0.000000000000000000e+00
1.030218903906643391e-03 9.999994635581970215e-01 -0.000000000000000000e+00 -9.999994635581970215e-01 1.030218903906643391e-03 0.000000000000000000e+00
1.030406099744141102e-03 9.999994635581970215e-01 -0.000000000000000000e+00 -9.999994635581970215e-01 1.030406099744141102e-03 0.000000000000000000e+00
1.047675847075879574e-03 9.999994635581970215e-01 -0.000000000000000000e+00 -9.999994635581970215e-01 1.047675847075879574e-03 0.000000000000000000e+00
1.048323931172490120e-03 9.999994635581970215e-01 -0.000000000000000000e+00 -9.999994635581970215e-01 1.048323931172490120e-03 0.000000000000000000e+00
1.043566502630710602e-03 9.999994635581970215e-01 -0.000000000000000000e+00 -9.999994635581970215e-01 1.043566502630710602e-03 0.000000000000000000e+00
1.027113059535622597e-03 9.999994635581970215e-01 -0.000000000000000000e+00 -9.999994635581970215e-01 1.027113059535622597e-03 0.000000000000000000e+00
1.012984430417418480e-03 9.999995231628417969e-01 -0.000000000000000000e+00 -9.999995231628417969e-01 1.012984430417418480e-03 0.000000000000000000e+00
1.018003677017986774e-03 9.999995231628417969e-01 -0.000000000000000000e+00 -9.999995231628417969e-01 1.018003677017986774e-03 0.000000000000000000e+00
1.013481873087584972e-03 9.999995231628417969e-01 -0.000000000000000000e+00 -9.999995231628417969e-01 1.013481873087584972e-03 0.000000000000000000e+00
1.007040613330900669e-03 9.999995231628417969e-01 -0.000000000000000000e+00 -9.999995231628417969e-01 1.007040613330900669e-03 0.000000000000000000e+00
1.023319782689213753e-03 9.999994635581970215e-01 -0.000000000000000000e+00 -9.999994635581970215e-01 1.023319782689213753e-03 0.000000000000000000e+00
1.020073657855391502e-03 9.999995231628417969e-01 -0.000000000000000000e+00 -9.999995231628417969e-01 1.020073657855391502e-03 0.000000000000000000e+00
2.670068060979247093e-03 -9.999964237213134766e-01 -0.000000000000000000e+00 -9.999964237213134766e-01 -2.670068060979247093e-03 0.000000000000000000e+00
2.664915984496474266e-03 -9.999964833259582520e-01 -0.000000000000000000e+00 -9.999964833259582520e-01 -2.664915984496474266e-03 0.000000000000000000e+00
2.600100124254822731e-03 -9.999966621398925781e-01 -0.000000000000000000e+00 -9.999966621398925781e-01 -2.600100124254822731e-03 0.000000000000000000e+00
2.721589058637619019e-03 -9.999963045120239258e-01 0.000000000000000000e+00 -9.999963045120239258e-01 -2.721589058637619019e-03 0.000000000000000000e+00
2.720462623983621597e-03 -9.999963045120239258e-01 0.000000000000000000e+00 -9.999963045120239258e-01 -2.720462623983621597e-03 -0.000000000000000000e+00
2.780603012070059776e-03 -9.999961256980895996e-01 0.000000000000000000e+00 -9.999961256980895996e-01 -2.780603012070059776e-03 0.000000000000000000e+00
2.782576484605669975e-03 -9.999961256980895996e-01 0.000000000000000000e+00 -9.999961256980895996e-01 -2.782576484605669975e-03 -0.000000000000000000e+00
2.806728938594460487e-03 -9.999960660934448242e-01 0.000000000000000000e+00 -9.999960660934448242e-01 -2.806728938594460487e-03 0.000000000000000000e+00
2.806298900395631790e-03 -9.999960660934448242e-01 0.000000000000000000e+00 -9.999960660934448242e-01 -2.806298900395631790e-03 -0.000000000000000000e+00
2.846135525032877922e-03 -9.999959468841552734e-01 0.000000000000000000e+00 -9.999959468841552734e-01 -2.846135525032877922e-03 0.000000000000000000e+00
2.847016090527176857e-03 -9.999959468841552734e-01 0.000000000000000000e+00 -9.999959468841552734e-01 -2.847016090527176857e-03 -0.000000000000000000e+00
2.879128791391849518e-03 -9.999958872795104980e-01 0.000000000000000000e+00 -9.999958872795104980e-01 -2.879128791391849518e-03 0.000000000000000000e+00
2.891260664910078049e-03 -9.999958276748657227e-01 0.000000000000000000e+00 -9.999958276748657227e-01 -2.891260664910078049e-03 -0.000000000000000000e+00
2.907688962295651436e-03 -9.999957680702209473e-01 0.000000000000000000e+00 -9.999957680702209473e-01 -2.907688962295651436e-03 0.000000000000000000e+00
2.906041685491800308e-03 -9.999957680702209473e-01 0.000000000000000000e+00 -9.999957680702209473e-01 -2.906041685491800308e-03 -0.000000000000000000e+00
2.928425790742039680e-03 -9.999957084655761719e-01 0.000000000000000000e+00 -9.999957084655761719e-01 -2.928425790742039680e-03 0.000000000000000000e+00
2.937043784186244011e-03 -9.999957084655761719e-01 0.000000000000000000e+00 -9.999957084655761719e-01 -2.937043784186244011e-03 -0.000000000000000000e+00
2.949547488242387772e-03 -9.999956488609313965e-01 0.000000000000000000e+00 -9.999956488609313965e-01 -2.949547488242387772e-03 0.000000000000000000e+00
2.961897291243076324e-03 -9.999956488609313965e-01 0.000000000000000000e+00 -9.999956488609313965e-01 -2.961897291243076324e-03 0.000000000000000000e+00
2.954499330371618271e-03 -9.999956488609313965e-01 0.000000000000000000e+00 -9.999956488609313965e-01 -2.954499330371618271e-03 -0.000000000000000000e+00
2.982394304126501083e-03 -9.999955892562866211e-01 0.000000000000000000e+00 -9.999955892562866211e-01 -2.982394304126501083e-03 0.000000000000000000e+00
2.974584931507706642e-03 -9.999955892562866211e-01 0.000000000000000000e+00 -9.999955892562866211e-01 -2.974584931507706642e-03 -0.000000000000000000e+00
3.029132727533578873e-03 -9.999954104423522949e-01 0.000000000000000000e+00 -9.999954104423522949e-01 -3.029132727533578873e-03 0.000000000000000000e+00
3.008856903761625290e-03 -9.999954700469970703e-01 0.000000000000000000e+00 -9.999954700469970703e-01 -3.008856903761625290e-03 -0.000000000000000000e+00
3.047660458832979202e-03 -9.999953508377075195e-01 0.000000000000000000e+00 -9.999953508377075195e-01 -3.047660458832979202e-03 0.000000000000000000e+00
3.031960455700755119e-03 -9.999954104423522949e-01 0.000000000000000000e+00 -9.999954104423522949e-01 -3.031960455700755119e-03 -0.000000000000000000e+00
3.063196782022714615e-03 -9.999953508377075195e-01 0.000000000000000000e+00 -9.999953508377075195e-01 -3.063196782022714615e-03 -0.000000000000000000e+00
3.030588151887059212e-03 -9.999954104423522949e-01 0.000000000000000000e+00 -9.999954104423522949e-01 -3.030588151887059212e-03 -0.000000000000000000e+00
3.063922282308340073e-03 -9.999953508377075195e-01 0.000000000000000000e+00 -9.999953508377075195e-01 -3.063922282308340073e-03 -0.000000000000000000e+00
3.048333339393138885e-03 -9.999953508377075195e-01 0.000000000000000000e+00 -9.999953508377075195e-01 -3.048333339393138885e-03 -0.000000000000000000e+00
3.087331773713231087e-03 -9.999952316284179688e-01 0.000000000000000000e+00 -9.999952316284179688e-01 -3.087331773713231087e-03 -0.000000000000000000e+00
3.046608529984951019e-03 -9.999953508377075195e-01 0.000000000000000000e+00 -9.999953508377075195e-01 -3.046608529984951019e-03 -0.000000000000000000e+00
3.073141444474458694e-03 -9.999952912330627441e-01 0.000000000000000000e+00 -9.999952912330627441e-01 -3.073141444474458694e-03 -0.000000000000000000e+00
3.006234532222151756e-03 -9.999954700469970703e-01 0.000000000000000000e+00 -9.999954700469970703e-01 -3.006234532222151756e-03 -0.000000000000000000e+00
2.969879657030105591e-03 -9.999955892562866211e-01 0.000000000000000000e+00 -9.999955892562866211e-01 -2.969879657030105591e-03 -0.000000000000000000e+00
2.978767501190304756e-03 -9.999955892562866211e-01 0.000000000000000000e+00 -9.999955892562866211e-01 -2.978767501190304756e-03 -0.000000000000000000e+00
2.940801670774817467e-03 -9.999957084655761719e-01 0.000000000000000000e+00 -9.999957084655761719e-01 -2.940801670774817467e-03 -0.000000000000000000e+00
2.941560000181198120e-03 -9.999957084655761719e-01 0.000000000000000000e+00 -9.999957084655761719e-01 -2.941560000181198120e-03 -0.000000000000000000e+00
2.890208037570118904e-03 -9.999958276748657227e-01 0.000000000000000000e+00 -9.999958276748657227e-01 -2.890208037570118904e-03 -0.000000000000000000e+00
2.903070067986845970e-03 -9.999958276748657227e-01 0.000000000000000000e+00 -9.999958276748657227e-01 -2.903070067986845970e-03 -0.000000000000000000e+00
2.849220763891935349e-03 -9.999959468841552734e-01 0.000000000000000000e+00 -9.999959468841552734e-01 -2.849220763891935349e-03 -0.000000000000000000e+00
2.867364557459950447e-03 -9.999958872795104980e-01 0.000000000000000000e+00 -9.999958872795104980e-01 -2.867364557459950447e-03 -0.000000000000000000e+00
2.795882523059844971e-03 -9.999961256980895996e-01 0.000000000000000000e+00 -9.999961256980895996e-01 -2.795882523059844971e-03 -0.000000000000000000e+00
2.787254750728607178e-03 -9.999961256980895996e-01 0.000000000000000000e+00 -9.999961256980895996e-01 -2.787254750728607178e-03 -0.000000000000000000e+00
2.753862645477056503e-03 -9.999962449073791504e-01 0.000000000000000000e+00 -9.999962449073791504e-01 -2.753862645477056503e-03 -0.000000000000000000e+00
2.729733940213918686e-03 -9.999963045120239258e-01 0.000000000000000000e+00 -9.999963045120239258e-01 -2.729733940213918686e-03 -0.000000000000000000e+00
2.683927770704030991e-03 -9.999964237213134766e-01 0.000000000000000000e+00 -9.999964237213134766e-01 -2.683927770704030991e-03 -0.000000000000000000e+00
2.676556119695305824e-03 -9.999964237213134766e-01 0.000000000000000000e+00 -9.999964237213134766e-01 -2.676556119695305824e-03 -0.000000000000000000e+00
2.661584876477718353e-03 -9.999964833259582520e-01 0.000000000000000000e+00 -9.999964833259582520e-01 -2.661584876477718353e-03 -0.000000000000000000e+00
2.667371416464447975e-03 -9.999964833259582520e-01 0.000000000000000000e+00 -9.999964833259582520e-01 -2.667371416464447975e-03 -0.000000000000000000e+00
2.614920726045966148e-03 -9.999966025352478027e-01 0.000000000000000000e+00 -9.999966025352478027e-01 -2.614920726045966148e-03 -0.000000000000000000e+00
2.606001915410161018e-03 -9.999966025352478027e-01 -0.000000000000000000e+00 -9.999966025352478027e-01 -2.606001915410161018e-03 0.000000000000000000e+00
2.593639772385358810e-03 -9.999966621398925781e-01 0.000000000000000000e+00 -9.999966621398925781e-01 -2.593639772385358810e-03 -0.000000000000000000e+00
2.577273640781641006e-03 -9.999967217445373535e-01 -0.000000000000000000e+00 -9.999967217445373535e-01 -2.577273640781641006e-03 0.000000000000000000e+00
2.575647551566362381e-03 -9.999967217445373535e-01 0.000000000000000000e+00 -9.999967217445373535e-01 -2.575647551566362381e-03 -0.000000000000000000e+00
2.562232548370957375e-03 -9.999967217445373535e-01 -0.000000000000000000e+00 -9.999967217445373535e-01 -2.562232548370957375e-03 0.000000000000000000e+00
2.537133172154426575e-03 -9.999967813491821289e-01 0.000000000000000000e+00 -9.999967813491821289e-01 -2.537133172154426575e-03 -0.000000000000000000e+00
2.519001951441168785e-03 -9.999968409538269043e-01 -0.000000000000000000e+00 -9.999968409538269043e-01 -2.519001951441168785e-03 0.000000000000000000e+00
2.510029822587966919e-03 -9.999968409538269043e-01 0.000000000000000000e+00 -9.999968409538269043e-01 -2.510029822587966919e-03 -0.000000000000000000e+00
2.475193468853831291e-03 -9.999969601631164551e-01 -0.000000000000000000e+00 -9.999969601631164551e-01 -2.475193468853831291e-03 0.000000000000000000e+00
2.474871696904301643e-03 -9.999969601631164551e-01 0.000000000000000000e+00 -9.999969601631164551e-01 -2.474871696904301643e-03 -0.000000000000000000e+00
2.466129837557673454e-03 -9.999969601631164551e-01 -0.000000000000000000e+00 -9.999969601631164551e-01 -2.466129837557673454e-03 0.000000000000000000e+00
2.456407528370618820e-03 -9.999970197677612305e-01 0.000000000000000000e+00 -9.999970197677612305e-01 -2.456407528370618820e-03 -0.000000000000000000e+00
2.447941573336720467e-03 -9.999970197677612305e-01 -0.000000000000000000e+00 -9.999970197677612305e-01 -2.447941573336720467e-03 0.000000000000000000e+00
2.430698601529002190e-03 -9.999970793724060059e-01 0.000000000000000000e+00 -9.999970793724060059e-01 -2.430698601529002190e-03 -0.000000000000000000e+00
2.424170030280947685e-03 -9.999970793724060059e-01 -0.000000000000000000e+00 -9.999970793724060059e-01 -2.424170030280947685e-03 0.000000000000000000e+00
2.419607248157262802e-03 -9.999970793724060059e-01 -0.000000000000000000e+00 -9.999970793724060059e-01 -2.419607248157262802e-03 0.000000000000000000e+00
2.394613344222307205e-03 -9.999971389770507812e-01 -0.000000000000000000e+00 -9.999971389770507812e-01 -2.394613344222307205e-03 0.000000000000000000e+00
2.397814067080616951e-03 -9.999971389770507812e-01 -0.000000000000000000e+00 -9.999971389770507812e-01 -2.397814067080616951e-03 0.000000000000000000e+00
2.387142041698098183e-03 -9.999971389770507812e-01 -0.000000000000000000e+00 -9.999971389770507812e-01 -2.387142041698098183e-03 0.000000000000000000e+00
2.376741496846079826e-03 -9.999971985816955566e-01 -0.000000000000000000e+00 -9.999971985816955566e-01 -2.376741496846079826e-03 0.000000000000000000e+00
2.376192249357700348e-03 -9.999971985816955566e-01 -0.000000000000000000e+00 -9.999971985816955566e-01 -2.376192249357700348e-03 0.000000000000000000e+00
2.370194299146533012e-03 -9.999971985816955566e-01 -0.000000000000000000e+00 -9.999971985816955566e-01 -2.370194299146533012e-03 0.000000000000000000e+00
2.365824067965149879e-03 -9.999971985816955566e-01 -0.000000000000000000e+00 -9.999971985816955566e-01 -2.365824067965149879e-03 0.000000000000000000e+00
2.362367929890751839e-03 -9.999971985816955566e-01 -0.000000000000000000e+00 -9.999971985816955566e-01 -2.362367929890751839e-03 0.000000000000000000e+00
2.364753745496273041e-03 -9.999971985816955566e-01 -0.000000000000000000e+00 -9.999971985816955566e-01 -2.364753745496273041e-03 0.000000000000000000e+00
2.365532098338007927e-03 -9.999971985816955566e-01 -0.000000000000000000e+00 -9.999971985816955566e-01 -2.365532098338007927e-03 0.000000000000000000e+00
2.365220570936799049e-03 -9.999971985816955566e-01 -0.000000000000000000e+00 -9.999971985816955566e-01 -2.365220570936799049e-03 0.000000000000000000e+00
2.365397522225975990e-03 -9.999971985816955566e-01 -0.000000000000000000e+00 -9.999971985816955566e-01 -2.365397522225975990e-03 0.000000000000000000e+00
2.373064402490854263e-03 -9.999971985816955566e-01 -0.000000000000000000e+00 -9.999971985816955566e-01 -2.373064402490854263e-03 0.000000000000000000e+00
2.377506578341126442e-03 -9.999971985816955566e-01 -0.000000000000000000e+00 -9.999971985816955566e-01 -2.377506578341126442e-03 0.000000000000000000e+00
2.382613252848386765e-03 -9.999971985816955566e-01 -0.000000000000000000e+00 -9.999971985816955566e-01 -2.382613252848386765e-03 0.000000000000000000e+00
2.377873752266168594e-03 -9.999971985816955566e-01 -0.000000000000000000e+00 -9.999971985816955566e-01 -2.377873752266168594e-03 0.000000000000000000e+00
2.385048894211649895e-03 -9.999971985816955566e-01 0.000000000000000000e+00 -9.999971985816955566e-01 -2.385048894211649895e-03 0.000000000000000000e+00
2.386374864727258682e-03 -9.999971389770507812e-01 -0.000000000000000000e+00 -9.999971389770507812e-01 -2.386374864727258682e-03 0.000000000000000000e+00
2.386233536526560783e-03 -9.999971389770507812e-01 0.000000000000000000e+00 -9.999971389770507812e-01 -2.386233536526560783e-03 0.000000000000000000e+00
2.401920501142740250e-03 -9.999971389770507812e-01 -0.000000000000000000e+00 -9.999971389770507812e-01 -2.401920501142740250e-03 0.000000000000000000e+00
2.384213497862219810e-03 -9.999971985816955566e-01 0.000000000000000000e+00 -9.999971985816955566e-01 -2.384213497862219810e-03 0.000000000000000000e+00
2.390598878264427185e-03 -9.999971389770507812e-01 -0.000000000000000000e+00 -9.999971389770507812e-01 -2.390598878264427185e-03 0.000000000000000000e+00
2.371421549469232559e-03 -9.999971985816955566e-01 0.000000000000000000e+00 -9.999971985816955566e-01 -2.371421549469232559e-03 0.000000000000000000e+00
2.384384628385305405e-03 -9.999971985816955566e-01 0.000000000000000000e+00 -9.999971985816955566e-01 -2.384384628385305405e-03 0.000000000000000000e+00
2.382071921601891518e-03 -9.999971985816955566e-01 0.000000000000000000e+00 -9.999971985816955566e-01 -2.382071921601891518e-03 0.000000000000000000e+00
2.382147824391722679e-03 -9.999971985816955566e-01 0.000000000000000000e+00 -9.999971985816955566e-01 -2.382147824391722679e-03 0.000000000000000000e+00
2.379570156335830688e-03 -9.999971985816955566e-01 0.000000000000000000e+00 -9.999971985816955566e-01 -2.379570156335830688e-03 0.000000000000000000e+00
2.383019775152206421e-03 -9.999971985816955566e-01 0.000000000000000000e+00 -9.999971985816955566e-01 -2.383019775152206421e-03 0.000000000000000000e+00
2.377109369263052940e-03 -9.999971985816955566e-01 0.000000000000000000e+00 -9.999971985816955566e-01 -2.377109369263052940e-03 0.000000000000000000e+00
2.389713888987898827e-03 -9.999971389770507812e-01 0.000000000000000000e+00 -9.999971389770507812e-01 -2.389713888987898827e-03 0.000000000000000000e+00
2.390949986875057220e-03 -9.999971389770507812e-01 0.000000000000000000e+00 -9.999971389770507812e-01 -2.390949986875057220e-03 0.000000000000000000e+00
2.388610970228910446e-03 -9.999971389770507812e-01 0.000000000000000000e+00 -9.999971389770507812e-01 -2.388610970228910446e-03 0.000000000000000000e+00
2.397707197815179825e-03 -9.999971389770507812e-01 0.000000000000000000e+00 -9.999971389770507812e-01 -2.397707197815179825e-03 0.000000000000000000e+00
2.387775573879480362e-03 -9.999971389770507812e-01 0.000000000000000000e+00 -9.999971389770507812e-01 -2.387775573879480362e-03 0.000000000000000000e+00
2.419166965410113335e-03 -9.999970793724060059e-01 0.000000000000000000e+00 -9.999970793724060059e-01 -2.419166965410113335e-03 0.000000000000000000e+00
2.418787917122244835e-03 -9.999970793724060059e-01 0.000000000000000000e+00 -9.999970793724060059e-01 -2.418787917122244835e-03 0.000000000000000000e+00
2.452905988320708275e-03 -9.999970197677612305e-01 0.000000000000000000e+00 -9.999970197677612305e-01 -2.452905988320708275e-03 0.000000000000000000e+00
2.441748511046171188e-03 -9.999970197677612305e-01 0.000000000000000000e+00 -9.999970197677612305e-01 -2.441748511046171188e-03 0.000000000000000000e+00
2.470836974680423737e-03 -9.999969601631164551e-01 0.000000000000000000e+00 -9.999969601631164551e-01 -2.470836974680423737e-03 0.000000000000000000e+00
2.491363091394305229e-03 -9.999969005584716797e-01 0.000000000000000000e+00 -9.999969005584716797e-01 -2.491363091394305229e-03 0.000000000000000000e+00
2.503398805856704712e-03 -9.999969005584716797e-01 0.000000000000000000e+00 -9.999969005584716797e-01 -2.503398805856704712e-03 0.000000000000000000e+00
2.518039429560303688e-03 -9.999968409538269043e-01 0.000000000000000000e+00 -9.999968409538269043e-01 -2.518039429560303688e-03 0.000000000000000000e+00
2.532346406951546669e-03 -9.999967813491821289e-01 0.000000000000000000e+00 -9.999967813491821289e-01 -2.532346406951546669e-03 0.000000000000000000e+00
2.551395446062088013e-03 -9.999967813491821289e-01 0.000000000000000000e+00 -9.999967813491821289e-01 -2.551395446062088013e-03 0.000000000000000000e+00
2.572079421952366829e-03 -9.999967217445373535e-01 0.000000000000000000e+00 -9.999967217445373535e-01 -2.572079421952366829e-03 0.000000000000000000e+00
2.583294175565242767e-03 -9.999966621398925781e-01 0.000000000000000000e+00 -9.999966621398925781e-01 -2.583294175565242767e-03 0.000000000000000000e+00
5.923986062407493591e-02 9.982433319091796875e-01 9.774339850991964340e-04 5.790308205178007483e-05 9.757174411788582802e-04 -9.999995231628417969e-01
5.923986062407493591e-02 9.982433319091796875e-01 9.586632368154823780e-04 5.679110836354084313e-05 9.569796966388821602e-04 -9.999995827674865723e-01
-5.923988670110702515e-02 9.982437491416931152e-01 3.901792806573212147e-04 -2.311417847522534430e-05 3.894940600730478764e-04 -9.999999403953552246e-01
-5.923988670110702515e-02 9.982437491416931152e-01 3.808063629548996687e-04 -2.255892650282476097e-05 3.801375860348343849e-04 -9.999999403953552246e-01
-1.768907755613327026e-01 9.842304587364196777e-01 3.585670783650130033e-04 -6.342721462715417147e-05 3.529126697685569525e-04 -9.999999403953552246e-01
-1.768907755613327026e-01 9.842304587364196777e-01 3.681667440105229616e-04 -6.512530671898275614e-05 3.623609372880309820e-04 -9.999999403953552246e-01
-2.920564711093902588e-01 9.564010500907897949e-01 3.819474368356168270e-04 -1.115502309403382242e-04 3.652949526440352201e-04 -9.999999403953552246e-01
-2.920564711093902588e-01 9.564010500907897949e-01 3.708029398694634438e-04 -1.082954113371670246e-04 3.546363441273570061e-04 -9.999999403953552246e-01
-4.031234383583068848e-01 9.151455163955688477e-01 4.163143166806548834e-04 -1.678260741755366325e-04 3.809882036875933409e-04 -9.999999403953552246e-01
-4.031234383583068848e-01 9.151455163955688477e-01 4.216861561872065067e-04 -1.699915883364155889e-04 3.859042190015316010e-04 -9.999999403953552246e-01
-5.085313320159912109e-01 8.610433936119079590e-01 4.301535082049667835e-04 -2.187465725000947714e-04 3.703809052240103483e-04 -9.999999403953552246e-01
-5.085313320159912109e-01 8.610434532165527344e-01 4.201529955025762320e-04 -2.136609837180003524e-04 3.617700131144374609e-04 -9.999999403953552246e-01
-6.067998409271240234e-01 7.948544621467590332e-01 5.895764334127306938e-04 -3.577549650799483061e-04 4.686275206040591002e-04 -9.999998211860656738e-01
-6.067998409271240234e-01 7.948544621467590332e-01 5.860156961716711521e-04 -3.555942967068403959e-04 4.657972604036331177e-04 -9.999998211860656738e-01
-6.965509653091430664e-01 7.175070643424987793e-01 6.862665759399533272e-04 -4.780196759384125471e-04 4.924011300317943096e-04 -9.999997615814208984e-01
-6.965509653091430664e-01 7.175070643424987793e-01 6.931057432666420937e-04 -4.827835073228925467e-04 4.973083268851041794e-04 -9.999997615814208984e-01
-7.765237092971801758e-01 6.300875544548034668e-01 8.237969595938920975e-04 -6.396980024874210358e-04 5.190643132664263248e-04 -9.999996423721313477e-01
-7.765237092971801758e-01 6.300875544548034668e-01 8.418493671342730522e-04 -6.537161534652113914e-04 5.304389051161706448e-04 -9.999996423721313477e-01
-8.455954194068908691e-01 5.338233709335327148e-01 1.026427140459418297e-03 -8.679424063302576542e-04 5.479310057125985622e-04 -9.999994635581970215e-01
-8.455954194068908691e-01 5.338233709335327148e-01 1.031822408549487591e-03 -8.725046063773334026e-04 5.508111207745969296e-04 -9.999994635581970215e-01
-9.027973413467407227e-01 4.300647079944610596e-01 1.170013914816081524e-03 -1.056286157108843327e-03 5.031820037402212620e-04 -9.999993443489074707e-01
-9.027973413467407227e-01 4.300647079944610596e-01 1.151278265751898289e-03 -1.039371592923998833e-03 4.951244336552917957e-04 -9.999993443489074707e-01
-9.473255872726440430e-01 3.202695548534393311e-01 1.323686097748577595e-03 -1.253962749615311623e-03 4.239366971887648106e-04 -9.999991655349731445e-01
-9.473255276679992676e-01 3.202695250511169434e-01 1.354231615550816059e-03 -1.282899291254580021e-03 4.337195132393389940e-04 -9.999991059303283691e-01
-9.785553812980651855e-01 2.059786468744277954e-01 1.507170964032411575e-03 -1.474851742386817932e-03 3.104453498963266611e-04 -9.999988675117492676e-01
-9.785553216934204102e-01 2.059786319732666016e-01 1.521091908216476440e-03 -1.488474314101040363e-03 3.133128047920763493e-04 -9.999988675117492676e-01
-9.960485100746154785e-01 8.879550546407699585e-02 1.676436164416372776e-03 -1.669813995249569416e-03 1.488601992605254054e-04 -9.999986290931701660e-01
-9.960485100746154785e-01 8.879550546407699585e-02 1.679315231740474701e-03 -1.672681770287454128e-03 1.491158473072573543e-04 -9.999986290931701660e-01
-9.995591044425964355e-01 -2.963330782949924469e-02 1.880989759229123592e-03 -1.880163676105439663e-03 -5.574004171648994088e-05 -9.999982714653015137e-01
-9.995590448379516602e-01 -2.963330596685409546e-02 1.904100878164172173e-03 -1.903264666907489300e-03 -5.642490214086137712e-05 -9.999982118606567383e-01
-9.890378117561340332e-01 -1.476461142301559448e-01 2.203869866207242012e-03 -2.179715549573302269e-03 -3.253935428801923990e-04 -9.999975562095642090e-01
-9.890378117561340332e-01 -1.476461142301559448e-01 2.207688055932521820e-03 -2.183492062613368034e-03 -3.259572840761393309e-04 -9.999975562095642090e-01
-9.646330475807189941e-01 -2.635862231254577637e-01 2.353821415454149246e-03 -2.270580036565661430e-03 -6.204365636222064495e-04 -9.999972581863403320e-01
-9.646329283714294434e-01 -2.635861933231353760e-01 2.392843132838606834e-03 -2.308221766725182533e-03 -6.307222065515816212e-04 -9.999971389770507812e-01
-9.266865849494934082e-01 -3.758264482021331787e-01 2.547654556110501289e-03 -2.360884798690676689e-03 -9.574790601618587971e-04 -9.999967813491821289e-01
-9.266865253448486328e-01 -3.758264482021331787e-01 2.560288179665803909e-03 -2.372592454776167870e-03 -9.622271172702312469e-04 -9.999967217445373535e-01
-8.757318258285522461e-01 -4.827904999256134033e-01 2.675899537280201912e-03 -2.343378495424985886e-03 -1.291903317905962467e-03 -9.999964237213134766e-01
-8.757318258285522461e-01 -4.827904999256134033e-01 2.663751365616917610e-03 -2.332740230485796928e-03 -1.286038430407643318e-03 -9.999964833259582520e-01
-8.124839663505554199e-01 -5.829774141311645508e-01 2.689250046387314796e-03 -2.184980548918247223e-03 -1.567777595482766628e-03 -9.999964237213134766e-01
-8.124839663505554199e-01 -5.829774141311645508e-01 2.691309899091720581e-03 -2.186654135584831238e-03 -1.568978535942733288e-03 -9.999964237213134766e-01
-7.378304004669189453e-01 -6.749806404113769531e-01 2.721834927797317505e-03 -2.008259994909167290e-03 -1.837192685343325138e-03 -9.999963045120239258e-01
-7.378305196762084961e-01 -6.749807596206665039e-01 2.684823004528880119e-03 -1.980951288715004921e-03 -1.812210306525230408e-03 -9.999964237213134766e-01
-6.528199911117553711e-01 -7.575085163116455078e-01 2.631970914080739021e-03 -1.718209241516888142e-03 -1.993747195228934288e-03 -9.999965429306030273e-01
-6.528200507164001465e-01 -7.575085759162902832e-01 2.597839571535587311e-03 -1.695927581749856472e-03 -1.967892749235033989e-03 -9.999966621398925781e-01
-5.586448311805725098e-01 -8.294032812118530273e-01 2.487479010596871376e-03 -1.389621756970882416e-03 -2.063129795715212822e-03 -9.999969601631164551e-01
-5.586448907852172852e-01 -8.294033408164978027e-01 2.472179941833019257e-03 -1.381074776872992516e-03 -2.050440525636076927e-03 -9.999969601631164551e-01
-4.566279649734497070e-01 -8.896544575691223145e-01 2.418748568743467331e-03 -1.104471506550908089e-03 -2.151856897398829460e-03 -9.999970793724060059e-01
-4.566279649734497070e-01 -8.896544575691223145e-01 2.410866320133209229e-03 -1.100872294045984745e-03 -2.144844504073262215e-03 -9.999971389770507812e-01
-3.482011258602142334e-01 -9.374167323112487793e-01 2.418817253783345222e-03 -8.422373211942613125e-04 -2.267446368932723999e-03 -9.999970793724060059e-01
-3.482011556625366211e-01 -9.374167919158935547e-01 2.384080318734049797e-03 -8.301418856717646122e-04 -2.234883373603224754e-03 -9.999971389770507812e-01
-2.348852753639221191e-01 -9.720202088356018066e-01 2.391871996223926544e-03 -5.618170253001153469e-04 -2.324954140931367874e-03 -9.999971389770507812e-01
-2.348852902650833130e-01 -9.720202684402465820e-01 2.356092212721705437e-03 -5.534129450097680092e-04 -2.290175762027502060e-03 -9.999972581863403320e-01
-1.182724758982658386e-01 -9.929785132408142090e-01 2.311414573341608047e-03 -2.733774599619209766e-04 -2.295191166922450066e-03 -9.999973773956298828e-01
-1.182724907994270325e-01 -9.929786324501037598e-01 2.267710166051983833e-03 -2.682083868421614170e-04 -2.251793164759874344e-03 -9.999974370002746582e-01
0.000000000000000000e+00 -2.378989243879914284e-03 -9.999971985816955566e-01 0.000000000000000000e+00 9.999971985816955566e-01 -2.378989243879914284e-03
0.000000000000000000e+00 -2.380047226324677467e-03 -9.999971985816955566e-01 0.000000000000000000e+00 9.999971985816955566e-01 -2.380047226324677467e-03
1.182724535465240479e-01 -9.929782748222351074e-01 2.408426254987716675e-03 2.848512958735227585e-04 -2.391521818935871124e-03 -9.999971389770507812e-01
1.182724535465240479e-01 -9.929782748222351074e-01 2.403623424470424652e-03 2.842832473106682301e-04 -2.386752748861908913e-03 -9.999971389770507812e-01
2.348852604627609253e-01 -9.720201492309570312e-01 2.395397284999489784e-03 5.626451456919312477e-04 -2.328381175175309181e-03 -9.999971389770507812e-01
2.348852604627609253e-01 -9.720201492309570312e-01 2.402042038738727570e-03 5.642058677040040493e-04 -2.334839897230267525e-03 -9.999971389770507812e-01
3.482010960578918457e-01 -9.374166727066040039e-01 2.458181465044617653e-03 8.559440029785037041e-04 -2.304347231984138489e-03 -9.999970197677612305e-01
3.482010960578918457e-01 -9.374166727066040039e-01 2.445025369524955750e-03 8.513630600646138191e-04 -2.292014425620436668e-03 -9.999970197677612305e-01
4.566279053688049316e-01 -8.896543383598327637e-01 2.501217415556311607e-03 1.142129185609519482e-03 -2.225225791335105896e-03 -9.999969005584716797e-01
4.566279053688049316e-01 -8.896543383598327637e-01 2.488900907337665558e-03 1.136505044996738434e-03 -2.214268315583467484e-03 -9.999969005584716797e-01
5.586447715759277344e-01 -8.294031620025634766e-01 2.552033169195055962e-03 1.425684546120464802e-03 -2.116671297699213028e-03 -9.999967813491821289e-01
5.586447715759277344e-01 -8.294031620025634766e-01 2.548333257436752319e-03 1.423617592081427574e-03 -2.113602589815855026e-03 -9.999967813491821289e-01
6.528198719024658203e-01 -7.575083971023559570e-01 2.702323952689766884e-03 1.764137181453406811e-03 -2.047040499746799469e-03 -9.999963641166687012e-01
6.528198122978210449e-01 -7.575082778930664062e-01 2.738548442721366882e-03 1.787785324268043041e-03 -2.074480988085269928e-03 -9.999962449073791504e-01
7.378303408622741699e-01 -6.749805808067321777e-01 2.762056188657879829e-03 2.037936588749289513e-03 -1.864341320469975471e-03 -9.999961853027343750e-01
7.378303408622741699e-01 -6.749805808067321777e-01 2.767509780824184418e-03 2.041960367932915688e-03 -1.868022489361464977e-03 -9.999961853027343750e-01
8.124836683273315430e-01 -5.829771757125854492e-01 2.816991414874792099e-03 2.288768766447901726e-03 -1.642248360440135002e-03 -9.999960660934448242e-01
8.124836683273315430e-01 -5.829771757125854492e-01 2.826558891683816910e-03 2.296542050316929817e-03 -1.647825934924185276e-03 -9.999960064888000488e-01
8.757314085960388184e-01 -4.827902615070343018e-01 2.834291895851492882e-03 2.482088515534996986e-03 -1.368373981676995754e-03 -9.999960064888000488e-01
8.757314682006835938e-01 -4.827902913093566895e-01 2.830725628882646561e-03 2.478965092450380325e-03 -1.366652082651853561e-03 -9.999960064888000488e-01
9.266858696937561035e-01 -3.758261799812316895e-01 2.825210103765130043e-03 2.618092810735106468e-03 -1.061792136169970036e-03 -9.999960064888000488e-01
9.266858100891113281e-01 -3.758261501789093018e-01 2.859538886696100235e-03 2.649904927238821983e-03 -1.074693864211440086e-03 -9.999959468841552734e-01
9.646319150924682617e-01 -2.635859251022338867e-01 2.782264957204461098e-03 2.683872124180197716e-03 -7.333686808124184608e-04 -9.999961256980895996e-01
9.646319150924682617e-01 -2.635859251022338867e-01 2.787598408758640289e-03 2.689016750082373619e-03 -7.347745122388005257e-04 -9.999961256980895996e-01
9.890366792678833008e-01 -1.476459354162216187e-01 2.666004002094268799e-03 2.636785153299570084e-03 -3.936260472983121872e-04 -9.999964237213134766e-01
9.890366196632385254e-01 -1.476459205150604248e-01 2.698270138353109360e-03 2.668697619810700417e-03 -3.983900242019444704e-04 -9.999963641166687012e-01
9.995575547218322754e-01 -2.963326126337051392e-02 2.566183917224407196e-03 2.565057016909122467e-03 -7.604464917676523328e-05 -9.999967217445373535e-01
9.995575547218322754e-01 -2.963326126337051392e-02 2.575839404016733170e-03 2.574708079919219017e-03 -7.633076893398538232e-05 -9.999967217445373535e-01
9.960472583770751953e-01 8.879539370536804199e-02 2.303713932633399963e-03 2.294613979756832123e-03 2.045597066171467304e-04 -9.999973773956298828e-01
9.960471391677856445e-01 8.879537880420684814e-02 2.338200341910123825e-03 2.328964183107018471e-03 2.076219534501433372e-04 -9.999972581863403320e-01
9.785543084144592285e-01 2.059784233570098877e-01 2.104327082633972168e-03 2.059202874079346657e-03 4.334469267632812262e-04 -9.999977946281433105e-01
9.785543084144592285e-01 2.059784233570098877e-01 2.097256714478135109e-03 2.052284078672528267e-03 4.319905710872262716e-04 -9.999977946281433105e-01
9.473248720169067383e-01 3.202693462371826172e-01 1.778723322786390781e-03 1.685031456872820854e-03 5.696714506484568119e-04 -9.999984502792358398e-01
9.473248720169067383e-01 3.202693164348602295e-01 1.769100083038210869e-03 1.675915089435875416e-03 5.665893550030887127e-04 -9.999984502792358398e-01
9.027968645095825195e-01 4.300644695758819580e-01 1.545967417769134045e-03 1.395696192048490047e-03 6.648664129897952080e-04 -9.999988079071044922e-01
9.027968049049377441e-01 4.300644397735595703e-01 1.578885829076170921e-03 1.425414811819791794e-03 6.790235056541860104e-04 -9.999987483024597168e-01
8.455950021743774414e-01 5.338230729103088379e-01 1.417274586856365204e-03 1.198441488668322563e-03 7.565746200270950794e-04 -9.999989867210388184e-01
8.455950021743774414e-01 5.338230729103088379e-01 1.438328879885375500e-03 1.216244883835315704e-03 7.678139372728765011e-04 -9.999989867210388184e-01
7.765233516693115234e-01 6.300872564315795898e-01 1.244673738256096840e-03 9.665189427323639393e-04 7.842536433599889278e-04 -9.999992251396179199e-01
7.765232920646667480e-01 6.300871968269348145e-01 1.280807889997959137e-03 9.945780038833618164e-04 8.070213370956480503e-04 -9.999991655349731445e-01
6.965506076812744141e-01 7.175067067146301270e-01 1.165237510576844215e-03 8.116474491544067860e-04 8.360662613995373249e-04 -9.999993443489074707e-01
6.965506076812744141e-01 7.175066471099853516e-01 1.179708633571863174e-03 8.217273862101137638e-04 8.464494603686034679e-04 -9.999993443489074707e-01
6.067996621131896973e-01 7.948541641235351562e-01 1.040080445818603039e-03 6.311207544058561325e-04 8.267126977443695068e-04 -9.999994635581970215e-01
6.067996621131896973e-01 7.948541641235351562e-01 1.053757267072796822e-03 6.394198862835764885e-04 8.375837933272123337e-04 -9.999994635581970215e-01
5.085311532020568848e-01 8.610430955886840820e-01 9.670355357229709625e-04 4.917679470963776112e-04 8.326596580445766449e-04 -9.999995231628417969e-01
5.085311532020568848e-01 8.610430955886840820e-01 9.877417469397187233e-04 5.022977129556238651e-04 8.504886063747107983e-04 -9.999995231628417969e-01
4.031232893466949463e-01 9.151452183723449707e-01 9.143661591224372387e-04 3.686024574562907219e-04 8.367781410925090313e-04 -9.999995827674865723e-01
4.031232893466949463e-01 9.151452183723449707e-01 9.264264372177422047e-04 3.734642523340880871e-04 8.478150703012943268e-04 -9.999995827674865723e-01
2.920563817024230957e-01 9.564006924629211426e-01 9.286646964028477669e-04 2.712225541472434998e-04 8.881759713403880596e-04 -9.999995827674865723e-01
2.920563817024230957e-01 9.564006924629211426e-01 9.177761967293918133e-04 2.680424950085580349e-04 8.777621551416814327e-04 -9.999995827674865723e-01
1.768907159566879272e-01 9.842301011085510254e-01 8.991298382170498371e-04 1.590478059370070696e-04 8.849510923027992249e-04 -9.999996423721313477e-01
1.768907159566879272e-01 9.842301011085510254e-01 9.097798611037433147e-04 1.609316968824714422e-04 8.954331860877573490e-04 -9.999996423721313477e-01
2.603919478133320808e-03 -9.999966025352478027e-01 0.000000000000000000e+00 -9.999966025352478027e-01 -2.603919478133320808e-03 -0.000000000000000000e+00
2.609965158626437187e-03 -9.999966025352478027e-01 0.000000000000000000e+00 -9.999966025352478027e-01 -2.609965158626437187e-03 -0.000000000000000000e+00
2.603400265797972679e-03 -9.999966025352478027e-01 0.000000000000000000e+00 -9.999966025352478027e-01 -2.603400265797972679e-03 -0.000000000000000000e+00
2.612635726109147072e-03 -9.999966025352478027e-01 0.000000000000000000e+00 -9.999966025352478027e-01 -2.612635726109147072e-03 -0.000000000000000000e+00
2.599891740828752518e-03 -9.999966621398925781e-01 0.000000000000000000e+00 -9.999966621398925781e-01 -2.599891740828752518e-03 -0.000000000000000000e+00
2.605338580906391144e-03 -9.999966025352478027e-01 0.000000000000000000e+00 -9.999966025352478027e-01 -2.605338580906391144e-03 -0.000000000000000000e+00
2.590477000921964645e-03 -9.999966621398925781e-01 0.000000000000000000e+00 -9.999966621398925781e-01 -2.590477000921964645e-03 -0.000000000000000000e+00
2.588584087789058685e-03 -9.999966621398925781e-01 0.000000000000000000e+00 -9.999966621398925781e-01 -2.588584087789058685e-03 -0.000000000000000000e+00
2.590659772977232933e-03 -9.999966621398925781e-01 0.000000000000000000e+00 -9.999966621398925781e-01 -2.590659772977232933e-03 -0.000000000000000000e+00
2.578587969765067101e-03 -9.999966621398925781e-01 0.000000000000000000e+00 -9.999966621398925781e-01 -2.578587969765067101e-03 -0.000000000000000000e+00
2.573614241555333138e-03 -9.999967217445373535e-01 0.000000000000000000e+00 -9.999967217445373535e-01 -2.573614241555333138e-03 -0.000000000000000000e+00
2.572190715000033379e-03 -9.999967217445373535e-01 0.000000000000000000e+00 -9.999967217445373535e-01 -2.572190715000033379e-03 0.000000000000000000e+00
2.576065948233008385e-03 -9.999967217445373535e-01 0.000000000000000000e+00 -9.999967217445373535e-01 -2.576065948233008385e-03 0.000000000000000000e+00
2.568445401266217232e-03 -9.999967217445373535e-01 0.000000000000000000e+00 -9.999967217445373535e-01 -2.568445401266217232e-03 -0.000000000000000000e+00
2.567833987995982170e-03 -9.999967217445373535e-01 0.000000000000000000e+00 -9.999967217445373535e-01 -2.567833987995982170e-03 0.000000000000000000e+00
2.569168806076049805e-03 -9.999967217445373535e-01 0.000000000000000000e+00 -9.999967217445373535e-01 -2.569168806076049805e-03 -0.000000000000000000e+00
2.575148828327655792e-03 -9.999967217445373535e-01 0.000000000000000000e+00 -9.999967217445373535e-01 -2.575148828327655792e-03 0.000000000000000000e+00
2.573033329099416733e-03 -9.999967217445373535e-01 0.000000000000000000e+00 -9.999967217445373535e-01 -2.573033329099416733e-03 -0.000000000000000000e+00
2.575339050963521004e-03 -9.999967217445373535e-01 0.000000000000000000e+00 -9.999967217445373535e-01 -2.575339050963521004e-03 0.000000000000000000e+00
2.567757852375507355e-03 -9.999967217445373535e-01 0.000000000000000000e+00 -9.999967217445373535e-01 -2.567757852375507355e-03 0.000000000000000000e+00
2.566304523497819901e-03 -9.999967217445373535e-01 0.000000000000000000e+00 -9.999967217445373535e-01 -2.566304523497819901e-03 0.000000000000000000e+00
2.574538113549351692e-03 -9.999967217445373535e-01 0.000000000000000000e+00 -9.999967217445373535e-01 -2.574538113549351692e-03 0.000000000000000000e+00
2.574186306446790695e-03 -9.999967217445373535e-01 0.000000000000000000e+00 -9.999967217445373535e-01 -2.574186306446790695e-03 0.000000000000000000e+00
2.581307431682944298e-03 -9.999966621398925781e-01 0.000000000000000000e+00 -9.999966621398925781e-01 -2.581307431682944298e-03 0.000000000000000000e+00
2.593189245089888573e-03 -9.999966621398925781e-01 -0.000000000000000000e+00 -9.999966621398925781e-01 -2.593189245089888573e-03 0.000000000000000000e+00
2.592804608866572380e-03 -9.999966621398925781e-01 0.000000000000000000e+00 -9.999966621398925781e-01 -2.592804608866572380e-03 0.000000000000000000e+00
2.591981552541255951e-03 -9.999966621398925781e-01 0.000000000000000000e+00 -9.999966621398925781e-01 -2.591981552541255951e-03 0.000000000000000000e+00
2.597921760752797127e-03 -9.999966621398925781e-01 -0.000000000000000000e+00 -9.999966621398925781e-01 -2.597921760752797127e-03 0.000000000000000000e+00
2.606024732813239098e-03 -9.999966025352478027e-01 0.000000000000000000e+00 -9.999966025352478027e-01 -2.606024732813239098e-03 0.000000000000000000e+00
2.597112907096743584e-03 -9.999966621398925781e-01 -0.000000000000000000e+00 -9.999966621398925781e-01 -2.597112907096743584e-03 0.000000000000000000e+00
2.594019519165158272e-03 -9.999966621398925781e-01 -0.000000000000000000e+00 -9.999966621398925781e-01 -2.594019519165158272e-03 0.000000000000000000e+00
2.596834907308220863e-03 -9.999966621398925781e-01 0.000000000000000000e+00 -9.999966621398925781e-01 -2.596834907308220863e-03 -0.000000000000000000e+00
2.593588549643754959e-03 -9.999966621398925781e-01 -0.000000000000000000e+00 -9.999966621398925781e-01 -2.593588549643754959e-03 0.000000000000000000e+00
2.592314500361680984e-03 -9.999966621398925781e-01 0.000000000000000000e+00 -9.999966621398925781e-01 -2.592314500361680984e-03 -0.000000000000000000e+00
2.600694075226783752e-03 -9.999966621398925781e-01 -0.000000000000000000e+00 -9.999966621398925781e-01 -2.600694075226783752e-03 0.000000000000000000e+00
2.599582308903336525e-03 -9.999966621398925781e-01 0.000000000000000000e+00 -9.999966621398925781e-01 -2.599582308903336525e-03 0.000000000000000000e+00
2.586227143183350563e-03 -9.999966621398925781e-01 0.000000000000000000e+00 -9.999966621398925781e-01 -2.586227143183350563e-03 0.000000000000000000e+00
2.589856740087270737e-03 -9.999966621398925781e-01 0.000000000000000000e+00 -9.999966621398925781e-01 -2.589856740087270737e-03 0.000000000000000000e+00
2.593572484329342842e-03 -9.999966621398925781e-01 0.000000000000000000e+00 -9.999966621398925781e-01 -2.593572484329342842e-03 0.000000000000000000e+00
2.585561713203787804e-03 -9.999966621398925781e-01 0.000000000000000000e+00 -9.999966621398925781e-01 -2.585561713203787804e-03 0.000000000000000000e+00
2.610351890325546265e-03 -9.999966025352478027e-01 0.000000000000000000e+00 -9.999966025352478027e-01 -2.610351890325546265e-03 0.000000000000000000e+00
2.620788058266043663e-03 -9.999966025352478027e-01 0.000000000000000000e+00 -9.999966025352478027e-01 -2.620788058266043663e-03 0.000000000000000000e+00
2.648945897817611694e-03 -9.999964833259582520e-01 0.000000000000000000e+00 -9.999964833259582520e-01 -2.648945897817611694e-03 0.000000000000000000e+00
2.654905198141932487e-03 -9.999964833259582520e-01 0.000000000000000000e+00 -9.999964833259582520e-01 -2.654905198141932487e-03 0.000000000000000000e+00
2.677464624866843224e-03 -9.999964237213134766e-01 0.000000000000000000e+00 -9.999964237213134766e-01 -2.677464624866843224e-03 0.000000000000000000e+00
2.685565035790205002e-03 -9.999964237213134766e-01 0.000000000000000000e+00 -9.999964237213134766e-01 -2.685565035790205002e-03 0.000000000000000000e+00
2.682756632566452026e-03 -9.999964237213134766e-01 0.000000000000000000e+00 -9.999964237213134766e-01 -2.682756632566452026e-03 0.000000000000000000e+00
2.706075552850961685e-03 -9.999963641166687012e-01 0.000000000000000000e+00 -9.999963641166687012e-01 -2.706075552850961685e-03 0.000000000000000000e+00
2.707649255171418190e-03 -9.999963641166687012e-01 0.000000000000000000e+00 -9.999963641166687012e-01 -2.707649255171418190e-03 0.000000000000000000e+00
2.770029008388519287e-03 -9.999961853027343750e-01 0.000000000000000000e+00 -9.999961853027343750e-01 -2.770029008388519287e-03 0.000000000000000000e+00
2.811575774103403091e-03 -9.999960660934448242e-01 0.000000000000000000e+00 -9.999960660934448242e-01 -2.811575774103403091e-03 0.000000000000000000e+00
2.793710445985198021e-03 -9.999961256980895996e-01 0.000000000000000000e+00 -9.999961256980895996e-01 -2.793710445985198021e-03 -0.000000000000000000e+00
2.823480870574712753e-03 -9.999960064888000488e-01 0.000000000000000000e+00 -9.999960064888000488e-01 -2.823480870574712753e-03 0.000000000000000000e+00
2.816617023199796677e-03 -9.999960660934448242e-01 0.000000000000000000e+00 -9.999960660934448242e-01 -2.816617023199796677e-03 -0.000000000000000000e+00
2.863061381503939629e-03 -9.999958872795104980e-01 0.000000000000000000e+00 -9.999958872795104980e-01 -2.863061381503939629e-03 0.000000000000000000e+00
2.907257294282317162e-03 -9.999957680702209473e-01 0.000000000000000000e+00 -9.999957680702209473e-01 -2.907257294282317162e-03 0.000000000000000000e+00
2.883358160033822060e-03 -9.999958872795104980e-01 0.000000000000000000e+00 -9.999958872795104980e-01 -2.883358160033822060e-03 -0.000000000000000000e+00
2.931800670921802521e-03 -9.999957084655761719e-01 0.000000000000000000e+00 -9.999957084655761719e-01 -2.931800670921802521e-03 0.000000000000000000e+00
2.892346121370792389e-03 -9.999958276748657227e-01 0.000000000000000000e+00 -9.999958276748657227e-01 -2.892346121370792389e-03 -0.000000000000000000e+00
2.959619276225566864e-03 -9.999956488609313965e-01 0.000000000000000000e+00 -9.999956488609313965e-01 -2.959619276225566864e-03 0.000000000000000000e+00
2.903162967413663864e-03 -9.999958276748657227e-01 0.000000000000000000e+00 -9.999958276748657227e-01 -2.903162967413663864e-03 -0.000000000000000000e+00
2.977387979626655579e-03 -9.999955892562866211e-01 0.000000000000000000e+00 -9.999955892562866211e-01 -2.977387979626655579e-03 0.000000000000000000e+00
2.973672235384583473e-03 -9.999955892562866211e-01 0.000000000000000000e+00 -9.999955892562866211e-01 -2.973672235384583473e-03 0.000000000000000000e+00
2.895762678235769272e-03 -9.999958276748657227e-01 0.000000000000000000e+00 -9.999958276748657227e-01 -2.895762678235769272e-03 -0.000000000000000000e+00
2.970355795696377754e-03 -9.999955892562866211e-01 0.000000000000000000e+00 -9.999955892562866211e-01 -2.970355795696377754e-03 0.000000000000000000e+00
2.902451902627944946e-03 -9.999958276748657227e-01 0.000000000000000000e+00 -9.999958276748657227e-01 -2.902451902627944946e-03 -0.000000000000000000e+00
2.962009981274604797e-03 -9.999956488609313965e-01 0.000000000000000000e+00 -9.999956488609313965e-01 -2.962009981274604797e-03 0.000000000000000000e+00
2.975706243887543678e-03 -9.999955892562866211e-01 0.000000000000000000e+00 -9.999955892562866211e-01 -2.975706243887543678e-03 0.000000000000000000e+00
2.909609116613864899e-03 -9.999957680702209473e-01 0.000000000000000000e+00 -9.999957680702209473e-01 -2.909609116613864899e-03 -0.000000000000000000e+00
3.001709934324026108e-03 -9.999955296516418457e-01 0.000000000000000000e+00 -9.999955296516418457e-01 -3.001709934324026108e-03 0.000000000000000000e+00
2.909857081249356270e-03 -9.999957680702209473e-01 0.000000000000000000e+00 -9.999957680702209473e-01 -2.909857081249356270e-03 -0.000000000000000000e+00
2.993805566802620888e-03 -9.999955296516418457e-01 0.000000000000000000e+00 -9.999955296516418457e-01 -2.993805566802620888e-03 0.000000000000000000e+00
2.991758286952972412e-03 -9.999955296516418457e-01 0.000000000000000000e+00 -9.999955296516418457e-01 -2.991758286952972412e-03 -0.000000000000000000e+00
2.905822359025478363e-03 -9.999957680702209473e-01 0.000000000000000000e+00 -9.999957680702209473e-01 -2.905822359025478363e-03 -0.000000000000000000e+00
3.001092700287699699e-03 -9.999955296516418457e-01 0.000000000000000000e+00 -9.999955296516418457e-01 -3.001092700287699699e-03 -0.000000000000000000e+00
2.903855638578534126e-03 -9.999958276748657227e-01 0.000000000000000000e+00 -9.999958276748657227e-01 -2.903855638578534126e-03 -0.000000000000000000e+00
2.974390517920255661e-03 -9.999955892562866211e-01 0.000000000000000000e+00 -9.999955892562866211e-01 -2.974390517920255661e-03 -0.000000000000000000e+00
2.903093351051211357e-03 -9.999958276748657227e-01 0.000000000000000000e+00 -9.999958276748657227e-01 -2.903093351051211357e-03 -0.000000000000000000e+00
2.954655094072222710e-03 -9.999956488609313965e-01 0.000000000000000000e+00 -9.999956488609313965e-01 -2.954655094072222710e-03 -0.000000000000000000e+00
2.945084124803543091e-03 -9.999956488609313965e-01 0.000000000000000000e+00 -9.999956488609313965e-01 -2.945084124803543091e-03 -0.000000000000000000e+00
2.846190240234136581e-03 -9.999959468841552734e-01 0.000000000000000000e+00 -9.999959468841552734e-01 -2.846190240234136581e-03 -0.000000000000000000e+00
2.894690493121743202e-03 -9.999958276748657227e-01 0.000000000000000000e+00 -9.999958276748657227e-01 -2.894690493121743202e-03 -0.000000000000000000e+00
2.831601537764072418e-03 -9.999960064888000488e-01 0.000000000000000000e+00 -9.999960064888000488e-01 -2.831601537764072418e-03 -0.000000000000000000e+00
2.848674310371279716e-03 -9.999959468841552734e-01 0.000000000000000000e+00 -9.999959468841552734e-01 -2.848674310371279716e-03 -0.000000000000000000e+00
2.817814471200108528e-03 -9.999960660934448242e-01 0.000000000000000000e+00 -9.999960660934448242e-01 -2.817814471200108528e-03 -0.000000000000000000e+00
2.776043256744742393e-03 -9.999961853027343750e-01 0.000000000000000000e+00 -9.999961853027343750e-01 -2.776043256744742393e-03 -0.000000000000000000e+00
2.791315084323287010e-03 -9.999961256980895996e-01 0.000000000000000000e+00 -9.999961256980895996e-01 -2.791315084323287010e-03 -0.000000000000000000e+00
2.749442821368575096e-03 -9.999962449073791504e-01 0.000000000000000000e+00 -9.999962449073791504e-01 -2.749442821368575096e-03 -0.000000000000000000e+00
2.776823006570339203e-03 -9.999961853027343750e-01 0.000000000000000000e+00 -9.999961853027343750e-01 -2.776823006570339203e-03 -0.000000000000000000e+00
2.759891794994473457e-03 -9.999961853027343750e-01 0.000000000000000000e+00 -9.999961853027343750e-01 -2.759891794994473457e-03 -0.000000000000000000e+00
2.735615242272615433e-03 -9.999962449073791504e-01 0.000000000000000000e+00 -9.999962449073791504e-01 -2.735615242272615433e-03 -0.000000000000000000e+00
2.730123698711395264e-03 -9.999963045120239258e-01 0.000000000000000000e+00 -9.999963045120239258e-01 -2.730123698711395264e-03 -0.000000000000000000e+00
2.715812064707279205e-03 -9.999963045120239258e-01 0.000000000000000000e+00 -9.999963045120239258e-01 -2.715812064707279205e-03 -0.000000000000000000e+00
2.723049838095903397e-03 -9.999963045120239258e-01 0.000000000000000000e+00 -9.999963045120239258e-01 -2.723049838095903397e-03 -0.000000000000000000e+00
2.697293646633625031e-03 -9.999963641166687012e-01 0.000000000000000000e+00 -9.999963641166687012e-01 -2.697293646633625031e-03 -0.000000000000000000e+00
2.695785369724035263e-03 -9.999963641166687012e-01 0.000000000000000000e+00 -9.999963641166687012e-01 -2.695785369724035263e-03 -0.000000000000000000e+00
2.684781327843666077e-03 -9.999964237213134766e-01 -0.000000000000000000e+00 -9.999964237213134766e-01 -2.684781327843666077e-03 0.000000000000000000e+00
2.679950790479779243e-03 -9.999964237213134766e-01 -0.000000000000000000e+00 -9.999964237213134766e-01 -2.679950790479779243e-03 0.000000000000000000e+00
2.654120326042175293e-03 -9.999964833259582520e-01 -0.000000000000000000e+00 -9.999964833259582520e-01 -2.654120326042175293e-03 0.000000000000000000e+00
2.651985269039869308e-03 -9.999964833259582520e-01 -0.000000000000000000e+00 -9.999964833259582520e-01 -2.651985269039869308e-03 0.000000000000000000e+00
2.628164598718285561e-03 -9.999965429306030273e-01 -0.000000000000000000e+00 -9.999965429306030273e-01 -2.628164598718285561e-03 0.000000000000000000e+00
2.619297942146658897e-03 -9.999966025352478027e-01 -0.000000000000000000e+00 -9.999966025352478027e-01 -2.619297942146658897e-03 0.000000000000000000e+00
2.622964093461632729e-03 -9.999966025352478027e-01 -0.000000000000000000e+00 -9.999966025352478027e-01 -2.622964093461632729e-03 0.000000000000000000e+00
2.599681029096245766e-03 -9.999966621398925781e-01 -0.000000000000000000e+00 -9.999966621398925781e-01 -2.599681029096245766e-03 0.000000000000000000e+00
2.606555819511413574e-03 -9.999966025352478027e-01 -0.000000000000000000e+00 -9.999966025352478027e-01 -2.606555819511413574e-03 0.000000000000000000e+00
2.565745031461119652e-03 -9.999967217445373535e-01 -0.000000000000000000e+00 -9.999967217445373535e-01 -2.565745031461119652e-03 0.000000000000000000e+00
2.561155706644058228e-03 -9.999967217445373535e-01 -0.000000000000000000e+00 -9.999967217445373535e-01 -2.561155706644058228e-03 0.000000000000000000e+00
2.585239708423614502e-03 -9.999966621398925781e-01 -0.000000000000000000e+00 -9.999966621398925781e-01 -2.585239708423614502e-03 0.000000000000000000e+00
2.566355047747492790e-03 -9.999967217445373535e-01 -0.000000000000000000e+00 -9.999967217445373535e-01 -2.566355047747492790e-03 0.000000000000000000e+00
2.569947158917784691e-03 -9.999967217445373535e-01 -0.000000000000000000e+00 -9.999967217445373535e-01 -2.569947158917784691e-03 0.000000000000000000e+00
2.564739901572465897e-03 -9.999967217445373535e-01 -0.000000000000000000e+00 -9.999967217445373535e-01 -2.564739901572465897e-03 0.000000000000000000e+00
8.480636775493621826e-02 -9.963974356651306152e-01 1.339360023848712444e-04 1.135862567025469616e-05 -1.334534899797290564e-04 -1.000000000000000000e+00
8.480636775493621826e-02 -9.963974356651306152e-01 1.354793785139918327e-04 1.148951378127094358e-05 -1.349913072772324085e-04 -1.000000000000000000e+00
-8.480636030435562134e-02 -9.963973164558410645e-01 -5.689347162842750549e-04 4.824928691959939897e-05 5.668851081281900406e-04 -9.999998807907104492e-01
-8.480636030435562134e-02 -9.963973164558410645e-01 -5.678199813701212406e-04 4.815475040231831372e-05 5.657743895426392555e-04 -9.999998807907104492e-01
-2.519776523113250732e-01 -9.677327871322631836e-01 -7.702117436565458775e-04 1.940761721925809979e-04 7.453592843376100063e-04 -9.999997019767761230e-01
-2.519776225090026855e-01 -9.677327275276184082e-01 -7.864017970860004425e-04 1.981557288672775030e-04 7.610269822180271149e-04 -9.999997019767761230e-01
-4.119011759757995605e-01 -9.112281799316406250e-01 -8.681861800141632557e-04 3.576070303097367287e-04 7.911159773357212543e-04 -9.999996423721313477e-01
-4.119011759757995605e-01 -9.112281799316406250e-01 -8.788435370661318302e-04 3.619968192651867867e-04 8.008272852748632431e-04 -9.999996423721313477e-01
-5.599746108055114746e-01 -8.285092711448669434e-01 -8.512147469446063042e-04 4.766589263454079628e-04 7.052397704683244228e-04 -9.999996423721313477e-01
-5.599746704101562500e-01 -8.285093903541564941e-01 -8.261316688731312752e-04 4.626129521057009697e-04 6.844580639153718948e-04 -9.999996423721313477e-01
-6.919385790824890137e-01 -7.219558954238891602e-01 -8.415903430432081223e-04 5.823290557600557804e-04 6.075912970118224621e-04 -9.999996423721313477e-01
-6.919385790824890137e-01 -7.219558954238891602e-01 -8.364379755221307278e-04 5.787638947367668152e-04 6.038715364411473274e-04 -9.999996423721313477e-01
-8.039969205856323242e-01 -5.946328043937683105e-01 -8.765906677581369877e-04 7.047764374874532223e-04 5.212497781030833721e-04 -9.999996423721313477e-01
-8.039969205856323242e-01 -5.946328639984130859e-01 -8.866380667313933372e-04 7.128544966690242290e-04 5.272242706269025803e-04 -9.999995827674865723e-01
-8.929256200790405273e-01 -4.502036571502685547e-01 -7.227605092339217663e-04 6.453715614043176174e-04 3.253894974477589130e-04 -9.999997615814208984e-01
-8.929256200790405273e-01 -4.502036571502685547e-01 -7.276159012690186501e-04 6.497070426121354103e-04 3.275754279457032681e-04 -9.999997615814208984e-01
-9.561665654182434082e-01 -2.928227484226226807e-01 -6.571662379428744316e-04 6.283604307100176811e-04 1.924332318594679236e-04 -9.999997615814208984e-01
-9.561665654182434082e-01 -2.928227484226226807e-01 -6.509941886179149151e-04 6.224589305929839611e-04 1.906259130919352174e-04 -9.999997615814208984e-01
-9.918994903564453125e-01 -1.270177364349365234e-01 -1.394227845594286919e-03 1.382935210131108761e-03 1.770918315742164850e-04 -9.999990463256835938e-01
-9.918994903564453125e-01 -1.270177364349365234e-01 -1.388771110214293003e-03 1.377522712573409081e-03 1.763987238518893719e-04 -9.999990463256835938e-01
-9.990968704223632812e-01 4.244103655219078064e-02 -2.056071534752845764e-03 2.054218901321291924e-03 -8.726199303055182099e-05 -9.999979138374328613e-01
-9.990968108177185059e-01 4.244103655219078064e-02 -2.085626823827624321e-03 2.083747647702693939e-03 -8.851635357132181525e-05 -9.999978542327880859e-01
-9.775514602661132812e-01 2.106785476207733154e-01 -2.786484081298112869e-03 2.723941812291741371e-03 -5.870545865036547184e-04 -9.999961256980895996e-01
-9.775512814521789551e-01 2.106785029172897339e-01 -2.837685868144035339e-03 2.773994812741875648e-03 -5.978418630547821522e-04 -9.999960064888000488e-01
-9.278846979141235352e-01 3.728548884391784668e-01 -3.047967795282602310e-03 2.828175667673349380e-03 -1.136454986408352852e-03 -9.999953508377075195e-01
-9.278847575187683105e-01 3.728549182415008545e-01 -3.038049209862947464e-03 2.818972337990999222e-03 -1.132756704464554787e-03 -9.999954104423522949e-01
-8.515270352363586426e-01 5.243057608604431152e-01 -2.298613777384161949e-03 1.957336906343698502e-03 -1.205179607495665550e-03 -9.999973773956298828e-01
-8.515270948410034180e-01 5.243058204650878906e-01 -2.251268364489078522e-03 1.917020766995847225e-03 -1.180356019176542759e-03 -9.999974966049194336e-01
-7.506721615791320801e-01 6.606746912002563477e-01 -5.039006937295198441e-04 3.782642888836562634e-04 -3.329144674353301525e-04 -9.999998807907104492e-01
-7.506722211837768555e-01 6.606746912002563477e-01 -3.953243722207844257e-04 2.967590407934039831e-04 -2.611808304209262133e-04 -9.999999403953552246e-01
-6.282201409339904785e-01 7.780356407165527344e-01 -5.723666981793940067e-05 3.595722955651581287e-05 -4.453216752153821290e-05 -1.000000000000000000e+00
-6.282201409339904785e-01 7.780356407165527344e-01 -5.586738188867457211e-05 3.509701491566374898e-05 -4.346681453171186149e-05 -1.000000000000000000e+00
-4.876948893070220947e-01 8.730142116546630859e-01 1.195935547002591193e-04 -5.832516399095766246e-05 1.044068703777156770e-04 -1.000000000000000000e+00
-4.876948893070220947e-01 8.730142116546630859e-01 1.188884270959533751e-04 -5.798127676825970411e-05 1.037912879837676883e-04 -1.000000000000000000e+00
-3.331398367881774902e-01 9.428774118423461914e-01 3.043118631467223167e-04 -1.013783985399641097e-04 2.869287854991853237e-04 -1.000000000000000000e+00
-3.331398367881774902e-01 9.428774118423461914e-01 3.078477457165718079e-04 -1.025563469738699496e-04 2.902626874856650829e-04 -1.000000000000000000e+00
-1.690003573894500732e-01 9.856159687042236328e-01 4.019674670416861773e-04 -6.793265492888167500e-05 3.961855836678296328e-04 -9.999999403953552246e-01
-1.690003573894500732e-01 9.856159687042236328e-01 3.993590944446623325e-04 -6.749183376086875796e-05 3.936147259082645178e-04 -9.999999403953552246e-01
-0.000000000000000000e+00 -1.669379707891494036e-04 1.000000000000000000e+00 0.000000000000000000e+00 1.000000000000000000e+00 1.669379707891494036e-04
-0.000000000000000000e+00 -1.506805710960179567e-04 1.000000000000000000e+00 0.000000000000000000e+00 1.000000000000000000e+00 1.506805710960179567e-04
1.690003573894500732e-01 9.856159687042236328e-01 -2.528654003981500864e-04 -4.273435115464963019e-05 -2.492282073944807053e-04 -1.000000000000000000e+00
1.690003573894500732e-01 9.856159687042236328e-01 -2.661048201844096184e-04 -4.497181726037524641e-05 -2.622772008180618286e-04 -1.000000000000000000e+00
3.331398367881774902e-01 9.428774118423461914e-01 -2.528069016989320517e-04 -8.422004611929878592e-05 -2.383659011684358120e-04 -1.000000000000000000e+00
3.331398367881774902e-01 9.428774118423461914e-01 -2.486171142663806677e-04 -8.282426279038190842e-05 -2.344154490856453776e-04 -1.000000000000000000e+00
4.876948893070220947e-01 8.730142116546630859e-01 -1.887603284558281302e-04 -9.205744572682306170e-05 -1.647904427954927087e-04 -1.000000000000000000e+00
4.876948893070220947e-01 8.730142116546630859e-01 -1.843788922997191548e-04 -8.992064249468967319e-05 -1.609653991181403399e-04 -1.000000000000000000e+00
6.282201409339904785e-01 7.780356407165527344e-01 -1.005843951134011149e-04 -6.318914529401808977e-05 -7.825824286555871367e-05 -1.000000000000000000e+00
6.282201409339904785e-01 7.780356407165527344e-01 -1.013831497402861714e-04 -6.369093898683786392e-05 -7.887970423325896263e-05 -1.000000000000000000e+00
7.506722807884216309e-01 6.606747508049011230e-01 4.910431016469374299e-05 3.686124546220526099e-05 3.244197796448133886e-05 -1.000000000000000000e+00
7.506722807884216309e-01 6.606747508049011230e-01 4.675486343330703676e-05 3.509757880237884820e-05 3.088975790888071060e-05 -1.000000000000000000e+00
8.515292406082153320e-01 5.243071317672729492e-01 2.193104446632787585e-04 1.867492537712678313e-04 1.149860327132046223e-04 -1.000000000000000000e+00
8.515292406082153320e-01 5.243071317672729492e-01 2.212195540778338909e-04 1.883749209810048342e-04 1.159869934781454504e-04 -1.000000000000000000e+00
9.278888702392578125e-01 3.728565871715545654e-01 4.395761643536388874e-04 4.078779020346701145e-04 1.638988906051963568e-04 -9.999999403953552246e-01
9.278889298439025879e-01 3.728565871715545654e-01 4.131558816879987717e-04 3.833627852145582438e-04 1.540478988317772746e-04 -9.999999403953552246e-01
9.775550365447998047e-01 2.106793075799942017e-01 6.379170808941125870e-04 6.235991604626178741e-04 1.343959593214094639e-04 -9.999998211860656738e-01
9.775550365447998047e-01 2.106793075799942017e-01 6.262590759433805943e-04 6.122027989476919174e-04 1.319398579653352499e-04 -9.999998211860656738e-01
9.990986585617065430e-01 4.244111478328704834e-02 7.913318695500493050e-04 7.906188257038593292e-04 3.358501635375432670e-05 -9.999997019767761230e-01
9.990986585617065430e-01 4.244111478328704834e-02 7.803087355569005013e-04 7.796056452207267284e-04 3.311717955511994660e-05 -9.999997019767761230e-01
9.919000267982482910e-01 -1.270177960395812988e-01 8.878009975887835026e-04 8.806102559901773930e-04 -1.127665891544893384e-04 -9.999996423721313477e-01
9.919000864028930664e-01 -1.270178109407424927e-01 8.801060612313449383e-04 8.729776018299162388e-04 -1.117891879403032362e-04 -9.999996423721313477e-01
9.561663269996643066e-01 -2.928226590156555176e-01 9.480001172050833702e-04 9.064461919479072094e-04 -2.775960310827940702e-04 -9.999995827674865723e-01
9.561663269996643066e-01 -2.928226590156555176e-01 9.559554164297878742e-04 9.140527690760791302e-04 -2.799255307763814926e-04 -9.999995827674865723e-01
8.929254412651062012e-01 -4.502035677433013916e-01 9.707864373922348022e-04 8.668403024785220623e-04 -4.370517272036522627e-04 -9.999995231628417969e-01
8.929254412651062012e-01 -4.502035677433013916e-01 9.702802635729312897e-04 8.663883199915289879e-04 -4.368238442111760378e-04 -9.999995231628417969e-01
8.039969801902770996e-01 -5.946328639984130859e-01 8.536843233741819859e-04 6.863597664050757885e-04 -5.076288944110274315e-04 -9.999996423721313477e-01
8.039969801902770996e-01 -5.946328639984130859e-01 8.471904438920319080e-04 6.811387138441205025e-04 -5.037673981860280037e-04 -9.999996423721313477e-01
6.919386982917785645e-01 -7.219559550285339355e-01 7.398605812340974808e-04 5.119382985867559910e-04 -5.341469077393412590e-04 -9.999997615814208984e-01
6.919386386871337891e-01 -7.219559550285339355e-01 7.320748991332948208e-04 5.065510631538927555e-04 -5.285259685479104519e-04 -9.999997615814208984e-01
5.599746704101562500e-01 -8.285094499588012695e-01 6.214489694684743881e-04 3.479958395473659039e-04 -5.148765631020069122e-04 -9.999998211860656738e-01
5.599746704101562500e-01 -8.285094499588012695e-01 6.244113901630043983e-04 3.496546996757388115e-04 -5.173309473320841789e-04 -9.999998211860656738e-01
4.119012653827667236e-01 -9.112283587455749512e-01 4.881772038061171770e-04 2.010808384511619806e-04 -4.448409599717706442e-04 -9.999998807907104492e-01
4.119012653827667236e-01 -9.112283587455749512e-01 4.829765239264816046e-04 1.989386655623093247e-04 -4.401019541546702385e-04 -9.999998807907104492e-01
2.519776821136474609e-01 -9.677329659461975098e-01 3.290673485025763512e-04 8.291763515444472432e-05 -3.184493398293852806e-04 -9.999999403953552246e-01
2.519776821136474609e-01 -9.677329659461975098e-01 3.391600039321929216e-04 8.546076423954218626e-05 -3.282163233961910009e-04 -9.999999403953552246e-01
1.645946204662322998e-01 -9.863610863685607910e-01 6.945510394871234894e-04 1.143193949246779084e-04 -6.850782665424048901e-04 -9.999997615814208984e-01
1.645946204662322998e-01 -9.863610863685607910e-01 6.941794417798519135e-04 1.142582332249730825e-04 -6.847117329016327858e-04 -9.999997615814208984e-01
-1.645946204662322998e-01 -9.863610863685607910e-01 -6.703046383336186409e-04 1.103285758290439844e-04 6.611626013182103634e-04 -9.999998211860656738e-01
-1.645946204662322998e-01 -9.863610863685607910e-01 -6.714925402775406837e-04 1.105240953620523214e-04 6.623343215323984623e-04 -9.999998211860656738e-01
-4.759474992752075195e-01 -8.794736862182617188e-01 -1.061039874912239611e-04 5.049992614658549428e-05 9.331566252512857318e-05 -1.000000000000000000e+00
-4.759474992752075195e-01 -8.794736862182617188e-01 -9.598059841664507985e-05 4.568172516883350909e-05 8.441240788670256734e-05 -1.000000000000000000e+00
-7.357239127159118652e-01 -6.772815585136413574e-01 2.302106440765783191e-04 -1.693714730208739638e-04 -1.559174270369112492e-04 -1.000000000000000000e+00
-7.357239127159118652e-01 -6.772815585136413574e-01 2.626859932206571102e-04 -1.932643499458208680e-04 -1.779123558662831783e-04 -9.999999403953552246e-01
-9.157729744911193848e-01 -4.016962349414825439e-01 6.602734356420114636e-05 -6.046605631127022207e-05 -2.652293551363982260e-05 -1.000000000000000000e+00
-9.157729744911193848e-01 -4.016962349414825439e-01 1.190786060760729015e-04 -1.090489677153527737e-04 -4.783342592418193817e-05 -1.000000000000000000e+00
-9.965844154357910156e-01 -8.257868140935897827e-02 -5.632147076539695263e-04 5.612910608761012554e-04 4.650953269447200000e-05 -9.999998807907104492e-01
-9.965844750404357910e-01 -8.257868885993957520e-02 -4.463831428438425064e-04 4.448585386853665113e-04 3.686173658934421837e-05 -9.999999403953552246e-01
-9.694002866744995117e-01 2.454850673675537109e-01 5.408671568147838116e-04 -5.243168561719357967e-04 1.327748323092237115e-04 -9.999998807907104492e-01
-9.694002866744995117e-01 2.454850673675537109e-01 5.217936122789978981e-04 -5.058269598521292210e-04 1.280925498576834798e-04 -9.999998807907104492e-01
-8.371664285659790039e-01 5.469481945037841797e-01 3.679619403555989265e-04 -3.080454189330339432e-04 2.012561453739181161e-04 -9.999999403953552246e-01
-8.371664285659790039e-01 5.469481945037841797e-01 3.589123371057212353e-04 -3.004693717230111361e-04 1.963064714800566435e-04 -9.999999403953552246e-01
-6.142126321792602539e-01 7.891405224800109863e-01 4.521031514741480350e-04 -2.776874753180891275e-04 3.567729436326771975e-04 -9.999999403953552246e-01
-6.142126321792602539e-01 7.891405224800109863e-01 4.658311663661152124e-04 -2.861194079741835594e-04 3.676062915474176407e-04 -9.999999403953552246e-01
-3.246995508670806885e-01 9.458169937133789062e-01 7.304218015633523464e-04 -2.371676964685320854e-04 6.908455397933721542e-04 -9.999997615814208984e-01
-3.246995508670806885e-01 9.458169937133789062e-01 7.301423465833067894e-04 -2.370769507251679897e-04 6.905812188051640987e-04 -9.999997615814208984e-01
-0.000000000000000000e+00 -1.709464471787214279e-03 9.999985694885253906e-01 0.000000000000000000e+00 9.999985694885253906e-01 1.709464471787214279e-03
-0.000000000000000000e+00 -1.713077886961400509e-03 9.999985694885253906e-01 0.000000000000000000e+00 9.999985694885253906e-01 1.713077886961400509e-03
3.246991634368896484e-01 9.458158612251281738e-01 1.686990959569811821e-03 5.477653467096388340e-04 1.595585141330957413e-03 -9.999985694885253906e-01
3.246991932392120361e-01 9.458159208297729492e-01 1.672119018621742725e-03 5.429364391602575779e-04 1.581519027240574360e-03 -9.999986290931701660e-01
6.142111420631408691e-01 7.891386747360229492e-01 2.215695800259709358e-03 1.360908383503556252e-03 1.748495502397418022e-03 -9.999975562095642090e-01
6.142110824584960938e-01 7.891386151313781738e-01 2.248497446998953819e-03 1.381055568344891071e-03 1.774380565620958805e-03 -9.999974966049194336e-01
8.371648788452148438e-01 5.469471812248229980e-01 1.962281065061688423e-03 1.642755931243300438e-03 1.073266146704554558e-03 -9.999980926513671875e-01
8.371648192405700684e-01 5.469471216201782227e-01 2.001865999773144722e-03 1.675895298831164837e-03 1.094917184673249722e-03 -9.999980330467224121e-01
9.693976640701293945e-01 2.454844117164611816e-01 2.354544121772050858e-03 2.282496308907866478e-03 5.780055653303861618e-04 -9.999972581863403320e-01
9.693976640701293945e-01 2.454844117164611816e-01 2.358695957809686661e-03 2.286520786583423615e-03 5.790247232653200626e-04 -9.999971985816955566e-01
9.965810775756835938e-01 -8.257840573787689209e-02 2.636248478665947914e-03 2.627244452014565468e-03 -2.176979469368234277e-04 -9.999965429306030273e-01
9.965811371803283691e-01 -8.257840573787689209e-02 2.613520715385675430e-03 2.604594221338629723e-03 -2.158211136702448130e-04 -9.999966025352478027e-01
9.157697558403015137e-01 -4.016948342323303223e-01 2.664414234459400177e-03 2.439998555928468704e-03 -1.070285215973854065e-03 -9.999964833259582520e-01
9.157698154449462891e-01 -4.016948342323303223e-01 2.634226810187101364e-03 2.412353642284870148e-03 -1.058159046806395054e-03 -9.999965429306030273e-01
7.357224225997924805e-01 -6.772801876068115234e-01 2.032003831118345261e-03 1.494993804953992367e-03 -1.376238651573657990e-03 -9.999979734420776367e-01
7.357224225997924805e-01 -6.772801876068115234e-01 2.011436503380537033e-03 1.479861908592283726e-03 -1.362308859825134277e-03 -9.999979734420776367e-01
4.759472310543060303e-01 -8.794731497764587402e-01 1.138303778134286404e-03 5.417728098109364510e-04 -1.001108088530600071e-03 -9.999993443489074707e-01
4.759472310543060303e-01 -8.794731497764587402e-01 1.142126391641795635e-03 5.435921484604477882e-04 -1.004470046609640121e-03 -9.999993443489074707e-01
6.156104803085327148e-02 -9.981030225753784180e-01 -7.788077928125858307e-04 -4.794423875864595175e-05 7.773306570015847683e-04 -9.999997019767761230e-01
6.156104803085327148e-02 -9.981030225753784180e-01 -7.752704550512135029e-04 -4.772647662321105599e-05 7.738000131212174892e-04 -9.999997019767761230e-01
-6.156102940440177917e-02 -9.981027245521545410e-01 -1.134718186222016811e-03 6.985445361351594329e-05 1.132565899752080441e-03 -9.999993443489074707e-01
-6.156102940440177917e-02 -9.981027245521545410e-01 -1.126470277085900307e-03 6.934671546332538128e-05 1.124333706684410572e-03 -9.999994039535522461e-01
-1.837496161460876465e-01 -9.829723834991455078e-01 -1.178010250441730022e-03 2.164590987376868725e-04 1.157952472567558289e-03 -9.999993443489074707e-01
-1.837496310472488403e-01 -9.829724431037902832e-01 -1.162509084679186344e-03 2.136107505066320300e-04 1.142715103924274445e-03 -9.999993443489074707e-01
-3.031522929668426514e-01 -9.529415369033813477e-01 -1.081450376659631729e-03 3.278442891314625740e-04 1.030559418722987175e-03 -9.999994039535522461e-01
-3.031522929668426514e-01 -9.529415369033813477e-01 -1.056193024851381779e-03 3.201875078957527876e-04 1.006490783765912056e-03 -9.999994635581970215e-01
-4.179599881172180176e-01 -9.084649085998535156e-01 -9.805719600990414619e-04 4.098400531802326441e-04 8.908156305551528931e-04 -9.999995231628417969e-01
-4.179600179195404053e-01 -9.084649682044982910e-01 -9.370603947900235653e-04 3.916539426427334547e-04 8.512868662364780903e-04 -9.999995827674865723e-01
-5.264323353767395020e-01 -8.502167463302612305e-01 -7.845014915801584721e-04 4.129870794713497162e-04 6.669964641332626343e-04 -9.999997019767761230e-01
-5.264323353767395020e-01 -8.502166867256164551e-01 -7.117285858839750290e-04 3.746770962607115507e-04 6.051237578503787518e-04 -9.999997615814208984e-01
-6.269236207008361816e-01 -7.790805101394653320e-01 -6.062478641979396343e-04 3.800711710937321186e-04 4.723159654531627893e-04 -9.999998211860656738e-01
-6.269236803054809570e-01 -7.790805101394653320e-01 -5.168709321878850460e-04 3.240386722609400749e-04 4.026841197628527880e-04 -9.999998807907104492e-01
-7.179116606712341309e-01 -6.961340904235839844e-01 -4.483229422476142645e-04 3.218562924303114414e-04 3.120929177384823561e-04 -9.999998807907104492e-01
-7.179116606712341309e-01 -6.961340904235839844e-01 -4.336264973971992731e-04 3.113055427093058825e-04 3.018622228410094976e-04 -9.999998807907104492e-01
-7.980172634124755859e-01 -6.026344299316406250e-01 -4.225214652251452208e-04 3.371794591657817364e-04 2.546260075177997351e-04 -9.999999403953552246e-01
-7.980172634124755859e-01 -6.026344299316406250e-01 -4.023639194201678038e-04 3.210933646187186241e-04 2.424783742753788829e-04 -9.999999403953552246e-01
-8.660253882408142090e-01 -4.999999105930328369e-01 -3.666789561975747347e-04 3.175533202011138201e-04 1.833394489949569106e-04 -9.999999403953552246e-01
-8.660253882408142090e-01 -4.999999105930328369e-01 -3.525881329551339149e-04 3.053502878174185753e-04 1.762940519256517291e-04 -9.999999403953552246e-01
-9.209054708480834961e-01 -3.897859156131744385e-01 -3.474913246463984251e-04 3.200066857971251011e-04 1.354472333332523704e-04 -9.999999403953552246e-01
-9.209054708480834961e-01 -3.897859156131744385e-01 -3.320458345115184784e-04 3.057828580494970083e-04 1.294268004130572081e-04 -9.999999403953552246e-01
-9.618256092071533203e-01 -2.736628353595733643e-01 -4.882781649939715862e-04 4.696385003626346588e-04 1.336236018687486649e-04 -9.999998807907104492e-01
-9.618256092071533203e-01 -2.736628353595733643e-01 -4.803886404260993004e-04 4.620501422323286533e-04 1.314645342063158751e-04 -9.999998807907104492e-01
-9.881653189659118652e-01 -1.533917188644409180e-01 -5.856558564119040966e-04 5.787248373962938786e-04 8.983475709101185203e-05 -9.999998211860656738e-01
-9.881653189659118652e-01 -1.533917188644409180e-01 -5.813885363750159740e-04 5.745079834014177322e-04 8.918019011616706848e-05 -9.999998211860656738e-01
-9.995252490043640137e-01 -3.079491853713989258e-02 -9.701734525151550770e-04 9.697133209556341171e-04 2.987642619700636715e-05 -9.999995231628417969e-01
-9.995253086090087891e-01 -3.079492039978504181e-02 -9.502266766503453255e-04 9.497760329395532608e-04 2.926216802734415978e-05 -9.999995827674865723e-01
-9.957333803176879883e-01 9.226804226636886597e-02 -1.287350081838667393e-03 1.281858538277447224e-03 -1.187813686556182802e-04 -9.999991655349731445e-01
-9.957333803176879883e-01 9.226804226636886597e-02 -1.312158186919987202e-03 1.306560821831226349e-03 -1.210703630931675434e-04 -9.999991655349731445e-01
-9.768470525741577148e-01 2.139326483011245728e-01 -1.673053833656013012e-03 1.634319894947111607e-03 -3.579213225748389959e-04 -9.999986290931701660e-01
-9.768470525741577148e-01 2.139326483011245728e-01 -1.670648809522390366e-03 1.631970517337322235e-03 -3.574068250600248575e-04 -9.999986290931701660e-01
-9.431526064872741699e-01 3.323543667793273926e-01 -1.940255402587354183e-03 1.829960499890148640e-03 -6.448536296375095844e-04 -9.999981522560119629e-01
-9.431526660919189453e-01 3.323543667793273926e-01 -1.935465843416750431e-03 1.825443119741976261e-03 -6.432617083191871643e-04 -9.999981522560119629e-01
-8.951614499092102051e-01 4.457372725009918213e-01 -2.077516401186585426e-03 1.859716605395078659e-03 -9.260284714400768280e-04 -9.999978542327880859e-01
-8.951613903045654297e-01 4.457372426986694336e-01 -2.086966531351208687e-03 1.868175924755632877e-03 -9.302407852374017239e-04 -9.999977946281433105e-01
-8.336006402969360352e-01 5.523638725280761719e-01 -2.061834093183279037e-03 1.718749641440808773e-03 -1.138884923420846462e-03 -9.999978542327880859e-01
-8.336005210876464844e-01 5.523638129234313965e-01 -2.093741437420248985e-03 1.745347981341183186e-03 -1.156509621068835258e-03 -9.999978542327880859e-01
-7.594032287597656250e-01 6.506170034408569336e-01 -2.097028540447354317e-03 1.592493732459843159e-03 -1.364365452900528908e-03 -9.999977946281433105e-01
-7.594032883644104004e-01 6.506170630455017090e-01 -2.054501790553331375e-03 1.560198725201189518e-03 -1.336696790531277657e-03 -9.999979138374328613e-01
-6.736943125724792480e-01 7.390074729919433594e-01 -1.983630703762173653e-03 1.336363377049565315e-03 -1.465920708142220974e-03 -9.999980330467224121e-01
-6.736943721771240234e-01 7.390075325965881348e-01 -1.933566993102431297e-03 1.302635646425187588e-03 -1.428923220373690128e-03 -9.999981522560119629e-01
-5.777729749679565430e-01 8.161954879760742188e-01 -1.824562088586390018e-03 1.054184394888579845e-03 -1.489201793447136879e-03 -9.999983310699462891e-01
-5.777729749679565430e-01 8.161954879760742188e-01 -1.831601723097264767e-03 1.058251713402569294e-03 -1.494947588071227074e-03 -9.999983310699462891e-01
-4.730926454067230225e-01 8.810108304023742676e-01 -1.803414314053952694e-03 8.531834464520215988e-04 -1.588830142281949520e-03 -9.999983906745910645e-01
-4.730926752090454102e-01 8.810108900070190430e-01 -1.790413516573607922e-03 8.470328175462782383e-04 -1.577376155182719231e-03 -9.999983906745910645e-01
-3.612412810325622559e-01 9.324707984924316406e-01 -1.699210493825376034e-03 6.138259777799248695e-04 -1.584466779604554176e-03 -9.999985694885253906e-01
-3.612413108348846436e-01 9.324709773063659668e-01 -1.641056966036558151e-03 5.928184837102890015e-04 -1.530240173451602459e-03 -9.999986886978149414e-01
-2.439132928848266602e-01 9.697958230972290039e-01 -1.555398805066943169e-03 3.793828946072608232e-04 -1.508421031758189201e-03 -9.999988079071044922e-01
-2.439132928848266602e-01 9.697958230972290039e-01 -1.555706025101244450e-03 3.794578369706869125e-04 -1.508718938566744328e-03 -9.999988079071044922e-01
-1.228881329298019409e-01 9.924194216728210449e-01 -1.505418331362307072e-03 1.849982363637536764e-04 -1.494007883593440056e-03 -9.999988675117492676e-01
-1.228881329298019409e-01 9.924194216728210449e-01 -1.492483192123472691e-03 1.834086579037830234e-04 -1.481170766055583954e-03 -9.999988675117492676e-01
0.000000000000000000e+00 1.677090069279074669e-03 9.999986290931701660e-01 0.000000000000000000e+00 9.999986290931701660e-01 -1.677090069279074669e-03
0.000000000000000000e+00 1.708699273876845837e-03 9.999985694885253906e-01 0.000000000000000000e+00 9.999985694885253906e-01 -1.708699273876845837e-03
1.228880882263183594e-01 9.924190640449523926e-01 -1.732108998112380505e-03 -2.128558553522452712e-04 -1.718980376608669758e-03 -9.999985098838806152e-01
1.228880882263183594e-01 9.924190640449523926e-01 -1.715850085020065308e-03 -2.108578337356448174e-04 -1.702844630926847458e-03 -9.999985098838806152e-01
2.439132481813430786e-01 9.697955846786499023e-01 -1.708051189780235291e-03 -4.166169092059135437e-04 -1.656462787650525570e-03 -9.999985694885253906e-01
2.439132332801818848e-01 9.697955250740051270e-01 -1.722564804367721081e-03 -4.201569536235183477e-04 -1.670538098551332951e-03 -9.999985098838806152e-01
3.612412512302398682e-01 9.324707984924316406e-01 -1.768263289704918861e-03 -6.387706380337476730e-04 -1.648856443352997303e-03 -9.999984502792358398e-01
3.612412512302398682e-01 9.324707984924316406e-01 -1.745634945109486580e-03 -6.305964197963476181e-04 -1.627756282687187195e-03 -9.999985098838806152e-01
4.730927050113677979e-01 8.810109496116638184e-01 -1.737887272611260414e-03 -8.221830357797443867e-04 -1.531100017018616199e-03 -9.999985098838806152e-01
4.730927348136901855e-01 8.810110092163085938e-01 -1.702519832178950310e-03 -8.054509526118636131e-04 -1.499940874055027962e-03 -9.999985694885253906e-01
5.777732133865356445e-01 8.161958456039428711e-01 -1.592587563209235668e-03 -9.201555512845516205e-04 -1.299864961765706539e-03 -9.999987483024597168e-01
5.777732133865356445e-01 8.161959052085876465e-01 -1.549656852148473263e-03 -8.953513461165130138e-04 -1.264824997633695602e-03 -9.999988079071044922e-01
6.736950278282165527e-01 7.390082478523254395e-01 -1.386322313919663429e-03 -9.339592070318758488e-04 -1.024504425004124641e-03 -9.999990463256835938e-01
6.736950278282165527e-01 7.390082478523254395e-01 -1.351671526208519936e-03 -9.106151992455124855e-04 -9.988972451537847519e-04 -9.999991059303283691e-01
7.594043016433715820e-01 6.506179571151733398e-01 -1.151484437286853790e-03 -8.744430379010736942e-04 -7.491770666092634201e-04 -9.999993443489074707e-01
7.594043016433715820e-01 6.506179571151733398e-01 -1.135307480581104755e-03 -8.621581946499645710e-04 -7.386521319858729839e-04 -9.999994039535522461e-01
8.336020112037658691e-01 5.523647665977478027e-01 -9.423634619452059269e-04 -7.855563890188932419e-04 -5.205285851843655109e-04 -9.999995827674865723e-01
8.336020112037658691e-01 5.523647665977478027e-01 -9.150844416581094265e-04 -7.628165767528116703e-04 -5.054606008343398571e-04 -9.999995827674865723e-01
8.951630592346191406e-01 4.457380771636962891e-01 -8.194958791136741638e-04 -7.335827685892581940e-04 -3.652806626632809639e-04 -9.999997019767761230e-01
8.951631188392639160e-01 4.457381069660186768e-01 -8.016278734430670738e-04 -7.175878854468464851e-04 -3.573161957319825888e-04 -9.999997019767761230e-01
9.431541562080383301e-01 3.323549032211303711e-01 -6.584652583114802837e-04 -6.210344727151095867e-04 -2.188442304031923413e-04 -9.999998211860656738e-01
9.431541562080383301e-01 3.323549032211303711e-01 -6.662976811639964581e-04 -6.284216069616377354e-04 -2.214473643107339740e-04 -9.999997615814208984e-01
9.768482446670532227e-01 2.139329165220260620e-01 -5.341435899026691914e-04 -5.217773141339421272e-04 -1.142709152190946043e-04 -9.999998807907104492e-01
9.768482446670532227e-01 2.139329165220260620e-01 -5.363818490877747536e-04 -5.239637102931737900e-04 -1.147497459896840155e-04 -9.999998807907104492e-01
9.957341551780700684e-01 9.226811677217483521e-02 -4.380679456517100334e-04 -4.361992469057440758e-04 -4.041970532853156328e-05 -9.999999403953552246e-01
9.957341551780700684e-01 9.226811677217483521e-02 -4.254166269674897194e-04 -4.236018867231905460e-04 -3.925239070667885244e-05 -9.999999403953552246e-01
9.995256662368774414e-01 -3.079493157565593719e-02 -3.290102758910506964e-04 -3.288542211521416903e-04 1.013184919429477304e-05 -9.999999403953552246e-01
9.995256662368774414e-01 -3.079493157565593719e-02 -3.797706158366054296e-04 -3.795904922299087048e-04 1.169501047115772963e-05 -9.999999403953552246e-01
9.881654381752014160e-01 -1.533917337656021118e-01 -2.940495032817125320e-04 -2.905695582740008831e-04 4.510476355790160596e-05 -1.000000000000000000e+00
9.881654381752014160e-01 -1.533917337656021118e-01 -3.104415081907063723e-04 -3.067675279453396797e-04 4.761915624840185046e-05 -9.999999403953552246e-01
9.618257284164428711e-01 -2.736628651618957520e-01 -2.253800921607762575e-04 -2.167763741454109550e-04 6.167816172819584608e-05 -1.000000000000000000e+00
9.618257284164428711e-01 -2.736628651618957520e-01 -2.438903902657330036e-04 -2.345800457987934351e-04 6.674374162685126066e-05 -1.000000000000000000e+00
9.209055304527282715e-01 -3.897859454154968262e-01 -1.949587021954357624e-04 -1.795385469449684024e-04 7.599216041853651404e-05 -1.000000000000000000e+00
9.209055304527282715e-01 -3.897859454154968262e-01 -1.875841408036649227e-04 -1.727472699712961912e-04 7.311766239581629634e-05 -1.000000000000000000e+00
8.660254478454589844e-01 -4.999999403953552246e-01 -1.655774685787037015e-04 -1.433942961739376187e-04 8.278872701339423656e-05 -1.000000000000000000e+00
8.660254478454589844e-01 -4.999999403953552246e-01 -2.034246135735884309e-04 -1.761708990670740604e-04 1.017122922348789871e-04 -1.000000000000000000e+00
7.980173230171203613e-01 -6.026344895362854004e-01 -2.039059181697666645e-04 -1.627204619580879807e-04 1.228807377628982067e-04 -1.000000000000000000e+00
7.980173230171203613e-01 -6.026344895362854004e-01 -2.112570800818502903e-04 -1.685868046479299664e-04 1.273108064197003841e-04 -1.000000000000000000e+00
7.179117202758789062e-01 -6.961341500282287598e-01 -2.332842414034530520e-04 -1.674774975981563330e-04 1.623971329536288977e-04 -1.000000000000000000e+00
7.179117202758789062e-01 -6.961341500282287598e-01 -2.361047372687608004e-04 -1.695023529464378953e-04 1.643605646677315235e-04 -1.000000000000000000e+00
6.269237399101257324e-01 -7.790806293487548828e-01 -2.867319853976368904e-04 -1.797590666683390737e-04 2.233873092336580157e-04 -9.999999403953552246e-01
6.269237399101257324e-01 -7.790806293487548828e-01 -2.996612456627190113e-04 -1.878647308330982924e-04 2.334602468181401491e-04 -9.999999403953552246e-01
5.264324545860290527e-01 -8.502169251441955566e-01 -3.181788488291203976e-04 -1.674997038207948208e-04 2.705210936255753040e-04 -1.000000000000000000e+00
5.264324545860290527e-01 -8.502169251441955566e-01 -3.175863530486822128e-04 -1.671877980697900057e-04 2.700173354241997004e-04 -1.000000000000000000e+00
4.179601669311523438e-01 -9.084652662277221680e-01 -3.779843973461538553e-04 -1.579824311193078756e-04 3.433857054915279150e-04 -9.999999403953552246e-01
4.179601669311523438e-01 -9.084652662277221680e-01 -3.934181877411901951e-04 -1.644331496208906174e-04 3.574067959561944008e-04 -9.999999403953552246e-01
3.031524419784545898e-01 -9.529420137405395508e-01 -4.641927080228924751e-04 -1.407211530022323132e-04 4.423487698659300804e-04 -9.999999403953552246e-01
3.031524121761322021e-01 -9.529419541358947754e-01 -5.098781548440456390e-04 -1.545708073535934091e-04 4.858843458350747824e-04 -9.999998807907104492e-01
1.837497204542160034e-01 -9.829729199409484863e-01 -6.213056622073054314e-04 -1.141647589975036681e-04 6.107267690822482109e-04 -9.999998211860656738e-01
1.837497204542160034e-01 -9.829729199409484863e-01 -6.310384487733244896e-04 -1.159531602752394974e-04 6.202938384376466274e-04 -9.999998211860656738e-01
1.565373153425753117e-03 9.999988079071044922e-01 0.000000000000000000e+00 -9.999988079071044922e-01 1.565373153425753117e-03 -0.000000000000000000e+00
1.556443399749696255e-03 9.999988079071044922e-01 -0.000000000000000000e+00 -9.999988079071044922e-01 1.556443399749696255e-03 0.000000000000000000e+00
1.584709738381206989e-03 9.999987483024597168e-01 0.000000000000000000e+00 -9.999987483024597168e-01 1.584709738381206989e-03 -0.000000000000000000e+00
1.565494574606418610e-03 9.999988079071044922e-01 -0.000000000000000000e+00 -9.999988079071044922e-01 1.565494574606418610e-03 0.000000000000000000e+00
1.577011891640722752e-03 9.999987483024597168e-01 0.000000000000000000e+00 -9.999987483024597168e-01 1.577011891640722752e-03 -0.000000000000000000e+00
1.576812937855720520e-03 9.999987483024597168e-01 -0.000000000000000000e+00 -9.999987483024597168e-01 1.576812937855720520e-03 0.000000000000000000e+00
1.591929234564304352e-03 9.999987483024597168e-01 0.000000000000000000e+00 -9.999987483024597168e-01 1.591929234564304352e-03 -0.000000000000000000e+00
1.592387096025049686e-03 9.999987483024597168e-01 -0.000000000000000000e+00 -9.999987483024597168e-01 1.592387096025049686e-03 0.000000000000000000e+00
1.589181832969188690e-03 9.999987483024597168e-01 0.000000000000000000e+00 -9.999987483024597168e-01 1.589181832969188690e-03 -0.000000000000000000e+00
1.606164965778589249e-03 9.999987483024597168e-01 -0.000000000000000000e+00 -9.999987483024597168e-01 1.606164965778589249e-03 0.000000000000000000e+00
1.630983315408229828e-03 9.999986886978149414e-01 0.000000000000000000e+00 -9.999986886978149414e-01 1.630983315408229828e-03 -0.000000000000000000e+00
1.647294848226010799e-03 9.999986290931701660e-01 -0.000000000000000000e+00 -9.999986290931701660e-01 1.647294848226010799e-03 0.000000000000000000e+00
1.647518714889883995e-03 9.999986290931701660e-01 0.000000000000000000e+00 -9.999986290931701660e-01 1.647518714889883995e-03 -0.000000000000000000e+00
1.670195255428552628e-03 9.999986290931701660e-01 -0.000000000000000000e+00 -9.999986290931701660e-01 1.670195255428552628e-03 0.000000000000000000e+00
1.696463441476225853e-03 9.999985694885253906e-01 -0.000000000000000000e+00 -9.999985694885253906e-01 1.696463441476225853e-03 0.000000000000000000e+00
1.694026170298457146e-03 9.999985694885253906e-01 0.000000000000000000e+00 -9.999985694885253906e-01 1.694026170298457146e-03 -0.000000000000000000e+00
1.709901844151318073e-03 9.999985694885253906e-01 -0.000000000000000000e+00 -9.999985694885253906e-01 1.709901844151318073e-03 0.000000000000000000e+00
1.714742626063525677e-03 9.999985694885253906e-01 0.000000000000000000e+00 -9.999985694885253906e-01 1.714742626063525677e-03 -0.000000000000000000e+00
1.712816068902611732e-03 9.999985694885253906e-01 -0.000000000000000000e+00 -9.999985694885253906e-01 1.712816068902611732e-03 0.000000000000000000e+00
1.711170189082622528e-03 9.999985694885253906e-01 0.000000000000000000e+00 -9.999985694885253906e-01 1.711170189082622528e-03 -0.000000000000000000e+00
1.728722243569791317e-03 9.999985098838806152e-01 -0.000000000000000000e+00 -9.999985098838806152e-01 1.728722243569791317e-03 0.000000000000000000e+00
1.710229553282260895e-03 9.999985694885253906e-01 0.000000000000000000e+00 -9.999985694885253906e-01 1.710229553282260895e-03 -0.000000000000000000e+00
1.726713613606989384e-03 9.999985098838806152e-01 -0.000000000000000000e+00 -9.999985098838806152e-01 1.726713613606989384e-03 0.000000000000000000e+00
1.718395506031811237e-03 9.999985098838806152e-01 0.000000000000000000e+00 -9.999985098838806152e-01 1.718395506031811237e-03 -0.000000000000000000e+00
1.725388225167989731e-03 9.999985098838806152e-01 -0.000000000000000000e+00 -9.999985098838806152e-01 1.725388225167989731e-03 0.000000000000000000e+00
1.724577741697430611e-03 9.999985098838806152e-01 -0.000000000000000000e+00 -9.999985098838806152e-01 1.724577741697430611e-03 0.000000000000000000e+00
1.737844897434115410e-03 9.999985098838806152e-01 0.000000000000000000e+00 -9.999985098838806152e-01 1.737844897434115410e-03 -0.000000000000000000e+00
1.736145117320120335e-03 9.999985098838806152e-01 -0.000000000000000000e+00 -9.999985098838806152e-01 1.736145117320120335e-03 0.000000000000000000e+00
1.734208199195563793e-03 9.999985098838806152e-01 0.000000000000000000e+00 -9.999985098838806152e-01 1.734208199195563793e-03 -0.000000000000000000e+00
1.737448386847972870e-03 9.999985098838806152e-01 0.000000000000000000e+00 -9.999985098838806152e-01 1.737448386847972870e-03 -0.000000000000000000e+00
1.728217466734349728e-03 9.999985098838806152e-01 0.000000000000000000e+00 -9.999985098838806152e-01 1.728217466734349728e-03 -0.000000000000000000e+00
1.746220164932310581e-03 9.999985098838806152e-01 0.000000000000000000e+00 -9.999985098838806152e-01 1.746220164932310581e-03 -0.000000000000000000e+00
1.752528129145503044e-03 9.999984502792358398e-01 0.000000000000000000e+00 -9.999984502792358398e-01 1.752528129145503044e-03 0.000000000000000000e+00
1.748256501741707325e-03 9.999985098838806152e-01 0.000000000000000000e+00 -9.999985098838806152e-01 1.748256501741707325e-03 -0.000000000000000000e+00
1.743920496664941311e-03 9.999985098838806152e-01 0.000000000000000000e+00 -9.999985098838806152e-01 1.743920496664941311e-03 0.000000000000000000e+00
1.748508191667497158e-03 9.999985098838806152e-01 0.000000000000000000e+00 -9.999985098838806152e-01 1.748508191667497158e-03 -0.000000000000000000e+00
1.742826076224446297e-03 9.999985098838806152e-01 0.000000000000000000e+00 -9.999985098838806152e-01 1.742826076224446297e-03 0.000000000000000000e+00
1.747475354932248592e-03 9.999985098838806152e-01 0.000000000000000000e+00 -9.999985098838806152e-01 1.747475354932248592e-03 -0.000000000000000000e+00
1.749213319271802902e-03 9.999985098838806152e-01 0.000000000000000000e+00 -9.999985098838806152e-01 1.749213319271802902e-03 -0.000000000000000000e+00
1.747715286910533905e-03 9.999985098838806152e-01 0.000000000000000000e+00 -9.999985098838806152e-01 1.747715286910533905e-03 0.000000000000000000e+00
1.754410914145410061e-03 9.999984502792358398e-01 0.000000000000000000e+00 -9.999984502792358398e-01 1.754410914145410061e-03 -0.000000000000000000e+00
1.763227977789938450e-03 9.999984502792358398e-01 0.000000000000000000e+00 -9.999984502792358398e-01 1.763227977789938450e-03 0.000000000000000000e+00
1.752528129145503044e-03 9.999984502792358398e-01 0.000000000000000000e+00 -9.999984502792358398e-01 1.752528129145503044e-03 -0.000000000000000000e+00
1.753193791955709457e-03 9.999984502792358398e-01 0.000000000000000000e+00 -9.999984502792358398e-01 1.753193791955709457e-03 0.000000000000000000e+00
1.751268748193979263e-03 9.999985098838806152e-01 0.000000000000000000e+00 -9.999985098838806152e-01 1.751268748193979263e-03 -0.000000000000000000e+00
1.745427260175347328e-03 9.999985098838806152e-01 0.000000000000000000e+00 -9.999985098838806152e-01 1.745427260175347328e-03 0.000000000000000000e+00
1.741528511047363281e-03 9.999985098838806152e-01 0.000000000000000000e+00 -9.999985098838806152e-01 1.741528511047363281e-03 -0.000000000000000000e+00
1.742722233757376671e-03 9.999985098838806152e-01 0.000000000000000000e+00 -9.999985098838806152e-01 1.742722233757376671e-03 0.000000000000000000e+00
1.734339864924550056e-03 9.999985098838806152e-01 0.000000000000000000e+00 -9.999985098838806152e-01 1.734339864924550056e-03 -0.000000000000000000e+00
1.719478052109479904e-03 9.999985098838806152e-01 0.000000000000000000e+00 -9.999985098838806152e-01 1.719478052109479904e-03 0.000000000000000000e+00
1.707300660200417042e-03 9.999985694885253906e-01 0.000000000000000000e+00 -9.999985694885253906e-01 1.707300660200417042e-03 -0.000000000000000000e+00
1.691426616162061691e-03 9.999985694885253906e-01 0.000000000000000000e+00 -9.999985694885253906e-01 1.691426616162061691e-03 -0.000000000000000000e+00
1.694908365607261658e-03 9.999985694885253906e-01 0.000000000000000000e+00 -9.999985694885253906e-01 1.694908365607261658e-03 0.000000000000000000e+00
1.686132280156016350e-03 9.999985694885253906e-01 0.000000000000000000e+00 -9.999985694885253906e-01 1.686132280156016350e-03 -0.000000000000000000e+00
1.699300017207860947e-03 9.999985694885253906e-01 0.000000000000000000e+00 -9.999985694885253906e-01 1.699300017207860947e-03 0.000000000000000000e+00
1.677259802818298340e-03 9.999986290931701660e-01 0.000000000000000000e+00 -9.999986290931701660e-01 1.677259802818298340e-03 -0.000000000000000000e+00
1.699635060504078865e-03 9.999985694885253906e-01 0.000000000000000000e+00 -9.999985694885253906e-01 1.699635060504078865e-03 0.000000000000000000e+00
1.676737563684582710e-03 9.999986290931701660e-01 0.000000000000000000e+00 -9.999986290931701660e-01 1.676737563684582710e-03 0.000000000000000000e+00
1.691700192168354988e-03 9.999985694885253906e-01 0.000000000000000000e+00 -9.999985694885253906e-01 1.691700192168354988e-03 0.000000000000000000e+00
1.674190629273653030e-03 9.999986290931701660e-01 0.000000000000000000e+00 -9.999986290931701660e-01 1.674190629273653030e-03 0.000000000000000000e+00
1.680956571362912655e-03 9.999986290931701660e-01 0.000000000000000000e+00 -9.999986290931701660e-01 1.680956571362912655e-03 0.000000000000000000e+00
1.651483122259378433e-03 9.999986290931701660e-01 0.000000000000000000e+00 -9.999986290931701660e-01 1.651483122259378433e-03 0.000000000000000000e+00
1.647881465032696724e-03 9.999986290931701660e-01 0.000000000000000000e+00 -9.999986290931701660e-01 1.647881465032696724e-03 0.000000000000000000e+00
1.669687568210065365e-03 9.999986290931701660e-01 0.000000000000000000e+00 -9.999986290931701660e-01 1.669687568210065365e-03 0.000000000000000000e+00
1.645143027417361736e-03 9.999986886978149414e-01 0.000000000000000000e+00 -9.999986886978149414e-01 1.645143027417361736e-03 0.000000000000000000e+00
1.666880329139530659e-03 9.999986290931701660e-01 0.000000000000000000e+00 -9.999986290931701660e-01 1.666880329139530659e-03 0.000000000000000000e+00
1.657931599766016006e-03 9.999986290931701660e-01 0.000000000000000000e+00 -9.999986290931701660e-01 1.657931599766016006e-03 0.000000000000000000e+00
1.693768659606575966e-03 9.999985694885253906e-01 0.000000000000000000e+00 -9.999985694885253906e-01 1.693768659606575966e-03 0.000000000000000000e+00
1.678226748481392860e-03 9.999986290931701660e-01 0.000000000000000000e+00 -9.999986290931701660e-01 1.678226748481392860e-03 0.000000000000000000e+00
1.693578553386032581e-03 9.999985694885253906e-01 0.000000000000000000e+00 -9.999985694885253906e-01 1.693578553386032581e-03 0.000000000000000000e+00
1.692548627033829689e-03 9.999985694885253906e-01 0.000000000000000000e+00 -9.999985694885253906e-01 1.692548627033829689e-03 0.000000000000000000e+00
1.702378038316965103e-03 9.999985694885253906e-01 0.000000000000000000e+00 -9.999985694885253906e-01 1.702378038316965103e-03 0.000000000000000000e+00
1.712675555609166622e-03 9.999985694885253906e-01 0.000000000000000000e+00 -9.999985694885253906e-01 1.712675555609166622e-03 0.000000000000000000e+00
1.758467638865113258e-03 9.999984502792358398e-01 0.000000000000000000e+00 -9.999984502792358398e-01 1.758467638865113258e-03 0.000000000000000000e+00
1.746138208545744419e-03 9.999985098838806152e-01 0.000000000000000000e+00 -9.999985098838806152e-01 1.746138208545744419e-03 0.000000000000000000e+00
1.752773881889879704e-03 9.999984502792358398e-01 0.000000000000000000e+00 -9.999984502792358398e-01 1.752773881889879704e-03 0.000000000000000000e+00
1.780035556294023991e-03 9.999984502792358398e-01 0.000000000000000000e+00 -9.999984502792358398e-01 1.780035556294023991e-03 0.000000000000000000e+00
1.782488892786204815e-03 9.999984502792358398e-01 0.000000000000000000e+00 -9.999984502792358398e-01 1.782488892786204815e-03 0.000000000000000000e+00
1.806920976378023624e-03 9.999983906745910645e-01 0.000000000000000000e+00 -9.999983906745910645e-01 1.806920976378023624e-03 0.000000000000000000e+00
1.796602969989180565e-03 9.999983906745910645e-01 0.000000000000000000e+00 -9.999983906745910645e-01 1.796602969989180565e-03 0.000000000000000000e+00
1.835166825912892818e-03 9.999983310699462891e-01 0.000000000000000000e+00 -9.999983310699462891e-01 1.835166825912892818e-03 0.000000000000000000e+00
1.829313696362078190e-03 9.999983310699462891e-01 0.000000000000000000e+00 -9.999983310699462891e-01 1.829313696362078190e-03 0.000000000000000000e+00
1.838717376813292503e-03 9.999983310699462891e-01 -0.000000000000000000e+00 -9.999983310699462891e-01 1.838717376813292503e-03 0.000000000000000000e+00
1.816867268644273281e-03 9.999983906745910645e-01 0.000000000000000000e+00 -9.999983906745910645e-01 1.816867268644273281e-03 0.000000000000000000e+00
1.814737333916127682e-03 9.999983906745910645e-01 -0.000000000000000000e+00 -9.999983906745910645e-01 1.814737333916127682e-03 0.000000000000000000e+00
1.807514810934662819e-03 9.999983906745910645e-01 0.000000000000000000e+00 -9.999983906745910645e-01 1.807514810934662819e-03 0.000000000000000000e+00
1.816993113607168198e-03 9.999983906745910645e-01 -0.000000000000000000e+00 -9.999983906745910645e-01 1.816993113607168198e-03 0.000000000000000000e+00
1.809508772566914558e-03 9.999983906745910645e-01 0.000000000000000000e+00 -9.999983906745910645e-01 1.809508772566914558e-03 0.000000000000000000e+00
1.800440251827239990e-03 9.999983906745910645e-01 -0.000000000000000000e+00 -9.999983906745910645e-01 1.800440251827239990e-03 0.000000000000000000e+00
1.805753563530743122e-03 9.999983906745910645e-01 -0.000000000000000000e+00 -9.999983906745910645e-01 1.805753563530743122e-03 0.000000000000000000e+00
1.775759272277355194e-03 9.999984502792358398e-01 -0.000000000000000000e+00 -9.999984502792358398e-01 1.775759272277355194e-03 0.000000000000000000e+00
1.784248743206262589e-03 9.999984502792358398e-01 -0.000000000000000000e+00 -9.999984502792358398e-01 1.784248743206262589e-03 0.000000000000000000e+00
1.763184089213609695e-03 9.999984502792358398e-01 -0.000000000000000000e+00 -9.999984502792358398e-01 1.763184089213609695e-03 0.000000000000000000e+00
1.770255854353308678e-03 9.999984502792358398e-01 -0.000000000000000000e+00 -9.999984502792358398e-01 1.770255854353308678e-03 0.000000000000000000e+00
1.755138044245541096e-03 9.999984502792358398e-01 -0.000000000000000000e+00 -9.999984502792358398e-01 1.755138044245541096e-03 0.000000000000000000e+00
1.758546568453311920e-03 9.999984502792358398e-01 -0.000000000000000000e+00 -9.999984502792358398e-01 1.758546568453311920e-03 0.000000000000000000e+00
1.741121755912899971e-03 9.999985098838806152e-01 -0.000000000000000000e+00 -9.999985098838806152e-01 1.741121755912899971e-03 0.000000000000000000e+00
1.743708387948572636e-03 9.999985098838806152e-01 -0.000000000000000000e+00 -9.999985098838806152e-01 1.743708387948572636e-03 0.000000000000000000e+00
1.701444620266556740e-03 9.999985694885253906e-01 -0.000000000000000000e+00 -9.999985694885253906e-01 1.701444620266556740e-03 0.000000000000000000e+00
1.697320723906159401e-03 9.999985694885253906e-01 -0.000000000000000000e+00 -9.999985694885253906e-01 1.697320723906159401e-03 0.000000000000000000e+00
1.697114435955882072e-03 9.999985694885253906e-01 -0.000000000000000000e+00 -9.999985694885253906e-01 1.697114435955882072e-03 0.000000000000000000e+00
1.658310531638562679e-03 9.999986290931701660e-01 -0.000000000000000000e+00 -9.999986290931701660e-01 1.658310531638562679e-03 0.000000000000000000e+00
1.668059383518993855e-03 9.999986290931701660e-01 -0.000000000000000000e+00 -9.999986290931701660e-01 1.668059383518993855e-03 0.000000000000000000e+00
1.658589928410947323e-03 9.999986290931701660e-01 -0.000000000000000000e+00 -9.999986290931701660e-01 1.658589928410947323e-03 0.000000000000000000e+00
1.651047263294458389e-03 9.999986290931701660e-01 -0.000000000000000000e+00 -9.999986290931701660e-01 1.651047263294458389e-03 0.000000000000000000e+00
1.638590591028332710e-03 9.999986886978149414e-01 -0.000000000000000000e+00 -9.999986886978149414e-01 1.638590591028332710e-03 0.000000000000000000e+00
1.636018627323210239e-03 9.999986886978149414e-01 -0.000000000000000000e+00 -9.999986886978149414e-01 1.636018627323210239e-03 0.000000000000000000e+00
1.611732761375606060e-03 9.999986886978149414e-01 -0.000000000000000000e+00 -9.999986886978149414e-01 1.611732761375606060e-03 0.000000000000000000e+00
1.603612210601568222e-03 9.999987483024597168e-01 -0.000000000000000000e+00 -9.999987483024597168e-01 1.603612210601568222e-03 0.000000000000000000e+00
1.578066614456474781e-03 9.999987483024597168e-01 -0.000000000000000000e+00 -9.999987483024597168e-01 1.578066614456474781e-03 0.000000000000000000e+00
1.589859253726899624e-03 9.999987483024597168e-01 -0.000000000000000000e+00 -9.999987483024597168e-01 1.589859253726899624e-03 0.000000000000000000e+00
