-5.233640968799591064e-02 -9.986295104026794434e-01 -1.059734204318374395e-04 5.546268312173197046e-06 1.058281850419007242e-04 -1.000000000000000000e+00
-5.233640968799591064e-02 -9.986295104026794434e-01 -1.033504086080938578e-04 5.408989181887591258e-06 1.032087675412185490e-04 -1.000000000000000000e+00
5.233640968799591064e-02 -9.986295104026794434e-01 -1.027228208840824664e-04 -5.376143690227763727e-06 1.025820383802056313e-04 -1.000000000000000000e+00
5.233640968799591064e-02 -9.986295104026794434e-01 -1.005152735160663724e-04 -5.260608759272145107e-06 1.003775178105570376e-04 -1.000000000000000000e+00
1.564339250326156616e-01 -9.876884222030639648e-01 -1.043920055963099003e-04 -1.633045030757784843e-05 1.031067731673829257e-04 -1.000000000000000000e+00
1.564339250326156616e-01 -9.876884222030639648e-01 -1.012613647617399693e-04 -1.584071287652477622e-05 1.000146803562529385e-04 -1.000000000000000000e+00
2.588196098804473877e-01 -9.659256935119628906e-01 -8.639226143714040518e-05 -2.236001091660000384e-05 8.344850357389077544e-05 -1.000000000000000000e+00
2.588196098804473877e-01 -9.659256935119628906e-01 -8.156609692377969623e-05 -2.111090543621685356e-05 7.878679025452584028e-05 -1.000000000000000000e+00
3.583676218986511230e-01 -9.335805773735046387e-01 -6.753232446499168873e-05 -2.420139935566112399e-05 6.304686394287273288e-05 -1.000000000000000000e+00
3.583676218986511230e-01 -9.335805773735046387e-01 -6.697348726447671652e-05 -2.400112862233072519e-05 6.252514867810532451e-05 -1.000000000000000000e+00
4.539906680583953857e-01 -8.910064697265625000e-01 -5.829253132105804980e-05 -2.646426582941785455e-05 5.193902325117960572e-05 -1.000000000000000000e+00
4.539906680583953857e-01 -8.910064697265625000e-01 -5.693787170457653701e-05 -2.584926187410019338e-05 5.073201100458391011e-05 -1.000000000000000000e+00
5.446387529373168945e-01 -8.386707305908203125e-01 -3.405198003747500479e-05 -1.854602851381059736e-05 2.855839920812286437e-05 -1.000000000000000000e+00
5.446387529373168945e-01 -8.386707305908203125e-01 -2.841681816789787263e-05 -1.547690044390037656e-05 2.383235369052272290e-05 -1.000000000000000000e+00
6.293206810951232910e-01 -7.771458029747009277e-01 -1.513937422714661807e-05 -9.527520887786522508e-06 1.176550085801864043e-05 -1.000000000000000000e+00
6.293206810951232910e-01 -7.771458029747009277e-01 -1.118656928156269714e-05 -7.039939191599842161e-06 8.693595191289205104e-06 -1.000000000000000000e+00
7.071068286895751953e-01 -7.071068286895751953e-01 6.517665951832896098e-06 4.608686140272766352e-06 -4.608686140272766352e-06 -1.000000000000000000e+00
7.071068286895751953e-01 -7.071068286895751953e-01 9.019256140163633972e-06 6.377577392413513735e-06 -6.377577392413513735e-06 -1.000000000000000000e+00
7.771458029747009277e-01 -6.293206810951232910e-01 1.986533061426598579e-05 1.543825783301144838e-05 -1.250166315003298223e-05 -1.000000000000000000e+00
7.771458029747009277e-01 -6.293206810951232910e-01 2.019595012825448066e-05 1.569519736221991479e-05 -1.270972916245227680e-05 -1.000000000000000000e+00
8.386707305908203125e-01 -5.446387529373168945e-01 3.833906157524324954e-05 3.215385004295967519e-05 -2.088093788188416511e-05 -1.000000000000000000e+00
8.386707305908203125e-01 -5.446387529373168945e-01 3.775389268412254751e-05 3.166308306390419602e-05 -2.056223274848889560e-05 -1.000000000000000000e+00
8.910064697265625000e-01 -4.539906680583953857e-01 2.959081029985100031e-05 2.636560384416952729e-05 -1.343395160802174360e-05 -1.000000000000000000e+00
8.910064697265625000e-01 -4.539906680583953857e-01 2.467833110131323338e-05 2.198855327151250094e-05 -1.120373235607985407e-05 -1.000000000000000000e+00
9.335805773735046387e-01 -3.583676218986511230e-01 4.375953722046688199e-06 4.085305590706411749e-06 -1.568200104884454049e-06 -1.000000000000000000e+00
9.335805773735046387e-01 -3.583676218986511230e-01 1.687110284365189727e-06 1.575053374835988507e-06 -6.046057023922912776e-07 -1.000000000000000000e+00
9.659256935119628906e-01 -2.588196098804473877e-01 -2.992362351506017148e-05 -2.890399628086015582e-05 7.744820322841405869e-06 -1.000000000000000000e+00
9.659256935119628906e-01 -2.588196098804473877e-01 -3.317422670079395175e-05 -3.204383756383322179e-05 8.586140211264137179e-06 -1.000000000000000000e+00
9.876884222030639648e-01 -1.564339250326156616e-01 -9.178750769933685660e-05 -9.065745689440518618e-05 1.435868034604936838e-05 -1.000000000000000000e+00
9.876884222030639648e-01 -1.564339250326156616e-01 -9.491814853390678763e-05 -9.374955698149278760e-05 1.484841868659714237e-05 -1.000000000000000000e+00
9.986295104026794434e-01 -5.233640968799591064e-02 -1.439814950572326779e-04 -1.437841710867360234e-04 7.535474651376716793e-06 -1.000000000000000000e+00
9.986295104026794434e-01 -5.233640968799591064e-02 -1.491660805186256766e-04 -1.489616552134975791e-04 7.806816938682459295e-06 -1.000000000000000000e+00
9.986295104026794434e-01 5.233640968799591064e-02 -2.013922639889642596e-04 -2.011162578128278255e-04 -1.054014774126699194e-05 -1.000000000000000000e+00
9.986295104026794434e-01 5.233640968799591064e-02 -2.061584382317960262e-04 -2.058758982457220554e-04 -1.078959212463814765e-05 -1.000000000000000000e+00
9.876884222030639648e-01 1.564339250326156616e-01 -2.602747408673167229e-04 -2.570703509263694286e-04 -4.071579678566195071e-05 -1.000000000000000000e+00
9.876884222030639648e-01 1.564339250326156616e-01 -2.573079545982182026e-04 -2.541400899644941092e-04 -4.025169255328364670e-05 -1.000000000000000000e+00
9.659256935119628906e-01 2.588196098804473877e-01 -2.899163810070604086e-04 -2.800376678351312876e-04 -7.503604138037189841e-05 -1.000000000000000000e+00
9.659256935119628906e-01 2.588196098804473877e-01 -2.755915047600865364e-04 -2.662009210325777531e-04 -7.132848259061574936e-05 -1.000000000000000000e+00
9.335805177688598633e-01 3.583675920963287354e-01 -3.008999337907880545e-04 -2.809143625199794769e-04 -1.078327986760996282e-04 -1.000000000000000000e+00
9.335805773735046387e-01 3.583676218986511230e-01 -2.866862632799893618e-04 -2.676447329577058554e-04 -1.027390680974349380e-04 -1.000000000000000000e+00
8.910064101219177246e-01 4.539906382560729980e-01 -2.929797046817839146e-04 -2.610468363855034113e-04 -1.330100640188902617e-04 -1.000000000000000000e+00
8.910064101219177246e-01 4.539906382560729980e-01 -2.801996597554534674e-04 -2.496597298886626959e-04 -1.272080407943576574e-04 -1.000000000000000000e+00
8.386707305908203125e-01 5.446387529373168945e-01 -2.753866720013320446e-04 -2.309587289346382022e-04 -1.499862555647268891e-04 -1.000000000000000000e+00
8.386707305908203125e-01 5.446387529373168945e-01 -2.706234226934611797e-04 -2.269639371661469340e-04 -1.473919983254745603e-04 -1.000000000000000000e+00
7.771457433700561523e-01 6.293206214904785156e-01 -2.875083882827311754e-04 -2.234359417343512177e-04 -1.809349778341129422e-04 -9.999999403953552246e-01
7.771457433700561523e-01 6.293206214904785156e-01 -2.851150638889521360e-04 -2.215759741375222802e-04 -1.794288109522312880e-04 -9.999999403953552246e-01
7.071067690849304199e-01 7.071067690849304199e-01 -2.778940834105014801e-04 -1.965007977560162544e-04 -1.965007977560162544e-04 -9.999999403953552246e-01
7.071067690849304199e-01 7.071067690849304199e-01 -2.774025488179177046e-04 -1.961532398127019405e-04 -1.961532398127019405e-04 -9.999999403953552246e-01
6.293206214904785156e-01 7.771457433700561523e-01 -2.677502343431115150e-04 -1.685007737250998616e-04 -2.080809790641069412e-04 -1.000000000000000000e+00
6.293206214904785156e-01 7.771456837654113770e-01 -2.423217520117759705e-04 -1.524981053080409765e-04 -1.883193617686629295e-04 -1.000000000000000000e+00
5.446387529373168945e-01 8.386707305908203125e-01 -2.214342384831979871e-04 -1.206016677315346897e-04 -1.857104216469451785e-04 -1.000000000000000000e+00
5.446387529373168945e-01 8.386707305908203125e-01 -2.150734653696417809e-04 -1.171373442048206925e-04 -1.803758204914629459e-04 -1.000000000000000000e+00
4.539906680583953857e-01 8.910064697265625000e-01 -1.919944770634174347e-04 -8.716370211914181709e-05 -1.710683281999081373e-04 -1.000000000000000000e+00
4.539906680583953857e-01 8.910064697265625000e-01 -1.845335937105119228e-04 -8.377653284696862102e-05 -1.644206204218789935e-04 -1.000000000000000000e+00
3.583676218986511230e-01 9.335805773735046387e-01 -1.631369523238390684e-04 -5.846300336997956038e-05 -1.523014943813905120e-04 -1.000000000000000000e+00
3.583676218986511230e-01 9.335805773735046387e-01 -1.617179223103448749e-04 -5.795446850243024528e-05 -1.509767171228304505e-04 -1.000000000000000000e+00
2.588196098804473877e-01 9.659256935119628906e-01 -1.444057415938004851e-04 -3.737503720913082361e-05 -1.394852151861414313e-04 -1.000000000000000000e+00
2.588196098804473877e-01 9.659256935119628906e-01 -1.402452035108581185e-04 -3.629821003414690495e-05 -1.354664418613538146e-04 -1.000000000000000000e+00
1.564339250326156616e-01 9.876884222030639648e-01 -1.430481497664004564e-04 -2.237758417322766036e-05 -1.412870042258873582e-04 -1.000000000000000000e+00
1.564339250326156616e-01 9.876884222030639648e-01 -1.221079437527805567e-04 -1.910182436404284090e-05 -1.206045999424532056e-04 -1.000000000000000000e+00
5.233640968799591064e-02 9.986295104026794434e-01 -9.725296695251017809e-05 -5.089871137897716835e-06 -9.711968596093356609e-05 -1.000000000000000000e+00
5.233640968799591064e-02 9.986295104026794434e-01 -8.187184721464291215e-05 -4.284878741600550711e-06 -8.175964467227458954e-05 -1.000000000000000000e+00
-5.233640968799591064e-02 9.986295104026794434e-01 -8.338157931575551629e-05 4.363892458059126511e-06 -8.326730312546715140e-05 -1.000000000000000000e+00
-5.233640968799591064e-02 9.986295104026794434e-01 -7.709688361501321197e-05 4.034974153910297900e-06 -7.699122215854004025e-05 -1.000000000000000000e+00
-1.564339250326156616e-01 9.876884222030639648e-01 -8.349568815901875496e-05 1.306155809288611636e-05 -8.246772631537169218e-05 -1.000000000000000000e+00
-1.564339250326156616e-01 9.876884222030639648e-01 -8.470698230667039752e-05 1.325104585703229532e-05 -8.366410474991425872e-05 -1.000000000000000000e+00
-2.588196098804473877e-01 9.659256935119628906e-01 -7.777860446367412806e-05 2.013062839978374541e-05 -7.512835145462304354e-05 -1.000000000000000000e+00
-2.588196098804473877e-01 9.659256935119628906e-01 -7.346299389610067010e-05 1.901366340462118387e-05 -7.095979526638984680e-05 -1.000000000000000000e+00
-3.583676218986511230e-01 9.335805773735046387e-01 -7.609331805724650621e-05 2.726938146224711090e-05 -7.103924144757911563e-05 -1.000000000000000000e+00
-3.583676218986511230e-01 9.335805773735046387e-01 -7.207907037809491158e-05 2.583080458862241358e-05 -6.729162123519927263e-05 -1.000000000000000000e+00
-4.539906680583953857e-01 8.910064697265625000e-01 -7.362391625065356493e-05 3.342457057442516088e-05 -6.559938628925010562e-05 -1.000000000000000000e+00
-4.539906680583953857e-01 8.910064697265625000e-01 -8.148856431944295764e-05 3.699504668475128710e-05 -7.260683923959732056e-05 -1.000000000000000000e+00
-5.446387529373168945e-01 8.386707305908203125e-01 -7.273738447111099958e-05 3.961559923482127488e-05 -6.100271639297716320e-05 -1.000000000000000000e+00
-5.446387529373168945e-01 8.386707305908203125e-01 -7.183037814684212208e-05 3.912160900654271245e-05 -6.024203685228712857e-05 -1.000000000000000000e+00
-6.293206810951232910e-01 7.771458029747009277e-01 -7.432611164404079318e-05 4.677495962823741138e-05 -5.776222678832709789e-05 -1.000000000000000000e+00
-6.293206810951232910e-01 7.771458029747009277e-01 -8.040600368985906243e-05 5.060116018285043538e-05 -6.248719000723212957e-05 -1.000000000000000000e+00
-7.071068286895751953e-01 7.071068286895751953e-01 -9.429787314729765058e-05 6.667867273790761828e-05 -6.667867273790761828e-05 -1.000000000000000000e+00
-7.071068286895751953e-01 7.071068286895751953e-01 -9.499715088168159127e-05 6.717313226545229554e-05 -6.717313226545229554e-05 -1.000000000000000000e+00
-7.771458029747009277e-01 6.293206810951232910e-01 -1.151503092842176557e-04 8.948858157964423299e-05 -7.246647146530449390e-05 -1.000000000000000000e+00
-7.771458029747009277e-01 6.293206810951232910e-01 -1.173666314571164548e-04 9.121098264586180449e-05 -7.386125071207061410e-05 -1.000000000000000000e+00
-8.386707305908203125e-01 5.446387529373168945e-01 -1.286325568798929453e-04 1.078803616110235453e-04 -7.005827501416206360e-05 -1.000000000000000000e+00
-8.386707305908203125e-01 5.446387529373168945e-01 -1.400287001160904765e-04 1.174379722215235233e-04 -7.626505976077169180e-05 -1.000000000000000000e+00
-8.910064697265625000e-01 4.539906680583953857e-01 -1.694216480245813727e-04 1.509557914687320590e-04 -7.691585051361471415e-05 -1.000000000000000000e+00
-8.910064697265625000e-01 4.539906680583953857e-01 -1.673677033977583051e-04 1.491257135057821870e-04 -7.598337833769619465e-05 -1.000000000000000000e+00
-9.335805773735046387e-01 3.583676218986511230e-01 -1.636021625017747283e-04 1.527357962913811207e-04 -5.862971738679334521e-05 -1.000000000000000000e+00
-9.335805773735046387e-01 3.583676218986511230e-01 -1.599214592715725303e-04 1.492995652370154858e-04 -5.731067358283326030e-05 -1.000000000000000000e+00
-9.659256935119628906e-01 2.588196098804473877e-01 -1.361431786790490150e-04 1.315041881753131747e-04 -3.523652412695810199e-05 -1.000000000000000000e+00
-9.659256935119628906e-01 2.588196098804473877e-01 -1.370706740999594331e-04 1.324000913882628083e-04 -3.547657979652285576e-05 -1.000000000000000000e+00
-9.876884222030639648e-01 1.564339250326156616e-01 -1.436084567103534937e-04 1.418404135620221496e-04 -2.246523399662692100e-05 -1.000000000000000000e+00
-9.876884222030639648e-01 1.564339250326156616e-01 -1.458042970625683665e-04 1.440092164557427168e-04 -2.280873923155013472e-05 -1.000000000000000000e+00
-9.986295104026794434e-01 5.233640968799591064e-02 -1.430964330211281776e-04 1.429003168595954776e-04 -7.489153631468070671e-06 -1.000000000000000000e+00
-9.986295104026794434e-01 5.233640968799591064e-02 -1.416466839145869017e-04 1.414525613654404879e-04 -7.413279035972664133e-06 -1.000000000000000000e+00
-9.986295104026794434e-01 -5.233640968799591064e-02 -1.166220026789233088e-04 1.164621717180125415e-04 6.103577106841839850e-06 -1.000000000000000000e+00
-9.986295104026794434e-01 -5.233640968799591064e-02 -1.183628774015232921e-04 1.182006599265150726e-04 6.194688012328697369e-06 -1.000000000000000000e+00
-9.876884222030639648e-01 -1.564339250326156616e-01 -1.300574367633089423e-04 1.284562313230708241e-04 2.034539465967100114e-05 -1.000000000000000000e+00
-9.876884222030639648e-01 -1.564339250326156616e-01 -1.276436232728883624e-04 1.260721328435465693e-04 1.996779246837832034e-05 -1.000000000000000000e+00
-9.659256935119628906e-01 -2.588196098804473877e-01 -9.070348460227251053e-05 8.761282515479251742e-05 2.347584086237475276e-05 -1.000000000000000000e+00
-9.659256935119628906e-01 -2.588196098804473877e-01 -8.700229955138638616e-05 8.403775427723303437e-05 2.251790101581718773e-05 -1.000000000000000000e+00
-9.335805773735046387e-01 -3.583676218986511230e-01 -7.980035297805443406e-05 7.450005796272307634e-05 2.859786218323279172e-05 -1.000000000000000000e+00
-9.335805773735046387e-01 -3.583676218986511230e-01 -7.942584488773718476e-05 7.415042637148872018e-05 2.846365168807096779e-05 -1.000000000000000000e+00
-8.910064697265625000e-01 -4.539906680583953857e-01 -6.662824307568371296e-05 5.936619709245860577e-05 3.024860052391886711e-05 -1.000000000000000000e+00
-8.910064697265625000e-01 -4.539906680583953857e-01 -6.702761311316862702e-05 5.972203871351666749e-05 3.042991011170670390e-05 -1.000000000000000000e+00
-8.386707305908203125e-01 -5.446387529373168945e-01 -5.720997432945296168e-05 4.798033114639110863e-05 3.115876825177110732e-05 -1.000000000000000000e+00
-8.386707305908203125e-01 -5.446387529373168945e-01 -6.025869515724480152e-05 5.053720451542176306e-05 3.281922181486152112e-05 -1.000000000000000000e+00
-7.771458029747009277e-01 -6.293206810951232910e-01 -4.195612564217299223e-05 3.260602534282952547e-05 2.640385719132609665e-05 -1.000000000000000000e+00
-7.771458029747009277e-01 -6.293206810951232910e-01 -4.015527520095929503e-05 3.120650217169895768e-05 2.527054493839386851e-05 -1.000000000000000000e+00
-7.071068286895751953e-01 -7.071068286895751953e-01 -6.324450805550441146e-05 4.472062209970317781e-05 4.472062209970317781e-05 -1.000000000000000000e+00
-7.071068286895751953e-01 -7.071068286895751953e-01 -6.780735566280782223e-05 4.794704364030621946e-05 4.794704364030621946e-05 -1.000000000000000000e+00
-6.293206810951232910e-01 -7.771458029747009277e-01 -5.129393321112729609e-05 3.228033165214583278e-05 3.986286537838168442e-05 -1.000000000000000000e+00
-6.293206810951232910e-01 -7.771458029747009277e-01 -5.151775985723361373e-05 3.242119055357761681e-05 4.003681169706396759e-05 -1.000000000000000000e+00
-5.446387529373168945e-01 -8.386707305908203125e-01 -6.397889228537678719e-05 3.484538319753482938e-05 5.365722608985379338e-05 -1.000000000000000000e+00
-5.446387529373168945e-01 -8.386707305908203125e-01 -6.410909554688259959e-05 3.491629831842146814e-05 5.376642366172745824e-05 -1.000000000000000000e+00
-4.539906680583953857e-01 -8.910064697265625000e-01 -9.284080442739650607e-05 4.214885848341509700e-05 8.272175909951329231e-05 -1.000000000000000000e+00
-4.539906680583953857e-01 -8.910064697265625000e-01 -9.642056829761713743e-05 4.377403820399194956e-05 8.591134974267333746e-05 -1.000000000000000000e+00
-3.583676218986511230e-01 -9.335805773735046387e-01 -9.826530731515958905e-05 3.521510370774194598e-05 9.173858416033908725e-05 -1.000000000000000000e+00
-3.583676218986511230e-01 -9.335805773735046387e-01 -1.017558315652422607e-04 3.646599361672997475e-05 9.499726729700341821e-05 -1.000000000000000000e+00
-2.588196098804473877e-01 -9.659256935119628906e-01 -1.201915220008231699e-04 3.110792385996319354e-05 1.160960819106549025e-04 -1.000000000000000000e+00
-2.588196098804473877e-01 -9.659256935119628906e-01 -1.221898710355162621e-04 3.162513530696742237e-05 1.180263352580368519e-04 -1.000000000000000000e+00
-1.564339250326156616e-01 -9.876884222030639648e-01 -1.244983577635139227e-04 1.947576674865558743e-05 1.229655899805948138e-04 -1.000000000000000000e+00
-1.564339250326156616e-01 -9.876884222030639648e-01 -1.227765023941174150e-04 1.920641079777851701e-05 1.212649294757284224e-04 -1.000000000000000000e+00
3.460185253061354160e-04 -9.999999403953552246e-01 0.000000000000000000e+00 -9.999999403953552246e-01 -3.460185253061354160e-04 -0.000000000000000000e+00
3.561492485459893942e-04 -9.999999403953552246e-01 -0.000000000000000000e+00 -9.999999403953552246e-01 -3.561492485459893942e-04 0.000000000000000000e+00
3.519609163049608469e-04 -9.999999403953552246e-01 0.000000000000000000e+00 -9.999999403953552246e-01 -3.519609163049608469e-04 -0.000000000000000000e+00
3.592009015846997499e-04 -9.999999403953552246e-01 -0.000000000000000000e+00 -9.999999403953552246e-01 -3.592009015846997499e-04 0.000000000000000000e+00
3.529132809489965439e-04 -9.999999403953552246e-01 0.000000000000000000e+00 -9.999999403953552246e-01 -3.529132809489965439e-04 -0.000000000000000000e+00
3.529439854901283979e-04 -9.999999403953552246e-01 -0.000000000000000000e+00 -9.999999403953552246e-01 -3.529439854901283979e-04 0.000000000000000000e+00
3.648828715085983276e-04 -9.999999403953552246e-01 -0.000000000000000000e+00 -9.999999403953552246e-01 -3.648828715085983276e-04 0.000000000000000000e+00
3.591701679397374392e-04 -9.999999403953552246e-01 -0.000000000000000000e+00 -9.999999403953552246e-01 -3.591701679397374392e-04 0.000000000000000000e+00
3.704843693412840366e-04 -9.999999403953552246e-01 -0.000000000000000000e+00 -9.999999403953552246e-01 -3.704843693412840366e-04 0.000000000000000000e+00
3.694354672916233540e-04 -9.999999403953552246e-01 -0.000000000000000000e+00 -9.999999403953552246e-01 -3.694354672916233540e-04 0.000000000000000000e+00
3.710519813466817141e-04 -9.999999403953552246e-01 -0.000000000000000000e+00 -9.999999403953552246e-01 -3.710519813466817141e-04 0.000000000000000000e+00
3.722354886122047901e-04 -9.999999403953552246e-01 -0.000000000000000000e+00 -9.999999403953552246e-01 -3.722354886122047901e-04 0.000000000000000000e+00
3.712904581334441900e-04 -9.999999403953552246e-01 -0.000000000000000000e+00 -9.999999403953552246e-01 -3.712904581334441900e-04 0.000000000000000000e+00
3.709890879690647125e-04 -9.999999403953552246e-01 -0.000000000000000000e+00 -9.999999403953552246e-01 -3.709890879690647125e-04 0.000000000000000000e+00
3.714221238624304533e-04 -9.999999403953552246e-01 -0.000000000000000000e+00 -9.999999403953552246e-01 -3.714221238624304533e-04 0.000000000000000000e+00
3.768407623283565044e-04 -9.999999403953552246e-01 -0.000000000000000000e+00 -9.999999403953552246e-01 -3.768407623283565044e-04 0.000000000000000000e+00
3.726450959220528603e-04 -9.999999403953552246e-01 -0.000000000000000000e+00 -9.999999403953552246e-01 -3.726450959220528603e-04 0.000000000000000000e+00
3.828621411230415106e-04 -9.999999403953552246e-01 -0.000000000000000000e+00 -9.999999403953552246e-01 -3.828621411230415106e-04 0.000000000000000000e+00
3.814079973381012678e-04 -9.999999403953552246e-01 -0.000000000000000000e+00 -9.999999403953552246e-01 -3.814079973381012678e-04 0.000000000000000000e+00
3.879238211084157228e-04 -9.999999403953552246e-01 -0.000000000000000000e+00 -9.999999403953552246e-01 -3.879238211084157228e-04 0.000000000000000000e+00
3.915855195373296738e-04 -9.999999403953552246e-01 -0.000000000000000000e+00 -9.999999403953552246e-01 -3.915855195373296738e-04 0.000000000000000000e+00
3.506033099256455898e-04 -9.999999403953552246e-01 0.000000000000000000e+00 -9.999999403953552246e-01 -3.506033099256455898e-04 0.000000000000000000e+00
3.368796897120773792e-04 -9.999999403953552246e-01 0.000000000000000000e+00 -9.999999403953552246e-01 -3.368796897120773792e-04 0.000000000000000000e+00
3.365124866832047701e-04 -9.999999403953552246e-01 0.000000000000000000e+00 -9.999999403953552246e-01 -3.365124866832047701e-04 0.000000000000000000e+00
3.400234854780137539e-04 -9.999999403953552246e-01 0.000000000000000000e+00 -9.999999403953552246e-01 -3.400234854780137539e-04 0.000000000000000000e+00
3.415464016143232584e-04 -9.999999403953552246e-01 0.000000000000000000e+00 -9.999999403953552246e-01 -3.415464016143232584e-04 0.000000000000000000e+00
3.398874541744589806e-04 -9.999999403953552246e-01 0.000000000000000000e+00 -9.999999403953552246e-01 -3.398874541744589806e-04 0.000000000000000000e+00
3.379520203452557325e-04 -9.999999403953552246e-01 0.000000000000000000e+00 -9.999999403953552246e-01 -3.379520203452557325e-04 0.000000000000000000e+00
3.368606558069586754e-04 -9.999999403953552246e-01 0.000000000000000000e+00 -9.999999403953552246e-01 -3.368606558069586754e-04 0.000000000000000000e+00
3.333423519507050514e-04 -9.999999403953552246e-01 0.000000000000000000e+00 -9.999999403953552246e-01 -3.333423519507050514e-04 0.000000000000000000e+00
3.290837921667844057e-04 -9.999999403953552246e-01 0.000000000000000000e+00 -9.999999403953552246e-01 -3.290837921667844057e-04 0.000000000000000000e+00
3.375526284798979759e-04 -9.999999403953552246e-01 0.000000000000000000e+00 -9.999999403953552246e-01 -3.375526284798979759e-04 0.000000000000000000e+00
3.268001892138272524e-04 -9.999999403953552246e-01 0.000000000000000000e+00 -9.999999403953552246e-01 -3.268001892138272524e-04 0.000000000000000000e+00
3.323812270537018776e-04 -9.999999403953552246e-01 0.000000000000000000e+00 -9.999999403953552246e-01 -3.323812270537018776e-04 0.000000000000000000e+00
3.259195073042064905e-04 -9.999999403953552246e-01 0.000000000000000000e+00 -9.999999403953552246e-01 -3.259195073042064905e-04 0.000000000000000000e+00
3.297845250926911831e-04 -9.999999403953552246e-01 0.000000000000000000e+00 -9.999999403953552246e-01 -3.297845250926911831e-04 0.000000000000000000e+00
3.433545643929392099e-04 -9.999999403953552246e-01 0.000000000000000000e+00 -9.999999403953552246e-01 -3.433545643929392099e-04 0.000000000000000000e+00
3.325640864204615355e-04 -9.999999403953552246e-01 0.000000000000000000e+00 -9.999999403953552246e-01 -3.325640864204615355e-04 0.000000000000000000e+00
3.422120353206992149e-04 -9.999999403953552246e-01 0.000000000000000000e+00 -9.999999403953552246e-01 -3.422120353206992149e-04 0.000000000000000000e+00
3.378320543561130762e-04 -9.999999403953552246e-01 0.000000000000000000e+00 -9.999999403953552246e-01 -3.378320543561130762e-04 0.000000000000000000e+00
3.445102775003761053e-04 -9.999999403953552246e-01 0.000000000000000000e+00 -9.999999403953552246e-01 -3.445102775003761053e-04 0.000000000000000000e+00
3.409305063541978598e-04 -9.999999403953552246e-01 0.000000000000000000e+00 -9.999999403953552246e-01 -3.409305063541978598e-04 0.000000000000000000e+00
3.417599946260452271e-04 -9.999999403953552246e-01 -0.000000000000000000e+00 -9.999999403953552246e-01 -3.417599946260452271e-04 0.000000000000000000e+00
3.436032566241919994e-04 -9.999999403953552246e-01 -0.000000000000000000e+00 -9.999999403953552246e-01 -3.436032566241919994e-04 0.000000000000000000e+00
3.459088038653135300e-04 -9.999999403953552246e-01 -0.000000000000000000e+00 -9.999999403953552246e-01 -3.459088038653135300e-04 0.000000000000000000e+00
3.423656162340193987e-04 -9.999999403953552246e-01 -0.000000000000000000e+00 -9.999999403953552246e-01 -3.423656162340193987e-04 0.000000000000000000e+00
3.466358757577836514e-04 -9.999999403953552246e-01 -0.000000000000000000e+00 -9.999999403953552246e-01 -3.466358757577836514e-04 0.000000000000000000e+00
3.446185146458446980e-04 -9.999999403953552246e-01 -0.000000000000000000e+00 -9.999999403953552246e-01 -3.446185146458446980e-04 0.000000000000000000e+00
3.387010074220597744e-04 -9.999999403953552246e-01 -0.000000000000000000e+00 -9.999999403953552246e-01 -3.387010074220597744e-04 0.000000000000000000e+00
3.426713810767978430e-04 -9.999999403953552246e-01 -0.000000000000000000e+00 -9.999999403953552246e-01 -3.426713810767978430e-04 0.000000000000000000e+00
3.475048579275608063e-04 -9.999999403953552246e-01 -0.000000000000000000e+00 -9.999999403953552246e-01 -3.475048579275608063e-04 0.000000000000000000e+00
3.491784445941448212e-04 -9.999999403953552246e-01 -0.000000000000000000e+00 -9.999999403953552246e-01 -3.491784445941448212e-04 0.000000000000000000e+00
3.453733806964010000e-04 -9.999999403953552246e-01 -0.000000000000000000e+00 -9.999999403953552246e-01 -3.453733806964010000e-04 0.000000000000000000e+00
3.540411707945168018e-04 -9.999999403953552246e-01 -0.000000000000000000e+00 -9.999999403953552246e-01 -3.540411707945168018e-04 0.000000000000000000e+00
3.591438289731740952e-04 -9.999999403953552246e-01 -0.000000000000000000e+00 -9.999999403953552246e-01 -3.591438289731740952e-04 0.000000000000000000e+00
3.614216111600399017e-04 -9.999999403953552246e-01 -0.000000000000000000e+00 -9.999999403953552246e-01 -3.614216111600399017e-04 0.000000000000000000e+00
3.582646313589066267e-04 -9.999999403953552246e-01 -0.000000000000000000e+00 -9.999999403953552246e-01 -3.582646313589066267e-04 0.000000000000000000e+00
3.560995100997388363e-04 -9.999999403953552246e-01 -0.000000000000000000e+00 -9.999999403953552246e-01 -3.560995100997388363e-04 0.000000000000000000e+00
3.597436298150569201e-04 -9.999999403953552246e-01 -0.000000000000000000e+00 -9.999999403953552246e-01 -3.597436298150569201e-04 0.000000000000000000e+00
3.601883654482662678e-04 -9.999999403953552246e-01 -0.000000000000000000e+00 -9.999999403953552246e-01 -3.601883654482662678e-04 0.000000000000000000e+00
3.690273151732981205e-04 -9.999999403953552246e-01 -0.000000000000000000e+00 -9.999999403953552246e-01 -3.690273151732981205e-04 0.000000000000000000e+00
3.739690582733601332e-04 -9.999999403953552246e-01 -0.000000000000000000e+00 -9.999999403953552246e-01 -3.739690582733601332e-04 0.000000000000000000e+00
3.723964036908000708e-04 -9.999999403953552246e-01 0.000000000000000000e+00 -9.999999403953552246e-01 -3.723964036908000708e-04 -0.000000000000000000e+00
3.772840136662125587e-04 -9.999999403953552246e-01 -0.000000000000000000e+00 -9.999999403953552246e-01 -3.772840136662125587e-04 0.000000000000000000e+00
3.745454305317252874e-04 -9.999999403953552246e-01 0.000000000000000000e+00 -9.999999403953552246e-01 -3.745454305317252874e-04 -0.000000000000000000e+00
3.771026094909757376e-04 -9.999999403953552246e-01 -0.000000000000000000e+00 -9.999999403953552246e-01 -3.771026094909757376e-04 0.000000000000000000e+00
3.772752534132450819e-04 -9.999999403953552246e-01 0.000000000000000000e+00 -9.999999403953552246e-01 -3.772752534132450819e-04 -0.000000000000000000e+00
3.736252547241747379e-04 -9.999999403953552246e-01 0.000000000000000000e+00 -9.999999403953552246e-01 -3.736252547241747379e-04 -0.000000000000000000e+00
3.857908886857330799e-04 -9.999999403953552246e-01 0.000000000000000000e+00 -9.999999403953552246e-01 -3.857908886857330799e-04 -0.000000000000000000e+00
3.852993540931493044e-04 -9.999999403953552246e-01 0.000000000000000000e+00 -9.999999403953552246e-01 -3.852993540931493044e-04 -0.000000000000000000e+00
3.996827581431716681e-04 -9.999999403953552246e-01 0.000000000000000000e+00 -9.999999403953552246e-01 -3.996827581431716681e-04 -0.000000000000000000e+00
4.035507154185324907e-04 -9.999999403953552246e-01 0.000000000000000000e+00 -9.999999403953552246e-01 -4.035507154185324907e-04 -0.000000000000000000e+00
4.122316604480147362e-04 -9.999999403953552246e-01 0.000000000000000000e+00 -9.999999403953552246e-01 -4.122316604480147362e-04 -0.000000000000000000e+00
4.123662656638771296e-04 -9.999999403953552246e-01 0.000000000000000000e+00 -9.999999403953552246e-01 -4.123662656638771296e-04 -0.000000000000000000e+00
4.053193842992186546e-04 -9.999999403953552246e-01 0.000000000000000000e+00 -9.999999403953552246e-01 -4.053193842992186546e-04 -0.000000000000000000e+00
4.146615683566778898e-04 -9.999999403953552246e-01 0.000000000000000000e+00 -9.999999403953552246e-01 -4.146615683566778898e-04 -0.000000000000000000e+00
4.086504632141441107e-04 -9.999999403953552246e-01 0.000000000000000000e+00 -9.999999403953552246e-01 -4.086504632141441107e-04 -0.000000000000000000e+00
4.109998990315943956e-04 -9.999999403953552246e-01 0.000000000000000000e+00 -9.999999403953552246e-01 -4.109998990315943956e-04 -0.000000000000000000e+00
4.063975648023188114e-04 -9.999999403953552246e-01 0.000000000000000000e+00 -9.999999403953552246e-01 -4.063975648023188114e-04 -0.000000000000000000e+00
4.062922380398958921e-04 -9.999999403953552246e-01 0.000000000000000000e+00 -9.999999403953552246e-01 -4.062922380398958921e-04 -0.000000000000000000e+00
4.005546506959944963e-04 -9.999999403953552246e-01 0.000000000000000000e+00 -9.999999403953552246e-01 -4.005546506959944963e-04 -0.000000000000000000e+00
4.027973045594990253e-04 -9.999999403953552246e-01 0.000000000000000000e+00 -9.999999403953552246e-01 -4.027973045594990253e-04 -0.000000000000000000e+00
4.007960378658026457e-04 -9.999999403953552246e-01 0.000000000000000000e+00 -9.999999403953552246e-01 -4.007960378658026457e-04 -0.000000000000000000e+00
4.015713930130004883e-04 -9.999999403953552246e-01 0.000000000000000000e+00 -9.999999403953552246e-01 -4.015713930130004883e-04 -0.000000000000000000e+00
4.047766560688614845e-04 -9.999999403953552246e-01 0.000000000000000000e+00 -9.999999403953552246e-01 -4.047766560688614845e-04 -0.000000000000000000e+00
4.029158153571188450e-04 -9.999999403953552246e-01 0.000000000000000000e+00 -9.999999403953552246e-01 -4.029158153571188450e-04 -0.000000000000000000e+00
4.103913088329136372e-04 -9.999999403953552246e-01 0.000000000000000000e+00 -9.999999403953552246e-01 -4.103913088329136372e-04 -0.000000000000000000e+00
4.093848401680588722e-04 -9.999999403953552246e-01 0.000000000000000000e+00 -9.999999403953552246e-01 -4.093848401680588722e-04 0.000000000000000000e+00
4.080082289874553680e-04 -9.999999403953552246e-01 0.000000000000000000e+00 -9.999999403953552246e-01 -4.080082289874553680e-04 -0.000000000000000000e+00
4.068627604283392429e-04 -9.999999403953552246e-01 0.000000000000000000e+00 -9.999999403953552246e-01 -4.068627604283392429e-04 -0.000000000000000000e+00
4.055841709487140179e-04 -9.999999403953552246e-01 0.000000000000000000e+00 -9.999999403953552246e-01 -4.055841709487140179e-04 0.000000000000000000e+00
4.017966857645660639e-04 -9.999999403953552246e-01 0.000000000000000000e+00 -9.999999403953552246e-01 -4.017966857645660639e-04 0.000000000000000000e+00
3.997003077529370785e-04 -9.999999403953552246e-01 0.000000000000000000e+00 -9.999999403953552246e-01 -3.997003077529370785e-04 -0.000000000000000000e+00
3.977034357376396656e-04 -9.999999403953552246e-01 0.000000000000000000e+00 -9.999999403953552246e-01 -3.977034357376396656e-04 0.000000000000000000e+00
3.946532378904521465e-04 -9.999999403953552246e-01 0.000000000000000000e+00 -9.999999403953552246e-01 -3.946532378904521465e-04 -0.000000000000000000e+00
4.013928992208093405e-04 -9.999999403953552246e-01 0.000000000000000000e+00 -9.999999403953552246e-01 -4.013928992208093405e-04 0.000000000000000000e+00
4.000075277872383595e-04 -9.999999403953552246e-01 0.000000000000000000e+00 -9.999999403953552246e-01 -4.000075277872383595e-04 -0.000000000000000000e+00
4.006526723969727755e-04 -9.999999403953552246e-01 0.000000000000000000e+00 -9.999999403953552246e-01 -4.006526723969727755e-04 0.000000000000000000e+00
4.027036775369197130e-04 -9.999999403953552246e-01 0.000000000000000000e+00 -9.999999403953552246e-01 -4.027036775369197130e-04 -0.000000000000000000e+00
3.991941339336335659e-04 -9.999999403953552246e-01 0.000000000000000000e+00 -9.999999403953552246e-01 -3.991941339336335659e-04 -0.000000000000000000e+00
3.916264686267822981e-04 -9.999999403953552246e-01 0.000000000000000000e+00 -9.999999403953552246e-01 -3.916264686267822981e-04 -0.000000000000000000e+00
3.930733073502779007e-04 -9.999999403953552246e-01 0.000000000000000000e+00 -9.999999403953552246e-01 -3.930733073502779007e-04 -0.000000000000000000e+00
3.913836262654513121e-04 -9.999999403953552246e-01 0.000000000000000000e+00 -9.999999403953552246e-01 -3.913836262654513121e-04 -0.000000000000000000e+00
3.947600489482283592e-04 -9.999999403953552246e-01 0.000000000000000000e+00 -9.999999403953552246e-01 -3.947600489482283592e-04 -0.000000000000000000e+00
3.949897072743624449e-04 -9.999999403953552246e-01 0.000000000000000000e+00 -9.999999403953552246e-01 -3.949897072743624449e-04 -0.000000000000000000e+00
3.927924262825399637e-04 -9.999999403953552246e-01 0.000000000000000000e+00 -9.999999403953552246e-01 -3.927924262825399637e-04 -0.000000000000000000e+00
3.909666847903281450e-04 -9.999999403953552246e-01 0.000000000000000000e+00 -9.999999403953552246e-01 -3.909666847903281450e-04 -0.000000000000000000e+00
3.895666741300374269e-04 -9.999999403953552246e-01 0.000000000000000000e+00 -9.999999403953552246e-01 -3.895666741300374269e-04 -0.000000000000000000e+00
3.895491245202720165e-04 -9.999999403953552246e-01 0.000000000000000000e+00 -9.999999403953552246e-01 -3.895491245202720165e-04 -0.000000000000000000e+00
5.924496054649353027e-02 -9.982431530952453613e-01 7.956022163853049278e-04 -6.355620920658111572e-03 -1.174186938442289829e-03 -9.999791383743286133e-01
6.413949187844991684e-03 -5.710753030143678188e-04 -9.999793171882629395e-01 3.662848030216991901e-06 9.999998807907104492e-01 -5.710635450668632984e-04
-5.923516303300857544e-02 -9.982438087463378906e-01 7.351732929237186909e-04 -6.446306128054857254e-03 -3.539315657690167427e-04 -9.999791979789733887e-01
-1.182779967784881592e-01 -9.929802417755126953e-01 8.230371167883276939e-04 6.271819584071636200e-03 -1.575900707393884659e-03 -9.999790787696838379e-01
-1.768866926431655884e-01 -9.842310547828674316e-01 6.425051251426339149e-04 -6.426643580198287964e-03 5.022152909077703953e-04 -9.999792575836181641e-01
-2.348904758691787720e-01 -9.720215797424316406e-01 7.369404775090515614e-04 6.061316002160310745e-03 -2.222862793132662773e-03 -9.999791979789733887e-01
-2.920533418655395508e-01 -9.564019441604614258e-01 5.119277630001306534e-04 -6.284087430685758591e-03 1.383697846904397011e-03 -9.999793171882629395e-01
-3.482057452201843262e-01 -9.374179840087890625e-01 6.045183399692177773e-04 5.802195519208908081e-03 -2.800099086016416550e-03 -9.999792575836181641e-01
-4.031206071376800537e-01 -9.151467680931091309e-01 4.780940944328904152e-04 -6.062415428459644318e-03 2.148071769624948502e-03 -9.999793171882629395e-01
-4.566325247287750244e-01 -8.896552324295043945e-01 5.808415589854121208e-04 5.441196262836456299e-03 -3.445668146014213562e-03 -9.999792575836181641e-01
-5.085282921791076660e-01 -8.610450625419616699e-01 5.410977173596620560e-04 -5.797894205898046494e-03 2.795795910060405731e-03 -9.999793171882629395e-01
-5.586503744125366211e-01 -8.294029831886291504e-01 7.416641456075012684e-04 4.905486945062875748e-03 -4.198321606963872910e-03 -9.999791383743286133e-01
-6.067970991134643555e-01 -7.948566079139709473e-01 5.438260850496590137e-04 -5.428291857242584229e-03 3.459815867245197296e-03 -9.999793171882629395e-01
-6.528253555297851562e-01 -7.575082182884216309e-01 6.771712796762585640e-04 4.416671581566333771e-03 -4.700242541730403900e-03 -9.999791979789733887e-01
-6.965493559837341309e-01 -7.175088524818420410e-01 3.707181604113429785e-04 -4.860323853790760040e-03 4.201683681458234787e-03 -9.999793767929077148e-01
-7.378347516059875488e-01 -6.749813556671142578e-01 3.660617512650787830e-04 4.059291910380125046e-03 -4.979605320841073990e-03 -9.999793767929077148e-01
-7.765235304832458496e-01 -6.300883293151855469e-01 1.179149985546246171e-04 -4.133027046918869019e-03 4.906423855572938919e-03 -9.999794363975524902e-01
-8.124879002571105957e-01 -5.829780101776123047e-01 2.815346524585038424e-04 3.510465146973729134e-03 -5.375398322939872742e-03 -9.999793767929077148e-01
-8.455954790115356445e-01 -5.338242053985595703e-01 1.097315980587154627e-04 -3.516784170642495155e-03 5.365151446312665939e-03 -9.999794363975524902e-01
-8.757360577583312988e-01 -4.827901422977447510e-01 3.613059525378048420e-04 2.780264709144830704e-03 -5.791494622826576233e-03 -9.999793767929077148e-01
-9.027974605560302734e-01 -4.300659298896789551e-01 1.618777023395523429e-04 -2.904616761952638626e-03 5.720997694879770279e-03 -9.999794363975524902e-01
-9.266899228096008301e-01 -3.758269250392913818e-01 1.290870859520509839e-04 2.290923614054918289e-03 -5.992279388010501862e-03 -9.999794363975524902e-01
-9.473268389701843262e-01 -3.202685415744781494e-01 -2.116985560860484838e-04 -1.853717956691980362e-03 6.144128739833831787e-03 -9.999794363975524902e-01
-9.646350741386413574e-01 -2.635889351367950439e-01 -3.289695305284112692e-04 2.007984789088368416e-03 -6.100443657487630844e-03 -9.999793767929077148e-01
-9.785570502281188965e-01 -2.059752196073532104e-01 -5.775960744358599186e-04 -7.559339283034205437e-04 6.395471282303333282e-03 -9.999792575836181641e-01
-9.890396595001220703e-01 -1.476495712995529175e-01 -4.903319641016423702e-04 1.431997749023139477e-03 -6.271476857364177704e-03 -9.999793171882629395e-01
-9.960500597953796387e-01 -8.879251033067703247e-02 -4.861319321207702160e-04 -8.531284402124583721e-05 6.431822665035724640e-03 -9.999793171882629395e-01
-9.995607137680053711e-01 -2.963573485612869263e-02 -3.708724689204245806e-04 5.607876810245215893e-04 -6.400263402611017227e-03 -9.999793767929077148e-01
-9.995607137680053711e-01 2.963595464825630188e-02 -4.053864104207605124e-04 5.952871870249509811e-04 6.399240810424089432e-03 -9.999793767929077148e-01
-9.960500001907348633e-01 8.879359066486358643e-02 -3.174126904923468828e-04 -2.533690712880343199e-04 -6.416841410100460052e-03 -9.999793767929077148e-01
-9.890397787094116211e-01 1.476489156484603882e-01 -3.901299205608665943e-04 1.332891988568007946e-03 6.286272313445806503e-03 -9.999793767929077148e-01
-9.785569310188293457e-01 2.059762328863143921e-01 -4.174069326836615801e-04 -9.126914083026349545e-04 -6.362475454807281494e-03 -9.999793767929077148e-01
-9.646344184875488281e-01 2.635906934738159180e-01 -6.187997059896588326e-04 2.287570852786302567e-03 6.024046335369348526e-03 -9.999792575836181641e-01
-9.473276734352111816e-01 3.202653825283050537e-01 -7.149275625124573708e-04 -1.376985455863177776e-03 -6.305299699306488037e-03 -9.999791979789733887e-01
-9.266874790191650391e-01 3.758320212364196777e-01 -7.528383284807205200e-04 3.108210861682891846e-03 5.660818889737129211e-03 -9.999791383743286133e-01
-9.027995467185974121e-01 4.300611317157745361e-01 -6.591608980670571327e-04 -2.163368742913007736e-03 -6.074103526771068573e-03 -9.999791979789733887e-01
-8.757330775260925293e-01 4.827952682971954346e-01 -5.628750659525394440e-04 3.589618951082229614e-03 5.345298442989587784e-03 -9.999793171882629395e-01
-8.455972075462341309e-01 5.338214039802551270e-01 -4.064792010467499495e-04 -3.080269321799278259e-03 -5.640721879899501801e-03 -9.999793767929077148e-01
-8.124856352806091309e-01 5.829811692237854004e-01 -3.219184291083365679e-04 4.000772722065448761e-03 5.023590754717588425e-03 -9.999793767929077148e-01
-7.765247821807861328e-01 6.300867199897766113e-01 -1.977572392206639051e-04 -3.887894796207547188e-03 -5.105328746140003204e-03 -9.999794363975524902e-01
-7.378325462341308594e-01 6.749838590621948242e-01 -1.466292887926101685e-04 4.437580704689025879e-03 4.633540753275156021e-03 -9.999794363975524902e-01
-6.965515613555908203e-01 7.175067663192749023e-01 -9.933411638485267758e-05 -4.532902035862207413e-03 -4.538957029581069946e-03 -9.999794363975524902e-01
-6.528217792510986328e-01 7.575116157531738281e-01 -9.309052256867289543e-05 4.919527098536491394e-03 4.116749856621026993e-03 -9.999794363975524902e-01
-6.067999601364135742e-01 7.948546409606933594e-01 6.687227596557931975e-06 -5.102349910885095596e-03 -3.886772319674491882e-03 -9.999794363975524902e-01
-5.586462020874023438e-01 8.294060826301574707e-01 -6.342022243188694119e-05 5.355255212634801865e-03 3.530567279085516930e-03 -9.999794363975524902e-01
-5.085316896438598633e-01 8.610433340072631836e-01 -5.837910794070921838e-05 -5.493035539984703064e-03 -3.311982611194252968e-03 -9.999794363975524902e-01
-4.566282927989959717e-01 8.896575570106506348e-01 -1.712204393697902560e-04 5.784617736935615540e-03 2.776577603071928024e-03 -9.999794363975524902e-01
-4.031246900558471680e-01 9.151450991630554199e-01 -2.091706701321527362e-04 -5.785358138382434845e-03 -2.777032321318984032e-03 -9.999794363975524902e-01
-3.482005298137664795e-01 9.374200701713562012e-01 -2.653544070199131966e-04 6.105094216763973236e-03 1.984647242352366447e-03 -9.999794363975524902e-01
-2.920585572719573975e-01 9.564003944396972656e-01 -3.397509863134473562e-04 -6.035344209522008896e-03 -2.198261208832263947e-03 -9.999793767929077148e-01
-2.348836511373519897e-01 9.720234274864196777e-01 -3.668085846584290266e-04 6.320577114820480347e-03 1.149971387349069118e-03 -9.999793767929077148e-01
-1.768935620784759521e-01 9.842299222946166992e-01 -4.430923436302691698e-04 -6.234608124941587448e-03 -1.570715685375034809e-03 -9.999793767929077148e-01
-1.182696148753166199e-01 9.929814338684082031e-01 -4.968037246726453304e-04 6.427925545722246170e-03 2.652968396432697773e-04 -9.999793171882629395e-01
-5.924325436353683472e-02 9.982434511184692383e-01 -5.272932467050850391e-04 -6.371516734361648560e-03 -9.063436882570385933e-04 -9.999793171882629395e-01
-6.413949653506278992e-03 2.418682706775143743e-04 9.999794363975524902e-01 1.551330910842807498e-06 1.000000000000000000e+00 -2.418632939225062728e-04
5.923628807067871094e-02 9.982438683509826660e-01 -5.609660292975604534e-04 -6.435986608266830444e-03 -1.800265454221516848e-04 -9.999792575836181641e-01
1.182755753397941589e-01 9.929807186126708984e-01 -4.389260138850659132e-04 6.317251827567815781e-03 -1.194478012621402740e-03 -9.999793171882629395e-01
1.768884509801864624e-01 9.842308759689331055e-01 -3.667822456918656826e-04 -6.377870216965675354e-03 7.735958788543939590e-04 -9.999793767929077148e-01
2.348875105381011963e-01 9.720225334167480469e-01 -2.524516894482076168e-04 6.175118964165449142e-03 -1.751919044181704521e-03 -9.999794363975524902e-01
2.920553982257843018e-01 9.564014673233032227e-01 -1.788801164366304874e-04 -6.186817772686481476e-03 1.702231820672750473e-03 -9.999794363975524902e-01
3.482031226158142090e-01 9.374191164970397949e-01 -1.600059622433036566e-04 5.956979934126138687e-03 -2.383396495133638382e-03 -9.999794363975524902e-01
4.031223058700561523e-01 9.151461720466613770e-01 -1.960427180165424943e-04 -5.948712583631277084e-03 2.406195271760225296e-03 -9.999794363975524902e-01
4.566304385662078857e-01 8.896564841270446777e-01 -2.011335745919495821e-04 5.614586640149354935e-03 -3.107851836830377579e-03 -9.999794363975524902e-01
5.085299015045166016e-01 8.610442876815795898e-01 -2.562405716162174940e-04 -5.653033033013343811e-03 3.041075775399804115e-03 -9.999794363975524902e-01
5.586477518081665039e-01 8.294050693511962891e-01 -2.236766740679740906e-04 5.194866098463535309e-03 -3.768692025914788246e-03 -9.999794363975524902e-01
6.067988872528076172e-01 7.948554158210754395e-01 -2.072191855404525995e-04 -5.224035121500492096e-03 3.727375296875834465e-03 -9.999794363975524902e-01
6.528233885765075684e-01 7.575101256370544434e-01 -2.422816905891522765e-04 4.700583871454000473e-03 -4.370803013443946838e-03 -9.999794363975524902e-01
6.965498328208923340e-01 7.175083756446838379e-01 -2.698688476812094450e-04 -4.790076054632663727e-03 4.274045582860708237e-03 -9.999794363975524902e-01
7.378341555595397949e-01 6.749820113182067871e-01 -2.279190230183303356e-04 4.161220509558916092e-03 -4.886359907686710358e-03 -9.999794363975524902e-01
7.765228152275085449e-01 6.300891637802124023e-01 -2.930205373559147120e-04 -4.269002936780452728e-03 4.796089138835668564e-03 -9.999793767929077148e-01
8.124881386756896973e-01 5.829776525497436523e-01 -3.575631417334079742e-04 3.448691684752702713e-03 -5.419722292572259903e-03 -9.999793767929077148e-01
8.455938100814819336e-01 5.338266491889953613e-01 -5.679790629073977470e-04 -3.904283512383699417e-03 5.120521876960992813e-03 -9.999792575836181641e-01
8.757365942001342773e-01 4.827890098094940186e-01 -5.561268189921975136e-04 2.609649905934929848e-03 -5.885554943233728409e-03 -9.999793171882629395e-01
9.027956128120422363e-01 4.300692081451416016e-01 -7.421622285619378090e-04 -3.428506432101130486e-03 5.471430718898773193e-03 -9.999791979789733887e-01
9.266908168792724609e-01 3.758241236209869385e-01 -5.860573728568851948e-04 1.867444720119237900e-03 -6.164024118334054947e-03 -9.999792575836181641e-01
9.473246932029724121e-01 3.202741146087646484e-01 -7.221176638267934322e-04 -2.738364506512880325e-03 5.845047999173402786e-03 -9.999791979789733887e-01
9.646363854408264160e-01 2.635838091373443604e-01 -4.999577067792415619e-04 1.208355417475104332e-03 -6.318942178040742874e-03 -9.999793171882629395e-01
9.785552024841308594e-01 2.059834450483322144e-01 -7.381567847914993763e-04 -2.043498912826180458e-03 6.124448031187057495e-03 -9.999791979789733887e-01
9.890405535697937012e-01 1.476435512304306030e-01 -4.573467012960463762e-04 4.946863045915961266e-04 -6.411401089280843735e-03 -9.999793171882629395e-01
9.960493445396423340e-01 8.879932016134262085e-02 -5.805013352073729038e-04 -1.147754490375518799e-03 6.337108556181192398e-03 -9.999792575836181641e-01
9.995608925819396973e-01 2.963100560009479523e-02 -3.667910350486636162e-04 -1.765669876476749778e-04 -6.422123406082391739e-03 -9.999793767929077148e-01
9.995608329772949219e-01 -2.963046729564666748e-02 -4.505706310737878084e-04 -2.603115572128444910e-04 6.424606312066316605e-03 -9.999793767929077148e-01
9.960497617721557617e-01 -8.879715204238891602e-02 -2.388409629929810762e-04 -8.074368815869092941e-04 -6.367447786033153534e-03 -9.999794363975524902e-01
9.890404343605041504e-01 -1.476447433233261108e-01 -2.711971465032547712e-04 6.787995225749909878e-04 6.383916828781366348e-03 -9.999793767929077148e-01
9.785563349723815918e-01 -2.059793174266815186e-01 -7.112086314009502530e-05 -1.390753313899040222e-03 -6.261847447603940964e-03 -9.999794363975524902e-01
9.646359086036682129e-01 -2.635860145092010498e-01 -1.510091824457049370e-04 1.544970786198973656e-03 6.226962897926568985e-03 -9.999794363975524902e-01
9.473262429237365723e-01 -3.202703595161437988e-01 -8.861993410391733050e-05 -2.138223499059677124e-03 -6.047943606972694397e-03 -9.999794363975524902e-01
9.266899824142456055e-01 -3.758265674114227295e-01 -1.837076415540650487e-04 2.240306232124567032e-03 6.012808065861463547e-03 -9.999794363975524902e-01
9.027973413467407227e-01 -4.300661981105804443e-01 -2.037404337897896767e-04 -2.942410996183753014e-03 -5.702993366867303848e-03 -9.999794363975524902e-01
8.757356405258178711e-01 -4.827908575534820557e-01 -2.315382444066926837e-04 2.893909346312284470e-03 5.728843156248331070e-03 -9.999794363975524902e-01
8.455953598022460938e-01 -5.338243842124938965e-01 -1.472817384637892246e-04 -3.548537148162722588e-03 -5.345105659216642380e-03 -9.999794363975524902e-01
8.124874830245971680e-01 -5.829787254333496094e-01 -1.554095506435260177e-04 3.612942527979612350e-03 5.301869008690118790e-03 -9.999794363975524902e-01
7.765236496925354004e-01 -6.300882101058959961e-01 -9.038124699145555496e-05 -4.111645743250846863e-03 -4.923772532492876053e-03 -9.999794363975524902e-01
7.378336787223815918e-01 -6.749826669692993164e-01 -1.047058467520400882e-04 4.252133425325155258e-03 4.803191404789686203e-03 -9.999794363975524902e-01
6.965506672859191895e-01 -7.175076603889465332e-01 -9.977591980714350939e-05 -4.671595059335231781e-03 -4.396091215312480927e-03 -9.999794363975524902e-01
6.528227925300598145e-01 -7.575107216835021973e-01 -1.134802514570765197e-04 4.784670192748308182e-03 4.273232538253068924e-03 -9.999794363975524902e-01
6.067998409271240234e-01 -7.948547601699829102e-01 -2.980598037538584322e-05 -5.116378888487815857e-03 -3.868395928293466568e-03 -9.999794363975524902e-01
5.586459636688232422e-01 -8.294062614440917969e-01 1.084749746951274574e-04 5.380425136536359787e-03 3.493197960779070854e-03 -9.999794363975524902e-01
5.085330605506896973e-01 -8.610424399375915527e-01 3.132793062832206488e-04 -5.363407544791698456e-03 -3.531467169523239136e-03 -9.999793767929077148e-01
4.566264748573303223e-01 -8.896583914756774902e-01 4.828397068195044994e-04 5.926914513111114502e-03 2.499337308108806610e-03 -9.999793171882629395e-01
4.031266868114471436e-01 -9.151440262794494629e-01 5.593106616288423538e-04 -5.644205026328563690e-03 -3.097467590123414993e-03 -9.999793171882629395e-01
3.481978178024291992e-01 -9.374208450317382812e-01 7.106114062480628490e-04 6.260135211050510406e-03 1.567245693877339363e-03 -9.999791979789733887e-01
2.920607924461364746e-01 -9.563995599746704102e-01 7.106903358362615108e-04 -5.927005782723426819e-03 -2.553035039454698563e-03 -9.999791979789733887e-01
2.348811477422714233e-01 -9.720237851142883301e-01 7.587374420836567879e-04 6.412636023014783859e-03 7.689993944950401783e-04 -9.999791383743286133e-01
1.768954098224639893e-01 -9.842293858528137207e-01 7.438247557729482651e-04 -6.181409116834402084e-03 -1.866711536422371864e-03 -9.999791979789733887e-01
1.182671785354614258e-01 -9.929814934730529785e-01 8.753734291531145573e-04 6.472699809819459915e-03 -1.106236013583838940e-04 -9.999790787696838379e-01
8.678359154146164656e-05 -1.000000000000000000e+00 0.000000000000000000e+00 -1.000000000000000000e+00 -8.678359154146164656e-05 0.000000000000000000e+00
8.392066229134798050e-05 -1.000000000000000000e+00 0.000000000000000000e+00 -1.000000000000000000e+00 -8.392066229134798050e-05 0.000000000000000000e+00
8.519925177097320557e-05 -1.000000000000000000e+00 0.000000000000000000e+00 -1.000000000000000000e+00 -8.519925177097320557e-05 0.000000000000000000e+00
8.231145329773426056e-05 -1.000000000000000000e+00 0.000000000000000000e+00 -1.000000000000000000e+00 -8.231145329773426056e-05 0.000000000000000000e+00
8.402453386224806309e-05 -1.000000000000000000e+00 0.000000000000000000e+00 -1.000000000000000000e+00 -8.402453386224806309e-05 0.000000000000000000e+00
8.026044088182970881e-05 -1.000000000000000000e+00 0.000000000000000000e+00 -1.000000000000000000e+00 -8.026044088182970881e-05 0.000000000000000000e+00
7.984205149114131927e-05 -1.000000000000000000e+00 0.000000000000000000e+00 -1.000000000000000000e+00 -7.984205149114131927e-05 0.000000000000000000e+00
8.086609159363433719e-05 -1.000000000000000000e+00 0.000000000000000000e+00 -1.000000000000000000e+00 -8.086609159363433719e-05 0.000000000000000000e+00
7.844057108741253614e-05 -1.000000000000000000e+00 0.000000000000000000e+00 -1.000000000000000000e+00 -7.844057108741253614e-05 0.000000000000000000e+00
7.453019497916102409e-05 -1.000000000000000000e+00 0.000000000000000000e+00 -1.000000000000000000e+00 -7.453019497916102409e-05 0.000000000000000000e+00
7.593459304189309478e-05 -1.000000000000000000e+00 0.000000000000000000e+00 -1.000000000000000000e+00 -7.593459304189309478e-05 0.000000000000000000e+00
7.362610631389543414e-05 -1.000000000000000000e+00 0.000000000000000000e+00 -1.000000000000000000e+00 -7.362610631389543414e-05 0.000000000000000000e+00
6.067489448469132185e-05 -1.000000000000000000e+00 0.000000000000000000e+00 -1.000000000000000000e+00 -6.067489448469132185e-05 0.000000000000000000e+00
5.836933632963337004e-05 -1.000000000000000000e+00 0.000000000000000000e+00 -1.000000000000000000e+00 -5.836933632963337004e-05 0.000000000000000000e+00
5.850246088812127709e-05 -1.000000000000000000e+00 0.000000000000000000e+00 -1.000000000000000000e+00 -5.850246088812127709e-05 0.000000000000000000e+00
5.996830441290512681e-05 -1.000000000000000000e+00 0.000000000000000000e+00 -1.000000000000000000e+00 -5.996830441290512681e-05 0.000000000000000000e+00
5.286144732963293791e-05 -1.000000000000000000e+00 0.000000000000000000e+00 -1.000000000000000000e+00 -5.286144732963293791e-05 0.000000000000000000e+00
5.762909859186038375e-05 -1.000000000000000000e+00 0.000000000000000000e+00 -1.000000000000000000e+00 -5.762909859186038375e-05 0.000000000000000000e+00
5.772565054940059781e-05 -1.000000000000000000e+00 0.000000000000000000e+00 -1.000000000000000000e+00 -5.772565054940059781e-05 0.000000000000000000e+00
5.794508979306556284e-05 -1.000000000000000000e+00 0.000000000000000000e+00 -1.000000000000000000e+00 -5.794508979306556284e-05 0.000000000000000000e+00
5.236259312368929386e-05 -1.000000000000000000e+00 0.000000000000000000e+00 -1.000000000000000000e+00 -5.236259312368929386e-05 0.000000000000000000e+00
5.290387343848124146e-05 -1.000000000000000000e+00 0.000000000000000000e+00 -1.000000000000000000e+00 -5.290387343848124146e-05 0.000000000000000000e+00
4.874187288805842400e-05 -1.000000000000000000e+00 0.000000000000000000e+00 -1.000000000000000000e+00 -4.874187288805842400e-05 0.000000000000000000e+00
4.463838558876886964e-05 -1.000000000000000000e+00 0.000000000000000000e+00 -1.000000000000000000e+00 -4.463838558876886964e-05 0.000000000000000000e+00
4.012382123619318008e-05 -1.000000000000000000e+00 0.000000000000000000e+00 -1.000000000000000000e+00 -4.012382123619318008e-05 0.000000000000000000e+00
3.984147770097479224e-05 -1.000000000000000000e+00 0.000000000000000000e+00 -1.000000000000000000e+00 -3.984147770097479224e-05 0.000000000000000000e+00
3.704730261233635247e-05 -1.000000000000000000e+00 -0.000000000000000000e+00 -1.000000000000000000e+00 -3.704730261233635247e-05 0.000000000000000000e+00
3.759443643502891064e-05 -1.000000000000000000e+00 0.000000000000000000e+00 -1.000000000000000000e+00 -3.759443643502891064e-05 0.000000000000000000e+00
3.029447361768689007e-05 -1.000000000000000000e+00 -0.000000000000000000e+00 -1.000000000000000000e+00 -3.029447361768689007e-05 0.000000000000000000e+00
3.904272307408973575e-05 -1.000000000000000000e+00 0.000000000000000000e+00 -1.000000000000000000e+00 -3.904272307408973575e-05 0.000000000000000000e+00
3.606568498071283102e-05 -1.000000000000000000e+00 -0.000000000000000000e+00 -1.000000000000000000e+00 -3.606568498071283102e-05 0.000000000000000000e+00
4.103814353584311903e-05 -1.000000000000000000e+00 0.000000000000000000e+00 -1.000000000000000000e+00 -4.103814353584311903e-05 0.000000000000000000e+00
4.465008896659128368e-05 -1.000000000000000000e+00 -0.000000000000000000e+00 -1.000000000000000000e+00 -4.465008896659128368e-05 0.000000000000000000e+00
4.713851376436650753e-05 -1.000000000000000000e+00 -0.000000000000000000e+00 -1.000000000000000000e+00 -4.713851376436650753e-05 0.000000000000000000e+00
5.442677138489671052e-05 -1.000000000000000000e+00 -0.000000000000000000e+00 -1.000000000000000000e+00 -5.442677138489671052e-05 0.000000000000000000e+00
6.180134369060397148e-05 -1.000000000000000000e+00 -0.000000000000000000e+00 -1.000000000000000000e+00 -6.180134369060397148e-05 0.000000000000000000e+00
5.111472637508995831e-05 -1.000000000000000000e+00 -0.000000000000000000e+00 -1.000000000000000000e+00 -5.111472637508995831e-05 0.000000000000000000e+00
5.531183705898001790e-05 -1.000000000000000000e+00 -0.000000000000000000e+00 -1.000000000000000000e+00 -5.531183705898001790e-05 0.000000000000000000e+00
5.947969111730344594e-05 -1.000000000000000000e+00 -0.000000000000000000e+00 -1.000000000000000000e+00 -5.947969111730344594e-05 0.000000000000000000e+00
6.696690252283588052e-05 -1.000000000000000000e+00 -0.000000000000000000e+00 -1.000000000000000000e+00 -6.696690252283588052e-05 0.000000000000000000e+00
7.386895595118403435e-05 -1.000000000000000000e+00 -0.000000000000000000e+00 -1.000000000000000000e+00 -7.386895595118403435e-05 0.000000000000000000e+00
7.916033064248040318e-05 -1.000000000000000000e+00 -0.000000000000000000e+00 -1.000000000000000000e+00 -7.916033064248040318e-05 0.000000000000000000e+00
8.417959907092154026e-05 -1.000000000000000000e+00 -0.000000000000000000e+00 -1.000000000000000000e+00 -8.417959907092154026e-05 0.000000000000000000e+00
8.470771717838943005e-05 -1.000000000000000000e+00 -0.000000000000000000e+00 -1.000000000000000000e+00 -8.470771717838943005e-05 0.000000000000000000e+00
8.621012966614216566e-05 -1.000000000000000000e+00 -0.000000000000000000e+00 -1.000000000000000000e+00 -8.621012966614216566e-05 0.000000000000000000e+00
8.646175410831347108e-05 -1.000000000000000000e+00 -0.000000000000000000e+00 -1.000000000000000000e+00 -8.646175410831347108e-05 0.000000000000000000e+00
9.527290967525914311e-05 -1.000000000000000000e+00 -0.000000000000000000e+00 -1.000000000000000000e+00 -9.527290967525914311e-05 0.000000000000000000e+00
9.309023153036832809e-05 -1.000000000000000000e+00 -0.000000000000000000e+00 -1.000000000000000000e+00 -9.309023153036832809e-05 0.000000000000000000e+00
9.504907939117401838e-05 -1.000000000000000000e+00 -0.000000000000000000e+00 -1.000000000000000000e+00 -9.504907939117401838e-05 0.000000000000000000e+00
9.573518764227628708e-05 -1.000000000000000000e+00 -0.000000000000000000e+00 -1.000000000000000000e+00 -9.573518764227628708e-05 0.000000000000000000e+00
9.905455226544290781e-05 -1.000000000000000000e+00 -0.000000000000000000e+00 -1.000000000000000000e+00 -9.905455226544290781e-05 0.000000000000000000e+00
1.127474679378792644e-04 -1.000000000000000000e+00 -0.000000000000000000e+00 -1.000000000000000000e+00 -1.127474679378792644e-04 0.000000000000000000e+00
1.075497202691622078e-04 -1.000000000000000000e+00 0.000000000000000000e+00 -1.000000000000000000e+00 -1.075497202691622078e-04 -0.000000000000000000e+00
1.191082337754778564e-04 -1.000000000000000000e+00 -0.000000000000000000e+00 -1.000000000000000000e+00 -1.191082337754778564e-04 0.000000000000000000e+00
1.229586341651156545e-04 -1.000000000000000000e+00 0.000000000000000000e+00 -1.000000000000000000e+00 -1.229586341651156545e-04 -0.000000000000000000e+00
1.420438638888299465e-04 -1.000000000000000000e+00 -0.000000000000000000e+00 -1.000000000000000000e+00 -1.420438638888299465e-04 0.000000000000000000e+00
1.227552857017144561e-04 -1.000000000000000000e+00 0.000000000000000000e+00 -1.000000000000000000e+00 -1.227552857017144561e-04 -0.000000000000000000e+00
1.388766395393759012e-04 -1.000000000000000000e+00 -0.000000000000000000e+00 -1.000000000000000000e+00 -1.388766395393759012e-04 0.000000000000000000e+00
1.238963595824316144e-04 -1.000000000000000000e+00 0.000000000000000000e+00 -1.000000000000000000e+00 -1.238963595824316144e-04 -0.000000000000000000e+00
1.268031774088740349e-04 -1.000000000000000000e+00 -0.000000000000000000e+00 -1.000000000000000000e+00 -1.268031774088740349e-04 0.000000000000000000e+00
1.169913884950801730e-04 -1.000000000000000000e+00 0.000000000000000000e+00 -1.000000000000000000e+00 -1.169913884950801730e-04 -0.000000000000000000e+00
1.334389817202463746e-04 -1.000000000000000000e+00 -0.000000000000000000e+00 -1.000000000000000000e+00 -1.334389817202463746e-04 0.000000000000000000e+00
1.346780773019418120e-04 -1.000000000000000000e+00 0.000000000000000000e+00 -1.000000000000000000e+00 -1.346780773019418120e-04 -0.000000000000000000e+00
1.260585559066385031e-04 -1.000000000000000000e+00 0.000000000000000000e+00 -1.000000000000000000e+00 -1.260585559066385031e-04 -0.000000000000000000e+00
1.319863076787441969e-04 -1.000000000000000000e+00 0.000000000000000000e+00 -1.000000000000000000e+00 -1.319863076787441969e-04 -0.000000000000000000e+00
1.328976941294968128e-04 -1.000000000000000000e+00 0.000000000000000000e+00 -1.000000000000000000e+00 -1.328976941294968128e-04 -0.000000000000000000e+00
1.372118422295898199e-04 -1.000000000000000000e+00 0.000000000000000000e+00 -1.000000000000000000e+00 -1.372118422295898199e-04 -0.000000000000000000e+00
1.478955382481217384e-04 -1.000000000000000000e+00 0.000000000000000000e+00 -1.000000000000000000e+00 -1.478955382481217384e-04 -0.000000000000000000e+00
1.547229767311364412e-04 -1.000000000000000000e+00 0.000000000000000000e+00 -1.000000000000000000e+00 -1.547229767311364412e-04 -0.000000000000000000e+00
1.593808992765843868e-04 -1.000000000000000000e+00 0.000000000000000000e+00 -1.000000000000000000e+00 -1.593808992765843868e-04 -0.000000000000000000e+00
1.604663848411291838e-04 -1.000000000000000000e+00 0.000000000000000000e+00 -1.000000000000000000e+00 -1.604663848411291838e-04 -0.000000000000000000e+00
1.692980295047163963e-04 -1.000000000000000000e+00 0.000000000000000000e+00 -1.000000000000000000e+00 -1.692980295047163963e-04 -0.000000000000000000e+00
1.756280689733102918e-04 -1.000000000000000000e+00 0.000000000000000000e+00 -1.000000000000000000e+00 -1.756280689733102918e-04 -0.000000000000000000e+00
1.749726943671703339e-04 -1.000000000000000000e+00 0.000000000000000000e+00 -1.000000000000000000e+00 -1.749726943671703339e-04 -0.000000000000000000e+00
1.775196287781000137e-04 -1.000000000000000000e+00 0.000000000000000000e+00 -1.000000000000000000e+00 -1.775196287781000137e-04 -0.000000000000000000e+00
1.747649512253701687e-04 -1.000000000000000000e+00 0.000000000000000000e+00 -1.000000000000000000e+00 -1.747649512253701687e-04 -0.000000000000000000e+00
1.578331430209800601e-04 -1.000000000000000000e+00 0.000000000000000000e+00 -1.000000000000000000e+00 -1.578331430209800601e-04 -0.000000000000000000e+00
1.732098753564059734e-04 -1.000000000000000000e+00 0.000000000000000000e+00 -1.000000000000000000e+00 -1.732098753564059734e-04 -0.000000000000000000e+00
1.483592786826193333e-04 -1.000000000000000000e+00 0.000000000000000000e+00 -1.000000000000000000e+00 -1.483592786826193333e-04 -0.000000000000000000e+00
1.631918130442500114e-04 -1.000000000000000000e+00 0.000000000000000000e+00 -1.000000000000000000e+00 -1.631918130442500114e-04 -0.000000000000000000e+00
1.395451981807127595e-04 -1.000000000000000000e+00 0.000000000000000000e+00 -1.000000000000000000e+00 -1.395451981807127595e-04 -0.000000000000000000e+00
1.426612143404781818e-04 -1.000000000000000000e+00 0.000000000000000000e+00 -1.000000000000000000e+00 -1.426612143404781818e-04 -0.000000000000000000e+00
1.311992527917027473e-04 -1.000000000000000000e+00 0.000000000000000000e+00 -1.000000000000000000e+00 -1.311992527917027473e-04 -0.000000000000000000e+00
1.333702239207923412e-04 -1.000000000000000000e+00 0.000000000000000000e+00 -1.000000000000000000e+00 -1.333702239207923412e-04 -0.000000000000000000e+00
1.240251003764569759e-04 -1.000000000000000000e+00 0.000000000000000000e+00 -1.000000000000000000e+00 -1.240251003764569759e-04 -0.000000000000000000e+00
1.223412837134674191e-04 -1.000000000000000000e+00 0.000000000000000000e+00 -1.000000000000000000e+00 -1.223412837134674191e-04 -0.000000000000000000e+00
1.048184494720771909e-04 -1.000000000000000000e+00 0.000000000000000000e+00 -1.000000000000000000e+00 -1.048184494720771909e-04 -0.000000000000000000e+00
1.076945482054725289e-04 -1.000000000000000000e+00 0.000000000000000000e+00 -1.000000000000000000e+00 -1.076945482054725289e-04 -0.000000000000000000e+00
1.021910502458922565e-04 -1.000000000000000000e+00 0.000000000000000000e+00 -1.000000000000000000e+00 -1.021910502458922565e-04 -0.000000000000000000e+00
9.929154475685209036e-05 -1.000000000000000000e+00 0.000000000000000000e+00 -1.000000000000000000e+00 -9.929154475685209036e-05 0.000000000000000000e+00
1.030790372169576585e-04 -1.000000000000000000e+00 0.000000000000000000e+00 -1.000000000000000000e+00 -1.030790372169576585e-04 -0.000000000000000000e+00
1.020944982883520424e-04 -1.000000000000000000e+00 0.000000000000000000e+00 -1.000000000000000000e+00 -1.020944982883520424e-04 0.000000000000000000e+00
1.073068706318736076e-04 -1.000000000000000000e+00 0.000000000000000000e+00 -1.000000000000000000e+00 -1.073068706318736076e-04 -0.000000000000000000e+00
1.036949252011254430e-04 -1.000000000000000000e+00 0.000000000000000000e+00 -1.000000000000000000e+00 -1.036949252011254430e-04 0.000000000000000000e+00
1.044015152729116380e-04 -1.000000000000000000e+00 0.000000000000000000e+00 -1.000000000000000000e+00 -1.044015152729116380e-04 -0.000000000000000000e+00
1.016673268168233335e-04 -1.000000000000000000e+00 0.000000000000000000e+00 -1.000000000000000000e+00 -1.016673268168233335e-04 0.000000000000000000e+00
9.815339581109583378e-05 -1.000000000000000000e+00 0.000000000000000000e+00 -1.000000000000000000e+00 -9.815339581109583378e-05 -0.000000000000000000e+00
1.007647006190381944e-04 -1.000000000000000000e+00 0.000000000000000000e+00 -1.000000000000000000e+00 -1.007647006190381944e-04 0.000000000000000000e+00
9.436882828595116735e-05 -1.000000000000000000e+00 0.000000000000000000e+00 -1.000000000000000000e+00 -9.436882828595116735e-05 -0.000000000000000000e+00
9.114455315284430981e-05 -1.000000000000000000e+00 0.000000000000000000e+00 -1.000000000000000000e+00 -9.114455315284430981e-05 -0.000000000000000000e+00
9.755798964761197567e-05 -1.000000000000000000e+00 0.000000000000000000e+00 -1.000000000000000000e+00 -9.755798964761197567e-05 0.000000000000000000e+00
9.435712127014994621e-05 -1.000000000000000000e+00 0.000000000000000000e+00 -1.000000000000000000e+00 -9.435712127014994621e-05 -0.000000000000000000e+00
9.221833170158788562e-05 -1.000000000000000000e+00 0.000000000000000000e+00 -1.000000000000000000e+00 -9.221833170158788562e-05 0.000000000000000000e+00
9.242899250239133835e-05 -1.000000000000000000e+00 0.000000000000000000e+00 -1.000000000000000000e+00 -9.242899250239133835e-05 -0.000000000000000000e+00
8.406402776017785072e-05 -1.000000000000000000e+00 0.000000000000000000e+00 -1.000000000000000000e+00 -8.406402776017785072e-05 0.000000000000000000e+00
8.533384243492037058e-05 -1.000000000000000000e+00 0.000000000000000000e+00 -1.000000000000000000e+00 -8.533384243492037058e-05 -0.000000000000000000e+00
8.324479858856648207e-05 -1.000000000000000000e+00 0.000000000000000000e+00 -1.000000000000000000e+00 -8.324479858856648207e-05 0.000000000000000000e+00
7.459602056769654155e-05 -1.000000000000000000e+00 0.000000000000000000e+00 -1.000000000000000000e+00 -7.459602056769654155e-05 -0.000000000000000000e+00
8.096849342109635472e-05 -1.000000000000000000e+00 0.000000000000000000e+00 -1.000000000000000000e+00 -8.096849342109635472e-05 0.000000000000000000e+00
8.520510891685262322e-05 -1.000000000000000000e+00 0.000000000000000000e+00 -1.000000000000000000e+00 -8.520510891685262322e-05 -0.000000000000000000e+00
8.379046630579978228e-05 -1.000000000000000000e+00 0.000000000000000000e+00 -1.000000000000000000e+00 -8.379046630579978228e-05 0.000000000000000000e+00
8.480636775493621826e-02 -9.963974356651306152e-01 2.839414264599326998e-05 2.408004093013005331e-06 -2.829185177688486874e-05 -1.000000000000000000e+00
8.480636775493621826e-02 -9.963974356651306152e-01 3.009112879226449877e-05 2.551919351390097290e-06 -2.998272429977077991e-05 -1.000000000000000000e+00
-8.480636775493621826e-02 -9.963974356651306152e-01 -7.776104757795110345e-05 6.594631940970430151e-06 7.748090865788981318e-05 -1.000000000000000000e+00
-8.480636775493621826e-02 -9.963974356651306152e-01 -7.615476351929828525e-05 6.458408734033582732e-06 7.588040898554027081e-05 -1.000000000000000000e+00
-2.519777119159698486e-01 -9.677330255508422852e-01 -3.105738505837507546e-05 7.825768989278003573e-06 3.005525650223717093e-05 -1.000000000000000000e+00
-2.519777119159698486e-01 -9.677330255508422852e-01 -2.175761619582772255e-05 5.482434517034562305e-06 2.105556450260337442e-05 -1.000000000000000000e+00
-4.119013249874114990e-01 -9.112284779548645020e-01 1.846678060246631503e-05 -7.606491180922603235e-06 -1.682745642028748989e-05 -1.000000000000000000e+00
-4.119013249874114990e-01 -9.112284779548645020e-01 2.149794818251393735e-05 -8.855033229338005185e-06 -1.958954271685797721e-05 -1.000000000000000000e+00
-5.599748492240905762e-01 -8.285096883773803711e-01 7.385139906546100974e-05 -4.135492781642824411e-05 -6.118659803178161383e-05 -1.000000000000000000e+00
-5.599748492240905762e-01 -8.285096883773803711e-01 9.255188342649489641e-05 -5.182672612136229873e-05 -7.668013131478801370e-05 -1.000000000000000000e+00
-6.919388175010681152e-01 -7.219561338424682617e-01 1.764985063346102834e-04 -1.221261627506464720e-04 -1.274241803912445903e-04 -1.000000000000000000e+00
-6.919388175010681152e-01 -7.219561338424682617e-01 1.983691327041015029e-04 -1.372592960251495242e-04 -1.432138087693601847e-04 -1.000000000000000000e+00
-8.039972186088562012e-01 -5.946330428123474121e-01 2.813590399455279112e-04 -2.262118796352297068e-04 -1.673053775448352098e-04 -1.000000000000000000e+00
-8.039972186088562012e-01 -5.946330428123474121e-01 3.032677050214260817e-04 -2.438263618387281895e-04 -1.803329796530306339e-04 -9.999999403953552246e-01
-8.929257988929748535e-01 -4.502037465572357178e-01 3.318179806228727102e-04 -2.962888975162059069e-04 -1.493857271270826459e-04 -1.000000000000000000e+00
-8.929257988929748535e-01 -4.502037465572357178e-01 3.691765305120497942e-04 -3.296472714282572269e-04 -1.662046706769615412e-04 -9.999999403953552246e-01
-9.561666846275329590e-01 -2.928227484226226807e-01 3.301049000583589077e-04 -3.156353195663541555e-04 -9.666223195381462574e-05 -9.999999403953552246e-01
-9.561666846275329590e-01 -2.928227484226226807e-01 3.574058937374502420e-04 -3.417396219447255135e-04 -1.046565885189920664e-04 -9.999999403953552246e-01
-9.919003844261169434e-01 -1.270178407430648804e-01 2.979031705763190985e-04 -2.954903175123035908e-04 -3.783902502618730068e-05 -1.000000000000000000e+00
-9.919003844261169434e-01 -1.270178407430648804e-01 3.023591998498886824e-04 -2.999102289322763681e-04 -3.840501813101582229e-05 -9.999999403953552246e-01
-9.990988969802856445e-01 4.244112223386764526e-02 3.480051818769425154e-04 -3.476916172076016665e-04 1.476973193348385394e-05 -9.999999403953552246e-01
-9.990988969802856445e-01 4.244112223386764526e-02 3.524173516780138016e-04 -3.520997997839003801e-04 1.495698961662128568e-05 -9.999999403953552246e-01
-9.775551557540893555e-01 2.106793373823165894e-01 3.737013321369886398e-04 -3.653136955108493567e-04 7.873115100665017962e-05 -9.999999403953552246e-01
-9.775551557540893555e-01 2.106793373823165894e-01 3.787849855143576860e-04 -3.702832327689975500e-04 7.980217196745797992e-05 -9.999999403953552246e-01
-9.278888702392578125e-01 3.728565871715545654e-01 -4.663866711780428886e-04 4.327550705056637526e-04 -1.738953578751534224e-04 -9.999998807907104492e-01
-9.278888702392578125e-01 3.728565871715545654e-01 -4.530887526925653219e-04 4.204160941299051046e-04 -1.689371565589681268e-04 -9.999999403953552246e-01
-8.515291213989257812e-01 5.243070721626281738e-01 -5.046756705269217491e-04 4.297460836824029684e-04 -2.646050415933132172e-04 -9.999998807907104492e-01
-8.515291213989257812e-01 5.243070721626281738e-01 -4.583772097248584032e-04 3.903215983882546425e-04 -2.403304388280957937e-04 -9.999998807907104492e-01
-7.506721615791320801e-01 6.606746912002563477e-01 -4.667889734264463186e-04 3.504055493976920843e-04 -3.083956835325807333e-04 -9.999998807907104492e-01
-7.506721615791320801e-01 6.606746912002563477e-01 -4.644453874789178371e-04 3.486462810542434454e-04 -3.068473306484520435e-04 -9.999998807907104492e-01
-6.282200813293457031e-01 7.780355215072631836e-01 -4.712333320640027523e-04 2.960383135359734297e-04 -3.666363481897860765e-04 -9.999999403953552246e-01
-6.282200813293457031e-01 7.780355215072631836e-01 -4.639772523660212755e-04 2.914798969868570566e-04 -3.609908744692802429e-04 -9.999999403953552246e-01
-4.876948297023773193e-01 8.730140924453735352e-01 -4.335632256697863340e-04 2.114465896738693118e-04 -3.785068984143435955e-04 -9.999999403953552246e-01
-4.876948595046997070e-01 8.730141520500183105e-01 -4.211956984363496304e-04 2.054149954346939921e-04 -3.677098429761826992e-04 -9.999999403953552246e-01
-3.331398367881774902e-01 9.428773522377014160e-01 -4.296279803384095430e-04 1.431262062396854162e-04 -4.050865245517343283e-04 -9.999999403953552246e-01
-3.331398069858551025e-01 9.428773522377014160e-01 -4.112273745704442263e-04 1.369962265016511083e-04 -3.877370036207139492e-04 -9.999999403953552246e-01
-1.690003573894500732e-01 9.856159687042236328e-01 -4.134422342758625746e-04 6.987189408391714096e-05 -4.074953030794858932e-04 -9.999999403953552246e-01
-1.690003573894500732e-01 9.856159687042236328e-01 -4.085795080754905939e-04 6.905008922331035137e-05 -4.027025133837014437e-04 -9.999999403953552246e-01
0.000000000000000000e+00 1.606148725841194391e-04 1.000000000000000000e+00 0.000000000000000000e+00 1.000000000000000000e+00 -1.606148725841194391e-04
0.000000000000000000e+00 1.484638778492808342e-04 1.000000000000000000e+00 0.000000000000000000e+00 1.000000000000000000e+00 -1.484638778492808342e-04
1.690003573894500732e-01 9.856159687042236328e-01 -3.797570825554430485e-04 -6.417909025913104415e-05 -3.742946719285100698e-04 -9.999999403953552246e-01
1.690003573894500732e-01 9.856159687042236328e-01 -3.748885064851492643e-04 -6.335629586828872561e-05 -3.694961196742951870e-04 -9.999999403953552246e-01
3.331398069858551025e-01 9.428773522377014160e-01 -3.900179872289299965e-04 -1.299305295106023550e-04 -3.677391505334526300e-04 -9.999999403953552246e-01
3.331398069858551025e-01 9.428773522377014160e-01 -3.826653701253235340e-04 -1.274810783797875047e-04 -3.608065308071672916e-04 -9.999999403953552246e-01
4.876948595046997070e-01 8.730141520500183105e-01 -4.080996732227504253e-04 -1.990281307371333241e-04 -3.562768106348812580e-04 -9.999999403953552246e-01
4.876948595046997070e-01 8.730141520500183105e-01 -3.872033266816288233e-04 -1.888370898086577654e-04 -3.380340058356523514e-04 -9.999999403953552246e-01
6.282200813293457031e-01 7.780355811119079590e-01 -3.662836097646504641e-04 -2.301067434018477798e-04 -2.849817101377993822e-04 -9.999999403953552246e-01
6.282201409339904785e-01 7.780356407165527344e-01 -3.622430667746812105e-04 -2.275683655170723796e-04 -2.818380016833543777e-04 -9.999999403953552246e-01
7.506722211837768555e-01 6.606746912002563477e-01 -3.213164454791694880e-04 -2.412033500149846077e-04 -2.122856676578521729e-04 -9.999999403953552246e-01
7.506722211837768555e-01 6.606746912002563477e-01 -3.155554586555808783e-04 -2.368787390878424048e-04 -2.084795269183814526e-04 -9.999999403953552246e-01
8.515292406082153320e-01 5.243071317672729492e-01 -2.702284255065023899e-04 -2.301073982380330563e-04 -1.416826853528618813e-04 -1.000000000000000000e+00
8.515292406082153320e-01 5.243071317672729492e-01 -2.610588562674820423e-04 -2.222992334282025695e-04 -1.368750235997140408e-04 -1.000000000000000000e+00
9.278889894485473633e-01 3.728566169738769531e-01 -1.805837091524153948e-04 -1.675616367720067501e-04 -6.733182817697525024e-05 -1.000000000000000000e+00
9.278889894485473633e-01 3.728566169738769531e-01 -1.827780943131074309e-04 -1.695977844065055251e-04 -6.815002416260540485e-05 -1.000000000000000000e+00
9.775552153587341309e-01 2.106793522834777832e-01 -1.178479287773370743e-04 -1.152028562501072884e-04 -2.482812487869523466e-05 -1.000000000000000000e+00
9.775552153587341309e-01 2.106793522834777832e-01 -1.179737373604439199e-04 -1.153258417616598308e-04 -2.485463119228370488e-05 -1.000000000000000000e+00
9.990989565849304199e-01 4.244112595915794373e-02 -2.240422509203199297e-05 -2.238403794763144106e-05 -9.508605671726400033e-07 -1.000000000000000000e+00
9.990989565849304199e-01 4.244112595915794373e-02 -1.883470577013213187e-05 -1.881773459899704903e-05 -7.993661483851610683e-07 -1.000000000000000000e+00
9.919004440307617188e-01 -1.270178556442260742e-01 2.471344123478047550e-05 2.451327418384607881e-05 -3.139048203593119979e-06 -1.000000000000000000e+00
9.919004440307617188e-01 -1.270178556442260742e-01 3.105372888967394829e-05 3.080220631090924144e-05 -3.944378022424643859e-06 -1.000000000000000000e+00
9.561667442321777344e-01 -2.928227782249450684e-01 6.916567508596926928e-05 6.613392179133370519e-05 -2.025328467425424606e-05 -1.000000000000000000e+00
9.561667442321777344e-01 -2.928227782249450684e-01 7.671725325053557754e-05 7.335448754020035267e-05 -2.246455915155820549e-05 -1.000000000000000000e+00
8.929258584976196289e-01 -4.502037763595581055e-01 5.678938396158628166e-05 5.070870975032448769e-05 -2.556679464760236442e-05 -1.000000000000000000e+00
8.929258584976196289e-01 -4.502037763595581055e-01 5.048713137512095273e-05 4.508126585278660059e-05 -2.272949677717406303e-05 -1.000000000000000000e+00
8.039972186088562012e-01 -5.946330428123474121e-01 4.639681355911307037e-05 3.730291064130142331e-05 -2.758907794486731291e-05 -1.000000000000000000e+00
8.039972186088562012e-01 -5.946330428123474121e-01 4.804113268619403243e-05 3.862493758788332343e-05 -2.856684477592352778e-05 -1.000000000000000000e+00
6.919388175010681152e-01 -7.219561338424682617e-01 3.063826079596765339e-05 2.119980126735754311e-05 -2.211948049080092460e-05 -1.000000000000000000e+00
6.919388175010681152e-01 -7.219561338424682617e-01 3.155404556309804320e-05 2.183346987294498831e-05 -2.278063584526535124e-05 -1.000000000000000000e+00
5.599748492240905762e-01 -8.285096883773803711e-01 2.029835377470590174e-05 1.136656737799057737e-05 -1.681738285697065294e-05 -1.000000000000000000e+00
5.599748492240905762e-01 -8.285096883773803711e-01 2.061726991087198257e-05 1.154515302914660424e-05 -1.708160743874032050e-05 -1.000000000000000000e+00
4.119013249874114990e-01 -9.112284779548645020e-01 -5.940544724580831826e-06 -2.446918188070412725e-06 5.413193321146536618e-06 -1.000000000000000000e+00
4.119013249874114990e-01 -9.112284779548645020e-01 -3.053841624023334589e-07 -1.257881478977651568e-07 2.782747401397500653e-07 -1.000000000000000000e+00
2.519777119159698486e-01 -9.677330255508422852e-01 -8.058849743974860758e-06 -2.030650421147583984e-06 7.798815204296261072e-06 -1.000000000000000000e+00
2.519777119159698486e-01 -9.677330255508422852e-01 -3.357031346240546554e-06 -8.458970910396601539e-07 3.248710072512039915e-06 -1.000000000000000000e+00
-1.538708311272785068e-04 1.000000000000000000e+00 0.000000000000000000e+00 -1.000000000000000000e+00 -1.538708311272785068e-04 0.000000000000000000e+00
-1.449821284040808678e-04 1.000000000000000000e+00 0.000000000000000000e+00 -1.000000000000000000e+00 -1.449821284040808678e-04 0.000000000000000000e+00
-1.469643902964890003e-04 1.000000000000000000e+00 0.000000000000000000e+00 -1.000000000000000000e+00 -1.469643902964890003e-04 0.000000000000000000e+00
-1.437445025658234954e-04 1.000000000000000000e+00 0.000000000000000000e+00 -1.000000000000000000e+00 -1.437445025658234954e-04 0.000000000000000000e+00
-1.387793599860742688e-04 1.000000000000000000e+00 -0.000000000000000000e+00 -1.000000000000000000e+00 -1.387793599860742688e-04 0.000000000000000000e+00
-1.518534554634243250e-04 1.000000000000000000e+00 0.000000000000000000e+00 -1.000000000000000000e+00 -1.518534554634243250e-04 0.000000000000000000e+00
-1.585609425092115998e-04 1.000000000000000000e+00 -0.000000000000000000e+00 -1.000000000000000000e+00 -1.585609425092115998e-04 0.000000000000000000e+00
-1.578762894496321678e-04 1.000000000000000000e+00 0.000000000000000000e+00 -1.000000000000000000e+00 -1.578762894496321678e-04 0.000000000000000000e+00
-1.662383292568847537e-04 1.000000000000000000e+00 -0.000000000000000000e+00 -1.000000000000000000e+00 -1.662383292568847537e-04 0.000000000000000000e+00
-1.638727990211918950e-04 1.000000000000000000e+00 -0.000000000000000000e+00 -1.000000000000000000e+00 -1.638727990211918950e-04 0.000000000000000000e+00
-1.655931846471503377e-04 1.000000000000000000e+00 0.000000000000000000e+00 -1.000000000000000000e+00 -1.655931846471503377e-04 0.000000000000000000e+00
-1.709723437670618296e-04 1.000000000000000000e+00 -0.000000000000000000e+00 -1.000000000000000000e+00 -1.709723437670618296e-04 0.000000000000000000e+00
-1.711171644274145365e-04 1.000000000000000000e+00 -0.000000000000000000e+00 -1.000000000000000000e+00 -1.711171644274145365e-04 0.000000000000000000e+00
-1.718530111247673631e-04 1.000000000000000000e+00 0.000000000000000000e+00 -1.000000000000000000e+00 -1.718530111247673631e-04 0.000000000000000000e+00
-1.833193673519417644e-04 1.000000000000000000e+00 0.000000000000000000e+00 -1.000000000000000000e+00 -1.833193673519417644e-04 0.000000000000000000e+00
-1.916345936479046941e-04 1.000000000000000000e+00 -0.000000000000000000e+00 -1.000000000000000000e+00 -1.916345936479046941e-04 0.000000000000000000e+00
-1.984737318707630038e-04 1.000000000000000000e+00 0.000000000000000000e+00 -1.000000000000000000e+00 -1.984737318707630038e-04 0.000000000000000000e+00
-1.952948077814653516e-04 1.000000000000000000e+00 -0.000000000000000000e+00 -1.000000000000000000e+00 -1.952948077814653516e-04 0.000000000000000000e+00
-2.019657258642837405e-04 1.000000000000000000e+00 0.000000000000000000e+00 -1.000000000000000000e+00 -2.019657258642837405e-04 0.000000000000000000e+00
-2.008275769185274839e-04 1.000000000000000000e+00 -0.000000000000000000e+00 -1.000000000000000000e+00 -2.008275769185274839e-04 0.000000000000000000e+00
-2.024075220106169581e-04 1.000000000000000000e+00 0.000000000000000000e+00 -1.000000000000000000e+00 -2.024075220106169581e-04 0.000000000000000000e+00
-2.034374192589893937e-04 1.000000000000000000e+00 0.000000000000000000e+00 -1.000000000000000000e+00 -2.034374192589893937e-04 0.000000000000000000e+00
-1.998240040848031640e-04 1.000000000000000000e+00 0.000000000000000000e+00 -1.000000000000000000e+00 -1.998240040848031640e-04 0.000000000000000000e+00
-2.014639467233791947e-04 1.000000000000000000e+00 0.000000000000000000e+00 -1.000000000000000000e+00 -2.014639467233791947e-04 0.000000000000000000e+00
-2.005174319492653012e-04 1.000000000000000000e+00 0.000000000000000000e+00 -1.000000000000000000e+00 -2.005174319492653012e-04 0.000000000000000000e+00
-1.966743438970297575e-04 1.000000000000000000e+00 0.000000000000000000e+00 -1.000000000000000000e+00 -1.966743438970297575e-04 0.000000000000000000e+00
-1.913537125801667571e-04 1.000000000000000000e+00 0.000000000000000000e+00 -1.000000000000000000e+00 -1.913537125801667571e-04 0.000000000000000000e+00
-1.852094574132934213e-04 1.000000000000000000e+00 0.000000000000000000e+00 -1.000000000000000000e+00 -1.852094574132934213e-04 0.000000000000000000e+00
-1.844326470745727420e-04 1.000000000000000000e+00 0.000000000000000000e+00 -1.000000000000000000e+00 -1.844326470745727420e-04 0.000000000000000000e+00
-1.769615191733464599e-04 1.000000000000000000e+00 0.000000000000000000e+00 -1.000000000000000000e+00 -1.769615191733464599e-04 0.000000000000000000e+00
-1.610025501577183604e-04 1.000000000000000000e+00 0.000000000000000000e+00 -1.000000000000000000e+00 -1.610025501577183604e-04 0.000000000000000000e+00
-1.539703080197796226e-04 1.000000000000000000e+00 0.000000000000000000e+00 -1.000000000000000000e+00 -1.539703080197796226e-04 0.000000000000000000e+00
-1.507299457443878055e-04 1.000000000000000000e+00 0.000000000000000000e+00 -1.000000000000000000e+00 -1.507299457443878055e-04 0.000000000000000000e+00
-1.461407664464786649e-04 1.000000000000000000e+00 0.000000000000000000e+00 -1.000000000000000000e+00 -1.461407664464786649e-04 0.000000000000000000e+00
-1.448256080038845539e-04 1.000000000000000000e+00 0.000000000000000000e+00 -1.000000000000000000e+00 -1.448256080038845539e-04 0.000000000000000000e+00
-3.406953328521922231e-05 1.000000000000000000e+00 0.000000000000000000e+00 -1.000000000000000000e+00 -3.406953328521922231e-05 0.000000000000000000e+00
-2.195072011090815067e-05 1.000000000000000000e+00 0.000000000000000000e+00 -1.000000000000000000e+00 -2.195072011090815067e-05 0.000000000000000000e+00
-1.049753427651012316e-05 1.000000000000000000e+00 0.000000000000000000e+00 -1.000000000000000000e+00 -1.049753427651012316e-05 0.000000000000000000e+00
-2.158060306101106107e-05 1.000000000000000000e+00 0.000000000000000000e+00 -1.000000000000000000e+00 -2.158060306101106107e-05 0.000000000000000000e+00
-4.370870010461658239e-05 1.000000000000000000e+00 -0.000000000000000000e+00 -1.000000000000000000e+00 -4.370870010461658239e-05 0.000000000000000000e+00
-4.177326263743452728e-05 1.000000000000000000e+00 0.000000000000000000e+00 -1.000000000000000000e+00 -4.177326263743452728e-05 0.000000000000000000e+00
-6.464452599175274372e-05 1.000000000000000000e+00 0.000000000000000000e+00 -1.000000000000000000e+00 -6.464452599175274372e-05 0.000000000000000000e+00
-8.286809315904974937e-05 1.000000000000000000e+00 -0.000000000000000000e+00 -1.000000000000000000e+00 -8.286809315904974937e-05 0.000000000000000000e+00
-8.897139196051284671e-05 1.000000000000000000e+00 0.000000000000000000e+00 -1.000000000000000000e+00 -8.897139196051284671e-05 0.000000000000000000e+00
-9.857690747594460845e-05 1.000000000000000000e+00 -0.000000000000000000e+00 -1.000000000000000000e+00 -9.857690747594460845e-05 0.000000000000000000e+00
-9.677313209977000952e-05 1.000000000000000000e+00 0.000000000000000000e+00 -1.000000000000000000e+00 -9.677313209977000952e-05 0.000000000000000000e+00
-1.160660976893268526e-04 1.000000000000000000e+00 -0.000000000000000000e+00 -1.000000000000000000e+00 -1.160660976893268526e-04 0.000000000000000000e+00
-1.221035636262968183e-04 1.000000000000000000e+00 0.000000000000000000e+00 -1.000000000000000000e+00 -1.221035636262968183e-04 0.000000000000000000e+00
-1.299374853260815144e-04 1.000000000000000000e+00 0.000000000000000000e+00 -1.000000000000000000e+00 -1.299374853260815144e-04 0.000000000000000000e+00
-1.385174982715398073e-04 1.000000000000000000e+00 -0.000000000000000000e+00 -1.000000000000000000e+00 -1.385174982715398073e-04 0.000000000000000000e+00
-1.399438478983938694e-04 1.000000000000000000e+00 0.000000000000000000e+00 -1.000000000000000000e+00 -1.399438478983938694e-04 0.000000000000000000e+00
-2.014785713981837034e-04 1.000000000000000000e+00 -0.000000000000000000e+00 -1.000000000000000000e+00 -2.014785713981837034e-04 0.000000000000000000e+00
-1.902506774058565497e-04 1.000000000000000000e+00 0.000000000000000000e+00 -1.000000000000000000e+00 -1.902506774058565497e-04 0.000000000000000000e+00
-1.831760018831118941e-04 1.000000000000000000e+00 -0.000000000000000000e+00 -1.000000000000000000e+00 -1.831760018831118941e-04 0.000000000000000000e+00
-1.770639355527237058e-04 1.000000000000000000e+00 0.000000000000000000e+00 -1.000000000000000000e+00 -1.770639355527237058e-04 0.000000000000000000e+00
-1.901541254483163357e-04 1.000000000000000000e+00 -0.000000000000000000e+00 -1.000000000000000000e+00 -1.901541254483163357e-04 0.000000000000000000e+00
-1.911518338602036238e-04 1.000000000000000000e+00 -0.000000000000000000e+00 -1.000000000000000000e+00 -1.911518338602036238e-04 0.000000000000000000e+00
-1.713322126306593418e-04 1.000000000000000000e+00 0.000000000000000000e+00 -1.000000000000000000e+00 -1.713322126306593418e-04 0.000000000000000000e+00
-1.656356180319562554e-04 1.000000000000000000e+00 -0.000000000000000000e+00 -1.000000000000000000e+00 -1.656356180319562554e-04 0.000000000000000000e+00
-1.628706959309056401e-04 1.000000000000000000e+00 0.000000000000000000e+00 -1.000000000000000000e+00 -1.628706959309056401e-04 0.000000000000000000e+00
-1.445081434212625027e-04 1.000000000000000000e+00 -0.000000000000000000e+00 -1.000000000000000000e+00 -1.445081434212625027e-04 0.000000000000000000e+00
-1.450260169804096222e-04 1.000000000000000000e+00 -0.000000000000000000e+00 -1.000000000000000000e+00 -1.450260169804096222e-04 0.000000000000000000e+00
-1.240506971953436732e-04 1.000000000000000000e+00 0.000000000000000000e+00 -1.000000000000000000e+00 -1.240506971953436732e-04 0.000000000000000000e+00
-1.345134951407089829e-04 1.000000000000000000e+00 -0.000000000000000000e+00 -1.000000000000000000e+00 -1.345134951407089829e-04 0.000000000000000000e+00
-1.243330480065196753e-04 1.000000000000000000e+00 0.000000000000000000e+00 -1.000000000000000000e+00 -1.243330480065196753e-04 0.000000000000000000e+00
-1.229066983796656132e-04 1.000000000000000000e+00 -0.000000000000000000e+00 -1.000000000000000000e+00 -1.229066983796656132e-04 0.000000000000000000e+00
-1.193825301015749574e-04 1.000000000000000000e+00 0.000000000000000000e+00 -1.000000000000000000e+00 -1.193825301015749574e-04 0.000000000000000000e+00
-1.106386698666028678e-04 1.000000000000000000e+00 0.000000000000000000e+00 -1.000000000000000000e+00 -1.106386698666028678e-04 0.000000000000000000e+00
-1.172481352114118636e-04 1.000000000000000000e+00 0.000000000000000000e+00 -1.000000000000000000e+00 -1.172481352114118636e-04 0.000000000000000000e+00
-1.065849210135638714e-04 1.000000000000000000e+00 0.000000000000000000e+00 -1.000000000000000000e+00 -1.065849210135638714e-04 0.000000000000000000e+00
-1.046904435497708619e-04 1.000000000000000000e+00 0.000000000000000000e+00 -1.000000000000000000e+00 -1.046904435497708619e-04 0.000000000000000000e+00
-8.762696961639449000e-05 1.000000000000000000e+00 0.000000000000000000e+00 -1.000000000000000000e+00 -8.762696961639449000e-05 0.000000000000000000e+00
-8.349130075657740235e-05 1.000000000000000000e+00 0.000000000000000000e+00 -1.000000000000000000e+00 -8.349130075657740235e-05 0.000000000000000000e+00
-6.494734407169744372e-05 1.000000000000000000e+00 0.000000000000000000e+00 -1.000000000000000000e+00 -6.494734407169744372e-05 0.000000000000000000e+00
-5.546032480197027326e-05 1.000000000000000000e+00 0.000000000000000000e+00 -1.000000000000000000e+00 -5.546032480197027326e-05 0.000000000000000000e+00
-5.075850276625715196e-05 1.000000000000000000e+00 0.000000000000000000e+00 -1.000000000000000000e+00 -5.075850276625715196e-05 0.000000000000000000e+00
-4.195758810965344310e-05 1.000000000000000000e+00 0.000000000000000000e+00 -1.000000000000000000e+00 -4.195758810965344310e-05 0.000000000000000000e+00
-4.394276766106486320e-05 1.000000000000000000e+00 0.000000000000000000e+00 -1.000000000000000000e+00 -4.394276766106486320e-05 0.000000000000000000e+00
-3.648481288109906018e-05 1.000000000000000000e+00 0.000000000000000000e+00 -1.000000000000000000e+00 -3.648481288109906018e-05 0.000000000000000000e+00
-3.218383426428772509e-05 1.000000000000000000e+00 0.000000000000000000e+00 -1.000000000000000000e+00 -3.218383426428772509e-05 0.000000000000000000e+00
-2.737814611464273185e-05 1.000000000000000000e+00 0.000000000000000000e+00 -1.000000000000000000e+00 -2.737814611464273185e-05 0.000000000000000000e+00
-2.308594594069290906e-05 1.000000000000000000e+00 0.000000000000000000e+00 -1.000000000000000000e+00 -2.308594594069290906e-05 0.000000000000000000e+00
-2.087218490487430245e-06 1.000000000000000000e+00 0.000000000000000000e+00 -1.000000000000000000e+00 -2.087218490487430245e-06 0.000000000000000000e+00
4.586614068102790043e-06 1.000000000000000000e+00 -0.000000000000000000e+00 -1.000000000000000000e+00 4.586614068102790043e-06 0.000000000000000000e+00
4.629038812709040940e-06 1.000000000000000000e+00 -0.000000000000000000e+00 -1.000000000000000000e+00 4.629038812709040940e-06 0.000000000000000000e+00
1.163934211945161223e-05 1.000000000000000000e+00 -0.000000000000000000e+00 -1.000000000000000000e+00 1.163934211945161223e-05 0.000000000000000000e+00
6.722474608977790922e-06 1.000000000000000000e+00 -0.000000000000000000e+00 -1.000000000000000000e+00 6.722474608977790922e-06 0.000000000000000000e+00
2.196900641138199717e-05 1.000000000000000000e+00 -0.000000000000000000e+00 -1.000000000000000000e+00 2.196900641138199717e-05 0.000000000000000000e+00
2.379326542722992599e-05 1.000000000000000000e+00 -0.000000000000000000e+00 -1.000000000000000000e+00 2.379326542722992599e-05 0.000000000000000000e+00
4.265466850483790040e-05 1.000000000000000000e+00 -0.000000000000000000e+00 -1.000000000000000000e+00 4.265466850483790040e-05 0.000000000000000000e+00
5.590285582002252340e-05 1.000000000000000000e+00 0.000000000000000000e+00 -1.000000000000000000e+00 5.590285582002252340e-05 0.000000000000000000e+00
5.565415995079092681e-05 1.000000000000000000e+00 0.000000000000000000e+00 -1.000000000000000000e+00 5.565415995079092681e-05 0.000000000000000000e+00
6.978887540753930807e-05 1.000000000000000000e+00 0.000000000000000000e+00 -1.000000000000000000e+00 6.978887540753930807e-05 0.000000000000000000e+00
6.301410030573606491e-05 1.000000000000000000e+00 0.000000000000000000e+00 -1.000000000000000000e+00 6.301410030573606491e-05 0.000000000000000000e+00
4.941188672091811895e-05 1.000000000000000000e+00 0.000000000000000000e+00 -1.000000000000000000e+00 4.941188672091811895e-05 0.000000000000000000e+00
4.918806007481180131e-05 1.000000000000000000e+00 0.000000000000000000e+00 -1.000000000000000000e+00 4.918806007481180131e-05 0.000000000000000000e+00
3.553757414920255542e-05 1.000000000000000000e+00 0.000000000000000000e+00 -1.000000000000000000e+00 3.553757414920255542e-05 0.000000000000000000e+00
2.963908627862110734e-05 1.000000000000000000e+00 0.000000000000000000e+00 -1.000000000000000000e+00 2.963908627862110734e-05 0.000000000000000000e+00
2.159011091862339526e-05 1.000000000000000000e+00 0.000000000000000000e+00 -1.000000000000000000e+00 2.159011091862339526e-05 0.000000000000000000e+00
3.062509495066478848e-05 1.000000000000000000e+00 0.000000000000000000e+00 -1.000000000000000000e+00 3.062509495066478848e-05 0.000000000000000000e+00
3.272145477239973843e-05 1.000000000000000000e+00 0.000000000000000000e+00 -1.000000000000000000e+00 3.272145477239973843e-05 0.000000000000000000e+00
6.545461474161129445e-06 1.000000000000000000e+00 0.000000000000000000e+00 -1.000000000000000000e+00 6.545461474161129445e-06 0.000000000000000000e+00
2.430821405141614377e-05 1.000000000000000000e+00 0.000000000000000000e+00 -1.000000000000000000e+00 2.430821405141614377e-05 0.000000000000000000e+00
3.461630058154696599e-06 1.000000000000000000e+00 0.000000000000000000e+00 -1.000000000000000000e+00 3.461630058154696599e-06 0.000000000000000000e+00
1.976731618924532086e-05 1.000000000000000000e+00 0.000000000000000000e+00 -1.000000000000000000e+00 1.976731618924532086e-05 0.000000000000000000e+00
-5.485942811134236763e-09 1.000000000000000000e+00 0.000000000000000000e+00 -1.000000000000000000e+00 -5.485942811134236763e-09 0.000000000000000000e+00
1.022908963932422921e-05 1.000000000000000000e+00 0.000000000000000000e+00 -1.000000000000000000e+00 1.022908963932422921e-05 0.000000000000000000e+00
7.600225217174738646e-06 1.000000000000000000e+00 0.000000000000000000e+00 -1.000000000000000000e+00 7.600225217174738646e-06 0.000000000000000000e+00
-1.257743861060589552e-06 1.000000000000000000e+00 0.000000000000000000e+00 -1.000000000000000000e+00 -1.257743861060589552e-06 0.000000000000000000e+00
-3.263404551034909673e-06 1.000000000000000000e+00 0.000000000000000000e+00 -1.000000000000000000e+00 -3.263404551034909673e-06 0.000000000000000000e+00
-1.767899993865285069e-05 1.000000000000000000e+00 0.000000000000000000e+00 -1.000000000000000000e+00 -1.767899993865285069e-05 0.000000000000000000e+00
1.645946502685546875e-01 -9.863612651824951172e-01 2.789100981317460537e-04 4.590711614582687616e-05 -2.751061692833900452e-04 -1.000000000000000000e+00
1.645946502685546875e-01 -9.863612651824951172e-01 2.796913031488656998e-04 4.603570050676353276e-05 -2.758767222985625267e-04 -1.000000000000000000e+00
-1.645946651697158813e-01 -9.863613247871398926e-01 1.271937799174338579e-04 -2.093541843350976706e-05 -1.254590315511450171e-04 -1.000000000000000000e+00
-1.645946651697158813e-01 -9.863613247871398926e-01 1.283728925045579672e-04 -2.112949368893168867e-05 -1.266220497200265527e-04 -1.000000000000000000e+00
-4.759473502635955811e-01 -8.794734477996826172e-01 7.886257953941822052e-04 -3.753444761969149113e-04 -6.935756537131965160e-04 -9.999997019767761230e-01
-4.759473502635955811e-01 -8.794734477996826172e-01 7.880348130129277706e-04 -3.750631876755505800e-04 -6.930558593012392521e-04 -9.999997019767761230e-01
-7.357220053672790527e-01 -6.772798299789428711e-01 2.270285040140151978e-03 -1.670302939601242542e-03 -1.537622185423970222e-03 -9.999974370002746582e-01
-7.357220053672790527e-01 -6.772798299789428711e-01 2.271579811349511147e-03 -1.671255566179752350e-03 -1.538499142043292522e-03 -9.999974370002746582e-01
-9.157707095146179199e-01 -4.016952514648437500e-01 2.220749156549572945e-03 -2.033702097833156586e-03 -8.920665713958442211e-04 -9.999975562095642090e-01
-9.157707095146179199e-01 -4.016952514648437500e-01 2.223955933004617691e-03 -2.036638790741562843e-03 -8.933547069318592548e-04 -9.999975562095642090e-01
-9.965845346450805664e-01 -8.257868885993957520e-02 7.694108353462070227e-05 -7.667829049751162529e-05 -6.353693606797605753e-06 -1.000000000000000000e+00
-9.965845346450805664e-01 -8.257868885993957520e-02 4.632951822713948786e-05 -4.617128070094622672e-05 -3.825830845016753301e-06 -1.000000000000000000e+00
-9.694002866744995117e-01 2.454850673675537109e-01 -5.006233695894479752e-04 4.853045102208852768e-04 -1.228955807164311409e-04 -9.999998807907104492e-01
-9.694002866744995117e-01 2.454850673675537109e-01 -5.286572850309312344e-04 5.124805611558258533e-04 -1.297774870181456208e-04 -9.999998807907104492e-01
-8.371655344963073730e-01 5.469476580619812012e-01 -1.507095876149833202e-03 1.261690165847539902e-03 -8.243034826591610909e-04 -9.999988675117492676e-01
-8.371654152870178223e-01 5.469475984573364258e-01 -1.519943005405366421e-03 1.272445544600486755e-03 -8.313303114846348763e-04 -9.999988675117492676e-01
-6.142119169235229492e-01 7.891396880149841309e-01 -1.510817557573318481e-03 9.279632358811795712e-04 -1.192247495055198669e-03 -9.999988675117492676e-01
-6.142119169235229492e-01 7.891396880149841309e-01 -1.508301240392029285e-03 9.264176478609442711e-04 -1.190261682495474815e-03 -9.999988675117492676e-01
-3.246993124485015869e-01 9.458162784576416016e-01 -1.404545386321842670e-03 4.560554225463420153e-04 -1.328443293459713459e-03 -9.999990463256835938e-01
-3.246993124485015869e-01 9.458162784576416016e-01 -1.407667296007275581e-03 4.570690507534891367e-04 -1.331395935267210007e-03 -9.999989867210388184e-01
0.000000000000000000e+00 9.992661653086543083e-04 9.999995231628417969e-01 0.000000000000000000e+00 9.999995231628417969e-01 -9.992661653086543083e-04
0.000000000000000000e+00 9.923364268615841866e-04 9.999995231628417969e-01 0.000000000000000000e+00 9.999995231628417969e-01 -9.923364268615841866e-04
3.246994018554687500e-01 9.458165168762207031e-01 -1.226113410666584969e-03 -3.981185727752745152e-04 -1.159679144620895386e-03 -9.999992251396179199e-01
3.246994018554687500e-01 9.458165168762207031e-01 -1.230838592164218426e-03 -3.996528394054621458e-04 -1.164148328825831413e-03 -9.999992251396179199e-01
6.142122149467468262e-01 7.891400456428527832e-01 -1.154939644038677216e-03 -7.093785097822546959e-04 -9.114097338169813156e-04 -9.999993443489074707e-01
6.142122745513916016e-01 7.891401052474975586e-01 -1.125590642914175987e-03 -6.913520046509802341e-04 -8.882491965778172016e-04 -9.999994039535522461e-01
8.371661901473999023e-01 5.469480752944946289e-01 -8.107150788418948650e-04 -6.787035381421446800e-04 -4.434192378539592028e-04 -9.999997019767761230e-01
8.371661305427551270e-01 5.469480156898498535e-01 -7.972971652634441853e-04 -6.674705655314028263e-04 -4.360803577583283186e-04 -9.999997019767761230e-01
9.694002270698547363e-01 2.454850524663925171e-01 -6.409230409190058708e-04 -6.213110755197703838e-04 -1.573370536789298058e-04 -9.999998211860656738e-01
9.694002270698547363e-01 2.454850524663925171e-01 -6.132738781161606312e-04 -5.945079610683023930e-04 -1.505496038589626551e-04 -9.999998211860656738e-01
9.965844750404357910e-01 -8.257868140935897827e-02 -3.757808881346136332e-04 -3.744974092114716768e-04 3.103149356320500374e-05 -9.999999403953552246e-01
9.965844750404357910e-01 -8.257868140935897827e-02 -3.716144710779190063e-04 -3.703452239278703928e-04 3.068743535550311208e-05 -9.999999403953552246e-01
9.157729744911193848e-01 -4.016962349414825439e-01 1.225680316565558314e-04 1.122444882639683783e-04 -4.923511733068153262e-05 -1.000000000000000000e+00
9.157729744911193848e-01 -4.016962349414825439e-01 1.388239761581644416e-04 1.271312503376975656e-04 -5.576506737270392478e-05 -1.000000000000000000e+00
7.357238531112670898e-01 -6.772814989089965820e-01 4.503377422224730253e-04 3.313242341391742229e-04 -3.050054365303367376e-04 -9.999998807907104492e-01
7.357238531112670898e-01 -6.772814989089965820e-01 4.522131930571049452e-04 3.327040467411279678e-04 -3.062756441067904234e-04 -9.999998807907104492e-01
4.759474396705627441e-01 -8.794735670089721680e-01 5.150923971086740494e-04 2.451569307595491409e-04 -4.530102014541625977e-04 -9.999998807907104492e-01
4.759474396705627441e-01 -8.794735670089721680e-01 5.215145647525787354e-04 2.482135605532675982e-04 -4.586583236232399940e-04 -9.999998807907104492e-01
6.156104430556297302e-02 9.981029629707336426e-01 -8.406712440773844719e-04 -5.175261685508303344e-05 -8.390767616219818592e-04 -9.999996423721313477e-01
6.156104803085327148e-02 9.981030225753784180e-01 -8.394819451496005058e-04 -5.167939889361150563e-05 -8.378896745853126049e-04 -9.999996423721313477e-01
-6.156104803085327148e-02 9.981030225753784180e-01 -7.740207947790622711e-04 4.764954428537748754e-05 -7.725527393631637096e-04 -9.999997019767761230e-01
-6.156104803085327148e-02 9.981030225753784180e-01 -7.723296293988823891e-04 4.754543624585494399e-05 -7.708647754043340683e-04 -9.999997019767761230e-01
-1.837496906518936157e-01 9.829728007316589355e-01 -7.346741040237247944e-04 1.349961967207491398e-04 -7.221649284474551678e-04 -9.999997615814208984e-01
-1.837497055530548096e-01 9.829728603363037109e-01 -6.909430958330631256e-04 1.269606145797297359e-04 -6.791784544475376606e-04 -9.999997615814208984e-01
-3.031523823738098145e-01 9.529418349266052246e-01 -6.836519460193812847e-04 2.072507631964981556e-04 -6.514806882478296757e-04 -9.999997615814208984e-01
-3.031524121761322021e-01 9.529418945312500000e-01 -6.592388381250202656e-04 1.998498482862487435e-04 -6.282163667492568493e-04 -9.999997615814208984e-01
-4.179601371288299561e-01 9.084652066230773926e-01 -6.084199412725865841e-04 2.542953006923198700e-04 -5.527283647097647190e-04 -9.999998211860656738e-01
-4.179601371288299561e-01 9.084652066230773926e-01 -5.607551429420709610e-04 2.343733212910592556e-04 -5.094266380183398724e-04 -9.999998807907104492e-01
-5.264323949813842773e-01 8.502167463302612305e-01 -5.353120504878461361e-04 2.818056964315474033e-04 -4.551314341370016336e-04 -9.999998807907104492e-01
-5.264324545860290527e-01 8.502168655395507812e-01 -5.081135313957929611e-04 2.674874849617481232e-04 -4.320067528169602156e-04 -9.999998807907104492e-01
-6.269237399101257324e-01 7.790805697441101074e-01 -4.655835800804197788e-04 2.918854006566107273e-04 -3.627271507866680622e-04 -9.999999403953552246e-01
-6.269237399101257324e-01 7.790805697441101074e-01 -4.315034602768719196e-04 2.705197839532047510e-04 -3.361759881954640150e-04 -9.999999403953552246e-01
-7.179116606712341309e-01 6.961340904235839844e-01 -4.068356938660144806e-04 2.920721017289906740e-04 -2.832122263498604298e-04 -9.999999403953552246e-01
-7.179116606712341309e-01 6.961340904235839844e-01 -4.013995057903230190e-04 2.881694235838949680e-04 -2.794279134832322598e-04 -9.999999403953552246e-01
-7.980172634124755859e-01 6.026344299316406250e-01 -3.644403477665036917e-04 2.908297174144536257e-04 -2.196243294747546315e-04 -9.999999403953552246e-01
-7.980172634124755859e-01 6.026344299316406250e-01 -3.449133073445409536e-04 2.752467989921569824e-04 -2.078566612908616662e-04 -9.999999403953552246e-01
-8.660253882408142090e-01 4.999999105930328369e-01 -3.375050728209316730e-04 2.922880230471491814e-04 -1.687525364104658365e-04 -1.000000000000000000e+00
-8.660253882408142090e-01 4.999999105930328369e-01 -3.376455279067158699e-04 2.924096479546278715e-04 -1.688227639533579350e-04 -1.000000000000000000e+00
-9.209054708480834961e-01 3.897859156131744385e-01 -2.951799251604825258e-04 2.718328614719212055e-04 -1.150569951278157532e-04 -1.000000000000000000e+00
-9.209054708480834961e-01 3.897859156131744385e-01 -3.102362970821559429e-04 2.856983628589659929e-04 -1.209257534355856478e-04 -1.000000000000000000e+00
-9.618256688117980957e-01 2.736628353595733643e-01 -2.888820890802890062e-04 2.778542693704366684e-04 -7.905630627647042274e-05 -1.000000000000000000e+00
-9.618256688117980957e-01 2.736628353595733643e-01 -2.965931198559701443e-04 2.852709149010479450e-04 -8.116653043543919921e-05 -1.000000000000000000e+00
-9.881654381752014160e-01 1.533917337656021118e-01 -2.790410653688013554e-04 2.757387410383671522e-04 -4.280259236111305654e-05 -1.000000000000000000e+00
-9.881654381752014160e-01 1.533917337656021118e-01 -2.766067627817392349e-04 2.733332512434571981e-04 -4.242919021635316312e-05 -1.000000000000000000e+00
-9.995257258415222168e-01 3.079493343830108643e-02 -2.585338661447167397e-04 2.584112517070025206e-04 -7.961532901390455663e-06 -1.000000000000000000e+00
-9.995257258415222168e-01 3.079493343830108643e-02 -2.729085099417716265e-04 2.727790852077305317e-04 -8.404199434153269976e-06 -1.000000000000000000e+00
-9.957342147827148438e-01 -9.226811677217483521e-02 -2.457289374433457851e-04 2.446807047817856073e-04 2.267294621560722589e-05 -1.000000000000000000e+00
-9.957342147827148438e-01 -9.226811677217483521e-02 -2.597085840534418821e-04 2.586007176432758570e-04 2.396282070549204946e-05 -1.000000000000000000e+00
-9.768483638763427734e-01 -2.139329463243484497e-01 -2.094207447953522205e-04 2.045723085757344961e-04 4.480199640966020525e-05 -1.000000000000000000e+00
-9.768483638763427734e-01 -2.139329463243484497e-01 -2.113810623995959759e-04 2.064872387563809752e-04 4.522137169260531664e-05 -1.000000000000000000e+00
-9.431543946266174316e-01 -3.323549926280975342e-01 -1.456126483390107751e-04 1.373352133668959141e-04 4.839508983423002064e-05 -1.000000000000000000e+00
-9.431543946266174316e-01 -3.323549926280975342e-01 -1.361958420602604747e-04 1.284537138417363167e-04 4.526536940829828382e-05 -1.000000000000000000e+00
-8.951633572578430176e-01 -4.457382261753082275e-01 -8.189232903532683849e-05 7.330701191676780581e-05 3.650254075182601810e-05 -1.000000000000000000e+00
-8.951633572578430176e-01 -4.457382261753082275e-01 -8.257404988398775458e-05 7.391726103378459811e-05 3.680641020764596760e-05 -1.000000000000000000e+00
-8.336023688316345215e-01 -5.523650050163269043e-01 -4.570851160679012537e-05 3.810272392001934350e-05 2.524778210499789566e-05 -1.000000000000000000e+00
-8.336023688316345215e-01 -5.523650050163269043e-01 -4.629660543287172914e-05 3.859295975416898727e-05 2.557262450864072889e-05 -1.000000000000000000e+00
-7.594048976898193359e-01 -6.506184339523315430e-01 -1.489652913733152673e-05 1.131249700847547501e-05 9.691956620372366160e-06 -1.000000000000000000e+00
-7.594048976898193359e-01 -6.506184339523315430e-01 -2.134360875061247498e-05 1.620844159333501011e-05 1.388654527545440942e-05 -1.000000000000000000e+00
-6.736956238746643066e-01 -7.390089035034179688e-01 5.912017968512373045e-06 -3.982900580012938008e-06 -4.369033831608248875e-06 -1.000000000000000000e+00
-6.736956238746643066e-01 -7.390089035034179688e-01 1.693364356469828635e-05 -1.140812128141988069e-05 -1.251411322300555184e-05 -1.000000000000000000e+00
-5.777739286422729492e-01 -8.161968588829040527e-01 3.019645919266622514e-05 -1.744672772474586964e-05 -2.464625504217110574e-05 -1.000000000000000000e+00
-5.777739286422729492e-01 -8.161968588829040527e-01 3.410244971746578813e-05 -1.970350604096893221e-05 -2.783431227726396173e-05 -1.000000000000000000e+00
-4.730934202671051025e-01 -8.810122609138488770e-01 5.151410005055367947e-05 -2.437098191876430064e-05 -4.538455323199741542e-05 -1.000000000000000000e+00
-4.730934202671051025e-01 -8.810122609138488770e-01 5.089382466394454241e-05 -2.407753345323726535e-05 -4.483808515942655504e-05 -1.000000000000000000e+00
-3.612418174743652344e-01 -9.324722290039062500e-01 3.129949982394464314e-05 -1.130668806581525132e-05 -2.918591417255811393e-05 -1.000000000000000000e+00
-3.612418174743652344e-01 -9.324722290039062500e-01 2.043586937361396849e-05 -7.382290732493856922e-06 -1.905588032968807966e-05 -1.000000000000000000e+00
-2.439135909080505371e-01 -9.697969555854797363e-01 2.397320531599689275e-05 -5.847390639246441424e-06 -2.324914203200023621e-05 -1.000000000000000000e+00
-2.439135909080505371e-01 -9.697969555854797363e-01 2.285846130689606071e-05 -5.575489467446459457e-06 -2.216806569776963443e-05 -1.000000000000000000e+00
-1.228882670402526855e-01 -9.924204945564270020e-01 2.502943243598565459e-05 -3.075823542530997656e-06 -2.483972093614283949e-05 -1.000000000000000000e+00
-1.228882670402526855e-01 -9.924204945564270020e-01 2.058508653135504574e-05 -2.529665607653441839e-06 -2.042906089627649635e-05 -1.000000000000000000e+00
-0.000000000000000000e+00 -4.351486495579592884e-05 -1.000000000000000000e+00 0.000000000000000000e+00 1.000000000000000000e+00 -4.351486495579592884e-05
-0.000000000000000000e+00 -3.561364428605884314e-05 -1.000000000000000000e+00 0.000000000000000000e+00 1.000000000000000000e+00 -3.561364428605884314e-05
1.228882670402526855e-01 -9.924204945564270020e-01 -1.244047307409346104e-04 -1.528788197902031243e-05 1.234618102898821235e-04 -1.000000000000000000e+00
1.228882670402526855e-01 -9.924204945564270020e-01 -1.325824414379894733e-04 -1.629282633075490594e-05 1.315775298280641437e-04 -1.000000000000000000e+00
2.439135909080505371e-01 -9.697969555854797363e-01 -1.611122715985402465e-04 -3.929747254005633295e-05 1.562461839057505131e-04 -1.000000000000000000e+00
2.439135909080505371e-01 -9.697969555854797363e-01 -1.629935868550091982e-04 -3.975635263486765325e-05 1.580706884851679206e-04 -1.000000000000000000e+00
3.612418174743652344e-01 -9.324722290039062500e-01 -1.575573842274025083e-04 -5.691631668014451861e-05 1.469178823754191399e-04 -1.000000000000000000e+00
3.612418174743652344e-01 -9.324722290039062500e-01 -1.646905730012804270e-04 -5.949312253505922854e-05 1.535693882033228874e-04 -1.000000000000000000e+00
4.730934202671051025e-01 -8.810122609138488770e-01 -1.715428807074204087e-04 -8.115580567391589284e-05 1.511313748778775334e-04 -1.000000000000000000e+00
4.730934202671051025e-01 -8.810122609138488770e-01 -1.784507767297327518e-04 -8.442388934781774879e-05 1.572173205204308033e-04 -1.000000000000000000e+00
5.777739286422729492e-01 -8.161968588829040527e-01 -1.715604303171858191e-04 -9.912314271787181497e-05 1.400270848535001278e-04 -1.000000000000000000e+00
5.777739286422729492e-01 -8.161968588829040527e-01 -1.748841750668361783e-04 -1.010435153148137033e-04 1.427399110980331898e-04 -1.000000000000000000e+00
6.736956238746643066e-01 -7.390089035034179688e-01 -1.636372617213055491e-04 -1.102417081710882485e-04 1.209293914143927395e-04 -1.000000000000000000e+00
6.736956238746643066e-01 -7.390089035034179688e-01 -1.678914268268272281e-04 -1.131077224272303283e-04 1.240732526639476418e-04 -1.000000000000000000e+00
7.594048976898193359e-01 -6.506184339523315430e-01 -1.508981804363429546e-04 -1.145928181358613074e-04 9.817713726079091430e-05 -1.000000000000000000e+00
7.594048976898193359e-01 -6.506184339523315430e-01 -1.536894269520416856e-04 -1.167125010397285223e-04 9.999317262554541230e-05 -1.000000000000000000e+00
8.336023688316345215e-01 -5.523650050163269043e-01 -1.469629205530509353e-04 -1.225086452905088663e-04 8.117717516142874956e-05 -1.000000000000000000e+00
8.336023688316345215e-01 -5.523650050163269043e-01 -1.509976573288440704e-04 -1.258720003534108400e-04 8.340582280652597547e-05 -1.000000000000000000e+00
8.951633572578430176e-01 -4.457382261753082275e-01 -1.137722429120913148e-04 -1.018447437672875822e-04 5.071263876743614674e-05 -1.000000000000000000e+00
8.951633572578430176e-01 -4.457382261753082275e-01 -1.180585895781405270e-04 -1.056817200151272118e-04 5.262322520138695836e-05 -1.000000000000000000e+00
9.431543946266174316e-01 -3.323549926280975342e-01 -8.491764310747385025e-05 -8.009044540813192725e-05 2.822280293912626803e-05 -1.000000000000000000e+00
9.431543946266174316e-01 -3.323549926280975342e-01 -8.846960554365068674e-05 -8.344050002051517367e-05 2.940331432910170406e-05 -1.000000000000000000e+00
9.768483638763427734e-01 -2.139329463243484497e-01 -1.025633609970100224e-04 -1.001888522296212614e-04 2.194168155256193131e-05 -1.000000000000000000e+00
9.768483638763427734e-01 -2.139329463243484497e-01 -1.139858286478556693e-04 -1.113468679250217974e-04 2.438532465021125972e-05 -1.000000000000000000e+00
9.957342147827148438e-01 -9.226811677217483521e-02 -1.187256784760393202e-04 -1.182192208943888545e-04 1.095459447242319584e-05 -1.000000000000000000e+00
9.957342147827148438e-01 -9.226811677217483521e-02 -1.239424454979598522e-04 -1.234137307619675994e-04 1.143593635788420215e-05 -1.000000000000000000e+00
9.995257258415222168e-01 3.079493343830108643e-02 -1.680172426858916879e-04 -1.679375563981011510e-04 -5.174079888092819601e-06 -1.000000000000000000e+00
9.995257258415222168e-01 3.079493343830108643e-02 -1.788574736565351486e-04 -1.787726505426689982e-04 -5.507904006663011387e-06 -1.000000000000000000e+00
9.881654381752014160e-01 1.533917337656021118e-01 -2.299571933690458536e-04 -2.272357523906975985e-04 -3.527353328536264598e-05 -1.000000000000000000e+00
9.881654381752014160e-01 1.533917337656021118e-01 -2.484660653863102198e-04 -2.455255889799445868e-04 -3.811264105024747550e-05 -1.000000000000000000e+00
9.618256688117980957e-01 2.736628353595733643e-01 -3.458963765297085047e-04 -3.326920268591493368e-04 -9.465899347560480237e-05 -9.999999403953552246e-01
9.618256688117980957e-01 2.736628353595733643e-01 -3.364869044162333012e-04 -3.236417542211711407e-04 -9.208397386828437448e-05 -9.999999403953552246e-01
9.209054708480834961e-01 3.897859156131744385e-01 -3.835899406112730503e-04 -3.532500995788723230e-04 -1.495179603807628155e-04 -9.999999403953552246e-01
9.209054708480834961e-01 3.897859156131744385e-01 -3.866357146762311459e-04 -3.560549812391400337e-04 -1.507051638327538967e-04 -9.999999403953552246e-01
8.660253286361694336e-01 4.999998807907104492e-01 -4.843790957238525152e-04 -4.194846260361373425e-04 -2.421895187580958009e-04 -9.999998807907104492e-01
8.660253286361694336e-01 4.999998807907104492e-01 -4.945025430060923100e-04 -4.282517766114324331e-04 -2.472512423992156982e-04 -9.999998807907104492e-01
7.980172634124755859e-01 6.026344299316406250e-01 -5.586866755038499832e-04 -4.458416369743645191e-04 -3.366838500369340181e-04 -9.999998807907104492e-01
7.980172038078308105e-01 6.026343703269958496e-01 -5.749980919063091278e-04 -4.588584415614604950e-04 -3.465136687736958265e-04 -9.999998211860656738e-01
7.179116010665893555e-01 6.961340308189392090e-01 -6.299657397903501987e-04 -4.522597882896661758e-04 -4.385406791698187590e-04 -9.999998211860656738e-01
7.179116010665893555e-01 6.961340308189392090e-01 -6.474008550867438316e-04 -4.647766472771763802e-04 -4.506778204813599586e-04 -9.999998211860656738e-01
6.269235610961914062e-01 7.790804505348205566e-01 -6.987550877965986729e-04 -4.380661412142217159e-04 -5.443865666165947914e-04 -9.999997615814208984e-01
6.269235610961914062e-01 7.790804505348205566e-01 -7.053469889797270298e-04 -4.421987687237560749e-04 -5.495221703313291073e-04 -9.999997615814208984e-01
5.264323353767395020e-01 8.502167463302612305e-01 -7.603819831274449825e-04 -4.002898058388382196e-04 -6.464896723628044128e-04 -9.999997019767761230e-01
5.264323353767395020e-01 8.502167463302612305e-01 -7.705083116888999939e-04 -4.056206380482763052e-04 -6.550992256961762905e-04 -9.999997019767761230e-01
4.179600775241851807e-01 9.084650874137878418e-01 -8.154959650710225105e-04 -3.408448537811636925e-04 -7.408498204313218594e-04 -9.999997019767761230e-01
4.179600775241851807e-01 9.084650874137878418e-01 -8.176376577466726303e-04 -3.417400002945214510e-04 -7.427954697050154209e-04 -9.999997019767761230e-01
3.031523525714874268e-01 9.529417753219604492e-01 -8.247855002991855145e-04 -2.500357513781636953e-04 -7.859728066250681877e-04 -9.999997019767761230e-01
3.031523525714874268e-01 9.529417753219604492e-01 -8.402807288803160191e-04 -2.547331387177109718e-04 -8.007388096302747726e-04 -9.999996423721313477e-01
1.837496906518936157e-01 9.829727411270141602e-01 -8.421766106039285660e-04 -1.547497522551566362e-04 -8.278370369225740433e-04 -9.999997019767761230e-01
1.837496906518936157e-01 9.829727411270141602e-01 -8.448917651548981667e-04 -1.552486501168459654e-04 -8.305058581754565239e-04 -9.999996423721313477e-01
-2.384333492955192924e-04 1.000000000000000000e+00 0.000000000000000000e+00 -1.000000000000000000e+00 -2.384333492955192924e-04 0.000000000000000000e+00
-2.452271583024412394e-04 1.000000000000000000e+00 -0.000000000000000000e+00 -1.000000000000000000e+00 -2.452271583024412394e-04 0.000000000000000000e+00
-2.545591269154101610e-04 1.000000000000000000e+00 0.000000000000000000e+00 -1.000000000000000000e+00 -2.545591269154101610e-04 0.000000000000000000e+00
-2.319350605830550194e-04 1.000000000000000000e+00 0.000000000000000000e+00 -1.000000000000000000e+00 -2.319350605830550194e-04 0.000000000000000000e+00
-2.356962213525548577e-04 1.000000000000000000e+00 0.000000000000000000e+00 -1.000000000000000000e+00 -2.356962213525548577e-04 0.000000000000000000e+00
-2.229000820079818368e-04 1.000000000000000000e+00 0.000000000000000000e+00 -1.000000000000000000e+00 -2.229000820079818368e-04 0.000000000000000000e+00
-2.202097675763070583e-04 1.000000000000000000e+00 0.000000000000000000e+00 -1.000000000000000000e+00 -2.202097675763070583e-04 0.000000000000000000e+00
-2.109714405378326774e-04 1.000000000000000000e+00 0.000000000000000000e+00 -1.000000000000000000e+00 -2.109714405378326774e-04 0.000000000000000000e+00
-2.111835638061165810e-04 1.000000000000000000e+00 0.000000000000000000e+00 -1.000000000000000000e+00 -2.111835638061165810e-04 0.000000000000000000e+00
-1.988087460631504655e-04 1.000000000000000000e+00 0.000000000000000000e+00 -1.000000000000000000e+00 -1.988087460631504655e-04 0.000000000000000000e+00
-2.004179550567641854e-04 1.000000000000000000e+00 0.000000000000000000e+00 -1.000000000000000000e+00 -2.004179550567641854e-04 0.000000000000000000e+00
-1.968264841707423329e-04 1.000000000000000000e+00 0.000000000000000000e+00 -1.000000000000000000e+00 -1.968264841707423329e-04 0.000000000000000000e+00
-1.982806279556825757e-04 1.000000000000000000e+00 0.000000000000000000e+00 -1.000000000000000000e+00 -1.982806279556825757e-04 0.000000000000000000e+00
-1.891476276796311140e-04 1.000000000000000000e+00 0.000000000000000000e+00 -1.000000000000000000e+00 -1.891476276796311140e-04 0.000000000000000000e+00
-1.912132720462977886e-04 1.000000000000000000e+00 0.000000000000000000e+00 -1.000000000000000000e+00 -1.912132720462977886e-04 0.000000000000000000e+00
-1.667211035965010524e-04 1.000000000000000000e+00 0.000000000000000000e+00 -1.000000000000000000e+00 -1.667211035965010524e-04 0.000000000000000000e+00
-1.689681375864893198e-04 1.000000000000000000e+00 0.000000000000000000e+00 -1.000000000000000000e+00 -1.689681375864893198e-04 0.000000000000000000e+00
-1.384180213790386915e-04 1.000000000000000000e+00 0.000000000000000000e+00 -1.000000000000000000e+00 -1.384180213790386915e-04 0.000000000000000000e+00
-1.390368415741249919e-04 1.000000000000000000e+00 0.000000000000000000e+00 -1.000000000000000000e+00 -1.390368415741249919e-04 0.000000000000000000e+00
-1.439288316760212183e-04 1.000000000000000000e+00 0.000000000000000000e+00 -1.000000000000000000e+00 -1.439288316760212183e-04 0.000000000000000000e+00
-1.452805736334994435e-04 1.000000000000000000e+00 0.000000000000000000e+00 -1.000000000000000000e+00 -1.452805736334994435e-04 0.000000000000000000e+00
-1.540229714009910822e-04 1.000000000000000000e+00 0.000000000000000000e+00 -1.000000000000000000e+00 -1.540229714009910822e-04 0.000000000000000000e+00
-1.382922055199742317e-04 1.000000000000000000e+00 0.000000000000000000e+00 -1.000000000000000000e+00 -1.382922055199742317e-04 0.000000000000000000e+00
-1.318129507126286626e-04 1.000000000000000000e+00 0.000000000000000000e+00 -1.000000000000000000e+00 -1.318129507126286626e-04 0.000000000000000000e+00
-1.118441141443327069e-04 1.000000000000000000e+00 0.000000000000000000e+00 -1.000000000000000000e+00 -1.118441141443327069e-04 0.000000000000000000e+00
-1.155511490651406348e-04 1.000000000000000000e+00 0.000000000000000000e+00 -1.000000000000000000e+00 -1.155511490651406348e-04 0.000000000000000000e+00
-1.024287703330628574e-04 1.000000000000000000e+00 0.000000000000000000e+00 -1.000000000000000000e+00 -1.024287703330628574e-04 0.000000000000000000e+00
-1.004011646728031337e-04 1.000000000000000000e+00 0.000000000000000000e+00 -1.000000000000000000e+00 -1.004011646728031337e-04 0.000000000000000000e+00
-7.671652565477415919e-05 1.000000000000000000e+00 0.000000000000000000e+00 -1.000000000000000000e+00 -7.671652565477415919e-05 0.000000000000000000e+00
-7.201763219200074673e-05 1.000000000000000000e+00 0.000000000000000000e+00 -1.000000000000000000e+00 -7.201763219200074673e-05 0.000000000000000000e+00
-6.329570896923542023e-05 1.000000000000000000e+00 0.000000000000000000e+00 -1.000000000000000000e+00 -6.329570896923542023e-05 0.000000000000000000e+00
-7.632738561369478703e-05 1.000000000000000000e+00 0.000000000000000000e+00 -1.000000000000000000e+00 -7.632738561369478703e-05 0.000000000000000000e+00
-6.681110244244337082e-05 1.000000000000000000e+00 0.000000000000000000e+00 -1.000000000000000000e+00 -6.681110244244337082e-05 0.000000000000000000e+00
-5.817549754283390939e-05 1.000000000000000000e+00 0.000000000000000000e+00 -1.000000000000000000e+00 -5.817549754283390939e-05 0.000000000000000000e+00
-6.369654875015839934e-05 1.000000000000000000e+00 0.000000000000000000e+00 -1.000000000000000000e+00 -6.369654875015839934e-05 0.000000000000000000e+00
-5.524673542822711170e-05 1.000000000000000000e+00 0.000000000000000000e+00 -1.000000000000000000e+00 -5.524673542822711170e-05 0.000000000000000000e+00
-5.766640242654830217e-05 1.000000000000000000e+00 0.000000000000000000e+00 -1.000000000000000000e+00 -5.766640242654830217e-05 0.000000000000000000e+00
-5.160260843695141375e-05 1.000000000000000000e+00 0.000000000000000000e+00 -1.000000000000000000e+00 -5.160260843695141375e-05 0.000000000000000000e+00
-5.742502253269776702e-05 1.000000000000000000e+00 0.000000000000000000e+00 -1.000000000000000000e+00 -5.742502253269776702e-05 0.000000000000000000e+00
-5.976276588626205921e-05 1.000000000000000000e+00 0.000000000000000000e+00 -1.000000000000000000e+00 -5.976276588626205921e-05 0.000000000000000000e+00
-7.081218791427090764e-05 1.000000000000000000e+00 0.000000000000000000e+00 -1.000000000000000000e+00 -7.081218791427090764e-05 0.000000000000000000e+00
-7.115450716810300946e-05 1.000000000000000000e+00 0.000000000000000000e+00 -1.000000000000000000e+00 -7.115450716810300946e-05 0.000000000000000000e+00
-8.741923375055193901e-05 1.000000000000000000e+00 0.000000000000000000e+00 -1.000000000000000000e+00 -8.741923375055193901e-05 0.000000000000000000e+00
-8.413498289883136749e-05 1.000000000000000000e+00 0.000000000000000000e+00 -1.000000000000000000e+00 -8.413498289883136749e-05 0.000000000000000000e+00
-8.901673572836443782e-05 1.000000000000000000e+00 0.000000000000000000e+00 -1.000000000000000000e+00 -8.901673572836443782e-05 0.000000000000000000e+00
-7.762645691400393844e-05 1.000000000000000000e+00 0.000000000000000000e+00 -1.000000000000000000e+00 -7.762645691400393844e-05 0.000000000000000000e+00
-9.136179869528859854e-05 1.000000000000000000e+00 0.000000000000000000e+00 -1.000000000000000000e+00 -9.136179869528859854e-05 0.000000000000000000e+00
-9.343621786683797836e-05 1.000000000000000000e+00 0.000000000000000000e+00 -1.000000000000000000e+00 -9.343621786683797836e-05 0.000000000000000000e+00
-1.049084166879765689e-04 1.000000000000000000e+00 0.000000000000000000e+00 -1.000000000000000000e+00 -1.049084166879765689e-04 0.000000000000000000e+00
-1.014486188068985939e-04 1.000000000000000000e+00 0.000000000000000000e+00 -1.000000000000000000e+00 -1.014486188068985939e-04 0.000000000000000000e+00
-1.026130994432605803e-04 1.000000000000000000e+00 0.000000000000000000e+00 -1.000000000000000000e+00 -1.026130994432605803e-04 0.000000000000000000e+00
-1.114769183914177120e-04 1.000000000000000000e+00 0.000000000000000000e+00 -1.000000000000000000e+00 -1.114769183914177120e-04 0.000000000000000000e+00
-1.073222301783971488e-04 1.000000000000000000e+00 0.000000000000000000e+00 -1.000000000000000000e+00 -1.073222301783971488e-04 0.000000000000000000e+00
-1.174865901703014970e-04 1.000000000000000000e+00 0.000000000000000000e+00 -1.000000000000000000e+00 -1.174865901703014970e-04 0.000000000000000000e+00
-1.115866398322395980e-04 1.000000000000000000e+00 0.000000000000000000e+00 -1.000000000000000000e+00 -1.115866398322395980e-04 0.000000000000000000e+00
-1.199106409330852330e-04 1.000000000000000000e+00 0.000000000000000000e+00 -1.000000000000000000e+00 -1.199106409330852330e-04 0.000000000000000000e+00
-1.106123381759971380e-04 1.000000000000000000e+00 0.000000000000000000e+00 -1.000000000000000000e+00 -1.106123381759971380e-04 0.000000000000000000e+00
-1.292089582420885563e-04 1.000000000000000000e+00 -0.000000000000000000e+00 -1.000000000000000000e+00 -1.292089582420885563e-04 0.000000000000000000e+00
-1.222849532496184111e-04 1.000000000000000000e+00 0.000000000000000000e+00 -1.000000000000000000e+00 -1.222849532496184111e-04 0.000000000000000000e+00
-1.313682150794193149e-04 1.000000000000000000e+00 -0.000000000000000000e+00 -1.000000000000000000e+00 -1.313682150794193149e-04 0.000000000000000000e+00
-1.289704960072413087e-04 1.000000000000000000e+00 0.000000000000000000e+00 -1.000000000000000000e+00 -1.289704960072413087e-04 0.000000000000000000e+00
-1.385409123031422496e-04 1.000000000000000000e+00 -0.000000000000000000e+00 -1.000000000000000000e+00 -1.385409123031422496e-04 0.000000000000000000e+00
-1.317427231697365642e-04 1.000000000000000000e+00 0.000000000000000000e+00 -1.000000000000000000e+00 -1.317427231697365642e-04 0.000000000000000000e+00
-1.432675926480442286e-04 1.000000000000000000e+00 -0.000000000000000000e+00 -1.000000000000000000e+00 -1.432675926480442286e-04 0.000000000000000000e+00
-1.438308245269581676e-04 1.000000000000000000e+00 0.000000000000000000e+00 -1.000000000000000000e+00 -1.438308245269581676e-04 0.000000000000000000e+00
-1.524942199466750026e-04 1.000000000000000000e+00 0.000000000000000000e+00 -1.000000000000000000e+00 -1.524942199466750026e-04 0.000000000000000000e+00
-1.686828763922676444e-04 1.000000000000000000e+00 -0.000000000000000000e+00 -1.000000000000000000e+00 -1.686828763922676444e-04 0.000000000000000000e+00
-1.649348705541342497e-04 1.000000000000000000e+00 0.000000000000000000e+00 -1.000000000000000000e+00 -1.649348705541342497e-04 0.000000000000000000e+00
-1.788501540431752801e-04 1.000000000000000000e+00 -0.000000000000000000e+00 -1.000000000000000000e+00 -1.788501540431752801e-04 0.000000000000000000e+00
-1.735865662340074778e-04 1.000000000000000000e+00 0.000000000000000000e+00 -1.000000000000000000e+00 -1.735865662340074778e-04 0.000000000000000000e+00
-1.783322804840281606e-04 1.000000000000000000e+00 -0.000000000000000000e+00 -1.000000000000000000e+00 -1.783322804840281606e-04 0.000000000000000000e+00
-1.819266617530956864e-04 1.000000000000000000e+00 0.000000000000000000e+00 -1.000000000000000000e+00 -1.819266617530956864e-04 0.000000000000000000e+00
-2.015019708778709173e-04 1.000000000000000000e+00 -0.000000000000000000e+00 -1.000000000000000000e+00 -2.015019708778709173e-04 0.000000000000000000e+00
-1.948895805981010199e-04 1.000000000000000000e+00 0.000000000000000000e+00 -1.000000000000000000e+00 -1.948895805981010199e-04 0.000000000000000000e+00
-2.128995693055912852e-04 1.000000000000000000e+00 -0.000000000000000000e+00 -1.000000000000000000e+00 -2.128995693055912852e-04 0.000000000000000000e+00
-2.094397641485556960e-04 1.000000000000000000e+00 0.000000000000000000e+00 -1.000000000000000000e+00 -2.094397641485556960e-04 0.000000000000000000e+00
-2.244800271000713110e-04 1.000000000000000000e+00 -0.000000000000000000e+00 -1.000000000000000000e+00 -2.244800271000713110e-04 0.000000000000000000e+00
-2.237515000160783529e-04 1.000000000000000000e+00 0.000000000000000000e+00 -1.000000000000000000e+00 -2.237515000160783529e-04 0.000000000000000000e+00
-2.518410037737339735e-04 1.000000000000000000e+00 -0.000000000000000000e+00 -1.000000000000000000e+00 -2.518410037737339735e-04 0.000000000000000000e+00
-2.447678125463426113e-04 1.000000000000000000e+00 0.000000000000000000e+00 -1.000000000000000000e+00 -2.447678125463426113e-04 0.000000000000000000e+00
-2.742719370871782303e-04 1.000000000000000000e+00 -0.000000000000000000e+00 -1.000000000000000000e+00 -2.742719370871782303e-04 0.000000000000000000e+00
-2.632649557199329138e-04 1.000000000000000000e+00 0.000000000000000000e+00 -1.000000000000000000e+00 -2.632649557199329138e-04 0.000000000000000000e+00
-2.623432956170290709e-04 1.000000000000000000e+00 -0.000000000000000000e+00 -1.000000000000000000e+00 -2.623432956170290709e-04 0.000000000000000000e+00
-2.710213302634656429e-04 1.000000000000000000e+00 -0.000000000000000000e+00 -1.000000000000000000e+00 -2.710213302634656429e-04 0.000000000000000000e+00
-2.685797226149588823e-04 1.000000000000000000e+00 -0.000000000000000000e+00 -1.000000000000000000e+00 -2.685797226149588823e-04 0.000000000000000000e+00
-2.784676034934818745e-04 1.000000000000000000e+00 -0.000000000000000000e+00 -1.000000000000000000e+00 -2.784676034934818745e-04 0.000000000000000000e+00
-2.768934937193989754e-04 1.000000000000000000e+00 -0.000000000000000000e+00 -1.000000000000000000e+00 -2.768934937193989754e-04 0.000000000000000000e+00
-2.790059370454400778e-04 1.000000000000000000e+00 0.000000000000000000e+00 -1.000000000000000000e+00 -2.790059370454400778e-04 0.000000000000000000e+00
-2.715538430493324995e-04 1.000000000000000000e+00 -0.000000000000000000e+00 -1.000000000000000000e+00 -2.715538430493324995e-04 0.000000000000000000e+00
-2.778400084935128689e-04 1.000000000000000000e+00 0.000000000000000000e+00 -1.000000000000000000e+00 -2.778400084935128689e-04 0.000000000000000000e+00
-2.774962049443274736e-04 1.000000000000000000e+00 -0.000000000000000000e+00 -1.000000000000000000e+00 -2.774962049443274736e-04 0.000000000000000000e+00
-2.941500861197710037e-04 1.000000000000000000e+00 0.000000000000000000e+00 -1.000000000000000000e+00 -2.941500861197710037e-04 0.000000000000000000e+00
-2.981643192470073700e-04 1.000000000000000000e+00 -0.000000000000000000e+00 -1.000000000000000000e+00 -2.981643192470073700e-04 0.000000000000000000e+00
-3.083725459873676300e-04 9.999999403953552246e-01 0.000000000000000000e+00 -9.999999403953552246e-01 -3.083725459873676300e-04 0.000000000000000000e+00
-3.150697739329189062e-04 9.999999403953552246e-01 -0.000000000000000000e+00 -9.999999403953552246e-01 -3.150697739329189062e-04 0.000000000000000000e+00
-3.138087340630590916e-04 9.999999403953552246e-01 0.000000000000000000e+00 -9.999999403953552246e-01 -3.138087340630590916e-04 0.000000000000000000e+00
-3.181360370945185423e-04 9.999999403953552246e-01 -0.000000000000000000e+00 -9.999999403953552246e-01 -3.181360370945185423e-04 0.000000000000000000e+00
-3.204679524060338736e-04 9.999999403953552246e-01 -0.000000000000000000e+00 -9.999999403953552246e-01 -3.204679524060338736e-04 0.000000000000000000e+00
-3.293288464192301035e-04 9.999999403953552246e-01 0.000000000000000000e+00 -9.999999403953552246e-01 -3.293288464192301035e-04 0.000000000000000000e+00
-3.285198472440242767e-04 9.999999403953552246e-01 -0.000000000000000000e+00 -9.999999403953552246e-01 -3.285198472440242767e-04 0.000000000000000000e+00
-3.304274869151413441e-04 9.999999403953552246e-01 0.000000000000000000e+00 -9.999999403953552246e-01 -3.304274869151413441e-04 0.000000000000000000e+00
-3.273977781645953655e-04 9.999999403953552246e-01 -0.000000000000000000e+00 -9.999999403953552246e-01 -3.273977781645953655e-04 0.000000000000000000e+00
-3.343305434100329876e-04 9.999999403953552246e-01 0.000000000000000000e+00 -9.999999403953552246e-01 -3.343305434100329876e-04 0.000000000000000000e+00
-3.125052899122238159e-04 9.999999403953552246e-01 -0.000000000000000000e+00 -9.999999403953552246e-01 -3.125052899122238159e-04 0.000000000000000000e+00
-3.318348026368767023e-04 9.999999403953552246e-01 0.000000000000000000e+00 -9.999999403953552246e-01 -3.318348026368767023e-04 0.000000000000000000e+00
-3.065833880100399256e-04 9.999999403953552246e-01 -0.000000000000000000e+00 -9.999999403953552246e-01 -3.065833880100399256e-04 0.000000000000000000e+00
-2.994750684592872858e-04 9.999999403953552246e-01 0.000000000000000000e+00 -9.999999403953552246e-01 -2.994750684592872858e-04 0.000000000000000000e+00
-2.921795239672064781e-04 1.000000000000000000e+00 -0.000000000000000000e+00 -1.000000000000000000e+00 -2.921795239672064781e-04 0.000000000000000000e+00
-2.929621841758489609e-04 1.000000000000000000e+00 0.000000000000000000e+00 -1.000000000000000000e+00 -2.929621841758489609e-04 0.000000000000000000e+00
-2.650409296620637178e-04 1.000000000000000000e+00 -0.000000000000000000e+00 -1.000000000000000000e+00 -2.650409296620637178e-04 0.000000000000000000e+00
-2.652779221534729004e-04 1.000000000000000000e+00 0.000000000000000000e+00 -1.000000000000000000e+00 -2.652779221534729004e-04 0.000000000000000000e+00
-2.672060509212315083e-04 1.000000000000000000e+00 -0.000000000000000000e+00 -1.000000000000000000e+00 -2.672060509212315083e-04 0.000000000000000000e+00
-2.629445807542651892e-04 1.000000000000000000e+00 0.000000000000000000e+00 -1.000000000000000000e+00 -2.629445807542651892e-04 0.000000000000000000e+00
