2.113118618726730347e-01 -9.774180650711059570e-01 -1.125325565226376057e-03 8.086074888706207275e-02 1.862895675003528595e-02 -9.965513348579406738e-01
-2.772347331047058105e-01 -9.607864022254943848e-01 -5.524769891053438187e-03 2.374656498432159424e-02 -1.103432849049568176e-03 -9.997174143791198730e-01
3.990403115749359131e-01 -9.169333577156066895e-01 2.373448951402679086e-04 -3.290298581123352051e-02 -1.457773149013519287e-02 -9.993522763252258301e-01
1.106850132346153259e-01 2.332208491861820221e-02 -9.935818910598754883e-01 3.587442636489868164e-02 9.989793896675109863e-01 2.744518965482711792e-02
-2.516029775142669678e-01 -9.673971533775329590e-01 -2.896011434495449066e-02 1.520544141530990601e-01 -9.960156865417957306e-03 -9.883219599723815918e-01
-2.515218257904052734e-01 -9.675433635711669922e-01 -2.442687936127185822e-02 1.535221189260482788e-01 -1.496535167098045349e-02 -9.880319237709045410e-01
-5.031501650810241699e-01 -8.634366989135742188e-01 -3.629176318645477295e-02 -7.682301849126815796e-02 8.651652932167053223e-02 -9.932840466499328613e-01
3.549495637416839600e-01 8.532536216080188751e-03 -9.348465800285339355e-01 7.131909951567649841e-03 9.999045729637145996e-01 1.183423120528459549e-02
-5.049893856048583984e-01 -8.519974350929260254e-01 -1.381528377532958984e-01 1.616691052913665771e-01 6.385993957519531250e-02 -9.847766757011413574e-01
-2.066190689802169800e-01 4.204098135232925415e-03 -9.784124493598937988e-01 7.165961712598800659e-02 9.973701834678649902e-01 -1.084736641496419907e-02
6.114721298217773438e-01 -3.144895425066351891e-03 -7.912597656250000000e-01 9.015768021345138550e-02 9.937565922737121582e-01 6.572258472442626953e-02
1.308906525373458862e-01 2.925014197826385498e-01 9.472647905349731445e-01 -9.619580507278442383e-01 -1.936430037021636963e-01 1.927150338888168335e-01
-9.929417967796325684e-01 -1.014339849352836609e-01 -6.146397069096565247e-02 7.004760205745697021e-02 -8.335074782371520996e-02 -9.940553307533264160e-01
-4.396781921386718750e-01 -8.801673054695129395e-01 -1.788535714149475098e-01 3.339133858680725098e-01 2.467245049774646759e-02 -9.422808289527893066e-01
5.011001825332641602e-01 -1.769352145493030548e-02 -8.652083873748779297e-01 4.236923903226852417e-02 9.990936517715454102e-01 4.107392393052577972e-03
-9.371690750122070312e-01 -3.089314103126525879e-01 -1.620974838733673096e-01 2.002784013748168945e-01 -9.596005827188491821e-02 -9.750283360481262207e-01
9.983347654342651367e-01 -3.932294249534606934e-02 4.220688343048095703e-02 4.357558861374855042e-02 3.462529927492141724e-02 -9.984499812126159668e-01
2.726666629314422607e-01 5.258371308445930481e-02 -9.606705307960510254e-01 -1.624570935964584351e-01 9.866840243339538574e-01 7.897474803030490875e-03
3.745833337306976318e-01 -9.259343147277832031e-01 4.830133914947509766e-02 1.478265225887298584e-01 8.212607353925704956e-03 -9.889792203903198242e-01
7.219615578651428223e-01 -6.854147911071777344e-01 9.475278854370117188e-02 1.642531454563140869e-01 3.674191236495971680e-02 -9.857336878776550293e-01
6.025953292846679688e-01 5.950610619038343430e-03 -7.980248332023620605e-01 -3.926902413368225098e-01 8.727457523345947266e-01 -2.900159358978271484e-01
4.777375757694244385e-01 -8.696074485778808594e-01 1.246985197067260742e-01 3.500089943408966064e-01 5.821865051984786987e-02 -9.349355101585388184e-01
5.807676315307617188e-01 -4.538326058536767960e-03 -8.140567541122436523e-01 -1.727200895547866821e-01 9.765309095382690430e-01 -1.286667734384536743e-01
3.848834037780761719e-01 1.304605603218078613e-02 -9.228730797767639160e-01 -1.812599003314971924e-01 9.814966320991516113e-01 -6.171950325369834900e-02
1.495603173971176147e-01 -9.885377287864685059e-01 -2.061699703335762024e-02 4.205233231186866760e-02 2.719217538833618164e-02 -9.987453818321228027e-01
2.762833535671234131e-01 5.302428081631660461e-02 -9.596124291419982910e-01 -1.609778106212615967e-01 9.869241118431091309e-01 8.186064660549163818e-03
-6.182885169982910156e-01 -7.827709317207336426e-01 -7.063298672437667847e-02 5.963879078626632690e-02 4.288378357887268066e-02 -9.972984790802001953e-01
2.450584918260574341e-01 -9.693316817283630371e-01 -1.850605569779872894e-02 6.624286621809005737e-02 3.578434884548187256e-02 -9.971616864204406738e-01
1.479641348123550415e-01 -9.887453317642211914e-01 -2.211968041956424713e-02 -4.149845801293849945e-03 2.174496278166770935e-02 -9.997549653053283691e-01
2.495967745780944824e-01 -9.679486155509948730e-01 -2.787459455430507660e-02 5.561892315745353699e-02 4.306824505329132080e-02 -9.975228309631347656e-01
7.220534682273864746e-01 -6.905331015586853027e-01 -4.245979338884353638e-02 -3.098727203905582428e-02 2.903123944997787476e-02 -9.990981221199035645e-01
9.442170262336730957e-01 3.276828825473785400e-01 -3.283688798546791077e-02 -9.445078670978546143e-02 1.739326566457748413e-01 -9.802175760269165039e-01
7.139232475310564041e-03 2.996646463871002197e-01 -9.540178775787353516e-01 -9.945567846298217773e-01 -9.704884141683578491e-02 -3.792641311883926392e-02
6.443128222599625587e-04 3.058952689170837402e-01 -9.520649909973144531e-01 -9.919187426567077637e-01 -1.205961853265762329e-01 -3.941842913627624512e-02
-7.759368978440761566e-03 3.917209208011627197e-01 -9.200513958930969238e-01 -9.793968796730041504e-01 -1.886507719755172729e-01 -7.206004112958908081e-02
-4.363239929080009460e-02 -5.318881869316101074e-01 -8.456898331642150879e-01 -9.898388981819152832e-01 -9.165322780609130859e-02 1.087139993906021118e-01
1.591934263706207275e-01 -9.870349764823913574e-01 -2.048048749566078186e-02 1.803339272737503052e-02 2.364883758127689362e-02 -9.995576739311218262e-01
2.323762029409408569e-01 -9.724011421203613281e-01 -2.091203629970550537e-02 -9.887601435184478760e-02 -2.228425815701484680e-03 -9.950972795486450195e-01
5.311119556427001953e-01 -8.468544483184814453e-01 -2.752600610256195068e-02 -3.081300854682922363e-01 -1.627800762653350830e-01 -9.373145103454589844e-01
2.661904692649841309e-01 -9.636331796646118164e-01 -2.353211678564548492e-02 7.253611087799072266e-02 4.436886683106422424e-02 -9.963784217834472656e-01
2.486031651496887207e-01 -9.684537053108215332e-01 -1.714368909597396851e-02 1.184815317392349243e-01 4.797125607728958130e-02 -9.917968511581420898e-01
3.306339085102081299e-01 -9.436089396476745605e-01 -1.683638058602809906e-02 1.635701507329940796e-01 7.486530393362045288e-02 -9.836869835853576660e-01
-3.204575926065444946e-02 9.018056392669677734e-01 4.309520423412322998e-01 -9.471918344497680664e-01 1.102407574653625488e-01 -3.011221885681152344e-01
-8.204710320569574833e-04 2.830106317996978760e-01 9.591164588928222656e-01 -9.942233562469482422e-01 1.027090251445770264e-01 -3.115729242563247681e-02
-8.550450205802917480e-03 2.326637804508209229e-01 9.725196361541748047e-01 -9.982755184173583984e-01 5.449898540973663330e-02 -2.181513234972953796e-02
2.937047043815255165e-03 2.641826272010803223e-01 9.644682407379150391e-01 -9.857752919197082520e-01 1.628384739160537720e-01 -4.160201922059059143e-02
-5.637037567794322968e-03 2.166426628828048706e-01 9.762346744537353516e-01 -9.844725131988525391e-01 1.700819730758666992e-01 -4.342861473560333252e-02
9.387132525444030762e-01 3.429857790470123291e-01 3.432628512382507324e-02 1.139875203371047974e-01 -2.148963958024978638e-01 -9.699620604515075684e-01
-7.255164533853530884e-02 -8.302562832832336426e-01 -5.526398420333862305e-01 -9.631584286689758301e-01 -8.554648607969284058e-02 2.549657523632049561e-01
-7.987808585166931152e-01 -2.056242665275931358e-03 6.016186475753784180e-01 3.022045828402042389e-02 9.985946416854858398e-01 4.353734478354454041e-02
-4.789939224720001221e-01 3.672957420349121094e-02 8.770495057106018066e-01 -4.302639514207839966e-02 9.969409704208374023e-01 -6.524899601936340332e-02
-7.176603674888610840e-01 1.878397911787033081e-02 6.961399912834167480e-01 -3.342289850115776062e-02 9.975551366806030273e-01 -6.137321516871452332e-02
-7.933942675590515137e-01 -3.570046043023467064e-03 6.086975932121276855e-01 -4.695916548371315002e-03 9.999889731407165527e-01 -2.558031119406223297e-04
-5.017163753509521484e-01 3.482472151517868042e-02 8.643309473991394043e-01 -4.904065281152725220e-02 9.964372515678405762e-01 -6.861393898725509644e-02
4.236130714416503906e-01 9.052781462669372559e-01 3.199331462383270264e-02 2.624602019786834717e-01 -8.885780721902847290e-02 -9.608428478240966797e-01
-5.176026225090026855e-01 3.008264116942882538e-02 8.550921678543090820e-01 -6.905052065849304199e-02 9.946534037590026855e-01 -7.679000496864318848e-02
-1.914570629596710205e-01 2.881354279816150665e-02 9.810779690742492676e-01 -1.460046470165252686e-01 9.876115918159484863e-01 -5.749818682670593262e-02
-8.163404464721679688e-01 -5.711959004402160645e-01 -8.557818830013275146e-02 -1.007504388689994812e-01 2.867264747619628906e-01 -9.527000188827514648e-01
-6.885317564010620117e-01 -7.239977121353149414e-01 -4.185029491782188416e-02 -1.444321870803833008e-01 1.934515982866287231e-01 -9.704204201698303223e-01
1.420319266617298126e-02 -4.663664400577545166e-01 8.844776153564453125e-01 -9.108771681785583496e-01 -3.708962500095367432e-01 -1.809386759996414185e-01
-3.087941706180572510e-01 -9.510498046875000000e-01 -1.226467732340097427e-02 -2.415685504674911499e-01 9.089332818984985352e-02 -9.661175608634948730e-01
-6.394799947738647461e-01 -7.681397795677185059e-01 -3.204171732068061829e-02 -2.453683614730834961e-01 2.434130609035491943e-01 -9.383733272552490234e-01
-3.459743559360504150e-01 -9.381471276283264160e-01 -1.348517462611198425e-02 -5.218345299363136292e-02 3.359102085232734680e-02 -9.980724453926086426e-01
-5.519341826438903809e-01 -8.338424563407897949e-01 -8.682772517204284668e-03 -2.358092218637466431e-01 1.660565435886383057e-01 -9.575067758560180664e-01
-5.592204928398132324e-01 -8.289473652839660645e-01 -1.089709345251321793e-02 -1.946792900562286377e-01 1.440879106521606445e-01 -9.702261090278625488e-01
-4.395861923694610596e-01 -8.981588482856750488e-01 -8.639081381261348724e-03 -1.512368917465209961e-01 8.349397033452987671e-02 -9.849650263786315918e-01
-4.349520206451416016e-01 -9.004507660865783691e-01 -2.299381187185645103e-03 -2.237080633640289307e-01 1.105323359370231628e-01 -9.683683514595031738e-01
-6.555457115173339844e-01 -7.544255256652832031e-01 -3.319516405463218689e-02 -2.566240131855010986e-01 2.639003396034240723e-01 -9.297853708267211914e-01
-7.950153946876525879e-01 -6.015507578849792480e-01 -7.802121341228485107e-02 -1.594770699739456177e-01 3.313775360584259033e-01 -9.299225807189941406e-01
1.440144795924425125e-02 -4.557321369647979736e-01 8.900004625320434570e-01 -9.254549741744995117e-01 -3.430849313735961914e-01 -1.607043594121932983e-01
2.268551290035247803e-02 -5.366396307945251465e-01 8.435065746307373047e-01 -9.493778944015502930e-01 -2.759839594364166260e-01 -1.500484049320220947e-01
-8.637891709804534912e-02 -8.572098016738891602e-01 -5.076712369918823242e-01 -9.325655102729797363e-01 2.488544583320617676e-01 -2.615205943584442139e-01
-6.197036504745483398e-01 -4.751050379127264023e-03 -7.848215103149414062e-01 -3.028691709041595459e-01 9.239708781242370605e-01 2.335553914308547974e-01
-2.471232786774635315e-02 -9.996871948242187500e-01 -3.854034468531608582e-03 7.963444106280803680e-03 3.658235538750886917e-03 -9.999616146087646484e-01
3.708049654960632324e-01 -1.908850371837615967e-01 -9.088820815086364746e-01 2.105982452630996704e-01 9.704378247261047363e-01 -1.178934052586555481e-01
-4.338024556636810303e-01 -9.010075330734252930e-01 -9.490826050750911236e-04 -1.386217623949050903e-01 6.778208911418914795e-02 -9.880231022834777832e-01
-7.946672290563583374e-02 9.191254973411560059e-01 3.858670890331268311e-01 -9.659668207168579102e-01 2.458496578037738800e-02 -2.574951052665710449e-01
8.456894159317016602e-01 5.336319208145141602e-01 -6.810547318309545517e-03 -8.383156359195709229e-02 1.202298030257225037e-01 -9.892002344131469727e-01
-3.509636595845222473e-02 -9.863803982734680176e-01 -1.606923937797546387e-01 -9.933310747146606445e-01 1.676004938781261444e-02 1.140721812844276428e-01
-1.261506788432598114e-02 1.907730251550674438e-01 9.815530776977539062e-01 -9.998188614845275879e-01 -1.639806851744651794e-02 -9.662722237408161163e-03
-1.299277693033218384e-02 1.154964119195938110e-01 9.932229518890380859e-01 -9.986819028854370117e-01 -5.082625150680541992e-02 -7.153884973376989365e-03
2.200251519680023193e-01 8.662225604057312012e-01 4.486061930656433105e-01 -9.170438647270202637e-01 2.687694132328033447e-02 3.978796899318695068e-01
1.781532168388366699e-01 5.680348873138427734e-01 8.034909963607788086e-01 -9.695280194282531738e-01 -3.821217641234397888e-02 2.419820278882980347e-01
-9.974341392517089844e-01 -7.118216902017593384e-02 -7.638357579708099365e-03 9.390501305460929871e-03 -2.431287616491317749e-02 -9.996603131294250488e-01
-9.491961598396301270e-01 -3.107270896434783936e-01 -4.975235834717750549e-02 4.713426157832145691e-02 1.593384891748428345e-02 -9.987614750862121582e-01
4.590990841388702393e-01 -8.883444070816040039e-01 -8.507256396114826202e-03 1.407424174249172211e-02 1.684783212840557098e-02 -9.997590184211730957e-01
4.295490384101867676e-01 1.265475153923034668e-01 -8.941327929496765137e-01 -3.264941275119781494e-01 9.449165463447570801e-01 -2.311556972563266754e-02
6.444614529609680176e-01 3.735040873289108276e-02 -7.637240886688232422e-01 1.868400909006595612e-02 9.977388381958007812e-01 6.456138938665390015e-02
-3.387736082077026367e-01 -9.366515278816223145e-01 -8.897390961647033691e-02 2.565880417823791504e-01 -9.930656524375081062e-04 -9.665203690528869629e-01
3.411012291908264160e-01 -9.400238394737243652e-01 -2.278065308928489685e-03 1.829754859209060669e-01 6.877196580171585083e-02 -9.807091355323791504e-01
3.478641211986541748e-01 -9.375396370887756348e-01 -3.169580362737178802e-03 2.068713903427124023e-01 8.005394786596298218e-02 -9.750874638557434082e-01
8.538862466812133789e-01 -3.738236427307128906e-02 -5.191155672073364258e-01 6.923894584178924561e-02 9.967107772827148438e-01 4.211545363068580627e-02
7.612797021865844727e-01 7.551178336143493652e-03 -6.483796834945678711e-01 1.008273586630821228e-01 9.863910079002380371e-01 1.298718005418777466e-01
7.481765747070312500e-01 1.221563667058944702e-01 -6.521577835083007812e-01 2.319913208484649658e-01 8.727033734321594238e-01 4.296149015426635742e-01
1.700099855661392212e-01 9.371756911277770996e-01 3.046283125877380371e-01 -9.414424300193786621e-01 6.312361359596252441e-02 3.312124013900756836e-01
8.881164789199829102e-01 -4.590579867362976074e-02 -4.573203623294830322e-01 9.563771635293960571e-02 9.916782379150390625e-01 8.618388324975967407e-02
8.776514530181884766e-01 -3.132934449240565300e-03 -4.792892038822174072e-01 1.012298464775085449e-01 9.786328077316284180e-01 1.789703071117401123e-01
9.646397829055786133e-01 -4.751097410917282104e-02 -2.592544853687286377e-01 9.310885518789291382e-02 9.816274046897888184e-01 1.665484458208084106e-01
-7.040517926216125488e-01 -6.876215934753417969e-01 -1.774475574493408203e-01 4.420901834964752197e-01 -2.288414388895034790e-01 -8.672876358032226562e-01
-9.422556161880493164e-01 -3.078272342681884766e-01 -1.318969428539276123e-01 1.730603426694869995e-01 -1.103824749588966370e-01 -9.787062406539916992e-01
-9.475895166397094727e-01 -2.949086129665374756e-01 -1.228942424058914185e-01 1.572372764348983765e-01 -9.562681615352630615e-02 -9.829201698303222656e-01
8.205190896987915039e-01 1.187799349427223206e-01 -5.591421127319335938e-01 2.055432498455047607e-01 8.514376282691955566e-01 4.824996888637542725e-01
3.298807144165039062e-01 7.024341821670532227e-01 6.306861042976379395e-01 -7.975015640258789062e-01 -1.501274853944778442e-01 5.843399167060852051e-01
-9.981656074523925781e-01 -5.836627259850502014e-02 -1.609007827937602997e-02 1.814318262040615082e-02 -3.481855988502502441e-02 -9.992289543151855469e-01
-9.888442754745483398e-01 -1.425744593143463135e-01 -4.312246292829513550e-02 5.705702304840087891e-02 -9.513775259256362915e-02 -9.938276410102844238e-01
-4.274746775627136230e-02 -9.632896780967712402e-01 -2.650390267372131348e-01 -9.924173355102539062e-01 1.034136861562728882e-02 1.224785372614860535e-01
-8.159672021865844727e-01 -3.615015745162963867e-01 4.511255323886871338e-01 -2.472466379404067993e-01 9.236163496971130371e-01 2.929198443889617920e-01
4.388096556067466736e-02 -5.547237396240234375e-01 -8.308766484260559082e-01 -9.982922673225402832e-01 7.755976170301437378e-03 -5.790082737803459167e-02
-4.699043929576873779e-01 8.672278523445129395e-01 1.646381616592407227e-01 2.275520414113998413e-01 2.992182374000549316e-01 -9.266545176506042480e-01
-1.360184401273727417e-01 -7.153986692428588867e-01 -6.853494048118591309e-01 -9.322331547737121582e-01 -1.417210549116134644e-01 3.329512774944305420e-01
1.142406910657882690e-01 -1.755226589739322662e-02 9.932980537414550781e-01 -9.512937813997268677e-02 9.950561523437500000e-01 2.852430753409862518e-02
-3.664785251021385193e-02 -5.258845090866088867e-01 -8.497660756111145020e-01 -9.856773018836975098e-01 1.590922325849533081e-01 -5.594618991017341614e-02
1.999652385711669922e-02 -5.912159681320190430e-01 -8.062653541564941406e-01 -9.909243583679199219e-01 -1.189356222748756409e-01 6.263644993305206299e-02
5.631854757666587830e-02 2.460900992155075073e-01 -9.676093459129333496e-01 -9.674112796783447266e-01 2.530819177627563477e-01 8.058797568082809448e-03
4.769593477249145508e-02 2.906709909439086914e-01 -9.556335806846618652e-01 -9.902999997138977051e-01 1.387579888105392456e-01 -7.220719009637832642e-03
4.773455113172531128e-02 2.982510924339294434e-01 -9.532931447029113770e-01 -9.907765388488769531e-01 1.353106200695037842e-01 -7.277653086930513382e-03
3.158045187592506409e-02 7.089848816394805908e-02 -9.969835281372070312e-01 -9.989827871322631836e-01 3.436222672462463379e-02 -2.920017763972282410e-02
9.483558535575866699e-01 -3.161730468273162842e-01 2.560991235077381134e-02 5.060807242989540100e-02 7.110749930143356323e-02 -9.961840510368347168e-01
5.750193446874618530e-02 3.187950849533081055e-01 -9.460778236389160156e-01 -9.827615022659301758e-01 1.848602741956710815e-01 2.559893066063523293e-03
2.869545854628086090e-02 -7.499221563339233398e-01 -6.609033942222595215e-01 -9.995343089103698730e-01 -2.839391119778156281e-02 -1.117995660752058029e-02
4.761270806193351746e-02 -8.036019206047058105e-01 -5.932596921920776367e-01 -8.958715796470642090e-01 -2.970260977745056152e-01 3.304384946823120117e-01
-6.693536043167114258e-01 7.423466444015502930e-01 2.978685870766639709e-02 -1.240984275937080383e-01 -7.218655943870544434e-02 -9.896407127380371094e-01
-3.104794919490814209e-01 9.505695700645446777e-01 4.476786591112613678e-03 -3.058083821088075638e-03 3.710683668032288551e-03 -9.999884366989135742e-01
1.298182308673858643e-01 4.552565813064575195e-01 8.808453679084777832e-01 -9.620715975761413574e-01 2.727960348129272461e-01 7.972419261932373047e-04
-2.336146309971809387e-03 1.688865274190902710e-01 9.856327772140502930e-01 -9.988550543785095215e-01 4.670254141092300415e-02 -1.036988850682973862e-02
-3.910935018211603165e-03 1.709534078836441040e-01 9.852713346481323242e-01 -9.970988035202026367e-01 7.423257082700729370e-02 -1.683789864182472229e-02
-1.905855257064104080e-03 1.631536334753036499e-01 9.865988492965698242e-01 -9.986100792884826660e-01 5.165511369705200195e-02 -1.047125179320573807e-02
-9.980100989341735840e-01 6.305426359176635742e-02 2.193015097873285413e-04 -4.155792295932769775e-03 -6.230585277080535889e-02 -9.980484843254089355e-01
-9.962570667266845703e-01 8.626639842987060547e-02 5.475878249853849411e-03 -1.251264568418264389e-02 -8.124212920665740967e-02 -9.966158866882324219e-01
-9.905485510826110840e-01 1.363854706287384033e-01 1.457980182021856308e-02 -2.269181981682777405e-02 -5.811432003974914551e-02 -9.980520009994506836e-01
-9.562164545059204102e-01 2.897902131080627441e-01 4.088668152689933777e-02 -8.414793014526367188e-02 -1.384348720312118530e-01 -9.867902398109436035e-01
-9.904520511627197266e-01 1.370022147893905640e-01 1.533377543091773987e-02 -2.331516146659851074e-02 -5.684394016861915588e-02 -9.981108307838439941e-01
8.962450623512268066e-01 1.028509959578514099e-01 4.314702153205871582e-01 -1.486797928810119629e-01 9.861300587654113770e-01 7.376886904239654541e-02
7.924897670745849609e-01 1.329533159732818604e-01 5.952171087265014648e-01 -1.987585127353668213e-01 9.789702296257019043e-01 4.596094042062759399e-02
6.130343675613403320e-01 9.383187443017959595e-02 7.844644784927368164e-01 -2.563974261283874512e-01 9.628088474273681641e-01 8.520240336656570435e-02
-9.645790457725524902e-01 2.615197002887725830e-01 3.456660360097885132e-02 -7.592211663722991943e-02 -1.497280895709991455e-01 -9.858079552650451660e-01
5.837110877037048340e-01 3.048285841941833496e-01 7.525695562362670898e-01 -6.708942651748657227e-01 7.031474113464355469e-01 2.355516403913497925e-01
-6.057413220405578613e-01 7.948388457298278809e-01 3.617784753441810608e-02 -2.282163351774215698e-01 -1.300041526556015015e-01 -9.648917913436889648e-01
-3.719981610774993896e-01 9.278114438056945801e-01 2.798794023692607880e-02 -3.041266798973083496e-01 -9.333864599466323853e-02 -9.480479359626770020e-01
-6.016941275447607040e-03 7.740520685911178589e-02 9.969815611839294434e-01 -9.999305605888366699e-01 9.637030772864818573e-03 -6.782953627407550812e-03
9.755715727806091309e-01 4.814471304416656494e-02 2.143413871526718140e-01 -7.473051548004150391e-02 9.902319312095642090e-01 1.177119016647338867e-01
-3.089194297790527344e-01 7.933696508407592773e-01 -5.245316624641418457e-01 -7.653957605361938477e-01 1.199971139430999756e-01 6.322737932205200195e-01
-1.627621352672576904e-01 8.076947331428527832e-01 -5.666900873184204102e-01 -9.646932482719421387e-01 -9.737625718116760254e-03 2.631959021091461182e-01
-2.093309350311756134e-02 9.917365312576293945e-01 1.265720576047897339e-01 -9.945721030235290527e-01 -3.356267884373664856e-02 9.848824888467788696e-02
9.851938486099243164e-01 4.793682694435119629e-02 -1.646063029766082764e-01 -2.644628472626209259e-02 9.911154508590698242e-01 1.303486824035644531e-01
9.727316498756408691e-01 2.628463320434093475e-02 -2.304392158985137939e-01 -1.985091948881745338e-03 9.944647550582885742e-01 1.050523445010185242e-01
8.226919174194335938e-01 2.666688337922096252e-02 -5.678616762161254883e-01 -7.400931417942047119e-02 9.954221844673156738e-01 -6.047608703374862671e-02
8.257512450218200684e-01 -2.343183383345603943e-02 -5.635476708412170410e-01 -1.064736768603324890e-01 9.746975898742675781e-01 -1.965401172637939453e-01
-1.173729822039604187e-01 9.011861681938171387e-01 4.172375202178955078e-01 -9.874663352966308594e-01 -6.126748770475387573e-02 -1.454530209302902222e-01
4.907085560262203217e-03 2.865273952484130859e-01 9.580594897270202637e-01 -9.999876022338867188e-01 2.205809112638235092e-03 4.462144803255796432e-03
-4.842770285904407501e-03 1.542475223541259766e-01 9.880203604698181152e-01 -9.999056458473205566e-01 1.195683144032955170e-02 -6.767699029296636581e-03
2.162339836359024048e-01 5.423482060432434082e-01 8.118506073951721191e-01 -9.507147073745727539e-01 -7.230053842067718506e-02 3.015196621417999268e-01
9.166521430015563965e-01 1.989815942943096161e-02 -3.991903066635131836e-01 4.882412403821945190e-02 9.857056140899658203e-01 1.612475663423538208e-01
8.140168786048889160e-01 2.625216729938983917e-02 -5.802477598190307617e-01 3.893227875232696533e-02 9.942655563354492188e-01 9.960082918405532837e-02
-4.275653660297393799e-01 9.036018848419189453e-01 2.629666961729526520e-02 4.119259119033813477e-02 4.853449016809463501e-02 -9.979717731475830078e-01
6.761354207992553711e-02 -9.160109162330627441e-01 -3.954142928123474121e-01 -9.680584073066711426e-01 -1.561375111341476440e-01 1.961734890937805176e-01
-4.852699935436248779e-01 -2.553676962852478027e-01 8.362418413162231445e-01 -5.637349486351013184e-01 8.224539160728454590e-01 -7.597743719816207886e-02
-1.192018240690231323e-01 -8.152703642845153809e-01 -5.666790604591369629e-01 -9.827842116355895996e-01 1.780306845903396606e-01 -4.939916729927062988e-02
-6.465322524309158325e-02 -6.902180314064025879e-01 -7.207074165344238281e-01 -9.972198605537414551e-01 1.787554472684860229e-02 7.233928143978118896e-02
-2.828334569931030273e-01 9.587475657463073730e-01 2.843276411294937134e-02 1.555934846401214600e-01 7.511070370674133301e-02 -9.849614500999450684e-01
-3.905217647552490234e-01 9.198303818702697754e-01 3.748046606779098511e-02 1.398342549800872803e-01 9.951036423444747925e-02 -9.851619601249694824e-01
-1.620496213436126709e-01 9.865440130233764648e-01 2.169983647763729095e-02 1.820340752601623535e-02 2.497539669275283813e-02 -9.995223283767700195e-01
-3.533791005611419678e-01 9.348996281623840332e-01 3.295409679412841797e-02 8.227948099374771118e-02 6.615231931209564209e-02 -9.944114089012145996e-01
-3.483554124832153320e-01 9.369947910308837891e-01 2.625341899693012238e-02 -9.218558669090270996e-02 -6.373841315507888794e-03 -9.957214593887329102e-01
-6.848861575126647949e-01 7.276295423507690430e-01 3.855141252279281616e-02 -1.514349579811096191e-01 -9.038741141557693481e-02 -9.843259453773498535e-01
-4.250895678997039795e-01 9.043922424316406250e-01 3.706154972314834595e-02 2.637617588043212891e-01 1.629356890916824341e-01 -9.507269859313964844e-01
9.112926125526428223e-01 -4.116913974285125732e-01 7.483587134629487991e-03 -1.490253508090972900e-01 -3.467061519622802734e-01 -9.260596036911010742e-01
8.640095591545104980e-01 -5.034754276275634766e-01 7.693428779020905495e-05 -2.065124958753585815e-01 -3.545335233211517334e-01 -9.119531512260437012e-01
-1.250707209110260010e-01 -9.920219779014587402e-01 1.580419950187206268e-02 -1.184744313359260559e-01 -8.822419331409037113e-04 -9.929567575454711914e-01
-7.707132101058959961e-01 -6.350027322769165039e-01 5.265605822205543518e-02 -8.524735271930694580e-02 2.086351066827774048e-02 -9.961413741111755371e-01
-4.315055608749389648e-01 -1.714114099740982056e-02 -9.019474387168884277e-01 3.310313448309898376e-02 9.988452196121215820e-01 -3.481969609856605530e-02
-4.625789225101470947e-01 1.734253764152526855e-02 -8.864085078239440918e-01 3.128024637699127197e-01 9.387047290802001953e-01 -1.448725759983062744e-01
5.198911428451538086e-01 -8.541770577430725098e-01 -9.737690910696983337e-03 -2.579948902130126953e-01 -1.461400240659713745e-01 -9.550297260284423828e-01
5.146771669387817383e-01 -8.573104143142700195e-01 -1.124052051454782486e-02 -2.740096449851989746e-01 -1.520477980375289917e-01 -9.496316313743591309e-01
5.110874176025390625e-01 -8.595147728919982910e-01 -4.896391648799180984e-03 8.363985456526279449e-03 1.066958904266357422e-02 -9.999081492424011230e-01
-9.821090698242187500e-01 -1.841941624879837036e-01 3.917059674859046936e-02 -6.879424303770065308e-02 1.573040038347244263e-01 -9.851511716842651367e-01
-4.191824235022068024e-03 -9.882199168205261230e-01 1.529831737279891968e-01 -9.923338890075683594e-01 -1.478525716811418533e-02 -1.226982995867729187e-01
-9.882788062095642090e-01 -5.235028918832540512e-03 -1.525704115629196167e-01 -3.544508945196866989e-03 9.999293088912963867e-01 -1.135014649480581284e-02
-5.930385589599609375e-01 -2.733153989538550377e-03 -8.051694631576538086e-01 9.083303809165954590e-02 9.933835864067077637e-01 -7.027409970760345459e-02
-7.021627426147460938e-01 1.016425900161266327e-02 -7.119440436363220215e-01 4.994981363415718079e-02 9.981378316879272461e-01 -3.501338511705398560e-02
-6.311224699020385742e-01 -5.848268629051744938e-04 -7.756829857826232910e-01 -1.942162215709686279e-02 9.996981024742126465e-01 1.504837907850742340e-02
-9.332880973815917969e-01 3.429643437266349792e-02 -3.574871718883514404e-01 5.058225616812705994e-02 9.980598688125610352e-01 -3.630317747592926025e-02
3.473697230219841003e-02 -9.396390914916992188e-01 -3.403993546962738037e-01 -9.607817530632019043e-01 6.236624345183372498e-02 -2.702014744281768799e-01
-9.916150569915771484e-01 -2.922056242823600769e-03 -1.291941404342651367e-01 3.778561949729919434e-03 9.986612796783447266e-01 -5.158921331167221069e-02
-9.304801225662231445e-01 5.277004465460777283e-02 3.625217676162719727e-01 -5.696909874677658081e-02 9.566895961761474609e-01 -2.854812443256378174e-01
-1.107450667768716812e-02 -5.923227667808532715e-01 8.056246638298034668e-01 -9.865308403968811035e-01 -1.250219494104385376e-01 -1.054817661643028259e-01
-1.009181025438010693e-03 -1.930530667304992676e-01 9.811878204345703125e-01 -9.999155402183532715e-01 1.291211601346731186e-02 1.512072980403900146e-03
-6.989553367020562291e-05 -1.364815086126327515e-01 9.906426668167114258e-01 -9.941563010215759277e-01 -1.069307699799537659e-01 -1.480206847190856934e-02
9.525935165584087372e-03 -7.301749587059020996e-01 6.831939220428466797e-01 -9.973101615905761719e-01 4.271854087710380554e-02 5.956188961863517761e-02
-2.361045964062213898e-02 5.111639499664306641e-01 -8.591589331626892090e-01 -9.948061108589172363e-01 -9.712731838226318359e-02 -3.044856525957584381e-02
-2.941819094121456146e-02 4.514652490615844727e-01 -8.918036222457885742e-01 -9.845227599143981934e-01 -1.672974377870559692e-01 -5.221563577651977539e-02
9.779402613639831543e-01 -7.902308553457260132e-02 -1.933604478836059570e-01 6.899170577526092529e-02 9.959248900413513184e-01 -5.808468908071517944e-02
8.040202856063842773e-01 5.695815682411193848e-01 -1.706698387861251831e-01 -3.217381238937377930e-01 1.753651499748229980e-01 -9.304470419883728027e-01
-1.975732296705245972e-02 5.903577804565429688e-01 -8.068998456001281738e-01 -9.842255711555480957e-01 1.304335147142410278e-01 1.195292174816131592e-01
3.007859550416469574e-02 7.773242592811584473e-01 -6.283807754516601562e-01 -9.906590580940246582e-01 1.068360731005668640e-01 8.473943918943405151e-02
1.790842413902282715e-01 9.734654426574707031e-01 -1.424567252397537231e-01 -9.807186126708984375e-01 1.881494969129562378e-01 5.282849073410034180e-02
7.683122754096984863e-01 -6.350178122520446777e-01 8.030366897583007812e-02 3.697682023048400879e-01 3.379362821578979492e-01 -8.654886484146118164e-01
7.921851873397827148e-01 -6.072494387626647949e-01 6.075223162770271301e-02 3.135467171669006348e-01 3.195781409740447998e-01 -8.941802382469177246e-01
9.277591705322265625e-01 -2.331265062093734741e-01 -2.914017438888549805e-01 1.589722037315368652e-01 9.533614516258239746e-01 -2.565733492374420166e-01
-7.582487910985946655e-02 9.422695636749267578e-01 -3.261575400829315186e-01 -9.969862699508666992e-01 -6.626270711421966553e-02 4.034560546278953552e-02
1.660020649433135986e-02 7.716595530509948730e-01 -6.358191967010498047e-01 -9.607217907905578613e-01 -1.638709008693695068e-01 -2.239641845226287842e-01
7.944311499595642090e-01 1.034068539738655090e-01 5.984866619110107422e-01 1.998285055160522461e-01 8.860352635383605957e-01 -4.183420240879058838e-01
-4.474485665559768677e-02 -2.004367709159851074e-01 -9.786843657493591309e-01 -9.850350618362426758e-01 1.720759123563766479e-01 9.793673641979694366e-03
1.487670540809631348e-01 7.033671736717224121e-01 -6.950849294662475586e-01 -9.607320427894592285e-01 -6.368830800056457520e-02 -2.700699269771575928e-01
1.438572257757186890e-01 7.171971797943115234e-01 -6.818602681159973145e-01 -9.641238451004028320e-01 -5.375807359814643860e-02 -2.599525749683380127e-01
1.390889883041381836e-01 7.375968098640441895e-01 -6.607611179351806641e-01 -9.587997198104858398e-01 -6.659686565399169922e-02 -2.761665582656860352e-01
4.847434163093566895e-02 1.622878164052963257e-01 -9.855521321296691895e-01 -9.987149834632873535e-01 2.248028665781021118e-02 -4.541999474167823792e-02
7.326380610466003418e-01 -1.778604835271835327e-01 -6.569681763648986816e-01 -1.164994388818740845e-01 9.182358980178833008e-01 -3.785111904144287109e-01
7.666552066802978516e-01 -6.420420408248901367e-01 -4.667974542826414108e-03 1.294518709182739258e-01 1.616898775100708008e-01 -9.783141613006591797e-01
7.087846994400024414e-01 -7.044868469238281250e-01 3.636696562170982361e-02 2.381861805915832520e-01 1.904767006635665894e-01 -9.523581266403198242e-01
5.312801003456115723e-01 -8.465396165847778320e-01 3.334842622280120850e-02 2.497110664844512939e-01 1.188588589429855347e-01 -9.609978795051574707e-01
6.119246482849121094e-01 -7.909075021743774414e-01 3.680696245282888412e-03 1.306449621915817261e-01 9.648795425891876221e-02 -9.867228865623474121e-01
3.338926434516906738e-01 -9.425994753837585449e-01 -4.683751147240400314e-03 6.182697787880897522e-02 2.685835212469100952e-02 -9.977254271507263184e-01
2.834172546863555908e-01 -9.589495658874511719e-01 9.508462622761726379e-03 1.905159056186676025e-01 4.658399522304534912e-02 -9.805782437324523926e-01
3.429386317729949951e-01 -9.393512606620788574e-01 -3.520632162690162659e-03 1.706387400627136230e-01 6.598153710365295410e-02 -9.831219911575317383e-01
4.331537187099456787e-01 -8.994135260581970215e-01 5.859359726309776306e-02 3.271256089210510254e-01 9.630066156387329102e-02 -9.400612115859985352e-01
5.793816447257995605e-01 -8.084016442298889160e-01 1.039410829544067383e-01 3.680717051029205322e-01 1.457248181104660034e-01 -9.183068871498107910e-01
8.171357512474060059e-01 -1.325109452009201050e-01 -5.610080957412719727e-01 -5.767150223255157471e-02 9.495442509651184082e-01 -3.082850873470306396e-01
8.204408884048461914e-01 -1.849370747804641724e-01 -5.409945249557495117e-01 -1.410402450710535049e-02 9.394041895866394043e-01 -3.425213992595672607e-01
3.157321810722351074e-01 -9.485074281692504883e-01 2.543257735669612885e-02 2.671015858650207520e-01 6.312721222639083862e-02 -9.615985155105590820e-01
3.279562592506408691e-01 4.731120169162750244e-02 -9.435074925422668457e-01 -2.355370670557022095e-01 9.712992906570434570e-01 -3.316615894436836243e-02
3.256657719612121582e-01 4.717951267957687378e-02 -9.443071484565734863e-01 -2.423377037048339844e-01 9.695556163787841797e-01 -3.513468056917190552e-02
9.742085337638854980e-01 2.236585617065429688e-01 -2.991035208106040955e-02 7.811510935425758362e-03 -1.659001410007476807e-01 -9.861116409301757812e-01
6.429619789123535156e-01 -7.553306818008422852e-01 1.267892271280288696e-01 3.493103981018066406e-01 1.418723762035369873e-01 -9.262043833732604980e-01
-5.450152754783630371e-01 -8.333913087844848633e-01 -9.174567461013793945e-02 -1.361096799373626709e-01 1.959207057952880859e-01 -9.711278080940246582e-01
-6.383613944053649902e-01 -7.632004022598266602e-01 -1.000999063253402710e-01 2.297935634851455688e-01 -6.484095752239227295e-02 -9.710769653320312500e-01
-5.617622137069702148e-01 -8.227710723876953125e-01 -8.643522113561630249e-02 -1.775793433189392090e-01 2.219656556844711304e-01 -9.587475657463073730e-01
-1.326199322938919067e-01 4.331102669239044189e-01 8.915309906005859375e-01 -9.512324929237365723e-01 -3.083631098270416260e-01 8.303479291498661041e-03
7.046906650066375732e-02 -5.122950673103332520e-01 8.559135198593139648e-01 -9.466437697410583496e-01 -3.048590421676635742e-01 -1.045300588011741638e-01
2.088563442230224609e-01 8.295477032661437988e-01 5.179088711738586426e-01 -9.507051706314086914e-01 4.810227453708648682e-02 3.063428103923797607e-01
-1.453039422631263733e-02 -4.253607988357543945e-01 9.049072265625000000e-01 -9.883832335472106934e-01 1.430389285087585449e-01 5.136609077453613281e-02
2.527284668758511543e-03 -4.047171771526336670e-01 9.144384264945983887e-01 -9.996280074119567871e-01 -2.585626207292079926e-02 -8.680878207087516785e-03
4.553698468953371048e-03 -4.660613238811492920e-01 8.847407102584838867e-01 -9.923689365386962891e-01 -1.111264973878860474e-01 -5.343126133084297180e-02
7.549025118350982666e-02 4.676350578665733337e-02 9.960494041442871094e-01 -9.971058368682861328e-01 -5.484395660459995270e-03 7.582780718803405762e-02
1.396507117897272110e-02 -4.912784397602081299e-01 8.708906173706054688e-01 -9.897840619087219238e-01 -1.303860694169998169e-01 -5.768055468797683716e-02
1.175239961594343185e-02 -5.281491279602050781e-01 8.490703701972961426e-01 -9.973637461662292480e-01 -6.699827313423156738e-02 -2.787008322775363922e-02
4.552555270493030548e-03 -4.978290796279907227e-01 8.672631978988647461e-01 -9.999750256538391113e-01 -6.956805475056171417e-03 1.255837501958012581e-03
-2.438910678029060364e-02 -4.895972311496734619e-01 8.716076016426086426e-01 -9.901191592216491699e-01 1.322630643844604492e-01 4.658921062946319580e-02
-1.536449417471885681e-04 -2.237963527441024780e-01 -9.746359586715698242e-01 -9.901840686798095703e-01 -1.361901760101318359e-01 3.142814338207244873e-02
1.826899871230125427e-02 -1.909003555774688721e-01 -9.814394116401672363e-01 -9.860549569129943848e-01 -1.658381223678588867e-01 1.390234939754009247e-02
-3.969432786107063293e-02 -1.672657579183578491e-01 -9.851124882698059082e-01 -9.911483526229858398e-01 1.315880864858627319e-01 1.759473420679569244e-02
7.292909026145935059e-01 2.272263616323471069e-01 6.453704833984375000e-01 -1.307296901941299438e-01 9.721421599388122559e-01 -1.945493072271347046e-01
-3.158112764358520508e-01 7.124673128128051758e-01 -6.266207695007324219e-01 -8.614816069602966309e-01 6.145730614662170410e-02 5.040559768676757812e-01
-2.023357301950454712e-01 8.133510947227478027e-01 -5.454541444778442383e-01 -9.230228662490844727e-01 2.773039042949676514e-02 3.837445378303527832e-01
7.983659207820892334e-02 5.828770995140075684e-01 -8.086287379264831543e-01 -9.756546020507812500e-01 -1.205408722162246704e-01 -1.832156479358673096e-01
5.620911344885826111e-02 7.583500146865844727e-01 -6.494195461273193359e-01 -9.902763962745666504e-01 -4.055687040090560913e-02 -1.330709159374237061e-01
-1.179673429578542709e-02 8.973525762557983398e-01 -4.411568045616149902e-01 -9.968555569648742676e-01 2.401868440210819244e-02 7.551252096891403198e-02
-8.667749911546707153e-02 6.977681517601013184e-01 -7.110602855682373047e-01 -9.863992333412170410e-01 3.994516283273696899e-02 1.594394743442535400e-01
-2.812922596931457520e-01 6.274753808975219727e-01 -7.260505557060241699e-01 -9.043878316879272461e-01 7.964127510786056519e-02 4.192135930061340332e-01
-2.214907854795455933e-01 7.631753683090209961e-01 -6.070463657379150391e-01 -9.321286678314208984e-01 1.719428598880767822e-02 3.617188334465026855e-01
-8.692438900470733643e-02 6.917632222175598145e-01 -7.168736457824707031e-01 -9.851244688034057617e-01 4.738799110054969788e-02 1.651792228221893311e-01
-3.419150039553642273e-02 4.369926154613494873e-01 -8.988150358200073242e-01 -9.723187685012817383e-01 -2.225428223609924316e-01 -7.120991498231887817e-02
-8.162761107087135315e-03 4.238553941249847412e-01 -9.056931138038635254e-01 -9.984959363937377930e-01 4.565025866031646729e-02 3.036303445696830750e-02
-6.094375625252723694e-03 3.527247011661529541e-01 -9.357073307037353516e-01 -9.997364878654479980e-01 -2.285962365567684174e-02 -2.105769468471407890e-03
-9.699920192360877991e-03 3.698933720588684082e-01 -9.290235638618469238e-01 -9.911748766899108887e-01 -1.263904720544815063e-01 -3.997387737035751343e-02
8.181944489479064941e-01 5.612429380416870117e-01 1.247571632266044617e-01 -3.491497412323951721e-02 2.650938928127288818e-01 -9.635902643203735352e-01
8.277732729911804199e-01 5.607030987739562988e-01 -2.008605562150478363e-02 -2.463157624006271362e-01 3.310075402259826660e-01 -9.109130501747131348e-01
7.789605259895324707e-01 6.240321397781372070e-01 6.168011575937271118e-02 -7.598576694726943970e-02 1.915701627731323242e-01 -9.785331487655639648e-01
7.458847761154174805e-01 6.649345159530639648e-01 -3.896151110529899597e-02 -2.775768339633941650e-01 2.571312487125396729e-01 -9.256536364555358887e-01
7.586505413055419922e-01 6.490673422813415527e-01 -5.622103437781333923e-02 -3.040035963058471680e-01 2.763587832450866699e-01 -9.117059111595153809e-01
7.263973355293273926e-01 6.869176626205444336e-01 2.215928956866264343e-02 -1.678207069635391235e-01 2.085477411746978760e-01 -9.635061621665954590e-01
5.668737888336181641e-01 8.230997323989868164e-01 3.407239541411399841e-02 -1.516483277082443237e-01 1.449154615402221680e-01 -9.777536988258361816e-01
6.027024984359741211e-01 7.979358434677124023e-01 6.938281934708356857e-03 -2.200247049331665039e-01 1.745359301567077637e-01 -9.597532749176025391e-01
5.688375234603881836e-01 8.222531080245971680e-01 1.799265481531620026e-02 -1.623730510473251343e-01 1.337227821350097656e-01 -9.776263833045959473e-01
9.614622592926025391e-01 -2.747099399566650391e-01 -1.117009390145540237e-02 4.161932691931724548e-02 1.855834424495697021e-01 -9.817467331886291504e-01
-4.111129343509674072e-01 9.061220288276672363e-01 9.964442998170852661e-02 9.806016087532043457e-02 1.526336818933486938e-01 -9.834059476852416992e-01
9.116312861442565918e-01 1.386086195707321167e-01 3.869316875934600830e-01 -8.443146944046020508e-02 9.844965338706970215e-01 -1.537463963031768799e-01
-7.088127732276916504e-01 6.817550063133239746e-01 1.810926347970962524e-01 1.196607500314712524e-01 3.692141175270080566e-01 -9.216085076332092285e-01
-5.454115271568298340e-01 8.261071443557739258e-01 1.416801065206527710e-01 1.588637530803680420e-01 2.678593695163726807e-01 -9.502703547477722168e-01
9.977872371673583984e-01 5.888940766453742981e-02 3.086497820913791656e-02 3.075265139341354370e-02 2.812957158312201500e-03 -9.995231032371520996e-01
-4.203799664974212646e-01 9.027851223945617676e-01 9.088280797004699707e-02 1.402893811464309692e-01 1.636287122964859009e-01 -9.764961004257202148e-01
-3.648007512092590332e-01 9.272528290748596191e-01 8.439585566520690918e-02 2.271914780139923096e-01 1.765501797199249268e-01 -9.577129483222961426e-01
9.814587235450744629e-01 1.916269510984420776e-01 4.238388966768980026e-03 1.663521118462085724e-02 -6.313008069992065430e-02 -9.978666901588439941e-01
8.230108618736267090e-01 -5.628277063369750977e-01 7.666899263858795166e-02 1.451815813779830933e-01 7.793685048818588257e-02 -9.863306879997253418e-01
8.660832643508911133e-01 7.736621052026748657e-02 4.938768744468688965e-01 2.536460012197494507e-02 9.798780679702758789e-01 -1.979791373014450073e-01
2.750127390027046204e-02 -1.894062906503677368e-01 -9.815136194229125977e-01 -9.861838221549987793e-01 -1.655984073877334595e-01 4.324007779359817505e-03
-7.632006406784057617e-01 6.172150969505310059e-01 1.912336647510528564e-01 5.842659249901771545e-02 3.606589138507843018e-01 -9.308660030364990234e-01
-7.257016748189926147e-02 -4.693376719951629639e-01 8.800317049026489258e-01 -9.051325917243957520e-01 4.015798270702362061e-01 1.395300924777984619e-01
-3.857485204935073853e-02 -3.874058425426483154e-01 9.211019277572631836e-01 -9.662314057350158691e-01 2.494820952415466309e-01 6.446472555398941040e-02
-8.395454287528991699e-01 5.153709650039672852e-01 1.719191074371337891e-01 6.550711393356323242e-02 4.101586937904357910e-01 -9.096585512161254883e-01
-5.377753078937530518e-02 -4.318237602710723877e-01 9.003534317016601562e-01 -9.506065845489501953e-01 2.981797754764556885e-01 8.623261749744415283e-02
-8.215225934982299805e-01 5.447139143943786621e-01 1.684859395027160645e-01 1.615220904350280762e-01 5.057252645492553711e-01 -8.474388718605041504e-01
5.884297490119934082e-01 4.888855814933776855e-01 6.440041661262512207e-01 -7.166009545326232910e-01 6.842263340950012207e-01 1.353422403335571289e-01
5.915203094482421875e-01 4.903884232044219971e-01 6.400179862976074219e-01 -7.165746688842773438e-01 6.836269497871398926e-01 1.384736895561218262e-01
1.081116870045661926e-01 -9.230583906173706055e-01 3.691546916961669922e-01 -9.573993682861328125e-01 -1.966878920793533325e-01 -2.114244997501373291e-01
3.723926097154617310e-02 -8.324536085128784180e-01 5.528420209884643555e-01 -9.856364130973815918e-01 -1.217903047800064087e-01 -1.169961839914321899e-01
-3.696103766560554504e-02 -2.232282012701034546e-01 9.740651845932006836e-01 -9.983578920364379883e-01 5.093774199485778809e-02 -2.620933391153812408e-02
-9.816790819168090820e-01 7.648097723722457886e-02 1.745194196701049805e-01 5.132892355322837830e-02 9.881963729858398438e-01 -1.443375349044799805e-01
-1.248222887516021729e-01 -9.091466069221496582e-01 3.973308503627777100e-01 -9.458843469619750977e-01 2.299383729696273804e-01 2.289785742759704590e-01
-9.649476408958435059e-02 -5.114339590072631836e-01 8.538876175880432129e-01 -9.877122044563293457e-01 1.551630496978759766e-01 -1.868326216936111450e-02
-1.386630982160568237e-01 -4.183711707592010498e-01 8.976291418075561523e-01 -9.044061899185180664e-01 4.228006601333618164e-01 5.735092237591743469e-02
-7.920889854431152344e-01 6.075225472450256348e-01 5.925804749131202698e-02 1.745652407407760620e-01 3.184787034988403320e-01 -9.317179322242736816e-01
-1.243890970945358276e-01 -4.128585755825042725e-01 9.022611379623413086e-01 -9.281294345855712891e-01 3.699561655521392822e-01 4.132994264364242554e-02
-1.059603914618492126e-01 -5.162201523780822754e-01 8.498759865760803223e-01 -9.851289987564086914e-01 1.707505136728286743e-01 -1.910842210054397583e-02
-1.193495318293571472e-01 -4.978048801422119141e-01 8.590378761291503906e-01 -9.726753234863281250e-01 2.321690320968627930e-01 -5.977153778076171875e-04
-7.287337630987167358e-02 -3.733569681644439697e-01 9.248210787773132324e-01 -9.613409042358398438e-01 2.731865346431732178e-01 3.453633934259414673e-02
-8.891488313674926758e-01 2.369096502661705017e-02 -4.570046067237854004e-01 1.873744130134582520e-01 9.299543499946594238e-01 -3.163474500179290771e-01
-9.811205267906188965e-01 1.222935412079095840e-02 -1.930104196071624756e-01 3.279133141040802002e-02 9.940677881240844727e-01 -1.037013456225395203e-01
-8.009106852114200592e-03 -3.050081729888916016e-01 9.523161053657531738e-01 -9.944334626197814941e-01 -9.762921184301376343e-02 -3.963204100728034973e-02
-6.488508544862270355e-03 -2.872670292854309082e-01 9.578285813331604004e-01 -9.982736110687255859e-01 -5.405619367957115173e-02 -2.297474630177021027e-02
-9.260429143905639648e-01 4.204916581511497498e-02 -3.750685751438140869e-01 1.086406409740447998e-01 9.814111590385437012e-01 -1.582067012786865234e-01
-9.872497916221618652e-01 -1.581636220216751099e-01 1.795134134590625763e-02 -4.016910493373870850e-02 1.384201496839523315e-01 -9.895586371421813965e-01
3.720812499523162842e-02 -7.056534886360168457e-01 7.075794935226440430e-01 -9.917679429054260254e-01 6.073888763785362244e-02 1.127257496118545532e-01
-1.247190311551094055e-02 -9.949984550476074219e-01 9.910860657691955566e-02 -9.967722892761230469e-01 2.023257873952388763e-02 7.768990099430084229e-02
-9.997591376304626465e-01 1.394797395914793015e-02 1.694708317518234253e-02 1.376750506460666656e-02 9.998477697372436523e-01 -1.071941293776035309e-02
-4.034502804279327393e-01 2.305312268435955048e-02 -9.147111177444458008e-01 9.164188802242279053e-02 9.956740736961364746e-01 -1.532675325870513916e-02
-1.153404082288034260e-05 -2.154072076082229614e-01 9.765243530273437500e-01 -9.999073743820190430e-01 -1.329237315803766251e-02 -2.943916479125618935e-03
5.846785381436347961e-03 -8.122648298740386963e-02 9.966785311698913574e-01 -9.985670447349548340e-01 -5.349461361765861511e-02 1.498204888775944710e-03
-7.313265800476074219e-01 -6.605035662651062012e-01 1.699897199869155884e-01 -3.220546543598175049e-01 1.147312819957733154e-01 -9.397433400154113770e-01
-9.857656955718994141e-01 -1.672595590353012085e-01 1.703792810440063477e-02 -3.656579554080963135e-02 1.143771260976791382e-01 -9.927642941474914551e-01
-8.520026206970214844e-01 -5.079337954521179199e-01 1.268658936023712158e-01 -1.655247509479522705e-01 3.145152702927589417e-02 -9.857040047645568848e-01
-3.562869727611541748e-01 1.924600824713706970e-02 -9.341783523559570312e-01 1.206541657447814941e-01 9.923651814460754395e-01 -2.557160891592502594e-02
-9.914155006408691406e-01 6.842619739472866058e-03 1.305700093507766724e-01 -9.086632169783115387e-03 9.926093816757202148e-01 -1.210130527615547180e-01
3.370650485157966614e-02 -8.605727553367614746e-01 5.082111358642578125e-01 -9.892939329147338867e-01 4.351461678743362427e-02 1.392986923456192017e-01
-6.596417166292667389e-03 -9.885601401329040527e-01 1.506830900907516479e-01 -9.999503493309020996e-01 7.647145539522171021e-03 6.394703872501850128e-03
1.109312009066343307e-02 2.313244342803955078e-01 -9.728134870529174805e-01 -9.969561100006103516e-01 -7.252454012632369995e-02 -2.861396782100200653e-02
3.177837701514363289e-03 1.780304908752441406e-01 -9.840198755264282227e-01 -9.919362068176269531e-01 -1.241137683391571045e-01 -2.565827034413814545e-02
9.642352461814880371e-01 2.632781565189361572e-01 3.057766892015933990e-02 -1.476683933287858963e-02 1.685499697923660278e-01 -9.855825304985046387e-01
9.598879218101501465e-01 2.785245776176452637e-01 3.223850578069686890e-02 -1.655411906540393829e-02 1.710759401321411133e-01 -9.851188063621520996e-01
5.645894408226013184e-01 -8.240405321121215820e-01 -4.686123505234718323e-02 -3.697712719440460205e-01 -2.017718553543090820e-01 -9.069495201110839844e-01
-8.022590279579162598e-01 2.786919660866260529e-02 -5.963252782821655273e-01 2.424158714711666107e-02 9.996066689491271973e-01 1.410338561981916428e-02
-5.659137368202209473e-01 3.816478326916694641e-02 -8.235807418823242188e-01 -3.958785161375999451e-02 9.965180158615112305e-01 7.338102906942367554e-02
2.505125105381011963e-02 3.177979961037635803e-02 -9.991809129714965820e-01 -9.993439316749572754e-01 2.694763801991939545e-02 -2.419824525713920593e-02
-3.354919329285621643e-02 -8.003672361373901367e-01 -5.985705852508544922e-01 -9.904261231422424316e-01 -5.361744388937950134e-02 1.272057890892028809e-01
2.296650968492031097e-02 -4.993550479412078857e-01 -8.660930395126342773e-01 -9.990241527557373047e-01 2.122922800481319427e-02 -3.873143345117568970e-02
-4.602032154798507690e-02 -8.479360938072204590e-01 -5.280971527099609375e-01 -9.871829152107238770e-01 -4.226784780621528625e-02 1.538938432931900024e-01
-1.499929279088973999e-02 -7.603109478950500488e-01 -6.493861079216003418e-01 -9.971408247947692871e-01 -3.673183172941207886e-02 6.603778898715972900e-02
2.214019186794757843e-02 -7.524878382682800293e-01 -6.582340002059936523e-01 -9.993073344230651855e-01 3.043012693524360657e-03 -3.709119558334350586e-02
4.673515632748603821e-02 -8.679925203323364258e-01 -4.943731427192687988e-01 -9.925363063812255859e-01 1.545637845993041992e-02 -1.209660395979881287e-01
-9.014270901679992676e-01 2.488182038068771362e-01 -3.542861044406890869e-01 6.017554178833961487e-02 8.824101686477661133e-01 4.666168093681335449e-01
3.092975914478302002e-02 -6.326933503150939941e-01 -7.737845778465270996e-01 -8.539332747459411621e-01 3.856104016304016113e-01 -3.494320213794708252e-01
-3.047518804669380188e-02 2.684213593602180481e-02 -9.991751313209533691e-01 -9.991772174835205078e-01 -2.758300118148326874e-02 2.973425760865211487e-02
7.443533539772033691e-01 -6.666678786277770996e-01 -3.862666338682174683e-02 -1.211420521140098572e-01 -7.792280614376068115e-02 -9.895719885826110840e-01
5.672265887260437012e-01 -8.221297264099121094e-01 -4.854721575975418091e-02 -3.687212765216827393e-01 -2.008046656847000122e-01 -9.075913429260253906e-01
9.659391045570373535e-01 -2.563334703445434570e-01 -3.542212024331092834e-02 -7.399895042181015015e-02 -1.424539983272552490e-01 -9.870314598083496094e-01
3.576162829995155334e-02 -6.742385029792785645e-01 -7.376472949981689453e-01 -9.928711056709289551e-01 6.000843644142150879e-02 -1.029851138591766357e-01
7.692583650350570679e-02 -6.892717480659484863e-01 -7.204074263572692871e-01 -9.477718472480773926e-01 1.737648993730545044e-01 -2.674589157104492188e-01
7.424706965684890747e-02 -7.589119076728820801e-01 -6.469467878341674805e-01 -9.124671816825866699e-01 2.100466787815093994e-01 -3.511184155941009521e-01
6.216135248541831970e-02 -7.301880121231079102e-01 -6.804127693176269531e-01 -8.956137299537658691e-01 2.600534260272979736e-01 -3.608992397785186768e-01
5.050018662586808205e-04 -1.362187564373016357e-01 9.906786680221557617e-01 -9.961075782775878906e-01 8.725497871637344360e-02 1.250536646693944931e-02
2.472285879775881767e-03 -2.272479683160781860e-01 9.738338589668273926e-01 -9.979793429374694824e-01 6.126948073506355286e-02 1.683105900883674622e-02
-3.794355783611536026e-03 -1.024621501564979553e-01 9.947296977043151855e-01 -9.962917566299438477e-01 8.589130640029907227e-02 5.046920385211706161e-03
2.645961567759513855e-02 2.405243068933486938e-01 -9.702824354171752930e-01 -9.969305992126464844e-01 7.789319753646850586e-02 -7.877291180193424225e-03
2.381531707942485809e-02 2.385766953229904175e-01 -9.708316326141357422e-01 -9.976537227630615234e-01 6.802157312631607056e-02 -7.757346145808696747e-03
8.543372154235839844e-02 6.540378928184509277e-01 -7.516219019889831543e-01 -9.897680282592773438e-01 1.422404050827026367e-01 1.127036754041910172e-02
-8.037275075912475586e-02 -6.592511534690856934e-01 -7.476149797439575195e-01 -9.451523423194885254e-01 -1.878187507390975952e-01 2.672287821769714355e-01
9.775668382644653320e-01 2.085735946893692017e-01 2.932866849005222321e-02 4.926842078566551208e-02 -9.105715900659561157e-02 -9.946261644363403320e-01
9.329710006713867188e-01 -3.599211871623992920e-01 4.677525721490383148e-03 5.265427753329277039e-02 1.236098483204841614e-01 -9.909330010414123535e-01
6.362358480691909790e-02 2.774218618869781494e-01 -9.586392641067504883e-01 -9.715468287467956543e-01 2.368130683898925781e-01 4.051417112350463867e-03
9.395105838775634766e-01 3.404734134674072266e-01 3.738824278116226196e-02 1.266175042837858200e-02 7.455892860889434814e-02 -9.971362352371215820e-01
2.213411480188369751e-01 9.751542210578918457e-01 9.074029512703418732e-03 -1.356789320707321167e-01 4.000815376639366150e-02 -9.899447560310363770e-01
2.519974112510681152e-01 9.675922989845275879e-01 1.620157994329929352e-02 -1.092058122158050537e-01 4.506825655698776245e-02 -9.929969310760498047e-01
2.235876172780990601e-01 9.745741486549377441e-01 1.462214440107345581e-02 1.657240465283393860e-02 1.119856815785169601e-02 -9.997999668121337891e-01
2.357323616743087769e-01 9.717922210693359375e-01 7.086782716214656830e-03 -1.188201606273651123e-01 3.605883568525314331e-02 -9.922608137130737305e-01
9.827545881271362305e-01 1.764838099479675293e-01 -5.519851669669151306e-02 -6.829690188169479370e-02 6.902285665273666382e-02 -9.952745437622070312e-01
9.647004604339599609e-01 2.559789717197418213e-01 -6.186995282769203186e-02 -1.169868484139442444e-01 2.060693651437759399e-01 -9.715191721916198730e-01
5.771207213401794434e-01 7.753960490226745605e-01 -2.563059329986572266e-01 -5.868210196495056152e-01 1.754758358001708984e-01 -7.904741764068603516e-01
5.258938670158386230e-01 6.569577008485794067e-02 8.480093479156494141e-01 4.765458405017852783e-02 9.931706786155700684e-01 -1.064945310354232788e-01
5.591626167297363281e-01 1.461614575237035751e-02 8.289291858673095703e-01 3.137419223785400391e-01 9.217547774314880371e-01 -2.278907150030136108e-01
9.092130661010742188e-01 -4.161022007465362549e-01 1.380502805113792419e-02 -2.574589103460311890e-02 -8.929006755352020264e-02 -9.956728816032409668e-01
9.407903999090194702e-02 8.888303302228450775e-03 9.955250620841979980e-01 -8.640726655721664429e-02 9.962596297264099121e-01 -7.292088703252375126e-04
2.984111905097961426e-01 5.222609266638755798e-02 9.530074596405029297e-01 -7.384262979030609131e-02 9.967722296714782715e-01 -3.150243312120437622e-02
-4.332815483212471008e-02 -4.657754302024841309e-01 -8.838416337966918945e-01 -9.989890456199645996e-01 3.081091120839118958e-02 3.273594751954078674e-02
-6.366398930549621582e-02 -4.463976919651031494e-01 -8.925670981407165527e-01 -9.854144454002380371e-01 1.695520132780075073e-01 -1.451118104159832001e-02
-1.372024863958358765e-01 -9.434000253677368164e-01 3.019467592239379883e-01 -9.890871644020080566e-01 1.470016092061996460e-01 9.856336750090122223e-03
4.400715231895446777e-02 -3.917970657348632812e-01 -9.189985990524291992e-01 -9.950587153434753418e-01 -9.914258867502212524e-02 -5.381859838962554932e-03
1.819000393152236938e-01 -4.060896039009094238e-01 -8.955465555191040039e-01 -9.055517315864562988e-01 -4.241527616977691650e-01 8.401737548410892487e-03
-9.181602597236633301e-01 1.735318601131439209e-01 -3.561861217021942139e-01 8.443419635295867920e-02 9.640315175056457520e-01 2.520201206207275391e-01
-5.936177819967269897e-02 -9.395054578781127930e-01 -3.373509943485260010e-01 -9.685313105583190918e-01 1.360359042882919312e-01 -2.084260582923889160e-01
-5.228704810142517090e-01 -8.448058366775512695e-01 -1.136202439665794373e-01 -1.386057138442993164e-01 2.157808989286422729e-01 -9.665542244911193848e-01
3.885128498077392578e-01 9.175921678543090820e-01 8.415734767913818359e-02 2.957948148250579834e-01 -3.769786655902862549e-02 -9.545073509216308594e-01
2.088730782270431519e-01 9.769583344459533691e-01 4.386927932500839233e-02 6.738580018281936646e-02 3.037406690418720245e-02 -9.972645640373229980e-01
-5.109426379203796387e-01 3.830381631851196289e-01 -7.695579528808593750e-01 4.243371188640594482e-01 8.909456133842468262e-01 1.617217808961868286e-01
5.466850101947784424e-02 -9.625065922737121582e-01 -2.656924128532409668e-01 -9.984572529792785645e-01 -5.528645217418670654e-02 -5.158551502972841263e-03
2.311158552765846252e-02 -9.335982203483581543e-01 -3.575755655765533447e-01 -9.904925823211669922e-01 -6.990019232034683228e-02 1.184836030006408691e-01
-5.307191610336303711e-02 -3.895286023616790771e-01 -9.194840192794799805e-01 -9.938042759895324707e-01 1.106489002704620361e-01 1.048651058226823807e-02
-4.976809769868850708e-02 9.843830466270446777e-01 1.688585728406906128e-01 -9.873781800270080566e-01 -2.304033935070037842e-02 -1.566957384347915649e-01
9.400963187217712402e-01 -2.233030274510383606e-02 3.401769995689392090e-01 4.602317512035369873e-02 9.970306754112243652e-01 -6.173910200595855713e-02
7.118290662765502930e-01 -1.098462566733360291e-01 6.937097311019897461e-01 -1.809553802013397217e-02 9.844980835914611816e-01 1.744596660137176514e-01
7.176004648208618164e-01 -1.081943735480308533e-01 6.879996657371520996e-01 -1.287013478577136993e-02 9.856307506561279297e-01 1.684235185384750366e-01
-2.541052699089050293e-01 9.671167731285095215e-01 1.075597945600748062e-02 -1.712701767683029175e-01 -3.404960036277770996e-02 -9.846355319023132324e-01
-2.148363441228866577e-01 9.766390919685363770e-01 4.627166781574487686e-03 2.909960225224494934e-02 1.113673578947782516e-02 -9.995144605636596680e-01
-2.079419940710067749e-01 9.781104922294616699e-01 7.746024522930383682e-03 -8.472986519336700439e-02 -1.012270431965589523e-02 -9.963525533676147461e-01
-3.107956349849700928e-01 9.504174590110778809e-01 1.061993185430765152e-02 -2.092629671096801758e-01 -5.752335116267204285e-02 -9.761660099029541016e-01
7.120887041091918945e-01 -1.006959453225135803e-01 6.948310136795043945e-01 1.674375534057617188e-01 9.854624867439270020e-01 -2.878152765333652496e-02
5.259094834327697754e-01 -1.171762570738792419e-01 8.424303531646728516e-01 1.465509925037622452e-02 9.915660619735717773e-01 1.287711858749389648e-01
6.278016567230224609e-01 7.783669829368591309e-01 3.157219616696238518e-03 -4.071289598941802979e-01 3.318266570568084717e-01 -8.509625196456909180e-01
2.635388970375061035e-01 -1.003329306840896606e-01 9.594168066978454590e-01 2.471333891153335571e-01 9.684060811996459961e-01 3.338877856731414795e-02
2.051640897989273071e-01 9.786082506179809570e-01 1.528732385486364365e-02 -1.757506281137466431e-01 5.220261588692665100e-02 -9.830496907234191895e-01
2.576330900192260742e-01 9.660961627960205078e-01 1.683644577860832214e-02 -2.144416272640228271e-01 7.415883988142013550e-02 -9.739174842834472656e-01
7.801767587661743164e-01 -2.150211632251739502e-01 5.874438285827636719e-01 3.409203588962554932e-01 9.335063695907592773e-01 -1.110821291804313660e-01
4.903739094734191895e-01 -1.088709607720375061e-01 8.646852374076843262e-01 7.169330865144729614e-02 9.938430786132812500e-01 8.447480201721191406e-02
6.437370777130126953e-01 7.652168869972229004e-01 6.772966589778661728e-03 -3.112337887287139893e-01 2.698898911476135254e-01 -9.112042188644409180e-01
6.984176039695739746e-01 7.156894207000732422e-01 1.226474414579570293e-03 -3.373913168907165527e-01 3.307593762874603271e-01 -8.813429474830627441e-01
8.119830489158630371e-01 5.836560726165771484e-01 -5.403313785791397095e-03 -2.875863909721374512e-01 3.920005857944488525e-01 -8.738590478897094727e-01
2.128231711685657501e-02 7.489596009254455566e-01 -6.622738838195800781e-01 -8.827063441276550293e-01 -2.969642579555511475e-01 -3.642001450061798096e-01
9.398108720779418945e-01 3.539728373289108276e-02 3.398568928241729736e-01 -7.541729137301445007e-03 9.965263009071350098e-01 -8.293645083904266357e-02
1.057017035782337189e-02 9.490177035331726074e-01 -3.150456249713897705e-01 -9.848244786262512207e-01 -4.470168799161911011e-02 -1.676977872848510742e-01
3.347457572817802429e-02 7.374371886253356934e-01 -6.745857000350952148e-01 -9.257034659385681152e-01 -2.315691411495208740e-01 -2.990801930427551270e-01
9.919536709785461426e-01 2.953306073322892189e-03 -1.265671849250793457e-01 1.225111447274684906e-02 9.927968382835388184e-01 1.191823184490203857e-01
2.780619449913501740e-02 7.088454365730285645e-01 -7.048156261444091797e-01 -9.113454818725585938e-01 -2.717165648937225342e-01 -3.092242181301116943e-01
-1.408340632915496826e-01 -9.895167946815490723e-01 -3.197262436151504517e-02 -9.164699912071228027e-02 4.518598690629005432e-02 -9.947658181190490723e-01
-3.008724749088287354e-02 -9.993608593940734863e-01 -1.930513046681880951e-02 2.246448770165443420e-02 1.863291859626770020e-02 -9.995740056037902832e-01
-4.366918206214904785e-01 -8.970869779586791992e-01 -6.734446436166763306e-02 -7.921992987394332886e-02 1.129159554839134216e-01 -9.904414415359497070e-01
-4.422303140163421631e-01 -8.945684432983398438e-01 -6.465035676956176758e-02 -1.037053316831588745e-01 1.225988268852233887e-01 -9.870232343673706055e-01
-4.754060134291648865e-02 -2.262974232435226440e-01 -9.728974103927612305e-01 -9.829677343368530273e-01 1.837016493082046509e-01 5.303409416228532791e-03
-3.250150755047798157e-02 -2.652567625045776367e-01 -9.636298418045043945e-01 -9.978793263435363770e-01 6.301476061344146729e-02 1.631071418523788452e-02
9.993503689765930176e-01 -2.731008268892765045e-02 -2.351668290793895721e-02 -2.400242537260055542e-02 -1.759672164916992188e-02 -9.995570778846740723e-01
9.989309906959533691e-01 4.615598544478416443e-02 -2.568976255133748055e-03 -1.011493965052068233e-03 -3.373560309410095215e-02 -9.994302988052368164e-01
9.968082308769226074e-01 -7.535176724195480347e-02 -2.637125551700592041e-02 -2.773246914148330688e-02 -1.707580126821994781e-02 -9.994695186614990234e-01
-2.209320366382598877e-01 -9.735460281372070312e-01 -5.828510224819183350e-02 -1.744902580976486206e-01 9.825421124696731567e-02 -9.797445535659790039e-01
-2.289840131998062134e-01 -9.719114899635314941e-01 -5.435434728860855103e-02 -1.817167997360229492e-01 9.753569960594177246e-02 -9.785018563270568848e-01
-2.330726385116577148e-01 -9.709069132804870605e-01 -5.492698401212692261e-02 -1.765443235635757446e-01 9.778939932584762573e-02 -9.794229865074157715e-01
8.812522888183593750e-01 -4.722950756549835205e-01 1.821406744420528412e-02 -5.902829766273498535e-02 -1.482115983963012695e-01 -9.871925115585327148e-01
1.656897366046905518e-01 9.860807061195373535e-01 1.384747680276632309e-02 3.173830732703208923e-02 8.702394552528858185e-03 -9.994583725929260254e-01
-1.620418429374694824e-01 9.865677952766418457e-01 2.065115049481391907e-02 1.739105954766273499e-02 2.377967722713947296e-02 -9.995659589767456055e-01
1.769101768732070923e-01 9.841158986091613770e-01 1.479011494666337967e-02 3.956422209739685059e-02 7.904310710728168488e-03 -9.991858005523681641e-01
8.220335841178894043e-01 5.693499445915222168e-01 1.007656939327716827e-02 -4.161123652011156082e-03 2.370113320648670197e-02 -9.997105002403259277e-01
3.255046904087066650e-01 9.453691840171813965e-01 1.799772679805755615e-02 -9.249385446310043335e-03 2.221696637570858002e-02 -9.997104406356811523e-01
1.973422430455684662e-02 -2.732535079121589661e-02 9.994317889213562012e-01 1.847182214260101318e-02 9.994658231735229492e-01 2.696154452860355377e-02
1.977532543241977692e-02 -2.565693482756614685e-02 9.994751811027526855e-01 1.843653619289398193e-02 9.995100498199462891e-01 2.529304847121238708e-02
9.215049147605895996e-01 3.883125782012939453e-01 6.489639170467853546e-03 1.270810142159461975e-03 1.369506865739822388e-02 -9.999054670333862305e-01
4.966874420642852783e-02 -7.349852919578552246e-01 -6.762615442276000977e-01 -9.655802845954895020e-01 1.377529799938201904e-01 -2.206329107284545898e-01
9.991881847381591797e-01 3.281651809811592102e-02 2.336817607283592224e-02 2.262369543313980103e-02 2.287713438272476196e-02 -9.994822740554809570e-01
7.900346070528030396e-03 1.370878070592880249e-01 -9.905274510383605957e-01 -9.936380982398986816e-01 -1.102095544338226318e-01 -2.317802608013153076e-02
3.280726820230484009e-02 -8.930855393409729004e-01 -4.486891329288482666e-01 -9.853582978248596191e-01 4.624948650598526001e-02 -1.641039848327636719e-01
-7.218609452247619629e-01 -4.637070372700691223e-02 -6.904827952384948730e-01 -3.860336840152740479e-01 8.550770282745361328e-01 3.461521565914154053e-01
1.902760751545429230e-02 -3.808847367763519287e-01 -9.244267344474792480e-01 -9.992085099220275879e-01 -3.955042734742164612e-02 -4.271178506314754486e-03
1.799364760518074036e-02 -5.547792315483093262e-01 -8.318030238151550293e-01 -9.868419766426086426e-01 -1.435543894767761230e-01 7.439754903316497803e-02
-9.653434157371520996e-01 3.086241893470287323e-02 2.591518163681030273e-01 5.107831675559282303e-03 9.950273633003234863e-01 -9.947121143341064453e-02
2.383550256490707397e-02 -2.927606105804443359e-01 -9.558886885643005371e-01 -9.995731711387634277e-01 9.180285036563873291e-03 -2.773644030094146729e-02
2.099728211760520935e-02 -8.583694696426391602e-01 -5.126020908355712891e-01 -9.996721148490905762e-01 -2.554156072437763214e-02 1.821484533138573170e-03
2.252054773271083832e-02 -8.764975666999816895e-01 -4.808793067932128906e-01 -9.948987364768981934e-01 -6.695887446403503418e-02 7.545266300439834595e-02
-9.883449077606201172e-01 1.909034885466098785e-02 1.510294675827026367e-01 2.237036824226379395e-03 9.938200712203979492e-01 -1.109810471534729004e-01
-9.847674369812011719e-01 2.047048322856426239e-02 1.726676225662231445e-01 -5.513661075383424759e-03 9.888699054718017578e-01 -1.486805528402328491e-01
-1.216653361916542053e-02 -9.428042769432067871e-01 3.331247866153717041e-01 -9.999046325683593750e-01 1.364840008318424225e-02 2.108507789671421051e-03
9.843832850456237793e-01 -1.745027154684066772e-01 -2.320286445319652557e-02 -3.246140107512474060e-02 -5.039071664214134216e-02 -9.982019066810607910e-01
-2.375111430883407593e-01 8.314662575721740723e-01 -5.022473335266113281e-01 -8.807294964790344238e-01 3.377813473343849182e-02 4.724135994911193848e-01
-1.133210808038711548e-01 6.189587116241455078e-01 -7.772055864334106445e-01 -9.532648324966430664e-01 1.527784019708633423e-01 2.606627047061920166e-01
9.845526814460754395e-01 -1.738487482070922852e-01 -2.080271951854228973e-02 -3.193056955933570862e-02 -6.145891547203063965e-02 -9.975987672805786133e-01
-3.197776898741722107e-02 -1.777418106794357300e-01 -9.835575222969055176e-01 -9.992492794990539551e-01 -1.584914512932300568e-02 3.535209968686103821e-02
-1.814594268798828125e-01 7.453284859657287598e-01 -6.415277719497680664e-01 -8.981396555900573730e-01 1.400879919528961182e-01 4.167980253696441650e-01
-3.553668409585952759e-02 1.942266672849655151e-01 -9.803127646446228027e-01 -9.902949333190917969e-01 1.250397562980651855e-01 6.067232042551040649e-02
8.894000649452209473e-01 -4.567712843418121338e-01 1.809940487146377563e-02 1.169015914201736450e-01 1.889905482530593872e-01 -9.749957323074340820e-01
6.234068870544433594e-01 1.459705084562301636e-01 -7.681513428688049316e-01 -3.626527190208435059e-01 9.243382811546325684e-01 -1.186668202280998230e-01
9.780043959617614746e-01 2.066932767629623413e-01 -2.802301757037639618e-02 -1.089050620794296265e-02 -8.356522023677825928e-02 -9.964427947998046875e-01
9.703389406204223633e-01 2.406830638647079468e-01 -2.267182059586048126e-02 2.517195418477058411e-03 -1.038366556167602539e-01 -9.945911765098571777e-01
-2.310997247695922852e-02 9.595457911491394043e-01 -2.806026339530944824e-01 -9.783510565757751465e-01 3.603241965174674988e-02 2.037914544343948364e-01
-1.001314446330070496e-01 7.571110725402832031e-01 -6.455668210983276367e-01 -9.811582565307617188e-01 3.261421620845794678e-02 1.904332637786865234e-01
-9.609037637710571289e-02 7.805314660072326660e-01 -6.176870465278625488e-01 -9.843022227287292480e-01 1.778227090835571289e-02 1.755931377410888672e-01
-4.007861018180847168e-02 4.180145859718322754e-01 -9.075558185577392578e-01 -9.991706013679504395e-01 -1.022635959088802338e-02 3.941421583294868469e-02
-6.130676344037055969e-02 7.196033000946044922e-01 -6.916737556457519531e-01 -9.917759299278259277e-01 3.408262878656387329e-02 1.233652979135513306e-01
-6.241891905665397644e-02 8.132055997848510742e-01 -5.786195397377014160e-01 -9.868817329406738281e-01 3.619844466447830200e-02 1.573345959186553955e-01
-2.611273713409900665e-02 -3.192224502563476562e-01 -9.473199844360351562e-01 -9.996511340141296387e-01 4.568753764033317566e-03 2.601568214595317841e-02
-2.691631205379962921e-03 7.206087708473205566e-01 -6.933367252349853516e-01 -9.974104762077331543e-01 -5.176435410976409912e-02 -4.992838948965072632e-02
2.904921025037765503e-02 7.491521835327148438e-01 -6.617606282234191895e-01 -9.257887005805969238e-01 -2.294796407222747803e-01 -3.004237413406372070e-01
3.137124329805374146e-02 8.581388592720031738e-01 -5.124583840370178223e-01 -9.830757975578308105e-01 -6.609506160020828247e-02 -1.708607822656631470e-01
6.622718572616577148e-01 -7.492035627365112305e-01 9.483421221375465393e-03 2.695605158805847168e-01 2.264351546764373779e-01 -9.359830617904663086e-01
-2.427817136049270630e-02 7.036873698234558105e-01 -7.100948691368103027e-01 -9.993834495544433594e-01 9.388905018568038940e-04 3.509937599301338196e-02
9.901762939989566803e-03 7.336537241935729980e-01 -6.794514060020446777e-01 -9.948801398277282715e-01 -6.111515313386917114e-02 -8.048909902572631836e-02
-2.198402211070060730e-02 7.261011004447937012e-01 -6.872364878654479980e-01 -9.990893602371215820e-01 9.187289513647556305e-03 4.166674986481666565e-02
-1.476285979151725769e-02 7.624889910221099854e-02 -9.969795346260070801e-01 -9.992762804031372070e-01 3.383471444249153137e-02 1.738454401493072510e-02
-2.402509935200214386e-02 6.890094280242919922e-02 -9.973341822624206543e-01 -9.985828995704650879e-01 -4.904099553823471069e-02 2.066717855632305145e-02
-2.295269444584846497e-02 -3.278128504753112793e-01 -9.444638490676879883e-01 -9.991502761840820312e-01 3.987167030572891235e-02 1.044268906116485596e-02
7.087888717651367188e-01 -7.053391337394714355e-01 1.072738505899906158e-02 2.520901262760162354e-01 2.390616238117218018e-01 -9.377101063728332520e-01
-2.444212697446346283e-02 -2.580025196075439453e-01 -9.658350348472595215e-01 -9.800823330879211426e-01 1.966466903686523438e-01 -2.772735059261322021e-02
-2.656469121575355530e-02 -3.073658645153045654e-01 -9.512205719947814941e-01 -9.981225132942199707e-01 -4.437831044197082520e-02 4.221438989043235779e-02
-2.203004062175750732e-02 -2.411230355501174927e-01 -9.702445268630981445e-01 -9.989486336708068848e-01 -3.371735289692878723e-02 3.106114827096462250e-02
-2.763006277382373810e-02 -2.875464558601379395e-01 -9.573680758476257324e-01 -9.990364909172058105e-01 -2.472587488591670990e-02 3.625907376408576965e-02
-2.788734436035156250e-02 -2.996318042278289795e-01 -9.536472558975219727e-01 -9.962445497512817383e-01 -6.990054249763488770e-02 5.109546333551406860e-02
9.719891548156738281e-01 2.329864501953125000e-01 -3.089345432817935944e-02 -1.454004365950822830e-02 -7.158426195383071899e-02 -9.973285794258117676e-01
3.679676679894328117e-03 5.238133668899536133e-01 -8.518251180648803711e-01 -9.972903132438659668e-01 -6.066605448722839355e-02 -4.161347076296806335e-02
3.224171232432126999e-03 5.352143645286560059e-01 -8.447101116180419922e-01 -9.974803924560546875e-01 -5.814345926046371460e-02 -4.064739122986793518e-02
1.705748960375785828e-02 4.962632954120635986e-01 -8.680045604705810547e-01 -9.933850765228271484e-01 1.070079281926155090e-01 4.165813326835632324e-02
6.574758887290954590e-02 9.185463786125183105e-01 -3.898074626922607422e-01 -9.972673058509826660e-01 7.367956638336181641e-02 5.413420498371124268e-03
-8.943223953247070312e-01 1.226231232285499573e-01 -4.302918314933776855e-01 -4.043097794055938721e-02 9.356281161308288574e-01 3.506642282009124756e-01
-2.779802381992340088e-01 -5.901677068322896957e-04 9.605866074562072754e-01 1.504751890897750854e-01 9.876273870468139648e-01 4.415218159556388855e-02
8.566358089447021484e-01 -5.148966312408447266e-01 -3.250679001212120056e-02 1.263267695903778076e-01 2.704252898693084717e-01 -9.544169902801513672e-01
5.805951356887817383e-01 -8.140536546707153320e-01 -1.503283157944679260e-02 1.506446450948715210e-01 1.255500614643096924e-01 -9.805831909179687500e-01
-7.066074013710021973e-02 9.798747301101684570e-01 -1.866886615753173828e-01 -9.903403520584106445e-01 -9.129811823368072510e-02 -1.043584942817687988e-01
5.229088068008422852e-01 -8.523740768432617188e-01 -4.990811925381422043e-03 3.508891761302947998e-01 2.205897569656372070e-01 -9.100643396377563477e-01
-5.126380920410156250e-01 8.581749200820922852e-01 -2.716708742082118988e-02 2.922697663307189941e-01 1.446636468172073364e-01 -9.453310966491699219e-01
-5.315278172492980957e-01 -4.472745582461357117e-03 8.470289707183837891e-01 -1.009240373969078064e-01 9.931969642639160156e-01 -5.808728188276290894e-02
-5.635010600090026855e-01 -6.597907282412052155e-03 8.260890245437622070e-01 -1.213216334581375122e-01 9.897869825363159180e-01 -7.485192269086837769e-02
-2.529104351997375488e-01 -4.568997304886579514e-03 9.674788713455200195e-01 7.917406037449836731e-06 9.999888539314270020e-01 4.724598489701747894e-03
5.856330320239067078e-02 -5.159416198730468750e-01 -8.546195626258850098e-01 -9.947556257247924805e-01 -1.020705923438072205e-01 -6.545260548591613770e-03
6.771206110715866089e-02 -5.071129798889160156e-01 -8.592156767845153809e-01 -9.928928613662719727e-01 -1.187309622764587402e-01 -8.171178400516510010e-03
5.669305846095085144e-02 -6.078107357025146484e-01 -7.920556068420410156e-01 -9.890489578247070312e-01 -1.424683034420013428e-01 3.853458911180496216e-02
6.470713764429092407e-02 -4.906957745552062988e-01 -8.689250349998474121e-01 -9.938224554061889648e-01 -1.103652566671371460e-01 -1.168298069387674332e-02
8.860496878623962402e-01 4.615069925785064697e-01 4.390079155564308167e-02 2.154072970151901245e-01 -3.259989023208618164e-01 -9.205023050308227539e-01
1.136500667780637741e-02 2.934357225894927979e-01 -9.559112787246704102e-01 -9.998775124549865723e-01 -6.957001518458127975e-03 -1.402331795543432236e-02
1.118587702512741089e-01 9.935904741287231445e-01 1.629721373319625854e-02 -1.506658154539763927e-03 1.656969264149665833e-02 -9.998615980148315430e-01
2.916943132877349854e-01 9.563918709754943848e-01 1.513542607426643372e-02 -1.635046452283859253e-01 6.544621288776397705e-02 -9.843693971633911133e-01
3.684691786766052246e-01 -1.473836451768875122e-01 9.178826808929443359e-01 3.909214437007904053e-01 9.203786253929138184e-01 -9.144663810729980469e-03
1.926195025444030762e-01 9.811345338821411133e-01 1.652054116129875183e-02 -3.120074234902858734e-02 2.295099943876266479e-02 -9.992496371269226074e-01
3.802605271339416504e-01 9.246415495872497559e-01 2.097507752478122711e-02 -1.014745682477951050e-01 6.425193697214126587e-02 -9.927611351013183594e-01
3.203530907630920410e-01 9.471183419227600098e-01 1.846088096499443054e-02 -9.754876792430877686e-02 5.236667394638061523e-02 -9.938520789146423340e-01
8.530250191688537598e-01 -5.214542746543884277e-01 -2.082743681967258453e-02 3.128598630428314209e-02 9.093536436557769775e-02 -9.953652620315551758e-01
-3.594701588153839111e-01 9.324644804000854492e-01 3.593485429883003235e-02 6.573756039142608643e-02 6.371785700321197510e-02 -9.958004951477050781e-01
7.026162743568420410e-01 6.097213625907897949e-01 3.668383359909057617e-01 -6.398776769638061523e-01 7.669067978858947754e-01 -4.909811913967132568e-02
-7.168174386024475098e-01 6.948073506355285645e-01 5.844309180974960327e-02 1.720588505268096924e-01 2.574883401393890381e-01 -9.508393406867980957e-01
-5.084471702575683594e-01 8.606939315795898438e-01 2.621802501380443573e-02 -4.082554280757904053e-01 -2.141417711973190308e-01 -8.873955011367797852e-01
1.239028200507164001e-02 3.801990449428558350e-01 9.248217344284057617e-01 -9.853634238243103027e-01 1.619013994932174683e-01 -5.335711687803268433e-02
2.930230200290679932e-01 5.880338549613952637e-01 7.538924217224121094e-01 -8.981536626815795898e-01 4.396383166313171387e-01 6.177887320518493652e-03
-4.336410667747259140e-03 -5.575985908508300781e-01 8.300994038581848145e-01 -9.881578087806701660e-01 -1.249333545565605164e-01 -8.908296376466751099e-02
-5.417704582214355469e-02 -5.112143158912658691e-01 8.577440381050109863e-01 -9.982696771621704102e-01 4.739474877715110779e-02 -3.480575606226921082e-02
-1.694490574300289154e-02 -5.043686628341674805e-01 8.633221983909606934e-01 -9.895470738410949707e-01 -1.152133718132972717e-01 -8.673215657472610474e-02
-2.922210283577442169e-02 -4.718303084373474121e-01 8.812050223350524902e-01 -9.963405132293701172e-01 -5.709192156791687012e-02 -6.360933184623718262e-02
-1.801432482898235321e-02 -5.074610933661460876e-02 -9.985491633415222168e-01 -9.997968077659606934e-01 -8.122681640088558197e-03 1.844962872564792633e-02
-6.938866972923278809e-01 7.194401621818542480e-01 -3.044836595654487610e-02 3.692119717597961426e-01 3.191581666469573975e-01 -8.728233575820922852e-01
-5.755220651626586914e-01 8.172667026519775391e-01 -2.914585545659065247e-02 3.868207037448883057e-01 2.406536638736724854e-01 -8.901997208595275879e-01
-8.902545571327209473e-01 4.547522962093353271e-01 -2.544169127941131592e-02 1.751333773136138916e-01 2.902190685272216797e-01 -9.407981634140014648e-01
4.484682679176330566e-01 8.934974074363708496e-01 2.321017533540725708e-02 -1.394740343093872070e-01 9.560812264680862427e-02 -9.855993986129760742e-01
4.515104889869689941e-01 8.920119404792785645e-01 2.128071710467338562e-02 -1.546180397272109985e-01 1.017080247402191162e-01 -9.827252030372619629e-01
6.576827764511108398e-01 7.527160644531250000e-01 2.952830865979194641e-02 -1.885910183191299438e-01 2.024780213832855225e-01 -9.609558582305908203e-01
6.117501854896545410e-01 7.905770540237426758e-01 2.738064527511596680e-02 -1.630225181579589844e-01 1.598660349845886230e-01 -9.735844135284423828e-01
7.116047739982604980e-01 7.017288208007812500e-01 3.457303717732429504e-02 -1.784892231225967407e-01 2.281571626663208008e-01 -9.571238160133361816e-01
-9.910320639610290527e-01 1.335179507732391357e-01 -5.337369162589311600e-03 2.000037953257560730e-02 1.087221503257751465e-01 -9.938709735870361328e-01
7.790264487266540527e-01 6.257994771003723145e-01 3.863783180713653564e-02 -1.328952461481094360e-01 2.250304669141769409e-01 -9.652461409568786621e-01
-8.652355670928955078e-01 2.613238804042339325e-02 5.006841421127319336e-01 4.822285473346710205e-02 9.983483552932739258e-01 3.122708201408386230e-02
-7.570024728775024414e-01 1.738145016133785248e-02 6.531807780265808105e-01 -2.511793375015258789e-02 9.981331825256347656e-01 -5.567117780447006226e-02
-9.133160114288330078e-01 4.065622985363006592e-01 -2.368360199034214020e-02 -2.846674062311649323e-02 -1.217449009418487549e-01 -9.921531081199645996e-01
-7.452758550643920898e-01 8.928447030484676361e-03 6.666965484619140625e-01 9.166164696216583252e-02 9.917886257171630859e-01 8.918312191963195801e-02
-8.552429080009460449e-01 1.888472586870193481e-02 5.178832411766052246e-01 -1.030910536646842957e-01 9.731629490852355957e-01 -2.057332545518875122e-01
4.026554059237241745e-03 4.164999425411224365e-01 -9.091268777847290039e-01 -9.832892417907714844e-01 -1.638197600841522217e-01 -7.940605282783508301e-02
2.476038644090294838e-03 4.557878375053405762e-01 -8.900850415229797363e-01 -9.914171695709228516e-01 -1.152277439832687378e-01 -6.176284700632095337e-02
4.091014619916677475e-03 4.157840609550476074e-01 -9.094541668891906738e-01 -9.822818040847778320e-01 -1.687320917844772339e-01 -8.155951648950576782e-02
-1.778617687523365021e-02 -5.830963253974914551e-01 8.122082948684692383e-01 -9.980012178421020508e-01 -3.891421481966972351e-02 -4.979186132550239563e-02
-4.825465381145477295e-03 -4.198923707008361816e-01 9.075610637664794922e-01 -9.962760210037231445e-01 8.014920353889465332e-02 3.178468346595764160e-02
7.769503165036439896e-03 -7.308567166328430176e-01 6.824866533279418945e-01 -9.974216222763061523e-01 4.302905499935150146e-02 5.743342638015747070e-02
-2.953534713014960289e-03 -2.765871286392211914e-01 9.609843492507934570e-01 -9.971598386764526367e-01 7.313603907823562622e-02 1.798503845930099487e-02
-9.652258753776550293e-01 2.611297070980072021e-01 -1.225947216153144836e-02 5.621313303709030151e-02 1.615271568298339844e-01 -9.852659702301025391e-01
-1.030817278660833836e-03 -2.035455703735351562e-01 9.790649414062500000e-01 -9.996100068092346191e-01 2.753232419490814209e-02 4.671464208513498306e-03
3.997974842786788940e-02 -6.167907714843750000e-01 -7.861112356185913086e-01 -9.960932731628417969e-01 -8.659902960062026978e-02 1.728753745555877686e-02
-3.152054734528064728e-03 -7.519725710153579712e-02 9.971637129783630371e-01 -9.983208179473876953e-01 5.791500583291053772e-02 1.211724127642810345e-03
-4.328570328652858734e-03 -3.447338938713073730e-01 9.386904835700988770e-01 -9.791864156723022461e-01 1.919410079717636108e-01 6.597498804330825806e-02
3.427068591117858887e-01 -9.389383792877197266e-01 3.076970018446445465e-02 1.759890913963317871e-01 3.199274465441703796e-02 -9.838721156120300293e-01
-1.662095785140991211e-01 -9.860594272613525391e-01 7.825868204236030579e-03 -4.054987058043479919e-02 -1.094915089197456837e-03 -9.991769194602966309e-01
-3.189887404441833496e-01 -9.475108385086059570e-01 2.166659757494926453e-02 -1.799319088459014893e-01 3.809904307126998901e-02 -9.829410314559936523e-01
-1.727470159530639648e-01 -9.848787188529968262e-01 1.313144434243440628e-02 -7.519329339265823364e-02 -1.064632160705514252e-04 -9.971690177917480469e-01
-2.397950440645217896e-01 -9.707580804824829102e-01 1.127847190946340561e-02 -8.412031084299087524e-02 9.202719666063785553e-03 -9.964131116867065430e-01
-9.673686623573303223e-01 -2.527724504470825195e-01 -1.743482425808906555e-02 5.435589700937271118e-04 6.674035638570785522e-02 -9.977702498435974121e-01
-9.594374895095825195e-01 -2.816285789012908936e-01 -1.284897793084383011e-02 1.652488857507705688e-02 -1.068111695349216461e-02 -9.998064041137695312e-01
-9.759730100631713867e-01 -2.126410603523254395e-01 -4.754459112882614136e-02 4.967046901583671570e-02 -4.663486965000629425e-03 -9.987547993659973145e-01
-9.732429981231689453e-01 -2.257980257272720337e-01 -4.258437082171440125e-02 4.377596080303192139e-02 -2.705650695133954287e-04 -9.990413784980773926e-01
-8.130222558975219727e-01 -5.787374973297119141e-01 -6.370001286268234253e-02 6.253503262996673584e-02 2.197464182972908020e-02 -9.978008866310119629e-01
-7.397527098655700684e-01 -6.714745163917541504e-01 -4.345107823610305786e-02 7.998138666152954102e-02 -2.362969890236854553e-02 -9.965162277221679688e-01
-9.572046399116516113e-01 -2.893872261047363281e-01 -3.778352402150630951e-03 5.642702803015708923e-03 -5.608364474028348923e-03 -9.999683499336242676e-01
-7.842682600021362305e-01 -6.180055141448974609e-01 5.470377579331398010e-02 -1.040178164839744568e-01 4.405177012085914612e-02 -9.935994148254394531e-01
-5.680310726165771484e-01 -8.173220753669738770e-01 -9.656779468059539795e-02 1.190375685691833496e-01 3.451050445437431335e-02 -9.922898411750793457e-01
-7.953497171401977539e-01 -6.035943031311035156e-01 5.561327189207077026e-02 -5.475778132677078247e-02 -1.982672885060310364e-02 -9.983028769493103027e-01
-8.154928088188171387e-01 -5.753653049468994141e-01 6.265956908464431763e-02 -7.105332612991333008e-02 -7.918026298284530640e-03 -9.974411129951477051e-01
8.190782666206359863e-01 -5.735573768615722656e-01 1.194871496409177780e-02 1.301311701536178589e-02 -2.247225493192672729e-03 -9.999127984046936035e-01
-9.952259063720703125e-01 -9.633408486843109131e-02 -1.566107012331485748e-02 1.590833067893981934e-02 -1.799143268726766109e-03 -9.998718500137329102e-01
-9.503309726715087891e-01 -2.932503521442413330e-01 -1.042845249176025391e-01 1.259827911853790283e-01 -5.605104565620422363e-02 -9.904477000236511230e-01
-9.722185730934143066e-01 -2.044889926910400391e-01 -1.139094382524490356e-01 1.274045556783676147e-01 -5.404568836092948914e-02 -9.903773069381713867e-01
-9.695577025413513184e-01 -2.213598042726516724e-01 -1.046792641282081604e-01 1.099429950118064880e-01 -1.155770104378461838e-02 -9.938707351684570312e-01
-9.926349520683288574e-01 -1.148604303598403931e-01 -3.850987181067466736e-02 4.271333664655685425e-02 -3.436156734824180603e-02 -9.984962940216064453e-01
-1.288568377494812012e-01 -9.916497468948364258e-01 5.171216093003749847e-03 -6.008253619074821472e-02 2.601916436105966568e-03 -9.981900453567504883e-01
-1.168140545487403870e-01 5.549205234274268150e-04 -9.931536912918090820e-01 1.767640747129917145e-02 9.998426437377929688e-01 -1.520428922958672047e-03
-9.994609355926513672e-01 -3.036580421030521393e-02 -1.248418167233467102e-02 1.292428094893693924e-02 -1.434036158025264740e-02 -9.998136758804321289e-01
7.561177015304565430e-01 3.320156782865524292e-02 -6.535929441452026367e-01 7.510896027088165283e-02 9.877104163169860840e-01 1.370650380849838257e-01
9.496807120740413666e-03 9.741190075874328613e-02 9.951989054679870605e-01 -9.976337552070617676e-01 -6.685001403093338013e-02 1.606344431638717651e-02
-9.978602528572082520e-01 -5.920284241437911987e-02 -2.774900943040847778e-02 3.080600127577781677e-02 -5.136392265558242798e-02 -9.982047677040100098e-01
-9.914848208427429199e-01 -1.149546876549720764e-01 -6.118235737085342407e-02 7.131993025541305542e-02 -8.624831587076187134e-02 -9.937176108360290527e-01
-9.976637959480285645e-01 -6.225972622632980347e-02 -2.811896242201328278e-02 2.974172867834568024e-02 -2.529281936585903168e-02 -9.992375373840332031e-01
-9.985996484756469727e-01 -4.913954436779022217e-02 -1.959849335253238678e-02 2.049362286925315857e-02 -1.777888648211956024e-02 -9.996319413185119629e-01
-9.894230961799621582e-01 -1.273200213909149170e-01 -6.951007992029190063e-02 7.689525932073593140e-02 -5.403323471546173096e-02 -9.955739974975585938e-01
-9.927549362182617188e-01 -1.073198691010475159e-01 -5.403859540820121765e-02 5.567115172743797302e-02 -1.227269321680068970e-02 -9.983737468719482422e-01
-5.726090669631958008e-01 -7.887535691261291504e-01 -2.235772609710693359e-01 3.803730309009552002e-01 -1.401838753372430801e-02 -9.247269630432128906e-01
-9.740139842033386230e-01 -1.983161121606826782e-01 -1.093959957361221313e-01 1.231743395328521729e-01 -5.848898738622665405e-02 -9.906599521636962891e-01
-9.725667834281921387e-01 -2.037155032157897949e-01 -1.123121380805969238e-01 1.213163137435913086e-01 -3.222321718931198120e-02 -9.920907616615295410e-01
-9.419040679931640625e-01 -2.962847352027893066e-01 -1.582158356904983521e-01 1.999705135822296143e-01 -1.161948740482330322e-01 -9.728877544403076172e-01
4.798324033617973328e-02 6.700084079056978226e-03 -9.988256692886352539e-01 -9.988445639610290527e-01 -2.350152703002095222e-03 -4.799991473555564880e-02
9.957070350646972656e-01 9.153875708580017090e-02 1.371867582201957703e-02 1.329323463141918182e-02 5.255774129182100296e-03 -9.998978376388549805e-01
9.978950023651123047e-01 -5.668989568948745728e-02 3.149311989545822144e-02 3.187513351440429688e-02 5.846877116709947586e-03 -9.994747638702392578e-01
4.552672058343887329e-02 2.071740478277206421e-01 -9.772441983222961426e-01 -9.972067475318908691e-01 6.740944087505340576e-02 -3.216603025794029236e-02
9.289304018020629883e-01 -3.683091402053833008e-01 3.790471702814102173e-02 3.365504369139671326e-02 -1.795756816864013672e-02 -9.992721676826477051e-01
5.378328263759613037e-02 6.063313037157058716e-02 -9.967101216316223145e-01 -9.984044432640075684e-01 2.046558260917663574e-02 -5.262971296906471252e-02
9.887949824333190918e-01 -1.407660543918609619e-01 4.969361796975135803e-02 6.283130496740341187e-02 9.047684073448181152e-02 -9.939146041870117188e-01
9.031195640563964844e-01 -4.280090332031250000e-01 3.439917787909507751e-02 6.357097625732421875e-02 5.404786393046379089e-02 -9.965127110481262207e-01
9.358586072921752930e-01 -3.523647487163543701e-01 -2.780630718916654587e-03 1.007565762847661972e-02 3.464651107788085938e-02 -9.993488788604736328e-01
6.467601750046014786e-03 2.140099704265594482e-01 -9.768100976943969727e-01 -9.992113113403320312e-01 -3.688834607601165771e-02 -1.469781715422868729e-02
7.666568160057067871e-01 -6.416186690330505371e-01 -2.372567541897296906e-02 -1.214803159236907959e-01 -1.086709573864936829e-01 -9.866272211074829102e-01
3.508668839931488037e-01 -9.356988072395324707e-01 -3.688037395477294922e-02 5.443788319826126099e-02 5.969897285103797913e-02 -9.967309832572937012e-01
3.444057106971740723e-01 -9.377982020378112793e-01 -4.381024464964866638e-02 -1.032839156687259674e-02 4.287751391530036926e-02 -9.990269541740417480e-01
3.494130373001098633e-01 -9.359121918678283691e-01 -4.448421671986579895e-02 -7.213863544166088104e-03 4.478818178176879883e-02 -9.989705085754394531e-01
3.554823696613311768e-01 -9.337385296821594238e-01 -4.200823605060577393e-02 6.524280179291963577e-03 4.742157086730003357e-02 -9.988536834716796875e-01
4.306770265102386475e-01 -9.015358686447143555e-01 -4.183795675635337830e-02 4.811186809092760086e-03 4.865031316876411438e-02 -9.988043308258056641e-01
2.340570837259292603e-01 -9.713650941848754883e-01 -4.083026945590972900e-02 -8.633936196565628052e-02 2.106351777911186218e-02 -9.960431456565856934e-01
3.504086136817932129e-01 -9.357793927192687988e-01 -3.912546858191490173e-02 1.086683664470911026e-02 4.583331942558288574e-02 -9.988899827003479004e-01
2.723556756973266602e-01 -9.613800048828125000e-01 -3.963566198945045471e-02 -1.728807389736175537e-02 3.629690036177635193e-02 -9.991915225982666016e-01
9.642419219017028809e-01 -2.633246481418609619e-01 2.996206283569335938e-02 4.429953917860984802e-02 4.867897927761077881e-02 -9.978316426277160645e-01
1.346745938062667847e-01 -9.906324744224548340e-01 -2.258574590086936951e-02 -1.902813091874122620e-02 2.020369656383991241e-02 -9.996148347854614258e-01
9.401582926511764526e-02 -9.952185153961181641e-01 -2.647851407527923584e-02 -5.099090933799743652e-02 2.174783125519752502e-02 -9.984623193740844727e-01
6.825453639030456543e-01 -7.299014925956726074e-01 -3.709092363715171814e-02 -9.448903053998947144e-02 -3.780607879161834717e-02 -9.948077797889709473e-01
7.711700201034545898e-01 -6.352853178977966309e-01 -4.134466499090194702e-02 -7.282213866710662842e-02 -2.350882440805435181e-02 -9.970678687095642090e-01
7.401566952466964722e-02 -9.972220659255981445e-01 -8.361691609025001526e-03 -1.572797261178493500e-02 7.216370198875665665e-03 -9.998502731323242188e-01
7.433872818946838379e-01 -6.670923829078674316e-01 -4.861229285597801208e-02 -8.879245072603225708e-02 -2.638897486031055450e-02 -9.957005381584167480e-01
-7.044218778610229492e-01 -7.076911926269531250e-01 5.443339049816131592e-02 -1.521102525293827057e-02 -6.162102892994880676e-02 -9.979836940765380859e-01
-9.929434061050415039e-01 -1.184530258178710938e-01 5.684457253664731979e-03 -6.887635681778192520e-03 9.750539436936378479e-03 -9.999287724494934082e-01
-9.931452870368957520e-01 -1.168082058429718018e-01 -4.284630529582500458e-03 2.951473928987979889e-03 1.158379483968019485e-02 -9.999285936355590820e-01
-9.958183169364929199e-01 -9.106992185115814209e-02 -7.228491827845573425e-03 7.354681845754384995e-03 -1.050122315064072609e-03 -9.999724626541137695e-01
-9.905322194099426270e-01 -1.370853483676910400e-01 -7.317360956221818924e-03 3.466278081759810448e-03 2.831028029322624207e-02 -9.995931982994079590e-01
-9.987224340438842773e-01 -4.893736913800239563e-02 -1.259969267994165421e-02 1.283407583832740784e-02 -4.478147253394126892e-03 -9.999076724052429199e-01
9.625900387763977051e-01 2.696907818317413330e-01 -2.621684968471527100e-02 -2.313694357872009277e-02 -1.459318585693836212e-02 -9.996258020401000977e-01
1.896544918417930603e-02 2.568880915641784668e-01 -9.662550687789916992e-01 -9.996891021728515625e-01 -1.077524945139884949e-02 -2.248638682067394257e-02
9.977954030036926270e-01 6.155089288949966431e-02 -2.481839619576931000e-02 -2.575465291738510132e-02 1.446457020938396454e-02 -9.995636940002441406e-01
9.768642187118530273e-01 2.115105539560317993e-01 -3.161653876304626465e-02 -4.571074992418289185e-02 6.208084151148796082e-02 -9.970238208770751953e-01
-4.089778289198875427e-03 3.359137044753879309e-04 -9.999915957450866699e-01 -9.999916553497314453e-01 -2.734799345489591360e-04 4.089686088263988495e-03
9.977388978004455566e-01 6.349588930606842041e-02 -2.203321270644664764e-02 -2.126259915530681610e-02 -1.278677955269813538e-02 -9.996922016143798828e-01
9.999989867210388184e-01 -1.355203567072749138e-03 -5.317860050126910210e-04 -5.326362443156540394e-04 -6.270693847909569740e-04 -9.999997019767761230e-01
1.439816597849130630e-02 5.474013462662696838e-02 -9.983968734741210938e-01 -9.998126029968261719e-01 1.370725966989994049e-02 -1.366703864187002182e-02
1.272107101976871490e-02 6.458117067813873291e-02 -9.978314042091369629e-01 -9.996551871299743652e-01 2.374820783734321594e-02 -1.120730116963386536e-02
8.362515829503536224e-03 -1.035604043863713741e-03 -9.999645352363586426e-01 -9.999649524688720703e-01 4.219585680402815342e-04 -8.362955413758754730e-03
9.999989867210388184e-01 -1.329324208199977875e-03 -5.395892076194286346e-04 -5.403948598541319370e-04 -6.057434366084635258e-04 -9.999997019767761230e-01
9.999893903732299805e-01 3.532745875418186188e-03 2.971573499962687492e-03 2.970168599858880043e-03 4.027496906928718090e-04 -9.999955296516418457e-01
9.965682029724121094e-01 8.030222356319427490e-02 -2.008470892906188965e-02 -1.761825941503047943e-02 -3.130606561899185181e-02 -9.993545413017272949e-01
1.797731406986713409e-02 1.554388999938964844e-01 -9.876819252967834473e-01 -9.988068342208862305e-01 4.765299707651138306e-02 -1.068029366433620453e-02
9.997051954269409180e-01 1.679090037941932678e-02 -1.754107885062694550e-02 -1.759066060185432434e-02 2.809618832543492317e-03 -9.998413920402526855e-01
9.742984175682067871e-01 2.227188646793365479e-01 -3.374823182821273804e-02 -4.170795530080795288e-02 3.113116882741451263e-02 -9.986447691917419434e-01
7.372490596026182175e-03 -8.299089968204498291e-04 -9.999724626541137695e-01 -9.999728202819824219e-01 -3.020242729689925909e-04 -7.372241467237472534e-03
6.099573802202939987e-03 -2.968535060063004494e-03 -9.999769926071166992e-01 -9.999798536300659180e-01 1.751463045366108418e-03 -6.104790605604648590e-03
6.701578851789236069e-03 -8.785299723967909813e-04 -9.999771714210510254e-01 -9.999775290489196777e-01 -2.136266557499766350e-04 -6.701393518596887589e-03
5.853885319083929062e-03 -6.895206170156598091e-04 -9.999826550483703613e-01 -9.999828338623046875e-01 -3.230949223507195711e-04 -5.853663664311170578e-03
9.989826679229736328e-01 3.908460959792137146e-02 -2.249580249190330505e-02 -2.288835868239402771e-02 9.625451639294624329e-03 -9.996917247772216797e-01
9.999706149101257324e-01 -8.257878362201154232e-04 -7.629652507603168488e-03 -7.629733532667160034e-03 -9.453032544115558267e-05 -9.999709129333496094e-01
9.999351501464843750e-01 -9.220422944054007530e-04 -1.135173346847295761e-02 -1.135218981653451920e-02 -4.914985038340091705e-04 -9.999354481697082520e-01
5.799188511446118355e-04 -1.519004930742084980e-03 -9.999986886978149414e-01 -9.999995827674865723e-01 7.037618197500705719e-04 -5.809884169138967991e-04
9.999915957450866699e-01 -6.331938784569501877e-04 -4.052950069308280945e-03 -4.052861128002405167e-03 1.415320148225873709e-04 -9.999917745590209961e-01
5.183004774153232574e-03 8.470035973004996777e-04 -9.999862313270568848e-01 -9.999865889549255371e-01 -1.180028921226039529e-04 -5.183106288313865662e-03
3.431965829804539680e-03 -7.185844588093459606e-04 -9.999938607215881348e-01 -9.999940991401672363e-01 1.568009902257472277e-04 -3.432079218327999115e-03
1.237153075635433197e-02 -8.023757487535476685e-02 -9.966989755630493164e-01 -9.998875856399536133e-01 -9.438452310860157013e-03 -1.165128219872713089e-02
1.207844913005828857e-02 2.536949217319488525e-01 -9.672088623046875000e-01 -9.942004680633544922e-01 -1.003262028098106384e-01 -3.873066604137420654e-02
3.544390574097633362e-02 -9.756073355674743652e-01 -2.166429609060287476e-01 -9.845538735389709473e-01 -7.127967476844787598e-02 1.599153429269790649e-01
7.206506282091140747e-02 -8.040905594825744629e-01 -5.901229381561279297e-01 -9.808071255683898926e-01 -1.646045893430709839e-01 1.045122519135475159e-01
6.837394088506698608e-02 -9.113098382949829102e-01 -4.060042500495910645e-01 -9.976549148559570312e-01 -6.372449547052383423e-02 -2.497716806828975677e-02
6.907311081886291504e-01 -7.229395508766174316e-01 -1.577628403902053833e-02 -2.460567466914653778e-02 -1.693669822998344898e-03 -9.996957778930664062e-01
5.322124958038330078e-01 -8.465263843536376953e-01 -1.195856835693120956e-02 -4.226246848702430725e-02 -1.245756726711988449e-02 -9.990288615226745605e-01
7.570579648017883301e-01 -6.527404785156250000e-01 -2.816304564476013184e-02 1.639277338981628418e-01 2.314993888139724731e-01 -9.589242935180664062e-01
6.302487850189208984e-01 -7.758706212043762207e-01 -2.848462387919425964e-02 1.185190454125404358e-01 1.324032396078109741e-01 -9.840847253799438477e-01
4.390354454517364502e-01 -8.980656862258911133e-01 -2.694381400942802429e-02 5.881056189537048340e-02 5.864897742867469788e-02 -9.965448379516601562e-01
9.325600862503051758e-01 -3.610013127326965332e-01 -3.131842706352472305e-03 2.174971066415309906e-02 6.484027206897735596e-02 -9.976586103439331055e-01
9.487823247909545898e-01 -3.158021569252014160e-01 9.009723551571369171e-03 2.047240175306797028e-02 3.299826756119728088e-02 -9.992457032203674316e-01
9.835377931594848633e-01 -1.806022822856903076e-01 6.026779767125844955e-03 7.570625282824039459e-03 7.860225625336170197e-03 -9.999404549598693848e-01
9.504750967025756836e-01 -3.107933998107910156e-01 -2.127656014636158943e-03 2.769701741635799408e-02 9.151814132928848267e-02 -9.954181909561157227e-01
9.775830507278442383e-01 -2.105482667684555054e-01 8.845509146340191364e-04 -1.056534703820943832e-03 -9.106528945267200470e-03 -9.999579787254333496e-01
1.292137801647186279e-01 -9.914075136184692383e-01 -2.037207596004009247e-02 5.834483727812767029e-02 2.810980007052421570e-02 -9.979006648063659668e-01
1.771733015775680542e-01 -9.839851856231689453e-01 -1.956572383642196655e-02 8.059974014759063721e-02 3.432025387883186340e-02 -9.961555004119873047e-01
5.184560418128967285e-01 -8.548250794410705566e-01 -2.185260690748691559e-02 6.421361863613128662e-02 6.440380215644836426e-02 -9.958558082580566406e-01
9.084580540657043457e-01 -4.179637432098388672e-01 -3.212447278201580048e-03 -1.873779296875000000e-02 -3.304681181907653809e-02 -9.992781281471252441e-01
9.235103726387023926e-01 -3.835589885711669922e-01 -3.346325829625129700e-03 -3.186006471514701843e-02 -6.801099330186843872e-02 -9.971757531166076660e-01
4.599106907844543457e-01 -8.875625133514404297e-01 -2.673896960914134979e-02 -3.288835585117340088e-01 -1.422929167747497559e-01 -9.335889816284179688e-01
7.917888164520263672e-01 -6.105765700340270996e-01 -1.633268594741821289e-02 1.102651283144950867e-02 4.102452099323272705e-02 -9.990972876548767090e-01
8.609058856964111328e-01 -5.087633132934570312e-01 9.794739307835698128e-04 -3.363509103655815125e-02 -5.883652344346046448e-02 -9.977008700370788574e-01
3.069875948131084442e-02 1.900513321161270142e-01 -9.812941551208496094e-01 -9.937254786491394043e-01 1.114417910575866699e-01 -9.504267945885658264e-03
8.873642683029174805e-01 -4.610570669174194336e-01 3.343633841723203659e-03 -1.248884201049804688e-01 -2.473321855068206787e-01 -9.608484506607055664e-01
1.499273255467414856e-02 1.580338478088378906e-01 -9.873198866844177246e-01 -9.923486113548278809e-01 1.233790963888168335e-01 4.679393954575061798e-03
8.720776438713073730e-01 -4.893586039543151855e-01 2.972871763631701469e-03 -3.544226288795471191e-02 -6.921769678592681885e-02 -9.969717860221862793e-01
6.205039620399475098e-01 -7.836722135543823242e-01 -2.885594777762889862e-02 1.019431129097938538e-01 1.170925423502922058e-01 -9.878749847412109375e-01
5.953485965728759766e-01 -8.030079007148742676e-01 -2.717411518096923828e-02 1.318260878324508667e-01 1.309865415096282959e-01 -9.825804829597473145e-01
4.953556060791015625e-01 -8.682218790054321289e-01 -2.852510660886764526e-02 4.899235814809799194e-02 6.070662289857864380e-02 -9.969525933265686035e-01
4.387380778789520264e-01 -8.982077836990356445e-01 -2.705135568976402283e-02 7.474169135093688965e-02 6.647428870201110840e-02 -9.949848651885986328e-01
3.065498471260070801e-01 -9.514400959014892578e-01 -2.808948792517185211e-02 -1.024851799011230469e-01 -3.652803599834442139e-03 -9.947278499603271484e-01
4.971018731594085693e-01 -8.672403693199157715e-01 -2.799842320382595062e-02 9.513141959905624390e-02 8.654568344354629517e-02 -9.916954636573791504e-01
9.552596509456634521e-02 -9.953505396842956543e-01 -1.233439892530441284e-02 -9.553468972444534302e-02 3.166599199175834656e-03 -9.954211115837097168e-01
7.555332034826278687e-02 -9.970456361770629883e-01 -1.384684536606073380e-02 -7.006571441888809204e-02 8.543852716684341431e-03 -9.975058436393737793e-01
-1.098476052284240723e-01 3.901782445609569550e-03 -9.939408302307128906e-01 -9.150682389736175537e-02 9.957057833671569824e-01 1.402179338037967682e-02
1.604903638362884521e-01 -9.868502616882324219e-01 -1.922092586755752563e-02 -1.101988647133111954e-02 1.768066547811031342e-02 -9.997829794883728027e-01
1.220026835799217224e-01 -9.924088716506958008e-01 -1.549067161977291107e-02 -4.865238815546035767e-02 9.608832187950611115e-03 -9.987695813179016113e-01
7.322122156620025635e-02 -9.972361326217651367e-01 -1.260472834110260010e-02 -2.813152410089969635e-02 1.056842133402824402e-02 -9.995483756065368652e-01
2.164625227451324463e-01 -9.760361909866333008e-01 -2.229970134794712067e-02 -2.887259609997272491e-02 1.643131487071514130e-02 -9.994480609893798828e-01
4.324999749660491943e-01 -9.012230038642883301e-01 -2.721916511654853821e-02 4.882044345140457153e-02 5.355216562747955322e-02 -9.973709583282470703e-01
2.828865945339202881e-01 -9.588155150413513184e-01 -2.545542083680629730e-02 -2.564154332503676414e-03 2.578338794410228729e-02 -9.996643066406250000e-01
2.740167975425720215e-01 -9.613932371139526367e-01 -2.525763213634490967e-02 -2.757769078016281128e-02 1.839725673198699951e-02 -9.994503855705261230e-01
3.067453205585479736e-01 -9.514243006706237793e-01 -2.644122019410133362e-02 7.360477000474929810e-03 3.015086799860000610e-02 -9.995183348655700684e-01
3.077756166458129883e-01 -9.510990977287292480e-01 -2.616787143051624298e-02 1.665072143077850342e-02 3.288277611136436462e-02 -9.993205070495605469e-01
2.697483003139495850e-01 -9.626058936119079590e-01 -2.501569502055644989e-02 1.345747336745262146e-02 2.974476851522922516e-02 -9.994669556617736816e-01
2.590100169181823730e-01 -9.655760526657104492e-01 -2.401432581245899200e-02 -7.270909845829010010e-03 2.291290089488029480e-02 -9.997110366821289062e-01
2.803119421005249023e-01 -9.595704674720764160e-01 -2.548948489129543304e-02 -4.186440259218215942e-02 1.430789567530155182e-02 -9.990208745002746582e-01
4.095102548599243164e-01 -9.119462966918945312e-01 -2.560068480670452118e-02 5.381641909480094910e-02 5.215993523597717285e-02 -9.971876144409179688e-01
4.065914154052734375e-01 -9.132300615310668945e-01 -2.635001391172409058e-02 5.778399854898452759e-02 5.448928847908973694e-02 -9.968410134315490723e-01
1.561877280473709106e-01 -9.875391125679016113e-01 -1.928651519119739532e-02 -3.418136760592460632e-02 1.411044411361217499e-02 -9.993160367012023926e-01
2.098838239908218384e-01 -9.774577021598815918e-01 -2.291999384760856628e-02 -1.460859831422567368e-02 2.030442468822002411e-02 -9.996871352195739746e-01
1.817458420991897583e-01 -9.831055998802185059e-01 -2.172173745930194855e-02 -2.209929749369621277e-02 1.800056360661983490e-02 -9.995937347412109375e-01
1.095233261585235596e-01 -9.938393235206604004e-01 -1.697173342108726501e-02 -4.525814577937126160e-02 1.207064837217330933e-02 -9.989024400711059570e-01
9.953753650188446045e-02 -9.949217438697814941e-01 -1.493264827877283096e-02 -5.714838951826095581e-02 9.266248904168605804e-03 -9.983227252960205078e-01
6.204240769147872925e-02 -9.979773163795471191e-01 -1.385743357241153717e-02 -4.345696046948432922e-02 1.116989739239215851e-02 -9.989928603172302246e-01
-1.141347270458936691e-02 4.865530878305435181e-02 9.987504482269287109e-01 -9.997081160545349121e-01 -2.182653546333312988e-02 -1.036111079156398773e-02
-1.061253715306520462e-02 2.794901467859745026e-02 9.995530247688293457e-01 -9.997322559356689453e-01 -2.085425332188606262e-02 -1.003132481127977371e-02
-9.967755079269409180e-01 -8.015214651823043823e-02 -3.774931887164711952e-03 2.042937092483043671e-03 2.167986147105693817e-02 -9.997628927230834961e-01
-5.756965838372707367e-03 1.618446409702301025e-02 9.998524785041809082e-01 -9.999752044677734375e-01 -4.150811582803726196e-03 -5.690484773367643356e-03
-7.015789393335580826e-03 1.774122752249240875e-02 9.998180270195007324e-01 -9.999431371688842773e-01 -8.154984563589096069e-03 -6.871961988508701324e-03
-3.903933567926287651e-03 1.317468564957380295e-02 9.999056458473205566e-01 -9.999654889106750488e-01 7.286948151886463165e-03 -4.000179469585418701e-03
-4.140045493841171265e-03 1.118235103785991669e-02 9.999289512634277344e-01 -9.999827146530151367e-01 4.138177260756492615e-03 -4.186546429991722107e-03
-4.428047221153974533e-03 1.075887028127908707e-02 9.999323487281799316e-01 -9.999852776527404785e-01 3.096431493759155273e-03 -4.461598116904497147e-03
-9.999471902847290039e-01 1.028241496533155441e-02 1.797955628717318177e-04 -2.814095932990312576e-04 -9.881721809506416321e-03 -9.999511837959289551e-01
-9.998037815093994141e-01 -1.980461180210113525e-02 -4.700971767306327820e-04 7.400560425594449043e-04 -1.362598687410354614e-02 -9.999068975448608398e-01
-9.371850639581680298e-03 3.450110554695129395e-02 9.993607401847839355e-01 -9.999554753303527832e-01 -1.433097175322473049e-03 -9.327951818704605103e-03
-6.148122716695070267e-03 3.294358775019645691e-02 9.994383454322814941e-01 -9.999775290489196777e-01 -2.893354976549744606e-03 -6.056067533791065216e-03
-6.690835114568471909e-03 3.229658305644989014e-02 9.994559288024902344e-01 -9.999734163284301758e-01 -3.129557473585009575e-03 -6.593170575797557831e-03
-5.873031914234161377e-03 4.427140951156616211e-02 9.990022778511047363e-01 -9.998921155929565430e-01 1.319334469735622406e-02 -6.462934426963329315e-03
-6.027152761816978455e-03 3.194363042712211609e-02 9.994715452194213867e-01 -9.999811053276062012e-01 1.049380865879356861e-03 -6.063764449208974838e-03
-8.458853699266910553e-03 5.142076686024665833e-02 9.986412525177001953e-01 -9.998845458030700684e-01 -1.304730493575334549e-02 -7.797569036483764648e-03
-4.705735482275485992e-03 2.305733412504196167e-02 9.997230768203735352e-01 -9.999320507049560547e-01 1.055595278739929199e-02 -4.950178787112236023e-03
-5.687412805855274200e-03 3.685269877314567566e-02 9.993045330047607422e-01 -9.999722242355346680e-01 4.609767813235521317e-03 -5.861213430762290955e-03
-9.841015338897705078e-01 1.773848235607147217e-01 8.877678774297237396e-03 -1.337554212659597397e-02 -2.417682856321334839e-02 -9.996182322502136230e-01
-9.913203716278076172e-01 1.310741901397705078e-01 1.017537061125040054e-02 -1.642011292278766632e-02 -4.665049165487289429e-02 -9.987763166427612305e-01
-9.585165418684482574e-03 2.032201886177062988e-01 9.790861606597900391e-01 -9.999348521232604980e-01 4.126406740397214890e-03 -1.064575370401144028e-02
-7.634035944938659668e-01 6.451617479324340820e-01 3.132491931319236755e-02 -2.403638511896133423e-01 -2.387339621782302856e-01 -9.408673644065856934e-01
-4.379790276288986206e-03 1.673851311206817627e-01 9.858819246292114258e-01 -9.891018271446228027e-01 1.443682461977005005e-01 -2.890524268150329590e-02
-3.249194705858826637e-03 1.462380439043045044e-01 9.892441034317016602e-01 -9.907522201538085938e-01 1.337167471647262573e-01 -2.302123419940471649e-02
-3.114098450168967247e-03 1.115589439868927002e-01 9.937529563903808594e-01 -9.954780936241149902e-01 9.400238841772079468e-02 -1.367223449051380157e-02
-9.870080351829528809e-01 1.601486653089523315e-01 1.294336467981338501e-02 -2.981140278279781342e-02 -1.033780798316001892e-01 -9.941952824592590332e-01
-4.694587085396051407e-03 9.231203794479370117e-02 9.957190752029418945e-01 -9.982694387435913086e-01 5.793574079871177673e-02 -1.007777173072099686e-02
-9.957144260406494141e-01 9.241651743650436401e-02 3.473389660939574242e-03 -4.500825889408588409e-03 -1.091136131435632706e-02 -9.999303817749023438e-01
-9.985423088073730469e-01 5.381265655159950256e-02 4.187401384115219116e-03 -5.630137864500284195e-03 -2.668680250644683838e-02 -9.996280074119567871e-01
-9.850203990936279297e-01 1.722842603921890259e-01 7.281886879354715347e-03 -8.542059920728206635e-03 -6.574240978807210922e-03 -9.999419450759887695e-01
-9.874185919761657715e-01 1.580836474895477295e-01 3.760545747354626656e-03 -1.941559091210365295e-02 -9.760298579931259155e-02 -9.950360655784606934e-01
-9.976480603218078613e-01 6.839947402477264404e-02 4.463456105440855026e-03 -5.325709469616413116e-03 -1.242898218333721161e-02 -9.999086260795593262e-01
-9.901894330978393555e-01 1.394256949424743652e-01 9.241069667041301727e-03 -1.748181879520416260e-02 -5.799657851457595825e-02 -9.981637001037597656e-01
-3.418278414756059647e-03 3.329780325293540955e-02 9.994396567344665527e-01 -9.996146559715270996e-01 2.741996943950653076e-02 -4.332412965595722198e-03
-9.964336156845092773e-01 8.401265740394592285e-02 7.871509529650211334e-03 -1.279717683792114258e-02 -5.825362354516983032e-02 -9.982197880744934082e-01
-9.954422712326049805e-01 9.509102255105972290e-02 7.233602460473775864e-03 -1.216269470751285553e-02 -5.135858803987503052e-02 -9.986062645912170410e-01
-9.970522522926330566e-01 7.648149877786636353e-02 6.114637479186058044e-03 -9.415378794074058533e-03 -4.287153854966163635e-02 -9.990362524986267090e-01
-9.980131983757019043e-01 6.268287450075149536e-02 6.365288980305194855e-03 -9.656975977122783661e-03 -5.235123261809349060e-02 -9.985820651054382324e-01
-6.934208795428276062e-03 1.957357227802276611e-01 9.806321859359741211e-01 -9.992419481277465820e-01 -3.892351314425468445e-02 7.033925503492355347e-04
-8.930165320634841919e-03 8.845723420381546021e-02 9.960399866104125977e-01 -9.999600648880004883e-01 -1.146716531366109848e-03 -8.863473311066627502e-03
-5.790688563138246536e-03 4.355593398213386536e-02 9.990342259407043457e-01 -9.999417066574096680e-01 8.856885135173797607e-03 -6.182090844959020615e-03
-5.581293720752000809e-03 1.086298823356628418e-01 9.940666556358337402e-01 -9.998162388801574707e-01 1.762732118368148804e-02 -7.539858110249042511e-03
-8.602997660636901855e-01 5.092125535011291504e-01 2.422670833766460419e-02 -1.118000224232673645e-01 -1.420901715755462646e-01 -9.835197329521179199e-01
-3.899454474449157715e-01 9.208359718322753906e-01 1.939496141858398914e-03 2.501537092030048370e-02 1.269863918423652649e-02 -9.996064305305480957e-01
-6.866174340248107910e-01 7.269626259803771973e-01 9.044038131833076477e-03 -5.604661069810390472e-03 7.146731019020080566e-03 -9.999587535858154297e-01
-8.389654755592346191e-01 5.441830754280090332e-01 1.293071662075817585e-03 -3.417552635073661804e-02 -5.031653866171836853e-02 -9.981484413146972656e-01
-6.084917783737182617e-01 7.935529947280883789e-01 3.375178435817360878e-03 1.479350775480270386e-01 1.176123470067977905e-01 -9.819788932800292969e-01
-9.810015559196472168e-01 1.936397254467010498e-01 -1.181507855653762817e-02 1.562604308128356934e-02 1.816510781645774841e-02 -9.997128844261169434e-01
-9.685990810394287109e-01 2.484501898288726807e-01 -9.398226626217365265e-03 4.058111086487770081e-02 1.206885501742362976e-01 -9.918606281280517578e-01
-9.774205684661865234e-01 2.110818326473236084e-01 -9.674460627138614655e-03 6.600216031074523926e-03 -1.526392623782157898e-02 -9.998617172241210938e-01
-9.985874295234680176e-01 5.294409766793251038e-02 -4.491564817726612091e-03 4.457781091332435608e-03 -7.561619859188795090e-04 -9.999898076057434082e-01
-9.990692138671875000e-01 4.294843599200248718e-02 -4.026027396321296692e-03 4.098603967577219009e-03 1.601933501660823822e-03 -9.999903440475463867e-01
-9.998284578323364258e-01 1.837791875004768372e-02 -2.335191704332828522e-03 2.402470912784337997e-03 3.639636561274528503e-03 -9.999905228614807129e-01
-9.997752308845520020e-01 2.103561721742153168e-02 -2.643707441166043282e-03 2.703394973650574684e-03 2.809519413858652115e-03 -9.999924302101135254e-01
-9.215561151504516602e-01 3.881809711456298828e-01 -7.065177895128726959e-03 6.720428355038166046e-04 -1.660276204347610474e-02 -9.998619556427001953e-01
-9.756261110305786133e-01 2.194390594959259033e-01 -4.611777258105576038e-04 6.055527366697788239e-03 2.482193708419799805e-02 -9.996735453605651855e-01
-9.111282825469970703e-01 4.120921790599822998e-01 -5.018712487071752548e-03 1.558473892509937286e-02 2.228345721960067749e-02 -9.996302127838134766e-01
-9.913539886474609375e-01 1.311098635196685791e-01 -5.249138455837965012e-03 7.641637232154607773e-03 1.775160059332847595e-02 -9.998131990432739258e-01
-9.996305704116821289e-01 2.712107263505458832e-02 -1.792052295058965683e-03 1.658911933191120625e-03 -4.930817987769842148e-03 -9.999864697456359863e-01
-9.997669458389282227e-01 2.149161510169506073e-02 -2.059822669252753258e-03 2.059072256088256836e-03 -5.705174771719612181e-05 -9.999979138374328613e-01
-9.966417551040649414e-01 8.188504725694656372e-02 2.771907893475145102e-04 -2.704199287109076977e-04 9.377820970257744193e-05 -1.000000000000000000e+00
-9.957796931266784668e-01 9.173983335494995117e-02 2.577084582298994064e-03 -2.409007633104920387e-03 1.942793023772537708e-03 -9.999952316284179688e-01
-9.981719851493835449e-01 6.037139892578125000e-02 2.838174346834421158e-03 -3.603799035772681236e-03 -1.257681753486394882e-02 -9.999144077301025391e-01
-9.995434880256652832e-01 -3.021284379065036774e-02 8.050698670558631420e-05 4.208741302136331797e-06 -2.803890267387032509e-03 -9.999960660934448242e-01
-9.999063611030578613e-01 -1.366749964654445648e-02 7.142853573895990849e-04 -6.058714934624731541e-04 -7.934735156595706940e-03 -9.999683499336242676e-01
-9.999848604202270508e-01 -5.423426162451505661e-03 9.916239650920033455e-04 -9.722164832055568695e-04 -3.579898271709680557e-03 -9.999931454658508301e-01
-9.994854927062988281e-01 -3.206321597099304199e-02 -8.909205789677798748e-04 1.246804720722138882e-03 -1.108117308467626572e-02 -9.999378323554992676e-01
-9.995747804641723633e-01 -2.915796823799610138e-02 -3.499598242342472076e-04 7.232550997287034988e-04 -1.279295049607753754e-02 -9.999179244041442871e-01
-9.963114261627197266e-01 8.580428361892700195e-02 1.122804707847535610e-03 -1.700808294117450714e-03 -6.663496606051921844e-03 -9.999763369560241699e-01
2.309812605381011963e-02 -4.891306906938552856e-02 -9.985359311103820801e-01 -9.988979697227478027e-01 3.969180211424827576e-02 -2.505080029368400574e-02
5.783565640449523926e-01 8.151075839996337891e-01 3.321684524416923523e-02 7.709570974111557007e-02 -1.407682895660400391e-02 -9.969242811203002930e-01
9.807766675949096680e-01 1.929251700639724731e-01 2.927601151168346405e-02 6.206250935792922974e-02 -1.661664694547653198e-01 -9.841427803039550781e-01
2.246626839041709900e-02 4.550903290510177612e-02 -9.987113475799560547e-01 -9.992195963859558105e-01 3.348518535494804382e-02 -2.095186151564121246e-02
-2.131359130144119263e-01 3.664857149124145508e-02 9.763349890708923340e-01 -1.285582184791564941e-01 9.895557165145874023e-01 -6.520935148000717163e-02
4.878984093666076660e-01 1.734363473951816559e-02 8.727281093597412109e-01 4.348892718553543091e-03 9.997419118881225586e-01 -2.229901216924190521e-02
-2.089358568191528320e-01 9.778738021850585938e-01 -1.042501721531152725e-02 1.188200190663337708e-01 1.480329036712646484e-02 -9.928054809570312500e-01
-1.454513520002365112e-01 9.893425703048706055e-01 -6.725758779793977737e-03 5.224847421050071716e-02 8.925548754632472992e-04 -9.986338019371032715e-01
1.832162290811538696e-01 9.830230474472045898e-01 9.877225384116172791e-03 4.860334098339080811e-02 9.772172197699546814e-04 -9.988176822662353516e-01
-1.548725962638854980e-01 -1.081045344471931458e-02 9.878753423690795898e-01 -1.111686676740646362e-01 9.937799572944641113e-01 -6.553222890943288803e-03
6.955105066299438477e-01 7.177928090095520020e-01 3.222807869315147400e-02 5.127303674817085266e-02 -4.842104855924844742e-03 -9.986729621887207031e-01
-6.556175649166107178e-02 1.839579548686742783e-03 9.978468418121337891e-01 7.527964189648628235e-03 9.999707937240600586e-01 -1.348883495666086674e-03
-1.904651522636413574e-01 9.816322922706604004e-01 -1.100739277899265289e-02 -2.674125134944915771e-02 -1.639641821384429932e-02 -9.995079636573791504e-01
-2.179761081933975220e-01 9.758639335632324219e-01 -1.326864026486873627e-02 8.262724615633487701e-03 -1.174979005008935928e-02 -9.998968839645385742e-01
-1.552688479423522949e-01 9.878344535827636719e-01 -8.646602742373943329e-03 7.888679951429367065e-02 3.673754865303635597e-03 -9.968768358230590820e-01
-7.108617573976516724e-02 9.974641203880310059e-01 -3.473414806649088860e-03 6.614997982978820801e-02 1.239687553606927395e-03 -9.978089332580566406e-01
-1.031019240617752075e-01 2.269187825731933117e-04 9.946708083152770996e-01 -9.822124987840652466e-02 9.951102137565612793e-01 -1.040807459503412247e-02
-8.356320858001708984e-02 9.964897632598876953e-01 -5.039385054260492325e-03 7.257272955030202866e-03 -4.448376595973968506e-03 -9.999637603759765625e-01
-8.545107841491699219e-01 -5.113826394081115723e-01 -9.110009670257568359e-02 -5.345572903752326965e-02 2.610282897949218750e-01 -9.638499617576599121e-01
-2.416197769343852997e-02 -3.765796422958374023e-01 9.260690808296203613e-01 -9.447690844535827637e-01 -2.942563891410827637e-01 -1.443072259426116943e-01
-3.738853335380554199e-02 -3.629487752914428711e-01 9.310587644577026367e-01 -9.555033445358276367e-01 -2.598258554935455322e-01 -1.396564543247222900e-01
-2.726530097424983978e-02 -3.917278945446014404e-01 9.196770787239074707e-01 -9.438713192939758301e-01 -2.928817570209503174e-01 -1.527328491210937500e-01
-2.764411643147468567e-02 -3.901923894882202148e-01 9.203183054924011230e-01 -9.440687894821166992e-01 -2.924456596374511719e-01 -1.523473262786865234e-01
-8.610107898712158203e-01 -5.064042806625366211e-01 -4.706523567438125610e-02 -1.336198598146438599e-01 3.145310282707214355e-01 -9.397957324981689453e-01
-5.375021696090698242e-01 -8.410959243774414062e-01 -6.040760502219200134e-02 -2.855286598205566406e-01 2.489347904920578003e-01 -9.254755377769470215e-01
-6.972533464431762695e-01 -7.166025638580322266e-01 -1.784748025238513947e-02 -1.392299830913543701e-01 1.598104089498519897e-01 -9.772797226905822754e-01
-7.053009867668151855e-01 -7.085072994232177734e-01 -2.383283898234367371e-02 -1.217105314135551453e-01 1.541427075862884521e-01 -9.805236458778381348e-01
-7.193099260330200195e-01 -6.944487690925598145e-01 -1.828124187886714935e-02 -1.577175259590148926e-01 1.888791620731353760e-01 -9.692522287368774414e-01
-5.353211760520935059e-01 -8.445457816123962402e-01 -1.317896693944931030e-02 -1.065283492207527161e-01 8.298558741807937622e-02 -9.908406138420104980e-01
-5.627734065055847168e-01 -8.264531493186950684e-01 -1.616622321307659149e-02 -1.031652390956878662e-01 8.962783217430114746e-02 -9.906178712844848633e-01
-4.364368617534637451e-01 -8.996148109436035156e-01 -1.470321789383888245e-02 -9.177385270595550537e-02 6.076753884553909302e-02 -9.939240217208862305e-01
-6.953155994415283203e-01 -7.183489203453063965e-01 -2.260784618556499481e-02 -1.228796914219856262e-01 1.498151421546936035e-01 -9.810484051704406738e-01
-6.823950409889221191e-01 -7.301244735717773438e-01 -3.542966768145561218e-02 -1.067272350192070007e-01 1.474650800228118896e-01 -9.832921624183654785e-01
-6.931862235069274902e-01 -7.194724082946777344e-01 -4.303837567567825317e-02 -1.234227493405342102e-01 1.773200631141662598e-01 -9.763833880424499512e-01
-9.028657078742980957e-01 -4.267791211605072021e-01 -5.189611017704010010e-02 -8.161631226539611816e-02 2.886614203453063965e-01 -9.539462327957153320e-01
-8.181185126304626465e-01 -5.727277994155883789e-01 -5.162324011325836182e-02 -1.203429102897644043e-01 2.583035528659820557e-01 -9.585389494895935059e-01
-8.679644465446472168e-01 -4.906045496463775635e-01 -7.710322737693786621e-02 -1.104325726628303528e-01 3.420321047306060791e-01 -9.331766963005065918e-01
-8.847543597221374512e-01 -4.597356319427490234e-01 -7.650412619113922119e-02 -6.668922305107116699e-02 2.873464822769165039e-01 -9.555022716522216797e-01
-6.446446776390075684e-01 -7.640935182571411133e-01 -2.438072673976421356e-02 -2.165076583623886108e-01 2.130618989467620850e-01 -9.527481794357299805e-01
-4.766788482666015625e-01 -8.788737058639526367e-01 -1.892834715545177460e-02 -7.798317819833755493e-02 6.372365355491638184e-02 -9.949160814285278320e-01
-9.185071587562561035e-01 2.550984025001525879e-01 -3.021082580089569092e-01 1.384288817644119263e-01 9.231554865837097168e-01 3.586383163928985596e-01
-1.721317172050476074e-01 -9.850054383277893066e-01 -1.161898300051689148e-02 -2.741349115967750549e-02 1.658036559820175171e-02 -9.994866847991943359e-01
-2.959003746509552002e-01 -9.551049470901489258e-01 -1.474829111248254776e-02 -1.235924474895000458e-02 1.926650106906890869e-02 -9.997379779815673828e-01
-3.293232321739196777e-01 -9.440573453903198242e-01 -1.737671904265880585e-02 -1.046487316489219666e-01 5.478303879499435425e-02 -9.929992556571960449e-01
-2.973512411117553711e-01 -9.546965360641479492e-01 -1.169480476528406143e-02 -1.471438817679882050e-02 1.682966761291027069e-02 -9.997501373291015625e-01
-2.540315315127372742e-02 -9.996622204780578613e-01 -5.495415069162845612e-03 1.936181448400020599e-02 5.004155449569225311e-03 -9.998000264167785645e-01
-2.258803509175777435e-02 -9.996944069862365723e-01 -1.004592329263687134e-02 -3.922097384929656982e-03 1.013701967895030975e-02 -9.999409317970275879e-01
-7.468372583389282227e-02 -9.971359372138977051e-01 -1.192676369100809097e-02 -2.063624560832977295e-02 1.350299920886754990e-02 -9.996958374977111816e-01
-1.186838652938604355e-02 -7.392734289169311523e-01 -6.733008623123168945e-01 -9.187262654304504395e-01 -2.577384114265441895e-01 2.991871535778045654e-01
9.558413624763488770e-01 2.938200235366821289e-01 -6.091208662837743759e-03 -6.165910977870225906e-03 -6.720384117215871811e-04 -9.999808073043823242e-01
-1.838469505310058594e-01 -9.828413724899291992e-01 -1.493842992931604385e-02 8.442314714193344116e-02 -6.469441577792167664e-04 -9.964298009872436523e-01
-2.223558723926544189e-01 -9.748486280441284180e-01 -1.510348822921514511e-02 -1.633472591638565063e-01 5.252170935273170471e-02 -9.851696491241455078e-01
-3.085641935467720032e-02 -8.778110146522521973e-01 -4.780123233795166016e-01 -9.981825947761535645e-01 2.295283600687980652e-03 6.021918728947639465e-02
-6.499173045158386230e-01 3.484250009059906006e-01 -6.754314899444580078e-01 9.420631825923919678e-02 9.187988042831420898e-01 3.833196163177490234e-01
9.299539327621459961e-01 3.671111762523651123e-01 2.037345990538597107e-02 2.010239288210868835e-02 4.562190733850002289e-03 -9.997875690460205078e-01
9.973796606063842773e-01 -7.193244993686676025e-02 7.718484848737716675e-03 9.956965222954750061e-03 3.081277012825012207e-02 -9.994755983352661133e-01
9.537131786346435547e-01 -2.794496119022369385e-01 1.110812127590179443e-01 2.721927464008331299e-01 9.592234492301940918e-01 7.616803795099258423e-02
9.381906390190124512e-01 -2.572346329689025879e-01 2.315788567066192627e-01 2.623593807220458984e-01 9.649288654327392578e-01 8.938804268836975098e-03
-9.976965375244617462e-03 -5.569033324718475342e-02 -9.983982443809509277e-01 -9.999214410781860352e-01 8.136701770126819611e-03 9.538323618471622467e-03
-1.073811389505863190e-02 -5.153916031122207642e-02 -9.986132383346557617e-01 -9.999343156814575195e-01 4.555482883006334305e-03 1.051720790565013885e-02
9.825359582901000977e-01 -1.860397905111312866e-01 -3.509939415380358696e-03 -1.386806834489107132e-02 -5.440487712621688843e-02 -9.984226822853088379e-01
1.277224626392126083e-02 8.450726866722106934e-01 -5.344988703727722168e-01 -9.879351854324340820e-01 -7.184323668479919434e-02 -1.371956318616867065e-01
9.436030983924865723e-01 -3.310760259628295898e-01 1.392117934301495552e-03 -2.418104745447635651e-02 -7.311098277568817139e-02 -9.970306158065795898e-01
9.765101075172424316e-01 -2.154386043548583984e-01 -3.782185725867748260e-03 -4.690851643681526184e-02 -1.954228579998016357e-01 -9.795966744422912598e-01
-8.132884651422500610e-02 -8.588528037071228027e-01 -5.057246685028076172e-01 -9.517958760261535645e-01 2.174910455942153931e-01 -2.162922620773315430e-01
-5.159234404563903809e-01 -8.563244342803955078e-01 -2.305336855351924896e-02 -1.090672016143798828e-01 9.235640615224838257e-02 -9.897346496582031250e-01
7.859638333320617676e-01 6.164532303810119629e-01 4.739572852849960327e-02 3.227237462997436523e-01 -3.436609804630279541e-01 -8.818994164466857910e-01
-6.246533989906311035e-01 -7.805811762809753418e-01 -2.238823845982551575e-02 -1.550854593515396118e-01 1.521024405956268311e-01 -9.761216044425964355e-01
-5.154867768287658691e-01 -8.567302227020263672e-01 -1.693429239094257355e-02 -4.981478303670883179e-02 4.969030246138572693e-02 -9.975216388702392578e-01
-5.411416888236999512e-01 -8.407276272773742676e-01 -1.851530000567436218e-02 -3.914241865277290344e-02 4.717588797211647034e-02 -9.981194138526916504e-01
-5.341532230377197266e-01 -8.451037406921386719e-01 -2.191050723195075989e-02 -8.831423521041870117e-02 8.155797421932220459e-02 -9.927482008934020996e-01
9.507240056991577148e-01 -3.100121617317199707e-01 4.048924427479505539e-03 4.922763444483280182e-03 2.036446006968617439e-03 -9.999858140945434570e-01
9.659171104431152344e-01 -2.588504254817962646e-01 7.774971891194581985e-04 -7.468985277228057384e-04 -5.790702067315578461e-03 -9.999829530715942383e-01
-2.616151794791221619e-02 -2.283640801906585693e-01 -9.732242822647094727e-01 -9.760156273841857910e-01 2.163150906562805176e-01 -2.452111802995204926e-02
9.818545579910278320e-01 -1.896332353353500366e-01 -9.572454146109521389e-04 -1.829098211601376534e-03 -4.422610159963369370e-03 -9.999885559082031250e-01
9.606636762619018555e-01 -2.777086198329925537e-01 1.811403664760291576e-03 -1.431895885616540909e-02 -5.604461953043937683e-02 -9.983255863189697266e-01
9.486125707626342773e-01 -3.163874745368957520e-01 5.765542853623628616e-03 -3.808732144534587860e-04 -1.936158351600170135e-02 -9.998124837875366211e-01
-9.986817836761474609e-01 -5.116226524114608765e-02 -4.145262297242879868e-03 5.144152324646711349e-03 -1.940776780247688293e-02 -9.997984170913696289e-01
-9.987460970878601074e-01 -4.996744170784950256e-02 -3.094720887020230293e-03 3.982208669185638428e-03 -1.767154783010482788e-02 -9.998359680175781250e-01
-1.786747388541698456e-02 8.382999151945114136e-02 9.963198900222778320e-01 -9.970996975898742676e-01 -7.522458583116531372e-02 -1.155209168791770935e-02
-9.981672167778015137e-01 -6.009450927376747131e-02 -7.135566789656877518e-03 1.027831155806779861e-02 -5.215108394622802734e-02 -9.985863566398620605e-01
-9.971991181373596191e-01 -7.433594763278961182e-02 -8.253062143921852112e-03 1.096797548234462738e-02 -3.618835285305976868e-02 -9.992848038673400879e-01
-9.963405728340148926e-01 -8.480954915285110474e-02 -1.062253210693597794e-02 1.336661912500858307e-02 -3.185388073325157166e-02 -9.994031786918640137e-01
-9.554887562990188599e-02 -9.953992962837219238e-01 -7.117832079529762268e-03 -4.318501800298690796e-02 1.128895394504070282e-02 -9.990032911300659180e-01
-8.948819637298583984e-01 -4.456515312194824219e-01 2.410304546356201172e-02 -2.778541296720504761e-02 1.729959738440811634e-03 -9.996124505996704102e-01
-6.696908473968505859e-01 -7.423053383827209473e-01 -2.229483611881732941e-02 1.951404288411140442e-02 1.242143101990222931e-02 -9.997324347496032715e-01
-2.350986748933792114e-01 -9.718892574310302734e-01 -1.264282222837209702e-02 3.096927888691425323e-02 5.510636605322360992e-03 -9.995051622390747070e-01
-9.614633321762084961e-01 -2.735942304134368896e-01 -2.710209414362907410e-02 3.335811942815780640e-02 -1.823909208178520203e-02 -9.992770552635192871e-01
-9.320988655090332031e-01 -3.618221282958984375e-01 -1.662626489996910095e-02 2.858010679483413696e-02 -2.771085314452648163e-02 -9.992073774337768555e-01
-9.871249198913574219e-01 -1.598418205976486206e-01 5.930375307798385620e-03 -8.047708310186862946e-03 1.260233484208583832e-02 -9.998882412910461426e-01
-9.882506728172302246e-01 -1.522954553365707397e-01 1.291225384920835495e-02 -1.688531786203384399e-02 2.482343092560768127e-02 -9.995492696762084961e-01
-9.527733922004699707e-01 -3.036798238754272461e-01 1.224661595188081264e-03 2.805287251248955727e-03 -1.283377688378095627e-02 -9.999137520790100098e-01
-9.336155056953430176e-01 -3.582496047019958496e-01 4.389859735965728760e-03 1.219261554069817066e-03 -1.542962063103914261e-02 -9.998802542686462402e-01
-9.832282066345214844e-01 -1.813815981149673462e-01 1.905668154358863831e-02 -1.855095475912094116e-02 -4.484415985643863678e-03 -9.998178482055664062e-01
-9.449076056480407715e-01 -3.236103653907775879e-01 -4.925389587879180908e-02 6.239080056548118591e-02 -3.033993206918239594e-02 -9.975905418395996094e-01
-9.276127219200134277e-01 -3.720965683460235596e-01 -3.284617513418197632e-02 2.413806878030300140e-02 2.803817577660083771e-02 -9.993153810501098633e-01
-9.408938288688659668e-01 -3.376685678958892822e-01 -2.643362991511821747e-02 3.062529116868972778e-02 -7.091518491506576538e-03 -9.995058178901672363e-01
-8.705769777297973633e-01 -4.711046516895294189e-01 -1.419725269079208374e-01 1.630489975214004517e-01 -3.980405628681182861e-03 -9.866099357604980469e-01
-9.839105010032653809e-01 -1.757593154907226562e-01 -3.207490593194961548e-02 3.915749490261077881e-02 -3.697733208537101746e-02 -9.985486268997192383e-01
-9.857317209243774414e-01 -1.651184111833572388e-01 -3.269327059388160706e-02 4.009767994284629822e-02 -4.170974716544151306e-02 -9.983248710632324219e-01
-9.830390214920043945e-01 -1.784941554069519043e-01 -4.212180525064468384e-02 4.747404158115386963e-02 -2.581917494535446167e-02 -9.985387325286865234e-01
-9.878989458084106445e-01 -1.537219136953353882e-01 -2.062272280454635620e-02 2.581410296261310577e-02 -3.185192868113517761e-02 -9.991592168807983398e-01
-9.968627095222473145e-01 -7.914821803569793701e-02 5.478105740621685982e-04 6.074252305552363396e-04 -1.457103993743658066e-02 -9.998936653137207031e-01
-9.966183304786682129e-01 -8.216632157564163208e-02 8.116925600916147232e-04 -1.734124962240457535e-03 1.115566492080688477e-02 -9.999362826347351074e-01
-9.822328686714172363e-01 -1.867287456989288330e-01 1.873518899083137512e-02 -1.900968141853809357e-02 -3.206075634807348251e-04 -9.998192191123962402e-01
5.204985737800598145e-01 -8.538429737091064453e-01 -5.783517379313707352e-03 4.146641865372657776e-02 3.204193338751792908e-02 -9.986259937286376953e-01
9.500147700309753418e-01 -3.120556175708770752e-01 9.657539427280426025e-03 3.327180445194244385e-02 7.043780386447906494e-02 -9.969611167907714844e-01
5.479578971862792969e-01 2.267976291477680206e-03 -8.365029096603393555e-01 2.298929095268249512e-01 9.610823988914489746e-01 1.531989276409149170e-01
-8.305813074111938477e-01 -5.308212041854858398e-01 -1.684150695800781250e-01 2.099817246198654175e-01 -1.841632463037967682e-02 -9.775319099426269531e-01
-9.300996065139770508e-01 -3.417366743087768555e-01 -1.346505433320999146e-01 1.664637476205825806e-01 -6.539638340473175049e-02 -9.838765859603881836e-01
-9.872749447822570801e-01 -1.549848616123199463e-01 -3.560709953308105469e-02 4.241481050848960876e-02 -4.084113612771034241e-02 -9.982650876045227051e-01
-9.867345094680786133e-01 -1.588163077831268311e-01 -3.365257009863853455e-02 3.972780331969261169e-02 -3.523378074169158936e-02 -9.985891580581665039e-01
-9.960252046585083008e-01 -8.890061080455780029e-02 -5.525371991097927094e-03 6.344208493828773499e-03 -8.930772542953491211e-03 -9.999400377273559570e-01
-9.954051971435546875e-01 -9.521203488111495972e-02 -1.015773694962263107e-02 1.229159347712993622e-02 -2.185199223458766937e-02 -9.996856451034545898e-01
-9.977550506591796875e-01 -6.689350306987762451e-02 3.177007893100380898e-03 -3.195455297827720642e-03 1.687749318080022931e-04 -9.999949336051940918e-01
-9.941882491111755371e-01 -1.072662025690078735e-01 9.147358126938343048e-03 -1.002857834100723267e-02 7.678717374801635742e-03 -9.999202489852905273e-01
-9.905606508255004883e-01 -1.359611749649047852e-01 1.744165644049644470e-02 -1.988712139427661896e-02 1.664894819259643555e-02 -9.996636509895324707e-01
-9.903391003608703613e-01 -1.374976336956024170e-01 1.796840131282806396e-02 -1.831872388720512390e-02 1.282773213461041451e-03 -9.998313784599304199e-01
-9.979562163352966309e-01 -6.307586282491683960e-02 1.024034246802330017e-02 -1.040855981409549713e-02 2.338883234187960625e-03 -9.999430775642395020e-01
-9.976072907447814941e-01 -6.869755685329437256e-02 7.774372119456529617e-03 -7.502042688429355621e-03 -4.221286159008741379e-03 -9.999629855155944824e-01
-9.971345663070678711e-01 -7.563144713640213013e-02 1.633238163776695728e-03 -1.068513141945004463e-03 -7.506668101996183395e-03 -9.999712705612182617e-01
-9.973537921905517578e-01 -7.270164042711257935e-02 -1.362087059533223510e-04 3.681193338707089424e-04 -3.176506143063306808e-03 -9.999949336051940918e-01
-2.026500701904296875e-01 -6.933794617652893066e-01 6.914896368980407715e-01 -8.731812238693237305e-01 4.475909173488616943e-01 1.929170191287994385e-01
-8.624778985977172852e-01 4.800685346126556396e-01 1.602067053318023682e-01 -3.939989209175109863e-02 2.519023418426513672e-01 -9.669502973556518555e-01
-8.858938813209533691e-01 2.707304358482360840e-01 3.766922950744628906e-01 3.746989369392395020e-02 8.511409759521484375e-01 -5.235981941223144531e-01
3.598233461380004883e-01 -9.318011403083801270e-01 -4.768430441617965698e-02 2.465561963617801666e-02 6.058572232723236084e-02 -9.978584647178649902e-01
-9.043666720390319824e-01 -3.291624784469604492e-01 2.716119587421417236e-01 -1.725796461105346680e-01 8.641804456710815430e-01 4.726610779762268066e-01
2.207146883010864258e-01 -8.561068177223205566e-01 -4.672966897487640381e-01 -9.541853666305541992e-01 -2.887730002403259277e-01 7.836095988750457764e-02
2.857506871223449707e-01 -9.572210311889648438e-01 -4.554739221930503845e-02 -3.782659396529197693e-02 3.622560203075408936e-02 -9.986274838447570801e-01
2.843885719776153564e-01 -9.576447606086730957e-01 -4.516331851482391357e-02 -4.187540709972381592e-02 3.465550392866134644e-02 -9.985216259956359863e-01
1.890253722667694092e-01 -8.225654959678649902e-01 -5.363352298736572266e-01 -9.360155463218688965e-01 -3.160634040832519531e-01 1.548511236906051636e-01
6.159283593297004700e-02 -5.834479928016662598e-01 -8.098115921020507812e-01 -9.976467490196228027e-01 -1.150293834507465363e-02 -6.759168207645416260e-02
-5.682670474052429199e-01 8.114090561866760254e-01 1.367040574550628662e-01 4.620350152254104614e-02 1.973391473293304443e-01 -9.792459607124328613e-01
-1.486176401376724243e-01 9.876767396926879883e-01 4.906649142503738403e-02 2.225877344608306885e-02 5.294600874185562134e-02 -9.983493089675903320e-01
-3.834083676338195801e-01 9.192532896995544434e-01 8.928312361240386963e-02 2.724598534405231476e-02 1.078864708542823792e-01 -9.937898516654968262e-01
-2.461696863174438477e-01 9.666519761085510254e-01 7.060142606496810913e-02 8.405949175357818604e-02 9.386175870895385742e-02 -9.920302629470825195e-01
9.338651299476623535e-01 -3.562893867492675781e-01 -3.088241443037986755e-02 -1.643325015902519226e-02 4.351112619042396545e-02 -9.989178180694580078e-01
-8.805037289857864380e-02 9.956820011138916016e-01 2.940179221332073212e-02 4.455568641424179077e-02 3.342362120747566223e-02 -9.984476566314697266e-01
4.792110621929168701e-01 -8.768455982208251953e-01 -3.871293738484382629e-02 4.428990930318832397e-02 6.820918619632720947e-02 -9.966874718666076660e-01
6.265141367912292480e-01 -7.786039113998413086e-01 -3.544171527028083801e-02 7.473397254943847656e-02 1.052743345499038696e-01 -9.916310906410217285e-01
5.509356856346130371e-01 -8.336588740348815918e-01 -3.850731626152992249e-02 4.081052541732788086e-02 7.299914956092834473e-02 -9.964966773986816406e-01
7.861307859420776367e-01 -6.170085668563842773e-01 -3.603874891996383667e-02 5.361955612897872925e-02 1.261740326881408691e-01 -9.905579686164855957e-01
-1.378269400447607040e-03 -6.986696273088455200e-02 9.975553750991821289e-01 -9.999854564666748047e-01 5.302228499203920364e-03 -1.010268228128552437e-03
-1.737124053761363029e-03 -7.745394110679626465e-02 9.969944357872009277e-01 -9.993683099746704102e-01 3.552470728754997253e-02 1.018562470562756062e-03
-1.682937436271458864e-04 -1.349308043718338013e-01 9.908550977706909180e-01 -9.995417594909667969e-01 3.001533448696136475e-02 3.917602356523275375e-03
-9.997701048851013184e-01 -2.066828683018684387e-02 5.712568294256925583e-03 -6.015866994857788086e-03 1.464228797703981400e-02 -9.998747110366821289e-01
-9.991160035133361816e-01 -4.152961447834968567e-02 6.524647586047649384e-03 -8.115563541650772095e-03 3.825544565916061401e-02 -9.992350339889526367e-01
-9.992543458938598633e-01 3.859251737594604492e-02 1.163823180831968784e-03 1.305409241467714310e-04 3.351977840065956116e-02 -9.994381070137023926e-01
-3.504473250359296799e-03 -1.030376851558685303e-01 9.946712851524353027e-01 -9.963824748992919922e-01 8.481795340776443481e-02 5.275764502584934235e-03
-2.704889280721545219e-03 -6.244547292590141296e-02 9.980447292327880859e-01 -9.989487528800964355e-01 4.584134742617607117e-02 1.608531601959839463e-04
-1.767375972121953964e-03 -2.813481353223323822e-02 9.996026158332824707e-01 -9.997493028640747070e-01 2.236341498792171478e-02 -1.138194464147090912e-03
-9.987797737121582031e-01 4.938639700412750244e-02 9.006476466311141849e-05 2.175246365368366241e-03 4.581346735358238220e-02 -9.989476799964904785e-01
-1.568449428305029869e-03 -2.288953773677349091e-02 9.997367858886718750e-01 -9.999980926513671875e-01 1.198894577100872993e-03 -1.541410107165575027e-03
-9.988991618156433105e-01 4.690703004598617554e-02 -4.770365485455840826e-04 1.137261628173291683e-03 1.404950302094221115e-02 -9.999006390571594238e-01
-1.738715101964771748e-03 -2.827401086688041687e-02 9.995987415313720703e-01 -9.997352957725524902e-01 2.298402227461338043e-02 -1.088841352611780167e-03
-9.990866780281066895e-01 4.272722825407981873e-02 -4.318171704653650522e-04 1.340127084404230118e-03 2.123198099434375763e-02 -9.997736811637878418e-01
-9.998939633369445801e-01 1.451397966593503952e-02 -1.199838123284280300e-03 1.296546543017029762e-03 6.655551493167877197e-03 -9.999770522117614746e-01
-1.834410126321017742e-03 -3.240668913349509239e-03 9.999930858612060547e-01 -9.999967217445373535e-01 1.796114374883472919e-03 -1.828596112318336964e-03
-9.983511567115783691e-01 5.737973377108573914e-02 -1.590877654962241650e-03 1.657207147218286991e-03 1.108408207073807716e-03 -9.999980330467224121e-01
-9.993737936019897461e-01 -3.486445546150207520e-02 6.039633881300687790e-03 -6.512814667075872421e-03 1.347444392740726471e-02 -9.998880028724670410e-01
-5.652915569953620434e-04 -8.655789308249950409e-03 9.999623894691467285e-01 -9.999839663505554199e-01 -5.636319983750581741e-03 -6.140924524515867233e-04
-1.720084575936198235e-03 -2.941594226285815239e-03 9.999942183494567871e-01 -9.999981522560119629e-01 -8.475223439745604992e-04 -1.722584478557109833e-03
-9.999554157257080078e-01 -8.550740778446197510e-03 4.009625408798456192e-03 -4.060048144310712814e-03 5.887693725526332855e-03 -9.999744296073913574e-01
-9.997558593750000000e-01 2.184873446822166443e-02 -3.309414256364107132e-03 3.403565613552927971e-03 4.273454658687114716e-03 -9.999850988388061523e-01
-9.997161626815795898e-01 2.371425554156303406e-02 -2.287049079313874245e-03 2.317292848601937294e-03 1.247950014658272266e-03 -9.999965429306030273e-01
-9.998815059661865234e-01 1.529075950384140015e-02 -1.803534338250756264e-03 1.864801393821835518e-03 3.993493039160966873e-03 -9.999903440475463867e-01
-9.999414086341857910e-01 1.066716946661472321e-02 -1.864463789388537407e-03 1.875165151432156563e-03 9.932924294844269753e-04 -9.999977946281433105e-01
-9.997058510780334473e-01 2.410152554512023926e-02 -2.725585596635937691e-03 2.762672491371631622e-03 1.505613443441689014e-03 -9.999951124191284180e-01
-9.993779063224792480e-01 3.508476540446281433e-02 -3.604880301281809807e-03 3.908311948180198669e-03 8.583795279264450073e-03 -9.999555349349975586e-01
-9.983375072479248047e-01 -5.722515657544136047e-02 6.894093006849288940e-03 -7.582236081361770630e-03 1.181677822023630142e-02 -9.999014735221862793e-01
-9.995928406715393066e-01 -2.822049707174301147e-02 4.229007754474878311e-03 -4.501423332840204239e-03 9.596569463610649109e-03 -9.999438524246215820e-01
-9.995850920677185059e-01 -2.847327664494514465e-02 4.368678200989961624e-03 -4.577719606459140778e-03 7.280631456524133682e-03 -9.999630451202392578e-01
-9.999828934669494629e-01 -4.435238894075155258e-03 3.818511264398694038e-03 -3.817389486357569695e-03 -2.613603137433528900e-04 -9.999927282333374023e-01
-9.999786615371704102e-01 -5.245600361377000809e-03 3.912057727575302124e-03 -3.915023058652877808e-03 5.550650530494749546e-04 -9.999921917915344238e-01
-9.996234178543090820e-01 -2.692630887031555176e-02 5.300747696310281754e-03 -5.488774739205837250e-03 6.913916673511266708e-03 -9.999610781669616699e-01
-9.996355772018432617e-01 -2.651178836822509766e-02 5.094349849969148636e-03 -5.347226280719041824e-03 9.476148523390293121e-03 -9.999408125877380371e-01
-9.993879795074462891e-01 -3.433411195874214172e-02 6.701246369630098343e-03 -7.157637737691402435e-03 1.318703964352607727e-02 -9.998874068260192871e-01
-9.985161423683166504e-01 -5.409987270832061768e-02 6.225059740245342255e-03 -7.738064508885145187e-03 2.780258096754550934e-02 -9.995834827423095703e-01
-9.984693527221679688e-01 -5.489159747958183289e-02 6.772460415959358215e-03 -7.807202171534299850e-03 1.865817606449127197e-02 -9.997954368591308594e-01
-9.990569949150085449e-01 -4.289073124527931213e-02 -6.745978258550167084e-03 6.304610054939985275e-03 1.041746791452169418e-02 -9.999258518218994141e-01
-9.994919300079345703e-01 -3.165883198380470276e-02 3.698841668665409088e-03 -3.596469992771744728e-03 -3.289916319772601128e-03 -9.999881386756896973e-01
-9.995725750923156738e-01 -2.919155731797218323e-02 1.576377428136765957e-03 -1.678408705629408360e-03 3.471052041277289391e-03 -9.999926090240478516e-01
-9.999884963035583496e-01 -4.797783680260181427e-03 -2.572249213699251413e-04 2.567300689406692982e-04 1.037537003867328167e-04 -1.000000000000000000e+00
-9.999850392341613770e-01 -5.464166868478059769e-03 -3.365702286828309298e-04 3.280524979345500469e-04 1.559660187922418118e-03 -9.999987483024597168e-01
-9.999788999557495117e-01 -6.500778254121541977e-03 -2.422591351205483079e-04 2.361801307415589690e-04 9.358726674690842628e-04 -9.999995827674865723e-01
2.457583881914615631e-02 6.469736248254776001e-02 -9.976023435592651367e-01 -9.996949434280395508e-01 -8.908284362405538559e-04 -2.468516118824481964e-02
2.978098578751087189e-02 9.531914442777633667e-02 -9.950011968612670898e-01 -9.990826249122619629e-01 3.348535671830177307e-02 -2.669531479477882385e-02
3.027051128447055817e-02 6.613563001155853271e-02 -9.973514080047607422e-01 -9.979476332664489746e-01 5.833123624324798584e-02 -2.642058767378330231e-02
9.925707578659057617e-01 -1.198146566748619080e-01 2.116157673299312592e-02 1.224511023610830307e-02 -7.467172294855117798e-02 -9.971330165863037109e-01
5.621167831122875214e-03 -1.394799798727035522e-01 -9.902089834213256836e-01 -9.941379427909851074e-01 -1.076988875865936279e-01 9.526901878416538239e-03
1.407733745872974396e-02 -2.908896207809448242e-01 -9.566531181335449219e-01 -9.968981146812438965e-01 -7.817525416612625122e-02 9.101208299398422241e-03
2.686511911451816559e-02 2.492590062320232391e-02 -9.993282556533813477e-01 -9.995096921920776367e-01 1.675383187830448151e-02 -2.645211108028888702e-02
1.568258181214332581e-02 -3.116789460182189941e-01 -9.500580430030822754e-01 -9.991406798362731934e-01 -4.134509712457656860e-02 -2.928987145423889160e-03
9.384697079658508301e-01 -3.449597656726837158e-01 1.665603183209896088e-02 1.534176431596279144e-02 -6.539703812450170517e-03 -9.998609423637390137e-01
2.675915323197841644e-02 1.541308611631393433e-01 -9.876880645751953125e-01 -9.995422363281250000e-01 1.808138191699981689e-02 -2.425867691636085510e-02
9.594419598579406738e-01 -2.805778682231903076e-01 2.733647450804710388e-02 3.934634104371070862e-02 3.725961595773696899e-02 -9.985307455062866211e-01
9.455470442771911621e-01 -3.244571089744567871e-01 2.585427835583686829e-02 5.029256269335746765e-02 6.716102361679077148e-02 -9.964738488197326660e-01
1.751413685269653797e-03 -9.658205509185791016e-01 -2.592056393623352051e-01 -9.896867275238037109e-01 3.545410931110382080e-02 -1.387919485569000244e-01
-8.951617479324340820e-01 4.449972808361053467e-01 2.574775740504264832e-02 -4.791707172989845276e-02 -3.863977640867233276e-02 -9.981036782264709473e-01
-9.847456812858581543e-01 1.736274212598800659e-01 1.138092484325170517e-02 1.593231409788131714e-02 1.551080197095870972e-01 -9.877690672874450684e-01
-9.755339026451110840e-01 2.194120436906814575e-01 1.385795045644044876e-02 -1.973117701709270477e-02 -2.459925040602684021e-02 -9.995026588439941406e-01
-9.921842813491821289e-01 1.245582550764083862e-01 7.455475162714719772e-03 -1.209145411849021912e-02 -3.650491312146186829e-02 -9.992603659629821777e-01
-9.878262877464294434e-01 1.552442908287048340e-01 9.926933795213699341e-03 -1.391002722084522247e-02 -2.459168434143066406e-02 -9.996008276939392090e-01
-9.919840693473815918e-01 1.262750476598739624e-01 4.721818026155233383e-03 -5.992913618683815002e-03 -9.688086807727813721e-03 -9.999351501464843750e-01
-8.236129879951477051e-01 5.671417117118835449e-01 3.463484114035964012e-03 1.960915699601173401e-02 3.457883745431900024e-02 -9.992096424102783203e-01
-5.604719277471303940e-03 1.731186956167221069e-01 9.848850369453430176e-01 -9.974275827407836914e-01 6.941674649715423584e-02 -1.787786185741424561e-02
-5.641971249133348465e-03 3.711448609828948975e-02 9.992951154708862305e-01 -9.998907446861267090e-01 1.344699319452047348e-02 -6.144763901829719543e-03
-7.018886040896177292e-03 4.487235844135284424e-02 9.989680647850036621e-01 -9.999291300773620605e-01 9.296098724007606506e-03 -7.443206850439310074e-03
-9.974382519721984863e-01 7.152045518159866333e-02 1.348833437077701092e-03 -4.557465668767690659e-03 -4.471895843744277954e-02 -9.989892840385437012e-01
-2.219701884314417839e-03 3.390591591596603394e-02 9.994225502014160156e-01 -9.995288252830505371e-01 3.052133321762084961e-02 -3.255389630794525146e-03
-9.968826174736022949e-01 7.886610180139541626e-02 2.302129520103335381e-03 -2.977531868964433670e-03 -8.447387255728244781e-03 -9.999599456787109375e-01
-9.973142147064208984e-01 7.318975776433944702e-02 2.766325138509273529e-03 -3.561632242053747177e-03 -1.073809154331684113e-02 -9.999360442161560059e-01
5.625325441360473633e-01 7.928363233804702759e-02 8.229649662971496582e-01 -2.187340706586837769e-01 9.741957187652587891e-01 5.566125735640525818e-02
-7.019395008683204651e-03 7.786784321069717407e-02 9.969390034675598145e-01 -9.999107718467712402e-01 1.079007051885128021e-02 -7.883097976446151733e-03
-4.130211193114519119e-03 2.168200314044952393e-01 9.762029051780700684e-01 -9.995569586753845215e-01 2.787992917001247406e-02 -1.042130589485168457e-02
-6.196462083607912064e-03 2.604831382632255554e-02 9.996415376663208008e-01 -9.999631643295288086e-01 5.783160682767629623e-03 -6.349151488393545151e-03
2.434525825083255768e-02 2.116996049880981445e-01 9.770315289497375488e-01 -9.982766509056091309e-01 -4.705217853188514709e-02 3.506973013281822205e-02
2.433125395327806473e-03 7.240738272666931152e-01 6.897181868553161621e-01 -9.999114274978637695e-01 1.078596897423267365e-02 -7.795834448188543320e-03
7.609521970152854919e-03 1.050192043185234070e-01 9.944411516189575195e-01 -9.984935522079467773e-01 -5.324261635541915894e-02 1.326328516006469727e-02
-9.994642809033393860e-03 5.250768363475799561e-02 9.985705614089965820e-01 -9.998140335083007812e-01 -1.699710264801979065e-02 -9.113333187997341156e-03
-5.198562517762184143e-03 9.585872292518615723e-02 9.953814148902893066e-01 -9.999033808708190918e-01 -1.333175506442785263e-02 -3.938285168260335922e-03
-5.703820381313562393e-03 1.029148176312446594e-01 9.946738481521606445e-01 -9.999750852584838867e-01 -4.724195692688226700e-03 -5.245426204055547714e-03
-3.523153020069003105e-03 1.449541449546813965e-01 9.894320964813232422e-01 -9.999896287918090820e-01 2.357027726247906685e-03 -3.906055819243192673e-03
-4.602761939167976379e-03 1.381208300590515137e-01 9.904047250747680664e-01 -9.999879002571105957e-01 1.101223169825971127e-03 -4.800874739885330200e-03
2.441039495170116425e-02 2.032406181097030640e-01 9.788244962692260742e-01 -9.990621209144592285e-01 -3.006812371313571930e-02 3.115835972130298615e-02
-7.393057923763990402e-03 4.524519294500350952e-02 9.989485740661621094e-01 -9.998839497566223145e-01 -1.364328525960445404e-02 -6.782037671655416489e-03
-9.147563949227333069e-03 5.303750932216644287e-02 9.985506534576416016e-01 -9.999132156372070312e-01 -9.956995956599712372e-03 -8.631182834506034851e-03
-9.029471315443515778e-03 4.092958942055702209e-02 9.991212487220764160e-01 -9.999583959579467773e-01 9.336981456726789474e-04 -9.075286798179149628e-03
-8.749208413064479828e-03 7.327237725257873535e-02 9.972736239433288574e-01 -9.997763633728027344e-01 1.856340095400810242e-02 -1.013506948947906494e-02
-6.610153242945671082e-03 1.240815408527851105e-02 9.999011754989624023e-01 -9.999489784240722656e-01 7.561666425317525864e-03 -6.704305298626422882e-03
-5.275801289826631546e-03 1.092860102653503418e-02 9.999263882637023926e-01 -9.999436140060424805e-01 9.159842506051063538e-03 -5.376003216952085495e-03
-9.990654587745666504e-01 4.310409724712371826e-02 3.213692689314484596e-03 -3.703984664753079414e-03 -1.129958126693964005e-02 -9.999293088912963867e-01
-9.995636343955993652e-01 2.942778542637825012e-02 2.582168439403176308e-03 -2.883683191612362862e-03 -1.020808424800634384e-02 -9.999437332153320312e-01
-9.996975660324096680e-01 2.456184476613998413e-02 1.266846782527863979e-03 -1.590282074175775051e-03 -1.315314043313264847e-02 -9.999122619628906250e-01
-9.994637370109558105e-01 3.268015757203102112e-02 2.067590365186333656e-03 -2.162591554224491119e-03 -2.871924778446555138e-03 -9.999935626983642578e-01
-9.971498847007751465e-01 7.535336911678314209e-02 3.739746287465095520e-03 -4.234370775520801544e-03 -6.405373569577932358e-03 -9.999705553054809570e-01
-9.995484948158264160e-01 3.003057464957237244e-02 -1.047355472110211849e-03 1.312907552346587181e-03 8.824375458061695099e-03 -9.999602437019348145e-01
-9.984925985336303711e-01 5.479159206151962280e-02 -3.248010529205203056e-03 3.359056543558835983e-03 1.934724859893321991e-03 -9.999925494194030762e-01
-9.983254075050354004e-01 5.784146860241889954e-02 -8.918293169699609280e-04 3.315430367365479469e-04 -9.695457294583320618e-03 -9.999529719352722168e-01
-1.509468853473663330e-01 9.884345531463623047e-01 1.456657890230417252e-02 -1.857518218457698822e-04 1.470705866813659668e-02 -9.998918175697326660e-01
-2.014494538307189941e-01 9.793056249618530273e-01 1.945974491536617279e-02 3.099696524441242218e-02 2.623085118830204010e-02 -9.991752505302429199e-01
-4.415949340909719467e-03 -9.961567819118499756e-03 9.999406933784484863e-01 -7.574742194265127182e-04 9.999501705169677734e-01 9.958317503333091736e-03
-1.941941678524017334e-02 9.997225999832153320e-01 1.332785189151763916e-02 -2.378831617534160614e-03 1.328412722796201706e-02 -9.999089837074279785e-01
-2.682718634605407715e-02 -9.992916584014892578e-01 2.639165520668029785e-02 -9.996269941329956055e-01 2.695275656878948212e-02 4.413722548633813858e-03
-5.017106980085372925e-02 -7.606180310249328613e-01 -6.472582221031188965e-01 -9.973962903022766113e-01 4.543241113424301147e-03 7.197245955467224121e-02
8.694984950125217438e-03 -3.042348027229309082e-01 -9.525574445724487305e-01 -9.997885823249816895e-01 1.510764751583337784e-02 -1.395130436867475510e-02
-4.526348412036895752e-01 8.908289074897766113e-01 3.931340947747230530e-02 2.064522653818130493e-01 1.475859731435775757e-01 -9.672620892524719238e-01
-7.092337012290954590e-01 7.028083801269531250e-01 5.520809814333915710e-02 7.291103154420852661e-02 1.510187238454818726e-01 -9.858384132385253906e-01
-7.077088356018066406e-01 7.043118476867675781e-01 5.561606958508491516e-02 1.357033848762512207e-01 2.127672135829925537e-01 -9.676336050033569336e-01
-5.665060281753540039e-01 8.228378295898437500e-01 4.482047259807586670e-02 9.435241669416427612e-02 1.187997087836265564e-01 -9.884251356124877930e-01
-3.653472363948822021e-01 9.303261637687683105e-01 3.185481205582618713e-02 3.281535580754280090e-02 4.707093909382820129e-02 -9.983523488044738770e-01
-1.741560399532318115e-01 9.845040440559387207e-01 2.053029462695121765e-02 -9.691512212157249451e-03 1.913423836231231689e-02 -9.997699856758117676e-01
-4.893151819705963135e-01 8.713991641998291016e-01 3.513106703758239746e-02 8.314216881990432739e-02 8.671040832996368408e-02 -9.927580952644348145e-01
-4.988080561161041260e-01 8.660099506378173828e-01 3.488955274224281311e-02 1.131203919649124146e-01 1.049606874585151672e-01 -9.880217909812927246e-01
-3.476215600967407227e-01 9.372585415840148926e-01 2.656583115458488464e-02 6.889275461435317993e-02 5.378747731447219849e-02 -9.961730241775512695e-01
-2.722483873367309570e-01 9.619650244712829590e-01 2.245434373617172241e-02 1.468473300337791443e-02 2.748678997159004211e-02 -9.995142817497253418e-01
-3.624582290649414062e-01 9.315583705902099609e-01 2.868948876857757568e-02 6.464861333370208740e-02 5.583873391151428223e-02 -9.963446855545043945e-01
-2.519460022449493408e-01 9.674763679504394531e-01 2.264489233493804932e-02 6.676809489727020264e-02 4.072191566228866577e-02 -9.969372153282165527e-01
-2.753636538982391357e-01 9.611054062843322754e-01 2.124520018696784973e-02 2.405192144215106964e-02 2.898033335804939270e-02 -9.992905855178833008e-01
-4.734759032726287842e-01 8.798936605453491211e-01 4.009762406349182129e-02 1.097824275493621826e-01 1.041208952665328979e-01 -9.884870648384094238e-01
-6.285143494606018066e-01 7.767906785011291504e-01 3.957322984933853149e-02 1.264120787382125854e-01 1.522194594144821167e-01 -9.802291989326477051e-01
-6.340093612670898438e-01 7.723354101181030273e-01 3.911659494042396545e-02 1.179647445678710938e-01 1.465797275304794312e-01 -9.821398854255676270e-01
-6.368440985679626465e-01 7.698330879211425781e-01 4.226893186569213867e-02 1.226722076535224915e-01 1.553011685609817505e-01 -9.802209734916687012e-01
-6.230946183204650879e-01 7.808968424797058105e-01 4.419550672173500061e-02 9.156364202499389648e-02 1.289442181587219238e-01 -9.874156117439270020e-01
-6.443682909011840820e-01 7.638302445411682129e-01 3.678175806999206543e-02 1.460946053266525269e-01 1.701732277870178223e-01 -9.745241999626159668e-01
-5.570182800292968750e-01 8.289815783500671387e-01 5.020002648234367371e-02 3.453398644924163818e-01 2.861686646938323975e-01 -8.937829136848449707e-01
3.756068050861358643e-01 8.846350908279418945e-01 2.762974500656127930e-01 -8.533437848091125488e-01 2.138120234012603760e-01 4.754879772663116455e-01
-1.264595240354537964e-01 1.359078660607337952e-02 -9.918787479400634766e-01 2.444972470402717590e-02 9.996451139450073242e-01 1.057998836040496826e-02
-9.837897121906280518e-02 1.142005622386932373e-02 -9.950835108757019043e-01 9.815894812345504761e-02 9.951692819595336914e-01 1.716551487334072590e-03
-1.230776682496070862e-01 -9.923930764198303223e-01 -2.820912515744566917e-03 -5.781098827719688416e-02 1.000742055475711823e-02 -9.982774257659912109e-01
-1.761441230773925781e-01 -9.842725396156311035e-01 1.344981230795383453e-02 -1.191917285323143005e-01 7.763497531414031982e-03 -9.928409457206726074e-01
8.888802528381347656e-01 -4.581118822097778320e-01 5.046512000262737274e-03 2.426282316446304321e-02 3.607198596000671387e-02 -9.990546703338623047e-01
2.609522640705108643e-01 -9.651566743850708008e-01 -1.940400712192058563e-02 -3.122295811772346497e-02 1.165150478482246399e-02 -9.994445443153381348e-01
-9.964938163757324219e-01 -8.255804330110549927e-02 1.357368938624858856e-02 -1.486376486718654633e-02 1.503177359700202942e-02 -9.997765421867370605e-01
1.551870852708816528e-01 -9.878296852111816406e-01 -1.046671252697706223e-02 -1.044290736317634583e-01 -5.868159234523773193e-03 -9.945150017738342285e-01
-6.120835542678833008e-01 -7.895054221153259277e-01 4.511031508445739746e-02 -1.100816279649734497e-01 2.857678011059761047e-02 -9.935116767883300781e-01
-1.961517333984375000e-01 -9.804451465606689453e-01 1.587083563208580017e-02 -5.450808629393577576e-02 -5.257986020296812057e-03 -9.984995126724243164e-01
-1.653035283088684082e-01 -9.861294031143188477e-01 1.495009381324052811e-02 -1.259738951921463013e-01 6.077515892684459686e-03 -9.920149445533752441e-01
-1.733048856258392334e-01 2.587985806167125702e-02 -9.845281839370727539e-01 9.275063872337341309e-02 9.956406950950622559e-01 9.845225140452384949e-03
7.107931375503540039e-01 -7.031051516532897949e-01 -2.040265314280986786e-02 -2.215632610023021698e-02 6.611577235162258148e-03 -9.997326731681823730e-01
2.527106702327728271e-01 -9.673460721969604492e-01 -1.946545951068401337e-02 -6.030229851603507996e-02 4.332283511757850647e-03 -9.981707930564880371e-01
-9.833395481109619141e-01 -1.798091679811477661e-01 2.668560110032558441e-02 -3.072861209511756897e-02 1.973679661750793457e-02 -9.993329048156738281e-01
-9.833308458328247070e-01 -1.792442202568054199e-01 3.052955679595470428e-02 -3.418479114770889282e-02 1.733857020735740662e-02 -9.992651343345642090e-01
-1.351267993450164795e-01 -9.906961917877197266e-01 1.618378981947898865e-02 -1.213236004114151001e-01 3.329273313283920288e-04 -9.926129579544067383e-01
-1.074483245611190796e-01 -9.941618442535400391e-01 9.856056421995162964e-03 -7.072124630212783813e-02 -2.245581708848476410e-03 -9.974936246871948242e-01
-8.972104787826538086e-01 -4.384494721889495850e-01 5.268178880214691162e-02 -5.635708943009376526e-02 -4.637536127120256424e-03 -9.983999133110046387e-01
-9.390883445739746094e-01 -3.422171175479888916e-01 3.163132444024085999e-02 -3.700780123472213745e-02 9.190869517624378204e-03 -9.992727041244506836e-01
-9.408141374588012695e-01 -3.375266790390014648e-01 3.073237650096416473e-02 -3.363147377967834473e-02 2.743763849139213562e-03 -9.994305968284606934e-01
-9.386945366859436035e-01 -3.433509767055511475e-01 3.102766536176204681e-02 -3.530343621969223022e-02 6.207693368196487427e-03 -9.993574023246765137e-01
5.700163841247558594e-01 -8.214354515075683594e-01 -1.803383044898509979e-02 -9.902632236480712891e-02 -4.689519479870796204e-02 -9.939792156219482422e-01
-2.584957480430603027e-01 -3.882382810115814209e-02 -9.652318954467773438e-01 -2.209492921829223633e-01 9.750812053680419922e-01 1.995174027979373932e-02
-2.330381274223327637e-01 -5.459468811750411987e-02 -9.709339141845703125e-01 -1.706972569227218628e-01 9.852179288864135742e-01 -1.442806515842676163e-02
-3.170115947723388672e-01 1.804934069514274597e-02 -9.482499361038208008e-01 1.267217248678207397e-01 9.916602373123168945e-01 -2.348900213837623596e-02
-3.309598565101623535e-01 -4.412516485899686813e-03 -9.436345696449279785e-01 1.078208833932876587e-01 9.932632446289062500e-01 -4.246047884225845337e-02
-1.345758736133575439e-01 -4.042962100356817245e-03 -9.908950924873352051e-01 1.086225137114524841e-01 9.939051866531372070e-01 -1.880753226578235626e-02
-1.407936811447143555e-01 -4.630391020327806473e-03 -9.900281429290771484e-01 1.126213893294334412e-01 9.934231638908386230e-01 -2.066236175596714020e-02
5.428419709205627441e-01 -8.397995233535766602e-01 -7.703325711190700531e-03 -1.856235787272453308e-02 -2.827413380146026611e-03 -9.998237490653991699e-01
2.030274918070062995e-04 -7.320003211498260498e-02 9.973172545433044434e-01 -9.983637332916259766e-01 -5.704386159777641296e-02 -3.983603790402412415e-03
-2.491254126653075218e-04 -1.226590350270271301e-01 9.924488663673400879e-01 -9.946408271789550781e-01 -1.025790572166442871e-01 -1.292765699326992035e-02
-6.240342627279460430e-04 3.413603901863098145e-01 -9.399323463439941406e-01 -9.800034165382385254e-01 1.868185698986053467e-01 6.849855929613113403e-02
9.230563640594482422e-01 -3.842695057392120361e-01 1.743463054299354553e-02 1.348908245563507080e-01 2.809104621410369873e-01 -9.502072930335998535e-01
-9.073664247989654541e-02 9.332485795021057129e-01 -3.475830852985382080e-01 -9.950107336044311523e-01 -7.041955739259719849e-02 7.067367434501647949e-02
9.371426701545715332e-01 6.781283300369977951e-03 3.488804697990417480e-01 8.166823536157608032e-02 9.677804112434387207e-01 -2.381835132837295532e-01
8.220224827527999878e-02 9.668418765068054199e-01 -2.417840808629989624e-01 -9.929386973381042480e-01 5.863147974014282227e-02 -1.031268090009689331e-01
-2.248685956001281738e-01 9.739206433296203613e-01 3.020943887531757355e-02 -9.739383459091186523e-01 -2.237135916948318481e-01 -3.736828640103340149e-02
-2.258183509111404419e-01 9.734803438186645508e-01 3.663641214370727539e-02 -9.738901257514953613e-01 -2.246933132410049438e-01 -3.241991996765136719e-02
8.492391109466552734e-01 -5.277704000473022461e-01 1.585504226386547089e-02 1.581431329250335693e-01 2.255903035402297974e-01 -9.613010287284851074e-01
8.373915553092956543e-01 -5.466005802154541016e-01 1.794543932192027569e-03 1.199839636683464050e-01 1.806103438138961792e-01 -9.762089252471923828e-01
-3.225476713851094246e-03 7.514494657516479492e-01 6.597827076911926270e-01 -9.992460608482360840e-01 2.310614101588726044e-02 -3.120139986276626587e-02
-9.191947579383850098e-01 3.752979338169097900e-01 1.192999780178070068e-01 -1.579180955886840820e-01 -7.376435399055480957e-02 -9.846932291984558105e-01
9.508565664291381836e-01 -2.826844453811645508e-01 -1.263381540775299072e-01 2.911175191402435303e-01 9.551727175712585449e-01 5.381232500076293945e-02
4.645519852638244629e-01 8.123990297317504883e-01 3.524192869663238525e-01 -8.635952472686767578e-01 5.036744475364685059e-01 -2.269957959651947021e-02
9.268040657043457031e-01 -1.600511968135833740e-01 -3.397320210933685303e-01 5.195320770144462585e-02 9.505814313888549805e-01 -3.060978353023529053e-01
8.716855049133300781e-01 -2.727715373039245605e-01 -4.071365296840667725e-01 9.633278101682662964e-02 9.099432229995727539e-01 -4.033899009227752686e-01
7.574591040611267090e-01 -6.520037651062011719e-01 -3.386330232024192810e-02 1.047908365726470947e-01 1.726071536540985107e-01 -9.794006347656250000e-01
8.253028392791748047e-01 -5.643128752708435059e-01 -2.064488269388675690e-02 1.121608242392539978e-01 1.996462643146514893e-01 -9.734276533126831055e-01
7.473581433296203613e-01 -6.637026667594909668e-01 -3.089829906821250916e-02 1.129654869437217712e-01 1.727559417486190796e-01 -9.784652590751647949e-01
8.339811563491821289e-01 -5.510436892509460449e-01 -2.874459885060787201e-02 1.079442799091339111e-01 2.140122950077056885e-01 -9.708485007286071777e-01
8.387371301651000977e-01 -5.439400672912597656e-01 -2.548213675618171692e-02 7.685457915067672729e-02 1.645752191543579102e-01 -9.833658337593078613e-01
8.575862646102905273e-01 -5.136901140213012695e-01 -2.585016377270221710e-02 1.180187538266181946e-01 2.454480975866317749e-01 -9.621989727020263672e-01
-1.388894915580749512e-01 4.524616599082946777e-01 8.809019327163696289e-01 -9.465736150741577148e-01 -3.220812082290649414e-01 1.618824899196624756e-02
7.154531478881835938e-01 6.986584067344665527e-01 1.794651849195361137e-03 -4.481024667620658875e-02 4.845053330063819885e-02 -9.978199005126953125e-01
9.825932979583740234e-02 9.951148629188537598e-01 9.572741575539112091e-03 3.028327599167823792e-02 6.624890957027673721e-03 -9.995194077491760254e-01
5.426313281059265137e-01 8.399174809455871582e-01 9.482503868639469147e-03 7.122864946722984314e-03 6.687516346573829651e-03 -9.999523162841796875e-01
9.848459362983703613e-01 -1.716395318508148193e-01 2.486701495945453644e-02 3.345599398016929626e-02 4.733053222298622131e-02 -9.983188509941101074e-01
9.772531390190124512e-01 -2.108406275510787964e-01 2.285779453814029694e-02 1.668683439493179321e-02 -3.100143000483512878e-02 -9.993800520896911621e-01
5.648565888404846191e-01 8.248542547225952148e-01 2.350482158362865448e-02 6.474509835243225098e-02 -1.590483821928501129e-02 -9.977750778198242188e-01
-9.953209757804870605e-02 -2.454816596582531929e-03 9.950313568115234375e-01 -4.256237298250198364e-02 9.990922212600708008e-01 -1.792641007341444492e-03
1.630691997706890106e-02 -1.363535672426223755e-01 -9.905260801315307617e-01 -9.911952614784240723e-01 -1.323948651552200317e-01 1.907240599393844604e-03
8.760345578193664551e-01 4.821305274963378906e-01 1.065809279680252075e-02 3.814779222011566162e-02 -4.724936559796333313e-02 -9.981544613838195801e-01
9.830844402313232422e-01 1.830561459064483643e-01 -5.959819070994853973e-03 -5.292277317494153976e-03 -4.134957212954759598e-03 -9.999774694442749023e-01
3.282157331705093384e-02 7.348411530256271362e-02 -9.967561960220336914e-01 -9.980186223983764648e-01 5.597371235489845276e-02 -2.873658016324043274e-02
9.760379791259765625e-01 -2.152001112699508667e-01 3.223061189055442810e-02 4.409112408757209778e-02 5.054168775677680969e-02 -9.977482557296752930e-01
9.881559014320373535e-01 1.480855792760848999e-01 4.023209586739540100e-02 4.579178243875503540e-02 -3.432647883892059326e-02 -9.983610510826110840e-01
2.841958776116371155e-02 -7.210540026426315308e-02 -9.969921112060546875e-01 -9.990348219871520996e-01 -3.546893969178199768e-02 -2.591259963810443878e-02
9.079148769378662109e-01 4.159817099571228027e-01 5.147620290517807007e-02 1.896225959062576294e-01 -2.981013059616088867e-01 -9.355099797248840332e-01
1.131703425198793411e-02 -2.794592678546905518e-01 -9.600908756256103516e-01 -9.690933823585510254e-01 -2.396951168775558472e-01 5.834631249308586121e-02
-9.248013794422149658e-02 -8.182400837540626526e-03 9.956809282302856445e-01 -1.126602641306817532e-03 9.999664425849914551e-01 8.112979121506214142e-03
5.884001851081848145e-01 8.085184097290039062e-01 9.116261266171932220e-03 1.999823749065399170e-02 -3.280788194388151169e-03 -9.997946619987487793e-01
4.534823298454284668e-01 8.911584615707397461e-01 1.379773393273353577e-02 7.242767512798309326e-02 -2.141745574772357941e-02 -9.971436858177185059e-01
9.503405690193176270e-01 3.111574053764343262e-01 5.819369573146104813e-03 2.017173357307910919e-02 -4.292745515704154968e-02 -9.988745450973510742e-01
-8.654091507196426392e-02 9.962342977523803711e-01 5.280160810798406601e-03 6.942755728960037231e-02 1.131802424788475037e-02 -9.975228309631347656e-01
4.964624941349029541e-01 8.679499030113220215e-01 1.370962522923946381e-02 8.488313108682632446e-02 -3.282281756401062012e-02 -9.958501458168029785e-01
1.281655728816986084e-01 9.917451143264770508e-01 3.907951526343822479e-03 8.582843840122222900e-02 -7.165973074734210968e-03 -9.962841272354125977e-01
3.214096724987030029e-01 9.468710422515869141e-01 1.144972071051597595e-02 1.450381129980087280e-01 -3.727651014924049377e-02 -9.887236356735229492e-01
-2.426457218825817108e-02 -7.937719672918319702e-02 -9.965493083000183105e-01 -9.982213973999023438e-01 -5.237497389316558838e-02 2.847706340253353119e-02
-4.294640570878982544e-02 -2.101602256298065186e-01 -9.767232537269592285e-01 -9.989643692970275879e-01 -5.672305822372436523e-03 4.514484107494354248e-02
-5.349666252732276917e-02 2.817880213260650635e-01 -9.579841494560241699e-01 -9.978954195976257324e-01 2.012057043612003326e-02 6.164382398128509521e-02
9.977915883064270020e-01 4.364503547549247742e-02 -5.007011070847511292e-02 -4.888834804296493530e-02 -2.773661352694034576e-02 -9.984190464019775391e-01
9.453578591346740723e-01 -3.207642436027526855e-01 5.838433280587196350e-02 1.099749431014060974e-01 1.451457440853118896e-01 -9.832793474197387695e-01
5.922395586967468262e-01 -8.054729700088500977e-01 -2.157712355256080627e-02 1.073586121201515198e-01 1.054206639528274536e-01 -9.886155128479003906e-01
7.417697310447692871e-01 -6.706461310386657715e-01 3.398755565285682678e-03 1.440529674291610718e-01 1.543764919042587280e-01 -9.774541854858398438e-01
7.051486372947692871e-01 -7.090368270874023438e-01 -5.675468593835830688e-03 1.313325762748718262e-01 1.384697407484054565e-01 -9.816200137138366699e-01
-2.679518074728548527e-04 -1.295171976089477539e-01 -9.915771484375000000e-01 -9.940734505653381348e-01 -1.077601537108421326e-01 1.434397418051958084e-02
4.949816167354583740e-01 -8.683343529701232910e-01 -3.144291415810585022e-02 5.406294763088226318e-02 6.689423322677612305e-02 -9.962943792343139648e-01
6.280204057693481445e-01 -7.776664495468139648e-01 -2.872871607542037964e-02 8.557996898889541626e-02 1.057107746601104736e-01 -9.907075166702270508e-01
4.836186766624450684e-01 -8.745842576026916504e-01 -3.486267104744911194e-02 4.041616991162300110e-02 6.210134178400039673e-02 -9.972512125968933105e-01
7.497382760047912598e-01 -6.612343788146972656e-01 -2.572125010192394257e-02 1.059398874640464783e-01 1.583061665296554565e-01 -9.816903471946716309e-01
-8.793327808380126953e-01 -4.416140317916870117e-01 -1.781878024339675903e-01 -1.608668453991413116e-02 4.015139937400817871e-01 -9.157115817070007324e-01
3.403375856578350067e-03 -3.345433175563812256e-01 9.423742294311523438e-01 -9.956153631210327148e-01 8.696043491363525391e-02 3.446665406227111816e-02
5.905669648200273514e-03 -3.721201717853546143e-01 9.281657934188842773e-01 -9.757995009422302246e-01 -2.050371766090393066e-01 -7.599473744630813599e-02
-1.096677267923951149e-03 -3.399947881698608398e-01 9.404267072677612305e-01 -9.960371851921081543e-01 -8.326224237680435181e-02 -3.126353397965431213e-02
-4.941291175782680511e-03 -3.129229247570037842e-01 9.497656822204589844e-01 -9.926680326461791992e-01 -1.131728664040565491e-01 -4.245199635624885559e-02
-9.825034794630482793e-05 -3.818417787551879883e-01 9.242277145385742188e-01 -9.996208548545837402e-01 2.548757195472717285e-02 1.042384468019008636e-02
3.891402157023549080e-03 -3.951955139636993408e-01 9.185888171195983887e-01 -9.923743009567260742e-01 -1.146976128220558167e-01 -4.514126107096672058e-02
-2.381122438237071037e-03 -3.424199521541595459e-01 9.395440220832824707e-01 -9.905368089675903320e-01 -1.281239390373229980e-01 -4.920555651187896729e-02
2.055843127891421318e-03 -3.808153271675109863e-01 9.246488213539123535e-01 -9.939883351325988770e-01 -1.019972041249275208e-01 -3.979739546775817871e-02
3.079515183344483376e-03 -3.695614337921142578e-01 9.292012453079223633e-01 -9.847435355186462402e-01 -1.627891510725021362e-01 -6.148082762956619263e-02
-6.442597077693790197e-05 -3.485856652259826660e-01 9.372769594192504883e-01 -9.999852180480957031e-01 5.119048058986663818e-03 1.835104892961680889e-03
-2.695477567613124847e-03 -3.618246614933013916e-01 9.322423338890075684e-01 -9.963140487670898438e-01 8.090157061815261841e-02 2.851901948451995850e-02
1.897125737741589546e-03 -3.647096753120422363e-01 9.311193823814392090e-01 -9.996035695075988770e-01 2.546538971364498138e-02 1.201118621975183487e-02
3.723697504028677940e-03 -3.996492922306060791e-01 9.166605472564697266e-01 -9.846244454383850098e-01 -1.615575700998306274e-01 -6.643672287464141846e-02
6.235223263502120972e-04 -3.753028810024261475e-01 9.269020557403564453e-01 -9.897617697715759277e-01 -1.325264573097229004e-01 -5.299418419599533081e-02
2.038280712440609932e-03 -3.916909694671630859e-01 9.200946092605590820e-01 -9.998776912689208984e-01 -1.506815943866968155e-02 -4.199601709842681885e-03
1.718638348393142223e-03 -3.873622417449951172e-01 9.219260215759277344e-01 -9.999985098838806152e-01 -6.901615415699779987e-04 1.574197318404912949e-03
-1.659610192291438580e-03 -3.661473989486694336e-01 9.305554032325744629e-01 -9.857297539710998535e-01 1.572373062372207642e-01 6.011044979095458984e-02
-4.439753890037536621e-01 -8.934302330017089844e-01 -6.832461804151535034e-02 -8.525658398866653442e-02 1.180264130234718323e-01 -9.893438220024108887e-01
-5.929187536239624023e-01 -8.002290129661560059e-01 -8.989395201206207275e-02 -1.101452857255935669e-02 1.196820363402366638e-01 -9.927511811256408691e-01
-6.310207247734069824e-01 -7.651022076606750488e-01 -1.281856894493103027e-01 -3.618648648262023926e-02 1.940877735614776611e-01 -9.803165197372436523e-01
-4.559805095195770264e-01 -8.880288600921630859e-01 -5.904744192957878113e-02 -5.352773144841194153e-02 9.359026700258255005e-02 -9.941708445549011230e-01
-3.323969244956970215e-01 -9.413249492645263672e-01 -5.847749859094619751e-02 -2.126266807317733765e-02 6.946657598018646240e-02 -9.973576664924621582e-01
-3.226443827152252197e-01 -9.451426863670349121e-01 -5.104831233620643616e-02 1.525125466287136078e-03 5.341342464089393616e-02 -9.985713362693786621e-01
-3.072495162487030029e-01 -9.501811861991882324e-01 -5.247335880994796753e-02 -6.076220050454139709e-02 7.461629807949066162e-02 -9.953594207763671875e-01
-6.835526227951049805e-01 -7.150489687919616699e-01 -1.464953571557998657e-01 -2.410300076007843018e-03 2.029159367084503174e-01 -9.791932106018066406e-01
-6.516062021255493164e-01 -7.424615621566772461e-01 -1.554358750581741333e-01 -4.984783381223678589e-02 2.463779002428054810e-01 -9.678910970687866211e-01
-7.237905263900756836e-01 -6.698845624923706055e-01 -1.654750853776931763e-01 -2.915839292109012604e-02 2.692908346652984619e-01 -9.626173973083496094e-01
2.957855537533760071e-02 -4.054903388023376465e-01 9.136207103729248047e-01 -9.449182748794555664e-01 -3.094142675399780273e-01 -1.067348420619964600e-01
-6.492479443550109863e-01 -7.487186193466186523e-01 -1.337815076112747192e-01 -6.355131417512893677e-02 2.286829501390457153e-01 -9.714244008064270020e-01
-7.885876297950744629e-01 -5.959880352020263672e-01 -1.514197587966918945e-01 -6.401001662015914917e-02 3.244642615318298340e-01 -9.437296390533447266e-01
-9.193789958953857422e-01 -3.707086741924285889e-01 -1.315957754850387573e-01 -1.948297023773193359e-03 3.388187587261199951e-01 -9.408496618270874023e-01
-8.896069526672363281e-01 -4.329682290554046631e-01 -1.453893333673477173e-01 -5.280148983001708984e-02 4.136903285980224609e-01 -9.088851809501647949e-01
-7.770448327064514160e-01 -6.154252886772155762e-01 -1.321099847555160522e-01 -1.194490939378738403e-01 3.502438366413116455e-01 -9.290108680725097656e-01
-8.889461159706115723e-01 -4.322476983070373535e-01 -1.514488309621810913e-01 -1.576103456318378448e-02 3.593394458293914795e-01 -9.330738186836242676e-01
-8.962188363075256348e-01 -4.182398319244384766e-01 -1.478760391473770142e-01 -1.234161946922540665e-02 3.567236363887786865e-01 -9.341284632682800293e-01
-5.362169146537780762e-01 -8.370494246482849121e-01 -1.087188869714736938e-01 -1.154061332345008850e-01 2.002951800823211670e-01 -9.729148149490356445e-01
-7.670415043830871582e-01 -6.072162389755249023e-01 -2.072093635797500610e-01 -2.085970342159271240e-02 3.463895618915557861e-01 -9.378588199615478516e-01
-6.351920366287231445e-01 -7.587745785713195801e-01 -1.441952884197235107e-01 -5.366177111864089966e-02 2.296006977558135986e-01 -9.718044996261596680e-01
-7.764049768447875977e-01 -5.968692302703857422e-01 -2.023423910140991211e-01 -3.274576365947723389e-02 3.588302135467529297e-01 -9.328283667564392090e-01
-5.291491746902465820e-01 -8.436544537544250488e-01 -9.082093089818954468e-02 -1.094260811805725098e-01 1.739865839481353760e-01 -9.786493778228759766e-01
-5.310145020484924316e-01 -8.433054089546203613e-01 -8.282272517681121826e-02 -9.043276309967041016e-02 1.535834223031997681e-01 -9.839888811111450195e-01
-8.336412906646728516e-01 -5.245146155357360840e-01 -1.729934662580490112e-01 3.706581890583038330e-02 2.593826949596405029e-01 -9.650630950927734375e-01
-8.286524415016174316e-01 -5.311729907989501953e-01 -1.766082048416137695e-01 -4.345762729644775391e-02 3.755999505519866943e-01 -9.257624745368957520e-01
-7.911757230758666992e-01 -5.823774933815002441e-01 -1.867550313472747803e-01 -1.287376880645751953e-02 3.211512863636016846e-01 -9.469404220581054688e-01
1.367150247097015381e-02 -3.715239763259887695e-01 9.283227324485778809e-01 -9.441571235656738281e-01 -3.104685842990875244e-01 -1.103479117155075073e-01
-9.299545884132385254e-01 -3.488068282604217529e-01 -1.162681654095649719e-01 -1.118366513401269913e-02 3.429147303104400635e-01 -9.393000006675720215e-01
-9.518682956695556641e-01 -2.915858626365661621e-01 -9.446961432695388794e-02 -2.875283593311905861e-03 3.166941106319427490e-01 -9.485234022140502930e-01
-8.712772727012634277e-01 -4.675534963607788086e-01 -1.492302864789962769e-01 -2.529458701610565186e-02 3.464347720146179199e-01 -9.377329945564270020e-01
-9.361941814422607422e-01 -3.319219052791595459e-01 -1.156219914555549622e-01 -8.228912949562072754e-03 3.495624661445617676e-01 -9.368769526481628418e-01
-3.832001239061355591e-02 -2.329182326793670654e-01 -9.717410802841186523e-01 -9.989976286888122559e-01 -1.358716655522584915e-02 4.265158623456954956e-02
9.888035058975219727e-01 1.445428878068923950e-01 -3.708152845501899719e-02 -1.842511631548404694e-02 -1.283337771892547607e-01 -9.915598630905151367e-01
-3.011341579258441925e-02 -1.993578672409057617e-01 -9.794639945030212402e-01 -9.978466629981994629e-01 6.311973929405212402e-02 1.783133298158645630e-02
9.964749813079833984e-01 8.190914243459701538e-02 1.812754943966865540e-02 1.850295439362525940e-02 -3.826423082500696182e-03 -9.998214840888977051e-01
-3.333871439099311829e-02 2.170858681201934814e-01 -9.755830764770507812e-01 -9.928569793701171875e-01 -1.190789192914962769e-01 7.431685924530029297e-03
-3.397611901164054871e-02 -2.753681838512420654e-01 -9.607383012771606445e-01 -9.994091987609863281e-01 4.369031637907028198e-03 3.409144282341003418e-02
9.954708218574523926e-01 9.457210451364517212e-02 9.698210284113883972e-03 1.108989212661981583e-02 -1.420110650360584259e-02 -9.998376965522766113e-01
-4.478031769394874573e-02 -1.311486959457397461e-01 -9.903508424758911133e-01 -9.989299178123474121e-01 1.735448837280273438e-02 4.287004098296165466e-02
-4.717912897467613220e-02 -1.613276004791259766e-01 -9.857726097106933594e-01 -9.979479312896728516e-01 -3.515744209289550781e-02 5.351556837558746338e-02
-2.551592513918876648e-02 4.848720431327819824e-01 -8.742128610610961914e-01 -9.992232322692871094e-01 1.390127651393413544e-02 3.687482699751853943e-02
8.748919963836669922e-01 4.680622220039367676e-01 1.244259625673294067e-01 -1.936441659927368164e-02 2.905106842517852783e-01 -9.566758275032043457e-01
9.320148229598999023e-01 3.487207591533660889e-01 9.870271384716033936e-02 -3.273358196020126343e-02 3.522273302078247070e-01 -9.353418946266174316e-01
-2.248453721404075623e-02 3.087682127952575684e-01 -9.508715271949768066e-01 -9.593324065208435059e-01 -2.743570208549499512e-01 -6.640496104955673218e-02
9.071044325828552246e-01 4.129786789417266846e-01 8.130337297916412354e-02 -5.323887243866920471e-02 3.041871190071105957e-01 -9.511234760284423828e-01
8.670759797096252441e-01 4.963254332542419434e-01 4.289785400032997131e-02 -1.235419213771820068e-01 2.976463437080383301e-01 -9.466488361358642578e-01
8.376369252800941467e-03 3.061866760253906250e-01 -9.519346952438354492e-01 -9.819607734680175781e-01 -1.773137003183364868e-01 -6.567295640707015991e-02
-3.011762397363781929e-03 3.634476065635681152e-01 -9.316098093986511230e-01 -9.996105432510375977e-01 -2.694158628582954407e-02 -7.279083132743835449e-03
1.362244482152163982e-03 3.462908864021301270e-01 -9.381262660026550293e-01 -9.958317875862121582e-01 -8.508692681789398193e-02 -3.285420686006546021e-02
9.901389712467789650e-04 3.694654107093811035e-01 -9.292439818382263184e-01 -9.986077547073364258e-01 -4.864435270428657532e-02 -2.040493860840797424e-02
3.380466485396027565e-03 3.335292935371398926e-01 -9.427336454391479492e-01 -9.972589612007141113e-01 -6.855656951665878296e-02 -2.783058211207389832e-02
3.956451080739498138e-03 3.508497774600982666e-01 -9.364234209060668945e-01 -9.989827275276184082e-01 4.345272108912467957e-02 1.205966249108314514e-02
3.179159248247742653e-03 3.307591676712036133e-01 -9.437098503112792969e-01 -9.806302785873413086e-01 -1.837892234325408936e-01 -6.771948933601379395e-02
-2.069387992378324270e-04 3.475969433784484863e-01 -9.376440644264221191e-01 -9.797490835189819336e-01 -1.878141760826110840e-01 -6.940893828868865967e-02
-2.326940745115280151e-02 3.572936952114105225e-01 -9.337022304534912109e-01 -9.625588059425354004e-01 -2.603109776973724365e-01 -7.562293112277984619e-02
-3.366586752235889435e-03 2.918153107166290283e-01 -9.564688205718994141e-01 -9.966586828231811523e-01 7.707877457141876221e-02 2.702451311051845551e-02
7.072164677083492279e-03 3.645249605178833008e-01 -9.311667680740356445e-01 -9.979580640792846680e-01 6.168552860617637634e-02 1.656866632401943207e-02
-6.420488934963941574e-04 3.639404773712158203e-01 -9.314219951629638672e-01 -9.995223283767700195e-01 -2.901400811970233917e-02 -1.064783800393342972e-02
5.684330128133296967e-03 3.351743817329406738e-01 -9.421389698982238770e-01 -9.730165600776672363e-01 2.191797494888305664e-01 7.210452109575271606e-02
3.999232780188322067e-03 3.112519681453704834e-01 -9.503189921379089355e-01 -9.968820214271545410e-01 7.613204419612884521e-02 2.073986269533634186e-02
1.111576892435550690e-02 3.542182743549346924e-01 -9.350967407226562500e-01 -9.946376681327819824e-01 1.000771224498748779e-01 2.608605287969112396e-02
1.428838260471820831e-02 3.368630409240722656e-01 -9.414452314376831055e-01 -9.915497899055480957e-01 1.261856704950332642e-01 3.010228276252746582e-02
-1.799540035426616669e-02 3.251731097698211670e-01 -9.454833269119262695e-01 -9.537823796272277832e-01 -2.892811000347137451e-01 -8.133696764707565308e-02
-1.697517372667789459e-02 3.228230476379394531e-01 -9.463071823120117188e-01 -9.601742029190063477e-01 -2.692510485649108887e-01 -7.462833076715469360e-02
8.350279927253723145e-01 5.325523018836975098e-01 1.382619440555572510e-01 -1.781136728823184967e-02 2.773230671882629395e-01 -9.606116414070129395e-01
8.603861331939697266e-01 4.916387796401977539e-01 1.342649161815643311e-01 -2.302666753530502319e-02 3.006806373596191406e-01 -9.534469246864318848e-01
8.551099896430969238e-01 5.021663904190063477e-01 1.289028376340866089e-01 -5.089364200830459595e-02 3.287382721900939941e-01 -9.430487751960754395e-01
8.612097501754760742e-01 5.047047138214111328e-01 5.992427468299865723e-02 -9.936151653528213501e-02 2.828181684017181396e-01 -9.540132284164428711e-01
7.844085693359375000e-01 6.059388518333435059e-01 1.324440538883209229e-01 -2.863951399922370911e-02 2.486917674541473389e-01 -9.681591987609863281e-01
8.755284547805786133e-01 4.683552980422973633e-01 1.187155470252037048e-01 -1.226649433374404907e-02 2.671701908111572266e-01 -9.635713100433349609e-01
4.360082149505615234e-01 8.960508704185485840e-01 8.360449969768524170e-02 -1.253952551633119583e-02 9.893971681594848633e-02 -9.950144290924072266e-01
5.466288328170776367e-01 8.310958147048950195e-01 1.023558676242828369e-01 -2.337843179702758789e-03 1.237483993172645569e-01 -9.923108816146850586e-01
5.476908087730407715e-01 8.325448632240295410e-01 8.308889716863632202e-02 -5.993013456463813782e-02 1.380890011787414551e-01 -9.886050224304199219e-01
5.862494111061096191e-01 8.040666580200195312e-01 9.893716126680374146e-02 -4.859529063105583191e-02 1.568076908588409424e-01 -9.864329695701599121e-01
7.646243572235107422e-01 6.342563629150390625e-01 1.143173873424530029e-01 -5.840084701776504517e-02 2.448401451110839844e-01 -9.678030014038085938e-01
7.593712210655212402e-01 6.416195631027221680e-01 1.080724820494651794e-01 -5.976532399654388428e-02 2.341773211956024170e-01 -9.703551530838012695e-01
7.006044387817382812e-01 7.050881981849670410e-01 1.095628142356872559e-01 -9.256756305694580078e-02 2.420589923858642578e-01 -9.658357501029968262e-01
6.650276184082031250e-01 7.374256253242492676e-01 1.180751994252204895e-01 -3.485780581831932068e-02 1.885817199945449829e-01 -9.814386963844299316e-01
-9.524867683649063110e-02 -1.798924244940280914e-02 9.952909350395202637e-01 -6.658614426851272583e-02 9.977125525474548340e-01 1.166076399385929108e-02
7.902054488658905029e-02 9.967032670974731445e-01 1.839595101773738861e-02 3.282906487584114075e-02 1.584178395569324493e-02 -9.993354678153991699e-01
3.516844809055328369e-01 9.338305592536926270e-01 6.541107594966888428e-02 -1.073204819113016129e-02 7.389217615127563477e-02 -9.972085356712341309e-01
3.495773077011108398e-01 9.351582527160644531e-01 5.722548440098762512e-02 -1.651515439152717590e-02 6.722022593021392822e-02 -9.976014494895935059e-01
1.858243495225906372e-01 9.819810390472412109e-01 3.438875451683998108e-02 3.857888281345367432e-02 2.767983824014663696e-02 -9.988721609115600586e-01
1.582094281911849976e-01 9.868990778923034668e-01 3.162352368235588074e-02 1.783721894025802612e-02 2.916510961949825287e-02 -9.994154572486877441e-01
1.579681783914566040e-01 9.868822693824768066e-01 3.330755606293678284e-02 1.749923266470432281e-02 3.092790395021438599e-02 -9.993684887886047363e-01
2.148189544677734375e-01 9.757726788520812988e-01 4.147952795028686523e-02 2.697702124714851379e-02 3.652650490403175354e-02 -9.989684820175170898e-01
3.731973767280578613e-01 9.256132245063781738e-01 6.295998394489288330e-02 -2.498018182814121246e-02 7.786370068788528442e-02 -9.966510534286499023e-01
1.295261383056640625e-01 9.912003874778747559e-01 2.729225158691406250e-02 5.114898830652236938e-02 2.080858871340751648e-02 -9.984742403030395508e-01
3.184735476970672607e-01 9.462698101997375488e-01 5.610820278525352478e-02 3.341616317629814148e-02 4.794629290699958801e-02 -9.982907772064208984e-01
2.725110948085784912e-01 9.605153799057006836e-01 5.610712990164756775e-02 1.439253240823745728e-01 1.696335524320602417e-02 -9.894431829452514648e-01
5.414679646492004395e-01 8.367351293563842773e-01 8.177240937948226929e-02 -5.764999613165855408e-02 1.339891701936721802e-01 -9.893045425415039062e-01
3.920320868492126465e-01 9.186158776283264160e-01 4.955560341477394104e-02 -1.792892999947071075e-02 6.148660555481910706e-02 -9.979469180107116699e-01
3.859917223453521729e-01 9.210135340690612793e-01 5.238837748765945435e-02 -6.591697782278060913e-02 8.418061584234237671e-02 -9.942678809165954590e-01
3.984092772006988525e-01 9.159905910491943359e-01 4.723636433482170105e-02 -2.895184047520160675e-02 6.403369456529617310e-02 -9.975276589393615723e-01
4.183887541294097900e-01 9.057740569114685059e-01 6.726197153329849243e-02 -2.356120012700557709e-02 8.485382050275802612e-02 -9.961147904396057129e-01
1.694586575031280518e-01 9.852027893066406250e-01 2.567586116492748260e-02 6.021911650896072388e-02 1.565308496356010437e-02 -9.980624914169311523e-01
2.771649360656738281e-01 9.603030681610107422e-01 3.158710151910781860e-02 -1.775339618325233459e-02 3.798794746398925781e-02 -9.991204738616943359e-01
2.760636806488037109e-01 9.607173204421997070e-01 2.848129346966743469e-02 -2.149547077715396881e-02 3.579676896333694458e-02 -9.991279244422912598e-01
9.986873865127563477e-01 4.813190922141075134e-02 -1.751982048153877258e-02 -1.784104667603969574e-02 6.252354942262172699e-03 -9.998213052749633789e-01
9.918668270111083984e-01 1.268104612827301025e-01 -1.092159654945135117e-02 -1.173848286271095276e-02 5.696263164281845093e-03 -9.999148845672607422e-01
9.982104301452636719e-01 5.621842667460441589e-02 -2.038148604333400726e-02 -2.172051742672920227e-02 2.331101521849632263e-02 -9.994922876358032227e-01
9.354000091552734375e-01 3.520482480525970459e-01 -3.299791365861892700e-02 -3.788860142230987549e-02 7.009218912571668625e-03 -9.992574453353881836e-01
9.419190883636474609e-01 3.347198367118835449e-01 -2.740771509706974030e-02 -1.266607455909252167e-02 -4.614575952291488647e-02 -9.988543987274169922e-01
3.223402891308069229e-03 3.755367943085730076e-04 -9.999947547912597656e-01 -9.999948143959045410e-01 -1.039649141603149474e-04 -3.223442006856203079e-03
9.999709725379943848e-01 1.213520299643278122e-03 7.521865889430046082e-03 7.523259613662958145e-03 -1.148245180957019329e-03 -9.999710321426391602e-01
9.999985098838806152e-01 -1.527164480648934841e-03 8.756324532441794872e-04 8.752194116823375225e-04 -2.711121924221515656e-04 -9.999996423721313477e-01
9.999923110008239746e-01 3.716034814715385437e-03 1.247836509719491005e-03 1.246394473128020763e-03 3.903543984051793814e-04 -9.999991655349731445e-01
9.999846816062927246e-01 -5.158934276551008224e-03 2.026266651228070259e-03 2.001734450459480286e-03 -4.756036680191755295e-03 -9.999867081642150879e-01
9.997903704643249512e-01 -2.027232758700847626e-02 2.879287814721465111e-03 2.827218966558575630e-03 -2.596669364720582962e-03 -9.999926686286926270e-01
9.999354481697082520e-01 -1.052972022444009781e-02 4.283389542251825333e-03 4.359052516520023346e-03 7.173213176429271698e-03 -9.999647736549377441e-01
2.745470032095909119e-03 -1.650022575631737709e-03 -9.999948740005493164e-01 -9.999956488609313965e-01 1.081330352462828159e-03 -2.747256308794021606e-03
9.994912743568420410e-01 -3.150583431124687195e-02 4.969164263457059860e-03 4.887067247182130814e-03 -2.682245569303631783e-03 -9.999845027923583984e-01
6.742236670106649399e-03 1.205863058567047119e-02 -9.999045729637145996e-01 -9.999601244926452637e-01 5.947942379862070084e-03 -6.670879665762186050e-03
9.966979622840881348e-01 8.114235848188400269e-02 -3.018951974809169769e-03 -2.808725694194436073e-03 -2.704849699512124062e-03 -9.999924302101135254e-01
9.999979734420776367e-01 -1.198875368572771549e-03 1.628781436011195183e-03 1.629373989999294281e-03 4.933722084388136864e-04 -9.999985694885253906e-01
3.684704424813389778e-03 -5.719869513995945454e-04 -9.999930858612060547e-01 -9.999930858612060547e-01 4.828109813388437033e-04 -3.684981027618050575e-03
9.725983142852783203e-01 -2.324082404375076294e-01 6.245848257094621658e-03 -3.762051230296492577e-03 -4.259359091520309448e-02 -9.990854263305664062e-01
9.830663800239562988e-01 -1.831083595752716064e-01 7.204505614936351776e-03 5.886919330805540085e-03 -7.738219574093818665e-03 -9.999527931213378906e-01
9.740323424339294434e-01 -2.263249754905700684e-01 6.169421132653951645e-03 1.816613227128982544e-02 5.096218734979629517e-02 -9.985353350639343262e-01
9.999909400939941406e-01 -1.036600093357264996e-03 -4.129257518798112869e-03 -4.129401873797178268e-03 -1.374838175252079964e-04 -9.999914765357971191e-01
9.999747872352600098e-01 -6.669996306300163269e-03 -2.467680489644408226e-03 -2.430761232972145081e-03 5.537568125873804092e-03 -9.999817609786987305e-01
9.999588727951049805e-01 -1.011683139950037003e-03 -9.017431177198886871e-03 -9.017156437039375305e-03 2.756399044301360846e-04 -9.999593496322631836e-01
2.696270355954766273e-03 1.344813732430338860e-03 -9.999954700469970703e-01 -9.999958872795104980e-01 -1.015004352666437626e-03 -2.697636606171727180e-03
9.998816847801208496e-01 1.194293261505663395e-03 -1.533612702041864395e-02 -1.533592212945222855e-02 -1.805619685910642147e-04 -9.998824000358581543e-01
3.597873495891690254e-03 4.158187366556376219e-04 -9.999934434890747070e-01 -9.999935626983642578e-01 -1.228699547937139869e-04 -3.597925184294581413e-03
1.698564738035202026e-03 4.084009269718080759e-04 -9.999985098838806152e-01 -9.999985098838806152e-01 -4.008241812698543072e-04 -1.698728417977690697e-03
-2.315104007720947266e-02 -3.616156280040740967e-01 9.320397973060607910e-01 -9.545900225639343262e-01 2.849805057048797607e-01 8.685642480850219727e-02
-4.140540957450866699e-02 -4.065632522106170654e-01 9.126839041709899902e-01 -9.386113286018371582e-01 3.289429843425750732e-01 1.039489731192588806e-01
9.243469834327697754e-01 3.812058269977569580e-01 -1.627291738986968994e-02 -2.067990414798259735e-02 7.466891314834356308e-03 -9.997583031654357910e-01
9.283813238143920898e-01 3.698804676532745361e-01 -3.600801527500152588e-02 -3.765318542718887329e-02 -2.773408778011798859e-03 -9.992870688438415527e-01
9.606379270553588867e-01 2.771189510822296143e-01 1.948932185769081116e-02 2.803168073296546936e-02 -2.689708396792411804e-02 -9.992451667785644531e-01
-5.475770235061645508e-01 8.231967091560363770e-01 1.500220298767089844e-01 7.533790171146392822e-02 2.270646691322326660e-01 -9.709613323211669922e-01
-5.490405559539794922e-01 8.224989771842956543e-01 1.484921276569366455e-01 7.244486361742019653e-02 2.238294333219528198e-01 -9.719321727752685547e-01
-5.008751749992370605e-01 8.556729555130004883e-01 1.301840394735336304e-01 1.140303015708923340e-01 2.143388390541076660e-01 -9.700803756713867188e-01
9.765968322753906250e-01 2.148142158985137939e-01 1.065289974212646484e-02 2.307888865470886230e-02 -5.542038753628730774e-02 -9.981964230537414551e-01
9.589145779609680176e-01 -2.820605337619781494e-01 -3.040958568453788757e-02 -2.350368723273277283e-02 2.783575281500816345e-02 -9.993361830711364746e-01
-8.622764348983764648e-01 4.828038811683654785e-01 1.529044657945632935e-01 9.545727074146270752e-02 4.514533877372741699e-01 -8.871740698814392090e-01
-7.729506492614746094e-01 6.039645671844482422e-01 1.943559944629669189e-01 8.252710103988647461e-03 3.158746957778930664e-01 -9.487650394439697266e-01
-5.974432453513145447e-02 -3.993751108646392822e-01 9.148389101028442383e-01 -9.980700016021728516e-01 3.945095464587211609e-02 -4.795739054679870605e-02
-4.604059085249900818e-02 -2.968581616878509521e-01 9.538110494613647461e-01 -9.719504714012145996e-01 2.337622344493865967e-01 2.583851665258407593e-02
-7.404063642024993896e-02 -4.476562142372131348e-01 8.911351561546325684e-01 -9.890909194946289062e-01 1.470725238323211670e-01 -8.298393338918685913e-03
-7.628337293863296509e-02 -3.443302810192108154e-01 9.357443451881408691e-01 -9.346639513969421387e-01 3.515355288982391357e-01 5.316088348627090454e-02
-8.878557085990905762e-01 4.588290452957153320e-01 3.447082266211509705e-02 1.352781355381011963e-01 3.319060206413269043e-01 -9.335621595382690430e-01
-8.752669095993041992e-01 4.823884665966033936e-01 3.477438166737556458e-02 1.188922077417373657e-01 2.843029499053955078e-01 -9.513340592384338379e-01
-7.274793088436126709e-02 -4.098064005374908447e-01 9.092670083045959473e-01 -9.738407731056213379e-01 2.259681075811386108e-01 2.392946369946002960e-02
-4.708489403128623962e-02 -3.548115491867065430e-01 9.337514638900756836e-01 -9.983448982238769531e-01 4.761876165866851807e-02 -3.224762901663780212e-02
-8.324366807937622070e-01 5.529550313949584961e-01 3.591439127922058105e-02 6.601680815219879150e-02 1.633181273937225342e-01 -9.843622446060180664e-01
-8.506073951721191406e-01 5.242660045623779297e-01 4.015285149216651917e-02 1.436731219291687012e-01 3.052052259445190430e-01 -9.413861632347106934e-01
-8.593180775642395020e-01 5.100886225700378418e-01 3.717552870512008667e-02 9.745721518993377686e-02 2.346691638231277466e-01 -9.671776294708251953e-01
-8.680831193923950195e-01 4.950655996799468994e-01 3.663067519664764404e-02 1.463748812675476074e-01 3.257756531238555908e-01 -9.340474605560302734e-01
-1.188068166375160217e-01 -5.348126888275146484e-01 8.365765810012817383e-01 -9.816737174987792969e-01 1.897044181823730469e-01 -1.813725382089614868e-02
-5.605004355311393738e-02 -3.315706551074981689e-01 9.417639374732971191e-01 -9.949023127555847168e-01 9.774692356586456299e-02 -2.479847520589828491e-02
-6.235185265541076660e-02 -3.788763880729675293e-01 9.233444929122924805e-01 -9.873906970024108887e-01 1.582933366298675537e-01 -1.724202185869216919e-03
-8.808287382125854492e-01 4.718652665615081787e-01 3.852239623665809631e-02 1.288370788097381592e-01 3.172043263912200928e-01 -9.395650625228881836e-01
-6.392303854227066040e-02 -3.489137589931488037e-01 9.349722266197204590e-01 -9.631218910217285156e-01 2.669382393360137939e-01 3.376865386962890625e-02
-8.990665078163146973e-01 4.364796876907348633e-01 3.413128480315208435e-02 1.034156903624534607e-01 2.874750792980194092e-01 -9.521886706352233887e-01
-6.670910865068435669e-02 -3.498788774013519287e-01 9.344167709350585938e-01 -9.596796631813049316e-01 2.787970006465911865e-01 3.587886318564414978e-02
-1.276290714740753174e-01 -4.221847355365753174e-01 8.974803090095520020e-01 -9.273358583450317383e-01 3.717515468597412109e-01 4.300129413604736328e-02
-7.696919441223144531e-01 6.364773511886596680e-01 4.970801621675491333e-02 1.083848178386688232e-01 2.070063501596450806e-01 -9.723173379898071289e-01
-7.574139237403869629e-01 1.666164025664329529e-02 -6.527224183082580566e-01 1.784878075122833252e-01 9.668813943862915039e-01 -1.824348419904708862e-01
6.330082542262971401e-04 -5.001767873764038086e-01 8.659231066703796387e-01 -9.976998567581176758e-01 -5.901132151484489441e-02 -3.335693851113319397e-02
-3.904268844053149223e-03 -2.602352201938629150e-01 9.655373692512512207e-01 -9.947693943977355957e-01 -9.754522889852523804e-02 -3.031322918832302094e-02
-8.197593688964843750e-01 1.819011382758617401e-02 -5.724192857742309570e-01 7.276498526334762573e-02 9.947034120559692383e-01 -7.259714603424072266e-02
-8.639876246452331543e-01 3.510894998908042908e-02 -5.022876262664794922e-01 1.159207895398139954e-01 9.846387505531311035e-01 -1.305716037750244141e-01
-9.837937355041503906e-01 -1.784363538026809692e-01 1.761775277554988861e-02 -4.285198450088500977e-02 1.385708451271057129e-01 -9.894250035285949707e-01
-9.912942051887512207e-01 1.364327501505613327e-02 -1.309569329023361206e-01 5.378661677241325378e-03 9.979828000068664551e-01 6.325680017471313477e-02
-2.267595976591110229e-01 -9.737423062324523926e-01 2.015213109552860260e-02 1.519070118665695190e-01 -5.579799786210060120e-02 -9.868185520172119141e-01
-5.190693736076354980e-01 3.700708225369453430e-02 -8.539305925369262695e-01 1.203672140836715698e-01 9.922710657119750977e-01 -3.016389533877372742e-02
-4.672623872756958008e-01 1.929834857583045959e-02 -8.839080929756164551e-01 6.842764467000961304e-02 9.975522756576538086e-01 -1.439352240413427353e-02
-1.158011727966368198e-04 -1.576840877532958984e-01 9.874896407127380371e-01 -9.983560442924499512e-01 -5.658147484064102173e-02 -9.152103215456008911e-03
-3.051078529097139835e-04 -1.178565397858619690e-01 9.930306077003479004e-01 -9.997608065605163574e-01 -2.168011479079723358e-02 -2.880251733586192131e-03
6.458085408667102456e-05 -1.631177663803100586e-01 9.866065979003906250e-01 -9.998579621315002441e-01 -1.664143986999988556e-02 -2.685916377231478691e-03
-9.978632330894470215e-01 -6.505369395017623901e-02 6.092588882893323898e-03 -9.453183040022850037e-03 5.147660523653030396e-02 -9.986294507980346680e-01
-1.697317202342674136e-04 -1.518288850784301758e-01 9.884068369865417480e-01 -9.997001886367797852e-01 -2.417637966573238373e-02 -3.885396989062428474e-03
1.150769647210836411e-03 -6.789674609899520874e-02 9.976917505264282227e-01 -9.996098875999450684e-01 -2.791962586343288422e-02 -7.470552809536457062e-04
-9.970262646675109863e-01 -7.684747129678726196e-02 5.764285102486610413e-03 -8.710224181413650513e-03 3.805502504110336304e-02 -9.992377161979675293e-01
1.822618651203811169e-04 -9.501846134662628174e-02 9.954755306243896484e-01 -9.996899962425231934e-01 -2.480285242199897766e-02 -2.184406621381640434e-03
-9.582349061965942383e-01 -2.854481637477874756e-01 1.747309416532516479e-02 -3.146561607718467712e-02 4.450660571455955505e-02 -9.985134601593017578e-01
6.097659002989530563e-03 -8.512105047702789307e-02 9.963519573211669922e-01 -9.982787966728210449e-01 -5.863654240965843201e-02 1.099972054362297058e-03
-9.621356725692749023e-01 -2.708362340927124023e-01 3.070274181663990021e-02 -3.736922517418861389e-02 1.949075236916542053e-02 -9.991114735603332520e-01
-9.936480522155761719e-01 -1.122315376996994019e-01 8.226694539189338684e-03 -1.081133447587490082e-02 2.244039438664913177e-02 -9.996897578239440918e-01
-7.143182158470153809e-01 -6.695495247840881348e-01 2.036001086235046387e-01 -4.753780364990234375e-01 2.507294416427612305e-01 -8.432973623275756836e-01
-9.899455308914184570e-01 -1.409992724657058716e-01 1.127653103321790695e-02 -1.302930433303117752e-02 1.151408161967992783e-02 -9.998488426208496094e-01
-9.626992344856262207e-01 -2.685539126396179199e-01 3.300049901008605957e-02 -4.043814539909362793e-02 2.220934629440307617e-02 -9.989352226257324219e-01
9.998012185096740723e-01 -1.059210766106843948e-02 1.689427345991134644e-02 1.689497195184230804e-02 -2.347950066905468702e-05 -9.998573064804077148e-01
9.997152090072631836e-01 1.882869168184697628e-03 2.379143610596656799e-02 2.379032038152217865e-02 6.112257251515984535e-04 -9.997168183326721191e-01
1.039855554699897766e-02 -3.551490081008523703e-04 -9.999458789825439453e-01 -9.999459385871887207e-01 -4.668806286645121872e-05 -1.039853971451520920e-02
2.283828705549240112e-02 2.163441106677055359e-02 -9.995051026344299316e-01 -9.997169375419616699e-01 -6.182897370308637619e-03 -2.297695726156234741e-02
2.352157235145568848e-02 5.882210657000541687e-02 -9.979913234710693359e-01 -9.995613098144531250e-01 -1.659042760729789734e-02 -2.453642152249813080e-02
9.986755251884460449e-01 -4.240442067384719849e-02 2.913916297256946564e-02 3.065370954573154449e-02 3.551597520709037781e-02 -9.988988637924194336e-01
2.388081140816211700e-02 1.096149161458015442e-01 -9.936872124671936035e-01 -9.996347427368164062e-01 -9.962454438209533691e-03 -2.512272074818611145e-02
3.203598409891128540e-02 1.404004544019699097e-01 -9.895763993263244629e-01 -9.969350099563598633e-01 7.519181817770004272e-02 -2.160604484379291534e-02
9.986739158630371094e-01 -4.299124702811241150e-02 2.832193672657012939e-02 2.972256205976009369e-02 3.229744732379913330e-02 -9.990363121032714844e-01
9.994301795959472656e-01 3.310738131403923035e-02 6.581889931112527847e-03 6.492046639323234558e-03 2.820458495989441872e-03 -9.999749660491943359e-01
9.999349713325500488e-01 6.968590896576642990e-03 9.032970294356346130e-03 9.040193632245063782e-03 -1.005817437544465065e-03 -9.999586939811706543e-01
2.100631594657897949e-02 -3.282135876361280680e-04 -9.997792840003967285e-01 -9.997793436050415039e-01 1.397012238157913089e-04 -2.100636251270771027e-02
2.387309633195400238e-02 1.124479100108146667e-01 -9.933708310127258301e-01 -9.997018575668334961e-01 -2.417438197880983353e-03 -2.429889515042304993e-02
1.592339761555194855e-02 2.315454632043838501e-01 -9.726937413215637207e-01 -9.983652830123901367e-01 -4.972562566399574280e-02 -2.818061783909797668e-02
9.714270830154418945e-01 2.361377924680709839e-01 2.384255267679691315e-02 1.688928715884685516e-02 3.142513707280158997e-02 -9.993634223937988281e-01
8.974972963333129883e-01 -4.406453967094421387e-01 1.817300356924533844e-02 2.478669211268424988e-02 9.257667697966098785e-03 -9.996498823165893555e-01
2.611445263028144836e-02 -1.236768322996795177e-03 -9.996582269668579102e-01 -9.996584057807922363e-01 -1.092867460101842880e-03 -2.611310593783855438e-02
9.996387362480163574e-01 2.327687339857220650e-03 2.677737548947334290e-02 2.677983231842517853e-02 -1.030252664349973202e-03 -9.996408224105834961e-01
9.996642470359802246e-01 1.812038710340857506e-03 2.584971114993095398e-02 2.585055306553840637e-02 -4.421299381647258997e-04 -9.996657371520996094e-01
2.792425826191902161e-02 -4.234968684613704681e-03 -9.996011257171630859e-01 -9.996095299720764160e-01 9.134670835919678211e-04 -2.792836539447307587e-02
2.732620760798454285e-02 2.062875078991055489e-03 -9.996244907379150391e-01 -9.996262192726135254e-01 -8.253621635958552361e-04 -2.732795476913452148e-02
2.775675244629383087e-02 2.582397777587175369e-03 -9.996113777160644531e-01 -9.996131658554077148e-01 -1.693188911303877831e-03 -2.776117622852325439e-02
-2.940863184630870819e-02 -3.753230571746826172e-01 9.264274239540100098e-01 -9.481164813041687012e-01 3.039980828762054443e-01 9.306142479181289673e-02
-8.494952321052551270e-01 4.987699091434478760e-01 1.720069795846939087e-01 1.321618445217609406e-02 3.460347354412078857e-01 -9.381286501884460449e-01
-3.030732832849025726e-02 -3.764043748378753662e-01 9.259596467018127441e-01 -9.475482702255249023e-01 3.057053089141845703e-01 9.325587749481201172e-02
-9.308807849884033203e-01 3.447727262973785400e-01 1.208006069064140320e-01 2.003606408834457397e-02 3.783521056175231934e-01 -9.254449605941772461e-01
-8.494626283645629883e-01 4.999787211418151855e-01 1.686256229877471924e-01 -1.465577073395252228e-02 2.970989346504211426e-01 -9.547342658042907715e-01
2.767002284526824951e-01 9.609121680259704590e-01 -9.208160452544689178e-03 -4.425309225916862488e-02 3.169641131535172462e-03 -9.990153312683105469e-01
9.733303785324096680e-01 -2.293034046888351440e-01 6.927448790520429611e-03 1.108267065137624741e-02 1.683820225298404694e-02 -9.997968077659606934e-01
3.577755987644195557e-01 9.337651133537292480e-01 -8.904719725251197815e-03 -6.841626949608325958e-03 -6.914513185620307922e-03 -9.999527335166931152e-01
-5.492600798606872559e-01 8.217436671257019043e-01 1.518248021602630615e-01 -9.656749665737152100e-03 1.754306256771087646e-01 -9.844444394111633301e-01
-7.218930125236511230e-01 6.670260429382324219e-01 1.842463016510009766e-01 6.235466897487640381e-02 3.278667926788330078e-01 -9.426639080047607422e-01
-5.623013973236083984e-01 8.121665120124816895e-01 1.555722951889038086e-01 5.042741447687149048e-02 2.214592695236206055e-01 -9.738649129867553711e-01
-2.783474624156951904e-01 9.583324790000915527e-01 6.419999897480010986e-02 1.840382628142833710e-02 7.215076684951782227e-02 -9.972239732742309570e-01
-1.128097549080848694e-01 9.928662180900573730e-01 3.860966116189956665e-02 6.499402225017547607e-02 4.614797234535217285e-02 -9.968180656433105469e-01
-2.332252860069274902e-01 9.708620905876159668e-01 5.507100000977516174e-02 6.497558206319808960e-02 7.206490635871887207e-02 -9.952813386917114258e-01
-2.850252687931060791e-01 9.564501643180847168e-01 6.295766681432723999e-02 -9.413605183362960815e-02 3.743280842900276184e-02 -9.948554039001464844e-01
-5.352834463119506836e-01 8.330307602882385254e-01 1.397552490234375000e-01 2.013608813285827637e-02 1.779926270246505737e-01 -9.838258028030395508e-01
-4.069779217243194580e-01 9.074971079826354980e-01 1.040099337697029114e-01 -6.491094827651977539e-03 1.109903007745742798e-01 -9.938002824783325195e-01
-1.266338825225830078e-01 9.911559820175170898e-01 3.967070579528808594e-02 -9.718401357531547546e-03 3.875106945633888245e-02 -9.992016553878784180e-01
-1.255996227264404297e-01 9.914799928665161133e-01 3.452836349606513977e-02 -3.980896435678005219e-04 3.475360572338104248e-02 -9.993958473205566406e-01
-3.096840381622314453e-01 9.480508565902709961e-01 7.276993989944458008e-02 3.105301409959793091e-03 7.754030078649520874e-02 -9.969843626022338867e-01
4.375630617141723633e-02 9.989867806434631348e-01 1.052691321820020676e-02 1.372666936367750168e-02 9.934841655194759369e-03 -9.998564720153808594e-01
1.069072932004928589e-01 9.942444562911987305e-01 6.982022430747747421e-03 -5.364616960287094116e-02 1.278012059628963470e-02 -9.984782338142395020e-01
-4.046907424926757812e-01 9.082731008529663086e-01 1.061387881636619568e-01 4.059134796261787415e-02 1.337958276271820068e-01 -9.901772737503051758e-01
-5.566287636756896973e-01 8.176996707916259766e-01 1.467370241880416870e-01 7.989782840013504028e-02 2.285024821758270264e-01 -9.702592492103576660e-01
-3.766666352748870850e-01 9.205628633499145508e-01 1.033742278814315796e-01 8.350297063589096069e-02 1.448803097009658813e-01 -9.859193563461303711e-01
-4.006476700305938721e-01 9.101253151893615723e-01 1.056094020605087280e-01 1.103663537651300430e-02 1.200504451990127563e-01 -9.927064776420593262e-01
-1.237179562449455261e-01 9.918012619018554688e-01 3.200312703847885132e-02 8.279284834861755371e-02 4.245533794164657593e-02 -9.956620931625366211e-01
3.808587491512298584e-01 -6.301598250865936279e-02 9.224834442138671875e-01 1.058190464973449707e-01 9.940904974937438965e-01 2.421883493661880493e-02
-1.578290015459060669e-01 -1.901206746697425842e-02 9.872834682464599609e-01 -5.434615164995193481e-02 9.984665513038635254e-01 1.053954008966684341e-02
9.086657166481018066e-01 4.157993197441101074e-01 -3.791655600070953369e-02 -3.997442498803138733e-02 -3.758057020604610443e-03 -9.991936683654785156e-01
8.712416291236877441e-01 4.896794259548187256e-01 -3.394317626953125000e-02 -5.288440361618995667e-02 2.489373646676540375e-02 -9.982903003692626953e-01
8.930990099906921387e-01 4.481241703033447266e-01 -3.948311507701873779e-02 -5.516088381409645081e-02 2.198204025626182556e-02 -9.982355237007141113e-01
2.266005612909793854e-02 3.862142190337181091e-02 -9.989969730377197266e-01 -9.995917081832885742e-01 -1.651895418763160706e-02 -2.331217192113399506e-02
2.758715674281120300e-02 -1.318195164203643799e-01 -9.908898472785949707e-01 -9.966435432434082031e-01 7.280472666025161743e-02 -3.743266314268112183e-02
9.994850158691406250e-01 -2.997213415801525116e-02 1.146447658538818359e-02 1.197047438472509384e-02 1.675774715840816498e-02 -9.997879266738891602e-01
8.165000006556510925e-03 5.851402133703231812e-02 -9.982532262802124023e-01 -9.998320341110229492e-01 -1.590829342603683472e-02 -9.110400453209877014e-03
2.387775480747222900e-02 -5.764015913009643555e-01 -8.168176412582397461e-01 -9.975975751876831055e-01 3.941051289439201355e-02 -5.697315186262130737e-02
9.863319396972656250e-01 -1.634509712457656860e-01 -2.081265673041343689e-02 -2.062565460801124573e-02 2.841237466782331467e-03 -9.997832775115966797e-01
9.772675633430480957e-01 -2.080598473548889160e-01 -4.073401540517807007e-02 -5.900600925087928772e-02 -8.238171041011810303e-02 -9.948525428771972656e-01
9.437763690948486328e-01 3.279435336589813232e-01 -4.170586913824081421e-02 -9.924072027206420898e-02 1.607165038585662842e-01 -9.819986820220947266e-01
9.363602995872497559e-01 3.490639328956604004e-01 -3.719947859644889832e-02 -9.921731054782867432e-02 1.615121960639953613e-01 -9.818705320358276367e-01
-5.938183665275573730e-01 8.034375905990600586e-01 -4.321853071451187134e-02 7.449221611022949219e-02 1.414466649293899536e-03 -9.972205758094787598e-01
-7.098628282546997070e-01 7.025582790374755859e-01 -5.006688460707664490e-02 7.531772553920745850e-02 5.040466785430908203e-03 -9.971468448638916016e-01
-7.416423559188842773e-01 6.690467000007629395e-01 -4.840597137808799744e-02 7.035732851363718510e-04 -7.138613611459732056e-02 -9.974485635757446289e-01
-9.996175169944763184e-01 2.765595912933349609e-02 -1.358516747131943703e-04 4.381420149002224207e-05 -3.328522900119423866e-03 -9.999944567680358887e-01
-9.844862818717956543e-01 1.753484755754470825e-01 -6.301526445895433426e-03 7.023715879768133163e-03 3.498291596770286560e-03 -9.999692440032958984e-01
-3.219490051269531250e-01 9.466319680213928223e-01 -1.538934744894504547e-02 3.761574625968933105e-02 -3.452251665294170380e-03 -9.992862939834594727e-01
-1.392782330513000488e-01 9.902221560478210449e-01 -7.854474708437919617e-03 4.757733270525932312e-02 -1.231124158948659897e-03 -9.988668560981750488e-01
-9.485732018947601318e-02 -6.819417234510183334e-03 9.954675436019897461e-01 -6.049669533967971802e-02 9.981678724288940430e-01 1.073232968337833881e-03
-3.224836289882659912e-01 9.465616345405578613e-01 -5.045059137046337128e-03 1.495481431484222412e-01 4.568517953157424927e-02 -9.876984953880310059e-01
-3.033052384853363037e-01 9.528575539588928223e-01 -8.276580832898616791e-03 1.022837534546852112e-01 2.392005547881126404e-02 -9.944676756858825684e-01
-3.100341558456420898e-01 9.506401419639587402e-01 -1.273583993315696716e-02 1.113492920994758606e-01 2.300432510673999786e-02 -9.935150742530822754e-01
6.398575305938720703e-01 -7.674332857131958008e-01 -4.035450890660285950e-02 -2.967832982540130615e-01 -1.983272880315780640e-01 -9.341230988502502441e-01
1.113214492797851562e-01 -9.936776161193847656e-01 -1.457041501998901367e-02 7.910551503300666809e-03 1.554710604250431061e-02 -9.998478889465332031e-01
-4.809891581535339355e-01 -5.111714452505111694e-02 8.752351403236389160e-01 -8.404625207185745239e-02 9.963895678520202637e-01 1.200506556779146194e-02
9.703317880630493164e-01 2.398872375488281250e-01 3.017166629433631897e-02 3.897650539875030518e-02 -3.204382583498954773e-02 -9.987262487411499023e-01
9.494287371635437012e-01 -3.139778673648834229e-01 1.723710563965141773e-03 6.118288729339838028e-05 -5.304824560880661011e-03 -9.999859333038330078e-01
9.286423921585083008e-01 -3.709281682968139648e-01 5.977035965770483017e-03 1.346394419670104980e-03 -1.274161785840988159e-02 -9.999179244041442871e-01
6.245762109756469727e-01 7.804027199745178223e-01 2.960061281919479370e-02 3.463684767484664917e-02 1.018444448709487915e-02 -9.993481040000915527e-01
9.593670964241027832e-01 -2.819867134094238281e-01 9.919377975165843964e-03 -6.577237695455551147e-02 -2.576789259910583496e-01 -9.639894366264343262e-01
9.911838173866271973e-01 -1.312410384416580200e-01 1.817876659333705902e-02 2.246874943375587463e-02 3.128124028444290161e-02 -9.992580413818359375e-01
9.032512903213500977e-01 -4.291053414344787598e-01 2.403553342446684837e-03 1.529398187994956970e-02 2.659460157155990601e-02 -9.995293021202087402e-01
9.692193269729614258e-01 2.460764944553375244e-01 7.763911504298448563e-03 1.288078445941209793e-02 -1.919105276465415955e-02 -9.997328519821166992e-01
9.858202338218688965e-01 1.661094427108764648e-01 -2.379468083381652832e-02 -2.071124315261840820e-02 -2.027049846947193146e-02 -9.995799660682678223e-01
1.960400789976119995e-01 9.805434942245483398e-01 1.013741455972194672e-02 5.689825490117073059e-02 -1.053857617080211639e-03 -9.983794093132019043e-01
9.719192385673522949e-01 2.353017777204513550e-01 -2.462459960952401161e-03 -3.285181941464543343e-03 3.104510717093944550e-03 -9.999898076057434082e-01
1.217207983136177063e-01 9.922928214073181152e-01 2.321686968207359314e-02 6.504114717245101929e-02 1.536653749644756317e-02 -9.977642297744750977e-01
-4.040129184722900391e-01 -1.356715857982635498e-01 9.046363234519958496e-01 1.063600033521652222e-01 9.752655029296875000e-01 1.937647610902786255e-01
9.470626711845397949e-01 3.193986713886260986e-01 3.250951319932937622e-02 4.284320399165153503e-02 -2.537898533046245575e-02 -9.987594485282897949e-01
7.088320851325988770e-01 7.040888667106628418e-01 4.261470213532447815e-02 8.701385557651519775e-02 -2.732768654823303223e-02 -9.958322644233703613e-01
1.210803911089897156e-01 9.923859238624572754e-01 2.257504314184188843e-02 4.673248156905174255e-02 1.701829768717288971e-02 -9.987624883651733398e-01
1.801825761795043945e-01 9.834442138671875000e-01 1.928123086690902710e-02 1.043820008635520935e-02 1.768923923373222351e-02 -9.997890591621398926e-01
6.158978343009948730e-01 7.872841954231262207e-01 2.921649441123008728e-02 8.377215266227722168e-02 -2.857069857418537140e-02 -9.960752725601196289e-01
2.162942886352539062e-01 9.761586785316467285e-01 1.819423958659172058e-02 1.105126515030860901e-01 -5.962954834103584290e-03 -9.938568472862243652e-01
5.427162647247314453e-01 8.391718864440917969e-01 -3.534986078739166260e-02 -1.242560148239135742e-01 3.859328478574752808e-02 -9.914993643760681152e-01
9.643326997756958008e-01 2.606331706047058105e-01 -4.618353396654129028e-02 -5.494090914726257324e-02 2.641134336590766907e-02 -9.981402754783630371e-01
9.862074255943298340e-01 1.629865765571594238e-01 -2.881431952118873596e-02 -2.600678056478500366e-02 -1.933352649211883545e-02 -9.994748234748840332e-01
9.783890247344970703e-01 1.975109279155731201e-01 -6.119187176227569580e-02 -6.755407899618148804e-02 2.563012391328811646e-02 -9.973863363265991211e-01
6.185085177421569824e-01 7.857671976089477539e-01 -4.140914883464574814e-03 -2.211215160787105560e-02 1.213712710887193680e-02 -9.996818304061889648e-01
4.898130297660827637e-01 8.716231584548950195e-01 -1.887465454638004303e-02 -9.160821139812469482e-02 2.992588654160499573e-02 -9.953454136848449707e-01
4.730548858642578125e-01 8.800620436668395996e-01 -4.135125502943992615e-02 -2.007926106452941895e-01 6.199340149760246277e-02 -9.776703715324401855e-01
6.610501091927289963e-03 -9.420155882835388184e-01 -3.355040252208709717e-01 -9.938350319862365723e-01 -4.332149028778076172e-02 1.020547300577163696e-01
5.857589840888977051e-01 8.030709624290466309e-01 1.093772500753402710e-01 -9.879671037197113037e-02 2.046961784362792969e-01 -9.738268852233886719e-01
6.161093115806579590e-01 7.783302068710327148e-01 1.208778843283653259e-01 -6.969842314720153809e-02 2.067347764968872070e-01 -9.759113192558288574e-01
4.289888441562652588e-01 8.987709879875183105e-01 9.043958783149719238e-02 1.313618756830692291e-02 9.390252828598022461e-02 -9.954947233200073242e-01
5.378618240356445312e-01 8.359577059745788574e-01 1.089926287531852722e-01 -1.094243023544549942e-02 1.361982077360153198e-01 -9.906212091445922852e-01
5.360311865806579590e-01 8.389149904251098633e-01 9.429896622896194458e-02 -6.860621273517608643e-02 1.546224206686019897e-01 -9.855887293815612793e-01
5.621984004974365234e-01 8.193820118904113770e-01 1.120096147060394287e-01 -4.021944850683212280e-02 1.623695790767669678e-01 -9.859100580215454102e-01
6.094300150871276855e-01 7.846133708953857422e-01 1.139166802167892456e-01 -6.544821429997682571e-03 1.486555486917495728e-01 -9.888674020767211914e-01
-7.144024968147277832e-02 -7.870856523513793945e-01 -6.126928925514221191e-01 -9.674346446990966797e-01 2.042211890220642090e-01 -1.495460569858551025e-01
-5.986472964286804199e-01 -7.953091859817504883e-01 -9.541885554790496826e-02 -4.906757548451423645e-02 1.553092300891876221e-01 -9.866465330123901367e-01
-3.547787964344024658e-01 -9.328660964965820312e-01 -6.239261850714683533e-02 -1.060019582509994507e-01 1.064374446868896484e-01 -9.886529445648193359e-01
-8.689234852790832520e-01 2.761039137840270996e-01 -4.107780158519744873e-01 8.927381038665771484e-02 9.037625193595886230e-01 4.186209440231323242e-01
-9.517742693424224854e-02 -8.453336954116821289e-01 -5.256921648979187012e-01 -9.733999967575073242e-01 1.895923614501953125e-01 -1.286363750696182251e-01
4.698466360569000244e-01 8.786586523056030273e-01 8.487154543399810791e-02 -2.077002823352813721e-02 1.071218028664588928e-01 -9.940289855003356934e-01
6.107714399695396423e-02 -9.301786422729492188e-01 -3.619908392429351807e-01 -9.949496984481811523e-01 -2.779529988765716553e-02 -9.645018726587295532e-02
-9.999926090240478516e-01 3.345505334436893463e-03 -1.911933184601366520e-03 1.913747866638004780e-03 5.393530591391026974e-04 -9.999980330467224121e-01
-9.999597072601318359e-01 7.746658287942409515e-03 -4.545674659311771393e-03 4.545893520116806030e-03 1.066468030330725014e-05 -9.999896883964538574e-01
-9.993616342544555664e-01 -3.558968007564544678e-02 -3.123542526736855507e-03 3.273395588621497154e-03 -4.153083078563213348e-03 -9.999860525131225586e-01
-9.994795322418212891e-01 -3.222784027457237244e-02 -1.420256681740283966e-03 1.477480167523026466e-03 -1.751848496496677399e-03 -9.999973773956298828e-01
-9.986314177513122559e-01 -4.853195324540138245e-02 -1.949302852153778076e-02 2.015113830566406250e-02 -1.310814078897237778e-02 -9.997110366821289062e-01
-9.990932345390319824e-01 -4.005314037203788757e-02 -1.444051600992679596e-02 1.469684578478336334e-02 -6.112633273005485535e-03 -9.998733401298522949e-01
-9.991320371627807617e-01 -3.998730331659317017e-02 -1.166946813464164734e-02 1.192232407629489899e-02 -6.090719718486070633e-03 -9.999104142189025879e-01
-9.997004270553588867e-01 -2.357886172831058502e-02 -6.565276999026536942e-03 6.578586995601654053e-03 -4.869870026595890522e-04 -9.999782443046569824e-01
-9.994574189186096191e-01 -3.057491965591907501e-02 -1.225201692432165146e-02 1.273068878799676895e-02 -1.551046594977378845e-02 -9.997986555099487305e-01
8.411074280738830566e-01 -1.348992735147476196e-01 5.237752199172973633e-01 8.515596389770507812e-03 9.715802669525146484e-01 2.365573942661285400e-01
-1.413634866476058960e-01 9.899259209632873535e-01 7.940198294818401337e-03 -2.688563242554664612e-02 4.178709816187620163e-03 -9.996297955513000488e-01
-1.720583587884902954e-01 7.124835392460227013e-04 9.850865006446838379e-01 4.243920370936393738e-02 9.990767240524291992e-01 6.689964327961206436e-03
-1.424309890717267990e-02 1.080972179770469666e-01 -9.940383434295654297e-01 -9.998965859413146973e-01 4.396867007017135620e-04 1.437485404312610626e-02
-1.401996053755283356e-02 1.738115549087524414e-01 -9.846791625022888184e-01 -9.993562698364257812e-01 -3.495875000953674316e-02 8.058156818151473999e-03
9.722819328308105469e-01 2.330011725425720215e-01 -1.945159025490283966e-02 -2.759748883545398712e-02 3.175165131688117981e-02 -9.991147518157958984e-01
9.602363705635070801e-01 -2.791817486286163330e-01 -1.938763540238142014e-03 -3.741447255015373230e-02 -1.217979937791824341e-01 -9.918494820594787598e-01
9.723230004310607910e-01 2.327845990657806396e-01 -1.998270116746425629e-02 -2.810944058001041412e-02 3.164583444595336914e-02 -9.991038441658020020e-01
-1.218772307038307190e-02 -7.421215623617172241e-02 -9.971680045127868652e-01 -9.986839294433593750e-01 -4.878144338726997375e-02 1.583670824766159058e-02
9.959750771522521973e-01 8.927226811647415161e-02 -8.007117547094821930e-03 -1.123624388128519058e-02 3.572800010442733765e-02 -9.992983937263488770e-01
9.871535301208496094e-01 -1.594258844852447510e-01 -1.054923236370086670e-02 -3.246674686670303345e-02 -1.355071514844894409e-01 -9.902442693710327148e-01
8.438341617584228516e-01 5.365967750549316406e-01 -2.805743366479873657e-03 -5.932948738336563110e-02 8.810037374496459961e-02 -9.943431615829467773e-01
-4.314009249210357666e-01 -8.993204832077026367e-01 -7.152581214904785156e-02 -9.347809851169586182e-02 1.234153285622596741e-01 -9.879425764083862305e-01
9.759873747825622559e-01 2.178263664245605469e-01 -5.504307919181883335e-04 -2.704315353184938431e-03 9.590088389813899994e-03 -9.999503493309020996e-01
9.528392553329467773e-01 3.034704327583312988e-01 -1.750251860357820988e-03 1.217654207721352577e-03 -9.590386413037776947e-03 -9.999532699584960938e-01
-2.227929383516311646e-01 -9.731317162513732910e-01 -5.812078714370727539e-02 -1.117536500096321106e-01 8.472065627574920654e-02 -9.901179671287536621e-01
9.452682137489318848e-01 3.253454566001892090e-01 2.486858889460563660e-02 1.375923678278923035e-02 3.640310093760490417e-02 -9.992424845695495605e-01
4.900857210159301758e-01 -8.714289665222167969e-01 -2.067959867417812347e-02 1.579999551177024841e-02 3.260090574622154236e-02 -9.993435740470886230e-01
4.734142422676086426e-01 -8.805648684501647949e-01 -2.201242372393608093e-02 7.705890107899904251e-03 2.912960574030876160e-02 -9.995459914207458496e-01
-2.539304494857788086e-01 -9.664869308471679688e-01 -3.771459683775901794e-02 -2.708613499999046326e-02 4.608305543661117554e-02 -9.985703229904174805e-01
-3.655625283718109131e-01 -9.306103587150573730e-01 -1.812225766479969025e-02 -5.594492331147193909e-02 4.140259325504302979e-02 -9.975750446319580078e-01
-5.598671361804008484e-02 2.221088856458663940e-02 -9.981845021247863770e-01 2.461578510701656342e-02 9.994793534278869629e-01 2.085904031991958618e-02
-4.567597210407257080e-01 -8.861804008483886719e-01 -7.781309634447097778e-02 -3.987989202141761780e-02 1.077806130051612854e-01 -9.933745861053466797e-01
-3.682551980018615723e-01 -9.272397756576538086e-01 -6.793059408664703369e-02 -2.704799547791481018e-02 8.371916413307189941e-02 -9.961223006248474121e-01
-3.463962376117706299e-01 -9.354158043861389160e-01 -7.075939327478408813e-02 8.884002268314361572e-02 4.237892851233482361e-02 -9.951439499855041504e-01
-3.022097349166870117e-01 -9.518243670463562012e-01 -5.195876210927963257e-02 -4.247634857892990112e-02 6.789972633123397827e-02 -9.967875480651855469e-01
-2.684734165668487549e-01 -9.622470736503601074e-01 -4.475090652704238892e-02 -1.453411765396595001e-02 5.049753561615943909e-02 -9.986184239387512207e-01
-1.052990481257438660e-01 -9.938058257102966309e-01 -3.552527353167533875e-02 6.446825340390205383e-03 3.504092618823051453e-02 -9.993650913238525391e-01
-2.592298984527587891e-01 -9.644839167594909668e-01 -5.070199072360992432e-02 -2.043011598289012909e-03 5.304402858018875122e-02 -9.985901117324829102e-01
-1.104771345853805542e-01 -9.933039546012878418e-01 -3.379523754119873047e-02 1.080998312681913376e-02 3.280044719576835632e-02 -9.994034767150878906e-01
-2.813824713230133057e-01 -9.575773477554321289e-01 -6.220602616667747498e-02 -7.081197202205657959e-02 8.536903560161590576e-02 -9.938298463821411133e-01
-6.594935804605484009e-02 -9.971967339515686035e-01 -3.534657508134841919e-02 -3.175621852278709412e-02 3.750330954790115356e-02 -9.987918138504028320e-01
2.615539915859699249e-02 3.533966094255447388e-02 -9.990330338478088379e-01 -2.558776177465915680e-02 9.990711808204650879e-01 3.467110171914100647e-02
-1.226033493876457214e-01 -9.919443726539611816e-01 -3.185581788420677185e-02 9.381942451000213623e-03 3.093813359737396240e-02 -9.994772672653198242e-01
-1.126078739762306213e-01 -9.933319091796875000e-01 -2.472414262592792511e-02 -6.227739155292510986e-03 2.558748051524162292e-02 -9.996532201766967773e-01
-1.060392186045646667e-01 -9.940198659896850586e-01 -2.608061209321022034e-02 2.754053100943565369e-02 2.328250184655189514e-02 -9.993495345115661621e-01
-1.060316339135169983e-01 -9.939776062965393066e-01 -2.767400816082954407e-02 2.775169350206851959e-02 2.486196719110012054e-02 -9.993056654930114746e-01
-1.885803788900375366e-01 -9.814342260360717773e-01 -3.499053791165351868e-02 -1.285299379378557205e-02 3.809330612421035767e-02 -9.991915225982666016e-01
-2.729896605014801025e-01 -9.600233435630798340e-01 -6.190239265561103821e-02 -9.956765919923782349e-02 9.219644963741302490e-02 -9.907503128051757812e-01
-8.949277922511100769e-03 -2.392869442701339722e-03 -9.999571442604064941e-01 -9.999594092369079590e-01 -1.034340821206569672e-03 8.951773867011070251e-03
9.819897413253784180e-01 -1.887162178754806519e-01 -9.075375273823738098e-03 -2.872789837419986725e-02 -1.016654372215270996e-01 -9.944037795066833496e-01
-1.774654164910316467e-02 -3.712078183889389038e-02 -9.991531968116760254e-01 -9.993848800659179688e-01 3.089047223329544067e-02 1.660300977528095245e-02
-1.432966813445091248e-02 -7.411611732095479965e-03 -9.998698830604553223e-01 -9.998973011970520020e-01 -2.980801218654960394e-04 1.433227024972438812e-02
-1.032632030546665192e-02 1.218064222484827042e-03 -9.999459385871887207e-01 -9.999463558197021484e-01 8.475831709802150726e-04 1.032735779881477356e-02
9.996555447578430176e-01 -2.345060557126998901e-02 -1.178392674773931503e-02 -1.209401153028011322e-02 -1.312525477260351181e-02 -9.998407363891601562e-01
9.989067912101745605e-01 -4.506502673029899597e-02 -1.242429297417402267e-02 -1.204014196991920471e-02 8.785830810666084290e-03 -9.998889565467834473e-01
9.999278187751770020e-01 4.566394258290529251e-03 1.111710816621780396e-02 1.113666128367185593e-02 -4.279239568859338760e-03 -9.999288320541381836e-01
-1.807157695293426514e-02 -1.141091063618659973e-01 -9.933038949966430664e-01 -9.998231530189514160e-01 -3.112706821411848068e-03 1.854776777327060699e-02
-1.699171215295791626e-02 -1.915404647588729858e-01 -9.813376665115356445e-01 -9.983639121055603027e-01 -5.034416913986206055e-02 2.711284533143043518e-02
9.985579252243041992e-01 -5.047320947051048279e-02 -1.829036325216293335e-02 -1.826351694762706757e-02 9.931252570822834969e-04 -9.998327493667602539e-01
-2.410198934376239777e-02 -7.178457826375961304e-02 -9.971289634704589844e-01 -9.996918439865112305e-01 -4.203355871140956879e-03 2.446654252707958221e-02
-3.072601370513439178e-02 -1.951085329055786133e-01 -9.803002476692199707e-01 -9.967272877693176270e-01 7.934778928756713867e-02 1.544835139065980911e-02
-2.018727734684944153e-02 -1.192712336778640747e-01 -9.926564693450927734e-01 -9.997134804725646973e-01 -1.036694925278425217e-02 2.157641947269439697e-02
-1.590466313064098358e-02 -2.408384159207344055e-02 -9.995834827423095703e-01 -9.998661875724792480e-01 -3.451144089922308922e-03 1.599231548607349396e-02
-7.933027110993862152e-03 -4.063681140542030334e-02 -9.991425275802612305e-01 -9.998357295989990234e-01 -1.596292108297348022e-02 8.587768301367759705e-03
9.999994039535522461e-01 -3.740951942745596170e-04 -1.036980538628995419e-03 -1.036949339322745800e-03 8.346762479050084949e-05 -9.999994635581970215e-01
-3.418198553845286369e-03 -3.661856288090348244e-03 -9.999874830245971680e-01 -9.999904036521911621e-01 -2.726013073697686195e-03 3.428190713748335838e-03
-3.898879047483205795e-03 -1.080946763977408409e-03 -9.999918341636657715e-01 -9.999919533729553223e-01 -9.538936428725719452e-04 3.899910720065236092e-03
-3.535823151469230652e-02 7.420837879180908203e-02 -9.966157674789428711e-01 -9.986078143119812012e-01 -4.168388620018959045e-02 3.232510760426521301e-02
9.990229010581970215e-01 -3.763046860694885254e-02 -2.317736111581325531e-02 -2.380777709186077118e-02 -1.639200374484062195e-02 -9.995822310447692871e-01
9.497926235198974609e-01 -3.128798604011535645e-01 -4.800532769877463579e-04 1.552160014398396015e-03 6.246082950383424759e-03 -9.999793171882629395e-01
9.630321264266967773e-01 -2.693865895271301270e-01 -2.021685941144824028e-04 9.792689234018325806e-03 3.575791791081428528e-02 -9.993125200271606445e-01
-2.110908553004264832e-02 -1.004389896988868713e-01 -9.947192668914794922e-01 -9.996687769889831543e-01 1.677228137850761414e-02 1.952058449387550354e-02
9.000717401504516602e-01 4.355013966560363770e-01 -1.446819584816694260e-02 -7.398980110883712769e-02 1.200282797217369080e-01 -9.900094866752624512e-01
9.487769603729248047e-01 -3.159416019916534424e-01 1.784816035069525242e-03 1.862575067207217216e-03 -5.584786413237452507e-05 -9.999982714653015137e-01
8.802003264427185059e-01 4.734099805355072021e-01 3.362289443612098694e-02 1.836015470325946808e-02 3.682601451873779297e-02 -9.991530776023864746e-01
8.219381570816040039e-01 5.695374011993408203e-01 6.691281218081712723e-03 -6.947461515665054321e-03 2.177191153168678284e-02 -9.997388124465942383e-01
7.997937798500061035e-01 6.002486944198608398e-01 5.608361214399337769e-03 -8.071503601968288422e-03 2.009597979485988617e-02 -9.997655153274536133e-01
1.643860153853893280e-02 -2.244693413376808167e-02 9.996129274368286133e-01 1.593273319303989410e-02 9.996269941329956055e-01 2.218523621559143066e-02
5.656024813652038574e-02 -3.244993835687637329e-02 9.978717565536499023e-01 -1.218636147677898407e-02 9.993748068809509277e-01 3.318954259157180786e-02
6.436808407306671143e-02 9.978165030479431152e-01 1.479999069124460220e-02 -2.545650862157344818e-02 1.646772958338260651e-02 -9.995403289794921875e-01
9.623695611953735352e-01 -2.717427015304565430e-01 -8.705875952728092670e-04 -2.920628990978002548e-03 -7.139704655855894089e-03 -9.999702572822570801e-01
9.555276036262512207e-01 2.947870194911956787e-01 8.221772499382495880e-03 4.237335640937089920e-03 1.415253616869449615e-02 -9.998909235000610352e-01
8.543402552604675293e-01 5.195772647857666016e-01 1.192753668874502182e-02 3.149167401716113091e-03 1.777432113885879517e-02 -9.998371005058288574e-01
8.930747509002685547e-01 4.498002827167510986e-01 9.864395484328269958e-03 4.527732264250516891e-03 1.293877884745597839e-02 -9.999060630798339844e-01
-7.991089671850204468e-02 9.967173337936401367e-01 1.299372129142284393e-02 -2.601857669651508331e-02 1.094530709087848663e-02 -9.996015429496765137e-01
1.055764481425285339e-01 9.943432211875915527e-01 1.162666734308004379e-02 -1.340244989842176437e-02 1.311378832906484604e-02 -9.998242259025573730e-01
9.230650067329406738e-01 -3.845925927162170410e-01 -6.298682186752557755e-03 -4.605966154485940933e-03 5.322310607880353928e-03 -9.999752640724182129e-01
6.842238903045654297e-01 -7.289769649505615234e-01 -2.074277400970458984e-02 -1.022944003343582153e-01 -6.777479499578475952e-02 -9.924426674842834473e-01
9.178932905197143555e-01 3.966328501701354980e-01 1.241990737617015839e-02 5.153385922312736511e-03 1.938102394342422485e-02 -9.997989535331726074e-01
9.899457693099975586e-01 1.398133486509323120e-01 2.143828384578227997e-02 1.907025277614593506e-02 1.825503446161746979e-02 -9.996514916419982910e-01
6.368206739425659180e-01 -7.709854245185852051e-01 -6.404533982276916504e-03 -7.176278531551361084e-02 -5.100013315677642822e-02 -9.961169958114624023e-01
7.037127017974853516e-01 -7.104514241218566895e-01 -6.870651617646217346e-03 -7.699744775891304016e-03 2.043806482106447220e-03 -9.999682903289794922e-01
2.067079767584800720e-02 4.576861262321472168e-01 -8.888735175132751465e-01 -9.995874166488647461e-01 -8.273074403405189514e-03 -2.750531025230884552e-02
9.806542992591857910e-01 1.929506212472915649e-01 3.297350928187370300e-02 1.960194110870361328e-02 7.080398499965667725e-02 -9.972976446151733398e-01
9.501080513000488281e-01 3.087755739688873291e-01 4.418539628386497498e-02 -4.392118379473686218e-02 2.726787924766540527e-01 -9.611021280288696289e-01
2.308248542249202728e-02 -2.934786677360534668e-01 -9.556869268417358398e-01 -9.995652437210083008e-01 1.076862402260303497e-02 -2.744916453957557678e-02
-9.384050369262695312e-01 3.454245030879974365e-01 8.829181082546710968e-03 -3.275867551565170288e-02 -6.349952518939971924e-02 -9.974441528320312500e-01
-9.751888513565063477e-01 2.212682664394378662e-01 -6.857103202491998672e-03 9.819533675909042358e-03 1.229116600006818771e-02 -9.998762607574462891e-01
-9.840785264968872070e-01 1.777221858501434326e-01 -2.092245267704129219e-03 -6.219437345862388611e-04 -1.521500572562217712e-02 -9.998840689659118652e-01
-6.494747996330261230e-01 7.603253126144409180e-01 -9.383392520248889923e-03 3.971211984753608704e-02 2.159368246793746948e-02 -9.989778399467468262e-01
-8.860850334167480469e-01 4.624414443969726562e-01 -3.164264932274818420e-02 7.630787044763565063e-02 7.819812744855880737e-02 -9.940131902694702148e-01
-9.454970955848693848e-01 3.249485790729522705e-01 -2.106238901615142822e-02 2.968948706984519958e-02 2.161309868097305298e-02 -9.993255138397216797e-01
-8.006380796432495117e-01 5.983427762985229492e-01 -3.105864115059375763e-02 3.390746563673019409e-02 -6.505494937300682068e-03 -9.994038343429565430e-01
-9.917011857032775879e-01 1.280671805143356323e-01 -1.129990350455045700e-02 1.096319500356912613e-02 -3.333800006657838821e-03 -9.999343752861022949e-01
-9.893528223037719727e-01 1.451526582241058350e-01 -1.057367585599422455e-02 1.259322650730609894e-02 1.300148293375968933e-02 -9.998362064361572266e-01
-9.910445809364318848e-01 1.331329941749572754e-01 -1.030791271477937698e-02 8.635153062641620636e-03 -1.313586067408323288e-02 -9.998764991760253906e-01
-9.907823801040649414e-01 1.346747428178787231e-01 -1.459558308124542236e-02 1.695163734257221222e-02 1.636425964534282684e-02 -9.997224211692810059e-01
-9.911952018737792969e-01 1.316114664077758789e-01 -1.451085228472948074e-02 1.635384000837802887e-02 1.293313875794410706e-02 -9.997826218605041504e-01
-9.974150657653808594e-01 7.139843702316284180e-02 -8.092905394732952118e-03 8.443152531981468201e-03 4.605098627507686615e-03 -9.999538064002990723e-01
-8.628327250480651855e-01 5.035784244537353516e-01 -4.391446709632873535e-02 4.688078537583351135e-02 -6.781261414289474487e-03 -9.988775253295898438e-01
-9.867374897003173828e-01 1.612159162759780884e-01 -1.893714070320129395e-02 1.393774989992380142e-02 -3.208524361252784729e-02 -9.993879795074462891e-01
-9.900246262550354004e-01 1.400736272335052490e-01 -1.518745440989732742e-02 1.760572008788585663e-02 1.604120247066020966e-02 -9.997163414955139160e-01
-2.479618787765502930e-01 9.687677621841430664e-01 1.990914111956954002e-03 2.753289043903350830e-02 9.101442992687225342e-03 -9.995794892311096191e-01
-9.547082185745239258e-01 2.969339191913604736e-01 -1.904024742543697357e-02 4.959489032626152039e-02 9.570933878421783447e-02 -9.941730499267578125e-01
-9.148655533790588379e-01 4.030484259128570557e-01 -2.393947169184684753e-02 6.084843724966049194e-02 7.901785522699356079e-02 -9.950144290924072266e-01
-9.104369878768920898e-01 4.130769073963165283e-01 -2.172595076262950897e-02 2.817533724009990692e-02 9.527354501187801361e-03 -9.995576143264770508e-01
-9.878221750259399414e-01 1.552484035491943359e-01 -1.026293542236089706e-02 1.494201179593801498e-02 2.900241687893867493e-02 -9.994676709175109863e-01
-9.861298799514770508e-01 1.655678898096084595e-01 -1.162455417215824127e-02 1.105748955160379410e-02 -4.346331581473350525e-03 -9.999294281005859375e-01
-9.857064485549926758e-01 1.680464893579483032e-01 -1.196910534054040909e-02 1.193273905664682388e-02 -1.226243213750422001e-03 -9.999280571937561035e-01
-9.959014654159545898e-01 9.026988595724105835e-02 -5.623808130621910095e-03 7.970863021910190582e-03 2.566101774573326111e-02 -9.996389150619506836e-01
-1.583540737628936768e-01 -6.047070492058992386e-03 9.873638749122619629e-01 -1.042714044451713562e-01 9.944920539855957031e-01 -1.063239388167858124e-02
-1.137045472860336304e-01 9.934983253479003906e-01 -5.694849882274866104e-03 5.127941444516181946e-02 1.442828215658664703e-04 -9.986843466758728027e-01
-1.917989552021026611e-01 9.814003109931945801e-01 -8.158984594047069550e-03 5.905907973647117615e-02 3.243090584874153137e-03 -9.982492327690124512e-01
-6.259200572967529297e-01 7.795895338058471680e-01 -2.154733240604400635e-02 7.470748573541641235e-02 3.243394568562507629e-02 -9.966779351234436035e-01
-3.449145257472991943e-01 9.385944604873657227e-01 -8.627530187368392944e-03 1.117875277996063232e-01 3.195002675056457520e-02 -9.932183623313903809e-01
-5.210147500038146973e-01 8.535438776016235352e-01 -2.564315218478441238e-03 7.742399722337722778e-02 4.426830261945724487e-02 -9.960150122642517090e-01
-8.609611541032791138e-03 -4.039141535758972168e-01 9.147563576698303223e-01 -9.808725714683532715e-01 1.813083291053771973e-01 7.082547992467880249e-02
-2.603384852409362793e-02 -3.596532344818115234e-01 -9.327228069305419922e-01 -9.778498411178588867e-01 -1.846796721220016479e-01 9.850497543811798096e-02
-3.337388858199119568e-02 -3.605416789650917053e-02 -9.987924098968505859e-01 -9.991829991340637207e-01 -2.158812619745731354e-02 3.416622430086135864e-02
-2.735633030533790588e-02 -2.335164844989776611e-01 -9.719679355621337891e-01 -9.995396733283996582e-01 1.915348879992961884e-02 2.353069372475147247e-02
8.387031555175781250e-01 1.865050494670867920e-01 -5.116569995880126953e-01 -2.953536212444305420e-01 9.451295137405395508e-01 -1.396298259496688843e-01
9.468770623207092285e-01 3.206461668014526367e-01 -2.469689026474952698e-02 -2.069610543549060822e-02 -1.587987877428531647e-02 -9.996597170829772949e-01
9.914283156394958496e-01 1.301253736019134521e-01 -1.172016467899084091e-02 -7.995774969458580017e-03 -2.910722047090530396e-02 -9.995443224906921387e-01
9.796658754348754883e-01 -2.006353735923767090e-01 -5.161796580068767071e-04 1.241234317421913147e-02 6.317459791898727417e-02 -9.979253411293029785e-01
-2.195085212588310242e-02 2.353285104036331177e-01 -9.716680049896240234e-01 -9.997582435607910156e-01 -6.426650565117597580e-03 2.102896384894847870e-02
9.910174608230590820e-01 1.310091614723205566e-01 -2.685055881738662720e-02 -1.529594045132398605e-02 -8.841900527477264404e-02 -9.959659576416015625e-01
-2.806923538446426392e-02 1.902954131364822388e-01 -9.813255667686462402e-01 -9.983037114143371582e-01 -5.543170496821403503e-02 1.780573651194572449e-02
9.543008208274841309e-01 2.964787185192108154e-01 -3.755436837673187256e-02 -9.690230339765548706e-02 1.881077587604522705e-01 -9.773563742637634277e-01
-1.850286498665809631e-02 -2.075395882129669189e-01 -9.780516028404235840e-01 -9.983121752738952637e-01 5.769483372569084167e-02 6.643485743552446365e-03
-2.222706377506256104e-02 -2.050309926271438599e-01 -9.785030484199523926e-01 -9.996626973152160645e-01 -8.592289872467517853e-03 2.450810372829437256e-02
-2.184870466589927673e-02 -2.730796337127685547e-01 -9.617432951927185059e-01 -9.994299411773681641e-01 3.073150850832462311e-02 1.397888641804456711e-02
-1.853361912071704865e-02 -1.532217115163803101e-01 -9.880180358886718750e-01 -9.998071789741516113e-01 -3.572880756109952927e-03 1.930884644389152527e-02
-3.955238964408636093e-03 -1.825455576181411743e-02 -9.998255968093872070e-01 -9.999918341636657715e-01 9.537474834360182285e-04 3.938483074307441711e-03
9.950353503227233887e-01 -9.952159970998764038e-02 -2.541003632359206676e-04 -3.053359454497694969e-03 -2.797584421932697296e-02 -9.996039271354675293e-01
9.946752786636352539e-01 -1.030487343668937683e-01 -1.416236977092921734e-03 2.112351823598146439e-03 3.412475436925888062e-02 -9.994153380393981934e-01
-8.175607770681381226e-03 -8.012685179710388184e-02 -9.967511892318725586e-01 -9.973888397216796875e-01 7.217971235513687134e-02 2.378452802076935768e-03
9.974958300590515137e-01 -7.051765173673629761e-02 -5.424016620963811874e-03 -6.125612184405326843e-03 -9.736774489283561707e-03 -9.999338388442993164e-01
9.989888668060302734e-01 -4.471091181039810181e-02 -4.708199296146631241e-03 -4.672954324632883072e-03 8.927872986532747746e-04 -9.999887347221374512e-01
9.974793195724487305e-01 -7.081548869609832764e-02 -4.486858844757080078e-03 -5.087369121611118317e-03 -8.301842957735061646e-03 -9.999526143074035645e-01
1.580564118921756744e-02 3.389207124710083008e-01 -9.406822323799133301e-01 -9.697881340980529785e-01 2.342496514320373535e-01 6.810369342565536499e-02
2.666354365646839142e-02 3.750084340572357178e-01 -9.266378879547119141e-01 -9.658306837081909180e-01 2.487203627824783325e-01 7.286532223224639893e-02
1.101146638393402100e-02 3.165791332721710205e-01 -9.485022425651550293e-01 -9.684868454933166504e-01 2.394126504659652710e-01 6.866466253995895386e-02
1.193719543516635895e-02 3.528169989585876465e-01 -9.356161952018737793e-01 -9.948046803474426270e-01 9.879452735185623169e-02 2.456264570355415344e-02
1.708953455090522766e-02 3.580787777900695801e-01 -9.335349798202514648e-01 -9.819403886795043945e-01 1.819562166929244995e-01 5.181782320141792297e-02
9.296118617057800293e-01 -3.684031963348388672e-01 -1.004628185182809830e-02 1.149531304836273193e-01 3.157516717910766602e-01 -9.418528079986572266e-01
1.340350694954395294e-02 3.387915790081024170e-01 -9.407659769058227539e-01 -9.850073456764221191e-01 1.663061380386352539e-01 4.585685208439826965e-02
8.693709373474121094e-01 -4.939301908016204834e-01 -1.507018413394689560e-02 1.281481385231018066e-01 2.547982037067413330e-01 -9.584654569625854492e-01
7.890812754631042480e-01 -6.141816377639770508e-01 -1.147365104407072067e-02 1.386857032775878906e-01 1.963126063346862793e-01 -9.706841111183166504e-01
2.245503962039947510e-01 9.563509821891784668e-01 -1.870024204254150391e-01 -9.653136730194091797e-01 2.445425540208816528e-01 9.147981554269790649e-02
2.027174830436706543e-01 9.562669396400451660e-01 -2.108531743288040161e-01 -9.714127182960510254e-01 2.235464304685592651e-01 7.990244776010513306e-02
2.382783293724060059e-01 -9.709936380386352539e-01 -1.987039484083652496e-02 1.003376170992851257e-01 4.496239125728607178e-02 -9.939370155334472656e-01
5.007309317588806152e-01 8.650354743003845215e-01 3.133910521864891052e-02 -1.676904037594795227e-02 4.589227586984634399e-02 -9.988057017326354980e-01
2.463397830724716187e-01 9.690178036689758301e-01 1.792541146278381348e-02 2.808460965752601624e-02 1.135049108415842056e-02 -9.995411634445190430e-01
2.956995964050292969e-01 9.550607204437255859e-01 2.051431685686111450e-02 2.701024338603019714e-02 1.310718059539794922e-02 -9.995492696762084961e-01
3.733734190464019775e-01 9.274023771286010742e-01 2.274124138057231903e-02 -3.599866107106208801e-02 3.898000717163085938e-02 -9.985913634300231934e-01
3.056893348693847656e-01 9.519000649452209473e-01 2.098502963781356812e-02 -6.435435730963945389e-03 2.410520054399967194e-02 -9.996886849403381348e-01
3.378377556800842285e-01 9.409281611442565918e-01 2.279968373477458954e-02 -2.813126333057880402e-02 3.430765494704246521e-02 -9.990153312683105469e-01
1.155049204826354980e-01 9.932307600975036621e-01 1.230444479733705521e-02 9.980266913771629333e-03 1.122628059238195419e-02 -9.998872280120849609e-01
1.620391607284545898e-01 9.866694211959838867e-01 1.505858357995748520e-02 7.577497512102127075e-03 1.401565689593553543e-02 -9.998731017112731934e-01
1.794143319129943848e-01 9.836605787277221680e-01 1.491462532430887222e-02 8.950104936957359314e-03 1.352792233228683472e-02 -9.998684525489807129e-01
1.578442305326461792e-01 9.873642325401306152e-01 1.403834670782089233e-02 1.889600418508052826e-02 1.119377836585044861e-02 -9.997588396072387695e-01
1.886688768863677979e-01 9.819025993347167969e-01 1.647414639592170715e-02 4.057218879461288452e-02 8.967496454715728760e-03 -9.991363883018493652e-01
1.806134134531021118e-01 9.834333658218383789e-01 1.541641633957624435e-02 1.079821214079856873e-02 1.369057781994342804e-02 -9.998480081558227539e-01
2.480807453393936157e-01 9.685675501823425293e-01 1.824522577226161957e-02 3.040364012122154236e-02 1.104013808071613312e-02 -9.994767308235168457e-01
2.725360989570617676e-01 9.619548320770263672e-01 1.915681920945644379e-02 -8.132945746183395386e-03 2.221307903528213501e-02 -9.997202157974243164e-01
9.715036302804946899e-02 9.951925873756408691e-01 1.239009108394384384e-02 5.693593993782997131e-02 6.871385499835014343e-03 -9.983541965484619141e-01
7.113034129142761230e-01 7.016130089759826660e-01 4.226990416646003723e-02 3.198424875736236572e-01 -2.695364952087402344e-01 -9.083231091499328613e-01
6.292564272880554199e-01 7.769520878791809082e-01 1.954220421612262726e-02 3.701024502515792847e-02 -4.839870147407054901e-03 -9.993032217025756836e-01
2.718679606914520264e-02 3.696583509445190430e-01 -9.287699460983276367e-01 -9.648711085319519043e-01 2.525835335254669189e-01 7.228685170412063599e-02
3.013885766267776489e-02 3.240388929843902588e-01 -9.455635547637939453e-01 -9.594179391860961914e-01 2.747296690940856934e-01 6.356773525476455688e-02
9.328443408012390137e-01 -3.599193692207336426e-01 -1.611041091382503510e-02 8.644354343414306641e-02 2.670078575611114502e-01 -9.598095417022705078e-01
9.028648138046264648e-01 -4.296986460685729980e-01 -1.393807120621204376e-02 1.194687262177467346e-01 2.819018065929412842e-01 -9.519761800765991211e-01
2.857620269060134888e-02 3.487088978290557861e-01 -9.367953538894653320e-01 -9.638664126396179199e-01 2.579246461391448975e-01 6.660684198141098022e-02
8.740048408508300781e-01 -4.851460754871368408e-01 -2.736397460103034973e-02 1.028205528855323792e-01 2.396857142448425293e-01 -9.653904438018798828e-01
8.461866974830627441e-01 -5.319923758506774902e-01 -3.085785917937755585e-02 9.187600761651992798e-02 2.026877254247665405e-01 -9.749238491058349609e-01
7.937623858451843262e-01 -6.081476807594299316e-01 -9.883198887109756470e-03 9.322554618120193481e-02 1.377042382955551147e-01 -9.860763549804687500e-01
2.268730252981185913e-01 9.445434808731079102e-01 -2.374157309532165527e-01 -9.572533369064331055e-01 2.611734271049499512e-01 1.243163645267486572e-01
4.274087846279144287e-01 -9.029807448387145996e-01 -4.413110762834548950e-02 1.820324175059795380e-02 5.740017071366310120e-02 -9.981853365898132324e-01
8.518995642662048340e-01 -5.232509970664978027e-01 -2.180907875299453735e-02 1.065728291869163513e-01 2.139816433191299438e-01 -9.710067510604858398e-01
1.531125511974096298e-02 3.389390408992767334e-01 -9.406837821006774902e-01 -9.698849320411682129e-01 2.337513417005538940e-01 6.843670457601547241e-02
7.636175155639648438e-01 -6.452206373214721680e-01 -2.405397966504096985e-02 9.085630625486373901e-02 1.442627310752868652e-01 -9.853595495223999023e-01
7.760161757469177246e-01 -6.305084228515625000e-01 -1.606275700032711029e-02 1.293479204177856445e-01 1.840216517448425293e-01 -9.743742346763610840e-01
8.127898573875427246e-01 -5.822412967681884766e-01 -1.917772181332111359e-02 1.065451130270957947e-01 1.809369772672653198e-01 -9.777064919471740723e-01
7.931700348854064941e-01 -6.085920929908752441e-01 -2.229511365294456482e-02 1.464203596115112305e-01 2.261074781417846680e-01 -9.630350470542907715e-01
8.501444458961486816e-01 -5.261753201484680176e-01 -1.984892413020133972e-02 1.086340174078941345e-01 2.121564000844955444e-01 -9.711788296699523926e-01
-1.420272290706634521e-01 -3.421977860853075981e-03 9.898568391799926758e-01 -8.429906517267227173e-02 9.964029788970947266e-01 -8.650840260088443756e-03
-1.829952746629714966e-01 -7.581239100545644760e-03 9.830845594406127930e-01 -9.015858918428421021e-02 9.958858489990234375e-01 -9.102518670260906219e-03
-9.995733499526977539e-01 -2.854705601930618286e-02 6.184958852827548981e-03 -6.304135080426931381e-03 4.086641594767570496e-03 -9.999718070030212402e-01
-9.995972514152526855e-01 -2.770611457526683807e-02 6.135788280516862869e-03 -6.129840388894081116e-03 -2.995994582306593657e-04 -9.999811649322509766e-01
-9.999825954437255859e-01 -4.963071085512638092e-03 3.199215047061443329e-03 -3.192067146301269531e-03 -1.447410322725772858e-03 -9.999938607215881348e-01
-9.999753832817077637e-01 -6.258646026253700256e-03 3.187107620760798454e-03 -3.190802643075585365e-03 5.805030232295393944e-04 -9.999947547912597656e-01
-9.998874068260192871e-01 -1.427656691521406174e-02 4.627910442650318146e-03 -4.598985426127910614e-03 -2.058192389085888863e-03 -9.999873042106628418e-01
-9.999780058860778809e-01 -5.608866922557353973e-03 3.537082811817526817e-03 -3.547404659911990166e-03 1.831408124417066574e-03 -9.999920725822448730e-01
-9.995443820953369141e-01 -2.954592928290367126e-02 6.174582056701183319e-03 -6.240444257855415344e-03 2.137434436008334160e-03 -9.999782443046569824e-01
-9.986219406127929688e-01 -5.167565122246742249e-02 9.157819673418998718e-03 -8.970463648438453674e-03 -3.856382332742214203e-03 -9.999523162841796875e-01
-9.992395639419555664e-01 -3.825047612190246582e-02 7.566230837255716324e-03 -7.609303575009107590e-03 9.806114248931407928e-04 -9.999706149101257324e-01
-9.978491663932800293e-01 -6.480115652084350586e-02 9.896356612443923950e-03 -1.013072021305561066e-02 3.289039945229887962e-03 -9.999433159828186035e-01
8.539479458704590797e-04 -1.070374809205532074e-02 9.999423623085021973e-01 -9.999794363975524902e-01 -6.365347187966108322e-03 7.858425960876047611e-04
-9.992214441299438477e-01 -3.861582279205322266e-02 8.087227120995521545e-03 -8.243090473115444183e-03 3.878771560266613960e-03 -9.999585151672363281e-01
-9.998224377632141113e-01 -1.784915104508399963e-02 6.033593323081731796e-03 -6.324786227196455002e-03 1.630284264683723450e-02 -9.998471736907958984e-01
-9.994082450866699219e-01 -3.352286294102668762e-02 7.704215124249458313e-03 -7.962550967931747437e-03 7.579570170491933823e-03 -9.999395608901977539e-01
8.779439926147460938e-01 4.767185449600219727e-01 4.420268163084983826e-02 -7.886835187673568726e-02 2.350744456052780151e-01 -9.687722921371459961e-01
-6.216261982917785645e-01 4.576808512210845947e-01 -6.356958150863647461e-01 4.956857562065124512e-01 8.582295775413513184e-01 1.331831812858581543e-01
1.032507047057151794e-02 3.138156235218048096e-01 -9.494277834892272949e-01 -9.736187458038330078e-01 2.195975333452224731e-01 6.199571862816810608e-02
1.555156521499156952e-02 3.328339457511901855e-01 -9.428572058677673340e-01 -9.812200665473937988e-01 1.864011585712432861e-01 4.961634427309036255e-02
7.820980623364448547e-03 2.837765514850616455e-01 -9.588585495948791504e-01 -9.696878790855407715e-01 2.363406866788864136e-01 6.203629821538925171e-02
1.229660678654909134e-02 3.318788707256317139e-01 -9.432418942451477051e-01 -9.876053333282470703e-01 1.516475677490234375e-01 4.048211500048637390e-02
1.224041078239679337e-02 3.277940452098846436e-01 -9.446699023246765137e-01 -9.976843595504760742e-01 6.721542030572891235e-02 1.039595529437065125e-02
1.185393333435058594e-02 3.288438022136688232e-01 -9.443099498748779297e-01 -9.976994395256042480e-01 6.693007051944732666e-02 1.078340783715248108e-02
1.250819489359855652e-02 3.380976617336273193e-01 -9.410279393196105957e-01 -9.911816120147705078e-01 1.283509433269500732e-01 3.293978422880172729e-02
1.207647286355495453e-02 3.531780242919921875e-01 -9.354782700538635254e-01 -9.999216794967651367e-01 1.173643162474036217e-03 -1.246530469506978989e-02
7.469749543815851212e-03 3.095425069332122803e-01 -9.508562684059143066e-01 -9.708360433578491211e-01 -2.256196290254592896e-01 -8.107510209083557129e-02
1.023772265762090683e-02 3.760119676589965820e-01 -9.265582561492919922e-01 -9.972850680351257324e-01 -6.373433768749237061e-02 -3.688360005617141724e-02
1.141434442251920700e-02 3.461186885833740234e-01 -9.381213784217834473e-01 -9.998689293861389160e-01 -6.821789313107728958e-03 -1.468253415077924728e-02
1.264518499374389648e-02 3.165763914585113525e-01 -9.484827518463134766e-01 -9.992360472679138184e-01 -3.107827343046665192e-02 -2.369486540555953979e-02
8.239662274718284607e-03 3.475669622421264648e-01 -9.376189708709716797e-01 -9.959969520568847656e-01 -8.060751855373382568e-02 -3.863316401839256287e-02
9.524555802345275879e-01 3.046066164970397949e-01 6.571379955857992172e-03 3.000969067215919495e-03 1.218808535486459732e-02 -9.999212622642517090e-01
9.584159851074218750e-01 2.852748632431030273e-01 7.554191164672374725e-03 1.530352514237165451e-02 -2.494501695036888123e-02 -9.995716810226440430e-01
9.996373653411865234e-01 2.656863629817962646e-02 4.394105169922113419e-03 4.935279954224824905e-03 -2.033775858581066132e-02 -9.997810125350952148e-01
9.993515610694885254e-01 3.585288673639297485e-02 3.328482853248715401e-03 3.381605492904782295e-03 -1.421140041202306747e-03 -9.999932646751403809e-01
9.999331831932067871e-01 2.167759463191032410e-03 1.135782990604639053e-02 1.135495863854885101e-02 1.332102925516664982e-03 -9.999346733093261719e-01
9.999647736549377441e-01 -1.068283803761005402e-03 8.327436633408069611e-03 8.328010328114032745e-03 5.340554052963852882e-04 -9.999651908874511719e-01
9.993685483932495117e-01 3.553241491317749023e-02 1.167869777418673038e-04 -2.997748379129916430e-04 1.171787828207015991e-02 -9.999313354492187500e-01
9.614001512527465820e-01 2.747890055179595947e-01 -1.416860986500978470e-02 -5.741843953728675842e-03 -3.144652768969535828e-02 -9.994889497756958008e-01
9.785538315773010254e-01 2.046042829751968384e-01 -2.386451698839664459e-02 -5.021869018673896790e-02 1.245990097522735596e-01 -9.909355640411376953e-01
9.549421668052673340e-01 2.967129945755004883e-01 -6.850149482488632202e-03 -5.163083784282207489e-03 -6.469109561294317245e-03 -9.999657869338989258e-01
9.999271035194396973e-01 1.205796562135219574e-02 6.410276982933282852e-04 6.027449271641671658e-04 3.178259590640664101e-03 -9.999948143959045410e-01
9.906563758850097656e-01 1.361921131610870361e-01 -7.185336202383041382e-03 -1.162260118871927261e-02 3.181380778551101685e-02 -9.994262456893920898e-01
9.976763725280761719e-01 6.809889525175094604e-02 -2.092991257086396217e-03 -1.269712462089955807e-03 -1.213049795478582382e-02 -9.999256134033203125e-01
9.975723624229431152e-01 6.960214674472808838e-02 -2.212573774158954620e-03 -1.554354443214833736e-03 -9.509616531431674957e-03 -9.999536275863647461e-01
5.169562101364135742e-01 8.555946946144104004e-01 2.672105655074119568e-02 1.326884143054485321e-03 3.041478618979454041e-02 -9.995365142822265625e-01
4.782797396183013916e-01 8.777341246604919434e-01 2.883156016469001770e-02 -7.706987857818603516e-02 7.465367019176483154e-02 -9.942268729209899902e-01
4.026947915554046631e-01 9.150533080101013184e-01 2.267859689891338348e-02 -5.828405916690826416e-02 5.035981163382530212e-02 -9.970290660858154297e-01
5.451084971427917480e-01 8.379122614860534668e-01 2.756569907069206238e-02 -1.021491214632987976e-01 9.901715070009231567e-02 -9.898288846015930176e-01
4.539078176021575928e-01 8.907071948051452637e-01 2.466563135385513306e-02 -5.625148862600326538e-02 5.627036839723587036e-02 -9.968296885490417480e-01
5.438215136528015137e-01 8.388014435768127441e-01 2.589106187224388123e-02 -9.775471687316894531e-02 9.395915269851684570e-02 -9.907652139663696289e-01
6.344586014747619629e-01 7.720881104469299316e-01 3.663671016693115234e-02 -7.858688384294509888e-02 1.115857288241386414e-01 -9.906426072120666504e-01
3.671481609344482422e-01 9.298669695854187012e-01 2.344694361090660095e-02 1.804873719811439514e-02 1.808079332113265991e-02 -9.996736049652099609e-01
3.913600742816925049e-01 9.199857115745544434e-01 2.153310552239418030e-02 -7.136906683444976807e-02 5.367266386747360229e-02 -9.960049390792846680e-01
2.841209471225738525e-01 9.586314558982849121e-01 1.735182106494903564e-02 -1.107221916317939758e-01 5.078186839818954468e-02 -9.925531744956970215e-01
2.560139000415802002e-01 9.665202498435974121e-01 1.719125919044017792e-02 -1.106929704546928406e-01 4.697827622294425964e-02 -9.927437305450439453e-01
-9.965887665748596191e-01 8.233230561017990112e-02 -5.680100060999393463e-03 6.227354519069194794e-03 6.391620729118585587e-03 -9.999601840972900391e-01
-9.959513545036315918e-01 8.969083428382873535e-02 -6.041620392352342606e-03 7.751973345875740051e-03 1.873335801064968109e-02 -9.997944831848144531e-01
-2.550432924181222916e-03 -3.337613120675086975e-02 9.994396567344665527e-01 -9.997577071189880371e-01 2.193933911621570587e-02 -1.818583928979933262e-03
-9.986513257026672363e-01 5.180686712265014648e-02 -3.404775867238640785e-03 4.175664857029914856e-03 1.477910578250885010e-02 -9.998821020126342773e-01
-9.994318485260009766e-01 3.360641375184059143e-02 -2.583350753411650658e-03 2.794648287817835808e-03 6.241966970264911652e-03 -9.999766349792480469e-01
-9.975230097770690918e-01 7.026109099388122559e-02 -3.345249453559517860e-03 5.007999017834663391e-03 2.350250259041786194e-02 -9.997112751007080078e-01
-2.864482579752802849e-03 -2.667443640530109406e-02 9.996401071548461914e-01 -9.997485876083374023e-01 2.230947464704513550e-02 -2.269486896693706512e-03
-9.999020099639892578e-01 1.400183606892824173e-02 2.328303671674802899e-04 -9.918012074194848537e-05 9.545132517814636230e-03 -9.999544620513916016e-01
-4.432056157384067774e-04 -1.519664656370878220e-02 9.998844861984252930e-01 -9.999964237213134766e-01 2.651937073096632957e-03 -4.029500414617359638e-04
-9.998822212219238281e-01 1.533799059689044952e-02 -6.379987462423741817e-04 8.354932651855051517e-04 1.287321373820304871e-02 -9.999168515205383301e-01
-9.984285235404968262e-01 5.601758509874343872e-02 -1.599635928869247437e-03 4.332713317126035690e-03 4.870223626494407654e-02 -9.988039731979370117e-01
4.680526617448776960e-04 -2.626983076333999634e-02 9.996547698974609375e-01 -9.999516010284423828e-01 -9.838290512561798096e-03 2.096521202474832535e-04
7.666491866111755371e-01 -6.414654254913330078e-01 -2.777119167149066925e-02 1.490641832351684570e-01 2.198922485113143921e-01 -9.640681147575378418e-01
4.664305970072746277e-02 2.361400425434112549e-01 9.705989956855773926e-01 -9.731394052505493164e-01 2.300327271223068237e-01 -9.200227446854114532e-03
1.373957544565200806e-01 8.436278700828552246e-01 5.190514922142028809e-01 -9.676451086997985840e-01 2.262767851352691650e-01 -1.116325929760932922e-01
-1.552068144083023071e-01 7.085765600204467773e-01 6.883532404899597168e-01 -9.876738190650939941e-01 -1.256052255630493164e-01 -9.340087324380874634e-02
-1.724278330802917480e-01 6.262178421020507812e-01 7.603419423103332520e-01 -9.812943339347839355e-01 -1.762963086366653442e-01 -7.733695954084396362e-02
-9.999934434890747070e-01 3.358312183991074562e-03 -1.383871538564562798e-03 1.389157143421471119e-03 1.572023262269794941e-03 -9.999978542327880859e-01
-9.999759197235107422e-01 6.796241737902164459e-03 -1.424007466994225979e-03 1.410986296832561493e-03 -1.920323935337364674e-03 -9.999971985816955566e-01
-4.862155392765998840e-02 -3.508146703243255615e-01 9.351818561553955078e-01 -9.822664856910705566e-01 -1.529459953308105469e-01 -1.084441691637039185e-01
-4.532096162438392639e-02 -3.713177740573883057e-01 9.273991584777832031e-01 -9.714196324348449707e-01 -2.001494169235229492e-01 -1.276092529296875000e-01
-4.968831688165664673e-02 -3.590669333934783936e-01 9.319882392883300781e-01 -9.546990394592285156e-01 -2.570424377918243408e-01 -1.499298363924026489e-01
-4.663272574543952942e-02 -3.627590239048004150e-01 9.307155013084411621e-01 -9.729902148246765137e-01 -1.943860352039337158e-01 -1.245154812932014465e-01
-9.331563115119934082e-01 -3.510066568851470947e-01 -7.754782587289810181e-02 -4.225438088178634644e-02 3.213381767272949219e-01 -9.460213184356689453e-01
-5.236941576004028320e-02 -3.406642079353332520e-01 9.387254118919372559e-01 -9.662752151489257812e-01 -2.200456857681274414e-01 -1.337611079216003418e-01
-2.658341825008392334e-02 -4.521695077419281006e-01 8.915358185768127441e-01 -9.925731420516967773e-01 -9.396939724683761597e-02 -7.725554704666137695e-02
7.702822685241699219e-01 -6.371223330497741699e-01 -2.721026539802551270e-02 1.003760248422622681e-01 1.632711887359619141e-01 -9.814617633819580078e-01
9.520887732505798340e-01 3.056735396385192871e-01 9.523470886051654816e-03 2.402585372328758240e-02 -4.371701180934906006e-02 -9.987550377845764160e-01
-5.208092555403709412e-02 -3.823991715908050537e-01 9.225283265113830566e-01 -9.959775805473327637e-01 -4.755767062306404114e-02 -7.594069838523864746e-02
-5.770261585712432861e-02 -3.468761146068572998e-01 9.361343383789062500e-01 -9.935542345046997070e-01 -7.169350981712341309e-02 -8.780732005834579468e-02
-2.438132278621196747e-02 -5.390952229499816895e-01 8.418918848037719727e-01 -9.981527328491210938e-01 -3.374997526407241821e-02 -5.051804333925247192e-02
-2.355638332664966583e-02 -4.837155640125274658e-01 8.749082088470458984e-01 -9.949021935462951660e-01 -7.449375838041305542e-02 -6.797294318675994873e-02
-1.340187527239322662e-02 -2.195779047906398773e-02 -9.996690750122070312e-01 -9.998908042907714844e-01 6.524095777422189713e-03 1.326154544949531555e-02
-1.197729632258415222e-02 -4.057986289262771606e-02 -9.991045594215393066e-01 -9.998736381530761719e-01 -9.957840666174888611e-03 1.239096559584140778e-02
-1.287906710058450699e-02 -5.202075932174921036e-03 -9.999035596847534180e-01 -9.999046921730041504e-01 -4.911593627184629440e-03 1.290463469922542572e-02
-1.608309522271156311e-02 -6.557115167379379272e-02 -9.977182745933532715e-01 -9.998170733451843262e-01 -9.277379140257835388e-03 1.672664843499660492e-02
-1.178443711251020432e-02 -4.065361991524696350e-02 -9.991038441658020020e-01 -9.998715519905090332e-01 -1.037989836186170578e-02 1.221585087478160858e-02
-1.089562382549047470e-02 -8.033383637666702271e-02 -9.967085123062133789e-01 -9.993305802345275879e-01 3.568872064352035522e-02 8.047807961702346802e-03
-1.218178495764732361e-02 -8.235275000333786011e-02 -9.965288043022155762e-01 -9.993510246276855469e-01 3.478968515992164612e-02 9.341277182102203369e-03
-1.186918560415506363e-02 -1.135755777359008789e-01 -9.934585094451904297e-01 -9.989683032035827637e-01 4.490108788013458252e-02 6.801767740398645401e-03
9.992312192916870117e-01 -3.846320137381553650e-02 -7.588302716612815857e-03 -8.241792209446430206e-03 -1.686003245413303375e-02 -9.998239278793334961e-01
9.999661445617675781e-01 3.125781426206231117e-03 -7.616478949785232544e-03 -7.618726696819067001e-03 7.077574846334755421e-04 -9.999707341194152832e-01
-9.998302459716796875e-01 -1.757425814867019653e-02 5.538010504096746445e-03 -5.524442996829748154e-03 -8.204841287806630135e-04 -9.999844431877136230e-01
-9.989776611328125000e-01 -4.431515187025070190e-02 8.929459378123283386e-03 -9.017135016620159149e-03 1.778940437361598015e-03 -9.999577999114990234e-01
-9.991601109504699707e-01 -4.004308953881263733e-02 8.700937032699584961e-03 -8.712867274880409241e-03 1.234311203006654978e-04 -9.999620318412780762e-01
-9.983049631118774414e-01 -5.702228099107742310e-02 1.165392063558101654e-02 -1.135320961475372314e-02 -5.594697780907154083e-03 -9.999199509620666504e-01
6.216700077056884766e-01 7.827393412590026855e-01 2.907812222838401794e-02 -1.254000663757324219e-01 1.361031681299209595e-01 -9.827262163162231445e-01
7.165359258651733398e-01 6.966537833213806152e-01 3.535201027989387512e-02 -9.384001791477203369e-02 1.464898288249969482e-01 -9.847511649131774902e-01
4.706561863422393799e-01 8.820323348045349121e-01 2.239821478724479675e-02 -1.715692579746246338e-01 1.163921952247619629e-01 -9.782724380493164062e-01
8.465544581413269043e-01 5.297345519065856934e-01 5.221943557262420654e-02 -9.690739959478378296e-02 2.498363852500915527e-01 -9.634265899658203125e-01
8.091691136360168457e-01 5.854404568672180176e-01 5.004886165261268616e-02 -8.735095709562301636e-02 2.040885984897613525e-01 -9.750475287437438965e-01
8.455730080604553223e-01 5.315269827842712402e-01 4.985369369387626648e-02 -9.892144054174423218e-02 2.477619946002960205e-01 -9.637575149536132812e-01
8.428132534027099609e-01 5.357363820075988770e-01 5.150201171636581421e-02 -8.985169976949691772e-02 2.344081252813339233e-01 -9.679770469665527344e-01
9.704810976982116699e-01 -2.409093230962753296e-01 1.136655919253826141e-02 8.540986105799674988e-03 -1.276975404471158981e-02 -9.998819828033447266e-01
9.907881021499633789e-01 -1.345738619565963745e-01 1.513173803687095642e-02 1.053133979439735413e-02 -3.483137115836143494e-02 -9.993377327919006348e-01
9.913745522499084473e-01 -1.304819285869598389e-01 1.228846050798892975e-02 1.534339319914579391e-02 2.243322320282459259e-02 -9.996306300163269043e-01
9.785144925117492676e-01 -2.059793323278427124e-01 9.054523892700672150e-03 1.794354058802127838e-02 4.132786393165588379e-02 -9.989845156669616699e-01
9.395115375518798828e-01 -3.424612283706665039e-01 6.195629481226205826e-03 1.131809223443269730e-02 1.296136807650327682e-02 -9.998519420623779297e-01
9.306815862655639648e-01 -3.657080233097076416e-01 9.457471780478954315e-03 8.784093894064426422e-03 -3.505129832774400711e-03 -9.999552965164184570e-01
9.220224618911743164e-01 -3.869440257549285889e-01 1.220809761434793472e-02 2.142159081995487213e-02 1.950724981725215912e-02 -9.995802044868469238e-01
-9.999824762344360352e-01 -5.003789439797401428e-03 3.172782948240637779e-03 -3.154692472890019417e-03 -3.619140014052391052e-03 -9.999884963035583496e-01
-1.056173932738602161e-03 -5.254108691588044167e-04 9.999993443489074707e-01 -9.999994635581970215e-01 -1.933207240654155612e-04 -1.056275679729878902e-03
-9.999443292617797852e-01 -9.879543446004390717e-03 3.708055708557367325e-03 -3.704303409904241562e-03 -3.980885376222431660e-04 -9.999930858612060547e-01
-9.997559785842895508e-01 -2.136512100696563721e-02 5.624046549201011658e-03 -5.540285725146532059e-03 -3.977635875344276428e-03 -9.999767541885375977e-01
-9.999923706054687500e-01 -3.080084919929504395e-03 2.409798325970768929e-03 -2.408992499113082886e-03 -2.652791445143520832e-04 -9.999970793724060059e-01
7.352784872055053711e-01 6.760971546173095703e-01 4.752131551504135132e-02 -4.671620205044746399e-02 1.205036565661430359e-01 -9.916130900382995605e-01
6.877819895744323730e-01 7.247263193130493164e-01 4.156502336263656616e-02 -6.596275418996810913e-02 1.194166764616966248e-01 -9.906505942344665527e-01
6.431775093078613281e-01 7.644534707069396973e-01 4.397240653634071350e-02 -5.028084665536880493e-02 9.946707636117935181e-02 -9.937696456909179688e-01
7.455218434333801270e-01 6.646419763565063477e-01 4.948050901293754578e-02 -6.347181648015975952e-02 1.447072327136993408e-01 -9.874366521835327148e-01
7.240430712699890137e-01 6.881000995635986328e-01 4.774775728583335876e-02 -8.997882902622222900e-02 1.628578901290893555e-01 -9.825381040573120117e-01
7.859396934509277344e-01 6.169790625572204590e-01 4.044321924448013306e-02 -1.218304783105850220e-01 2.186576277017593384e-01 -9.681664109230041504e-01
9.228599667549133301e-01 3.843055367469787598e-01 2.527322992682456970e-02 -1.092375963926315308e-01 3.241170644760131836e-01 -9.396889209747314453e-01
7.372355461120605469e-01 6.739805936813354492e-01 4.726389795541763306e-02 -1.229573041200637817e-01 2.026255577802658081e-01 -9.715062975883483887e-01
8.132609724998474121e-01 5.804191827774047852e-01 4.147584363818168640e-02 -1.044173613190650940e-01 2.156820595264434814e-01 -9.708647131919860840e-01
1.280411798506975174e-02 3.116791844367980957e-01 -9.501011371612548828e-01 -9.795324802398681641e-01 -1.869766116142272949e-01 -7.453812658786773682e-02
6.608103867620229721e-03 3.362181186676025391e-01 -9.417609572410583496e-01 -9.723265171051025391e-01 -2.177812457084655762e-01 -8.457267284393310547e-02
8.962672203779220581e-03 2.931830883026123047e-01 -9.560142755508422852e-01 -9.643623232841491699e-01 -2.502880990505218506e-01 -8.579733967781066895e-02
2.277115359902381897e-03 3.369803130626678467e-01 -9.415089488029479980e-01 -9.616563916206359863e-01 -2.574701011180877686e-01 -9.447829425334930420e-02
9.244669675827026367e-01 3.799486458301544189e-01 3.162092342972755432e-02 -8.647402375936508179e-02 2.897318899631500244e-01 -9.531934261322021484e-01
9.256223440170288086e-01 3.775236308574676514e-01 2.644310705363750458e-02 -7.526484131813049316e-02 2.521120011806488037e-01 -9.647666811943054199e-01
5.678477231413125992e-03 3.602919876575469971e-01 -9.328223466873168945e-01 -9.619631767272949219e-01 -2.528128027915954590e-01 -1.035019233822822571e-01
1.280979812145233154e-02 3.539896011352539062e-01 -9.351616501808166504e-01 -9.948566555976867676e-01 -8.946827054023742676e-02 -4.749419912695884705e-02
1.231024879962205887e-02 3.306615352630615234e-01 -9.436691403388977051e-01 -9.793282747268676758e-01 -1.865712404251098633e-01 -7.814995199441909790e-02
1.151519361883401871e-02 3.626541495323181152e-01 -9.318526983261108398e-01 -9.855645895004272461e-01 -1.533019095659255981e-01 -7.184026390314102173e-02
1.494627352803945541e-02 3.314063847064971924e-01 -9.433697462081909180e-01 -9.635745882987976074e-01 -2.471827119588851929e-01 -1.021018251776695251e-01
1.311254687607288361e-02 3.329331576824188232e-01 -9.428592324256896973e-01 -9.786697030067443848e-01 -1.890662163496017456e-01 -8.037176728248596191e-02
6.234292984008789062e-01 7.808837294578552246e-01 3.945401683449745178e-02 -1.533052176237106323e-01 1.715627163648605347e-01 -9.731720089912414551e-01
7.116146087646484375e-01 7.014334797859191895e-01 3.994836285710334778e-02 -9.658700227737426758e-02 1.539925634860992432e-01 -9.833397865295410156e-01
7.416878938674926758e-01 6.692876815795898438e-01 4.419330134987831116e-02 -7.523173093795776367e-02 1.484791338443756104e-01 -9.860497713088989258e-01
9.999987483024597168e-01 -1.592282555066049099e-03 -5.251216498436406255e-05 -5.156804400030523539e-05 5.929731996729969978e-04 -9.999998211860656738e-01
1.320832176133990288e-03 -1.475889235734939575e-03 -9.999980330467224121e-01 -9.999982118606567383e-01 1.361933187581598759e-03 -1.322842435911297798e-03
1.769867521943524480e-04 -8.965008892118930817e-04 -9.999996423721313477e-01 -9.999999403953552246e-01 -3.846971958409994841e-04 -1.766419445630162954e-04
9.999992847442626953e-01 -3.182869113516062498e-04 -1.177599187940359116e-03 -1.177515136078000069e-03 2.636345452629029751e-04 -9.999992847442626953e-01
9.999982714653015137e-01 -1.259483280591666698e-03 -1.397637999616563320e-03 -1.396433333866298199e-03 9.568211971782147884e-04 -9.999986290931701660e-01
9.999933242797851562e-01 3.498470410704612732e-03 -1.106574432924389839e-03 -1.110635930672287941e-03 1.159226172603666782e-03 -9.999987483024597168e-01
9.999986886978149414e-01 -3.580747288651764393e-04 -1.582058961503207684e-03 -1.582113094627857208e-03 -1.510976144345477223e-04 -9.999987483024597168e-01
9.999945163726806641e-01 8.994297240860760212e-04 -3.181973006576299667e-03 -3.181674284860491753e-03 -3.333355416543781757e-04 -9.999948740005493164e-01
9.999988675117492676e-01 -8.449768647551536560e-04 -1.265679020434617996e-03 -1.265218947082757950e-03 5.447511794045567513e-04 -9.999991059303283691e-01
9.999955296516418457e-01 2.055156277492642403e-03 -2.180424984544515610e-03 -2.181108575314283371e-03 3.303618868812918663e-04 -9.999975562095642090e-01
-2.535971580073237419e-03 -9.502546745352447033e-04 -9.999963641166687012e-01 -9.999967813491821289e-01 -1.462384534534066916e-04 2.536111511290073395e-03
-3.163025248795747757e-03 2.588710980489850044e-03 -9.999916553497314453e-01 -9.999949336051940918e-01 -3.781311097554862499e-04 3.162056906148791313e-03
-1.148352283053100109e-03 -9.899631841108202934e-04 -9.999988675117492676e-01 -9.999992847442626953e-01 -4.149867454543709755e-04 1.148763578385114670e-03
-3.735034842975437641e-04 7.688763434998691082e-04 -9.999996423721313477e-01 -9.999999403953552246e-01 -8.914434147300198674e-05 3.734350320883095264e-04
-6.782087148167192936e-04 -6.968734669499099255e-04 -9.999995231628417969e-01 -9.999996423721313477e-01 -5.516628734767436981e-04 6.785931764170527458e-04
-2.781292190775275230e-03 -1.216371660120785236e-03 9.999954104423522949e-01 -9.999955892562866211e-01 1.050036516971886158e-03 -2.780015347525477409e-03
9.972112178802490234e-01 7.252408564090728760e-02 -1.760900579392910004e-02 -1.472751703113317490e-02 -4.007637500762939453e-02 -9.990881085395812988e-01
9.988651275634765625e-01 4.578272253274917603e-02 -1.313407905399799347e-02 -1.239235512912273407e-02 -1.644730195403099060e-02 -9.997879862785339355e-01
9.801188111305236816e-01 1.974072605371475220e-01 -1.993896998465061188e-02 -3.182556480169296265e-03 -8.483830839395523071e-02 -9.963896274566650391e-01
9.999949336051940918e-01 2.403333550319075584e-03 -2.107603009790182114e-03 -2.106626285240054131e-03 -4.088896967004984617e-04 -9.999977350234985352e-01
-9.998899102210998535e-01 -1.415042206645011902e-02 4.470399580895900726e-03 -4.493179265409708023e-03 1.578458584845066071e-03 -9.999886751174926758e-01
9.997059106826782227e-01 2.424805052578449249e-02 -5.016512586735188961e-04 -1.301755546592175961e-04 -1.531896740198135376e-02 -9.998826980590820312e-01
9.999965429306030273e-01 6.375210941769182682e-04 2.563574351370334625e-03 2.563903108239173889e-03 -5.153337842784821987e-04 -9.999966025352478027e-01
1.052136626094579697e-02 2.121636085212230682e-02 -9.997195601463317871e-01 -9.999149441719055176e-01 7.933246903121471405e-03 -1.035505998879671097e-02
9.999386072158813477e-01 1.348747638985514641e-03 1.099741552025079727e-02 1.099719852209091187e-02 1.687268813839182258e-04 -9.999395608901977539e-01
9.999820590019226074e-01 2.208614256232976913e-03 5.571703892201185226e-03 5.571520887315273285e-03 8.895472274161875248e-05 -9.999845027923583984e-01
6.161216646432876587e-03 -5.768607370555400848e-04 -9.999808669090270996e-01 -9.999809265136718750e-01 -5.658554728142917156e-04 -6.160890217870473862e-03
9.999868273735046387e-01 -1.907924888655543327e-03 4.765612538903951645e-03 4.762488882988691330e-03 -1.638003741391003132e-03 -9.999873042106628418e-01
9.999883174896240234e-01 -2.303917892277240753e-03 4.258881323039531708e-03 4.254538565874099731e-03 -1.886153710074722767e-03 -9.999892115592956543e-01
9.168641567230224609e-01 3.982800543308258057e-01 2.707506157457828522e-02 -1.046350002288818359e-01 3.052200376987457275e-01 -9.465158581733703613e-01
8.750213980674743652e-01 4.822365939617156982e-01 4.225458577275276184e-02 -8.428722620010375977e-02 2.377287894487380981e-01 -9.676676988601684570e-01
-9.999977946281433105e-01 1.043014111928641796e-03 1.830816734582185745e-03 -1.829774933867156506e-03 9.989361278712749481e-04 -9.999978542327880859e-01
2.400196390226483345e-04 -1.047428511083126068e-02 9.999451637268066406e-01 -9.999943971633911133e-01 -3.363259136676788330e-03 2.048017922788858414e-04
-1.757891266606748104e-03 -3.356799855828285217e-02 9.994348883628845215e-01 -9.997630119323730469e-01 2.174530364573001862e-02 -1.028109109029173851e-03
-1.741316751576960087e-03 -4.023574665188789368e-02 9.991887211799621582e-01 -9.998080730438232422e-01 1.956932432949542999e-02 -9.543705382384359837e-04
-7.887682295404374599e-04 -3.755520284175872803e-02 9.992942810058593750e-01 -9.999989867210388184e-01 -1.185620203614234924e-03 -8.338821935467422009e-04
1.930510916281491518e-04 -6.004268303513526917e-02 9.981958270072937012e-01 -9.999622702598571777e-01 -8.680581115186214447e-03 -3.287546860519796610e-04
-2.575308026280254126e-04 -4.965366423130035400e-02 9.987664818763732910e-01 -9.999947547912597656e-01 -3.211778122931718826e-03 -4.175209905952215195e-04
-8.698037709109485149e-05 -3.352487459778785706e-02 9.994379281997680664e-01 -9.999960660934448242e-01 2.815286163240671158e-03 7.406240911222994328e-06
3.926405624952167273e-04 -2.981967106461524963e-02 9.995552301406860352e-01 -9.998787045478820801e-01 -1.557543314993381500e-02 -7.189332973212003708e-05
7.859132601879537106e-04 -2.867641486227512360e-02 9.995884895324707031e-01 -9.996610879898071289e-01 -2.603312581777572632e-02 3.912631655111908913e-05
-9.994485974311828613e-01 -3.185988217592239380e-02 9.350257925689220428e-03 -1.007899735122919083e-02 2.278995327651500702e-02 -9.996894598007202148e-01
9.160675690509378910e-04 5.833572708070278168e-03 -9.999825954437255859e-01 -9.999964833259582520e-01 2.511418191716074944e-03 -9.014295064844191074e-04
9.999745488166809082e-01 -7.131711114197969437e-03 -3.961384354624897242e-04 -3.931691462639719248e-04 4.177491355221718550e-04 -9.999998807907104492e-01
9.973499774932861328e-01 -7.275052368640899658e-02 -7.237851968966424465e-04 1.624923199415206909e-03 3.222005069255828857e-02 -9.994794726371765137e-01
-9.411840437678620219e-05 -8.164169639348983765e-02 9.966617822647094727e-01 -9.999855756759643555e-01 5.367438774555921555e-03 3.452422097325325012e-04
-4.164256388321518898e-04 -1.031431108713150024e-01 9.946664571762084961e-01 -9.999687075614929199e-01 -7.821825332939624786e-03 -1.229738816618919373e-03
-8.688783855177462101e-04 -1.025283634662628174e-01 9.947297573089599609e-01 -9.983190298080444336e-01 -5.755748972296714783e-02 -6.804554257541894913e-03
2.740380587056279182e-04 -6.743133813142776489e-02 9.977238774299621582e-01 -9.998018145561218262e-01 -1.987910084426403046e-02 -1.068923738785088062e-03
-2.345013767480850220e-01 -9.721042513847351074e-01 -4.744620993733406067e-03 -1.224330719560384750e-02 7.833720184862613678e-03 -9.998943805694580078e-01
-1.486514210700988770e-01 2.953600836917757988e-03 -9.888852834701538086e-01 -6.667929142713546753e-02 9.976897239685058594e-01 1.300327479839324951e-02
-2.617555558681488037e-01 -9.649893045425415039e-01 1.672452129423618317e-02 9.705056995153427124e-02 -4.355815425515174866e-02 -9.943258762359619141e-01
-2.237420976161956787e-01 -9.746139645576477051e-01 8.195565082132816315e-03 -3.051176667213439941e-02 -1.400527544319629669e-03 -9.995334148406982422e-01
4.505141377449035645e-01 -4.653539974242448807e-03 -8.927571773529052734e-01 2.020830363035202026e-01 9.745631814002990723e-01 9.689767658710479736e-02
5.453759431838989258e-01 7.059197407215833664e-03 -8.381618857383728027e-01 1.694610118865966797e-01 9.783861637115478516e-01 1.185052469372749329e-01
6.847220063209533691e-01 -7.122002243995666504e-01 1.546823531389236450e-01 3.622217476367950439e-01 1.483877897262573242e-01 -9.202046394348144531e-01
1.962694674730300903e-01 -9.798246026039123535e-01 -3.771021217107772827e-02 -3.722175210714340210e-02 3.098561614751815796e-02 -9.988265633583068848e-01
9.149720668792724609e-01 -4.015801846981048584e-01 -3.949156031012535095e-02 -6.080669164657592773e-02 -4.046601057052612305e-02 -9.973289966583251953e-01
9.816948175430297852e-01 1.854811459779739380e-01 -4.326646029949188232e-02 -3.718158975243568420e-02 -3.616137430071830750e-02 -9.986540675163269043e-01
-9.939203262329101562e-01 -1.100315973162651062e-01 3.929433412849903107e-03 -3.814991796389222145e-03 -1.250585075467824936e-03 -9.999919533729553223e-01
9.971273541450500488e-01 7.197050005197525024e-02 -2.360690571367740631e-02 -2.274272404611110687e-02 -1.280345954000949860e-02 -9.996593594551086426e-01
9.959340691566467285e-01 8.612438291311264038e-02 -2.642044238746166229e-02 -2.604223601520061493e-02 -5.512141622602939606e-03 -9.996456503868103027e-01
9.955061674118041992e-01 9.223932772874832153e-02 -2.143421769142150879e-02 -2.359315007925033569e-02 2.237922139465808868e-02 -9.994711279869079590e-01
5.598663818091154099e-03 8.422801271080970764e-03 -9.999488592147827148e-01 -9.999837875366210938e-01 -1.020264346152544022e-03 -5.607452709227800369e-03
9.985162615776062012e-01 -5.323648080229759216e-02 1.145664043724536896e-02 1.136288698762655258e-02 -2.063455525785684586e-03 -9.999333620071411133e-01
9.964314699172973633e-01 -8.360631018877029419e-02 1.158913318067789078e-02 6.780095398426055908e-03 -5.757628753781318665e-02 -9.983181357383728027e-01
1.091352757066488266e-02 4.941017553210258484e-02 -9.987189769744873047e-01 -9.990952014923095703e-01 -4.051852598786354065e-02 -1.292223390191793442e-02
9.998938441276550293e-01 -7.593841874040663242e-04 -1.455300021916627884e-02 -1.455267332494258881e-02 4.323210450820624828e-04 -9.998940229415893555e-01
5.487350281327962875e-03 -3.000047872774302959e-04 -9.999849200248718262e-01 -9.999849200248718262e-01 2.084035659208893776e-04 -5.487413145601749420e-03
9.998165965080261230e-01 4.326801281422376633e-03 -1.865515857934951782e-02 -1.865192689001560211e-02 -7.859348552301526070e-04 -9.998257160186767578e-01
9.999197721481323242e-01 -1.245665829628705978e-03 -1.260920334607362747e-02 -1.260947342962026596e-02 -2.099525881931185722e-04 -9.999204874038696289e-01
9.999015927314758301e-01 -1.236948999576270580e-03 -1.397431828081607819e-02 -1.397318765521049500e-02 9.180650231428444386e-04 -9.999019503593444824e-01
9.861485958099365234e-01 1.649897694587707520e-01 1.701190136373043060e-02 1.544351596385240555e-02 1.078417897224426270e-02 -9.998226165771484375e-01
1.993006169795989990e-01 -9.796652197837829590e-01 -2.313865162432193756e-02 -3.100696206092834473e-02 1.729606464505195618e-02 -9.993695616722106934e-01
-9.866257905960083008e-01 1.630013287067413330e-01 3.696303174365311861e-04 -2.393468748778104782e-03 -1.221987791359424591e-02 -9.999225139617919922e-01
-9.985415339469909668e-01 5.373902991414070129e-02 5.183587782084941864e-03 -6.609350442886352539e-03 -2.638756297528743744e-02 -9.996299743652343750e-01
3.946583271026611328e-01 -8.954745531082153320e-02 9.144539833068847656e-01 -2.199356555938720703e-01 9.571009278297424316e-01 1.886430382728576660e-01
-9.983255267143249512e-01 5.765518918633460999e-02 -4.696418996900320053e-03 4.966856446117162704e-03 4.548195283859968185e-03 -9.999773502349853516e-01
-9.986008405685424805e-01 5.268774926662445068e-02 -4.508606158196926117e-03 4.921158310025930405e-03 7.703036069869995117e-03 -9.999582171440124512e-01
-9.965913295745849609e-01 8.232381194829940796e-02 -5.349457263946533203e-03 4.885272588580846786e-03 -5.838917568325996399e-03 -9.999710321426391602e-01
-9.914388656616210938e-01 1.303611248731613159e-01 -7.413658313453197479e-03 9.274323470890522003e-03 1.367186103016138077e-02 -9.998635649681091309e-01
-9.980211257934570312e-01 6.271971762180328369e-02 -4.484911914914846420e-03 3.255206393077969551e-03 -1.969482563436031342e-02 -9.998007416725158691e-01
-9.989004135131835938e-01 4.669958353042602539e-02 -4.143999423831701279e-03 3.856428200379014015e-03 -6.246305070817470551e-03 -9.999730587005615234e-01
-9.917733073234558105e-01 1.279288679361343384e-01 -4.468503873795270920e-03 7.874847389757633209e-03 2.613345719873905182e-02 -9.996274709701538086e-01
-9.996008872985839844e-01 2.814031951129436493e-02 -2.495045075193047523e-03 2.556174527853727341e-03 2.136546419933438301e-03 -9.999944567680358887e-01
-9.997550249099731445e-01 -2.212411165237426758e-02 7.105732802301645279e-04 -6.708170403726398945e-04 -1.804332947358489037e-03 -9.999981522560119629e-01
-9.994546175003051758e-01 -3.301485627889633179e-02 7.283680606633424759e-04 -7.904185331426560879e-04 1.866460544988512993e-03 -9.999979734420776367e-01
-9.999670982360839844e-01 -8.057127706706523895e-03 9.327416773885488510e-04 -9.119734750129282475e-04 -2.580903703346848488e-03 -9.999963045120239258e-01
-9.999819397926330566e-01 -5.909778177738189697e-03 1.113625476136803627e-03 -1.109663629904389381e-03 -6.736314389854669571e-04 -9.999992251396179199e-01
-9.999966025352478027e-01 -2.430348889902234077e-03 1.000091433525085449e-03 -9.984803618863224983e-04 -6.640451028943061829e-04 -9.999993443489074707e-01
7.262074947357177734e-01 6.865902543067932129e-01 3.487802669405937195e-02 1.468834429979324341e-01 -1.053969711065292358e-01 -9.835226535797119141e-01
2.306061834096908569e-01 9.729567170143127441e-01 1.327120419591665268e-02 8.579866588115692139e-02 -6.746178492903709412e-03 -9.962896704673767090e-01
6.913202404975891113e-01 7.219553589820861816e-01 2.927123010158538818e-02 3.938259929418563843e-02 2.801302820444107056e-03 -9.992203116416931152e-01
5.940150022506713867e-01 8.036020398139953613e-01 3.701249510049819946e-02 7.972051948308944702e-02 -1.302091218531131744e-02 -9.967322349548339844e-01
6.780240535736083984e-01 7.341498732566833496e-01 3.615891560912132263e-02 1.871305704116821289e-01 -1.248339414596557617e-01 -9.743708968162536621e-01
8.932671546936035156e-01 4.477968811988830566e-01 3.939234465360641479e-02 1.325215399265289307e-01 -1.785881817340850830e-01 -9.749585986137390137e-01
5.813650786876678467e-02 -6.968758702278137207e-01 7.148315310478210449e-01 -9.595941901206970215e-01 1.584635674953460693e-01 2.325259894132614136e-01
-8.986431360244750977e-01 8.442557416856288910e-03 4.385991990566253662e-01 -5.709625035524368286e-02 9.890591502189636230e-01 -1.360224783420562744e-01
-7.125948071479797363e-01 6.997801065444946289e-01 -5.016450211405754089e-02 7.672782987356185913e-02 6.659734994173049927e-03 -9.970298409461975098e-01
-1.377360671758651733e-01 9.904320240020751953e-01 -8.552955463528633118e-03 8.145011961460113525e-02 2.720138290897011757e-03 -9.966737031936645508e-01
-8.693799972534179688e-01 -4.876667559146881104e-01 -7.974751293659210205e-02 -8.060490339994430542e-02 2.991780042648315430e-01 -9.507867097854614258e-01
-9.043778181076049805e-01 -4.139526486396789551e-01 -1.036535799503326416e-01 -6.418772041797637939e-02 3.720963895320892334e-01 -9.259721040725708008e-01
-9.528583884239196777e-01 -2.895983755588531494e-01 -9.051841497421264648e-02 -4.194617737084627151e-03 3.108763694763183594e-01 -9.504411220550537109e-01
-8.752040266990661621e-01 -4.779567420482635498e-01 -7.466809451580047607e-02 -7.091110199689865112e-02 2.794384360313415527e-01 -9.575415849685668945e-01
-2.491211742162704468e-01 6.522858738899230957e-01 7.158643603324890137e-01 -9.506877064704895020e-01 -3.057120740413665771e-01 -5.227914825081825256e-02
-2.816041707992553711e-01 -9.594381451606750488e-01 -1.332664210349321365e-02 -6.186247244477272034e-02 3.201353549957275391e-02 -9.975711703300476074e-01
-8.248828053474426270e-01 -2.015309780836105347e-01 5.281606912612915039e-01 1.490855962038040161e-01 8.236646056175231934e-01 5.471290946006774902e-01
9.417077898979187012e-01 3.362505435943603516e-01 1.104746665805578232e-02 9.454122744500637054e-03 6.375386845320463181e-03 -9.999349713325500488e-01
-2.108273506164550781e-01 -9.774688482284545898e-01 -1.032362878322601318e-02 -1.112120002508163452e-01 3.447674587368965149e-02 -9.931985139846801758e-01
-3.411266505718231201e-01 2.160839922726154327e-02 -9.397689700126647949e-01 -1.690173596143722534e-01 9.820328950881958008e-01 8.393178880214691162e-02
-1.712603308260440826e-02 -1.983521133661270142e-01 -9.799811840057373047e-01 -9.991034269332885742e-01 4.135010018944740295e-02 9.090783074498176575e-03
-7.966421842575073242e-01 -6.043263077735900879e-01 1.229094062000513077e-02 -1.517905890941619873e-01 1.803299933671951294e-01 -9.718234539031982422e-01
7.682822644710540771e-02 -8.770566582679748535e-01 4.742036163806915283e-01 -9.388377070426940918e-01 -2.237630188465118408e-01 -2.617517113685607910e-01
7.466048598289489746e-01 1.240394860506057739e-01 -6.536019444465637207e-01 2.598715424537658691e-01 8.500294685363769531e-01 4.581666588783264160e-01
-8.968830108642578125e-01 -4.398746788501739502e-01 4.594800621271133423e-02 -4.980612918734550476e-02 -2.774743596091866493e-03 -9.987550973892211914e-01
-2.686358988285064697e-01 -9.631128311157226562e-01 1.576355285942554474e-02 -7.390428334474563599e-02 4.291342571377754211e-03 -9.972561001777648926e-01
-2.671442925930023193e-01 -9.636299610137939453e-01 7.158607710152864456e-03 -5.584608018398284912e-02 8.065087720751762390e-03 -9.984067678451538086e-01
-3.993296623229980469e-01 -9.167219400405883789e-01 1.252130605280399323e-02 -1.789529435336589813e-02 -5.861062090843915939e-03 -9.998226761817932129e-01
-1.190304756164550781e-01 -9.926940202713012695e-01 -1.975652389228343964e-02 9.985215961933135986e-03 1.870016194880008698e-02 -9.997752904891967773e-01
-9.744304418563842773e-01 -2.229255586862564087e-01 2.809953875839710236e-02 -3.106058388948440552e-02 9.786874055862426758e-03 -9.994695782661437988e-01
2.714727818965911865e-01 -9.624324440956115723e-01 -5.138990003615617752e-03 2.488272339105606079e-01 7.534254342317581177e-02 -9.656130075454711914e-01
3.897148072719573975e-01 3.118708729743957520e-02 -9.204074144363403320e-01 1.742760837078094482e-01 9.788705706596374512e-01 1.069592535495758057e-01
9.620073437690734863e-01 4.157239571213722229e-02 -2.698400914669036865e-01 -6.623566878261044621e-05 9.883750081062316895e-01 1.520359665155410767e-01
-9.902666807174682617e-01 -1.375595778226852417e-01 2.119616605341434479e-02 -2.220093831419944763e-02 5.773939657956361771e-03 -9.997369050979614258e-01
-9.953846931457519531e-01 -9.581974893808364868e-02 -5.289952270686626434e-03 5.240811966359615326e-03 7.644926663488149643e-04 -9.999859929084777832e-01
-9.990416169166564941e-01 -4.291270300745964050e-02 8.620263077318668365e-03 -8.844071999192237854e-03 5.028293002396821976e-03 -9.999482631683349609e-01
-9.981144070625305176e-01 -6.125365942716598511e-02 3.959300927817821503e-03 -3.915948793292045593e-03 -8.277830202132463455e-04 -9.999920129776000977e-01
-7.717460393905639648e-01 -3.216795027256011963e-01 5.485711693763732910e-01 -2.549861557781696320e-02 8.775863051414489746e-01 4.787401854991912842e-01
-7.446508854627609253e-02 9.969103336334228516e-01 2.499552816152572632e-02 -6.738576292991638184e-02 1.997754722833633423e-02 -9.975269436836242676e-01
4.135971069335937500e-01 -9.092663526535034180e-01 -4.660708084702491760e-02 2.381535805761814117e-02 6.197765842080116272e-02 -9.977933764457702637e-01
6.752317547798156738e-01 -7.365279197692871094e-01 -3.986012563109397888e-02 9.270069003105163574e-02 1.383490711450576782e-01 -9.860355854034423828e-01
6.615782976150512695e-01 -7.487584352493286133e-01 -4.092674329876899719e-02 8.380006253719329834e-02 1.280585527420043945e-01 -9.882199168205261230e-01
2.257222775369882584e-03 -3.081572428345680237e-02 9.995225667953491211e-01 -9.998592138290405273e-01 -1.669083535671234131e-02 1.743396744132041931e-03
5.612497334368526936e-04 -3.536970168352127075e-02 9.993741512298583984e-01 -9.999268651008605957e-01 -1.209342014044523239e-02 1.335516280960291624e-04
-2.241685724584385753e-04 -1.692994870245456696e-02 9.998567104339599609e-01 -9.999704360961914062e-01 -7.684024050831794739e-03 -3.543028433341532946e-04
-9.905849099159240723e-01 1.368566751480102539e-01 -3.442324232310056686e-03 6.927442736923694611e-03 2.499734982848167419e-02 -9.996635317802429199e-01
-3.294493537396192551e-03 8.517834939993917942e-04 9.999942183494567871e-01 -9.999943375587463379e-01 7.336643175221979618e-04 -3.295118687674403191e-03
-9.989162683486938477e-01 4.627942293882369995e-02 -4.955966491252183914e-03 4.793849308043718338e-03 -3.613343462347984314e-03 -9.999819993972778320e-01
-9.999917745590209961e-01 3.500782651826739311e-03 -2.050845650956034660e-03 2.049317816272377968e-03 -4.399891477078199387e-04 -9.999978542327880859e-01
-9.999047517776489258e-01 -1.352044101804494858e-02 2.791611012071371078e-03 -2.776529639959335327e-03 -1.134091056883335114e-03 -9.999955296516418457e-01
-9.909754991531372070e-01 -1.332555413246154785e-01 1.451385952532291412e-02 -1.613269746303558350e-02 1.107667759060859680e-02 -9.998085498809814453e-01
-9.930415153503417969e-01 -1.170033439993858337e-01 1.337341684848070145e-02 -1.360864192247390747e-02 1.211735419929027557e-03 -9.999067187309265137e-01
-9.980286359786987305e-01 6.242923066020011902e-02 -6.435510702431201935e-03 5.140722263604402542e-03 -2.087860554456710815e-02 -9.997688531875610352e-01
-9.984588027000427246e-01 5.512820929288864136e-02 -6.394222378730773926e-03 8.195760659873485565e-03 3.251515328884124756e-02 -9.994376897811889648e-01
-9.999984502792358398e-01 -1.727406051941215992e-03 4.342379979789257050e-04 -4.335023986641317606e-04 -4.261675348971039057e-04 -9.999998211860656738e-01
-9.973062276840209961e-01 7.304174453020095825e-02 -6.721837911754846573e-03 3.644324606284499168e-03 -4.218550771474838257e-02 -9.991031885147094727e-01
-9.999881982803344727e-01 3.938961308449506760e-03 -2.849924145266413689e-03 2.851099474355578423e-03 2.927047607954591513e-04 -9.999959468841552734e-01
-6.821003276854753494e-03 -1.308902748860418797e-03 9.999759197235107422e-01 -9.999765753746032715e-01 6.122331833466887474e-04 -6.820206996053457260e-03
-9.998707175254821777e-01 -1.606513559818267822e-02 -7.390117389149963856e-04 7.032442954368889332e-04 2.231934340670704842e-03 -9.999972581863403320e-01
-9.989973902702331543e-01 -4.476377740502357483e-02 -6.283351103775203228e-04 2.948596957139670849e-04 7.455885410308837891e-03 -9.999722242355346680e-01
-9.987201690673828125e-01 -5.007968097925186157e-02 7.082642521709203720e-03 -7.669685408473014832e-03 1.153974141925573349e-02 -9.999040365219116211e-01
-9.993058443069458008e-01 -3.722855448722839355e-02 1.374995801597833633e-03 -1.593401539139449596e-03 5.837584380060434341e-03 -9.999817013740539551e-01
-9.980618953704833984e-01 -6.209805607795715332e-02 4.044432658702135086e-03 -3.898037597537040710e-03 -2.478448906913399696e-03 -9.999893307685852051e-01
2.803161181509494781e-02 3.583814501762390137e-01 -9.331543445587158203e-01 -9.994237422943115234e-01 2.792379632592201233e-02 -1.929808035492897034e-02
9.853158593177795410e-01 1.684803515672683716e-01 2.769750729203224182e-02 1.575893536210060120e-02 7.178918272256851196e-02 -9.972953200340270996e-01
5.434432253241539001e-02 2.466477602720260620e-01 -9.675802588462829590e-01 -9.717778563499450684e-01 2.358328551054000854e-01 5.536533892154693604e-03
3.219817206263542175e-02 1.328843384981155396e-01 -9.906084537506103516e-01 -9.973070621490478516e-01 6.961423158645629883e-02 -2.307755500078201294e-02
2.819575555622577667e-02 2.653750963509082794e-02 -9.992501139640808105e-01 -9.995920062065124512e-01 -3.820897080004215240e-03 -2.830687537789344788e-02
8.133981227874755859e-01 5.795311331748962402e-01 5.027061700820922852e-02 3.013092577457427979e-01 -3.458202183246612549e-01 -8.886063098907470703e-01
-9.942896962165832520e-01 1.065050736069679260e-01 6.687459535896778107e-03 -1.175226643681526184e-02 -4.699823632836341858e-02 -9.988258481025695801e-01
3.299483358860015869e-01 5.823892727494239807e-02 9.422007799148559570e-01 -9.968616068363189697e-02 9.946640729904174805e-01 -2.657277137041091919e-02
-9.948642253875732422e-01 1.011459901928901672e-01 -3.837505588307976723e-03 4.301650915294885635e-03 4.371151328086853027e-03 -9.999812245368957520e-01
-1.773348427377641201e-03 9.938716143369674683e-02 9.950472712516784668e-01 -9.996323585510253906e-01 -2.709915675222873688e-02 9.251936571672558784e-04
8.471200466156005859e-01 3.954872861504554749e-02 -5.299279689788818359e-01 5.095338076353073120e-02 9.865868687629699707e-01 1.550812423229217529e-01
-9.998917579650878906e-01 1.458938326686620712e-02 1.915847766213119030e-03 -1.996810082346200943e-03 -5.536848679184913635e-03 -9.999827146530151367e-01
-9.995062351226806641e-01 3.141450881958007812e-02 7.046570535749197006e-04 -9.346829610876739025e-04 -7.308202795684337616e-03 -9.999728798866271973e-01
-1.989560872316360474e-01 9.797961115837097168e-01 2.039918489754199982e-02 2.123281732201576233e-02 2.512007206678390503e-02 -9.994589090347290039e-01
-2.638429962098598480e-02 -3.816184997558593750e-01 -9.239433407783508301e-01 -9.945376515388488770e-01 1.033938080072402954e-01 -1.430478785187005997e-02
-6.479337811470031738e-01 7.596589922904968262e-01 5.567909404635429382e-02 1.719007492065429688e-01 2.170482873916625977e-01 -9.609059095382690430e-01
-4.746254980564117432e-01 8.796021938323974609e-01 3.210316225886344910e-02 9.613715857267379761e-02 8.806060999631881714e-02 -9.914650917053222656e-01
-6.869892030954360962e-02 6.105734035372734070e-03 -9.976187944412231445e-01 4.935611411929130554e-02 9.987775683403015137e-01 2.714021131396293640e-03
-1.308829635381698608e-01 1.753388345241546631e-02 -9.912427663803100586e-01 8.815226703882217407e-02 9.960890412330627441e-01 5.980045534670352936e-03
-9.817618131637573242e-01 -1.888539791107177734e-01 2.186248451471328735e-02 -1.778402179479598999e-02 -2.326367609202861786e-02 -9.995712041854858398e-01
-9.083104133605957031e-02 -9.958097338676452637e-01 1.061985827982425690e-02 -3.129350766539573669e-02 -7.804616820067167282e-03 -9.994797706604003906e-01
-9.560209512710571289e-01 -2.904944121837615967e-01 4.045967757701873779e-02 -4.774336889386177063e-02 1.802685298025608063e-02 -9.986969828605651855e-01
-9.318343400955200195e-01 -3.572403192520141602e-01 6.375049054622650146e-02 -1.281592100858688354e-01 1.596197932958602905e-01 -9.788241982460021973e-01
-5.294348001480102539e-01 -8.479182720184326172e-01 2.708326652646064758e-02 -4.964135959744453430e-02 -9.057485149241983891e-04 -9.987667202949523926e-01
-3.745670244097709656e-02 -9.703528136014938354e-03 -9.992511868476867676e-01 -7.494849618524312973e-03 9.999274611473083496e-01 -9.429153054952621460e-03
-3.343712165951728821e-02 4.355027377605438232e-01 -8.995661735534667969e-01 -9.400652647018432617e-01 2.919059991836547852e-01 1.762615442276000977e-01
9.815962314605712891e-01 -1.724360585212707520e-01 -8.206557482481002808e-02 1.636570990085601807e-01 9.810378551483154297e-01 -1.038326323032379150e-01
7.096044719219207764e-02 9.516434669494628906e-01 -2.988970279693603516e-01 -9.914506077766418457e-01 1.001855805516242981e-01 8.359794318675994873e-02
7.750407457351684570e-01 -6.303498744964599609e-01 4.439632594585418701e-02 2.576089799404144287e-01 2.510232329368591309e-01 -9.330729246139526367e-01
8.750494718551635742e-01 -4.836058020591735840e-01 -2.034547738730907440e-02 1.156056374311447144e-01 2.496271133422851562e-01 -9.614165425300598145e-01
5.762304663658142090e-01 8.172526359558105469e-01 7.521282881498336792e-03 -4.208087548613548279e-02 3.885851427912712097e-02 -9.983583092689514160e-01
1.922814697027206421e-01 9.812284111976623535e-01 1.478720270097255707e-02 -6.829533725976943970e-02 2.841195836663246155e-02 -9.972605109214782715e-01
9.508340358734130859e-01 3.085582256317138672e-01 2.658014558255672455e-02 1.220663916319608688e-02 4.842033982276916504e-02 -9.987524747848510742e-01
9.515103697776794434e-01 3.076004683971405029e-01 3.170167561620473862e-03 1.651852577924728394e-02 -4.080115631222724915e-02 -9.990307092666625977e-01
9.392209053039550781e-01 3.433039486408233643e-01 2.562927780672907829e-03 2.163464948534965515e-02 -5.173497274518013000e-02 -9.984264969825744629e-01
9.648065567016601562e-01 2.628985941410064697e-01 -5.715101957321166992e-03 -1.487667113542556763e-02 3.287096321582794189e-02 -9.993488788604736328e-01
8.786792159080505371e-01 4.753561913967132568e-01 4.426502436399459839e-02 8.631011098623275757e-02 -6.697887927293777466e-02 -9.940143227577209473e-01
9.893336296081542969e-01 -1.416970938444137573e-01 3.377709537744522095e-02 4.316063970327377319e-02 6.368000805377960205e-02 -9.970366358757019043e-01
6.886777281761169434e-01 7.249889969825744629e-01 1.067878864705562592e-02 1.191210150718688965e-01 -9.860239923000335693e-02 -9.879715442657470703e-01
4.500334858894348145e-01 8.929145336151123047e-01 1.317175664007663727e-02 4.575334489345550537e-02 -8.324459195137023926e-03 -9.989180564880371094e-01
-3.179778158664703369e-01 -8.874051272869110107e-03 9.480566382408142090e-01 2.390036731958389282e-01 9.669117927551269531e-01 8.921228349208831787e-02
5.771386027336120605e-01 8.159868717193603516e-01 3.280956670641899109e-02 2.316588610410690308e-01 -1.250597089529037476e-01 -9.647250175476074219e-01
1.620471104979515076e-02 -4.874958395957946777e-01 -8.729749917984008789e-01 -9.836518764495849609e-01 -1.643818765878677368e-01 7.353669404983520508e-02
-8.882040977478027344e-01 4.193215630948543549e-03 4.594300091266632080e-01 1.478696316480636597e-01 9.493632316589355469e-01 2.772077023983001709e-01
4.067675396800041199e-02 6.492706537246704102e-01 -7.594688534736633301e-01 -9.954745769500732422e-01 -3.899883478879928589e-02 -8.665723353624343872e-02
5.289031863212585449e-01 -8.478727340698242188e-01 3.705695644021034241e-02 2.405214905738830566e-01 1.078773885965347290e-01 -9.646304845809936523e-01
4.245234727859497070e-01 -9.052518606185913086e-01 -1.729066669940948486e-02 1.153484433889389038e-01 7.301493734121322632e-02 -9.906380176544189453e-01
5.264417529106140137e-01 -8.501538038253784180e-01 -9.877492673695087433e-03 1.151434406638145447e-01 8.280145376920700073e-02 -9.898918867111206055e-01
-2.692277729511260986e-01 8.108688592910766602e-01 -5.196230411529541016e-01 -7.827699780464172363e-01 1.300829797983169556e-01 6.085635423660278320e-01
-6.239041686058044434e-04 -3.804545700550079346e-01 9.247994422912597656e-01 -9.912725687026977539e-01 1.221487075090408325e-01 4.958218708634376526e-02
-8.696759343147277832e-01 -4.722645580768585205e-01 -1.436318159103393555e-01 -3.630255162715911865e-02 3.513778150081634521e-01 -9.355297088623046875e-01
-6.627156734466552734e-01 -7.347184419631958008e-01 -1.449027806520462036e-01 -7.739367336034774780e-02 2.596542537212371826e-01 -9.625954031944274902e-01
-8.143326044082641602e-01 -5.637671351432800293e-01 -1.379461437463760376e-01 -8.760283887386322021e-02 3.543417155742645264e-01 -9.310035705566406250e-01
-8.064495325088500977e-01 -5.605348348617553711e-01 -1.882551461458206177e-01 -6.680935621261596680e-04 3.192369937896728516e-01 -9.476747512817382812e-01
-9.282265305519104004e-01 -3.515381515026092529e-01 -1.217231005430221558e-01 -2.409948408603668213e-02 3.833331465721130371e-01 -9.232957363128662109e-01
-9.435782432556152344e-01 3.126505911350250244e-01 1.091320961713790894e-01 -7.384622097015380859e-02 1.225936561822891235e-01 -9.897058010101318359e-01
5.999263375997543335e-03 -4.315791726112365723e-01 9.020551443099975586e-01 -9.892759919166564941e-01 -1.342076212167739868e-01 -5.763093382120132446e-02
-2.870730496942996979e-02 -3.867458999156951904e-01 9.217393994331359863e-01 -9.650009870529174805e-01 2.511909306049346924e-01 7.534068822860717773e-02
9.654369354248046875e-01 2.601785957813262939e-01 1.544993277639150620e-02 1.706301979720592499e-02 -3.942314535379409790e-03 -9.998466372489929199e-01
9.709851145744323730e-01 2.382967621088027954e-01 2.006376534700393677e-02 1.900938898324966431e-02 6.722091697156429291e-03 -9.997967481613159180e-01
-2.643939480185508728e-02 -2.555231750011444092e-01 -9.664413928985595703e-01 -9.982677102088928223e-01 -4.408266395330429077e-02 3.896536305546760559e-02
9.913623929023742676e-01 1.230305433273315430e-01 -4.543239623308181763e-02 -4.627196490764617920e-02 3.973877523094415665e-03 -9.989209771156311035e-01
3.326433897018432617e-02 7.416696548461914062e-01 -6.699399948120117188e-01 -9.964573383331298828e-01 -2.719377540051937103e-02 -7.958217710256576538e-02
9.791315793991088867e-01 1.967892795801162720e-01 5.074836686253547668e-02 1.134156528860330582e-02 1.964114308357238770e-01 -9.804559946060180664e-01
1.598916389048099518e-02 1.743754744529724121e-01 -9.845494031906127930e-01 -9.962233901023864746e-01 -8.126705139875411987e-02 -3.057211823761463165e-02
-3.288108482956886292e-02 5.697330236434936523e-01 -8.211717605590820312e-01 -9.303442239761352539e-01 -3.176722526550292969e-01 -1.831500530242919922e-01
-6.297499872744083405e-03 3.730105459690093994e-01 -9.278057813644409180e-01 -9.822459220886230469e-01 -1.762706488370895386e-01 -6.419997662305831909e-02
9.386322498321533203e-01 3.316602110862731934e-01 9.471572935581207275e-02 -2.595298923552036285e-02 3.417348861694335938e-01 -9.394379854202270508e-01
7.698190212249755859e-01 6.250957250595092773e-01 1.289728581905364990e-01 -5.409596860408782959e-02 2.652418315410614014e-01 -9.626632332801818848e-01
7.342962026596069336e-01 6.652095913887023926e-01 1.352972984313964844e-01 8.127854205667972565e-03 1.906798928976058960e-01 -9.816186428070068359e-01
6.254604458808898926e-01 7.736743688583374023e-01 1.011300310492515564e-01 -1.311866343021392822e-01 2.320396155118942261e-01 -9.638193249702453613e-01
6.286871433258056641e-01 7.683299779891967773e-01 1.200899407267570496e-01 -4.939511790871620178e-02 1.935670375823974609e-01 -9.798428416252136230e-01
7.728844881057739258e-02 9.967368841171264648e-01 2.328203245997428894e-02 2.783296257257461548e-02 2.118575386703014374e-02 -9.993880987167358398e-01
1.717942059040069580e-01 9.845527410507202148e-01 3.380448743700981140e-02 1.333303600549697876e-01 1.076154410839080811e-02 -9.910132288932800293e-01
2.201522141695022583e-01 9.747065305709838867e-01 3.847311809659004211e-02 6.362722069025039673e-02 2.500797435641288757e-02 -9.976603984832763672e-01
4.393143057823181152e-01 8.975317478179931641e-01 3.794382140040397644e-02 -9.692415595054626465e-02 8.934822678565979004e-02 -9.912732243537902832e-01
9.843821525573730469e-01 1.748529374599456787e-01 -2.045110799372196198e-02 -1.858045719563961029e-02 -1.232893578708171844e-02 -9.997513890266418457e-01
3.640887793153524399e-03 -6.562888156622648239e-03 -9.999718666076660156e-01 -9.999728798866271973e-01 6.379677448421716690e-03 -3.682761918753385544e-03
9.999859333038330078e-01 -3.964278148487210274e-04 5.296733230352401733e-03 5.296610761433839798e-03 -3.103347262367606163e-04 -9.999859333038330078e-01
9.599362611770629883e-01 -2.802115976810455322e-01 -1.981603214517235756e-03 -1.718216226436197758e-03 1.185606932267546654e-03 -9.999978542327880859e-01
9.999968409538269043e-01 2.126058097928762436e-03 1.335589447990059853e-03 1.333959982730448246e-03 7.676277891732752323e-04 -9.999988079071044922e-01
9.999983906745910645e-01 1.737760263495147228e-03 4.621079715434461832e-04 4.615677462425082922e-04 3.112648846581578255e-04 -9.999998211860656738e-01
9.999938011169433594e-01 3.386373398825526237e-03 -1.015383400954306126e-03 -1.009004656225442886e-03 -1.884771976619958878e-03 -9.999977350234985352e-01
9.999945163726806641e-01 -2.304999798070639372e-04 -3.305839374661445618e-03 -3.305885940790176392e-03 -2.018143713939934969e-04 -9.999945163726806641e-01
-7.998738288879394531e-01 5.715761184692382812e-01 1.830372363328933716e-01 3.701283037662506104e-02 3.513748645782470703e-01 -9.355029463768005371e-01
-5.349796265363693237e-02 -4.405523538589477539e-01 8.961314558982849121e-01 -9.985587596893310547e-01 2.746004611253738403e-02 -4.611295089125633240e-02
-5.403785035014152527e-02 -3.579895198345184326e-01 9.321606159210205078e-01 -9.912254810333251953e-01 1.320084184408187866e-01 -6.764989346265792847e-03
-5.898464843630790710e-02 -3.826563358306884766e-01 9.220060110092163086e-01 -9.961233735084533691e-01 8.294379711151123047e-02 -2.930242754518985748e-02
4.727058112621307373e-02 -7.186011672019958496e-01 6.938139796257019043e-01 -9.843447804450988770e-01 8.455929905176162720e-02 1.546451449394226074e-01
-9.042764902114868164e-01 3.190843388438224792e-02 -4.257533252239227295e-01 1.834806203842163086e-01 9.294661283493041992e-01 -3.200430572032928467e-01
-7.388216443359851837e-03 -9.657062888145446777e-01 2.595319449901580811e-01 -9.969857335090637207e-01 -1.293174643069505692e-02 -7.650008052587509155e-02
-9.119240567088127136e-03 -3.076878190040588379e-01 9.514436721801757812e-01 -9.953922033309936523e-01 -8.803214877843856812e-02 -3.800923377275466919e-02
3.864458296447992325e-03 -1.699045598506927490e-01 9.854529500007629395e-01 -9.920257925987243652e-01 -1.247963979840278625e-01 -1.762624457478523254e-02
8.973398245871067047e-03 -8.423952758312225342e-02 9.964051246643066406e-01 -9.985533356666564941e-01 -5.358548462390899658e-02 4.462442360818386078e-03
-9.939355850219726562e-01 -1.097008883953094482e-01 7.604510057717561722e-03 -1.121254265308380127e-02 3.231044486165046692e-02 -9.994149804115295410e-01
9.998828768730163574e-01 1.931792357936501503e-03 1.518405880779027939e-02 1.518518291413784027e-02 -5.685844225808978081e-04 -9.998845458030700684e-01
9.999418854713439941e-01 6.083469488658010960e-04 1.076597254723310471e-02 1.076599024236202240e-02 -2.619927181513048708e-05 -9.999420642852783203e-01
2.213589102029800415e-02 1.962239330168813467e-04 -9.997549653053283691e-01 -9.997549653053283691e-01 -1.743241300573572516e-04 -2.213592454791069031e-02
9.997425675392150879e-01 2.946817083284258842e-03 2.249714545905590057e-02 2.249613404273986816e-02 3.759256796911358833e-04 -9.997468590736389160e-01
9.352900385856628418e-01 3.536592423915863037e-01 1.255633402615785599e-02 -4.275109153240919113e-03 4.677085950970649719e-02 -9.988965392112731934e-01
9.997134208679199219e-01 -4.231324128340929747e-04 2.393568120896816254e-02 2.393551357090473175e-02 -3.970046818722039461e-04 -9.997134208679199219e-01
9.817134141921997070e-01 -1.885462999343872070e-01 2.625038102269172668e-02 2.650560066103935242e-02 -1.168076647445559502e-03 -9.996479749679565430e-01
9.992288947105407715e-01 -2.735506556928157806e-02 2.816579118371009827e-02 2.858633734285831451e-02 1.510624960064888000e-02 -9.994772076606750488e-01
9.994907379150390625e-01 -1.308565866202116013e-02 2.910577319562435150e-02 2.914262004196643829e-02 2.633928088471293449e-03 -9.995718002319335938e-01
9.991737008094787598e-01 4.017298668622970581e-02 6.178339477628469467e-03 6.078497041016817093e-03 2.606964204460382462e-03 -9.999781847000122070e-01
9.666370749473571777e-01 -2.561481893062591553e-01 -1.000105636194348335e-03 -1.266477047465741634e-03 -8.749586413614451885e-04 -9.999988675117492676e-01
-1.334824264049530029e-01 9.905597567558288574e-01 3.120609745383262634e-02 1.200713366270065308e-01 4.742003977298736572e-02 -9.916321039199829102e-01
-3.263808786869049072e-01 9.419922828674316406e-01 7.826884090900421143e-02 6.617755442857742310e-02 1.053720638155937195e-01 -9.922284483909606934e-01
9.031450748443603516e-01 4.280322194099426270e-01 -3.342853114008903503e-02 -5.238660424947738647e-02 3.258599340915679932e-02 -9.980951547622680664e-01
1.584357768297195435e-02 -1.710255742073059082e-01 -9.851392507553100586e-01 -9.969213008880615234e-01 7.296763360500335693e-02 -2.870064228773117065e-02
1.721664145588874817e-02 -5.209026932716369629e-01 -8.534424304962158203e-01 -9.998067617416381836e-01 -8.686538785696029663e-04 -1.963908597826957703e-02
3.697807341814041138e-02 -5.967029929161071777e-01 -8.016098141670227051e-01 -9.138386845588684082e-01 3.044156432151794434e-01 -2.687563300132751465e-01
4.533846378326416016e-01 -8.906745314598083496e-01 -3.378339111804962158e-02 -1.626573503017425537e-01 -4.541298747062683105e-02 -9.856370091438293457e-01
8.690313436090946198e-03 -1.734939962625503540e-01 9.847965836524963379e-01 -9.899209737777709961e-01 1.377230286598205566e-01 3.299853205680847168e-02
-5.212412476539611816e-01 8.527125716209411621e-01 -3.448003157973289490e-02 -1.763425394892692566e-02 -5.115582793951034546e-02 -9.985349774360656738e-01
-9.780993461608886719e-01 2.079265266656875610e-01 -9.395021013915538788e-03 -5.647773854434490204e-03 -7.163500785827636719e-02 -9.974149465560913086e-01
9.769486188888549805e-01 2.118343710899353027e-01 2.641378529369831085e-02 1.779072917997837067e-02 4.251008480787277222e-02 -9.989376664161682129e-01
9.147549271583557129e-01 -4.040030539035797119e-01 -2.224043011665344238e-03 1.394431013613939285e-02 3.707378357648849487e-02 -9.992152452468872070e-01
7.651456594467163086e-01 6.428543329238891602e-01 3.592269122600555420e-02 -2.909481758251786232e-03 5.924454331398010254e-02 -9.982392787933349609e-01
9.101613163948059082e-01 -4.142313897609710693e-01 4.337654449045658112e-03 5.813356954604387283e-03 2.301908563822507858e-03 -9.999804496765136719e-01
8.746255040168762207e-01 4.838329255580902100e-01 3.059393353760242462e-02 6.850825995206832886e-02 -6.087615713477134705e-02 -9.957914948463439941e-01
1.445427238941192627e-01 9.894025325775146484e-01 1.378713082522153854e-02 -1.198261417448520660e-02 1.568264141678810120e-02 -9.998052120208740234e-01
2.563098669052124023e-01 9.665409922599792480e-01 1.018629688769578934e-02 -1.771214753389358521e-01 5.732421204447746277e-02 -9.825181961059570312e-01
9.580356478691101074e-01 2.814695537090301514e-01 -5.424483865499496460e-02 -6.637538969516754150e-02 3.373619914054870605e-02 -9.972242712974548340e-01
7.727704644203186035e-01 6.043848395347595215e-01 -1.937647461891174316e-01 -3.573196530342102051e-01 1.619755625724792480e-01 -9.198296666145324707e-01
5.605399012565612793e-01 7.869903445243835449e-01 -2.577620744705200195e-01 -5.816608071327209473e-01 1.526003628969192505e-01 -7.989893555641174316e-01
8.960037827491760254e-01 4.199832081794738770e-01 -1.441920995712280273e-01 -2.134236544370651245e-01 1.225556656718254089e-01 -9.692422151565551758e-01
-4.440882802009582520e-02 1.994632035493850708e-01 -9.788985848426818848e-01 -9.802048206329345703e-01 -1.979431211948394775e-01 4.134628921747207642e-03
6.504592895507812500e-01 7.595257163047790527e-01 4.837257787585258484e-03 1.507137087173759937e-03 5.077982787042856216e-03 -9.999859929084777832e-01
6.215303540229797363e-01 7.832877635955810547e-01 -1.266499422490596771e-02 -2.422122843563556671e-02 3.055079141631722450e-03 -9.997019767761230469e-01
9.939566254615783691e-03 -2.479591220617294312e-01 -9.687194824218750000e-01 -9.999049901962280273e-01 -1.171891205012798309e-02 -7.259903475642204285e-03
-9.986265897750854492e-01 5.187060683965682983e-02 -7.373666390776634216e-03 7.993439212441444397e-03 1.175114791840314865e-02 -9.998990297317504883e-01
-9.999971389770507812e-01 7.335977861657738686e-04 -2.299196086823940277e-03 2.299344865605235100e-03 2.020153042394667864e-04 -9.999973773956298828e-01
-9.999743700027465820e-01 5.779005121439695358e-03 -4.238237626850605011e-03 4.214545246213674545e-03 -4.105593543499708176e-03 -9.999827146530151367e-01
-9.999738931655883789e-01 5.508672911673784256e-03 -4.686235450208187103e-03 4.658449906855821609e-03 -5.046058446168899536e-03 -9.999764561653137207e-01
-9.999955296516418457e-01 -5.854758783243596554e-04 -2.941865939646959305e-03 2.941882936283946037e-03 -2.815526386257261038e-05 -9.999957084655761719e-01
-9.999964237213134766e-01 -4.868377291131764650e-04 -2.626514295116066933e-03 2.626476576551795006e-03 7.808783266227692366e-05 -9.999965429306030273e-01
-9.998817443847656250e-01 -1.536174584180116653e-02 -7.524421089328825474e-04 7.260922575369477272e-04 1.720787258818745613e-03 -9.999982714653015137e-01
9.763225317001342773e-01 2.240798249840736389e-02 2.151562869548797607e-01 -5.687826126813888550e-02 9.862149357795715332e-01 1.553867459297180176e-01
4.225602447986602783e-01 -9.846892207860946655e-02 9.009698629379272461e-01 -1.731632351875305176e-01 9.669969081878662109e-01 1.868997514247894287e-01
6.539717316627502441e-01 -1.070716679096221924e-01 7.489036917686462402e-01 -4.820010438561439514e-02 9.820252656936645508e-01 1.824915558099746704e-01
7.810101509094238281e-01 6.245134472846984863e-01 -2.488705329596996307e-03 -1.102027446031570435e-01 1.338937729597091675e-01 -9.848491549491882324e-01
2.032406330108642578e-01 9.790102839469909668e-01 1.523736864328384399e-02 -1.813246160745620728e-01 5.292651057243347168e-02 -9.819980263710021973e-01
8.982847929000854492e-01 4.384089708328247070e-01 2.969960682094097137e-02 -1.176325529813766479e-01 3.050462305545806885e-01 -9.450446963310241699e-01
-7.740992307662963867e-02 1.628592051565647125e-02 -9.968664050102233887e-01 8.695516735315322876e-03 9.998396039009094238e-01 1.565925963222980499e-02
-3.741991519927978516e-02 -9.991360902786254883e-01 -1.807958632707595825e-02 2.655530162155628204e-02 1.709164120256900787e-02 -9.995012283325195312e-01
-4.418801665306091309e-01 -8.947881460189819336e-01 -6.400050222873687744e-02 5.023263394832611084e-02 4.655116051435470581e-02 -9.976521134376525879e-01
-2.617552876472473145e-01 -9.633385539054870605e-01 -5.884764716029167175e-02 -4.691398143768310547e-02 7.360139489173889160e-02 -9.961836934089660645e-01
6.598544120788574219e-02 -9.976367950439453125e-01 -1.915261521935462952e-02 4.151043668389320374e-02 2.192239277064800262e-02 -9.988975524902343750e-01
9.987355470657348633e-01 -4.730715975165367126e-02 -1.701011136174201965e-02 -1.724872551858425140e-02 -4.640199244022369385e-03 -9.998404979705810547e-01
9.153812527656555176e-01 -4.024991095066070557e-01 8.470253087580204010e-03 2.001022687181830406e-03 -1.649044081568717957e-02 -9.998620748519897461e-01
-9.427487850189208984e-03 3.494259144645184278e-04 -9.999555349349975586e-01 -9.999555945396423340e-01 5.914793655392713845e-05 9.427508339285850525e-03
-3.807866200804710388e-02 -2.838027477264404297e-01 -9.581263661384582520e-01 -9.949864149093627930e-01 9.950195252895355225e-02 1.007051579654216766e-02
9.999879598617553711e-01 -7.797615835443139076e-04 -4.845217801630496979e-03 -4.844864364713430405e-03 4.545227857306599617e-04 -9.999881982803344727e-01
9.708731770515441895e-01 -2.395453304052352905e-01 4.829381126910448074e-03 1.639105379581451416e-03 -1.351547706872224808e-02 -9.999073147773742676e-01
8.219644427299499512e-01 5.694767236709594727e-01 8.408038876950740814e-03 -5.534590687602758408e-03 2.274890430271625519e-02 -9.997259378433227539e-01
5.367197096347808838e-02 9.984944462776184082e-01 1.132323220372200012e-02 -2.714246883988380432e-02 1.279418636113405228e-02 -9.995497465133666992e-01
9.034661054611206055e-01 -4.285760223865509033e-01 -8.463115431368350983e-03 -1.018947735428810120e-02 -1.734076300635933876e-03 -9.999465942382812500e-01
9.165049791336059570e-01 -3.999614119529724121e-01 -7.038610987365245819e-03 -5.310462322086095810e-03 5.428882781416177750e-03 -9.999712109565734863e-01
9.198515415191650391e-01 -3.922255039215087891e-01 -5.677646957337856293e-03 -7.378189824521541595e-03 -2.828396158292889595e-03 -9.999688267707824707e-01
5.220257118344306946e-02 -7.488627433776855469e-01 -6.606659889221191406e-01 -9.664241671562194824e-01 1.287902891635894775e-01 -2.223454415798187256e-01
7.811095118522644043e-01 6.222285032272338867e-01 5.195888876914978027e-02 2.001985162496566772e-01 -1.707557290792465210e-01 -9.647606611251831055e-01
-9.761986732482910156e-01 2.164521217346191406e-01 -1.359031721949577332e-02 6.899299565702676773e-03 -3.163796290755271912e-02 -9.994755983352661133e-01
-9.897473454475402832e-01 1.423211991786956787e-01 -1.203753799200057983e-02 1.333320327103137970e-02 8.153624832630157471e-03 -9.998778700828552246e-01
-9.592787027359008789e-01 2.798371911048889160e-01 -3.841258212924003601e-02 4.173060506582260132e-02 5.906392820179462433e-03 -9.991114735603332520e-01
-9.725059866905212402e-01 2.310333698987960815e-01 -2.925336919724941254e-02 3.442206606268882751e-02 1.837211474776268005e-02 -9.992384910583496094e-01
-9.560706615447998047e-01 2.925043106079101562e-01 -1.923923939466476440e-02 3.641754388809204102e-02 5.339661240577697754e-02 -9.979091286659240723e-01
9.936337471008300781e-01 -1.124762222170829773e-01 6.406460423022508621e-03 5.107278935611248016e-03 -1.183506101369857788e-02 -9.999169707298278809e-01
-3.457979857921600342e-02 -1.158582493662834167e-01 -9.926636219024658203e-01 -9.989128112792968750e-01 -2.706503495573997498e-02 3.795637562870979309e-02
-1.087807938456535339e-01 5.335373878479003906e-01 -8.387518525123596191e-01 -9.311892986297607422e-01 2.406269460916519165e-01 2.738342583179473877e-01
-2.125503309071063995e-02 -3.083211183547973633e-01 -9.510448575019836426e-01 -9.985001683235168457e-01 5.455273762345314026e-02 4.630056209862232208e-03
-3.976102769374847412e-01 9.169508218765258789e-01 3.327691927552223206e-02 -2.956023812294006348e-01 -9.367780387401580811e-02 -9.507069587707519531e-01
-1.575489528477191925e-02 -1.877113580703735352e-01 -9.820978641510009766e-01 -9.994461536407470703e-01 3.175136446952819824e-02 9.964462369680404663e-03
9.412193894386291504e-01 -3.376884758472442627e-01 -8.528840728104114532e-03 1.000989899039268494e-01 3.029366731643676758e-01 -9.477391839027404785e-01
3.081730101257562637e-03 4.290049374103546143e-01 -9.032969474792480469e-01 -9.527724981307983398e-01 2.755658924579620361e-01 1.276246458292007446e-01
2.617858946323394775e-01 9.649298191070556641e-01 1.945764943957328796e-02 6.710635032504796982e-03 1.834038831293582916e-02 -9.998093247413635254e-01
-2.903089858591556549e-02 -8.814097046852111816e-01 -4.714596271514892578e-01 -9.917818307876586914e-01 -3.339599445462226868e-02 1.235055252909660339e-01
8.032557368278503418e-01 2.300361245870590210e-01 5.494212508201599121e-01 -1.259932816028594971e-01 9.671614170074462891e-01 -2.207363992929458618e-01
8.564582467079162598e-01 -5.157638192176818848e-01 -2.160954102873802185e-02 1.099900007247924805e-01 2.232253849506378174e-01 -9.685415625572204590e-01
6.269368529319763184e-01 7.780227661132812500e-01 4.038437455892562866e-02 3.017402589321136475e-01 -1.947005242109298706e-01 -9.332976937294006348e-01
-9.990988969802856445e-01 -4.166505858302116394e-02 8.089035749435424805e-03 -8.223838172852993011e-03 3.065014490857720375e-03 -9.999614953994750977e-01
1.125068031251430511e-02 3.366586267948150635e-01 -9.415595531463623047e-01 -9.995004534721374512e-01 -2.402572333812713623e-02 -2.053351514041423798e-02
1.209720596671104431e-02 3.385108411312103271e-01 -9.408847689628601074e-01 -9.999214410781860352e-01 7.196929771453142166e-03 -1.026695128530263901e-02
2.208329178392887115e-02 3.861069083213806152e-01 -9.221897125244140625e-01 -9.892780780792236328e-01 1.416357755661010742e-01 3.561093285679817200e-02
9.994509816169738770e-01 3.306952118873596191e-02 2.036727266386151314e-03 1.816308125853538513e-03 6.693997886031866074e-03 -9.999759793281555176e-01
9.752098917961120605e-01 2.209357619285583496e-01 -1.237332168966531754e-02 -1.226349547505378723e-02 -1.868814695626497269e-03 -9.999231100082397461e-01
-1.594294328242540359e-03 5.331656895577907562e-03 -9.999845623970031738e-01 -9.999976158142089844e-01 -1.539416844025254250e-03 1.586107420735061169e-03
5.699730515480041504e-01 8.211175203323364258e-01 2.994793280959129333e-02 -9.224259108304977417e-02 1.001620292663574219e-01 -9.906861186027526855e-01
5.110225677490234375e-01 8.591668605804443359e-01 2.623429335653781891e-02 -6.623154878616333008e-02 6.978669017553329468e-02 -9.953608512878417969e-01
-9.982163310050964355e-01 5.961721390485763550e-02 -3.156926482915878296e-03 5.156049970537424088e-03 3.340865671634674072e-02 -9.994285106658935547e-01
-6.754072383046150208e-04 -5.822816165164113045e-04 9.999995827674865723e-01 -9.999997019767761230e-01 3.458718420006334782e-04 -6.752059562131762505e-04
-9.999876618385314941e-01 4.804824944585561752e-03 -1.299626892432570457e-03 1.300900592468678951e-03 2.619525184854865074e-04 -9.999991655349731445e-01
-9.999863505363464355e-01 5.085118114948272705e-03 -1.198094338178634644e-03 1.201760140247642994e-03 7.179113454185426235e-04 -9.999990463256835938e-01
-9.999740719795227051e-01 7.066819351166486740e-03 -1.395894680172204971e-03 1.379415043629705906e-03 -2.336321864277124405e-03 -9.999963641166687012e-01
-2.269518794491887093e-03 2.829274861142039299e-03 9.999934434890747070e-01 -9.999971389770507812e-01 -7.863725186325609684e-04 -2.267302246764302254e-03
9.999528527259826660e-01 -3.117789514362812042e-03 -9.199487045407295227e-03 -9.205497801303863525e-03 -1.918745925650000572e-03 -9.999557733535766602e-01
-2.081028884276747704e-03 4.237715620547533035e-04 9.999977946281433105e-01 -9.999978542327880859e-01 6.346247118926839903e-06 -2.081031678244471550e-03
-9.924446940422058105e-01 -1.219985112547874451e-01 1.303251180797815323e-02 -1.992575265467166901e-02 5.545427650213241577e-02 -9.982624053955078125e-01
-9.920883774757385254e-01 -1.244163364171981812e-01 1.677325367927551270e-02 -1.609926484525203705e-02 -6.420730613172054291e-03 -9.998497962951660156e-01
-9.993363618850708008e-01 -3.534827753901481628e-02 8.798651397228240967e-03 -8.920172229409217834e-03 3.281595651060342789e-03 -9.999548792839050293e-01
8.463743925094604492e-01 5.301321744918823242e-01 5.109146609902381897e-02 -9.808769077062606812e-02 2.494487464427947998e-01 -9.634075164794921875e-01
9.366716742515563965e-01 -3.500970602035522461e-01 8.845990523695945740e-03 1.246426720172166824e-02 8.083221502602100372e-03 -9.998896718025207520e-01
8.883661627769470215e-01 -4.591198265552520752e-01 3.808549605309963226e-03 4.917671531438827515e-02 8.689979463815689087e-02 -9.950025677680969238e-01
-9.999575018882751465e-01 -8.691268041729927063e-03 3.081558970734477043e-03 -3.083360614255070686e-03 1.938878704095259309e-04 -9.999952316284179688e-01
-9.999972581863403320e-01 -1.634399755857884884e-03 1.692078658379614353e-03 -1.694532576948404312e-03 1.501210732385516167e-03 -9.999974370002746582e-01
-3.466367197688668966e-04 -1.788682304322719574e-03 9.999983310699462891e-01 -9.999992251396179199e-01 1.193707808852195740e-03 -3.445018664933741093e-04
-9.285887479782104492e-01 3.681839257478713989e-02 3.692794740200042725e-01 1.463965512812137604e-02 9.979260563850402832e-01 -6.268371641635894775e-02
1.197919156402349472e-02 3.484011590480804443e-01 -9.372690320014953613e-01 -9.955505132675170898e-01 -8.345920592546463013e-02 -4.374749213457107544e-02
9.999925494194030762e-01 2.303915796801447868e-03 -3.116440027952194214e-03 -3.114507766440510750e-03 -8.419105433858931065e-04 -9.999948143959045410e-01
9.999802112579345703e-01 3.012617118656635284e-03 -5.531438626348972321e-03 -5.531492643058300018e-03 9.688928003015462309e-06 -9.999847412109375000e-01
-9.999994039535522461e-01 -8.853934123180806637e-04 6.860089488327503204e-04 -6.865705363452434540e-04 6.341328844428062439e-04 -9.999995827674865723e-01
-9.999063611030578613e-01 -1.324262563139200211e-02 3.458513878285884857e-03 -3.480662824586033821e-03 1.649892888963222504e-03 -9.999926090240478516e-01
-9.999827742576599121e-01 -5.130091682076454163e-03 2.853293903172016144e-03 -2.829548437148332596e-03 -4.629976581782102585e-03 -9.999853372573852539e-01
9.999795556068420410e-01 4.252649378031492233e-03 -4.781552590429782867e-03 -4.769927356392145157e-03 -2.739666029810905457e-03 -9.999848604202270508e-01
-1.255849841982126236e-03 -1.945669353008270264e-01 9.808884859085083008e-01 -9.998053908348083496e-01 1.955659501254558563e-02 2.599134342744946480e-03
7.900238037109375000e-01 6.109359860420227051e-01 5.118159204721450806e-02 -9.036289155483245850e-02 1.986086517572402954e-01 -9.759042859077453613e-01
9.999827742576599121e-01 -2.255579922348260880e-03 5.423560738563537598e-03 5.418644752353429794e-03 -2.179523697122931480e-03 -9.999829530715942383e-01
-2.085813321173191071e-03 -8.291368931531906128e-02 9.965545535087585449e-01 -9.992258548736572266e-01 3.932388126850128174e-02 1.180356252007186413e-03
9.262040853500366211e-01 3.766975998878479004e-01 1.565309427678585052e-02 -8.905363827943801880e-02 2.589257955551147461e-01 -9.617831707000732422e-01
-1.617721766233444214e-01 -9.867595434188842773e-01 1.163456216454505920e-02 -8.690507709980010986e-02 2.501435577869415283e-03 -9.962134361267089844e-01
-6.357454657554626465e-01 -7.703505158424377441e-01 -4.886607080698013306e-02 5.392791703343391418e-03 5.887211486697196960e-02 -9.982509613037109375e-01
-8.297542929649353027e-01 -5.536553263664245605e-01 7.052471488714218140e-02 -8.631732314825057983e-02 2.457998925819993019e-03 -9.962646961212158203e-01
-6.946429610252380371e-01 -7.175136208534240723e-01 5.143275484442710876e-02 -8.238292485475540161e-02 8.321214467287063599e-03 -9.965659976005554199e-01
-2.235147953033447266e-01 -9.746608138084411621e-01 8.804235607385635376e-03 -7.798378914594650269e-02 8.878426626324653625e-03 -9.969151020050048828e-01
-9.727588891983032227e-01 -2.313056141138076782e-01 1.542463805526494980e-02 -2.001058869063854218e-02 1.749324984848499298e-02 -9.996467232704162598e-01
-9.735708832740783691e-01 -2.279712855815887451e-01 1.374678127467632294e-02 -1.883694343268871307e-02 2.016723901033401489e-02 -9.996191859245300293e-01
-8.018400669097900391e-01 -5.936805009841918945e-01 6.779357790946960449e-02 -1.050161197781562805e-01 2.832292020320892334e-02 -9.940671324729919434e-01
-9.125573635101318359e-01 -4.038235545158386230e-01 6.454121321439743042e-02 -8.261941373348236084e-02 2.748442813754081726e-02 -9.962021112442016602e-01
-9.735701680183410645e-01 -2.283862978219985962e-01 8.987275068648159504e-04 -5.331933498382568359e-03 1.879471726715564728e-02 -9.998091459274291992e-01
6.370470523834228516e-01 -7.698489427566528320e-01 -3.877633064985275269e-02 -6.733957678079605103e-02 -5.469577386975288391e-03 -9.977151155471801758e-01
2.131175994873046875e-01 -9.766351580619812012e-01 -2.765354141592979431e-02 -1.034551709890365601e-01 5.587149877101182938e-03 -9.946184158325195312e-01
7.244616150856018066e-01 -6.882928609848022461e-01 -3.752790763974189758e-02 -1.749209761619567871e-01 -1.309068500995635986e-01 -9.758412241935729980e-01
-1.180403605103492737e-01 5.353020038455724716e-03 -9.929943680763244629e-01 -1.148682907223701477e-01 9.931988716125488281e-01 1.900887861847877502e-02
1.591534465551376343e-01 -9.870018362998962402e-01 -2.230612374842166901e-02 -6.701952219009399414e-02 1.174065005034208298e-02 -9.976825714111328125e-01
2.209029197692871094e-01 -9.749244451522827148e-01 -2.691171690821647644e-02 -1.929382979869842529e-02 2.321963571012020111e-02 -9.995442628860473633e-01
-2.098951786756515503e-01 -9.776920676231384277e-01 7.895519956946372986e-03 -6.010639294981956482e-02 4.842925351113080978e-03 -9.981802701950073242e-01
-2.182345539331436157e-01 -9.758662581443786621e-01 7.668234407901763916e-03 -6.499312072992324829e-02 6.693431176245212555e-03 -9.978632926940917969e-01
2.554763853549957275e-01 -9.664813280105590820e-01 -2.541107311844825745e-02 -9.122667461633682251e-02 2.068119356408715248e-03 -9.958280324935913086e-01
6.362553834915161133e-01 -7.704365849494934082e-01 -4.008267819881439209e-02 2.470850944519042969e-03 5.399040877819061279e-02 -9.985384345054626465e-01
-5.707454085350036621e-01 -8.206406235694885254e-01 2.826127782464027405e-02 -4.888104647397994995e-02 -4.007238894701004028e-04 -9.988045096397399902e-01
-5.274562239646911621e-01 -8.493122458457946777e-01 2.141689695417881012e-02 -5.869356915354728699e-02 1.127933245152235031e-02 -9.982123374938964844e-01
-6.754992008209228516e-01 -7.369830608367919922e-01 2.359936572611331940e-02 -7.543605566024780273e-02 3.723461925983428955e-02 -9.964552521705627441e-01
-8.982127308845520020e-01 -4.364765286445617676e-01 5.198228731751441956e-02 -4.627569019794464111e-02 -2.370475232601165771e-02 -9.986474514007568359e-01
-1.635060906410217285e-01 -9.865127205848693848e-01 7.640573196113109589e-03 -5.120643973350524902e-02 7.521626539528369904e-04 -9.986878037452697754e-01
-9.917044639587402344e-01 -1.278286129236221313e-01 1.349435001611709595e-02 -1.453653164207935333e-02 7.223512511700391769e-03 -9.998682737350463867e-01
-9.620063900947570801e-01 -2.714053392410278320e-01 2.971283718943595886e-02 -4.350117221474647522e-02 4.492809623479843140e-02 -9.980427026748657227e-01
-9.978229403495788574e-01 -6.457293778657913208e-02 1.340595539659261703e-02 -1.152650639414787292e-02 -2.939096093177795410e-02 -9.995015263557434082e-01
-9.791151285171508789e-01 -2.013342231512069702e-01 2.825100719928741455e-02 -2.951680123805999756e-02 3.287064610049128532e-03 -9.995589256286621094e-01
-9.239032864570617676e-01 -3.769080638885498047e-01 6.590195745229721069e-02 -7.546593993902206421e-02 1.064700260758399963e-02 -9.970915317535400391e-01
-5.691980570554733276e-02 -9.983788132667541504e-01 -4.616148089553462341e-06 -4.020195081830024719e-02 2.296623075380921364e-03 -9.991889595985412598e-01
1.150673627853393555e-01 -9.932933449745178223e-01 -1.130903232842683792e-02 -8.608070015907287598e-02 1.371160149574279785e-03 -9.962872266769409180e-01
-8.966966718435287476e-02 7.709019817411899567e-03 -9.959417581558227539e-01 5.532326921820640564e-02 9.984647035598754883e-01 2.747515682131052017e-03
2.263843566179275513e-01 -9.732854366302490234e-01 -3.828314691781997681e-02 -1.133563891053199768e-01 1.271072402596473694e-02 -9.934731125831604004e-01
8.532974123954772949e-01 -5.200347900390625000e-01 -3.804530575871467590e-02 -1.138053834438323975e-02 5.437246710062026978e-02 -9.984559416770935059e-01
6.479796767234802246e-01 -7.603668570518493652e-01 -4.432456940412521362e-02 -1.708391308784484863e-01 -8.838282525539398193e-02 -9.813268780708312988e-01
-9.799993038177490234e-01 -1.970351040363311768e-01 2.790332958102226257e-02 -2.785966172814369202e-02 -2.994017442688345909e-03 -9.996073842048645020e-01
9.433353543281555176e-01 -3.308984637260437012e-01 -2.499182708561420441e-02 -3.184126690030097961e-02 -1.529400981962680817e-02 -9.993759393692016602e-01
9.535574913024902344e-01 -2.995620965957641602e-01 -3.147494420409202576e-02 -4.026035219430923462e-02 -2.319923415780067444e-02 -9.989198446273803711e-01
1.398907452821731567e-01 -9.897339344024658203e-01 -2.927916683256626129e-02 -8.180484175682067871e-02 1.791651546955108643e-02 -9.964873194694519043e-01
9.655398130416870117e-02 5.276431441307067871e-01 -8.439610004425048828e-01 -9.344512224197387695e-01 3.400452136993408203e-01 1.056891456246376038e-01
4.285030066967010498e-02 -9.989270567893981934e-01 -1.756656169891357422e-02 -2.466232702136039734e-02 1.651975885033607483e-02 -9.995594024658203125e-01
9.657288789749145508e-01 -2.592037618160247803e-01 1.346097979694604874e-02 4.628676455467939377e-03 -3.465499728918075562e-02 -9.993886351585388184e-01
1.832622736692428589e-01 -9.824849963188171387e-01 -3.373669087886810303e-02 -2.998137846589088440e-02 2.871611528098583221e-02 -9.991378784179687500e-01
2.775765061378479004e-01 -9.597426652908325195e-01 -4.295756667852401733e-02 -2.127989009022712708e-02 3.856146335601806641e-02 -9.990296363830566406e-01
2.724468708038330078e-01 -9.612066149711608887e-01 -4.306491464376449585e-02 -2.470282092690467834e-02 3.775551170110702515e-02 -9.989816546440124512e-01
1.845213621854782104e-01 -9.821800589561462402e-01 -3.569785505533218384e-02 -2.436158433556556702e-02 3.173963725566864014e-02 -9.991992712020874023e-01
2.902822196483612061e-01 -9.562309384346008301e-01 -3.686101362109184265e-02 -1.783834584057331085e-02 3.310579434037208557e-02 -9.992926716804504395e-01
8.698745071887969971e-02 -9.959654211997985840e-01 -2.204805426299571991e-02 -4.280821979045867920e-02 1.837447471916675568e-02 -9.989143610000610352e-01
6.021691951900720596e-03 1.445365976542234421e-02 -9.998774528503417969e-01 4.950648639351129532e-03 9.998828768730163574e-01 1.448355335742235184e-02
1.035666167736053467e-01 -9.943582415580749512e-01 -2.292833663523197174e-02 -7.442222535610198975e-02 1.524040754884481430e-02 -9.971103668212890625e-01
6.518430262804031372e-02 -9.975613355636596680e-01 -2.494737878441810608e-02 -3.951798006892204285e-02 2.240030094981193542e-02 -9.989677667617797852e-01
9.490756690502166748e-02 -9.951861500740051270e-01 -2.443515136837959290e-02 -5.572375282645225525e-02 1.919647864997386932e-02 -9.982616901397705078e-01
4.822152853012084961e-01 -8.752468824386596680e-01 -3.756688535213470459e-02 -8.607025444507598877e-02 -4.658479709178209305e-03 -9.962782263755798340e-01
4.153229594230651855e-01 -9.090698957443237305e-01 -3.314998745918273926e-02 -5.598073080182075500e-02 1.083082612603902817e-02 -9.983731508255004883e-01
9.579713940620422363e-01 -2.838599383831024170e-01 -4.140617325901985168e-02 -4.728030040860176086e-02 -1.387056242674589157e-02 -9.987853765487670898e-01
8.466070294380187988e-01 -5.302153825759887695e-01 -4.613343998789787292e-02 -7.457786798477172852e-02 -3.235931694507598877e-02 -9.966900348663330078e-01
9.215588569641113281e-01 -3.853356242179870605e-01 -4.739093407988548279e-02 -3.497313708066940308e-02 3.917557001113891602e-02 -9.986201524734497070e-01
9.976744651794433594e-01 -5.785083025693893433e-02 -3.604110330343246460e-02 -3.519590944051742554e-02 1.556325424462556839e-02 -9.992592334747314453e-01
9.975906610488891602e-01 4.120511561632156372e-02 -5.581254512071609497e-02 -5.671517923474311829e-02 2.107092179358005524e-02 -9.981680512428283691e-01
-9.602612257003784180e-01 -2.770402431488037109e-01 3.386939316987991333e-02 -3.214623034000396729e-02 -1.076069474220275879e-02 -9.994252324104309082e-01
-9.703549146652221680e-01 -2.392252236604690552e-01 3.439021855592727661e-02 -4.002384096384048462e-02 1.873009279370307922e-02 -9.990231990814208984e-01
-9.223905205726623535e-01 -3.841075897216796875e-01 4.070906713604927063e-02 -5.028190463781356812e-02 1.490859221667051315e-02 -9.986237883567810059e-01
-9.328854084014892578e-01 -3.575212955474853516e-01 4.362737387418746948e-02 -4.508606344461441040e-02 -4.258433356881141663e-03 -9.989740848541259766e-01
-9.307641386985778809e-01 -3.632909357547760010e-01 4.120575264096260071e-02 -4.565265402197837830e-02 3.659161040559411049e-03 -9.989507198333740234e-01
-9.861784577369689941e-01 -1.646282076835632324e-01 1.869998127222061157e-02 -2.087267115712165833e-02 1.147739589214324951e-02 -9.997162818908691406e-01
-9.961286783218383789e-01 -8.516991883516311646e-02 -2.176499553024768829e-02 2.249618992209434509e-02 -7.634717505425214767e-03 -9.997177720069885254e-01
-9.931173324584960938e-01 -1.171197891235351562e-01 -9.644951787777245045e-04 -5.176471313461661339e-05 8.673747070133686066e-03 -9.999623894691467285e-01
-9.938717484474182129e-01 -1.105353906750679016e-01 9.801083942875266075e-04 -5.910851759836077690e-04 -3.552156733348965645e-03 -9.999935626983642578e-01
-9.961936473846435547e-01 -8.548517525196075439e-02 -1.704629138112068176e-02 1.759709231555461884e-02 -5.693784914910793304e-03 -9.998289942741394043e-01
-9.927481412887573242e-01 -1.198450326919555664e-01 9.400356560945510864e-03 -9.997290559113025665e-03 4.380628466606140137e-03 -9.999404549598693848e-01
8.568469882011413574e-01 -5.142359733581542969e-01 -3.707462921738624573e-02 -1.459312066435813904e-02 4.769098758697509766e-02 -9.987555146217346191e-01
9.865540266036987305e-01 1.624489873647689819e-01 -1.793263480067253113e-02 -1.357689872384071350e-02 -2.788362465798854828e-02 -9.995189905166625977e-01
9.958657622337341309e-01 8.655115216970443726e-02 -2.757468819618225098e-02 -2.713939733803272247e-02 -6.202226970344781876e-03 -9.996124505996704102e-01
9.346380829811096191e-01 3.543503582477569580e-01 -2.979195117950439453e-02 -4.227085039019584656e-02 2.752619609236717224e-02 -9.987269639968872070e-01
9.988737106323242188e-01 4.173368588089942932e-02 -2.257920242846012115e-02 -2.283450588583946228e-02 5.650808103382587433e-03 -9.997233152389526367e-01
9.993154406547546387e-01 3.148457780480384827e-02 -1.942598633468151093e-02 -1.945228315889835358e-02 5.291206762194633484e-04 -9.998106360435485840e-01
9.956344962120056152e-01 9.120269864797592163e-02 -1.984951272606849670e-02 -1.872203871607780457e-02 -1.320132799446582794e-02 -9.997375607490539551e-01
9.957007765769958496e-01 8.844894170761108398e-02 -2.751132845878601074e-02 -2.895804122090339661e-02 1.511487923562526703e-02 -9.994663596153259277e-01
1.908647641539573669e-02 2.896367907524108887e-01 -9.569463729858398438e-01 -9.984936714172363281e-01 -4.372248426079750061e-02 -3.314852714538574219e-02
9.994527101516723633e-01 -3.065323829650878906e-02 1.244078855961561203e-02 1.227832958102226257e-02 -5.482452455908060074e-03 -9.999096393585205078e-01
9.999728798866271973e-01 -3.293572808615863323e-04 -7.356738205999135971e-03 -7.356720045208930969e-03 5.551992944674566388e-05 -9.999729394912719727e-01
-4.293607082217931747e-03 -1.351014827378094196e-03 -9.999898672103881836e-01 -9.999906420707702637e-01 5.355232860893011093e-04 4.292887169867753983e-03
-1.539147109724581242e-03 5.632691900245845318e-04 -9.999986886978149414e-01 -9.999987483024597168e-01 -3.383547300472855568e-04 1.538956770673394203e-03
9.961775541305541992e-01 8.413466066122055054e-02 -2.348725870251655579e-02 -2.642205730080604553e-02 3.394009172916412354e-02 -9.990745782852172852e-01
7.727510295808315277e-03 4.964198451489210129e-03 -9.999578595161437988e-01 -9.999672174453735352e-01 -2.378563862293958664e-03 -7.739390246570110321e-03
9.947214126586914062e-01 -1.019167900085449219e-01 1.192999724298715591e-02 1.073278114199638367e-02 -1.228729914873838425e-02 -9.998669028282165527e-01
9.639748334884643555e-01 -2.658755481243133545e-01 7.918775081634521484e-03 3.433044254779815674e-02 9.483867883682250977e-02 -9.949005246162414551e-01
9.871387481689453125e-01 -1.594140380620956421e-01 1.200989354401826859e-02 8.413194678723812103e-03 -2.321779727935791016e-02 -9.996950030326843262e-01
9.990430474281311035e-01 3.804259002208709717e-02 -2.158264629542827606e-02 -2.184083312749862671e-02 6.384239066392183304e-03 -9.997410774230957031e-01
9.992547035217285156e-01 3.115999139845371246e-02 -2.278426289558410645e-02 -2.251461707055568695e-02 -8.977222256362438202e-03 -9.997062087059020996e-01
9.995018839836120605e-01 2.426947094500064850e-02 -2.017720229923725128e-02 -2.050552703440189362e-02 1.335640065371990204e-02 -9.997005462646484375e-01
1.013093907386064529e-02 3.346311300992965698e-02 -9.993886351585388184e-01 -9.999426007270812988e-01 -3.150938544422388077e-03 -1.024205796420574188e-02
9.999751448631286621e-01 -6.149013061076402664e-04 7.031173910945653915e-03 7.031507324427366257e-03 5.425684503279626369e-04 -9.999751448631286621e-01
-9.788222610950469971e-03 -9.512265678495168686e-04 -9.999516606330871582e-01 -9.999521374702453613e-01 -6.684941035928204656e-05 9.788292460143566132e-03
-4.513699095696210861e-03 -1.009102794341742992e-03 -9.999893307685852051e-01 -9.999896287918090820e-01 6.506064673885703087e-04 4.513043910264968872e-03
-6.896703504025936127e-03 7.902319775894284248e-04 -9.999759197235107422e-01 -9.999760389328002930e-01 5.931282648816704750e-04 6.897173356264829636e-03
-1.236139331012964249e-02 -1.147459377534687519e-03 -9.999229311943054199e-01 -9.999235868453979492e-01 7.243220898089930415e-05 1.236131787300109863e-02
9.982670545578002930e-01 -5.797937884926795959e-02 1.006872579455375671e-02 1.088648382574319839e-02 1.380576379597187042e-02 -9.998454451560974121e-01
9.999967813491821289e-01 8.299560286104679108e-04 2.397006144747138023e-03 2.397581236436963081e-03 -6.928317598067224026e-04 -9.999969005584716797e-01
9.998883008956909180e-01 -1.244185585528612137e-02 8.287237957119941711e-03 8.217912167310714722e-03 -5.612806417047977448e-03 -9.999505281448364258e-01
9.796120524406433105e-01 -2.006817609071731567e-01 9.332329966127872467e-03 7.617382798343896866e-03 -9.316117502748966217e-03 -9.999276399612426758e-01
9.964283704757690430e-01 -8.393333852291107178e-02 9.257933124899864197e-03 1.122114434838294983e-02 2.294863387942314148e-02 -9.996737241744995117e-01
9.998407959938049316e-01 3.426930867135524750e-03 -1.751197688281536102e-02 -1.751579530537128448e-02 1.086760195903480053e-03 -9.998460412025451660e-01
8.264465257525444031e-03 -1.275582122616469860e-03 -9.999650716781616211e-01 -9.999658465385437012e-01 2.073301584459841251e-04 -8.264736272394657135e-03
7.646966259926557541e-03 1.702977344393730164e-03 -9.999693036079406738e-01 -9.999704957008361816e-01 7.450792472809553146e-04 -7.645706646144390106e-03
6.422683596611022949e-03 8.688411908224225044e-04 -9.999790191650390625e-01 -9.999793171882629395e-01 -3.672177263069897890e-04 -6.423004902899265289e-03
9.998475313186645508e-01 -1.591816544532775879e-02 7.184486370533704758e-03 7.126780692487955093e-03 -3.678902750834822655e-03 -9.999678730964660645e-01
9.999980330467224121e-01 8.271674159914255142e-04 1.831651781685650349e-03 1.832167268730700016e-03 -6.228577694855630398e-04 -9.999981522560119629e-01
9.574302472174167633e-03 -1.986900530755519867e-02 -9.997568130493164062e-01 -9.998531341552734375e-01 1.402524113655090332e-02 -9.853960946202278137e-03
9.999144077301025391e-01 -1.122679840773344040e-02 6.721858400851488113e-03 6.722833495587110519e-03 4.908954724669456482e-05 -9.999774098396301270e-01
-1.514080911874771118e-02 1.454843557439744473e-03 -9.998843669891357422e-01 -9.998851418495178223e-01 7.304650498554110527e-04 1.514188386499881744e-02
9.998613595962524414e-01 -1.938074274221435189e-04 -1.665131375193595886e-02 -1.665129326283931732e-02 1.061768271028995514e-04 -9.998613595962524414e-01
9.999290108680725098e-01 -1.479767495766282082e-03 -1.182448491454124451e-02 -1.182376965880393982e-02 4.923087544739246368e-04 -9.999300241470336914e-01
9.999095797538757324e-01 -2.760979579761624336e-03 -1.316173002123832703e-02 -1.315674744546413422e-02 1.814861781895160675e-03 -9.999118447303771973e-01
9.999988079071044922e-01 -5.458960076794028282e-04 -1.473969779908657074e-03 -1.474159536883234978e-03 -3.474288387224078178e-04 -9.999988675117492676e-01
-1.127331424504518509e-02 2.990801585838198662e-03 -9.999319911003112793e-01 -9.999353289604187012e-01 1.490366877987980843e-03 1.127780973911285400e-02
9.999741911888122559e-01 6.627932307310402393e-04 -7.156219333410263062e-03 -7.156242150813341141e-03 3.131555786239914596e-05 -9.999744296073913574e-01
-2.338270423933863640e-03 8.908527088351547718e-04 -9.999969005584716797e-01 -9.999971389770507812e-01 5.252763512544333935e-04 2.338738879188895226e-03
9.999768733978271484e-01 1.048770151101052761e-03 -6.725750863552093506e-03 -6.725409068167209625e-03 -3.291441244073212147e-04 -9.999773502349853516e-01
3.436924889683723450e-03 9.887458290904760361e-04 -9.999936223030090332e-01 -9.999940991401672363e-01 2.006843569688498974e-04 -3.436728147789835930e-03
8.737597963772714138e-04 8.898593368940055370e-04 -9.999992847442626953e-01 -9.999995231628417969e-01 5.297856987453997135e-04 -8.732886053621768951e-04
9.821248650550842285e-01 1.880843490362167358e-01 7.420974783599376678e-03 5.655350163578987122e-03 9.922309778630733490e-03 -9.999347925186157227e-01
9.946992397308349609e-01 1.009866222739219666e-01 1.937064714729785919e-02 1.711253263056278229e-02 2.317911945283412933e-02 -9.995849132537841797e-01
1.656125485897064209e-02 1.227038204669952393e-01 -9.923051595687866211e-01 -9.998619556427001953e-01 6.720951059833168983e-04 -1.660426519811153412e-02
5.445744991302490234e-01 -8.386696577072143555e-01 -8.474532514810562134e-03 1.476096659898757935e-01 1.057842820882797241e-01 -9.833723306655883789e-01
7.864146828651428223e-01 -6.171067357063293457e-01 -2.704001404345035553e-02 1.570469737052917480e-01 2.420873939990997314e-01 -9.574601650238037109e-01
9.511806964874267578e-01 -3.085173070430755615e-01 8.508385159075260162e-03 1.801879890263080597e-02 2.799020521342754364e-02 -9.994457960128784180e-01
9.200768470764160156e-01 -3.917233049869537354e-01 3.379402682185173035e-03 8.805500343441963196e-03 1.205624267458915710e-02 -9.998885393142700195e-01
9.636498093605041504e-01 -2.671466171741485596e-01 3.417979227378964424e-03 3.358977846801280975e-04 -1.158188935369253159e-02 -9.999328851699829102e-01
9.280388355255126953e-01 3.722046613693237305e-01 1.441240496933460236e-02 2.480855584144592285e-02 -2.315715700387954712e-02 -9.994239807128906250e-01
-5.464244261384010315e-02 3.094438929110765457e-03 -9.985012412071228027e-01 -3.822989389300346375e-02 9.992555379867553711e-01 5.188887007534503937e-03
8.323940634727478027e-01 -5.540130734443664551e-01 -1.377458777278661728e-02 -4.528451338410377502e-02 -4.322459548711776733e-02 -9.980385899543762207e-01
9.619513750076293945e-01 -2.732140421867370605e-01 -1.918446621857583523e-03 -9.093005210161209106e-03 -2.499601244926452637e-02 -9.996462464332580566e-01
8.991963267326354980e-01 -4.374527931213378906e-01 -9.001297876238822937e-03 -6.810853630304336548e-02 -1.196182593703269958e-01 -9.904810786247253418e-01
9.502402544021606445e-01 -3.115143179893493652e-01 -1.532183261588215828e-03 -1.174065377563238144e-02 -3.089776262640953064e-02 -9.994536042213439941e-01
9.048653841018676758e-01 -4.256041347980499268e-01 -8.929408155381679535e-03 -3.318453207612037659e-03 1.392312534153461456e-02 -9.998975992202758789e-01
9.626601934432983398e-01 -2.705151140689849854e-01 1.034178398549556732e-02 4.874690901488065720e-03 -2.087402157485485077e-02 -9.997702240943908691e-01
8.477016687393188477e-01 -5.304673910140991211e-01 -2.514357911422848701e-03 1.932566612958908081e-02 3.561895713210105896e-02 -9.991785883903503418e-01
5.849803090095520020e-01 -8.105884194374084473e-01 -2.728607133030891418e-02 6.219623237848281860e-02 7.837851345539093018e-02 -9.949816465377807617e-01
4.090214967727661133e-01 -9.120866656303405762e-01 -2.827516570687294006e-02 2.162419259548187256e-02 4.066491499543190002e-02 -9.989388585090637207e-01
8.411522209644317627e-02 -9.963717460632324219e-01 -1.296093128621578217e-02 -5.050201714038848877e-02 8.727575652301311493e-03 -9.986858367919921875e-01
5.638886690139770508e-01 -8.254616260528564453e-01 -2.535324171185493469e-02 1.089419126510620117e-01 1.047814190387725830e-01 -9.885103106498718262e-01
5.509842634201049805e-01 -8.341121673583984375e-01 -2.594715729355812073e-02 8.546888828277587891e-02 8.733204007148742676e-02 -9.925060272216796875e-01
3.001895248889923096e-01 -9.535359144210815430e-01 -2.560241334140300751e-02 3.377068787813186646e-05 2.685092389583587646e-02 -9.996394515037536621e-01
2.965928912162780762e-01 -9.546469449996948242e-01 -2.611394226551055908e-02 1.617612130939960480e-02 3.236230462789535522e-02 -9.993453025817871094e-01
3.335262537002563477e-01 -9.424174427986145020e-01 -2.469126880168914795e-02 6.307481974363327026e-02 4.843943193554878235e-02 -9.968326687812805176e-01
4.189097583293914795e-01 -9.075998067855834961e-01 -2.787845395505428314e-02 2.273458801209926605e-02 4.117601737380027771e-02 -9.988932609558105469e-01
3.706904351711273193e-01 -9.283522963523864746e-01 -2.739857882261276245e-02 4.847470670938491821e-02 4.879914224147796631e-02 -9.976316094398498535e-01
1.166078895330429077e-01 -9.930233359336853027e-01 -1.752625592052936554e-02 -5.034847557544708252e-02 1.171351596713066101e-02 -9.986630678176879883e-01
-4.416681826114654541e-03 2.299598651006817818e-03 9.999876022338867188e-01 -9.999902844429016113e-01 4.791761602973565459e-05 -4.416804295033216476e-03
-9.999977946281433105e-01 -1.821802114136517048e-03 1.031384803354740143e-03 -1.028226921334862709e-03 -1.733418321236968040e-03 -9.999979734420776367e-01
-4.679158329963684082e-03 8.473292924463748932e-03 9.999531507492065430e-01 -9.999883174896240234e-01 1.176845980808138847e-03 -4.689294844865798950e-03
-4.013550002127885818e-03 6.324264220893383026e-03 9.999719858169555664e-01 -9.999885559082031250e-01 2.586182672530412674e-03 -4.029972478747367859e-03
-4.361052066087722778e-03 3.505363361909985542e-03 9.999843835830688477e-01 -9.999895095825195312e-01 1.402925699949264526e-03 -4.365992732346057892e-03
-8.000450208783149719e-03 1.226906403899192810e-01 9.924127459526062012e-01 -9.999504089355468750e-01 4.905391484498977661e-03 -8.667662739753723145e-03
-9.995054006576538086e-01 3.131153434514999390e-02 2.931686583906412125e-03 -2.885888330638408661e-03 1.507765613496303558e-03 -9.999946951866149902e-01
-9.995422959327697754e-01 3.004956804215908051e-02 3.499978687614202499e-03 -3.878207178786396980e-03 -1.253778208047151566e-02 -9.999139308929443359e-01
-6.989294663071632385e-03 7.549750059843063354e-02 9.971215128898620605e-01 -9.998754858970642090e-01 1.358322147279977798e-02 -8.037057705223560333e-03
-3.116587102413177490e-01 9.501940011978149414e-01 5.225195782259106636e-04 1.469581425189971924e-01 4.874478280544281006e-02 -9.879409074783325195e-01
-2.062275707721710205e-01 9.784961938858032227e-01 3.935653250664472580e-03 4.945871606469154358e-02 1.444070786237716675e-02 -9.986717700958251953e-01
-9.993079900741577148e-01 3.700084611773490906e-02 -3.813856979832053185e-03 3.629083512350916862e-03 -5.059643648564815521e-03 -9.999806284904479980e-01
-9.654008150100708008e-01 2.603825330734252930e-01 -1.422379352152347565e-02 1.780431345105171204e-02 1.139740925282239914e-02 -9.997765421867370605e-01
-5.491486191749572754e-01 8.357071280479431152e-01 -5.427099764347076416e-03 1.223047077655792236e-01 7.393988221883773804e-02 -9.897345900535583496e-01
-9.943856596946716309e-01 1.056004837155342102e-01 -6.767629180103540421e-03 7.896762341260910034e-03 1.027804985642433167e-02 -9.999160170555114746e-01
-9.918249845504760742e-01 1.273788362741470337e-01 -7.605044171214103699e-03 8.004680275917053223e-03 2.625772496685385704e-03 -9.999645352363586426e-01
-9.961535930633544922e-01 8.743210136890411377e-02 -5.806848406791687012e-03 8.340237662196159363e-03 2.863813564181327820e-02 -9.995550513267517090e-01
-9.690020084381103516e-01 2.468394637107849121e-01 -1.026805117726325989e-02 1.253243628889322281e-02 7.604164537042379379e-03 -9.998925924301147461e-01
-9.945608973503112793e-01 1.039472371339797974e-01 -6.608661264181137085e-03 7.419768720865249634e-03 7.418322842568159103e-03 -9.999449849128723145e-01
-9.977641105651855469e-01 6.667006760835647583e-02 -4.678679164499044418e-03 6.131542846560478210e-03 2.160391211509704590e-02 -9.997478127479553223e-01
-9.979856014251708984e-01 6.325886398553848267e-02 -4.803634714335203171e-03 4.364068154245615005e-03 -7.085026707500219345e-03 -9.999653697013854980e-01
-9.980181455612182617e-01 6.276577711105346680e-02 -4.506985191255807877e-03 4.037140868604183197e-03 -7.610497064888477325e-03 -9.999629259109497070e-01
-9.980445504188537598e-01 6.233302503824234009e-02 -4.658919293433427811e-03 4.245364572852849960e-03 -6.765402387827634811e-03 -9.999681115150451660e-01
-9.992967844009399414e-01 3.736533969640731812e-02 -3.134069964289665222e-03 3.625466022640466690e-03 1.309062540531158447e-02 -9.999077916145324707e-01
-1.211354695260524750e-02 -7.352700829505920410e-02 9.972196817398071289e-01 -9.995002746582031250e-01 3.001184947788715363e-02 -9.928416460752487183e-03
-9.969739317893981934e-01 7.751573622226715088e-02 -5.852558184415102005e-03 5.230187438428401947e-03 -8.229539729654788971e-03 -9.999524950981140137e-01
-9.993895292282104492e-01 3.476019576191902161e-02 -3.525054780766367912e-03 3.144790418446063995e-03 -1.098825503140687943e-02 -9.999347329139709473e-01
-9.943066239356994629e-01 1.062579452991485596e-01 -7.979310117661952972e-03 8.504597470164299011e-03 4.491284955292940140e-03 -9.999538064002990723e-01
-9.994890689849853516e-01 3.179522603750228882e-02 -3.264629980549216270e-03 3.439569147303700447e-03 5.448916461318731308e-03 -9.999792575836181641e-01
-9.984641075134277344e-01 5.519101396203041077e-02 -4.834256134927272797e-03 3.578539239242672920e-03 -2.282839827239513397e-02 -9.997330307960510254e-01
-9.962194561958312988e-01 8.658204972743988037e-02 -7.105221506208181381e-03 7.221366278827190399e-03 1.028302940540015697e-03 -9.999734163284301758e-01
-9.988806843757629395e-01 4.709526896476745605e-02 -4.412526264786720276e-03 4.747502505779266357e-03 7.003250997513532639e-03 -9.999642372131347656e-01
-9.999942183494567871e-01 3.164275782182812691e-03 -1.272082212381064892e-03 1.275887829251587391e-03 1.200961647555232048e-03 -9.999985098838806152e-01
-9.999964833259582520e-01 2.554706064984202385e-03 -7.412485429085791111e-04 7.436925661750137806e-04 9.558562305755913258e-04 -9.999992847442626953e-01
-9.997804760932922363e-01 2.076225727796554565e-02 -2.829113043844699860e-03 2.705015009269118309e-03 -6.002748850733041763e-03 -9.999783635139465332e-01
-9.998927116394042969e-01 -1.398083660751581192e-02 4.374649375677108765e-03 -4.376233555376529694e-03 8.269910176750272512e-05 -9.999904632568359375e-01
-9.997628331184387207e-01 -2.140316739678382874e-02 4.021720495074987411e-03 -4.027300514280796051e-03 2.175828412873670459e-04 -9.999918937683105469e-01
-9.998063445091247559e-01 -1.935394108295440674e-02 3.574248636141419411e-03 -3.464598208665847778e-03 -5.696098785847425461e-03 -9.999778270721435547e-01
-9.989822506904602051e-01 -4.435032978653907776e-02 8.220873773097991943e-03 -8.398229256272315979e-03 3.814100986346602440e-03 -9.999575018882751465e-01
-8.076158352196216583e-03 2.408607155084609985e-01 9.705261588096618652e-01 -9.999672770500183105e-01 -2.477964852005243301e-03 -7.706181146204471588e-03
-9.966339468955993652e-01 8.196458220481872559e-02 -1.612580264918506145e-03 7.682377472519874573e-04 -1.033180113881826401e-02 -9.999463558197021484e-01
-9.959201216697692871e-01 9.013295173645019531e-02 -4.392875358462333679e-03 6.198824383318424225e-03 1.976635679602622986e-02 -9.997854232788085938e-01
-9.970422983169555664e-01 7.678619772195816040e-02 -3.245543455705046654e-03 4.306125920265913010e-03 1.365061663091182709e-02 -9.998975992202758789e-01
-9.999622106552124023e-01 8.560235612094402313e-03 -1.541774719953536987e-03 1.539024058729410172e-03 -3.279089578427374363e-04 -9.999987483024597168e-01
-9.999004006385803223e-01 1.402063388377428055e-02 -1.621333649381995201e-03 1.612772350199520588e-03 -6.218997295945882797e-04 -9.999985098838806152e-01
-4.426946397870779037e-03 3.719643456861376762e-03 9.999832510948181152e-01 -9.999892115592956543e-01 1.429502619430422783e-03 -4.432290326803922653e-03
-9.999191164970397949e-01 1.269804406911134720e-02 -7.701031281612813473e-04 7.586731226183474064e-04 -9.049334330484271049e-04 -9.999993443489074707e-01
-9.999917745590209961e-01 4.021601285785436630e-03 -5.542119033634662628e-04 5.553604569286108017e-04 2.844944538082927465e-04 -9.999998211860656738e-01
-9.997462034225463867e-01 2.251298725605010986e-02 8.322675130330026150e-04 -1.033395528793334961e-03 -8.923703804612159729e-03 -9.999596476554870605e-01
-9.999915361404418945e-01 4.076222889125347137e-03 5.569260683842003345e-04 -5.646254285238683224e-04 -1.887919846922159195e-03 -9.999980926513671875e-01
-9.999190568923950195e-01 1.272362377494573593e-02 -1.005902049655560404e-05 -1.551360583107452840e-06 -9.124957723543047905e-04 -9.999995827674865723e-01
-9.999065399169921875e-01 1.366550289094448090e-02 5.217760917730629444e-04 -5.228741210885345936e-04 -7.677933899685740471e-05 -9.999998807907104492e-01
-9.999963641166687012e-01 2.657087985426187515e-03 5.717375897802412510e-04 -5.702789640054106712e-04 5.496467929333448410e-04 -9.999997019767761230e-01
-9.999963641166687012e-01 2.658640732988715172e-03 4.660856211557984352e-04 -4.646016750484704971e-04 5.587525083683431149e-04 -9.999997615814208984e-01
-9.999858140945434570e-01 5.260439589619636536e-03 8.718873723410069942e-04 -8.731129928492009640e-04 -2.307024988112971187e-04 -9.999996423721313477e-01
-9.999974966049194336e-01 2.229273319244384766e-03 3.326031146571040154e-04 -3.341211995575577021e-04 -6.806263118050992489e-04 -9.999997019767761230e-01
-9.997496604919433594e-01 2.236584201455116272e-02 -6.394822848960757256e-04 6.248409627005457878e-04 -6.616109167225658894e-04 -9.999996423721313477e-01
-9.996870756149291992e-01 2.496621757745742798e-02 -1.564697828143835068e-03 1.694427453912794590e-03 5.175895057618618011e-03 -9.999852180480957031e-01
-9.991173744201660156e-01 4.196721315383911133e-02 -1.821889891289174557e-03 1.631428953260183334e-03 -4.572131205350160599e-03 -9.999881982803344727e-01
-9.989483952522277832e-01 4.583564773201942444e-02 -1.098533510230481625e-03 5.874211201444268227e-04 -1.116296090185642242e-02 -9.999375343322753906e-01
-9.999826550483703613e-01 5.804329179227352142e-03 -1.038712449371814728e-03 1.035734778270125389e-03 -5.159918800927698612e-04 -9.999993443489074707e-01
-9.933349490165710449e-01 1.151522547006607056e-01 -5.064443685114383698e-03 7.527968846261501312e-03 2.096882462501525879e-02 -9.997518062591552734e-01
-9.994318485260009766e-01 3.360557928681373596e-02 -2.594236517325043678e-03 2.573951613157987595e-03 -6.468573119491338730e-04 -9.999965429306030273e-01
-9.995606541633605957e-01 2.955290861427783966e-02 -2.278988715261220932e-03 2.200371818616986275e-03 -2.692459849640727043e-03 -9.999939799308776855e-01
-9.996190667152404785e-01 2.752345427870750427e-02 -2.070500981062650681e-03 1.952763763256371021e-03 -4.303886089473962784e-03 -9.999888539314270020e-01
-9.959027767181396484e-01 9.034106135368347168e-02 4.016007296741008759e-03 -5.220985505729913712e-03 -1.310572959482669830e-02 -9.999005198478698730e-01
-9.976642727851867676e-01 6.822276860475540161e-02 3.409242490306496620e-03 -4.169607535004615784e-03 -1.100603491067886353e-02 -9.999307394027709961e-01
-9.999941587448120117e-01 -3.264055354520678520e-03 1.047735800966620445e-03 -1.046658609993755817e-03 -3.317285736557096243e-04 -9.999994039535522461e-01
-4.865325056016445160e-03 4.631682531908154488e-04 9.999880790710449219e-01 -9.999881982803344727e-01 -1.173829077742993832e-04 -4.865271039307117462e-03
-9.999993443489074707e-01 -7.252163486555218697e-04 9.326744475401937962e-04 -9.322787518613040447e-04 -5.457437946461141109e-04 -9.999994635581970215e-01
-9.999992847442626953e-01 8.624871843494474888e-04 8.722443017177283764e-04 -8.725820807740092278e-04 -3.912785323336720467e-04 -9.999995827674865723e-01
-3.807837842032313347e-03 -1.973874022951349616e-04 9.999927282333374023e-01 -9.999927878379821777e-01 -3.151332975903642364e-06 -3.807838773354887962e-03
-3.976101521402597427e-03 2.975617244374006987e-04 9.999920725822448730e-01 -9.999921321868896484e-01 1.496389741078019142e-04 -3.976146690547466278e-03
-9.999999403953552246e-01 -2.360412909183651209e-04 4.048304108437150717e-04 -4.048345144838094711e-04 1.734729630697984248e-05 -9.999999403953552246e-01
-3.799333469942212105e-03 -1.065187621861696243e-03 9.999922513961791992e-01 -9.999922513961791992e-01 1.056382781825959682e-03 -3.798208432272076607e-03
-9.882989525794982910e-01 1.524989157915115356e-01 -3.048769198358058929e-03 6.572925485670566559e-03 2.261059358716011047e-02 -9.997227787971496582e-01
-9.999801516532897949e-01 6.142383441329002380e-03 -1.438011997379362583e-03 1.456881174817681313e-03 3.068607067689299583e-03 -9.999942779541015625e-01
-9.999907016754150391e-01 4.148839041590690613e-03 -1.183523912914097309e-03 1.184676773846149445e-03 2.754266315605491400e-04 -9.999992847442626953e-01
-9.997826814651489258e-01 2.066477015614509583e-02 -2.754280343651771545e-03 2.825637115165591240e-03 3.424669383093714714e-03 -9.999901652336120605e-01
-9.999663829803466797e-01 7.961820811033248901e-03 -1.969268079847097397e-03 1.966102514415979385e-03 -4.053837910760194063e-04 -9.999979734420776367e-01
-9.998890161514282227e-01 1.474990602582693100e-02 -2.096719574183225632e-03 2.152117900550365448e-03 3.740975400432944298e-03 -9.999907016754150391e-01
-9.999895691871643066e-01 4.267105832695960999e-03 -1.643178286030888557e-03 1.642209128476679325e-03 -2.305640809936448932e-04 -9.999986290931701660e-01
-9.999963641166687012e-01 2.597330138087272644e-03 -7.645499426871538162e-04 7.667248137295246124e-04 8.364513632841408253e-04 -9.999993443489074707e-01
-9.999966621398925781e-01 -2.456528833135962486e-03 8.642800385132431984e-04 -8.657151483930647373e-04 5.831660237163305283e-04 -9.999994635581970215e-01
-9.999994039535522461e-01 1.069774152711033821e-03 4.113081085961312056e-04 -4.120339581277221441e-04 -6.783772842027246952e-04 -9.999997019767761230e-01
-9.999988675117492676e-01 -1.419802079908549786e-03 4.830028628930449486e-04 -4.826533549930900335e-04 -2.464829594828188419e-04 -9.999998807907104492e-01
-9.999989867210388184e-01 -7.942030788399279118e-04 1.208012923598289490e-03 -1.208266359753906727e-03 3.186304820701479912e-04 -9.999992251396179199e-01
-9.999986290931701660e-01 -6.243535317480564117e-04 1.533359987661242485e-03 -1.533361501060426235e-03 1.693472427177766804e-06 -9.999988675117492676e-01
-9.999984502792358398e-01 -1.239936333149671555e-03 1.249202992767095566e-03 -1.249014982022345066e-03 -1.524176623206585646e-04 -9.999992251396179199e-01
-9.999997019767761230e-01 4.468593397177755833e-04 7.124879048205912113e-04 -7.125631091184914112e-04 -1.681460853433236480e-04 -9.999997615814208984e-01
-3.566363127902150154e-03 1.008104998618364334e-03 9.999931454658508301e-01 -9.999932050704956055e-01 9.507891372777521610e-04 -3.567321691662073135e-03
-9.999792575836181641e-01 -6.244192365556955338e-03 1.611025887541472912e-03 -1.623626099899411201e-03 2.013362245634198189e-03 -9.999966621398925781e-01
-9.999949336051940918e-01 -2.757544629275798798e-03 1.592682790942490101e-03 -1.589245628565549850e-03 -1.248215907253324986e-03 -9.999979734420776367e-01
-9.999983310699462891e-01 -1.581797609105706215e-03 8.997820550575852394e-04 -8.985922904685139656e-04 -7.527224952355027199e-04 -9.999993443489074707e-01
-9.999997615814208984e-01 -7.863377686589956284e-05 6.995615549385547638e-04 -6.995674339123070240e-04 7.481235661543905735e-05 -9.999997615814208984e-01
-9.999980926513671875e-01 1.866004662588238716e-03 5.814337637275457382e-04 -5.821753875352442265e-04 -3.969016543123871088e-04 -9.999997615814208984e-01
-3.604394150897860527e-03 2.766881079878658056e-04 9.999935030937194824e-01 -9.999935030937194824e-01 -2.103334190906025469e-05 -3.604388562962412834e-03
-3.620485775172710419e-03 -3.354235785081982613e-03 9.999878406524658203e-01 -9.999933242797851562e-01 -4.590070748236030340e-04 -3.622045507654547691e-03
-3.685743547976016998e-03 5.292831338010728359e-04 9.999930858612060547e-01 -9.999932050704956055e-01 1.313484972342848778e-06 -3.685744712129235268e-03
-9.992801547050476074e-01 3.778719902038574219e-02 -3.371941391378641129e-03 3.417897503823041916e-03 1.151646254584193230e-03 -9.999935626983642578e-01
5.139313340187072754e-01 8.571457862854003906e-01 3.428845107555389404e-02 1.553713381290435791e-01 -5.369941517710685730e-02 -9.863955974578857422e-01
7.560888528823852539e-01 6.531028747558593750e-01 4.226604104042053223e-02 1.087214350700378418e-01 -6.165714561939239502e-02 -9.921582937240600586e-01
9.787939190864562988e-01 -2.045847326517105103e-01 1.037363242357969284e-02 1.243652962148189545e-02 8.800122886896133423e-03 -9.998839497566223145e-01
9.983931779861450195e-01 5.371273681521415710e-02 1.805644482374191284e-02 1.905566640198230743e-02 -1.814940385520458221e-02 -9.996536970138549805e-01
1.927422732114791870e-02 3.201054036617279053e-02 -9.993017315864562988e-01 -9.997026920318603516e-01 1.554622314870357513e-02 -1.878397166728973389e-02
5.683556795120239258e-01 8.223283886909484863e-01 2.734810858964920044e-02 2.428508549928665161e-02 1.645786687731742859e-02 -9.995695948600769043e-01
9.975404739379882812e-01 -6.860683113336563110e-02 1.435699127614498138e-02 1.407419797033071518e-02 -4.603540524840354919e-03 -9.998903870582580566e-01
9.867094159126281738e-01 -1.620842218399047852e-01 1.154279429465532303e-02 6.953881587833166122e-03 -2.885073609650135040e-02 -9.995595812797546387e-01
8.200439214706420898e-01 5.716049671173095703e-01 2.821006625890731812e-02 1.515281759202480316e-02 2.758918330073356628e-02 -9.995045661926269531e-01
4.947831034660339355e-01 8.685411214828491211e-01 2.874087728559970856e-02 1.374914944171905518e-01 -4.558300599455833435e-02 -9.894535541534423828e-01
6.183466911315917969e-01 7.851882576942443848e-01 3.356958553194999695e-02 9.323349595069885254e-02 -3.087581694126129150e-02 -9.951654076576232910e-01
-1.950708329677581787e-01 1.222310774028301239e-02 9.807130694389343262e-01 9.165167808532714844e-02 9.957741498947143555e-01 5.819351412355899811e-03
-1.309112608432769775e-01 -9.760306216776371002e-03 9.913460612297058105e-01 -1.025629788637161255e-01 9.947194457054138184e-01 -3.750336356461048126e-03
1.132659688591957092e-01 9.935303330421447754e-01 8.269907906651496887e-03 9.738485515117645264e-02 -2.818056382238864899e-03 -9.952428340911865234e-01
-1.253702044486999512e-01 6.935059558600187302e-03 9.920858144760131836e-01 3.328324854373931885e-02 9.994421005249023438e-01 -2.780467970296740532e-03
-1.013087630271911621e-01 4.547213669866323471e-03 9.948446750640869141e-01 6.577210873365402222e-02 9.978324174880981445e-01 2.136949449777603149e-03
-1.399607658386230469e-01 1.007587066851556301e-03 9.901565313339233398e-01 -6.955176591873168945e-02 9.975193738937377930e-01 -1.084637269377708435e-02
-9.265415370464324951e-02 5.664224736392498016e-03 9.956822395324707031e-01 3.232637792825698853e-02 9.994737505912780762e-01 -2.677631098777055740e-03
-1.355534940958023071e-01 9.907325506210327148e-01 -8.620225824415683746e-03 2.920899912714958191e-02 -4.700634162873029709e-03 -9.995622634887695312e-01
-2.064706236124038696e-01 9.783483743667602539e-01 -1.429607905447483063e-02 -1.083814725279808044e-02 -1.689680106937885284e-02 -9.997984766960144043e-01
6.406968832015991211e-02 9.979394674301147461e-01 3.447126131504774094e-03 3.973473981022834778e-02 9.004655294120311737e-04 -9.992098808288574219e-01
-3.280296325683593750e-01 9.444710612297058105e-01 -1.925990916788578033e-02 4.397704079747200012e-02 -5.098362918943166733e-03 -9.990195631980895996e-01
-2.020964324474334717e-01 9.792809486389160156e-01 -1.287876348942518234e-02 7.963680475950241089e-02 3.325424157083034515e-03 -9.968184232711791992e-01
3.629837632179260254e-01 9.317668080329895020e-01 7.308427710086107254e-03 -2.421827763319015503e-01 1.019139438867568970e-01 -9.648633003234863281e-01
-8.250632286071777344e-01 -5.611363649368286133e-01 -6.630740314722061157e-02 -8.924225717782974243e-02 2.452867627143859863e-01 -9.653342962265014648e-01
-8.643020987510681152e-01 -4.967266917228698730e-01 -7.902184873819351196e-02 -7.876988500356674194e-02 2.888470590114593506e-01 -9.541293382644653320e-01
-8.348388671875000000e-01 -5.469631552696228027e-01 -6.225343421101570129e-02 -8.913870155811309814e-02 2.459079325199127197e-01 -9.651857614517211914e-01
-5.508791208267211914e-01 -8.344010710716247559e-01 -1.752664707601070404e-02 -7.827281951904296875e-02 7.256150245666503906e-02 -9.942877888679504395e-01
-8.383582830429077148e-01 -5.419905185699462891e-01 -5.832429975271224976e-02 -9.050266444683074951e-02 2.438969016075134277e-01 -9.655690789222717285e-01
-8.929885625839233398e-01 -4.455443620681762695e-01 -6.373035907745361328e-02 -5.749991536140441895e-02 2.533721327781677246e-01 -9.656585454940795898e-01
1.023976411670446396e-02 5.796087905764579773e-02 -9.982663989067077637e-01 -9.994328022003173828e-01 3.262294083833694458e-02 -8.357589133083820343e-03
9.964704513549804688e-01 -8.390139043331146240e-02 2.694827504456043243e-03 3.429685952141880989e-03 8.615698665380477905e-03 -9.999570250511169434e-01
9.966570734977722168e-01 -8.161136507987976074e-02 3.778305137529969215e-03 5.449371878057718277e-03 2.026288770139217377e-02 -9.997798800468444824e-01
-9.326626658439636230e-01 2.334903478622436523e-01 -2.749957144260406494e-01 1.264501959085464478e-01 9.255188107490539551e-01 3.569668233394622803e-01
-3.647607266902923584e-01 -9.309734106063842773e-01 -1.543387491255998611e-02 -4.650376737117767334e-02 3.477068617939949036e-02 -9.983127713203430176e-01
-3.796503245830535889e-01 -9.249759912490844727e-01 -1.688269898295402527e-02 -6.457979977130889893e-02 4.470201209187507629e-02 -9.969108700752258301e-01
-3.562183082103729248e-01 -9.342824816703796387e-01 -1.499567553400993347e-02 -3.170996531844139099e-02 2.812625467777252197e-02 -9.991013407707214355e-01
9.479213505983352661e-02 2.825383795425295830e-03 -9.954931139945983887e-01 3.348708152770996094e-02 9.994210004806518555e-01 6.025215145200490952e-03
-2.906973958015441895e-01 -9.567433595657348633e-01 -1.171679887920618057e-02 1.147597134113311768e-01 -2.270619198679924011e-02 -9.931337833404541016e-01
-2.100220620632171631e-01 -9.776284098625183105e-01 -1.155313011258840561e-02 -4.182385653257369995e-02 2.078955061733722687e-02 -9.989086985588073730e-01
-4.048689007759094238e-01 -9.142297506332397461e-01 -1.628343202173709869e-02 -6.393367052078247070e-02 4.606889560818672180e-02 -9.968902468681335449e-01
-3.788750469684600830e-01 -9.252808690071105957e-01 -1.758084818720817566e-02 6.866025738418102264e-03 1.618618331849575043e-02 -9.998454451560974121e-01
-2.985561788082122803e-01 -9.542890191078186035e-01 -1.402579527348279953e-02 -1.371556427329778671e-02 1.898462139070034027e-02 -9.997256994247436523e-01
1.196127459406852722e-01 -9.928125739097595215e-01 -4.003270529210567474e-03 -9.383847936987876892e-03 2.901504281908273697e-03 -9.999517798423767090e-01
9.228652715682983398e-01 3.848234415054321289e-01 1.518709864467382431e-02 2.447472512722015381e-02 -1.924815401434898376e-02 -9.995151758193969727e-01
-6.738311052322387695e-01 3.554457128047943115e-01 -6.477732062339782715e-01 5.379690229892730713e-02 8.979636430740356445e-01 4.367690682411193848e-01
9.285475015640258789e-01 3.711306154727935791e-01 7.850141264498233795e-03 5.173239856958389282e-03 8.207818493247032166e-03 -9.999529719352722168e-01
9.326485991477966309e-01 3.607851862907409668e-01 8.528688922524452209e-04 -1.376985339447855949e-03 5.923460237681865692e-03 -9.999815225601196289e-01
9.465546011924743652e-01 3.225419223308563232e-01 -1.037683570757508278e-03 -5.263007711619138718e-03 1.222828030586242676e-02 -9.999113678932189941e-01
-7.444947957992553711e-02 -9.971432685852050781e-01 -1.275221072137355804e-02 -3.485821932554244995e-02 1.538206916302442551e-02 -9.992738962173461914e-01
9.554603695869445801e-01 2.943743169307708740e-01 2.096090279519557953e-02 5.777904298156499863e-03 5.235256627202033997e-02 -9.986119866371154785e-01
8.195403814315795898e-01 5.728567838668823242e-01 1.373631320893764496e-02 5.355181545019149780e-02 -5.270145460963249207e-02 -9.971733689308166504e-01
7.484430074691772461e-01 6.630637645721435547e-01 1.340377889573574066e-02 5.580794811248779297e-02 -4.282921552658081055e-02 -9.975225329399108887e-01
9.971693754196166992e-01 -7.456621527671813965e-02 9.654453955590724945e-03 1.200892217457294464e-02 3.119202144443988800e-02 -9.994412660598754883e-01
9.806699752807617188e-01 -1.956542283296585083e-01 -2.417472191154956818e-03 -1.232792064547538757e-02 -4.945096746087074280e-02 -9.987004995346069336e-01
9.725301265716552734e-01 -2.327202111482620239e-01 5.152812227606773376e-03 1.036654878407716751e-02 2.118596807122230530e-02 -9.997218251228332520e-01
9.625571370124816895e-01 -2.710784673690795898e-01 4.761795862577855587e-04 8.267748169600963593e-03 2.760159224271774292e-02 -9.995847940444946289e-01
9.628708958625793457e-01 -2.699618935585021973e-01 5.447872681543231010e-04 8.852432481944561005e-03 2.955684252083301544e-02 -9.995239377021789551e-01
9.724926948547363281e-01 -2.329116612672805786e-01 3.173992736265063286e-03 -3.142996225506067276e-03 -2.674569003283977509e-02 -9.996373653411865234e-01
-9.174328446388244629e-01 -3.903218805789947510e-01 7.723931968212127686e-02 -9.516808390617370605e-02 2.677117474377155304e-02 -9.951012134552001953e-01
-9.777508378028869629e-01 -2.058013975620269775e-01 4.060968011617660522e-02 -4.622451961040496826e-02 2.254663407802581787e-02 -9.986765980720520020e-01
-9.922906756401062012e-01 -1.235367730259895325e-01 9.901409037411212921e-03 -9.665603749454021454e-03 -2.507985569536685944e-03 -9.999501705169677734e-01
-9.370088577270507812e-01 -3.432280123233795166e-01 6.487686187028884888e-02 -6.070816889405250549e-02 -2.288880757987499237e-02 -9.978930950164794922e-01
-5.921933054924011230e-01 -8.033708333969116211e-01 6.247017532587051392e-02 -3.520162031054496765e-02 -5.165961757302284241e-02 -9.980441331863403320e-01
-4.552338421344757080e-01 -8.894463777542114258e-01 4.058640077710151672e-02 -8.801839500665664673e-02 -4.046596877742558718e-04 -9.961187839508056641e-01
-7.877893447875976562e-01 -6.109660267829895020e-01 7.815749198198318481e-02 -6.994276493787765503e-02 -3.733643889427185059e-02 -9.968520998954772949e-01
-7.877737283706665039e-01 -6.108818650245666504e-01 7.896736264228820801e-02 -1.764895468950271606e-01 1.010286435484886169e-01 -9.791040420532226562e-01
-9.873237013816833496e-01 -1.584175527095794678e-01 9.791014716029167175e-03 -1.202729251235723495e-02 1.316376402974128723e-02 -9.998410344123840332e-01
-8.706265091896057129e-01 -4.837440848350524902e-01 8.944937586784362793e-02 -1.056790947914123535e-01 6.326362490653991699e-03 -9.943801760673522949e-01
-8.278223276138305664e-01 -5.596519112586975098e-01 3.873071447014808655e-02 1.573878377676010132e-01 -2.979614138603210449e-01 -9.415137171745300293e-01
-9.233897924423217773e-01 -3.762932717800140381e-01 7.585950940847396851e-02 -8.001733571290969849e-02 -4.592909011989831924e-03 -9.967828989028930664e-01
-9.887206554412841797e-01 -1.497059017419815063e-01 4.441211931407451630e-03 -5.478245206177234650e-03 6.515459157526493073e-03 -9.999638199806213379e-01
-9.919214248657226562e-01 -1.268489062786102295e-01 1.138693653047084808e-03 -2.134156879037618637e-03 7.711997721344232559e-03 -9.999679923057556152e-01
-9.958437085151672363e-01 -8.939474821090698242e-02 1.743410155177116394e-02 -1.546787843108177185e-02 -2.264065295457839966e-02 -9.996240139007568359e-01
-9.909441471099853516e-01 -1.324206441640853882e-01 2.223885245621204376e-02 -2.089124359190464020e-02 -1.155755482614040375e-02 -9.997149705886840820e-01
-9.926400184631347656e-01 -1.197350844740867615e-01 1.814661175012588501e-02 -1.930381730198860168e-02 8.511856198310852051e-03 -9.997774362564086914e-01
-9.916304945945739746e-01 -1.276791244745254517e-01 1.915788836777210236e-02 -2.256589196622371674e-02 2.529896423220634460e-02 -9.994252324104309082e-01
-9.955801367759704590e-01 -9.256989508867263794e-02 1.584309339523315430e-02 -1.326530613005161285e-02 -2.839620038866996765e-02 -9.995087981224060059e-01
-9.903762340545654297e-01 -1.370209753513336182e-01 1.949961483478546143e-02 -2.272826805710792542e-02 2.203818224370479584e-02 -9.994987845420837402e-01
-9.960069656372070312e-01 -8.796039223670959473e-02 1.526758074760437012e-02 -1.810158044099807739e-02 3.151194378733634949e-02 -9.993394613265991211e-01
-9.901726841926574707e-01 -1.370446383953094482e-01 2.787272259593009949e-02 -3.777751699090003967e-02 7.021269202232360840e-02 -9.968164563179016113e-01
-9.540207386016845703e-01 -2.979749441146850586e-01 3.248773142695426941e-02 -3.150428831577301025e-02 -8.104017935693264008e-03 -9.994707703590393066e-01
-9.842424392700195312e-01 -1.750281155109405518e-01 2.514226920902729034e-02 -3.299910202622413635e-02 4.212387278676033020e-02 -9.985673427581787109e-01
-9.660167694091796875e-01 -2.560431361198425293e-01 3.540645912289619446e-02 -4.550396278500556946e-02 3.361872211098670959e-02 -9.983983039855957031e-01
-9.963951706886291504e-01 -8.278046548366546631e-02 1.854984275996685028e-02 -1.974798738956451416e-02 1.367846969515085220e-02 -9.997114539146423340e-01
-9.909748435020446777e-01 -1.325590461492538452e-01 1.992407999932765961e-02 -2.026217989623546600e-02 1.201990293338894844e-03 -9.997940063476562500e-01
-9.938893914222717285e-01 -1.092852801084518433e-01 1.551252417266368866e-02 -1.630554161965847015e-02 6.366436369717121124e-03 -9.998468160629272461e-01
-9.810447096824645996e-01 -1.900498121976852417e-01 3.784745186567306519e-02 -3.863166645169258118e-02 4.219729453325271606e-04 -9.992534518241882324e-01
-9.920752048492431641e-01 -1.235963329672813416e-01 2.260033227503299713e-02 -2.529904805123806000e-02 2.030904963612556458e-02 -9.994736313819885254e-01
-7.529716491699218750e-01 -6.577961444854736328e-01 -1.838480494916439056e-02 -3.071398437023162842e-01 3.760133981704711914e-01 -8.742305636405944824e-01
-9.981431365013122559e-01 -6.090978160500526428e-02 -6.118928431533277035e-04 1.195634715259075165e-03 -9.547726251184940338e-03 -9.999537467956542969e-01
-9.981637597084045410e-01 -6.056681275367736816e-02 -8.878735243342816830e-04 8.096932433545589447e-04 1.315339002758264542e-03 -9.999988079071044922e-01
-9.948717355728149414e-01 -1.010274738073348999e-01 -4.864058922976255417e-03 7.831364870071411133e-03 -2.899545989930629730e-02 -9.995489120483398438e-01
-9.752009510993957520e-01 -2.188404202461242676e-01 3.304744511842727661e-02 -2.994731627404689789e-02 -1.746902056038379669e-02 -9.993988871574401855e-01
-9.934597015380859375e-01 -1.141691580414772034e-01 1.798180048353970051e-03 3.238798817619681358e-04 -1.856571435928344727e-02 -9.998276233673095703e-01
-9.983776211738586426e-01 -5.683528259396553040e-02 3.446485381573438644e-03 -4.903796594589948654e-03 2.552146092057228088e-02 -9.996622800827026367e-01
-9.995203018188476562e-01 -3.086232393980026245e-02 2.578940475359559059e-03 -2.571686403825879097e-03 -2.747379767242819071e-04 -9.999966621398925781e-01
-9.981176257133483887e-01 -6.116813421249389648e-02 4.439503420144319534e-03 -4.527742508798837662e-03 1.304029487073421478e-03 -9.999889135360717773e-01
-9.942300915718078613e-01 -1.068806871771812439e-01 9.116766043007373810e-03 -8.927690796554088593e-03 -2.247378230094909668e-03 -9.999576807022094727e-01
-9.907009601593017578e-01 -1.347762048244476318e-01 1.863159425556659698e-02 -1.835255883634090424e-02 -3.312591696158051491e-03 -9.998261332511901855e-01
-9.942348599433898926e-01 -1.058421283960342407e-01 1.715897955000400543e-02 -1.834671385586261749e-02 1.025821734219789505e-02 -9.997791051864624023e-01
-9.977803230285644531e-01 -6.640977412462234497e-02 4.915987607091665268e-03 -4.762260243296623230e-03 -2.472948515787720680e-03 -9.999856352806091309e-01
-9.978855848312377930e-01 -6.468317657709121704e-02 6.364663597196340561e-03 -5.769959650933742523e-03 -9.376768954098224640e-03 -9.999393820762634277e-01
-7.099384069442749023e-01 6.847776770591735840e-01 1.645204424858093262e-01 4.289713874459266663e-02 2.752188742160797119e-01 -9.604241251945495605e-01
1.423958092927932739e-01 -7.427806258201599121e-01 -6.542174220085144043e-01 -9.887965321540832520e-01 -7.684840261936187744e-02 -1.279681175947189331e-01
5.520395040512084961e-01 -8.327955007553100586e-01 -4.128114506602287292e-02 2.463353797793388367e-02 6.577590852975845337e-02 -9.975303411483764648e-01
5.804430246353149414e-01 -8.131088614463806152e-01 -4.404288157820701599e-02 5.030250549316406250e-02 8.978717029094696045e-02 -9.946898818016052246e-01
7.389690876007080078e-01 -6.728021502494812012e-01 -3.552555665373802185e-02 9.685257822275161743e-02 1.582630723714828491e-01 -9.826354384422302246e-01
7.182052731513977051e-01 -6.949675679206848145e-01 -3.465841710567474365e-02 1.589365452527999878e-01 2.123353779315948486e-01 -9.641851186752319336e-01
6.847255229949951172e-01 -7.276670336723327637e-01 -4.064214229583740234e-02 5.735921114683151245e-02 1.093992218375205994e-01 -9.923415780067443848e-01
7.815466523170471191e-01 -6.227791309356689453e-01 -3.648317605257034302e-02 4.057300463318824768e-02 1.090994775295257568e-01 -9.932025074958801270e-01
-8.575745159760117531e-04 -1.410556882619857788e-01 9.900013208389282227e-01 -9.999942779541015625e-01 3.367750206962227821e-03 -3.863927267957478762e-04
-6.028661155141890049e-04 -3.177907690405845642e-02 9.994947910308837891e-01 -9.999988675117492676e-01 -1.373206265270709991e-03 -6.468314677476882935e-04
5.026094731874763966e-04 -1.667321845889091492e-02 9.998608827590942383e-01 -9.999724626541137695e-01 -7.415236905217170715e-03 3.790124901570379734e-04
2.054266864433884621e-03 -2.050062827765941620e-02 9.997877478599548340e-01 -9.998962879180908203e-01 -1.429915707558393478e-02 1.761285820975899696e-03
-1.829246873967349529e-03 -1.112864911556243896e-02 9.999364018440246582e-01 -9.999927878379821777e-01 -3.320650663226842880e-03 -1.866306527517735958e-03
-1.888071652501821518e-03 -3.329331986606121063e-03 9.999926686286926270e-01 -9.999970793724060059e-01 1.543600461445748806e-03 -1.882940763607621193e-03
-1.608643797226250172e-03 -2.216856367886066437e-02 9.997529983520507812e-01 -9.999883174896240234e-01 4.597398918122053146e-03 -1.507079578004777431e-03
-8.752327412366867065e-04 -1.107912603765726089e-02 9.999382495880126953e-01 -9.999883770942687988e-01 -4.745213314890861511e-03 -9.278525831177830696e-04
-9.980147480964660645e-01 6.297247856855392456e-02 -1.062384340912103653e-03 4.428760730661451817e-04 -9.850904345512390137e-03 -9.999514222145080566e-01
-1.896522007882595062e-03 -2.722116187214851379e-03 9.999945163726806641e-01 -9.999975562095642090e-01 -1.146531547419726849e-03 -1.899648807011544704e-03
-3.341785399243235588e-03 1.887811464257538319e-03 9.999926686286926270e-01 -9.999944567680358887e-01 -2.832495920301880687e-05 -3.341737668961286545e-03
-1.000000000000000000e+00 -2.188303624279797077e-04 -8.137043187161907554e-05 8.137520489981397986e-05 -2.180462070100475103e-05 -1.000000000000000000e+00
-9.999998211860656738e-01 -3.528582165017724037e-04 5.089375190436840057e-04 -5.089152837172150612e-04 -6.309064337983727455e-05 -9.999998807907104492e-01
-1.577500370331108570e-03 6.837400724180042744e-04 9.999985098838806152e-01 -9.999986886978149414e-01 -3.741385880857706070e-04 -1.577244838699698448e-03
-9.995979666709899902e-01 2.808859385550022125e-02 -3.861968172714114189e-03 3.870958928018808365e-03 2.657189324963837862e-04 -9.999924898147583008e-01
-9.986425042152404785e-01 5.187870934605598450e-02 -4.668103065341711044e-03 4.813923966139554977e-03 2.686222782358527184e-03 -9.999848008155822754e-01
-9.996050596237182617e-01 2.779311500489711761e-02 -4.151052329689264297e-03 4.231759812682867050e-03 2.845662645995616913e-03 -9.999870061874389648e-01
-9.999223947525024414e-01 1.193136256188154221e-02 -3.593360772356390953e-03 3.555484581738710403e-03 -3.194208955392241478e-03 -9.999886155128479004e-01
-9.999986290931701660e-01 3.462534805294126272e-04 -1.620391616597771645e-03 1.620503026060760021e-03 3.217412740923464298e-04 -9.999986290931701660e-01
-9.999984502792358398e-01 3.645633987616747618e-04 -1.738370046950876713e-03 1.738414401188492775e-03 1.213795912917703390e-04 -9.999985098838806152e-01
-4.013392608612775803e-03 -3.688566794153302908e-04 9.999918937683105469e-01 -9.999919533729553223e-01 1.930882717715576291e-04 -4.013321362435817719e-03
-3.049815772101283073e-03 -9.324934799224138260e-04 9.999949336051940918e-01 -9.999952912330627441e-01 -3.165269445162266493e-04 -3.050112398341298103e-03
-9.982986450195312500e-01 5.804257839918136597e-02 -5.561845842748880386e-03 5.850453395396471024e-03 4.803595598787069321e-03 -9.999713897705078125e-01
-9.999344944953918457e-01 1.125711109489202499e-02 -2.098512835800647736e-03 2.107995329424738884e-03 8.305602823384106159e-04 -9.999974370002746582e-01
-3.822397906333208084e-03 -4.415851552039384842e-03 9.999829530715942383e-01 -9.999907016754150391e-01 2.026284579187631607e-03 -3.813479794189333916e-03
-3.125881543383002281e-03 -6.567941163666546345e-04 9.999949336051940918e-01 -9.999951124191284180e-01 -8.878749940777197480e-05 -3.125940682366490364e-03
-9.987720251083374023e-01 4.938112571835517883e-02 -3.994862549006938934e-03 4.069168586283922195e-03 1.404308248311281204e-03 -9.999907612800598145e-01
-9.995611310005187988e-01 2.945305593311786652e-02 -3.178885905072093010e-03 3.158100880682468414e-03 -7.521875086240470409e-04 -9.999947547912597656e-01
-9.992631077766418457e-01 3.821554407477378845e-02 -3.580574644729495049e-03 3.053323132917284966e-03 -1.384624000638723373e-02 -9.998995065689086914e-01
-9.997817277908325195e-01 -2.077782340347766876e-02 2.198680071160197258e-03 -2.363374456763267517e-03 7.905221544206142426e-03 -9.999659657478332520e-01
-9.995870590209960938e-01 -2.839422039687633514e-02 4.423429258167743683e-03 -4.542893264442682266e-03 4.144195467233657837e-03 -9.999811053276062012e-01
-9.999983906745910645e-01 -1.452939584851264954e-03 1.113090198487043381e-03 -1.113616628572344780e-03 3.615449531935155392e-04 -9.999993443489074707e-01
-9.999966025352478027e-01 -2.093283925205469131e-03 1.569257001392543316e-03 -1.569370157085359097e-03 5.244669955573044717e-05 -9.999988079071044922e-01
-9.999833703041076660e-01 -5.692930426448583603e-03 9.315861389040946960e-04 -9.307473083026707172e-04 -1.499921054346486926e-04 -9.999995827674865723e-01
-9.999192953109741211e-01 -1.252630073577165604e-02 2.131736371666193008e-03 -2.132591558620333672e-03 5.490548937814310193e-05 -9.999977350234985352e-01
-9.999958872795104980e-01 9.283340768888592720e-04 -2.716811140999197960e-03 2.716789953410625458e-03 -2.407740430498961359e-05 -9.999963045120239258e-01
-9.998820424079895020e-01 -1.491155475378036499e-02 3.688245080411434174e-03 -3.686977317556738853e-03 -1.125069684349000454e-04 -9.999932050704956055e-01
-9.999091029167175293e-01 -1.317050494253635406e-02 2.891406184062361717e-03 -2.912387251853942871e-03 1.574130961671471596e-03 -9.999945163726806641e-01
-9.999939203262329102e-01 -3.050036961212754250e-03 1.716166152618825436e-03 -1.721707638353109360e-03 1.815171912312507629e-03 -9.999969005584716797e-01
-9.999989867210388184e-01 -1.171567710116505623e-03 8.261562325060367584e-04 -8.272652630694210529e-04 9.464349714107811451e-04 -9.999992251396179199e-01
-9.999987483024597168e-01 -1.077557215467095375e-03 1.178997685201466084e-03 -1.179248909465968609e-03 2.324809756828472018e-04 -9.999992847442626953e-01
-2.117885276675224304e-03 -5.368508864194154739e-04 9.999976158142089844e-01 -9.999976754188537598e-01 -4.600956162903457880e-04 -2.118132775649428368e-03
-9.999979138374328613e-01 -1.428085262887179852e-03 1.466986024752259254e-03 -1.468974514864385128e-03 1.392426434904336929e-03 -9.999979734420776367e-01
-9.999953508377075195e-01 -2.490384504199028015e-03 1.772327115759253502e-03 -1.773672527633607388e-03 5.381557275541126728e-04 -9.999983310699462891e-01
-9.999922513961791992e-01 -3.187423106282949448e-03 2.312103984877467155e-03 -2.315111458301544189e-03 9.401888819411396980e-04 -9.999969005584716797e-01
-9.999678730964660645e-01 -7.544145453721284866e-03 2.718530828133225441e-03 -2.724286168813705444e-03 7.527249399572610855e-04 -9.999960064888000488e-01
-9.999727010726928711e-01 -6.887445691972970963e-03 2.691082190722227097e-03 -2.713387366384267807e-03 3.231279784813523293e-03 -9.999911189079284668e-01
-9.972099065780639648e-01 -7.389166951179504395e-02 1.060709636658430099e-02 -9.978977963328361511e-03 -8.864536881446838379e-03 -9.999109506607055664e-01
-9.994616508483886719e-01 -3.250063583254814148e-02 4.490788094699382782e-03 -4.597370047122240067e-03 3.205401124432682991e-03 -9.999843239784240723e-01
-9.969643354415893555e-01 -7.691293209791183472e-02 1.210930291563272476e-02 -1.242045219987630844e-02 3.568391548469662666e-03 -9.999164938926696777e-01
-9.984256625175476074e-01 -5.562436953186988831e-02 7.224114146083593369e-03 -7.299602497369050980e-03 1.154057914391160011e-03 -9.999727010726928711e-01
-9.996927380561828613e-01 -2.452432364225387573e-02 3.602500539273023605e-03 -3.586806589737534523e-03 -6.838883855380117893e-04 -9.999933242797851562e-01
-9.996060132980346680e-01 -2.782299369573593140e-02 3.694846527650952339e-03 -3.784868167713284492e-03 3.183546243235468864e-03 -9.999877810478210449e-01
-9.991636872291564941e-01 -4.043466597795486450e-02 6.079558748751878738e-03 -5.987087264657020569e-03 -2.407634165138006210e-03 -9.999791979789733887e-01
-9.987259507179260254e-01 -4.986073076725006104e-02 7.772689685225486755e-03 -7.765461690723896027e-03 -3.386752796359360218e-04 -9.999697804450988770e-01
-9.999889135360717773e-01 -4.085501655936241150e-03 2.338444348424673080e-03 -2.343834144994616508e-03 1.315042725764214993e-03 -9.999964237213134766e-01
-9.999592900276184082e-01 -8.353401906788349152e-03 3.421978792175650597e-03 -3.445892827585339546e-03 2.850118558853864670e-03 -9.999900460243225098e-01
-9.999839663505554199e-01 -5.067910533398389816e-03 2.538707107305526733e-03 -2.541566500440239906e-03 5.579025601036846638e-04 -9.999966621398925781e-01
-9.999914765357971191e-01 -3.535621799528598785e-03 2.138919197022914886e-03 -2.139840042218565941e-03 2.566492184996604919e-04 -9.999977350234985352e-01
-9.923985600471496582e-01 -1.216412782669067383e-01 1.867252774536609650e-02 -2.003166638314723969e-02 9.959941729903221130e-03 -9.997497797012329102e-01
-9.934191703796386719e-01 -1.136793792247772217e-01 1.398283895105123520e-02 -1.339500118046998978e-02 -5.933254491537809372e-03 -9.998927116394042969e-01
-9.961321353912353516e-01 -8.756291866302490234e-02 7.315469905734062195e-03 -6.931152194738388062e-03 -4.692290909588336945e-03 -9.999650120735168457e-01
4.472926259040832520e-03 2.155749686062335968e-02 9.997575879096984863e-01 -9.999885559082031250e-01 -1.625719247385859489e-03 4.509014543145895004e-03
-9.861907958984375000e-01 -1.649749428033828735e-01 1.452528499066829681e-02 -1.408260781317949295e-02 -3.852699417620897293e-03 -9.998934268951416016e-01
-9.976906776428222656e-01 6.749288737773895264e-02 -7.620751392096281052e-03 7.765499874949455261e-03 1.882545184344053268e-03 -9.999681115150451660e-01
-9.995453357696533203e-01 2.971791289746761322e-02 -5.104369949549436569e-03 5.629432387650012970e-03 1.761145517230033875e-02 -9.998290538787841797e-01
-9.986659288406372070e-01 5.126135423779487610e-02 -6.217224523425102234e-03 6.210780702531337738e-03 -2.849924494512379169e-04 -9.999806880950927734e-01
-9.999333024024963379e-01 1.059383060783147812e-02 -4.610065836459398270e-03 4.621431231498718262e-03 1.048617763444781303e-03 -9.999887943267822266e-01
-9.998888373374938965e-01 1.420076563954353333e-02 -4.548850003629922867e-03 4.535265266895294189e-03 -9.887403575703501701e-04 -9.999892711639404297e-01
-9.999991059303283691e-01 -1.318525173701345921e-03 2.637787547428160906e-04 -2.635538112372159958e-04 -1.707989431452006102e-04 -1.000000000000000000e+00
-9.999991059303283691e-01 -9.146631346084177494e-04 -9.657276677899062634e-04 9.658875642344355583e-04 -1.744073379086330533e-04 -9.999995231628417969e-01
-9.999849200248718262e-01 3.136481624096632004e-03 -4.509022459387779236e-03 4.507451318204402924e-03 -5.080398404970765114e-04 -9.999897480010986328e-01
-9.999839067459106445e-01 3.483501495793461800e-03 -4.487805534154176712e-03 4.488771781325340271e-03 2.696576993912458420e-04 -9.999899268150329590e-01
-7.059828843921422958e-03 -1.063182484358549118e-03 9.999745488166809082e-01 -9.999750256538391113e-01 -3.301383112557232380e-04 -7.060183677822351456e-03
-9.999953508377075195e-01 -3.971777041442692280e-04 -3.036603564396500587e-03 3.036737209185957909e-03 -3.361447597853839397e-04 -9.999953508377075195e-01
-9.999922513961791992e-01 3.465895715635269880e-04 -3.920586779713630676e-03 3.920599352568387985e-03 3.691821257234551013e-05 -9.999923110008239746e-01
-9.999982118606567383e-01 -6.995580042712390423e-04 -1.775964163243770599e-03 1.775954035110771656e-03 1.512636117695365101e-05 -9.999984502792358398e-01
-9.997496008872985840e-01 -2.237563952803611755e-02 3.168204275425523520e-04 -2.661673061084002256e-04 -2.266706433147192001e-03 -9.999974370002746582e-01
-9.997810125350952148e-01 -2.090323716402053833e-02 1.005583908408880234e-03 -9.369056788273155689e-04 -3.295062575489282608e-03 -9.999941587448120117e-01
-9.984304904937744141e-01 -5.592190846800804138e-02 -3.045881167054176331e-03 2.958852797746658325e-03 1.638979767449200153e-03 -9.999942779541015625e-01
-9.994775056838989258e-01 -3.230987489223480225e-02 -9.153051069006323814e-04 9.768808959051966667e-04 -1.890055835247039795e-03 -9.999977350234985352e-01
-9.998159408569335938e-01 -1.916985772550106049e-02 -8.170806104317307472e-04 8.231225656345486641e-04 -3.072917461395263672e-04 -9.999996423721313477e-01
-9.997826814651489258e-01 -2.084630541503429413e-02 3.764141292776912451e-04 -4.115842166356742382e-04 1.682847854681313038e-03 -9.999985098838806152e-01
-9.997832775115966797e-01 -2.079270221292972565e-02 -1.076768501661717892e-03 1.023482182063162327e-03 2.573210513219237328e-03 -9.999961853027343750e-01
-9.984298944473266602e-01 -5.601563677191734314e-02 -3.397188265807926655e-04 3.592052380554378033e-04 -3.378061519470065832e-04 -9.999998807907104492e-01
-9.988893866539001465e-01 -4.705532640218734741e-02 2.408294938504695892e-03 -2.340688602998852730e-03 -1.491798902861773968e-03 -9.999961853027343750e-01
-9.988957643508911133e-01 -4.697421938180923462e-02 8.591063669882714748e-04 -7.896109600551426411e-04 -1.497974735684692860e-03 -9.999985694885253906e-01
-9.997844099998474121e-01 -2.062524110078811646e-02 2.404567785561084747e-03 -2.446726895868778229e-03 2.019061939790844917e-03 -9.999949932098388672e-01
-9.995521306991577148e-01 -2.977576665580272675e-02 2.985787345096468925e-03 -3.136033425107598305e-03 5.000493023544549942e-03 -9.999825954437255859e-01
-9.999988675117492676e-01 -1.517959637567400932e-03 -8.175956463674083352e-05 8.203540346585214138e-05 -1.816553995013237000e-04 -1.000000000000000000e+00
-9.999989271163940430e-01 -1.383204129524528980e-03 5.306062521412968636e-04 -5.302033387124538422e-04 -2.916263183578848839e-04 -9.999998807907104492e-01
-9.999859929084777832e-01 -5.254465620964765549e-03 6.678277859464287758e-04 -6.711537134833633900e-04 6.312352488748729229e-04 -9.999995827674865723e-01
-9.999989867210388184e-01 -1.212142757140100002e-03 -7.580080418847501278e-04 7.581070531159639359e-04 -8.118289406411349773e-05 -9.999997019767761230e-01
-9.999985694885253906e-01 -1.665670191869139671e-03 -3.860843717120587826e-04 3.843611339107155800e-04 1.034756191074848175e-03 -9.999994039535522461e-01
-7.111396640539169312e-03 -1.233330811373889446e-03 9.999740123748779297e-01 -9.999744892120361328e-01 -6.843690061941742897e-04 -7.112244609743356705e-03
-6.581944879144430161e-03 -1.390707097016274929e-03 9.999774098396301270e-01 -9.999782443046569824e-01 -4.592602199409157038e-04 -6.582589820027351379e-03
-9.902369976043701172e-01 -1.378749758005142212e-01 2.052440866827964783e-02 -2.028260566294193268e-02 -3.158652689307928085e-03 -9.997892975807189941e-01
-9.979541301727294922e-01 -6.343525648117065430e-02 7.976250723004341125e-03 -8.566156961023807526e-03 9.032840840518474579e-03 -9.999225139617919922e-01
-9.974326491355895996e-01 -7.092190533876419067e-02 9.908685460686683655e-03 -9.806680493056774139e-03 -1.786343869753181934e-03 -9.999503493309020996e-01
-9.993019700050354004e-01 -3.727959096431732178e-02 2.424888312816619873e-03 -2.464278368279337883e-03 1.010695239529013634e-03 -9.999964833259582520e-01
-9.995719790458679199e-01 -2.921562828123569489e-02 1.535232062451541424e-03 -1.636738074012100697e-03 3.450782038271427155e-03 -9.999927282333374023e-01
-9.979010224342346191e-01 -6.451950967311859131e-02 5.550489295274019241e-03 -5.866128485649824142e-03 4.703734535723924637e-03 -9.999717473983764648e-01
-9.980489611625671387e-01 -6.221070140600204468e-02 5.300811491906642914e-03 -5.657375324517488480e-03 5.556805990636348724e-03 -9.999685883522033691e-01
-9.976937770843505859e-01 -6.705792993307113647e-02 1.050793379545211792e-02 -1.103846170008182526e-02 7.545861415565013885e-03 -9.999106526374816895e-01
-9.975947737693786621e-01 -6.923463195562362671e-02 3.364659380167722702e-03 -3.801906481385231018e-03 6.184643600136041641e-03 -9.999736547470092773e-01
-9.901378154754638672e-01 -1.383366882801055908e-01 2.213892713189125061e-02 -2.187507227063179016e-02 -3.427609801292419434e-03 -9.997548460960388184e-01
-9.970533251762390137e-01 -7.645799219608306885e-02 6.243706215173006058e-03 -6.556682288646697998e-03 3.843100275844335556e-03 -9.999711513519287109e-01
-9.902531504631042480e-01 -1.376249492168426514e-01 2.140244841575622559e-02 -2.711705863475799561e-02 3.978296741843223572e-02 -9.988403320312500000e-01
-9.926179647445678711e-01 -1.203721240162849426e-01 1.483899820595979691e-02 -1.680135913193225861e-02 1.530392561107873917e-02 -9.997417330741882324e-01
7.535755038261413574e-01 6.571771502494812012e-01 1.556470245122909546e-02 1.946960692293941975e-03 2.144614048302173615e-02 -9.997681379318237305e-01
3.121667914092540741e-02 -5.332159344106912613e-03 -9.994984269142150879e-01 -9.995021820068359375e-01 4.416382871568202972e-03 -3.124035894870758057e-02
9.460681676864624023e-01 -3.231481313705444336e-01 2.302947267889976501e-02 5.123334750533103943e-02 7.904473692178726196e-02 -9.955536723136901855e-01
8.948901295661926270e-01 -4.460118114948272705e-01 1.565894298255443573e-02 2.251203916966915131e-02 1.007062103599309921e-02 -9.996958374977111816e-01
-9.989897012710571289e-01 4.482235386967658997e-02 3.264664672315120697e-03 -3.757434664294123650e-03 -1.091400068253278732e-02 -9.999334216117858887e-01
6.636909092776477337e-04 7.981536537408828735e-02 9.968094825744628906e-01 -9.997531175613403320e-01 2.219082787632942200e-02 -1.111187506467103958e-03
-7.199915125966072083e-04 1.023855954408645630e-01 9.947445988655090332e-01 -9.999859929084777832e-01 5.145881325006484985e-03 -1.253433059900999069e-03
-9.914594292640686035e-01 1.300271302461624146e-01 1.005599088966846466e-02 -6.481676362454891205e-03 2.788303233683109283e-02 -9.995901584625244141e-01
-9.949237704277038574e-01 1.006160676479339600e-01 -1.802492886781692505e-03 2.334925346076488495e-03 5.174210760742425919e-03 -9.999839067459106445e-01
-9.952218532562255859e-01 9.747350960969924927e-02 -5.697763990610837936e-03 5.288835614919662476e-03 -4.453140776604413986e-03 -9.999761581420898438e-01
-8.675707504153251648e-03 2.441893331706523895e-02 9.996641874313354492e-01 -9.999334812164306641e-01 -7.814205251634120941e-03 -8.487165905535221100e-03
-1.038963627070188522e-02 5.128366500139236450e-02 9.986301064491271973e-01 -9.998294115066528320e-01 -1.578808017075061798e-02 -9.591331705451011658e-03
-7.566395681351423264e-03 1.540786121040582657e-02 9.998527169227600098e-01 -9.999683499336242676e-01 -2.599576488137245178e-03 -7.527210749685764313e-03
-6.537175271660089493e-03 1.936708390712738037e-02 9.997910857200622559e-01 -9.998930692672729492e-01 -1.320700999349355698e-02 -6.282007321715354919e-03
-9.995801448822021484e-01 2.886238135397434235e-02 2.556405961513519287e-03 -2.802114700898528099e-03 -8.475883863866329193e-03 -9.999601840972900391e-01
-9.994694590568542480e-01 3.248827159404754639e-02 2.318243030458688736e-03 -2.420893870294094086e-03 -3.120637265965342522e-03 -9.999922513961791992e-01
-9.997262954711914062e-01 2.330342866480350494e-02 2.088071545585989952e-03 -2.228144090622663498e-03 -5.986478179693222046e-03 -9.999796152114868164e-01
-8.557409979403018951e-03 1.623490825295448303e-02 9.998315572738647461e-01 -9.999634027481079102e-01 7.167145668063312769e-05 -8.559702895581722260e-03
-9.994540810585021973e-01 3.292399644851684570e-02 2.756390022113919258e-03 -2.937860554084181786e-03 -5.464693531394004822e-03 -9.999807476997375488e-01
-9.984970092773437500e-01 5.478819459676742554e-02 1.404706737957894802e-03 -1.266789389774203300e-03 2.551929326727986336e-03 -9.999959468841552734e-01
-9.976169466972351074e-01 6.898644566535949707e-02 1.158871222287416458e-03 5.967760225757956505e-04 2.542311698198318481e-02 -9.996765851974487305e-01
-9.978877902030944824e-01 6.495091319084167480e-02 -1.200653729028999805e-03 9.358582319691777229e-04 -4.107128828763961792e-03 -9.999911189079284668e-01
-1.329713165760040283e-01 9.909773468971252441e-01 1.681251265108585358e-02 1.373298838734626770e-02 1.880371011793613434e-02 -9.997289180755615234e-01
-1.679136008024215698e-01 9.856159090995788574e-01 1.913949288427829742e-02 -3.729632589966058731e-03 1.877985894680023193e-02 -9.998167157173156738e-01
-1.967197358608245850e-01 9.802253842353820801e-01 2.143852040171623230e-02 6.699008867144584656e-03 2.320904284715652466e-02 -9.997082352638244629e-01
-1.735631674528121948e-01 9.846293926239013672e-01 1.951266266405582428e-02 1.113847270607948303e-02 2.177474275231361389e-02 -9.997008442878723145e-01
-3.442302346229553223e-01 9.384191632270812988e-01 2.958158962428569794e-02 4.950109496712684631e-02 4.960324615240097046e-02 -9.975416064262390137e-01
-3.448642194271087646e-01 9.382527470588684082e-01 2.739583142101764679e-02 2.465012297034263611e-02 3.822895139455795288e-02 -9.989649653434753418e-01
-5.193728208541870117e-01 -8.524113297462463379e-01 6.038952991366386414e-02 -1.100097671151161194e-01 -3.386348718777298927e-03 -9.939247965812683105e-01
-1.822176277637481689e-01 -9.831238389015197754e-01 1.625736057758331299e-02 -1.097138673067092896e-01 3.898495808243751526e-03 -9.939555525779724121e-01
-3.844774961471557617e-01 -9.220765829086303711e-01 4.418047517538070679e-02 -1.119805425405502319e-01 -9.202919900417327881e-04 -9.937099814414978027e-01
-9.928391575813293457e-01 -1.183750331401824951e-01 1.605807431042194366e-02 -1.479594781994819641e-02 -1.153325848281383514e-02 -9.998240470886230469e-01
4.860859215259552002e-01 -8.735859990119934082e-01 -2.383406646549701691e-02 -1.507821232080459595e-01 -5.697282403707504272e-02 -9.869239330291748047e-01
-1.167112365365028381e-01 3.430851269513368607e-03 -9.931600093841552734e-01 8.496923744678497314e-02 9.963621497154235840e-01 -6.543250754475593567e-03
2.599740922451019287e-01 -9.654281139373779297e-01 -1.902733184397220612e-02 -1.019089221954345703e-01 -7.836934179067611694e-03 -9.947628974914550781e-01
-1.262480616569519043e-01 -9.919787049293518066e-01 6.308335345238447189e-03 -6.796238571405410767e-02 2.304875291883945465e-03 -9.976852536201477051e-01
-1.112633123993873596e-01 -9.937657117843627930e-01 7.093466818332672119e-03 -7.468677312135696411e-02 1.244002487510442734e-03 -9.972062706947326660e-01
-1.014692932367324829e-01 5.359711358323693275e-04 -9.948385357856750488e-01 6.114531308412551880e-02 9.981126189231872559e-01 -5.698826629668474197e-03
-1.318932026624679565e-01 4.522713366895914078e-03 -9.912536740303039551e-01 1.099193245172500610e-01 9.938893318176269531e-01 -1.009079068899154663e-02
-5.116143226623535156e-01 -8.587973117828369141e-01 2.679606154561042786e-02 -4.199249669909477234e-02 -6.157402414828538895e-03 -9.990989565849304199e-01
-9.847059845924377441e-01 -1.728475093841552734e-01 2.186298929154872894e-02 -2.492400072515010834e-02 1.555856782943010330e-02 -9.995682835578918457e-01
-2.092433273792266846e-01 -9.777069091796875000e-01 1.750756427645683289e-02 -8.943150192499160767e-02 1.304633915424346924e-03 -9.959921836853027344e-01
-9.888892769813537598e-01 -1.474003195762634277e-01 1.926737092435359955e-02 -1.980376802384853363e-02 2.172220498323440552e-03 -9.998015761375427246e-01
-9.898698925971984863e-01 -1.408266425132751465e-01 1.804049313068389893e-02 -1.984693855047225952e-02 1.143338810652494431e-02 -9.997376799583435059e-01
-9.466243982315063477e-01 -3.206368982791900635e-01 3.307882696390151978e-02 -2.794079110026359558e-02 -2.061347663402557373e-02 -9.993970990180969238e-01
-8.997718691825866699e-01 -4.338195621967315674e-01 4.702426493167877197e-02 -2.090275287628173828e-03 -1.034783869981765747e-01 -9.946295619010925293e-01
-9.489593505859375000e-01 -3.136215209960937500e-01 3.343195468187332153e-02 -4.066960513591766357e-02 1.656165160238742828e-02 -9.990353584289550781e-01
-9.521073698997497559e-01 -3.041098713874816895e-01 3.176165744662284851e-02 -3.693679347634315491e-02 1.127824839204549789e-02 -9.992539882659912109e-01
-1.847248971462249756e-01 -9.826676249504089355e-01 1.552598550915718079e-02 9.537119418382644653e-03 -1.758948899805545807e-02 -9.997997879981994629e-01
-2.812753319740295410e-01 -9.594442248344421387e-01 1.873423345386981964e-02 -2.654352039098739624e-02 -1.173627935349941254e-02 -9.995787739753723145e-01
-9.558083415031433105e-01 -2.923922240734100342e-01 3.061468899250030518e-02 -4.405038431286811829e-02 3.947657346725463867e-02 -9.982490539550781250e-01
-9.482650756835937500e-01 -3.155329525470733643e-01 3.510473668575286865e-02 -2.136280946433544159e-02 -4.690628126263618469e-02 -9.986708164215087891e-01
-9.455964565277099609e-01 -3.238776028156280518e-01 3.083295188844203949e-02 -2.721147052943706512e-02 -1.570550911128520966e-02 -9.995063543319702148e-01
6.842174530029296875e-01 -7.290856838226318359e-01 -1.674875244498252869e-02 1.854523643851280212e-02 4.035356268286705017e-02 -9.990133643150329590e-01
5.846498012542724609e-01 -8.111918568611145020e-01 -1.234711892902851105e-02 -5.590270459651947021e-02 -2.509836480021476746e-02 -9.981207251548767090e-01
-1.038785204291343689e-01 -9.945067167282104492e-01 1.287031453102827072e-02 -5.336313508450984955e-03 -1.238283794373273849e-02 -9.999091029167175293e-01
1.200962215662002563e-01 -9.927605390548706055e-01 1.846515573561191559e-03 -4.237532615661621094e-02 -6.984492298215627670e-03 -9.990773797035217285e-01
5.258010029792785645e-01 -8.505622148513793945e-01 -8.788388222455978394e-03 1.296160835772752762e-02 1.834245584905147552e-02 -9.997477531433105469e-01
-3.827780783176422119e-01 -1.449500471353530884e-01 -9.123981595039367676e-01 -2.706841528415679932e-01 9.618678092956542969e-01 -3.924910351634025574e-02
-8.585532307624816895e-01 1.491377968341112137e-02 -5.125076174736022949e-01 1.034163087606430054e-01 9.840700626373291016e-01 -1.446069926023483276e-01
5.888645350933074951e-02 5.719034075736999512e-01 8.182047009468078613e-01 -9.982441663742065430e-01 3.899092972278594971e-02 4.459032788872718811e-02
8.807296752929687500e-01 -4.732968509197235107e-01 -1.747468486428260803e-02 1.424745172262191772e-01 2.999484241008758545e-01 -9.432560801506042480e-01
8.960624337196350098e-01 -4.438025951385498047e-01 -1.055819354951381683e-02 1.014702543616294861e-01 2.279121875762939453e-01 -9.683800339698791504e-01
8.866004943847656250e-01 -4.624335467815399170e-01 -9.736413136124610901e-03 1.102749332785606384e-01 2.317739427089691162e-01 -9.664990305900573730e-01
8.772783875465393066e-01 -4.799802303314208984e-01 -1.242996077053248882e-03 8.377998322248458862e-02 1.556767970323562622e-01 -9.842488169670104980e-01
8.878223299980163574e-01 -4.601104855537414551e-01 8.353023789823055267e-03 1.949692666530609131e-01 3.596440255641937256e-01 -9.124928116798400879e-01
2.109321653842926025e-01 -9.775007367134094238e-01 1.336286368314176798e-04 2.593885920941829681e-02 5.460618063807487488e-03 -9.996486306190490723e-01
9.980586171150207520e-01 5.044136941432952881e-02 3.653420507907867432e-02 3.485980257391929626e-02 3.368520736694335938e-02 -9.988244175910949707e-01
5.326998233795166016e-01 8.460599184036254883e-01 2.033526264131069183e-02 6.653563678264617920e-02 -1.791431754827499390e-02 -9.976232647895812988e-01
5.557863116264343262e-01 8.310385942459106445e-01 2.182930894196033478e-02 5.186557769775390625e-02 -8.455718867480754852e-03 -9.986183047294616699e-01
-1.504923105239868164e-01 -1.700568199157714844e-02 9.884649515151977539e-01 -1.375272870063781738e-01 9.904903173446655273e-01 -3.897795453667640686e-03
-2.403010800480842590e-02 3.229380352422595024e-03 9.997060298919677734e-01 -2.104545384645462036e-02 9.997715353965759277e-01 -3.735465463250875473e-03
-2.014453522861003876e-02 9.997970461845397949e-01 -2.708578540477901697e-04 -2.269737422466278076e-03 -3.166442329529672861e-04 -9.999973773956298828e-01
8.914523124694824219e-01 4.530418813228607178e-01 8.117065764963626862e-03 -4.691552743315696716e-02 1.101038977503776550e-01 -9.928122162818908691e-01
8.402673006057739258e-01 5.420080423355102539e-01 1.334850490093231201e-02 3.879641368985176086e-02 -3.555177152156829834e-02 -9.986145496368408203e-01
8.418790102005004883e-01 5.389150977134704590e-01 2.846659719944000244e-02 1.753178611397743225e-02 2.540917880833148956e-02 -9.995234012603759766e-01
8.439098000526428223e-01 5.358135700225830078e-01 2.683428861200809479e-02 6.168806552886962891e-02 -4.722907766699790955e-02 -9.969774484634399414e-01
9.268592000007629395e-01 3.752664625644683838e-01 1.035565044730901718e-02 2.559789642691612244e-02 -3.565458953380584717e-02 -9.990363121032714844e-01
9.366319775581359863e-01 3.502412736415863037e-01 -7.186023984104394913e-03 -1.672743819653987885e-02 2.422485686838626862e-02 -9.995666146278381348e-01
9.644140601158142090e-01 2.643879354000091553e-01 -2.156229456886649132e-03 -1.289392355829477310e-02 3.888475894927978516e-02 -9.991605281829833984e-01
9.375941753387451172e-01 3.451428413391113281e-01 4.235091432929039001e-02 4.624744877219200134e-02 -3.059417940676212311e-03 -9.989253282546997070e-01
6.188327670097351074e-01 7.851587533950805664e-01 2.391391620039939880e-02 5.146799609065055847e-02 -1.014965772628784180e-02 -9.986230731010437012e-01
8.417298793792724609e-01 5.390647053718566895e-01 3.000153228640556335e-02 1.873981207609176636e-02 2.636413276195526123e-02 -9.994767904281616211e-01
3.838436305522918701e-01 9.233093261718750000e-01 1.280334405601024628e-02 2.043695002794265747e-02 5.367531906813383102e-03 -9.997767806053161621e-01
5.873140692710876465e-01 8.092756271362304688e-01 1.163092255592346191e-02 1.069496199488639832e-01 -6.335579603910446167e-02 -9.922438263893127441e-01
8.175433278083801270e-01 5.757840871810913086e-01 9.780265390872955322e-03 -4.953950643539428711e-03 2.401489205658435822e-02 -9.996993541717529297e-01
5.809459686279296875e-01 8.138645887374877930e-01 1.123496424406766891e-02 8.067963272333145142e-02 -4.384389892220497131e-02 -9.957753419876098633e-01
2.050880044698715210e-01 9.786890745162963867e-01 1.032640691846609116e-02 1.193089857697486877e-01 -1.452687289565801620e-02 -9.927508831024169922e-01
5.647181272506713867e-01 8.252027034759521484e-01 1.157133746892213821e-02 6.755079329013824463e-02 -3.224454075098037720e-02 -9.971947073936462402e-01
-9.717967361211776733e-02 9.952624440193176270e-01 2.956848125904798508e-03 6.027963384985923767e-02 8.851244114339351654e-03 -9.981423020362854004e-01
3.652438819408416748e-01 9.308322668075561523e-01 1.217344682663679123e-02 2.682819403707981110e-02 2.546313218772411346e-03 -9.996368288993835449e-01
3.937216103076934814e-01 9.191260337829589844e-01 1.381049398332834244e-02 3.836401551961898804e-02 -1.419205218553543091e-03 -9.992628097534179688e-01
-3.620534762740135193e-02 6.218488560989499092e-04 9.993442296981811523e-01 -2.314120717346668243e-02 9.997311830520629883e-01 -1.460474682971835136e-03
-5.360494554042816162e-02 2.649168372154235840e-01 -9.627801179885864258e-01 -9.975584149360656738e-01 2.901507355272769928e-02 6.352504342794418335e-02
-4.265804588794708252e-02 1.791829019784927368e-01 -9.828905463218688965e-01 -9.866755604743957520e-01 -1.621590405702590942e-01 1.326040457934141159e-02
-4.296711459755897522e-02 -1.702534854412078857e-01 -9.844630956649780273e-01 -9.860982298851013184e-01 1.655373871326446533e-01 1.441037561744451523e-02
-5.263892817310988903e-04 -3.585932850837707520e-01 9.334937930107116699e-01 -9.841565489768981934e-01 -1.653240323066711426e-01 -6.406269222497940063e-02
-9.281205534934997559e-01 3.510351479053497314e-01 1.239619478583335876e-01 -4.115506261587142944e-02 2.341922670602798462e-01 -9.713188409805297852e-01
-8.997900411486625671e-03 -3.412863612174987793e-01 9.399163126945495605e-01 -9.675559997558593750e-01 2.403164505958557129e-01 7.799711078405380249e-02
-8.382220864295959473e-01 -5.198305249214172363e-01 -1.648028194904327393e-01 1.094079110771417618e-02 2.861165702342987061e-01 -9.581323862075805664e-01
-8.483989834785461426e-01 -5.056925415992736816e-01 -1.565062850713729858e-01 2.912327880039811134e-03 2.911900281906127930e-01 -9.566608667373657227e-01
-5.843053460121154785e-01 4.686115980148315430e-01 -6.625635623931884766e-01 3.538813889026641846e-01 8.818497061729431152e-01 3.116233050823211670e-01
-9.362112879753112793e-01 -3.328345417976379395e-01 -1.128255501389503479e-01 -4.124247003346681595e-03 3.314230740070343018e-01 -9.434732794761657715e-01
9.895159006118774414e-01 1.442252397537231445e-01 7.579703349620103836e-03 1.353587140329182148e-03 4.321863129734992981e-02 -9.990647435188293457e-01
9.262927770614624023e-01 3.762148022651672363e-01 -2.107516117393970490e-02 -3.247800841927528381e-02 2.399206161499023438e-02 -9.991844892501831055e-01
9.329354166984558105e-01 3.591845035552978516e-01 -2.486276067793369293e-02 -2.486332878470420837e-02 -4.618605133146047592e-03 -9.996802210807800293e-01
9.328469038009643555e-01 3.593189120292663574e-01 -2.620442397892475128e-02 -2.580706961452960968e-02 -5.903381854295730591e-03 -9.996495246887207031e-01
9.140871763229370117e-01 4.043816924095153809e-01 -3.033270873129367828e-02 -3.937467560172080994e-02 1.406023185700178146e-02 -9.991255998611450195e-01
9.673443436622619629e-01 2.523634135723114014e-01 2.361650392413139343e-02 1.416272856295108795e-02 3.921223804354667664e-02 -9.991305470466613770e-01
9.823265075683593750e-01 1.868226230144500732e-01 1.148859504610300064e-02 1.110918633639812469e-02 3.077698871493339539e-03 -9.999336004257202148e-01
9.550752639770507812e-01 2.960343658924102783e-01 1.396380737423896790e-02 4.015475977212190628e-03 3.418673202395439148e-02 -9.994073510169982910e-01
9.955158829689025879e-01 9.290578216314315796e-02 1.779703609645366669e-02 1.762679964303970337e-02 2.652712166309356689e-03 -9.998411536216735840e-01
9.964907765388488770e-01 8.141255378723144531e-02 1.944861933588981628e-02 1.891728676855564117e-02 7.292768917977809906e-03 -9.997944831848144531e-01
9.549886584281921387e-01 2.842386662960052490e-01 8.488314598798751831e-02 2.789944701362401247e-04 2.852855622768402100e-01 -9.584425687789916992e-01
-1.522550737718120217e-04 3.386848866939544678e-01 -9.408999085426330566e-01 -9.806674718856811523e-01 -1.841674894094467163e-01 -6.613395363092422485e-02
3.646895522251725197e-03 3.244506120681762695e-01 -9.458956122398376465e-01 -9.860271215438842773e-01 -1.563695967197418213e-01 -5.743778124451637268e-02
-3.649692982435226440e-03 3.347835242748260498e-01 -9.422880411148071289e-01 -9.826734066009521484e-01 -1.758179515600204468e-01 -5.865987017750740051e-02
2.941161161288619041e-03 3.290770947933197021e-01 -9.442985057830810547e-01 -9.957631826400756836e-01 -8.582588285207748413e-02 -3.301078081130981445e-02
9.349080920219421387e-01 3.417962193489074707e-01 9.551028907299041748e-02 3.647685283794999123e-03 2.598575353622436523e-01 -9.656401276588439941e-01
8.768637776374816895e-01 4.663019180297851562e-01 1.169290319085121155e-01 -1.514951977878808975e-02 2.699097394943237305e-01 -9.627664685249328613e-01
7.748089265078306198e-03 3.097310662269592285e-01 -9.507926702499389648e-01 -9.761496186256408691e-01 2.086398452520370483e-01 6.001197546720504761e-02
9.108374826610088348e-03 3.199374377727508545e-01 -9.473949074745178223e-01 -9.724857807159423828e-01 2.233910262584686279e-01 6.609006226062774658e-02
3.412834135815501213e-03 3.117553293704986572e-01 -9.501563310623168945e-01 -9.995019435882568359e-01 -2.874685265123844147e-02 -1.302219182252883911e-02
2.974458970129489899e-03 3.225224614143371582e-01 -9.465571641921997070e-01 -9.998833537101745605e-01 -1.322379615157842636e-02 -7.647803053259849548e-03
8.335893154144287109e-01 5.412821173667907715e-01 1.101935207843780518e-01 -4.214533418416976929e-02 2.612275183200836182e-01 -9.643567800521850586e-01
5.734944939613342285e-01 8.129266500473022461e-01 1.012644171714782715e-01 -3.228162601590156555e-02 1.459420472383499146e-01 -9.887663722038269043e-01
9.470369666814804077e-02 9.952149987220764160e-01 2.404887229204177856e-02 4.490302875638008118e-02 1.986242085695266724e-02 -9.987939000129699707e-01
2.400078326463699341e-01 9.700607061386108398e-01 3.712910041213035583e-02 1.651505153859034181e-04 3.820623084902763367e-02 -9.992699027061462402e-01
2.074921876192092896e-01 9.778562784194946289e-01 2.727827429771423340e-02 1.202153693884611130e-02 2.533416450023651123e-02 -9.996067881584167480e-01
2.073689699172973633e-01 9.774541854858398438e-01 3.976781666278839111e-02 4.322760924696922302e-02 3.145608678460121155e-02 -9.985699653625488281e-01
3.866339027881622314e-01 9.197457432746887207e-01 6.769089400768280029e-02 -2.704364247620105743e-02 8.467442542314529419e-02 -9.960415959358215332e-01
2.867704033851623535e-01 9.571024179458618164e-01 4.144614189863204956e-02 7.774876430630683899e-03 4.093662649393081665e-02 -9.991315007209777832e-01
9.935352206230163574e-01 1.134508848190307617e-01 -4.094928968697786331e-03 -7.603268139064311981e-03 3.050845488905906677e-02 -9.995055794715881348e-01
9.767355918884277344e-01 2.144458591938018799e-01 -7.546770502813160419e-04 -3.438428277149796486e-03 1.214207801967859268e-02 -9.999204277992248535e-01
9.499421715736389160e-01 3.113091886043548584e-01 -2.639130316674709320e-02 -3.129123896360397339e-02 1.075461786240339279e-02 -9.994524717330932617e-01
9.638750553131103516e-01 2.660290598869323730e-01 -1.317055523395538330e-02 -1.188691426068544388e-02 -6.434833165258169174e-03 -9.999086856842041016e-01
9.918941855430603027e-01 1.270669400691986084e-01 -9.769182361196726561e-05 2.435560105368494987e-03 -1.978083699941635132e-02 -9.998013377189636230e-01
9.899218082427978516e-01 1.407337486743927002e-01 -1.577589474618434906e-02 -1.885122805833816528e-02 2.054576575756072998e-02 -9.996111989021301270e-01
9.401778578758239746e-01 3.395257890224456787e-01 -2.806960232555866241e-02 -2.367971278727054596e-02 -1.706644892692565918e-02 -9.995739459991455078e-01
8.867649435997009277e-01 4.610530138015747070e-01 -3.283416852355003357e-02 -4.415097460150718689e-02 1.377824228256940842e-02 -9.989298582077026367e-01
9.818965792655944824e-01 -1.894152164459228516e-01 -1.018429873511195183e-03 3.742563771083950996e-03 2.477583475410938263e-02 -9.996860027313232422e-01
9.969040155410766602e-01 -7.861158996820449829e-02 1.632965286262333393e-03 5.515967495739459991e-03 4.920301213860511780e-02 -9.987735748291015625e-01
9.982591867446899414e-01 -5.892739444971084595e-02 2.492649015039205551e-03 1.942038652487099171e-03 -9.399299509823322296e-03 -9.999539852142333984e-01
9.999660849571228027e-01 -8.163534104824066162e-03 -1.156047219410538673e-03 -1.129554002545773983e-03 3.249181201681494713e-03 -9.999940991401672363e-01
9.999885559082031250e-01 -1.200864207930862904e-03 4.637848585844039917e-03 4.638267215341329575e-03 3.457682032603770494e-04 -9.999892115592956543e-01
9.999952316284179688e-01 -1.679710927419364452e-03 2.599046099931001663e-03 2.600020961835980415e-03 5.781326326541602612e-04 -9.999964833259582520e-01
1.198051311075687408e-02 -3.119775094091892242e-03 -9.999234080314636230e-01 -9.999255537986755371e-01 -2.370564732700586319e-03 -1.197314169257879257e-02
9.999903440475463867e-01 -8.213624823838472366e-04 4.325103480368852615e-03 4.324770532548427582e-03 -4.066438123118132353e-04 -9.999905824661254883e-01
9.999574422836303711e-01 1.602089731022715569e-03 9.090241976082324982e-03 9.089115075767040253e-03 7.096382323652505875e-04 -9.999584555625915527e-01
9.991065859794616699e-01 3.917269408702850342e-02 1.586268842220306396e-02 1.627526618540287018e-02 -1.023587770760059357e-02 -9.998151659965515137e-01
9.999802112579345703e-01 -1.013747649267315865e-03 6.217359099537134171e-03 6.217645481228828430e-03 2.793965104501694441e-04 -9.999806880950927734e-01
9.999911189079284668e-01 -8.726810920052230358e-04 4.134911112487316132e-03 4.134514834731817245e-03 -4.559018416330218315e-04 -9.999914169311523438e-01
1.031053904443979263e-02 -1.113074459135532379e-02 -9.998849034309387207e-01 -9.999458193778991699e-01 -1.536463736556470394e-03 -1.029406301677227020e-02
9.850971698760986328e-01 1.707556694746017456e-01 2.064063586294651031e-02 1.511141285300254822e-02 3.361763432621955872e-02 -9.993205070495605469e-01
4.572830628603696823e-03 -3.518479410558938980e-03 -9.999833703041076660e-01 -9.999879002571105957e-01 -1.847205217927694321e-03 -4.566351417452096939e-03
9.470937848091125488e-01 -3.209401965141296387e-01 -3.289912128821015358e-03 4.271057900041341782e-03 2.285197004675865173e-02 -9.997297525405883789e-01
9.826214313507080078e-01 -1.856128275394439697e-01 1.747104921378195286e-03 -1.033219974488019943e-02 -6.409072875976562500e-02 -9.978905916213989258e-01
9.846367239952087402e-01 -1.746150255203247070e-01 3.743414417840540409e-04 2.433826448395848274e-03 1.158044673502445221e-02 -9.999300241470336914e-01
9.716286063194274902e-01 -2.365106791257858276e-01 -7.798102451488375664e-04 -3.062291769310832024e-03 -9.283459745347499847e-03 -9.999522566795349121e-01
9.628279805183410645e-01 -2.700199484825134277e-01 7.180376909673213959e-03 -3.398068249225616455e-03 -3.868867829442024231e-02 -9.992455244064331055e-01
9.543881416320800781e-01 -2.984944283962249756e-01 6.663738284260034561e-03 5.610344186425209045e-02 1.573710441589355469e-01 -9.859446287155151367e-01
9.999982714653015137e-01 2.675830037333071232e-04 -1.846603932790458202e-03 -1.846603350713849068e-03 -3.213150421288446523e-06 -9.999983310699462891e-01
9.514138102531433105e-01 -3.079133033752441406e-01 1.064633717760443687e-03 1.300047803670167923e-02 3.671491146087646484e-02 -9.992412328720092773e-01
9.999989867210388184e-01 7.874242146499454975e-04 1.203302643261849880e-03 1.203116145916283131e-03 2.372504241066053510e-04 -9.999992847442626953e-01
3.384167561307549477e-03 -1.201519742608070374e-03 -9.999935626983642578e-01 -9.999942183494567871e-01 -3.046557540073990822e-04 -3.383804112672805786e-03
3.652625717222690582e-03 -2.084490377455949783e-03 -9.999911785125732422e-01 -9.999932050704956055e-01 -4.645949811674654484e-04 -3.651664825156331062e-03
3.990082535892724991e-03 -1.167076639831066132e-03 -9.999913573265075684e-01 -9.999920725822448730e-01 1.221824641106650233e-04 -3.990228287875652313e-03
9.999980926513671875e-01 -6.566104129888117313e-04 1.855162670835852623e-03 1.855026348493993282e-03 -2.080982230836525559e-04 -9.999982714653015137e-01
9.999935030937194824e-01 3.544572973623871803e-03 6.803987780585885048e-04 6.795611698180437088e-04 2.375162148382514715e-04 -9.999997615814208984e-01
3.702673362568020821e-03 -7.880504708737134933e-04 -9.999928474426269531e-01 -9.999929070472717285e-01 6.727970321662724018e-04 -3.703203983604907990e-03
4.233699757605791092e-03 -4.939363570883870125e-04 -9.999909400939941406e-01 -9.999909996986389160e-01 3.267083084210753441e-04 -4.233861807733774185e-03
9.925732016563415527e-01 -1.216340586543083191e-01 1.908842823468148708e-03 2.124637831002473831e-03 1.644459669478237629e-03 -9.999964237213134766e-01
9.994291067123413086e-01 -3.370337933301925659e-02 2.348734764382243156e-03 2.769202459603548050e-03 1.243428420275449753e-02 -9.999188780784606934e-01
9.999967813491821289e-01 -1.499085687100887299e-03 2.038351260125637054e-03 2.039582934230566025e-03 8.206145139411091805e-04 -9.999976158142089844e-01
9.999982714653015137e-01 -1.121097011491656303e-03 1.507605193182826042e-03 1.508110784925520420e-03 4.502504598349332809e-04 -9.999988079071044922e-01
9.987667202949523926e-01 -4.956038296222686768e-02 2.969698747619986534e-03 3.539266064763069153e-03 1.140859071165323257e-02 -9.999286532402038574e-01
3.980478271842002869e-03 2.114953676937147975e-04 -9.999920725822448730e-01 -9.999920725822448730e-01 -1.042739859258290380e-05 -3.980480600148439407e-03
9.999985098838806152e-01 -9.838255355134606361e-04 1.419859007000923157e-03 1.420758315362036228e-03 9.139734902419149876e-04 -9.999985694885253906e-01
9.999790787696838379e-01 1.923926756717264652e-03 -6.182407960295677185e-03 -6.184990517795085907e-03 1.339648151770234108e-03 -9.999799728393554688e-01
9.999020695686340332e-01 8.750494569540023804e-03 -1.092345733195543289e-02 -1.089875306934118271e-02 -2.865842543542385101e-03 -9.999365210533142090e-01
9.999580383300781250e-01 6.357254926115274429e-03 6.602904759347438812e-03 6.607743911445140839e-03 -7.405556389130651951e-04 -9.999778866767883301e-01
2.691937377676367760e-03 -1.672632526606321335e-03 -9.999949932098388672e-01 -9.999958872795104980e-01 9.740708046592772007e-04 -2.693569287657737732e-03
9.999949932098388672e-01 2.995915478095412254e-03 -1.020671101287007332e-03 -1.016747322864830494e-03 -1.310953637585043907e-03 -9.999986290931701660e-01
9.807458519935607910e-01 -1.951835155487060547e-01 6.394724827259778976e-03 7.297389209270477295e-03 3.905954072251915932e-03 -9.999657869338989258e-01
9.526365995407104492e-01 -3.039949238300323486e-01 8.404009044170379639e-03 9.919307194650173187e-03 3.440681379288434982e-03 -9.999449253082275391e-01
9.999883770942687988e-01 -1.500645070336759090e-03 -4.585079848766326904e-03 -4.585939925163984299e-03 -5.700787878595292568e-04 -9.999893307685852051e-01
1.890299492515623569e-03 8.643625769764184952e-04 -9.999978542327880859e-01 -9.999980926513671875e-01 5.728130927309393883e-04 -1.889804727397859097e-03
9.999866485595703125e-01 -1.931950799189507961e-03 -4.795230925083160400e-03 -4.794477019459009171e-03 3.948922967538237572e-04 -9.999884366989135742e-01
9.999988675117492676e-01 -1.088808523491024971e-03 -1.022930140607059002e-03 -1.021818490698933601e-03 1.020985888317227364e-03 -9.999989867210388184e-01
9.999964237213134766e-01 -1.729841926135122776e-03 -2.059795893728733063e-03 -2.058492274954915047e-03 7.548179128207266331e-04 -9.999976158142089844e-01
9.999849796295166016e-01 -1.295380410738289356e-03 -5.325514823198318481e-03 -5.325508303940296173e-03 8.508280188834760338e-06 -9.999858140945434570e-01
9.996552467346191406e-01 2.518443204462528229e-02 -7.424959447234869003e-03 -7.825166918337345123e-03 1.582991704344749451e-02 -9.998441338539123535e-01
9.998993873596191406e-01 8.552677929401397705e-03 -1.131710037589073181e-02 -1.129476074129343033e-02 -2.655768301337957382e-03 -9.999327063560485840e-01
9.998548626899719238e-01 8.582261390984058380e-03 -1.471923664212226868e-02 -1.468953303992748260e-02 -3.513809526339173317e-03 -9.998859763145446777e-01
9.999540448188781738e-01 9.590762667357921600e-03 1.829071261454373598e-04 2.498268149793148041e-04 -6.976781412959098816e-03 -9.999756813049316406e-01
-9.172075390815734863e-01 3.767461776733398438e-01 1.295867562294006348e-01 5.229674279689788818e-03 3.366169035434722900e-01 -9.416271448135375977e-01
-9.107636809349060059e-01 3.905694186687469482e-01 1.340337693691253662e-01 7.827430963516235352e-03 3.408648073673248291e-01 -9.400797486305236816e-01
9.951419830322265625e-01 -9.450559318065643311e-02 -2.759066224098205566e-02 -2.127196826040744781e-02 6.722734123468399048e-02 -9.975109100341796875e-01
9.836046099662780762e-01 -1.750738620758056641e-01 -4.325609654188156128e-02 -4.497373104095458984e-02 -5.853411275893449783e-03 -9.989710450172424316e-01
9.337543845176696777e-01 3.567825555801391602e-01 -2.844303101301193237e-02 -2.779829688370227814e-02 -6.935794372111558914e-03 -9.995895028114318848e-01
9.721706509590148926e-01 2.342738062143325806e-01 2.462247211951762438e-04 -3.124169306829571724e-03 1.401533000171184540e-02 -9.998968839645385742e-01
3.035398758947849274e-02 1.070513501763343811e-01 -9.937900304794311523e-01 -9.994539618492126465e-01 -9.737634100019931793e-03 -3.157592564821243286e-02
9.682130217552185059e-01 -2.495681047439575195e-01 -1.671394146978855133e-02 -1.397964730858802795e-02 1.272469665855169296e-02 -9.998213052749633789e-01
9.468333721160888672e-01 -3.206318914890289307e-01 -2.648964338004589081e-02 -3.411314636468887329e-02 -1.818165369331836700e-02 -9.992526173591613770e-01
9.487085938453674316e-01 -3.148770034313201904e-01 -2.836498990654945374e-02 -2.033037506043910980e-02 2.877245098352432251e-02 -9.993792772293090820e-01
3.509060293436050415e-02 -5.773966014385223389e-02 -9.977147579193115234e-01 -9.991756081581115723e-01 -2.242192439734935760e-02 -3.384438529610633850e-02
9.691643118858337402e-01 -2.453727424144744873e-01 2.264630049467086792e-02 2.995980530977249146e-02 2.611359953880310059e-02 -9.992099404335021973e-01
-1.289863288402557373e-01 9.911599755287170410e-01 3.105573356151580811e-02 1.099393218755722046e-01 4.541740193963050842e-02 -9.929001331329345703e-01
9.795491695404052734e-01 2.007088661193847656e-01 1.412121765315532684e-02 3.303997218608856201e-02 -9.122508019208908081e-02 -9.952820539474487305e-01
9.832443594932556152e-01 -1.796969771385192871e-01 3.065229393541812897e-02 4.538165405392646790e-02 7.843803614377975464e-02 -9.958855509757995605e-01
-8.071575760841369629e-01 5.600947141647338867e-01 1.865222752094268799e-01 4.466262459754943848e-02 3.729921877384185791e-01 -9.267589449882507324e-01
-5.308953672647476196e-02 -3.646560311317443848e-01 9.296275973320007324e-01 -9.960167407989501953e-01 -4.744909703731536865e-02 -7.549331337213516235e-02
-5.479461327195167542e-02 -3.337538838386535645e-01 9.410663843154907227e-01 -9.984022974967956543e-01 5.290362052619457245e-03 -5.625680834054946899e-02
-6.248950585722923279e-02 -4.006729722023010254e-01 9.140877127647399902e-01 -9.790322184562683105e-01 2.025305926799774170e-01 2.184614911675453186e-02
-5.191270262002944946e-02 -3.763907849788665771e-01 9.250054955482482910e-01 -9.981349110603332520e-01 -1.023855619132518768e-02 -6.018296629190444946e-02
-7.707709670066833496e-01 6.353880763053894043e-01 4.684160649776458740e-02 1.008625850081443787e-01 1.942866593599319458e-01 -9.757455587387084961e-01
-7.881254553794860840e-01 6.137982606887817383e-01 4.593428596854209900e-02 1.282851845026016235e-01 2.367911636829376221e-01 -9.630539417266845703e-01
-8.132685422897338867e-01 5.802366137504577637e-01 4.381520301103591919e-02 1.182927638292312622e-01 2.385867983102798462e-01 -9.638895988464355469e-01
-5.818558484315872192e-02 -3.548449873924255371e-01 9.331128001213073730e-01 -9.949622750282287598e-01 9.704740345478057861e-02 -2.513702400028705597e-02
-8.885312080383300781e-01 4.574611485004425049e-01 3.523672372102737427e-02 1.017031446099281311e-01 2.712625861167907715e-01 -9.571170806884765625e-01
-8.450537919998168945e-01 5.326900482177734375e-01 4.610143229365348816e-02 8.988155424594879150e-02 2.265223562717437744e-01 -9.698500037193298340e-01
5.857600830495357513e-03 -1.857238113880157471e-01 9.825845360755920410e-01 -9.958150386810302734e-01 8.853503316640853882e-02 2.267097495496273041e-02
-9.699842333793640137e-01 -2.415905445814132690e-01 2.765230461955070496e-02 -3.644422441720962524e-02 3.199857473373413086e-02 -9.988232851028442383e-01
9.998629689216613770e-01 1.538826525211334229e-02 6.112271454185247421e-03 5.960656329989433289e-03 9.879302233457565308e-03 -9.999334812164306641e-01
9.989726543426513672e-01 -4.024823009967803955e-02 2.082936652004718781e-02 2.205622382462024689e-02 3.028251416981220245e-02 -9.992980360984802246e-01
2.346034720540046692e-02 -2.766225300729274750e-02 -9.993420243263244629e-01 -9.995005726814270020e-01 2.051980234682559967e-02 -2.403206937015056610e-02
1.957297511398792267e-02 -1.709565985947847366e-03 -9.998070001602172852e-01 -9.998083114624023438e-01 4.894830635748803616e-04 -1.957383751869201660e-02
9.998303651809692383e-01 -5.037450697273015976e-03 1.771786808967590332e-02 1.773103699088096619e-02 2.581418957561254501e-03 -9.998394846916198730e-01
9.439207911491394043e-01 -3.297405242919921875e-01 1.687133871018886566e-02 1.564155519008636475e-02 -6.382424384355545044e-03 -9.998573064804077148e-01
9.883733987808227539e-01 -1.506669670343399048e-01 2.043146453797817230e-02 1.502418611198663712e-02 -3.694046288728713989e-02 -9.992045164108276367e-01
9.487605094909667969e-01 -3.156729638576507568e-01 1.429007295519113541e-02 1.570752449333667755e-02 1.946301199495792389e-03 -9.998747706413269043e-01
9.892917275428771973e-01 -1.439901888370513916e-01 2.384695783257484436e-02 2.555178850889205933e-02 1.000201702117919922e-02 -9.996234774589538574e-01
9.337980151176452637e-01 -3.575154244899749756e-01 1.428071875125169754e-02 2.102667093276977539e-02 1.498874090611934662e-02 -9.996665716171264648e-01
9.987643957138061523e-01 -4.008467867970466614e-02 2.937607467174530029e-02 2.929324470460414886e-02 -2.652259776368737221e-03 -9.995673894882202148e-01
9.925270676612854004e-01 -1.186546534299850464e-01 2.848024852573871613e-02 2.602708898484706879e-02 -2.217363938689231873e-02 -9.994152784347534180e-01
9.958128929138183594e-01 -8.733827620744705200e-02 2.699506282806396484e-02 3.127839043736457825e-02 4.805190861225128174e-02 -9.983550310134887695e-01
2.088166959583759308e-02 1.233737566508352757e-03 -9.997811913490295410e-01 -9.997819066047668457e-01 3.832486399915069342e-04 -2.088121138513088226e-02
9.998416304588317871e-01 2.306455426150932908e-04 1.779479533433914185e-02 1.779474131762981415e-02 2.339423663215711713e-04 -9.998416304588317871e-01
9.998950362205505371e-01 1.735138939693570137e-03 1.438564900308847427e-02 1.438520755618810654e-02 2.663224877323955297e-04 -9.998965263366699219e-01
1.446172222495079041e-02 2.277321415022015572e-03 -9.998928904533386230e-01 -9.998954534530639648e-01 2.052744384855031967e-04 -1.446129195392131805e-02
9.999054074287414551e-01 1.855010050348937511e-03 1.363272592425346375e-02 1.363327167928218842e-02 -2.808014105539768934e-04 -9.999070763587951660e-01
9.995777010917663574e-01 -1.631443016231060028e-02 2.404731698334217072e-02 2.394481562077999115e-02 -6.449290551245212555e-03 -9.996924996376037598e-01
9.998787641525268555e-01 1.492016948759555817e-02 4.457319620996713638e-03 4.289042204618453979e-03 1.129154860973358154e-02 -9.999270439147949219e-01
9.581375122070312500e-01 2.862915098667144775e-01 3.110655816271901131e-03 -2.319905348122119904e-02 8.846055716276168823e-02 -9.958094954490661621e-01
1.856281049549579620e-02 -5.251043010503053665e-03 -9.998139142990112305e-01 -9.998231530189514160e-01 -3.109862329438328743e-03 -1.854665018618106842e-02
9.997962713241577148e-01 1.738560153171420097e-03 2.010955661535263062e-02 2.010822296142578125e-02 7.801232859492301941e-04 -9.997975230216979980e-01
9.997769594192504883e-01 1.307309372350573540e-03 2.108037099242210388e-02 2.107973210513591766e-02 5.019215750508010387e-04 -9.997776746749877930e-01
9.995496273040771484e-01 2.303929068148136139e-02 1.923211850225925446e-02 1.908754371106624603e-02 6.478748284280300140e-03 -9.997968673706054688e-01
2.318830043077468872e-02 -5.853124312125146389e-04 -9.997309446334838867e-01 -9.997311234474182129e-01 2.616004494484513998e-04 -2.318845689296722412e-02
2.383621968328952789e-02 2.116347895935177803e-04 -9.997158646583557129e-01 -9.997159242630004883e-01 5.711757694371044636e-05 -2.383621037006378174e-02
2.452562004327774048e-02 1.587621518410742283e-04 -9.996991753578186035e-01 -9.996991753578186035e-01 1.203216816065832973e-04 -2.452560141682624817e-02
9.997072219848632812e-01 -3.547709202393889427e-04 2.419493906199932098e-02 2.419489249587059021e-02 -1.350006641587242484e-04 -9.997072815895080566e-01
2.165632694959640503e-02 1.236163312569260597e-03 -9.997647404670715332e-01 -9.997649192810058594e-01 -1.024841098114848137e-03 -2.165759913623332977e-02
9.995631575584411621e-01 -1.683215983211994171e-02 2.429266460239887238e-02 2.418714947998523712e-02 -6.444407161325216293e-03 -9.996867179870605469e-01
9.996911287307739258e-01 -4.128853790462017059e-03 2.450802922248840332e-02 2.451474033296108246e-02 1.582416705787181854e-03 -9.996982216835021973e-01
2.469718270003795624e-02 2.304566296515986323e-04 -9.996950030326843262e-01 -9.996950030326843262e-01 8.952205098466947675e-05 -2.469716407358646393e-02
2.529783360660076141e-02 -1.425822149030864239e-03 -9.996789097785949707e-01 -9.996794462203979492e-01 -1.070022466592490673e-03 -2.529632300138473511e-02
2.383713051676750183e-02 3.308826684951782227e-02 -9.991680979728698730e-01 -9.997138977050781250e-01 2.788915066048502922e-03 -2.375779673457145691e-02
1.929145865142345428e-02 3.404911607503890991e-02 -9.992339611053466797e-01 -9.993320107460021973e-01 -3.037041425704956055e-02 -2.032822929322719574e-02
7.921662181615829468e-03 1.250705122947692871e-01 -9.921162724494934082e-01 -9.970972537994384766e-01 -7.414640486240386963e-02 -1.730865240097045898e-02
9.953256845474243164e-01 9.616414457559585571e-02 8.906325325369834900e-03 9.719161316752433777e-03 -7.987483404576778412e-03 -9.999209046363830566e-01
9.794688224792480469e-01 2.013845741748809814e-01 9.226527065038681030e-03 3.904964542016386986e-03 2.680617570877075195e-02 -9.996330142021179199e-01
9.904526472091674805e-01 1.376615166664123535e-01 7.269156165421009064e-03 5.182845052331686020e-03 1.550775859504938126e-02 -9.998663663864135742e-01
9.926691651344299316e-01 1.206514015793800354e-01 7.153820712119340897e-03 2.393760019913315773e-03 3.955189511179924011e-02 -9.992147088050842285e-01
9.752184748649597168e-01 2.211150527000427246e-01 7.562380284070968628e-03 6.897601298987865448e-03 3.778476268053054810e-03 -9.999690651893615723e-01
9.555425643920898438e-01 2.946538627147674561e-01 1.084162387996912003e-02 6.659381557255983353e-03 1.519345119595527649e-02 -9.998624324798583984e-01
1.479393336921930313e-02 -8.792307926341891289e-04 -9.998902082443237305e-01 -9.998905062675476074e-01 -4.134968330617994070e-04 -1.479357387870550156e-02
2.198649756610393524e-02 -1.047643483616411686e-03 -9.997577667236328125e-01 -9.997583031654357910e-01 -1.109013464883901179e-04 -2.198639512062072754e-02
-1.087411493062973022e-02 2.195046693086624146e-01 -9.755508303642272949e-01 -9.940507411956787109e-01 -1.081096082925796509e-01 -1.324497070163488388e-02
9.999152421951293945e-01 8.217650465667247772e-04 1.299813576042652130e-02 1.299819909036159515e-02 -7.092786836437880993e-05 -9.999155402183532715e-01
9.993485808372497559e-01 3.458784148097038269e-02 1.030774228274822235e-02 1.032504439353942871e-02 -3.216433105990290642e-04 -9.999466538429260254e-01
9.992242455482482910e-01 3.821103274822235107e-02 9.535627439618110657e-03 9.377294220030307770e-03 4.320762585848569870e-03 -9.999467134475708008e-01
9.209727868437767029e-03 -2.560129761695861816e-02 -9.996298551559448242e-01 -9.999060034751892090e-01 -1.039075478911399841e-02 -8.946156129240989685e-03
9.943298697471618652e-01 1.048365458846092224e-01 1.781672798097133636e-02 1.861435361206531525e-02 -6.634693592786788940e-03 -9.998047351837158203e-01
2.442125789821147919e-02 -5.109137273393571377e-04 -9.997016787528991699e-01 -9.997017383575439453e-01 3.635281464084982872e-04 -2.442144416272640228e-02
9.996358156204223633e-01 2.061975747346878052e-02 1.741164363920688629e-02 1.738467253744602203e-02 1.486577093601226807e-03 -9.998478293418884277e-01
9.668626189231872559e-01 2.548454105854034424e-01 1.518383994698524475e-02 1.516592781990766525e-02 2.035326557233929634e-03 -9.998829364776611328e-01
9.953293800354003906e-01 9.531433135271072388e-02 1.532111875712871552e-02 1.411813963204622269e-02 1.328282244503498077e-02 -9.998121261596679688e-01
9.401344060897827148e-01 -3.403906226158142090e-01 1.678100973367691040e-02 -6.620779633522033691e-03 -6.747195869684219360e-02 -9.976992011070251465e-01
9.650490880012512207e-01 -2.612131834030151367e-01 2.116635069251060486e-02 3.635680302977561951e-02 5.345835164189338684e-02 -9.979080557823181152e-01
9.030835032463073730e-01 -4.292159080505371094e-01 1.462150644510984421e-02 1.257783919572830200e-02 -7.597785443067550659e-03 -9.998920559883117676e-01
9.118739366531372070e-01 -4.102273285388946533e-01 1.412588637322187424e-02 2.554204501211643219e-02 2.236169949173927307e-02 -9.994236230850219727e-01
8.980530500411987305e-01 -4.395669698715209961e-01 1.678256317973136902e-02 2.449235133826732635e-02 1.187324430793523788e-02 -9.996295571327209473e-01
9.800080657005310059e-01 -1.969855129718780518e-01 2.794542722404003143e-02 3.253620490431785583e-02 2.010685577988624573e-02 -9.992682933807373047e-01
2.786344289779663086e-02 3.885514102876186371e-03 -9.996042251586914062e-01 -9.996060729026794434e-01 3.484262851998209953e-03 -2.784994803369045258e-02
2.706428244709968567e-02 2.239565365016460419e-03 -9.996312260627746582e-01 -9.996337294578552246e-01 1.367632794426754117e-04 -2.706404402852058411e-02
9.995040297508239746e-01 -1.565948128700256348e-02 2.732427977025508881e-02 2.724689617753028870e-02 -5.133922677487134933e-03 -9.996156096458435059e-01
9.992262125015258789e-01 -2.681436389684677124e-02 2.877754159271717072e-02 2.845080383121967316e-02 -1.248812209814786911e-02 -9.995172023773193359e-01
2.801763452589511871e-02 -2.598721534013748169e-03 -9.996041059494018555e-01 -9.996068477630615234e-01 1.031019957736134529e-03 -2.802039310336112976e-02
9.996146559715270996e-01 -4.336918238550424576e-03 2.741790376603603363e-02 2.741117216646671295e-02 -1.604071352630853653e-03 -9.996230006217956543e-01
-9.364966750144958496e-01 3.318914175033569336e-01 1.132348850369453430e-01 1.106028258800506592e-02 3.506980836391448975e-01 -9.364232420921325684e-01
9.149733781814575195e-01 -4.030783176422119141e-01 -1.875117607414722443e-02 5.564857274293899536e-03 5.907000601291656494e-02 -9.982383847236633301e-01
9.672768115997314453e-01 -2.537164390087127686e-01 1.903841039165854454e-03 2.710291650146245956e-03 2.829047385603189468e-03 -9.999923706054687500e-01
2.996231988072395325e-02 1.109406203031539917e-01 -9.933753013610839844e-01 -9.994165897369384766e-01 -1.297676004469394684e-02 -3.159378841519355774e-02
9.830067306756973267e-02 -3.266199231147766113e-01 -9.400299787521362305e-01 -9.764665365219116211e-01 -2.138697355985641479e-01 -2.780039794743061066e-02
9.608859419822692871e-01 -2.768780887126922607e-01 -6.057687569409608841e-03 5.557685159146785736e-03 4.114722833037376404e-02 -9.991376996040344238e-01
-5.426431894302368164e-01 8.276529312133789062e-01 1.432797163724899292e-01 5.686506628990173340e-03 1.741944402456283569e-01 -9.846948385238647461e-01
-5.964171290397644043e-01 7.881892919540405273e-01 1.518036872148513794e-01 -3.427116945385932922e-02 1.639446318149566650e-01 -9.858740568161010742e-01
-2.960373759269714355e-01 9.526259303092956543e-01 6.975533068180084229e-02 -1.432886719703674316e-02 6.859143823385238647e-02 -9.975419640541076660e-01
-4.281278550624847412e-01 8.969324827194213867e-01 1.105379164218902588e-01 2.759067714214324951e-02 1.352302432060241699e-01 -9.904299378395080566e-01
-3.269704878330230713e-01 9.414379596710205078e-01 8.237084746360778809e-02 4.391670972108840942e-02 1.022043824195861816e-01 -9.937935471534729004e-01
-3.192989528179168701e-01 9.455132484436035156e-01 6.366254389286041260e-02 -1.593764722347259521e-01 1.264382153749465942e-02 -9.871369004249572754e-01
-1.758828759193420410e-01 9.834465980529785156e-01 4.356711730360984802e-02 2.309373766183853149e-02 4.836692288517951965e-02 -9.985626339912414551e-01
-4.229543507099151611e-01 9.004625678062438965e-01 1.013744994997978210e-01 2.287483215332031250e-02 1.224481016397476196e-01 -9.922112822532653809e-01
-7.409907132387161255e-02 9.968898296356201172e-01 2.683329023420810699e-02 1.699640974402427673e-02 2.816578373312950134e-02 -9.994587302207946777e-01
-1.009112745523452759e-01 9.944067597389221191e-01 3.117999620735645294e-02 -5.761295929551124573e-02 2.544661983847618103e-02 -9.980146288871765137e-01
-1.992510259151458740e-01 9.787355065345764160e-01 4.874349385499954224e-02 5.244138836860656738e-02 6.031920760869979858e-02 -9.968006610870361328e-01
9.845967888832092285e-01 -1.696639358997344971e-01 -4.222916066646575928e-02 -4.336414486169815063e-02 -2.988009247928857803e-03 -9.990549087524414062e-01
9.491541981697082520e-01 3.130675554275512695e-01 -3.309131041169166565e-02 -2.906722575426101685e-02 -1.751370541751384735e-02 -9.994240403175354004e-01
9.948300719261169434e-01 -9.384150058031082153e-02 -3.882041946053504944e-02 -3.457108139991760254e-02 4.649181291460990906e-02 -9.983203411102294922e-01
8.777805566787719727e-01 -4.776057302951812744e-01 -3.733817860484123230e-02 -1.866703666746616364e-02 4.378150776028633118e-02 -9.988667368888854980e-01
5.777446627616882324e-01 -8.152607679367065430e-01 -3.950889036059379578e-02 -5.902070552110671997e-02 6.550379097461700439e-03 -9.982352852821350098e-01
5.889966487884521484e-01 -8.071708083152770996e-01 -3.947482630610466003e-02 -5.224052071571350098e-02 1.071541476994752884e-02 -9.985770583152770996e-01
9.880782961845397949e-01 1.455265283584594727e-01 -5.023333802819252014e-02 -5.060807988047599792e-02 -1.128282863646745682e-03 -9.987179636955261230e-01
9.612837433815002441e-01 2.691995799541473389e-01 -5.886550620198249817e-02 -8.645372837781906128e-02 9.179409593343734741e-02 -9.920179843902587891e-01
9.920707345008850098e-01 1.134849861264228821e-01 -5.400757491588592529e-02 -5.887557938694953918e-02 3.998881950974464417e-02 -9.974640607833862305e-01
-9.929309487342834473e-01 1.183679923415184021e-01 -8.785627782344818115e-03 1.094243302941322327e-02 1.758359745144844055e-02 -9.997855424880981445e-01
-8.855253458023071289e-01 4.618938565254211426e-01 -4.998975992202758789e-02 6.352941691875457764e-02 1.379732415080070496e-02 -9.978845715522766113e-01
-8.550919890403747559e-01 5.161011219024658203e-01 -4.957180097699165344e-02 7.668040692806243896e-02 3.132595866918563843e-02 -9.965634942054748535e-01
-8.927404880523681641e-01 4.481458067893981934e-01 -4.668867588043212891e-02 4.415372386574745178e-02 -1.610918715596199036e-02 -9.988948702812194824e-01
-6.240102052688598633e-01 7.804875969886779785e-01 -3.808470815420150757e-02 2.278404086828231812e-01 1.351084262132644653e-01 -9.642792940139770508e-01
-7.202478051185607910e-01 6.920725703239440918e-01 -4.773605987429618835e-02 8.017327636480331421e-02 1.469122618436813354e-02 -9.966726899147033691e-01
-9.290454387664794922e-01 3.686754703521728516e-01 -3.087043575942516327e-02 6.028033420443534851e-02 6.851978600025177002e-02 -9.958269596099853516e-01
-9.328345060348510742e-01 3.592095971107482910e-01 -2.807676792144775391e-02 2.391007728874683380e-02 -1.603794656693935394e-02 -9.995855093002319336e-01
-6.027141809463500977e-01 7.967970371246337891e-01 -4.301322251558303833e-02 7.988648116588592529e-02 6.618890911340713501e-03 -9.967820048332214355e-01
-8.808710575103759766e-01 4.717399775981903076e-01 -3.908528015017509460e-02 -3.403436392545700073e-03 -8.888023346662521362e-02 -9.960365295410156250e-01
-9.751988649368286133e-01 2.210583686828613281e-01 -1.097329240292310715e-02 1.621752604842185974e-02 2.192226611077785492e-02 -9.996281266212463379e-01
-9.774543046951293945e-01 2.106533050537109375e-01 -1.443314738571643829e-02 1.415172405540943146e-02 -2.843435388058423996e-03 -9.998958110809326172e-01
-9.318181872367858887e-01 3.617804646492004395e-01 -2.880701981484889984e-02 2.223080396652221680e-02 -2.232748456299304962e-02 -9.995035529136657715e-01
-9.764758348464965820e-01 2.153816074132919312e-01 -1.028265245258808136e-02 1.158283837139606476e-02 4.775317385792732239e-03 -9.999215006828308105e-01
-9.940706491470336914e-01 1.087125837802886963e-01 -2.263945061713457108e-03 7.871340960264205933e-03 5.117863416671752930e-02 -9.986585378646850586e-01
-9.815474152565002441e-01 1.907415091991424561e-01 -1.350442878901958466e-02 9.225944988429546356e-03 -2.330108545720577240e-02 -9.996859431266784668e-01
-9.918230175971984863e-01 1.275681853294372559e-01 -3.670958103612065315e-03 3.754825098440051079e-03 4.169548628851771355e-04 -9.999929070472717285e-01
-9.909696578979492188e-01 1.340039968490600586e-01 -4.711064510047435760e-03 2.844180446118116379e-03 -1.411957480013370514e-02 -9.998962879180908203e-01
-9.907831549644470215e-01 1.352673619985580444e-01 -7.174775004386901855e-03 1.418733410537242889e-02 5.094975233078002930e-02 -9.986004829406738281e-01
-8.661598563194274902e-01 4.971720874309539795e-01 -5.086303502321243286e-02 6.327430158853530884e-02 8.138487115502357483e-03 -9.979630112648010254e-01
-2.538786530494689941e-01 9.671268463134765625e-01 -1.453646551817655563e-02 9.758104383945465088e-02 1.065783761441707611e-02 -9.951705336570739746e-01
-3.217800557613372803e-01 9.467018246650695801e-01 -1.460637431591749191e-02 3.749738633632659912e-02 -2.672581933438777924e-03 -9.992931485176086426e-01
-4.750743210315704346e-01 8.796144723892211914e-01 -2.414131164550781250e-02 7.762276381254196167e-02 1.456396095454692841e-02 -9.968764781951904297e-01
-6.343672424554824829e-02 9.979839324951171875e-01 1.979668159037828445e-03 2.366473712027072906e-02 3.487345529720187187e-03 -9.997138977050781250e-01
-9.960557818412780762e-01 8.856154233217239380e-02 -5.455171689391136169e-03 5.900499410927295685e-03 4.767440259456634521e-03 -9.999712705612182617e-01
9.309791326522827148e-01 3.628479540348052979e-01 4.023967683315277100e-02 3.528301790356636047e-02 2.028009295463562012e-02 -9.991715550422668457e-01
9.470026493072509766e-01 3.196736276149749756e-01 3.154059499502182007e-02 1.972285658121109009e-02 4.013918712735176086e-02 -9.989994168281555176e-01
8.050630688667297363e-01 5.919191241264343262e-01 3.879658132791519165e-02 3.562247008085250854e-02 1.704284362494945526e-02 -9.992200136184692383e-01
9.620238542556762695e-01 2.713795006275177002e-01 2.938252501189708710e-02 3.178753703832626343e-02 -4.469716921448707581e-03 -9.994847178459167480e-01
9.301002025604248047e-01 -3.672952950000762939e-01 2.805632073432207108e-03 6.933297030627727509e-03 9.919086471199989319e-03 -9.999268054962158203e-01
9.485055804252624512e-01 -3.166987597942352295e-01 6.250898353755474091e-03 -2.900310093536973000e-03 -2.841598726809024811e-02 -9.995920062065124512e-01
9.086601138114929199e-01 -4.175323247909545898e-01 -1.854175701737403870e-03 -1.290653645992279053e-02 -2.364883013069629669e-02 -9.996370077133178711e-01
9.961467981338500977e-01 -8.757358789443969727e-02 4.732002969831228256e-03 -1.594209228642284870e-03 -7.202824950218200684e-02 -9.974013566970825195e-01
9.392524957656860352e-01 -3.432195484638214111e-01 -2.246980555355548859e-03 3.154917387291789055e-03 1.517971418797969818e-02 -9.998798370361328125e-01
9.412748217582702637e-01 -3.376415073871612549e-01 1.465384266339242458e-04 6.611849647015333176e-03 1.799854822456836700e-02 -9.998161792755126953e-01
9.218222498893737793e-01 -3.876127898693084717e-01 -3.832272195722907782e-04 8.424283936619758606e-03 2.102309837937355042e-02 -9.997435212135314941e-01
8.153154253959655762e-01 5.775676965713500977e-01 4.094431921839714050e-02 6.070261076092720032e-02 -1.493770256638526917e-02 -9.980441331863403320e-01
6.232346296310424805e-01 7.811863422393798828e-01 3.642228618264198303e-02 5.693430453538894653e-02 1.126186922192573547e-03 -9.983773231506347656e-01
8.253790736198425293e-01 5.634359121322631836e-01 3.590849041938781738e-02 2.647078037261962891e-02 2.491202577948570251e-02 -9.993391633033752441e-01
9.076268076896667480e-01 4.187230467796325684e-01 2.974327281117439270e-02 1.944000087678432465e-02 2.885200828313827515e-02 -9.993946552276611328e-01
8.728125095367431641e-01 -4.879834055900573730e-01 -8.396118879318237305e-03 1.425246298313140869e-01 2.712989747524261475e-01 -9.518842697143554688e-01
9.149292707443237305e-01 -4.035760462284088135e-01 5.549087654799222946e-03 -6.234559230506420135e-03 -2.787827700376510620e-02 -9.995918869972229004e-01
9.869936704635620117e-01 -1.602680683135986328e-01 1.255472097545862198e-02 1.268436107784509659e-02 -2.141979057341814041e-04 -9.999195337295532227e-01
9.903955459594726562e-01 -1.376468539237976074e-01 1.304091699421405792e-02 2.044081874191761017e-02 5.248414725065231323e-02 -9.984125494956970215e-01
8.911753296852111816e-01 -4.536587297916412354e-01 -5.328576662577688694e-04 1.062129903584718704e-02 2.203889936208724976e-02 -9.997006654739379883e-01
4.924844801425933838e-01 8.697865009307861328e-01 3.050443716347217560e-02 4.881729930639266968e-02 7.387414574623107910e-03 -9.987804293632507324e-01
6.290235519409179688e-01 7.766650319099426270e-01 3.347793594002723694e-02 2.212623879313468933e-02 2.516041137278079987e-02 -9.994385838508605957e-01
9.819715023040771484e-01 1.875203996896743774e-01 2.383422851562500000e-02 2.072515897452831268e-02 1.852334290742874146e-02 -9.996135830879211426e-01
6.034538149833679199e-01 7.967870235443115234e-01 3.120966814458370209e-02 4.004645720124244690e-02 8.806912228465080261e-03 -9.991590380668640137e-01
7.904293537139892578e-01 6.117321252822875977e-01 3.170697391033172607e-02 5.620879679918289185e-02 -2.089012973010540009e-02 -9.982004761695861816e-01
9.809016585350036621e-01 1.933929324150085449e-01 2.076399140059947968e-02 1.524244900792837143e-02 2.999536506831645966e-02 -9.994338154792785645e-01
9.534252882003784180e-01 -3.014963269233703613e-01 8.959019556641578674e-03 1.001609861850738525e-02 1.960387220606207848e-03 -9.999479651451110840e-01
9.086963534355163574e-01 -4.174271821975708008e-01 5.055780988186597824e-03 1.513747405260801315e-02 2.084498852491378784e-02 -9.996681213378906250e-01
9.105642437934875488e-01 -4.133372902870178223e-01 5.010607652366161346e-03 -2.672016620635986328e-03 -1.800665073096752167e-02 -9.998342990875244141e-01
9.618222117424011230e-01 -2.735651135444641113e-01 7.754959631711244583e-03 1.715453341603279114e-02 3.198419883847236633e-02 -9.993411898612976074e-01
2.010619640350341797e-02 2.768934965133666992e-01 -9.606902599334716797e-01 -9.997662901878356934e-01 1.320404931902885437e-02 -1.711829751729965210e-02
9.671365618705749512e-01 2.536247968673706055e-01 1.792725361883640289e-02 2.174379304051399231e-02 -1.225253660231828690e-02 -9.996885061264038086e-01
9.762172102928161621e-01 2.161125391721725464e-01 -1.718291081488132477e-02 -2.005240879952907562e-02 1.109194662421941757e-02 -9.997374415397644043e-01
9.728436470031738281e-01 2.312914431095123291e-01 -8.918134495615959167e-03 -8.724955841898918152e-03 -1.858093077316880226e-03 -9.999602437019348145e-01
7.872525453567504883e-01 6.154106259346008301e-01 3.877149149775505066e-02 1.477875858545303345e-01 -1.272633075714111328e-01 -9.807970523834228516e-01
8.707477152347564697e-02 9.960160851478576660e-01 1.923549175262451172e-02 7.173921912908554077e-02 1.298937387764453888e-02 -9.973388314247131348e-01
9.455801844596862793e-01 3.242999315261840820e-01 -2.660261467099189758e-02 -3.371578454971313477e-02 1.633376441895961761e-02 -9.992979764938354492e-01
9.650331735610961914e-01 2.595579326152801514e-01 -3.661515936255455017e-02 -6.994585692882537842e-02 1.203640550374984741e-01 -9.902626276016235352e-01
6.039630770683288574e-01 7.969040870666503906e-01 -1.313832402229309082e-02 6.566308438777923584e-04 -1.698197796940803528e-02 -9.998556375503540039e-01
6.936493515968322754e-01 7.198939919471740723e-01 2.456117980182170868e-02 5.910125747323036194e-02 -2.289747260510921478e-02 -9.979893565177917480e-01
-1.301982253789901733e-01 -8.705311417579650879e-01 -4.745776951313018799e-01 -9.525213837623596191e-01 2.426922917366027832e-01 -1.838573515415191650e-01
-9.941295981407165527e-01 1.075942665338516235e-01 -1.139569468796253204e-02 1.042253803461790085e-02 -9.602718055248260498e-03 -9.998996257781982422e-01
-9.999880790710449219e-01 4.057672340422868729e-03 -2.730842912569642067e-03 2.727951388806104660e-03 -7.179561071097850800e-04 -9.999960064888000488e-01
-9.999940395355224609e-01 2.217222703620791435e-03 -2.658206969499588013e-03 2.658056793734431267e-03 -7.064946839818730950e-05 -9.999964833259582520e-01
-9.999966621398925781e-01 2.150865970179438591e-03 -1.421271241270005703e-03 1.420465996488928795e-03 -3.758958773687481880e-04 -9.999989271163940430e-01
-7.344962097704410553e-03 -9.853178635239601135e-04 9.999725818634033203e-01 -9.999729990959167480e-01 -2.951341448351740837e-04 -7.345255929976701736e-03
-9.999971985816955566e-01 3.530861285980790854e-04 -2.343059983104467392e-03 2.342947525903582573e-03 -3.184160741511732340e-04 -9.999971985816955566e-01
-9.999973177909851074e-01 -1.174065633676946163e-03 -2.020621439442038536e-03 2.021620515733957291e-03 -8.503999561071395874e-04 -9.999976158142089844e-01
-9.999926090240478516e-01 3.689820645377039909e-03 -1.100441673770546913e-03 1.112704281695187092e-03 3.322973148897290230e-03 -9.999938607215881348e-01
-7.949921302497386932e-03 1.080587855540215969e-03 9.999678134918212891e-01 -9.999683499336242676e-01 -4.491804866120219231e-04 -7.949439808726310730e-03
-9.999909996986389160e-01 -3.646371653303503990e-03 -2.169988118112087250e-03 2.163209253922104836e-03 1.861968194134533405e-03 -9.999959468841552734e-01
-9.999930858612060547e-01 -3.615433117374777794e-03 -9.314258350059390068e-04 9.395417291671037674e-04 -2.243742812424898148e-03 -9.999970793724060059e-01
-9.999970197677612305e-01 -8.170810178853571415e-04 -2.323486143723130226e-03 2.323167631402611732e-03 3.907985228579491377e-04 -9.999972581863403320e-01
-8.691417053341865540e-03 -2.138823969289660454e-03 9.999599456787109375e-01 -9.999617934226989746e-01 9.849519701674580574e-04 -8.689327165484428406e-03
-9.999983310699462891e-01 -7.311938679777085781e-04 -1.687685493379831314e-03 1.688154065050184727e-03 -6.406276952475309372e-04 -9.999983906745910645e-01
-9.999972581863403320e-01 -1.270630629733204842e-03 -1.989678014069795609e-03 1.990454038605093956e-03 -6.097662262618541718e-04 -9.999978542327880859e-01
-9.999960064888000488e-01 -2.721518976613879204e-03 -7.663174183107912540e-04 7.670785998925566673e-04 -2.786657132674008608e-04 -9.999997019767761230e-01
-9.999807476997375488e-01 -6.178658921271562576e-03 -5.943591822870075703e-04 6.056316196918487549e-04 -1.822704216465353966e-03 -9.999981522560119629e-01
-9.999964833259582520e-01 -2.605513902381062508e-03 -4.884962690994143486e-04 4.945610999129712582e-04 -2.327571390196681023e-03 -9.999971985816955566e-01
-9.999033212661743164e-01 1.331614144146442413e-02 -4.016377963125705719e-03 4.071787931025028229e-03 4.136565607041120529e-03 -9.999831914901733398e-01
-9.999917745590209961e-01 2.479255897924304008e-03 -3.219508100301027298e-03 3.218216821551322937e-03 -5.246788496151566505e-04 -9.999946951866149902e-01
-9.996334314346313477e-01 2.657878771424293518e-02 -5.163108464330434799e-03 5.228304304182529449e-03 2.384035382419824600e-03 -9.999834895133972168e-01
-9.992640614509582520e-01 3.792902827262878418e-02 -5.720316432416439056e-03 5.777759011834859848e-03 1.405039685778319836e-03 -9.999823570251464844e-01
-9.995806217193603516e-01 2.844657562673091888e-02 -5.424321163445711136e-03 5.375660490244626999e-03 -1.786776469089090824e-03 -9.999839663505554199e-01
-9.999687075614929199e-01 6.635388825088739395e-03 -4.312580451369285583e-03 4.300873260945081711e-03 -1.777595723979175091e-03 -9.999892115592956543e-01
-9.998406171798706055e-01 1.725576072931289673e-02 -4.596154205501079559e-03 4.638237878680229187e-03 2.399574965238571167e-03 -9.999864101409912109e-01
-9.999918341636657715e-01 2.250227145850658417e-03 -3.369508311152458191e-03 3.367437748238444328e-03 -9.233760647475719452e-04 -9.999939203262329102e-01
-9.270004928112030029e-03 -8.213845081627368927e-03 9.999232888221740723e-01 -9.999563097953796387e-01 -1.143097993917763233e-03 -9.279699996113777161e-03
-9.073057211935520172e-03 -1.318526221439242363e-03 9.999579787254333496e-01 -9.999582171440124512e-01 1.119026681408286095e-03 -9.071582928299903870e-03
-9.999936819076538086e-01 2.177281538024544716e-03 -2.811157843098044395e-03 2.806853270158171654e-03 -1.977541716769337654e-03 -9.999941587448120117e-01
-8.438761346042156219e-03 9.066766360774636269e-04 9.999639987945556641e-01 -9.999642372131347656e-01 5.731128621846437454e-04 -8.439282886683940887e-03
-9.999998211860656738e-01 3.014877438545227051e-04 5.483427084982395172e-04 -5.483265267685055733e-04 5.367311314330436289e-05 -9.999998807907104492e-01
-9.352819994091987610e-03 2.389199798926711082e-03 9.999533891677856445e-01 -9.999549388885498047e-01 1.620618742890655994e-03 -9.356706403195858002e-03
-8.610860444605350494e-03 7.031033164821565151e-04 9.999626874923706055e-01 -9.999628067016601562e-01 -4.774651897605508566e-04 -8.610526099801063538e-03
-9.991908073425292969e-01 3.978762030601501465e-02 -5.889546126127243042e-03 5.890240427106618881e-03 -9.976340516004711390e-05 -9.999826550483703613e-01
-9.998155236244201660e-01 1.859421841800212860e-02 -4.808651283383369446e-03 4.814794752746820450e-03 2.856311330106109381e-04 -9.999883770942687988e-01
-9.998368620872497559e-01 1.739542931318283081e-02 -4.874140955507755280e-03 4.890877753496170044e-03 9.197261533699929714e-04 -9.999876618385314941e-01
-9.998019933700561523e-01 1.952728815376758575e-02 -3.828893182799220085e-03 3.620761679485440254e-03 -1.068272441625595093e-02 -9.999364018440246582e-01
-9.999787211418151855e-01 4.670164547860622406e-03 -4.556558094918727875e-03 4.558038897812366486e-03 3.064845805056393147e-04 -9.999895691871643066e-01
-9.999881386756896973e-01 -4.822940565645694733e-03 -7.404055213555693626e-04 7.473202422261238098e-04 -1.432075514458119869e-03 -9.999987483024597168e-01
-9.998441338539123535e-01 -1.765508763492107391e-02 -2.750107378233224154e-04 3.015778493136167526e-04 -1.502139144577085972e-03 -9.999988079071044922e-01
-9.996933937072753906e-01 -2.424324117600917816e-02 -5.033700261265039444e-03 5.147466901689767838e-03 -4.632610827684402466e-03 -9.999760389328002930e-01
-9.999400973320007324e-01 -9.951774030923843384e-03 -4.557529930025339127e-03 4.579784814268350601e-03 -2.214663429185748100e-03 -9.999870657920837402e-01
-9.996829628944396973e-01 -2.441794425249099731e-02 -6.145519204437732697e-03 6.185306236147880554e-03 -1.554228016175329685e-03 -9.999796748161315918e-01
9.987134933471679688e-01 4.986060038208961487e-02 -9.236685931682586670e-03 -1.008562557399272919e-02 1.680161058902740479e-02 -9.998080134391784668e-01
-1.942131370306015015e-01 9.809588193893432617e-01 1.045564073137938976e-03 -6.592490524053573608e-02 -1.198854576796293259e-02 -9.977526068687438965e-01
2.934041321277618408e-01 -9.556703567504882812e-01 -2.466149441897869110e-02 3.521313518285751343e-02 3.658307716250419617e-02 -9.987100362777709961e-01
9.622378349304199219e-01 2.719712853431701660e-01 1.140488125383853912e-02 1.482139527797698975e-02 -1.051106490194797516e-02 -9.998349547386169434e-01
9.613457322120666504e-01 2.747145593166351318e-01 1.861090771853923798e-02 1.779362559318542480e-02 5.466983187943696976e-03 -9.998267292976379395e-01
-8.518821001052856445e-02 -9.960052371025085449e-01 -2.676856331527233124e-02 -2.912338823080062866e-02 2.934386581182479858e-02 -9.991450309753417969e-01
-3.722217082977294922e-01 -9.253564476966857910e-01 -7.187829166650772095e-02 -1.843334734439849854e-02 8.479804545640945435e-02 -9.962276220321655273e-01
-2.006764113903045654e-01 -9.789286255836486816e-01 -3.778567910194396973e-02 8.080333471298217773e-03 3.691500797867774963e-02 -9.992857575416564941e-01
-4.369537532329559326e-01 -8.971339464187622070e-01 -6.497769802808761597e-02 -1.206621602177619934e-01 1.300483793020248413e-01 -9.841382503509521484e-01
-5.993504449725151062e-02 -9.978414177894592285e-01 -2.683810703456401825e-02 1.628075540065765381e-02 2.590567246079444885e-02 -9.995318055152893066e-01
-1.565781980752944946e-01 -9.871549606323242188e-01 -3.175485134124755859e-02 2.666207775473594666e-02 2.791505306959152222e-02 -9.992547035217285156e-01
-1.113517284393310547e-01 -9.932949542999267578e-01 -3.107981570065021515e-02 -6.942041218280792236e-03 3.205100819468498230e-02 -9.994621276855468750e-01
8.807405829429626465e-02 -9.959508776664733887e-01 -1.802608743309974670e-02 1.914866268634796143e-02 1.978586986660957336e-02 -9.996208548545837402e-01
9.919578433036804199e-01 -1.265591382980346680e-01 1.579831936396658421e-03 1.303954515606164932e-03 -2.262647263705730438e-03 -9.999966025352478027e-01
9.573265314102172852e-01 -2.890016138553619385e-01 -2.008718904107809067e-03 5.403685849159955978e-03 2.484817244112491608e-02 -9.996766448020935059e-01
9.993245005607604980e-01 -3.643861040472984314e-02 -4.777529742568731308e-03 -4.881684668362140656e-03 -2.769927261397242546e-03 -9.999842643737792969e-01
9.999640583992004395e-01 -5.979670211672782898e-03 -6.024447269737720490e-03 -6.026417482644319534e-03 -3.115258878096938133e-04 -9.999818205833435059e-01
9.998816251754760742e-01 -1.267767976969480515e-02 -8.720032870769500732e-03 -8.747420273721218109e-03 -2.106418367475271225e-03 -9.999595284461975098e-01
9.984560012817382812e-01 5.384185537695884705e-02 1.366459764540195465e-02 1.330148335546255112e-02 7.096684072166681290e-03 -9.998863935470581055e-01
-6.711986847221851349e-03 1.311228377744555473e-03 -9.999766349792480469e-01 -9.999773502349853516e-01 -5.316106835380196571e-04 6.711294874548912048e-03
-7.012063637375831604e-03 1.328354468569159508e-03 -9.999745488166809082e-01 -9.999753236770629883e-01 -5.204554181545972824e-04 7.011377718299627304e-03
-5.091321654617786407e-03 4.386081360280513763e-03 -9.999774694442749023e-01 -9.999870061874389648e-01 -4.633239586837589741e-04 5.089337937533855438e-03
9.999589323997497559e-01 1.567397150211036205e-03 -8.932190947234630585e-03 -8.933854289352893829e-03 1.057390589267015457e-03 -9.999595880508422852e-01
-4.753262735903263092e-03 1.961335772648453712e-03 -9.999867677688598633e-01 -9.999885559082031250e-01 6.172634894028306007e-04 4.754482302814722061e-03
9.999989271163940430e-01 -1.481123967096209526e-03 1.352994149783626199e-04 1.343658514088019729e-04 -6.303957197815179825e-04 -9.999998211860656738e-01
-7.208235096186399460e-03 1.877197995781898499e-03 -9.999722838401794434e-01 -9.999738931655883789e-01 5.337784532457590103e-04 7.209248840808868408e-03
9.999453425407409668e-01 5.523720756173133850e-04 -1.044416986405849457e-02 -1.044390909373760223e-02 -4.741284355986863375e-04 -9.999453425407409668e-01
-6.800456321798264980e-04 1.572624663822352886e-03 -9.999985694885253906e-01 -9.999989271163940430e-01 1.324043609201908112e-03 6.821281276643276215e-04
2.451746724545955658e-03 3.012161934748291969e-03 -9.999924898147583008e-01 -9.999933838844299316e-01 -2.684787614271044731e-03 -2.459835959598422050e-03
9.987213015556335449e-01 -4.979695379734039307e-02 -8.726191706955432892e-03 -8.916406892240047455e-03 -3.598911687731742859e-03 -9.999538064002990723e-01
9.584827423095703125e-01 -2.851428091526031494e-01 -2.119849435985088348e-03 -1.674513891339302063e-02 -4.886290058493614197e-02 -9.986651539802551270e-01
9.620282053947448730e-01 -2.729474306106567383e-01 -1.215848838910460472e-03 -1.178393373265862465e-03 3.011581429746001959e-04 -9.999992847442626953e-01
-5.589254666119813919e-03 -1.872544758953154087e-03 -9.999826550483703613e-01 -9.999838471412658691e-01 1.032853149808943272e-03 5.587327294051647186e-03
9.999825358390808105e-01 -9.396592213306576014e-05 5.911143496632575989e-03 5.911140702664852142e-03 -3.018562347278930247e-05 -9.999825358390808105e-01
1.048357132822275162e-02 1.689963042736053467e-03 -9.999436140060424805e-01 -9.999448060989379883e-01 7.592529873363673687e-04 -1.048230007290840149e-02
9.983606338500976562e-01 5.466406419873237610e-02 1.696942560374736786e-02 1.717405579984188080e-02 -3.275821451097726822e-03 -9.998471736907958984e-01
-3.092162311077117920e-02 -2.368115335702896118e-01 -9.710634350776672363e-01 -9.946647286415100098e-01 -8.837030827999114990e-02 5.322387069463729858e-02
9.999923706054687500e-01 -1.229136716574430466e-03 3.726431401446461678e-03 3.727570874616503716e-03 9.257912170141935349e-04 -9.999926686286926270e-01
-5.317977629601955414e-04 7.942050579003989697e-04 -9.999995827674865723e-01 -9.999997615814208984e-01 4.806387296412140131e-04 5.321796052157878876e-04
7.705818279646337032e-04 -2.379802055656909943e-03 -9.999969005584716797e-01 -9.999997019767761230e-01 1.299775321967899799e-04 -7.708933553658425808e-04
-6.160052726045250893e-04 2.746044658124446869e-03 -9.999960660934448242e-01 -9.999994635581970215e-01 -8.381393272429704666e-04 6.137058371677994728e-04
9.742507338523864746e-01 -2.254672497510910034e-01 -2.919316466432064772e-04 -1.178722013719379902e-03 -3.798517398536205292e-03 -9.999921321868896484e-01
9.523105025291442871e-01 3.043173849582672119e-01 -2.226341329514980316e-02 -1.858660206198692322e-02 -1.497402135282754898e-02 -9.997151494026184082e-01
9.630873203277587891e-01 -2.691892981529235840e-01 8.929991963668726385e-06 1.022986229509115219e-02 3.656656667590141296e-02 -9.992788434028625488e-01
9.310827851295471191e-01 -3.647727668285369873e-01 5.066941026598215103e-03 -2.201111614704132080e-02 -7.003660500049591064e-02 -9.973015785217285156e-01
9.524518847465515137e-01 3.046610355377197266e-01 -4.133944399654865265e-03 -6.976095028221607208e-03 8.240934461355209351e-03 -9.999417662620544434e-01
9.883812665939331055e-01 -1.519520729780197144e-01 3.625116543844342232e-03 4.150289110839366913e-03 3.139149863272905350e-03 -9.999864697456359863e-01
9.749790430068969727e-01 -2.222646772861480713e-01 3.788473783060908318e-03 -7.510732393711805344e-03 -4.996943846344947815e-02 -9.987225532531738281e-01
9.494522213935852051e-01 -3.139107525348663330e-01 7.562008104287087917e-04 -4.079195205122232437e-03 -1.474658865481615067e-02 -9.998829960823059082e-01
3.692912682890892029e-02 -2.941442094743251801e-02 9.988849163055419922e-01 1.423425506800413132e-02 9.994807839393615723e-01 2.890572138130664825e-02
4.084787964820861816e-01 9.125595092773437500e-01 1.950075104832649231e-02 -2.211057022213935852e-02 3.125073760747909546e-02 -9.992669820785522461e-01
9.386175870895385742e-01 3.448486030101776123e-01 8.749702014029026031e-03 1.685592811554670334e-03 2.077918499708175659e-02 -9.997826814651489258e-01
3.464603051543235779e-02 -3.090597130358219147e-02 9.989216923713684082e-01 1.924827322363853455e-02 9.993569850921630859e-01 3.025184012949466705e-02
7.630805671215057373e-02 9.969947934150695801e-01 1.335926353931427002e-02 -2.795833349227905273e-02 1.553255412727594376e-02 -9.994884133338928223e-01
9.953558444976806641e-01 9.623540192842483521e-02 2.338138408958911896e-03 2.740637864917516708e-03 -4.050476010888814926e-03 -9.999880790710449219e-01
8.982449769973754883e-02 9.958897233009338379e-01 1.163292489945888519e-02 -3.225234895944595337e-02 1.458262465894222260e-02 -9.993734359741210938e-01
5.819335579872131348e-02 9.982282519340515137e-01 1.240821834653615952e-02 -3.690066933631896973e-02 1.457164157181978226e-02 -9.992127418518066406e-01
9.734635353088378906e-01 -2.288279235363006592e-01 2.570283133536577225e-03 -1.781990006566047668e-02 -8.699616044759750366e-02 -9.960492253303527832e-01
8.058369159698486328e-01 -5.920537710189819336e-01 -9.961926378309726715e-03 1.158390939235687256e-02 3.258270025253295898e-02 -9.994019269943237305e-01
9.930030107498168945e-01 -1.180539131164550781e-01 2.894060453400015831e-03 2.566635841503739357e-03 -2.925458364188671112e-03 -9.999924302101135254e-01
9.716207385063171387e-01 2.362447232007980347e-01 1.190147921442985535e-02 5.966638680547475815e-03 2.582063339650630951e-02 -9.996488094329833984e-01
-1.794743910431861877e-02 5.154529213905334473e-01 -8.567299842834472656e-01 -9.992033243179321289e-01 -3.979563713073730469e-02 -3.011028515174984932e-03
2.826652489602565765e-03 1.634241640567779541e-02 -9.998624920845031738e-01 -9.999079704284667969e-01 1.331376284360885620e-02 -2.609171904623508453e-03
9.592050909996032715e-01 -2.826970219612121582e-01 -2.811415353789925575e-03 2.107311272993683815e-03 1.709371618926525116e-02 -9.998517036437988281e-01
9.283342957496643066e-01 3.716025054454803467e-01 1.035041920840740204e-02 -7.690481375902891159e-03 4.703412577509880066e-02 -9.988636970520019531e-01
8.468423970043659210e-03 7.157551497220993042e-02 -9.973992705345153809e-01 -9.998699426651000977e-01 1.429652329534292221e-02 -7.463451940566301346e-03
9.639481306076049805e-01 -2.660900056362152100e-01 -4.065846733283251524e-04 -4.544918891042470932e-03 -1.493679080158472061e-02 -9.998781681060791016e-01
9.683036804199218750e-01 -2.495210319757461548e-01 1.128372736275196075e-02 1.884309016168117523e-02 2.792754769325256348e-02 -9.994323849678039551e-01
-3.330407664179801941e-02 3.759812414646148682e-01 -9.260286092758178711e-01 -9.669771790504455566e-01 -2.463682889938354492e-01 -6.525240093469619751e-02
5.433184504508972168e-01 -8.394585847854614258e-01 -1.069423370063304901e-02 -3.318376839160919189e-02 -8.745418861508369446e-03 -9.994110465049743652e-01
5.458269119262695312e-01 -8.378333449363708496e-01 -1.040733885020017624e-02 -3.376394510269165039e-02 -9.582267142832279205e-03 -9.993839263916015625e-01
9.988575577735900879e-01 -4.771725833415985107e-02 -2.588658826425671577e-03 -4.196027293801307678e-03 -3.361595049500465393e-02 -9.994260668754577637e-01
2.766581624746322632e-02 -2.054729461669921875e-01 -9.782717227935791016e-01 -9.974550604820251465e-01 5.865836516022682190e-02 -4.052873700857162476e-02
-7.755462527275085449e-01 6.312908530235290527e-01 -2.280511107528582215e-04 -5.210980772972106934e-03 -6.762966979295015335e-03 -9.999635815620422363e-01
-9.708354473114013672e-01 2.389791309833526611e-01 -1.917236298322677612e-02 5.253060162067413330e-02 1.340111345052719116e-01 -9.895865917205810547e-01
-8.403746485710144043e-01 5.406807065010070801e-01 -3.788061067461967468e-02 6.099770218133926392e-02 2.489937841892242432e-02 -9.978272914886474609e-01
2.357244044542312622e-01 4.498591721057891846e-01 8.614295125007629395e-01 -8.530559539794921875e-01 5.204092264175415039e-01 -3.833709657192230225e-02
-9.972210526466369629e-01 7.377841323614120483e-02 -1.033924240618944168e-02 9.003336541354656219e-03 -1.841666176915168762e-02 -9.997898936271667480e-01
-9.441152215003967285e-01 3.283655345439910889e-01 -2.868206240236759186e-02 3.485257923603057861e-02 1.292037591338157654e-02 -9.993090033531188965e-01
-8.981609940528869629e-01 4.370361566543579102e-01 -4.802355542778968811e-02 1.012417003512382507e-01 9.928945451974868774e-02 -9.898948669433593750e-01
-9.302097558975219727e-01 3.644158244132995605e-01 -4.371432960033416748e-02 4.658973217010498047e-02 -9.017745032906532288e-04 -9.989137053489685059e-01
-9.700810909271240234e-01 2.405324280261993408e-01 -3.296780586242675781e-02 3.180971369147300720e-02 -8.696857839822769165e-03 -9.994561076164245605e-01
-9.790804982185363770e-01 2.025688290596008301e-01 -1.916540414094924927e-02 2.304613217711448669e-02 1.681607402861118317e-02 -9.995929598808288574e-01
-9.826537966728210449e-01 1.848504692316055298e-01 -1.489683520048856735e-02 1.968799345195293427e-02 2.411065623164176941e-02 -9.995154738426208496e-01
-9.904215335845947266e-01 1.372639387845993042e-01 -1.496155746281147003e-02 1.696024276316165924e-02 1.340284105390310287e-02 -9.997663497924804688e-01
-9.938012361526489258e-01 1.105669066309928894e-01 -1.158176828175783157e-02 1.239470392465591431e-02 6.667918525636196136e-03 -9.999009966850280762e-01
-9.184555411338806152e-01 3.926698863506317139e-01 -4.743217676877975464e-02 3.389799594879150391e-02 -4.133384674787521362e-02 -9.985702037811279297e-01
-3.438009321689605713e-01 9.390094876289367676e-01 -7.879790849983692169e-03 1.798486262559890747e-01 5.760765075683593750e-02 -9.820060729980468750e-01
-5.111349821090698242e-01 8.593574762344360352e-01 -1.567871496081352234e-02 -4.483469761908054352e-03 -2.090723626315593719e-02 -9.997713565826416016e-01
-9.606721997261047363e-01 2.752024233341217041e-01 -3.704838082194328308e-02 4.284553974866867065e-02 1.508116815239191055e-02 -9.989678859710693359e-01
-9.920091629028320312e-01 1.255336552858352661e-01 -1.261545438319444656e-02 9.191213175654411316e-03 -2.781938761472702026e-02 -9.995707273483276367e-01
-9.945280551910400391e-01 1.039550900459289551e-01 -1.036148890852928162e-02 1.321775186806917191e-02 2.682476118206977844e-02 -9.995527863502502441e-01
-9.909800291061401367e-01 1.332295686006546021e-01 -1.444085314869880676e-02 1.514692138880491257e-02 4.287573043256998062e-03 -9.998761415481567383e-01
-9.887981414794921875e-01 1.485389322042465210e-01 -1.464580930769443512e-02 1.755951344966888428e-02 1.832328550517559052e-02 -9.996778964996337891e-01
-8.985124230384826660e-01 4.381053149700164795e-01 -2.718928828835487366e-02 1.172749884426593781e-02 -3.796009346842765808e-02 -9.992104768753051758e-01
-7.021080255508422852e-01 7.114531993865966797e-01 -2.964156679809093475e-02 7.548271864652633667e-02 3.296939283609390259e-02 -9.966018795967102051e-01
-6.306179761886596680e-01 7.757351398468017578e-01 -2.357842214405536652e-02 2.371540851891040802e-02 -1.110556256026029587e-02 -9.996570944786071777e-01
-9.879429936408996582e-01 1.544698029756546021e-01 -1.038466766476631165e-02 1.714414171874523163e-02 4.249162226915359497e-02 -9.989497065544128418e-01
-8.765228390693664551e-01 4.804378747940063477e-01 -2.978521771728992462e-02 3.897371888160705566e-02 9.158346801996231079e-03 -9.991983175277709961e-01
-3.262434303760528564e-01 9.451424479484558105e-01 -1.646100915968418121e-02 5.541822314262390137e-02 1.739569124765694141e-03 -9.984617233276367188e-01
-8.973656892776489258e-01 4.405342042446136475e-01 -2.577612362802028656e-02 3.447177261114120483e-02 1.174655649811029434e-02 -9.993366599082946777e-01
-9.305950403213500977e-01 3.653157949447631836e-01 -2.318037115037441254e-02 2.166019007563591003e-02 -8.259369991719722748e-03 -9.997313022613525391e-01
-6.885281801223754883e-01 7.251179218292236328e-01 -1.153127755969762802e-02 6.082194671034812927e-02 4.189364984631538391e-02 -9.972691535949707031e-01
-8.162850141525268555e-01 5.774092078208923340e-01 -1.665866561233997345e-02 2.353128790855407715e-02 4.423811566084623337e-03 -9.997133612632751465e-01
-8.845354914665222168e-01 4.659042656421661377e-01 -2.302846126258373260e-02 -1.334393396973609924e-02 -7.461916655302047729e-02 -9.971228837966918945e-01
-9.870650768280029297e-01 1.600001454353332520e-01 -1.012889947742223740e-02 1.008395012468099594e-02 -1.092890743166208267e-03 -9.999485611915588379e-01
-9.116467237472534180e-01 4.103887081146240234e-01 -2.194267325103282928e-02 2.365915291011333466e-02 -8.960711420513689518e-04 -9.997197389602661133e-01
-6.203252673149108887e-01 7.843052148818969727e-01 -7.868216373026371002e-03 4.153644740581512451e-01 3.199789524078369141e-01 -8.515197634696960449e-01
-9.355711936950683594e-01 3.526183068752288818e-01 -1.915396377444267273e-02 5.380146577954292297e-02 8.872061967849731445e-02 -9.946025013923645020e-01
-6.270928382873535156e-01 7.788683772087097168e-01 -1.089403871446847916e-02 3.007551729679107666e-01 2.291994988918304443e-01 -9.257504343986511230e-01
-9.918533563613891602e-01 1.270382851362228394e-01 -9.393354877829551697e-03 1.078405044972896576e-02 1.026369258761405945e-02 -9.998891949653625488e-01
-9.915686845779418945e-01 1.292025893926620483e-01 -9.912057779729366302e-03 9.143880568444728851e-03 -6.537370849400758743e-03 -9.999368786811828613e-01
-9.897862672805786133e-01 1.421956419944763184e-01 -1.017526444047689438e-02 1.800048351287841797e-02 5.385386943817138672e-02 -9.983865618705749512e-01
-9.947431683540344238e-01 1.020794808864593506e-01 -8.112884126603603363e-03 9.444763883948326111e-03 1.257092971354722977e-02 -9.998763799667358398e-01
-9.984074234962463379e-01 5.619759857654571533e-02 -4.940951708704233170e-03 6.484899204224348068e-03 2.732444740831851959e-02 -9.996055960655212402e-01
-9.971085190773010254e-01 7.575452327728271484e-02 -5.998310633003711700e-03 6.745455786585807800e-03 9.610696695744991302e-03 -9.999310970306396484e-01
-9.944834113121032715e-01 1.046076565980911255e-01 -7.753144018352031708e-03 9.627614170312881470e-03 1.742601580917835236e-02 -9.998018741607666016e-01
-4.230165779590606689e-01 9.059834480285644531e-01 -1.584385521709918976e-02 -1.029796749353408813e-01 -6.544003635644912720e-02 -9.925285577774047852e-01
-3.420614004135131836e-01 9.396039247512817383e-01 -1.177171245217323303e-02 8.148908615112304688e-02 1.718112081289291382e-02 -9.965261816978454590e-01
-2.075425982475280762e-01 9.782000780105590820e-01 -7.119984365999698639e-03 7.520152628421783447e-02 8.697571232914924622e-03 -9.971304535865783691e-01
-2.336643040180206299e-01 -1.743770902976393700e-03 9.723157882690429688e-01 -3.821406140923500061e-02 9.992422461509704590e-01 -7.391438353806734085e-03
-1.647715121507644653e-01 9.863304495811462402e-01 -1.601531752385199070e-03 1.095134466886520386e-01 1.668104343116283417e-02 -9.938453435897827148e-01
-7.922537624835968018e-02 9.968564510345458984e-01 7.548001594841480255e-04 -6.221105530858039856e-02 -4.188529215753078461e-03 -9.980542659759521484e-01
9.996225237846374512e-01 -2.719342336058616638e-02 3.924694843590259552e-03 3.993812017142772675e-03 2.487841062247753143e-03 -9.999889731407165527e-01
9.935351014137268066e-01 -1.134300604462623596e-01 4.655162338167428970e-03 3.535198979079723358e-03 -1.007274910807609558e-02 -9.999430179595947266e-01
-2.148468345403671265e-01 8.373780250549316406e-01 -5.026320815086364746e-01 -8.539070487022399902e-01 8.872228115797042847e-02 5.128071308135986328e-01
-1.751876063644886017e-02 -1.519227921962738037e-01 -9.882371425628662109e-01 -9.974195361137390137e-01 7.148048281669616699e-02 6.692765280604362488e-03
-3.844688460230827332e-02 1.043952107429504395e-01 -9.937925338745117188e-01 -9.976489543914794922e-01 5.245219171047210693e-02 4.410603642463684082e-02
9.977055788040161133e-01 -6.769641488790512085e-02 8.898139349184930325e-04 7.622113917022943497e-04 -1.910730032250285149e-03 -9.999979138374328613e-01
9.967426061630249023e-01 -8.064869046211242676e-02 2.420339151285588741e-04 -2.471981570124626160e-04 -6.056173238903284073e-03 -9.999817013740539551e-01
9.999989271163940430e-01 -1.091387937776744366e-03 -1.018671318888664246e-03 -1.018318929709494114e-03 3.234404430259019136e-04 -9.999994635581970215e-01
-2.582415705546736717e-03 -8.743473328649997711e-03 -9.999584555625915527e-01 -9.999941587448120117e-01 -2.230321522802114487e-03 2.602009568363428116e-03
9.714584350585937500e-01 -2.372100502252578735e-01 1.140692711487645283e-05 -2.983328886330127716e-03 -1.226586382836103439e-02 -9.999203681945800781e-01
1.631105132400989532e-02 3.399661481380462646e-01 -9.402962327003479004e-01 -9.485091567039489746e-01 3.027835488319396973e-01 9.301853179931640625e-02
1.538784652948379517e-01 9.879873394966125488e-01 1.423010230064392090e-02 4.137086868286132812e-02 7.946847006678581238e-03 -9.991123080253601074e-01
4.343866109848022461e-01 9.003227353096008301e-01 2.696826308965682983e-02 -2.163479290902614594e-02 4.036089777946472168e-02 -9.989509582519531250e-01
3.316584825515747070e-01 9.431121349334716797e-01 2.328530140221118927e-02 4.332154989242553711e-02 9.430953301489353180e-03 -9.990167021751403809e-01
3.303991258144378662e-01 9.435932040214538574e-01 2.164087630808353424e-02 1.813021115958690643e-02 1.657932624220848083e-02 -9.996981620788574219e-01
2.463631778955459595e-01 9.690058231353759766e-01 1.824568212032318115e-02 2.862715348601341248e-02 1.154204923659563065e-02 -9.995235204696655273e-01
1.201476752758026123e-01 9.926827549934387207e-01 1.206250581890344620e-02 7.374495267868041992e-02 3.192677162587642670e-03 -9.972720146179199219e-01
-9.743480086326599121e-01 1.422709077596664429e-01 1.743704229593276978e-01 1.531289666891098022e-01 9.869193434715270996e-01 5.041558295488357544e-02
1.643712371587753296e-01 9.863272905349731445e-01 1.185803860425949097e-02 -5.087487399578094482e-02 2.048261091113090515e-02 -9.984949827194213867e-01
-2.233003973960876465e-01 1.555629447102546692e-02 9.746255874633789062e-01 1.018465757369995117e-01 9.947721958160400391e-01 7.456621155142784119e-03
1.103171557188034058e-01 9.938388466835021973e-01 1.069826353341341019e-02 3.880403563380241394e-02 6.448965519666671753e-03 -9.992260336875915527e-01
9.119693934917449951e-02 9.957642555236816406e-01 1.169227063655853271e-02 6.238648667931556702e-02 6.005262956023216248e-03 -9.980340600013732910e-01
9.527143090963363647e-02 9.953901171684265137e-01 1.103661954402923584e-02 3.781082108616828918e-02 7.460521534085273743e-03 -9.992570877075195312e-01
6.114549040794372559e-01 7.910796999931335449e-01 1.777262054383754730e-02 1.060968041419982910e-01 -5.970698595046997070e-02 -9.925616383552551270e-01
5.770609378814697266e-01 8.165974020957946777e-01 1.301247626543045044e-02 -5.394760053604841232e-03 1.974394731223583221e-02 -9.997905492782592773e-01
5.602388381958007812e-01 8.282257914543151855e-01 1.320898346602916718e-02 4.580689594149589539e-02 -1.505529601126909256e-02 -9.988368749618530273e-01
-2.109225243330001831e-01 9.775027036666870117e-01 -5.050295731052756310e-04 2.601722441613674164e-02 5.097445566207170486e-03 -9.996485114097595215e-01
5.853337645530700684e-01 8.106225132942199707e-01 1.660071685910224915e-02 1.342761889100074768e-02 1.078013051301240921e-02 -9.998517632484436035e-01
-2.447165846824645996e-01 6.418287754058837891e-01 7.267528772354125977e-01 -9.520450234413146973e-01 -3.010229468345642090e-01 -5.473113059997558594e-02
1.175956875085830688e-01 9.435410499572753906e-01 -3.096798062324523926e-01 -9.842542409896850586e-01 1.521807461977005005e-01 8.991456031799316406e-02
2.428142279386520386e-01 8.716332316398620605e-01 4.257895946502685547e-01 -9.653151631355285645e-01 2.605220973491668701e-01 1.717393845319747925e-02
-9.999564290046691895e-01 -8.331484161317348480e-03 4.212121479213237762e-03 -4.252134356647729874e-03 4.790724255144596100e-03 -9.999794960021972656e-01
-9.999524950981140137e-01 -8.891653269529342651e-03 3.998826723545789719e-03 -4.013662226498126984e-03 1.651267171837389469e-03 -9.999905824661254883e-01
-9.999657273292541504e-01 -7.437473628669977188e-03 3.642271272838115692e-03 -3.669167868793010712e-03 3.605941543355584145e-03 -9.999868273735046387e-01
-9.997321963310241699e-01 -2.230374887585639954e-02 6.176112219691276550e-03 -6.376462057232856750e-03 8.922846987843513489e-03 -9.999398589134216309e-01
-9.999747872352600098e-01 -6.371912080794572830e-03 3.144972026348114014e-03 -3.151019103825092316e-03 9.392161737196147442e-04 -9.999946355819702148e-01
-9.999547004699707031e-01 -8.679928258061408997e-03 3.903773380443453789e-03 -3.912183456122875214e-03 9.521619067527353764e-04 -9.999918937683105469e-01
-9.991607666015625000e-01 -4.023348912596702576e-02 7.688300684094429016e-03 -7.840396836400032043e-03 3.623885568231344223e-03 -9.999627470970153809e-01
-9.994222521781921387e-01 -3.328690305352210999e-02 6.873861420899629593e-03 -6.931936368346214294e-03 1.629576086997985840e-03 -9.999746680259704590e-01
-9.977238774299621582e-01 -6.659310311079025269e-02 1.060553826391696930e-02 -1.039327494800090790e-02 -3.533125622197985649e-03 -9.999397993087768555e-01
9.902419522404670715e-03 3.650447428226470947e-01 -9.309372901916503906e-01 -9.985989332199096680e-01 -4.478684812784194946e-02 -2.818422950804233551e-02
9.493950009346008301e-01 3.140480518341064453e-01 4.790726117789745331e-03 -1.044598524458706379e-03 1.841007545590400696e-02 -9.998300075531005859e-01
9.999836683273315430e-01 -5.031402106396853924e-04 5.696846637874841690e-03 5.696751642972230911e-03 -1.903535739984363317e-04 -9.999837875366210938e-01
9.998919963836669922e-01 1.393845118582248688e-02 4.667136352509260178e-03 4.589908290654420853e-03 5.567556712776422501e-03 -9.999740123748779297e-01
2.738325856626033783e-03 -7.854054565541446209e-04 -9.999959468841552734e-01 -9.999961853027343750e-01 -4.587964795064181089e-04 -2.737965900450944901e-03
9.999840855598449707e-01 4.327126313000917435e-03 3.633374813944101334e-03 3.637005575001239777e-03 -8.315431769005954266e-04 -9.999930262565612793e-01
4.199008457362651825e-03 -1.453015720471739769e-03 -9.999901652336120605e-01 -9.999909996986389160e-01 -6.080758175812661648e-04 -4.198127891868352890e-03
9.996353983879089355e-01 2.693245187401771545e-02 1.948233111761510372e-03 1.975586405023932457e-03 -9.890517685562372208e-04 -9.999976158142089844e-01
9.992457628250122070e-01 3.868292644619941711e-02 3.407954471185803413e-03 2.646922366693615913e-03 1.970779150724411011e-02 -9.998022913932800293e-01
6.017750594764947891e-03 6.851134821772575378e-04 -9.999816417694091797e-01 -9.999818801879882812e-01 6.481521995738148689e-05 -6.017707753926515579e-03
9.999599456787109375e-01 1.291604130528867245e-03 8.860840462148189545e-03 8.860246278345584869e-03 4.641452687792479992e-04 -9.999606609344482422e-01
9.999805092811584473e-01 -1.707711955532431602e-03 6.006677169352769852e-03 6.006430368870496750e-03 -1.500810903962701559e-04 -9.999819993972778320e-01
9.999746680259704590e-01 3.065520664677023888e-03 6.427878048270940781e-03 6.427726242691278458e-03 5.928107930230908096e-05 -9.999793767929077148e-01
9.999722838401794434e-01 -4.542213573586195707e-04 7.440045010298490524e-03 7.440165616571903229e-03 2.645061176735907793e-04 -9.999723434448242188e-01
9.542798995971679688e-01 2.988850474357604980e-01 -4.196686204522848129e-03 -9.361627511680126190e-03 1.585103571414947510e-02 -9.998306035995483398e-01
9.985085129737854004e-01 5.412516742944717407e-02 -7.165567018091678619e-03 -9.177296422421932220e-03 3.701150044798851013e-02 -9.992727041244506836e-01
9.387236237525939941e-01 3.446500897407531738e-01 -3.785154083743691444e-03 5.582198128104209900e-02 -1.628609597682952881e-01 -9.850686788558959961e-01
9.976652264595031738e-01 6.826838850975036621e-02 -1.892496016807854176e-03 -1.065028365701436996e-03 -1.215516403317451477e-02 -9.999256134033203125e-01
9.923540949821472168e-01 1.234236359596252441e-01 1.312373497057706118e-04 3.258971264585852623e-03 -2.513990178704261780e-02 -9.996786713600158691e-01
9.582695364952087402e-01 2.858584821224212646e-01 2.127212472259998322e-03 1.325137331150472164e-03 2.999253803864121437e-03 -9.999946355819702148e-01
9.935859441757202148e-01 1.130637601017951965e-01 -1.907442929223179817e-03 -4.069616552442312241e-03 1.889577880501747131e-02 -9.998131990432739258e-01
9.611908793449401855e-01 2.758773267269134521e-01 1.965701114386320114e-03 -2.339329803362488747e-03 1.527493819594383240e-02 -9.998806118965148926e-01
9.635807275772094727e-01 2.673897445201873779e-01 3.878149669617414474e-03 6.828691344708204269e-03 -1.010560058057308197e-02 -9.999256730079650879e-01
9.991378784179687500e-01 4.140254855155944824e-02 -3.068442223593592644e-03 -3.886417718604207039e-03 1.969064399600028992e-02 -9.997985959053039551e-01
9.860971570014953613e-01 1.661120206117630005e-01 -4.389097914099693298e-03 -1.319230301305651665e-03 -1.858653500676155090e-02 -9.998263716697692871e-01
9.961225986480712891e-01 8.794789016246795654e-02 -2.243779366835951805e-03 -1.690367935225367546e-03 -6.366461515426635742e-03 -9.999783635139465332e-01
4.338177144527435303e-01 9.006173610687255859e-01 2.628000266849994659e-02 -2.360550500452518463e-02 4.051841050386428833e-02 -9.988999366760253906e-01
6.169887185096740723e-01 7.862275838851928711e-01 3.422285616397857666e-02 -6.425154209136962891e-02 9.366733580827713013e-02 -9.935281276702880859e-01
-9.992393255233764648e-01 3.885026648640632629e-02 -3.392495680600404739e-03 3.556605661287903786e-03 4.155834205448627472e-03 -9.999850392341613770e-01
-9.999715089797973633e-01 7.543706800788640976e-03 3.091229009442031384e-04 -2.960107522085309029e-04 1.739214058034121990e-03 -9.999984502792358398e-01
-9.999761581420898438e-01 6.897675339132547379e-03 4.167536681052297354e-04 -3.931421961169689894e-04 3.424108028411865234e-03 -9.999940991401672363e-01
-9.998255372047424316e-01 1.865215227007865906e-02 -9.708186844363808632e-04 1.035282039083540440e-03 3.446742193773388863e-03 -9.999935626983642578e-01
-9.996749758720397949e-01 2.544479817152023315e-02 -1.593599328771233559e-03 1.732822274789214134e-03 5.450458265841007233e-03 -9.999836683273315430e-01
7.146083116531372070e-01 -6.989734768867492676e-01 -2.776675112545490265e-02 1.210619881749153137e-01 1.626697182655334473e-01 -9.792255163192749023e-01
7.293723225593566895e-01 -6.836001873016357422e-01 -2.658878266811370850e-02 1.321023404598236084e-01 1.788690239191055298e-01 -9.749640226364135742e-01
-1.555392984300851822e-03 -1.039175782352685928e-03 9.999982714653015137e-01 -9.999988079071044922e-01 9.860908903647214174e-05 -1.555291353724896908e-03
-9.999849796295166016e-01 5.355098284780979156e-03 -1.217917422764003277e-03 1.233930350281298161e-03 2.987930318340659142e-03 -9.999948143959045410e-01
-4.579341504722833633e-03 -5.136685911566019058e-03 9.999763369560241699e-01 -9.999804496765136719e-01 4.289095755666494370e-03 -4.557327833026647568e-03
-3.946975339204072952e-03 2.854641992598772049e-03 9.999881386756896973e-01 -9.999915361404418945e-01 1.134205376729369164e-03 -3.950227051973342896e-03
-9.999986290931701660e-01 1.608224119991064072e-03 -4.969942383468151093e-04 4.969048895873129368e-04 -5.597440394922159612e-05 -9.999998807907104492e-01
-9.999721646308898926e-01 7.325210608541965485e-03 -1.416138606145977974e-03 1.424095826223492622e-03 1.081182854250073433e-03 -9.999983906745910645e-01
-4.713474214076995850e-02 -3.613009154796600342e-01 9.312572479248046875e-01 -9.807283282279968262e-01 -1.602260768413543701e-01 -1.118017882108688354e-01
-9.999999403953552246e-01 -3.715816419571638107e-04 -2.230657555628567934e-04 2.230397076345980167e-04 7.012287824181839824e-05 -1.000000000000000000e+00
-8.773879380896687508e-04 -1.268674153834581375e-03 9.999988675117492676e-01 -9.999996423721313477e-01 2.840271336026489735e-04 -8.770282147452235222e-04
-9.999998211860656738e-01 -4.985252744518220425e-04 4.291909572202712297e-04 -4.292907251510769129e-04 2.001245302380993962e-04 -9.999998807907104492e-01
-2.127990592271089554e-03 2.222572686150670052e-03 9.999952912330627441e-01 -9.999973773956298828e-01 -8.328185649588704109e-04 -2.126144245266914368e-03
-2.725901082158088684e-03 7.729385397396981716e-04 9.999960064888000488e-01 -9.999960064888000488e-01 7.650063489563763142e-04 -2.726492471992969513e-03
-2.624059561640024185e-03 1.319004571996629238e-03 9.999957084655761719e-01 -9.999965429306030273e-01 2.626900386530905962e-04 -2.624408341944217682e-03
-2.618000144138932228e-03 -9.783448185771703720e-04 9.999961256980895996e-01 -9.999966025352478027e-01 2.720867923926562071e-04 -2.617735182866454124e-03
-9.999999403953552246e-01 -2.554517704993486404e-04 -4.210746556054800749e-04 4.210545739624649286e-04 7.873218419263139367e-05 -9.999999403953552246e-01
-2.089645480737090111e-03 -7.811705581843852997e-04 9.999975562095642090e-01 -9.999978542327880859e-01 -1.040128772729076445e-04 -2.089727204293012619e-03
9.346169829368591309e-01 3.555259108543395996e-01 9.612383320927619934e-03 -6.742053665220737457e-03 4.473311081528663635e-02 -9.989762306213378906e-01
9.388468265533447266e-01 3.442809879779815674e-01 6.109345704317092896e-03 -4.395670071244239807e-02 1.374285221099853516e-01 -9.895358681678771973e-01
9.348962903022766113e-01 3.544839620590209961e-01 1.761046424508094788e-02 3.547539189457893372e-02 -4.396099969744682312e-02 -9.984031915664672852e-01
-1.065182685852050781e-02 -3.064844058826565742e-03 -9.999385476112365723e-01 -9.999433159828186035e-01 1.194434516946785152e-04 1.065151114016771317e-02
-4.785555880516767502e-03 -1.564629375934600830e-03 -9.999873638153076172e-01 -9.999885559082031250e-01 -2.554312231950461864e-04 4.785961471498012543e-03
9.999746680259704590e-01 4.829918500036001205e-03 -5.236999597400426865e-03 -5.243752151727676392e-03 1.386574003845453262e-03 -9.999853372573852539e-01
-8.137612603604793549e-03 5.949215497821569443e-03 -9.999492168426513672e-01 -9.999639987945556641e-01 -2.469191793352365494e-03 8.123042061924934387e-03
-9.189336560666561127e-03 1.648751436732709408e-03 -9.999564290046691895e-01 -9.999577999114990234e-01 1.430778684152755886e-05 9.189371950924396515e-03
-6.528339348733425140e-03 -2.858294174075126648e-03 -9.999746084213256836e-01 -9.999772906303405762e-01 1.710174256004393101e-03 6.523468531668186188e-03
-9.638094343245029449e-03 -1.189909782260656357e-02 -9.998828172683715820e-01 -9.999534487724304199e-01 5.880242679268121719e-04 9.631777182221412659e-03
-9.999120235443115234e-01 -1.286775991320610046e-02 3.238654229789972305e-03 -3.264905186370015144e-03 2.019571606069803238e-03 -9.999926686286926270e-01
-9.999700784683227539e-01 -7.415600586682558060e-03 2.198951086029410362e-03 -2.216257853433489799e-03 2.326390706002712250e-03 -9.999948740005493164e-01
-9.999846220016479492e-01 -5.125770810991525650e-03 2.114806557074189186e-03 -2.105022547766566277e-03 -1.913459505885839462e-03 -9.999960064888000488e-01
-9.975768923759460449e-01 -6.872837245464324951e-02 1.080209575593471527e-02 -1.141077373176813126e-02 8.469865657389163971e-03 -9.998990297317504883e-01
-9.979478716850280762e-01 -6.266877800226211548e-02 1.314389239996671677e-02 -1.375785470008850098e-02 9.375469759106636047e-03 -9.998614192008972168e-01
-9.983389377593994141e-01 -5.615427717566490173e-02 1.288772094994783401e-02 -1.280180830508470535e-02 -1.889407169073820114e-03 -9.999163150787353516e-01
-9.963873624801635742e-01 -8.409494906663894653e-02 1.184684131294488907e-02 -1.213573385030031204e-02 2.924934029579162598e-03 -9.999220967292785645e-01
9.112726449966430664e-01 4.111829996109008789e-01 2.260113507509231567e-02 -4.112350568175315857e-02 1.454731971025466919e-01 -9.885071516036987305e-01
8.577052950859069824e-01 5.121058821678161621e-01 4.570836573839187622e-02 -8.606762439012527466e-02 2.306595593690872192e-01 -9.692206382751464844e-01
9.994444847106933594e-01 -3.082703053951263428e-02 1.266970299184322357e-02 1.259462535381317139e-02 -2.628444693982601166e-03 -9.999172687530517578e-01
9.998189806938171387e-01 -1.346093136817216873e-02 1.344539690762758255e-02 1.349677518010139465e-02 3.733327845111489296e-03 -9.999019503593444824e-01
9.931603670120239258e-01 -1.161702945828437805e-01 1.170353777706623077e-02 4.851644393056631088e-03 -5.908987298607826233e-02 -9.982408881187438965e-01
9.772500991821289062e-01 -2.119228988885879517e-01 8.425393141806125641e-03 7.289695204235613346e-04 -3.636904433369636536e-02 -9.993382096290588379e-01
9.435685276985168457e-01 -3.310825526714324951e-01 7.930641062557697296e-03 9.086159989237785339e-03 1.942467410117387772e-03 -9.999568462371826172e-01
9.307138919830322266e-01 -3.656072020530700684e-01 1.015163771808147430e-02 7.786322385072708130e-03 -7.943417876958847046e-03 -9.999381303787231445e-01
3.153661091346293688e-04 -1.639478653669357300e-02 9.998655319213867188e-01 -9.999225139617919922e-01 -1.245029550045728683e-02 1.112366735469549894e-04
-1.581410877406597137e-03 -4.685786552727222443e-04 9.999986290931701660e-01 -9.999987483024597168e-01 -1.866842794697731733e-04 -1.581498421728610992e-03
-9.999986886978149414e-01 1.903087540995329618e-04 1.602468080818653107e-03 -1.602437463589012623e-03 1.617890811758115888e-04 -9.999987483024597168e-01
-9.998119473457336426e-01 -1.858110353350639343e-02 5.559599492698907852e-03 -5.594938062131404877e-03 1.850407454185187817e-03 -9.999826550483703613e-01
-9.886090755462646484e-01 1.503576934337615967e-01 -6.687630899250507355e-03 2.696712315082550049e-02 1.332449167966842651e-01 -9.907162189483642578e-01
-9.999900460243225098e-01 4.439488984644412994e-03 4.310458898544311523e-04 -4.309856740292161703e-04 1.452434753446141258e-05 -9.999999403953552246e-01
-9.999788403511047363e-01 6.463476922363042831e-03 -7.328924839384853840e-04 7.377368165180087090e-04 7.471420103684067726e-04 -9.999994635581970215e-01
-9.998212456703186035e-01 1.875793188810348511e-02 -2.365831052884459496e-03 2.419511554762721062e-03 2.839574124664068222e-03 -9.999930858612060547e-01
-9.996542930603027344e-01 2.614416368305683136e-02 -2.806885400786995888e-03 2.792393090203404427e-03 -5.908130551688373089e-04 -9.999959468841552734e-01
-9.997324347496032715e-01 2.303622104227542877e-02 -2.083524130284786224e-03 2.094836439937353134e-03 4.669331538025289774e-04 -9.999977350234985352e-01
9.340676069259643555e-01 3.563782572746276855e-01 2.263443358242511749e-02 -8.440668880939483643e-02 2.819296717643737793e-01 -9.557150006294250488e-01
1.385606545954942703e-02 3.268768191337585449e-01 -9.449654221534729004e-01 -9.612626433372497559e-01 -2.558306455612182617e-01 -1.025904640555381775e-01
1.375127583742141724e-02 3.321065306663513184e-01 -9.431416392326354980e-01 -9.797472357749938965e-01 -1.839676946401596069e-01 -7.906515896320343018e-02
6.983701586723327637e-01 7.148635387420654297e-01 3.534374758601188660e-02 -7.043819129467010498e-02 1.177864521741867065e-01 -9.905376434326171875e-01
7.393591403961181641e-01 6.719214916229248047e-01 4.323945567011833191e-02 -7.992533594369888306e-02 1.513494402170181274e-01 -9.852437973022460938e-01
7.414523959159851074e-01 6.696376800537109375e-01 4.282260686159133911e-02 -7.697736471891403198e-02 1.482828408479690552e-01 -9.859445691108703613e-01
1.595759065821766853e-03 9.215747122652828693e-04 -9.999983310699462891e-01 -9.999986886978149414e-01 -3.641427319962531328e-04 -1.596095156855881214e-03
9.999986290931701660e-01 1.468642149120569229e-03 -7.949452847242355347e-04 -7.952280575409531593e-04 1.919893838930875063e-04 -9.999997019767761230e-01
-1.500841928645968437e-03 7.578163058497011662e-04 -9.999985694885253906e-01 -9.999986290931701660e-01 6.789599428884685040e-04 1.501356484368443489e-03
-9.053617250174283981e-04 7.905380916781723499e-04 -9.999992847442626953e-01 -9.999994039535522461e-01 6.192826549522578716e-04 9.058513678610324860e-04
9.999949336051940918e-01 -6.310415919870138168e-04 -3.131292061880230904e-03 -3.131395671516656876e-03 -1.630776387173682451e-04 -9.999951124191284180e-01
9.999972581863403320e-01 -7.333357352763414383e-04 -2.230764599516987801e-03 -2.230296842753887177e-03 6.383401341736316681e-04 -9.999973177909851074e-01
9.999929070472717285e-01 2.709781751036643982e-03 -2.629642840474843979e-03 -2.633618656545877457e-03 1.464674365706741810e-03 -9.999954700469970703e-01
9.999978542327880859e-01 1.508884131908416748e-03 -1.428526593372225761e-03 -1.428556395694613457e-03 1.870193591457791626e-05 -9.999989867210388184e-01
-2.621960826218128204e-03 -4.386364482343196869e-03 -9.999869465827941895e-01 -9.999939203262329102e-01 2.327632624655961990e-03 2.611768897622823715e-03
-4.735351074486970901e-03 4.178544040769338608e-04 -9.999887347221374512e-01 -9.999887347221374512e-01 -3.845499886665493250e-04 4.735190421342849731e-03
9.999896883964538574e-01 4.262948408722877502e-03 -1.565594691783189774e-03 -1.558680320158600807e-03 -1.624854397960007191e-03 -9.999974966049194336e-01
9.999846220016479492e-01 3.127106698229908943e-03 -4.584911279380321503e-03 -4.585222341120243073e-03 9.237249469151720405e-05 -9.999895095825195312e-01
9.999936819076538086e-01 2.727774670347571373e-03 -2.277648076415061951e-03 -2.278669504448771477e-03 3.712593170348554850e-04 -9.999973773956298828e-01
-5.376283079385757446e-03 -4.454392765183001757e-04 -9.999855160713195801e-01 -9.999855756759643555e-01 -1.570641034049913287e-04 5.376353394240140915e-03
-1.573039102368056774e-03 2.578004030510783195e-03 -9.999954104423522949e-01 -9.999982118606567383e-01 -1.098750159144401550e-03 1.570210908539593220e-03
9.999971985816955566e-01 -3.630694118328392506e-04 -2.336663659662008286e-03 -2.336644334718585014e-03 5.369526843423955142e-05 -9.999972581863403320e-01
-2.414696151390671730e-03 -1.087476412067189813e-04 9.999970793724060059e-01 -9.999970793724060059e-01 -8.776325557846575975e-05 -2.414705697447061539e-03
-1.443095155991613865e-03 -8.391708252020180225e-04 9.999986290931701660e-01 -9.999989867210388184e-01 2.056840312434360385e-04 -1.442923094145953655e-03
-9.606512030586600304e-04 -7.391498074866831303e-04 9.999992847442626953e-01 -9.999994635581970215e-01 4.658395773731172085e-04 -9.603071375750005245e-04
-9.998877644538879395e-01 -1.452334504574537277e-02 3.684244118630886078e-03 -3.808531211689114571e-03 8.539390750229358673e-03 -9.999563097953796387e-01
9.985767602920532227e-01 5.323738977313041687e-02 -3.199923783540725708e-03 -2.688531065359711647e-03 -9.674747474491596222e-03 -9.999496340751647949e-01
9.988988637924194336e-01 4.590441659092903137e-02 -9.693589992821216583e-03 -9.101950563490390778e-03 -1.308002509176731110e-02 -9.998731017112731934e-01
-4.958499222993850708e-03 -4.464621655642986298e-03 -9.999777674674987793e-01 -9.999788403511047363e-01 -4.200265277177095413e-03 4.977257456630468369e-03
9.999976158142089844e-01 -3.279599477536976337e-04 2.164388541132211685e-03 2.164385514333844185e-03 -9.189688171318266541e-06 -9.999976754188537598e-01
1.976719591766595840e-03 -6.129270768724381924e-04 -9.999978542327880859e-01 -9.999979734420776367e-01 -3.230695729143917561e-04 -1.976521918550133705e-03
9.999981522560119629e-01 6.842810544185340405e-04 1.807710155844688416e-03 1.807617023587226868e-03 1.366476208204403520e-04 -9.999983906745910645e-01
9.999724030494689941e-01 -1.183438929729163647e-03 7.340576499700546265e-03 7.341498509049415588e-03 7.763806497678160667e-04 -9.999727606773376465e-01
9.999700188636779785e-01 2.356969285756349564e-03 7.382468786090612411e-03 7.383966818451881409e-03 -6.274749757722020149e-04 -9.999725818634033203e-01
9.999914169311523438e-01 5.143600865267217159e-04 4.123573657125234604e-03 4.123324993997812271e-03 4.835028958041220903e-04 -9.999914169311523438e-01
1.433044788427650928e-03 -8.784551173448562622e-02 9.961330890655517578e-01 -9.982888698577880859e-01 -5.835806950926780701e-02 -3.710249438881874084e-03
-9.991879463195800781e-01 -3.924401849508285522e-02 9.132636711001396179e-03 -9.118471294641494751e-03 -5.399421788752079010e-04 -9.999582767486572266e-01
-9.998785853385925293e-01 -1.472083106637001038e-02 5.108217708766460419e-03 -5.140153691172599792e-03 2.132399939000606537e-03 -9.999845623970031738e-01
-1.034941233228892088e-04 -1.536549883894622326e-03 9.999988079071044922e-01 -9.999997615814208984e-01 6.788916070945560932e-04 -1.024510638671927154e-04
6.915067933732643723e-05 -3.639196744188666344e-03 9.999933838844299316e-01 -1.000000000000000000e+00 1.334953267360106111e-04 6.963695341255515814e-05
-9.999989867210388184e-01 8.709212997928261757e-04 1.131081255152821541e-03 -1.130970311351120472e-03 1.281117583857849240e-04 -9.999994039535522461e-01
-9.999982714653015137e-01 8.619842701591551304e-04 1.658597262576222420e-03 -1.658480032347142696e-03 1.366846554446965456e-04 -9.999986290931701660e-01
-9.999987483024597168e-01 5.262343911454081535e-04 1.503264647908508778e-03 -1.503437524661421776e-03 -3.281918179709464312e-04 -9.999988079071044922e-01
-9.999976158142089844e-01 6.127051310613751411e-04 2.100362675264477730e-03 -2.100415993481874466e-03 -8.652033284306526184e-05 -9.999977946281433105e-01
-9.999977350234985352e-01 4.997978685423731804e-04 2.073652576655149460e-03 -2.073805313557386398e-03 -3.050316299777477980e-04 -9.999977946281433105e-01
2.282420900883153081e-04 -7.548640668392181396e-02 9.971467852592468262e-01 -9.996947646141052246e-01 -2.465261146426200867e-02 -1.637436565943062305e-03
3.694944381713867188e-01 -9.291669130325317383e-01 -1.108054816722869873e-02 -4.612320289015769958e-02 -6.429136730730533600e-03 -9.989150762557983398e-01
3.686780035495758057e-01 -9.293152689933776855e-01 -2.120631746947765350e-02 -4.761679470539093018e-02 3.902697935700416565e-03 -9.988580346107482910e-01
-7.814200520515441895e-01 -6.066185832023620605e-01 -1.462760567665100098e-01 2.018368244171142578e-01 -2.389710396528244019e-02 -9.791275858879089355e-01
-1.166478544473648071e-01 -9.931690096855163574e-01 2.934774616733193398e-03 -3.937969449907541275e-03 -2.492412924766540527e-03 -9.999891519546508789e-01
1.496136337518692017e-01 -9.884064793586730957e-01 -2.585385926067829132e-02 -1.656002178788185120e-02 2.363954856991767883e-02 -9.995833635330200195e-01
2.029976062476634979e-02 3.083572387695312500e-01 -9.510540366172790527e-01 -9.997898936271667480e-01 3.542503807693719864e-03 -2.019142732024192810e-02
5.413395166397094727e-01 -8.405475020408630371e-01 -2.077062241733074188e-02 1.096362322568893433e-01 9.505853056907653809e-02 -9.894158840179443359e-01
5.299779772758483887e-01 -8.478317260742187500e-01 -1.745528168976306915e-02 1.215333119034767151e-01 9.630935639142990112e-02 -9.879039525985717773e-01
4.166116416454315186e-01 -9.088857769966125488e-01 -1.901189051568508148e-02 1.238684877753257751e-01 7.747171074151992798e-02 -9.892698526382446289e-01
7.885869741439819336e-01 -6.145563721656799316e-01 -2.124037779867649078e-02 -9.460848569869995117e-02 -8.712471276521682739e-02 -9.916948080062866211e-01
-7.351242937147617340e-03 2.301181666553020477e-02 9.997082352638244629e-01 -9.999291300773620605e-01 -9.534783661365509033e-03 -7.133391220122575760e-03
-9.166357517242431641e-01 3.985922336578369141e-01 3.005326911807060242e-02 -9.023294597864151001e-02 -1.330897212028503418e-01 -9.869878888130187988e-01
-7.756822276860475540e-03 1.035968363285064697e-01 9.945891499519348145e-01 -9.998980760574340820e-01 -1.272501144558191299e-02 -6.472783628851175308e-03
-9.996671080589294434e-01 2.560604177415370941e-02 3.170553594827651978e-03 -3.502896754071116447e-03 -1.294468529522418976e-02 -9.999101161956787109e-01
-9.922699332237243652e-01 1.237571686506271362e-01 -9.195951744914054871e-03 1.004228647798299789e-02 6.216600537300109863e-03 -9.999303221702575684e-01
-4.947134293615818024e-03 -2.094230242073535919e-02 9.997684359550476074e-01 -9.999046325683593750e-01 1.300080306828022003e-02 -4.675477743148803711e-03
-2.301562875509262085e-01 5.440677702426910400e-02 9.716316461563110352e-01 1.957983672618865967e-01 9.806071519851684570e-01 -8.529409766197204590e-03
-2.425996363162994385e-01 5.490092560648918152e-02 9.685718417167663574e-01 -2.993837185204029083e-02 9.974982142448425293e-01 -6.403925269842147827e-02
5.670138448476791382e-02 9.983909726142883301e-01 -6.927912472747266293e-04 -1.615446619689464569e-02 2.236397122032940388e-04 -9.998695254325866699e-01
3.179577589035034180e-01 9.480003118515014648e-01 1.408356335014104843e-02 5.904190707951784134e-03 1.287432853132486343e-02 -9.998996853828430176e-01
-2.518377006053924561e-01 1.331863850355148315e-01 -9.585610032081604004e-01 2.753357291221618652e-01 9.594129920005798340e-01 6.096725538372993469e-02
-7.641801238059997559e-01 -6.412023901939392090e-01 -6.991685926914215088e-02 -1.446899175643920898e-01 2.760492861270904541e-01 -9.501903653144836426e-01
-5.039901137351989746e-01 -8.637075424194335938e-01 1.834000577218830585e-03 -2.134135812520980835e-01 1.224728524684906006e-01 -9.692549109458923340e-01
-7.702965140342712402e-01 -6.334834098815917969e-01 -7.309027016162872314e-02 -1.121893450617790222e-01 2.474568039178848267e-01 -9.623818397521972656e-01
-2.248268872499465942e-01 -9.743156433105468750e-01 -1.272514462471008301e-02 -7.424254715442657471e-02 3.015033341944217682e-02 -9.967843890190124512e-01
9.450911283493041992e-01 -3.268013894557952881e-01 1.926439930684864521e-03 -2.020088955760002136e-02 -6.430127471685409546e-02 -9.977260828018188477e-01
-9.961196780204772949e-01 -8.611886948347091675e-02 -1.814151555299758911e-02 2.514382824301719666e-02 -8.093483000993728638e-02 -9.964022040367126465e-01
-4.996662139892578125e-01 -8.658566474914550781e-01 -2.501792088150978088e-02 4.777604714035987854e-02 1.290345680899918079e-03 -9.988572597503662109e-01
-6.768441200256347656e-01 -7.310773134231567383e-01 -8.607015013694763184e-02 1.635177433490753174e-01 -3.531607985496520996e-02 -9.859080910682678223e-01
-5.786117315292358398e-01 7.926616072654724121e-01 1.920836716890335083e-01 2.673918604850769043e-01 4.068542718887329102e-01 -8.734822869300842285e-01
-7.676181197166442871e-01 6.145460009574890137e-01 1.819222867488861084e-01 5.681493878364562988e-02 3.479821681976318359e-01 -9.357780218124389648e-01
5.023475289344787598e-01 -8.633249998092651367e-01 -4.813464358448982239e-02 -1.484108120203018188e-01 -3.124662116169929504e-02 -9.884320497512817383e-01
-8.423932790756225586e-01 -4.108933806419372559e-01 3.486261367797851562e-01 -2.331365048885345459e-01 8.611869812011718750e-01 4.516683816909790039e-01
7.045688629150390625e-01 7.086463570594787598e-01 3.745710104703903198e-02 1.132301613688468933e-01 -6.015768647193908691e-02 -9.917459487915039062e-01
-9.848971962928771973e-01 1.730870604515075684e-01 4.288122057914733887e-03 -2.222668845206499100e-03 1.212508603930473328e-02 -9.999240636825561523e-01
6.370037198066711426e-01 1.310022920370101929e-01 7.596477270126342773e-01 -6.582748889923095703e-01 6.052330136299133301e-01 4.476240575313568115e-01
6.414611935615539551e-01 1.047845482826232910e-01 7.599656581878662109e-01 -6.424462199211120605e-01 6.147813200950622559e-01 4.575005769729614258e-01
-1.111937314271926880e-02 4.700365662574768066e-02 9.988328814506530762e-01 -9.999381899833679199e-01 -3.961157635785639286e-04 -1.111303735524415970e-02
-1.002801209688186646e-02 1.874372921884059906e-02 9.997740387916564941e-01 -9.998291134834289551e-01 -1.571755856275558472e-02 -9.733891114592552185e-03
-2.212500870227813721e-01 9.751147627830505371e-01 1.413002610206604004e-02 -1.062197014689445496e-01 -9.692905470728874207e-03 -9.942954778671264648e-01
-6.421260833740234375e-01 -2.291795909404754639e-01 7.315400838851928711e-01 -1.155833899974822998e-02 9.570527076721191406e-01 2.896834611892700195e-01
-1.662900149822235107e-01 9.859024286270141602e-01 1.854962110519409180e-02 2.300356514751911163e-03 1.919934339821338654e-02 -9.998130202293395996e-01
-3.348924219608306885e-01 9.417697787284851074e-01 3.027789667248725891e-02 3.753355890512466431e-02 4.544100537896156311e-02 -9.982616901397705078e-01
-8.495715260505676270e-01 2.465494908392429352e-02 -5.268969535827636719e-01 1.149799227714538574e-01 9.835422039031982422e-01 -1.393716186285018921e-01
1.699252054095268250e-02 8.192170858383178711e-01 -5.732318162918090820e-01 -9.988645911216735840e-01 3.942868858575820923e-02 2.673862874507904053e-02
5.901979207992553711e-01 -2.667441368103027344e-01 -7.619147300720214844e-01 3.175442218780517578e-01 9.444555044174194336e-01 -8.467352390289306641e-02
-5.856849551200866699e-01 -8.037275671958923340e-01 -1.048581972718238831e-01 1.118102297186851501e-02 1.213448122143745422e-01 -9.925474524497985840e-01
9.466007947921752930e-01 3.224081397056579590e-01 -4.088090281584300101e-05 2.097392221912741661e-03 -6.284808274358510971e-03 -9.999780654907226562e-01
-2.475835680961608887e-01 4.823310077190399170e-01 -8.402733206748962402e-01 -9.123573303222656250e-01 1.757929474115371704e-01 3.697309494018554688e-01
-2.571932673454284668e-01 -9.652699828147888184e-01 -4.588613286614418030e-02 -3.549253940582275391e-02 5.688700452446937561e-02 -9.977495670318603516e-01
-5.341969132423400879e-01 -8.428840637207031250e-01 -6.465354561805725098e-02 -2.192028611898422241e-01 2.119767963886260986e-01 -9.523738622665405273e-01
9.082648158073425293e-01 4.127744436264038086e-01 6.835443526506423950e-02 -4.832740873098373413e-02 2.657800614833831787e-01 -9.628216028213500977e-01
-3.076878003776073456e-02 4.493982195854187012e-01 -8.928015232086181641e-01 -9.842002987861633301e-01 -1.694426089525222778e-01 -5.137150734663009644e-02
3.403500188142061234e-03 3.279201388359069824e-01 -9.446993470191955566e-01 -9.996740818023681641e-01 -2.278717420995235443e-02 -1.151134911924600601e-02
4.647223651409149170e-01 8.845180869102478027e-01 4.075516015291213989e-02 -1.070231124758720398e-01 1.018002480268478394e-01 -9.890312552452087402e-01
1.300135999917984009e-01 9.909850955009460449e-01 3.232851997017860413e-02 1.305466294288635254e-01 1.521239522844552994e-02 -9.913254976272583008e-01
9.999533891677856445e-01 -9.641187265515327454e-03 -5.844811093993484974e-04 -5.844823899678885937e-04 2.687582991711678915e-06 -9.999998211860656738e-01
9.999848604202270508e-01 -1.184837776236236095e-03 5.383733659982681274e-03 5.384658928960561752e-03 7.794979610480368137e-04 -9.999852180480957031e-01
9.998977780342102051e-01 1.151593751274049282e-03 -1.425184682011604309e-02 -1.425180770456790924e-02 -4.252356302458792925e-05 -9.998984336853027344e-01
-3.019449673593044281e-02 -1.993317455053329468e-01 -9.794667959213256836e-01 -9.992300271987915039e-01 3.058208897709846497e-02 2.457997202873229980e-02
-3.220545649528503418e-01 9.438404440879821777e-01 7.379784435033798218e-02 1.211156547069549561e-01 1.183860898017883301e-01 -9.855535626411437988e-01
-3.996175825595855713e-01 9.108973145484924316e-01 1.028197109699249268e-01 2.480451762676239014e-01 2.154309749603271484e-01 -9.444909095764160156e-01
-7.094820141792297363e-01 7.020551562309265137e-01 6.126848980784416199e-02 1.972880661487579346e-01 2.813315689563751221e-01 -9.391112923622131348e-01
-9.542061090469360352e-01 4.363959282636642456e-02 2.959498763084411621e-01 -2.119527384638786316e-02 9.769538640975952148e-01 -2.123958617448806763e-01
9.997549653053283691e-01 2.048626774922013283e-03 2.204208076000213623e-02 2.204197831451892853e-02 7.265320891747251153e-05 -9.997570514678955078e-01
9.996585249900817871e-01 1.616539666429162025e-03 2.608129382133483887e-02 2.608079835772514343e-02 3.271217283327132463e-04 -9.996598362922668457e-01
-9.910198450088500977e-01 1.336340159177780151e-01 -4.660958889871835709e-03 5.605751182883977890e-03 6.694618612527847290e-03 -9.999619126319885254e-01
7.724698185920715332e-01 6.339217424392700195e-01 3.786257654428482056e-02 1.766149997711181641e-01 -1.571812927722930908e-01 -9.716487526893615723e-01
8.326486945152282715e-01 5.523449182510375977e-01 4.014121368527412415e-02 1.008249521255493164e-01 -7.992138713598251343e-02 -9.916889667510986328e-01
9.015608429908752441e-01 -4.326409399509429932e-01 3.157638944685459137e-03 1.035693008452653885e-02 1.428495440632104874e-02 -9.998443126678466797e-01
-4.188393801450729370e-02 -1.309146918356418610e-02 9.990367293357849121e-01 1.961981505155563354e-02 9.997106194496154785e-01 1.392284594476222992e-02
5.611602589488029480e-02 -9.652759432792663574e-01 -2.551339566707611084e-01 -9.977749586105346680e-01 -4.500335454940795898e-02 -4.919183254241943359e-02
4.667954519391059875e-02 -5.093699097633361816e-01 8.592807054519653320e-01 -9.636062383651733398e-01 -2.496344894170761108e-01 -9.563300758600234985e-02
6.606700271368026733e-02 -7.710170745849609375e-01 -6.333780288696289062e-01 -9.867849349975585938e-01 4.363620281219482422e-02 -1.560492813587188721e-01
-9.999874830245971680e-01 -4.061390180140733719e-03 -2.934519434347748756e-03 2.929350128397345543e-03 1.278150477446615696e-03 -9.999949336051940918e-01
-9.999007582664489746e-01 -1.327475253492593765e-02 -4.727975931018590927e-03 4.748633131384849548e-03 -1.525013940408825874e-03 -9.999876022338867188e-01
-1.376586705446243286e-01 9.904549121856689453e-01 7.013825234025716782e-03 -1.104786619544029236e-02 5.545386113226413727e-03 -9.999235868453979492e-01
1.511773467063903809e-02 5.151783823966979980e-01 -8.569496870040893555e-01 -8.940159082412719727e-01 -3.768482804298400879e-01 -2.423241138458251953e-01
1.574601419270038605e-02 6.509916186332702637e-01 -7.589216232299804688e-01 -8.792873620986938477e-01 -3.523447811603546143e-01 -3.204793930053710938e-01
-1.237739343196153641e-02 9.802467823028564453e-01 -1.973907947540283203e-01 -9.986258149147033691e-01 -2.217166125774383545e-02 -4.748608916997909546e-02
6.082842871546745300e-02 -5.677372813224792480e-01 -8.209593892097473145e-01 -9.623784422874450684e-01 1.848521828651428223e-01 -1.991419345140457153e-01
-9.365398287773132324e-01 4.040600731968879700e-02 3.482248783111572266e-01 1.162454485893249512e-03 9.936877489089965820e-01 -1.121754050254821777e-01
-9.435925483703613281e-01 3.303605616092681885e-01 -2.225032448768615723e-02 4.208860546350479126e-02 5.301846936345100403e-02 -9.977061748504638672e-01
-1.732395403087139130e-02 4.589209854602813721e-01 -8.883082270622253418e-01 -9.997521638870239258e-01 -2.037528157234191895e-02 8.971000090241432190e-03
9.742466211318969727e-01 2.242317646741867065e-01 -2.374385111033916473e-02 -6.032995879650115967e-04 -1.027085185050964355e-01 -9.947113394737243652e-01
-3.546164184808731079e-02 9.964376688003540039e-02 -9.943910837173461914e-01 -9.993245601654052734e-01 6.063282489776611328e-03 3.624515235424041748e-02
-1.376749426126480103e-01 6.821973323822021484e-01 -7.180894613265991211e-01 -9.292262792587280273e-01 1.620338410139083862e-01 3.320898711681365967e-01
-2.056490443646907806e-02 3.305895924568176270e-01 -9.435505867004394531e-01 -9.996069669723510742e-01 -2.478360757231712341e-02 1.310329139232635498e-02
3.307518661022186279e-01 9.434598684310913086e-01 2.206381782889366150e-02 2.332298830151557922e-02 1.520058512687683105e-02 -9.996123909950256348e-01
3.391980230808258057e-01 9.404720664024353027e-01 2.137769758701324463e-02 -3.133427724242210388e-02 3.400776535272598267e-02 -9.989302754402160645e-01
3.095583319664001465e-01 9.506685137748718262e-01 2.007777243852615356e-02 -3.799131605774164200e-03 2.235128544270992279e-02 -9.997429847717285156e-01
7.070954442024230957e-01 7.060298323631286621e-01 3.921667486429214478e-02 2.998970150947570801e-01 -2.492008805274963379e-01 -9.208478331565856934e-01
6.075347065925598145e-01 -7.942557930946350098e-01 -7.703451439738273621e-03 2.895979881286621094e-01 2.305266559123992920e-01 -9.289727807044982910e-01
9.048156738281250000e-01 1.740529686212539673e-01 -3.886055350303649902e-01 -2.635440826416015625e-01 9.457434415817260742e-01 -1.900367587804794312e-01
1.220583100803196430e-03 -7.966437377035617828e-03 9.999675750732421875e-01 -9.999986290931701660e-01 1.132061588577926159e-03 1.229639863595366478e-03
1.445611845701932907e-02 3.577363491058349609e-01 -9.337107539176940918e-01 -9.930498003959655762e-01 1.142207235097885132e-01 2.838701382279396057e-02
1.540413475595414639e-03 2.836628630757331848e-02 -9.995964169502258301e-01 -9.996832013130187988e-01 -2.506873011589050293e-02 -2.251941245049238205e-03
9.548304677009582520e-01 2.971439957618713379e-01 -2.081466605886816978e-03 -5.239701364189386368e-03 9.832569397985935211e-03 -9.999379515647888184e-01
-9.999956488609313965e-01 -2.148202620446681976e-03 2.039433922618627548e-03 -2.041789470240473747e-03 1.094874111004173756e-03 -9.999973177909851074e-01
9.514124989509582520e-01 -3.077497482299804688e-01 1.021497789770364761e-02 1.607192680239677429e-02 1.650290191173553467e-02 -9.997346401214599609e-01
7.301983237266540527e-01 6.815934777259826660e-01 4.733703657984733582e-02 -9.646935015916824341e-02 1.714420914649963379e-01 -9.804597496986389160e-01
9.999998211860656738e-01 6.538265733979642391e-04 2.105300081893801689e-04 2.105597668560221791e-04 -4.544566036202013493e-05 -1.000000000000000000e+00
-9.999938011169433594e-01 -2.505171578377485275e-03 2.500184345990419388e-03 -2.504929900169372559e-03 1.892953878268599510e-03 -9.999951124191284180e-01
-1.156482729129493237e-03 -4.137345403432846069e-02 9.991431236267089844e-01 -9.998394250869750977e-01 1.791752316057682037e-02 -4.153432673774659634e-04
2.449200898408889771e-01 -9.693399667739868164e-01 -1.985428854823112488e-02 -8.747664093971252441e-02 -1.698723062872886658e-03 -9.961651563644409180e-01
-2.034206986427307129e-01 -9.790375828742980957e-01 1.026988215744495392e-02 -9.711384028196334839e-02 9.738250635564327240e-03 -9.952256679534912109e-01
-9.929853677749633789e-01 -1.118818819522857666e-01 -3.824388235807418823e-02 4.060743004083633423e-02 -1.892260462045669556e-02 -9.989960193634033203e-01
-7.746671885251998901e-02 4.119925573468208313e-02 -9.961433410644531250e-01 -5.360509455204010010e-02 9.975284934043884277e-01 4.542522504925727844e-02
9.530838727951049805e-01 3.007457256317138672e-01 -3.439751639962196350e-02 -3.940065950155258179e-02 1.058452948927879333e-02 -9.991674423217773438e-01
9.983090758323669434e-01 5.428135395050048828e-02 -2.079810388386249542e-02 -2.153510786592960358e-02 1.302799209952354431e-02 -9.996832013130187988e-01
9.999973773956298828e-01 -1.932124607264995575e-03 -1.241700723767280579e-03 -1.240027602761983871e-03 8.668918744660913944e-04 -9.999988675117492676e-01
6.400342583656311035e-01 -7.678765654563903809e-01 -2.686534821987152100e-02 1.019228994846343994e-01 1.195062398910522461e-01 -9.875879883766174316e-01
9.538567662239074707e-01 -3.001666963100433350e-01 7.570693269371986389e-03 3.948833793401718140e-02 1.004099547863006592e-01 -9.941622614860534668e-01
9.322383999824523926e-01 -3.618443608283996582e-01 5.083489231765270233e-04 6.254080682992935181e-03 1.470800861716270447e-02 -9.998723268508911133e-01
7.430413365364074707e-02 -9.971089363098144531e-01 -1.589718833565711975e-02 -6.040612980723381042e-02 1.141168829053640366e-02 -9.981086850166320801e-01
2.737379670143127441e-01 -9.614845514297485352e-01 -2.480030059814453125e-02 1.097477041184902191e-02 2.890597842633724213e-02 -9.995219111442565918e-01
-4.352025687694549561e-03 2.892662305384874344e-03 9.999863505363464355e-01 -9.999902248382568359e-01 7.671006605960428715e-04 -4.354261793196201324e-03
-8.788033388555049896e-03 1.906217187643051147e-01 9.816243052482604980e-01 -9.994742274284362793e-01 -3.231286257505416870e-02 -2.672998234629631042e-03
-8.242894895374774933e-03 1.029812768101692200e-01 9.946491718292236328e-01 -9.999639987945556641e-01 1.168455928564071655e-03 -8.407916873693466187e-03
-6.902242079377174377e-03 9.759093821048736572e-02 9.952027201652526855e-01 -9.994005560874938965e-01 3.309113904833793640e-02 -1.017631869763135910e-02
-9.996559619903564453e-01 2.603472955524921417e-02 -3.197041340172290802e-03 3.391940146684646606e-03 7.445387542247772217e-03 -9.999665617942810059e-01
-9.988479018211364746e-01 -4.794768616557121277e-02 1.991414697840809822e-03 -2.119415439665317535e-03 2.618897007778286934e-03 -9.999943375587463379e-01
-9.998556971549987793e-01 -1.679416559636592865e-02 2.567304065451025963e-03 -2.539375331252813339e-03 -1.684097223915159702e-03 -9.999954104423522949e-01
-9.076005816459655762e-01 4.197549521923065186e-01 -8.184694685041904449e-03 -6.830719299614429474e-03 -3.425633534789085388e-02 -9.993897676467895508e-01
-9.824072718620300293e-01 1.866936832666397095e-01 -4.630280192941427231e-03 5.207001697272062302e-03 2.598877297714352608e-03 -9.999830722808837891e-01
-9.892273545265197754e-01 1.462537199258804321e-01 -6.256765685975551605e-03 -9.573396295309066772e-03 -1.072836443781852722e-01 -9.941823482513427734e-01
-9.995990395545959473e-01 2.829865179955959320e-02 -1.005072961561381817e-03 1.132518053054809570e-03 4.487907513976097107e-03 -9.999893307685852051e-01
-9.996742606163024902e-01 2.542117051780223846e-02 -2.282888162881135941e-03 2.410262590274214745e-03 4.981055855751037598e-03 -9.999847412109375000e-01
-9.993789792060852051e-01 -3.522934764623641968e-02 7.709945202805101871e-04 -1.297192531637847424e-03 1.491594035178422928e-02 -9.998879432678222656e-01
-9.996120333671569824e-01 -2.781204320490360260e-02 1.530969864688813686e-03 -1.477222889661788940e-03 -1.952949445694684982e-03 -9.999970197677612305e-01
-3.765255445614457130e-03 6.676010088995099068e-04 9.999927282333374023e-01 -9.999928474426269531e-01 3.786436573136597872e-04 -3.765508998185396194e-03
-9.999909996986389160e-01 -4.132450092583894730e-03 9.526104549877345562e-04 -9.577766177244484425e-04 1.248319516889750957e-03 -9.999988079071044922e-01
-1.635285168886184692e-01 9.864951372146606445e-01 -9.259102866053581238e-03 1.013476327061653137e-01 7.462843321263790131e-03 -9.948230981826782227e-01
-9.117228388786315918e-01 -4.041971862316131592e-01 -7.338982075452804565e-02 -5.454796180129051208e-02 2.961801588535308838e-01 -9.535732269287109375e-01
-2.201333045959472656e-01 -9.753780961036682129e-01 -1.338092237710952759e-02 -1.321501936763525009e-02 1.669809408485889435e-02 -9.997732639312744141e-01
-2.983124256134033203e-01 -9.544018507003784180e-01 -1.126298494637012482e-02 -1.425042934715747833e-02 1.625251770019531250e-02 -9.997663497924804688e-01
-2.077222019433975220e-01 -9.781137704849243164e-01 -1.204163115471601486e-02 -2.039463957771658897e-03 1.274317037314176559e-02 -9.999167919158935547e-01
-1.991272568702697754e-01 -9.799257516860961914e-01 -9.695378132164478302e-03 -3.075256012380123138e-02 1.613714545965194702e-02 -9.993967413902282715e-01
3.561781719326972961e-02 -9.993447065353393555e-01 -6.444665603339672089e-03 2.978519909083843231e-02 7.507427129894495010e-03 -9.995281100273132324e-01
9.740802049636840820e-01 -2.261739522218704224e-01 3.621101612225174904e-03 -4.208527039736509323e-03 -3.412596136331558228e-02 -9.994087219238281250e-01
8.749225735664367676e-01 4.842627644538879395e-01 -2.430021704640239477e-04 7.876659929752349854e-02 -1.428035348653793335e-01 -9.866119027137756348e-01
9.776004552841186523e-01 2.097048163414001465e-01 1.792398095130920410e-02 1.371959783136844635e-02 2.148672379553318024e-02 -9.996749758720397949e-01
9.806577563285827637e-01 -1.957172751426696777e-01 -2.253147307783365250e-03 -6.281690672039985657e-03 -1.996519975364208221e-02 -9.997809529304504395e-01
9.413504004478454590e-01 -3.374221026897430420e-01 2.409792738035321236e-03 -2.375614270567893982e-02 -7.339610159397125244e-02 -9.970198869705200195e-01
-9.782798886299133301e-01 -2.037886381149291992e-01 3.793023154139518738e-02 -3.640412911772727966e-02 -1.123355049639940262e-02 -9.992740154266357422e-01
-9.869080781936645508e-01 -1.550285369157791138e-01 -4.448133707046508789e-02 5.840605497360229492e-02 -8.645401149988174438e-02 -9.945423603057861328e-01
1.916105160489678383e-03 4.547039419412612915e-02 9.989638328552246094e-01 -9.999979138374328613e-01 -6.301295361481606960e-04 1.946770469658076763e-03
5.037531256675720215e-01 -8.626306653022766113e-01 -4.583812132477760315e-02 4.780071228742599487e-02 8.081718534231185913e-02 -9.955821037292480469e-01
-2.751626633107662201e-02 -9.881469607353210449e-01 -1.510248333215713501e-01 -9.948372840881347656e-01 4.183373972773551941e-02 -9.245949983596801758e-02
3.715147078037261963e-01 -9.272547960281372070e-01 -4.664178565144538879e-02 -2.125963754951953888e-02 4.172783717513084412e-02 -9.989028573036193848e-01
-9.999298453330993652e-01 1.184741035103797913e-02 -6.621555803576484323e-05 1.574977068230509758e-04 7.704052142798900604e-03 -9.999703168869018555e-01
-1.785888220183551311e-03 -1.106162555515766144e-02 9.999372363090515137e-01 -9.999874830245971680e-01 -4.657875746488571167e-03 -1.837504678405821323e-03
-9.999984502792358398e-01 -8.865617564879357815e-04 1.552196219563484192e-03 -1.551709137856960297e-03 -5.498316022567451000e-04 -9.999986886978149414e-01
-1.671622041612863541e-03 -2.239302964881062508e-03 9.999961256980895996e-01 -9.999979734420776367e-01 -1.167675945907831192e-03 -1.674239756539463997e-03
-4.218168091028928757e-03 1.458802539855241776e-02 9.998847246170043945e-01 -9.999823570251464844e-01 4.126290325075387955e-03 -4.278780892491340637e-03
-9.989269375801086426e-01 4.607632756233215332e-02 -4.692883696407079697e-03 4.551337566226720810e-03 -3.176418831571936607e-03 -9.999846220016479492e-01
-9.999944567680358887e-01 2.398332813754677773e-03 -2.313414122909307480e-03 2.316313795745372772e-03 1.206899061799049377e-03 -9.999966025352478027e-01
-9.981458187103271484e-01 6.081139668822288513e-02 -2.639857586473226547e-03 3.101337468251585960e-03 7.495570462197065353e-03 -9.999671578407287598e-01
-9.903009533882141113e-01 1.382203102111816406e-01 -1.411665603518486023e-02 1.543820463120937347e-02 8.493724279105663300e-03 -9.998447895050048828e-01
-9.999278783798217773e-01 -1.167937740683555603e-02 2.801551483571529388e-03 -2.805567113682627678e-03 3.274443733971565962e-04 -9.999960064888000488e-01
-9.999039173126220703e-01 -1.356943044811487198e-02 2.841597888618707657e-03 -2.756507601588964462e-03 -6.285334471613168716e-03 -9.999764561653137207e-01
-3.436075989156961441e-03 8.118164842016994953e-04 9.999938011169433594e-01 -9.999940395355224609e-01 -4.135056806262582541e-04 -3.435741178691387177e-03
-9.999371170997619629e-01 1.059723366051912308e-02 -3.681166796013712883e-03 3.660049056634306908e-03 -2.011433709412813187e-03 -9.999912977218627930e-01
2.134068123996257782e-02 9.013863652944564819e-02 -9.957005977630615234e-01 -9.994071722030639648e-01 -2.498878538608551025e-02 -2.368230372667312622e-02
9.907694458961486816e-01 -1.327803879976272583e-01 2.730116434395313263e-02 2.820235677063465118e-02 4.910784307867288589e-03 -9.995901584625244141e-01
-9.720140136778354645e-03 2.886414341628551483e-02 9.995360970497131348e-01 -9.998349547386169434e-01 -1.562578044831752777e-02 -9.271809831261634827e-03
-1.065564528107643127e-02 -7.444119453430175781e-02 9.971684813499450684e-01 -9.995391964912414551e-01 2.913742326200008392e-02 -8.505794219672679901e-03
-1.007732655853033066e-02 1.683738455176353455e-02 9.998074769973754883e-01 -9.998509287834167480e-01 -1.419221609830856323e-02 -9.838758967816829681e-03
-9.746336378157138824e-03 2.763146907091140747e-02 9.995706677436828613e-01 -9.997884035110473633e-01 -1.838028058409690857e-02 -9.240366518497467041e-03
-9.998584389686584473e-01 -1.637675985693931580e-02 -3.869640175253152847e-03 3.824143204838037491e-03 2.808557590469717979e-03 -9.999887943267822266e-01
-9.986182451248168945e-01 5.239894613623619080e-02 -3.999329172074794769e-03 4.685148131102323532e-03 1.297211740165948868e-02 -9.999049305915832520e-01
-9.989459514617919922e-01 4.558538645505905151e-02 -5.383668933063745499e-03 5.020218435674905777e-03 -8.083685301244258881e-03 -9.999547600746154785e-01
-1.241523772478103638e-01 9.921393394470214844e-01 1.567630097270011902e-02 -2.089606225490570068e-02 1.318083144724369049e-02 -9.996947646141052246e-01
-1.729642450809478760e-01 9.847626686096191406e-01 1.805215701460838318e-02 1.702969335019588470e-02 2.131575904786586761e-02 -9.996277689933776855e-01
-1.322996467351913452e-01 -6.788301467895507812e-01 -7.222786545753479004e-01 -9.530777335166931152e-01 2.872898876667022705e-01 -9.543298929929733276e-02
-4.993360638618469238e-01 8.656782507896423340e-01 3.556340932846069336e-02 7.500085234642028809e-02 8.408157527446746826e-02 -9.936323165893554688e-01
-4.766984283924102783e-01 8.782651424407958984e-01 3.753650188446044922e-02 6.846547871828079224e-02 7.966411858797073364e-02 -9.944677948951721191e-01
-5.715408325195312500e-01 8.194528222084045410e-01 4.287423193454742432e-02 1.156945377588272095e-01 1.321999281644821167e-01 -9.844480752944946289e-01
3.100406229496002197e-01 -9.505803585052490234e-01 -1.648802682757377625e-02 -1.441870927810668945e-01 -2.987180463969707489e-02 -9.890994429588317871e-01
-9.854449629783630371e-01 -1.686172932386398315e-01 2.160056307911872864e-02 -2.358463406562805176e-02 9.772618301212787628e-03 -9.996740818023681641e-01
-5.585060715675354004e-01 -8.290867805480957031e-01 2.619412727653980255e-02 9.378557093441486359e-03 -3.788764402270317078e-02 -9.992380142211914062e-01
6.043173074722290039e-01 -7.966905236244201660e-01 -9.216820821166038513e-03 -3.078891709446907043e-02 -1.179186254739761353e-02 -9.994563460350036621e-01
9.417458176612854004e-01 3.363252580165863037e-01 -4.615283978637307882e-04 3.847115673124790192e-03 -1.214448083192110062e-02 -9.999188780784606934e-01
-2.380035519599914551e-01 9.712573885917663574e-01 -3.667432349175214767e-03 1.706643253564834595e-01 3.810297697782516479e-02 -9.845921993255615234e-01
-5.377152701839804649e-04 -3.678596615791320801e-01 9.298811554908752441e-01 -9.888206124305725098e-01 -1.384581327438354492e-01 -5.534563586115837097e-02
-7.257324643433094025e-03 -3.231405019760131836e-01 9.463232159614562988e-01 -9.882786273956298828e-01 -1.419934034347534180e-01 -5.606549605727195740e-02
8.942195214331150055e-03 -4.006844758987426758e-01 9.161725044250488281e-01 -9.851911664009094238e-01 -1.604156494140625000e-01 -6.054131686687469482e-02
-6.000964045524597168e-01 -7.885214686393737793e-01 -1.346042305231094360e-01 -8.148963004350662231e-02 2.276559472084045410e-01 -9.703258872032165527e-01
-9.052693843841552734e-01 -4.029023945331573486e-01 -1.347479820251464844e-01 1.053724437952041626e-02 2.957833409309387207e-01 -9.551969766616821289e-01
4.274341464042663574e-02 -4.225008189678192139e-01 9.053541421890258789e-01 -9.251010417938232422e-01 -3.589593768119812012e-01 -1.238395869731903076e-01
9.647541642189025879e-01 2.629581689834594727e-01 -1.012103166431188583e-02 -1.218241080641746521e-02 6.209910847246646881e-03 -9.999065399169921875e-01
1.447849906980991364e-03 3.367183208465576172e-01 -9.416043162345886230e-01 -9.932988882064819336e-01 -1.083324328064918518e-01 -4.026709124445915222e-02
-2.980359643697738647e-02 3.661320805549621582e-01 -9.300855398178100586e-01 -9.539220333099365234e-01 -2.883618772029876709e-01 -8.294744789600372314e-02
-2.857200056314468384e-02 3.666559457778930664e-01 -9.299178123474121094e-01 -9.540166258811950684e-01 -2.877064943313598633e-01 -8.412694185972213745e-02
-2.724567428231239319e-03 3.689081966876983643e-01 -9.294618368148803711e-01 -9.924220442771911621e-01 1.131837442517280579e-01 4.783233255147933960e-02
-2.909342572093009949e-02 3.662779629230499268e-01 -9.300504922866821289e-01 -9.539808034896850586e-01 -2.879860401153564453e-01 -8.357435464859008789e-02
8.564653396606445312e-01 4.993222057819366455e-01 1.309367567300796509e-01 -5.174507945775985718e-02 3.354207575321197510e-01 -9.406462907791137695e-01
6.110886931419372559e-01 7.851306796073913574e-01 1.006998494267463684e-01 -1.370834261178970337e-01 2.302633821964263916e-01 -9.634245634078979492e-01
6.798077225685119629e-01 7.259746193885803223e-01 1.040305420756340027e-01 -4.048816114664077759e-02 1.787830144166946411e-01 -9.830551147460937500e-01
2.810808122158050537e-01 9.591232538223266602e-01 3.280507773160934448e-02 -5.912174284458160400e-02 5.142425000667572021e-02 -9.969253540039062500e-01
3.869284875690937042e-03 -3.033688408322632313e-04 -9.999924898147583008e-01 -9.999925494194030762e-01 1.343533076578751206e-04 -3.869325621053576469e-03
9.999986886978149414e-01 7.380851893685758114e-04 1.475633005611598492e-03 1.475206459872424603e-03 5.781258805654942989e-04 -9.999987483024597168e-01
9.999391436576843262e-01 -1.069762744009494781e-02 2.708017360419034958e-03 2.774401102215051651e-03 6.195503287017345428e-03 -9.999769926071166992e-01
9.997588992118835449e-01 -2.169885672628879547e-02 3.377680433914065361e-03 3.425386501476168633e-03 2.161764306947588921e-03 -9.999918341636657715e-01
9.991849660873413086e-01 3.982667997479438782e-02 6.579854525625705719e-03 6.167842075228691101e-03 1.045915763825178146e-02 -9.999263286590576172e-01
3.380433889105916023e-03 4.176856018602848053e-03 -9.999855756759643555e-01 -9.999932646751403809e-01 1.465608482249081135e-03 -3.374338150024414062e-03
9.999989867210388184e-01 -1.166769303381443024e-03 8.267708471976220608e-04 8.273750427179038525e-04 5.173542303964495659e-04 -9.999995827674865723e-01
7.247909670695662498e-04 -7.512881420552730560e-04 -9.999995231628417969e-01 -9.999996423721313477e-01 4.919459461234509945e-04 -7.251607021316885948e-04
7.408631499856710434e-04 1.530588953755795956e-03 -9.999985694885253906e-01 -9.999994635581970215e-01 -7.641928386874496937e-04 -7.420335896313190460e-04
1.908739679493010044e-03 -1.485033892095088959e-03 -9.999970793724060059e-01 -9.999981522560119629e-01 3.134890575893223286e-04 -1.909207319840788841e-03
2.515560481697320938e-03 -2.149272942915558815e-03 -9.999945759773254395e-01 -9.999960064888000488e-01 1.299830968491733074e-03 -2.518357941880822182e-03
9.473741650581359863e-01 3.200639784336090088e-01 -6.420850753784179688e-03 -8.596684783697128296e-03 5.385663360357284546e-03 -9.999485611915588379e-01
9.412411451339721680e-01 3.374933898448944092e-01 -1.278293970972299576e-02 -2.403114549815654755e-02 2.917181514203548431e-02 -9.992855191230773926e-01
9.526212215423583984e-01 3.041523396968841553e-01 2.047866350039839745e-03 1.396032609045505524e-02 -3.699672222137451172e-02 -9.992179274559020996e-01
9.384849071502685547e-01 3.453183770179748535e-01 -1.166128786280751228e-03 2.173126302659511566e-02 -6.242946535348892212e-02 -9.978128075599670410e-01
-7.361934781074523926e-01 6.745003461837768555e-01 5.539344996213912964e-02 1.225008144974708557e-01 2.133072018623352051e-01 -9.692748188972473145e-01
-2.503501309547573328e-04 -1.446303427219390869e-01 9.894857406616210938e-01 -9.999890327453613281e-01 4.669112619012594223e-03 4.294636019039899111e-04
1.764125004410743713e-02 -6.646925210952758789e-02 -9.976325631141662598e-01 -9.997846484184265137e-01 -1.208371296525001526e-02 -1.687420345842838287e-02
9.938413500785827637e-01 -1.074838042259216309e-01 2.695677988231182098e-02 2.291905134916305542e-02 -3.862607851624488831e-02 -9.989908933639526367e-01
1.832873746752738953e-02 -1.379344146698713303e-03 -9.998310804367065430e-01 -9.998320341110229492e-01 1.720528234727680683e-04 -1.832899264991283417e-02
9.788416028022766113e-01 2.045114487409591675e-01 6.649667862802743912e-03 1.665040664374828339e-02 -4.721879214048385620e-02 -9.987457990646362305e-01
8.975312113761901855e-01 4.403203129768371582e-01 2.357585355639457703e-02 1.596947573125362396e-02 2.097236923873424530e-02 -9.996525049209594727e-01
9.901826977729797363e-01 1.386761069297790527e-01 1.753081753849983215e-02 1.742057316005229950e-02 2.008810872212052345e-03 -9.998462796211242676e-01
9.997812509536743164e-01 2.209563739597797394e-03 2.080223150551319122e-02 2.080016396939754486e-02 9.555551805533468723e-04 -9.997832179069519043e-01
9.997654557228088379e-01 1.010770793072879314e-03 2.163563482463359833e-02 2.163537032902240753e-02 2.713854191824793816e-04 -9.997659325599670410e-01
9.997338652610778809e-01 -1.154419500380754471e-03 2.304392494261264801e-02 2.304505370557308197e-02 9.729643352329730988e-04 -9.997339844703674316e-01
9.996789693832397461e-01 1.234026858583092690e-03 2.530951611697673798e-02 2.531052380800247192e-02 -8.077519596554338932e-04 -9.996793270111083984e-01
9.927048087120056152e-01 1.192919313907623291e-01 1.751045137643814087e-02 1.725668646395206451e-02 3.160004504024982452e-03 -9.998461008071899414e-01
9.758382439613342285e-01 -2.166492342948913574e-01 2.833619900047779083e-02 3.693151473999023438e-02 3.572788462042808533e-02 -9.986789226531982422e-01
9.796006083488464355e-01 -1.989853680133819580e-01 2.806285582482814789e-02 3.238831087946891785e-02 1.851537823677062988e-02 -9.993038773536682129e-01
-7.384586930274963379e-01 6.497385501861572266e-01 1.803290992975234985e-01 1.917783729732036591e-02 2.875614762306213379e-01 -9.575701355934143066e-01
-1.545053124427795410e-01 9.866505861282348633e-01 5.146631225943565369e-02 -5.745541304349899292e-02 4.303080961108207703e-02 -9.974203109741210938e-01
9.949132800102233887e-01 1.005899459123611450e-01 5.403854418545961380e-03 9.872236289083957672e-03 -4.397711902856826782e-02 -9.989838004112243652e-01
5.507083535194396973e-01 -8.338657617568969727e-01 -3.725829347968101501e-02 -6.551598757505416870e-02 1.316774636507034302e-03 -9.978506565093994141e-01
9.110741019248962402e-01 -4.102086126804351807e-01 -4.090182855725288391e-02 -3.769734501838684082e-02 1.590047217905521393e-02 -9.991626739501953125e-01
9.937059879302978516e-01 -1.006131842732429504e-01 -4.924812540411949158e-02 -5.060023441910743713e-02 -1.092960685491561890e-02 -9.986592531204223633e-01
-5.988346934318542480e-01 8.001639246940612793e-01 -3.368669003248214722e-02 5.740997381508350372e-03 -3.777249529957771301e-02 -9.992699027061462402e-01
-3.033861219882965088e-01 9.528120756149291992e-01 -1.029573474079370499e-02 1.058284193277359009e-01 2.295487187802791595e-02 -9.941194653511047363e-01
9.626834392547607422e-01 2.689422369003295898e-01 3.017673082649707794e-02 2.828940749168395996e-02 1.089125405997037888e-02 -9.995404481887817383e-01
9.536042809486389160e-01 -3.009318411350250244e-01 8.887195028364658356e-03 2.363076061010360718e-02 4.538849368691444397e-02 -9.986898303031921387e-01
2.653465047478675842e-02 1.499939709901809692e-01 -9.883307218551635742e-01 -9.924544692039489746e-01 1.223472729325294495e-01 -8.077338337898254395e-03
6.499937772750854492e-01 7.592546343803405762e-01 3.225687891244888306e-02 5.263153091073036194e-02 -2.631673822179436684e-03 -9.986105561256408691e-01
-8.615564107894897461e-01 -2.075551301240921021e-01 4.632941782474517822e-01 4.661709535866975784e-03 9.093307256698608398e-01 4.160479903221130371e-01
8.569485545158386230e-01 5.138842463493347168e-01 3.952585905790328979e-02 2.404479980468750000e-01 -3.307783007621765137e-01 -9.125626087188720703e-01
-9.999918341636657715e-01 2.515775850042700768e-03 -3.177219070494174957e-03 3.177471458911895752e-03 9.634982416173443198e-05 -9.999949932098388672e-01
-9.999969601631164551e-01 -9.693352039903402328e-04 -2.267737640067934990e-03 2.267837757244706154e-03 -1.022718788590282202e-04 -9.999974370002746582e-01
-8.557153865694999695e-03 2.264916896820068359e-03 9.999608397483825684e-01 -9.999631047248840332e-01 7.495414465665817261e-04 -8.558870293200016022e-03
-8.084306493401527405e-03 2.786802593618631363e-03 9.999635219573974609e-01 -9.999665021896362305e-01 1.297564129345118999e-03 -8.087947033345699310e-03
-9.999788999557495117e-01 4.540743771940469742e-03 -4.642219748347997665e-03 4.639761056751012802e-03 -5.518380785360932350e-04 -9.999890923500061035e-01
-9.999168515205383301e-01 -1.196468807756900787e-02 -4.821680486202239990e-03 4.850521218031644821e-03 -2.382600214332342148e-03 -9.999853968620300293e-01
9.978572130203247070e-01 6.274099647998809814e-02 -1.856330409646034241e-02 -1.745555549860000610e-02 -1.815815456211566925e-02 -9.996827244758605957e-01
-3.481938242912292480e-01 -9.354445338249206543e-01 -6.086592376232147217e-02 -3.662110865116119385e-02 7.845319807529449463e-02 -9.962449669837951660e-01
2.931715548038482666e-02 -9.993216395378112793e-01 -2.229105681180953979e-02 1.848653331398963928e-02 2.283890172839164734e-02 -9.995682239532470703e-01
9.684626460075378418e-01 -2.491586655378341675e-01 2.478768001310527325e-04 -1.968825794756412506e-02 -7.751857489347457886e-02 -9.967965483665466309e-01
6.429919041693210602e-03 -4.798609297722578049e-03 -9.999678134918212891e-01 -9.999712109565734863e-01 -4.073720425367355347e-03 -6.410392466932535172e-03
9.729616045951843262e-01 -2.309636324644088745e-01 -1.246250234544277191e-03 -8.844138123095035553e-03 -3.186405822634696960e-02 -9.994531273841857910e-01
9.999203085899353027e-01 -1.583223231136798859e-03 1.252552494406700134e-02 1.252423133701086044e-02 -8.239342132583260536e-04 -9.999212622642517090e-01
-2.328626438975334167e-02 -6.500072032213211060e-02 -9.976135492324829102e-01 -9.995089769363403320e-01 2.244038879871368408e-02 2.186837978661060333e-02
-1.435072906315326691e-02 -1.935026794672012329e-02 -9.997097849845886230e-01 -9.998967051506042480e-01 -5.542957223951816559e-04 1.436414197087287903e-02
9.487864375114440918e-01 3.158623278141021729e-01 5.946839228272438049e-03 -6.411969661712646484e-03 3.807353973388671875e-02 -9.992544054985046387e-01
8.094221949577331543e-01 -5.871928930282592773e-01 -6.336722988635301590e-03 -3.743299841880798340e-02 -4.082492366433143616e-02 -9.984648823738098145e-01
9.944207072257995605e-01 1.053935214877128601e-01 4.438218660652637482e-03 7.242769934237003326e-03 -2.624247036874294281e-02 -9.996293783187866211e-01
-2.428086400032043457e-01 9.700738787651062012e-01 -8.058313396759331226e-04 7.292610406875610352e-02 1.742498762905597687e-02 -9.971851110458374023e-01
-6.724921464920043945e-01 7.400848269462585449e-01 -5.361839663237333298e-03 2.217714488506317139e-02 1.290916930884122849e-02 -9.996707439422607422e-01
-9.896898269653320312e-01 1.426512151956558228e-01 -1.283457875251770020e-02 1.370673254132270813e-02 5.132860504090785980e-03 -9.998928904533386230e-01
9.995608329772949219e-01 -2.904574945569038391e-02 5.873608402907848358e-03 5.839719902724027634e-03 -1.251435256563127041e-03 -9.999821782112121582e-01
-3.338722884654998779e-02 1.628313511610031128e-01 -9.860888719558715820e-01 -9.994360804557800293e-01 -8.978757075965404510e-03 3.235649317502975464e-02
9.997498393058776855e-01 -2.209646254777908325e-02 -3.476181533187627792e-03 -3.162044100463390350e-03 1.423571817576885223e-02 -9.998937249183654785e-01
1.010023057460784912e-01 9.948160052299499512e-01 1.181619241833686829e-02 4.766020178794860840e-02 7.025100290775299072e-03 -9.988389015197753906e-01
9.549787044525146484e-01 2.941589057445526123e-01 3.855191916227340698e-02 4.008428379893302917e-02 8.202372118830680847e-04 -9.991959929466247559e-01
7.937536835670471191e-01 -6.077376008033752441e-01 -2.470281533896923065e-02 1.106344312429428101e-01 1.841951608657836914e-01 -9.766432642936706543e-01
7.789340019226074219e-01 -6.265464425086975098e-01 -2.648453228175640106e-02 1.207897588610649109e-01 1.913423240184783936e-01 -9.740626215934753418e-01
-9.979395270347595215e-01 -6.336197257041931152e-02 1.009912509471178055e-02 -1.019888278096914291e-02 1.251157140359282494e-03 -9.999472498893737793e-01
-9.992058277130126953e-01 -3.912770375609397888e-02 7.531100884079933167e-03 -7.749249227344989777e-03 5.426600575447082520e-03 -9.999552965164184570e-01
1.134952809661626816e-02 3.085698783397674561e-01 -9.511339664459228516e-01 -9.999327659606933594e-01 5.767652299255132675e-03 -1.006066519767045975e-02
1.303493604063987732e-02 3.311964869499206543e-01 -9.434717893600463867e-01 -9.876631498336791992e-01 1.515184193849563599e-01 3.954357281327247620e-02
9.665545821189880371e-01 2.563838660717010498e-01 6.293151527643203735e-03 7.929438725113868713e-03 -5.348905920982360840e-03 -9.999542832374572754e-01
9.996192455291748047e-01 2.755562402307987213e-02 1.435087760910391808e-03 1.419499632902443409e-03 5.852475296705961227e-04 -9.999988675117492676e-01
3.410912584513425827e-03 -9.571425616741180420e-04 -9.999937415122985840e-01 -9.999940991401672363e-01 -4.374004201963543892e-04 -3.410495351999998093e-03
1.318932976573705673e-03 9.792875498533248901e-02 -9.951925873756408691e-01 -9.999513626098632812e-01 9.856862016022205353e-03 -3.553066635504364967e-04
4.774197936058044434e-01 8.782162070274353027e-01 2.840099856257438660e-02 -1.972511038184165955e-02 4.302621632814407349e-02 -9.988792538642883301e-01
-4.440845921635627747e-02 -3.743135929107666016e-01 9.262382388114929199e-01 -9.714654088020324707e-01 -2.000475525856018066e-01 -1.274205744266510010e-01
-5.849884822964668274e-03 -8.311600424349308014e-03 -9.999483823776245117e-01 -9.999710917472839355e-01 -4.813347943127155304e-03 5.890026222914457321e-03
9.253885746002197266e-01 -3.790144324302673340e-01 2.024896442890167236e-03 4.547137394547462463e-02 1.057143062353134155e-01 -9.933563470840454102e-01
-2.809035358950495720e-04 -3.248390974476933479e-03 9.999946951866149902e-01 -9.999994039535522461e-01 1.064537442289292812e-03 -2.774467866402119398e-04
-7.926972466520965099e-04 -4.188780672848224640e-03 9.999909400939941406e-01 -9.999966025352478027e-01 2.503263298422098160e-03 -7.822160259820520878e-04
9.999962449073791504e-01 2.749913837760686874e-03 -2.093241637339815497e-04 -2.148364437744021416e-04 2.004385925829410553e-03 -9.999980330467224121e-01
9.999884366989135742e-01 -1.326004043221473694e-03 -4.632627591490745544e-03 -4.633426666259765625e-03 -6.000128923915326595e-04 -9.999890923500061035e-01
-9.976757168769836426e-01 -6.724357604980468750e-02 1.102462317794561386e-02 -1.131511665880680084e-02 3.940698225051164627e-03 -9.999282360076904297e-01
-1.664764583110809326e-01 -9.859983325004577637e-01 9.642242453992366791e-03 -1.346811354160308838e-01 1.305040437728166580e-02 -9.908030629158020020e-01
-6.521583795547485352e-01 -7.352877259254455566e-01 -1.845033615827560425e-01 3.426938354969024658e-01 -6.885144859552383423e-02 -9.369207024574279785e-01
-5.724007487297058105e-01 -8.197528123855590820e-01 1.904702745378017426e-02 -2.566206455230712891e-02 -5.308307241648435593e-03 -9.996566176414489746e-01
-8.257067203521728516e-02 3.946575522422790527e-02 -9.958035349845886230e-01 -4.580260440707206726e-02 9.980094432830810547e-01 4.335106909275054932e-02
9.341495037078857422e-01 -3.566922247409820557e-01 -1.163521129637956619e-02 -3.075922280550003052e-02 -4.798932000994682312e-02 -9.983741641044616699e-01
9.937743544578552246e-01 9.723238646984100342e-02 -5.439126864075660706e-02 -5.454714596271514893e-02 -1.056285691447556019e-03 -9.985106587409973145e-01
9.969189763069152832e-01 -7.767616957426071167e-02 1.090771611779928207e-02 1.078706420958042145e-02 -1.972680212929844856e-03 -9.999399185180664062e-01
8.270887774415314198e-04 -7.470599957741796970e-04 -9.999994039535522461e-01 -9.999997019767761230e-01 1.060865470208227634e-04 -8.271683473140001297e-04
8.513213396072387695e-01 -5.244785547256469727e-01 -1.319924648851156235e-02 -4.316444694995880127e-02 -4.494602605700492859e-02 -9.980564713478088379e-01
-9.997538328170776367e-01 -2.187911048531532288e-02 3.685410134494304657e-03 -3.681943053379654884e-03 -1.987454161280766129e-04 -9.999932050704956055e-01
-9.999463558197021484e-01 -1.014044415205717087e-02 2.114716684445738792e-03 -2.109626540914177895e-03 -5.126461037434637547e-04 -9.999976754188537598e-01
-9.995639920234680176e-01 2.934797108173370361e-02 -3.253067610785365105e-03 3.254184499382972717e-03 -9.706905984785407782e-06 -9.999946951866149902e-01
-9.999991655349731445e-01 -6.755451322533190250e-04 -1.118110958486795425e-03 1.118307118304073811e-03 -2.901605039369314909e-04 -9.999994039535522461e-01
7.514260243624448776e-03 7.942436933517456055e-01 6.075528860092163086e-01 -9.999046921730041504e-01 -1.071150414645671844e-03 1.376719214022159576e-02
2.280624955892562866e-01 5.627828240394592285e-01 7.945206165313720703e-01 -9.397077560424804688e-01 -8.634538948535919189e-02 3.308986425399780273e-01
-2.109611332416534424e-01 9.773443341255187988e-01 1.713132485747337341e-02 -1.153442785143852234e-01 -7.486266084015369415e-03 -9.932973980903625488e-01
-7.383112609386444092e-02 -4.611829221248626709e-01 -8.842281103134155273e-01 -9.466423988342285156e-01 3.113255202770233154e-01 -8.333407342433929443e-02
-1.046905443072319031e-01 -9.944377541542053223e-01 1.155159622430801392e-02 -4.485721699893474579e-03 -1.114313025027513504e-02 -9.999278783798217773e-01
8.889710307121276855e-01 4.574025869369506836e-01 2.265922725200653076e-02 4.620748013257980347e-02 -4.035958275198936462e-02 -9.981161952018737793e-01
9.885135293006896973e-01 -1.481288820505142212e-01 2.998174354434013367e-02 3.805732354521751404e-02 5.198665335774421692e-02 -9.979224205017089844e-01
1.480009853839874268e-01 6.648353338241577148e-01 7.321815490722656250e-01 -9.865304827690124512e-01 1.513951718807220459e-01 6.194452568888664246e-02
8.092074394226074219e-01 5.874736905097961426e-01 -7.624236401170492172e-03 1.105041280388832092e-01 -1.649320572614669800e-01 -9.800950288772583008e-01
3.947942852973937988e-01 9.168394207954406738e-01 5.952268838882446289e-02 -2.041625231504440308e-02 7.352363318204879761e-02 -9.970844984054565430e-01
3.660818561911582947e-03 -1.240674901055172086e-04 -9.999933242797851562e-01 -9.999933242797851562e-01 4.110931695322506130e-05 -3.660823684185743332e-03
9.579842686653137207e-01 -2.868164479732513428e-01 1.603616634383797646e-03 -4.370127338916063309e-03 -2.018638513982295990e-02 -9.997866749763488770e-01
9.979559183120727539e-01 -6.320865452289581299e-02 9.414584375917911530e-03 1.186259370297193527e-02 3.846614062786102295e-02 -9.991894960403442383e-01
9.416828751564025879e-01 3.347818851470947266e-01 -3.397864103317260742e-02 -4.810339212417602539e-02 3.398776054382324219e-02 -9.982639551162719727e-01
9.891524910926818848e-01 -1.447501182556152344e-01 2.499564364552497864e-02 2.483923360705375671e-02 -2.887993585318326950e-03 -9.996873140335083008e-01
9.910888075828552246e-01 -1.304590851068496704e-01 2.689759619534015656e-02 2.840981259942054749e-02 9.743930771946907043e-03 -9.995489120483398438e-01
2.218620479106903076e-02 6.785977748222649097e-04 -9.997536540031433105e-01 -9.997538924217224121e-01 1.260072749573737383e-04 -2.218612283468246460e-02
1.927651092410087585e-02 -8.302078349515795708e-04 -9.998138546943664551e-01 -9.998140931129455566e-01 -5.731738056056201458e-04 -1.927603594958782196e-02
9.998624324798583984e-01 5.498389946296811104e-04 1.657765358686447144e-02 1.657746359705924988e-02 3.532847331371158361e-04 -9.998625516891479492e-01
1.247941609472036362e-02 7.484978437423706055e-02 -9.971167445182800293e-01 -9.997379183769226074e-01 -1.820623315870761871e-02 -1.387889403849840164e-02
-9.976428151130676270e-01 6.849184632301330566e-02 -4.206197801977396011e-03 3.878497052937746048e-03 -4.916802514344453812e-03 -9.999804496765136719e-01
9.290456175804138184e-01 -3.699452877044677734e-01 3.844017395749688148e-03 1.686945557594299316e-02 3.198037669062614441e-02 -9.993461370468139648e-01
6.153020262718200684e-02 9.980094432830810547e-01 1.383016631007194519e-02 6.297764182090759277e-02 9.946802631020545959e-03 -9.979653954505920410e-01
9.719044566154479980e-01 2.351599782705307007e-01 1.007505040615797043e-02 5.688855424523353577e-03 1.932294107973575592e-02 -9.997971057891845703e-01
-9.943507313728332520e-01 1.058329418301582336e-01 -8.130497299134731293e-03 6.601121742278337479e-03 -1.479313895106315613e-02 -9.998688101768493652e-01
-9.960538744926452637e-01 -8.791609853506088257e-02 1.214562542736530304e-02 -1.138508878648281097e-02 -9.146989323198795319e-03 -9.998933672904968262e-01
8.390243649482727051e-01 5.422359704971313477e-01 4.492432251572608948e-02 -7.957577705383300781e-02 2.039709091186523438e-01 -9.757375121116638184e-01
-2.153435721993446350e-03 -1.226022541522979736e-01 9.924535751342773438e-01 -9.991973042488098145e-01 -3.943591564893722534e-02 -7.039764430373907089e-03
-8.690329194068908691e-01 -4.891827702522277832e-01 7.404103875160217285e-02 -9.533894062042236328e-02 1.872910559177398682e-02 -9.952687025070190430e-01
-2.955636978149414062e-01 -9.551178216934204102e-01 1.980178989470005035e-02 -7.398901134729385376e-02 2.220667898654937744e-03 -9.972565770149230957e-01
-1.890990138053894043e-01 -9.818568825721740723e-01 1.409167796373367310e-02 -1.186367422342300415e-01 8.598458953201770782e-03 -9.929004907608032227e-01
-8.336858153343200684e-01 -5.486899018287658691e-01 6.250816583633422852e-02 -5.590789020061492920e-02 -2.875014208257198334e-02 -9.980219602584838867e-01
-9.736821055412292480e-01 -2.278517186641693115e-01 5.181763321161270142e-03 -1.050824299454689026e-02 2.217005193233489990e-02 -9.996989965438842773e-01
-7.896164059638977051e-01 -6.124119758605957031e-01 3.817880153656005859e-02 -5.765512958168983459e-02 1.210448797792196274e-02 -9.982631802558898926e-01
5.367814898490905762e-01 -8.429204821586608887e-01 -3.675196692347526550e-02 -5.878436937928199768e-02 6.089982111006975174e-03 -9.982521533966064453e-01
-9.020873904228210449e-01 -4.293584525585174561e-01 4.347069188952445984e-02 -4.799334704875946045e-02 -2.944041334558278322e-04 -9.988476634025573730e-01
-9.751195907592773438e-01 -2.199422568082809448e-01 2.769843302667140961e-02 -8.423093706369400024e-03 -8.809688687324523926e-02 -9.960763454437255859e-01
1.056710910052061081e-02 1.094708964228630066e-02 -9.998842477798461914e-01 -9.998969435691833496e-01 9.836709126830101013e-03 -1.045954693108797073e-02
9.998923540115356445e-01 -9.951233863830566406e-03 1.078497245907783508e-02 1.084583252668380737e-02 6.082140374928712845e-03 -9.999226927757263184e-01
1.037728972733020782e-02 -2.315518260002136230e-02 -9.996780157089233398e-01 -9.997445940971374512e-01 1.983405463397502899e-02 -1.083738915622234344e-02
9.889272451400756836e-01 1.480942219495773315e-01 9.541196748614311218e-03 8.422384969890117645e-03 8.180015720427036285e-03 -9.999310970306396484e-01
9.736894965171813965e-01 2.277174293994903564e-01 8.576254360377788544e-03 6.846946664154529572e-03 8.382979780435562134e-03 -9.999414086341857910e-01
9.230355024337768555e-01 -3.846883773803710938e-01 -4.508269019424915314e-03 1.489355228841304779e-03 1.529150642454624176e-02 -9.998819828033447266e-01
8.871796727180480957e-01 -4.614232182502746582e-01 9.788593742996454239e-04 5.215691402554512024e-03 7.906927727162837982e-03 -9.999551773071289062e-01
-4.168208222836256027e-03 2.843182533979415894e-03 9.999873042106628418e-01 -9.999894499778747559e-01 1.931178499944508076e-03 -4.173708148300647736e-03
-9.997505545616149902e-01 2.214016392827033997e-02 -2.950587775558233261e-03 2.788131590932607651e-03 -7.364920806139707565e-03 -9.999690055847167969e-01
-9.992336630821228027e-01 -3.882063925266265869e-02 5.003966391086578369e-03 -4.999568220227956772e-03 -2.103671722579747438e-04 -9.999874830245971680e-01
-9.999969005584716797e-01 2.499213675037026405e-03 -2.225917414762079716e-04 2.238664892502129078e-04 5.097850225865840912e-04 -9.999998807907104492e-01
-9.990509748458862305e-01 4.351212829351425171e-02 -1.978840446099638939e-03 1.736821606755256653e-03 -5.599204450845718384e-03 -9.999828338623046875e-01
-9.999963641166687012e-01 -2.633590251207351685e-03 6.546088843606412411e-04 -6.564744398929178715e-04 7.075712201185524464e-04 -9.999995827674865723e-01
-9.999823570251464844e-01 -5.842845421284437180e-03 1.054823282174766064e-03 -1.028510625474154949e-03 -4.504577722400426865e-03 -9.999893307685852051e-01
-4.060557577759027481e-03 1.391404774039983749e-03 9.999908208847045898e-01 -9.999917149543762207e-01 -3.435647522564977407e-04 -4.060083534568548203e-03
-9.999968409538269043e-01 -2.401158446446061134e-03 7.827546214684844017e-04 -7.843087660148739815e-04 6.463679601438343525e-04 -9.999995231628417969e-01
-9.999997615814208984e-01 4.475499445106834173e-04 6.172870052978396416e-04 -6.173606961965560913e-04 -1.645522861508652568e-04 -9.999998211860656738e-01
-9.999951124191284180e-01 2.967515261843800545e-03 1.004702760837972164e-03 -1.005318132229149342e-03 -2.059075777651742101e-04 -9.999995231628417969e-01
-9.997305274009704590e-01 2.303804084658622742e-02 -2.866163384169340134e-03 2.929609734565019608e-03 2.720693359151482582e-03 -9.999920129776000977e-01
3.018341660499572754e-01 9.532434344291687012e-01 1.493783853948116302e-02 3.243034705519676208e-02 5.393351428210735321e-03 -9.994594454765319824e-01
9.983044266700744629e-01 -5.629951879382133484e-02 1.479142997413873672e-02 1.503955293446779251e-02 3.986026160418987274e-03 -9.998790025711059570e-01
7.594453096389770508e-01 6.494863033294677734e-01 3.755563125014305115e-02 2.172474563121795654e-02 3.237684816122055054e-02 -9.992396235466003418e-01
5.321842432022094727e-01 8.462204933166503906e-01 2.628208696842193604e-02 8.596679568290710449e-02 -2.312924712896347046e-02 -9.960295557975769043e-01
9.301193356513977051e-01 3.672403693199157715e-01 3.555104602128267288e-03 1.656879321672022343e-03 5.484012886881828308e-03 -9.999836087226867676e-01
6.214845776557922363e-01 7.833827137947082520e-01 8.276298642158508301e-03 -9.268761426210403442e-02 8.401411026716232300e-02 -9.921444654464721680e-01
9.557441473007202148e-01 2.941865026950836182e-01 -2.750755287706851959e-03 -7.187891751527786255e-03 1.400258298963308334e-02 -9.998762011528015137e-01
9.944537281990051270e-01 1.031639501452445984e-01 2.046974748373031616e-02 1.947285421192646027e-02 1.066118199378252029e-02 -9.997535347938537598e-01
6.574101448059082031e-01 7.533867359161376953e-01 1.484651211649179459e-02 3.325982391834259033e-02 -9.328134357929229736e-03 -9.994032382965087891e-01
9.771402478218078613e-01 2.116265445947647095e-01 2.027747593820095062e-02 1.029083505272865295e-03 9.067095816135406494e-02 -9.958803653717041016e-01
9.630123972892761230e-01 -2.694534361362457275e-01 1.415810780599713326e-03 -2.445523627102375031e-03 -1.399402320384979248e-02 -9.998990893363952637e-01
-6.690757870674133301e-01 -7.407411932945251465e-01 6.033276766538619995e-02 -1.554115414619445801e-01 6.006506830453872681e-02 -9.860220551490783691e-01
-9.601638913154602051e-01 -2.729838788509368896e-01 -5.970947071909904480e-02 6.567984819412231445e-02 -1.277642138302326202e-02 -9.977590441703796387e-01
-9.798539876937866211e-01 -1.978037208318710327e-01 2.756507694721221924e-02 -3.189600631594657898e-02 1.874190755188465118e-02 -9.993155002593994141e-01
-9.920095205307006836e-01 -1.261341869831085205e-01 -2.710232743993401527e-03 2.816682215780019760e-03 -6.655959878116846085e-04 -9.999958276748657227e-01
-9.947698116302490234e-01 -1.021224111318588257e-01 -2.013140125200152397e-03 3.855106653645634651e-03 -1.784269325435161591e-02 -9.998334050178527832e-01
-9.995313882827758789e-01 -2.968547120690345764e-02 7.468156982213258743e-03 -7.115674670785665512e-03 -1.196184847503900528e-02 -9.999031424522399902e-01
-9.944195747375488281e-01 -1.054641306400299072e-01 -2.658111508935689926e-03 4.047526512295007706e-03 -1.296244375407695770e-02 -9.999077916145324707e-01
-9.973109699785709381e-04 -7.202456891536712646e-02 9.974023699760437012e-01 -9.999986886978149414e-01 -1.223132014274597168e-03 -1.088232034817337990e-03
-9.999261498451232910e-01 1.213409844785928726e-02 -7.499903440475463867e-04 8.016602951101958752e-04 4.253945779055356979e-03 -9.999906420707702637e-01
-9.988923072814941406e-01 4.697199165821075439e-02 -2.794753760099411011e-03 2.872663084417581558e-03 1.591204083524644375e-03 -9.999946355819702148e-01
-9.998948574066162109e-01 -1.425965037196874619e-02 2.653051400557160378e-03 -2.690741326659917831e-03 2.624602988362312317e-03 -9.999929666519165039e-01
-9.975596070289611816e-01 -6.931696087121963501e-02 8.369301445782184601e-03 -8.863173425197601318e-03 6.820367649197578430e-03 -9.999374747276306152e-01
-9.996011257171630859e-01 -2.788695134222507477e-02 4.461627919226884842e-03 -4.538896493613719940e-03 2.708100248128175735e-03 -9.999860525131225586e-01
-9.999607205390930176e-01 -8.425041101872920990e-03 2.751752268522977829e-03 -2.771829720586538315e-03 2.372269285842776299e-03 -9.999933838844299316e-01
-9.906274080276489258e-01 -1.358546167612075806e-01 1.417056098580360413e-02 -1.706322096288204193e-02 2.015147916972637177e-02 -9.996513128280639648e-01
-9.997609257698059082e-01 2.134561724960803986e-02 -4.740656353533267975e-03 4.618837498128414154e-03 -5.752695258706808090e-03 -9.999728202819824219e-01
-9.999908208847045898e-01 1.594725647009909153e-03 -3.978357184678316116e-03 3.978676162660121918e-03 1.969888398889452219e-04 -9.999920725822448730e-01
-9.925211071968078613e-01 -1.209809184074401855e-01 1.629524864256381989e-02 -1.881982386112213135e-02 1.975426264107227325e-02 -9.996277689933776855e-01
9.727611541748046875e-01 2.291344255208969116e-01 3.511701896786689758e-02 3.634500131011009216e-02 -1.139969681389629841e-03 -9.993386864662170410e-01
9.004260897636413574e-01 4.343658089637756348e-01 2.365022525191307068e-02 1.763318851590156555e-02 1.787753030657768250e-02 -9.996846914291381836e-01
9.931027293205261230e-01 1.112035587430000305e-01 3.715830668807029724e-02 3.852258622646331787e-02 -1.014425326138734818e-02 -9.992062449455261230e-01
9.931573271751403809e-01 1.109573319554328918e-01 3.642872720956802368e-02 3.185370191931724548e-02 4.273016005754470825e-02 -9.985787272453308105e-01
9.434506297111511230e-01 -3.304659128189086914e-01 2.632764168083667755e-02 2.291053679073229432e-04 -7.876665145158767700e-02 -9.968930482864379883e-01
-9.971642494201660156e-01 7.508803158998489380e-02 5.035553593188524246e-03 -5.797965917736291885e-03 -9.939050301909446716e-03 -9.999338388442993164e-01
-9.651379659771919250e-03 1.169124431908130646e-02 9.998851418495178223e-01 -9.999225735664367676e-01 -7.976617664098739624e-03 -9.558473713696002960e-03
-9.979766011238098145e-01 6.319780647754669189e-02 -6.978638470172882080e-03 7.218183018267154694e-03 3.562860889360308647e-03 -9.999676346778869629e-01
-9.999894499778747559e-01 4.210027400404214859e-03 1.849021646194159985e-03 -1.859968062490224838e-03 -2.597618848085403442e-03 -9.999949336051940918e-01
-9.978919029235839844e-01 6.482417136430740356e-02 -3.100819187238812447e-03 2.810438629239797592e-03 -4.570228978991508484e-03 -9.999856352806091309e-01
-9.916979670524597168e-01 -1.276041120290756226e-01 1.588715054094791412e-02 -1.719570159912109375e-02 9.159661829471588135e-03 -9.998101592063903809e-01
-4.764114692807197571e-02 -7.553091272711753845e-03 -9.988359808921813965e-01 1.481977757066488266e-02 9.998559951782226562e-01 -8.267658762633800507e-03
-8.564125895500183105e-01 -5.147063732147216797e-01 4.043452069163322449e-02 -4.403799772262573242e-02 -5.206947214901447296e-03 -9.990162849426269531e-01
-5.165683478116989136e-02 -8.946724236011505127e-03 -9.986248016357421875e-01 8.963626809418201447e-03 9.999154806137084961e-01 -9.421958588063716888e-03
9.930972456932067871e-01 1.113821342587471008e-01 3.676873445510864258e-02 4.487182572484016418e-02 -7.113924622535705566e-02 -9.964566230773925781e-01
5.635493993759155273e-02 3.047079779207706451e-03 9.984061717987060547e-01 2.006337977945804596e-02 9.997899532318115234e-01 -4.183779004961252213e-03
4.713580906391143799e-01 8.817595243453979492e-01 1.793512701988220215e-02 1.617985814809799194e-01 -6.646534800529479980e-02 -9.845829606056213379e-01
-5.668514221906661987e-02 5.054275505244731903e-03 9.983792901039123535e-01 3.196723759174346924e-02 9.994837045669555664e-01 -3.244856605306267738e-03
5.025904178619384766e-01 8.644278049468994141e-01 1.294285710901021957e-02 8.631294965744018555e-02 -3.527604416012763977e-02 -9.956433773040771484e-01
-4.364280998706817627e-01 -8.969280123710632324e-01 -7.106876373291015625e-02 -5.313123390078544617e-02 1.045416966080665588e-01 -9.931002855300903320e-01
2.531838137656450272e-03 3.397226035594940186e-01 -9.405222535133361816e-01 -9.998134374618530273e-01 -1.715139299631118774e-02 -8.886639960110187531e-03
9.975110888481140137e-01 -7.047898322343826294e-02 2.095336560159921646e-03 9.984105126932263374e-04 -1.559549942612648010e-02 -9.998778700828552246e-01
3.395894309505820274e-03 4.085056018084287643e-03 -9.999859333038330078e-01 -9.999941587448120117e-01 -4.507731646299362183e-04 -3.397763706743717194e-03
9.999852776527404785e-01 -1.244292478077113628e-03 5.289700347930192947e-03 5.289899650961160660e-03 1.571942993905395269e-04 -9.999860525131225586e-01
9.992711544036865234e-01 -3.811354190111160278e-02 2.138203708454966545e-03 2.117493655532598495e-03 -5.837354110553860664e-04 -9.999976158142089844e-01
3.525047563016414642e-03 -2.520975249353796244e-04 -9.999938011169433594e-01 -9.999938011169433594e-01 9.304827108280733228e-05 -3.525071311742067337e-03
4.805044736713171005e-03 -1.728515140712261200e-02 -9.998390674591064453e-01 -9.999184608459472656e-01 1.175026502460241318e-02 -5.008564330637454987e-03
2.214673149865120649e-04 -3.761891275644302368e-04 -9.999999403953552246e-01 -9.999999403953552246e-01 -3.473336983006447554e-04 -2.213366533396765590e-04
9.999949336051940918e-01 -1.692117657512426376e-03 -2.694565569981932640e-03 -2.695626812055706978e-03 -6.253348547033965588e-04 -9.999961853027343750e-01
9.999368786811828613e-01 -4.373762640170753002e-04 -1.123250555247068405e-02 -1.123243942856788635e-02 1.540563243906944990e-04 -9.999369382858276367e-01
-8.573313951492309570e-01 5.125393867492675781e-01 4.781628027558326721e-02 1.180126219987869263e-01 2.861135601997375488e-01 -9.509006738662719727e-01
9.998549818992614746e-01 4.855971783399581909e-03 1.632626913487911224e-02 1.633457094430923462e-02 -1.674086553975939751e-03 -9.998652338981628418e-01
9.999672174453735352e-01 1.369255478493869305e-03 7.988378405570983887e-03 7.988825440406799316e-03 -3.211638831999152899e-04 -9.999680519104003906e-01
9.994441270828247070e-01 -1.597728952765464783e-02 2.926134876906871796e-02 2.928841859102249146e-02 1.462969114072620869e-03 -9.995699524879455566e-01
2.044211328029632568e-02 1.145932939834892750e-03 -9.997903704643249512e-01 -9.997909665107727051e-01 4.063805972691625357e-04 -2.044166065752506256e-02
9.999033808708190918e-01 -9.811966447159647942e-04 1.386749651283025742e-02 1.386697683483362198e-02 -5.350038991309702396e-04 -9.999037384986877441e-01
9.996427297592163086e-01 1.773701980710029602e-02 1.999837346374988556e-02 1.985246315598487854e-02 8.364625275135040283e-03 -9.997679591178894043e-01
9.998083114624023438e-01 4.961930681020021439e-04 1.957324519753456116e-02 1.957345195114612579e-02 -4.140967212151736021e-04 -9.998083710670471191e-01
1.543714571744203568e-02 -2.394518814980983734e-03 -9.998779892921447754e-01 -9.998807907104492188e-01 -4.649988259188830853e-04 -1.543607562780380249e-02
9.998242855072021484e-01 1.101634185761213303e-02 1.516958978027105331e-02 1.525706239044666290e-02 -7.899970747530460358e-03 -9.998524188995361328e-01
8.181667327880859375e-01 -5.749669671058654785e-01 4.022079519927501678e-03 8.325518667697906494e-02 1.115432754158973694e-01 -9.902659654617309570e-01
9.544996619224548340e-01 -2.980619668960571289e-01 -9.460236877202987671e-03 -6.769280880689620972e-04 2.955752052366733551e-02 -9.995628595352172852e-01
-1.731379181146621704e-01 9.836267232894897461e-01 5.001795291900634766e-02 4.012139886617660522e-02 5.778672546148300171e-02 -9.975224733352661133e-01
-4.188528284430503845e-02 -2.938706427812576294e-02 -9.986901283264160156e-01 -9.991106390953063965e-01 -3.629256505519151688e-03 4.200971499085426331e-02
9.696034193038940430e-01 -2.397454082965850830e-01 -4.890125244855880737e-02 -6.955355405807495117e-02 -7.844825834035873413e-02 -9.944888949394226074e-01
-5.409976840019226074e-02 6.576586514711380005e-03 9.985138773918151855e-01 -1.097680814564228058e-02 9.999139904975891113e-01 -7.180534303188323975e-03
9.408010244369506836e-01 -3.389509618282318115e-01 -2.390548819676041603e-03 2.925186650827527046e-03 1.517116557806730270e-02 -9.998806715011596680e-01
9.844021201133728027e-01 -1.754965931177139282e-01 1.238640025258064270e-02 1.111504714936017990e-02 -8.225455880165100098e-03 -9.999043941497802734e-01
9.416470527648925781e-01 -3.365158140659332275e-01 7.614980451762676239e-03 1.394299790263175964e-03 -1.872333884239196777e-02 -9.998237490653991699e-01
6.608435511589050293e-02 9.976723194122314453e-01 1.681894995272159576e-02 6.134966388344764709e-02 1.276134792715311050e-02 -9.980347752571105957e-01
-8.171543478965759277e-03 5.753579316660761833e-04 9.999664425849914551e-01 -9.999665021896362305e-01 -5.228706286288797855e-04 -8.171242661774158478e-03
-9.999904036521911621e-01 -4.098511766642332077e-03 -1.549750217236578465e-03 1.552311005070805550e-03 -6.217357004061341286e-04 -9.999986290931701660e-01
-9.152370505034923553e-03 1.182334613986313343e-03 9.999574422836303711e-01 -9.999580383300781250e-01 -4.359445301815867424e-04 -9.151860140264034271e-03
-9.999753236770629883e-01 5.715314764529466629e-03 -4.087604116648435593e-03 4.084492567926645279e-03 -5.560290883295238018e-04 -9.999915361404418945e-01
-9.999881386756896973e-01 -4.826624877750873566e-03 -7.183389971032738686e-04 7.245356682687997818e-04 -1.282223383896052837e-03 -9.999989271163940430e-01
-9.999991655349731445e-01 -4.365353379398584366e-04 -1.231483998708426952e-03 1.231660949997603893e-03 -4.051988944411277771e-04 -9.999991655349731445e-01
9.987592101097106934e-01 -4.947765544056892395e-02 -5.658175796270370483e-03 -4.140397068113088608e-03 3.072489053010940552e-02 -9.995192885398864746e-01
-4.287374671548604965e-03 1.350466511212289333e-03 -9.999899268150329590e-01 -9.999907016754150391e-01 -5.388726713135838509e-04 4.286650102585554123e-03
9.606128931045532227e-01 -2.778884470462799072e-01 -9.883488528430461884e-04 -1.427831943146884441e-03 -1.379139488562941551e-03 -9.999980330467224121e-01
9.542450904846191406e-01 -2.990255951881408691e-01 -6.727937579853460193e-05 -4.084247164428234100e-03 -1.280860137194395065e-02 -9.999096393585205078e-01
9.640458971261978149e-02 9.952692389488220215e-01 1.205514371395111084e-02 -4.081475362181663513e-02 1.605422236025333405e-02 -9.990378022193908691e-01
9.435113668441772461e-01 3.311390578746795654e-01 1.154389977455139160e-02 -6.466317921876907349e-03 5.323543772101402283e-02 -9.985610842704772949e-01
9.289898872375488281e-01 -3.700861632823944092e-01 -3.744199173524975777e-03 7.990076206624507904e-03 3.016885556280612946e-02 -9.995129108428955078e-01
2.525286935269832611e-02 9.204121679067611694e-02 -9.954349398612976074e-01 -9.966632723808288574e-01 7.963136583566665649e-02 -1.792105473577976227e-02
-8.899911046028137207e-01 4.535097777843475342e-01 -4.737870022654533386e-02 9.199625253677368164e-02 7.682009041309356689e-02 -9.927917122840881348e-01
-8.774977326393127441e-01 4.786911904811859131e-01 -2.919810451567173004e-02 2.853919938206672668e-02 -8.652836084365844727e-03 -9.995552301406860352e-01
2.279780954122543335e-01 9.735265970230102539e-01 1.649291999638080597e-02 3.805951774120330811e-02 8.015909232199192047e-03 -9.992433190345764160e-01
8.741649985313415527e-01 -4.852232038974761963e-01 -1.984871178865432739e-02 1.341772079467773438e-01 2.806073427200317383e-01 -9.503978490829467773e-01
-9.999845623970031738e-01 -4.635712597519159317e-03 3.061161609366536140e-03 -3.065591910853981972e-03 9.488213108852505684e-04 -9.999948740005493164e-01
-9.999127388000488281e-01 -1.244968362152576447e-02 4.431210458278656006e-03 -4.441736266016960144e-03 8.180122240446507931e-04 -9.999898076057434082e-01
5.191048383712768555e-01 8.540865778923034668e-01 3.265500813722610474e-02 -3.727127984166145325e-02 6.078960373997688293e-02 -9.974545240402221680e-01
4.594569504261016846e-01 8.877514600753784180e-01 2.822486497461795807e-02 -6.332754343748092651e-02 6.443887948989868164e-02 -9.959102869033813477e-01
-9.997751712799072266e-01 2.115324512124061584e-02 -1.455037272535264492e-03 1.520591787993907928e-03 3.083274001255631447e-03 -9.999940991401672363e-01
-9.999944567680358887e-01 3.201738232746720314e-03 -9.331424953415989876e-04 9.350263862870633602e-04 5.869475426152348518e-04 -9.999994039535522461e-01
-9.999951720237731934e-01 2.966897329315543175e-03 -8.993081864900887012e-04 9.006859036162495613e-04 4.630445328075438738e-04 -9.999994635581970215e-01
9.999663233757019043e-01 -2.063159598037600517e-03 -7.947318255901336670e-03 -7.946869358420372009e-03 2.250263787573203444e-04 -9.999684095382690430e-01
1.054915599524974823e-03 -8.311127312481403351e-03 -9.999649524688720703e-01 -9.999825358390808105e-01 -5.826253443956375122e-03 -1.006509759463369846e-03
2.501773415133357048e-03 -1.119330336223356426e-04 -9.999969005584716797e-01 -9.999969005584716797e-01 -7.209799150587059557e-06 -2.501772716641426086e-03
3.740738378837704659e-03 -2.336598467081785202e-03 -9.999902844429016113e-01 -9.999917149543762207e-01 -1.645898562856018543e-03 -3.736897604539990425e-03
-1.864775840658694506e-04 -8.298861235380172729e-02 9.965505003929138184e-01 -9.994950294494628906e-01 3.168193995952606201e-02 2.451312728226184845e-03
2.572098672389984131e-01 -9.660614728927612305e-01 -2.384212054312229156e-02 -7.752786576747894287e-02 3.963768482208251953e-03 -9.969823360443115234e-01
-9.449632167816162109e-01 -3.224335610866546631e-01 -5.550890788435935974e-02 7.278397679328918457e-03 1.489013731479644775e-01 -9.888253211975097656e-01
-3.371620774269104004e-01 -4.182520508766174316e-02 -9.405171275138854980e-01 -1.393676251173019409e-01 9.902229905128479004e-01 5.925673991441726685e-03
1.606001406908035278e-01 -9.869639277458190918e-01 -1.048072148114442825e-02 3.007057122886180878e-02 1.550619862973690033e-02 -9.994274973869323730e-01
7.129742205142974854e-02 -2.141629755496978760e-01 9.741925001144409180e-01 -9.920250773429870605e-01 -1.169975996017456055e-01 4.688218235969543457e-02
4.444429650902748108e-02 2.600519657135009766e-01 -9.645712375640869141e-01 -9.833636879920959473e-01 1.816111057996749878e-01 3.652829909697175026e-03
5.719796419143676758e-01 -8.201671242713928223e-01 -1.285493187606334686e-02 -4.714607819914817810e-02 -1.722560077905654907e-02 -9.987394809722900391e-01
-8.571381680667400360e-03 2.415791600942611694e-01 9.703432321548461914e-01 -9.993797540664672852e-01 3.107654862105846405e-02 -1.656477153301239014e-02
-3.457516897469758987e-03 5.877963453531265259e-02 9.982649683952331543e-01 -9.988659620285034180e-01 4.719999432563781738e-02 -6.238818168640136719e-03
-7.509312629699707031e-01 6.598780751228332520e-01 2.575371414422988892e-02 -2.877058982849121094e-01 -2.918043136596679688e-01 -9.121817350387573242e-01
-8.168410658836364746e-01 -5.695691704750061035e-01 -9.144254028797149658e-02 -9.657710045576095581e-02 2.913043200969696045e-01 -9.517429471015930176e-01
-4.978158473968505859e-01 2.626837491989135742e-01 -8.265450596809387207e-01 4.414439797401428223e-01 8.970828652381896973e-01 1.922612078487873077e-02
9.008253216743469238e-01 -2.289703190326690674e-01 -3.688988387584686279e-01 3.136052489280700684e-01 9.307346940040588379e-01 1.881083548069000244e-01
-5.561774373054504395e-01 -8.306349515914916992e-01 -2.668724209070205688e-02 -7.998682558536529541e-02 8.546551316976547241e-02 -9.931252598762512207e-01
-3.272290825843811035e-01 -9.448961615562438965e-01 -9.607017971575260162e-03 1.381301786750555038e-02 5.382540635764598846e-03 -9.998901486396789551e-01
-8.260667324066162109e-01 1.741068065166473389e-01 -5.360043644905090332e-01 -9.173551201820373535e-02 8.968587517738342285e-01 4.326996207237243652e-01
-7.468475699424743652e-01 1.506027281284332275e-01 -6.477172374725341797e-01 -1.698215603828430176e-01 8.985282778739929199e-01 4.047315418720245361e-01
-5.086525678634643555e-01 1.685628443956375122e-01 -8.443098664283752441e-01 -2.348428368568420410e-01 9.162987470626831055e-01 3.244156539440155029e-01
9.590571522712707520e-01 -2.820093035697937012e-01 2.608006820082664490e-02 4.081241041421890259e-02 4.649252444505691528e-02 -9.980845451354980469e-01
6.657624840736389160e-01 3.409204632043838501e-02 7.453845143318176270e-01 -4.214358627796173096e-01 8.415441513061523438e-01 3.379279077053070068e-01
-1.002687122672796249e-02 3.905957564711570740e-02 9.991865754127502441e-01 -9.994886517524719238e-01 -3.073265403509140015e-02 -8.828522637486457825e-03
-8.924013003706932068e-03 1.435082126408815384e-02 9.998572468757629395e-01 -9.999598860740661621e-01 -9.110452374443411827e-04 -8.911853656172752380e-03
-9.970785379409790039e-01 -7.519695907831192017e-02 1.341143809258937836e-02 -1.536848582327365875e-02 2.550766058266162872e-02 -9.995565414428710938e-01
8.469688296318054199e-01 -2.372965663671493530e-01 -4.757460057735443115e-01 9.548927843570709229e-02 9.482085704803466797e-01 -3.029561638832092285e-01
4.830900430679321289e-01 8.750398159027099609e-01 3.048589266836643219e-02 3.451020717620849609e-01 -1.582925319671630859e-01 -9.251205921173095703e-01
3.623081445693969727e-01 9.319661259651184082e-01 1.311326306313276291e-02 3.877485916018486023e-02 -1.014041714370250702e-03 -9.992474913597106934e-01
-4.703977610915899277e-03 7.873966097831726074e-01 -6.164287924766540527e-01 -9.999464154243469238e-01 1.979981316253542900e-03 1.015973929315805435e-02
6.441928148269653320e-01 7.558473348617553711e-01 -1.170915514230728149e-01 -2.696077823638916016e-01 8.113360404968261719e-02 -9.595462679862976074e-01
7.732665538787841797e-01 -6.340027451515197754e-01 -9.969913400709629059e-03 9.839227050542831421e-02 1.355082392692565918e-01 -9.858785271644592285e-01
8.149993955157697201e-04 -3.709174990653991699e-01 9.286654591560363770e-01 -9.958954453468322754e-01 -8.435228466987609863e-02 -3.281707316637039185e-02
-1.904129865579307079e-03 -3.939791023731231689e-01 9.191174507141113281e-01 -9.928264021873474121e-01 1.106256395578384399e-01 4.536277800798416138e-02
-1.184298843145370483e-02 -3.506272137165069580e-01 9.364402890205383301e-01 -9.683520197868347168e-01 2.375157773494720459e-01 7.668541371822357178e-02
-1.591748557984828949e-02 -5.323417782783508301e-01 8.463798761367797852e-01 -9.969736337661743164e-01 7.287047803401947021e-02 2.708321064710617065e-02
-1.230828650295734406e-02 -5.252868533134460449e-01 8.508362174034118652e-01 -9.966388940811157227e-01 7.536476105451583862e-02 3.211099654436111450e-02
3.873417079448699951e-01 9.193943142890930176e-01 6.841483712196350098e-02 -3.236689791083335876e-02 8.772314339876174927e-02 -9.956189393997192383e-01
6.064526438713073730e-01 7.940592169761657715e-01 4.105119779706001282e-02 -1.223102137446403503e-01 1.441783308982849121e-01 -9.819638133049011230e-01
9.507360458374023438e-01 3.097806274890899658e-01 1.170826330780982971e-02 2.057846076786518097e-02 -2.538142167031764984e-02 -9.994660019874572754e-01
-8.685824275016784668e-01 4.935889542102813721e-01 4.398395121097564697e-02 9.954489767551422119e-02 2.607414722442626953e-01 -9.602628350257873535e-01
-8.375740647315979004e-01 5.441973805427551270e-01 4.815483838319778442e-02 1.170457527041435242e-01 2.648422718048095703e-01 -9.571619033813476562e-01
-9.888489246368408203e-01 -1.484476774930953979e-01 1.187978778034448624e-02 -2.112052962183952332e-02 6.082871928811073303e-02 -9.979247450828552246e-01
-9.980294704437255859e-01 -6.241956353187561035e-02 6.402910687029361725e-03 -8.063806220889091492e-03 2.639307081699371338e-02 -9.996191263198852539e-01
9.999016523361206055e-01 1.377891516312956810e-03 1.395631954073905945e-02 1.395686063915491104e-02 -3.838669508695602417e-04 -9.999025464057922363e-01
9.926316142082214355e-01 1.196272820234298706e-01 1.928252167999744415e-02 1.957967877388000488e-02 -1.309074694290757179e-03 -9.998074769973754883e-01
9.996130466461181641e-01 2.699206955730915070e-02 6.727766245603561401e-03 6.733413785696029663e-03 -1.183255299110896885e-04 -9.999773502349853516e-01
-8.889520764350891113e-01 4.322230517864227295e-01 1.514842957258224487e-01 -1.515343901701271534e-03 3.279740512371063232e-01 -9.446855187416076660e-01
8.378083109855651855e-01 -5.444112420082092285e-01 -4.115520045161247253e-02 -1.250309646129608154e-01 -1.179425790905952454e-01 -9.851176738739013672e-01
6.616714000701904297e-01 -7.485130429267883301e-01 -4.380771517753601074e-02 -1.436958163976669312e-01 -6.924741715192794800e-02 -9.871962070465087891e-01
-2.481024116277694702e-01 9.687315821647644043e-01 2.093759831041097641e-03 4.102688282728195190e-02 1.266676746308803558e-02 -9.990777969360351562e-01
-9.605381637811660767e-02 -8.409573435783386230e-01 -5.325076580047607422e-01 -9.252641201019287109e-01 2.726652324199676514e-01 -2.637044489383697510e-01
-8.097043037414550781e-01 -2.036002129316329956e-01 5.503870844841003418e-01 5.992320179939270020e-02 9.042977690696716309e-01 4.226757287979125977e-01
1.466296017169952393e-01 9.890809655189514160e-01 1.478475518524646759e-02 -2.710418030619621277e-02 1.895794272422790527e-02 -9.994528889656066895e-01
-1.290034353733062744e-01 -9.192140102386474609e-01 -3.720265924930572510e-01 -9.493780732154846191e-01 2.228452861309051514e-01 -2.214075177907943726e-01
-9.999975562095642090e-01 -8.677302976138889790e-04 -2.049926901236176491e-03 2.049524104222655296e-03 4.648166068363934755e-04 -9.999977946281433105e-01
-9.999682903289794922e-01 6.659725215286016464e-03 -4.372798837721347809e-03 4.345295019447803497e-03 -4.138775635510683060e-03 -9.999820590019226074e-01
-4.234565421938896179e-03 4.590142071247100830e-01 -8.884188532829284668e-01 -9.363343119621276855e-01 -3.137354850769042969e-01 -1.576329171657562256e-01
-1.128872931003570557e-01 -9.928027987480163574e-01 -3.998807072639465332e-02 -1.366285420954227448e-02 4.179255291819572449e-02 -9.990329146385192871e-01
-9.812894277274608612e-03 9.998182058334350586e-01 1.634942740201950073e-02 -3.226487198844552040e-03 1.631847023963928223e-02 -9.998616576194763184e-01
-2.137187868356704712e-01 9.768406748771667480e-01 -1.032355893403291702e-02 2.800530381500720978e-02 -4.436905030161142349e-03 -9.995979666709899902e-01
1.072807051241397858e-02 3.753744661808013916e-01 -9.268111586570739746e-01 -9.996297955513000488e-01 -1.915173977613449097e-02 -1.932775042951107025e-02
2.738259546458721161e-02 7.063864469528198242e-01 -7.072964906692504883e-01 -9.987821578979492188e-01 4.838335886597633362e-02 9.653803892433643341e-03
8.509928584098815918e-01 -5.247464179992675781e-01 -2.126986160874366760e-02 1.342490166425704956e-01 2.565122544765472412e-01 -9.571722745895385742e-01
-4.714920520782470703e-01 1.053020125254988670e-03 8.818697333335876465e-01 -2.469736896455287933e-02 9.995912909507751465e-01 -1.439804583787918091e-02
1.941065192222595215e-01 9.808287024497985840e-01 1.725616119801998138e-02 -3.492956236004829407e-02 2.449001371860504150e-02 -9.990897178649902344e-01
2.975320816040039062e-01 9.545699357986450195e-01 1.646134629845619202e-02 -9.392914921045303345e-02 4.642684757709503174e-02 -9.944958090782165527e-01
-5.574718862771987915e-02 -3.647843003273010254e-01 9.294217228889465332e-01 -9.958718419075012207e-01 -4.647139087319374084e-02 -7.797224074602127075e-02
-1.801108382642269135e-02 -7.697397470474243164e-02 -9.968703985214233398e-01 -9.990921020507812500e-01 3.988431766629219055e-02 1.497152913361787796e-02
-9.999976158142089844e-01 -1.400772831402719021e-03 1.692787511274218559e-03 -1.691219164058566093e-03 -1.120049506425857544e-03 -9.999979734420776367e-01
9.150725603103637695e-01 4.014205634593963623e-01 3.877875581383705139e-02 -8.577100187540054321e-02 2.876708805561065674e-01 -9.538809061050415039e-01
-3.312055394053459167e-02 9.601810574531555176e-01 -2.774085402488708496e-01 -9.969944953918457031e-01 -5.119089037179946899e-02 -5.815074220299720764e-02
9.999954104423522949e-01 3.029860323294997215e-03 1.223459112225100398e-04 1.178500097012147307e-04 1.483995118178427219e-03 -9.999989271163940430e-01
-1.297451904974877834e-03 -8.351235091686248779e-02 9.965059161186218262e-01 -9.992458224296569824e-01 3.878179565072059631e-02 1.949095865711569786e-03
-4.871135752182453871e-04 -8.091722428798675537e-02 9.967207312583923340e-01 -9.999786615371704102e-01 6.530613638460636139e-03 4.147193976677954197e-05
2.564352704212069511e-03 -5.706522613763809204e-03 -9.999804496765136719e-01 -9.999946355819702148e-01 2.045752713456749916e-03 -2.576063387095928192e-03
1.543063968420028687e-01 -9.878844618797302246e-01 -1.654768921434879303e-02 -1.101310700178146362e-01 -5.536060780286788940e-04 -9.939169287681579590e-01
7.091786861419677734e-01 -7.042211294174194336e-01 -3.373860940337181091e-02 -8.175576478242874146e-02 -3.461138904094696045e-02 -9.960512518882751465e-01
1.494813943281769753e-03 -5.000441148877143860e-02 -9.987479448318481445e-01 -9.987978339195251465e-01 4.886124655604362488e-02 -3.941230010241270065e-03
5.623426437377929688e-01 -8.261248469352722168e-01 -3.589630499482154846e-02 -2.704612314701080322e-01 -1.427330374717712402e-01 -9.520913958549499512e-01
4.081135392189025879e-01 -9.123347401618957520e-01 -3.299670293927192688e-02 4.479756951332092285e-02 5.611321330070495605e-02 -9.974189400672912598e-01
-9.776833653450012207e-01 -2.078765183687210083e-01 3.037363849580287933e-02 -2.735412307083606720e-02 -1.738535985350608826e-02 -9.994745850563049316e-01
1.351291965693235397e-02 -4.675866663455963135e-02 -9.988148212432861328e-01 -9.988898038864135742e-01 4.445195198059082031e-02 -1.559491548687219620e-02
-8.432191610336303711e-01 1.228084266185760498e-01 -5.233542323112487793e-01 -7.099498808383941650e-02 9.395873546600341797e-01 3.348661363124847412e-01
-8.018081188201904297e-01 -2.533978819847106934e-01 5.411962270736694336e-01 1.317980736494064331e-01 8.083552718162536621e-01 5.737517476081848145e-01
9.905659556388854980e-01 1.367895603179931641e-01 8.232980035245418549e-03 4.752661567181348801e-03 2.575000934302806854e-02 -9.996571540832519531e-01
9.764714241027832031e-01 -2.155821323394775391e-01 5.289716646075248718e-03 1.177328731864690781e-02 2.880165353417396545e-02 -9.995158314704895020e-01
4.108054637908935547e-01 -9.113600850105285645e-01 -2.572226896882057190e-02 3.092685155570507050e-02 4.212609305977821350e-02 -9.986335635185241699e-01
7.847344130277633667e-02 -9.968540668487548828e-01 -1.113301608711481094e-02 -5.078292638063430786e-02 7.155765313655138016e-03 -9.986841082572937012e-01
1.605587750673294067e-01 -9.868164062500000000e-01 -2.035399340093135834e-02 -4.799323156476020813e-02 1.279178168624639511e-02 -9.987657666206359863e-01
-9.969981908798217773e-01 7.719451189041137695e-02 -5.974560044705867767e-03 6.243448238819837570e-03 3.242382779717445374e-03 -9.999753236770629883e-01
-9.999274611473083496e-01 -1.183935161679983139e-02 2.221969654783606529e-03 -2.237569540739059448e-03 1.304532750509679317e-03 -9.999966621398925781e-01
-9.999949336051940918e-01 3.028498729690909386e-03 -9.669535793364048004e-04 9.672062005847692490e-04 8.194587280740961432e-05 -9.999995231628417969e-01
-9.998400807380676270e-01 1.784726232290267944e-02 1.154497615061700344e-03 -1.187606481835246086e-03 -1.844637794420123100e-03 -9.999976158142089844e-01
-9.999571442604064941e-01 -9.218699298799037933e-03 8.525705779902637005e-04 -8.432541508227586746e-04 -1.014442183077335358e-03 -9.999991655349731445e-01
-9.995958209037780762e-01 -2.832525782287120819e-02 2.452390268445014954e-03 -2.337581943720579147e-03 -4.085614345967769623e-03 -9.999889731407165527e-01
9.786820411682128906e-01 2.039012461900711060e-01 2.461166307330131531e-02 3.102666884660720825e-02 -2.832405455410480499e-02 -9.991171360015869141e-01
-1.911044418811798096e-01 9.698477573692798615e-03 9.815218448638916016e-01 1.588902473449707031e-01 9.870690107345581055e-01 2.118298597633838654e-02
-2.186658680438995361e-01 9.756847023963928223e-01 -1.498882286250591278e-02 7.463999092578887939e-02 1.408468931913375854e-03 -9.972095489501953125e-01
9.277018308639526367e-01 3.726978600025177002e-01 2.157927677035331726e-02 1.617535203695297241e-02 1.762071065604686737e-02 -9.997138977050781250e-01
-2.659490518271923065e-02 2.040979862213134766e-01 9.785891771316528320e-01 -9.851634502410888672e-01 -1.713841557502746582e-01 8.970904164016246796e-03
-9.911525845527648926e-01 -1.309444159269332886e-01 2.168517187237739563e-02 -1.740209758281707764e-02 -3.376536443829536438e-02 -9.992782473564147949e-01
-9.983448386192321777e-01 -5.741029977798461914e-02 3.418962936848402023e-03 -3.180897096171975136e-03 -4.237615969032049179e-03 -9.999859929084777832e-01
6.752644181251525879e-01 -7.364344596862792969e-01 -4.101527854800224304e-02 8.610016107559204102e-02 1.339323967695236206e-01 -9.872431159019470215e-01
1.423710733652114868e-01 -8.453446626663208008e-01 -5.149008631706237793e-01 -9.875543117523193359e-01 -1.564392298460006714e-01 -1.622468233108520508e-02
-9.987326264381408691e-01 5.019776150584220886e-02 -3.664983436465263367e-03 4.133272916078567505e-03 9.228268638253211975e-03 -9.999488592147827148e-01
-9.986860156059265137e-01 5.115386098623275757e-02 -3.096374915912747383e-03 3.400125307962298393e-03 5.852021742612123489e-03 -9.999771118164062500e-01
2.276261150836944580e-02 2.750276625156402588e-01 -9.611668586730957031e-01 -9.996145963668823242e-01 -9.023772552609443665e-03 -2.625519596040248871e-02
-9.952980279922485352e-01 9.654519706964492798e-02 -7.801554165780544281e-03 7.637599017471075058e-03 -2.067663474008440971e-03 -9.999687075614929199e-01
-2.632590942084789276e-03 2.389816641807556152e-01 9.710205793380737305e-01 -9.998285770416259766e-01 1.716779917478561401e-02 -6.935928016901016235e-03
-9.999560117721557617e-01 9.175464510917663574e-03 1.966057810932397842e-03 -2.038792707026004791e-03 -7.924506440758705139e-03 -9.999665617942810059e-01
-6.279410123825073242e-01 7.771246433258056641e-01 4.203989729285240173e-02 1.147363632917404175e-01 1.458675563335418701e-01 -9.826282262802124023e-01
-1.851751003414392471e-03 -2.120229750871658325e-01 9.772629141807556152e-01 -9.992805719375610352e-01 -3.662781789898872375e-02 -9.840092621743679047e-03
8.521723151206970215e-01 -5.232315659523010254e-01 5.583861377090215683e-03 1.426794081926345825e-01 2.220845073461532593e-01 -9.645315408706665039e-01
3.992465436458587646e-01 9.167362451553344727e-01 1.403498463332653046e-02 1.147991046309471130e-01 -3.479682281613349915e-02 -9.927791357040405273e-01
-9.730251622386276722e-04 6.878180503845214844e-01 -7.258825302124023438e-01 -9.997744560241699219e-01 -1.606913655996322632e-02 -1.388631947338581085e-02
6.068578958511352539e-01 -7.947843074798583984e-01 -6.440504919737577438e-03 1.289581805467605591e-01 1.064554229378700256e-01 -9.859194159507751465e-01
7.553461194038391113e-01 -6.549902558326721191e-01 -2.097652666270732880e-02 1.145223975181579590e-01 1.634506583213806152e-01 -9.798818826675415039e-01
8.519317023456096649e-03 -3.580896258354187012e-01 9.336483478546142578e-01 -9.504734277725219727e-01 -2.929951548576354980e-01 -1.037019342184066772e-01
-9.296063780784606934e-01 -3.495267629623413086e-01 -1.168891489505767822e-01 -1.120730489492416382e-02 3.438183367252349854e-01 -9.389693140983581543e-01
-1.670824014581739902e-03 -3.431879580020904541e-01 9.392652511596679688e-01 -9.904994368553161621e-01 -1.285878717899322510e-01 -4.874528199434280396e-02
-5.818591713905334473e-01 -8.049166202545166016e-01 -1.164010316133499146e-01 -8.225793391466140747e-02 2.006344497203826904e-01 -9.762067198753356934e-01
-5.763414502143859863e-01 -8.095811605453491211e-01 -1.113955080509185791e-01 -3.536395356059074402e-02 1.608922928571701050e-01 -9.863382577896118164e-01
9.431593418121337891e-01 3.323174715042114258e-01 3.949541598558425903e-03 4.526721779257059097e-03 -9.626982500776648521e-04 -9.999892711639404297e-01
9.591571092605590820e-01 2.822132408618927002e-01 1.932124607264995575e-02 1.486124657094478607e-02 1.793583855032920837e-02 -9.997287392616271973e-01
4.308886360377073288e-03 3.371312916278839111e-01 -9.414478540420532227e-01 -9.980057477951049805e-01 6.073936447501182556e-02 1.718294247984886169e-02
1.065986324101686478e-02 3.114054799079895020e-01 -9.502173662185668945e-01 -9.918613433837890625e-01 1.238662451505661011e-01 2.946643717586994171e-02
7.742038965225219727e-01 6.188990473747253418e-01 1.325608491897583008e-01 -5.879696086049079895e-02 2.788573503494262695e-01 -9.585309028625488281e-01
9.911695718765258789e-01 1.319379508495330811e-01 -1.323957741260528564e-02 -1.427230983972549438e-02 6.884782575070858002e-03 -9.998744726181030273e-01
9.960675239562988281e-01 8.693574368953704834e-02 1.708177477121353149e-02 1.541545707732439041e-02 1.980264298617839813e-02 -9.996850490570068359e-01
9.999931454658508301e-01 -1.044791191816329956e-03 3.564266022294759750e-03 3.565046703442931175e-03 7.464688969776034355e-04 -9.999933838844299316e-01
9.999685883522033691e-01 7.668786682188510895e-03 2.013467717915773392e-03 1.993819139897823334e-03 2.568930853158235550e-03 -9.999947547912597656e-01
9.988007545471191406e-01 4.885885119438171387e-02 3.154886653646826744e-03 3.894481807947158813e-03 -1.504960097372531891e-02 -9.998791813850402832e-01
-7.145277857780456543e-01 6.705825924873352051e-01 1.994218826293945312e-01 -3.015673160552978516e-02 2.552613615989685059e-01 -9.664016962051391602e-01
-2.848992943763732910e-01 9.557800292968750000e-01 7.291769981384277344e-02 1.018971204757690430e-01 1.058369874954223633e-01 -9.891489148139953613e-01
9.531711935997009277e-01 3.021293580532073975e-01 1.351154875010251999e-02 1.992101594805717468e-02 -1.814288459718227386e-02 -9.996369481086730957e-01
9.999238848686218262e-01 7.679181289859116077e-04 1.231664605438709259e-02 1.231688633561134338e-02 -3.087139921262860298e-04 -9.999241232872009277e-01
9.999443888664245605e-01 1.043301890604197979e-03 1.049576699733734131e-02 1.049642451107501984e-02 -6.269510486163198948e-04 -9.999447464942932129e-01
9.992924928665161133e-01 3.154576942324638367e-02 2.047929354012012482e-02 2.073142863810062408e-02 -7.686430588364601135e-03 -9.997555613517761230e-01
2.579637430608272552e-02 2.166756894439458847e-03 -9.996649026870727539e-01 -9.996670484542846680e-01 6.299280794337391853e-04 -2.579506486654281616e-02
-8.706202507019042969e-01 4.657919406890869141e-01 1.582981199026107788e-01 1.486168801784515381e-02 3.465284109115600586e-01 -9.379217624664306641e-01
-2.521740198135375977e-01 9.654661417007446289e-01 6.544844806194305420e-02 -9.112826734781265259e-02 4.364041611552238464e-02 -9.948825240135192871e-01
-2.145978808403015137e-01 -1.163219287991523743e-01 9.697510004043579102e-01 -2.479049712419509888e-01 9.668547511100769043e-01 6.111519038677215576e-02
2.551758103072643280e-02 -5.293108988553285599e-03 9.996603727340698242e-01 2.036985196173191071e-02 9.997811317443847656e-01 4.773783497512340546e-03
5.286360383033752441e-01 -8.481318950653076172e-01 -3.487572073936462402e-02 -5.299590155482292175e-02 8.029465563595294952e-03 -9.985624551773071289e-01
-3.178070113062858582e-02 1.607459783554077148e-01 -9.864840507507324219e-01 -9.990917444229125977e-01 2.292038127779960632e-02 3.592171147465705872e-02
9.352076053619384766e-01 -3.518832921981811523e-01 -3.955905884504318237e-02 -6.792037189006805420e-02 -6.861761212348937988e-02 -9.953283667564392090e-01
-5.829275120049715042e-03 -8.338009715080261230e-01 -5.520344376564025879e-01 -9.455824494361877441e-01 -1.750035136938095093e-01 2.743129134178161621e-01
9.563301801681518555e-01 2.913728654384613037e-01 2.311682142317295074e-02 2.563069760799407959e-02 -4.813261795789003372e-03 -9.996598958969116211e-01
9.561252593994140625e-01 2.914221882820129395e-01 2.996051870286464691e-02 3.216904774308204651e-02 -2.788900397717952728e-03 -9.994785785675048828e-01
1.091256290674209595e-01 9.938969612121582031e-01 1.613737270236015320e-02 6.482472270727157593e-02 9.084167890250682831e-03 -9.978553652763366699e-01
6.218565702438354492e-01 7.825448513031005859e-01 3.030024468898773193e-02 2.788787893950939178e-02 1.653841696679592133e-02 -9.994742870330810547e-01
4.127917438745498657e-02 -9.078166484832763672e-01 -4.173307120800018311e-01 -9.500845670700073242e-01 -1.649438887834548950e-01 2.648262083530426025e-01
-7.674526423215866089e-02 -6.830242872238159180e-01 -7.263525724411010742e-01 -9.533161520957946777e-01 -1.631268560886383057e-01 2.541219294071197510e-01
-9.979299902915954590e-01 6.382729858160018921e-02 -7.863305509090423584e-03 7.261213380843400955e-03 -9.659642353653907776e-03 -9.999269843101501465e-01
-8.383459411561489105e-03 -8.579510904382914305e-05 9.999648928642272949e-01 -9.999648928642272949e-01 -3.103355084022041410e-06 -8.383459411561489105e-03
2.064691297709941864e-02 2.061040103435516357e-01 -9.783122539520263672e-01 -9.954743385314941406e-01 9.502606838941574097e-02 -9.896792471408843994e-04
9.970800876617431641e-01 -7.636000216007232666e-02 -7.397715235128998756e-04 -4.190102219581604004e-03 -4.503473639488220215e-02 -9.989766478538513184e-01
9.988135099411010742e-01 4.869296401739120483e-02 7.299644057638943195e-04 2.892783842980861664e-03 -4.436182975769042969e-02 -9.990113973617553711e-01
-8.608764968812465668e-03 -2.053770981729030609e-02 -9.997520446777343750e-01 -9.999626874923706055e-01 9.387605241499841213e-04 8.591294288635253906e-03
3.253132402896881104e-01 9.454249143600463867e-01 1.852360367774963379e-02 -9.079815819859504700e-03 2.271131798624992371e-02 -9.997008442878723145e-01
5.454743504524230957e-01 -8.380768895149230957e-01 -9.216217324137687683e-03 -2.097881212830543518e-02 -2.659956458956003189e-03 -9.997763633728027344e-01
6.830077767372131348e-01 -7.303885221481323242e-01 -5.752048920840024948e-03 -5.613888055086135864e-02 -4.464207589626312256e-02 -9.974244236946105957e-01
-9.819085001945495605e-01 1.888750046491622925e-01 -1.349101308733224869e-02 1.630786992609500885e-02 1.336770132184028625e-02 -9.997776746749877930e-01
-6.830036044120788574e-01 7.303709387779235840e-01 -8.029717020690441132e-03 -8.869715966284275055e-03 -1.928603090345859528e-02 -9.997746944427490234e-01
9.273052215576171875e-01 -3.741160631179809570e-01 -1.192290894687175751e-02 1.083714514970779419e-01 2.988321781158447266e-01 -9.481323361396789551e-01
1.306906715035438538e-02 3.321065902709960938e-01 -9.431513547897338867e-01 -9.872167706489562988e-01 1.541276127099990845e-01 4.059241339564323425e-02
9.243191480636596680e-01 -3.814832270145416260e-01 -1.023312471807003021e-02 1.007592380046844482e-01 2.698235511779785156e-01 -9.576236009597778320e-01
2.296437919139862061e-01 9.731308817863464355e-01 1.673503592610359192e-02 3.434084728360176086e-02 9.082344360649585724e-03 -9.993689060211181641e-01
3.103969693183898926e-01 9.505175352096557617e-01 1.304396707564592361e-02 6.476974487304687500e-02 -7.457114756107330322e-03 -9.978724122047424316e-01
9.150203466415405273e-01 -4.031490385532379150e-01 -1.444587670266628265e-02 1.027365773916244507e-01 2.675093412399291992e-01 -9.580626487731933594e-01
-6.635637879371643066e-01 5.643495358526706696e-03 7.480984926223754883e-01 -8.029007166624069214e-02 9.936587810516357422e-01 -7.871329784393310547e-02
-9.994686245918273926e-01 -3.186737746000289917e-02 6.851898040622472763e-03 -6.852280814200639725e-03 -9.720892558107152581e-05 -9.999765157699584961e-01
8.565251482650637627e-04 -1.256073359400033951e-02 9.999207854270935059e-01 -9.999652504920959473e-01 -8.304556831717491150e-03 7.522436208091676235e-04
1.146130543202161789e-02 3.126493990421295166e-01 -9.497994780540466309e-01 -9.563342332839965820e-01 2.808533310890197754e-01 8.090949803590774536e-02
5.234205722808837891e-01 8.516409993171691895e-01 2.717713825404644012e-02 -5.273327976465225220e-02 6.421114504337310791e-02 -9.965420961380004883e-01
-9.999638199806213379e-01 8.507986553013324738e-03 1.318589929724112153e-04 -7.843804633012041450e-05 6.278944201767444611e-03 -9.999803304672241211e-01
-9.999759197235107422e-01 6.929211318492889404e-03 4.392566916067153215e-04 -4.179133684374392033e-04 3.081333823502063751e-03 -9.999951720237731934e-01
-7.129144505597651005e-04 -2.371231094002723694e-02 9.997186064720153809e-01 -9.999948143959045410e-01 3.166166599839925766e-03 -6.380131817422807217e-04
-9.999984502792358398e-01 -6.248391582630574703e-04 1.667380565777420998e-03 -1.667380565777420998e-03 -4.588735009747324511e-07 -9.999986290931701660e-01
-9.999966025352478027e-01 -2.055625664070248604e-03 1.637064851820468903e-03 -1.634432235732674599e-03 -1.281721750274300575e-03 -9.999979138374328613e-01
7.017115950584411621e-01 7.116550803184509277e-01 3.388179838657379150e-02 -5.136438459157943726e-02 9.796440601348876953e-02 -9.938635230064392090e-01
9.999969601631164551e-01 1.739452243782579899e-03 -1.748360693454742432e-03 -1.748824841342866421e-03 2.653074043337255716e-04 -9.999984502792358398e-01
9.976428747177124023e-01 6.837766617536544800e-02 -5.763542372733354568e-03 -6.569225341081619263e-03 1.156383194029331207e-02 -9.999116063117980957e-01
9.768476011231541634e-04 -4.070359747856855392e-03 -9.999912381172180176e-01 -9.999922513961791992e-01 -3.817878663539886475e-03 -9.613082511350512505e-04
9.999972581863403320e-01 9.356756345368921757e-04 2.152303466573357582e-03 2.152036875486373901e-03 2.856559585779905319e-04 -9.999976754188537598e-01
-1.099756509065628052e-01 -9.939292073249816895e-01 -3.201852552592754364e-03 -4.078729078173637390e-02 7.731639314442873001e-03 -9.991379976272583008e-01
-5.829591751098632812e-01 -8.122987151145935059e-01 1.814937032759189606e-02 2.032510377466678619e-02 -3.691001236438751221e-02 -9.991118907928466797e-01
-9.991751909255981445e-01 -4.046908020973205566e-02 3.354924032464623451e-03 -3.095166059210896492e-03 -6.479628384113311768e-03 -9.999742507934570312e-01
-9.999985098838806152e-01 1.749020419083535671e-03 3.008342173416167498e-05 -3.245250991312786937e-05 -1.354509266093373299e-03 -9.999991059303283691e-01
-9.997448921203613281e-01 2.253520488739013672e-02 -1.536602037958800793e-03 1.622848911210894585e-03 3.809408517554402351e-03 -9.999914765357971191e-01
-8.923672139644622803e-02 -9.959585070610046387e-01 -1.017473172396421432e-02 -2.791274711489677429e-02 1.271216291934251785e-02 -9.995295405387878418e-01
9.976292252540588379e-01 -6.860125809907913208e-02 5.463036708533763885e-03 7.353006862103939056e-03 2.732786163687705994e-02 -9.995995163917541504e-01
-9.974688887596130371e-01 7.066703587770462036e-02 -7.872661575675010681e-03 7.891287095844745636e-03 -1.561036333441734314e-05 -9.999688863754272461e-01
9.989835619926452637e-01 4.073774442076683044e-02 1.929650083184242249e-02 -4.100608453154563904e-02 9.990646839141845703e-01 1.372097805142402649e-02
-2.647816948592662811e-02 4.355285167694091797e-01 -8.997854590415954590e-01 -9.429740905761718750e-01 2.878865301609039307e-01 1.670965254306793213e-01
3.653401508927345276e-03 3.327648621052503586e-03 -9.999877810478210449e-01 -9.999916553497314453e-01 1.840242999605834484e-03 -3.647291800007224083e-03
-6.322020292282104492e-02 -3.648694753646850586e-01 9.289098978042602539e-01 -9.806730747222900391e-01 1.953975856304168701e-01 1.000770181417465210e-02
-7.038571238517761230e-01 1.050518453121185303e-02 -7.102639079093933105e-01 6.143507733941078186e-02 9.970443844795227051e-01 -4.613409191370010376e-02
-9.930316805839538574e-01 -1.176358535885810852e-01 7.063550408929586411e-03 -1.228734664618968964e-02 4.374064505100250244e-02 -9.989673495292663574e-01
9.332216978073120117e-01 -3.592963814735412598e-01 1.835799659602344036e-03 4.630127921700477600e-03 6.916851270943880081e-03 -9.999653697013854980e-01
-4.039462804794311523e-01 -9.124153852462768555e-01 -6.576957553625106812e-02 -7.649832218885421753e-02 1.053369641304016113e-01 -9.914898872375488281e-01
3.400978147983551025e-01 9.400970339775085449e-01 2.347567677497863770e-02 3.819569014012813568e-03 2.358261868357658386e-02 -9.997146129608154297e-01
-9.999999403953552246e-01 -2.673068665899336338e-04 3.308623272459954023e-04 -3.309093590360134840e-04 1.758768776198849082e-04 -9.999999403953552246e-01
1.864797174930572510e-01 -9.822527170181274414e-01 -2.012324705719947815e-02 -1.472838670015335083e-01 -7.698899600654840469e-03 -9.890643358230590820e-01
9.850333333015441895e-01 -1.723634600639343262e-01 -4.633283242583274841e-04 -1.591378822922706604e-03 -6.406479049474000931e-03 -9.999782443046569824e-01
1.997474581003189087e-01 -9.790623188018798828e-01 -3.921715542674064636e-02 -3.435508906841278076e-02 3.300126641988754272e-02 -9.988647103309631348e-01
8.749882131814956665e-02 -9.958750605583190918e-01 -2.401784993708133698e-02 -4.965969920158386230e-02 1.971971802413463593e-02 -9.985715150833129883e-01
8.349701166152954102e-01 -5.483574867248535156e-01 -4.614059627056121826e-02 -3.350143879652023315e-02 3.303828835487365723e-02 -9.988924860954284668e-01
9.793920516967773438e-01 1.957525163888931274e-01 -4.972134530544281006e-02 -4.861718043684959412e-02 -1.044459454715251923e-02 -9.987629055976867676e-01
-9.101108908653259277e-01 -4.129207134246826172e-01 3.456377983093261719e-02 -3.372838348150253296e-02 -9.314248338341712952e-03 -9.993876218795776367e-01
-9.833358526229858398e-01 -1.788940280675888062e-01 3.236654028296470642e-02 -4.033818095922470093e-02 4.110343009233474731e-02 -9.983403086662292480e-01
-9.873576760292053223e-01 -1.563714444637298584e-01 2.593780681490898132e-02 -2.859609574079513550e-02 1.477385591715574265e-02 -9.994818568229675293e-01
-9.986596703529357910e-01 -5.055266991257667542e-02 -1.110693253576755524e-02 1.129992026835680008e-02 -3.533351700752973557e-03 -9.999299645423889160e-01
9.999676942825317383e-01 -1.099059591069817543e-03 7.966780103743076324e-03 7.966271601617336273e-03 -4.668860638048499823e-04 -9.999681711196899414e-01
1.101659703999757767e-02 2.716232277452945709e-02 -9.995703697204589844e-01 -9.999087452888488770e-01 8.119468577206134796e-03 -1.079968735575675964e-02
9.953743815422058105e-01 -9.475157409906387329e-02 1.587486825883388519e-02 8.393425494432449341e-03 -7.884082198143005371e-02 -9.968519210815429688e-01
-9.933107495307922363e-01 1.151558458805084229e-01 -8.542524650692939758e-03 5.133517086505889893e-03 -2.986755594611167908e-02 -9.995406866073608398e-01
-9.999974966049194336e-01 2.215384272858500481e-03 -3.308418381493538618e-04 3.320905962027609348e-04 5.633467808365821838e-04 -9.999998211860656738e-01
-9.999970793724060059e-01 2.344143809750676155e-03 -5.941786803305149078e-04 5.928731407038867474e-04 -5.575823015533387661e-04 -9.999997019767761230e-01
-9.999917745590209961e-01 4.051359836012125015e-03 -3.933552652597427368e-04 3.940519527532160282e-04 1.711593504296615720e-04 -9.999999403953552246e-01
-9.999612569808959961e-01 -8.756371214985847473e-03 9.162956848740577698e-04 -9.128793026320636272e-04 -3.941496252082288265e-04 -9.999995231628417969e-01
-9.998066425323486328e-01 1.947322860360145569e-02 -2.749432809650897980e-03 2.614388708025217056e-03 -6.956936325877904892e-03 -9.999724030494689941e-01
-9.999276995658874512e-01 1.186240836977958679e-02 -1.992430537939071655e-03 2.132044872269034386e-03 1.176846772432327271e-02 -9.999285340309143066e-01
9.678118228912353516e-01 2.508522570133209229e-01 2.033199928700923920e-02 2.343837171792984009e-02 -9.401625022292137146e-03 -9.996810555458068848e-01
9.706728458404541016e-01 -2.402809560298919678e-01 7.708000484853982925e-03 9.284849278628826141e-03 5.431124940514564514e-03 -9.999421834945678711e-01
8.974873423576354980e-01 4.405492246150970459e-01 2.080773748457431793e-02 1.328499615192413330e-02 2.015338279306888580e-02 -9.997086524963378906e-01
-4.953865110874176025e-01 -8.684622049331665039e-01 -1.912232674658298492e-02 -1.015817597508430481e-01 7.977823168039321899e-02 -9.916232228279113770e-01
-9.999997019767761230e-01 -3.909207007382065058e-04 -7.293319213204085827e-04 7.292440859600901604e-04 2.247739757876843214e-04 -9.999997615814208984e-01
-9.991383552551269531e-01 -4.105989262461662292e-02 6.062414962798357010e-03 -6.071225740015506744e-03 8.988584158942103386e-05 -9.999815821647644043e-01
-9.987399578094482422e-01 -4.972746968269348145e-02 6.759085226804018021e-03 -6.959813181310892105e-03 3.864517435431480408e-03 -9.999683499336242676e-01
-9.980134367942810059e-01 -6.248512119054794312e-02 8.050681091845035553e-03 -8.409895002841949463e-03 5.487926770001649857e-03 -9.999495744705200195e-01
-9.982949495315551758e-01 -5.773068964481353760e-02 8.626674301922321320e-03 -8.754315786063671112e-03 1.958423992618918419e-03 -9.999597668647766113e-01
-9.990028738975524902e-01 4.423517361283302307e-02 -6.048338022083044052e-03 6.339824292808771133e-03 6.452151574194431305e-03 -9.999591112136840820e-01
-6.407308857887983322e-03 -1.591906324028968811e-02 9.998527765274047852e-01 -9.998986124992370605e-01 1.282143592834472656e-02 -6.203466560691595078e-03
-9.974970817565917969e-01 -7.027880102396011353e-02 7.778072729706764221e-03 -7.943328469991683960e-03 2.072252798825502396e-03 -9.999663233757019043e-01
8.346607685089111328e-01 -5.506733655929565430e-01 1.001731492578983307e-02 -9.937081485986709595e-02 -1.684569865465164185e-01 -9.806874394416809082e-01
9.355100393295288086e-01 -3.526292741298675537e-01 2.176178433001041412e-02 5.786267668008804321e-02 9.216067939996719360e-02 -9.940615296363830566e-01
-9.974952936172485352e-01 7.056874036788940430e-02 4.823243711143732071e-03 -5.752740893512964249e-03 -1.297421380877494812e-02 -9.998993277549743652e-01
-9.999901056289672852e-01 4.182967357337474823e-03 1.537480275146663189e-03 -1.548327389173209667e-03 -2.591164549812674522e-03 -9.999954700469970703e-01
-5.230937600135803223e-01 -8.500783443450927734e-01 6.115392595529556274e-02 -7.809662818908691406e-02 -2.364270202815532684e-02 -9.966654181480407715e-01
-4.756152927875518799e-01 -8.777457475662231445e-01 5.790150538086891174e-02 -1.597663462162017822e-01 2.146758511662483215e-02 -9.869214296340942383e-01
-2.781674563884735107e-01 -9.603765606880187988e-01 1.731409877538681030e-02 -1.702494025230407715e-01 3.155559673905372620e-02 -9.848956465721130371e-01
-2.365131229162216187e-01 -9.714781641960144043e-01 1.708147116005420685e-02 -3.725820779800415039e-02 -8.499356918036937714e-03 -9.992695450782775879e-01
9.967199563980102539e-01 7.139627635478973389e-02 3.810277953743934631e-02 4.201015084981918335e-02 -5.404980480670928955e-02 -9.976541399955749512e-01
8.702991008758544922e-01 4.923750162124633789e-01 1.209775172173976898e-02 2.478247508406639099e-02 -1.924624852836132050e-02 -9.995076060295104980e-01
8.680415153503417969e-01 4.964060187339782715e-01 9.222472086548805237e-03 3.163347393274307251e-02 -3.675931692123413086e-02 -9.988233447074890137e-01
-1.951808808371424675e-03 -3.541977703571319580e-01 9.351685047149658203e-01 -9.951984882354736328e-01 9.220197051763534546e-02 3.284466639161109924e-02
-7.868937849998474121e-01 -5.875777006149291992e-01 -1.885488778352737427e-01 -3.728494280949234962e-03 3.100675046443939209e-01 -9.507072567939758301e-01
9.034193754196166992e-01 4.276135265827178955e-01 -3.130947425961494446e-02 -2.159026823937892914e-02 -2.756044641137123108e-02 -9.993869662284851074e-01
-8.746732026338577271e-03 3.082592785358428955e-01 -9.512621760368347168e-01 -9.604158997535705566e-01 -2.674724757671356201e-01 -7.784433662891387939e-02
9.366749525070190430e-01 -3.501139283180236816e-01 7.762559689581394196e-03 3.725172253325581551e-03 -1.220360584557056427e-02 -9.999185800552368164e-01
9.999274611473083496e-01 -1.176390144973993301e-02 2.591669326648116112e-03 2.535404171794652939e-03 -4.795257002115249634e-03 -9.999853372573852539e-01
9.999988079071044922e-01 -1.241860794834792614e-03 9.298684890381991863e-04 9.305861894972622395e-04 5.774202872999012470e-04 -9.999994039535522461e-01
9.436352849006652832e-01 3.309869766235351562e-01 -1.952284219441935420e-04 8.393095340579748154e-04 -2.982684411108493805e-03 -9.999952316284179688e-01
9.998885393142700195e-01 -9.398394613526761532e-04 1.490301638841629028e-02 1.490278542041778564e-02 -2.520718553569167852e-04 -9.998889565467834473e-01
9.999538064002990723e-01 1.161945401690900326e-03 9.545006789267063141e-03 9.545057080686092377e-03 -3.751410258701071143e-05 -9.999544620513916016e-01
1.135746296495199203e-02 1.666687661781907082e-03 -9.999341368675231934e-01 -9.999350905418395996e-01 -8.921208209358155727e-04 -1.135896053165197372e-02
9.772193431854248047e-01 2.119519412517547607e-01 1.090132445096969604e-02 8.132690563797950745e-03 1.392997149378061295e-02 -9.998699426651000977e-01
9.876761436462402344e-01 1.560435146093368530e-01 1.209481712430715561e-02 1.803809218108654022e-02 -3.672761097550392151e-02 -9.991624951362609863e-01
9.468109011650085449e-01 -3.214650750160217285e-01 -1.446881797164678574e-02 -1.163362152874469757e-02 1.073884591460227966e-02 -9.998747110366821289e-01
9.640660285949707031e-01 2.608114182949066162e-01 -5.053909122943878174e-02 -5.149907246232032776e-02 -3.156589344143867493e-03 -9.986680746078491211e-01
-9.885097742080688477e-01 1.510575413703918457e-01 -5.485390778630971909e-03 9.417557739652693272e-04 -3.013396635651588440e-02 -9.995454549789428711e-01
9.520593881607055664e-01 -3.059133887290954590e-01 6.420729187084361911e-05 1.313371118158102036e-02 4.066485911607742310e-02 -9.990865588188171387e-01
9.286748170852661133e-01 -3.708229660987854004e-01 7.312625180929899216e-03 3.973272629082202911e-03 -9.768380783498287201e-03 -9.999443888664245605e-01
-8.381316438317298889e-03 7.074330351315438747e-04 9.999646544456481934e-01 -9.999648332595825195e-01 2.951517817564308643e-04 -8.381527848541736603e-03
-9.487599134445190430e-03 1.737338607199490070e-03 9.999535083770751953e-01 -9.999536871910095215e-01 -1.633802196010947227e-03 -9.484760463237762451e-03
-9.319711476564407349e-03 -2.900299383327364922e-03 9.999523758888244629e-01 -9.999536275863647461e-01 2.447559032589197159e-03 -9.312625043094158173e-03
-9.999958872795104980e-01 1.001900178380310535e-03 -2.707120263949036598e-03 2.706432947888970375e-03 -6.868099444545805454e-04 -9.999961256980895996e-01
-9.161403402686119080e-03 9.807198308408260345e-03 9.999099373817443848e-01 -9.999575018882751465e-01 9.677286725491285324e-04 -9.171330370008945465e-03
-9.999895691871643066e-01 4.205792676657438278e-03 1.793957897461950779e-03 -1.804795931093394756e-03 -2.574555110186338425e-03 -9.999950528144836426e-01
9.634813070297241211e-01 -2.677300572395324707e-01 4.942574538290500641e-03 7.400572765618562698e-03 8.172560483217239380e-03 -9.999392628669738770e-01
9.259613752365112305e-01 3.774005472660064697e-01 1.281885523349046707e-02 8.918747305870056152e-03 1.207999046891927719e-02 -9.998872876167297363e-01
5.930233597755432129e-01 -8.051201701164245605e-01 -1.023590192198753357e-02 -8.278296887874603271e-02 -4.832007735967636108e-02 -9.953954815864562988e-01
7.590013742446899414e-01 -6.510651707649230957e-01 -5.572625435888767242e-03 -7.847439497709274292e-02 -8.298094570636749268e-02 -9.934566020965576172e-01
-9.581206440925598145e-01 2.857035696506500244e-01 -1.944977603852748871e-02 1.730768010020256042e-02 -1.002101134508848190e-02 -9.997999668121337891e-01
1.314916014671325684e-01 9.912226796150207520e-01 1.369782444089651108e-02 3.844141587615013123e-02 8.708899840712547302e-03 -9.992229342460632324e-01
-6.412400007247924805e-01 4.088165238499641418e-03 7.673295736312866211e-01 -4.413190111517906189e-02 9.981341361999511719e-01 -4.219787195324897766e-02
9.175719618797302246e-01 -3.973377943038940430e-01 -1.358105707913637161e-02 1.124752461910247803e-01 2.922006249427795410e-01 -9.497200250625610352e-01
-9.979295134544372559e-01 -6.280176341533660889e-02 1.387927401810884476e-02 -1.477558817714452744e-02 1.383024826645851135e-02 -9.997951984405517578e-01
-9.999903440475463867e-01 4.391800146549940109e-03 2.555245591793209314e-04 -2.470574981998652220e-04 1.928353914991021156e-03 -9.999981522560119629e-01
-9.995591044425964355e-01 2.952937968075275421e-02 -3.113787854090332985e-03 3.367273136973381042e-03 8.538342081010341644e-03 -9.999579191207885742e-01
-4.745652899146080017e-03 -2.815701765939593315e-03 -9.999848008155822754e-01 -9.999886751174926758e-01 -3.960004250984638929e-04 4.746786784380674362e-03
-9.999961853027343750e-01 -2.302151639014482498e-03 1.556689734570682049e-03 -1.559159718453884125e-03 1.071510720066726208e-03 -9.999982714653015137e-01
-1.106969197280704975e-03 -7.142874598503112793e-02 9.974451065063476562e-01 -9.998193979263305664e-01 1.900182664394378662e-02 2.511489437893033028e-04
-5.600753426551818848e-01 1.722815185785293579e-01 -8.103300333023071289e-01 7.326319813728332520e-03 9.791294932365417480e-01 2.031056582927703857e-01
-1.590460352599620819e-02 -7.757002711296081543e-01 -6.309011578559875488e-01 -9.953169822692871094e-01 -4.788780212402343750e-02 8.396990597248077393e-02
-4.168316721916198730e-03 9.783894568681716919e-02 9.951935410499572754e-01 -9.996737241744995117e-01 -2.548839151859283447e-02 -1.681280671618878841e-03
-2.656085789203643799e-01 9.640801548957824707e-01 1.241091755218803883e-03 7.626003026962280273e-02 2.229325659573078156e-02 -9.968387484550476074e-01
3.003714680671691895e-01 9.537555575370788574e-01 1.128582935780286789e-02 -1.442904621362686157e-01 5.713186413049697876e-02 -9.878847002983093262e-01
1.612430512905120850e-01 1.084373239427804947e-02 9.868551492691040039e-01 -9.172439575195312500e-02 9.957762360572814941e-01 4.045160952955484390e-03
-4.840307533740997314e-01 6.450560176745057106e-04 8.750507831573486328e-01 1.856832802295684814e-01 9.773023724555969238e-01 1.019895151257514954e-01
7.571255564689636230e-01 -6.514378190040588379e-01 -4.888452216982841492e-02 -7.876362651586532593e-02 -1.674477383494377136e-02 -9.967526793479919434e-01
8.451598882675170898e-01 -5.325902700424194336e-01 -4.530342668294906616e-02 -8.973962068557739258e-02 -5.783023685216903687e-02 -9.942849278450012207e-01
-9.951460361480712891e-01 9.815388172864913940e-02 -7.088631857186555862e-03 4.675162956118583679e-03 -2.479682490229606628e-02 -9.996815919876098633e-01
-3.723307978361845016e-03 7.199425599537789822e-04 9.999928474426269531e-01 -9.999930262565612793e-01 3.408359480090439320e-04 -3.723554080352187157e-03
-7.059824652969837189e-03 3.722206165548413992e-04 9.999750256538391113e-01 -9.999750852584838867e-01 4.657426870835479349e-06 -7.059826981276273727e-03
-7.020918186753988266e-03 3.263597190380096436e-02 9.994426369667053223e-01 -9.999710321426391602e-01 2.703284146264195442e-03 -7.112903520464897156e-03
9.999940991401672363e-01 -3.272790228947997093e-03 1.022374257445335388e-03 1.025673700496554375e-03 1.006637932732701302e-03 -9.999989867210388184e-01
5.728005431592464447e-03 1.353257428854703903e-02 -9.998920559883117676e-01 -9.999712109565734863e-01 -4.900302737951278687e-03 -5.794779863208532333e-03
-1.566665060818195343e-02 -2.333177328109741211e-01 -9.722743630409240723e-01 -9.773071408271789551e-01 -2.018676251173019409e-01 6.419013440608978271e-02
9.545006752014160156e-01 2.979053556919097900e-01 1.344835478812456131e-02 -5.704012885689735413e-02 2.266516685485839844e-01 -9.723042249679565430e-01
9.334328770637512207e-01 -3.586829006671905518e-01 7.044884841889142990e-03 6.758584640920162201e-03 -2.052018186077475548e-03 -9.999750852584838867e-01
9.600305557250976562e-01 -2.798945307731628418e-01 -6.618183106184005737e-04 -1.644377480261027813e-03 -3.275657771155238152e-03 -9.999933242797851562e-01
4.513150081038475037e-03 -2.403234597295522690e-03 -9.999869465827941895e-01 -9.999885559082031250e-01 -1.607278711162507534e-03 -4.509294405579566956e-03
9.999944567680358887e-01 3.241753904148936272e-03 7.934234454296529293e-04 7.899479242041707039e-04 1.073252526111900806e-03 -9.999991655349731445e-01
-9.998454451560974121e-01 1.704087853431701660e-02 -4.326673690229654312e-03 4.362941719591617584e-03 2.091679954901337624e-03 -9.999883174896240234e-01
-9.999964237213134766e-01 -1.819063560105860233e-03 1.982426270842552185e-03 -1.984910573810338974e-03 1.364933094009757042e-03 -9.999971389770507812e-01
-1.279320865869522095e-01 -9.917690157890319824e-01 5.257550161331892014e-03 -7.590470463037490845e-02 4.505402408540248871e-03 -9.971049427986145020e-01
1.923878304660320282e-02 2.874968051910400391e-01 -9.575883746147155762e-01 -9.990358948707580566e-01 4.332948103547096252e-02 -7.062687072902917862e-03
6.479598879814147949e-01 7.609125375747680664e-01 3.406197577714920044e-02 2.073665708303451538e-01 -1.332005560398101807e-01 -9.691526293754577637e-01
-9.999977350234985352e-01 2.102474449202418327e-03 -3.440900181885808706e-04 3.448599018156528473e-04 3.658277273643761873e-04 -9.999998807907104492e-01
-9.999969005584716797e-01 2.422873396426439285e-03 -6.139046163298189640e-04 6.153170834295451641e-04 5.822756793349981308e-04 -9.999996423721313477e-01
9.712354540824890137e-01 2.372139394283294678e-01 2.076728083193302155e-02 1.916931569576263428e-02 9.041195735335350037e-03 -9.997754096984863281e-01
-4.348753690719604492e-01 -8.159563876688480377e-04 9.004903435707092285e-01 -7.490202784538269043e-03 9.999682903289794922e-01 -2.711161039769649506e-03
-7.498005032539367676e-01 6.586166620254516602e-01 6.343025714159011841e-02 1.961281448602676392e-01 3.127861022949218750e-01 -9.293538928031921387e-01
1.672231592237949371e-02 -9.437528206035494804e-04 -9.998597502708435059e-01 -9.998601078987121582e-01 3.192386939190328121e-04 -1.672262512147426605e-02
9.821034073829650879e-01 -1.882985085248947144e-01 4.068347159773111343e-03 1.065105199813842773e-02 3.396024554967880249e-02 -9.993664622306823730e-01
-9.999894499778747559e-01 4.386727698147296906e-03 -1.390456338413059711e-03 1.390242367051541805e-03 -5.182267341297119856e-05 -9.999990463256835938e-01
-1.668540388345718384e-01 -9.852359294891357422e-01 -3.833987936377525330e-02 1.153818294405937195e-01 1.910693943500518799e-02 -9.931374788284301758e-01
3.778481483459472656e-01 -9.249549508094787598e-01 4.109929502010345459e-02 1.473358869552612305e-01 1.624437235295772552e-02 -9.889531731605529785e-01
-5.696012973785400391e-01 -8.200551867485046387e-01 5.535217002034187317e-02 -9.532606601715087891e-02 -9.782500565052032471e-04 -9.954456090927124023e-01
-9.954014420509338379e-01 -8.392244577407836914e-02 -4.618494585156440735e-02 4.652902483940124512e-02 -2.147641498595476151e-03 -9.989146590232849121e-01
4.290795028209686279e-01 -9.028249382972717285e-01 -2.824801392853260040e-02 6.079945713281631470e-02 6.006972491741180420e-02 -9.963408708572387695e-01
7.747058868408203125e-01 -6.322054862976074219e-01 -1.213176921010017395e-02 -6.557635962963104248e-02 -6.124519929289817810e-02 -9.959662556648254395e-01
2.615591883659362793e-01 -9.649058580398559570e-01 -2.331436425447463989e-02 4.594808071851730347e-02 3.657586127519607544e-02 -9.982740283012390137e-01
-9.927789568901062012e-01 1.197007894515991211e-01 -7.858151569962501526e-03 7.072021253407001495e-03 -6.990842055529356003e-03 -9.999505877494812012e-01
-9.756250381469726562e-01 2.193207591772079468e-01 -7.362992502748966217e-03 2.475505322217941284e-02 7.665751874446868896e-02 -9.967501759529113770e-01
3.118246793746948242e-01 -9.501203894615173340e-01 -6.057625170797109604e-03 1.932126283645629883e-01 6.965111941099166870e-02 -9.786816239356994629e-01
8.854305744171142578e-01 -4.644593000411987305e-01 1.703919842839241028e-02 1.015780046582221985e-01 1.576097160577774048e-01 -9.822632670402526855e-01
-9.537819623947143555e-01 -2.984425127506256104e-01 3.510068729519844055e-02 -3.746555745601654053e-02 2.204830758273601532e-03 -9.992955327033996582e-01
6.070141196250915527e-01 -7.930213212966918945e-01 -5.148888006806373596e-02 -2.175989896059036255e-01 -1.035459488630294800e-01 -9.705302715301513672e-01
8.176124840974807739e-02 -8.368049263954162598e-01 -5.413618683815002441e-01 -9.726892709732055664e-01 5.139619857072830200e-02 -2.263493090867996216e-01
-9.999995231628417969e-01 9.372060303576290607e-04 -2.619267033878713846e-04 2.620055165607482195e-04 8.394946053158491850e-05 -1.000000000000000000e+00
-1.876104772090911865e-01 9.821689128875732422e-01 1.211063750088214874e-02 -1.677640974521636963e-01 -1.989244297146797180e-02 -9.856264591217041016e-01
9.877048730850219727e-01 5.044338852167129517e-02 1.479683220386505127e-01 -6.547824293375015259e-02 9.929743409156799316e-01 9.856291860342025757e-02
-2.679267823696136475e-01 7.339983582496643066e-01 -6.240686178207397461e-01 -9.152765870094299316e-01 8.324682712554931641e-03 4.027400016784667969e-01
-1.999535262584686279e-01 7.229903340339660645e-01 -6.612892746925354004e-01 -9.522970914840698242e-01 1.540128979831933975e-02 3.047836720943450928e-01
-5.914634093642234802e-03 3.130539879202842712e-02 9.994924068450927734e-01 -9.999246597290039062e-01 -1.093907654285430908e-02 -5.574566312134265900e-03
1.219486072659492493e-02 2.217355370521545410e-01 9.750306010246276855e-01 -9.995076060295104980e-01 -2.549187466502189636e-02 1.829820685088634491e-02
-8.378902822732925415e-02 9.963306188583374023e-01 1.745708845555782318e-02 6.208482757210731506e-02 2.270424179732799530e-02 -9.978126287460327148e-01
-8.266551494598388672e-01 -2.342420667409896851e-01 5.116364955902099609e-01 8.999721147119998932e-03 9.036185145378112793e-01 4.282437264919281006e-01
-1.255289167165756226e-01 9.919183850288391113e-01 1.844827458262443542e-02 2.182066207751631737e-03 1.887137070298194885e-02 -9.998195767402648926e-01
2.150122225284576416e-01 -9.764301180839538574e-01 -1.881605945527553558e-02 -4.485594481229782104e-02 9.372632019221782684e-03 -9.989495277404785156e-01
-1.579409688711166382e-01 1.067677326500415802e-02 -9.873908758163452148e-01 5.485421046614646912e-02 9.984923601150512695e-01 2.022451022639870644e-03
-9.976130723953247070e-01 -6.747296452522277832e-02 1.468162611126899719e-02 -1.781585626304149628e-02 4.608712717890739441e-02 -9.987785816192626953e-01
4.635498225688934326e-01 4.082057997584342957e-02 8.851301074028015137e-01 1.891924589872360229e-01 9.713420271873474121e-01 -1.438781321048736572e-01
8.678476214408874512e-01 4.946198463439941406e-01 4.681577906012535095e-02 1.523026525974273682e-01 -1.751614809036254883e-01 -9.726881980895996094e-01
-2.375704944133758545e-01 4.638415873050689697e-01 -8.534701466560363770e-01 -9.259710311889648438e-01 1.573294252157211304e-01 3.432566523551940918e-01
-5.367612931877374649e-03 -3.580302298069000244e-01 9.336946010589599609e-01 -9.878513813018798828e-01 1.469138711690902710e-01 5.065596848726272583e-02
9.982478618621826172e-01 -5.913205072283744812e-02 2.159145195037126541e-03 3.085837000980973244e-03 1.558474451303482056e-02 -9.998738169670104980e-01
1.589938066899776459e-02 3.039780305698513985e-03 -9.998689889907836914e-01 -9.998731613159179688e-01 -8.913818746805191040e-04 -1.590215601027011871e-02
-4.624183773994445801e-01 8.791070580482482910e-01 1.154990047216415405e-01 1.986434161663055420e-01 2.296668887138366699e-01 -9.527822732925415039e-01
5.855195522308349609e-01 3.880575895309448242e-01 7.117431163787841797e-01 -5.842792987823486328e-01 8.106299638748168945e-01 3.868782520294189453e-02
9.987692832946777344e-01 -4.497691988945007324e-02 2.090478315949440002e-02 2.199591509997844696e-02 2.390315569937229156e-02 -9.994722604751586914e-01
9.998593330383300781e-01 7.269312161952257156e-03 1.511632837355136871e-02 1.512550842016935349e-02 -1.209623762406408787e-03 -9.998849034309387207e-01
8.862996101379394531e-01 4.437325894832611084e-01 -1.325683444738388062e-01 -1.713375896215438843e-01 4.823875799775123596e-02 -9.840307235717773438e-01
-1.177837699651718140e-01 -8.276720046997070312e-01 -5.487130880355834961e-01 -9.194599390029907227e-01 2.996287643909454346e-01 -2.545900642871856689e-01
-4.010737538337707520e-01 -9.127025604248046875e-01 -7.819151133298873901e-02 -2.034520059823989868e-01 1.719783991575241089e-01 -9.638624191284179688e-01
-1.964586079120635986e-01 9.804560542106628418e-01 1.049027685075998306e-02 -1.781856119632720947e-01 -2.517918124794960022e-02 -9.836747050285339355e-01
4.655863940715789795e-01 -1.147677823901176453e-01 8.775293231010437012e-01 -1.748258061707019806e-02 9.901696443557739258e-01 1.387751251459121704e-01
9.034672984853386879e-04 6.860008239746093750e-01 -7.276001572608947754e-01 -8.499144911766052246e-01 -3.828606009483337402e-01 -3.620265126228332520e-01
-2.600130438804626465e-02 9.993317723274230957e-01 2.568956837058067322e-02 -9.994845986366271973e-01 -2.550408989191055298e-02 -1.949649490416049957e-02
-8.813027292490005493e-03 5.252184271812438965e-01 -8.509218692779541016e-01 -9.477685093879699707e-01 -2.757139503955841064e-01 -1.603641360998153687e-01
8.467926979064941406e-01 5.319210886955261230e-01 -1.482038176618516445e-03 -6.000335887074470520e-02 9.275330603122711182e-02 -9.938794970512390137e-01
-9.794483184814453125e-01 3.260695934295654297e-02 1.990422010421752930e-01 5.250433832406997681e-02 9.940418004989624023e-01 9.552045166492462158e-02
-9.782469868659973145e-01 2.070192992687225342e-01 -1.326019968837499619e-02 1.305168401449918747e-02 -2.373026451095938683e-03 -9.999120235443115234e-01
1.175388973206281662e-02 3.738935887813568115e-01 -9.273970723152160645e-01 -9.935217499732971191e-01 1.092078462243080139e-01 3.143676370382308960e-02
8.195733428001403809e-01 -5.729338526725769043e-01 -6.804911885410547256e-03 1.859373599290847778e-01 2.771768271923065186e-01 -9.426559805870056152e-01
4.166589081287384033e-01 9.087468385696411133e-01 2.397083677351474762e-02 -5.509790405631065369e-02 5.156499519944190979e-02 -9.971485733985900879e-01
7.636696100234985352e-01 -6.450087428092956543e-01 -2.779545448720455170e-02 1.511981040239334106e-01 2.205377668142318726e-01 -9.635881781578063965e-01
9.109522104263305664e-01 4.103430509567260742e-01 4.224497824907302856e-02 -9.189557284116744995e-02 3.017022311687469482e-01 -9.489631056785583496e-01
9.999881386756896973e-01 -1.982144312933087349e-03 -4.446436185389757156e-03 -4.446944221854209900e-03 -2.520862035453319550e-04 -9.999901056289672852e-01
-9.957973957061767578e-01 -9.029290825128555298e-02 -1.532441563904285431e-02 1.560559216886758804e-02 -2.408850472420454025e-03 -9.998753666877746582e-01
-9.984645843505859375e-01 -4.848637059330940247e-02 -2.678873948752880096e-02 2.869653701782226562e-02 -3.908830136060714722e-02 -9.988236427307128906e-01
-9.923685193061828613e-01 -1.131274625658988953e-01 -4.906059429049491882e-02 5.156742036342620850e-02 -1.933880522847175598e-02 -9.984822869300842285e-01
9.999938607215881348e-01 2.281663240864872932e-03 2.675140043720602989e-03 2.670883899554610252e-03 1.866319333203136921e-03 -9.999946951866149902e-01
9.999929666519165039e-01 -1.192042022012174129e-03 3.552987240254878998e-03 3.552425419911742210e-03 -4.730753717012703419e-04 -9.999935626983642578e-01
1.415999326854944229e-02 3.884595632553100586e-02 -9.991449117660522461e-01 -9.996991753578186035e-01 2.056301198899745941e-02 -1.336837466806173325e-02
9.113762974739074707e-01 -4.115413427352905273e-01 -5.189910065382719040e-03 -6.678757723420858383e-03 -2.179804025217890739e-03 -9.999753236770629883e-01
5.097279548645019531e-01 -8.600192666053771973e-01 -2.333006262779235840e-02 8.193589746952056885e-02 7.552130520343780518e-02 -9.937721490859985352e-01
-7.587502151727676392e-02 3.437110688537359238e-03 -9.971114397048950195e-01 -2.954298630356788635e-02 9.995473623275756836e-01 5.693575367331504822e-03
2.470113635063171387e-01 -9.687306284904479980e-01 -2.337532304227352142e-02 -6.640428677201271057e-03 2.243003807961940765e-02 -9.997264146804809570e-01
1.604413837194442749e-01 -9.868330359458923340e-01 -2.047355473041534424e-02 -3.554696962237358093e-02 1.495199650526046753e-02 -9.992561936378479004e-01
5.846152901649475098e-01 -8.109385967254638672e-01 -2.456864528357982635e-02 6.415621936321258545e-02 7.639639079570770264e-02 -9.950113892555236816e-01
3.903910517692565918e-01 -9.203290343284606934e-01 -2.427645958960056305e-02 4.817412048578262329e-02 4.675332456827163696e-02 -9.977442026138305664e-01
-9.999061822891235352e-01 1.356582343578338623e-02 1.889742910861968994e-03 -2.007185481488704681e-03 -8.648850955069065094e-03 -9.999606013298034668e-01
-9.978973865509033203e-01 6.452740728855133057e-02 6.089106202125549316e-03 -9.060412645339965820e-03 -4.585511237382888794e-02 -9.989070296287536621e-01
-9.983527660369873047e-01 5.711368471384048462e-02 5.457303952425718307e-03 -7.151505444198846817e-03 -2.950145117938518524e-02 -9.995391964912414551e-01
-7.815109491348266602e-01 6.237766742706298828e-01 1.197317615151405334e-02 4.844217374920845032e-02 7.980255037546157837e-02 -9.956329464912414551e-01
-9.063459038734436035e-01 4.224500954151153564e-01 8.549571968615055084e-03 -3.141126781702041626e-02 -4.718580469489097595e-02 -9.983921647071838379e-01
-9.946561455726623535e-01 1.029992401599884033e-01 -7.096405141055583954e-03 7.524412591010332108e-03 3.767502494156360626e-03 -9.999646544456481934e-01
-9.999763369560241699e-01 -6.668535061180591583e-03 1.688926364295184612e-03 -1.691241515800356865e-03 3.415659302845597267e-04 -9.999985098838806152e-01
8.115818500518798828e-01 5.833423733711242676e-01 3.235234692692756653e-02 7.660907506942749023e-02 -5.135934054851531982e-02 -9.957376122474670410e-01
-1.305471807718276978e-01 1.958192558959126472e-03 9.914401769638061523e-01 -8.042965829372406006e-02 9.966811537742614746e-01 -1.255906280130147934e-02
-1.694413423538208008e-01 -9.854851365089416504e-01 -1.042310986667871475e-02 -5.772637948393821716e-02 2.048206888139247894e-02 -9.981223344802856445e-01
9.719741344451904297e-01 -2.350544780492782593e-01 3.972530830651521683e-03 -1.960480120033025742e-03 -2.500193752348423004e-02 -9.996855258941650391e-01
-3.668103218078613281e-01 -9.302695393562316895e-01 6.979200057685375214e-03 -3.766961395740509033e-02 7.356513757258653641e-03 -9.992631673812866211e-01
5.574035644531250000e-01 -8.302004337310791016e-01 -8.284124545753002167e-03 6.131926178932189941e-02 5.111688002943992615e-02 -9.968084692955017090e-01
7.667027711868286133e-01 -6.409404277801513672e-01 -3.690914809703826904e-02 4.689737036824226379e-02 1.132510155439376831e-01 -9.924589991569519043e-01
-1.563500729389488697e-03 -7.174993306398391724e-02 9.974214434623718262e-01 -9.999718666076660156e-01 7.430783472955226898e-03 -1.032962347380816936e-03
-9.999865889549255371e-01 4.332884214818477631e-03 -2.854277845472097397e-03 2.856440143659710884e-03 4.929778515361249447e-04 -9.999958276748657227e-01
-9.982597827911376953e-01 5.889545008540153503e-02 -2.976744435727596283e-03 3.155968850478529930e-03 2.950313501060009003e-03 -9.999907016754150391e-01
-9.971735477447509766e-01 -7.476263493299484253e-02 7.449947297573089600e-03 -8.303617127239704132e-03 1.111405529081821442e-02 -9.999037981033325195e-01
-6.722380407154560089e-03 1.797645166516304016e-02 9.998158216476440430e-01 -9.999600648880004883e-01 5.768570117652416229e-03 -6.827068049460649490e-03
-9.998030066490173340e-01 1.965645700693130493e-02 -2.751278923824429512e-03 2.548843156546354294e-03 -1.031633466482162476e-02 -9.999435544013977051e-01
-9.030534327030181885e-02 9.957447648048400879e-01 1.836511865258216858e-02 4.449787363409996033e-02 2.245624363422393799e-02 -9.987570643424987793e-01
-1.027257591485977173e-01 9.944790601730346680e-01 2.142172306776046753e-02 6.841582059860229492e-02 2.854846045374870300e-02 -9.972483515739440918e-01
-1.143725067377090454e-01 4.093186929821968079e-03 -9.934295415878295898e-01 5.363772436976432800e-02 9.985583424568176270e-01 -2.060936763882637024e-03
-9.960280060768127441e-01 -8.752966672182083130e-02 1.633318327367305756e-02 -1.968076825141906738e-02 3.751963376998901367e-02 -9.991021156311035156e-01
9.550133943557739258e-01 -2.951183915138244629e-01 2.923356182873249054e-02 2.433339692652225494e-02 -2.026366069912910461e-02 -9.994985461235046387e-01
1.362008787691593170e-02 -4.204782247543334961e-01 -9.072004556655883789e-01 -9.861769080162048340e-01 -1.554873138666152954e-01 5.726101621985435486e-02
1.465463195927441120e-03 -3.930371999740600586e-01 9.195213913917541504e-01 -9.979585409164428711e-01 -5.928492918610572815e-02 -2.375008538365364075e-02
-8.363080620765686035e-01 -5.214986801147460938e-01 -1.691980361938476562e-01 -2.081133611500263214e-02 3.385826051235198975e-01 -9.407065510749816895e-01
2.868468407541513443e-03 3.618422150611877441e-01 -9.322350025177001953e-01 -9.901747107505798340e-01 1.313609778881072998e-01 4.794033989310264587e-02
2.404419034719467163e-01 9.696289300918579102e-01 4.480526968836784363e-02 4.452506545931100845e-03 4.505718871951103210e-02 -9.989745020866394043e-01
4.665228426456451416e-01 8.826662302017211914e-01 5.706875771284103394e-02 -6.413568556308746338e-02 9.810745716094970703e-02 -9.931070208549499512e-01
2.588152885437011719e-01 9.653489589691162109e-01 3.340777382254600525e-02 -5.603750236332416534e-03 3.608625009655952454e-02 -9.993329644203186035e-01
9.974721074104309082e-01 7.018630951642990112e-02 1.110242679715156555e-02 1.149693317711353302e-02 -5.219380371272563934e-03 -9.999203085899353027e-01
9.910535812377929688e-01 -1.334273070096969604e-01 3.150692209601402283e-03 -4.032715689390897751e-03 -5.353317037224769592e-02 -9.985579252243041992e-01
1.362326741218566895e-02 1.332368236035108566e-03 -9.999063014984130859e-01 -9.999064803123474121e-01 1.221323967911303043e-03 -1.362164225429296494e-02
3.637186717242002487e-03 -5.769981071352958679e-04 -9.999932050704956055e-01 -9.999933242797851562e-01 3.720609820447862148e-04 -3.637401619926095009e-03
-9.132140316069126129e-03 -3.504870235919952393e-01 9.365230798721313477e-01 -9.681349992752075195e-01 2.374951094388961792e-01 7.944044470787048340e-02
-7.820125818252563477e-01 6.215236186981201172e-01 4.652788862586021423e-02 1.540244668722152710e-01 2.650530934333801270e-01 -9.518526196479797363e-01
-7.365932464599609375e-01 6.744381785392761230e-01 5.063153803348541260e-02 1.196071878075599670e-01 2.035794556140899658e-01 -9.717249870300292969e-01
9.978814721107482910e-01 6.360203772783279419e-02 1.368669606745243073e-02 1.414860133081674576e-02 -6.817699410021305084e-03 -9.998766779899597168e-01
-7.394716143608093262e-01 6.456309556961059570e-01 1.906367689371109009e-01 3.625701367855072021e-02 3.209708034992218018e-01 -9.463948607444763184e-01
9.587172865867614746e-01 -2.835855782032012939e-01 2.098296582698822021e-02 1.112561766058206558e-02 -3.632588684558868408e-02 -9.992781281471252441e-01
2.298315986990928650e-02 1.749190688133239746e-02 -9.995828270912170410e-01 -9.996080994606018066e-01 -1.558425184339284897e-02 -2.325645275413990021e-02
-8.256426453590393066e-02 9.965664744377136230e-01 6.203245371580123901e-03 3.576544672250747681e-02 9.183493442833423615e-03 -9.993180632591247559e-01
-9.899547100067138672e-01 1.413470953702926636e-01 -3.283396363258361816e-03 9.063881821930408478e-03 4.027132317423820496e-02 -9.991477131843566895e-01
-9.999980330467224121e-01 -9.572214912623167038e-04 -1.754628960043191910e-03 1.754628028720617294e-03 1.892359819066768978e-06 -9.999984502792358398e-01
-9.999937415122985840e-01 -2.495164051651954651e-03 -2.523763105273246765e-03 2.517580054700374603e-03 2.478020964190363884e-03 -9.999938011169433594e-01
1.350457519292831421e-01 -9.907021522521972656e-01 -1.649161614477634430e-02 3.195013850927352905e-02 2.098944969475269318e-02 -9.992690682411193848e-01
9.508614540100097656e-01 -3.096145391464233398e-01 -1.171642332337796688e-03 -6.324569694697856903e-04 1.841841847635805607e-03 -9.999980926513671875e-01
9.234974384307861328e-01 3.834262192249298096e-01 1.169513538479804993e-02 3.048279788345098495e-03 2.315143868327140808e-02 -9.997273683547973633e-01
6.012521386146545410e-01 -7.989975214004516602e-01 -9.940285235643386841e-03 -3.467097505927085876e-02 -1.365788467228412628e-02 -9.993054866790771484e-01
-8.387778401374816895e-01 5.438722372055053711e-01 -2.558807283639907837e-02 2.831826731562614441e-02 -3.355436027050018311e-03 -9.995933175086975098e-01
-9.405410885810852051e-01 3.389251530170440674e-01 -2.263390272855758667e-02 2.006899751722812653e-02 -1.107100211083889008e-02 -9.997373223304748535e-01
-2.018630951642990112e-01 9.794033765792846680e-01 -4.508796613663434982e-03 2.916437014937400818e-02 1.409363583661615849e-03 -9.995736479759216309e-01
-6.832917332649230957e-01 7.295641303062438965e-01 -2.913040295243263245e-02 2.975565567612648010e-02 -1.203951612114906311e-02 -9.994847178459167480e-01
8.546292781829833984e-01 -5.188588500022888184e-01 -1.985879614949226379e-02 1.008049100637435913e-01 2.033144831657409668e-01 -9.739104509353637695e-01
-9.278309880755841732e-04 8.533933199942111969e-03 -9.999632239341735840e-01 -9.999855160713195801e-01 -5.311291664838790894e-03 8.825238328427076340e-04
9.988880157470703125e-01 4.707391932606697083e-02 -2.599684288725256920e-03 -2.760373521596193314e-03 3.348862752318382263e-03 -9.999905824661254883e-01
-2.476312452927231789e-03 -1.673742942512035370e-02 9.998568892478942871e-01 -9.999254345893859863e-01 1.200227253139019012e-02 -2.275566337630152702e-03
-9.631202220916748047e-01 2.687605321407318115e-01 1.293373480439186096e-02 -5.338675156235694885e-02 -1.437603980302810669e-01 -9.881714582443237305e-01
-4.445511102676391602e-02 -4.065274298191070557e-01 9.125564098358154297e-01 -9.978445172309875488e-01 -2.606771513819694519e-02 -6.022261455655097961e-02
-9.999803304672241211e-01 -5.636632442474365234e-03 2.763161202892661095e-03 -2.757828915491700172e-03 -9.534842101857066154e-04 -9.999957680702209473e-01
-9.999037981033325195e-01 -1.323816645890474319e-02 4.148844629526138306e-03 -4.162118770182132721e-03 9.753067279234528542e-04 -9.999908804893493652e-01
-2.352731535211205482e-03 3.844233453273773193e-01 -9.231539368629455566e-01 -9.829990267753601074e-01 -1.703771203756332397e-01 -6.844386458396911621e-02
-1.218608531416975893e-06 -4.248631373047828674e-02 9.990970492362976074e-01 -9.999981522560119629e-01 -1.942473696544766426e-03 -8.382282976526767015e-05
-1.839160025119781494e-01 -9.819164276123046875e-01 -4.488947987556457520e-02 1.524568647146224976e-01 1.661974005401134491e-02 -9.881703853607177734e-01
9.941786527633666992e-01 -1.004667356610298157e-01 -3.892674297094345093e-02 -3.700914233922958374e-02 2.088128961622714996e-02 -9.990967512130737305e-01
-9.707884788513183594e-01 2.396339625120162964e-01 -1.205614209175109863e-02 1.772513426840305328e-02 2.151572331786155701e-02 -9.996113777160644531e-01
9.554938673973083496e-01 8.828920871019363403e-02 2.814899384975433350e-01 -5.573723465204238892e-02 9.910088181495666504e-01 -1.216341704130172729e-01
5.928763747215270996e-01 -8.051604628562927246e-01 -1.463971473276615143e-02 9.972885996103286743e-02 9.145004302263259888e-02 -9.908032417297363281e-01
7.320207078009843826e-04 -3.356153368949890137e-01 9.419988393783569336e-01 -9.954282045364379883e-01 8.972591161727905273e-02 3.274108842015266418e-02
-6.931854877620935440e-03 -4.198303818702697754e-01 9.075761437416076660e-01 -9.987854361534118652e-01 4.718182608485221863e-02 1.419707480818033218e-02
9.670043587684631348e-01 2.542690634727478027e-01 1.580628938972949982e-02 1.805484294891357422e-02 -6.511740386486053467e-03 -9.998158216476440430e-01
1.608498976565897465e-03 2.612742246128618717e-04 -9.999986886978149414e-01 -9.999987483024597168e-01 1.630089973332360387e-04 -1.608456601388752460e-03
9.299302101135253906e-01 3.656319379806518555e-01 3.928231447935104370e-02 3.487266600131988525e-02 1.865928247570991516e-02 -9.992175698280334473e-01
-9.999848008155822754e-01 5.170508287847042084e-03 1.924244803376495838e-03 -1.920542446896433830e-03 7.209302857518196106e-04 -9.999979138374328613e-01
-9.188547730445861816e-01 -3.897280991077423096e-01 6.178920716047286987e-02 -8.177399635314941406e-02 3.488044813275337219e-02 -9.960404038429260254e-01
7.358419299125671387e-01 -6.760764718055725098e-01 -3.817369416356086731e-02 -5.302824452519416809e-02 -1.331877079792320728e-03 -9.985921382904052734e-01
8.637287020683288574e-01 -5.020145177841186523e-01 -4.420538246631622314e-02 -4.424230009317398071e-02 1.184359192848205566e-02 -9.989506602287292480e-01
-6.844595074653625488e-01 -7.283596992492675781e-01 3.173891827464103699e-02 -1.389837563037872314e-01 8.762311190366744995e-02 -9.864105582237243652e-01
9.999955892562866211e-01 -1.718287006951868534e-03 -2.433481160551309586e-03 -2.432262292131781578e-03 7.109857397153973579e-04 -9.999968409538269043e-01
9.998103976249694824e-01 3.008367726579308510e-03 -1.923774555325508118e-02 -1.923719421029090881e-02 -2.121280122082680464e-04 -9.998149275779724121e-01
9.998223781585693359e-01 3.570138243958353996e-03 -1.850460469722747803e-02 -1.850345358252525330e-02 -3.551376285031437874e-04 -9.998287558555603027e-01
-7.624249905347824097e-02 -5.347917675971984863e-01 8.415371775627136230e-01 -9.894031882286071777e-01 1.451706737279891968e-01 2.616077661514282227e-03
-9.999663233757019043e-01 8.084973320364952087e-03 -1.441845786757767200e-03 1.441103406250476837e-03 -9.764358401298522949e-05 -9.999989867210388184e-01
-9.998754262924194336e-01 -1.575685665011405945e-02 9.645367390476167202e-04 -9.092228137888014317e-04 -3.517260309308767319e-03 -9.999933838844299316e-01
-3.277041949331760406e-03 -1.510341535322368145e-04 9.999946355819702148e-01 -9.999946355819702148e-01 1.296964910579845309e-04 -3.277022391557693481e-03
5.763021111488342285e-01 8.164940476417541504e-01 3.483162075281143188e-02 7.970632612705230713e-02 -1.373852230608463287e-02 -9.967237114906311035e-01
8.142004013061523438e-01 5.799411535263061523e-01 2.731409668922424316e-02 1.247037202119827271e-03 4.529890418052673340e-02 -9.989727139472961426e-01
-9.785366058349609375e-01 -2.020177841186523438e-01 4.068231210112571716e-02 -4.687731340527534485e-02 2.597452141344547272e-02 -9.985628724098205566e-01
-6.703622341156005859e-01 -7.420032024383544922e-01 6.758335512131452560e-03 2.798311412334442139e-03 -1.163570955395698547e-02 -9.999284148216247559e-01
-9.988265037536621094e-01 -4.803564026951789856e-02 6.187275517731904984e-03 -8.207112550735473633e-03 4.196602478623390198e-02 -9.990853667259216309e-01
-9.986037611961364746e-01 5.254762619733810425e-02 -5.420198664069175720e-03 5.933954380452632904e-03 9.625872597098350525e-03 -9.999361038208007812e-01
-9.999420642852783203e-01 1.029933989048004150e-02 -3.143217181786894798e-03 3.150454489514231682e-03 6.865425384603440762e-04 -9.999948143959045410e-01
-2.874952740967273712e-03 -9.312831680290400982e-04 9.999954700469970703e-01 -9.999958872795104980e-01 -2.742315118666738272e-04 -2.875209320336580276e-03
-9.999967217445373535e-01 -2.076758304610848427e-03 1.502278842963278294e-03 -1.502342405728995800e-03 2.903499444073531777e-05 -9.999988675117492676e-01
-9.891451001167297363e-01 -1.458232551813125610e-01 1.809694804251194000e-02 -1.757352985441684723e-02 -4.876927006989717484e-03 -9.998337030410766602e-01
-8.449038118124008179e-02 7.492271661758422852e-01 6.569019556045532227e-01 -9.955204725265502930e-01 -3.539919853210449219e-02 -8.766891062259674072e-02
9.894219636917114258e-01 1.396570205688476562e-01 3.924415633082389832e-02 3.696440905332565308e-02 1.888155005872249603e-02 -9.991382360458374023e-01
-8.668667078018188477e-01 -4.724654555320739746e-01 -1.591180562973022461e-01 -3.414958715438842773e-03 3.247880339622497559e-01 -9.457806944847106934e-01
9.539567232131958008e-01 2.997854351997375488e-01 9.765944443643093109e-03 -2.628786489367485046e-02 1.159966513514518738e-01 -9.929016828536987305e-01
9.999975562095642090e-01 6.031809025444090366e-04 2.124234568327665329e-03 2.124207559973001480e-03 4.519788490142673254e-05 -9.999977350234985352e-01
9.986058473587036133e-01 -5.266338586807250977e-02 3.610664745792746544e-03 2.862443914636969566e-03 -1.427612639963626862e-02 -9.998940229415893555e-01
-4.944825917482376099e-02 -3.470890820026397705e-01 9.365276694297790527e-01 -9.967277646064758301e-01 -4.288249090313911438e-02 -6.851959228515625000e-02
7.962930016219615936e-03 -3.631244599819183350e-02 -9.993087649345397949e-01 -9.999644160270690918e-01 2.489614766091108322e-03 -8.058621548116207123e-03
9.995856881141662598e-01 -1.484167482703924179e-02 2.466033771634101868e-02 2.464913018047809601e-02 -9.379301918670535088e-04 -9.996957778930664062e-01
9.116733670234680176e-01 -4.108774363994598389e-01 5.607798229902982712e-03 8.948274888098239899e-03 6.207295693457126617e-03 -9.999407529830932617e-01
-9.975900650024414062e-01 6.893142312765121460e-02 -7.909489795565605164e-03 8.415877819061279297e-03 7.058956660330295563e-03 -9.999396800994873047e-01
-9.999981522560119629e-01 -1.040448434650897980e-03 -1.614592736586928368e-03 1.614656648598611355e-03 -6.048438808647915721e-05 -9.999986886978149414e-01
-9.999840259552001953e-01 -4.726467654109001160e-03 -3.110139863565564156e-03 3.114896360784769058e-03 -9.993821149691939354e-04 -9.999946951866149902e-01
-9.994988441467285156e-01 3.156701102852821350e-02 -2.366115571931004524e-03 2.487561898306012154e-03 3.808534005656838417e-03 -9.999896883964538574e-01
9.988905191421508789e-01 4.441615939140319824e-02 1.565285399556159973e-02 1.544938609004020691e-02 4.920551087707281113e-03 -9.998685717582702637e-01
-9.394952058792114258e-01 3.418157100677490234e-01 -2.260067127645015717e-02 2.784986235201358795e-02 1.045634876936674118e-02 -9.995574355125427246e-01
-9.933219552040100098e-01 1.150181293487548828e-01 -9.078150615096092224e-03 7.589455693960189819e-03 -1.337445247918367386e-02 -9.998818039894104004e-01
-2.195188552141189575e-01 9.756081104278564453e-01 -5.843712715432047844e-04 9.813762456178665161e-02 2.148572169244289398e-02 -9.949409365653991699e-01
3.460074067115783691e-01 9.379429221153259277e-01 2.328340522944927216e-02 1.344013586640357971e-02 1.985869929194450378e-02 -9.997124671936035156e-01
6.374396681785583496e-01 7.696018218994140625e-01 3.719791769981384277e-02 -9.049106389284133911e-02 1.227200478315353394e-01 -9.883072376251220703e-01
-6.343065178953111172e-04 -2.560286317020654678e-03 9.999965429306030273e-01 -9.999973177909851074e-01 -2.229864709079265594e-03 -6.400161073543131351e-04
8.577385544776916504e-02 -9.962133765220642090e-01 -1.420660130679607391e-02 -5.147614702582359314e-02 9.808918461203575134e-03 -9.986260533332824707e-01
-2.246649470180273056e-03 -3.512971699237823486e-01 9.362613558769226074e-01 -9.781875014305114746e-01 -1.937015354633331299e-01 -7.502652704715728760e-02
5.113215446472167969e-01 8.589231967926025391e-01 2.830541320145130157e-02 -6.506408751010894775e-02 7.153309881687164307e-02 -9.953138828277587891e-01
-9.999997615814208984e-01 -3.040870651602745056e-04 6.086440989747643471e-04 -6.085798959247767925e-04 -2.109876077156513929e-04 -9.999998211860656738e-01
9.488087892532348633e-01 -3.157508373260498047e-01 7.960353046655654907e-03 1.933652535080909729e-02 3.291238471865653992e-02 -9.992711544036865234e-01
9.860739707946777344e-01 -1.661947965621948242e-01 6.114225834608078003e-03 9.861025027930736542e-03 2.172880806028842926e-02 -9.997153282165527344e-01
-9.752511382102966309e-01 2.210964262485504150e-01 -1.293436856940388680e-03 -6.443979218602180481e-03 -3.427078947424888611e-02 -9.993918538093566895e-01
-1.870444626547396183e-03 -9.586309897713363171e-04 9.999978542327880859e-01 -9.999980330467224121e-01 7.170457392930984497e-04 -1.869757659733295441e-03
-9.999940991401672363e-01 -3.167446935549378395e-03 -1.337948837317526340e-03 1.340793329291045666e-03 -8.960526902228593826e-04 -9.999987483024597168e-01
9.768208265304565430e-01 2.139359265565872192e-01 -7.249674759805202484e-03 -9.200738742947578430e-03 8.125539869070053101e-03 -9.999246597290039062e-01
9.302812218666076660e-01 -3.668274581432342529e-01 3.802345134317874908e-03 1.149963121861219406e-02 1.880031079053878784e-02 -9.997571110725402832e-01
-8.856231570243835449e-01 -4.631510376930236816e-01 3.409823402762413025e-02 -1.937774941325187683e-02 -3.650582954287528992e-02 -9.991455674171447754e-01
9.999751448631286621e-01 -6.288163363933563232e-03 3.207597415894269943e-03 3.207901027053594589e-03 3.817415927187539637e-05 -9.999948740005493164e-01
1.837994158267974854e-02 1.213813782669603825e-03 -9.998303651809692383e-01 -9.998309612274169922e-01 -5.244596395641565323e-04 -1.838058792054653168e-02
-8.749086409807205200e-03 3.067990764975547791e-03 9.999570250511169434e-01 -9.999611377716064453e-01 -1.114990212954580784e-03 -8.745701983571052551e-03
9.691327214241027832e-01 -2.463538795709609985e-01 9.573160670697689056e-03 1.666513271629810333e-02 2.671892754733562469e-02 -9.995040893554687500e-01
7.617338895797729492e-01 -6.472719311714172363e-01 -2.829279564321041107e-02 -4.702790081501007080e-02 -1.168471761047840118e-02 -9.988252520561218262e-01
6.559998393058776855e-01 -7.544674277305603027e-01 -2.105070091784000397e-02 -5.069106444716453552e-02 -1.621336862444877625e-02 -9.985827803611755371e-01
6.657568812370300293e-01 7.460831999778747559e-01 -1.129714678972959518e-02 -8.959649503231048584e-02 6.490118801593780518e-02 -9.938613176345825195e-01
-2.272787988185882568e-01 -9.723907113075256348e-01 -5.292184278368949890e-02 -1.665123701095581055e-01 9.234804660081863403e-02 -9.817054271697998047e-01
2.057573437923565507e-04 6.617534160614013672e-01 -7.497215270996093750e-01 -9.198218584060668945e-01 -2.940176725387573242e-01 -2.597717344760894775e-01
6.701694130897521973e-01 -7.419897317886352539e-01 -1.800935529172420502e-02 -6.199050322175025940e-02 -3.177743777632713318e-02 -9.975707530975341797e-01
-1.304596513509750366e-01 9.914433360099792480e-01 4.526871256530284882e-03 1.698341965675354004e-02 6.799948401749134064e-03 -9.998326897621154785e-01
3.254811167716979980e-01 9.453683495521545410e-01 1.845873147249221802e-02 -9.094636887311935425e-03 2.265081740915775299e-02 -9.997020959854125977e-01
9.999968409538269043e-01 2.516073873266577721e-03 2.223561459686607122e-04 2.200017188442870975e-04 9.359885589219629765e-04 -9.999995827674865723e-01
-9.997075796127319336e-01 -2.383723109960556030e-02 4.073103424161672592e-03 -4.481779877096414566e-03 1.711623929440975189e-02 -9.998435378074645996e-01
8.568248748779296875e-01 -5.154742002487182617e-01 -1.172494795173406601e-02 1.234176456928253174e-01 2.271186411380767822e-01 -9.660151600837707520e-01
9.999657869338989258e-01 -2.053596545010805130e-03 8.013112470507621765e-03 8.013349957764148712e-03 1.071372753358446062e-04 -9.999679327011108398e-01
9.998678565025329590e-01 -1.479884423315525055e-02 6.735619157552719116e-03 6.903381552547216415e-03 1.131454668939113617e-02 -9.999121427536010742e-01
-9.690743684768676758e-02 9.851094484329223633e-01 1.420151889324188232e-01 -9.883635044097900391e-01 -7.843947410583496094e-02 -1.303261816501617432e-01
4.520360231399536133e-01 8.903138637542724609e-01 5.481471493840217590e-02 -3.838853910565376282e-02 8.081185072660446167e-02 -9.959898591041564941e-01
6.192046403884887695e-01 7.847149372100830078e-01 2.842789329588413239e-02 9.786426275968551636e-02 -4.120072349905967712e-02 -9.943466186523437500e-01
-9.999940991401672363e-01 -2.924919128417968750e-03 1.834760652855038643e-03 -1.837671967223286629e-03 9.929513325914740562e-04 -9.999978542327880859e-01
-9.717091917991638184e-01 -2.050238251686096191e-01 -1.172458380460739136e-01 1.445007175207138062e-01 -1.234163194894790649e-01 -9.817779660224914551e-01
9.442414045333862305e-01 -3.291681706905364990e-01 7.520181592553853989e-03 2.878502570092678070e-02 5.977613851428031921e-02 -9.977967143058776855e-01
2.030189707875251770e-02 2.211974114179611206e-01 -9.750177264213562012e-01 -9.994347095489501953e-01 3.063043765723705292e-02 -1.386133488267660141e-02
9.960647225379943848e-01 8.735988289117813110e-02 1.494537573307752609e-02 1.062169112265110016e-02 4.974973946809768677e-02 -9.987052679061889648e-01
6.635986566543579102e-01 -7.473579645156860352e-01 -3.306069597601890564e-02 -2.731277644634246826e-01 -2.009008228778839111e-01 -9.407656788825988770e-01
-8.188350126147270203e-03 1.122019737958908081e-01 9.936517477035522461e-01 -9.994547367095947266e-01 3.086910769343376160e-02 -1.172187551856040955e-02
-4.168704152107238770e-03 4.169225320219993591e-02 9.991218447685241699e-01 -9.995610713958740234e-01 2.913271263241767883e-02 -5.386212375015020370e-03
-8.537691831588745117e-01 5.199149847030639648e-01 2.768879197537899017e-02 -1.232845559716224670e-01 -1.502083837985992432e-01 -9.809375405311584473e-01
-9.925251007080078125e-01 1.217812225222587585e-01 -7.959858514368534088e-03 1.009041350334882736e-02 1.688824780285358429e-02 -9.998064637184143066e-01
-5.707183480262756348e-01 2.313188463449478149e-02 8.208200931549072266e-01 -1.372890323400497437e-01 9.828451275825500488e-01 -1.231553927063941956e-01
-1.380992978811264038e-01 -9.902473688125610352e-01 -1.840603724122047424e-02 8.713627606630325317e-02 6.364264991134405136e-03 -9.961760640144348145e-01
-1.584623903036117554e-01 -9.868162274360656738e-01 -3.291597589850425720e-02 1.438494026660919189e-01 9.907910600304603577e-03 -9.895499944686889648e-01
2.286468148231506348e-01 -8.404093384742736816e-01 -4.913581609725952148e-01 -9.454239010810852051e-01 -3.120531439781188965e-01 9.378940612077713013e-02
-1.768737682141363621e-03 -7.141142338514328003e-02 9.974454045295715332e-01 -9.999758005142211914e-01 6.840593647211790085e-03 -1.283477176912128925e-03
-9.999806880950927734e-01 4.334393888711929321e-03 -4.459058865904808044e-03 4.451795946806669235e-03 -1.683842856436967850e-03 -9.999886751174926758e-01
-8.450869470834732056e-03 6.652699317783117294e-03 9.999421834945678711e-01 -9.999527335166931152e-01 4.751788452267646790e-03 -8.482572622597217560e-03
-3.797009289264678955e-01 9.249868392944335938e-01 1.505160890519618988e-02 -1.275217086076736450e-01 -3.621818497776985168e-02 -9.911742806434631348e-01
-1.681015193462371826e-01 9.857562184333801270e-01 5.158022511750459671e-03 1.091863587498664856e-01 2.381938137114048004e-02 -9.937359094619750977e-01
8.027760982513427734e-01 1.334272921085357666e-01 5.811606049537658691e-01 -1.874335110187530518e-01 9.817051887512207031e-01 3.352065384387969971e-02
3.549295663833618164e-01 6.623373180627822876e-02 9.325438737869262695e-01 -1.893920600414276123e-01 9.818987846374511719e-01 2.344161272048950195e-03
-9.659454226493835449e-03 2.442073449492454529e-02 9.996551275253295898e-01 -9.999236464500427246e-01 -7.945345714688301086e-03 -9.467951953411102295e-03
-7.380684837698936462e-03 1.124638319015502930e-02 9.999095201492309570e-01 -9.999710321426391602e-01 1.795658259652554989e-03 -7.401334587484598160e-03
-6.304596066474914551e-01 7.751368284225463867e-01 4.103303328156471252e-02 1.122339144349098206e-01 1.433376520872116089e-01 -9.832893610000610352e-01
-6.395623087882995605e-01 7.675638794898986816e-01 4.249466955661773682e-02 1.059229671955108643e-01 1.427403390407562256e-01 -9.840760231018066406e-01
-9.929347634315490723e-01 -1.166209951043128967e-01 2.191236987709999084e-02 -2.692968770861625671e-02 4.162196069955825806e-02 -9.987704753875732422e-01
-3.116840124130249023e-02 -9.994910359382629395e-01 6.799994036555290222e-03 8.316947496496140957e-04 -6.829231046140193939e-03 -9.999763369560241699e-01
5.922072529792785645e-01 -8.056801557540893555e-01 -1.304408535361289978e-02 -4.716846160590648651e-03 1.272159069776535034e-02 -9.999079704284667969e-01
5.816917419433593750e-01 8.133600950241088867e-01 8.955670520663261414e-03 1.656642183661460876e-02 -8.386345580220222473e-04 -9.998624324798583984e-01
8.631875514984130859e-01 5.044152736663818359e-01 2.173660323023796082e-02 2.021880820393562317e-02 8.482599630951881409e-03 -9.997596144676208496e-01
9.308645725250244141e-01 3.538373112678527832e-01 9.105145931243896484e-02 -2.216568775475025177e-02 3.034395277500152588e-01 -9.525928497314453125e-01
7.948662042617797852e-01 5.907255411148071289e-01 1.386759281158447266e-01 7.094390690326690674e-03 2.194791436195373535e-01 -9.755914211273193359e-01
1.825592517852783203e-01 9.829484820365905762e-01 2.201034314930438995e-02 2.123583480715751648e-02 1.843925751745700836e-02 -9.996044635772705078e-01
9.164229631423950195e-01 3.991306126117706299e-01 2.938920259475708008e-02 8.939148858189582825e-03 5.300188437104225159e-02 -9.985544085502624512e-01
5.877454578876495361e-02 -7.476707696914672852e-01 -6.614635586738586426e-01 -8.985092639923095703e-01 2.491144835948944092e-01 -3.614183664321899414e-01
-9.106715023517608643e-02 9.958191514015197754e-01 7.143006194382905960e-03 -2.384978719055652618e-02 4.989814944565296173e-03 -9.997031092643737793e-01
5.189245343208312988e-01 8.477514386177062988e-01 1.097035035490989685e-01 3.452446311712265015e-02 1.074454784393310547e-01 -9.936113953590393066e-01
-1.658012270927429199e-01 9.861106872558593750e-01 9.786797687411308289e-03 -1.410793215036392212e-01 -1.389617193490266800e-02 -9.899007678031921387e-01
-1.672704219818115234e-01 9.858697652816772461e-01 9.021141566336154938e-03 -1.507242619991302490e-01 -1.652842201292514801e-02 -9.884377121925354004e-01
6.768991947174072266e-01 7.360756397247314453e-01 -3.818969416897743940e-04 5.109045282006263733e-02 -4.750063270330429077e-02 -9.975637793540954590e-01
-2.351484596729278564e-01 9.836725890636444092e-02 -9.669690132141113281e-01 1.723361760377883911e-01 9.833220243453979492e-01 5.812191218137741089e-02
-6.732838153839111328e-01 -2.251225337386131287e-02 -7.390413284301757812e-01 -1.327806562185287476e-01 9.869682192802429199e-01 9.090180695056915283e-02
-1.472152303904294968e-02 8.282696008682250977e-01 -5.601363778114318848e-01 -9.998758435249328613e-01 -1.534789334982633591e-02 3.583952086046338081e-03
7.467553615570068359e-01 -6.650321483612060547e-01 -9.419149719178676605e-03 3.280335664749145508e-01 3.805901706218719482e-01 -8.646069169044494629e-01
-8.557303249835968018e-02 -5.911645945161581039e-03 9.963144063949584961e-01 -3.931450098752975464e-02 9.992236495018005371e-01 2.552202437072992325e-03
-9.968750476837158203e-01 7.877638190984725952e-02 -5.865030456334352493e-03 6.893421523272991180e-03 1.278897374868392944e-02 -9.998944997787475586e-01
-2.063015699386596680e-01 -9.784286618232727051e-01 1.082140021026134491e-02 -1.139622181653976440e-01 1.304194424301385880e-02 -9.933995008468627930e-01
-9.956001639366149902e-01 -9.347280114889144897e-02 -6.563430652022361755e-03 4.814989399164915085e-03 1.891861483454704285e-02 -9.998095035552978516e-01
2.608770728111267090e-01 -9.650675654411315918e-01 -2.424388378858566284e-02 -1.667631603777408600e-02 2.060466632246971130e-02 -9.996486306190490723e-01
4.895106256008148193e-01 -8.713865876197814941e-01 -3.263172507286071777e-02 3.726450726389884949e-02 5.829204618930816650e-02 -9.976038932800292969e-01
3.421468138694763184e-01 -9.390373229980468750e-01 -3.382980823516845703e-02 2.011551521718502045e-02 4.331421479582786560e-02 -9.988589882850646973e-01
-9.969649910926818848e-01 -7.714994996786117554e-02 -1.042963005602359772e-02 8.431396447122097015e-03 2.618120796978473663e-02 -9.996216893196105957e-01
1.697714328765869141e-01 -9.852403402328491211e-01 -2.189050428569316864e-02 1.114128809422254562e-02 2.413040027022361755e-02 -9.996467232704162598e-01
3.725006580352783203e-01 -9.276312589645385742e-01 -2.726745419204235077e-02 3.605959191918373108e-02 4.382746666669845581e-02 -9.983881711959838867e-01
-9.795147776603698730e-01 2.013504803180694580e-01 2.984548918902873993e-03 -1.452055014669895172e-02 -5.584052577614784241e-02 -9.983341097831726074e-01
-9.263281822204589844e-01 3.758308887481689453e-01 2.583299577236175537e-02 -1.086532250046730042e-01 -2.008836567401885986e-01 -9.735708832740783691e-01
-9.926792979240417480e-01 1.204936057329177856e-01 -8.310999721288681030e-03 1.119499653577804565e-02 2.327769622206687927e-02 -9.996663331985473633e-01
-9.995934367179870605e-01 2.851036190986633301e-02 4.508827405516058207e-04 -4.158785159233957529e-04 1.233688439242541790e-03 -9.999991655349731445e-01
-9.999948740005493164e-01 -2.782792784273624420e-03 1.582110300660133362e-03 -1.574638066813349724e-03 -2.685314742848277092e-03 -9.999951720237731934e-01
-3.201904240995645523e-03 2.074311021715402603e-03 9.999927282333374023e-01 -9.999939799308776855e-01 1.361908507533371449e-03 -3.204732900485396385e-03
-9.999979138374328613e-01 1.919620437547564507e-03 7.074144668877124786e-04 -7.070417050272226334e-04 1.948731223819777369e-04 -9.999997615814208984e-01
-9.999963641166687012e-01 2.643223386257886887e-03 5.863542319275438786e-04 -5.909139872528612614e-04 -1.724628265947103500e-03 -9.999983310699462891e-01
7.680479288101196289e-01 6.393004059791564941e-01 3.738092258572578430e-02 9.939358383417129517e-02 -6.133884191513061523e-02 -9.931558370590209961e-01
7.824211716651916504e-01 6.213432550430297852e-01 4.182994738221168518e-02 9.573809802532196045e-02 -5.364219099283218384e-02 -9.939601421356201172e-01
9.176143407821655273e-01 3.966145813465118408e-01 2.609214372932910919e-02 2.702408283948898315e-02 3.239393234252929688e-03 -9.996295571327209473e-01
9.996337890625000000e-01 -2.621761523187160492e-02 6.705754436552524567e-03 6.706129293888807297e-03 -7.363384793279692531e-05 -9.999775290489196777e-01
9.933679699897766113e-01 -1.145078688859939575e-01 1.039473805576562881e-02 4.177378490567207336e-03 -5.440307036042213440e-02 -9.985103607177734375e-01
-9.958856701850891113e-01 9.061081707477569580e-02 -1.228036941029131413e-03 3.638139693066477776e-03 2.643803507089614868e-02 -9.996438622474670410e-01
-9.860909581184387207e-01 -1.655750423669815063e-01 1.447635889053344727e-02 -1.381591334939002991e-02 -5.139911081641912460e-03 -9.998914003372192383e-01
-9.899646043777465820e-01 -1.408765465021133423e-01 1.113056670874357224e-02 -1.241746917366981506e-02 8.259189315140247345e-03 -9.998888373374938965e-01
-9.876564741134643555e-01 -1.548040062189102173e-01 2.388445660471916199e-02 -2.097423188388347626e-02 -2.040573395788669586e-02 -9.995717406272888184e-01
-9.901499748229980469e-01 -1.383678913116455078e-01 2.138573117554187775e-02 -2.112028561532497406e-02 -3.386538941413164139e-03 -9.997712373733520508e-01
-6.992718577384948730e-01 7.148548960685729980e-01 -1.188536407425999641e-03 3.971597179770469666e-02 3.719004616141319275e-02 -9.985186457633972168e-01
-3.284822702407836914e-01 9.441720247268676758e-01 2.527156285941600800e-02 3.312354162335395813e-02 3.825540840625762939e-02 -9.987188577651977539e-01
8.285165429115295410e-01 -5.599411129951477051e-01 -5.130430683493614197e-03 -1.231181919574737549e-01 -1.732186377048492432e-01 -9.771577715873718262e-01
-7.566841840744018555e-01 -6.516364812850952148e-01 5.290523916482925415e-02 -4.636667668819427490e-02 -2.722954936325550079e-02 -9.985533356666564941e-01
1.996707022190093994e-01 -9.798287153244018555e-01 -8.206214755773544312e-03 5.736008286476135254e-03 9.543523192405700684e-03 -9.999380111694335938e-01
-4.574776291847229004e-01 -8.882451653480529785e-01 4.165074974298477173e-02 -7.666860520839691162e-02 -7.264751940965652466e-03 -9.970301985740661621e-01
2.646430432796478271e-01 -9.642913937568664551e-01 -1.030298881232738495e-02 -8.387463539838790894e-02 -1.237276103347539902e-02 -9.963995218276977539e-01
7.980386018753051758e-01 6.010596156120300293e-01 4.314897954463958740e-02 9.595777839422225952e-02 -5.606152862310409546e-02 -9.938054084777832031e-01
-8.147561550140380859e-02 -3.661664202809333801e-03 9.966686367988586426e-01 -5.542335286736488342e-02 9.984625577926635742e-01 -8.624906186014413834e-04
-1.132357493042945862e-02 4.121933877468109131e-01 -9.110260009765625000e-01 -9.900606870651245117e-01 -1.323497891426086426e-01 -4.757567867636680603e-02
9.177852272987365723e-01 3.932918906211853027e-01 5.469749495387077332e-02 -7.432959228754043579e-02 3.054793775081634521e-01 -9.492931962013244629e-01
-2.291865879669785500e-03 3.591305315494537354e-01 -9.332845211029052734e-01 -9.995439648628234863e-01 -2.892520651221275330e-02 -8.675923570990562439e-03
8.529551029205322266e-01 5.096071958541870117e-01 1.129963397979736328e-01 -4.872841387987136841e-02 2.932664752006530762e-01 -9.547881484031677246e-01
6.036893129348754883e-01 7.945017814636230469e-01 6.577384471893310547e-02 -6.409595161676406860e-02 1.306077092885971069e-01 -9.893600940704345703e-01
7.121556997299194336e-01 6.918887495994567871e-01 1.188456639647483826e-01 -6.775368005037307739e-02 2.362400144338607788e-01 -9.693297147750854492e-01
9.957354068756103516e-01 -9.224186837673187256e-02 1.558226416818797588e-03 6.202121265232563019e-03 5.007953941822052002e-02 -9.987260103225708008e-01
1.364747621119022369e-02 4.943848121911287308e-03 -9.998946785926818848e-01 -9.999051690101623535e-01 1.947371521964669228e-03 -1.363798975944519043e-02
9.998660683631896973e-01 -1.616130210459232330e-02 2.598712453618645668e-03 2.656802535057067871e-03 3.573984606191515923e-03 -9.999901056289672852e-01
-9.201220273971557617e-01 3.705964982509613037e-01 1.266245841979980469e-01 8.445188403129577637e-03 3.420262038707733154e-01 -9.396524429321289062e-01
9.995400905609130859e-01 -1.578492484986782074e-02 2.589542046189308167e-02 2.586527913808822632e-02 -2.110680332407355309e-03 -9.996632337570190430e-01
9.996435046195983887e-01 1.931063085794448853e-02 1.844206266105175018e-02 1.841017976403236389e-02 1.827548956498503685e-03 -9.998288750648498535e-01
9.995043873786926270e-01 -1.211884431540966034e-02 2.905249409377574921e-02 2.910653315484523773e-02 4.306221380829811096e-03 -9.995670914649963379e-01
-5.989651679992675781e-01 7.847559452056884766e-01 1.593702435493469238e-01 -2.207124382257461548e-01 2.952473796904087067e-02 -9.748919606208801270e-01
-4.205724596977233887e-01 9.014228582382202148e-01 1.027413979172706604e-01 4.252807796001434326e-02 1.327069103717803955e-01 -9.902425408363342285e-01
6.937301754951477051e-01 7.185272574424743652e-01 4.956874623894691467e-02 1.081496551632881165e-01 -3.588002920150756836e-02 -9.934869408607482910e-01
4.258261322975158691e-01 9.047675132751464844e-01 8.238134905695915222e-03 2.666893228888511658e-02 -3.449695417657494545e-03 -9.996383786201477051e-01
-9.999934434890747070e-01 -3.434984013438224792e-03 -1.193224918097257614e-03 1.204991713166236877e-03 -3.425537608563899994e-03 -9.999934434890747070e-01
-9.992410540580749512e-01 3.854996338486671448e-02 -5.591659341007471085e-03 5.586938001215457916e-03 -2.302028296981006861e-04 -9.999843835830688477e-01
-1.612914502620697021e-01 -1.673185639083385468e-02 9.867649674415588379e-01 -1.349926143884658813e-01 9.908326268196105957e-01 -5.264355335384607315e-03
5.168813280761241913e-03 2.853721678256988525e-01 -9.584028720855712891e-01 -9.799295067787170410e-01 1.924385428428649902e-01 5.201520770788192749e-02
3.692250847816467285e-01 9.290691018104553223e-01 2.243852801620960236e-02 -1.455925218760967255e-02 2.992429770529270172e-02 -9.994461536407470703e-01
-1.000000000000000000e+00 -7.204418216133490205e-05 -1.640809023228939623e-05 1.641127892071381211e-05 -4.426768646226264536e-05 -1.000000000000000000e+00
-9.999998211860656738e-01 -5.695587606169283390e-04 3.718328371178358793e-04 -3.719585365615785122e-04 2.206435019616037607e-04 -9.999999403953552246e-01
1.384446304291486740e-02 3.375420868396759033e-01 -9.412086606025695801e-01 -9.983503818511962891e-01 -4.779045656323432922e-02 -3.182388097047805786e-02
9.999631643295288086e-01 -5.887380335479974747e-03 6.243771873414516449e-03 6.249838974326848984e-03 1.012739725410938263e-03 -9.999799728393554688e-01
-5.177233368158340454e-03 3.122851485386490822e-03 -9.999817609786987305e-01 -9.999845027923583984e-01 -2.079946454614400864e-03 5.170752294361591339e-03
-2.433711430057883263e-03 -1.088960445486009121e-03 9.999964833259582520e-01 -9.999970197677612305e-01 -1.890407875180244446e-04 -2.433918416500091553e-03
8.737083673477172852e-01 4.849200546741485596e-01 3.855272382497787476e-02 -8.865227550268173218e-02 2.366526126861572266e-01 -9.675413966178894043e-01
9.332075715065002441e-04 -2.734470926225185394e-02 9.996256232261657715e-01 -9.997258782386779785e-01 -2.341363392770290375e-02 2.928222529590129852e-04
-9.075624495744705200e-02 -9.958726763725280762e-01 -9.628246189095079899e-04 -6.052561849355697632e-02 6.480866111814975739e-03 -9.981455802917480469e-01
1.016457937657833099e-02 5.260666087269783020e-02 -9.985635876655578613e-01 -9.998991489410400391e-01 -9.373626671731472015e-03 -1.067199930548667908e-02
-3.739941632375121117e-03 8.498069655615836382e-05 9.999930262565612793e-01 -9.999930262565612793e-01 3.545979416230693460e-05 -3.739944659173488617e-03
2.191947959363460541e-02 -9.155787527561187744e-02 9.955585002899169922e-01 -9.995086193084716797e-01 -2.432686835527420044e-02 1.976919546723365784e-02
-9.982109665870666504e-01 5.928019806742668152e-02 -7.787679322063922882e-03 8.208741433918476105e-03 6.862711627036333084e-03 -9.999427795410156250e-01
-8.195786736905574799e-03 4.593703895807266235e-02 9.989107251167297363e-01 -9.990848302841186523e-01 4.156165197491645813e-02 -1.010851748287677765e-02
9.662964344024658203e-01 2.226246297359466553e-01 1.292650103569030762e-01 -2.283681035041809082e-01 9.730727672576904297e-01 3.126389533281326294e-02
4.853700101375579834e-01 -8.737925291061401367e-01 -3.004454262554645538e-02 5.084573850035667419e-02 6.251579523086547852e-02 -9.967480301856994629e-01
9.999459981918334961e-01 -1.381446723826229572e-03 1.029988098889589310e-02 1.030028797686100006e-02 2.870314347092062235e-04 -9.999469518661499023e-01
9.996943473815917969e-01 3.915968351066112518e-03 2.441188134253025055e-02 2.440161630511283875e-02 2.647361950948834419e-03 -9.996987581253051758e-01
9.996967911720275879e-01 8.908369927667081356e-04 2.460995316505432129e-02 2.460986934602260590e-02 1.053439627867192030e-04 -9.996971487998962402e-01
9.768497347831726074e-01 -2.139257043600082397e-01 -6.455285474658012390e-04 5.462849047034978867e-03 2.796133980154991150e-02 -9.995940923690795898e-01
-8.976237731985747814e-04 -9.247182309627532959e-02 9.957149028778076172e-01 -9.993797540664672852e-01 3.513600304722785950e-02 2.362145110964775085e-03
7.875193259678781033e-04 -7.309023756533861160e-03 -9.999729990959167480e-01 -9.999864697456359863e-01 -5.154017824679613113e-03 -7.498580962419509888e-04
-7.592053413391113281e-01 -6.494517922401428223e-01 4.265675693750381470e-02 -4.572799056768417358e-02 -1.215186901390552521e-02 -9.988800287246704102e-01
2.161876298487186432e-02 -9.997320771217346191e-01 -8.274346590042114258e-03 -3.705337643623352051e-03 8.196103386580944061e-03 -9.999595880508422852e-01
9.206645488739013672e-01 -3.883456885814666748e-01 -3.955316171050071716e-02 -3.403668850660324097e-02 2.107678353786468506e-02 -9.991983175277709961e-01
9.998065233230590820e-01 1.460700109601020813e-02 1.317502092570066452e-02 1.325466856360435486e-02 -5.369356833398342133e-03 -9.998977780342102051e-01
9.986093640327453613e-01 5.137688294053077698e-02 1.182845700532197952e-02 1.344824582338333130e-02 -3.129715472459793091e-02 -9.994196891784667969e-01
-9.999988079071044922e-01 1.459130086004734039e-03 5.025531863793730736e-04 -5.038215895183384418e-04 -8.690506219863891602e-04 -9.999995231628417969e-01
8.665480017662048340e-01 4.980437457561492920e-01 3.235905990004539490e-02 3.063209168612957001e-02 1.164055801928043365e-02 -9.994629621505737305e-01
4.856924712657928467e-02 -9.988058805465698242e-01 -5.280175711959600449e-03 1.443469803780317307e-02 5.987763870507478714e-03 -9.998778700828552246e-01
-9.967640638351440430e-01 -7.944652438163757324e-02 1.223468594253063202e-02 -1.257566548883914948e-02 3.793016541749238968e-03 -9.999137520790100098e-01
-9.928335547447204590e-01 -1.182601973414421082e-01 1.720576360821723938e-02 -1.772473752498626709e-02 3.338004229590296745e-03 -9.998373389244079590e-01
-9.976652264595031738e-01 6.824552267789840698e-02 2.578958170488476753e-03 -6.581681314855813980e-03 -5.849215388298034668e-02 -9.982662200927734375e-01
-8.650287985801696777e-01 -4.967609643936157227e-01 7.038263976573944092e-02 -1.031953766942024231e-01 3.887906298041343689e-02 -9.939010143280029297e-01
-7.270602136850357056e-02 9.973480105400085449e-01 3.295880509540438652e-03 -4.193164408206939697e-02 2.449485473334789276e-04 -9.991204738616943359e-01
9.139837622642517090e-01 3.892578482627868652e-01 1.145078167319297791e-01 -3.868736326694488525e-03 2.905597686767578125e-01 -9.568490386009216309e-01
9.999145269393920898e-01 -1.199949649162590504e-03 1.302215550094842911e-02 1.302228495478630066e-02 1.003706347546540201e-04 -9.999152421951293945e-01
9.999932050704956055e-01 3.647123463451862335e-03 6.161619094200432301e-04 6.139939650893211365e-04 5.955193191766738892e-04 -9.999996423721313477e-01
9.999876618385314941e-01 4.944321233779191971e-03 5.439078086055815220e-04 5.434654303826391697e-04 9.082304313778877258e-05 -9.999998807907104492e-01
-9.137963056564331055e-01 3.842175602912902832e-01 1.317314207553863525e-01 -5.785912275314331055e-03 3.119773268699645996e-01 -9.500719904899597168e-01
9.904037117958068848e-01 -1.361396163702011108e-01 2.380155958235263824e-02 2.596534974873065948e-02 1.414007227867841721e-02 -9.995628595352172852e-01
9.977679252624511719e-01 6.513071805238723755e-02 1.473837718367576599e-02 1.492993347346782684e-02 -2.455357694998383522e-03 -9.998855590820312500e-01
-9.283240437507629395e-01 3.507808446884155273e-01 1.231556758284568787e-01 -1.298955827951431274e-02 3.004604578018188477e-01 -9.537058472633361816e-01
9.474242925643920898e-01 3.180435001850128174e-01 3.515127301216125488e-02 4.459033906459808350e-02 -2.244511619210243225e-02 -9.987531900405883789e-01
-9.999873638153076172e-01 3.688144497573375702e-03 -3.427060553804039955e-03 3.426770679652690887e-03 -8.494726353092119098e-05 -9.999941587448120117e-01
9.901814460754394531e-01 -1.397875398397445679e-01 4.635661898646503687e-04 -2.288955496624112129e-03 -1.952933706343173981e-02 -9.998066425323486328e-01
-3.723165392875671387e-02 -7.121080756187438965e-01 -7.010819315910339355e-01 -9.961903691291809082e-01 8.181101083755493164e-02 -3.019399009644985199e-02
-4.363518953323364258e-01 8.997396230697631836e-01 -8.102405816316604614e-03 -2.590623497962951660e-02 -2.156405895948410034e-02 -9.994317889213562012e-01
3.926302772015333176e-03 -2.476150635629892349e-03 -9.999892711639404297e-01 -9.999905824661254883e-01 -1.879222108982503414e-03 -3.921655006706714630e-03
-2.652913797646760941e-03 6.651873700320720673e-04 9.999963045120239258e-01 -9.999963641166687012e-01 5.172292585484683514e-04 -2.653258154168725014e-03
9.999699592590332031e-01 -1.091264770366251469e-03 -7.673010230064392090e-03 -7.672003470361232758e-03 9.239073842763900757e-04 -9.999701380729675293e-01
-9.999968409538269043e-01 -1.602670759893953800e-03 1.941488822922110558e-03 -1.943366951309144497e-03 1.171159557998180389e-03 -9.999974370002746582e-01
1.369349920423701406e-04 -1.353366184048354626e-03 9.999991059303283691e-01 -1.000000000000000000e+00 -2.389638102613389492e-04 1.366117066936567426e-04
8.536167144775390625e-01 5.180689096450805664e-01 5.425043031573295593e-02 -1.185042709112167358e-01 2.945565581321716309e-01 -9.482579827308654785e-01
-3.108990788459777832e-01 -9.503362774848937988e-01 -1.423763111233711243e-02 -4.765808209776878357e-02 3.054882027208805084e-02 -9.983964562416076660e-01
-4.781236872076988220e-02 9.988158345222473145e-01 8.997760713100433350e-03 3.650489449501037598e-02 1.074935868382453918e-02 -9.992756843566894531e-01
2.119297385215759277e-01 9.772242903709411621e-01 1.089120097458362579e-02 -1.253207921981811523e-01 3.822717070579528809e-02 -9.913795590400695801e-01
-9.432623386383056641e-01 3.313105702400207520e-01 -2.212398871779441833e-02 2.937389165163040161e-02 1.689049787819385529e-02 -9.994257688522338867e-01
-8.107377290725708008e-01 5.575532913208007812e-01 1.784342676401138306e-01 -3.155916929244995117e-04 3.043860793113708496e-01 -9.525486826896667480e-01
-9.968658685684204102e-01 -7.823917269706726074e-02 1.171180419623851776e-02 -1.196917239576578140e-02 2.821349306032061577e-03 -9.999243617057800293e-01
4.392155259847640991e-02 -2.142870575189590454e-01 9.757827520370483398e-01 -9.883982539176940918e-01 1.328280568122863770e-01 7.365913689136505127e-02
7.407695055007934570e-01 -6.716982126235961914e-01 -9.055789560079574585e-03 -2.609218284487724304e-02 -1.529950089752674103e-02 -9.995424747467041016e-01
9.851634502410888672e-01 1.677360832691192627e-01 3.629859536886215210e-02 3.755303472280502319e-02 -4.311658907681703568e-03 -9.992853403091430664e-01
9.310368299484252930e-01 -3.649232089519500732e-01 -1.217918121255934238e-03 -2.298220992088317871e-03 -2.526057884097099304e-03 -9.999942183494567871e-01
9.299188852310180664e-01 3.675782382488250732e-01 1.171484217047691345e-02 1.511037163436412811e-02 -6.360963452607393265e-03 -9.998656511306762695e-01
-9.999926686286926270e-01 -2.699536504223942757e-03 2.720348304137587547e-03 -2.725985832512378693e-03 2.086773281916975975e-03 -9.999940991401672363e-01
-9.999976754188537598e-01 -1.593250548467040062e-03 1.476546050980687141e-03 -1.476438716053962708e-03 -6.854916136944666505e-05 -9.999989271163940430e-01
1.659625321626663208e-01 -9.859102368354797363e-01 -2.091448381543159485e-02 -8.199707604944705963e-03 1.982819847762584686e-02 -9.997698068618774414e-01
1.170868277549743652e-01 -9.929706454277038574e-01 -1.732216030359268188e-02 -2.624393999576568604e-02 1.434240862727165222e-02 -9.995527267456054688e-01
-1.508205197751522064e-03 -2.183259576559066772e-01 9.758747816085815430e-01 -9.999474883079528809e-01 -9.566088207066059113e-03 -3.685565665364265442e-03
-4.646711051464080811e-03 4.317796602845191956e-02 9.990566372871398926e-01 -9.995933175086975098e-01 2.790956944227218628e-02 -5.855424329638481140e-03
-3.200686872005462646e-01 1.988223753869533539e-02 9.471856951713562012e-01 -1.703598350286483765e-01 9.822751879692077637e-01 -7.818602025508880615e-02
-9.957002401351928711e-01 9.258822351694107056e-02 -2.914253622293472290e-03 1.077294116839766502e-03 -1.988388970494270325e-02 -9.998017549514770508e-01
-9.997054338455200195e-01 -2.401646412909030914e-02 3.503075335174798965e-03 -3.398153930902481079e-03 -4.408151376992464066e-03 -9.999845027923583984e-01
-6.990370806306600571e-03 -9.717530920170247555e-04 9.999750852584838867e-01 -9.999754428863525391e-01 -5.091685452498495579e-04 -6.990868132561445236e-03
-9.999340176582336426e-01 1.129433233290910721e-02 -2.121350029483437538e-03 2.103236736729741096e-03 -1.615375978872179985e-03 -9.999964833259582520e-01
9.936234951019287109e-01 -1.086883619427680969e-01 2.998705953359603882e-02 3.322216123342514038e-02 2.807700634002685547e-02 -9.990535974502563477e-01
-5.980961397290229797e-02 -3.250033855438232422e-01 9.438197016716003418e-01 -9.630821943283081055e-01 -2.298348695039749146e-01 -1.401736736297607422e-01
5.131599027663469315e-03 2.880438975989818573e-02 -9.995719194412231445e-01 -9.999241232872009277e-01 -1.104531623423099518e-02 -5.451697390526533127e-03
-9.999867677688598633e-01 3.564782673493027687e-03 -3.718488616868853569e-03 3.716279519721865654e-03 -6.261808448471128941e-04 -9.999929070472717285e-01
4.819443915039300919e-03 -1.333040185272693634e-03 -9.999874830245971680e-01 -9.999882578849792480e-01 5.206456407904624939e-04 -4.820141475647687912e-03
-7.248631119728088379e-02 9.805531501770019531e-01 -1.823767721652984619e-01 -9.884186387062072754e-01 -9.506758302450180054e-02 -1.182827129960060120e-01
6.666268706321716309e-01 -1.740971393883228302e-02 7.451882958412170410e-01 2.719002068042755127e-01 9.365212917327880859e-01 -2.213553637266159058e-01
-1.829706877470016479e-01 9.830897450447082520e-01 7.501578889787197113e-03 -1.093065142631530762e-01 -1.275964081287384033e-02 -9.939262270927429199e-01
-2.003711834549903870e-02 -2.842315137386322021e-01 -9.585463404655456543e-01 -9.952104687690734863e-01 9.742154926061630249e-02 -8.084248751401901245e-03
9.256389737129211426e-01 3.775097727775573730e-01 2.605427429080009460e-02 8.296903967857360840e-02 -1.352953910827636719e-01 -9.873253703117370605e-01
-8.993883132934570312e-01 -4.346930682659149170e-01 4.628866165876388550e-02 -2.998173795640468597e-02 -4.430060833692550659e-02 -9.985682964324951172e-01
-9.999923110008239746e-01 3.675228916108608246e-03 -1.401723828166723251e-03 1.402294845320284367e-03 1.527952408650889993e-04 -9.999990463256835938e-01
-9.999839663505554199e-01 -5.654254462569952011e-03 -3.346775483805686235e-04 3.300202370155602694e-04 8.245881181210279465e-04 -9.999996423721313477e-01
-4.654352962970733643e-01 8.844326734542846680e-01 3.389424458146095276e-02 5.065087229013442993e-02 6.484835594892501831e-02 -9.966088533401489258e-01
9.997547604143619537e-03 3.549499213695526123e-01 -9.348319172859191895e-01 -9.981850981712341309e-01 5.906311050057411194e-02 1.175082381814718246e-02
9.489445090293884277e-01 -3.152061402797698975e-01 1.222542859613895416e-02 1.346970908343791962e-02 1.769336406141519547e-03 -9.999077320098876953e-01
-9.999956488609313965e-01 2.791139762848615646e-03 9.547001100145280361e-04 -9.559814934618771076e-04 -4.577737709041684866e-04 -9.999994635581970215e-01
9.999653100967407227e-01 6.448897998780012131e-03 -5.268365610390901566e-03 -5.253102630376815796e-03 -2.381410449743270874e-03 -9.999833703041076660e-01
2.527529373764991760e-02 3.335064509883522987e-03 -9.996749758720397949e-01 -9.996747970581054688e-01 3.469524672254920006e-03 -2.526371553540229797e-02
-9.989594817161560059e-01 -4.453907534480094910e-02 9.811522439122200012e-03 -1.099972240626811981e-02 2.651149220764636993e-02 -9.995880126953125000e-01
-9.988598823547363281e-01 -4.657310247421264648e-02 1.048564352095127106e-02 -1.033643167465925217e-02 -3.443504450842738152e-03 -9.999406933784484863e-01
-9.387745857238769531e-01 3.437699973583221436e-01 -2.290431410074234009e-02 3.389085084199905396e-02 2.598381415009498596e-02 -9.990877509117126465e-01
9.363703131675720215e-01 3.506042063236236572e-01 1.695176772773265839e-02 9.815678000450134277e-03 2.212093025445938110e-02 -9.997071623802185059e-01
2.719918191432952881e-01 4.159457981586456299e-03 -9.622905850410461426e-01 1.405348330736160278e-01 9.890977144241333008e-01 4.399755597114562988e-02
5.407056212425231934e-01 -8.404524326324462891e-01 -3.573749214410781860e-02 -6.301859766244888306e-02 1.894079148769378662e-03 -9.980105757713317871e-01
7.418347001075744629e-01 -6.647378206253051758e-01 8.834538608789443970e-02 1.766785532236099243e-01 6.665836274623870850e-02 -9.820088744163513184e-01
9.745627045631408691e-01 2.197115272283554077e-01 -4.420926794409751892e-02 -5.869933217763900757e-02 5.986289307475090027e-02 -9.964792132377624512e-01
2.519799768924713135e-01 -9.674201011657714844e-01 -2.458515204489231110e-02 -1.379086375236511230e-01 -1.075169723480939865e-02 -9.903866052627563477e-01
2.520366311073303223e-01 -9.674568772315979004e-01 -2.246780134737491608e-02 4.429604485630989075e-02 3.472651541233062744e-02 -9.984147548675537109e-01
5.973312854766845703e-01 3.021813184022903442e-02 -8.014250993728637695e-01 3.683489933609962463e-02 9.972016811370849609e-01 6.505437940359115601e-02
1.473509222269058228e-01 5.336849093437194824e-01 8.327473402023315430e-01 -9.244399070739746094e-01 -2.250738739967346191e-01 3.078192174434661865e-01
4.317727088928222656e-01 4.525345191359519958e-02 -9.008465409278869629e-01 -1.198242828249931335e-01 9.927663803100585938e-01 -7.560394704341888428e-03
6.044524908065795898e-01 -7.950207591056823730e-01 -5.078664422035217285e-02 -1.198079586029052734e-01 -2.769361622631549835e-02 -9.924107789993286133e-01
2.783856913447380066e-02 -8.499420285224914551e-01 -5.261402726173400879e-01 -9.892405867576599121e-01 -9.905032813549041748e-02 1.076671034097671509e-01
9.474860429763793945e-01 6.693942099809646606e-02 3.127127587795257568e-01 -1.245173513889312744e-01 9.779008626937866211e-01 1.679443418979644775e-01
-9.503514170646667480e-01 -3.058533668518066406e-01 5.732315033674240112e-02 -6.514828652143478394e-02 1.542973145842552185e-02 -9.977563619613647461e-01
4.581725895404815674e-01 8.886874318122863770e-01 -1.767952740192413330e-02 -3.680065870285034180e-01 1.715495288372039795e-01 -9.138609766960144043e-01
9.959302544593811035e-01 -7.583488523960113525e-02 -4.870346188545227051e-02 7.642336934804916382e-02 9.970219135284423828e-01 1.033406890928745270e-02
-9.292442798614501953e-01 3.915491700172424316e-02 3.673854470252990723e-01 1.627631112933158875e-02 9.977415204048156738e-01 -6.516813486814498901e-02
7.153331637382507324e-01 6.749077439308166504e-01 -1.811022162437438965e-01 -3.391093909740447998e-01 1.086747869849205017e-01 -9.344488382339477539e-01
-6.447601132094860077e-03 3.637793958187103271e-01 -9.314628243446350098e-01 -9.999580383300781250e-01 -8.411807939410209656e-03 3.636525012552738190e-03
5.991457104682922363e-01 7.965555191040039062e-01 8.077016472816467285e-02 -6.186765059828758240e-02 1.466418057680130005e-01 -9.872530698776245117e-01
-5.187599360942840576e-02 -2.215413153171539307e-01 9.737702012062072754e-01 -9.932229518890380859e-01 1.129962950944900513e-01 -2.720464393496513367e-02
-6.356507539749145508e-02 -4.080833196640014648e-01 9.107291698455810547e-01 -9.962955117225646973e-01 7.891230285167694092e-02 -3.417790681123733521e-02
-7.374588400125503540e-02 -5.082377195358276367e-01 8.580536246299743652e-01 -9.932941794395446777e-01 1.142523214221000671e-01 -1.769587583839893341e-02
-9.173296093940734863e-01 3.766840994358062744e-01 1.289013922214508057e-01 8.018874563276767731e-03 3.411836326122283936e-01 -9.399624466896057129e-01
-6.063161492347717285e-01 7.763158679008483887e-01 1.723786294460296631e-01 1.171817723661661148e-02 2.254660278558731079e-01 -9.741805791854858398e-01
9.992420077323913574e-01 3.276295959949493408e-02 2.102355286478996277e-02 2.147708460688591003e-02 -1.355291157960891724e-02 -9.996774792671203613e-01
9.994846582412719727e-01 2.269398979842662811e-02 2.270226739346981049e-02 2.252304926514625549e-02 8.121758699417114258e-03 -9.997133612632751465e-01
3.130362927913665771e-01 9.496958851814270020e-01 9.276576340198516846e-03 5.207934230566024780e-02 -7.411834783852100372e-03 -9.986154437065124512e-01
-9.999883174896240234e-01 4.695957526564598083e-03 1.147187314927577972e-03 -1.135296653956174850e-03 2.533968305215239525e-03 -9.999961853027343750e-01
8.799347877502441406e-01 -1.259387433528900146e-01 4.580984711647033691e-01 2.785696089267730713e-02 9.762438535690307617e-01 2.148765474557876587e-01
9.077194333076477051e-01 4.187314808368682861e-01 2.663352526724338531e-02 2.700605243444442749e-02 5.037957336753606796e-03 -9.996225833892822266e-01
-9.759999513626098633e-01 2.174490392208099365e-01 -1.183160394430160522e-02 4.937230609357357025e-03 -3.222170472145080566e-02 -9.994685649871826172e-01
-1.467667073011398315e-01 9.891691803932189941e-01 -1.985177863389253616e-03 9.333571046590805054e-02 1.185055542737245560e-02 -9.955641627311706543e-01
1.074152812361717224e-02 3.780298233032226562e-01 -9.257311224937438965e-01 -9.997134208679199219e-01 -1.574894227087497711e-02 -1.803117431700229645e-02
-5.492815747857093811e-03 9.617045521736145020e-01 -2.740333676338195801e-01 -9.998658299446105957e-01 -9.511144831776618958e-03 -1.333718094974756241e-02
-9.999884963035583496e-01 -4.298529587686061859e-03 2.141779754310846329e-03 -2.137857954949140549e-03 -9.167616371996700764e-04 -9.999973177909851074e-01
-3.770124167203903198e-02 -1.366350948810577393e-01 -9.899038076400756836e-01 -9.957014322280883789e-01 8.900244534015655518e-02 2.563716284930706024e-02
9.982802271842956543e-01 -5.644208565354347229e-02 1.583982631564140320e-02 1.722222380340099335e-02 2.409070171415805817e-02 -9.995614290237426758e-01
3.023978173732757568e-01 -9.528158307075500488e-01 -2.641186490654945374e-02 -1.841814629733562469e-02 2.186305448412895203e-02 -9.995913505554199219e-01
4.242813885211944580e-01 -9.051843881607055664e-01 -2.503051608800888062e-02 6.750981509685516357e-02 5.918418243527412415e-02 -9.959616661071777344e-01
-9.999993443489074707e-01 -8.097672834992408752e-04 8.744267979636788368e-04 -8.749994449317455292e-04 7.070275023579597473e-04 -9.999994039535522461e-01
-9.999977946281433105e-01 2.082908758893609047e-03 -3.647054836619645357e-04 3.645152610260993242e-04 -9.170858538709580898e-05 -9.999999403953552246e-01
-9.999980926513671875e-01 -1.527903834357857704e-03 1.244240556843578815e-03 -1.243354170583188534e-03 -5.810240982100367546e-04 -9.999990463256835938e-01
-8.421044051647186279e-02 9.964354038238525391e-01 -5.023831967264413834e-03 5.907000973820686340e-02 -4.089390859007835388e-05 -9.982538819313049316e-01
5.504136681556701660e-01 -8.336925506591796875e-01 -4.473978653550148010e-02 9.891954064369201660e-02 1.183303520083427429e-01 -9.880348443984985352e-01
4.652866423130035400e-01 -8.838947415351867676e-01 -4.731229692697525024e-02 6.868341937661170959e-03 5.705414339900016785e-02 -9.983474612236022949e-01
-9.955546259880065918e-01 9.410434216260910034e-02 3.923503216356039047e-03 4.051514901220798492e-03 8.440603315830230713e-02 -9.964232444763183594e-01
-2.289530122652649879e-03 -8.617827296257019043e-02 9.962771534919738770e-01 -9.999949336051940918e-01 -2.014641184359788895e-03 -2.472341060638427734e-03
-9.990088343620300293e-01 4.450254514813423157e-02 -9.890511864796280861e-04 1.465775771066546440e-03 1.068094465881586075e-02 -9.999419450759887695e-01
-9.999657273292541504e-01 -7.967641577124595642e-03 2.257470507174730301e-03 -2.234381856396794319e-03 -2.905508968979120255e-03 -9.999932646751403809e-01
-9.996176362037658691e-01 -2.742253802716732025e-02 3.564869519323110580e-03 -3.771628718823194504e-03 7.491744123399257660e-03 -9.999648332595825195e-01
-2.609601616859436035e-01 9.653267860412597656e-01 6.635999307036399841e-03 -5.512885376811027527e-02 -8.039497770369052887e-03 -9.984469413757324219e-01
-9.578402638435363770e-01 -2.852934598922729492e-01 3.390758112072944641e-02 -3.948239982128143311e-02 1.381008140742778778e-02 -9.991248250007629395e-01
9.125999212265014648e-01 -4.088530242443084717e-01 -8.063034620136022568e-04 1.185786500573158264e-01 2.665654420852661133e-01 -9.564946293830871582e-01
1.906680166721343994e-01 9.815656542778015137e-01 1.321598142385482788e-02 1.159856244921684265e-01 -9.157329797744750977e-03 -9.932087063789367676e-01
9.893971085548400879e-01 -1.412124037742614746e-01 3.394776210188865662e-02 3.616843372583389282e-02 1.318828575313091278e-02 -9.992587566375732422e-01
6.571939680725336075e-03 -4.406908452510833740e-01 8.976349234580993652e-01 -9.951210021972656250e-01 -9.125200659036636353e-02 -3.751419857144355774e-02
6.571838632225990295e-03 3.332624733448028564e-01 -9.428111910820007324e-01 -9.734030961990356445e-01 2.180499136447906494e-01 7.029064744710922241e-02
2.095995098352432251e-02 2.888017594814300537e-01 -9.571595191955566406e-01 -9.738516211509704590e-01 2.225178778171539307e-01 4.581438004970550537e-02
6.211687922477722168e-01 7.815277576446533203e-01 5.799803510308265686e-02 -1.014383137226104736e-01 1.535679399967193604e-01 -9.829176664352416992e-01
2.614046335220336914e-01 9.647550582885742188e-01 3.025375492870807648e-02 3.772556781768798828e-03 3.032216615974903107e-02 -9.995330572128295898e-01
9.504736661911010742e-01 3.102935254573822021e-01 1.782634295523166656e-02 2.453240007162094116e-02 -1.772264949977397919e-02 -9.995419383049011230e-01
-9.983341693878173828e-01 -5.730447545647621155e-02 6.719950586557388306e-03 -9.573967196047306061e-03 4.967625811696052551e-02 -9.987194538116455078e-01
-6.803111433982849121e-01 7.136698961257934570e-01 1.668896675109863281e-01 7.379814982414245605e-03 2.343626320362091064e-01 -9.721212387084960938e-01
1.114789396524429321e-01 -9.936481714248657227e-01 -1.535894814878702164e-02 7.134958636015653610e-03 1.625517755746841431e-02 -9.998424649238586426e-01
-9.996385574340820312e-01 2.640564739704132080e-02 -5.053211469203233719e-03 5.113899242132902145e-03 2.231277059763669968e-03 -9.999844431877136230e-01
-9.590809792280197144e-02 9.953901171684265137e-01 4.186197475064545870e-04 3.476425260305404663e-02 3.769916016608476639e-03 -9.993884563446044922e-01
-3.514716327190399170e-01 9.361490607261657715e-01 -9.626379236578941345e-03 3.336303681135177612e-02 2.248750068247318268e-03 -9.994407892227172852e-01
8.176305331289768219e-03 3.177247643470764160e-01 -9.481477737426757812e-01 -9.972883462905883789e-01 7.194145023822784424e-02 1.550754718482494354e-02
8.728516697883605957e-01 -4.878548383712768555e-01 -1.130166370421648026e-02 1.158221811056137085e-01 2.296116054058074951e-01 -9.663662910461425781e-01
3.595312237739562988e-01 9.328608512878417969e-01 2.253863401710987091e-02 2.328697219491004944e-02 1.517646200954914093e-02 -9.996135830879211426e-01
6.141943931579589844e-01 7.882866263389587402e-01 3.700649738311767578e-02 -7.087855786085128784e-02 1.018079817295074463e-01 -9.922758936882019043e-01
-9.999786615371704102e-01 6.538489367812871933e-03 1.244558807229623199e-04 -1.073081366484984756e-04 2.622871194034814835e-03 -9.999966025352478027e-01
-9.999276399612426758e-01 -1.183227915316820145e-02 2.168240025639533997e-03 -2.184197772294282913e-03 1.335927285254001617e-03 -9.999967813491821289e-01
3.202458024024963379e-01 9.248780012130737305e-01 2.050446271896362305e-01 -8.968645930290222168e-01 2.262928634881973267e-01 3.800334930419921875e-01
-4.759531915187835693e-01 -8.780778646469116211e-01 -4.947577416896820068e-02 9.594041854143142700e-02 4.081629682332277298e-03 -9.953787326812744141e-01
-9.958670735359191895e-01 9.081114083528518677e-02 -1.435175421647727489e-03 3.866497892886400223e-03 2.660313807427883148e-02 -9.996386170387268066e-01
-7.240596413612365723e-02 9.973730444908142090e-01 -2.091691829264163971e-03 3.637415170669555664e-02 5.448292940855026245e-04 -9.993380904197692871e-01
7.648832798004150391e-01 6.228925585746765137e-01 -1.641903370618820190e-01 -3.008194267749786377e-01 1.200065463781356812e-01 -9.461004734039306641e-01
9.996822476387023926e-01 2.436078898608684540e-02 -6.482807919383049011e-03 -6.701983045786619186e-03 8.926226757466793060e-03 -9.999377131462097168e-01
8.884729146957397461e-01 4.572397172451019287e-01 -3.934172540903091431e-02 -8.868940919637680054e-02 8.695890754461288452e-02 -9.922562241554260254e-01
-9.989870190620422363e-01 -4.375478625297546387e-02 1.051216665655374527e-02 -1.049793418496847153e-02 -5.550481728278100491e-04 -9.999447464942932129e-01
-2.248830199241638184e-01 -9.743847846984863281e-01 1.382112968713045120e-03 -1.049756407737731934e-01 2.281760051846504211e-02 -9.942129850387573242e-01
5.675072222948074341e-02 -9.981127381324768066e-01 -2.345902472734451294e-02 -1.132080797106027603e-02 2.285205945372581482e-02 -9.996747970581054688e-01
9.636958241462707520e-01 -2.669388055801391602e-01 5.839011631906032562e-03 -3.687652293592691422e-03 -3.517336025834083557e-02 -9.993744492530822754e-01
7.940909266471862793e-01 -6.077419519424438477e-01 -8.332889527082443237e-03 -1.404098607599735260e-02 -4.636576399207115173e-03 -9.998906850814819336e-01
-9.999766945838928223e-01 6.749426480382680893e-03 1.055967528373003006e-03 -1.067607547156512737e-03 -1.721219159662723541e-03 -9.999979734420776367e-01
-9.626938700675964355e-01 2.700191736221313477e-01 -1.761248335242271423e-02 2.013624832034111023e-02 6.579205859452486038e-03 -9.997755885124206543e-01
-9.999995827674865723e-01 2.030275354627519846e-04 9.335405775345861912e-04 -9.335520444437861443e-04 -5.642457472276873887e-05 -9.999995827674865723e-01
-9.999998211860656738e-01 4.801941104233264923e-04 3.832377260550856590e-04 -3.833048685919493437e-04 -1.397939486196264625e-04 -9.999999403953552246e-01
-9.999976754188537598e-01 2.025638706982135773e-03 -7.546725682914257050e-04 7.543967803940176964e-04 -1.369273377349600196e-04 -9.999997019767761230e-01
-9.999797940254211426e-01 6.198412273079156876e-03 -1.422372646629810333e-03 1.438306528143584728e-03 2.566950162872672081e-03 -9.999957084655761719e-01
-9.999946951866149902e-01 -2.781365066766738892e-03 1.695672282949090004e-03 -1.692240941338241100e-03 -1.235536648891866207e-03 -9.999978542327880859e-01
-9.999939203262329102e-01 3.326212055981159210e-03 1.024633063934743404e-03 -1.027524704113602638e-03 -8.677841979078948498e-04 -9.999991059303283691e-01
-9.893263578414916992e-01 1.454791128635406494e-01 -8.318230509757995605e-03 1.014365162700414658e-02 1.181033998727798462e-02 -9.998788237571716309e-01
-3.282327353954315186e-01 9.442240595817565918e-01 2.653791382908821106e-02 3.815232217311859131e-02 4.132360965013504028e-02 -9.984171986579895020e-01
7.383919954299926758e-01 -6.739833950996398926e-01 -2.288336865603923798e-02 -6.529852747917175293e-02 -3.768292069435119629e-02 -9.971539974212646484e-01
9.844121932983398438e-01 -1.732162088155746460e-01 3.047512099146842957e-02 1.799436658620834351e-02 -7.317215949296951294e-02 -9.971569776535034180e-01
9.960679411888122559e-01 8.169431239366531372e-02 3.427515923976898193e-02 2.829171158373355865e-02 7.330644130706787109e-02 -9.969081282615661621e-01
5.041830539703369141e-01 8.635081648826599121e-01 1.237169187515974045e-02 6.670129299163818359e-02 -2.465441450476646423e-02 -9.974684119224548340e-01
9.893117547035217285e-01 -1.441503167152404785e-01 2.197621949017047882e-02 2.689859457314014435e-02 3.228774666786193848e-02 -9.991165995597839355e-01
9.882457256317138672e-01 -1.517456620931625366e-01 1.853745803236961365e-02 2.056482993066310883e-02 1.180172897875308990e-02 -9.997189044952392578e-01
9.997341036796569824e-01 1.894806628115475178e-03 2.298305183649063110e-02 2.298423834145069122e-02 -6.070078816264867783e-04 -9.997356534004211426e-01
-9.926249384880065918e-01 1.210398599505424500e-01 -6.717971060425043106e-03 8.297263644635677338e-03 1.254842150956392288e-02 -9.998868703842163086e-01
-9.999931454658508301e-01 -3.308877348899841309e-03 -1.661329646594822407e-03 1.663741189986467361e-03 -7.262200233526527882e-04 -9.999983906745910645e-01
-9.999765157699584961e-01 6.832332815974950790e-03 6.180945783853530884e-04 -6.197027396410703659e-04 -2.332587464479729533e-04 -9.999998211860656738e-01
9.999330043792724609e-01 -8.284652605652809143e-03 8.083077147603034973e-03 8.119612932205200195e-03 4.385972861200571060e-03 -9.999574422836303711e-01
6.928954273462295532e-03 3.135693967342376709e-01 -9.495400786399841309e-01 -9.712053537368774414e-01 -2.240270972251892090e-01 -8.106816560029983521e-02
-9.999990463256835938e-01 8.889911114238202572e-04 1.087088370695710182e-03 -1.086844131350517273e-03 2.751736610662192106e-04 -9.999994039535522461e-01
1.279600709676742554e-02 -5.716648697853088379e-01 -8.203874826431274414e-01 -9.507058262825012207e-01 -2.611780166625976562e-01 1.671661734580993652e-01
-5.534708127379417419e-02 -4.362334907054901123e-01 8.981298208236694336e-01 -9.150244593620300293e-01 3.821410834789276123e-01 1.292227357625961304e-01
-2.970200730487704277e-03 -2.064790576696395874e-03 9.999934434890747070e-01 -9.999951124191284180e-01 1.009206869639456272e-03 -2.968121785670518875e-03
-9.922700524330139160e-01 1.239988282322883606e-01 -4.950020462274551392e-03 8.591474033892154694e-03 2.884934470057487488e-02 -9.995468854904174805e-01
-9.942829608917236328e-01 -1.051127761602401733e-01 1.878142170608043671e-02 -2.012452669441699982e-02 1.173168886452913284e-02 -9.997286796569824219e-01
2.272443026304244995e-01 9.729173183441162109e-01 4.233250766992568970e-02 9.887211024761199951e-03 4.116253927350044250e-02 -9.991036057472229004e-01
2.541741169989109039e-02 5.880604498088359833e-03 -9.996596574783325195e-01 -9.996719956398010254e-01 -2.994441892951726913e-03 -2.543534338474273682e-02
9.478174448013305664e-01 -3.186625838279724121e-01 9.811260737478733063e-03 3.363512456417083740e-02 6.934570521116256714e-02 -9.970255494117736816e-01
-9.961837530136108398e-01 -8.630473911762237549e-02 1.302012801170349121e-02 -1.375612057745456696e-02 7.938604801893234253e-03 -9.998738765716552734e-01
7.877817153930664062e-01 -6.158808469772338867e-01 -9.525243192911148071e-03 -1.727453432977199554e-02 -6.632695440202951431e-03 -9.998288154602050781e-01
-9.917414188385009766e-01 1.278927326202392578e-01 -9.617622010409832001e-03 1.220486592501401901e-02 1.946152001619338989e-02 -9.997361302375793457e-01
-9.914475679397583008e-01 1.301532685756683350e-01 -9.590907022356987000e-03 1.257717702537775040e-02 2.214169315993785858e-02 -9.996757507324218750e-01
9.345653653144836426e-01 -3.550678789615631104e-01 2.268059551715850830e-02 -1.602900587022304535e-02 -1.057002469897270203e-01 -9.942688941955566406e-01
-3.139968728646636009e-03 8.301802724599838257e-02 9.965431690216064453e-01 -9.966263175010681152e-01 8.147096633911132812e-02 -9.927250444889068604e-03
4.754323139786720276e-02 -9.987863898277282715e-01 -1.286003459244966507e-02 -1.443012244999408722e-02 1.218647416681051254e-02 -9.998216032981872559e-01
-8.864335250109434128e-04 -6.608052179217338562e-03 -9.999777674674987793e-01 -9.999900460243225098e-01 -4.375483840703964233e-03 9.153584833256900311e-04
-8.867614269256591797e-01 4.599545001983642578e-01 -4.578259959816932678e-02 3.709064424037933350e-02 -2.792162820696830750e-02 -9.989218115806579590e-01
-9.904742240905761719e-01 1.374990642070770264e-01 -7.405256852507591248e-03 1.397048123180866241e-02 4.684393107891082764e-02 -9.988045692443847656e-01
9.999983310699462891e-01 1.817710348404943943e-03 -3.083559277001768351e-04 -3.101641777902841568e-04 9.945953497663140297e-04 -9.999994635581970215e-01
-1.858715116977691650e-01 -9.822430610656738281e-01 -2.550296485424041748e-02 1.108238995075225830e-01 4.832372069358825684e-03 -9.938282966613769531e-01
9.989331960678100586e-01 4.452132061123847961e-02 1.226175576448440552e-02 1.204460579901933670e-02 5.142417270690202713e-03 -9.999142885208129883e-01
-9.999955296516418457e-01 -2.159636002033948898e-03 2.071050694212317467e-03 -2.073345240205526352e-03 1.060777925886213779e-03 -9.999973177909851074e-01
5.962530970573425293e-01 -8.010607957839965820e-01 -5.276223644614219666e-02 -2.095599174499511719e-01 -9.186348319053649902e-02 -9.734709858894348145e-01
-2.002454921603202820e-02 -3.102750182151794434e-01 -9.504359364509582520e-01 -9.959140419960021973e-01 8.991754055023193359e-02 -8.371356874704360962e-03
-1.332987099885940552e-01 -9.910399913787841797e-01 -8.435804396867752075e-03 -2.125554159283638000e-02 1.136855222284793854e-02 -9.997094869613647461e-01
4.240892231464385986e-01 9.054967761039733887e-01 1.496482361108064651e-02 -2.433964759111404419e-01 1.298799663782119751e-01 -9.611916542053222656e-01
-9.034307003021240234e-01 4.274396300315856934e-01 -3.329330682754516602e-02 6.325061619281768799e-02 5.607432872056961060e-02 -9.964211583137512207e-01
-2.919865846633911133e-01 -9.549480676651000977e-01 -5.308578908443450928e-02 2.435143850743770599e-02 4.806375131011009216e-02 -9.985474348068237305e-01
-4.440397489815950394e-03 -9.154590661637485027e-04 -9.999897480010986328e-01 -9.999899864196777344e-01 6.006270414218306541e-04 4.439848940819501877e-03
-3.644404411315917969e-01 -9.311155676841735840e-01 -1.438967231661081314e-02 -8.365654200315475464e-02 4.812542349100112915e-02 -9.953318834304809570e-01
-9.987525343894958496e-01 -4.873055964708328247e-02 1.089886017143726349e-02 -1.126551721245050430e-02 7.255855016410350800e-03 -9.999102354049682617e-01
9.840414524078369141e-01 1.760509312152862549e-01 2.585761249065399170e-02 2.399284206330776215e-02 1.271296665072441101e-02 -9.996312856674194336e-01
9.145288467407226562e-01 -4.035864174365997314e-01 2.747851982712745667e-02 1.517349779605865479e-01 2.792768776416778564e-01 -9.481460452079772949e-01
-1.328714936971664429e-02 -3.564673662185668945e-01 9.342132806777954102e-01 -9.690575003623962402e-01 2.348936945199966431e-01 7.584556192159652710e-02
-6.236530467867851257e-02 6.855984330177307129e-01 -7.253036499023437500e-01 -9.450929164886474609e-01 -2.741506099700927734e-01 -1.778789013624191284e-01
7.150271534919738770e-01 6.974416971206665039e-01 4.807680472731590271e-02 1.161607503890991211e-01 -5.071250721812248230e-02 -9.919349551200866699e-01
-9.999884366989135742e-01 4.752855282276868820e-03 -8.047453011386096478e-04 8.066359441727399826e-04 3.958911984227597713e-04 -9.999996423721313477e-01
6.333678960800170898e-01 -7.735709547996520996e-01 -2.081216312944889069e-02 1.184490993618965149e-01 1.234884411096572876e-01 -9.852514863014221191e-01
5.624964833259582520e-02 9.983825683593750000e-01 8.262265473604202271e-03 2.468544617295265198e-02 6.882135756313800812e-03 -9.996715784072875977e-01
-4.654870629310607910e-01 8.843521475791931152e-01 3.525732457637786865e-02 5.186535045504570007e-02 6.702435016632080078e-02 -9.964024424552917480e-01
9.999685287475585938e-01 -1.113900681957602501e-03 -7.859559729695320129e-03 -7.858538068830966949e-03 9.193634032271802425e-04 -9.999687075614929199e-01
-8.487702161073684692e-02 1.781749166548252106e-02 -9.962321519851684570e-01 -2.504476346075534821e-02 9.994860887527465820e-01 2.000945061445236206e-02
5.838851928710937500e-01 -8.109048008918762207e-01 -3.887818008661270142e-02 -4.971086233854293823e-02 1.208752952516078949e-02 -9.986905455589294434e-01
6.317898165434598923e-03 -1.061184098944067955e-03 -9.999794960021972656e-01 -9.999796748161315918e-01 8.432227768935263157e-04 -6.318794563412666321e-03
-4.913252312690019608e-03 5.740015208721160889e-02 9.983391761779785156e-01 -9.993898868560791016e-01 3.424029797315597534e-02 -6.887091789394617081e-03
-7.485437393188476562e-01 7.874884642660617828e-03 6.630386710166931152e-01 -3.267172574996948242e-01 8.657448291778564453e-01 -3.791329264640808105e-01
-4.553406834602355957e-01 -8.902655243873596191e-01 -9.603060781955718994e-03 -1.151838004589080811e-01 6.960123032331466675e-02 -9.909028410911560059e-01
9.415419697761535645e-01 -3.368868827819824219e-01 2.448598155751824379e-03 -1.872851513326168060e-02 -5.959715694189071655e-02 -9.980468153953552246e-01
2.102043665945529938e-02 9.907015562057495117e-01 1.344198584556579590e-01 -9.974493980407714844e-01 1.160785742104053497e-02 7.042784243822097778e-02
3.916938975453376770e-02 9.931488633155822754e-01 1.100964620709419250e-01 -9.930477142333984375e-01 2.644996717572212219e-02 1.147023662924766541e-01
-9.999617934226989746e-01 -7.952297106385231018e-03 -3.634861437603831291e-03 3.684918163344264030e-03 -6.289016921073198318e-03 -9.999734163284301758e-01
7.090619802474975586e-01 -6.912574768066406250e-01 1.392631679773330688e-01 4.151502549648284912e-01 2.495938688516616821e-01 -8.748446702957153320e-01
-2.601020038127899170e-01 -9.646939039230346680e-01 -4.138484969735145569e-02 -7.572755683213472366e-03 4.489675164222717285e-02 -9.989629387855529785e-01
9.679892063140869141e-01 -2.489527165889739990e-01 -3.192814812064170837e-02 -5.605948343873023987e-02 -9.045140445232391357e-02 -9.943218231201171875e-01
-9.902830719947814941e-01 1.390428543090820312e-01 -2.556070219725370407e-03 3.921430557966232300e-03 9.546640329062938690e-03 -9.999467730522155762e-01
-9.711362719535827637e-01 2.382861375808715820e-01 -1.068498753011226654e-02 2.503692358732223511e-02 5.728480964899063110e-02 -9.980439543724060059e-01
2.890786230564117432e-01 -1.013562530279159546e-01 9.519246220588684082e-01 2.956928610801696777e-01 9.552088379859924316e-01 1.191050559282302856e-02
4.649745821952819824e-01 8.850340843200683594e-01 2.265748754143714905e-02 -3.295210599899291992e-01 1.967622041702270508e-01 -9.234178662300109863e-01
-9.002545475959777832e-01 4.344682991504669189e-01 -2.791274152696132660e-02 -2.954714000225067139e-03 -7.020935416221618652e-02 -9.975278973579406738e-01
9.119303822517395020e-01 -4.102282226085662842e-01 -9.789204224944114685e-03 1.243542730808258057e-01 2.990144193172454834e-01 -9.461112022399902344e-01
8.606726303696632385e-03 3.669016957283020020e-01 -9.302198886871337891e-01 -9.996924400329589844e-01 2.479417435824871063e-02 5.299253389239311218e-04
9.637556225061416626e-02 9.952784776687622070e-01 1.151354983448982239e-02 5.242089554667472839e-02 6.475962232798337936e-03 -9.986040592193603516e-01
1.741964519023895264e-01 9.845944643020629883e-01 1.514617260545492172e-02 -1.033540116623044014e-03 1.556414179503917694e-02 -9.998783469200134277e-01
7.727052569389343262e-01 6.322740316390991211e-01 5.618020892143249512e-02 -1.187065988779067993e-01 2.308796793222427368e-01 -9.657139182090759277e-01
9.999908208847045898e-01 -1.094720908440649509e-03 -4.153676796704530716e-03 -4.154676105827093124e-03 -9.123834897764027119e-04 -9.999909400939941406e-01
-9.730844944715499878e-02 -7.982538938522338867e-01 -5.944088101387023926e-01 -9.361472129821777344e-01 2.761677801609039307e-01 -2.176228463649749756e-01
7.319456934928894043e-01 -6.809424161911010742e-01 -2.393621206283569336e-02 -1.053656786680221558e-01 -7.841059565544128418e-02 -9.913374781608581543e-01
3.458639085292816162e-01 -9.379902482032775879e-01 -2.350624464452266693e-02 6.417568027973175049e-02 4.864225536584854126e-02 -9.967525005340576172e-01
-9.790862202644348145e-01 2.034020721912384033e-01 4.217949695885181427e-03 -1.273521501570940018e-02 -4.058337211608886719e-02 -9.990950226783752441e-01
-9.836509823799133301e-01 1.800308078527450562e-01 4.439470358192920685e-03 -1.816270872950553894e-03 1.473305840045213699e-02 -9.998898506164550781e-01
1.544628478586673737e-02 8.615119457244873047e-01 5.075023174285888672e-01 -9.998655915260314941e-01 1.609877310693264008e-02 3.103283699601888657e-03
-9.999330639839172363e-01 1.147542241960763931e-02 1.502763247117400169e-03 -1.564560225233435631e-03 -5.378093104809522629e-03 -9.999843239784240723e-01
-9.703310132026672363e-01 2.416708618402481079e-01 7.279520854353904724e-03 -1.493717357516288757e-02 -2.986931800842285156e-02 -9.994422197341918945e-01
-9.889166951179504395e-01 1.483317762613296509e-01 -6.446020212024450302e-03 6.600385531783103943e-04 -3.902323916554450989e-02 -9.992380738258361816e-01
-9.943660497665405273e-01 1.057331934571266174e-01 -7.531831040978431702e-03 8.342987857758998871e-03 7.231520488858222961e-03 -9.999390840530395508e-01
-9.995117783546447754e-01 -3.111333772540092468e-02 2.858009189367294312e-03 -2.931667724624276161e-03 2.322064712643623352e-03 -9.999930262565612793e-01
-5.509775876998901367e-01 -1.850817166268825531e-02 8.343148231506347656e-01 -1.177530549466609955e-02 9.998269081115722656e-01 1.440348476171493530e-02
5.239569395780563354e-02 -9.985054135322570801e-01 -1.554816029965877533e-02 -9.670329280197620392e-03 1.506149768829345703e-02 -9.998398423194885254e-01
-8.593430519104003906e-01 -5.053817033767700195e-01 7.822249829769134521e-02 -1.037188172340393066e-01 2.245679497718811035e-02 -9.943531155586242676e-01
-9.986908435821533203e-01 -5.062451213598251343e-02 7.326502352952957153e-03 -7.383683696389198303e-03 9.425706230103969574e-04 -9.999723434448242188e-01
4.089386493433266878e-04 -4.624240100383758545e-02 9.989302158355712891e-01 -9.999353289604187012e-01 -1.137680653482675552e-02 -1.173042110167443752e-04
-5.784726236015558243e-04 -7.719657570123672485e-02 9.970157146453857422e-01 -9.999766349792480469e-01 -6.753016263246536255e-03 -1.103060669265687466e-03
8.899522423744201660e-01 -4.556942582130432129e-01 1.810663007199764252e-02 2.864406816661357880e-02 1.622806861996650696e-02 -9.994579553604125977e-01
-9.997743181884288788e-03 9.883765131235122681e-03 9.999011754989624023e-01 -9.999002814292907715e-01 -1.007398217916488647e-02 -9.898154996335506439e-03
-4.207624495029449463e-01 9.064778089523315430e-01 3.545450419187545776e-02 1.037838682532310486e-01 8.692596852779388428e-02 -9.907940030097961426e-01
-4.759563505649566650e-01 8.786997199058532715e-01 3.677400201559066772e-02 7.043956220149993896e-02 7.976711541414260864e-02 -9.943216443061828613e-01
-4.769083559513092041e-01 8.782746791839599609e-01 3.452509641647338867e-02 8.330528438091278076e-02 8.426845073699951172e-02 -9.929547309875488281e-01
-4.145464301109313965e-01 9.094694256782531738e-01 3.188390657305717468e-02 1.276079118251800537e-01 9.278374165296554565e-02 -9.874752759933471680e-01
-1.996179223060607910e-01 -9.797580838203430176e-01 1.506551075726747513e-02 -6.350391358137130737e-02 -2.407267689704895020e-03 -9.979787468910217285e-01
9.912589788436889648e-01 1.316824704408645630e-01 -8.091233670711517334e-03 -6.239719223231077194e-03 -1.446701306849718094e-02 -9.998759031295776367e-01
-8.356322646141052246e-01 5.195502042770385742e-01 1.782872229814529419e-01 -1.014997065067291260e-02 3.099175095558166504e-01 -9.507092833518981934e-01
-8.562179803848266602e-01 4.886719584465026855e-01 1.676021516323089600e-01 1.215741038322448730e-03 3.263288438320159912e-01 -9.452555179595947266e-01
-2.246059157187119126e-04 -9.207815676927566528e-02 9.957517981529235840e-01 -9.995934963226318359e-01 -2.836877852678298950e-02 -2.848761621862649918e-03
-9.990081191062927246e-01 -4.404338076710700989e-02 6.559950765222311020e-03 -7.119284942746162415e-03 1.255480013787746429e-02 -9.998958706855773926e-01
9.998928904533386230e-01 2.360253129154443741e-03 1.444855425506830215e-02 1.444925647228956223e-02 -2.804308896884322166e-04 -9.998955726623535156e-01
-7.848584651947021484e-01 5.935788750648498535e-01 1.779364943504333496e-01 -6.928360462188720703e-02 2.012877911329269409e-01 -9.770788550376892090e-01
-9.753229618072509766e-01 2.206001579761505127e-01 -8.981105871498584747e-03 3.271752595901489258e-02 1.041828617453575134e-01 -9.940198659896850586e-01
9.749000072479248047e-01 2.213993072509765625e-01 -2.350255474448204041e-02 -2.886267378926277161e-02 2.100570686161518097e-02 -9.993626475334167480e-01
7.065944671630859375e-01 7.075175046920776367e-01 1.196698937565088272e-02 3.545209392905235291e-02 -1.850531622767448425e-02 -9.992000460624694824e-01
9.975300431251525879e-01 -7.018830627202987671e-02 -2.729701809585094452e-03 -2.485974691808223724e-03 3.559584496542811394e-03 -9.999905824661254883e-01
9.980500340461730957e-01 6.108286976814270020e-02 1.285088341683149338e-02 1.634101197123527527e-02 -5.698595568537712097e-02 -9.982412457466125488e-01
9.999939203262329102e-01 -2.422431483864784241e-03 2.523704199120402336e-03 2.520296024158596992e-03 -1.408898388035595417e-03 -9.999958872795104980e-01
9.895908832550048828e-01 -1.439059376716613770e-01 1.000650459900498390e-03 1.345910597592592239e-03 2.301878528669476509e-03 -9.999964833259582520e-01
9.617637991905212402e-01 -2.737341225147247314e-01 -8.946879766881465912e-03 5.430803820490837097e-02 2.226259261369705200e-01 -9.733901619911193848e-01
-9.893541932106018066e-01 -1.442020386457443237e-01 1.959887892007827759e-02 -2.146155014634132385e-02 1.137276552617549896e-02 -9.997050166130065918e-01
-9.957311749458312988e-01 -9.118168056011199951e-02 1.433416362851858139e-02 -1.518297847360372543e-02 8.622176945209503174e-03 -9.998475909233093262e-01
9.403178691864013672e-01 -3.401792943477630615e-01 8.965906687080860138e-03 2.237481530755758286e-03 -2.016617730259895325e-02 -9.997941255569458008e-01
-2.984870076179504395e-01 -9.543164372444152832e-01 -1.362565159797668457e-02 -9.317731857299804688e-02 4.334593191742897034e-02 -9.947055578231811523e-01
9.153314828872680664e-01 4.024032950401306152e-01 -1.548663619905710220e-02 -1.461958605796098709e-02 -5.226105451583862305e-03 -9.998794794082641602e-01
9.649719595909118652e-01 -2.623486518859863281e-01 -1.551901223137974739e-03 -2.525615273043513298e-04 4.986369051039218903e-03 -9.999875426292419434e-01
-9.979121685028076172e-01 -6.349942088127136230e-02 1.179708354175090790e-02 -1.146851666271686554e-02 -5.536355078220367432e-03 -9.999189376831054688e-01
-3.441328927874565125e-02 -4.001136124134063721e-01 9.158192276954650879e-01 -9.907935857772827148e-01 -1.063958108425140381e-01 -8.371398597955703735e-02
6.358268205076456070e-03 -4.580464737955480814e-04 -9.999796748161315918e-01 -9.999797940254211426e-01 8.406730194110423326e-05 -6.358306854963302612e-03
-7.782991509884595871e-03 -5.081095732748508453e-03 -9.999568462371826172e-01 -9.999686479568481445e-01 1.526219770312309265e-03 7.775328122079372406e-03
-9.999615550041198730e-01 -8.538516238331794739e-03 2.026190049946308136e-03 -2.028485527262091637e-03 2.602308522909879684e-04 -9.999978542327880859e-01
-9.048340842127799988e-03 -1.077079121023416519e-02 9.999010562896728516e-01 -9.999257922172546387e-01 8.253955282270908356e-03 -8.959654718637466431e-03
-7.045114412903785706e-03 -9.965981589630246162e-04 9.999747276306152344e-01 -9.999747872352600098e-01 -9.465640760026872158e-04 -7.046057842671871185e-03
9.708597064018249512e-01 -2.374563068151473999e-01 3.234104812145233154e-02 9.537866339087486267e-03 -9.655889868736267090e-02 -9.952815771102905273e-01
-4.940907284617424011e-02 1.245541730895638466e-03 9.987779259681701660e-01 6.593888625502586365e-03 9.999778270721435547e-01 -9.208417031913995743e-04
9.916831851005554199e-01 1.284616887569427490e-01 -7.881430909037590027e-03 -6.416249088943004608e-03 -1.181545015424489975e-02 -9.999096393585205078e-01
9.743165373802185059e-01 2.242478281259536743e-01 -2.050078101456165314e-02 -2.448298409581184387e-02 1.499163266271352768e-02 -9.995878338813781738e-01
9.048123955726623535e-01 -4.256780147552490234e-01 1.061904430389404297e-02 -1.410129666328430176e-02 -5.487953126430511475e-02 -9.983934164047241211e-01
-5.227678418159484863e-01 8.410851955413818359e-01 1.388868540525436401e-01 2.800667285919189453e-02 1.797791421413421631e-01 -9.833082556724548340e-01
9.781826138496398926e-01 -2.077469378709793091e-01 -2.741311618592590094e-04 1.129966112785041332e-03 6.639992818236351013e-03 -9.999773502349853516e-01
-9.999709725379943848e-01 7.608393207192420959e-03 -4.290707584004849195e-04 3.999035106971859932e-04 -3.834663890302181244e-03 -9.999925494194030762e-01
-9.972314238548278809e-01 7.425982505083084106e-02 -3.881354117766022682e-03 4.523325245827436447e-03 8.478702977299690247e-03 -9.999538660049438477e-01
-3.834145367145538330e-01 -9.229667186737060547e-01 3.355338424444198608e-02 -7.355145364999771118e-02 -5.700377747416496277e-03 -9.972751140594482422e-01
-9.962453842163085938e-01 -8.630120009183883667e-02 6.876376923173666000e-03 -7.607598789036273956e-03 8.146872743964195251e-03 -9.999378919601440430e-01
1.809329912066459656e-02 7.306397892534732819e-04 -9.998360872268676758e-01 -9.998361468315124512e-01 6.644197273999452591e-04 -1.809281483292579651e-02
8.650377392768859863e-01 -5.013766288757324219e-01 -1.819986663758754730e-02 1.084535196423530579e-01 2.222895026206970215e-01 -9.689299464225769043e-01
9.192255735397338867e-01 -3.934676647186279297e-01 -1.440831273794174194e-02 1.202527582645416260e-01 3.154059946537017822e-01 -9.413067102432250977e-01
-9.967768788337707520e-01 8.001662045717239380e-02 -5.768897477537393570e-03 6.541152950376272202e-03 9.392436593770980835e-03 -9.999345541000366211e-01
-9.999319911003112793e-01 1.155882887542247772e-02 1.569987623952329159e-03 -1.621069503016769886e-03 -4.411245696246623993e-03 -9.999889731407165527e-01
-8.386374115943908691e-01 2.670171670615673065e-02 -5.440352559089660645e-01 5.932921171188354492e-02 9.973331093788146973e-01 -4.250679537653923035e-02
-2.004156410694122314e-01 9.796991348266601562e-01 4.821106791496276855e-03 -4.294548183679580688e-02 -3.868865314871072769e-03 -9.990699291229248047e-01
-9.999641180038452148e-01 -8.170201443135738373e-03 -2.234175801277160645e-03 2.291465410962700844e-03 -7.009378634393215179e-03 -9.999728202819824219e-01
-8.999155759811401367e-01 4.340267479419708252e-01 -4.210489243268966675e-02 2.547956071794033051e-02 -4.405461996793746948e-02 -9.987041950225830078e-01
6.167291849851608276e-02 7.949929237365722656e-01 6.034755706787109375e-01 -9.975320696830749512e-01 2.876531518995761871e-02 6.404980272054672241e-02
9.808161258697509766e-01 6.625394523143768311e-02 1.833307743072509766e-01 -9.048140048980712891e-02 9.877532124519348145e-01 1.271094083786010742e-01
-8.619282245635986328e-01 5.049015879631042480e-01 -4.641287028789520264e-02 3.016380779445171356e-02 -4.031471163034439087e-02 -9.987316131591796875e-01
-9.921170473098754883e-01 1.250413507223129272e-01 -8.273452520370483398e-03 9.889686480164527893e-03 1.231038104742765427e-02 -9.998753666877746582e-01
9.999981522560119629e-01 -1.934495754539966583e-03 1.822093181544914842e-04 1.837075251387432218e-04 7.743116584606468678e-04 -9.999997019767761230e-01
-6.923009175807237625e-03 2.479550838470458984e-01 -9.687468409538269043e-01 -9.851778745651245117e-01 -1.677388399839401245e-01 -3.589307889342308044e-02
9.958884119987487793e-01 8.444732427597045898e-02 3.278568387031555176e-02 3.038125857710838318e-02 2.960221841931343079e-02 -9.990999102592468262e-01
8.312946557998657227e-01 -5.538946986198425293e-01 -4.636625200510025024e-02 -3.204696998000144958e-02 3.551702573895454407e-02 -9.988551139831542969e-01
9.998339414596557617e-01 2.127698855474591255e-03 1.809865422546863556e-02 1.810074225068092346e-02 -9.653057204559445381e-04 -9.998357295989990234e-01
4.854300618171691895e-01 -8.732874989509582520e-01 -4.155198857188224792e-02 -1.456439942121505737e-01 -3.391230478882789612e-02 -9.887557029724121094e-01
-1.366051733493804932e-01 4.448649585247039795e-01 8.851181268692016602e-01 -9.504700303077697754e-01 -3.106725811958312988e-01 9.454347193241119385e-03
4.585615824908018112e-03 -1.478929305449128151e-03 -9.999884366989135742e-01 -9.999890923500061035e-01 -9.437181870453059673e-04 -4.584223031997680664e-03
1.138602942228317261e-02 1.574038714170455933e-01 -9.874687194824218750e-01 -9.995315074920654297e-01 -2.626618929207324982e-02 -1.571199111640453339e-02
9.902875870466232300e-03 2.427133265882730484e-03 -9.999480247497558594e-01 -9.999507665634155273e-01 6.838908884674310684e-04 -9.901243261992931366e-03
-3.631107211112976074e-01 9.314168095588684082e-01 2.476619929075241089e-02 8.855465054512023926e-02 6.095852702856063843e-02 -9.942042827606201172e-01
9.999888539314270020e-01 -4.621841653715819120e-04 4.693371709436178207e-03 4.693193361163139343e-03 -3.864664467982947826e-04 -9.999889135360717773e-01
-7.767471075057983398e-01 6.034966111183166504e-01 1.801550686359405518e-01 -1.147428154945373535e-02 2.724380791187286377e-01 -9.621049165725708008e-01
-9.995496869087219238e-01 -2.988478913903236389e-02 2.720110816881060600e-03 -2.742119133472442627e-03 6.954832933843135834e-04 -9.999960064888000488e-01
3.707042932510375977e-01 -9.284189343452453613e-01 -2.483302354812622070e-02 -2.475789189338684082e-02 1.685018278658390045e-02 -9.995515346527099609e-01
8.705449104309082031e-01 -4.919043183326721191e-01 1.348223257809877396e-02 1.502649039030075073e-01 2.396415323019027710e-01 -9.591623544692993164e-01
8.249196410179138184e-01 -5.619676709175109863e-01 6.082682684063911438e-02 9.907993674278259277e-02 3.781209141016006470e-02 -9.943608045578002930e-01
3.494766354560852051e-01 -9.366726875305175781e-01 -2.259264700114727020e-02 5.825075879693031311e-02 4.578741639852523804e-02 -9.972514510154724121e-01
1.259405445307493210e-02 8.354668021202087402e-01 5.493966341018676758e-01 -9.976481199264526367e-01 4.752125218510627747e-02 -4.939599707722663879e-02
-3.061414659023284912e-01 -9.519546031951904297e-01 -7.739522960036993027e-03 -4.183746874332427979e-02 2.157574146986007690e-02 -9.988914728164672852e-01
9.707929491996765137e-01 -2.399154305458068848e-01 1.272535882890224457e-03 5.326187703758478165e-03 1.624854095280170441e-02 -9.998538494110107422e-01
-3.592345416545867920e-01 -9.285432100296020508e-01 -9.358487278223037720e-02 2.903084158897399902e-01 -1.588152535259723663e-02 -9.568013548851013184e-01
-1.671341061592102051e-01 9.859135746955871582e-01 6.371034309267997742e-03 -2.069426514208316803e-02 2.952515613287687302e-03 -9.997814893722534180e-01
9.436400532722473145e-01 3.644213452935218811e-02 -3.289612233638763428e-01 2.765523269772529602e-02 9.817625284194946289e-01 1.880893707275390625e-01
-7.797691226005554199e-01 -6.217266321182250977e-01 7.359477132558822632e-02 -2.598811089992523193e-01 2.144939005374908447e-01 -9.415169954299926758e-01
-9.343023300170898438e-01 -3.517684638500213623e-01 5.777623876929283142e-02 -7.431241869926452637e-02 3.367736563086509705e-02 -9.966662526130676270e-01
-1.450900267809629440e-02 3.869932591915130615e-01 -9.219684004783630371e-01 -9.976853132247924805e-01 5.566015094518661499e-02 3.906373307108879089e-02
2.046223431825637817e-01 9.788285493850708008e-01 4.940341226756572723e-03 -1.141269952058792114e-01 2.887014299631118774e-02 -9.930465817451477051e-01
8.632933497428894043e-01 4.901639819145202637e-01 1.202664822340011597e-01 -7.317421585321426392e-02 3.573328852653503418e-01 -9.311062097549438477e-01
5.868641287088394165e-02 3.594445288181304932e-01 -9.313192963600158691e-01 -9.534703493118286133e-01 2.965439856052398682e-01 5.436949059367179871e-02
-5.434030294418334961e-02 -3.185136914253234863e-01 9.463594555854797363e-01 -9.736044406890869141e-01 2.273103892803192139e-01 2.060054242610931396e-02
6.833654642105102539e-01 7.200264930725097656e-01 -1.207210347056388855e-01 -2.565787136554718018e-01 8.205050975084304810e-02 -9.630343317985534668e-01
-2.359452843666076660e-02 -2.531599104404449463e-01 -9.671366810798645020e-01 -9.798823595046997070e-01 1.976267099380493164e-01 -2.782573364675045013e-02
1.451994031667709351e-01 9.892879724502563477e-01 1.505166944116353989e-02 -2.387316152453422546e-02 1.871155202388763428e-02 -9.995399117469787598e-01
9.996495246887207031e-01 -2.431499585509300232e-02 1.046972069889307022e-02 1.014462951570749283e-02 -1.345508918166160583e-02 -9.998580217361450195e-01
7.908987812697887421e-03 9.024448692798614502e-03 -9.999280571937561035e-01 -9.999676346778869629e-01 -1.405735267326235771e-03 -7.921987213194370270e-03
-7.706328295171260834e-03 3.301549004390835762e-03 -9.999648928642272949e-01 -9.999669790267944336e-01 2.574280370026826859e-03 7.714843377470970154e-03
1.810347735881805420e-01 -9.832163453102111816e-01 -2.262769825756549835e-02 -1.509239803999662399e-02 2.022773772478103638e-02 -9.996814727783203125e-01
2.603970170021057129e-01 -9.652454853057861328e-01 -2.224008552730083466e-02 4.955310001969337463e-02 3.636537492275238037e-02 -9.981092810630798340e-01
2.707628905773162842e-01 -9.623947739601135254e-01 -2.199476771056652069e-02 6.478614360094070435e-02 4.101404547691345215e-02 -9.970560073852539062e-01
1.028951629996299744e-02 1.848795115947723389e-01 9.827073216438293457e-01 -9.951352477073669434e-01 9.818894416093826294e-02 -8.052920922636985779e-03
-7.955983281135559082e-03 5.153044313192367554e-02 9.986397624015808105e-01 -9.998894333839416504e-01 -1.295799110084772110e-02 -7.297298405319452286e-03
-9.998822808265686035e-01 1.461855322122573853e-02 -4.675485193729400635e-03 4.701092839241027832e-03 1.717828330583870411e-03 -9.999874830245971680e-01
-4.100922942161560059e-01 9.114843606948852539e-01 3.194600716233253479e-02 6.306640803813934326e-02 6.328282505273818970e-02 -9.960010051727294922e-01
9.093058109283447266e-01 -4.161174893379211426e-01 3.011767519637942314e-03 1.254427880048751831e-01 2.672040462493896484e-01 -9.554403424263000488e-01
-6.454102694988250732e-03 3.762480616569519043e-01 -9.264965057373046875e-01 -9.936821460723876953e-01 1.014007404446601868e-01 4.810073226690292358e-02
8.083152174949645996e-01 5.719578862190246582e-01 1.396091729402542114e-01 -6.375670433044433594e-03 2.456179261207580566e-01 -9.693457484245300293e-01
9.344251155853271484e-01 3.557556569576263428e-01 -1.696083880960941315e-02 1.358093041926622391e-02 -8.317747712135314941e-02 -9.964422583580017090e-01
-9.990547895431518555e-01 -4.295028373599052429e-02 6.696651689708232880e-03 -8.448846638202667236e-03 4.074499756097793579e-02 -9.991338253021240234e-01
-9.991043210029602051e-01 -4.175661504268646240e-02 6.856619846075773239e-03 -8.463976904749870300e-03 3.843916952610015869e-02 -9.992250800132751465e-01
2.678135223686695099e-02 1.099603134207427502e-03 -9.996407628059387207e-01 -9.996412992477416992e-01 3.428413183428347111e-04 -2.678099088370800018e-02
-6.090651750564575195e-01 7.755376696586608887e-01 1.660752892494201660e-01 4.976347088813781738e-03 2.131275087594985962e-01 -9.770117402076721191e-01
-9.947289824485778809e-01 1.023371666669845581e-01 -6.429712288081645966e-03 5.602834746241569519e-03 -8.365327492356300354e-03 -9.999493360519409180e-01
-9.999864697456359863e-01 -4.223906900733709335e-03 -3.041704418137669563e-03 3.046777332201600075e-03 -1.195110264234244823e-03 -9.999946355819702148e-01
-9.999837875366210938e-01 4.644230939447879791e-03 -3.302455414086580276e-03 3.304090350866317749e-03 3.444238682277500629e-04 -9.999945163726806641e-01
8.190180659294128418e-01 5.715008378028869629e-01 5.095338821411132812e-02 -9.146496653556823730e-02 2.177140712738037109e-01 -9.717174172401428223e-01
6.420022845268249512e-01 -7.662762999534606934e-01 -2.556618116796016693e-02 8.807397633790969849e-02 1.068330407142639160e-01 -9.903684854507446289e-01
-2.515119267627596855e-03 -3.925414755940437317e-03 9.999891519546508789e-01 -9.999915957450866699e-01 3.257326548919081688e-03 -2.502338727936148643e-03
9.404208064079284668e-01 3.381541371345520020e-01 -3.550463169813156128e-02 -9.423603117465972900e-02 1.588859707117080688e-01 -9.827893376350402832e-01
3.970466786995530128e-04 3.460508584976196289e-01 -9.382156729698181152e-01 -9.740288853645324707e-01 2.125679701566696167e-01 7.799122482538223267e-02
-5.794418975710868835e-02 -3.539248704910278320e-01 9.334772229194641113e-01 -9.943860769271850586e-01 1.033871024847030640e-01 -2.252613194286823273e-02
-6.469274759292602539e-01 7.435499429702758789e-01 1.691698282957077026e-01 7.311129570007324219e-02 2.813050150871276855e-01 -9.568292498588562012e-01
9.998537302017211914e-01 -1.607000082731246948e-02 5.857724696397781372e-03 5.795832257717847824e-03 -3.895305795595049858e-03 -9.999756217002868652e-01
-9.999919533729553223e-01 -3.883909201249480247e-03 1.059544505551457405e-03 -1.059708418324589729e-03 4.013733996544033289e-05 -9.999994635581970215e-01
-9.988439679145812988e-01 -4.754939675331115723e-02 7.061250042170286179e-03 -8.104001171886920929e-03 2.177288942039012909e-02 -9.997301101684570312e-01
-9.974713325500488281e-01 -7.075810432434082031e-02 6.654773373156785965e-03 -7.149582263082265854e-03 6.742003373801708221e-03 -9.999517202377319336e-01
-9.998819231986999512e-01 -1.494162902235984802e-02 3.586094127967953682e-03 -3.601804608479142189e-03 1.024690805934369564e-03 -9.999929666519165039e-01
-1.185436323285102844e-01 9.929484724998474121e-01 8.962990832515060902e-04 2.950199879705905914e-02 4.424373153597116470e-03 -9.995549917221069336e-01
9.998366832733154297e-01 4.921135958284139633e-03 1.739217713475227356e-02 1.739562116563320160e-02 -6.582678179256618023e-04 -9.998484849929809570e-01
9.998659491539001465e-01 4.302495624870061874e-03 1.579939201474189758e-02 1.578903198242187500e-02 2.431747503578662872e-03 -9.998724460601806641e-01
1.643192209303379059e-02 1.895642466843128204e-02 -9.996852874755859375e-01 -9.998134970664978027e-01 -9.836051613092422485e-03 -1.662054471671581268e-02
1.629146374762058258e-02 2.140087774023413658e-03 -9.998649954795837402e-01 -9.998670220375061035e-01 8.056842489168047905e-04 -1.628977246582508087e-02
-9.999973773956298828e-01 2.007589209824800491e-03 -1.080270740203559399e-03 1.078255940228700638e-03 -1.004367251880466938e-03 -9.999989271163940430e-01
-9.999890327453613281e-01 -4.660988692194223404e-03 -5.054848152212798595e-04 5.097871180623769760e-04 -9.218997438438236713e-04 -9.999994635581970215e-01
-6.246718764305114746e-01 -7.760158777236938477e-01 -8.708892017602920532e-02 5.139786750078201294e-02 7.042444497346878052e-02 -9.961921572685241699e-01
9.036699533462524414e-01 4.264712929725646973e-01 -3.876660019159317017e-02 -4.365348815917968750e-02 1.685360446572303772e-03 -9.990453124046325684e-01
-1.565427780151367188e-01 -1.725392416119575500e-02 9.875205159187316895e-01 -1.495795845985412598e-01 9.887287616729736328e-01 -6.436480674892663956e-03
-9.999727010726928711e-01 7.299295160919427872e-03 1.182142528705298901e-03 -1.189840259030461311e-03 -1.050366088747978210e-03 -9.999987483024597168e-01
9.999011158943176270e-01 2.652604132890701294e-03 1.381546817719936371e-02 1.380858011543750763e-02 2.598006045445799828e-03 -9.999012947082519531e-01
-9.997005462646484375e-01 2.444622851908206940e-02 1.130143995396792889e-03 -1.097247353754937649e-03 1.359048066660761833e-03 -9.999985098838806152e-01
9.997814297676086426e-01 -2.053768932819366455e-02 -3.915231674909591675e-03 -4.097872879356145859e-03 -8.858435787260532379e-03 -9.999523758888244629e-01
3.404992073774337769e-02 8.442664742469787598e-01 -5.348408818244934082e-01 -9.583877921104431152e-01 -1.241837739944458008e-01 -2.570432424545288086e-01
3.127992898225784302e-02 7.369455099105834961e-01 -6.752279996871948242e-01 -9.328263401985168457e-01 -2.210971117019653320e-01 -2.845191061496734619e-01
-2.852854132652282715e-01 9.584405422210693359e-01 2.016617683693766594e-03 1.407505758106708527e-02 6.293333601206541061e-03 -9.998811483383178711e-01
9.976699948310852051e-01 -6.618846952915191650e-02 1.654274947941303253e-02 1.695104502141475677e-02 5.611764732748270035e-03 -9.998406171798706055e-01
-9.999517202377319336e-01 9.731898084282875061e-03 -1.397235202603042126e-03 1.362038310617208481e-03 -3.622336313128471375e-03 -9.999925494194030762e-01
-7.622752785682678223e-01 6.182991862297058105e-01 1.914223134517669678e-01 7.758811116218566895e-03 3.044533729553222656e-01 -9.524956345558166504e-01
-5.521588325500488281e-01 8.198116421699523926e-01 1.517548859119415283e-01 5.342491716146469116e-02 2.164337337017059326e-01 -9.748344421386718750e-01
-8.434196710586547852e-01 -5.324506163597106934e-01 7.169155776500701904e-02 -2.835383079946041107e-02 -8.914075046777725220e-02 -9.956153631210327148e-01
-5.480011105537414551e-01 -8.342031240463256836e-01 6.164336204528808594e-02 -2.178375720977783203e-01 7.117262482643127441e-02 -9.733865261077880859e-01
9.999569058418273926e-01 -8.902317495085299015e-04 9.246458299458026886e-03 9.246186353266239166e-03 -3.097981389146298170e-04 -9.999572038650512695e-01
-5.544939041137695312e-01 8.316841125488281250e-01 -2.894925512373447418e-02 2.389940470457077026e-01 1.258258968591690063e-01 -9.628342390060424805e-01
9.596066474914550781e-01 2.785895168781280518e-01 3.928088024258613586e-02 9.927364066243171692e-03 1.060027331113815308e-01 -9.943162798881530762e-01
-8.246824145317077637e-01 5.653656125068664551e-01 1.614624448120594025e-02 -2.076878398656845093e-02 -1.742082647979259491e-03 -9.997828006744384766e-01
-9.999983906745910645e-01 -9.156125597655773163e-04 -1.545326667837798595e-03 1.545184408314526081e-03 1.559511874802410603e-04 -9.999988079071044922e-01
-9.999610185623168945e-01 8.792568929493427277e-03 -8.597393170930445194e-04 8.611438679508864880e-04 1.559545053169131279e-04 -9.999996423721313477e-01
9.999561309814453125e-01 3.094055224210023880e-03 -8.841775357723236084e-03 -8.843862451612949371e-03 6.611808203160762787e-04 -9.999607205390930176e-01
9.948994517326354980e-01 -9.938331693410873413e-02 1.726604253053665161e-02 1.684916578233242035e-02 -5.032522138208150864e-03 -9.998453855514526367e-01
-9.999898076057434082e-01 4.494055174291133881e-03 -5.241723265498876572e-04 5.245161592029035091e-04 7.532755989814177155e-05 -9.999998807907104492e-01
-9.999596476554870605e-01 8.783724159002304077e-03 -1.909530838020145893e-03 1.893115462735295296e-03 -1.876790891401469707e-03 -9.999964833259582520e-01
3.380177170038223267e-02 -4.858782142400741577e-02 -9.982467889785766602e-01 -9.988676309585571289e-01 3.181654214859008789e-02 -3.537140414118766785e-02
9.402434229850769043e-01 -3.404995799064636230e-01 1.515745185315608978e-03 -3.981593996286392212e-03 -1.544560119509696960e-02 -9.998728036880493164e-01
5.229469537734985352e-01 -8.522383570671081543e-01 -1.470493618398904800e-02 -4.746338725090026855e-02 -1.189046632498502731e-02 -9.988022446632385254e-01
-5.812022369354963303e-03 1.383291650563478470e-02 9.998874664306640625e-01 -9.999818801879882812e-01 -1.675768522545695305e-03 -5.789387505501508713e-03
-5.943614058196544647e-03 1.059219241142272949e-02 9.999262690544128418e-01 -9.999823570251464844e-01 -3.281041281297802925e-04 -5.940471775829792023e-03
-8.091106414794921875e-01 1.165106333792209625e-02 5.875409245491027832e-01 -1.377899851649999619e-02 9.991524219512939453e-01 -3.878865391016006470e-02
2.740892232395708561e-04 -3.815919533371925354e-02 9.992716312408447266e-01 -9.999454617500305176e-01 -1.044393330812454224e-02 -1.245485327672213316e-04
-1.818974763154983521e-01 9.833074808120727539e-01 4.446021746844053268e-03 7.561430335044860840e-02 1.849531382322311401e-02 -9.969656467437744141e-01
7.590312957763671875e-01 6.453087329864501953e-01 8.630242943763732910e-02 -9.606102108955383301e-02 2.421115934848785400e-01 -9.654814004898071289e-01
2.624533176422119141e-01 9.646611213684082031e-01 2.339181117713451385e-02 -2.768566086888313293e-02 3.175958245992660522e-02 -9.991120696067810059e-01
-9.359101057052612305e-01 3.514306545257568359e-01 2.384959161281585693e-02 8.308590203523635864e-02 2.860532402992248535e-01 -9.546048045158386230e-01
9.569139219820499420e-03 4.101539552211761475e-01 -9.119661450386047363e-01 -9.998721480369567871e-01 -7.761935703456401825e-03 -1.398243196308612823e-02
1.084783487021923065e-02 4.174886941909790039e-01 -9.086173772811889648e-01 -9.966082572937011719e-01 7.864262908697128296e-02 2.423612214624881744e-02
-1.050689141266047955e-03 -1.133245881646871567e-02 9.999352693557739258e-01 -9.999838471412658691e-01 5.606141872704029083e-03 -9.872047230601310730e-04
5.390930920839309692e-02 -4.290529713034629822e-02 -9.976236224174499512e-01 -9.978475570678710938e-01 -3.967217728495597839e-02 -5.221520364284515381e-02
3.698249459266662598e-01 -9.287863969802856445e-01 -2.419506385922431946e-02 -2.340130135416984558e-02 1.672146655619144440e-02 -9.995863437652587891e-01
-7.705585099756717682e-03 5.986810103058815002e-02 9.981765747070312500e-01 -9.995896816253662109e-01 -2.800154872238636017e-02 -6.037031766027212143e-03
-9.977621436119079590e-01 -6.682866811752319336e-02 2.152524655684828758e-03 -2.162258606404066086e-03 7.333086978178471327e-05 -9.999976754188537598e-01
-6.272296309471130371e-01 -7.777085900306701660e-01 4.186148941516876221e-02 -1.834774017333984375e-01 9.531271457672119141e-02 -9.783923625946044922e-01
-5.848659202456474304e-04 -3.183021023869514465e-02 9.994931221008300781e-01 -9.999946951866149902e-01 -3.183609340339899063e-03 -6.865457980893552303e-04
-1.628362573683261871e-03 -2.891204878687858582e-02 9.995806813240051270e-01 -9.998096227645874023e-01 1.948343962430953979e-02 -1.065192976966500282e-03
9.008604884147644043e-01 4.322746396064758301e-01 3.986297175288200378e-02 -6.710290908813476562e-02 2.293867766857147217e-01 -9.710195064544677734e-01
5.763041973114013672e-01 8.169741630554199219e-01 2.065920643508434296e-02 4.588608816266059875e-02 -7.108452264219522476e-03 -9.989213943481445312e-01
7.817517518997192383e-01 6.197549104690551758e-01 6.905158609151840210e-02 -7.589980214834213257e-02 2.044743150472640991e-01 -9.759249687194824219e-01
5.490161180496215820e-01 8.320770263671875000e-01 7.892507314682006836e-02 -3.797348588705062866e-02 1.191637665033340454e-01 -9.921482205390930176e-01
9.984724521636962891e-01 -4.742983728647232056e-02 2.834000810980796814e-02 3.025616519153118134e-02 4.018166288733482361e-02 -9.987342357635498047e-01
-5.662916228175163269e-03 -1.561921685934066772e-01 -9.877104759216308594e-01 -9.992841482162475586e-01 3.783150017261505127e-02 -2.532340586185455322e-04
1.836944743990898132e-02 -6.156830862164497375e-02 -9.979338049888610840e-01 -9.990649223327636719e-01 3.794082254171371460e-02 -2.073105797171592712e-02
2.099521160125732422e-01 9.775699973106384277e-01 1.664694771170616150e-02 -7.068195939064025879e-02 3.215780854225158691e-02 -9.969804883003234863e-01
9.852157235145568848e-01 -7.615039497613906860e-02 -1.534639596939086914e-01 4.942270368337631226e-02 9.840307831764221191e-01 -1.709997206926345825e-01
9.991397261619567871e-01 3.803786635398864746e-02 1.652199588716030121e-02 1.652843318879604340e-02 1.453024888178333640e-04 -9.998634457588195801e-01
-9.754465222358703613e-01 2.197792828083038330e-01 -1.418216060847043991e-02 7.526287809014320374e-03 -3.109215945005416870e-02 -9.994882345199584961e-01
-9.870698451995849609e-01 1.599238514900207520e-01 -1.084110699594020844e-02 1.643307507038116455e-02 3.368541225790977478e-02 -9.992973804473876953e-01
9.950708746910095215e-01 9.312137216329574585e-02 -3.409355506300926208e-02 -2.958519384264945984e-02 -4.937281832098960876e-02 -9.983421564102172852e-01
1.578723639249801636e-02 3.378000259399414062e-01 -9.410855174064636230e-01 -9.633857607841491699e-01 2.570869028568267822e-01 7.611930370330810547e-02
8.780753016471862793e-01 -4.781970977783203125e-01 -1.764597743749618530e-02 9.423521161079406738e-02 2.089551985263824463e-01 -9.733743071556091309e-01
8.919576406478881836e-01 4.498965740203857422e-01 4.477388411760330200e-02 -8.347256481647491455e-02 2.611971199512481689e-01 -9.616696238517761230e-01
9.969309568405151367e-01 7.825323194265365601e-02 -2.282571746036410332e-03 -5.959456902928650379e-04 -2.157001942396163940e-02 -9.997671842575073242e-01
-9.996426105499267578e-01 2.667490579187870026e-02 -1.768661662936210632e-03 1.927757170051336288e-03 5.939702969044446945e-03 -9.999805092811584473e-01
9.998705983161926270e-01 -1.125147007405757904e-02 -1.150150690227746964e-02 -1.159663219004869461e-02 -8.425966836512088776e-03 -9.998973011970520020e-01
-3.733755729626864195e-04 -1.749347448348999023e-01 9.845799803733825684e-01 -9.999394416809082031e-01 -1.076631434261798859e-02 -2.292099874466657639e-03
-9.650843739509582520e-01 2.615153193473815918e-01 -1.490151230245828629e-02 1.662115380167961121e-02 4.364953842014074326e-03 -9.998523592948913574e-01
-2.608199603855609894e-02 -9.996263980865478516e-01 8.178916759788990021e-03 8.163009770214557648e-03 -8.394400589168071747e-03 -9.999314546585083008e-01
1.287640351802110672e-02 -2.578232670202851295e-03 -9.999138116836547852e-01 -9.999160766601562500e-01 -1.477672602050006390e-03 -1.287262327969074249e-02
9.954997897148132324e-01 9.472444653511047363e-02 2.727327868342399597e-03 3.168140072375535965e-03 -4.503548610955476761e-03 -9.999848604202270508e-01
-9.832806587219238281e-01 -1.792072355747222900e-01 3.231038525700569153e-02 -4.069755971431732178e-02 4.332340881228446960e-02 -9.982318878173828125e-01
3.375597894191741943e-01 -9.409910440444946289e-01 -2.427669055759906769e-02 7.010263204574584961e-02 5.084990710020065308e-02 -9.962428808212280273e-01
4.132435023784637451e-01 -9.101999402046203613e-01 -2.767500095069408417e-02 2.945465594530105591e-02 4.373593628406524658e-02 -9.986088275909423828e-01
-7.290482521057128906e-02 9.973388314247131348e-01 -3.785085573326796293e-04 6.823456287384033203e-02 4.609272349625825882e-03 -9.976586699485778809e-01
5.605226755142211914e-01 8.279547095298767090e-01 1.747381500899791718e-02 2.859390713274478912e-02 1.738150604069232941e-03 -9.995896220207214355e-01
3.554302267730236053e-03 -3.761048316955566406e-01 9.265703558921813965e-01 -9.847903847694396973e-01 -1.622733622789382935e-01 -6.209085881710052490e-02
2.420660294592380524e-02 2.760504558682441711e-02 -9.993258118629455566e-01 -9.996999502182006836e-01 -3.083887742832303047e-03 -2.430085279047489166e-02
9.435970783233642578e-01 -3.310833871364593506e-01 -2.911584917455911636e-03 2.367140259593725204e-04 9.468361735343933105e-03 -9.999551773071289062e-01
9.999398589134216309e-01 -7.632552296854555607e-04 1.094221230596303940e-02 1.094212662428617477e-02 -1.150851167039945722e-04 -9.999401569366455078e-01
9.703891873359680176e-01 2.409066855907440186e-01 1.757349446415901184e-02 1.811321824789047241e-02 -2.599228173494338989e-05 -9.998359680175781250e-01
-5.104672163724899292e-02 -2.823750302195549011e-02 -9.982969760894775391e-01 -9.984486699104309082e-01 -2.081651054322719574e-02 5.164328962564468384e-02
9.407814145088195801e-01 3.373255431652069092e-01 3.379230573773384094e-02 4.360022023320198059e-02 -2.153990231454372406e-02 -9.988168478012084961e-01
-9.999995827674865723e-01 -7.122881943359971046e-04 6.138755124993622303e-04 -6.138843018561601639e-04 1.212566985486773774e-05 -9.999998211860656738e-01
-8.427930064499378204e-03 4.373895935714244843e-03 9.999549388885498047e-01 -9.999638795852661133e-01 -1.176271820440888405e-03 -8.422860875725746155e-03
8.915213346481323242e-01 4.525634050369262695e-01 1.939124055206775665e-02 7.560399826616048813e-03 2.793611399829387665e-02 -9.995811581611633301e-01
1.946250647306442261e-01 1.603703573346138000e-02 -9.807466268539428711e-01 1.023189947009086609e-01 9.940795898437500000e-01 3.655983135104179382e-02
-4.926845431327819824e-01 -8.697163462638854980e-01 2.924721129238605499e-02 -5.924346670508384705e-02 -8.625909686088562012e-06 -9.982435703277587891e-01
-7.820325903594493866e-03 -2.986618550494313240e-03 9.999649524688720703e-01 -9.999694228172302246e-01 1.501870283391326666e-04 -7.819911465048789978e-03
1.643092371523380280e-02 9.395186207257211208e-04 -9.998645782470703125e-01 -9.998650550842285156e-01 2.004336965910624713e-05 -1.643091440200805664e-02
-9.999793767929077148e-01 4.588403739035129547e-03 -4.493811167776584625e-03 4.491023253649473190e-03 -6.177719333209097385e-04 -9.999897480010986328e-01
8.439670205116271973e-01 5.354852080345153809e-01 3.123088553547859192e-02 2.328190952539443970e-02 2.159905061125755310e-02 -9.994956254959106445e-01
8.843967914581298828e-01 4.661921858787536621e-01 2.252239920198917389e-02 2.157759852707386017e-02 7.364740129560232162e-03 -9.997400641441345215e-01
-9.999955296516418457e-01 9.775988291949033737e-04 -2.821221947669982910e-03 2.820777008309960365e-03 -4.562263493426144123e-04 -9.999959468841552734e-01
-5.062988400459289551e-01 -1.569199413061141968e-01 8.479608297348022461e-01 1.743377894163131714e-01 9.443759918212890625e-01 2.788553535938262939e-01
-9.997489452362060547e-01 2.232314646244049072e-02 1.947288634255528450e-03 -2.172957174479961395e-03 -1.008938252925872803e-02 -9.999467730522155762e-01
-9.995427727699279785e-01 3.016672842204570770e-02 2.058839891105890274e-03 -2.232411177828907967e-03 -5.721174646168947220e-03 -9.999811649322509766e-01
-9.930486083030700684e-01 -1.171648651361465454e-01 1.126327645033597946e-02 -1.220618933439254761e-02 7.333301007747650146e-03 -9.998986721038818359e-01
9.243837594985961914e-01 3.813124299049377441e-01 -1.074963901191949844e-02 -1.732409559190273285e-02 1.381311751902103424e-02 -9.997545480728149414e-01
-9.995489120483398438e-01 -2.972077950835227966e-02 4.332690034061670303e-03 -4.371491260826587677e-03 1.240670215338468552e-03 -9.999897480010986328e-01
-9.065452031791210175e-03 1.997819403186440468e-03 -9.999569654464721680e-01 -9.999586939811706543e-01 -7.538903737440705299e-04 9.063960984349250793e-03
-7.643440272659063339e-03 1.941608497872948647e-03 -9.999689459800720215e-01 -9.999705553054809570e-01 -6.899672443978488445e-04 7.642113137990236282e-03
-8.717410266399383545e-02 -9.961093068122863770e-01 -1.292098313570022583e-02 -3.413566201925277710e-02 1.594960875809192657e-02 -9.992899298667907715e-01
-9.980034828186035156e-01 -6.281287968158721924e-02 6.599428132176399231e-03 -7.639842107892036438e-03 1.633797772228717804e-02 -9.998373985290527344e-01
-9.998233914375305176e-01 -1.857730001211166382e-02 2.846003975719213486e-03 -2.871491946280002594e-03 1.345464377664029598e-03 -9.999949932098388672e-01
4.598676227033138275e-03 1.517591532319784164e-03 -9.999883174896240234e-01 -9.999892115592956543e-01 -6.634987657889723778e-04 -4.599687643349170685e-03
-9.999915361404418945e-01 -2.726574661210179329e-03 -3.095572814345359802e-03 3.091094549745321274e-03 1.645156531594693661e-03 -9.999939203262329102e-01
-7.626652121543884277e-01 -6.014120299369096756e-03 6.467655301094055176e-01 8.238640427589416504e-02 9.909082651138305664e-01 1.063641905784606934e-01
9.999991059303283691e-01 6.555879372172057629e-04 1.184489345178008080e-03 1.184247317723929882e-03 3.694495535455644131e-04 -9.999992251396179199e-01
-9.992261528968811035e-01 -3.884962946176528931e-02 6.158294621855020523e-03 -6.352120079100131989e-03 4.867656622081995010e-03 -9.999679923057556152e-01
-1.281166356056928635e-02 -3.561757802963256836e-01 9.343311786651611328e-01 -9.677841663360595703e-01 2.393979430198669434e-01 7.799035310745239258e-02
9.681655764579772949e-01 -2.489029318094253540e-01 -2.651093341410160065e-02 -5.080939829349517822e-02 -9.171082824468612671e-02 -9.944885373115539551e-01
3.068057000637054443e-01 -9.514718055725097656e-01 -2.391087822616100311e-02 3.411443158984184265e-02 3.609972447156906128e-02 -9.987657666206359863e-01
7.586033344268798828e-01 6.365953683853149414e-01 1.388069242238998413e-01 -2.333864010870456696e-02 2.394528537988662720e-01 -9.706274867057800293e-01
9.824467301368713379e-01 -1.865428984165191650e-01 4.180402611382305622e-04 3.431459423154592514e-03 1.583142764866352081e-02 -9.998688697814941406e-01
5.508748888969421387e-01 -8.337675333023071289e-01 -3.699425235390663147e-02 -4.903133213520050049e-02 1.191818341612815857e-02 -9.987261295318603516e-01
9.913990497589111328e-01 1.262765973806381226e-01 3.438192233443260193e-02 2.993846498429775238e-02 3.691970184445381165e-02 -9.988697171211242676e-01
2.653262391686439514e-02 -2.360905054956674576e-03 -9.996452331542968750e-01 -9.996472597122192383e-01 1.140551175922155380e-03 -2.653537318110466003e-02
-1.904323250055313110e-01 -9.816119074821472168e-01 -1.317612826824188232e-02 -3.637036308646202087e-02 2.046709135174751282e-02 -9.991287589073181152e-01
3.112417273223400116e-02 9.667231887578964233e-02 -9.948295354843139648e-01 -9.988126158714294434e-01 4.032942652702331543e-02 -2.732978388667106628e-02
9.870079346001148224e-03 9.366923011839389801e-03 -9.999074935913085938e-01 -9.999471306800842285e-01 -2.800117246806621552e-03 -9.896702133119106293e-03
-8.659081906080245972e-02 3.313612565398216248e-02 -9.956927895545959473e-01 6.201587617397308350e-02 9.976876974105834961e-01 2.780927903950214386e-02
-1.747512607835233212e-03 3.116104193031787872e-02 9.995128512382507324e-01 -9.995695948600769043e-01 2.921520546078681946e-02 -2.658431883901357651e-03
9.840583801269531250e-01 -1.778396666049957275e-01 -1.482934341765940189e-03 6.368739996105432510e-03 4.357131570577621460e-02 -9.990300536155700684e-01
9.984837770462036133e-01 -5.503281205892562866e-02 -1.258973847143352032e-03 -2.821498783305287361e-04 1.775401271879673004e-02 -9.998424053192138672e-01
3.734229207038879395e-01 -9.274573326110839844e-01 -1.944940164685249329e-02 -1.021416783332824707e-01 -2.026873081922531128e-02 -9.945634007453918457e-01
4.471381902694702148e-01 8.944249153137207031e-01 -8.460021577775478363e-03 8.429610170423984528e-03 -1.367150060832500458e-02 -9.998710155487060547e-01
2.726453170180320740e-02 -1.246817316859960556e-02 9.995505213737487793e-01 2.302026934921741486e-02 9.996649026870727539e-01 1.184167992323637009e-02
-2.267193943262100220e-01 -9.738562107086181641e-01 -1.422685850411653519e-02 -1.661929041147232056e-01 5.307541787624359131e-02 -9.846639037132263184e-01
4.863319545984268188e-02 3.638590499758720398e-02 -9.981537461280822754e-01 -4.323719441890716553e-02 9.984762072563171387e-01 3.429100662469863892e-02
2.945405617356300354e-02 -7.559174895286560059e-01 -6.540040969848632812e-01 -9.995563030242919922e-01 -2.517870627343654633e-02 -1.591422222554683685e-02
7.591142505407333374e-02 9.969567060470581055e-01 1.774531230330467224e-02 5.516778677701950073e-02 1.357008516788482666e-02 -9.983848929405212402e-01
-9.999975562095642090e-01 -1.685687690041959286e-03 -1.415026490576565266e-03 1.417043968103826046e-03 -1.196234603412449360e-03 -9.999982714653015137e-01
6.742133945226669312e-02 9.975863099098205566e-01 1.661273650825023651e-02 6.378425657749176025e-02 1.230692863464355469e-02 -9.978877902030944824e-01
9.983469247817993164e-01 -4.962669685482978821e-02 2.899398282170295715e-02 2.686839550733566284e-02 -4.297569766640663147e-02 -9.987147450447082520e-01
9.357980489730834961e-01 3.524499535560607910e-01 7.817657664418220520e-03 1.271070819348096848e-02 -1.157086808234453201e-02 -9.998522996902465820e-01
8.863115310668945312e-01 -4.630799591541290283e-01 -2.984695369377732277e-03 -3.110378421843051910e-02 -5.309797078371047974e-02 -9.981048107147216797e-01
