v -0.065096075 0.389309 0.011834115
v -0.0715304125 0.38820225 -0.0045980225
v -0.06699035 0.3879585 -0.0322749875
v -0.0774407875 0.385998625 -0.020930535
v -0.0768915375 0.38524375 0.01942653625
v -0.087417425 0.382946875 0.00570038
v -0.0693007125 0.38554275 -0.04779395
v -0.0976146 0.3794815 -0.007852278625
v -0.0895462875 0.38033953125 -0.0388556484375
v -0.0579885625 0.38614325 -0.05885925
v -0.105795103125 0.37499796875 -0.0281021909219
v -0.1113416375 0.373364125 -0.00394046425
v -0.0806368515625 0.37863559375 -0.0659979546875
v -0.098050971875 0.374537125 -0.0555682140625
v -0.114450190625 0.369021890625 -0.0446002796875
v -0.12130575 0.368427875 -0.017122127375
v -0.059190525 0.382335375 -0.074822575
v -0.0886434359375 0.371630453125 -0.0825509078125
v -0.1228130375 0.3621535625 -0.0608060953125
v -0.1300325 0.3625825 -0.0335787625
v -0.106272870312 0.367609203125 -0.071837078125
v -0.070270253125 0.374181109375 -0.0928340609375
v -0.04821095 0.376345125 -0.101842825
v -0.04720075 0.381565 -0.0862601375
v -0.130812453125 0.353748390625 -0.076312171875
v -0.09656010625 0.363295875 -0.0984318453125
v -0.138373875 0.355472375 -0.0496189625
v -0.114196015625 0.3592778125 -0.0875450640625
v -0.0782929078125 0.365679171875 -0.1089528375
v -0.1463645 0.346741 -0.06479135
v -0.10433265625 0.353735546875 -0.113735215625
v -0.121760653125 0.349639484375 -0.102679675
v -0.138268328125 0.344007375 -0.091237675
v -0.0597056953125 0.366538484375 -0.119082073437
v -0.03263295 0.374634875 -0.112234
v -0.067801484375 0.35653303125 -0.13464559375
v -0.153712625 0.3369065 -0.0795424
v -0.129044796875 0.338789546875 -0.117145679688
v -0.145266625 0.3330994375 -0.105490378125
v -0.0862799609375 0.35594159375 -0.12443808125
v -0.160475375 0.3259935 -0.093714775
v -0.11181074375 0.342733328125 -0.128321796875
v -0.0409126453125 0.3657411875 -0.1286441875
v -0.049077375 0.3555653125 -0.144264875
v 0.0681147375 0.38662975 0.029862075
v -0.056955525 0.343936359375 -0.1589250625
v -0.0756117671875 0.345061296875 -0.14929846875
v -0.017028925 0.37176675 -0.122324375
v -0.135980125 0.326594890625 -0.1306801875
v -0.151867765625 0.32098959375 -0.118840764062
v -0.0939408546875 0.34469653125 -0.139052546875
v -0.0185061025 0.3642605 -0.136711
v -0.172677875 0.30070525 -0.1189415
v -0.177914125 0.286479625 -0.12998325
v -0.16683075 0.313891125 -0.1068613625
v -0.101294720313 0.332128859375 -0.152751203125
v -0.118992878125 0.33035765625 -0.142019359375
v -0.158226484375 0.3077615625 -0.131262015625
v -0.06448925 0.330892578125 -0.1724439375
v -0.0301071221875 0.352956875 -0.15304890625
v -0.180417875 0.2738765 -0.14013675
v -0.0830921140625 0.33226315625 -0.16295225
v 0.0055531375 0.368739875 -0.1296695
v -0.1640784375 0.293342890625 -0.142607046875
v -0.125879328125 0.316782953125 -0.154667640625
v -0.0380282078125 0.341152203125 -0.1675896875
v -0.07168593125 0.3167725 -0.184917921875
v -0.108337178125 0.318423625 -0.16546678125
v 0.01512779 0.374711375 -0.11577625
v -0.142589109375 0.313157421875 -0.143157046875
v -0.0456761921875 0.328076734375 -0.18110734375
v -0.0901871609375 0.318290265625 -0.175538640625
v -0.0041711625 0.361383625 -0.142817375
v -0.01105597325 0.3490278125 -0.161004578125
v -0.132425640625 0.30204425 -0.166066734375
v -0.179948125 0.228791875 -0.17641125
v -0.17465175 0.26131875 -0.161602875
v -0.1719615 0.27509275 -0.152417875
v -0.148865359375 0.2986119375 -0.154614390625
v -0.096960978125 0.303381890625 -0.18691884375
v 0.0314987625 0.372808625 -0.11708975
v -0.178796125 0.243928125 -0.169287125
v -0.138533140625 0.28625928125 -0.176157578125
v -0.0190609904375 0.337127953125 -0.175441859375
v -0.053063103125 0.313809625 -0.19348325
v -0.078625503125 0.301571171875 -0.196174359375
v -0.06015898125 0.298216046875 -0.204385484375
v -0.0268268960625 0.323847640625 -0.1887756875
v 0.024498265625 0.363528921875 -0.13669971875
v 0.0161941484375 0.354414015625 -0.15271440625
v 0.0079449058125 0.343971828125 -0.1680375625
v -0.170470625 0.2278735 -0.18730925
v -0.154622515625 0.28278015625 -0.164808875
v -0.1150382 0.30361659375 -0.1768981875
v 0.042348775 0.375895375 -0.105732625
v 0.0514136078125 0.36511790625 -0.1262978125
v -0.17134925 0.212429 -0.193449375
v -0.1644533125 0.24853003125 -0.181509078125
v -0.1599526875 0.266025515625 -0.1737485
v -0.034416373125 0.309319390625 -0.200909890625
v -0.103384753125 0.287390671875 -0.196800703125
v -0.0852093609375 0.285267796875 -0.205868953125
v 0.0580829125 0.372926625 -0.1061212625
v -0.152703671875 0.23395475 -0.199368578125
v -0.1488535 0.2519376875 -0.192810859375
v -0.14416159375 0.269559296875 -0.185106875
v -0.0001739160625 0.331924546875 -0.18231575
v -0.0669461484375 0.28167303125 -0.2138925625
v -0.0488487640625 0.276823125 -0.22090353125
v -0.0417895796875 0.29353590625 -0.2115880625
v 0.043326553125 0.35740703125 -0.1429681875
v 0.0267970395625 0.337719625 -0.17401253125
v -0.17171875 0.196587625 -0.1982885
v -0.1560465 0.215615484375 -0.204622203125
v -0.13218990625 0.2535919375 -0.20319759375
v -0.121344667188 0.2877690625 -0.186910984375
v -0.00814926809375 0.31846853125 -0.1954599375
v 0.0684492 0.374646375 -0.094124475
v 0.03509396875 0.348126703125 -0.1588151875
v 0.01851827675 0.3254485 -0.1879775
v -0.16140225 0.1944525 -0.2074425
v -0.0159502378125 0.30364903125 -0.20727015625
v -0.0734993125 0.26436884375 -0.22203584375
v -0.0913813796875 0.2682248125 -0.2142153125
v -0.0235344029688 0.28772178125 -0.2177265625
v -0.109360554688 0.27064209375 -0.205407265625
v -0.0796473484375 0.246314546875 -0.228656953125
v -0.0972882859375 0.25046353125 -0.221304671875
v -0.127211921875 0.271172875 -0.19564771875
v -0.114872109375 0.2530998125 -0.212790109375
v 0.0620083890625 0.35010328125 -0.148211140625
v -0.15981825 0.18085875 -0.21178125
v -0.136214375 0.235408046875 -0.20955828125
v 0.002255260625 0.297065125 -0.21250025
v -0.05567289375 0.259311765625 -0.228777015625
v -0.0308785175 0.270902765625 -0.2267974375
v 0.0102894770625 0.311961703125 -0.2009315
v 0.0538369625 0.34088659375 -0.1640409375
v 0.0699080703125 0.35784175 -0.131546203125
v 0.0848610125 0.3689695 -0.0963249125
v 0.0775147875 0.364054171875 -0.114179535937
v 0.045432075 0.33028534375 -0.17892765625
v 0.036947484375 0.318199015625 -0.192787921875
v -0.14360925 0.197882484375 -0.21842203125
v -0.140055921875 0.216770359375 -0.214707
v -0.119446617187 0.234861765625 -0.21886534375
v -0.06214575 0.2411094375 -0.2351693125
v -0.0379590046875 0.2533093125 -0.234383484375
v -0.00548380109375 0.28102525 -0.222653609375
v -0.102600695312 0.231989796875 -0.227001390625
v 0.0988099027778 0.246488472222 -0.222558277778
v -0.0683488 0.222467078125 -0.24050496875
v -0.0447625046875 0.235160921875 -0.24075140625
v -0.0203341307812 0.246629734375 -0.23895653125
v -0.0130458998438 0.264201671875 -0.23154846875
v 0.0803815203125 0.341568359375 -0.152378890625
v 0.16551875 0.26013825 -0.172414625
v -0.12373634375 0.21561909375 -0.223577671875
v -0.085454975 0.227771015625 -0.234237875
v 0.0722812359375 0.332365703125 -0.168149390625
v 0.102160875 0.360664375 -0.1002354
v 0.0953307578125 0.35555315625 -0.118289065625
v 0.0637648484375 0.321783640625 -0.18286284375
v -0.12793371875 0.19617678125 -0.227232765625
v -0.147107125 0.178497125 -0.22062425
v -0.0909128625 0.208634015625 -0.2385120625
v -0.050053275 0.213386875 -0.24703775
v -0.0274523357813 0.22854909375 -0.24504775
v -0.107496809375 0.212739515625 -0.23155596875
v 0.0880748484375 0.34935396875 -0.135736484375
v 0.0550186328125 0.3098645 -0.1965175625
v 0.0284433645312 0.304650984375 -0.205400609375
v -0.13196825 0.17642325 -0.2292795
v 0.0201866134375 0.289778703125 -0.2167688125
v -0.0729945 0.20022075 -0.245814625
v -0.034435975 0.210093875 -0.249970125
v -0.008950255 0.218342375 -0.249448875
v -0.002907699375 0.23941084375 -0.242381328125
v 0.00456444 0.256846296875 -0.235130375
v 0.0122517395312 0.273710890625 -0.22661365625
v 0.0462264015625 0.296457078125 -0.208848796875
v 0.037746015625 0.281680328125 -0.219864203125
v -0.05896585 0.200504125 -0.24877075
v 0.10158995 0.331745625 -0.15393425
v 0.090322409375 0.3226406875 -0.171226203125
v 0.11278325 0.346102125 -0.1214295
v 0.11621075 0.35184575 -0.105131625
v 0.0817189140625 0.312201984375 -0.185863203125
v -0.1106702375 0.190231875 -0.23607525
v -0.1180955 0.17614275 -0.23555
v 0.0296644839063 0.26576746875 -0.22948346875
v 0.0155808075 0.228678 -0.246012625
v 0.1058393875 0.339687375 -0.1389065
v 0.07265955625 0.300532609375 -0.19926203125
v 0.063465046875 0.287473265625 -0.211275625
v -0.018642875 0.2063745 -0.252077875
v 0.0057454075 0.217322875 -0.249829375
v 0.0219197176563 0.24902671875 -0.23771346875
v 0.1161255 0.361690875 -0.0764742
v 0.0547877140625 0.272966171875 -0.2220098125
v -0.081648275 0.18695275 -0.2463865
v -0.0962184875 0.189043625 -0.24159625
v 0.1023423625 0.375722125 -0.037766775
v 0.101791425 0.3732775 -0.0551802875
v 0.0467071890625 0.257318671875 -0.231387328125
v 0.0991372953125 0.3013223125 -0.187900609375
v 0.0401897375 0.23765975 -0.24061675
v 0.030274725 0.22700375 -0.24556
v 0.104724 0.37624975 -0.01796647
v 0.1145914875 0.366121 -0.0615350375
v 0.130771625 0.352380125 -0.080524625
v 0.1127865125 0.3213315 -0.159648
v 0.11119475 0.311428625 -0.1718175
v 0.089643875 0.28999284375 -0.20098184375
v 0.0800027859375 0.27766928125 -0.212745
v 0.07116651875 0.26375653125 -0.223091359375
v 0.1038696875 0.376850125 -0.00031506125
v 0.1226233125 0.3671975625 -0.0198918113125
v 0.120289670312 0.36674078125 -0.03968115
v 0.13662775 0.33273625 -0.11928225
v 0.1423345 0.33728925 -0.1008885
v 0.1344956875 0.354883125 -0.0610551265625
v 0.116057720313 0.28879890625 -0.189098375
v 0.0956025640625 0.266795578125 -0.213481453125
v 0.063387625 0.24835415625 -0.232093640625
v 0.05589825 0.232097125 -0.240063
v 0.107390390625 0.37391871875 0.0214999580625
v 0.13748096875 0.356408734375 -0.041346853125
v 0.125191125 0.298806375 -0.174787375
v 0.106031029688 0.278071265625 -0.2020700625
v 0.086474128125 0.25433278125 -0.22325253125
v 0.0898939 0.381979625 0.006494895
v 0.124349046875 0.366552234375 -0.0001501600625
v 0.132745875 0.326275 -0.135096
v 0.14459625 0.341984375 -0.084191125
v 0.142204375 0.35564475 -0.019246575
v 0.150764234375 0.34321290625 -0.062427925
v 0.08142695 0.23606625 -0.232565125
v 0.08479815 0.382780375 0.02224713375
v 0.135856625 0.273308125 -0.188550375
v 0.1096935625 0.254422921875 -0.21428415625
v 0.071588325 0.226173375 -0.238661125
v 0.12809175 0.363387875 0.0215762375
v 0.141498875 0.35628625 -0.00175135
v 0.1518318125 0.319865046875 -0.120576125
v 0.15759234375 0.324322 -0.102089614063
v 0.164681375 0.32645975 -0.0807266
v 0.121354135938 0.2641104375 -0.20303315625
v 0.15596075 0.3433365 -0.0403207
v 0.138941625 0.2843695 -0.17724525
v 0.0994560625 0.232201625 -0.228111
v 0.0888661421875 0.378307328125 0.04404055625
v 0.127054875 0.361623625 0.038396775
v 0.142402 0.315393875 -0.140462375
v 0.14021775 0.307236 -0.153507625
v 0.153719 0.346832875 -0.0251129875
v 0.1659425 0.330211 -0.063453375
v 0.1343125 0.2469780625 -0.205085640625
v 0.140425625 0.35611 0.0156767125
v 0.165955359375 0.305673828125 -0.121474203125
v 0.174088 0.308657 -0.1006440375
v 0.146812125 0.255261625 -0.19243575
v 0.11972135 0.235254875 -0.218631
v 0.092002971875 0.37309128125 0.0631865046875
v 0.108714207812 0.370832359375 0.0405233328125
v 0.159172328125 0.300459390625 -0.139363671875
v 0.16647325 0.333182375 -0.0459467625
v 0.127805 0.224098625 -0.2189065
v 0.110579634375 0.365970453125 0.059142359375
v 0.1512455 0.294404625 -0.156430625
v 0.174127125 0.314900625 -0.086107475
v 0.093835375 0.365773875 0.0847906
v 0.112934859375 0.359423625 0.077414096875
v 0.065802275 0.384577625 0.0483755875
v 0.12865 0.35690325 0.0568729375
v 0.1613895 0.280660625 -0.159331875
v 0.178733734375 0.290213390625 -0.122099734375
v 0.15497575 0.23688175 -0.196272125
v 0.143329875 0.228192375 -0.20818025
v 0.17200221875 0.285255234375 -0.14014684375
v 0.18451325 0.294373125 -0.10349125
v 0.1151200875 0.351520125 0.09554805
v 0.07223525 0.37708 0.0732631375
v 0.130222875 0.350677125 0.0749484375
v 0.15706425 0.271989125 -0.17169075
v 0.0533036 0.38485675 0.0604876375
v 0.12921375 0.344892875 0.0909948875
v 0.18361525 0.269091875 -0.140684
v 0.190365875 0.27387375 -0.122498875
v 0.1939935 0.27937875 -0.106138875
v 0.1003542125 0.35820025 0.0968898375
v 0.0800238625 0.37048825 0.0857543625
v 0.0581615875 0.380249625 0.074792675
v 0.17541025 0.2635175 -0.1581135
v -0.07947391875 0.3855745625 0.00055117875
v -0.08254665 0.3839545 0.014257695
v -0.0697733 0.3874925 0.01778565
v -0.066764 0.3893015 0.00407101
v -0.08876718125 0.3823660625 -0.016608055625
v -0.09218265 0.381543 -0.002824155
v -0.07614865 0.3867435 -0.01326734
v -0.08109945625 0.3825131875 -0.04391829375
v -0.08510835625 0.3827308125 -0.030340475
v -0.0722289 0.387041 -0.0265812
v -0.0682025 0.386839 -0.04006755
v -0.09777719375 0.3778391875 -0.0335487
v -0.1013096375 0.3774595 -0.0197264574375
v -0.0586325 0.384325 -0.06680975
v -0.07161026875 0.380087625 -0.0709446625
v -0.07659725 0.381650875 -0.05743308125
v -0.06372035 0.38593 -0.05328925
v -0.0894611375 0.3767785 -0.06086668125
v -0.09384759375 0.3775910625 -0.04726489375
v -0.11360294375 0.3718016875 -0.0226208636875
v -0.116729 0.3708335 -0.0088246595
v -0.10448555 0.376501 -0.0059203595
v -0.1063742 0.37193225 -0.050119925
v -0.110167075 0.372147375 -0.03638623125
v -0.1222983125 0.3658640625 -0.03908774375
v -0.12573 0.365666 -0.02538205
v -0.06633651875 0.377851 -0.08442429375
v -0.07952125 0.373096125 -0.087748925
v -0.08465153125 0.37529875 -0.0743658625
v -0.09757666875 0.3698006875 -0.07724193125
v -0.10219511875 0.3712294375 -0.0637656125
v -0.1146839625 0.365058375 -0.06635143125
v -0.1186690875 0.3657356875 -0.0527660375
v -0.1306631875 0.358900125 -0.055222175
v -0.134244 0.359212 -0.0416866
v -0.0477266 0.3790695 -0.0940438
v -0.0609505875 0.3748688125 -0.09780439375
v -0.053201 0.3820345 -0.08057955
v -0.07426736875 0.3701016875 -0.1009896
v -0.087483425 0.36468525 -0.10373813125
v -0.0926147125 0.3676208125 -0.09056719375
v -0.10548225 0.361483 -0.09303315
v -0.1102770625 0.363617625 -0.0797626
v -0.1226475625 0.3567115 -0.08197060625
v -0.1268713125 0.3581403125 -0.06864304375
v -0.13866625 0.3503528125 -0.07057215625
v -0.1424315 0.3512815 -0.05728925
v -0.0556099875 0.3710266875 -0.11099941875
v -0.06902925625 0.3663056875 -0.11407679375
v -0.03677918125 0.3702798125 -0.1204951875
v -0.05033545 0.36635125 -0.12394075
v -0.0420862 0.375189 -0.1075695
v -0.11801805 0.354612875 -0.09518735625
v -0.13015075 0.34702 -0.0970015625
v -0.134605 0.34903025 -0.08384876875
v -0.1460695625 0.3405645 -0.0854067875
v -0.1501205 0.3419525 -0.07221915
v -0.0823119125 0.36098 -0.1167857
v -0.0953713125 0.3550625 -0.119138575
v -0.1004743625 0.3586816875 -0.1061619875
v -0.1131418625 0.3519029375 -0.1082532375
v -0.06377876875 0.36171425 -0.126969875
v -0.07708073125 0.356430625 -0.1296085
v -0.09015263125 0.350501375 -0.131859875
v -0.10294185 0.3439425 -0.1337435625
v -0.1081101625 0.34841475 -0.121129125
v -0.120530875 0.3409995625 -0.122794875
v -0.1254413125 0.3443743125 -0.11001221875
v -0.1372950625 0.336151625 -0.11135709375
v -0.1418218125 0.33870125 -0.09846373125
v -0.1529444375 0.329646625 -0.09960679375
v -0.157154 0.3315935 -0.08673085
v -0.045020575 0.3608354375 -0.1365688125
v -0.05847008125 0.35625225 -0.139545125
v -0.0177705 0.3681185 -0.129585
v -0.03143140625 0.3647055 -0.13318375
v -0.0231318 0.3737165 -0.1168465
v -0.05305745 0.3499335625 -0.1517281875
v -0.066322125 0.3446995625 -0.15421375
v -0.07174611875 0.350973875 -0.142092
v -0.08482441875 0.345064875 -0.144241125
v -0.1154382625 0.3367053125 -0.1352913125
v -0.1276021875 0.3287209375 -0.13642375
v -0.132555875 0.332857375 -0.12404075
v -0.1440625625 0.324011875 -0.1248005
v -0.1486039375 0.3271895 -0.11228105625
v -0.159414 0.31754575 -0.11285705625
v -0.1637075 0.3200865 -0.10042445
v -0.0976555625 0.33856425 -0.1460175625
v -0.110216325 0.3314726875 -0.1474551875
v -0.02603481375 0.3583003125 -0.1454050625
v -0.03961421875 0.35444925 -0.148762625
v -0.034103575 0.3472286875 -0.1604448125
v -0.047512 0.342728375 -0.1633705
v -0.04188505625 0.334763875 -0.1744804375
v -0.05509835 0.3296656875 -0.176891125
v -0.060766325 0.337569875 -0.1658218125
v -0.073829475 0.331761375 -0.167794375
v -0.079397525 0.3388198125 -0.156254375
v -0.09225025625 0.332389 -0.157927375
v -0.12247475 0.3237173125 -0.148487625
v -0.13435225 0.3152050625 -0.1489795
v -0.139323125 0.3200191875 -0.13704675
v -0.1505616875 0.310686125 -0.1372604375
v -0.155092125 0.314517875 -0.1251745
v -0.16554 0.304354125 -0.125134125
v -0.1698255 0.307426 -0.113027
v -0.006964445 0.3544111875 -0.1534159375
v -0.020582595 0.351141 -0.15713425
v -0.01238531 0.3616815 -0.141785
v -0.1612203125 0.300707875 -0.1370830625
v -0.1710985 0.290025 -0.136341125
v -0.175374 0.293743 -0.124625
v -0.1668056875 0.2856526875 -0.147803375
v -0.176163 0.2745485 -0.146323
v -0.1802985 0.2788555 -0.134922
v -0.08668425625 0.3254050625 -0.169384625
v -0.0993224 0.31855125 -0.1705903125
v -0.10485629375 0.3254146875 -0.15924975
v -0.1171985625 0.317845 -0.1601613125
v -0.1457823125 0.30603675 -0.1490276875
v -0.1566495 0.2962058125 -0.1486890625
v -0.0494036875 0.3211038125 -0.1874606875
v -0.06238360625 0.3154814375 -0.1893249375
v -0.0681237 0.3239629375 -0.1788169375
v -0.08096439375 0.3177030625 -0.1803185
v -0.015088948 0.3432603125 -0.168353125
v -0.02854080625 0.3392844375 -0.17162225
v 0.020344325 0.3591451875 -0.1447911875
v 0.006697575 0.3570903125 -0.1492978125
v 0.0013733 0.364369 -0.1378185
v 0.0150342 0.3661978125 -0.1332371875
v 0.02330995 0.373845 -0.1164555
v 0.0286463825 0.36752425 -0.1284256875
v 0.00967341 0.3725985 -0.1212515
v -0.151800875 0.29083775 -0.159872875
v -0.162225 0.280446625 -0.1588618125
v -0.11173426875 0.3111575625 -0.171355875
v -0.123836375 0.3030623125 -0.1715739375
v -0.1292020625 0.30955325 -0.1605309375
v -0.1407796875 0.3005594375 -0.16041025
v -0.02296972175 0.33065 -0.1822510625
v -0.03624219375 0.32612175 -0.185064
v -0.05665 0.3061586875 -0.1991178125
v -0.069393775 0.3000746875 -0.200411125
v -0.0751922 0.3093128125 -0.190724
v -0.0878157875 0.30267125 -0.1916593125
v -0.0936140375 0.3109635 -0.1814014375
v -0.106057425 0.3037100625 -0.1820058125
v -0.0306442675 0.3167420625 -0.1950106875
v -0.04373010625 0.3117368125 -0.1973365625
v 0.01205732375 0.349376375 -0.1604836875
v -0.001542593 0.3466435 -0.1646458125
v 0.0038679495 0.3381399375 -0.1753145625
v -0.0095999555 0.334685625 -0.1790221875
v -0.11823960625 0.2958008125 -0.182074875
v -0.13006075 0.287260625 -0.181624875
v -0.13553275 0.294272 -0.17126425
v -0.1467228125 0.28474175 -0.1705631875
v -0.1717184375 0.2463103125 -0.1754651875
v -0.1663621875 0.2395919375 -0.1848749375
v -0.175214 0.2283455 -0.1818995
v -0.1804865 0.23497 -0.1725475
v -0.1623163125 0.2573541875 -0.177787875
v -0.176844 0.2527145 -0.165609
v -0.1673810625 0.2637491875 -0.1677328125
v -0.1573639375 0.274505125 -0.169428125
v -0.172241 0.2697305 -0.1573585
v -0.0819688375 0.293534875 -0.2012081875
v -0.09431341875 0.2865310625 -0.201451
v -0.100224075 0.2955025625 -0.1920366875
v -0.11242391875 0.287807875 -0.1919618125
v 0.04738848125 0.361464 -0.1347311875
v 0.0339283375 0.360606375 -0.1399519375
v 0.042130625 0.3682725 -0.123272625
v 0.0502416 0.374502 -0.105957
v 0.055405425 0.368389375 -0.1176985625
v 0.0369731 0.3744115 -0.1114795
v -0.1243595625 0.2795801875 -0.1914315625
v -0.1358224375 0.2706283125 -0.1904745625
v -0.1414365625 0.278028875 -0.1807808125
v -0.1522089375 0.267993625 -0.1795356875
v -0.00418106175 0.3253695 -0.1890421875
v -0.0174608405 0.3213013125 -0.192257
v -0.03813775 0.30156575 -0.206427125
v -0.0509595 0.2960295 -0.2081133125
v -0.06358465 0.29004675 -0.209307375
v -0.076072025 0.283639625 -0.2100108125
v -0.04535304375 0.285284625 -0.216418375
v -0.05787646875 0.2793945 -0.2175301875
v -0.012074315625 0.311215375 -0.2015350625
v -0.02515366125 0.30661375 -0.20422825
v 0.03922433125 0.352926375 -0.1509783125
v 0.02566026875 0.35140475 -0.1558780625
v 0.03094761875 0.3431126875 -0.1665324375
v 0.01739388325 0.3409965625 -0.1711594375
v 0.0226539895 0.3317828125 -0.1811379375
v 0.00920091325 0.3288118125 -0.1852750625
v -0.15442425 0.2248325625 -0.2021810625
v -0.1637516875 0.2141665 -0.199113125
v -0.1699045 0.2216185 -0.1909375
v -0.1605781875 0.232468875 -0.19381125
v -0.1568133125 0.2504248125 -0.187284625
v -0.1508629375 0.2429846875 -0.196238
v 0.06599360625 0.3541619375 -0.1399751875
v 0.05269505 0.35390775 -0.1457228125
v 0.06068548125 0.361634875 -0.129053875
v 0.0684677625 0.3678305 -0.11170570625
v 0.07374855 0.3611363125 -0.122940375
v -0.15759225 0.206300875 -0.20663875
v -0.1665365 0.195527 -0.202954
v -0.1726385 0.2031535 -0.19551
v -0.1466268125 0.2608290625 -0.1891086875
v -0.019771068125 0.2958085 -0.2126678125
v -0.03264346875 0.290756125 -0.2148031875
v -0.08833423125 0.2768338125 -0.210200125
v -0.10036446875 0.2696404375 -0.2099335
v -0.1064244375 0.279111375 -0.201256625
v -0.1183505 0.2711651875 -0.2006353125
v -0.07026261875 0.273117125 -0.218150125
v -0.082430425 0.2664598125 -0.218254
v 0.07606255 0.372603 -0.09386165
v 0.081206525 0.366603875 -0.10528551875
v 0.06330405 0.3738645 -0.10019405
v -0.13815875 0.226129 -0.2122950625
v -0.1481260625 0.2164874375 -0.2098219375
v -0.144542 0.234927875 -0.2045928125
v -0.1406289375 0.2530116875 -0.1981068125
v -0.1342715 0.2445641875 -0.2065263125
v -0.129829375 0.2624858125 -0.1995705625
v 0.0143897095 0.3188629375 -0.1946000625
v 0.001102580125 0.3153350625 -0.1983365
v -0.0522973625 0.268162625 -0.225029
v -0.06457575 0.2619753125 -0.225547125
v -0.03445358125 0.2621884375 -0.2307585625
v -0.0468039 0.25641075 -0.2317146875
v -0.0398488125 0.273978 -0.2239924375
v -0.02723783875 0.279416875 -0.2224449375
v 0.05795565 0.3456721875 -0.156237875
v 0.04449328125 0.3446440625 -0.1615521875
v 0.0411971 0.3244289375 -0.18600125
v 0.02777191875 0.3219356875 -0.1905004375
v 0.036147075 0.3341429375 -0.1765979375
v 0.0496539 0.3357644375 -0.171605875
v -0.1418571875 0.2073754375 -0.2167644375
v -0.151407 0.1977351875 -0.213497
v -0.11724303125 0.24409475 -0.21600025
v -0.127842 0.2354150625 -0.2143393125
v -0.1235866875 0.2536235625 -0.2081083125
v -0.11221053125 0.26196025 -0.2092554375
v 0.00623876875 0.304680375 -0.2068976875
v -0.00681437 0.300454375 -0.210014125
v 0.0326817375 0.311599375 -0.1992489375
v 0.019406195625 0.30840925 -0.20328975
v -0.1453588125 0.18822975 -0.2196344375
v -0.1545865 0.178648 -0.215801
v -0.1606265 0.187845 -0.20969
v -0.00164337125 0.289162125 -0.2177408125
v -0.014475618125 0.2844645 -0.2203260625
v -0.0589494125 0.2502791875 -0.2321298125
v -0.070878175 0.24382125 -0.232016
v -0.07662148125 0.255418 -0.2255055
v -0.08846089375 0.2485461875 -0.2251060625
v -0.0943887375 0.2594326875 -0.217928125
v -0.106099 0.2520139375 -0.217194125
v -0.009292703125 0.272708375 -0.227272875
v -0.0219397825 0.2676410625 -0.2293190625
v -0.0652807375 0.2318470625 -0.2379774375
v -0.0768880875 0.225231125 -0.23749475
v -0.0825951375 0.2371084375 -0.2315880625
v -0.0940474375 0.2300251875 -0.23073275
v -0.10001200625 0.2413234375 -0.2243110625
v -0.11104996875 0.233661 -0.2230658125
v 0.07638435 0.337140125 -0.1603856875
v 0.06310376875 0.3367840625 -0.1662333125
v 0.07124113125 0.345988375 -0.1504285
v 0.0790432 0.353756875 -0.1337801875
v 0.08428003125 0.3456528125 -0.144161625
v -0.1216061875 0.2253175625 -0.221364875
v -0.131901625 0.21645225 -0.2192720625
v 0.016182950625 0.2818705 -0.22187325
v 0.00342436125 0.277445 -0.224761125
v 0.0112599725 0.293516625 -0.214768625
v 0.024275870625 0.2973748125 -0.21125925
v -0.0413907625 0.2443008125 -0.237727375
v -0.05344245 0.23822225 -0.238103
v -0.01671921375 0.2554953125 -0.23543025
v -0.02912844375 0.2500445 -0.23680675
v 0.06806489375 0.3272426875 -0.175637375
v 0.054640125 0.3261656875 -0.1810136875
v 0.0864718125 0.3599509375 -0.1163733875
v 0.0917609375 0.3526323125 -0.1271060625
v 0.09877676875 0.3581818125 -0.1093042
v 0.0935615 0.364981 -0.0984336
v 0.059410625 0.316001125 -0.189839
v 0.04603061875 0.314164125 -0.194784
v 0.05060528125 0.303343125 -0.20285025
v 0.0373916125 0.3006601875 -0.2072534375
v -0.1299639375 0.1863260625 -0.2283815
v -0.139556 0.1776905 -0.225126
v -0.1357895 0.19729 -0.222999625
v -0.1258516875 0.2059233125 -0.2255825625
v -0.10509515 0.22244 -0.22942975
v -0.11563325 0.214356875 -0.227684375
v -0.04808788125 0.225887625 -0.24341675
v -0.0598391375 0.2195404375 -0.243270125
v -0.023912136875 0.237645375 -0.242165625
v -0.03610014375 0.2319266875 -0.243048875
v 0.0083798375 0.2653605625 -0.231031125
v -0.004210161875 0.260593375 -0.2334768125
v -0.0882169875 0.218273625 -0.2365454375
v -0.0992314875 0.2108409375 -0.23515625
v -0.0545285 0.206967 -0.2479625
v -0.0659895 0.2003835 -0.2473725
v -0.0713443625 0.2129445 -0.2427026875
v -0.0826165125 0.206091625 -0.24165025
v -0.03095383125 0.21934775 -0.247593125
v -0.042916 0.2133785 -0.2480865
v -0.00656933 0.23049875 -0.2455189375
v -0.018816049375 0.2250576875 -0.246800375
v -0.011597979375 0.2430784375 -0.240804875
v 0.0008027425 0.248194875 -0.238916125
v 0.0944057125 0.32739825 -0.1634979375
v 0.0813569 0.32766075 -0.16980925
v 0.0894178 0.3368485625 -0.1540663125
v 0.09698699375 0.34460675 -0.13739575
v 0.10218555 0.3360055 -0.1473725
v -0.1098071125 0.2029538125 -0.233339875
v -0.120027875 0.194761875 -0.2311244375
v 0.086088 0.31757375 -0.178688375
v 0.07279986875 0.317138875 -0.1844819375
v 0.115989 0.3487805 -0.1123665
v 0.10408354375 0.3508931875 -0.119928375
v 0.110656 0.3560465 -0.101778
v 0.109386 0.343062 -0.1302675
v 0.07723158125 0.3065299375 -0.1927294375
v 0.0639088375 0.305333625 -0.1980175
v -0.114425 0.1832305 -0.235844
v -0.124379 0.1748905 -0.233058
v -0.0773759 0.1936315 -0.246144
v -0.0883262 0.1865215 -0.244568
v -0.0935742875 0.1988699375 -0.2401390625
v -0.10413395 0.191225 -0.238379
v -0.0138044 0.212385 -0.2508055
v -0.0259325 0.206685 -0.25155
v 0.06803639375 0.294185 -0.2054359375
v 0.05492319375 0.292061875 -0.21018725
v 0.041937825 0.2892264375 -0.2145249375
v 0.02902203125 0.2858211875 -0.218450375
v 0.0336574375 0.273847875 -0.224852125
v 0.021001204375 0.2698100625 -0.22817625
v 0.005748999375 0.2356471875 -0.2437154375
v 0.01066673 0.223041 -0.2479635
v -0.00161362 0.2178725 -0.249724
v 0.013274914375 0.2529905625 -0.2365354375
v 0.01812208 0.240463875 -0.241417625
v 0.025759548125 0.2574775 -0.233753
v 0.05904846875 0.2803835625 -0.2168055625
v 0.04633835625 0.277392375 -0.2210611875
v 0.0506838375 0.265271375 -0.2268724375
v 0.03823330625 0.2616080625 -0.230569875
v 0.112012 0.316481 -0.1657935
v 0.0991694125 0.317277 -0.1724135625
v 0.10721805 0.326637 -0.1568605
v 0.1036218125 0.3065658125 -0.1807994375
v 0.0904957125 0.3069435625 -0.186998875
v 0.09445376875 0.2957839375 -0.19461625
v 0.0812291125 0.2954225625 -0.200229375
v 0.04282811875 0.2491275625 -0.235548375
v 0.03049730625 0.2449553125 -0.2386859375
v 0.0352468 0.232376 -0.243149
v 0.0229181 0.227885 -0.245863
v 0.08478025625 0.2839911875 -0.207032875
v 0.07183501875 0.2826899375 -0.21212075
v 0.0754513375 0.2709174375 -0.218093875
v 0.06308275 0.2684105625 -0.2226785625
v 0.1259486875 0.3601544375 -0.06021774375
v 0.1326883125 0.3537025 -0.07080865
v 0.122184 0.357587 -0.0796155
v 0.11541 0.3639825 -0.0690073
v 0.0671889375 0.2562074375 -0.2277493125
v 0.05508565 0.252886125 -0.2318876875
v 0.11882324375 0.3660486875 -0.04952544375
v 0.10822395 0.3697655 -0.05837765
v 0.10077795 0.3750185 -0.0475881
v 0.11136780625 0.37132925 -0.038740675
v 0.113724 0.3718144375 -0.018949222125
v 0.1215461875 0.3671156875 -0.02979338125
v 0.1036435 0.376122 -0.027882
v 0.0596316125 0.2402806875 -0.23615025
v 0.04745895 0.236513 -0.23995
v 0.111147725 0.283517125 -0.195776375
v 0.0979302125 0.2842328125 -0.20158175
v 0.10765069375 0.2952969375 -0.1885800625
v 0.116635 0.3055175 -0.1742405
v 0.12069308125 0.29385825 -0.182038375
v 0.115431125 0.3712451875 0.00081074225
v 0.1235515625 0.3670105625 -0.010006114
v 0.1056265 0.376137 -0.00805288
v 0.129004375 0.361761125 -0.040554775
v 0.1360844375 0.35578025 -0.05122650625
v 0.1427763125 0.3492370625 -0.0617915125
v 0.14899575 0.3420818125 -0.072213175
v 0.1390745 0.3467795 -0.081295
v 0.10077556875 0.2725196875 -0.207977125
v 0.087938025 0.2723686875 -0.21317075
v 0.0907332375 0.260832125 -0.2185669375
v 0.078982075 0.2590350625 -0.223272125
v 0.083131775 0.247001 -0.2275571875
v 0.07163205 0.2437665 -0.232027875
v 0.08759435 0.382449 0.014333285
v 0.0976795 0.3778925625 0.022844925625
v 0.10684666875 0.374883125 0.0117470385
v 0.09697225 0.3794555 0.003073155
v 0.1167068125 0.3695270625 0.020353646625
v 0.125033875 0.365820125 0.00966217975
v 0.1387116875 0.3567834375 -0.03144023125
v 0.13132125 0.3622175625 -0.020754074625
v 0.1329925625 0.36150725 -0.0009828165
v 0.140784 0.3568195 -0.01165555
v 0.148556 0.3172353125 -0.129562125
v 0.137636 0.320882 -0.1378275
v 0.1333755 0.330002 -0.1282545
v 0.1443055 0.326397375 -0.1199596875
v 0.1500520625 0.3309111875 -0.101521375
v 0.154851 0.322230875 -0.111416125
v 0.1396055 0.335151 -0.1101585
v 0.1547408125 0.3343568125 -0.08248150625
v 0.160034625 0.326127625 -0.09260408125
v 0.1448405 0.339194 -0.0914775
v 0.1456885 0.3507020625 -0.0420426875
v 0.1522821875 0.3440530625 -0.052559825
v 0.1270076875 0.2690493125 -0.196762375
v 0.11388923125 0.271437 -0.20248775
v 0.1243801875 0.2817596875 -0.1895166875
v 0.1337215 0.291354 -0.175183
v 0.137567 0.279062 -0.182792
v 0.10365296875 0.24976 -0.219226875
v 0.0935873875 0.2497363125 -0.22306425
v 0.10295823125 0.260957375 -0.2137605625
v 0.11558835625 0.2592206875 -0.20888
v 0.07637865 0.231128 -0.2357265
v 0.06435145 0.2275735 -0.23987
v 0.0879572 0.3801304375 0.0342566625
v 0.09891689375 0.3748516875 0.042030225
v 0.10799984375 0.37258325 0.03107781875
v 0.1180099375 0.366345 0.03937133125
v 0.126418 0.363461 0.02892105
v 0.1479995 0.3513195 -0.02217415
v 0.1549125 0.345174 -0.0327378
v 0.09919403125 0.2402395625 -0.225081875
v 0.08943775 0.234617 -0.230676
v 0.134257 0.3598405 0.0186625
v 0.1421095 0.3554875 0.00811575
v 0.158433125 0.3368073125 -0.0629653875
v 0.1642795 0.3291545 -0.07329125
v 0.1612445 0.338314 -0.0431338
v 0.1673565 0.3310175 -0.05352925
v 0.0666781 0.3858485 0.03873205
v 0.0788101 0.381103625 0.046702875
v 0.07622985 0.3848905 0.02589525
v 0.1406205625 0.2511470625 -0.19884325
v 0.1282750625 0.255872 -0.203904625
v 0.1400695 0.2649845 -0.1912475
v 0.1105269 0.2342415 -0.222922
v 0.11549709375 0.2467610625 -0.2153283125
v 0.1277714375 0.2427001875 -0.2109978125
v 0.162714375 0.3031861875 -0.130523125
v 0.1522531875 0.3075776875 -0.138897625
v 0.15905525 0.3129458125 -0.1210705625
v 0.1647780625 0.3173105625 -0.10252858125
v 0.1689313125 0.307923625 -0.1122541875
v 0.169462 0.3207385 -0.08344315
v 0.1741825 0.311856 -0.09338615
v 0.0713443125 0.380505875 0.0601994375
v 0.0828190125 0.3755383125 0.06627490625
v 0.09028749375 0.375961875 0.0536748375
v 0.101308225 0.3698570625 0.0608581875
v 0.1095726625 0.3686216875 0.0498792125
v 0.1196620625 0.36156625 0.057891425
v 0.1278215 0.3594395 0.04770325
v 0.1552931875 0.297492125 -0.1479585625
v 0.144443 0.3013485 -0.1559685
v 0.1414 0.3113815 -0.147014
v 0.1349155 0.2246125 -0.214668
v 0.1241105 0.22976 -0.21876
v 0.1391269375 0.237685 -0.2065596875
v 0.152691 0.24531 -0.1936675
v 0.150936 0.231729 -0.201579
v 0.1755239375 0.28785075 -0.1312189375
v 0.165758125 0.293006875 -0.1397850625
v 0.1725116875 0.29808325 -0.12181825
v 0.1783035 0.302356 -0.103246
v 0.1816875 0.2923498125 -0.1128325
v 0.07611345 0.3738885 0.0794531
v 0.0870314 0.3681705 0.08534675
v 0.09379429375 0.36969275 0.07260255625
v 0.1042351875 0.3629971875 0.0793256375
v 0.11173955 0.362897875 0.068309675
v 0.1681126875 0.2824201875 -0.1488401875
v 0.157795 0.28709 -0.156928
v 0.12159 0.3552103125 0.076045525
v 0.1294725 0.3540095 0.0659383
v 0.10691635 0.354904 0.0974975
v 0.1140480125 0.355567375 0.0864885625
v 0.0971351 0.362137 0.09064625
v 0.123264 0.3473205 0.0941203
v 0.130835 0.346825 0.08395245
v 0.0535278 0.382801 0.06874225
v 0.06532435 0.3787715 0.07400465
v 0.0593696 0.384848 0.0546631
v 0.170657 0.260493 -0.166419
v 0.160058 0.265274 -0.1740815
v 0.159327 0.2763725 -0.1655135
v 0.1697118125 0.271521625 -0.157715875
v 0.17789625 0.2772395625 -0.1404340625
v 0.179716 0.266391 -0.149517
v 0.187149 0.2715985 -0.131669
v 0.184631 0.2821035625 -0.1223156875
v 0.1904015 0.2861285 -0.103679
v 0.1933145 0.2758805 -0.1132005
v -0.074655325 0.386628 0.0091643525
v -0.08416565 0.38414325 -0.0080457475
v -0.07670465 0.38486525 -0.035275925
v -0.093315175 0.380275 -0.025117375
v -0.067664325 0.383089 -0.062179175
v -0.085332375 0.3798085 -0.05245595
v -0.109076275 0.374246 -0.01428755475
v -0.1021208 0.37502775 -0.041877025
v -0.1180015 0.36897875 -0.0308864
v -0.07556015 0.3767655 -0.079461275
v -0.093543475 0.3734505 -0.069128275
v -0.1105656 0.36864425 -0.058294975
v -0.12651975 0.3625445 -0.047228475
v -0.057047825 0.3785555 -0.0892647
v -0.08350085 0.369053 -0.095827525
v -0.101558 0.36580525 -0.08520885
v -0.11871825 0.36106925 -0.07423855
v -0.134726 0.354811 -0.062982425
v -0.064965225 0.37076675 -0.106053175
v -0.046217225 0.37086 -0.1158095
v -0.126451 0.35201975 -0.089561875
v -0.142442 0.34560125 -0.0780543
v -0.09145345 0.360042 -0.1115218
v -0.1093442 0.35685275 -0.10071895
v -0.0730802 0.361542 -0.121941
v -0.0991974 0.349686 -0.1265485
v -0.11687325 0.346622 -0.115623
v -0.133769 0.34173825 -0.104278875
v -0.14956525 0.33525075 -0.09260755
v -0.054428075 0.361483 -0.1318545
v -0.0272881 0.36929925 -0.12506825
v -0.06243645 0.350656 -0.147007
v -0.080993525 0.3509265 -0.137042
v -0.12410725 0.33502525 -0.1297355
v -0.14071825 0.33023725 -0.1181995
v -0.1562225 0.32373875 -0.106354725
v -0.1066148 0.337862 -0.14071575
v -0.035548725 0.35975875 -0.14108675
v -0.04360205 0.34876725 -0.15619675
v -0.05134385 0.33634825 -0.17026525
v -0.07012205 0.33838825 -0.161139
v -0.08857925 0.338881 -0.1512055
v -0.1310155 0.3221085 -0.1428385
v -0.147352 0.31749225 -0.1311545
v -0.1625335 0.31108625 -0.1191195
v -0.01650113 0.3565075 -0.1495205
v -0.1683925 0.29734325 -0.130893
v -0.1736655 0.28237075 -0.1414235
v -0.095829675 0.325603 -0.164399
v -0.1137465 0.32480275 -0.153952
v -0.15366675 0.30360125 -0.14311725
v -0.05877625 0.3227195 -0.18325825
v -0.07743765 0.32485825 -0.1741915
v -0.02459535 0.3453895 -0.1645045
v 0.01086505 0.36183 -0.141361
v 0.01917833 0.37013025 -0.12489975
v -0.15949225 0.288468 -0.15394
v -0.12056575 0.31059225 -0.16603825
v -0.1376175 0.30802775 -0.1548465
v -0.032420375 0.33285725 -0.1784785
v -0.065926475 0.30792325 -0.1950495
v -0.084427525 0.31032 -0.1861635
v -0.102733325 0.311262 -0.17647125
v -0.0400144 0.31909175 -0.1913695
v 0.00255847 0.35204225 -0.15707425
v -0.005595942 0.34085175 -0.171968
v -0.12699875 0.295273 -0.1767595
v -0.14380725 0.292783 -0.1656415
v -0.17352725 0.237364 -0.17877975
v -0.1696655 0.25511225 -0.171761
v -0.16487775 0.2722005 -0.16344625
v -0.091117925 0.294719 -0.19673875
v -0.109289675 0.29587025 -0.187158
v 0.0380407 0.36464275 -0.131707
v 0.046193 0.37149025 -0.1146595
v -0.13303025 0.2790615 -0.1862
v -0.149549 0.276479 -0.17519825
v -0.013553012 0.32816375 -0.18578975
v -0.047382425 0.3040265 -0.20290675
v -0.072774425 0.2919655 -0.205389
v -0.054449475 0.2878145 -0.2129895
v -0.02132917 0.3141135 -0.19841025
v 0.02979865 0.35616875 -0.14799675
v 0.021521825 0.34638925 -0.1636325
v 0.013287008 0.335101 -0.17835825
v -0.16222725 0.22336375 -0.196643
v -0.1587855 0.24148775 -0.190696
v 0.056716925 0.35796625 -0.13748575
v 0.0646029 0.36492925 -0.12045575
v -0.1651705 0.20487125 -0.2011435
v -0.15462575 0.2592845 -0.1835645
v -0.028929975 0.2988155 -0.20968975
v -0.09738175 0.27817525 -0.20584525
v -0.115454 0.27958825 -0.19645125
v -0.079290175 0.275141 -0.21430425
v 0.07227865 0.37031975 -0.102818075
v -0.14636975 0.2257485 -0.20738425
v -0.14266025 0.244016 -0.201496
v -0.1383525 0.26191375 -0.19443825
v 0.005135313 0.32223825 -0.191956
v -0.0612646 0.2707825 -0.22173025
v -0.04336215 0.265283 -0.22803075
v -0.0362795 0.282473 -0.219577
v 0.048617675 0.34944375 -0.1537365
v 0.03196165 0.32823325 -0.1836925
v 0.04033035 0.3395785 -0.16919525
v -0.1497935 0.20715425 -0.2118575
v -0.12579075 0.24461175 -0.21138525
v -0.121084 0.2624925 -0.204523
v -0.0028849125 0.308057 -0.204352
v 0.023575725 0.3153365 -0.19704325
v -0.1530015 0.1882165 -0.2147465
v -0.0106729975 0.2925775 -0.2153345
v -0.0677718 0.25296975 -0.22893825
v -0.085494325 0.25758625 -0.22184475
v -0.103303125 0.2609155 -0.21372775
v -0.018237055 0.2761535 -0.22500175
v -0.0739203 0.23458525 -0.23489275
v -0.09130915 0.2393655 -0.2280675
v -0.108653375 0.24294925 -0.22029875
v 0.067215225 0.341563 -0.158449
v 0.0751861 0.3500635 -0.142204
v -0.12988625 0.2259915 -0.216956
v 0.0073102025 0.285602 -0.21993775
v 0.0152964575 0.3011275 -0.20920875
v -0.05015845 0.247384 -0.235067
v -0.025566275 0.25892375 -0.2332355
v 0.05890215 0.33164825 -0.17374925
v 0.0828055 0.357037 -0.12516175
v 0.09004095 0.36254575 -0.1074398
v 0.05034745 0.3203465 -0.1880435
v 0.041696125 0.307592 -0.2011805
v -0.13768075 0.1875265 -0.22418525
v -0.13386625 0.2069085 -0.22132425
v -0.1133725 0.22408875 -0.2255195
v -0.05667255 0.228945 -0.240838
v -0.0326382 0.24104625 -0.2400885
v -0.0004203375 0.269107 -0.22928375
v -0.0966841 0.22050625 -0.2331055
v -0.0629326 0.20999675 -0.2453975
v -0.07977145 0.21572825 -0.23974825
v -0.039518875 0.2226835 -0.245656
v -0.0152239475 0.23412325 -0.243974
v -0.00793138 0.2519095 -0.2373115
v 0.085450975 0.3324275 -0.16206375
v 0.093261025 0.34091175 -0.1458375
v -0.1178445 0.20458975 -0.229585
v 0.077131925 0.3225605 -0.17728225
v 0.107408825 0.3535485 -0.110902
v 0.10060205 0.34792325 -0.1287595
v 0.06838455 0.311408 -0.1914075
v -0.122205 0.18484775 -0.23220575
v -0.0854694 0.19633625 -0.24319775
v -0.10170195 0.2010615 -0.2368555
v -0.02238105 0.2158955 -0.2492655
v 0.0593956 0.2988815 -0.2042705
v 0.033164725 0.29339875 -0.21302325
v 0.0249701 0.277941 -0.22349525
v 0.0020560175 0.22679075 -0.24680575
v 0.00948867 0.24438 -0.240281
v 0.0171076175 0.26148025 -0.23251175
v 0.050569975 0.284885 -0.2157885
v 0.04223075 0.2696255 -0.22599225
v 0.103239175 0.3220255 -0.164703
v 0.094917875 0.3122545 -0.17986025
v 0.085914075 0.30132975 -0.19378525
v 0.034332175 0.25336375 -0.23478225
v 0.02669865 0.2364455 -0.2423375
v 0.076496975 0.2892315 -0.20634125
v 0.0673606 0.27573125 -0.21756775
v 0.12411775 0.35893875 -0.069937325
v 0.0590105 0.260783 -0.2274495
v 0.109854975 0.37062675 -0.048572525
v 0.11264425 0.37171425 -0.028855375
v 0.05125 0.2447575 -0.23600025
v 0.1028724 0.289869 -0.19526375
v 0.112200075 0.30047075 -0.1815075
v 0.11464675 0.3716625 -0.0090548135
v 0.127574 0.361098 -0.05041535
v 0.1409845 0.34808125 -0.071562575
v 0.09288915 0.27843425 -0.20755725
v 0.08326565 0.2659315 -0.21840275
v 0.07519735 0.25159175 -0.22779775
v 0.097295925 0.37877625 0.0130048775
v 0.11609575 0.37054925 0.0106303365
v 0.1302505 0.3621355 -0.03066065
v 0.1322255 0.36200375 -0.0108561485
v 0.1410365 0.323712 -0.12893475
v 0.1473115 0.3287935 -0.11082
v 0.15252475 0.33276125 -0.0920695
v 0.14433175 0.350101 -0.051943175
v 0.1192575 0.2766605 -0.19620275
v 0.12914125 0.28661725 -0.182446
v 0.0977838 0.255678 -0.218659
v 0.108391425 0.2662065 -0.20835525
v 0.06800675 0.23572425 -0.23601075
v 0.098182875 0.3766 0.032501625
v 0.1173305 0.368131 0.02993035
v 0.14688425 0.35106925 -0.032115175
v 0.09108825 0.24250025 -0.22699
v 0.13365175 0.36074125 0.0088499765
v 0.1567115 0.335711 -0.072774525
v 0.159902 0.33762925 -0.053070925
v 0.077400425 0.38312375 0.036397825
v 0.13420425 0.26043375 -0.19767475
v 0.107576375 0.242369 -0.2208185
v 0.122218 0.25128825 -0.20973975
v 0.1557925 0.31038525 -0.13008375
v 0.1620575 0.315258 -0.1118815
v 0.16719575 0.31909225 -0.093023825
v 0.080697975 0.37857675 0.056612875
v 0.0999924 0.37260075 0.051485975
v 0.11878825 0.364153 0.048687475
v 0.14842125 0.3045245 -0.14748875
v 0.13173975 0.2337475 -0.2127175
v 0.14603 0.2415225 -0.20017125
v 0.16929 0.2956625 -0.13090375
v 0.17547275 0.3002765 -0.11257225
v 0.084928175 0.3719835 0.07583605
v 0.1027632 0.3666305 0.070136175
v 0.1618665 0.290109 -0.1484185
v 0.120628 0.358596 0.066995825
v 0.10560205 0.35903325 0.088432275
v 0.122452 0.35137725 0.085085375
v 0.062346975 0.38180975 0.064333875
v 0.164992 0.26843275 -0.16596625
v 0.17400325 0.27447075 -0.14919525
v 0.18142075 0.2797875 -0.131462
v 0.18758125 0.28417675 -0.11303175
v 0.0448138 -0.0552966625 -0.182747875
v 0.0792971375 -0.06177095 -0.163751125
v 0.0944498 -0.061935675 -0.15527975
v 0.11807075 -0.052371325 -0.150512875
v 0.088773228125 -0.0472839234375 -0.175421421875
v 0.098698584375 -0.0319516109375 -0.18579859375
v 0.072077421875 -0.0441560953125 -0.186029765625
v 0.082030946875 -0.0285984448438 -0.196886703125
v 0.0747156875 -0.007557115 -0.21624475
v 0.0645468375 -0.02461974625 -0.206782875
v 0.0921670203125 -0.0119112545312 -0.20594184375
v 0.108928129688 -0.015742389375 -0.19424421875
v 0.118927029688 0.0012175309375 -0.20114609375
v 0.10210434375 0.00557027359375 -0.2132408125
v 0.111488848438 0.0237740879687 -0.218536140625
v 0.0939855375 0.0293708875 -0.22909925
v 0.0392189625 -0.067977225 -0.16960725
v 0.111482625 0.0681043875 -0.234622375
v 0.120503417188 0.0424683859375 -0.222299625
v 0.128403375 0.01882970125 -0.206267125
v 0.145092140625 0.0559719015625 -0.21191925
v 0.158018265625 0.095269909375 -0.2124054375
v 0.152109765625 0.0753942734375 -0.212823265625
v 0.13583665625 0.0812949015625 -0.224881046875
v 0.147401125 0.12117525 -0.223137625
v 0.118891 0.087894 -0.23500775
v 0.12688 0.104504975 -0.233284875
v 0.153069625 0.13809675 -0.219833125
v 0.1731245 0.172207375 -0.201776625
v 0.185278375 0.190463375 -0.18573575
v 0.1839075 0.17376375 -0.190886875
v 0.165661875 0.1386295 -0.21071025
v 0.163057359375 0.115325445312 -0.211225421875
v 0.1775799375 0.110455476563 -0.19744375
v 0.19678625 0.147624890625 -0.177672734375
v 0.197896921875 0.16800121875 -0.174392140625
v 0.197479078125 0.188252859375 -0.170685859375
v 0.1953695 0.208099 -0.1669065
v 0.20259625 0.2251245 -0.14644075
v 0.204142 0.210065375 -0.15248975
v 0.208127765625 0.18674559375 -0.15409865625
v 0.2175225 0.164381375 -0.13973425
v 0.2163255 0.099820775 -0.12980575
v 0.213603125 0.082153725 -0.127591875
v 0.208903625 0.0621411 -0.1270835
v 0.19347925 -0.031797125 -0.0524647125
v 0.0527347625 -0.0700817375 -0.163182125
v 0.1050771 -0.0519984 -0.160816375
v 0.206194875 -0.0321118 0.0301936375
v 0.1301095 -0.0527272125 -0.13882725
v 0.199941671875 -0.0490988875 0.0480184421875
v 0.20789375 -0.0300836875 0.0484250125
v 0.206178875 -0.0325181875 0.066615475
v 0.198442125 -0.0490091875 0.0684745625
v 0.18956125 -0.064769475 0.065014025
v 0.114174232812 -0.0348532828125 -0.17310590625
v 0.0636261125 -0.0609691125 -0.171130875
v 0.05442715 -0.0406083375 -0.1955525
v 0.0845677 0.01050519125 -0.223689625
v 0.124606290625 -0.0190194573438 -0.180849296875
v 0.214335 0.053263725 0.1052320375
v 0.1030597125 0.0486193375 -0.232752125
v 0.2138815 0.135332625 0.118969375
v 0.203821875 0.130401 0.1334705
v 0.19177275 0.14845 0.152673125
v 0.182386875 0.144149875 0.1676665
v 0.192510125 0.127949875 0.150533375
v 0.18239775 0.1288115 0.165764625
v 0.12869609375 0.0616612078125 -0.224320546875
v 0.137231734375 0.0370452578125 -0.209852984375
v 0.152894 0.1421885 0.20293025
v 0.1126712125 0.1560875 0.229246
v 0.152766203125 0.0325858578125 -0.1952513125
v 0.0760226625 0.173596625 0.2368475
v 0.0915566375 0.174592125 0.236097625
v 0.117538625 0.141802125 0.223001
v 0.134121140625 0.12368753125 0.2068671875
v 0.14982125 0.1107925 0.191013875
v 0.133273625 0.10530975 0.196827125
v 0.114249525 0.10193 0.200286125
v 0.0744265375 0.135971 0.22643225
v 0.0947445421875 0.136991515625 0.225033046875
v 0.0740159125 0.155549875 0.233647875
v 0.091998525 0.115982625 0.213202
v 0.0967009375 0.104016625 0.202458
v 0.076770525 0.120494125 0.2166835
v 0.172945765625 0.090337790625 -0.1985175625
v 0.153758 0.12638375 0.19620575
v 0.114647107813 0.119899953125 0.212348375
v 0.097119175 0.159508875 0.2335285
v 0.13532425 0.142175 0.215548625
v 0.140833625 0.10443425 -0.22575275
v 0.2027525 0.150773625 0.13521825
v 0.213086625 0.1505075 0.11983225
v 0.169875 0.155450125 -0.2066055
v 0.18496975 0.206906375 -0.180564
v 0.184023359375 0.150828015625 -0.192944015625
v 0.181371 0.130667953125 -0.195652203125
v 0.1942318125 0.127260671875 -0.180140203125
v 0.209052 0.225790875 -0.132697875
v 0.21446025 0.207155375 -0.132660625
v 0.239714625 0.1064623625 0.024262275
v 0.234911765625 0.09128506875 0.0455517375
v 0.2401305 0.111169625 0.0420599625
v 0.233612125 0.0926899125 0.0663085375
v 0.23766875 0.110168075 0.0609047
v 0.217056625 0.185569 -0.136110625
v 0.223143 0.0698262 0.0925102375
v 0.22111425 0.0541513375 0.091651675
v 0.218503375 0.01261511125 0.0669727375
v 0.2085704375 0.16595084375 -0.157633125
v 0.22125575 0.0281723875 0.0668598
v 0.22923975 0.0689131125 0.0510998
v 0.22851440625 0.069775884375 0.02830141625
v 0.208564 0.0415892 -0.10855525
v 0.20421975 0.0245073525 -0.103325925
v 0.202247375 0.0045004 -0.0820107625
v 0.187944875 -0.0320071890625 -0.072459359375
v 0.16158959375 -0.0088036128125 -0.153735390625
v 0.23110525 0.08407845 0.00820702625
v 0.22587675 0.0682502375 0.0084785425
v 0.216913 0.0310002375 0.00873367625
v 0.2131665 0.01110722375 0.0080956875
v 0.216399 0.0103390675 0.0284434875
v 0.212419625 -0.00716475875 0.0255045275
v 0.21866 0.012567655 0.051615825
v 0.221393875 0.02801883625 0.0516427375
v 0.18128084375 0.006173435625 -0.1388995
v 0.220065375 0.02794975 0.0313660625
v 0.220760125 0.050118825 0.00916907625
v 0.2240183125 0.05021860625 0.0291150814062
v 0.2346985 0.091078775 0.0223262025
v 0.225575875 0.0509236 0.0492115
v 0.18997828125 0.0048834396875 -0.119166376563
v 0.172277796875 -0.029672128125 -0.112410160937
v 0.18077934375 -0.031297140625 -0.0925736609375
v 0.184217125 -0.0491088625 -0.0539235625
v 0.177171875 -0.050225825 -0.071201675
v 0.229737625 0.074762675 0.065901475
v 0.199407 0.0075996375 -0.097567825
v 0.21566775 0.0687850375 0.10701595
v 0.1971485 0.0234988553125 -0.122726209375
v 0.190216125 -0.0672907375 0.0474709
v 0.1916105 -0.0647983875 0.0298486625
v 0.1996505 -0.0488011375 0.027391125
v 0.21004175 -0.00652964 0.01017695125
v 0.199021875 -0.013336625 -0.057861875
v 0.16981175 -0.048231275 -0.0905639
v 0.161330125 -0.0457979 -0.1092305
v 0.151772125 -0.043216025 -0.1269135
v 0.141063125 -0.0426339125 -0.14062875
v 0.12837103125 -0.0376712390625 -0.15888625
v 0.138886578125 -0.0221972464063 -0.16564653125
v 0.1347136875 -0.0025332471875 -0.187079515625
v 0.148952421875 -0.0059641009375 -0.17106721875
v 0.1515974375 -0.02506551125 -0.149057984375
v 0.1627328125 -0.027557915625 -0.131323140625
v 0.1725195 -0.0110998315625 -0.13518278125
v 0.181772859375 -0.0128395353125 -0.11558239375
v 0.189796796875 -0.0135690128125 -0.09549620625
v 0.19814925 -0.0100996525 -0.0736317625
v 0.195569078125 0.0433408828125 -0.144579359375
v 0.2013770625 0.0628753078125 -0.146091546875
v 0.2063820625 0.0827751640625 -0.14657559375
v 0.212201125 0.10524475 -0.143822625
v 0.207425875 0.145321921875 -0.160652734375
v 0.190673609375 0.10697229375 -0.181792484375
v 0.186186921875 0.0868458921875 -0.182569703125
v 0.167227578125 0.07059439375 -0.198608546875
v 0.16051775 0.051298565625 -0.1975318125
v 0.144123234375 0.0146139395312 -0.191794609375
v 0.17881890625 0.0263285640625 -0.161063296875
v 0.174178328125 0.0477731484375 -0.18112834375
v 0.192102734375 0.0645441859375 -0.164647640625
v 0.19739925 0.0843549890625 -0.1650840625
v 0.20173978125 0.10450041875 -0.164552828125
v 0.188880046875 0.0243785809375 -0.142157921875
v 0.170579625 0.008376854375 -0.157742546875
v 0.185881109375 0.0451648625 -0.163311515625
v 0.166706015625 0.02904480875 -0.178867140625
v 0.158233296875 0.0111165904687 -0.17546921875
v 0.180639125 0.0670876921875 -0.182340671875
v 0.216380125 0.143587625 -0.142592
v 0.2050575 0.12484440625 -0.16298884375
v 0.214021125 0.123124125 -0.144779375
v 0.205163375 0.0451172125 -0.123381875
v 0.0633211875 -0.04240980625 -0.190867875
v 0.06725028125 -0.0515761875 -0.18006825
v 0.0537669375 -0.05703503125 -0.1783411875
v 0.0495378 -0.048078 -0.1893195
v 0.0582584 -0.0655093 -0.1672615
v 0.04487845 -0.07072405 -0.164665
v 0.0402858 -0.06238225 -0.175906
v 0.08055805 -0.045792025 -0.1808846875
v 0.0840015125 -0.05458869375 -0.169672
v 0.07101465 -0.06042355 -0.169018
v 0.0967331125 -0.04859811875 -0.16962875
v 0.0998929 -0.05694505 -0.1581545
v 0.0873467 -0.06290965 -0.1581585
v 0.10917386875 -0.04245365625 -0.168541
v 0.121460875 -0.0362715375 -0.1661798125
v 0.1231975 -0.045078325 -0.1548204375
v 0.1114035 -0.05115635 -0.157299
v 0.134827 -0.03903616875 -0.1512381875
v 0.1356525 -0.0476633 -0.1398505
v 0.1242775 -0.05359575 -0.1433685
v 0.07701418125 -0.03651076875 -0.1916600625
v 0.09049755625 -0.030351875 -0.1915288125
v 0.093679625 -0.039734125 -0.1808279375
v 0.10658880625 -0.03343269375 -0.1796515625
v 0.08709810625 -0.020377360625 -0.20163725
v 0.10066158125 -0.01390406375 -0.200296875
v 0.1038079875 -0.02394869375 -0.1902404375
v 0.1169235375 -0.01741915625 -0.187771
v 0.1193691625 -0.027030475 -0.177187875
v 0.0594512 -0.03276975 -0.2013785
v 0.07334398125 -0.026656279375 -0.20191675
v 0.06965095 -0.016215835 -0.211751
v 0.083487575 -0.009771036875 -0.211192
v 0.09338534375 0.007996063125 -0.2185818125
v 0.09718905 -0.003263865 -0.209830625
v 0.0796932 0.001357315 -0.220226
v 0.11062605625 0.00331116125 -0.2074334375
v 0.11397930625 -0.00734971375 -0.1979006875
v 0.1269838125 -0.0007118125 -0.1943651875
v 0.12973325 -0.010854454375 -0.1841525625
v 0.10685305 0.014596626875 -0.216109625
v 0.120058875 0.0212094925 -0.2126643125
v 0.1237368125 0.0099475425 -0.2039166875
v 0.136442125 0.016632475 -0.1992914375
v 0.13951125 0.005946383125 -0.189612
v 0.0893234 0.01986425 -0.2266305
v 0.10277351875 0.026525726875 -0.22393575
v 0.09857935 0.0389615 -0.2311465
v 0.11182873125 0.0454936 -0.2276691875
v 0.11606541875 0.03306155 -0.2206194375
v 0.1289894375 0.03964421875 -0.2163568125
v 0.1329214375 0.0278533875 -0.2082520625
v 0.127408125 0.08454783125 -0.2300829375
v 0.132391625 0.0714330125 -0.224760375
v 0.1201489375 0.06483053125 -0.229626875
v 0.115301 0.0779675 -0.2349755
v 0.1247235 0.05200396875 -0.2235168125
v 0.1073815 0.05832765 -0.233896
v 0.1370049375 0.05870095 -0.2183925625
v 0.141275 0.04643196875 -0.211051375
v 0.14517525 0.0346956625 -0.202800375
v 0.1485469375 0.023498925 -0.1936719375
v 0.144088 0.07822845 -0.219125
v 0.1487240625 0.0656234375 -0.212528625
v 0.1598495625 0.07283816875 -0.2059843125
v 0.163999625 0.06088323125 -0.1982201875
v 0.152974375 0.05349620625 -0.2049769375
v 0.156764875 0.04185925625 -0.1965400625
v 0.1449015 0.111118 -0.223983
v 0.15530975 0.11818446875 -0.2173179375
v 0.1606585625 0.10528065625 -0.2119045625
v 0.1501373125 0.098126875 -0.218626625
v 0.1704829375 0.1127299375 -0.20458725
v 0.175381625 0.10036634375 -0.19808275
v 0.16565275 0.0926450625 -0.205715125
v 0.1702186875 0.08041319375 -0.19870025
v 0.15518825 0.08529210625 -0.2127469375
v 0.13905775 0.09122239375 -0.2247273125
v 0.122307 0.0978609 -0.2347715
v 0.133941 0.104463 -0.229566
v 0.1594475 0.138368 -0.215315
v 0.165162875 0.125405375 -0.210349125
v 0.149589 0.131267 -0.2220975
v 0.1848478125 0.1608830625 -0.191276
v 0.1770409375 0.1530291875 -0.1998896875
v 0.170788 0.1653705 -0.204832
v 0.178618 0.172977 -0.1963505
v 0.1893595 0.20871 -0.174524
v 0.1965501875 0.198208875 -0.1687979375
v 0.1914871875 0.1893025625 -0.1783225625
v 0.1843335 0.2000195 -0.183826
v 0.197904375 0.1781650625 -0.17256675
v 0.19182625 0.1692956875 -0.182144125
v 0.185632 0.180652 -0.187719
v 0.1975275625 0.1578170625 -0.1761135625
v 0.19063875 0.149066375 -0.185538625
v 0.182855875 0.1407565 -0.1944100625
v 0.174344 0.13291425 -0.202714125
v 0.168652 0.14543 -0.208186
v 0.179594375 0.1205618125 -0.1966485
v 0.18802625 0.1288090625 -0.1881191875
v 0.1925670625 0.1171031875 -0.1810699375
v 0.1843418125 0.10855959375 -0.18983525
v 0.188556375 0.0968757375 -0.18229975
v 0.1798023125 0.08843355 -0.190774625
v 0.2034789375 0.1668964375 -0.1661994375
v 0.2081719375 0.155614375 -0.1592220625
v 0.202365 0.1463841875 -0.1693455625
v 0.2063735625 0.1350663125 -0.161909875
v 0.19990975 0.125945875 -0.171740375
v 0.1956629375 0.137437 -0.179011375
v 0.203037125 0.187425375 -0.162602125
v 0.2085800625 0.1763385 -0.1559011875
v 0.2008665 0.207742 -0.158912
v 0.2071405 0.197140375 -0.1522979375
v 0.2121365 0.217899 -0.1313095
v 0.2101151875 0.2072819375 -0.14177525
v 0.2034875 0.2174955 -0.149589
v 0.2051615 0.2280445 -0.139276
v 0.2160685 0.1963465 -0.134301
v 0.2127174375 0.186139 -0.14520275
v 0.21752 0.1749195 -0.1379695
v 0.2131695625 0.1651339375 -0.1487603125
v 0.21201975 0.14441575 -0.151689875
v 0.217128 0.153938 -0.1412615
v 0.210115375 0.08239366875 -0.1371125625
v 0.2085930625 0.09282315625 -0.146497875
v 0.2143145 0.102519 -0.1368915
v 0.2156775 0.0922101 -0.1275395
v 0.2052623125 0.06243895 -0.1366164375
v 0.2039774375 0.072788125 -0.146452
v 0.211335 0.0721184 -0.127462
v 0.1996935625 0.04283249375 -0.1350231875
v 0.1985788125 0.05304998125 -0.1454586875
v 0.2063395 0.0522588 -0.12639
v 0.1923766875 -0.02247003125 -0.07383800625
v 0.1985365 -0.011628 -0.0656917
v 0.197101 -0.0211669 -0.053984
v 0.190834375 -0.03196871875 -0.062449575
v 0.1805125 -0.05102345 -0.0613052
v 0.1827493125 -0.041202075 -0.07168055625
v 0.188862 -0.0419056 -0.05171065
v 0.2040655 -0.0396599 0.048233475
v 0.1999453125 -0.0489823 0.03771905
v 0.2034415 -0.03929635 0.0274967
v 0.207546 -0.02989025 0.03801805
v 0.207637 -0.0301441 0.0588696
v 0.2029225 -0.03965265 0.0689263
v 0.199341125 -0.049086325 0.05826076875
v 0.193312 -0.0580495 0.06793275
v 0.189219 -0.067165 0.05743155
v 0.1952266875 -0.058263425 0.04775641875
v 0.1904835 -0.06720135 0.03741765
v 0.1951865 -0.0579834 0.0273408
v 0.2233165 0.0621495 0.08974045
v 0.2196855 0.0719053 0.0999833
v 0.2138135 0.06086365 0.1084645
v 0.2174445 0.05110785 0.09822165
v 0.208535 0.1520495 0.1264985
v 0.2032871875 0.1405873125 0.134344375
v 0.2096165 0.13176 0.125085
v 0.2149535 0.1432585 0.1172705
v 0.197193 0.149569 0.1439405
v 0.1921414375 0.1381999375 0.15160325
v 0.198161 0.129116 0.141979
v 0.1809975 0.1362445 0.168874
v 0.1867455 0.1269475 0.1590565
v 0.186408 0.147431 0.161424
v 0.1346930625 0.132922125 0.211321125
v 0.143917125 0.12516 0.2019326875
v 0.154712 0.1355115 0.1991035
v 0.145504 0.1435605 0.2091695
v 0.0947033875 0.14680575 0.229317625
v 0.104864775 0.137884 0.2238860625
v 0.1151255 0.148871 0.226259
v 0.10494935 0.157753 0.231639
v 0.0842866625 0.156144 0.233335625
v 0.09433995 0.1669965 0.235005
v 0.0837142 0.176672 0.2368355
v 0.07369205 0.1657265 0.2357625
v 0.09468850625 0.1274823125 0.2200645625
v 0.10466624375 0.1188841875 0.2136286875
v 0.1148176375 0.129368875 0.2175816875
v 0.1244149375 0.121717625 0.2102168125
v 0.125137 0.1405795 0.219795
v 0.11445396875 0.1108181875 0.2064768125
v 0.1238695 0.1033305 0.1990865
v 0.13366775 0.1144895 0.201960375
v 0.142613 0.1072365 0.193254
v 0.152832 0.1176595 0.1927535
v 0.09435675 0.110019 0.20781
v 0.1042626 0.1017395 0.20068
v 0.0742878 0.145555 0.230571
v 0.08459329375 0.1364048125 0.225822125
v 0.08439475 0.1181435 0.2151
v 0.07435095 0.127027 0.221132
v 0.2375271875 0.10123744375 0.04385044375
v 0.2347781875 0.09024681875 0.03536286875
v 0.237386 0.09879495 0.0232454
v 0.2404725 0.1099385 0.0315767
v 0.2391595 0.112102 0.05258335
v 0.2357675 0.1028003 0.06478185
v 0.234418625 0.09205465625 0.05589223125
v 0.231359 0.08252815 0.0675785
v 0.2294775 0.07184115 0.0585872
v 0.232272125 0.08129230625 0.04707465625
v 0.229358625 0.0705387625 0.0382459875
v 0.2311981875 0.07939005 0.027007175625
v 0.2200515 0.020276495 0.04908145
v 0.221782 0.03067965 0.0592441
v 0.219855 0.0204105 0.0694641
v 0.2181245 0.010007345 0.05930145
v 0.2249388125 0.05052066875 0.03915075625
v 0.2261494375 0.0600336125 0.028931866875
v 0.2276855 0.0611281 0.0489034
v 0.228645 0.07709585 0.007058655
v 0.232864 0.08745635 0.01530481
v 0.2272905 0.06901305 0.0183833525
v 0.2225309375 0.05011828125 0.019129544375
v 0.223194 0.0592833 0.009085535
v 0.2220360625 0.0403862375 0.02906761375
v 0.218638125 0.03069676875 0.018804750625
v 0.2187385 0.0406806 0.00901861
v 0.218396 0.0203957 0.02866765
v 0.21478275 0.010723145625 0.0182695875
v 0.2150675 0.02110935 0.008413815
v 0.21436 0.00027657 0.0282239
v 0.2107185 -0.009357885 0.01778101
v 0.2111745 0.001093145 0.007815955
v 0.223672 0.0407371 0.0492376
v 0.2211215 0.0305045 0.0390084
v 0.166911875 -0.03778453125 -0.1108267875
v 0.17666575 -0.030572125 -0.10256858125
v 0.175446 -0.03981869375 -0.0915064125
v 0.165708 -0.04705025 -0.1000025
v 0.184566125 -0.0317794125 -0.0825189875
v 0.173619 -0.04929245 -0.0809591
v 0.1573406875 -0.0354456625 -0.12916425
v 0.1676679375 -0.0286649125 -0.1220048125
v 0.1567005 -0.04452275 -0.1182035
v 0.1462755625 -0.0328443375 -0.1463610625
v 0.1573690625 -0.026358575 -0.14033575
v 0.146498 -0.04186895 -0.1353525
v 0.133638125 -0.03003598125 -0.1624685625
v 0.1454386875 -0.023677345 -0.1575051875
v 0.131934875 -0.020628385625 -0.1734511875
v 0.1420339375 -0.00430315125 -0.179277875
v 0.1440041875 -0.014179729375 -0.1684993125
v 0.155477 -0.0074586725 -0.1625545
v 0.1567136875 -0.0170525325 -0.151499375
v 0.1513948125 0.012770220625 -0.183834
v 0.15369275 0.002468968125 -0.1733905625
v 0.164615125 0.00966832125 -0.166759875
v 0.1661904375 -0.00031696375 -0.1558161875
v 0.167272125 -0.01001566875 -0.1446055625
v 0.1677720625 -0.0194354 -0.1332983125
v 0.177326625 -0.0120610925 -0.1254848125
v 0.1772120625 -0.02136165625 -0.11396770625
v 0.176166125 0.00719363125 -0.1484538125
v 0.1770361875 -0.00257292625 -0.1370695625
v 0.18583 0.00537105125 -0.1290854375
v 0.186018375 -0.004092185 -0.11733719375
v 0.193890375 0.0048075625 -0.10929706875
v 0.1937933125 -0.0043000575 -0.09743076875
v 0.1859375625 -0.01337524375 -0.1055462625
v 0.185510875 -0.02255764375 -0.09389038125
v 0.200863 0.00609225 -0.0898363
v 0.2003645 -0.00281021 -0.07784035
v 0.193326625 -0.0133216375 -0.0855520125
v 0.189097625 0.054796725 -0.164089875
v 0.1970039375 0.06358868125 -0.155451
v 0.19097125 0.0441369875 -0.1540295
v 0.20039525 0.0330790625 -0.124207875
v 0.1932088125 0.02373393875 -0.1324671875
v 0.19233425 0.03377675 -0.1434795
v 0.184096375 0.025250875 -0.1517155
v 0.1824803125 0.03565495 -0.1623156875
v 0.1948693125 0.07440089375 -0.1649816875
v 0.202157625 0.0834397625 -0.1559233125
v 0.1996944375 0.0943946125 -0.1649468125
v 0.2064295 0.10358976875 -0.155468875
v 0.2035201875 0.1146530625 -0.163885
v 0.2096725 0.123936 -0.15395475
v 0.212542 0.112938 -0.145625
v 0.2153225 0.1333285 -0.1437665
v 0.196480375 0.10562358125 -0.1733461875
v 0.192064125 0.08548836875 -0.1739861875
v 0.18663325 0.0657069375 -0.1736343125
v 0.1835368125 0.07691513125 -0.1825803125
v 0.174164 0.06869720625 -0.190696375
v 0.1775269375 0.0573678125 -0.181859875
v 0.167588375 0.04940368125 -0.1895500625
v 0.170571375 0.03832135625 -0.1801365
v 0.1599508125 0.03070626875 -0.187258125
v 0.1625821875 0.01997587875 -0.1773030625
v 0.1802796875 0.0463685625 -0.1723633125
v 0.17300875 0.02758939125 -0.1701246875
v 0.1852121875 0.01516737375 -0.1406134375
v 0.1748205625 0.01724728125 -0.15951525
v 0.19368225 0.01409038375 -0.1210042125
v 0.207194 0.03439455 -0.1050015
v 0.2007649375 0.0238552375 -0.1130179
v 0.206896 0.04336205 -0.1160595
v 0.201075 0.01465686 -0.1014562
v 0.05846415 -0.04985935 -0.184776
v 0.0492721 -0.063945775 -0.17158375
v 0.075755975 -0.053164 -0.175032
v 0.092007175 -0.055816175 -0.163993
v 0.1163925 -0.043770525 -0.161859
v 0.1295405 -0.046373875 -0.14742475
v 0.085481625 -0.0381952 -0.18641475
v 0.101589975 -0.0411309 -0.174867
v 0.0955767 -0.0222404 -0.1961335
v 0.11174065 -0.025521675 -0.18392625
v 0.0682955 -0.034677475 -0.1965965
v 0.078423525 -0.0183401425 -0.2067835
v 0.088489575 -0.000990935 -0.2151375
v 0.105694725 -0.005386155 -0.204087
v 0.1220155 -0.00914645 -0.19126575
v 0.1154055 0.01218572 -0.21026575
v 0.13179575 0.0078765 -0.197024
v 0.0981307 0.0171858575 -0.22148675
v 0.107361675 0.03596295 -0.22601225
v 0.124612 0.03035445 -0.2147095
v 0.1238995 0.074651075 -0.230015
v 0.11610825 0.05511375 -0.2288595
v 0.13311575 0.049102425 -0.21756175
v 0.14091375 0.0255701 -0.20121675
v 0.140671 0.068411675 -0.2189175
v 0.15653725 0.063104675 -0.205636
v 0.14919125 0.04401545 -0.20404275
v 0.15285025 0.108138875 -0.218068
v 0.168186 0.10266425 -0.20524425
v 0.162881 0.082694 -0.20598625
v 0.14723 0.088145125 -0.2190035
v 0.130723 0.09449325 -0.22988975
v 0.15745675 0.128267 -0.21636675
v 0.1779105 0.16301625 -0.198169
v 0.1905575 0.1990545 -0.17641675
v 0.19188025 0.17935775 -0.1802545
v 0.19141475 0.159192 -0.183923
v 0.17584725 0.1429895 -0.20141475
v 0.17254575 0.1228205 -0.20375775
v 0.18629775 0.11867875 -0.18907725
v 0.1821945 0.098463625 -0.19041575
v 0.2031025 0.15663225 -0.16785125
v 0.2012805 0.1361535 -0.17064
v 0.18949125 0.1389385 -0.1869385
v 0.20348025 0.1771755 -0.1644325
v 0.20208025 0.197602 -0.16076
v 0.207812 0.21769725 -0.14044925
v 0.21172375 0.1967305 -0.14340675
v 0.213176 0.1756035 -0.14702225
v 0.21276825 0.15474025 -0.150312
v 0.2122625 0.0924458 -0.1370495
v 0.207778 0.072383675 -0.13698575
v 0.20258025 0.052582625 -0.135952
v 0.19490375 -0.021905525 -0.063895825
v 0.18589175 -0.04160325 -0.061702575
v 0.20390075 -0.039509025 0.03786875
v 0.20364125 -0.039687175 0.05858355
v 0.19443225 -0.058197625 0.057864525
v 0.1953695 -0.058164575 0.03756855
v 0.218565 0.061506575 0.099102475
v 0.20907575 0.14190475 0.12579175
v 0.197677 0.1393425 0.14295975
v 0.18657675 0.13718925 0.16024025
v 0.144687 0.1343205 0.20567125
v 0.1049139 0.1477705 0.22793875
v 0.084016 0.1663615 0.23538375
v 0.1047883 0.1281895 0.2191285
v 0.12476125 0.131109 0.21513525
v 0.1241275 0.1124845 0.204781
v 0.1432415 0.1161585 0.1977135
v 0.104480375 0.11016525 0.20734925
v 0.08449505 0.1461125 0.23009475
v 0.084533525 0.12715875 0.22067875
v 0.237615 0.1000895 0.033520725
v 0.23680575 0.102092175 0.05428895
v 0.23196475 0.08196175 0.057290875
v 0.23198275 0.080416775 0.03700125
v 0.21995325 0.0203434975 0.059272775
v 0.22703575 0.060552175 0.0389072
v 0.23002 0.078267025 0.0170289525
v 0.22479 0.059629775 0.0189982675
v 0.22052575 0.04047965 0.01903303
v 0.21673175 0.020752525 0.0185407325
v 0.21276725 0.0006848575 0.0180199275
v 0.2229925 0.0405079 0.039142525
v 0.1713145 -0.038860325 -0.1012614
v 0.1792625 -0.04060325 -0.08163065
v 0.162282 -0.0366477 -0.12013375
v 0.15200375 -0.03417425 -0.13790025
v 0.1401605 -0.0314668 -0.154566
v 0.126688 -0.028546225 -0.17002225
v 0.1370625 -0.0125518175 -0.1765315
v 0.15055925 -0.01567938 -0.16015275
v 0.14681225 0.0041309825 -0.181705
v 0.16014675 0.00099901 -0.16475625
v 0.1624535 -0.01830095 -0.14254675
v 0.17266275 -0.02046665 -0.1237575
v 0.17184 -0.001517025 -0.1465845
v 0.18171975 -0.00345642 -0.12727975
v 0.19005975 -0.0044049 -0.107364025
v 0.1815065 -0.022087375 -0.103972325
v 0.1971685 -0.00368315 -0.08760795
v 0.18919 -0.0226863 -0.0838409
v 0.194093 0.0538044 -0.15485475
v 0.196564 0.03320635 -0.13386075
v 0.187653 0.03460535 -0.15299025
v 0.19968975 0.073470925 -0.15580325
v 0.20441475 0.093483825 -0.155823
v 0.20817025 0.11374425 -0.1548275
v 0.21097175 0.13415375 -0.1529065
v 0.1983135 0.115767 -0.1726525
v 0.194399 0.095522325 -0.17379125
v 0.1894705 0.07554685 -0.1739295
v 0.17711175 0.078512075 -0.19086775
v 0.17100025 0.05898695 -0.19026175
v 0.16389625 0.039969775 -0.1885475
v 0.155779 0.0216342 -0.185686
v 0.17677625 0.03688835 -0.1713785
v 0.1802595 0.01611495 -0.15018375
v 0.16892875 0.018523915 -0.16856725
v 0.1835675 0.0559778 -0.17311375
v 0.18964525 0.014445005 -0.130845
v 0.203881 0.0335798 -0.11459475
v 0.19744675 0.01424605 -0.11121685
v -0.153772 0.113848 -0.219403
v -0.147082 0.129796 -0.224259
v -0.132321 0.12159 -0.232221
v -0.116928 0.11326 -0.238975
v -0.10104 0.104888 -0.24473
v -0.0771765 0.11366 -0.252358
v -0.0676546 0.0887478 -0.252569
v -0.0603935 0.105727 -0.255905
v -0.0358508 0.115024 -0.260218
v -0.0432805 0.0979007 -0.258229
v -0.0259287 0.0902741 -0.259221
v -0.0331032 0.0731799 -0.256148
v -0.0156077 0.0658247 -0.256017
v -0.0226475 0.0489367 -0.251654
v -0.0401466 0.0562416 -0.25185
v -0.0643576 0.0472795 -0.244922
v -0.0536832 0.0233718 -0.238457
v -0.0361643 0.0162651 -0.238276
v -0.0185163 0.00971276 -0.236939
v -0.000808721 0.00374961 -0.234362
v 0.0124349 0.0354278 -0.247994
v 0.0366457 0.0456943 -0.249185
v 0.0536501 0.039699 -0.244433
v 0.0638825 0.0185076 -0.233894
v 0.0575785 0.00336508 -0.227685
v 0.0515379 -0.0111947 -0.220147
v 0.0457309 -0.0249895 -0.211395
v 0.0401747 -0.0381158 -0.201531
v 0.0228331 -0.0343307 -0.207131
v 0.0284036 -0.0209307 -0.217311
v 0.0343947 -0.00672914 -0.226065
v 0.0168883 -0.00172454 -0.230666
v 0.010782 -0.0163859 -0.222021
v 0.00515429 -0.0301725 -0.211835
v -0.0180411 -0.0388578 -0.203955
v -0.0126794 -0.0255169 -0.215354
v -0.0305907 -0.0200519 -0.21769
v -0.0713725 -0.0211581 -0.207321
v -0.0586761 -0.0406826 -0.194487
v -0.0538132 -0.0277486 -0.20736
v -0.0359596 -0.0336123 -0.206108
v -0.0409225 -0.0463811 -0.193567
v -0.0453318 -0.0581855 -0.179979
v -0.0671175 -0.0638139 -0.166278
v -0.0630999 -0.0526795 -0.18071
v -0.0806117 -0.0462674 -0.180434
v -0.0762896 -0.0343197 -0.194509
v -0.0935814 -0.0270705 -0.193443
v -0.088626 -0.0138083 -0.206254
v -0.0978847 -0.0391829 -0.179381
v -0.101749 -0.0505071 -0.164581
v -0.0846668 -0.0577192 -0.16607
v -0.107691 -0.0713242 -0.133262
v -0.105024 -0.0611193 -0.149175
v -0.0909177 -0.0778761 -0.135001
v -0.0926228 -0.0869469 -0.118543
v -0.0931649 -0.0954146 -0.10194
v -0.0925061 -0.103347 -0.0853516
v -0.0422533 -0.11438 -0.0864207
v -0.0419849 -0.108035 -0.103048
v -0.0591718 -0.104479 -0.103767
v -0.0579472 -0.0968398 -0.11993
v -0.0763333 -0.100504 -0.103483
v -0.0753852 -0.0921383 -0.119825
v -0.055899 -0.0884147 -0.135589
v -0.052866 -0.0793056 -0.150828
v -0.0314437 -0.0736474 -0.16397
v -0.00953395 -0.0669551 -0.175136
v 0.0127483 -0.0591091 -0.184216
v 0.0262222 -0.0726782 -0.166462
v 0.022125 -0.082842 -0.15287
v -0.00231903 -0.0986995 -0.128722
v -0.00512922 -0.10644 -0.113503
v -0.0226326 -0.104065 -0.116876
v -0.0402295 -0.100675 -0.118882
v -0.0200022 -0.0958613 -0.132021
v -0.0169574 -0.0871757 -0.14692
v -0.0134431 -0.0775147 -0.161396
v 0.00447686 -0.0805529 -0.157634
v -0.0245477 -0.110748 -0.101112
v 0.000880123 -0.0899891 -0.143379
v 0.0304969 -0.0618079 -0.179043
v 0.0348861 -0.0503674 -0.190727
v -0.00509583 -0.0556418 -0.188335
v -0.0230256 -0.0512941 -0.191494
v -0.0274506 -0.0629317 -0.178071
v 0.00840388 -0.0701741 -0.171272
v -0.0706587 -0.0740641 -0.151273
v -0.0379103 -0.0925464 -0.134368
v -0.0349036 -0.0835186 -0.149338
v -0.0588931 -0.111414 -0.086906
v -0.0907729 -0.109931 -0.0686524
v -0.107875 -0.105191 -0.0659492
v -0.105352 -0.111282 -0.0487495
v -0.119296 -0.11133 -0.028096
v -0.135817 -0.104709 -0.0237661
v -0.151326 -0.0963489 -0.0189091
v -0.166011 -0.086812 -0.013597
v -0.167907 -0.0798748 -0.0309425
v -0.180282 -0.0679157 -0.0247895
v -0.181002 -0.0599167 -0.0416214
v -0.18114 -0.0513725 -0.0583538
v -0.181001 -0.042563 -0.0750506
v -0.180438 -0.0334357 -0.0915487
v -0.17921 -0.023812 -0.107744
v -0.177513 -0.0137121 -0.123632
v -0.189952 -0.0112255 -0.0998904
v -0.188596 -0.00145383 -0.115706
v -0.186961 0.00858924 -0.131198
v -0.184781 0.0189908 -0.14604
v -0.170413 0.0688202 -0.196017
v -0.16545 0.0832146 -0.205195
v -0.159874 0.0982224 -0.213013
v -0.151707 0.0738375 -0.213687
v -0.136933 0.0646155 -0.220991
v -0.114888 0.0718335 -0.234316
v -0.0984971 0.063414 -0.239153
v -0.0916842 0.0799637 -0.244862
v -0.081487 0.0553091 -0.242573
v -0.0747389 0.0718874 -0.248357
v -0.0504881 0.0808348 -0.255038
v -0.0575047 0.0639427 -0.250617
v -0.0879088 0.0390987 -0.235171
v -0.094241 0.0232496 -0.226476
v -0.0772836 0.0152487 -0.228483
v -0.0832345 0.000212075 -0.218169
v -0.110862 0.0318242 -0.22313
v -0.104882 0.0472889 -0.232005
v -0.142767 0.049389 -0.212146
v -0.157213 0.0588319 -0.204679
v -0.162042 0.0445789 -0.194054
v -0.166104 0.0313026 -0.181812
v -0.169897 0.0189077 -0.16852
v -0.152381 0.0212292 -0.189421
v -0.137558 0.0118481 -0.19593
v -0.132659 0.0257228 -0.207954
v -0.121774 0.00291605 -0.200779
v -0.116536 0.0168633 -0.21265
v -0.126412 -0.0102493 -0.187728
v -0.130479 -0.0222651 -0.173162
v -0.141773 -0.00109896 -0.182442
v -0.159924 -0.00331024 -0.161745
v -0.172919 0.00746173 -0.154201
v -0.162853 -0.0144879 -0.14655
v -0.145824 -0.0131672 -0.168421
v -0.149034 -0.02451 -0.152936
v -0.153428 -0.0458269 -0.120956
v -0.151654 -0.0354958 -0.137216
v -0.168209 -0.0451367 -0.0983755
v -0.169056 -0.0721525 -0.0481637
v -0.139947 -0.0911152 -0.0582258
v -0.140974 -0.0831011 -0.0754262
v -0.138413 -0.0985587 -0.0410472
v -0.124098 -0.0986499 -0.062353
v -0.125375 -0.0909173 -0.0793392
v -0.125909 -0.0824771 -0.096624
v -0.109681 -0.0894559 -0.0995306
v -0.121327 -0.0532473 -0.146422
v -0.13893 -0.055033 -0.126215
v -0.136953 -0.0446087 -0.142549
v -0.140208 -0.0649227 -0.109604
v -0.140867 -0.0743121 -0.0926403
v -0.155594 -0.07393 -0.0706399
v -0.155402 -0.065023 -0.0876011
v -0.154722 -0.0557097 -0.104457
v -0.134178 -0.033819 -0.158246
v -0.11827 -0.0425155 -0.161968
v -0.125061 -0.0733094 -0.113697
v -0.123498 -0.0634589 -0.130275
v -0.155166 -0.0825093 -0.0536506
v -0.16913 -0.0634268 -0.0649804
v -0.156259 0.00864338 -0.175979
v -0.147974 0.0347865 -0.201663
v -0.127217 0.0404258 -0.218279
v -0.100107 0.00822835 -0.216079
v -0.0599917 0.00779994 -0.229409
v -0.130691 0.0804333 -0.228495
v -0.121353 0.0557482 -0.22725
v -0.145758 0.0893209 -0.221457
v -0.174847 0.055011 -0.185344
v -0.185878 0.0659065 -0.175493
v -0.189287 0.0536349 -0.163582
v -0.178706 0.0420818 -0.173263
v -0.18199 0.030145 -0.160054
v -0.17561 -0.00347199 -0.139242
v -0.165262 -0.0252312 -0.130866
v -0.166925 -0.0353458 -0.114727
v -0.168896 -0.0544652 -0.081726
v -0.178676 -0.0751547 -0.00758774
v -0.153668 -0.0899189 -0.0362655
v -0.182432 0.0789855 -0.185872
v -0.122119 -0.105623 -0.0452413
v -0.10928 -0.0978231 -0.0828304
v -0.0756909 -0.107903 -0.0866529
v -0.109058 -0.080532 -0.11641
v -0.0736938 -0.0834588 -0.135778
v -0.0881742 -0.06806 -0.1508
v -0.11451 -0.0311012 -0.176827
v -0.110254 -0.0188236 -0.190992
v -0.10548 -0.00578407 -0.20416
v -0.0493563 -0.0691523 -0.16558
v -0.0659372 -0.00714417 -0.219087
v -0.0483755 -0.0139129 -0.218993
v -0.0424741 0.00079437 -0.229303
v -0.0247886 -0.00557364 -0.228035
v -0.00702351 -0.0112087 -0.225495
v -0.000174812 -0.043432 -0.200655
v 0.0406001 0.00809409 -0.233797
v 0.0232103 0.0135578 -0.238219
v 0.029826 0.0293631 -0.244375
v 0.0175223 -0.0471733 -0.19636
v 0.0703767 0.0341112 -0.238644
v 0.0770286 0.0498988 -0.241995
v 0.0839761 0.0660839 -0.244244
v 0.0604706 0.0560266 -0.247923
v 0.0434972 0.0623642 -0.252398
v 0.026316 0.0689256 -0.255798
v 0.04066 0.103007 -0.258649
v 0.016131 0.0929233 -0.259935
v 0.0233766 0.110118 -0.260845
v 0.0550342 0.13696 -0.257224
v 0.0790749 0.146647 -0.251649
v 0.0888679 0.122778 -0.249299
v 0.105334 0.11583 -0.243618
v 0.112151 0.132773 -0.241115
v 0.102535 0.15655 -0.243767
v 0.118793 0.149785 -0.237895
v 0.134465 0.143046 -0.230663
v 0.140614 0.160307 -0.226505
v -0.139252 0.105298 -0.227527
v 0.1187 0.207633 -0.228578
v 0.0979741 0.19653 -0.239189
v 0.108789 0.173433 -0.239419
v 0.124955 0.166998 -0.233473
v 0.085867 0.163328 -0.24853
v 0.0688846 0.170397 -0.252034
v 0.0449445 0.161088 -0.257385
v 0.0378392 0.144183 -0.259383
v 0.0207302 0.151585 -0.260454
v 0.030646 0.127182 -0.260593
v 0.00605595 0.117251 -0.261957
v -0.0111891 0.124637 -0.26195
v -0.0282655 0.132179 -0.260767
v -0.0452433 0.139806 -0.258917
v -0.013129 0.166474 -0.259664
v -0.0037281 0.141855 -0.261776
v 0.00372323 0.159037 -0.260675
v 0.013409 0.134477 -0.261787
v 0.0185463 0.192959 -0.255276
v 0.00184176 0.200353 -0.254298
v -0.0223474 0.190727 -0.255638
v -0.0298685 0.173857 -0.257755
v -0.0463628 0.181195 -0.254792
v -0.0541337 0.164434 -0.255746
v -0.0783203 0.155407 -0.251424
v -0.0936378 0.121686 -0.248055
v -0.0696292 0.130633 -0.254597
v -0.0619292 0.147568 -0.255707
v -0.0860267 0.138568 -0.250262
v -0.0942601 0.163265 -0.246108
v -0.0705077 0.172176 -0.251589
v -0.117595 0.154511 -0.238448
v -0.12509 0.138029 -0.235971
v 0.0259765 0.209558 -0.251017
v 0.0656704 0.210412 -0.244921
v 0.081852 0.202717 -0.24281
v 0.0754439 0.186801 -0.247901
v 0.0588856 0.194271 -0.250096
v 0.0424536 0.20198 -0.251074
v 0.0352228 0.185388 -0.255265
v 0.0519399 0.177802 -0.254272
v 0.101833 0.213364 -0.233681
v 0.0111344 0.176105 -0.258549
v -0.00564594 0.183497 -0.257477
v -0.0375459 0.156845 -0.258898
v -0.0206962 0.149359 -0.260886
v -0.0186208 0.107439 -0.261163
v -0.00125126 0.100036 -0.261208
v -0.00847878 0.0828841 -0.259167
v 0.00897442 0.0757594 -0.258068
v -0.00509762 0.0419494 -0.250526
v -0.0119308 0.0256264 -0.244404
v 0.0279499 0.168567 -0.258396
v 0.0922561 0.179997 -0.244297
v 0.114376 0.190502 -0.234285
v 0.134665 0.202039 -0.222302
v 0.130575 0.184254 -0.228294
v 0.128019 0.125919 -0.234065
v 0.0911265 0.0824244 -0.24518
v 0.0746484 0.0891697 -0.250797
v 0.0674666 0.0725396 -0.249988
v 0.050496 0.0791884 -0.254591
v 0.0649949 0.112915 -0.255086
v 0.0982913 0.0990644 -0.244832
v 0.0818354 0.105927 -0.250593
v 0.0958565 0.139649 -0.247068
v 0.0620653 0.153795 -0.255069
v 0.0720824 0.129825 -0.253799
v 0.0478749 0.119995 -0.258336
v 0.0577713 0.0960425 -0.255255
v 0.0333792 0.0860148 -0.257786
v 0.0470108 0.0237329 -0.239745
v 0.0193324 0.0520589 -0.252466
v 0.0056606 0.0192945 -0.241939
v -0.0295297 0.03237 -0.245747
v -0.0709531 0.0310356 -0.237304
v -0.04702 0.0396032 -0.245823
v 0.00189724 0.0587253 -0.254966
v -0.0528405 0.122792 -0.257807
v -0.0845726 0.0967389 -0.249287
v -0.108125 0.0882507 -0.240097
v -0.102006 0.146495 -0.244867
v -0.109612 0.129847 -0.242589
v -0.124028 0.0967152 -0.23443
v -0.228761 -0.314176875 -0.176858625
v -0.232334 -0.335230125 -0.18587925
v -0.23590675 -0.356369375 -0.193739
v -0.239551375 -0.377738125 -0.200700125
v -0.212782890625 -0.360730546875 -0.199492375
v -0.209256078125 -0.33989925 -0.19235428125
v -0.1788698125 -0.28277534375 -0.1721711875
v -0.177059484375 -0.26160421875 -0.16206496875
v -0.203431765625 -0.298501640625 -0.17536546875
v -0.200780046875 -0.277375828125 -0.1651618125
v -0.19961375 -0.252706875 -0.151468125
v -0.17438909375 -0.240199234375 -0.15065384375
v -0.151952 -0.222680859375 -0.14515125
v -0.12887375 -0.180772 -0.121394375
v -0.106879028125 -0.183920296875 -0.127944859375
v -0.1081853125 -0.202796265625 -0.14018671875
v -0.0861803078125 -0.200990171875 -0.141349609375
v -0.130806140625 -0.22352234375 -0.149107140625
v -0.153672265625 -0.244241546875 -0.157151671875
v -0.108316954687 -0.222089546875 -0.150828171875
v -0.085582625 -0.22011825 -0.15154209375
v -0.0631165921875 -0.218028625 -0.151769734375
v -0.0426005453125 -0.19681575 -0.141879546875
v -0.0643011421875 -0.198928734375 -0.141826578125
v -0.04389658125 -0.178607296875 -0.130903984375
v -0.042994675 -0.1455025 -0.105207125
v -0.061795 -0.14720175 -0.10478075
v -0.143269375 -0.182493625 -0.11890625
v -0.12057825 -0.16591625 -0.111019375
v -0.173093375 -0.214682 -0.13428625
v -0.1934565 -0.23473025 -0.141333875
v -0.2146925 -0.254272875 -0.146183625
v -0.221059375 -0.27205075 -0.15552375
v -0.1653845 -0.199021 -0.12492025
v -0.186955125 -0.216481 -0.129276125
v -0.0960968 -0.148662875 -0.10046955
v -0.0804424625 -0.147573375 -0.102469175
v -0.0250677375 -0.143299125 -0.104440875
v -0.0033724175 -0.15476175 -0.115133
v 0.01340555125 -0.155161125 -0.11537675
v 0.0317675125 -0.15329675 -0.112965125
v 0.0493881625 -0.15049975 -0.109062375
v 0.066387675 -0.14681025 -0.1035225875
v 0.0830032375 -0.142393625 -0.0965110625
v 0.099348025 -0.137911125 -0.0868301875
v 0.1140780125 -0.136721875 -0.078038875
v 0.1520525 -0.16290925 -0.092191825
v 0.163095625 -0.17643975 -0.102593325
v 0.12632425 -0.148069 -0.0891014
v 0.109638071875 -0.152609703125 -0.100374948438
v 0.14599975 -0.1803626875 -0.1151502125
v 0.18268675 -0.20852825 -0.124295375
v 0.19695125 -0.211211125 -0.116349125
v 0.207712125 -0.226254375 -0.12499425
v 0.217089125 -0.2444515 -0.13619775
v 0.239815375 -0.26526775 -0.133210375
v 0.25024025 -0.28156225 -0.140247625
v 0.2592805 -0.301053875 -0.149966125
v 0.26755075 -0.321039125 -0.15893875
v 0.233722453125 -0.283274078125 -0.15533309375
v 0.241675390625 -0.303068 -0.16400928125
v 0.27512 -0.341577875 -0.167123625
v 0.2883395 -0.3842015 -0.1812985
v 0.263126765625 -0.36459165625 -0.186432921875
v 0.256354375 -0.3437981875 -0.17956265625
v 0.269304828125 -0.38591721875 -0.192708796875
v 0.27465915625 -0.407502234375 -0.198260171875
v 0.29557025 -0.42506525 -0.1929545
v -0.2250625 -0.29319625 -0.166923875
v 0.27925125 -0.429126 -0.202997125
v 0.25250075 -0.414287625 -0.207947
v 0.24897090625 -0.389790484375 -0.201552828125
v 0.242814828125 -0.3688426875 -0.195863671875
v 0.23617915625 -0.348227046875 -0.18949165625
v 0.229167625 -0.327895140625 -0.1824023125
v 0.2144163125 -0.287739296875 -0.16662221875
v 0.198668171875 -0.248683171875 -0.148334890625
v 0.190234015625 -0.22980621875 -0.138041484375
v 0.171026828125 -0.235094265625 -0.14818471875
v 0.163064078125 -0.21618996875 -0.13813128125
v 0.15472334375 -0.197926578125 -0.127064125
v 0.12760484375 -0.1857734375 -0.12527084375
v 0.0922347203125 -0.158053796875 -0.109609757812
v 0.0743160109375 -0.163065828125 -0.116591432813
v 0.0558182171875 -0.166986203125 -0.1216985625
v 0.0615416640625 -0.184491828125 -0.133365203125
v 0.0167384925625 -0.172165828125 -0.127692140625
v -0.0032122915 -0.17425728125 -0.12926009375
v -0.0234290449375 -0.176437140625 -0.130359984375
v -0.0247558717187 -0.1593068125 -0.118068015625
v -0.021368247125 -0.194605125 -0.141425859375
v 0.0029626885 -0.21132525 -0.1503326875
v -0.0188089430625 -0.213631359375 -0.15127
v -0.0386298328125 -0.235519640625 -0.1605834375
v -0.10713456875 -0.262023875 -0.168941796875
v -0.1307373125 -0.284490453125 -0.17691046875
v -0.106378820313 -0.282702828125 -0.17690609375
v -0.130477625 -0.305458828125 -0.184855296875
v -0.155332703125 -0.30586753125 -0.18426609375
v -0.18003740625 -0.303570609375 -0.181316109375
v -0.1817918125 -0.323963609375 -0.18955678125
v -0.184756375 -0.34424640625 -0.196845875
v -0.158914609375 -0.3472183125 -0.199136125
v -0.160236625 -0.370795 -0.206502125
v -0.190274 -0.389078875 -0.2103665
v -0.216619296875 -0.381997625 -0.205780234375
v -0.199204125 -0.404096125 -0.213421625
v -0.22065275 -0.403558625 -0.21127975
v -0.240157 -0.397157 -0.206599375
v -0.15630953125 -0.326541046875 -0.1920724375
v -0.130685421875 -0.326839734375 -0.19235815625
v -0.105634667188 -0.30383825 -0.184431359375
v -0.105031928125 -0.325337234375 -0.19142721875
v -0.0803559015625 -0.301951703125 -0.18357465625
v -0.057487675 -0.278702 -0.175990265625
v -0.0361552440625 -0.255751796875 -0.168381203125
v -0.0596111015625 -0.2579405625 -0.16879340625
v -0.009498083125 -0.2738906875 -0.1746013125
v -0.030862776875 -0.297286265625 -0.181759390625
v -0.006209345625 -0.294568125 -0.18092465625
v 0.0185148715625 -0.291715421875 -0.180093765625
v 0.04765020625 -0.308934671875 -0.185260765625
v 0.0773341421875 -0.32520525 -0.19059303125
v 0.1303325 -0.338084875 -0.19613425
v 0.1610665 -0.350886625 -0.200144625
v 0.18583584375 -0.340441 -0.19514784375
v 0.221481203125 -0.374364765625 -0.202485265625
v 0.2277745 -0.395177046875 -0.207665671875
v 0.2136735 -0.41890525 -0.214607
v 0.260809875 -0.4293905 -0.208948625
v 0.23352075 -0.416479625 -0.211803625
v 0.20436975 -0.404245375 -0.212859625
v 0.178065625 -0.386218875 -0.210149625
v 0.199752546875 -0.3803520625 -0.20694640625
v -0.188572015625 -0.364851953125 -0.20345140625
v 0.186799125 -0.4028865 -0.213678
v -0.20610178125 -0.31920615625 -0.18429934375
v -0.13104571875 -0.243556625 -0.159415984375
v -0.129496140625 -0.20340275 -0.1373925625
v -0.15120925 -0.197858625 -0.1287965
v 0.21482834375 -0.3539465 -0.19654853125
v 0.207925328125 -0.33381459375 -0.189880390625
v 0.20081828125 -0.313750125 -0.182604984375
v 0.19359103125 -0.293784484375 -0.174788109375
v 0.17886896875 -0.320558390625 -0.188249421875
v 0.149708921875 -0.30767346875 -0.18501528125
v 0.14309 -0.28760746875 -0.17739809375
v 0.107515001563 -0.254281828125 -0.165644453125
v 0.114115103125 -0.274257078125 -0.173328828125
v 0.0852100875 -0.259977265625 -0.168821296875
v 0.120559865625 -0.2942923125 -0.1808313125
v 0.0970600171875 -0.300078453125 -0.18312278125
v 0.0726626171875 -0.30487990625 -0.184492265625
v 0.067490671875 -0.2847693125 -0.177926265625
v 0.0383894109375 -0.268413765625 -0.172651203125
v 0.0145142371875 -0.271238109375 -0.173721984375
v 0.0104512353125 -0.25094915625 -0.166863171875
v 0.0066154528125 -0.230924703125 -0.159148296875
v 0.0289012692187 -0.228483453125 -0.157770359375
v 0.0508889859375 -0.225577234375 -0.155791359375
v 0.07267595625 -0.221423421875 -0.152898125
v 0.0670100765625 -0.202719015625 -0.143640671875
v 0.04580578125 -0.206223484375 -0.14667528125
v 0.0204492294375 -0.190089796875 -0.138832203125
v 0.0879749390625 -0.197688453125 -0.139130578125
v 0.122307445312 -0.228760453125 -0.152672046875
v 0.12929075 -0.247947328125 -0.161398765625
v 0.136232234375 -0.267642203125 -0.169525015625
v 0.164897046875 -0.28062559375 -0.172726625
v 0.15778115625 -0.260820203125 -0.16444225
v 0.1505470625 -0.24134203125 -0.155720328125
v 0.143136203125 -0.22225890625 -0.146376875
v 0.13556034375 -0.203708515625 -0.136300359375
v 0.171926234375 -0.300568890625 -0.18066996875
v 0.078889834375 -0.240439671875 -0.16120946875
v 0.0565318296875 -0.245175453125 -0.163949875
v 0.100810325 -0.234851515625 -0.157484359375
v 0.0941682953125 -0.216057328125 -0.148785578125
v 0.115292348438 -0.210111046875 -0.14338975
v 0.108282151562 -0.192036125 -0.13321834375
v 0.0814647984375 -0.179977515625 -0.128411578125
v 0.0243998319375 -0.2089390625 -0.148808578125
v -0.0159321792187 -0.233271453125 -0.1600340625
v 0.0335648520312 -0.2483829375 -0.165674421875
v 0.06210225 -0.2648879375 -0.1711605
v 0.1266342125 -0.3144764375 -0.188045796875
v 0.0912598203125 -0.279959453125 -0.17606184375
v 0.19281990625 -0.360279078125 -0.201407171875
v 0.170441625 -0.36701875 -0.2050985
v 0.156212421875 -0.32772928125 -0.1922953125
v 0.102384482813 -0.320347125 -0.189799046875
v 0.141066875 -0.351536875 -0.20054225
v 0.08160355 -0.345717375 -0.196333625
v 0.058491575 -0.3473565 -0.195584125
v 0.00016143825 -0.336789 -0.19175875
v -0.0281556827969 -0.318413265625 -0.187562359375
v -0.00288256240625 -0.3155635 -0.186610328125
v -0.0790273671875 -0.323396359375 -0.190049109375
v -0.1039875875 -0.34714075 -0.197810625
v -0.128281125 -0.35108475 -0.20013675
v -0.025950774875 -0.339915875 -0.19271875
v -0.0775223125 -0.3450395 -0.19591725
v -0.0515281875 -0.34258225 -0.194078375
v -0.0554276796875 -0.299744109375 -0.182630859375
v -0.0534994234375 -0.321043640625 -0.188706125
v 0.026376650125 -0.333185875 -0.191357125
v 0.0492804875 -0.332633125 -0.191695375
v 0.1074217625 -0.34067425 -0.196221875
v 0.0431720484375 -0.288568875 -0.179173875
v 0.0225331328281 -0.312292484375 -0.1859695
v -0.0127159904687 -0.253408875 -0.167736953125
v -0.033515833125 -0.276394 -0.175342015625
v -0.138535875 -0.366815 -0.2048565
v -0.170658875 -0.38613775 -0.2105075
v -0.0818292375 -0.280801578125 -0.176558140625
v -0.15502809375 -0.285397546875 -0.1759458125
v -0.154595953125 -0.264943765625 -0.1670533125
v -0.131014640625 -0.263908640625 -0.168538734375
v -0.08326959375 -0.260051296875 -0.169009578125
v -0.0846460703125 -0.239745359375 -0.16075328125
v -0.0615131265625 -0.23767071875 -0.160815890625
v -0.0003424686875 -0.192356546875 -0.140350359375
v 0.04112300625 -0.1876739375 -0.136643390625
v 0.0364267984375 -0.170030421875 -0.125446671875
v 0.100646835937 -0.1745004375 -0.121802109375
v 0.186220640625 -0.273980875 -0.166419171875
v 0.178751703125 -0.254356890625 -0.15762971875
v 0.206695984375 -0.26803646875 -0.157839328125
v 0.2218991875 -0.307714171875 -0.1747580625
v 0.293811125 -0.405889625 -0.187147875
v 0.282055 -0.362701125 -0.17455175
v 0.24917621875 -0.323289875 -0.172080984375
v 0.22659675 -0.26091025 -0.143158125
v 0.119036928125 -0.168643625 -0.113210276562
v 0.13756525 -0.1609355 -0.0993950375
v 0.172706 -0.19341625 -0.11547775
v -0.00884251125 -0.14342225 -0.10485475
v -0.0844485390625 -0.164936828125 -0.1167412875
v -0.064312215625 -0.163509125 -0.118139375
v -0.0442113046875 -0.161520890625 -0.11866396875
v -0.0647359046875 -0.180678578125 -0.1306874375
v -0.085833953125 -0.182549234375 -0.12981775
v -0.0408937640625 -0.2158656875 -0.151672671875
v -0.107847920313 -0.2417295625 -0.160346640625
v -0.1055275125 -0.16272975 -0.1116798
v -0.2143795625 -0.29583475 -0.17131975
v -0.204727625 -0.3088845625 -0.1799689375
v -0.217556125 -0.31668775 -0.1807310625
v -0.2269355 -0.3036955 -0.1720415
v -0.207621 -0.3295433125 -0.1884351875
v -0.2209008125 -0.3375760625 -0.1892593125
v -0.2305545 -0.324692 -0.181495
v -0.2109778125 -0.3502771875 -0.1960344375
v -0.2244206875 -0.3585569375 -0.1967456875
v -0.2341175 -0.3457805 -0.18994
v -0.214668 -0.37131275 -0.2027448125
v -0.228156375 -0.3798853125 -0.2033610625
v -0.2377035 -0.367023 -0.197338
v -0.2186229375 -0.392759 -0.208587125
v -0.232166 -0.4014885 -0.209129
v -0.241494 -0.3885115 -0.2037885
v -0.19718825 -0.3421769375 -0.1948790625
v -0.18658725 -0.3544911875 -0.2002399375
v -0.200841625 -0.36287625 -0.2017190625
v -0.1906535625 -0.375355375 -0.2064469375
v -0.2047980625 -0.3840401875 -0.207715875
v -0.1941485 -0.321739625 -0.1872593125
v -0.1831365 -0.3340909375 -0.1933025625
v -0.1660360625 -0.263746875 -0.1650033125
v -0.154854625 -0.27517975 -0.1715871875
v -0.167102875 -0.284538125 -0.174457375
v -0.178074125 -0.2722219375 -0.167251125
v -0.1551535 -0.2956154375 -0.1801688125
v -0.167771625 -0.305102375 -0.1831413125
v -0.179461375 -0.2932264375 -0.176857125
v -0.19195425 -0.3012253125 -0.178710875
v -0.2021474375 -0.2879805 -0.1704104375
v -0.190077375 -0.280232 -0.169057875
v -0.199235 -0.2667423125 -0.1596775625
v -0.187518875 -0.25893075 -0.1583595625
v -0.16428125 -0.2426555625 -0.1543990625
v -0.1542149375 -0.2546713125 -0.1623045625
v -0.1758110625 -0.2509601875 -0.15658075
v -0.195694 -0.2453795 -0.148101
v -0.184037625 -0.237520375 -0.1461768125
v -0.1807865 -0.31380325 -0.1855553125
v -0.2231265 -0.2826275 -0.161386
v -0.2110323125 -0.2746745625 -0.160527375
v -0.218793 -0.2615275 -0.149433
v -0.207123 -0.253502 -0.1488455
v -0.1617913125 -0.2206745 -0.141602
v -0.152928625 -0.233533625 -0.151405375
v -0.1728538125 -0.22923075 -0.144139625
v -0.190994 -0.2239695 -0.1337565
v -0.1799885 -0.2156485 -0.1318
v -0.1395490625 -0.2025813125 -0.1348313125
v -0.1303105625 -0.2134628125 -0.143464
v -0.1415969375 -0.2235289375 -0.14754625
v -0.150710375 -0.2118165625 -0.138474875
v -0.13100675 -0.2335263125 -0.1544213125
v -0.1425203125 -0.244309375 -0.158650875
v -0.169269 -0.2067915 -0.129693
v -0.158309 -0.1984145 -0.126868
v -0.1131575 -0.1642255 -0.111381
v -0.1055553125 -0.17451675 -0.121137625
v -0.1170178125 -0.184006 -0.1262135
v -0.1247595 -0.1734955 -0.1163545
v -0.107723875 -0.1933256875 -0.1342853125
v -0.11899475 -0.2033746875 -0.1390976875
v -0.128339 -0.1933971875 -0.1307935
v -0.147252 -0.19024 -0.123966
v -0.1360935 -0.1815545 -0.120147
v -0.0941343375 -0.1652338125 -0.1155650875
v -0.0853926125 -0.1736721875 -0.1234630625
v -0.09642855 -0.1833709375 -0.1290824375
v -0.086117 -0.19166675 -0.1357696875
v -0.09720825 -0.201966625 -0.1408996875
v -0.08596243125 -0.2104849375 -0.14658825
v -0.09693769375 -0.2211305 -0.151270625
v -0.1083588 -0.212395375 -0.1456768125
v -0.119659625 -0.2229646875 -0.1501540625
v -0.0752628125 -0.1816465 -0.1303423125
v -0.06460600625 -0.1896785 -0.1364285625
v -0.07521823125 -0.1999713125 -0.1416495
v -0.0637847875 -0.2083954375 -0.1469235
v -0.07431253125 -0.2190835 -0.15170325
v -0.10813239375 -0.2318453125 -0.155713375
v -0.1194688125 -0.242680875 -0.1599663125
v -0.131056375 -0.2536951875 -0.164100625
v -0.1428865 -0.2647799375 -0.1680936875
v -0.08516014375 -0.2298573125 -0.156267625
v -0.09624136875 -0.240750125 -0.16060175
v -0.06235620625 -0.2277783125 -0.1564156875
v -0.0730589375 -0.2387180625 -0.160822875
v -0.0534081625 -0.197881125 -0.1419080625
v -0.041806625 -0.2062531875 -0.146901625
v -0.0519839875 -0.216956 -0.1517571875
v -0.03981233125 -0.2256193125 -0.1562520625
v -0.05004179375 -0.2366058125 -0.1607376875
v -0.03362309375 -0.177529125 -0.13071675
v -0.022473221 -0.1854028125 -0.13604425
v -0.03193954375 -0.195719875 -0.141726625
v -0.04332515625 -0.1875873125 -0.1365470625
v -0.020136971 -0.2040266875 -0.1464921875
v -0.02982496875 -0.21475775 -0.15152325
v -0.05427400625 -0.1796613125 -0.1308844375
v -0.034426775 -0.1604225625 -0.1184814375
v -0.02421287125 -0.1677255 -0.1243856875
v -0.04423094375 -0.169915125 -0.124950125
v -0.0647273625 -0.1719628125 -0.1245611875
v -0.05420271875 -0.162561 -0.1185266875
v -0.024989218125 -0.15122 -0.111353625
v -0.043720725 -0.1534346875 -0.112024
v -0.0340033 -0.1444185 -0.104951
v -0.0632223 -0.1552954375 -0.1115115625
v -0.0523146 -0.1464635 -0.1051795
v -0.07445099375 -0.1643315 -0.1175718125
v -0.08265729375 -0.156244375 -0.1096880875
v -0.0712678 -0.1476175 -0.1039235
v -0.10071855 -0.1557355 -0.1061562
v -0.08902845 -0.146932 -0.1002792
v -0.006146195 -0.149075 -0.1099925
v -0.015105336875 -0.1582144375 -0.117512625
v -0.01591525 -0.142232 -0.1037065
v 0.01504181 -0.163596625 -0.1216203125
v 0.006797364 -0.1731984375 -0.1285379375
v -0.0044631025 -0.1655694375 -0.123244375
v 0.003932705 -0.156054 -0.1162895
v -0.013289936 -0.1753416875 -0.1298709375
v 0.034093025 -0.1615969375 -0.1193009375
v 0.02661055625 -0.171160125 -0.126710375
v 0.0226825 -0.1542925 -0.1143095
v 0.05265978125 -0.1586650625 -0.115445375
v 0.0462004625 -0.1686258125 -0.1237550625
v 0.04066455 -0.1520225 -0.111221
v 0.07041030625 -0.154892 -0.11015023125
v 0.06516673125 -0.1651515 -0.1193401875
v 0.0579529 -0.1487585 -0.1064745
v 0.08767941875 -0.150171125 -0.10312953125
v 0.0833360625 -0.1606733125 -0.11336379375
v 0.0747214 -0.1446665 -0.10027185
v 0.1045586625 -0.1451601875 -0.0936542625
v 0.10101981875 -0.155287125 -0.1052818125
v 0.09128235 -0.140058 -0.092029
v 0.1204845 -0.141247 -0.08193235
v 0.11803619375 -0.1502579375 -0.09488415625
v 0.10698955 -0.1362045 -0.08091915
v 0.1546476875 -0.1782875 -0.1090534125
v 0.1413741875 -0.171886625 -0.1088529125
v 0.1447985 -0.161909 -0.0957663
v 0.1579675 -0.168448 -0.0957018
v 0.1638016875 -0.1955724375 -0.12144475
v 0.1504298125 -0.189049625 -0.1212144375
v 0.167989 -0.184799 -0.1091635
v 0.1279466875 -0.165949375 -0.10812154375
v 0.114455025 -0.160460125 -0.10688885625
v 0.1317125 -0.155477 -0.09604785
v 0.109939025 -0.171549625 -0.1177660625
v 0.0965482625 -0.1661468125 -0.1158135
v 0.1452969375 -0.200676625 -0.13198825
v 0.1316449375 -0.194653875 -0.130914625
v 0.1369518125 -0.18289275 -0.1205204375
v 0.1234111875 -0.177092375 -0.1193535
v 0.202735 -0.2174535 -0.1190565
v 0.1991044375 -0.2278945 -0.13173275
v 0.18588925 -0.22054975 -0.132649125
v 0.189752 -0.209887 -0.12032
v 0.180838125 -0.232261125 -0.1434906875
v 0.167084 -0.2255804375 -0.1432603125
v 0.17252075 -0.213576 -0.13298975
v 0.1589393125 -0.2069726875 -0.1327178125
v 0.177305 -0.202182 -0.1216015
v 0.2079926875 -0.2464543125 -0.1424775
v 0.1944985625 -0.239183375 -0.1432788125
v 0.2124915 -0.235254 -0.1307145
v 0.21636525 -0.265615 -0.15235
v 0.202728125 -0.2583075625 -0.1531835
v 0.221521 -0.253846 -0.1414245
v 0.242200125 -0.2822035 -0.14807525
v 0.2295531875 -0.273531625 -0.150679125
v 0.233126 -0.263117 -0.138162
v 0.2453715 -0.272164 -0.1350775
v 0.2506469375 -0.3018538125 -0.1572325625
v 0.237760875 -0.2931171875 -0.15976225
v 0.2548675 -0.291219 -0.145205
v 0.2584874375 -0.32198025 -0.165715
v 0.2454729375 -0.3131335625 -0.168116875
v 0.2635065 -0.3109865 -0.1545475
v 0.2658423125 -0.3425161875 -0.17352125
v 0.2528079375 -0.3335129375 -0.1758975625
v 0.2714185 -0.331234 -0.1631295
v 0.232027875 -0.3051106875 -0.1698065625
v 0.2181851875 -0.297696625 -0.1707603125
v 0.2243696875 -0.2852033125 -0.161451375
v 0.2105893125 -0.2778498125 -0.1623170625
v 0.2393691875 -0.3253365 -0.1776264375
v 0.2255615625 -0.3177843125 -0.1786421875
v 0.2726955625 -0.363461375 -0.180666125
v 0.2598018125 -0.3541410625 -0.1830723125
v 0.2786655 -0.3520775 -0.170925
v 0.28432425 -0.4065450625 -0.1929270625
v 0.2720900625 -0.3966940625 -0.1955893125
v 0.2789218125 -0.384895375 -0.187188125
v 0.2911815 -0.395031 -0.184344
v 0.26630575 -0.3752000625 -0.189650875
v 0.2852885 -0.373417 -0.178022
v 0.25928925 -0.387595 -0.1974915625
v 0.245966625 -0.3792685625 -0.198801375
v 0.25313925 -0.366462 -0.1915045625
v 0.2395494375 -0.3584959375 -0.1927653125
v 0.2464459375 -0.3457675625 -0.184891625
v 0.2327126875 -0.33803475 -0.1860280625
v 0.264637625 -0.409062875 -0.202701125
v 0.25179375 -0.400425375 -0.2040924375
v 0.296225 -0.4167615 -0.1896995
v 0.288994 -0.4282195 -0.1978685
v 0.2770098125 -0.418313375 -0.200689125
v 0.269097 -0.4306865 -0.206896
v 0.2566685 -0.4217275 -0.2085385
v 0.2306898125 -0.405791375 -0.2098145625
v 0.238445625 -0.3923654375 -0.204909
v 0.2441345 -0.413661 -0.2094555
v 0.2246904375 -0.3847105625 -0.205197125
v 0.2322353125 -0.371504 -0.199492875
v 0.218190375 -0.3641125 -0.1996064375
v 0.2256161875 -0.350979375 -0.19334625
v 0.2114055 -0.3438595 -0.1932994375
v 0.2186728125 -0.3307408125 -0.1864595625
v 0.2043913125 -0.323774875 -0.186312625
v 0.211484125 -0.31061075 -0.1789974375
v 0.1972210625 -0.303750125 -0.1787663125
v 0.2041368125 -0.290630125 -0.17103775
v 0.1899195625 -0.2838628125 -0.170661875
v 0.1966114375 -0.270868875 -0.1624788125
v 0.18250825 -0.2641344375 -0.1620915625
v 0.1888875 -0.251364125 -0.1533475625
v 0.1749203125 -0.244681625 -0.1529843125
v 0.1683618125 -0.2575211875 -0.1612955625
v 0.154183375 -0.2510354375 -0.160147625
v 0.1609101875 -0.2381406875 -0.1522279375
v 0.146861625 -0.2317426875 -0.1511329375
v 0.1532438125 -0.219117375 -0.142551375
v 0.1393799375 -0.2129121875 -0.1414435625
v 0.1255514375 -0.2069081875 -0.1400836875
v 0.1118243 -0.2010098125 -0.1384466875
v 0.1180598125 -0.1889005 -0.1295081875
v 0.10455723125 -0.1831649375 -0.1276369375
v 0.09115421875 -0.177329125 -0.125331625
v 0.0779878625 -0.1714238125 -0.12265975
v 0.0715822 -0.1823874375 -0.1310989375
v 0.0587502875 -0.175619 -0.127692125
v 0.05137843125 -0.186223625 -0.135181875
v 0.03877709375 -0.1787305 -0.13121225
v 0.08478575625 -0.1887385 -0.1339033125
v 0.0775447875 -0.2003428125 -0.141564375
v 0.06427801875 -0.1935330625 -0.1386569375
v 0.05643404375 -0.2046305 -0.1453115625
v 0.04344363125 -0.1968375 -0.1417858125
v 0.03080589375 -0.188933875 -0.1378441875
v 0.01855602275 -0.1810024375 -0.1334205
v 0.010075149 -0.1912280625 -0.139655375
v -0.0018359635 -0.1831899375 -0.1349525
v -0.01082974475 -0.193483125 -0.1409538125
v 0.00125984275 -0.20174625 -0.1454824375
v -0.0078770285 -0.2124856875 -0.150874
v 0.0223729415 -0.19941125 -0.1439540625
v 0.0137021215 -0.2101545625 -0.1496435
v 0.02660257375 -0.2186455 -0.15341825
v 0.017795808125 -0.22973075 -0.1585265
v 0.00475778625 -0.22105975 -0.1548850625
v -0.004633429375 -0.2321075625 -0.1596424375
v -0.01741371375 -0.223383 -0.1557860625
v -0.0272621375 -0.2344085 -0.1603483125
v -0.014345235625 -0.2432865625 -0.1640076875
v -0.0244171575 -0.254599 -0.1680878125
v -0.037413775 -0.24557225 -0.1646104375
v -0.04787294375 -0.2568601875 -0.16861325
v -0.06059685 -0.2477320625 -0.164924875
v -0.0839914875 -0.249825625 -0.1649875
v -0.0951864625 -0.261051375 -0.1690119375
v -0.1075063375 -0.2518091875 -0.1647421875
v -0.0825535875 -0.2703755625 -0.1728588125
v -0.09410703125 -0.2817683125 -0.176765375
v -0.1067595375 -0.2723133125 -0.17298725
v -0.11857675 -0.283629 -0.1769725
v -0.1308964375 -0.274163625 -0.1727938125
v -0.1190873125 -0.262983125 -0.16880275
v -0.10598999375 -0.29321775 -0.180725875
v -0.1180910625 -0.3047250625 -0.184723875
v -0.1305728125 -0.2949194375 -0.1809333125
v -0.1428964375 -0.305913 -0.1847700625
v -0.142897 -0.2852308125 -0.176665875
v -0.0810823125 -0.2913325 -0.1801305
v -0.09300635625 -0.3029249375 -0.1840333125
v -0.10535445 -0.3145445 -0.1880073125
v -0.1178923125 -0.3262238125 -0.1919916875
v -0.1305264375 -0.316116875 -0.188669375
v -0.143493375 -0.326957625 -0.1924321875
v -0.1556675625 -0.3161879375 -0.1882475625
v -0.16912725 -0.3255535625 -0.1911375625
v -0.1574100625 -0.33689125 -0.1956999375
v -0.1720195 -0.3459449375 -0.1982669375
v -0.160768625 -0.357502 -0.2023870625
v -0.1759491875 -0.3665155625 -0.2047150625
v -0.13092075 -0.3375735625 -0.19590425
v -0.1453786875 -0.3480123125 -0.1994473125
v -0.133404 -0.359146 -0.202592
v -0.1493455 -0.36879 -0.2057
v -0.1805585 -0.387617 -0.2104835
v -0.165613 -0.378554 -0.2086425
v -0.208749 -0.40542 -0.212954
v -0.1947675 -0.3966105 -0.2119525
v -0.1045496875 -0.3362171875 -0.1946645625
v -0.1174985 -0.347933 -0.198721
v -0.07969309375 -0.3126425625 -0.186889375
v -0.09202215 -0.324407375 -0.1907591875
v -0.0782922 -0.334204375 -0.1930283125
v -0.09067985 -0.346158 -0.1968715
v -0.06961329375 -0.27977875 -0.1762921875
v -0.05644061875 -0.2891915625 -0.1793763125
v -0.067833075 -0.300885125 -0.1831003125
v -0.0544581 -0.310360625 -0.185754375
v -0.06621196875 -0.3222663125 -0.1893585
v -0.03484532625 -0.2660329375 -0.171943875
v -0.04548085625 -0.2775735 -0.175675125
v -0.05855960625 -0.2682744375 -0.17247225
v -0.03219857625 -0.2868133125 -0.1786191875
v -0.04312951875 -0.2985475625 -0.182186875
v -0.0714105625 -0.2590093125 -0.168931125
v -0.01110755125 -0.2636189375 -0.171251875
v -0.02151560125 -0.27516425 -0.1749861875
v -0.001109049375 -0.2521885 -0.1673325
v 0.01247293625 -0.2610653125 -0.1703740625
v 0.00251879875 -0.27257975 -0.1741810625
v 0.0165182675 -0.281462125 -0.176965125
v 0.00615086125 -0.293164 -0.1805126875
v -0.00786575125 -0.2841980625 -0.177834125
v -0.01855163875 -0.295951 -0.1813394375
v -0.00452765625 -0.3050279375 -0.18384725
v -0.0155292561875 -0.3170328125 -0.1870509375
v -0.02947765625 -0.30780825 -0.184746625
v -0.0408132 -0.31975475 -0.18811075
v 0.02053389375 -0.3019760625 -0.1830981875
v 0.0098357563125 -0.3139554375 -0.186274375
v 0.026467425 -0.2698724375 -0.173220625
v 0.04080630625 -0.278469875 -0.1759638125
v 0.030868575 -0.2901991875 -0.179658125
v 0.0454422125 -0.298726125 -0.1822696875
v 0.035117 -0.3106585 -0.185622125
v 0.05538536875 -0.2867780625 -0.178609125
v 0.07012225625 -0.2947963125 -0.1812496875
v 0.0601956 -0.3070021875 -0.1849139375
v 0.0750613875 -0.3150160625 -0.187600625
v 0.06465175 -0.327435375 -0.1907919375
v 0.0498294375 -0.3191875625 -0.188156625
v 0.0392423 -0.331364 -0.1911805
v 0.0244703875625 -0.322713125 -0.1886988125
v 0.08496069375 -0.3025866875 -0.183906375
v 0.0997751125 -0.3101985625 -0.1865055625
v 0.08993049375 -0.322871625 -0.1902849375
v 0.10492126875 -0.3305076875 -0.193026875
v 0.09455355 -0.343266 -0.196361
v 0.07949645625 -0.3354479375 -0.19348775
v 0.06866045 -0.3481595 -0.1962835
v 0.05386425 -0.3400725 -0.193609
v 0.1383055625 -0.311156375 -0.1866939375
v 0.1529454375 -0.3177196875 -0.188724125
v 0.1445400625 -0.3312808125 -0.1937928125
v 0.1295884375 -0.3245810625 -0.1915395625
v 0.15958475 -0.3376594375 -0.195657625
v 0.150999 -0.351249 -0.2003625
v 0.1357465 -0.3449045 -0.1984285
v 0.1146397875 -0.317544375 -0.18906675
v 0.1201195 -0.337811 -0.1957725
v 0.167641375 -0.3241313125 -0.1904541875
v 0.182348375 -0.33051325 -0.1917834375
v 0.174577375 -0.3439361875 -0.197171375
v 0.1893275 -0.35034975 -0.1983624375
v 0.1816551875 -0.3636206875 -0.2033268125
v 0.166793 -0.3572955 -0.202144
v 0.18993725 -0.317082 -0.185661
v 0.19696575 -0.3370575625 -0.192747
v 0.2038869375 -0.357050375 -0.199191625
v 0.217018625 -0.3980825 -0.2099284375
v 0.2031045625 -0.3905634375 -0.209479875
v 0.210633 -0.3773438125 -0.2049339375
v 0.196309625 -0.3702685625 -0.204262
v 0.2226105 -0.4193755 -0.213731
v 0.2089795 -0.4116255 -0.213801
v 0.181583 -0.396058 -0.2123725
v 0.1889016875 -0.3833004375 -0.2086301875
v 0.1956855 -0.403474 -0.2133295
v 0.1742755 -0.3765995 -0.207746
v 0.1754015 -0.3105683125 -0.184526
v 0.1828388125 -0.2971110625 -0.1779634375
v 0.1684234375 -0.290586 -0.176738125
v 0.175632625 -0.277241125 -0.169811125
v 0.160899375 -0.304117 -0.1830139375
v 0.1540635625 -0.28411025 -0.175237625
v 0.146428 -0.2976334375 -0.18124
v 0.1236359125 -0.3043714375 -0.184477125
v 0.1319341875 -0.291029625 -0.179262
v 0.1470730625 -0.264217125 -0.1671669375
v 0.161351 -0.270693625 -0.168631625
v 0.13968225 -0.2776034375 -0.173489375
v 0.1173724 -0.2842653125 -0.177106125
v 0.125253375 -0.2710256875 -0.171571875
v 0.11162578125 -0.2318685625 -0.1552365625
v 0.1258050625 -0.2382869375 -0.157108625
v 0.1184631875 -0.251177125 -0.1636771875
v 0.10417064375 -0.2444848125 -0.161626875
v 0.1327674375 -0.257744625 -0.1655161875
v 0.1108295625 -0.26423425 -0.1695266875
v 0.1027960375 -0.277225875 -0.1748171875
v 0.0882679 -0.2699335625 -0.1724705625
v 0.09644756875 -0.2572139375 -0.167347875
v 0.082066175 -0.25014225 -0.165082125
v 0.08989889375 -0.23772125 -0.159471625
v 0.108930775 -0.297311125 -0.182108
v 0.09420605625 -0.29000325 -0.1796270625
v 0.07947009375 -0.2824851875 -0.1770876875
v 0.06481823125 -0.2748029375 -0.174575375
v 0.07375175625 -0.262575625 -0.1700985625
v 0.05934004375 -0.2550150625 -0.167645125
v 0.06778149375 -0.2429686875 -0.162709
v 0.05029124375 -0.266793125 -0.1719879375
v 0.0450988 -0.246927125 -0.16491175
v 0.0359657875 -0.2583851875 -0.16924775
v 0.022012433125 -0.249702125 -0.1663176875
v 0.031216020625 -0.2384058125 -0.1618521875
v 0.008506005 -0.2408950625 -0.163131125
v 0.03511438125 -0.2076441875 -0.1478300625
v 0.04827626875 -0.2158341875 -0.1513475625
v 0.03992546875 -0.2271405625 -0.1568731875
v 0.053677825 -0.23536025 -0.159995375
v 0.0697885625 -0.212026 -0.14838975
v 0.0618124 -0.223668625 -0.15448125
v 0.0757347375 -0.2308806875 -0.15715975
v 0.09105655 -0.2068090625 -0.144089
v 0.0834599 -0.2188503125 -0.15099725
v 0.09744788125 -0.22539025 -0.1532273125
v 0.09823729375 -0.1949425 -0.1363871875
v 0.10480520625 -0.2131525 -0.1462700625
v 0.1328175 -0.22551525 -0.149734625
v 0.11879496875 -0.219364875 -0.1481153125
v 0.1399963125 -0.2446399375 -0.158761875
v 0.0133105005 -0.3350195 -0.191518
v -0.001335943375 -0.3261608125 -0.1892223125
v -0.0270093249375 -0.3291353125 -0.1901880625
v -0.0129529495 -0.3384185 -0.192175
v -0.03875015 -0.341289 -0.193342
v -0.05251919375 -0.3317956875 -0.191445375
v -0.064462 -0.34384 -0.1949615
v -0.215963 -0.3062815 -0.17616875
v -0.2192045 -0.3271225 -0.1851115
v -0.22263775 -0.34803875 -0.19312375
v -0.226255 -0.369177 -0.200166
v -0.2301405 -0.39066825 -0.20630725
v -0.1989575 -0.352476 -0.198399
v -0.202804 -0.373412 -0.20482525
v -0.1955705 -0.33194475 -0.19117325
v -0.1666475 -0.27416925 -0.1698405
v -0.167426 -0.29484225 -0.178886
v -0.1910415 -0.2907845 -0.1740175
v -0.188911 -0.2696005 -0.163855
v -0.16524475 -0.25328225 -0.15991375
v -0.1858775 -0.2482635 -0.15252225
v -0.1929665 -0.31152175 -0.183115
v -0.21276025 -0.2852785 -0.16607925
v -0.209123 -0.26408475 -0.15474425
v -0.16315325 -0.231747 -0.1482865
v -0.18205 -0.226623 -0.139157
v -0.1407495 -0.21306925 -0.141428
v -0.14216025 -0.2339525 -0.153304
v -0.160126 -0.209556 -0.1343715
v -0.115232 -0.17415425 -0.11894025
v -0.11822625 -0.19370375 -0.13291475
v -0.13792675 -0.192073 -0.12763825
v -0.09558025 -0.17428675 -0.12255825
v -0.09696725 -0.192596 -0.1351885
v -0.09716345 -0.2114875 -0.14623925
v -0.11946075 -0.213146 -0.144816
v -0.07533375 -0.19069 -0.13617425
v -0.074843475 -0.20945025 -0.14680875
v -0.11962675 -0.23277775 -0.15519625
v -0.142758 -0.254569 -0.1635365
v -0.096635825 -0.2308675 -0.15605725
v -0.07372845 -0.22882775 -0.15638425
v -0.052764575 -0.2073325 -0.14695525
v -0.051058875 -0.2267085 -0.1563705
v -0.03285725 -0.18650325 -0.13637425
v -0.030934725 -0.20514925 -0.14676025
v -0.053922275 -0.188645 -0.136559
v -0.034172325 -0.16882725 -0.12476775
v -0.05443045 -0.17096725 -0.12486075
v -0.034308275 -0.15234 -0.111812
v -0.053401925 -0.15444075 -0.111921
v -0.073052275 -0.155936 -0.11080425
v -0.0918028 -0.1561025 -0.1080521
v -0.0155881975 -0.150138 -0.1107175
v 0.00533359 -0.164562 -0.1224965
v -0.01431086 -0.16663175 -0.123876
v 0.02462415 -0.1626605 -0.12060375
v 0.04346085 -0.16024925 -0.117566
v 0.061621975 -0.156892 -0.1129855
v 0.07908765 -0.152627 -0.106903425
v 0.096211025 -0.1475985 -0.098713
v 0.112598525 -0.14310725 -0.08795375
v 0.14977725 -0.1700295 -0.10247665
v 0.1593015 -0.1868205 -0.115363
v 0.12313125 -0.1579045 -0.101606175
v 0.10558885 -0.163272 -0.11162025
v 0.14118975 -0.191694 -0.12636975
v 0.1325455 -0.174295 -0.114432
v 0.19446125 -0.21885125 -0.1260725
v 0.17672075 -0.22284975 -0.138347
v 0.16821125 -0.20448725 -0.127338
v 0.2036155 -0.23709575 -0.1372085
v 0.21223425 -0.2559695 -0.1475175
v 0.237709 -0.272618 -0.143175
v 0.2465075 -0.291958 -0.15275
v 0.25463425 -0.31186325 -0.16155625
v 0.2622245 -0.33219875 -0.16970275
v 0.228241 -0.29511675 -0.165709
v 0.22041075 -0.2753645 -0.1569965
v 0.2357335 -0.315191 -0.17378125
v 0.26933775 -0.35293 -0.17717225
v 0.28172875 -0.395708 -0.19016525
v 0.2759005 -0.3741315 -0.18401325
v 0.2562975 -0.37697675 -0.19458125
v 0.2498495 -0.35606925 -0.188278
v 0.24294625 -0.335526 -0.1813355
v 0.2620795 -0.39829825 -0.200219
v 0.28671125 -0.41738225 -0.195456
v 0.266933 -0.41986525 -0.2048755
v 0.2413295 -0.40298025 -0.20724775
v 0.235404 -0.3818825 -0.20230825
v 0.22897025 -0.3612025 -0.19651025
v 0.2221805 -0.340836 -0.18998675
v 0.21510275 -0.32066225 -0.1827925
v 0.20783075 -0.30059675 -0.17508625
v 0.2003965 -0.28072075 -0.16683075
v 0.19278325 -0.26107475 -0.1579955
v 0.18489975 -0.24176275 -0.14850175
v 0.1646615 -0.24778775 -0.1568335
v 0.15710725 -0.228571 -0.14748325
v 0.149311 -0.2098185 -0.13738425
v 0.121859 -0.1978295 -0.13493475
v 0.11409125 -0.1801165 -0.123757
v 0.0873488 -0.16889125 -0.11948175
v 0.06846285 -0.173663 -0.12538225
v 0.0488267 -0.177302 -0.12963225
v 0.07459665 -0.19128575 -0.1364775
v 0.053894525 -0.1953365 -0.14038825
v 0.028686475 -0.179923 -0.13244175
v 0.008386916 -0.18209175 -0.13424825
v -0.012127734 -0.184296 -0.13556075
v -0.009401459 -0.2028915 -0.1460585
v 0.011834966 -0.2005935 -0.14478725
v 0.01571237 -0.21987775 -0.15422375
v -0.006290605 -0.22223025 -0.1553995
v -0.02859245 -0.22451175 -0.15606375
v -0.025859 -0.24444525 -0.1643435
v -0.0489853 -0.24666375 -0.16480125
v -0.09573785 -0.25083 -0.16490675
v -0.0946484 -0.2713585 -0.172957
v -0.11884275 -0.27325975 -0.172952
v -0.1192925 -0.25276975 -0.164488
v -0.11830725 -0.29412025 -0.180901
v -0.142862 -0.2955295 -0.18077025
v -0.142919 -0.27499075 -0.17245525
v -0.093545725 -0.29229775 -0.1804605
v -0.117985 -0.315435 -0.1884275
v -0.14308275 -0.3164075 -0.188667
v -0.1682945 -0.31533925 -0.18723825
v -0.1704025 -0.335746 -0.1948
v -0.1738775 -0.35617875 -0.20157975
v -0.14420075 -0.337508 -0.19603675
v -0.147201 -0.35842425 -0.2026305
v -0.17820725 -0.3770235 -0.2076495
v -0.20677725 -0.39471775 -0.21038925
v -0.11771625 -0.33706525 -0.19539625
v -0.0925308 -0.313628 -0.18747475
v -0.0913835 -0.3352635 -0.193861
v -0.068707625 -0.29029425 -0.1797615
v -0.067020375 -0.31154525 -0.18631075
v -0.046688275 -0.267173 -0.17222575
v -0.04430025 -0.288033 -0.17899775
v -0.07051935 -0.26934475 -0.17269025
v -0.02297073 -0.26484675 -0.17161975
v -0.0722717 -0.2487895 -0.16499025
v 0.000701145 -0.262354 -0.17083875
v 0.00432887 -0.282849 -0.1774115
v -0.020047655 -0.28552725 -0.178234
v -0.0170123 -0.30645075 -0.18427875
v -0.041951725 -0.30911325 -0.18523575
v 0.008004275 -0.303527 -0.18346725
v 0.0286845 -0.2800195 -0.176494
v 0.0330116 -0.30040325 -0.1826995
v 0.05783055 -0.29686225 -0.18180725
v 0.06247815 -0.3171855 -0.1879085
v 0.0371882 -0.32099175 -0.18843
v 0.0875062 -0.31270975 -0.187148
v 0.092264575 -0.33306175 -0.19334275
v 0.06668995 -0.337775 -0.19356525
v 0.14141325 -0.32123125 -0.1903025
v 0.147749 -0.341278 -0.19711875
v 0.1173935 -0.327677 -0.19243675
v 0.171087 -0.33405675 -0.19389375
v 0.1780905 -0.353791 -0.20033675
v 0.1934615 -0.32707225 -0.189283
v 0.2004435 -0.347035 -0.196054
v 0.21390675 -0.38764475 -0.20756325
v 0.20728825 -0.3671495 -0.2021475
v 0.21987775 -0.40868725 -0.2119225
v 0.1923355 -0.393345 -0.21102025
v 0.18530025 -0.37342475 -0.2060785
v 0.1863995 -0.30708975 -0.18188
v 0.17924575 -0.2871615 -0.17393475
v 0.1642625 -0.3141385 -0.186803
v 0.157501 -0.2941055 -0.17916075
v 0.135154 -0.30108325 -0.18301325
v 0.15058325 -0.2741375 -0.17123875
v 0.12862175 -0.28101325 -0.17544175
v 0.11505 -0.241447 -0.159524
v 0.12186575 -0.2610585 -0.16767175
v 0.0996475 -0.2671855 -0.171116
v 0.093184575 -0.24738825 -0.1634715
v 0.10590485 -0.287258 -0.17849275
v 0.0766391 -0.27249975 -0.17362125
v 0.070789825 -0.25273175 -0.166483
v 0.11183065 -0.3074145 -0.18562825
v 0.082262975 -0.292513 -0.1805345
v 0.052862425 -0.276762 -0.17534025
v 0.04770135 -0.2568505 -0.1685395
v 0.0242254 -0.25976625 -0.1698515
v 0.0198825325 -0.23968125 -0.16255025
v -0.0028967425 -0.2421 -0.16361025
v 0.037457825 -0.21732425 -0.15247125
v 0.04248965 -0.237016 -0.1610215
v 0.05905605 -0.2140955 -0.150012
v 0.06475495 -0.233287 -0.158711
v 0.0804652 -0.2095435 -0.146406
v 0.0866309 -0.22822575 -0.155333
v 0.0329228 -0.1981775 -0.142964
v 0.094780675 -0.18603525 -0.13098775
v 0.1015332 -0.20398375 -0.141467
v 0.12919975 -0.21614125 -0.145002
v 0.13641825 -0.23501675 -0.1543265
v 0.108190125 -0.22244225 -0.15083925
v 0.143546 -0.254379 -0.163025
v 0.17201175 -0.26735 -0.16560975
v 0.01159195025 -0.32446675 -0.18893325
v -0.01420212475 -0.3277035 -0.189655
v -0.039760275 -0.33049675 -0.19077825
v -0.0653503 -0.33304 -0.19220925
v -0.0750782 -0.172881 -0.124113
v 0.152988125 0.33025475 0.0829211
v 0.149159 0.346202125 0.0427029375
v 0.158748625 0.340709 0.028869775
v 0.170116015625 0.329576375 0.03065004375
v 0.171050109375 0.330342390625 0.0167176875
v 0.1609505 0.34027875 0.01669778625
v 0.171773875 0.330912375 0.0027690375
v 0.17305425 0.329711125 -0.0129785375
v 0.17280975 0.329591 -0.02348755
v 0.18000525 0.321900625 -0.0235605875
v 0.18018075 0.32189225 -0.013013425
v 0.16280175 0.339482 0.00450918875
v 0.1801595 0.321766375 0.00454990125
v 0.189690375 0.309054125 0.016874
v 0.19144425 0.30807025 0.0011386375
v 0.198432171875 0.2977464375 -0.02510105625
v 0.190531375 0.309493625 -0.01109979625
v 0.1903455 0.30925825 -0.0250585375
v 0.189658 0.308776125 -0.0389913625
v 0.150262875 0.347249 0.0323348
v 0.187833625 0.305545 -0.0650209625
v 0.1948245 0.2954585 -0.066875325
v 0.2013555 0.28109025 -0.0790550375
v 0.205463875 0.267490875 -0.0927977625
v 0.197617 0.29944125 0.00116209375
v 0.1997275 0.29655425 -0.0093490475
v 0.218299875 0.2272395 -0.1062840875
v 0.225649 0.21494775 -0.0926022875
v 0.224521625 0.201634875 -0.1076085
v 0.223665375 0.185141 -0.118979
v 0.224760625 0.1745835 -0.118571625
v 0.2283845 0.1737085 -0.106716625
v 0.20590453125 0.285803046875 -0.0251170671875
v 0.234577875 0.17409625 -0.0811258
v 0.23528625 0.192662375 -0.0680599625
v 0.23778025 0.193971875 -0.0506810875
v 0.23530775 0.204394625 -0.05433765
v 0.239529 0.19299775 -0.038433
v 0.240593875 0.1936575 -0.0244009375
v 0.243596375 0.178620875 -0.0082425875
v 0.244649625 0.166437375 -0.009506195
v 0.243675625 0.165811921875 -0.02344605875
v 0.242233984375 0.165091015625 -0.0373402453125
v 0.24031746875 0.16418490625 -0.0511849859375
v 0.235462875 0.16197075 -0.0787272125
v 0.2405005 0.1487625 -0.048378525
v 0.237524375 0.147364125 -0.065545425
v 0.23928825 0.13833275 -0.0508164625
v 0.2352835 0.122118125 -0.0605232125
v 0.2326345 0.120125828125 -0.074029340625
v 0.2349345 0.1091733125 -0.04563475
v 0.233736625 0.110696375 -0.056576025
v 0.240234875 0.125157625 -0.0315159625
v 0.2414055 0.124889875 -0.0210202875
v 0.240090875 0.117059875 -0.0190862875
v 0.23861175 0.115512625 -0.0293594625
v 0.232694625 0.099338025 -0.0432973875
v 0.205198234375 0.28534321875 -0.039115321875
v 0.230439875 0.0955440875 -0.0548986875
v 0.228145875 0.0931464875 -0.068583775
v 0.22577575 0.08937075 -0.0801801125
v 0.22326825 0.078714325 -0.08130755
v 0.21801575 0.062883625 -0.0917798125
v 0.1977075625 0.297262796875 -0.039075096875
v 0.188344375 0.30793825 -0.0528951
v 0.215445125 0.060919375 -0.1017570875
v 0.2173235 0.071065825 -0.1042067875
v 0.220682375 0.073544925 -0.0907887125
v 0.220128875 0.0881699 -0.1080240875
v 0.22154775 0.100426475 -0.1120735
v 0.226706875 0.11655315625 -0.101055951562
v 0.228720875 0.1326805 -0.101673075
v 0.22840675 0.143107125 -0.106194625
v 0.22437375 0.129339 -0.11647875
v 0.225412625 0.14216075 -0.1161725
v 0.223228 0.11496575 -0.114497375
v 0.23137 0.132221625 -0.0896568625
v 0.23432275 0.133815 -0.0761011625
v 0.235654375 0.149807375 -0.076084975
v 0.2249441875 0.102432342187 -0.09868744375
v 0.2279034375 0.104412071875 -0.085112215625
v 0.222199375 0.0866164125 -0.0972136875
v 0.2305879375 0.106498904687 -0.0715089953125
v 0.22981853125 0.11825775 -0.0875467859375
v 0.237466125 0.137342125 -0.0610463375
v 0.24239175 0.1511825 -0.036475875
v 0.243538625 0.139722625 -0.01989569375
v 0.245289 0.1412185 0.004501945
v 0.24527325 0.15436275 -0.00706023625
v 0.201218625 0.284996625 -0.0686891
v 0.21014575 0.25806925 -0.09281465
v 0.2213525 0.215287 -0.10783625
v 0.2339305 0.19549975 0.05764955
v 0.2207135 0.230034 -0.0944579
v 0.231666125 0.20551075 0.057389175
v 0.233152 0.209184 0.04703615
v 0.23026075 0.219169625 0.0468828875
v 0.235313875 0.209542125 0.0332132375
v 0.226900375 0.219201125 -0.0824039375
v 0.22804775 0.2046355 -0.0924281125
v 0.226218 0.18938 -0.1090315
v 0.241497625 0.192677375 0.00196206
v 0.24113825 0.194116125 -0.01034412125
v 0.233821875 0.221280625 -0.0247730375
v 0.2294605625 0.23469653125 -0.02489535
v 0.234178 0.221554 -0.010764465
v 0.231808375 0.174827125 -0.093154575
v 0.233404125 0.221570125 0.0172899975
v 0.228825703125 0.234812484375 0.0171445439062
v 0.227460125 0.234476234375 0.0310843390625
v 0.211519625 0.271052125 0.0326794625
v 0.217009 0.26022025 0.03095135
v 0.20336325 0.28645125 0.0291671
v 0.19787725 0.295443 0.029151425
v 0.194956375 0.295568234375 0.0447579984375
v 0.202303453125 0.2837515 0.044819425
v 0.206323875 0.272055 0.056947025
v 0.20013025 0.282428625 0.0586491125
v 0.209247 0.271743125 0.0448554375
v 0.22058125 0.246944125 0.0448106
v 0.219044375 0.2447655 0.0568331625
v 0.237260078125 0.177086734375 -0.0657113921875
v 0.23024553125 0.1888625625 -0.09370276875
v 0.226902 0.22191725 0.0570831
v 0.2226995 0.233266375 0.058668175
v 0.225479453125 0.233972765625 0.04494540625
v 0.192820625 0.294168 0.0585684125
v 0.185593125 0.303772625 0.0601868125
v 0.1632105 0.3255275 0.0698398625
v 0.174308625 0.312439625 0.0736392375
v 0.1817165 0.305172125 0.070440125
v 0.160796875 0.321244 0.0848911
v 0.169405 0.312932375 0.0835652625
v 0.17819 0.31796825 0.0446071875
v 0.179718578125 0.319207 0.03074079375
v 0.18206025 0.318798375 0.01505727375
v 0.168738625 0.328394875 0.0445161375
v 0.158477875 0.338087625 0.0444225625
v 0.18570575 0.30825725 0.0464060125
v 0.167750875 0.325058625 0.059884025
v 0.155210375 0.33237875 0.073107075
v 0.176230625 0.31627975 0.0583692
v 0.188505546875 0.30819296875 0.0308167296875
v 0.19682225 0.29895975 0.018668725
v 0.20528125 0.2855605 0.0169437625
v 0.205992875 0.2859525 0.002932225
v 0.205331125 0.287570375 -0.0093462
v 0.21292046875 0.273637140625 -0.011068519375
v 0.21273203125 0.273602078125 0.0029612071875
v 0.21892303125 0.26097625 0.003001025
v 0.218194296875 0.260706984375 0.0170019578125
v 0.224561609375 0.248098546875 0.0030567053125
v 0.229545640625 0.234956296875 0.003139243125
v 0.224814953125 0.24811028125 -0.0109659876563
v 0.224619796875 0.247937015625 -0.0249916140625
v 0.223067875 0.249109625 -0.040750925
v 0.223538375 0.245447125 -0.0512079
v 0.23342475 0.191870125 -0.0783994
v 0.227465125 0.233778875 -0.0528411625
v 0.23291375 0.220857875 -0.0387472
v 0.231087625 0.222038375 -0.0509490875
v 0.219051015625 0.2608804375 -0.0250590734375
v 0.218283125 0.260443375 -0.0390730625
v 0.216288 0.26123575 -0.0548353125
v 0.215581625 0.25881475 -0.0670366375
v 0.209278046875 0.271403171875 -0.0670079859375
v 0.205880625 0.271608875 -0.0825397
v 0.212029875 0.270957375 -0.051356775
v 0.203982625 0.284597828125 -0.053072115625
v 0.196508953125 0.29651475 -0.0530112953125
v 0.213319 0.257663375 -0.080850225
v 0.22383875 0.229466375 -0.082490875
v 0.230912125 0.202003375 -0.08209915
v 0.233907625 0.20334125 -0.0648464625
v 0.21292075 0.271501375 -0.04087265
v 0.21920715625 0.2610334375 -0.01102610625
v 0.212760421875 0.2734875 -0.025102
v 0.211987875 0.27324946875 0.016969574375
v 0.223801515625 0.247880078125 0.0170534748437
v 0.221670375 0.249023 0.0327262125
v 0.234087875 0.22166425 0.0032610225
v 0.229763 0.234920375 -0.0108783435938
v 0.228716453125 0.2343205 -0.0388892015625
v 0.242493 0.179747921875 -0.0240455328125
v 0.24326775 0.182311 0.00216406625
v 0.24134434375 0.179055109375 -0.0380065890625
v 0.232716125 0.21964275 0.0295477375
v 0.236280125 0.19572175 0.047403975
v 0.245615 0.15138575 0.00365620625
v 0.244576 0.138686375 -0.00763295125
v 0.2438135 0.15004275 -0.024211175
v 0.237976859375 0.16311296875 -0.06497270625
v 0.23951503125 0.178131390625 -0.0518924890625
v 0.159192 0.3387346875 0.0375182
v 0.1545345 0.344013 0.03060715
v 0.148345 0.347855 0.03752065
v 0.153083 0.3426615 0.0444199
v 0.17062975 0.3300030625 0.0236897625
v 0.166027125 0.33533775 0.0167031725
v 0.160494 0.339899 0.02365475
v 0.1650636875 0.334530875 0.03061909375
v 0.1637045 0.333335 0.04446195
v 0.1694623125 0.3290184375 0.0375885375
v 0.1802849375 0.3196560625 0.02377451875
v 0.1759658125 0.3252383125 0.01675046
v 0.175011875 0.324472375 0.03069388125
v 0.173556 0.3232585 0.0445632
v 0.178993875 0.3186216875 0.03768060625
v 0.1811515 0.320314 0.009801195
v 0.1766425 0.3257535 0.00278483
v 0.1714236875 0.33063825 0.0097438125
v 0.166727 0.33588 0.00276558
v 0.161298 0.340544 0.009734595
v 0.1812865 0.320604 -0.018296
v 0.1763725 0.3257365 -0.02527875
v 0.1717385 0.3309435 -0.01822405
v 0.1766525 0.325811 -0.0112413
v 0.1842034375 0.313768375 0.03078096875
v 0.189126 0.3086478125 0.02385073125
v 0.1853275 0.3146215 0.0168367
v 0.192664 0.30251725 0.0308504
v 0.197407 0.297232 0.023912
v 0.193886 0.303367 0.0169037
v 0.198719 0.2980265 -0.00409124
v 0.1946475 0.3037589375 -0.011099928125
v 0.190484 0.3095165 -0.004110485
v 0.194507 0.3037505 0.002900775
v 0.20561325 0.2856078125 -0.0321201
v 0.201525 0.2913525 -0.03910039375
v 0.1981296875 0.2975369375 -0.0320917625
v 0.2022515625 0.29182975 -0.025112925
v 0.19372425 0.3030501875 -0.03903654375
v 0.1900745 0.309055 -0.03202785
v 0.194433625 0.3035345 -0.025081675
v 0.1904915 0.309406 -0.0180825
v 0.1986085 0.2978880625 -0.0181032375
v 0.202557 0.2920725 -0.01110115
v 0.206080875 0.285933375 -0.01810831875
v 0.1971723125 0.29692725 -0.0460508
v 0.1924801875 0.302265125 -0.05295745625
v 0.1890755 0.3084015 -0.04595
v 0.1957025 0.29600975 -0.05994900625
v 0.1907445 0.3011705 -0.06680625
v 0.187482 0.3073935 -0.059818
v 0.200323625 0.290609875 -0.0530481
v 0.2032060625 0.2841275 -0.060025825
v 0.1986835 0.2895975 -0.06692965
v 0.2058710625 0.2775496875 -0.0669874375
v 0.208189875 0.2708230625 -0.0739284375
v 0.203651 0.27636 -0.0808056
v 0.201327 0.283065 -0.07387355
v 0.210178125 0.2639505625 -0.0808357375
v 0.211979 0.257009 -0.08769715
v 0.207458 0.26261 -0.09451345
v 0.2057115 0.2695715 -0.0876718
v 0.2227679375 0.2232740625 -0.09438873125
v 0.223063625 0.2158926875 -0.10108154375
v 0.2194165 0.222037 -0.107919
v 0.219067 0.229395 -0.10123535
v 0.2262495 0.2021981875 -0.10084993125
v 0.2230435 0.208489 -0.107732
v 0.2264885 0.209655 -0.09422325
v 0.222235 0.230687 -0.08763685
v 0.225732 0.2244845 -0.08073865
v 0.2263295 0.217076 -0.0875105
v 0.229185125 0.195830125 -0.093908975
v 0.22859925 0.188303 -0.1004986375
v 0.225819 0.1947165 -0.107468
v 0.227663125 0.1807451875 -0.107006775
v 0.226452 0.1731955 -0.1134585
v 0.2237085 0.1797385 -0.120454
v 0.225001 0.1872715 -0.11402
v 0.23108275 0.181854875 -0.09344225
v 0.23016 0.1742565 -0.099948
v 0.231793625 0.18942375 -0.0868831375
v 0.234078 0.182990625 -0.07977934375
v 0.2333595 0.175408 -0.0863383
v 0.234669 0.190536 -0.0731854
v 0.236605625 0.1840745625 -0.0660067375
v 0.2360318125 0.1765431875 -0.07260325
v 0.2377216875 0.170093625 -0.06537040625
v 0.2367295 0.162545875 -0.071852075
v 0.235228 0.168989 -0.0791437
v 0.2342785 0.2056255 -0.0596272
v 0.2365525 0.199215 -0.0525044
v 0.2367856875 0.1915798125 -0.0593172875
v 0.234638 0.1979755 -0.06646885
v 0.23875325 0.185098125 -0.0521568
v 0.2384275 0.17761875 -0.05880891875
v 0.2405055625 0.1860290625 -0.03823753125
v 0.240503625 0.1786168125 -0.0449587625
v 0.2387585 0.1925505 -0.04542135
v 0.2415935625 0.186705 -0.024240825
v 0.24198825 0.179426375 -0.03103481875
v 0.2401335 0.1933605 -0.03142385
v 0.2422344375 0.187201625 -0.010202123125
v 0.24291625 0.1800370625 -0.0170408125
v 0.240932 0.1939075 -0.0173713
v 0.24419675 0.1661305 -0.0164794475
v 0.2431919375 0.1727816875 -0.02377988125
v 0.244078 0.173378 -0.00980285
v 0.241203 0.194289 -0.003328585
v 0.2423935 0.1875325 0.003814565
v 0.2434975 0.1804695 -0.0030543
v 0.2445669375 0.152211 -0.015630725625
v 0.2439293125 0.15884425 -0.02304625375
v 0.2450185 0.1594955 -0.00912373
v 0.243289 0.1515415 -0.02955365
v 0.242362375 0.1581316875 -0.03692160625
v 0.243018 0.1654699375 -0.0303993875
v 0.2419075625 0.172070625 -0.0377047
v 0.241394 0.1507765 -0.04337605
v 0.240372 0.1572449375 -0.0507393625
v 0.2413336875 0.164661625 -0.04426944375
v 0.240034125 0.1711536875 -0.05156895625
v 0.23906725 0.1498270625 -0.0570932125
v 0.238012 0.1561625 -0.06450721875
v 0.2391856875 0.163664 -0.058084875
v 0.236628 0.1485675 -0.07083575
v 0.2354355 0.154926 -0.07821155
v 0.238265 0.1361275 -0.055758
v 0.2375115 0.142355 -0.06329555
v 0.239916 0.1435795 -0.04960765
v 0.231852375 0.1076117 -0.0647043875
v 0.2316650625 0.1132883125 -0.072830125
v 0.233969875 0.1211134375 -0.06727535
v 0.2342495 0.115426 -0.0592789
v 0.2335036875 0.126969 -0.0750979125
v 0.2357005 0.134627 -0.0693311
v 0.2361945 0.1287865 -0.06158915
v 0.229273375 0.10543566875 -0.07831086875
v 0.228905375 0.1113108125 -0.086382025
v 0.231255625 0.119172375 -0.0807870375
v 0.23062175 0.1252326875 -0.08862376875
v 0.2328765 0.133011 -0.08288095
v 0.2315215 0.09677135 -0.04804735
v 0.231796375 0.10213854375 -0.05642208125
v 0.234389 0.1099155 -0.0511344
v 0.234101 0.10455975 -0.0427578
v 0.229308 0.0943406 -0.0617424
v 0.2293956875 0.09980005625 -0.07007468125
v 0.240969 0.1210815 -0.01832255
v 0.2391065 0.11483 -0.023882
v 0.2392025 0.1202285 -0.03216845
v 0.241065 0.12648 -0.026609
v 0.226833875 0.097581725 -0.0837200875
v 0.2269735 0.09194735 -0.0754281
v 0.2219775 0.07612745 -0.08605525
v 0.2217965 0.08178675 -0.094402
v 0.2243285 0.08971578125 -0.0890730375
v 0.2245375 0.08404425 -0.08074455
v 0.2239165625 0.09549018125 -0.0973199125
v 0.226472875 0.10341819375 -0.09191524375
v 0.2159535 0.06567325 -0.1046495
v 0.2189385 0.07368285 -0.09959365
v 0.2194 0.06822805 -0.091309
v 0.216415 0.06021845 -0.09636485
v 0.223279875 0.101432825 -0.10539630625
v 0.221167 0.0873561 -0.10263535
v 0.2205145 0.0932219 -0.110737
v 0.224995 0.1157515 -0.107782325
v 0.2258726875 0.1094696875 -0.0999222375
v 0.2224525 0.107698 -0.113333
v 0.2238735 0.122159 -0.1155485
v 0.226260125 0.1300300625 -0.109790375
v 0.2274515625 0.1236336875 -0.10212024375
v 0.2298115 0.1314535 -0.0964153
v 0.2283085 0.117386625 -0.09430693125
v 0.2247135 0.136567 -0.1172805
v 0.226991 0.144438 -0.1113735
v 0.228618 0.1378765 -0.103947
v 0.2448861875 0.1456145 -0.00816355
v 0.2439615 0.138267 -0.014572325
v 0.243693 0.1448755 -0.02205025
v 0.2455025 0.1528495 -0.001720495
v 0.2455195 0.1464015 0.00583058
v 0.2449965 0.1391585 -0.00063038
v 0.2355375 0.2008185 0.045547
v 0.2324615 0.2073445 0.0522038
v 0.232407 0.2004605 0.0592297
v 0.235483 0.1939345 0.0525729
v 0.2340505 0.2145935 0.0313887
v 0.2310324375 0.2210790625 0.038211
v 0.2320965 0.2142515 0.0452488
v 0.235051 0.207743 0.03843125
v 0.229753375 0.2278896875 0.03116211875
v 0.226564625 0.234249125 0.03802969375
v 0.227775625 0.2274374375 0.045030325
v 0.2241504375 0.2336349375 0.05181765625
v 0.2248915 0.22673 0.05873785
v 0.2286105 0.220561 0.05197955
v 0.230868625 0.227608375 -0.03882151875
v 0.229151375 0.2345294375 -0.03189694375
v 0.23167325 0.228 -0.02483605625
v 0.2334505 0.2210905 -0.0317665
v 0.229670875 0.2348294375 -0.01788810625
v 0.2320080625 0.228249125 -0.010823289375
v 0.234059 0.221436 -0.01777165
v 0.2263501875 0.240955875 -0.0389436125
v 0.2242706875 0.2477508125 -0.031994175
v 0.22711975 0.241347375 -0.02494719375
v 0.22478725 0.24805175 -0.01798058125
v 0.2273676875 0.241543875 -0.0109258575
v 0.229717625 0.2349615625 -0.003869193125
v 0.2318461875 0.22831975 0.00319712625
v 0.234195 0.221632 -0.00375361
v 0.2292579375 0.234907875 0.010146863125
v 0.231145875 0.228203375 0.017213141875
v 0.2338345 0.221645 0.01027954
v 0.228220125 0.2346663125 0.0241231625
v 0.232766 0.2214355 0.02428045
v 0.227127375 0.2415549375 0.00309338625
v 0.224250125 0.2480163125 0.010059918125
v 0.2263816875 0.2413733125 0.01709246125
v 0.2232069375 0.24768875 0.02403395625
v 0.225028625 0.24099625 0.0310310125
v 0.221626 0.247226 0.0379158
v 0.2230609375 0.240468375 0.0448745
v 0.217635125 0.2604795625 0.0239807125
v 0.2151643125 0.2670129375 0.016984275625
v 0.21145125 0.2729804375 0.02395561875
v 0.2140185 0.266491 0.03094055
v 0.2086699375 0.2794211875 0.016956309375
v 0.204735 0.285233 0.0239327
v 0.2074800625 0.2787526875 0.0309215375
v 0.2032180625 0.28431575 0.0378736125
v 0.205801125 0.2777588125 0.044839425
v 0.210158 0.2722675 0.0379043
v 0.221072875 0.254327 0.017024165625
v 0.2198455 0.253876 0.03097565
v 0.1958633125 0.2961883125 0.03782825625
v 0.1987021875 0.2896981875 0.04479145
v 0.20047 0.290852 0.0309049
v 0.1877729375 0.3076410625 0.0377612625
v 0.1910250625 0.301331 0.04472156875
v 0.185983 0.3062445 0.0515767
v 0.188897 0.2998145 0.05851405
v 0.1939206875 0.294884125 0.0516681125
v 0.1965635 0.2883595 0.058615
v 0.20125125 0.2831095 0.0517404625
v 0.2035255 0.276415 0.05866605
v 0.2081 0.271085 0.05177325
v 0.2204465 0.2397935 0.05859845
v 0.219405 0.2466365 0.0516768
v 0.17489025 0.3151450625 0.06514335625
v 0.1780845 0.3088685 0.0720641
v 0.1837095 0.304516 0.0653216
v 0.1806105 0.31087 0.05841965
v 0.171636 0.321529 0.05829015
v 0.1654995 0.3253095 0.06485235
v 0.1687745 0.3189808125 0.07171533125
v 0.152909 0.3325645 0.0779876
v 0.1561275 0.3261885 0.0846958
v 0.162422375 0.3225974375 0.07822448125
v 0.1592125 0.3289585 0.0714913
v 0.165466 0.3162995 0.0850864
v 0.171884 0.31272 0.07861125
v 0.182674 0.3125665 0.04465215
v 0.21242425 0.2734624375 0.00996995375
v 0.2094028125 0.2797978125 0.00294596875
v 0.205698 0.285797 0.00994235
v 0.212882875 0.273651125 -0.004052215
v 0.209602875 0.2798550625 -0.011084565625
v 0.2061735 0.286037 -0.00408285
v 0.2128885 0.2735876875 -0.0180859125
v 0.2094038125 0.2796849375 -0.02511326875
v 0.2192003125 0.260990375 -0.01804373125
v 0.215985375 0.2672228125 -0.02508373125
v 0.216135 0.2673695 -0.011049174375
v 0.2158998125 0.26732425 0.002979435
v 0.2191168125 0.261029625 -0.00401059375
v 0.2186195625 0.260870625 0.01000696875
v 0.2247448125 0.248127875 -0.003952744375
v 0.222097625 0.25461025 -0.010998890625
v 0.2218185625 0.25457 0.00302635
v 0.2219296875 0.2544499375 -0.0250286375
v 0.2211205 0.254015 -0.0390349
v 0.218714 0.260683625 -0.0320677375
v 0.2281289375 0.2340620625 -0.0458684375
v 0.2251985 0.240427 -0.0529096
v 0.223351 0.2472975 -0.0459818
v 0.2321805 0.220575 -0.0457103
v 0.229472 0.2270445 -0.05275685
v 0.21533 0.2668245 -0.03910475
v 0.2125096875 0.2733213125 -0.0321143875
v 0.212480875 0.2651385 -0.06702355625
v 0.2101845625 0.271914625 -0.06006100625
v 0.2141825 0.2661085 -0.05309625
v 0.2164615 0.2593045 -0.0600714
v 0.214527 0.2582665 -0.07396315
v 0.207544375 0.2785259375 -0.0530875875
v 0.2046506875 0.2850048125 -0.0461006375
v 0.2087489375 0.279258875 -0.03912276875
v 0.211715 0.272817 -0.04611945
v 0.2295265 0.203327 -0.0872716
v 0.232192 0.1969385 -0.0802562
v 0.15380875 0.34333725 0.037513525
v 0.1655925 0.334981 0.0236679
v 0.16441425 0.3339625 0.037546475
v 0.1755445 0.32490525 0.02372905
v 0.174323 0.32390025 0.037634575
v 0.17632075 0.325511 0.00976849
v 0.166394 0.335626 0.00973519
v 0.1765125 0.32577375 -0.018260025
v 0.18479925 0.314224 0.023814925
v 0.19330375 0.30296625 0.0238824
v 0.1946015 0.3037715 -0.0041008625
v 0.20194775 0.291624 -0.0321105
v 0.194144 0.30332675 -0.03206245
v 0.1945965 0.30367925 -0.01809385
v 0.2024345 0.291968 -0.0181087
v 0.193171 0.302699 -0.046004325
v 0.19164775 0.3017405 -0.0598876
v 0.19953525 0.2901235 -0.059994025
v 0.20480225 0.27697025 -0.073902675
v 0.20884525 0.26329025 -0.087684475
v 0.2211245 0.22265775 -0.10116385
v 0.224766 0.209072 -0.100977625
v 0.22428225 0.2238815 -0.087573675
v 0.227532 0.19527375 -0.1006963
v 0.2257265 0.1802335 -0.11373925
v 0.229437 0.18129025 -0.10023885
v 0.232635 0.18242525 -0.08662375
v 0.235396 0.18354025 -0.072905025
v 0.23648525 0.1695435 -0.072258675
v 0.23559525 0.19859525 -0.059486625
v 0.2377235 0.184594 -0.059090425
v 0.2396985 0.1855865 -0.045206575
v 0.24112075 0.18639575 -0.03124745
v 0.2419735 0.18697525 -0.01722215
v 0.2436615 0.173087 -0.0167951
v 0.24235025 0.18737925 -0.0031914425
v 0.2445095 0.159173 -0.01608829
v 0.24320675 0.158503 -0.029991025
v 0.24261625 0.17244775 -0.030749725
v 0.24141675 0.15771275 -0.043837
v 0.241039 0.17163575 -0.044644875
v 0.23923025 0.156727 -0.05763085
v 0.2389165 0.170635 -0.05847565
v 0.23673775 0.155555 -0.071364225
v 0.23871375 0.14296725 -0.0564516
v 0.23296925 0.11434525 -0.0660546
v 0.23486225 0.1278725 -0.0683418
v 0.230313 0.112279 -0.0796053
v 0.2320925 0.1260865 -0.08186095
v 0.23295525 0.103343425 -0.049590875
v 0.23061125 0.10095655 -0.06324955
v 0.24008575 0.120655 -0.0252455
v 0.2281455 0.098671675 -0.076898875
v 0.223167 0.0829155 -0.087573275
v 0.225434 0.096540525 -0.090536275
v 0.21767675 0.06695065 -0.09797925
v 0.22225225 0.0943728 -0.104043475
v 0.22419225 0.1085795 -0.10663855
v 0.22569375 0.1228875 -0.10883975
v 0.2290845 0.12441525 -0.095379225
v 0.2274345 0.11037725 -0.0931622
v 0.22666575 0.13722175 -0.11061375
v 0.24433625 0.145241 -0.0151158525
v 0.2452495 0.146004 -0.0011754375
v 0.23397225 0.2006395 0.05238835
v 0.2330735 0.2144225 0.03831875
v 0.22886425 0.22768975 0.03811275
v 0.22640425 0.227104 0.05189685
v 0.23134225 0.227825 -0.031834275
v 0.23189875 0.228144 -0.01783155
v 0.22679525 0.24117375 -0.0319494
v 0.22730775 0.24146975 -0.017937975
v 0.2319905 0.2283075 -0.0038138075
v 0.23157525 0.2282865 0.0102097425
v 0.23052625 0.228066 0.024196425
v 0.2268245 0.241489 0.01009782
v 0.22578125 0.24120625 0.024071425
v 0.22412925 0.24075175 0.037967525
v 0.21462 0.2667665 0.02396625
v 0.208131 0.27912425 0.023944325
v 0.20671425 0.2783015 0.037889925
v 0.2204945 0.25411675 0.0240035
v 0.199617 0.2902905 0.037853425
v 0.19190925 0.30197175 0.037797
v 0.189997 0.30059625 0.051623475
v 0.19766375 0.28904425 0.051708475
v 0.20470825 0.27711275 0.051759975
v 0.2218015 0.24014175 0.051745475
v 0.1793475 0.30986925 0.065241875
v 0.1702425 0.320266 0.06500725
v 0.15767 0.3275735 0.07809355
v 0.1671575 0.31765125 0.078405375
v 0.1834725 0.3131965 0.03772265
v 0.20909975 0.2796485 0.0099555125
v 0.2095615 0.27986075 -0.0040682875
v 0.209554 0.2797985 -0.018100175
v 0.216119 0.26732525 -0.018067175
v 0.216071 0.26737475 -0.0040331225
v 0.21559425 0.26720125 0.0099869525
v 0.22201125 0.25461375 -0.0039842125
v 0.22151 0.25447625 0.0100304625
v 0.227308 0.24157275 -0.003914955
v 0.22208725 0.25456225 -0.01801535
v 0.2215745 0.2542535 -0.0320338
v 0.2258005 0.24070075 -0.04592885
v 0.23021525 0.2273395 -0.0457931
v 0.2156965 0.267043 -0.03209545
v 0.21337725 0.26564 -0.06006785
v 0.21140225 0.264571 -0.073947475
v 0.206775 0.2780675 -0.060047575
v 0.2082095 0.27892725 -0.046111975
v 0.20098525 0.291017 -0.046081575
v 0.20914125 0.27950825 -0.032122
v 0.2307185 0.19638475 -0.0870904
v -0.1750145 0.0439155125 0.120466875
v -0.18112475 0.0400659 0.112667125
v -0.178927625 0.0269279 0.1149045
v -0.1651735 0.02010777625 0.128332875
v -0.1763965 0.0142331125 0.117355
v -0.169722828125 0.00037255475 0.12331271875
v -0.1644634375 -0.01258756275 0.1274864375
v -0.140326125 -0.013188725 0.147990625
v -0.136057 -0.0224099375 0.150863875
v -0.115821625 -0.0605051375 0.153774375
v -0.096704225 -0.041502475 0.1703145
v -0.0691743875 -0.0378391 0.178709
v -0.0823334875 -0.0382804375 0.17534275
v -0.02240335 -0.02980755 0.193231375
v -0.01186560875 -0.0139075875 0.202679125
v 0.0009080225 -0.00978250875 0.20674225
v 0.01491376625 -0.005758175 0.201872
v 0.0172075004688 -0.020292934375 0.19775659375
v 0.0236069625 -0.046270225 0.187293875
v 0.0968938 -0.058 0.16397625
v 0.1084347875 -0.0570768625 0.159965125
v 0.143048 -0.047764375 0.139790875
v -0.102188113889 -0.0565374944444 0.162984361111
v 0.160348125 0.0710798625 0.136833
v 0.172300125 0.0595609625 0.124245375
v 0.16884175 0.0697509375 0.128961125
v 0.167702625 0.0842307375 0.131922
v 0.178554375 0.0724527875 0.118241625
v 0.179558875 0.0614420375 0.116100625
v -0.18123025 0.0063851475 0.110325125
v -0.16999175 0.03303685 0.12468875
v -0.1603295 0.00723189 0.132587625
v 0.1820475 -0.00134563475 0.105927
v 0.17468525 -0.0157548625 0.1144755
v 0.171505375 -0.0319422 0.112378875
v 0.171845125 -0.04725555 0.0955213875
v 0.159298125 -0.0592362125 0.107804875
v 0.153038625 -0.068277875 0.103956425
v 0.16489175 -0.05958505 0.0926704375
v 0.155450875 -0.0694206 0.0934113125
v -0.149327625 -0.0157120175 0.1412555
v 0.156954 -0.0552078375 0.117444
v 0.160947 -0.0442962375 0.1209425
v 0.166553125 -0.01532240875 0.125138625
v -0.15530875 -0.00551096625 0.136739375
v 0.16648475 -0.00441906875 0.12655875
v -0.127949125 -0.0371283875 0.15492275
v 0.17036425 -0.042434575 0.1064150625
v -0.12228 -0.04566745 0.156848125
v 0.164862875 -0.0327180625 0.121875125
v 0.174939125 -0.00111138225 0.116985125
v 0.18149025 -0.012387951 0.10371
v 0.15965925 0.0818506875 0.13937625
v -0.128229875 -0.054062475 0.149143125
v -0.132571125 -0.062333875 0.14030475
v -0.136839375 -0.0428897125 0.147146375
v -0.1442265 -0.0508442625 0.1371195
v -0.171867 -0.0385073375 0.108869875
v -0.179471 -0.0255846625 0.10562325
v -0.183445625 -0.0131771275 0.103255625
v -0.179633375 -0.0053430025 0.11094175
v -0.17248325 -0.0193510684531 0.117044109375
v -0.16598559375 -0.032340290625 0.120726515625
v 0.132962375 -0.02109804 0.15231025
v 0.133007140625 -0.03762369375 0.151242546875
v 0.12040859375 -0.040229365625 0.158739421875
v 0.11847403125 -0.025873758125 0.160304359375
v 0.107330814063 -0.0432833796875 0.1649086875
v 0.0924407 -0.0487186875 0.169930625
v 0.06608455 -0.0529260625 0.175543125
v 0.0482881 -0.0442738 0.18229475
v 0.035842125 -0.045251325 0.184812375
v 0.0635693203125 -0.039038540625 0.179590859375
v 0.077523046875 -0.0357301234375 0.17625625
v 0.1016340625 -0.0147074 0.1658305
v 0.11534175 -0.0116346275 0.159715625
v 0.127669125 -0.0109835775 0.1539975
v 0.0691400375 -0.0082580075 0.17205325
v 0.042389509375 -0.0144447382812 0.183641359375
v 0.03302743125 -0.0312365390625 0.1887120625
v 0.0601825953125 -0.0249503103125 0.1801648125
v 0.0465454546875 -0.028143615625 0.1845105625
v 0.0296419921875 -0.0172971720312 0.190587640625
v 0.023214275 -0.00254530125 0.1903925
v 0.03862075 0.00083770375 0.179650125
v 0.03229395 0.010233385 0.18034275
v 0.05064185 0.00173961 0.17395
v 0.063246875 0.00292394125 0.16960475
v 0.0222073625 0.0077304575 0.185044875
v 0.0556622234375 -0.0114064684375 0.17768659375
v 0.087864275 -0.0180771125 0.171059625
v 0.0751960125 -0.0194110575 0.174963625
v 0.105037098438 -0.028991134375 0.166548734375
v 0.0914228984375 -0.0322898421875 0.172104984375
v 0.0801245625 -0.0499053875 0.173469875
v 0.120602625 -0.054153925 0.154582375
v 0.142687125 -0.0230819625 0.145759375
v 0.144785375 -0.0353816875 0.142327
v 0.132700375 -0.0514962875 0.147026125
v 0.0534448375 -0.0536505375 0.177488
v 0.00625103375 -0.0376541625 0.1939175
v 0.018402645 -0.0367270625 0.192464375
v 0.00370819203125 -0.0237833807813 0.20062921875
v -0.007268385 -0.0400047 0.192350875
v -0.01964138625 -0.0400634375 0.18970425
v -0.034745425 -0.044693025 0.1851645
v -0.0487936875 -0.0472382125 0.1814095
v -0.0617891625 -0.04774035 0.178332625
v -0.077278625 -0.052228090625 0.172930859375
v -0.0910588546875 -0.0545457734375 0.168060265625
v -0.0743410875 -0.0652813875 0.166519875
v -0.0887250625 -0.0664883625 0.161507125
v -0.1033998 -0.0663634375 0.15642375
v -0.0602556625 -0.062987175 0.171016125
v -0.03226395 -0.0579278375 0.178228125
v -0.0462563625 -0.060479975 0.17470725
v -0.0203606875 -0.0540546125 0.182234875
v -0.0125500625 -0.024485125 0.198628125
v -0.1098557875 -0.04868225 0.162386375
v -0.124857875 -0.0708496375 0.138406375
v -0.130582375 -0.0821821625 0.113041825
v -0.127188375 -0.077666425 0.126970625
v -0.139126234375 -0.068326015625 0.12634171875
v -0.15053975 -0.05545835 0.1269615
v -0.154007578125 -0.0627579359375 0.112440498438
v -0.15692675 -0.0662928875 0.0983931125
v -0.165188375 -0.0559726125 0.09931165
v -0.158735796875 -0.025558888125 0.131572890625
v -0.144360625 -0.03086225 0.144994375
v -0.14294425 -0.07329873125 0.11291985
v -0.145673125 -0.0766165625 0.09869055
v -0.1342115 -0.083626625 0.1004294125
v -0.165097625 -0.0501340125 0.1093257
v -0.1571135 -0.0461137375 0.12561325
v -0.15285625 -0.0384482375 0.13569575
v -0.180781 0.03403495 0.1128525
v -0.1744596875 0.029982375 0.119796625
v -0.172308 0.0395896 0.1230115
v -0.178578 0.04371685 0.116112
v -0.169981 0.0167317155625 0.1237885
v -0.167599 0.026555 0.1264415
v -0.1769455 0.02004865 0.1170595
v -0.1722160625 0.006878039 0.12117825
v -0.1651098125 0.003782028375 0.128041125
v -0.162759 0.013658905 0.130426
v -0.1805065 0.00052119 0.11069
v -0.17400125 -0.002956142875 0.1182205
v -0.1788425 0.0103172 0.1138285
v -0.1753264375 -0.0127972613125 0.1149745
v -0.168628125 -0.0160295300625 0.122420125
v -0.167148 -0.006110101 0.125414375
v -0.159968625 -0.0090685306875 0.132200875
v -0.157859 0.000850235 0.1346845
v -0.1693515625 -0.0258588875 0.1189656875
v -0.1625695 -0.02903224375 0.126333625
v -0.161641 -0.019077465 0.129532125
v -0.1544471875 -0.02193453375 0.1363334375
v -0.15264 -0.01187662 0.138775
v -0.147069 -0.024546125 0.1428151875
v -0.13931 -0.0269223 0.148736
v -0.136896 -0.01683165 0.1503395
v -0.1448465 -0.01448245 0.144645
v -0.1029648 -0.06078629375 0.1603348125
v -0.10573910625 -0.05315286875 0.1629150625
v -0.114667 -0.0546691 0.157302
v -0.1110375 -0.06432645 0.1540935
v -0.09764250625 -0.0556543125 0.16540675
v -0.093605575 -0.04811585 0.169545625
v -0.10367015 -0.0444085 0.1667375
v -0.0842406375 -0.05340935625 0.1705850625
v -0.0796296125 -0.04532879375 0.1744700625
v -0.08955215 -0.0396188 0.1730765
v -0.0702635875 -0.05098500625 0.175047375
v -0.06547255 -0.04279725 0.1785355
v -0.0751678 -0.03701035 0.1774325
v -0.014059695 -0.0410244 0.1906525
v -0.0087775275 -0.0329636875 0.195427125
v -0.01746295 -0.02712665 0.195987
v -0.02277605 -0.03522215 0.1908505
v -0.0032978975 -0.024981175 0.199962875
v 0.00232955125 -0.016793785625 0.203735625
v -0.006640335 -0.0113123 0.205249
v -0.0122599 -0.01918865 0.2006655
v 0.010580308125 -0.022099023125 0.19985975
v 0.016039229375 -0.01304635 0.199889125
v 0.008271565 -0.007697935 0.205526
v 0.02347881875 -0.018729946875 0.194421875
v 0.02759405 -0.010516919375 0.1903991875
v 0.0202981 -0.004662825 0.196052
v 0.005001056875 -0.0307296125 0.19732325
v 0.01301948 -0.03618705 0.193691
v 0.0184613875 -0.0274563375 0.19532475
v 0.02638343125 -0.0328675625 0.1908435625
v 0.03143531875 -0.02422899375 0.189983625
v 0.03447173125 -0.0382439625 0.186897875
v 0.0210027 -0.0414986 0.1899265
v 0.02900275 -0.0468105 0.185783
v 0.10796893125 -0.05022299375 0.162686375
v 0.10063144375 -0.04488573125 0.16746175
v 0.09471045 -0.0533381 0.166958
v 0.10200415 -0.0585621 0.161877
v 0.1206376875 -0.04723025625 0.1568523125
v 0.1139215625 -0.0417159125 0.16199275
v 0.114579 -0.05559675 0.1575455
v 0.1389605 -0.036477675 0.14689
v 0.132991 -0.04460488125 0.149317375
v 0.138604 -0.0503208 0.1426485
v 0.144698 -0.0423373 0.140337
v 0.1694795 0.07919335 0.1295865
v 0.163553 0.0848428 0.1360475
v 0.15865 0.07607555 0.1393215
v 0.1645765 0.0704261 0.1328605
v 0.1802575 0.06726975 0.115811
v 0.17482 0.0732856 0.1226895
v 0.1706505 0.06469105 0.126692
v 0.176088 0.0586752 0.1198135
v 0.1748121875 -0.008433122375 0.1157303125
v 0.1786345 -0.01489585 0.108167
v 0.1827245 -0.006639354 0.103237
v 0.1791695 -0.000202369 0.110959
v 0.170205 -0.0019745 0.1226575
v 0.165296 -0.010072435 0.1272715
v 0.1701705 -0.0165568 0.120503
v 0.1627055 -0.03782205 0.1223255
v 0.1648984375 -0.04413326875 0.1144520625
v 0.1712515 -0.037009 0.1094685
v 0.168586 -0.030635 0.117537
v 0.1649576875 -0.05113735 0.1068969125
v 0.16296375 -0.0586239 0.09954721875
v 0.169285 -0.0528429 0.0933108
v 0.1713835 -0.0448181 0.10082775
v 0.1584205 -0.0504899 0.1197805
v 0.1583755 -0.05725485 0.1125375
v 0.1529615 -0.0702583 0.0985677
v 0.159854 -0.0654869 0.09207475
v 0.156335 -0.0637572 0.10599
v 0.122192 -0.01022331 0.1564535
v 0.1169856875 -0.01873805125 0.1601575625
v 0.125071875 -0.02449308875 0.1568036875
v 0.1303985 -0.01600396 0.1532625
v 0.1196511875 -0.03307403125 0.159860875
v 0.1267968125 -0.038869775 0.1551741875
v 0.1324743125 -0.03046294375 0.1524355625
v 0.1445415 -0.02823965 0.143801
v 0.137943 -0.0220794 0.1492025
v 0.1266715 -0.05278055 0.15104
v 0.1117855 -0.02739094375 0.16352475
v 0.106348175 -0.036172275 0.166133125
v 0.108493 -0.013129 0.162869
v 0.10341366875 -0.0218414125 0.1663445625
v 0.09825964375 -0.03062081875 0.1694601875
v 0.09277476875 -0.0394496875 0.171393875
v 0.084496625 -0.03400805 0.174329
v 0.07889239375 -0.0428233 0.1751133125
v 0.08707115 -0.04828405 0.1720025
v 0.05660651875 -0.04060214375 0.1809949375
v 0.05085525 -0.0489424 0.1798425
v 0.0590231 -0.05431835 0.1762755
v 0.06488625 -0.04600655 0.1778231875
v 0.0705443875 -0.03741074375 0.17801075
v 0.0731237 -0.0514539 0.174629
v 0.03975944375 -0.02968109375 0.1866146875
v 0.04277715 -0.0437246 0.1838005
v 0.0482215375 -0.0351498 0.18381
v 0.06201513125 -0.0319735375 0.18033375
v 0.05335145 -0.02656649375 0.1823588125
v 0.07587934375 -0.02861476875 0.1763981875
v 0.06704405625 -0.0232956475 0.1779339375
v 0.089729075 -0.02517278125 0.1718290625
v 0.08098085 -0.01978425 0.1735895
v 0.09475325 -0.0163708 0.168517
v 0.05746555 0.003342495 0.171129
v 0.05318039375 -0.004807805 0.175889875
v 0.06239005625 -0.009838904375 0.174854875
v 0.06674655 -0.00163373 0.170244
v 0.058030625 -0.01810762875 0.179197
v 0.0716028 -0.01487638 0.174039
v 0.03129580625 -0.00260085 0.1848951875
v 0.03594475 -0.01588172125 0.1869859375
v 0.04002088125 -0.007791290625 0.1823766875
v 0.04458290625 -0.0212353875 0.1844035
v 0.0489786875 -0.012947366875 0.1805785
v 0.04401505 0.000232965 0.177201
v 0.03549455 0.00556897 0.1800655
v 0.02667645 0.01063757 0.1823775
v 0.022452 0.00246098 0.18722
v -0.000504865 -0.038904 0.193455
v -0.0335046875 -0.05131043125 0.1816963125
v -0.0252768 -0.05666915 0.1800235
v -0.01957915 -0.0487113 0.185246
v -0.02779185 -0.0433612 0.186933
v -0.047525025 -0.05385909375 0.178058375
v -0.0392586 -0.0592036 0.176465
v -0.04175225 -0.0459733 0.183307
v -0.0615814375 -0.0564026 0.1743175625
v -0.05325285 -0.0617405 0.172928
v -0.0558511 -0.04852395 0.179521
v -0.0756334125 -0.05882926875 0.170058625
v -0.0672724 -0.064222 0.1688605
v -0.08961599375 -0.06060879375 0.1651419375
v -0.08149975 -0.06600175 0.164053
v -0.0959937 -0.0668465 0.1589295
v -0.1368959375 -0.0652369125 0.132642125
v -0.133247625 -0.07310509375 0.126668125
v -0.125052 -0.0745318 0.1336495
v -0.1288335 -0.06667695 0.13952
v -0.1443915 -0.075079525 0.10586065
v -0.139372 -0.08093735 0.09866815
v -0.131794 -0.08368355 0.1058543
v -0.1368518125 -0.07786505 0.11300039375
v -0.14116575 -0.071030425 0.11975725
v -0.1290395 -0.0801965 0.120091
v -0.152056625 -0.06034489375 0.1190991875
v -0.1486826875 -0.068234 0.11276108125
v -0.1446435625 -0.06311144375 0.1259675
v -0.13943675 -0.05644045 0.1378545625
v -0.1472935 -0.0544355 0.1315305
v -0.1611511875 -0.04825158125 0.1174791875
v -0.158859375 -0.05695761875 0.1118745125
v -0.1545415 -0.0516455 0.1248015
v -0.165233 -0.0531378 0.1044028
v -0.1619525 -0.06070985 0.0979666
v -0.1555654375 -0.064654525 0.10548980625
v -0.1515125 -0.0716651 0.09861665
v -0.1624395625 -0.03881485 0.122313875
v -0.169021375 -0.03546871875 0.1148624375
v -0.1677935 -0.04488985 0.110166
v -0.1558029375 -0.0320109125 0.1336301875
v -0.1560705 -0.04197985 0.1299595
v -0.1489145 -0.0347233 0.1406775
v -0.176049375 -0.02250881375 0.1114005625
v -0.1758645 -0.0320885 0.1073835
v -0.181573 -0.00927576 0.107099
v -0.1823715 -0.01894715 0.1035055
v -0.131663 -0.05814055 0.144075
v -0.132534625 -0.04847609375 0.14814475
v -0.1407625 -0.04695195 0.1423395
v -0.1243925 -0.05006515 0.1538215
v -0.1240215 -0.04038825 0.156961
v -0.132395 -0.0387887 0.151496
v -0.1765445 0.036812275 0.117932
v -0.17227225 0.023301825 0.1217505
v -0.16758475 0.01023313725 0.1259055
v -0.1764585 0.00366427975 0.1160375
v -0.1713975 -0.00951157025 0.1203515
v -0.1625825 -0.00264567275 0.130135
v -0.165674 -0.02253755 0.124416
v -0.157234 -0.01550511 0.1342525
v -0.14207825 -0.020702375 0.1466905
v -0.108948 -0.0582457 0.15866925
v -0.100291425 -0.050035875 0.166501
v -0.086682175 -0.046613925 0.1721675
v -0.072556275 -0.04405915 0.17655675
v -0.0157613225 -0.034075525 0.19331975
v -0.0049233325 -0.018125575 0.20270775
v 0.0094150675 -0.0149245675 0.20273475
v 0.02190805 -0.0116875625 0.19538275
v 0.011789025 -0.029169125 0.19681725
v 0.024971225 -0.025807625 0.19287775
v 0.0277136 -0.039856725 0.1884125
v 0.101387225 -0.051774575 0.16493475
v 0.1143605 -0.0486953 0.15998775
v 0.13889675 -0.0434455 0.14493
v 0.16406475 0.07763445 0.134454
v 0.175454 0.0659804 0.1212515
v 0.178902 -0.0075491095 0.109563
v 0.17018775 -0.00926565 0.12158025
v 0.1669785 -0.037415525 0.115897
v 0.1673055 -0.05190195 0.1001624
v 0.16187325 -0.05072545 0.11339725
v 0.1580945 -0.06462205 0.099032375
v 0.1237045 -0.01734238 0.1567625
v 0.126149 -0.031707075 0.15630925
v 0.13856625 -0.0293248 0.148207
v 0.12687625 -0.045866625 0.1532935
v 0.11304175 -0.03458065 0.16312325
v 0.11021725 -0.020248225 0.16334275
v 0.09959795 -0.03779425 0.16892725
v 0.085862325 -0.0411417 0.17342125
v 0.05787175 -0.0474927 0.17888075
v 0.07189675 -0.0444475 0.176574
v 0.041324325 -0.036689425 0.185382
v 0.055113525 -0.033581775 0.182127
v 0.0689412 -0.030313275 0.178431
v 0.082817175 -0.0268918 0.17421475
v 0.096589425 -0.023486125 0.1691895
v 0.0599363 -0.0032344425 0.17301175
v 0.064809825 -0.016498415 0.17661875
v 0.03366975 -0.009203135 0.186122
v 0.03797045 -0.02272645 0.18714975
v 0.051278975 -0.0196912 0.18177225
v 0.046533175 -0.0063264675 0.17898875
v 0.028973275 0.004014975 0.18364275
v -0.0018555975 -0.031921425 0.19681075
v -0.026534325 -0.050015175 0.18347825
v -0.040505425 -0.05258845 0.179886
v -0.054551975 -0.055132225 0.1762245
v -0.068608575 -0.057664975 0.17227075
v -0.082655975 -0.0598054 0.16765575
v -0.0964532 -0.061254875 0.162597
v -0.1310945 -0.0700099 0.1331545
v -0.13819325 -0.079522025 0.105879575
v -0.135185 -0.075724775 0.11994
v -0.146817 -0.065890825 0.119511
v -0.14221525 -0.05996175 0.132095
v -0.1568025 -0.05443155 0.11841975
v -0.160508 -0.058963725 0.1050023
v -0.15018775 -0.070075075 0.105753325
v -0.16519925 -0.041905775 0.116284
v -0.159349 -0.035510225 0.1281675
v -0.15167675 -0.028335925 0.13848725
v -0.17269225 -0.029015 0.11324275
v -0.17893025 -0.015914355 0.1093115
v -0.13621275 -0.05254625 0.14320725
v -0.12839375 -0.044426925 0.15265875
v 0.212048 -0.337363 -0.0100407
v 0.210314 -0.34836 -0.00658493
v 0.212218 -0.3478 -0.0111527
v 0.211488 -0.353313 -0.0119814
v 0.209306 -0.361076 -0.0134294
v 0.213558 -0.339418 -0.0144083
v 0.207146 -0.365929 -0.0227468
v 0.206382 -0.36664 -0.0217295
v 0.205617 -0.36735 -0.0207122
v 0.204853 -0.36806 -0.019695
v 0.207452 -0.365398 -0.0196573
v 0.206688 -0.366108 -0.01864
v 0.205923 -0.366818 -0.0176227
v 0.205159 -0.367528 -0.0166055
v 0.205465 -0.366997 -0.013516
v 0.203853 -0.368994 -0.0185686
v 0.203832 -0.368775 -0.015327
v 0.20096 -0.371495 -0.013331
v 0.203811 -0.368556 -0.0120854
v 0.211431 -0.344014 -0.00930107
v 0.211085 -0.341318 -0.00791691
v 0.209932 -0.340473 -0.00551516
v 0.21099 -0.338918 -0.00777791
v 0.209747 -0.337681 -0.00552807
v 0.215596 -0.332223 -0.0425227
v 0.208363 -0.3308 -0.00518135
v 0.207842 -0.335314 -0.00299518
v 0.206306 -0.330698 -0.00239287
v 0.206941 -0.324485 -0.0047707
v 0.20477 -0.326082 -0.00179056
v 0.205273 -0.319866 -0.00457271
v 0.203157 -0.321464 -0.00142657
v 0.203457 -0.315244 -0.00483471
v 0.201641 -0.310622 -0.00509672
v 0.205703 -0.313903 -0.0085313
v 0.20383 -0.309168 -0.0085522
v 0.201957 -0.304434 -0.0085731
v 0.209016 -0.319556 -0.0106302
v 0.207561 -0.318503 -0.00858564
v 0.206178 -0.306327 -0.0139099
v 0.204491 -0.30311 -0.0130517
v 0.209353 -0.312819 -0.0158347
v 0.209636 -0.308883 -0.0198629
v 0.207778 -0.309569 -0.0148593
v 0.209919 -0.304946 -0.0238911
v 0.208061 -0.305633 -0.0188875
v 0.206485 -0.302384 -0.0179121
v 0.159381 -0.365762 -0.0143536
v 0.211205 -0.313783 -0.0206863
v 0.211483 -0.310948 -0.024613
v 0.21286 -0.318152 -0.0235881
v 0.21199 -0.317654 -0.0203107
v 0.212658 -0.315895 -0.0247853
v 0.212819 -0.330405 -0.0156441
v 0.213743 -0.334716 -0.0170201
v 0.213928 -0.330014 -0.0196318
v 0.21324 -0.334031 -0.0155642
v 0.213688 -0.344862 -0.0162164
v 0.214616 -0.325997 -0.0236995
v 0.215719 -0.341349 -0.0301571
v 0.215856 -0.33285 -0.0351968
v 0.215782 -0.333872 -0.0330258
v 0.215708 -0.334894 -0.0308548
v 0.215634 -0.335916 -0.0286838
v 0.215383 -0.328285 -0.0311366
v 0.215293 -0.329333 -0.0290725
v 0.215203 -0.330381 -0.0270085
v 0.1672 -0.353734 -0.0180146
v 0.166726 -0.356524 -0.0215086
v 0.166848 -0.356625 -0.022463
v 0.214735 -0.323508 -0.0321346
v 0.214695 -0.324338 -0.0293229
v 0.214655 -0.325168 -0.0265112
v 0.16621 -0.35523 -0.0170778
v 0.214052 -0.318877 -0.033631
v 0.214012 -0.319707 -0.0308193
v 0.213973 -0.320536 -0.0280076
v 0.164109 -0.359878 -0.0192713
v 0.213369 -0.314246 -0.0351274
v 0.21333 -0.315075 -0.0323157
v 0.212687 -0.309614 -0.0366238
v 0.212004 -0.304983 -0.0381202
v 0.212664 -0.309638 -0.0337009
v 0.159815 -0.368958 -0.0182195
v 0.157675 -0.371735 -0.014355
v 0.163637 -0.359262 -0.00890543
v 0.191171 -0.37856 -0.0608309
v 0.204981 -0.359014 -0.0721059
v 0.194777 -0.375901 -0.0621473
v 0.215559 -0.336649 -0.0430759
v 0.215416 -0.338081 -0.0395992
v 0.212014 -0.306233 -0.0460879
v 0.211306 -0.303547 -0.0491338
v 0.211641 -0.303812 -0.0440066
v 0.211945 -0.312958 -0.055649
v 0.212128 -0.310018 -0.0523617
v 0.211507 -0.309154 -0.0543612
v 0.21169 -0.306214 -0.0510739
v 0.213327 -0.314135 -0.0292598
v 0.214632 -0.351187 -0.0400899
v 0.21082 -0.304821 -0.0533913
v 0.208321 -0.314768 -0.0678216
v 0.169684 -0.378022 -0.075827
v 0.209452 -0.330958 -0.069754
v 0.195704 -0.375259 -0.0639753
v 0.211094 -0.329941 -0.0655186
v 0.212823 -0.329925 -0.0605267
v 0.21066 -0.324797 -0.0653218
v 0.210227 -0.319654 -0.065125
v 0.21222 -0.324795 -0.0602782
v 0.211584 -0.319667 -0.0600195
v 0.213931 -0.320906 -0.0256683
v 0.212233 -0.349374 -0.061313
v 0.211789 -0.340301 -0.0642939
v 0.21255 -0.340339 -0.0616534
v 0.213311 -0.340377 -0.059013
v 0.212413 -0.335101 -0.0622833
v 0.213174 -0.335138 -0.0596429
v 0.210968 -0.347653 -0.0655978
v 0.21177 -0.34781 -0.0628598
v 0.210764 -0.344356 -0.0672439
v 0.211566 -0.344513 -0.0645059
v 0.212369 -0.34467 -0.0617679
v 0.213171 -0.344827 -0.0590299
v 0.208595 -0.348834 -0.0708385
v 0.205283 -0.362108 -0.0675375
v 0.20406 -0.365065 -0.0681878
v 0.202653 -0.365564 -0.0698337
v 0.203687 -0.366744 -0.0641006
v 0.208643 -0.324157 -0.0699335
v 0.207912 -0.333004 -0.0731233
v 0.203349 -0.368804 -0.058588
v 0.206868 -0.364502 -0.0569206
v 0.207107 -0.365173 -0.054068
v 0.210516 -0.360033 -0.0551222
v 0.210883 -0.360536 -0.0521386
v 0.21125 -0.361039 -0.049155
v 0.211716 -0.361294 -0.0450558
v 0.213511 -0.356337 -0.0453044
v 0.209851 -0.36623 -0.0447948
v 0.209975 -0.366577 -0.0396832
v 0.212133 -0.36243 -0.039719
v 0.210069 -0.366192 -0.0348887
v 0.212063 -0.362026 -0.0349363
v 0.210149 -0.35953 -0.0581058
v 0.206834 -0.354354 -0.0706649
v 0.214648 -0.351614 -0.0303592
v 0.201034 -0.368516 -0.0703324
v 0.213409 -0.354105 -0.0235397
v 0.207696 -0.370353 -0.034714
v 0.204362 -0.374723 -0.0393829
v 0.197002 -0.382148 -0.0384878
v 0.200718 -0.37847 -0.0389606
v 0.204373 -0.374301 -0.0342857
v 0.213061 -0.311668 -0.0427887
v 0.208256 -0.343115 -0.0730719
v 0.169977 -0.329842 -0.0961369
v 0.213881 -0.316507 -0.0419077
v 0.159091 -0.374228 -0.0566078
v 0.159701 -0.371614 -0.0692919
v 0.214977 -0.323129 -0.0371367
v 0.21049 -0.352988 -0.00768958
v 0.203517 -0.374449 -0.0442015
v 0.206972 -0.370548 -0.0444651
v 0.214273 -0.323452 -0.0246839
v 0.207086 -0.369287 -0.0299872
v 0.206093 -0.367805 -0.0254491
v 0.162761 -0.366264 -0.0542008
v 0.200561 -0.377888 -0.0338897
v 0.203544 -0.373023 -0.0296263
v 0.196331 -0.381022 -0.0336994
v 0.195004 -0.379192 -0.0291898
v 0.199315 -0.376158 -0.0294367
v 0.202299 -0.371295 -0.025174
v 0.186812 -0.386277 -0.0330006
v 0.191792 -0.383849 -0.0334004
v 0.190432 -0.38199 -0.0288833
v 0.182491 -0.389905 -0.0374035
v 0.187642 -0.387638 -0.0377334
v 0.177497 -0.391676 -0.0372194
v 0.177173 -0.390549 -0.032424
v 0.171999 -0.390634 -0.0331795
v 0.171568 -0.387562 -0.0294342
v 0.160926 -0.370246 -0.0554043
v 0.20663 -0.363832 -0.0597731
v 0.186063 -0.384005 -0.0281647
v 0.190156 -0.377902 -0.0246213
v 0.194104 -0.375976 -0.0249775
v 0.198016 -0.374226 -0.0249543
v 0.17649 -0.387604 -0.0286173
v 0.181976 -0.388832 -0.032355
v 0.207717 -0.370716 -0.0396316
v 0.21417 -0.357764 -0.0399154
v 0.215474 -0.327018 -0.0356195
v 0.215564 -0.32663 -0.0369917
v 0.209909 -0.325593 -0.0103928
v 0.213213 -0.320334 -0.0540262
v 0.213179 -0.323839 -0.0560572
v 0.214705 -0.343737 -0.0512239
v 0.213666 -0.320013 -0.0516629
v 0.214534 -0.347288 -0.0504493
v 0.214063 -0.344844 -0.0555515
v 0.213138 -0.347186 -0.0585382
v 0.213749 -0.347908 -0.0554241
v 0.212838 -0.350091 -0.0582205
v 0.213442 -0.350808 -0.0551279
v 0.214059 -0.351058 -0.050419
v 0.214667 -0.351168 -0.0454075
v 0.212823 -0.356214 -0.0502448
v 0.212293 -0.35574 -0.0535769
v 0.208437 -0.365717 -0.0494461
v 0.205076 -0.369696 -0.0488158
v 0.20311 -0.368133 -0.0614405
v 0.203264 -0.368891 -0.0532007
v 0.213247 -0.31683 -0.0519952
v 0.198789 -0.372391 -0.0571456
v 0.207529 -0.320143 -0.0712829
v 0.206711 -0.323103 -0.0735403
v 0.19534 -0.375242 -0.0667095
v 0.207004 -0.318937 -0.0718249
v 0.194996 -0.375029 -0.0672342
v 0.194653 -0.374817 -0.0677589
v 0.183676 -0.382687 -0.0679579
v 0.189462 -0.377963 -0.0687494
v 0.195248 -0.37324 -0.0695409
v 0.199562 -0.364714 -0.0747492
v 0.210646 -0.340305 -0.0680034
v 0.19809 -0.360913 -0.0791661
v 0.199679 -0.361759 -0.0769031
v 0.210405 -0.335142 -0.0684594
v 0.213667 -0.323681 -0.0535889
v 0.200536 -0.35903 -0.0782149
v 0.213827 -0.328086 -0.0550419
v 0.202637 -0.355184 -0.078097
v 0.198884 -0.356566 -0.0807921
v 0.199021 -0.353391 -0.0821258
v 0.201237 -0.353173 -0.0803891
v 0.199157 -0.350216 -0.0834595
v 0.201504 -0.349452 -0.0814648
v 0.199685 -0.345404 -0.0840191
v 0.196338 -0.345988 -0.0861793
v 0.196585 -0.341017 -0.0867146
v 0.192303 -0.3313 -0.0899495
v 0.196311 -0.330911 -0.0868214
v 0.195778 -0.325847 -0.0864938
v 0.191745 -0.32629 -0.0897111
v 0.189918 -0.334701 -0.0911796
v 0.1901 -0.338527 -0.0906025
v 0.192503 -0.344365 -0.0885412
v 0.189422 -0.330013 -0.0911329
v 0.188463 -0.327446 -0.091373
v 0.187503 -0.32488 -0.091613
v 0.186499 -0.321924 -0.0916638
v 0.189826 -0.316472 -0.0886035
v 0.190998 -0.321325 -0.0893591
v 0.194023 -0.315942 -0.0855961
v 0.1981 -0.315444 -0.0823714
v 0.199112 -0.320425 -0.0828862
v 0.202308 -0.320204 -0.0787736
v 0.20137 -0.315223 -0.0783171
v 0.204459 -0.314954 -0.074041
v 0.200431 -0.310243 -0.0778606
v 0.203077 -0.324961 -0.0793648
v 0.205234 -0.32347 -0.0758278
v 0.205258 -0.31975 -0.0746086
v 0.203487 -0.330073 -0.0795564
v 0.205531 -0.328216 -0.0762895
v 0.206334 -0.337338 -0.0764776
v 0.206412 -0.34771 -0.0753551
v 0.206354 -0.342635 -0.0760667
v 0.208672 -0.340766 -0.0722009
v 0.200526 -0.34073 -0.0834077
v 0.203927 -0.335416 -0.0795511
v 0.200304 -0.33562 -0.0833383
v 0.200076 -0.330562 -0.08323
v 0.203454 -0.309969 -0.0736629
v 0.192532 -0.306223 -0.0850775
v 0.196287 -0.305707 -0.0815801
v 0.214918 -0.33458 -0.0503798
v 0.197005 -0.310713 -0.0816073
v 0.193447 -0.311224 -0.085218
v 0.189144 -0.311657 -0.0883705
v 0.183964 -0.307617 -0.0904024
v 0.188588 -0.306792 -0.0882812
v 0.184821 -0.312552 -0.0906114
v 0.213972 -0.332508 -0.0554884
v 0.213944 -0.341279 -0.056627
v 0.195122 -0.320845 -0.0861892
v 0.199693 -0.325486 -0.0831029
v 0.196612 -0.33598 -0.0869544
v 0.19218 -0.341339 -0.0893035
v 0.192212 -0.336306 -0.0896014
v 0.202815 -0.344984 -0.080556
v 0.20414 -0.340525 -0.0796232
v 0.196517 -0.359959 -0.081198
v 0.196366 -0.356775 -0.0825978
v 0.196215 -0.353591 -0.0839976
v 0.196063 -0.350407 -0.0853974
v 0.192263 -0.36935 -0.0773535
v 0.188691 -0.373177 -0.0763691
v 0.212552 -0.338048 -0.0114965
v 0.179919 -0.382937 -0.0703606
v 0.182369 -0.380312 -0.072467
v 0.174091 -0.385552 -0.0703741
v 0.177014 -0.385684 -0.0672714
v 0.176696 -0.382611 -0.0727803
v 0.173116 -0.382068 -0.0738018
v 0.170702 -0.387697 -0.0670162
v 0.167301 -0.385388 -0.0692518
v 0.21463 -0.339907 -0.0526022
v 0.162299 -0.378377 -0.0698206
v 0.214322 -0.336286 -0.0539353
v 0.16656 -0.371407 -0.0766338
v 0.16949 -0.363157 -0.078198
v 0.169515 -0.368463 -0.0787599
v 0.172447 -0.360203 -0.080325
v 0.172454 -0.366111 -0.0807047
v 0.175516 -0.364045 -0.082371
v 0.177461 -0.354238 -0.0859337
v 0.174683 -0.358057 -0.0819038
v 0.170539 -0.355747 -0.0780301
v 0.173111 -0.351348 -0.0833511
v 0.175677 -0.347618 -0.0881793
v 0.170535 -0.343789 -0.0877122
v 0.173585 -0.341407 -0.0911617
v 0.17856 -0.344712 -0.0911483
v 0.176501 -0.33822 -0.0933447
v 0.183688 -0.347763 -0.0906537
v 0.179799 -0.367553 -0.0822657
v 0.183152 -0.363998 -0.083777
v 0.181816 -0.357686 -0.0865215
v 0.186504 -0.360443 -0.0852884
v 0.185169 -0.354132 -0.0880328
v 0.188327 -0.349464 -0.089506
v 0.189925 -0.34249 -0.0902144
v 0.192365 -0.350243 -0.0876049
v 0.192872 -0.355092 -0.0857764
v 0.189543 -0.355633 -0.0868105
v 0.189748 -0.361855 -0.0838483
v 0.184025 -0.375425 -0.0769305
v 0.18577 -0.370924 -0.0794299
v 0.187515 -0.366423 -0.0819293
v 0.189724 -0.367397 -0.080359
v 0.186935 -0.334582 -0.0924332
v 0.178103 -0.326634 -0.0953178
v 0.182599 -0.327261 -0.0939519
v 0.16839 -0.325653 -0.0961902
v 0.15743 -0.328582 -0.0945768
v 0.15422 -0.332076 -0.0930981
v 0.148302 -0.346124 -0.0887341
v 0.15135 -0.342756 -0.0909028
v 0.157683 -0.335845 -0.0936637
v 0.160897 -0.332341 -0.0948112
v 0.16411 -0.328837 -0.0959588
v 0.154482 -0.339346 -0.0925164
v 0.174166 -0.331669 -0.0955597
v 0.178387 -0.333076 -0.0948359
v 0.167457 -0.332748 -0.0951533
v 0.173664 -0.32596 -0.0960729
v 0.182652 -0.333876 -0.0938948
v 0.185645 -0.341628 -0.0918672
v 0.181382 -0.340739 -0.0928345
v 0.172008 -0.335296 -0.094454
v 0.165743 -0.340725 -0.0887256
v 0.164804 -0.335687 -0.0937729
v 0.169023 -0.338325 -0.0920817
v 0.158528 -0.341494 -0.0895377
v 0.161646 -0.33852 -0.0914826
v 0.155342 -0.345175 -0.0883359
v 0.162578 -0.343611 -0.086481
v 0.213055 -0.338733 -0.0129524
v 0.152019 -0.348867 -0.0871505
v 0.159076 -0.347061 -0.0850485
v 0.213528 -0.316392 -0.0280627
v 0.213729 -0.318649 -0.0268655
v 0.180319 -0.351149 -0.0887195
v 0.178612 -0.36102 -0.0844467
v 0.162791 -0.370426 -0.0733309
v 0.160797 -0.375979 -0.0701608
v 0.158878 -0.374886 -0.0646516
v 0.159625 -0.377599 -0.0664661
v 0.159289 -0.37325 -0.0669717
v 0.158922 -0.376974 -0.0609329
v 0.158653 -0.374975 -0.0606773
v 0.160258 -0.376892 -0.0563167
v 0.162707 -0.372172 -0.0523051
v 0.160136 -0.365838 -0.0612697
v 0.162826 -0.362642 -0.0577135
v 0.162818 -0.361371 -0.0625286
v 0.164746 -0.359035 -0.0590441
v 0.160332 -0.365785 -0.065848
v 0.16122 -0.364889 -0.0674894
v 0.163449 -0.360653 -0.065696
v 0.164188 -0.360495 -0.0685474
v 0.166269 -0.356998 -0.0679639
v 0.167428 -0.358536 -0.0732377
v 0.165867 -0.356567 -0.0637114
v 0.16589 -0.360907 -0.0526704
v 0.167703 -0.356358 -0.0532501
v 0.165729 -0.361044 -0.0477986
v 0.167566 -0.356025 -0.0480961
v 0.16556 -0.360633 -0.0427917
v 0.167641 -0.35516 -0.0379749
v 0.167548 -0.355598 -0.0430499
v 0.168617 -0.350268 -0.0382446
v 0.16877 -0.350672 -0.0433168
v 0.168974 -0.350981 -0.0484151
v 0.168379 -0.351323 -0.053744
v 0.201989 -0.369884 -0.0105451
v 0.197657 -0.372784 -0.0670992
v 0.202977 -0.32826 0.000822596
v 0.204796 -0.333312 -5.48903e-05
v 0.19924 -0.37093 -0.0672124
v 0.206614 -0.338364 -0.000932377
v 0.198783 -0.371361 -0.0681769
v 0.166902 -0.353192 -0.0144838
v 0.200365 -0.369508 -0.0682901
v 0.199909 -0.369939 -0.0692547
v 0.197894 -0.373279 -0.0652834
v 0.157918 -0.377769 -0.0115185
v 0.157804 -0.3742 -0.00881902
v 0.15764 -0.372859 -0.0101271
v 0.157852 -0.376209 -0.012706
v 0.158502 -0.376864 -0.0158488
v 0.157789 -0.374641 -0.0138894
v 0.157977 -0.373579 -0.0158072
v 0.199428 -0.371631 -0.0652074
v 0.16267 -0.371522 -0.023145
v 0.164077 -0.370918 -0.024665
v 0.165484 -0.370313 -0.0261851
v 0.16396 -0.369014 -0.0247701
v 0.165408 -0.366674 -0.0264436
v 0.165163 -0.368192 -0.0262282
v 0.162812 -0.369293 -0.0229735
v 0.16422 -0.367346 -0.0248917
v 0.164654 -0.364003 -0.0239686
v 0.200961 -0.369984 -0.0651314
v 0.163176 -0.366114 -0.0220472
v 0.200798 -0.36918 -0.0672309
v 0.163123 -0.363918 -0.0211022
v 0.202332 -0.367532 -0.067155
v 0.196224 -0.374906 -0.0647876
v 0.191886 -0.378171 -0.0656476
v 0.215406 -0.343222 -0.0354226
v 0.215766 -0.341709 -0.0337409
v 0.213998 -0.353653 -0.0277016
v 0.214778 -0.349906 -0.0289099
v 0.214192 -0.350479 -0.0249105
v 0.166703 -0.360251 -0.028377
v 0.166598 -0.360163 -0.0270757
v 0.166492 -0.360075 -0.0257745
v 0.213605 -0.351051 -0.020911
v 0.167771 -0.355608 -0.0301374
v 0.167665 -0.35552 -0.0288362
v 0.16756 -0.355431 -0.0275349
v 0.167455 -0.355343 -0.0262336
v 0.167349 -0.355255 -0.0249323
v 0.167244 -0.355167 -0.0236311
v 0.201406 -0.316788 -0.00177563
v 0.201042 -0.310962 -0.00397179
v 0.188737 -0.37099 -0.0781317
v 0.179238 -0.378764 -0.0755992
v 0.171845 -0.37555 -0.0780599
v 0.174509 -0.374151 -0.0790929
v 0.158596 -0.378479 -0.0145127
v 0.176362 -0.370392 -0.0809391
v 0.173182 -0.372009 -0.0795544
v 0.169968 -0.37364 -0.0781458
v 0.214971 -0.346732 -0.0261187
v 0.211595 -0.307784 -0.0286578
v 0.211 -0.303225 -0.0332035
v 0.161205 -0.382165 -0.0655744
v 0.214072 -0.321195 -0.0258811
v 0.213905 -0.324738 -0.0218198
v 0.213194 -0.323479 -0.0199401
v 0.213562 -0.322193 -0.0228042
v 0.215095 -0.331974 -0.0248615
v 0.215043 -0.336766 -0.0227228
v 0.214855 -0.328986 -0.0242805
v 0.164705 -0.38504 -0.0658247
v 0.164454 -0.382691 -0.0697011
v 0.159326 -0.370446 -0.0657704
v 0.167559 -0.35264 -0.0184153
v 0.158719 -0.372105 -0.0632969
v 0.158988 -0.369436 -0.0620965
v 0.167634 -0.352978 -0.0208208
v 0.167814 -0.352706 -0.0222478
v 0.164882 -0.363484 -0.0523192
v 0.167529 -0.353587 -0.0217995
v 0.167709 -0.353315 -0.0232264
v 0.167889 -0.353043 -0.0246533
v 0.16807 -0.352771 -0.0260802
v 0.164462 -0.368151 -0.0512306
v 0.167424 -0.354197 -0.0227781
v 0.167604 -0.353925 -0.024205
v 0.167784 -0.353653 -0.0256319
v 0.167965 -0.353381 -0.0270588
v 0.168145 -0.353109 -0.0284857
v 0.214804 -0.333778 -0.0221418
v 0.214385 -0.347305 -0.0221193
v 0.164722 -0.361692 -0.0398239
v 0.161139 -0.365992 -0.0566438
v 0.162426 -0.36445 -0.0559196
v 0.163712 -0.362908 -0.0551955
v 0.164389 -0.360773 -0.0564297
v 0.165876 -0.365029 -0.050495
v -0.209845 0.0119292 0.00162267
v -0.214274 0.00919128 0.0149776
v -0.217305 0.0237467 0.0162633
v -0.216214 0.00733516 0.0292151
v -0.220381 0.0384497 0.017574
v -0.223541 0.0531824 0.0188757
v -0.21624 0.0400841 0.00424875
v -0.220601 0.0551855 0.00492789
v -0.227178 0.0682325 0.0200065
v -0.22817 0.0661709 0.0342494
v -0.224938 0.0512566 0.0332748
v -0.220142 0.0200541 0.0450784
v -0.217246 0.00351643 0.0580773
v -0.213797 -0.0111591 0.0561769
v -0.209964 -0.0257057 0.0541033
v -0.211808 -0.0127385 0.0702679
v -0.207564 -0.0271826 0.0684225
v -0.202979 -0.0414655 0.0664418
v -0.196598 -0.0548085 0.0638487
v -0.198664 -0.0531689 0.0493955
v -0.205283 -0.0376234 0.0373761
v -0.204226 -0.0351795 0.0228581
v -0.209083 -0.0211333 0.025159
v -0.210073 0.0454294 -0.10899
v -0.212903 0.0256994 0.00297584
v -0.196517 -0.00571812 -0.088166
v -0.195062 0.000592915 -0.102057
v -0.193509 0.00871128 -0.115815
v -0.193629 0.0226979 -0.129813
v -0.20018 0.0310662 -0.123217
v -0.197517 0.0598339 -0.153683
v -0.204257 0.0655769 -0.142438
v -0.200066 0.0809275 -0.159881
v -0.192716 0.077721 -0.170817
v -0.178535 0.0967676 -0.19552
v -0.169182 0.114055 -0.207422
v -0.231228 0.0852673 0.00716812
v -0.172422 0.151675 -0.205716
v -0.175552 0.168207 -0.201147
v -0.177547 0.184 -0.196052
v -0.189996 0.211122 -0.173872
v -0.189666 0.225349 -0.167313
v -0.198803 0.221118 -0.156323
v -0.19914 0.207035 -0.162703
v -0.214726 0.199166 -0.137854
v -0.221116 0.181966 -0.129033
v -0.220729 0.168148 -0.133223
v -0.214391 0.171445 -0.147273
v -0.207536 0.189121 -0.156024
v -0.196622 0.162986 -0.178336
v -0.188592 0.1812 -0.185635
v -0.186545 0.165695 -0.190304
v -0.189725 0.196358 -0.180182
v -0.198299 0.178005 -0.173746
v -0.183701 0.149662 -0.194601
v -0.181209 0.133248 -0.197501
v -0.189225 0.115536 -0.186602
v -0.195351 0.0981586 -0.174094
v -0.202852 0.0983857 -0.161579
v -0.205911 0.113834 -0.160552
v -0.215566 0.126327 -0.143097
v -0.218166 0.140138 -0.140263
v -0.223304 0.137529 -0.124722
v -0.211295 0.142685 -0.155022
v -0.205538 0.160107 -0.165249
v -0.20351 0.145355 -0.169117
v -0.200568 0.130427 -0.172266
v -0.213143 0.15714 -0.151331
v -0.219668 0.154184 -0.136945
v -0.224974 0.151308 -0.121908
v -0.23027 0.162566 -0.103425
v -0.226189 0.165125 -0.11867
v -0.226337 0.178783 -0.114557
v -0.225694 0.0704296 0.00580388
v -0.24063 0.137872 -0.0458741
v -0.242347 0.135325 -0.0310469
v -0.243717 0.132952 -0.0163064
v -0.244561 0.130618 -0.00128213
v -0.241481 0.111557 0.0261051
v -0.232663 0.0808365 0.0359617
v -0.236507 0.094618 0.0388668
v -0.237505 0.0977275 0.0232269
v -0.237128 0.0997368 0.0087094
v -0.230402 0.0875115 -0.00742462
v -0.230892 0.0899392 -0.0222453
v -0.231702 0.0921917 -0.0372103
v -0.23592 0.106263 -0.0353889
v -0.235096 0.109421 -0.0498916
v -0.228702 0.102276 -0.0815446
v -0.233592 0.112765 -0.0648181
v -0.2315 0.115893 -0.079872
v -0.236268 0.126448 -0.0629832
v -0.228765 0.118647 -0.0955331
v -0.233974 0.129483 -0.0781788
v -0.230943 0.132158 -0.0937156
v -0.227891 0.134849 -0.109155
v -0.235997 0.143278 -0.0759484
v -0.232864 0.145997 -0.0912455
v -0.218556 0.110363 -0.12955
v -0.212952 0.0844161 -0.13166
v -0.21575 0.0970953 -0.131261
v -0.217663 0.082165 -0.114799
v -0.220373 0.0948528 -0.114354
v -0.222996 0.107966 -0.113054
v -0.21489 0.0698181 -0.114713
v -0.212398 0.0575903 -0.11248
v -0.215055 0.0538994 -0.0976547
v -0.218014 0.0667151 -0.0985973
v -0.219566 0.0626706 -0.0845023
v -0.217093 0.0456424 -0.0722195
v -0.220333 0.0589756 -0.0702863
v -0.223892 0.0723573 -0.0688657
v -0.227259 0.0857544 -0.0675732
v -0.227558 0.08208 -0.0532648
v -0.223754 0.0687234 -0.0548219
v -0.208275 0.0191026 -0.0786572
v -0.212694 0.0323679 -0.0754365
v -0.202736 0.00660275 -0.0829892
v -0.197667 -0.0114066 -0.0744073
v -0.203744 0.00110902 -0.0691495
v -0.232315 0.0830174 0.0214811
v -0.228295 0.0639252 0.0489682
v -0.207435 0.014847 -0.0651203
v -0.216138 0.0496877 -0.0853169
v -0.211769 0.0364827 -0.0883804
v -0.211082 0.0408486 -0.0986595
v -0.207394 0.0237479 -0.0902595
v -0.206125 0.0297594 -0.102976
v -0.222651 0.0758914 -0.0837052
v -0.230394 0.0991029 -0.0664237
v -0.207437 0.0542034 -0.125202
v -0.22096 0.079426 -0.0986612
v -0.223702 0.0922671 -0.0979828
v -0.221143 0.123827 -0.127386
v -0.237352 0.157372 -0.0730392
v -0.225491 0.121324 -0.111268
v -0.226404 0.105303 -0.0969381
v -0.225783 0.08923 -0.0825627
v -0.231468 0.0956565 -0.0516202
v -0.236677 0.103389 -0.0209846
v -0.240628 0.118441 -0.018902
v -0.239767 0.120876 -0.0333327
v -0.241947 0.114296 0.0104121
v -0.241438 0.116059 -0.00441815
v -0.236888 0.101666 -0.00606548
v -0.231595 0.07772 0.0508308
v -0.230083 0.0752258 0.0660518
v -0.22751 0.0613511 0.0641425
v -0.223925 0.045225 0.0771633
v -0.22595 0.0591015 0.0790246
v -0.227684 0.0729083 0.0809309
v -0.220395 0.0425543 0.0914231
v -0.223141 0.0705157 0.0954442
v -0.224092 0.0845234 0.0974529
v -0.224398 0.0985238 0.0998175
v -0.230291 0.100805 0.0865238
v -0.234617 0.103059 0.0725448
v -0.237682 0.105569 0.0577017
v -0.23307 0.0892123 0.0686361
v -0.217914 0.0283542 0.0895287
v -0.222013 0.0565401 0.0933717
v -0.229361 0.0867773 0.0831457
v -0.221718 0.0309274 0.0756001
v -0.225228 0.0471598 0.0624863
v -0.235114 0.0917088 0.0537158
v -0.240166 0.108342 0.042022
v -0.244162 0.127994 0.0144924
v -0.238373 0.123358 -0.0479652
v -0.238701 0.140582 -0.0608853
v -0.243186 0.149658 -0.0277207
v -0.242096 0.152054 -0.0429292
v -0.240052 0.154704 -0.0579667
v -0.234122 0.159983 -0.0882027
v -0.229302 0.148677 -0.106554
v -0.208701 0.128352 -0.158256
v -0.209667 0.0980196 -0.146923
v -0.212936 0.112529 -0.145794
v -0.197639 0.115542 -0.174678
v -0.191296 0.132459 -0.185622
v -0.194352 0.147821 -0.182423
v -0.206872 0.174664 -0.160894
v -0.215026 0.1856 -0.142807
v -0.220884 0.195279 -0.124221
v -0.207522 0.203229 -0.150627
v -0.199118 0.192766 -0.168487
v -0.213304 0.212336 -0.131341
v -0.206761 0.216912 -0.144346
v -0.169893 0.132945 -0.208165
v -0.179543 0.11549 -0.197652
v -0.187013 0.097923 -0.185691
v -0.206697 0.0834059 -0.146825
v -0.210037 0.0701482 -0.130793
v -0.201884 0.0476245 -0.134979
v -0.205415 0.0383531 -0.116234
v -0.201771 0.0128902 -0.0964151
v -0.200799 0.0197795 -0.109532
v -0.20309 -0.0328221 0.008306
v -0.212851 -0.00700387 0.0273745
v -0.206984 -0.0188814 0.010377
v -0.210661 -0.0049332 0.0129031
v -0.204646 -0.0154341 -0.00353027
v -0.207107 -0.00163679 -0.000573909
v -0.200428 -0.029879 -0.0065555
v -0.216134 0.00171048 0.072248
v -0.204612 -0.039709 0.0519258
v -0.20972 -0.0234095 0.0395996
v -0.213795 -0.00897532 0.0417472
v -0.219345 0.0164899 0.0740222
v -0.220306 0.0182225 0.0596138
v -0.222781 0.032706 0.0610385
v -0.217337 0.0054343 0.0437199
v -0.219224 0.0220109 0.0305553
v -0.222152 0.0366716 0.0319162
v -0.222833 0.0346815 0.0464381
v -0.225453 0.0491915 0.0478222
v -0.05607 0.279191 0.204762
v -0.0962308 0.35228 0.113216
v -0.110172 0.348802 0.106789
v -0.105115 0.346002 0.11591
v -0.100167 0.342917 0.124918
v -0.108949 0.336466 0.127286
v -0.104089 0.333322 0.136369
v -0.114991 0.350503 0.0972589
v -0.10113 0.354581 0.103734
v -0.0859186 0.345513 0.131309
v -0.0951043 0.33953 0.133948
v -0.0815107 0.354102 0.11894
v -0.0722371 0.359687 0.115905
v -0.0583329 0.371683 0.0989443
v -0.0540532 0.377637 0.0849067
v -0.063542 0.373965 0.089271
v -0.0781478 0.372089 0.083845
v -0.0874851 0.367171 0.0875213
v -0.106064 0.356737 0.0942548
v -0.0910845 0.349049 0.12225
v -0.0824885 0.365288 0.0971383
v -0.0773118 0.362507 0.106527
v -0.0835059 0.373311 0.0741126
v -0.0925447 0.368556 0.0784496
v -0.0979979 0.369305 0.0694949
v -0.0889659 0.374084 0.0647903
v -0.0851241 0.378557 0.0503834
v -0.0797348 0.378431 0.0600891
v -0.0757017 0.382613 0.0456646
v -0.070248 0.382049 0.0554572
v -0.0606935 0.385614 0.0508685
v -0.0660389 0.386144 0.0409615
v -0.0562531 0.389105 0.0362426
v -0.0464007 0.391692 0.0315137
v -0.099121 0.328997 0.144888
v -0.0413186 0.39115 0.0414916
v -0.0261685 0.391873 0.0463763
v -0.010981 0.392195 0.0511544
v -0.00551925 0.39012 0.0608596
v -3.3935e-05 0.387856 0.0705534
v 0.00545681 0.384949 0.0801379
v 0.0261899 0.378542 0.0935411
v 0.0316156 0.374709 0.102764
v 0.0521692 0.365648 0.115105
v 0.067009 0.360151 0.118166
v 0.0571465 0.35932 0.1232
v 0.0719219 0.35384 0.126375
v 0.0619947 0.35306 0.131466
v 0.0472784 0.358846 0.128389
v 0.0522389 0.353186 0.136847
v 0.0465836 0.345407 0.149319
v 0.0363242 0.344248 0.153662
v 0.0260522 0.342743 0.15791
v 0.0320568 0.350536 0.146156
v 0.0217424 0.348817 0.150414
v 0.015693 0.340557 0.161584
v 0.00512149 0.338473 0.164874
v -0.090112 0.335457 0.142892
v -0.0204174 0.353878 0.143614
v -0.0152936 0.348368 0.152125
v -0.030489 0.350299 0.146972
v -0.0405576 0.346462 0.150076
v -0.0505504 0.342019 0.152576
v -0.0454977 0.336201 0.160705
v -0.0402538 0.330175 0.168971
v -0.0552949 0.33154 0.163197
v -0.050073 0.325694 0.171581
v -0.059574 0.320185 0.173417
v -0.0448466 0.318925 0.179021
v -0.0397382 0.311932 0.186044
v -0.0491709 0.306496 0.187732
v -0.0439112 0.299279 0.194781
v -0.0527197 0.293108 0.196269
v -0.0617663 0.287253 0.196972
v -0.0636237 0.307761 0.18234
v -0.0582762 0.300744 0.189287
v -0.0725749 0.301462 0.183525
v -0.0782071 0.307979 0.176833
v -0.0690463 0.314409 0.175306
v -0.0743861 0.320136 0.16755
v -0.0796916 0.325782 0.15971
v -0.0979218 0.312586 0.163065
v -0.106096 0.304955 0.16348
v -0.101109 0.299903 0.171627
v -0.0958484 0.294149 0.179014
v -0.090207 0.287896 0.185729
v -0.0575231 0.360758 0.121458
v -0.0848499 0.281326 0.192106
v -0.0708672 0.280806 0.197341
v -0.0658094 0.273216 0.203344
v -0.0796248 0.27421 0.197835
v -0.0737645 0.266395 0.203866
v -0.0627581 0.36441 0.112273
v -0.0760218 0.288288 0.191408
v -0.081587 0.295011 0.184968
v -0.0871392 0.301212 0.178038
v -0.0925973 0.307109 0.170741
v -0.0837136 0.313949 0.169454
v -0.0672511 0.294722 0.190513
v -0.0301759 0.316752 0.183991
v -0.00572853 0.317638 0.185915
v -0.0103868 0.324997 0.178783
v -0.000335513 0.328406 0.175688
v 0.0100474 0.331017 0.172395
v 0.00451178 0.320624 0.182822
v 0.0148147 0.323209 0.179527
v 0.0083666 0.31277 0.189358
v 0.0123557 0.304496 0.195587
v -0.00161306 0.309822 0.192565
v -0.0531834 0.36865 0.108374
v -0.0678341 0.367158 0.102766
v 0.0187729 0.315176 0.185932
v -0.0730515 0.369991 0.0934215
v 0.0227898 0.306953 0.192576
v -0.0203446 0.321107 0.181608
v -0.0252618 0.328112 0.174163
v -0.0153326 0.332035 0.171224
v -0.0203342 0.338677 0.16353
v -0.0156858 0.313611 0.188472
v -0.0114836 0.306227 0.195431
v -0.0255371 0.309364 0.190798
v -0.0211504 0.301459 0.196895
v -0.0349184 0.304484 0.192772
v -0.054332 0.313491 0.180722
v -0.0649086 0.326115 0.16567
v -0.0703072 0.331709 0.157623
v -0.0566764 0.347916 0.143383
v -0.060616 0.337077 0.154884
v -0.0507471 0.341822 0.152056
v -0.0373624 0.356863 0.135494
v -0.0470301 0.352427 0.139461
v -0.0523223 0.356806 0.130642
v -0.0670836 0.356068 0.12504
v -0.0619178 0.352162 0.13432
v -0.0766061 0.351238 0.128546
v -0.0713796 0.346842 0.137424
v -0.0808462 0.341288 0.140282
v -0.0426417 0.361229 0.126677
v -0.0478979 0.365036 0.117577
v -0.0434695 0.372558 0.104214
v -0.0381968 0.368978 0.113443
v -0.0337907 0.375801 0.0997045
v -0.0391235 0.378843 0.090211
v -0.0488107 0.375607 0.0947394
v -0.0444511 0.381115 0.0804692
v -0.0498898 0.383294 0.0707547
v -0.0553136 0.384599 0.0608379
v -0.045671 0.387653 0.0562195
v -0.030521 0.388572 0.0612377
v -0.0402306 0.38611 0.0660567
v -0.0207809 0.390701 0.0562847
v -0.0348268 0.384066 0.0758449
v -0.0251015 0.386522 0.0710038
v -0.0196526 0.384268 0.0806975
v -0.0207771 0.390636 0.0562775
v -0.0153069 0.388545 0.0659947
v -0.00984317 0.386309 0.0756876
v -0.00441541 0.383277 0.0851257
v -0.00882184 0.377911 0.0994851
v -0.0142378 0.381269 0.0901544
v 0.00102667 0.379966 0.0945647
v -0.00345736 0.374135 0.108657
v 0.0018713 0.369976 0.117637
v -0.0133104 0.371474 0.113421
v -0.0186832 0.375577 0.104461
v -0.0240517 0.378823 0.0950585
v -0.00798183 0.367262 0.122318
v -0.00271988 0.362787 0.131017
v 0.0171495 0.36736 0.121593
v 0.0072065 0.365159 0.126278
v 0.00642845 0.376198 0.10379
v 0.0118046 0.37192 0.112786
v 0.016358 0.378034 0.0989106
v 0.0217241 0.373597 0.107832
v 0.0270435 0.368645 0.116537
v 0.0322829 0.363318 0.124994
v 0.0223254 0.362106 0.129972
v 0.0172333 0.354725 0.142677
v 0.0123667 0.360224 0.134769
v 0.0073755 0.352166 0.147452
v -0.00670664 0.353283 0.145137
v -0.00221875 0.348452 0.152291
v 0.00258137 0.357465 0.139673
v -0.0118137 0.358802 0.136827
v -0.0274963 0.360861 0.131632
v -0.0294163 0.381897 0.0855998
v -0.0284574 0.372731 0.109179
v -0.0231417 0.368762 0.118181
v -0.0178152 0.36433 0.126924
v -0.0329224 0.36531 0.122616
v -0.0661584 0.342358 0.146246
v -0.0756284 0.336777 0.149103
v -0.0849045 0.330658 0.151339
v -0.0351462 0.32396 0.176927
v -0.030378 0.334741 0.16652
v -0.0355143 0.340812 0.158408
v -0.0253983 0.344759 0.155436
v -0.0102155 0.342371 0.160347
v -0.00517298 0.335543 0.168208
v 0.0204001 0.333422 0.168958
v 0.0440331 0.329745 0.16874
v 0.0304592 0.335694 0.165377
v 0.0348208 0.327872 0.172602
v 0.0321078 0.310172 0.190282
v 0.0369904 0.320669 0.179442
v 0.0472805 0.321831 0.17562
v 0.0503695 0.313617 0.182411
v 0.0575987 0.322735 0.171636
v 0.0604906 0.313984 0.177973
v 0.0658254 0.295606 0.18972
v 0.0787181 0.286533 0.191213
v 0.0809055 0.276726 0.196139
v 0.070436 0.276325 0.199986
v -0.0593721 0.379608 0.075131
v 0.0600196 0.276014 0.204003
v 0.0578235 0.285683 0.198997
v 0.0530362 0.304597 0.188297
v 0.0555361 0.295219 0.193806
v 0.0425792 0.303567 0.191751
v 0.0683222 0.286164 0.195226
v 0.0707903 0.314711 0.174003
v 0.073493 0.305655 0.180043
v 0.0759889 0.296295 0.185713
v 0.0633086 0.305058 0.184184
v 0.0860912 0.296606 0.18141
v 0.115064 0.294583 0.1663
v 0.113071 0.303916 0.160647
v -0.0688668 0.37615 0.079568
v 0.110558 0.312584 0.15408
v -0.0741982 0.37743 0.0697163
v -0.0648559 0.38132 0.0653694
v 0.107973 0.321251 0.147525
v -0.0510553 0.388714 0.0462688
v 0.084819 0.33123 0.150681
v 0.0746824 0.331555 0.155556
v 0.0780258 0.323452 0.16277
v 0.0644823 0.33127 0.160165
v 0.0608053 0.3389 0.152622
v 0.0505645 0.338364 0.157108
v 0.0881401 0.323221 0.157924
v 0.0908434 0.314416 0.164476
v 0.0809489 0.31485 0.16946
v 0.103446 0.305188 0.166048
v 0.100712 0.313803 0.159404
v 0.0980943 0.32241 0.152831
v 0.105644 0.295645 0.171636
v 0.0935856 0.305688 0.171027
v 0.0961314 0.296525 0.176872
v 0.0836152 0.305955 0.17575
v 0.0678175 0.323275 0.167343
v 0.0541849 0.330664 0.164521
v 0.0397139 0.312015 0.185392
v 0.0334329 0.301903 0.195674
v 0.0403256 0.337236 0.161366
v 0.0667016 0.346749 0.139695
v 0.0709416 0.33939 0.147922
v 0.0567561 0.346345 0.144783
v 0.0421742 0.351956 0.141549
v 0.0372736 0.35753 0.133151
v 0.0272457 0.356081 0.137856
v -0.0359332 0.390049 0.0513881
v 0.0369668 0.370027 0.11166
v 0.0422204 0.364558 0.12003
v 0.0109104 0.381509 0.08952
v -0.245575 0.16004 0.0187533
v -0.244099 0.169994 0.0260695
v -0.243678 0.17716 0.015716
v -0.245194 0.167065 0.00827417
v -0.245852 0.15649 0.00133101
v -0.245952 0.149454 0.0124328
v -0.245688 0.145345 -0.00428081
v -0.245041 0.152704 -0.0153858
v -0.245198 0.163615 -0.00910128
v -0.24428 0.174102 -0.00209473
v -0.24353 0.181635 -0.0125707
v -0.24195 0.188832 -0.0232126
v -0.240448 0.199326 -0.0151941
v -0.241969 0.191921 -0.00484375
v -0.242942 0.184416 0.00539614
v -0.241187 0.194568 0.0132258
v -0.238153 0.204232 0.0216361
v -0.235326 0.218789 0.00158712
v -0.233198 0.226419 -0.00806852
v -0.238141 0.209315 -0.00681284
v -0.235825 0.217096 -0.0163418
v -0.233142 0.225521 -0.0253937
v -0.231853 0.225184 -0.0419346
v -0.229779 0.233756 -0.0343555
v -0.226149 0.241577 -0.043428
v -0.222186 0.249172 -0.0525692
v -0.215078 0.265157 -0.0531912
v -0.219595 0.257733 -0.0443824
v -0.211816 0.273578 -0.0444698
v -0.209998 0.272608 -0.0619866
v -0.215532 0.255086 -0.0793122
v -0.212905 0.26392 -0.070777
v -0.210182 0.262032 -0.0883408
v -0.2172 0.245688 -0.0874443
v -0.220079 0.247854 -0.0700017
v -0.224717 0.240585 -0.0607887
v -0.229919 0.224467 -0.0586317
v -0.226275 0.231561 -0.0685329
v -0.228736 0.212004 -0.0831108
v -0.227793 0.221989 -0.0760088
v -0.233189 0.195173 -0.0799514
v -0.235696 0.198884 -0.0629238
v -0.232534 0.205156 -0.0731916
v -0.240103 0.195932 -0.0339347
v -0.240737 0.185299 -0.0413517
v -0.238291 0.192155 -0.0521978
v -0.242733 0.167266 -0.0368763
v -0.24109 0.174406 -0.0476246
v -0.242708 0.17835 -0.0306706
v -0.237458 0.202408 -0.0447184
v -0.234572 0.208709 -0.0555332
v -0.236225 0.188823 -0.0691958
v -0.236129 0.178379 -0.0747554
v -0.233263 0.184471 -0.0857812
v -0.230107 0.190926 -0.0965603
v -0.229555 0.201854 -0.0900414
v -0.225749 0.208425 -0.100056
v -0.2251 0.219162 -0.0932491
v -0.220251 0.225841 -0.102717
v -0.2188 0.235934 -0.0951718
v -0.221495 0.215578 -0.110067
v -0.21509 0.23287 -0.11212
v -0.213835 0.242889 -0.104537
v -0.209055 0.239686 -0.121102
v -0.207649 0.249542 -0.113344
v -0.20249 0.246237 -0.129923
v -0.20373 0.235511 -0.137258
v -0.210243 0.229236 -0.128572
v -0.195583 0.251833 -0.138427
v -0.194027 0.26244 -0.130693
v -0.192362 0.272214 -0.121766
v -0.197607 0.275239 -0.104879
v -0.204269 0.268791 -0.0967831
v -0.201633 0.277765 -0.0875962
v -0.206178 0.259395 -0.10556
v -0.199416 0.265865 -0.11375
v -0.201171 0.256303 -0.12227
v -0.223628 0.229076 -0.0857101
v -0.23168 0.215067 -0.0662935
v -0.221918 0.238618 -0.0781044
v -0.21219 0.252669 -0.0966432
v -0.207484 0.270972 -0.0793669
v -0.204399 0.279695 -0.070155
v -0.201231 0.288187 -0.0605122
v -0.206807 0.28112 -0.0525313
v -0.203282 0.289109 -0.042805
v -0.199184 0.296582 -0.0328451
v -0.204663 0.289055 -0.0252657
v -0.200297 0.296041 -0.0153241
v -0.200878 0.294697 0.00213039
v -0.232044 0.199849 0.0637816
v -0.205522 0.286607 0.00968461
v -0.2135 0.272972 -0.0092222
v -0.209664 0.279911 -2.40273e-05
v -0.217352 0.266021 -0.0184335
v -0.212985 0.273635 -0.0268372
v -0.209269 0.280913 -0.0174791
v -0.213018 0.273756 -0.0268384
v -0.245583 0.142385 0.0234119
v -0.224214 0.250428 -0.0182333
v -0.22405 0.250636 -0.00135114
v -0.22085 0.258537 -0.0102002
v -0.227366 0.242639 -0.0092594
v -0.230435 0.235045 -6.67596e-05
v -0.226751 0.24317 0.0079884
v -0.223452 0.250459 0.0153338
v -0.226151 0.241274 0.0231104
v -0.228967 0.23153 0.0302786
v -0.224359 0.240308 0.0397292
v -0.22202 0.249545 0.0318241
v -0.217223 0.256948 0.0409363
v -0.212422 0.264336 0.0500516
v -0.214147 0.266146 0.0328271
v -0.208967 0.273016 0.0424892
v -0.203658 0.279592 0.0523432
v -0.200043 0.288704 0.0450102
v -0.245011 0.138374 0.00683446
v -0.193859 0.294155 0.0551663
v -0.197954 0.28518 0.0624372
v -0.201054 0.276028 0.0695755
v -0.206747 0.270415 0.0597903
v -0.205325 0.257587 0.0849799
v -0.207238 0.247706 0.0926316
v -0.204866 0.237602 0.108054
v -0.244355 0.160174 -0.0262675
v -0.208761 0.225753 0.109647
v -0.199322 0.236809 0.119424
v -0.185611 0.234479 0.139975
v -0.189672 0.222773 0.141552
v -0.178025 0.233215 0.149728
v -0.244312 0.171209 -0.0199152
v -0.18249 0.221864 0.151724
v -0.239947 0.201977 0.00320917
v -0.20293 0.224965 0.120538
v -0.213341 0.24289 0.0826044
v -0.214628 0.254864 0.058092
v -0.211768 0.252543 0.0752841
v -0.21957 0.248159 0.048864
v -0.216759 0.245893 0.0659321
v -0.222157 0.230412 0.0665924
v -0.221326 0.239063 0.0573419
v -0.218089 0.237001 0.0747655
v -0.22666 0.223102 0.0578251
v -0.225984 0.231498 0.0483634
v -0.23182 0.207 0.0564029
v -0.234858 0.19192 0.0582898
v -0.233605 0.186192 0.067569
v -0.224193 0.183555 0.092275
v -0.231671 0.179542 0.0767187
v -0.235475 0.169899 0.0703059
v -0.238395 0.160111 0.0635545
v -0.238346 0.143069 0.0672477
v -0.240728 0.149699 0.0571036
v -0.235805 0.153446 0.0735139
v -0.233011 0.146732 0.0833853
v -0.225812 0.14963 0.0993378
v -0.216663 0.152833 0.114782
v -0.220789 0.142939 0.109
v -0.231662 0.12974 0.0871388
v -0.238874 0.196667 0.0313316
v -0.233409 0.119315 0.0818547
v -0.237409 0.125772 0.0716169
v -0.237048 0.211571 0.0116106
v -0.232039 0.227994 0.00992275
v -0.233583 0.220934 0.0199872
v -0.244053 0.146074 0.0402637
v -0.242806 0.156246 0.0469981
v -0.230476 0.234302 -0.0172924
v -0.241561 0.172735 0.0438133
v -0.242063 0.17969 0.0334597
v -0.238461 0.182772 0.0509106
v -0.245292 0.152988 0.0296044
v -0.243759 0.163017 0.0364668
v -0.244654 0.135494 0.0342697
v -0.238025 0.207652 -0.0245553
v -0.233444 0.216569 -0.0493349
v -0.212268 0.163766 0.119902
v -0.221951 0.159486 0.105129
v -0.217687 0.169475 0.110695
v -0.229378 0.156616 0.0894701
v -0.224958 0.166551 0.095085
v -0.221129 0.176769 0.101385
v -0.232599 0.163346 0.0799693
v -0.229011 0.173055 0.0864622
v -0.235398 0.136455 0.0770978
v -0.227009 0.190043 0.0832005
v -0.229505 0.19706 0.073748
v -0.239489 0.189224 0.0408641
v -0.235839 0.19825 0.0483593
v -0.242018 0.187126 0.0231645
v -0.235338 0.205906 0.0395626
v -0.235018 0.213827 0.0300255
v -0.231573 0.214966 0.047716
v -0.227135 0.215006 0.0665289
v -0.203731 0.26685 0.0768715
v -0.210481 0.2751 0.0250936
v -0.205381 0.282039 0.0350287
v -0.215397 0.26756 0.0158111
v -0.209631 0.261527 0.0674467
v -0.230663 0.223104 0.0388754
v -0.21892 0.25838 0.0239304
v -0.205455 0.288194 -0.00780213
v -0.208377 0.281371 -0.0349738
v -0.216342 0.265899 -0.035704
v -0.227233 0.24221 -0.0264113
v -0.223638 0.250071 -0.0354748
v -0.220701 0.25827 -0.0272368
v -0.228451 0.232953 -0.0513735
v -0.0907792 -0.0844123 0.140604
v -0.099887 -0.0827436 0.138237
v -0.108995 -0.0810749 0.13587
v -0.0696998 -0.0959075 0.128149
v -0.0790827 -0.0951515 0.126239
v -0.0883236 -0.0937168 0.124236
v -0.0896043 -0.0895004 0.132638
v -0.0988852 -0.0883242 0.130694
v -0.107943 -0.0865385 0.128377
v -0.106631 -0.0903691 0.120055
v -0.105295 -0.0937766 0.112226
v -0.11345 -0.0934287 0.102209
v -0.112699 -0.0952055 0.0929891
v -0.103485 -0.0982291 0.0942282
v -0.102686 -0.0995404 0.0848466
v -0.0931018 -0.101883 0.0862002
v -0.0833551 -0.103917 0.0876404
v -0.0722931 -0.106482 0.0797662
v -0.0626933 -0.107679 0.0817173
v -0.0530708 -0.1087 0.0836204
v -0.0339162 -0.109997 0.0872056
v -0.0434434 -0.109481 0.085459
v -0.0243872 -0.110482 0.0889439
v -0.0322558 -0.11068 0.0777325
v -0.0227174 -0.111053 0.0794335
v -0.00528652 -0.110436 0.0922158
v -0.0148389 -0.110517 0.0905867
v -0.016436 -0.108945 0.0999987
v -0.0259851 -0.10898 0.0983597
v -0.0355122 -0.108715 0.0966527
v -0.0450393 -0.108449 0.0949457
v -0.0370314 -0.106704 0.106046
v -0.0465177 -0.106253 0.104322
v -0.0275259 -0.106918 0.107685
v -0.00843517 -0.106574 0.110883
v -0.0179876 -0.106806 0.109279
v 0.00110029 -0.106158 0.112456
v 0.0201479 -0.104895 0.11547
v 0.0265004 -0.0964536 0.134641
v 0.0281043 -0.100525 0.125835
v 0.0359746 -0.0953143 0.13582
v 0.00750385 -0.0981907 0.131726
v -0.00354889 -0.0943528 0.139181
v -0.00198723 -0.0989848 0.130278
v 0.0154101 -0.0927838 0.141814
v 0.00593757 -0.0936187 0.140607
v 0.0138487 -0.0875434 0.149828
v 0.00438246 -0.0883549 0.148606
v -0.006534 -0.0839039 0.155409
v -0.00506276 -0.089257 0.147447
v -0.0145132 -0.0900498 0.146261
v -0.0130294 -0.0951005 0.137752
v -0.0225128 -0.0957427 0.136649
v -0.0318658 -0.0960821 0.134579
v -0.0333701 -0.0911847 0.143453
v -0.0239787 -0.090605 0.14494
v -0.0253989 -0.0852203 0.152809
v -0.0348148 -0.0856969 0.151349
v -0.044193 -0.0862178 0.149881
v -0.0427823 -0.0916193 0.141763
v -0.0521965 -0.0915838 0.140024
v -0.0616442 -0.0916196 0.138369
v -0.0723085 -0.0860767 0.144651
v -0.062982 -0.0863186 0.146463
v -0.0643614 -0.0805145 0.154118
v -0.0549969 -0.0803483 0.155749
v -0.0564261 -0.0736929 0.162722
v -0.0470615 -0.0734647 0.164377
v -0.0843038 -0.0731629 0.157031
v -0.0750941 -0.0737527 0.159177
v -0.0376635 -0.0729867 0.165706
v -0.0282534 -0.0723608 0.166915
v -0.0188369 -0.0718201 0.168283
v -0.00140243 -0.0631663 0.177257
v 4.67422e-05 -0.0700969 0.170683
v 0.00948089 -0.0689014 0.171627
v 0.00148326 -0.0768519 0.163894
v -0.00797205 -0.0776552 0.162629
v 0.031208 -0.0795451 0.159533
v 0.0203449 -0.0743573 0.165702
v 0.010918 -0.0756771 0.164854
v 0.0217861 -0.0807382 0.158568
v 0.0123659 -0.0818877 0.157563
v 0.0297424 -0.0729133 0.166456
v 0.0405587 -0.0779337 0.160244
v 0.0485243 -0.0696665 0.167542
v 0.0377159 -0.064234 0.173363
v 0.0174976 -0.0604515 0.178734
v 0.01605 -0.0530867 0.184745
v 0.00805623 -0.0619786 0.178194
v 0.00659469 -0.0544419 0.184006
v -0.0028776 -0.0556162 0.183059
v 0.036311 -0.0567973 0.179136
v 0.0471119 -0.0623623 0.173506
v 0.0269027 -0.0587267 0.179084
v -0.0816439 -0.0858391 0.142839
v -0.0709773 -0.0912273 0.13646
v 0.0498857 -0.0761249 0.160912
v 0.051509 -0.082289 0.153798
v 0.0702719 -0.078395 0.155162
v 0.0608551 -0.0804048 0.154471
v 0.0774691 -0.0692764 0.162027
v 0.0683413 -0.0720888 0.162064
v -0.0975612 -0.092291 0.122285
v 0.0795793 -0.0759548 0.155551
v 0.0813882 -0.0816422 0.148204
v 0.0720034 -0.0838295 0.147639
v 0.062592 -0.0858957 0.146998
v 0.0642993 -0.090906 0.139124
v 0.0734183 -0.0886822 0.14021
v 0.0825963 -0.0865144 0.141348
v 0.075259 -0.0930846 0.131917
v 0.0659538 -0.0950771 0.130726
v 0.0565504 -0.0967545 0.129601
v 0.0470948 -0.0982331 0.128443
v 0.05489 -0.092571 0.138122
v -0.10433 -0.0963905 0.103313
v 0.048662 -0.101652 0.11953
v 0.0769763 -0.0966617 0.123189
v 0.0675368 -0.098589 0.121931
v 0.0786597 -0.0996184 0.114309
v 0.0879559 -0.0972379 0.115291
v 0.0862572 -0.0942724 0.1242
v 0.0954556 -0.0916244 0.125108
v 0.0972737 -0.0948378 0.116282
v 0.0896453 -0.099567 0.106191
v 0.0802963 -0.101948 0.105203
v 0.0818014 -0.103198 0.0958816
v 0.0724652 -0.10516 0.0948661
v 0.0740824 -0.105942 0.0854616
v 0.0648797 -0.107965 0.0841738
v 0.0554063 -0.109201 0.0826679
v 0.0458596 -0.109727 0.0810167
v 0.0345207 -0.109913 0.08894
v 0.0363333 -0.110417 0.0794335
v 0.0535238 -0.107721 0.0919018
v 0.0440253 -0.108914 0.090438
v 0.0708128 -0.10381 0.104058
v 0.0613539 -0.105382 0.102733
v 0.0407607 -0.105632 0.10916
v 0.0312478 -0.106485 0.107674
v 0.032839 -0.10857 0.0983455
v 0.0217321 -0.107439 0.106244
v 0.0121945 -0.108038 0.104735
v 0.00265552 -0.10862 0.103222
v 0.0137975 -0.109777 0.0953493
v 0.023324 -0.109281 0.0968616
v 0.0059151 -0.111207 0.0843311
v 0.0154479 -0.110916 0.0858832
v 0.0249675 -0.110553 0.087411
v 0.0171788 -0.111535 0.0763822
v 0.00758688 -0.111677 0.0748096
v 0.0502674 -0.104476 0.110556
v 0.0597433 -0.103011 0.111788
v 0.0518568 -0.106582 0.10131
v 0.042349 -0.10762 0.0998349
v 0.0267604 -0.111015 0.0779105
v 0.0630031 -0.10647 0.0933828
v 0.0989636 -0.0970998 0.10716
v 0.106331 -0.0914977 0.117041
v 0.113468 -0.0851623 0.126331
v 0.10459 -0.0887572 0.125921
v -0.0546108 -0.107733 0.0931007
v -0.00362393 -0.111385 0.0827474
v 0.00426146 -0.11028 0.0938245
v -0.00688904 -0.108818 0.101618
v 0.111478 -0.0812055 0.134757
v -0.0737616 -0.105573 0.0891695
v 0.0983371 -0.0749444 0.150239
v 0.100617 -0.0802853 0.142606
v 0.0916385 -0.0835377 0.142049
v 0.0896692 -0.0783082 0.149405
v 0.109445 -0.0765373 0.142748
v 0.102679 -0.0848509 0.134445
v 0.0935697 -0.0877852 0.133678
v 0.0692335 -0.101504 0.113071
v 0.0844487 -0.0906059 0.132863
v 0.053187 -0.087731 0.146143
v 0.0862588 -0.0662503 0.162479
v 0.0880399 -0.0727019 0.156309
v 0.0421416 -0.0839294 0.152986
v 0.032719 -0.085269 0.151964
v 0.039125 -0.071329 0.167077
v 0.0283197 -0.0659335 0.172943
v 0.0189182 -0.0675926 0.172434
v -0.0108403 -0.0640504 0.176013
v -0.00940426 -0.0711494 0.169643
v -0.0173993 -0.0783804 0.16141
v -0.0268249 -0.0791009 0.160193
v -0.0657999 -0.0738889 0.161024
v -0.0736519 -0.0800879 0.152115
v -0.0829196 -0.0795653 0.150015
v -0.0921884 -0.0789722 0.148051
v -0.064212 -0.106662 0.0911519
v -0.101387 -0.0777754 0.145974
v -0.0508194 -0.0965159 0.131644
v -0.060277 -0.0964251 0.129949
v -0.0494783 -0.100681 0.122763
v -0.0560155 -0.105845 0.102603
v -0.029017 -0.104248 0.116863
v -0.0385314 -0.104155 0.115289
v -0.0480376 -0.103949 0.11367
v -0.0575106 -0.103457 0.111936
v -0.0844865 -0.102468 0.096939
v -0.094037 -0.100607 0.0955171
v -0.085638 -0.100305 0.106488
v -0.0949559 -0.098499 0.104686
v -0.09618 -0.0959366 0.113685
v -0.086981 -0.0973913 0.11548
v 0.0106301 -0.105623 0.113992
v -0.066951 -0.102842 0.110157
v -0.0589256 -0.100268 0.121036
v -0.068347 -0.0996024 0.119228
v -0.0777298 -0.0988002 0.117437
v -0.0535931 -0.0863515 0.14818
v -0.0362314 -0.079591 0.15877
v -0.0456319 -0.0800083 0.157285
v -0.0159705 -0.0846256 0.154161
v 0.00291287 -0.0829918 0.156546
v 0.0232912 -0.0864826 0.150886
v 0.0248644 -0.0917966 0.143009
v 0.0437516 -0.0893051 0.145172
v 0.034309 -0.0906367 0.144135
v 0.0454367 -0.0940372 0.136967
v 0.0376011 -0.0994564 0.127157
v 0.0391809 -0.10287 0.118263
v 0.0090848 -0.102255 0.12291
v -0.000444022 -0.102914 0.121413
v -0.00997284 -0.103573 0.119917
v -0.0195017 -0.104232 0.11842
v 0.0296729 -0.104087 0.116915
v -0.0677121 0.183933 0.244291
v -0.0661122 0.17684 0.245447
v -0.0645769 0.169893 0.245876
v -0.0630968 0.163006 0.24611
v -0.0616011 0.156177 0.246193
v -0.0522462 0.151324 0.248889
v -0.0594897 0.149379 0.245329
v -0.0466774 0.159511 0.252019
v -0.0542127 0.157926 0.249303
v -0.0448171 0.15303 0.251856
v -0.0391279 0.161017 0.254518
v -0.0180016 0.171001 0.25811
v -0.0256135 0.17012 0.257245
v 0.00340625 0.180958 0.259716
v -0.00424258 0.180063 0.259052
v -0.0118914 0.179169 0.258387
v -0.0195402 0.178275 0.257723
v -0.0271806 0.177377 0.257078
v 0.00217874 0.188244 0.258413
v -0.00545737 0.187345 0.257777
v 0.00979424 0.189139 0.258954
v 0.0247407 0.190902 0.258562
v 0.0172562 0.190008 0.258762
v 0.0321671 0.191754 0.258061
v 0.0309978 0.199 0.256429
v 0.0298227 0.206049 0.254178
v 0.0224138 0.205253 0.254772
v 0.0213056 0.21202 0.252011
v 0.0138632 0.211154 0.252341
v -0.000134183 0.202524 0.254979
v 0.00641969 0.210283 0.252654
v -0.00104939 0.209254 0.252539
v -0.0218411 0.192408 0.254417
v -0.00762808 0.201461 0.254557
v -0.015203 0.200285 0.253133
v -0.0284176 0.18447 0.25552
v -0.0142166 0.193535 0.255696
v -0.0361747 0.183157 0.253926
v -0.0439344 0.181776 0.252186
v -0.0529886 0.187314 0.248475
v 0.00739386 0.203493 0.255135
v 0.0235327 0.198172 0.256863
v 0.0149197 0.20441 0.255118
v 0.0394467 0.192518 0.256969
v 0.03831 0.199713 0.255248
v 0.0333051 0.184372 0.259333
v 0.0344726 0.176853 0.260171
v 0.027196 0.175985 0.260729
v 0.0283641 0.168341 0.26115
v 0.0356843 0.16906 0.260618
v 0.0295794 0.160469 0.261169
v 0.0256613 0.136442 0.258282
v 0.0245503 0.144168 0.259601
v 0.0307433 0.152667 0.260485
v 0.0329352 0.137349 0.257636
v 0.0390992 0.145977 0.258314
v 0.0318443 0.144986 0.259095
v 0.038007 0.153612 0.259754
v 0.0451804 0.154519 0.258056
v 0.0484806 0.165839 0.257321
v 0.0422301 0.163994 0.259084
v 0.0519113 0.155487 0.255418
v 0.0572169 0.164017 0.252223
v 0.0563784 0.171474 0.253117
v 0.0555096 0.179177 0.253457
v 0.0542406 0.18738 0.253475
v 0.0517641 0.196596 0.252596
v 0.0591935 0.194653 0.248116
v 0.0631485 0.201695 0.241868
v 0.0581952 0.202177 0.247073
v 0.0573064 0.209599 0.245177
v 0.0622472 0.209045 0.240059
v 0.0668413 0.214853 0.232844
v 0.0617255 0.215749 0.238027
v 0.0561146 0.216799 0.242647
v 0.066157 0.221608 0.230628
v 0.0604504 0.222688 0.235138
v 0.0547487 0.223743 0.239625
v 0.0480831 0.224028 0.242329
v 0.0410275 0.224094 0.24449
v 0.033757 0.223644 0.245665
v 0.0347453 0.217092 0.249002
v 0.0264505 0.223124 0.246808
v 0.0108032 0.227859 0.244321
v 0.0191228 0.222308 0.247386
v -0.0515441 0.114062 0.23447
v -0.0606405 0.185874 0.246429
v 0.0117894 0.22143 0.247826
v -0.0591314 0.178837 0.24779
v 0.0254547 0.229411 0.243023
v 0.0181282 0.22864 0.243676
v 0.0274205 0.216397 0.249784
v 0.0366253 0.208108 0.252818
v 0.0437569 0.203812 0.252817
v 0.0499907 0.210749 0.24814
v 0.0429973 0.210879 0.250812
v 0.0491807 0.217662 0.245871
v 0.0508195 0.203893 0.250579
v -0.0515352 0.180308 0.249994
v -0.0576223 0.1718 0.249151
v -0.0500261 0.173271 0.251355
v 0.042052 0.217591 0.247883
v 0.0326804 0.229769 0.241696
v 0.0639612 0.194814 0.242451
v 0.0664666 0.159734 0.239544
v 0.0625265 0.158235 0.245674
v 0.0620677 0.165424 0.246937
v 0.0585597 0.149355 0.24984
v 0.0527062 0.147883 0.254062
v 0.0542378 0.133292 0.25036
v 0.0534681 0.140606 0.252217
v 0.0546892 0.126168 0.248133
v 0.0603008 0.127951 0.243746
v 0.059812 0.135029 0.24584
v 0.0593232 0.142106 0.247933
v 0.0607558 0.120881 0.241624
v -0.0424298 0.174742 0.25356
v 0.0657701 0.108873 0.231418
v 0.0682511 0.111015 0.224786
v 0.0673454 0.118046 0.226822
v 0.0669609 0.125067 0.228969
v 0.0668619 0.132062 0.231193
v 0.065108 0.115897 0.23352
v 0.0647338 0.122926 0.235652
v 0.0643141 0.129958 0.237769
v 0.0638944 0.136989 0.239886
v -0.0348335 0.176212 0.255764
v 0.0612349 0.106864 0.23679
v 0.0610927 0.113849 0.239328
v 0.0634591 0.144022 0.241997
v 0.0629924 0.151061 0.244097
v 0.057954 0.156618 0.25131
v 0.0661252 0.166738 0.240858
v 0.0657209 0.173706 0.241468
v 0.0616415 0.17248 0.247809
v 0.0653165 0.180673 0.242078
v 0.0607857 0.179751 0.248356
v 0.0666339 0.139038 0.233396
v 0.0666819 0.145923 0.23573
v 0.0667298 0.152808 0.238064
v 0.0647486 0.187786 0.242549
v 0.060071 0.187066 0.24846
v 0.0362364 0.161876 0.260727
v -0.0559467 0.164816 0.249342
v -0.0680943 0.154181 0.241473
v -0.072718 0.145241 0.235392
v 0.0462302 0.146968 0.256743
v 0.0498641 0.117338 0.248245
v 0.0489724 0.12474 0.250508
v 0.0480807 0.132142 0.252772
v 0.047189 0.139543 0.255035
v 0.0518042 0.0964632 0.238436
v 0.0512054 0.103325 0.241895
v 0.0506067 0.110186 0.245354
v 0.0441782 0.101817 0.243414
v 0.0435382 0.108777 0.246763
v 0.0447861 0.0948869 0.23984
v 0.0370185 0.100508 0.244229
v 0.0376021 0.0935534 0.240605
v 0.0529196 0.0843015 0.23024
v 0.0452965 0.0885032 0.235741
v 0.0380642 0.087114 0.236399
v 0.0383069 0.0817218 0.230947
v 0.030929 0.0807786 0.230747
v 0.0306939 0.0862609 0.23613
v 0.0233571 0.0856977 0.235635
v 0.0157522 0.0914383 0.239785
v 0.00113373 0.0912342 0.237838
v 0.000741557 0.097639 0.242142
v 0.00799939 0.0976332 0.243305
v 0.0146868 0.10516 0.247545
v 0.0298322 0.0993343 0.244813
v 0.0291411 0.106541 0.248122
v 0.0219072 0.105833 0.247877
v 0.00751414 0.104612 0.246898
v 0.021233 0.113114 0.251009
v 0.0140082 0.112519 0.250507
v 0.00678334 0.111925 0.250005
v 0.0131787 0.119894 0.253475
v 0.0348725 0.122196 0.25352
v 0.0276305 0.121369 0.253675
v 0.0203886 0.120543 0.25383
v 0.035672 0.114776 0.250811
v 0.0267205 0.128897 0.256138
v 0.0194922 0.128128 0.256157
v 0.0122512 0.127389 0.256078
v 0.0183767 0.135776 0.25805
v 0.0111045 0.1351 0.257765
v 0.0038552 0.134539 0.257095
v -0.011759 0.141282 0.256921
v 0.00270396 0.142245 0.258737
v -0.00452707 0.141757 0.25788
v 0.00154784 0.150023 0.259808
v -0.00568998 0.149531 0.258932
v -0.0131338 0.148912 0.257473
v -0.0205777 0.148293 0.256014
v -0.0280215 0.147674 0.254556
v -0.0354654 0.147055 0.253097
v -0.00738537 0.15684 0.259325
v -0.0148666 0.156144 0.258117
v -0.0223478 0.155449 0.256909
v -0.029829 0.154753 0.255702
v -0.0240896 0.16268 0.257376
v -0.0315709 0.161984 0.256168
v -0.0165695 0.163505 0.258685
v 0.000116601 0.15759 0.260548
v -0.00136049 0.165152 0.260329
v -0.0089912 0.164341 0.259674
v -0.0028378 0.172713 0.260109
v 0.00617685 0.165968 0.261013
v 0.00473215 0.173527 0.260783
v 0.0209889 0.167554 0.261495
v 0.00762763 0.158397 0.261037
v 0.0135812 0.166764 0.261312
v 0.0161072 0.151246 0.260611
v 0.0222335 0.159778 0.261128
v 0.0149437 0.1591 0.261101
v -0.0260891 0.140631 0.253932
v -0.0333945 0.140202 0.252148
v -0.0160668 0.125908 0.252009
v -0.0174332 0.133475 0.253856
v -0.024356 0.133452 0.25238
v -0.0312789 0.13343 0.250904
v -0.0187996 0.141043 0.255703
v -0.0228801 0.125909 0.25042
v -0.0295716 0.125938 0.248705
v -0.0362631 0.125968 0.246989
v -0.0430505 0.124924 0.244031
v -0.0450682 0.131759 0.245802
v -0.0518577 0.130691 0.242816
v -0.0541189 0.119183 0.235712
v -0.0566936 0.124305 0.236953
v -0.0592684 0.129426 0.238195
v -0.0629064 0.120914 0.230633
v -0.0523305 0.111 0.230865
v -0.0585236 0.115519 0.229636
v -0.0463378 0.108364 0.232725
v -0.0401664 0.112702 0.239195
v -0.0458552 0.113382 0.236833
v -0.0274552 0.111761 0.243176
v -0.0340882 0.112145 0.241341
v -0.0272082 0.105419 0.239774
v -0.0205144 0.105033 0.241661
v -0.00657751 0.104388 0.244777
v -0.0135688 0.104715 0.243235
v 0.00038996 0.104244 0.246083
v -0.00732389 0.111455 0.247902
v -0.0080756 0.118563 0.250973
v -0.033765 0.10607 0.23764
v -0.0400661 0.107226 0.235183
v -0.0335239 0.100628 0.233224
v -0.0399053 0.101829 0.230694
v -0.0130101 0.0923661 0.2346
v -0.0199739 0.0933174 0.232686
v -0.0270595 0.0994633 0.235666
v -0.0269376 0.0942686 0.230773
v -0.00593102 0.0863364 0.230927
v -0.013137 0.0872423 0.229385
v 0.00868895 0.0854516 0.23372
v 0.00129423 0.0855163 0.232442
v 0.0161442 0.0800152 0.229223
v 0.0235408 0.0799205 0.230484
v 0.0385052 0.0768278 0.225155
v 0.0310707 0.0764567 0.224552
v 0.00902728 0.078071 0.220996
v 0.0457389 0.0758093 0.218093
v 0.0530368 0.0761831 0.218258
v 0.0531034 0.0794553 0.224714
v 0.0458672 0.0776366 0.225364
v 0.0236274 0.076265 0.223852
v 0.00874851 0.0801808 0.227904
v 0.00158727 0.0816983 0.226049
v 0.0163301 0.0771061 0.222406
v -0.00558074 0.0832086 0.224258
v -0.0128512 0.0843586 0.222756
v -0.0270341 0.0902088 0.225214
v -0.0399786 0.0982543 0.225646
v -0.0335622 0.0959036 0.228429
v -0.0465669 0.100987 0.222623
v -0.0665236 0.147411 0.241398
v -0.0732341 0.12954 0.227275
v -0.0768966 0.13624 0.228861
v -0.0696032 0.122839 0.225668
v -0.0680218 0.132108 0.233639
v -0.0708454 0.138636 0.23491
v -0.0643016 0.140859 0.240381
v -0.0202086 0.0884336 0.227532
v -0.0464009 0.104068 0.228185
v -0.0529005 0.106556 0.22577
v -0.0592001 0.111756 0.225275
v -0.0654998 0.116955 0.22478
v -0.0655969 0.12637 0.232091
v -0.0615834 0.134725 0.239301
v -0.0544119 0.137004 0.24397
v -0.0500546 0.144711 0.24819
v -0.0572728 0.142899 0.244807
v -0.0408558 0.119017 0.242253
v -0.0474612 0.119371 0.239262
v -0.0499837 0.125034 0.241064
v -0.0142656 0.111552 0.246626
v -0.0208459 0.111551 0.244943
v -0.0148359 0.118611 0.249493
v -0.0214163 0.11861 0.24781
v -0.0279966 0.118609 0.246127
v -0.034577 0.118609 0.244444
v -0.0383144 0.132825 0.248737
v -0.040591 0.139649 0.25014
v -0.0473401 0.138583 0.247212
v -0.0428675 0.146473 0.251543
v 0.00996825 0.142806 0.259361
v 0.00881451 0.150589 0.260415
v 0.00507276 0.126873 0.255332
v -0.00201206 0.126459 0.254338
v -0.00909689 0.126044 0.253345
v -0.00336001 0.134071 0.25613
v -0.0104448 0.133656 0.255137
v 0.0060044 0.119315 0.252937
v -0.00101653 0.118892 0.252036
v -0.000324892 0.11151 0.249088
v 0.0225517 0.0987437 0.244364
v 0.0152586 0.0981851 0.243858
v -0.00604707 0.0914329 0.236502
v -0.00621771 0.0980112 0.240577
v -0.0131612 0.0983893 0.239002
v -0.0201048 0.0987673 0.237428
v 0.0084358 0.091209 0.238949
v 0.0160216 0.085253 0.235016
v 0.0457134 0.0827227 0.23103
v 0.0303536 0.0926379 0.240667
v 0.0230626 0.0920622 0.240184
v 0.0364069 0.107463 0.247798
v 0.0284534 0.11377 0.25137
v 0.0428129 0.115983 0.249786
v 0.0420266 0.12337 0.25255
v 0.0411498 0.130791 0.254867
v 0.0593024 0.0869911 0.227519
v 0.0522515 0.0902838 0.234401
v 0.0596277 0.0816831 0.222768
v 0.0339461 0.129741 0.255868
v 0.0401609 0.138351 0.256742
v 0.0172569 0.14346 0.259647
v 0.023415 0.151929 0.260631
v 0.0197085 0.175156 0.260795
v 0.0121969 0.174331 0.260805
v 0.0259642 0.183593 0.260074
v 0.0184842 0.182728 0.260184
v 0.016045 0.197285 0.257074
v 0.0085591 0.196393 0.257276
v -0.0130801 0.186422 0.257115
v -0.020687 0.18547 0.256422
v 0.00102898 0.195451 0.257136
v -0.00657794 0.194499 0.256443
v 0.0110027 0.181849 0.260194
v -0.0103898 0.171883 0.258976
v -0.0331941 0.169181 0.255986
v -0.0407971 0.16789 0.254187
v -0.0483935 0.166419 0.251983
v -0.0373196 0.153917 0.253871
v 0.260943 -0.0174197 -0.0496893
v 0.211917 0.0150171 -0.0208146
v 0.211371 0.0204056 -0.0234383
v 0.240978 -0.00054877 -0.0326737
v 0.283464 0.0152349 -0.0477022
v 0.211581 0.0251975 -0.0240979
v 0.278598 0.0404421 -0.0358466
v 0.278697 0.0403038 -0.0359104
v 0.212856 0.0279089 -0.0191129
v 0.210771 0.0227822 -0.0222752
v 0.212601 0.0202097 -0.00754679
v 0.214882 0.0271822 -0.00792512
v 0.269706 0.0377821 -0.0356869
v 0.258259 0.0266555 -0.0381456
v 0.250648 0.0246911 -0.0412609
v 0.222742 0.040448 -0.0209398
v 0.257017 0.0264639 -0.0382805
v 0.230166 0.0481001 -0.0178499
v 0.231073 0.0534428 -0.0147784
v 0.23198 0.0587855 -0.011707
v 0.234053 0.0470896 -0.0215107
v 0.234956 0.0524296 -0.0184383
v 0.234836 0.0570896 -0.0151092
v 0.234715 0.0617495 -0.0117801
v 0.236676 0.0547189 -0.0182568
v 0.236556 0.0593789 -0.0149278
v 0.236436 0.0640388 -0.0115987
v 0.238156 0.0663281 -0.0114173
v 0.23785 0.0534886 -0.0199012
v 0.243397 0.068231 -0.0136023
v 0.241558 0.0672969 -0.0130212
v 0.239719 0.0663629 -0.0124401
v 0.238675 0.0511531 -0.0218696
v 0.244033 0.0602905 -0.0189264
v 0.244879 0.068012 -0.0146726
v 0.248545 0.0617064 -0.0202369
v 0.24939 0.0694279 -0.0159832
v 0.253902 0.0708438 -0.0172937
v 0.258414 0.0722597 -0.0186042
v 0.254325 0.0765607 -0.0148623
v 0.258733 0.0772737 -0.0170672
v 0.269556 0.0224838 -0.0391996
v 0.263502 0.073524 -0.0203131
v 0.270196 0.0697195 -0.0242321
v 0.267758 0.0741499 -0.022299
v 0.27499 0.0659143 -0.0271711
v 0.271984 0.0703834 -0.0252544
v 0.278965 0.0621774 -0.0302708
v 0.27505 0.036118 -0.0365623
v 0.273305 0.0356665 -0.0365061
v 0.279248 0.0229358 -0.0400647
v 0.280954 0.0175627 -0.0419094
v 0.279749 0.0119557 -0.0428593
v 0.280381 0.00916547 -0.0453041
v 0.281461 0.0249831 -0.0409079
v 0.272186 0.0584795 -0.028346
v 0.272224 0.055767 -0.0295364
v 0.274955 0.05517 -0.030085
v 0.274993 0.0524575 -0.0312753
v 0.267753 0.0587317 -0.0276194
v 0.269654 0.0609769 -0.0269539
v 0.268028 0.0552072 -0.0291567
v 0.269929 0.0574524 -0.0284912
v 0.262217 -0.0139849 -0.0418075
v 0.256529 0.0369286 -0.0345217
v 0.246447 -0.0266461 -0.0422477
v 0.259204 0.0369715 -0.0349063
v 0.260111 0.0394475 -0.0340869
v 0.261018 0.0419235 -0.0332674
v 0.262786 0.0394904 -0.0344714
v 0.263694 0.0419664 -0.033652
v 0.264601 0.0444424 -0.0328325
v 0.246638 -0.0262783 -0.0415796
v 0.269091 0.0494373 -0.0315782
v 0.246709 -0.025964 -0.0408916
v 0.253344 0.0334585 -0.0353224
v 0.256396 0.0325988 -0.036054
v 0.254478 0.0266027 -0.0385236
v 0.253666 0.0290107 -0.037636
v 0.246781 -0.0256497 -0.0402035
v 0.24697 -0.0249531 -0.0393428
v 0.253394 0.011305 -0.0413823
v 0.254687 0.00727178 -0.0404841
v 0.250764 0.00848074 -0.0424554
v 0.233818 -0.0299179 -0.0374467
v 0.245403 0.00941292 -0.0438003
v 0.232329 -0.0292868 -0.0360579
v 0.230789 -0.0286566 -0.0346455
v 0.235711 0.0269958 -0.0424505
v 0.237841 0.0276797 -0.0428568
v 0.240646 0.029014 -0.0423348
v 0.246367 0.0310326 -0.0390342
v 0.245179 0.0337151 -0.0372322
v 0.246454 0.0273387 -0.0415273
v 0.240697 0.0332872 -0.0389478
v 0.235819 0.0372325 -0.0355944
v 0.240388 0.0372293 -0.0346694
v 0.244957 0.037226 -0.0337443
v 0.239621 0.0398716 -0.0319763
v 0.244181 0.0392958 -0.0317843
v 0.2434 0.0410793 -0.0301909
v 0.249519 0.0372149 -0.032939
v 0.248803 0.0418083 -0.0307165
v 0.248074 0.0466932 -0.0284057
v 0.255156 0.0451533 -0.0308351
v 0.253735 0.0504124 -0.028285
v 0.261557 0.0574569 -0.0268508
v 0.254379 0.0540402 -0.0267793
v 0.25577 0.0570782 -0.0256512
v 0.257162 0.0601163 -0.0245231
v 0.258553 0.0631543 -0.023395
v 0.259944 0.0661923 -0.022267
v 0.261335 0.0692303 -0.0211389
v 0.262574 0.0607898 -0.025534
v 0.263966 0.0638278 -0.0244059
v 0.265357 0.0668659 -0.0232778
v 0.248848 0.0538829 -0.0250572
v 0.250147 0.056664 -0.024062
v 0.235131 0.0405327 -0.0315996
v 0.238875 0.0416978 -0.0300985
v 0.233668 0.0426044 -0.0273905
v 0.235969 0.0437069 -0.0252571
v 0.230858 0.041906 -0.026727
v 0.230682 0.0372017 -0.0350211
v 0.228968 0.0395364 -0.0306087
v 0.228423 0.0438386 -0.0222952
v 0.227497 0.0335366 -0.0360575
v 0.231601 0.034522 -0.0375701
v 0.222646 0.035329 -0.0323459
v 0.226774 0.0363918 -0.0337636
v 0.225028 0.0386891 -0.0293275
v 0.227048 0.0416339 -0.0260459
v 0.218823 0.0329582 -0.030774
v 0.21751 0.033143 -0.0260607
v 0.220733 0.0358996 -0.0274399
v 0.222642 0.038841 -0.0241058
v 0.224551 0.0417824 -0.0207717
v 0.222797 0.0316485 -0.0343824
v 0.274808 0.0407053 -0.0351702
v 0.234633 -0.0280508 -0.0350487
v 0.236266 -0.0275556 -0.0356756
v 0.222782 -0.00254627 -0.0209674
v 0.281501 0.0288055 -0.0394394
v 0.24262 0.0428629 -0.0285975
v 0.221217 0.0209466 -0.0343206
v 0.228785 0.020363 -0.0391937
v 0.230471 0.00512107 -0.0296098
v 0.217097 0.0175617 -0.0302806
v 0.215193 0.0184482 -0.0292607
v 0.235087 0.0146516 -0.0418787
v 0.254287 -0.0226525 -0.043787
v 0.240002 0.0128865 -0.0445492
v 0.223867 0.0281874 -0.0363349
v 0.228141 0.0300734 -0.0379201
v 0.228724 0.0272497 -0.0391895
v 0.234781 0.0311095 -0.0404958
v 0.275412 0.0122573 -0.0409121
v 0.269379 0.0645014 -0.0254167
v 0.252665 0.00384351 -0.0400843
v 0.25614 0.00306159 -0.0390441
v 0.272213 0.00531648 -0.0409245
v 0.234833 0.00653728 -0.0366001
v 0.278361 0.0614842 -0.0295857
v 0.256892 0.00073615 -0.038015
v 0.255595 -0.00149468 -0.0374529
v 0.256267 0.000143455 -0.0379088
v 0.263273 0.0176738 -0.0395828
v 0.231188 0.00666274 -0.0321672
v 0.233092 0.00866128 -0.0368422
v 0.270975 0.013568 -0.0399544
v 0.273895 0.0148698 -0.0402718
v 0.271332 0.00676227 -0.0407088
v 0.273372 0.00950979 -0.0408104
v 0.270451 0.00820805 -0.0404931
v 0.217823 0.0150786 -0.0298834
v 0.274648 0.00813518 -0.041458
v 0.276319 0.00683176 -0.0425373
v 0.21696 0.0135991 -0.0284416
v 0.24434 -0.0246889 -0.0366964
v 0.24324 -0.0051101 -0.0306857
v 0.238743 -0.0058525 -0.0280074
v 0.261127 -0.00602153 -0.0382256
v 0.232653 -0.00773787 -0.0248541
v 0.258434 -0.0138868 -0.0390309
v 0.256363 -0.012809 -0.0377354
v 0.255463 -0.00953354 -0.0364647
v 0.253745 -0.00915932 -0.0355692
v 0.266175 -0.0066895 -0.0409213
v 0.261204 -0.00715617 -0.0385966
v 0.265737 -0.00499881 -0.0403245
v 0.266521 0.00290418 -0.0399679
v 0.269322 0.0173147 -0.0397931
v 0.26383 0.0341553 -0.0362549
v 0.229407 0.0213784 -0.0381699
v 0.263661 -0.010652 -0.0407415
v 0.243718 0.0166034 -0.0455886
v 0.247516 0.0134906 -0.0446749
v 0.27008 0.0527191 -0.0304666
v 0.265756 0.0493358 -0.0311367
v 0.229809 -0.0135412 -0.024073
v 0.230922 -0.0130033 -0.0245217
v 0.232034 -0.0124655 -0.0249703
v 0.233146 -0.0119276 -0.025419
v 0.234258 -0.0113897 -0.0258676
v 0.259287 0.0444627 -0.0320236
v 0.23537 -0.0108518 -0.0263163
v 0.24623 -0.00981272 -0.0318952
v 0.268395 -0.0074521 -0.0422078
v 0.282009 0.046717 -0.0352352
v 0.282992 0.0385826 -0.0379053
v 0.279941 0.0550177 -0.0321012
v 0.27799 0.00552833 -0.0436166
v 0.281058 0.055911 -0.0328055
v 0.216681 0.0318894 -0.00924295
v 0.223667 0.00618418 -0.0261271
v 0.226918 0.00374786 -0.0259367
v 0.225646 0.00735283 -0.0283624
v 0.228897 0.00491651 -0.028172
v 0.219234 0.00801503 -0.0244471
v 0.215408 0.0111541 -0.0247676
v 0.219981 0.00915182 -0.0264159
v 0.216155 0.0122909 -0.0267364
v 0.214571 0.0100666 -0.0227882
v 0.214759 0.00891097 -0.0220361
v 0.214946 0.00775533 -0.021284
v 0.222756 0.00504203 -0.0240904
v 0.215134 0.00659968 -0.020532
v 0.222943 0.00388638 -0.0233384
v 0.215322 0.00544403 -0.0197799
v 0.223131 0.00273073 -0.0225863
v 0.215509 0.00428838 -0.0190278
v 0.220851 0.00140501 -0.0208659
v 0.21705 0.00156954 -0.0186717
v 0.21409 0.00754566 -0.0194193
v 0.220329 0.0387813 -0.0154401
v 0.213625 0.0207554 -0.0128841
v 0.212626 0.0165669 -0.00977247
v 0.213705 0.020792 -0.0104189
v 0.218849 0.0163671 -0.0313475
v 0.220589 0.0122153 -0.0300706
v 0.221517 0.0136185 -0.0315213
v 0.225113 0.0122729 -0.0331457
v 0.22041 0.0406702 -0.0103633
v 0.228961 0.0123049 -0.0364466
v 0.223024 0.0418144 -0.0155539
v 0.215066 0.0289099 -0.0130359
v 0.21167 0.0255135 -0.0218621
v 0.212894 0.0286826 -0.0213472
v 0.240491 0.00176819 -0.0358369
v 0.237391 0.00316566 -0.0344182
v 0.212931 0.0294564 -0.0235815
v 0.216069 0.0330553 -0.0235824
v 0.236627 0.0453863 -0.0239261
v 0.241391 0.00388508 -0.0399175
v 0.242032 0.00158372 -0.0367894
v 0.244334 0.00143974 -0.0379177
v 0.244107 -0.00184798 -0.0337582
v 0.24678 -0.00252966 -0.0349268
v 0.24903 1.77528e-05 -0.0375848
v 0.255705 0.000483643 -0.038053
v 0.253623 0.001358 -0.0383499
v 0.239623 0.0441246 -0.0262618
v 0.261282 -0.017848 -0.046502
v 0.236564 0.0330833 -0.0402168
v 0.232414 0.0319594 -0.0395054
v 0.241955 0.017862 -0.0461493
v 0.222661 0.0239304 -0.0359872
v 0.231895 0.0455135 -0.0204245
v 0.235915 0.00211543 -0.0309042
v 0.238446 0.00078333 -0.0317889
v 0.222512 0.00962991 -0.0285054
v 0.219733 0.0114293 -0.0285063
v 0.249125 0.0752749 -0.0126877
v 0.226142 0.00856916 -0.0300775
v 0.223363 0.0103685 -0.0300784
v 0.250832 0.0758524 -0.0134231
v 0.226992 0.00930777 -0.0316505
v 0.224213 0.0111071 -0.0316514
v 0.243605 0.0726336 -0.0107932
v 0.245312 0.0732111 -0.0115285
v 0.247018 0.0737886 -0.0122639
v 0.257319 0.0698467 -0.0195376
v 0.276306 0.0230535 -0.0396051
v 0.255408 0.0670028 -0.0203486
v 0.265085 -0.0131137 -0.0434506
v 0.250954 0.0627941 -0.0207402
v 0.253496 0.0641589 -0.0211595
v 0.249043 0.0599502 -0.0215512
v 0.251585 0.061315 -0.0219705
v 0.244589 0.0557414 -0.0219428
v 0.234773 -0.0209666 -0.0286803
v 0.23102 -0.0173382 -0.0257233
v 0.247131 0.0571062 -0.0223621
v 0.238447 -0.0251735 -0.033401
v 0.236818 -0.0277028 -0.0351185
v 0.249673 0.0584711 -0.0227815
v 0.242677 0.0528975 -0.0227537
v 0.24522 0.0542623 -0.0231731
v 0.247762 0.0556272 -0.0235925
v 0.214258 0.0248027 -0.0127925
v 0.240766 0.0500536 -0.0235647
v 0.243308 0.0514184 -0.0239841
v 0.267718 0.067458 -0.0236726
v 0.270712 0.0664523 -0.0250622
v 0.263063 0.0714204 -0.0205388
v 0.211727 0.0166761 -0.0186107
v 0.277181 0.0491456 -0.0329175
v 0.277626 0.0458264 -0.0342692
v 0.269085 0.0463992 -0.0327525
v 0.26953 0.04308 -0.0341042
v 0.272373 0.0634957 -0.0268064
v 0.267295 0.0604722 -0.0267532
v 0.265211 0.0564429 -0.0280897
v 0.263127 0.0524137 -0.0294262
v 0.249577 -0.0250653 -0.0427049
v 0.250216 -0.0244992 -0.042111
v 0.250855 -0.0239331 -0.0415171
v 0.251503 -0.024019 -0.0429622
v 0.252142 -0.0234529 -0.0423683
v 0.261044 0.0483844 -0.0307627
v 0.262487 0.0523701 -0.029231
v 0.254437 -0.0200818 -0.0402587
v 0.257196 -0.0179589 -0.0407777
v 0.260403 0.0483409 -0.0305674
v 0.25832 0.0443116 -0.0319039
v 0.255596 0.0402388 -0.0330452
v 0.275367 0.0624899 -0.028196
v 0.249013 0.0250786 -0.0417523
v 0.247378 0.0254661 -0.0422436
v 0.258942 -0.00646976 -0.0374461
v 0.281728 0.015934 -0.0428709
v 0.257159 -0.00675808 -0.0368515
v 0.277802 0.0105684 -0.042341
v 0.277005 0.0111314 -0.0418647
v 0.276208 0.0116943 -0.0413884
v 0.277613 0.0156085 -0.0410655
v 0.232079 -0.025947 -0.0308973
v 0.277434 0.0257274 -0.0391124
v 0.270984 0.0249849 -0.038855
v 0.226482 -0.0262312 -0.0291016
v 0.220884 -0.0265154 -0.0273059
v 0.229956 -0.0244677 -0.0287264
v 0.224358 -0.0247519 -0.0269307
v 0.255291 0.0241948 -0.0394112
v 0.255052 0.0207311 -0.0405301
v 0.250549 -0.0243015 -0.0444796
v 0.251938 -0.0236985 -0.0443433
v 0.253327 -0.0230954 -0.044207
v 0.262545 -0.0163073 -0.0496193
v 0.232997 0.0291357 -0.0407748
v 0.269629 0.0401638 -0.035193
v 0.276093 0.0420093 -0.0351327
v 0.277379 0.0433133 -0.0350952
v 0.278221 0.0200857 -0.0402663
v 0.276816 0.0161715 -0.0405892
v 0.266649 0.00835211 -0.0399599
v 0.26957 0.00965384 -0.0402773
v 0.275202 0.0401849 -0.0353739
v 0.272491 0.0109556 -0.0405947
v 0.273192 -0.000961885 -0.0429122
v 0.222378 -0.0048132 -0.0204292
v 0.277499 0.0418832 -0.0352924
v 0.281908 0.00970587 -0.0501937
v 0.281154 0.00766706 -0.0500373
v 0.283221 0.0130449 -0.0496723
v 0.278078 0.0364491 -0.0367688
v -0.0532055 0.396558 -0.00612234
v -0.0545859 0.396166 -0.0121835
v -0.0502829 0.400507 -0.0134302
v -0.0515941 0.400136 -0.019425
v -0.0522261 0.399666 -0.025387
v -0.0525185 0.398613 -0.0362162
v -0.0512449 0.398357 -0.0425462
v -0.0564755 0.393997 -0.0372317
v -0.0551662 0.39365 -0.0435402
v -0.0534303 0.393407 -0.0502236
v -0.0473293 0.398054 -0.0546351
v -0.0509594 0.393689 -0.0571109
v -0.0439628 0.398329 -0.0605252
v -0.0474906 0.393732 -0.0633761
v -0.041038 0.398906 -0.0657233
v -0.0410889 0.409999 -0.058343
v -0.0417981 0.40377 -0.058538
v -0.0392083 0.404419 -0.0638995
v -0.0384537 0.410638 -0.0636836
v -0.0339586 0.417248 -0.0682356
v -0.0350813 0.411125 -0.0687166
v -0.0360655 0.405018 -0.069126
v -0.0321982 0.405619 -0.0740698
v -0.0324729 0.39977 -0.0741961
v -0.0281305 0.406176 -0.0786905
v -0.0282992 0.400575 -0.0788514
v -0.0317418 0.411627 -0.0739062
v -0.0281601 0.423267 -0.0716076
v -0.0299152 0.417463 -0.0727703
v -0.0323826 0.423176 -0.0672986
v -0.0355803 0.422897 -0.0624419
v -0.0333502 0.428403 -0.0604245
v -0.0303312 0.429027 -0.0656651
v -0.0387053 0.42737 -0.0494988
v -0.0360376 0.427884 -0.0549681
v -0.040439 0.421938 -0.0517772
v -0.0438964 0.415358 -0.0469897
v -0.0417398 0.415798 -0.0523045
v -0.0430463 0.409445 -0.0527214
v -0.0383218 0.422482 -0.0572796
v -0.0474472 0.40289 -0.0414477
v -0.0451445 0.40912 -0.0473187
v -0.046001 0.402949 -0.0473742
v -0.0461909 0.409132 -0.0413977
v -0.0455269 0.41541 -0.0354084
v -0.0449943 0.415459 -0.0412504
v -0.0424332 0.421275 -0.0460437
v -0.046428 0.409879 -0.0285041
v -0.0467519 0.409257 -0.0353163
v -0.0470139 0.404452 -0.0209724
v -0.0473079 0.403875 -0.0279335
v -0.0476019 0.403298 -0.0348946
v -0.0447531 0.410761 -0.0155289
v -0.0460391 0.410613 -0.0218451
v -0.0455707 0.415942 -0.0290045
v -0.026225 0.428939 -0.0701885
v -0.0373948 0.416818 -0.0633204
v -0.0443771 0.403121 -0.053171
v -0.0397072 0.416226 -0.0578028
v -0.0437907 0.394072 -0.0689449
v -0.0389951 0.394748 -0.0736192
v -0.0366516 0.399155 -0.0697802
v -0.0363407 0.390533 -0.0811164
v -0.0341928 0.395066 -0.0773504
v -0.0293445 0.39543 -0.0808431
v -0.0311383 0.390673 -0.0842605
v -0.0241282 0.395901 -0.0839844
v -0.0189118 0.396371 -0.0871256
v -0.0259137 0.391164 -0.0874588
v -0.0275921 0.386503 -0.0912064
v -0.02057 0.391649 -0.0907571
v -0.0221529 0.386894 -0.0943838
v -0.0328524 0.385941 -0.0877879
v -0.0375719 0.385025 -0.0834217
v -0.0173134 0.381396 -0.0992852
v -0.0165305 0.387106 -0.0971747
v -0.0105883 0.38707 -0.0994018
v -0.00913327 0.391724 -0.095664
v -0.00457522 0.386625 -0.10104
v 0.00150114 0.385976 -0.102356
v -0.00553608 0.380801 -0.102773
v 0.000451375 0.380164 -0.104209
v 0.00868667 0.390011 -0.0999459
v 0.00769255 0.385267 -0.103457
v 0.0141547 0.384485 -0.104056
v 0.0150991 0.389204 -0.100445
v 0.0222841 0.393015 -0.0965977
v 0.0214891 0.388375 -0.100473
v 0.027859 0.387557 -0.0999666
v 0.0338822 0.387575 -0.0978906
v 0.0398155 0.387229 -0.0958015
v 0.0405585 0.38196 -0.0984204
v 0.0336081 0.381101 -0.102163
v 0.0206579 0.383608 -0.104143
v 0.0269138 0.382459 -0.103134
v 0.046717 0.382266 -0.0957446
v 0.0462167 0.387651 -0.092364
v 0.0463159 0.393002 -0.0885154
v 0.0518755 0.392695 -0.0851053
v 0.0573454 0.392183 -0.0801799
v 0.056844 0.399291 -0.0813459
v 0.0556294 0.411957 -0.0817778
v 0.0563553 0.405641 -0.0817345
v 0.0539553 0.417851 -0.0808126
v 0.0491496 0.417716 -0.0845845
v 0.048289 0.422598 -0.0824565
v 0.0656867 0.383193 -0.0819505
v 0.0321152 0.42335 -0.0896613
v 0.0373801 0.42338 -0.0876398
v 0.042645 0.42341 -0.0856184
v 0.0383847 0.417471 -0.0903411
v 0.0439463 0.417529 -0.0876688
v 0.0451296 0.41156 -0.0889494
v 0.0398945 0.405384 -0.0921985
v 0.0457556 0.405453 -0.0892778
v 0.0513325 0.405527 -0.0859983
v 0.0460121 0.399161 -0.0888152
v 0.0516444 0.39916 -0.0855412
v 0.0344109 0.399183 -0.0942305
v 0.0286344 0.392933 -0.0952803
v 0.0346501 0.392995 -0.0933568
v 0.040555 0.393103 -0.0912097
v 0.0283147 0.399159 -0.0960106
v 0.0221784 0.399237 -0.0970088
v 0.0158705 0.399983 -0.0973606
v 0.015724 0.405785 -0.0975959
v 0.0214281 0.411655 -0.0962038
v 0.0219856 0.405436 -0.0972112
v 0.0274469 0.411571 -0.0950368
v 0.033938 0.405337 -0.0946479
v 0.0333099 0.411541 -0.0937182
v 0.0280653 0.405322 -0.0961875
v 0.0151411 0.412048 -0.0964353
v 0.0148648 0.417955 -0.094799
v 0.02102 0.417775 -0.0946907
v 0.0149416 0.423626 -0.0924542
v 0.0208284 0.423521 -0.0920988
v -0.00225669 0.427913 -0.0865961
v 0.00354197 0.428244 -0.0877244
v -0.0079046 0.427637 -0.0848784
v -0.0185796 0.42647 -0.0797138
v -0.0134038 0.427343 -0.0826698
v -0.0233287 0.425589 -0.0758888
v -0.0241894 0.419951 -0.0782263
v -0.0250502 0.414314 -0.0805639
v -0.0249581 0.408241 -0.0816783
v -0.0200699 0.408926 -0.0855629
v -0.0196263 0.402632 -0.0862211
v -0.0148854 0.409654 -0.0890708
v -0.00925329 0.410379 -0.0918904
v -0.00331733 0.411052 -0.0938717
v 0.00271107 0.417661 -0.0938892
v -0.00293566 0.422882 -0.0901639
v -0.00332369 0.417065 -0.0924874
v -0.00919396 0.416458 -0.0903202
v 0.00893991 0.423646 -0.092386
v -0.0029398 0.405185 -0.0946518
v 0.00280023 0.41173 -0.0953633
v 0.00320459 0.406128 -0.096185
v 0.00937208 0.406273 -0.0973973
v 0.00367591 0.400913 -0.0961249
v -0.0083538 0.397409 -0.0931111
v -0.013614 0.396837 -0.0900269
v -0.00888046 0.404117 -0.0927122
v -0.00230145 0.398819 -0.0948531
v -0.0142511 0.403395 -0.089448
v -0.0511466 0.396526 -0.000276847
v -0.0234825 0.429828 -0.0715334
v -0.0259732 0.424524 -0.0728231
v -0.020922 0.430785 -0.0740527
v -0.0171333 0.431504 -0.0763082
v -0.0195733 0.420938 -0.0824667
v -0.0200369 0.415087 -0.0842528
v -0.0147829 0.415807 -0.0876618
v -0.0141578 0.421611 -0.0853409
v -0.00866614 0.422262 -0.087963
v 0.00300113 0.423329 -0.0913933
v -0.0471432 0.401083 -0.00150804
v -0.0559252 0.395755 -0.0182581
v 0.0267376 0.423347 -0.0915104
v 0.0269427 0.417645 -0.0938788
v 0.032705 0.417566 -0.0926324
v 0.00882131 0.418 -0.0947166
v 0.00895783 0.412216 -0.0965761
v -0.00216069 0.39605 -0.0942279
v 0.00380932 0.395433 -0.0952543
v 0.00984439 0.400546 -0.0970522
v 0.0393335 0.41145 -0.0917685
v 0.053277 0.422092 -0.0785045
v 0.0504287 0.411778 -0.0855451
v 0.0585313 0.417685 -0.076333
v 0.0600507 0.412196 -0.0773216
v 0.0611559 0.405833 -0.0771703
v 0.0403964 0.3992 -0.0921208
v 0.0517942 0.386811 -0.0893069
v 0.0565735 0.386062 -0.0869383
v 0.0629674 0.389692 -0.077222
v 0.0684318 0.384695 -0.0770769
v -0.048932 0.400924 -0.0073769
v -0.0446048 0.405235 -0.00867253
v -0.0459536 0.404847 -0.0146337
v 0.061338 0.38504 -0.0839759
v 0.0571076 0.380001 -0.0898123
v 0.0621975 0.378611 -0.085931
v 0.0519038 0.381344 -0.0934618
v 0.015856 0.394072 -0.0970781
v 0.0097294 0.394854 -0.0965061
v -0.00313909 0.391223 -0.0972147
v 0.00276006 0.390631 -0.098608
v -0.0150671 0.391916 -0.093562
v -0.0114482 0.38135 -0.101203
v -0.040933 0.389694 -0.0764822
v -0.0454424 0.388858 -0.0714626
v -0.0495006 0.38827 -0.0656455
v -0.052871 0.387941 -0.0590629
v -0.0496193 0.398174 -0.0485784
v -0.0526737 0.399202 -0.0309459
v -0.0565366 0.395131 -0.024461
v -0.0570033 0.394474 -0.0306802
v 0.0284765 -0.105182 -0.113394
v 0.0194533 -0.104633 -0.116296
v 0.0073242 -0.107697 -0.110539
v 0.016456 -0.108655 -0.107903
v 0.0225019 -0.112796 -0.0964898
v 0.0134855 -0.112217 -0.0993677
v 0.0104975 -0.1154 -0.090777
v 0.0194983 -0.115976 -0.087892
v 0.0284493 -0.116197 -0.0848715
v 0.0371519 -0.116281 -0.0815961
v 0.0458529 -0.116291 -0.0783147
v 0.107391 -0.0978197 -0.0854937
v 0.0488337 -0.113412 -0.0869377
v 0.0573222 -0.113219 -0.0834969
v 0.0603431 -0.109622 -0.0918575
v 0.0656511 -0.112796 -0.0798835
v 0.0584891 -0.100907 -0.111586
v 0.0548757 -0.105586 -0.1036
v 0.0670001 -0.10077 -0.108025
v 0.0633867 -0.105449 -0.100038
v 0.070538 -0.096062 -0.115929
v 0.0752687 -0.10054 -0.104199
v 0.0717443 -0.105278 -0.0963259
v 0.0796095 -0.104954 -0.0920593
v 0.085109 -0.108105 -0.0795963
v 0.0867555 -0.104554 -0.0875485
v 0.0936043 -0.104187 -0.0829654
v 0.0896763 -0.100147 -0.0954905
v 0.0965263 -0.0995598 -0.0913317
v 0.0947416 -0.0941244 -0.103746
v 0.108197 -0.0869977 -0.106836
v 0.101798 -0.093399 -0.0996305
v 0.107839 -0.0924199 -0.096137
v 0.112952 -0.0884473 -0.0989867
v 0.112397 -0.0941005 -0.0878848
v 0.119809 -0.0835233 -0.101692
v 0.117556 -0.0902823 -0.0903016
v 0.122221 -0.0920777 -0.0816269
v 0.114189 -0.0815157 -0.111391
v 0.105482 -0.0820984 -0.117686
v 0.100345 -0.0882507 -0.111004
v 0.0882591 -0.0843518 -0.126236
v 0.0972168 -0.0834136 -0.12195
v 0.0832022 -0.0902031 -0.119331
v 0.0918953 -0.0893367 -0.11518
v 0.074592 -0.0908933 -0.123422
v 0.0694848 -0.08575 -0.134643
v 0.0733858 -0.0798644 -0.14174
v 0.0508904 -0.0854632 -0.141455
v 0.0473501 -0.0910613 -0.134156
v 0.043945 -0.0962177 -0.126436
v 0.0316064 -0.100693 -0.121566
v 0.0406306 -0.100953 -0.118462
v 0.034848 -0.0959217 -0.129573
v 0.0288454 -0.0901824 -0.140257
v 0.0256755 -0.0952028 -0.132399
v 0.02251 -0.100227 -0.124534
v 0.031994 -0.084938 -0.147925
v 0.0413156 -0.0855229 -0.144975
v 0.0380972 -0.0908394 -0.137376
v 0.0541865 -0.0794952 -0.148451
v 0.0637777 -0.0793869 -0.144885
v 0.0870511 -0.0726238 -0.144014
v 0.109168 -0.0700682 -0.134052
v 0.0981447 -0.0714209 -0.139095
v 0.114797 -0.0624774 -0.139294
v 0.131767 -0.0557841 -0.133365
v 0.12522 -0.062483 -0.130736
v 0.133117 -0.0641479 -0.120006
v 0.139521 -0.0661492 -0.109187
v 0.144514 -0.0684523 -0.0987569
v 0.148909 -0.07085 -0.0886732
v 0.13315 -0.0722633 -0.107005
v 0.137673 -0.0746205 -0.0969261
v 0.131112 -0.0803236 -0.0946165
v 0.142195 -0.0769777 -0.0868476
v 0.13552 -0.0824462 -0.0851542
v 0.146231 -0.0792312 -0.0771731
v 0.138999 -0.084707 -0.0756296
v 0.132143 -0.0897798 -0.0739799
v 0.135044 -0.0923627 -0.0644971
v 0.125488 -0.094379 -0.0723858
v 0.127724 -0.0967437 -0.0634974
v 0.129792 -0.0991735 -0.0536691
v 0.137333 -0.0947251 -0.0546729
v 0.139418 -0.0969669 -0.0445977
v 0.144683 -0.0896713 -0.0556903
v 0.146913 -0.0920302 -0.0454226
v 0.154346 -0.0863639 -0.0462315
v 0.14909 -0.0817215 -0.0669684
v 0.151863 -0.0841527 -0.0566267
v 0.155865 -0.0754614 -0.0677913
v 0.158569 -0.0777596 -0.0574141
v 0.168091 -0.0735515 -0.047833
v 0.161274 -0.0800577 -0.0470369
v 0.163341 -0.0827276 -0.036217
v 0.169949 -0.0760531 -0.0367597
v 0.171316 -0.0785998 -0.0252542
v 0.164594 -0.0852208 -0.0249882
v 0.157378 -0.0911386 -0.0247697
v 0.156165 -0.0886639 -0.0355601
v 0.148768 -0.094399 -0.0350758
v 0.141353 -0.101625 -0.0246404
v 0.14968 -0.0967243 -0.0247633
v 0.14104 -0.104071 -0.0149615
v 0.120051 -0.112703 -0.0199792
v 0.130515 -0.108749 -0.0172707
v 0.121737 -0.110336 -0.0278811
v 0.132409 -0.106381 -0.0252612
v 0.122953 -0.107958 -0.0356583
v 0.113336 -0.107242 -0.0537512
v 0.113165 -0.109551 -0.0459969
v 0.123257 -0.105649 -0.0439312
v 0.103163 -0.110369 -0.0555909
v 0.0932713 -0.109931 -0.0671195
v 0.0918707 -0.113229 -0.0589234
v 0.0825413 -0.111594 -0.0714141
v 0.1023 -0.112546 -0.0486873
v 0.101653 -0.114626 -0.041077
v 0.103429 -0.104886 -0.0714281
v 0.102147 -0.10224 -0.0797588
v 0.109103 -0.10018 -0.0775335
v 0.110816 -0.102541 -0.0695734
v 0.112528 -0.104902 -0.0616133
v 0.131735 -0.101538 -0.0439266
v 0.132528 -0.10399 -0.0341959
v 0.112433 -0.11188 -0.0382444
v 0.111228 -0.11398 -0.0306213
v 0.100832 -0.116697 -0.0334941
v 0.10978 -0.11573 -0.0228364
v 0.117904 -0.114835 -0.011826
v 0.107715 -0.117374 -0.0147172
v 0.105793 -0.119163 -0.0066303
v 0.115824 -0.116522 -0.00369735
v 0.112852 -0.118064 0.0048403
v 0.122665 -0.114681 0.00776543
v 0.132912 -0.110818 0.0103912
v 0.143504 -0.106037 0.0125988
v 0.146489 -0.103839 0.00409558
v 0.138653 -0.106619 -0.00661386
v 0.135932 -0.109062 0.00187147
v 0.128342 -0.110961 -0.00913318
v 0.156447 -0.0983003 0.00611606
v 0.148836 -0.10121 -0.00447786
v 0.157578 -0.095925 -0.00371062
v 0.164774 -0.0922302 0.00734501
v 0.172752 -0.0857613 0.00880345
v 0.171386 -0.0880415 0.0188393
v 0.169035 -0.090443 0.0283219
v 0.160209 -0.096724 0.025785
v 0.166097 -0.0924022 0.0370857
v 0.174332 -0.0860285 0.0399617
v 0.176705 -0.083666 0.0304929
v 0.180922 -0.0789989 0.0424703
v 0.183289 -0.0764346 0.0324344
v 0.178973 -0.0811264 0.0205784
v 0.179038 -0.0763982 -0.0024484
v 0.172774 -0.0834712 -0.00253852
v 0.179444 -0.0787996 0.00901131
v 0.178618 -0.0740065 -0.0140565
v 0.177548 -0.0715165 -0.0256369
v 0.176185 -0.0687986 -0.0372727
v 0.165261 -0.0711859 -0.0584877
v 0.17141 -0.0639507 -0.0594714
v 0.174063 -0.0662229 -0.0486061
v 0.168661 -0.0616907 -0.0702893
v 0.158818 -0.0665469 -0.0795814
v 0.155399 -0.0642701 -0.0900573
v 0.151065 -0.0619379 -0.100444
v 0.15764 -0.0551132 -0.101477
v 0.161436 -0.0573158 -0.0911302
v 0.165223 -0.0595072 -0.0807773
v 0.16551 -0.0876388 -0.0137617
v 0.165628 -0.0897762 -0.00267957
v 0.157857 -0.0935048 -0.0140424
v 0.153854 -0.100629 0.0148052
v 0.163251 -0.0946282 0.0170461
v 0.125858 -0.113006 -0.000877039
v 0.149798 -0.0989648 -0.0144039
v 0.1723 -0.0810572 -0.0139255
v 0.140522 -0.0992898 -0.0347856
v 0.120208 -0.101067 -0.0625318
v 0.122103 -0.103249 -0.0531675
v 0.142088 -0.0871139 -0.0659075
v 0.152885 -0.0732058 -0.0784197
v 0.162423 -0.0687986 -0.0691533
v 0.146138 -0.0596501 -0.110973
v 0.139711 -0.0575469 -0.122027
v 0.118717 -0.0685923 -0.128044
v 0.126381 -0.0703474 -0.117389
v 0.120633 -0.0759503 -0.114386
v 0.0830578 -0.0793815 -0.137655
v 0.0603562 -0.0857586 -0.138278
v 0.0566965 -0.0910179 -0.13067
v 0.0530368 -0.0962772 -0.123063
v 0.0655383 -0.0910216 -0.127209
v 0.0789484 -0.0853243 -0.130631
v 0.0929703 -0.0784793 -0.133185
v 0.102913 -0.0770814 -0.128266
v 0.1124 -0.075464 -0.123213
v 0.126392 -0.0780147 -0.104629
v 0.124453 -0.0853365 -0.0929473
v 0.128871 -0.0873385 -0.0834631
v 0.116285 -0.0961554 -0.0792805
v 0.118226 -0.0986272 -0.071044
v 0.087406 -0.0950402 -0.107884
v 0.102305 -0.0987279 -0.088163
v 0.0935065 -0.107053 -0.0750874
v 0.103931 -0.107884 -0.0627776
v 0.083109 -0.100316 -0.100069
v 0.0788732 -0.0957167 -0.111978
v 0.0496504 -0.101076 -0.115161
v 0.0463544 -0.105724 -0.107161
v 0.0618979 -0.0962484 -0.119581
v 0.0518612 -0.109771 -0.0954204
v 0.0432145 -0.10973 -0.098764
v 0.0314349 -0.113248 -0.0935006
v 0.0686886 -0.109121 -0.0881685
v 0.0769495 -0.10861 -0.0838839
v 0.0739261 -0.112287 -0.0756978
v 0.0401331 -0.113359 -0.0902259
v 0.0374002 -0.10556 -0.110346
v 0.00149138 -0.11458 -0.0935642
v 0.0254865 -0.109222 -0.105028
v 0.0344272 -0.109451 -0.101942
v 0.0044336 -0.111431 -0.102146
v 0.0102369 -0.103723 -0.118867
v -0.0575156 0.0178583 0.171211
v -0.0595423 0.0278392 0.172417
v -0.0523887 0.0390334 0.178508
v -0.0615227 0.0373508 0.174472
v -0.0542329 0.0485661 0.180822
v -0.0469431 0.0597814 0.187172
v -0.0505602 0.0294894 0.176158
v -0.0347095 0.0419799 0.18526
v -0.0434792 0.0405563 0.18204
v -0.0363982 0.0516232 0.187922
v -0.0451679 0.0501997 0.184703
v -0.032969 0.0325651 0.182887
v -0.0417751 0.0309808 0.179464
v -0.0310046 0.0232272 0.181249
v -0.0398471 0.0215896 0.177817
v -0.0221723 0.0248849 0.184624
v -0.0205836 0.0156302 0.184209
v -0.0132945 0.0264088 0.18724
v -0.003977 0.0273784 0.188558
v 0.00537818 0.0282442 0.188414
v 0.0148012 0.0294207 0.187433
v 0.0161193 0.0202874 0.185547
v 0.0355626 0.014376 0.177717
v 0.044671 0.0159932 0.174957
v 0.0525249 0.0271447 0.174446
v 0.0434449 0.0253439 0.177262
v 0.0516413 0.0361554 0.177726
v 0.0424915 0.0344147 0.180335
v 0.0606685 0.0380782 0.174785
v 0.0615435 0.0290332 0.17147
v 0.0537479 0.0177699 0.172125
v 0.0628995 0.0196554 0.169607
v -0.0555472 0.00772924 0.170786
v -0.0665421 0.015704 0.168565
v -0.00993625 0.00842246 0.188822
v -0.0190949 0.00684105 0.186544
v -0.0277336 0.00465951 0.183048
v -0.0363496 0.00253871 0.17957
v -0.0645411 0.00549494 0.167871
v -0.0451407 0.000388583 0.176454
v -0.043784 -0.00834718 0.180681
v -0.0350945 -0.00585359 0.183982
v -0.0486191 0.0198222 0.174337
v -0.0254297 -0.0110675 0.192423
v -0.0265553 -0.00329719 0.187602
v -0.033515 -0.014251 0.187998
v -0.0422356 -0.0169756 0.184796
v -0.0511887 -0.0194933 0.182308
v -0.0485607 -0.0285745 0.184522
v -0.057464 -0.0312606 0.182223
v -0.0663666 -0.0339213 0.179681
v -0.0396634 -0.0258535 0.187015
v -0.0380419 0.0612527 0.190567
v -0.0256405 0.0433206 0.18837
v -0.0959375 -0.0329347 0.171401
v -0.107399 -0.0273241 0.166594
v -0.115015 -0.0313654 0.162709
v -0.118423 -0.0224989 0.160946
v -0.1303 -0.0200493 0.154513
v -0.134516 -0.0137312 0.151701
v -0.125805 -0.0080021 0.152973
v -0.132245 -0.0024904 0.146715
v -0.0240924 0.0341476 0.186283
v -0.0116285 0.0170768 0.186502
v -0.0161459 0.0445662 0.190987
v -0.121157 -0.0141397 0.158129
v -0.109973 -0.0185236 0.163874
v -0.100781 -0.0148307 0.165564
v -0.0897519 -0.0208249 0.171651
v -0.0915193 -0.0120567 0.167891
v -0.0987317 -0.023678 0.169378
v -0.0782046 -0.027368 0.176258
v -0.0712463 -0.0155647 0.17494
v -0.0528772 -0.010659 0.178507
v -0.0620031 -0.0130473 0.176535
v -0.0725382 -0.00743153 0.169839
v -0.082124 -0.0094963 0.16923
v -0.0804854 -0.0181832 0.173305
v -0.139185 -0.00740569 0.14839
v -0.0871112 -0.0301131 0.174006
v -0.0147072 0.035478 0.188898
v -0.0601876 -0.0220799 0.180199
v -0.069212 -0.0246976 0.178284
v -0.0540959 -0.00187295 0.173744
v -0.0632047 -0.00415779 0.171572
v -0.0465967 0.0098792 0.173869
v -0.0293113 0.0138458 0.180956
v -0.0379136 0.0118441 0.177336
v 0.0343688 0.0235961 0.18011
v 0.0252972 0.021909 0.182993
v 0.0332958 0.0326977 0.182829
v 0.0240616 0.0310006 0.185225
v 0.0416256 0.0433289 0.183508
v 0.0324462 0.0415783 0.185991
v 0.0231442 0.040013 0.188081
v 0.0316015 0.0505883 0.189007
v 0.0222894 0.0490974 0.191028
v 0.0307467 0.0596727 0.191954
v 0.0400682 0.0612374 0.189835
v 0.0485363 0.0718967 0.190651
v 0.0392134 0.0703216 0.192783
v 0.0408932 0.0521972 0.186748
v 0.0585816 0.0645744 0.184999
v 0.0493581 0.0628685 0.187505
v 0.0599222 0.0469544 0.178045
v 0.0507454 0.0451663 0.180664
v 0.0684452 0.0575235 0.178942
v 0.0592683 0.0557355 0.181561
v 0.0500915 0.0539475 0.18418
v 0.0677913 0.0663047 0.182459
v 0.0691019 0.0486806 0.175259
v 0.0203585 0.0674296 0.196267
v 0.077769 0.0591546 0.176477
v 0.0770262 0.0680915 0.180042
v 0.0298667 0.0687757 0.194826
v 0.0669578 0.0753393 0.18569
v 0.0660071 0.0845104 0.188818
v 0.0568936 0.0826633 0.19134
v 0.0649686 0.0937107 0.191696
v 0.0558361 0.0919516 0.194109
v 0.046677 0.0902644 0.196386
v 0.0578192 0.073543 0.188258
v 0.0476999 0.081 0.193606
v 0.0383872 0.0794354 0.195743
v 0.0290362 0.0780015 0.197541
v 0.0195714 0.0765762 0.199124
v 0.0117721 0.0569934 0.194824
v 0.010728 0.0662041 0.197266
v 0.0127897 0.0477801 0.192381
v 0.00424174 0.0374974 0.190457
v 0.00320441 0.0467134 0.192884
v 0.00211283 0.0559506 0.195157
v -0.00878884 0.0642578 0.197054
v -0.00537827 0.0364533 0.190191
v -0.00651554 0.0457225 0.192484
v -0.00765281 0.0549916 0.194778
v -0.0172698 0.0537874 0.193141
v -0.0184968 0.0631242 0.195562
v -0.0196991 0.0724795 0.197933
v -0.0206714 0.0820064 0.199836
v -0.0108397 0.0829128 0.201026
v -2.21398e-05 0.074456 0.19972
v -0.0099131 0.0734983 0.199265
v -0.000988335 0.083851 0.201627
v 0.0213335 0.0582564 0.193676
v -0.0293735 0.0716525 0.195838
v -0.028301 0.0622234 0.193424
v -0.0270871 0.0528668 0.190935
v 0.0010257 0.0651481 0.19763
v 0.0098598 0.0754766 0.199718
v 0.0137753 0.038564 0.189935
v -0.254346 0.0308941 -0.0366575
v -0.250591 0.0359345 -0.0338207
v -0.245777 0.0368195 -0.0328263
v -0.237538 0.0422476 -0.0283075
v -0.242297 0.0411994 -0.0291555
v -0.238808 0.0451672 -0.0250341
v -0.243255 0.0450804 -0.0266897
v -0.247701 0.0449937 -0.0283453
v -0.246921 0.0405673 -0.0303531
v -0.252929 0.0493332 -0.027993
v -0.252148 0.0449069 -0.0300008
v -0.251368 0.0404806 -0.0320087
v -0.257375 0.0492464 -0.0296486
v -0.24383 0.0495497 -0.0248582
v -0.248391 0.0494391 -0.0264159
v -0.244393 0.0538582 -0.0227538
v -0.237126 0.0611583 -0.0137317
v -0.241399 0.0616359 -0.0159861
v -0.240747 0.0575366 -0.0182665
v -0.240096 0.0534372 -0.0205469
v -0.239444 0.0493378 -0.0228273
v -0.245673 0.0621136 -0.0182405
v -0.245021 0.0580142 -0.0205209
v -0.232639 0.0561715 -0.0132034
v -0.232101 0.0519667 -0.0153412
v -0.236503 0.0570319 -0.0159755
v -0.235964 0.0528271 -0.0181133
v -0.235425 0.0486223 -0.020251
v -0.228163 0.0512049 -0.0126768
v -0.231261 0.048165 -0.0179195
v -0.227296 0.0473506 -0.0152313
v -0.223707 0.0399567 -0.0241286
v -0.222483 0.037626 -0.0272376
v -0.229994 0.0452712 -0.021102
v -0.228696 0.0428325 -0.0244149
v -0.227398 0.0403938 -0.0277279
v -0.2261 0.0379551 -0.0310409
v -0.232902 0.0428799 -0.026977
v -0.231437 0.0405566 -0.0306847
v -0.236212 0.0395034 -0.0319966
v -0.241011 0.0378611 -0.0320249
v -0.239655 0.0355409 -0.0363617
v -0.244456 0.0338719 -0.0363318
v -0.249256 0.0322029 -0.036302
v -0.242975 0.03072 -0.0403329
v -0.241514 0.0264921 -0.0430304
v -0.247799 0.0285781 -0.0396568
v -0.230029 0.0377678 -0.0341127
v -0.233371 0.0325571 -0.0379187
v -0.238165 0.0319771 -0.039648
v -0.236714 0.0274683 -0.0418436
v -0.228716 0.0336102 -0.036476
v -0.232124 0.0282919 -0.0400867
v -0.224535 0.0341681 -0.0336945
v -0.22048 0.0349061 -0.030679
v -0.216171 0.0305034 -0.0278601
v -0.217804 0.0347485 -0.0266098
v -0.222705 0.0403272 -0.0217696
v -0.219151 0.0379305 -0.0192512
v -0.223323 0.0421591 -0.0154905
v -0.219342 0.038093 -0.0147397
v -0.215955 0.0338261 -0.0192671
v -0.216685 0.0335782 -0.0146437
v -0.216855 0.0333441 -0.00969297
v -0.218846 0.03797 -0.009583
v -0.215626 0.0285562 -0.0101181
v -0.211309 0.0139044 -0.00678747
v -0.212404 0.0187838 -0.00627331
v -0.213499 0.0236631 -0.00575916
v -0.214594 0.0285424 -0.005245
v -0.215689 0.0334217 -0.00473085
v -0.210415 0.0090367 -0.00736244
v -0.211726 0.00937861 -0.0120034
v -0.212063 0.014676 -0.0163076
v -0.212978 0.0097882 -0.0166765
v -0.211201 0.0200349 -0.0205024
v -0.211691 0.0253683 -0.0246373
v -0.21185 0.0247726 -0.0198081
v -0.213295 0.0243051 -0.0151607
v -0.212568 0.0194939 -0.0157322
v -0.212211 0.0141975 -0.0115159
v -0.213352 0.0189818 -0.0110507
v -0.214492 0.023766 -0.0105855
v -0.214507 0.0289943 -0.014691
v -0.213379 0.0293777 -0.0193494
v -0.21304 0.0295979 -0.0238438
v -0.214467 0.0259796 -0.0291046
v -0.218037 0.0254207 -0.0325327
v -0.223259 0.0296612 -0.0351401
v -0.22242 0.024614 -0.0350876
v -0.22768 0.0288667 -0.0376431
v -0.226913 0.0237908 -0.0374488
v -0.231407 0.0229677 -0.0398101
v -0.235134 0.0170686 -0.0419771
v -0.226314 0.0187414 -0.0370064
v -0.230681 0.0178982 -0.0395553
v -0.217796 0.0206143 -0.0315398
v -0.222028 0.0196551 -0.0343182
v -0.226872 0.0145129 -0.0346461
v -0.231105 0.0135537 -0.0374245
v -0.213672 0.0167214 -0.0276525
v -0.218102 0.0160256 -0.0299029
v -0.222533 0.0153297 -0.0321532
v -0.218222 0.0117073 -0.0276175
v -0.222653 0.0109911 -0.0298221
v -0.227066 0.0102925 -0.031937
v -0.226894 0.00629333 -0.0281931
v -0.231308 0.00559473 -0.030308
v -0.218463 0.0077351 -0.0242258
v -0.218812 0.00378463 -0.0208442
v -0.222661 0.00704357 -0.0261468
v -0.22301 0.0030931 -0.0227651
v -0.227191 0.00237768 -0.0247101
v -0.231335 0.00161221 -0.0267063
v -0.214795 -0.000271753 -0.0166065
v -0.212161 0.00279797 -0.014471
v -0.214304 0.00326839 -0.0166206
v -0.211884 2.46546e-06 -0.0133971
v -0.214297 0.00615551 -0.0176726
v -0.213681 0.0115688 -0.0226441
v -0.214676 0.00719732 -0.0196853
v -0.21406 0.0126106 -0.0246569
v -0.215055 0.00823912 -0.0216981
v -0.21605 0.00386765 -0.0187393
v -0.21072 -0.00464618 -0.0130066
v -0.214305 -0.00537493 -0.0160922
v -0.213236 -0.0102491 -0.0167084
v -0.214979 0.033702 -0.0230119
v -0.217524 -0.0112138 -0.0187113
v -0.221914 -0.0121417 -0.0205525
v -0.231168 -0.00870664 -0.024153
v -0.235411 -0.00951457 -0.0261298
v -0.239654 -0.0103225 -0.0281066
v -0.226915 -0.00789986 -0.0222003
v -0.222951 -0.00185997 -0.0212488
v -0.2226 -0.00710408 -0.0204466
v -0.227139 -0.00266263 -0.0232029
v -0.231327 -0.00346529 -0.025157
v -0.235515 -0.00426795 -0.0271112
v -0.239703 -0.00507061 -0.0290653
v -0.243891 -0.00587327 -0.0310194
v -0.248223 -0.00662671 -0.0327769
v -0.252484 -0.00704088 -0.0348946
v -0.256746 -0.00745505 -0.0370123
v -0.261191 -0.00768445 -0.0388622
v -0.266909 -0.00369241 -0.0403236
v -0.265957 -0.00809925 -0.040573
v -0.272401 0.000427895 -0.0419569
v -0.267781 0.000746082 -0.040191
v -0.25761 -0.00304404 -0.0368765
v -0.263149 0.00531366 -0.0395445
v -0.262865 0.00101123 -0.0388453
v -0.26812 0.00506649 -0.0408141
v -0.27309 0.00481933 -0.0420837
v -0.257894 0.00126321 -0.0377173
v -0.252993 0.00154959 -0.0376112
v -0.252652 -0.00278047 -0.0360913
v -0.248026 -0.00239503 -0.035119
v -0.243375 0.00164598 -0.0378663
v -0.243485 0.00570644 -0.0417999
v -0.243866 0.0100713 -0.04484
v -0.248259 0.00167718 -0.0381383
v -0.248545 0.00578465 -0.0411951
v -0.248858 0.0101013 -0.0435776
v -0.253786 0.0100798 -0.0413147
v -0.253294 0.00577641 -0.0401458
v -0.249394 0.0149074 -0.0438593
v -0.24451 0.0155319 -0.0452103
v -0.240234 0.0219437 -0.0449619
v -0.239602 0.0163699 -0.0444502
v -0.245125 0.0206712 -0.0445377
v -0.250095 0.0192943 -0.0432133
v -0.255176 0.0185886 -0.0403993
v -0.254382 0.0146009 -0.0413936
v -0.25571 0.0229786 -0.0401223
v -0.259455 0.0191209 -0.0397923
v -0.258955 0.01468 -0.0399787
v -0.2587 0.00995194 -0.0400583
v -0.235228 0.00782644 -0.037084
v -0.239318 0.00295662 -0.0353596
v -0.23916 0.0063802 -0.0399301
v -0.258212 0.00560026 -0.0392539
v -0.263878 0.0194967 -0.0392151
v -0.263637 0.0147528 -0.0393558
v -0.263395 0.0100088 -0.0394965
v -0.268608 0.0144919 -0.0406514
v -0.268367 0.00974798 -0.0407922
v -0.273338 0.00948713 -0.0420878
v -0.268877 0.019208 -0.03999
v -0.273619 0.0141906 -0.0411903
v -0.269145 0.0240688 -0.0392704
v -0.274168 0.0238454 -0.0395481
v -0.273913 0.0189109 -0.0400436
v -0.279446 0.0285565 -0.0393303
v -0.269585 0.0289624 -0.0381327
v -0.274983 0.033647 -0.0374984
v -0.274497 0.0287636 -0.0387971
v -0.280381 0.0383315 -0.036864
v -0.279895 0.0334482 -0.0381628
v -0.262195 0.0488622 -0.0304899
v -0.261638 0.0439833 -0.0319507
v -0.266993 0.0486706 -0.0314143
v -0.266436 0.0437918 -0.0328751
v -0.265879 0.038913 -0.034336
v -0.265322 0.0340341 -0.0357969
v -0.264765 0.0291553 -0.0372578
v -0.264208 0.0242765 -0.0387187
v -0.271234 0.0436003 -0.0337996
v -0.270678 0.0387214 -0.0352604
v -0.270121 0.0338426 -0.0367213
v -0.276033 0.0434087 -0.034724
v -0.275476 0.0385299 -0.0361849
v -0.261076 0.0391122 -0.0334191
v -0.260384 0.0344665 -0.0351074
v -0.259691 0.0298209 -0.0367957
v -0.271763 0.0485117 -0.0324139
v -0.276521 0.0483663 -0.0334445
v -0.281278 0.0482209 -0.0344752
v -0.267426 0.0534363 -0.0298825
v -0.272628 0.0578889 -0.0291117
v -0.272189 0.0532513 -0.0308475
v -0.277391 0.0577039 -0.0300767
v -0.276952 0.0530663 -0.0318124
v -0.281503 0.0532454 -0.0334251
v -0.284417 0.0336357 -0.0398293
v -0.284022 0.028682 -0.0409352
v -0.283588 0.0239197 -0.0421065
v -0.277702 0.00466238 -0.0440905
v -0.276186 0.000658799 -0.0455501
v -0.273921 -0.00363353 -0.0467687
v -0.268123 -0.0115045 -0.0446386
v -0.273651 -0.0041821 -0.0514317
v -0.270443 -0.00828991 -0.0519815
v -0.276825 -5.95982e-05 -0.0508897
v -0.271095 -0.00800981 -0.0477558
v -0.26766 -0.0119934 -0.0482061
v -0.272467 0.0723718 -0.0255194
v -0.276345 0.0679423 -0.0292003
v -0.277202 0.062811 -0.0293036
v -0.251057 0.023627 -0.0411338
v -0.268708 0.0718616 -0.0229132
v -0.273056 0.0672695 -0.0259614
v -0.25256 0.0272914 -0.0386625
v -0.264494 0.071513 -0.0209243
v -0.264103 0.067022 -0.0228187
v -0.268795 0.0669616 -0.0240483
v -0.273096 0.0624103 -0.0271723
v -0.254911 0.0670406 -0.0200061
v -0.259835 0.0715554 -0.0196327
v -0.259484 0.0670438 -0.0214553
v -0.249986 0.0625261 -0.0203807
v -0.254531 0.0625389 -0.0218748
v -0.253996 0.0580923 -0.0240004
v -0.259077 0.0625516 -0.0233689
v -0.258541 0.0581051 -0.0254945
v -0.258005 0.0536586 -0.02762
v -0.263671 0.0625419 -0.0247769
v -0.263168 0.0580803 -0.0268447
v -0.262665 0.0536186 -0.0289125
v -0.268391 0.0624742 -0.0259633
v -0.267888 0.0580126 -0.028031
v -0.280866 0.0432169 -0.0355693
v -0.279181 0.0236797 -0.0400013
v -0.278901 0.0188834 -0.0409169
v -0.278621 0.0140871 -0.0418325
v -0.278341 0.00929079 -0.0427481
v -0.271159 -0.00371653 -0.0426002
v -0.269641 -0.00761052 -0.0436194
v -0.260506 -0.0118686 -0.0394855
v -0.264314 -0.0116866 -0.042062
v -0.243858 -0.010672 -0.0304254
v -0.248061 -0.0110149 -0.0327491
v -0.252309 -0.0114356 -0.0349
v -0.256558 -0.0118586 -0.0370457
v -0.247389 -0.0159314 -0.0336079
v -0.251539 -0.0161678 -0.0360943
v -0.25569 -0.0164042 -0.0385806
v -0.243237 -0.0156942 -0.0311264
v -0.250671 -0.0206737 -0.0380636
v -0.254825 -0.0209187 -0.040495
v -0.233665 -0.0202032 -0.0276682
v -0.239079 -0.0154551 -0.0286872
v -0.237928 -0.0203053 -0.0302875
v -0.242192 -0.0204074 -0.0329068
v -0.246455 -0.0205094 -0.0355261
v -0.228232 -0.0238656 -0.028634
v -0.22706 -0.0275835 -0.0323043
v -0.232496 -0.0240469 -0.0311086
v -0.231325 -0.0277648 -0.0347788
v -0.236761 -0.0242281 -0.0335832
v -0.241026 -0.0244093 -0.0360577
v -0.24529 -0.0245906 -0.0385323
v -0.235703 -0.0280857 -0.0370146
v -0.249679 -0.0245702 -0.0410456
v -0.256903 -0.0205239 -0.0492787
v -0.261395 -0.0164484 -0.0494872
v -0.265096 -0.0129726 -0.0519749
v -0.26065 -0.0169614 -0.0513781
v -0.260047 -0.0172126 -0.052096
v -0.264474 -0.0132588 -0.0528498
v -0.26387 -0.01351 -0.0535677
v -0.263267 -0.0137613 -0.0542856
v -0.2689 -0.00930503 -0.0536036
v -0.255809 -0.0205647 -0.0511845
v -0.259163 -0.017227 -0.0531925
v -0.262512 -0.0139223 -0.0551968
v -0.26467 -0.00991789 -0.0566577
v -0.266713 -0.00577844 -0.0580764
v -0.268757 -0.001639 -0.0594952
v -0.2708 0.00250044 -0.0609139
v -0.272258 0.00703268 -0.0617777
v -0.266743 0.00315185 -0.0636846
v -0.268046 0.007788 -0.0644031
v -0.269349 0.0124241 -0.0651215
v -0.270416 0.0171367 -0.0654852
v -0.271208 0.0219542 -0.0654388
v -0.275602 0.021194 -0.0633859
v -0.2764 0.0260223 -0.063416
v -0.277362 0.011076 -0.0595238
v -0.278563 0.0157632 -0.0602039
v -0.272425 -0.00154851 -0.0567651
v -0.275911 0.00653318 -0.0585802
v -0.2717 -0.00537946 -0.0544854
v -0.273398 -0.00132896 -0.055445
v -0.273364 0.00224362 -0.0587658
v -0.275436 0.00306499 -0.0558704
v -0.275097 0.00272153 -0.0564047
v -0.274757 0.00237807 -0.056939
v -0.277135 0.00711548 -0.0568301
v -0.276795 0.00677202 -0.0573644
v -0.278833 0.011166 -0.0577898
v -0.281442 0.0153624 -0.0563105
v -0.258474 0.0253306 -0.0383045
v -0.255234 0.0353579 -0.0348051
v -0.279395 0.0205782 -0.0602887
v -0.280173 0.0253967 -0.0603291
v -0.280516 0.0302385 -0.0598813
v -0.276932 0.0308452 -0.0630506
v -0.246304 0.0248191 -0.0421579
v -0.272036 0.0267471 -0.0655143
v -0.273491 0.0117123 -0.0624995
v -0.274721 0.016394 -0.0632215
v -0.262847 -0.00526787 -0.0608956
v -0.264857 -0.0011015 -0.0623533
v -0.268239 -0.00951621 -0.05426
v -0.267447 -0.0096382 -0.0547795
v -0.266656 -0.00976019 -0.0552989
v -0.265865 -0.00988218 -0.0558183
v -0.270537 -0.00543128 -0.0554767
v -0.269745 -0.00555326 -0.0559961
v -0.268954 -0.00567525 -0.0565155
v -0.268163 -0.00579724 -0.0570349
v -0.255947 0.0399902 -0.0330903
v -0.271252 -0.00159032 -0.0577321
v -0.270461 -0.0017123 -0.0582516
v -0.25666 0.0446226 -0.0313755
v -0.248342 -0.0256603 -0.0457215
v -0.252154 -0.0232766 -0.0486032
v -0.253763 -0.0229636 -0.0445127
v -0.25855 -0.0191439 -0.0445547
v -0.263336 -0.0153242 -0.0445966
v -0.259693 -0.0164649 -0.0410553
v -0.23054 -0.014126 -0.0244441
v -0.229401 -0.0200548 -0.02509
v -0.234811 -0.0149103 -0.0264597
v -0.218907 -0.00105528 -0.01888
v -0.218479 -0.00630048 -0.0182995
v -0.235508 0.000800422 -0.0287403
v -0.23134 0.00938905 -0.0341594
v -0.23538 0.00439643 -0.032685
v -0.239564 -0.000405848 -0.0310975
v -0.243606 -0.00165598 -0.0334963
v -0.235273 0.0124007 -0.0403177
v -0.23932 0.0108803 -0.0434285
v -0.213777 0.0212065 -0.0288308
v -0.219019 0.0303823 -0.0322813
v -0.235831 0.022415 -0.0423572
v -0.234856 0.0367854 -0.0354545
v -0.224595 0.0501056 -0.00956039
v -0.225285 0.0542168 -0.0072452
v -0.228799 0.055301 -0.010399
v -0.233238 0.0603507 -0.0109843
v -0.229473 0.0594395 -0.00805721
v -0.233849 0.064433 -0.00852994
v -0.237742 0.0652489 -0.0112961
v -0.242594 0.0698702 -0.0111371
v -0.241971 0.0658029 -0.0136175
v -0.246823 0.0704242 -0.0134586
v -0.251052 0.0709783 -0.01578
v -0.24623 0.0663035 -0.0158861
v -0.250498 0.066786 -0.0181365
v -0.255321 0.0714609 -0.0180306
v -0.249441 0.0581731 -0.0224481
v -0.248893 0.0538405 -0.0245029
v -0.253451 0.0537348 -0.0260706
v -0.234343 0.0452561 -0.0232421
v 0.0666219 0.410792 -0.0702332
v 0.0653435 0.415304 -0.0699701
v 0.0638063 0.410271 -0.0738904
v 0.0623688 0.414702 -0.0734702
v 0.0690819 0.411279 -0.0662589
v 0.0677637 0.415713 -0.0660045
v 0.0637813 0.419678 -0.0694401
v 0.0663781 0.420151 -0.0656577
v 0.0674111 0.406193 -0.0701424
v 0.0647513 0.405665 -0.0739484
v 0.0573648 0.41796 -0.0759482
v 0.0606153 0.418881 -0.0727375
v 0.0523653 0.421213 -0.0784288
v 0.0556159 0.422135 -0.0752181
v 0.0699828 0.416118 -0.061938
v 0.0685951 0.420525 -0.0616579
v 0.0699381 0.406704 -0.0662215
v 0.0639944 0.423999 -0.0646763
v 0.0677246 0.40152 -0.0697281
v 0.0648662 0.400994 -0.0733567
v 0.0588192 0.423025 -0.0719761
v 0.0614079 0.423513 -0.0683272
v 0.0504928 0.425307 -0.0776168
v 0.0530815 0.425795 -0.0739679
v 0.0662672 0.424297 -0.0607433
v 0.0714182 0.411765 -0.0622168
v 0.0721171 0.416642 -0.0577634
v 0.0703967 0.402068 -0.0659192
v 0.0647908 0.396313 -0.0726499
v 0.0680421 0.424717 -0.056696
v 0.073387 0.412248 -0.0579311
v 0.0722649 0.407226 -0.0621647
v 0.0743406 0.407742 -0.0579352
v 0.0702555 0.392804 -0.0646701
v 0.0703383 0.397434 -0.0652986
v 0.0677673 0.396858 -0.0691458
v 0.07039 0.420874 -0.0573973
v 0.0718336 0.421249 -0.0529634
v 0.0732772 0.421624 -0.0485295
v 0.069751 0.425146 -0.0526283
v 0.0737543 0.417097 -0.0533521
v 0.0724141 0.393384 -0.0607329
v 0.0726298 0.398013 -0.0613836
v 0.0742679 0.421963 -0.044069
v 0.0749938 0.412669 -0.0535131
v 0.0749986 0.417442 -0.0488225
v 0.0745349 0.398552 -0.0572697
v 0.072783 0.402627 -0.0619709
v 0.0746062 0.40313 -0.0576698
v 0.0764294 0.403633 -0.0533688
v 0.0744182 0.393952 -0.0567578
v 0.074929 0.422163 -0.0394843
v 0.0754802 0.422307 -0.0348484
v 0.0707387 0.42549 -0.0481832
v 0.0717254 0.42584 -0.043763
v 0.0763288 0.413042 -0.048967
v 0.0760593 0.408204 -0.0535752
v 0.077326 0.408563 -0.0490011
v 0.0761299 0.394448 -0.0525571
v 0.0762936 0.399043 -0.0529639
v 0.0728299 0.426048 -0.034843
v 0.0724303 0.426033 -0.039321
v 0.0698903 0.429359 -0.0303025
v 0.0773558 0.413315 -0.0443543
v 0.0781159 0.413503 -0.0396856
v 0.0760688 0.417729 -0.0442198
v 0.0775153 0.399435 -0.0486137
v 0.0777007 0.404003 -0.0488707
v 0.0773728 0.394839 -0.0482233
v 0.0768029 0.417932 -0.0395859
v 0.0772738 0.418043 -0.0349472
v 0.072824 0.425826 -0.0302698
v 0.0729463 0.425892 -0.0255751
v 0.0783137 0.408834 -0.0443824
v 0.0786369 0.399714 -0.0440365
v 0.0788445 0.404296 -0.0442988
v 0.079789 0.404468 -0.0396789
v 0.0784696 0.395141 -0.043882
v 0.0788034 0.413674 -0.0350278
v 0.077333 0.417991 -0.0302345
v 0.075741 0.422332 -0.0302064
v 0.075445 0.422131 -0.0255406
v 0.0697166 0.429168 -0.0258401
v 0.0790505 0.409011 -0.0397077
v 0.0788293 0.413609 -0.0302858
v 0.0770121 0.417791 -0.0255711
v 0.0796529 0.409127 -0.0350496
v 0.079582 0.399887 -0.0395322
v 0.0801651 0.404534 -0.0350283
v 0.0798178 0.409102 -0.0303333
v 0.0727021 0.4258 -0.0209993
v 0.0693743 0.429036 -0.021422
v 0.0793107 0.395294 -0.039376
v 0.0794657 0.395286 -0.0348842
v 0.0796207 0.395277 -0.0303924
v 0.0798464 0.399922 -0.0349231
v 0.0800013 0.399914 -0.0304313
v 0.0795361 0.408982 -0.0256272
v 0.0786712 0.413514 -0.0255758
v 0.0781525 0.413329 -0.0208845
v 0.0766193 0.417653 -0.0208789
v 0.0750861 0.421976 -0.0208734
v 0.0721374 0.425768 -0.0165521
v 0.06887 0.428982 -0.0170116
v 0.0682439 0.428974 -0.0125271
v 0.0676179 0.428966 -0.0080425
v 0.0800159 0.399869 -0.0258508
v 0.080294 0.404528 -0.0304146
v 0.0792561 0.408864 -0.0209218
v 0.0757818 0.417381 -0.0162841
v 0.0742668 0.421715 -0.0162828
v 0.0712391 0.425494 -0.0120488
v 0.0650555 0.43216 -0.0131898
v 0.0644849 0.432134 -0.00884787
v 0.0800924 0.404434 -0.025707
v 0.0772935 0.413034 -0.0162652
v 0.0735023 0.421482 -0.0116967
v 0.0701612 0.425146 -0.00757205
v 0.07938 0.399687 -0.021265
v 0.0786883 0.399404 -0.0168002
v 0.079346 0.404302 -0.0210604
v 0.0774132 0.40818 -0.0117306
v 0.0762782 0.412664 -0.011657
v 0.0749313 0.417085 -0.0116617
v 0.072161 0.421026 -0.0072349
v 0.0687104 0.424689 -0.00316535
v 0.063176 0.431778 -0.00496423
v 0.0611891 0.431558 -0.000982841
v 0.0592021 0.431338 0.00299855
v 0.0786248 0.404008 -0.0165829
v 0.0776301 0.403618 -0.0119878
v 0.0784501 0.408573 -0.0163178
v 0.0736683 0.416653 -0.00714614
v 0.0720663 0.416141 -0.00273524
v 0.070568 0.420501 -0.00287632
v 0.0667176 0.424309 0.000976464
v 0.0664399 0.428707 -0.00363699
v 0.064597 0.423856 0.00502094
v 0.064207 0.428199 0.00021347
v 0.0619843 0.427698 0.00405867
v 0.0571488 0.431039 0.00694161
v 0.0777423 0.39903 -0.0123045
v 0.0792879 0.394931 -0.0169331
v 0.0799281 0.395302 -0.0259131
v 0.0797062 0.395148 -0.0214216
v 0.07484 0.412186 -0.00719431
v 0.0732431 0.411681 -0.00276031
v 0.0700102 0.415608 0.00141405
v 0.0684434 0.419999 0.00121587
v 0.0597592 0.427196 0.00790297
v 0.057067 0.4266 0.0115707
v 0.0543749 0.426004 0.0152385
v 0.0548026 0.430513 0.0107401
v 0.0764441 0.39854 -0.00793032
v 0.0762264 0.403116 -0.00760522
v 0.0787195 0.394701 -0.0124149
v 0.075813 0.407679 -0.00731918
v 0.0740437 0.407144 -0.00296563
v 0.0676093 0.415073 0.00541782
v 0.066183 0.419499 0.00524846
v 0.0637342 0.418948 0.00920797
v 0.0609479 0.418279 0.0128152
v 0.0620032 0.423268 0.00872046
v 0.059217 0.4226 0.0123277
v 0.0564307 0.421931 0.0159349
v 0.0747601 0.398032 -0.00367934
v 0.0746246 0.402597 -0.003249
v 0.0856622 0.388175 -0.0213773
v 0.0822502 0.391459 -0.0168397
v 0.081888 0.391348 -0.0121792
v 0.0781668 0.394487 -0.00789708
v 0.0712523 0.411154 0.00147324
v 0.0689997 0.41063 0.00556679
v 0.0652068 0.414533 0.00942343
v 0.0578633 0.417555 0.0162555
v 0.0547568 0.416826 0.0196836
v 0.0731349 0.397576 0.000578457
v 0.0724779 0.402032 0.000796458
v 0.0825337 0.391596 -0.0214049
v 0.0853636 0.388091 -0.0166611
v 0.0812653 0.391118 -0.00758262
v 0.070199 0.401471 0.0048264
v 0.0718831 0.406613 0.0011707
v 0.0696014 0.406053 0.00520117
v 0.0663559 0.41002 0.0094074
v 0.0635969 0.409389 0.013176
v 0.0513352 0.416017 0.022783
v 0.0532625 0.421186 0.0192875
v 0.0623452 0.413874 0.0130832
v 0.0592476 0.413153 0.016525
v 0.0561501 0.412432 0.0199668
v 0.0793038 0.390643 0.00173933
v 0.0773104 0.394258 -0.00329319
v 0.0760784 0.394046 0.00111044
v 0.0825064 0.391646 -0.0259004
v 0.0804229 0.390861 -0.00289014
v 0.0849768 0.387956 -0.0119432
v 0.0842089 0.387655 -0.00725565
v 0.0671091 0.405463 0.00912627
v 0.0477067 0.415098 0.0255782
v 0.043946 0.413811 0.0277176
v 0.0604586 0.408639 0.0165345
v 0.0571425 0.407814 0.0196535
v 0.0538264 0.406989 0.0227725
v 0.0714886 0.397221 0.00488113
v 0.0745831 0.393809 0.00557541
v 0.0728524 0.393551 0.0100952
v 0.0822122 0.39161 -0.0304334
v 0.0878678 0.384243 -0.0213588
v 0.081699 0.386694 0.00187697
v 0.0677848 0.400891 0.00878821
v 0.039572 0.411903 0.0297129
v 0.049226 0.410337 0.0253194
v 0.0454655 0.40905 0.027457
v 0.0417051 0.407763 0.0295946
v 0.0580895 0.403242 0.019414
v 0.0547102 0.402349 0.0223597
v 0.0502676 0.405831 0.0251753
v 0.0697896 0.396948 0.00916183
v 0.0678497 0.396665 0.0132701
v 0.0852451 0.388146 -0.0305969
v 0.0854898 0.388171 -0.0259205
v 0.0873957 0.38403 -0.0166597
v 0.0868319 0.383764 -0.0119725
v 0.0832634 0.387281 -0.00261586
v 0.0648943 0.400151 0.0123528
v 0.0643096 0.404795 0.0128296
v 0.0376863 0.406222 0.0315907
v 0.0349936 0.409791 0.0316185
v 0.0466306 0.40458 0.0273751
v 0.0529575 0.411637 0.0232207
v 0.0612746 0.404029 0.0162127
v 0.0709327 0.393198 0.0143058
v 0.0817892 0.391524 -0.035016
v 0.087974 0.38437 -0.0260647
v 0.084859 0.388095 -0.0351846
v 0.0811618 0.391411 -0.0394706
v 0.0877276 0.384382 -0.0307408
v 0.084029 0.387833 -0.0397158
v 0.0874516 0.38438 -0.0354044
v 0.0868143 0.384201 -0.0400096
v 0.0803053 0.391139 -0.0439799
v 0.0847157 0.38356 -0.0491055
v 0.0858026 0.383847 -0.0445628
v 0.081968 0.387205 -0.0488142
v 0.0830549 0.387492 -0.0442715
v 0.0793151 0.386466 -0.0576379
v 0.0807787 0.386883 -0.0533011
v 0.0790897 0.390805 -0.0484515
v 0.0834972 0.38318 -0.0536109
v 0.0777487 0.390426 -0.0527545
v 0.079871 0.382013 -0.0621939
v 0.0817918 0.382633 -0.0579568
v 0.0755202 0.385275 -0.0659232
v 0.0778176 0.386049 -0.0618753
v 0.0727355 0.388987 -0.0652271
v 0.0764094 0.390051 -0.0570296
v 0.0735142 0.384802 -0.0700932
v 0.0748319 0.389624 -0.0611838
v 0.0706784 0.388501 -0.0693473
v 0.0677575 0.392278 -0.0684578
v -0.217857 -0.262412 -0.115914
v -0.207549 -0.244243 -0.107106
v -0.212714 -0.253328 -0.111503
v -0.197037 -0.226257 -0.098059
v -0.187934 -0.228448 -0.104285
v -0.182375 -0.219989 -0.0992134
v -0.173815 -0.221142 -0.106578
v -0.168269 -0.212656 -0.101563
v -0.202316 -0.23524 -0.102589
v -0.191725 -0.217216 -0.093542
v -0.193333 -0.237114 -0.109143
v -0.203899 -0.254819 -0.118464
v -0.232927 -0.310782 -0.143625
v -0.176736 -0.21157 -0.0941288
v -0.19862 -0.245951 -0.113819
v -0.209077 -0.263795 -0.122983
v -0.214119 -0.27291 -0.127384
v -0.222995 -0.271485 -0.12034
v -0.227814 -0.280831 -0.124567
v -0.232667 -0.290136 -0.12885
v -0.223807 -0.29154 -0.135855
v -0.219055 -0.282134 -0.131713
v -0.237454 -0.299512 -0.133045
v -0.228432 -0.301087 -0.139826
v -0.219406 -0.302667 -0.146602
v -0.214794 -0.293138 -0.142601
v -0.210028 -0.283756 -0.138446
v -0.232592 -0.332294 -0.157263
v -0.228229 -0.322367 -0.153777
v -0.223866 -0.312441 -0.150291
v -0.241829 -0.330328 -0.151026
v -0.246182 -0.340238 -0.1545
v -0.255105 -0.338509 -0.14771
v -0.25947 -0.348485 -0.150913
v -0.258856 -0.370498 -0.163196
v -0.254666 -0.360378 -0.160395
v -0.250475 -0.350258 -0.157594
v -0.25372 -0.382821 -0.172117
v -0.2496 -0.372609 -0.169445
v -0.245479 -0.362398 -0.166774
v -0.231649 -0.354695 -0.169342
v -0.227407 -0.344578 -0.166287
v -0.237418 -0.320483 -0.147419
v -0.252173 -0.40617 -0.182184
v -0.24812 -0.395807 -0.179813
v -0.260161 -0.426904 -0.186622
v -0.25617 -0.416537 -0.184411
v -0.214355 -0.314686 -0.156109
v -0.269445 -0.424535 -0.180722
v -0.274785 -0.41176 -0.172741
v -0.265612 -0.414018 -0.178765
v -0.261661 -0.403602 -0.176589
v -0.25771 -0.393187 -0.174413
v -0.270927 -0.401307 -0.170626
v -0.267015 -0.390911 -0.168394
v -0.218747 -0.32458 -0.15964
v -0.236955 -0.342231 -0.160716
v -0.244059 -0.385449 -0.177426
v -0.217397 -0.347538 -0.170711
v -0.213101 -0.337473 -0.167542
v -0.223106 -0.334528 -0.163066
v -0.2088 -0.327418 -0.164353
v -0.239933 -0.375173 -0.174803
v -0.235791 -0.364933 -0.172073
v -0.27168 -0.379049 -0.158742
v -0.267641 -0.368843 -0.156183
v -0.263603 -0.358638 -0.153623
v -0.263027 -0.38063 -0.165965
v -0.275751 -0.389249 -0.161354
v -0.260217 -0.3267 -0.138388
v -0.251455 -0.307182 -0.131152
v -0.247 -0.297367 -0.127517
v -0.241952 -0.309211 -0.136861
v -0.250729 -0.328657 -0.144215
v -0.246359 -0.31893 -0.140566
v -0.242423 -0.287607 -0.12377
v -0.255862 -0.316905 -0.134854
v -0.241315 -0.352228 -0.164001
v -0.0421509 -0.128003 0.0524999
v -0.0405008 -0.130068 0.0447671
v -0.0339941 -0.128447 0.0543395
v -0.0323567 -0.130285 0.0465551
v -0.0258435 -0.128763 0.0561625
v -0.0242113 -0.130403 0.048296
v -0.0225932 -0.131618 0.0401634
v -0.0307848 -0.131703 0.0384422
v 0.00401018 -0.132421 0.037336
v -0.00431637 -0.132708 0.0355893
v -0.0126429 -0.132996 0.0338425
v -0.0209695 -0.133283 0.0320958
v -0.0143592 -0.131699 0.0419289
v -0.00601215 -0.13145 0.0436853
v -0.016025 -0.130431 0.0500296
v 0.00216171 -0.131157 0.0455222
v -0.0078901 -0.130131 0.0518846
v 0.018249 -0.129909 0.0494585
v 0.0102344 -0.130655 0.0474498
v 0.0163362 -0.128433 0.057645
v 0.00831976 -0.129194 0.05564
v 0.0243489 -0.127658 0.0596487
v 0.0143755 -0.125155 0.0654294
v 0.00646528 -0.126197 0.0634037
v 0.0222736 -0.124063 0.0674339
v -0.00333913 -0.12346 0.068867
v 0.00446884 -0.121902 0.0706364
v 0.053398 -0.117061 0.0746572
v 0.045643 -0.119015 0.0729392
v 0.0379041 -0.120964 0.0712214
v 0.0636345 -0.119996 0.0704152
v 0.055826 -0.121613 0.0683339
v 0.0479655 -0.123189 0.0661148
v 0.0401049 -0.124764 0.0638957
v 0.0322444 -0.12634 0.0616767
v 0.0865707 -0.113371 0.0767293
v 0.0939619 -0.110677 0.0788941
v 0.101202 -0.107245 0.0811757
v 0.111469 -0.108464 0.0778687
v 0.11865 -0.104825 0.0804554
v 0.125482 -0.100822 0.0826255
v 0.142519 -0.0963227 0.081085
v 0.15234 -0.0940112 0.0764707
v 0.158659 -0.0889194 0.0787591
v 0.167878 -0.0845889 0.0739721
v 0.161896 -0.0900852 0.0716617
v 0.155485 -0.0949162 0.069154
v 0.148749 -0.0992914 0.0665757
v 0.141838 -0.103335 0.0638902
v 0.134912 -0.107215 0.061119
v 0.131681 -0.106497 0.0686631
v 0.127775 -0.11043 0.058257
v 0.120489 -0.113353 0.0553811
v 0.113132 -0.116198 0.0525358
v 0.102459 -0.118383 0.0573606
v 0.105675 -0.118715 0.0496691
v 0.0981442 -0.120999 0.0468117
v 0.0903872 -0.123017 0.04413
v 0.0587316 -0.129479 0.0339132
v 0.0668201 -0.128065 0.0363597
v 0.0637481 -0.127408 0.0445254
v 0.0557536 -0.128754 0.0421531
v 0.0748108 -0.126593 0.0387655
v 0.079453 -0.124101 0.0493861
v 0.0717168 -0.126007 0.0469083
v 0.0948151 -0.120403 0.054604
v 0.0871796 -0.122205 0.0518866
v 0.0994746 -0.116744 0.0650459
v 0.0968186 -0.114515 0.072519
v 0.0893665 -0.117137 0.0698079
v 0.0816682 -0.119275 0.0673401
v 0.0842367 -0.121262 0.0599126
v 0.0764764 -0.123307 0.0575482
v 0.0687178 -0.125185 0.0550521
v 0.0608246 -0.126494 0.0527202
v 0.0529202 -0.127765 0.0504061
v 0.0450236 -0.129064 0.0480825
v 0.0312751 -0.131593 0.0355214
v 0.0230661 -0.132362 0.0333789
v 0.0370284 -0.130037 0.0457707
v 0.0394838 -0.130823 0.0376638
v 0.0419108 -0.131016 0.0295269
v 0.0476904 -0.130017 0.0398047
v 0.0287861 -0.13076 0.0436167
v 0.020496 -0.131418 0.0414462
v 0.0122142 -0.132026 0.0392737
v 0.0345809 -0.128669 0.0538331
v 0.0425288 -0.12747 0.0561283
v 0.0919715 -0.119178 0.0623216
v 0.106953 -0.11424 0.0678124
v 0.117297 -0.112816 0.0630616
v 0.109859 -0.115597 0.0602134
v 0.0502625 -0.130389 0.0316355
v 0.0937691 -0.123257 0.0362256
v 0.0859285 -0.124884 0.0335055
v 0.0780879 -0.126512 0.0307854
v 0.0702472 -0.12812 0.0280585
v 0.0815305 -0.126042 0.0226408
v 0.0737026 -0.127287 0.0197665
v 0.0847784 -0.124984 0.0146702
v 0.0879154 -0.123977 0.00694607
v 0.0925734 -0.123735 0.0176605
v 0.0957004 -0.122573 0.00992487
v 0.107981 -0.119966 0.023443
v 0.100323 -0.121954 0.0205638
v 0.119007 -0.116679 0.0185831
v 0.115683 -0.117805 0.0263419
v 0.133726 -0.110907 0.0245425
v 0.12649 -0.113963 0.0215135
v 0.154686 -0.100377 0.0335295
v 0.147854 -0.104171 0.0305125
v 0.151569 -0.101866 0.0410532
v 0.144712 -0.105613 0.0381164
v 0.148269 -0.102926 0.0486085
v 0.141259 -0.106346 0.0457185
v 0.134247 -0.10973 0.0428392
v 0.119748 -0.115878 0.0369963
v 0.112284 -0.118483 0.0341093
v 0.108841 -0.118605 0.0419332
v 0.101353 -0.121053 0.0390841
v 0.116338 -0.116167 0.0447806
v 0.127167 -0.113084 0.0399435
v 0.137961 -0.106913 0.0534132
v 0.130891 -0.110291 0.0505214
v 0.161459 -0.0944693 0.0542487
v 0.155014 -0.098972 0.0514864
v 0.158256 -0.0977886 0.0439533
v 0.1645 -0.093126 0.0468265
v 0.167352 -0.0913786 0.0393233
v 0.161225 -0.0961346 0.0364311
v 0.17048 -0.0881844 0.049563
v 0.167611 -0.0897119 0.0569842
v 0.173378 -0.0843802 0.0592549
v 0.140946 -0.107822 0.0275612
v 0.137697 -0.109073 0.0352036
v 0.130478 -0.112175 0.0322365
v 0.123081 -0.114991 0.0292893
v 0.10344 -0.12094 0.0128476
v -0.029296 -0.13357 0.030349
v 0.104754 -0.120758 0.0312592
v 0.0970519 -0.122701 0.0283758
v 0.08935 -0.124645 0.0254924
v 0.0825836 -0.124897 0.041445
v 0.123803 -0.113629 0.0476307
v 0.124527 -0.10973 0.0658647
v 0.121616 -0.107914 0.0733976
v 0.128764 -0.104416 0.0760912
v 0.151922 -0.0996677 0.0590738
v 0.145025 -0.103517 0.0563006
v 0.138611 -0.102459 0.0712967
v 0.164798 -0.0902624 0.0643459
v 0.158504 -0.0953164 0.0618072
v 0.170754 -0.0847357 0.0666426
v -0.0389941 -0.131245 0.0367783
v 0.14559 -0.0984295 0.0739374
v 0.148866 -0.0910435 0.0829658
v 0.135744 -0.100666 0.0786514
v 0.114316 -0.111167 0.0705985
v 0.104212 -0.111768 0.0752506
v 0.0688804 -0.112817 0.0773273
v 0.0611431 -0.11497 0.0760534
v 0.0355334 -0.113862 0.0753344
v 0.027782 -0.11595 0.0742727
v 0.0200306 -0.118037 0.073211
v 0.0122791 -0.120125 0.0721493
v 0.0738666 -0.121049 0.0650679
v 0.0660519 -0.122721 0.0628538
v 0.0582372 -0.124393 0.0606396
v 0.0504225 -0.126065 0.0584255
v 0.0713512 -0.118019 0.0724534
v 0.0790551 -0.115921 0.0745299
v -0.00150076 -0.127136 0.0614649
v -0.00961467 -0.127804 0.0597563
v -0.0112474 -0.124521 0.0668599
v -0.0193613 -0.125188 0.0651514
v 0.0301062 -0.122656 0.0692952
v -0.0177167 -0.128417 0.05799
v 0.0263798 -0.129261 0.051621
v 0.0002467 -0.129785 0.0537283
v -0.0275028 -0.125505 0.0634878
v -0.0356516 -0.12573 0.0618361
v -0.194438 -0.0565485 0.0700045
v -0.192079 -0.0501559 0.0857536
v -0.185836 -0.0699094 0.066281
v -0.180019 -0.061556 0.0887199
v -0.176353 -0.0681695 0.0873361
v -0.172041 -0.0742947 0.0858805
v -0.161747 -0.0848081 0.0824728
v -0.15627 -0.0895013 0.0807217
v -0.167221 -0.0799834 0.0842343
v -0.175619 -0.0755265 0.0790419
v -0.18038 -0.0697703 0.0808015
v -0.170592 -0.0813516 0.077337
v -0.173254 -0.0818148 0.0699696
v -0.178443 -0.0761189 0.071805
v -0.180931 -0.0758906 0.0644185
v -0.175694 -0.0816169 0.0625574
v -0.170178 -0.0871693 0.0605867
v -0.177667 -0.0810675 0.0549685
v -0.172152 -0.0866199 0.0529978
v -0.183177 -0.0754927 0.0569507
v -0.188044 -0.0692476 0.0589201
v -0.190175 -0.0633238 0.0681462
v -0.195227 -0.0500729 0.0786592
v -0.191861 -0.0572041 0.0772195
v -0.184941 -0.074478 0.0495322
v -0.181075 -0.0790007 0.039968
v -0.17711 -0.0834278 0.0304229
v -0.16984 -0.0901021 0.0358762
v -0.168181 -0.0911005 0.0434337
v -0.161814 -0.0956593 0.0414609
v -0.163387 -0.0946985 0.0339145
v -0.15671 -0.0989649 0.0320032
v -0.150033 -0.103231 0.0300919
v -0.158367 -0.0980888 0.0243983
v -0.164997 -0.0936827 0.0263299
v -0.159815 -0.0968453 0.0168378
v -0.160954 -0.0951501 0.00932417
v -0.166339 -0.0922598 0.0187977
v -0.154361 -0.0996488 0.00738296
v -0.155484 -0.097748 -7.80805e-05
v -0.148708 -0.101771 -0.00198448
v -0.149827 -0.0997714 -0.00944095
v -0.147457 -0.103552 0.00551264
v -0.140303 -0.107059 0.00369945
v -0.141782 -0.10566 -0.00386894
v -0.138872 -0.108333 0.0113055
v -0.133152 -0.110555 0.00188942
v -0.146041 -0.104856 0.0131013
v -0.142991 -0.106891 0.0282947
v -0.144608 -0.10606 0.0206751
v -0.132478 -0.110935 0.0418127
v -0.141339 -0.107435 0.0359194
v -0.13418 -0.110792 0.0341811
v -0.139558 -0.107476 0.0435489
v -0.14843 -0.104042 0.0376644
v -0.137795 -0.107613 0.051105
v -0.130697 -0.11093 0.0494127
v -0.146633 -0.104118 0.045286
v -0.144799 -0.104266 0.0528648
v -0.153445 -0.100405 0.0471281
v -0.149356 -0.100297 0.0623707
v -0.151474 -0.100408 0.0547548
v -0.157961 -0.0963572 0.0566892
v -0.155789 -0.0962149 0.0643003
v -0.153364 -0.0956848 0.0717981
v -0.144302 -0.0978743 0.0770038
v -0.138103 -0.101445 0.0753581
v -0.135318 -0.0986886 0.0821154
v -0.141364 -0.0949543 0.0836506
v -0.129115 -0.102056 0.0806807
v -0.122803 -0.105046 0.079347
v -0.116038 -0.107424 0.0780456
v -0.183454 -0.0702201 0.073665
v -0.0812159 -0.117035 0.0725984
v -0.074004 -0.118246 0.0718887
v -0.066792 -0.119456 0.0711789
v -0.0884301 -0.115797 0.0732836
v -0.0753248 -0.121208 0.0645137
v -0.0678853 -0.122494 0.0638954
v -0.0602675 -0.123392 0.0637159
v -0.187893 -0.0638779 0.075539
v -0.18464 -0.0635477 0.0826599
v -0.188659 -0.0571316 0.0843788
v -0.0524075 -0.124188 0.0637688
v -0.0526663 -0.126719 0.0563185
v -0.0605735 -0.125901 0.0563261
v -0.0684895 -0.125001 0.0563554
v -0.07669 -0.125063 0.0489019
v -0.0909945 -0.120715 0.0579255
v -0.083514 -0.122157 0.0573877
v -0.0760335 -0.123599 0.05685
v -0.0844434 -0.12379 0.0492545
v -0.0920506 -0.122106 0.0500039
v -0.0985481 -0.11878 0.0591012
v -0.099712 -0.11998 0.0513358
v -0.105787 -0.116728 0.0604393
v -0.104286 -0.114888 0.0680179
v -0.0956433 -0.114407 0.0739718
v -0.0970992 -0.116973 0.0666704
v -0.118209 -0.110066 0.0708376
v -0.111307 -0.112543 0.0694044
v -0.125002 -0.107594 0.0721959
v -0.127013 -0.109102 0.0647188
v -0.120073 -0.111778 0.0632712
v -0.135981 -0.107284 0.0586614
v -0.113067 -0.11452 0.0617885
v -0.114576 -0.115515 0.0541757
v -0.107117 -0.117947 0.0527529
v -0.100914 -0.120979 0.0435787
v -0.123358 -0.113702 0.0478772
v -0.115876 -0.116128 0.0464444
v -0.108394 -0.118554 0.0450117
v -0.117518 -0.116542 0.0386397
v -0.109994 -0.11888 0.0371754
v -0.11152 -0.119055 0.0292844
v -0.126706 -0.113687 0.0325449
v -0.11911 -0.116385 0.0309083
v -0.125048 -0.113909 0.0401682
v -0.120845 -0.116041 0.0232028
v -0.128407 -0.1133 0.0248511
v -0.130006 -0.112536 0.017207
v -0.122538 -0.115442 0.0155217
v -0.124076 -0.114325 0.00786931
v -0.116489 -0.116857 0.00621964
v -0.108902 -0.11939 0.00456998
v -0.125645 -0.113184 0.000192419
v -0.118115 -0.115702 -0.00149964
v -0.110584 -0.11822 -0.00319169
v -0.11974 -0.114379 -0.00919072
v -0.112212 -0.116715 -0.0109357
v -0.104736 -0.119034 -0.0127395
v -0.106455 -0.117672 -0.0205401
v -0.113862 -0.115251 -0.0186827
v -0.128533 -0.109678 -0.0150248
v -0.121244 -0.112717 -0.0168282
v -0.135828 -0.106703 -0.0132152
v -0.12254 -0.110542 -0.0243675
v -0.115211 -0.113331 -0.026196
v -0.10781 -0.115654 -0.0280638
v -0.150497 -0.0937896 0.0788503
v -0.103011 -0.120331 -0.00491963
v -0.0952711 -0.122022 -0.00652107
v -0.0920884 -0.126244 0.00942371
v -0.101275 -0.121706 0.00299581
v -0.0936341 -0.123936 0.00144594
v -0.0996684 -0.123487 0.0109319
v -0.107236 -0.120577 0.0124251
v -0.114945 -0.117994 0.013883
v -0.113255 -0.11876 0.0215947
v -0.10564 -0.121581 0.0201229
v -0.0980247 -0.124403 0.0186511
v -0.0945737 -0.123047 0.0344613
v -0.0866827 -0.124994 0.0332052
v -0.103779 -0.121137 0.0279417
v -0.0958878 -0.123084 0.0266856
v -0.0852879 -0.124872 0.0411629
v -0.0785069 -0.126642 0.0325919
v -0.0799956 -0.126549 0.024344
v -0.0821106 -0.127831 0.0162289
v -0.0718133 -0.127843 0.0236913
v -0.0702725 -0.128068 0.0321311
v -0.088063 -0.125129 0.0253943
v -0.0902583 -0.126609 0.0173205
v -0.0932451 -0.123052 0.0422385
v -0.102442 -0.121165 0.0357196
v -0.0687416 -0.126204 0.0486722
v -0.0608815 -0.1273 0.048302
v -0.0772346 -0.126117 0.0407531
v -0.0693745 -0.127213 0.0403828
v -0.0615144 -0.12831 0.0400126
v -0.0530297 -0.128362 0.0481332
v -0.0621226 -0.129302 0.0317643
v -0.053548 -0.12927 0.0400472
v -0.167828 -0.0871058 0.0681105
v -0.165045 -0.0864329 0.075518
v -0.08991 -0.118592 0.065755
v -0.0826828 -0.120084 0.0651787
v -0.109271 -0.109799 0.0767321
v -0.102497 -0.112164 0.0753652
v -0.131595 -0.104727 0.0736772
v -0.140534 -0.103114 0.0680265
v -0.142821 -0.103985 0.0604875
v -0.147139 -0.0997285 0.0699415
v -0.161838 -0.0917017 0.0661816
v -0.16422 -0.091968 0.0586493
v -0.159457 -0.0914436 0.0737153
v -0.133929 -0.106216 0.0662932
v -0.128974 -0.110018 0.0571536
v -0.121883 -0.112826 0.0555687
v -0.135828 -0.110279 0.0265509
v -0.137415 -0.109491 0.0189109
v -0.1316 -0.111605 0.00954496
v -0.134515 -0.10876 -0.00567296
v -0.127219 -0.111756 -0.00747462
v -0.142976 -0.103548 -0.0113615
v -0.151543 -0.102151 0.0225084
v -0.153051 -0.101069 0.014925
v -0.15524 -0.0999713 0.0395254
v -0.166294 -0.0916534 0.0510481
v -0.16003 -0.0963259 0.0490528
v -0.171322 -0.0888649 0.0283558
v -0.17216 -0.0868567 0.0208895
v -0.167394 -0.0904605 0.0112996
v -0.17948 -0.0801565 0.0474885
v -0.173967 -0.0857767 0.0454638
v -0.175595 -0.0846568 0.0379332
v -0.103889 0.111517 0.194976
v -0.158249 0.0928273 0.14955
v -0.14383 0.094632 0.160269
v -0.151066 0.0937846 0.154906
v -0.14774 0.0912905 0.167709
v -0.155152 0.0902059 0.162161
v -0.160695 0.0916377 0.169091
v -0.145701 0.095351 0.180233
v -0.153196 0.0935122 0.174649
v -0.138244 0.0978356 0.185361
v -0.136511 0.0964922 0.165681
v -0.129564 0.0994756 0.170594
v -0.109105 0.113616 0.201955
v -0.123487 0.104998 0.194173
v -0.130855 0.101305 0.189843
v -0.116115 0.108674 0.198515
v -0.167802 0.091774 0.162619
v -0.165582 0.0988346 0.171876
v -0.172043 0.0967702 0.164558
v -0.182363 0.103004 0.157869
v -0.1784 0.0948363 0.156984
v -0.188471 0.10217 0.148876
v -0.186953 0.121447 0.157471
v -0.185034 0.111981 0.15794
v -0.177677 0.133474 0.171089
v -0.183225 0.132141 0.164245
v -0.181332 0.122702 0.164611
v -0.183589 0.14261 0.163467
v -0.188647 0.141606 0.156491
v -0.188316 0.131115 0.157279
v -0.193704 0.140603 0.149516
v -0.193238 0.130833 0.149921
v -0.198718 0.139836 0.142415
v -0.198138 0.130662 0.142505
v -0.203196 0.130643 0.13504
v -0.208152 0.121914 0.127519
v -0.203829 0.139769 0.134938
v -0.208709 0.130935 0.127441
v -0.17353 0.144373 0.177498
v -0.168127 0.146341 0.183526
v -0.153557 0.143719 0.196634
v -0.146953 0.146826 0.202057
v -0.136127 0.142064 0.20684
v -0.143418 0.138488 0.202383
v -0.150452 0.135226 0.197094
v -0.157048 0.132215 0.191211
v -0.163452 0.129273 0.18521
v -0.16989 0.126501 0.178948
v -0.17342 0.115605 0.172549
v -0.176406 0.104709 0.165765
v -0.166953 0.118068 0.179314
v -0.153481 0.123844 0.191359
v -0.160323 0.120748 0.185698
v -0.156358 0.112489 0.185288
v -0.149499 0.115559 0.191181
v -0.146582 0.126959 0.197057
v -0.14227 0.118928 0.196311
v -0.139333 0.130407 0.20189
v -0.131995 0.133927 0.206432
v -0.155689 0.152411 0.194996
v -0.160101 0.140714 0.190871
v -0.166231 0.137762 0.184754
v -0.162075 0.14941 0.18928
v -0.12249 0.102987 0.175077
v -0.208669 0.13933 0.127613
v -0.21364 0.131014 0.120205
v -0.213604 0.12219 0.11996
v -0.218564 0.123212 0.112617
v -0.21877 0.114365 0.111972
v -0.218955 0.105493 0.110603
v -0.219054 0.0965855 0.109076
v -0.218983 0.0875999 0.107351
v -0.218911 0.0786143 0.105627
v -0.218833 0.0696207 0.103895
v -0.218591 0.0605711 0.101968
v -0.218324 0.0515086 0.099936
v -0.11095 0.106796 0.191304
v -0.125375 0.0986638 0.183047
v -0.118029 0.102312 0.187387
v -0.2106 -0.0111111 0.0832984
v -0.206775 -0.0124777 0.0914847
v -0.204619 -0.0211709 0.0890085
v -0.208313 -0.00369515 0.0938836
v -0.204842 0.0220012 0.107066
v -0.204193 0.0131369 0.105079
v -0.203242 0.00432856 0.102862
v -0.201922 -0.00443176 0.100417
v -0.200601 -0.0131921 0.0979717
v -0.197362 0.0394361 0.114215
v -0.198048 0.0482875 0.116982
v -0.191519 0.0837855 0.130576
v -0.198639 0.0572325 0.11985
v -0.19914 0.0663168 0.122428
v -0.192146 0.0927054 0.133417
v -0.201291 0.111522 0.133271
v -0.200921 0.102432 0.131358
v -0.20055 0.0933413 0.129445
v -0.200137 0.0842993 0.127285
v -0.206835 0.057968 0.115791
v -0.20751 0.0853088 0.121472
v -0.207351 0.0761723 0.119663
v -0.207192 0.0670359 0.117854
v -0.195901 0.111297 0.141592
v -0.199689 0.0752858 0.124964
v -0.206378 0.048945 0.113584
v -0.205898 0.0399367 0.111368
v -0.205418 0.0309284 0.109153
v -0.212062 0.0229767 0.101193
v -0.210994 0.0140067 0.0987041
v -0.209679 0.00513339 0.0962799
v -0.201868 -0.0295955 0.0865838
v -0.20833 -0.0198124 0.0809057
v -0.205489 -0.0284991 0.0784633
v -0.213515 0.0591514 0.109532
v -0.213157 0.0501059 0.107446
v -0.212799 0.0410605 0.105361
v -0.21244 0.0320151 0.103275
v -0.207659 0.103517 0.124957
v -0.207638 0.0944335 0.123257
v -0.213767 0.0955175 0.11649
v -0.213747 0.0864337 0.11479
v -0.213727 0.0773498 0.11309
v -0.213706 0.068266 0.11139
v -0.207487 0.112439 0.126512
v -0.213279 0.11324 0.11949
v -0.213537 0.104391 0.118001
v -0.197276 0.121156 0.142024
v -0.202205 0.121018 0.134664
v -0.178579 0.143542 0.170487
v -0.172048 0.135084 0.178079
v -0.175705 0.124308 0.171599
v -0.179361 0.113531 0.165119
v -0.192235 0.121225 0.149601
v -0.190813 0.111284 0.14957
v -0.19402 0.101904 0.139797
v -0.163173 0.109481 0.179441
v -0.16982 0.107096 0.172529
v -0.151899 0.1045 0.184357
v -0.15889 0.101364 0.178541
v -0.162659 0.0893504 0.156486
v -0.14018 0.0929708 0.173207
v -0.132733 0.0952973 0.178692
v -0.15768 0.208757 0.206121
v -0.14956 0.219811 0.209235
v -0.157512 0.217185 0.202733
v -0.164441 0.216217 0.196282
v -0.157095 0.226017 0.199357
v -0.163743 0.225503 0.19292
v -0.170391 0.224989 0.186484
v -0.177039 0.224475 0.180047
v -0.165219 0.20677 0.199558
v -0.172138 0.20571 0.192828
v -0.171102 0.215678 0.189832
v -0.173237 0.195718 0.195785
v -0.179351 0.20454 0.185914
v -0.178084 0.214594 0.183063
v -0.181841 0.184547 0.191488
v -0.18895 0.184018 0.18368
v -0.180615 0.194496 0.188755
v -0.187724 0.193966 0.180947
v -0.186497 0.203914 0.178215
v -0.185271 0.213862 0.175482
v -0.194653 0.193509 0.173354
v -0.192741 0.203731 0.171442
v -0.190828 0.213953 0.16953
v -0.183393 0.224019 0.173563
v -0.196014 0.214411 0.163343
v -0.197934 0.204249 0.165204
v -0.203076 0.205548 0.158323
v -0.20116 0.215381 0.156737
v -0.206303 0.21668 0.149856
v -0.218406 0.177458 0.149266
v -0.203095 0.184616 0.1663
v -0.209139 0.185937 0.158011
v -0.215182 0.187259 0.149722
v -0.199872 0.194417 0.166756
v -0.205915 0.195738 0.158467
v -0.211959 0.197059 0.150178
v -0.208736 0.20686 0.150635
v -0.211556 0.217982 0.142803
v -0.22063 0.189079 0.141814
v -0.21766 0.198668 0.142109
v -0.21469 0.208256 0.142403
v -0.218826 0.211178 0.135333
v -0.215855 0.220766 0.135628
v -0.219991 0.223688 0.128557
v -0.221798 0.201629 0.135001
v -0.222978 0.214417 0.127968
v -0.224158 0.227206 0.120935
v -0.223675 0.179795 0.141177
v -0.224917 0.192694 0.133983
v -0.229428 0.196921 0.125385
v -0.22616 0.205592 0.126788
v -0.230671 0.209819 0.11819
v -0.227402 0.218491 0.119594
v -0.231913 0.222718 0.110996
v -0.228665 0.183754 0.132064
v -0.235249 0.214008 0.10952
v -0.233525 0.18855 0.12227
v -0.234388 0.201278 0.115896
v -0.239011 0.206133 0.106282
v -0.239157 0.218738 0.100712
v -0.134233 0.363636 0.118266
v -0.235437 0.226974 0.103147
v -0.228054 0.231304 0.112928
v -0.19851 0.173741 0.176526
v -0.205182 0.174974 0.167385
v -0.211855 0.176208 0.158243
v -0.196466 0.183377 0.175383
v -0.183254 0.174536 0.19401
v -0.191106 0.173756 0.185362
v -0.174551 0.176413 0.202208
v -0.132648 0.208649 0.22852
v -0.141522 0.205629 0.223314
v -0.141766 0.214068 0.219003
v -0.125677 0.220427 0.229683
v -0.133542 0.216968 0.224736
v -0.12522 0.228597 0.226419
v -0.133521 0.225196 0.221338
v -0.132873 0.233373 0.218254
v -0.132224 0.24155 0.215171
v -0.131576 0.249728 0.212087
v -0.130927 0.257905 0.209003
v -0.138803 0.246947 0.20729
v -0.138178 0.255109 0.204223
v -0.140891 0.230775 0.212393
v -0.139776 0.238848 0.209929
v -0.148594 0.236468 0.202911
v -0.147194 0.244914 0.200499
v -0.153443 0.245887 0.193954
v -0.159691 0.246861 0.187408
v -0.16594 0.247834 0.180863
v -0.144791 0.254626 0.198294
v -0.150932 0.255495 0.1919
v -0.157074 0.256364 0.185506
v -0.163215 0.257233 0.179112
v -0.147235 0.263947 0.191522
v -0.14109 0.263105 0.197857
v -0.136916 0.274405 0.192089
v -0.143152 0.274823 0.187178
v -0.149387 0.275241 0.182266
v -0.151237 0.285698 0.174316
v -0.149409 0.228265 0.205744
v -0.132141 0.279966 0.193931
v -0.138555 0.282431 0.186788
v -0.144968 0.284896 0.179646
v -0.147332 0.293479 0.174976
v -0.134403 0.289111 0.18853
v -0.141047 0.291371 0.181939
v -0.127685 0.286791 0.195037
v -0.169352 0.258323 0.172566
v -0.16547 0.267757 0.171366
v -0.155647 0.275878 0.177037
v -0.161588 0.277191 0.170166
v -0.157706 0.286624 0.168967
v -0.171138 0.269442 0.163816
v -0.167125 0.278799 0.162516
v -0.175195 0.260126 0.165157
v -0.180891 0.262235 0.15742
v -0.176962 0.271287 0.156149
v -0.17303 0.280317 0.154874
v -0.169099 0.289346 0.153598
v -0.174518 0.290527 0.145521
v -0.165198 0.298273 0.152313
v -0.170599 0.299399 0.144211
v -0.17577 0.30053 0.135963
v -0.166391 0.308115 0.14272
v -0.171529 0.309226 0.134459
v -0.176667 0.310337 0.126198
v -0.172264 0.318912 0.124637
v -0.162131 0.316912 0.141267
v -0.16723 0.317892 0.132963
v -0.156821 0.324998 0.13932
v -0.151218 0.33249 0.136847
v -0.156948 0.334159 0.129095
v -0.151694 0.342012 0.127032
v -0.156812 0.343027 0.118549
v -0.162065 0.335167 0.120632
v -0.16193 0.344039 0.110073
v -0.167068 0.336086 0.112314
v -0.171225 0.336596 0.104318
v -0.166468 0.344731 0.101823
v -0.156477 0.351748 0.107632
v -0.161607 0.352803 0.0993338
v -0.145842 0.35835 0.113446
v -0.15077 0.359155 0.105002
v -0.155699 0.359959 0.0965588
v -0.139395 0.364839 0.110283
v -0.144323 0.365644 0.10184
v -0.132948 0.371329 0.10712
v -0.137877 0.372133 0.0986768
v -0.149488 0.366917 0.0937484
v -0.141689 0.222564 0.215247
v -0.143523 0.374366 0.0912788
v -0.160423 0.360944 0.0882947
v -0.154425 0.368384 0.0858169
v -0.149727 0.211384 0.212625
v -0.174812 0.235896 0.175981
v -0.146242 0.349698 0.12444
v -0.140744 0.357341 0.121802
v -0.145798 0.340328 0.134365
v -0.15135 0.350703 0.115962
v -0.172208 0.328124 0.114522
v -0.176227 0.328574 0.106634
v -0.167288 0.327244 0.122804
v -0.162179 0.326281 0.131163
v -0.181732 0.311312 0.117778
v -0.177301 0.319988 0.116322
v -0.189414 0.302494 0.110191
v -0.204808 0.281577 0.0853711
v -0.197796 0.291257 0.0929144
v -0.199631 0.289611 0.0833781
v -0.191275 0.301128 0.10042
v -0.200611 0.284332 0.104054
v -0.203053 0.28313 0.0947408
v -0.196125 0.29287 0.102326
v -0.168468 0.235985 0.182558
v -0.198229 0.285422 0.113492
v -0.193789 0.293924 0.11182
v -0.206058 0.267512 0.11655
v -0.202187 0.276549 0.114939
v -0.213963 0.258628 0.109461
v -0.210268 0.267401 0.107757
v -0.20535 0.257718 0.126392
v -0.209881 0.258454 0.118085
v -0.201657 0.266834 0.125056
v -0.203642 0.24759 0.135677
v -0.194998 0.255594 0.142508
v -0.197857 0.246496 0.143478
v -0.208479 0.2485 0.127423
v -0.21256 0.249504 0.118734
v -0.200209 0.256666 0.134464
v -0.196501 0.265774 0.133122
v -0.186111 0.263431 0.149324
v -0.191307 0.264614 0.141217
v -0.182268 0.272445 0.148049
v -0.187484 0.273605 0.139951
v -0.1927 0.274765 0.131853
v -0.183629 0.282631 0.138671
v -0.197843 0.275846 0.123658
v -0.193854 0.284727 0.122199
v -0.189864 0.293607 0.120741
v -0.180841 0.301539 0.127672
v -0.185874 0.302488 0.119282
v -0.188808 0.283754 0.130533
v -0.179767 0.29165 0.137383
v -0.184828 0.292653 0.129116
v -0.178414 0.281473 0.146771
v -0.155856 0.23612 0.196164
v -0.17235 0.247951 0.173816
v -0.162124 0.236075 0.189134
v -0.163185 0.287996 0.161256
v -0.153369 0.265146 0.184902
v -0.159502 0.266446 0.178213
v -0.149379 0.194018 0.220602
v -0.157644 0.191069 0.213813
v -0.149499 0.202957 0.216811
v -0.157614 0.200025 0.210043
v -0.174168 0.185979 0.198935
v -0.165703 0.188297 0.206951
v -0.165628 0.197379 0.203107
v 0.2996035 -0.393133 -0.17533925
v 0.302304 -0.3941301875 -0.169750875
v 0.30075171875 -0.38721265625 -0.1662215
v 0.29791046875 -0.37883484375 -0.16345890625
v 0.29171834375 -0.3688260625 -0.16892609375
v 0.29431184375 -0.37728 -0.171642
v 0.29686746875 -0.38574721875 -0.1743480625
v 0.294793625 -0.370548125 -0.16070175
v 0.286622 -0.35378128125 -0.162569
v 0.28891346875 -0.360442625 -0.166191125
v 0.28792884375 -0.35442034375 -0.1555455
v 0.29159815625 -0.36231371875 -0.157904
v 0.28478675 -0.34781840625 -0.15172984375
v 0.284146 -0.35611928125 -0.14900803125
v 0.28168275 -0.350547375 -0.14722403125
v 0.286217640625 -0.35595465625 -0.151963046875
v 0.286654515625 -0.35029496875 -0.153818828125
v 0.28279575 -0.348166578125 -0.1491441875
v 0.282358875 -0.353826265625 -0.14728840625
v 0.293255984375 -0.36968709375 -0.164813921875
v 0.29036278125 -0.36461846875 -0.167560921875
v 0.2902558125 -0.361378171875 -0.1620475625
v 0.293201578125 -0.366426984375 -0.159307375
v 0.287429546875 -0.356468390625 -0.1647308125
v 0.287123640625 -0.35340565625 -0.15935634375
v 0.28998965625 -0.3583025 -0.15667384375
v 0.29611115625 -0.378057421875 -0.167550453125
v 0.29302621875 -0.37304940625 -0.170285609375
v 0.296373609375 -0.374682296875 -0.162081265625
v 0.29937221875 -0.38301075 -0.164845640625
v 0.29880959375 -0.3864799375 -0.17028478125
v 0.29559353125 -0.381511921875 -0.17299740625
v 0.301951171875 -0.391285484375 -0.1676524375
v 0.30126675 -0.39469271875 -0.1728778125
v 0.298150296875 -0.389878421875 -0.17552153125
v 0.284458173828 -0.351998466797 -0.150432404297
v 0.291782179687 -0.365522726562 -0.163434148437
v 0.288671111328 -0.357289199219 -0.160669761719
v 0.294699914062 -0.373865851563 -0.1661834375
v 0.297482875 -0.382261335938 -0.168921523437
v 0.300080078125 -0.390681433594 -0.171618179687
v 0.2851615 -0.3562683125 -0.1502998125
v 0.285329820312 -0.353966203125 -0.151177523438
v 0.2834004375 -0.352902007812 -0.148840203125
v 0.2831725 -0.3552215625 -0.1479790625
v 0.2875460625 -0.3524458125 -0.155096125
v 0.285548257812 -0.351136359375 -0.152105414062
v 0.2873130625 -0.3554643125 -0.154106375
v 0.283755 -0.3476753125 -0.1504534375
v 0.283618875 -0.350072164062 -0.14976809375
v 0.285744 -0.3487220625 -0.1527741875
v 0.281823 -0.3521845 -0.1470115625
v 0.282056 -0.349166 -0.1480013125
v 0.294024804687 -0.370117609375 -0.162757835937
v 0.29252396875 -0.3676028125 -0.16412521875
v 0.292491878906 -0.365974855469 -0.161370761719
v 0.29399875 -0.36848625 -0.16000625
v 0.2910491875 -0.366719375 -0.1682441875
v 0.291072480469 -0.365070597656 -0.165497535156
v 0.292487164063 -0.369256578125 -0.166870007812
v 0.289584640625 -0.360910398438 -0.16411934375
v 0.29102725 -0.36344759375 -0.162741375
v 0.2896529375 -0.3625255 -0.1668765
v 0.2924015625 -0.3643696875 -0.15860625
v 0.290926984375 -0.361845945313 -0.15997578125
v 0.2881381875 -0.358372 -0.165505
v 0.288043914063 -0.356862753906 -0.162694859375
v 0.2894645 -0.35931521875 -0.161353375
v 0.286728 -0.3533073125 -0.16100675
v 0.287893445312 -0.355330578125 -0.160007671875
v 0.28689 -0.3548865625 -0.16378125
v 0.2892048125 -0.3565445625 -0.156494625
v 0.28932396875 -0.357779808594 -0.158666375
v 0.2877245625 -0.3540173125 -0.157879625
v 0.2907908125 -0.3602584375 -0.15720175
v 0.2970108125 -0.378446132813 -0.165504679688
v 0.2954100625 -0.37596009375 -0.16686665625
v 0.295536761719 -0.374274074219 -0.164132351563
v 0.2971496875 -0.3767559375 -0.1627693125
v 0.2936704375 -0.37516425 -0.170964
v 0.293863066406 -0.373457628906 -0.168234523438
v 0.2952115 -0.377668710937 -0.169596226563
v 0.29398159375 -0.3717748125 -0.16549959375
v 0.2923764375 -0.370936375 -0.1696064375
v 0.29558675 -0.37261325 -0.16139275
v 0.2968023125 -0.38015771875 -0.16823603125
v 0.296538203125 -0.381886628906 -0.170959464844
v 0.2949531875 -0.37939575 -0.17232
v 0.2986514375 -0.3809196875 -0.1641520625
v 0.298427546875 -0.382636042969 -0.166883582031
v 0.29978065625 -0.386846296875 -0.168253140625
v 0.2981521875 -0.384368625 -0.1696050625
v 0.3000724375 -0.3851083125 -0.1655365
v 0.2962319375 -0.3836289375 -0.173673625
v 0.29783853125 -0.386113578125 -0.172316421875
v 0.3014096875 -0.3893240625 -0.1668975
v 0.301020515625 -0.391000039063 -0.169640507813
v 0.2994544375 -0.388595625 -0.1709588125
v 0.301925 -0.394699375 -0.17127025
v 0.300679875 -0.392703109375 -0.17225390625
v 0.302281 -0.392939875 -0.16857425
v 0.298844 -0.3916705 -0.175684
v 0.299120078125 -0.390296507813 -0.173575054688
v 0.300452 -0.3941555 -0.174319
v 0.2974991875 -0.3878671875 -0.175020125
v 0.28424625 -0.35461596875 -0.14951828125
v 0.28643303125 -0.35322809375 -0.1530768125
v 0.284654 -0.34933359375 -0.15125034375
v 0.2826935 -0.3510648125 -0.14836903125
v 0.293261359375 -0.36804453125 -0.162065734375
v 0.291786578125 -0.36716109375 -0.166184703125
v 0.29034009375 -0.362986546875 -0.1648089375
v 0.29171440625 -0.363908640625 -0.1606738125
v 0.28880134375 -0.358843609375 -0.1634291875
v 0.2873660625 -0.35504440625 -0.16187275
v 0.28852346875 -0.35587340625 -0.1582294375
v 0.29012765625 -0.359786828125 -0.1592775625
v 0.296279875 -0.376358015625 -0.164817984375
v 0.29454025 -0.375562171875 -0.168915328125
v 0.293179015625 -0.37135559375 -0.167553015625
v 0.294784171875 -0.37219403125 -0.163446171875
v 0.29587775 -0.379776734375 -0.170278015625
v 0.297726875 -0.380538703125 -0.166194046875
v 0.2991123125 -0.38473846875 -0.16757078125
v 0.2971920625 -0.38399878125 -0.17163934375
v 0.3004320625 -0.38895984375 -0.16892815625
v 0.3015 -0.3928878125 -0.170434875
v 0.2997815 -0.392253125 -0.17398975
v 0.2984768125 -0.38823140625 -0.17298946875
v -0.186617 0.313305 -0.0383338
v -0.185998 0.309917 -0.0594214
v -0.188275 0.305035 -0.0674183
v -0.18256 0.310655 -0.0726551
v -0.184687 0.305307 -0.0805455
v -0.190371 0.299694 -0.0752583
v -0.186709 0.29973 -0.0882209
v -0.18846 0.293933 -0.0957895
v -0.189846 0.2879 -0.103144
v -0.193627 0.28804 -0.0902303
v -0.183634 0.314686 -0.0514267
v -0.183872 0.293135 -0.108615
v -0.182391 0.299176 -0.101203
v -0.178663 0.310601 -0.0857656
v -0.180564 0.30492 -0.0935068
v -0.176575 0.316028 -0.077859
v -0.171521 0.325569 -0.0615579
v -0.174084 0.320862 -0.0697011
v -0.1689 0.330216 -0.053389
v -0.165934 0.334507 -0.0450982
v -0.159301 0.339371 -0.0501399
v -0.16238 0.335145 -0.0584896
v -0.145996 0.351884 -0.0384859
v -0.138375 0.358564 -0.0214868
v -0.142272 0.355337 -0.0299993
v -0.134332 0.361567 -0.0129204
v -0.130036 0.364155 -0.00434269
v -0.125548 0.366442 0.00426457
v -0.137041 0.359804 0.000668848
v -0.141305 0.357175 -0.0079029
v -0.145383 0.354264 -0.0164452
v -0.148109 0.3524 -0.00299134
v -0.152014 0.34926 -0.0114831
v -0.139485 0.35742 0.0141359
v -0.143891 0.355084 0.00553701
v -0.128052 0.364299 0.01788
v -0.135058 0.359646 0.0227382
v -0.130392 0.361267 0.0313294
v -0.123411 0.365989 0.0264788
v -0.127761 0.358943 0.0533281
v -0.13255 0.357713 0.0447501
v -0.137339 0.356484 0.0361721
v -0.125738 0.362732 0.0399378
v -0.120834 0.363731 0.0484766
v -0.115802 0.36427 0.0569375
v -0.108792 0.368998 0.0520585
v -0.101491 0.37323 0.0470782
v -0.106526 0.372539 0.0386694
v -0.111336 0.371376 0.0301215
v -0.11378 0.368299 0.0435944
v -0.116123 0.370116 0.0215588
v -0.103987 0.37534 0.0252011
v -0.183882 0.317683 -0.0301432
v -0.0962865 0.373424 0.0553458
v -0.0939566 0.376803 0.0420225
v -0.0991044 0.376445 0.033705
v -0.108805 0.374004 0.0166254
v -0.103653 0.369298 0.060449
v -0.117845 0.359714 0.0701478
v -0.110813 0.364681 0.0653602
v -0.122843 0.359444 0.0617583
v -0.129617 0.354075 0.0663935
v -0.134391 0.353453 0.0579045
v -0.139148 0.352322 0.0494317
v -0.158746 0.341368 0.028345
v -0.143883 0.351051 0.0408872
v -0.148206 0.34911 0.0322843
v -0.152518 0.346989 0.0236474
v -0.156723 0.344368 0.0151477
v -0.162833 0.338638 0.0198728
v -0.166747 0.335605 0.0114656
v -0.172559 0.329406 0.0161803
v -0.170497 0.32856 0.0371868
v -0.168688 0.3324 0.0245198
v -0.160642 0.337192 0.0413081
v -0.164683 0.335046 0.0327688
v -0.152005 0.340488 0.0582471
v -0.158063 0.33405 0.0624276
v -0.159189 0.328384 0.074766
v -0.153554 0.335225 0.070861
v -0.191364 0.303747 -0.0543312
v -0.149193 0.328775 0.0914439
v -0.154229 0.328668 0.0831031
v -0.148628 0.335588 0.0791964
v -0.155158 0.322329 0.0953742
v -0.159967 0.321925 0.0870186
v -0.165923 0.315551 0.0909797
v -0.169834 0.314221 0.0826579
v -0.173861 0.312901 0.0743763
v -0.178111 0.311297 0.0661641
v -0.17337 0.318649 0.0622499
v -0.168029 0.325695 0.0582069
v -0.172191 0.323899 0.0498609
v -0.181266 0.314284 0.0457232
v -0.185108 0.311543 0.0376232
v -0.176017 0.321628 0.0415282
v -0.186806 0.302225 0.0618997
v -0.186161 0.306905 0.0498186
v -0.18975 0.298941 0.0536842
v -0.189934 0.304123 0.0417096
v -0.19189 0.30024 0.0333672
v -0.194029 0.301538 0.0130501
v -0.191674 0.305196 0.0212799
v -0.187201 0.312732 0.0168859
v -0.189918 0.309279 0.00875822
v -0.192635 0.305827 0.000630552
v -0.195352 0.302374 -0.00749712
v -0.18829 0.312902 -0.00401198
v -0.191083 0.309175 -0.0122878
v -0.185352 0.316582 0.00427036
v -0.179739 0.322811 -0.000474028
v -0.183009 0.31911 -0.00877213
v -0.180999 0.321892 -0.0218926
v -0.186203 0.315436 -0.0170661
v -0.189092 0.311464 -0.0252872
v -0.19197 0.307096 -0.0333015
v -0.193832 0.304911 -0.0203832
v -0.196569 0.300501 -0.0284293
v -0.196697 0.297585 -0.0490988
v -0.19364 0.298935 -0.0622029
v -0.188846 0.308597 0.0294185
v -0.179771 0.318712 0.0333391
v -0.183486 0.315722 0.0251124
v -0.177437 0.316727 0.0539639
v -0.182747 0.304139 0.0700629
v -0.182276 0.309476 0.057932
v -0.178696 0.305614 0.0783581
v -0.164818 0.321537 0.0786735
v -0.169097 0.32022 0.0704855
v -0.163757 0.327314 0.0664735
v -0.147388 0.341688 0.0666741
v -0.149129 0.335851 0.0789324
v -0.14424 0.336037 0.0872279
v -0.139087 0.336022 0.0954403
v -0.18896 0.308511 -0.0463169
v -0.194498 0.302426 -0.0413133
v -0.180224 0.315534 -0.0645767
v -0.1331 0.342432 0.0914888
v -0.138178 0.342493 0.0834128
v -0.131646 0.348503 0.0793789
v -0.136343 0.348154 0.0709164
v -0.14104 0.347804 0.0624539
v -0.14291 0.342194 0.0749696
v -0.162338 0.332493 0.054024
v -0.16644 0.330645 0.045658
v -0.156589 0.339282 0.0498143
v -0.174375 0.325741 0.0289712
v -0.178099 0.322774 0.0207586
v -0.181823 0.319806 0.0125461
v -0.176333 0.326306 0.00783403
v -0.170524 0.332414 0.00308554
v -0.174062 0.328948 -0.00524737
v -0.1776 0.325483 -0.0135803
v -0.164727 0.338458 -0.0017369
v -0.168326 0.335046 -0.0100987
v -0.154583 0.347113 0.00184546
v -0.158584 0.34411 -0.00660597
v -0.162292 0.340772 -0.0150229
v -0.155888 0.346087 -0.0199654
v -0.165692 0.337058 -0.0233727
v -0.168962 0.333183 -0.031694
v -0.172237 0.329291 -0.0400275
v -0.171805 0.331472 -0.0184502
v -0.175058 0.327593 -0.0267822
v -0.178183 0.323541 -0.0350481
v -0.180928 0.319098 -0.0432178
v -0.145589 0.346599 0.0539474
v -0.149982 0.344868 0.0454181
v -0.154374 0.343137 0.0368889
v -0.112511 0.35926 0.0780948
v -0.177593 0.320144 -0.0564016
v -0.174962 0.324755 -0.0482265
v -0.119486 0.354147 0.0826409
v -0.124732 0.354363 0.0746366
v -0.118595 0.36714 0.035036
v -0.141826 0.354594 0.0275601
v -0.146227 0.35252 0.0189388
v -0.160913 0.341648 0.00665871
v -0.150432 0.349888 0.0103809
v -0.13248 0.361969 0.00929182
v -0.120906 0.368468 0.012894
v -0.149136 0.350891 -0.0249353
v -0.152722 0.347259 -0.0334022
v -0.159407 0.342432 -0.0283991
v -0.162787 0.338599 -0.0367698
v -0.156246 0.343566 -0.04184
v -0.165215 0.330643 -0.0667672
v -0.167758 0.325839 -0.0749451
v -0.195693 0.293927 -0.0698675
v -0.192191 0.29403 -0.0828699
v 0.237316 -0.0183731 -0.0580443
v 0.241422 -0.0169645 -0.0589273
v 0.245518 -0.0154792 -0.0597482
v 0.251802 -0.00818948 -0.0629937
v 0.243711 -0.0118896 -0.0619396
v 0.247756 -0.0100416 -0.0624684
v 0.249963 -0.0043264 -0.0649523
v 0.25397 -0.00218704 -0.0649637
v 0.257969 1.94156e-05 -0.0648559
v 0.252197 0.00184514 -0.0667047
v 0.256174 0.00400845 -0.0666484
v 0.26015 0.00617175 -0.0665922
v 0.258465 0.0103623 -0.0681205
v 0.262573 0.0124683 -0.0674063
v 0.260957 0.0166311 -0.0684043
v 0.265073 0.018732 -0.0677505
v 0.25682 0.0145682 -0.0688935
v 0.252668 0.01269 -0.0689231
v 0.255117 0.0188987 -0.0691282
v 0.250991 0.0170067 -0.0692133
v 0.253432 0.0232235 -0.0693977
v 0.251697 0.0274982 -0.0692943
v 0.255779 0.0294128 -0.06891
v 0.259862 0.0313274 -0.0685257
v 0.257959 0.0355669 -0.067832
v 0.26204 0.037486 -0.0673959
v 0.269801 0.0312163 -0.0662313
v 0.263926 0.0332992 -0.0676012
v 0.267972 0.0353178 -0.0662836
v 0.261624 0.0270754 -0.0684374
v 0.265716 0.0291498 -0.0673507
v 0.263376 0.0228903 -0.0680447
v 0.267454 0.0249761 -0.0670229
v 0.271396 0.0270466 -0.06548
v 0.273639 0.0331514 -0.0642569
v 0.275716 0.0390989 -0.0624596
v 0.277508 0.0448818 -0.0601873
v 0.28076 0.0465208 -0.0572139
v 0.278895 0.050439 -0.0573489
v 0.281987 0.051994 -0.0541201
v 0.285368 0.0439973 -0.0532892
v 0.283836 0.0480879 -0.0539367
v 0.280887 0.0369208 -0.0594039
v 0.282183 0.0330169 -0.0584878
v 0.283985 0.0385586 -0.0560443
v 0.285136 0.0344751 -0.0550578
v 0.286436 0.0397155 -0.0523307
v 0.287105 0.0354231 -0.0509768
v 0.28602 0.026099 -0.0518926
v 0.284233 0.017056 -0.0512721
v 0.280213 0.0082371 -0.0527391
v 0.28241 0.012645 -0.0516984
v 0.277873 0.00441498 -0.0543831
v 0.276875 0.00753655 -0.0576914
v 0.279496 0.0101107 -0.0560763
v 0.27623 0.0111018 -0.0602107
v 0.279017 0.0136924 -0.0584031
v 0.278705 0.0172907 -0.0605374
v 0.272964 0.00870454 -0.061794
v 0.267783 0.0105546 -0.0647585
v 0.271505 0.0127674 -0.0633893
v 0.275226 0.0149801 -0.06202
v 0.265618 0.00437981 -0.0643174
v 0.26927 0.00652019 -0.0631026
v 0.26186 0.00214724 -0.0647726
v 0.259683 -0.00395366 -0.0629888
v 0.263431 -0.00175457 -0.0625848
v 0.267179 0.000444523 -0.0621807
v 0.257621 -0.00970676 -0.0607526
v 0.261384 -0.007462 -0.0603319
v 0.265148 -0.00521723 -0.0599112
v 0.255818 -0.00613609 -0.0631881
v 0.266439 -0.00775572 -0.0564252
v 0.259063 -0.0125574 -0.0574265
v 0.262711 -0.0100821 -0.0569108
v 0.255329 -0.0149194 -0.0577711
v 0.252584 -0.0190109 -0.0538436
v 0.25127 -0.016812 -0.0574696
v 0.253943 -0.0213145 -0.0502627
v 0.24465 -0.0232134 -0.0533422
v 0.248597 -0.0210653 -0.0535727
v 0.247196 -0.0186679 -0.0571133
v 0.245992 -0.0251794 -0.0495286
v 0.249976 -0.0233034 -0.0499314
v 0.241954 -0.0268629 -0.048961
v 0.236267 -0.0257983 -0.051524
v 0.237722 -0.0278568 -0.047838
v 0.282117 0.0126848 -0.0544611
v 0.238925 -0.021681 -0.0555154
v 0.257803 -0.0191622 -0.0502109
v 0.25662 -0.0171328 -0.0540969
v 0.260315 -0.0148108 -0.0536695
v 0.264009 -0.0124888 -0.0532422
v 0.268665 -0.0027798 -0.0590787
v 0.2719 -0.00061954 -0.0578371
v 0.275003 0.00167944 -0.05625
v 0.269927 -0.0055818 -0.0555796
v 0.281937 0.0159909 -0.0560302
v 0.281629 0.0193276 -0.0575101
v 0.281142 0.0232007 -0.0591524
v 0.283999 0.02509 -0.0558522
v 0.277828 0.0211319 -0.0619145
v 0.270401 0.0167105 -0.0651852
v 0.274231 0.0188553 -0.0635707
v 0.26898 0.0208366 -0.0662514
v 0.272807 0.0229649 -0.0645687
v 0.276634 0.0250931 -0.062886
v 0.284432 0.0213266 -0.0542283
v 0.270626 0.00273211 -0.0609154
v 0.273984 0.00505442 -0.0593049
v 0.272967 -0.00302163 -0.0538625
v 0.283515 0.0291811 -0.0576281
v 0.285833 0.0304834 -0.0535849
v 0.280159 0.027169 -0.0604124
v 0.278942 0.031233 -0.0616437
v 0.279407 0.0409728 -0.060098
v 0.27998 0.0558553 -0.0538809
v 0.276798 0.0543026 -0.0567384
v 0.282631 0.0425863 -0.0569268
v 0.275492 0.0487414 -0.059972
v 0.269999 0.0412381 -0.0644664
v 0.271825 0.0469431 -0.0620921
v 0.273892 0.0431017 -0.0626199
v 0.277409 0.0351249 -0.0621356
v 0.275217 0.0291261 -0.0636165
v 0.271915 0.0372252 -0.0645854
v 0.266099 0.0394624 -0.0661487
v 0.267925 0.0451746 -0.0637671
v 0.26411 0.0434858 -0.0656117
v 0.270008 0.0508477 -0.0614803
v 0.272036 0.0560308 -0.0582699
v 0.266191 0.0493493 -0.0635241
v 0.268232 0.0545345 -0.0603528
v 0.266421 0.0585011 -0.0592984
v 0.270274 0.0597301 -0.0571915
v 0.264354 0.053197 -0.0623144
v 0.258458 0.0555553 -0.0623702
v 0.262454 0.0570573 -0.0609024
v 0.260353 0.0516776 -0.0637526
v 0.2541 0.0441298 -0.0665888
v 0.258161 0.0459092 -0.0657201
v 0.250037 0.0423446 -0.0674164
v 0.240127 0.0428298 -0.0666249
v 0.245977 0.0405376 -0.0678938
v 0.232041 0.0392591 -0.0659425
v 0.236084 0.0410442 -0.066289
v 0.241745 0.0387484 -0.0675142
v 0.238983 0.032919 -0.0680515
v 0.233167 0.0351744 -0.0667455
v 0.237438 0.0369598 -0.067125
v 0.243271 0.0346802 -0.0683587
v 0.247573 0.0364337 -0.0686063
v 0.251824 0.038191 -0.0681196
v 0.256012 0.0399553 -0.06749
v 0.230482 0.0428837 -0.0638958
v 0.234476 0.0447579 -0.0644661
v 0.228954 0.0464525 -0.0617091
v 0.232948 0.0483267 -0.0622794
v 0.240486 -0.0246106 -0.0524919
v 0.234706 -0.0226466 -0.0542662
v 0.243089 -0.0202723 -0.0563986
v 0.253595 -0.0116748 -0.0605172
v 0.249559 -0.0135985 -0.0602333
v 0.244163 0.0446325 -0.0665598
v 0.242284 0.0485267 -0.0650646
v 0.23824 0.0466914 -0.0652333
v 0.236317 0.0503246 -0.0637293
v 0.232319 0.0482977 -0.063559
v 0.230745 0.051877 -0.0614341
v 0.229335 0.0554432 -0.0590271
v 0.227924 0.0590094 -0.0566201
v 0.226514 0.0625757 -0.054213
v 0.225104 0.0661419 -0.051806
v 0.234779 0.0538927 -0.0615121
v 0.238503 0.0558091 -0.0617773
v 0.233326 0.0574454 -0.0591306
v 0.23705 0.0593618 -0.0593959
v 0.231874 0.0609981 -0.0567491
v 0.230421 0.0645508 -0.0543677
v 0.23551 0.0627823 -0.0568096
v 0.238978 0.0643131 -0.0564776
v 0.233955 0.0661801 -0.0541883
v 0.237423 0.0677109 -0.0538563
v 0.240891 0.0692418 -0.0535243
v 0.228931 0.0680471 -0.0518989
v 0.232399 0.069578 -0.051567
v 0.235867 0.0711088 -0.051235
v 0.239336 0.0726396 -0.050903
v 0.254465 0.0082437 -0.0680999
v 0.240605 0.0610105 -0.05911
v 0.24271 0.0661974 -0.0561869
v 0.244609 0.0629539 -0.058532
v 0.244411 0.0540158 -0.0631989
v 0.242512 0.0576418 -0.0613007
v 0.246545 0.0594482 -0.0605354
v 0.250578 0.0612546 -0.05977
v 0.248449 0.0558115 -0.0624209
v 0.252501 0.0575755 -0.0616053
v 0.254607 0.0628737 -0.0586409
v 0.256538 0.059241 -0.0605576
v 0.258621 0.0644919 -0.0573877
v 0.256653 0.0679769 -0.0552259
v 0.262575 0.0658674 -0.0556903
v 0.260602 0.0693724 -0.0535853
v 0.264525 0.0622709 -0.0576783
v 0.266528 0.0671984 -0.0539086
v 0.268436 0.0635877 -0.0558168
v 0.272252 0.0647454 -0.0537218
v 0.27028 0.0681341 -0.0516531
v 0.271821 0.0718686 -0.0467987
v 0.273987 0.0609783 -0.054987
v 0.268312 0.0715315 -0.0495806
v 0.266268 0.0747065 -0.0471561
v 0.269846 0.0752122 -0.0446418
v 0.264091 0.0775922 -0.0444361
v 0.26252 0.0739213 -0.0494073
v 0.260362 0.0768394 -0.0467295
v 0.258107 0.0795086 -0.0438611
v 0.254291 0.0785535 -0.0458045
v 0.252619 0.0743288 -0.0501884
v 0.256508 0.0756776 -0.0485325
v 0.248765 0.0729079 -0.0517356
v 0.246664 0.0756412 -0.0487276
v 0.250457 0.0771912 -0.047375
v 0.254665 0.071207 -0.052755
v 0.258583 0.0725867 -0.0511198
v 0.24286 0.0740149 -0.0500304
v 0.248189 0.0792777 -0.0440789
v 0.252031 0.0808212 -0.0426161
v 0.249676 0.0829969 -0.0395901
v 0.253436 0.0840672 -0.0377128
v 0.259499 0.0826077 -0.0385597
v 0.265419 0.080655 -0.0390485
v 0.26189 0.0804331 -0.0416918
v 0.255842 0.0821401 -0.0409641
v 0.267703 0.0781405 -0.041968
v 0.26455 0.0706852 -0.0517979
v 0.252674 0.0664538 -0.0566566
v 0.250721 0.0697231 -0.0542391
v 0.248643 0.064753 -0.057741
v 0.24669 0.0680595 -0.05535
v 0.244828 0.0711653 -0.0528261
v 0.240356 0.0522195 -0.0636227
v 0.248191 0.0463921 -0.0662852
v 0.246306 0.0502797 -0.0648879
v 0.250363 0.0520718 -0.0641317
v 0.254421 0.0538638 -0.0633756
v 0.260119 0.0417327 -0.0667365
v 0.262225 0.0476898 -0.0648721
v 0.252248 0.048168 -0.0655331
v 0.256306 0.0499401 -0.0647818
v 0.26056 0.0608873 -0.059348
v 0.259294 0.0208333 -0.0690606
v 0.257561 0.0251355 -0.069215
v 0.264107 0.0083189 -0.0661789
v 0.266555 0.0145824 -0.0664664
v -0.141069 -0.449342 -0.018086
v -0.140955 -0.442864 -0.0174538
v -0.140842 -0.436385 -0.0168216
v -0.140729 -0.429906 -0.0161894
v -0.140649 -0.423425 -0.0155493
v -0.141408 -0.435334 -0.0230723
v -0.141588 -0.428908 -0.0225406
v -0.141939 -0.440786 -0.0300863
v -0.142026 -0.434348 -0.0295466
v -0.142112 -0.427909 -0.029007
v -0.141543 -0.453389 -0.0371297
v -0.141772 -0.447312 -0.0305671
v -0.14176 -0.446809 -0.0366853
v -0.141489 -0.460363 -0.0310983
v -0.1416 -0.45386 -0.0309068
v -0.141303 -0.459937 -0.0374618
v -0.140753 -0.466441 -0.0376926
v -0.141411 -0.4418 -0.0236865
v -0.140313 -0.466051 -0.044036
v -0.139293 -0.459183 -0.0497681
v -0.139563 -0.452645 -0.0494439
v -0.139815 -0.446102 -0.0491381
v -0.140067 -0.43956 -0.0488322
v -0.140319 -0.433017 -0.0485264
v -0.141477 -0.433279 -0.0421949
v -0.141251 -0.439829 -0.042544
v -0.142281 -0.427094 -0.0354332
v -0.142744 -0.420612 -0.0349611
v -0.142248 -0.421384 -0.0284441
v -0.141817 -0.415863 -0.0213941
v -0.142983 -0.414799 -0.0279871
v -0.141387 -0.410342 -0.014344
v -0.142552 -0.409278 -0.0209371
v -0.143718 -0.408213 -0.0275301
v -0.143268 -0.414139 -0.0345495
v -0.143907 -0.407667 -0.0343373
v -0.144546 -0.401195 -0.0341251
v -0.143086 -0.41381 -0.0415773
v -0.143739 -0.407334 -0.0413693
v -0.144393 -0.400858 -0.0411613
v -0.142382 -0.42028 -0.0417776
v -0.141107 -0.420048 -0.0481318
v -0.141853 -0.413589 -0.0480695
v -0.142599 -0.40713 -0.0480073
v -0.143345 -0.400671 -0.047945
v -0.140057 -0.413478 -0.0545414
v -0.140726 -0.407037 -0.0544983
v -0.141394 -0.400597 -0.0544552
v -0.138806 -0.426389 -0.0544537
v -0.139413 -0.419927 -0.0545352
v -0.137999 -0.413505 -0.0608449
v -0.138605 -0.407043 -0.0609264
v -0.139212 -0.400581 -0.061008
v -0.138019 -0.445898 -0.0551749
v -0.138276 -0.439394 -0.0549298
v -0.138533 -0.432891 -0.0546847
v -0.13776 -0.452402 -0.0554182
v -0.135557 -0.445952 -0.060821
v -0.13589 -0.439432 -0.0607103
v -0.136222 -0.432913 -0.0605996
v -0.133022 -0.44602 -0.0663347
v -0.133208 -0.439504 -0.0663364
v -0.133347 -0.432984 -0.0663336
v -0.133486 -0.426465 -0.0663307
v -0.133991 -0.419989 -0.06641
v -0.134703 -0.413538 -0.066536
v -0.135462 -0.407087 -0.066815
v -0.130361 -0.420013 -0.0720541
v -0.130881 -0.413544 -0.0721826
v -0.126866 -0.41355 -0.0778042
v -0.131508 -0.407094 -0.0724579
v -0.126294 -0.420025 -0.077297
v -0.12969 -0.433028 -0.0717109
v -0.129944 -0.426511 -0.0718159
v -0.125929 -0.426548 -0.0768572
v -0.115139 -0.459247 -0.0842974
v -0.124217 -0.452635 -0.075447
v -0.119903 -0.45268 -0.0800639
v -0.115589 -0.452725 -0.0846809
v -0.12898 -0.446068 -0.0712135
v -0.124666 -0.446113 -0.0758304
v -0.120353 -0.446157 -0.0804474
v -0.12943 -0.439545 -0.071597
v -0.125116 -0.43959 -0.0762139
v -0.120802 -0.439635 -0.0808308
v -0.125566 -0.433068 -0.0765974
v -0.110775 -0.459307 -0.0888865
v -0.110963 -0.45286 -0.0891232
v -0.11596 -0.446225 -0.0850202
v -0.116148 -0.439779 -0.0852569
v -0.121145 -0.433144 -0.0811539
v -0.116336 -0.433332 -0.0854937
v -0.111063 -0.446412 -0.0892643
v -0.111142 -0.439964 -0.0893825
v -0.111221 -0.433509 -0.0894437
v -0.1113 -0.427053 -0.0894915
v -0.111459 -0.420616 -0.0899578
v -0.111564 -0.414213 -0.090885
v -0.12224 -0.413792 -0.0824466
v -0.121773 -0.42024 -0.0819149
v -0.10596 -0.420996 -0.09347
v -0.101917 -0.441226 -0.0946262
v -0.106019 -0.427464 -0.0925615
v -0.101087 -0.434611 -0.0949568
v -0.0958917 -0.442053 -0.0965426
v -0.0950175 -0.435491 -0.0967384
v -0.0976265 -0.455132 -0.0961507
v -0.0914858 -0.455911 -0.0978113
v -0.0967639 -0.448609 -0.0963467
v -0.0923109 -0.462413 -0.0974526
v -0.0989597 -0.468175 -0.0948865
v -0.0983347 -0.461648 -0.0955892
v -0.106475 -0.466293 -0.0917855
v -0.103921 -0.467336 -0.0931275
v -0.102816 -0.460768 -0.0939133
v -0.083487 -0.443822 -0.099103
v -0.0852626 -0.456765 -0.0988595
v -0.084367 -0.450294 -0.098962
v -0.0861482 -0.463237 -0.0987037
v -0.0790678 -0.457763 -0.0993089
v -0.0781795 -0.451293 -0.0994474
v -0.0772912 -0.444823 -0.099586
v -0.0719885 -0.452408 -0.0991682
v -0.0709362 -0.446071 -0.099366
v -0.0763518 -0.438408 -0.0996077
v -0.075274 -0.432085 -0.0998216
v -0.0676616 -0.427156 -0.100192
v -0.0663547 -0.421131 -0.10152
v -0.0740999 -0.425933 -0.100801
v -0.0730875 -0.419642 -0.101479
v -0.0817839 -0.43082 -0.0996488
v -0.0872405 -0.42336 -0.0993462
v -0.0808712 -0.424415 -0.100575
v -0.0880772 -0.429844 -0.0986431
v -0.100214 -0.428051 -0.0951601
v -0.0942214 -0.428926 -0.0971941
v -0.100083 -0.421456 -0.0966908
v -0.0935735 -0.422348 -0.09804
v -0.0936483 -0.415746 -0.099843
v -0.0923146 -0.414716 -0.0998323
v -0.0859209 -0.416404 -0.101095
v -0.0905852 -0.408453 -0.102381
v -0.0888315 -0.402268 -0.104976
v -0.0868562 -0.396633 -0.10829
v -0.0805232 -0.398694 -0.108645
v -0.0761583 -0.405955 -0.105498
v -0.0659874 -0.397411 -0.112167
v -0.0697634 -0.407751 -0.105503
v -0.0678748 -0.402606 -0.108875
v -0.0633546 -0.40915 -0.104859
v -0.0569826 -0.410611 -0.103962
v -0.0505929 -0.411696 -0.102077
v -0.0442033 -0.412782 -0.100192
v -0.0550622 -0.405208 -0.1067
v -0.0486731 -0.406288 -0.104806
v -0.0423062 -0.407161 -0.102565
v -0.0269395 -0.415706 -0.0909803
v -0.0322718 -0.414862 -0.0950143
v -0.0287381 -0.421668 -0.0896468
v -0.0234173 -0.422641 -0.0858228
v -0.0187701 -0.423447 -0.0812279
v -0.0265477 -0.435215 -0.0847108
v -0.025193 -0.428844 -0.0849235
v -0.0201603 -0.429804 -0.080957
v -0.0332054 -0.467087 -0.0838244
v -0.0318775 -0.460713 -0.083996
v -0.0305496 -0.454338 -0.0841677
v -0.0292217 -0.447963 -0.0843393
v -0.0278938 -0.441588 -0.084511
v -0.0357236 -0.45332 -0.0878577
v -0.0344076 -0.446942 -0.0880089
v -0.0330916 -0.440565 -0.0881602
v -0.0317756 -0.434187 -0.0883114
v -0.0429895 -0.46471 -0.0906061
v -0.0381581 -0.465989 -0.087454
v -0.0418054 -0.45839 -0.0908249
v -0.036974 -0.459669 -0.0876729
v -0.0406213 -0.45207 -0.0910437
v -0.0394372 -0.44575 -0.0912626
v -0.0303457 -0.42789 -0.0888252
v -0.0429093 -0.432007 -0.0942534
v -0.0371484 -0.43314 -0.091687
v -0.0357226 -0.426876 -0.0922671
v -0.0414976 -0.425797 -0.0949919
v -0.0488117 -0.430889 -0.096675
v -0.0475116 -0.424658 -0.0971987
v -0.0536791 -0.423477 -0.0988836
v -0.052086 -0.417521 -0.100484
v -0.05612 -0.435974 -0.0979884
v -0.0612973 -0.428409 -0.0993613
v -0.0549299 -0.429702 -0.098342
v -0.0656494 -0.453679 -0.0985321
v -0.0645801 -0.447353 -0.0987125
v -0.0635109 -0.441027 -0.0988928
v -0.0572977 -0.442252 -0.0976525
v -0.0624417 -0.434701 -0.0990731
v -0.0667321 -0.460011 -0.0983922
v -0.0605407 -0.461246 -0.097217
v -0.0594558 -0.454913 -0.0973506
v -0.058371 -0.44858 -0.0974843
v -0.0500445 -0.437145 -0.0962427
v -0.0545054 -0.462415 -0.0954316
v -0.0533849 -0.4561 -0.0956457
v -0.0522644 -0.449785 -0.0958599
v -0.0511438 -0.44347 -0.096074
v -0.0497415 -0.469836 -0.0929868
v -0.038329 -0.439438 -0.0914239
v -0.0485779 -0.463541 -0.0932925
v -0.0474742 -0.457229 -0.0934444
v -0.0463705 -0.450918 -0.0935963
v -0.0452667 -0.444606 -0.0937482
v -0.044163 -0.438295 -0.0939001
v -0.0616678 -0.467559 -0.0966912
v -0.055674 -0.468685 -0.0951177
v -0.0677333 -0.4664 -0.0979643
v -0.0728976 -0.458853 -0.0990948
v -0.0459706 -0.418656 -0.0985964
v -0.0399978 -0.419687 -0.0960546
v -0.0342071 -0.420692 -0.0931857
v -0.0379464 -0.41391 -0.0982637
v -0.0214749 -0.416597 -0.0869862
v -0.0614414 -0.403919 -0.108073
v -0.0742412 -0.400774 -0.108946
v -0.0784358 -0.393345 -0.112121
v -0.0722318 -0.395401 -0.112148
v -0.0795414 -0.418191 -0.101879
v -0.0841752 -0.410223 -0.103582
v -0.0778492 -0.41204 -0.103634
v -0.0824829 -0.404072 -0.105337
v -0.0715173 -0.413597 -0.103258
v -0.0651805 -0.414939 -0.10253
v -0.0599097 -0.422315 -0.100439
v -0.0586369 -0.416272 -0.101828
v -0.0698592 -0.439749 -0.099603
v -0.0687814 -0.433426 -0.0998169
v -0.0799785 -0.464215 -0.0991001
v -0.0738706 -0.465231 -0.0988226
v -0.0906131 -0.449404 -0.0979477
v -0.0897403 -0.442897 -0.0980835
v -0.0888674 -0.43639 -0.0982192
v -0.0826244 -0.437331 -0.0992754
v -0.106293 -0.459829 -0.0920089
v -0.106413 -0.453397 -0.0920488
v -0.102527 -0.454292 -0.0942021
v -0.106532 -0.446966 -0.0920886
v -0.102647 -0.447861 -0.0942419
v -0.106652 -0.440535 -0.0921285
v -0.106771 -0.434104 -0.0921684
v -0.106039 -0.414563 -0.0945263
v -0.100049 -0.414958 -0.0980423
v -0.105972 -0.408097 -0.0957411
v -0.0999829 -0.408491 -0.0992571
v -0.116737 -0.420447 -0.0863371
v -0.116978 -0.414016 -0.0869015
v -0.121327 -0.426696 -0.0814216
v -0.116513 -0.426882 -0.0857946
v -0.136691 -0.426425 -0.0606422
v -0.137367 -0.419966 -0.0607531
v -0.141981 -0.394157 -0.0543996
v -0.144542 -0.394374 -0.0410079
v -0.143813 -0.394189 -0.0478202
v -0.141438 -0.448271 -0.0243112
v -0.140854 -0.416908 -0.014837
v -0.140792 -0.452971 -0.0433062
v -0.140988 -0.446393 -0.0429121
v -0.141655 -0.42674 -0.0418558
v -0.140469 -0.426509 -0.0482285
v -0.14059 -0.459541 -0.043694
v -0.141934 -0.440234 -0.0362572
v -0.142087 -0.433662 -0.0358367
v -0.141486 -0.422409 -0.021923
v -0.208258 -0.32486 -0.0701676
v -0.208103 -0.332694 -0.0725444
v -0.207476 -0.329024 -0.0730767
v -0.207026 -0.34064 -0.0745911
v -0.206588 -0.336951 -0.0751965
v -0.20615 -0.333263 -0.0758019
v -0.208827 -0.347346 -0.0698227
v -0.208747 -0.343686 -0.0705361
v -0.207329 -0.344318 -0.0739452
v -0.208668 -0.340026 -0.0712495
v -0.208588 -0.336365 -0.0719629
v -0.205013 -0.355873 -0.0738985
v -0.20887 -0.351004 -0.0690667
v -0.207093 -0.351618 -0.0720606
v -0.205316 -0.352232 -0.0750545
v -0.207395 -0.347977 -0.0732167
v -0.203154 -0.356558 -0.0769016
v -0.20327 -0.353077 -0.0780786
v -0.205525 -0.348671 -0.0762211
v -0.200671 -0.357458 -0.0790688
v -0.197656 -0.358319 -0.0810963
v -0.200755 -0.353959 -0.0807502
v -0.197708 -0.354826 -0.0827914
v -0.20062 -0.350283 -0.0817444
v -0.200385 -0.346601 -0.0825961
v -0.200133 -0.342924 -0.0834236
v -0.203061 -0.345784 -0.0799964
v -0.205352 -0.345011 -0.077119
v -0.202761 -0.342103 -0.0807809
v -0.199867 -0.339243 -0.0842329
v -0.199278 -0.335504 -0.0846787
v -0.200373 -0.327349 -0.0826254
v -0.201761 -0.33474 -0.0819091
v -0.205677 -0.329591 -0.0763695
v -0.203383 -0.330316 -0.0793293
v -0.201088 -0.33104 -0.082289
v -0.20271 -0.326616 -0.0797092
v -0.204795 -0.325993 -0.0766261
v -0.203882 -0.322409 -0.0768649
v -0.201914 -0.322975 -0.0800165
v -0.20297 -0.318825 -0.0771036
v -0.201002 -0.319391 -0.0802552
v -0.202057 -0.315241 -0.0773424
v -0.203112 -0.31109 -0.0744295
v -0.2022 -0.307506 -0.0746682
v -0.198516 -0.32003 -0.0829262
v -0.199774 -0.315851 -0.0802014
v -0.197261 -0.316494 -0.0828469
v -0.194748 -0.317136 -0.0854923
v -0.201032 -0.311672 -0.0774767
v -0.198519 -0.312315 -0.0801221
v -0.196006 -0.312957 -0.0827675
v -0.199777 -0.308136 -0.0773974
v -0.194776 -0.328903 -0.0874608
v -0.199545 -0.323662 -0.0828367
v -0.196722 -0.324435 -0.0852501
v -0.193898 -0.325208 -0.0876635
v -0.195844 -0.320739 -0.0854528
v -0.193021 -0.321513 -0.0878663
v -0.191945 -0.32968 -0.089853
v -0.187857 -0.326849 -0.091711
v -0.183639 -0.324021 -0.0933137
v -0.185862 -0.319594 -0.0917131
v -0.182612 -0.320402 -0.0932635
v -0.186946 -0.323186 -0.0918523
v -0.192077 -0.317841 -0.0879441
v -0.18897 -0.318718 -0.0898294
v -0.18153 -0.317181 -0.0929551
v -0.179273 -0.321291 -0.094556
v -0.17573 -0.321934 -0.0954631
v -0.181157 -0.328387 -0.094403
v -0.180259 -0.324778 -0.0946014
v -0.176735 -0.325442 -0.0955889
v -0.177619 -0.329048 -0.095317
v -0.179212 -0.336218 -0.093883
v -0.178443 -0.332638 -0.0947344
v -0.174763 -0.333264 -0.0949211
v -0.173994 -0.329684 -0.0957725
v -0.175537 -0.336852 -0.0939948
v -0.1711 -0.333916 -0.0948599
v -0.170325 -0.330327 -0.0958037
v -0.166663 -0.330981 -0.0957251
v -0.16545 -0.32747 -0.095781
v -0.16167 -0.328156 -0.0954128
v -0.169304 -0.326785 -0.0960924
v -0.157919 -0.328997 -0.094519
v -0.154199 -0.330048 -0.0933655
v -0.146677 -0.340252 -0.090095
v -0.152205 -0.334479 -0.0926134
v -0.156703 -0.336888 -0.09326
v -0.15337 -0.33786 -0.092423
v -0.150037 -0.338832 -0.091586
v -0.155647 -0.333281 -0.093937
v -0.154305 -0.341338 -0.0916452
v -0.150973 -0.34231 -0.0908089
v -0.151862 -0.345715 -0.089912
v -0.15765 -0.340239 -0.0920438
v -0.15521 -0.344523 -0.0900368
v -0.156031 -0.347376 -0.0878075
v -0.152701 -0.348617 -0.0877542
v -0.158544 -0.343289 -0.0900998
v -0.16249 -0.344016 -0.0871703
v -0.159267 -0.345727 -0.0875148
v -0.161868 -0.342024 -0.0901323
v -0.156611 -0.349398 -0.0848365
v -0.1534 -0.351115 -0.0851937
v -0.149934 -0.352283 -0.0851602
v -0.149207 -0.349602 -0.0875313
v -0.14844 -0.346635 -0.0890151
v -0.160996 -0.339038 -0.0921546
v -0.164477 -0.337924 -0.0922276
v -0.163783 -0.33498 -0.0941003
v -0.160231 -0.335966 -0.0939015
v -0.147626 -0.343542 -0.0895896
v -0.148714 -0.3358 -0.090902
v -0.145519 -0.337237 -0.0889816
v -0.159334 -0.332463 -0.094761
v -0.162996 -0.331642 -0.0954077
v -0.171859 -0.337315 -0.0935874
v -0.168168 -0.337618 -0.0929061
v -0.167426 -0.33442 -0.0945231
v -0.176264 -0.340094 -0.0925837
v -0.172542 -0.340276 -0.0918309
v -0.16882 -0.340458 -0.0910782
v -0.165896 -0.343045 -0.0875313
v -0.165187 -0.340698 -0.0901547
v -0.169849 -0.344762 -0.0865407
v -0.16946 -0.342753 -0.0885863
v -0.173372 -0.345198 -0.0878991
v -0.176802 -0.346459 -0.0891402
v -0.17295 -0.342856 -0.0898196
v -0.17669 -0.349779 -0.0874582
v -0.179664 -0.354595 -0.086918
v -0.180546 -0.369257 -0.0812285
v -0.180097 -0.365586 -0.0825543
v -0.179648 -0.361916 -0.0838801
v -0.17727 -0.373413 -0.0794641
v -0.176916 -0.3695 -0.0808607
v -0.174141 -0.373815 -0.0789134
v -0.17117 -0.374248 -0.0783122
v -0.173935 -0.369931 -0.0802628
v -0.1767 -0.365614 -0.0822134
v -0.169939 -0.377507 -0.0767484
v -0.164896 -0.382567 -0.0707864
v -0.16504 -0.379689 -0.0731748
v -0.165183 -0.376812 -0.0755632
v -0.162062 -0.379632 -0.0692258
v -0.162339 -0.37682 -0.0719592
v -0.163725 -0.374072 -0.0745619
v -0.165641 -0.369556 -0.0761889
v -0.167135 -0.372381 -0.0770547
v -0.169465 -0.368099 -0.0785068
v -0.171782 -0.363818 -0.0799776
v -0.173333 -0.366705 -0.080782
v -0.175672 -0.362426 -0.0822219
v -0.174139 -0.35953 -0.0815459
v -0.176254 -0.353095 -0.0855542
v -0.173309 -0.347945 -0.0859024
v -0.169468 -0.385583 -0.0693604
v -0.169184 -0.383373 -0.072255
v -0.165552 -0.384224 -0.0678885
v -0.173336 -0.383185 -0.0728035
v -0.173393 -0.38045 -0.075285
v -0.177267 -0.379789 -0.0752324
v -0.177456 -0.37691 -0.0776082
v -0.177163 -0.382432 -0.0726803
v -0.180894 -0.378908 -0.0749382
v -0.180792 -0.381255 -0.0720934
v -0.184257 -0.37755 -0.0739855
v -0.187723 -0.373846 -0.0758776
v -0.18442 -0.375241 -0.0769117
v -0.191177 -0.370091 -0.0777338
v -0.18779 -0.371102 -0.0784972
v -0.191153 -0.366951 -0.080063
v -0.191009 -0.363585 -0.0820307
v -0.194613 -0.35907 -0.0828529
v -0.191017 -0.360228 -0.083958
v -0.194624 -0.355698 -0.0847626
v -0.191038 -0.356703 -0.0856928
v -0.191072 -0.352968 -0.0871879
v -0.19455 -0.352039 -0.085905
v -0.194466 -0.348386 -0.087015
v -0.191067 -0.349261 -0.0885553
v -0.190826 -0.345495 -0.0895211
v -0.194285 -0.344674 -0.088023
v -0.193836 -0.340915 -0.0886435
v -0.193296 -0.337151 -0.0891353
v -0.196905 -0.340089 -0.0865127
v -0.196365 -0.336324 -0.0869957
v -0.192756 -0.333387 -0.0896211
v -0.190092 -0.337942 -0.0909322
v -0.18948 -0.334166 -0.0912227
v -0.186129 -0.334931 -0.0926042
v -0.190487 -0.341718 -0.0903063
v -0.186568 -0.338707 -0.092044
v -0.186914 -0.342512 -0.0912886
v -0.187307 -0.346283 -0.0904588
v -0.182647 -0.335694 -0.0936568
v -0.187372 -0.353816 -0.0877447
v -0.187382 -0.350048 -0.0891635
v -0.187385 -0.357536 -0.0862216
v -0.183648 -0.346866 -0.0905297
v -0.183495 -0.361796 -0.0846984
v -0.183553 -0.358052 -0.0861189
v -0.18361 -0.354308 -0.0875395
v -0.183667 -0.350564 -0.0889601
v -0.179948 -0.343591 -0.0916986
v -0.184345 -0.372003 -0.0790849
v -0.187756 -0.367943 -0.0807964
v -0.187618 -0.364588 -0.0827812
v -0.184259 -0.368805 -0.0813421
v -0.190981 -0.372684 -0.0751619
v -0.180974 -0.376141 -0.0774022
v -0.180882 -0.372901 -0.079538
v -0.173545 -0.385299 -0.0698183
v -0.17087 -0.370805 -0.0792589
v -0.169481 -0.380755 -0.074848
v -0.173698 -0.377365 -0.0773998
v -0.183951 -0.365347 -0.083089
v -0.187438 -0.361239 -0.0847606
v -0.180054 -0.350948 -0.08862
v -0.179916 -0.347321 -0.0902514
v -0.17647 -0.343416 -0.0908464
v -0.183498 -0.343163 -0.0919053
v -0.18307 -0.339433 -0.092789
v -0.179807 -0.339875 -0.0930152
v -0.173123 -0.326109 -0.0961581
v -0.188702 -0.330494 -0.0914343
v -0.185373 -0.331243 -0.0928082
v -0.182043 -0.331992 -0.0941821
v -0.184498 -0.327644 -0.0930525
v -0.191007 -0.326005 -0.0899241
v -0.190018 -0.322337 -0.0899184
v -0.19321 -0.313714 -0.0849885
v -0.190391 -0.314481 -0.0871754
v -0.187572 -0.315247 -0.0893623
v -0.197065 -0.308859 -0.0797447
v -0.194246 -0.309625 -0.0819316
v -0.184713 -0.316086 -0.0914402
v -0.191336 -0.310556 -0.0838725
v -0.188401 -0.311529 -0.0857494
v -0.198492 -0.331818 -0.0849373
v -0.195663 -0.332594 -0.0873173
v -0.197604 -0.328128 -0.0850764
v -0.197682 -0.347541 -0.08515
v -0.197468 -0.34384 -0.0860468
v -0.197859 -0.351233 -0.0841928
v -0.19454 -0.365832 -0.0789555
v -0.19763 -0.361787 -0.0793452
v -0.194579 -0.362448 -0.0809064
v -0.197318 -0.364833 -0.0768403
v -0.200384 -0.360892 -0.0774262
v -0.201135 -0.365911 -0.0702935
v -0.198876 -0.366837 -0.0722325
v -0.196616 -0.367764 -0.0741715
v -0.201955 -0.362886 -0.0728005
v -0.199696 -0.363813 -0.0747395
v -0.202776 -0.359861 -0.0753075
v -0.194251 -0.368775 -0.0762571
v -0.203221 -0.349453 -0.0790894
v -0.204054 -0.361971 -0.0704886
v -0.206244 -0.358087 -0.0689944
v -0.204548 -0.358971 -0.0722389
v -0.206738 -0.355087 -0.0707447
v -0.204889 -0.341338 -0.0777101
v -0.204438 -0.337671 -0.0782976
v -0.202273 -0.338416 -0.0813791
v -0.203987 -0.334005 -0.0788851
v -0.206768 -0.325382 -0.073523
v -0.205854 -0.321811 -0.0737478
v -0.20494 -0.318239 -0.0739725
v -0.204026 -0.314668 -0.0741972
v -0.209207 -0.339496 -0.0675276
v -0.209074 -0.335842 -0.0682218
v -0.20894 -0.332188 -0.068916
v -0.208807 -0.328534 -0.0696102
v -0.209083 -0.324365 -0.0665365
v -0.20895 -0.320711 -0.0672307
v -0.207543 -0.321226 -0.0705832
v -0.208198 -0.317089 -0.0676083
v -0.206645 -0.317652 -0.0708127
v -0.205746 -0.314078 -0.0710421
v -0.204848 -0.310504 -0.0712716
v -0.20395 -0.30693 -0.071501
v -0.168199 -0.374681 -0.0777109
v -0.179198 -0.358246 -0.085206
v 0.157813 -0.348827 0.0129169
v 0.154555 -0.350732 0.0140103
v 0.163422 -0.34248 0.0131662
v 0.160212 -0.344417 0.0143044
v 0.156878 -0.34611 0.0150886
v 0.165904 -0.338066 0.0145706
v 0.162538 -0.339697 0.0152644
v 0.164832 -0.334916 0.0161342
v 0.169366 -0.336685 0.0142725
v 0.172871 -0.335432 0.0141832
v 0.168278 -0.333493 0.0157697
v 0.180445 -0.34753 0.0106045
v 0.179449 -0.344156 0.011308
v 0.178452 -0.340782 0.0120115
v 0.177456 -0.337408 0.012715
v 0.184135 -0.346897 0.0113031
v 0.183104 -0.343483 0.0120415
v 0.181897 -0.354662 0.00941923
v 0.181436 -0.350949 0.00989018
v 0.179423 -0.362549 0.00764584
v 0.175905 -0.362758 0.00687525
v 0.178926 -0.358761 0.00813493
v 0.169744 -0.373878 0.00296312
v 0.173065 -0.370203 0.00466247
v 0.176386 -0.366529 0.00636182
v 0.166426 -0.377504 0.00116267
v 0.164166 -0.380628 -0.00213716
v 0.163181 -0.377329 -0.000746033
v 0.161812 -0.380323 -0.00506485
v 0.160797 -0.377021 -0.00365247
v 0.165313 -0.38381 -0.00393676
v 0.168585 -0.38363 -0.00273496
v 0.167381 -0.380953 -0.000347508
v 0.169547 -0.370218 0.00339712
v 0.172813 -0.366592 0.00528672
v 0.172783 -0.362943 0.00545595
v 0.166228 -0.373847 0.00154436
v 0.162638 -0.373838 2.44133e-05
v 0.16603 -0.370206 0.0018278
v 0.169422 -0.366573 0.00363119
v 0.166281 -0.366538 0.00162722
v 0.169707 -0.362903 0.00339421
v 0.173133 -0.359268 0.0051612
v 0.173664 -0.355583 0.00465937
v 0.170181 -0.35919 0.0029682
v 0.174046 -0.351825 0.00435665
v 0.162812 -0.370148 -8.01251e-05
v 0.166672 -0.362782 0.00131385
v 0.170532 -0.355416 0.00270783
v 0.163528 -0.36644 -0.000753095
v 0.176206 -0.35179 0.00723597
v 0.176255 -0.359225 0.00700969
v 0.176228 -0.355507 0.0071258
v 0.179242 -0.355264 0.00848573
v 0.179062 -0.351486 0.00859879
v 0.149912 -0.317956 0.006866
v 0.158199 -0.350909 0.00987582
v 0.161197 -0.348694 0.00852389
v 0.155908 -0.354758 0.00808389
v 0.170112 -0.377422 0.00190676
v 0.173413 -0.373758 0.00369314
v 0.173885 -0.3772 0.00220066
v 0.177197 -0.373524 0.00394824
v 0.176715 -0.370094 0.00547786
v 0.170874 -0.380624 0.000409583
v 0.178233 -0.379989 0.000215764
v 0.174661 -0.380256 0.000378519
v 0.177738 -0.376805 0.00221342
v 0.181306 -0.376039 0.00157517
v 0.184377 -0.371918 0.00277208
v 0.18081 -0.372841 0.00356017
v 0.187449 -0.367798 0.00396898
v 0.188386 -0.374379 0.000135323
v 0.184853 -0.375186 0.000838221
v 0.187927 -0.371057 0.00202926
v 0.191001 -0.366928 0.00322029
v 0.185298 -0.377826 -0.00144605
v 0.181774 -0.379068 -0.000493623
v 0.191521 -0.372572 -0.00150865
v 0.188408 -0.376026 -0.00304713
v 0.19421 -0.370369 -0.00357244
v 0.200012 -0.364712 -0.00409775
v 0.197409 -0.366967 -0.00197698
v 0.203211 -0.36131 -0.00250229
v 0.19453 -0.368997 -7.68558e-05
v 0.200602 -0.363552 -0.000390517
v 0.19748 -0.364704 0.000878355
v 0.200328 -0.36021 0.00143151
v 0.202765 -0.355319 0.0010413
v 0.205094 -0.350434 0.000586298
v 0.202592 -0.351965 0.00291287
v 0.205654 -0.35649 -0.00269207
v 0.202967 -0.358587 -0.000768957
v 0.205325 -0.353609 -0.00115771
v 0.201731 -0.3483 0.00379129
v 0.198276 -0.346124 0.0068639
v 0.198986 -0.349729 0.00579186
v 0.195784 -0.350964 0.00717031
v 0.195153 -0.347392 0.00834893
v 0.199574 -0.353328 0.00461205
v 0.196343 -0.354582 0.00598969
v 0.193113 -0.355836 0.00736733
v 0.19257 -0.352207 0.00854839
v 0.193627 -0.359426 0.00612191
v 0.187124 -0.364735 0.00611456
v 0.190148 -0.360333 0.00685941
v 0.18969 -0.356835 0.00832539
v 0.183546 -0.365474 0.0065509
v 0.186628 -0.361172 0.00746806
v 0.180402 -0.369572 0.00534703
v 0.179944 -0.366194 0.00692407
v 0.18302 -0.361871 0.00777589
v 0.191893 -0.348571 0.00954215
v 0.188512 -0.349633 0.0103491
v 0.194378 -0.343743 0.00919669
v 0.190992 -0.344814 0.0100164
v 0.187606 -0.345885 0.010836
v 0.193382 -0.340165 0.00992239
v 0.189996 -0.341236 0.0107421
v 0.189 -0.337658 0.0114678
v 0.197535 -0.342597 0.00776592
v 0.196442 -0.338987 0.00823421
v 0.192364 -0.33658 0.0105886
v 0.199411 -0.337812 0.0062871
v 0.198275 -0.334278 0.00659383
v 0.195334 -0.335404 0.00864453
v 0.197138 -0.330744 0.00690055
v 0.194197 -0.33187 0.00895126
v 0.191257 -0.332995 0.011002
v 0.196001 -0.32721 0.00720728
v 0.200911 -0.333254 0.00412483
v 0.199756 -0.329726 0.00440689
v 0.201155 -0.3252 0.00210634
v 0.198601 -0.326197 0.00468895
v 0.199822 -0.321762 0.00206913
v 0.197235 -0.322776 0.00459146
v 0.198372 -0.318383 0.00182213
v 0.195785 -0.319397 0.00434445
v 0.196922 -0.315004 0.00157512
v 0.195473 -0.311625 0.00132811
v 0.194023 -0.308246 0.00108111
v 0.200845 -0.317443 -0.000827874
v 0.201826 -0.313151 -0.00377292
v 0.199391 -0.314066 -0.00107974
v 0.197937 -0.31069 -0.00133161
v 0.20034 -0.309783 -0.00403996
v 0.196476 -0.307316 -0.00158694
v 0.157748 -0.355279 -0.000617737
v 0.198821 -0.306419 -0.00431675
v 0.194581 -0.323768 0.00704428
v 0.193072 -0.320369 0.00673672
v 0.194323 -0.316014 0.00408413
v 0.191564 -0.31697 0.00642917
v 0.188806 -0.317926 0.0087742
v 0.192814 -0.312615 0.00377658
v 0.190056 -0.313571 0.00612161
v 0.187161 -0.314603 0.00808143
v 0.191306 -0.309216 0.00346872
v 0.188408 -0.31025 0.00541848
v 0.18551 -0.311283 0.00736824
v 0.182612 -0.312317 0.009318
v 0.192552 -0.304863 0.000805761
v 0.189654 -0.305897 0.00275552
v 0.185762 -0.319044 0.010502
v 0.184253 -0.315642 0.0100147
v 0.184035 -0.323653 0.0124234
v 0.182527 -0.320254 0.0119352
v 0.179282 -0.321446 0.0133785
v 0.176037 -0.322639 0.0148217
v 0.181018 -0.316854 0.0114471
v 0.177774 -0.318047 0.0128903
v 0.17951 -0.313455 0.0109589
v 0.174503 -0.319302 0.0142111
v 0.176226 -0.314745 0.0122117
v 0.177949 -0.310188 0.0102123
v 0.171176 -0.320688 0.0150104
v 0.172893 -0.316149 0.0130712
v 0.169568 -0.317527 0.0138414
v 0.174611 -0.31161 0.011132
v 0.171285 -0.312988 0.0119022
v 0.16796 -0.314365 0.0126725
v 0.167776 -0.322022 0.0157481
v 0.166192 -0.318874 0.0145895
v 0.164608 -0.315726 0.0134309
v 0.159018 -0.329541 0.0175408
v 0.164347 -0.323423 0.0161924
v 0.169306 -0.325294 0.0164
v 0.165877 -0.326709 0.016781
v 0.162449 -0.328124 0.017162
v 0.172734 -0.323887 0.0159917
v 0.177413 -0.326118 0.0149418
v 0.183328 -0.331877 0.0134852
v 0.178673 -0.32961 0.0147052
v 0.179885 -0.333089 0.0142195
v 0.187967 -0.334171 0.0122253
v 0.184541 -0.335366 0.013108
v 0.174021 -0.327413 0.0157529
v 0.17059 -0.328795 0.0162191
v 0.167153 -0.330173 0.0166844
v 0.154587 -0.339357 0.0177779
v 0.163698 -0.331549 0.0171242
v 0.160275 -0.332994 0.0175064
v 0.15801 -0.337914 0.017257
v 0.152373 -0.344339 0.0172864
v 0.161466 -0.336505 0.0169166
v 0.150037 -0.348994 0.0159153
v 0.151183 -0.352317 0.0144705
v 0.147697 -0.35323 0.0136267
v 0.146561 -0.349939 0.0151253
v 0.156817 -0.334439 0.0177291
v 0.151208 -0.340988 0.0174345
v 0.153473 -0.336142 0.0175054
v 0.150327 -0.33823 0.0171628
v 0.148921 -0.345673 0.0171796
v 0.145624 -0.346667 0.0155908
v 0.14798 -0.342486 0.0164195
v 0.162787 -0.320264 0.0152184
v 0.152537 -0.333524 0.0168488
v 0.157639 -0.326839 0.0162009
v 0.154339 -0.328617 0.0159526
v 0.151063 -0.330407 0.0156492
v 0.149149 -0.335297 0.0164563
v 0.145812 -0.337193 0.0151062
v 0.147761 -0.332227 0.0150374
v 0.14502 -0.334354 0.012922
v 0.144227 -0.331516 0.0107378
v 0.141485 -0.333643 0.00862241
v 0.144015 -0.34201 0.014955
v 0.141402 -0.344013 0.0126539
v 0.143167 -0.339226 0.0128513
v 0.140554 -0.341229 0.0105503
v 0.142319 -0.336442 0.0107477
v 0.139705 -0.338444 0.00844662
v 0.159429 -0.322004 0.0151211
v 0.156151 -0.323816 0.0147617
v 0.152874 -0.325628 0.0144024
v 0.161231 -0.317306 0.0136623
v 0.157953 -0.319118 0.013303
v 0.159853 -0.314464 0.0117341
v 0.149766 -0.327552 0.0138046
v 0.154788 -0.32099 0.0128045
v 0.151804 -0.323008 0.0120169
v 0.156825 -0.316446 0.0110167
v 0.153842 -0.318464 0.0102291
v 0.150858 -0.320482 0.00944143
v 0.148818 -0.325028 0.01122
v 0.145809 -0.32707 0.0103352
v 0.14786 -0.322513 0.00860058
v 0.146781 -0.329587 0.0129318
v 0.16017 -0.352946 -0.00191189
v 0.162593 -0.350614 -0.00320605
v 0.165015 -0.348281 -0.0045002
v 0.165994 -0.345563 0.00224921
v 0.160665 -0.351593 0.00146431
v 0.144854 -0.324517 0.00774748
v 0.146906 -0.319956 0.00601631
v 0.1439 -0.321956 0.00516662
v 0.162878 -0.349063 0.000110514
v 0.165092 -0.346533 -0.00124328
v 0.186719 -0.330651 0.0124801
v 0.185394 -0.327142 0.0124994
v 0.182065 -0.328385 0.0137084
v 0.18074 -0.324876 0.0137277
v 0.188599 -0.325969 0.0109816
v 0.187258 -0.322453 0.0109547
v 0.186745 -0.30695 0.00466313
v 0.183829 -0.308016 0.006547
v 0.180913 -0.309081 0.00843087
v 0.202062 -0.336748 0.00387285
v 0.203457 -0.332178 0.00161286
v 0.202306 -0.328693 0.00185615
v 0.203039 -0.340162 0.00339803
v 0.204549 -0.335639 0.00129227
v 0.203743 -0.343511 0.00253573
v 0.192983 -0.328346 0.0091284
v 0.18994 -0.329484 0.0110084
v 0.191647 -0.324836 0.00910261
v 0.190311 -0.321327 0.00907681
v 0.186601 -0.342334 0.011574
v 0.185571 -0.338851 0.0123421
v 0.204358 -0.346883 0.00154167
v 0.200951 -0.344742 0.00465849
v 0.200389 -0.341341 0.00572981
v 0.200019 -0.356835 0.00317447
v 0.196877 -0.358199 0.00478194
v 0.19138 -0.370158 0.00118925
v 0.194317 -0.36587 0.00214311
v 0.197254 -0.361581 0.00309696
v 0.194043 -0.362763 0.00435714
v 0.183984 -0.368846 0.00492767
v 0.190565 -0.363731 0.00523921
v 0.186095 -0.357548 0.00862362
v 0.182411 -0.358318 0.00876701
v 0.189167 -0.353226 0.00946202
v 0.185483 -0.353996 0.00960542
v 0.184871 -0.350445 0.0105872
v 0.182056 -0.339995 0.0126877
v 0.181005 -0.336498 0.0133237
v 0.17639 -0.334289 0.0142787
v 0.175225 -0.330889 0.0152347
v 0.171764 -0.332236 0.0156047
v 0.153518 -0.347701 0.0159238
v 0.159173 -0.34132 0.0159914
v 0.155816 -0.342895 0.0168794
v 0.173912 -0.338521 0.0125317
v 0.17033 -0.339656 0.0124661
v 0.166748 -0.340791 0.0124004
v 0.152071 -0.3548 0.0116925
v 0.155244 -0.353098 0.0112219
v 0.163822 -0.344643 0.0102711
v 0.160914 -0.346804 0.0116108
v 0.16675 -0.342684 0.00895512
v 0.168421 -0.345126 -0.00227304
v 0.169122 -0.344055 0.00116892
v 0.167679 -0.346176 -0.00572535
v 0.166404 -0.344167 0.00564765
v 0.158207 -0.353914 0.0027992
v 0.163513 -0.347865 0.00358237
v 0.16103 -0.350165 0.00491537
v 0.163854 -0.346417 0.00703155
v 0.155782 -0.356234 0.00442911
v 0.158607 -0.352486 0.00654819
v 0.153033 -0.357766 0.00475617
v 0.152165 -0.356168 0.00760771
v 0.155336 -0.357622 0.000679406
v -0.142617 -0.549283 0.00119252
v -0.142872 -0.549274 -0.0039986
v -0.143126 -0.549264 -0.00918972
v -0.142277 -0.544066 0.00637796
v -0.14254 -0.544055 0.0011882
v -0.142967 -0.544034 -0.00400161
v -0.143211 -0.544026 -0.00920195
v -0.143275 -0.544034 -0.0144164
v -0.143243 -0.544087 -0.0196834
v -0.143099 -0.544137 -0.0249586
v -0.142737 -0.544183 -0.0302497
v -0.142267 -0.549259 -0.0248415
v -0.14175 -0.549278 -0.0300929
v -0.141233 -0.549297 -0.0353443
v -0.140564 -0.549317 -0.0405757
v -0.140555 -0.54404 -0.0460559
v -0.141569 -0.544149 -0.040827
v -0.141355 -0.539021 -0.0406988
v -0.140363 -0.538856 -0.0459539
v -0.139294 -0.538511 -0.0511169
v -0.138437 -0.523005 -0.0446097
v -0.13907 -0.528303 -0.0451427
v -0.139704 -0.533602 -0.0456757
v -0.138655 -0.533223 -0.0506441
v -0.138012 -0.52795 -0.0501506
v -0.10373 -0.522833 0.0660152
v -0.144927 -0.513191 -0.0353921
v -0.141531 -0.518097 -0.0399533
v -0.141085 -0.523391 -0.0401456
v -0.140639 -0.528684 -0.040338
v -0.140741 -0.533875 -0.0404941
v -0.142134 -0.539017 -0.0354415
v -0.142666 -0.538989 -0.0301986
v -0.141361 -0.533847 -0.0352746
v -0.142981 -0.53883 -0.014449
v -0.141987 -0.533779 -0.0249016
v -0.141228 -0.533681 -0.00417284
v -0.141475 -0.533705 -0.00934387
v -0.141723 -0.53373 -0.0145149
v -0.14197 -0.533754 -0.0196859
v -0.141954 -0.528591 -0.00946045
v -0.143392 -0.523495 -0.0147662
v -0.142015 -0.528617 -0.0146268
v -0.144831 -0.5184 -0.0200719
v -0.143454 -0.523521 -0.0199325
v -0.142076 -0.528643 -0.0197931
v -0.144892 -0.518426 -0.0252382
v -0.143515 -0.523547 -0.0250988
v -0.142137 -0.528669 -0.0249594
v -0.14633 -0.51333 -0.0305439
v -0.144822 -0.51845 -0.0304019
v -0.143304 -0.523571 -0.0302598
v -0.141785 -0.528691 -0.0301176
v -0.144399 -0.518471 -0.0355588
v -0.14288 -0.523592 -0.0354166
v -0.141362 -0.528712 -0.0352745
v -0.141913 -0.533804 -0.0301321
v -0.139554 -0.549243 -0.045783
v -0.14346 -0.549238 -0.0143788
v -0.142835 -0.549308 0.0064071
v -0.142866 -0.549244 -0.0196042
v -0.142321 -0.544219 -0.035539
v -0.142929 -0.538877 -0.0197031
v -0.142858 -0.538929 -0.024959
v -0.142358 -0.538838 -0.00407221
v -0.142707 -0.538826 -0.0092618
v -0.141913 -0.538859 0.00111475
v -0.141428 -0.538892 0.00631474
v -0.140842 -0.533696 0.0010204
v -0.140159 -0.533782 0.00623457
v -0.136358 -0.529381 0.0164751
v -0.137221 -0.529211 0.0112868
v -0.138189 -0.528501 0.00618917
v -0.139109 -0.52829 0.00104642
v -0.140833 -0.528772 -0.00426112
v -0.141481 -0.523831 -0.00954218
v -0.145669 -0.513421 -0.0253589
v -0.137398 -0.534467 0.0218014
v -0.138396 -0.534201 0.0166218
v -0.133401 -0.536254 0.0369816
v -0.134782 -0.53561 0.0319388
v -0.136162 -0.534967 0.0268959
v -0.131226 -0.53143 0.0368281
v -0.132738 -0.530704 0.0318101
v -0.131409 -0.52525 0.0265009
v -0.134171 -0.529974 0.0267669
v -0.132531 -0.524598 0.0214099
v -0.135292 -0.529339 0.0216572
v -0.136416 -0.528675 0.01658
v -0.130309 -0.519535 0.0161061
v -0.133603 -0.523964 0.0163346
v -0.142848 -0.549339 0.01162
v -0.12939 -0.520063 0.0212087
v -0.127467 -0.514739 0.0160614
v -0.126991 -0.521721 0.0312472
v -0.128305 -0.520788 0.02627
v -0.126342 -0.515501 0.0211081
v -0.124203 -0.523413 0.0413252
v -0.125605 -0.522576 0.0362796
v -0.128708 -0.526793 0.03664
v -0.130109 -0.525947 0.0315888
v -0.122448 -0.524472 0.0462868
v -0.125306 -0.528688 0.0465204
v -0.127762 -0.533228 0.046694
v -0.125618 -0.53409 0.0513439
v -0.127446 -0.538807 0.0513867
v -0.129865 -0.537843 0.0467641
v -0.131099 -0.542837 0.0467439
v -0.133008 -0.542079 0.0419869
v -0.134792 -0.541333 0.0370786
v -0.136472 -0.540621 0.0321142
v -0.137804 -0.54005 0.0270346
v -0.139789 -0.544788 0.0218064
v -0.13903 -0.539557 0.0219293
v -0.140726 -0.544481 0.0166504
v -0.141674 -0.544217 0.0115086
v -0.142009 -0.549553 0.0167067
v -0.14018 -0.550038 0.0215988
v -0.136124 -0.551426 0.0369837
v -0.137507 -0.550963 0.0318627
v -0.13889 -0.5505 0.0267417
v -0.135907 -0.546396 0.0371239
v -0.136099 -0.551693 0.0425339
v -0.137246 -0.545862 0.0320275
v -0.138582 -0.545317 0.0269348
v -0.133405 -0.547508 0.0472721
v -0.136541 -0.551923 0.0482085
v -0.134752 -0.546924 0.0422395
v -0.124837 -0.539404 0.0558243
v -0.129006 -0.543612 0.0514349
v -0.12628 -0.54418 0.0558095
v -0.12728 -0.549223 0.0556554
v -0.130907 -0.548354 0.0517018
v -0.122832 -0.529905 0.0511667
v -0.120008 -0.525771 0.0509893
v -0.117985 -0.527008 0.0555834
v -0.117243 -0.521594 0.0507499
v -0.112571 -0.52388 0.0593025
v -0.114908 -0.522737 0.0550264
v -0.108427 -0.519989 0.0583534
v -0.106015 -0.521391 0.0622071
v -0.101655 -0.518276 0.0618859
v -0.0996663 -0.521557 0.0669582
v -0.104347 -0.525058 0.0668564
v -0.106967 -0.525452 0.0653112
v -0.109732 -0.525317 0.0631738
v -0.104132 -0.516205 0.0572938
v -0.106701 -0.515137 0.0532146
v -0.109324 -0.514039 0.0491672
v -0.113217 -0.517835 0.0499159
v -0.112149 -0.512812 0.0452228
v -0.116071 -0.51659 0.0459858
v -0.110926 -0.518828 0.0542166
v -0.115502 -0.528117 0.0599063
v -0.118031 -0.532241 0.060735
v -0.120991 -0.531281 0.0561522
v -0.121816 -0.540918 0.0610963
v -0.122335 -0.54717 0.0623708
v -0.140778 -0.539038 0.0115369
v -0.117754 -0.542933 0.0664101
v -0.118731 -0.54808 0.0667039
v -0.11295 -0.538489 0.0698729
v -0.115033 -0.533202 0.0652954
v -0.116574 -0.537935 0.0659768
v -0.111248 -0.533793 0.0687612
v -0.105636 -0.530038 0.0705053
v -0.107356 -0.534314 0.0720868
v -0.13991 -0.539297 0.0167373
v -0.101192 -0.529687 0.0731167
v -0.0991828 -0.540143 0.0785421
v -0.139388 -0.533936 0.0114413
v -0.100718 -0.545225 0.0794459
v -0.101793 -0.550369 0.0797923
v -0.105204 -0.544583 0.0767008
v -0.10628 -0.549727 0.077047
v -0.110601 -0.54916 0.0737987
v -0.108648 -0.539091 0.0730292
v -0.109608 -0.544107 0.0734205
v -0.102634 -0.534742 0.0747883
v -0.104154 -0.539573 0.0761832
v -0.115007 -0.548634 0.0705866
v -0.114011 -0.54355 0.0702475
v -0.119994 -0.537114 0.0617718
v -0.109301 -0.529565 0.0672344
v -0.112526 -0.528987 0.0639411
v -0.119016 -0.520577 0.0459402
v -0.120641 -0.519601 0.0409983
v -0.118226 -0.515197 0.0358714
v -0.122226 -0.518569 0.0360617
v -0.119755 -0.514085 0.0309425
v -0.121214 -0.512874 0.0260231
v -0.122674 -0.511663 0.0211037
v -0.116724 -0.509941 0.0258162
v -0.11785 -0.508932 0.0208926
v -0.114614 -0.511699 0.04107
v -0.116848 -0.516048 0.0408663
v -0.115379 -0.511161 0.035943
v -0.116033 -0.510603 0.0308526
v -0.123668 -0.517398 0.031127
v -0.125012 -0.516445 0.0261084
v -0.131775 -0.537025 0.0419366
v -0.127149 -0.527704 0.0416382
v -0.129617 -0.532233 0.0418132
v -0.212348 -0.359796 -0.0294061
v -0.212713 -0.359437 -0.0334257
v -0.211615 -0.362988 -0.037919
v -0.210996 -0.360209 -0.0212951
v -0.211707 -0.36002 -0.0253546
v -0.207993 -0.36375 -0.0178259
v -0.208995 -0.363729 -0.0218826
v -0.192694 -0.379264 -0.0129018
v -0.202213 -0.370326 -0.014987
v -0.199164 -0.373156 -0.0156667
v -0.205634 -0.367049 -0.0184315
v -0.202586 -0.369878 -0.0191112
v -0.196078 -0.375939 -0.0163568
v -0.199414 -0.372552 -0.0198255
v -0.205976 -0.36656 -0.0225647
v -0.202749 -0.369166 -0.0232941
v -0.192717 -0.378344 -0.0170744
v -0.19612 -0.375058 -0.0205489
v -0.192522 -0.377109 -0.0212454
v -0.189288 -0.381598 -0.013466
v -0.185615 -0.383559 -0.0137862
v -0.189081 -0.380349 -0.0175802
v -0.185408 -0.38231 -0.0179004
v -0.188874 -0.3791 -0.0216943
v -0.18182 -0.385325 -0.014111
v -0.178005 -0.387062 -0.0144364
v -0.184914 -0.383225 -0.00971397
v -0.181154 -0.385089 -0.010035
v -0.177394 -0.386954 -0.010356
v -0.199523 -0.371772 -0.0240235
v -0.210739 -0.363758 -0.0298633
v -0.211208 -0.363362 -0.0338947
v -0.209384 -0.367402 -0.0343276
v -0.209808 -0.366977 -0.038372
v -0.209713 -0.366322 -0.0425158
v -0.209068 -0.365807 -0.0465703
v -0.208423 -0.365292 -0.0506248
v -0.207778 -0.364778 -0.0546793
v -0.207133 -0.364263 -0.0587337
v -0.210381 -0.361618 -0.05007
v -0.209764 -0.361112 -0.054131
v -0.209147 -0.360606 -0.058192
v -0.208529 -0.3601 -0.0622531
v -0.207455 -0.359803 -0.0658973
v -0.209804 -0.352821 -0.065883
v -0.208715 -0.356277 -0.0658215
v -0.210424 -0.34897 -0.0660059
v -0.211019 -0.340963 -0.0662776
v -0.210848 -0.345019 -0.0661465
v -0.211871 -0.328298 -0.0623493
v -0.210983 -0.336863 -0.0663557
v -0.213375 -0.336454 -0.0581313
v -0.21199 -0.332419 -0.062292
v -0.212119 -0.336558 -0.062236
v -0.212249 -0.340697 -0.06218
v -0.213488 -0.34059 -0.0580728
v -0.213274 -0.344692 -0.0579642
v -0.212292 -0.344826 -0.0621109
v -0.214588 -0.344832 -0.0496207
v -0.213988 -0.344766 -0.0538011
v -0.213677 -0.348915 -0.0536903
v -0.212819 -0.348772 -0.0578386
v -0.212132 -0.352796 -0.057708
v -0.214775 -0.349539 -0.0415099
v -0.214527 -0.349313 -0.0455484
v -0.214278 -0.349088 -0.049587
v -0.212853 -0.353068 -0.0536128
v -0.215056 -0.349813 -0.0375371
v -0.213682 -0.35387 -0.0416673
v -0.212593 -0.358209 -0.041833
v -0.211504 -0.362547 -0.0419988
v -0.213397 -0.35359 -0.0456317
v -0.212308 -0.357928 -0.0457974
v -0.213113 -0.35331 -0.049596
v -0.212023 -0.357648 -0.0497618
v -0.213771 -0.354104 -0.0336121
v -0.21391 -0.354113 -0.0376881
v -0.212765 -0.358412 -0.0378391
v -0.214487 -0.350257 -0.0295206
v -0.214808 -0.349976 -0.0335117
v -0.214628 -0.346386 -0.0254896
v -0.213884 -0.342556 -0.0173523
v -0.211704 -0.343194 -0.00953594
v -0.212793 -0.342872 -0.0134453
v -0.212158 -0.334683 -0.0124871
v -0.212585 -0.338871 -0.0129161
v -0.213565 -0.338456 -0.0168758
v -0.210896 -0.335238 -0.00860759
v -0.209051 -0.336081 -0.00496955
v -0.206785 -0.337035 -0.00171232
v -0.203296 -0.334017 0.00185174
v -0.205692 -0.333035 -0.00139084
v -0.202138 -0.330029 0.00219953
v -0.204711 -0.328982 -0.000984067
v -0.207169 -0.327965 -0.00428092
v -0.208165 -0.332024 -0.00461261
v -0.203388 -0.324992 -0.000825541
v -0.197694 -0.318214 0.00235046
v -0.199419 -0.322064 0.00251318
v -0.200407 -0.317115 -0.000765533
v -0.201788 -0.321094 -0.000884852
v -0.204543 -0.319979 -0.0039668
v -0.205924 -0.323958 -0.00408612
v -0.209042 -0.327151 -0.00801099
v -0.207696 -0.323164 -0.0078687
v -0.205134 -0.315145 -0.0075323
v -0.206384 -0.319166 -0.00771716
v -0.207195 -0.314247 -0.0111841
v -0.208445 -0.318268 -0.011369
v -0.209696 -0.322289 -0.0115538
v -0.207489 -0.309478 -0.0148919
v -0.206475 -0.305392 -0.0145546
v -0.210819 -0.326349 -0.0118015
v -0.208638 -0.313537 -0.0151398
v -0.20987 -0.31758 -0.0153648
v -0.211102 -0.321622 -0.0155898
v -0.208921 -0.308811 -0.0189281
v -0.210153 -0.312853 -0.0191531
v -0.211385 -0.316896 -0.0193781
v -0.212014 -0.325759 -0.0158581
v -0.212234 -0.321052 -0.019655
v -0.212969 -0.325241 -0.0199472
v -0.213704 -0.32943 -0.0202394
v -0.213216 -0.320529 -0.023766
v -0.212346 -0.316385 -0.0234979
v -0.213645 -0.320201 -0.0280238
v -0.214944 -0.324017 -0.0325496
v -0.212148 -0.311873 -0.0276575
v -0.212888 -0.316039 -0.0278384
v -0.211978 -0.307354 -0.0318247
v -0.212719 -0.31152 -0.0320056
v -0.213459 -0.315686 -0.0321866
v -0.214199 -0.319852 -0.0323675
v -0.212356 -0.30712 -0.0362064
v -0.21307 -0.311302 -0.0363919
v -0.213758 -0.315492 -0.0365749
v -0.214403 -0.319692 -0.0367541
v -0.213146 -0.311202 -0.0407855
v -0.213776 -0.315397 -0.0409547
v -0.214348 -0.319575 -0.0410851
v -0.214951 -0.323876 -0.0368779
v -0.214836 -0.323772 -0.0411896
v -0.215177 -0.328005 -0.0412476
v -0.215282 -0.328116 -0.0369523
v -0.215497 -0.332252 -0.0413394
v -0.215553 -0.332409 -0.037112
v -0.214897 -0.328636 -0.028564
v -0.215258 -0.328313 -0.0327394
v -0.215495 -0.332628 -0.0329082
v -0.214754 -0.333282 -0.0246615
v -0.214955 -0.337611 -0.0250121
v -0.215134 -0.332952 -0.028738
v -0.215335 -0.33728 -0.0290886
v -0.215671 -0.336979 -0.0331269
v -0.214886 -0.341993 -0.0252595
v -0.215185 -0.341701 -0.0292815
v -0.215483 -0.341409 -0.0333035
v -0.215265 -0.345759 -0.0333967
v -0.215391 -0.345469 -0.0374191
v -0.215517 -0.345179 -0.0414414
v -0.215622 -0.341104 -0.0373105
v -0.21568 -0.336707 -0.0371787
v -0.215599 -0.340805 -0.0413275
v -0.215573 -0.336518 -0.0413394
v -0.215307 -0.336421 -0.0455496
v -0.215347 -0.340684 -0.0455164
v -0.214777 -0.336388 -0.0497514
v -0.214817 -0.34065 -0.0497181
v -0.215265 -0.332179 -0.0455849
v -0.214731 -0.332177 -0.0497902
v -0.214245 -0.336375 -0.0539554
v -0.214675 -0.323685 -0.0454911
v -0.214977 -0.327933 -0.0455406
v -0.214548 -0.327951 -0.0497824
v -0.214201 -0.323728 -0.0497563
v -0.213789 -0.319493 -0.0497286
v -0.213161 -0.319584 -0.0539855
v -0.212263 -0.319766 -0.0581842
v -0.210264 -0.307215 -0.0578459
v -0.210986 -0.311387 -0.0579756
v -0.211707 -0.315558 -0.0581054
v -0.209699 -0.311686 -0.0620881
v -0.210412 -0.315853 -0.062207
v -0.211125 -0.32002 -0.0623258
v -0.210149 -0.324562 -0.0664012
v -0.211717 -0.324188 -0.0623915
v -0.210523 -0.328672 -0.0663765
v -0.209659 -0.303025 -0.0577544
v -0.212448 -0.311103 -0.0539622
v -0.212714 -0.315351 -0.053944
v -0.213076 -0.311133 -0.0451786
v -0.212435 -0.306885 -0.0495683
v -0.212816 -0.311103 -0.0495886
v -0.213197 -0.315321 -0.049609
v -0.211794 -0.302638 -0.0539579
v -0.212175 -0.306856 -0.0539782
v -0.213549 -0.323834 -0.0540084
v -0.212697 -0.324002 -0.0582231
v -0.213632 -0.315309 -0.0452826
v -0.214244 -0.319472 -0.0454138
v -0.212488 -0.306947 -0.0451235
v -0.211593 -0.302955 -0.0360434
v -0.211656 -0.302874 -0.0405261
v -0.212472 -0.307019 -0.0406653
v -0.21172 -0.302792 -0.0450089
v -0.211783 -0.302711 -0.0494917
v -0.213899 -0.324736 -0.0240683
v -0.21452 -0.328964 -0.0243819
v -0.214428 -0.324374 -0.0283077
v -0.20764 -0.30479 -0.0187424
v -0.20879 -0.30427 -0.0230466
v -0.210135 -0.308262 -0.0231817
v -0.21148 -0.312254 -0.0233168
v -0.209941 -0.30375 -0.0273507
v -0.211285 -0.307742 -0.0274859
v -0.211091 -0.30323 -0.0316549
v -0.204021 -0.311086 -0.00725448
v -0.205416 -0.306006 -0.0103272
v -0.206229 -0.310148 -0.0108075
v -0.195468 -0.305523 -0.00122497
v -0.198448 -0.304326 -0.00415199
v -0.200055 -0.308201 -0.00398814
v -0.201428 -0.303128 -0.007079
v -0.203035 -0.307003 -0.00691515
v -0.19449 -0.310443 0.00215596
v -0.19719 -0.309354 -0.000976681
v -0.2017 -0.312061 -0.00379625
v -0.196274 -0.314253 0.00244017
v -0.19899 -0.313155 -0.000675105
v -0.189564 -0.307939 0.00435217
v -0.191549 -0.31165 0.00492605
v -0.192643 -0.306665 0.00178659
v -0.186345 -0.30928 0.00674726
v -0.18826 -0.313024 0.00723718
v -0.186771 -0.318189 0.00987015
v -0.190082 -0.316806 0.0075915
v -0.19158 -0.320723 0.0074723
v -0.193077 -0.324639 0.00735311
v -0.193393 -0.315423 0.00531285
v -0.183114 -0.31969 0.0113908
v -0.188151 -0.322146 0.00949255
v -0.194884 -0.319349 0.00519773
v -0.196357 -0.323295 0.00509201
v -0.19783 -0.327241 0.00498628
v -0.177897 -0.3173 0.0129438
v -0.181429 -0.315851 0.0112354
v -0.182865 -0.310714 0.00858463
v -0.184961 -0.314401 0.00952701
v -0.175855 -0.313709 0.0121089
v -0.179357 -0.312206 0.010341
v -0.20317 -0.316004 -0.00383611
v -0.200853 -0.326028 0.00240489
v -0.198909 -0.331276 0.00450373
v -0.210183 -0.331173 -0.00825597
v -0.211734 -0.330481 -0.0120722
v -0.212739 -0.329951 -0.0161521
v -0.21315 -0.334213 -0.0165039
v -0.214155 -0.333683 -0.0205838
v -0.214565 -0.337945 -0.0209356
v -0.209504 -0.340095 -0.00544901
v -0.211409 -0.339253 -0.00904035
v -0.214704 -0.342286 -0.0212413
v -0.215139 -0.346077 -0.029416
v -0.214349 -0.346676 -0.0214956
v -0.213075 -0.346828 -0.017605
v -0.213612 -0.350437 -0.0255756
v -0.215247 -0.344924 -0.0454665
v -0.214253 -0.340603 -0.0539104
v -0.213875 -0.328059 -0.0540215
v -0.214113 -0.332201 -0.0539912
v -0.212965 -0.328172 -0.0582077
v -0.213204 -0.332314 -0.0581773
v -0.210798 -0.33277 -0.0663664
v -0.211797 -0.348733 -0.0619781
v -0.211257 -0.352609 -0.0618415
v -0.210357 -0.356423 -0.0618523
v -0.210988 -0.362115 -0.0460156
v -0.211642 -0.357304 -0.053748
v -0.211079 -0.356841 -0.0577757
v -0.207528 -0.370613 -0.0388808
v -0.207486 -0.369824 -0.0430302
v -0.204748 -0.373017 -0.0435854
v -0.201987 -0.3764 -0.0442479
v -0.204559 -0.371685 -0.0474486
v -0.201624 -0.374631 -0.0478878
v -0.205562 -0.37028 -0.0310231
v -0.19843 -0.376564 -0.0490219
v -0.198852 -0.379322 -0.0450175
v -0.204773 -0.373941 -0.039512
v -0.201132 -0.377423 -0.0358451
v -0.201729 -0.377075 -0.0400574
v -0.197819 -0.380109 -0.0364596
v -0.198391 -0.379777 -0.0406674
v -0.204403 -0.374521 -0.0352689
v -0.201174 -0.372731 -0.0277408
v -0.202825 -0.373691 -0.0314581
v -0.20012 -0.377269 -0.0318103
v -0.20718 -0.371073 -0.0348233
v -0.196262 -0.374269 -0.0246343
v -0.193 -0.376767 -0.025245
v -0.198004 -0.375601 -0.0283126
v -0.194742 -0.378098 -0.0289234
v -0.196484 -0.37943 -0.0326018
v -0.181937 -0.384537 -0.0181783
v -0.186116 -0.382272 -0.0218222
v -0.190296 -0.380007 -0.0254661
v -0.187805 -0.383533 -0.0255378
v -0.191985 -0.381268 -0.0291817
v -0.209572 -0.363443 -0.0259662
v -0.20676 -0.366476 -0.026589
v -0.203948 -0.369509 -0.0272119
v -0.208374 -0.367247 -0.0304003
v -0.169661 -0.207397 -0.0500554
v -0.176657 -0.215727 -0.0449797
v -0.168155 -0.204266 -0.0389906
v -0.165231 -0.199695 -0.0435616
v -0.168088 -0.203703 -0.0439161
v -0.170944 -0.207711 -0.0442706
v -0.173801 -0.211719 -0.0446252
v -0.167916 -0.204978 -0.0340842
v -0.170945 -0.208306 -0.0393493
v -0.170695 -0.208999 -0.0344213
v -0.173484 -0.213005 -0.0347489
v -0.176273 -0.217011 -0.0350764
v -0.173699 -0.212363 -0.0397094
v -0.176489 -0.216369 -0.0400369
v -0.174686 -0.218938 -0.0254601
v -0.177494 -0.222933 -0.0257824
v -0.170047 -0.209881 -0.0295749
v -0.172855 -0.213877 -0.0298972
v -0.175664 -0.217872 -0.0302196
v -0.178489 -0.221854 -0.0305337
v -0.169088 -0.210941 -0.024834
v -0.171885 -0.21494 -0.0251446
v -0.167247 -0.205883 -0.0292612
v -0.163163 -0.20318 -0.0242082
v -0.166285 -0.206946 -0.0245233
v -0.157957 -0.194531 -0.028317
v -0.161079 -0.198297 -0.0286321
v -0.1642 -0.202063 -0.0289471
v -0.153861 -0.191854 -0.0234171
v -0.156957 -0.195631 -0.0236696
v -0.160054 -0.199409 -0.0239221
v -0.151741 -0.186987 -0.0277535
v -0.154838 -0.190764 -0.028006
v -0.1525 -0.193245 -0.0190296
v -0.150418 -0.188348 -0.0233463
v -0.140978 -0.184078 -0.0145367
v -0.144361 -0.187602 -0.0145771
v -0.145696 -0.186214 -0.0189411
v -0.149079 -0.189738 -0.0189815
v -0.147031 -0.184826 -0.023305
v -0.148366 -0.183438 -0.027669
v -0.142393 -0.182646 -0.0188336
v -0.143991 -0.181112 -0.0229765
v -0.14508 -0.17986 -0.0272771
v -0.145872 -0.178773 -0.03167
v -0.146287 -0.177874 -0.036169
v -0.14957 -0.181418 -0.0368025
v -0.146122 -0.177151 -0.0408126
v -0.149482 -0.180728 -0.0414364
v -0.145818 -0.176484 -0.0455075
v -0.148888 -0.180215 -0.0462482
v -0.144837 -0.176297 -0.050215
v -0.143758 -0.176201 -0.0548762
v -0.146991 -0.179753 -0.055742
v -0.141947 -0.176607 -0.0593754
v -0.145064 -0.180243 -0.0602288
v -0.139889 -0.177112 -0.0639313
v -0.148141 -0.183977 -0.0610152
v -0.1512 -0.187756 -0.0617707
v -0.142956 -0.180869 -0.0647016
v -0.146015 -0.184648 -0.0654571
v -0.149073 -0.188427 -0.0662126
v -0.152132 -0.192205 -0.0669681
v -0.154132 -0.191597 -0.0624897
v -0.155039 -0.196077 -0.0676914
v -0.157767 -0.200073 -0.068365
v -0.160494 -0.204069 -0.0690386
v -0.163222 -0.208065 -0.0697122
v -0.157986 -0.205127 -0.0732686
v -0.165918 -0.212067 -0.0702749
v -0.16071 -0.209124 -0.0739287
v -0.163384 -0.213131 -0.0744154
v -0.16604 -0.21717 -0.0748744
v -0.160673 -0.214505 -0.0782811
v -0.146003 -0.189924 -0.0701019
v -0.149035 -0.19367 -0.0709787
v -0.151887 -0.203 -0.0760061
v -0.154918 -0.206746 -0.0768829
v -0.15795 -0.210492 -0.0777597
v -0.140132 -0.182218 -0.0685874
v -0.143041 -0.1861 -0.0693121
v -0.13733 -0.183602 -0.0723712
v -0.14024 -0.187484 -0.0730958
v -0.143149 -0.191365 -0.0738204
v -0.146059 -0.195247 -0.0745451
v -0.148968 -0.199129 -0.0752697
v -0.137438 -0.188867 -0.0768796
v -0.140348 -0.192749 -0.0776042
v -0.143257 -0.196631 -0.0783288
v -0.146166 -0.200513 -0.0790535
v -0.149076 -0.204394 -0.0797781
v -0.151985 -0.208276 -0.0805027
v -0.154895 -0.212158 -0.0812274
v -0.157804 -0.21604 -0.081952
v -0.137546 -0.194133 -0.081388
v -0.140456 -0.198014 -0.0821126
v -0.143365 -0.201896 -0.0828372
v -0.146221 -0.205835 -0.0834903
v -0.149027 -0.209829 -0.0840757
v -0.16053 -0.220092 -0.0823802
v -0.163049 -0.224341 -0.0824833
v -0.165569 -0.228589 -0.0825865
v -0.168134 -0.232812 -0.0827382
v -0.157119 -0.222149 -0.0851875
v -0.1597 -0.226363 -0.0853556
v -0.16228 -0.230577 -0.0855237
v -0.16486 -0.23479 -0.0856919
v -0.154514 -0.217954 -0.0849916
v -0.15099 -0.220121 -0.0876641
v -0.153662 -0.224266 -0.087935
v -0.156334 -0.228411 -0.088206
v -0.159006 -0.232556 -0.088477
v -0.14831 -0.215984 -0.0873712
v -0.139125 -0.210226 -0.0885974
v -0.141817 -0.214346 -0.0889233
v -0.14451 -0.218462 -0.0892523
v -0.147191 -0.222587 -0.0895455
v -0.149845 -0.22673 -0.0897594
v -0.137938 -0.21683 -0.0905588
v -0.152489 -0.230855 -0.0899857
v -0.155129 -0.234971 -0.0902187
v -0.157768 -0.239086 -0.0904517
v -0.140586 -0.220963 -0.0907795
v -0.143226 -0.225079 -0.0910126
v -0.145866 -0.229194 -0.0912456
v -0.148505 -0.23331 -0.0914786
v -0.162656 -0.247638 -0.0901089
v -0.158653 -0.24997 -0.0916351
v -0.169001 -0.249584 -0.0883016
v -0.165001 -0.251916 -0.0898524
v -0.156305 -0.245708 -0.0918802
v -0.152157 -0.248272 -0.0920713
v -0.154539 -0.252482 -0.0921298
v -0.144459 -0.235979 -0.0920991
v -0.14703 -0.240074 -0.0920881
v -0.149601 -0.244169 -0.0920772
v -0.142839 -0.242664 -0.0922951
v -0.14541 -0.246759 -0.0922841
v -0.147981 -0.250854 -0.0922731
v -0.137698 -0.234478 -0.0922636
v -0.140269 -0.238569 -0.0923052
v -0.130956 -0.232995 -0.0918152
v -0.133533 -0.23708 -0.0917976
v -0.136109 -0.241165 -0.09178
v -0.123057 -0.220865 -0.0912322
v -0.125705 -0.224897 -0.0914802
v -0.128354 -0.228929 -0.0917281
v -0.120401 -0.216833 -0.0910086
v -0.116324 -0.219355 -0.0900332
v -0.118979 -0.223388 -0.0902468
v -0.113664 -0.21532 -0.0897758
v -0.111011 -0.211276 -0.0889845
v -0.112255 -0.204697 -0.0894819
v -0.108036 -0.190195 -0.0872096
v -0.110791 -0.194166 -0.0881858
v -0.109533 -0.200702 -0.0887613
v -0.103986 -0.192845 -0.0872449
v -0.106765 -0.196759 -0.0879313
v -0.176644 -0.219144 -0.0571581
v -0.118569 -0.188829 -0.0864312
v -0.111948 -0.187484 -0.0868679
v -0.114727 -0.191422 -0.0877272
v -0.121364 -0.192764 -0.0872845
v -0.124168 -0.196741 -0.0879118
v -0.126971 -0.200717 -0.0885391
v -0.127993 -0.194211 -0.0863101
v -0.130799 -0.198184 -0.0869519
v -0.128704 -0.188065 -0.0831686
v -0.125135 -0.190298 -0.0855292
v -0.131617 -0.191902 -0.0840205
v -0.133597 -0.202165 -0.0875636
v -0.129733 -0.204712 -0.0891139
v -0.132494 -0.208707 -0.0896876
v -0.123019 -0.203354 -0.0897766
v -0.125781 -0.207353 -0.0903349
v -0.120256 -0.199358 -0.0891905
v -0.116296 -0.202089 -0.0899549
v -0.128533 -0.211367 -0.0907774
v -0.119034 -0.206099 -0.0903473
v -0.121767 -0.21011 -0.0907058
v -0.124499 -0.214121 -0.0910642
v -0.131262 -0.215385 -0.0911401
v -0.13395 -0.219467 -0.0915449
v -0.127191 -0.218198 -0.0914653
v -0.129879 -0.22228 -0.0918701
v -0.117491 -0.195374 -0.08854
v -0.113543 -0.198131 -0.0891387
v -0.114959 -0.208737 -0.0901619
v -0.121636 -0.22742 -0.0904573
v -0.124311 -0.231442 -0.0906161
v -0.126922 -0.235511 -0.0905466
v -0.129528 -0.239585 -0.0904569
v -0.132133 -0.243659 -0.0903671
v -0.134739 -0.247733 -0.0902773
v -0.138696 -0.245246 -0.0917309
v -0.141299 -0.249321 -0.0916507
v -0.143902 -0.253396 -0.0915706
v -0.1177 -0.212794 -0.0907414
v -0.132533 -0.226314 -0.0921187
v -0.135128 -0.230388 -0.092222
v -0.164128 -0.241018 -0.0886187
v -0.166606 -0.245301 -0.0885007
v -0.160281 -0.243345 -0.0904134
v -0.151144 -0.237434 -0.0916863
v -0.153783 -0.241574 -0.0918491
v -0.136598 -0.223596 -0.0917519
v -0.139237 -0.227736 -0.0919147
v -0.141876 -0.231875 -0.0920775
v -0.135252 -0.212709 -0.0902499
v -0.134452 -0.195834 -0.0846915
v -0.137224 -0.199864 -0.0852281
v -0.139996 -0.203894 -0.0857647
v -0.142767 -0.207923 -0.0863013
v -0.145539 -0.211953 -0.0868379
v -0.136385 -0.20616 -0.0881434
v -0.170714 -0.237027 -0.0828938
v -0.16744 -0.23901 -0.0857934
v -0.17002 -0.243233 -0.0858722
v -0.161587 -0.236772 -0.0886143
v -0.170942 -0.225683 -0.0754136
v -0.173551 -0.229861 -0.075613
v -0.165738 -0.222886 -0.078899
v -0.168347 -0.227064 -0.0790984
v -0.170956 -0.231242 -0.0792977
v -0.151796 -0.213862 -0.0845989
v -0.134584 -0.184948 -0.0762045
v -0.131848 -0.186287 -0.0800463
v -0.134641 -0.190248 -0.0806675
v -0.168532 -0.221388 -0.0751804
v -0.16328 -0.218619 -0.0786738
v -0.168471 -0.216184 -0.0706701
v -0.171007 -0.220318 -0.0710513
v -0.170555 -0.215518 -0.0664585
v -0.173061 -0.219676 -0.0668562
v -0.175568 -0.223834 -0.0672539
v -0.17352 -0.224471 -0.0714453
v -0.161664 -0.198946 -0.0592835
v -0.164346 -0.20297 -0.0599487
v -0.167028 -0.206994 -0.0606139
v -0.169709 -0.211018 -0.0612791
v -0.172391 -0.215043 -0.0619443
v -0.175073 -0.219067 -0.0626095
v -0.165256 -0.20742 -0.0652268
v -0.167938 -0.211444 -0.0658921
v -0.14982 -0.193091 -0.0711556
v -0.152541 -0.197106 -0.0718648
v -0.155262 -0.20112 -0.072574
v -0.146933 -0.189233 -0.0704099
v -0.156923 -0.195543 -0.0631842
v -0.15973 -0.199482 -0.0638699
v -0.162537 -0.203421 -0.0645556
v -0.158902 -0.194977 -0.0586079
v -0.143884 -0.185449 -0.0696625
v -0.150088 -0.183439 -0.0565288
v -0.153026 -0.187285 -0.0572218
v -0.155964 -0.191131 -0.0579149
v -0.157034 -0.191208 -0.0532421
v -0.159828 -0.195154 -0.0539182
v -0.162621 -0.1991 -0.0545942
v -0.165415 -0.203046 -0.0552702
v -0.168208 -0.206991 -0.0559463
v -0.171002 -0.210937 -0.0566223
v -0.151914 -0.183968 -0.0469833
v -0.154929 -0.187727 -0.047717
v -0.157944 -0.191486 -0.0484507
v -0.160959 -0.195244 -0.0491843
v -0.163975 -0.199003 -0.049918
v -0.148202 -0.179752 -0.0510965
v -0.151217 -0.183511 -0.0518302
v -0.154232 -0.187269 -0.0525639
v -0.152874 -0.185089 -0.0372308
v -0.155937 -0.188949 -0.0376551
v -0.159059 -0.192012 -0.0427748
v -0.162227 -0.195799 -0.0431868
v -0.147614 -0.191204 -0.0146765
v -0.150778 -0.19486 -0.0148165
v -0.153928 -0.198558 -0.0149817
v -0.157072 -0.202275 -0.015159
v -0.160216 -0.205992 -0.0153363
v -0.16196 -0.204437 -0.019685
v -0.165091 -0.208163 -0.0198752
v -0.169343 -0.217442 -0.0159405
v -0.170386 -0.223045 -0.0119239
v -0.173456 -0.226841 -0.0120971
v -0.163314 -0.209757 -0.0155111
v -0.166384 -0.213553 -0.0156844
v -0.155788 -0.209881 -0.00739894
v -0.158859 -0.213677 -0.00757102
v -0.155033 -0.204067 -0.0110628
v -0.158104 -0.207862 -0.0112349
v -0.161174 -0.211658 -0.011407
v -0.164245 -0.215453 -0.0115791
v -0.167316 -0.219249 -0.0117511
v -0.146298 -0.198821 -0.00718034
v -0.149467 -0.2025 -0.00724677
v -0.152637 -0.20618 -0.0073132
v -0.153467 -0.218322 -0.000849844
v -0.146803 -0.20483 -0.00383089
v -0.149967 -0.208513 -0.00390427
v -0.153131 -0.212197 -0.00397765
v -0.130865 -0.199172 0.00118118
v -0.134116 -0.202799 0.00128646
v -0.137368 -0.206426 0.00139174
v -0.14062 -0.210053 0.00149702
v -0.133999 -0.196534 -0.00139679
v -0.13725 -0.200161 -0.00129151
v -0.140502 -0.203787 -0.00118623
v -0.143753 -0.207414 -0.00108095
v -0.147005 -0.211041 -0.000975665
v -0.150257 -0.214668 -0.000870383
v -0.140384 -0.197522 -0.00386947
v -0.143636 -0.201149 -0.00376419
v -0.143857 -0.213684 0.00159739
v -0.143549 -0.220169 0.0035285
v -0.146682 -0.223863 0.00339043
v -0.147053 -0.217336 0.00162417
v -0.150186 -0.22103 0.0014861
v -0.149714 -0.227633 0.00319758
v -0.152625 -0.231495 0.00293907
v -0.155537 -0.235357 0.00268055
v -0.158448 -0.239219 0.00242203
v -0.153223 -0.224796 0.00129606
v -0.156135 -0.228658 0.00103755
v -0.161392 -0.243082 0.00224918
v -0.164392 -0.246947 0.00221659
v -0.159113 -0.232522 0.000950363
v -0.178022 -0.219446 -0.0512949
v -0.162022 -0.236434 0.000652438
v -0.16493 -0.240346 0.000349881
v -0.167837 -0.244259 4.7323e-05
v -0.156508 -0.222123 -0.00106386
v -0.159385 -0.22605 -0.00141794
v -0.162262 -0.229978 -0.00177202
v -0.165139 -0.233905 -0.0021261
v -0.168016 -0.237832 -0.00248018
v -0.16508 -0.227592 -0.00505259
v -0.167957 -0.231519 -0.00540667
v -0.170834 -0.235446 -0.00576075
v -0.170774 -0.229134 -0.00868724
v -0.173651 -0.233061 -0.00904132
v -0.13084 -0.205511 0.00361839
v -0.134026 -0.209169 0.00362011
v -0.137213 -0.212827 0.00362183
v -0.140399 -0.216486 0.00362356
v -0.133706 -0.190438 -0.00435965
v -0.137112 -0.193915 -0.00400746
v -0.1368 -0.187839 -0.00700222
v -0.139128 -0.185801 -0.0105237
v -0.156255 -0.215919 -0.00409771
v -0.15922 -0.219797 -0.00440304
v -0.162185 -0.223675 -0.00470836
v -0.161928 -0.217473 -0.00774409
v -0.164893 -0.221351 -0.00804941
v -0.167858 -0.225228 -0.00835474
v -0.13992 -0.191525 -0.0070068
v -0.143121 -0.195153 -0.00710599
v -0.142323 -0.189433 -0.010618
v -0.145524 -0.193061 -0.0107172
v -0.148725 -0.19669 -0.0108164
v -0.151925 -0.200318 -0.0109156
v -0.155658 -0.196974 -0.0192497
v -0.158812 -0.200706 -0.019472
v -0.172226 -0.221387 -0.0162336
v -0.175035 -0.225379 -0.0165381
v -0.168019 -0.212069 -0.0201496
v -0.170828 -0.21606 -0.0204542
v -0.173637 -0.220052 -0.0207587
v -0.176446 -0.224043 -0.0210633
v -0.152673 -0.185917 -0.0324444
v -0.155756 -0.189701 -0.0327685
v -0.158839 -0.193484 -0.0330926
v -0.161922 -0.197268 -0.0334167
v -0.165005 -0.201051 -0.0337409
v -0.149584 -0.182136 -0.0321206
v -0.15903 -0.192744 -0.0379946
v -0.162155 -0.196509 -0.0383165
v -0.16528 -0.200275 -0.0386384
v -0.1526 -0.184486 -0.0420222
v -0.155834 -0.188247 -0.0423959
v -0.163139 -0.19982 -0.0494551
v -0.166373 -0.203581 -0.0498288
v -0.173678 -0.215154 -0.0568879
v -0.172884 -0.211374 -0.0500847
v -0.175453 -0.21541 -0.0506898
v -0.307751 -0.444264 -0.17284
v -0.291102 -0.407713 -0.162653
v -0.292822 -0.415085 -0.164715
v -0.294543 -0.422457 -0.166777
v -0.296263 -0.429829 -0.168839
v -0.297984 -0.437201 -0.170901
v -0.299705 -0.444572 -0.172963
v -0.301425 -0.451944 -0.175025
v -0.303146 -0.459316 -0.177088
v -0.297209 -0.398942 -0.159737
v -0.298993 -0.40648 -0.161777
v -0.300788 -0.414032 -0.163815
v -0.302515 -0.421552 -0.166049
v -0.304584 -0.403926 -0.16617
v -0.306347 -0.41158 -0.168318
v -0.309404 -0.451932 -0.175437
v -0.300296 -0.388758 -0.162616
v -0.302478 -0.396339 -0.164371
v -0.297943 -0.381219 -0.160938
v -0.295332 -0.373868 -0.15921
v -0.290924 -0.376811 -0.153824
v -0.293077 -0.384163 -0.155786
v -0.29523 -0.391516 -0.157748
v -0.281224 -0.371803 -0.152235
v -0.283471 -0.378971 -0.154351
v -0.2788 -0.364744 -0.150077
v -0.273537 -0.35082 -0.145798
v -0.276162 -0.357795 -0.147916
v -0.267976 -0.337073 -0.141077
v -0.270761 -0.343944 -0.143444
v -0.265207 -0.330139 -0.138831
v -0.262396 -0.323149 -0.13673
v -0.256266 -0.309753 -0.131939
v -0.259431 -0.316342 -0.134405
v -0.255965 -0.292727 -0.129559
v -0.259221 -0.299454 -0.131917
v -0.252412 -0.286127 -0.127434
v -0.26264 -0.306234 -0.133852
v -0.265635 -0.313145 -0.136077
v -0.268927 -0.320072 -0.137839
v -0.27221 -0.326971 -0.139695
v -0.277739 -0.341043 -0.144102
v -0.280527 -0.34807 -0.146182
v -0.283337 -0.355115 -0.148141
v -0.281355 -0.337863 -0.149976
v -0.278293 -0.330825 -0.148057
v -0.275023 -0.323857 -0.146168
v -0.271698 -0.31694 -0.144291
v -0.261071 -0.296437 -0.138521
v -0.264703 -0.303243 -0.140454
v -0.268335 -0.310049 -0.142388
v -0.257396 -0.289701 -0.136546
v -0.248766 -0.279559 -0.12535
v -0.249596 -0.276537 -0.132383
v -0.253568 -0.283088 -0.134489
v -0.284328 -0.344918 -0.151907
v -0.287278 -0.351986 -0.153845
v -0.289951 -0.359235 -0.155713
v -0.274939 -0.333988 -0.142022
v -0.285979 -0.362276 -0.150028
v -0.285699 -0.386117 -0.156489
v -0.284101 -0.40891 -0.166625
v -0.287838 -0.393245 -0.158728
v -0.282035 -0.431845 -0.176476
v -0.283668 -0.439111 -0.17821
v -0.2853 -0.446376 -0.179944
v -0.285771 -0.41618 -0.168573
v -0.287403 -0.423446 -0.170307
v -0.273755 -0.456374 -0.191273
v -0.278626 -0.447694 -0.184666
v -0.28023 -0.454944 -0.186376
v -0.281835 -0.462194 -0.188085
v -0.284086 -0.469619 -0.189448
v -0.292934 -0.475209 -0.186909
v -0.286988 -0.477003 -0.191053
v -0.297137 -0.480927 -0.190705
v -0.304211 -0.476525 -0.187048
v -0.298543 -0.473836 -0.183501
v -0.275737 -0.463724 -0.1928
v -0.288494 -0.369402 -0.152121
v -0.292697 -0.366521 -0.157483
v -0.28692 -0.453622 -0.181723
v -0.288511 -0.460819 -0.183611
v -0.290101 -0.468016 -0.185499
v -0.289 -0.430653 -0.172173
v -0.29059 -0.43785 -0.174061
v -0.292181 -0.445047 -0.175949
v -0.293772 -0.452244 -0.177837
v -0.295362 -0.459441 -0.179725
v -0.296953 -0.466639 -0.181613
v -0.289489 -0.400486 -0.160735
v -0.304495 -0.467562 -0.180643
v -0.304333 -0.429139 -0.168013
v -0.306054 -0.436557 -0.170205
v 0.173428 -0.0613898 0.0925781
v 0.175621 -0.0544241 0.0931341
v 0.167327 -0.0673121 0.0914787
v 0.16012 -0.072418 0.090697
v 0.164788 -0.078847 0.0867002
v 0.178288 -0.0651922 0.0881475
v 0.171707 -0.0725225 0.0870733
v 0.183917 -0.0567126 0.0894804
v 0.189992 0.0539277 0.117067
v 0.18966 -0.0394255 0.0946298
v 0.202973 -0.00576495 0.0987257
v 0.205104 0.0113254 0.103313
v 0.204202 0.00276808 0.101038
v 0.205978 0.0198937 0.105549
v 0.206313 0.0459238 0.112371
v 0.206277 0.0372481 0.110015
v 0.206242 0.0285725 0.107659
v 0.206216 0.054482 0.114829
v 0.204963 0.0798094 0.122002
v 0.205392 0.0713656 0.11962
v 0.20582 0.0629218 0.117238
v 0.189643 0.061991 0.12049
v 0.196715 0.0957858 0.131946
v 0.197072 0.0873776 0.129444
v 0.197348 0.0789915 0.126519
v 0.197624 0.0706053 0.123593
v 0.1979 0.0622191 0.120667
v 0.188387 0.0863071 0.130793
v 0.188686 0.0780395 0.127645
v 0.188208 0.0946865 0.133623
v 0.180635 0.0951345 0.129481
v 0.18064 0.0867658 0.126767
v 0.189254 0.0700296 0.123951
v 0.181552 0.0789658 0.122656
v 0.190379 0.0458818 0.11361
v 0.190885 0.0379086 0.110028
v 0.190799 0.0297261 0.106959
v 0.190446 0.0214384 0.104199
v 0.189872 0.0130636 0.101699
v 0.189285 0.00468801 0.0992177
v 0.187788 -0.00373862 0.0980432
v 0.196056 0.00307997 0.103903
v 0.195177 -0.00534666 0.101924
v 0.197528 0.0200761 0.108148
v 0.198267 0.0285926 0.11034
v 0.198498 0.0369513 0.113073
v 0.198367 0.0453361 0.115807
v 0.198172 0.0537885 0.118311
v 0.196791 0.011557 0.105959
v 0.19127 -0.0308345 0.0966459
v 0.19272 -0.0222943 0.0983762
v 0.183093 -0.0292171 0.0950588
v 0.181077 -0.0376877 0.0947561
v 0.184843 -0.0207047 0.0958074
v 0.186433 -0.012191 0.0967836
v 0.194057 -0.0138016 0.100065
f 2 295 816 298
f 6 296 816 295
f 5 297 816 296
f 1 298 816 297
f 4 299 817 301
f 8 300 817 299
f 6 295 817 300
f 2 301 817 295
f 7 302 818 305
f 9 303 818 302
f 4 304 818 303
f 3 305 818 304
f 9 306 819 303
f 11 307 819 306
f 8 299 819 307
f 4 303 819 299
f 10 308 820 311
f 17 309 820 308
f 13 310 820 309
f 7 311 820 310
f 13 312 821 310
f 14 313 821 312
f 9 302 821 313
f 7 310 821 302
f 11 314 822 307
f 16 315 822 314
f 12 316 822 315
f 8 307 822 316
f 14 317 823 313
f 15 318 823 317
f 11 306 823 318
f 9 313 823 306
f 15 319 824 318
f 20 320 824 319
f 16 314 824 320
f 11 318 824 314
f 17 321 825 309
f 22 322 825 321
f 18 323 825 322
f 13 309 825 323
f 18 324 826 323
f 21 325 826 324
f 14 312 826 325
f 13 323 826 312
f 21 326 827 325
f 19 327 827 326
f 15 317 827 327
f 14 325 827 317
f 19 328 828 327
f 27 329 828 328
f 20 319 828 329
f 15 327 828 319
f 24 330 829 332
f 23 331 829 330
f 22 321 829 331
f 17 332 829 321
f 22 333 830 322
f 29 334 830 333
f 26 335 830 334
f 18 322 830 335
f 26 336 831 335
f 28 337 831 336
f 21 324 831 337
f 18 335 831 324
f 21 337 832 326
f 28 338 832 337
f 25 339 832 338
f 19 326 832 339
f 25 340 833 339
f 30 341 833 340
f 27 328 833 341
f 19 339 833 328
f 23 342 834 331
f 34 343 834 342
f 29 333 834 343
f 22 331 834 333
f 35 344 835 346
f 43 345 835 344
f 34 342 835 345
f 23 346 835 342
f 28 347 836 338
f 32 348 836 347
f 33 349 836 348
f 25 338 836 349
f 33 350 837 349
f 37 351 837 350
f 30 340 837 351
f 25 349 837 340
f 29 352 838 334
f 40 353 838 352
f 31 354 838 353
f 26 334 838 354
f 31 355 839 354
f 32 347 839 355
f 28 336 839 347
f 26 354 839 336
f 34 356 840 343
f 36 357 840 356
f 40 352 840 357
f 29 343 840 352
f 40 358 841 353
f 51 359 841 358
f 42 360 841 359
f 31 353 841 360
f 42 361 842 360
f 38 362 842 361
f 32 355 842 362
f 31 360 842 355
f 38 363 843 362
f 39 364 843 363
f 33 348 843 364
f 32 362 843 348
f 39 365 844 364
f 41 366 844 365
f 37 350 844 366
f 33 364 844 350
f 43 367 845 345
f 44 368 845 367
f 36 356 845 368
f 34 345 845 356
f 48 369 846 371
f 52 370 846 369
f 43 344 846 370
f 35 371 846 344
f 44 372 847 368
f 46 373 847 372
f 47 374 847 373
f 36 368 847 374
f 47 375 848 374
f 51 358 848 375
f 40 357 848 358
f 36 374 848 357
f 42 376 849 361
f 57 377 849 376
f 49 378 849 377
f 38 361 849 378
f 49 379 850 378
f 50 380 850 379
f 39 363 850 380
f 38 378 850 363
f 50 381 851 380
f 55 382 851 381
f 41 365 851 382
f 39 380 851 365
f 51 383 852 359
f 56 384 852 383
f 57 376 852 384
f 42 359 852 376
f 52 385 853 370
f 60 386 853 385
f 44 367 853 386
f 43 370 853 367
f 60 387 854 386
f 66 388 854 387
f 46 372 854 388
f 44 386 854 372
f 66 389 855 388
f 71 390 855 389
f 59 391 855 390
f 46 388 855 391
f 59 392 856 391
f 62 393 856 392
f 47 373 856 393
f 46 391 856 373
f 62 394 857 393
f 56 383 857 394
f 51 375 857 383
f 47 393 857 375
f 57 395 858 377
f 65 396 858 395
f 70 397 858 396
f 49 377 858 397
f 70 398 859 397
f 58 399 859 398
f 50 379 859 399
f 49 397 859 379
f 58 400 860 399
f 53 401 860 400
f 55 381 860 401
f 50 399 860 381
f 73 402 861 404
f 74 403 861 402
f 60 385 861 403
f 52 404 861 385
f 58 405 862 400
f 64 406 862 405
f 54 407 862 406
f 53 400 862 407
f 64 408 863 406
f 78 409 863 408
f 61 410 863 409
f 54 406 863 410
f 62 411 864 394
f 72 412 864 411
f 68 413 864 412
f 56 394 864 413
f 68 414 865 413
f 65 395 865 414
f 57 384 865 395
f 56 413 865 384
f 70 415 866 398
f 79 416 866 415
f 64 405 866 416
f 58 398 866 405
f 71 417 867 390
f 85 418 867 417
f 67 419 867 418
f 59 390 867 419
f 67 420 868 419
f 72 411 868 420
f 62 392 868 411
f 59 419 868 392
f 74 421 869 403
f 84 422 869 421
f 66 387 869 422
f 60 403 869 387
f 89 423 870 426
f 90 424 870 423
f 73 425 870 424
f 63 426 870 425
f 69 427 871 429
f 81 428 871 427
f 89 426 871 428
f 63 429 871 426
f 79 430 872 416
f 93 431 872 430
f 78 408 872 431
f 64 416 872 408
f 68 432 873 414
f 94 433 873 432
f 75 434 873 433
f 65 414 873 434
f 75 435 874 434
f 79 415 874 435
f 70 396 874 415
f 65 434 874 396
f 84 436 875 422
f 88 437 875 436
f 71 389 875 437
f 66 422 875 389
f 85 438 876 418
f 87 439 876 438
f 86 440 876 439
f 67 418 876 440
f 86 441 877 440
f 80 442 877 441
f 72 420 877 442
f 67 440 877 420
f 72 442 878 412
f 80 443 878 442
f 94 432 878 443
f 68 412 878 432
f 88 444 879 437
f 100 445 879 444
f 85 417 879 445
f 71 437 879 417
f 90 446 880 424
f 91 447 880 446
f 74 402 880 447
f 73 424 880 402
f 91 448 881 447
f 107 449 881 448
f 84 421 881 449
f 74 447 881 421
f 94 450 882 433
f 116 451 882 450
f 83 452 882 451
f 75 433 882 452
f 83 453 883 452
f 93 430 883 453
f 79 435 883 430
f 75 452 883 435
f 82 454 884 457
f 98 455 884 454
f 92 456 884 455
f 76 457 884 456
f 99 458 885 460
f 98 454 885 458
f 82 459 885 454
f 77 460 885 459
f 78 431 886 462
f 93 461 886 431
f 99 460 886 461
f 77 462 886 460
f 86 463 887 441
f 102 464 887 463
f 101 465 887 464
f 80 441 887 465
f 101 466 888 465
f 116 450 888 466
f 94 443 888 450
f 80 465 888 443
f 96 467 889 469
f 111 468 889 467
f 89 428 889 468
f 81 469 889 428
f 95 470 890 472
f 103 471 890 470
f 96 469 890 471
f 81 472 890 469
f 116 473 891 451
f 129 474 891 473
f 106 475 891 474
f 83 451 891 475
f 106 476 892 475
f 99 461 892 476
f 93 453 892 461
f 83 475 892 453
f 107 477 893 449
f 117 478 893 477
f 88 436 893 478
f 84 449 893 436
f 100 479 894 445
f 110 480 894 479
f 87 438 894 480
f 85 445 894 438
f 87 481 895 439
f 108 482 895 481
f 102 463 895 482
f 86 439 895 463
f 110 483 896 480
f 109 484 896 483
f 108 481 896 484
f 87 480 896 481
f 117 485 897 478
f 122 486 897 485
f 100 444 897 486
f 88 478 897 444
f 111 487 898 468
f 119 488 898 487
f 90 423 898 488
f 89 468 898 423
f 119 489 899 488
f 112 490 899 489
f 91 446 899 490
f 90 488 899 446
f 112 491 900 490
f 120 492 900 491
f 107 448 900 492
f 91 490 900 448
f 104 493 901 496
f 114 494 901 493
f 97 495 901 494
f 92 496 901 495
f 98 497 902 455
f 105 498 902 497
f 104 496 902 498
f 92 455 902 496
f 139 499 903 501
f 131 500 903 499
f 111 467 903 500
f 96 501 903 467
f 103 502 904 471
f 141 503 904 502
f 139 501 904 503
f 96 471 904 501
f 114 504 905 494
f 121 505 905 504
f 113 506 905 505
f 97 494 905 506
f 99 476 906 458
f 106 507 906 476
f 105 497 906 507
f 98 458 906 497
f 122 508 907 486
f 125 509 907 508
f 110 479 907 509
f 100 486 907 479
f 102 510 908 464
f 124 511 908 510
f 126 512 908 511
f 101 464 908 512
f 126 513 909 512
f 129 473 909 513
f 116 466 909 473
f 101 512 909 466
f 108 514 910 482
f 123 515 910 514
f 124 510 910 515
f 102 482 910 510
f 118 516 911 518
f 140 517 911 516
f 141 502 911 517
f 103 518 911 502
f 133 519 912 521
f 145 520 912 519
f 114 493 912 520
f 104 521 912 493
f 105 522 913 498
f 115 523 913 522
f 133 521 913 523
f 104 498 913 521
f 106 474 914 507
f 129 524 914 474
f 115 522 914 524
f 105 507 914 522
f 120 525 915 492
f 137 526 915 525
f 117 477 915 526
f 107 492 915 477
f 109 527 916 484
f 135 528 916 527
f 123 514 916 528
f 108 484 916 514
f 136 529 917 531
f 148 530 917 529
f 135 527 917 530
f 109 531 917 527
f 110 509 918 483
f 125 532 918 509
f 136 531 918 532
f 109 483 918 531
f 131 533 919 500
f 138 534 919 533
f 119 487 919 534
f 111 500 919 487
f 142 535 920 537
f 143 536 920 535
f 120 491 920 536
f 112 537 920 491
f 119 534 921 489
f 138 538 921 534
f 142 537 921 538
f 112 489 921 537
f 145 539 922 520
f 144 540 922 539
f 121 504 922 540
f 114 520 922 504
f 130 541 923 543
f 146 542 923 541
f 133 523 923 542
f 115 543 923 523
f 129 513 924 524
f 126 544 924 513
f 130 543 924 544
f 115 524 924 543
f 137 545 925 526
f 134 546 925 545
f 122 485 925 546
f 117 526 925 485
f 143 547 926 536
f 172 548 926 547
f 137 525 926 548
f 120 536 926 525
f 144 549 927 540
f 165 550 927 549
f 132 551 927 550
f 121 540 927 551
f 134 552 928 546
f 149 553 928 552
f 125 508 928 553
f 122 546 928 508
f 135 554 929 528
f 147 555 929 554
f 127 556 929 555
f 123 528 929 556
f 127 557 930 556
f 128 558 930 557
f 124 515 930 558
f 123 556 930 515
f 128 559 931 558
f 130 544 931 559
f 126 511 931 544
f 124 558 931 511
f 149 560 932 553
f 155 561 932 560
f 136 532 932 561
f 125 553 932 532
f 147 562 933 555
f 152 563 933 562
f 159 564 933 563
f 127 555 933 564
f 159 565 934 564
f 150 566 934 565
f 128 557 934 566
f 127 564 934 557
f 150 567 935 566
f 146 541 935 567
f 130 559 935 541
f 128 566 935 559
f 156 568 936 570
f 160 569 936 568
f 138 533 936 569
f 131 570 936 533
f 139 571 937 499
f 170 572 937 571
f 156 570 937 572
f 131 499 937 570
f 146 573 938 542
f 158 574 938 573
f 145 519 938 574
f 133 542 938 519
f 174 575 939 577
f 180 576 939 575
f 149 552 939 576
f 134 577 939 552
f 137 548 940 545
f 172 578 940 548
f 174 577 940 578
f 134 545 940 577
f 148 579 941 530
f 153 580 941 579
f 147 554 941 580
f 135 530 941 554
f 155 581 942 561
f 154 582 942 581
f 148 529 942 582
f 136 561 942 529
f 160 583 943 569
f 163 584 943 583
f 142 538 943 584
f 138 569 943 538
f 141 585 944 503
f 162 586 944 585
f 170 571 944 586
f 139 503 944 571
f 161 587 945 588
f 162 585 945 587
f 141 517 945 585
f 140 588 945 517
f 163 589 946 584
f 171 590 946 589
f 143 535 946 590
f 142 584 946 535
f 171 591 947 590
f 181 592 947 591
f 172 547 947 592
f 143 590 947 547
f 164 593 948 595
f 173 594 948 593
f 165 549 948 594
f 144 595 948 549
f 145 574 949 539
f 158 596 949 574
f 164 595 949 596
f 144 539 949 595
f 150 597 950 567
f 169 598 950 597
f 158 573 950 598
f 146 567 950 573
f 153 599 951 580
f 167 600 951 599
f 152 562 951 600
f 147 580 951 562
f 154 601 952 582
f 168 602 952 601
f 153 579 952 602
f 148 582 952 579
f 180 603 953 576
f 179 604 953 603
f 155 560 953 604
f 149 576 953 560
f 159 605 954 565
f 166 606 954 605
f 169 597 954 606
f 150 565 954 597
f 167 607 955 600
f 183 608 955 607
f 175 609 955 608
f 152 600 955 609
f 175 610 956 609
f 166 605 956 610
f 159 563 956 605
f 152 609 956 563
f 168 611 957 602
f 176 612 957 611
f 167 599 957 612
f 153 602 957 599
f 178 613 958 615
f 177 614 958 613
f 168 601 958 614
f 154 615 958 601
f 155 604 959 581
f 179 616 959 604
f 178 615 959 616
f 154 581 959 615
f 184 617 960 619
f 185 618 960 617
f 160 568 960 618
f 156 619 960 568
f 170 620 961 572
f 193 621 961 620
f 184 619 961 621
f 156 572 961 619
f 169 622 962 598
f 189 623 962 622
f 164 596 962 623
f 158 598 962 596
f 185 624 963 618
f 188 625 963 624
f 163 583 963 625
f 160 618 963 583
f 187 626 964 628
f 186 627 964 626
f 162 587 964 627
f 161 628 964 587
f 186 629 965 627
f 193 620 965 629
f 170 586 965 620
f 162 627 965 586
f 188 630 966 625
f 194 631 966 630
f 171 589 966 631
f 163 625 966 589
f 189 632 967 623
f 190 633 967 632
f 173 593 967 633
f 164 623 967 593
f 175 634 968 610
f 201 635 968 634
f 202 636 968 635
f 166 610 968 636
f 202 637 969 636
f 189 622 969 637
f 169 606 969 622
f 166 636 969 606
f 177 638 970 614
f 196 639 970 638
f 176 611 970 639
f 168 614 970 611
f 194 640 971 631
f 195 641 971 640
f 181 591 971 641
f 171 631 971 591
f 181 642 972 592
f 182 643 972 642
f 174 578 972 643
f 172 592 972 578
f 182 644 973 643
f 191 645 973 644
f 180 575 973 645
f 174 643 973 575
f 178 646 974 613
f 192 647 974 646
f 197 648 974 647
f 177 613 974 648
f 179 649 975 616
f 198 650 975 649
f 192 646 975 650
f 178 616 975 646
f 180 645 976 603
f 191 651 976 645
f 198 649 976 651
f 179 603 976 649
f 195 652 977 641
f 200 653 977 652
f 182 642 977 653
f 181 641 977 642
f 200 654 978 653
f 205 655 978 654
f 191 644 978 655
f 182 653 978 644
f 212 656 979 658
f 213 657 979 656
f 185 617 979 657
f 184 658 979 617
f 213 659 980 657
f 206 660 980 659
f 188 624 980 660
f 185 657 980 624
f 206 661 981 660
f 214 662 981 661
f 194 630 981 662
f 188 660 981 630
f 205 663 982 655
f 207 664 982 663
f 198 651 982 664
f 191 655 982 651
f 198 664 983 650
f 207 665 983 664
f 208 666 983 665
f 192 650 983 666
f 214 667 984 662
f 215 668 984 667
f 195 640 984 668
f 194 662 984 640
f 215 669 985 668
f 216 670 985 669
f 200 652 985 670
f 195 668 985 652
f 210 671 986 674
f 222 672 986 671
f 211 673 986 672
f 199 674 986 673
f 216 675 987 670
f 225 676 987 675
f 205 654 987 676
f 200 670 987 654
f 219 677 988 680
f 210 678 988 677
f 204 679 988 678
f 203 680 988 679
f 209 681 989 683
f 218 682 989 681
f 219 680 989 682
f 203 683 989 680
f 225 684 990 676
f 226 685 990 684
f 207 663 990 685
f 205 676 990 663
f 223 686 991 688
f 230 687 991 686
f 214 661 991 687
f 206 688 991 661
f 213 689 992 659
f 229 690 992 689
f 223 688 992 690
f 206 659 992 688
f 217 691 993 693
f 233 692 993 691
f 218 681 993 692
f 209 693 993 681
f 219 694 994 677
f 228 695 994 694
f 222 671 994 695
f 210 677 994 671
f 222 696 995 672
f 237 697 995 696
f 235 698 995 697
f 211 672 995 698
f 230 699 996 687
f 224 700 996 699
f 215 667 996 700
f 214 687 996 667
f 224 701 997 700
f 231 702 997 701
f 216 669 997 702
f 215 700 997 669
f 231 703 998 702
f 238 704 998 703
f 225 675 998 704
f 216 702 998 675
f 232 705 999 708
f 239 706 999 705
f 227 707 999 706
f 217 708 999 707
f 227 709 1000 707
f 243 710 1000 709
f 233 691 1000 710
f 217 707 1000 691
f 236 711 1001 712
f 228 694 1001 711
f 219 682 1001 694
f 218 712 1001 682
f 233 713 1002 692
f 244 714 1002 713
f 236 712 1002 714
f 218 692 1002 712
f 245 715 1003 718
f 254 716 1003 715
f 234 717 1003 716
f 220 718 1003 717
f 221 719 1004 721
f 246 720 1004 719
f 245 718 1004 720
f 220 721 1004 718
f 235 722 1005 724
f 247 723 1005 722
f 246 719 1005 723
f 221 724 1005 719
f 228 725 1006 695
f 249 726 1006 725
f 237 696 1006 726
f 222 695 1006 696
f 240 727 1007 729
f 248 728 1007 727
f 230 686 1007 728
f 223 729 1007 686
f 229 730 1008 690
f 250 731 1008 730
f 240 729 1008 731
f 223 690 1008 729
f 241 732 1009 734
f 151 733 1009 732
f 231 701 1009 733
f 224 734 1009 701
f 230 728 1010 699
f 248 735 1010 728
f 241 734 1010 735
f 224 699 1010 734
f 238 736 1011 704
f 242 737 1011 736
f 226 684 1011 737
f 225 704 1011 684
f 239 738 1012 706
f 252 739 1012 738
f 265 740 1012 739
f 227 706 1012 740
f 265 741 1013 740
f 253 742 1013 741
f 243 709 1013 742
f 227 740 1013 709
f 236 743 1014 711
f 256 744 1014 743
f 249 725 1014 744
f 228 711 1014 725
f 151 745 1015 733
f 251 746 1015 745
f 238 703 1015 746
f 231 733 1015 703
f 243 747 1016 710
f 259 748 1016 747
f 244 713 1016 748
f 233 710 1016 713
f 237 749 1017 697
f 257 750 1017 749
f 247 722 1017 750
f 235 697 1017 722
f 249 751 1018 726
f 267 752 1018 751
f 257 749 1018 752
f 237 726 1018 749
f 45 753 1019 755
f 274 754 1019 753
f 252 738 1019 754
f 239 755 1019 738
f 262 756 1020 758
f 258 757 1020 756
f 248 727 1020 757
f 240 758 1020 727
f 263 759 1021 760
f 251 745 1021 759
f 151 732 1021 745
f 241 760 1021 732
f 248 757 1022 735
f 258 761 1022 757
f 263 760 1022 761
f 241 735 1022 760
f 260 762 1023 764
f 266 763 1023 762
f 254 715 1023 763
f 245 764 1023 715
f 246 765 1024 720
f 261 766 1024 765
f 260 764 1024 766
f 245 720 1024 764
f 247 767 1025 723
f 271 768 1025 767
f 261 765 1025 768
f 246 723 1025 765
f 274 769 1026 754
f 283 770 1026 769
f 264 771 1026 770
f 252 754 1026 771
f 264 772 1027 771
f 269 773 1027 772
f 265 739 1027 773
f 252 771 1027 739
f 265 773 1028 741
f 269 774 1028 773
f 275 775 1028 774
f 253 741 1028 775
f 266 776 1029 763
f 270 777 1029 776
f 255 778 1029 777
f 254 763 1029 778
f 279 779 1030 781
f 268 780 1030 779
f 263 761 1030 780
f 258 781 1030 761
f 262 782 1031 756
f 278 783 1031 782
f 279 781 1031 783
f 258 756 1031 781
f 277 784 1032 786
f 280 785 1032 784
f 266 762 1032 785
f 260 786 1032 762
f 261 787 1033 766
f 281 788 1033 787
f 277 786 1033 788
f 260 766 1033 786
f 283 789 1034 770
f 292 790 1034 789
f 272 791 1034 790
f 264 770 1034 791
f 272 792 1035 791
f 273 793 1035 792
f 269 772 1035 793
f 264 791 1035 772
f 280 794 1036 785
f 276 795 1036 794
f 270 776 1036 795
f 266 785 1036 776
f 273 796 1037 793
f 284 797 1037 796
f 275 774 1037 797
f 269 793 1037 774
f 291 798 1038 800
f 282 799 1038 798
f 273 792 1038 799
f 272 800 1038 792
f 282 801 1039 799
f 287 802 1039 801
f 284 796 1039 802
f 273 799 1039 796
f 286 803 1040 805
f 293 804 1040 803
f 283 769 1040 804
f 274 805 1040 769
f 294 806 1041 809
f 157 807 1041 806
f 285 808 1041 807
f 276 809 1041 808
f 280 810 1042 794
f 288 811 1042 810
f 294 809 1042 811
f 276 794 1042 809
f 289 812 1043 813
f 288 810 1043 812
f 280 784 1043 810
f 277 813 1043 784
f 281 814 1044 788
f 290 815 1044 814
f 289 813 1044 815
f 277 788 1044 813
f 1102 1231 1535 1234
f 1051 1232 1535 1231
f 1101 1233 1535 1232
f 1045 1234 1535 1233
f 1101 1235 1536 1233
f 1091 1236 1536 1235
f 1061 1237 1536 1236
f 1045 1233 1536 1237
f 1101 1232 1537 1240
f 1051 1238 1537 1232
f 1049 1239 1537 1238
f 1046 1240 1537 1239
f 1049 1241 1538 1239
f 1092 1242 1538 1241
f 1047 1243 1538 1242
f 1046 1239 1538 1243
f 1092 1244 1539 1247
f 1100 1245 1539 1244
f 1196 1246 1539 1245
f 1048 1247 1539 1246
f 1196 1248 1540 1246
f 1195 1249 1540 1248
f 1094 1250 1540 1249
f 1048 1246 1540 1250
f 1051 1251 1541 1238
f 1052 1252 1541 1251
f 1050 1253 1541 1252
f 1049 1238 1541 1253
f 1050 1254 1542 1253
f 1100 1244 1542 1254
f 1092 1241 1542 1244
f 1049 1253 1542 1241
f 1052 1255 1543 1252
f 1055 1256 1543 1255
f 1056 1257 1543 1256
f 1050 1252 1543 1257
f 1056 1258 1544 1257
f 1104 1259 1544 1258
f 1100 1254 1544 1259
f 1050 1257 1544 1254
f 1102 1260 1545 1231
f 1054 1261 1545 1260
f 1052 1251 1545 1261
f 1051 1231 1545 1251
f 1054 1262 1546 1261
f 1053 1263 1546 1262
f 1055 1255 1546 1263
f 1052 1261 1546 1255
f 1103 1264 1547 1266
f 1058 1265 1547 1264
f 1055 1263 1547 1265
f 1053 1266 1547 1263
f 1058 1267 1548 1265
f 1057 1268 1548 1267
f 1056 1256 1548 1268
f 1055 1265 1548 1256
f 1057 1269 1549 1268
f 1198 1270 1549 1269
f 1104 1258 1549 1270
f 1056 1268 1549 1258
f 1058 1271 1550 1267
f 1059 1272 1550 1271
f 1064 1273 1550 1272
f 1057 1267 1550 1273
f 1064 1274 1551 1273
f 1215 1275 1551 1274
f 1198 1269 1551 1275
f 1057 1273 1551 1269
f 1103 1276 1552 1264
f 1060 1277 1552 1276
f 1059 1271 1552 1277
f 1058 1264 1552 1271
f 1060 1278 1553 1277
f 1106 1279 1553 1278
f 1063 1280 1553 1279
f 1059 1277 1553 1280
f 1063 1281 1554 1280
f 1114 1282 1554 1281
f 1064 1272 1554 1282
f 1059 1280 1554 1272
f 1070 1283 1555 1286
f 1068 1284 1555 1283
f 1113 1285 1555 1284
f 1062 1286 1555 1285
f 1113 1287 1556 1285
f 1063 1279 1556 1287
f 1106 1288 1556 1279
f 1062 1285 1556 1288
f 1113 1289 1557 1287
f 1065 1290 1557 1289
f 1114 1281 1557 1290
f 1063 1287 1557 1281
f 1114 1291 1558 1282
f 1117 1292 1558 1291
f 1215 1274 1558 1292
f 1064 1282 1558 1274
f 1113 1284 1559 1289
f 1068 1293 1559 1284
f 1067 1294 1559 1293
f 1065 1289 1559 1294
f 1067 1295 1560 1294
f 1213 1296 1560 1295
f 1214 1297 1560 1296
f 1065 1294 1560 1297
f 1214 1298 1561 1297
f 1117 1291 1561 1298
f 1114 1290 1561 1291
f 1065 1297 1561 1290
f 1136 1299 1562 1302
f 1069 1300 1562 1299
f 1077 1301 1562 1300
f 1066 1302 1562 1301
f 1077 1303 1563 1301
f 1078 1304 1563 1303
f 1131 1305 1563 1304
f 1066 1301 1563 1305
f 1131 1306 1564 1305
f 1213 1295 1564 1306
f 1067 1307 1564 1295
f 1066 1305 1564 1307
f 1067 1293 1565 1307
f 1068 1308 1565 1293
f 1136 1302 1565 1308
f 1066 1307 1565 1302
f 1070 1309 1566 1283
f 1071 1310 1566 1309
f 1136 1308 1566 1310
f 1068 1283 1566 1308
f 1072 1311 1567 1313
f 1076 1312 1567 1311
f 1077 1300 1567 1312
f 1069 1313 1567 1300
f 1075 1314 1568 1317
f 1141 1315 1568 1314
f 1139 1316 1568 1315
f 1073 1317 1568 1316
f 1140 1318 1569 1321
f 1082 1319 1569 1318
f 1081 1320 1569 1319
f 1074 1321 1569 1320
f 1081 1322 1570 1320
f 1080 1323 1570 1322
f 1075 1324 1570 1323
f 1074 1320 1570 1324
f 1080 1325 1571 1323
f 1079 1326 1571 1325
f 1141 1314 1571 1326
f 1075 1323 1571 1314
f 1139 1315 1572 1329
f 1141 1327 1572 1315
f 1142 1328 1572 1327
f 1076 1329 1572 1328
f 1142 1330 1573 1328
f 1078 1303 1573 1330
f 1077 1312 1573 1303
f 1076 1328 1573 1312
f 1142 1331 1574 1330
f 1143 1332 1574 1331
f 1211 1333 1574 1332
f 1078 1330 1574 1333
f 1211 1334 1575 1333
f 1212 1335 1575 1334
f 1131 1304 1575 1335
f 1078 1333 1575 1304
f 1080 1336 1576 1325
f 1155 1337 1576 1336
f 1210 1338 1576 1337
f 1079 1325 1576 1338
f 1210 1339 1577 1338
f 1228 1340 1577 1339
f 1143 1341 1577 1340
f 1079 1338 1577 1341
f 1143 1331 1578 1341
f 1142 1327 1578 1331
f 1141 1326 1578 1327
f 1079 1341 1578 1326
f 1081 1342 1579 1322
f 1085 1343 1579 1342
f 1155 1336 1579 1343
f 1080 1322 1579 1336
f 1082 1344 1580 1319
f 1084 1345 1580 1344
f 1085 1342 1580 1345
f 1081 1319 1580 1342
f 1144 1346 1581 1349
f 1145 1347 1581 1346
f 1084 1348 1581 1347
f 1083 1349 1581 1348
f 1145 1350 1582 1347
f 1151 1351 1582 1350
f 1085 1345 1582 1351
f 1084 1347 1582 1345
f 1151 1352 1583 1351
f 1086 1353 1583 1352
f 1155 1343 1583 1353
f 1085 1351 1583 1343
f 1227 1354 1584 1355
f 1210 1337 1584 1354
f 1155 1353 1584 1337
f 1086 1355 1584 1353
f 1088 1356 1585 1359
f 1208 1357 1585 1356
f 1209 1358 1585 1357
f 1087 1359 1585 1358
f 1089 1360 1586 1362
f 1207 1361 1586 1360
f 1208 1356 1586 1361
f 1088 1362 1586 1356
f 1230 1363 1587 1365
f 1206 1364 1587 1363
f 1207 1360 1587 1364
f 1089 1365 1587 1360
f 1162 1366 1588 1369
f 1205 1367 1588 1366
f 1191 1368 1588 1367
f 1090 1369 1588 1368
f 1181 1370 1589 1372
f 1182 1371 1589 1370
f 1162 1369 1589 1371
f 1090 1372 1589 1369
f 1096 1373 1590 1376
f 1095 1374 1590 1373
f 1189 1375 1590 1374
f 1093 1376 1590 1375
f 1096 1377 1591 1373
f 1097 1378 1591 1377
f 1098 1379 1591 1378
f 1095 1373 1591 1379
f 1098 1380 1592 1379
f 1099 1381 1592 1380
f 1187 1382 1592 1381
f 1095 1379 1592 1382
f 1187 1383 1593 1382
f 1188 1384 1593 1383
f 1189 1374 1593 1384
f 1095 1382 1593 1374
f 1153 1385 1594 1388
f 1152 1386 1594 1385
f 1185 1387 1594 1386
f 1105 1388 1594 1387
f 1138 1389 1595 1392
f 1137 1390 1595 1389
f 1108 1391 1595 1390
f 1107 1392 1595 1391
f 1137 1393 1596 1390
f 1109 1394 1596 1393
f 1111 1395 1596 1394
f 1108 1390 1596 1395
f 1110 1396 1597 1398
f 1112 1397 1597 1396
f 1111 1394 1597 1397
f 1109 1398 1597 1394
f 1135 1399 1598 1402
f 1121 1400 1598 1399
f 1132 1401 1598 1400
f 1115 1402 1598 1401
f 1134 1403 1599 1406
f 1126 1404 1599 1403
f 1120 1405 1599 1404
f 1116 1406 1599 1405
f 1127 1407 1600 1410
f 1134 1408 1600 1407
f 1119 1409 1600 1408
f 1118 1410 1600 1409
f 1126 1411 1601 1404
f 1128 1412 1601 1411
f 1133 1413 1601 1412
f 1120 1404 1601 1413
f 1133 1414 1602 1413
f 1121 1399 1602 1414
f 1135 1415 1602 1399
f 1120 1413 1602 1415
f 1133 1416 1603 1414
f 1124 1417 1603 1416
f 1123 1418 1603 1417
f 1121 1414 1603 1418
f 1123 1419 1604 1418
f 1122 1420 1604 1419
f 1132 1400 1604 1420
f 1121 1418 1604 1400
f 1133 1412 1605 1416
f 1128 1421 1605 1412
f 1129 1422 1605 1421
f 1124 1416 1605 1422
f 1126 1403 1606 1424
f 1134 1407 1606 1403
f 1127 1423 1606 1407
f 1125 1424 1606 1423
f 1130 1425 1607 1426
f 1128 1411 1607 1425
f 1126 1424 1607 1411
f 1125 1426 1607 1424
f 1148 1427 1608 1430
f 1147 1428 1608 1427
f 1176 1429 1608 1428
f 1146 1430 1608 1429
f 1148 1431 1609 1427
f 1150 1432 1609 1431
f 1149 1433 1609 1432
f 1147 1427 1609 1433
f 1149 1434 1610 1433
f 1183 1435 1610 1434
f 1157 1436 1610 1435
f 1147 1433 1610 1436
f 1157 1437 1611 1436
f 1158 1438 1611 1437
f 1176 1428 1611 1438
f 1147 1436 1611 1428
f 1170 1439 1612 1442
f 1171 1440 1612 1439
f 1156 1441 1612 1440
f 1154 1442 1612 1441
f 1177 1443 1613 1445
f 1175 1444 1613 1443
f 1158 1437 1613 1444
f 1157 1445 1613 1437
f 1165 1446 1614 1448
f 1164 1447 1614 1446
f 1176 1438 1614 1447
f 1158 1448 1614 1438
f 1175 1449 1615 1444
f 1174 1450 1615 1449
f 1165 1448 1615 1450
f 1158 1444 1615 1448
f 1174 1449 1616 1453
f 1175 1451 1616 1449
f 1173 1452 1616 1451
f 1166 1453 1616 1452
f 1173 1454 1617 1452
f 1168 1455 1617 1454
f 1167 1456 1617 1455
f 1166 1452 1617 1456
f 1168 1457 1618 1455
f 1169 1458 1618 1457
f 1190 1459 1618 1458
f 1167 1455 1618 1459
f 1173 1451 1619 1461
f 1175 1443 1619 1451
f 1177 1460 1619 1443
f 1171 1461 1619 1460
f 1193 1462 1620 1465
f 1179 1463 1620 1462
f 1180 1464 1620 1463
f 1192 1465 1620 1464
f 1180 1466 1621 1464
f 1162 1371 1621 1466
f 1182 1467 1621 1371
f 1192 1464 1621 1467
f 1194 1468 1622 1470
f 1201 1469 1622 1468
f 1179 1462 1622 1469
f 1193 1470 1622 1462
f 1195 1471 1623 1473
f 1200 1472 1623 1471
f 1201 1468 1623 1472
f 1194 1473 1623 1468
f 1196 1474 1624 1248
f 1197 1475 1624 1474
f 1200 1471 1624 1475
f 1195 1248 1624 1471
f 1100 1259 1625 1245
f 1104 1476 1625 1259
f 1197 1474 1625 1476
f 1196 1245 1625 1474
f 1104 1270 1626 1476
f 1198 1477 1626 1270
f 1199 1478 1626 1477
f 1197 1476 1626 1478
f 1199 1479 1627 1478
f 1163 1480 1627 1479
f 1200 1475 1627 1480
f 1197 1478 1627 1475
f 1215 1481 1628 1275
f 1225 1482 1628 1481
f 1199 1477 1628 1482
f 1198 1275 1628 1477
f 1225 1483 1629 1482
f 1222 1484 1629 1483
f 1163 1479 1629 1484
f 1199 1482 1629 1479
f 1163 1485 1630 1480
f 1202 1486 1630 1485
f 1201 1472 1630 1486
f 1200 1480 1630 1472
f 1202 1487 1631 1486
f 1203 1488 1631 1487
f 1179 1469 1631 1488
f 1201 1486 1631 1469
f 1163 1484 1632 1485
f 1222 1489 1632 1484
f 1172 1490 1632 1489
f 1202 1485 1632 1490
f 1172 1491 1633 1490
f 1178 1492 1633 1491
f 1203 1487 1633 1492
f 1202 1490 1633 1487
f 1178 1493 1634 1492
f 1184 1494 1634 1493
f 1204 1495 1634 1494
f 1203 1492 1634 1495
f 1204 1496 1635 1495
f 1180 1463 1635 1496
f 1179 1488 1635 1463
f 1203 1495 1635 1488
f 1184 1497 1636 1494
f 1161 1498 1636 1497
f 1205 1499 1636 1498
f 1204 1494 1636 1499
f 1205 1366 1637 1499
f 1162 1466 1637 1366
f 1180 1496 1637 1466
f 1204 1499 1637 1496
f 1223 1500 1638 1502
f 1218 1501 1638 1500
f 1207 1364 1638 1501
f 1206 1502 1638 1364
f 1230 1503 1639 1363
f 1186 1504 1639 1503
f 1221 1505 1639 1504
f 1206 1363 1639 1505
f 1221 1506 1640 1505
f 1216 1507 1640 1506
f 1223 1502 1640 1507
f 1206 1505 1640 1502
f 1218 1508 1641 1501
f 1219 1509 1641 1508
f 1208 1361 1641 1509
f 1207 1501 1641 1361
f 1219 1510 1642 1509
f 1220 1511 1642 1510
f 1209 1357 1642 1511
f 1208 1509 1642 1357
f 1220 1512 1643 1511
f 1228 1513 1643 1512
f 1229 1514 1643 1513
f 1209 1511 1643 1514
f 1227 1515 1644 1354
f 1229 1513 1644 1515
f 1228 1339 1644 1513
f 1210 1354 1644 1339
f 1143 1340 1645 1332
f 1228 1512 1645 1340
f 1220 1516 1645 1512
f 1211 1332 1645 1516
f 1220 1510 1646 1516
f 1219 1517 1646 1510
f 1212 1334 1646 1517
f 1211 1516 1646 1334
f 1219 1508 1647 1517
f 1218 1518 1647 1508
f 1226 1519 1647 1518
f 1212 1517 1647 1519
f 1226 1520 1648 1519
f 1213 1306 1648 1520
f 1131 1335 1648 1306
f 1212 1519 1648 1335
f 1226 1521 1649 1520
f 1217 1522 1649 1521
f 1214 1296 1649 1522
f 1213 1520 1649 1296
f 1217 1523 1650 1522
f 1224 1524 1650 1523
f 1117 1298 1650 1524
f 1214 1522 1650 1298
f 1117 1524 1651 1292
f 1224 1525 1651 1524
f 1225 1481 1651 1525
f 1215 1292 1651 1481
f 1224 1523 1652 1527
f 1217 1526 1652 1523
f 1223 1507 1652 1526
f 1216 1527 1652 1507
f 1221 1528 1653 1506
f 1172 1489 1653 1528
f 1222 1529 1653 1489
f 1216 1506 1653 1529
f 1222 1483 1654 1529
f 1225 1525 1654 1483
f 1224 1527 1654 1525
f 1216 1529 1654 1527
f 1226 1518 1655 1521
f 1218 1500 1655 1518
f 1223 1526 1655 1500
f 1217 1521 1655 1526
f 1186 1530 1656 1504
f 1178 1491 1656 1530
f 1172 1528 1656 1491
f 1221 1504 1656 1528
f 1159 1531 1657 1533
f 1160 1532 1657 1531
f 1186 1503 1657 1532
f 1230 1533 1657 1503
f 1160 1534 1658 1532
f 1184 1493 1658 1534
f 1178 1530 1658 1493
f 1186 1532 1658 1530
f 1660 1661 1888 1659
f 1888 1837 1771 1659
f 1921 1971 1662 1661
f 1662 1972 1888 1661
f 1971 1914 1663 1662
f 1663 1969 1972 1662
f 1914 1664 1968 1663
f 1968 1776 1969 1663
f 1915 1967 1666 1664
f 1666 1665 1968 1664
f 1914 1917 1915 1664
f 1666 1668 1779 1665
f 1779 1780 1778 1665
f 1778 1776 1968 1665
f 1967 1667 1668 1666
f 1901 1900 1935 1667
f 1935 1669 1668 1667
f 1967 1902 1901 1667
f 1669 1670 1779 1668
f 1935 1936 1937 1669
f 1937 1671 1670 1669
f 1671 1672 1673 1670
f 1673 1780 1779 1670
f 1937 1938 1966 1671
f 1966 1939 1672 1671
f 1939 1940 1963 1672
f 1963 1965 1673 1672
f 1965 1674 1780 1673
f 1965 1675 1964 1674
f 1964 1781 1777 1674
f 1777 1778 1780 1674
f 1965 1963 1676 1675
f 1676 1862 1834 1675
f 1834 1783 1964 1675
f 1963 1940 1677 1676
f 1677 1863 1862 1676
f 1940 1962 1678 1677
f 1678 1864 1863 1677
f 1962 1867 1690 1678
f 1690 1691 1864 1678
f 1961 1680 1868 1679
f 1868 1867 1962 1679
f 1962 1940 1939 1679
f 1939 1966 1961 1679
f 1874 1873 1681 1680
f 1681 1960 1868 1680
f 1961 1875 1874 1680
f 1873 1871 1870 1681
f 1870 1682 1960 1681
f 1683 1866 1960 1682
f 1684 1689 1866 1683
f 1685 1688 1689 1684
f 1686 1687 1688 1685
f 1741 1869 1687 1686
f 1869 1865 1692 1687
f 1692 1691 1688 1687
f 1691 1690 1689 1688
f 1690 1867 1866 1689
f 1692 1694 1864 1691
f 1865 1693 1694 1692
f 1865 1742 1743 1693
f 1743 1700 1699 1693
f 1699 1695 1694 1693
f 1695 1863 1864 1694
f 1699 1698 1861 1695
f 1861 1862 1863 1695
f 1860 1861 1698 1696
f 1698 1697 1705 1696
f 1705 1706 1707 1696
f 1707 1784 1860 1696
f 1698 1699 1700 1697
f 1700 1701 1703 1697
f 1703 1704 1705 1697
f 1743 1744 1701 1700
f 1744 1725 1859 1701
f 1859 1702 1703 1701
f 1859 1724 1746 1702
f 1746 1855 1710 1702
f 1710 1704 1703 1702
f 1710 1709 1708 1704
f 1708 1706 1705 1704
f 1708 1856 1857 1706
f 1857 1858 1707 1706
f 1858 1833 1784 1707
f 1709 1825 1856 1708
f 1710 1855 1712 1709
f 1712 1816 1825 1709
f 1712 1855 1713 1711
f 1713 1714 1853 1711
f 1853 1826 1827 1711
f 1827 1816 1712 1711
f 1855 1746 1854 1713
f 1854 1722 1714 1713
f 1722 1721 1715 1714
f 1715 1815 1853 1714
f 1721 1852 1716 1715
f 1716 1851 1815 1715
f 1750 1751 1851 1716
f 1749 1719 1718 1717
f 1733 1732 1738 1718
f 1719 1720 1733 1718
f 1749 1852 1721 1719
f 1721 1722 1720 1719
f 1723 1747 1733 1720
f 1722 1854 1723 1720
f 1724 1748 1747 1723
f 1854 1746 1724 1723
f 1859 1725 1748 1724
f 1744 1726 1736 1725
f 1736 1735 1748 1725
f 1742 1727 1745 1726
f 1745 1737 1736 1726
f 1744 1743 1742 1726
f 1869 1741 1740 1727
f 1740 1728 1745 1727
f 1742 1865 1869 1727
f 1729 1737 1745 1728
f 1731 1732 1734 1730
f 1734 1735 1739 1730
f 1733 1747 1734 1732
f 1747 1748 1735 1734
f 1736 1737 1739 1735
f 1752 1850 1812 1751
f 1812 1813 1851 1751
f 1754 1811 1850 1753
f 1755 1848 1811 1754
f 1756 1757 1848 1755
f 1847 1758 1757 1756
f 1808 1828 1848 1757
f 1758 1759 1808 1757
f 1760 1829 1808 1759
f 1761 1846 1829 1760
f 1762 1807 1846 1761
f 1763 1845 1807 1762
f 1764 1844 1845 1763
f 1765 1766 1764 1763
f 1843 1802 1844 1764
f 1766 1767 1843 1764
f 1768 1801 1843 1767
f 1842 1791 1801 1768
f 1770 1772 1788 1769
f 1788 1789 1838 1769
f 1838 1839 1849 1769
f 1771 1837 1772 1770
f 1837 1835 1773 1772
f 1773 1787 1788 1772
f 1835 1774 1836 1773
f 1836 1832 1787 1773
f 1969 1776 1775 1774
f 1775 1786 1836 1774
f 1835 1972 1969 1774
f 1776 1778 1777 1775
f 1777 1781 1786 1775
f 1964 1783 1782 1781
f 1782 1785 1786 1781
f 1783 1784 1833 1782
f 1833 1796 1785 1782
f 1834 1860 1784 1783
f 1796 1794 1832 1785
f 1832 1836 1786 1785
f 1832 1794 1831 1787
f 1831 1789 1788 1787
f 1831 1792 1790 1789
f 1790 1841 1838 1789
f 1792 1830 1791 1790
f 1791 1842 1841 1790
f 1830 1800 1801 1791
f 1831 1794 1793 1792
f 1793 1799 1830 1792
f 1794 1796 1795 1793
f 1795 1797 1799 1793
f 1796 1833 1858 1795
f 1858 1857 1797 1795
f 1857 1856 1798 1797
f 1798 1803 1799 1797
f 1856 1825 1824 1798
f 1824 1804 1803 1798
f 1803 1800 1830 1799
f 1803 1804 1802 1800
f 1802 1843 1801 1800
f 1804 1806 1844 1802
f 1824 1818 1806 1804
f 1806 1818 1817 1805
f 1817 1819 1823 1805
f 1823 1807 1845 1805
f 1845 1844 1806 1805
f 1823 1822 1846 1807
f 1829 1821 1828 1808
f 1810 1813 1812 1809
f 1812 1850 1811 1809
f 1811 1848 1828 1809
f 1828 1821 1810 1809
f 1820 1814 1813 1810
f 1821 1822 1820 1810
f 1814 1815 1851 1813
f 1826 1853 1815 1814
f 1820 1819 1826 1814
f 1827 1817 1818 1816
f 1818 1824 1825 1816
f 1827 1826 1819 1817
f 1820 1822 1823 1819
f 1829 1846 1822 1821
f 1862 1861 1860 1834
f 1837 1888 1972 1835
f 1841 1840 1839 1838
f 1867 1868 1960 1866
f 1873 1949 1872 1871
f 1949 1948 1947 1872
f 1874 1950 1949 1873
f 1875 1959 1950 1874
f 1961 1966 1938 1875
f 1938 1877 1959 1875
f 1957 1951 1958 1876
f 1958 1950 1959 1876
f 1959 1877 1878 1876
f 1878 1898 1957 1876
f 1938 1937 1936 1877
f 1936 1899 1878 1877
f 1899 1906 1898 1878
f 1955 1880 1956 1879
f 1956 1951 1957 1879
f 1957 1898 1896 1879
f 1896 1895 1955 1879
f 1893 1884 1954 1880
f 1954 1881 1956 1880
f 1955 1894 1893 1880
f 1954 1883 1882 1881
f 1882 1952 1953 1881
f 1953 1951 1956 1881
f 1885 1886 1946 1883
f 1954 1884 1885 1883
f 1891 1892 1885 1884
f 1893 1942 1891 1884
f 1892 1887 1886 1885
f 1944 1945 1943 1889
f 1943 1890 1930 1889
f 1943 1891 1942 1890
f 1942 1925 1924 1890
f 1943 1945 1892 1891
f 1894 1925 1942 1893
f 1955 1895 1929 1894
f 1929 1926 1925 1894
f 1896 1897 1941 1895
f 1941 1928 1929 1895
f 1898 1906 1897 1896
f 1906 1904 1905 1897
f 1905 1931 1941 1897
f 1936 1935 1900 1899
f 1900 1904 1906 1899
f 1901 1934 1904 1900
f 1902 1933 1934 1901
f 1967 1915 1916 1902
f 1916 1912 1933 1902
f 1932 1931 1905 1903
f 1905 1904 1934 1903
f 1934 1933 1910 1903
f 1910 1909 1932 1903
f 1922 1927 1928 1907
f 1928 1941 1931 1907
f 1931 1932 1908 1907
f 1933 1912 1911 1910
f 1916 1913 1919 1912
f 1916 1915 1917 1913
f 1917 1970 1918 1913
f 1971 1970 1917 1914
f 1970 1971 1921 1920
f 1924 1925 1926 1923
f 1929 1928 1927 1926
f 1948 1953 1952 1947
f 1949 1950 1958 1948
f 1958 1951 1953 1948
f 2041 2218 2666 2221
f 1981 2219 2666 2218
f 2109 2220 2666 2219
f 1973 2221 2666 2220
f 2109 2222 2667 2220
f 1978 2223 2667 2222
f 1974 2224 2667 2223
f 1973 2220 2667 2224
f 1978 2225 2668 2223
f 1977 2226 2668 2225
f 1975 2227 2668 2226
f 1974 2223 2668 2227
f 1977 2228 2669 2226
f 2078 2229 2669 2228
f 1976 2230 2669 2229
f 1975 2226 2669 2230
f 2078 2231 2670 2229
f 2080 2232 2670 2231
f 2081 2233 2670 2232
f 1976 2229 2670 2233
f 1978 2234 2671 2225
f 2074 2235 2671 2234
f 2107 2236 2671 2235
f 1977 2225 2671 2236
f 2107 2237 2672 2236
f 2077 2238 2672 2237
f 2078 2228 2672 2238
f 1977 2236 2672 2228
f 2109 2239 2673 2222
f 2073 2240 2673 2239
f 2074 2234 2673 2240
f 1978 2222 2673 2234
f 1980 2241 2674 2244
f 2189 2242 2674 2241
f 2188 2243 2674 2242
f 1979 2244 2674 2243
f 2188 2245 2675 2243
f 2071 2246 2675 2245
f 2072 2247 2675 2246
f 1979 2243 2675 2247
f 2072 2248 2676 2247
f 1981 2249 2676 2248
f 1982 2250 2676 2249
f 1979 2247 2676 2250
f 1982 2251 2677 2250
f 1983 2252 2677 2251
f 1980 2244 2677 2252
f 1979 2250 2677 2244
f 1984 2253 2678 2255
f 1991 2254 2678 2253
f 2189 2241 2678 2254
f 1980 2255 2678 2241
f 1983 2256 2679 2252
f 2003 2257 2679 2256
f 1984 2255 2679 2257
f 1980 2252 2679 2255
f 2072 2258 2680 2248
f 2073 2239 2680 2258
f 2109 2219 2680 2239
f 1981 2248 2680 2219
f 2041 2259 2681 2218
f 2005 2260 2681 2259
f 1982 2249 2681 2260
f 1981 2218 2681 2249
f 2005 2261 2682 2260
f 2004 2262 2682 2261
f 1983 2251 2682 2262
f 1982 2260 2682 2251
f 2002 2263 2683 2265
f 1985 2264 2683 2263
f 1991 2253 2683 2264
f 1984 2265 2683 2253
f 2003 2266 2684 2257
f 2007 2267 2684 2266
f 2002 2265 2684 2267
f 1984 2257 2684 2265
f 2112 2268 2685 2271
f 2111 2269 2685 2268
f 1990 2270 2685 2269
f 1985 2271 2685 2270
f 1990 2272 2686 2270
f 2110 2273 2686 2272
f 1991 2264 2686 2273
f 1985 2270 2686 2264
f 2002 2274 2687 2263
f 2006 2275 2687 2274
f 2112 2271 2687 2275
f 1985 2263 2687 2271
f 2001 2276 2688 2279
f 2217 2277 2688 2276
f 1987 2278 2688 2277
f 1986 2279 2688 2278
f 1987 2280 2689 2278
f 1988 2281 2689 2280
f 2111 2282 2689 2281
f 1986 2278 2689 2282
f 2111 2268 2690 2282
f 2112 2283 2690 2268
f 2000 2284 2690 2283
f 1986 2282 2690 2284
f 2217 2285 2691 2277
f 2210 2286 2691 2285
f 2214 2287 2691 2286
f 1987 2277 2691 2287
f 2214 2288 2692 2287
f 1989 2289 2692 2288
f 1988 2280 2692 2289
f 1987 2287 2692 2280
f 1989 2290 2693 2289
f 1993 2291 2693 2290
f 1992 2292 2693 2291
f 1988 2289 2693 2292
f 1992 2293 2694 2292
f 1990 2269 2694 2293
f 2111 2281 2694 2269
f 1988 2292 2694 2281
f 2214 2294 2695 2288
f 2213 2295 2695 2294
f 1996 2296 2695 2295
f 1989 2288 2695 2296
f 1996 2297 2696 2296
f 1994 2298 2696 2297
f 1993 2290 2696 2298
f 1989 2296 2696 2290
f 1992 2299 2697 2293
f 2216 2300 2697 2299
f 2110 2272 2697 2300
f 1990 2293 2697 2272
f 2110 2301 2698 2273
f 2190 2302 2698 2301
f 2189 2254 2698 2302
f 1991 2273 2698 2254
f 1993 2303 2699 2291
f 2192 2304 2699 2303
f 2216 2299 2699 2304
f 1992 2291 2699 2299
f 1994 2305 2700 2298
f 2193 2306 2700 2305
f 2192 2303 2700 2306
f 1993 2298 2700 2303
f 1996 2307 2701 2297
f 1995 2308 2701 2307
f 2215 2309 2701 2308
f 1994 2297 2701 2309
f 2215 2310 2702 2309
f 2066 2311 2702 2310
f 2193 2305 2702 2311
f 1994 2309 2702 2305
f 1997 2312 2703 2315
f 2061 2313 2703 2312
f 2063 2314 2703 2313
f 1995 2315 2703 2314
f 2063 2316 2704 2314
f 2065 2317 2704 2316
f 2215 2308 2704 2317
f 1995 2314 2704 2308
f 1996 2295 2705 2307
f 2213 2318 2705 2295
f 1997 2315 2705 2318
f 1995 2307 2705 2315
f 2212 2319 2706 2321
f 2062 2320 2706 2319
f 2061 2312 2706 2320
f 1997 2321 2706 2312
f 2213 2322 2707 2318
f 2211 2323 2707 2322
f 2212 2321 2707 2323
f 1997 2318 2707 2321
f 2010 2324 2708 2326
f 2062 2319 2708 2324
f 2212 2325 2708 2319
f 1998 2326 2708 2325
f 2212 2323 2709 2325
f 2211 2327 2709 2323
f 1999 2328 2709 2327
f 1998 2325 2709 2328
f 2211 2329 2710 2327
f 2210 2330 2710 2329
f 2009 2331 2710 2330
f 1999 2327 2710 2331
f 2009 2330 2711 2333
f 2210 2285 2711 2330
f 2217 2332 2711 2285
f 2008 2333 2711 2332
f 2209 2334 2712 2336
f 2011 2335 2712 2334
f 2062 2324 2712 2335
f 2010 2336 2712 2324
f 2012 2337 2713 2340
f 2059 2338 2713 2337
f 2060 2339 2713 2338
f 2011 2340 2713 2339
f 2060 2341 2714 2339
f 2061 2320 2714 2341
f 2062 2335 2714 2320
f 2011 2339 2714 2335
f 2013 2342 2715 2344
f 2196 2343 2715 2342
f 2059 2337 2715 2343
f 2012 2344 2715 2337
f 2014 2345 2716 2347
f 2057 2346 2716 2345
f 2196 2342 2716 2346
f 2013 2347 2716 2342
f 2015 2348 2717 2350
f 2056 2349 2717 2348
f 2057 2345 2717 2349
f 2014 2350 2717 2345
f 2016 2351 2718 2353
f 2055 2352 2718 2351
f 2056 2348 2718 2352
f 2015 2353 2718 2348
f 2017 2354 2719 2356
f 2022 2355 2719 2354
f 2055 2351 2719 2355
f 2016 2356 2719 2351
f 2018 2357 2720 2359
f 2021 2358 2720 2357
f 2022 2354 2720 2358
f 2017 2359 2720 2354
f 2020 2360 2721 2363
f 2023 2361 2721 2360
f 2207 2362 2721 2361
f 2019 2363 2721 2362
f 2208 2364 2722 2366
f 2053 2365 2722 2364
f 2023 2360 2722 2365
f 2020 2366 2722 2360
f 2207 2367 2723 2369
f 2206 2368 2723 2367
f 2022 2358 2723 2368
f 2021 2369 2723 2358
f 2206 2370 2724 2368
f 2197 2371 2724 2370
f 2055 2355 2724 2371
f 2022 2368 2724 2355
f 2053 2372 2725 2365
f 2145 2373 2725 2372
f 2054 2374 2725 2373
f 2023 2365 2725 2374
f 2054 2375 2726 2374
f 2206 2367 2726 2375
f 2207 2361 2726 2367
f 2023 2374 2726 2361
f 2025 2376 2727 2379
f 2026 2377 2727 2376
f 2050 2378 2727 2377
f 2024 2379 2727 2378
f 2050 2380 2728 2378
f 2051 2381 2728 2380
f 2052 2382 2728 2381
f 2024 2378 2728 2382
f 2052 2383 2729 2382
f 2053 2364 2729 2383
f 2208 2384 2729 2364
f 2024 2382 2729 2384
f 2027 2385 2730 2387
f 2049 2386 2730 2385
f 2050 2377 2730 2386
f 2026 2387 2730 2377
f 2205 2388 2731 2390
f 2200 2389 2731 2388
f 2049 2385 2731 2389
f 2027 2390 2731 2385
f 2029 2391 2732 2394
f 2032 2392 2732 2391
f 2205 2393 2732 2392
f 2028 2394 2732 2393
f 2030 2395 2733 2397
f 2033 2396 2733 2395
f 2032 2391 2733 2396
f 2029 2397 2733 2391
f 2031 2398 2734 2400
f 2204 2399 2734 2398
f 2033 2395 2734 2399
f 2030 2400 2734 2395
f 2034 2401 2735 2403
f 2037 2402 2735 2401
f 2204 2398 2735 2402
f 2031 2403 2735 2398
f 2033 2404 2736 2396
f 2201 2405 2736 2404
f 2048 2406 2736 2405
f 2032 2396 2736 2406
f 2048 2407 2737 2406
f 2200 2388 2737 2407
f 2205 2392 2737 2388
f 2032 2406 2737 2392
f 2204 2408 2738 2399
f 2047 2409 2738 2408
f 2201 2404 2738 2409
f 2033 2399 2738 2404
f 2203 2410 2739 2412
f 2036 2411 2739 2410
f 2037 2401 2739 2411
f 2034 2412 2739 2401
f 2202 2413 2740 2416
f 2039 2414 2740 2413
f 2038 2415 2740 2414
f 2035 2416 2740 2415
f 2038 2417 2741 2415
f 2036 2410 2741 2417
f 2203 2418 2741 2410
f 2035 2415 2741 2418
f 2038 2419 2742 2417
f 2044 2420 2742 2419
f 2045 2421 2742 2420
f 2036 2417 2742 2421
f 2045 2422 2743 2421
f 2046 2423 2743 2422
f 2037 2411 2743 2423
f 2036 2421 2743 2411
f 2046 2424 2744 2423
f 2047 2408 2744 2424
f 2204 2402 2744 2408
f 2037 2423 2744 2402
f 2039 2425 2745 2414
f 2043 2426 2745 2425
f 2044 2419 2745 2426
f 2038 2414 2745 2419
f 2202 2427 2746 2413
f 2040 2428 2746 2427
f 2042 2429 2746 2428
f 2039 2413 2746 2429
f 2042 2430 2747 2429
f 2102 2431 2747 2430
f 2043 2425 2747 2431
f 2039 2429 2747 2425
f 2103 2432 2748 2434
f 2100 2433 2748 2432
f 2044 2426 2748 2433
f 2043 2434 2748 2426
f 2100 2435 2749 2433
f 2099 2436 2749 2435
f 2045 2420 2749 2436
f 2044 2433 2749 2420
f 2099 2437 2750 2436
f 2113 2438 2750 2437
f 2046 2422 2750 2438
f 2045 2436 2750 2422
f 2113 2439 2751 2438
f 2114 2440 2751 2439
f 2047 2424 2751 2440
f 2046 2438 2751 2424
f 2114 2441 2752 2440
f 2115 2442 2752 2441
f 2201 2409 2752 2442
f 2047 2440 2752 2409
f 2201 2442 2753 2405
f 2115 2443 2753 2442
f 2116 2444 2753 2443
f 2048 2405 2753 2444
f 2116 2445 2754 2444
f 2198 2446 2754 2445
f 2200 2407 2754 2446
f 2048 2444 2754 2407
f 2200 2446 2755 2389
f 2198 2447 2755 2446
f 2199 2448 2755 2447
f 2049 2389 2755 2448
f 2199 2449 2756 2448
f 2051 2380 2756 2449
f 2050 2386 2756 2380
f 2049 2448 2756 2386
f 2199 2450 2757 2449
f 2142 2451 2757 2450
f 2143 2452 2757 2451
f 2051 2449 2757 2452
f 2143 2453 2758 2452
f 2144 2454 2758 2453
f 2052 2381 2758 2454
f 2051 2452 2758 2381
f 2144 2455 2759 2454
f 2145 2372 2759 2455
f 2053 2383 2759 2372
f 2052 2454 2759 2383
f 2145 2456 2760 2373
f 2151 2457 2760 2456
f 2152 2458 2760 2457
f 2054 2373 2760 2458
f 2152 2459 2761 2458
f 2197 2370 2761 2459
f 2206 2375 2761 2370
f 2054 2458 2761 2375
f 2197 2460 2762 2371
f 2153 2461 2762 2460
f 2056 2352 2762 2461
f 2055 2371 2762 2352
f 2153 2462 2763 2461
f 2058 2463 2763 2462
f 2057 2349 2763 2463
f 2056 2461 2763 2349
f 2058 2464 2764 2463
f 2195 2465 2764 2464
f 2196 2346 2764 2465
f 2057 2463 2764 2346
f 2153 2466 2765 2462
f 2137 2467 2765 2466
f 2134 2468 2765 2467
f 2058 2462 2765 2468
f 2134 2469 2766 2468
f 2135 2470 2766 2469
f 2195 2464 2766 2470
f 2058 2468 2766 2464
f 2196 2465 2767 2343
f 2195 2471 2767 2465
f 2136 2472 2767 2471
f 2059 2343 2767 2472
f 2136 2473 2768 2472
f 2194 2474 2768 2473
f 2060 2338 2768 2474
f 2059 2472 2768 2338
f 2194 2475 2769 2474
f 2063 2313 2769 2475
f 2061 2341 2769 2313
f 2060 2474 2769 2341
f 2194 2476 2770 2475
f 2064 2477 2770 2476
f 2065 2316 2770 2477
f 2063 2475 2770 2316
f 2194 2473 2771 2476
f 2136 2478 2771 2473
f 2154 2479 2771 2478
f 2064 2476 2771 2479
f 2154 2480 2772 2479
f 2131 2481 2772 2480
f 2130 2482 2772 2481
f 2064 2479 2772 2482
f 2130 2483 2773 2482
f 2155 2484 2773 2483
f 2065 2477 2773 2484
f 2064 2482 2773 2477
f 2155 2485 2774 2484
f 2066 2310 2774 2485
f 2215 2317 2774 2310
f 2065 2484 2774 2317
f 2155 2486 2775 2485
f 2183 2487 2775 2486
f 2088 2488 2775 2487
f 2066 2485 2775 2488
f 2088 2489 2776 2488
f 2089 2490 2776 2489
f 2193 2311 2776 2490
f 2066 2488 2776 2311
f 2216 2304 2777 2493
f 2192 2491 2777 2304
f 2191 2492 2777 2491
f 2067 2493 2777 2492
f 2191 2494 2778 2492
f 2187 2495 2778 2494
f 2069 2496 2778 2495
f 2067 2492 2778 2496
f 2069 2497 2779 2496
f 2068 2498 2779 2497
f 2190 2499 2779 2498
f 2067 2496 2779 2499
f 2190 2301 2780 2499
f 2110 2300 2780 2301
f 2216 2493 2780 2300
f 2067 2499 2780 2493
f 2069 2500 2781 2497
f 2084 2501 2781 2500
f 2070 2502 2781 2501
f 2068 2497 2781 2502
f 2070 2503 2782 2502
f 2071 2245 2782 2503
f 2188 2504 2782 2245
f 2068 2502 2782 2504
f 2188 2242 2783 2504
f 2189 2302 2783 2242
f 2190 2498 2783 2302
f 2068 2504 2783 2498
f 2187 2505 2784 2495
f 2086 2506 2784 2505
f 2084 2500 2784 2506
f 2069 2495 2784 2500
f 2084 2507 2785 2501
f 2085 2508 2785 2507
f 2083 2509 2785 2508
f 2070 2501 2785 2509
f 2083 2510 2786 2509
f 2082 2511 2786 2510
f 2071 2503 2786 2511
f 2070 2509 2786 2503
f 2082 2512 2787 2511
f 2073 2258 2787 2512
f 2072 2246 2787 2258
f 2071 2511 2787 2246
f 2082 2513 2788 2512
f 2075 2514 2788 2513
f 2074 2240 2788 2514
f 2073 2512 2788 2240
f 2075 2515 2789 2514
f 2076 2516 2789 2515
f 2107 2235 2789 2516
f 2074 2514 2789 2235
f 2082 2510 2790 2513
f 2083 2517 2790 2510
f 2172 2518 2790 2517
f 2075 2513 2790 2518
f 2172 2519 2791 2518
f 2185 2520 2791 2519
f 2076 2515 2791 2520
f 2075 2518 2791 2515
f 2186 2521 2792 2522
f 2077 2237 2792 2521
f 2107 2516 2792 2237
f 2076 2522 2792 2516
f 2079 2523 2793 2524
f 2080 2231 2793 2523
f 2078 2238 2793 2231
f 2077 2524 2793 2238
f 2085 2525 2794 2508
f 2171 2526 2794 2525
f 2172 2517 2794 2526
f 2083 2508 2794 2517
f 2086 2527 2795 2506
f 2170 2528 2795 2527
f 2085 2507 2795 2528
f 2084 2506 2795 2507
f 2170 2529 2796 2528
f 2174 2530 2796 2529
f 2171 2525 2796 2530
f 2085 2528 2796 2525
f 2187 2531 2797 2505
f 2087 2532 2797 2531
f 2176 2533 2797 2532
f 2086 2505 2797 2533
f 2176 2534 2798 2533
f 2177 2535 2798 2534
f 2170 2527 2798 2535
f 2086 2533 2798 2527
f 2089 2489 2799 2538
f 2088 2536 2799 2489
f 2184 2537 2799 2536
f 2087 2538 2799 2537
f 2184 2539 2800 2537
f 2091 2540 2800 2539
f 2176 2532 2800 2540
f 2087 2537 2800 2532
f 2187 2494 2801 2531
f 2191 2541 2801 2494
f 2089 2538 2801 2541
f 2087 2531 2801 2538
f 2183 2542 2802 2487
f 2090 2543 2802 2542
f 2184 2536 2802 2543
f 2088 2487 2802 2536
f 2191 2491 2803 2541
f 2192 2306 2803 2491
f 2193 2490 2803 2306
f 2089 2541 2803 2490
f 2183 2544 2804 2542
f 2129 2545 2804 2544
f 2128 2546 2804 2545
f 2090 2542 2804 2546
f 2128 2547 2805 2546
f 2093 2548 2805 2547
f 2092 2549 2805 2548
f 2090 2546 2805 2549
f 2092 2550 2806 2549
f 2091 2539 2806 2550
f 2184 2543 2806 2539
f 2090 2549 2806 2543
f 2092 2551 2807 2550
f 2169 2552 2807 2551
f 2168 2553 2807 2552
f 2091 2550 2807 2553
f 2168 2554 2808 2553
f 2177 2534 2808 2554
f 2176 2540 2808 2534
f 2091 2553 2808 2540
f 2093 2555 2809 2548
f 2182 2556 2809 2555
f 2169 2551 2809 2556
f 2092 2548 2809 2551
f 2128 2557 2810 2547
f 2127 2558 2810 2557
f 2181 2559 2810 2558
f 2093 2547 2810 2559
f 2181 2560 2811 2559
f 2094 2561 2811 2560
f 2182 2555 2811 2561
f 2093 2559 2811 2555
f 2181 2562 2812 2560
f 2126 2563 2812 2562
f 2125 2564 2812 2563
f 2094 2560 2812 2564
f 2125 2565 2813 2564
f 2095 2566 2813 2565
f 2179 2567 2813 2566
f 2094 2564 2813 2567
f 2179 2568 2814 2567
f 2178 2569 2814 2568
f 2182 2561 2814 2569
f 2094 2567 2814 2561
f 2125 2570 2815 2565
f 2124 2571 2815 2570
f 2163 2572 2815 2571
f 2095 2565 2815 2572
f 2163 2573 2816 2572
f 2180 2574 2816 2573
f 2165 2575 2816 2574
f 2095 2572 2816 2575
f 2165 2576 2817 2575
f 2166 2577 2817 2576
f 2179 2566 2817 2577
f 2095 2575 2817 2566
f 2158 2578 2818 2581
f 2118 2579 2818 2578
f 2162 2580 2818 2579
f 2096 2581 2818 2580
f 2162 2582 2819 2580
f 2097 2583 2819 2582
f 2164 2584 2819 2583
f 2096 2580 2819 2584
f 2180 2573 2820 2586
f 2163 2585 2820 2573
f 2158 2581 2820 2585
f 2096 2586 2820 2581
f 2162 2587 2821 2582
f 2117 2588 2821 2587
f 2098 2589 2821 2588
f 2097 2582 2821 2589
f 2098 2590 2822 2589
f 2160 2591 2822 2590
f 2161 2592 2822 2591
f 2097 2589 2822 2592
f 2117 2593 2823 2588
f 2115 2441 2823 2593
f 2114 2594 2823 2441
f 2098 2588 2823 2594
f 2114 2439 2824 2594
f 2113 2595 2824 2439
f 2160 2590 2824 2595
f 2098 2594 2824 2590
f 2100 2596 2825 2435
f 2104 2597 2825 2596
f 2106 2598 2825 2597
f 2099 2435 2825 2598
f 2106 2599 2826 2598
f 2160 2595 2826 2599
f 2113 2437 2826 2595
f 2099 2598 2826 2437
f 2103 2600 2827 2432
f 2101 2601 2827 2600
f 2104 2596 2827 2601
f 2100 2432 2827 2596
f 2108 2602 2828 2604
f 2105 2603 2828 2602
f 2106 2597 2828 2603
f 2104 2604 2828 2597
f 2161 2591 2829 2605
f 2160 2599 2829 2591
f 2106 2603 2829 2599
f 2105 2605 2829 2603
f 2117 2606 2830 2593
f 2146 2607 2830 2606
f 2116 2443 2830 2607
f 2115 2593 2830 2443
f 2146 2608 2831 2607
f 2141 2609 2831 2608
f 2198 2445 2831 2609
f 2116 2607 2831 2445
f 2162 2579 2832 2587
f 2118 2610 2832 2579
f 2146 2606 2832 2610
f 2117 2587 2832 2606
f 2119 2611 2833 2612
f 2141 2608 2833 2611
f 2146 2610 2833 2608
f 2118 2612 2833 2610
f 2158 2613 2834 2578
f 2123 2614 2834 2613
f 2119 2612 2834 2614
f 2118 2578 2834 2612
f 2140 2615 2835 2617
f 2142 2616 2835 2615
f 2141 2611 2835 2616
f 2119 2617 2835 2611
f 2123 2618 2836 2614
f 2121 2619 2836 2618
f 2140 2617 2836 2619
f 2119 2614 2836 2617
f 2149 2620 2837 2623
f 2138 2621 2837 2620
f 2139 2622 2837 2621
f 2120 2623 2837 2622
f 2139 2624 2838 2622
f 2140 2619 2838 2624
f 2121 2625 2838 2619
f 2120 2622 2838 2625
f 2121 2626 2839 2625
f 2159 2627 2839 2626
f 2122 2628 2839 2627
f 2120 2625 2839 2628
f 2122 2629 2840 2628
f 2147 2630 2840 2629
f 2149 2623 2840 2630
f 2120 2628 2840 2623
f 2123 2631 2841 2618
f 2124 2632 2841 2631
f 2159 2626 2841 2632
f 2121 2618 2841 2626
f 2159 2633 2842 2627
f 2126 2634 2842 2633
f 2157 2635 2842 2634
f 2122 2627 2842 2635
f 2157 2636 2843 2635
f 2148 2637 2843 2636
f 2147 2629 2843 2637
f 2122 2635 2843 2629
f 2158 2585 2844 2613
f 2163 2571 2844 2585
f 2124 2631 2844 2571
f 2123 2613 2844 2631
f 2125 2563 2845 2570
f 2126 2633 2845 2563
f 2159 2632 2845 2633
f 2124 2570 2845 2632
f 2181 2558 2846 2562
f 2127 2638 2846 2558
f 2157 2634 2846 2638
f 2126 2562 2846 2634
f 2156 2639 2847 2640
f 2148 2636 2847 2639
f 2157 2638 2847 2636
f 2127 2640 2847 2638
f 2128 2545 2848 2557
f 2129 2641 2848 2545
f 2156 2640 2848 2641
f 2127 2557 2848 2640
f 2130 2481 2849 2643
f 2131 2642 2849 2481
f 2156 2641 2849 2642
f 2129 2643 2849 2641
f 2183 2486 2850 2544
f 2155 2483 2850 2486
f 2130 2643 2850 2483
f 2129 2544 2850 2643
f 2154 2644 2851 2480
f 2135 2645 2851 2644
f 2132 2646 2851 2645
f 2131 2480 2851 2646
f 2132 2647 2852 2646
f 2148 2639 2852 2647
f 2156 2642 2852 2639
f 2131 2646 2852 2642
f 2135 2469 2853 2645
f 2134 2648 2853 2469
f 2133 2649 2853 2648
f 2132 2645 2853 2649
f 2133 2650 2854 2649
f 2147 2637 2854 2650
f 2148 2647 2854 2637
f 2132 2649 2854 2647
f 2134 2467 2855 2648
f 2137 2651 2855 2467
f 2150 2652 2855 2651
f 2133 2648 2855 2652
f 2150 2653 2856 2652
f 2149 2630 2856 2653
f 2147 2650 2856 2630
f 2133 2652 2856 2650
f 2154 2478 2857 2644
f 2136 2471 2857 2478
f 2195 2470 2857 2471
f 2135 2644 2857 2470
f 2153 2460 2858 2466
f 2197 2459 2858 2460
f 2152 2654 2858 2459
f 2137 2466 2858 2654
f 2152 2457 2859 2654
f 2151 2655 2859 2457
f 2150 2651 2859 2655
f 2137 2654 2859 2651
f 2151 2456 2860 2657
f 2145 2455 2860 2456
f 2144 2656 2860 2455
f 2138 2657 2860 2656
f 2144 2453 2861 2656
f 2143 2658 2861 2453
f 2139 2621 2861 2658
f 2138 2656 2861 2621
f 2149 2653 2862 2620
f 2150 2655 2862 2653
f 2151 2657 2862 2655
f 2138 2620 2862 2657
f 2143 2451 2863 2658
f 2142 2615 2863 2451
f 2140 2624 2863 2615
f 2139 2658 2863 2624
f 2142 2450 2864 2616
f 2199 2447 2864 2450
f 2198 2609 2864 2447
f 2141 2616 2864 2609
f 2169 2556 2865 2660
f 2182 2569 2865 2556
f 2178 2659 2865 2569
f 2167 2660 2865 2659
f 2173 2661 2866 2662
f 2168 2552 2866 2661
f 2169 2660 2866 2552
f 2167 2662 2866 2660
f 2173 2663 2867 2661
f 2175 2664 2867 2663
f 2177 2554 2867 2664
f 2168 2661 2867 2554
f 2177 2664 2868 2535
f 2175 2665 2868 2664
f 2174 2529 2868 2665
f 2170 2535 2868 2529
f 2211 2322 2869 2329
f 2213 2294 2869 2322
f 2214 2286 2869 2294
f 2210 2329 2869 2286
f 3007 3063 3366 3066
f 2872 3064 3366 3063
f 2889 3065 3366 3064
f 2871 3066 3366 3065
f 2873 3067 3367 3070
f 2874 3068 3367 3067
f 2875 3069 3367 3068
f 2872 3070 3367 3069
f 3007 3071 3368 3063
f 3006 3072 3368 3071
f 2873 3070 3368 3072
f 2872 3063 3368 3070
f 3004 3073 3369 3075
f 3005 3074 3369 3073
f 2874 3067 3369 3074
f 2873 3075 3369 3067
f 3006 3076 3370 3072
f 3003 3077 3370 3076
f 3004 3075 3370 3077
f 2873 3072 3370 3075
f 3005 3078 3371 3074
f 2882 3079 3371 3078
f 2876 3080 3371 3079
f 2874 3074 3371 3080
f 2876 3081 3372 3080
f 2881 3082 3372 3081
f 2875 3068 3372 3082
f 2874 3080 3372 3068
f 2880 3083 3373 3086
f 2879 3084 3373 3083
f 2878 3085 3373 3084
f 2877 3086 3373 3085
f 3005 3073 3374 3089
f 3004 3087 3374 3073
f 3012 3088 3374 3087
f 2883 3089 3374 3088
f 3012 3090 3375 3088
f 2983 3091 3375 3090
f 3013 3092 3375 3091
f 2883 3088 3375 3092
f 2894 3093 3376 3096
f 2895 3094 3376 3093
f 2886 3095 3376 3094
f 2884 3096 3376 3095
f 2902 3097 3377 3100
f 2927 3098 3377 3097
f 2933 3099 3377 3098
f 2885 3100 3377 3099
f 2933 3101 3378 3099
f 2888 3102 3378 3101
f 2887 3103 3378 3102
f 2885 3099 3378 3103
f 2887 3104 3379 3103
f 2886 3094 3379 3104
f 2895 3105 3379 3094
f 2885 3103 3379 3105
f 2895 3106 3380 3105
f 3016 3107 3380 3106
f 2902 3100 3380 3107
f 2885 3105 3380 3100
f 2933 3108 3381 3101
f 3039 3109 3381 3108
f 2934 3110 3381 3109
f 2888 3101 3381 3110
f 2934 3109 3382 3113
f 3039 3111 3382 3109
f 2891 3112 3382 3111
f 2890 3113 3382 3112
f 3039 3114 3383 3111
f 3038 3115 3383 3114
f 2959 3116 3383 3115
f 2891 3111 3383 3116
f 2959 3117 3384 3120
f 3035 3118 3384 3117
f 3036 3119 3384 3118
f 2892 3120 3384 3119
f 3036 3121 3385 3124
f 3040 3122 3385 3121
f 2960 3123 3385 3122
f 2893 3124 3385 3123
f 2963 3125 3386 3128
f 2897 3126 3386 3125
f 2961 3127 3386 3126
f 2896 3128 3386 3127
f 2969 3129 3387 3131
f 2898 3130 3387 3129
f 2961 3126 3387 3130
f 2897 3131 3387 3126
f 2963 3132 3388 3125
f 3041 3133 3388 3132
f 2968 3134 3388 3133
f 2897 3125 3388 3134
f 2969 3135 3389 3129
f 2992 3136 3389 3135
f 2970 3137 3389 3136
f 2898 3129 3389 3137
f 2970 3138 3390 3141
f 2901 3139 3390 3138
f 2900 3140 3390 3139
f 2899 3141 3390 3140
f 2970 3136 3391 3138
f 2992 3142 3391 3136
f 2976 3143 3391 3142
f 2901 3138 3391 3143
f 2976 3142 3392 3146
f 2992 3144 3392 3142
f 3027 3145 3392 3144
f 2903 3146 3392 3145
f 3027 3147 3393 3145
f 2904 3148 3393 3147
f 2991 3149 3393 3148
f 2903 3145 3393 3149
f 2991 3150 3394 3149
f 3061 3151 3394 3150
f 2914 3152 3394 3151
f 2903 3149 3394 3152
f 3043 3153 3395 3156
f 2906 3154 3395 3153
f 2905 3155 3395 3154
f 2904 3156 3395 3155
f 2905 3157 3396 3155
f 3062 3158 3396 3157
f 2991 3148 3396 3158
f 2904 3155 3396 3148
f 2907 3159 3397 3161
f 3055 3160 3397 3159
f 3062 3157 3397 3160
f 2905 3161 3397 3157
f 2908 3162 3398 3164
f 3053 3163 3398 3162
f 3055 3159 3398 3163
f 2907 3164 3398 3159
f 2972 3165 3399 3167
f 2909 3166 3399 3165
f 3053 3162 3399 3166
f 2908 3167 3399 3162
f 2910 3168 3400 3170
f 2911 3169 3400 3168
f 3053 3166 3400 3169
f 2909 3170 3400 3166
f 2972 3171 3401 3165
f 2971 3172 3401 3171
f 3054 3173 3401 3172
f 2909 3165 3401 3173
f 2958 3174 3402 3176
f 3060 3175 3402 3174
f 2911 3168 3402 3175
f 2910 3176 3402 3168
f 3060 3177 3403 3175
f 2955 3178 3403 3177
f 2912 3179 3403 3178
f 2911 3175 3403 3179
f 2912 3180 3404 3179
f 3055 3163 3404 3180
f 3053 3169 3404 3163
f 2911 3179 3404 3169
f 2955 3181 3405 3178
f 2915 3182 3405 3181
f 2913 3183 3405 3182
f 2912 3178 3405 3183
f 2913 3184 3406 3183
f 3062 3160 3406 3184
f 3055 3180 3406 3160
f 2912 3183 3406 3180
f 2915 3185 3407 3182
f 2916 3186 3407 3185
f 3061 3187 3407 3186
f 2913 3182 3407 3187
f 3061 3150 3408 3187
f 2991 3158 3408 3150
f 3062 3184 3408 3158
f 2913 3187 3408 3184
f 3061 3186 3409 3151
f 2916 3188 3409 3186
f 2948 3189 3409 3188
f 2914 3151 3409 3189
f 2917 3190 3410 3192
f 2954 3191 3410 3190
f 2916 3185 3410 3191
f 2915 3192 3410 3185
f 2921 3193 3411 3196
f 2952 3194 3411 3193
f 2919 3195 3411 3194
f 2918 3196 3411 3195
f 2919 3197 3412 3195
f 2947 3198 3412 3197
f 2954 3199 3412 3198
f 2918 3195 3412 3199
f 2952 3200 3413 3194
f 2950 3201 3413 3200
f 2953 3202 3413 3201
f 2919 3194 3413 3202
f 2953 3203 3414 3202
f 2946 3204 3414 3203
f 2947 3197 3414 3204
f 2919 3202 3414 3197
f 2926 3205 3415 3208
f 2928 3206 3415 3205
f 2921 3207 3415 3206
f 2920 3208 3415 3207
f 2928 3209 3416 3206
f 2929 3210 3416 3209
f 2952 3193 3416 3210
f 2921 3206 3416 3193
f 2923 3211 3417 3214
f 2924 3212 3417 3211
f 2925 3213 3417 3212
f 2922 3214 3417 3213
f 2930 3215 3418 3216
f 2950 3200 3418 3215
f 2952 3210 3418 3200
f 2929 3216 3418 3210
f 2931 3217 3419 3220
f 2937 3218 3419 3217
f 2951 3219 3419 3218
f 2930 3220 3419 3219
f 2951 3221 3420 3219
f 2949 3222 3420 3221
f 2950 3215 3420 3222
f 2930 3219 3420 3215
f 2935 3223 3421 3226
f 2936 3224 3421 3223
f 2937 3225 3421 3224
f 2932 3226 3421 3225
f 2939 3227 3422 3229
f 2949 3221 3422 3227
f 2951 3228 3422 3221
f 2938 3229 3422 3228
f 2945 3230 3423 3232
f 2940 3231 3423 3230
f 2949 3227 3423 3231
f 2939 3232 3423 3227
f 2945 3233 3424 3230
f 2943 3234 3424 3233
f 2941 3235 3424 3234
f 2940 3230 3424 3235
f 2941 3236 3425 3235
f 2946 3203 3425 3236
f 2953 3237 3425 3203
f 2940 3235 3425 3237
f 2953 3201 3426 3237
f 2950 3222 3426 3201
f 2949 3231 3426 3222
f 2940 3237 3426 3231
f 2943 3238 3427 3234
f 2944 3239 3427 3238
f 2942 3240 3427 3239
f 2941 3234 3427 3240
f 3060 3174 3428 3243
f 2958 3241 3428 3174
f 3059 3242 3428 3241
f 2956 3243 3428 3242
f 3059 3241 3429 3246
f 2958 3244 3429 3241
f 3058 3245 3429 3244
f 2957 3246 3429 3245
f 3057 3247 3430 3250
f 2965 3248 3430 3247
f 2964 3249 3430 3248
f 2962 3250 3430 3249
f 2967 3251 3431 3254
f 3056 3252 3431 3251
f 2966 3253 3431 3252
f 2965 3254 3431 3253
f 3056 3255 3432 3252
f 2979 3256 3432 3255
f 2995 3257 3432 3256
f 2966 3252 3432 3257
f 2995 3258 3433 3257
f 2994 3259 3433 3258
f 2993 3260 3433 3259
f 2966 3257 3433 3260
f 3029 3261 3434 3264
f 3052 3262 3434 3261
f 2974 3263 3434 3262
f 2973 3264 3434 3263
f 2974 3265 3435 3263
f 3051 3266 3435 3265
f 2975 3267 3435 3266
f 2973 3263 3435 3267
f 3052 3268 3436 3262
f 3025 3269 3436 3268
f 3024 3270 3436 3269
f 2974 3262 3436 3270
f 3024 3271 3437 3270
f 3023 3272 3437 3271
f 3051 3265 3437 3272
f 2974 3270 3437 3265
f 3051 3273 3438 3266
f 3022 3274 3438 3273
f 3050 3275 3438 3274
f 2975 3266 3438 3275
f 3050 3274 3439 3278
f 3022 3276 3439 3274
f 2978 3277 3439 3276
f 2977 3278 3439 3277
f 2978 3279 3440 3277
f 2979 3255 3440 3279
f 3056 3280 3440 3255
f 2977 3277 3440 3280
f 3022 3281 3441 3276
f 3021 3282 3441 3281
f 3048 3283 3441 3282
f 2978 3276 3441 3283
f 3048 3284 3442 3283
f 3049 3285 3442 3284
f 2979 3279 3442 3285
f 2978 3283 3442 3279
f 3049 3286 3443 3285
f 2989 3287 3443 3286
f 2995 3256 3443 3287
f 2979 3285 3443 3256
f 2981 3288 3444 3291
f 3020 3289 3444 3288
f 3047 3290 3444 3289
f 2980 3291 3444 3290
f 3047 3292 3445 3290
f 3014 3293 3445 3292
f 2982 3294 3445 3293
f 2980 3290 3445 3294
f 2982 3295 3446 3294
f 2985 3296 3446 3295
f 2988 3297 3446 3296
f 2980 3294 3446 3297
f 3049 3284 3447 3299
f 3048 3298 3447 3284
f 3020 3288 3447 3298
f 2981 3299 3447 3288
f 2983 3300 3448 3302
f 2984 3301 3448 3300
f 2985 3295 3448 3301
f 2982 3302 3448 3295
f 3012 3303 3449 3090
f 3008 3304 3449 3303
f 2984 3300 3449 3304
f 2983 3090 3449 3300
f 3008 3305 3450 3304
f 2997 3306 3450 3305
f 2996 3307 3450 3306
f 2984 3304 3450 3307
f 2996 3308 3451 3307
f 2987 3309 3451 3308
f 2985 3301 3451 3309
f 2984 3307 3451 3301
f 2987 3310 3452 3309
f 2986 3311 3452 3310
f 2988 3296 3452 3311
f 2985 3309 3452 3296
f 2990 3312 3453 3313
f 2994 3258 3453 3312
f 2995 3287 3453 3258
f 2989 3313 3453 3287
f 3011 3314 3454 3317
f 2999 3315 3454 3314
f 3000 3316 3454 3315
f 2997 3317 3454 3316
f 2999 3314 3455 3320
f 3011 3318 3455 3314
f 3009 3319 3455 3318
f 2998 3320 3455 3319
f 3010 3321 3456 3324
f 2870 3322 3456 3321
f 3001 3323 3456 3322
f 2998 3324 3456 3323
f 3001 3325 3457 3323
f 3002 3326 3457 3325
f 2999 3320 3457 3326
f 2998 3323 3457 3320
f 3008 3303 3458 3327
f 3012 3087 3458 3303
f 3004 3077 3458 3087
f 3003 3327 3458 3077
f 3047 3328 3459 3292
f 3018 3329 3459 3328
f 3015 3330 3459 3329
f 3014 3292 3459 3330
f 3018 3331 3460 3329
f 3017 3332 3460 3331
f 3016 3333 3460 3332
f 3015 3329 3460 3333
f 3017 3334 3461 3332
f 3046 3335 3461 3334
f 2902 3107 3461 3335
f 3016 3332 3461 3107
f 3045 3336 3462 3338
f 3031 3337 3462 3336
f 3046 3334 3462 3337
f 3017 3338 3462 3334
f 3018 3339 3463 3331
f 3019 3340 3463 3339
f 3045 3338 3463 3340
f 3017 3331 3463 3338
f 3047 3289 3464 3328
f 3020 3341 3464 3289
f 3019 3339 3464 3341
f 3018 3328 3464 3339
f 3021 3342 3465 3344
f 3023 3343 3465 3342
f 3045 3340 3465 3343
f 3019 3344 3465 3340
f 3020 3298 3466 3341
f 3048 3282 3466 3298
f 3021 3344 3466 3282
f 3019 3341 3466 3344
f 3022 3273 3467 3281
f 3051 3272 3467 3273
f 3023 3342 3467 3272
f 3021 3281 3467 3342
f 3024 3345 3468 3271
f 3031 3336 3468 3345
f 3045 3343 3468 3336
f 3023 3271 3468 3343
f 3025 3346 3469 3269
f 3032 3347 3469 3346
f 3031 3345 3469 3347
f 3024 3269 3469 3345
f 3052 3348 3470 3268
f 3028 3349 3470 3348
f 3026 3350 3470 3349
f 3025 3268 3470 3350
f 3052 3261 3471 3348
f 3029 3351 3471 3261
f 3030 3352 3471 3351
f 3028 3348 3471 3352
f 3032 3353 3472 3347
f 3044 3354 3472 3353
f 3046 3337 3472 3354
f 3031 3347 3472 3337
f 3034 3355 3473 3358
f 3035 3356 3473 3355
f 3037 3357 3473 3356
f 3033 3358 3473 3357
f 3040 3121 3474 3359
f 3036 3118 3474 3121
f 3035 3355 3474 3118
f 3034 3359 3474 3355
f 2959 3115 3475 3117
f 3038 3360 3475 3115
f 3037 3356 3475 3360
f 3035 3117 3475 3356
f 3038 3361 3476 3360
f 2927 3362 3476 3361
f 3044 3363 3476 3362
f 3037 3360 3476 3363
f 3039 3108 3477 3114
f 2933 3098 3477 3108
f 2927 3361 3477 3098
f 3038 3114 3477 3361
f 2927 3097 3478 3362
f 2902 3335 3478 3097
f 3046 3354 3478 3335
f 3044 3362 3478 3354
f 3027 3144 3479 3365
f 2992 3135 3479 3144
f 2969 3364 3479 3135
f 3042 3365 3479 3364
f 3481 3615 3820 3618
f 3482 3616 3820 3615
f 3510 3617 3820 3616
f 3480 3618 3820 3617
f 3484 3619 3821 3621
f 3483 3620 3821 3619
f 3510 3616 3821 3620
f 3482 3621 3821 3616
f 3484 3622 3822 3619
f 3485 3623 3822 3622
f 3511 3624 3822 3623
f 3483 3619 3822 3624
f 3509 3625 3823 3627
f 3540 3626 3823 3625
f 3485 3622 3823 3626
f 3484 3627 3823 3622
f 3540 3628 3824 3626
f 3541 3629 3824 3628
f 3486 3630 3824 3629
f 3485 3626 3824 3630
f 3486 3631 3825 3630
f 3524 3632 3825 3631
f 3511 3623 3825 3632
f 3485 3630 3825 3623
f 3541 3633 3826 3629
f 3542 3634 3826 3633
f 3607 3635 3826 3634
f 3486 3629 3826 3635
f 3607 3636 3827 3635
f 3520 3637 3827 3636
f 3524 3631 3827 3637
f 3486 3635 3827 3631
f 3520 3638 3828 3641
f 3608 3639 3828 3638
f 3488 3640 3828 3639
f 3487 3641 3828 3640
f 3592 3642 3829 3645
f 3502 3643 3829 3642
f 3598 3644 3829 3643
f 3489 3645 3829 3644
f 3598 3643 3830 3648
f 3502 3646 3830 3643
f 3589 3647 3830 3646
f 3490 3648 3830 3647
f 3589 3649 3831 3647
f 3588 3650 3831 3649
f 3492 3651 3831 3650
f 3490 3647 3831 3651
f 3492 3650 3832 3654
f 3588 3652 3832 3650
f 3587 3653 3832 3652
f 3491 3654 3832 3653
f 3584 3655 3833 3658
f 3583 3656 3833 3655
f 3597 3657 3833 3656
f 3493 3658 3833 3657
f 3597 3659 3834 3662
f 3582 3660 3834 3659
f 3495 3661 3834 3660
f 3494 3662 3834 3661
f 3582 3663 3835 3660
f 3497 3664 3835 3663
f 3496 3665 3835 3664
f 3495 3660 3835 3665
f 3497 3666 3836 3664
f 3562 3667 3836 3666
f 3563 3668 3836 3667
f 3496 3664 3836 3668
f 3582 3669 3837 3663
f 3580 3670 3837 3669
f 3581 3671 3837 3670
f 3497 3663 3837 3671
f 3581 3672 3838 3671
f 3559 3673 3838 3672
f 3562 3666 3838 3673
f 3497 3671 3838 3666
f 3551 3674 3839 3676
f 3559 3672 3839 3674
f 3581 3675 3839 3672
f 3498 3676 3839 3675
f 3500 3677 3840 3680
f 3547 3678 3840 3677
f 3548 3679 3840 3678
f 3499 3680 3840 3679
f 3575 3681 3841 3683
f 3545 3682 3841 3681
f 3547 3677 3841 3682
f 3500 3683 3841 3677
f 3577 3684 3842 3687
f 3544 3685 3842 3684
f 3578 3686 3842 3685
f 3501 3687 3842 3686
f 3505 3688 3843 3691
f 3506 3689 3843 3688
f 3532 3690 3843 3689
f 3503 3691 3843 3690
f 3508 3692 3844 3695
f 3507 3693 3844 3692
f 3505 3694 3844 3693
f 3504 3695 3844 3694
f 3530 3696 3845 3699
f 3513 3697 3845 3696
f 3531 3698 3845 3697
f 3512 3699 3845 3698
f 3530 3700 3846 3696
f 3525 3701 3846 3700
f 3523 3702 3846 3701
f 3513 3696 3846 3702
f 3529 3703 3847 3706
f 3522 3704 3847 3703
f 3527 3705 3847 3704
f 3514 3706 3847 3705
f 3527 3707 3848 3710
f 3516 3708 3848 3707
f 3518 3709 3848 3708
f 3515 3710 3848 3709
f 3527 3704 3849 3707
f 3522 3711 3849 3704
f 3521 3712 3849 3711
f 3516 3707 3849 3712
f 3517 3713 3850 3715
f 3519 3714 3850 3713
f 3518 3708 3850 3714
f 3516 3715 3850 3708
f 3556 3716 3851 3719
f 3555 3717 3851 3716
f 3546 3718 3851 3717
f 3543 3719 3851 3718
f 3546 3720 3852 3718
f 3545 3721 3852 3720
f 3544 3722 3852 3721
f 3543 3718 3852 3722
f 3544 3684 3853 3722
f 3577 3723 3853 3684
f 3576 3724 3853 3723
f 3543 3722 3853 3724
f 3545 3681 3854 3721
f 3575 3725 3854 3681
f 3578 3685 3854 3725
f 3544 3721 3854 3685
f 3546 3726 3855 3720
f 3572 3727 3855 3726
f 3547 3682 3855 3727
f 3545 3720 3855 3682
f 3555 3728 3856 3717
f 3554 3729 3856 3728
f 3572 3726 3856 3729
f 3546 3717 3856 3726
f 3572 3730 3857 3727
f 3573 3731 3857 3730
f 3548 3678 3857 3731
f 3547 3727 3857 3678
f 3573 3732 3858 3731
f 3553 3733 3858 3732
f 3574 3734 3858 3733
f 3548 3731 3858 3734
f 3552 3735 3859 3738
f 3550 3736 3859 3735
f 3579 3737 3859 3736
f 3549 3738 3859 3737
f 3574 3733 3860 3740
f 3553 3739 3860 3733
f 3552 3738 3860 3739
f 3549 3740 3860 3738
f 3561 3741 3861 3743
f 3559 3674 3861 3741
f 3551 3742 3861 3674
f 3550 3743 3861 3742
f 3552 3744 3862 3735
f 3560 3745 3862 3744
f 3561 3743 3862 3745
f 3550 3735 3862 3743
f 3553 3746 3863 3739
f 3571 3747 3863 3746
f 3560 3744 3863 3747
f 3552 3739 3863 3744
f 3573 3748 3864 3732
f 3570 3749 3864 3748
f 3571 3746 3864 3749
f 3553 3732 3864 3746
f 3570 3748 3865 3750
f 3573 3730 3865 3748
f 3572 3729 3865 3730
f 3554 3750 3865 3729
f 3567 3751 3866 3754
f 3566 3752 3866 3751
f 3569 3753 3866 3752
f 3557 3754 3866 3753
f 3569 3755 3867 3753
f 3560 3747 3867 3755
f 3571 3756 3867 3747
f 3557 3753 3867 3756
f 3564 3757 3868 3759
f 3563 3667 3868 3757
f 3562 3758 3868 3667
f 3558 3759 3868 3758
f 3562 3673 3869 3758
f 3559 3741 3869 3673
f 3561 3760 3869 3741
f 3558 3758 3869 3760
f 3561 3745 3870 3760
f 3560 3755 3870 3745
f 3569 3761 3870 3755
f 3558 3760 3870 3761
f 3569 3752 3871 3761
f 3566 3762 3871 3752
f 3564 3759 3871 3762
f 3558 3761 3871 3759
f 3564 3763 3872 3757
f 3565 3764 3872 3763
f 3568 3765 3872 3764
f 3563 3757 3872 3765
f 3582 3659 3873 3669
f 3597 3656 3873 3659
f 3583 3766 3873 3656
f 3580 3669 3873 3766
f 3585 3767 3874 3770
f 3594 3768 3874 3767
f 3596 3769 3874 3768
f 3584 3770 3874 3769
f 3586 3771 3875 3773
f 3595 3772 3875 3771
f 3594 3767 3875 3772
f 3585 3773 3875 3767
f 3587 3774 3876 3776
f 3593 3775 3876 3774
f 3595 3771 3876 3775
f 3586 3776 3876 3771
f 3588 3777 3877 3652
f 3590 3778 3877 3777
f 3593 3774 3877 3778
f 3587 3652 3877 3774
f 3589 3779 3878 3649
f 3591 3780 3878 3779
f 3590 3777 3878 3780
f 3588 3649 3878 3777
f 3502 3642 3879 3646
f 3592 3781 3879 3642
f 3591 3779 3879 3781
f 3589 3646 3879 3779
f 3534 3782 3880 3785
f 3602 3783 3880 3782
f 3601 3784 3880 3783
f 3599 3785 3880 3784
f 3609 3786 3881 3789
f 3610 3787 3881 3786
f 3611 3788 3881 3787
f 3600 3789 3881 3788
f 3601 3783 3882 3791
f 3602 3790 3882 3783
f 3609 3789 3882 3790
f 3600 3791 3882 3789
f 3603 3792 3883 3794
f 3604 3793 3883 3792
f 3609 3790 3883 3793
f 3602 3794 3883 3790
f 3534 3795 3884 3782
f 3536 3796 3884 3795
f 3603 3794 3884 3796
f 3602 3782 3884 3794
f 3613 3797 3885 3799
f 3612 3798 3885 3797
f 3604 3792 3885 3798
f 3603 3799 3885 3792
f 3612 3800 3886 3798
f 3606 3801 3886 3800
f 3605 3802 3886 3801
f 3604 3798 3886 3802
f 3605 3803 3887 3802
f 3610 3786 3887 3803
f 3609 3793 3887 3786
f 3604 3802 3887 3793
f 3613 3804 3888 3797
f 3542 3805 3888 3804
f 3537 3806 3888 3805
f 3612 3797 3888 3806
f 3614 3807 3889 3808
f 3607 3634 3889 3807
f 3542 3804 3889 3634
f 3613 3808 3889 3804
f 3608 3638 3890 3809
f 3520 3636 3890 3638
f 3607 3807 3890 3636
f 3614 3809 3890 3807
f 3541 3810 3891 3633
f 3538 3811 3891 3810
f 3537 3805 3891 3811
f 3542 3633 3891 3805
f 3540 3812 3892 3628
f 3539 3813 3892 3812
f 3538 3810 3892 3813
f 3541 3628 3892 3810
f 3534 3814 3893 3795
f 3533 3815 3893 3814
f 3535 3816 3893 3815
f 3536 3795 3893 3816
f 3533 3817 3894 3815
f 3528 3818 3894 3817
f 3526 3819 3894 3818
f 3535 3815 3894 3819
f 4056 3898 3897 3896
f 3952 3900 3914 3897
f 3909 3908 3907 3899
f 3905 3906 3902 3901
f 3906 3907 3903 3902
f 3907 3908 3904 3903
f 3908 3911 3910 3904
f 3909 3913 3911 3908
f 3913 4303 3912 3911
f 3900 4265 3915 3914
f 3917 3918 3916 3915
f 4265 4195 3917 3915
f 4111 4025 4112 4114
f 4173 3919 4204 4206
f 3920 3922 3921 3918
f 4020 4311 4312 4022
f 3923 3924 3922 3920
f 3922 4306 4308 3921
f 3924 4305 4306 3922
f 3925 3926 3924 3923
f 3927 4353 3926 3925
f 3933 3929 3927 3925
f 3928 4354 4353 3927
f 3929 3930 3928 3927
f 3933 3936 3938 3929
f 3938 3934 3930 3929
f 3934 3935 3931 3930
f 4107 3999 4321 4331
f 4333 4311 4020 4335
f 3938 3937 3940 3934
f 3940 3941 3935 3934
f 4337 4336 3983 3981
f 3943 3937 3938 3936
f 3943 3947 3944 3937
f 3944 3939 3940 3937
f 3944 3993 4364 3939
f 3946 3945 3947 3943
f 3947 4268 3993 3944
f 3946 4369 4370 3945
f 4370 4006 4269 3945
f 4269 4268 3947 3945
f 3895 4195 3951 3948
f 3951 4195 4265 3949
f 4265 3900 3952 3949
f 4393 3950 3951 3949
f 4393 4373 3953 3950
f 4339 3957 3958 3954
f 4356 3997 4357 4358
f 4383 4389 4388 3963
f 4380 4384 4383 3972
f 3972 4383 3963 3962
f 3959 3960 3957 3956
f 3957 4339 4338 3956
f 3960 3961 3958 3957
f 3965 3966 3960 3959
f 4377 4380 3972 3968
f 3966 3967 3961 3960
f 3967 3953 4373 3961
f 4352 3964 4388 4351
f 3964 4352 4351 4345
f 3963 4388 3964 4345
f 3895 3895 3895 3895
f 3969 3970 3966 3965
f 3970 3971 3967 3966
f 3971 4367 3953 3967
f 3972 4334 4332 3978
f 3978 4320 3942 3972
f 3973 3974 3970 3969
f 3974 3993 3971 3970
f 3993 4268 4367 3971
f 3979 4319 4316 3980
f 3975 3977 3974 3973
f 3977 4364 3993 3974
f 3976 4365 3977 3975
f 3986 3988 3976 3975
f 3968 3942 3980 4310
f 3997 4207 4362 4357
f 3895 3895 3895 3895
f 3997 4201 4203 4375
f 3992 3987 3988 3986
f 3992 3991 3995 3987
f 3991 3992 3990 3989
f 4114 4159 4155 3996
f 4201 3997 4356 4200
f 4025 4165 4164 4162
f 4131 4128 4040 4126
f 4126 4040 4020 4123
f 4000 4011 4124 3998
f 4123 4020 4022 4120
f 4002 4004 4001 4000
f 4001 4012 4011 4000
f 4003 4005 4004 4002
f 4124 4011 4009 4008
f 4009 4017 4016 4008
f 4016 4015 4121 4008
f 4011 4012 4010 4009
f 4010 4018 4017 4009
f 4012 4180 4206 4010
f 4016 4017 4014 4013
f 4042 4022 4312 4119
f 4117 4118 4116 3999
f 4019 4015 4016 4013
f 4017 4018 4097 4014
f 4097 4099 4007 4014
f 4019 4163 4050 4015
f 4096 4098 4097 4018
f 3999 4115 4313 4321
f 4116 4309 4115 3999
f 4104 4040 4007 4099
f 4204 3919 3984 4093
f 4095 4093 3984 3985
f 4102 4101 4095 3985
f 3919 4088 4089 3984
f 4102 3994 4087 4033
f 4079 4107 4331 4023
f 4331 4333 4335 4023
f 4040 4104 4030 4029
f 4110 3999 4107 4026
f 4027 4028 4108 4026
f 3895 3895 3895 3895
f 4107 4079 4027 4026
f 4029 4030 4028 4027
f 4079 4039 4029 4027
f 4030 4031 4105 4028
f 4105 4106 4108 4028
f 4335 4021 4020 4023
f 4104 4103 4031 4030
f 4103 4033 4032 4031
f 4032 4034 4105 4031
f 4033 4087 4036 4032
f 4036 4035 4034 4032
f 4020 4039 4079 4023
f 4103 4101 4102 4033
f 4036 4038 4037 4035
f 4037 4044 4086 4035
f 4363 4394 4346 4041
f 4340 4341 4342 4043
f 4060 4064 4048 4044
f 4048 4045 4086 4044
f 4048 4063 4047 4045
f 4057 4058 4086 4045
f 4047 4063 4065 4046
f 4064 4067 4063 4048
f 4061 4068 4064 4060
f 4067 4066 4065 4063
f 4068 4083 4067 4064
f 4066 4071 4070 4065
f 4067 4083 4082 4066
f 4082 4081 4071 4066
f 4070 4071 4080 4069
f 4085 4072 4073 4069
f 4085 4075 4074 4072
f 4084 4077 4076 4075
f 4040 4029 4039 4020
f 4040 3982 4019 4013
f 4014 4007 4040 4013
f 4024 4111 4003 4002
f 4024 4002 4000 3998
f 4025 4162 4161 4112
f 4095 4098 4096 4093
f 4096 4181 4204 4093
f 4098 4100 4099 4097
f 3895 3895 3895 3895
f 4024 3998 4025 4111
f 3895 3895 3895 3895
f 4313 4115 4304 4113
f 3990 3992 3986 4049
f 4049 3986 3975 3973
f 4049 3973 3969 4052
f 4309 4307 4304 4115
f 4312 4311 4309 4116
f 4118 4119 4312 4116
f 4052 3969 3965 4055
f 3895 3895 3895 3895
f 4193 4122 4123 4120
f 4129 4126 4123 4122
f 4189 4190 4129 4122
f 4088 4055 3965 3959
f 3985 4089 4088 3955
f 4129 4130 4131 4126
f 3895 3895 3895 3895
f 4190 4191 4130 4129
f 4132 4133 4131 4130
f 4191 4192 4132 4130
f 4134 4187 4133 4132
f 4192 4135 4134 4132
f 4166 4188 4187 4134
f 4135 4136 4166 4134
f 4143 4185 4136 4135
f 4184 4168 4166 4136
f 4185 4186 4184 4136
f 4140 4139 4138 4137
f 4138 4184 4186 4137
f 4186 4144 4145 4137
f 4145 4146 4140 4137
f 4139 4183 4169 4138
f 4169 4168 4184 4138
f 4182 4152 4183 4139
f 4140 4149 4182 4139
f 4146 4147 4149 4140
f 4144 4186 4185 4141
f 4185 4143 4142 4141
f 4150 4182 4149 4148
f 4151 4152 4182 4150
f 4154 4153 4152 4151
f 4153 4157 4183 4152
f 4154 4155 4159 4153
f 4159 4158 4157 4153
f 4156 4170 4155 4154
f 4158 4161 4160 4157
f 4160 4169 4183 4157
f 4159 4114 4112 4158
f 3896 3896 3896 3896
f 4161 4162 4167 4160
f 4167 4168 4169 4160
f 3985 3955 3994 4102
f 4164 4188 4167 4162
f 4164 4165 4050 4163
f 4187 4188 4164 4163
f 4168 4167 4188 4166
f 4172 4174 4175 4171
f 4175 4176 4178 4171
f 4179 4177 4178 4176
f 3896 3896 3896 3896
f 4234 4235 4355 4194
f 4199 4198 4200 4196
f 4200 4356 4197 4196
f 4202 4203 4201 4198
f 3896 3896 3896 3896
f 3956 4338 3994 3955
f 4088 3959 3956 3955
f 4090 3946 3943 3936
f 4090 3936 3933 3932
f 4375 4374 4366 4205
f 4209 4361 4362 4207
f 4210 4212 4211 4208
f 4211 4360 4361 4209
f 4214 4271 4212 4210
f 4290 4215 4214 4210
f 4212 4223 4360 4211
f 4271 4224 4223 4212
f 4270 4227 4225 4213
f 4225 4271 4214 4213
f 4214 4215 4216 4213
f 4216 4217 4270 4213
f 4220 4222 4270 4217
f 4218 4219 4220 4217
f 4258 4260 4219 4218
f 4221 4256 4220 4219
f 4260 4257 4221 4219
f 4256 4255 4222 4220
f 4251 4254 4256 4221
f 4257 4250 4251 4221
f 4255 4229 4228 4222
f 4228 4227 4270 4222
f 4224 4236 4235 4223
f 4235 4234 4360 4223
f 4226 4233 4236 4224
f 4271 4225 4226 4224
f 4227 4232 4226 4225
f 4232 4231 4233 4226
f 4228 4230 4232 4227
f 4236 4237 4355 4235
f 4255 4256 4254 4238
f 4240 4254 4251 4239
f 4251 4250 4253 4239
f 4253 4250 4051 4241
f 4051 4252 4248 4241
f 4247 4246 4243 4242
f 4245 4263 4266 4244
f 4249 4261 4263 4245
f 4247 4259 4262 4246
f 4262 4261 4249 4246
f 4248 4252 4259 4247
f 4257 4252 4051 4250
f 4257 4260 4259 4252
f 4264 4261 4262 4258
f 4262 4259 4260 4258
f 4264 4267 4263 4261
f 4273 4276 4054 4272
f 4275 4274 4276 4273
f 4275 4277 4278 4274
f 3222485559 1070006524 441380848 3218654856
f 4378 4376 4276 4274
f 4279 4053 4278 4277
f 4053 4379 4378 4278
f 4078 4397 4053 4280
f 4283 4287 4285 4281
f 4396 4282 4283 4281
f 4284 4291 4283 4282
f 4397 4399 4284 4282
f 4291 4289 4287 4283
f 4287 4288 4286 4285
f 4289 4290 4288 4287
f 4293 4399 4398 4292
f 4398 4062 4382 4292
f 4382 4400 4294 4292
f 4294 4295 4293 4292
f 4295 4301 4302 4293
f 4296 4298 4295 4294
f 4298 4300 4301 4295
f 4395 4297 4298 4296
f 4299 4300 4298 4297
f 4195 3895 4090 3917
f 4090 3920 3918 3917
f 4268 4269 4059 4367
f 3953 4367 4059 4368
f 4317 4318 4359 4314
f 4316 4319 4317 4315
f 4319 4320 4318 4317
f 4059 4269 4006 4370
f 4328 4325 4323 4322
f 4325 4327 4324 4323
f 4328 4332 4329 4325
f 4329 4326 4327 4325
f 4332 4334 4330 4329
f 4369 4368 4059 4370
f 4372 4371 4373 4393
f 4091 4109 4094 4125
f 4092 4091 4125 4127
f 4180 4127 4173 4206
f 4313 4304 4307 4321
f 4307 4309 4311 4333
f 4344 4350 4349 4343
f 4345 4351 4350 4344
f 4331 4321 4307 4333
f 4348 4391 4392 4347
f 4349 4390 4391 4348
f 4350 4389 4390 4349
f 4351 4388 4389 4350
f 4361 4358 4357 4362
f 4382 4062 4387 4400
f 4078 4387 4062 4398
f 4078 4398 4399 4397
f 4386 4392 4391 4385
f 4381 4385 4384 4380
f 4385 4391 4390 4384
f 4384 4390 4389 4383
f 4602 4600 4402 4401
f 4600 4598 4404 4402
f 4404 4612 4403 4402
f 4405 4407 4425 4403
f 4612 4613 4405 4403
f 4598 4607 4611 4404
f 4611 4412 4612 4404
f 4406 4408 4407 4405
f 4613 4411 4406 4405
f 4409 4474 4408 4406
f 4411 4410 4409 4406
f 4521 4437 4474 4409
f 4410 4480 4521 4409
f 4411 4615 4522 4410
f 4522 4546 4480 4410
f 4613 4614 4615 4411
f 4614 4613 4612 4412
f 4611 4413 4609 4412
f 4609 4610 4614 4412
f 4611 4607 4414 4413
f 4414 4416 4604 4413
f 4604 4608 4609 4413
f 4607 4606 4415 4414
f 4415 4417 4416 4414
f 4606 4421 4605 4415
f 4605 4418 4417 4415
f 4605 4420 4419 4418
f 4606 4423 4422 4421
f 4423 4599 4597 4422
f 4598 4600 4599 4423
f 4606 4607 4598 4423
f 4518 4595 4427 4426
f 4519 4520 4518 4426
f 4595 4596 4428 4427
f 4596 4430 4429 4428
f 4594 4531 4593 4430
f 4596 4528 4594 4430
f 4432 4591 4433 4431
f 4592 4500 4591 4432
f 4593 4531 4592 4432
f 4591 4576 4459 4433
f 4459 4458 4434 4433
f 4590 4457 4589 4435
f 4589 4456 4588 4436
f 4455 4452 4439 4438
f 4588 4456 4455 4438
f 4452 4451 4440 4439
f 4444 4443 4442 4441
f 4453 4585 4444 4441
f 4444 4584 4587 4443
f 4585 4449 4584 4444
f 4586 4587 4584 4445
f 4584 4449 4582 4445
f 4582 4446 4583 4445
f 4582 4448 4447 4446
f 4447 4472 4473 4446
f 4448 4468 4469 4447
f 4469 4470 4472 4447
f 4582 4449 4581 4448
f 4581 4465 4468 4448
f 4585 4454 4581 4449
f 4465 4581 4454 4450
f 4454 4451 4452 4450
f 4452 4455 4580 4450
f 4580 4466 4465 4450
f 4454 4585 4453 4451
f 4456 4579 4580 4455
f 4589 4457 4579 4456
f 4578 4467 4579 4457
f 4590 4458 4578 4457
f 4459 4460 4578 4458
f 4576 4577 4460 4459
f 4577 4461 4575 4460
f 4575 4467 4578 4460
f 4534 4463 4462 4461
f 4462 4464 4575 4461
f 4577 4499 4534 4461
f 4463 4470 4469 4462
f 4469 4468 4464 4462
f 4496 4574 4470 4463
f 4534 4536 4496 4463
f 4468 4465 4466 4464
f 4466 4467 4575 4464
f 4580 4579 4467 4466
f 4574 4471 4472 4470
f 4574 4498 4573 4471
f 4571 4572 4569 4475
f 4569 4492 4568 4475
f 4568 4542 4476 4475
f 4476 4570 4571 4475
f 4542 4541 4477 4476
f 4541 4544 4478 4477
f 4544 4543 4567 4478
f 4543 4483 4482 4479
f 4482 4481 4566 4479
f 4481 4482 4521 4480
f 4546 4565 4481 4480
f 4565 4558 4566 4481
f 4483 4437 4521 4482
f 4543 4544 4545 4483
f 4545 4484 4437 4483
f 4545 4540 4485 4484
f 4540 4487 4486 4485
f 4487 4488 4539 4486
f 4542 4568 4488 4487
f 4540 4541 4542 4487
f 4568 4492 4490 4488
f 4490 4530 4539 4488
f 4491 4493 4537 4489
f 4537 4533 4538 4489
f 4538 4513 4530 4489
f 4530 4490 4491 4489
f 4492 4494 4491 4490
f 4494 4495 4493 4491
f 4569 4497 4494 4492
f 4495 4496 4536 4493
f 4536 4504 4537 4493
f 4497 4498 4495 4494
f 4498 4574 4496 4495
f 4535 4573 4498 4497
f 4569 4572 4535 4497
f 4504 4536 4534 4499
f 4577 4576 4501 4499
f 4501 4503 4504 4499
f 4502 4503 4501 4500
f 4501 4576 4591 4500
f 4592 4505 4502 4500
f 4505 4508 4532 4502
f 4532 4533 4503 4502
f 4533 4537 4504 4503
f 4592 4531 4506 4505
f 4506 4507 4508 4505
f 4531 4594 4424 4506
f 4424 4526 4507 4506
f 4526 4525 4524 4507
f 4524 4509 4508 4507
f 4509 4529 4532 4508
f 4524 4510 4511 4509
f 4511 4512 4529 4509
f 4524 4525 4517 4510
f 4513 4538 4529 4512
f 4515 4514 4513 4512
f 4514 4539 4530 4513
f 4517 4525 4527 4516
f 4527 4595 4518 4516
f 4518 4520 4523 4516
f 4526 4528 4527 4525
f 4424 4594 4528 4526
f 4528 4596 4595 4527
f 4538 4533 4532 4529
f 4545 4544 4541 4540
f 4522 4548 4547 4546
f 4547 4559 4565 4546
f 4548 4550 4551 4547
f 4551 4562 4559 4547
f 4522 4615 4564 4548
f 4564 4549 4550 4548
f 4564 4610 4563 4549
f 4563 4560 4552 4549
f 4552 4561 4550 4549
f 4561 4553 4551 4550
f 4553 4554 4562 4551
f 4555 4556 4562 4554
f 4557 4559 4562 4556
f 4558 4565 4559 4557
f 4610 4609 4608 4563
f 4615 4614 4610 4564
f 4599 4601 4603 4597
f 4600 4602 4601 4599
f 4619 4620 4635 4617
f 4624 4618 4619 4617
f 4624 4634 4623 4618
f 4621 4622 4626 4620
f 4650 4673 4626 4622
f 4626 4673 4752 4625
f 4752 4751 4750 4625
f 4750 4748 4628 4627
f 4748 4702 4708 4628
f 4708 4726 4637 4628
f 4726 4708 4725 4629
f 4725 4755 4759 4629
f 4759 4630 4631 4629
f 4631 4728 4726 4629
f 4759 4758 4760 4630
f 4760 4761 4829 4630
f 4829 4843 4631 4630
f 4843 4632 4728 4631
f 4633 4636 4728 4632
f 4843 4845 4638 4632
f 4638 4639 4633 4632
f 4637 4726 4728 4636
f 4845 4643 4641 4638
f 4641 4640 4639 4638
f 4643 4645 4644 4642
f 4845 4846 4645 4643
f 4645 4646 4647 4644
f 4846 4762 4646 4645
f 4762 4763 4848 4646
f 4848 4648 4647 4646
f 4848 4651 4649 4648
f 4848 4763 4876 4651
f 4876 4764 4766 4652
f 4770 4771 4654 4653
f 4771 4772 4655 4654
f 4772 4773 4656 4655
f 4773 4776 4879 4656
f 4788 4789 4658 4657
f 4789 4790 4877 4658
f 4878 4664 4661 4659
f 4661 4663 4662 4660
f 4664 4665 4663 4661
f 4665 4872 4870 4663
f 4874 4873 4665 4664
f 4878 4791 4874 4664
f 4873 4666 4872 4665
f 4667 4869 4854 4666
f 4854 4853 4872 4666
f 4873 4669 4667 4666
f 4668 4817 4869 4667
f 4669 4670 4668 4667
f 4671 4815 4817 4668
f 4873 4874 4875 4669
f 4875 4793 4670 4669
f 4814 4718 4719 4672
f 4676 4812 4675 4674
f 4812 4733 4813 4675
f 4677 4811 4812 4676
f 4678 4679 4811 4677
f 4681 4682 4680 4679
f 4680 4810 4811 4679
f 4682 4684 4809 4680
f 4809 4731 4810 4680
f 4740 4683 4682 4681
f 4743 4741 4740 4681
f 4683 4739 4684 4682
f 4694 4690 4739 4683
f 4740 4695 4694 4683
f 4739 4686 4685 4684
f 4685 4715 4809 4684
f 4738 4736 4715 4685
f 4691 4688 4687 4686
f 4739 4690 4691 4686
f 4691 4714 4689 4688
f 4704 4705 4616 4689
f 4714 4709 4704 4689
f 4692 4714 4691 4690
f 4694 4693 4692 4690
f 4710 4709 4714 4692
f 4693 4711 4710 4692
f 4694 4695 4713 4693
f 4713 4712 4711 4693
f 4740 4741 4696 4695
f 4698 4699 4712 4697
f 4700 4711 4712 4699
f 4701 4710 4711 4700
f 4703 4709 4710 4701
f 4706 4704 4709 4703
f 4706 4707 4705 4704
f 4736 4734 4730 4715
f 4730 4731 4809 4715
f 4734 4735 4724 4716
f 4724 4722 4720 4716
f 4720 4718 4717 4716
f 4720 4721 4719 4718
f 4723 4729 4727 4722
f 4732 4733 4810 4731
f 4812 4811 4810 4733
f 4736 4737 4735 4734
f 4743 4806 4807 4741
f 4806 4743 4744 4742
f 4746 4747 4749 4742
f 4749 4751 4806 4742
f 4800 4805 4753 4745
f 4753 4747 4746 4745
f 4753 4754 4702 4747
f 4702 4748 4749 4747
f 4750 4751 4749 4748
f 4752 4807 4806 4751
f 4673 4808 4807 4752
f 4805 4756 4754 4753
f 4756 4755 4725 4754
f 4725 4708 4702 4754
f 4756 4802 4757 4755
f 4757 4758 4759 4755
f 4805 4803 4802 4756
f 4802 4780 4781 4757
f 4781 4801 4758 4757
f 4801 4767 4760 4758
f 4767 4765 4761 4760
f 4765 4763 4762 4761
f 4762 4846 4829 4761
f 4765 4764 4876 4763
f 4765 4767 4768 4764
f 4801 4769 4768 4767
f 4769 4772 4771 4768
f 4775 4773 4772 4769
f 4775 4774 4776 4773
f 4777 4786 4776 4774
f 4786 4788 4879 4776
f 4779 4782 4778 4777
f 4778 4787 4786 4777
f 4785 4784 4787 4778
f 4803 4804 4782 4779
f 4780 4802 4803 4779
f 4799 4796 4798 4783
f 4798 4794 4785 4783
f 4785 4794 4792 4784
f 4792 4791 4790 4784
f 4790 4789 4787 4784
f 4787 4789 4788 4786
f 4791 4878 4877 4790
f 4792 4875 4874 4791
f 4794 4793 4875 4792
f 4794 4798 4795 4793
f 4798 4796 4797 4795
f 4804 4803 4805 4800
f 4818 4820 4821 4816
f 4821 4823 4866 4816
f 4866 4854 4869 4816
f 4869 4817 4818 4816
f 4868 4834 4867 4819
f 4867 4822 4821 4820
f 4822 4824 4823 4821
f 4867 4834 4832 4822
f 4832 4839 4824 4822
f 4824 4836 4865 4823
f 4865 4852 4866 4823
f 4839 4837 4836 4824
f 4833 4831 4835 4825
f 4835 4828 4827 4826
f 4835 4831 4830 4828
f 4837 4864 4857 4836
f 4857 4851 4865 4836
f 4838 4840 4864 4837
f 4863 4862 4864 4840
f 4842 4858 4861 4841
f 4844 4859 4858 4842
f 4847 4860 4859 4844
f 4850 4851 4855 4849
f 4852 4865 4851 4850
f 4857 4856 4855 4851
f 4853 4854 4866 4852
f 4871 4870 4872 4853
f 4856 4859 4860 4855
f 4857 4864 4862 4856
f 4862 4858 4859 4856
f 4845 4843 4829 4846
f 4881 4882 4883 4880
f 4883 4884 4885 4880
f 4885 4978 5051 4880
f 5051 5052 4881 4880
f 5049 5069 4882 4881
f 5069 4895 4894 4882
f 4889 4888 4884 4883
f 4888 4887 4886 4884
f 4886 4996 4885 4884
f 4888 5010 5004 4887
f 4889 4890 5010 4888
f 4891 4928 5010 4890
f 4923 4924 4928 4891
f 4899 4900 5054 4892
f 4894 4895 5012 4893
f 4896 5042 5012 4895
f 5069 5039 4896 4895
f 5071 5044 5042 4896
f 5039 5070 5071 4896
f 5043 4983 4898 4897
f 4983 4982 5047 4898
f 5047 4901 4900 4898
f 5047 5084 4903 4901
f 4903 4904 5087 4902
f 5087 4916 5055 4902
f 5084 5085 4904 4903
f 5085 4907 4905 4904
f 4905 4915 5087 4904
f 4907 5083 4908 4906
f 5085 5086 5083 4907
f 5082 4965 4964 4908
f 4964 4963 4962 4909
f 4962 4961 4911 4909
f 4911 4961 4912 4910
f 4912 4960 4913 4910
f 4913 4959 4914 4910
f 4961 4953 4952 4912
f 4952 4954 4960 4912
f 4960 4942 4939 4913
f 4939 4957 4959 4913
f 4959 4917 4915 4914
f 4917 4916 5087 4915
f 4917 4919 4958 4916
f 4959 4957 4919 4917
f 4919 4957 4937 4918
f 4937 4936 4935 4918
f 4935 4920 4922 4918
f 4922 4958 4919 4918
f 4935 4934 4933 4920
f 4933 4932 4931 4920
f 4931 4921 4922 4920
f 4930 4958 4922 4921
f 4925 4929 4930 4921
f 4929 4925 4924 4923
f 4927 4926 4928 4924
f 5004 5010 4928 4926
f 4937 4938 4940 4936
f 4957 4939 4938 4937
f 4939 4942 4941 4938
f 4942 4944 4943 4941
f 4960 4954 4944 4942
f 4944 4956 4945 4943
f 4945 4946 4947 4943
f 4954 4955 4956 4944
f 4956 4949 4948 4945
f 4956 4955 4950 4949
f 4955 4954 4952 4951
f 5082 4967 4966 4965
f 5082 4975 4976 4967
f 4976 5081 4968 4967
f 5081 4973 4971 4969
f 4973 5081 4976 4972
f 4977 5083 5086 4974
f 5086 4979 4981 4974
f 5086 5085 5084 4979
f 5084 5047 4982 4979
f 4982 4980 4981 4979
f 4982 4983 4984 4980
f 4986 4989 5080 4985
f 4987 4988 4989 4986
f 5079 5023 4988 4987
f 5017 4990 4989 4988
f 5023 5020 5017 4988
f 4990 4992 5080 4989
f 4991 4993 4992 4990
f 5017 5015 4991 4990
f 5000 4994 4993 4991
f 5015 5078 5000 4991
f 4993 5076 5075 4992
f 5075 5077 5080 4992
f 4994 4995 5076 4993
f 4998 4997 4995 4994
f 5000 4999 4998 4994
f 5000 5078 5074 4999
f 5016 5014 5002 5001
f 5005 5013 5006 5003
f 5008 5011 5009 5007
f 5017 5020 5018 5015
f 5018 5016 5078 5015
f 5020 5019 5021 5018
f 5020 5023 5022 5019
f 5023 5079 5072 5022
f 5072 5024 5073 5022
f 5072 5070 5068 5024
f 5068 5025 4970 5024
f 4970 5066 5073 5024
f 5068 5067 5050 5025
f 5026 5066 4970 5025
f 5028 5065 5066 5026
f 5065 5028 5063 5027
f 5063 5060 5061 5027
f 5029 5062 5063 5028
f 5030 5033 5062 5029
f 5032 5031 5033 5030
f 5064 5034 5033 5031
f 5034 5059 5062 5033
f 5057 5060 5059 5035
f 5037 5036 5057 5035
f 5056 5058 5057 5036
f 5064 5041 5040 5038
f 5046 5052 5051 5045
f 5051 4978 5053 5045
f 5050 5067 5049 5048
f 5067 5039 5069 5049
f 5058 5061 5060 5057
f 5060 5063 5062 5059
f 5068 5070 5039 5067
f 5072 5079 5071 5070
f 5183 5279 5280 5088
f 5280 5282 5089 5088
f 5090 5096 5095 5089
f 5092 5301 5300 5091
f 5300 5299 5284 5091
f 5284 5149 5184 5091
f 5094 5095 5191 5093
f 5096 5097 5191 5095
f 5204 5294 5295 5098
f 5100 5101 5204 5099
f 5102 5103 5292 5101
f 5292 5294 5204 5101
f 5104 5291 5292 5103
f 5106 5281 5255 5105
f 5107 5250 5281 5106
f 5109 5118 5250 5107
f 5111 5112 5110 5108
f 5110 5116 5117 5108
f 5117 5118 5109 5108
f 5114 5115 5116 5110
f 5251 5235 5252 5113
f 5252 5232 5253 5113
f 5253 5115 5114 5113
f 5253 5122 5123 5115
f 5123 5121 5116 5115
f 5121 5119 5117 5116
f 5119 5120 5118 5117
f 5120 5286 5250 5118
f 5121 5287 5288 5119
f 5288 5289 5120 5119
f 5289 5290 5286 5120
f 5123 5317 5287 5121
f 5253 5232 5124 5122
f 5124 5315 5316 5122
f 5316 5317 5123 5122
f 5232 5231 5297 5124
f 5297 5314 5315 5124
f 5297 5231 5230 5125
f 5230 5228 5318 5125
f 5127 5312 5128 5126
f 5128 5310 5308 5126
f 5318 5313 5312 5127
f 5312 5202 5311 5128
f 5311 5309 5310 5128
f 5133 5130 5131 5129
f 5133 5135 5137 5130
f 5308 5307 5134 5132
f 5134 5135 5133 5132
f 5307 5169 5170 5134
f 5170 5306 5135 5134
f 5306 5136 5137 5135
f 5305 5138 5137 5136
f 5306 5164 5165 5136
f 5165 5275 5305 5136
f 5143 5140 5139 5138
f 5305 5144 5143 5138
f 5143 5142 5141 5140
f 5305 5275 5276 5144
f 5276 5303 5145 5144
f 5303 5304 5146 5145
f 5302 5148 5147 5146
f 5304 5153 5302 5146
f 5149 5284 5283 5148
f 5302 5151 5149 5148
f 5151 5150 5184 5149
f 5151 5152 5278 5150
f 5278 5279 5183 5150
f 5302 5153 5152 5151
f 5153 5154 5277 5152
f 5277 5157 5278 5152
f 5304 5155 5154 5153
f 5304 5303 5158 5155
f 5279 5278 5157 5156
f 5303 5276 5159 5158
f 5276 5275 5160 5159
f 5275 5165 5274 5160
f 5273 5274 5162 5161
f 5162 5163 5177 5161
f 5177 5178 5179 5161
f 5274 5165 5164 5162
f 5164 5168 5163 5162
f 5168 5167 5272 5163
f 5272 5175 5177 5163
f 5306 5170 5168 5164
f 5169 5307 5269 5166
f 5269 5268 5172 5166
f 5172 5270 5171 5166
f 5171 5167 5169 5166
f 5168 5170 5169 5167
f 5171 5271 5272 5167
f 5270 5174 5271 5171
f 5268 5186 5185 5172
f 5185 5173 5270 5172
f 5181 5174 5270 5173
f 5180 5182 5271 5174
f 5272 5271 5182 5175
f 5176 5178 5177 5175
f 5268 5309 5265 5186
f 5265 5195 5188 5186
f 5188 5195 5194 5187
f 5194 5193 5192 5187
f 5192 5189 5190 5187
f 5192 5267 5266 5189
f 5265 5203 5196 5195
f 5203 5201 5200 5196
f 5200 5199 5197 5196
f 5199 5264 5198 5197
f 5264 5262 5258 5198
f 5200 5207 5206 5199
f 5206 5210 5264 5199
f 5203 5311 5202 5201
f 5312 5313 5205 5202
f 5265 5309 5311 5203
f 5207 5263 5208 5206
f 5208 5209 5210 5206
f 5263 5225 5214 5208
f 5214 5213 5209 5208
f 5213 5246 5212 5209
f 5212 5211 5210 5209
f 5211 5262 5264 5210
f 5212 5247 5249 5211
f 5249 5261 5262 5211
f 5225 5216 5215 5214
f 5245 5218 5217 5216
f 5225 5226 5245 5216
f 5245 5223 5219 5218
f 5223 5224 5220 5219
f 5224 5221 5222 5220
f 5237 5244 5222 5221
f 5224 5243 5229 5221
f 5229 5234 5237 5221
f 5245 5226 5242 5223
f 5242 5243 5224 5223
f 5263 5241 5226 5225
f 5228 5229 5243 5227
f 5243 5242 5240 5227
f 5313 5318 5228 5227
f 5230 5234 5229 5228
f 5231 5233 5234 5230
f 5232 5252 5233 5231
f 5252 5235 5236 5233
f 5236 5237 5234 5233
f 5239 5238 5236 5235
f 5238 5244 5237 5236
f 5254 5261 5249 5248
f 5260 5257 5261 5254
f 5259 5258 5257 5256
f 5258 5262 5261 5257
f 5269 5310 5309 5268
f 5307 5308 5310 5269
f 5284 5299 5285 5283
f 5299 5290 5289 5285
f 5299 5300 5298 5290
f 5296 5295 5294 5293
f 5320 5407 5405 5319
f 5321 5418 5407 5320
f 5322 5462 5418 5321
f 5323 5327 5462 5322
f 5463 5598 5325 5323
f 5325 5324 5327 5323
f 5325 5614 5613 5324
f 5613 5627 5328 5324
f 5328 5326 5327 5324
f 5598 5604 5614 5325
f 5675 5462 5327 5326
f 5328 5676 5329 5326
f 5329 5674 5675 5326
f 5627 5516 5676 5328
f 5676 5520 5522 5329
f 5522 5673 5674 5329
f 5335 5336 5331 5330
f 5331 5521 5523 5330
f 5523 5526 5672 5330
f 5672 5334 5335 5330
f 5336 5445 5673 5331
f 5673 5522 5521 5331
f 5337 5338 5333 5332
f 5333 5527 5529 5332
f 5529 5662 5671 5332
f 5671 5339 5337 5332
f 5338 5667 5334 5333
f 5334 5672 5527 5333
f 5667 5668 5335 5334
f 5668 5354 5336 5335
f 5354 5356 5445 5336
f 5669 5670 5338 5337
f 5339 5666 5669 5337
f 5670 5355 5667 5338
f 5671 5664 5341 5339
f 5341 5665 5666 5339
f 5360 5665 5341 5340
f 5341 5664 5663 5340
f 5663 5364 5342 5340
f 5342 5343 5360 5340
f 5362 5363 5343 5342
f 5344 5345 5360 5343
f 5346 5347 5361 5345
f 5361 5665 5360 5345
f 5349 5359 5361 5347
f 5352 5670 5669 5348
f 5669 5666 5359 5348
f 5359 5349 5350 5348
f 5668 5667 5355 5351
f 5353 5355 5670 5352
f 5357 5435 5445 5356
f 5417 5419 5435 5357
f 5405 5407 5417 5358
f 5666 5665 5361 5359
f 5663 5366 5365 5364
f 5366 5367 5368 5365
f 5663 5664 5661 5366
f 5661 5530 5367 5366
f 5530 5534 5369 5367
f 5534 5660 5372 5369
f 5371 5659 5505 5370
f 5505 5503 5502 5370
f 5502 5657 5373 5370
f 5373 5375 5371 5370
f 5660 5533 5659 5371
f 5375 5372 5660 5371
f 5375 5374 5376 5372
f 5657 5653 5658 5373
f 5658 5374 5375 5373
f 5658 5469 5465 5374
f 5465 5377 5376 5374
f 5377 5379 5461 5376
f 5380 5450 5381 5378
f 5427 5426 5450 5380
f 5450 5424 5425 5381
f 5425 5453 5382 5381
f 5453 5455 5383 5382
f 5455 5460 5384 5383
f 5460 5386 5385 5384
f 5460 5459 5422 5386
f 5422 5387 5388 5386
f 5390 5389 5388 5387
f 5390 5392 5393 5389
f 5394 5395 5392 5391
f 5395 5396 5393 5392
f 5398 5420 5415 5397
f 5399 5400 5420 5398
f 5421 5408 5401 5399
f 5401 5410 5400 5399
f 5411 5414 5420 5400
f 5408 5409 5403 5401
f 5406 5403 5409 5402
f 5416 5413 5414 5412
f 5415 5420 5414 5413
f 5451 5425 5424 5423
f 5424 5449 5458 5423
f 5450 5426 5449 5424
f 5451 5452 5453 5425
f 5427 5429 5433 5426
f 5433 5448 5449 5426
f 5430 5431 5432 5428
f 5432 5433 5429 5428
f 5434 5442 5443 5431
f 5443 5444 5432 5431
f 5444 5448 5433 5432
f 5447 5441 5442 5434
f 5441 5447 5446 5436
f 5437 5438 5441 5436
f 5439 5442 5441 5438
f 5440 5443 5442 5439
f 5456 5444 5443 5440
f 5456 5457 5448 5444
f 5457 5458 5449 5448
f 5454 5455 5453 5452
f 5459 5460 5455 5454
f 5467 5652 5651 5466
f 5651 5474 5472 5466
f 5468 5653 5652 5467
f 5469 5658 5653 5468
f 5471 5473 5475 5470
f 5475 5479 5655 5470
f 5472 5474 5473 5471
f 5474 5649 5476 5473
f 5476 5477 5475 5473
f 5651 5501 5649 5474
f 5477 5480 5479 5475
f 5649 5491 5490 5476
f 5490 5647 5477 5476
f 5647 5483 5480 5477
f 5655 5479 5646 5478
f 5646 5587 5586 5478
f 5586 5656 5654 5478
f 5480 5481 5646 5479
f 5483 5482 5481 5480
f 5482 5582 5581 5481
f 5581 5587 5646 5481
f 5580 5588 5582 5482
f 5483 5484 5580 5482
f 5647 5648 5484 5483
f 5645 5579 5580 5484
f 5648 5485 5645 5484
f 5639 5488 5644 5485
f 5644 5577 5645 5485
f 5648 5638 5639 5485
f 5487 5641 5640 5486
f 5640 5575 5578 5486
f 5578 5577 5644 5486
f 5644 5488 5487 5486
f 5564 5562 5641 5487
f 5488 5493 5564 5487
f 5639 5489 5493 5488
f 5495 5496 5493 5489
f 5639 5638 5492 5489
f 5492 5494 5495 5489
f 5491 5492 5638 5490
f 5638 5648 5647 5490
f 5650 5494 5492 5491
f 5649 5501 5650 5491
f 5496 5637 5564 5493
f 5500 5497 5495 5494
f 5650 5499 5500 5494
f 5497 5635 5496 5495
f 5635 5636 5637 5496
f 5504 5630 5635 5497
f 5500 5503 5504 5497
f 5657 5502 5499 5498
f 5499 5650 5501 5498
f 5501 5651 5652 5498
f 5652 5653 5657 5498
f 5502 5503 5500 5499
f 5505 5506 5504 5503
f 5506 5507 5630 5504
f 5659 5628 5506 5505
f 5628 5509 5507 5506
f 5509 5510 5633 5507
f 5633 5631 5630 5507
f 5513 5514 5542 5508
f 5542 5539 5634 5508
f 5634 5633 5510 5508
f 5510 5512 5513 5508
f 5511 5512 5510 5509
f 5628 5629 5511 5509
f 5524 5517 5512 5511
f 5629 5531 5524 5511
f 5517 5518 5513 5512
f 5518 5519 5514 5513
f 5519 5520 5515 5514
f 5515 5536 5542 5514
f 5520 5676 5516 5515
f 5516 5537 5536 5515
f 5627 5625 5537 5516
f 5526 5523 5518 5517
f 5524 5525 5526 5517
f 5523 5521 5519 5518
f 5521 5522 5520 5519
f 5531 5528 5525 5524
f 5527 5672 5526 5525
f 5528 5529 5527 5525
f 5531 5535 5532 5528
f 5532 5662 5529 5528
f 5661 5662 5532 5530
f 5532 5535 5534 5530
f 5629 5533 5535 5531
f 5629 5628 5659 5533
f 5660 5534 5535 5533
f 5537 5541 5540 5536
f 5540 5539 5542 5536
f 5625 5624 5541 5537
f 5539 5540 5543 5538
f 5543 5621 5620 5538
f 5620 5566 5632 5538
f 5632 5634 5539 5538
f 5541 5544 5543 5540
f 5624 5545 5544 5541
f 5544 5622 5621 5543
f 5545 5623 5622 5544
f 5624 5547 5546 5545
f 5546 5615 5623 5545
f 5547 5548 5617 5546
f 5617 5616 5615 5546
f 5626 5612 5548 5547
f 5624 5625 5626 5547
f 5612 5611 5551 5548
f 5551 5550 5617 5548
f 5550 5552 5554 5549
f 5554 5553 5404 5549
f 5404 5557 5616 5549
f 5616 5617 5550 5549
f 5551 5610 5552 5550
f 5611 5602 5610 5551
f 5610 5601 5609 5552
f 5609 5608 5554 5552
f 5554 5608 5607 5553
f 5607 5606 5555 5553
f 5555 5557 5404 5553
f 5606 5570 5568 5555
f 5568 5556 5557 5555
f 5568 5567 5559 5556
f 5559 5623 5615 5556
f 5615 5616 5557 5556
f 5622 5623 5559 5558
f 5559 5567 5560 5558
f 5560 5561 5619 5558
f 5619 5621 5622 5558
f 5567 5569 5573 5560
f 5573 5643 5561 5560
f 5643 5642 5563 5561
f 5563 5618 5619 5561
f 5565 5618 5563 5562
f 5563 5642 5641 5562
f 5564 5637 5565 5562
f 5566 5620 5618 5565
f 5637 5636 5566 5565
f 5636 5631 5632 5566
f 5568 5570 5569 5567
f 5570 5595 5596 5569
f 5596 5574 5573 5569
f 5606 5597 5595 5570
f 5572 5605 5576 5571
f 5576 5575 5640 5571
f 5640 5641 5642 5571
f 5642 5643 5572 5571
f 5574 5594 5605 5572
f 5643 5573 5574 5572
f 5576 5593 5592 5575
f 5592 5590 5578 5575
f 5578 5590 5589 5577
f 5589 5579 5645 5577
f 5589 5583 5591 5579
f 5591 5588 5580 5579
f 5585 5586 5587 5584
f 5601 5610 5602 5599
f 5602 5603 5600 5599
f 5611 5604 5603 5602
f 5604 5598 5464 5603
f 5611 5612 5614 5604
f 5626 5613 5614 5612
f 5626 5625 5627 5613
f 5620 5621 5619 5618
f 5631 5636 5635 5630
f 5633 5634 5632 5631
f 5664 5671 5662 5661
f 5445 5435 5674 5673
f 5435 5419 5675 5674
f 5419 5418 5462 5675
f 5417 5407 5418 5419
f 5919 5685 5911 5921
f 5679 5686 5982 5678
f 5682 5923 5686 5679
f 5927 5924 5923 5682
f 5890 5912 5976 5922
f 5913 5914 5688 5687
f 5939 5961 5827 6025
f 6040 6039 6041 5681
f 5819 5731 5683 6042
f 6042 5683 5684 5726
f 5929 5697 5695 5694
f 5944 5938 5929 5694
f 5697 5698 5696 5695
f 5709 5705 5699 5698
f 5705 5701 5700 5699
f 5711 5706 5702 5701
f 5705 5710 5711 5701
f 5706 5707 5703 5702
f 5708 5956 5955 5704
f 5709 5977 5710 5705
f 5957 5956 5708 5707
f 5712 5713 5711 5710
f 5977 5978 5712 5710
f 5975 5714 5713 5712
f 5714 5716 5952 5713
f 5715 5717 5716 5714
f 5981 5720 5721 5719
f 5981 5789 5980 5720
f 5980 5722 5723 5720
f 5980 5979 5839 5722
f 5886 5885 6038 5731
f 5731 6038 6034 5869
f 5683 5731 5869 5689
f 5684 5683 5689 5726
f 6038 5885 6029 6028
f 5734 5839 6003 5732
f 6003 5987 5737 5732
f 5737 5736 5739 5732
f 5739 5733 5734 5732
f 6020 6021 5869 5690
f 5718 5959 5726 6015
f 5725 5726 5959 6014
f 5727 6030 6012 5729
f 5731 5819 6007 5730
f 5737 5988 5989 5736
f 5730 6007 5728 5729
f 5987 5834 5988 5737
f 5677 5677 5677 5677
f 5827 5740 5999 5995
f 6024 5827 5995 5994
f 5752 5755 5753 5741
f 5753 5743 5744 5741
f 5746 5747 5744 5743
f 5993 5998 5757 5756
f 5992 5993 5756 5751
f 5747 5748 5745 5744
f 5991 5992 5751 5749
f 6027 5986 5747 5746
f 5986 5985 5748 5747
f 6022 5991 5749 5742
f 5985 5984 5983 5750
f 5755 5754 5693 5753
f 5755 6005 6004 5754
f 6004 5691 6020 5754
f 5761 5751 5756 5763
f 5763 5756 5757 5764
f 6016 6017 5817 5816
f 6013 6016 5816 5971
f 5971 5816 5817 5970
f 5855 5757 5968 5967
f 5760 5835 5836 5759
f 5677 5677 5677 5677
f 5856 5818 6037 5857
f 5844 5953 5950 5823
f 5844 5945 5946 5926
f 5931 5930 5845 5925
f 5845 5838 5926 5925
f 5766 5832 6026 5765
f 5838 5953 5844 5926
f 5767 5771 5940 5766
f 5677 5677 5677 5677
f 5768 5769 5771 5767
f 5774 5773 5771 5769
f 5773 5772 5940 5771
f 5773 5775 5795 5772
f 5800 5804 5940 5772
f 5774 5776 5775 5773
f 5776 5777 5796 5775
f 5796 5797 5795 5775
f 5778 5779 5777 5776
f 5779 5780 5820 5777
f 5820 5798 5796 5777
f 6002 5781 5779 5778
f 5781 5782 5780 5779
f 5782 5784 5793 5780
f 6000 5997 5782 5781
f 6002 6001 6000 5781
f 5997 5783 5784 5782
f 5988 5834 5790 5783
f 5790 5785 5784 5783
f 5997 5989 5988 5783
f 5785 5794 5793 5784
f 5790 5791 5786 5785
f 5786 5972 5794 5785
f 5791 5792 5787 5786
f 5787 5965 5972 5786
f 5792 5979 5788 5787
f 5788 5963 5965 5787
f 5979 5980 5789 5788
f 5789 5960 5963 5788
f 5981 5958 5960 5789
f 5834 5987 5791 5790
f 5987 6003 5792 5791
f 6003 5839 5979 5792
f 5972 5969 5974 5794
f 5820 5938 5944 5798
f 5802 5813 5808 5799
f 5801 5807 5806 5800
f 5806 5803 5804 5800
f 5808 5812 5807 5801
f 5806 5805 5814 5803
f 5814 5829 5830 5803
f 5830 5941 5804 5803
f 5941 5832 5940 5804
f 5806 5807 5811 5805
f 5811 5810 5809 5805
f 5954 5953 5838 5918
f 5825 5824 5822 5821
f 5831 5829 5943 5822
f 5916 5917 5915 5851
f 5831 6026 5830 5829
f 6026 5832 5941 5830
f 5842 5935 5841 5840
f 5935 5932 5934 5841
f 5936 5937 5935 5842
f 5948 5916 5851 5854
f 5948 5854 5898 5897
f 5894 5823 5950 5893
f 6032 6033 5847 5846
f 6033 6035 6031 5847
f 6031 6012 6030 5847
f 5863 5883 5882 5880
f 5863 5880 5879 5862
f 5837 5853 5852 5848
f 5852 5849 5850 5848
f 6035 6033 5850 5849
f 5852 6010 6011 5849
f 6011 5833 6035 5849
f 5862 5879 5878 5865
f 5865 5878 5877 5861
f 5853 6009 6010 5852
f 5861 5877 5876 5860
f 5999 5740 5871 5860
f 5860 5871 5864 5861
f 5861 5864 5866 5865
f 5862 5865 5867 5858
f 5862 5858 6006 5863
f 5863 6006 6008 5883
f 5864 5871 5884 6036
f 5864 6036 5888 5866
f 5837 5866 5888 5853
f 6033 6032 5867 5850
f 5865 5866 5837 5848
f 5850 5867 5865 5848
f 5846 5847 6030 5868
f 5868 6030 5727 6014
f 5868 6014 5959 5843
f 5870 5831 5822 5824
f 6026 5831 5870 5765
f 5942 5872 5770 5870
f 5870 5826 5828 5942
f 5767 5766 5765 5870
f 5770 5768 5767 5870
f 5677 5677 5677 5677
f 5760 5759 5758 5873
f 5892 5893 5947 5891
f 5947 5948 5897 5891
f 5897 5895 5902 5891
f 5902 5904 5892 5891
f 5758 5869 6021 5873
f 5950 5951 5947 5893
f 5677 5677 5677 5677
f 5897 5898 5896 5895
f 5896 5899 5900 5895
f 5900 5901 5902 5895
f 5873 6021 5691 6004
f 5903 5904 5902 5901
f 5905 5906 5904 5903
f 5907 5908 5906 5905
f 5910 5909 5907 5905
f 5677 5677 5677 5677
f 6020 5690 5693 5754
f 5985 5750 5875 5748
f 5677 5677 5677 5677
f 5951 5954 5917 5916
f 5948 5947 5951 5916
f 5954 5918 5920 5917
f 5690 5869 5746 5743
f 5753 5693 5690 5743
f 5744 5745 5881 5741
f 5874 5738 5875 5750
f 5881 5745 5875 5738
f 5881 5738 5739 5736
f 5926 5946 5680 5925
f 5680 5933 5931 5925
f 5874 5750 5983 5735
f 5983 5889 5887 5735
f 5933 5934 5932 5931
f 5677 5677 5677 5677
f 5953 5954 5951 5950
f 5739 5738 5874 5733
f 5735 5887 5734 5733
f 5887 5724 5839 5734
f 5911 5685 5924 5928
f 5677 5677 5677 5677
f 5890 5922 5685 5919
f 5677 5677 5677 5677
f 5922 5976 5686 5923
f 5685 5922 5923 5924
f 5952 5949 5956 5957
f 5963 5962 5964 5965
f 5965 5964 5969 5972
f 5969 5966 5973 5974
f 5977 5929 5938 5978
f 5990 5989 5997 6000
f 5996 5990 6000 6001
f 6031 6035 5833 6011
f 6031 6011 6010 6012
f 6016 6013 6018 6019
f 5984 5985 5986 6029
f 5815 6034 6038 6028
f 6028 6029 5986 6027
f 1953855638 808552850 1952549504 1850313122
f 5995 5999 5998 5993
f 6023 5994 5992 5991
f 5994 5995 5993 5992
f 6209 6220 6241 6043
f 6241 6045 6044 6043
f 6045 6046 6221 6044
f 6241 6242 6243 6045
f 6047 6260 6221 6046
f 6259 6261 6260 6047
f 6049 6051 6050 6048
f 6050 6261 6259 6048
f 6258 6052 6051 6049
f 6083 6085 6258 6049
f 6258 6053 6054 6052
f 6055 6056 6054 6053
f 6258 6085 6100 6053
f 6100 6059 6055 6053
f 6056 6256 6257 6054
f 6057 6102 6056 6055
f 6059 6060 6057 6055
f 6102 6255 6256 6056
f 6104 6103 6102 6057
f 6060 6064 6104 6057
f 6061 6060 6059 6058
f 6059 6100 6081 6058
f 6081 6080 6101 6058
f 6101 6099 6061 6058
f 6061 6063 6064 6060
f 6099 6062 6063 6061
f 6071 6069 6063 6062
f 6099 6073 6072 6062
f 6072 6070 6071 6062
f 6069 6065 6064 6063
f 6065 6066 6104 6064
f 6067 6068 6066 6065
f 6068 6107 6106 6066
f 6106 6103 6104 6066
f 6072 6075 6098 6070
f 6073 6074 6075 6072
f 6099 6101 6082 6073
f 6082 6077 6074 6073
f 6077 6082 6078 6076
f 6082 6101 6080 6078
f 6080 6079 6089 6078
f 6080 6081 6084 6079
f 6084 6086 6088 6079
f 6100 6085 6084 6081
f 6094 6091 6086 6083
f 6086 6084 6085 6083
f 6091 6087 6088 6086
f 6091 6090 6097 6087
f 6091 6094 6093 6090
f 6093 6092 6096 6090
f 6243 6095 6096 6092
f 6103 6254 6255 6102
f 6106 6105 6254 6103
f 6108 6115 6116 6105
f 6106 6107 6108 6105
f 6109 6111 6108 6107
f 6111 6112 6115 6108
f 6110 6113 6111 6109
f 6113 6114 6112 6111
f 6252 6118 6114 6113
f 6118 6119 6253 6117
f 6252 6120 6119 6118
f 6121 6123 6253 6119
f 6120 6250 6121 6119
f 6122 6124 6123 6121
f 6250 6251 6122 6121
f 6251 6125 6126 6122
f 6128 6127 6126 6125
f 6251 6228 6249 6125
f 6249 6248 6128 6125
f 6128 6130 6136 6127
f 6248 6129 6130 6128
f 6162 6131 6130 6129
f 6248 6167 6166 6129
f 6166 6165 6162 6129
f 6131 6137 6136 6130
f 6132 6135 6137 6131
f 6162 6163 6132 6131
f 6133 6134 6135 6132
f 6163 6164 6133 6132
f 6139 6138 6134 6133
f 6164 6140 6139 6133
f 6139 6237 6247 6138
f 6140 6141 6237 6139
f 6164 6236 6159 6140
f 6159 6160 6141 6140
f 6142 6238 6237 6141
f 6160 6143 6142 6141
f 6239 6244 6238 6142
f 6160 6158 6145 6143
f 6234 6235 6145 6144
f 6145 6158 6232 6144
f 6232 6147 6146 6144
f 6146 6233 6234 6144
f 6147 6148 6231 6146
f 6232 6155 6154 6147
f 6154 6152 6148 6147
f 6151 6153 6224 6150
f 6224 6223 6222 6150
f 6152 6154 6153 6151
f 6154 6155 6230 6153
f 6230 6173 6224 6153
f 6232 6158 6157 6155
f 6157 6156 6230 6155
f 6157 6159 6236 6156
f 6236 6161 6172 6156
f 6172 6173 6230 6156
f 6158 6160 6159 6157
f 6236 6164 6163 6161
f 6163 6162 6165 6161
f 6165 6174 6172 6161
f 6166 6170 6174 6165
f 6167 6168 6170 6166
f 6248 6249 6229 6167
f 6229 6202 6168 6167
f 6202 6226 6175 6168
f 6175 6169 6170 6168
f 6171 6174 6170 6169
f 6175 6176 6177 6169
f 6177 6223 6171 6169
f 6173 6172 6174 6171
f 6223 6224 6173 6171
f 6226 6225 6176 6175
f 6225 6198 6178 6176
f 6178 6179 6177 6176
f 6179 6222 6223 6177
f 6181 6219 6195 6180
f 6195 6218 6182 6180
f 6218 6217 6184 6182
f 6184 6217 6214 6183
f 6214 6186 6185 6183
f 6185 6212 6213 6183
f 6211 6210 6212 6185
f 6214 6215 6187 6186
f 6215 6189 6188 6187
f 6191 6208 6190 6189
f 6215 6216 6191 6189
f 6192 6206 6208 6191
f 6216 6197 6192 6191
f 6193 6199 6206 6192
f 6197 6196 6193 6192
f 6200 6201 6199 6193
f 6196 6194 6200 6193
f 6225 6226 6200 6194
f 6196 6195 6219 6194
f 6219 6198 6225 6194
f 6196 6197 6218 6195
f 6216 6217 6218 6197
f 6207 6204 6206 6199
f 6226 6202 6201 6200
f 6229 6249 6228 6203
f 6205 6208 6206 6204
f 6217 6216 6215 6214
f 6228 6251 6250 6227
f 6238 6245 6247 6237
f 6244 6246 6245 6238
f 6240 6149 6244 6239
f 6483 6486 6485 6262
f 6485 6265 6263 6262
f 6263 6318 6313 6262
f 6313 6314 6483 6262
f 6265 6264 6488 6263
f 6265 6267 6487 6264
f 6485 6266 6267 6265
f 6478 6270 6269 6266
f 6269 6268 6267 6266
f 6485 6486 6478 6266
f 6268 6484 6487 6267
f 6478 6482 6271 6270
f 6482 6274 6272 6271
f 6482 6477 6476 6274
f 6476 6276 6275 6274
f 6276 6479 6277 6275
f 6476 6279 6281 6276
f 6281 6284 6479 6276
f 6479 6480 6481 6277
f 6280 6281 6279 6278
f 6279 6474 6473 6278
f 6473 6456 6475 6278
f 6475 6282 6280 6278
f 6476 6477 6474 6279
f 6283 6284 6281 6280
f 6282 6472 6283 6280
f 6475 6457 6307 6282
f 6307 6305 6472 6282
f 6471 6285 6284 6283
f 6472 6467 6471 6283
f 6285 6480 6479 6284
f 6287 6286 6480 6285
f 6471 6289 6287 6285
f 6469 6376 6378 6286
f 6378 6481 6480 6286
f 6287 6288 6469 6286
f 6289 6290 6288 6287
f 6382 6381 6469 6288
f 6290 6468 6382 6288
f 6471 6467 6291 6289
f 6291 6293 6290 6289
f 6293 6294 6468 6290
f 6467 6306 6302 6291
f 6302 6292 6293 6291
f 6295 6294 6293 6292
f 6302 6301 6300 6292
f 6300 6297 6295 6292
f 6296 6273 6468 6294
f 6295 6298 6296 6294
f 6297 6463 6298 6295
f 6465 6383 6273 6296
f 6298 6299 6465 6296
f 6300 6452 6462 6297
f 6462 6336 6463 6297
f 6463 6464 6299 6298
f 6343 6466 6465 6299
f 6464 6341 6343 6299
f 6301 6461 6452 6300
f 6302 6306 6304 6301
f 6304 6460 6461 6301
f 6304 6306 6305 6303
f 6305 6307 6458 6303
f 6458 6453 6459 6303
f 6459 6460 6304 6303
f 6306 6467 6472 6305
f 6457 6308 6458 6307
f 6457 6455 6454 6308
f 6454 6323 6309 6308
f 6309 6453 6458 6308
f 6454 6455 6311 6310
f 6311 6321 6320 6310
f 6322 6323 6454 6310
f 6455 6456 6312 6311
f 6312 6315 6321 6311
f 6456 6473 6314 6312
f 6314 6313 6315 6312
f 6318 6317 6315 6313
f 6473 6474 6483 6314
f 6317 6316 6321 6315
f 6319 6320 6321 6316
f 6326 6459 6453 6324
f 6450 6461 6460 6325
f 6460 6459 6326 6325
f 6327 6329 6450 6325
f 6449 6330 6329 6328
f 6330 6451 6450 6329
f 6331 6334 6451 6330
f 6449 6448 6331 6330
f 6332 6335 6334 6331
f 6448 6430 6332 6331
f 6333 6337 6335 6332
f 6430 6429 6333 6332
f 6446 6339 6337 6333
f 6429 6428 6446 6333
f 6335 6336 6462 6334
f 6462 6452 6451 6334
f 6337 6338 6336 6335
f 6338 6464 6463 6336
f 6339 6340 6338 6337
f 6340 6341 6464 6338
f 6351 6445 6340 6339
f 6446 6353 6351 6339
f 6445 6342 6341 6340
f 6342 6344 6343 6341
f 6346 6345 6344 6342
f 6445 6348 6346 6342
f 6344 6443 6466 6343
f 6345 6444 6443 6344
f 6386 6374 6444 6345
f 6346 6347 6386 6345
f 6348 6349 6347 6346
f 6442 6387 6386 6347
f 6349 6363 6442 6347
f 6445 6351 6352 6348
f 6352 6350 6349 6348
f 6350 6362 6363 6349
f 6352 6354 6356 6350
f 6356 6357 6362 6350
f 6353 6354 6352 6351
f 6446 6428 6447 6353
f 6447 6424 6354 6353
f 6424 6355 6356 6354
f 6358 6357 6356 6355
f 6424 6425 6426 6355
f 6360 6361 6362 6357
f 6358 6359 6360 6357
f 6423 6422 6359 6358
f 6441 6434 6360 6359
f 6422 6421 6441 6359
f 6434 6436 6361 6360
f 6436 6440 6365 6361
f 6365 6363 6362 6361
f 6365 6364 6442 6363
f 6365 6440 6366 6364
f 6366 6368 6370 6364
f 6370 6387 6442 6364
f 6440 6405 6401 6366
f 6401 6403 6368 6366
f 6368 6403 6392 6367
f 6392 6393 6391 6367
f 6391 6389 6369 6367
f 6369 6370 6368 6367
f 6389 6388 6371 6369
f 6371 6387 6370 6369
f 6388 6373 6374 6371
f 6374 6386 6387 6371
f 6444 6374 6373 6372
f 6373 6379 6375 6372
f 6375 6470 6385 6372
f 6385 6443 6444 6372
f 6388 6380 6379 6373
f 6377 6376 6470 6375
f 6469 6381 6470 6376
f 6388 6389 6390 6380
f 6384 6385 6470 6381
f 6382 6383 6384 6381
f 6468 6273 6383 6382
f 6465 6466 6384 6383
f 6466 6443 6385 6384
f 6403 6439 6395 6392
f 6395 6394 6393 6392
f 6439 6397 6396 6395
f 6439 6402 6398 6397
f 6402 6400 6399 6398
f 6400 6404 6437 6399
f 6402 6401 6405 6400
f 6405 6406 6404 6400
f 6402 6439 6403 6401
f 6407 6438 6437 6404
f 6406 6435 6407 6404
f 6440 6436 6406 6405
f 6436 6434 6435 6406
f 6408 6409 6438 6407
f 6435 6419 6408 6407
f 6420 6417 6409 6408
f 6419 6418 6420 6408
f 6417 6414 6410 6409
f 6410 6411 6438 6409
f 6414 6413 6412 6410
f 6414 6416 6415 6413
f 6419 6441 6421 6418
f 6435 6434 6441 6419
f 6447 6427 6425 6424
f 6447 6428 6433 6427
f 6429 6432 6433 6428
f 6430 6431 6432 6429
f 6451 6452 6461 6450
f 6457 6475 6456 6455
f 6477 6486 6483 6474
f 6482 6478 6486 6477
f 6522 6527 6521 6489
f 6521 6574 6531 6489
f 6531 6495 6490 6489
f 6495 6491 6492 6490
f 6495 6501 6497 6491
f 6497 6499 6493 6491
f 6499 6498 6541 6494
f 6531 6503 6501 6495
f 6498 6499 6497 6496
f 6497 6501 6500 6496
f 6500 6551 6542 6496
f 6542 6636 6498 6496
f 6636 6635 6541 6498
f 6501 6503 6502 6500
f 6502 6504 6551 6500
f 6503 6576 6575 6502
f 6575 6505 6504 6502
f 6531 6574 6576 6503
f 6505 6552 6506 6504
f 6506 6569 6551 6504
f 6575 6525 6524 6505
f 6524 6523 6552 6505
f 6507 6622 6569 6506
f 6508 6618 6622 6507
f 6509 6639 6618 6508
f 6510 6578 6580 6509
f 6580 6583 6639 6509
f 6512 6514 6577 6511
f 6519 6513 6514 6512
f 6515 6516 6514 6513
f 6519 6520 6518 6513
f 6518 6517 6515 6513
f 6516 6579 6577 6514
f 6581 6582 6579 6516
f 6575 6576 6526 6525
f 6526 6530 6533 6525
f 6576 6574 6528 6526
f 6528 6529 6530 6526
f 6573 6572 6521 6527
f 6574 6521 6572 6528
f 6572 6562 6529 6528
f 6562 6536 6535 6529
f 6535 6534 6530 6529
f 6534 6532 6533 6530
f 6536 6537 6540 6535
f 6562 6563 6570 6536
f 6570 6538 6537 6536
f 6570 6571 6539 6538
f 6568 6557 6559 6543
f 6555 6546 6545 6544
f 6559 6556 6555 6544
f 6554 6549 6548 6547
f 6549 6550 6567 6548
f 6559 6557 6558 6556
f 6568 6560 6566 6557
f 6566 6565 6558 6557
f 6571 6561 6566 6560
f 6564 6565 6566 6561
f 6571 6570 6563 6561
f 6572 6573 6563 6562
f 6579 6580 6578 6577
f 6582 6583 6580 6579
f 6584 6585 6583 6582
f 6585 6617 6639 6583
f 6586 6633 6585 6584
f 6590 6587 6586 6584
f 6633 6615 6617 6585
f 6603 6600 6633 6586
f 6587 6589 6603 6586
f 6590 6597 6592 6587
f 6592 6588 6589 6587
f 6611 6612 6589 6588
f 6592 6591 6610 6588
f 6610 6606 6611 6588
f 6612 6613 6603 6589
f 6592 6597 6596 6591
f 6596 6595 6598 6591
f 6598 6604 6610 6591
f 6596 6597 6594 6593
f 6599 6595 6596 6593
f 6601 6602 6598 6595
f 6605 6606 6610 6604
f 6607 6608 6606 6605
f 6608 6609 6611 6606
f 6614 6600 6603 6613
f 6638 6616 6600 6614
f 6616 6637 6620 6615
f 6620 6619 6617 6615
f 6633 6600 6616 6615
f 6619 6618 6639 6617
f 6619 6623 6622 6618
f 6620 6624 6623 6619
f 6637 6621 6624 6620
f 6631 6627 6626 6621
f 6626 6625 6624 6621
f 6637 6630 6631 6621
f 6623 6553 6569 6622
f 6624 6625 6553 6623
f 6626 6635 6636 6625
f 6636 6542 6553 6625
f 6627 6634 6635 6626
f 6631 6629 6628 6627
f 6631 6630 6632 6629
f 6553 6542 6551 6569
f 6854 6972 6882 6640
f 6882 6686 6683 6640
f 6683 6641 6973 6640
f 6973 6853 6854 6640
f 6683 6682 6642 6641
f 6642 6648 6651 6641
f 6651 6992 6973 6641
f 6682 6681 6680 6642
f 6680 6644 6648 6642
f 6644 6680 6679 6643
f 6679 6678 6677 6643
f 6677 7035 6645 6643
f 6645 6646 6644 6643
f 6646 6647 6648 6644
f 7035 6667 6660 6645
f 6660 6653 6646 6645
f 6653 6654 6647 6646
f 6650 6651 6648 6647
f 6654 6649 6650 6647
f 6652 6995 6650 6649
f 6654 7033 7034 6649
f 7034 6895 6652 6649
f 6995 6992 6651 6650
f 6839 6840 6995 6652
f 6895 6898 6839 6652
f 6660 6659 6655 6653
f 6655 7033 6654 6653
f 6659 6658 6662 6655
f 6662 7032 7033 6655
f 6657 6658 6665 6656
f 6665 6663 7021 6656
f 7021 7023 7024 6656
f 7024 7026 6657 6656
f 6661 6662 6658 6657
f 7026 7029 6661 6657
f 6659 6666 6665 6658
f 6660 6667 6666 6659
f 6890 7032 6662 6661
f 7029 7030 6890 6661
f 6665 6666 6664 6663
f 6664 6668 7020 6663
f 7020 7022 7021 6663
f 6666 6667 6669 6664
f 6669 6670 6668 6664
f 7035 6673 6669 6667
f 7018 7019 7020 6668
f 6675 6676 6672 6671
f 7035 6677 6674 6673
f 6677 6678 6675 6674
f 6679 7017 6687 6678
f 6680 6681 7017 6679
f 6682 6684 6689 6681
f 6689 6688 7017 6681
f 6683 6686 6684 6682
f 6686 6978 6685 6684
f 6685 6690 6689 6684
f 6978 6810 6808 6685
f 6808 7016 6690 6685
f 6882 6879 6978 6686
f 7017 6688 6691 6687
f 6689 6690 6692 6688
f 6692 6730 6691 6688
f 7016 6732 6692 6690
f 6730 6728 6693 6691
f 6732 6731 6730 6692
f 6728 7015 6694 6693
f 7015 6727 6726 6695
f 6726 6716 6725 6695
f 6725 6767 6696 6695
f 6767 6701 6698 6696
f 6698 6700 6699 6697
f 6701 6702 6700 6698
f 6702 6703 6704 6700
f 6767 6725 6724 6701
f 6724 6723 6702 6701
f 6723 6705 6703 6702
f 6705 6709 6710 6703
f 6723 6718 6722 6705
f 6722 6708 6709 6705
f 6707 6721 6720 6706
f 6720 6712 6711 6706
f 6708 6722 6721 6707
f 6720 6713 6714 6712
f 6720 6721 6719 6713
f 6719 6718 6717 6715
f 6717 6724 6725 6716
f 6718 6723 6724 6717
f 6719 6721 6722 6718
f 6727 6736 7014 6726
f 6729 6737 6736 6727
f 7015 6728 6729 6727
f 6730 6731 6729 6728
f 6731 6734 6737 6729
f 6732 6735 6734 6731
f 7016 6733 6735 6732
f 6809 7013 7012 6733
f 7012 6739 6735 6733
f 7016 6808 6809 6733
f 6735 6739 6738 6734
f 6738 6742 6737 6734
f 6737 6742 6741 6736
f 6741 6740 7014 6736
f 6739 7008 6745 6738
f 6745 6744 6742 6738
f 7012 6818 7008 6739
f 6741 6743 6761 6740
f 6742 6744 6743 6741
f 6744 6750 6748 6743
f 6748 6762 6761 6743
f 6745 6746 6750 6744
f 7008 6747 6746 6745
f 6747 6753 6752 6746
f 6752 6751 6750 6746
f 7009 7007 6753 6747
f 7008 6818 7009 6747
f 6750 6751 6749 6748
f 6749 6763 6762 6748
f 6751 6774 7005 6749
f 7005 6754 6763 6749
f 6752 6776 6774 6751
f 6753 6777 6776 6752
f 7007 6778 6777 6753
f 7005 7006 6765 6754
f 6765 6764 6757 6754
f 6757 6756 6763 6754
f 6758 6760 6756 6755
f 6760 6762 6763 6756
f 6761 6762 6760 6759
f 7006 6768 6766 6765
f 7006 6775 6769 6768
f 6771 7004 7002 6770
f 6773 6776 6777 6770
f 6777 6778 6771 6770
f 6772 6921 7004 6771
f 6778 6779 6772 6771
f 6910 6917 6921 6772
f 6779 6780 6910 6772
f 6775 6774 6776 6773
f 6775 7006 7005 6774
f 7007 7010 6779 6778
f 7010 7011 6780 6779
f 6781 6911 6910 6780
f 7011 6797 6781 6780
f 6782 6912 6911 6781
f 6783 6913 6912 6782
f 6784 6908 6913 6783
f 6786 6909 6908 6784
f 6906 6907 6786 6785
f 6788 6787 6906 6785
f 6907 6870 6909 6786
f 6868 6869 6906 6787
f 6788 6792 6793 6787
f 6793 6867 6868 6787
f 6791 6790 6792 6788
f 6796 6795 6794 6789
f 6791 6794 6821 6790
f 6821 6817 6824 6790
f 6824 6826 6792 6790
f 6826 6827 6793 6792
f 6827 6905 6867 6793
f 6795 6805 6821 6794
f 6796 6797 6801 6795
f 6801 6802 6805 6795
f 7011 6798 6801 6797
f 7011 7010 6819 6798
f 6819 6820 6799 6798
f 6799 6802 6801 6798
f 6820 7013 6800 6799
f 6800 6803 6802 6799
f 7013 6809 6807 6800
f 6807 6806 6803 6800
f 6803 6804 6805 6802
f 6806 6813 6804 6803
f 6817 6821 6805 6804
f 6813 6816 6817 6804
f 6807 6810 6811 6806
f 6811 6812 6813 6806
f 6809 6808 6810 6807
f 6978 6879 6811 6810
f 6879 6814 6812 6811
f 6815 6816 6813 6812
f 6822 6823 6816 6815
f 6823 6824 6817 6816
f 6820 6819 7009 6818
f 7012 7013 6820 6818
f 7010 7007 7009 6819
f 6828 6825 6823 6822
f 6825 6826 6824 6823
f 6829 6827 6826 6825
f 6828 6832 6829 6825
f 6829 6904 6905 6827
f 6830 6831 6832 6828
f 6832 6903 6904 6829
f 6846 6845 6834 6830
f 6834 6836 6831 6830
f 6902 6903 6832 6831
f 6836 6833 6902 6831
f 6865 6866 6902 6833
f 6836 6835 6838 6833
f 6838 6864 6865 6833
f 6845 6844 6849 6834
f 6849 6835 6836 6834
f 6849 6848 6851 6835
f 6851 6837 6838 6835
f 6851 6850 6901 6837
f 6841 6842 6840 6839
f 6898 6858 6841 6839
f 6842 6843 6852 6840
f 6852 6992 6995 6840
f 6855 6847 6842 6841
f 6858 6860 6855 6841
f 6847 6848 6843 6842
f 6848 6849 6844 6843
f 6844 6853 6852 6843
f 6845 6854 6853 6844
f 6846 6972 6854 6845
f 6850 6851 6848 6847
f 6855 6856 6850 6847
f 6856 6857 6901 6850
f 6853 6973 6992 6852
f 6860 6862 6856 6855
f 6862 6863 6857 6856
f 6898 6897 6900 6858
f 6900 6859 6860 6858
f 6861 6862 6860 6859
f 6900 6899 6886 6859
f 6886 6878 6861 6859
f 6873 6871 6869 6868
f 6871 6872 6874 6869
f 6874 6907 6906 6869
f 6875 6870 6907 6874
f 7000 6909 6870 6875
f 6881 6885 6880 6876
f 6878 6886 6881 6877
f 6885 6884 6883 6880
f 6886 6899 6885 6881
f 6884 6889 6888 6883
f 6885 6899 6896 6884
f 6896 6893 6889 6884
f 6889 6893 6891 6887
f 6891 6890 7030 6887
f 7030 7028 7031 6887
f 7031 6888 6889 6887
f 6891 6892 7032 6890
f 6893 6894 6892 6891
f 6894 6895 7034 6892
f 7034 7033 7032 6892
f 6896 6897 6894 6893
f 6897 6898 6895 6894
f 6899 6900 6897 6896
f 6909 7000 7001 6908
f 7001 6916 6913 6908
f 6911 6914 6917 6910
f 6912 6915 6914 6911
f 6913 6916 6915 6912
f 6915 6918 6924 6914
f 6924 6923 6917 6914
f 6916 6919 6918 6915
f 7001 6999 6919 6916
f 6923 6922 6921 6917
f 6919 6998 6933 6918
f 6933 6931 6924 6918
f 6922 6929 6927 6920
f 7003 7002 7004 6920
f 7004 6921 6922 6920
f 6923 6930 6929 6922
f 6924 6931 6930 6923
f 6927 6928 6926 6925
f 6929 6932 6928 6927
f 6998 6997 6996 6933
f 6938 6944 6943 6934
f 6939 6940 6937 6935
f 6984 6985 6939 6936
f 6940 6941 6938 6937
f 6941 6945 6944 6938
f 6985 6986 6940 6939
f 6986 6987 6941 6940
f 6987 6946 6945 6941
f 6962 6988 6984 6942
f 6987 6991 6947 6946
f 6948 6983 6982 6947
f 6991 6994 6948 6947
f 6949 6951 6983 6948
f 6960 6993 6990 6989
f 6950 6952 6951 6949
f 6960 6966 6967 6993
f 6980 6953 6952 6950
f 6961 6958 6980 6950
f 6980 6981 6954 6953
f 6981 6956 6955 6954
f 6956 6957 6979 6955
f 6981 6959 6974 6956
f 6974 6975 6957 6956
f 6975 6976 6977 6957
f 6959 6981 6980 6958
f 6961 6969 6970 6958
f 6970 6971 6959 6958
f 6960 6989 6988 6963
f 6965 6966 6960 6963
f 6967 6969 6961 6964
f 6964 6994 6993 6967
f 6964 6961 6950 6949
f 6968 6969 6967 6966
f 6988 6989 6985 6984
f 6989 6990 6986 6985
f 6990 6991 6987 6986
f 6994 6964 6949 6948
f 6993 6994 6991 6990
f 7027 7029 7026 7025
f 7028 7030 7029 7027
f 7037 7041 7040 7036
f 7040 7052 7044 7036
f 7044 7045 7038 7036
f 7038 7039 7037 7036
f 7042 7043 7041 7037
f 7039 7047 7042 7037
f 7041 7050 7061 7040
f 7061 7067 7052 7040
f 7043 7051 7050 7041
f 7057 7053 7043 7042
f 7047 7056 7057 7042
f 7053 7060 7051 7043
f 7052 7063 7054 7044
f 7054 7055 7045 7044
f 7049 7056 7047 7046
f 7058 7059 7049 7048
f 7051 7072 7062 7050
f 7062 7066 7061 7050
f 7060 7065 7072 7051
f 7067 7083 7063 7052
f 7063 7070 7071 7054
f 7071 7064 7055 7054
f 7066 7068 7067 7061
f 7072 7073 7076 7062
f 7076 7080 7066 7062
f 7083 7078 7070 7063
f 7075 7073 7072 7065
f 7080 7092 7068 7066
f 7068 7084 7083 7067
f 7092 7085 7084 7068
f 7070 7078 7077 7069
f 7077 7294 7291 7069
f 7291 7295 7296 7069
f 7296 7071 7070 7069
f 7075 7089 7074 7073
f 7074 7081 7076 7073
f 7089 7090 7079 7074
f 7079 7101 7081 7074
f 7081 7091 7080 7076
f 7078 7082 7086 7077
f 7086 7292 7294 7077
f 7083 7084 7082 7078
f 7090 7097 7087 7079
f 7087 7105 7101 7079
f 7091 7093 7092 7080
f 7101 7099 7091 7081
f 7084 7085 7095 7082
f 7095 7094 7086 7082
f 7092 7093 7103 7085
f 7103 7102 7095 7085
f 7094 7286 7292 7086
f 7097 7096 7088 7087
f 7088 7106 7105 7087
f 7096 7107 7116 7088
f 7116 7115 7106 7088
f 7099 7109 7093 7091
f 7109 7111 7103 7093
f 7095 7102 7104 7094
f 7104 7284 7286 7094
f 7118 7108 7107 7098
f 7101 7105 7100 7099
f 7100 7119 7109 7099
f 7105 7106 7114 7100
f 7114 7122 7119 7100
f 7103 7111 7110 7102
f 7110 7113 7104 7102
f 7113 7277 7284 7104
f 7115 7120 7114 7106
f 7108 7117 7116 7107
f 7118 7127 7126 7108
f 7126 7137 7117 7108
f 7119 7112 7111 7109
f 7111 7112 7123 7110
f 7123 7128 7113 7110
f 7119 7122 7124 7112
f 7124 7131 7123 7112
f 7128 7272 7277 7113
f 7120 7125 7122 7114
f 7116 7117 7121 7115
f 7121 7134 7120 7115
f 7137 7136 7121 7117
f 7134 7133 7125 7120
f 7136 7135 7134 7121
f 7125 7143 7124 7122
f 7131 7129 7128 7123
f 7143 7132 7131 7124
f 7133 7150 7143 7125
f 7127 7139 7138 7126
f 7138 7146 7137 7126
f 7129 7269 7272 7128
f 7131 7132 7130 7129
f 7130 7243 7269 7129
f 7132 7142 7179 7130
f 7179 7230 7243 7130
f 7143 7150 7142 7132
f 7134 7135 7144 7133
f 7144 7156 7150 7133
f 7136 7145 7151 7135
f 7151 7167 7144 7135
f 7137 7146 7145 7136
f 7139 7140 7147 7138
f 7147 7152 7146 7138
f 7148 7149 7141 7140
f 7141 7153 7147 7140
f 7149 7162 7172 7141
f 7172 7161 7153 7141
f 7150 7156 7154 7142
f 7154 7180 7179 7142
f 7167 7165 7156 7144
f 7146 7152 7159 7145
f 7159 7158 7151 7145
f 7153 7160 7152 7147
f 7158 7157 7167 7151
f 7160 7168 7159 7152
f 7161 7170 7160 7153
f 7156 7165 7155 7154
f 7155 7178 7180 7154
f 7165 7166 7177 7155
f 7177 7191 7178 7155
f 7158 7181 7192 7157
f 7192 7190 7166 7157
f 7166 7165 7167 7157
f 7159 7168 7181 7158
f 7170 7169 7168 7160
f 7172 7174 7171 7161
f 7171 7184 7170 7161
f 7163 7174 7172 7162
f 7164 7175 7174 7163
f 7176 7185 7175 7164
f 7190 7189 7177 7166
f 7169 7182 7181 7168
f 7170 7184 7183 7169
f 7183 7207 7182 7169
f 7174 7175 7173 7171
f 7173 7195 7184 7171
f 7175 7185 7198 7173
f 7198 7196 7195 7173
f 7188 7186 7185 7176
f 7189 7206 7191 7177
f 7191 7205 7204 7178
f 7204 7214 7180 7178
f 7180 7214 7230 7179
f 7182 7193 7192 7181
f 7207 7218 7193 7182
f 7184 7195 7194 7183
f 7194 7208 7207 7183
f 7186 7199 7198 7185
f 7187 7200 7199 7186
f 7190 7202 7201 7189
f 7201 7228 7206 7189
f 7192 7193 7202 7190
f 7206 7216 7205 7191
f 7218 7213 7202 7193
f 7195 7196 7209 7194
f 7209 7220 7208 7194
f 7198 7199 7197 7196
f 7197 7224 7209 7196
f 7199 7200 7210 7197
f 7210 7225 7224 7197
f 7223 7211 7210 7200
f 7202 7213 7212 7201
f 7212 7229 7228 7201
f 7214 7204 7215 7203
f 7215 7258 7244 7203
f 7244 7270 7257 7203
f 7257 7230 7214 7203
f 7205 7232 7215 7204
f 7216 7233 7232 7205
f 7228 7231 7216 7206
f 7208 7219 7218 7207
f 7220 7234 7219 7208
f 7224 7221 7220 7209
f 7211 7226 7225 7210
f 7222 7266 7226 7211
f 7213 7217 7240 7212
f 7240 7241 7229 7212
f 7218 7219 7217 7213
f 7232 7259 7258 7215
f 7231 7260 7233 7216
f 7219 7234 7246 7217
f 7246 7254 7240 7217
f 7221 7262 7234 7220
f 7224 7225 7237 7221
f 7237 7267 7262 7221
f 7235 7248 7266 7222
f 7226 7238 7237 7225
f 7266 7239 7238 7226
f 7245 7260 7231 7227
f 7231 7228 7229 7227
f 7257 7256 7243 7230
f 7262 7261 7246 7234
f 7236 7249 7248 7235
f 7247 7250 7249 7236
f 7238 7251 7267 7237
f 7239 7252 7251 7238
f 7266 7248 7253 7239
f 7254 7242 7241 7240
f 7254 7255 7268 7242
f 7256 7271 7269 7243
f 7261 7255 7254 7246
f 7264 7263 7250 7247
f 7249 7265 7253 7248
f 7257 7270 7273 7256
f 7273 7275 7271 7256
f 7271 7274 7272 7269
f 7275 7276 7274 7271
f 7274 7281 7277 7272
f 7276 7279 7281 7274
f 7281 7280 7284 7277
f 7280 7281 7279 7278
f 7285 7283 7280 7278
f 7283 7286 7284 7280
f 7292 7286 7283 7282
f 7283 7285 7288 7282
f 7288 7287 7290 7282
f 7290 7294 7292 7282
f 7291 7294 7290 7289
f 7293 7295 7291 7289
f 7308 7311 7298 7299
f 7297 7312 7308 7299
f 7301 7302 7306 7300
f 7305 7307 7301 7300
f 7303 7304 7310 7302
f 7307 7305 7298 7311
f 7297 7314 7313 7312
f 7314 7315 7318 7313
f 7316 7317 7318 7315
f 7372 7368 7319 7316
f 7319 7320 7317 7316
f 7322 7323 7318 7317
f 7320 7321 7322 7317
f 7368 7367 7369 7319
f 7369 7309 7320 7319
f 7309 7326 7321 7320
f 7357 7352 7325 7324
f 7325 7339 7327 7324
f 7327 7328 7353 7324
f 7353 7338 7357 7324
f 7352 7344 7326 7325
f 7326 7309 7339 7325
f 7339 7371 7370 7327
f 7370 7329 7328 7327
f 7329 7330 7333 7328
f 7333 7374 7353 7328
f 7363 7332 7333 7330
f 7335 7336 7332 7331
f 7332 7363 7362 7331
f 7362 7361 7364 7331
f 7364 7334 7335 7331
f 7336 7374 7333 7332
f 7354 7359 7335 7334
f 7364 7351 7349 7334
f 7349 7341 7354 7334
f 7359 7360 7336 7335
f 7360 7337 7374 7336
f 7338 7353 7374 7337
f 7355 7356 7357 7338
f 7341 7349 7348 7340
f 7348 7347 7343 7340
f 7343 7347 7345 7342
f 7347 7348 7350 7346
f 7349 7351 7350 7348
f 7364 7361 7365 7351
f 7358 7352 7357 7356
f 7370 7371 7373 7366
f 7373 7371 7369 7367
f 7371 7339 7309 7369
f 7376 7378 7377 7375
f 7528 7382 7378 7376
f 7378 7380 7379 7377
f 7379 7554 7555 7377
f 7382 7381 7380 7378
f 7380 7389 7551 7379
f 7551 7549 7554 7379
f 7381 7387 7389 7380
f 7382 7513 7386 7381
f 7386 7385 7387 7381
f 7390 7388 7384 7383
f 7460 7393 7390 7383
f 7388 7387 7385 7384
f 7388 7391 7389 7387
f 7390 7553 7391 7388
f 7391 7547 7551 7389
f 7393 7395 7553 7390
f 7553 7546 7547 7391
f 7394 7395 7393 7392
f 7393 7460 7459 7392
f 7459 7458 7552 7392
f 7552 7396 7394 7392
f 7397 7398 7395 7394
f 7396 7399 7397 7394
f 7398 7546 7553 7395
f 7552 7461 7409 7396
f 7409 7550 7399 7396
f 7539 7401 7398 7397
f 7399 7538 7539 7397
f 7401 7400 7546 7398
f 7550 7537 7538 7399
f 7548 7547 7546 7400
f 7403 7407 7406 7402
f 7406 7405 7535 7402
f 7404 7408 7407 7403
f 7536 7537 7550 7404
f 7550 7409 7408 7404
f 7406 7542 7541 7405
f 7541 7540 7544 7405
f 7544 7534 7535 7405
f 7407 7543 7542 7406
f 7408 7462 7543 7407
f 7409 7461 7462 7408
f 7545 7445 7444 7410
f 7444 7443 7411 7410
f 7443 7533 7412 7411
f 7533 7464 7532 7413
f 7532 7520 7414 7413
f 7520 7521 7415 7414
f 7531 7524 7529 7416
f 7529 7417 7530 7416
f 7529 7422 7421 7417
f 7421 7420 7418 7417
f 7420 7525 7527 7419
f 7421 7526 7525 7420
f 7422 7522 7526 7421
f 7529 7524 7423 7422
f 7423 7523 7522 7422
f 7524 7425 7424 7423
f 7424 7497 7523 7423
f 7425 7519 7426 7424
f 7426 7498 7497 7424
f 7521 7520 7519 7425
f 7524 7531 7521 7425
f 7519 7465 7427 7426
f 7427 7518 7498 7426
f 7465 7466 7428 7427
f 7428 7495 7518 7427
f 7466 7429 7430 7428
f 7430 7493 7495 7428
f 7442 7463 7440 7429
f 7440 7431 7430 7429
f 7466 7464 7442 7429
f 7431 7494 7493 7430
f 7440 7441 7432 7431
f 7432 7468 7494 7431
f 7441 7438 7517 7432
f 7517 7469 7468 7432
f 7434 7435 7436 7433
f 7471 7470 7437 7434
f 7437 7439 7435 7434
f 7449 7450 7436 7435
f 7439 7448 7449 7435
f 7450 7451 7457 7436
f 7470 7469 7517 7437
f 7517 7438 7439 7437
f 7447 7448 7439 7438
f 7441 7446 7447 7438
f 7463 7446 7441 7440
f 7443 7444 7463 7442
f 7464 7533 7443 7442
f 7445 7446 7463 7444
f 7545 7544 7540 7445
f 7540 7447 7446 7445
f 7540 7541 7448 7447
f 7541 7542 7449 7448
f 7542 7543 7450 7449
f 7543 7462 7451 7450
f 7462 7461 7454 7451
f 7454 7455 7457 7451
f 7458 7459 7453 7452
f 7455 7454 7458 7452
f 7461 7552 7458 7454
f 7456 7467 7457 7455
f 7466 7465 7532 7464
f 7519 7520 7532 7465
f 7469 7516 7515 7468
f 7515 7514 7494 7468
f 7470 7472 7516 7469
f 7471 7473 7472 7470
f 7474 7476 7516 7472
f 7475 7477 7476 7474
f 7477 7512 7479 7476
f 7479 7515 7516 7476
f 7514 7515 7479 7478
f 7481 7492 7514 7478
f 7483 7511 7481 7480
f 7511 7491 7492 7481
f 7510 7511 7483 7482
f 7508 7509 7510 7482
f 7486 7487 7485 7484
f 7487 7509 7508 7485
f 7488 7489 7487 7486
f 7501 7500 7488 7486
f 7489 7490 7509 7487
f 7523 7497 7489 7488
f 7500 7522 7523 7488
f 7497 7498 7490 7489
f 7498 7518 7496 7490
f 7496 7510 7509 7490
f 7495 7493 7492 7491
f 7511 7510 7496 7491
f 7496 7518 7495 7491
f 7493 7494 7514 7492
f 7526 7522 7500 7499
f 7500 7501 7502 7499
f 7502 7505 7506 7499
f 7506 7525 7526 7499
f 7504 7503 7502 7501
f 7507 7527 7525 7506
f 7548 7549 7551 7547
f 7578 7579 7638 7557
f 7637 7566 7560 7559
f 7566 7565 7561 7560
f 7565 7567 7564 7561
f 7730 7741 7563 7562
f 7564 7567 7730 7562
f 7741 7620 7695 7563
f 7569 7568 7567 7565
f 7566 7628 7569 7565
f 7637 7636 7628 7566
f 7568 7729 7730 7567
f 7571 7572 7729 7568
f 7569 7570 7571 7568
f 7628 7558 7570 7569
f 7575 7573 7571 7570
f 7558 7576 7575 7570
f 7573 7574 7572 7571
f 7574 7754 7740 7572
f 7740 7739 7729 7572
f 7759 7760 7574 7573
f 7575 7580 7759 7573
f 7760 7584 7754 7574
f 7558 7628 7636 7577
f 7636 7579 7556 7577
f 7636 7637 7638 7579
f 7761 7760 7759 7581
f 7756 7583 7761 7582
f 7756 7590 7586 7583
f 7586 7585 7584 7583
f 7584 7760 7761 7583
f 7585 7755 7754 7584
f 7586 7587 7753 7585
f 7753 7615 7755 7585
f 7590 7589 7587 7586
f 7589 7751 7588 7587
f 7588 7610 7753 7587
f 7751 7605 7604 7588
f 7604 7607 7610 7588
f 7591 7752 7751 7589
f 7590 7593 7591 7589
f 7756 7757 7593 7590
f 7592 7594 7752 7591
f 7593 7758 7592 7591
f 7595 7596 7598 7594
f 7598 7603 7752 7594
f 7597 7750 7600 7596
f 7600 7599 7598 7596
f 7599 7601 7603 7598
f 7600 7748 7602 7599
f 7602 7747 7601 7599
f 7750 7691 7748 7600
f 7747 7676 7746 7601
f 7746 7605 7603 7601
f 7748 7749 7681 7602
f 7681 7678 7747 7602
f 7605 7751 7752 7603
f 7605 7746 7745 7604
f 7745 7608 7607 7604
f 7608 7671 7673 7606
f 7673 7665 7612 7606
f 7612 7611 7609 7606
f 7609 7607 7608 7606
f 7609 7613 7610 7607
f 7745 7675 7671 7608
f 7611 7614 7613 7609
f 7613 7615 7753 7610
f 7612 7743 7660 7611
f 7660 7737 7614 7611
f 7665 7744 7743 7612
f 7614 7617 7615 7613
f 7737 7616 7617 7614
f 7617 7618 7755 7615
f 7737 7736 7738 7616
f 7738 7620 7619 7616
f 7619 7618 7617 7616
f 7619 7739 7740 7618
f 7740 7754 7755 7618
f 7620 7741 7739 7619
f 7738 7621 7695 7620
f 7738 7736 7622 7621
f 7622 7623 7624 7621
f 7736 7742 7735 7622
f 7735 7625 7623 7622
f 7735 7657 7626 7625
f 7657 7655 7627 7626
f 7655 7656 7733 7627
f 7732 7633 7630 7629
f 7632 7731 7732 7629
f 7633 7634 7631 7630
f 7653 7654 7731 7632
f 7646 7642 7634 7633
f 7732 7645 7646 7633
f 7642 7641 7635 7634
f 7641 7640 7639 7635
f 7641 7722 7726 7640
f 7642 7721 7722 7641
f 7646 7643 7721 7642
f 7723 7724 7721 7643
f 7646 7645 7647 7643
f 7647 7711 7723 7643
f 7648 7647 7645 7644
f 7645 7732 7731 7644
f 7731 7654 7649 7644
f 7649 7650 7648 7644
f 7648 7719 7711 7647
f 7650 7664 7719 7648
f 7654 7652 7651 7649
f 7651 7663 7650 7649
f 7663 7667 7664 7650
f 7652 7656 7661 7651
f 7661 7662 7663 7651
f 7654 7653 7734 7652
f 7734 7733 7656 7652
f 7659 7661 7656 7655
f 7657 7658 7659 7655
f 7735 7742 7658 7657
f 7743 7744 7659 7658
f 7742 7660 7743 7658
f 7744 7662 7661 7659
f 7742 7736 7737 7660
f 7666 7667 7663 7662
f 7744 7665 7666 7662
f 7720 7707 7719 7664
f 7667 7669 7720 7664
f 7673 7668 7666 7665
f 7668 7669 7667 7666
f 7672 7670 7669 7668
f 7673 7671 7672 7668
f 7670 7709 7720 7669
f 7704 7705 7709 7670
f 7672 7674 7704 7670
f 7675 7674 7672 7671
f 7677 7703 7704 7674
f 7675 7676 7677 7674
f 7745 7746 7676 7675
f 7747 7678 7677 7676
f 7678 7679 7703 7677
f 7681 7682 7679 7678
f 7682 7683 7680 7679
f 7680 7702 7703 7679
f 7683 7696 7699 7680
f 7699 7701 7702 7680
f 7749 7684 7682 7681
f 7684 7685 7683 7682
f 7685 7686 7696 7683
f 7690 7688 7685 7684
f 7749 7689 7690 7684
f 7688 7687 7686 7685
f 7688 7693 7694 7687
f 7690 7692 7693 7688
f 7749 7748 7691 7689
f 7697 7700 7699 7696
f 7718 7706 7701 7698
f 7701 7699 7700 7698
f 7706 7705 7702 7701
f 7705 7704 7703 7702
f 7706 7710 7709 7705
f 7718 7717 7710 7706
f 7710 7717 7708 7707
f 7708 7711 7719 7707
f 7720 7709 7710 7707
f 7717 7713 7712 7708
f 7712 7723 7711 7708
f 7713 7715 7716 7712
f 7716 7724 7723 7712
f 7717 7718 7714 7713
f 7727 7725 7724 7716
f 7724 7725 7722 7721
f 7725 7728 7726 7722
f 7741 7730 7729 7739
f 7765 7767 7901 7763
f 7772 7902 7766 7764
f 7766 7767 7765 7764
f 7902 7769 7770 7766
f 7770 7768 7767 7766
f 7768 7778 7901 7767
f 7902 7903 7771 7769
f 7903 7839 7776 7771
f 7777 7838 7762 7774
f 7776 7839 7840 7775
f 7840 7838 7777 7775
f 7900 7897 7898 7779
f 7898 7811 7780 7779
f 7811 7781 7782 7780
f 7811 7893 7785 7781
f 7785 7895 7783 7781
f 7895 7864 7896 7783
f 7894 7895 7785 7784
f 7785 7893 7788 7784
f 7788 7787 7791 7784
f 7791 7793 7894 7784
f 7787 7788 7892 7786
f 7892 7809 7891 7786
f 7891 7800 7890 7786
f 7890 7789 7787 7786
f 7789 7790 7791 7787
f 7893 7810 7892 7788
f 7792 7793 7791 7790
f 7794 7795 7793 7792
f 7795 7888 7894 7793
f 7798 7796 7795 7794
f 7796 7889 7888 7795
f 7799 7797 7889 7796
f 7798 7826 7799 7796
f 7828 7886 7885 7797
f 7885 7856 7889 7797
f 7799 7827 7828 7797
f 7891 7823 7801 7800
f 7823 7822 7824 7801
f 7822 7807 7806 7802
f 7806 7805 7803 7802
f 7821 7824 7822 7802
f 7805 7819 7820 7804
f 7806 7817 7819 7805
f 7807 7813 7817 7806
f 7808 7814 7813 7807
f 7822 7823 7808 7807
f 7809 7812 7814 7808
f 7823 7891 7809 7808
f 7892 7810 7812 7809
f 7893 7811 7898 7810
f 7898 7897 7812 7810
f 7897 7815 7814 7812
f 7814 7815 7816 7813
f 7816 7818 7817 7813
f 7897 7900 7899 7815
f 7829 7830 7886 7828
f 7831 7887 7886 7830
f 7832 7881 7887 7831
f 7833 7882 7881 7832
f 7834 7883 7882 7833
f 7835 7884 7883 7834
f 7836 7875 7884 7835
f 7837 7876 7875 7836
f 7873 7843 7842 7841
f 7849 7848 7844 7842
f 7873 7874 7872 7843
f 7848 7847 7871 7844
f 7869 7870 7846 7845
f 7868 7878 7869 7845
f 7870 7871 7847 7846
f 7851 7866 7867 7850
f 7853 7860 7866 7851
f 7855 7858 7859 7852
f 7854 7863 7860 7853
f 7865 7862 7863 7854
f 7885 7879 7857 7856
f 7864 7888 7889 7856
f 7879 7880 7858 7857
f 7880 7861 7859 7858
f 7861 7862 7865 7859
f 7875 7876 7866 7860
f 7863 7884 7875 7860
f 7882 7883 7862 7861
f 7880 7881 7882 7861
f 7883 7884 7863 7862
f 7895 7894 7888 7864
f 7876 7877 7867 7866
f 7877 7878 7868 7867
f 7887 7881 7880 7879
f 7885 7886 7887 7879
f 7772 7773 7903 7902
f 7773 7825 7839 7903
f 7906 7907 7912 7904
f 7912 8122 8119 7904
f 8119 8118 8058 7904
f 8058 7905 7906 7904
f 8004 7908 7906 7905
f 8058 7976 8054 7905
f 8054 7987 8004 7905
f 7908 7909 7907 7906
f 7909 7910 7914 7907
f 7914 7913 7912 7907
f 8110 8112 7909 7908
f 8004 7989 8110 7908
f 8112 8078 7910 7909
f 8078 8059 7911 7910
f 7911 7917 7914 7910
f 7927 7923 7917 7911
f 7913 7915 8122 7912
f 7914 7917 7916 7913
f 7916 7920 7915 7913
f 7920 7918 8120 7915
f 8120 8121 8122 7915
f 7917 7923 7922 7916
f 7922 7921 7920 7916
f 7920 7921 7919 7918
f 7919 7972 7971 7918
f 7971 7973 8120 7918
f 7921 7924 7970 7919
f 7970 7967 7972 7919
f 7922 7925 7924 7921
f 7923 7926 7925 7922
f 7925 7929 7937 7924
f 7937 7934 7970 7924
f 7926 7928 7929 7925
f 7931 7930 7929 7928
f 7930 7938 7937 7929
f 7931 7932 7940 7930
f 7940 7939 7938 7930
f 7941 7944 7940 7932
f 7936 7942 7951 7933
f 7969 7935 7936 7933
f 7937 7938 7935 7934
f 7935 7969 7968 7934
f 7968 7967 7970 7934
f 7938 7939 7936 7935
f 7939 7943 7942 7936
f 7940 7944 7943 7939
f 7946 7945 7944 7941
f 7943 7948 7952 7942
f 7952 7958 7951 7942
f 7944 7945 7948 7943
f 7946 7947 7949 7945
f 7949 7954 7948 7945
f 7950 7956 7949 7947
f 7954 7953 7952 7948
f 7956 7955 7954 7949
f 7966 7957 7956 7950
f 7953 7960 7958 7952
f 7954 7955 7961 7953
f 7956 7957 7959 7955
f 7959 7962 7961 7955
f 7965 7963 7959 7957
f 7978 7976 7975 7974
f 7976 8058 8118 7975
f 7978 7980 8054 7976
f 7979 7980 7978 7977
f 7981 7987 8054 7980
f 7982 7988 7987 7981
f 7983 7985 7988 7982
f 7984 7986 7985 7983
f 7986 7994 7990 7985
f 7990 7989 7988 7985
f 7988 7989 8004 7987
f 7990 7991 8110 7989
f 7994 7995 7991 7990
f 7995 7996 7992 7991
f 7992 8112 8110 7991
f 7996 7997 7993 7992
f 7993 8078 8112 7992
f 7997 8012 8111 7993
f 7999 7998 7995 7994
f 7998 8114 7996 7995
f 8114 8115 7997 7996
f 8115 8013 8012 7997
f 8001 8002 8114 7998
f 7999 8000 8001 7998
f 8005 8006 8001 8000
f 8006 8007 8002 8001
f 8007 8003 8014 8002
f 8014 8115 8114 8002
f 8016 8015 8014 8003
f 8007 8010 8008 8003
f 8011 8009 8006 8005
f 8009 8010 8007 8006
f 8013 8017 8019 8012
f 8015 8018 8017 8013
f 8115 8014 8015 8013
f 8016 8113 8018 8015
f 8018 8022 8021 8017
f 8021 8020 8019 8017
f 8113 8023 8022 8018
f 8021 8097 8095 8020
f 8022 8109 8097 8021
f 8023 8024 8109 8022
f 8025 8026 8024 8023
f 8026 8027 8107 8024
f 8107 8100 8109 8024
f 8028 8029 8027 8026
f 8029 8030 8104 8027
f 8104 8108 8107 8027
f 8032 8033 8029 8028
f 8033 8031 8030 8029
f 8031 8069 8068 8030
f 8068 8105 8104 8030
f 8066 8064 8069 8031
f 8033 8067 8066 8031
f 8034 8067 8033 8032
f 8035 8036 8067 8034
f 8062 8037 8036 8035
f 8037 8038 8039 8036
f 8039 8066 8067 8036
f 8060 8063 8038 8037
f 8063 8044 8040 8038
f 8040 8041 8039 8038
f 8041 8064 8066 8039
f 8044 8045 8043 8040
f 8043 8042 8041 8040
f 8042 8065 8064 8041
f 8047 8048 8045 8044
f 8063 8046 8047 8044
f 8049 8050 8047 8046
f 8063 8060 8061 8046
f 8061 7964 8049 8046
f 8050 8053 8048 8047
f 8053 8057 8056 8048
f 8051 8052 8050 8049
f 8052 8055 8053 8050
f 8074 8077 8080 8070
f 8080 8103 8105 8070
f 8076 8072 8073 8071
f 8076 8075 8077 8072
f 8079 8080 8077 8075
f 8082 8101 8102 8079
f 8102 8103 8080 8079
f 8084 8083 8086 8081
f 8086 8085 8087 8081
f 8087 8101 8082 8081
f 8086 8092 8091 8085
f 8091 8088 8093 8085
f 8093 8094 8087 8085
f 8094 8099 8101 8087
f 8090 8089 8093 8088
f 8096 8094 8093 8089
f 8096 8098 8099 8094
f 8097 8098 8096 8095
f 8109 8100 8098 8097
f 8100 8106 8099 8098
f 8106 8102 8101 8099
f 8107 8108 8106 8100
f 8106 8108 8103 8102
f 8108 8104 8105 8103
f 8118 8119 8117 8116
f 8119 8122 8121 8117
f 8136 8164 8228 8167
f 8138 8165 8228 8164
f 8158 8166 8228 8165
f 8141 8167 8228 8166
f 8133 8168 8229 8170
f 8139 8169 8229 8168
f 8158 8165 8229 8169
f 8138 8170 8229 8165
f 8135 8171 8230 8173
f 8140 8172 8230 8171
f 8158 8169 8230 8172
f 8139 8173 8230 8169
f 8137 8174 8231 8175
f 8141 8166 8231 8174
f 8158 8172 8231 8166
f 8140 8175 8231 8172
f 8130 8176 8232 8179
f 8142 8177 8232 8176
f 8159 8178 8232 8177
f 8145 8179 8232 8178
f 8127 8180 8233 8182
f 8143 8181 8233 8180
f 8159 8177 8233 8181
f 8142 8182 8233 8177
f 8132 8183 8234 8185
f 8144 8184 8234 8183
f 8159 8181 8234 8184
f 8143 8185 8234 8181
f 8134 8186 8235 8187
f 8145 8178 8235 8186
f 8159 8184 8235 8178
f 8144 8187 8235 8184
f 8132 8188 8236 8183
f 8146 8189 8236 8188
f 8160 8190 8236 8189
f 8144 8183 8236 8190
f 8131 8191 8237 8193
f 8147 8192 8237 8191
f 8160 8189 8237 8192
f 8146 8193 8237 8189
f 8133 8194 8238 8196
f 8148 8195 8238 8194
f 8160 8192 8238 8195
f 8147 8196 8238 8192
f 8134 8187 8239 8197
f 8144 8190 8239 8187
f 8160 8195 8239 8190
f 8148 8197 8239 8195
f 8126 8198 8240 8201
f 8149 8199 8240 8198
f 8161 8200 8240 8199
f 8151 8201 8240 8200
f 8128 8202 8241 8204
f 8150 8203 8241 8202
f 8161 8199 8241 8203
f 8149 8204 8241 8199
f 8127 8182 8242 8206
f 8142 8205 8242 8182
f 8161 8203 8242 8205
f 8150 8206 8242 8203
f 8130 8207 8243 8176
f 8151 8200 8243 8207
f 8161 8205 8243 8200
f 8142 8176 8243 8205
f 8128 8204 8244 8210
f 8149 8208 8244 8204
f 8162 8209 8244 8208
f 8154 8210 8244 8209
f 8126 8211 8245 8198
f 8152 8212 8245 8211
f 8162 8208 8245 8212
f 8149 8198 8245 8208
f 8125 8213 8246 8215
f 8153 8214 8246 8213
f 8162 8212 8246 8214
f 8152 8215 8246 8212
f 8129 8216 8247 8217
f 8154 8209 8247 8216
f 8162 8214 8247 8209
f 8153 8217 8247 8214
f 8125 8218 8248 8213
f 8155 8219 8248 8218
f 8163 8220 8248 8219
f 8153 8213 8248 8220
f 8124 8221 8249 8223
f 8156 8222 8249 8221
f 8163 8219 8249 8222
f 8155 8223 8249 8219
f 8123 8224 8250 8226
f 8157 8225 8250 8224
f 8163 8222 8250 8225
f 8156 8226 8250 8222
f 8129 8217 8251 8227
f 8153 8220 8251 8217
f 8163 8225 8251 8220
f 8157 8227 8251 8225
f 8417 8262 8386 8252
f 8386 8387 8367 8252
f 8367 8366 8304 8252
f 8304 8416 8417 8252
f 8388 8255 8254 8253
f 8254 8371 8332 8253
f 8332 8386 8262 8253
f 8262 8422 8388 8253
f 8255 8256 8257 8254
f 8257 8440 8371 8254
f 8267 8265 8256 8255
f 8388 8269 8267 8255
f 8265 8266 8258 8256
f 8258 8441 8257 8256
f 8266 8264 8259 8258
f 8259 8261 8441 8258
f 8264 8263 8260 8259
f 8438 8439 8269 8268
f 8269 8388 8422 8268
f 8422 8423 8270 8268
f 8270 8273 8438 8268
f 8423 8413 8271 8270
f 8271 8272 8273 8270
f 8413 8412 8436 8271
f 8436 8437 8272 8271
f 8434 8433 8276 8274
f 8276 8433 8282 8275
f 8282 8281 8277 8275
f 8281 8280 8278 8277
f 8280 8431 8279 8278
f 8431 8287 8432 8279
f 8281 8283 8286 8280
f 8286 8285 8431 8280
f 8282 8284 8283 8281
f 8433 8410 8284 8282
f 8284 8408 8407 8283
f 8407 8430 8286 8283
f 8410 8409 8408 8284
f 8286 8430 8428 8285
f 8428 8427 8288 8285
f 8288 8287 8431 8285
f 8288 8289 8290 8287
f 8290 8302 8432 8287
f 8427 8293 8289 8288
f 8293 8292 8294 8289
f 8294 8426 8290 8289
f 8426 8300 8302 8290
f 8295 8294 8292 8291
f 8292 8315 8314 8291
f 8314 8313 8312 8291
f 8312 8296 8295 8291
f 8293 8317 8315 8292
f 8427 8318 8317 8293
f 8295 8301 8426 8294
f 8296 8297 8301 8295
f 8312 8310 8311 8296
f 8311 8309 8297 8296
f 8298 8299 8301 8297
f 8309 8305 8298 8297
f 8306 8307 8299 8298
f 8307 8303 8300 8299
f 8300 8426 8301 8299
f 8303 8308 8302 8300
f 8425 8424 8421 8310
f 8314 8393 8392 8313
f 8315 8418 8393 8314
f 8317 8419 8418 8315
f 8319 8320 8321 8316
f 8321 8325 8327 8316
f 8327 8326 8420 8316
f 8420 8318 8319 8316
f 8318 8420 8419 8317
f 8427 8428 8319 8318
f 8428 8430 8320 8319
f 8430 8407 8429 8320
f 8429 8322 8321 8320
f 8322 8323 8325 8321
f 8429 8405 8402 8322
f 8402 8401 8323 8322
f 8401 8400 8399 8323
f 8399 8398 8325 8323
f 8327 8325 8398 8324
f 8398 8373 8347 8324
f 8347 8344 8396 8324
f 8396 8326 8327 8324
f 8396 8395 8397 8326
f 8397 8419 8420 8326
f 8418 8419 8397 8328
f 8397 8395 8329 8328
f 8329 8331 8382 8328
f 8382 8393 8418 8328
f 8395 8343 8381 8329
f 8381 8330 8331 8329
f 8381 8380 8379 8330
f 8379 8337 8334 8330
f 8334 8335 8331 8330
f 8334 8337 8336 8333
f 8379 8339 8338 8337
f 8379 8380 8340 8339
f 8380 8342 8341 8340
f 8341 8376 8378 8340
f 8342 8375 8377 8341
f 8377 8348 8376 8341
f 8343 8344 8375 8342
f 8380 8381 8343 8342
f 8395 8396 8344 8343
f 8347 8345 8375 8344
f 8347 8373 8346 8345
f 8346 8351 8349 8345
f 8349 8377 8375 8345
f 8373 8374 8372 8346
f 8372 8352 8351 8346
f 8377 8349 8350 8348
f 8354 8355 8356 8353
f 8372 8374 8355 8354
f 8400 8361 8356 8355
f 8374 8399 8400 8355
f 8361 8359 8357 8356
f 8359 8360 8358 8357
f 8363 8365 8360 8359
f 8361 8362 8363 8359
f 8365 8366 8368 8360
f 8400 8401 8362 8361
f 8403 8404 8363 8362
f 8401 8402 8403 8362
f 8404 8364 8365 8363
f 8415 8416 8304 8364
f 8304 8366 8365 8364
f 8404 8414 8415 8364
f 8367 8369 8368 8366
f 8387 8386 8332 8370
f 8398 8399 8374 8373
f 8394 8392 8393 8382
f 8384 8390 8394 8383
f 8385 8389 8390 8384
f 8391 8392 8394 8390
f 8405 8406 8403 8402
f 8406 8414 8404 8403
f 8408 8409 8406 8405
f 8429 8407 8408 8405
f 8409 8411 8414 8406
f 8410 8435 8411 8409
f 8433 8434 8435 8410
f 8435 8436 8412 8411
f 8412 8415 8414 8411
f 8413 8416 8415 8412
f 8423 8417 8416 8413
f 8423 8422 8262 8417
f 8437 8436 8435 8434
f 8443 8602 8530 8442
f 8444 8523 8602 8443
f 8446 8447 8604 8444
f 8604 8519 8523 8444
f 8448 8449 8513 8445
f 8513 8510 8603 8445
f 8603 8604 8447 8445
f 8451 8452 8450 8449
f 8450 8507 8513 8449
f 8452 8453 8506 8450
f 8506 8508 8507 8450
f 8630 8454 8453 8452
f 8454 8455 8696 8453
f 8696 8504 8506 8453
f 8458 8456 8455 8454
f 8630 8459 8458 8454
f 8456 8457 8697 8455
f 8697 8501 8696 8455
f 8694 8473 8457 8456
f 8458 8460 8694 8456
f 8473 8474 8546 8457
f 8546 8544 8697 8457
f 8459 8461 8460 8458
f 8462 8695 8694 8460
f 8463 8464 8695 8462
f 8465 8471 8695 8464
f 8466 8467 8469 8465
f 8469 8472 8471 8465
f 8568 8470 8469 8467
f 8470 8567 8476 8468
f 8476 8566 8475 8468
f 8475 8474 8472 8468
f 8472 8469 8470 8468
f 8568 8562 8567 8470
f 8472 8474 8473 8471
f 8473 8694 8695 8471
f 8475 8547 8546 8474
f 8566 8548 8547 8475
f 8567 8477 8565 8476
f 8565 8556 8566 8476
f 8564 8478 8557 8477
f 8557 8484 8565 8477
f 8567 8562 8564 8477
f 8561 8480 8479 8478
f 8479 8560 8557 8478
f 8564 8563 8561 8478
f 8480 8481 8483 8479
f 8483 8482 8560 8479
f 8559 8558 8481 8480
f 8488 8486 8560 8482
f 8557 8560 8486 8484
f 8486 8487 8485 8484
f 8485 8556 8565 8484
f 8487 8554 8553 8485
f 8553 8555 8556 8485
f 8488 8489 8487 8486
f 8542 8553 8554 8490
f 8539 8540 8549 8491
f 8496 8529 8493 8492
f 8494 8495 8496 8492
f 8537 8551 8495 8494
f 8497 8498 8496 8495
f 8551 8500 8497 8495
f 8498 8539 8529 8496
f 8503 8499 8498 8497
f 8500 8502 8503 8497
f 8499 8540 8539 8498
f 8543 8541 8540 8499
f 8503 8545 8543 8499
f 8551 8550 8505 8500
f 8505 8501 8502 8500
f 8697 8544 8502 8501
f 8505 8504 8696 8501
f 8544 8545 8503 8502
f 8505 8550 8509 8504
f 8509 8508 8506 8504
f 8508 8512 8511 8507
f 8511 8510 8513 8507
f 8509 8535 8512 8508
f 8550 8536 8535 8509
f 8511 8516 8515 8510
f 8515 8517 8603 8510
f 8512 8514 8516 8511
f 8535 8538 8514 8512
f 8516 8534 8533 8515
f 8533 8532 8517 8515
f 8532 8518 8519 8517
f 8519 8604 8603 8517
f 8532 8531 8520 8518
f 8520 8525 8522 8518
f 8522 8523 8519 8518
f 8602 8523 8522 8521
f 8522 8525 8524 8521
f 8524 8526 8600 8521
f 8600 8530 8602 8521
f 8528 8527 8600 8526
f 8601 8530 8600 8527
f 8536 8552 8538 8535
f 8550 8551 8537 8536
f 8541 8542 8549 8540
f 8555 8553 8542 8541
f 8543 8548 8555 8541
f 8545 8547 8548 8543
f 8546 8547 8545 8544
f 8566 8556 8555 8548
f 8569 8563 8564 8562
f 8568 8570 8569 8562
f 8569 8573 8571 8563
f 8570 8690 8573 8569
f 8689 8582 8690 8570
f 8573 8577 8574 8571
f 8574 8575 8576 8572
f 8690 8580 8577 8573
f 8577 8579 8575 8574
f 8646 8648 8576 8575
f 8579 8693 8646 8575
f 8648 8649 8652 8576
f 8580 8578 8579 8577
f 8641 8693 8579 8578
f 8580 8692 8688 8578
f 8688 8639 8641 8578
f 8690 8582 8692 8580
f 8691 8692 8582 8581
f 8582 8689 8595 8581
f 8595 8594 8583 8581
f 8583 8685 8691 8581
f 8594 8593 8585 8583
f 8585 8605 8685 8583
f 8607 8606 8605 8584
f 8605 8585 8588 8584
f 8588 8591 8587 8584
f 8593 8592 8588 8585
f 8596 8597 8587 8586
f 8587 8591 8590 8586
f 8592 8589 8591 8588
f 8598 8599 8597 8596
f 8606 8686 8685 8605
f 8684 8634 8686 8606
f 8607 8608 8684 8606
f 8615 8616 8684 8608
f 8609 8610 8615 8608
f 8611 8617 8615 8610
f 8612 8619 8617 8611
f 8613 8620 8619 8612
f 8614 8626 8620 8613
f 8617 8618 8616 8615
f 8618 8631 8635 8616
f 8635 8634 8684 8616
f 8619 8621 8618 8617
f 8621 8622 8631 8618
f 8620 8623 8621 8619
f 8626 8627 8623 8620
f 8623 8624 8622 8621
f 8624 8625 8632 8622
f 8632 8633 8631 8622
f 8627 8628 8624 8623
f 8628 8629 8625 8624
f 8683 8682 8632 8625
f 8633 8636 8635 8631
f 8682 8681 8633 8632
f 8681 8637 8636 8633
f 8635 8636 8638 8634
f 8638 8687 8686 8634
f 8637 8639 8638 8636
f 8681 8679 8640 8637
f 8640 8641 8639 8637
f 8639 8688 8687 8638
f 8679 8643 8642 8640
f 8642 8693 8641 8640
f 8643 8645 8644 8642
f 8644 8646 8693 8642
f 8666 8667 8645 8643
f 8679 8680 8666 8643
f 8645 8678 8647 8644
f 8647 8648 8646 8644
f 8667 8657 8678 8645
f 8678 8653 8650 8647
f 8650 8649 8648 8647
f 8653 8654 8655 8651
f 8678 8657 8654 8653
f 8656 8677 8655 8654
f 8657 8658 8656 8654
f 8675 8674 8677 8656
f 8658 8659 8675 8656
f 8667 8662 8658 8657
f 8662 8660 8659 8658
f 8676 8673 8675 8659
f 8660 8670 8676 8659
f 8662 8661 8665 8660
f 8665 8669 8670 8660
f 8662 8667 8666 8661
f 8666 8680 8663 8661
f 8663 8664 8665 8661
f 8680 8682 8683 8663
f 8683 8668 8664 8663
f 8671 8672 8676 8670
f 8681 8682 8680 8679
f 8686 8687 8691 8685
f 8688 8692 8691 8687
f 8699 8715 8959 8698
f 8700 8703 8715 8699
f 8701 8704 8703 8700
f 8702 8968 8704 8701
f 8960 8727 8968 8702
f 8704 8707 8706 8703
f 8706 8705 8715 8703
f 8968 8726 8707 8704
f 8706 8967 8966 8705
f 8966 8710 8709 8705
f 8709 8959 8715 8705
f 8707 8724 8967 8706
f 8726 8725 8724 8707
f 8710 8962 8961 8708
f 8961 8965 8713 8708
f 8713 8711 8712 8708
f 8712 8709 8710 8708
f 8966 8723 8962 8710
f 8965 8716 8714 8713
f 8965 8961 8718 8717
f 8719 8751 8754 8718
f 8961 8962 8719 8718
f 8720 8752 8751 8719
f 8962 8723 8720 8719
f 8721 8753 8752 8720
f 8723 8722 8721 8720
f 8964 8746 8753 8721
f 8722 8963 8964 8721
f 8723 8966 8967 8722
f 8967 8724 8963 8722
f 8725 8738 8963 8724
f 8732 8735 8738 8725
f 8726 8728 8732 8725
f 8968 8727 8728 8726
f 8730 8731 8728 8727
f 8960 8729 8730 8727
f 8731 8733 8732 8728
f 8733 8736 8735 8732
f 8734 8737 8736 8733
f 8736 8741 8740 8735
f 8740 8739 8738 8735
f 8737 8742 8741 8736
f 8957 8958 8742 8737
f 8739 8964 8963 8738
f 8740 8743 8747 8739
f 8747 8746 8964 8739
f 8741 8744 8743 8740
f 8742 8745 8744 8741
f 8958 8956 8745 8742
f 8744 8749 8748 8743
f 8748 8955 8747 8743
f 8745 8750 8749 8744
f 8747 8955 8954 8746
f 8954 8757 8753 8746
f 8749 8764 8763 8748
f 8763 8762 8955 8748
f 8752 8756 8755 8751
f 8753 8757 8756 8752
f 8756 8759 8758 8755
f 8757 8760 8759 8756
f 8954 8761 8760 8757
f 8759 8780 8777 8758
f 8760 8770 8780 8759
f 8761 8771 8770 8760
f 8762 8765 8771 8761
f 8954 8955 8762 8761
f 8763 8766 8765 8762
f 8764 8768 8766 8763
f 8766 8767 8769 8765
f 8769 8772 8771 8765
f 8796 8797 8769 8767
f 8797 8952 8772 8769
f 8771 8772 8783 8770
f 8783 8781 8780 8770
f 8952 8788 8783 8772
f 8776 8785 8784 8773
f 8778 8779 8775 8774
f 8779 8786 8776 8775
f 8786 8790 8785 8776
f 8780 8781 8778 8777
f 8781 8782 8779 8778
f 8782 8787 8786 8779
f 8783 8788 8782 8781
f 8788 8789 8787 8782
f 8787 8791 8790 8786
f 8789 8792 8791 8787
f 8952 8953 8789 8788
f 8953 8793 8792 8789
f 8953 8950 8794 8793
f 8795 8946 8798 8794
f 8950 8951 8795 8794
f 8951 8950 8797 8796
f 8950 8953 8952 8797
f 8946 8947 8834 8798
f 8834 8832 8800 8798
f 8801 8803 8802 8799
f 8802 8806 8943 8799
f 8943 8942 8944 8799
f 8944 8945 8801 8799
f 8832 8801 8945 8800
f 8832 8833 8803 8801
f 8803 8937 8936 8802
f 8936 8935 8806 8802
f 8833 8831 8937 8803
f 8806 8935 8805 8804
f 8805 8807 8809 8804
f 8809 8812 8941 8804
f 8941 8943 8806 8804
f 8935 8815 8814 8805
f 8814 8816 8807 8805
f 8811 8812 8809 8808
f 8939 8812 8811 8810
f 8939 8940 8941 8812
f 8938 8822 8819 8813
f 8819 8818 8815 8813
f 8815 8935 8936 8813
f 8936 8937 8938 8813
f 8815 8818 8817 8814
f 8817 8933 8816 8814
f 8818 8820 8913 8817
f 8913 8934 8933 8817
f 8819 8821 8820 8818
f 8822 8931 8821 8819
f 8821 8890 8889 8820
f 8889 8894 8913 8820
f 8931 8891 8890 8821
f 8823 8932 8931 8822
f 8938 8828 8823 8822
f 8826 8824 8932 8823
f 8828 8830 8826 8823
f 8825 8929 8887 8824
f 8887 8893 8932 8824
f 8826 8827 8825 8824
f 8928 8930 8929 8825
f 8827 8927 8928 8825
f 8830 8923 8827 8826
f 8923 8925 8927 8827
f 8938 8937 8831 8828
f 8831 8829 8830 8828
f 8838 8923 8830 8829
f 8831 8833 8835 8829
f 8834 8835 8833 8832
f 8947 8836 8835 8834
f 8839 8924 8838 8837
f 8924 8925 8923 8838
f 8840 8926 8924 8839
f 8841 8842 8926 8840
f 8921 8922 8920 8842
f 8920 8843 8926 8842
f 8920 8846 8845 8843
f 8845 8927 8925 8843
f 8925 8924 8926 8843
f 8846 8920 8922 8844
f 8846 8919 8847 8845
f 8847 8928 8927 8845
f 8919 8851 8848 8847
f 8848 8930 8928 8847
f 8851 8852 8849 8848
f 8849 8885 8930 8848
f 8852 8853 8850 8849
f 8850 8914 8885 8849
f 8917 8915 8914 8850
f 8918 8857 8856 8854
f 8856 8916 8855 8854
f 8916 8915 8917 8855
f 8857 8860 8877 8856
f 8877 8880 8916 8856
f 8858 8861 8860 8857
f 8866 8869 8870 8859
f 8870 8877 8860 8859
f 8872 8874 8863 8862
f 8874 8867 8864 8863
f 8867 8868 8865 8864
f 8868 8869 8866 8865
f 8874 8873 8875 8867
f 8875 8876 8868 8867
f 8879 8880 8877 8870
f 8873 8874 8872 8871
f 8881 8880 8879 8878
f 8879 8904 8909 8878
f 8909 8898 8882 8878
f 8882 8883 8881 8878
f 8881 8915 8916 8880
f 8883 8914 8915 8881
f 8898 8886 8888 8882
f 8888 8884 8883 8882
f 8884 8885 8914 8883
f 8888 8887 8929 8884
f 8929 8930 8885 8884
f 8898 8902 8892 8886
f 8892 8891 8893 8886
f 8893 8887 8888 8886
f 8890 8897 8896 8889
f 8896 8895 8894 8889
f 8891 8892 8897 8890
f 8931 8932 8893 8891
f 8902 8901 8897 8892
f 8895 8910 8912 8894
f 8912 8934 8913 8894
f 8896 8900 8899 8895
f 8899 8911 8910 8895
f 8897 8901 8900 8896
f 8909 8908 8902 8898
f 8900 8906 8905 8899
f 8905 8903 8911 8899
f 8901 8907 8906 8900
f 8902 8908 8907 8901
f 8942 8943 8941 8940
f 8948 8949 8947 8946
f 9247 9238 9237 8969
f 9237 8971 9244 8969
f 9245 9246 9247 8969
f 8971 9002 8974 8970
f 8974 8973 8979 8970
f 8979 9242 9243 8970
f 9243 9244 8971 8970
f 9237 9006 9002 8971
f 8973 9234 9233 8972
f 9233 8996 8977 8972
f 8977 8976 8978 8972
f 8978 8979 8973 8972
f 8974 9236 9234 8973
f 9002 9003 9236 8974
f 8976 8977 8984 8975
f 8984 8982 8981 8975
f 8996 8987 8984 8977
f 9241 9242 8979 8978
f 8983 8986 8985 8980
f 8985 9226 9231 8980
f 9231 9230 9232 8980
f 9232 8982 8983 8980
f 8984 8987 8983 8982
f 8987 9228 8986 8983
f 8986 8990 8988 8985
f 8988 9220 9226 8985
f 9228 8992 8990 8986
f 8996 8995 9228 8987
f 8990 8991 8989 8988
f 8989 9217 9220 8988
f 8991 9146 9144 8989
f 9144 9218 9217 8989
f 8992 9215 8991 8990
f 9215 9149 9146 8991
f 8993 9213 9215 8992
f 9228 8995 8993 8992
f 8994 9214 9213 8993
f 8995 8997 8994 8993
f 8998 9156 9214 8994
f 8997 9235 8998 8994
f 8996 9233 8997 8995
f 9233 9234 9235 8997
f 8999 9157 9156 8998
f 9235 9001 8999 8998
f 9210 9211 9157 8999
f 9001 9004 9210 8999
f 9023 9024 9212 9000
f 9212 9210 9004 9000
f 9004 9003 9005 9000
f 9005 9008 9023 9000
f 9235 9234 9236 9001
f 9236 9003 9004 9001
f 9006 9005 9003 9002
f 9006 9007 9008 9005
f 9237 9238 9007 9006
f 9009 9010 9008 9007
f 9238 9239 9009 9007
f 9010 9014 9023 9008
f 9011 9015 9010 9009
f 9239 9240 9011 9009
f 9015 9016 9014 9010
f 9018 9019 9015 9011
f 9240 9012 9018 9011
f 9013 9021 9018 9012
f 9240 9250 9251 9012
f 9251 9252 9013 9012
f 9016 9017 9026 9014
f 9026 9024 9023 9014
f 9019 9020 9016 9015
f 9020 9202 9017 9016
f 9202 9203 9034 9017
f 9034 9027 9026 9017
f 9021 9205 9019 9018
f 9205 9206 9020 9019
f 9206 9208 9202 9020
f 9025 9200 9028 9022
f 9028 9158 9211 9022
f 9211 9210 9212 9022
f 9212 9024 9025 9022
f 9026 9027 9025 9024
f 9027 9201 9200 9025
f 9034 9035 9201 9027
f 9200 9029 9196 9028
f 9196 9160 9158 9028
f 9033 9030 9199 9029
f 9199 9197 9196 9029
f 9200 9201 9033 9029
f 9032 9037 9040 9030
f 9040 9039 9199 9030
f 9033 9031 9032 9030
f 9207 9036 9032 9031
f 9033 9201 9035 9031
f 9035 9204 9207 9031
f 9203 9204 9035 9034
f 9038 9041 9040 9037
f 9040 9041 9042 9039
f 9042 9044 9198 9039
f 9198 9197 9199 9039
f 9195 9046 9042 9041
f 9046 9045 9044 9042
f 9044 9045 9047 9043
f 9047 9090 9194 9043
f 9194 9193 9166 9043
f 9166 9198 9044 9043
f 9046 9049 9048 9045
f 9048 9087 9047 9045
f 9195 9053 9049 9046
f 9087 9091 9090 9047
f 9049 9050 9089 9048
f 9089 9088 9087 9048
f 9053 9051 9050 9049
f 9051 9052 9086 9050
f 9086 9080 9089 9050
f 9054 9085 9086 9052
f 9055 9061 9085 9054
f 9082 9063 9060 9056
f 9060 9083 9084 9056
f 9083 9060 9059 9057
f 9059 9058 9061 9057
f 9059 9062 9065 9058
f 9065 9078 9081 9058
f 9081 9085 9061 9058
f 9060 9063 9062 9059
f 9063 9064 9066 9062
f 9066 9069 9065 9062
f 9082 9077 9064 9063
f 9077 9076 9068 9064
f 9068 9067 9066 9064
f 9069 9072 9078 9065
f 9067 9071 9069 9066
f 9068 9074 9073 9067
f 9076 9075 9074 9068
f 9071 9070 9072 9069
f 9093 9094 9072 9070
f 9094 9079 9078 9072
f 9079 9080 9081 9078
f 9094 9092 9088 9079
f 9088 9089 9080 9079
f 9086 9085 9081 9080
f 9088 9092 9091 9087
f 9091 9099 9191 9090
f 9191 9175 9194 9090
f 9092 9096 9099 9091
f 9094 9093 9096 9092
f 9097 9099 9096 9095
f 9126 9100 9098 9097
f 9098 9191 9099 9097
f 9100 9189 9190 9098
f 9190 9175 9191 9098
f 9125 9101 9189 9100
f 9254 9172 9173 9101
f 9173 9174 9189 9101
f 9103 9110 9106 9102
f 9106 9105 9182 9102
f 9182 9176 9179 9102
f 9179 9187 9103 9102
f 9104 9123 9110 9103
f 9187 9171 9104 9103
f 9254 9124 9123 9104
f 9171 9172 9254 9104
f 9106 9109 9107 9105
f 9107 9186 9133 9105
f 9133 9181 9182 9105
f 9110 9122 9109 9106
f 9109 9184 9108 9107
f 9108 9111 9186 9107
f 9184 9119 9253 9108
f 9253 9114 9111 9108
f 9122 9120 9184 9109
f 9123 9121 9122 9110
f 9114 9113 9185 9111
f 9185 9131 9186 9111
f 9113 9116 9115 9112
f 9129 9127 9128 9112
f 9128 9185 9113 9112
f 9114 9117 9116 9113
f 9253 9119 9117 9114
f 9119 9184 9120 9118
f 9183 9130 9128 9127
f 9130 9131 9185 9128
f 9134 9132 9131 9130
f 9132 9133 9186 9131
f 9134 9136 9135 9132
f 9135 9181 9133 9132
f 9137 9139 9181 9135
f 9141 9176 9139 9138
f 9180 9140 9141 9138
f 9176 9182 9181 9139
f 9142 9177 9141 9140
f 9227 9216 9142 9140
f 9177 9179 9176 9141
f 9143 9178 9177 9142
f 9216 9218 9143 9142
f 9145 9188 9178 9143
f 9218 9144 9145 9143
f 9146 9147 9145 9144
f 9147 9169 9188 9145
f 9149 9148 9147 9146
f 9148 9167 9169 9147
f 9151 9168 9167 9148
f 9149 9150 9151 9148
f 9215 9213 9150 9149
f 9153 9152 9151 9150
f 9213 9214 9153 9150
f 9152 9165 9168 9151
f 9162 9164 9165 9152
f 9153 9154 9162 9152
f 9214 9156 9154 9153
f 9155 9159 9162 9154
f 9156 9157 9155 9154
f 9158 9160 9159 9155
f 9157 9211 9158 9155
f 9160 9161 9163 9159
f 9163 9164 9162 9159
f 9196 9197 9161 9160
f 9197 9198 9166 9161
f 9166 9193 9163 9161
f 9193 9192 9164 9163
f 9192 9170 9165 9164
f 9170 9174 9168 9165
f 9168 9174 9173 9167
f 9173 9172 9169 9167
f 9172 9171 9188 9169
f 9192 9175 9190 9170
f 9190 9189 9174 9170
f 9187 9178 9188 9171
f 9192 9193 9194 9175
f 9178 9187 9179 9177
f 9208 9209 9203 9202
f 9227 9223 9219 9216
f 9219 9217 9218 9216
f 9219 9225 9220 9217
f 9223 9222 9225 9219
f 9225 9224 9226 9220
f 9224 9225 9222 9221
f 9229 9231 9226 9224
f 9247 9249 9239 9238
f 9249 9250 9240 9239
f 9248 9249 9247 9246
f 9259 9556 9256 9255
f 9256 9563 9311 9255
f 9311 9312 9565 9255
f 9565 9258 9259 9255
f 9556 9460 9461 9256
f 9461 9562 9563 9256
f 9261 9557 9258 9257
f 9258 9565 9564 9257
f 9561 9260 9261 9257
f 9557 9558 9259 9258
f 9558 9458 9556 9259
f 9262 9459 9261 9260
f 9561 9560 9263 9260
f 9263 9265 9262 9260
f 9459 9457 9557 9261
f 9455 9456 9459 9262
f 9265 9453 9455 9262
f 9560 9559 9264 9263
f 9264 9555 9265 9263
f 9559 9269 9553 9264
f 9553 9554 9555 9264
f 9555 9452 9453 9265
f 9273 9550 9270 9266
f 9270 9271 9267 9266
f 9271 9551 9268 9267
f 9551 9552 9269 9268
f 9552 9448 9553 9269
f 9550 9368 9371 9270
f 9371 9533 9271 9270
f 9533 9534 9551 9271
f 9547 9546 9549 9272
f 9549 9550 9273 9272
f 9275 9279 9365 9274
f 9365 9362 9366 9274
f 9366 9547 9276 9274
f 9288 9293 9291 9277
f 9291 9280 9314 9277
f 9314 9316 9315 9277
f 9315 9278 9288 9277
f 9289 9294 9288 9278
f 9315 9317 9318 9278
f 9318 9279 9289 9278
f 9318 9364 9365 9279
f 9291 9292 9282 9280
f 9282 9281 9287 9280
f 9282 9284 9283 9281
f 9285 9286 9287 9281
f 9294 9295 9293 9288
f 9290 9296 9294 9289
f 9297 9299 9296 9290
f 9293 9301 9292 9291
f 9295 9304 9301 9293
f 9296 9302 9295 9294
f 9298 9303 9299 9297
f 9306 9307 9298 9297
f 9307 9305 9300 9298
f 9307 9308 9309 9305
f 9319 9321 9316 9314
f 9316 9322 9317 9315
f 9321 9320 9322 9316
f 9322 9323 9325 9317
f 9325 9364 9318 9317
f 9332 9323 9322 9320
f 9332 9331 9328 9323
f 9328 9324 9325 9323
f 9544 9364 9325 9324
f 9328 9327 9329 9324
f 9329 9326 9544 9324
f 9359 9362 9544 9326
f 9329 9540 9330 9326
f 9330 9545 9359 9326
f 9328 9331 9334 9327
f 9333 9540 9329 9327
f 9540 9339 9541 9330
f 9541 9543 9545 9330
f 9335 9339 9540 9333
f 9340 9341 9337 9336
f 9341 9541 9339 9337
f 9347 9342 9340 9338
f 9342 9542 9341 9340
f 9542 9543 9541 9341
f 9538 9539 9542 9342
f 9347 9343 9538 9342
f 9345 9354 9538 9343
f 9347 9346 9348 9343
f 9348 9344 9345 9343
f 9535 9349 9345 9344
f 9349 9351 9354 9345
f 9536 9350 9351 9349
f 9535 9528 9536 9349
f 9375 9369 9353 9350
f 9353 9352 9351 9350
f 9536 9537 9375 9350
f 9352 9355 9354 9351
f 9353 9367 9357 9352
f 9357 9356 9355 9352
f 9369 9370 9367 9353
f 9355 9539 9538 9354
f 9356 9358 9539 9355
f 9357 9548 9361 9356
f 9361 9360 9358 9356
f 9367 9368 9548 9357
f 9360 9545 9543 9358
f 9543 9542 9539 9358
f 9363 9366 9362 9359
f 9545 9360 9363 9359
f 9361 9546 9363 9360
f 9548 9549 9546 9361
f 9365 9364 9544 9362
f 9546 9547 9366 9363
f 9370 9371 9368 9367
f 9550 9549 9548 9368
f 9372 9373 9370 9369
f 9375 9376 9372 9369
f 9373 9533 9371 9370
f 9377 9374 9373 9372
f 9376 9380 9377 9372
f 9374 9534 9533 9373
f 9449 9450 9534 9374
f 9377 9383 9449 9374
f 9537 9378 9376 9375
f 9378 9379 9380 9376
f 9380 9382 9383 9377
f 9537 9526 9523 9378
f 9523 9385 9379 9378
f 9381 9382 9380 9379
f 9385 9386 9381 9379
f 9384 9529 9382 9381
f 9386 9388 9384 9381
f 9529 9530 9383 9382
f 9530 9514 9449 9383
f 9404 9531 9529 9384
f 9388 9390 9404 9384
f 9523 9527 9524 9385
f 9524 9525 9386 9385
f 9525 9387 9388 9386
f 9389 9390 9388 9387
f 9391 9392 9390 9389
f 9392 9405 9404 9390
f 9393 9406 9392 9391
f 9396 9398 9393 9391
f 9406 9407 9405 9392
f 9394 9409 9406 9393
f 9398 9399 9394 9393
f 9395 9412 9409 9394
f 9399 9401 9395 9394
f 9416 9417 9412 9395
f 9400 9399 9398 9397
f 9400 9403 9401 9399
f 9405 9532 9531 9404
f 9407 9408 9532 9405
f 9409 9410 9407 9406
f 9410 9411 9408 9407
f 9411 9419 9418 9408
f 9418 9519 9532 9408
f 9412 9413 9410 9409
f 9413 9414 9411 9410
f 9414 9415 9419 9411
f 9417 9520 9413 9412
f 9520 9521 9414 9413
f 9521 9522 9415 9414
f 9522 9429 9426 9415
f 9426 9424 9419 9415
f 9419 9424 9421 9418
f 9421 9420 9519 9418
f 9421 9422 9517 9420
f 9517 9516 9515 9420
f 9515 9518 9519 9420
f 9424 9425 9422 9421
f 9425 9427 9423 9422
f 9423 9445 9517 9422
f 9427 9430 9444 9423
f 9444 9451 9445 9423
f 9426 9428 9425 9424
f 9428 9431 9427 9425
f 9429 9433 9428 9426
f 9431 9432 9430 9427
f 9433 9434 9431 9428
f 9432 9437 9436 9430
f 9436 9441 9444 9430
f 9434 9435 9432 9431
f 9435 9438 9437 9432
f 9437 9471 9440 9436
f 9440 9442 9441 9436
f 9438 9491 9471 9437
f 9456 9455 9443 9439
f 9442 9453 9452 9441
f 9452 9451 9444 9441
f 9443 9455 9453 9442
f 9451 9554 9447 9445
f 9447 9516 9517 9445
f 9516 9447 9448 9446
f 9448 9552 9450 9446
f 9450 9449 9514 9446
f 9514 9515 9516 9446
f 9554 9553 9448 9447
f 9552 9551 9534 9450
f 9452 9555 9554 9451
f 9466 9467 9465 9454
f 9465 9458 9558 9454
f 9558 9557 9457 9454
f 9457 9464 9466 9454
f 9464 9457 9459 9456
f 9465 9470 9468 9458
f 9468 9460 9556 9458
f 9468 9469 9463 9460
f 9463 9462 9461 9460
f 9491 9492 9488 9471
f 9475 9478 9476 9472
f 9489 9490 9474 9473
f 9490 9494 9475 9474
f 9478 9479 9477 9476
f 9479 9486 9484 9477
f 9480 9481 9486 9479
f 9484 9485 9483 9482
f 9486 9487 9485 9484
f 9492 9495 9489 9488
f 9495 9496 9490 9489
f 9496 9500 9494 9490
f 9493 9497 9492 9491
f 9497 9498 9495 9492
f 9500 9501 9503 9494
f 9498 9499 9496 9495
f 9499 9502 9500 9496
f 9310 9510 9502 9499
f 9502 9509 9501 9500
f 9510 9511 9509 9502
f 9530 9518 9515 9514
f 9530 9529 9531 9518
f 9531 9532 9519 9518
f 9537 9536 9528 9526
f 9313 9576 9311 9563
f 9565 9312 9574 9564
f 9574 9570 9566 9564
f 9568 9507 9513 9567
f 9513 9506 9569 9567
f 9574 9572 9507 9570
f 9576 9313 9575 9571
f 9575 9579 9402 9571
f 9402 9504 9508 9571
f 9508 9573 9576 9571
f 9574 9312 9573 9572
f 9573 9508 9512 9572
f 9512 9513 9507 9572
f 9312 9311 9576 9573
f 9313 9578 9577 9575
f 9512 9505 9506 9513
f 9508 9504 9505 9512
f 9639 9583 9584 9580
f 9584 9585 9581 9580
f 9585 9586 9582 9581
f 9586 9587 9638 9582
f 9639 9671 9695 9583
f 9695 9738 9647 9583
f 9647 9646 9584 9583
f 9646 9644 9585 9584
f 9644 9645 9586 9585
f 9645 9614 9587 9586
f 9588 9640 9638 9587
f 9614 9642 9588 9587
f 9589 9591 9640 9588
f 9642 9643 9589 9588
f 9590 9592 9591 9589
f 9643 9612 9590 9589
f 9641 9593 9592 9590
f 9612 9611 9641 9590
f 9641 9596 9594 9593
f 9596 9595 9637 9594
f 9596 9597 9598 9595
f 9641 9611 9597 9596
f 9611 9613 9610 9597
f 9610 9602 9598 9597
f 9602 9603 9599 9598
f 9601 9609 9608 9600
f 9604 9603 9602 9601
f 9602 9610 9609 9601
f 9633 9630 9629 9606
f 9608 9634 9633 9607
f 9609 9635 9634 9608
f 9610 9613 9635 9609
f 9612 9636 9613 9611
f 9643 9615 9636 9612
f 9636 9632 9635 9613
f 9645 9617 9618 9614
f 9618 9619 9642 9614
f 9643 9642 9619 9615
f 9619 9625 9628 9615
f 9628 9632 9636 9615
f 9617 9645 9644 9616
f 9644 9646 9648 9616
f 9648 9653 9654 9616
f 9654 9620 9617 9616
f 9620 9622 9618 9617
f 9622 9625 9619 9618
f 9655 9621 9622 9620
f 9624 9625 9622 9621
f 9626 9627 9624 9623
f 9627 9628 9625 9624
f 9630 9631 9627 9626
f 9656 9629 9630 9626
f 9631 9632 9628 9627
f 9633 9634 9631 9630
f 9634 9635 9632 9631
f 9647 9649 9648 9646
f 9738 9750 9649 9647
f 9649 9652 9653 9648
f 9750 9651 9652 9649
f 9651 9750 9658 9650
f 9658 9747 9693 9657
f 9693 9691 9661 9657
f 9750 9738 9747 9658
f 9660 9690 9689 9659
f 9689 9688 9780 9659
f 9780 9782 9662 9659
f 9662 9663 9660 9659
f 9661 9691 9690 9660
f 9663 9665 9661 9660
f 9782 9781 9679 9662
f 9679 9680 9663 9662
f 9680 9664 9665 9663
f 9666 9667 9665 9664
f 9680 9674 9675 9664
f 9675 9672 9666 9664
f 9670 9668 9667 9666
f 9672 9669 9670 9666
f 9672 9676 9673 9669
f 9675 9779 9676 9672
f 9680 9679 9678 9674
f 9678 9768 9778 9674
f 9778 9779 9675 9674
f 9779 9770 9771 9676
f 9678 9679 9781 9677
f 9781 9682 9681 9677
f 9681 9765 9766 9677
f 9766 9768 9678 9677
f 9682 9713 9714 9681
f 9714 9716 9765 9681
f 9781 9782 9683 9682
f 9683 9684 9713 9682
f 9782 9780 9686 9683
f 9686 9685 9684 9683
f 9686 9687 9709 9685
f 9709 9710 9708 9685
f 9780 9688 9687 9686
f 9688 9707 9705 9687
f 9705 9712 9709 9687
f 9689 9701 9707 9688
f 9690 9703 9701 9689
f 9691 9704 9703 9690
f 9693 9692 9704 9691
f 9694 9696 9697 9692
f 9697 9700 9704 9692
f 9693 9747 9694 9692
f 9695 9671 9696 9694
f 9747 9738 9695 9694
f 9702 9707 9701 9698
f 9701 9703 9699 9698
f 9703 9704 9700 9699
f 9706 9705 9707 9702
f 9712 9711 9710 9709
f 9715 9718 9716 9714
f 9735 9734 9733 9715
f 9733 9717 9718 9715
f 9718 9732 9729 9716
f 9729 9731 9765 9716
f 9725 9720 9719 9717
f 9719 9732 9718 9717
f 9720 9721 9726 9719
f 9726 9727 9732 9719
f 9725 9724 9605 9720
f 9605 9722 9721 9720
f 9605 9724 9723 9722
f 9728 9729 9732 9727
f 9730 9731 9729 9728
f 9774 9775 9731 9730
f 9775 9766 9765 9731
f 9734 9742 9764 9733
f 9762 9743 9742 9734
f 9737 9740 9739 9736
f 9739 9743 9762 9736
f 9740 9760 9761 9739
f 9761 9741 9743 9739
f 9761 9757 9756 9741
f 9756 9746 9744 9741
f 9744 9742 9743 9741
f 9744 9763 9764 9742
f 9746 9745 9763 9744
f 9746 9758 9748 9745
f 9756 9759 9758 9746
f 9759 9753 9751 9749
f 9753 9754 9752 9751
f 9757 9755 9754 9753
f 9759 9756 9757 9753
f 9757 9761 9760 9755
f 9775 9767 9768 9766
f 9769 9778 9768 9767
f 9775 9774 9776 9767
f 9776 9777 9769 9767
f 9770 9779 9778 9769
f 9777 9772 9770 9769
f 9772 9773 9771 9770
f 9784 9814 9813 9783
f 9813 10091 9787 9783
f 9816 9815 9814 9785
f 9787 10091 9789 9786
f 9789 9797 9793 9788
f 10091 10092 9797 9789
f 9799 9804 9802 9790
f 9794 9796 9792 9791
f 9796 9800 9795 9792
f 9797 9798 9794 9793
f 9798 9812 9796 9794
f 9800 9801 9799 9795
f 9812 10081 9800 9796
f 10092 10093 9798 9797
f 10093 10077 9812 9798
f 9801 9806 9804 9799
f 10081 10082 9801 9800
f 10082 10088 9806 9801
f 9804 9805 9803 9802
f 9805 10086 9807 9803
f 9807 9810 9809 9803
f 9806 10087 9805 9804
f 10088 10089 10087 9806
f 9808 9811 9810 9807
f 9814 9815 10094 9813
f 10094 10092 10091 9813
f 9816 10062 10080 9815
f 10080 10068 10094 9815
f 9817 10063 10062 9816
f 9853 10059 9818 9817
f 10059 9822 9819 9818
f 9822 9823 9820 9819
f 9823 9824 9821 9820
f 10059 9855 9857 9822
f 9857 10060 9823 9822
f 10060 10061 9824 9823
f 10061 10058 9825 9824
f 10058 9828 9826 9825
f 9828 10058 10057 9827
f 10057 10056 9829 9827
f 10056 9840 9831 9829
f 9831 9840 9837 9830
f 9837 9836 9833 9830
f 9969 10055 9835 9832
f 9835 10054 10053 9832
f 10053 9980 9968 9832
f 9968 9967 9969 9832
f 9836 9835 10055 9833
f 9836 9837 9838 9834
f 9838 10050 9953 9834
f 9953 10052 10054 9834
f 10054 9835 9836 9834
f 9840 9839 9838 9837
f 9839 9842 10050 9838
f 9840 10056 9844 9839
f 9844 9843 9842 9839
f 9842 9843 9848 9841
f 9848 9847 10049 9841
f 10049 9948 9950 9841
f 9950 10050 9842 9841
f 9844 9845 9849 9843
f 9849 9856 9848 9843
f 10056 10057 9845 9844
f 10057 10058 10061 9845
f 10061 10060 9849 9845
f 9847 9854 9851 9846
f 9851 9859 9850 9846
f 9850 9941 9942 9846
f 9942 10049 9847 9846
f 9848 9856 9854 9847
f 10060 9857 9856 9849
f 9859 9858 9862 9850
f 9862 9940 9941 9850
f 9854 9855 9852 9851
f 9852 9860 9859 9851
f 9855 10059 9853 9852
f 9856 9857 9855 9854
f 10048 9863 10045 9861
f 10045 9940 9862 9861
f 10046 10044 9937 9863
f 9937 9938 10045 9863
f 10044 10046 10047 9864
f 9866 9868 9869 9864
f 9869 10041 10044 9864
f 10043 9868 9866 9865
f 10039 9869 9868 9867
f 9868 10043 9870 9867
f 9870 10036 10037 9867
f 10037 10038 10039 9867
f 10039 10040 10041 9869
f 10043 10042 9871 9870
f 9871 9878 10036 9870
f 9872 9874 9878 9871
f 9875 9876 9874 9873
f 9876 9877 9878 9874
f 10035 10026 10034 9875
f 10034 9879 9876 9875
f 9879 9885 9877 9876
f 9886 10036 9878 9877
f 9885 9887 9886 9877
f 10034 9881 9883 9879
f 9883 9884 9885 9879
f 9882 9883 9881 9880
f 9881 10025 10024 9880
f 10024 10021 10010 9880
f 10010 10011 9882 9880
f 10034 10026 10025 9881
f 10033 9884 9883 9882
f 10011 10009 10033 9882
f 9889 9887 9885 9884
f 10033 9888 9889 9884
f 9895 10037 10036 9886
f 9887 9892 9895 9886
f 9889 9891 9892 9887
f 9890 9891 9889 9888
f 10033 10009 9999 9888
f 9999 10001 9890 9888
f 9896 9897 9891 9890
f 10001 9893 9896 9890
f 9897 9898 9892 9891
f 9898 9902 9895 9892
f 9899 9900 9896 9893
f 10001 10000 9894 9893
f 9894 9992 9899 9893
f 9902 10038 10037 9895
f 9900 9901 9897 9896
f 9901 9903 9898 9897
f 9903 9904 9902 9898
f 9994 9995 9900 9899
f 9992 9993 9994 9899
f 9995 9907 9901 9900
f 9907 9906 9903 9901
f 9904 9905 10038 9902
f 9906 9989 9904 9903
f 9989 9990 9905 9904
f 9990 9932 10040 9905
f 10040 10039 10038 9905
f 9908 9991 9989 9906
f 9907 9911 9908 9906
f 9995 9910 9911 9907
f 9915 9909 9991 9908
f 9911 9914 9915 9908
f 9923 9926 9930 9909
f 9930 9929 9991 9909
f 9915 9919 9923 9909
f 9913 9914 9911 9910
f 9995 9994 9997 9910
f 9997 9912 9913 9910
f 9916 9917 9913 9912
f 9997 9996 9998 9912
f 9998 9984 9916 9912
f 9917 9918 9914 9913
f 9918 9919 9915 9914
f 9986 9920 9917 9916
f 9984 9985 9986 9916
f 9920 9921 9918 9917
f 9921 9922 9919 9918
f 9922 9924 9923 9919
f 9973 9981 9921 9920
f 9986 9983 9973 9920
f 9981 9982 9922 9921
f 9982 9954 9924 9922
f 9924 9925 9926 9923
f 9954 9955 9925 9924
f 9955 9951 9927 9925
f 9927 9928 9926 9925
f 9928 9931 9930 9926
f 9951 9947 9946 9927
f 9946 9944 9928 9927
f 9944 9936 9931 9928
f 9930 9931 9934 9929
f 9934 9932 9990 9929
f 9990 9989 9991 9929
f 9936 9935 9934 9931
f 9934 9935 9933 9932
f 9933 10041 10040 9932
f 9935 9938 9937 9933
f 9937 10044 10041 9933
f 9936 9939 9938 9935
f 9944 9943 9939 9936
f 9939 9940 10045 9938
f 9943 9941 9940 9939
f 9943 9945 9942 9941
f 9945 9948 10049 9942
f 9944 9946 9945 9943
f 9946 9947 9948 9945
f 9949 9950 9948 9947
f 9951 9952 9949 9947
f 9953 10050 9950 9949
f 9952 10052 9953 9949
f 9955 9956 9952 9951
f 9956 10051 10052 9952
f 9957 9956 9955 9954
f 9982 9958 9957 9954
f 9957 9979 10051 9956
f 9958 9959 9979 9957
f 9982 9981 9976 9958
f 9976 9972 9959 9958
f 9960 9980 9979 9959
f 9972 9963 9960 9959
f 9966 9968 9980 9960
f 9963 9965 9966 9960
f 9962 9971 9978 9961
f 9978 9977 9970 9961
f 9964 9965 9963 9962
f 9963 9972 9971 9962
f 9972 9976 9975 9971
f 9975 9974 9978 9971
f 9975 9976 9981 9973
f 9983 9974 9975 9973
f 9983 9987 9988 9974
f 9988 9977 9978 9974
f 9980 10053 10051 9979
f 9986 9985 9987 9983
f 9996 9997 9994 9993
f 10009 10004 10006 9999
f 10006 10000 10001 9999
f 10003 10004 10008 10002
f 10008 10007 10014 10002
f 10005 10006 10004 10003
f 10009 10011 10008 10004
f 10008 10011 10010 10007
f 10010 10021 10013 10007
f 10013 10012 10014 10007
f 10013 10016 10015 10012
f 10021 10018 10016 10013
f 10016 10030 10029 10015
f 10018 10017 10030 10016
f 10018 10019 10023 10017
f 10022 10028 10030 10017
f 10021 10024 10019 10018
f 10024 10025 10020 10019
f 10031 10032 10028 10027
f 10032 10029 10030 10028
f 10053 10054 10052 10051
f 10063 10064 10071 10062
f 10071 10076 10080 10062
f 10066 10067 10065 10064
f 10065 10073 10071 10064
f 10067 10069 10070 10065
f 10070 10075 10073 10065
f 10073 10072 10076 10071
f 10073 10075 10074 10072
f 10074 10085 10079 10072
f 10079 10078 10076 10072
f 10078 10068 10080 10076
f 10078 10079 10083 10077
f 10083 10081 9812 10077
f 10093 10068 10078 10077
f 10085 10084 10083 10079
f 10083 10084 10082 10081
f 10084 10090 10088 10082
f 10094 10068 10093 10092
f 10477 10101 10100 10095
f 10100 10099 10475 10095
f 10108 10107 10101 10096
f 10101 10477 10478 10096
f 10099 10100 10103 10097
f 10103 10104 10102 10097
f 10102 10467 10471 10097
f 10471 10098 10099 10097
f 10474 10475 10099 10098
f 10471 10470 10368 10098
f 10101 10107 10103 10100
f 10104 10111 10117 10102
f 10117 10122 10467 10102
f 10107 10105 10104 10103
f 10105 10112 10111 10104
f 10107 10108 10106 10105
f 10106 10113 10112 10105
f 10113 10114 10110 10109
f 10110 10462 10461 10109
f 10461 10460 10116 10109
f 10116 10112 10113 10109
f 10112 10116 10115 10111
f 10115 10119 10117 10111
f 10116 10460 10459 10115
f 10459 10375 10119 10115
f 10119 10118 10122 10117
f 10119 10375 10374 10118
f 10374 10456 10125 10118
f 10125 10121 10122 10118
f 10465 10466 10121 10120
f 10121 10125 10124 10120
f 10124 10123 10127 10120
f 10127 10464 10465 10120
f 10466 10467 10122 10121
f 10124 10455 10128 10123
f 10128 10133 10129 10123
f 10129 10126 10127 10123
f 10125 10456 10455 10124
f 10463 10464 10127 10126
f 10129 10134 10135 10126
f 10135 10468 10463 10126
f 10455 10371 10370 10128
f 10370 10369 10133 10128
f 10133 10132 10134 10129
f 10136 10132 10131 10130
f 10131 10451 10442 10130
f 10132 10133 10369 10131
f 10369 10452 10451 10131
f 10136 10137 10134 10132
f 10137 10138 10135 10134
f 10138 10139 10468 10135
f 10140 10141 10468 10139
f 10142 10143 10141 10140
f 10365 10463 10468 10141
f 10144 10145 10143 10142
f 10146 10362 10145 10144
f 10362 10363 10357 10145
f 10147 10148 10362 10146
f 10149 10150 10148 10147
f 10150 10152 10348 10148
f 10348 10363 10362 10148
f 10151 10154 10150 10149
f 10154 10155 10152 10150
f 10155 10156 10153 10152
f 10153 10349 10348 10152
f 10156 10157 10158 10153
f 10158 10350 10349 10153
f 10347 10342 10156 10155
f 10342 10339 10157 10156
f 10339 10340 10159 10157
f 10159 10343 10158 10157
f 10343 10346 10350 10158
f 10340 10341 10160 10159
f 10160 10344 10343 10159
f 10341 10163 10161 10160
f 10161 10345 10344 10160
f 10163 10165 10162 10161
f 10162 10337 10345 10161
f 10165 10166 10164 10162
f 10164 10338 10337 10162
f 10166 10167 10325 10164
f 10325 10327 10338 10164
f 10173 10168 10166 10165
f 10168 10324 10167 10166
f 10324 10316 10323 10167
f 10323 10326 10325 10167
f 10188 10194 10324 10168
f 10173 10187 10188 10168
f 10178 10179 10170 10169
f 10175 10177 10178 10169
f 10185 10186 10172 10171
f 10180 10184 10185 10171
f 10186 10187 10173 10172
f 10176 10177 10175 10174
f 10320 10181 10177 10176
f 10181 10182 10178 10177
f 10182 10183 10179 10178
f 10183 10184 10180 10179
f 10322 10189 10182 10181
f 10320 10321 10322 10181
f 10189 10190 10183 10182
f 10190 10191 10184 10183
f 10191 10192 10185 10184
f 10192 10193 10186 10185
f 10193 10319 10187 10186
f 10319 10202 10188 10187
f 10202 10198 10194 10188
f 10304 10305 10190 10189
f 10322 10264 10304 10189
f 10305 10306 10191 10190
f 10306 10307 10192 10191
f 10307 10308 10193 10192
f 10308 10207 10319 10193
f 10198 10199 10195 10194
f 10195 10316 10324 10194
f 10199 10200 10196 10195
f 10196 10317 10316 10195
f 10200 10201 10197 10196
f 10197 10318 10317 10196
f 10201 10311 10310 10197
f 10204 10205 10199 10198
f 10202 10203 10204 10198
f 10205 10206 10200 10199
f 10206 10313 10201 10200
f 10313 10295 10311 10201
f 10319 10207 10203 10202
f 10211 10212 10204 10203
f 10207 10210 10211 10203
f 10212 10214 10205 10204
f 10214 10215 10206 10205
f 10215 10216 10313 10206
f 10308 10209 10210 10207
f 10303 10213 10209 10208
f 10209 10308 10307 10208
f 10307 10306 10309 10208
f 10309 10267 10303 10208
f 10213 10217 10210 10209
f 10217 10218 10211 10210
f 10218 10219 10212 10211
f 10219 10220 10214 10212
f 10277 10300 10217 10213
f 10303 10276 10277 10213
f 10220 10298 10215 10214
f 10298 10299 10216 10215
f 10299 10225 10297 10216
f 10297 10295 10313 10216
f 10300 10301 10218 10217
f 10301 10302 10219 10218
f 10302 10228 10220 10219
f 10228 10229 10298 10220
f 10224 10223 10296 10221
f 10296 10295 10297 10221
f 10297 10225 10222 10221
f 10225 10226 10227 10222
f 10299 10230 10226 10225
f 10230 10232 10233 10226
f 10235 10231 10229 10228
f 10302 10234 10235 10228
f 10231 10232 10230 10229
f 10230 10299 10298 10229
f 10289 10290 10232 10231
f 10235 10238 10289 10231
f 10290 10291 10233 10232
f 10237 10238 10235 10234
f 10302 10301 10294 10234
f 10294 10236 10237 10234
f 10285 10286 10237 10236
f 10294 10293 10241 10236
f 10241 10284 10285 10236
f 10286 10287 10238 10237
f 10287 10288 10289 10238
f 10244 10283 10240 10239
f 10240 10279 10278 10239
f 10278 10275 10242 10239
f 10242 10243 10244 10239
f 10283 10284 10241 10240
f 10241 10293 10279 10240
f 10275 10274 10292 10242
f 10292 10245 10243 10242
f 10292 10282 10246 10245
f 10282 10273 10271 10247
f 10271 10281 10250 10247
f 10251 10252 10249 10248
f 10249 10256 10255 10248
f 10252 10250 10281 10249
f 10281 10280 10256 10249
f 10256 10280 10257 10254
f 10280 10270 10258 10257
f 10258 10260 10263 10257
f 10270 10268 10259 10258
f 10259 10261 10260 10258
f 10268 10269 10266 10259
f 10266 10265 10261 10259
f 10261 10304 10264 10260
f 10264 10262 10263 10260
f 10265 10305 10304 10261
f 10264 10322 10321 10262
f 10266 10267 10309 10265
f 10309 10306 10305 10265
f 10269 10272 10267 10266
f 10272 10276 10303 10267
f 10273 10274 10269 10268
f 10270 10271 10273 10268
f 10274 10275 10272 10269
f 10280 10281 10271 10270
f 10275 10278 10276 10272
f 10282 10292 10274 10273
f 10278 10279 10277 10276
f 10279 10293 10300 10277
f 10294 10301 10300 10293
f 10296 10312 10311 10295
f 10317 10318 10315 10314
f 10330 10326 10323 10314
f 10323 10316 10317 10314
f 10326 10328 10327 10325
f 10330 10329 10328 10326
f 10328 10336 10335 10327
f 10335 10334 10338 10327
f 10344 10345 10332 10331
f 10332 10354 10353 10331
f 10353 10352 10346 10331
f 10346 10343 10344 10331
f 10345 10337 10333 10332
f 10333 10355 10354 10332
f 10337 10338 10334 10333
f 10334 10356 10355 10333
f 10352 10351 10350 10346
f 10349 10364 10363 10348
f 10350 10351 10364 10349
f 10352 10360 10359 10351
f 10359 10358 10364 10351
f 10353 10361 10360 10352
f 10363 10364 10358 10357
f 10472 10473 10366 10365
f 10366 10464 10463 10365
f 10473 10367 10469 10366
f 10469 10465 10464 10366
f 10368 10470 10469 10367
f 10370 10453 10452 10369
f 10371 10454 10453 10370
f 10455 10456 10372 10371
f 10372 10383 10454 10371
f 10456 10374 10373 10372
f 10373 10384 10383 10372
f 10374 10375 10379 10373
f 10379 10385 10384 10373
f 10459 10380 10379 10375
f 10460 10461 10457 10376
f 10457 10377 10387 10376
f 10387 10386 10380 10376
f 10380 10459 10460 10376
f 10457 10458 10378 10377
f 10378 10433 10448 10377
f 10448 10447 10387 10377
f 10380 10386 10385 10379
f 10384 10385 10382 10381
f 10382 10443 10394 10381
f 10394 10393 10390 10381
f 10390 10383 10384 10381
f 10385 10386 10446 10382
f 10446 10444 10443 10382
f 10390 10389 10454 10383
f 10387 10447 10446 10386
f 10453 10454 10389 10388
f 10389 10392 10406 10388
f 10406 10405 10450 10388
f 10450 10452 10453 10388
f 10390 10393 10392 10389
f 10443 10444 10425 10391
f 10425 10416 10411 10391
f 10411 10410 10404 10391
f 10404 10394 10443 10391
f 10393 10403 10402 10392
f 10402 10401 10406 10392
f 10394 10404 10403 10393
f 10399 10400 10396 10395
f 10400 10401 10397 10396
f 10397 10436 10435 10396
f 10401 10402 10398 10397
f 10398 10437 10436 10397
f 10402 10403 10407 10398
f 10407 10438 10437 10398
f 10440 10405 10400 10399
f 10405 10406 10401 10400
f 10404 10410 10407 10403
f 10440 10449 10450 10405
f 10410 10408 10438 10407
f 10410 10411 10409 10408
f 10411 10416 10412 10409
f 10416 10417 10413 10412
f 10417 10420 10414 10413
f 10420 10422 10415 10414
f 10422 10423 10418 10415
f 10425 10426 10417 10416
f 10426 10427 10420 10417
f 10423 10424 10419 10418
f 10427 10428 10422 10420
f 10428 10429 10423 10422
f 10444 10445 10426 10425
f 10445 10430 10427 10426
f 10430 10431 10428 10427
f 10431 10432 10429 10428
f 10448 10433 10431 10430
f 10445 10447 10448 10430
f 10433 10434 10432 10431
f 10441 10449 10440 10439
f 10442 10451 10449 10441
f 10446 10447 10445 10444
f 10451 10452 10450 10449
f 10461 10462 10458 10457
f 10469 10470 10466 10465
f 10470 10471 10467 10466
f 10253 10421 10478 10476
f 10494 10486 10485 10479
f 10485 10484 10572 10479
f 10489 10490 10481 10480
f 10481 10545 10540 10480
f 10569 10488 10489 10480
f 10490 10491 10482 10481
f 10482 10546 10545 10481
f 10491 10571 10483 10482
f 10483 10563 10546 10482
f 10571 10572 10484 10483
f 10484 10564 10563 10483
f 10485 10565 10564 10484
f 10486 10566 10565 10485
f 10487 10567 10566 10486
f 10570 10568 10567 10487
f 10496 10492 10489 10488
f 10569 10541 10501 10488
f 10501 10495 10496 10488
f 10492 10493 10490 10489
f 10501 10500 10497 10495
f 10500 10499 10498 10497
f 10499 10558 10559 10498
f 10500 10539 10503 10499
f 10503 10502 10558 10499
f 10501 10541 10539 10500
f 10504 10538 10558 10502
f 10506 10522 10538 10504
f 10521 10522 10506 10505
f 10508 10520 10521 10505
f 10537 10520 10508 10507
f 10509 10519 10537 10507
f 10510 10518 10519 10509
f 10512 10517 10518 10510
f 10516 10517 10512 10511
f 10530 10527 10514 10513
f 10515 10533 10530 10513
f 10527 10528 10516 10514
f 10531 10532 10533 10515
f 10528 10529 10517 10516
f 10529 10526 10518 10517
f 10526 10525 10519 10518
f 10525 10524 10537 10519
f 10523 10534 10521 10520
f 10537 10524 10523 10520
f 10534 10535 10522 10521
f 10535 10536 10538 10522
f 10559 10558 10538 10536
f 10563 10564 10543 10542
f 10564 10565 10544 10543
f 10565 10566 10560 10544
f 10560 10549 10548 10544
f 10549 10550 10557 10547
f 10560 10561 10550 10549
f 10561 10562 10551 10550
f 10562 10552 10553 10551
f 10556 10555 10554 10552
f 10562 10568 10556 10552
f 10566 10567 10561 10560
f 10567 10568 10562 10561
f 10579 10575 10576 10577
f 10573 10575 10579 10578
f 10580 10574 10573 10578
f 10622 10624 10625 10582
f 10585 10614 10615 10583
f 10621 10614 10585 10584
f 10586 10616 10621 10584
f 10589 10617 10616 10586
f 10619 10618 10588 10587
f 10590 10620 10619 10587
f 10618 10617 10589 10588
f 10593 10599 10620 10590
f 10597 10598 10592 10591
f 10598 10599 10593 10592
f 10602 10600 10596 10595
f 10600 10601 10597 10596
f 10601 10605 10598 10597
f 10605 10594 10599 10598
f 10594 10581 10620 10599
f 10604 10606 10601 10600
f 10602 10603 10604 10600
f 10608 10618 10619 10607
f 10619 10620 10581 10607
f 10609 10617 10618 10608
f 10610 10616 10617 10609
f 10611 10621 10616 10610
f 10612 10614 10621 10611
f 10613 10615 10614 10612
f 10627 10628 10615 10613
f 10623 10626 10624 10622
f 10628 10627 10626 10623
