-8.653799295425415039e-01 5.011137723922729492e-01 -1.610594568774104118e-03 1.393778016790747643e-03 -8.070921758189797401e-04 -9.999986886978149414e-01
-8.653796911239624023e-01 5.011135935783386230e-01 -1.809194334782660007e-03 1.565642538480460644e-03 -9.066133643500506878e-04 -9.999983906745910645e-01
-6.993333697319030762e-01 7.147936820983886719e-01 -1.717239734716713428e-03 1.200924860313534737e-03 -1.227474072948098183e-03 -9.999985694885253906e-01
-6.993333101272583008e-01 7.147936224937438965e-01 -1.761662657372653484e-03 1.231991220265626907e-03 -1.259227283298969269e-03 -9.999984502792358398e-01
-4.820743203163146973e-01 8.761286139488220215e-01 -1.728774863295257092e-03 8.333991863764822483e-04 -1.514631439931690693e-03 -9.999985098838806152e-01
-4.820743203163146973e-01 8.761286139488220215e-01 -1.728393021039664745e-03 8.332151337526738644e-04 -1.514296862296760082e-03 -9.999985098838806152e-01
-2.295119464397430420e-01 9.733043313026428223e-01 -1.747702131979167461e-03 4.011190903838723898e-04 -1.701048458926379681e-03 -9.999984502792358398e-01
-2.295119613409042358e-01 9.733043909072875977e-01 -1.704765483736991882e-03 3.912646207027137280e-04 -1.659258035942912102e-03 -9.999985694885253906e-01
3.985740989446640015e-02 9.992041587829589844e-01 -1.556133269332349300e-03 -6.202351505635306239e-05 -1.554896705783903599e-03 -9.999988079071044922e-01
3.985740989446640015e-02 9.992040991783142090e-01 -1.608755788765847683e-03 -6.412091897800564766e-05 -1.607477432116866112e-03 -9.999987483024597168e-01
8.197576403617858887e-01 5.727098584175109863e-01 8.729522814974188805e-04 7.156097562983632088e-04 4.999486263841390610e-04 -9.999996423721313477e-01
8.197576999664306641e-01 5.727098584175109863e-01 8.969662012532353401e-04 7.352953543886542320e-04 5.137016414664685726e-04 -9.999996423721313477e-01
9.662513136863708496e-01 2.575741410255432129e-01 -3.724167821928858757e-03 -3.598507726565003395e-03 -9.592561982572078705e-04 -9.999930858612060547e-01
9.662513732910156250e-01 2.575741708278656006e-01 -3.732113400474190712e-03 -3.606184851378202438e-03 -9.613026631996035576e-04 -9.999930262565612793e-01
9.999330639839172363e-01 -1.093200687319040298e-02 -3.791378811001777649e-03 -3.791152499616146088e-03 4.144768172409385443e-05 -9.999928474426269531e-01
9.999331235885620117e-01 -1.093200780451297760e-02 -3.786697518080472946e-03 -3.786471439525485039e-03 4.139650263823568821e-05 -9.999928474426269531e-01
9.603891372680664062e-01 -2.786374986171722412e-01 -3.728517564013600349e-03 -3.580852877348661423e-03 1.038912101648747921e-03 -9.999930858612060547e-01
9.603888988494873047e-01 -2.786374390125274658e-01 -3.790484974160790443e-03 -3.640366019681096077e-03 1.056178705766797066e-03 -9.999928474426269531e-01
8.505138754844665527e-01 -5.259373188018798828e-01 -4.017759114503860474e-03 -3.417187370359897614e-03 2.113106427714228630e-03 -9.999919533729553223e-01
8.505136370658874512e-01 -5.259371399879455566e-01 -4.084312822669744492e-03 -3.473792923614382744e-03 2.148109953850507736e-03 -9.999917149543762207e-01
6.783550977706909180e-01 -7.347216606140136719e-01 -4.297046922147274017e-03 -2.914950484409928322e-03 3.157162573188543320e-03 -9.999907612800598145e-01
6.783547997474670410e-01 -7.347213625907897949e-01 -4.399602767080068588e-03 -2.984520513564348221e-03 3.232513321563601494e-03 -9.999903440475463867e-01
1.746891289949417114e-01 9.846225380897521973e-01 -1.474727643653750420e-03 -2.576191618572920561e-04 -1.452051685191690922e-03 -9.999989271163940430e-01
1.746891438961029053e-01 9.846225976943969727e-01 -1.428799470886588097e-03 -2.495960216037929058e-04 -1.406829687766730785e-03 -9.999989867210388184e-01
-7.347224950790405273e-01 6.783574819564819336e-01 -3.752838354557752609e-03 2.757314126938581467e-03 -2.545783761888742447e-03 -9.999929666519165039e-01
-7.347224354743957520e-01 6.783574223518371582e-01 -3.777862759307026863e-03 2.775700530037283897e-03 -2.562759676948189735e-03 -9.999929070472717285e-01
-5.259364843368530273e-01 8.505156636238098145e-01 -3.747526556253433228e-03 1.970974961295723915e-03 -3.187352558597922325e-03 -9.999930262565612793e-01
-5.259364247322082520e-01 8.505156040191650391e-01 -3.770289476960897446e-03 1.982946647331118584e-03 -3.206712659448385239e-03 -9.999929070472717285e-01
-2.786369025707244873e-01 9.603903889656066895e-01 -3.437975188717246056e-03 9.579524048604071140e-04 -3.301817690953612328e-03 -9.999940991401672363e-01
-2.786369025707244873e-01 9.603903889656066895e-01 -3.445288632065057755e-03 9.599901968613266945e-04 -3.308841492980718613e-03 -9.999940991401672363e-01
-1.093091908842325211e-02 9.999352097511291504e-01 -3.184059401974081993e-03 3.480487066553905606e-05 -3.183869179338216782e-03 -9.999949336051940918e-01
-1.093091256916522980e-02 9.999346733093261719e-01 -3.353914944455027580e-03 3.666155680548399687e-05 -3.353714710101485252e-03 -9.999943971633911133e-01
2.575739026069641113e-01 9.662540555000305176e-01 -2.969268942251801491e-03 -7.648094324395060539e-04 -2.869080519303679466e-03 -9.999955892562866211e-01
2.575737237930297852e-01 9.662534594535827637e-01 -3.170239040628075600e-03 -8.165743201971054077e-04 -3.063269658014178276e-03 -9.999949932098388672e-01
-3.985529392957687378e-02 9.991852641105651855e-01 -6.360146217048168182e-03 2.534905797801911831e-04 -6.355091929435729980e-03 -9.999797940254211426e-01
-3.985526040196418762e-02 9.991844892501831055e-01 -6.473049987107515335e-03 2.579904976300895214e-04 -6.467906758189201355e-03 -9.999790787696838379e-01
2.295092791318893433e-01 9.732870459556579590e-01 -6.150620523840188980e-03 -1.411651144735515118e-03 -5.986432544887065887e-03 -9.999811053276062012e-01
2.295089960098266602e-01 9.732858538627624512e-01 -6.352521479129791260e-03 -1.457990147173404694e-03 -6.182943936437368393e-03 -9.999798536300659180e-01
4.820671081542968750e-01 8.761144280433654785e-01 -5.901315715163946152e-03 -2.844879869371652603e-03 -5.170317832380533218e-03 -9.999825954437255859e-01
4.820666611194610596e-01 8.761135935783386230e-01 -6.063951645046472549e-03 -2.923282561823725700e-03 -5.312807857990264893e-03 -9.999816417694091797e-01
6.993243694305419922e-01 7.147839665412902832e-01 -5.415905732661485672e-03 -3.787530353292822838e-03 -3.871259512379765511e-03 -9.999853372573852539e-01
6.993242502212524414e-01 7.147838473320007324e-01 -5.445948801934719086e-03 -3.808540757745504379e-03 -3.892734181135892868e-03 -9.999852180480957031e-01
8.653706312179565430e-01 5.011077523231506348e-01 -4.965558182448148727e-03 -4.297101404517889023e-03 -2.488310448825359344e-03 -9.999876618385314941e-01
8.653711080551147461e-01 5.011080503463745117e-01 -4.858431406319141388e-03 -4.204395692795515060e-03 -2.434627851471304893e-03 -9.999881982803344727e-01
4.123964533209800720e-02 9.991452693939208984e-01 -2.856751903891563416e-03 -1.178119127871468663e-04 -2.854321617633104324e-03 -9.999959468841552734e-01
4.123964905738830566e-02 9.991453886032104492e-01 -2.801835536956787109e-03 -1.155471836682409048e-04 -2.799452282488346100e-03 -9.999961256980895996e-01
-2.254672199487686157e-01 9.742468595504760742e-01 -2.762756776064634323e-03 6.229134742170572281e-04 -2.691617235541343689e-03 -9.999961853027343750e-01
-2.254672497510910034e-01 9.742469787597656250e-01 -2.718935487791895866e-03 6.130331894382834435e-04 -2.648924477398395538e-03 -9.999963045120239258e-01
-4.759957790374755859e-01 8.794434070587158203e-01 -2.713192254304885864e-03 1.291472697630524635e-03 -2.386107575148344040e-03 -9.999963045120239258e-01
-4.759957790374755859e-01 8.794434070587158203e-01 -2.713565248996019363e-03 1.291650230996310711e-03 -2.386435633525252342e-03 -9.999963045120239258e-01
-6.923708915710449219e-01 7.215362787246704102e-01 -2.816031686961650848e-03 1.949746161699295044e-03 -2.031877404078841209e-03 -9.999960660934448242e-01
-6.923708915710449219e-01 7.215362787246704102e-01 -2.830617129802703857e-03 1.959844725206494331e-03 -2.042401116341352463e-03 -9.999960064888000488e-01
-8.590647578239440918e-01 5.118601322174072266e-01 -2.624515909701585770e-03 2.254637191072106361e-03 -1.343389856629073620e-03 -9.999966025352478027e-01
-8.590642809867858887e-01 5.118598341941833496e-01 -2.848833100870251656e-03 2.447340637445449829e-03 -1.458209124393761158e-03 -9.999959468841552734e-01
-9.641206264495849609e-01 2.654522657394409180e-01 -2.560620428994297981e-03 2.468755003064870834e-03 -6.797247333452105522e-04 -9.999967217445373535e-01
-9.641203880310058594e-01 2.654522061347961426e-01 -2.657076111063361168e-03 2.561750356107950211e-03 -7.053291774354875088e-04 -9.999964833259582520e-01
-4.333466291427612305e-03 0.000000000000000000e+00 9.999906420707702637e-01 -9.999906420707702637e-01 0.000000000000000000e+00 -4.333466291427612305e-03
-4.513789433985948563e-03 -0.000000000000000000e+00 9.999898076057434082e-01 -9.999898076057434082e-01 0.000000000000000000e+00 -4.513789433985948563e-03
-9.641218185424804688e-01 -2.654526233673095703e-01 -2.032125135883688927e-03 1.959220273420214653e-03 5.394340259954333305e-04 -9.999979734420776367e-01
-9.641215801239013672e-01 -2.654525637626647949e-01 -2.114729955792427063e-03 2.038861624896526337e-03 5.613617831841111183e-04 -9.999977946281433105e-01
-8.590655922889709473e-01 -5.118605494499206543e-01 -2.266437280923128128e-03 1.947023323737084866e-03 1.160102779977023602e-03 -9.999974370002746582e-01
-8.590655326843261719e-01 -5.118604898452758789e-01 -2.299750456586480141e-03 1.975641585886478424e-03 1.177154597826302052e-03 -9.999973773956298828e-01
-6.923710107803344727e-01 -7.215363979339599609e-01 -2.760201226919889450e-03 1.911090570501983166e-03 1.991593278944492340e-03 -9.999961853027343750e-01
-6.923707723617553711e-01 -7.215361595153808594e-01 -2.869294956326484680e-03 1.986624207347631454e-03 2.070308662950992584e-03 -9.999958872795104980e-01
-4.759953320026397705e-01 -8.794425725936889648e-01 -3.031174885109066963e-03 1.442831708118319511e-03 2.665756503120064735e-03 -9.999954104423522949e-01
-4.759951233863830566e-01 -8.794422149658203125e-01 -3.181933891028165817e-03 1.514592557214200497e-03 2.798340981826186180e-03 -9.999949932098388672e-01
-2.254666984081268311e-01 -9.742457866668701172e-01 -3.162676002830266953e-03 7.130816229619085789e-04 3.081238828599452972e-03 -9.999949932098388672e-01
-2.254666835069656372e-01 -9.742457270622253418e-01 -3.175445832312107086e-03 7.159608067013323307e-04 3.093679901212453842e-03 -9.999949336051940918e-01
4.123937711119651794e-02 -9.991456270217895508e-01 -2.709337277337908745e-03 -1.117318024626001716e-04 2.707032719627022743e-03 -9.999963641166687012e-01
4.123939573764801025e-02 -9.991460442543029785e-01 -2.550712088122963905e-03 -1.051901781465858221e-04 2.548542572185397148e-03 -9.999967813491821289e-01
-1.746838092803955078e-01 9.845960140228271484e-01 -7.501147687435150146e-03 1.310365973040461540e-03 -7.385808043181896210e-03 -9.999718666076660156e-01
-1.746841520071029663e-01 9.845979213714599609e-01 -7.239094935357570648e-03 1.264588441699743271e-03 -7.127785123884677887e-03 -9.999738335609436035e-01
1.746883541345596313e-01 -9.846216440200805664e-01 -2.076623262837529182e-03 -3.627626865636557341e-04 2.044692635536193848e-03 -9.999978542327880859e-01
1.746882945299148560e-01 -9.846212863922119141e-01 -2.230218378826975822e-03 -3.895940026268362999e-04 2.195925917476415634e-03 -9.999974966049194336e-01
-4.123809561133384705e-02 -9.991077780723571777e-01 -9.119890630245208740e-03 3.761026018764823675e-04 9.112133644521236420e-03 -9.999584555625915527e-01
-4.123810306191444397e-02 -9.991079568862915039e-01 -9.102081879973411560e-03 3.753681667149066925e-04 9.094338864088058472e-03 -9.999585747718811035e-01
2.254596203565597534e-01 -9.742139577865600586e-01 -8.667499758303165436e-03 -1.954244449734687805e-03 8.444316685199737549e-03 -9.999624490737915039e-01
2.254593968391418457e-01 -9.742130637168884277e-01 -8.775111287832260132e-03 -1.978507498279213905e-03 8.549156598746776581e-03 -9.999614953994750977e-01
4.759809076786041260e-01 -8.794159889221191406e-01 -8.350282907485961914e-03 -3.974713850766420364e-03 7.343627978116273880e-03 -9.999651312828063965e-01
4.759805798530578613e-01 -8.794153332710266113e-01 -8.433335460722446442e-03 -4.014247097074985504e-03 7.416668813675642014e-03 -9.999644756317138672e-01
6.923518180847167969e-01 -7.215163707733154297e-01 -7.939788512885570526e-03 -5.497300066053867340e-03 5.728868301957845688e-03 -9.999684691429138184e-01
6.923515200614929199e-01 -7.215160727500915527e-01 -7.994962856173515320e-03 -5.535501521080732346e-03 5.768678616732358932e-03 -9.999680519104003906e-01
8.590431809425354004e-01 -5.118472576141357422e-01 -7.562396582216024399e-03 -6.496611516922712326e-03 3.870903048664331436e-03 -9.999714493751525879e-01
8.590430617332458496e-01 -5.118472576141357422e-01 -7.585485931485891342e-03 -6.516446359455585480e-03 3.882721299305558205e-03 -9.999712705612182617e-01
9.640991091728210449e-01 -2.654463350772857666e-01 -7.150223478674888611e-03 -6.893700920045375824e-03 1.898049376904964447e-03 -9.999744892120361328e-01
9.640989303588867188e-01 -2.654462754726409912e-01 -7.184934802353382111e-03 -6.927166599780321121e-03 1.907263416796922684e-03 -9.999741911888122559e-01
-8.387032896280288696e-03 0.000000000000000000e+00 -9.999648332595825195e-01 -9.999648332595825195e-01 0.000000000000000000e+00 8.387032896280288696e-03
-8.445803076028823853e-03 0.000000000000000000e+00 -9.999643564224243164e-01 -9.999643564224243164e-01 0.000000000000000000e+00 8.445803076028823853e-03
9.641034603118896484e-01 2.654475569725036621e-01 -6.498058326542377472e-03 -6.264932453632354736e-03 -1.724930130876600742e-03 -9.999788999557495117e-01
9.641029834747314453e-01 2.654474377632141113e-01 -6.566187832504510880e-03 -6.330618169158697128e-03 -1.743015367537736893e-03 -9.999784827232360840e-01
8.590476512908935547e-01 5.118498802185058594e-01 -6.846681237220764160e-03 -5.881763529032468796e-03 -3.504554973915219307e-03 -9.999765753746032715e-01
8.590482473373413086e-01 5.118501782417297363e-01 -6.745032500475645065e-03 -5.794440861791372299e-03 -3.452525008469820023e-03 -9.999772906303405762e-01
6.923562884330749512e-01 7.215210199356079102e-01 -7.087676785886287689e-03 -4.907320719212293625e-03 -5.114036146551370621e-03 -9.999749064445495605e-01
6.923558115959167480e-01 7.215205430984497070e-01 -7.176611106842756271e-03 -4.968896508216857910e-03 -5.178205668926239014e-03 -9.999742507934570312e-01
4.759843051433563232e-01 8.794222474098205566e-01 -7.451334036886692047e-03 -3.546816529706120491e-03 -6.553050596266984940e-03 -9.999722838401794434e-01
4.759839773178100586e-01 8.794216513633728027e-01 -7.544600870460271835e-03 -3.591211279854178429e-03 -6.635073572397232056e-03 -9.999715685844421387e-01
2.254612594842910767e-01 9.742223024368286133e-01 -7.623250596225261688e-03 -1.718797720968723297e-03 -7.426957134157419205e-03 -9.999709725379943848e-01
2.254610210657119751e-01 9.742212295532226562e-01 -7.769149262458086014e-03 -1.751693082042038441e-03 -7.569098379462957382e-03 -9.999698400497436523e-01
-4.123834148049354553e-02 9.991205334663391113e-01 -7.589309476315975189e-03 3.129795659333467484e-04 -7.582853548228740692e-03 -9.999712109565734863e-01
-4.123828187584877014e-02 9.991190433502197266e-01 -7.785791531205177307e-03 3.210823924746364355e-04 -7.779168430715799332e-03 -9.999697208404541016e-01
7.356662750244140625e-01 6.773440837860107422e-01 -3.628080885391682386e-04 -2.669056993909180164e-04 -2.457459340803325176e-04 -9.999999403953552246e-01
7.356662750244140625e-01 6.773440837860107422e-01 -3.347332240082323551e-04 -2.462519623804837465e-04 -2.267295931233093143e-04 -9.999999403953552246e-01
5.294695496559143066e-01 8.483287692070007324e-01 -5.231043905951082706e-04 -2.769678831100463867e-04 -4.437645548023283482e-04 -9.999998807907104492e-01
5.294695496559143066e-01 8.483287692070007324e-01 -6.416139658540487289e-04 -3.397150721866637468e-04 -5.442996043711900711e-04 -9.999998211860656738e-01
2.852807044982910156e-01 9.584437608718872070e-01 -7.407354423776268959e-04 -2.113175723934546113e-04 -7.099534268490970135e-04 -9.999997615814208984e-01
2.852806746959686279e-01 9.584436416625976562e-01 -8.575639221817255020e-04 -2.446464786771684885e-04 -8.219269802793860435e-04 -9.999996423721313477e-01
2.062525413930416107e-02 9.997867941856384277e-01 -9.931296808645129204e-04 -2.048356145678553730e-05 -9.929183870553970337e-04 -9.999995231628417969e-01
2.062525041401386261e-02 9.997866749763488770e-01 -1.092555350624024868e-03 -2.253424281661864370e-05 -1.092322985641658306e-03 -9.999994039535522461e-01
-2.455149888992309570e-01 9.693921208381652832e-01 -1.155273523181676865e-03 2.836371422745287418e-04 -1.119913766160607338e-03 -9.999993443489074707e-01
-2.455149590969085693e-01 9.693920016288757324e-01 -1.232449663802981377e-03 3.025850746780633926e-04 -1.194727839902043343e-03 -9.999992251396179199e-01
-4.940323233604431152e-01 8.694425225257873535e-01 -1.351260463707149029e-03 6.675669574178755283e-04 -1.174844335764646530e-03 -9.999991059303283691e-01
-4.940322637557983398e-01 8.694424033164978027e-01 -1.428443938493728638e-03 7.056980975903570652e-04 -1.241951016709208488e-03 -9.999989867210388184e-01
-7.071065902709960938e-01 7.071054577827453613e-01 -1.476541743613779545e-03 1.044073491357266903e-03 -1.044071861542761326e-03 -9.999989271163940430e-01
-7.071064114570617676e-01 7.071052789688110352e-01 -1.629559905268251896e-03 1.152273849584162235e-03 -1.152271986939013004e-03 -9.999986886978149414e-01
-8.694416284561157227e-01 4.940329492092132568e-01 -1.679704291746020317e-03 1.460406696423888206e-03 -8.298303582705557346e-04 -9.999985694885253906e-01
-8.694413304328918457e-01 4.940327703952789307e-01 -1.808888278901576996e-03 1.572725130245089531e-03 -8.936517406255006790e-04 -9.999983906745910645e-01
-9.693918228149414062e-01 2.455126494169235229e-01 -1.765328692272305489e-03 1.711297780275344849e-03 -4.334112163633108139e-04 -9.999984502792358398e-01
-9.693916440010070801e-01 2.455126196146011353e-01 -1.849058666266500950e-03 1.792465220205485821e-03 -4.539680376183241606e-04 -9.999983310699462891e-01
-9.997854232788085938e-01 -2.062297798693180084e-02 -1.946774078533053398e-03 1.946360105648636818e-03 4.014835576526820660e-05 -9.999980926513671875e-01
-9.997854232788085938e-01 -2.062297798693180084e-02 -1.962055917829275131e-03 1.961638685315847397e-03 4.046351386932656169e-05 -9.999980926513671875e-01
-9.584419131278991699e-01 -2.852804958820343018e-01 -2.040049759671092033e-03 1.955273095518350601e-03 5.819874932058155537e-04 -9.999979138374328613e-01
-9.584417939186096191e-01 -2.852804362773895264e-01 -2.110535744577646255e-03 2.022830070927739143e-03 6.020958535373210907e-04 -9.999977946281433105e-01
-8.483266830444335938e-01 -5.294682383537292480e-01 -2.296340418979525566e-03 1.948051969520747662e-03 1.215842436067759991e-03 -9.999973773956298828e-01
-8.483264446258544922e-01 -5.294681191444396973e-01 -2.415770199149847031e-03 2.049367642030119896e-03 1.279076910577714443e-03 -9.999971389770507812e-01
-6.773419380187988281e-01 -7.356626987457275391e-01 -2.877664286643266678e-03 1.949170720763504505e-03 2.116999123245477676e-03 -9.999958872795104980e-01
-6.773418188095092773e-01 -7.356625199317932129e-01 -2.948584733530879021e-03 1.997208455577492714e-03 2.169172745198011398e-03 -9.999956488609313965e-01
3.985603153705596924e-02 -9.992038607597351074e-01 -1.771099865436553955e-03 -7.058912160573527217e-05 1.769692520610988140e-03 -9.999984502792358398e-01
3.985603898763656616e-02 -9.992040395736694336e-01 -1.664522103965282440e-03 -6.634135206695646048e-05 1.663199509494006634e-03 -9.999986290931701660e-01
-2.295132577419281006e-01 -9.733039736747741699e-01 -1.769006485119462013e-03 4.060110659338533878e-04 1.721783657558262348e-03 -9.999984502792358398e-01
-2.295132279396057129e-01 -9.733038544654846191e-01 -1.816104981116950512e-03 4.168208397459238768e-04 1.767624984495341778e-03 -9.999983906745910645e-01
-4.820749163627624512e-01 -8.761286139488220215e-01 -1.597369788214564323e-03 7.700528367422521114e-04 1.399503089487552643e-03 -9.999987483024597168e-01
-4.820747971534729004e-01 -8.761283755302429199e-01 -1.735444297082722187e-03 8.366152178496122360e-04 1.520474324934184551e-03 -9.999985098838806152e-01
-6.993342638015747070e-01 -7.147940993309020996e-01 -9.879216086119413376e-04 6.908877985551953316e-04 7.061609067022800446e-04 -9.999995231628417969e-01
-6.993342041969299316e-01 -7.147940397262573242e-01 -1.093019032850861549e-03 7.643860299140214920e-04 7.812839467078447342e-04 -9.999994039535522461e-01
-8.653813004493713379e-01 -5.011139512062072754e-01 -3.653243184089660645e-04 3.161448112223297358e-04 1.830691035138443112e-04 -9.999999403953552246e-01
-8.653811812400817871e-01 -5.011138916015625000e-01 -5.161174922250211239e-04 4.466384125407785177e-04 2.586336631793528795e-04 -9.999998807907104492e-01
-1.746846288442611694e-01 -9.845971465110778809e-01 -7.331009022891521454e-03 1.280648983083665371e-03 7.218284532427787781e-03 -9.999731183052062988e-01
-1.746846437454223633e-01 -9.845972061157226562e-01 -7.325922604650259018e-03 1.279760501347482204e-03 7.213276345282793045e-03 -9.999731779098510742e-01
-9.662579894065856934e-01 -2.575759291648864746e-01 4.830101970583200455e-04 -4.667125176638364792e-04 -1.244118175236508250e-04 -9.999998807907104492e-01
-9.662580490112304688e-01 -2.575759291648864746e-01 3.740330575965344906e-04 -3.614124725572764874e-04 -9.634192247176542878e-05 -9.999999403953552246e-01
-9.999400973320007324e-01 1.093208417296409607e-02 5.700289038941264153e-04 -5.699949106201529503e-04 6.231605311768362299e-06 -9.999998807907104492e-01
-9.999402165412902832e-01 1.093208510428667068e-02 4.200140247121453285e-04 -4.199889372102916241e-04 4.591629476635716856e-06 -9.999999403953552246e-01
-9.603956341743469238e-01 2.786394059658050537e-01 6.567332311533391476e-04 -6.307237781584262848e-04 1.829917600844055414e-04 -9.999997615814208984e-01
-9.603956937789916992e-01 2.786394059658050537e-01 4.802584298886358738e-04 -4.612381744664162397e-04 1.338189322268590331e-04 -9.999998807907104492e-01
-8.505205512046813965e-01 5.259414315223693848e-01 6.112919654697179794e-04 -5.199164734221994877e-04 3.215038450434803963e-04 -9.999998211860656738e-01
-8.505206108093261719e-01 5.259414911270141602e-01 4.797142173629254103e-04 -4.080068902112543583e-04 2.523016300983726978e-04 -9.999998807907104492e-01
-6.783612966537475586e-01 7.347283959388732910e-01 5.092037608847022057e-04 -3.454241668805480003e-04 3.741264808923006058e-04 -9.999998807907104492e-01
-6.783612370491027832e-01 7.347283363342285156e-01 6.662363302893936634e-04 -4.519489593803882599e-04 4.895027959719300270e-04 -9.999998211860656738e-01
8.653767108917236328e-01 -5.011119246482849121e-01 -3.171435790136456490e-03 -2.744500525295734406e-03 1.589252264238893986e-03 -9.999949932098388672e-01
8.653764724731445312e-01 -5.011117458343505859e-01 -3.263487946242094040e-03 -2.824160736054182053e-03 1.635380904190242290e-03 -9.999946951866149902e-01
6.993293166160583496e-01 -7.147896289825439453e-01 -3.792704083025455475e-03 -2.652368508279323578e-03 2.711005276069045067e-03 -9.999928474426269531e-01
6.993289589881896973e-01 -7.147892713546752930e-01 -3.910827916115522385e-03 -2.734976820647716522e-03 2.795439679175615311e-03 -9.999923706054687500e-01
4.820705056190490723e-01 -8.761216998100280762e-01 -4.344325046986341476e-03 -2.094290684908628464e-03 3.806193126365542412e-03 -9.999905824661254883e-01
4.820700883865356445e-01 -8.761209249496459961e-01 -4.530196543782949448e-03 -2.183894626796245575e-03 3.969040699303150177e-03 -9.999897480010986328e-01
2.295095026493072510e-01 -9.732939004898071289e-01 -4.944019019603729248e-03 -1.134713063947856426e-03 4.812041763216257095e-03 -9.999877810478210449e-01
2.295093536376953125e-01 -9.732933044433593750e-01 -5.066367797553539276e-03 -1.162793720141053200e-03 4.931124858558177948e-03 -9.999871850013732910e-01
-3.985685110092163086e-02 -9.991900920867919922e-01 -5.538129713386297226e-03 2.207357611041516066e-04 5.533728282898664474e-03 -9.999846816062927246e-01
-3.985684365034103394e-02 -9.991898536682128906e-01 -5.581438541412353516e-03 2.224619383923709393e-04 5.577002651989459991e-03 -9.999844431877136230e-01
-5.727099776268005371e-01 8.197579383850097656e-01 5.469719180837273598e-04 -3.132563724648207426e-04 4.483846714720129967e-04 -9.999998807907104492e-01
-5.727099776268005371e-01 8.197579383850097656e-01 5.565877072513103485e-04 -3.187634283676743507e-04 4.562672984320670366e-04 -9.999998807907104492e-01
6.783621311187744141e-01 7.347275614738464355e-01 -4.820694739464670420e-04 -3.270177694503217936e-04 -3.541898331604897976e-04 -9.999998807907104492e-01
6.783621311187744141e-01 7.347275614738464355e-01 -6.068022921681404114e-04 -4.116317722946405411e-04 -4.458344483282417059e-04 -9.999998211860656738e-01
8.505215644836425781e-01 5.259401202201843262e-01 -2.988332125823944807e-04 -2.541641297284513712e-04 -1.571684115333482623e-04 -1.000000000000000000e+00
8.505214452743530273e-01 5.259400606155395508e-01 -5.826685228385031223e-04 -4.955721669830381870e-04 -3.064487827941775322e-04 -9.999998211860656738e-01
9.603959918022155762e-01 2.786385416984558105e-01 -4.393889394123107195e-04 -4.219874099362641573e-04 -1.224307052325457335e-04 -9.999999403953552246e-01
9.603959321975708008e-01 2.786385118961334229e-01 -5.005974089726805687e-04 -4.807717632502317429e-04 -1.394857390550896525e-04 -9.999998807907104492e-01
9.999400377273559570e-01 1.093097124248743057e-02 -6.576020969077944756e-04 -6.575628649443387985e-04 -7.188231847976567224e-06 -9.999998211860656738e-01
9.999399781227111816e-01 1.093097124248743057e-02 -8.029152522794902325e-04 -8.028672891668975353e-04 -8.776645699981600046e-06 -9.999997019767761230e-01
9.662575721740722656e-01 -2.575748264789581299e-01 -1.226993044838309288e-03 -1.185592031106352806e-03 3.160427149850875139e-04 -9.999992251396179199e-01
9.662575125694274902e-01 -2.575747966766357422e-01 -1.325548393651843071e-03 -1.280821976251900196e-03 3.414280945435166359e-04 -9.999991059303283691e-01
-8.197549581527709961e-01 5.727086067199707031e-01 -2.597240032628178596e-03 2.129107480868697166e-03 -1.487466623075306416e-03 -9.999966621398925781e-01
-8.197553753852844238e-01 5.727089047431945801e-01 -2.378260716795921326e-03 1.949597499333322048e-03 -1.362054958008229733e-03 -9.999971985816955566e-01
-5.727084875106811523e-01 -8.197548389434814453e-01 -2.661618404090404510e-03 1.524336868897080421e-03 2.181882271543145180e-03 -9.999964833259582520e-01
-5.727087855339050293e-01 -8.197551965713500977e-01 -2.486253390088677406e-03 1.423903275281190872e-03 2.038125181570649147e-03 -9.999969005584716797e-01
6.773344278335571289e-01 -7.356557846069335938e-01 -5.355631466954946518e-03 -3.627605736255645752e-03 3.939958289265632629e-03 -9.999856948852539062e-01
6.773342490196228027e-01 -7.356556057929992676e-01 -5.401445087045431137e-03 -3.658637171611189842e-03 3.973661456257104874e-03 -9.999853968620300293e-01
8.483182787895202637e-01 -5.294629931449890137e-01 -5.011991132050752640e-03 -4.251816775649785995e-03 2.653697039932012558e-03 -9.999874830245971680e-01
8.483181595802307129e-01 -5.294629335403442383e-01 -5.040293559432029724e-03 -4.275826271623373032e-03 2.668682020157575607e-03 -9.999873042106628418e-01
9.584333896636962891e-01 -2.852776050567626953e-01 -4.712454508990049362e-03 -4.516623914241790771e-03 1.344372634775936604e-03 -9.999889135360717773e-01
9.584330916404724121e-01 -2.852775156497955322e-01 -4.775477573275566101e-03 -4.577027633786201477e-03 1.362351933494210243e-03 -9.999886155128479004e-01
9.997766017913818359e-01 -2.062504366040229797e-02 -4.628250375390052795e-03 -4.627265967428684235e-03 9.545888315187767148e-05 -9.999893307685852051e-01
9.997760057449340820e-01 -2.062503062188625336e-02 -4.751077853143215179e-03 -4.750067368149757385e-03 9.799223334994167089e-05 -9.999887347221374512e-01
9.693822264671325684e-01 2.455124706029891968e-01 -4.671984817832708359e-03 -4.528988152742385864e-03 -1.147043076343834400e-03 -9.999890923500061035e-01
9.693822860717773438e-01 2.455124855041503906e-01 -4.654656630009412766e-03 -4.512190353125333786e-03 -1.142788678407669067e-03 -9.999891519546508789e-01
8.694331645965576172e-01 4.940270185470581055e-01 -4.820843692868947983e-03 -4.191450309008359909e-03 -2.381654689088463783e-03 -9.999883770942687988e-01
8.694331645965576172e-01 4.940270185470581055e-01 -4.819042980670928955e-03 -4.189884755760431290e-03 -2.380765043199062347e-03 -9.999883770942687988e-01
7.070982456207275391e-01 7.070993781089782715e-01 -4.761429037898778915e-03 -3.366836113855242729e-03 -3.366841468960046768e-03 -9.999886751174926758e-01
7.070981264114379883e-01 7.070992588996887207e-01 -4.798077978193759918e-03 -3.392750862985849380e-03 -3.392756218090653419e-03 -9.999884963035583496e-01
4.940277934074401855e-01 8.694325685501098633e-01 -4.861652851104736328e-03 -2.401819918304681778e-03 -4.226929042488336563e-03 -9.999881982803344727e-01
4.940274953842163086e-01 8.694320321083068848e-01 -4.984833300113677979e-03 -2.462675329297780991e-03 -4.334027413278818130e-03 -9.999876022338867188e-01
2.455100417137145996e-01 9.693814516067504883e-01 -4.944093059748411179e-03 -1.213839277625083923e-03 -4.792770836502313614e-03 -9.999877810478210449e-01
2.455099076032638550e-01 9.693809747695922852e-01 -5.047549493610858917e-03 -1.239239238202571869e-03 -4.893060773611068726e-03 -9.999872446060180664e-01
-2.062276564538478851e-02 9.997751116752624512e-01 -4.945504944771528244e-03 1.019912306219339371e-04 -4.944453015923500061e-03 -9.999877810478210449e-01
-2.062275074422359467e-02 9.997744560241699219e-01 -5.079721566289663315e-03 1.047591867973096669e-04 -5.078641232103109360e-03 -9.999871253967285156e-01
-2.852778434753417969e-01 9.584330320358276367e-01 -4.768614191561937332e-03 1.360395341180264950e-03 -4.570449236780405045e-03 -9.999886751174926758e-01
-2.852776646614074707e-01 9.584323763847351074e-01 -4.909308627247810364e-03 1.400532666593790054e-03 -4.705296363681554794e-03 -9.999879598617553711e-01
-5.294638872146606445e-01 8.483197093009948730e-01 -4.659561906009912491e-03 2.467096317559480667e-03 -3.952840808779001236e-03 -9.999891519546508789e-01
-5.294638276100158691e-01 8.483196496963500977e-01 -4.671099595725536346e-03 2.473205327987670898e-03 -3.962628543376922607e-03 -9.999890923500061035e-01
-7.356583476066589355e-01 6.773379445075988770e-01 -4.479771014302968979e-03 3.295614151284098625e-03 -3.034349298104643822e-03 -9.999899864196777344e-01
-7.356583476066589355e-01 6.773379445075988770e-01 -4.490646533668041229e-03 3.303614910691976547e-03 -3.041715826839208603e-03 -9.999899268150329590e-01
8.197575807571411133e-01 -5.727104544639587402e-01 5.406667478382587433e-04 4.432157438714057207e-04 -3.096455184277147055e-04 -9.999998807907104492e-01
8.197575211524963379e-01 -5.727103948593139648e-01 6.742852274328470230e-04 5.527504836209118366e-04 -3.861702280119061470e-04 -9.999997615814208984e-01
7.347273826599121094e-01 -6.783619523048400879e-01 8.941266569308936596e-04 6.569396355189383030e-04 -6.065418128855526447e-04 -9.999996423721313477e-01
7.347274422645568848e-01 -6.783620119094848633e-01 8.196436683647334576e-04 6.022149464115500450e-04 -5.560154095292091370e-04 -9.999997019767761230e-01
5.259400606155395508e-01 -8.505214452743530273e-01 7.099672802723944187e-04 3.734003112185746431e-04 -6.038425490260124207e-04 -9.999997615814208984e-01
5.259400606155395508e-01 -8.505214452743530273e-01 7.032802677713334560e-04 3.698833461385220289e-04 -5.981550784781575203e-04 -9.999997615814208984e-01
2.786385118961334229e-01 -9.603959918022155762e-01 3.507302317302674055e-04 9.772695921128615737e-05 -3.368399338796734810e-04 -9.999999403953552246e-01
2.786385118961334229e-01 -9.603959918022155762e-01 2.714400761760771275e-04 7.563367398688569665e-05 -2.606899943202733994e-04 -1.000000000000000000e+00
1.093097403645515442e-02 -9.999402761459350586e-01 7.925798126962035894e-05 8.663669177622068673e-07 -7.925324462121352553e-05 -1.000000000000000000e+00
1.093097403645515442e-02 -9.999402761459350586e-01 9.867675544228404760e-05 1.078633090401126537e-06 -9.867086191661655903e-05 -1.000000000000000000e+00
-2.575750052928924561e-01 -9.662582874298095703e-01 1.236824173247441649e-04 -3.185750028933398426e-05 -1.195091608678922057e-04 -1.000000000000000000e+00
-2.575750052928924561e-01 -9.662582874298095703e-01 1.102923197322525084e-04 -2.840854540409054607e-05 -1.065708711394108832e-04 -1.000000000000000000e+00
-6.783602237701416016e-01 -7.347254753112792969e-01 -2.430459018796682358e-03 1.648731762543320656e-03 1.785725587978959084e-03 -9.999970793724060059e-01
-6.783600449562072754e-01 -7.347252964973449707e-01 -2.537067281082272530e-03 1.721050706692039967e-03 1.864053541794419289e-03 -9.999967813491821289e-01
-8.505200743675231934e-01 -5.259392261505126953e-01 -1.882410142570734024e-03 1.601030700840055943e-03 9.900352451950311661e-04 -9.999982714653015137e-01
-8.505198955535888672e-01 -5.259391069412231445e-01 -2.027799142524600029e-03 1.724687055684626102e-03 1.066501019522547722e-03 -9.999979734420776367e-01
-9.603947997093200684e-01 -2.786381840705871582e-01 -1.632873434573411942e-03 1.568205188959836960e-03 4.549814620986580849e-04 -9.999986886978149414e-01
-9.603948593139648438e-01 -2.786382138729095459e-01 -1.609956845641136169e-03 1.546196173876523972e-03 4.485960234887897968e-04 -9.999987483024597168e-01
-9.999392628669738770e-01 -1.093096286058425903e-02 -1.421277178451418877e-03 1.421192311681807041e-03 1.553594483993947506e-05 -9.999989867210388184e-01
-9.999390244483947754e-01 -1.093096006661653519e-02 -1.571977976709604263e-03 1.571884262375533581e-03 1.718325256661046296e-05 -9.999988079071044922e-01
-9.662573337554931641e-01 2.575747370719909668e-01 -1.425235765054821968e-03 1.377145876176655293e-03 -3.671051235869526863e-04 -9.999989867210388184e-01
-9.662572145462036133e-01 2.575747370719909668e-01 -1.529511180706322193e-03 1.477902755141258240e-03 -3.939638263545930386e-04 -9.999988079071044922e-01
-7.356662154197692871e-01 -6.773440241813659668e-01 -5.463077686727046967e-04 4.019002662971615791e-04 3.700383822433650494e-04 -9.999998807907104492e-01
-7.356662750244140625e-01 -6.773440837860107422e-01 -5.084006115794181824e-04 3.740132087841629982e-04 3.443621681071817875e-04 -9.999998807907104492e-01
-5.294693112373352051e-01 -8.483284115791320801e-01 -1.061380491591989994e-03 5.619687144644558430e-04 9.003997547551989555e-04 -9.999994635581970215e-01
-5.294693112373352051e-01 -8.483284115791320801e-01 -1.089818193577229977e-03 5.770256393589079380e-04 9.245242690667510033e-04 -9.999994039535522461e-01
-2.852805554866790771e-01 -9.584432840347290039e-01 -1.237824442796409130e-03 3.531275142449885607e-04 1.186385401524603367e-03 -9.999992251396179199e-01
-2.852804958820343018e-01 -9.584431052207946777e-01 -1.374380430206656456e-03 3.920843009836971760e-04 1.317266724072396755e-03 -9.999990463256835938e-01
-2.062524855136871338e-02 -9.997865557670593262e-01 -1.201729988679289818e-03 2.478599708410911262e-05 1.201474340632557869e-03 -9.999992847442626953e-01
-2.062524855136871338e-02 -9.997865557670593262e-01 -1.214888761751353741e-03 2.505740121705457568e-05 1.214630319736897945e-03 -9.999992847442626953e-01
2.455150336027145386e-01 -9.693922996520996094e-01 -1.002024160698056221e-03 -2.460121177136898041e-04 9.713550098240375519e-04 -9.999995231628417969e-01
2.455150187015533447e-01 -9.693922400474548340e-01 -1.043276861310005188e-03 -2.561402798164635897e-04 1.011345069855451584e-03 -9.999994635581970215e-01
4.940326809883117676e-01 -8.694431185722351074e-01 -6.124140345491468906e-04 -3.025525948032736778e-04 5.324592930264770985e-04 -9.999998211860656738e-01
4.940326809883117676e-01 -8.694431185722351074e-01 -6.372309871949255466e-04 -3.148129908367991447e-04 5.540362326428294182e-04 -9.999998211860656738e-01
7.071073651313781738e-01 -7.071062326431274414e-01 -2.164665347663685679e-04 -1.530650770291686058e-04 1.530648296466097236e-04 -1.000000000000000000e+00
7.071073651313781738e-01 -7.071062326431274414e-01 -2.619201550260186195e-04 -1.852056448115035892e-04 1.852053537731990218e-04 -9.999999403953552246e-01
8.694428205490112305e-01 -4.940336346626281738e-01 9.036445408128201962e-05 7.856672891648486257e-05 -4.464307858143001795e-05 -1.000000000000000000e+00
8.694428205490112305e-01 -4.940336346626281738e-01 7.720258145127445459e-05 6.712323374813422561e-05 -3.814067167695611715e-05 -1.000000000000000000e+00
9.693931937217712402e-01 -2.455130070447921753e-01 5.020983517169952393e-04 4.867307725362479687e-04 -1.232716895174235106e-04 -9.999998807907104492e-01
9.693931937217712402e-01 -2.455130070447921753e-01 4.520957882050424814e-04 4.382586630526930094e-04 -1.109954173443838954e-04 -9.999999403953552246e-01
9.997869133949279785e-01 2.062300778925418854e-02 9.031616500578820705e-04 9.029695647768676281e-04 1.862591852841433138e-05 -9.999995827674865723e-01
9.997870922088623047e-01 2.062301337718963623e-02 7.514425087720155716e-04 7.512827287428081036e-04 1.549701300973538309e-05 -9.999997615814208984e-01
9.584436416625976562e-01 2.852810025215148926e-01 7.589970482513308525e-04 7.274560048244893551e-04 2.165274636354297400e-04 -9.999997019767761230e-01
9.584437012672424316e-01 2.852810323238372803e-01 6.842492148280143738e-04 6.558144232258200645e-04 1.952033198904246092e-04 -9.999997615814208984e-01
8.483287692070007324e-01 5.294695496559143066e-01 6.229910068213939667e-04 5.285012302920222282e-04 3.298547817394137383e-04 -9.999998211860656738e-01
8.483288288116455078e-01 5.294695496559143066e-01 5.662063485942780972e-04 4.803291521966457367e-04 2.997890114784240723e-04 -9.999998211860656738e-01
6.773447394371032715e-01 7.356657385826110840e-01 2.238118468085303903e-04 1.515977783128619194e-04 1.646507007535547018e-04 -1.000000000000000000e+00
6.773447394371032715e-01 7.356657385826110840e-01 2.262476045871153474e-04 1.532476308057084680e-04 1.664426090428605676e-04 -1.000000000000000000e+00
5.727033019065856934e-01 -8.197483420372009277e-01 -4.868726246058940887e-03 -2.788368845358490944e-03 3.991178236901760101e-03 -9.999881982803344727e-01
5.727035999298095703e-01 -8.197486996650695801e-01 -4.748694598674774170e-03 -2.719625597819685936e-03 3.892780980095267296e-03 -9.999887347221374512e-01
-5.011139512062072754e-01 -8.653802275657653809e-01 1.381651032716035843e-03 -6.923652836121618748e-04 -1.195654622279107571e-03 -9.999990463256835938e-01
-5.011140704154968262e-01 -8.653804659843444824e-01 1.196027500554919243e-03 -5.993466475047171116e-04 -1.035019522532820702e-03 -9.999992847442626953e-01
-7.147933244705200195e-01 -6.993330121040344238e-01 1.984948758035898209e-03 -1.418830943293869495e-03 -1.388142933137714863e-03 -9.999980330467224121e-01
-7.147935032844543457e-01 -6.993331909179687500e-01 1.855003996752202511e-03 -1.325947232544422150e-03 -1.297268201597034931e-03 -9.999983310699462891e-01
-8.761273622512817383e-01 -4.820736348628997803e-01 2.411646069958806038e-03 -2.112915273755788803e-03 -1.162594417110085487e-03 -9.999970793724060059e-01
-8.761275410652160645e-01 -4.820737242698669434e-01 2.338125836104154587e-03 -2.048502210527658463e-03 -1.127152238041162491e-03 -9.999973177909851074e-01
-9.733025431632995605e-01 -2.295115441083908081e-01 2.567882183939218521e-03 -2.499334514141082764e-03 -5.893605411984026432e-04 -9.999967217445373535e-01
-9.733024239540100098e-01 -2.295114994049072266e-01 2.633057301864027977e-03 -2.562769921496510506e-03 -6.043190369382500648e-04 -9.999965429306030273e-01
-9.992015957832336426e-01 3.985730931162834167e-02 2.759528346359729767e-03 -2.757335314527153969e-03 1.099877772503532469e-04 -9.999961853027343750e-01
-9.992016553878784180e-01 3.985730931162834167e-02 2.725632628425955772e-03 -2.723466604948043823e-03 1.086367919924668968e-04 -9.999963045120239258e-01
-3.285479906480759382e-04 -9.999999403953552246e-01 0.000000000000000000e+00 -9.999999403953552246e-01 3.285479906480759382e-04 0.000000000000000000e+00
-3.430937940720468760e-04 -9.999999403953552246e-01 0.000000000000000000e+00 -9.999999403953552246e-01 3.430937940720468760e-04 0.000000000000000000e+00
-3.162638749927282333e-04 -9.999999403953552246e-01 -0.000000000000000000e+00 -9.999999403953552246e-01 3.162638749927282333e-04 0.000000000000000000e+00
-3.177136240992695093e-04 -9.999999403953552246e-01 -0.000000000000000000e+00 -9.999999403953552246e-01 3.177136240992695093e-04 0.000000000000000000e+00
-2.922427956946194172e-04 -1.000000000000000000e+00 -0.000000000000000000e+00 -1.000000000000000000e+00 2.922427956946194172e-04 0.000000000000000000e+00
-3.244913241360336542e-04 -9.999999403953552246e-01 -0.000000000000000000e+00 -9.999999403953552246e-01 3.244913241360336542e-04 0.000000000000000000e+00
-2.994198293890804052e-04 -9.999999403953552246e-01 -0.000000000000000000e+00 -9.999999403953552246e-01 2.994198293890804052e-04 0.000000000000000000e+00
-3.071279497817158699e-04 -9.999999403953552246e-01 -0.000000000000000000e+00 -9.999999403953552246e-01 3.071279497817158699e-04 0.000000000000000000e+00
-2.818531356751918793e-04 -1.000000000000000000e+00 -0.000000000000000000e+00 -1.000000000000000000e+00 2.818531356751918793e-04 0.000000000000000000e+00
-2.591501106508076191e-04 -1.000000000000000000e+00 -0.000000000000000000e+00 -1.000000000000000000e+00 2.591501106508076191e-04 0.000000000000000000e+00
-2.486551529727876186e-04 -1.000000000000000000e+00 -0.000000000000000000e+00 -1.000000000000000000e+00 2.486551529727876186e-04 0.000000000000000000e+00
-2.478008100297302008e-04 -1.000000000000000000e+00 -0.000000000000000000e+00 -1.000000000000000000e+00 2.478008100297302008e-04 0.000000000000000000e+00
-2.351538423681631684e-04 -1.000000000000000000e+00 -0.000000000000000000e+00 -1.000000000000000000e+00 2.351538423681631684e-04 0.000000000000000000e+00
-2.028584713116288185e-04 -1.000000000000000000e+00 -0.000000000000000000e+00 -1.000000000000000000e+00 2.028584713116288185e-04 0.000000000000000000e+00
-1.768785004969686270e-04 -1.000000000000000000e+00 0.000000000000000000e+00 -1.000000000000000000e+00 1.768785004969686270e-04 0.000000000000000000e+00
-1.687154144747182727e-04 -1.000000000000000000e+00 -0.000000000000000000e+00 -1.000000000000000000e+00 1.687154144747182727e-04 0.000000000000000000e+00
-1.692128134891390800e-04 -1.000000000000000000e+00 0.000000000000000000e+00 -1.000000000000000000e+00 1.692128134891390800e-04 0.000000000000000000e+00
-1.457680918974801898e-04 -1.000000000000000000e+00 -0.000000000000000000e+00 -1.000000000000000000e+00 1.457680918974801898e-04 0.000000000000000000e+00
-1.802051847334951162e-04 -1.000000000000000000e+00 0.000000000000000000e+00 -1.000000000000000000e+00 1.802051847334951162e-04 0.000000000000000000e+00
-1.444719382561743259e-04 -1.000000000000000000e+00 -0.000000000000000000e+00 -1.000000000000000000e+00 1.444719382561743259e-04 0.000000000000000000e+00
-1.865279191406443715e-04 -1.000000000000000000e+00 0.000000000000000000e+00 -1.000000000000000000e+00 1.865279191406443715e-04 0.000000000000000000e+00
-1.284003228647634387e-04 -1.000000000000000000e+00 -0.000000000000000000e+00 -1.000000000000000000e+00 1.284003228647634387e-04 0.000000000000000000e+00
-1.443080982426181436e-04 -1.000000000000000000e+00 0.000000000000000000e+00 -1.000000000000000000e+00 1.443080982426181436e-04 0.000000000000000000e+00
-3.862835364998318255e-05 -1.000000000000000000e+00 -0.000000000000000000e+00 -1.000000000000000000e+00 3.862835364998318255e-05 0.000000000000000000e+00
-1.487495137553196400e-05 -1.000000000000000000e+00 -0.000000000000000000e+00 -1.000000000000000000e+00 1.487495137553196400e-05 0.000000000000000000e+00
2.434295674902386963e-05 -1.000000000000000000e+00 0.000000000000000000e+00 -1.000000000000000000e+00 -2.434295674902386963e-05 -0.000000000000000000e+00
1.560714154038578272e-04 -1.000000000000000000e+00 0.000000000000000000e+00 -1.000000000000000000e+00 -1.560714154038578272e-04 -0.000000000000000000e+00
1.558212534291669726e-04 -1.000000000000000000e+00 0.000000000000000000e+00 -1.000000000000000000e+00 -1.558212534291669726e-04 -0.000000000000000000e+00
2.698747848626226187e-04 -1.000000000000000000e+00 0.000000000000000000e+00 -1.000000000000000000e+00 -2.698747848626226187e-04 -0.000000000000000000e+00
3.281544777564704418e-04 -9.999999403953552246e-01 0.000000000000000000e+00 -9.999999403953552246e-01 -3.281544777564704418e-04 -0.000000000000000000e+00
3.774957731366157532e-04 -9.999999403953552246e-01 0.000000000000000000e+00 -9.999999403953552246e-01 -3.774957731366157532e-04 -0.000000000000000000e+00
4.480011120904237032e-04 -9.999999403953552246e-01 0.000000000000000000e+00 -9.999999403953552246e-01 -4.480011120904237032e-04 -0.000000000000000000e+00
4.682888393290340900e-04 -9.999998807907104492e-01 0.000000000000000000e+00 -9.999998807907104492e-01 -4.682888393290340900e-04 -0.000000000000000000e+00
5.007949075661599636e-04 -9.999998807907104492e-01 0.000000000000000000e+00 -9.999998807907104492e-01 -5.007949075661599636e-04 -0.000000000000000000e+00
-3.334751236252486706e-04 -9.999999403953552246e-01 0.000000000000000000e+00 -9.999999403953552246e-01 3.334751236252486706e-04 0.000000000000000000e+00
-3.594565496314316988e-04 -9.999999403953552246e-01 -0.000000000000000000e+00 -9.999999403953552246e-01 3.594565496314316988e-04 0.000000000000000000e+00
-3.774811630137264729e-04 -9.999999403953552246e-01 0.000000000000000000e+00 -9.999999403953552246e-01 3.774811630137264729e-04 0.000000000000000000e+00
-3.984959621448069811e-04 -9.999999403953552246e-01 -0.000000000000000000e+00 -9.999999403953552246e-01 3.984959621448069811e-04 0.000000000000000000e+00
-4.017026803921908140e-04 -9.999999403953552246e-01 0.000000000000000000e+00 -9.999999403953552246e-01 4.017026803921908140e-04 0.000000000000000000e+00
-3.749078896362334490e-04 -9.999999403953552246e-01 -0.000000000000000000e+00 -9.999999403953552246e-01 3.749078896362334490e-04 0.000000000000000000e+00
-3.178994229529052973e-04 -9.999999403953552246e-01 0.000000000000000000e+00 -9.999999403953552246e-01 3.178994229529052973e-04 0.000000000000000000e+00
-2.749452542047947645e-04 -1.000000000000000000e+00 -0.000000000000000000e+00 -1.000000000000000000e+00 2.749452542047947645e-04 0.000000000000000000e+00
-2.614805416669696569e-04 -1.000000000000000000e+00 0.000000000000000000e+00 -1.000000000000000000e+00 2.614805416669696569e-04 0.000000000000000000e+00
-2.106397296302020550e-04 -1.000000000000000000e+00 -0.000000000000000000e+00 -1.000000000000000000e+00 2.106397296302020550e-04 0.000000000000000000e+00
-1.776436110958456993e-04 -1.000000000000000000e+00 -0.000000000000000000e+00 -1.000000000000000000e+00 1.776436110958456993e-04 0.000000000000000000e+00
-1.594888017280027270e-04 -1.000000000000000000e+00 -0.000000000000000000e+00 -1.000000000000000000e+00 1.594888017280027270e-04 0.000000000000000000e+00
-1.261605939362198114e-04 -1.000000000000000000e+00 -0.000000000000000000e+00 -1.000000000000000000e+00 1.261605939362198114e-04 0.000000000000000000e+00
-1.686115574557334185e-04 -1.000000000000000000e+00 -0.000000000000000000e+00 -1.000000000000000000e+00 1.686115574557334185e-04 0.000000000000000000e+00
-1.122862813645042479e-04 -1.000000000000000000e+00 -0.000000000000000000e+00 -1.000000000000000000e+00 1.122862813645042479e-04 0.000000000000000000e+00
-9.827737812884151936e-05 -1.000000000000000000e+00 -0.000000000000000000e+00 -1.000000000000000000e+00 9.827737812884151936e-05 0.000000000000000000e+00
-7.050826388876885176e-05 -1.000000000000000000e+00 -0.000000000000000000e+00 -1.000000000000000000e+00 7.050826388876885176e-05 0.000000000000000000e+00
-6.557237793458625674e-05 -1.000000000000000000e+00 -0.000000000000000000e+00 -1.000000000000000000e+00 6.557237793458625674e-05 0.000000000000000000e+00
-1.743066968629136682e-05 -1.000000000000000000e+00 -0.000000000000000000e+00 -1.000000000000000000e+00 1.743066968629136682e-05 0.000000000000000000e+00
-2.169068648072425276e-05 -1.000000000000000000e+00 -0.000000000000000000e+00 -1.000000000000000000e+00 2.169068648072425276e-05 0.000000000000000000e+00
-1.916861583595164120e-05 -1.000000000000000000e+00 -0.000000000000000000e+00 -1.000000000000000000e+00 1.916861583595164120e-05 0.000000000000000000e+00
1.992348188650794327e-05 -1.000000000000000000e+00 0.000000000000000000e+00 -1.000000000000000000e+00 -1.992348188650794327e-05 -0.000000000000000000e+00
-2.173172251787036657e-04 -1.000000000000000000e+00 0.000000000000000000e+00 -1.000000000000000000e+00 2.173172251787036657e-04 0.000000000000000000e+00
-1.934321480803191662e-04 -1.000000000000000000e+00 -0.000000000000000000e+00 -1.000000000000000000e+00 1.934321480803191662e-04 0.000000000000000000e+00
-1.708373893052339554e-04 -1.000000000000000000e+00 -0.000000000000000000e+00 -1.000000000000000000e+00 1.708373893052339554e-04 0.000000000000000000e+00
-1.963345857802778482e-04 -1.000000000000000000e+00 -0.000000000000000000e+00 -1.000000000000000000e+00 1.963345857802778482e-04 0.000000000000000000e+00
-2.168454229831695557e-04 -1.000000000000000000e+00 0.000000000000000000e+00 -1.000000000000000000e+00 2.168454229831695557e-04 0.000000000000000000e+00
-1.978882064577192068e-04 -1.000000000000000000e+00 -0.000000000000000000e+00 -1.000000000000000000e+00 1.978882064577192068e-04 0.000000000000000000e+00
-2.127455954905599356e-04 -1.000000000000000000e+00 0.000000000000000000e+00 -1.000000000000000000e+00 2.127455954905599356e-04 0.000000000000000000e+00
-2.024890854954719543e-04 -1.000000000000000000e+00 -0.000000000000000000e+00 -1.000000000000000000e+00 2.024890854954719543e-04 0.000000000000000000e+00
-1.532084861537441611e-04 -1.000000000000000000e+00 0.000000000000000000e+00 -1.000000000000000000e+00 1.532084861537441611e-04 0.000000000000000000e+00
-1.644144358579069376e-04 -1.000000000000000000e+00 0.000000000000000000e+00 -1.000000000000000000e+00 1.644144358579069376e-04 0.000000000000000000e+00
-1.375450228806585073e-04 -1.000000000000000000e+00 0.000000000000000000e+00 -1.000000000000000000e+00 1.375450228806585073e-04 0.000000000000000000e+00
-1.398008462274447083e-04 -1.000000000000000000e+00 0.000000000000000000e+00 -1.000000000000000000e+00 1.398008462274447083e-04 0.000000000000000000e+00
-1.296028349315747619e-04 -1.000000000000000000e+00 0.000000000000000000e+00 -1.000000000000000000e+00 1.296028349315747619e-04 0.000000000000000000e+00
-1.301192532991990447e-04 -1.000000000000000000e+00 0.000000000000000000e+00 -1.000000000000000000e+00 1.301192532991990447e-04 0.000000000000000000e+00
-1.234805240528658032e-04 -1.000000000000000000e+00 0.000000000000000000e+00 -1.000000000000000000e+00 1.234805240528658032e-04 0.000000000000000000e+00
-1.185227010864764452e-04 -1.000000000000000000e+00 0.000000000000000000e+00 -1.000000000000000000e+00 1.185227010864764452e-04 0.000000000000000000e+00
-1.277785777347162366e-04 -1.000000000000000000e+00 0.000000000000000000e+00 -1.000000000000000000e+00 1.277785777347162366e-04 0.000000000000000000e+00
-1.418591709807515144e-04 -1.000000000000000000e+00 0.000000000000000000e+00 -1.000000000000000000e+00 1.418591709807515144e-04 0.000000000000000000e+00
-1.109945224015973508e-04 -1.000000000000000000e+00 0.000000000000000000e+00 -1.000000000000000000e+00 1.109945224015973508e-04 0.000000000000000000e+00
-1.419103791704401374e-04 -1.000000000000000000e+00 0.000000000000000000e+00 -1.000000000000000000e+00 1.419103791704401374e-04 0.000000000000000000e+00
-9.198390034725889564e-05 -1.000000000000000000e+00 0.000000000000000000e+00 -1.000000000000000000e+00 9.198390034725889564e-05 0.000000000000000000e+00
-1.304337783949449658e-04 -1.000000000000000000e+00 0.000000000000000000e+00 -1.000000000000000000e+00 1.304337783949449658e-04 0.000000000000000000e+00
5.710296100005507469e-04 -9.999998807907104492e-01 0.000000000000000000e+00 -9.999998807907104492e-01 -5.710296100005507469e-04 0.000000000000000000e+00
5.675800493918359280e-04 -9.999998807907104492e-01 0.000000000000000000e+00 -9.999998807907104492e-01 -5.675800493918359280e-04 -0.000000000000000000e+00
5.702630151063203812e-04 -9.999998807907104492e-01 0.000000000000000000e+00 -9.999998807907104492e-01 -5.702630151063203812e-04 -0.000000000000000000e+00
5.769763374701142311e-04 -9.999998211860656738e-01 0.000000000000000000e+00 -9.999998211860656738e-01 -5.769763374701142311e-04 0.000000000000000000e+00
5.671118851751089096e-04 -9.999998807907104492e-01 0.000000000000000000e+00 -9.999998807907104492e-01 -5.671118851751089096e-04 -0.000000000000000000e+00
5.691277910955250263e-04 -9.999998807907104492e-01 0.000000000000000000e+00 -9.999998807907104492e-01 -5.691277910955250263e-04 -0.000000000000000000e+00
5.636140704154968262e-04 -9.999998807907104492e-01 -0.000000000000000000e+00 -9.999998807907104492e-01 -5.636140704154968262e-04 0.000000000000000000e+00
5.524579319171607494e-04 -9.999998807907104492e-01 0.000000000000000000e+00 -9.999998807907104492e-01 -5.524579319171607494e-04 0.000000000000000000e+00
5.464555579237639904e-04 -9.999998807907104492e-01 0.000000000000000000e+00 -9.999998807907104492e-01 -5.464555579237639904e-04 0.000000000000000000e+00
5.427747964859008789e-04 -9.999998807907104492e-01 -0.000000000000000000e+00 -9.999998807907104492e-01 -5.427747964859008789e-04 0.000000000000000000e+00
5.459288950078189373e-04 -9.999998807907104492e-01 0.000000000000000000e+00 -9.999998807907104492e-01 -5.459288950078189373e-04 0.000000000000000000e+00
5.289019318297505379e-04 -9.999998807907104492e-01 0.000000000000000000e+00 -9.999998807907104492e-01 -5.289019318297505379e-04 0.000000000000000000e+00
5.215083947405219078e-04 -9.999998807907104492e-01 0.000000000000000000e+00 -9.999998807907104492e-01 -5.215083947405219078e-04 -0.000000000000000000e+00
-3.184041270287707448e-05 -1.000000000000000000e+00 0.000000000000000000e+00 -1.000000000000000000e+00 3.184041270287707448e-05 0.000000000000000000e+00
-5.724544826080091298e-05 -1.000000000000000000e+00 0.000000000000000000e+00 -1.000000000000000000e+00 5.724544826080091298e-05 0.000000000000000000e+00
7.014692528173327446e-06 -1.000000000000000000e+00 0.000000000000000000e+00 -1.000000000000000000e+00 -7.014692528173327446e-06 -0.000000000000000000e+00
-2.441610376990865916e-06 -1.000000000000000000e+00 0.000000000000000000e+00 -1.000000000000000000e+00 2.441610376990865916e-06 0.000000000000000000e+00
5.508764297701418400e-05 -1.000000000000000000e+00 0.000000000000000000e+00 -1.000000000000000000e+00 -5.508764297701418400e-05 -0.000000000000000000e+00
4.518515197560191154e-05 -1.000000000000000000e+00 0.000000000000000000e+00 -1.000000000000000000e+00 -4.518515197560191154e-05 0.000000000000000000e+00
6.310004391707479954e-05 -1.000000000000000000e+00 0.000000000000000000e+00 -1.000000000000000000e+00 -6.310004391707479954e-05 0.000000000000000000e+00
9.422655421076342463e-05 -1.000000000000000000e+00 0.000000000000000000e+00 -1.000000000000000000e+00 -9.422655421076342463e-05 -0.000000000000000000e+00
1.279585267184302211e-04 -1.000000000000000000e+00 0.000000000000000000e+00 -1.000000000000000000e+00 -1.279585267184302211e-04 -0.000000000000000000e+00
1.047932164510712028e-04 -1.000000000000000000e+00 0.000000000000000000e+00 -1.000000000000000000e+00 -1.047932164510712028e-04 0.000000000000000000e+00
1.272475492442026734e-04 -1.000000000000000000e+00 0.000000000000000000e+00 -1.000000000000000000e+00 -1.272475492442026734e-04 -0.000000000000000000e+00
1.185622022603638470e-04 -1.000000000000000000e+00 0.000000000000000000e+00 -1.000000000000000000e+00 -1.185622022603638470e-04 -0.000000000000000000e+00
1.123447946156375110e-04 -1.000000000000000000e+00 0.000000000000000000e+00 -1.000000000000000000e+00 -1.123447946156375110e-04 0.000000000000000000e+00
1.091468584490939975e-04 -1.000000000000000000e+00 0.000000000000000000e+00 -1.000000000000000000e+00 -1.091468584490939975e-04 -0.000000000000000000e+00
1.305698242504149675e-04 -1.000000000000000000e+00 0.000000000000000000e+00 -1.000000000000000000e+00 -1.305698242504149675e-04 0.000000000000000000e+00
1.426345115760341287e-04 -1.000000000000000000e+00 -0.000000000000000000e+00 -1.000000000000000000e+00 -1.426345115760341287e-04 0.000000000000000000e+00
1.175542493001557887e-04 -1.000000000000000000e+00 0.000000000000000000e+00 -1.000000000000000000e+00 -1.175542493001557887e-04 0.000000000000000000e+00
1.318879221798852086e-04 -1.000000000000000000e+00 0.000000000000000000e+00 -1.000000000000000000e+00 -1.318879221798852086e-04 0.000000000000000000e+00
8.343606896232813597e-05 -1.000000000000000000e+00 0.000000000000000000e+00 -1.000000000000000000e+00 -8.343606896232813597e-05 0.000000000000000000e+00
9.479709115112200379e-05 -1.000000000000000000e+00 0.000000000000000000e+00 -1.000000000000000000e+00 -9.479709115112200379e-05 0.000000000000000000e+00
5.875810529687441885e-05 -1.000000000000000000e+00 0.000000000000000000e+00 -1.000000000000000000e+00 -5.875810529687441885e-05 0.000000000000000000e+00
6.258364010136574507e-05 -1.000000000000000000e+00 0.000000000000000000e+00 -1.000000000000000000e+00 -6.258364010136574507e-05 0.000000000000000000e+00
-1.669511402724310756e-04 -1.000000000000000000e+00 0.000000000000000000e+00 -1.000000000000000000e+00 1.669511402724310756e-04 0.000000000000000000e+00
-2.175915142288431525e-04 -1.000000000000000000e+00 0.000000000000000000e+00 -1.000000000000000000e+00 2.175915142288431525e-04 0.000000000000000000e+00
-1.863669895101338625e-04 -1.000000000000000000e+00 0.000000000000000000e+00 -1.000000000000000000e+00 1.863669895101338625e-04 0.000000000000000000e+00
-2.149304636986926198e-04 -1.000000000000000000e+00 0.000000000000000000e+00 -1.000000000000000000e+00 2.149304636986926198e-04 0.000000000000000000e+00
-1.795761199900880456e-04 -1.000000000000000000e+00 0.000000000000000000e+00 -1.000000000000000000e+00 1.795761199900880456e-04 0.000000000000000000e+00
-2.040287945419549942e-04 -1.000000000000000000e+00 0.000000000000000000e+00 -1.000000000000000000e+00 2.040287945419549942e-04 0.000000000000000000e+00
-2.367732959100976586e-04 -1.000000000000000000e+00 0.000000000000000000e+00 -1.000000000000000000e+00 2.367732959100976586e-04 0.000000000000000000e+00
-2.425108687020838261e-04 -1.000000000000000000e+00 -0.000000000000000000e+00 -1.000000000000000000e+00 2.425108687020838261e-04 0.000000000000000000e+00
-2.775199827738106251e-04 -1.000000000000000000e+00 -0.000000000000000000e+00 -1.000000000000000000e+00 2.775199827738106251e-04 0.000000000000000000e+00
-2.879725361708551645e-04 -1.000000000000000000e+00 -0.000000000000000000e+00 -1.000000000000000000e+00 2.879725361708551645e-04 0.000000000000000000e+00
-3.387328470125794411e-04 -9.999999403953552246e-01 0.000000000000000000e+00 -9.999999403953552246e-01 3.387328470125794411e-04 0.000000000000000000e+00
-3.329440660309046507e-04 -9.999999403953552246e-01 -0.000000000000000000e+00 -9.999999403953552246e-01 3.329440660309046507e-04 0.000000000000000000e+00
-3.658685018308460712e-04 -9.999999403953552246e-01 0.000000000000000000e+00 -9.999999403953552246e-01 3.658685018308460712e-04 0.000000000000000000e+00
-3.218771016690880060e-04 -9.999999403953552246e-01 0.000000000000000000e+00 -9.999999403953552246e-01 3.218771016690880060e-04 0.000000000000000000e+00
-3.651326696854084730e-04 -9.999999403953552246e-01 0.000000000000000000e+00 -9.999999403953552246e-01 3.651326696854084730e-04 0.000000000000000000e+00
-3.410442441236227751e-04 -9.999999403953552246e-01 0.000000000000000000e+00 -9.999999403953552246e-01 3.410442441236227751e-04 0.000000000000000000e+00
-3.638803900685161352e-04 -9.999999403953552246e-01 0.000000000000000000e+00 -9.999999403953552246e-01 3.638803900685161352e-04 0.000000000000000000e+00
-3.427836636546999216e-04 -9.999999403953552246e-01 0.000000000000000000e+00 -9.999999403953552246e-01 3.427836636546999216e-04 0.000000000000000000e+00
-3.649571153800934553e-04 -9.999999403953552246e-01 0.000000000000000000e+00 -9.999999403953552246e-01 3.649571153800934553e-04 0.000000000000000000e+00
-3.526466607581824064e-04 -9.999999403953552246e-01 0.000000000000000000e+00 -9.999999403953552246e-01 3.526466607581824064e-04 0.000000000000000000e+00
-3.660864895209670067e-04 -9.999999403953552246e-01 0.000000000000000000e+00 -9.999999403953552246e-01 3.660864895209670067e-04 0.000000000000000000e+00
-3.637897025328129530e-04 -9.999999403953552246e-01 0.000000000000000000e+00 -9.999999403953552246e-01 3.637897025328129530e-04 0.000000000000000000e+00
-4.098525969311594963e-04 -9.999999403953552246e-01 0.000000000000000000e+00 -9.999999403953552246e-01 4.098525969311594963e-04 0.000000000000000000e+00
-4.367103392723947763e-04 -9.999999403953552246e-01 0.000000000000000000e+00 -9.999999403953552246e-01 4.367103392723947763e-04 0.000000000000000000e+00
-4.321489541325718164e-04 -9.999999403953552246e-01 0.000000000000000000e+00 -9.999999403953552246e-01 4.321489541325718164e-04 0.000000000000000000e+00
-4.511317529249936342e-04 -9.999999403953552246e-01 0.000000000000000000e+00 -9.999999403953552246e-01 4.511317529249936342e-04 0.000000000000000000e+00
-4.478431364987045527e-04 -9.999999403953552246e-01 0.000000000000000000e+00 -9.999999403953552246e-01 4.478431364987045527e-04 0.000000000000000000e+00
-4.742560849990695715e-04 -9.999998807907104492e-01 0.000000000000000000e+00 -9.999998807907104492e-01 4.742560849990695715e-04 0.000000000000000000e+00
-4.870097909588366747e-04 -9.999998807907104492e-01 0.000000000000000000e+00 -9.999998807907104492e-01 4.870097909588366747e-04 0.000000000000000000e+00
-4.853347491007298231e-04 -9.999998807907104492e-01 0.000000000000000000e+00 -9.999998807907104492e-01 4.853347491007298231e-04 0.000000000000000000e+00
-5.169550422579050064e-04 -9.999998807907104492e-01 0.000000000000000000e+00 -9.999998807907104492e-01 5.169550422579050064e-04 0.000000000000000000e+00
-5.202144384384155273e-04 -9.999998807907104492e-01 -0.000000000000000000e+00 -9.999998807907104492e-01 5.202144384384155273e-04 0.000000000000000000e+00
-5.472045741043984890e-04 -9.999998807907104492e-01 0.000000000000000000e+00 -9.999998807907104492e-01 5.472045741043984890e-04 0.000000000000000000e+00
-5.756238242611289024e-04 -9.999998211860656738e-01 -0.000000000000000000e+00 -9.999998211860656738e-01 5.756238242611289024e-04 0.000000000000000000e+00
-5.329351988621056080e-04 -9.999998807907104492e-01 0.000000000000000000e+00 -9.999998807907104492e-01 5.329351988621056080e-04 0.000000000000000000e+00
-5.318577750585973263e-04 -9.999998807907104492e-01 0.000000000000000000e+00 -9.999998807907104492e-01 5.318577750585973263e-04 0.000000000000000000e+00
-5.358581547625362873e-04 -9.999998807907104492e-01 0.000000000000000000e+00 -9.999998807907104492e-01 5.358581547625362873e-04 0.000000000000000000e+00
-5.390436272136867046e-04 -9.999998807907104492e-01 0.000000000000000000e+00 -9.999998807907104492e-01 5.390436272136867046e-04 0.000000000000000000e+00
-5.391357699409127235e-04 -9.999998807907104492e-01 0.000000000000000000e+00 -9.999998807907104492e-01 5.391357699409127235e-04 0.000000000000000000e+00
-5.805136752314865589e-04 -9.999998211860656738e-01 -0.000000000000000000e+00 -9.999998211860656738e-01 5.805136752314865589e-04 0.000000000000000000e+00
-5.733738653361797333e-04 -9.999998211860656738e-01 -0.000000000000000000e+00 -9.999998211860656738e-01 5.733738653361797333e-04 0.000000000000000000e+00
-5.564473103731870651e-04 -9.999998807907104492e-01 -0.000000000000000000e+00 -9.999998807907104492e-01 5.564473103731870651e-04 0.000000000000000000e+00
-5.490719922818243504e-04 -9.999998807907104492e-01 -0.000000000000000000e+00 -9.999998807907104492e-01 5.490719922818243504e-04 0.000000000000000000e+00
-5.372969317249953747e-04 -9.999998807907104492e-01 -0.000000000000000000e+00 -9.999998807907104492e-01 5.372969317249953747e-04 0.000000000000000000e+00
-3.472060489002615213e-04 -9.999999403953552246e-01 -0.000000000000000000e+00 -9.999999403953552246e-01 3.472060489002615213e-04 0.000000000000000000e+00
-3.544028731994330883e-04 -9.999999403953552246e-01 0.000000000000000000e+00 -9.999999403953552246e-01 3.544028731994330883e-04 0.000000000000000000e+00
-3.479594597592949867e-04 -9.999999403953552246e-01 0.000000000000000000e+00 -9.999999403953552246e-01 3.479594597592949867e-04 0.000000000000000000e+00
-3.347507736179977655e-04 -9.999999403953552246e-01 0.000000000000000000e+00 -9.999999403953552246e-01 3.347507736179977655e-04 0.000000000000000000e+00
-3.452391538303345442e-04 -9.999999403953552246e-01 0.000000000000000000e+00 -9.999999403953552246e-01 3.452391538303345442e-04 0.000000000000000000e+00
-3.313392517156898975e-04 -9.999999403953552246e-01 0.000000000000000000e+00 -9.999999403953552246e-01 3.313392517156898975e-04 0.000000000000000000e+00
-3.181291103828698397e-04 -9.999999403953552246e-01 0.000000000000000000e+00 -9.999999403953552246e-01 3.181291103828698397e-04 0.000000000000000000e+00
-3.338349924888461828e-04 -9.999999403953552246e-01 0.000000000000000000e+00 -9.999999403953552246e-01 3.338349924888461828e-04 0.000000000000000000e+00
-3.464387555141001940e-04 -9.999999403953552246e-01 0.000000000000000000e+00 -9.999999403953552246e-01 3.464387555141001940e-04 0.000000000000000000e+00
-3.278875083196908236e-04 -9.999999403953552246e-01 0.000000000000000000e+00 -9.999999403953552246e-01 3.278875083196908236e-04 0.000000000000000000e+00
-3.663929528556764126e-04 -9.999999403953552246e-01 0.000000000000000000e+00 -9.999999403953552246e-01 3.663929528556764126e-04 0.000000000000000000e+00
-3.627905389294028282e-04 -9.999999403953552246e-01 0.000000000000000000e+00 -9.999999403953552246e-01 3.627905389294028282e-04 0.000000000000000000e+00
-4.068155831191688776e-04 -9.999999403953552246e-01 -0.000000000000000000e+00 -9.999999403953552246e-01 4.068155831191688776e-04 0.000000000000000000e+00
-4.331773961894214153e-04 -9.999999403953552246e-01 0.000000000000000000e+00 -9.999999403953552246e-01 4.331773961894214153e-04 0.000000000000000000e+00
-4.475439491216093302e-04 -9.999999403953552246e-01 0.000000000000000000e+00 -9.999999403953552246e-01 4.475439491216093302e-04 0.000000000000000000e+00
-4.597980587277561426e-04 -9.999998807907104492e-01 -0.000000000000000000e+00 -9.999998807907104492e-01 4.597980587277561426e-04 0.000000000000000000e+00
-4.593445628415793180e-04 -9.999998807907104492e-01 0.000000000000000000e+00 -9.999998807907104492e-01 4.593445628415793180e-04 0.000000000000000000e+00
-4.417522868607193232e-04 -9.999999403953552246e-01 0.000000000000000000e+00 -9.999999403953552246e-01 4.417522868607193232e-04 0.000000000000000000e+00
-4.419183242134749889e-04 -9.999999403953552246e-01 -0.000000000000000000e+00 -9.999999403953552246e-01 4.419183242134749889e-04 0.000000000000000000e+00
-4.452939901966601610e-04 -9.999999403953552246e-01 0.000000000000000000e+00 -9.999999403953552246e-01 4.452939901966601610e-04 0.000000000000000000e+00
-4.382793267723172903e-04 -9.999999403953552246e-01 0.000000000000000000e+00 -9.999999403953552246e-01 4.382793267723172903e-04 0.000000000000000000e+00
-4.320348671171814203e-04 -9.999999403953552246e-01 -0.000000000000000000e+00 -9.999999403953552246e-01 4.320348671171814203e-04 0.000000000000000000e+00
-3.146897652186453342e-04 -9.999999403953552246e-01 -0.000000000000000000e+00 -9.999999403953552246e-01 3.146897652186453342e-04 0.000000000000000000e+00
-2.822671667672693729e-04 -1.000000000000000000e+00 0.000000000000000000e+00 -1.000000000000000000e+00 2.822671667672693729e-04 0.000000000000000000e+00
-3.125919611193239689e-04 -9.999999403953552246e-01 0.000000000000000000e+00 -9.999999403953552246e-01 3.125919611193239689e-04 0.000000000000000000e+00
-2.926626475527882576e-04 -1.000000000000000000e+00 0.000000000000000000e+00 -1.000000000000000000e+00 2.926626475527882576e-04 0.000000000000000000e+00
-3.231900627724826336e-04 -9.999999403953552246e-01 0.000000000000000000e+00 -9.999999403953552246e-01 3.231900627724826336e-04 0.000000000000000000e+00
-3.264413971919566393e-04 -9.999999403953552246e-01 0.000000000000000000e+00 -9.999999403953552246e-01 3.264413971919566393e-04 0.000000000000000000e+00
-3.370702324900776148e-04 -9.999999403953552246e-01 0.000000000000000000e+00 -9.999999403953552246e-01 3.370702324900776148e-04 0.000000000000000000e+00
-3.381622955203056335e-04 -9.999999403953552246e-01 0.000000000000000000e+00 -9.999999403953552246e-01 3.381622955203056335e-04 0.000000000000000000e+00
-3.397898108232766390e-04 -9.999999403953552246e-01 0.000000000000000000e+00 -9.999999403953552246e-01 3.397898108232766390e-04 0.000000000000000000e+00
-3.673665341921150684e-04 -9.999999403953552246e-01 0.000000000000000000e+00 -9.999999403953552246e-01 3.673665341921150684e-04 0.000000000000000000e+00
-3.819298872258514166e-04 -9.999999403953552246e-01 0.000000000000000000e+00 -9.999999403953552246e-01 3.819298872258514166e-04 0.000000000000000000e+00
-3.928359365090727806e-04 -9.999999403953552246e-01 0.000000000000000000e+00 -9.999999403953552246e-01 3.928359365090727806e-04 0.000000000000000000e+00
-3.959234163630753756e-04 -9.999999403953552246e-01 -0.000000000000000000e+00 -9.999999403953552246e-01 3.959234163630753756e-04 0.000000000000000000e+00
-3.978003514930605888e-04 -9.999999403953552246e-01 0.000000000000000000e+00 -9.999999403953552246e-01 3.978003514930605888e-04 0.000000000000000000e+00
-3.962994087487459183e-04 -9.999999403953552246e-01 0.000000000000000000e+00 -9.999999403953552246e-01 3.962994087487459183e-04 0.000000000000000000e+00
-4.036644531879574060e-04 -9.999999403953552246e-01 -0.000000000000000000e+00 -9.999999403953552246e-01 4.036644531879574060e-04 0.000000000000000000e+00
-3.750870819203555584e-04 -9.999999403953552246e-01 -0.000000000000000000e+00 -9.999999403953552246e-01 3.750870819203555584e-04 0.000000000000000000e+00
-3.960726317018270493e-04 -9.999999403953552246e-01 0.000000000000000000e+00 -9.999999403953552246e-01 3.960726317018270493e-04 0.000000000000000000e+00
-3.731831093318760395e-04 -9.999999403953552246e-01 -0.000000000000000000e+00 -9.999999403953552246e-01 3.731831093318760395e-04 0.000000000000000000e+00
-3.927028155885636806e-04 -9.999999403953552246e-01 0.000000000000000000e+00 -9.999999403953552246e-01 3.927028155885636806e-04 0.000000000000000000e+00
-3.910672676283866167e-04 -9.999999403953552246e-01 -0.000000000000000000e+00 -9.999999403953552246e-01 3.910672676283866167e-04 0.000000000000000000e+00
-3.927079378627240658e-04 -9.999999403953552246e-01 0.000000000000000000e+00 -9.999999403953552246e-01 3.927079378627240658e-04 0.000000000000000000e+00
-1.632470375625416636e-04 -1.000000000000000000e+00 -0.000000000000000000e+00 -1.000000000000000000e+00 1.632470375625416636e-04 0.000000000000000000e+00
-1.099178189178928733e-04 -1.000000000000000000e+00 -0.000000000000000000e+00 -1.000000000000000000e+00 1.099178189178928733e-04 0.000000000000000000e+00
-1.163619672297500074e-04 -1.000000000000000000e+00 0.000000000000000000e+00 -1.000000000000000000e+00 1.163619672297500074e-04 0.000000000000000000e+00
-7.852505950722843409e-05 -1.000000000000000000e+00 -0.000000000000000000e+00 -1.000000000000000000e+00 7.852505950722843409e-05 0.000000000000000000e+00
-3.402235597604885697e-05 -1.000000000000000000e+00 0.000000000000000000e+00 -1.000000000000000000e+00 3.402235597604885697e-05 0.000000000000000000e+00
1.076561420632060617e-05 -1.000000000000000000e+00 0.000000000000000000e+00 -1.000000000000000000e+00 -1.076561420632060617e-05 -0.000000000000000000e+00
6.515325367217883468e-05 -1.000000000000000000e+00 -0.000000000000000000e+00 -1.000000000000000000e+00 -6.515325367217883468e-05 0.000000000000000000e+00
5.814587348140776157e-05 -1.000000000000000000e+00 -0.000000000000000000e+00 -1.000000000000000000e+00 -5.814587348140776157e-05 0.000000000000000000e+00
-4.322922961819131160e-07 -1.000000000000000000e+00 0.000000000000000000e+00 -1.000000000000000000e+00 4.322922961819131160e-07 0.000000000000000000e+00
-7.360307063208892941e-05 -1.000000000000000000e+00 0.000000000000000000e+00 -1.000000000000000000e+00 7.360307063208892941e-05 0.000000000000000000e+00
-3.865395410684868693e-05 -1.000000000000000000e+00 0.000000000000000000e+00 -1.000000000000000000e+00 3.865395410684868693e-05 0.000000000000000000e+00
6.830364782217657194e-06 -1.000000000000000000e+00 0.000000000000000000e+00 -1.000000000000000000e+00 -6.830364782217657194e-06 0.000000000000000000e+00
-7.480193016817793250e-05 -1.000000000000000000e+00 -0.000000000000000000e+00 -1.000000000000000000e+00 7.480193016817793250e-05 0.000000000000000000e+00
-9.165181836578994989e-05 -1.000000000000000000e+00 0.000000000000000000e+00 -1.000000000000000000e+00 9.165181836578994989e-05 0.000000000000000000e+00
-1.048890335368923843e-04 -1.000000000000000000e+00 -0.000000000000000000e+00 -1.000000000000000000e+00 1.048890335368923843e-04 0.000000000000000000e+00
-1.324496843153610826e-04 -1.000000000000000000e+00 0.000000000000000000e+00 -1.000000000000000000e+00 1.324496843153610826e-04 0.000000000000000000e+00
-1.339616137556731701e-04 -1.000000000000000000e+00 -0.000000000000000000e+00 -1.000000000000000000e+00 1.339616137556731701e-04 0.000000000000000000e+00
-1.447637914679944515e-04 -1.000000000000000000e+00 0.000000000000000000e+00 -1.000000000000000000e+00 1.447637914679944515e-04 0.000000000000000000e+00
-1.310591760557144880e-04 -1.000000000000000000e+00 -0.000000000000000000e+00 -1.000000000000000000e+00 1.310591760557144880e-04 0.000000000000000000e+00
-1.416075538145378232e-04 -1.000000000000000000e+00 0.000000000000000000e+00 -1.000000000000000000e+00 1.416075538145378232e-04 0.000000000000000000e+00
-1.264451275346800685e-04 -1.000000000000000000e+00 -0.000000000000000000e+00 -1.000000000000000000e+00 1.264451275346800685e-04 0.000000000000000000e+00
-1.409902033628895879e-04 -1.000000000000000000e+00 0.000000000000000000e+00 -1.000000000000000000e+00 1.409902033628895879e-04 0.000000000000000000e+00
-9.846197366714477539e-01 1.746886372566223145e-01 2.811189508065581322e-03 -2.767963567748665810e-03 4.910847637802362442e-04 -9.999960660934448242e-01
-9.846194982528686523e-01 1.746885925531387329e-01 2.888147486373782158e-03 -2.843738300725817680e-03 5.045285215601325035e-04 -9.999958276748657227e-01
2.067981113214045763e-04 1.000000000000000000e+00 -0.000000000000000000e+00 -1.000000000000000000e+00 2.067981113214045763e-04 0.000000000000000000e+00
1.547013962408527732e-04 1.000000000000000000e+00 -0.000000000000000000e+00 -1.000000000000000000e+00 1.547013962408527732e-04 0.000000000000000000e+00
1.380855683237314224e-04 1.000000000000000000e+00 0.000000000000000000e+00 -1.000000000000000000e+00 1.380855683237314224e-04 -0.000000000000000000e+00
1.227278553415089846e-04 1.000000000000000000e+00 -0.000000000000000000e+00 -1.000000000000000000e+00 1.227278553415089846e-04 0.000000000000000000e+00
6.578816100955009460e-05 1.000000000000000000e+00 0.000000000000000000e+00 -1.000000000000000000e+00 6.578816100955009460e-05 -0.000000000000000000e+00
5.555870302487164736e-05 1.000000000000000000e+00 -0.000000000000000000e+00 -1.000000000000000000e+00 5.555870302487164736e-05 0.000000000000000000e+00
-5.169952601136174053e-06 1.000000000000000000e+00 -0.000000000000000000e+00 -1.000000000000000000e+00 -5.169952601136174053e-06 0.000000000000000000e+00
-3.047477912332396954e-05 1.000000000000000000e+00 0.000000000000000000e+00 -1.000000000000000000e+00 -3.047477912332396954e-05 0.000000000000000000e+00
7.032247594906948507e-06 1.000000000000000000e+00 0.000000000000000000e+00 -1.000000000000000000e+00 7.032247594906948507e-06 -0.000000000000000000e+00
1.590923488947737496e-06 1.000000000000000000e+00 -0.000000000000000000e+00 -1.000000000000000000e+00 1.590923488947737496e-06 0.000000000000000000e+00
2.605822919576894492e-05 1.000000000000000000e+00 0.000000000000000000e+00 -1.000000000000000000e+00 2.605822919576894492e-05 -0.000000000000000000e+00
-2.523753209970891476e-05 1.000000000000000000e+00 0.000000000000000000e+00 -1.000000000000000000e+00 -2.523753209970891476e-05 0.000000000000000000e+00
4.385828651720657945e-05 1.000000000000000000e+00 0.000000000000000000e+00 -1.000000000000000000e+00 4.385828651720657945e-05 -0.000000000000000000e+00
-3.677629865705966949e-05 1.000000000000000000e+00 -0.000000000000000000e+00 -1.000000000000000000e+00 -3.677629865705966949e-05 0.000000000000000000e+00
-1.054105632647406310e-05 1.000000000000000000e+00 0.000000000000000000e+00 -1.000000000000000000e+00 -1.054105632647406310e-05 0.000000000000000000e+00
-8.308862743433564901e-05 1.000000000000000000e+00 -0.000000000000000000e+00 -1.000000000000000000e+00 -8.308862743433564901e-05 0.000000000000000000e+00
-1.572636961100215558e-06 1.000000000000000000e+00 0.000000000000000000e+00 -1.000000000000000000e+00 -1.572636961100215558e-06 0.000000000000000000e+00
-6.430695793824270368e-05 1.000000000000000000e+00 -0.000000000000000000e+00 -1.000000000000000000e+00 -6.430695793824270368e-05 0.000000000000000000e+00
6.434645456465659663e-06 1.000000000000000000e+00 0.000000000000000000e+00 -1.000000000000000000e+00 6.434645456465659663e-06 0.000000000000000000e+00
-1.361025897494982928e-05 1.000000000000000000e+00 -0.000000000000000000e+00 -1.000000000000000000e+00 -1.361025897494982928e-05 0.000000000000000000e+00
4.173559136688709259e-05 1.000000000000000000e+00 0.000000000000000000e+00 -1.000000000000000000e+00 4.173559136688709259e-05 0.000000000000000000e+00
5.653739572153426707e-05 1.000000000000000000e+00 0.000000000000000000e+00 -1.000000000000000000e+00 5.653739572153426707e-05 -0.000000000000000000e+00
7.674760854570195079e-05 1.000000000000000000e+00 0.000000000000000000e+00 -1.000000000000000000e+00 7.674760854570195079e-05 0.000000000000000000e+00
7.761658343952149153e-05 1.000000000000000000e+00 0.000000000000000000e+00 -1.000000000000000000e+00 7.761658343952149153e-05 -0.000000000000000000e+00
1.239845005329698324e-04 1.000000000000000000e+00 0.000000000000000000e+00 -1.000000000000000000e+00 1.239845005329698324e-04 0.000000000000000000e+00
1.393700076732784510e-04 1.000000000000000000e+00 0.000000000000000000e+00 -1.000000000000000000e+00 1.393700076732784510e-04 0.000000000000000000e+00
1.155112840933725238e-04 1.000000000000000000e+00 0.000000000000000000e+00 -1.000000000000000000e+00 1.155112840933725238e-04 0.000000000000000000e+00
2.355042233830317855e-04 1.000000000000000000e+00 0.000000000000000000e+00 -1.000000000000000000e+00 2.355042233830317855e-04 0.000000000000000000e+00
1.964106486411765218e-04 1.000000000000000000e+00 0.000000000000000000e+00 -1.000000000000000000e+00 1.964106486411765218e-04 -0.000000000000000000e+00
2.502212009858340025e-04 1.000000000000000000e+00 0.000000000000000000e+00 -1.000000000000000000e+00 2.502212009858340025e-04 0.000000000000000000e+00
2.128648338839411736e-04 1.000000000000000000e+00 0.000000000000000000e+00 -1.000000000000000000e+00 2.128648338839411736e-04 -0.000000000000000000e+00
2.194998960476368666e-04 1.000000000000000000e+00 0.000000000000000000e+00 -1.000000000000000000e+00 2.194998960476368666e-04 0.000000000000000000e+00
2.369623834965750575e-04 1.000000000000000000e+00 0.000000000000000000e+00 -1.000000000000000000e+00 2.369623834965750575e-04 -0.000000000000000000e+00
2.190313971368595958e-04 1.000000000000000000e+00 0.000000000000000000e+00 -1.000000000000000000e+00 2.190313971368595958e-04 0.000000000000000000e+00
2.417442883597686887e-04 1.000000000000000000e+00 0.000000000000000000e+00 -1.000000000000000000e+00 2.417442883597686887e-04 -0.000000000000000000e+00
2.289770345669239759e-04 1.000000000000000000e+00 0.000000000000000000e+00 -1.000000000000000000e+00 2.289770345669239759e-04 0.000000000000000000e+00
2.173669636249542236e-04 1.000000000000000000e+00 0.000000000000000000e+00 -1.000000000000000000e+00 2.173669636249542236e-04 -0.000000000000000000e+00
2.428103907732293010e-04 1.000000000000000000e+00 0.000000000000000000e+00 -1.000000000000000000e+00 2.428103907732293010e-04 -0.000000000000000000e+00
2.444075653329491615e-04 1.000000000000000000e+00 -0.000000000000000000e+00 -1.000000000000000000e+00 2.444075653329491615e-04 0.000000000000000000e+00
2.459227689541876316e-04 1.000000000000000000e+00 0.000000000000000000e+00 -1.000000000000000000e+00 2.459227689541876316e-04 -0.000000000000000000e+00
2.531272766645997763e-04 1.000000000000000000e+00 -0.000000000000000000e+00 -1.000000000000000000e+00 2.531272766645997763e-04 0.000000000000000000e+00
2.969157067127525806e-04 1.000000000000000000e+00 0.000000000000000000e+00 -1.000000000000000000e+00 2.969157067127525806e-04 -0.000000000000000000e+00
2.317247708560898900e-04 1.000000000000000000e+00 -0.000000000000000000e+00 -1.000000000000000000e+00 2.317247708560898900e-04 0.000000000000000000e+00
2.125729806721210480e-04 1.000000000000000000e+00 0.000000000000000000e+00 -1.000000000000000000e+00 2.125729806721210480e-04 -0.000000000000000000e+00
2.433271729387342930e-04 1.000000000000000000e+00 -0.000000000000000000e+00 -1.000000000000000000e+00 2.433271729387342930e-04 0.000000000000000000e+00
1.512189191998913884e-04 1.000000000000000000e+00 0.000000000000000000e+00 -1.000000000000000000e+00 1.512189191998913884e-04 -0.000000000000000000e+00
2.307980030309408903e-04 1.000000000000000000e+00 -0.000000000000000000e+00 -1.000000000000000000e+00 2.307980030309408903e-04 0.000000000000000000e+00
7.476608971046516672e-06 1.000000000000000000e+00 0.000000000000000000e+00 -1.000000000000000000e+00 7.476608971046516672e-06 0.000000000000000000e+00
-1.240042547578923404e-05 1.000000000000000000e+00 -0.000000000000000000e+00 -1.000000000000000000e+00 -1.240042547578923404e-05 0.000000000000000000e+00
-6.154130915092537180e-06 1.000000000000000000e+00 -0.000000000000000000e+00 -1.000000000000000000e+00 -6.154130915092537180e-06 0.000000000000000000e+00
-4.874443220614921302e-06 1.000000000000000000e+00 0.000000000000000000e+00 -1.000000000000000000e+00 -4.874443220614921302e-06 0.000000000000000000e+00
-2.364112333452794701e-05 1.000000000000000000e+00 -0.000000000000000000e+00 -1.000000000000000000e+00 -2.364112333452794701e-05 0.000000000000000000e+00
-3.040053525182884187e-05 1.000000000000000000e+00 0.000000000000000000e+00 -1.000000000000000000e+00 -3.040053525182884187e-05 0.000000000000000000e+00
-4.390144022181630135e-05 1.000000000000000000e+00 0.000000000000000000e+00 -1.000000000000000000e+00 -4.390144022181630135e-05 0.000000000000000000e+00
-1.127434461523080245e-05 1.000000000000000000e+00 0.000000000000000000e+00 -1.000000000000000000e+00 -1.127434461523080245e-05 0.000000000000000000e+00
-4.546530180959962308e-05 1.000000000000000000e+00 0.000000000000000000e+00 -1.000000000000000000e+00 -4.546530180959962308e-05 0.000000000000000000e+00
-1.563895966683048755e-05 1.000000000000000000e+00 0.000000000000000000e+00 -1.000000000000000000e+00 -1.563895966683048755e-05 0.000000000000000000e+00
-3.546040534274652600e-05 1.000000000000000000e+00 0.000000000000000000e+00 -1.000000000000000000e+00 -3.546040534274652600e-05 0.000000000000000000e+00
-2.374462383158970624e-05 1.000000000000000000e+00 0.000000000000000000e+00 -1.000000000000000000e+00 -2.374462383158970624e-05 0.000000000000000000e+00
-3.592488064896315336e-05 1.000000000000000000e+00 0.000000000000000000e+00 -1.000000000000000000e+00 -3.592488064896315336e-05 0.000000000000000000e+00
8.914511272450909019e-05 1.000000000000000000e+00 -0.000000000000000000e+00 -1.000000000000000000e+00 8.914511272450909019e-05 0.000000000000000000e+00
2.086260210489854217e-04 1.000000000000000000e+00 -0.000000000000000000e+00 -1.000000000000000000e+00 2.086260210489854217e-04 0.000000000000000000e+00
1.846813393058255315e-04 1.000000000000000000e+00 -0.000000000000000000e+00 -1.000000000000000000e+00 1.846813393058255315e-04 0.000000000000000000e+00
1.864211226347833872e-04 1.000000000000000000e+00 -0.000000000000000000e+00 -1.000000000000000000e+00 1.864211226347833872e-04 0.000000000000000000e+00
2.065044245682656765e-04 1.000000000000000000e+00 -0.000000000000000000e+00 -1.000000000000000000e+00 2.065044245682656765e-04 0.000000000000000000e+00
1.916477631311863661e-04 1.000000000000000000e+00 -0.000000000000000000e+00 -1.000000000000000000e+00 1.916477631311863661e-04 0.000000000000000000e+00
2.042859123321250081e-04 1.000000000000000000e+00 -0.000000000000000000e+00 -1.000000000000000000e+00 2.042859123321250081e-04 0.000000000000000000e+00
1.933666935656219721e-04 1.000000000000000000e+00 -0.000000000000000000e+00 -1.000000000000000000e+00 1.933666935656219721e-04 0.000000000000000000e+00
1.951291342265903950e-04 1.000000000000000000e+00 -0.000000000000000000e+00 -1.000000000000000000e+00 1.951291342265903950e-04 0.000000000000000000e+00
2.804757968988269567e-04 1.000000000000000000e+00 0.000000000000000000e+00 -1.000000000000000000e+00 2.804757968988269567e-04 0.000000000000000000e+00
2.214100968558341265e-04 1.000000000000000000e+00 0.000000000000000000e+00 -1.000000000000000000e+00 2.214100968558341265e-04 0.000000000000000000e+00
2.640984312165528536e-04 1.000000000000000000e+00 0.000000000000000000e+00 -1.000000000000000000e+00 2.640984312165528536e-04 0.000000000000000000e+00
2.258105523651465774e-04 1.000000000000000000e+00 0.000000000000000000e+00 -1.000000000000000000e+00 2.258105523651465774e-04 0.000000000000000000e+00
2.638102450873702765e-04 1.000000000000000000e+00 0.000000000000000000e+00 -1.000000000000000000e+00 2.638102450873702765e-04 0.000000000000000000e+00
2.263618953293189406e-04 1.000000000000000000e+00 0.000000000000000000e+00 -1.000000000000000000e+00 2.263618953293189406e-04 0.000000000000000000e+00
2.255543658975511789e-04 1.000000000000000000e+00 -0.000000000000000000e+00 -1.000000000000000000e+00 2.255543658975511789e-04 0.000000000000000000e+00
1.767289213603362441e-04 1.000000000000000000e+00 -0.000000000000000000e+00 -1.000000000000000000e+00 1.767289213603362441e-04 0.000000000000000000e+00
2.174797846237197518e-04 1.000000000000000000e+00 -0.000000000000000000e+00 -1.000000000000000000e+00 2.174797846237197518e-04 0.000000000000000000e+00
2.084142615785822272e-04 1.000000000000000000e+00 -0.000000000000000000e+00 -1.000000000000000000e+00 2.084142615785822272e-04 0.000000000000000000e+00
1.891048450488597155e-04 1.000000000000000000e+00 0.000000000000000000e+00 -1.000000000000000000e+00 1.891048450488597155e-04 0.000000000000000000e+00
1.708637137198820710e-04 1.000000000000000000e+00 0.000000000000000000e+00 -1.000000000000000000e+00 1.708637137198820710e-04 -0.000000000000000000e+00
1.718917774269357324e-04 1.000000000000000000e+00 0.000000000000000000e+00 -1.000000000000000000e+00 1.718917774269357324e-04 0.000000000000000000e+00
1.677166146691888571e-04 1.000000000000000000e+00 0.000000000000000000e+00 -1.000000000000000000e+00 1.677166146691888571e-04 0.000000000000000000e+00
1.573174668010324240e-04 1.000000000000000000e+00 0.000000000000000000e+00 -1.000000000000000000e+00 1.573174668010324240e-04 0.000000000000000000e+00
1.506209518993273377e-04 1.000000000000000000e+00 0.000000000000000000e+00 -1.000000000000000000e+00 1.506209518993273377e-04 0.000000000000000000e+00
1.360085880151018500e-04 1.000000000000000000e+00 0.000000000000000000e+00 -1.000000000000000000e+00 1.360085880151018500e-04 0.000000000000000000e+00
1.296960981562733650e-04 1.000000000000000000e+00 0.000000000000000000e+00 -1.000000000000000000e+00 1.296960981562733650e-04 0.000000000000000000e+00
1.260742865270003676e-04 1.000000000000000000e+00 0.000000000000000000e+00 -1.000000000000000000e+00 1.260742865270003676e-04 0.000000000000000000e+00
1.122522662626579404e-04 1.000000000000000000e+00 0.000000000000000000e+00 -1.000000000000000000e+00 1.122522662626579404e-04 0.000000000000000000e+00
1.191115225083194673e-04 1.000000000000000000e+00 0.000000000000000000e+00 -1.000000000000000000e+00 1.191115225083194673e-04 0.000000000000000000e+00
1.088381832232698798e-04 1.000000000000000000e+00 0.000000000000000000e+00 -1.000000000000000000e+00 1.088381832232698798e-04 0.000000000000000000e+00
1.690394565230235457e-04 1.000000000000000000e+00 0.000000000000000000e+00 -1.000000000000000000e+00 1.690394565230235457e-04 0.000000000000000000e+00
2.410669694654643536e-04 1.000000000000000000e+00 0.000000000000000000e+00 -1.000000000000000000e+00 2.410669694654643536e-04 0.000000000000000000e+00
1.922161027323454618e-04 1.000000000000000000e+00 0.000000000000000000e+00 -1.000000000000000000e+00 1.922161027323454618e-04 0.000000000000000000e+00
2.322942018508911133e-04 1.000000000000000000e+00 0.000000000000000000e+00 -1.000000000000000000e+00 2.322942018508911133e-04 0.000000000000000000e+00
1.924033567775040865e-04 1.000000000000000000e+00 0.000000000000000000e+00 -1.000000000000000000e+00 1.924033567775040865e-04 0.000000000000000000e+00
2.222600596724078059e-04 1.000000000000000000e+00 0.000000000000000000e+00 -1.000000000000000000e+00 2.222600596724078059e-04 0.000000000000000000e+00
2.086088352371007204e-04 1.000000000000000000e+00 0.000000000000000000e+00 -1.000000000000000000e+00 2.086088352371007204e-04 0.000000000000000000e+00
1.015210291370749474e-04 1.000000000000000000e+00 0.000000000000000000e+00 -1.000000000000000000e+00 1.015210291370749474e-04 -0.000000000000000000e+00
1.362412003800272942e-04 1.000000000000000000e+00 -0.000000000000000000e+00 -1.000000000000000000e+00 1.362412003800272942e-04 0.000000000000000000e+00
1.853678113548085093e-04 1.000000000000000000e+00 -0.000000000000000000e+00 -1.000000000000000000e+00 1.853678113548085093e-04 0.000000000000000000e+00
-7.141966307244729251e-06 1.000000000000000000e+00 0.000000000000000000e+00 -1.000000000000000000e+00 -7.141966307244729251e-06 0.000000000000000000e+00
6.024296908435644582e-06 1.000000000000000000e+00 -0.000000000000000000e+00 -1.000000000000000000e+00 6.024296908435644582e-06 0.000000000000000000e+00
4.073787931702099741e-05 1.000000000000000000e+00 -0.000000000000000000e+00 -1.000000000000000000e+00 4.073787931702099741e-05 0.000000000000000000e+00
-1.249039451067801565e-05 1.000000000000000000e+00 0.000000000000000000e+00 -1.000000000000000000e+00 -1.249039451067801565e-05 0.000000000000000000e+00
-2.665107604116201401e-05 1.000000000000000000e+00 0.000000000000000000e+00 -1.000000000000000000e+00 -2.665107604116201401e-05 0.000000000000000000e+00
-3.034677320101764053e-05 1.000000000000000000e+00 0.000000000000000000e+00 -1.000000000000000000e+00 -3.034677320101764053e-05 0.000000000000000000e+00
-4.334297409513965249e-05 1.000000000000000000e+00 0.000000000000000000e+00 -1.000000000000000000e+00 -4.334297409513965249e-05 0.000000000000000000e+00
-4.573045589495450258e-05 1.000000000000000000e+00 0.000000000000000000e+00 -1.000000000000000000e+00 -4.573045589495450258e-05 0.000000000000000000e+00
7.238043326651677489e-05 1.000000000000000000e+00 0.000000000000000000e+00 -1.000000000000000000e+00 7.238043326651677489e-05 -0.000000000000000000e+00
1.027114776661619544e-04 1.000000000000000000e+00 -0.000000000000000000e+00 -1.000000000000000000e+00 1.027114776661619544e-04 0.000000000000000000e+00
9.735464118421077728e-05 1.000000000000000000e+00 -0.000000000000000000e+00 -1.000000000000000000e+00 9.735464118421077728e-05 0.000000000000000000e+00
9.132010018220171332e-05 1.000000000000000000e+00 0.000000000000000000e+00 -1.000000000000000000e+00 9.132010018220171332e-05 -0.000000000000000000e+00
1.221463462570682168e-04 1.000000000000000000e+00 -0.000000000000000000e+00 -1.000000000000000000e+00 1.221463462570682168e-04 0.000000000000000000e+00
7.039342744974419475e-05 1.000000000000000000e+00 0.000000000000000000e+00 -1.000000000000000000e+00 7.039342744974419475e-05 0.000000000000000000e+00
6.198383925948292017e-05 1.000000000000000000e+00 -0.000000000000000000e+00 -1.000000000000000000e+00 6.198383925948292017e-05 0.000000000000000000e+00
1.710809556243475527e-05 1.000000000000000000e+00 0.000000000000000000e+00 -1.000000000000000000e+00 1.710809556243475527e-05 0.000000000000000000e+00
-2.517096982046496123e-05 1.000000000000000000e+00 0.000000000000000000e+00 -1.000000000000000000e+00 -2.517096982046496123e-05 0.000000000000000000e+00
-5.124017116031609476e-05 1.000000000000000000e+00 0.000000000000000000e+00 -1.000000000000000000e+00 -5.124017116031609476e-05 0.000000000000000000e+00
-7.867134991101920605e-05 1.000000000000000000e+00 0.000000000000000000e+00 -1.000000000000000000e+00 -7.867134991101920605e-05 0.000000000000000000e+00
-1.758120342856273055e-04 1.000000000000000000e+00 -0.000000000000000000e+00 -1.000000000000000000e+00 -1.758120342856273055e-04 0.000000000000000000e+00
-1.499900681665167212e-04 1.000000000000000000e+00 -0.000000000000000000e+00 -1.000000000000000000e+00 -1.499900681665167212e-04 0.000000000000000000e+00
-1.099302535294555128e-04 1.000000000000000000e+00 -0.000000000000000000e+00 -1.000000000000000000e+00 -1.099302535294555128e-04 0.000000000000000000e+00
-1.777562574716284871e-04 1.000000000000000000e+00 0.000000000000000000e+00 -1.000000000000000000e+00 -1.777562574716284871e-04 0.000000000000000000e+00
-1.716873375698924065e-04 1.000000000000000000e+00 0.000000000000000000e+00 -1.000000000000000000e+00 -1.716873375698924065e-04 0.000000000000000000e+00
-1.753314718371257186e-04 1.000000000000000000e+00 0.000000000000000000e+00 -1.000000000000000000e+00 -1.753314718371257186e-04 0.000000000000000000e+00
-1.921696530189365149e-04 1.000000000000000000e+00 0.000000000000000000e+00 -1.000000000000000000e+00 -1.921696530189365149e-04 0.000000000000000000e+00
-1.763255277182906866e-04 1.000000000000000000e+00 0.000000000000000000e+00 -1.000000000000000000e+00 -1.763255277182906866e-04 0.000000000000000000e+00
-2.061105333268642426e-04 1.000000000000000000e+00 0.000000000000000000e+00 -1.000000000000000000e+00 -2.061105333268642426e-04 0.000000000000000000e+00
-2.264165668748319149e-04 1.000000000000000000e+00 0.000000000000000000e+00 -1.000000000000000000e+00 -2.264165668748319149e-04 0.000000000000000000e+00
-2.453094639349728823e-04 1.000000000000000000e+00 0.000000000000000000e+00 -1.000000000000000000e+00 -2.453094639349728823e-04 0.000000000000000000e+00
-2.725957892835140228e-04 1.000000000000000000e+00 0.000000000000000000e+00 -1.000000000000000000e+00 -2.725957892835140228e-04 0.000000000000000000e+00
-2.912458148784935474e-04 1.000000000000000000e+00 0.000000000000000000e+00 -1.000000000000000000e+00 -2.912458148784935474e-04 0.000000000000000000e+00
-3.020552976522594690e-04 9.999999403953552246e-01 0.000000000000000000e+00 -9.999999403953552246e-01 -3.020552976522594690e-04 0.000000000000000000e+00
-2.864613488782197237e-04 1.000000000000000000e+00 0.000000000000000000e+00 -1.000000000000000000e+00 -2.864613488782197237e-04 0.000000000000000000e+00
-3.054280387004837394e-05 1.000000000000000000e+00 0.000000000000000000e+00 -1.000000000000000000e+00 -3.054280387004837394e-05 0.000000000000000000e+00
-2.688038875930942595e-05 1.000000000000000000e+00 0.000000000000000000e+00 -1.000000000000000000e+00 -2.688038875930942595e-05 0.000000000000000000e+00
-2.416960160189773887e-05 1.000000000000000000e+00 0.000000000000000000e+00 -1.000000000000000000e+00 -2.416960160189773887e-05 0.000000000000000000e+00
-2.206080534961074591e-05 1.000000000000000000e+00 0.000000000000000000e+00 -1.000000000000000000e+00 -2.206080534961074591e-05 0.000000000000000000e+00
9.189319825964048505e-06 1.000000000000000000e+00 -0.000000000000000000e+00 -1.000000000000000000e+00 9.189319825964048505e-06 0.000000000000000000e+00
5.937253263255115598e-06 1.000000000000000000e+00 -0.000000000000000000e+00 -1.000000000000000000e+00 5.937253263255115598e-06 0.000000000000000000e+00
2.214638516306877136e-05 1.000000000000000000e+00 -0.000000000000000000e+00 -1.000000000000000000e+00 2.214638516306877136e-05 0.000000000000000000e+00
1.315192639594897628e-04 1.000000000000000000e+00 0.000000000000000000e+00 -1.000000000000000000e+00 1.315192639594897628e-04 0.000000000000000000e+00
5.624408004223369062e-05 1.000000000000000000e+00 0.000000000000000000e+00 -1.000000000000000000e+00 5.624408004223369062e-05 -0.000000000000000000e+00
5.140986831975169480e-05 1.000000000000000000e+00 0.000000000000000000e+00 -1.000000000000000000e+00 5.140986831975169480e-05 -0.000000000000000000e+00
1.717180566629394889e-04 1.000000000000000000e+00 -0.000000000000000000e+00 -1.000000000000000000e+00 1.717180566629394889e-04 0.000000000000000000e+00
1.710773067316040397e-04 1.000000000000000000e+00 -0.000000000000000000e+00 -1.000000000000000000e+00 1.710773067316040397e-04 0.000000000000000000e+00
1.803405029932036996e-04 1.000000000000000000e+00 -0.000000000000000000e+00 -1.000000000000000000e+00 1.803405029932036996e-04 0.000000000000000000e+00
1.860217453213408589e-04 1.000000000000000000e+00 -0.000000000000000000e+00 -1.000000000000000000e+00 1.860217453213408589e-04 0.000000000000000000e+00
1.891684805741533637e-04 1.000000000000000000e+00 -0.000000000000000000e+00 -1.000000000000000000e+00 1.891684805741533637e-04 0.000000000000000000e+00
1.828091772040352225e-04 1.000000000000000000e+00 -0.000000000000000000e+00 -1.000000000000000000e+00 1.828091772040352225e-04 0.000000000000000000e+00
1.526745181763544679e-04 1.000000000000000000e+00 -0.000000000000000000e+00 -1.000000000000000000e+00 1.526745181763544679e-04 0.000000000000000000e+00
1.961743982974439859e-04 1.000000000000000000e+00 -0.000000000000000000e+00 -1.000000000000000000e+00 1.961743982974439859e-04 0.000000000000000000e+00
1.836093870224431157e-04 1.000000000000000000e+00 -0.000000000000000000e+00 -1.000000000000000000e+00 1.836093870224431157e-04 0.000000000000000000e+00
2.023683919105678797e-04 1.000000000000000000e+00 -0.000000000000000000e+00 -1.000000000000000000e+00 2.023683919105678797e-04 0.000000000000000000e+00
1.988149597309529781e-04 1.000000000000000000e+00 -0.000000000000000000e+00 -1.000000000000000000e+00 1.988149597309529781e-04 0.000000000000000000e+00
2.053761418210342526e-04 1.000000000000000000e+00 -0.000000000000000000e+00 -1.000000000000000000e+00 2.053761418210342526e-04 0.000000000000000000e+00
-1.255286188097670674e-04 1.000000000000000000e+00 0.000000000000000000e+00 -1.000000000000000000e+00 -1.255286188097670674e-04 0.000000000000000000e+00
-1.526138075860217214e-04 1.000000000000000000e+00 0.000000000000000000e+00 -1.000000000000000000e+00 -1.526138075860217214e-04 0.000000000000000000e+00
-1.808313099900260568e-04 1.000000000000000000e+00 0.000000000000000000e+00 -1.000000000000000000e+00 -1.808313099900260568e-04 0.000000000000000000e+00
-2.023223059950396419e-04 1.000000000000000000e+00 0.000000000000000000e+00 -1.000000000000000000e+00 -2.023223059950396419e-04 0.000000000000000000e+00
-2.655891585163772106e-04 1.000000000000000000e+00 0.000000000000000000e+00 -1.000000000000000000e+00 -2.655891585163772106e-04 0.000000000000000000e+00
-2.611784439068287611e-04 1.000000000000000000e+00 0.000000000000000000e+00 -1.000000000000000000e+00 -2.611784439068287611e-04 0.000000000000000000e+00
-2.771132858470082283e-04 1.000000000000000000e+00 0.000000000000000000e+00 -1.000000000000000000e+00 -2.771132858470082283e-04 0.000000000000000000e+00
-2.484986034687608480e-04 1.000000000000000000e+00 0.000000000000000000e+00 -1.000000000000000000e+00 -2.484986034687608480e-04 0.000000000000000000e+00
-3.462515014689415693e-04 9.999999403953552246e-01 0.000000000000000000e+00 -9.999999403953552246e-01 -3.462515014689415693e-04 0.000000000000000000e+00
-3.207162662874907255e-04 9.999999403953552246e-01 0.000000000000000000e+00 -9.999999403953552246e-01 -3.207162662874907255e-04 0.000000000000000000e+00
-1.863874786067754030e-04 1.000000000000000000e+00 0.000000000000000000e+00 -1.000000000000000000e+00 -1.863874786067754030e-04 0.000000000000000000e+00
-1.975846535060554743e-04 1.000000000000000000e+00 0.000000000000000000e+00 -1.000000000000000000e+00 -1.975846535060554743e-04 0.000000000000000000e+00
-1.646880118642002344e-04 1.000000000000000000e+00 0.000000000000000000e+00 -1.000000000000000000e+00 -1.646880118642002344e-04 0.000000000000000000e+00
-1.556296192575246096e-04 1.000000000000000000e+00 0.000000000000000000e+00 -1.000000000000000000e+00 -1.556296192575246096e-04 0.000000000000000000e+00
-1.333654654445126653e-04 1.000000000000000000e+00 0.000000000000000000e+00 -1.000000000000000000e+00 -1.333654654445126653e-04 0.000000000000000000e+00
-1.084358809748664498e-04 1.000000000000000000e+00 0.000000000000000000e+00 -1.000000000000000000e+00 -1.084358809748664498e-04 0.000000000000000000e+00
-1.065999167622067034e-04 1.000000000000000000e+00 0.000000000000000000e+00 -1.000000000000000000e+00 -1.065999167622067034e-04 0.000000000000000000e+00
-7.513839955208823085e-05 1.000000000000000000e+00 0.000000000000000000e+00 -1.000000000000000000e+00 -7.513839955208823085e-05 0.000000000000000000e+00
-7.415678555844351649e-05 1.000000000000000000e+00 0.000000000000000000e+00 -1.000000000000000000e+00 -7.415678555844351649e-05 0.000000000000000000e+00
-5.331312422640621662e-05 1.000000000000000000e+00 0.000000000000000000e+00 -1.000000000000000000e+00 -5.331312422640621662e-05 0.000000000000000000e+00
-5.032877379562705755e-05 1.000000000000000000e+00 0.000000000000000000e+00 -1.000000000000000000e+00 -5.032877379562705755e-05 0.000000000000000000e+00
-4.097926284885033965e-05 1.000000000000000000e+00 0.000000000000000000e+00 -1.000000000000000000e+00 -4.097926284885033965e-05 0.000000000000000000e+00
-9.725186828291043639e-05 1.000000000000000000e+00 -0.000000000000000000e+00 -1.000000000000000000e+00 -9.725186828291043639e-05 0.000000000000000000e+00
-9.968982340069487691e-05 1.000000000000000000e+00 0.000000000000000000e+00 -1.000000000000000000e+00 -9.968982340069487691e-05 0.000000000000000000e+00
-1.368157536489889026e-04 1.000000000000000000e+00 -0.000000000000000000e+00 -1.000000000000000000e+00 -1.368157536489889026e-04 0.000000000000000000e+00
-1.627847523195669055e-04 1.000000000000000000e+00 0.000000000000000000e+00 -1.000000000000000000e+00 -1.627847523195669055e-04 0.000000000000000000e+00
-1.909854181576520205e-04 1.000000000000000000e+00 -0.000000000000000000e+00 -1.000000000000000000e+00 -1.909854181576520205e-04 0.000000000000000000e+00
-2.212634426541626453e-04 1.000000000000000000e+00 0.000000000000000000e+00 -1.000000000000000000e+00 -2.212634426541626453e-04 0.000000000000000000e+00
-2.641313476487994194e-04 1.000000000000000000e+00 0.000000000000000000e+00 -1.000000000000000000e+00 -2.641313476487994194e-04 0.000000000000000000e+00
-4.338869184721261263e-04 9.999999403953552246e-01 0.000000000000000000e+00 -9.999999403953552246e-01 -4.338869184721261263e-04 0.000000000000000000e+00
-3.487867361400276423e-04 9.999999403953552246e-01 0.000000000000000000e+00 -9.999999403953552246e-01 -3.487867361400276423e-04 0.000000000000000000e+00
-2.914791402872651815e-04 1.000000000000000000e+00 0.000000000000000000e+00 -1.000000000000000000e+00 -2.914791402872651815e-04 0.000000000000000000e+00
-3.851065994240343571e-04 9.999999403953552246e-01 0.000000000000000000e+00 -9.999999403953552246e-01 -3.851065994240343571e-04 0.000000000000000000e+00
-3.936156863346695900e-04 9.999999403953552246e-01 -0.000000000000000000e+00 -9.999999403953552246e-01 -3.936156863346695900e-04 0.000000000000000000e+00
-4.063174710609018803e-04 9.999999403953552246e-01 0.000000000000000000e+00 -9.999999403953552246e-01 -4.063174710609018803e-04 0.000000000000000000e+00
-4.069209098815917969e-04 9.999999403953552246e-01 0.000000000000000000e+00 -9.999999403953552246e-01 -4.069209098815917969e-04 0.000000000000000000e+00
-3.774453070946037769e-04 9.999999403953552246e-01 0.000000000000000000e+00 -9.999999403953552246e-01 -3.774453070946037769e-04 0.000000000000000000e+00
-3.864612663164734840e-04 9.999999403953552246e-01 0.000000000000000000e+00 -9.999999403953552246e-01 -3.864612663164734840e-04 0.000000000000000000e+00
-3.647033008746802807e-04 9.999999403953552246e-01 0.000000000000000000e+00 -9.999999403953552246e-01 -3.647033008746802807e-04 0.000000000000000000e+00
-3.736753715202212334e-04 9.999999403953552246e-01 0.000000000000000000e+00 -9.999999403953552246e-01 -3.736753715202212334e-04 0.000000000000000000e+00
-4.073363961651921272e-04 9.999999403953552246e-01 0.000000000000000000e+00 -9.999999403953552246e-01 -4.073363961651921272e-04 0.000000000000000000e+00
-4.067380505148321390e-04 9.999999403953552246e-01 0.000000000000000000e+00 -9.999999403953552246e-01 -4.067380505148321390e-04 0.000000000000000000e+00
-3.909633960574865341e-04 9.999999403953552246e-01 0.000000000000000000e+00 -9.999999403953552246e-01 -3.909633960574865341e-04 0.000000000000000000e+00
-3.623326483648270369e-04 9.999999403953552246e-01 0.000000000000000000e+00 -9.999999403953552246e-01 -3.623326483648270369e-04 0.000000000000000000e+00
9.016549302032217383e-05 1.000000000000000000e+00 0.000000000000000000e+00 -1.000000000000000000e+00 9.016549302032217383e-05 -0.000000000000000000e+00
4.514272586675360799e-05 1.000000000000000000e+00 0.000000000000000000e+00 -1.000000000000000000e+00 4.514272586675360799e-05 -0.000000000000000000e+00
3.591829590732231736e-05 1.000000000000000000e+00 0.000000000000000000e+00 -1.000000000000000000e+00 3.591829590732231736e-05 -0.000000000000000000e+00
-1.608551610843278468e-05 1.000000000000000000e+00 -0.000000000000000000e+00 -1.000000000000000000e+00 -1.608551610843278468e-05 0.000000000000000000e+00
-4.757336500915698707e-05 1.000000000000000000e+00 -0.000000000000000000e+00 -1.000000000000000000e+00 -4.757336500915698707e-05 0.000000000000000000e+00
-8.326710667461156845e-05 1.000000000000000000e+00 -0.000000000000000000e+00 -1.000000000000000000e+00 -8.326710667461156845e-05 0.000000000000000000e+00
-1.066942786565050483e-04 1.000000000000000000e+00 0.000000000000000000e+00 -1.000000000000000000e+00 -1.066942786565050483e-04 0.000000000000000000e+00
-8.367379632545635104e-05 1.000000000000000000e+00 0.000000000000000000e+00 -1.000000000000000000e+00 -8.367379632545635104e-05 0.000000000000000000e+00
-1.611323823453858495e-04 1.000000000000000000e+00 0.000000000000000000e+00 -1.000000000000000000e+00 -1.611323823453858495e-04 0.000000000000000000e+00
-1.136007122113369405e-04 1.000000000000000000e+00 0.000000000000000000e+00 -1.000000000000000000e+00 -1.136007122113369405e-04 0.000000000000000000e+00
-8.976026583695784211e-05 1.000000000000000000e+00 0.000000000000000000e+00 -1.000000000000000000e+00 -8.976026583695784211e-05 0.000000000000000000e+00
-7.706286851316690445e-05 1.000000000000000000e+00 -0.000000000000000000e+00 -1.000000000000000000e+00 -7.706286851316690445e-05 0.000000000000000000e+00
-9.493241668678820133e-05 1.000000000000000000e+00 -0.000000000000000000e+00 -1.000000000000000000e+00 -9.493241668678820133e-05 0.000000000000000000e+00
-1.160101382993161678e-04 1.000000000000000000e+00 0.000000000000000000e+00 -1.000000000000000000e+00 -1.160101382993161678e-04 0.000000000000000000e+00
-1.307987840846180916e-04 1.000000000000000000e+00 -0.000000000000000000e+00 -1.000000000000000000e+00 -1.307987840846180916e-04 0.000000000000000000e+00
-1.263500453205779195e-04 1.000000000000000000e+00 -0.000000000000000000e+00 -1.000000000000000000e+00 -1.263500453205779195e-04 0.000000000000000000e+00
-1.269417989533394575e-04 1.000000000000000000e+00 0.000000000000000000e+00 -1.000000000000000000e+00 -1.269417989533394575e-04 0.000000000000000000e+00
-1.323692267760634422e-04 1.000000000000000000e+00 0.000000000000000000e+00 -1.000000000000000000e+00 -1.323692267760634422e-04 0.000000000000000000e+00
-1.471988216508179903e-04 1.000000000000000000e+00 0.000000000000000000e+00 -1.000000000000000000e+00 -1.471988216508179903e-04 0.000000000000000000e+00
-1.356029970338568091e-04 1.000000000000000000e+00 0.000000000000000000e+00 -1.000000000000000000e+00 -1.356029970338568091e-04 0.000000000000000000e+00
-1.171921758214011788e-04 1.000000000000000000e+00 0.000000000000000000e+00 -1.000000000000000000e+00 -1.171921758214011788e-04 0.000000000000000000e+00
-1.140088643296621740e-04 1.000000000000000000e+00 0.000000000000000000e+00 -1.000000000000000000e+00 -1.140088643296621740e-04 0.000000000000000000e+00
-9.991418719291687012e-01 4.123950749635696411e-02 3.852825146168470383e-03 -3.849547822028398514e-03 1.588898012414574623e-04 -9.999926090240478516e-01
-9.991425871849060059e-01 4.123953357338905334e-02 3.674711799249053001e-03 -3.671585815027356148e-03 1.515444309916347265e-04 -9.999932646751403809e-01
-9.742438197135925293e-01 -2.254665195941925049e-01 3.716583130881190300e-03 -3.620883217081427574e-03 -8.379708742722868919e-04 -9.999930858612060547e-01
-9.742439985275268555e-01 -2.254665642976760864e-01 3.674066625535488129e-03 -3.579461481422185898e-03 -8.283847710117697716e-04 -9.999932646751403809e-01
-8.794408440589904785e-01 -4.759943783283233643e-01 3.639924107119441032e-03 -3.201118670403957367e-03 -1.732594682835042477e-03 -9.999933838844299316e-01
-8.794412016868591309e-01 -4.759945571422576904e-01 3.520012134686112404e-03 -3.095662686973810196e-03 -1.675516949035227299e-03 -9.999938011169433594e-01
-7.215350270271301270e-01 -6.923696994781494141e-01 3.386884462088346481e-03 -2.443769713863730431e-03 -2.344989450648427010e-03 -9.999942779541015625e-01
-7.215352654457092285e-01 -6.923699378967285156e-01 3.284437116235494614e-03 -2.369849942624568939e-03 -2.274057595059275627e-03 -9.999946355819702148e-01
-5.118597745895385742e-01 -8.590641617774963379e-01 2.891295822337269783e-03 -1.479944214224815369e-03 -2.483818912878632545e-03 -9.999958276748657227e-01
-5.118600130081176758e-01 -8.590645194053649902e-01 2.734412904828786850e-03 -1.399641856551170349e-03 -2.349045826122164726e-03 -9.999962449073791504e-01
-2.654522359371185303e-01 -9.641205668449401855e-01 2.592058386653661728e-03 -6.880700238980352879e-04 -2.499065129086375237e-03 -9.999966621398925781e-01
-2.654523849487304688e-01 -9.641210436820983887e-01 2.401333767920732498e-03 -6.374415825121104717e-04 -2.315182937309145927e-03 -9.999971389770507812e-01
0.000000000000000000e+00 -1.799489255063235760e-03 -9.999983906745910645e-01 0.000000000000000000e+00 9.999983906745910645e-01 -1.799489255063235760e-03
0.000000000000000000e+00 -1.693379599601030350e-03 -9.999985694885253906e-01 0.000000000000000000e+00 9.999985694885253906e-01 -1.693379599601030350e-03
2.654525935649871826e-01 -9.641216993331909180e-01 2.080733422189950943e-03 5.523372674360871315e-04 -2.006084658205509186e-03 -9.999978542327880859e-01
2.654526233673095703e-01 -9.641218781471252441e-01 1.977582927793264389e-03 5.249556270428001881e-04 -1.906634774059057236e-03 -9.999980330467224121e-01
5.118606686592102051e-01 -8.590657711029052734e-01 2.148834988474845886e-03 1.099906745366752148e-03 -1.845995080657303333e-03 -9.999977350234985352e-01
5.118608474731445312e-01 -8.590660691261291504e-01 2.001931890845298767e-03 1.024712575599551201e-03 -1.719795167446136475e-03 -9.999979734420776367e-01
7.215371131896972656e-01 -6.923716664314270020e-01 2.375936135649681091e-03 1.714330865070223808e-03 -1.645035576075315475e-03 -9.999971985816955566e-01
7.215373516082763672e-01 -6.923719048500061035e-01 2.266099443659186363e-03 1.635079272091388702e-03 -1.568987383507192135e-03 -9.999974370002746582e-01
8.794438242912292480e-01 -4.759959876537322998e-01 2.546393545344471931e-03 2.239417284727096558e-03 -1.212076982483267784e-03 -9.999967813491821289e-01
8.794440627098083496e-01 -4.759961068630218506e-01 2.415936673060059547e-03 2.124687423929572105e-03 -1.149979885667562485e-03 -9.999970793724060059e-01
9.742469191551208496e-01 -2.254669517278671265e-01 2.762454096227884293e-03 2.691322704777121544e-03 -6.228444981388747692e-04 -9.999961853027343750e-01
9.742475152015686035e-01 -2.254671007394790649e-01 2.529554069042205811e-03 2.464419696480035782e-03 -5.703330389223992825e-04 -9.999968409538269043e-01
9.991447329521179199e-01 4.123933985829353333e-02 3.034851280972361565e-03 3.032269654795527458e-03 1.251558423973619938e-04 -9.999954104423522949e-01
9.991450309753417969e-01 4.123935103416442871e-02 2.930966904386878014e-03 2.928473521023988724e-03 1.208717003464698792e-04 -9.999957084655761719e-01
9.846215248107910156e-01 1.746883243322372437e-01 2.122174715623259544e-03 2.089543733745813370e-03 3.707200230564922094e-04 -9.999977946281433105e-01
9.846213459968566895e-01 1.746882945299148560e-01 2.216711174696683884e-03 2.182626398280262947e-03 3.872344386763870716e-04 -9.999975562095642090e-01
9.992045164108276367e-01 3.985606133937835693e-02 1.360475434921681881e-03 1.359394402243196964e-03 5.422323738457635045e-05 -9.999991059303283691e-01
9.992046952247619629e-01 3.985606506466865540e-02 1.200584461912512779e-03 1.199630438350141048e-03 4.785060809808783233e-05 -9.999992847442626953e-01
9.733046889305114746e-01 -2.295134365558624268e-01 1.276133931241929531e-03 1.242068130522966385e-03 -2.928901230916380882e-04 -9.999992251396179199e-01
9.733048081398010254e-01 -2.295134663581848145e-01 1.153071876615285873e-03 1.122291199862957001e-03 -2.646456996444612741e-04 -9.999993443489074707e-01
8.761294484138488770e-01 -4.820753633975982666e-01 8.038017549552023411e-04 7.042345823720097542e-04 -3.874931426253169775e-04 -9.999997019767761230e-01
8.761294484138488770e-01 -4.820753633975982666e-01 8.089350885711610317e-04 7.087320555001497269e-04 -3.899677831213921309e-04 -9.999997019767761230e-01
7.147943377494812012e-01 -6.993345022201538086e-01 5.787903210148215294e-04 4.137161013204604387e-04 -4.047680995427072048e-04 -9.999998211860656738e-01
7.147943377494812012e-01 -6.993345022201538086e-01 5.938276881352066994e-04 4.244647279847413301e-04 -4.152842739131301641e-04 -9.999998211860656738e-01
5.011139512062072754e-01 -8.653813004493713379e-01 3.421063593123108149e-04 1.714342652121558785e-04 -2.960524579975754023e-04 -1.000000000000000000e+00
5.011139512062072754e-01 -8.653813004493713379e-01 3.008447529282420874e-04 1.507575070718303323e-04 -2.603454340714961290e-04 -1.000000000000000000e+00
2.575759291648864746e-01 -9.662580490112304688e-01 -3.865980543196201324e-04 -9.957836300600320101e-05 3.735535137820988894e-04 -9.999999403953552246e-01
2.575758993625640869e-01 -9.662579298019409180e-01 -5.807945271953940392e-04 -1.495987235102802515e-04 5.611974629573523998e-04 -9.999998807907104492e-01
-1.093208417296409607e-02 -9.999400973320007324e-01 -6.102299084886908531e-04 6.671085884590866044e-06 6.101934704929590225e-04 -9.999998211860656738e-01
-1.093208324164152145e-02 -9.999399781227111816e-01 -7.792013348080217838e-04 8.518296453985385597e-06 7.791548268869519234e-04 -9.999997019767761230e-01
-2.786392867565155029e-01 -9.603952765464782715e-01 -1.066920696757733822e-03 2.972861693706363440e-04 1.024666125886142254e-03 -9.999994635581970215e-01
-2.786392569541931152e-01 -9.603951573371887207e-01 -1.159340376034379005e-03 3.230379370506852865e-04 1.113425591029226780e-03 -9.999993443489074707e-01
-5.259413719177246094e-01 -8.505204319953918457e-01 -8.622262394055724144e-04 4.534806066658347845e-04 7.333412650041282177e-04 -9.999996423721313477e-01
-5.259413123130798340e-01 -8.505203723907470703e-01 -8.855890482664108276e-04 4.657680692616850138e-04 7.532118470408022404e-04 -9.999995827674865723e-01
-7.347284555435180664e-01 -6.783613562583923340e-01 -2.838090586010366678e-04 2.085225714836269617e-04 1.925250835483893752e-04 -9.999999403953552246e-01
-7.347284555435180664e-01 -6.783613562583923340e-01 -1.993108890019357204e-04 1.464393862988799810e-04 1.352047984255477786e-04 -1.000000000000000000e+00
-8.197580575942993164e-01 -5.727100968360900879e-01 1.283564342884346843e-04 -1.052212246577255428e-04 -7.351102249231189489e-05 -1.000000000000000000e+00
-8.197580575942993164e-01 -5.727100968360900879e-01 4.462046490516513586e-05 -3.657798515632748604e-05 -2.555459104769397527e-05 -1.000000000000000000e+00
-6.773432493209838867e-01 7.356653809547424316e-01 1.633654581382870674e-03 -1.106546376831829548e-03 1.201824634335935116e-03 -9.999986886978149414e-01
-6.773432493209838867e-01 7.356653809547424316e-01 1.607719925232231617e-03 -1.088979770429432392e-03 1.182745560072362423e-03 -9.999987483024597168e-01
-8.483275771141052246e-01 5.294687747955322266e-01 1.777055440470576286e-03 -1.507527427747845650e-03 9.408968617208302021e-04 -9.999984502792358398e-01
-8.483276367187500000e-01 5.294688344001770020e-01 1.728003961034119129e-03 -1.465915702283382416e-03 9.149255929514765739e-04 -9.999985098838806152e-01
-9.584422111511230469e-01 2.852802276611328125e-01 1.930332509800791740e-03 -1.850115600973367691e-03 5.506867310032248497e-04 -9.999981522560119629e-01
-9.584425091743469238e-01 2.852803170680999756e-01 1.767097390256822109e-03 -1.693663885816931725e-03 5.041189142502844334e-04 -9.999984502792358398e-01
-9.997849464416503906e-01 2.062521502375602722e-02 2.153693232685327530e-03 -2.153235021978616714e-03 4.442048884811811149e-05 -9.999976754188537598e-01
-9.997852444648742676e-01 2.062522247433662415e-02 2.023354871198534966e-03 -2.022924367338418961e-03 4.173222623649053276e-05 -9.999979734420776367e-01
-9.693905115127563477e-01 -2.455145865678787231e-01 2.153671346604824066e-03 -2.087753498926758766e-03 -5.287589738145470619e-04 -9.999976754188537598e-01
-9.693909287452697754e-01 -2.455146908760070801e-01 1.960196532309055328e-03 -1.900200382806360722e-03 -4.812579427380114794e-04 -9.999980926513671875e-01
-8.694419264793395996e-01 -4.940319955348968506e-01 1.769907656125724316e-03 -1.538834301754832268e-03 -8.743923972360789776e-04 -9.999984502792358398e-01
-8.694422841072082520e-01 -4.940321743488311768e-01 1.552028232254087925e-03 -1.349400496110320091e-03 -7.667528116144239902e-04 -9.999988079071044922e-01
-7.071056962013244629e-01 -7.071068286895751953e-01 1.213131705299019814e-03 -8.578130509704351425e-04 -8.578144479542970657e-04 -9.999992847442626953e-01
-7.071058750152587891e-01 -7.071070075035095215e-01 1.014725188724696636e-03 -7.175185019150376320e-04 -7.175196660682559013e-04 -9.999994635581970215e-01
-4.940335452556610107e-01 -8.694426417350769043e-01 6.377371610142290592e-04 -3.150636039208620787e-04 -5.544759915210306644e-04 -9.999998211860656738e-01
-4.940336048603057861e-01 -8.694427609443664551e-01 3.650258586276322603e-04 -1.803350460249930620e-04 -3.173691220581531525e-04 -9.999999403953552246e-01
-2.455130368471145630e-01 -9.693933129310607910e-01 1.022506621666252613e-04 -2.510387093934696168e-05 -9.912110544973984361e-05 -1.000000000000000000e+00
-2.455130368471145630e-01 -9.693933129310607910e-01 2.337889418413396925e-05 -5.739823336625704542e-06 -2.266334377054590732e-05 -1.000000000000000000e+00
2.062301710247993469e-02 -9.997873306274414062e-01 1.037004112731665373e-04 2.138615400326671079e-06 -1.036783578456379473e-04 -1.000000000000000000e+00
2.062301710247993469e-02 -9.997873306274414062e-01 5.963439252809621394e-05 1.229841132044384722e-06 -5.962171053397469223e-05 -1.000000000000000000e+00
2.852810621261596680e-01 -9.584438800811767578e-01 2.363300300203263760e-04 6.742047844454646111e-05 -2.265090733999386430e-04 -1.000000000000000000e+00
2.852810621261596680e-01 -9.584438800811767578e-01 1.811019465094432235e-04 5.166495611774735153e-05 -1.735760451992973685e-04 -1.000000000000000000e+00
5.294695496559143066e-01 -8.483287692070007324e-01 5.243537598289549351e-04 2.776293840724974871e-04 -4.448244289960712194e-04 -9.999998807907104492e-01
5.294696092605590820e-01 -8.483288288116455078e-01 4.609391617123037577e-04 2.440532553009688854e-04 -3.910279774572700262e-04 -9.999998807907104492e-01
7.356655001640319824e-01 -6.773445010185241699e-01 8.402854437008500099e-04 6.181692588143050671e-04 -5.691630067303776741e-04 -9.999997019767761230e-01
7.356655001640319824e-01 -6.773445010185241699e-01 8.137583499774336815e-04 5.986542091704905033e-04 -5.511950002983212471e-04 -9.999997019767761230e-01
5.727102160453796387e-01 8.197572827339172363e-01 -1.028871512971818447e-03 -5.892455228604376316e-04 -8.434253395535051823e-04 -9.999994635581970215e-01
5.727103352546691895e-01 8.197574019432067871e-01 -8.929490577429533005e-04 -5.114013329148292542e-04 -7.320018485188484192e-04 -9.999996423721313477e-01
1.361665725708007812e-01 -9.906859993934631348e-01 -7.930040010251104832e-05 -1.079806406778516248e-05 7.856179581722244620e-05 -1.000000000000000000e+00
1.361665725708007812e-01 -9.906859993934631348e-01 -8.673056436236947775e-05 -1.180980325443670154e-05 8.592275844421237707e-05 -1.000000000000000000e+00
-1.361665725708007812e-01 -9.906859993934631348e-01 -2.341985600651241839e-05 3.189001517966971733e-06 2.320172279723919928e-05 -1.000000000000000000e+00
-1.361665725708007812e-01 -9.906859993934631348e-01 -1.143607005360536277e-04 1.557210453029256314e-05 1.132955439970828593e-04 -1.000000000000000000e+00
-3.984010517597198486e-01 -9.172112941741943359e-01 -1.933787571033462882e-04 7.704229938099160790e-05 1.773691765265539289e-04 -1.000000000000000000e+00
-3.984010517597198486e-01 -9.172112941741943359e-01 -2.434105554129928350e-04 9.697501809569075704e-05 2.232589176855981350e-04 -1.000000000000000000e+00
-6.310880184173583984e-01 -7.757112383842468262e-01 5.812173549202270806e-05 -3.667993223643861711e-05 -4.508568235905840993e-05 -1.000000000000000000e+00
-6.310880184173583984e-01 -7.757112383842468262e-01 -3.890045627485960722e-05 2.454961213516071439e-05 3.017552080564200878e-05 -1.000000000000000000e+00
-8.169697523117065430e-01 -5.766801238059997559e-01 7.368513615801930428e-04 -6.019854336045682430e-04 -4.249276244081556797e-04 -9.999997615814208984e-01
-8.169698119163513184e-01 -5.766801834106445312e-01 5.139714339748024940e-04 -4.198992101009935141e-04 -2.963971637655049562e-04 -9.999998807907104492e-01
-9.422605633735656738e-01 -3.348796367645263672e-01 8.469826425425708294e-04 -7.980786613188683987e-04 -2.836373460013419390e-04 -9.999996423721313477e-01
-9.422606229782104492e-01 -3.348796665668487549e-01 7.392870611511170864e-04 -6.966013461351394653e-04 -2.475722867529839277e-04 -9.999997615814208984e-01
-9.976683259010314941e-01 -6.824220716953277588e-02 9.731739410199224949e-04 -9.709052974358201027e-04 -6.641156505793333054e-05 -9.999995231628417969e-01
-9.976684451103210449e-01 -6.824221462011337280e-02 8.696579025126993656e-04 -8.676305296830832958e-04 -5.934739965596236289e-05 -9.999996423721313477e-01
-9.790837168693542480e-01 2.034557610750198364e-01 9.571521077305078506e-04 -9.371323976665735245e-04 1.947381824720650911e-04 -9.999995231628417969e-01
-9.790837764739990234e-01 2.034557759761810303e-01 8.775049936957657337e-04 -8.591512450948357582e-04 1.785335189197212458e-04 -9.999996423721313477e-01
-8.878849148750305176e-01 4.600648880004882812e-01 8.806503028608858585e-04 -7.819163729436695576e-04 4.051564028486609459e-04 -9.999996423721313477e-01
-8.878849744796752930e-01 4.600648880004882812e-01 8.126773172989487648e-04 -7.215641671791672707e-04 3.738844243343919516e-04 -9.999997019767761230e-01
-7.308356761932373047e-01 6.825529336929321289e-01 8.685050997883081436e-04 -6.347346934489905834e-04 5.928009049966931343e-04 -9.999996423721313477e-01
-7.308356761932373047e-01 6.825529932975769043e-01 8.033658377826213837e-04 -5.871286266483366489e-04 5.483399145305156708e-04 -9.999997019767761230e-01
-5.195836424827575684e-01 8.544188141822814941e-01 1.204949687235057354e-03 -6.260725785978138447e-04 1.029532402753829956e-03 -9.999992847442626953e-01
-5.195837020874023438e-01 8.544189333915710449e-01 1.023773220367729664e-03 -5.319361807778477669e-04 8.747316896915435791e-04 -9.999994635581970215e-01
-2.697967290878295898e-01 9.629166722297668457e-01 1.078827306628227234e-03 -2.910642651841044426e-04 1.038821530528366566e-03 -9.999994635581970215e-01
-2.697967588901519775e-01 9.629167914390563965e-01 1.011717598885297775e-03 -2.729582483880221844e-04 9.742003167048096657e-04 -9.999995231628417969e-01
-0.000000000000000000e+00 -1.023227581754326820e-03 9.999994635581970215e-01 0.000000000000000000e+00 9.999994635581970215e-01 1.023227581754326820e-03
-0.000000000000000000e+00 -7.561691454611718655e-04 9.999997019767761230e-01 0.000000000000000000e+00 9.999997019767761230e-01 7.561691454611718655e-04
2.697967588901519775e-01 9.629168510437011719e-01 9.160704212263226509e-04 2.471529296599328518e-04 8.821000228635966778e-04 -9.999995827674865723e-01
2.697967886924743652e-01 9.629169702529907227e-01 7.801068713888525963e-04 2.104704035446047783e-04 7.511783624067902565e-04 -9.999997019767761230e-01
5.195837020874023438e-01 8.544189333915710449e-01 1.060347654856741428e-03 5.509397014975547791e-04 9.059816366061568260e-04 -9.999994635581970215e-01
5.195837616920471191e-01 8.544190526008605957e-01 9.430598001927137375e-04 4.899987834505736828e-04 8.057685918174684048e-04 -9.999995827674865723e-01
7.308353781700134277e-01 6.825526356697082520e-01 1.294173183850944042e-03 9.458281565457582474e-04 8.833419415168464184e-04 -9.999991655349731445e-01
7.308353781700134277e-01 6.825526952743530273e-01 1.243408536538481712e-03 9.087275248020887375e-04 8.486923761665821075e-04 -9.999992251396179199e-01
8.878843784332275391e-01 4.600645899772644043e-01 1.380615285597741604e-03 1.225827843882143497e-03 6.351728225126862526e-04 -9.999990463256835938e-01
8.878844976425170898e-01 4.600646495819091797e-01 1.296480069868266582e-03 1.151125528849661350e-03 5.964651354588568211e-04 -9.999991655349731445e-01
9.790830016136169434e-01 2.034556269645690918e-01 1.529135159216821194e-03 1.497151912190020084e-03 3.111114783678203821e-04 -9.999988079071044922e-01
9.790831804275512695e-01 2.034556567668914795e-01 1.415304141119122505e-03 1.385701820254325867e-03 2.879519015550613403e-04 -9.999990463256835938e-01
9.976676702499389648e-01 -6.824216246604919434e-02 1.512843999080359936e-03 1.509317313320934772e-03 -1.032398577081039548e-04 -9.999988675117492676e-01
9.976679086685180664e-01 -6.824217736721038818e-02 1.331467297859489918e-03 1.328363432548940182e-03 -9.086230420507490635e-05 -9.999991059303283691e-01
9.422599673271179199e-01 -3.348794281482696533e-01 1.354395295493304729e-03 1.276193885132670403e-03 -4.535595944616943598e-04 -9.999991059303283691e-01
9.422603845596313477e-01 -3.348795473575592041e-01 1.089069177396595478e-03 1.026187324896454811e-03 -3.647072298917919397e-04 -9.999994039535522461e-01
8.169695734977722168e-01 -5.766800045967102051e-01 9.411024511791765690e-04 7.688524201512336731e-04 -5.427151918411254883e-04 -9.999995827674865723e-01
8.169696331024169922e-01 -5.766800642013549805e-01 9.081210009753704071e-04 7.419075118377804756e-04 -5.236954311840236187e-04 -9.999995827674865723e-01
6.310878992080688477e-01 -7.757111191749572754e-01 6.193351000547409058e-04 3.908549551852047443e-04 -4.804251948371529579e-04 -9.999998211860656738e-01
6.310879588127136230e-01 -7.757111191749572754e-01 5.205867346376180649e-04 3.285360580775886774e-04 -4.038249899167567492e-04 -9.999998807907104492e-01
3.984010517597198486e-01 -9.172112941741943359e-01 3.530255926307290792e-04 1.406457595294341445e-04 -3.237990313209593296e-04 -9.999999403953552246e-01
3.984010517597198486e-01 -9.172112941741943359e-01 3.232742019463330507e-04 1.287927880184724927e-04 -2.965107560157775879e-04 -1.000000000000000000e+00
9.991493225097656250e-01 -4.123981297016143799e-02 -1.556003553560003638e-04 -1.554679911350831389e-04 6.416929409169824794e-06 -1.000000000000000000e+00
9.991492629051208496e-01 -4.123980924487113953e-02 -2.834930492099374533e-04 -2.832519239746034145e-04 1.169120150734670460e-05 -1.000000000000000000e+00
9.742505550384521484e-01 2.254680842161178589e-01 -6.541731272591277957e-05 -6.373285577865317464e-05 -1.474951659474754706e-05 -1.000000000000000000e+00
9.742505550384521484e-01 2.254680842161178589e-01 -1.775338896550238132e-04 -1.729624927975237370e-04 -4.002822606707923114e-05 -1.000000000000000000e+00
8.794466257095336914e-01 4.759975075721740723e-01 -1.461250358261168003e-04 -1.285091711906716228e-04 -6.955514982109889388e-05 -1.000000000000000000e+00
8.794466257095336914e-01 4.759975075721740723e-01 -3.006150654982775450e-04 -2.643749176058918238e-04 -1.430920237908139825e-04 -1.000000000000000000e+00
7.215390801429748535e-01 6.923735737800598145e-01 -5.520848790183663368e-04 -3.983508213423192501e-04 -3.822490107268095016e-04 -9.999998807907104492e-01
7.215390205383300781e-01 6.923735141754150391e-01 -6.225915858522057533e-04 -4.492242005653679371e-04 -4.310660006012767553e-04 -9.999998211860656738e-01
5.118617415428161621e-01 8.590674996376037598e-01 -7.408172823488712311e-04 -3.791961935348808765e-04 -6.364122964441776276e-04 -9.999997615814208984e-01
5.118616819381713867e-01 8.590673804283142090e-01 -9.134049760177731514e-04 -4.675372329074889421e-04 -7.846767548471689224e-04 -9.999995827674865723e-01
2.654529809951782227e-01 9.641231894493103027e-01 -1.084346906282007694e-03 -2.878433151636272669e-04 -1.045444747433066368e-03 -9.999994635581970215e-01
2.654529511928558350e-01 9.641230702400207520e-01 -1.234748051501810551e-03 -3.277677169535309076e-04 -1.190449809655547142e-03 -9.999992251396179199e-01
0.000000000000000000e+00 9.945867350324988365e-04 9.999995231628417969e-01 0.000000000000000000e+00 9.999995231628417969e-01 -9.945867350324988365e-04
0.000000000000000000e+00 1.247928827069699764e-03 9.999992251396179199e-01 0.000000000000000000e+00 9.999992251396179199e-01 -1.247928827069699764e-03
-2.654529511928558350e-01 9.641230106353759766e-01 -1.242173719219863415e-03 3.297389484941959381e-04 -1.197609235532581806e-03 -9.999992251396179199e-01
-2.654529511928558350e-01 9.641230106353759766e-01 -1.268329215236008167e-03 3.366819873917847872e-04 -1.222826307639479637e-03 -9.999992251396179199e-01
-5.118614435195922852e-01 8.590670824050903320e-01 -1.306030084379017353e-03 6.685070111416280270e-04 -1.121968380175530910e-03 -9.999991655349731445e-01
-5.118613839149475098e-01 8.590669631958007812e-01 -1.416800776496529579e-03 7.252062205225229263e-04 -1.217127777636051178e-03 -9.999989867210388184e-01
-7.215384840965270996e-01 6.923730373382568359e-01 -1.356777036562561989e-03 9.789677569642663002e-04 -9.393966174684464931e-04 -9.999991059303283691e-01
-7.215383648872375488e-01 6.923729181289672852e-01 -1.465966226533055305e-03 1.057752058841288090e-03 -1.014996320009231567e-03 -9.999989271163940430e-01
-8.794458508491516113e-01 4.759970903396606445e-01 -1.343809883110225201e-03 1.181809115223586559e-03 -6.396501557901501656e-04 -9.999991059303283691e-01
-8.794456720352172852e-01 4.759970009326934814e-01 -1.510948175564408302e-03 1.328798127360641956e-03 -7.192075136117637157e-04 -9.999988675117492676e-01
-9.742496013641357422e-01 2.254675924777984619e-01 -1.470311195589601994e-03 1.432451419532299042e-03 -3.315078211016952991e-04 -9.999989271163940430e-01
-9.742494821548461914e-01 2.254675477743148804e-01 -1.530659385025501251e-03 1.491245930083096027e-03 -3.451144439168274403e-04 -9.999988675117492676e-01
-9.991477131843566895e-01 -4.123946279287338257e-02 -1.795445801690220833e-03 1.793918432667851448e-03 7.404333882732316852e-05 -9.999983906745910645e-01
-9.991476535797119141e-01 -4.123946279287338257e-02 -1.820179284550249577e-03 1.818630960769951344e-03 7.506334804929792881e-05 -9.999983906745910645e-01
-9.846237301826477051e-01 -1.746887266635894775e-01 4.477846232475712895e-05 -4.408993481774814427e-05 -7.822292900527827442e-06 -1.000000000000000000e+00
-9.846237301826477051e-01 -1.746887266635894775e-01 7.569138233520789072e-06 -7.452752925019012764e-06 -1.322243065260408912e-06 -1.000000000000000000e+00
-2.575758993625640869e-01 9.662578701972961426e-01 -7.170668104663491249e-04 1.846991654019802809e-04 -6.928716320544481277e-04 -9.999997615814208984e-01
-2.575758993625640869e-01 9.662578701972961426e-01 -7.057072361931204796e-04 1.817732118070125580e-04 -6.818953552283346653e-04 -9.999997615814208984e-01
1.093208324164152145e-02 9.999400377273559570e-01 -6.578961620107293129e-04 -7.192177690740209073e-06 -6.578569300472736359e-04 -9.999998211860656738e-01
1.093208324164152145e-02 9.999400377273559570e-01 -6.717733922414481640e-04 -7.343884590227389708e-06 -6.717332871630787849e-04 -9.999997615814208984e-01
2.786393761634826660e-01 9.603956341743469238e-01 -5.581647274084389210e-04 -1.555267226649448276e-04 -5.360591458156704903e-04 -9.999998807907104492e-01
2.786393761634826660e-01 9.603955745697021484e-01 -6.516056018881499767e-04 -1.815630239434540272e-04 -6.257992936298251152e-04 -9.999997615814208984e-01
5.259414911270141602e-01 8.505206704139709473e-01 -3.954823478125035763e-04 -2.080005942843854427e-04 -3.363659488968551159e-04 -9.999999403953552246e-01
5.259414911270141602e-01 8.505206108093261719e-01 -4.496058973018079996e-04 -2.364664396736770868e-04 -3.823991573881357908e-04 -9.999999403953552246e-01
7.347284555435180664e-01 6.783613562583923340e-01 -2.953397925011813641e-04 -2.169945219065994024e-04 -2.003470872296020389e-04 -9.999999403953552246e-01
7.347284555435180664e-01 6.783613562583923340e-01 -2.656645083334296942e-04 -1.951912563527002931e-04 -1.802165206754580140e-04 -9.999999403953552246e-01
5.011135935783386230e-01 8.653796911239624023e-01 -1.809365465305745602e-03 -9.066991624422371387e-04 -1.565790618769824505e-03 -9.999983906745910645e-01
5.011133551597595215e-01 8.653792738914489746e-01 -2.037976635619997978e-03 -1.021259580738842487e-03 -1.763626467436552048e-03 -9.999979734420776367e-01
7.147938609123229980e-01 6.993334889411926270e-01 -1.557470066472887993e-03 -1.113271573558449745e-03 -1.089192577637732029e-03 -9.999988079071044922e-01
7.147936820983886719e-01 6.993333697319030762e-01 -1.709531643427908421e-03 -1.221964368596673012e-03 -1.195534365251660347e-03 -9.999985694885253906e-01
8.761292695999145508e-01 4.820746779441833496e-01 -1.219583326019346714e-03 -1.068513491190969944e-03 -5.879306700080633163e-04 -9.999992847442626953e-01
8.761293292045593262e-01 4.820747077465057373e-01 -1.181480358354747295e-03 -1.035130349919199944e-03 -5.695621948689222336e-04 -9.999993443489074707e-01
9.733054637908935547e-01 2.295122146606445312e-01 -8.396739722229540348e-04 -8.172594825737178326e-04 -1.927154808072373271e-04 -9.999996423721313477e-01
9.733054637908935547e-01 2.295122146606445312e-01 -8.571134530939161777e-04 -8.342334185726940632e-04 -1.967180578503757715e-04 -9.999996423721313477e-01
9.992049336433410645e-01 -3.985744342207908630e-02 -9.080755989998579025e-04 -9.073539986275136471e-04 3.619358540163375437e-05 -9.999995827674865723e-01
9.992048740386962891e-01 -3.985743969678878784e-02 -1.007119659334421158e-03 -1.006319303996860981e-03 4.014122896478511393e-05 -9.999995231628417969e-01
9.846227765083312988e-01 -1.746891885995864868e-01 -1.317724701948463917e-03 -1.297462848015129566e-03 2.301924250787124038e-04 -9.999991655349731445e-01
9.846228361129760742e-01 -1.746891885995864868e-01 -1.232976326718926430e-03 -1.214017625898122787e-03 2.153878012904897332e-04 -9.999992251396179199e-01
-9.992042779922485352e-01 -3.985605016350746155e-02 -1.526931999251246452e-03 1.525718718767166138e-03 6.085754648665897548e-05 -9.999988675117492676e-01
-9.992043375968933105e-01 -3.985605388879776001e-02 -1.469544600695371628e-03 1.468376955017447472e-03 5.857030919287353754e-05 -9.999989271163940430e-01
-9.733044505119323730e-01 2.295133769512176514e-01 -1.442151493392884731e-03 1.403653877787292004e-03 -3.309934108983725309e-04 -9.999989867210388184e-01
-9.733042716979980469e-01 2.295133322477340698e-01 -1.569611020386219025e-03 1.527711050584912300e-03 -3.602471260819584131e-04 -9.999988079071044922e-01
-8.761286735534667969e-01 4.820749759674072266e-01 -1.496228156611323357e-03 1.310889958404004574e-03 -7.212949567474424839e-04 -9.999988675117492676e-01
-8.761283755302429199e-01 4.820747971534729004e-01 -1.715381862595677376e-03 1.502897124737501144e-03 -8.269436657428741455e-04 -9.999985694885253906e-01
-7.147933840751647949e-01 6.993336081504821777e-01 -1.729588257148861885e-03 1.236300100572407246e-03 -1.209560898132622242e-03 -9.999985098838806152e-01
-7.147933244705200195e-01 6.993334889411926270e-01 -1.789705245755612850e-03 1.279271556995809078e-03 -1.251603011041879654e-03 -9.999984502792358398e-01
-5.011130571365356445e-01 8.653797507286071777e-01 -1.891355961561203003e-03 9.477848652750253677e-04 -1.636744127608835697e-03 -9.999982118606567383e-01
-5.011130571365356445e-01 8.653798103332519531e-01 -1.847604522481560707e-03 9.258604841306805611e-04 -1.598882488906383514e-03 -9.999983310699462891e-01
