-3.526934597175568342e-04 0.000000000000000000e+00 -9.999999403953552246e-01 -9.999999403953552246e-01 0.000000000000000000e+00 3.526934597175568342e-04
-3.621936484705656767e-04 0.000000000000000000e+00 -9.999999403953552246e-01 -9.999999403953552246e-01 0.000000000000000000e+00 3.621936484705656767e-04
-3.571846173144876957e-04 0.000000000000000000e+00 -9.999999403953552246e-01 -9.999999403953552246e-01 0.000000000000000000e+00 3.571846173144876957e-04
-3.677878412418067455e-04 0.000000000000000000e+00 -9.999999403953552246e-01 -9.999999403953552246e-01 0.000000000000000000e+00 3.677878412418067455e-04
-3.637033805716782808e-04 0.000000000000000000e+00 -9.999999403953552246e-01 -9.999999403953552246e-01 0.000000000000000000e+00 3.637033805716782808e-04
-3.737419319804757833e-04 0.000000000000000000e+00 -9.999999403953552246e-01 -9.999999403953552246e-01 0.000000000000000000e+00 3.737419319804757833e-04
-3.573952999431639910e-04 0.000000000000000000e+00 -9.999999403953552246e-01 -9.999999403953552246e-01 0.000000000000000000e+00 3.573952999431639910e-04
-3.658509522210806608e-04 0.000000000000000000e+00 -9.999999403953552246e-01 -9.999999403953552246e-01 0.000000000000000000e+00 3.658509522210806608e-04
-3.672290185932070017e-04 0.000000000000000000e+00 -9.999999403953552246e-01 -9.999999403953552246e-01 0.000000000000000000e+00 3.672290185932070017e-04
-3.747454902622848749e-04 0.000000000000000000e+00 -9.999999403953552246e-01 -9.999999403953552246e-01 0.000000000000000000e+00 3.747454902622848749e-04
-3.861533186864107847e-04 0.000000000000000000e+00 -9.999999403953552246e-01 -9.999999403953552246e-01 0.000000000000000000e+00 3.861533186864107847e-04
-3.926896606571972370e-04 0.000000000000000000e+00 -9.999999403953552246e-01 -9.999999403953552246e-01 0.000000000000000000e+00 3.926896606571972370e-04
-4.014817823190242052e-04 0.000000000000000000e+00 -9.999999403953552246e-01 -9.999999403953552246e-01 0.000000000000000000e+00 4.014817823190242052e-04
-4.120001685805618763e-04 0.000000000000000000e+00 -9.999999403953552246e-01 -9.999999403953552246e-01 0.000000000000000000e+00 4.120001685805618763e-04
-4.107449785806238651e-04 0.000000000000000000e+00 -9.999999403953552246e-01 -9.999999403953552246e-01 0.000000000000000000e+00 4.107449785806238651e-04
-4.230247577652335167e-04 0.000000000000000000e+00 -9.999999403953552246e-01 -9.999999403953552246e-01 0.000000000000000000e+00 4.230247577652335167e-04
-4.212311760056763887e-04 0.000000000000000000e+00 -9.999999403953552246e-01 -9.999999403953552246e-01 0.000000000000000000e+00 4.212311760056763887e-04
-3.555607981979846954e-04 0.000000000000000000e+00 -9.999999403953552246e-01 -9.999999403953552246e-01 0.000000000000000000e+00 3.555607981979846954e-04
-3.506307548377662897e-04 0.000000000000000000e+00 -9.999999403953552246e-01 -9.999999403953552246e-01 0.000000000000000000e+00 3.506307548377662897e-04
-3.500075545161962509e-04 0.000000000000000000e+00 -9.999999403953552246e-01 -9.999999403953552246e-01 0.000000000000000000e+00 3.500075545161962509e-04
-3.634576278273016214e-04 0.000000000000000000e+00 -9.999999403953552246e-01 -9.999999403953552246e-01 0.000000000000000000e+00 3.634576278273016214e-04
-3.674309118650853634e-04 0.000000000000000000e+00 -9.999999403953552246e-01 -9.999999403953552246e-01 0.000000000000000000e+00 3.674309118650853634e-04
-3.783208667300641537e-04 0.000000000000000000e+00 -9.999999403953552246e-01 -9.999999403953552246e-01 0.000000000000000000e+00 3.783208667300641537e-04
-3.844885213766247034e-04 0.000000000000000000e+00 -9.999999403953552246e-01 -9.999999403953552246e-01 0.000000000000000000e+00 3.844885213766247034e-04
-3.898633003700524569e-04 0.000000000000000000e+00 -9.999999403953552246e-01 -9.999999403953552246e-01 0.000000000000000000e+00 3.898633003700524569e-04
-3.920869203284382820e-04 0.000000000000000000e+00 -9.999999403953552246e-01 -9.999999403953552246e-01 0.000000000000000000e+00 3.920869203284382820e-04
-3.923912008758634329e-04 0.000000000000000000e+00 -9.999999403953552246e-01 -9.999999403953552246e-01 0.000000000000000000e+00 3.923912008758634329e-04
-3.965254290960729122e-04 0.000000000000000000e+00 -9.999999403953552246e-01 -9.999999403953552246e-01 0.000000000000000000e+00 3.965254290960729122e-04
-3.945182834286242723e-04 0.000000000000000000e+00 -9.999999403953552246e-01 -9.999999403953552246e-01 0.000000000000000000e+00 3.945182834286242723e-04
-3.982077760156244040e-04 0.000000000000000000e+00 -9.999999403953552246e-01 -9.999999403953552246e-01 0.000000000000000000e+00 3.982077760156244040e-04
-3.972334670834243298e-04 0.000000000000000000e+00 -9.999999403953552246e-01 -9.999999403953552246e-01 0.000000000000000000e+00 3.972334670834243298e-04
0.000000000000000000e+00 -3.648754209280014038e-03 9.999933838844299316e-01 0.000000000000000000e+00 9.999933838844299316e-01 3.648754209280014038e-03
0.000000000000000000e+00 -3.382437163963913918e-03 9.999942779541015625e-01 0.000000000000000000e+00 9.999942779541015625e-01 3.382437163963913918e-03
-2.371814480284228921e-04 1.000000000000000000e+00 0.000000000000000000e+00 -1.000000000000000000e+00 -2.371814480284228921e-04 0.000000000000000000e+00
-1.505357358837500215e-04 1.000000000000000000e+00 -0.000000000000000000e+00 -1.000000000000000000e+00 -1.505357358837500215e-04 0.000000000000000000e+00
-3.554613213054835796e-04 0.000000000000000000e+00 -9.999999403953552246e-01 -9.999999403953552246e-01 0.000000000000000000e+00 3.554613213054835796e-04
-3.701607056427747011e-04 0.000000000000000000e+00 -9.999999403953552246e-01 -9.999999403953552246e-01 0.000000000000000000e+00 3.701607056427747011e-04
-3.576761519070714712e-04 0.000000000000000000e+00 -9.999999403953552246e-01 -9.999999403953552246e-01 0.000000000000000000e+00 3.576761519070714712e-04
-3.685895353555679321e-04 0.000000000000000000e+00 -9.999999403953552246e-01 -9.999999403953552246e-01 0.000000000000000000e+00 3.685895353555679321e-04
-3.540334873832762241e-04 0.000000000000000000e+00 -9.999999403953552246e-01 -9.999999403953552246e-01 0.000000000000000000e+00 3.540334873832762241e-04
-3.665853291749954224e-04 0.000000000000000000e+00 -9.999999403953552246e-01 -9.999999403953552246e-01 0.000000000000000000e+00 3.665853291749954224e-04
-3.567369712982326746e-04 0.000000000000000000e+00 -9.999999403953552246e-01 -9.999999403953552246e-01 0.000000000000000000e+00 3.567369712982326746e-04
-3.752165648620575666e-04 0.000000000000000000e+00 -9.999999403953552246e-01 -9.999999403953552246e-01 0.000000000000000000e+00 3.752165648620575666e-04
-3.663863753899931908e-04 0.000000000000000000e+00 -9.999999403953552246e-01 -9.999999403953552246e-01 0.000000000000000000e+00 3.663863753899931908e-04
-3.854862297885119915e-04 0.000000000000000000e+00 -9.999999403953552246e-01 -9.999999403953552246e-01 0.000000000000000000e+00 3.854862297885119915e-04
-3.826715983450412750e-04 0.000000000000000000e+00 -9.999999403953552246e-01 -9.999999403953552246e-01 0.000000000000000000e+00 3.826715983450412750e-04
-4.040565108880400658e-04 0.000000000000000000e+00 -9.999999403953552246e-01 -9.999999403953552246e-01 0.000000000000000000e+00 4.040565108880400658e-04
-4.039072955492883921e-04 0.000000000000000000e+00 -9.999999403953552246e-01 -9.999999403953552246e-01 0.000000000000000000e+00 4.039072955492883921e-04
-4.211170598864555359e-04 0.000000000000000000e+00 -9.999999403953552246e-01 -9.999999403953552246e-01 0.000000000000000000e+00 4.211170598864555359e-04
-4.200696130283176899e-04 0.000000000000000000e+00 -9.999999403953552246e-01 -9.999999403953552246e-01 0.000000000000000000e+00 4.200696130283176899e-04
-4.301959706936031580e-04 0.000000000000000000e+00 -9.999999403953552246e-01 -9.999999403953552246e-01 0.000000000000000000e+00 4.301959706936031580e-04
-4.291046352591365576e-04 0.000000000000000000e+00 -9.999999403953552246e-01 -9.999999403953552246e-01 0.000000000000000000e+00 4.291046352591365576e-04
-3.689728328026831150e-04 0.000000000000000000e+00 -9.999999403953552246e-01 -9.999999403953552246e-01 0.000000000000000000e+00 3.689728328026831150e-04
-3.629573038779199123e-04 0.000000000000000000e+00 -9.999999403953552246e-01 -9.999999403953552246e-01 0.000000000000000000e+00 3.629573038779199123e-04
-3.732591576408594847e-04 0.000000000000000000e+00 -9.999999403953552246e-01 -9.999999403953552246e-01 0.000000000000000000e+00 3.732591576408594847e-04
-3.689230943564325571e-04 0.000000000000000000e+00 -9.999999403953552246e-01 -9.999999403953552246e-01 0.000000000000000000e+00 3.689230943564325571e-04
-3.778644313570111990e-04 0.000000000000000000e+00 -9.999999403953552246e-01 -9.999999403953552246e-01 0.000000000000000000e+00 3.778644313570111990e-04
-3.732533077709376812e-04 0.000000000000000000e+00 -9.999999403953552246e-01 -9.999999403953552246e-01 0.000000000000000000e+00 3.732533077709376812e-04
-3.705937415361404419e-04 0.000000000000000000e+00 -9.999999403953552246e-01 -9.999999403953552246e-01 0.000000000000000000e+00 3.705937415361404419e-04
-3.701168170664459467e-04 0.000000000000000000e+00 -9.999999403953552246e-01 -9.999999403953552246e-01 0.000000000000000000e+00 3.701168170664459467e-04
-3.700465895235538483e-04 0.000000000000000000e+00 -9.999999403953552246e-01 -9.999999403953552246e-01 0.000000000000000000e+00 3.700465895235538483e-04
-3.706112911459058523e-04 0.000000000000000000e+00 -9.999999403953552246e-01 -9.999999403953552246e-01 0.000000000000000000e+00 3.706112911459058523e-04
-3.703947877511382103e-04 0.000000000000000000e+00 -9.999999403953552246e-01 -9.999999403953552246e-01 0.000000000000000000e+00 3.703947877511382103e-04
-3.709097218234091997e-04 0.000000000000000000e+00 -9.999999403953552246e-01 -9.999999403953552246e-01 0.000000000000000000e+00 3.709097218234091997e-04
-3.711555036716163158e-04 0.000000000000000000e+00 -9.999999403953552246e-01 -9.999999403953552246e-01 0.000000000000000000e+00 3.711555036716163158e-04
-3.707488067448139191e-04 0.000000000000000000e+00 -9.999999403953552246e-01 -9.999999403953552246e-01 0.000000000000000000e+00 3.707488067448139191e-04
-4.855410370510071516e-04 -9.999998807907104492e-01 -0.000000000000000000e+00 -9.999998807907104492e-01 4.855410370510071516e-04 0.000000000000000000e+00
-5.397187778726220131e-04 -9.999998807907104492e-01 0.000000000000000000e+00 -9.999998807907104492e-01 5.397187778726220131e-04 0.000000000000000000e+00
-2.969036577269434929e-04 0.000000000000000000e+00 1.000000000000000000e+00 -1.000000000000000000e+00 0.000000000000000000e+00 -2.969036577269434929e-04
-2.586351765785366297e-04 0.000000000000000000e+00 1.000000000000000000e+00 -1.000000000000000000e+00 0.000000000000000000e+00 -2.586351765785366297e-04
6.758535164408385754e-05 0.000000000000000000e+00 -1.000000000000000000e+00 -1.000000000000000000e+00 0.000000000000000000e+00 -6.758535164408385754e-05
6.485847552539780736e-05 0.000000000000000000e+00 -1.000000000000000000e+00 -1.000000000000000000e+00 0.000000000000000000e+00 -6.485847552539780736e-05
6.130358087830245495e-05 0.000000000000000000e+00 -1.000000000000000000e+00 -1.000000000000000000e+00 0.000000000000000000e+00 -6.130358087830245495e-05
6.794230284867808223e-05 -0.000000000000000000e+00 -1.000000000000000000e+00 -1.000000000000000000e+00 0.000000000000000000e+00 -6.794230284867808223e-05
6.673979078186675906e-05 0.000000000000000000e+00 -1.000000000000000000e+00 -1.000000000000000000e+00 0.000000000000000000e+00 -6.673979078186675906e-05
6.863865564810112119e-05 -0.000000000000000000e+00 -1.000000000000000000e+00 -1.000000000000000000e+00 0.000000000000000000e+00 -6.863865564810112119e-05
7.448154792655259371e-05 0.000000000000000000e+00 -1.000000000000000000e+00 -1.000000000000000000e+00 0.000000000000000000e+00 -7.448154792655259371e-05
7.770874799462035298e-05 -0.000000000000000000e+00 -1.000000000000000000e+00 -1.000000000000000000e+00 0.000000000000000000e+00 -7.770874799462035298e-05
7.806569919921457767e-05 0.000000000000000000e+00 -1.000000000000000000e+00 -1.000000000000000000e+00 0.000000000000000000e+00 -7.806569919921457767e-05
7.976853521540760994e-05 -0.000000000000000000e+00 -1.000000000000000000e+00 -1.000000000000000000e+00 0.000000000000000000e+00 -7.976853521540760994e-05
8.043855632422491908e-05 0.000000000000000000e+00 -1.000000000000000000e+00 -1.000000000000000000e+00 0.000000000000000000e+00 -8.043855632422491908e-05
8.700998296262696385e-05 -0.000000000000000000e+00 -1.000000000000000000e+00 -1.000000000000000000e+00 0.000000000000000000e+00 -8.700998296262696385e-05
9.156843589153140783e-05 0.000000000000000000e+00 -1.000000000000000000e+00 -1.000000000000000000e+00 0.000000000000000000e+00 -9.156843589153140783e-05
1.004746809485368431e-04 0.000000000000000000e+00 -1.000000000000000000e+00 -1.000000000000000000e+00 0.000000000000000000e+00 -1.004746809485368431e-04
1.008872204693034291e-04 0.000000000000000000e+00 -1.000000000000000000e+00 -1.000000000000000000e+00 0.000000000000000000e+00 -1.008872204693034291e-04
1.105395567719824612e-04 0.000000000000000000e+00 -1.000000000000000000e+00 -1.000000000000000000e+00 0.000000000000000000e+00 -1.105395567719824612e-04
1.087694254238158464e-04 0.000000000000000000e+00 -1.000000000000000000e+00 -1.000000000000000000e+00 0.000000000000000000e+00 -1.087694254238158464e-04
1.083481038222089410e-04 0.000000000000000000e+00 -1.000000000000000000e+00 -1.000000000000000000e+00 0.000000000000000000e+00 -1.083481038222089410e-04
1.084358809748664498e-04 0.000000000000000000e+00 -1.000000000000000000e+00 -1.000000000000000000e+00 0.000000000000000000e+00 -1.084358809748664498e-04
1.090971200028434396e-04 0.000000000000000000e+00 -1.000000000000000000e+00 -1.000000000000000000e+00 0.000000000000000000e+00 -1.090971200028434396e-04
9.932190005201846361e-05 0.000000000000000000e+00 -1.000000000000000000e+00 -1.000000000000000000e+00 0.000000000000000000e+00 -9.932190005201846361e-05
1.018000839394517243e-04 0.000000000000000000e+00 -1.000000000000000000e+00 -1.000000000000000000e+00 0.000000000000000000e+00 -1.018000839394517243e-04
9.234085155185312033e-05 0.000000000000000000e+00 -1.000000000000000000e+00 -1.000000000000000000e+00 0.000000000000000000e+00 -9.234085155185312033e-05
8.721186168259009719e-05 0.000000000000000000e+00 -1.000000000000000000e+00 -1.000000000000000000e+00 0.000000000000000000e+00 -8.721186168259009719e-05
8.137189433909952641e-05 0.000000000000000000e+00 -1.000000000000000000e+00 -1.000000000000000000e+00 0.000000000000000000e+00 -8.137189433909952641e-05
8.070188050623983145e-05 0.000000000000000000e+00 -1.000000000000000000e+00 -1.000000000000000000e+00 0.000000000000000000e+00 -8.070188050623983145e-05
7.811836258042603731e-05 0.000000000000000000e+00 -1.000000000000000000e+00 -1.000000000000000000e+00 0.000000000000000000e+00 -7.811836258042603731e-05
7.146794087020680308e-05 0.000000000000000000e+00 -1.000000000000000000e+00 -1.000000000000000000e+00 0.000000000000000000e+00 -7.146794087020680308e-05
6.800082337576895952e-05 0.000000000000000000e+00 -1.000000000000000000e+00 -1.000000000000000000e+00 0.000000000000000000e+00 -6.800082337576895952e-05
6.477948045358061790e-05 0.000000000000000000e+00 -1.000000000000000000e+00 -1.000000000000000000e+00 0.000000000000000000e+00 -6.477948045358061790e-05
6.438741547754034400e-05 0.000000000000000000e+00 -1.000000000000000000e+00 -1.000000000000000000e+00 0.000000000000000000e+00 -6.438741547754034400e-05
6.572452548425644636e-05 0.000000000000000000e+00 -1.000000000000000000e+00 -1.000000000000000000e+00 0.000000000000000000e+00 -6.572452548425644636e-05
6.201163341756910086e-05 0.000000000000000000e+00 -1.000000000000000000e+00 -1.000000000000000000e+00 0.000000000000000000e+00 -6.201163341756910086e-05
6.433475209632888436e-05 0.000000000000000000e+00 -1.000000000000000000e+00 -1.000000000000000000e+00 0.000000000000000000e+00 -6.433475209632888436e-05
5.221593528403900564e-05 0.000000000000000000e+00 -1.000000000000000000e+00 -1.000000000000000000e+00 0.000000000000000000e+00 -5.221593528403900564e-05
5.362033698474988341e-05 0.000000000000000000e+00 -1.000000000000000000e+00 -1.000000000000000000e+00 0.000000000000000000e+00 -5.362033698474988341e-05
5.220716047915630043e-05 0.000000000000000000e+00 -1.000000000000000000e+00 -1.000000000000000000e+00 0.000000000000000000e+00 -5.220716047915630043e-05
5.958611654932610691e-05 0.000000000000000000e+00 -1.000000000000000000e+00 -1.000000000000000000e+00 0.000000000000000000e+00 -5.958611654932610691e-05
4.003275535069406033e-05 0.000000000000000000e+00 -1.000000000000000000e+00 -1.000000000000000000e+00 0.000000000000000000e+00 -4.003275535069406033e-05
3.563814971130341291e-05 0.000000000000000000e+00 -1.000000000000000000e+00 -1.000000000000000000e+00 0.000000000000000000e+00 -3.563814971130341291e-05
3.405819734325632453e-05 0.000000000000000000e+00 -1.000000000000000000e+00 -1.000000000000000000e+00 0.000000000000000000e+00 -3.405819734325632453e-05
3.254261537222191691e-05 0.000000000000000000e+00 -1.000000000000000000e+00 -1.000000000000000000e+00 0.000000000000000000e+00 -3.254261537222191691e-05
2.811289778037462384e-05 0.000000000000000000e+00 -1.000000000000000000e+00 -1.000000000000000000e+00 0.000000000000000000e+00 -2.811289778037462384e-05
3.018146344402339309e-05 0.000000000000000000e+00 -1.000000000000000000e+00 -1.000000000000000000e+00 0.000000000000000000e+00 -3.018146344402339309e-05
3.351691702846437693e-05 0.000000000000000000e+00 -1.000000000000000000e+00 -1.000000000000000000e+00 0.000000000000000000e+00 -3.351691702846437693e-05
3.213592208339832723e-05 0.000000000000000000e+00 -1.000000000000000000e+00 -1.000000000000000000e+00 0.000000000000000000e+00 -3.213592208339832723e-05
2.610577394079882652e-05 0.000000000000000000e+00 -1.000000000000000000e+00 -1.000000000000000000e+00 0.000000000000000000e+00 -2.610577394079882652e-05
2.447900806146208197e-05 0.000000000000000000e+00 -1.000000000000000000e+00 -1.000000000000000000e+00 0.000000000000000000e+00 -2.447900806146208197e-05
2.592144664959050715e-05 0.000000000000000000e+00 -1.000000000000000000e+00 -1.000000000000000000e+00 -0.000000000000000000e+00 -2.592144664959050715e-05
2.530116944399196655e-05 0.000000000000000000e+00 -1.000000000000000000e+00 -1.000000000000000000e+00 0.000000000000000000e+00 -2.530116944399196655e-05
3.693722101161256433e-05 0.000000000000000000e+00 -1.000000000000000000e+00 -1.000000000000000000e+00 -0.000000000000000000e+00 -3.693722101161256433e-05
3.192526128259487450e-05 0.000000000000000000e+00 -1.000000000000000000e+00 -1.000000000000000000e+00 0.000000000000000000e+00 -3.192526128259487450e-05
3.409038254176266491e-05 0.000000000000000000e+00 -1.000000000000000000e+00 -1.000000000000000000e+00 -0.000000000000000000e+00 -3.409038254176266491e-05
3.182578439009375870e-05 0.000000000000000000e+00 -1.000000000000000000e+00 -1.000000000000000000e+00 0.000000000000000000e+00 -3.182578439009375870e-05
4.857034582528285682e-05 -0.000000000000000000e+00 -1.000000000000000000e+00 -1.000000000000000000e+00 0.000000000000000000e+00 -4.857034582528285682e-05
4.368127338238991797e-05 0.000000000000000000e+00 -1.000000000000000000e+00 -1.000000000000000000e+00 0.000000000000000000e+00 -4.368127338238991797e-05
4.808758239960297942e-05 -0.000000000000000000e+00 -1.000000000000000000e+00 -1.000000000000000000e+00 0.000000000000000000e+00 -4.808758239960297942e-05
4.099242869415320456e-05 0.000000000000000000e+00 -1.000000000000000000e+00 -1.000000000000000000e+00 0.000000000000000000e+00 -4.099242869415320456e-05
4.559184162644669414e-05 -0.000000000000000000e+00 -1.000000000000000000e+00 -1.000000000000000000e+00 0.000000000000000000e+00 -4.559184162644669414e-05
4.421377525432035327e-05 0.000000000000000000e+00 -1.000000000000000000e+00 -1.000000000000000000e+00 -0.000000000000000000e+00 -4.421377525432035327e-05
4.781255120178684592e-05 -0.000000000000000000e+00 -1.000000000000000000e+00 -1.000000000000000000e+00 0.000000000000000000e+00 -4.781255120178684592e-05
4.507397170527838171e-05 0.000000000000000000e+00 -1.000000000000000000e+00 -1.000000000000000000e+00 -0.000000000000000000e+00 -4.507397170527838171e-05
5.413821054389700294e-05 -0.000000000000000000e+00 -1.000000000000000000e+00 -1.000000000000000000e+00 0.000000000000000000e+00 -5.413821054389700294e-05
5.302931822370737791e-05 0.000000000000000000e+00 -1.000000000000000000e+00 -1.000000000000000000e+00 -0.000000000000000000e+00 -5.302931822370737791e-05
5.944860458839684725e-05 -0.000000000000000000e+00 -1.000000000000000000e+00 -1.000000000000000000e+00 0.000000000000000000e+00 -5.944860458839684725e-05
5.890732427360489964e-05 0.000000000000000000e+00 -1.000000000000000000e+00 -1.000000000000000000e+00 -0.000000000000000000e+00 -5.890732427360489964e-05
5.786865222034975886e-05 -0.000000000000000000e+00 -1.000000000000000000e+00 -1.000000000000000000e+00 0.000000000000000000e+00 -5.786865222034975886e-05
5.558942575589753687e-05 0.000000000000000000e+00 -1.000000000000000000e+00 -1.000000000000000000e+00 -0.000000000000000000e+00 -5.558942575589753687e-05
6.102562838350422680e-05 -0.000000000000000000e+00 -1.000000000000000000e+00 -1.000000000000000000e+00 0.000000000000000000e+00 -6.102562838350422680e-05
7.654542475938796997e-02 -1.031975448131561279e-02 -9.970127344131469727e-01 7.899720221757888794e-04 9.999467730522155762e-01 -1.028947439044713974e-02
7.654543220996856689e-02 -1.030600070953369141e-02 -9.970128536224365234e-01 7.889192202128469944e-04 9.999468922615051270e-01 -1.027576066553592682e-02
-7.654412090778350830e-02 -1.186281070113182068e-02 -9.969956278800964355e-01 -9.080922463908791542e-04 9.999296665191650391e-01 -1.182800251990556717e-02
-7.654413580894470215e-02 -1.185064576566219330e-02 -9.969958066940307617e-01 -9.071609238162636757e-04 9.999297857284545898e-01 -1.181587204337120056e-02
-2.278320342302322388e-01 -1.377359777688980103e-02 -9.736030697822570801e-01 -3.138364292681217194e-03 9.999051690101623535e-01 -1.341128908097743988e-02
-2.278319895267486572e-01 -1.378473546355962753e-02 -9.736028909683227539e-01 -3.140902146697044373e-03 9.999049901962280273e-01 -1.342213340103626251e-02
-3.737761378288269043e-01 -1.484729163348674774e-02 -9.274001717567443848e-01 -5.550174042582511902e-03 9.998897910118103027e-01 -1.377089694142341614e-02
-3.737760484218597412e-01 -1.485680788755416870e-02 -9.273999929428100586e-01 -5.553731694817543030e-03 9.998896718025207520e-01 -1.377972401678562164e-02
-5.109581351280212402e-01 -1.541588921099901199e-02 -8.594673871994018555e-01 -7.877810858190059662e-03 9.998812079429626465e-01 -1.325102988630533218e-02
-5.109578371047973633e-01 -1.545405946671962738e-02 -8.594668507575988770e-01 -7.897317409515380859e-03 9.998806118965148926e-01 -1.328383944928646088e-02
-6.361636519432067871e-01 -1.569499634206295013e-02 -7.713945508003234863e-01 -9.985814802348613739e-03 9.998768568038940430e-01 -1.210852526128292084e-02
-6.361640691757202148e-01 -1.564775593578815460e-02 -7.713950872421264648e-01 -9.955759160220623016e-03 9.998775720596313477e-01 -1.207208074629306793e-02
-7.464546561241149902e-01 -1.627641916275024414e-02 -6.652372479438781738e-01 -1.215121801942586899e-02 9.998675584793090820e-01 -1.082911435514688492e-02
-7.464551925659179688e-01 -1.623062416911125183e-02 -6.652377247810363770e-01 -1.211703009903430939e-02 9.998682737350463867e-01 -1.079864520579576492e-02
-8.392442464828491211e-01 -1.697874814271926880e-02 -5.434895753860473633e-01 -1.425137091428041458e-02 9.998558759689331055e-01 -9.229102171957492828e-03
-8.392450809478759766e-01 -1.692217215895652771e-02 -5.434900522232055664e-01 -1.420388277620077133e-02 9.998568296432495117e-01 -9.198349900543689728e-03
-9.123663902282714844e-01 -1.734718494117259979e-02 -4.090068936347961426e-01 -1.582937315106391907e-02 9.998495578765869141e-01 -7.096186745911836624e-03
-9.123700857162475586e-01 -1.711658015847206116e-02 -4.090085625648498535e-01 -1.561894267797470093e-02 9.998535513877868652e-01 -7.001853082329034805e-03
-9.641073942184448242e-01 -1.740887388586997986e-02 -2.649412155151367188e-01 -1.678656972944736481e-02 9.998484849929809570e-01 -4.613027907907962799e-03
-9.641118049621582031e-01 -1.714576222002506256e-02 -2.649424374103546143e-01 -1.653286255896091461e-02 9.998530149459838867e-01 -4.543307702988386154e-03
-9.932951927185058594e-01 -1.466892473399639130e-02 -1.146713048219680786e-01 -1.457213982939720154e-02 9.998924136161804199e-01 -1.682285685092210770e-03
-9.933040142059326172e-01 -1.405256055295467377e-02 -1.146723255515098572e-01 -1.395984273403882980e-02 9.999012947082519531e-01 -1.611598883755505085e-03
-9.991731047630310059e-01 -1.364919450134038925e-02 3.829893097281455994e-02 -1.363917905837297440e-02 9.999068379402160645e-01 5.227982765063643456e-04
-9.991791844367980957e-01 -1.319975312799215317e-02 3.829916566610336304e-02 -1.319006737321615219e-02 9.999129176139831543e-01 5.055835354141891003e-04
-9.816249608993530273e-01 -1.303401775658130646e-02 1.903750151395797729e-01 -1.279560383409261703e-02 9.999150633811950684e-01 2.481562085449695587e-03
-9.816265106201171875e-01 -1.290668826550245285e-02 1.903752982616424561e-01 -1.267060544341802597e-02 9.999167323112487793e-01 2.457319991663098335e-03
-9.410695433616638184e-01 -1.223070360720157623e-02 3.379919528961181641e-01 -1.151080336421728134e-02 9.999251961708068848e-01 4.134188406169414520e-03
-9.410704970359802246e-01 -1.214666292071342468e-02 3.379922807216644287e-01 -1.143171079456806183e-02 9.999262690544128418e-01 4.105781670659780502e-03
-8.784523010253906250e-01 -1.168700866401195526e-02 4.776870906352996826e-01 -1.026718132197856903e-02 9.999316930770874023e-01 5.583114456385374069e-03
-8.784534335136413574e-01 -1.157977245748043060e-02 4.776876866817474365e-01 -1.017297245562076569e-02 9.999329447746276855e-01 5.531885661184787750e-03
-7.952451705932617188e-01 -1.095834653824567795e-02 6.061890125274658203e-01 -8.715094998478889465e-03 9.999399781227111816e-01 6.643227767199277878e-03
-7.952459454536437988e-01 -1.086976379156112671e-02 6.061895489692687988e-01 -8.644646033644676208e-03 9.999409317970275879e-01 6.589526776224374771e-03
-6.933996081352233887e-01 -9.745595045387744904e-03 7.204874157905578613e-01 -6.757912226021289825e-03 9.999525547027587891e-01 7.021911442279815674e-03
-6.934002041816711426e-01 -9.652282111346721649e-03 7.204880118370056152e-01 -6.693206727504730225e-03 9.999534487724304199e-01 6.954677868634462357e-03
-5.752953886985778809e-01 -8.951243944466114044e-03 8.178967833518981934e-01 -5.149815697222948074e-03 9.999599456787109375e-01 7.321487180888652802e-03
-5.752956271171569824e-01 -8.906097151339054108e-03 8.178971409797668457e-01 -5.123842041939496994e-03 9.999603629112243652e-01 7.284560240805149078e-03
-4.437053203582763672e-01 -8.143520914018154144e-03 8.961358070373535156e-01 -3.613443113863468170e-03 9.999668598175048828e-01 7.297942414879798889e-03
-4.437053501605987549e-01 -8.125541731715202332e-03 8.961359262466430664e-01 -3.605465404689311981e-03 9.999669790267944336e-01 7.281830068677663803e-03
-3.017119765281677246e-01 -7.563719060271978378e-03 9.533691406250000000e-01 -2.282130066305398941e-03 9.999713897705078125e-01 7.211222779005765915e-03
-3.017120063304901123e-01 -7.554359734058380127e-03 9.533692002296447754e-01 -2.279306296259164810e-03 9.999715089797973633e-01 7.202300243079662323e-03
-1.526453197002410889e-01 -7.171638775616884232e-03 9.882550835609436035e-01 -1.094745239242911339e-03 9.999743103981018066e-01 7.087590638548135757e-03
-1.526453047990798950e-01 -7.182431407272815704e-03 9.882549643516540527e-01 -1.096392748877406120e-03 9.999742507934570312e-01 7.098257075995206833e-03
0.000000000000000000e+00 -6.960100028663873672e-03 9.999758005142211914e-01 0.000000000000000000e+00 9.999758005142211914e-01 6.960100028663873672e-03
0.000000000000000000e+00 -7.021804805845022202e-03 9.999753832817077637e-01 0.000000000000000000e+00 9.999753832817077637e-01 7.021804805845022202e-03
1.526449471712112427e-01 -7.498717866837978363e-03 9.882526993751525879e-01 1.144673675298690796e-03 9.999719262123107910e-01 7.410836871713399887e-03
1.526448577642440796e-01 -7.582458667457103729e-03 9.882521033287048340e-01 1.157456543296575546e-03 9.999712705612182617e-01 7.493596058338880539e-03
3.017108142375946045e-01 -8.064384572207927704e-03 9.533653855323791504e-01 2.433191286399960518e-03 9.999675154685974121e-01 7.688555866479873657e-03
3.017106056213378906e-01 -8.149942383170127869e-03 9.533647894859313965e-01 2.459005685523152351e-03 9.999668002128601074e-01 7.770126219838857651e-03
4.437035620212554932e-01 -8.608083240687847137e-03 8.961322903633117676e-01 3.819579025730490685e-03 9.999629855155944824e-01 7.714267820119857788e-03
4.437035620212554932e-01 -8.607515133917331696e-03 8.961322903633117676e-01 3.819326870143413544e-03 9.999629855155944824e-01 7.713758386671543121e-03
5.752961039543151855e-01 -8.844519034028053284e-03 8.178974986076354980e-01 5.088415928184986115e-03 9.999608993530273438e-01 7.234192918986082077e-03
5.752961039543151855e-01 -8.836295455694198608e-03 8.178975582122802734e-01 5.083684809505939484e-03 9.999609589576721191e-01 7.227466907352209091e-03
6.934047341346740723e-01 -8.953096345067024231e-03 7.204927206039428711e-01 6.208368111401796341e-03 9.999599456787109375e-01 6.450898945331573486e-03
6.934047341346740723e-01 -8.954192511737346649e-03 7.204927206039428711e-01 6.209128070622682571e-03 9.999599456787109375e-01 6.451688706874847412e-03
7.952601909637451172e-01 -9.062335826456546783e-03 6.062006354331970215e-01 7.207209710031747818e-03 9.999589323997497559e-01 5.493818316608667374e-03
7.952601313591003418e-01 -9.073419496417045593e-03 6.062005758285522461e-01 7.216024678200483322e-03 9.999588727951049805e-01 5.500538274645805359e-03
8.784743547439575195e-01 -9.295198135077953339e-03 4.776990711688995361e-01 8.165946230292320251e-03 9.999567866325378418e-01 4.440499469637870789e-03
8.784737586975097656e-01 -9.374653920531272888e-03 4.776987433433532715e-01 8.235748857259750366e-03 9.999560713768005371e-01 4.478456918150186539e-03
9.410961866378784180e-01 -9.657419286668300629e-03 3.380010426044464111e-01 9.088983759284019470e-03 9.999533891677856445e-01 3.264370141550898552e-03
9.410954713821411133e-01 -9.738986380398273468e-03 3.380008041858673096e-01 9.165749885141849518e-03 9.999526143074035645e-01 3.291941015049815178e-03
9.816622734069824219e-01 -9.685912169516086578e-03 1.903822571039199829e-01 9.508741088211536407e-03 9.999530911445617676e-01 1.844112295657396317e-03
9.816610813140869141e-01 -9.813801385462284088e-03 1.903820186853408813e-01 9.634290821850299835e-03 9.999518394470214844e-01 1.868461258709430695e-03
9.992198944091796875e-01 -9.633074514567852020e-03 3.830096498131752014e-02 9.626005776226520538e-03 9.999536275863647461e-01 3.689731529448181391e-04
9.992181062698364258e-01 -9.815318509936332703e-03 3.830089792609214783e-02 9.808115661144256592e-03 9.999518394470214844e-01 3.759536193683743477e-04
9.933547377586364746e-01 -9.763129986822605133e-03 -1.146780624985694885e-01 9.698715060949325562e-03 9.999523758888244629e-01 -1.119670341722667217e-03
9.933538436889648438e-01 -9.856252931058406830e-03 -1.146779581904411316e-01 9.791222400963306427e-03 9.999514222145080566e-01 -1.130349934101104736e-03
9.642089605331420898e-01 -9.618271142244338989e-03 -2.649691402912139893e-01 9.274451993405818939e-03 9.999537467956542969e-01 -2.548662945628166199e-03
9.642086625099182129e-01 -9.651254862546920776e-03 -2.649690508842468262e-01 9.306256659328937531e-03 9.999534487724304199e-01 -2.557402942329645157e-03
9.124620556831359863e-01 -9.553341194987297058e-03 -4.090498983860015869e-01 8.717458695173263550e-03 9.999544024467468262e-01 -3.907971549779176712e-03
9.124617576599121094e-01 -9.584283456206321716e-03 -4.090497791767120361e-01 8.745693601667881012e-03 9.999541044235229492e-01 -3.920629154890775681e-03
8.393267393112182617e-01 -9.588350541889667511e-03 -5.435427427291870117e-01 8.048128336668014526e-03 9.999540448188781738e-01 -5.211917683482170105e-03
8.393265008926391602e-01 -9.619201533496379852e-03 -5.435425639152526855e-01 8.074023760855197906e-03 9.999537467956542969e-01 -5.228687543421983719e-03
7.465181350708007812e-01 -9.704740718007087708e-03 -6.652942895889282227e-01 7.245106156915426254e-03 9.999529123306274414e-01 -6.456812843680381775e-03
7.465179562568664551e-01 -9.727764874696731567e-03 -6.652941703796386719e-01 7.262295112013816833e-03 9.999526739120483398e-01 -6.472131237387657166e-03
6.362112164497375488e-01 -9.870184585452079773e-03 -7.714518308639526367e-01 6.279828026890754700e-03 9.999513030052185059e-01 -7.614742498844861984e-03
6.362108588218688965e-01 -9.924379177391529083e-03 -7.714514136314392090e-01 6.314308848232030869e-03 9.999507665634155273e-01 -7.656553294509649277e-03
5.109922885894775391e-01 -1.014836225658655167e-02 -8.595253825187683105e-01 5.186002235859632492e-03 9.999485015869140625e-01 -8.723224513232707977e-03
5.109919309616088867e-01 -1.022197585552930832e-02 -8.595247268676757812e-01 5.223620682954788208e-03 9.999477863311767578e-01 -8.786501362919807434e-03
3.737969398498535156e-01 -1.044357195496559143e-02 -9.274517893791198730e-01 3.903987584635615349e-03 9.999454617500305176e-01 -9.686436504125595093e-03
3.737967312335968018e-01 -1.049512065947055817e-02 -9.274513125419616699e-01 3.923257347196340561e-03 9.999449253082275391e-01 -9.734247811138629913e-03
2.278411835432052612e-01 -1.051045302301645279e-02 -9.736416339874267578e-01 2.394846174865961075e-03 9.999448060989379883e-01 -1.023397967219352722e-02
2.278411388397216797e-01 -1.052662730216979980e-02 -9.736414551734924316e-01 2.398531651124358177e-03 9.999446272850036621e-01 -1.024972833693027496e-02
-2.872893528547137976e-04 0.000000000000000000e+00 -1.000000000000000000e+00 -1.000000000000000000e+00 0.000000000000000000e+00 2.872893528547137976e-04
-2.881027467083185911e-04 0.000000000000000000e+00 -1.000000000000000000e+00 -1.000000000000000000e+00 0.000000000000000000e+00 2.881027467083185911e-04
-2.970645728055387735e-04 0.000000000000000000e+00 -1.000000000000000000e+00 -1.000000000000000000e+00 0.000000000000000000e+00 2.970645728055387735e-04
-2.765778626780956984e-04 0.000000000000000000e+00 -1.000000000000000000e+00 -1.000000000000000000e+00 0.000000000000000000e+00 2.765778626780956984e-04
-2.873507910408079624e-04 0.000000000000000000e+00 -1.000000000000000000e+00 -1.000000000000000000e+00 0.000000000000000000e+00 2.873507910408079624e-04
-2.843927650246769190e-04 0.000000000000000000e+00 -1.000000000000000000e+00 -1.000000000000000000e+00 0.000000000000000000e+00 2.843927650246769190e-04
-2.954114752355962992e-04 0.000000000000000000e+00 -1.000000000000000000e+00 -1.000000000000000000e+00 0.000000000000000000e+00 2.954114752355962992e-04
-3.001805453095585108e-04 0.000000000000000000e+00 -9.999999403953552246e-01 -9.999999403953552246e-01 0.000000000000000000e+00 3.001805453095585108e-04
-3.180925268679857254e-04 0.000000000000000000e+00 -9.999999403953552246e-01 -9.999999403953552246e-01 0.000000000000000000e+00 3.180925268679857254e-04
-3.176565805915743113e-04 0.000000000000000000e+00 -9.999999403953552246e-01 -9.999999403953552246e-01 0.000000000000000000e+00 3.176565805915743113e-04
-3.311914915684610605e-04 0.000000000000000000e+00 -9.999999403953552246e-01 -9.999999403953552246e-01 0.000000000000000000e+00 3.311914915684610605e-04
-3.269344160798937082e-04 0.000000000000000000e+00 -9.999999403953552246e-01 -9.999999403953552246e-01 0.000000000000000000e+00 3.269344160798937082e-04
-3.512247058097273111e-04 0.000000000000000000e+00 -9.999999403953552246e-01 -9.999999403953552246e-01 0.000000000000000000e+00 3.512247058097273111e-04
-3.496418066788464785e-04 0.000000000000000000e+00 -9.999999403953552246e-01 -9.999999403953552246e-01 0.000000000000000000e+00 3.496418066788464785e-04
-3.833006485365331173e-04 0.000000000000000000e+00 -9.999999403953552246e-01 -9.999999403953552246e-01 0.000000000000000000e+00 3.833006485365331173e-04
-3.834908129647374153e-04 0.000000000000000000e+00 -9.999999403953552246e-01 -9.999999403953552246e-01 0.000000000000000000e+00 3.834908129647374153e-04
-4.115583724342286587e-04 0.000000000000000000e+00 -9.999999403953552246e-01 -9.999999403953552246e-01 0.000000000000000000e+00 4.115583724342286587e-04
-4.316442646086215973e-04 0.000000000000000000e+00 -9.999999403953552246e-01 -9.999999403953552246e-01 0.000000000000000000e+00 4.316442646086215973e-04
-4.439268959686160088e-04 0.000000000000000000e+00 -9.999999403953552246e-01 -9.999999403953552246e-01 0.000000000000000000e+00 4.439268959686160088e-04
-4.498780472204089165e-04 0.000000000000000000e+00 -9.999999403953552246e-01 -9.999999403953552246e-01 0.000000000000000000e+00 4.498780472204089165e-04
-4.533071187324821949e-04 0.000000000000000000e+00 -9.999999403953552246e-01 -9.999999403953552246e-01 0.000000000000000000e+00 4.533071187324821949e-04
-4.569760931190103292e-04 0.000000000000000000e+00 -9.999998807907104492e-01 -9.999998807907104492e-01 0.000000000000000000e+00 4.569760931190103292e-04
-4.572511243168264627e-04 0.000000000000000000e+00 -9.999998807907104492e-01 -9.999998807907104492e-01 0.000000000000000000e+00 4.572511243168264627e-04
-4.616954538505524397e-04 0.000000000000000000e+00 -9.999998807907104492e-01 -9.999998807907104492e-01 0.000000000000000000e+00 4.616954538505524397e-04
-4.606070579029619694e-04 0.000000000000000000e+00 -9.999998807907104492e-01 -9.999998807907104492e-01 0.000000000000000000e+00 4.606070579029619694e-04
-4.628979950211942196e-04 0.000000000000000000e+00 -9.999998807907104492e-01 -9.999998807907104492e-01 0.000000000000000000e+00 4.628979950211942196e-04
-4.682259459514170885e-04 0.000000000000000000e+00 -9.999998807907104492e-01 -9.999998807907104492e-01 0.000000000000000000e+00 4.682259459514170885e-04
-4.733490641228854656e-04 0.000000000000000000e+00 -9.999998807907104492e-01 -9.999998807907104492e-01 0.000000000000000000e+00 4.733490641228854656e-04
-4.781796305906027555e-04 0.000000000000000000e+00 -9.999998807907104492e-01 -9.999998807907104492e-01 0.000000000000000000e+00 4.781796305906027555e-04
-4.694430681411176920e-04 0.000000000000000000e+00 -9.999998807907104492e-01 -9.999998807907104492e-01 0.000000000000000000e+00 4.694430681411176920e-04
-4.790925013367086649e-04 0.000000000000000000e+00 -9.999998807907104492e-01 -9.999998807907104492e-01 0.000000000000000000e+00 4.790925013367086649e-04
-4.818252054974436760e-04 0.000000000000000000e+00 -9.999998807907104492e-01 -9.999998807907104492e-01 0.000000000000000000e+00 4.818252054974436760e-04
-4.808772355318069458e-04 0.000000000000000000e+00 -9.999998807907104492e-01 -9.999998807907104492e-01 0.000000000000000000e+00 4.808772355318069458e-04
-4.787413927260786295e-04 0.000000000000000000e+00 -9.999998807907104492e-01 -9.999998807907104492e-01 0.000000000000000000e+00 4.787413927260786295e-04
-4.782849573530256748e-04 0.000000000000000000e+00 -9.999998807907104492e-01 -9.999998807907104492e-01 0.000000000000000000e+00 4.782849573530256748e-04
-4.766640486195683479e-04 0.000000000000000000e+00 -9.999998807907104492e-01 -9.999998807907104492e-01 0.000000000000000000e+00 4.766640486195683479e-04
-4.881567438133060932e-04 0.000000000000000000e+00 -9.999998807907104492e-01 -9.999998807907104492e-01 0.000000000000000000e+00 4.881567438133060932e-04
-4.933764575980603695e-04 0.000000000000000000e+00 -9.999998807907104492e-01 -9.999998807907104492e-01 0.000000000000000000e+00 4.933764575980603695e-04
-4.968348075635731220e-04 0.000000000000000000e+00 -9.999998807907104492e-01 -9.999998807907104492e-01 0.000000000000000000e+00 4.968348075635731220e-04
-4.993422189727425575e-04 0.000000000000000000e+00 -9.999998807907104492e-01 -9.999998807907104492e-01 0.000000000000000000e+00 4.993422189727425575e-04
-4.995089839212596416e-04 0.000000000000000000e+00 -9.999998807907104492e-01 -9.999998807907104492e-01 0.000000000000000000e+00 4.995089839212596416e-04
-5.080641712993383408e-04 0.000000000000000000e+00 -9.999998807907104492e-01 -9.999998807907104492e-01 0.000000000000000000e+00 5.080641712993383408e-04
-4.999478696845471859e-04 0.000000000000000000e+00 -9.999998807907104492e-01 -9.999998807907104492e-01 0.000000000000000000e+00 4.999478696845471859e-04
-5.046029109507799149e-04 0.000000000000000000e+00 -9.999998807907104492e-01 -9.999998807907104492e-01 0.000000000000000000e+00 5.046029109507799149e-04
-4.925835528410971165e-04 0.000000000000000000e+00 -9.999998807907104492e-01 -9.999998807907104492e-01 0.000000000000000000e+00 4.925835528410971165e-04
-4.902311484329402447e-04 0.000000000000000000e+00 -9.999998807907104492e-01 -9.999998807907104492e-01 0.000000000000000000e+00 4.902311484329402447e-04
-4.701540456153452396e-04 0.000000000000000000e+00 -9.999998807907104492e-01 -9.999998807907104492e-01 0.000000000000000000e+00 4.701540456153452396e-04
-4.667659522965550423e-04 0.000000000000000000e+00 -9.999998807907104492e-01 -9.999998807907104492e-01 0.000000000000000000e+00 4.667659522965550423e-04
-4.461329663172364235e-04 0.000000000000000000e+00 -9.999999403953552246e-01 -9.999999403953552246e-01 0.000000000000000000e+00 4.461329663172364235e-04
-4.290636861696839333e-04 0.000000000000000000e+00 -9.999999403953552246e-01 -9.999999403953552246e-01 0.000000000000000000e+00 4.290636861696839333e-04
-4.149903834331780672e-04 0.000000000000000000e+00 -9.999999403953552246e-01 -9.999999403953552246e-01 0.000000000000000000e+00 4.149903834331780672e-04
-3.955657593905925751e-04 0.000000000000000000e+00 -9.999999403953552246e-01 -9.999999403953552246e-01 0.000000000000000000e+00 3.955657593905925751e-04
-3.889211802743375301e-04 0.000000000000000000e+00 -9.999999403953552246e-01 -9.999999403953552246e-01 0.000000000000000000e+00 3.889211802743375301e-04
-3.787100140471011400e-04 0.000000000000000000e+00 -9.999999403953552246e-01 -9.999999403953552246e-01 0.000000000000000000e+00 3.787100140471011400e-04
-3.798832767643034458e-04 0.000000000000000000e+00 -9.999999403953552246e-01 -9.999999403953552246e-01 0.000000000000000000e+00 3.798832767643034458e-04
-3.731216420419514179e-04 0.000000000000000000e+00 -9.999999403953552246e-01 -9.999999403953552246e-01 0.000000000000000000e+00 3.731216420419514179e-04
-3.745348367374390364e-04 0.000000000000000000e+00 -9.999999403953552246e-01 -9.999999403953552246e-01 0.000000000000000000e+00 3.745348367374390364e-04
-3.705557028297334909e-04 -0.000000000000000000e+00 -9.999999403953552246e-01 -9.999999403953552246e-01 0.000000000000000000e+00 3.705557028297334909e-04
-3.747396403923630714e-04 0.000000000000000000e+00 -9.999999403953552246e-01 -9.999999403953552246e-01 0.000000000000000000e+00 3.747396403923630714e-04
-3.755852230824530125e-04 0.000000000000000000e+00 -9.999999403953552246e-01 -9.999999403953552246e-01 0.000000000000000000e+00 3.755852230824530125e-04
-3.792805364355444908e-04 0.000000000000000000e+00 -9.999999403953552246e-01 -9.999999403953552246e-01 0.000000000000000000e+00 3.792805364355444908e-04
-3.749532334040850401e-04 0.000000000000000000e+00 -9.999999403953552246e-01 -9.999999403953552246e-01 0.000000000000000000e+00 3.749532334040850401e-04
-3.711408644448965788e-04 0.000000000000000000e+00 -9.999999403953552246e-01 -9.999999403953552246e-01 0.000000000000000000e+00 3.711408644448965788e-04
-3.596452588681131601e-04 -0.000000000000000000e+00 -9.999999403953552246e-01 -9.999999403953552246e-01 0.000000000000000000e+00 3.596452588681131601e-04
-3.559967444743961096e-04 0.000000000000000000e+00 -9.999999403953552246e-01 -9.999999403953552246e-01 0.000000000000000000e+00 3.559967444743961096e-04
-3.504288615658879280e-04 -0.000000000000000000e+00 -9.999999403953552246e-01 -9.999999403953552246e-01 0.000000000000000000e+00 3.504288615658879280e-04
-3.375142405275255442e-04 0.000000000000000000e+00 -9.999999403953552246e-01 -9.999999403953552246e-01 0.000000000000000000e+00 3.375142405275255442e-04
-3.291404864285141230e-04 -0.000000000000000000e+00 -9.999999403953552246e-01 -9.999999403953552246e-01 0.000000000000000000e+00 3.291404864285141230e-04
-3.246259293518960476e-04 0.000000000000000000e+00 -9.999999403953552246e-01 -9.999999403953552246e-01 0.000000000000000000e+00 3.246259293518960476e-04
-3.222355153411626816e-04 -0.000000000000000000e+00 -9.999999403953552246e-01 -9.999999403953552246e-01 0.000000000000000000e+00 3.222355153411626816e-04
-3.148975083604454994e-04 0.000000000000000000e+00 -9.999999403953552246e-01 -9.999999403953552246e-01 0.000000000000000000e+00 3.148975083604454994e-04
-3.166208334732800722e-04 -0.000000000000000000e+00 -9.999999403953552246e-01 -9.999999403953552246e-01 0.000000000000000000e+00 3.166208334732800722e-04
-3.128640528302639723e-04 0.000000000000000000e+00 -9.999999403953552246e-01 -9.999999403953552246e-01 0.000000000000000000e+00 3.128640528302639723e-04
-3.104970674030482769e-04 -0.000000000000000000e+00 -9.999999403953552246e-01 -9.999999403953552246e-01 0.000000000000000000e+00 3.104970674030482769e-04
-3.072054823860526085e-04 0.000000000000000000e+00 -9.999999403953552246e-01 -9.999999403953552246e-01 0.000000000000000000e+00 3.072054823860526085e-04
-3.035013796761631966e-04 -0.000000000000000000e+00 -9.999999403953552246e-01 -9.999999403953552246e-01 0.000000000000000000e+00 3.035013796761631966e-04
-2.975912357214838266e-04 0.000000000000000000e+00 -1.000000000000000000e+00 -1.000000000000000000e+00 0.000000000000000000e+00 2.975912357214838266e-04
-2.141931618098169565e-04 0.000000000000000000e+00 -1.000000000000000000e+00 -1.000000000000000000e+00 0.000000000000000000e+00 2.141931618098169565e-04
-2.152610832126811147e-04 0.000000000000000000e+00 -1.000000000000000000e+00 -1.000000000000000000e+00 0.000000000000000000e+00 2.152610832126811147e-04
-2.245506184408441186e-04 0.000000000000000000e+00 -1.000000000000000000e+00 -1.000000000000000000e+00 0.000000000000000000e+00 2.245506184408441186e-04
-2.068083413178101182e-04 0.000000000000000000e+00 -1.000000000000000000e+00 -1.000000000000000000e+00 0.000000000000000000e+00 2.068083413178101182e-04
-2.059452235698699951e-04 0.000000000000000000e+00 -1.000000000000000000e+00 -1.000000000000000000e+00 0.000000000000000000e+00 2.059452235698699951e-04
-2.003393165068700910e-04 0.000000000000000000e+00 -1.000000000000000000e+00 -1.000000000000000000e+00 0.000000000000000000e+00 2.003393165068700910e-04
-1.983614638447761536e-04 0.000000000000000000e+00 -1.000000000000000000e+00 -1.000000000000000000e+00 0.000000000000000000e+00 1.983614638447761536e-04
-1.925156393554061651e-04 0.000000000000000000e+00 -1.000000000000000000e+00 -1.000000000000000000e+00 0.000000000000000000e+00 1.925156393554061651e-04
-1.962841197382658720e-04 0.000000000000000000e+00 -1.000000000000000000e+00 -1.000000000000000000e+00 0.000000000000000000e+00 1.962841197382658720e-04
-1.937357155838981271e-04 0.000000000000000000e+00 -1.000000000000000000e+00 -1.000000000000000000e+00 0.000000000000000000e+00 1.937357155838981271e-04
-1.915091415867209435e-04 0.000000000000000000e+00 -1.000000000000000000e+00 -1.000000000000000000e+00 0.000000000000000000e+00 1.915091415867209435e-04
-1.865527883637696505e-04 0.000000000000000000e+00 -1.000000000000000000e+00 -1.000000000000000000e+00 0.000000000000000000e+00 1.865527883637696505e-04
-1.884545781649649143e-04 0.000000000000000000e+00 -1.000000000000000000e+00 -1.000000000000000000e+00 0.000000000000000000e+00 1.884545781649649143e-04
-1.814150164136663079e-04 0.000000000000000000e+00 -1.000000000000000000e+00 -1.000000000000000000e+00 0.000000000000000000e+00 1.814150164136663079e-04
-1.800837635528296232e-04 0.000000000000000000e+00 -1.000000000000000000e+00 -1.000000000000000000e+00 0.000000000000000000e+00 1.800837635528296232e-04
-1.687402836978435516e-04 0.000000000000000000e+00 -1.000000000000000000e+00 -1.000000000000000000e+00 0.000000000000000000e+00 1.687402836978435516e-04
-1.689187629381194711e-04 0.000000000000000000e+00 -1.000000000000000000e+00 -1.000000000000000000e+00 0.000000000000000000e+00 1.689187629381194711e-04
-1.666073512751609087e-04 0.000000000000000000e+00 -1.000000000000000000e+00 -1.000000000000000000e+00 0.000000000000000000e+00 1.666073512751609087e-04
-1.669496850809082389e-04 0.000000000000000000e+00 -1.000000000000000000e+00 -1.000000000000000000e+00 0.000000000000000000e+00 1.669496850809082389e-04
-1.637722161831334233e-04 0.000000000000000000e+00 -1.000000000000000000e+00 -1.000000000000000000e+00 0.000000000000000000e+00 1.637722161831334233e-04
-1.653316867304965854e-04 0.000000000000000000e+00 -1.000000000000000000e+00 -1.000000000000000000e+00 0.000000000000000000e+00 1.653316867304965854e-04
-1.665078743826597929e-04 0.000000000000000000e+00 -1.000000000000000000e+00 -1.000000000000000000e+00 0.000000000000000000e+00 1.665078743826597929e-04
-1.893820590339601040e-04 0.000000000000000000e+00 -1.000000000000000000e+00 -1.000000000000000000e+00 0.000000000000000000e+00 1.893820590339601040e-04
-1.926121913129463792e-04 0.000000000000000000e+00 -1.000000000000000000e+00 -1.000000000000000000e+00 0.000000000000000000e+00 1.926121913129463792e-04
-2.074783551506698132e-04 0.000000000000000000e+00 -1.000000000000000000e+00 -1.000000000000000000e+00 0.000000000000000000e+00 2.074783551506698132e-04
-2.272189740324392915e-04 0.000000000000000000e+00 -1.000000000000000000e+00 -1.000000000000000000e+00 0.000000000000000000e+00 2.272189740324392915e-04
-2.593446988612413406e-04 0.000000000000000000e+00 -1.000000000000000000e+00 -1.000000000000000000e+00 0.000000000000000000e+00 2.593446988612413406e-04
-2.789097488857805729e-04 0.000000000000000000e+00 -1.000000000000000000e+00 -1.000000000000000000e+00 0.000000000000000000e+00 2.789097488857805729e-04
-3.074366250075399876e-04 0.000000000000000000e+00 -9.999999403953552246e-01 -9.999999403953552246e-01 0.000000000000000000e+00 3.074366250075399876e-04
-3.116907901130616665e-04 0.000000000000000000e+00 -9.999999403953552246e-01 -9.999999403953552246e-01 0.000000000000000000e+00 3.116907901130616665e-04
-3.308930608909577131e-04 0.000000000000000000e+00 -9.999999403953552246e-01 -9.999999403953552246e-01 0.000000000000000000e+00 3.308930608909577131e-04
-3.332132473587989807e-04 0.000000000000000000e+00 -9.999999403953552246e-01 -9.999999403953552246e-01 0.000000000000000000e+00 3.332132473587989807e-04
-3.411627549212425947e-04 0.000000000000000000e+00 -9.999999403953552246e-01 -9.999999403953552246e-01 0.000000000000000000e+00 3.411627549212425947e-04
-3.315542999189347029e-04 0.000000000000000000e+00 -9.999999403953552246e-01 -9.999999403953552246e-01 0.000000000000000000e+00 3.315542999189347029e-04
-3.364229050930589437e-04 0.000000000000000000e+00 -9.999999403953552246e-01 -9.999999403953552246e-01 0.000000000000000000e+00 3.364229050930589437e-04
-3.328445891384035349e-04 0.000000000000000000e+00 -9.999999403953552246e-01 -9.999999403953552246e-01 0.000000000000000000e+00 3.328445891384035349e-04
-3.381637507118284702e-04 0.000000000000000000e+00 -9.999999403953552246e-01 -9.999999403953552246e-01 0.000000000000000000e+00 3.381637507118284702e-04
-3.333332133479416370e-04 0.000000000000000000e+00 -9.999999403953552246e-01 -9.999999403953552246e-01 0.000000000000000000e+00 3.333332133479416370e-04
-3.433044475968927145e-04 0.000000000000000000e+00 -9.999999403953552246e-01 -9.999999403953552246e-01 0.000000000000000000e+00 3.433044475968927145e-04
-3.434887912590056658e-04 0.000000000000000000e+00 -9.999999403953552246e-01 -9.999999403953552246e-01 0.000000000000000000e+00 3.434887912590056658e-04
-3.493375261314213276e-04 0.000000000000000000e+00 -9.999999403953552246e-01 -9.999999403953552246e-01 0.000000000000000000e+00 3.493375261314213276e-04
-3.390532219782471657e-04 0.000000000000000000e+00 -9.999999403953552246e-01 -9.999999403953552246e-01 0.000000000000000000e+00 3.390532219782471657e-04
-3.417186671867966652e-04 0.000000000000000000e+00 -9.999999403953552246e-01 -9.999999403953552246e-01 0.000000000000000000e+00 3.417186671867966652e-04
-3.408087068237364292e-04 0.000000000000000000e+00 -9.999999403953552246e-01 -9.999999403953552246e-01 0.000000000000000000e+00 3.408087068237364292e-04
-3.438486601226031780e-04 0.000000000000000000e+00 -9.999999403953552246e-01 -9.999999403953552246e-01 0.000000000000000000e+00 3.438486601226031780e-04
-3.384066221769899130e-04 0.000000000000000000e+00 -9.999999403953552246e-01 -9.999999403953552246e-01 0.000000000000000000e+00 3.384066221769899130e-04
-3.404693270567804575e-04 0.000000000000000000e+00 -9.999999403953552246e-01 -9.999999403953552246e-01 0.000000000000000000e+00 3.404693270567804575e-04
-3.406068426556885242e-04 0.000000000000000000e+00 -9.999999403953552246e-01 -9.999999403953552246e-01 0.000000000000000000e+00 3.406068426556885242e-04
-3.355275839567184448e-04 -0.000000000000000000e+00 -9.999999403953552246e-01 -9.999999403953552246e-01 0.000000000000000000e+00 3.355275839567184448e-04
-3.323559649288654327e-04 0.000000000000000000e+00 -9.999999403953552246e-01 -9.999999403953552246e-01 0.000000000000000000e+00 3.323559649288654327e-04
-3.286986902821809053e-04 -0.000000000000000000e+00 -9.999999403953552246e-01 -9.999999403953552246e-01 0.000000000000000000e+00 3.286986902821809053e-04
-3.295735223218798637e-04 0.000000000000000000e+00 -9.999999403953552246e-01 -9.999999403953552246e-01 0.000000000000000000e+00 3.295735223218798637e-04
-3.247809945605695248e-04 -0.000000000000000000e+00 -9.999999403953552246e-01 -9.999999403953552246e-01 0.000000000000000000e+00 3.247809945605695248e-04
-3.096953732892870903e-04 0.000000000000000000e+00 -9.999999403953552246e-01 -9.999999403953552246e-01 0.000000000000000000e+00 3.096953732892870903e-04
-2.995368849951773882e-04 0.000000000000000000e+00 -9.999999403953552246e-01 -9.999999403953552246e-01 0.000000000000000000e+00 2.995368849951773882e-04
-2.802322269417345524e-04 0.000000000000000000e+00 -1.000000000000000000e+00 -1.000000000000000000e+00 0.000000000000000000e+00 2.802322269417345524e-04
-2.725606900639832020e-04 0.000000000000000000e+00 -1.000000000000000000e+00 -1.000000000000000000e+00 0.000000000000000000e+00 2.725606900639832020e-04
-2.639675221871584654e-04 0.000000000000000000e+00 -1.000000000000000000e+00 -1.000000000000000000e+00 0.000000000000000000e+00 2.639675221871584654e-04
-2.621213207021355629e-04 0.000000000000000000e+00 -1.000000000000000000e+00 -1.000000000000000000e+00 0.000000000000000000e+00 2.621213207021355629e-04
-2.562374575063586235e-04 -0.000000000000000000e+00 -1.000000000000000000e+00 -1.000000000000000000e+00 0.000000000000000000e+00 2.562374575063586235e-04
-2.529810008127242327e-04 0.000000000000000000e+00 -1.000000000000000000e+00 -1.000000000000000000e+00 0.000000000000000000e+00 2.529810008127242327e-04
-2.509153564460575581e-04 -0.000000000000000000e+00 -1.000000000000000000e+00 -1.000000000000000000e+00 0.000000000000000000e+00 2.509153564460575581e-04
-2.467284793965518475e-04 0.000000000000000000e+00 -1.000000000000000000e+00 -1.000000000000000000e+00 0.000000000000000000e+00 2.467284793965518475e-04
-2.438494266243651509e-04 -0.000000000000000000e+00 -1.000000000000000000e+00 -1.000000000000000000e+00 0.000000000000000000e+00 2.438494266243651509e-04
-2.363066305406391621e-04 0.000000000000000000e+00 -1.000000000000000000e+00 -1.000000000000000000e+00 0.000000000000000000e+00 2.363066305406391621e-04
-2.394255716353654861e-04 -0.000000000000000000e+00 -1.000000000000000000e+00 -1.000000000000000000e+00 0.000000000000000000e+00 2.394255716353654861e-04
-2.369912690483033657e-04 0.000000000000000000e+00 -1.000000000000000000e+00 -1.000000000000000000e+00 0.000000000000000000e+00 2.369912690483033657e-04
-2.357741177547723055e-04 -0.000000000000000000e+00 -1.000000000000000000e+00 -1.000000000000000000e+00 0.000000000000000000e+00 2.357741177547723055e-04
-2.346769324503839016e-04 0.000000000000000000e+00 -1.000000000000000000e+00 -1.000000000000000000e+00 0.000000000000000000e+00 2.346769324503839016e-04
-1.897653564810752869e-04 0.000000000000000000e+00 -1.000000000000000000e+00 -1.000000000000000000e+00 0.000000000000000000e+00 1.897653564810752869e-04
-1.871906133601441979e-04 0.000000000000000000e+00 -1.000000000000000000e+00 -1.000000000000000000e+00 0.000000000000000000e+00 1.871906133601441979e-04
-1.960120134754106402e-04 0.000000000000000000e+00 -1.000000000000000000e+00 -1.000000000000000000e+00 0.000000000000000000e+00 1.960120134754106402e-04
-2.025454014074057341e-04 0.000000000000000000e+00 -1.000000000000000000e+00 -1.000000000000000000e+00 0.000000000000000000e+00 2.025454014074057341e-04
-2.118963748216629028e-04 0.000000000000000000e+00 -1.000000000000000000e+00 -1.000000000000000000e+00 0.000000000000000000e+00 2.118963748216629028e-04
-2.381382073508575559e-04 0.000000000000000000e+00 -1.000000000000000000e+00 -1.000000000000000000e+00 0.000000000000000000e+00 2.381382073508575559e-04
-2.583060122560709715e-04 0.000000000000000000e+00 -1.000000000000000000e+00 -1.000000000000000000e+00 0.000000000000000000e+00 2.583060122560709715e-04
-2.849164884537458420e-04 0.000000000000000000e+00 -1.000000000000000000e+00 -1.000000000000000000e+00 0.000000000000000000e+00 2.849164884537458420e-04
-3.092857659794390202e-04 0.000000000000000000e+00 -9.999999403953552246e-01 -9.999999403953552246e-01 0.000000000000000000e+00 3.092857659794390202e-04
-3.398636763449758291e-04 0.000000000000000000e+00 -9.999999403953552246e-01 -9.999999403953552246e-01 0.000000000000000000e+00 3.398636763449758291e-04
-3.551307017914950848e-04 0.000000000000000000e+00 -9.999999403953552246e-01 -9.999999403953552246e-01 0.000000000000000000e+00 3.551307017914950848e-04
-3.708336444105952978e-04 0.000000000000000000e+00 -9.999999403953552246e-01 -9.999999403953552246e-01 0.000000000000000000e+00 3.708336444105952978e-04
-3.802987339440733194e-04 0.000000000000000000e+00 -9.999999403953552246e-01 -9.999999403953552246e-01 0.000000000000000000e+00 3.802987339440733194e-04
-3.911828389391303062e-04 0.000000000000000000e+00 -9.999999403953552246e-01 -9.999999403953552246e-01 0.000000000000000000e+00 3.911828389391303062e-04
-4.169302119407802820e-04 0.000000000000000000e+00 -9.999999403953552246e-01 -9.999999403953552246e-01 0.000000000000000000e+00 4.169302119407802820e-04
-4.098584468010812998e-04 0.000000000000000000e+00 -9.999999403953552246e-01 -9.999999403953552246e-01 0.000000000000000000e+00 4.098584468010812998e-04
-4.441404889803379774e-04 0.000000000000000000e+00 -9.999999403953552246e-01 -9.999999403953552246e-01 0.000000000000000000e+00 4.441404889803379774e-04
-4.537928034551441669e-04 0.000000000000000000e+00 -9.999999403953552246e-01 -9.999999403953552246e-01 0.000000000000000000e+00 4.537928034551441669e-04
-4.652006318792700768e-04 0.000000000000000000e+00 -9.999998807907104492e-01 -9.999998807907104492e-01 0.000000000000000000e+00 4.652006318792700768e-04
-4.647178575396537781e-04 0.000000000000000000e+00 -9.999998807907104492e-01 -9.999998807907104492e-01 0.000000000000000000e+00 4.647178575396537781e-04
-4.679011763073503971e-04 0.000000000000000000e+00 -9.999998807907104492e-01 -9.999998807907104492e-01 0.000000000000000000e+00 4.679011763073503971e-04
-4.591938632074743509e-04 0.000000000000000000e+00 -9.999998807907104492e-01 -9.999998807907104492e-01 0.000000000000000000e+00 4.591938632074743509e-04
-4.352108517196029425e-04 0.000000000000000000e+00 -9.999999403953552246e-01 -9.999999403953552246e-01 0.000000000000000000e+00 4.352108517196029425e-04
-4.331481468398123980e-04 0.000000000000000000e+00 -9.999999403953552246e-01 -9.999999403953552246e-01 0.000000000000000000e+00 4.331481468398123980e-04
-4.265796451363712549e-04 0.000000000000000000e+00 -9.999999403953552246e-01 -9.999999403953552246e-01 0.000000000000000000e+00 4.265796451363712549e-04
-4.152156470809131861e-04 0.000000000000000000e+00 -9.999999403953552246e-01 -9.999999403953552246e-01 0.000000000000000000e+00 4.152156470809131861e-04
-4.122283717151731253e-04 0.000000000000000000e+00 -9.999999403953552246e-01 -9.999999403953552246e-01 0.000000000000000000e+00 4.122283717151731253e-04
-4.069589485879987478e-04 0.000000000000000000e+00 -9.999999403953552246e-01 -9.999999403953552246e-01 0.000000000000000000e+00 4.069589485879987478e-04
-4.016865859739482403e-04 0.000000000000000000e+00 -9.999999403953552246e-01 -9.999999403953552246e-01 0.000000000000000000e+00 4.016865859739482403e-04
-3.923239128198474646e-04 0.000000000000000000e+00 -9.999999403953552246e-01 -9.999999403953552246e-01 0.000000000000000000e+00 3.923239128198474646e-04
-3.893073881044983864e-04 0.000000000000000000e+00 -9.999999403953552246e-01 -9.999999403953552246e-01 0.000000000000000000e+00 3.893073881044983864e-04
-3.898837603628635406e-04 0.000000000000000000e+00 -9.999999403953552246e-01 -9.999999403953552246e-01 0.000000000000000000e+00 3.898837603628635406e-04
-3.934737760573625565e-04 0.000000000000000000e+00 -9.999999403953552246e-01 -9.999999403953552246e-01 0.000000000000000000e+00 3.934737760573625565e-04
-3.923736512660980225e-04 0.000000000000000000e+00 -9.999999403953552246e-01 -9.999999403953552246e-01 0.000000000000000000e+00 3.923736512660980225e-04
-3.847430634777992964e-04 0.000000000000000000e+00 -9.999999403953552246e-01 -9.999999403953552246e-01 0.000000000000000000e+00 3.847430634777992964e-04
-3.854569804389029741e-04 0.000000000000000000e+00 -9.999999403953552246e-01 -9.999999403953552246e-01 0.000000000000000000e+00 3.854569804389029741e-04
-3.879615105688571930e-04 0.000000000000000000e+00 -9.999999403953552246e-01 -9.999999403953552246e-01 0.000000000000000000e+00 3.879615105688571930e-04
-3.933655098080635071e-04 0.000000000000000000e+00 -9.999999403953552246e-01 -9.999999403953552246e-01 0.000000000000000000e+00 3.933655098080635071e-04
-3.986525116488337517e-04 0.000000000000000000e+00 -9.999999403953552246e-01 -9.999999403953552246e-01 0.000000000000000000e+00 3.986525116488337517e-04
-3.992523124907165766e-04 0.000000000000000000e+00 -9.999999403953552246e-01 -9.999999403953552246e-01 0.000000000000000000e+00 3.992523124907165766e-04
-4.011014243587851524e-04 0.000000000000000000e+00 -9.999999403953552246e-01 -9.999999403953552246e-01 0.000000000000000000e+00 4.011014243587851524e-04
-4.043929802719503641e-04 0.000000000000000000e+00 -9.999999403953552246e-01 -9.999999403953552246e-01 0.000000000000000000e+00 4.043929802719503641e-04
-3.989626420661807060e-04 0.000000000000000000e+00 -9.999999403953552246e-01 -9.999999403953552246e-01 0.000000000000000000e+00 3.989626420661807060e-04
-4.030822310596704483e-04 0.000000000000000000e+00 -9.999999403953552246e-01 -9.999999403953552246e-01 0.000000000000000000e+00 4.030822310596704483e-04
-4.073656455148011446e-04 0.000000000000000000e+00 -9.999999403953552246e-01 -9.999999403953552246e-01 0.000000000000000000e+00 4.073656455148011446e-04
-4.097706696484237909e-04 0.000000000000000000e+00 -9.999999403953552246e-01 -9.999999403953552246e-01 0.000000000000000000e+00 4.097706696484237909e-04
-4.024063528049737215e-04 0.000000000000000000e+00 -9.999999403953552246e-01 -9.999999403953552246e-01 0.000000000000000000e+00 4.024063528049737215e-04
-4.060578066855669022e-04 0.000000000000000000e+00 -9.999999403953552246e-01 -9.999999403953552246e-01 0.000000000000000000e+00 4.060578066855669022e-04
-4.051478463225066662e-04 0.000000000000000000e+00 -9.999999403953552246e-01 -9.999999403953552246e-01 0.000000000000000000e+00 4.051478463225066662e-04
-4.092235467396676540e-04 0.000000000000000000e+00 -9.999999403953552246e-01 -9.999999403953552246e-01 0.000000000000000000e+00 4.092235467396676540e-04
-4.121610836591571569e-04 0.000000000000000000e+00 -9.999999403953552246e-01 -9.999999403953552246e-01 0.000000000000000000e+00 4.121610836591571569e-04
-4.150196327827870846e-04 0.000000000000000000e+00 -9.999999403953552246e-01 -9.999999403953552246e-01 0.000000000000000000e+00 4.150196327827870846e-04
-4.179864190518856049e-04 0.000000000000000000e+00 -9.999999403953552246e-01 -9.999999403953552246e-01 0.000000000000000000e+00 4.179864190518856049e-04
-4.089573048986494541e-04 0.000000000000000000e+00 -9.999999403953552246e-01 -9.999999403953552246e-01 0.000000000000000000e+00 4.089573048986494541e-04
-4.141594399698078632e-04 0.000000000000000000e+00 -9.999999403953552246e-01 -9.999999403953552246e-01 0.000000000000000000e+00 4.141594399698078632e-04
-4.127784341108053923e-04 0.000000000000000000e+00 -9.999999403953552246e-01 -9.999999403953552246e-01 0.000000000000000000e+00 4.127784341108053923e-04
-4.226472810842096806e-04 0.000000000000000000e+00 -9.999999403953552246e-01 -9.999999403953552246e-01 0.000000000000000000e+00 4.226472810842096806e-04
-4.132465692237019539e-04 -0.000000000000000000e+00 -9.999999403953552246e-01 -9.999999403953552246e-01 0.000000000000000000e+00 4.132465692237019539e-04
-4.105899133719503880e-04 0.000000000000000000e+00 -9.999999403953552246e-01 -9.999999403953552246e-01 0.000000000000000000e+00 4.105899133719503880e-04
-3.997789463028311729e-04 0.000000000000000000e+00 -9.999999403953552246e-01 -9.999999403953552246e-01 0.000000000000000000e+00 3.997789463028311729e-04
-3.862703742925077677e-04 0.000000000000000000e+00 -9.999999403953552246e-01 -9.999999403953552246e-01 0.000000000000000000e+00 3.862703742925077677e-04
-3.732942859642207623e-04 0.000000000000000000e+00 -9.999999403953552246e-01 -9.999999403953552246e-01 0.000000000000000000e+00 3.732942859642207623e-04
-3.675508487503975630e-04 0.000000000000000000e+00 -9.999999403953552246e-01 -9.999999403953552246e-01 0.000000000000000000e+00 3.675508487503975630e-04
-3.537818847689777613e-04 -0.000000000000000000e+00 -9.999999403953552246e-01 -9.999999403953552246e-01 0.000000000000000000e+00 3.537818847689777613e-04
-3.508706577122211456e-04 0.000000000000000000e+00 -9.999999403953552246e-01 -9.999999403953552246e-01 0.000000000000000000e+00 3.508706577122211456e-04
-3.266535350121557713e-04 -0.000000000000000000e+00 -9.999999403953552246e-01 -9.999999403953552246e-01 0.000000000000000000e+00 3.266535350121557713e-04
-3.277916694059967995e-04 0.000000000000000000e+00 -9.999999403953552246e-01 -9.999999403953552246e-01 0.000000000000000000e+00 3.277916694059967995e-04
-2.906423469539731741e-04 -0.000000000000000000e+00 -1.000000000000000000e+00 -1.000000000000000000e+00 0.000000000000000000e+00 2.906423469539731741e-04
-2.869499439839273691e-04 0.000000000000000000e+00 -1.000000000000000000e+00 -1.000000000000000000e+00 0.000000000000000000e+00 2.869499439839273691e-04
-2.481299743521958590e-04 -0.000000000000000000e+00 -1.000000000000000000e+00 -1.000000000000000000e+00 0.000000000000000000e+00 2.481299743521958590e-04
-2.437265502521768212e-04 0.000000000000000000e+00 -1.000000000000000000e+00 -1.000000000000000000e+00 0.000000000000000000e+00 2.437265502521768212e-04
-2.193835971411317587e-04 -0.000000000000000000e+00 -1.000000000000000000e+00 -1.000000000000000000e+00 0.000000000000000000e+00 2.193835971411317587e-04
-2.148280618712306023e-04 0.000000000000000000e+00 -1.000000000000000000e+00 -1.000000000000000000e+00 0.000000000000000000e+00 2.148280618712306023e-04
-2.094971860060468316e-04 -0.000000000000000000e+00 -1.000000000000000000e+00 -1.000000000000000000e+00 0.000000000000000000e+00 2.094971860060468316e-04
-2.083619619952514768e-04 0.000000000000000000e+00 -1.000000000000000000e+00 -1.000000000000000000e+00 0.000000000000000000e+00 2.083619619952514768e-04
-2.091080532409250736e-04 -0.000000000000000000e+00 -1.000000000000000000e+00 -1.000000000000000000e+00 0.000000000000000000e+00 2.091080532409250736e-04
-2.063606953015550971e-04 0.000000000000000000e+00 -1.000000000000000000e+00 -1.000000000000000000e+00 0.000000000000000000e+00 2.063606953015550971e-04
-2.342468360438942909e-04 0.000000000000000000e+00 -1.000000000000000000e+00 -1.000000000000000000e+00 0.000000000000000000e+00 2.342468360438942909e-04
-2.524689771234989166e-04 0.000000000000000000e+00 -1.000000000000000000e+00 -1.000000000000000000e+00 0.000000000000000000e+00 2.524689771234989166e-04
-2.821662055794149637e-04 0.000000000000000000e+00 -1.000000000000000000e+00 -1.000000000000000000e+00 0.000000000000000000e+00 2.821662055794149637e-04
-3.119394823443144560e-04 0.000000000000000000e+00 -9.999999403953552246e-01 -9.999999403953552246e-01 0.000000000000000000e+00 3.119394823443144560e-04
-3.121208865195512772e-04 0.000000000000000000e+00 -9.999999403953552246e-01 -9.999999403953552246e-01 0.000000000000000000e+00 3.121208865195512772e-04
-3.091365506406873465e-04 0.000000000000000000e+00 -9.999999403953552246e-01 -9.999999403953552246e-01 0.000000000000000000e+00 3.091365506406873465e-04
-3.118400054518133402e-04 0.000000000000000000e+00 -9.999999403953552246e-01 -9.999999403953552246e-01 0.000000000000000000e+00 3.118400054518133402e-04
-3.178467450197786093e-04 0.000000000000000000e+00 -9.999999403953552246e-01 -9.999999403953552246e-01 0.000000000000000000e+00 3.178467450197786093e-04
-3.155060985591262579e-04 0.000000000000000000e+00 -9.999999403953552246e-01 -9.999999403953552246e-01 0.000000000000000000e+00 3.155060985591262579e-04
-3.146605158690363169e-04 0.000000000000000000e+00 -9.999999403953552246e-01 -9.999999403953552246e-01 0.000000000000000000e+00 3.146605158690363169e-04
-3.196724865119904280e-04 0.000000000000000000e+00 -9.999999403953552246e-01 -9.999999403953552246e-01 0.000000000000000000e+00 3.196724865119904280e-04
-3.299948293715715408e-04 0.000000000000000000e+00 -9.999999403953552246e-01 -9.999999403953552246e-01 0.000000000000000000e+00 3.299948293715715408e-04
-3.340588300488889217e-04 0.000000000000000000e+00 -9.999999403953552246e-01 -9.999999403953552246e-01 0.000000000000000000e+00 3.340588300488889217e-04
-3.550838737282902002e-04 0.000000000000000000e+00 -9.999999403953552246e-01 -9.999999403953552246e-01 0.000000000000000000e+00 3.550838737282902002e-04
-3.699880908243358135e-04 0.000000000000000000e+00 -9.999999403953552246e-01 -9.999999403953552246e-01 0.000000000000000000e+00 3.699880908243358135e-04
-3.731333708856254816e-04 0.000000000000000000e+00 -9.999999403953552246e-01 -9.999999403953552246e-01 0.000000000000000000e+00 3.731333708856254816e-04
-3.760006802622228861e-04 0.000000000000000000e+00 -9.999999403953552246e-01 -9.999999403953552246e-01 0.000000000000000000e+00 3.760006802622228861e-04
-3.798159596044570208e-04 0.000000000000000000e+00 -9.999999403953552246e-01 -9.999999403953552246e-01 0.000000000000000000e+00 3.798159596044570208e-04
-3.915456472896039486e-04 0.000000000000000000e+00 -9.999999403953552246e-01 -9.999999403953552246e-01 0.000000000000000000e+00 3.915456472896039486e-04
-4.014349833596497774e-04 0.000000000000000000e+00 -9.999999403953552246e-01 -9.999999403953552246e-01 0.000000000000000000e+00 4.014349833596497774e-04
-4.139897355344146490e-04 0.000000000000000000e+00 -9.999999403953552246e-01 -9.999999403953552246e-01 0.000000000000000000e+00 4.139897355344146490e-04
-4.404715145938098431e-04 0.000000000000000000e+00 -9.999999403953552246e-01 -9.999999403953552246e-01 0.000000000000000000e+00 4.404715145938098431e-04
-4.681469290517270565e-04 0.000000000000000000e+00 -9.999998807907104492e-01 -9.999998807907104492e-01 0.000000000000000000e+00 4.681469290517270565e-04
-4.847686213906854391e-04 0.000000000000000000e+00 -9.999998807907104492e-01 -9.999998807907104492e-01 0.000000000000000000e+00 4.847686213906854391e-04
-4.989267908968031406e-04 0.000000000000000000e+00 -9.999998807907104492e-01 -9.999998807907104492e-01 0.000000000000000000e+00 4.989267908968031406e-04
-4.783756448887288570e-04 0.000000000000000000e+00 -9.999998807907104492e-01 -9.999998807907104492e-01 0.000000000000000000e+00 4.783756448887288570e-04
-4.605514695867896080e-04 0.000000000000000000e+00 -9.999998807907104492e-01 -9.999998807907104492e-01 0.000000000000000000e+00 4.605514695867896080e-04
-4.405563522595912218e-04 -0.000000000000000000e+00 -9.999999403953552246e-01 -9.999999403953552246e-01 0.000000000000000000e+00 4.405563522595912218e-04
-4.527863347902894020e-04 0.000000000000000000e+00 -9.999999403953552246e-01 -9.999999403953552246e-01 0.000000000000000000e+00 4.527863347902894020e-04
-4.306143673602491617e-04 -0.000000000000000000e+00 -9.999999403953552246e-01 -9.999999403953552246e-01 0.000000000000000000e+00 4.306143673602491617e-04
-4.455624439287930727e-04 0.000000000000000000e+00 -9.999999403953552246e-01 -9.999999403953552246e-01 0.000000000000000000e+00 4.455624439287930727e-04
-4.225712036713957787e-04 -0.000000000000000000e+00 -9.999999403953552246e-01 -9.999999403953552246e-01 0.000000000000000000e+00 4.225712036713957787e-04
-4.353630065452307463e-04 0.000000000000000000e+00 -9.999999403953552246e-01 -9.999999403953552246e-01 0.000000000000000000e+00 4.353630065452307463e-04
-4.196219670120626688e-04 -0.000000000000000000e+00 -9.999999403953552246e-01 -9.999999403953552246e-01 0.000000000000000000e+00 4.196219670120626688e-04
-4.318285791669040918e-04 0.000000000000000000e+00 -9.999999403953552246e-01 -9.999999403953552246e-01 0.000000000000000000e+00 4.318285791669040918e-04
-4.161343676969408989e-04 -0.000000000000000000e+00 -9.999999403953552246e-01 -9.999999403953552246e-01 0.000000000000000000e+00 4.161343676969408989e-04
-4.368580994196236134e-04 0.000000000000000000e+00 -9.999999403953552246e-01 -9.999999403953552246e-01 0.000000000000000000e+00 4.368580994196236134e-04
-4.303890746086835861e-04 -0.000000000000000000e+00 -9.999999403953552246e-01 -9.999999403953552246e-01 0.000000000000000000e+00 4.303890746086835861e-04
-4.499424248933792114e-04 0.000000000000000000e+00 -9.999999403953552246e-01 -9.999999403953552246e-01 0.000000000000000000e+00 4.499424248933792114e-04
-4.331569070927798748e-04 -0.000000000000000000e+00 -9.999999403953552246e-01 -9.999999403953552246e-01 0.000000000000000000e+00 4.331569070927798748e-04
-4.468029947020113468e-04 0.000000000000000000e+00 -9.999999403953552246e-01 -9.999999403953552246e-01 0.000000000000000000e+00 4.468029947020113468e-04
-4.340814775787293911e-04 -0.000000000000000000e+00 -9.999999403953552246e-01 -9.999999403953552246e-01 0.000000000000000000e+00 4.340814775787293911e-04
-4.440058837644755840e-04 0.000000000000000000e+00 -9.999999403953552246e-01 -9.999999403953552246e-01 0.000000000000000000e+00 4.440058837644755840e-04
-4.280747380107641220e-04 -0.000000000000000000e+00 -9.999999403953552246e-01 -9.999999403953552246e-01 0.000000000000000000e+00 4.280747380107641220e-04
-4.294264654163271189e-04 0.000000000000000000e+00 -9.999999403953552246e-01 -9.999999403953552246e-01 0.000000000000000000e+00 4.294264654163271189e-04
-4.089719150215387344e-04 -0.000000000000000000e+00 -9.999999403953552246e-01 -9.999999403953552246e-01 0.000000000000000000e+00 4.089719150215387344e-04
-4.110814479645341635e-04 0.000000000000000000e+00 -9.999999403953552246e-01 -9.999999403953552246e-01 0.000000000000000000e+00 4.110814479645341635e-04
-3.903518954757601023e-04 0.000000000000000000e+00 -9.999999403953552246e-01 -9.999999403953552246e-01 0.000000000000000000e+00 3.903518954757601023e-04
-3.814924857579171658e-04 0.000000000000000000e+00 -9.999999403953552246e-01 -9.999999403953552246e-01 0.000000000000000000e+00 3.814924857579171658e-04
-3.552681882865726948e-04 0.000000000000000000e+00 -9.999999403953552246e-01 -9.999999403953552246e-01 0.000000000000000000e+00 3.552681882865726948e-04
-3.594228764995932579e-04 0.000000000000000000e+00 -9.999999403953552246e-01 -9.999999403953552246e-01 0.000000000000000000e+00 3.594228764995932579e-04
-3.227153501939028502e-04 0.000000000000000000e+00 -9.999999403953552246e-01 -9.999999403953552246e-01 0.000000000000000000e+00 3.227153501939028502e-04
-3.238300851080566645e-04 0.000000000000000000e+00 -9.999999403953552246e-01 -9.999999403953552246e-01 0.000000000000000000e+00 3.238300851080566645e-04
-2.935330849140882492e-04 0.000000000000000000e+00 -1.000000000000000000e+00 -1.000000000000000000e+00 0.000000000000000000e+00 2.935330849140882492e-04
-2.939456317108124495e-04 0.000000000000000000e+00 -1.000000000000000000e+00 -1.000000000000000000e+00 0.000000000000000000e+00 2.939456317108124495e-04
-2.778740017674863338e-04 0.000000000000000000e+00 -1.000000000000000000e+00 -1.000000000000000000e+00 0.000000000000000000e+00 2.778740017674863338e-04
-2.772391017060726881e-04 0.000000000000000000e+00 -1.000000000000000000e+00 -1.000000000000000000e+00 0.000000000000000000e+00 2.772391017060726881e-04
-2.643069019541144371e-04 0.000000000000000000e+00 -1.000000000000000000e+00 -1.000000000000000000e+00 0.000000000000000000e+00 2.643069019541144371e-04
-2.755187160801142454e-04 0.000000000000000000e+00 -1.000000000000000000e+00 -1.000000000000000000e+00 0.000000000000000000e+00 2.755187160801142454e-04
-2.580105210654437542e-04 0.000000000000000000e+00 -1.000000000000000000e+00 -1.000000000000000000e+00 0.000000000000000000e+00 2.580105210654437542e-04
-2.778008638415485620e-04 0.000000000000000000e+00 -1.000000000000000000e+00 -1.000000000000000000e+00 0.000000000000000000e+00 2.778008638415485620e-04
-2.573492820374667645e-04 0.000000000000000000e+00 -1.000000000000000000e+00 -1.000000000000000000e+00 0.000000000000000000e+00 2.573492820374667645e-04
-2.762355434242635965e-04 0.000000000000000000e+00 -1.000000000000000000e+00 -1.000000000000000000e+00 0.000000000000000000e+00 2.762355434242635965e-04
-2.538470434956252575e-04 0.000000000000000000e+00 -1.000000000000000000e+00 -1.000000000000000000e+00 0.000000000000000000e+00 2.538470434956252575e-04
-2.800625225063413382e-04 0.000000000000000000e+00 -1.000000000000000000e+00 -1.000000000000000000e+00 0.000000000000000000e+00 2.800625225063413382e-04
-2.501985291019082069e-04 0.000000000000000000e+00 -1.000000000000000000e+00 -1.000000000000000000e+00 0.000000000000000000e+00 2.501985291019082069e-04
-2.390393638052046299e-04 0.000000000000000000e+00 -1.000000000000000000e+00 -1.000000000000000000e+00 0.000000000000000000e+00 2.390393638052046299e-04
-2.547277254052460194e-04 0.000000000000000000e+00 -1.000000000000000000e+00 -1.000000000000000000e+00 0.000000000000000000e+00 2.547277254052460194e-04
-2.561233413871377707e-04 0.000000000000000000e+00 -1.000000000000000000e+00 -1.000000000000000000e+00 0.000000000000000000e+00 2.561233413871377707e-04
-2.562784065958112478e-04 0.000000000000000000e+00 -1.000000000000000000e+00 -1.000000000000000000e+00 0.000000000000000000e+00 2.562784065958112478e-04
-2.568226191215217113e-04 0.000000000000000000e+00 -1.000000000000000000e+00 -1.000000000000000000e+00 0.000000000000000000e+00 2.568226191215217113e-04
-2.525479649193584919e-04 0.000000000000000000e+00 -1.000000000000000000e+00 -1.000000000000000000e+00 0.000000000000000000e+00 2.525479649193584919e-04
-2.852529578376561403e-04 0.000000000000000000e+00 -1.000000000000000000e+00 -1.000000000000000000e+00 0.000000000000000000e+00 2.852529578376561403e-04
-3.293540794402360916e-04 0.000000000000000000e+00 -9.999999403953552246e-01 -9.999999403953552246e-01 0.000000000000000000e+00 3.293540794402360916e-04
-3.631942963693290949e-04 0.000000000000000000e+00 -9.999999403953552246e-01 -9.999999403953552246e-01 0.000000000000000000e+00 3.631942963693290949e-04
-3.722936380654573441e-04 0.000000000000000000e+00 -9.999999403953552246e-01 -9.999999403953552246e-01 0.000000000000000000e+00 3.722936380654573441e-04
-3.813022922258824110e-04 0.000000000000000000e+00 -9.999999403953552246e-01 -9.999999403953552246e-01 0.000000000000000000e+00 3.813022922258824110e-04
-3.765858418773859739e-04 0.000000000000000000e+00 -9.999999403953552246e-01 -9.999999403953552246e-01 0.000000000000000000e+00 3.765858418773859739e-04
-3.694555780384689569e-04 0.000000000000000000e+00 -9.999999403953552246e-01 -9.999999403953552246e-01 0.000000000000000000e+00 3.694555780384689569e-04
-3.735283389687538147e-04 0.000000000000000000e+00 -9.999999403953552246e-01 -9.999999403953552246e-01 0.000000000000000000e+00 3.735283389687538147e-04
-3.744997375179082155e-04 0.000000000000000000e+00 -9.999999403953552246e-01 -9.999999403953552246e-01 0.000000000000000000e+00 3.744997375179082155e-04
-3.751346375793218613e-04 0.000000000000000000e+00 -9.999999403953552246e-01 -9.999999403953552246e-01 0.000000000000000000e+00 3.751346375793218613e-04
-3.792541974689811468e-04 0.000000000000000000e+00 -9.999999403953552246e-01 -9.999999403953552246e-01 0.000000000000000000e+00 3.792541974689811468e-04
-3.787802124861627817e-04 0.000000000000000000e+00 -9.999999403953552246e-01 -9.999999403953552246e-01 0.000000000000000000e+00 3.787802124861627817e-04
-3.753628407139331102e-04 0.000000000000000000e+00 -9.999999403953552246e-01 -9.999999403953552246e-01 0.000000000000000000e+00 3.753628407139331102e-04
-3.761645348276942968e-04 0.000000000000000000e+00 -9.999999403953552246e-01 -9.999999403953552246e-01 0.000000000000000000e+00 3.761645348276942968e-04
-3.824989544227719307e-04 0.000000000000000000e+00 -9.999999403953552246e-01 -9.999999403953552246e-01 0.000000000000000000e+00 3.824989544227719307e-04
-4.374110721983015537e-04 0.000000000000000000e+00 -9.999999403953552246e-01 -9.999999403953552246e-01 0.000000000000000000e+00 4.374110721983015537e-04
8.715531229972839355e-02 2.744569908827543259e-03 -9.961909651756286621e-01 -2.392047463217750192e-04 9.999962449073791504e-01 2.734126057475805283e-03
8.715532720088958740e-02 2.678043907508254051e-03 -9.961911439895629883e-01 -2.334066375624388456e-04 9.999964237213134766e-01 2.667853143066167831e-03
-8.715349435806274414e-02 7.019136101007461548e-03 -9.961702227592468262e-01 6.117572775110602379e-04 9.999753832817077637e-01 6.992426235228776932e-03
-8.715356886386871338e-02 6.894445978105068207e-03 -9.961710572242736816e-01 6.008899072185158730e-04 9.999762773513793945e-01 6.868211086839437485e-03
-2.587649822235107422e-01 2.045203745365142822e-02 -9.657238125801086426e-01 5.293378140777349472e-03 9.997908473014831543e-01 1.975515112280845642e-02
2.588183581829071045e-01 2.427193801850080490e-03 -9.659230113029479980e-01 -6.282041431404650211e-04 9.999970793724060059e-01 2.344489097595214844e-03
2.588183879852294922e-01 2.346885856240987778e-03 -9.659231901168823242e-01 -6.074188859201967716e-04 9.999972581863403320e-01 2.266917610540986061e-03
4.226173162460327148e-01 2.229949226602911949e-03 -9.063055515289306641e-01 -9.424173622392117977e-04 9.999975562095642090e-01 2.021020278334617615e-03
4.226172268390655518e-01 2.289422322064638138e-03 -9.063053727149963379e-01 -9.675518376752734184e-04 9.999973773956298828e-01 2.074921270832419395e-03
5.735749602317810059e-01 2.345399698242545128e-03 -8.191497921943664551e-01 -1.345265889540314674e-03 9.999972581863403320e-01 1.921238610520958900e-03
5.735748410224914551e-01 2.405161038041114807e-03 -8.191496729850769043e-01 -1.379543682560324669e-03 9.999971389770507812e-01 1.970192417502403259e-03
7.071043848991394043e-01 2.635261043906211853e-03 -7.071043848991394043e-01 -1.863411045633256435e-03 9.999965429306030273e-01 1.863411045633256435e-03
7.071042656898498535e-01 2.693050540983676910e-03 -7.071042656898498535e-01 -1.904274453409016132e-03 9.999963641166687012e-01 1.904274453409016132e-03
8.191490769386291504e-01 2.770930295810103416e-03 -5.735740661621093750e-01 -2.269813558086752892e-03 9.999961853027343750e-01 1.589339924976229668e-03
8.191485404968261719e-01 2.992499852553009987e-03 -5.735737085342407227e-01 -2.451312728226184845e-03 9.999955296516418457e-01 1.716426922939717770e-03
9.063041210174560547e-01 2.749170642346143723e-03 -4.226172268390655518e-01 -2.491594059392809868e-03 9.999962449073791504e-01 1.161851221695542336e-03
9.063032269477844238e-01 3.082348499447107315e-03 -4.226168096065521240e-01 -2.793555613607168198e-03 9.999952912330627441e-01 1.302658463828265667e-03
9.659233093261718750e-01 2.288572723045945168e-03 -2.588184475898742676e-01 -2.210591221228241920e-03 9.999973773956298828e-01 5.923262797296047211e-04
9.659214019775390625e-01 3.039400791749358177e-03 -2.588179111480712891e-01 -2.935835625976324081e-03 9.999954104423522949e-01 7.866550004109740257e-04
9.961916208267211914e-01 2.536521758884191513e-03 -8.715423196554183960e-02 -2.526869997382164001e-03 9.999967813491821289e-01 2.210693201050162315e-04
9.961889982223510742e-01 3.412206890061497688e-03 -8.715400844812393188e-02 -3.399223089218139648e-03 9.999942183494567871e-01 2.973892551381140947e-04
9.961897134780883789e-01 3.207672853022813797e-03 8.715412020683288574e-02 -3.195467172190546989e-03 9.999948740005493164e-01 -2.795633336063474417e-04
9.961636066436767578e-01 7.922155782580375671e-03 8.715183287858963013e-02 -7.892010733485221863e-03 9.999686479568481445e-01 -6.904520560055971146e-04
9.658980369567871094e-01 7.583567406982183456e-03 2.588116526603698730e-01 -7.325163576751947403e-03 9.999712705612182617e-01 -1.962772104889154434e-03
9.658917784690856934e-01 8.394378237426280975e-03 2.588099837303161621e-01 -8.108346723020076752e-03 9.999647736549377441e-01 -2.172625390812754631e-03
9.062783718109130859e-01 8.017553947865962982e-03 4.226054847240447998e-01 -7.266368716955184937e-03 9.999678730964660645e-01 -3.388371318578720093e-03
9.062743186950683594e-01 8.554378524422645569e-03 4.226036071777343750e-01 -7.752897217869758606e-03 9.999634027481079102e-01 -3.615243593230843544e-03
8.191227912902832031e-01 8.521405979990959167e-03 5.735549330711364746e-01 -6.980331148952245712e-03 9.999637007713317871e-01 -4.887671675533056259e-03
8.191199898719787598e-01 8.917413651943206787e-03 5.735529065132141113e-01 -7.304721977561712265e-03 9.999602437019348145e-01 -5.114811938256025314e-03
7.070781588554382324e-01 8.978677913546562195e-03 7.070784568786621094e-01 -6.348882801830768585e-03 9.999597072601318359e-01 -6.348885595798492432e-03
7.070758342742919922e-01 9.338335134088993073e-03 7.070761322975158691e-01 -6.603198591619729996e-03 9.999564290046691895e-01 -6.603201385587453842e-03
5.735506415367126465e-01 9.448980912566184998e-03 8.191155791282653809e-01 -5.419711116701364517e-03 9.999553561210632324e-01 -7.740153465420007706e-03
5.735473036766052246e-01 1.005013380199670792e-02 8.191108107566833496e-01 -5.764518398791551590e-03 9.999495148658752441e-01 -8.232588879764080048e-03
4.225939214229583740e-01 1.075165718793869019e-02 9.062554240226745605e-01 -4.543847404420375824e-03 9.999422430992126465e-01 -9.744310751557350159e-03
4.225908517837524414e-01 1.140495669096708298e-02 9.062488079071044922e-01 -4.819943569600582123e-03 9.999349713325500488e-01 -1.033640094101428986e-02
2.587987780570983887e-01 1.253658533096313477e-02 9.658499360084533691e-01 -3.244707826524972916e-03 9.999214410781860352e-01 -1.210941094905138016e-02
2.587971687316894531e-01 1.302109658718109131e-02 9.658439159393310547e-01 -3.370108548551797867e-03 9.999152421951293945e-01 -1.257741358131170273e-02
8.714595437049865723e-02 1.491246838122606277e-02 9.960839748382568359e-01 -1.299705705605447292e-03 9.998888373374938965e-01 -1.485572196543216705e-02
8.714595437049865723e-02 1.491185743361711502e-02 9.960839748382568359e-01 -1.299652503803372383e-03 9.998888373374938965e-01 -1.485511381179094315e-02
-8.714312314987182617e-02 1.695078238844871521e-02 9.960516095161437988e-01 1.477356301620602608e-03 9.998563528060913086e-01 -1.688628084957599640e-02
-8.714259415864944458e-02 1.730507239699363708e-02 9.960455894470214844e-01 1.508234650827944279e-03 9.998502731323242188e-01 -1.723922230303287506e-02
-2.587733268737792969e-01 1.881209947168827057e-02 9.657549262046813965e-01 4.868930205702781677e-03 9.998230338096618652e-01 -1.817109063267707825e-02
-2.587698698043823242e-01 1.950387470424175262e-02 9.657421112060546875e-01 5.047975573688745499e-03 9.998098015785217285e-01 -1.883929595351219177e-02
-4.225314557552337646e-01 2.027696184813976288e-02 9.061214327812194824e-01 8.569415658712387085e-03 9.997944235801696777e-01 -1.837716810405254364e-02
-4.225291311740875244e-01 2.054502442479133606e-02 9.061164855957031250e-01 8.682703599333763123e-03 9.997889399528503418e-01 -1.862011477351188660e-02
-5.734496116638183594e-01 2.101269550621509552e-02 8.189713358879089355e-01 1.205238327383995056e-02 9.997792243957519531e-01 -1.721259579062461853e-02
-5.734478831291198730e-01 2.115944400429725647e-02 8.189687728881835938e-01 1.213655527681112289e-02 9.997761249542236328e-01 -1.733280532062053680e-02
-7.069393396377563477e-01 2.175412885844707489e-02 7.069396376609802246e-01 1.538248918950557709e-02 9.997633695602416992e-01 -1.538249570876359940e-02
-7.069343924522399902e-01 2.207047306001186371e-02 7.069346904754638672e-01 1.560617890208959579e-02 9.997564554214477539e-01 -1.560618542134761810e-02
-8.189429640769958496e-01 2.261981926858425140e-02 5.734290480613708496e-01 1.852908171713352203e-02 9.997441768646240234e-01 -1.297417934983968735e-02
-8.189354538917541504e-01 2.302246540784835815e-02 5.734237432479858398e-01 1.885891146957874298e-02 9.997349977493286133e-01 -1.320512779057025909e-02
-9.060664176940917969e-01 2.306108921766281128e-02 4.225066900253295898e-01 2.090043947100639343e-02 9.997341036796569824e-01 -9.746056981384754181e-03
-9.060533642768859863e-01 2.367991767823696136e-02 4.225005805492401123e-01 2.146128565073013306e-02 9.997196197509765625e-01 -1.000758446753025055e-02
-9.656466841697692871e-01 2.403983101248741150e-02 2.587443292140960693e-01 2.322069369256496429e-02 9.997110366821289062e-01 -6.221967283636331558e-03
-9.656072258949279785e-01 2.568383701145648956e-02 2.587337493896484375e-01 2.480868063867092133e-02 9.996701478958129883e-01 -6.647467613220214844e-03
-9.954525828361511230e-01 3.859055787324905396e-02 8.709189295768737793e-02 3.844370692968368530e-02 9.992551207542419434e-01 -3.363430267199873924e-03
-9.953138232231140137e-01 4.204281419515609741e-02 8.707976341247558594e-02 4.188282042741775513e-02 9.991158246994018555e-01 -3.664317540824413300e-03
-9.707477092742919922e-01 2.245791554450988770e-01 -8.493043482303619385e-02 2.237245440483093262e-01 9.744558930397033691e-01 1.957359537482261658e-02
-9.706571102142333984e-01 2.249733507633209229e-01 -8.492249995470046997e-02 2.241172343492507935e-01 9.743649363517761230e-01 1.960795186460018158e-02
-9.306569695472717285e-01 2.677550315856933594e-01 -2.493688464164733887e-01 2.586314976215362549e-01 9.634870290756225586e-01 6.930011510848999023e-02
-9.309979081153869629e-01 2.664819359779357910e-01 -2.494601905345916748e-01 2.574017941951751709e-01 9.638399481773376465e-01 6.897061318159103394e-02
-8.720483779907226562e-01 2.723467946052551270e-01 -4.066434800624847412e-01 2.468299269676208496e-01 9.621991515159606934e-01 1.150988638401031494e-01
-8.723349571228027344e-01 2.712270021438598633e-01 -4.067771136760711670e-01 2.458150684833526611e-01 9.625154137611389160e-01 1.146256327629089355e-01
-7.877032160758972168e-01 2.744270861148834229e-01 -5.515555143356323242e-01 2.247975468635559082e-01 9.616079330444335938e-01 1.574048697948455811e-01
-7.874671816825866699e-01 2.754348516464233398e-01 -5.513901710510253906e-01 2.256230562925338745e-01 9.613197445869445801e-01 1.579829007387161255e-01
-6.791880130767822266e-01 2.782216668128967285e-01 -6.791880130767822266e-01 1.967324614524841309e-01 9.605169296264648438e-01 1.967324614524841309e-01
-6.789504289627075195e-01 2.793792188167572021e-01 -6.789504289627075195e-01 1.975509673357009888e-01 9.601808786392211914e-01 1.975509673357009888e-01
-5.502181053161621094e-01 2.824708819389343262e-01 -7.857928276062011719e-01 1.620186269283294678e-01 9.592759013175964355e-01 2.313865572214126587e-01
-5.508232116699218750e-01 2.788630723953247070e-01 -7.866569757461547852e-01 1.599492877721786499e-01 9.603309035301208496e-01 2.284312397241592407e-01
-4.065766334533691406e-01 2.729010879993438721e-01 -8.719062209129333496e-01 1.153329983353614807e-01 9.620420932769775391e-01 2.473323792219161987e-01
-4.201733171939849854e-01 1.074120476841926575e-01 -9.010643959045410156e-01 4.539430141448974609e-02 9.942145943641662598e-01 9.734836965799331665e-02
-2.584892511367797852e-01 5.046915635466575623e-02 -9.646948575973510742e-01 1.306238304823637009e-02 9.987256526947021484e-01 4.874946549534797668e-02
7.654933631420135498e-02 -2.076543634757399559e-03 -9.970636367797851562e-01 1.589583844179287553e-04 9.999978542327880859e-01 -2.070450689643621445e-03
7.654933631420135498e-02 -2.068599918857216835e-03 -9.970636367797851562e-01 1.583502889843657613e-04 9.999978542327880859e-01 -2.062530256807804108e-03
-7.654903084039688110e-02 -3.523687366396188736e-03 -9.970596432685852051e-01 -2.697364834602922201e-04 9.999938011169433594e-01 -3.513347823172807693e-03
-7.654903084039688110e-02 -3.509903559461236000e-03 -9.970596432685852051e-01 -2.686813531909137964e-04 9.999938607215881348e-01 -3.499604761600494385e-03
-2.278513759374618530e-01 -4.248860292136669159e-03 -9.736866950988769531e-01 -9.681173833087086678e-04 9.999909996986389160e-01 -4.137095995247364044e-03
-2.278514355421066284e-01 -4.186663310974836349e-03 -9.736869335174560547e-01 -9.539456223137676716e-04 9.999912381172180176e-01 -4.076534882187843323e-03
-3.738142549991607666e-01 -4.254728090018033981e-03 -9.274938702583312988e-01 -1.590492203831672668e-03 9.999909400939941406e-01 -3.946269396692514420e-03
-3.738143146038055420e-01 -4.205711651593446732e-03 -9.274940490722656250e-01 -1.572169130668044090e-03 9.999911785125732422e-01 -3.900806885212659836e-03
-5.110142827033996582e-01 -4.241041373461484909e-03 -8.595618009567260742e-01 -2.167252125218510628e-03 9.999909996986389160e-01 -3.645470133051276207e-03
-5.110142230987548828e-01 -4.270177800208330154e-03 -8.595616817474365234e-01 -2.182141412049531937e-03 9.999908804893493652e-01 -3.670514794066548347e-03
-6.362327337265014648e-01 -5.267097149044275284e-03 -7.714793086051940918e-01 -3.351145656779408455e-03 9.999861717224121094e-01 -4.063512664288282394e-03
-6.362329125404357910e-01 -5.207808688282966614e-03 -7.714795470237731934e-01 -3.313423832878470421e-03 9.999864697456359863e-01 -4.017772153019905090e-03
-7.465361952781677246e-01 -6.912296172231435776e-03 -6.653088927268981934e-01 -5.160402506589889526e-03 9.999760985374450684e-01 -4.598922096192836761e-03
-7.465369701385498047e-01 -6.755182519555091858e-03 -6.653096079826354980e-01 -5.043108481913805008e-03 9.999771714210510254e-01 -4.494390450417995453e-03
-8.393383026123046875e-01 -8.008380420506000519e-03 -5.435504913330078125e-01 -6.721956189721822739e-03 9.999679327011108398e-01 -4.353098571300506592e-03
-8.393388986587524414e-01 -7.921294309198856354e-03 -5.435508489608764648e-01 -6.648859009146690369e-03 9.999686479568481445e-01 -4.305761307477951050e-03
-9.124729037284851074e-01 -8.217918686568737030e-03 -4.090546369552612305e-01 -7.498881779611110687e-03 9.999662637710571289e-01 -3.361691720783710480e-03
-9.124756455421447754e-01 -7.841513492166996002e-03 -4.090558886528015137e-01 -7.155410014092922211e-03 9.999692440032958984e-01 -3.207715926691889763e-03
-9.642257690429687500e-01 -7.560994941741228104e-03 -2.649747431278228760e-01 -7.290714420378208160e-03 9.999714493751525879e-01 -2.003529807552695274e-03
-9.642300009727478027e-01 -6.957339588552713394e-03 -2.649758756160736084e-01 -6.708637811243534088e-03 9.999758005142211914e-01 -1.843571779318153858e-03
-9.933837652206420898e-01 -6.092696450650691986e-03 -1.146805584430694580e-01 -6.052497774362564087e-03 9.999814629554748535e-01 -6.987267406657338142e-04
-9.933885931968688965e-01 -5.237194709479808807e-03 -1.146811097860336304e-01 -5.202640779316425323e-03 9.999862909317016602e-01 -6.006155163049697876e-04
-9.992632865905761719e-01 -2.394562121480703354e-03 3.830336406826972961e-02 -2.392804948613047600e-03 9.999971389770507812e-01 9.172004502033814788e-05
-9.992645382881164551e-01 -1.813110546208918095e-03 3.830341249704360962e-02 -1.811780035495758057e-03 9.999983906745910645e-01 6.944843335077166557e-05
-9.817084670066833496e-01 -3.118136955890804529e-04 1.903902292251586914e-01 -3.061101597268134356e-04 9.999999403953552246e-01 5.936628440394997597e-05
-9.817085266113281250e-01 3.246507912990637124e-05 1.903902441263198853e-01 3.187124457326717675e-05 1.000000000000000000e+00 -6.181034223118331283e-06
-9.411396384239196777e-01 7.983055547811090946e-04 3.380171358585357666e-01 7.513172458857297897e-04 9.999997019767761230e-01 -2.698410244192928076e-04
-9.411395192146301270e-01 9.263181709684431553e-04 3.380170762538909912e-01 8.717949967831373215e-04 9.999995827674865723e-01 -3.131114935968071222e-04
-8.785082697868347168e-01 3.035155357792973518e-03 4.777175188064575195e-01 2.666421467438340187e-03 9.999954104423522949e-01 -1.449953531846404076e-03
-8.785077929496765137e-01 3.199661383405327797e-03 4.777172803878784180e-01 2.810942009091377258e-03 9.999948740005493164e-01 -1.528541324660181999e-03
-7.952747941017150879e-01 6.754297763109207153e-03 6.062116026878356934e-01 5.371645092964172363e-03 9.999772310256958008e-01 -4.094626754522323608e-03
-7.952735424041748047e-01 6.982925347983837128e-03 6.062105894088745117e-01 5.553470924496650696e-03 9.999756217002868652e-01 -4.233226645737886429e-03
-6.934082508087158203e-01 8.452964946627616882e-03 7.204953432083129883e-01 5.861564539372920990e-03 9.999642968177795410e-01 -6.090539507567882538e-03
-6.934075355529785156e-01 8.568974211812019348e-03 7.204946279525756836e-01 5.942009389400482178e-03 9.999632835388183594e-01 -6.174126639962196350e-03
-5.752944350242614746e-01 9.050232358276844025e-03 8.178963661193847656e-01 5.206761416047811508e-03 9.999590516090393066e-01 -7.402455434203147888e-03
-5.752931237220764160e-01 9.293765760958194733e-03 8.178945183753967285e-01 5.346870981156826019e-03 9.999568462371826172e-01 -7.601649034768342972e-03
-4.436993002891540527e-01 9.665749035775661469e-03 8.961236476898193359e-01 4.288886208087205887e-03 9.999533295631408691e-01 -8.662111125886440277e-03
-4.436986744403839111e-01 9.810675866901874542e-03 8.961223959922790527e-01 4.353193100541830063e-03 9.999518990516662598e-01 -8.791988715529441833e-03
-3.017059862613677979e-01 9.927475824952125549e-03 9.533493518829345703e-01 2.995326649397611618e-03 9.999507665634155273e-01 -9.464819915592670441e-03
-3.017059266567230225e-01 9.944266639649868011e-03 9.533491730690002441e-01 3.000392811372876167e-03 9.999505877494812012e-01 -9.480828419327735901e-03
-1.526415795087814331e-01 1.001854985952377319e-02 9.882308840751647949e-01 1.529323984868824482e-03 9.999498128890991211e-01 -9.901137091219425201e-03
-1.526418030261993408e-01 9.871155954897403717e-03 9.882323741912841797e-01 1.506824395619332790e-03 9.999513030052185059e-01 -9.755470789968967438e-03
0.000000000000000000e+00 9.591464884579181671e-03 9.999540448188781738e-01 0.000000000000000000e+00 9.999540448188781738e-01 -9.591464884579181671e-03
0.000000000000000000e+00 9.461089968681335449e-03 9.999552369117736816e-01 -0.000000000000000000e+00 9.999552369117736816e-01 -9.461089968681335449e-03
1.526428759098052979e-01 9.136999957263469696e-03 9.882392287254333496e-01 -1.394756138324737549e-03 9.999582767486572266e-01 -9.029918350279331207e-03
1.526428759098052979e-01 9.135417640209197998e-03 9.882392287254333496e-01 -1.394514576531946659e-03 9.999582767486572266e-01 -9.028354659676551819e-03
3.017089664936065674e-01 8.658966980874538422e-03 9.533607363700866699e-01 -2.612586133182048798e-03 9.999625086784362793e-01 -8.255428634583950043e-03
3.017088770866394043e-01 8.692039176821708679e-03 9.533604979515075684e-01 -2.622564556077122688e-03 9.999622106552124023e-01 -8.286959491670131683e-03
4.437042474746704102e-01 8.429604582488536835e-03 8.961336612701416016e-01 -3.740384243428707123e-03 9.999644756317138672e-01 -7.554320618510246277e-03
4.437040090560913086e-01 8.490696549415588379e-03 8.961331844329833984e-01 -3.767492016777396202e-03 9.999639391899108887e-01 -7.609069347381591797e-03
5.752987265586853027e-01 8.384332992136478424e-03 8.179004788398742676e-01 -4.823665134608745575e-03 9.999648928642272949e-01 -6.857790518552064896e-03
5.752983689308166504e-01 8.450012654066085815e-03 8.179000616073608398e-01 -4.861451219767332077e-03 9.999642968177795410e-01 -6.911511532962322235e-03
6.934078931808471680e-01 8.347488939762115479e-03 7.204969525337219238e-01 -5.788416136056184769e-03 9.999651908874511719e-01 -6.014549639075994492e-03
6.934083104133605957e-01 8.277189917862415314e-03 7.204974293708801270e-01 -5.739668384194374084e-03 9.999657869338989258e-01 -5.963897798210382462e-03
7.952668666839599609e-01 8.089718408882617950e-03 6.062055230140686035e-01 -6.433695554733276367e-03 9.999672770500183105e-01 -4.904192406684160233e-03
7.952672243118286133e-01 8.037225343286991119e-03 6.062057614326477051e-01 -6.391948554664850235e-03 9.999676942825317383e-01 -4.872370045632123947e-03
8.784868717193603516e-01 7.617013994604349136e-03 4.777058959007263184e-01 -6.691640708595514297e-03 9.999710321426391602e-01 -3.638797905296087265e-03
8.784869909286499023e-01 7.596771232783794403e-03 4.777059555053710938e-01 -6.673857104033231735e-03 9.999711513519287109e-01 -3.629127517342567444e-03
9.411162734031677246e-01 7.093005813658237457e-03 3.380087316036224365e-01 -6.675511132925748825e-03 9.999748468399047852e-01 -2.397558186203241348e-03
9.411168694496154785e-01 6.997605320066213608e-03 3.380089402198791504e-01 -6.585726048797369003e-03 9.999755024909973145e-01 -2.365311142057180405e-03
9.816853404045104980e-01 6.874609272927045822e-03 1.903857439756393433e-01 -6.748862564563751221e-03 9.999763965606689453e-01 -1.308858511038124561e-03
9.816856980323791504e-01 6.818393711000680923e-03 1.903858184814453125e-01 -6.693675182759761810e-03 9.999767541885375977e-01 -1.298155635595321655e-03
9.992452263832092285e-01 6.469003856182098389e-03 3.830267116427421570e-02 -6.464256439357995987e-03 9.999790787696838379e-01 -2.477852976880967617e-04
9.992459416389465332e-01 6.363313645124435425e-03 3.830270096659660339e-02 -6.358643993735313416e-03 9.999797940254211426e-01 -2.437369985273107886e-04
9.933818578720092773e-01 6.369715556502342224e-03 -1.146822869777679443e-01 -6.327688228338956833e-03 9.999797344207763672e-01 7.305083563551306725e-04
9.933842420578002930e-01 5.977338179945945740e-03 -1.146825626492500305e-01 -5.937900394201278687e-03 9.999821782112121582e-01 6.855087704025208950e-04
9.642351269721984863e-01 6.222363561391830444e-03 -2.649753689765930176e-01 -5.999937653541564941e-03 9.999806284904479980e-01 1.648804987780749798e-03
9.642391800880432129e-01 5.510284099727869034e-03 -2.649765014648437500e-01 -5.313312169164419174e-03 9.999848604202270508e-01 1.460117753595113754e-03
9.124917984008789062e-01 5.114282481372356415e-03 -4.090631306171417236e-01 -4.666802007704973221e-03 9.999869465827941895e-01 2.092091599479317665e-03
9.124950766563415527e-01 4.351818468421697617e-03 -4.090645909309387207e-01 -3.971050493419170380e-03 9.999905228614807129e-01 1.780191669240593910e-03
8.393612504005432129e-01 3.093980718404054642e-03 -5.435653328895568848e-01 -2.596979960799217224e-03 9.999952316284179688e-01 1.681788591668009758e-03
8.393629789352416992e-01 2.319249790161848068e-03 -5.435664653778076172e-01 -1.946697710081934929e-03 9.999973177909851074e-01 1.260669785551726818e-03
7.465530037879943848e-01 5.478848470374941826e-04 -6.653258204460144043e-01 -4.090250877197831869e-04 9.999998807907104492e-01 3.645219549071043730e-04
7.465530633926391602e-01 -4.935300603392533958e-05 -6.653258800506591797e-01 3.684463808895088732e-05 1.000000000000000000e+00 -3.283583282609470189e-05
6.362423896789550781e-01 -3.749254392459988594e-04 -7.714891433715820312e-01 2.385434781899675727e-04 9.999999403953552246e-01 -2.892509219236671925e-04
6.362422704696655273e-01 -7.381548057310283184e-04 -7.714889645576477051e-01 4.696454561781138182e-04 9.999997615814208984e-01 -5.694784922525286674e-04
5.110184550285339355e-01 -1.288676867261528969e-03 -8.595688343048095703e-01 6.585381925106048584e-04 9.999991655349731445e-01 -1.107707386836409569e-03
5.110183358192443848e-01 -1.433785073459148407e-03 -8.595686554908752441e-01 7.326912600547075272e-04 9.999989867210388184e-01 -1.232438022270798683e-03
3.738165795803070068e-01 -1.463356544263660908e-03 -9.275014996528625488e-01 5.470275063998997211e-04 9.999989271163940430e-01 -1.357266912236809731e-03
3.738164901733398438e-01 -1.573023968376219273e-03 -9.275013804435729980e-01 5.880230455659329891e-04 9.999987483024597168e-01 -1.458983635529875755e-03
2.278535515069961548e-01 -1.664884854108095169e-03 -9.736940264701843262e-01 3.793504438363015652e-04 9.999986290931701660e-01 -1.621090574190020561e-03
2.278535366058349609e-01 -1.703185494989156723e-03 -9.736939668655395508e-01 3.880774020217359066e-04 9.999985694885253906e-01 -1.658383756875991821e-03
-9.501229226589202881e-02 3.012041002511978149e-02 9.950203299522399902e-01 2.863108180463314056e-03 9.995462894439697266e-01 -2.998402528464794159e-02
-9.501199424266815186e-02 3.022221103310585022e-02 9.950172901153564453e-01 2.872784854844212532e-03 9.995431900024414062e-01 -3.008536435663700104e-02
9.505281597375869751e-02 7.393030449748039246e-03 9.954447746276855469e-01 -7.027476676739752293e-04 9.999727010726928711e-01 -7.359555456787347794e-03
9.505284577608108521e-02 7.358409930020570755e-03 9.954450726509094238e-01 -6.994567229412496090e-04 9.999729394912719727e-01 -7.325090933591127396e-03
2.817257344722747803e-01 6.914142053574323654e-03 9.594700932502746582e-01 -1.947938348166644573e-03 9.999760985374450684e-01 -6.634071003645658493e-03
-2.815654873847961426e-01 3.442332148551940918e-02 9.589244127273559570e-01 9.698167443275451660e-03 9.994073510169982910e-01 -3.302893787622451782e-02
-2.815634906291961670e-01 3.462791815400123596e-02 9.589176177978515625e-01 9.755809791386127472e-03 9.994003176689147949e-01 -3.322524949908256531e-02
-4.579617083072662354e-01 3.402683883905410767e-02 8.883205056190490723e-01 1.559201721101999283e-02 9.994209408760070801e-01 -3.024425171315670013e-02
-4.579605460166931152e-01 3.409887850284576416e-02 8.883183002471923828e-01 1.562502980232238770e-02 9.994184970855712891e-01 -3.030828572809696198e-02
-6.178234815597534180e-01 3.292950242757797241e-02 7.856270074844360352e-01 2.035566233098506927e-02 9.994577169418334961e-01 -2.588434517383575439e-02
-6.178223490715026855e-01 3.298735246062278748e-02 7.856255173683166504e-01 2.039142325520515442e-02 9.994558095932006836e-01 -2.592981979250907898e-02
-7.553575634956359863e-01 3.221543505787849426e-02 6.545205116271972656e-01 2.434680983424186707e-02 9.994809627532958984e-01 -2.109661325812339783e-02
-7.553533315658569336e-01 3.238907083868980408e-02 6.545168757438659668e-01 2.447803504765033722e-02 9.994753599166870117e-01 -2.121032029390335083e-02
-8.655962347984313965e-01 3.147690370678901672e-02 4.997523725032806396e-01 2.725979499518871307e-02 9.995045065879821777e-01 -1.573845557868480682e-02
-8.655847311019897461e-01 3.189393132925033569e-02 4.997457563877105713e-01 2.762095257639884949e-02 9.994912743568420410e-01 -1.594696938991546631e-02
-9.445501565933227539e-01 3.087969683110713959e-02 3.269120156764984131e-01 2.918133884668350220e-02 9.995231032371520996e-01 -1.009976025670766830e-02
-9.445413947105407715e-01 3.117956221103668213e-02 3.269089758396148682e-01 2.946471236646175385e-02 9.995138049125671387e-01 -1.019783690571784973e-02
-9.893628954887390137e-01 3.043721988797187805e-02 1.422486752271652222e-01 3.012741357088088989e-02 9.995366930961608887e-01 -4.331661388278007507e-03
-9.893577098846435547e-01 3.060789778828620911e-02 1.422479301691055298e-01 3.029635548591613770e-02 9.995314478874206543e-01 -4.355951212346553802e-03
-9.984257221221923828e-01 2.973383665084838867e-02 -4.756059125065803528e-02 2.970015630125999451e-02 9.995578527450561523e-01 1.414784113876521587e-03
-9.984201788902282715e-01 2.991942502558231354e-02 -4.756032302975654602e-02 2.988553792238235474e-02 9.995523691177368164e-01 1.423614914529025555e-03
-9.714001417160034180e-01 2.909438684582710266e-02 -2.356592863798141479e-01 2.827426046133041382e-02 9.995766878128051758e-01 6.859265733510255814e-03
-9.714077711105346680e-01 2.882305532693862915e-02 -2.356611341238021851e-01 2.801057696342468262e-02 9.995845556259155273e-01 6.795296911150217056e-03
-9.093331694602966309e-01 2.563001215457916260e-02 -4.152786731719970703e-01 2.331387810409069061e-02 9.996715188026428223e-01 1.064709480851888657e-02
-9.093371033668518066e-01 2.546069025993347168e-02 -4.152804613113403320e-01 2.315985783934593201e-02 9.996758103370666504e-01 1.057675573974847794e-02
-8.143244385719299316e-01 2.486108988523483276e-02 -5.798773765563964844e-01 2.025125175714492798e-02 9.996908903121948242e-01 1.442084088921546936e-02
-8.143255710601806641e-01 2.480477280914783478e-02 -5.798782110214233398e-01 2.020537853240966797e-02 9.996923208236694336e-01 1.438817381858825684e-02
-6.898800730705261230e-01 2.399796061217784882e-02 -7.235258817672729492e-01 1.656048558652400970e-02 9.997120499610900879e-01 1.736814901232719421e-02
-6.898807883262634277e-01 2.395413629710674286e-02 -7.235266566276550293e-01 1.653024181723594666e-02 9.997130632400512695e-01 1.733643002808094025e-02
-5.404977798461914062e-01 2.300303615629673004e-02 -8.410309553146362305e-01 1.243638060986995697e-02 9.997354149818420410e-01 1.935138553380966187e-02
-5.404986739158630371e-01 2.293284982442855835e-02 -8.410322666168212891e-01 1.239843480288982391e-02 9.997370243072509766e-01 1.929234154522418976e-02
-3.715738356113433838e-01 2.183871343731880188e-02 -9.281465411186218262e-01 8.116629905998706818e-03 9.997615218162536621e-01 2.027436159551143646e-02
-3.715738058090209961e-01 2.184242941439151764e-02 -9.281464815139770508e-01 8.118011057376861572e-03 9.997614622116088867e-01 2.027781121432781219e-02
-1.892108768224716187e-01 2.069208584725856781e-02 -9.817184805870056152e-01 3.916006069630384445e-03 9.997859001159667969e-01 2.031815238296985626e-02
-1.892112493515014648e-01 2.059568278491497040e-02 -9.817203879356384277e-01 3.897761693224310875e-03 9.997878670692443848e-01 2.022349275648593903e-02
0.000000000000000000e+00 1.788856834173202515e-02 -9.998400211334228516e-01 -0.000000000000000000e+00 9.998400211334228516e-01 1.788856834173202515e-02
0.000000000000000000e+00 1.778684183955192566e-02 -9.998418092727661133e-01 0.000000000000000000e+00 9.998418092727661133e-01 1.778684183955192566e-02
1.892319321632385254e-01 1.433901954442262650e-02 -9.818277359008789062e-01 -2.713679336011409760e-03 9.998971819877624512e-01 1.407989487051963806e-02
1.892319917678833008e-01 1.431915070861577988e-02 -9.818280339241027832e-01 -2.709919121116399765e-03 9.998974800109863281e-01 1.406038552522659302e-02
3.716334998607635498e-01 1.248630508780479431e-02 -9.282955527305603027e-01 -4.640690982341766357e-03 9.999220371246337891e-01 1.159188523888587952e-02
3.716338276863098145e-01 1.241516508162021637e-02 -9.282963871955871582e-01 -4.614250734448432922e-03 9.999229311943054199e-01 1.152584049850702286e-02
5.406047701835632324e-01 1.150765549391508102e-02 -8.411980271339416504e-01 -6.221505813300609589e-03 9.999337792396545410e-01 9.680858813226222992e-03
5.406072735786437988e-01 1.109753642231225967e-02 -8.412018418312072754e-01 -5.999779328703880310e-03 9.999384284019470215e-01 9.335844777524471283e-03
6.900432705879211426e-01 1.014982722699642181e-02 -7.236970663070678711e-01 -7.004180457442998886e-03 9.999485015869140625e-01 7.345778401941061020e-03
6.900438666343688965e-01 1.005926635116338730e-02 -7.236977219581604004e-01 -6.941686384379863739e-03 9.999493956565856934e-01 7.280236110091209412e-03
8.145391941070556641e-01 9.531292133033275604e-03 -5.800303220748901367e-01 -7.763963658362627029e-03 9.999545812606811523e-01 5.528689362108707428e-03
8.145399689674377441e-01 9.436387568712234497e-03 -5.800308585166931152e-01 -7.686656899750232697e-03 9.999554753303527832e-01 5.473639350384473801e-03
9.095957279205322266e-01 8.928522467613220215e-03 -4.153985977172851562e-01 -8.121669292449951172e-03 9.999601840972900391e-01 3.709043143317103386e-03
9.095960855484008789e-01 8.880329318344593048e-03 -4.153987467288970947e-01 -8.077831938862800598e-03 9.999606013298034668e-01 3.689023433253169060e-03
9.717779755592346191e-01 8.329102769494056702e-03 -2.357503324747085571e-01 -8.094320073723793030e-03 9.999653100967407227e-01 1.963656861335039139e-03
9.717781543731689453e-01 8.310313336551189423e-03 -2.357503771781921387e-01 -8.076059632003307343e-03 9.999654889106750488e-01 1.959227025508880615e-03
9.988374114036560059e-01 7.740276399999856949e-03 -4.758019745349884033e-02 -7.731509860605001450e-03 9.999700784683227539e-01 3.682949463836848736e-04
9.988376498222351074e-01 7.713125552982091904e-03 -4.758020862936973572e-02 -7.704389281570911407e-03 9.999702572822570801e-01 3.670030273497104645e-04
9.897964000701904297e-01 7.116068154573440552e-03 1.423110067844390869e-01 -7.043637335300445557e-03 9.999746680259704590e-01 -1.012720516882836819e-03
9.897962212562561035e-01 7.142796646803617477e-03 1.423109769821166992e-01 -7.070093415677547455e-03 9.999744892120361328e-01 -1.016524387523531914e-03
9.449790120124816895e-01 6.798642221838235855e-03 3.270604610443115234e-01 -6.424722727388143539e-03 9.999769330024719238e-01 -2.223618328571319580e-03
9.449798464775085449e-01 6.663418374955654144e-03 3.270607590675354004e-01 -6.296935956925153732e-03 9.999778270721435547e-01 -2.179390983656048775e-03
8.660075068473815918e-01 6.424579303711652756e-03 4.999898374080657959e-01 -5.563848186284303665e-03 9.999793767929077148e-01 -3.212290117517113686e-03
8.660076260566711426e-01 6.399932317435741425e-03 4.999898970127105713e-01 -5.542503669857978821e-03 9.999795556068420410e-01 -3.199966857209801674e-03
7.557354569435119629e-01 6.177358329296112061e-03 6.548479795455932617e-01 -4.668537061661481857e-03 9.999809265136718750e-01 -4.045307170599699020e-03
7.557354569435119629e-01 6.175054237246513367e-03 6.548479795455932617e-01 -4.666795954108238220e-03 9.999809265136718750e-01 -4.043798428028821945e-03
6.181467175483703613e-01 6.247181445360183716e-03 7.860379815101623535e-01 -3.861750010401010513e-03 9.999805092811584473e-01 -4.910617601126432419e-03
6.181465983390808105e-01 6.277040578424930573e-03 7.860378623008728027e-01 -3.880207659676671028e-03 9.999803304672241211e-01 -4.934088792651891708e-03
4.582172930240631104e-01 6.523777265101671219e-03 8.888162970542907715e-01 -2.989371074363589287e-03 9.999787211418151855e-01 -5.798562895506620407e-03
4.582172930240631104e-01 6.529209204018115997e-03 8.888162970542907715e-01 -2.991860266774892807e-03 9.999787211418151855e-01 -5.803390871733427048e-03
2.817259430885314941e-01 6.799603812396526337e-03 9.594708681106567383e-01 -1.915669185109436512e-03 9.999768733978271484e-01 -6.524172611534595490e-03
8.715280890464782715e-02 -8.061772212386131287e-03 -9.961623549461364746e-01 7.026289240457117558e-04 9.999675154685974121e-01 -8.031095378100872040e-03
8.715278655290603638e-02 -8.100904524326324463e-03 -9.961620569229125977e-01 7.060394855216145515e-04 9.999672174453735352e-01 -8.070078678429126740e-03
-8.715219050645828247e-02 -8.897460065782070160e-03 -9.961553215980529785e-01 -7.754638209007680416e-04 9.999604225158691406e-01 -8.863602764904499054e-03
-8.715214580297470093e-02 -8.955122902989387512e-03 -9.961547851562500000e-01 -7.804895285516977310e-04 9.999599456787109375e-01 -8.921046741306781769e-03
-2.588093578815460205e-01 -8.674236014485359192e-03 -9.658895134925842285e-01 -2.245058072730898857e-03 9.999623894691467285e-01 -8.378668688237667084e-03
2.588105201721191406e-01 -8.226748555898666382e-03 -9.658930897712707520e-01 2.129241358488798141e-03 9.999662041664123535e-01 -7.946429774165153503e-03
2.588105499744415283e-01 -8.211893029510974884e-03 -9.658932089805603027e-01 2.125396393239498138e-03 9.999663233757019043e-01 -7.932079955935478210e-03
4.226035177707672119e-01 -8.247510530054569244e-03 -9.062771201133728027e-01 3.485545981675386429e-03 9.999660253524780273e-01 -7.474785204976797104e-03
4.226036667823791504e-01 -8.215321227908134460e-03 -9.062774181365966797e-01 3.471941919997334480e-03 9.999662637710571289e-01 -7.445611525326967239e-03
5.735579133033752441e-01 -8.109401911497116089e-03 -8.191249370574951172e-01 4.651364404708147049e-03 9.999671578407287598e-01 -6.642831023782491684e-03
5.735582113265991211e-01 -8.037188090384006500e-03 -8.191253542900085449e-01 4.609944298863410950e-03 9.999676942825317383e-01 -6.583677139133214951e-03
7.070846557617187500e-01 -7.919465191662311554e-03 -7.070846557617187500e-01 5.599908065050840378e-03 9.999686479568481445e-01 -5.599908065050840378e-03
7.070848345756530762e-01 -7.883644662797451019e-03 -7.070848345756530762e-01 5.574579816311597824e-03 9.999689459800720215e-01 -5.574579816311597824e-03
8.191266655921936035e-01 -7.859841920435428619e-03 -5.735589265823364258e-01 6.438404787331819534e-03 9.999691247940063477e-01 -4.508221521973609924e-03
8.191271424293518066e-01 -7.778093684464693069e-03 -5.735592842102050781e-01 6.371440831571817398e-03 9.999697804450988770e-01 -4.461333155632019043e-03
9.062802195549011230e-01 -7.812993600964546204e-03 -4.226052165031433105e-01 7.080977782607078552e-03 9.999694824218750000e-01 -3.301912685856223106e-03
9.062809348106384277e-01 -7.715133018791675568e-03 -4.226055443286895752e-01 6.992285605520009995e-03 9.999702572822570801e-01 -3.260554978623986244e-03
9.658964872360229492e-01 -7.799900136888027191e-03 -2.588109672069549561e-01 7.534125354140996933e-03 9.999696016311645508e-01 -2.018761122599244118e-03
9.658967852592468262e-01 -7.764680311083793640e-03 -2.588110566139221191e-01 7.500105071812868118e-03 9.999698400497436523e-01 -2.009645337238907814e-03
9.961630105972290039e-01 -7.982093840837478638e-03 -8.715315908193588257e-02 7.951719686388969421e-03 9.999681711196899414e-01 -6.956868455745279789e-04
9.961633682250976562e-01 -7.935529574751853943e-03 -8.715318888425827026e-02 7.905332371592521667e-03 9.999685287475585938e-01 -6.916284910403192043e-04
9.961615204811096191e-01 -8.164306171238422394e-03 8.715306967496871948e-02 8.133239112794399261e-03 9.999666810035705566e-01 7.115680491551756859e-04
9.961618781089782715e-01 -8.122051134705543518e-03 8.715309947729110718e-02 8.091144263744354248e-03 9.999670386314392090e-01 7.078853086568415165e-04
9.658917188644409180e-01 -8.410201407968997955e-03 2.588096857070922852e-01 8.123631589114665985e-03 9.999646544456481934e-01 2.176718553528189659e-03
9.658920764923095703e-01 -8.365807123482227325e-03 2.588097751140594482e-01 8.080749772489070892e-03 9.999650120735168457e-01 2.165228361263871193e-03
9.062753915786743164e-01 -8.453747257590293884e-03 4.226032495498657227e-01 7.661696523427963257e-03 9.999642968177795410e-01 3.572708461433649063e-03
9.062756299972534180e-01 -8.422453887760639191e-03 4.226033389568328857e-01 7.633335422724485397e-03 9.999645352363586426e-01 3.559483448043465614e-03
8.191230893135070801e-01 -8.442615158855915070e-03 5.735556483268737793e-01 6.915787700563669205e-03 9.999643564224243164e-01 4.842482041567564011e-03
8.191226124763488770e-01 -8.517277427017688751e-03 5.735553503036499023e-01 6.976947188377380371e-03 9.999637603759765625e-01 4.885306581854820251e-03
7.070812582969665527e-01 -8.469698019325733185e-03 7.070815563201904297e-01 5.988979712128639221e-03 9.999641180038452148e-01 5.988982506096363068e-03
7.070815563201904297e-01 -8.420926518738269806e-03 7.070818543434143066e-01 5.954493302851915359e-03 9.999645352363586426e-01 5.954495631158351898e-03
5.735571384429931641e-01 -8.240445517003536224e-03 8.191241621971130371e-01 4.726526327431201935e-03 9.999660849571228027e-01 6.750176660716533661e-03
5.735570788383483887e-01 -8.245789445936679840e-03 8.191241025924682617e-01 4.729591775685548782e-03 9.999660253524780273e-01 6.754554342478513718e-03
4.226044118404388428e-01 -7.990808226168155670e-03 9.062790274620056152e-01 3.377059008926153183e-03 9.999681115150451660e-01 7.242133840918540955e-03
4.226044118404388428e-01 -7.994957268238067627e-03 9.062790274620056152e-01 3.378812223672866821e-03 9.999680519104003906e-01 7.245893590152263641e-03
2.588114440441131592e-01 -7.790061179548501968e-03 9.658964872360229492e-01 2.016218146309256554e-03 9.999696612358093262e-01 7.524621207267045975e-03
2.588114440441131592e-01 -7.784025277942419052e-03 9.658965468406677246e-01 2.014655852690339088e-03 9.999697208404541016e-01 7.518791127949953079e-03
8.715319633483886719e-02 -7.483533117920160294e-03 9.961668252944946289e-01 6.522320909425616264e-04 9.999719858169555664e-01 7.455056067556142807e-03
8.715313673019409180e-02 -7.580571342259645462e-03 9.961661100387573242e-01 6.606895476579666138e-04 9.999712705612182617e-01 7.551725022494792938e-03
-8.715333789587020874e-02 -7.270707748830318451e-03 9.961684346199035645e-01 -6.336831720545887947e-04 9.999735951423645020e-01 7.243040483444929123e-03
-8.715333044528961182e-02 -7.274628151208162308e-03 9.961683750152587891e-01 -6.340248510241508484e-04 9.999735355377197266e-01 7.246945984661579132e-03
-2.588126063346862793e-01 -7.107845507562160492e-03 9.659014344215393066e-01 -1.839646021835505962e-03 9.999747276306152344e-01 6.865650881081819534e-03
-2.588123083114624023e-01 -7.244887761771678925e-03 9.659004807472229004e-01 -1.875115325674414635e-03 9.999737739562988281e-01 6.998023949563503265e-03
-4.226065576076507568e-01 -7.336755748838186264e-03 9.062836170196533203e-01 -3.100644331425428391e-03 9.999731183052062988e-01 6.649360526353120804e-03
-4.226059317588806152e-01 -7.531024049967527390e-03 9.062823057174682617e-01 -3.182745771482586861e-03 9.999716281890869141e-01 6.825427524745464325e-03
-5.735604166984558105e-01 -7.575734984129667282e-03 8.191283345222473145e-01 -4.345266148447990417e-03 9.999713301658630371e-01 6.205677054822444916e-03
-5.735595822334289551e-01 -7.761473767459392548e-03 8.191271424293518066e-01 -4.451802000403404236e-03 9.999698996543884277e-01 6.357825361192226410e-03
-7.070843577384948730e-01 -7.945207878947257996e-03 7.070846557617187500e-01 -5.618108902126550674e-03 9.999684691429138184e-01 5.618111696094274521e-03
-7.070834040641784668e-01 -8.104672655463218689e-03 7.070837020874023438e-01 -5.730867851525545120e-03 9.999671578407287598e-01 5.730870179831981659e-03
-8.191228508949279785e-01 -8.441532962024211884e-03 5.735560655593872070e-01 -6.914897821843624115e-03 9.999643564224243164e-01 4.841864109039306641e-03
-8.191212415695190430e-01 -8.673322387039661407e-03 5.735549330711364746e-01 -7.104768417775630951e-03 9.999623894691467285e-01 4.974812734872102737e-03
-9.062678217887878418e-01 -9.401824325323104858e-03 4.225994050502777100e-01 -8.520948700606822968e-03 9.999558329582214355e-01 3.973381593823432922e-03
-9.062662124633789062e-01 -9.591205976903438568e-03 4.225986599922180176e-01 -8.692585863173007965e-03 9.999540448188781738e-01 4.053417127579450607e-03
-9.658794999122619629e-01 -9.795504622161388397e-03 2.588067054748535156e-01 -9.461729787290096283e-03 9.999520182609558105e-01 2.535263542085886002e-03
-9.658764004707336426e-01 -1.011548563838005066e-02 2.588058710098266602e-01 -9.770808741450309753e-03 9.999488592147827148e-01 2.618080936372280121e-03
-9.961388707160949707e-01 -1.059168390929698944e-02 8.715079724788665771e-02 -1.055137999355792999e-02 9.999439120292663574e-01 9.231254807673394680e-04
-9.961349964141845703e-01 -1.095244009047746658e-02 8.715046197175979614e-02 -1.091076340526342392e-02 9.999400377273559570e-01 9.545673965476453304e-04
-9.961386322975158691e-01 -1.061138696968555450e-02 -8.715073019266128540e-02 -1.057100854814052582e-02 9.999437332153320312e-01 -9.248422575183212757e-04
-9.961368441581726074e-01 -1.077960524708032608e-02 -8.715057373046875000e-02 -1.073858607560396194e-02 9.999418854713439941e-01 -9.395033703185617924e-04
-9.658867716789245605e-01 -8.989061228930950165e-03 -2.588086426258087158e-01 -8.682765997946262360e-03 9.999595880508422852e-01 -2.326540881767868996e-03
-9.658826589584350586e-01 -9.456957690417766571e-03 -2.588075399398803711e-01 -9.134719148278236389e-03 9.999552965164184570e-01 -2.447641221806406975e-03
-9.062777161598205566e-01 -8.172990754246711731e-03 -4.226038157939910889e-01 -7.407247088849544525e-03 9.999666213989257812e-01 -3.454052377492189407e-03
-9.062732458114624023e-01 -8.755759336054325104e-03 -4.226017296314239502e-01 -7.935415022075176239e-03 9.999616742134094238e-01 -3.700340632349252701e-03
-8.191276788711547852e-01 -7.653023581951856613e-03 -5.735601782798767090e-01 -6.268986966460943222e-03 9.999707341194152832e-01 -4.389598034322261810e-03
-8.191231489181518555e-01 -8.347889408469200134e-03 -5.735570192337036133e-01 -6.838187109678983688e-03 9.999651908874511719e-01 -4.788157064467668533e-03
-7.070864439010620117e-01 -7.584524340927600861e-03 -7.070864439010620117e-01 -5.363069474697113037e-03 9.999712705612182617e-01 -5.363069474697113037e-03
-7.070831656455993652e-01 -8.180194534361362457e-03 -7.070831656455993652e-01 -5.784271284937858582e-03 9.999665617942810059e-01 -5.784271284937858582e-03
-5.735599398612976074e-01 -7.712868507951498032e-03 -8.191272616386413574e-01 -4.423923790454864502e-03 9.999702572822570801e-01 -6.318008992820978165e-03
-5.735588073730468750e-01 -7.970688864588737488e-03 -8.191256523132324219e-01 -4.571803379803895950e-03 9.999682307243347168e-01 -6.529202219098806381e-03
-4.226035773754119873e-01 -8.238274604082107544e-03 -9.062772393226623535e-01 -3.481642343103885651e-03 9.999660849571228027e-01 -7.466414012014865875e-03
-4.226030409336090088e-01 -8.384358137845993042e-03 -9.062761068344116211e-01 -3.543380182236433029e-03 9.999648928642272949e-01 -7.598811294883489609e-03
-2.588095963001251221e-01 -8.576815016567707062e-03 -9.658902883529663086e-01 -2.219843678176403046e-03 9.999632239341735840e-01 -8.284566923975944519e-03
-9.505350887775421143e-02 6.516629364341497421e-03 9.954509139060974121e-01 6.194416200742125511e-04 9.999787807464599609e-01 -6.487122271209955215e-03
-9.505326300859451294e-02 6.904276553541421890e-03 9.954482913017272949e-01 6.562896305695176125e-04 9.999761581420898438e-01 -6.873013917356729507e-03
8.462087810039520264e-02 -4.555152654647827148e-01 8.861970305442810059e-01 4.329913482069969177e-02 8.902279734611511230e-01 4.534527063369750977e-01
8.467280119657516479e-02 -4.544461965560913086e-01 8.867408037185668945e-01 4.319751635193824768e-02 8.907741904258728027e-01 4.523884654045104980e-01
2.497471570968627930e-01 -4.627876877784729004e-01 8.505610227584838867e-01 1.303823143243789673e-01 8.864691853523254395e-01 4.440415799617767334e-01
-2.817276716232299805e-01 5.835202056914567947e-03 9.594767093658447266e-01 1.643965952098369598e-03 9.999830126762390137e-01 -5.598836112767457962e-03
-2.817274034023284912e-01 6.000468041747808456e-03 9.594757556915283203e-01 1.690526725724339485e-03 9.999819993972778320e-01 -5.757407285273075104e-03
-4.582205414772033691e-01 5.119640380144119263e-03 8.888238072395324707e-01 2.345955232158303261e-03 9.999868869781494141e-01 -4.550518002361059189e-03
-4.582198858261108398e-01 5.391679238528013229e-03 8.888225555419921875e-01 2.470610663294792175e-03 9.999854564666748047e-01 -4.792315885424613953e-03
-6.181536316871643066e-01 4.299646709114313126e-03 7.860455513000488281e-01 2.657866803929209709e-03 9.999907612800598145e-01 -3.379749367013573647e-03
-6.181523799896240234e-01 4.756333772093057632e-03 7.860439419746398926e-01 2.940172096714377403e-03 9.999886751174926758e-01 -3.738729516044259071e-03
-7.557439804077148438e-01 3.940851427614688873e-03 6.548553705215454102e-01 2.978297648951411247e-03 9.999922513961791992e-01 -2.580707659944891930e-03
-7.557426691055297852e-01 4.355871584266424179e-03 6.548542380332946777e-01 3.291949164122343063e-03 9.999905228614807129e-01 -2.852488076314330101e-03
-8.660195469856262207e-01 3.664093557745218277e-03 4.999967813491821289e-01 3.173197852447628975e-03 9.999933242797851562e-01 -1.832047244533896446e-03
-8.660172224044799805e-01 4.324583802372217178e-03 4.999954402446746826e-01 3.745199181139469147e-03 9.999906420707702637e-01 -2.162292366847395897e-03
-9.449951052665710449e-01 3.489699447527527809e-03 3.270660042762756348e-01 3.297768766060471535e-03 9.999939203262329102e-01 -1.141368993557989597e-03
-9.449942708015441895e-01 3.723432542756199837e-03 3.270657360553741455e-01 3.518646815791726112e-03 9.999930858612060547e-01 -1.217815675772726536e-03
-9.898156523704528809e-01 3.446182468906044960e-03 1.423137784004211426e-01 3.411105368286371231e-03 9.999940991401672363e-01 -4.904421512037515640e-04
-9.898161888122558594e-01 3.277011215686798096e-03 1.423138529062271118e-01 3.243656130507588387e-03 9.999946355819702148e-01 -4.663665895350277424e-04
-9.988298416137695312e-01 8.673864416778087616e-03 -4.757858440279960632e-02 8.664039894938468933e-03 9.999623894691467285e-01 4.127057036384940147e-04
-9.987909197807312012e-01 1.237628888338804245e-02 -4.757673293352127075e-02 1.236227061599493027e-02 9.999234080314636230e-01 5.888683954253792763e-04
-8.511809706687927246e-01 -4.825462102890014648e-01 -2.064949572086334229e-01 -4.689439237117767334e-01 8.758705258369445801e-01 -1.137649342417716980e-01
-8.526412248611450195e-01 -4.798086881637573242e-01 -2.068492174148559570e-01 -4.662835597991943359e-01 8.773731589317321777e-01 -1.131195425987243652e-01
-7.929418087005615234e-01 -4.900101721286773682e-01 -3.621234595775604248e-01 -4.457291364669799805e-01 8.717167377471923828e-01 -2.035571485757827759e-01
-7.930765151977539062e-01 -4.897467195987701416e-01 -3.621849417686462402e-01 -4.454894959926605225e-01 8.718647956848144531e-01 -2.034476995468139648e-01
-7.073563933372497559e-01 -4.959106147289276123e-01 -5.037057995796203613e-01 -4.039570391178131104e-01 8.683735728263854980e-01 -2.876563072204589844e-01
-7.071056962013244629e-01 -4.964493513107299805e-01 -5.035272836685180664e-01 -4.043958187103271484e-01 8.680657148361206055e-01 -2.879687547683715820e-01
-5.968029499053955078e-01 -5.020581483840942383e-01 -6.259104609489440918e-01 -3.464593589305877686e-01 8.648338913917541504e-01 -3.633569777011871338e-01
-5.964460372924804688e-01 -5.029480457305908203e-01 -6.255361437797546387e-01 -3.470734655857086182e-01 8.643167018890380859e-01 -3.640010356903076172e-01
-4.657305479049682617e-01 -5.078557729721069336e-01 -7.246913909912109375e-01 -2.745674550533294678e-01 8.614420890808105469e-01 -4.272355735301971436e-01
-4.653170406818389893e-01 -5.091509222984313965e-01 -7.240479588508605957e-01 -2.752676606178283691e-01 8.606772422790527344e-01 -4.283251166343688965e-01
-3.185462951660156250e-01 -5.151768922805786133e-01 -7.956891059875488281e-01 -1.914721429347991943e-01 8.570839166641235352e-01 -4.782736301422119141e-01
-3.183982968330383301e-01 -5.158387422561645508e-01 -7.953194379806518555e-01 -1.917181313037872314e-01 8.566856980323791504e-01 -4.788880646228790283e-01
-1.621408164501190186e-01 -5.157347321510314941e-01 -8.412657976150512695e-01 -9.760351479053497314e-02 8.567483425140380859e-01 -5.064147114753723145e-01
-1.621273308992385864e-01 -5.158529877662658691e-01 -8.411958217620849609e-01 -9.762589633464813232e-02 8.566771149635314941e-01 -5.065308809280395508e-01
0.000000000000000000e+00 -5.162633061408996582e-01 -8.564299345016479492e-01 0.000000000000000000e+00 8.564299345016479492e-01 -5.162633061408996582e-01
0.000000000000000000e+00 -5.164803862571716309e-01 -8.562990427017211914e-01 0.000000000000000000e+00 8.562990427017211914e-01 -5.164803862571716309e-01
1.614749431610107422e-01 -5.215350389480590820e-01 -8.378109335899353027e-01 9.870123118162155151e-02 8.532298803329467773e-01 -5.121102333068847656e-01
1.615105271339416504e-01 -5.212272405624389648e-01 -8.379955887794494629e-01 9.864298254251480103e-02 8.534179329872131348e-01 -5.118079781532287598e-01
3.157776296138763428e-01 -5.273688435554504395e-01 -7.887753844261169434e-01 1.960029751062393188e-01 8.496364951133728027e-01 -4.895924031734466553e-01
3.158665597438812256e-01 -5.269830822944641113e-01 -7.889975905418395996e-01 1.958595961332321167e-01 8.498758077621459961e-01 -4.892342686653137207e-01
4.570185244083404541e-01 -5.342479944229125977e-01 -7.111352086067199707e-01 2.888361513614654541e-01 8.453277945518493652e-01 -4.494381248950958252e-01
4.572985172271728516e-01 -5.334274768829345703e-01 -7.115709185600280762e-01 2.883925437927246094e-01 8.458456993103027344e-01 -4.487478733062744141e-01
5.867272019386291504e-01 -5.264090895652770996e-01 -6.153411269187927246e-01 3.632640540599822998e-01 8.502314686775207520e-01 -3.809799849987030029e-01
5.868886709213256836e-01 -5.260309576988220215e-01 -6.155104637145996094e-01 3.630031347274780273e-01 8.504654169082641602e-01 -3.807063102722167969e-01
6.961823105812072754e-01 -5.191948413848876953e-01 -4.957488179206848145e-01 4.229238033294677734e-01 8.546559214591979980e-01 -3.011624515056610107e-01
6.964854001998901367e-01 -5.185819864273071289e-01 -4.959646463394165039e-01 4.224245548248291016e-01 8.550279140472412109e-01 -3.008069396018981934e-01
7.809690833091735840e-01 -5.127207040786743164e-01 -3.566578328609466553e-01 4.663869142532348633e-01 8.585554957389831543e-01 -2.129924893379211426e-01
7.811233401298522949e-01 -5.124365687370300293e-01 -3.567282855510711670e-01 4.661284387111663818e-01 8.587250709533691406e-01 -2.128744423389434814e-01
8.378259539604187012e-01 -5.066912770271301270e-01 -2.032528966665267944e-01 4.924085736274719238e-01 8.621276021003723145e-01 -1.194561570882797241e-01
8.380547761917114258e-01 -5.062904357910156250e-01 -2.033084034919738770e-01 4.920190572738647461e-01 8.623631000518798828e-01 -1.193616613745689392e-01
8.641813993453979492e-01 -5.014935135841369629e-01 -4.116686806082725525e-02 5.009254813194274902e-01 8.651614189147949219e-01 -2.386250346899032593e-02
8.643844723701477051e-01 -5.011426806449890137e-01 -4.117653891444206238e-02 5.005750060081481934e-01 8.653646707534790039e-01 -2.384581044316291809e-02
8.595412373542785645e-01 -4.958992898464202881e-01 1.235831752419471741e-01 4.908517897129058838e-01 8.683800697326660156e-01 7.057371735572814941e-02
8.595893383026123047e-01 -4.958142340183258057e-01 1.235900893807411194e-01 4.907675981521606445e-01 8.684286475181579590e-01 7.056161016225814819e-02
8.234814405441284180e-01 -4.905586838722229004e-01 2.850097119808197021e-01 4.635783731937408447e-01 8.714081645011901855e-01 1.604460477828979492e-01
8.235527276992797852e-01 -4.904246330261230469e-01 2.850344181060791016e-01 4.634516835212707520e-01 8.714836239814758301e-01 1.604022085666656494e-01
7.570155858993530273e-01 -4.856986105442047119e-01 4.370632767677307129e-01 4.206272959709167480e-01 8.741263747215270996e-01 2.428493648767471313e-01
7.570838332176208496e-01 -4.855568110942840576e-01 4.371026754379272461e-01 4.205044806003570557e-01 8.742051124572753906e-01 2.427784502506256104e-01
6.627484560012817383e-01 -4.805970191955566406e-01 5.742743611335754395e-01 3.632111251354217529e-01 8.769415616989135742e-01 3.147239685058593750e-01
6.628078818321228027e-01 -4.804534912109375000e-01 5.743258595466613770e-01 3.631026446819305420e-01 8.770202398300170898e-01 3.146299719810485840e-01
5.438061952590942383e-01 -4.754917621612548828e-01 6.915073990821838379e-01 2.939291000366210938e-01 8.797202110290527344e-01 3.737621009349822998e-01
5.437599420547485352e-01 -4.756302833557128906e-01 6.914485692977905273e-01 2.940146923065185547e-01 8.796452879905700684e-01 3.738709688186645508e-01
4.047196209430694580e-01 -4.689430296421051025e-01 7.850443124771118164e-01 2.148826271295547485e-01 8.832284212112426758e-01 4.168129563331604004e-01
4.047406911849975586e-01 -4.688563346862792969e-01 7.850852012634277344e-01 2.148429006338119507e-01 8.832744359970092773e-01 4.167358875274658203e-01
2.497489899396896362e-01 -4.627752006053924561e-01 8.505672216415405273e-01 1.303787976503372192e-01 8.864756822586059570e-01 4.440295994281768799e-01
0.000000000000000000e+00 -7.950380444526672363e-03 -9.999684095382690430e-01 0.000000000000000000e+00 9.999684095382690430e-01 -7.950380444526672363e-03
0.000000000000000000e+00 -7.909384556114673615e-03 -9.999687075614929199e-01 0.000000000000000000e+00 9.999687075614929199e-01 -7.909384556114673615e-03
