-5.233637988567352295e-02 -9.986289739608764648e-01 -1.013801433145999908e-03 5.305873128236271441e-05 1.012412132695317268e-03 -9.999995231628417969e-01
-5.233638361096382141e-02 -9.986290335655212402e-01 -1.008599414490163326e-03 5.278646858641877770e-05 1.007217098958790302e-03 -9.999995231628417969e-01
5.233637616038322449e-02 -9.986288547515869141e-01 -1.150758238509297371e-03 -6.022655361448414624e-05 1.149181160144507885e-03 -9.999993443489074707e-01
5.233637616038322449e-02 -9.986288547515869141e-01 -1.146365073509514332e-03 -5.999663335387594998e-05 1.144794048741459846e-03 -9.999993443489074707e-01
1.564338356256484985e-01 -9.876878261566162109e-01 -1.147791510447859764e-03 -1.795535063138231635e-04 1.133660320192575455e-03 -9.999993443489074707e-01
1.564338356256484985e-01 -9.876878261566162109e-01 -1.106278155930340290e-03 -1.730594376567751169e-04 1.092658145353198051e-03 -9.999994039535522461e-01
2.588194608688354492e-01 -9.659250974655151367e-01 -1.090484554879367352e-03 -2.822387905325740576e-04 1.053326996043324471e-03 -9.999994039535522461e-01
2.588194608688354492e-01 -9.659251570701599121e-01 -1.035218359902501106e-03 -2.679348108358681202e-04 9.999440517276525497e-04 -9.999994635581970215e-01
3.583674430847167969e-01 -9.335801005363464355e-01 -1.017319620586931705e-03 -3.645744291134178638e-04 9.497498976998031139e-04 -9.999995231628417969e-01
3.583674430847167969e-01 -9.335801601409912109e-01 -9.923696052283048630e-04 -3.556331212166696787e-04 9.264569962397217751e-04 -9.999995231628417969e-01
4.539904296398162842e-01 -8.910059928894042969e-01 -1.017407397739589214e-03 -4.618934763129800558e-04 9.065165650099515915e-04 -9.999994635581970215e-01
4.539904594421386719e-01 -8.910060524940490723e-01 -9.950409876182675362e-04 -4.517393244896084070e-04 8.865879499353468418e-04 -9.999995231628417969e-01
5.446385145187377930e-01 -8.386703133583068848e-01 -1.057315850630402565e-03 -5.758551415055990219e-04 8.867397555150091648e-04 -9.999994635581970215e-01
5.446385145187377930e-01 -8.386703133583068848e-01 -1.036757486872375011e-03 -5.646582576446235180e-04 8.694980642758309841e-04 -9.999994635581970215e-01
6.293201446533203125e-01 -7.771450877189636230e-01 -1.322610070928931236e-03 -8.323458605445921421e-04 1.027860911563038826e-03 -9.999991059303283691e-01
6.293201446533203125e-01 -7.771450877189636230e-01 -1.333874533884227276e-03 -8.394348551519215107e-04 1.036614994518458843e-03 -9.999991059303283691e-01
7.071060538291931152e-01 -7.071060538291931152e-01 -1.501843566074967384e-03 -1.061963848769664764e-03 1.061963848769664764e-03 -9.999988675117492676e-01
7.071059942245483398e-01 -7.071059942245483398e-01 -1.530300243757665157e-03 -1.082085771486163139e-03 1.082085771486163139e-03 -9.999988079071044922e-01
7.771449089050292969e-01 -6.293199658393859863e-01 -1.501864055171608925e-03 -1.167167327366769314e-03 9.451541118323802948e-04 -9.999988675117492676e-01
7.771449089050292969e-01 -6.293199658393859863e-01 -1.495637930929660797e-03 -1.162328757345676422e-03 9.412358631379902363e-04 -9.999988675117492676e-01
8.386698961257934570e-01 -5.446382164955139160e-01 -1.431805081665515900e-03 -1.200812985189259052e-03 7.798165315762162209e-04 -9.999989867210388184e-01
8.386699557304382324e-01 -5.446382761001586914e-01 -1.405534101650118828e-03 -1.178780337795615196e-03 7.655083318240940571e-04 -9.999990463256835938e-01
8.910056352615356445e-01 -4.539902210235595703e-01 -1.359384739771485329e-03 -1.211220747791230679e-03 6.171480636112391949e-04 -9.999991059303283691e-01
8.910056352615356445e-01 -4.539902210235595703e-01 -1.369821256957948208e-03 -1.220519770868122578e-03 6.218861090019345284e-04 -9.999991059303283691e-01
9.335799217224121094e-01 -3.583673536777496338e-01 -1.194177661091089249e-03 -1.114861108362674713e-03 4.279545973986387253e-04 -9.999992847442626953e-01
9.335799217224121094e-01 -3.583673536777496338e-01 -1.193156465888023376e-03 -1.113907666876912117e-03 4.275886458344757557e-04 -9.999992847442626953e-01
9.659250974655151367e-01 -2.588194608688354492e-01 -1.078835339285433292e-03 -1.042074873112142086e-03 2.792237792164087296e-04 -9.999994635581970215e-01
9.659251570701599121e-01 -2.588194906711578369e-01 -1.077278866432607174e-03 -1.040571369230747223e-03 2.788208948913961649e-04 -9.999994635581970215e-01
9.876878857612609863e-01 -1.564338505268096924e-01 -1.070537720806896687e-03 -1.057357760146260262e-03 1.674684172030538321e-04 -9.999994635581970215e-01
9.876878857612609863e-01 -1.564338505268096924e-01 -1.073367078788578510e-03 -1.060152193531394005e-03 1.679110282566398382e-04 -9.999994635581970215e-01
9.986289739608764648e-01 -5.233637988567352295e-02 -1.061804010532796383e-03 -1.060348819009959698e-03 5.557101030717603862e-05 -9.999994635581970215e-01
9.986289739608764648e-01 -5.233637988567352295e-02 -1.056002103723585606e-03 -1.054554828442633152e-03 5.526735913008451462e-05 -9.999994635581970215e-01
9.986289739608764648e-01 5.233637988567352295e-02 -1.062427181750535965e-03 -1.060971175320446491e-03 -5.560362478718161583e-05 -9.999994635581970215e-01
9.986289739608764648e-01 5.233637988567352295e-02 -1.058293040841817856e-03 -1.056842622347176075e-03 -5.538725963560864329e-05 -9.999994635581970215e-01
9.876878857612609863e-01 1.564338356256484985e-01 -1.050206017680466175e-03 -1.037276349961757660e-03 -1.642878487473353744e-04 -9.999994635581970215e-01
9.876878857612609863e-01 1.564338356256484985e-01 -1.060063135810196400e-03 -1.047012046910822392e-03 -1.658298424445092678e-04 -9.999994635581970215e-01
9.659250974655151367e-01 2.588194608688354492e-01 -1.093517174012959003e-03 -1.056256354786455631e-03 -2.830236917361617088e-04 -9.999994039535522461e-01
9.659251570701599121e-01 2.588194906711578369e-01 -1.077934284694492817e-03 -1.041204435750842094e-03 -2.789905411191284657e-04 -9.999994635581970215e-01
9.335799813270568848e-01 3.583673834800720215e-01 -1.127752359025180340e-03 -1.052847714163362980e-03 -4.041499341838061810e-04 -9.999993443489074707e-01
9.335799217224121094e-01 3.583673834800720215e-01 -1.118278363719582558e-03 -1.044003060087561607e-03 -4.007547977380454540e-04 -9.999994039535522461e-01
8.910058736801147461e-01 4.539903700351715088e-01 -1.167271635495126247e-03 -1.040046568959951401e-03 -5.299304029904305935e-04 -9.999993443489074707e-01
8.910058140754699707e-01 4.539903402328491211e-01 -1.198115758597850800e-03 -1.067528850398957729e-03 -5.439333617687225342e-04 -9.999992847442626953e-01
8.386701345443725586e-01 5.446383357048034668e-01 -1.219725934788584709e-03 -1.022948417812585831e-03 -6.643100059591233730e-04 -9.999992847442626953e-01
8.386701345443725586e-01 5.446383953094482422e-01 -1.239864621311426163e-03 -1.039838069118559361e-03 -6.752782501280307770e-04 -9.999992251396179199e-01
7.771450877189636230e-01 6.293201446533203125e-01 -1.257910858839750290e-03 -9.775802027434110641e-04 -7.916293689049780369e-04 -9.999992251396179199e-01
7.771451473236083984e-01 6.293201446533203125e-01 -1.271846820600330830e-03 -9.884105529636144638e-04 -8.003995753824710846e-04 -9.999992251396179199e-01
7.071061730384826660e-01 7.071061730384826660e-01 -1.351198297925293446e-03 -9.554415591992437840e-04 -9.554415591992437840e-04 -9.999991059303283691e-01
7.071061730384826660e-01 7.071061730384826660e-01 -1.355809392407536507e-03 -9.587020613253116608e-04 -9.587020613253116608e-04 -9.999991059303283691e-01
6.293200254440307617e-01 7.771449685096740723e-01 -1.447704038582742214e-03 -9.110701503232121468e-04 -1.125077251344919205e-03 -9.999989867210388184e-01
6.293200254440307617e-01 7.771449685096740723e-01 -1.469115144573152065e-03 -9.245445253327488899e-04 -1.141716726124286652e-03 -9.999989271163940430e-01
5.446380376815795898e-01 8.386696577072143555e-01 -1.621407805941998959e-03 -8.830815204419195652e-04 -1.359827234409749508e-03 -9.999986886978149414e-01
5.446379780769348145e-01 8.386695981025695801e-01 -1.660603680647909641e-03 -9.044291218742728233e-04 -1.392699661664664745e-03 -9.999986290931701660e-01
4.539899230003356934e-01 8.910050392150878906e-01 -1.782015431672334671e-03 -8.090184419415891171e-04 -1.587787410244345665e-03 -9.999984502792358398e-01
4.539899230003356934e-01 8.910049796104431152e-01 -1.827785628847777843e-03 -8.297976455651223660e-04 -1.628568861633539200e-03 -9.999983310699462891e-01
3.583669662475585938e-01 9.335788488388061523e-01 -1.921465038321912289e-03 -6.885908660478889942e-04 -1.793842413462698460e-03 -9.999981522560119629e-01
3.583669662475585938e-01 9.335788488388061523e-01 -1.923839328810572624e-03 -6.894417456351220608e-04 -1.796059077605605125e-03 -9.999981522560119629e-01
2.588190138339996338e-01 9.659234881401062012e-01 -2.119397278875112534e-03 -5.485416622832417488e-04 -2.047180430963635445e-03 -9.999977946281433105e-01
2.588190436363220215e-01 9.659235477447509766e-01 -2.116789110004901886e-03 -5.478665116243064404e-04 -2.044660970568656921e-03 -9.999977946281433105e-01
1.564335376024246216e-01 9.876859784126281738e-01 -2.233920153230428696e-03 -3.494608972687274218e-04 -2.206417033448815346e-03 -9.999974966049194336e-01
1.564335376024246216e-01 9.876860380172729492e-01 -2.197555033490061760e-03 -3.437721752561628819e-04 -2.170499879866838455e-03 -9.999976158142089844e-01
5.233626812696456909e-02 9.986267685890197754e-01 -2.356240525841712952e-03 -1.233171788044273853e-04 -2.353011397644877434e-03 -9.999972581863403320e-01
5.233626440167427063e-02 9.986267685890197754e-01 -2.353070303797721863e-03 -1.231512578669935465e-04 -2.349845366552472115e-03 -9.999972581863403320e-01
-5.233626067638397217e-02 9.986266493797302246e-01 -2.393150934949517250e-03 1.252489309990778565e-04 -2.389871049672365189e-03 -9.999971389770507812e-01
-5.233626440167427063e-02 9.986267089843750000e-01 -2.370113041251897812e-03 1.240432029590010643e-04 -2.366864820942282677e-03 -9.999971985816955566e-01
-1.564334928989410400e-01 9.876856803894042969e-01 -2.378880279138684273e-03 3.721375833265483379e-04 -2.349592512473464012e-03 -9.999971985816955566e-01
-1.564334928989410400e-01 9.876856803894042969e-01 -2.361795166507363319e-03 3.694649203680455685e-04 -2.332717878744006157e-03 -9.999972581863403320e-01
-2.588188946247100830e-01 9.659230113029479980e-01 -2.355446107685565948e-03 6.096357246860861778e-04 -2.275186125189065933e-03 -9.999972581863403320e-01
-2.588188946247100830e-01 9.659230709075927734e-01 -2.351528266444802284e-03 6.086216308176517487e-04 -2.271401463076472282e-03 -9.999972581863403320e-01
-3.583666682243347168e-01 9.335780739784240723e-01 -2.320023020729422569e-03 8.314211154356598854e-04 -2.165928483009338379e-03 -9.999973177909851074e-01
-3.583666682243347168e-01 9.335780739784240723e-01 -2.310971962288022041e-03 8.281775517389178276e-04 -2.157478593289852142e-03 -9.999973177909851074e-01
-4.539894759654998779e-01 8.910041451454162598e-01 -2.288330346345901489e-03 1.038880669511854649e-03 -2.038917038589715958e-03 -9.999973773956298828e-01
-4.539895057678222656e-01 8.910042047500610352e-01 -2.271787729114294052e-03 1.031370484270155430e-03 -2.024177461862564087e-03 -9.999974370002746582e-01
-5.446374416351318359e-01 8.386687040328979492e-01 -2.224516822025179863e-03 1.211558002978563309e-03 -1.865637023001909256e-03 -9.999975562095642090e-01
-5.446374416351318359e-01 8.386687040328979492e-01 -2.196029061451554298e-03 1.196042518131434917e-03 -1.841745339334011078e-03 -9.999976158142089844e-01
-6.293192505836486816e-01 7.771440148353576660e-01 -2.127158222720026970e-03 1.338664675131440163e-03 -1.653112121857702732e-03 -9.999977350234985352e-01
-6.293192505836486816e-01 7.771440148353576660e-01 -2.121332800015807152e-03 1.334998640231788158e-03 -1.648584846407175064e-03 -9.999977350234985352e-01
-7.071052193641662598e-01 7.071052193641662598e-01 -2.112092683091759682e-03 1.493475283496081829e-03 -1.493475283496081829e-03 -9.999977946281433105e-01
-7.071052789688110352e-01 7.071052789688110352e-01 -2.094069728627800941e-03 1.480730948969721794e-03 -1.480730948969721794e-03 -9.999977946281433105e-01
-7.771441340446472168e-01 6.293193101882934570e-01 -2.070850692689418793e-03 1.609352999366819859e-03 -1.303229248151183128e-03 -9.999979138374328613e-01
-7.771441340446472168e-01 6.293193697929382324e-01 -2.019945299252867699e-03 1.569792162626981735e-03 -1.271193497814238071e-03 -9.999979734420776367e-01
-8.386690616607666016e-01 5.446376800537109375e-01 -1.998014980927109718e-03 1.675676670856773853e-03 -1.088196411728858948e-03 -9.999980330467224121e-01
-8.386691212654113770e-01 5.446377396583557129e-01 -1.962445676326751709e-03 1.645845710299909115e-03 -1.068823970854282379e-03 -9.999980926513671875e-01
-8.910048007965087891e-01 4.539898335933685303e-01 -1.929805031977593899e-03 1.719468738883733749e-03 -8.761134813539683819e-04 -9.999981522560119629e-01
-8.910048604011535645e-01 4.539898633956909180e-01 -1.897018169984221458e-03 1.690255478024482727e-03 -8.612285600975155830e-04 -9.999982118606567383e-01
-9.335789680480957031e-01 3.583669960498809814e-01 -1.869844621978700161e-03 1.745650661177933216e-03 -6.700917729176580906e-04 -9.999982714653015137e-01
-9.335789680480957031e-01 3.583669960498809814e-01 -1.867544837296009064e-03 1.743503613397479057e-03 -6.692676106467843056e-04 -9.999982714653015137e-01
-9.659240245819091797e-01 2.588191628456115723e-01 -1.856771879829466343e-03 1.793503644876182079e-03 -4.805689677596092224e-04 -9.999982714653015137e-01
-9.659240841865539551e-01 2.588191926479339600e-01 -1.844424987211823463e-03 1.781577477231621742e-03 -4.773733671754598618e-04 -9.999983310699462891e-01
-9.876866340637207031e-01 1.564336419105529785e-01 -1.899291528388857841e-03 1.875908230431377888e-03 -2.971136418636888266e-04 -9.999982118606567383e-01
-9.876867532730102539e-01 1.564336717128753662e-01 -1.850638072937726974e-03 1.827853848226368427e-03 -2.895025827456265688e-04 -9.999983310699462891e-01
-9.986282587051391602e-01 5.233634263277053833e-02 -1.588935381732881069e-03 1.586757716722786427e-03 -8.315917511936277151e-05 -9.999987483024597168e-01
-9.986283779144287109e-01 5.233635008335113525e-02 -1.518026343546807766e-03 1.515945885330438614e-03 -7.944805111037567258e-05 -9.999988675117492676e-01
-9.986290931701660156e-01 -5.233638733625411987e-02 -9.589024703018367290e-04 9.575883159413933754e-04 5.018551382818259299e-05 -9.999995827674865723e-01
-9.986292719841003418e-01 -5.233639851212501526e-02 -7.393917185254395008e-04 7.383783813565969467e-04 3.869710781145840883e-05 -9.999997615814208984e-01
-9.876884222030639648e-01 -1.564339250326156616e-01 -5.159639113117009401e-05 5.096115637570619583e-05 8.071426236710976809e-06 -1.000000000000000000e+00
-9.876884222030639648e-01 -1.564339250326156616e-01 2.007496659643948078e-04 -1.982781250262632966e-04 -3.140405897283926606e-05 -1.000000000000000000e+00
-9.659256339073181152e-01 -2.588195800781250000e-01 3.936354187317192554e-04 -3.802225692197680473e-04 -1.018805633066222072e-04 -9.999999403953552246e-01
-9.659256339073181152e-01 -2.588195800781250000e-01 4.012513672932982445e-04 -3.875789989251643419e-04 -1.038517220877110958e-04 -9.999999403953552246e-01
-9.335805177688598633e-01 -3.583675920963287354e-01 3.419724816922098398e-04 -3.192588628735393286e-04 -1.225518644787371159e-04 -9.999999403953552246e-01
-9.335805177688598633e-01 -3.583675920963287354e-01 3.786727029364556074e-04 -3.535214927978813648e-04 -1.357040309812873602e-04 -9.999999403953552246e-01
-8.910064697265625000e-01 -4.539906680583953857e-01 1.931849255925044417e-04 -1.721290173009037971e-04 -8.770415297476574779e-05 -1.000000000000000000e+00
-8.910064697265625000e-01 -4.539906680583953857e-01 1.860985503299161792e-04 -1.658150140428915620e-04 -8.448700828012079000e-05 -1.000000000000000000e+00
-8.386707305908203125e-01 -5.446387529373168945e-01 6.795254421376739629e-07 -5.698980771740025375e-07 -3.700958757235639496e-07 -1.000000000000000000e+00
-8.386707305908203125e-01 -5.446387529373168945e-01 -2.716785274969879538e-05 2.278488318552263081e-05 1.479666570958215743e-05 -1.000000000000000000e+00
-7.771456837654113770e-01 -6.293206214904785156e-01 -2.095490926876664162e-04 1.628502213861793280e-04 1.318736030953004956e-04 -1.000000000000000000e+00
-7.771456837654113770e-01 -6.293206214904785156e-01 -2.428619336569681764e-04 1.887391554191708565e-04 1.528380525996908545e-04 -1.000000000000000000e+00
-7.071067690849304199e-01 -7.071067690849304199e-01 -3.906240162905305624e-04 2.762129006441682577e-04 2.762129006441682577e-04 -9.999999403953552246e-01
-7.071067690849304199e-01 -7.071067690849304199e-01 -4.045348905492573977e-04 2.860493841581046581e-04 2.860493841581046581e-04 -9.999999403953552246e-01
-6.293205618858337402e-01 -7.771456837654113770e-01 -5.879387026652693748e-04 3.700019733514636755e-04 4.569141019601374865e-04 -9.999998211860656738e-01
-6.293205618858337402e-01 -7.771456837654113770e-01 -5.934553337283432484e-04 3.734737110789865255e-04 4.612013290170580149e-04 -9.999998211860656738e-01
-5.446386337280273438e-01 -8.386705517768859863e-01 -7.138725486584007740e-04 3.888026403728872538e-04 5.987040349282324314e-04 -9.999997615814208984e-01
-5.446386337280273438e-01 -8.386705517768859863e-01 -7.209881441667675972e-04 3.926780773326754570e-04 6.046716589480638504e-04 -9.999997615814208984e-01
-4.539905190467834473e-01 -8.910062313079833984e-01 -7.701392751187086105e-04 3.496360441204160452e-04 6.861990550532937050e-04 -9.999997019767761230e-01
-4.539905190467834473e-01 -8.910062313079833984e-01 -7.751717348583042622e-04 3.519207239151000977e-04 6.906830240041017532e-04 -9.999997019767761230e-01
-3.583675026893615723e-01 -9.335802197456359863e-01 -8.640775922685861588e-04 3.096574218943715096e-04 8.066860609687864780e-04 -9.999996423721313477e-01
-3.583675026893615723e-01 -9.335802197456359863e-01 -8.843595278449356556e-04 3.169258416164666414e-04 8.256208966486155987e-04 -9.999996423721313477e-01
-2.588194906711578369e-01 -9.659252762794494629e-01 -8.888667216524481773e-04 2.300561463925987482e-04 8.585792384110391140e-04 -9.999996423721313477e-01
-2.588194906711578369e-01 -9.659252762794494629e-01 -9.076272253878414631e-04 2.349117276025936007e-04 8.767004474066197872e-04 -9.999995827674865723e-01
-1.564338654279708862e-01 -9.876880049705505371e-01 -9.633512236177921295e-04 1.507008128101006150e-04 9.514908306300640106e-04 -9.999995827674865723e-01
-1.564338654279708862e-01 -9.876880049705505371e-01 -9.617580799385905266e-04 1.504515967098996043e-04 9.499173029325902462e-04 -9.999995827674865723e-01
-3.874948306474834681e-04 -9.999999403953552246e-01 -0.000000000000000000e+00 -9.999999403953552246e-01 3.874948306474834681e-04 0.000000000000000000e+00
-4.245710442773997784e-04 -9.999999403953552246e-01 0.000000000000000000e+00 -9.999999403953552246e-01 4.245710442773997784e-04 0.000000000000000000e+00
-3.623538359533995390e-04 -9.999999403953552246e-01 -0.000000000000000000e+00 -9.999999403953552246e-01 3.623538359533995390e-04 0.000000000000000000e+00
-3.923495241906493902e-04 -9.999999403953552246e-01 0.000000000000000000e+00 -9.999999403953552246e-01 3.923495241906493902e-04 0.000000000000000000e+00
-3.372816136106848717e-04 -9.999999403953552246e-01 -0.000000000000000000e+00 -9.999999403953552246e-01 3.372816136106848717e-04 0.000000000000000000e+00
-3.170699346810579300e-04 -9.999999403953552246e-01 0.000000000000000000e+00 -9.999999403953552246e-01 3.170699346810579300e-04 0.000000000000000000e+00
-3.669591096695512533e-04 -9.999999403953552246e-01 0.000000000000000000e+00 -9.999999403953552246e-01 3.669591096695512533e-04 0.000000000000000000e+00
-2.572732046246528625e-04 -1.000000000000000000e+00 0.000000000000000000e+00 -1.000000000000000000e+00 2.572732046246528625e-04 0.000000000000000000e+00
-3.309713210910558701e-04 -9.999999403953552246e-01 0.000000000000000000e+00 -9.999999403953552246e-01 3.309713210910558701e-04 0.000000000000000000e+00
-2.848535950761288404e-04 -1.000000000000000000e+00 0.000000000000000000e+00 -1.000000000000000000e+00 2.848535950761288404e-04 0.000000000000000000e+00
-2.573646197561174631e-04 -1.000000000000000000e+00 0.000000000000000000e+00 -1.000000000000000000e+00 2.573646197561174631e-04 0.000000000000000000e+00
-3.180274215992540121e-04 -9.999999403953552246e-01 0.000000000000000000e+00 -9.999999403953552246e-01 3.180274215992540121e-04 0.000000000000000000e+00
-2.801561495289206505e-04 -1.000000000000000000e+00 0.000000000000000000e+00 -1.000000000000000000e+00 2.801561495289206505e-04 0.000000000000000000e+00
-3.376883105374872684e-04 -9.999999403953552246e-01 0.000000000000000000e+00 -9.999999403953552246e-01 3.376883105374872684e-04 0.000000000000000000e+00
-2.907740126829594374e-04 -1.000000000000000000e+00 0.000000000000000000e+00 -1.000000000000000000e+00 2.907740126829594374e-04 0.000000000000000000e+00
-3.248007269576191902e-04 -9.999999403953552246e-01 0.000000000000000000e+00 -9.999999403953552246e-01 3.248007269576191902e-04 0.000000000000000000e+00
-2.871028264053165913e-04 -1.000000000000000000e+00 0.000000000000000000e+00 -1.000000000000000000e+00 2.871028264053165913e-04 0.000000000000000000e+00
-3.156340972054749727e-04 -9.999999403953552246e-01 0.000000000000000000e+00 -9.999999403953552246e-01 3.156340972054749727e-04 0.000000000000000000e+00
-2.782550873234868050e-04 -1.000000000000000000e+00 0.000000000000000000e+00 -1.000000000000000000e+00 2.782550873234868050e-04 0.000000000000000000e+00
-2.892167540267109871e-04 -1.000000000000000000e+00 0.000000000000000000e+00 -1.000000000000000000e+00 2.892167540267109871e-04 0.000000000000000000e+00
-2.751281135715544224e-04 -1.000000000000000000e+00 0.000000000000000000e+00 -1.000000000000000000e+00 2.751281135715544224e-04 0.000000000000000000e+00
-4.658962425310164690e-04 -9.999998807907104492e-01 0.000000000000000000e+00 -9.999998807907104492e-01 4.658962425310164690e-04 0.000000000000000000e+00
-4.274573875591158867e-04 -9.999999403953552246e-01 0.000000000000000000e+00 -9.999999403953552246e-01 4.274573875591158867e-04 0.000000000000000000e+00
-4.490771098062396049e-04 -9.999999403953552246e-01 0.000000000000000000e+00 -9.999999403953552246e-01 4.490771098062396049e-04 0.000000000000000000e+00
-5.235491553321480751e-04 -9.999998807907104492e-01 0.000000000000000000e+00 -9.999998807907104492e-01 5.235491553321480751e-04 0.000000000000000000e+00
-5.077459500171244144e-04 -9.999998807907104492e-01 0.000000000000000000e+00 -9.999998807907104492e-01 5.077459500171244144e-04 0.000000000000000000e+00
-5.567223415710031986e-04 -9.999998807907104492e-01 0.000000000000000000e+00 -9.999998807907104492e-01 5.567223415710031986e-04 0.000000000000000000e+00
-5.753809818997979164e-04 -9.999998211860656738e-01 0.000000000000000000e+00 -9.999998211860656738e-01 5.753809818997979164e-04 0.000000000000000000e+00
-6.061636959202587605e-04 -9.999998211860656738e-01 0.000000000000000000e+00 -9.999998211860656738e-01 6.061636959202587605e-04 0.000000000000000000e+00
-6.291527533903717995e-04 -9.999998211860656738e-01 0.000000000000000000e+00 -9.999998211860656738e-01 6.291527533903717995e-04 0.000000000000000000e+00
-6.391269271261990070e-04 -9.999998211860656738e-01 0.000000000000000000e+00 -9.999998211860656738e-01 6.391269271261990070e-04 0.000000000000000000e+00
-6.692857132293283939e-04 -9.999997615814208984e-01 0.000000000000000000e+00 -9.999997615814208984e-01 6.692857132293283939e-04 0.000000000000000000e+00
-6.653995369561016560e-04 -9.999998211860656738e-01 0.000000000000000000e+00 -9.999998211860656738e-01 6.653995369561016560e-04 0.000000000000000000e+00
-7.025824743323028088e-04 -9.999997615814208984e-01 0.000000000000000000e+00 -9.999997615814208984e-01 7.025824743323028088e-04 0.000000000000000000e+00
-7.040951168164610863e-04 -9.999997615814208984e-01 0.000000000000000000e+00 -9.999997615814208984e-01 7.040951168164610863e-04 0.000000000000000000e+00
-7.158620865084230900e-04 -9.999997615814208984e-01 0.000000000000000000e+00 -9.999997615814208984e-01 7.158620865084230900e-04 0.000000000000000000e+00
-7.329797372221946716e-04 -9.999997615814208984e-01 0.000000000000000000e+00 -9.999997615814208984e-01 7.329797372221946716e-04 0.000000000000000000e+00
-7.314597605727612972e-04 -9.999997615814208984e-01 0.000000000000000000e+00 -9.999997615814208984e-01 7.314597605727612972e-04 0.000000000000000000e+00
-7.556381169706583023e-04 -9.999997019767761230e-01 0.000000000000000000e+00 -9.999997019767761230e-01 7.556381169706583023e-04 0.000000000000000000e+00
-7.371915271505713463e-04 -9.999997615814208984e-01 0.000000000000000000e+00 -9.999997615814208984e-01 7.371915271505713463e-04 0.000000000000000000e+00
-7.643285789526998997e-04 -9.999997019767761230e-01 0.000000000000000000e+00 -9.999997019767761230e-01 7.643285789526998997e-04 0.000000000000000000e+00
-7.239447440952062607e-04 -9.999997615814208984e-01 0.000000000000000000e+00 -9.999997615814208984e-01 7.239447440952062607e-04 0.000000000000000000e+00
-7.113724132068455219e-04 -9.999997615814208984e-01 0.000000000000000000e+00 -9.999997615814208984e-01 7.113724132068455219e-04 0.000000000000000000e+00
-7.342993048951029778e-04 -9.999997615814208984e-01 0.000000000000000000e+00 -9.999997615814208984e-01 7.342993048951029778e-04 0.000000000000000000e+00
-7.059405907057225704e-04 -9.999997615814208984e-01 0.000000000000000000e+00 -9.999997615814208984e-01 7.059405907057225704e-04 0.000000000000000000e+00
-7.731338846497237682e-04 -9.999997019767761230e-01 0.000000000000000000e+00 -9.999997019767761230e-01 7.731338846497237682e-04 0.000000000000000000e+00
-7.613881025463342667e-04 -9.999997019767761230e-01 0.000000000000000000e+00 -9.999997019767761230e-01 7.613881025463342667e-04 0.000000000000000000e+00
-7.774480036459863186e-04 -9.999997019767761230e-01 0.000000000000000000e+00 -9.999997019767761230e-01 7.774480036459863186e-04 0.000000000000000000e+00
-8.111112401820719242e-04 -9.999997019767761230e-01 0.000000000000000000e+00 -9.999997019767761230e-01 8.111112401820719242e-04 0.000000000000000000e+00
-7.857969030737876892e-04 -9.999997019767761230e-01 0.000000000000000000e+00 -9.999997019767761230e-01 7.857969030737876892e-04 0.000000000000000000e+00
-7.959334761835634708e-04 -9.999997019767761230e-01 0.000000000000000000e+00 -9.999997019767761230e-01 7.959334761835634708e-04 0.000000000000000000e+00
-7.595155620947480202e-04 -9.999997019767761230e-01 0.000000000000000000e+00 -9.999997019767761230e-01 7.595155620947480202e-04 0.000000000000000000e+00
-7.631465559825301170e-04 -9.999997019767761230e-01 0.000000000000000000e+00 -9.999997019767761230e-01 7.631465559825301170e-04 0.000000000000000000e+00
-7.545533590018749237e-04 -9.999997019767761230e-01 0.000000000000000000e+00 -9.999997019767761230e-01 7.545533590018749237e-04 0.000000000000000000e+00
-7.586992578580975533e-04 -9.999997019767761230e-01 0.000000000000000000e+00 -9.999997019767761230e-01 7.586992578580975533e-04 0.000000000000000000e+00
-7.750107906758785248e-04 -9.999997019767761230e-01 0.000000000000000000e+00 -9.999997019767761230e-01 7.750107906758785248e-04 0.000000000000000000e+00
-7.614290807396173477e-04 -9.999997019767761230e-01 0.000000000000000000e+00 -9.999997019767761230e-01 7.614290807396173477e-04 0.000000000000000000e+00
-7.591586327180266380e-04 -9.999997019767761230e-01 0.000000000000000000e+00 -9.999997019767761230e-01 7.591586327180266380e-04 0.000000000000000000e+00
-7.479059277102351189e-04 -9.999997615814208984e-01 0.000000000000000000e+00 -9.999997615814208984e-01 7.479059277102351189e-04 0.000000000000000000e+00
-7.506503607146441936e-04 -9.999997615814208984e-01 0.000000000000000000e+00 -9.999997615814208984e-01 7.506503607146441936e-04 0.000000000000000000e+00
-7.396287401206791401e-04 -9.999997615814208984e-01 0.000000000000000000e+00 -9.999997615814208984e-01 7.396287401206791401e-04 0.000000000000000000e+00
-7.454248261637985706e-04 -9.999997615814208984e-01 0.000000000000000000e+00 -9.999997615814208984e-01 7.454248261637985706e-04 0.000000000000000000e+00
-7.245957385748624802e-04 -9.999997615814208984e-01 -0.000000000000000000e+00 -9.999997615814208984e-01 7.245957385748624802e-04 0.000000000000000000e+00
-7.275098469108343124e-04 -9.999997615814208984e-01 0.000000000000000000e+00 -9.999997615814208984e-01 7.275098469108343124e-04 0.000000000000000000e+00
-6.840743590146303177e-04 -9.999997615814208984e-01 -0.000000000000000000e+00 -9.999997615814208984e-01 6.840743590146303177e-04 0.000000000000000000e+00
-6.543055060319602489e-04 -9.999998211860656738e-01 0.000000000000000000e+00 -9.999998211860656738e-01 6.543055060319602489e-04 0.000000000000000000e+00
-6.280606612563133240e-04 -9.999998211860656738e-01 -0.000000000000000000e+00 -9.999998211860656738e-01 6.280606612563133240e-04 0.000000000000000000e+00
-6.215243483893573284e-04 -9.999998211860656738e-01 -0.000000000000000000e+00 -9.999998211860656738e-01 6.215243483893573284e-04 0.000000000000000000e+00
-5.905455909669399261e-04 -9.999998211860656738e-01 -0.000000000000000000e+00 -9.999998211860656738e-01 5.905455909669399261e-04 0.000000000000000000e+00
-5.916194058954715729e-04 -9.999998211860656738e-01 -0.000000000000000000e+00 -9.999998211860656738e-01 5.916194058954715729e-04 0.000000000000000000e+00
-5.604505422525107861e-04 -9.999998807907104492e-01 -0.000000000000000000e+00 -9.999998807907104492e-01 5.604505422525107861e-04 0.000000000000000000e+00
-5.490734474733471870e-04 -9.999998807907104492e-01 -0.000000000000000000e+00 -9.999998807907104492e-01 5.490734474733471870e-04 0.000000000000000000e+00
-5.036366055719554424e-04 -9.999998807907104492e-01 -0.000000000000000000e+00 -9.999998807907104492e-01 5.036366055719554424e-04 0.000000000000000000e+00
-4.703757003881037235e-04 -9.999998807907104492e-01 -0.000000000000000000e+00 -9.999998807907104492e-01 4.703757003881037235e-04 0.000000000000000000e+00
-4.762800235766917467e-04 -9.999998807907104492e-01 -0.000000000000000000e+00 -9.999998807907104492e-01 4.762800235766917467e-04 0.000000000000000000e+00
-4.191684711258858442e-04 -9.999999403953552246e-01 -0.000000000000000000e+00 -9.999999403953552246e-01 4.191684711258858442e-04 0.000000000000000000e+00
-4.093105962965637445e-04 -9.999999403953552246e-01 -0.000000000000000000e+00 -9.999999403953552246e-01 4.093105962965637445e-04 0.000000000000000000e+00
-3.501889586914330721e-04 -9.999999403953552246e-01 -0.000000000000000000e+00 -9.999999403953552246e-01 3.501889586914330721e-04 0.000000000000000000e+00
-3.359971742611378431e-04 -9.999999403953552246e-01 -0.000000000000000000e+00 -9.999999403953552246e-01 3.359971742611378431e-04 0.000000000000000000e+00
-3.113521379418671131e-04 -9.999999403953552246e-01 -0.000000000000000000e+00 -9.999999403953552246e-01 3.113521379418671131e-04 0.000000000000000000e+00
-3.018124552909284830e-04 -9.999999403953552246e-01 -0.000000000000000000e+00 -9.999999403953552246e-01 3.018124552909284830e-04 0.000000000000000000e+00
-2.815912885125726461e-04 -1.000000000000000000e+00 -0.000000000000000000e+00 -1.000000000000000000e+00 2.815912885125726461e-04 0.000000000000000000e+00
-2.807998389471322298e-04 -1.000000000000000000e+00 -0.000000000000000000e+00 -1.000000000000000000e+00 2.807998389471322298e-04 0.000000000000000000e+00
-2.677272132132202387e-04 -1.000000000000000000e+00 -0.000000000000000000e+00 -1.000000000000000000e+00 2.677272132132202387e-04 0.000000000000000000e+00
-2.470269100740551949e-04 -1.000000000000000000e+00 -0.000000000000000000e+00 -1.000000000000000000e+00 2.470269100740551949e-04 0.000000000000000000e+00
-2.366167609579861164e-04 -1.000000000000000000e+00 -0.000000000000000000e+00 -1.000000000000000000e+00 2.366167609579861164e-04 0.000000000000000000e+00
-2.155939000658690929e-04 -1.000000000000000000e+00 -0.000000000000000000e+00 -1.000000000000000000e+00 2.155939000658690929e-04 0.000000000000000000e+00
-2.205422206316143274e-04 -1.000000000000000000e+00 0.000000000000000000e+00 -1.000000000000000000e+00 2.205422206316143274e-04 0.000000000000000000e+00
-2.193440886912867427e-04 -1.000000000000000000e+00 -0.000000000000000000e+00 -1.000000000000000000e+00 2.193440886912867427e-04 0.000000000000000000e+00
-2.022425760515034199e-04 -1.000000000000000000e+00 -0.000000000000000000e+00 -1.000000000000000000e+00 2.022425760515034199e-04 0.000000000000000000e+00
-2.144630707334727049e-04 -1.000000000000000000e+00 0.000000000000000000e+00 -1.000000000000000000e+00 2.144630707334727049e-04 0.000000000000000000e+00
-2.218785957666113973e-04 -1.000000000000000000e+00 0.000000000000000000e+00 -1.000000000000000000e+00 2.218785957666113973e-04 0.000000000000000000e+00
-1.951466983882710338e-04 -1.000000000000000000e+00 -0.000000000000000000e+00 -1.000000000000000000e+00 1.951466983882710338e-04 0.000000000000000000e+00
-2.368983841734007001e-04 -1.000000000000000000e+00 0.000000000000000000e+00 -1.000000000000000000e+00 2.368983841734007001e-04 0.000000000000000000e+00
-2.316216268809512258e-04 -1.000000000000000000e+00 -0.000000000000000000e+00 -1.000000000000000000e+00 2.316216268809512258e-04 0.000000000000000000e+00
-3.746504080481827259e-04 -9.999999403953552246e-01 0.000000000000000000e+00 -9.999999403953552246e-01 3.746504080481827259e-04 0.000000000000000000e+00
-3.474957193247973919e-04 -9.999999403953552246e-01 -0.000000000000000000e+00 -9.999999403953552246e-01 3.474957193247973919e-04 0.000000000000000000e+00
-3.677937202155590057e-04 -9.999999403953552246e-01 0.000000000000000000e+00 -9.999999403953552246e-01 3.677937202155590057e-04 0.000000000000000000e+00
-3.488130751065909863e-04 -9.999999403953552246e-01 -0.000000000000000000e+00 -9.999999403953552246e-01 3.488130751065909863e-04 0.000000000000000000e+00
-3.535624418873339891e-04 -9.999999403953552246e-01 -0.000000000000000000e+00 -9.999999403953552246e-01 3.535624418873339891e-04 0.000000000000000000e+00
-3.571568231564015150e-04 -9.999999403953552246e-01 -0.000000000000000000e+00 -9.999999403953552246e-01 3.571568231564015150e-04 0.000000000000000000e+00
-3.368478792253881693e-04 -9.999999403953552246e-01 -0.000000000000000000e+00 -9.999999403953552246e-01 3.368478792253881693e-04 0.000000000000000000e+00
-3.289919986855238676e-04 -9.999999403953552246e-01 -0.000000000000000000e+00 -9.999999403953552246e-01 3.289919986855238676e-04 0.000000000000000000e+00
-3.130703407805413008e-04 -9.999999403953552246e-01 -0.000000000000000000e+00 -9.999999403953552246e-01 3.130703407805413008e-04 0.000000000000000000e+00
-3.298521914985030890e-04 -9.999999403953552246e-01 -0.000000000000000000e+00 -9.999999403953552246e-01 3.298521914985030890e-04 0.000000000000000000e+00
-3.584976075217127800e-04 -9.999999403953552246e-01 -0.000000000000000000e+00 -9.999999403953552246e-01 3.584976075217127800e-04 0.000000000000000000e+00
-3.592180728446692228e-04 -9.999999403953552246e-01 -0.000000000000000000e+00 -9.999999403953552246e-01 3.592180728446692228e-04 0.000000000000000000e+00
-3.626778780017048120e-04 -9.999999403953552246e-01 -0.000000000000000000e+00 -9.999999403953552246e-01 3.626778780017048120e-04 0.000000000000000000e+00
-3.492739051580429077e-04 -9.999999403953552246e-01 -0.000000000000000000e+00 -9.999999403953552246e-01 3.492739051580429077e-04 0.000000000000000000e+00
5.924373865127563477e-02 -9.982433915138244629e-01 6.030236836522817612e-04 -6.367030553519725800e-03 -9.819426340982317924e-04 -9.999792575836181641e-01
6.413947325199842453e-03 -8.294576546177268028e-04 -9.999790787696838379e-01 5.320099717209814116e-06 9.999996423721313477e-01 -8.294405997730791569e-04
-5.923660844564437866e-02 -9.982438683509826660e-01 5.116985412314534187e-04 -6.433067843317985535e-03 -1.308446226175874472e-04 -9.999793171882629395e-01
-1.182781234383583069e-01 -9.929801821708679199e-01 8.429166628047823906e-04 6.269468460232019424e-03 -1.595641253516077995e-03 -9.999790787696838379e-01
-1.768855750560760498e-01 -9.842311143875122070e-01 8.148862980306148529e-04 -6.457135546952486038e-03 3.325488651171326637e-04 -9.999790787696838379e-01
-2.348901927471160889e-01 -9.720216989517211914e-01 6.916395504958927631e-04 6.071956362575292587e-03 -2.178828231990337372e-03 -9.999791979789733887e-01
-2.920532226562500000e-01 -9.564020037651062012e-01 5.309676053002476692e-04 -6.289648357778787613e-03 1.365487696602940559e-03 -9.999793171882629395e-01
-3.482046723365783691e-01 -9.374184608459472656e-01 4.211252671666443348e-04 5.866055376827716827e-03 -2.628179499879479408e-03 -9.999793767929077148e-01
-4.031226933002471924e-01 -9.151459932327270508e-01 1.321360905421897769e-04 -5.922949872910976410e-03 2.464680466800928116e-03 -9.999794363975524902e-01
-4.566284716129302979e-01 -8.896574974060058594e-01 -1.386269286740571260e-04 5.769734270870685577e-03 -2.805575262755155563e-03 -9.999794363975524902e-01
-5.085323452949523926e-01 -8.610429167747497559e-01 -1.765011111274361610e-04 -5.432965699583292007e-03 3.413693048059940338e-03 -9.999794363975524902e-01
-5.586450099945068359e-01 -8.294067978858947754e-01 -2.793275052681565285e-04 5.475873593240976334e-03 -3.351488849148154259e-03 -9.999794363975524902e-01
-6.068022847175598145e-01 -7.948527336120605469e-01 -4.598390951287001371e-04 -4.819255787879228592e-03 4.257600288838148117e-03 -9.999793171882629395e-01
-6.528201103210449219e-01 -7.575128674507141113e-01 -4.311094526201486588e-04 5.140197928994894028e-03 -3.860691096633672714e-03 -9.999793767929077148e-01
-6.965538263320922852e-01 -7.175043225288391113e-01 -6.155123119242489338e-04 -4.173349123448133469e-03 4.909324925392866135e-03 -9.999792575836181641e-01
-7.378299236297607422e-01 -6.749863624572753906e-01 -7.120438385754823685e-04 4.854769911617040634e-03 -4.251886624842882156e-03 -9.999791979789733887e-01
-7.765275239944458008e-01 -6.300826668739318848e-01 -9.613176807761192322e-04 -3.294957801699638367e-03 5.586446728557348251e-03 -9.999789595603942871e-01
-8.124819397926330566e-01 -5.829852819442749023e-01 -1.178038073703646660e-03 4.696371499449014664e-03 -4.524477291852235794e-03 -9.999787807464599609e-01
-8.455997109413146973e-01 -5.338158011436462402e-01 -1.351078972220420837e-03 -2.281500492244958878e-03 6.144977640360593796e-03 -9.999785423278808594e-01
-8.757300376892089844e-01 -4.827992916107177734e-01 -1.339286100119352341e-03 4.269560799002647400e-03 -4.970440641045570374e-03 -9.999785423278808594e-01
-9.028010964393615723e-01 -4.300557971000671387e-01 -1.510663307271897793e-03 -1.394616207107901573e-03 6.440307013690471649e-03 -9.999783039093017578e-01
-9.266838431358337402e-01 -3.758376240730285645e-01 -1.775751239620149136e-03 4.056150093674659729e-03 -5.276364274322986603e-03 -9.999778866767883301e-01
-9.473285675048828125e-01 -3.202572464942932129e-01 -1.964378636330366135e-03 -1.933195162564516068e-04 6.705459207296371460e-03 -9.999775290489196777e-01
-9.646293520927429199e-01 -2.636003494262695312e-01 -2.276167739182710648e-03 3.886356018483638763e-03 -5.587161984294652939e-03 -9.999768733978271484e-01
-9.785569310188293457e-01 -2.059638351202011108e-01 -2.309473464265465736e-03 9.388438193127512932e-04 6.752192974090576172e-03 -9.999767541885375977e-01
-9.890346527099609375e-01 -1.476620882749557495e-01 -2.538737840950489044e-03 3.457992337644100189e-03 -5.969011224806308746e-03 -9.999762177467346191e-01
-9.960483312606811523e-01 -8.877995610237121582e-02 -2.411374822258949280e-03 1.832366338931024075e-03 6.602762266993522644e-03 -9.999765753746032715e-01
-9.995568990707397461e-01 -2.965018339455127716e-02 -2.640345366671681404e-03 2.829310018569231033e-03 -6.332987919449806213e-03 -9.999759793281555176e-01
-9.995563030242919922e-01 2.965135872364044189e-02 -2.826233627274632454e-03 3.015120280906558037e-03 6.327476352453231812e-03 -9.999754428863525391e-01
-9.960473775863647461e-01 8.877678215503692627e-02 -2.891534008085727692e-03 2.310639014467597008e-03 -6.645390763878822327e-03 -9.999752640724182129e-01
-9.890325069427490234e-01 1.476654261350631714e-01 -3.103647381067276001e-03 4.016720689833164215e-03 5.885592196136713028e-03 -9.999746084213256836e-01
-9.785554409027099609e-01 2.059568166732788086e-01 -3.330310573801398277e-03 1.937814988195896149e-03 -6.962449755519628525e-03 -9.999738931655883789e-01
-9.646243453025817871e-01 2.636063992977142334e-01 -3.393315011635422707e-03 4.964013118296861649e-03 5.292670801281929016e-03 -9.999737143516540527e-01
-9.473275542259216309e-01 3.202455341815948486e-01 -3.645157907158136368e-03 1.398969674482941628e-03 -7.243745028972625732e-03 -9.999728202819824219e-01
-9.266746044158935547e-01 3.758468925952911377e-01 -3.652628045529127121e-03 5.795455537736415863e-03 4.570937715470790863e-03 -9.999727606773376465e-01
-9.028019309043884277e-01 4.300404787063598633e-01 -3.725030459463596344e-03 6.045668851584196091e-04 -7.392615079879760742e-03 -9.999725222587585449e-01
-8.757189512252807617e-01 4.828087389469146729e-01 -3.470891620963811874e-03 6.136304698884487152e-03 3.941268194466829300e-03 -9.999734163284301758e-01
-8.456025719642639160e-01 5.338026285171508789e-01 -3.326099133118987083e-03 -6.113813724368810654e-04 -7.199286017566919327e-03 -9.999738931655883789e-01
-8.124717473983764648e-01 5.829927325248718262e-01 -3.039269242435693741e-03 6.208612583577632904e-03 3.439375199377536774e-03 -9.999748468399047852e-01
-7.765323519706726074e-01 6.300709843635559082e-01 -2.842964837327599525e-03 -1.833769376389682293e-03 -6.772056687623262405e-03 -9.999754428863525391e-01
-7.378193140029907227e-01 6.749932169914245605e-01 -2.619003411382436752e-03 6.261803209781646729e-03 2.964679617434740067e-03 -9.999760389328002930e-01
-6.965606808662414551e-01 7.174931764602661133e-01 -2.595319412648677826e-03 -2.794269472360610962e-03 -6.329866126179695129e-03 -9.999760985374450684e-01
-6.528090834617614746e-01 7.575189471244812012e-01 -2.342165913432836533e-03 6.387789733707904816e-03 2.413003472611308098e-03 -9.999766945838928223e-01
-6.068102717399597168e-01 7.948432564735412598e-01 -2.345057902857661247e-03 -3.675268031656742096e-03 -5.756095517426729202e-03 -9.999766945838928223e-01
-5.586326718330383301e-01 8.294118642807006836e-01 -2.321525709703564644e-03 6.616749800741672516e-03 1.657633227296173573e-03 -9.999767541885375977e-01
-5.085430741310119629e-01 8.610333800315856934e-01 -2.369378227740526199e-03 -4.317780490964651108e-03 -5.301885306835174561e-03 -9.999766349792480469e-01
-4.566146433353424072e-01 8.896614909172058105e-01 -2.342594321817159653e-03 6.776135414838790894e-03 8.447517175227403641e-04 -9.999766945838928223e-01
-4.031368196010589600e-01 9.151363372802734375e-01 -2.486364915966987610e-03 -4.867331124842166901e-03 -4.861032124608755112e-03 -9.999763965606689453e-01
-3.481855094432830811e-01 9.374221563339233398e-01 -2.579382853582501411e-03 6.910840515047311783e-03 -1.846197992563247681e-04 -9.999760985374450684e-01
-2.920722365379333496e-01 9.563924074172973633e-01 -2.744678175076842308e-03 -5.332932807505130768e-03 -4.498376511037349701e-03 -9.999756813049316406e-01
-2.348673492670059204e-01 9.720233678817749023e-01 -2.831870224326848984e-03 6.899573374539613724e-03 -1.246180268935859203e-03 -9.999754428863525391e-01
-1.769087612628936768e-01 9.842227697372436523e-01 -2.970535308122634888e-03 -5.787489935755729675e-03 -4.058348014950752258e-03 -9.999750256538391113e-01
-1.182531416416168213e-01 9.929789900779724121e-01 -3.001399338245391846e-03 6.724129430949687958e-03 -2.221773844212293625e-03 -9.999749064445495605e-01
-5.925881117582321167e-02 9.982381463050842285e-01 -2.996650757268071175e-03 -6.225201766937971115e-03 -3.371413564309477806e-03 -9.999749660491943359e-01
-6.413908209651708603e-03 3.606924321502447128e-03 9.999729394912719727e-01 2.313463119207881391e-05 9.999935030937194824e-01 -3.606850048527121544e-03
5.922252684831619263e-02 9.982412457466125488e-01 -2.678589429706335068e-03 -6.561414804309606552e-03 -2.293975558131933212e-03 -9.999758601188659668e-01
1.182876601815223694e-01 9.929765462875366211e-01 -2.386610954999923706e-03 6.086871959269046783e-03 -3.128530457615852356e-03 -9.999765753746032715e-01
1.768776774406433105e-01 9.842308163642883301e-01 -2.017529681324958801e-03 -6.669866386801004410e-03 -8.511557243764400482e-04 -9.999774098396301270e-01
2.348956614732742310e-01 9.720193147659301758e-01 -1.606513047590851784e-03 5.857054144144058228e-03 -3.068122779950499535e-03 -9.999781250953674316e-01
2.920477688312530518e-01 9.564027786254882812e-01 -1.379566499963402748e-03 -6.537486799061298370e-03 5.538685945793986320e-04 -9.999784827232360840e-01
3.482096791267395020e-01 9.374157786369323730e-01 -1.296944334171712399e-03 5.561082158237695694e-03 -3.449204377830028534e-03 -9.999786019325256348e-01
4.031160175800323486e-01 9.151481389999389648e-01 -1.216075732372701168e-03 -6.359916180372238159e-03 1.472695497795939445e-03 -9.999787211418151855e-01
4.566360414028167725e-01 8.896527290344238281e-01 -1.246803789399564266e-03 5.137088708579540253e-03 -4.038156475871801376e-03 -9.999786615371704102e-01
5.085235834121704102e-01 8.610470890998840332e-01 -1.329421764239668846e-03 -6.198785267770290375e-03 2.116998191922903061e-03 -9.999785423278808594e-01
5.586524009704589844e-01 8.294011354446411133e-01 -1.164602697826921940e-03 4.669207148253917694e-03 -4.549115430563688278e-03 -9.999787807464599609e-01
6.067943572998046875e-01 7.948582172393798828e-01 -1.042978256009519100e-03 -5.731181707233190536e-03 3.063052659854292870e-03 -9.999788999557495117e-01
6.528264880180358887e-01 7.575069665908813477e-01 -9.325713617727160454e-04 4.249936435371637344e-03 -4.893714096397161484e-03 -9.999790191650390625e-01
6.965469121932983398e-01 7.175107598304748535e-01 -8.547514444217085838e-04 -5.197483114898204803e-03 3.854378126561641693e-03 -9.999790787696838379e-01
7.378359436988830566e-01 6.749798655509948730e-01 -6.661326624453067780e-04 3.837884636595845222e-03 -5.182151682674884796e-03 -9.999791979789733887e-01
7.765211462974548340e-01 6.300908923149108887e-01 -6.691227317787706852e-04 -4.561061039566993713e-03 4.559105727821588516e-03 -9.999791979789733887e-01
8.124890923500061035e-01 5.829760432243347168e-01 -6.440370925702154636e-04 3.215930191799998283e-03 -5.586734041571617126e-03 -9.999792575836181641e-01
8.455927968025207520e-01 5.338279008865356445e-01 -8.147912449203431606e-04 -4.112990573048591614e-03 4.988764412701129913e-03 -9.999790787696838379e-01
8.757371306419372559e-01 4.827876091003417969e-01 -7.877892930991947651e-04 2.406769897788763046e-03 -5.997400730848312378e-03 -9.999791383743286133e-01
9.027950763702392578e-01 4.300700724124908447e-01 -9.019413264468312263e-04 -3.572757123038172722e-03 5.402713082730770111e-03 -9.999790191650390625e-01
9.266909956932067871e-01 3.758236169815063477e-01 -6.715775234624743462e-04 1.788192661479115486e-03 -6.196164991706609726e-03 -9.999791979789733887e-01
9.473245143890380859e-01 3.202745318412780762e-01 -7.879765471443533897e-04 -2.800755202770233154e-03 5.823954474180936813e-03 -9.999791383743286133e-01
9.646364450454711914e-01 2.635833024978637695e-01 -5.773762241005897522e-04 1.133673125877976418e-03 -6.339349318295717239e-03 -9.999792575836181641e-01
9.785549640655517578e-01 2.059841156005859375e-01 -8.474019123241305351e-04 -2.150403335690498352e-03 6.101944483816623688e-03 -9.999790787696838379e-01
9.890405535697937012e-01 1.476435512304306030e-01 -4.591047472786158323e-04 4.929475253447890282e-04 -6.411660928279161453e-03 -9.999793171882629395e-01
9.960493445396423340e-01 8.879949152469635010e-02 -6.074590492062270641e-04 -1.174606382846832275e-03 6.334714591503143311e-03 -9.999792575836181641e-01
9.995607733726501465e-01 2.962950244545936584e-02 -6.004138267599046230e-04 -4.100920341443270445e-04 -6.429045926779508591e-03 -9.999792575836181641e-01
9.995607733726501465e-01 -2.962898463010787964e-02 -6.813115323893725872e-04 -4.909558920189738274e-04 6.431443151086568832e-03 -9.999791979789733887e-01
9.960494637489318848e-01 -8.879910409450531006e-02 -5.456433282233774662e-04 -1.113033620640635490e-03 -6.340203806757926941e-03 -9.999793171882629395e-01
9.890405535697937012e-01 -1.476430743932723999e-01 -5.303942016325891018e-04 4.224379081279039383e-04 6.422186736017465591e-03 -9.999793171882629395e-01
9.785557389259338379e-01 -2.059817165136337280e-01 -4.570244636852294207e-04 -1.768389600329101086e-03 -6.182357203215360641e-03 -9.999793767929077148e-01
9.646367430686950684e-01 -2.635819017887115479e-01 -8.007680298760533333e-04 9.181767818517982960e-04 6.398232653737068176e-03 -9.999791383743286133e-01
9.473242163658142090e-01 -3.202751278877258301e-01 -8.893839549273252487e-04 -2.896822988986968994e-03 -5.791475530713796616e-03 -9.999790191650390625e-01
9.266917705535888672e-01 -3.758204579353332520e-01 -1.172821386717259884e-03 1.323684584349393845e-03 6.384547799825668335e-03 -9.999787807464599609e-01
9.027929902076721191e-01 -4.300729632377624512e-01 -1.447457820177078247e-03 -4.065257031470537186e-03 -5.168097559362649918e-03 -9.999784231185913086e-01
8.757390379905700684e-01 -4.827816486358642578e-01 -1.745424349792301655e-03 1.568114501424133778e-03 6.459742318838834763e-03 -9.999779462814331055e-01
8.455893993377685547e-01 -5.338315963745117188e-01 -1.586686586961150169e-03 -4.765712656080722809e-03 -4.576694685965776443e-03 -9.999781847000122070e-01
8.124920129776000977e-01 -5.829698443412780762e-01 -1.694062375463545322e-03 2.362776314839720726e-03 6.198883056640625000e-03 -9.999780058860778809e-01
7.765164375305175781e-01 -6.300949454307556152e-01 -1.619463902898132801e-03 -5.299034528434276581e-03 -3.960289992392063141e-03 -9.999781250953674316e-01
7.378392219543457031e-01 -6.749746203422546387e-01 -1.615353277884423733e-03 3.137499094009399414e-03 5.822867620736360550e-03 -9.999781250953674316e-01
6.965433955192565918e-01 -7.175130844116210938e-01 -1.506523229181766510e-03 -5.651481449604034424e-03 -3.386714030057191849e-03 -9.999783039093017578e-01
6.528286933898925781e-01 -7.575041651725769043e-01 -1.475463272072374821e-03 3.895514179021120071e-03 5.304966121912002563e-03 -9.999783635139465332e-01
6.067931652069091797e-01 -7.948588132858276367e-01 -1.240298268385231495e-03 -5.850916728377342224e-03 -2.906207926571369171e-03 -9.999786615371704102e-01
5.586510896682739258e-01 -8.294022679328918457e-01 -8.942070417106151581e-04 4.820266738533973694e-03 4.324844107031822205e-03 -9.999790191650390625e-01
5.085286498069763184e-01 -8.610449433326721191e-01 -4.815410356968641281e-04 -5.767607130110263824e-03 -2.847078023478388786e-03 -9.999793171882629395e-01
4.566294848918914795e-01 -8.896569609642028809e-01 -3.651734368759207428e-05 5.689756479114294052e-03 2.961396705359220505e-03 -9.999794363975524902e-01
4.031248688697814941e-01 -9.151450395584106445e-01 2.399597142357379198e-04 -5.772945936769247055e-03 -2.805209252983331680e-03 -9.999794363975524902e-01
3.481987416744232178e-01 -9.374206066131591797e-01 5.576229887083172798e-04 6.206864491105079651e-03 1.710662967525422573e-03 -9.999793171882629395e-01
2.920604944229125977e-01 -9.563996195793151855e-01 6.607886753045022488e-04 -5.941580981016159058e-03 -2.505308249965310097e-03 -9.999792575836181641e-01
2.348816394805908203e-01 -9.720237851142883301e-01 6.845401367172598839e-04 6.395208649337291718e-03 8.411225280724465847e-04 -9.999791979789733887e-01
1.768947988748550415e-01 -9.842296242713928223e-01 6.410396890714764595e-04 -6.199591793119907379e-03 -1.765545224770903587e-03 -9.999792575836181641e-01
1.182674989104270935e-01 -9.929814338684082031e-01 8.245384669862687588e-04 6.466687191277742386e-03 -6.014440441504120827e-05 -9.999790787696838379e-01
-1.053645275533199310e-03 -9.999994635581970215e-01 0.000000000000000000e+00 -9.999994635581970215e-01 1.053645275533199310e-03 0.000000000000000000e+00
-1.052787294611334801e-03 -9.999994635581970215e-01 0.000000000000000000e+00 -9.999994635581970215e-01 1.052787294611334801e-03 0.000000000000000000e+00
-1.096303341910243034e-03 -9.999994039535522461e-01 0.000000000000000000e+00 -9.999994039535522461e-01 1.096303341910243034e-03 0.000000000000000000e+00
-1.079432899132370949e-03 -9.999994039535522461e-01 0.000000000000000000e+00 -9.999994039535522461e-01 1.079432899132370949e-03 0.000000000000000000e+00
-1.129367505200207233e-03 -9.999994039535522461e-01 0.000000000000000000e+00 -9.999994039535522461e-01 1.129367505200207233e-03 0.000000000000000000e+00
-1.090584788471460342e-03 -9.999994039535522461e-01 0.000000000000000000e+00 -9.999994039535522461e-01 1.090584788471460342e-03 0.000000000000000000e+00
-1.145531190559267998e-03 -9.999993443489074707e-01 0.000000000000000000e+00 -9.999993443489074707e-01 1.145531190559267998e-03 0.000000000000000000e+00
-1.099593355320394039e-03 -9.999994039535522461e-01 0.000000000000000000e+00 -9.999994039535522461e-01 1.099593355320394039e-03 0.000000000000000000e+00
-1.133759156800806522e-03 -9.999993443489074707e-01 0.000000000000000000e+00 -9.999993443489074707e-01 1.133759156800806522e-03 0.000000000000000000e+00
-1.090651261620223522e-03 -9.999994039535522461e-01 0.000000000000000000e+00 -9.999994039535522461e-01 1.090651261620223522e-03 0.000000000000000000e+00
-1.119741587899625301e-03 -9.999994039535522461e-01 0.000000000000000000e+00 -9.999994039535522461e-01 1.119741587899625301e-03 0.000000000000000000e+00
-1.088525634258985519e-03 -9.999994039535522461e-01 0.000000000000000000e+00 -9.999994039535522461e-01 1.088525634258985519e-03 0.000000000000000000e+00
-1.120742177590727806e-03 -9.999994039535522461e-01 0.000000000000000000e+00 -9.999994039535522461e-01 1.120742177590727806e-03 0.000000000000000000e+00
-1.122536486946046352e-03 -9.999994039535522461e-01 0.000000000000000000e+00 -9.999994039535522461e-01 1.122536486946046352e-03 0.000000000000000000e+00
-1.121587702073156834e-03 -9.999994039535522461e-01 0.000000000000000000e+00 -9.999994039535522461e-01 1.121587702073156834e-03 0.000000000000000000e+00
-1.125035807490348816e-03 -9.999994039535522461e-01 0.000000000000000000e+00 -9.999994039535522461e-01 1.125035807490348816e-03 0.000000000000000000e+00
-1.114598591811954975e-03 -9.999994039535522461e-01 0.000000000000000000e+00 -9.999994039535522461e-01 1.114598591811954975e-03 0.000000000000000000e+00
-1.151579665020108223e-03 -9.999993443489074707e-01 0.000000000000000000e+00 -9.999993443489074707e-01 1.151579665020108223e-03 0.000000000000000000e+00
-1.149473828263580799e-03 -9.999993443489074707e-01 0.000000000000000000e+00 -9.999993443489074707e-01 1.149473828263580799e-03 0.000000000000000000e+00
-1.172800897620618343e-03 -9.999993443489074707e-01 0.000000000000000000e+00 -9.999993443489074707e-01 1.172800897620618343e-03 0.000000000000000000e+00
-1.165673369541764259e-03 -9.999993443489074707e-01 0.000000000000000000e+00 -9.999993443489074707e-01 1.165673369541764259e-03 0.000000000000000000e+00
-1.176239456981420517e-03 -9.999993443489074707e-01 0.000000000000000000e+00 -9.999993443489074707e-01 1.176239456981420517e-03 0.000000000000000000e+00
-1.157592982053756714e-03 -9.999993443489074707e-01 0.000000000000000000e+00 -9.999993443489074707e-01 1.157592982053756714e-03 0.000000000000000000e+00
-1.183521701022982597e-03 -9.999992847442626953e-01 0.000000000000000000e+00 -9.999992847442626953e-01 1.183521701022982597e-03 0.000000000000000000e+00
-1.192679628729820251e-03 -9.999992847442626953e-01 0.000000000000000000e+00 -9.999992847442626953e-01 1.192679628729820251e-03 0.000000000000000000e+00
-1.182793290354311466e-03 -9.999993443489074707e-01 0.000000000000000000e+00 -9.999993443489074707e-01 1.182793290354311466e-03 0.000000000000000000e+00
-1.188633148558437824e-03 -9.999992847442626953e-01 0.000000000000000000e+00 -9.999992847442626953e-01 1.188633148558437824e-03 0.000000000000000000e+00
-1.191857503727078438e-03 -9.999992847442626953e-01 0.000000000000000000e+00 -9.999992847442626953e-01 1.191857503727078438e-03 0.000000000000000000e+00
-1.200424274429678917e-03 -9.999992847442626953e-01 0.000000000000000000e+00 -9.999992847442626953e-01 1.200424274429678917e-03 0.000000000000000000e+00
-1.163683133199810982e-03 -9.999993443489074707e-01 0.000000000000000000e+00 -9.999993443489074707e-01 1.163683133199810982e-03 0.000000000000000000e+00
-1.172462245449423790e-03 -9.999993443489074707e-01 0.000000000000000000e+00 -9.999993443489074707e-01 1.172462245449423790e-03 0.000000000000000000e+00
-1.155650243163108826e-03 -9.999993443489074707e-01 0.000000000000000000e+00 -9.999993443489074707e-01 1.155650243163108826e-03 0.000000000000000000e+00
-1.168772578239440918e-03 -9.999993443489074707e-01 0.000000000000000000e+00 -9.999993443489074707e-01 1.168772578239440918e-03 0.000000000000000000e+00
-1.145833986811339855e-03 -9.999993443489074707e-01 0.000000000000000000e+00 -9.999993443489074707e-01 1.145833986811339855e-03 0.000000000000000000e+00
-1.189042814075946808e-03 -9.999992847442626953e-01 0.000000000000000000e+00 -9.999992847442626953e-01 1.189042814075946808e-03 0.000000000000000000e+00
-1.162764383479952812e-03 -9.999993443489074707e-01 0.000000000000000000e+00 -9.999993443489074707e-01 1.162764383479952812e-03 0.000000000000000000e+00
-1.165890600532293320e-03 -9.999993443489074707e-01 0.000000000000000000e+00 -9.999993443489074707e-01 1.165890600532293320e-03 0.000000000000000000e+00
-1.156984362751245499e-03 -9.999993443489074707e-01 0.000000000000000000e+00 -9.999993443489074707e-01 1.156984362751245499e-03 0.000000000000000000e+00
-1.156554324552416801e-03 -9.999993443489074707e-01 0.000000000000000000e+00 -9.999993443489074707e-01 1.156554324552416801e-03 0.000000000000000000e+00
-1.157866558060050011e-03 -9.999993443489074707e-01 0.000000000000000000e+00 -9.999993443489074707e-01 1.157866558060050011e-03 0.000000000000000000e+00
-1.157824066467583179e-03 -9.999993443489074707e-01 0.000000000000000000e+00 -9.999993443489074707e-01 1.157824066467583179e-03 0.000000000000000000e+00
-1.171302050352096558e-03 -9.999993443489074707e-01 0.000000000000000000e+00 -9.999993443489074707e-01 1.171302050352096558e-03 0.000000000000000000e+00
-1.169708906672894955e-03 -9.999993443489074707e-01 0.000000000000000000e+00 -9.999993443489074707e-01 1.169708906672894955e-03 0.000000000000000000e+00
-1.181257306598126888e-03 -9.999993443489074707e-01 0.000000000000000000e+00 -9.999993443489074707e-01 1.181257306598126888e-03 0.000000000000000000e+00
-1.188229420222342014e-03 -9.999992847442626953e-01 0.000000000000000000e+00 -9.999992847442626953e-01 1.188229420222342014e-03 0.000000000000000000e+00
-1.197277568280696869e-03 -9.999992847442626953e-01 0.000000000000000000e+00 -9.999992847442626953e-01 1.197277568280696869e-03 0.000000000000000000e+00
-1.220735488459467888e-03 -9.999992847442626953e-01 0.000000000000000000e+00 -9.999992847442626953e-01 1.220735488459467888e-03 0.000000000000000000e+00
-1.258385018445551395e-03 -9.999992251396179199e-01 0.000000000000000000e+00 -9.999992251396179199e-01 1.258385018445551395e-03 0.000000000000000000e+00
-1.255001290701329708e-03 -9.999992251396179199e-01 0.000000000000000000e+00 -9.999992251396179199e-01 1.255001290701329708e-03 0.000000000000000000e+00
-1.305283280089497566e-03 -9.999991655349731445e-01 0.000000000000000000e+00 -9.999991655349731445e-01 1.305283280089497566e-03 0.000000000000000000e+00
-1.309341401793062687e-03 -9.999991655349731445e-01 0.000000000000000000e+00 -9.999991655349731445e-01 1.309341401793062687e-03 0.000000000000000000e+00
-1.328403130173683167e-03 -9.999991059303283691e-01 0.000000000000000000e+00 -9.999991059303283691e-01 1.328403130173683167e-03 0.000000000000000000e+00
-1.353610656224191189e-03 -9.999991059303283691e-01 -0.000000000000000000e+00 -9.999991059303283691e-01 1.353610656224191189e-03 0.000000000000000000e+00
-1.355503569357097149e-03 -9.999991059303283691e-01 0.000000000000000000e+00 -9.999991059303283691e-01 1.355503569357097149e-03 0.000000000000000000e+00
-1.386982738040387630e-03 -9.999990463256835938e-01 -0.000000000000000000e+00 -9.999990463256835938e-01 1.386982738040387630e-03 0.000000000000000000e+00
-1.418808475136756897e-03 -9.999989867210388184e-01 0.000000000000000000e+00 -9.999989867210388184e-01 1.418808475136756897e-03 0.000000000000000000e+00
-1.442537060938775539e-03 -9.999989867210388184e-01 -0.000000000000000000e+00 -9.999989867210388184e-01 1.442537060938775539e-03 0.000000000000000000e+00
-1.453980104997754097e-03 -9.999989867210388184e-01 0.000000000000000000e+00 -9.999989867210388184e-01 1.453980104997754097e-03 0.000000000000000000e+00
-1.500842976383864880e-03 -9.999988675117492676e-01 -0.000000000000000000e+00 -9.999988675117492676e-01 1.500842976383864880e-03 0.000000000000000000e+00
-1.513865892775356770e-03 -9.999988675117492676e-01 0.000000000000000000e+00 -9.999988675117492676e-01 1.513865892775356770e-03 0.000000000000000000e+00
-1.513222116045653820e-03 -9.999988675117492676e-01 -0.000000000000000000e+00 -9.999988675117492676e-01 1.513222116045653820e-03 0.000000000000000000e+00
-1.530105830170214176e-03 -9.999988675117492676e-01 0.000000000000000000e+00 -9.999988675117492676e-01 1.530105830170214176e-03 0.000000000000000000e+00
-1.537158386781811714e-03 -9.999988079071044922e-01 -0.000000000000000000e+00 -9.999988079071044922e-01 1.537158386781811714e-03 0.000000000000000000e+00
-1.520127174444496632e-03 -9.999988675117492676e-01 -0.000000000000000000e+00 -9.999988675117492676e-01 1.520127174444496632e-03 0.000000000000000000e+00
-1.487874309532344341e-03 -9.999989271163940430e-01 -0.000000000000000000e+00 -9.999989271163940430e-01 1.487874309532344341e-03 0.000000000000000000e+00
-1.455020043067634106e-03 -9.999989271163940430e-01 -0.000000000000000000e+00 -9.999989271163940430e-01 1.455020043067634106e-03 0.000000000000000000e+00
-1.459266990423202515e-03 -9.999989271163940430e-01 -0.000000000000000000e+00 -9.999989271163940430e-01 1.459266990423202515e-03 0.000000000000000000e+00
-1.459101680666208267e-03 -9.999989271163940430e-01 -0.000000000000000000e+00 -9.999989271163940430e-01 1.459101680666208267e-03 0.000000000000000000e+00
-1.457806909456849098e-03 -9.999989271163940430e-01 -0.000000000000000000e+00 -9.999989271163940430e-01 1.457806909456849098e-03 0.000000000000000000e+00
-1.470212358981370926e-03 -9.999989271163940430e-01 -0.000000000000000000e+00 -9.999989271163940430e-01 1.470212358981370926e-03 0.000000000000000000e+00
-1.462416606955230236e-03 -9.999989271163940430e-01 -0.000000000000000000e+00 -9.999989271163940430e-01 1.462416606955230236e-03 0.000000000000000000e+00
-1.459916471503674984e-03 -9.999989271163940430e-01 -0.000000000000000000e+00 -9.999989271163940430e-01 1.459916471503674984e-03 0.000000000000000000e+00
-1.471648924052715302e-03 -9.999989271163940430e-01 -0.000000000000000000e+00 -9.999989271163940430e-01 1.471648924052715302e-03 0.000000000000000000e+00
-1.473506912589073181e-03 -9.999989271163940430e-01 -0.000000000000000000e+00 -9.999989271163940430e-01 1.473506912589073181e-03 0.000000000000000000e+00
-1.455666730180382729e-03 -9.999989271163940430e-01 -0.000000000000000000e+00 -9.999989271163940430e-01 1.455666730180382729e-03 0.000000000000000000e+00
-1.438961597159504890e-03 -9.999989867210388184e-01 -0.000000000000000000e+00 -9.999989867210388184e-01 1.438961597159504890e-03 0.000000000000000000e+00
-1.448812312446534634e-03 -9.999989867210388184e-01 -0.000000000000000000e+00 -9.999989867210388184e-01 1.448812312446534634e-03 0.000000000000000000e+00
-1.426736009307205677e-03 -9.999989867210388184e-01 -0.000000000000000000e+00 -9.999989867210388184e-01 1.426736009307205677e-03 0.000000000000000000e+00
-1.439088955521583557e-03 -9.999989867210388184e-01 -0.000000000000000000e+00 -9.999989867210388184e-01 1.439088955521583557e-03 0.000000000000000000e+00
-1.417084480635821819e-03 -9.999989867210388184e-01 -0.000000000000000000e+00 -9.999989867210388184e-01 1.417084480635821819e-03 0.000000000000000000e+00
-1.440403400920331478e-03 -9.999989867210388184e-01 -0.000000000000000000e+00 -9.999989867210388184e-01 1.440403400920331478e-03 0.000000000000000000e+00
-1.416133483871817589e-03 -9.999989867210388184e-01 -0.000000000000000000e+00 -9.999989867210388184e-01 1.416133483871817589e-03 0.000000000000000000e+00
-1.471257652156054974e-03 -9.999989271163940430e-01 -0.000000000000000000e+00 -9.999989271163940430e-01 1.471257652156054974e-03 0.000000000000000000e+00
-1.441515167243778706e-03 -9.999989867210388184e-01 -0.000000000000000000e+00 -9.999989867210388184e-01 1.441515167243778706e-03 0.000000000000000000e+00
-1.461897278204560280e-03 -9.999989271163940430e-01 -0.000000000000000000e+00 -9.999989271163940430e-01 1.461897278204560280e-03 0.000000000000000000e+00
-1.449501374736428261e-03 -9.999989867210388184e-01 -0.000000000000000000e+00 -9.999989867210388184e-01 1.449501374736428261e-03 0.000000000000000000e+00
-1.466040150262415409e-03 -9.999989271163940430e-01 -0.000000000000000000e+00 -9.999989271163940430e-01 1.466040150262415409e-03 0.000000000000000000e+00
-1.435765880160033703e-03 -9.999989867210388184e-01 -0.000000000000000000e+00 -9.999989867210388184e-01 1.435765880160033703e-03 0.000000000000000000e+00
-1.423310604877769947e-03 -9.999989867210388184e-01 -0.000000000000000000e+00 -9.999989867210388184e-01 1.423310604877769947e-03 0.000000000000000000e+00
-1.426066737622022629e-03 -9.999989867210388184e-01 0.000000000000000000e+00 -9.999989867210388184e-01 1.426066737622022629e-03 0.000000000000000000e+00
-1.392048085108399391e-03 -9.999990463256835938e-01 -0.000000000000000000e+00 -9.999990463256835938e-01 1.392048085108399391e-03 0.000000000000000000e+00
-1.397399348206818104e-03 -9.999990463256835938e-01 0.000000000000000000e+00 -9.999990463256835938e-01 1.397399348206818104e-03 0.000000000000000000e+00
-1.338932546786963940e-03 -9.999991059303283691e-01 -0.000000000000000000e+00 -9.999991059303283691e-01 1.338932546786963940e-03 0.000000000000000000e+00
-1.346112578175961971e-03 -9.999991059303283691e-01 0.000000000000000000e+00 -9.999991059303283691e-01 1.346112578175961971e-03 0.000000000000000000e+00
-1.307801692746579647e-03 -9.999991655349731445e-01 -0.000000000000000000e+00 -9.999991655349731445e-01 1.307801692746579647e-03 0.000000000000000000e+00
-1.302644144743680954e-03 -9.999991655349731445e-01 0.000000000000000000e+00 -9.999991655349731445e-01 1.302644144743680954e-03 0.000000000000000000e+00
-1.251147245056927204e-03 -9.999992251396179199e-01 -0.000000000000000000e+00 -9.999992251396179199e-01 1.251147245056927204e-03 0.000000000000000000e+00
-1.241846708580851555e-03 -9.999992251396179199e-01 0.000000000000000000e+00 -9.999992251396179199e-01 1.241846708580851555e-03 0.000000000000000000e+00
-1.198250451125204563e-03 -9.999992847442626953e-01 -0.000000000000000000e+00 -9.999992847442626953e-01 1.198250451125204563e-03 0.000000000000000000e+00
-1.187765621580183506e-03 -9.999992847442626953e-01 -0.000000000000000000e+00 -9.999992847442626953e-01 1.187765621580183506e-03 0.000000000000000000e+00
-1.196772907860577106e-03 -9.999992847442626953e-01 0.000000000000000000e+00 -9.999992847442626953e-01 1.196772907860577106e-03 0.000000000000000000e+00
-1.152695855125784874e-03 -9.999993443489074707e-01 -0.000000000000000000e+00 -9.999993443489074707e-01 1.152695855125784874e-03 0.000000000000000000e+00
-1.198001671582460403e-03 -9.999992847442626953e-01 0.000000000000000000e+00 -9.999992847442626953e-01 1.198001671582460403e-03 0.000000000000000000e+00
-1.136277569457888603e-03 -9.999993443489074707e-01 -0.000000000000000000e+00 -9.999993443489074707e-01 1.136277569457888603e-03 0.000000000000000000e+00
-1.149325980804860592e-03 -9.999993443489074707e-01 0.000000000000000000e+00 -9.999993443489074707e-01 1.149325980804860592e-03 0.000000000000000000e+00
-1.093625440262258053e-03 -9.999994039535522461e-01 -0.000000000000000000e+00 -9.999994039535522461e-01 1.093625440262258053e-03 0.000000000000000000e+00
-1.092961290851235390e-03 -9.999994039535522461e-01 0.000000000000000000e+00 -9.999994039535522461e-01 1.092961290851235390e-03 0.000000000000000000e+00
-1.052011968567967415e-03 -9.999994635581970215e-01 -0.000000000000000000e+00 -9.999994635581970215e-01 1.052011968567967415e-03 0.000000000000000000e+00
-1.076722284778952599e-03 -9.999994635581970215e-01 0.000000000000000000e+00 -9.999994635581970215e-01 1.076722284778952599e-03 0.000000000000000000e+00
-1.054086373187601566e-03 -9.999994635581970215e-01 -0.000000000000000000e+00 -9.999994635581970215e-01 1.054086373187601566e-03 0.000000000000000000e+00
-1.088463468477129936e-03 -9.999994039535522461e-01 0.000000000000000000e+00 -9.999994039535522461e-01 1.088463468477129936e-03 0.000000000000000000e+00
8.480630069971084595e-02 -9.963966608047485352e-01 -1.257621333934366703e-03 -1.066542972694151103e-04 1.253090682439506054e-03 -9.999992251396179199e-01
8.480630069971084595e-02 -9.963966608047485352e-01 -1.254620961844921112e-03 -1.063998497556895018e-04 1.250101136974990368e-03 -9.999992251396179199e-01
-8.480625599622726440e-02 -9.963961243629455566e-01 -1.638440648093819618e-03 1.389501994708552957e-04 1.632538042031228542e-03 -9.999986886978149414e-01
-8.480625599622726440e-02 -9.963961243629455566e-01 -1.637770677916705608e-03 1.388933887938037515e-04 1.631870516575872898e-03 -9.999986886978149414e-01
-2.519773542881011963e-01 -9.677316546440124512e-01 -1.710879849269986153e-03 4.311036027502268553e-04 1.655674888752400875e-03 -9.999985694885253906e-01
-2.519773542881011963e-01 -9.677316546440124512e-01 -1.712311990559101105e-03 4.314644611440598965e-04 1.657060813158750534e-03 -9.999985694885253906e-01
-4.119003415107727051e-01 -9.112263321876525879e-01 -2.171341096982359886e-03 8.943783468566834927e-04 1.978588057681918144e-03 -9.999976754188537598e-01
-4.119003415107727051e-01 -9.112263321876525879e-01 -2.181546529754996300e-03 8.985819295048713684e-04 1.987887313589453697e-03 -9.999976158142089844e-01
-5.599724650382995605e-01 -8.285061120986938477e-01 -2.922504674643278122e-03 1.636529224924743176e-03 2.421323675662279129e-03 -9.999957680702209473e-01
-5.599724650382995605e-01 -8.285061717033386230e-01 -2.919079968705773354e-03 1.634611398912966251e-03 2.418485935777425766e-03 -9.999957680702209473e-01
-6.919346451759338379e-01 -7.219517827033996582e-01 -3.484860993921756744e-03 2.411310328170657158e-03 2.515916712582111359e-03 -9.999939203262329102e-01
-6.919345855712890625e-01 -7.219517230987548828e-01 -3.491506678983569145e-03 2.415908966213464737e-03 2.520714653655886650e-03 -9.999939203262329102e-01
-8.039898872375488281e-01 -5.946276187896728516e-01 -4.281369969248771667e-03 3.442209213972091675e-03 2.545843832194805145e-03 -9.999908208847045898e-01
-8.039897680282592773e-01 -5.946275591850280762e-01 -4.303336609154939651e-03 3.459870582446455956e-03 2.558906096965074539e-03 -9.999907612800598145e-01
-8.929151892662048340e-01 -4.501984119415283203e-01 -4.881304223090410233e-03 4.358642734587192535e-03 2.197581576183438301e-03 -9.999880790710449219e-01
-8.929152488708496094e-01 -4.501984417438507080e-01 -4.879000596702098846e-03 4.356585908681154251e-03 2.196544548496603966e-03 -9.999881386756896973e-01
-9.561563134193420410e-01 -2.928195893764495850e-01 -4.678448662161827087e-03 4.473377019166946411e-03 1.369956298731267452e-03 -9.999890923500061035e-01
-9.561563730239868164e-01 -2.928195893764495850e-01 -4.655202850699424744e-03 4.451150540262460709e-03 1.363149494864046574e-03 -9.999892115592956543e-01
-9.918947815895080566e-01 -1.270171254873275757e-01 -3.379253204911947250e-03 3.351883031427860260e-03 4.292255325708538294e-04 -9.999943375587463379e-01
-9.918951392173767090e-01 -1.270171701908111572e-01 -3.276277566328644753e-03 3.249741159379482269e-03 4.161457472946494818e-04 -9.999946355819702148e-01
-9.990948438644409180e-01 4.244095087051391602e-02 -2.877600491046905518e-03 2.875007688999176025e-03 -1.221286074724048376e-04 -9.999958872795104980e-01
-9.990950226783752441e-01 4.244095832109451294e-02 -2.808745717629790306e-03 2.806214848533272743e-03 -1.192063282360322773e-04 -9.999960660934448242e-01
-9.775503873825073242e-01 2.106783092021942139e-01 -3.141173394396901131e-03 3.070670645684003830e-03 -6.617804174311459064e-04 -9.999951124191284180e-01
-9.775505661964416504e-01 2.106783539056777954e-01 -3.087016288191080093e-03 3.017728915438055992e-03 -6.503706099465489388e-04 -9.999952316284179688e-01
-9.278793931007385254e-01 3.728527426719665527e-01 -4.560140427201986313e-03 4.231303930282592773e-03 -1.700278487987816334e-03 -9.999896287918090820e-01
-9.278804063796997070e-01 3.728531599044799805e-01 -4.303520545363426208e-03 3.993189428001642227e-03 -1.604596152901649475e-03 -9.999907612800598145e-01
-8.515222668647766113e-01 5.243028998374938965e-01 -4.048752132803201675e-03 3.447630675509572029e-03 -2.122789621353149414e-03 -9.999918341636657715e-01
-8.515231609344482422e-01 5.243033766746520996e-01 -3.789215814322233200e-03 3.226628061383962631e-03 -1.986712915822863579e-03 -9.999928474426269531e-01
-7.506697177886962891e-01 6.606724858283996582e-01 -2.615730511024594307e-03 1.963556278496980667e-03 -1.728147151879966259e-03 -9.999966025352478027e-01
-7.506698966026306152e-01 6.606726646423339844e-01 -2.512416569516062737e-03 1.886001438833773136e-03 -1.659890171140432358e-03 -9.999968409538269043e-01
-6.282197237014770508e-01 7.780351042747497559e-01 -1.142020220868289471e-03 7.174400961957871914e-04 -8.885324350558221340e-04 -9.999993443489074707e-01
-6.282197833061218262e-01 7.780351638793945312e-01 -1.114505692385137081e-03 7.001549238339066505e-04 -8.671251707710325718e-04 -9.999994039535522461e-01
-4.876948297023773193e-01 8.730140924453735352e-01 -4.970330046489834785e-04 2.424004633212462068e-04 -4.339168663136661053e-04 -9.999998807907104492e-01
-4.876948297023773193e-01 8.730140924453735352e-01 -4.820746544282883406e-04 2.351053408347070217e-04 -4.208580357953906059e-04 -9.999998807907104492e-01
-3.331398367881774902e-01 9.428774118423461914e-01 -1.792447728803381324e-04 5.971357313683256507e-05 -1.690058415988460183e-04 -1.000000000000000000e+00
-3.331398367881774902e-01 9.428774118423461914e-01 -1.731575757730752230e-04 5.768568735220469534e-05 -1.632663625059649348e-04 -1.000000000000000000e+00
-1.690003722906112671e-01 9.856160283088684082e-01 -9.711801249068230391e-05 1.641297967580612749e-05 -9.572107228450477123e-05 -1.000000000000000000e+00
-1.690003722906112671e-01 9.856160283088684082e-01 -9.580870391800999641e-05 1.619170689082238823e-05 -9.443059389013797045e-05 -1.000000000000000000e+00
0.000000000000000000e+00 7.140159141272306442e-04 9.999997615814208984e-01 0.000000000000000000e+00 9.999997615814208984e-01 -7.140159141272306442e-04
0.000000000000000000e+00 7.123803370632231236e-04 9.999997615814208984e-01 0.000000000000000000e+00 9.999997615814208984e-01 -7.123803370632231236e-04
1.690003573894500732e-01 9.856159687042236328e-01 2.514339284971356392e-04 4.249243283993564546e-05 2.478173410054296255e-04 -1.000000000000000000e+00
1.690003573894500732e-01 9.856159687042236328e-01 2.650917449500411749e-04 4.480060670175589621e-05 2.612787066027522087e-04 -1.000000000000000000e+00
3.331398367881774902e-01 9.428774118423461914e-01 3.158667241223156452e-04 1.052277875714935362e-04 2.978236007038503885e-04 -1.000000000000000000e+00
3.331398367881774902e-01 9.428774118423461914e-01 2.971867215819656849e-04 9.900473378365859389e-05 2.802106610033661127e-04 -1.000000000000000000e+00
4.876948595046997070e-01 8.730141520500183105e-01 3.042160242330282927e-04 1.483646192355081439e-04 2.655849384609609842e-04 -1.000000000000000000e+00
4.876948595046997070e-01 8.730141520500183105e-01 3.021445299964398146e-04 1.473543525207787752e-04 2.637764846440404654e-04 -1.000000000000000000e+00
6.282201409339904785e-01 7.780356407165527344e-01 2.839780354406684637e-04 1.784007035894319415e-04 2.209450030932202935e-04 -9.999999403953552246e-01
6.282201409339904785e-01 7.780356407165527344e-01 2.708263928070664406e-04 1.701385917840525508e-04 2.107125765178352594e-04 -1.000000000000000000e+00
7.506722211837768555e-01 6.606746912002563477e-01 3.305075806565582752e-04 2.481028786860406399e-04 2.183580072596669197e-04 -9.999999403953552246e-01
7.506722211837768555e-01 6.606746912002563477e-01 3.256009658798575401e-04 2.444196143187582493e-04 2.151163353119045496e-04 -9.999999403953552246e-01
8.515292406082153320e-01 5.243071317672729492e-01 2.762713702395558357e-04 2.352531446376815438e-04 1.448510447517037392e-04 -1.000000000000000000e+00
8.515292406082153320e-01 5.243071317672729492e-01 2.828077122103422880e-04 2.408190193818882108e-04 1.482780935475602746e-04 -1.000000000000000000e+00
9.278889894485473633e-01 3.728566169738769531e-01 9.441600559512153268e-05 8.760757191339507699e-05 3.520363316056318581e-05 -1.000000000000000000e+00
9.278889894485473633e-01 3.728566169738769531e-01 7.718282722635194659e-05 7.161709800129756331e-05 2.877812767110299319e-05 -1.000000000000000000e+00
9.775552153587341309e-01 2.106793522834777832e-01 -1.082040107576176524e-04 -1.057753979694098234e-04 -2.279635009472258389e-05 -1.000000000000000000e+00
9.775552153587341309e-01 2.106793522834777832e-01 -1.209957626997493207e-04 -1.182800406240858138e-04 -2.549130840634461492e-05 -1.000000000000000000e+00
9.990988969802856445e-01 4.244112223386764526e-02 -3.601331263780593872e-04 -3.598086186684668064e-04 -1.528445500298403203e-05 -9.999999403953552246e-01
9.990988969802856445e-01 4.244112223386764526e-02 -3.698352084029465914e-04 -3.695019695442169905e-04 -1.569622327224351466e-05 -9.999999403953552246e-01
9.919002652168273926e-01 -1.270178258419036865e-01 -6.321802502498030663e-04 -6.270598969422280788e-04 8.029818127397447824e-05 -9.999998211860656738e-01
9.919002652168273926e-01 -1.270178258419036865e-01 -6.349656614474952221e-04 -6.298227235674858093e-04 8.065197471296414733e-05 -9.999998211860656738e-01
9.561664462089538574e-01 -2.928226888179779053e-01 -7.907898398116230965e-04 -7.561269449070096016e-04 2.315612800884991884e-04 -9.999997019767761230e-01
9.561664462089538574e-01 -2.928226888179779053e-01 -7.985696429386734962e-04 -7.635657093487679958e-04 2.338393824175000191e-04 -9.999997019767761230e-01
8.929254412651062012e-01 -4.502035677433013916e-01 -9.916630806401371956e-04 -8.854815969243645668e-04 4.464504600036889315e-04 -9.999995231628417969e-01
8.929254412651062012e-01 -4.502035677433013916e-01 -9.789970936253666878e-04 -8.741718484088778496e-04 4.407481756061315536e-04 -9.999995231628417969e-01
8.039966821670532227e-01 -5.946326851844787598e-01 -1.175572397187352180e-03 -9.451569058001041412e-04 6.990341935306787491e-04 -9.999993443489074707e-01
8.039966225624084473e-01 -5.946326255798339844e-01 -1.191418617963790894e-03 -9.578973404131829739e-04 7.084569078870117664e-04 -9.999993443489074707e-01
6.919382214546203613e-01 -7.219555377960205078e-01 -1.299191615544259548e-03 -8.989610942080616951e-04 9.379593539051711559e-04 -9.999991655349731445e-01
6.919382214546203613e-01 -7.219555377960205078e-01 -1.293348730541765690e-03 -8.949181647039949894e-04 9.337410447187721729e-04 -9.999991655349731445e-01
5.599743127822875977e-01 -8.285089135169982910e-01 -1.379378489218652248e-03 -7.724172901362180710e-04 1.142828492447733879e-03 -9.999990463256835938e-01
5.599743127822875977e-01 -8.285088539123535156e-01 -1.344685326330363750e-03 -7.529900176450610161e-04 1.114084967412054539e-03 -9.999991059303283691e-01
4.119009077548980713e-01 -9.112275838851928711e-01 -1.432258519344031811e-03 -5.899491952732205391e-04 1.305114710703492165e-03 -9.999989867210388184e-01
4.119009375572204590e-01 -9.112275838851928711e-01 -1.396384905092418194e-03 -5.751727730967104435e-04 1.272425637580454350e-03 -9.999990463256835938e-01
2.519775032997131348e-01 -9.677321910858154297e-01 -1.340425573289394379e-03 -3.377573448233306408e-04 1.297174021601676941e-03 -9.999991059303283691e-01
2.519775032997131348e-01 -9.677321910858154297e-01 -1.312248175963759422e-03 -3.306572907604277134e-04 1.269905944354832172e-03 -9.999991655349731445e-01
2.817960921674966812e-04 1.000000000000000000e+00 -0.000000000000000000e+00 -1.000000000000000000e+00 2.817960921674966812e-04 0.000000000000000000e+00
2.822495880536735058e-04 1.000000000000000000e+00 -0.000000000000000000e+00 -1.000000000000000000e+00 2.822495880536735058e-04 0.000000000000000000e+00
2.930949558503925800e-04 1.000000000000000000e+00 -0.000000000000000000e+00 -1.000000000000000000e+00 2.930949558503925800e-04 0.000000000000000000e+00
2.921937848441302776e-04 1.000000000000000000e+00 -0.000000000000000000e+00 -1.000000000000000000e+00 2.921937848441302776e-04 0.000000000000000000e+00
2.750959247350692749e-04 1.000000000000000000e+00 0.000000000000000000e+00 -1.000000000000000000e+00 2.750959247350692749e-04 -0.000000000000000000e+00
2.771462022792547941e-04 1.000000000000000000e+00 0.000000000000000000e+00 -1.000000000000000000e+00 2.771462022792547941e-04 0.000000000000000000e+00
2.866917639039456844e-04 1.000000000000000000e+00 0.000000000000000000e+00 -1.000000000000000000e+00 2.866917639039456844e-04 -0.000000000000000000e+00
2.840307133737951517e-04 1.000000000000000000e+00 0.000000000000000000e+00 -1.000000000000000000e+00 2.840307133737951517e-04 0.000000000000000000e+00
2.637239231262356043e-04 1.000000000000000000e+00 0.000000000000000000e+00 -1.000000000000000000e+00 2.637239231262356043e-04 -0.000000000000000000e+00
2.599203435238450766e-04 1.000000000000000000e+00 0.000000000000000000e+00 -1.000000000000000000e+00 2.599203435238450766e-04 -0.000000000000000000e+00
2.664478961378335953e-04 1.000000000000000000e+00 0.000000000000000000e+00 -1.000000000000000000e+00 2.664478961378335953e-04 0.000000000000000000e+00
2.803536481224000454e-04 1.000000000000000000e+00 0.000000000000000000e+00 -1.000000000000000000e+00 2.803536481224000454e-04 -0.000000000000000000e+00
2.937547105830162764e-04 1.000000000000000000e+00 0.000000000000000000e+00 -1.000000000000000000e+00 2.937547105830162764e-04 -0.000000000000000000e+00
2.765946846920996904e-04 1.000000000000000000e+00 -0.000000000000000000e+00 -1.000000000000000000e+00 2.765946846920996904e-04 0.000000000000000000e+00
2.713281719479709864e-04 1.000000000000000000e+00 -0.000000000000000000e+00 -1.000000000000000000e+00 2.713281719479709864e-04 0.000000000000000000e+00
2.757659531198441982e-04 1.000000000000000000e+00 0.000000000000000000e+00 -1.000000000000000000e+00 2.757659531198441982e-04 -0.000000000000000000e+00
2.938417601399123669e-04 1.000000000000000000e+00 -0.000000000000000000e+00 -1.000000000000000000e+00 2.938417601399123669e-04 0.000000000000000000e+00
3.247846325393766165e-04 9.999999403953552246e-01 0.000000000000000000e+00 -9.999999403953552246e-01 3.247846325393766165e-04 -0.000000000000000000e+00
3.318146918900310993e-04 9.999999403953552246e-01 -0.000000000000000000e+00 -9.999999403953552246e-01 3.318146918900310993e-04 0.000000000000000000e+00
3.527037042658776045e-04 9.999999403953552246e-01 0.000000000000000000e+00 -9.999999403953552246e-01 3.527037042658776045e-04 -0.000000000000000000e+00
3.598069015424698591e-04 9.999999403953552246e-01 -0.000000000000000000e+00 -9.999999403953552246e-01 3.598069015424698591e-04 0.000000000000000000e+00
3.676218038890510798e-04 9.999999403953552246e-01 -0.000000000000000000e+00 -9.999999403953552246e-01 3.676218038890510798e-04 0.000000000000000000e+00
3.524586791172623634e-04 9.999999403953552246e-01 -0.000000000000000000e+00 -9.999999403953552246e-01 3.524586791172623634e-04 0.000000000000000000e+00
3.566543164197355509e-04 9.999999403953552246e-01 -0.000000000000000000e+00 -9.999999403953552246e-01 3.566543164197355509e-04 0.000000000000000000e+00
3.447008202783763409e-04 9.999999403953552246e-01 -0.000000000000000000e+00 -9.999999403953552246e-01 3.447008202783763409e-04 0.000000000000000000e+00
3.368142351973801851e-04 9.999999403953552246e-01 -0.000000000000000000e+00 -9.999999403953552246e-01 3.368142351973801851e-04 0.000000000000000000e+00
3.152808058075606823e-04 9.999999403953552246e-01 0.000000000000000000e+00 -9.999999403953552246e-01 3.152808058075606823e-04 0.000000000000000000e+00
2.889760944526642561e-04 1.000000000000000000e+00 -0.000000000000000000e+00 -1.000000000000000000e+00 2.889760944526642561e-04 0.000000000000000000e+00
3.105211944784969091e-04 9.999999403953552246e-01 -0.000000000000000000e+00 -9.999999403953552246e-01 3.105211944784969091e-04 0.000000000000000000e+00
2.936259843409061432e-04 1.000000000000000000e+00 0.000000000000000000e+00 -1.000000000000000000e+00 2.936259843409061432e-04 0.000000000000000000e+00
2.845434646587818861e-04 1.000000000000000000e+00 -0.000000000000000000e+00 -1.000000000000000000e+00 2.845434646587818861e-04 0.000000000000000000e+00
2.878906088881194592e-04 1.000000000000000000e+00 0.000000000000000000e+00 -1.000000000000000000e+00 2.878906088881194592e-04 0.000000000000000000e+00
2.866156864911317825e-04 1.000000000000000000e+00 0.000000000000000000e+00 -1.000000000000000000e+00 2.866156864911317825e-04 0.000000000000000000e+00
2.701337216421961784e-04 1.000000000000000000e+00 0.000000000000000000e+00 -1.000000000000000000e+00 2.701337216421961784e-04 0.000000000000000000e+00
2.786471741273999214e-04 1.000000000000000000e+00 0.000000000000000000e+00 -1.000000000000000000e+00 2.786471741273999214e-04 0.000000000000000000e+00
1.104342227336019278e-04 1.000000000000000000e+00 -0.000000000000000000e+00 -1.000000000000000000e+00 1.104342227336019278e-04 0.000000000000000000e+00
8.905002323444932699e-05 1.000000000000000000e+00 -0.000000000000000000e+00 -1.000000000000000000e+00 8.905002323444932699e-05 0.000000000000000000e+00
8.808157144812867045e-05 1.000000000000000000e+00 -0.000000000000000000e+00 -1.000000000000000000e+00 8.808157144812867045e-05 0.000000000000000000e+00
1.100238805520348251e-04 1.000000000000000000e+00 0.000000000000000000e+00 -1.000000000000000000e+00 1.100238805520348251e-04 0.000000000000000000e+00
9.207898983731865883e-05 1.000000000000000000e+00 0.000000000000000000e+00 -1.000000000000000000e+00 9.207898983731865883e-05 -0.000000000000000000e+00
9.412853978574275970e-05 1.000000000000000000e+00 0.000000000000000000e+00 -1.000000000000000000e+00 9.412853978574275970e-05 0.000000000000000000e+00
1.380226603941991925e-04 1.000000000000000000e+00 0.000000000000000000e+00 -1.000000000000000000e+00 1.380226603941991925e-04 0.000000000000000000e+00
1.507003180449828506e-04 1.000000000000000000e+00 0.000000000000000000e+00 -1.000000000000000000e+00 1.507003180449828506e-04 -0.000000000000000000e+00
1.666592870606109500e-04 1.000000000000000000e+00 0.000000000000000000e+00 -1.000000000000000000e+00 1.666592870606109500e-04 0.000000000000000000e+00
1.682911679381504655e-04 1.000000000000000000e+00 0.000000000000000000e+00 -1.000000000000000000e+00 1.682911679381504655e-04 -0.000000000000000000e+00
1.562813413329422474e-04 1.000000000000000000e+00 0.000000000000000000e+00 -1.000000000000000000e+00 1.562813413329422474e-04 0.000000000000000000e+00
1.676145766396075487e-04 1.000000000000000000e+00 0.000000000000000000e+00 -1.000000000000000000e+00 1.676145766396075487e-04 -0.000000000000000000e+00
1.842194324126467109e-04 1.000000000000000000e+00 0.000000000000000000e+00 -1.000000000000000000e+00 1.842194324126467109e-04 0.000000000000000000e+00
1.919399801408872008e-04 1.000000000000000000e+00 0.000000000000000000e+00 -1.000000000000000000e+00 1.919399801408872008e-04 0.000000000000000000e+00
2.038393577095121145e-04 1.000000000000000000e+00 0.000000000000000000e+00 -1.000000000000000000e+00 2.038393577095121145e-04 -0.000000000000000000e+00
2.667207154445350170e-04 1.000000000000000000e+00 0.000000000000000000e+00 -1.000000000000000000e+00 2.667207154445350170e-04 0.000000000000000000e+00
3.810601774603128433e-04 9.999999403953552246e-01 0.000000000000000000e+00 -9.999999403953552246e-01 3.810601774603128433e-04 -0.000000000000000000e+00
3.817740944214165211e-04 9.999999403953552246e-01 -0.000000000000000000e+00 -9.999999403953552246e-01 3.817740944214165211e-04 0.000000000000000000e+00
3.995207371190190315e-04 9.999999403953552246e-01 0.000000000000000000e+00 -9.999999403953552246e-01 3.995207371190190315e-04 -0.000000000000000000e+00
4.067036788910627365e-04 9.999999403953552246e-01 -0.000000000000000000e+00 -9.999999403953552246e-01 4.067036788910627365e-04 0.000000000000000000e+00
3.974426654167473316e-04 9.999999403953552246e-01 0.000000000000000000e+00 -9.999999403953552246e-01 3.974426654167473316e-04 -0.000000000000000000e+00
3.912040556315332651e-04 9.999999403953552246e-01 0.000000000000000000e+00 -9.999999403953552246e-01 3.912040556315332651e-04 -0.000000000000000000e+00
3.886373597197234631e-04 9.999999403953552246e-01 -0.000000000000000000e+00 -9.999999403953552246e-01 3.886373597197234631e-04 0.000000000000000000e+00
3.512934490572661161e-04 9.999999403953552246e-01 0.000000000000000000e+00 -9.999999403953552246e-01 3.512934490572661161e-04 -0.000000000000000000e+00
3.613766166381537914e-04 9.999999403953552246e-01 -0.000000000000000000e+00 -9.999999403953552246e-01 3.613766166381537914e-04 0.000000000000000000e+00
2.839261142071336508e-04 1.000000000000000000e+00 0.000000000000000000e+00 -1.000000000000000000e+00 2.839261142071336508e-04 -0.000000000000000000e+00
2.833358303178101778e-04 1.000000000000000000e+00 0.000000000000000000e+00 -1.000000000000000000e+00 2.833358303178101778e-04 -0.000000000000000000e+00
2.825282863341271877e-04 1.000000000000000000e+00 -0.000000000000000000e+00 -1.000000000000000000e+00 2.825282863341271877e-04 0.000000000000000000e+00
2.406434505246579647e-04 1.000000000000000000e+00 0.000000000000000000e+00 -1.000000000000000000e+00 2.406434505246579647e-04 -0.000000000000000000e+00
2.383861719863489270e-04 1.000000000000000000e+00 -0.000000000000000000e+00 -1.000000000000000000e+00 2.383861719863489270e-04 0.000000000000000000e+00
2.207638463005423546e-04 1.000000000000000000e+00 0.000000000000000000e+00 -1.000000000000000000e+00 2.207638463005423546e-04 -0.000000000000000000e+00
2.328885166207328439e-04 1.000000000000000000e+00 -0.000000000000000000e+00 -1.000000000000000000e+00 2.328885166207328439e-04 0.000000000000000000e+00
2.330348070245236158e-04 1.000000000000000000e+00 -0.000000000000000000e+00 -1.000000000000000000e+00 2.330348070245236158e-04 0.000000000000000000e+00
2.667565713636577129e-04 1.000000000000000000e+00 -0.000000000000000000e+00 -1.000000000000000000e+00 2.667565713636577129e-04 0.000000000000000000e+00
2.395140763837844133e-04 1.000000000000000000e+00 -0.000000000000000000e+00 -1.000000000000000000e+00 2.395140763837844133e-04 0.000000000000000000e+00
2.651385730132460594e-04 1.000000000000000000e+00 -0.000000000000000000e+00 -1.000000000000000000e+00 2.651385730132460594e-04 0.000000000000000000e+00
2.472207706887274981e-04 1.000000000000000000e+00 -0.000000000000000000e+00 -1.000000000000000000e+00 2.472207706887274981e-04 0.000000000000000000e+00
2.752034633886069059e-04 1.000000000000000000e+00 -0.000000000000000000e+00 -1.000000000000000000e+00 2.752034633886069059e-04 0.000000000000000000e+00
2.682531194295734167e-04 1.000000000000000000e+00 -0.000000000000000000e+00 -1.000000000000000000e+00 2.682531194295734167e-04 0.000000000000000000e+00
2.511267375666648149e-04 1.000000000000000000e+00 -0.000000000000000000e+00 -1.000000000000000000e+00 2.511267375666648149e-04 0.000000000000000000e+00
2.558885607868432999e-04 1.000000000000000000e+00 -0.000000000000000000e+00 -1.000000000000000000e+00 2.558885607868432999e-04 0.000000000000000000e+00
2.255271101603284478e-04 1.000000000000000000e+00 -0.000000000000000000e+00 -1.000000000000000000e+00 2.255271101603284478e-04 0.000000000000000000e+00
2.323472435818985105e-04 1.000000000000000000e+00 -0.000000000000000000e+00 -1.000000000000000000e+00 2.323472435818985105e-04 0.000000000000000000e+00
2.103815204463899136e-04 1.000000000000000000e+00 -0.000000000000000000e+00 -1.000000000000000000e+00 2.103815204463899136e-04 0.000000000000000000e+00
1.915786415338516235e-04 1.000000000000000000e+00 -0.000000000000000000e+00 -1.000000000000000000e+00 1.915786415338516235e-04 0.000000000000000000e+00
1.731166121317073703e-04 1.000000000000000000e+00 -0.000000000000000000e+00 -1.000000000000000000e+00 1.731166121317073703e-04 0.000000000000000000e+00
1.611294574104249477e-04 1.000000000000000000e+00 -0.000000000000000000e+00 -1.000000000000000000e+00 1.611294574104249477e-04 0.000000000000000000e+00
1.527483982499688864e-04 1.000000000000000000e+00 -0.000000000000000000e+00 -1.000000000000000000e+00 1.527483982499688864e-04 0.000000000000000000e+00
1.538207143312320113e-04 1.000000000000000000e+00 -0.000000000000000000e+00 -1.000000000000000000e+00 1.538207143312320113e-04 0.000000000000000000e+00
1.551797759020701051e-04 1.000000000000000000e+00 -0.000000000000000000e+00 -1.000000000000000000e+00 1.551797759020701051e-04 0.000000000000000000e+00
1.262812875211238861e-04 1.000000000000000000e+00 -0.000000000000000000e+00 -1.000000000000000000e+00 1.262812875211238861e-04 0.000000000000000000e+00
1.308075588895007968e-04 1.000000000000000000e+00 -0.000000000000000000e+00 -1.000000000000000000e+00 1.308075588895007968e-04 0.000000000000000000e+00
1.403509086230769753e-04 1.000000000000000000e+00 -0.000000000000000000e+00 -1.000000000000000000e+00 1.403509086230769753e-04 0.000000000000000000e+00
1.269856875296682119e-04 1.000000000000000000e+00 -0.000000000000000000e+00 -1.000000000000000000e+00 1.269856875296682119e-04 0.000000000000000000e+00
1.227424945682287216e-04 1.000000000000000000e+00 -0.000000000000000000e+00 -1.000000000000000000e+00 1.227424945682287216e-04 0.000000000000000000e+00
1.200207261717878282e-04 1.000000000000000000e+00 0.000000000000000000e+00 -1.000000000000000000e+00 1.200207261717878282e-04 0.000000000000000000e+00
1.225135347340255976e-04 1.000000000000000000e+00 0.000000000000000000e+00 -1.000000000000000000e+00 1.225135347340255976e-04 0.000000000000000000e+00
1.266016624867916107e-04 1.000000000000000000e+00 0.000000000000000000e+00 -1.000000000000000000e+00 1.266016624867916107e-04 0.000000000000000000e+00
1.212751813000068069e-04 1.000000000000000000e+00 0.000000000000000000e+00 -1.000000000000000000e+00 1.212751813000068069e-04 0.000000000000000000e+00
1.519430661574006081e-04 1.000000000000000000e+00 0.000000000000000000e+00 -1.000000000000000000e+00 1.519430661574006081e-04 0.000000000000000000e+00
1.399807806592434645e-04 1.000000000000000000e+00 0.000000000000000000e+00 -1.000000000000000000e+00 1.399807806592434645e-04 0.000000000000000000e+00
1.149107556557282805e-04 1.000000000000000000e+00 0.000000000000000000e+00 -1.000000000000000000e+00 1.149107556557282805e-04 0.000000000000000000e+00
1.069042045855894685e-04 1.000000000000000000e+00 0.000000000000000000e+00 -1.000000000000000000e+00 1.069042045855894685e-04 0.000000000000000000e+00
1.034195302054286003e-04 1.000000000000000000e+00 0.000000000000000000e+00 -1.000000000000000000e+00 1.034195302054286003e-04 0.000000000000000000e+00
1.099185465136542916e-04 1.000000000000000000e+00 0.000000000000000000e+00 -1.000000000000000000e+00 1.099185465136542916e-04 0.000000000000000000e+00
1.070768266799859703e-04 1.000000000000000000e+00 0.000000000000000000e+00 -1.000000000000000000e+00 1.070768266799859703e-04 0.000000000000000000e+00
9.500043961452320218e-05 1.000000000000000000e+00 0.000000000000000000e+00 -1.000000000000000000e+00 9.500043961452320218e-05 0.000000000000000000e+00
1.200316983158700168e-04 1.000000000000000000e+00 0.000000000000000000e+00 -1.000000000000000000e+00 1.200316983158700168e-04 0.000000000000000000e+00
8.136823453241959214e-05 1.000000000000000000e+00 0.000000000000000000e+00 -1.000000000000000000e+00 8.136823453241959214e-05 0.000000000000000000e+00
9.036664414452388883e-05 1.000000000000000000e+00 0.000000000000000000e+00 -1.000000000000000000e+00 9.036664414452388883e-05 0.000000000000000000e+00
6.816247332608327270e-05 1.000000000000000000e+00 0.000000000000000000e+00 -1.000000000000000000e+00 6.816247332608327270e-05 0.000000000000000000e+00
9.392592619406059384e-05 1.000000000000000000e+00 0.000000000000000000e+00 -1.000000000000000000e+00 9.392592619406059384e-05 0.000000000000000000e+00
9.041638259077444673e-05 1.000000000000000000e+00 0.000000000000000000e+00 -1.000000000000000000e+00 9.041638259077444673e-05 0.000000000000000000e+00
7.878545875428244472e-05 1.000000000000000000e+00 0.000000000000000000e+00 -1.000000000000000000e+00 7.878545875428244472e-05 0.000000000000000000e+00
7.031296263448894024e-05 1.000000000000000000e+00 0.000000000000000000e+00 -1.000000000000000000e+00 7.031296263448894024e-05 0.000000000000000000e+00
8.364087989320978522e-05 1.000000000000000000e+00 0.000000000000000000e+00 -1.000000000000000000e+00 8.364087989320978522e-05 0.000000000000000000e+00
1.645945608615875244e-01 -9.863606691360473633e-01 -1.152746379375457764e-03 -1.897359034046530724e-04 1.137024490162730217e-03 -9.999993443489074707e-01
1.645945608615875244e-01 -9.863606691360473633e-01 -1.150064752437174320e-03 -1.892945292638614774e-04 1.134379417635500431e-03 -9.999993443489074707e-01
-1.645945906639099121e-01 -9.863609075546264648e-01 -8.829916478134691715e-04 1.453357253922149539e-04 8.709488902240991592e-04 -9.999996423721313477e-01
-1.645945906639099121e-01 -9.863609075546264648e-01 -8.822850650176405907e-04 1.452194264857098460e-04 8.702519116923213005e-04 -9.999996423721313477e-01
-4.759471118450164795e-01 -8.794729709625244141e-01 -1.312397420406341553e-03 6.246322882361710072e-04 1.154219033196568489e-03 -9.999991655349731445e-01
-4.759470820426940918e-01 -8.794729113578796387e-01 -1.325522665865719318e-03 6.308791926130652428e-04 1.165762310847640038e-03 -9.999991059303283691e-01
-7.357238531112670898e-01 -6.772814989089965820e-01 4.661317798309028149e-04 -3.429442876949906349e-04 -3.157024621032178402e-04 -9.999998807907104492e-01
-7.357238531112670898e-01 -6.772814989089965820e-01 4.752442764583975077e-04 -3.496485878713428974e-04 -3.218741912860423326e-04 -9.999998807907104492e-01
-9.157729744911193848e-01 -4.016962349414825439e-01 1.339835434919223189e-04 -1.226985041284933686e-04 -5.382068411563523114e-05 -1.000000000000000000e+00
-9.157729744911193848e-01 -4.016962349414825439e-01 9.474955004407092929e-05 -8.676907600602135062e-05 -3.806053791777230799e-05 -1.000000000000000000e+00
-9.965824484825134277e-01 -8.257851749658584595e-02 -2.073181327432394028e-03 2.066100249066948891e-03 1.712005760055035353e-04 -9.999978542327880859e-01
-9.965821504592895508e-01 -8.257849514484405518e-02 -2.190929371863603592e-03 2.183446427807211876e-03 1.809240784496068954e-04 -9.999976158142089844e-01
-9.693967103958129883e-01 2.454841583967208862e-01 -2.766040386632084846e-03 2.681400626897811890e-03 -6.790217012166976929e-04 -9.999961853027343750e-01
-9.693965315818786621e-01 2.454841136932373047e-01 -2.834883518517017365e-03 2.748137339949607849e-03 -6.959216552786529064e-04 -9.999960064888000488e-01
-8.371615409851074219e-01 5.469450354576110840e-01 -3.431824268773198128e-03 2.873008605092763901e-03 -1.877030357718467712e-03 -9.999941587448120117e-01
-8.371616005897521973e-01 5.469450354576110840e-01 -3.421009052544832230e-03 2.863954054191708565e-03 -1.871114945970475674e-03 -9.999941587448120117e-01
-6.142114996910095215e-01 7.891391515731811523e-01 -1.926251687109470367e-03 1.183128100819885731e-03 -1.520083402283489704e-03 -9.999981522560119629e-01
-6.142114996910095215e-01 7.891391515731811523e-01 -1.934111933223903179e-03 1.187955960631370544e-03 -1.526286243461072445e-03 -9.999981522560119629e-01
-3.246993124485015869e-01 9.458162784576416016e-01 -1.432488206773996353e-03 4.651283961720764637e-04 -1.354872016236186028e-03 -9.999989867210388184e-01
-3.246993124485015869e-01 9.458162784576416016e-01 -1.442466746084392071e-03 4.683684383053332567e-04 -1.364309922792017460e-03 -9.999989867210388184e-01
0.000000000000000000e+00 1.111379358917474747e-03 9.999994039535522461e-01 0.000000000000000000e+00 9.999994039535522461e-01 -1.111379358917474747e-03
0.000000000000000000e+00 1.105823204852640629e-03 9.999994039535522461e-01 0.000000000000000000e+00 9.999994039535522461e-01 -1.105823204852640629e-03
3.246996402740478516e-01 9.458172321319580078e-01 -2.303459623362869024e-04 -7.479324995074421167e-05 -2.178651775466278195e-04 -1.000000000000000000e+00
3.246996402740478516e-01 9.458172321319580078e-01 -2.380438381806015968e-04 -7.729274511802941561e-05 -2.251459663966670632e-04 -1.000000000000000000e+00
6.142126321792602539e-01 7.891405820846557617e-01 -3.983599162893369794e-05 -2.446776852593757212e-05 -3.143619687762111425e-05 -1.000000000000000000e+00
6.142126321792602539e-01 7.891405820846557617e-01 1.077804881788324565e-05 6.620013664360158145e-06 8.505395271640736610e-06 -1.000000000000000000e+00
8.371663689613342285e-01 5.469481945037841797e-01 2.383612591074779630e-04 1.995480852201581001e-04 1.303712924709543586e-04 -1.000000000000000000e+00
8.371664285659790039e-01 5.469481945037841797e-01 2.880917454604059458e-04 2.411807654425501823e-04 1.575712958583608270e-04 -1.000000000000000000e+00
9.694004058837890625e-01 2.454850971698760986e-01 2.071016642730683088e-04 2.007644361583516002e-04 5.084037184133194387e-05 -1.000000000000000000e+00
9.694004058837890625e-01 2.454850971698760986e-01 2.304469089722260833e-04 2.233953273389488459e-04 5.657128349412232637e-05 -1.000000000000000000e+00
9.965845346450805664e-01 -8.257868885993957520e-02 1.607593439985066652e-04 1.602102711331099272e-04 -1.327529571426566690e-05 -1.000000000000000000e+00
9.965845346450805664e-01 -8.257868885993957520e-02 1.673161459621042013e-04 1.667446776991710067e-04 -1.381674792355624959e-05 -1.000000000000000000e+00
9.157728552818298340e-01 -4.016961753368377686e-01 5.166668561287224293e-04 4.731495573651045561e-04 -2.075431257253512740e-04 -9.999998807907104492e-01
9.157728552818298340e-01 -4.016961753368377686e-01 5.350469145923852921e-04 4.899814957752823830e-04 -2.149263309547677636e-04 -9.999998807907104492e-01
7.357239127159118652e-01 -6.772815585136413574e-01 -1.938110508490353823e-04 -1.425914233550429344e-04 1.312646490987390280e-04 -1.000000000000000000e+00
7.357239127159118652e-01 -6.772815585136413574e-01 -1.483728119637817144e-04 -1.091614249162375927e-04 1.004901714622974396e-04 -1.000000000000000000e+00
4.759473502635955811e-01 -8.794734477996826172e-01 -7.942115771584212780e-04 -3.780030237976461649e-04 6.984882056713104248e-04 -9.999997019767761230e-01
4.759473502635955811e-01 -8.794734477996826172e-01 -7.828827947378158569e-04 -3.726111026480793953e-04 6.885248003527522087e-04 -9.999997019767761230e-01
6.156102195382118225e-02 9.981026053428649902e-01 -1.236385782249271870e-03 -7.611321780132129788e-05 -1.234040595591068268e-03 -9.999992251396179199e-01
6.156102195382118225e-02 9.981026053428649902e-01 -1.234393217600882053e-03 -7.599055970786139369e-05 -1.232051989063620567e-03 -9.999992847442626953e-01
-6.156104430556297302e-02 9.981029629707336426e-01 -8.781318319961428642e-04 5.405873162089847028e-05 -8.764662779867649078e-04 -9.999996423721313477e-01
-6.156104430556297302e-02 9.981029629707336426e-01 -8.734856382943689823e-04 5.377270645112730563e-05 -8.718289318494498730e-04 -9.999996423721313477e-01
-1.837497204542160034e-01 9.829729199409484863e-01 -5.486842710524797440e-04 1.008206018013879657e-04 -5.393419414758682251e-04 -9.999998807907104492e-01
-1.837497353553771973e-01 9.829729795455932617e-01 -4.978215438313782215e-04 9.147458331426605582e-05 -4.893451696261763573e-04 -9.999998807907104492e-01
-3.031524419784545898e-01 9.529420137405395508e-01 -4.818844900000840425e-04 1.460844505345448852e-04 -4.592079785652458668e-04 -9.999998807907104492e-01
-3.031524419784545898e-01 9.529420733451843262e-01 -3.375734959263354540e-04 1.023362201522104442e-04 -3.216879558749496937e-04 -9.999999403953552246e-01
-4.179601967334747314e-01 9.084653258323669434e-01 -2.493171195965260267e-04 1.042046278598718345e-04 -2.264959475724026561e-04 -1.000000000000000000e+00
-4.179601967334747314e-01 9.084653258323669434e-01 -2.416521238046698272e-05 1.010009691526647657e-05 -2.195325760112609714e-05 -1.000000000000000000e+00
-5.264325141906738281e-01 8.502169847488403320e-01 1.727947674226015806e-04 -9.096478606807067990e-05 1.469130511395633221e-04 -1.000000000000000000e+00
-5.264324545860290527e-01 8.502169251441955566e-01 3.911704116035252810e-04 -2.059248217847198248e-04 3.325797151774168015e-04 -9.999999403953552246e-01
-6.269236803054809570e-01 7.790805697441101074e-01 3.879505384247750044e-04 -2.432153996778652072e-04 3.022447635885328054e-04 -9.999999403953552246e-01
-6.269236803054809570e-01 7.790805101394653320e-01 5.227613728493452072e-04 -3.277315117884427309e-04 4.072732699569314718e-04 -9.999998807907104492e-01
-7.179117202758789062e-01 6.961341500282287598e-01 2.288435498485341668e-04 -1.642894640099257231e-04 1.593058113940060139e-04 -1.000000000000000000e+00
-7.179117202758789062e-01 6.961341500282287598e-01 2.219005400547757745e-04 -1.593049964867532253e-04 1.544725382700562477e-04 -1.000000000000000000e+00
-7.980173230171203613e-01 6.026344895362854004e-01 -1.001521086436696351e-04 7.992312021087855101e-05 -6.035511614754796028e-05 -1.000000000000000000e+00
-7.980173230171203613e-01 6.026344895362854004e-01 -3.743241904885508120e-05 2.987171865242999047e-05 -2.255806612083688378e-05 -1.000000000000000000e+00
-8.660253882408142090e-01 4.999999105930328369e-01 -3.321592230349779129e-04 2.876583603210747242e-04 -1.660796115174889565e-04 -1.000000000000000000e+00
-8.660253882408142090e-01 4.999999105930328369e-01 -3.396990941837430000e-04 2.941880957223474979e-04 -1.698495470918715000e-04 -1.000000000000000000e+00
-9.209053516387939453e-01 3.897858858108520508e-01 -6.338421371765434742e-04 5.837087519466876984e-04 -2.470627659931778908e-04 -9.999998211860656738e-01
-9.209052920341491699e-01 3.897858560085296631e-01 -6.490316009148955345e-04 5.976968677714467049e-04 -2.529834164306521416e-04 -9.999998211860656738e-01
-9.618250727653503418e-01 2.736626863479614258e-01 -1.135298050940036774e-03 1.091958838514983654e-03 -3.106889198534190655e-04 -9.999993443489074707e-01
-9.618249535560607910e-01 2.736626565456390381e-01 -1.265491824597120285e-03 1.217182609252631664e-03 -3.463181201368570328e-04 -9.999992251396179199e-01
-9.881632924079895020e-01 1.533914059400558472e-01 -2.093814080581068993e-03 2.069034380838274956e-03 -3.211737493984401226e-04 -9.999977946281433105e-01
-9.881632328033447266e-01 1.533913910388946533e-01 -2.112865447998046875e-03 2.087860601022839546e-03 -3.240960941184312105e-04 -9.999977946281433105e-01
-9.995221495628356934e-01 3.079482354223728180e-02 -2.680731937289237976e-03 2.679460449144244194e-03 -8.255296415882185102e-05 -9.999964237213134766e-01
-9.995219707489013672e-01 3.079481795430183411e-02 -2.753446344286203384e-03 2.752140397205948830e-03 -8.479219832224771380e-05 -9.999962449073791504e-01
-9.957300424575805664e-01 -9.226772934198379517e-02 -2.884637331590056419e-03 2.872332232072949409e-03 2.661600883584469557e-04 -9.999958872795104980e-01
-9.957301020622253418e-01 -9.226773679256439209e-02 -2.875603735446929932e-03 2.863337052986025810e-03 2.653265546541661024e-04 -9.999958872795104980e-01
-9.768441915512084961e-01 -2.139320224523544312e-01 -2.930938266217708588e-03 2.863082336261868477e-03 6.270242738537490368e-04 -9.999957084655761719e-01
-9.768442511558532715e-01 -2.139320373535156250e-01 -2.917236648499965668e-03 2.849697833880782127e-03 6.240930524654686451e-04 -9.999957680702209473e-01
-9.431500434875488281e-01 -3.323534727096557617e-01 -3.025635611265897751e-03 2.853641519322991371e-03 1.005585072562098503e-03 -9.999954104423522949e-01
-9.431502223014831543e-01 -3.323535323143005371e-01 -2.978228498250246048e-03 2.808929188176989555e-03 9.898290736600756645e-04 -9.999955892562866211e-01
-8.951593637466430664e-01 -4.457362294197082520e-01 -2.999739255756139755e-03 2.685256768018007278e-03 1.337098423391580582e-03 -9.999955296516418457e-01
-8.951595425605773926e-01 -4.457363188266754150e-01 -2.920591039583086967e-03 2.614406403154134750e-03 1.301819225773215294e-03 -9.999957680702209473e-01
-8.335990905761718750e-01 -5.523628592491149902e-01 -2.813901053741574287e-03 2.345674671232700348e-03 1.554300426505506039e-03 -9.999960660934448242e-01
-8.335990309715270996e-01 -5.523627996444702148e-01 -2.822922775521874428e-03 2.353195101022720337e-03 1.559283700771629810e-03 -9.999960064888000488e-01
-7.594026327133178711e-01 -6.506164669990539551e-01 -2.450617263093590736e-03 1.861010794527828693e-03 1.594416797161102295e-03 -9.999970197677612305e-01
-7.594025731086730957e-01 -6.506164073944091797e-01 -2.482383046299219131e-03 1.885133795440196991e-03 1.615084125660359859e-03 -9.999969005584716797e-01
-6.736941337585449219e-01 -7.390072941780090332e-01 -2.092718146741390228e-03 1.409855205565690994e-03 1.546537503600120544e-03 -9.999978542327880859e-01
-6.736942529678344727e-01 -7.390074133872985840e-01 -2.050968352705240250e-03 1.381728216074407101e-03 1.515683718025684357e-03 -9.999979138374328613e-01
-5.777729749679565430e-01 -8.161955475807189941e-01 -1.805514330044388771e-03 1.043179072439670563e-03 1.473655109293758869e-03 -9.999983906745910645e-01
-5.777729749679565430e-01 -8.161955475807189941e-01 -1.802194979973137379e-03 1.041261246427893639e-03 1.470945891924202442e-03 -9.999983906745910645e-01
-4.730927944183349609e-01 -8.810111284255981445e-01 -1.613926375284790993e-03 7.635379442945122719e-04 1.421888940967619419e-03 -9.999986886978149414e-01
-4.730928242206573486e-01 -8.810111284255981445e-01 -1.594528090208768845e-03 7.543607498519122601e-04 1.404798822477459908e-03 -9.999987483024597168e-01
-3.612414002418518066e-01 -9.324711561203002930e-01 -1.486403984017670155e-03 5.369513528421521187e-04 1.386030577123165131e-03 -9.999989271163940430e-01
-3.612414300441741943e-01 -9.324712157249450684e-01 -1.471555326133966446e-03 5.315873422659933567e-04 1.372184487991034985e-03 -9.999989271163940430e-01
-2.439133524894714355e-01 -9.697960019111633301e-01 -1.401724526658654213e-03 3.418996639084070921e-04 1.359388232231140137e-03 -9.999990463256835938e-01
-2.439133375883102417e-01 -9.697960019111633301e-01 -1.408404204994440079e-03 3.435289545450359583e-04 1.365866279229521751e-03 -9.999990463256835938e-01
-1.228881627321243286e-01 -9.924196600914001465e-01 -1.325293094851076603e-03 1.628629688639193773e-04 1.315248082391917706e-03 -9.999991655349731445e-01
-1.228881627321243286e-01 -9.924196600914001465e-01 -1.313498942181468010e-03 1.614136126590892673e-04 1.303543220274150372e-03 -9.999991655349731445e-01
0.000000000000000000e+00 9.427781915292143822e-04 -9.999995827674865723e-01 0.000000000000000000e+00 9.999995827674865723e-01 9.427781915292143822e-04
0.000000000000000000e+00 9.301744285039603710e-04 -9.999995827674865723e-01 0.000000000000000000e+00 9.999995827674865723e-01 9.301744285039603710e-04
1.228882148861885071e-01 -9.924200773239135742e-01 -9.362609125673770905e-04 -1.150554817286320031e-04 9.291645255871117115e-04 -9.999995827674865723e-01
1.228882223367691040e-01 -9.924201369285583496e-01 -9.180110646411776543e-04 -1.128127842093817890e-04 9.110529208555817604e-04 -9.999995827674865723e-01
2.439135164022445679e-01 -9.697966575622558594e-01 -8.398063946515321732e-04 -2.048401802312582731e-04 8.144416497088968754e-04 -9.999996423721313477e-01
2.439135164022445679e-01 -9.697966575622558594e-01 -8.211263921111822128e-04 -2.002838737098500133e-04 7.963257958181202412e-04 -9.999996423721313477e-01
3.612416982650756836e-01 -9.324718713760375977e-01 -8.287217933684587479e-04 -2.993689558934420347e-04 7.727600750513374805e-04 -9.999996423721313477e-01
3.612416982650756836e-01 -9.324718713760375977e-01 -8.233704138547182083e-04 -2.974358503706753254e-04 7.677701069042086601e-04 -9.999997019767761230e-01
4.730932414531707764e-01 -8.810119628906250000e-01 -8.464392158202826977e-04 -4.004448128398507833e-04 7.457233150489628315e-04 -9.999996423721313477e-01
4.730932414531707764e-01 -8.810119628906250000e-01 -8.790959254838526249e-04 -4.158944939263164997e-04 7.744943141005933285e-04 -9.999996423721313477e-01
5.777736902236938477e-01 -8.161965012550354004e-01 -9.365768637508153915e-04 -5.411296733655035496e-04 7.644310826435685158e-04 -9.999995827674865723e-01
5.777736902236938477e-01 -8.161965012550354004e-01 -9.183269576169550419e-04 -5.305853555910289288e-04 7.495355675928294659e-04 -9.999995827674865723e-01
6.736953854560852051e-01 -7.390086650848388672e-01 -8.748315158300101757e-04 -5.893701454624533653e-04 6.465082988142967224e-04 -9.999996423721313477e-01
6.736953854560852051e-01 -7.390086650848388672e-01 -8.759126067161560059e-04 -5.900984979234635830e-04 6.473071989603340626e-04 -9.999996423721313477e-01
7.594046592712402344e-01 -6.506182551383972168e-01 -7.846514345146715641e-04 -5.958681576885282993e-04 5.105086602270603180e-04 -9.999997019767761230e-01
7.594046592712402344e-01 -6.506182551383972168e-01 -7.862255442887544632e-04 -5.970635102130472660e-04 5.115328240208327770e-04 -9.999997019767761230e-01
8.336021900177001953e-01 -5.523648858070373535e-01 -7.184573332779109478e-04 -5.989077617414295673e-04 3.968506935052573681e-04 -9.999997615814208984e-01
8.336021304130554199e-01 -5.523648262023925781e-01 -7.338208961300551891e-04 -6.117149023339152336e-04 4.053370212204754353e-04 -9.999997615814208984e-01
8.951632380485534668e-01 -4.457381665706634521e-01 -6.205325480550527573e-04 -5.554779199883341789e-04 2.765950630418956280e-04 -9.999998211860656738e-01
8.951631784439086914e-01 -4.457381367683410645e-01 -6.225513061508536339e-04 -5.572850932367146015e-04 2.774949243757873774e-04 -9.999998211860656738e-01
9.431542754173278809e-01 -3.323549628257751465e-01 -5.282604834064841270e-04 -4.982312093488872051e-04 1.755700068315491080e-04 -9.999998807907104492e-01
9.431542754173278809e-01 -3.323549628257751465e-01 -5.310341366566717625e-04 -5.008471780456602573e-04 1.764918415574356914e-04 -9.999998807907104492e-01
9.768482446670532227e-01 -2.139329165220260620e-01 -4.477502079680562019e-04 -4.373840929474681616e-04 9.578852768754586577e-05 -9.999999403953552246e-01
9.768482446670532227e-01 -2.139329165220260620e-01 -4.386040673125535250e-04 -4.284496826585382223e-04 9.383186988998204470e-05 -9.999999403953552246e-01
9.957340955734252930e-01 -9.226810932159423828e-02 -4.635087680071592331e-04 -4.615315410774201155e-04 4.276708204997703433e-05 -9.999998807907104492e-01
9.957340955734252930e-01 -9.226810932159423828e-02 -4.668442124966531992e-04 -4.648527537938207388e-04 4.307483686716295779e-05 -9.999998807907104492e-01
9.995256066322326660e-01 3.079492971301078796e-02 -5.042159464210271835e-04 -5.039768293499946594e-04 -1.552729736431501806e-05 -9.999998807907104492e-01
9.995256066322326660e-01 3.079492971301078796e-02 -5.309990374371409416e-04 -5.307471728883683681e-04 -1.635207991057541221e-05 -9.999998807907104492e-01
9.881653785705566406e-01 1.533917337656021118e-01 -4.965941770933568478e-04 -4.907171241939067841e-04 -7.617343362653627992e-05 -9.999998807907104492e-01
9.881653189659118652e-01 1.533917188644409180e-01 -5.411751335486769676e-04 -5.347705446183681488e-04 -8.301179332192987204e-05 -9.999998807907104492e-01
9.618255496025085449e-01 2.736628055572509766e-01 -5.779528291895985603e-04 -5.558899720199406147e-04 -1.581642427481710911e-04 -9.999998807907104492e-01
9.618255496025085449e-01 2.736628055572509766e-01 -5.857647629454731941e-04 -5.634036497212946415e-04 -1.603020791662856936e-04 -9.999998807907104492e-01
9.209053516387939453e-01 3.897858858108520508e-01 -6.241342052817344666e-04 -5.747686373069882393e-04 -2.432787441648542881e-04 -9.999998211860656738e-01
9.209053516387939453e-01 3.897858858108520508e-01 -6.413703085854649544e-04 -5.906414589844644070e-04 -2.499971305951476097e-04 -9.999998211860656738e-01
8.660252690315246582e-01 4.999998211860656738e-01 -6.983948405832052231e-04 -6.048277136869728565e-04 -3.491973911877721548e-04 -9.999997615814208984e-01
8.660252690315246582e-01 4.999998211860656738e-01 -7.149755838327109814e-04 -6.191870779730379581e-04 -3.574877628125250340e-04 -9.999997615814208984e-01
7.980171442031860352e-01 6.026343703269958496e-01 -7.244260050356388092e-04 -5.781045183539390564e-04 -4.365640925243496895e-04 -9.999997615814208984e-01
7.980170845985412598e-01 6.026343107223510742e-01 -7.576635107398033142e-04 -6.046286434866487980e-04 -4.565941926557570696e-04 -9.999997615814208984e-01
7.179114818572998047e-01 6.961339712142944336e-01 -7.748177158646285534e-04 -5.562507431022822857e-04 -5.393770989030599594e-04 -9.999997019767761230e-01
7.179114818572998047e-01 6.961339712142944336e-01 -7.778430008329451084e-04 -5.584225873462855816e-04 -5.414830520749092102e-04 -9.999997019767761230e-01
6.269235610961914062e-01 7.790803909301757812e-01 -8.381020743399858475e-04 -5.254260613583028316e-04 -6.529490347020328045e-04 -9.999996423721313477e-01
6.269235610961914062e-01 7.790803909301757812e-01 -8.516004309058189392e-04 -5.338884657248854637e-04 -6.634653545916080475e-04 -9.999996423721313477e-01
5.264322757720947266e-01 8.502166271209716797e-01 -8.886033901944756508e-04 -4.677897086367011070e-04 -7.555056945420801640e-04 -9.999995827674865723e-01
5.264322757720947266e-01 8.502165675163269043e-01 -8.736756863072514534e-04 -4.599313542712479830e-04 -7.428139797411859035e-04 -9.999996423721313477e-01
4.179599881172180176e-01 9.084649085998535156e-01 -9.616205352358520031e-04 -4.019190964754670858e-04 -8.735989104025065899e-04 -9.999995231628417969e-01
4.179600179195404053e-01 9.084649682044982910e-01 -9.424182935617864132e-04 -3.938933368772268295e-04 -8.561543654650449753e-04 -9.999995827674865723e-01
3.031522929668426514e-01 9.529415369033813477e-01 -1.056029926985502243e-03 -3.201380604878067970e-04 -1.006335369311273098e-03 -9.999994635581970215e-01
3.031522929668426514e-01 9.529415369033813477e-01 -1.084410585463047028e-03 -3.287416766397655010e-04 -1.033380394801497459e-03 -9.999994039535522461e-01
1.837496161460876465e-01 9.829723834991455078e-01 -1.178673584945499897e-03 -2.165809710277244449e-04 -1.158604398369789124e-03 -9.999992847442626953e-01
1.837496161460876465e-01 9.829723834991455078e-01 -1.213441253639757633e-03 -2.229695237474516034e-04 -1.192780095152556896e-03 -9.999992847442626953e-01
3.432159428484737873e-04 9.999999403953552246e-01 0.000000000000000000e+00 -9.999999403953552246e-01 3.432159428484737873e-04 0.000000000000000000e+00
3.330369654577225447e-04 9.999999403953552246e-01 0.000000000000000000e+00 -9.999999403953552246e-01 3.330369654577225447e-04 -0.000000000000000000e+00
3.203768865205347538e-04 9.999999403953552246e-01 0.000000000000000000e+00 -9.999999403953552246e-01 3.203768865205347538e-04 0.000000000000000000e+00
3.570383414626121521e-04 9.999999403953552246e-01 -0.000000000000000000e+00 -9.999999403953552246e-01 3.570383414626121521e-04 0.000000000000000000e+00
3.725079586729407310e-04 9.999999403953552246e-01 -0.000000000000000000e+00 -9.999999403953552246e-01 3.725079586729407310e-04 0.000000000000000000e+00
3.857751726172864437e-04 9.999999403953552246e-01 -0.000000000000000000e+00 -9.999999403953552246e-01 3.857751726172864437e-04 0.000000000000000000e+00
3.791978815570473671e-04 9.999999403953552246e-01 -0.000000000000000000e+00 -9.999999403953552246e-01 3.791978815570473671e-04 0.000000000000000000e+00
3.797984099946916103e-04 9.999999403953552246e-01 -0.000000000000000000e+00 -9.999999403953552246e-01 3.797984099946916103e-04 0.000000000000000000e+00
3.779375692829489708e-04 9.999999403953552246e-01 -0.000000000000000000e+00 -9.999999403953552246e-01 3.779375692829489708e-04 0.000000000000000000e+00
3.823270672000944614e-04 9.999999403953552246e-01 -0.000000000000000000e+00 -9.999999403953552246e-01 3.823270672000944614e-04 0.000000000000000000e+00
3.768425958696752787e-04 9.999999403953552246e-01 -0.000000000000000000e+00 -9.999999403953552246e-01 3.768425958696752787e-04 0.000000000000000000e+00
3.732635523192584515e-04 9.999999403953552246e-01 -0.000000000000000000e+00 -9.999999403953552246e-01 3.732635523192584515e-04 0.000000000000000000e+00
3.293372574262320995e-04 9.999999403953552246e-01 -0.000000000000000000e+00 -9.999999403953552246e-01 3.293372574262320995e-04 0.000000000000000000e+00
3.248694993089884520e-04 9.999999403953552246e-01 -0.000000000000000000e+00 -9.999999403953552246e-01 3.248694993089884520e-04 0.000000000000000000e+00
2.961743739433586597e-04 1.000000000000000000e+00 -0.000000000000000000e+00 -1.000000000000000000e+00 2.961743739433586597e-04 0.000000000000000000e+00
2.916539669968187809e-04 1.000000000000000000e+00 -0.000000000000000000e+00 -1.000000000000000000e+00 2.916539669968187809e-04 0.000000000000000000e+00
2.758295740932226181e-04 1.000000000000000000e+00 -0.000000000000000000e+00 -1.000000000000000000e+00 2.758295740932226181e-04 0.000000000000000000e+00
2.364668180234730244e-04 1.000000000000000000e+00 -0.000000000000000000e+00 -1.000000000000000000e+00 2.364668180234730244e-04 0.000000000000000000e+00
2.077190147247165442e-04 1.000000000000000000e+00 -0.000000000000000000e+00 -1.000000000000000000e+00 2.077190147247165442e-04 0.000000000000000000e+00
2.024671412073075771e-04 1.000000000000000000e+00 -0.000000000000000000e+00 -1.000000000000000000e+00 2.024671412073075771e-04 0.000000000000000000e+00
1.931395672727376223e-04 1.000000000000000000e+00 -0.000000000000000000e+00 -1.000000000000000000e+00 1.931395672727376223e-04 0.000000000000000000e+00
1.872564462246373296e-04 1.000000000000000000e+00 -0.000000000000000000e+00 -1.000000000000000000e+00 1.872564462246373296e-04 0.000000000000000000e+00
1.943245297297835350e-04 1.000000000000000000e+00 -0.000000000000000000e+00 -1.000000000000000000e+00 1.943245297297835350e-04 0.000000000000000000e+00
1.956791966222226620e-04 1.000000000000000000e+00 -0.000000000000000000e+00 -1.000000000000000000e+00 1.956791966222226620e-04 0.000000000000000000e+00
2.024920104304328561e-04 1.000000000000000000e+00 -0.000000000000000000e+00 -1.000000000000000000e+00 2.024920104304328561e-04 0.000000000000000000e+00
1.894252200145274401e-04 1.000000000000000000e+00 -0.000000000000000000e+00 -1.000000000000000000e+00 1.894252200145274401e-04 0.000000000000000000e+00
1.507954002590849996e-04 1.000000000000000000e+00 -0.000000000000000000e+00 -1.000000000000000000e+00 1.507954002590849996e-04 0.000000000000000000e+00
1.228902401635423303e-04 1.000000000000000000e+00 0.000000000000000000e+00 -1.000000000000000000e+00 1.228902401635423303e-04 0.000000000000000000e+00
1.268006162717938423e-04 1.000000000000000000e+00 -0.000000000000000000e+00 -1.000000000000000000e+00 1.268006162717938423e-04 0.000000000000000000e+00
1.112410245696082711e-04 1.000000000000000000e+00 0.000000000000000000e+00 -1.000000000000000000e+00 1.112410245696082711e-04 0.000000000000000000e+00
1.067337725544348359e-04 1.000000000000000000e+00 -0.000000000000000000e+00 -1.000000000000000000e+00 1.067337725544348359e-04 0.000000000000000000e+00
8.314129081554710865e-05 1.000000000000000000e+00 0.000000000000000000e+00 -1.000000000000000000e+00 8.314129081554710865e-05 0.000000000000000000e+00
8.620025619165971875e-05 1.000000000000000000e+00 -0.000000000000000000e+00 -1.000000000000000000e+00 8.620025619165971875e-05 0.000000000000000000e+00
5.850867819390259683e-05 1.000000000000000000e+00 0.000000000000000000e+00 -1.000000000000000000e+00 5.850867819390259683e-05 0.000000000000000000e+00
5.112825601827353239e-05 1.000000000000000000e+00 0.000000000000000000e+00 -1.000000000000000000e+00 5.112825601827353239e-05 0.000000000000000000e+00
3.623867451096884906e-05 1.000000000000000000e+00 0.000000000000000000e+00 -1.000000000000000000e+00 3.623867451096884906e-05 0.000000000000000000e+00
2.612698699522297829e-05 1.000000000000000000e+00 0.000000000000000000e+00 -1.000000000000000000e+00 2.612698699522297829e-05 0.000000000000000000e+00
4.177874870947562158e-05 1.000000000000000000e+00 0.000000000000000000e+00 -1.000000000000000000e+00 4.177874870947562158e-05 0.000000000000000000e+00
4.318753781262785196e-05 1.000000000000000000e+00 0.000000000000000000e+00 -1.000000000000000000e+00 4.318753781262785196e-05 0.000000000000000000e+00
4.256287138559855521e-05 1.000000000000000000e+00 0.000000000000000000e+00 -1.000000000000000000e+00 4.256287138559855521e-05 0.000000000000000000e+00
5.193432298256084323e-05 1.000000000000000000e+00 0.000000000000000000e+00 -1.000000000000000000e+00 5.193432298256084323e-05 0.000000000000000000e+00
5.834336843690834939e-05 1.000000000000000000e+00 0.000000000000000000e+00 -1.000000000000000000e+00 5.834336843690834939e-05 0.000000000000000000e+00
6.503329495899379253e-05 1.000000000000000000e+00 0.000000000000000000e+00 -1.000000000000000000e+00 6.503329495899379253e-05 0.000000000000000000e+00
6.751294131390750408e-05 1.000000000000000000e+00 0.000000000000000000e+00 -1.000000000000000000e+00 6.751294131390750408e-05 0.000000000000000000e+00
6.298301741480827332e-05 1.000000000000000000e+00 0.000000000000000000e+00 -1.000000000000000000e+00 6.298301741480827332e-05 0.000000000000000000e+00
6.164736987557262182e-05 1.000000000000000000e+00 0.000000000000000000e+00 -1.000000000000000000e+00 6.164736987557262182e-05 0.000000000000000000e+00
6.001694782753475010e-05 1.000000000000000000e+00 0.000000000000000000e+00 -1.000000000000000000e+00 6.001694782753475010e-05 0.000000000000000000e+00
5.455880091176368296e-05 1.000000000000000000e+00 0.000000000000000000e+00 -1.000000000000000000e+00 5.455880091176368296e-05 0.000000000000000000e+00
5.236149809206835926e-05 1.000000000000000000e+00 0.000000000000000000e+00 -1.000000000000000000e+00 5.236149809206835926e-05 0.000000000000000000e+00
6.280380330281332135e-05 1.000000000000000000e+00 0.000000000000000000e+00 -1.000000000000000000e+00 6.280380330281332135e-05 0.000000000000000000e+00
6.395731907105073333e-05 1.000000000000000000e+00 0.000000000000000000e+00 -1.000000000000000000e+00 6.395731907105073333e-05 0.000000000000000000e+00
5.850209709024056792e-05 1.000000000000000000e+00 0.000000000000000000e+00 -1.000000000000000000e+00 5.850209709024056792e-05 0.000000000000000000e+00
6.950982060516253114e-05 1.000000000000000000e+00 0.000000000000000000e+00 -1.000000000000000000e+00 6.950982060516253114e-05 0.000000000000000000e+00
6.449055217672139406e-05 1.000000000000000000e+00 0.000000000000000000e+00 -1.000000000000000000e+00 6.449055217672139406e-05 0.000000000000000000e+00
5.644596240017563105e-05 1.000000000000000000e+00 0.000000000000000000e+00 -1.000000000000000000e+00 5.644596240017563105e-05 0.000000000000000000e+00
5.750072887167334557e-05 1.000000000000000000e+00 0.000000000000000000e+00 -1.000000000000000000e+00 5.750072887167334557e-05 0.000000000000000000e+00
4.460071795620024204e-05 1.000000000000000000e+00 0.000000000000000000e+00 -1.000000000000000000e+00 4.460071795620024204e-05 0.000000000000000000e+00
6.930501695023849607e-05 1.000000000000000000e+00 0.000000000000000000e+00 -1.000000000000000000e+00 6.930501695023849607e-05 -0.000000000000000000e+00
5.712768324883654714e-05 1.000000000000000000e+00 0.000000000000000000e+00 -1.000000000000000000e+00 5.712768324883654714e-05 0.000000000000000000e+00
6.498355651274323463e-05 1.000000000000000000e+00 0.000000000000000000e+00 -1.000000000000000000e+00 6.498355651274323463e-05 -0.000000000000000000e+00
6.328364543151110411e-05 1.000000000000000000e+00 0.000000000000000000e+00 -1.000000000000000000e+00 6.328364543151110411e-05 0.000000000000000000e+00
9.395591769134625793e-05 1.000000000000000000e+00 0.000000000000000000e+00 -1.000000000000000000e+00 9.395591769134625793e-05 -0.000000000000000000e+00
9.845658496487885714e-05 1.000000000000000000e+00 0.000000000000000000e+00 -1.000000000000000000e+00 9.845658496487885714e-05 0.000000000000000000e+00
1.173070122604258358e-04 1.000000000000000000e+00 0.000000000000000000e+00 -1.000000000000000000e+00 1.173070122604258358e-04 -0.000000000000000000e+00
1.154249694081954658e-04 1.000000000000000000e+00 0.000000000000000000e+00 -1.000000000000000000e+00 1.154249694081954658e-04 0.000000000000000000e+00
1.185029541375115514e-04 1.000000000000000000e+00 0.000000000000000000e+00 -1.000000000000000000e+00 1.185029541375115514e-04 0.000000000000000000e+00
1.374367711832746863e-04 1.000000000000000000e+00 0.000000000000000000e+00 -1.000000000000000000e+00 1.374367711832746863e-04 -0.000000000000000000e+00
1.350353850284591317e-04 1.000000000000000000e+00 0.000000000000000000e+00 -1.000000000000000000e+00 1.350353850284591317e-04 0.000000000000000000e+00
1.430082920705899596e-04 1.000000000000000000e+00 0.000000000000000000e+00 -1.000000000000000000e+00 1.430082920705899596e-04 -0.000000000000000000e+00
1.543137186672538519e-04 1.000000000000000000e+00 0.000000000000000000e+00 -1.000000000000000000e+00 1.543137186672538519e-04 0.000000000000000000e+00
1.600549439899623394e-04 1.000000000000000000e+00 0.000000000000000000e+00 -1.000000000000000000e+00 1.600549439899623394e-04 -0.000000000000000000e+00
1.601844123797491193e-04 1.000000000000000000e+00 0.000000000000000000e+00 -1.000000000000000000e+00 1.601844123797491193e-04 0.000000000000000000e+00
1.653346116654574871e-04 1.000000000000000000e+00 0.000000000000000000e+00 -1.000000000000000000e+00 1.653346116654574871e-04 -0.000000000000000000e+00
1.748589420458301902e-04 1.000000000000000000e+00 0.000000000000000000e+00 -1.000000000000000000e+00 1.748589420458301902e-04 0.000000000000000000e+00
2.025607682298868895e-04 1.000000000000000000e+00 0.000000000000000000e+00 -1.000000000000000000e+00 2.025607682298868895e-04 -0.000000000000000000e+00
2.284668444190174341e-04 1.000000000000000000e+00 0.000000000000000000e+00 -1.000000000000000000e+00 2.284668444190174341e-04 0.000000000000000000e+00
2.395557676209136844e-04 1.000000000000000000e+00 0.000000000000000000e+00 -1.000000000000000000e+00 2.395557676209136844e-04 -0.000000000000000000e+00
2.433710615150630474e-04 1.000000000000000000e+00 0.000000000000000000e+00 -1.000000000000000000e+00 2.433710615150630474e-04 0.000000000000000000e+00
2.554299135226756334e-04 1.000000000000000000e+00 0.000000000000000000e+00 -1.000000000000000000e+00 2.554299135226756334e-04 -0.000000000000000000e+00
2.524031442590057850e-04 1.000000000000000000e+00 0.000000000000000000e+00 -1.000000000000000000e+00 2.524031442590057850e-04 0.000000000000000000e+00
2.678252349141985178e-04 1.000000000000000000e+00 0.000000000000000000e+00 -1.000000000000000000e+00 2.678252349141985178e-04 -0.000000000000000000e+00
2.598223218228667974e-04 1.000000000000000000e+00 0.000000000000000000e+00 -1.000000000000000000e+00 2.598223218228667974e-04 0.000000000000000000e+00
2.434924826957285404e-04 1.000000000000000000e+00 0.000000000000000000e+00 -1.000000000000000000e+00 2.434924826957285404e-04 -0.000000000000000000e+00
2.738319744821637869e-04 1.000000000000000000e+00 0.000000000000000000e+00 -1.000000000000000000e+00 2.738319744821637869e-04 -0.000000000000000000e+00
2.679320168681442738e-04 1.000000000000000000e+00 0.000000000000000000e+00 -1.000000000000000000e+00 2.679320168681442738e-04 -0.000000000000000000e+00
2.713457506615668535e-04 1.000000000000000000e+00 0.000000000000000000e+00 -1.000000000000000000e+00 2.713457506615668535e-04 -0.000000000000000000e+00
2.996670664288103580e-04 9.999999403953552246e-01 0.000000000000000000e+00 -9.999999403953552246e-01 2.996670664288103580e-04 -0.000000000000000000e+00
3.084643394686281681e-04 9.999999403953552246e-01 -0.000000000000000000e+00 -9.999999403953552246e-01 3.084643394686281681e-04 0.000000000000000000e+00
3.345613367855548859e-04 9.999999403953552246e-01 0.000000000000000000e+00 -9.999999403953552246e-01 3.345613367855548859e-04 -0.000000000000000000e+00
3.262417158111929893e-04 9.999999403953552246e-01 -0.000000000000000000e+00 -9.999999403953552246e-01 3.262417158111929893e-04 0.000000000000000000e+00
3.674821055028587580e-04 9.999999403953552246e-01 0.000000000000000000e+00 -9.999999403953552246e-01 3.674821055028587580e-04 -0.000000000000000000e+00
3.782755229622125626e-04 9.999999403953552246e-01 -0.000000000000000000e+00 -9.999999403953552246e-01 3.782755229622125626e-04 0.000000000000000000e+00
4.005125956609845161e-04 9.999999403953552246e-01 0.000000000000000000e+00 -9.999999403953552246e-01 4.005125956609845161e-04 -0.000000000000000000e+00
3.961150650866329670e-04 9.999999403953552246e-01 -0.000000000000000000e+00 -9.999999403953552246e-01 3.961150650866329670e-04 0.000000000000000000e+00
3.876074624713510275e-04 9.999999403953552246e-01 0.000000000000000000e+00 -9.999999403953552246e-01 3.876074624713510275e-04 -0.000000000000000000e+00
4.004138463642448187e-04 9.999999403953552246e-01 -0.000000000000000000e+00 -9.999999403953552246e-01 4.004138463642448187e-04 0.000000000000000000e+00
4.137154319323599339e-04 9.999999403953552246e-01 0.000000000000000000e+00 -9.999999403953552246e-01 4.137154319323599339e-04 -0.000000000000000000e+00
4.091548034921288490e-04 9.999999403953552246e-01 0.000000000000000000e+00 -9.999999403953552246e-01 4.091548034921288490e-04 -0.000000000000000000e+00
4.224885487928986549e-04 9.999999403953552246e-01 -0.000000000000000000e+00 -9.999999403953552246e-01 4.224885487928986549e-04 0.000000000000000000e+00
4.081731603946536779e-04 9.999999403953552246e-01 0.000000000000000000e+00 -9.999999403953552246e-01 4.081731603946536779e-04 -0.000000000000000000e+00
4.053036682307720184e-04 9.999999403953552246e-01 -0.000000000000000000e+00 -9.999999403953552246e-01 4.053036682307720184e-04 0.000000000000000000e+00
3.412278601899743080e-04 9.999999403953552246e-01 0.000000000000000000e+00 -9.999999403953552246e-01 3.412278601899743080e-04 -0.000000000000000000e+00
3.798825200647115707e-04 9.999999403953552246e-01 -0.000000000000000000e+00 -9.999999403953552246e-01 3.798825200647115707e-04 0.000000000000000000e+00
3.509591915644705296e-04 9.999999403953552246e-01 0.000000000000000000e+00 -9.999999403953552246e-01 3.509591915644705296e-04 -0.000000000000000000e+00
3.553603601176291704e-04 9.999999403953552246e-01 -0.000000000000000000e+00 -9.999999403953552246e-01 3.553603601176291704e-04 0.000000000000000000e+00
3.302245168015360832e-04 9.999999403953552246e-01 0.000000000000000000e+00 -9.999999403953552246e-01 3.302245168015360832e-04 -0.000000000000000000e+00
3.268948930781334639e-04 9.999999403953552246e-01 -0.000000000000000000e+00 -9.999999403953552246e-01 3.268948930781334639e-04 0.000000000000000000e+00
3.073130210395902395e-04 9.999999403953552246e-01 0.000000000000000000e+00 -9.999999403953552246e-01 3.073130210395902395e-04 -0.000000000000000000e+00
2.993606030941009521e-04 9.999999403953552246e-01 -0.000000000000000000e+00 -9.999999403953552246e-01 2.993606030941009521e-04 0.000000000000000000e+00
3.042357566300779581e-04 9.999999403953552246e-01 0.000000000000000000e+00 -9.999999403953552246e-01 3.042357566300779581e-04 -0.000000000000000000e+00
2.918265818152576685e-04 1.000000000000000000e+00 -0.000000000000000000e+00 -1.000000000000000000e+00 2.918265818152576685e-04 0.000000000000000000e+00
2.970506611745804548e-04 1.000000000000000000e+00 0.000000000000000000e+00 -1.000000000000000000e+00 2.970506611745804548e-04 -0.000000000000000000e+00
3.083048795815557241e-04 9.999999403953552246e-01 -0.000000000000000000e+00 -9.999999403953552246e-01 3.083048795815557241e-04 0.000000000000000000e+00
