-7.222342491149902344e-01 -2.718681935220956802e-03 6.916432380676269531e-01 1.002607867121696472e-02 9.998461008071899414e-01 1.439967937767505646e-02
-6.513400673866271973e-01 -2.092744689434766769e-03 7.587831616401672363e-01 -1.619612425565719604e-02 9.998067021369934082e-01 -1.114527415484189987e-02
-6.129420399665832520e-01 -4.527790006250143051e-04 7.901278138160705566e-01 -2.775272878352552652e-04 9.999999403953552246e-01 3.577533061616122723e-04
-4.853020906448364258e-01 -4.310313088353723288e-04 8.743464946746826172e-01 -2.091804053634405136e-04 9.999999403953552246e-01 3.768707392737269402e-04
-4.853020906448364258e-01 -3.593863220885396004e-04 8.743464946746826172e-01 -1.744109467836096883e-04 9.999999403953552246e-01 3.142281784676015377e-04
-2.993631958961486816e-01 -3.135150473099201918e-04 9.541391730308532715e-01 -9.385487646795809269e-05 9.999999403953552246e-01 2.991369983647018671e-04
-2.993632256984710693e-01 -2.362407976761460304e-04 9.541392326354980469e-01 -7.072180596878752112e-05 1.000000000000000000e+00 2.254066203022375703e-04
-1.011683791875839233e-01 -1.507361594121903181e-04 9.948693513870239258e-01 -1.524973322375444695e-05 1.000000000000000000e+00 1.499627833254635334e-04
-1.011683791875839233e-01 -1.575065398355945945e-04 9.948693513870239258e-01 -1.593468186911195517e-05 1.000000000000000000e+00 1.566984283272176981e-04
1.011683791875839233e-01 7.708993507549166679e-05 9.948693513870239258e-01 -7.799063496349845082e-06 1.000000000000000000e+00 -7.669441401958465576e-05
1.011683791875839233e-01 6.516422581626102328e-05 9.948693513870239258e-01 -6.592559202545089647e-06 1.000000000000000000e+00 -6.482988828793168068e-05
2.993632256984710693e-01 1.421927154297009110e-04 9.541392326354980469e-01 -4.256726970197632909e-05 1.000000000000000000e+00 -1.356716529699042439e-04
2.993632256984710693e-01 1.304015895584598184e-04 9.541392326354980469e-01 -3.903744072886183858e-05 1.000000000000000000e+00 -1.244212762685492635e-04
4.853021204471588135e-01 2.314892335562035441e-04 8.743465542793273926e-01 -1.123422189266420901e-04 1.000000000000000000e+00 -2.024018176598474383e-04
4.853021204471588135e-01 2.266820956720039248e-04 8.743465542793273926e-01 -1.100092995329760015e-04 1.000000000000000000e+00 -1.981987152248620987e-04
6.513724327087402344e-01 3.909209917765110731e-04 7.587580680847167969e-01 -2.546351752243936062e-04 9.999999403953552246e-01 -2.966144820675253868e-04
6.513724327087402344e-01 3.922258911188691854e-04 7.587580680847167969e-01 -2.554851525928825140e-04 9.999999403953552246e-01 -2.976045943796634674e-04
7.907754182815551758e-01 5.168914212845265865e-04 6.121062040328979492e-01 -4.087450797669589520e-04 9.999998807907104492e-01 -3.163924848195165396e-04
7.907754182815551758e-01 5.351120489649474621e-04 6.121062040328979492e-01 -4.231535131111741066e-04 9.999998807907104492e-01 -3.275454510003328323e-04
8.978044390678405762e-01 6.216773181222379208e-04 4.403940439224243164e-01 -5.581447039730846882e-04 9.999998211860656738e-01 -2.737829927355051041e-04
8.978044390678405762e-01 6.152448477223515511e-04 4.403940439224243164e-01 -5.523695726878941059e-04 9.999998211860656738e-01 -2.709501713979989290e-04
9.680770039558410645e-01 6.575158331543207169e-04 2.506521940231323242e-01 -6.365261506289243698e-04 9.999998211860656738e-01 -1.648078468861058354e-04
9.680770039558410645e-01 6.643052329309284687e-04 2.506521940231323242e-01 -6.430988432839512825e-04 9.999998211860656738e-01 -1.665096206124871969e-04
9.987162947654724121e-01 6.697443313896656036e-04 5.064927414059638977e-02 -6.688847206532955170e-04 9.999997615814208984e-01 -3.392207145225256681e-05
9.987162947654724121e-01 6.577045423910021782e-04 5.064927414059638977e-02 -6.568604731000959873e-04 9.999998211860656738e-01 -3.331226980662904680e-05
9.884681105613708496e-01 6.700530066154897213e-04 -1.514278352260589600e-01 -6.623261724598705769e-04 9.999997615814208984e-01 1.014646986732259393e-04
9.884681105613708496e-01 6.795590743422508240e-04 -1.514278352260589600e-01 -6.717226351611316204e-04 9.999997615814208984e-01 1.029041814035736024e-04
9.377519488334655762e-01 6.751468754373490810e-04 -3.473050296306610107e-01 -6.331204785965383053e-04 9.999997615814208984e-01 2.344819658901542425e-04
9.377519488334655762e-01 6.922513130120933056e-04 -3.473050296306610107e-01 -6.491601816378533840e-04 9.999997615814208984e-01 2.404224214842543006e-04
8.486441969871520996e-01 6.340784602798521519e-04 -5.289638042449951172e-01 -5.381070077419281006e-04 9.999998211860656738e-01 3.354045620653778315e-04
8.486441969871520996e-01 6.491933017969131470e-04 -5.289638042449951172e-01 -5.509342299774289131e-04 9.999998211860656738e-01 3.433997917454689741e-04
7.247924804687500000e-01 5.849243607372045517e-04 -6.889669895172119141e-01 -4.239488334860652685e-04 9.999998211860656738e-01 4.029936389997601509e-04
7.247925400733947754e-01 5.677365697920322418e-04 -6.889670491218566895e-01 -4.114912590011954308e-04 9.999998807907104492e-01 3.911518142558634281e-04
5.712682604789733887e-01 4.929581191390752792e-04 -8.207633495330810547e-01 -2.816112828440964222e-04 9.999998807907104492e-01 4.046019457746297121e-04
5.712682604789733887e-01 4.985625273548066616e-04 -8.207633495330810547e-01 -2.848129079211503267e-04 9.999998807907104492e-01 4.092018352821469307e-04
3.943557441234588623e-01 3.148521645925939083e-04 -9.189578294754028320e-01 -1.241637655766680837e-04 9.999999403953552246e-01 2.893358760047703981e-04
3.943557441234588623e-01 3.186177054885774851e-04 -9.189578294754028320e-01 -1.256487303180620074e-04 9.999999403953552246e-01 2.927962632384151220e-04
2.012986689805984497e-01 1.412491401424631476e-04 -9.795299172401428223e-01 -2.843326365109533072e-05 1.000000000000000000e+00 1.383577618980780244e-04
2.012986689805984497e-01 1.424926158506423235e-04 -9.795299172401428223e-01 -2.868357478291727602e-05 1.000000000000000000e+00 1.395757863065227866e-04
0.000000000000000000e+00 1.426345193067390937e-06 -1.000000000000000000e+00 -0.000000000000000000e+00 1.000000000000000000e+00 1.426345193067390937e-06
0.000000000000000000e+00 2.559667882451321930e-05 -1.000000000000000000e+00 -0.000000000000000000e+00 1.000000000000000000e+00 2.559667882451321930e-05
-2.012986689805984497e-01 -5.471752592711709440e-05 -9.795299172401428223e-01 -1.101456473406869918e-05 1.000000000000000000e+00 -5.359745409805327654e-05
-2.012986689805984497e-01 -5.673489067703485489e-05 -9.795299172401428223e-01 -1.142065775638911873e-05 1.000000000000000000e+00 -5.557352415053173900e-05
-3.943557739257812500e-01 -1.193243806483224034e-04 -9.189578890800476074e-01 -4.705625906353816390e-05 1.000000000000000000e+00 -1.096540800062939525e-04
-3.943557739257812500e-01 -9.943162149284034967e-05 -9.189578890800476074e-01 -3.921143434126861393e-05 1.000000000000000000e+00 -9.137347660725936294e-05
-5.712682604789733887e-01 -1.576586801093071699e-04 -8.207634091377258301e-01 -9.006539767142385244e-05 1.000000000000000000e+00 -1.294004759984090924e-04
-5.712682604789733887e-01 -1.198802856379188597e-04 -8.207634091377258301e-01 -6.848380144219845533e-05 1.000000000000000000e+00 -9.839334961725398898e-05
-6.521747708320617676e-01 -1.889300183393061161e-04 -7.580686211585998535e-01 -1.232153881574049592e-04 1.000000000000000000e+00 -1.432219141861423850e-04
-6.521747708320617676e-01 -1.668136246735230088e-04 -7.580686211585998535e-01 -1.087916389224119484e-04 1.000000000000000000e+00 -1.264561724383383989e-04
-7.222043871879577637e-01 -7.274212111951783299e-05 -6.916797161102294922e-01 4.851983394473791122e-04 9.999997019767761230e-01 -6.117779994383454323e-04
-7.247927784919738770e-01 -7.945936522446572781e-05 -6.889669299125671387e-01 2.376545453444123268e-03 9.999938011169433594e-01 -2.615455072373151779e-03
-8.403548002243041992e-01 1.065144897438585758e-04 -5.420367121696472168e-01 -1.709568314254283905e-03 9.999945163726806641e-01 2.846961608156561852e-03
-8.486431241035461426e-01 3.081933828070759773e-04 -5.289657115936279297e-01 4.159038886427879333e-03 9.999728202819824219e-01 -6.089911796152591705e-03
-9.279562234878540039e-01 1.167761292890645564e-04 -3.726892471313476562e-01 -2.460449468344449997e-03 9.999762773513793945e-01 6.439581513404846191e-03
-9.377528429031372070e-01 -1.806308282539248466e-04 -3.473033308982849121e-01 3.539877943694591522e-03 9.999429583549499512e-01 -1.007808092981576920e-02
-9.818207025527954102e-01 -1.268165651708841324e-03 -1.898068785667419434e-01 -3.132269252091646194e-03 9.999498128890991211e-01 9.521388448774814606e-03
-9.884702563285827637e-01 -1.487204688601195812e-03 -1.514078825712203979e-01 5.692961276508867741e-04 9.999082088470458984e-01 -1.353826653212308884e-02
-3.844139282591640949e-04 -9.999222159385681152e-01 -1.246951427310705185e-02 -9.999999403953552246e-01 3.843840386252850294e-04 4.793455445906147361e-06
-9.987043142318725586e-01 -4.217240028083324432e-03 5.071510374546051025e-02 -5.009197629988193512e-03 9.998673796653747559e-01 -1.549887470901012421e-02
-9.818201065063476562e-01 -6.723309867084026337e-03 1.896948069334030151e-01 -3.855149727314710617e-03 9.998726844787597656e-01 1.548482105135917664e-02
-9.680168628692626953e-01 -7.522277999669313431e-03 2.507724165916442871e-01 -1.166280359029769897e-02 9.998190402984619141e-01 -1.502906437963247299e-02
-9.279700517654418945e-01 -9.657050482928752899e-03 3.725296556949615479e-01 -3.018093761056661606e-03 9.998261332511901855e-01 1.840033195912837982e-02
-8.976890444755554199e-01 -9.308382868766784668e-03 4.405312836170196533e-01 -1.658878661692142487e-02 9.997820258140563965e-01 -1.267837081104516983e-02
-8.403984308242797852e-01 -7.080550305545330048e-03 5.419228672981262207e-01 3.211791627109050751e-03 9.998320341110229492e-01 1.804416440427303314e-02
-7.906950116157531738e-01 -5.702277645468711853e-03 6.121837496757507324e-01 -1.637318916618824005e-02 9.997959136962890625e-01 -1.183482259511947632e-02
-7.222041487693786621e-01 -3.278866934124380350e-04 -6.916799545288085938e-01 -7.745341863483190536e-04 9.999996423721313477e-01 3.346710000187158585e-04
-7.247915863990783691e-01 -3.870096697937697172e-04 -6.889680624008178711e-01 -2.714640460908412933e-03 9.999937415122985840e-01 2.294071018695831299e-03
-8.403556942939758301e-01 -6.931355455890297890e-04 -5.420349836349487305e-01 1.216595526784658432e-03 9.999942779541015625e-01 -3.164933063089847565e-03
-8.486404418945312500e-01 -9.232868324033915997e-04 -5.289694070816040039e-01 -4.681047517806291580e-03 9.999724626541137695e-01 5.764538422226905823e-03
-9.279572963714599609e-01 -6.022310117259621620e-04 -3.726860880851745605e-01 2.009957563132047653e-03 9.999760985374450684e-01 -6.620509084314107895e-03
-9.377481937408447266e-01 -9.607077226974070072e-04 -3.473146259784698486e-01 -4.610230214893817902e-03 9.999425411224365234e-01 9.681661613285541534e-03
-9.818237423896789551e-01 6.861624569864943624e-05 -1.897953152656555176e-01 1.954466570168733597e-03 9.999505877494812012e-01 -9.749075397849082947e-03
-9.884676933288574219e-01 -2.877416263800114393e-04 -1.514316797256469727e-01 -2.323935506865382195e-03 9.999092817306518555e-01 1.326948031783103943e-02
-3.664375690277665854e-04 -9.999222159385681152e-01 1.246951427310705185e-02 -9.999999403953552246e-01 3.664090763777494431e-04 -4.569298653223086149e-06
-9.987155795097351074e-01 7.642947020940482616e-04 5.066127330064773560e-02 1.560264732688665390e-03 9.998759627342224121e-01 1.567392051219940186e-02
-9.818231463432312012e-01 -2.285453083459287882e-04 1.897978931665420532e-01 -2.971123903989791870e-03 9.998952746391296387e-01 -1.416557934135198593e-02
-9.680806398391723633e-01 -8.553399820812046528e-04 2.506376802921295166e-01 3.551507834345102310e-03 9.998469948768615723e-01 1.712972670793533325e-02
-9.279452562332153320e-01 -1.599186682142317295e-03 3.727131783962249756e-01 -7.428796030580997467e-03 9.998715519905090332e-01 -1.420538313686847687e-02
-8.978171348571777344e-01 -1.687502255663275719e-03 4.403651654720306396e-01 6.715250667184591293e-03 9.998239278793334961e-01 1.752244308590888977e-02
-8.403367400169372559e-01 -1.803218270651996136e-03 5.420618057250976562e-01 -1.067858841270208359e-02 9.998555183410644531e-01 -1.322847791016101837e-02
-7.907977104187011719e-01 -1.997042214497923851e-03 6.120744347572326660e-01 1.028378121554851532e-02 9.998102188110351562e-01 1.654872857034206390e-02
-7.221843600273132324e-01 -1.590417465195059776e-03 6.916988492012023926e-01 -1.313862577080726624e-02 9.998484849929809570e-01 -1.141874399036169052e-02
-6.513888239860534668e-01 -1.126442220993340015e-03 7.587433457374572754e-01 1.409885752946138382e-02 9.998082518577575684e-01 1.358834374696016312e-02
-6.129419803619384766e-01 -4.569950979202985764e-04 7.901277542114257812e-01 -2.801115042530000210e-04 9.999998807907104492e-01 3.610845596995204687e-04
1.119645312428474426e-01 -1.299832074437290430e-04 -9.937122464179992676e-01 1.455350866308435798e-05 1.000000000000000000e+00 -1.291658991249278188e-04
1.119645312428474426e-01 -1.823351922212168574e-04 -9.937122464179992676e-01 2.041507468675263226e-05 1.000000000000000000e+00 -1.811887195799499750e-04
-1.119645312428474426e-01 -1.704767782939597964e-04 -9.937122464179992676e-01 -1.908735248434823006e-05 1.000000000000000000e+00 -1.694048551144078374e-04
-1.119645312428474426e-01 -2.185424091294407845e-04 -9.937122464179992676e-01 -2.446899816277436912e-05 1.000000000000000000e+00 -2.171682717744261026e-04
-3.302790820598602295e-01 -3.020457806997001171e-04 -9.438832998275756836e-01 -9.975941065931692719e-05 9.999999403953552246e-01 -2.850959717761725187e-04
-3.302790820598602295e-01 -4.175578069407492876e-04 -9.438832998275756836e-01 -1.379106251988559961e-04 9.999999403953552246e-01 -3.941258764825761318e-04
-5.320318937301635742e-01 -5.708920652978122234e-04 -8.467241525650024414e-01 -3.037328133359551430e-04 9.999998807907104492e-01 -4.833881394006311893e-04
-5.320318341255187988e-01 -6.325452704913914204e-04 -8.467240929603576660e-01 -3.365342854522168636e-04 9.999998211860656738e-01 -5.355914472602307796e-04
-7.071067094802856445e-01 -5.551130743697285652e-04 -7.071067094802856445e-01 -3.925242635887116194e-04 9.999998807907104492e-01 -3.925242635887116194e-04
-7.071066498756408691e-01 -6.426890613511204720e-04 -7.071066498756408691e-01 -4.544498515315353870e-04 9.999998211860656738e-01 -4.544498515315353870e-04
-8.467242717742919922e-01 -3.619698691181838512e-04 -5.320319533348083496e-01 -3.064886550419032574e-04 9.999999403953552246e-01 -1.925795222632586956e-04
-8.467242121696472168e-01 -4.467605613172054291e-04 -5.320319533348083496e-01 -3.782830026466399431e-04 9.999999403953552246e-01 -2.376908960286527872e-04
-9.438832998275756836e-01 -2.466304285917431116e-04 -3.302790820598602295e-01 -2.327903785044327378e-04 1.000000000000000000e+00 -8.145688479999080300e-05
-9.438832998275756836e-01 -3.297300427220761776e-04 -3.302790820598602295e-01 -3.112267004325985909e-04 9.999999403953552246e-01 -1.089029465219937265e-04
-9.937122464179992676e-01 -1.392434787703678012e-04 -1.119645312428474426e-01 -1.383679482387378812e-04 1.000000000000000000e+00 -1.559033080411609262e-05
-9.937122464179992676e-01 -1.697043480817228556e-04 -1.119645312428474426e-01 -1.686372852418571711e-04 1.000000000000000000e+00 -1.900086863315664232e-05
-9.937122464179992676e-01 -1.321512390859425068e-04 1.119645312428474426e-01 -1.313203101744875312e-04 1.000000000000000000e+00 1.479625188949285075e-05
-9.937122464179992676e-01 -1.409931282978504896e-04 1.119645312428474426e-01 -1.401065965183079243e-04 1.000000000000000000e+00 1.578622868692036718e-05
-9.438833594322204590e-01 -1.779639860615134239e-04 3.302791118621826172e-01 -1.679772394709289074e-04 1.000000000000000000e+00 5.877778676222078502e-05
-9.438833594322204590e-01 -1.297432754654437304e-04 3.302791118621826172e-01 -1.224625157192349434e-04 1.000000000000000000e+00 4.285149407223798335e-05
-8.467242717742919922e-01 4.759165312862023711e-05 5.320319533348083496e-01 4.029700721730478108e-05 1.000000000000000000e+00 -2.532027974666561931e-05
-8.467242717742919922e-01 1.157607111963443458e-04 5.320319533348083496e-01 9.801740088732913136e-05 1.000000000000000000e+00 -6.158839823910966516e-05
-7.071067690849304199e-01 3.061741299461573362e-04 7.071067690849304199e-01 2.164978213841095567e-04 9.999999403953552246e-01 -2.164978213841095567e-04
-7.071067690849304199e-01 4.812532279174774885e-04 7.071067690849304199e-01 3.402974398341029882e-04 9.999998807907104492e-01 -3.402974398341029882e-04
-5.320318937301635742e-01 5.501274717971682549e-04 8.467241525650024414e-01 2.926853776443749666e-04 9.999998807907104492e-01 -4.658062534872442484e-04
-5.320318341255187988e-01 6.761987460777163506e-04 8.467240929603576660e-01 3.597593458835035563e-04 9.999997615814208984e-01 -5.725538940168917179e-04
-3.302790224552154541e-01 6.967059453018009663e-04 9.438831210136413574e-01 2.301074273418635130e-04 9.999997615814208984e-01 -6.576091400347650051e-04
-3.302790224552154541e-01 6.720967357978224754e-04 9.438831210136413574e-01 2.219795132987201214e-04 9.999997615814208984e-01 -6.343809072859585285e-04
-1.119645014405250549e-01 7.089183782227337360e-04 9.937120079994201660e-01 7.937371265143156052e-05 9.999997615814208984e-01 -7.044608937576413155e-04
-1.119645014405250549e-01 7.285858155228197575e-04 9.937120079994201660e-01 8.157576667144894600e-05 9.999997615814208984e-01 -7.240046397782862186e-04
1.119645014405250549e-01 7.792525575496256351e-04 9.937119483947753906e-01 -8.724864892428740859e-05 9.999997019767761230e-01 -7.743528112769126892e-04
1.119644939899444580e-01 8.167792693711817265e-04 9.937118887901306152e-01 -9.145031799562275410e-05 9.999997019767761230e-01 -8.116436074487864971e-04
3.302790224552154541e-01 8.210364030674099922e-04 9.438830614089965820e-01 -2.711711858864873648e-04 9.999997019767761230e-01 -7.749625947326421738e-04
3.302790224552154541e-01 8.202830213122069836e-04 9.438830614089965820e-01 -2.709223481360822916e-04 9.999997019767761230e-01 -7.742514717392623425e-04
5.320317745208740234e-01 8.691677940078079700e-04 8.467239737510681152e-01 -4.624250286724418402e-04 9.999996423721313477e-01 -7.359454757533967495e-04
5.320317745208740234e-01 8.002805407159030437e-04 8.467240333557128906e-01 -4.257748078089207411e-04 9.999997019767761230e-01 -6.776169757358729839e-04
7.071065306663513184e-01 8.499932591803371906e-04 7.071065306663513184e-01 -6.010361248627305031e-04 9.999996423721313477e-01 -6.010361248627305031e-04
7.071065902709960938e-01 8.086893358267843723e-04 7.071065902709960938e-01 -5.718297325074672699e-04 9.999997019767761230e-01 -5.718297325074672699e-04
8.467240333557128906e-01 7.904819212853908539e-04 5.320317745208740234e-01 -6.693202303722500801e-04 9.999997019767761230e-01 -4.205616423860192299e-04
8.467240333557128906e-01 7.707281038165092468e-04 5.320317745208740234e-01 -6.525942008011043072e-04 9.999997019767761230e-01 -4.100519872736185789e-04
9.438830614089965820e-01 8.022657129913568497e-04 3.302790224552154541e-01 -7.572452304884791374e-04 9.999997019767761230e-01 -2.649716043379157782e-04
9.438830614089965820e-01 7.402160554192960262e-04 3.302790224552154541e-01 -6.986776716075837612e-04 9.999997615814208984e-01 -2.444779383949935436e-04
9.937120079994201660e-01 6.894937250763177872e-04 1.119645014405250549e-01 -6.851583602838218212e-04 9.999997615814208984e-01 -7.719884160906076431e-05
9.937120079994201660e-01 6.760319811291992664e-04 1.119645014405250549e-01 -6.717812502756714821e-04 9.999997615814208984e-01 -7.569160516140982509e-05
9.937121272087097168e-01 5.137870903126895428e-04 -1.119645163416862488e-01 -5.105565069243311882e-04 9.999998807907104492e-01 5.752592915087006986e-05
9.937121272087097168e-01 4.744886828120797873e-04 -1.119645163416862488e-01 -4.715052200481295586e-04 9.999998807907104492e-01 5.312590292305685580e-05
9.438832998275756836e-01 3.899042494595050812e-04 -3.302790820598602295e-01 -3.680241352412849665e-04 9.999999403953552246e-01 1.287772320210933685e-04
9.438832998275756836e-01 2.464431745465844870e-04 -3.302790820598602295e-01 -2.326136309420689940e-04 1.000000000000000000e+00 8.139503916027024388e-05
8.467242717742919922e-01 1.627554884180426598e-04 -5.320319533348083496e-01 -1.378090237267315388e-04 1.000000000000000000e+00 8.659112063469365239e-05
8.467242717742919922e-01 5.300444900058209896e-05 -5.320319533348083496e-01 -4.488015474635176361e-05 1.000000000000000000e+00 2.820006011461373419e-05
7.071068286895751953e-01 7.028151594568043947e-05 -7.071068286895751953e-01 -4.969654037267901003e-05 1.000000000000000000e+00 4.969654037267901003e-05
7.071068286895751953e-01 6.641794607276096940e-05 -7.071068286895751953e-01 -4.696458199759945273e-05 1.000000000000000000e+00 4.696458199759945273e-05
5.320319533348083496e-01 -1.413032623531762511e-05 -8.467242717742919922e-01 7.517784979427233338e-06 1.000000000000000000e+00 -1.196449011331424117e-05
5.320319533348083496e-01 -3.649395512184128165e-05 -8.467242717742919922e-01 1.941595110110938549e-05 1.000000000000000000e+00 -3.090031896135769784e-05
3.302791118621826172e-01 -7.486483809771016240e-05 -9.438833594322204590e-01 2.472629239491652697e-05 1.000000000000000000e+00 -7.066367834340780973e-05
3.302791118621826172e-01 -1.170978212030604482e-04 -9.438833594322204590e-01 3.867496343445964158e-05 1.000000000000000000e+00 -1.105266856029629707e-04
3.330215986352413893e-04 -0.000000000000000000e+00 -9.999999403953552246e-01 -9.999999403953552246e-01 0.000000000000000000e+00 -3.330215986352413893e-04
3.330128383822739124e-04 0.000000000000000000e+00 -9.999999403953552246e-01 -9.999999403953552246e-01 0.000000000000000000e+00 -3.330128383822739124e-04
3.329338214825838804e-04 -0.000000000000000000e+00 -9.999999403953552246e-01 -9.999999403953552246e-01 0.000000000000000000e+00 -3.329338214825838804e-04
3.340836847200989723e-04 0.000000000000000000e+00 -9.999999403953552246e-01 -9.999999403953552246e-01 0.000000000000000000e+00 -3.340836847200989723e-04
3.350638435222208500e-04 0.000000000000000000e+00 -9.999999403953552246e-01 -9.999999403953552246e-01 0.000000000000000000e+00 -3.350638435222208500e-04
3.368749457877129316e-04 0.000000000000000000e+00 -9.999999403953552246e-01 -9.999999403953552246e-01 0.000000000000000000e+00 -3.368749457877129316e-04
3.385104646440595388e-04 0.000000000000000000e+00 -9.999999403953552246e-01 -9.999999403953552246e-01 0.000000000000000000e+00 -3.385104646440595388e-04
3.391512436792254448e-04 0.000000000000000000e+00 -9.999999403953552246e-01 -9.999999403953552246e-01 0.000000000000000000e+00 -3.391512436792254448e-04
3.401079738978296518e-04 0.000000000000000000e+00 -9.999999403953552246e-01 -9.999999403953552246e-01 0.000000000000000000e+00 -3.401079738978296518e-04
3.418488486204296350e-04 0.000000000000000000e+00 -9.999999403953552246e-01 -9.999999403953552246e-01 0.000000000000000000e+00 -3.418488486204296350e-04
3.430338110774755478e-04 0.000000000000000000e+00 -9.999999403953552246e-01 -9.999999403953552246e-01 0.000000000000000000e+00 -3.430338110774755478e-04
3.451696829870343208e-04 0.000000000000000000e+00 -9.999999403953552246e-01 -9.999999403953552246e-01 0.000000000000000000e+00 -3.451696829870343208e-04
3.472089883871376514e-04 0.000000000000000000e+00 -9.999999403953552246e-01 -9.999999403953552246e-01 -0.000000000000000000e+00 -3.472089883871376514e-04
3.477356513030827045e-04 0.000000000000000000e+00 -9.999999403953552246e-01 -9.999999403953552246e-01 0.000000000000000000e+00 -3.477356513030827045e-04
3.473494143690913916e-04 0.000000000000000000e+00 -9.999999403953552246e-01 -9.999999403953552246e-01 -0.000000000000000000e+00 -3.473494143690913916e-04
3.494589473120868206e-04 0.000000000000000000e+00 -9.999999403953552246e-01 -9.999999403953552246e-01 0.000000000000000000e+00 -3.494589473120868206e-04
3.515362914185971022e-04 -0.000000000000000000e+00 -9.999999403953552246e-01 -9.999999403953552246e-01 0.000000000000000000e+00 -3.515362914185971022e-04
3.528412198647856712e-04 0.000000000000000000e+00 -9.999999403953552246e-01 -9.999999403953552246e-01 0.000000000000000000e+00 -3.528412198647856712e-04
3.535492869559675455e-04 -0.000000000000000000e+00 -9.999999403953552246e-01 -9.999999403953552246e-01 0.000000000000000000e+00 -3.535492869559675455e-04
3.549566026777029037e-04 0.000000000000000000e+00 -9.999999403953552246e-01 -9.999999403953552246e-01 0.000000000000000000e+00 -3.549566026777029037e-04
3.558489843271672726e-04 0.000000000000000000e+00 -9.999999403953552246e-01 -9.999999403953552246e-01 -0.000000000000000000e+00 -3.558489843271672726e-04
3.559104225132614374e-04 -0.000000000000000000e+00 -9.999999403953552246e-01 -9.999999403953552246e-01 0.000000000000000000e+00 -3.559104225132614374e-04
3.556822193786501884e-04 0.000000000000000000e+00 -9.999999403953552246e-01 -9.999999403953552246e-01 -0.000000000000000000e+00 -3.556822193786501884e-04
3.540291218087077141e-04 -0.000000000000000000e+00 -9.999999403953552246e-01 -9.999999403953552246e-01 0.000000000000000000e+00 -3.540291218087077141e-04
3.502138133626431227e-04 -0.000000000000000000e+00 -9.999999403953552246e-01 -9.999999403953552246e-01 0.000000000000000000e+00 -3.502138133626431227e-04
3.497047291602939367e-04 -0.000000000000000000e+00 -9.999999403953552246e-01 -9.999999403953552246e-01 0.000000000000000000e+00 -3.497047291602939367e-04
3.499036829452961683e-04 -0.000000000000000000e+00 -9.999999403953552246e-01 -9.999999403953552246e-01 0.000000000000000000e+00 -3.499036829452961683e-04
3.503513289615511894e-04 -0.000000000000000000e+00 -9.999999403953552246e-01 -9.999999403953552246e-01 0.000000000000000000e+00 -3.503513289615511894e-04
3.535814466886222363e-04 -0.000000000000000000e+00 -9.999999403953552246e-01 -9.999999403953552246e-01 0.000000000000000000e+00 -3.535814466886222363e-04
3.533971321303397417e-04 -0.000000000000000000e+00 -9.999999403953552246e-01 -9.999999403953552246e-01 0.000000000000000000e+00 -3.533971321303397417e-04
3.554744762368500233e-04 -0.000000000000000000e+00 -9.999999403953552246e-01 -9.999999403953552246e-01 0.000000000000000000e+00 -3.554744762368500233e-04
3.542397753335535526e-04 0.000000000000000000e+00 -9.999999403953552246e-01 -9.999999403953552246e-01 0.000000000000000000e+00 -3.542397753335535526e-04
3.530489630065858364e-04 -0.000000000000000000e+00 -9.999999403953552246e-01 -9.999999403953552246e-01 0.000000000000000000e+00 -3.530489630065858364e-04
3.523789346218109131e-04 0.000000000000000000e+00 -9.999999403953552246e-01 -9.999999403953552246e-01 0.000000000000000000e+00 -3.523789346218109131e-04
3.506877983454614878e-04 -0.000000000000000000e+00 -9.999999403953552246e-01 -9.999999403953552246e-01 0.000000000000000000e+00 -3.506877983454614878e-04
3.505795611999928951e-04 0.000000000000000000e+00 -9.999999403953552246e-01 -9.999999403953552246e-01 0.000000000000000000e+00 -3.505795611999928951e-04
3.499300219118595123e-04 -0.000000000000000000e+00 -9.999999403953552246e-01 -9.999999403953552246e-01 0.000000000000000000e+00 -3.499300219118595123e-04
3.486777422949671745e-04 0.000000000000000000e+00 -9.999999403953552246e-01 -9.999999403953552246e-01 0.000000000000000000e+00 -3.486777422949671745e-04
3.475688572507351637e-04 -0.000000000000000000e+00 -9.999999403953552246e-01 -9.999999403953552246e-01 0.000000000000000000e+00 -3.475688572507351637e-04
3.460064763203263283e-04 0.000000000000000000e+00 -9.999999403953552246e-01 -9.999999403953552246e-01 0.000000000000000000e+00 -3.460064763203263283e-04
3.434288082644343376e-04 -0.000000000000000000e+00 -9.999999403953552246e-01 -9.999999403953552246e-01 0.000000000000000000e+00 -3.434288082644343376e-04
3.407341137062758207e-04 0.000000000000000000e+00 -9.999999403953552246e-01 -9.999999403953552246e-01 0.000000000000000000e+00 -3.407341137062758207e-04
3.407897020224481821e-04 0.000000000000000000e+00 -9.999999403953552246e-01 -9.999999403953552246e-01 0.000000000000000000e+00 -3.407897020224481821e-04
3.380628186278045177e-04 0.000000000000000000e+00 -9.999999403953552246e-01 -9.999999403953552246e-01 0.000000000000000000e+00 -3.380628186278045177e-04
3.388381737750023603e-04 0.000000000000000000e+00 -9.999999403953552246e-01 -9.999999403953552246e-01 0.000000000000000000e+00 -3.388381737750023603e-04
3.386743192095309496e-04 0.000000000000000000e+00 -9.999999403953552246e-01 -9.999999403953552246e-01 0.000000000000000000e+00 -3.386743192095309496e-04
3.438881540205329657e-04 0.000000000000000000e+00 -9.999999403953552246e-01 -9.999999403953552246e-01 0.000000000000000000e+00 -3.438881540205329657e-04
3.412256482988595963e-04 0.000000000000000000e+00 -9.999999403953552246e-01 -9.999999403953552246e-01 0.000000000000000000e+00 -3.412256482988595963e-04
3.405995084904134274e-04 0.000000000000000000e+00 -9.999999403953552246e-01 -9.999999403953552246e-01 0.000000000000000000e+00 -3.405995084904134274e-04
3.345547593198716640e-04 0.000000000000000000e+00 -9.999999403953552246e-01 -9.999999403953552246e-01 0.000000000000000000e+00 -3.345547593198716640e-04
3.342212003190070391e-04 0.000000000000000000e+00 -9.999999403953552246e-01 -9.999999403953552246e-01 0.000000000000000000e+00 -3.342212003190070391e-04
3.309208550490438938e-04 0.000000000000000000e+00 -9.999999403953552246e-01 -9.999999403953552246e-01 0.000000000000000000e+00 -3.309208550490438938e-04
3.326822188682854176e-04 0.000000000000000000e+00 -9.999999403953552246e-01 -9.999999403953552246e-01 0.000000000000000000e+00 -3.326822188682854176e-04
3.302713157609105110e-04 0.000000000000000000e+00 -9.999999403953552246e-01 -9.999999403953552246e-01 0.000000000000000000e+00 -3.302713157609105110e-04
3.318805247545242310e-04 0.000000000000000000e+00 -9.999999403953552246e-01 -9.999999403953552246e-01 0.000000000000000000e+00 -3.318805247545242310e-04
3.319683019071817398e-04 0.000000000000000000e+00 -9.999999403953552246e-01 -9.999999403953552246e-01 0.000000000000000000e+00 -3.319683019071817398e-04
3.334107459522783756e-04 0.000000000000000000e+00 -9.999999403953552246e-01 -9.999999403953552246e-01 0.000000000000000000e+00 -3.334107459522783756e-04
3.328431339468806982e-04 0.000000000000000000e+00 -9.999999403953552246e-01 -9.999999403953552246e-01 0.000000000000000000e+00 -3.328431339468806982e-04
3.332264022901654243e-04 0.000000000000000000e+00 -9.999999403953552246e-01 -9.999999403953552246e-01 0.000000000000000000e+00 -3.332264022901654243e-04
2.935433294624090195e-04 -0.000000000000000000e+00 1.000000000000000000e+00 -1.000000000000000000e+00 0.000000000000000000e+00 2.935433294624090195e-04
2.941284910775721073e-04 0.000000000000000000e+00 1.000000000000000000e+00 -1.000000000000000000e+00 0.000000000000000000e+00 2.941284910775721073e-04
2.939587866421788931e-04 -0.000000000000000000e+00 1.000000000000000000e+00 -1.000000000000000000e+00 0.000000000000000000e+00 2.939587866421788931e-04
2.938359102699905634e-04 0.000000000000000000e+00 1.000000000000000000e+00 -1.000000000000000000e+00 0.000000000000000000e+00 2.938359102699905634e-04
2.936749951913952827e-04 0.000000000000000000e+00 1.000000000000000000e+00 -1.000000000000000000e+00 0.000000000000000000e+00 2.936749951913952827e-04
2.936457458417862654e-04 0.000000000000000000e+00 1.000000000000000000e+00 -1.000000000000000000e+00 0.000000000000000000e+00 2.936457458417862654e-04
2.928031026385724545e-04 0.000000000000000000e+00 1.000000000000000000e+00 -1.000000000000000000e+00 0.000000000000000000e+00 2.928031026385724545e-04
2.911353658419102430e-04 0.000000000000000000e+00 1.000000000000000000e+00 -1.000000000000000000e+00 0.000000000000000000e+00 2.911353658419102430e-04
2.910856273956596851e-04 0.000000000000000000e+00 1.000000000000000000e+00 -1.000000000000000000e+00 0.000000000000000000e+00 2.910856273956596851e-04
2.906379813794046640e-04 0.000000000000000000e+00 1.000000000000000000e+00 -1.000000000000000000e+00 0.000000000000000000e+00 2.906379813794046640e-04
2.896753721870481968e-04 0.000000000000000000e+00 1.000000000000000000e+00 -1.000000000000000000e+00 0.000000000000000000e+00 2.896753721870481968e-04
2.891165495384484529e-04 0.000000000000000000e+00 1.000000000000000000e+00 -1.000000000000000000e+00 0.000000000000000000e+00 2.891165495384484529e-04
2.859390806406736374e-04 0.000000000000000000e+00 1.000000000000000000e+00 -1.000000000000000000e+00 -0.000000000000000000e+00 2.859390806406736374e-04
2.840987290255725384e-04 0.000000000000000000e+00 1.000000000000000000e+00 -1.000000000000000000e+00 0.000000000000000000e+00 2.840987290255725384e-04
2.825480478350073099e-04 0.000000000000000000e+00 1.000000000000000000e+00 -1.000000000000000000e+00 -0.000000000000000000e+00 2.825480478350073099e-04
2.832092868629842997e-04 0.000000000000000000e+00 1.000000000000000000e+00 -1.000000000000000000e+00 0.000000000000000000e+00 2.832092868629842997e-04
2.807720447890460491e-04 0.000000000000000000e+00 1.000000000000000000e+00 -1.000000000000000000e+00 -0.000000000000000000e+00 2.807720447890460491e-04
2.805233525577932596e-04 0.000000000000000000e+00 1.000000000000000000e+00 -1.000000000000000000e+00 0.000000000000000000e+00 2.805233525577932596e-04
2.781475777737796307e-04 0.000000000000000000e+00 1.000000000000000000e+00 -1.000000000000000000e+00 -0.000000000000000000e+00 2.781475777737796307e-04
2.784489479381591082e-04 0.000000000000000000e+00 1.000000000000000000e+00 -1.000000000000000000e+00 0.000000000000000000e+00 2.784489479381591082e-04
2.800493675749748945e-04 0.000000000000000000e+00 1.000000000000000000e+00 -1.000000000000000000e+00 -0.000000000000000000e+00 2.800493675749748945e-04
2.803741372190415859e-04 0.000000000000000000e+00 1.000000000000000000e+00 -1.000000000000000000e+00 -0.000000000000000000e+00 2.803741372190415859e-04
2.826065465342253447e-04 0.000000000000000000e+00 1.000000000000000000e+00 -1.000000000000000000e+00 -0.000000000000000000e+00 2.826065465342253447e-04
2.829020668286830187e-04 0.000000000000000000e+00 1.000000000000000000e+00 -1.000000000000000000e+00 -0.000000000000000000e+00 2.829020668286830187e-04
2.842888934537768364e-04 0.000000000000000000e+00 1.000000000000000000e+00 -1.000000000000000000e+00 -0.000000000000000000e+00 2.842888934537768364e-04
2.855089842341840267e-04 -0.000000000000000000e+00 1.000000000000000000e+00 -1.000000000000000000e+00 0.000000000000000000e+00 2.855089842341840267e-04
2.863282279577106237e-04 0.000000000000000000e+00 1.000000000000000000e+00 -1.000000000000000000e+00 -0.000000000000000000e+00 2.863282279577106237e-04
2.866676077246665955e-04 -0.000000000000000000e+00 1.000000000000000000e+00 -1.000000000000000000e+00 0.000000000000000000e+00 2.866676077246665955e-04
2.863135887309908867e-04 0.000000000000000000e+00 1.000000000000000000e+00 -1.000000000000000000e+00 -0.000000000000000000e+00 2.863135887309908867e-04
2.851637254934757948e-04 -0.000000000000000000e+00 1.000000000000000000e+00 -1.000000000000000000e+00 0.000000000000000000e+00 2.851637254934757948e-04
2.860868407879024744e-04 0.000000000000000000e+00 1.000000000000000000e+00 -1.000000000000000000e+00 -0.000000000000000000e+00 2.860868407879024744e-04
2.847131399903446436e-04 0.000000000000000000e+00 1.000000000000000000e+00 -1.000000000000000000e+00 0.000000000000000000e+00 2.847131399903446436e-04
2.854285121429711580e-04 0.000000000000000000e+00 1.000000000000000000e+00 -1.000000000000000000e+00 -0.000000000000000000e+00 2.854285121429711580e-04
2.847263240255415440e-04 0.000000000000000000e+00 1.000000000000000000e+00 -1.000000000000000000e+00 0.000000000000000000e+00 2.847263240255415440e-04
2.855338389053940773e-04 0.000000000000000000e+00 1.000000000000000000e+00 -1.000000000000000000e+00 -0.000000000000000000e+00 2.855338389053940773e-04
2.833029138855636120e-04 0.000000000000000000e+00 1.000000000000000000e+00 -1.000000000000000000e+00 0.000000000000000000e+00 2.833029138855636120e-04
2.827850403264164925e-04 0.000000000000000000e+00 1.000000000000000000e+00 -1.000000000000000000e+00 -0.000000000000000000e+00 2.827850403264164925e-04
2.816717606037855148e-04 0.000000000000000000e+00 1.000000000000000000e+00 -1.000000000000000000e+00 0.000000000000000000e+00 2.816717606037855148e-04
2.814918116200715303e-04 -0.000000000000000000e+00 1.000000000000000000e+00 -1.000000000000000000e+00 0.000000000000000000e+00 2.814918116200715303e-04
2.815240004565566778e-04 0.000000000000000000e+00 1.000000000000000000e+00 -1.000000000000000000e+00 0.000000000000000000e+00 2.815240004565566778e-04
2.817609929479658604e-04 -0.000000000000000000e+00 1.000000000000000000e+00 -1.000000000000000000e+00 0.000000000000000000e+00 2.817609929479658604e-04
2.807632845360785723e-04 0.000000000000000000e+00 1.000000000000000000e+00 -1.000000000000000000e+00 0.000000000000000000e+00 2.807632845360785723e-04
2.796426706481724977e-04 0.000000000000000000e+00 1.000000000000000000e+00 -1.000000000000000000e+00 0.000000000000000000e+00 2.796426706481724977e-04
2.813308965414762497e-04 0.000000000000000000e+00 1.000000000000000000e+00 -1.000000000000000000e+00 0.000000000000000000e+00 2.813308965414762497e-04
2.803185489028692245e-04 0.000000000000000000e+00 1.000000000000000000e+00 -1.000000000000000000e+00 0.000000000000000000e+00 2.803185489028692245e-04
2.846809802576899529e-04 0.000000000000000000e+00 1.000000000000000000e+00 -1.000000000000000000e+00 0.000000000000000000e+00 2.846809802576899529e-04
2.874605124816298485e-04 0.000000000000000000e+00 1.000000000000000000e+00 -1.000000000000000000e+00 0.000000000000000000e+00 2.874605124816298485e-04
2.927796740550547838e-04 0.000000000000000000e+00 1.000000000000000000e+00 -1.000000000000000000e+00 0.000000000000000000e+00 2.927796740550547838e-04
2.939207479357719421e-04 0.000000000000000000e+00 1.000000000000000000e+00 -1.000000000000000000e+00 0.000000000000000000e+00 2.939207479357719421e-04
2.983446174766868353e-04 0.000000000000000000e+00 1.000000000000000000e+00 -1.000000000000000000e+00 0.000000000000000000e+00 2.983446174766868353e-04
2.977887052111327648e-04 0.000000000000000000e+00 1.000000000000000000e+00 -1.000000000000000000e+00 0.000000000000000000e+00 2.977887052111327648e-04
2.970982168335467577e-04 0.000000000000000000e+00 1.000000000000000000e+00 -1.000000000000000000e+00 0.000000000000000000e+00 2.970982168335467577e-04
2.952783543150871992e-04 0.000000000000000000e+00 1.000000000000000000e+00 -1.000000000000000000e+00 0.000000000000000000e+00 2.952783543150871992e-04
2.937569224741309881e-04 0.000000000000000000e+00 1.000000000000000000e+00 -1.000000000000000000e+00 0.000000000000000000e+00 2.937569224741309881e-04
2.924344444181770086e-04 0.000000000000000000e+00 1.000000000000000000e+00 -1.000000000000000000e+00 0.000000000000000000e+00 2.924344444181770086e-04
2.920745464507490396e-04 0.000000000000000000e+00 1.000000000000000000e+00 -1.000000000000000000e+00 0.000000000000000000e+00 2.920745464507490396e-04
2.913957578130066395e-04 0.000000000000000000e+00 1.000000000000000000e+00 -1.000000000000000000e+00 0.000000000000000000e+00 2.913957578130066395e-04
2.923232677858322859e-04 0.000000000000000000e+00 1.000000000000000000e+00 -1.000000000000000000e+00 0.000000000000000000e+00 2.923232677858322859e-04
2.930400951299816370e-04 0.000000000000000000e+00 1.000000000000000000e+00 -1.000000000000000000e+00 0.000000000000000000e+00 2.930400951299816370e-04
1.564343571662902832e-01 2.589219075161963701e-04 9.876883625984191895e-01 -4.050428105983883142e-05 1.000000000000000000e+00 -2.557341649662703276e-04
1.564343571662902832e-01 2.713537833187729120e-04 9.876883625984191895e-01 -4.244905358063988388e-05 1.000000000000000000e+00 -2.680129837244749069e-04
4.539785087108612061e-01 -7.786386646330356598e-03 8.909786343574523926e-01 3.534959163516759872e-03 9.999697208404541016e-01 6.937714293599128723e-03
4.539758265018463135e-01 -8.506314828991889954e-03 8.909733891487121582e-01 3.861801000311970711e-03 9.999638199806213379e-01 7.579174358397722244e-03
7.069500684738159180e-01 -2.106614224612712860e-02 7.069497108459472656e-01 1.489601377397775650e-02 9.997780919075012207e-01 1.489600632339715958e-02
7.069236636161804199e-01 -2.276795357465744019e-02 7.069233059883117676e-01 1.609937846660614014e-02 9.997407793998718262e-01 1.609936915338039398e-02
8.907579779624938965e-01 -2.355329319834709167e-02 4.538673460483551025e-01 2.098610624670982361e-02 9.997225999832153320e-01 1.069303695112466812e-02
8.907383680343627930e-01 -2.446900494396686554e-02 4.538573622703552246e-01 2.180201001465320587e-02 9.997006058692932129e-01 1.110876444727182388e-02
9.876882433891296387e-01 9.474135003983974457e-04 1.564322710037231445e-01 -9.357495582662522793e-04 9.999995827674865723e-01 -1.482061052229255438e-04
9.876884222030639648e-01 7.439947803504765034e-04 1.564323008060455322e-01 -7.348352228291332722e-04 9.999997615814208984e-01 -1.163848355645313859e-04
9.875668287277221680e-01 1.570647954940795898e-02 -1.564130485057830811e-01 -1.551311090588569641e-02 9.998766779899597168e-01 2.457001246511936188e-03
9.875686168670654297e-01 1.559221744537353516e-02 -1.564133316278457642e-01 -1.540025603026151657e-02 9.998784661293029785e-01 2.439127070829272270e-03
8.907504677772521973e-01 2.390933781862258911e-02 -4.538635015487670898e-01 -2.130334265530109406e-02 9.997141361236572266e-01 1.085467915982007980e-02
8.907475471496582031e-01 2.404162473976612091e-02 -4.538620114326477051e-01 -2.142121456563472748e-02 9.997109770774841309e-01 1.091473829001188278e-02
7.069630026817321777e-01 2.017993479967117310e-02 -7.069626450538635254e-01 -1.426937244832515717e-02 9.997963905334472656e-01 1.426936499774456024e-02
7.069592475891113281e-01 2.044001035392284393e-02 -7.069588899612426758e-01 -1.445327326655387878e-02 9.997910857200622559e-01 1.445326581597328186e-02
4.539905190467834473e-01 2.763609867542982101e-03 -8.910022377967834473e-01 -1.254657399840652943e-03 9.999961853027343750e-01 2.462391974404454231e-03
4.539898037910461426e-01 3.280476899817585945e-03 -8.910008668899536133e-01 -1.489311107434332371e-03 9.999946355819702148e-01 2.922923304140567780e-03
1.564343571662902832e-01 2.279065520269796252e-04 -9.876883625984191895e-01 -3.565241422620601952e-05 1.000000000000000000e+00 2.251006517326459289e-04
1.564343571662902832e-01 2.632550604175776243e-04 -9.876883625984191895e-01 -4.118213473702780902e-05 1.000000000000000000e+00 2.600139705464243889e-04
-0.000000000000000000e+00 -6.688490393571555614e-04 -9.999997615814208984e-01 0.000000000000000000e+00 9.999997615814208984e-01 -6.688490393571555614e-04
-0.000000000000000000e+00 -4.184691933915019035e-04 -9.999999403953552246e-01 0.000000000000000000e+00 9.999999403953552246e-01 -4.184691933915019035e-04
2.181649761041626334e-04 0.000000000000000000e+00 1.000000000000000000e+00 -1.000000000000000000e+00 0.000000000000000000e+00 2.181649761041626334e-04
2.181269373977556825e-04 0.000000000000000000e+00 1.000000000000000000e+00 -1.000000000000000000e+00 0.000000000000000000e+00 2.181269373977556825e-04
2.188467042287811637e-04 0.000000000000000000e+00 1.000000000000000000e+00 -1.000000000000000000e+00 0.000000000000000000e+00 2.188467042287811637e-04
2.190661325585097075e-04 0.000000000000000000e+00 1.000000000000000000e+00 -1.000000000000000000e+00 0.000000000000000000e+00 2.190661325585097075e-04
2.192855754401534796e-04 0.000000000000000000e+00 1.000000000000000000e+00 -1.000000000000000000e+00 0.000000000000000000e+00 2.192855754401534796e-04
2.168922364944592118e-04 0.000000000000000000e+00 1.000000000000000000e+00 -1.000000000000000000e+00 0.000000000000000000e+00 2.168922364944592118e-04
2.041472907876595855e-04 0.000000000000000000e+00 1.000000000000000000e+00 -1.000000000000000000e+00 0.000000000000000000e+00 2.041472907876595855e-04
2.092002105200663209e-04 0.000000000000000000e+00 1.000000000000000000e+00 -1.000000000000000000e+00 0.000000000000000000e+00 2.092002105200663209e-04
2.072545321425423026e-04 0.000000000000000000e+00 1.000000000000000000e+00 -1.000000000000000000e+00 0.000000000000000000e+00 2.072545321425423026e-04
2.057009114651009440e-04 0.000000000000000000e+00 1.000000000000000000e+00 -1.000000000000000000e+00 0.000000000000000000e+00 2.057009114651009440e-04
2.049636095762252808e-04 0.000000000000000000e+00 1.000000000000000000e+00 -1.000000000000000000e+00 0.000000000000000000e+00 2.049636095762252808e-04
2.044486609520390630e-04 0.000000000000000000e+00 1.000000000000000000e+00 -1.000000000000000000e+00 0.000000000000000000e+00 2.044486609520390630e-04
2.195781562477350235e-04 0.000000000000000000e+00 1.000000000000000000e+00 -1.000000000000000000e+00 0.000000000000000000e+00 2.195781562477350235e-04
2.196161949541419744e-04 0.000000000000000000e+00 1.000000000000000000e+00 -1.000000000000000000e+00 -0.000000000000000000e+00 2.196161949541419744e-04
2.192738757003098726e-04 0.000000000000000000e+00 1.000000000000000000e+00 -1.000000000000000000e+00 -0.000000000000000000e+00 2.192738757003098726e-04
2.193675027228891850e-04 0.000000000000000000e+00 1.000000000000000000e+00 -1.000000000000000000e+00 0.000000000000000000e+00 2.193675027228891850e-04
2.097385731758549809e-04 0.000000000000000000e+00 1.000000000000000000e+00 -1.000000000000000000e+00 0.000000000000000000e+00 2.097385731758549809e-04
2.098877885146066546e-04 0.000000000000000000e+00 1.000000000000000000e+00 -1.000000000000000000e+00 0.000000000000000000e+00 2.098877885146066546e-04
2.108445332851260900e-04 0.000000000000000000e+00 1.000000000000000000e+00 -1.000000000000000000e+00 0.000000000000000000e+00 2.108445332851260900e-04
2.115759998559951782e-04 0.000000000000000000e+00 1.000000000000000000e+00 -1.000000000000000000e+00 0.000000000000000000e+00 2.115759998559951782e-04
4.798049340024590492e-04 -0.000000000000000000e+00 -9.999998807907104492e-01 -9.999998807907104492e-01 0.000000000000000000e+00 -4.798049340024590492e-04
4.807646037079393864e-04 0.000000000000000000e+00 -9.999998807907104492e-01 -9.999998807907104492e-01 0.000000000000000000e+00 -4.807646037079393864e-04
4.819144669454544783e-04 -0.000000000000000000e+00 -9.999998807907104492e-01 -9.999998807907104492e-01 0.000000000000000000e+00 -4.819144669454544783e-04
4.800916649401187897e-04 0.000000000000000000e+00 -9.999998807907104492e-01 -9.999998807907104492e-01 0.000000000000000000e+00 -4.800916649401187897e-04
4.785819328390061855e-04 0.000000000000000000e+00 -9.999998807907104492e-01 -9.999998807907104492e-01 0.000000000000000000e+00 -4.785819328390061855e-04
4.780552699230611324e-04 0.000000000000000000e+00 -9.999998807907104492e-01 -9.999998807907104492e-01 0.000000000000000000e+00 -4.780552699230611324e-04
4.758287104777991772e-04 0.000000000000000000e+00 -9.999998807907104492e-01 -9.999998807907104492e-01 0.000000000000000000e+00 -4.758287104777991772e-04
4.738771822303533554e-04 0.000000000000000000e+00 -9.999998807907104492e-01 -9.999998807907104492e-01 0.000000000000000000e+00 -4.738771822303533554e-04
4.736752889584749937e-04 0.000000000000000000e+00 -9.999998807907104492e-01 -9.999998807907104492e-01 0.000000000000000000e+00 -4.736752889584749937e-04
4.720221913885325193e-04 0.000000000000000000e+00 -9.999998807907104492e-01 -9.999998807907104492e-01 0.000000000000000000e+00 -4.720221913885325193e-04
4.716857220046222210e-04 0.000000000000000000e+00 -9.999998807907104492e-01 -9.999998807907104492e-01 0.000000000000000000e+00 -4.716857220046222210e-04
4.729906504508107901e-04 0.000000000000000000e+00 -9.999998807907104492e-01 -9.999998807907104492e-01 0.000000000000000000e+00 -4.729906504508107901e-04
4.729263018816709518e-04 0.000000000000000000e+00 -9.999998807907104492e-01 -9.999998807907104492e-01 -0.000000000000000000e+00 -4.729263018816709518e-04
4.750767839141190052e-04 0.000000000000000000e+00 -9.999998807907104492e-01 -9.999998807907104492e-01 0.000000000000000000e+00 -4.750767839141190052e-04
4.735933907795697451e-04 0.000000000000000000e+00 -9.999998807907104492e-01 -9.999998807907104492e-01 -0.000000000000000000e+00 -4.735933907795697451e-04
4.720075812656432390e-04 0.000000000000000000e+00 -9.999998807907104492e-01 -9.999998807907104492e-01 0.000000000000000000e+00 -4.720075812656432390e-04
4.724054888356477022e-04 0.000000000000000000e+00 -9.999998807907104492e-01 -9.999998807907104492e-01 -0.000000000000000000e+00 -4.724054888356477022e-04
4.723177116829901934e-04 0.000000000000000000e+00 -9.999998807907104492e-01 -9.999998807907104492e-01 0.000000000000000000e+00 -4.723177116829901934e-04
4.710098728537559509e-04 0.000000000000000000e+00 -9.999998807907104492e-01 -9.999998807907104492e-01 -0.000000000000000000e+00 -4.710098728537559509e-04
4.712556255981326103e-04 0.000000000000000000e+00 -9.999998807907104492e-01 -9.999998807907104492e-01 0.000000000000000000e+00 -4.712556255981326103e-04
4.748748906422406435e-04 -0.000000000000000000e+00 -9.999998807907104492e-01 -9.999998807907104492e-01 0.000000000000000000e+00 -4.748748906422406435e-04
4.743189783766865730e-04 0.000000000000000000e+00 -9.999998807907104492e-01 -9.999998807907104492e-01 0.000000000000000000e+00 -4.743189783766865730e-04
4.753430257551372051e-04 -0.000000000000000000e+00 -9.999998807907104492e-01 -9.999998807907104492e-01 0.000000000000000000e+00 -4.753430257551372051e-04
4.755595291499048471e-04 0.000000000000000000e+00 -9.999998807907104492e-01 -9.999998807907104492e-01 0.000000000000000000e+00 -4.755595291499048471e-04
4.747373750433325768e-04 -0.000000000000000000e+00 -9.999998807907104492e-01 -9.999998807907104492e-01 0.000000000000000000e+00 -4.747373750433325768e-04
4.750021616928279400e-04 0.000000000000000000e+00 -9.999998807907104492e-01 -9.999998807907104492e-01 0.000000000000000000e+00 -4.750021616928279400e-04
4.737513663712888956e-04 0.000000000000000000e+00 -9.999998807907104492e-01 -9.999998807907104492e-01 -0.000000000000000000e+00 -4.737513663712888956e-04
4.731076769530773163e-04 -0.000000000000000000e+00 -9.999998807907104492e-01 -9.999998807907104492e-01 0.000000000000000000e+00 -4.731076769530773163e-04
4.738523275591433048e-04 -0.000000000000000000e+00 -9.999998807907104492e-01 -9.999998807907104492e-01 0.000000000000000000e+00 -4.738523275591433048e-04
4.723718448076397181e-04 -0.000000000000000000e+00 -9.999998807907104492e-01 -9.999998807907104492e-01 0.000000000000000000e+00 -4.723718448076397181e-04
4.744535835925489664e-04 -0.000000000000000000e+00 -9.999998807907104492e-01 -9.999998807907104492e-01 0.000000000000000000e+00 -4.744535835925489664e-04
4.725576436612755060e-04 -0.000000000000000000e+00 -9.999998807907104492e-01 -9.999998807907104492e-01 0.000000000000000000e+00 -4.725576436612755060e-04
4.730359942186623812e-04 -0.000000000000000000e+00 -9.999998807907104492e-01 -9.999998807907104492e-01 0.000000000000000000e+00 -4.730359942186623812e-04
4.723542951978743076e-04 -0.000000000000000000e+00 -9.999998807907104492e-01 -9.999998807907104492e-01 0.000000000000000000e+00 -4.723542951978743076e-04
4.738932766485959291e-04 -0.000000000000000000e+00 -9.999998807907104492e-01 -9.999998807907104492e-01 0.000000000000000000e+00 -4.738932766485959291e-04
4.749568179249763489e-04 -0.000000000000000000e+00 -9.999998807907104492e-01 -9.999998807907104492e-01 0.000000000000000000e+00 -4.749568179249763489e-04
4.760627925861626863e-04 -0.000000000000000000e+00 -9.999998807907104492e-01 -9.999998807907104492e-01 0.000000000000000000e+00 -4.760627925861626863e-04
4.764694895129650831e-04 -0.000000000000000000e+00 -9.999998807907104492e-01 -9.999998807907104492e-01 0.000000000000000000e+00 -4.764694895129650831e-04
4.763465840369462967e-04 -0.000000000000000000e+00 -9.999998807907104492e-01 -9.999998807907104492e-01 0.000000000000000000e+00 -4.763465840369462967e-04
4.748734354507178068e-04 -0.000000000000000000e+00 -9.999998807907104492e-01 -9.999998807907104492e-01 0.000000000000000000e+00 -4.748734354507178068e-04
4.755478294100612402e-04 -0.000000000000000000e+00 -9.999998807907104492e-01 -9.999998807907104492e-01 0.000000000000000000e+00 -4.755478294100612402e-04
4.763685283251106739e-04 0.000000000000000000e+00 -9.999998807907104492e-01 -9.999998807907104492e-01 0.000000000000000000e+00 -4.763685283251106739e-04
4.775827692355960608e-04 -0.000000000000000000e+00 -9.999998807907104492e-01 -9.999998807907104492e-01 0.000000000000000000e+00 -4.775827692355960608e-04
4.780786985065788031e-04 0.000000000000000000e+00 -9.999998807907104492e-01 -9.999998807907104492e-01 0.000000000000000000e+00 -4.780786985065788031e-04
4.789081576745957136e-04 -0.000000000000000000e+00 -9.999998807907104492e-01 -9.999998807907104492e-01 0.000000000000000000e+00 -4.789081576745957136e-04
4.797625006176531315e-04 0.000000000000000000e+00 -9.999998807907104492e-01 -9.999998807907104492e-01 0.000000000000000000e+00 -4.797625006176531315e-04
4.797332512680441141e-04 -0.000000000000000000e+00 -9.999998807907104492e-01 -9.999998807907104492e-01 0.000000000000000000e+00 -4.797332512680441141e-04
4.797274013981223106e-04 0.000000000000000000e+00 -9.999998807907104492e-01 -9.999998807907104492e-01 0.000000000000000000e+00 -4.797274013981223106e-04
4.803710908163338900e-04 -0.000000000000000000e+00 -9.999998807907104492e-01 -9.999998807907104492e-01 0.000000000000000000e+00 -4.803710908163338900e-04
4.783902841154485941e-04 0.000000000000000000e+00 -9.999998807907104492e-01 -9.999998807907104492e-01 0.000000000000000000e+00 -4.783902841154485941e-04
4.782220639754086733e-04 -0.000000000000000000e+00 -9.999998807907104492e-01 -9.999998807907104492e-01 0.000000000000000000e+00 -4.782220639754086733e-04
4.776456626132130623e-04 0.000000000000000000e+00 -9.999998807907104492e-01 -9.999998807907104492e-01 0.000000000000000000e+00 -4.776456626132130623e-04
4.802101466339081526e-04 -0.000000000000000000e+00 -9.999998807907104492e-01 -9.999998807907104492e-01 0.000000000000000000e+00 -4.802101466339081526e-04
4.791919782292097807e-04 0.000000000000000000e+00 -9.999998807907104492e-01 -9.999998807907104492e-01 0.000000000000000000e+00 -4.791919782292097807e-04
4.774540138896554708e-04 0.000000000000000000e+00 -9.999998807907104492e-01 -9.999998807907104492e-01 0.000000000000000000e+00 -4.774540138896554708e-04
4.735729016829282045e-04 0.000000000000000000e+00 -9.999998807907104492e-01 -9.999998807907104492e-01 0.000000000000000000e+00 -4.735729016829282045e-04
4.724596219602972269e-04 0.000000000000000000e+00 -9.999998807907104492e-01 -9.999998807907104492e-01 0.000000000000000000e+00 -4.724596219602972269e-04
4.746934864670038223e-04 0.000000000000000000e+00 -9.999998807907104492e-01 -9.999998807907104492e-01 0.000000000000000000e+00 -4.746934864670038223e-04
4.755858681164681911e-04 0.000000000000000000e+00 -9.999998807907104492e-01 -9.999998807907104492e-01 0.000000000000000000e+00 -4.755858681164681911e-04
4.779031442012637854e-04 0.000000000000000000e+00 -9.999998807907104492e-01 -9.999998807907104492e-01 0.000000000000000000e+00 -4.779031442012637854e-04
4.784883058164268732e-04 0.000000000000000000e+00 -9.999998807907104492e-01 -9.999998807907104492e-01 0.000000000000000000e+00 -4.784883058164268732e-04
4.842024645768105984e-04 0.000000000000000000e+00 -9.999998807907104492e-01 -9.999998807907104492e-01 0.000000000000000000e+00 -4.842024645768105984e-04
4.851094854529947042e-04 0.000000000000000000e+00 -9.999998807907104492e-01 -9.999998807907104492e-01 0.000000000000000000e+00 -4.851094854529947042e-04
4.866806557402014732e-04 0.000000000000000000e+00 -9.999998807907104492e-01 -9.999998807907104492e-01 0.000000000000000000e+00 -4.866806557402014732e-04
4.865782393608242273e-04 0.000000000000000000e+00 -9.999998807907104492e-01 -9.999998807907104492e-01 0.000000000000000000e+00 -4.865782393608242273e-04
4.870785633102059364e-04 0.000000000000000000e+00 -9.999998807907104492e-01 -9.999998807907104492e-01 0.000000000000000000e+00 -4.870785633102059364e-04
4.860896151512861252e-04 0.000000000000000000e+00 -9.999998807907104492e-01 -9.999998807907104492e-01 0.000000000000000000e+00 -4.860896151512861252e-04
4.863704962190240622e-04 0.000000000000000000e+00 -9.999998807907104492e-01 -9.999998807907104492e-01 0.000000000000000000e+00 -4.863704962190240622e-04
4.866162780672311783e-04 0.000000000000000000e+00 -9.999998807907104492e-01 -9.999998807907104492e-01 0.000000000000000000e+00 -4.866162780672311783e-04
4.877105529885739088e-04 0.000000000000000000e+00 -9.999998807907104492e-01 -9.999998807907104492e-01 0.000000000000000000e+00 -4.877105529885739088e-04
4.864378133788704872e-04 0.000000000000000000e+00 -9.999998807907104492e-01 -9.999998807907104492e-01 0.000000000000000000e+00 -4.864378133788704872e-04
4.879680054727941751e-04 0.000000000000000000e+00 -9.999998807907104492e-01 -9.999998807907104492e-01 0.000000000000000000e+00 -4.879680054727941751e-04
4.858584725297987461e-04 0.000000000000000000e+00 -9.999998807907104492e-01 -9.999998807907104492e-01 0.000000000000000000e+00 -4.858584725297987461e-04
4.846910887863487005e-04 0.000000000000000000e+00 -9.999998807907104492e-01 -9.999998807907104492e-01 0.000000000000000000e+00 -4.846910887863487005e-04
4.838338063564151525e-04 0.000000000000000000e+00 -9.999998807907104492e-01 -9.999998807907104492e-01 0.000000000000000000e+00 -4.838338063564151525e-04
4.835909639950841665e-04 0.000000000000000000e+00 -9.999998807907104492e-01 -9.999998807907104492e-01 0.000000000000000000e+00 -4.835909639950841665e-04
4.809021193068474531e-04 0.000000000000000000e+00 -9.999998807907104492e-01 -9.999998807907104492e-01 0.000000000000000000e+00 -4.809021193068474531e-04
2.507207973394542933e-04 0.000000000000000000e+00 1.000000000000000000e+00 -1.000000000000000000e+00 -0.000000000000000000e+00 2.507207973394542933e-04
2.572746598161756992e-04 0.000000000000000000e+00 1.000000000000000000e+00 -1.000000000000000000e+00 0.000000000000000000e+00 2.572746598161756992e-04
2.572161320131272078e-04 0.000000000000000000e+00 1.000000000000000000e+00 -1.000000000000000000e+00 0.000000000000000000e+00 2.572161320131272078e-04
2.490706101525574923e-04 0.000000000000000000e+00 1.000000000000000000e+00 -1.000000000000000000e+00 0.000000000000000000e+00 2.490706101525574923e-04
2.496001834515482187e-04 0.000000000000000000e+00 1.000000000000000000e+00 -1.000000000000000000e+00 0.000000000000000000e+00 2.496001834515482187e-04
2.495124062988907099e-04 0.000000000000000000e+00 1.000000000000000000e+00 -1.000000000000000000e+00 0.000000000000000000e+00 2.495124062988907099e-04
2.493105421308428049e-04 0.000000000000000000e+00 1.000000000000000000e+00 -1.000000000000000000e+00 0.000000000000000000e+00 2.493105421308428049e-04
2.492871426511555910e-04 0.000000000000000000e+00 1.000000000000000000e+00 -1.000000000000000000e+00 0.000000000000000000e+00 2.492871426511555910e-04
2.475023793522268534e-04 0.000000000000000000e+00 1.000000000000000000e+00 -1.000000000000000000e+00 -0.000000000000000000e+00 2.475023793522268534e-04
2.458083035890012980e-04 0.000000000000000000e+00 1.000000000000000000e+00 -1.000000000000000000e+00 0.000000000000000000e+00 2.458083035890012980e-04
2.433125482639297843e-04 0.000000000000000000e+00 1.000000000000000000e+00 -1.000000000000000000e+00 -0.000000000000000000e+00 2.433125482639297843e-04
2.408957952866330743e-04 0.000000000000000000e+00 1.000000000000000000e+00 -1.000000000000000000e+00 -0.000000000000000000e+00 2.408957952866330743e-04
2.404013357590883970e-04 0.000000000000000000e+00 1.000000000000000000e+00 -1.000000000000000000e+00 0.000000000000000000e+00 2.404013357590883970e-04
2.392748865531757474e-04 0.000000000000000000e+00 1.000000000000000000e+00 -1.000000000000000000e+00 -0.000000000000000000e+00 2.392748865531757474e-04
2.378119679633527994e-04 0.000000000000000000e+00 1.000000000000000000e+00 -1.000000000000000000e+00 0.000000000000000000e+00 2.378119679633527994e-04
2.359306527068838477e-04 0.000000000000000000e+00 1.000000000000000000e+00 -1.000000000000000000e+00 0.000000000000000000e+00 2.359306527068838477e-04
2.346637629671022296e-04 0.000000000000000000e+00 1.000000000000000000e+00 -1.000000000000000000e+00 -0.000000000000000000e+00 2.346637629671022296e-04
2.332037838641554117e-04 0.000000000000000000e+00 1.000000000000000000e+00 -1.000000000000000000e+00 0.000000000000000000e+00 2.332037838641554117e-04
2.326537214685231447e-04 0.000000000000000000e+00 1.000000000000000000e+00 -1.000000000000000000e+00 -0.000000000000000000e+00 2.326537214685231447e-04
2.322323998669162393e-04 0.000000000000000000e+00 1.000000000000000000e+00 -1.000000000000000000e+00 -0.000000000000000000e+00 2.322323998669162393e-04
2.325952082173898816e-04 0.000000000000000000e+00 1.000000000000000000e+00 -1.000000000000000000e+00 -0.000000000000000000e+00 2.325952082173898816e-04
2.364777901675552130e-04 0.000000000000000000e+00 1.000000000000000000e+00 -1.000000000000000000e+00 -0.000000000000000000e+00 2.364777901675552130e-04
2.441435062792152166e-04 -0.000000000000000000e+00 1.000000000000000000e+00 -1.000000000000000000e+00 0.000000000000000000e+00 2.441435062792152166e-04
2.592364326119422913e-04 0.000000000000000000e+00 1.000000000000000000e+00 -1.000000000000000000e+00 -0.000000000000000000e+00 2.592364326119422913e-04
2.586937043815851212e-04 0.000000000000000000e+00 1.000000000000000000e+00 -1.000000000000000000e+00 -0.000000000000000000e+00 2.586937043815851212e-04
2.608968352433294058e-04 0.000000000000000000e+00 1.000000000000000000e+00 -1.000000000000000000e+00 0.000000000000000000e+00 2.608968352433294058e-04
2.599752042442560196e-04 -0.000000000000000000e+00 1.000000000000000000e+00 -1.000000000000000000e+00 0.000000000000000000e+00 2.599752042442560196e-04
2.606759371701627970e-04 0.000000000000000000e+00 1.000000000000000000e+00 -1.000000000000000000e+00 0.000000000000000000e+00 2.606759371701627970e-04
2.603965403977781534e-04 0.000000000000000000e+00 1.000000000000000000e+00 -1.000000000000000000e+00 0.000000000000000000e+00 2.603965403977781534e-04
2.572000666987150908e-04 0.000000000000000000e+00 1.000000000000000000e+00 -1.000000000000000000e+00 0.000000000000000000e+00 2.572000666987150908e-04
2.572059165686368942e-04 0.000000000000000000e+00 1.000000000000000000e+00 -1.000000000000000000e+00 0.000000000000000000e+00 2.572059165686368942e-04
2.558117557782679796e-04 0.000000000000000000e+00 1.000000000000000000e+00 -1.000000000000000000e+00 0.000000000000000000e+00 2.558117557782679796e-04
2.526884200051426888e-04 0.000000000000000000e+00 1.000000000000000000e+00 -1.000000000000000000e+00 0.000000000000000000e+00 2.526884200051426888e-04
2.536597894504666328e-04 0.000000000000000000e+00 1.000000000000000000e+00 -1.000000000000000000e+00 0.000000000000000000e+00 2.536597894504666328e-04
2.531038771849125624e-04 0.000000000000000000e+00 1.000000000000000000e+00 -1.000000000000000000e+00 0.000000000000000000e+00 2.531038771849125624e-04
2.537007385399192572e-04 0.000000000000000000e+00 1.000000000000000000e+00 -1.000000000000000000e+00 0.000000000000000000e+00 2.537007385399192572e-04
2.543400332797318697e-04 0.000000000000000000e+00 1.000000000000000000e+00 -1.000000000000000000e+00 0.000000000000000000e+00 2.543400332797318697e-04
2.548930351622402668e-04 0.000000000000000000e+00 1.000000000000000000e+00 -1.000000000000000000e+00 0.000000000000000000e+00 2.548930351622402668e-04
2.557181287556886673e-04 0.000000000000000000e+00 1.000000000000000000e+00 -1.000000000000000000e+00 0.000000000000000000e+00 2.557181287556886673e-04
2.564788446761667728e-04 0.000000000000000000e+00 1.000000000000000000e+00 -1.000000000000000000e+00 0.000000000000000000e+00 2.564788446761667728e-04
2.555045357439666986e-04 -0.000000000000000000e+00 1.000000000000000000e+00 -1.000000000000000000e+00 0.000000000000000000e+00 2.555045357439666986e-04
2.579739375505596399e-04 0.000000000000000000e+00 1.000000000000000000e+00 -1.000000000000000000e+00 0.000000000000000000e+00 2.579739375505596399e-04
2.571225049905478954e-04 0.000000000000000000e+00 1.000000000000000000e+00 -1.000000000000000000e+00 0.000000000000000000e+00 2.571225049905478954e-04
2.572658704593777657e-04 0.000000000000000000e+00 1.000000000000000000e+00 -1.000000000000000000e+00 0.000000000000000000e+00 2.572658704593777657e-04
2.602941240184009075e-04 0.000000000000000000e+00 1.000000000000000000e+00 -1.000000000000000000e+00 0.000000000000000000e+00 2.602941240184009075e-04
2.635856799315661192e-04 0.000000000000000000e+00 1.000000000000000000e+00 -1.000000000000000000e+00 0.000000000000000000e+00 2.635856799315661192e-04
2.626435598358511925e-04 0.000000000000000000e+00 1.000000000000000000e+00 -1.000000000000000000e+00 -0.000000000000000000e+00 2.626435598358511925e-04
2.582153247203677893e-04 0.000000000000000000e+00 1.000000000000000000e+00 -1.000000000000000000e+00 0.000000000000000000e+00 2.582153247203677893e-04
2.598801220301538706e-04 0.000000000000000000e+00 1.000000000000000000e+00 -1.000000000000000000e+00 -0.000000000000000000e+00 2.598801220301538706e-04
2.618594444356858730e-04 0.000000000000000000e+00 1.000000000000000000e+00 -1.000000000000000000e+00 -0.000000000000000000e+00 2.618594444356858730e-04
2.616429410409182310e-04 0.000000000000000000e+00 1.000000000000000000e+00 -1.000000000000000000e+00 0.000000000000000000e+00 2.616429410409182310e-04
2.617043792270123959e-04 0.000000000000000000e+00 1.000000000000000000e+00 -1.000000000000000000e+00 -0.000000000000000000e+00 2.617043792270123959e-04
2.636749413795769215e-04 -0.000000000000000000e+00 1.000000000000000000e+00 -1.000000000000000000e+00 0.000000000000000000e+00 2.636749413795769215e-04
2.629010414239019156e-04 0.000000000000000000e+00 1.000000000000000000e+00 -1.000000000000000000e+00 0.000000000000000000e+00 2.629010414239019156e-04
2.321036590728908777e-04 0.000000000000000000e+00 1.000000000000000000e+00 -1.000000000000000000e+00 0.000000000000000000e+00 2.321036590728908777e-04
2.324196539120748639e-04 0.000000000000000000e+00 1.000000000000000000e+00 -1.000000000000000000e+00 0.000000000000000000e+00 2.324196539120748639e-04
2.321358479093760252e-04 0.000000000000000000e+00 1.000000000000000000e+00 -1.000000000000000000e+00 -0.000000000000000000e+00 2.321358479093760252e-04
2.316501631867140532e-04 0.000000000000000000e+00 1.000000000000000000e+00 -1.000000000000000000e+00 0.000000000000000000e+00 2.316501631867140532e-04
2.499249530956149101e-04 0.000000000000000000e+00 1.000000000000000000e+00 -1.000000000000000000e+00 0.000000000000000000e+00 2.499249530956149101e-04
2.508904726710170507e-04 0.000000000000000000e+00 1.000000000000000000e+00 -1.000000000000000000e+00 0.000000000000000000e+00 2.508904726710170507e-04
2.502760617062449455e-04 0.000000000000000000e+00 1.000000000000000000e+00 -1.000000000000000000e+00 0.000000000000000000e+00 2.502760617062449455e-04
2.501356066204607487e-04 0.000000000000000000e+00 1.000000000000000000e+00 -1.000000000000000000e+00 0.000000000000000000e+00 2.501356066204607487e-04
0.000000000000000000e+00 -3.076838620472699404e-04 -9.999999403953552246e-01 0.000000000000000000e+00 9.999999403953552246e-01 -3.076838620472699404e-04
0.000000000000000000e+00 -4.250625788699835539e-04 -9.999999403953552246e-01 0.000000000000000000e+00 9.999999403953552246e-01 -4.250625788699835539e-04
5.670402315445244312e-04 -0.000000000000000000e+00 -9.999998807907104492e-01 -9.999998807907104492e-01 0.000000000000000000e+00 -5.670402315445244312e-04
5.669202655553817749e-04 0.000000000000000000e+00 -9.999998807907104492e-01 -9.999998807907104492e-01 0.000000000000000000e+00 -5.669202655553817749e-04
5.680203903466463089e-04 0.000000000000000000e+00 -9.999998807907104492e-01 -9.999998807907104492e-01 0.000000000000000000e+00 -5.680203903466463089e-04
5.693940911442041397e-04 -0.000000000000000000e+00 -9.999998807907104492e-01 -9.999998807907104492e-01 0.000000000000000000e+00 -5.693940911442041397e-04
5.680686444975435734e-04 0.000000000000000000e+00 -9.999998807907104492e-01 -9.999998807907104492e-01 0.000000000000000000e+00 -5.680686444975435734e-04
5.617576534859836102e-04 -0.000000000000000000e+00 -9.999998807907104492e-01 -9.999998807907104492e-01 0.000000000000000000e+00 -5.617576534859836102e-04
5.674074054695665836e-04 0.000000000000000000e+00 -9.999998807907104492e-01 -9.999998807907104492e-01 0.000000000000000000e+00 -5.674074054695665836e-04
5.676795262843370438e-04 0.000000000000000000e+00 -9.999998807907104492e-01 -9.999998807907104492e-01 0.000000000000000000e+00 -5.676795262843370438e-04
5.681096226908266544e-04 0.000000000000000000e+00 -9.999998807907104492e-01 -9.999998807907104492e-01 0.000000000000000000e+00 -5.681096226908266544e-04
5.679955356754362583e-04 0.000000000000000000e+00 -9.999998807907104492e-01 -9.999998807907104492e-01 0.000000000000000000e+00 -5.679955356754362583e-04
5.461132386699318886e-04 0.000000000000000000e+00 -9.999998807907104492e-01 -9.999998807907104492e-01 0.000000000000000000e+00 -5.461132386699318886e-04
5.457415827549993992e-04 0.000000000000000000e+00 -9.999998807907104492e-01 -9.999998807907104492e-01 0.000000000000000000e+00 -5.457415827549993992e-04
5.455368082039058208e-04 0.000000000000000000e+00 -9.999998807907104492e-01 -9.999998807907104492e-01 0.000000000000000000e+00 -5.455368082039058208e-04
5.459230742417275906e-04 0.000000000000000000e+00 -9.999998807907104492e-01 -9.999998807907104492e-01 0.000000000000000000e+00 -5.459230742417275906e-04
5.466603906825184822e-04 0.000000000000000000e+00 -9.999998807907104492e-01 -9.999998807907104492e-01 0.000000000000000000e+00 -5.466603906825184822e-04
5.507653113454580307e-04 0.000000000000000000e+00 -9.999998807907104492e-01 -9.999998807907104492e-01 0.000000000000000000e+00 -5.507653113454580307e-04
5.464145797304809093e-04 0.000000000000000000e+00 -9.999998807907104492e-01 -9.999998807907104492e-01 0.000000000000000000e+00 -5.464145797304809093e-04
5.486411391757428646e-04 0.000000000000000000e+00 -9.999998807907104492e-01 -9.999998807907104492e-01 -0.000000000000000000e+00 -5.486411391757428646e-04
5.504112923517823219e-04 0.000000000000000000e+00 -9.999998807907104492e-01 -9.999998807907104492e-01 -0.000000000000000000e+00 -5.504112923517823219e-04
5.505780573002994061e-04 0.000000000000000000e+00 -9.999998807907104492e-01 -9.999998807907104492e-01 0.000000000000000000e+00 -5.505780573002994061e-04
-0.000000000000000000e+00 -3.822019789367914200e-04 9.999999403953552246e-01 0.000000000000000000e+00 9.999999403953552246e-01 3.822019789367914200e-04
-0.000000000000000000e+00 -3.774943179450929165e-04 9.999999403953552246e-01 0.000000000000000000e+00 9.999999403953552246e-01 3.774943179450929165e-04
1.564343422651290894e-01 -4.792182880919426680e-04 -9.876882433891296387e-01 7.496620673919096589e-05 9.999998807907104492e-01 -4.733183304779231548e-04
1.564343422651290894e-01 -5.507960449904203415e-04 -9.876882433891296387e-01 8.616342529421672225e-05 9.999998807907104492e-01 -5.440148524940013885e-04
4.539578557014465332e-01 -1.230865996330976486e-02 -8.909381628036499023e-01 5.588036030530929565e-03 9.999242424964904785e-01 -1.096708513796329498e-02
4.539539515972137451e-01 -1.298952009528875351e-02 -8.909304738044738770e-01 5.897141527384519577e-03 9.999156594276428223e-01 -1.157373562455177307e-02
7.065536975860595703e-01 -3.955124318599700928e-02 -7.065533399581909180e-01 2.796695940196514130e-02 9.992175698280334473e-01 -2.796694450080394745e-02
7.065492272377014160e-01 -3.971065580844879150e-02 -7.065488696098327637e-01 2.807967923581600189e-02 9.992112517356872559e-01 -2.807966619729995728e-02
8.898822665214538574e-01 -5.018773302435874939e-02 -4.534211456775665283e-01 4.471752792596817017e-02 9.987397789955139160e-01 -2.278489433228969574e-02
8.898807168006896973e-01 -5.022357031702995300e-02 -4.534203410148620605e-01 4.474946111440658569e-02 9.987379908561706543e-01 -2.280116453766822815e-02
9.876872897148132324e-01 -1.688162912614643574e-03 -1.564321219921112061e-01 1.667379285208880901e-03 9.999985694885253906e-01 -2.640832390170544386e-04
9.876869916915893555e-01 -1.854446716606616974e-03 -1.564320772886276245e-01 1.831615925766527653e-03 9.999982714653015137e-01 -2.900953986681997776e-04
9.873382449150085449e-01 2.663732133805751801e-02 1.563768386840820312e-01 -2.630937844514846802e-02 9.996451735496520996e-01 -4.166937898844480515e-03
9.873278141021728516e-01 2.703115344047546387e-02 1.563751846551895142e-01 -2.669836208224296570e-02 9.996346235275268555e-01 -4.228546284139156342e-03
8.905266523361206055e-01 3.276873379945755005e-02 4.537494778633117676e-01 -2.919711172580718994e-02 9.994629621505737305e-01 -1.487678568810224533e-02
8.904882073402404785e-01 3.405929729342460632e-02 4.537298977375030518e-01 -3.034701012074947357e-02 9.994198083877563477e-01 -1.546269282698631287e-02
7.067752480506896973e-01 3.062872029840946198e-02 7.067748904228210449e-01 -2.165777981281280518e-02 9.995308518409729004e-01 -2.165776863694190979e-02
7.067918181419372559e-01 2.985416352748870850e-02 7.067914605140686035e-01 -2.111008577048778534e-02 9.995542764663696289e-01 -2.111007459461688995e-02
4.539839029312133789e-01 6.064978893846273422e-03 8.909893035888671875e-01 -2.753453329205513000e-03 9.999816417694091797e-01 -5.403930321335792542e-03
4.539828598499298096e-01 6.433776114135980606e-03 8.909872174263000488e-01 -2.920884406194090843e-03 9.999793171882629395e-01 -5.732530727982521057e-03
1.564342826604843140e-01 9.697214118205010891e-04 9.876878857612609863e-01 -1.516977499704807997e-04 9.999995231628417969e-01 -9.577825549058616161e-04
1.564342975616455078e-01 9.314515627920627594e-04 9.876879453659057617e-01 -1.457110192859545350e-04 9.999995827674865723e-01 -9.199838968925178051e-04
-0.000000000000000000e+00 -1.912268053274601698e-04 -1.000000000000000000e+00 0.000000000000000000e+00 1.000000000000000000e+00 -1.912268053274601698e-04
-0.000000000000000000e+00 -1.363439660053700209e-04 -1.000000000000000000e+00 0.000000000000000000e+00 1.000000000000000000e+00 -1.363439660053700209e-04
-1.564199477434158325e-01 -1.656610635109245777e-03 -9.876892566680908203e-01 -2.591272932477295399e-04 9.999986290931701660e-01 -1.636218745261430740e-03
-1.564199328422546387e-01 -1.710530952550470829e-03 -9.876891970634460449e-01 -2.675615251064300537e-04 9.999985694885253906e-01 -1.689475378952920437e-03
-4.495035707950592041e-01 -1.400762051343917847e-01 -8.822274208068847656e-01 -6.359171867370605469e-02 9.901407361030578613e-01 -1.248096004128456116e-01
-4.496911764144897461e-01 -1.371236890554428101e-01 -8.825955986976623535e-01 -6.225133687257766724e-02 9.905539751052856445e-01 -1.221788674592971802e-01
-6.923822164535522461e-01 -2.029585391283035278e-01 -6.923978328704833984e-01 -1.435117572546005249e-01 9.791873693466186523e-01 -1.435150057077407837e-01
-6.926679611206054688e-01 -2.009990811347961426e-01 -6.926836371421813965e-01 -1.421262174844741821e-01 9.795914292335510254e-01 -1.421294212341308594e-01
-8.823870420455932617e-01 -1.387239396572113037e-01 -4.496095776557922363e-01 -1.236033141613006592e-01 9.903311133384704590e-01 -6.298056244850158691e-02
-8.841273784637451172e-01 -1.239833906292915344e-01 -4.504963159561157227e-01 -1.104694530367851257e-01 9.922842979431152344e-01 -5.628836527466773987e-02
-9.876139760017395020e-01 -1.216823980212211609e-02 -1.564308702945709229e-01 -1.201841235160827637e-02 9.999259710311889648e-01 -1.903628930449485779e-03
-9.876506328582763672e-01 -8.591831661760807037e-03 -1.564366668462753296e-01 -8.486040867865085602e-03 9.999631047248840332e-01 -1.344126998446881771e-03
-9.875522851943969727e-01 1.666411943733692169e-02 1.564057320356369019e-01 1.645897701382637024e-02 9.998611807823181152e-01 -2.606726018711924553e-03
-9.875405430793762207e-01 1.736686564981937408e-02 1.564038842916488647e-01 1.715306751430034637e-02 9.998492002487182617e-01 -2.716654445976018906e-03
-8.843820095062255859e-01 1.217347905039787292e-01 4.506098330020904541e-01 1.084667593240737915e-01 9.925626516342163086e-01 -5.526592582464218140e-02
-8.825820088386535645e-01 1.372056752443313599e-01 4.496926963329315186e-01 1.222514659166336060e-01 9.905425906181335449e-01 -6.228950247168540955e-02
-6.990761756896972656e-01 1.503090858459472656e-01 6.990706324577331543e-01 1.062850058078765869e-01 9.886390566825866699e-01 -1.062841564416885376e-01
-6.989683508872985840e-01 1.513085663318634033e-01 6.989628076553344727e-01 1.069917529821395874e-01 9.884865880012512207e-01 -1.069909036159515381e-01
-4.526892602443695068e-01 7.571187615394592285e-02 8.884481787681579590e-01 3.437261283397674561e-02 9.971297383308410645e-01 -6.745970249176025391e-02
-4.529793262481689453e-01 6.676759570837020874e-02 8.890174031257629395e-01 3.031197376549243927e-02 9.977685809135437012e-01 -5.949029326438903809e-02
-1.564353704452514648e-01 7.634676876477897167e-04 9.876879453659057617e-01 1.194333672174252570e-04 9.999997019767761230e-01 -7.540679653175175190e-04
-1.564353704452514648e-01 7.558722281828522682e-04 9.876879453659057617e-01 1.182451669592410326e-04 9.999997019767761230e-01 -7.465659873560070992e-04
8.480616658926010132e-02 5.132282385602593422e-04 -9.963973760604858398e-01 -4.352492396719753742e-05 9.999998807907104492e-01 5.113793304190039635e-04
8.480616658926010132e-02 4.673818184528499842e-04 -9.963973760604858398e-01 -3.963686322094872594e-05 9.999998807907104492e-01 4.656980745494365692e-04
-8.480595797300338745e-02 3.862718294840306044e-04 -9.963974356651306152e-01 3.275815470260567963e-05 9.999999403953552246e-01 3.848802880384027958e-04
-8.480595797300338745e-02 3.421121800784021616e-04 -9.963974356651306152e-01 2.901315383496694267e-05 9.999999403953552246e-01 3.408797201700508595e-04
-2.519781887531280518e-01 2.934233634732663631e-04 -9.677329063415527344e-01 7.393628766294568777e-05 1.000000000000000000e+00 2.839554508682340384e-04
-2.519781887531280518e-01 1.949396973941475153e-04 -9.677329063415527344e-01 4.912055010208860040e-05 1.000000000000000000e+00 1.886495592771098018e-04
-4.119009077548980713e-01 1.544344122521579266e-04 -9.112286567687988281e-01 6.361167470458894968e-05 1.000000000000000000e+00 1.407250674674287438e-04
-4.119009077548980713e-01 -1.546011844766326249e-05 -9.112286567687988281e-01 -6.368036792991915718e-06 1.000000000000000000e+00 -1.408770276611903682e-05
-5.599750876426696777e-01 4.605851427186280489e-05 -8.285095095634460449e-01 2.579161991889122874e-05 1.000000000000000000e+00 3.815991658484563231e-05
-5.599750876426696777e-01 -2.185365592595189810e-04 -8.285095095634460449e-01 -1.223750296048820019e-04 1.000000000000000000e+00 -1.810596149880439043e-04
-6.919388175010681152e-01 1.070856114893103950e-06 -7.219561934471130371e-01 7.409669251501327381e-07 1.000000000000000000e+00 7.731111963948933408e-07
-6.919387578964233398e-01 -2.969840716104954481e-04 -7.219561338424682617e-01 -2.054948272416368127e-04 1.000000000000000000e+00 -2.144095051335170865e-04
-8.039968609809875488e-01 -8.544026786694303155e-05 -5.946335196495056152e-01 -6.869370554341003299e-05 1.000000000000000000e+00 -5.080564733361825347e-05
-8.039968609809875488e-01 -2.762399381026625633e-04 -5.946335196495056152e-01 -2.220960304839536548e-04 1.000000000000000000e+00 -1.642615243326872587e-04
-8.929265737533569336e-01 3.987914624303812161e-06 -4.502023458480834961e-01 3.560915047273738310e-06 1.000000000000000000e+00 1.795368575585598592e-06
-8.929265737533569336e-01 -9.966568904928863049e-05 -4.502023458480834961e-01 -8.899414387997239828e-05 1.000000000000000000e+00 -4.486972829909063876e-05
-9.561665654182434082e-01 3.340134571772068739e-05 -2.928233742713928223e-01 3.193724842276424170e-05 1.000000000000000000e+00 9.780695108929648995e-06
-9.561665654182434082e-01 -1.114743645302951336e-05 -2.928233742713928223e-01 -1.065880587702849880e-05 1.000000000000000000e+00 -3.264229917476768605e-06
-9.919004440307617188e-01 5.396119740908034146e-05 -1.270176619291305542e-01 5.352413427317515016e-05 1.000000000000000000e+00 6.854025286884279922e-06
-9.919004440307617188e-01 1.511925893282750621e-05 -1.270176619291305542e-01 1.499680001870729029e-05 1.000000000000000000e+00 1.920412842082441784e-06
-9.990989565849304199e-01 1.635776570765301585e-04 4.244082421064376831e-02 1.634302607271820307e-04 1.000000000000000000e+00 -6.942370418983045965e-06
-9.990989565849304199e-01 1.108570068026892841e-04 4.244082421064376831e-02 1.107571224565617740e-04 1.000000000000000000e+00 -4.704862931248499081e-06
-9.775550961494445801e-01 2.062275743810459971e-04 2.106800377368927002e-01 2.015988138737156987e-04 1.000000000000000000e+00 -4.344803164713084698e-05
-9.775550961494445801e-01 1.816724834498018026e-04 2.106800377368927002e-01 1.775948621798306704e-04 1.000000000000000000e+00 -3.827476393780671060e-05
-9.278893470764160156e-01 2.237196749774739146e-04 3.728557229042053223e-01 2.075871016131713986e-04 1.000000000000000000e+00 -8.341515786014497280e-05
-9.278893470764160156e-01 2.039278624579310417e-04 3.728557229042053223e-01 1.892224972834810615e-04 1.000000000000000000e+00 -7.603567064506933093e-05
-8.515288233757019043e-01 2.236026484752073884e-04 5.243077874183654785e-01 1.904040982481092215e-04 1.000000000000000000e+00 -1.172366100945509970e-04
-8.515288233757019043e-01 2.334890450583770871e-04 5.243077874183654785e-01 1.988226576941087842e-04 1.000000000000000000e+00 -1.224201259901747108e-04
-7.506722211837768555e-01 3.045810153707861900e-04 6.606746912002563477e-01 2.286405215272679925e-04 9.999999403953552246e-01 -2.012289915001019835e-04
-7.506722807884216309e-01 2.513132640160620213e-04 6.606747508049011230e-01 1.886538957478478551e-04 1.000000000000000000e+00 -1.660363195696845651e-04
-6.282199621200561523e-01 3.162492939736694098e-04 7.780357599258422852e-01 1.986740971915423870e-04 9.999999403953552246e-01 -2.460532414261251688e-04
-6.282199621200561523e-01 2.932434435933828354e-04 7.780358195304870605e-01 1.842213823692873120e-04 1.000000000000000000e+00 -2.281538763782009482e-04
-4.876951575279235840e-01 3.759304527193307877e-04 8.730139732360839844e-01 1.833394780987873673e-04 9.999999403953552246e-01 -3.281925746705383062e-04
-4.876951575279235840e-01 3.600753552746027708e-04 8.730139732360839844e-01 1.756070123519748449e-04 9.999999403953552246e-01 -3.143508511129766703e-04
-3.331393897533416748e-01 3.989494871348142624e-04 9.428775310516357422e-01 1.329057995462790132e-04 9.999999403953552246e-01 -3.761605184990912676e-04
-3.331393897533416748e-01 3.835624956991523504e-04 9.428775310516357422e-01 1.277797855436801910e-04 9.999999403953552246e-01 -3.616524918470531702e-04
-1.690013110637664795e-01 4.203373391646891832e-04 9.856157898902893066e-01 7.103756797732785344e-05 9.999999403953552246e-01 -4.142911348026245832e-04
-1.690013259649276733e-01 4.341458552516996861e-04 9.856157898902893066e-01 7.337122951867058873e-05 9.999999403953552246e-01 -4.279010463505983353e-04
0.000000000000000000e+00 4.563573165796697140e-04 9.999999403953552246e-01 0.000000000000000000e+00 9.999999403953552246e-01 -4.563573165796697140e-04
0.000000000000000000e+00 5.130307399667799473e-04 9.999998807907104492e-01 0.000000000000000000e+00 9.999998807907104492e-01 -5.130307399667799473e-04
1.690008938312530518e-01 5.379178910516202450e-04 9.856157898902893066e-01 -9.090861567528918386e-05 9.999998807907104492e-01 -5.301804048940539360e-04
1.690008938312530518e-01 5.212391843087971210e-04 9.856157898902893066e-01 -8.808989514363929629e-05 9.999998807907104492e-01 -5.137416301295161247e-04
3.331393599510192871e-01 5.996135296300053596e-04 9.428774118423461914e-01 -1.997548970393836498e-04 9.999998211860656738e-01 -5.653621628880500793e-04
3.331393599510192871e-01 5.832858732901513577e-04 9.428774118423461914e-01 -1.943155220942571759e-04 9.999998211860656738e-01 -5.499671678990125656e-04
4.876950979232788086e-01 5.987445474602282047e-04 8.730138540267944336e-01 -2.920048427768051624e-04 9.999998211860656738e-01 -5.227124202065169811e-04
4.876950979232788086e-01 6.140934419818222523e-04 8.730138540267944336e-01 -2.994904061779379845e-04 9.999998211860656738e-01 -5.361121729947626591e-04
6.282198429107666016e-01 6.623318186029791832e-04 7.780357003211975098e-01 -4.160900716669857502e-04 9.999998211860656738e-01 -5.153178353793919086e-04
6.282198429107666016e-01 6.729789311066269875e-04 7.780356407165527344e-01 -4.227787721902132034e-04 9.999997615814208984e-01 -5.236016004346311092e-04
7.506721019744873047e-01 7.024069200269877911e-04 6.606745719909667969e-01 -5.272774142213165760e-04 9.999997615814208984e-01 -4.640625265892595053e-04
7.506721019744873047e-01 6.937742582522332668e-04 6.606745719909667969e-01 -5.207970971241593361e-04 9.999997615814208984e-01 -4.583591362461447716e-04
8.515298366546630859e-01 6.679640500806272030e-04 5.243058800697326660e-01 -5.687914090231060982e-04 9.999998211860656738e-01 -3.502175095491111279e-04
8.515298366546630859e-01 6.207556580193340778e-04 5.243058800697326660e-01 -5.285919760353863239e-04 9.999998211860656738e-01 -3.254658367950469255e-04
9.278883337974548340e-01 5.445478600449860096e-04 3.728578388690948486e-01 -5.052796914242208004e-04 9.999998807907104492e-01 -2.030389587162062526e-04
9.278883337974548340e-01 5.435896455310285091e-04 3.728578388690948486e-01 -5.043905694037675858e-04 9.999998807907104492e-01 -2.026816800935193896e-04
9.775554537773132324e-01 5.570163484662771225e-04 2.106776237487792969e-01 -5.445144488476216793e-04 9.999998807907104492e-01 -1.173508935607969761e-04
9.775554537773132324e-01 5.701562622562050819e-04 2.106776237487792969e-01 -5.573594244197010994e-04 9.999998807907104492e-01 -1.201191771542653441e-04
9.990987181663513184e-01 6.305234855972230434e-04 4.244330897927284241e-02 -6.299553206190466881e-04 9.999998211860656738e-01 -2.676150870684068650e-05
9.990987181663513184e-01 6.162030040286481380e-04 4.244330897927284241e-02 -6.156477611511945724e-04 9.999998211860656738e-01 -2.615369885461404920e-05
9.919001460075378418e-01 7.582699181511998177e-04 -1.270176172256469727e-01 -7.521282532252371311e-04 9.999997019767761230e-01 9.631366992834955454e-05
9.919002056121826172e-01 7.192597258836030960e-04 -1.270176321268081665e-01 -7.134340703487396240e-04 9.999997615814208984e-01 9.135869186138734221e-05
9.561662673950195312e-01 8.027674630284309387e-04 -2.928232848644256592e-01 -7.675794186070561409e-04 9.999997019767761230e-01 2.350690774619579315e-04
9.561663269996643066e-01 6.784501601941883564e-04 -2.928233146667480469e-01 -6.487113423645496368e-04 9.999997615814208984e-01 1.986660645343363285e-04
8.929252028465270996e-01 9.044607286341488361e-04 -4.502041637897491455e-01 -8.076161029748618603e-04 9.999995827674865723e-01 4.071921575814485550e-04
8.929252624511718750e-01 8.525900193490087986e-04 -4.502041935920715332e-01 -7.612993940711021423e-04 9.999996423721313477e-01 3.838397387880831957e-04
8.039965033531188965e-01 9.166467934846878052e-04 -5.946332812309265137e-01 -7.369811646640300751e-04 9.999995827674865723e-01 5.450689350254833698e-04
8.039965033531188965e-01 9.237141930498182774e-04 -5.946332812309265137e-01 -7.426633383147418499e-04 9.999995827674865723e-01 5.492714117281138897e-04
6.919385790824890137e-01 8.248311351053416729e-04 -7.219559550285339355e-01 -5.707327509298920631e-04 9.999997019767761230e-01 5.954920197837054729e-04
6.919385790824890137e-01 8.211987442336976528e-04 -7.219559550285339355e-01 -5.682193441316485405e-04 9.999997019767761230e-01 5.928695900365710258e-04
5.599749088287353516e-01 7.530326838605105877e-04 -8.285092711448669434e-01 -4.216795496176928282e-04 9.999997019767761230e-01 6.238947389647364616e-04
5.599749088287353516e-01 8.273649145849049091e-04 -8.285092115402221680e-01 -4.633037606254220009e-04 9.999997019767761230e-01 6.854797829873859882e-04
4.119017720222473145e-01 7.453538710251450539e-04 -9.112280011177062988e-01 -3.070126404054462910e-04 9.999997615814208984e-01 6.791874766349792480e-04
4.119017720222473145e-01 7.353167748078703880e-04 -9.112280011177062988e-01 -3.028783539775758982e-04 9.999997615814208984e-01 6.700414232909679413e-04
2.519775331020355225e-01 6.592845311388373375e-04 -9.677329063415527344e-01 -1.661249116295948625e-04 9.999998211860656738e-01 6.380114355124533176e-04
2.519775032997131348e-01 5.985631141811609268e-04 -9.677329063415527344e-01 -1.508244749857112765e-04 9.999998211860656738e-01 5.792493466287851334e-04
3.146385715808719397e-04 -0.000000000000000000e+00 9.999999403953552246e-01 -9.999999403953552246e-01 0.000000000000000000e+00 3.146385715808719397e-04
3.110734396614134312e-04 0.000000000000000000e+00 9.999999403953552246e-01 -9.999999403953552246e-01 0.000000000000000000e+00 3.110734396614134312e-04
3.099367604590952396e-04 -0.000000000000000000e+00 9.999999403953552246e-01 -9.999999403953552246e-01 0.000000000000000000e+00 3.099367604590952396e-04
3.156801685690879822e-04 0.000000000000000000e+00 9.999999403953552246e-01 -9.999999403953552246e-01 0.000000000000000000e+00 3.156801685690879822e-04
3.183339140377938747e-04 0.000000000000000000e+00 9.999999403953552246e-01 -9.999999403953552246e-01 0.000000000000000000e+00 3.183339140377938747e-04
3.168929251842200756e-04 0.000000000000000000e+00 9.999999403953552246e-01 -9.999999403953552246e-01 0.000000000000000000e+00 3.168929251842200756e-04
3.194705932401120663e-04 0.000000000000000000e+00 9.999999403953552246e-01 -9.999999403953552246e-01 0.000000000000000000e+00 3.194705932401120663e-04
3.168797702528536320e-04 0.000000000000000000e+00 9.999999403953552246e-01 -9.999999403953552246e-01 0.000000000000000000e+00 3.168797702528536320e-04
3.173230215907096863e-04 0.000000000000000000e+00 9.999999403953552246e-01 -9.999999403953552246e-01 0.000000000000000000e+00 3.173230215907096863e-04
3.138573665637522936e-04 0.000000000000000000e+00 9.999999403953552246e-01 -9.999999403953552246e-01 0.000000000000000000e+00 3.138573665637522936e-04
3.131259290967136621e-04 0.000000000000000000e+00 9.999999403953552246e-01 -9.999999403953552246e-01 0.000000000000000000e+00 3.131259290967136621e-04
3.093121049460023642e-04 0.000000000000000000e+00 9.999999403953552246e-01 -9.999999403953552246e-01 0.000000000000000000e+00 3.093121049460023642e-04
3.067753859795629978e-04 0.000000000000000000e+00 9.999999403953552246e-01 -9.999999403953552246e-01 -0.000000000000000000e+00 3.067753859795629978e-04
3.076355787925422192e-04 0.000000000000000000e+00 9.999999403953552246e-01 -9.999999403953552246e-01 0.000000000000000000e+00 3.076355787925422192e-04
3.001132572535425425e-04 0.000000000000000000e+00 9.999999403953552246e-01 -9.999999403953552246e-01 -0.000000000000000000e+00 3.001132572535425425e-04
2.976921678055077791e-04 0.000000000000000000e+00 1.000000000000000000e+00 -1.000000000000000000e+00 0.000000000000000000e+00 2.976921678055077791e-04
2.945922315120697021e-04 0.000000000000000000e+00 1.000000000000000000e+00 -1.000000000000000000e+00 -0.000000000000000000e+00 2.945922315120697021e-04
2.968363696709275246e-04 0.000000000000000000e+00 1.000000000000000000e+00 -1.000000000000000000e+00 0.000000000000000000e+00 2.968363696709275246e-04
2.980066929012537003e-04 0.000000000000000000e+00 1.000000000000000000e+00 -1.000000000000000000e+00 -0.000000000000000000e+00 2.980066929012537003e-04
3.037339774891734123e-04 0.000000000000000000e+00 9.999999403953552246e-01 -9.999999403953552246e-01 0.000000000000000000e+00 3.037339774891734123e-04
3.049204242415726185e-04 0.000000000000000000e+00 9.999999403953552246e-01 -9.999999403953552246e-01 -0.000000000000000000e+00 3.049204242415726185e-04
3.065018390771001577e-04 0.000000000000000000e+00 9.999999403953552246e-01 -9.999999403953552246e-01 0.000000000000000000e+00 3.065018390771001577e-04
3.046263591386377811e-04 0.000000000000000000e+00 9.999999403953552246e-01 -9.999999403953552246e-01 -0.000000000000000000e+00 3.046263591386377811e-04
3.047126810997724533e-04 0.000000000000000000e+00 9.999999403953552246e-01 -9.999999403953552246e-01 0.000000000000000000e+00 3.047126810997724533e-04
3.015045076608657837e-04 0.000000000000000000e+00 9.999999403953552246e-01 -9.999999403953552246e-01 -0.000000000000000000e+00 3.015045076608657837e-04
3.003955935128033161e-04 0.000000000000000000e+00 9.999999403953552246e-01 -9.999999403953552246e-01 0.000000000000000000e+00 3.003955935128033161e-04
2.970470231957733631e-04 0.000000000000000000e+00 1.000000000000000000e+00 -1.000000000000000000e+00 -0.000000000000000000e+00 2.970470231957733631e-04
2.991038491018116474e-04 0.000000000000000000e+00 9.999999403953552246e-01 -9.999999403953552246e-01 -0.000000000000000000e+00 2.991038491018116474e-04
2.971669891849160194e-04 0.000000000000000000e+00 1.000000000000000000e+00 -1.000000000000000000e+00 -0.000000000000000000e+00 2.971669891849160194e-04
2.989488129969686270e-04 -0.000000000000000000e+00 1.000000000000000000e+00 -1.000000000000000000e+00 0.000000000000000000e+00 2.989488129969686270e-04
2.990292268805205822e-04 0.000000000000000000e+00 9.999999403953552246e-01 -9.999999403953552246e-01 -0.000000000000000000e+00 2.990292268805205822e-04
3.021072188857942820e-04 -0.000000000000000000e+00 9.999999403953552246e-01 -9.999999403953552246e-01 0.000000000000000000e+00 3.021072188857942820e-04
3.006033366546034813e-04 0.000000000000000000e+00 9.999999403953552246e-01 -9.999999403953552246e-01 -0.000000000000000000e+00 3.006033366546034813e-04
3.045722260139882565e-04 -0.000000000000000000e+00 9.999999403953552246e-01 -9.999999403953552246e-01 0.000000000000000000e+00 3.045722260139882565e-04
3.031444211956113577e-04 0.000000000000000000e+00 9.999999403953552246e-01 -9.999999403953552246e-01 -0.000000000000000000e+00 3.031444211956113577e-04
3.051339881494641304e-04 -0.000000000000000000e+00 9.999999403953552246e-01 -9.999999403953552246e-01 0.000000000000000000e+00 3.051339881494641304e-04
3.068470687139779329e-04 0.000000000000000000e+00 9.999999403953552246e-01 -9.999999403953552246e-01 -0.000000000000000000e+00 3.068470687139779329e-04
3.057498834095895290e-04 -0.000000000000000000e+00 9.999999403953552246e-01 -9.999999403953552246e-01 0.000000000000000000e+00 3.057498834095895290e-04
3.044873883482068777e-04 0.000000000000000000e+00 9.999999403953552246e-01 -9.999999403953552246e-01 -0.000000000000000000e+00 3.044873883482068777e-04
3.037544665858149529e-04 -0.000000000000000000e+00 9.999999403953552246e-01 -9.999999403953552246e-01 0.000000000000000000e+00 3.037544665858149529e-04
3.026543417945504189e-04 0.000000000000000000e+00 9.999999403953552246e-01 -9.999999403953552246e-01 -0.000000000000000000e+00 3.026543417945504189e-04
3.025197656825184822e-04 0.000000000000000000e+00 9.999999403953552246e-01 -9.999999403953552246e-01 0.000000000000000000e+00 3.025197656825184822e-04
3.029484068974852562e-04 0.000000000000000000e+00 9.999999403953552246e-01 -9.999999403953552246e-01 -0.000000000000000000e+00 3.029484068974852562e-04
3.012367815244942904e-04 0.000000000000000000e+00 9.999999403953552246e-01 -9.999999403953552246e-01 0.000000000000000000e+00 3.012367815244942904e-04
3.016668779309839010e-04 0.000000000000000000e+00 9.999999403953552246e-01 -9.999999403953552246e-01 -0.000000000000000000e+00 3.016668779309839010e-04
3.041289746761322021e-04 0.000000000000000000e+00 9.999999403953552246e-01 -9.999999403953552246e-01 0.000000000000000000e+00 3.041289746761322021e-04
3.048809012398123741e-04 0.000000000000000000e+00 9.999999403953552246e-01 -9.999999403953552246e-01 -0.000000000000000000e+00 3.048809012398123741e-04
3.055333800148218870e-04 0.000000000000000000e+00 9.999999403953552246e-01 -9.999999403953552246e-01 0.000000000000000000e+00 3.055333800148218870e-04
3.049628285225480795e-04 0.000000000000000000e+00 9.999999403953552246e-01 -9.999999403953552246e-01 -0.000000000000000000e+00 3.049628285225480795e-04
3.020165313500910997e-04 0.000000000000000000e+00 9.999999403953552246e-01 -9.999999403953552246e-01 0.000000000000000000e+00 3.020165313500910997e-04
3.021130687557160854e-04 0.000000000000000000e+00 9.999999403953552246e-01 -9.999999403953552246e-01 -0.000000000000000000e+00 3.021130687557160854e-04
3.022417949978262186e-04 0.000000000000000000e+00 9.999999403953552246e-01 -9.999999403953552246e-01 0.000000000000000000e+00 3.022417949978262186e-04
3.030551888514310122e-04 -0.000000000000000000e+00 9.999999403953552246e-01 -9.999999403953552246e-01 0.000000000000000000e+00 3.030551888514310122e-04
3.013728419318795204e-04 0.000000000000000000e+00 9.999999403953552246e-01 -9.999999403953552246e-01 0.000000000000000000e+00 3.013728419318795204e-04
3.019945870619267225e-04 0.000000000000000000e+00 9.999999403953552246e-01 -9.999999403953552246e-01 0.000000000000000000e+00 3.019945870619267225e-04
3.032438980881124735e-04 0.000000000000000000e+00 9.999999403953552246e-01 -9.999999403953552246e-01 0.000000000000000000e+00 3.032438980881124735e-04
3.018951101694256067e-04 0.000000000000000000e+00 9.999999403953552246e-01 -9.999999403953552246e-01 0.000000000000000000e+00 3.018951101694256067e-04
3.007189079653471708e-04 0.000000000000000000e+00 9.999999403953552246e-01 -9.999999403953552246e-01 0.000000000000000000e+00 3.007189079653471708e-04
3.020823642145842314e-04 0.000000000000000000e+00 9.999999403953552246e-01 -9.999999403953552246e-01 0.000000000000000000e+00 3.020823642145842314e-04
3.043849719688296318e-04 0.000000000000000000e+00 9.999999403953552246e-01 -9.999999403953552246e-01 0.000000000000000000e+00 3.043849719688296318e-04
3.038685827050358057e-04 0.000000000000000000e+00 9.999999403953552246e-01 -9.999999403953552246e-01 0.000000000000000000e+00 3.038685827050358057e-04
3.062940959352999926e-04 0.000000000000000000e+00 9.999999403953552246e-01 -9.999999403953552246e-01 0.000000000000000000e+00 3.062940959352999926e-04
3.050008672289550304e-04 0.000000000000000000e+00 9.999999403953552246e-01 -9.999999403953552246e-01 0.000000000000000000e+00 3.050008672289550304e-04
3.047273203264921904e-04 0.000000000000000000e+00 9.999999403953552246e-01 -9.999999403953552246e-01 0.000000000000000000e+00 3.047273203264921904e-04
3.049321239814162254e-04 0.000000000000000000e+00 9.999999403953552246e-01 -9.999999403953552246e-01 0.000000000000000000e+00 3.049321239814162254e-04
3.057118447031825781e-04 0.000000000000000000e+00 9.999999403953552246e-01 -9.999999403953552246e-01 0.000000000000000000e+00 3.057118447031825781e-04
3.064623160753399134e-04 0.000000000000000000e+00 9.999999403953552246e-01 -9.999999403953552246e-01 0.000000000000000000e+00 3.064623160753399134e-04
3.053270920645445585e-04 0.000000000000000000e+00 9.999999403953552246e-01 -9.999999403953552246e-01 0.000000000000000000e+00 3.053270920645445585e-04
3.053270920645445585e-04 0.000000000000000000e+00 9.999999403953552246e-01 -9.999999403953552246e-01 0.000000000000000000e+00 3.053270920645445585e-04
3.063789336010813713e-04 0.000000000000000000e+00 9.999999403953552246e-01 -9.999999403953552246e-01 0.000000000000000000e+00 3.063789336010813713e-04
3.063160402234643698e-04 0.000000000000000000e+00 9.999999403953552246e-01 -9.999999403953552246e-01 0.000000000000000000e+00 3.063160402234643698e-04
3.079910820815712214e-04 0.000000000000000000e+00 9.999999403953552246e-01 -9.999999403953552246e-01 0.000000000000000000e+00 3.079910820815712214e-04
3.072742547374218702e-04 0.000000000000000000e+00 9.999999403953552246e-01 -9.999999403953552246e-01 0.000000000000000000e+00 3.072742547374218702e-04
3.076999564655125141e-04 0.000000000000000000e+00 9.999999403953552246e-01 -9.999999403953552246e-01 0.000000000000000000e+00 3.076999564655125141e-04
3.079252492170780897e-04 0.000000000000000000e+00 9.999999403953552246e-01 -9.999999403953552246e-01 0.000000000000000000e+00 3.079252492170780897e-04
3.101386537309736013e-04 0.000000000000000000e+00 9.999999403953552246e-01 -9.999999403953552246e-01 0.000000000000000000e+00 3.101386537309736013e-04
3.095154243055731058e-04 0.000000000000000000e+00 9.999999403953552246e-01 -9.999999403953552246e-01 0.000000000000000000e+00 3.095154243055731058e-04
-1.183068007230758667e-01 -1.957676977326627821e-05 -9.929771423339843750e-01 -2.316065092600183561e-06 1.000000000000000000e+00 -1.943928509717807174e-05
-1.183068007230758667e-01 -3.371879938640631735e-05 -9.929771423339843750e-01 -3.989163360529346392e-06 1.000000000000000000e+00 -3.348199606989510357e-05
-3.482970893383026123e-01 -1.017225513351149857e-04 -9.373841881752014160e-01 -3.542966805980540812e-05 1.000000000000000000e+00 -9.535311255604028702e-05
-3.482970893383026123e-01 -1.359548332402482629e-04 -9.373841881752014160e-01 -4.735267430078238249e-05 1.000000000000000000e+00 -1.274419046239927411e-04
-5.587874054908752441e-01 -1.371778344037011266e-04 -8.293109536170959473e-01 -7.665324665140360594e-05 1.000000000000000000e+00 -1.137630824814550579e-04
-5.587874054908752441e-01 -1.537468488095328212e-04 -8.293109536170959473e-01 -8.591180085204541683e-05 1.000000000000000000e+00 -1.275039394386112690e-04
-1.564353555440902710e-01 -8.834459586068987846e-04 9.876878261566162109e-01 -1.382022310281172395e-04 9.999996423721313477e-01 8.725691586732864380e-04
-1.564353555440902710e-01 -8.818338392302393913e-04 9.876878261566162109e-01 -1.379500317852944136e-04 9.999996423721313477e-01 8.709768881089985371e-04
-4.515933692455291748e-01 -1.026665791869163513e-01 8.862973451614379883e-01 -4.660984501242637634e-02 9.947158694267272949e-01 9.147650003433227539e-02
-4.515957236289978027e-01 -1.026170998811721802e-01 8.863019347190856934e-01 -4.658737406134605408e-02 9.947209358215332031e-01 9.143240004777908325e-02
-6.904069781303405762e-01 -2.160647362470626831e-01 6.904014945030212402e-01 -1.527814716100692749e-01 9.763790369033813477e-01 1.527802646160125732e-01
-6.902566552162170410e-01 -2.170235514640808105e-01 6.902511715888977051e-01 -1.534594446420669556e-01 9.761663675308227539e-01 1.534582227468490601e-01
-8.732106089591979980e-01 -1.988755464553833008e-01 4.449177980422973633e-01 -1.771998554468154907e-01 9.800247550010681152e-01 9.028676897287368774e-02
-8.732912540435791016e-01 -1.984290331602096558e-01 4.449588656425476074e-01 -1.768019944429397583e-01 9.801152348518371582e-01 9.008406102657318115e-02
-9.865724444389343262e-01 -4.754611477255821228e-02 1.562505513429641724e-01 -4.696079343557357788e-02 9.988690614700317383e-01 7.437517866492271423e-03
-9.869899153709411621e-01 -3.762911260128021240e-02 1.563166677951812744e-01 -3.716587647795677185e-02 9.992917776107788086e-01 5.886226426810026169e-03
-9.867878556251525879e-01 4.266163706779479980e-02 -1.563000082969665527e-01 4.213634505867958069e-02 9.990895986557006836e-01 6.674090400338172913e-03
-9.862132072448730469e-01 5.461004376411437988e-02 -1.562089920043945312e-01 5.393763259053230286e-02 9.985077977180480957e-01 8.543328382074832916e-03
-8.838041424751281738e-01 1.268532872200012207e-01 -4.503316283226013184e-01 1.130265295505523682e-01 9.919214844703674316e-01 5.759128928184509277e-02
-8.788644671440124512e-01 1.644972413778305054e-01 -4.478147029876708984e-01 1.465673893690109253e-01 9.863775968551635742e-01 7.468162477016448975e-02
-6.949502229690551758e-01 1.845714896917343140e-01 -6.949659585952758789e-01 1.305103003978729248e-01 9.828191399574279785e-01 1.305132508277893066e-01
-6.940640807151794434e-01 1.911240369081497192e-01 -6.940797567367553711e-01 1.351435780525207520e-01 9.815658926963806152e-01 1.351466327905654907e-01
-4.518981873989105225e-01 9.564508497714996338e-02 -8.869273066520690918e-01 4.342090338468551636e-02 9.954155087471008301e-01 8.522093296051025391e-02
-4.522088766098022461e-01 8.823361992835998535e-02 -8.875370621681213379e-01 4.005625098943710327e-02 9.960998296737670898e-01 7.861722260713577271e-02
-1.564201563596725464e-01 1.306853955611586571e-04 -9.876906275749206543e-01 2.044183020188938826e-05 1.000000000000000000e+00 1.290767395403236151e-04
-1.564201563596725464e-01 1.676504180068150163e-04 -9.876906275749206543e-01 2.622390456963330507e-05 1.000000000000000000e+00 1.655867527006193995e-04
-5.587874054908752441e-01 -4.300365108065307140e-04 8.293108940124511719e-01 -2.402989775873720646e-04 9.999999403953552246e-01 3.566340019460767508e-04
-5.587874054908752441e-01 -4.366459907032549381e-04 8.293108940124511719e-01 -2.439922827761620283e-04 9.999999403953552246e-01 3.621153009589761496e-04
-3.482970893383026123e-01 -3.446752380114048719e-04 9.373841881752014160e-01 -1.200493716169148684e-04 9.999999403953552246e-01 3.230930888094007969e-04
-3.482970893383026123e-01 -3.595502057578414679e-04 9.373841881752014160e-01 -1.252302754437550902e-04 9.999999403953552246e-01 3.370366466697305441e-04
-1.183068007230758667e-01 -2.225098432973027229e-04 9.929771423339843750e-01 -2.632442738104145974e-05 1.000000000000000000e+00 2.209471858805045485e-04
-1.183068007230758667e-01 -2.309596602572128177e-04 9.929771423339843750e-01 -2.732409848249517381e-05 1.000000000000000000e+00 2.293376601301133633e-04
6.430834531784057617e-01 -9.397200483363121748e-05 -7.657961249351501465e-01 6.043184112058952451e-05 1.000000000000000000e+00 -7.196339720394462347e-05
6.430834531784057617e-01 -8.857384091243147850e-05 -7.657961249351501465e-01 5.696037260349839926e-05 1.000000000000000000e+00 -6.782950367778539658e-05
5.409063100814819336e-01 -8.182393503375351429e-05 -8.410828709602355957e-01 4.425908264238387346e-05 1.000000000000000000e+00 -6.882070738356560469e-05
5.409063100814819336e-01 -6.782088166801258922e-05 -8.410828709602355957e-01 3.668474164442159235e-05 1.000000000000000000e+00 -5.704298018827103078e-05
4.300160109996795654e-01 -8.945305307861417532e-05 -9.028213024139404297e-01 3.846624531433917582e-05 1.000000000000000000e+00 -8.076012454694136977e-05
4.300160109996795654e-01 -7.345897029154002666e-05 -9.028213024139404297e-01 3.158853360218927264e-05 1.000000000000000000e+00 -6.632032454945147038e-05
3.122002184391021729e-01 -7.370766979875043035e-05 -9.500163197517395020e-01 2.301155109307728708e-05 1.000000000000000000e+00 -7.002348866080865264e-05
3.122002184391021729e-01 -7.738397835055366158e-05 -9.500163197517395020e-01 2.415929520793724805e-05 1.000000000000000000e+00 -7.351604290306568146e-05
1.893546432256698608e-01 -8.316104504046961665e-05 -9.819087982177734375e-01 1.574692942085675895e-05 1.000000000000000000e+00 -8.165655890479683876e-05
1.893546432256698608e-01 -8.638677536509931087e-05 -9.819087982177734375e-01 1.635773696762043983e-05 1.000000000000000000e+00 -8.482393604936078191e-05
6.345901638269424438e-02 -7.583182014059275389e-05 -9.979844689369201660e-01 4.812212864635512233e-06 1.000000000000000000e+00 -7.567898137494921684e-05
6.345901638269424438e-02 -9.761760156834498048e-05 -9.979844689369201660e-01 6.194717116159154102e-06 1.000000000000000000e+00 -9.742085239849984646e-05
6.345901638269424438e-02 -2.670118192327208817e-05 9.979844689369201660e-01 1.694430693532922305e-06 1.000000000000000000e+00 2.664736530277878046e-05
6.345901638269424438e-02 -2.754089655354619026e-05 9.979844689369201660e-01 1.747718215483473614e-06 1.000000000000000000e+00 2.748538645391818136e-05
1.893546432256698608e-01 -5.412797236203914508e-06 9.819087982177734375e-01 1.024938342197856400e-06 1.000000000000000000e+00 5.314873305906075984e-06
1.893546432256698608e-01 1.383042763336561620e-05 9.819087982177734375e-01 -2.618855660330154933e-06 1.000000000000000000e+00 -1.358021836495026946e-05
3.122002184391021729e-01 8.397149940719828010e-06 9.500163197517395020e-01 -2.621592102514114231e-06 1.000000000000000000e+00 -7.977429049788042903e-06
3.122002184391021729e-01 1.185256223834585398e-05 9.500163197517395020e-01 -3.700372417370090261e-06 1.000000000000000000e+00 -1.126012739405268803e-05
4.300160109996795654e-01 3.838697011815384030e-06 9.028213024139404297e-01 -1.650701165090140421e-06 1.000000000000000000e+00 -3.465657528067822568e-06
4.300160109996795654e-01 9.971249710361007601e-06 9.028213024139404297e-01 -4.287796855351189151e-06 1.000000000000000000e+00 -9.002256774692796171e-06
5.409063100814819336e-01 -4.919793718727305532e-05 8.410828709602355957e-01 2.661147482285741717e-05 1.000000000000000000e+00 4.137954238103702664e-05
5.409063100814819336e-01 -3.853326415992341936e-05 8.410828709602355957e-01 2.084288644255138934e-05 1.000000000000000000e+00 3.240966907469555736e-05
6.430834531784057617e-01 -2.357931407459545881e-05 7.657961249351501465e-01 1.516346674179658294e-05 1.000000000000000000e+00 1.805694773793220520e-05
6.430834531784057617e-01 -1.267179686692543328e-05 7.657961249351501465e-01 8.149022505676839501e-06 1.000000000000000000e+00 9.704012882139068097e-06
0.000000000000000000e+00 -3.903270408045500517e-04 9.999999403953552246e-01 0.000000000000000000e+00 9.999999403953552246e-01 3.903270408045500517e-04
0.000000000000000000e+00 -3.112709382548928261e-04 9.999999403953552246e-01 0.000000000000000000e+00 9.999999403953552246e-01 3.112709382548928261e-04
5.103565636090934277e-04 0.000000000000000000e+00 -9.999998807907104492e-01 -9.999998807907104492e-01 0.000000000000000000e+00 -5.103565636090934277e-04
5.224226624704897404e-04 0.000000000000000000e+00 -9.999998807907104492e-01 -9.999998807907104492e-01 0.000000000000000000e+00 -5.224226624704897404e-04
5.236471770331263542e-04 0.000000000000000000e+00 -9.999998807907104492e-01 -9.999998807907104492e-01 0.000000000000000000e+00 -5.236471770331263542e-04
4.933223244734108448e-04 -0.000000000000000000e+00 -9.999998807907104492e-01 -9.999998807907104492e-01 0.000000000000000000e+00 -4.933223244734108448e-04
4.754659021273255348e-04 0.000000000000000000e+00 -9.999998807907104492e-01 -9.999998807907104492e-01 0.000000000000000000e+00 -4.754659021273255348e-04
4.744711332023143768e-04 -0.000000000000000000e+00 -9.999998807907104492e-01 -9.999998807907104492e-01 0.000000000000000000e+00 -4.744711332023143768e-04
4.748339415527880192e-04 0.000000000000000000e+00 -9.999998807907104492e-01 -9.999998807907104492e-01 0.000000000000000000e+00 -4.748339415527880192e-04
4.737660055980086327e-04 0.000000000000000000e+00 -9.999998807907104492e-01 -9.999998807907104492e-01 0.000000000000000000e+00 -4.737660055980086327e-04
4.717530391644686460e-04 0.000000000000000000e+00 -9.999998807907104492e-01 -9.999998807907104492e-01 0.000000000000000000e+00 -4.717530391644686460e-04
4.691080830525606871e-04 0.000000000000000000e+00 -9.999998807907104492e-01 -9.999998807907104492e-01 0.000000000000000000e+00 -4.691080830525606871e-04
4.672092036344110966e-04 0.000000000000000000e+00 -9.999998807907104492e-01 -9.999998807907104492e-01 0.000000000000000000e+00 -4.672092036344110966e-04
4.645876470021903515e-04 0.000000000000000000e+00 -9.999998807907104492e-01 -9.999998807907104492e-01 0.000000000000000000e+00 -4.645876470021903515e-04
4.639117978513240814e-04 0.000000000000000000e+00 -9.999998807907104492e-01 -9.999998807907104492e-01 0.000000000000000000e+00 -4.639117978513240814e-04
4.630720650311559439e-04 0.000000000000000000e+00 -9.999998807907104492e-01 -9.999998807907104492e-01 0.000000000000000000e+00 -4.630720650311559439e-04
4.619046521838754416e-04 0.000000000000000000e+00 -9.999998807907104492e-01 -9.999998807907104492e-01 0.000000000000000000e+00 -4.619046521838754416e-04
4.609186435118317604e-04 0.000000000000000000e+00 -9.999998807907104492e-01 -9.999998807907104492e-01 0.000000000000000000e+00 -4.609186435118317604e-04
4.592070472426712513e-04 0.000000000000000000e+00 -9.999998807907104492e-01 -9.999998807907104492e-01 0.000000000000000000e+00 -4.592070472426712513e-04
4.588295996654778719e-04 0.000000000000000000e+00 -9.999998807907104492e-01 -9.999998807907104492e-01 0.000000000000000000e+00 -4.588295996654778719e-04
4.586891736835241318e-04 0.000000000000000000e+00 -9.999998807907104492e-01 -9.999998807907104492e-01 0.000000000000000000e+00 -4.586891736835241318e-04
4.585458082146942616e-04 0.000000000000000000e+00 -9.999998807907104492e-01 -9.999998807907104492e-01 0.000000000000000000e+00 -4.585458082146942616e-04
4.591426695697009563e-04 0.000000000000000000e+00 -9.999998807907104492e-01 -9.999998807907104492e-01 0.000000000000000000e+00 -4.591426695697009563e-04
4.937787307426333427e-04 0.000000000000000000e+00 -9.999998807907104492e-01 -9.999998807907104492e-01 0.000000000000000000e+00 -4.937787307426333427e-04
5.100376438349485397e-04 0.000000000000000000e+00 -9.999998807907104492e-01 -9.999998807907104492e-01 0.000000000000000000e+00 -5.100376438349485397e-04
5.322710494510829449e-04 0.000000000000000000e+00 -9.999998807907104492e-01 -9.999998807907104492e-01 0.000000000000000000e+00 -5.322710494510829449e-04
5.340002244338393211e-04 0.000000000000000000e+00 -9.999998807907104492e-01 -9.999998807907104492e-01 0.000000000000000000e+00 -5.340002244338393211e-04
5.327216349542140961e-04 0.000000000000000000e+00 -9.999998807907104492e-01 -9.999998807907104492e-01 0.000000000000000000e+00 -5.327216349542140961e-04
5.319258198142051697e-04 0.000000000000000000e+00 -9.999998807907104492e-01 -9.999998807907104492e-01 0.000000000000000000e+00 -5.319258198142051697e-04
5.311212153173983097e-04 0.000000000000000000e+00 -9.999998807907104492e-01 -9.999998807907104492e-01 0.000000000000000000e+00 -5.311212153173983097e-04
5.308286054059863091e-04 0.000000000000000000e+00 -9.999998807907104492e-01 -9.999998807907104492e-01 0.000000000000000000e+00 -5.308286054059863091e-04
5.264018545858561993e-04 0.000000000000000000e+00 -9.999998807907104492e-01 -9.999998807907104492e-01 0.000000000000000000e+00 -5.264018545858561993e-04
5.263286875560879707e-04 0.000000000000000000e+00 -9.999998807907104492e-01 -9.999998807907104492e-01 -0.000000000000000000e+00 -5.263286875560879707e-04
5.245907232165336609e-04 0.000000000000000000e+00 -9.999998807907104492e-01 -9.999998807907104492e-01 0.000000000000000000e+00 -5.245907232165336609e-04
5.219047889113426208e-04 0.000000000000000000e+00 -9.999998807907104492e-01 -9.999998807907104492e-01 0.000000000000000000e+00 -5.219047889113426208e-04
5.230312817730009556e-04 -0.000000000000000000e+00 -9.999998807907104492e-01 -9.999998807907104492e-01 0.000000000000000000e+00 -5.230312817730009556e-04
5.233443225733935833e-04 -0.000000000000000000e+00 -9.999998807907104492e-01 -9.999998807907104492e-01 0.000000000000000000e+00 -5.233443225733935833e-04
5.219896556809544563e-04 0.000000000000000000e+00 -9.999998807907104492e-01 -9.999998807907104492e-01 0.000000000000000000e+00 -5.219896556809544563e-04
5.217760917730629444e-04 -0.000000000000000000e+00 -9.999998807907104492e-01 -9.999998807907104492e-01 0.000000000000000000e+00 -5.217760917730629444e-04
5.218097358010709286e-04 -0.000000000000000000e+00 -9.999998807907104492e-01 -9.999998807907104492e-01 0.000000000000000000e+00 -5.218097358010709286e-04
5.214893608354032040e-04 0.000000000000000000e+00 -9.999998807907104492e-01 -9.999998807907104492e-01 -0.000000000000000000e+00 -5.214893608354032040e-04
5.217702127993106842e-04 -0.000000000000000000e+00 -9.999998807907104492e-01 -9.999998807907104492e-01 0.000000000000000000e+00 -5.217702127993106842e-04
4.563690163195133209e-04 -0.000000000000000000e+00 -9.999999403953552246e-01 -9.999999403953552246e-01 0.000000000000000000e+00 -4.563690163195133209e-04
4.536538326647132635e-04 0.000000000000000000e+00 -9.999999403953552246e-01 -9.999999403953552246e-01 0.000000000000000000e+00 -4.536538326647132635e-04
4.539698129519820213e-04 0.000000000000000000e+00 -9.999999403953552246e-01 -9.999999403953552246e-01 0.000000000000000000e+00 -4.539698129519820213e-04
4.543765098787844181e-04 0.000000000000000000e+00 -9.999999403953552246e-01 -9.999999403953552246e-01 0.000000000000000000e+00 -4.543765098787844181e-04
4.745706100948154926e-04 0.000000000000000000e+00 -9.999998807907104492e-01 -9.999998807907104492e-01 -0.000000000000000000e+00 -4.745706100948154926e-04
4.747637140098959208e-04 -0.000000000000000000e+00 -9.999998807907104492e-01 -9.999998807907104492e-01 0.000000000000000000e+00 -4.747637140098959208e-04
4.749041399918496609e-04 0.000000000000000000e+00 -9.999998807907104492e-01 -9.999998807907104492e-01 0.000000000000000000e+00 -4.749041399918496609e-04
4.747666534967720509e-04 -0.000000000000000000e+00 -9.999998807907104492e-01 -9.999998807907104492e-01 0.000000000000000000e+00 -4.747666534967720509e-04
5.218521691858768463e-04 0.000000000000000000e+00 -9.999998807907104492e-01 -9.999998807907104492e-01 0.000000000000000000e+00 -5.218521691858768463e-04
5.228922818787395954e-04 0.000000000000000000e+00 -9.999998807907104492e-01 -9.999998807907104492e-01 0.000000000000000000e+00 -5.228922818787395954e-04
5.215142155066132545e-04 0.000000000000000000e+00 -9.999998807907104492e-01 -9.999998807907104492e-01 0.000000000000000000e+00 -5.215142155066132545e-04
5.219574668444693089e-04 0.000000000000000000e+00 -9.999998807907104492e-01 -9.999998807907104492e-01 -0.000000000000000000e+00 -5.219574668444693089e-04
5.214791162870824337e-04 0.000000000000000000e+00 -9.999998807907104492e-01 -9.999998807907104492e-01 0.000000000000000000e+00 -5.214791162870824337e-04
5.214308039285242558e-04 0.000000000000000000e+00 -9.999998807907104492e-01 -9.999998807907104492e-01 0.000000000000000000e+00 -5.214308039285242558e-04
5.215639830566942692e-04 0.000000000000000000e+00 -9.999998807907104492e-01 -9.999998807907104492e-01 0.000000000000000000e+00 -5.215639830566942692e-04
5.317619652487337589e-04 0.000000000000000000e+00 -9.999998807907104492e-01 -9.999998807907104492e-01 0.000000000000000000e+00 -5.317619652487337589e-04
5.364081589505076408e-04 0.000000000000000000e+00 -9.999998807907104492e-01 -9.999998807907104492e-01 0.000000000000000000e+00 -5.364081589505076408e-04
5.372684099711477757e-04 0.000000000000000000e+00 -9.999998807907104492e-01 -9.999998807907104492e-01 0.000000000000000000e+00 -5.372684099711477757e-04
5.377365159802138805e-04 0.000000000000000000e+00 -9.999998807907104492e-01 -9.999998807907104492e-01 0.000000000000000000e+00 -5.377365159802138805e-04
5.373181193135678768e-04 0.000000000000000000e+00 -9.999998807907104492e-01 -9.999998807907104492e-01 0.000000000000000000e+00 -5.373181193135678768e-04
5.368412239477038383e-04 0.000000000000000000e+00 -9.999998807907104492e-01 -9.999998807907104492e-01 0.000000000000000000e+00 -5.368412239477038383e-04
5.365457036532461643e-04 0.000000000000000000e+00 -9.999998807907104492e-01 -9.999998807907104492e-01 0.000000000000000000e+00 -5.365457036532461643e-04
-7.845900952816009521e-02 -4.912069416604936123e-04 9.969172477722167969e-01 -3.853961243294179440e-05 9.999998807907104492e-01 4.896927275694906712e-04
-7.845900952816009521e-02 -4.823416238650679588e-04 9.969172477722167969e-01 -3.784404907491989434e-05 9.999998807907104492e-01 4.808547382708638906e-04
7.845881581306457520e-02 -4.150766762904822826e-04 9.969173073768615723e-01 3.256642594351433218e-05 9.999999403953552246e-01 4.137971554882824421e-04
7.845881581306457520e-02 -4.050498537253588438e-04 9.969173073768615723e-01 3.177973485435359180e-05 9.999999403953552246e-01 4.038012411911040545e-04
2.334454953670501709e-01 -3.902802127413451672e-04 9.723698496818542480e-01 9.110916289500892162e-05 9.999999403953552246e-01 3.794967487920075655e-04
-2.334454804658889771e-01 -4.816452856175601482e-04 9.723697900772094727e-01 -1.124379268730990589e-04 9.999998807907104492e-01 4.683373845182359219e-04
-2.334454804658889771e-01 -4.758725990541279316e-04 9.723697900772094727e-01 -1.110903249355033040e-04 9.999998807907104492e-01 4.627241869457066059e-04
-3.826831281185150146e-01 -4.549002042040228844e-04 9.238795638084411621e-01 -1.740826701279729605e-04 9.999999403953552246e-01 4.202730779070407152e-04
-3.826831281185150146e-01 -4.271925718057900667e-04 9.238795638084411621e-01 -1.634794316487386823e-04 9.999999403953552246e-01 3.946745709981769323e-04
-5.224984884262084961e-01 -4.272160003893077374e-04 8.526401519775390625e-01 -2.232197148259729147e-04 9.999999403953552246e-01 3.642615338321775198e-04
-5.224984288215637207e-01 -4.042686487082391977e-04 8.526401519775390625e-01 -2.112297515850514174e-04 9.999999403953552246e-01 3.446956980042159557e-04
-6.494483947753906250e-01 -4.411605186760425568e-04 7.604055404663085938e-01 -2.865110582206398249e-04 9.999999403953552246e-01 3.354609943926334381e-04
-6.494483947753906250e-01 -4.079522623214870691e-04 7.604056000709533691e-01 -2.649439556989818811e-04 9.999999403953552246e-01 3.102092014160007238e-04
-7.604061365127563477e-01 -4.356233985163271427e-04 6.494477987289428711e-01 -3.312507469672709703e-04 9.999999403953552246e-01 2.829146687872707844e-04
-7.604061365127563477e-01 -4.198882088530808687e-04 6.494477391242980957e-01 -3.192856092937290668e-04 9.999999403953552246e-01 2.726954699028283358e-04
-8.526400327682495117e-01 -4.387203953228890896e-04 5.224987268447875977e-01 -3.740706015378236771e-04 9.999999403953552246e-01 2.292308490723371506e-04
-8.526400327682495117e-01 -4.158037481829524040e-04 5.224986672401428223e-01 -3.545309591572731733e-04 9.999999403953552246e-01 2.172569220419973135e-04
-9.238789677619934082e-01 -4.451586573850363493e-04 3.826846778392791748e-01 -4.112727474421262741e-04 9.999999403953552246e-01 1.703554153209552169e-04
-9.238789677619934082e-01 -4.201178962830454111e-04 3.826846778392791748e-01 -3.881381126120686531e-04 9.999999403953552246e-01 1.607726881047710776e-04
-9.723699688911437988e-01 -4.409074608702212572e-04 2.334449440240859985e-01 -4.287252086214721203e-04 9.999999403953552246e-01 1.029276245390065014e-04
-9.723699688911437988e-01 -4.243706353008747101e-04 2.334449440240859985e-01 -4.126452840864658356e-04 9.999999403953552246e-01 9.906718332786113024e-05
-9.969173073768615723e-01 -4.333119723014533520e-04 7.845831662416458130e-02 -4.319762811064720154e-04 9.999999403953552246e-01 3.399693378014490008e-05
-9.969173669815063477e-01 -4.172505869064480066e-04 7.845831662416458130e-02 -4.159643722232431173e-04 9.999999403953552246e-01 3.273678157711401582e-05
-9.969173073768615723e-01 -4.305953334551304579e-04 -7.845831662416458130e-02 -4.292680241633206606e-04 9.999999403953552246e-01 -3.378379187779501081e-05
-9.969173669815063477e-01 -4.107961722183972597e-04 -7.845831662416458130e-02 -4.095298645552247763e-04 9.999999403953552246e-01 -3.223037856514565647e-05
-9.723699688911437988e-01 -4.403032653499394655e-04 -2.334449440240859985e-01 -4.281376895960420370e-04 9.999999403953552246e-01 -1.027865801006555557e-04
-9.723699688911437988e-01 -4.123556427657604218e-04 -2.334449440240859985e-01 -4.009622789453715086e-04 9.999999403953552246e-01 -9.626234532333910465e-05
-9.238789081573486328e-01 -4.688359622377902269e-04 -3.826846480369567871e-01 -4.331477102823555470e-04 9.999998807907104492e-01 -1.794163545127958059e-04
-9.238789677619934082e-01 -4.444696241989731789e-04 -3.826846778392791748e-01 -4.106361593585461378e-04 9.999999403953552246e-01 -1.700917346170172095e-04
-8.526399731636047363e-01 -4.879577609244734049e-04 -5.224986672401428223e-01 -4.160523531027138233e-04 9.999998807907104492e-01 -2.549572964198887348e-04
-8.526400327682495117e-01 -4.501735384110361338e-04 -5.224987268447875977e-01 -3.838360134977847338e-04 9.999999403953552246e-01 -2.352151059312745929e-04
-7.604061365127563477e-01 -4.478138580452650785e-04 -6.494477987289428711e-01 -3.405204333830624819e-04 9.999999403953552246e-01 -2.908317255787551403e-04
-7.604061365127563477e-01 -4.160056414548307657e-04 -6.494477391242980957e-01 -3.163332585245370865e-04 9.999999403953552246e-01 -2.701739431358873844e-04
-6.494483947753906250e-01 -4.530072037596255541e-04 -7.604055404663085938e-01 -2.942048595286905766e-04 9.999999403953552246e-01 -3.444692702032625675e-04
-6.494483947753906250e-01 -4.014115547761321068e-04 -7.604056000709533691e-01 -2.606961061246693134e-04 9.999999403953552246e-01 -3.052356187254190445e-04
-5.224984288215637207e-01 -4.568488220684230328e-04 -8.526400923728942871e-01 -2.387028216617181897e-04 9.999998807907104492e-01 -3.895276749972254038e-04
-5.224984288215637207e-01 -3.963454801123589277e-04 -8.526401519775390625e-01 -2.070899208774790168e-04 9.999999403953552246e-01 -3.379400877747684717e-04
-3.826831281185150146e-01 -4.411488189361989498e-04 -9.238795638084411621e-01 -1.688202464720234275e-04 9.999999403953552246e-01 -4.075684701092541218e-04
-3.826831579208374023e-01 -3.887222264893352985e-04 -9.238796234130859375e-01 -1.487574627390131354e-04 9.999999403953552246e-01 -3.591325657907873392e-04
-2.334454953670501709e-01 -4.243033472448587418e-04 -9.723698496818542480e-01 -9.905171464197337627e-05 9.999999403953552246e-01 -4.125798004679381847e-04
-2.334454953670501709e-01 -3.864766331389546394e-04 -9.723698496818542480e-01 -9.022123413160443306e-05 9.999999403953552246e-01 -3.757982631213963032e-04
-7.845900952816009521e-02 -4.010619304608553648e-04 -9.969173073768615723e-01 -3.146692324662581086e-05 9.999999403953552246e-01 -3.998255997430533171e-04
-7.845900952816009521e-02 -3.806308086495846510e-04 -9.969173073768615723e-01 -2.986391882586758584e-05 9.999999403953552246e-01 -3.794574586208909750e-04
7.845881581306457520e-02 -3.625623066909611225e-04 -9.969173073768615723e-01 2.844621121766977012e-05 9.999999403953552246e-01 -3.614446613937616348e-04
7.845881581306457520e-02 -3.457548446021974087e-04 -9.969173073768615723e-01 2.712751847866456956e-05 9.999999403953552246e-01 -3.446890041232109070e-04
2.334454953670501709e-01 -3.345488803461194038e-04 -9.723698496818542480e-01 7.809893577359616756e-05 9.999999403953552246e-01 -3.253052709624171257e-04
2.334454953670501709e-01 -2.802819362841546535e-04 -9.723698496818542480e-01 6.543056952068582177e-05 1.000000000000000000e+00 -2.725377562455832958e-04
3.826831579208374023e-01 -2.538572589401155710e-04 -9.238796234130859375e-01 9.714691259432584047e-05 1.000000000000000000e+00 -2.345335815334692597e-04
3.826831877231597900e-01 -1.759583246894180775e-04 -9.238796830177307129e-01 6.733629561495035887e-05 1.000000000000000000e+00 -1.625643199076876044e-04
5.224984884262084961e-01 -1.978157815756276250e-04 -8.526402115821838379e-01 1.033584485412575305e-04 1.000000000000000000e+00 -1.686656905803829432e-04
5.224984884262084961e-01 -1.516636402811855078e-04 -8.526402115821838379e-01 7.924402598291635513e-05 1.000000000000000000e+00 -1.293145178351551294e-04
6.405158042907714844e-01 -1.715125254122540355e-04 -7.679449915885925293e-01 1.098564825952053070e-04 1.000000000000000000e+00 -1.317121786996722221e-04
6.405158042907714844e-01 -1.304674224229529500e-04 -7.679449915885925293e-01 8.356644684681668878e-05 1.000000000000000000e+00 -1.001918062684126198e-04
6.494495868682861328e-01 -1.545556588098406792e-04 -7.604047060012817383e-01 -7.396668195724487305e-03 9.999514222145080566e-01 -6.520621944218873978e-03
7.416703104972839355e-01 1.688197953626513481e-03 -6.707624197006225586e-01 4.866176284849643707e-03 9.999569654464721680e-01 7.897316478192806244e-03
7.603835463523864746e-01 2.419630065560340881e-03 -6.494698524475097656e-01 -1.030487660318613052e-02 9.999121427536010742e-01 -8.339480496942996979e-03
8.319647908210754395e-01 5.444754380732774734e-03 -5.548017621040344238e-01 2.115335781127214432e-03 9.999134540557861328e-01 1.298512145876884460e-02
8.525751829147338867e-01 6.052278447896242142e-03 -5.225695371627807617e-01 -1.329671218991279602e-02 9.998604655265808105e-01 -1.011351216584444046e-02
9.042797088623046875e-01 8.038919419050216675e-03 -4.268648326396942139e-01 -1.207197667099535465e-03 9.998669028282165527e-01 1.627261191606521606e-02
9.237924814224243164e-01 8.304368704557418823e-03 -3.828035593032836914e-01 -1.436124369502067566e-02 9.998127818107604980e-01 -1.296747755259275436e-02
9.570691585540771484e-01 8.099956437945365906e-03 -2.897465825080871582e-01 -3.177489386871457100e-03 9.998426437377929688e-01 1.745526865124702454e-02
9.723063707351684570e-01 7.752698846161365509e-03 -2.335815578699111938e-01 -1.191554032266139984e-02 9.997942447662353516e-01 -1.641589775681495667e-02
9.892010688781738281e-01 6.858254317194223404e-03 -1.464041620492935181e-01 -4.332504700869321823e-03 9.998363852500915527e-01 1.756380125880241394e-02
9.968878030776977539e-01 6.330671720206737518e-03 -7.857906818389892578e-02 -7.832757197320461273e-03 9.997921586036682129e-01 -1.882210932672023773e-02
-3.840112593024969101e-03 9.998471736907958984e-01 1.705624349415302277e-02 -9.999926686286926270e-01 -3.839554265141487122e-03 -6.549838872160762548e-05
9.969143271446228027e-01 4.438588861376047134e-03 7.837177067995071411e-02 -2.905306871980428696e-03 9.998023509979248047e-01 -1.966740377247333527e-02
9.891883730888366699e-01 4.234673921018838882e-03 1.465900242328643799e-01 -6.642276886850595474e-03 9.998509883880615234e-01 1.593846641480922699e-02
9.723773002624511719e-01 2.460803370922803879e-03 2.334016561508178711e-01 1.982614863663911819e-03 9.998213052749633789e-01 -1.880112290382385254e-02
9.570530056953430176e-01 1.900173141621053219e-03 2.899066507816314697e-01 -6.394603289663791656e-03 9.998736381530761719e-01 1.455655414611101151e-02
9.238785505294799805e-01 -1.996373612200841308e-04 3.826858401298522949e-01 6.872533354908227921e-03 9.998472929000854492e-01 -1.607004739344120026e-02
9.042642116546630859e-01 -7.005017832852900028e-04 4.269728064537048340e-01 -5.429505836218595505e-03 9.998989701271057129e-01 1.313933543860912323e-02
8.526343703269958496e-01 -6.785010918974876404e-04 5.225076675415039062e-01 8.714406751096248627e-03 9.998785853385925293e-01 -1.292188558727502823e-02
8.319427371025085449e-01 -2.682828926481306553e-04 5.548615455627441406e-01 -6.422261241823434830e-03 9.999282360076904297e-01 1.011282391846179962e-02
7.604063749313354492e-01 1.539444383524823934e-05 6.494476199150085449e-01 8.453137241303920746e-03 9.999150633811950684e-01 -9.921064600348472595e-03
7.416607141494750977e-01 6.086510256864130497e-05 6.707752346992492676e-01 -6.163450889289379120e-03 9.999583959579467773e-01 6.724050268530845642e-03
6.494482159614562988e-01 -2.554423554101958871e-05 7.604058384895324707e-01 7.513639517128467560e-03 9.999514222145080566e-01 -6.383666303008794785e-03
6.405158042907714844e-01 -4.185116267763078213e-05 7.679449915885925293e-01 2.680633042473345995e-05 1.000000000000000000e+00 3.213938907720148563e-05
6.405158042907714844e-01 -1.292224769713357091e-04 7.679449915885925293e-01 8.276903827209025621e-05 1.000000000000000000e+00 9.923575271386653185e-05
6.494495272636413574e-01 -1.492893934482708573e-04 7.604047060012817383e-01 -7.400088477879762650e-03 9.999514222145080566e-01 6.516617257148027420e-03
5.224984884262084961e-01 -1.189908361993730068e-04 8.526402115821838379e-01 6.217253394424915314e-05 1.000000000000000000e+00 1.014563749777153134e-04
5.224984884262084961e-01 -2.686971274670213461e-04 8.526402115821838379e-01 1.403938367730006576e-04 1.000000000000000000e+00 2.291019627591595054e-04
3.826831877231597900e-01 -2.368756977375596762e-04 9.238796830177307129e-01 9.064834739547222853e-05 1.000000000000000000e+00 2.188446378568187356e-04
3.826831579208374023e-01 -3.047843638341873884e-04 9.238796234130859375e-01 1.166358488262630999e-04 9.999999403953552246e-01 2.815840707626193762e-04
2.334454953670501709e-01 -3.323808487039059401e-04 9.723698496818542480e-01 7.759282016195356846e-05 9.999999403953552246e-01 3.231971350032836199e-04
7.416625022888183594e-01 2.375475451117381454e-04 6.707732081413269043e-01 5.942120682448148727e-03 9.999583959579467773e-01 -6.924225948750972748e-03
7.604045271873474121e-01 1.965585397556424141e-04 6.494497060775756836e-01 -8.614321239292621613e-03 9.999150633811950684e-01 9.783400222659111023e-03
8.319477438926696777e-01 1.096261315979063511e-03 5.548529624938964844e-01 5.733379162847995758e-03 9.999276995658874512e-01 -1.057226769626140594e-02
8.526358008384704590e-01 5.101952701807022095e-04 5.225055217742919922e-01 -8.570885285735130310e-03 9.998786449432373047e-01 1.300983596593141556e-02
9.042679667472839355e-01 1.426938222721219063e-03 4.269631206989288330e-01 4.772547166794538498e-03 9.998981952667236328e-01 -1.344953197985887527e-02
9.238780140876770020e-01 2.725615049712359905e-04 3.826870322227478027e-01 -6.939916405826807022e-03 9.998472332954406738e-01 1.604213379323482513e-02
9.570587277412414551e-01 -9.442134760320186615e-04 2.898926138877868652e-01 5.479581654071807861e-03 9.998750090599060059e-01 -1.483372133225202560e-02
9.723718762397766113e-01 -5.785965477116405964e-04 2.334366589784622192e-01 -3.813149640336632729e-03 9.998241662979125977e-01 1.836170256137847900e-02
9.892080426216125488e-01 2.031796466326341033e-04 1.465178281068801880e-01 2.251725411042571068e-03 9.998599290847778320e-01 -1.658894494175910950e-02
9.969124794006347656e-01 1.965324860066175461e-03 7.849613577127456665e-02 -3.480077255517244339e-03 9.998102784156799316e-01 1.916502229869365692e-02
-3.228106070309877396e-03 9.998493790626525879e-01 -1.705628260970115662e-02 -9.999948143959045410e-01 -3.227636683732271194e-03 5.505977242137305439e-05
9.969161152839660645e-01 3.752666059881448746e-03 -7.838525623083114624e-02 -2.221365924924612045e-03 9.998051524162292480e-01 1.961363106966018677e-02
9.891884922981262207e-01 4.208175465464591980e-03 -1.465895920991897583e-01 -6.616060622036457062e-03 9.998510479927062988e-01 -1.594235002994537354e-02
9.723769426345825195e-01 2.289495430886745453e-03 -2.334048897027969360e-01 2.149220323190093040e-03 9.998216629028320312e-01 1.876113004982471466e-02
9.570583105087280273e-01 1.019747694954276085e-03 -2.898937463760375977e-01 -5.551881156861782074e-03 9.998748898506164551e-01 -1.481182035058736801e-02
9.238582253456115723e-01 -2.726175822317600250e-03 -3.827252388000488281e-01 9.207082912325859070e-03 9.998435974121093750e-01 1.510297786444425583e-02
9.042765498161315918e-01 -3.740415675565600395e-03 -4.269308447837829590e-01 -2.680314006283879280e-03 9.998921751976013184e-01 -1.443736720830202103e-02
8.526090383529663086e-01 -3.259081859141588211e-03 -5.225392580032348633e-01 1.091493852436542511e-02 9.998734593391418457e-01 1.157330349087715149e-02
8.319563865661621094e-01 -2.815903164446353912e-03 -5.548340082168579102e-01 -4.302613437175750732e-03 9.999243021011352539e-01 -1.152646914124488831e-02
7.603891491889953613e-01 -1.863905694335699081e-03 -6.494651436805725098e-01 9.882275015115737915e-03 9.999133348464965820e-01 8.700436912477016449e-03
7.416678071022033691e-01 -1.193155883811414242e-03 -6.707662940025329590e-01 -5.233349744230508804e-03 9.999576807022094727e-01 -7.565245963633060455e-03
6.494449973106384277e-01 -4.558202053885906935e-04 -7.604085206985473633e-01 7.793094031512737274e-03 9.999513030052185059e-01 6.056465208530426025e-03
-0.000000000000000000e+00 -1.084636751329526305e-04 1.000000000000000000e+00 0.000000000000000000e+00 1.000000000000000000e+00 1.084636751329526305e-04
-0.000000000000000000e+00 -2.069765760097652674e-04 1.000000000000000000e+00 0.000000000000000000e+00 1.000000000000000000e+00 2.069765760097652674e-04
