####
#
# OBJ File Generated by Meshlab
#
####
# Object tier2_iso.obj
#
# Vertices: 1124
# Faces: 2244
#
####
vn -3.6448488419373692 -2.9760045101950272 -0.0000000000000006
v -0.1278608000000000 22.0775013000000015 1.0000000000000000
vn -3.6413453469863351 -2.0321429844510908 2.1510788642120242
v -0.1278608000000000 22.0257415999999999 0.8762563000000000
vn -3.9338546006922668 0.0978716382809319 2.9024530533995003
v -0.1278608000000000 21.9007815999999984 0.8250000000000000
vn -4.2126515758933198 2.0325907134896584 1.9536151781829041
v -0.1278608000000000 21.7758217000000016 0.8762563000000000
vn -4.3241274312979829 2.7758563742084545 -0.0000000000000004
v -0.1278608000000000 21.7240600999999991 1.0000000000000000
vn -4.2126515758933198 2.0325907134896593 -1.9536151781829041
v -0.1278608000000000 21.7758217000000016 1.1237436999999999
vn -3.9338546006922686 0.0978716382809321 -2.9024530533994994
v -0.1278608000000000 21.9007815999999984 1.1750000000000000
vn -3.6413453469863337 -2.0321429844510916 -2.1510788642120247
v -0.1278608000000000 22.0257415999999999 1.1237436999999999
vn -0.0000000109292543 -0.1957416886982017 5.8049062147335624
v 0.1217646000000000 21.9358673000000017 0.8250000000000000
vn -0.0000000757715772 -4.2026411170391746 3.3425761289364631
v 0.1217646000000000 22.0608272999999997 0.8762563000000000
vn -0.0000000757715771 -4.2026411170391755 -3.3425761289364617
v 0.1217646000000000 22.0608272999999997 1.1237436999999999
vn -0.0000000109292543 -0.1957416886982021 -5.8049062147335633
v 0.1217646000000000 21.9358673000000017 1.1750000000000000
vn 0.0000001130262093 4.0642858804774038 -4.3021592131145834
v 0.1217646000000000 21.8109074000000014 1.1237436999999999
vn 0.0000001700418418 5.9450552238534460 -0.0000000000000014
v 0.1217646000000000 21.7591475999999986 1.0000000000000000
vn 0.0000001130262093 4.0642858804774011 4.3021592131145843
v 0.1217646000000000 21.8109074000000014 0.8762563000000000
vn -3.8887643252670765 -0.5465828329570981 2.9024517342454650
v -1.0676407999999999 20.9608269000000007 0.8250000000000000
vn -4.1744310436198750 1.4857829807841103 2.0523339917610106
v -1.0504173999999999 20.8382873999999987 0.8762563000000000
vn -4.2927366833890757 2.3276271424944843 0.0000002529881893
v -1.0432832000000001 20.7875309000000001 1.0000000000000000
vn -4.1744311941505758 1.4857819160031769 -2.0523348837908286
v -1.0504173999999999 20.8382873999999987 1.1237436999999999
vn -3.8887644483326977 -0.5465827177040752 -2.9024528116842361
v -1.0676407999999999 20.9608269000000007 1.1750000000000000
vn -3.6031034106021531 -2.5789430959243589 -2.0523535231324028
v -1.0848643000000000 21.0833663999999992 1.1237436999999999
vn -3.4847991369312905 -3.4207813672547771 -0.0000011425880120
v -1.0919985000000001 21.1341247999999986 1.0000000000000000
vn -3.6031032709712050 -2.5789433290380464 2.0523534468759164
v -1.0848643000000000 21.0833663999999992 0.8762563000000000
vn 3.8887642091937908 0.5465826720589808 2.9024535486260863
v -0.6924794000000000 21.0135573999999998 0.8250000000000000
vn 4.1744185908228175 -1.4857802694329689 2.0523507913956220
v -0.7097028000000000 21.1360969999999995 0.8762563000000000
vn 4.2927581526941960 -2.3276072997204547 0.0000004381817499
v -0.7168369999999999 21.1868553000000013 1.0000000000000000
vn 4.1744186595006498 -1.4857799977368451 -2.0523514750933720
v -0.7097028000000000 21.1360969999999995 1.1237436999999999
vn 3.8887643576909690 0.5465823758637556 -2.9024541717224492
v -0.6924794000000000 21.0135573999999998 1.1750000000000000
vn 3.5757345346331819 2.7370807218021422 -2.0250440284616658
v -0.6752560000000000 20.8910179000000014 1.1237436999999999
vn 3.4251530451816254 3.7261325315711926 -0.0729431504455732
v -0.6681218000000000 20.8402615000000004 1.0000000000000000
vn 3.6031149392335475 2.5789593546959169 2.0523355834717738
v -0.6752560000000000 20.8910179000000014 0.8762563000000000
vn 3.8887643886180432 -0.5465834282488747 2.9024505559602654
v 1.4225190999999999 21.7530402999999986 0.8250000000000000
vn 3.6031149444497501 -2.5789545415913784 2.0523403459175014
v 1.4397424000000001 21.8755798000000006 0.8762563000000000
vn 3.4847720517285179 -3.4207889533684868 0.0000002144541833
v 1.4468766000000000 21.9263362999999991 1.0000000000000000
vn 3.6031146895856416 -2.5789542191325929 -2.0523371500731300
v 1.4397424000000001 21.8755798000000006 1.1237436999999999
vn 3.8887646336273671 -0.5465816850912137 -2.9024516228711055
v 1.4225190999999999 21.7530402999999986 1.1750000000000000
vn 4.1744317335441066 1.4857837493920862 -2.0523366359674187
v 1.4052956000000001 21.6305008000000001 1.1237436999999999
vn 4.2927372501851542 2.3276290393160437 -0.0000023853875657
v 1.3981614000000000 21.5797443000000015 1.0000000000000000
vn 4.1744311453436271 1.4857795645697593 2.0523354842473198
v 1.4052956000000001 21.6305008000000001 0.8762563000000000
vn -3.8887645129457531 0.5465825437109242 2.9024561098920145
v 1.0473577000000001 21.8057708999999988 0.8250000000000000
vn -3.6031141148107060 2.5789588798830416 2.0523352836969990
v 1.0301342000000000 21.6832314000000004 0.8762563000000000
vn -3.4847714831866181 3.4207896833941769 0.0000013763283241
v 1.0229999999999999 21.6324748999999983 1.0000000000000000
vn -3.6031145234419655 2.5789559726260887 -2.0523351716752938
v 1.0301342000000000 21.6832314000000004 1.1237436999999999
vn -3.8887645416017733 0.5465823398357120 -2.9024551296245145
v 1.0473577000000001 21.8057708999999988 1.1750000000000000
vn -4.1744321919411576 -1.4857848104090696 -2.0523311083907871
v 1.0645810000000000 21.9283104000000009 1.1237436999999999
vn -4.2927354650964933 -2.3276294690763093 0.0000001360439048
v 1.0717152000000001 21.9790667999999982 1.0000000000000000
vn -4.1744325079972029 -1.4857849232890001 2.0523305556852760
v 1.0645810000000000 21.9283104000000009 0.8762563000000000
vn -3.8887640143275939 -0.5465844960438395 2.9024554978054091
v -1.2903389999999999 22.5452538000000011 0.8250000000000000
vn -4.1744191229935463 1.4857815365943670 2.0523530343355603
v -1.2731155000000001 22.4227142000000015 0.8762563000000000
vn -4.2927581155678709 2.3276076490176605 0.0000009149204836
v -1.2659814000000000 22.3719558999999997 1.0000000000000000
vn -4.1744189929496169 1.4857806113679399 -2.0523532999066951
v -1.2731155000000001 22.4227142000000015 1.1237436999999999
vn -5.5518852805651324 -0.7908456920464459 -0.2481118586248909
v -1.2903389999999999 22.5452538000000011 1.1750000000000000
vn -3.6031157408762837 -2.5789564901663815 -2.0523327314148188
v -1.3075625000000000 22.6677932999999996 1.1237436999999999
vn -3.4847705036167360 -3.4207897394923594 0.0000004204967840
v -1.3146967000000001 22.7185497000000005 1.0000000000000000
vn -3.6031152737946668 -2.5789576775302629 2.0523340815859070
v -1.3075625000000000 22.6677932999999996 0.8762563000000000
vn 3.8887644579756397 0.5465828104665172 2.9024525970710942
v -0.9151776000000000 22.5979843000000002 0.8250000000000000
vn 4.1982537223582099 -1.7297948094624420 2.1183882736431761
v -0.9324010000000000 22.7205237999999987 0.8762563000000000
vn 4.2667076627879243 -3.1589747867633347 0.0075126146277663
v -0.9395352000000000 22.7712803000000008 1.0000000000000000
vn 4.1984430550828415 -1.7329169060601681 -2.1183343367321728
v -0.9324010000000000 22.7205237999999987 1.1237436999999999
vn 3.8887644569470727 0.5465828177846619 -2.9024526710582532
v -0.9151776000000000 22.5979843000000002 1.1750000000000000
vn 3.6031032253577004 2.5789432933908891 -2.0523577794664023
v -0.8979542000000000 22.4754447999999982 1.1237436999999999
vn 3.4847990588012108 3.4207805566340026 -0.0000002430754122
v -0.8908199999999999 22.4246863999999988 1.0000000000000000
vn 3.6031032384661321 2.5789432001273545 2.0523580186616925
v -0.8979542000000000 22.4754447999999982 0.8762563000000000
vn -3.6025536303584063 -3.4813191694125591 -0.0211679135979870
v -0.1278608000000000 22.8853645000000014 1.0000000000000000
vn -3.6413452026559989 -2.0321432881865471 2.1510787313042750
v -0.1278608000000000 22.8336047999999998 0.8762563000000000
vn -3.9338546063311886 0.0978706814117450 2.9024530675085991
v -0.1278608000000000 22.7086448999999995 0.8250000000000000
vn -4.2126581580452331 2.0325953273313067 1.9536012492057269
v -0.1278608000000000 22.5836849000000015 0.8762563000000000
vn -4.3240848358670778 2.7758816777213919 -0.0000000000000004
v -0.1278608000000000 22.5319251999999999 1.0000000000000000
vn -4.2126581580452322 2.0325953273313080 -1.9536012492057269
v -0.1278608000000000 22.5836849000000015 1.1237436999999999
vn -3.9338546063311908 0.0978706814117452 -2.9024530675085991
v -0.1278608000000000 22.7086448999999995 1.1750000000000000
vn -3.6251785032964698 -2.3235536789298554 -2.2790627702116399
v -0.1278608000000000 22.8336047999999998 1.1237436999999999
vn -0.0000000109292572 -0.1957414013750530 5.8049061317184991
v 0.1217646000000000 22.7437305000000016 0.8250000000000000
vn -0.0000000757715772 -4.2026411170391746 3.3425761289364631
v 0.1217646000000000 22.8686904999999996 0.8762563000000000
vn 0.0000000558567493 -4.2026412394465265 -3.3425760863158982
v 0.1217646000000000 22.8686904999999996 1.1237436999999999
vn 0.0000003183958687 -0.1957413931595767 -5.8049062393159305
v 0.1217646000000000 22.7437305000000016 1.1750000000000000
vn 0.0000003107230178 4.0642866970700791 -4.3021574310440771
v 0.1217646000000000 22.6187706000000013 1.1237436999999999
vn 0.0000001700370723 5.9450575616258199 -0.0000000000000013
v 0.1217646000000000 22.5670108999999997 1.0000000000000000
vn 0.0000001130261743 4.0642865664470937 4.3021574960209730
v 0.1217646000000000 22.6187706000000013 0.8762563000000000
vn -3.8887643965325154 -0.5465830862478954 2.9024543722345726
v -1.1789898999999999 21.7530402999999986 0.8250000000000000
vn -4.1744316988631933 1.4857837883698588 2.0523345845587699
v -1.1617664999999999 21.6305008000000001 0.8762563000000000
vn -4.2927370958885405 2.3276279415386845 0.0000013012147323
v -1.1546323000000001 21.5797443000000015 1.0000000000000000
vn -4.1744315009263113 1.4857823801168584 -2.0523356443793710
v -1.1617664999999999 21.6305008000000001 1.1237436999999999
vn -3.8887645367120469 -0.5465820889131309 -2.9024548341336907
v -1.1789898999999999 21.7530402999999986 1.1750000000000000
vn -3.6031146957814002 -2.5789547464881548 -2.0523343457288847
v -1.1962134000000000 21.8755798000000006 1.1237436999999999
vn -3.4847721436097521 -3.4207887655982017 0.0000014694753018
v -1.2033476000000001 21.9263362999999991 1.0000000000000000
vn -3.6031146635745470 -2.5789574115747076 2.0523341738326057
v -1.1962134000000000 21.8755798000000006 0.8762563000000000
vn 3.8887644504807857 0.5465827024229835 2.9024539535034224
v -0.8038284999999999 21.8057708999999988 0.8250000000000000
vn 4.1744326530283447 -1.4857846938917860 2.0523365071368236
v -0.8210520000000000 21.9283104000000009 0.8762563000000000
vn 4.2927350814730083 -2.3276285851898724 0.0000000015270559
v -0.8281861000000000 21.9790667999999982 1.0000000000000000
vn 4.1744323178021840 -1.4857847448181185 -2.0523366058729198
v -0.8210520000000000 21.9283104000000009 1.1237436999999999
vn 3.8887645703298634 0.5465818497310714 -2.9024530376047046
v -0.8038284999999999 21.8057708999999988 1.1750000000000000
vn 3.6031145231953747 2.5789556886644873 -2.0523352849260856
v -0.7866050999999999 21.6832314000000004 1.1237436999999999
vn 3.4847715200249842 3.4207894212980952 -0.0000006750593812
v -0.7794709000000000 21.6324748999999983 1.0000000000000000
vn 3.6031146093594582 2.5789550756341093 2.0523367546116957
v -0.7866050999999999 21.6832314000000004 0.8762563000000000
vn -3.6448503133434809 -2.9760038148684291 -0.0000000000000006
v -0.1278608000000000 21.2696381000000017 1.0000000000000000
vn -3.6413443837394790 -2.0321429452016817 2.1510795898511117
v -0.1278608000000000 21.2178782999999989 0.8762563000000000
vn -3.9338546307235038 0.0978711288087416 2.9024529761083757
v -0.1278608000000000 21.0929183999999985 0.8250000000000000
vn -4.2126428395746007 2.0325890697104949 1.9536222692249370
v -0.1278608000000000 20.9679585000000017 0.8762563000000000
vn -4.3179357787462820 2.9439550385229296 -0.1004548176667506
v -0.1278608000000000 20.9161968000000016 1.0000000000000000
vn -4.1956204421853363 2.2202407971956029 -2.2033878949706875
v -0.1278608000000000 20.9679585000000017 1.1237436999999999
vn -3.9262355644567490 0.2226595033736956 -3.0803728465642828
v -0.1278608000000000 21.0929183999999985 1.1750000000000000
vn -3.6413443837394777 -2.0321429452016835 -2.1510795898511121
v -0.1278608000000000 21.2178782999999989 1.1237436999999999
vn -0.0000000109292997 -0.1957433151134142 5.8049061035002900
v 0.1217646000000000 21.1280040999999983 0.8250000000000000
vn -0.0000000757715972 -4.2026415578887093 3.3425783156939755
v 0.1217646000000000 21.2529639999999986 0.8762563000000000
vn -0.0000000757715972 -4.2026415578887111 -3.3425783156939755
v 0.1217646000000000 21.2529639999999986 1.1237436999999999
vn -0.0000000109292997 -0.1957433151134149 -5.8049061035002882
v 0.1217646000000000 21.1280040999999983 1.1750000000000000
vn 0.0000001130254114 4.0642683642652777 -4.3021922500439809
v 0.1217646000000000 21.0030441000000003 1.1237436999999999
vn 0.0000001700363042 5.9450314275553957 -0.0000000000000010
v 0.1217646000000000 20.9512825000000014 1.0000000000000000
vn 0.0000001130254113 4.0642683642652768 4.3021922500439809
v 0.1217646000000000 21.0030441000000003 0.8762563000000000
vn 3.6448502389351822 -2.9760038380338250 -0.0000000000000006
v 0.3713899000000000 21.2696381000000017 1.0000000000000000
vn 3.6413442707132684 -2.0321429352757114 -2.1510796232634766
v 0.3713899000000000 21.2178782999999989 1.1237436999999999
vn 3.9338546416527214 0.0978711673603256 -2.9024529728097002
v 0.3713899000000000 21.0929183999999985 1.1750000000000000
vn 4.2043956147890640 2.2368237028764524 -2.0533203276884100
v 0.3713899000000000 20.9679585000000017 1.1237436999999999
vn 4.3124781027001733 3.0389944765024990 -0.0532216742824802
v 0.3713899000000000 20.9161968000000016 1.0000000000000000
vn 4.2126429525498779 2.0325890592449758 1.9536222245505663
v 0.3713899000000000 20.9679585000000017 0.8762563000000000
vn 3.9338546416527196 0.0978711673603253 2.9024529728097010
v 0.3713899000000000 21.0929183999999985 0.8250000000000000
vn 3.6413442707132693 -2.0321429352757101 2.1510796232634766
v 0.3713899000000000 21.2178782999999989 0.8762563000000000
vn -3.8887644505786882 0.5465821027816808 2.9024537925671470
v 1.1587067000000000 22.5979843000000002 0.8250000000000000
vn -3.6031031444635926 2.5789434016585933 2.0523573277643417
v 1.1414833000000000 22.4754447999999982 0.8762563000000000
vn -3.4847994821894654 3.4207802804937528 0.0000006897119746
v 1.1343491000000001 22.4246863999999988 1.0000000000000000
vn -3.6031037419522844 2.5789421711191132 -2.0523572745587826
v 1.1414833000000000 22.4754447999999982 1.1237436999999999
vn -3.8887645975515737 0.5465818174306130 -2.9024543501113751
v 1.1587067000000000 22.5979843000000002 1.1750000000000000
vn -4.1984430199337108 -1.7329169375232438 -2.1183357631807680
v 1.1759301000000000 22.7205237999999987 1.1237436999999999
vn -4.3178291737894856 -2.6063283603122471 -0.0956505337551633
v 1.1830643000000001 22.7712803000000008 1.0000000000000000
vn -4.1744308309758065 -1.4857818852790261 2.0523354640767710
v 1.1759301000000000 22.7205237999999987 0.8762563000000000
vn 3.8887640224611952 -0.5465838392221071 2.9024573474944555
v 1.5338681000000001 22.5452538000000011 0.8250000000000000
vn 3.6031155146674765 -2.5789560881466254 2.0523349969058922
v 1.5510915999999999 22.6677932999999996 0.8762563000000000
vn 3.4847705721964406 -3.4207892515642153 -0.0000004476674461
v 1.5582258000000000 22.7185497000000005 1.0000000000000000
vn 3.6031157405296201 -2.5789564926316735 -2.0523323743975288
v 1.5510915999999999 22.6677932999999996 1.1237436999999999
vn 3.8887642883957887 -0.5465827075066578 -2.9024545843036482
v 1.5338681000000001 22.5452538000000011 1.1750000000000000
vn 4.1744189974650565 1.4857797247634763 -2.0523516912838273
v 1.5166447000000001 22.4227142000000015 1.1237436999999999
vn 4.2927584788136963 2.3276067180920572 -0.0000002144520581
v 1.5095105000000000 22.3719558999999997 1.0000000000000000
vn 4.1744186255018247 1.4857800987721794 2.0523515609864220
v 1.5166447000000001 22.4227142000000015 0.8762563000000000
vn 5.0567243287546892 -2.5151216606979210 -0.0000000290732650
v -0.9428571000000000 0.7700000000000000 1.1000000000000001
vn 1.5626204552315248 -2.5151265131534872 -4.8092261266883893
v -0.9083080000000000 0.7700000000000000 1.1475527999999999
vn -4.0909708392283308 -2.5151267352999471 -2.9722687726905068
v -0.8524063000000000 0.7700000000000000 1.1293892999999999
vn -4.0909747475001321 -2.5151264655261256 2.9722663559154046
v -0.8524063000000000 0.7700000000000000 1.0706108000000001
vn 1.5626151505613168 -2.5151262805968848 4.8092260132488720
v -0.9083080000000000 0.7700000000000000 1.0524472000000000
vn 1.4367523517759975 -5.8349812211288965 -0.0000000068784961
v -0.9628571000000000 0.7500000000000000 1.1000000000000001
vn 0.4439787421643218 -5.8349833395286383 1.3664294590383694
v -0.9144883000000000 0.7500000000000000 1.0334260000000000
vn -1.1623564308232317 -5.8349824427717021 0.8444998407518826
v -0.8362259000000000 0.7500000000000000 1.0588550999999999
vn -1.1623553713154000 -5.8349827767203113 -0.8444999009335019
v -0.8362259000000000 0.7500000000000000 1.1411450000000001
vn 0.4439798785319723 -5.8349828883577697 -1.3664302035551457
v -0.9144883000000000 0.7500000000000000 1.1665740000000000
vn 2.5416026474166973 4.3982288471959787 -0.0000000000000026
v -0.5857143000000000 1.2500000000000000 1.1000000000000001
vn 0.7854008815186964 4.3982285976545565 -2.4172071991932258
v -0.5511652000000000 1.2500000000000000 1.1475527999999999
vn -2.0561967689845484 4.3982312663117273 -1.4939168353674943
v -0.4952634000000000 1.2500000000000000 1.1293892999999999
vn -2.0561991861889481 4.3982296482798695 1.4939160499721589
v -0.4952634000000000 1.2500000000000000 1.0706108000000001
vn 0.7853984643142982 4.3982302156864188 2.4172064137978868
v -0.5511652000000000 1.2500000000000000 1.0524472000000000
vn 5.0567243158887667 -2.5151205479971130 -0.0000015782828048
v -0.5857143000000000 0.7700000000000000 1.1000000000000001
vn 1.5626207085383252 -2.5151246827579801 4.8092259673416180
v -0.5511652000000000 0.7700000000000000 1.0524472000000000
vn -4.0909783969443874 -2.5151200914122924 2.9722652563021557
v -0.4952634000000000 0.7700000000000000 1.0706108000000001
vn -4.0909726320107858 -2.5151181180981044 -2.9722701844184582
v -0.4952634000000000 0.7700000000000000 1.1293892999999999
vn 1.5626245044238334 -2.5151215595287768 -4.8092265302170922
v -0.5511652000000000 0.7700000000000000 1.1475527999999999
vn 3.8887646886228477 -0.5465801604237154 2.9024480415736500
v 1.3111699999999999 20.9608269000000007 0.8250000000000000
vn 3.6031035269908442 -2.5789422885916493 2.0523555865357483
v 1.3283933000000001 21.0833663999999992 0.8762563000000000
vn 3.4847992727555903 -3.4207814703469732 -0.0000016298908925
v 1.3355275000000000 21.1341247999999986 1.0000000000000000
vn 3.6031032214479710 -2.5789431598234365 -2.0523590381297434
v 1.3283933000000001 21.0833663999999992 1.1237436999999999
vn 3.8887645330706535 -0.5465824005269301 -2.9024524098955284
v 1.3111699999999999 20.9608269000000007 1.1750000000000000
vn 4.1744312467716158 1.4857821289999680 -2.0523372384153356
v 1.2939465000000001 20.8382873999999987 1.1237436999999999
vn 4.2927367564947305 2.3276276626218571 0.0000004203132859
v 1.2868123000000000 20.7875309000000001 1.0000000000000000
vn 4.1744310605367758 1.4857829397556153 2.0523362694137459
v 1.2939465000000001 20.8382873999999987 0.8762563000000000
vn -3.8887640211233001 0.5465836000670872 2.9024535889465857
v 0.9360085000000000 21.0135573999999998 0.8250000000000000
vn -3.5713330712226186 2.7615307045392496 2.0379500371021555
v 0.9187851000000000 20.8910179000000014 0.8762563000000000
vn -3.4125549598516529 3.7719706506221362 0.0152991517493433
v 0.9116509000000000 20.8402615000000004 1.0000000000000000
vn -3.5587993574610981 2.8178742337174043 -2.1380865543147718
v 0.9187851000000000 20.8910179000000014 1.1237436999999999
vn -3.8887643015625830 0.5465827381689181 -2.9024533067947780
v 0.9360085000000000 21.0135573999999998 1.1750000000000000
vn -4.1744190673708825 -1.4857811408547010 -2.0523523492553082
v 0.9532320000000000 21.1360969999999995 1.1237436999999999
vn -4.2927584323601735 -2.3276074669533822 0.0000002390603516
v 0.9603661000000000 21.1868553000000013 1.0000000000000000
vn -4.1744192702257132 -1.4857812815011380 2.0523519599642048
v 0.9532320000000000 21.1360969999999995 0.8762563000000000
vn 3.3847205996033423 -4.1549513177576607 -0.2050154987078908
v 0.3713899000000000 22.8853645000000014 1.0000000000000000
vn 3.6413448919329809 -2.0321434088835302 -2.1510786997398008
v 0.3713899000000000 22.8336047999999998 1.1237436999999999
vn 3.9338542879353215 0.0978707117478316 -2.9024531718073314
v 0.3713899000000000 22.7086448999999995 1.1750000000000000
vn 4.2126581393926479 2.0325954392723959 -1.9536011619103275
v 0.3713899000000000 22.5836849000000015 1.1237436999999999
vn 4.3240849841465456 2.7758816206709223 -0.0000000000000003
v 0.3713899000000000 22.5319251999999999 1.0000000000000000
vn 4.2126582710209739 2.0325953168650437 1.9536012045308910
v 0.3713899000000000 22.5836849000000015 0.8762563000000000
vn 3.9338546172604461 0.0978707199633080 2.9024530642099005
v 0.3713899000000000 22.7086448999999995 0.8250000000000000
vn 3.6259362996366056 -2.3170581081321986 2.2751377117088842
v 0.3713899000000000 22.8336047999999998 0.8762563000000000
vn 1.4367514796148426 -5.8349815296299088 -0.0000003734083362
v -0.6057143000000000 0.7500000000000000 1.1000000000000001
vn 0.4439777592838239 -5.8349820282951486 1.3664321299107436
v -0.5573454000000000 0.7500000000000000 1.0334260000000000
vn -1.1623591009420449 -5.8349799841801682 0.8445025093267098
v -0.4790831000000000 0.7500000000000000 1.0588550999999999
vn -1.1623567493552442 -5.8349808415569289 -0.8445025440766099
v -0.4790831000000000 0.7500000000000000 1.1411450000000001
vn 0.4439780513566282 -5.8349823601951778 -1.3664314809227796
v -0.5573454000000000 0.7500000000000000 1.1665740000000000
vn 3.0567363950501134 0.7818395830230855 3.3866386547247629
v -0.6434405500000000 20.6646614000000000 1.3683673999999999
vn 3.6448487675290409 -2.9760045333603737 -0.0000000000000005
v 0.3713899000000000 22.0775013000000015 1.0000000000000000
vn 3.6413452339601209 -2.0321429745251289 -2.1510788976244335
v 0.3713899000000000 22.0257415999999999 1.1237436999999999
vn 3.9338546116215682 0.0978716768325503 -2.9024530501007879
v 0.3713899000000000 21.9007815999999984 1.1750000000000000
vn 4.2126516888708281 2.0325907030242396 -1.9536151335063008
v 0.3713899000000000 21.7758217000000016 1.1237436999999999
vn 4.3241275795830241 2.7758563171536501 -0.0000000000000004
v 0.3713899000000000 21.7240600999999991 1.0000000000000000
vn 4.2126516888708290 2.0325907030242387 1.9536151335063008
v 0.3713899000000000 21.7758217000000016 0.8762563000000000
vn 3.9338546116215660 0.0978716768325504 2.9024530501007892
v 0.3713899000000000 21.9007815999999984 0.8250000000000000
vn 3.6413452339601227 -2.0321429745251276 2.1510788976244326
v 0.3713899000000000 22.0257415999999999 0.8762563000000000
vn 2.4590896130146409 -1.7675686643080395 -2.4428440741443587
v -3.4636731750000003 2.9195398749999999 0.5000000000000000
vn 1.0971598608849606 2.8880909011714504 2.7894055606557919
v -3.0996763999999999 -1.3314513468750000 -0.5000000000000000
vn 2.5049015545769153 1.2332178060577625 2.2585313280385888
v -4.2960954999999998 -0.5192505750000000 -0.5000000000000000
vn 2.6817618785728583 0.7358113480286745 -2.1467860504848031
v -4.3946561749999997 -0.3242568000000000 0.5000000000000000
vn 1.5497862551246777 2.6343356575944137 -2.6317290150318584
v -3.5827754375000000 -1.1298488250000001 0.5000000000000000
vn 2.5416026474166977 4.3982288471959787 -0.0000000000000032
v -0.2285714000000000 1.2500000000000000 1.1000000000000001
vn 0.7854000961236994 4.3982291233833291 -2.4172069440040405
v -0.1940223000000000 1.2500000000000000 1.1475527999999999
vn -2.0561975543795450 4.3982307405829566 -1.4939165801783101
v -0.1381206000000000 1.2500000000000000 1.1293892999999999
vn -2.0561999715870298 4.3982291225487558 1.4939157947805670
v -0.1381206000000000 1.2500000000000000 1.0706108000000001
vn 0.7853976789162169 4.3982307414175317 2.4172061586062950
v -0.1940223000000000 1.2500000000000000 1.0524472000000000
vn 5.0567243287546910 -2.5151216606979183 -0.0000000290732654
v -0.2285714000000000 0.7700000000000000 1.1000000000000001
vn 1.5626151505613173 -2.5151262805968835 4.8092260132488720
v -0.1940223000000000 0.7700000000000000 1.0524472000000000
vn -4.0909747475001321 -2.5151264655261283 2.9722663559154050
v -0.1381206000000000 0.7700000000000000 1.0706108000000001
vn -4.0909708392283299 -2.5151267352999489 -2.9722687726905059
v -0.1381206000000000 0.7700000000000000 1.1293892999999999
vn 1.5626204552315257 -2.5151265131534859 -4.8092261266883893
v -0.1940223000000000 0.7700000000000000 1.1475527999999999
vn 2.4359366322407587 -0.9035354923641513 -4.8605069716635292
v -0.9548709000000000 23.2096786000000002 0.7004470000000000
vn 2.0655042322028163 -1.8935352463514608 -4.5199577218970095
v -0.8494567000000000 23.3765239999999999 0.6987827000000000
vn 0.8630409210530616 -2.8462207067208607 -4.0978541681369176
v -0.6800379000000000 23.4777489000000017 0.6977730000000000
vn -0.6425384206398602 -2.6873326222809339 -4.6179414512891945
v -0.4831630000000000 23.4915160999999983 0.6976357000000000
vn -1.4133848237342843 -2.4722150344033085 -4.4198450127419164
v -0.3013040000000000 23.4148579000000012 0.6984003000000000
vn -2.7240196732978119 -1.2055681267895331 -3.9340550374994110
v -0.1736935000000000 23.2643088999999996 0.6999021000000000
vn -2.7473876976614173 -1.0414637939722426 3.8678504950021431
v -0.1736935000000000 23.2643088999999996 1.2743709999999999
vn -1.4400330815623756 -2.3228578286877326 4.3824225841094222
v -0.3013040000000000 23.4148579000000012 1.2689277000000001
vn -0.6609674112179831 -2.5180855571459211 4.6490310612337691
v -0.4831630000000000 23.4915160999999983 1.2661557999999999
vn 0.8791763357382577 -2.6911453368042371 4.1071247335575922
v -0.6800379000000000 23.4777489000000017 1.2666537000000000
vn 2.0960036265246749 -1.6936762242362267 4.5442133330773071
v -0.8494567000000000 23.3765239999999999 1.2703137000000000
vn 2.4510746789871640 -0.6772800440031255 4.8759506069937100
v -0.9548709000000000 23.2096786000000002 1.2763462999999999
vn -2.3296012846000500 1.6781886388049061 -3.9472031508614389
v 0.8025137000000000 20.3753853000000014 0.7287195000000000
vn -0.6877863804763860 2.8895240427242879 -3.7418395556565587
v 0.6760110000000000 20.3011665000000008 0.7294598000000000
vn 1.0890989672866296 2.7648220348418331 -3.7418123467046644
v 0.5297017000000001 20.3113995000000003 0.7293577000000000
vn 2.5465297184535478 1.3248673728387472 -3.9569096880576988
v 0.4147602000000000 20.4025020999999995 0.7284490000000000
vn 2.5199324310661440 1.5085256494308747 3.9579737031834759
v 0.4147602000000000 20.4025020999999995 1.3778463999999999
vn 1.0715269088007280 2.9181252263705333 3.7398064683097552
v 0.5297017000000001 20.3113995000000003 1.3811404000000000
vn -0.6761999482632934 3.0387290701209984 3.7398873178607315
v 0.6760110000000000 20.3011665000000008 1.3815104000000000
vn -2.3032923061338892 1.8458927294456873 3.9582982026213491
v 0.8025137000000000 20.3753853000000014 1.3788269000000000
vn 0.0000004993931624 2.6611274444911626 -2.0563681872770583
v 0.1217646000000000 24.5916843000000007 0.6866613000000000
vn -2.3594047070194359 1.1126961517152916 -1.9736259135041250
v -1.4451927000000000 23.6469878999999992 0.6960847999999999
vn -2.3923307472723305 1.1769608568757184 1.9727849637331261
v -1.4451927000000000 23.6469878999999992 1.2605344999999999
vn -0.0000003282700824 2.7967213250471290 2.0545942817758549
v 0.1217646000000000 24.5916843000000007 1.2263767999999999
vn -2.3779304218498889 -1.5807110199880354 -2.2560840404492861
v -0.9497865000000000 20.1223315999999990 0.7312437000000001
vn -2.3451356270146757 -1.4907840651545694 2.2549074371718598
v -0.9497865000000000 20.1223315999999990 1.3879764999999999
vn 2.8448747347696468 0.2155735387714030 -4.2728892495926294
v -1.5155989886823094 5.2557055164047233 0.5000000000000000
vn -2.3164410408403127 1.3837650719055938 2.1564024259980932
v 4.2462082999999993 -0.5784707500000000 -0.5000000000000000
vn -0.3258001941076873 3.0722749016380391 2.6758267971413283
v 0.9052815843749999 -1.7973851968749999 -0.5000000000000000
vn -2.3866716684895377 1.5353615937715630 -2.2744711443155006
v 4.2033889749999993 -0.6234590000000000 0.5000000000000000
vn 5.0567213739688643 -2.5151227872855477 0.0000021398221133
v 0.1285714000000000 0.7700000000000000 1.1000000000000001
vn 1.5626099482752405 -2.5151282985510464 -4.8092299391442115
v 0.1631206000000000 0.7700000000000000 1.1475527999999999
vn -4.0909740425994112 -2.5151182004492476 -2.9722692088300153
v 0.2190223000000000 0.7700000000000000 1.1293892999999999
vn -4.0909789632284799 -2.5151191537285262 2.9722654227334178
v 0.2190223000000000 0.7700000000000000 1.0706108000000001
vn 1.5626083246542202 -2.5151277312642657 4.8092286255922065
v 0.1631206000000000 0.7700000000000000 1.0524472000000000
vn 1.4367516154480899 -5.8349815846368784 0.0000005062639500
v 0.1085714000000000 0.7500000000000000 1.1000000000000001
vn 0.4439795763906487 -5.8349842371735203 1.3664277976899459
v 0.1569402000000000 0.7500000000000000 1.0334260000000000
vn -1.1623587566841747 -5.8349800926879780 0.8445025288811109
v 0.2352026000000000 0.7500000000000000 1.0588550999999999
vn -1.1623569926623942 -5.8349807120394974 -0.8445025751955619
v 0.2352026000000000 0.7500000000000000 1.1411450000000001
vn 0.4439798904605341 -5.8349837078964661 -1.3664289757440762
v 0.1569402000000000 0.7500000000000000 1.1665740000000000
vn 2.6181532536305134 -1.0965121363871821 2.3791338937536279
v 4.8239968874999999 -0.5731668750000000 1.0000000000000000
vn 1.2224185545099715 -2.7751412635875150 2.6367837242342276
v 3.0184454875000002 -1.9838419875000002 1.0000000000000000
vn -1.3929429657776826 -2.6924641366808149 2.5630796820800823
v -3.7015325875000000 -1.6371874500000001 1.0000000000000000
vn -2.5875079507032854 -1.0473731352019133 2.2035462374450105
v -4.8235073000000002 -0.6358799000000001 1.0000000000000000
vn -2.6582350933033112 -0.8685199503311456 -2.1558832120886358
v -4.9039263999999996 -0.4877258000000000 -1.0000000000000000
vn -1.6053605503166533 -2.5822354889874424 -2.6288438897081767
v -3.9283798296875001 -1.4788638804687502 -1.0000000000000000
vn 0.3850928449180154 -3.0917817399729555 -2.7979652521232889
v 1.4537034812499998 -2.3307169562499999 -1.0000000000000000
vn 2.6867238486329588 -0.8995239295526052 -2.3276217365163294
v 4.8954749000000000 -0.3934946875000000 -1.0000000000000000
vn 1.4367523517759986 -5.8349812211288956 -0.0000000068784964
v -0.2485714000000000 0.7500000000000000 1.1000000000000001
vn 0.4439787421643212 -5.8349833395286383 1.3664294590383701
v -0.2002026000000000 0.7500000000000000 1.0334260000000000
vn -1.1623564308232313 -5.8349824427717021 0.8444998407518817
v -0.1219402000000000 0.7500000000000000 1.0588550999999999
vn -1.1623553713154000 -5.8349827767203113 -0.8444999009335008
v -0.1219402000000000 0.7500000000000000 1.1411450000000001
vn 0.4439798785319723 -5.8349828883577679 -1.3664302035551463
v -0.2002026000000000 0.7500000000000000 1.1665740000000000
vn 2.5416026474166977 4.3982288471959796 -0.0000000000000032
v -0.9428571000000000 1.2500000000000000 1.1000000000000001
vn 0.7854000961236998 4.3982291233833291 -2.4172069440040413
v -0.9083080000000000 1.2500000000000000 1.1475527999999999
vn -2.0561975543795441 4.3982307405829566 -1.4939165801783105
v -0.8524063000000000 1.2500000000000000 1.1293892999999999
vn -2.0561999715870294 4.3982291225487558 1.4939157947805668
v -0.8524063000000000 1.2500000000000000 1.0706108000000001
vn 0.7853976789162174 4.3982307414175317 2.4172061586062954
v -0.9083080000000000 1.2500000000000000 1.0524472000000000
vn -2.7130460406875372 0.5315673567680177 4.1541412017771799
v -2.0381431999999999 5.1369357000000004 1.0000000000000000
vn -2.7131781208037564 0.6953481221930354 -4.0751434678090508
v -2.0983974999999999 4.9803759999999997 -1.0000000000000000
vn 2.3779303456333407 -1.5807111821425375 -2.2560841303610779
v 1.1933156000000000 20.1223315999999990 0.7312437000000001
vn 2.3594031771931676 1.1126969941209544 -1.9736247053307578
v 1.6887217999999999 23.6469878999999992 0.6960847999999999
vn 2.3923300559058234 1.1769612402553133 1.9727839245038390
v 1.6887217999999999 23.6469878999999992 1.2605344999999999
vn 2.3451355249968340 -1.4907845358779814 2.2549075896813093
v 1.1933156000000000 20.1223315999999990 1.3879764999999999
vn -3.1243949667942323 0.1880760440794551 -3.3317483181387035
v -0.1278608000000000 20.7007170000000009 0.7254742000000001
vn -2.5360676547647594 1.4147708535141494 -3.8975447480150658
v -0.1712311000000000 20.4025020999999995 0.7284490000000000
vn -1.0890979710326305 2.7648208759520534 -3.7418128103130011
v -0.2861725000000000 20.3113995000000003 0.7293577000000000
vn 0.6877869577877809 2.8895243253497838 -3.7418395108531262
v -0.4324819000000000 20.3011665000000008 0.7294598000000000
vn 2.3305349675294496 1.6742505528842042 -3.9506718785132890
v -0.5589846000000001 20.3753853000000014 0.7287195000000000
vn 2.2786767356545803 1.9419498399863238 3.8950925930547200
v -0.5589846000000001 20.3753853000000014 1.3788269000000000
vn 0.6762010720059738 3.0387296539836557 3.7398872493671682
v -0.4324819000000000 20.3011665000000008 1.3815104000000000
vn -1.0715273079994874 2.9181248818630423 3.7398069373103113
v -0.2861725000000000 20.3113995000000003 1.3811404000000000
vn -2.5192513967447634 1.5124583158886167 3.9379112502183924
v -0.1712311000000000 20.4025020999999995 1.3778463999999999
vn 2.9771178113829233 -0.2744520332412731 -2.4372622872208738
v -2.4394149999999999 9.0767173999999997 0.5000000000000000
vn 2.5416026474166964 4.3982288471959796 -0.0000000000000026
v 0.4857143000000000 1.2500000000000000 1.1000000000000001
vn 0.7854000961236989 4.3982291233833282 -2.4172069440040418
v 0.5202634000000000 1.2500000000000000 1.1475527999999999
vn -2.0561975543795454 4.3982307405829566 -1.4939165801783103
v 0.5761651000000000 1.2500000000000000 1.1293892999999999
vn -2.0561999715870303 4.3982291225487549 1.4939157947805666
v 0.5761651000000000 1.2500000000000000 1.0706108000000001
vn 0.7853976789162154 4.3982307414175317 2.4172061586062963
v 0.5202634000000000 1.2500000000000000 1.0524472000000000
vn 5.0567243287546901 -2.5151216606979161 -0.0000000290732642
v 0.4857143000000000 0.7700000000000000 1.1000000000000001
vn 1.5626151505613148 -2.5151262805968839 4.8092260132488729
v 0.5202634000000000 0.7700000000000000 1.0524472000000000
vn -4.0909747475001339 -2.5151264655261256 2.9722663559154046
v 0.5761651000000000 0.7700000000000000 1.0706108000000001
vn -4.0909698268721009 -2.5151255122400209 -2.9722701420216482
v 0.5761651000000000 0.7700000000000000 1.1293892999999999
vn 1.5626188313528944 -2.5151252901049626 -4.8092266394516470
v 0.5202634000000000 0.7700000000000000 1.1475527999999999
vn 2.2880315875137005 1.9674942826742199 -2.2943618299795103
v 3.3679212500000002 3.7323697499999997 -1.0000000000000000
vn 2.5416001058135209 4.3982315999602974 -0.0000000000000024
v 0.1285714000000000 1.2500000000000000 1.1000000000000001
vn 0.7853988253221115 4.3982277470011706 -2.4172086931114363
v 0.1631206000000000 1.2500000000000000 1.1475527999999999
vn -2.0561975543795450 4.3982307405829566 -1.4939165801783101
v 0.2190223000000000 1.2500000000000000 1.1293892999999999
vn -2.0561999715870298 4.3982291225487558 1.4939157947805666
v 0.2190223000000000 1.2500000000000000 1.0706108000000001
vn 0.7853964081146283 4.3982293650353732 2.4172079077136903
v 0.1631206000000000 1.2500000000000000 1.0524472000000000
vn -3.0494252344379449 -0.7524590129277895 3.1928421022431812
v -2.4675409062500000 6.6949048812500003 1.0000000000000000
vn -2.9597432689133436 0.3338913802842881 2.5044902404809117
v -3.0000000000000000 9.0000000000000000 1.0000000000000000
vn -3.0653106868600259 -0.0964035994897467 -2.7245015894709939
v -2.9672098624999999 8.6181464374999983 -1.0000000000000000
vn -2.5730422395427439 -1.6464378649373137 3.6613415829277547
v 1.8148001307466139 4.4570073022233370 -0.5000000000000000
vn -2.7854314716758051 -0.8892579326605878 -3.8095093541498715
v 1.6098391000000001 4.8280883000000001 0.5000000000000000
vn 1.4367523517759992 -5.8349812211288956 -0.0000000068784958
v 0.4657143000000000 0.7500000000000000 1.1000000000000001
vn 0.4439787421643213 -5.8349833395286392 1.3664294590383692
v 0.5140831000000000 0.7500000000000000 1.0334260000000000
vn -1.1623564308232321 -5.8349824427717012 0.8444998407518824
v 0.5923455000000000 0.7500000000000000 1.0588550999999999
vn -1.1623546668078963 -5.8349830621188525 -0.8444998870669493
v 0.5923455000000000 0.7500000000000000 1.1411450000000001
vn 0.4439793167233013 -5.8349831737572719 -1.3664297782361552
v 0.5140831000000000 0.7500000000000000 1.1665740000000000
vn 2.7931469104178346 0.7468234818056778 3.9305583964561155
v 2.0983974999999999 4.9803759999999997 1.0000000000000000
vn 2.7587461104832820 0.5775301915846722 -4.0291262023448962
v 2.0381431999999999 5.1369357000000004 -1.0000000000000000
vn 0.8735652637348101 -2.9423105552200925 -2.6571314035616371
v 0.6457286000000000 19.7898005999999995 0.7345607000000000
vn 0.8452266709460557 -2.8027176676832921 2.6434638496392711
v 0.6457286000000000 19.7898005999999995 1.3999999999999999
vn 2.9723706708368276 0.0150650533235855 -3.8194252786986169
v -0.9358707936561625 6.4469249450494921 0.5000000000000000
vn 2.2088688793395352 1.9595857496235860 -3.8184716548651414
v -0.7492324000000000 5.9450196999999996 0.5000000000000000
vn -0.0295000432308717 2.9673720756985702 -3.7360515464371362
v 0.0784032000000000 5.5819850000000004 0.5000000000000000
vn -1.7938790001932616 2.4569016278183282 -3.6453124798207894
v 0.5122056499999994 5.7441815999999992 0.5000000000000000
vn -2.8397758354744562 1.0543763051135002 -3.6873655075443197
v 0.8857383000000001 6.2240963000000002 0.5000000000000000
vn -2.9699558441920582 -0.4931156796210757 -3.7614189215855061
v 0.9364793000000000 6.6844416000000004 0.5000000000000000
vn -2.3031485381720120 -1.9605288547273718 -3.6616867266655673
v 0.7390138000000004 7.1033682999999996 0.5000000000000000
vn -0.9585097223792456 -2.8637063483764704 -3.8047609803515750
v 0.2298921000000005 7.4359938999999997 0.5000000000000000
vn 0.8188676167775175 -2.8907853878343670 -3.8583972368064421
v -0.2330709000000000 7.4485469000000002 0.5000000000000000
vn 2.4035669644773128 -1.3427593764235097 -4.4629544158145729
v -0.7492324000000000 7.1113213999999996 0.5000000000000000
vn 2.1877899977031561 -2.0543884778205648 -2.6329366989491021
v -2.2506611000000003 9.4922465999999996 0.5000000000000000
vn 0.6236150566266709 -3.0336101013408800 -2.9039383659230720
v -0.8588520125000001 10.1456855156250008 0.5000000000000000
vn -0.9549780273986235 -2.8409921971248764 -2.5282372442917347
v 1.1923829000000001 10.1184694999999998 0.5000000000000000
vn -2.4212558512734392 -0.9871352390801673 -1.9339704162224431
v 2.4749310000000002 9.1714497000000001 0.5000000000000000
vn 2.4204004245445403 -1.2652843025940224 -4.6381039486676814
v 0.4172226000000000 23.2643088999999996 0.6999021000000000
vn 1.8424517888065475 -2.2607273430598092 -4.2571584479763134
v 0.5448331000000000 23.4148579000000012 0.6984003000000000
vn 0.4188042565943941 -2.9781072222272087 -3.9898789226764406
v 0.7266921000000000 23.4915160999999983 0.6976357000000000
vn -1.0154253528623549 -2.5247788801245297 -4.6945769366806154
v 0.9235670000000000 23.4777489000000017 0.6977730000000000
vn -1.8084401008701725 -2.3558298488521241 -3.9268665671271465
v 1.0929859000000000 23.3765239999999999 0.6987827000000000
vn -2.8613469269839396 -0.6887698828660619 -4.0528024268096789
v 1.1983999999999999 23.2096786000000002 0.7004470000000000
vn -2.6680841260867609 -0.8074630216421882 4.3525131594931610
v 1.1983999999999999 23.2096786000000002 1.2763462999999999
vn -1.9430913306615247 -1.9607668081988334 4.1247807571224566
v 1.0929859000000000 23.3765239999999999 1.2703137000000000
vn -1.0394389405320401 -2.3359509794699038 4.7449289342909271
v 0.9235670000000000 23.4777489000000017 1.2666537000000000
vn 0.4239506763816699 -2.8270858549749818 4.0025036507394418
v 0.7266921000000000 23.4915160999999983 1.2661557999999999
vn 1.8718869222124979 -2.0750011924652916 4.2858176568295949
v 0.5448331000000000 23.4148579000000012 1.2689277000000001
vn 2.1339157607674815 -0.4739791748791767 5.3210702809453929
v 0.4172226000000000 23.2643088999999996 1.2743709999999999
vn -0.8230722791841372 -2.8034834946307869 2.6070412760825605
v -0.4021995000000000 19.7898005999999995 1.3999999999999999
vn -2.5696984320948131 -0.7809260808220240 2.0440883610399969
v 2.4874654000000000 9.0857247999999995 -0.5000000000000000
vn 2.5416001058135227 4.3982315999602957 -0.0000000000000026
v 0.8428571000000000 1.2500000000000000 1.1000000000000001
vn 0.7853988253221129 4.3982277470011706 -2.4172086931114358
v 0.8774063000000000 1.2500000000000000 1.1475527999999999
vn -2.0561975543795445 4.3982307405829575 -1.4939165801783105
v 0.9333080000000000 1.2500000000000000 1.1293892999999999
vn -2.0561999715870294 4.3982291225487558 1.4939157947805668
v 0.9333080000000000 1.2500000000000000 1.0706108000000001
vn 0.7853964081146296 4.3982293650353732 2.4172079077136894
v 0.8774063000000000 1.2500000000000000 1.0524472000000000
vn 5.0567213611029365 -2.5151216745847860 0.0000005906128610
v 0.8428571000000000 0.7700000000000000 1.1000000000000001
vn 1.5626121679968517 -2.5151260511158569 4.8092285398205084
v 0.8774063000000000 0.7700000000000000 1.0524472000000000
vn -4.0909793150240761 -2.5151195787432106 2.9722649468883504
v 0.9333080000000000 0.7700000000000000 1.0706108000000001
vn -4.0909740425994148 -2.5151182004492418 -2.9722692088300153
v 0.9333080000000000 0.7700000000000000 1.1293892999999999
vn 1.5626146967202659 -2.5151250806944985 -4.8092295405963927
v 0.8774063000000000 0.7700000000000000 1.1475527999999999
vn 3.0287937763787123 -0.0092599353185019 -2.6173323065473277
v 2.9705232250000000 8.7182314500000011 -1.0000000000000000
vn 3.0627015216447160 -0.6901700464165677 3.2147789832179612
v 2.3406178000000000 6.4166658500000002 1.0000000000000000
vn -2.3424433727675251 1.7342967189600402 -2.4330356056256450
v -2.7228390500000001 9.7036426250000005 -1.0000000000000000
vn 0.8815991294698668 2.9579386102403018 -2.9041709493923982
v 1.4069008187499998 10.4886998593750000 -1.0000000000000000
vn 0.0145684347221166 -3.1380262465126640 3.2889650980626222
v 0.2967485717886149 19.7803428127126324 1.2000000000000000
vn -2.0448408678083503 -2.9693677139196248 -3.0926525529235276
v -0.4021995000000000 19.7898005999999995 0.8299757000000000
vn -0.8364444610224080 -2.9436249831934740 -2.6081633935173683
v -0.4021995000000000 19.7898005999999995 0.7345607000000000
vn -1.6306680228133035 -2.6852472919716988 3.1415872987578917
v -0.4021995000000000 19.7898005999999995 1.2000000000000000
vn -1.5141196373955077 -2.4715775221468235 2.1844790773897240
v 1.6265159000000000 9.9682578999999993 -0.5000000000000000
vn -1.5707963267948966 -1.5707963267948966 4.7123889803846897
v -1.2500000000000000 0.7500000000000000 1.0000000000000000
vn 1.5707963267948966 -1.5707963267948966 4.7123889803846897
v 1.2500000000000000 0.7500000000000000 1.0000000000000000
vn 1.5707963267948966 -1.5707963267948961 1.5707963267948966
v 1.2500000000000000 0.7500000000000000 1.2000000000000000
vn -1.5707963267948966 -1.5707963267948966 1.5707963267948966
v -1.2500000000000000 0.7500000000000000 1.2000000000000000
vn 1.4367507432870301 -5.8349818931378454 0.0000001397338731
v 0.8228571000000000 0.7500000000000000 1.1000000000000001
vn 0.4439786250995690 -5.8349828943318087 -1.3664306784343712
v 0.8712259999999999 0.7500000000000000 1.1665740000000000
vn -1.1623570921002024 -5.8349807027094425 -0.8445025508228841
v 0.9494883000000000 0.7500000000000000 1.1411450000000001
vn -1.1623591009420480 -5.8349799841801664 0.8445025093267129
v 0.9494883000000000 0.7500000000000000 1.0588550999999999
vn 0.4439783201957387 -5.8349830647855061 1.3664302616474955
v 0.8712259999999999 0.7500000000000000 1.0334260000000000
vn 2.3744458542001952 4.5360305092492927 -1.8566087054346629
v 0.7993120000000000 10.7272748999999994 0.9000000000000000
vn 5.1591169714742948 1.4420496117264356 1.2956635872672473
v 0.7993120000000000 10.7272748999999994 1.0000000000000000
vn 1.3407520639840111 2.7864764325553288 2.7323023156490711
v 1.7280508625000000 10.4514794749999993 1.0000000000000000
vn 2.3207953126266405 1.9735306699339974 2.6380459122269313
v 2.6592498750000004 9.7868136999999997 1.0000000000000000
vn 2.9358964273173047 0.3977877229387241 2.4569971609815671
v 2.9801312499999999 9.1462912500000009 1.0000000000000000
vn 1.5707963267948966 1.5707963267948972 1.5707963267948966
v 1.2500000000000000 1.2500000000000000 1.2000000000000000
vn -1.5707963267948966 1.5707963267948963 1.5707963267948966
v -1.2500000000000000 1.2500000000000000 1.2000000000000000
vn 1.3877738009707730 -2.7174675477955446 2.5408567008730580
v -1.7225170750000001 9.9048118750000000 -0.5000000000000000
vn 1.5707963267948966 1.5707963267948961 4.7123889803846897
v 1.2500000000000000 1.2500000000000000 1.0000000000000000
vn 2.7049146685055412 1.0654173111868821 2.3640903346161766
v 0.7586443000000000 7.7216778000000001 1.0000000000000000
vn 5.8531503994755907 1.0150434247595777 0.7772087062508486
v 0.7586443000000000 7.7216778000000001 1.0500000000000000
vn 2.7071570386554038 -1.5719511405004523 3.1165481831101811
v 1.1379626000000000 5.7177248000000001 1.0500000000000000
vn -5.9346704261982230 1.0494700599613991 0.6696741221823609
v -0.8422798000000000 7.6642007999999997 1.0500000000000000
vn -2.7886909736728516 1.0131103381399003 2.4717175871937349
v -0.8422798000000000 7.6642007999999997 1.0000000000000000
vn -1.6416949639391609 1.0292322844107968 5.6098656612586231
v -1.2465364500000002 7.1677589499999996 1.0000000000000000
vn -1.8640789274082923 -1.1344265234951023 5.3956832893463860
v -1.2556902000000001 5.8776001999999998 1.0000000000000000
vn -1.2034237938876737 -1.5434435895175680 5.5910443939483301
v -0.7130330000000000 5.3068666000000002 1.0000000000000000
vn 0.0816773212152771 -1.3466800857983137 5.9745898677668174
v 0.1975562000000000 5.1411242499999998 1.0000000000000000
vn 0.7994941505682662 -1.6911163267624685 5.6596044568466954
v 0.7987792000000000 5.3611436000000001 1.0000000000000000
vn 1.8517900293425558 -1.7718577144425756 4.9339572735640935
v 1.0921339000000001 5.6297030000000001 1.0000000000000000
vn 2.3007410035927860 0.2196589172093867 5.2601416007711235
v 1.3965794000000000 6.7508043999999998 1.0000000000000000
vn 1.4076685022350517 1.0185883855645064 5.7570401317545645
v 1.1725396187815564 7.2896551945901615 1.0000000000000000
vn -2.3248846069025957 4.6084918392566632 -1.6796273397646688
v -0.8008377000000000 10.7270354999999995 0.9000000000000000
vn -1.9323185989456775 1.8455875177222012 -1.5225580492114499
v -0.6781622000000000 19.7935333000000000 0.9000000000000000
vn 0.1322915862412934 -3.4606711683195193 -3.5085009161905050
v 0.2580182210961846 19.7815431215015245 0.7990447765543655
vn 1.8381674461448099 1.6970055498184626 -1.5583252783198327
v 0.9216914000000000 19.7718868000000008 0.9000000000000000
vn 1.5981572704354394 1.5492730916163340 1.5759729349988068
v 0.9216914000000000 19.7718868000000008 1.2000000000000000
vn -1.5707963267948966 1.5707963267948970 4.7123889803846897
v -1.2500000000000000 1.2500000000000000 1.0000000000000000
vn -1.5513685505205683 -3.2529082215786391 2.8866258206247699
v 0.7503661000000000 7.1098619000000003 1.0500000000000000
vn -3.0066372617445882 -0.4159963498371792 3.6205210752817152
v 0.9235167000000000 6.6849167500000002 1.0500000000000000
vn -2.6450602955294205 1.4236122617475098 3.7196420958441001
v 0.8278376999999998 6.0898360999999994 1.0500000000000000
vn -1.3992653686909602 2.7095162636865902 3.5815625516626404
v 0.3894243999999993 5.6762311499999996 1.0500000000000000
vn 0.3134041721775663 2.9947405796306832 3.7726693320008238
v -0.0593677000000000 5.5806003000000004 1.0500000000000000
vn 1.5678285200518216 2.5642725641970365 3.8557444495668278
v -0.4927141000000007 5.7314994000000006 1.0500000000000000
vn 2.8378537204598357 0.9796703016014132 3.6490433484240468
v -0.8760748000000000 6.1965906500000001 1.0500000000000000
vn 2.3190743389910180 -2.0836994188987497 3.6562229068648322
v -0.8519820000000000 6.9471464000000003 1.0500000000000000
vn -1.5494076893404825 1.5919088580870444 1.5708035813305956
v -0.6781622000000000 19.7935333000000000 1.2000000000000000
vn 0.6445039902703833 -1.2899716092648319 0.9537569692976952
v 0.7503661000000000 7.1098619000000003 1.2000000000000000
vn -1.1955068957543127 -2.6459726939640853 4.2440276450994263
v 0.3688443500000006 7.3883676999999999 1.2000000000000000
vn 0.7596867578971955 -2.9351715204712563 3.7721999643222284
v -0.2496092500000000 7.4302127000000002 1.2000000000000000
vn 2.0636060363918616 -2.2541600411207812 3.6719244629221359
v -0.6651700000000000 7.2056389000000003 1.2000000000000000
vn -0.2975281396320757 -0.8988324860437573 0.6122678113963669
v -0.8519820000000000 6.9471464000000003 1.2000000000000000
vn 3.1413051118493609 -3.1840967164317524 0.0000005974754196
v 0.9196164999999999 19.6185435999999989 1.2000000000000000
vn -3.1413051142794490 -3.0990887703515417 -0.0000008909819230
v -0.6805300000000000 19.6185435999999989 1.2000000000000000
vn -5.1445414368694715 1.5738129153252010 1.2782695452575434
v -0.8008377000000000 10.7270354999999995 1.0000000000000000
vn -1.2726360661684819 2.8377460782338808 2.8212499505496877
v -1.4560338312499999 10.5393424562500009 1.0000000000000000
vn -2.1787713677857630 2.0739234442227383 2.5476024796956378
v -2.5805726750000000 9.8661704125000007 1.0000000000000000
vn -3.1413050583468349 3.1841006701806402 -0.0000030219264391
v -0.6785004000000000 19.7685431999999999 1.2000000000000000
vn 3.1413047409175725 3.0990611945754831 0.0000178750837543
v 0.9216461000000000 19.7685431999999999 1.2000000000000000
vn -1.5707963267948966 -1.5707963267948968 1.5707963267948970
v -0.8311846000000001 19.6185435999999989 1.5000000000000000
vn -1.5707963267948966 -1.5707963267948966 -1.5707963267948966
v -0.8311846000000001 19.6185435999999989 1.2000000000000000
vn 1.5707963267948966 -1.5707963267948966 -1.5707963267948966
v 1.1688153999999999 19.6185435999999989 1.2000000000000000
vn 1.5707963267948966 -1.5707963267948961 1.5707963267948974
v 1.1688153999999999 19.6185435999999989 1.5000000000000000
vn 1.5707963267948966 1.5707963267948966 -1.5707963267948966
v 1.1688153999999999 19.7685431999999999 1.2000000000000000
vn 1.5707963267948966 1.5707963267948966 1.5707963267948966
v 1.1688153999999999 19.7685431999999999 1.5000000000000000
vn -1.5707963267948966 1.5707963267948966 -1.5707963267948968
v -0.8311846000000001 19.7685431999999999 1.2000000000000000
vn -1.5707963267948966 1.5707963267948966 1.5707963267948966
v -0.8311846000000001 19.7685431999999999 1.5000000000000000
vn 1.4794989354594077 2.2687515602973880 1.7056165231606553
v -0.0219603000000000 22.8611430999999996 1.1097934000000000
vn 2.0543561743758976 0.4636134058207101 2.7847055004396450
v -0.0028712000000000 22.7253283999999987 1.1749978000000001
vn 1.7733898038341525 -1.9508478189381147 1.2755978011065556
v 0.0161263000000000 22.5901679999999985 1.1084252999999999
vn 2.0905544245440226 -2.2514716722734831 -0.4597540729875091
v 0.0207266000000000 22.5574379000000000 0.9602063000000000
vn 2.1642458357931122 -1.2113785430878441 -2.3415734428180297
v 0.0074656000000000 22.6517868000000000 0.8419527000000000
vn 2.0120077056415342 1.3285848852821465 -2.6526042157476919
v -0.0095903000000000 22.7731342000000012 0.8315414000000000
vn 1.6903518220769318 2.7692120949958823 -1.0812809639659382
v -0.0254380000000000 22.8858852000000006 0.9320261000000000
vn -4.2083359812879060 2.1764204385285426 1.1376435575952111
v -1.2840441000000000 22.5004673000000004 0.9799495000000000
vn -4.3173738549193912 0.8719548053391384 2.4868787474009277
v -1.2865325999999999 22.5181712999999988 0.9581417000000000
vn -4.4168271914409321 -0.9463200124765165 2.7210041498192941
v -1.2909136999999999 22.5493412000000006 0.9501708000000000
vn -4.4440200833832924 -2.4550816308215535 1.8875101412451651
v -1.2950524000000001 22.5787867999999996 0.9632138000000000
vn -4.4238948890802128 -3.1802526546304071 0.4234423566539516
v -1.2972033999999999 22.5940913999999999 0.9917703000000000
vn -4.3684368019387376 -2.9665667618738105 -1.1966522071408581
v -1.2964595999999999 22.5887984999999993 1.0237974000000001
vn -4.2893045030535371 -1.8047706754343997 -2.4715498896553427
v -1.2931345999999999 22.5651417000000016 1.0457886000000001
vn -4.2083885825346119 0.0215644668964248 -2.8105825320797173
v -1.2886306000000001 22.5330982000000013 1.0484700000000000
vn -3.9975100132081387 1.6536784201898524 -2.0898875443000331
v -1.2848470999999999 22.5061798000000017 1.0307105999999999
vn -4.0592324670265425 2.4083748921299772 -0.6656208211279212
v -1.2837567000000001 22.4984226000000014 1.0162350000000000
vn -1.9580119657871644 2.2440752565472395 -0.7696172333287689
v -1.3141128000000000 22.7143954999999984 0.9619124000000000
vn -1.0744413896592708 0.8451357313315006 -1.9169798632612052
v -1.3028854999999999 22.6345177000000000 0.8508251000000000
vn -0.7339911830230330 -0.6187342597319745 -1.9430212396130560
v -1.2839764000000000 22.4999865999999997 0.8310758000000000
vn -0.9285650766657113 -2.0177536335086934 -1.4696483516513128
v -1.2707086000000001 22.4055882000000004 0.9061323999999999
vn -1.7840432157774648 -3.1570554957592858 0.3772589988462662
v -1.2671361999999999 22.3801726999999993 1.0532451000000000
vn -1.9884253825721869 -2.2959747910415911 2.1506667377257966
v -1.2712197000000001 22.4092255000000016 1.1084252999999999
vn -2.3512998902924918 1.8067760866239209 1.8041943439849784
v -1.3093064000000001 22.6802005999999992 1.1097934000000000
vn -2.8890992043530836 3.0718440535898104 1.2375610409867914
v -0.7886237000000000 22.5680161000000012 0.9837650000000000
vn -2.5021334866592642 1.8903473819183876 2.8246117519360361
v -0.7905567000000000 22.5817680000000003 0.9637164000000000
vn -1.8128395207991130 -0.0902888752004142 3.3431265441932769
v -0.7946391000000000 22.6108131000000014 0.9508504000000000
vn -1.2795088467585805 -1.9965654497039584 2.6137981456787776
v -0.7989603000000000 22.6415576999999999 0.9587126000000000
vn -1.0072467170423094 -3.0864656606372645 0.9828005986016261
v -0.8016983000000000 22.6610374000000014 0.9839846000000000
vn -1.0464353933354986 -3.1233890353338576 -0.9636390813955363
v -0.8016984000000000 22.6610374000000014 1.0160136000000000
vn -1.3985849585555163 -2.0627051397300322 -2.6505491452742578
v -0.7989603000000000 22.6415576999999999 1.0412874000000001
vn -1.9908204945130694 -0.1128323125443639 -3.4027262633877209
v -0.7946391000000000 22.6108131000000014 1.0491496000000000
vn -2.6056375653354751 1.9932548967546031 -2.6725544125562473
v -0.7905567000000000 22.5817680000000003 1.0362836000000000
vn -3.0080221247233911 3.2133770517576936 -0.7936351900599319
v -0.7884351000000001 22.5666733000000015 1.0081161999999999
vn -5.9015082629685613 -0.6600569532326747 0.0087440774547362
v -0.7830776725167130 22.6101990905479688 0.9995276532884105
vn 1.3983176652032354 2.7985178759336815 -0.9621812875366655
v -0.0126218000000000 22.0762424000000017 0.9347664000000000
vn 1.7816459283992514 2.8239994713852532 1.1701498811976965
v -0.0121768000000000 22.0730742999999983 1.0821596000000000
vn 1.8054828158169551 0.6902921104852269 2.7206653255603208
v 0.0042656000000000 21.9560928000000004 1.1711762999999999
vn 1.6874411784146481 -1.0346595768491245 2.2484230788133548
v 0.0207650000000000 21.8387032000000012 1.1545147000000000
vn 2.7736648445369152 -2.5083958012615297 0.6462577814042878
v 0.0336723000000000 21.7468718999999986 1.0061051000000001
vn 2.6612003617609208 -2.2397842143407765 -1.3977390323031358
v 0.0324949000000000 21.7552489999999992 0.9459198000000000
vn 1.9220055579175037 -0.9546870614468710 -2.4943361669774315
v 0.0180462000000000 21.8580456000000005 0.8412334000000000
vn 2.0444973941423497 0.1945051756804198 -2.8990042596384002
v 0.0080593000000000 21.9291018999999991 0.8259050000000000
vn 1.9509803743869569 1.8925406534802085 -2.4343368072478162
v -0.0021060000000000 22.0014229000000014 0.8454853000000000
vn -5.0198818255331155 1.8175179944247035 0.8721809866852743
v -1.1726304999999999 21.7077941999999986 0.9808936000000000
vn -4.7060962677662568 1.0152640819199517 2.1903571757953828
v -1.1748993000000001 21.7239380000000004 0.9595491000000000
vn -4.1998883361243120 -0.4862104010697975 2.8614998078163709
v -1.1789898999999999 21.7530402999999986 0.9500000000000000
vn -3.6473021234185556 -2.2065806264465357 2.4331058456141759
v -1.1830806000000000 21.7821426000000002 0.9595491000000000
vn -3.3437194501511156 -3.3362737717678157 0.9295140036052794
v -1.1856085999999999 21.8001308000000016 0.9845492000000000
vn -3.4009821562688902 -3.3192216730079829 -0.9613539800587304
v -1.1856085999999999 21.8001308000000016 1.0154508000000000
vn -3.5501509880275091 -2.3052014937300500 -2.3763226290879254
v -1.1830806000000000 21.7821426000000002 1.0404507999999999
vn -3.7583079394981431 -0.5024745518840165 -2.9834213006147223
v -1.1789898999999999 21.7530402999999986 1.0500000000000000
vn -4.2066922809677232 1.2223012998585130 -2.3222049484638330
v -1.1748993000000001 21.7239380000000004 1.0404507999999999
vn -4.8922181308036770 1.9757489956265584 -0.5686929310465154
v -1.1723713000000000 21.7059497999999991 1.0154508000000000
vn -1.8613819284365973 2.2958687787725554 -0.6666198813767661
v -1.1996465000000001 21.9000053000000001 0.9072661000000000
vn -2.5595458710631784 1.6457853737468029 -2.2146455325507470
v -1.1970913000000001 21.8818264000000013 0.8829039000000000
vn -2.1996700872455515 -0.2135252575702135 -2.8932690871041569
v -1.1812974000000001 21.7694587999999989 0.8315799000000000
vn -1.6323229346387791 -1.8619592445905426 -2.2532892139420282
v -1.1636631000000000 21.6439953000000003 0.8663465000000000
vn -2.0409649257839284 -3.2270572936413031 -0.7442095898016543
v -1.1548693999999999 21.5814303999999986 0.9756424000000000
vn -1.8270682893635526 -3.1115475697484301 0.8589269728837243
v -1.1549058000000001 21.5816897999999995 1.0212436000000000
vn -1.0028046654033398 -1.4155588546160001 1.9901243891852616
v -1.1639936000000000 21.6463469999999987 1.1379005000000000
vn -1.1001645757390328 0.2680007122891639 2.1773065936192046
v -1.1840538000000000 21.7890681999999991 1.1711762999999999
vn -1.2792878265426828 1.7992710950015747 0.9081577857105906
v -1.2004963000000000 21.9060516000000014 1.0821596000000000
vn -1.9753023374441643 3.1148551957303949 1.4570943609469378
v -0.6777324000000000 21.7790603999999988 0.9775791000000000
vn -1.9658439465678519 1.8999551556849421 2.9877592000417268
v -0.6797662000000000 21.7935295000000018 0.9595491000000000
vn -1.9386842853656459 -0.1769946691033225 3.7339958244382583
v -0.6838568000000000 21.8226337000000008 0.9500000000000000
vn -1.8416230289393514 -2.5445504042192422 2.9583851389129925
v -0.6879474000000000 21.8517361000000001 0.9595491000000000
vn -1.7935458844357131 -4.0014651345600285 0.6906924136963988
v -0.6906458000000000 21.8709354000000005 0.9922746000000000
vn -1.8922828840221246 -3.7177715104669833 -1.7256813642581528
v -0.6899813000000000 21.8662071000000005 1.0224200000000001
vn -2.1420793132122458 -2.0696035429103068 -3.4229778394533175
v -0.6869774000000000 21.8448352999999997 1.0440018000000000
vn -2.4102423106229272 0.3027155759658126 -3.7984386451763301
v -0.6827816000000000 21.8149833999999991 1.0487763999999999
vn -2.4812426260596023 2.4343573680871371 -2.6403755730211778
v -0.6789963000000000 21.7880515999999993 1.0349191000000000
vn -2.1316326959616387 3.3630454928200892 -0.3899365039028775
v -0.6770678000000000 21.7743320000000011 1.0077255000000001
vn -5.4543807027634452 -0.6981496092138401 0.0019415815024455
v -0.6656926959784605 21.8231427264342877 0.9996796808962759
vn 0.5957302620157643 2.1638125175258680 -0.4490077825118441
v -0.0006043000000000 21.2722778000000012 0.9390941000000000
vn 0.8765829245608434 2.3728519452167127 0.6187742459204583
v -0.0000608000000000 21.2684116000000003 1.0793071999999999
vn 2.3045529748095261 1.4568605936972121 2.7643142969010164
v 0.0150676000000000 21.1607780000000005 1.1684847000000000
vn 2.3298330125083049 -0.5068420369356423 2.8122784986185536
v 0.0240255000000000 21.0970459000000012 1.1725190000000001
vn 1.9677726168360106 -1.4084630583119284 2.1621125561597863
v 0.0371904000000000 21.0033798000000012 1.1296698999999999
vn 3.0178217221780734 -2.5817919803869929 0.5971564358155814
v 0.0460016000000000 20.9406928999999984 1.0044982000000000
vn 2.8023325477767806 -2.4526934923689536 -1.0233721126023054
v 0.0457725000000000 20.9423217999999984 0.9756424000000000
vn 1.8419777176831453 -1.2499285562746674 -2.2276775804419815
v 0.0350381000000000 21.0186920000000015 0.8584787000000000
vn 2.2663229281254047 0.4301954281251323 -2.9657570775032553
v 0.0162815000000000 21.1521416000000002 0.8293067000000000
vn 2.0080598580003146 1.9214630847429894 -2.4686738414470462
v 0.0124443000000000 21.1794434000000003 0.8379856999999999
vn -4.4226827146209908 2.1075875216787789 1.0995469367135242
v -1.0612813999999999 20.9155827000000016 0.9808936000000000
vn -4.5798728713384662 0.9126979822145802 2.3357879879245260
v -1.0635501999999999 20.9317245000000014 0.9595491000000000
vn -4.6230087640324760 -0.7143663307715490 2.6609688375760516
v -1.0676407999999999 20.9608269000000007 0.9500000000000000
vn -4.5338159572135339 -2.1891152590346796 2.0905397197508799
v -1.0717314000000000 20.9899310999999997 0.9595491000000000
vn -4.3689711090378838 -3.1135775175127081 0.8441476492413492
v -1.0742594999999999 21.0079174000000002 0.9845492000000000
vn -4.1698417787703539 -3.2172265784893321 -0.7603081306560447
v -1.0742594999999999 21.0079174000000002 1.0154508000000000
vn -3.9928785024229310 -2.3313719617673101 -2.2400455909997636
v -1.0717314000000000 20.9899310999999997 1.0404507999999999
vn -3.9149982642537866 -0.6309116185298596 -2.9426737743005722
v -1.0676407999999999 20.9608269000000007 1.0500000000000000
vn -3.9914984547850714 1.1942858429573984 -2.4261672235683509
v -1.0635501999999999 20.9317245000000014 1.0404507999999999
vn -4.2588604392540255 2.2666757392432690 -0.7821714048730781
v -1.0610222000000000 20.9137382999999986 1.0154508000000000
vn -1.6141308037833424 2.2131190225092436 0.1736592971698260
v -1.0919904000000000 21.1340675000000005 0.9955017000000000
vn -2.3024529818799877 1.5698294721137143 -2.0602528356221814
v -1.0836717000000000 21.0748825000000011 0.8682442000000000
vn -1.7315567919681694 -0.8597014111622217 -2.6572501933846726
v -1.0630312000000000 20.9280319000000006 0.8287710000000000
vn -1.7696872333393117 -2.1808196927357839 -2.1770284721981596
v -1.0514045999999999 20.8453102000000001 0.8792235000000000
vn -1.8005350961390332 -3.1160848053887640 -0.3625962133673696
v -1.0435203000000000 20.7892170000000007 0.9756424000000000
vn -1.1042696100936793 -1.8731619556829431 1.7830659154709498
v -1.0488101000000001 20.8268528000000011 1.1110015000000000
vn -1.7814296770277844 -0.6596794234628222 2.6173594221174623
v -1.0662540000000000 20.9509602000000008 1.1747160999999999
vn -1.6055723646383153 1.6958978011681152 1.5636933265820883
v -1.0845929000000001 21.0814361999999988 1.1256626000000001
vn -2.4405204626796873 3.1090780103664102 1.4884510025432953
v -0.5658890000000000 20.9833297999999999 0.9845492000000000
vn -1.8352960559361782 1.3827277869433381 3.1782690944547332
v -0.5693871000000000 21.0082188000000016 0.9559982000000000
vn -1.3409111784964725 -0.7956642417149061 3.4559166730458220
v -0.5735830000000000 21.0380706999999987 0.9512235999999999
vn -1.0049400167982101 -2.6133986962504672 2.4471251864445582
v -0.5773682999999999 21.0650024000000009 0.9650809000000000
vn -0.9351887261814334 -3.6222077021812629 0.6001415902463746
v -0.5792967000000000 21.0787219999999991 0.9922746000000000
vn -1.1737481896195054 -3.4705831143297772 -1.5643505046506576
v -0.5786322000000000 21.0739936999999991 1.0224200000000001
vn -1.6892234711628351 -2.0538157060263629 -3.3049287211462586
v -0.5756284000000000 21.0526237000000016 1.0440012999999999
vn -2.3041700965707212 0.2163557844077263 -3.8150164668602873
v -0.5714325000000000 21.0227699000000001 1.0487763999999999
vn -2.7499564659635531 2.3778433607376463 -2.7530883451247479
v -0.5676473000000000 20.9958419999999997 1.0349200000000001
vn -2.9057209133862978 3.5017114004849916 -0.7463312361943588
v -0.5657187000000000 20.9821185999999997 1.0077255000000001
vn -5.4308823535734616 -0.7509313578418045 -0.0236230402501647
v -0.5543952450413832 21.0326035003701080 1.0007107002913926
vn -1.6640763240554799 3.1485301502459837 -0.2792253866284520
v 0.2693594000000000 22.8886757000000003 0.9689943000000000
vn -1.9308318003390954 2.3864811542096369 -1.9541692679470184
v 0.2642116000000000 22.8520508000000007 0.8796980000000000
vn -2.1075396370164832 -0.0107057727829920 -2.8018062615347383
v 0.2444600000000000 22.7115250000000017 0.8256282000000000
vn -2.6391180205820892 -1.9139487659977843 -1.8168245843163617
v 0.2271087000000000 22.5880775000000007 0.8975368000000000
vn -2.3139460239256695 -2.4330325437564086 0.5518946781586076
v 0.2223688000000000 22.5543537000000001 1.0226234000000001
vn -1.8456052730479611 -1.5300766510544062 1.9868392321329733
v 0.2302743000000000 22.6105994999999993 1.1261789000000000
vn -2.0350612669497190 0.2941263351054644 2.8010783842586000
v 0.2485757000000000 22.7408065999999991 1.1736698000000001
vn -1.7856065950211080 2.5929308432397491 1.5694690300286664
v 0.2654894000000000 22.8611430999999996 1.1097934000000000
vn 1.6637587584107252 1.9996645293229443 -1.1656091544450278
v 1.5556462000000000 22.7001972000000016 0.9324489000000000
vn 2.2399083836206635 2.0576806317679761 1.3625189517493077
v 1.5552592999999999 22.6974449000000007 1.0836965000000001
vn 1.9288709473053456 0.1687250634905543 2.6455874951444502
v 1.5380974999999999 22.5753440999999988 1.1723417000000000
vn 1.4608497163294722 -1.4356393802044973 2.3409566060416065
v 1.5212707999999999 22.4556274000000009 1.1497778999999999
vn 1.4451951078901923 -2.9064436728063514 0.1124782997616864
v 1.5097149999999999 22.3734111999999996 1.0226234000000001
vn 0.4179249202782407 -1.0365484471617197 -1.3712342021704358
v 1.5169478999999999 22.4248694999999998 0.8805558999999999
vn 0.2040350553372990 -0.4036090114410558 -1.1500152100637269
v 1.5275056000000000 22.4999865999999997 0.8310758000000000
vn 0.5670695557207837 0.4818158060812886 -1.5319806014997233
v 1.5445461000000000 22.6212234000000016 0.8427120000000000
vn -1.9030069738358697 2.8105371028074870 1.5396866121681363
v 0.2543741000000000 22.0635985999999988 1.0878890999999999
vn -2.0599528601701276 3.2732913320334047 -0.3860303761790241
v 0.2580250000000000 22.0895748000000012 0.9636177000000000
vn -1.9470820330563574 2.3426925844827760 -2.0696138493418714
v 0.2535786000000000 22.0579375999999989 0.8950850000000000
vn -2.0505991298240902 -0.3436220167758595 -2.6338164435280551
v 0.2291357000000000 21.8840350999999984 0.8288237000000001
vn -0.9668606532745916 -1.6836930248381587 -0.6081803442233145
v 0.2126932000000000 21.7670536000000006 0.9178404000000000
vn -0.7249643762126513 -1.5303245281033346 0.4472063829100522
v 0.2120720000000000 21.7626324000000011 1.0549698000000001
vn -0.8889681650815930 -1.2223945028398178 1.3681610312282753
v 0.2192033000000000 21.8133698000000003 1.1379005000000000
vn -2.0976091991883474 0.3016690558990029 2.9112362784474284
v 0.2392635000000000 21.9560928000000004 1.1711762999999999
vn -2.1570249519642628 1.8095458052573801 2.6062006588906836
v 0.2433238000000000 21.9849795999999991 1.1622580000000000
vn 2.4669305835933968 2.3903174496693533 0.9601104713011972
v 1.4450707000000000 21.9134883999999985 1.0511929000000000
vn 2.3836552236843698 0.9425675631374638 2.5795878325243855
v 1.4316431999999999 21.8179568999999987 1.1622580000000000
vn 1.6187992941547549 -1.1397570061922475 2.5759676712403676
v 1.4181204000000001 21.7217444999999998 1.1702646000000001
vn 1.2504111496554140 -2.0746233585139420 1.7956309533010242
v 1.4031400999999999 21.6151656999999986 1.1049149000000000
vn 1.9506367722532318 -3.2713251174981908 0.1183749269678174
v 1.3985721000000000 21.5826644999999999 1.0020895000000001
vn 1.9561377050850337 -2.7225306291100173 -1.7006502436788540
v 1.4024780999999999 21.6104546000000006 0.9064913999999999
vn 1.3529468769071165 -0.9413471199882115 -2.4667223552264685
v 1.4133948000000001 21.6881236999999985 0.8377420000000000
vn 1.7797545200756297 0.2237943406910584 -2.7198057734848629
v 1.4288622000000000 21.7981701000000001 0.8370175000000000
vn 2.5901055246142888 1.5706005419824260 -2.2949705195951369
v 1.4397066999999999 21.8753242000000014 0.8785923000000000
vn 2.7006857408110929 2.4759818243036209 -0.8461977882451288
v 1.4451031999999999 21.9137191999999992 0.9344460000000000
vn -0.0476070506058145 0.7756921160732962 0.0447132612527602
v 0.2409340000000000 21.2495155000000011 1.1026251000000000
vn -0.3163479213934198 0.2742237156914649 -1.0912656735345603
v 0.2119155000000000 21.0430603000000005 0.8445789000000000
vn -2.6823235707851807 -2.2533680477762466 -1.4404903921122767
v 0.1986436000000000 20.9486331999999997 0.9474509000000000
vn -2.8295668993037961 -2.6277745291546406 0.1288737170240602
v 0.1977566000000000 20.9423217999999984 0.9756424000000000
vn -2.4241189550323732 -1.9486346921675257 1.7515373876223785
v 0.2035795000000000 20.9837494000000007 1.1095259000000000
vn -2.1828854925887766 -0.1398648100157134 2.8908420813171665
v 0.2204903000000000 21.1040649000000009 1.1747160999999999
vn -1.2337409753333310 1.0900165613700299 2.3829069766261730
v 0.2245118000000000 21.1326770999999987 1.1739732000000001
vn 0.4940865692124435 0.3463262067863713 1.1332993905201953
v 1.3019623000000000 20.8953170999999998 1.1620143999999999
vn 1.9007696804471264 -2.6563472339109606 1.7294920961336131
v 1.2928724000000000 20.8306465000000003 1.1095259000000000
vn 1.9875035393469349 -3.3030739241248459 0.1248699980557432
v 1.2870493999999999 20.7892170000000007 0.9756424000000000
vn 1.9205952193879186 -2.8852913625396321 -1.4464167148344047
v 1.2879364000000000 20.7955283999999985 0.9474509000000000
vn 0.2710037620876422 0.2122888330141172 -0.8249124711411343
v 1.3012083999999999 20.8899535999999983 0.8445789000000000
vn -1.5707963267948966 -1.5707963267948966 1.5707963267948966
v -0.8380630999999999 7.9258394000000001 1.2500000000000000
vn -1.5707963267948966 -1.5707963267948966 -1.5707963267948966
v -0.8380630999999999 7.9258394000000001 1.2000000000000000
vn 1.5707963267948966 -1.5707963267948966 -1.5707963267948966
v 0.7607303000000000 7.9258394000000001 1.2000000000000000
vn 1.5707963267948966 -1.5707963267948966 1.5707963267948966
v 0.7607303000000000 7.9258394000000001 1.2500000000000000
vn 1.5707963267948966 1.5707963267948966 -1.5707963267948970
v 0.7607303000000000 7.9758395999999996 1.2000000000000000
vn 1.5707963267948966 1.5707963267948957 1.5707963267948970
v 0.7607303000000000 7.9758395999999996 1.2500000000000000
vn -1.5707963267948966 1.5707963267948966 -1.5707963267948966
v -0.8380630999999999 7.9758395999999996 1.2000000000000000
vn -1.5707963267948966 1.5707963267948966 1.5707963267948961
v -0.8380630999999999 7.9758395999999996 1.2500000000000000
vn -1.5707963267948968 -1.5707963267948974 1.5707963267948966
v -0.8245337000000000 8.9257478999999993 1.2500000000000000
vn -1.5707963267948966 -1.5707963267948966 -1.5707963267948966
v -0.8245337000000000 8.9257478999999993 1.2000000000000000
vn 1.5707963267948968 -1.5707963267948966 -1.5707963267948966
v 0.7742597000000000 8.9257478999999993 1.2000000000000000
vn 1.5707963267948966 -1.5707963267948966 1.5707963267948966
v 0.7742597000000000 8.9257478999999993 1.2500000000000000
vn 1.5707963267948966 1.5707963267948966 -1.5707963267948966
v 0.7742597000000000 8.9757481000000006 1.2000000000000000
vn 1.5707963267948968 1.5707963267948966 1.5707963267948966
v 0.7742597000000000 8.9757481000000006 1.2500000000000000
vn -1.5707963267948968 1.5707963267948966 -1.5707963267948963
v -0.8245337000000000 8.9757481000000006 1.2000000000000000
vn -1.5707963267948966 1.5707963267948963 1.5707963267948963
v -0.8245337000000000 8.9757481000000006 1.2500000000000000
vn -1.5707963267948966 -1.5707963267948977 1.5707963267948966
v -0.8110043000000000 9.9256563000000000 1.2500000000000000
vn -1.5707963267948966 -1.5707963267948966 -1.5707963267948966
v -0.8110043000000000 9.9256563000000000 1.2000000000000000
vn 1.5707963267948966 -1.5707963267948966 -1.5707963267948966
v 0.7877890000000000 9.9256563000000000 1.2000000000000000
vn 1.5707963267948966 -1.5707963267948966 1.5707963267948966
v 0.7877890000000000 9.9256563000000000 1.2500000000000000
vn 1.5707963267948966 1.5707963267948966 -1.5707963267948961
v 0.7877890000000000 9.9756564999999995 1.2000000000000000
vn 1.5707963267948966 1.5707963267948963 1.5707963267948961
v 0.7877890000000000 9.9756564999999995 1.2500000000000000
vn -1.5707963267948966 1.5707963267948970 -1.5707963267948963
v -0.8110043000000000 9.9756564999999995 1.2000000000000000
vn -1.5707963267948966 1.5707963267948966 1.5707963267948963
v -0.8110043000000000 9.9756564999999995 1.2500000000000000
vn -1.5707963267948966 -1.5707963267948966 1.5707963267948966
v -0.7974749000000000 10.9255648000000001 1.2500000000000000
vn -1.5707963267948966 -1.5707963267948966 -1.5707963267948966
v -0.7974749000000000 10.9255648000000001 1.2000000000000000
vn 1.5707963267948966 -1.5707963267948966 -1.5707963267948966
v 0.8013185000000000 10.9255648000000001 1.2000000000000000
vn 1.5707963267948966 -1.5707963267948966 1.5707963267948970
v 0.8013185000000000 10.9255648000000001 1.2500000000000000
vn 1.5707963267948966 1.5707963267948966 -1.5707963267948970
v 0.8013185000000000 10.9755649999999996 1.2000000000000000
vn 1.5707963267948966 1.5707963267948966 1.5707963267948966
v 0.8013185000000000 10.9755649999999996 1.2500000000000000
vn -1.5707963267948966 1.5707963267948970 -1.5707963267948968
v -0.7974749000000000 10.9755649999999996 1.2000000000000000
vn -1.5707963267948966 1.5707963267948966 1.5707963267948974
v -0.7974749000000000 10.9755649999999996 1.2500000000000000
vn -1.5707963267948966 -1.5707963267948974 1.5707963267948966
v -0.7839456000000000 11.9254732000000008 1.2500000000000000
vn -1.5707963267948966 -1.5707963267948966 -1.5707963267948966
v -0.7839456000000000 11.9254732000000008 1.2000000000000000
vn 1.5707963267948966 -1.5707963267948966 -1.5707963267948966
v 0.8148478000000000 11.9254732000000008 1.2000000000000000
vn 1.5707963267948966 -1.5707963267948966 1.5707963267948966
v 0.8148478000000000 11.9254732000000008 1.2500000000000000
vn 1.5707963267948966 1.5707963267948966 -1.5707963267948970
v 0.8148478000000000 11.9754734000000003 1.2000000000000000
vn 1.5707963267948966 1.5707963267948963 1.5707963267948970
v 0.8148478000000000 11.9754734000000003 1.2500000000000000
vn -1.5707963267948966 1.5707963267948966 -1.5707963267948970
v -0.7839456000000000 11.9754734000000003 1.2000000000000000
vn -1.5707963267948966 1.5707963267948963 1.5707963267948988
v -0.7839456000000000 11.9754734000000003 1.2500000000000000
vn -1.5707963267948966 -1.5707963267948966 1.5707963267948966
v -0.7704161000000000 12.9253817000000009 1.2500000000000000
vn -1.5707963267948966 -1.5707963267948966 -1.5707963267948966
v -0.7704161000000000 12.9253817000000009 1.2000000000000000
vn 1.5707963267948966 -1.5707963267948966 -1.5707963267948966
v 0.8283772000000000 12.9253817000000009 1.2000000000000000
vn 1.5707963267948966 -1.5707963267948966 1.5707963267948966
v 0.8283772000000000 12.9253817000000009 1.2500000000000000
vn 1.5707963267948966 1.5707963267948966 -1.5707963267948961
v 0.8283772000000000 12.9753819000000004 1.2000000000000000
vn 1.5707963267948966 1.5707963267948963 1.5707963267948961
v 0.8283772000000000 12.9753819000000004 1.2500000000000000
vn -1.5707963267948966 1.5707963267948966 -1.5707963267948966
v -0.7704161000000000 12.9753819000000004 1.2000000000000000
vn -1.5707963267948966 1.5707963267948972 1.5707963267948950
v -0.7704161000000000 12.9753819000000004 1.2500000000000000
vn -1.5707963267948966 -1.5707963267948966 1.5707963267948974
v -0.7568867000000000 13.9252900999999998 1.2500000000000000
vn -1.5707963267948966 -1.5707963267948966 -1.5707963267948966
v -0.7568867000000000 13.9252900999999998 1.2000000000000000
vn 1.5707963267948966 -1.5707963267948966 -1.5707963267948966
v 0.8419067000000000 13.9252900999999998 1.2000000000000000
vn 1.5707963267948966 -1.5707963267948966 1.5707963267948966
v 0.8419067000000000 13.9252900999999998 1.2500000000000000
vn 1.5707963267948966 1.5707963267948966 -1.5707963267948970
v 0.8419067000000000 13.9752902999999993 1.2000000000000000
vn 1.5707963267948966 1.5707963267948966 1.5707963267948970
v 0.8419067000000000 13.9752902999999993 1.2500000000000000
vn -4.7121014413666709 1.6133001884341780 1.5707968881735181
v -0.7568867000000000 13.9752902999999993 1.2000000000000000
vn -1.5707963267948966 1.5707963267948972 1.5707963267948966
v -0.7568867000000000 13.9752902999999993 1.2500000000000000
vn -1.5707963267948966 -1.5707963267948970 1.5707963267948966
v -0.7433573999999999 14.9251985999999999 1.2500000000000000
vn -1.5707963267948966 -1.5707963267948966 -1.5707963267948966
v -0.7433573999999999 14.9251985999999999 1.2000000000000000
vn 1.5707963267948966 -1.5707963267948966 -1.5707963267948966
v 0.8554360000000000 14.9251985999999999 1.2000000000000000
vn 1.5707963267948966 -1.5707963267948966 1.5707963267948963
v 0.8554360000000000 14.9251985999999999 1.2500000000000000
vn 1.5707963267948966 1.5707963267948966 -1.5707963267948963
v 0.8554360000000000 14.9751987000000000 1.2000000000000000
vn 1.5707963267948966 1.5707963267948966 1.5707963267948966
v 0.8554360000000000 14.9751987000000000 1.2500000000000000
vn -1.5707963267948966 1.5707963267948966 -1.5707963267948970
v -0.7433573999999999 14.9751987000000000 1.2000000000000000
vn -1.5707963267948966 1.5707963267948963 1.5707963267948963
v -0.7433573999999999 14.9751987000000000 1.2500000000000000
vn -1.5707963267948966 -1.5707963267948966 1.5707963267948966
v -0.7298279000000000 15.9251070000000006 1.2500000000000000
vn -1.5707963267948966 -1.5707963267948966 -1.5707963267948966
v -0.7298279000000000 15.9251070000000006 1.2000000000000000
vn 1.5707963267948966 -1.5707963267948966 -1.5707963267948966
v 0.8689654000000000 15.9251070000000006 1.2000000000000000
vn 1.5707963267948966 -1.5707963267948966 1.5707963267948961
v 0.8689654000000000 15.9251070000000006 1.2500000000000000
vn 1.5707963267948966 1.5707963267948966 -1.5707963267948961
v 0.8689654000000000 15.9751072000000001 1.2000000000000000
vn 1.5707963267948966 1.5707963267948966 1.5707963267948966
v 0.8689654000000000 15.9751072000000001 1.2500000000000000
vn -1.5707963267948966 1.5707963267948966 -1.5707963267948966
v -0.7298279000000000 15.9751072000000001 1.2000000000000000
vn -1.5707963267948966 1.5707963267948970 1.5707963267948961
v -0.7298279000000000 15.9751072000000001 1.2500000000000000
vn -1.5707963267948966 -1.5707963267948974 1.5707963267948966
v -0.7162986000000000 16.9250164000000005 1.2500000000000000
vn -1.5707963267948966 -1.5707963267948966 -1.5707963267948966
v -0.7162986000000000 16.9250164000000005 1.2000000000000000
vn 1.5707963267948966 -1.5707963267948966 -1.5707963267948966
v 0.8824948000000000 16.9250164000000005 1.2000000000000000
vn 1.5707963267948966 -1.5707963267948966 1.5707963267948961
v 0.8824948000000000 16.9250164000000005 1.2500000000000000
vn 1.5707963267948966 1.5707963267948966 -1.5707963267948961
v 0.8824948000000000 16.9750155999999990 1.2000000000000000
vn 1.5707963267948966 1.5707963267948966 1.5707963267948966
v 0.8824948000000000 16.9750155999999990 1.2500000000000000
vn -1.5707963267948966 1.5707963267948966 -1.5707963267948972
v -0.7162986000000000 16.9750155999999990 1.2000000000000000
vn -1.5707963267948966 1.5707963267948966 1.5707963267948961
v -0.7162986000000000 16.9750155999999990 1.2500000000000000
vn -1.5707963267948966 -1.5707963267948970 1.5707963267948966
v -0.7027692000000000 17.9249249000000006 1.2500000000000000
vn -1.5707963267948966 -1.5707963267948966 -1.5707963267948966
v -0.7027692000000000 17.9249249000000006 1.2000000000000000
vn 1.5707963267948966 -1.5707963267948966 -1.5707963267948966
v 0.8960242000000000 17.9249249000000006 1.2000000000000000
vn 1.5707963267948966 -1.5707963267948966 1.5707963267948961
v 0.8960242000000000 17.9249249000000006 1.2500000000000000
vn 1.5707963267948966 1.5707963267948966 -1.5707963267948961
v 0.8960242000000000 17.9749240999999991 1.2000000000000000
vn 1.5707963267948966 1.5707963267948966 1.5707963267948966
v 0.8960242000000000 17.9749240999999991 1.2500000000000000
vn -1.5707963267948966 1.5707963267948966 -1.5707963267948972
v -0.7027692000000000 17.9749240999999991 1.2000000000000000
vn -1.5707963267948966 1.5707963267948966 1.5707963267948966
v -0.7027692000000000 17.9749240999999991 1.2500000000000000
vn -1.5707963267948966 -1.5707963267948970 1.5707963267948968
v -0.6892398000000000 18.9248332999999995 1.2500000000000000
vn -1.5707963267948966 -1.5707963267948966 -1.5707963267948966
v -0.6892398000000000 18.9248332999999995 1.2000000000000000
vn 1.5707963267948966 -1.5707963267948966 -1.5707963267948966
v 0.9095536000000000 18.9248332999999995 1.2000000000000000
vn 1.5707963267948966 -1.5707963267948966 1.5707963267948961
v 0.9095536000000000 18.9248332999999995 1.2500000000000000
vn 1.5707963267948966 1.5707963267948966 -1.5707963267948961
v 0.9095536000000000 18.9748325000000015 1.2000000000000000
vn 1.5707963267948966 1.5707963267948966 1.5707963267948966
v 0.9095536000000000 18.9748325000000015 1.2500000000000000
vn -1.5707963267948966 1.5707963267948966 -1.5707963267948957
v -0.6892398000000000 18.9748325000000015 1.2000000000000000
vn -1.5707963267948966 1.5707963267948963 1.5707963267948966
v -0.6892398000000000 18.9748325000000015 1.2500000000000000
vn 3.1110130386626129 0.4059308340252336 -3.1414368580345311
v -0.7672275000000000 21.5453662500000007 0.7170487500000000
vn 3.1110126583317106 0.5507835251542583 3.1395417283101521
v -0.7974867000000000 21.7606506000000017 1.3287393999999999
vn -3.1110130712061723 0.4059311732062162 -3.1414368610617220
v 1.0190090999999997 21.6040801999999985 0.7164631000000000
vn -3.1110125529389552 0.5507846680304399 3.1395412641527578
v 1.0245107999999998 21.6432228000000002 1.3329853000000000
vn 2.7571586618127011 -1.0026742671052447 2.1303520510057914
v -4.0867163937500006 1.8723525999999999 -0.5000000000000000
vn -2.7807110767109728 1.1565247055654579 -2.5594605702246578
v -4.5689563750000000 2.0632752249999999 -1.0000000000000000
vn -2.7155997123991513 1.2902101871948222 2.5439354913675811
v -4.4603676500000002 2.3176994500000001 1.0000000000000000
vn 1.9875512884909110 -5.0504827588872043 0.0019647476221789
v -0.6761573476053077 23.4291270668443659 0.9848243433952998
vn -4.6046149419384541 -3.3593755047908247 -0.0124862526057248
v -0.2004218113535376 23.2756445632687416 0.9709725068800994
vn 3.1415925502903876 -0.0313363023027788 -3.1414363653028721
v 0.3713899000000000 21.8074799000000006 0.7144341000000000
vn 3.1415918236506752 0.1135171018226874 3.1395410920518896
v 0.3713899000000000 21.8074799000000006 1.3270462000000001
vn 6.2831853071795862 0.0000000000000000 0.0000000000000000
v 0.3713899000000000 22.2721813436256753 1.0115794851870061
vn -4.6515661063756877 3.4130083491183330 -0.0102603021274745
v 0.8025137000000000 20.3753853000000014 1.0537732000000000
vn 2.4871516896955326 -1.7294614139485553 -3.7426154374165845
v -1.7646589044657457 4.5161065651327519 0.5000000000000000
vn 2.7144088768029944 -0.8999076299378784 3.8364599871799485
v -1.6550617328136517 4.7369588055892233 -0.5000000000000000
vn -1.0097887167682604 2.7446663395577686 -2.0416124879847302
v 2.9018060187499999 -1.4502592437499999 0.5000000000000000
vn 1.6732450985626157 -2.4660268522911686 -2.3243434258993672
v 3.4569434999999999 -1.7932399250000000 -1.0000000000000000
vn -0.4999769019312659 -3.0299978707444057 -2.6291555711761578
v -1.1308072625000001 -2.4127884375000002 -1.0000000000000000
vn 4.6412119019756606 3.4545825949342621 0.0373653815753895
v -0.5589846000000001 20.3753853000000014 1.0537732000000000
vn 3.0700630054114852 0.5186523509490469 -2.7386607749840324
v -2.2168869500000001 7.5398214000000001 0.5000000000000000
vn -2.6627666337366551 -1.3603763823158959 2.3676115435949940
v 3.9753811221187387 2.1648328258403167 -0.5000000000000000
vn -2.9407647067933107 -0.4211563298796369 -2.2371380414512365
v 4.3684416500000003 0.9482267875000001 0.5000000000000000
vn 2.8537115463950351 1.0302575448400724 2.6592812338339442
v 4.6835190031250002 1.5627007531249999 1.0000000000000000
vn 2.9104228755159349 0.9854523000725272 -2.7329990279337806
v 4.6736501812500002 1.5548935593750000 -1.0000000000000000
vn 1.6220429822367193 2.8039784627747650 3.1395386509502563
v 0.5379867499999875 24.3407497490646065 1.2354498741300537
vn -3.1415925502903876 -0.0313363023027788 -3.1414363653028725
v -0.1278608000000000 21.8074799000000006 0.7144341000000000
vn -3.1415938280027809 0.1135170702052847 3.1395410931949765
v -0.1278608000000000 21.7679538999999984 1.3284752000000000
vn -6.2831853071795862 0.0000000000000000 0.0000000000000000
v -0.1278608000000000 21.4827943451221266 1.0538623672025362
vn -2.9838549094721700 0.1189494107995142 3.9414588077205432
v 1.5128553000000000 5.4660415499999999 -0.5000000000000000
vn -2.4323484491912737 -1.9581167463563585 -2.9607816471531363
v 3.3890078730299855 2.8394191416735639 0.5000000000000000
vn 0.0000000000000000 0.0000000000000000 -6.2831853071795862
v 0.1462291324742792 4.8765160832999372 0.5000000000000000
vn -3.0437675086760430 0.7363435444270725 -2.9083230889663265
v 1.9246529250000002 6.6941764500000005 0.5000000000000000
vn 1.9129830551266973 -5.1642767507793970 -0.0477357047415159
v 0.6867028711149072 23.4485242215224723 0.9866451526865411
vn -0.6822994427465429 2.9481827927369979 -2.6659940260139892
v -1.0674729250000001 10.6632456750000006 -1.0000000000000000
vn 2.2889328399192275 1.8787043873736202 -2.5396571563970838
v 2.6257989749999999 9.8088386000000014 -1.0000000000000000
vn 0.0000000000000000 -3.1415926535897931 3.1415926535897931
v 0.0000000000000000 0.7500000000000000 1.0000000000000000
vn 0.0000000000000000 -3.1415926535897927 3.1415926535897931
v 0.0000000000000000 0.7500000000000000 1.2000000000000000
vn 0.0000000000000000 3.1415926535897931 3.1415926535897931
v -0.1074219000000000 1.2500000000000000 1.2000000000000000
vn 0.2052394899531358 -3.0815468416761131 2.7055011218657423
v -0.4492168999999999 10.2327397187500004 -0.5000000000000000
vn 2.7198292594559530 1.0788555942470419 2.0260628084146832
v 1.3379707000000001 6.9408317000000004 1.0500000000000000
vn 2.5869787104084638 -0.5140688027406615 4.8409931650553482
v 1.3764381500000000 6.3068952500000002 1.0000000000000000
vn 3.0709610202214348 -0.1782694685010484 3.7619599603866085
v 1.3723950000000000 6.4429045000000000 1.0500000000000000
vn 2.4272826460666708 -1.0002932289358972 1.4191311393665482
v 1.2754483000000001 5.9817885999999998 1.0500000000000000
vn 2.2347811747535751 -2.2011426162693173 3.2562983261185949
v 0.9454566000000000 5.4954232999999997 1.0000000000000000
vn 2.1796592662717895 -2.2364281308017535 3.0187579173163397
v 0.9454566000000000 5.4954232999999997 1.0500000000000000
vn -0.0405405120826662 -1.5292725934270031 5.8825064260800382
v -0.2459003000000000 5.1461886999999997 1.0000000000000000
vn -1.0226318423975789 -2.8692395607981331 2.4472275758165258
v -0.5289066000000000 5.2317476000000003 1.0500000000000000
vn -2.2975642747521419 -2.1341573377665948 3.2613475235634759
v -1.0955600500000000 5.7120366499999999 1.0500000000000000
vn -3.0018269611039186 -0.5024436865512338 3.8819782868204173
v -1.3543046000000001 6.1591177000000004 1.0000000000000000
vn -2.9939203522099120 -0.9018067976076102 3.0891346821254002
v -1.3378688000000001 6.1121979000000000 1.0500000000000000
vn -2.7985354788273531 0.1273826053628281 4.5550487416660559
v -1.3922983499999999 6.5992343000000000 1.0000000000000000
vn -3.1175414399039738 -0.2295501729894428 3.4363884044322504
v -1.3745483500000000 6.4493264999999997 1.0500000000000000
vn -2.4849795194426529 0.6594510224921706 1.3481751822688548
v -1.3529110000000000 6.8922558000000000 1.0500000000000000
vn -0.0000002474473726 -0.0626728288103896 -6.2828727283692603
v -0.1192506931796684 23.7820832782769571 0.6947371877781392
vn -0.0000002248364974 -0.0626723993468152 -6.2828727326531606
v 1.2098911562369710 23.5581049468940940 0.6969713869362602
vn 0.0000000000000000 3.1415926535897922 3.1415926535897931
v 0.0000000000000000 1.2500000000000000 1.0000000000000000
vn -0.3439980572055383 -5.9691798689045195 -0.2220586721552629
v 0.0235498507016230 7.4651095248294563 0.8918848860378855
vn 0.0000000000000000 3.1415926535897936 3.1415926535897736
v 0.2965888750000000 19.7685431999999999 1.2000000000000000
vn -1.1841323372702053 0.5607152320759730 -3.7771852429465378
v -0.5545814999999999 22.6688727999999990 0.8264298000000000
vn -0.4076497558047206 -3.9006790359568462 -0.5967084926358450
v -0.6209732000000000 22.4633141000000016 0.9878887000000000
vn -1.0340474611514920 3.4416453259379600 1.0624203253840010
v -0.6818634000000000 22.7786292999999986 1.0945965000000000
vn -0.0058857839987420 0.1889989437447994 0.4379051319405111
v -1.0360100999999999 22.5319386000000002 1.0084766000000001
vn 0.0255074055294775 -0.0642792779228989 -0.2002686970383121
v -1.0365172315483691 22.5357105590195204 1.0206736894532851
vn 0.1448820037428715 -0.8347900180969279 1.6443006813989620
v -0.9428950000000000 21.8347015000000013 0.9874032000000000
vn -0.2092484648271719 0.9684817794751402 -1.4061824754118875
v -0.9496647000000000 21.7955399000000014 1.0483898000000000
vn 0.7398381094167151 -4.8980744989227372 -3.0423446397598299
v -0.8867893000000000 21.8365650000000002 1.0262629999999999
vn -0.3314961592595416 2.4122514774975188 0.5547106175250468
v -0.5590553000000000 21.1973170999999994 1.0611869000000000
vn 0.2461155189652601 -3.1637490745433978 -2.8523347377832073
v -0.5136406000000000 20.8732700000000015 0.9398355000000000
vn 0.4112500567088245 -3.4148430266930032 3.3638342549735603
v -0.5050238000000000 20.8847026999999983 1.0830116000000001
vn -0.0410216307130497 0.1664028026131322 0.1061380116979406
v -0.8151430000000000 20.9605427000000013 1.0344123000000001
vn -0.6666040122022161 5.0051148473362979 -3.7391460264590344
v -0.8569269459899688 20.9519147790474314 1.0302995320086727
vn 0.0874674559817650 0.2024327904966303 0.1996759248285583
v -0.7774086000000000 20.9587612000000014 1.0254804000000000
vn -0.2192340230111394 2.0701030039165289 4.0543220615597484
v 0.8727144999999999 22.6853599999999993 1.1679221000000000
vn 0.0615233110800987 -2.8562069581914544 0.8485229684601098
v 0.7532845000000000 22.5093306999999996 1.0979197000000001
vn 1.0334053335239815 1.2185097983412581 0.2090586053851677
v 1.0753950000000001 22.7104111000000017 1.1429592000000000
vn 0.0000644216207742 -0.0114824977099248 -0.1709935221871035
v 0.6408700000000001 20.8794785000000012 1.0144997000000000
vn 0.0000000000000000 -3.1415926535897931 3.1415926535897931
v 0.1112204750000000 7.9258394000000001 1.2500000000000000
vn 0.0000000000000000 3.1415926535897931 3.1415926535897931
v -0.3884025000000000 7.9758395999999996 1.2500000000000000
vn 0.0000000000000000 -3.1415926535897940 3.1415926535897936
v 0.1247498750000000 8.9257478999999993 1.2500000000000000
vn 0.0000000000000000 -3.1415926535897931 -3.1415926535897931
v -0.0251370000000000 8.9257478999999993 1.2000000000000000
vn 0.0000000000000000 3.1415926535897940 3.1415926535897931
v -0.3748730500000000 8.9757481000000006 1.2500000000000000
vn 0.0000000000000000 -3.1415926535897922 3.1415926535897931
v 0.1382792500000000 9.9256563000000000 1.2500000000000000
vn 0.0000000000000000 -3.1415926535897931 -3.1415926535897931
v -0.0116076000000000 9.9256563000000000 1.2000000000000000
vn 0.0000000000000000 3.1415926535897940 3.1415926535897931
v -0.3613437000000000 9.9756564999999995 1.2500000000000000
vn 0.0000000000000000 -3.1415926535897940 3.1415926535897927
v 0.1518086750000000 10.9255648000000001 1.2500000000000000
vn 0.0000000000000000 -3.1415926535897931 -3.1415926535897931
v 0.0019218000000000 10.9255648000000001 1.2000000000000000
vn 0.0000000000000000 -3.1415926535897931 3.1415926535897936
v 0.1653380000000000 11.9254732000000008 1.2500000000000000
vn 0.0000000000000000 -3.1415926535897927 -3.1415926535897936
v 0.0154511000000000 11.9254732000000008 1.2000000000000000
vn 0.0000000000000000 3.1415926535897936 3.1415926535897931
v -0.3342849500000000 11.9754734000000003 1.2500000000000000
vn 0.0000000000000000 -3.1415926535897944 3.1415926535897936
v 0.1788674500000000 12.9253817000000009 1.2500000000000000
vn 0.0000000000000000 -3.1415926535897931 -3.1415926535897931
v 0.0289806000000000 12.9253817000000009 1.2000000000000000
vn 0.0000000000000000 3.1415926535897931 3.1415926535897936
v -0.3207555000000000 12.9753819000000004 1.2500000000000000
vn 0.0000000000000000 -3.1415926535897944 3.1415926535897931
v 0.1923968750000000 13.9252900999999998 1.2500000000000000
vn 0.0000000000000000 -3.1415926535897931 -3.1415926535897931
v 0.0425100000000000 13.9252900999999998 1.2000000000000000
vn 0.0000000000000000 3.1415926535897931 3.1415926535897931
v -0.3072261000000000 13.9752902999999993 1.2500000000000000
vn 0.0000000000000000 -3.1415926535897931 -3.1415926535897931
v 0.0560393000000000 14.9251985999999999 1.2000000000000000
vn 0.0000000000000000 3.1415926535897940 3.1415926535897931
v -0.2936967500000000 14.9751987000000000 1.2500000000000000
vn 0.0000000000000000 -3.1415926535897940 -3.1415926535897927
v 0.0695688000000000 15.9251070000000006 1.2000000000000000
vn 0.0000000000000000 3.1415926535897936 3.1415926535897936
v -0.2801673000000000 15.9751072000000001 1.2500000000000000
vn 0.0000000000000000 -3.1415926535897931 -3.1415926535897931
v 0.0830981000000000 16.9250164000000005 1.2000000000000000
vn 0.0000000000000000 3.1415926535897940 3.1415926535897927
v -0.2666379500000000 16.9750155999999990 1.2500000000000000
vn 0.0000000000000000 -3.1415926535897931 -3.1415926535897927
v 0.0966275000000000 17.9249249000000006 1.2000000000000000
vn 0.0000000000000000 3.1415926535897940 3.1415926535897927
v -0.2531085500000000 17.9749240999999991 1.2500000000000000
vn 0.0000000000000000 -3.1415926535897931 -3.1415926535897936
v 0.1101569000000000 18.9248332999999995 1.2000000000000000
vn 0.0000000000000000 3.1415926535897931 3.1415926535897940
v -0.2395791000000000 18.9748325000000015 1.2500000000000000
vn -0.0000003171306164 0.2270346414757906 6.2790821682732076
v 0.0070158193850162 23.9064361688488241 1.2511534394411399
vn -3.1413051146107316 0.0425038587637622 3.1415927384477533
v -0.8235013749977120 9.0520472626691006 1.0000000000000000
vn 0.0000000000000000 3.1415926535897931 3.1415926535897940
v 0.3875653999999999 19.7685431999999999 1.5000000000000000
vn -0.1653183771014036 -1.9228552937515195 -3.3835561034270127
v -0.8476430000000000 22.5578879999999984 1.0053563999999999
vn 1.3526699689864898 -2.7604202196381529 1.0625030343350845
v -1.0452870999999999 22.4369450000000015 1.0812079999999999
vn 0.5659791658816005 2.5909270852284201 0.6871324615651094
v -1.0647556000000000 22.7202605999999996 1.0799037000000000
vn -0.6462399742504081 1.2167389198897678 3.0317109073797637
v -0.2204732000000000 21.1143970000000003 1.1710273000000000
vn 0.4448217016058570 -4.3568964747969776 0.1891842591196584
v -0.1575163000000000 20.9131298000000001 1.0140001000000001
vn 0.7378628896138379 0.6980598449667669 5.6195049312762606
v 1.2115954000000000 22.6273327000000002 1.1599128000000001
vn -1.9584361013073603 -1.7834402944518897 0.0871864140166204
v 1.3377998000000000 22.4247359999999993 1.0684864999999999
vn 0.5810010162819527 -2.8776252964210212 -1.8383054827952972
v 0.3608049000000000 20.9291820999999985 0.9725113000000000
vn 0.0000000000000000 3.1415926535897931 3.1415926535897931
v 0.2111450000000000 7.9758395999999996 1.2500000000000000
vn 0.0000000000000000 3.1415926535897936 3.1415926535897927
v 0.2246744500000000 8.9757481000000006 1.2500000000000000
vn 0.0000000000000000 3.1415926535897949 3.1415926535897931
v 0.2382038000000000 9.9756564999999995 1.2500000000000000
vn 0.0000000000000000 3.1415926535897931 3.1415926535897931
v -0.0480405500000000 10.9755649999999996 1.2500000000000000
vn 0.0000000000000000 3.1415926535897940 3.1415926535897927
v 0.2652626000000000 11.9754734000000003 1.2500000000000000
vn 0.0000000000000000 3.1415926535897940 3.1415926535897931
v 0.2787920000000000 12.9753819000000004 1.2500000000000000
vn 0.0000000000000000 3.1415926535897940 3.1415926535897936
v 0.2923214000000000 13.9752902999999993 1.2500000000000000
vn 0.0000000000000000 3.1415926535897936 -3.1415926535897927
v 0.0560393000000000 14.9751987000000000 1.2000000000000000
vn 0.0000000000000000 3.1415926535897940 3.1415926535897940
v 0.3058508000000000 14.9751987000000000 1.2500000000000000
vn 0.0000000000000000 3.1415926535897931 -3.1415926535897936
v 0.0695688000000000 15.9751072000000001 1.2000000000000000
vn 0.0000000000000000 3.1415926535897931 3.1415926535897940
v 0.3193802000000000 15.9751072000000001 1.2500000000000000
vn 0.0000000000000000 3.1415926535897936 -3.1415926535897931
v 0.0830981000000000 16.9750155999999990 1.2000000000000000
vn 0.0000000000000000 3.1415926535897949 3.1415926535897940
v 0.3329096000000000 16.9750155999999990 1.2500000000000000
vn 0.0000000000000000 3.1415926535897936 -3.1415926535897931
v 0.0966275000000000 17.9749240999999991 1.2000000000000000
vn 0.0000000000000000 3.1415926535897940 3.1415926535897918
v 0.3464390000000000 17.9749240999999991 1.2500000000000000
vn 0.0000000000000000 3.1415926535897940 -3.1415926535897931
v 0.1101569000000000 18.9748325000000015 1.2000000000000000
vn 0.0000000000000000 3.1415926535897949 3.1415926535897936
v 0.3599684000000000 18.9748325000000015 1.2500000000000000
vn 3.1110124309603173 0.4059304634924263 -3.1414353970010076
v -0.8635062499999999 22.2303591000000011 0.7102158000000001
vn 3.1110131435151294 0.4059299854053652 -3.1414386801818717
v -0.7094603000000000 21.1343707999999992 0.7211485000000000
vn 3.1110133811149807 0.5507838520705282 3.1395420086151882
v -0.7314668000000000 21.2909402999999990 1.3457227999999999
vn -3.1110130631899069 0.4059306151150122 -3.1414371280790050
v 0.9529894000000000 21.1343707999999992 0.7211485000000000
vn -3.1110124724679711 0.4059305573468225 -3.1414371528438232
v 1.1070354000000000 22.2303591000000011 0.7102158000000001
vn -3.1110125386589300 0.5507843359916949 3.1395408576757688
v 1.1070354000000000 22.2303591000000011 1.3117559999999999
vn -3.0974872674903979 0.6309426133573526 3.1713404837061168
v 0.9337335499999997 20.9973716499999981 1.3563375000000002
vn 0.3085158403085429 2.9944345726961763 -2.2813516166756340
v -0.9804659562500000 -1.8547798093750001 0.5000000000000000
vn 3.1415926535897936 -0.0313361400485238 -3.1414363669213832
v 0.3713899000000000 22.2818059999999996 0.7097026500000000
vn 3.1398926485842602 0.1829270631072068 3.1643771131131193
v 0.3713899000000000 21.0959897006201764 1.3527716171522395
vn -1.6220418270882127 2.6591254288950292 -3.1414356318039993
v -0.4291182872402047 24.2595646038115120 0.6899742350929022
vn -3.1110131803504850 -0.4686031991147911 -3.1414389645601202
v -1.0891192499999998 21.1136398499999984 0.7213553000000000
vn -0.3017278201410410 -3.0898424652431959 2.9243255091916902
v -0.7874824998046874 -2.3648251060546874 1.0000000000000000
vn 3.1110137988979210 -0.4686032530522671 -3.1414343174911354
v 1.5493888000000000 22.6556777999999994 0.7059733000000000
vn 3.1110132777310455 -0.4686009522623754 -3.1414397093425208
v 1.3171668999999999 21.0034942999999998 0.7224540000000000
vn -3.1415928757644238 -0.0313361675642375 -3.1414363666468956
v -0.1278608000000000 21.3331537000000004 0.7191656000000000
vn 0.0000000000000000 -3.1415926535897940 3.1415926535897931
v 0.6250000000000000 0.7500000000000000 1.0000000000000000
vn 0.0000000000000000 -3.1415926535897922 3.1415926535897931
v -0.6250000000000000 0.7500000000000000 1.0000000000000000
vn 0.0000000000000000 -3.1415926535897949 3.1415926535897931
v 0.6250000000000000 0.7500000000000000 1.2000000000000000
vn 0.0000000000000000 -3.1415926535897936 3.1415926535897931
v -0.6250000000000000 0.7500000000000000 1.2000000000000000
vn 0.0000000000000000 3.1415926535897922 3.1415926535897931
v 0.6250000000000000 1.2500000000000000 1.2000000000000000
vn 0.7244487919530527 -2.2560352661784506 5.1925077764136489
v 0.3464812625000001 5.2418919749999997 1.0500000000000000
vn 0.0000004477719378 -0.0626727039931286 -6.2828727296141436
v 0.5678289792504883 23.8428301886245357 0.6941311627945883
vn 0.0000000000000000 0.0000000000000000 6.2831853071795871
v -0.3950441351689329 1.7476848412976931 -0.5000000000000000
vn 0.0000000000000000 3.1415926535897927 3.1415926535897936
v 0.6250000000000000 1.2500000000000000 1.0000000000000000
vn 0.0000000000000000 3.1415926535897931 3.1415926535897931
v -0.6250000000000000 1.2500000000000000 1.0000000000000000
vn 3.1413051139734405 -0.0425039058631336 3.1415924535027964
v 0.7906953000000000 10.0904460000000000 1.2000000000000000
vn 0.0000000000000000 0.0000000000000000 6.2831853071795880
v -0.3873812622146350 0.1241488118780972 1.0000000000000000
vn -0.8594427740006720 4.2430024392263412 -0.1934798075884886
v -0.3316511000000000 22.8537272999999992 0.9713606000000000
vn -0.1983362513200871 0.0534968926372340 -5.0518457872340354
v -0.2117172000000000 22.6974963999999986 0.8257055000000000
vn 0.5947286527859073 -4.4523400428341002 -1.2952464721061756
v -0.3357886000000000 22.5150813999999997 0.9369712000000000
vn 0.5605418771436540 -0.9094304451363499 4.1684057802818870
v -0.4574358000000000 22.6174087999999998 1.1685489000000000
vn 0.9158101623007613 -4.3499381639965975 -0.8577525765131484
v -0.8474613000000000 20.8253039999999991 0.9754956000000000
vn 0.1845369958541502 0.0612642204290257 3.7113465836207626
v -0.8319681000000000 20.9660930999999984 1.1635734000000000
vn 1.0156969993069129 2.4258905587804169 -3.5427669944944529
v 0.4735800000000000 22.7885838000000014 0.8527843000000001
vn -1.7489317274272065 -1.2591857686242829 -1.5791004870930134
v 1.1447101000000000 20.8183727000000012 0.9740153000000000
vn 0.0000000000000000 0.0000000000000000 -6.2831853071795853
v -0.6093533574415481 8.4587622231708703 0.5000000000000000
vn -1.6220412740646999 2.8039794786420393 3.1395441355908598
v -0.5637791647361776 24.1783790746898255 1.2413207318380177
vn 0.0000000000000000 3.1415926535897940 3.1415926535897931
v 0.3125000000000000 1.2500000000000000 1.2000000000000000
vn 0.0000000000000000 -3.1415926535897931 3.1415926535897931
v 0.9375000000000000 0.7500000000000000 1.2000000000000000
vn 0.0000000000000000 -3.1415926535897927 3.1415926535897936
v -0.3125000000000000 0.7500000000000000 1.2000000000000000
vn 2.9856052564919655 -0.5119590436245797 3.7011161812859195
v 0.3713899000000000 22.9142408000000017 1.2870287000000000
vn -3.1167658327123071 -0.3071337408077519 -3.3491101965183891
v -0.1278608000000000 22.9142408000000017 0.7033940500000000
vn 3.1324838177168504 0.1343241629767834 -3.2708039708877497
v 0.3713899000000000 20.8588257000000006 0.7238970000000000
vn -3.1201653252973665 0.0774647293686970 -3.3759401679880758
v 1.1950617500000000 22.8566389000000001 0.7039686000000001
vn -3.1413051150718787 0.0425038246823525 -3.1415927044462597
v -0.7331056218660106 15.7328666467480254 0.9000000000000000
vn 0.0000000000000000 0.0000000000000000 6.2831853071795862
v -0.3661788315606411 2.0431387293759617 1.0000000000000000
vn -3.1413051172449489 0.0425036640689096 3.1415935158432844
v -0.8370996000000001 8.0470542999999992 1.0000000000000000
vn 0.0000000000000000 0.0000000000000000 6.2831853071795862
v -2.4861231092868628 0.0255812537636186 1.0000000000000000
vn 0.0000000000000000 -3.1415926535897931 3.1415926535897931
v -0.4883270500000000 7.9258394000000001 1.2500000000000000
vn 0.0000000000000000 -3.1415926535897931 -3.1415926535897931
v -0.3384402000000000 7.9258394000000001 1.2000000000000000
vn 0.0000000000000000 -3.1415926535897936 -3.1415926535897931
v 0.3610319000000000 7.9258394000000001 1.2000000000000000
vn 0.0000000000000000 -3.1415926535897931 3.1415926535897940
v -0.3249108000000000 8.9257478999999993 1.2500000000000000
vn 0.0000000000000000 -3.1415926535897922 -3.1415926535897931
v -0.3249108000000000 8.9257478999999993 1.2000000000000000
vn 0.0000000000000000 -3.1415926535897936 -3.1415926535897936
v 0.3745613000000000 8.9257478999999993 1.2000000000000000
vn 0.0000000000000000 -3.1415926535897931 3.1415926535897931
v -0.3113814000000000 9.9256563000000000 1.2500000000000000
vn 0.0000000000000000 -3.1415926535897940 -3.1415926535897931
v -0.3113814000000000 9.9256563000000000 1.2000000000000000
vn 0.0000000000000000 -3.1415926535897927 -3.1415926535897931
v 0.3880907000000000 9.9256563000000000 1.2000000000000000
vn 0.0000000000000000 -3.1415926535897931 3.1415926535897936
v -0.2978520000000000 10.9255648000000001 1.2500000000000000
vn 0.0000000000000000 -3.1415926535897936 -3.1415926535897931
v 0.4016201000000000 10.9255648000000001 1.2000000000000000
vn 0.0000000000000000 -3.1415926535897922 3.1415926535897949
v -0.2843226000000000 11.9254732000000008 1.2500000000000000
vn 0.0000000000000000 -3.1415926535897927 -3.1415926535897931
v -0.2843226000000000 11.9254732000000008 1.2000000000000000
vn 0.0000000000000000 -3.1415926535897931 -3.1415926535897931
v 0.4151495000000000 11.9254732000000008 1.2000000000000000
vn 0.0000000000000000 -3.1415926535897931 3.1415926535897927
v -0.2707932000000000 12.9253817000000009 1.2500000000000000
vn 0.0000000000000000 -3.1415926535897931 -3.1415926535897931
v -0.2707932000000000 12.9253817000000009 1.2000000000000000
vn 0.0000000000000000 -3.1415926535897936 -3.1415926535897931
v 0.4286789000000000 12.9253817000000009 1.2000000000000000
vn 0.0000000000000000 -3.1415926535897936 3.1415926535897936
v -0.2572638000000000 13.9252900999999998 1.2500000000000000
vn 0.0000000000000000 -3.1415926535897931 -3.1415926535897931
v -0.2572638000000000 13.9252900999999998 1.2000000000000000
vn 0.0000000000000000 -3.1415926535897936 -3.1415926535897931
v 0.4422083000000000 13.9252900999999998 1.2000000000000000
vn 0.0000000000000000 -3.1415926535897931 3.1415926535897936
v -0.0938475500000000 14.9251985999999999 1.2500000000000000
vn 0.0000000000000000 -3.1415926535897931 3.1415926535897936
v 0.4557377000000000 14.9251985999999999 1.2500000000000000
vn 0.0000000000000000 -3.1415926535897931 -3.1415926535897927
v -0.2437344000000000 14.9251985999999999 1.2000000000000000
vn 0.0000000000000000 -3.1415926535897936 -3.1415926535897931
v 0.4557377000000000 14.9251985999999999 1.2000000000000000
vn 0.0000000000000000 -3.1415926535897940 3.1415926535897936
v -0.0803181000000000 15.9251070000000006 1.2500000000000000
vn 0.0000000000000000 -3.1415926535897931 3.1415926535897931
v 0.4692671000000000 15.9251070000000006 1.2500000000000000
vn 0.0000000000000000 -3.1415926535897936 -3.1415926535897931
v -0.2302050000000000 15.9251070000000006 1.2000000000000000
vn 0.0000000000000000 -3.1415926535897931 -3.1415926535897931
v 0.4692671000000000 15.9251070000000006 1.2000000000000000
vn 0.0000000000000000 -3.1415926535897931 3.1415926535897936
v -0.0667887500000000 16.9250164000000005 1.2500000000000000
vn 0.0000000000000000 -3.1415926535897931 3.1415926535897931
v 0.4827965000000000 16.9250164000000005 1.2500000000000000
vn 0.0000000000000000 -3.1415926535897931 -3.1415926535897931
v -0.2166756000000000 16.9250164000000005 1.2000000000000000
vn 0.0000000000000000 -3.1415926535897936 -3.1415926535897931
v 0.4827965000000000 16.9250164000000005 1.2000000000000000
vn 0.0000000000000000 -3.1415926535897931 3.1415926535897922
v -0.0532593500000000 17.9249249000000006 1.2500000000000000
vn 0.0000000000000000 -3.1415926535897931 3.1415926535897931
v 0.4963259000000000 17.9249249000000006 1.2500000000000000
vn 0.0000000000000000 -3.1415926535897931 -3.1415926535897931
v -0.2031462000000000 17.9249249000000006 1.2000000000000000
vn 0.0000000000000000 -3.1415926535897936 -3.1415926535897931
v 0.4963259000000000 17.9249249000000006 1.2000000000000000
vn 0.0000000000000000 -3.1415926535897936 3.1415926535897931
v -0.0397300000000000 18.9248332999999995 1.2500000000000000
vn 0.0000000000000000 -3.1415926535897931 3.1415926535897936
v 0.5098553000000000 18.9248332999999995 1.2500000000000000
vn 0.0000000000000000 -3.1415926535897931 -3.1415926535897927
v -0.3145226000000000 18.9248332999999995 1.2000000000000000
vn 0.0000000000000000 -3.1415926535897931 -3.1415926535897936
v 0.5098553000000000 18.9248332999999995 1.2000000000000000
vn -3.1415927939423050 0.1135170735754524 3.1395410930733436
v -0.1278608000000000 22.2818059999999996 1.3098958000000001
vn 3.7634631097132236 -4.6743516738661626 0.2042013758210134
v -0.5794503975246859 7.2642167936307160 0.8362102229987665
vn 1.2995658871621707 1.7292104766413914 -2.7702431977539819
v -0.9903803000000000 21.8393687999999990 0.8495369000000000
vn -1.9651342252498745 -2.1214525989566377 -0.6500243424577961
v 1.1705464999999999 21.6258964999999996 0.9661469000000000
vn 0.0000000000000000 3.1415926535897922 -3.1415926535897931
v 0.3610319000000000 7.9758395999999996 1.2000000000000000
vn 0.0000000000000000 3.1415926535897927 -3.1415926535897927
v 0.3745613000000000 8.9757481000000006 1.2000000000000000
vn 0.0000000000000000 3.1415926535897931 -3.1415926535897936
v 0.3880907000000000 9.9756564999999995 1.2000000000000000
vn 0.0000000000000000 3.1415926535897931 -3.1415926535897936
v 0.4016201000000000 10.9755649999999996 1.2000000000000000
vn 0.0000000000000000 3.1415926535897931 -3.1415926535897936
v 0.4151495000000000 11.9754734000000003 1.2000000000000000
vn 0.0000000000000000 3.1415926535897931 -3.1415926535897936
v 0.4286789000000000 12.9753819000000004 1.2000000000000000
vn 0.0000000000000000 3.1415926535897927 -3.1415926535897936
v 0.4422083000000000 13.9752902999999993 1.2000000000000000
vn 0.0000000000000000 3.1415926535897931 -3.1415926535897931
v 0.4557377000000000 14.9751987000000000 1.2000000000000000
vn 0.0000000000000000 3.1415926535897936 -3.1415926535897936
v 0.4692671000000000 15.9751072000000001 1.2000000000000000
vn 0.0000000000000000 3.1415926535897940 -3.1415926535897936
v 0.4827965000000000 16.9750155999999990 1.2000000000000000
vn 0.0000000000000000 3.1415926535897940 -3.1415926535897931
v 0.4963259000000000 17.9749240999999991 1.2000000000000000
vn 0.0000000000000000 3.1415926535897936 -3.1415926535897931
v 0.5098553000000000 18.9748325000000015 1.2000000000000000
vn 3.1239027772045769 0.2745001710397544 -3.2155212312641046
v -0.9295262000000000 22.7000694000000003 0.7055304000000000
vn 3.0821534977811242 0.5565975047311135 -3.2469300214249066
v -0.6654472000000000 20.8212317999999996 0.7242721000000000
vn 3.1110128153569327 0.5507840716611376 3.1395402345608883
v -0.8635062499999999 22.2303591000000011 1.3117559999999999
vn 3.1231654246161864 0.4268352536451571 3.2139579107806764
v -0.9295262000000000 22.7000694000000003 1.2947725000000001
vn -3.0810099732729750 0.5583248337547062 -3.2816121019052207
v 0.9089763000000000 20.8212317999999996 0.7242721000000000
vn -3.1231650230428687 0.4268348891990542 3.2139556194221246
v 1.1730552000000001 22.7000694000000003 1.2947725000000001
vn 3.1377910777407378 -0.1356841641915830 -3.1845834224912872
v 0.3713899000000000 22.7561320999999985 0.7049712000000000
vn 3.1415929022439508 -0.0313360739914273 -3.1414363675802841
v 0.3713899000000000 21.3331537000000004 0.7191656000000000
vn 3.1415928520701089 0.1135173642327536 3.1395410825639658
v 0.3713899000000000 22.2818059999999996 1.3098958000000001
vn -3.1110128308538210 -0.4686032445887412 -3.1414373639092918
v -1.1510450999999999 21.5542221000000005 0.7169604000000001
vn -3.1110136170359990 -0.4686030926554938 -3.1414361381719793
v -1.2748967000000000 22.4353866999999987 0.7081707000000000
vn -3.1110131626203459 -0.3237488110302331 3.1395415263962381
v -1.3658502499999998 23.0824918500000003 1.2809451000000001
vn -3.1110129624032870 -0.3237492827429388 3.1395409431352794
v -1.2540936000000000 22.2873792500000008 1.3096942999999999
vn 2.3580400617693726 -5.6676518508363536 -0.0058545520266398
v 2.9406636120398773 -2.0169305315632085 0.0149193465359284
vn 6.2220258699366822 -0.8745351211754705 -0.0000023790651434
v 1.3677232831573458 21.3631859333692340 1.0401500766551899
vn 3.1110123353120969 -0.3237489708962141 3.1395424785824098
v 1.5880923000000000 22.9310417499999986 1.2864211999999999
vn 3.1110130383088026 -0.4686031981458701 -3.1414351928701496
v 1.4797222500000000 22.1600227499999995 0.7109174500000000
vn 1.6220418786200708 2.6591259213577265 -3.1414424895354141
v 1.0031781000000000 24.0602912999999994 0.6919620500000000
vn -3.1415926535897944 -0.0313361400485238 -3.1414363669213827
v -0.1278608000000000 22.2818059999999996 0.7097026500000000
vn -3.1380312403893740 0.0157680677019689 3.1830723688795146
v -0.1278608000000000 22.7561320999999985 1.2927455000000001
vn 0.0000000000000000 -3.1415926535897931 3.1415926535897931
v 0.9375000000000000 0.7500000000000000 1.0000000000000000
vn 0.0000000000000000 -3.1415926535897931 3.1415926535897931
v 0.3125000000000000 0.7500000000000000 1.0000000000000000
vn 0.0000000000000000 -3.1415926535897927 3.1415926535897931
v -0.3125000000000000 0.7500000000000000 1.0000000000000000
vn 0.0000000000000000 -3.1415926535897927 3.1415926535897931
v -0.9375000000000000 0.7500000000000000 1.0000000000000000
vn 0.0000000000000000 -3.1415926535897927 3.1415926535897927
v 0.3125000000000000 0.7500000000000000 1.2000000000000000
vn 0.0000000000000000 -3.1415926535897931 3.1415926535897931
v -0.9375000000000000 0.7500000000000000 1.2000000000000000
vn 0.0000000000000000 3.1415926535897931 3.1415926535897931
v 0.9375000000000000 1.2500000000000000 1.2000000000000000
vn 0.0000000000000000 3.1415926535897931 3.1415926535897931
v -0.4296875000000000 1.2500000000000000 1.2000000000000000
vn 0.0000000000000000 0.0000000000000000 6.2831853071795862
v 0.3850278828381766 8.5592199381812772 -0.5000000000000000
vn 0.0000000000000000 3.1415926535897931 3.1415926535897931
v 0.9375000000000000 1.2500000000000000 1.0000000000000000
vn 0.0000000000000000 3.1415926535897931 3.1415926535897931
v 0.3125000000000000 1.2500000000000000 1.0000000000000000
vn 0.0000000000000000 3.1415926535897958 3.1415926535897931
v -0.3125000000000000 1.2500000000000000 1.0000000000000000
vn 0.0000000000000000 3.1415926535897931 3.1415926535897931
v -0.9375000000000000 1.2500000000000000 1.0000000000000000
vn 0.0000000000000000 -3.1415926535897918 3.1415926535897931
v -0.6246845000000000 8.9257478999999993 1.2500000000000000
vn 0.0000000000000000 3.1415926535897944 3.1415926535897931
v 0.6014693000000000 10.9755649999999996 1.2500000000000000
vn 0.0000000000000000 -3.1415926535897927 3.1415926535897936
v -0.5840964000000000 11.9254732000000008 1.2500000000000000
vn 0.0000000000000000 -3.1415926535897927 3.1415926535897931
v -0.5705670000000000 12.9253817000000009 1.2500000000000000
vn 0.0000000000000000 -3.1415926535897927 3.1415926535897931
v -0.5435082000000000 14.9251985999999999 1.2500000000000000
vn 0.0000000000000000 3.1415926535897931 3.1415926535897931
v 0.6555868000000000 14.9751987000000000 1.2500000000000000
vn 0.0000000000000000 -3.1415926535897931 3.1415926535897936
v -0.5299788000000000 15.9251070000000006 1.2500000000000000
vn 0.0000000000000000 3.1415926535897931 3.1415926535897927
v 0.6691163000000000 15.9751072000000001 1.2500000000000000
vn 0.0000000000000000 -3.1415926535897931 3.1415926535897927
v -0.5164493999999999 16.9250164000000005 1.2500000000000000
vn 0.0000000000000000 3.1415926535897931 3.1415926535897931
v 0.6826456000000000 16.9750155999999990 1.2500000000000000
vn 0.0000000000000000 -3.1415926535897927 3.1415926535897931
v -0.5029200000000000 17.9249249000000006 1.2500000000000000
vn 0.0000000000000000 3.1415926535897931 3.1415926535897922
v 0.6961750000000000 17.9749240999999991 1.2500000000000000
vn 0.0000000000000000 3.1415926535897931 3.1415926535897927
v 0.7097045000000000 18.9748325000000015 1.2500000000000000
vn 0.0000000000000000 0.0000000000000000 6.2831853071795862
v 0.6901057420941665 3.7814488215730591 1.0000000000000000
vn -0.5111224800270490 -1.0930173648694785 4.2354695988793711
v -0.1635661000000000 22.6598681999999982 1.1688708999999999
vn 2.3737551350689867 -4.0989543741372492 1.0233149900489298
v -0.7762640000000000 21.8422526999999995 0.9624503000000000
vn -3.1110118078788451 -0.3237492866331141 3.1395419672820153
v -1.3136003000000001 22.7107506000000008 1.2943864000000000
vn -3.1110136861782802 -0.3237493524490678 3.1395416890226531
v -1.1820079999999999 21.7745132000000012 1.3282381000000001
vn -3.1110126746024491 -0.3237494158622001 3.1395421210737662
v -1.1123414000000000 21.2788581500000014 1.3461597000000001
vn 3.1110129313694190 -0.3237495114034690 3.1395416774677778
v 1.3636113000000003 21.3339309500000027 1.3441684500000000
vn 3.1110137530556314 -0.3237489018505795 3.1395414986052801
v 1.4487592500000002 21.9397316000000018 1.3222642499999999
vn -3.1110126472751896 -0.4686030957402125 -3.1414364743979593
v -1.0039713000000001 20.5078391999999994 0.7273982000000000
vn -3.1110133492000474 -0.4686033208839592 -3.1414373896544809
v -1.2129709500000001 21.9948043999999996 0.7125655500000000
vn -3.1110131712532487 -0.4686030756370074 -3.1414359952671953
v -1.3445633500000000 22.9310417499999986 0.7032264500000001
vn 0.0000002168312252 -0.0626729013149411 -6.2828727276460086
v -0.7118170200681072 23.6950146156472208 0.6956057219019511
vn 0.0000000000000000 0.0000000000000000 6.2831853071795862
v 1.8418125038166366 2.0887671461022914 1.0000000000000000
vn 0.0000000000000000 0.0000000000000000 6.2831853071795862
v -0.6974695053061643 4.3923662376987931 1.0000000000000000
vn 0.0000000000000000 0.0000000000000000 6.2831853071795862
v -1.7786464001421400 2.0251657727553352 1.0000000000000000
vn -1.6606973742440578 1.3467229186745053 -3.4278333920126851
v -0.1146181000000000 21.1403254999999994 0.8436823000000000
vn 2.1224865689124419 -0.1634685679141362 3.0897405958357478
v 0.3713899000000000 21.9644240999999987 1.1488951000000001
vn 0.6291585081382084 4.9375900755256774 3.5131036996474929
v 0.8430966000000000 21.9818192000000003 1.0954187000000000
vn 0.9844080753298630 4.8204338945205354 -0.8348084948096419
v 0.4824504000000000 22.0602188000000012 0.9812824000000000
vn 0.0000000000000000 -3.1415926535897927 -3.1415926535897931
v -0.5882517000000000 7.9258394000000001 1.2000000000000000
vn 0.0000000000000000 -3.1415926535897940 -3.1415926535897931
v -0.5747222000000000 8.9257478999999993 1.2000000000000000
vn 0.0000000000000000 -3.1415926535897940 -3.1415926535897931
v -0.5341340999999999 11.9254732000000008 1.2000000000000000
vn 0.0000000000000000 -3.1415926535897931 -3.1415926535897931
v -0.5206047000000000 12.9253817000000009 1.2000000000000000
vn 0.0000000000000000 -3.1415926535897936 -3.1415926535897931
v -0.5070753000000000 13.9252900999999998 1.2000000000000000
vn 0.0000000000000000 -3.1415926535897936 -3.1415926535897936
v -0.4935459000000000 14.9251985999999999 1.2000000000000000
vn 0.0000000000000000 -3.1415926535897931 -3.1415926535897931
v -0.4800165000000000 15.9251070000000006 1.2000000000000000
vn 0.0000000000000000 -3.1415926535897940 -3.1415926535897936
v -0.4664871000000000 16.9250164000000005 1.2000000000000000
vn 0.0000000000000000 -3.1415926535897936 -3.1415926535897936
v -0.4529577000000000 17.9249249000000006 1.2000000000000000
vn 3.3316038335470752 -4.5630036672048071 -0.0928499989952700
v 4.3125025278760685 -1.2586296454521575 0.0677967576473040
vn 0.0000000000000000 0.0000000000000000 -6.2831853071795862
v 1.2061431730099028 1.9080158396951126 0.5000000000000000
vn 0.0000000000000000 -3.1415926535897931 3.1415926535897936
v 0.5608811000000000 7.9258394000000001 1.2500000000000000
vn 0.0000000000000000 -3.1415926535897931 -3.1415926535897931
v 0.5608811000000000 7.9258394000000001 1.2000000000000000
vn 0.0000000000000000 -3.1415926535897931 -3.1415926535897936
v 0.0612581500000000 7.9258394000000001 1.2000000000000000
vn 0.0000000000000000 -3.1415926535897931 3.1415926535897927
v 0.5744105000000000 8.9257478999999993 1.2500000000000000
vn 0.0000000000000000 -3.1415926535897931 -3.1415926535897931
v 0.5744105000000000 8.9257478999999993 1.2000000000000000
vn 0.0000000000000000 -3.1415926535897931 -3.1415926535897931
v 0.1747122000000000 8.9257478999999993 1.2000000000000000
vn 0.0000000000000000 -3.1415926535897931 3.1415926535897936
v 0.5879399000000000 9.9256563000000000 1.2500000000000000
vn 0.0000000000000000 -3.1415926535897931 -3.1415926535897931
v 0.5879399000000000 9.9256563000000000 1.2000000000000000
vn 0.0000000000000000 -3.1415926535897931 -3.1415926535897931
v 0.1882415000000000 9.9256563000000000 1.2000000000000000
vn 0.0000000000000000 -3.1415926535897931 3.1415926535897931
v 0.6014693000000000 10.9255648000000001 1.2500000000000000
vn 0.0000000000000000 -3.1415926535897931 -3.1415926535897931
v 0.6014693000000000 10.9255648000000001 1.2000000000000000
vn 0.0000000000000000 -3.1415926535897931 -3.1415926535897931
v 0.2017709000000000 10.9255648000000001 1.2000000000000000
vn 0.0000000000000000 -3.1415926535897931 3.1415926535897931
v 0.6149986000000000 11.9254732000000008 1.2500000000000000
vn 0.0000000000000000 -3.1415926535897931 -3.1415926535897936
v 0.6149986000000000 11.9254732000000008 1.2000000000000000
vn 0.0000000000000000 -3.1415926535897931 -3.1415926535897931
v 0.2153003000000000 11.9254732000000008 1.2000000000000000
vn 0.0000000000000000 -3.1415926535897931 3.1415926535897936
v 0.6285281000000000 12.9253817000000009 1.2500000000000000
vn 0.0000000000000000 -3.1415926535897931 -3.1415926535897931
v 0.6285281000000000 12.9253817000000009 1.2000000000000000
vn 0.0000000000000000 -3.1415926535897931 -3.1415926535897931
v 0.2288297000000000 12.9253817000000009 1.2000000000000000
vn 0.0000000000000000 -3.1415926535897931 3.1415926535897940
v 0.6420574999999999 13.9252900999999998 1.2500000000000000
vn 0.0000000000000000 -3.1415926535897931 -3.1415926535897931
v 0.6420574999999999 13.9252900999999998 1.2000000000000000
vn 0.0000000000000000 -3.1415926535897931 -3.1415926535897931
v 0.2423591000000000 13.9252900999999998 1.2000000000000000
vn 0.0000000000000000 -3.1415926535897931 3.1415926535897931
v 0.6555868000000000 14.9251985999999999 1.2500000000000000
vn 0.0000000000000000 -3.1415926535897931 3.1415926535897931
v 0.2558885000000000 14.9251985999999999 1.2500000000000000
vn 0.0000000000000000 -3.1415926535897931 -3.1415926535897931
v 0.6555868000000000 14.9251985999999999 1.2000000000000000
vn 0.0000000000000000 -3.1415926535897931 -3.1415926535897931
v 0.2558885000000000 14.9251985999999999 1.2000000000000000
vn 0.0000000000000000 -3.1415926535897931 3.1415926535897931
v 0.6691163000000000 15.9251070000000006 1.2500000000000000
vn 0.0000000000000000 -3.1415926535897931 3.1415926535897936
v 0.2694179000000000 15.9251070000000006 1.2500000000000000
vn 0.0000000000000000 -3.1415926535897931 -3.1415926535897931
v 0.6691163000000000 15.9251070000000006 1.2000000000000000
vn 0.0000000000000000 -3.1415926535897931 -3.1415926535897931
v 0.2694179000000000 15.9251070000000006 1.2000000000000000
vn 0.0000000000000000 -3.1415926535897931 3.1415926535897931
v 0.6826456000000000 16.9250164000000005 1.2500000000000000
vn 0.0000000000000000 -3.1415926535897931 3.1415926535897931
v 0.2829473000000000 16.9250164000000005 1.2500000000000000
vn 0.0000000000000000 -3.1415926535897931 -3.1415926535897931
v 0.6826456000000000 16.9250164000000005 1.2000000000000000
vn 0.0000000000000000 -3.1415926535897931 -3.1415926535897931
v 0.2829473000000000 16.9250164000000005 1.2000000000000000
vn 0.0000000000000000 -3.1415926535897931 3.1415926535897931
v 0.6961750000000000 17.9249249000000006 1.2500000000000000
vn 0.0000000000000000 -3.1415926535897931 3.1415926535897931
v 0.2964767000000000 17.9249249000000006 1.2500000000000000
vn 0.0000000000000000 -3.1415926535897931 -3.1415926535897931
v 0.6961750000000000 17.9249249000000006 1.2000000000000000
vn 0.0000000000000000 -3.1415926535897931 -3.1415926535897931
v 0.2964767000000000 17.9249249000000006 1.2000000000000000
vn 0.0000000000000000 -3.1415926535897931 3.1415926535897931
v 0.7097045000000000 18.9248332999999995 1.2500000000000000
vn 0.0000000000000000 -3.1415926535897931 3.1415926535897931
v 0.3100061000000000 18.9248332999999995 1.2500000000000000
vn 0.0000000000000000 -3.1415926535897931 -3.1415926535897931
v 0.7097045000000000 18.9248332999999995 1.2000000000000000
vn 0.0000000000000000 -3.1415926535897931 -3.1415926535897931
v 0.3100061000000000 18.9248332999999995 1.2000000000000000
vn -1.0934569946806842 2.8938226670610701 -2.2701833116114476
v 1.2304672999999999 21.9258118000000017 0.9260269000000000
vn 0.0000000000000000 3.1415926535897931 -3.1415926535897936
v 0.1611827000000000 7.9758395999999996 1.2000000000000000
vn 0.0000000000000000 3.1415926535897927 -3.1415926535897931
v -0.5008177000000000 7.9758395999999996 1.2000000000000000
vn 0.0000000000000000 3.1415926535897931 -3.1415926535897936
v 0.1747122000000000 8.9757481000000006 1.2000000000000000
vn 0.0000000000000000 3.1415926535897931 -3.1415926535897931
v -0.4872882000000000 8.9757481000000006 1.2000000000000000
vn 0.0000000000000000 3.1415926535897931 -3.1415926535897931
v 0.1882415000000000 9.9756564999999995 1.2000000000000000
vn 0.0000000000000000 3.1415926535897940 -3.1415926535897931
v 0.0440774500000000 10.9755649999999996 1.2000000000000000
vn 0.0000000000000000 3.1415926535897931 -3.1415926535897931
v 0.2153003000000000 11.9754734000000003 1.2000000000000000
vn 0.0000000000000000 3.1415926535897927 -3.1415926535897931
v -0.4467001000000000 11.9754734000000003 1.2000000000000000
vn 0.0000000000000000 3.1415926535897931 -3.1415926535897931
v 0.2288297000000000 12.9753819000000004 1.2000000000000000
vn 0.0000000000000000 3.1415926535897936 -3.1415926535897931
v -0.4331707000000000 12.9753819000000004 1.2000000000000000
vn 0.0000000000000000 3.1415926535897931 -3.1415926535897931
v 0.2423591000000000 13.9752902999999993 1.2000000000000000
vn 0.0000000000000000 3.1415926535897936 -3.1415926535897931
v -0.4196413000000000 13.9752902999999993 1.2000000000000000
vn 0.0000000000000000 3.1415926535897931 -3.1415926535897931
v 0.2558885000000000 14.9751987000000000 1.2000000000000000
vn 0.0000000000000000 3.1415926535897931 -3.1415926535897936
v -0.2878296000000000 14.9751987000000000 1.2000000000000000
vn 0.0000000000000000 3.1415926535897931 -3.1415926535897927
v 0.2694179000000000 15.9751072000000001 1.2000000000000000
vn 0.0000000000000000 3.1415926535897936 -3.1415926535897931
v -0.2743002000000000 15.9751072000000001 1.2000000000000000
vn 0.0000000000000000 3.1415926535897931 -3.1415926535897931
v 0.2829473000000000 16.9750155999999990 1.2000000000000000
vn 0.0000000000000000 3.1415926535897931 -3.1415926535897931
v -0.2607708000000000 16.9750155999999990 1.2000000000000000
vn 0.0000000000000000 3.1415926535897931 -3.1415926535897927
v 0.2964767000000000 17.9749240999999991 1.2000000000000000
vn 0.0000000000000000 3.1415926535897931 -3.1415926535897931
v -0.2472414000000000 17.9749240999999991 1.2000000000000000
vn 0.0000000000000000 3.1415926535897931 -3.1415926535897940
v 0.3100061000000000 18.9748325000000015 1.2000000000000000
vn 0.0000000000000000 3.1415926535897931 -3.1415926535897931
v -0.2364565000000000 18.9748325000000015 1.2000000000000000
vn -3.1110139342495535 -0.3237496134400947 3.1395412796726756
v -1.0194527499999999 20.6179847500000015 1.3700550000000000
vn 3.1110131941000292 -0.3237498857840149 3.1395407867026628
v 1.2513708214481980 20.5353755747301392 1.3730420259136746
vn 3.1110134125768081 -0.3237490356485165 3.1395419112817020
v 1.5184257999999999 22.4353866999999987 1.3043427000000001
vn 3.1110130115706021 -0.4686040257238490 -3.1414376570598588
v 1.3868334000000000 21.4991493499999997 0.7175098000000000
vn 3.1110124198374529 -0.4686029387447569 -3.1414387317335559
v 1.2707226000000000 20.6730575999999999 0.7257501000000000
vn -3.1409635270140290 0.1498226876215668 3.1474677547034968
v -0.1278608000000000 21.2936267999999984 1.3456256000000000
vn -1.0983233905513061 0.6942586248597667 -1.8157333013336174
v -0.4109517000000000 21.9864825999999987 0.8775128000000000
vn -1.4866865452976705 1.7850114421814720 2.3193048819646438
v -0.2497240000000000 22.0172443000000015 1.1137613000000000
vn 2.0706783390090844 2.1667454185278423 3.2517460696207761
v -0.9454051999999999 21.8183994000000006 1.0376270000000001
vn -6.2220261829217458 -0.8745328944018640 0.0000013045470615
v -1.1220521900050782 21.3479468145633717 0.9355327660899464
vn -0.3230422120355660 -1.3926683819110710 4.1707187818433509
v -0.7617065000000000 22.5947533000000007 1.1727467000000000
vn 0.5709965204565915 4.5060708162733416 -2.2865544923113585
v 0.8566060000000000 20.8493919000000005 1.0166371000000001
vn 2.5996229233355583 -1.0548253049149434 2.2901739677952015
v -2.3686478000000002 9.3555469999999996 -0.5000000000000000
vn 3.0226455012068403 -0.1623909736616947 -5.0057544439626964
v -1.1228551000000000 22.5511513000000008 0.9538091000000000
vn -0.2041461799065957 0.7296520905663137 -2.9290351833760777
v -0.3364464000000000 21.0645275000000005 0.8255163000000000
vn 0.0000000000000000 3.1415926535897927 3.1415926535897931
v -0.7812500000000000 1.2500000000000000 1.2000000000000000
vn 3.1413051149293754 -0.0425038351815712 3.1415909952399161
v 0.7648284500036490 8.1787186696147600 1.2000000000000000
vn 0.0000000000000000 0.0000000000000000 6.2831853071795871
v -1.6372814260882798 8.2842128478103554 1.0000000000000000
vn -1.4977450647568640 1.5409476486670122 -4.3339363037499199
v -0.1269784000000000 21.9656601000000009 0.8515610000000000
vn 1.6009918010197068 -0.7902576701333153 -2.2915392697075179
v 0.3975028000000000 21.9116248999999996 0.8261800000000000
vn -3.1413051148702555 0.0425038395830403 3.1415925031984888
v -0.7320576515612205 15.8103190687288464 1.2000000000000000
vn -3.2223459008898261 -0.0552563408607973 -3.1380011768071987
v -0.6939758157244443 18.6248047366979463 0.9000000000000000
vn 3.1413051149028939 -0.0425038371711690 -3.1415926911420677
v 0.8060046000000000 11.2219014249999987 0.9000000000000000
vn 2.1815415925920707 -2.5853280208507261 -0.1807853146270314
v -0.9594186000000000 21.6207542000000004 0.9675528000000000
vn -0.0933645708968870 1.1523642825289895 4.0490577598597532
v 1.1775857999999999 21.8608016999999997 1.1449195000000001
vn 0.0000000000000000 0.0000000000000000 6.2831853071795862
v 0.0733320581076839 8.5676304387377282 1.2000000000000000
vn 0.0000000000000000 3.1415926535897936 3.1415926535897922
v 0.1025391000000000 1.2500000000000000 1.2000000000000000
vn 1.2138766270039736 5.5020463175491159 -1.1382825331841187
v 0.5604199000000000 20.8903408000000006 1.0104188999999999
vn 0.0000000000000000 0.0000000000000000 6.2831853071795862
v 1.6382401651959280 -0.4355399724526433 1.0000000000000000
vn 0.0000000000000000 3.1415926535897931 -3.1415926535897931
v -0.1542042000000000 7.9758395999999996 1.2000000000000000
vn 0.0000000000000000 3.1415926535897936 -3.1415926535897936
v -0.1406748000000000 8.9757481000000006 1.2000000000000000
vn 0.0000000000000000 3.1415926535897940 -3.1415926535897931
v -0.3004522000000000 9.9756564999999995 1.2000000000000000
vn 0.0000000000000000 3.1415926535897936 -3.1415926535897931
v -0.1000867000000000 11.9754734000000003 1.2000000000000000
vn 0.0000000000000000 3.1415926535897936 -3.1415926535897936
v -0.0865573000000000 12.9753819000000004 1.2000000000000000
vn 0.0000000000000000 3.1415926535897931 -3.1415926535897936
v -0.0730278000000000 13.9752902999999993 1.2000000000000000
vn -0.9146872432364137 1.0208853384776477 -0.1316828292320713
v 0.9843234000000000 21.9751301000000012 1.0717458000000000
vn -3.1413051141437545 0.0425038932758337 3.1415924492830811
v -0.8049331594492268 10.4243562254661395 1.2000000000000000
vn 3.1413051153288403 -0.0425038056909448 3.1415927166061826
v 0.8016040030438248 10.8966691249588159 1.2000000000000000
vn 3.2177653394719496 -0.1339764434908728 -3.1383041540673422
v 0.9057963535551847 18.5971484755438539 0.9000000000000000
vn 3.1413051149597462 -0.0425038329679514 -3.1415930065979238
v 0.8433966135552934 13.9854105494581660 0.9000000000000000
vn 0.5376681790309237 1.8987272023329376 -2.7557747111629878
v -0.8195592000000000 21.0674132999999983 0.8544175000000001
vn 0.0000000000000000 -3.1415926535897931 -3.1415926535897931
v -0.1021828000000000 18.9248332999999995 1.2000000000000000
vn 3.1413051147381958 -0.0425038493424107 3.1415923538430475
v 0.8537458294647104 14.7502813545588616 1.2000000000000000
vn 0.0000000000000000 0.0000000000000000 -6.2831853071795853
v 0.7224194416137493 0.6872511782594374 -1.0000000000000000
vn 0.0000000000000000 0.0000000000000000 -6.2831853071795862
v -0.1251980620849175 8.4901260312472768 -1.0000000000000000
vn 1.8262509751412754 -0.4437024376235121 2.1778246385532998
v 0.3445953000000000 21.0143433000000002 1.1412260999999999
vn 0.5507956575053087 0.0418343911218260 0.0025501318949370
v 0.5767505111600415 19.7784770715446818 1.0338975169893359
vn 0.1676064521770571 -4.5931812654158470 1.3406263796134530
v -0.4940441000000000 22.0239924999999985 0.9783264000000000
vn -1.0588770496173388 1.0623578717951252 0.1686993424918622
v -0.6934060000000000 21.8621386999999991 0.9706107000000000
vn -0.0082397233097584 0.1457946655802411 1.4432379185400981
v 0.8568447996704353 20.8507674676277368 1.0072398723779088
vn -3.1413051148179068 0.0425038434492041 3.1415931480816961
v -0.8352386521086770 8.1845873441590911 1.2000000000000000
vn 1.0430302680333585 1.8393760683227338 -0.1280891051460166
v 1.3104049000000000 20.9553833000000012 1.0071257000000000
vn -0.2911343244917593 -6.0737588170190326 -0.2866387576904963
v 0.9188191000000000 20.8480339000000008 1.0209883000000000
vn -0.1603317222090731 0.4063202568829440 1.1724213037104600
v 0.6030483000000000 20.8841113999999983 1.0082854999999999
vn -0.7287836983287093 0.7710640371394466 0.3383026862669407
v -0.6041655000000000 22.0083808999999988 0.9772484000000000
vn 0.4786101750999583 1.6833749867000773 2.9040972043726812
v 0.5634766000000000 22.7787304000000006 1.1455462000000001
vn -1.2398883839285557 0.0581129071044603 1.2293750698108701
v 0.9853196000000000 21.8951321000000014 1.1549708999999999
vn 0.2971014996311744 -3.3971088022277667 -1.3517063939872964
v 0.4976940000000000 22.5367297999999998 0.9158944000000000
vn 0.6158548355044060 0.0447662009031112 0.1513018321451234
v 0.6496966000000000 22.0375233000000001 1.0081159000000000
vn -1.3832432308327174 2.9951950404179577 -0.2054615560667122
v 1.4062836000000001 22.7164879000000006 1.0559862000000000
vn 0.1500080820598865 0.0776941964359219 -0.3738691325716160
v 0.7287636000000000 22.0007590999999998 1.0910413999999999
vn 1.1097115975396017 0.8998338776339198 -1.6322810055661929
v 0.8229657000000000 22.7607536000000010 0.8685433000000000
vn -1.5236081579151981 -0.4191705870773528 1.6440124315056177
v 1.1058360000000000 20.8369388999999998 1.0573071000000001
vn 0.6340660030027003 -1.1849291224018681 0.7463131992338649
v 1.0593281999999999 22.5916977000000010 1.1731744000000000
vn -0.0657671280088997 5.9401512853257605 -1.2850823586366980
v 1.0647149000000000 20.8297519999999992 1.0263066000000001
vn -0.8083162867371778 2.1174399741165497 -1.2605870706347246
v 0.2224178000000000 21.1177807000000008 0.9579666000000000
vn -1.1734089578157678 -2.5863499410613420 0.0203482654520133
v -0.2137708000000000 21.7128581999999994 0.9917219000000000
# 1124 vertices, 0 vertices normals

f 2//2 10//10 1//1
f 10//10 2//2 9//9
f 9//9 2//2 3//3
f 9//9 3//3 15//15
f 15//15 3//3 4//4
f 14//14 15//15 4//4
f 5//5 14//14 4//4
f 14//14 5//5 6//6
f 14//14 6//6 13//13
f 13//13 6//6 7//7
f 13//13 7//7 12//12
f 12//12 7//7 8//8
f 12//12 8//8 11//11
f 11//11 8//8 1//1
f 65//65 73//73 64//64
f 73//73 65//65 72//72
f 72//72 65//65 66//66
f 72//72 66//66 78//78
f 78//78 66//66 67//67
f 78//78 67//67 77//77
f 77//77 67//67 68//68
f 77//77 68//68 69//69
f 77//77 69//69 76//76
f 76//76 69//69 70//70
f 76//76 70//70 75//75
f 75//75 70//70 71//71
f 75//75 71//71 74//74
f 74//74 71//71 64//64
f 96//96 104//104 95//95
f 104//104 96//96 103//103
f 103//103 96//96 97//97
f 103//103 97//97 109//109
f 109//109 97//97 98//98
f 109//109 98//98 108//108
f 108//108 98//98 99//99
f 108//108 99//99 100//100
f 108//108 100//100 107//107
f 107//107 100//100 101//101
f 107//107 101//101 106//106
f 106//106 101//101 102//102
f 106//106 102//102 105//105
f 105//105 102//102 95//95
f 111//111 105//105 110//110
f 105//105 111//111 112//112
f 106//106 105//105 112//112
f 106//106 112//112 107//107
f 107//107 112//112 113//113
f 107//107 113//113 108//108
f 108//108 113//113 114//114
f 108//108 114//114 115//115
f 108//108 115//115 109//109
f 109//109 115//115 116//116
f 109//109 116//116 103//103
f 103//103 116//116 117//117
f 103//103 117//117 104//104
f 104//104 117//117 110//110
f 135//135 143//143 134//134
f 134//134 143//143 139//139
f 138//138 139//139 140//140
f 138//138 134//134 139//139
f 138//138 140//140 137//137
f 137//137 140//140 141//141
f 137//137 141//141 136//136
f 136//136 141//141 142//142
f 135//135 136//136 143//143
f 143//143 136//136 142//142
f 144//144 145//145 149//149
f 153//153 145//145 146//146
f 152//152 147//147 151//151
f 157//157 167//167 156//156
f 171//171 74//74 170//170
f 74//74 171//171 172//172
f 75//75 74//74 172//172
f 75//75 172//172 173//173
f 76//76 75//75 173//173
f 76//76 173//173 174//174
f 77//77 76//76 174//174
f 77//77 174//174 175//175
f 77//77 175//175 78//78
f 78//78 175//175 176//176
f 78//78 176//176 72//72
f 72//72 176//176 177//177
f 72//72 177//177 73//73
f 73//73 177//177 170//170
f 149//149 153//153 182//182
f 178//178 149//149 182//182
f 149//149 178//178 150//150
f 150//150 178//178 179//179
f 150//150 179//179 151//151
f 151//151 179//179 180//180
f 151//151 180//180 152//152
f 152//152 180//180 181//181
f 153//153 181//181 182//182
f 153//153 152//152 181//181
f 207//207 58//58 57//57
f 58//58 218//218 59//59
f 28//28 815//815 183//183
f 56//56 813//813 918//918
f 218//218 58//58 687//687
f 185//185 11//11 184//184
f 11//11 185//185 12//12
f 12//12 185//185 186//186
f 12//12 186//186 13//13
f 13//13 186//186 187//187
f 14//14 187//187 188//188
f 14//14 13//13 187//187
f 189//189 14//14 188//188
f 15//15 14//14 189//189
f 9//9 15//15 190//190
f 15//15 189//189 190//190
f 10//10 9//9 191//191
f 9//9 190//190 191//191
f 10//10 191//191 184//184
f 125//125 124//124 857//857
f 331//331 124//124 123//123
f 197//197 206//206 202//202
f 206//206 198//198 199//199
f 205//205 200//200 204//204
f 687//687 211//211 688//688
f 688//688 855//855 64//64
f 325//325 170//170 177//177
f 171//171 170//170 854//854
f 692//692 220//220 225//225
f 221//221 224//224 220//220
f 238//238 246//246 237//237
f 237//237 246//246 242//242
f 237//237 242//242 241//241
f 241//241 242//242 243//243
f 241//241 243//243 240//240
f 240//240 243//243 244//244
f 240//240 244//244 239//239
f 239//239 244//244 245//245
f 238//238 245//245 246//246
f 238//238 239//239 245//245
f 202//202 259//259 255//255
f 202//202 206//206 259//259
f 202//202 255//255 203//203
f 203//203 255//255 256//256
f 203//203 256//256 204//204
f 204//204 256//256 257//257
f 204//204 257//257 258//258
f 205//205 204//204 258//258
f 205//205 258//258 259//259
f 206//206 205//205 259//259
f 260//260 135//135 134//134
f 135//135 261//261 262//262
f 262//262 263//263 137//137
f 132//132 35//35 34//34
f 278//278 279//279 273//273
f 278//278 273//273 277//277
f 276//276 277//277 698//698
f 290//290 283//283 289//289
f 289//289 284//284 288//288
f 238//238 294//294 239//239
f 239//239 295//295 240//240
f 213//213 64//64 71//71
f 707//707 95//95 102//102
f 7//7 6//6 706//706
f 902//902 69//69 68//68
f 67//67 2//2 68//68
f 65//65 64//64 855//855
f 286//286 306//306 302//302
f 286//286 290//290 306//306
f 286//286 302//302 287//287
f 287//287 302//302 303//303
f 287//287 303//303 288//288
f 288//288 303//303 304//304
f 288//288 304//304 289//289
f 289//289 304//304 305//305
f 290//290 289//289 305//305
f 306//306 290//290 305//305
f 170//170 325//325 712//712
f 712//712 329//329 332//332
f 348//348 341//341 347//347
f 347//347 342//342 346//346
f 1104//1104 309//309 310//310
f 354//354 355//355 391//391
f 306//306 942//942 302//302
f 302//302 245//245 244//244
f 938//938 365//365 366//366
f 939//939 303//303 302//302
f 179//179 940//940 180//180
f 180//180 940//940 255//255
f 180//180 255//255 181//181
f 853//853 255//255 259//259
f 181//181 255//255 853//853
f 143//143 943//943 139//139
f 361//361 358//358 941//941
f 361//361 941//941 139//139
f 141//141 830//830 178//178
f 141//141 178//178 142//142
f 832//832 178//178 182//182
f 363//363 831//831 362//362
f 362//362 305//305 304//304
f 716//716 258//258 242//242
f 246//246 716//716 242//242
f 242//242 258//258 257//257
f 243//243 242//242 257//257
f 715//715 257//257 256//256
f 360//360 364//364 365//365
f 365//365 938//938 360//360
f 942//942 245//245 302//302
f 852//852 364//364 360//360
f 344//344 363//363 362//362
f 344//344 348//348 363//363
f 344//344 362//362 345//345
f 345//345 362//362 366//366
f 346//346 366//366 365//365
f 346//346 345//345 366//366
f 346//346 365//365 347//347
f 347//347 365//365 364//364
f 348//348 364//364 363//363
f 348//348 347//347 364//364
f 360//360 359//359 375//375
f 387//387 388//388 719//719
f 385//385 723//723 724//724
f 384//384 385//385 834//834
f 381//381 730//730 732//732
f 309//309 220//220 219//219
f 391//391 1104//1104 392//392
f 199//199 735//735 200//200
f 292//292 296//296 735//735
f 292//292 199//199 717//717
f 717//717 199//199 198//198
f 262//262 1073//1073 144//144
f 262//262 144//144 263//263
f 264//264 950//950 260//260
f 260//260 394//394 373//373
f 260//260 373//373 261//261
f 342//342 947//947 343//343
f 295//295 281//281 948//948
f 281//281 295//295 294//294
f 281//281 294//294 851//851
f 851//851 294//294 293//293
f 372//372 341//341 944//944
f 833//833 282//282 851//851
f 339//339 837//837 284//284
f 833//833 339//339 283//283
f 339//339 284//284 283//283
f 833//833 283//283 282//282
f 197//197 201//201 949//949
f 198//198 146//146 945//945
f 945//945 146//146 145//145
f 735//735 199//199 292//292
f 950//950 264//264 263//263
f 197//197 949//949 147//147
f 947//947 342//342 375//375
f 341//341 372//372 342//342
f 372//372 375//375 342//342
f 944//944 341//341 340//340
f 724//724 397//397 398//398
f 399//399 400//400 726//726
f 400//400 727//727 726//726
f 402//402 407//407 408//408
f 409//409 392//392 415//415
f 393//393 415//415 392//392
f 417//417 410//410 416//416
f 419//419 409//409 418//418
f 410//410 414//414 390//390
f 390//390 414//414 403//403
f 419//419 418//418 421//421
f 421//421 418//418 420//420
f 423//423 422//422 416//416
f 416//416 422//422 417//417
f 409//409 415//415 418//418
f 418//418 415//415 420//420
f 414//414 410//410 422//422
f 422//422 410//410 417//417
f 429//429 425//425 428//428
f 426//426 427//427 428//428
f 425//425 430//430 424//424
f 425//425 429//429 430//430
f 426//426 428//428 425//425
f 443//443 444//444 432//432
f 444//444 431//431 432//432
f 443//443 432//432 433//433
f 443//443 433//433 442//442
f 442//442 433//433 434//434
f 441//441 434//434 435//435
f 442//442 434//434 441//441
f 441//441 435//435 436//436
f 441//441 436//436 447//447
f 447//447 436//436 437//437
f 447//447 437//437 52//52
f 52//52 437//437 438//438
f 446//446 438//438 439//439
f 52//52 438//438 446//446
f 445//445 439//439 440//440
f 446//446 439//439 445//445
f 445//445 440//440 431//431
f 444//444 445//445 431//431
f 439//439 741//741 742//742
f 742//742 457//457 440//440
f 457//457 458//458 448//448
f 452//452 458//458 453//453
f 453//453 458//458 454//454
f 454//454 458//458 455//455
f 456//456 458//458 457//457
f 448//448 458//458 449//449
f 449//449 458//458 450//450
f 450//450 458//458 451//451
f 451//451 458//458 452//452
f 455//455 458//458 456//456
f 459//459 460//460 463//463
f 466//466 464//464 465//465
f 459//459 463//463 464//464
f 467//467 464//464 466//466
f 459//459 464//464 467//467
f 461//461 463//463 460//460
f 462//462 463//463 461//461
f 477//477 468//468 482//482
f 468//468 481//481 482//482
f 468//468 469//469 481//481
f 481//481 469//469 480//480
f 480//480 469//469 470//470
f 480//480 470//470 471//471
f 480//480 471//471 479//479
f 478//478 471//471 472//472
f 478//478 479//479 471//471
f 486//486 472//472 473//473
f 478//478 472//472 486//486
f 486//486 473//473 474//474
f 486//486 474//474 485//485
f 485//485 474//474 475//475
f 484//484 475//475 476//476
f 485//485 475//475 484//484
f 483//483 476//476 477//477
f 484//484 476//476 483//483
f 482//482 483//483 477//477
f 743//743 477//477 744//744
f 744//744 473//473 745//745
f 491//491 745//745 743//743
f 491//491 490//490 497//497
f 490//490 489//489 497//497
f 489//489 488//488 497//497
f 491//491 497//497 492//492
f 492//492 497//497 493//493
f 493//493 497//497 494//494
f 495//495 497//497 496//496
f 496//496 497//497 487//487
f 487//487 497//497 488//488
f 494//494 497//497 495//495
f 505//505 503//503 504//504
f 506//506 502//502 505//505
f 498//498 500//500 507//507
f 506//506 501//501 502//502
f 500//500 498//498 499//499
f 502//502 503//503 505//505
f 501//501 507//507 500//500
f 501//501 506//506 507//507
f 517//517 522//522 523//523
f 508//508 521//521 522//522
f 508//508 509//509 521//521
f 509//509 510//510 520//520
f 509//509 520//520 521//521
f 510//510 511//511 519//519
f 520//520 510//510 519//519
f 519//519 511//511 512//512
f 519//519 512//512 518//518
f 518//518 512//512 513//513
f 525//525 513//513 514//514
f 525//525 518//518 513//513
f 525//525 514//514 515//515
f 525//525 515//515 524//524
f 524//524 515//515 516//516
f 524//524 516//516 523//523
f 523//523 516//516 517//517
f 522//522 517//517 508//508
f 516//516 749//749 750//750
f 750//750 534//534 751//751
f 517//517 751//751 749//749
f 535//535 536//536 526//526
f 530//530 536//536 531//531
f 531//531 536//536 532//532
f 532//532 536//536 533//533
f 534//534 536//536 535//535
f 526//526 536//536 527//527
f 527//527 536//536 528//528
f 528//528 536//536 529//529
f 529//529 536//536 530//530
f 533//533 536//536 534//534
f 542//542 537//537 541//541
f 543//543 544//544 542//542
f 542//542 544//544 537//537
f 541//541 537//537 538//538
f 540//540 541//541 538//538
f 540//540 538//538 539//539
f 552//552 550//550 551//551
f 545//545 548//548 552//552
f 550//550 552//552 549//549
f 547//547 545//545 546//546
f 549//549 552//552 548//548
f 548//548 545//545 547//547
f 553//553 554//554 559//559
f 560//560 553//553 559//559
f 561//561 553//553 560//560
f 555//555 558//558 554//554
f 554//554 558//558 559//559
f 555//555 557//557 558//558
f 557//557 555//555 556//556
f 562//562 565//565 571//571
f 571//571 565//565 570//570
f 569//569 566//566 567//567
f 569//569 567//567 568//568
f 570//570 566//566 569//569
f 566//566 570//570 565//565
f 564//564 562//562 563//563
f 565//565 562//562 564//564
f 576//576 573//573 575//575
f 577//577 1123//1123 576//576
f 576//576 1123//1123 573//573
f 573//573 574//574 575//575
f 583//583 1109//1109 582//582
f 1109//1109 580//580 581//581
f 1109//1109 581//581 582//582
f 580//580 1109//1109 579//579
f 587//587 586//586 589//589
f 589//589 586//586 588//588
f 591//591 590//590 584//584
f 584//584 590//590 585//585
f 595//595 594//594 597//597
f 597//597 594//594 596//596
f 599//599 598//598 592//592
f 592//592 598//598 593//593
f 603//603 602//602 605//605
f 605//605 602//602 604//604
f 607//607 606//606 600//600
f 600//600 606//606 601//601
f 611//611 610//610 613//613
f 613//613 610//610 612//612
f 615//615 614//614 608//608
f 608//608 614//614 609//609
f 619//619 618//618 621//621
f 621//621 618//618 620//620
f 623//623 622//622 616//616
f 616//616 622//622 617//617
f 627//627 626//626 629//629
f 629//629 626//626 628//628
f 631//631 630//630 624//624
f 624//624 630//630 625//625
f 635//635 634//634 637//637
f 637//637 634//634 636//636
f 639//639 638//638 633//633
f 632//632 639//639 633//633
f 643//643 642//642 645//645
f 645//645 642//642 644//644
f 647//647 646//646 640//640
f 640//640 646//646 641//641
f 651//651 650//650 653//653
f 653//653 650//650 652//652
f 655//655 654//654 648//648
f 648//648 654//654 649//649
f 659//659 658//658 661//661
f 661//661 658//658 660//660
f 663//663 662//662 656//656
f 656//656 662//662 657//657
f 667//667 666//666 669//669
f 669//669 666//666 668//668
f 671//671 670//670 664//664
f 664//664 670//670 665//665
f 675//675 674//674 677//677
f 677//677 674//674 676//676
f 679//679 678//678 672//672
f 672//672 678//678 673//673
f 145//145 153//153 149//149
f 144//144 149//149 150//150
f 144//144 150//150 148//148
f 151//151 148//148 150//150
f 146//146 152//152 153//153
f 152//152 146//146 147//147
f 680//680 87//87 94//94
f 919//919 31//31 30//30
f 31//31 919//919 24//24
f 687//687 58//58 207//207
f 90//90 920//920 91//91
f 59//59 921//921 60//60
f 218//218 921//921 59//59
f 275//275 919//919 30//30
f 29//29 698//698 30//30
f 698//698 29//29 183//183
f 28//28 183//183 29//29
f 698//698 275//275 30//30
f 27//27 26//26 93//93
f 28//28 27//27 815//815
f 815//815 92//92 681//681
f 25//25 680//680 26//26
f 24//24 814//814 25//25
f 56//56 63//63 813//813
f 813//813 63//63 88//88
f 57//57 56//56 918//918
f 89//89 88//88 62//62
f 63//63 62//62 88//88
f 61//61 920//920 90//90
f 61//61 89//89 62//62
f 60//60 920//920 61//61
f 162//162 169//169 816//816
f 41//41 40//40 682//682
f 162//162 816//816 922//922
f 817//817 40//40 47//47
f 125//125 857//857 118//118
f 42//42 682//682 168//168
f 682//682 42//42 41//41
f 167//167 683//683 168//168
f 166//166 819//819 167//167
f 168//168 43//43 42//42
f 165//165 692//692 226//226
f 164//164 692//692 165//165
f 163//163 692//692 164//164
f 162//162 922//922 163//163
f 122//122 121//121 818//818
f 44//44 818//818 45//45
f 122//122 818//818 923//923
f 46//46 45//45 120//120
f 120//120 119//119 46//46
f 119//119 817//817 47//47
f 119//119 47//47 46//46
f 118//118 817//817 119//119
f 820//820 235//235 193//193
f 193//193 194//194 196//196
f 198//198 206//206 197//197
f 197//197 202//202 201//201
f 202//202 203//203 201//201
f 204//204 200//200 203//203
f 199//199 205//205 206//206
f 205//205 199//199 200//200
f 218//218 687//687 217//217
f 208//208 687//687 207//207
f 217//217 687//687 216//216
f 209//209 687//687 208//208
f 216//216 687//687 215//215
f 210//210 687//687 209//209
f 211//211 687//687 210//210
f 215//215 687//687 214//214
f 688//688 214//214 687//687
f 212//212 688//688 211//211
f 214//214 688//688 213//213
f 855//855 688//688 212//212
f 64//64 213//213 688//688
f 924//924 175//175 821//821
f 689//689 190//190 189//189
f 222//222 114//114 223//223
f 113//113 223//223 114//114
f 112//112 822//822 113//113
f 191//191 691//691 184//184
f 185//185 691//691 926//926
f 691//691 185//185 184//184
f 691//691 174//174 173//173
f 691//691 821//821 174//174
f 190//190 821//821 191//191
f 174//174 821//821 175//175
f 116//116 925//925 117//117
f 117//117 188//188 110//110
f 111//111 110//110 188//188
f 111//111 188//188 187//187
f 112//112 111//111 822//822
f 856//856 115//115 114//114
f 220//220 692//692 219//219
f 692//692 225//225 226//226
f 224//224 225//225 220//220
f 223//223 221//221 222//222
f 224//224 221//221 223//223
f 114//114 222//222 856//856
f 973//973 79//79 86//86
f 972//972 18//18 17//17
f 20//20 969//969 21//21
f 21//21 969//969 1067//1067
f 81//81 969//969 82//82
f 22//22 21//21 1067//1067
f 23//23 22//22 1067//1067
f 969//969 81//81 1067//1067
f 927//927 80//80 79//79
f 49//49 973//973 50//50
f 84//84 930//930 51//51
f 83//83 968//968 84//84
f 20//20 19//19 1058//1058
f 18//18 1058//1058 19//19
f 261//261 135//135 260//260
f 260//260 134//134 264//264
f 134//134 138//138 264//264
f 137//137 264//264 138//138
f 262//262 136//136 135//135
f 136//136 262//262 137//137
f 155//155 1061//1061 156//156
f 156//156 932//932 157//157
f 35//35 971//971 36//36
f 159//159 158//158 1059//1059
f 129//129 128//128 933//933
f 270//270 267//267 1059//1059
f 131//131 35//35 132//132
f 272//272 273//273 279//279
f 274//274 277//277 273//273
f 698//698 274//274 275//275
f 274//274 698//698 277//277
f 276//276 698//698 183//183
f 233//233 694//694 699//699
f 282//282 286//286 281//281
f 286//286 282//282 290//290
f 281//281 287//287 285//285
f 287//287 281//281 286//286
f 288//288 285//285 287//287
f 290//290 282//282 283//283
f 284//284 289//289 283//283
f 293//293 237//237 292//292
f 237//237 293//293 238//238
f 292//292 241//241 296//296
f 241//241 292//292 237//237
f 240//240 296//296 241//241
f 238//238 293//293 294//294
f 295//295 239//239 294//294
f 271//271 97//97 828//828
f 936//936 2//2 67//67
f 272//272 279//279 271//271
f 271//271 99//99 98//98
f 99//99 271//271 279//279
f 97//97 271//271 98//98
f 100//100 279//279 101//101
f 102//102 1063//1063 707//707
f 4//4 828//828 5//5
f 707//707 96//96 95//95
f 828//828 4//4 705//705
f 6//6 707//707 706//706
f 707//707 6//6 5//5
f 101//101 1063//1063 102//102
f 279//279 100//100 99//99
f 7//7 902//902 8//8
f 902//902 937//937 69//69
f 8//8 902//902 68//68
f 2//2 1//1 68//68
f 66//66 936//936 67//67
f 310//310 309//309 270//270
f 309//309 267//267 270//270
f 233//233 311//311 312//312
f 710//710 314//314 301//301
f 854//854 712//712 336//336
f 712//712 854//854 170//170
f 336//336 712//712 335//335
f 326//326 712//712 325//325
f 335//335 712//712 334//334
f 327//327 712//712 326//326
f 328//328 712//712 327//327
f 334//334 712//712 333//333
f 329//329 712//712 328//328
f 333//333 712//712 332//332
f 330//330 332//332 329//329
f 857//857 332//332 330//330
f 301//301 711//711 708//708
f 340//340 344//344 339//339
f 344//344 340//340 348//348
f 339//339 345//345 343//343
f 345//345 339//339 344//344
f 346//346 343//343 345//345
f 348//348 340//340 341//341
f 342//342 347//347 341//341
f 351//351 713//713 1102//1102
f 391//391 355//355 309//309
f 362//362 304//304 829//829
f 938//938 366//366 829//829
f 257//257 715//715 243//243
f 940//940 179//179 830//830
f 306//306 305//305 831//831
f 306//306 831//831 942//942
f 142//142 832//832 943//943
f 258//258 716//716 259//259
f 368//368 369//369 367//367
f 352//352 367//367 369//369
f 854//854 213//213 937//937
f 216//216 229//229 217//217
f 929//929 218//218 229//229
f 277//277 276//276 337//337
f 276//276 232//232 337//337
f 223//223 278//278 337//337
f 337//337 278//278 277//277
f 337//337 310//310 224//224
f 223//223 337//337 224//224
f 310//310 225//225 224//224
f 225//225 310//310 270//270
f 226//226 225//225 270//270
f 269//269 332//332 331//331
f 230//230 785//785 704//704
f 279//279 278//278 223//223
f 356//356 353//353 337//337
f 310//310 337//337 353//353
f 375//375 372//372 360//360
f 387//387 719//719 721//721
f 387//387 721//721 720//720
f 386//386 720//720 722//722
f 386//386 378//378 723//723
f 724//724 723//723 378//378
f 385//385 724//724 834//834
f 384//384 834//834 725//725
f 725//725 726//726 383//383
f 726//726 725//725 834//834
f 382//382 729//729 728//728
f 379//379 381//381 732//732
f 381//381 379//379 380//380
f 271//271 856//856 222//222
f 272//272 222//222 221//221
f 273//273 272//272 355//355
f 273//273 355//355 274//274
f 274//274 355//355 231//231
f 355//355 272//272 221//221
f 355//355 221//221 309//309
f 220//220 309//309 221//221
f 219//219 267//267 309//309
f 827//827 922//922 816//816
f 330//330 329//329 734//734
f 734//734 329//329 328//328
f 1104//1104 393//393 392//392
f 285//285 284//284 837//837
f 285//285 837//837 948//948
f 144//144 838//838 263//263
f 339//339 833//833 340//340
f 197//197 146//146 198//198
f 144//144 148//148 838//838
f 396//396 719//719 395//395
f 719//719 396//396 721//721
f 721//721 396//396 397//397
f 721//721 397//397 722//722
f 722//722 397//397 378//378
f 378//378 397//397 724//724
f 401//401 727//727 400//400
f 729//729 401//401 731//731
f 402//402 731//731 401//401
f 731//731 402//402 732//732
f 732//732 402//402 379//379
f 404//404 405//405 395//395
f 395//395 317//317 396//396
f 401//401 311//311 402//402
f 311//311 320//320 903//903
f 319//319 736//736 903//903
f 394//394 361//361 373//373
f 361//361 394//394 358//358
f 723//723 385//385 307//307
f 730//730 381//381 297//297
f 388//388 370//370 376//376
f 411//411 389//389 412//412
f 420//420 415//415 421//421
f 842//842 738//738 841//841
f 844//844 965//965 841//841
f 440//440 741//741 431//431
f 448//448 741//741 457//457
f 449//449 741//741 448//448
f 431//431 741//741 432//432
f 450//450 741//741 449//449
f 432//432 741//741 433//433
f 451//451 741//741 450//450
f 433//433 741//741 434//434
f 452//452 741//741 451//451
f 434//434 741//741 435//435
f 453//453 741//741 452//452
f 435//435 741//741 436//436
f 454//454 741//741 453//453
f 436//436 741//741 437//437
f 455//455 741//741 454//454
f 437//437 741//741 438//438
f 456//456 741//741 455//455
f 438//438 741//741 439//439
f 741//741 456//456 742//742
f 457//457 742//742 456//456
f 439//439 742//742 440//440
f 477//477 743//743 468//468
f 487//487 743//743 496//496
f 488//488 743//743 487//487
f 468//468 743//743 469//469
f 489//489 743//743 488//488
f 469//469 743//743 470//470
f 490//490 743//743 489//489
f 470//470 743//743 471//471
f 491//491 743//743 490//490
f 471//471 743//743 472//472
f 472//472 743//743 473//473
f 492//492 745//745 491//491
f 744//744 496//496 743//743
f 476//476 744//744 477//477
f 496//496 744//744 495//495
f 475//475 744//744 476//476
f 495//495 744//744 494//494
f 474//474 744//744 475//475
f 494//494 744//744 493//493
f 473//473 744//744 474//474
f 493//493 744//744 745//745
f 745//745 492//492 493//493
f 745//745 473//473 743//743
f 1098//1098 747//747 845//845
f 792//792 747//747 1072//1072
f 1098//1098 518//518 846//846
f 845//845 748//748 846//846
f 791//791 748//748 792//792
f 517//517 749//749 508//508
f 526//526 749//749 535//535
f 527//527 749//749 526//526
f 508//508 749//749 509//509
f 509//509 749//749 510//510
f 528//528 749//749 527//527
f 510//510 749//749 511//511
f 529//529 749//749 528//528
f 511//511 749//749 512//512
f 530//530 749//749 529//529
f 512//512 749//749 513//513
f 531//531 749//749 530//530
f 513//513 749//749 514//514
f 532//532 749//749 531//531
f 514//514 749//749 515//515
f 533//533 749//749 532//532
f 515//515 749//749 516//516
f 534//534 749//749 533//533
f 749//749 534//534 750//750
f 516//516 750//750 517//517
f 751//751 517//517 750//750
f 751//751 535//535 749//749
f 535//535 751//751 534//534
f 1113//1113 544//544 543//543
f 1115//1115 753//753 1113//1113
f 795//795 1111//1111 1103//1103
f 1109//1109 583//583 848//848
f 864//864 996//996 1036//1036
f 867//867 999//999 1038//1038
f 870//870 1002//1002 1040//1040
f 872//872 1005//1005 909//909
f 875//875 1008//1008 1042//1042
f 878//878 1011//1011 1044//1044
f 881//881 1014//1014 1046//1046
f 883//883 1016//1016 885//885
f 885//885 1018//1018 913//913
f 887//887 1020//1020 889//889
f 889//889 1022//1022 914//914
f 891//891 1024//1024 893//893
f 893//893 1026//1026 915//915
f 895//895 1028//1028 897//897
f 897//897 1030//1030 916//916
f 899//899 1032//1032 1034//1034
f 901//901 1034//1034 1056//1056
f 32//32 33//33 47//47
f 118//118 119//119 133//133
f 683//683 167//167 819//819
f 818//818 44//44 683//683
f 689//689 821//821 190//190
f 85//85 973//973 86//86
f 155//155 154//154 827//827
f 971//971 970//970 36//36
f 127//127 126//126 826//826
f 33//33 133//133 132//132
f 828//828 96//96 5//5
f 311//311 233//233 699//699
f 233//233 710//710 693//693
f 1101//1101 703//703 254//254
f 939//939 302//302 244//244
f 715//715 939//939 243//243
f 830//830 140//140 941//941
f 181//181 853//853 182//182
f 178//178 832//832 142//142
f 821//821 689//689 705//705
f 262//262 261//261 1073//1073
f 947//947 837//837 343//343
f 147//147 146//146 197//197
f 944//944 340//340 833//833
f 282//282 281//281 851//851
f 292//292 1084//1084 293//293
f 739//739 788//788 738//738
f 1068//1068 789//789 788//788
f 740//740 790//790 1068//1068
f 738//738 788//788 740//740
f 748//748 791//791 746//746
f 753//753 1121//1121 752//752
f 752//752 793//793 754//754
f 796//796 906//906 1036//1036
f 797//797 907//907 1038//1038
f 798//798 908//908 1040//1040
f 1041//1041 952//952 909//909
f 800//800 910//910 1042//1042
f 801//801 911//911 1044//1044
f 802//802 912//912 1046//1046
f 804//804 913//913 1048//1048
f 806//806 914//914 1050//1050
f 808//808 915//915 1052//1052
f 810//810 916//916 1054//1054
f 812//812 917//917 1056//1056
f 158//158 166//166 157//157
f 919//919 814//814 24//24
f 93//93 26//26 94//94
f 921//921 920//920 60//60
f 681//681 91//91 920//920
f 27//27 93//93 815//815
f 92//92 91//91 681//681
f 90//90 89//89 61//61
f 88//88 87//87 813//813
f 57//57 918//918 207//207
f 816//816 169//169 682//682
f 692//692 922//922 219//219
f 922//922 692//692 163//163
f 682//682 169//169 168//168
f 40//40 817//817 682//682
f 857//857 817//817 118//118
f 166//166 165//165 819//819
f 226//226 819//819 165//165
f 121//121 120//120 818//818
f 45//45 818//818 120//120
f 123//123 923//923 331//331
f 923//923 123//123 122//122
f 43//43 683//683 44//44
f 684//684 195//195 194//194
f 684//684 192//192 195//195
f 694//694 192//192 684//684
f 192//192 694//694 693//693
f 325//325 177//177 924//924
f 689//689 189//189 925//925
f 925//925 116//116 856//856
f 115//115 856//856 116//116
f 188//188 925//925 189//189
f 690//690 186//186 926//926
f 185//185 926//926 186//186
f 926//926 173//173 172//172
f 926//926 172//172 854//854
f 177//177 176//176 924//924
f 111//111 187//187 690//690
f 187//187 186//186 690//690
f 927//927 23//23 1067//1067
f 973//973 49//49 928//928
f 973//973 85//85 50//50
f 967//967 929//929 53//53
f 1058//1058 969//969 20//20
f 930//930 84//84 968//968
f 228//228 974//974 929//929
f 53//53 929//929 54//54
f 54//54 929//929 974//974
f 55//55 54//54 974//974
f 693//693 694//694 233//233
f 236//236 234//234 695//695
f 695//695 234//234 235//235
f 695//695 235//235 820//820
f 38//38 932//932 1061//1061
f 37//37 932//932 38//38
f 1059//1059 158//158 970//970
f 1060//1060 971//971 131//131
f 1060//1060 131//131 130//130
f 130//130 129//129 933//933
f 159//159 1059//1059 160//160
f 33//33 934//934 133//133
f 126//126 133//133 934//934
f 33//33 32//32 934//934
f 33//33 132//132 34//34
f 934//934 826//826 126//126
f 934//934 32//32 1061//1061
f 39//39 38//38 1061//1061
f 131//131 971//971 35//35
f 127//127 268//268 128//128
f 1070//1070 699//699 694//694
f 280//280 699//699 1070//1070
f 709//709 700//700 701//701
f 700//700 234//234 701//701
f 828//828 97//97 96//96
f 705//705 3//3 936//936
f 2//2 936//936 3//3
f 936//936 66//66 855//855
f 213//213 71//71 937//937
f 279//279 1063//1063 101//101
f 1063//1063 706//706 707//707
f 4//4 3//3 705//705
f 8//8 68//68 1//1
f 71//71 70//70 937//937
f 700//700 709//709 300//300
f 313//313 710//710 312//312
f 315//315 301//301 314//314
f 316//316 711//711 315//315
f 324//324 317//317 318//318
f 338//338 711//711 324//324
f 711//711 338//338 708//708
f 338//338 323//323 357//357
f 338//338 324//324 323//323
f 938//938 359//359 360//360
f 829//829 304//304 303//303
f 829//829 303//303 939//939
f 715//715 256//256 940//940
f 830//830 179//179 178//178
f 830//830 141//141 140//140
f 246//246 942//942 716//716
f 942//942 246//246 245//245
f 831//831 363//363 852//852
f 363//363 364//364 852//852
f 182//182 853//853 832//832
f 143//143 142//142 943//943
f 335//335 785//785 336//336
f 213//213 336//336 214//214
f 214//214 785//785 215//215
f 850//850 215//215 785//785
f 229//229 216//216 850//850
f 232//232 276//276 1058//1058
f 333//333 269//269 704//704
f 785//785 335//335 704//704
f 336//336 785//785 214//214
f 704//704 335//335 334//334
f 854//854 937//937 926//926
f 374//374 321//321 1070//1070
f 321//321 374//374 322//322
f 718//718 322//322 374//374
f 323//323 322//322 718//718
f 388//388 377//377 719//719
f 382//382 727//727 729//729
f 730//730 731//731 732//732
f 271//271 828//828 856//856
f 210//210 733//733 211//211
f 211//211 733//733 212//212
f 325//325 733//733 326//326
f 268//268 734//734 935//935
f 835//835 328//328 327//327
f 935//935 835//835 227//227
f 326//326 835//835 327//327
f 835//835 326//326 733//733
f 325//325 212//212 733//733
f 694//694 708//708 946//946
f 1104//1104 353//353 393//393
f 296//296 295//295 948//948
f 285//285 948//948 281//281
f 148//148 147//147 949//949
f 201//201 735//735 949//949
f 263//263 838//838 950//950
f 292//292 717//717 1084//1084
f 377//377 395//395 719//719
f 724//724 398//398 834//834
f 727//727 401//401 729//729
f 903//903 402//402 311//311
f 319//319 903//903 320//320
f 318//318 736//736 319//319
f 387//387 350//350 371//371
f 720//720 350//350 387//387
f 386//386 307//307 720//720
f 720//720 307//307 350//350
f 385//385 964//964 307//307
f 977//977 383//383 265//265
f 382//382 265//265 383//383
f 265//265 382//382 728//728
f 728//728 297//297 265//265
f 730//730 297//297 728//728
f 247//247 702//702 248//248
f 356//356 737//737 353//353
f 430//430 841//841 424//424
f 441//441 790//790 442//442
f 841//841 430//430 842//842
f 788//788 1071//1071 790//790
f 429//429 842//842 430//430
f 428//428 842//842 429//429
f 738//738 842//842 843//843
f 842//842 428//428 427//427
f 789//789 445//445 444//444
f 426//426 965//965 427//427
f 739//739 843//843 844//844
f 444//444 1071//1071 789//789
f 445//445 789//789 446//446
f 446//446 789//789 52//52
f 790//790 52//52 789//789
f 1068//1068 844//844 740//740
f 52//52 790//790 447//447
f 447//447 790//790 441//441
f 740//740 841//841 738//738
f 841//841 740//740 844//844
f 518//518 1098//1098 519//519
f 519//519 1098//1098 520//520
f 507//507 979//979 498//498
f 506//506 979//979 507//507
f 505//505 979//979 506//506
f 845//845 521//521 520//520
f 520//520 1098//1098 845//845
f 521//521 845//845 522//522
f 504//504 792//792 505//505
f 979//979 505//505 792//792
f 502//502 792//792 503//503
f 791//791 499//499 979//979
f 746//746 846//846 748//748
f 846//846 746//746 1098//1098
f 525//525 846//846 518//518
f 499//499 791//791 500//500
f 500//500 791//791 501//501
f 524//524 846//846 525//525
f 846//846 524//524 845//845
f 501//501 792//792 502//502
f 792//792 501//501 791//791
f 523//523 845//845 524//524
f 522//522 845//845 523//523
f 545//545 1117//1117 546//546
f 544//544 1113//1113 537//537
f 793//793 547//547 1117//1117
f 546//546 1117//1117 547//547
f 752//752 1113//1113 753//753
f 542//542 1113//1113 543//543
f 1113//1113 542//542 1115//1115
f 548//548 794//794 549//549
f 541//541 1115//1115 542//542
f 549//549 794//794 550//550
f 540//540 1115//1115 541//541
f 1115//1115 540//540 539//539
f 1117//1117 551//551 550//550
f 550//550 794//794 1117//1117
f 539//539 847//847 1115//1115
f 538//538 847//847 539//539
f 551//551 1117//1117 552//552
f 552//552 1117//1117 545//545
f 537//537 847//847 538//538
f 847//847 537//537 1113//1113
f 754//754 1119//1119 752//752
f 578//578 1103//1103 572//572
f 577//577 1103//1103 578//578
f 576//576 1103//1103 577//577
f 1069//1069 755//755 1110//1110
f 575//575 795//795 576//576
f 1103//1103 576//576 795//795
f 573//573 795//795 574//574
f 1123//1123 572//572 1103//1103
f 572//572 1123//1123 577//577
f 577//577 578//578 572//572
f 795//795 573//573 1123//1123
f 582//582 848//848 583//583
f 584//584 983//983 862//862
f 756//756 864//864 994//994
f 906//906 995//995 864//864
f 796//796 756//756 994//994
f 591//591 862//862 757//757
f 951//951 592//592 984//984
f 758//758 867//867 997//997
f 907//907 998//998 867//867
f 797//797 758//758 997//997
f 760//760 599//599 865//865
f 761//761 870//870 1000//1000
f 908//908 1001//1001 870//870
f 798//798 761//761 1000//1000
f 607//607 868//868 763//763
f 764//764 872//872 1003//1003
f 909//909 1004//1004 872//872
f 799//799 764//764 952//952
f 615//615 871//871 799//799
f 953//953 616//616 985//985
f 766//766 875//875 1006//1006
f 910//910 1007//1007 875//875
f 800//800 766//766 1006//1006
f 768//768 623//623 873//873
f 954//954 624//624 986//986
f 769//769 878//878 1009//1009
f 911//911 1010//1010 878//878
f 801//801 769//769 1009//1009
f 771//771 631//631 876//876
f 772//772 881//881 1012//1012
f 912//912 1013//1013 881//881
f 802//802 772//772 1012//1012
f 639//639 632//632 774//774
f 640//640 988//988 955//955
f 883//883 885//885 1015//1015
f 913//913 1017//1017 885//885
f 804//804 883//883 956//956
f 955//955 882//882 776//776
f 648//648 989//989 957//957
f 887//887 889//889 1019//1019
f 914//914 1021//1021 889//889
f 806//806 887//887 958//958
f 957//957 886//886 778//778
f 656//656 990//990 959//959
f 891//891 893//893 1023//1023
f 915//915 1025//1025 893//893
f 808//808 891//891 960//960
f 959//959 890//890 780//780
f 664//664 991//991 961//961
f 895//895 897//897 1027//1027
f 916//916 1029//1029 897//897
f 810//810 895//895 962//962
f 961//961 894//894 782//782
f 899//899 901//901 1031//1031
f 917//917 1033//1033 901//901
f 812//812 899//899 963//963
f 679//679 672//672 784//784
f 121//121 131//131 132//132
f 325//325 924//924 855//855
f 691//691 173//173 926//926
f 823//823 229//229 850//850
f 824//824 972//972 16//16
f 48//48 55//55 974//974
f 128//128 268//268 933//933
f 932//932 156//156 1061//1061
f 827//827 1061//1061 155//155
f 268//268 935//935 269//269
f 301//301 708//708 300//300
f 710//710 313//313 314//314
f 391//391 309//309 1104//1104
f 259//259 716//716 853//853
f 942//942 833//833 851//851
f 832//832 853//853 945//945
f 336//336 213//213 854//854
f 785//785 230//230 850//850
f 279//279 223//223 822//822
f 382//382 383//383 727//727
f 726//726 727//727 383//383
f 730//730 728//728 731//731
f 729//729 731//731 728//728
f 814//814 824//824 927//927
f 212//212 325//325 855//855
f 1061//1061 827//827 816//816
f 735//735 201//201 200//200
f 834//834 399//399 726//726
f 406//406 736//736 405//405
f 395//395 736//736 318//318
f 410//410 1078//1078 409//409
f 748//748 845//845 747//747
f 979//979 1072//1072 791//791
f 1107//1107 848//848 1110//1110
f 1087//1087 1036//1036 996//996
f 1088//1088 1038//1038 759//759
f 1089//1089 1040//1040 762//762
f 1090//1090 1042//1042 767//767
f 1091//1091 1044//1044 770//770
f 1092//1092 1046//1046 773//773
f 803//803 1048//1048 775//775
f 805//805 1050//1050 777//777
f 807//807 1052//1052 779//779
f 809//809 1054//1054 781//781
f 811//811 1056//1056 783//783
f 196//196 194//194 195//195
f 229//229 823//823 228//228
f 230//230 704//704 227//227
f 704//704 269//269 935//935
f 266//266 297//297 299//299
f 849//849 322//322 323//323
f 693//693 710//710 993//993
f 291//291 703//703 1101//1101
f 685//685 1101//1101 252//252
f 717//717 716//716 1084//1084
f 852//852 944//944 831//831
f 923//923 1060//1060 933//933
f 835//835 935//935 328//328
f 403//403 356//356 390//390
f 407//407 402//402 903//903
f 356//356 403//403 414//414
f 410//410 409//409 419//419
f 793//793 1117//1117 754//754
f 581//581 848//848 582//582
f 756//756 862//862 863//863
f 863//863 996//996 756//756
f 757//757 796//796 1087//1087
f 1036//1036 1087//1087 796//796
f 862//862 756//756 757//757
f 758//758 865//865 759//759
f 866//866 759//759 865//865
f 760//760 797//797 1088//1088
f 1038//1038 1088//1088 797//797
f 760//760 865//865 797//797
f 761//761 868//868 762//762
f 869//869 762//762 868//868
f 1089//1089 798//798 1040//1040
f 798//798 1089//1089 763//763
f 868//868 761//761 763//763
f 764//764 871//871 765//765
f 609//609 765//765 871//871
f 871//871 764//764 799//799
f 766//766 873//873 767//767
f 874//874 767//767 873//873
f 768//768 800//800 1090//1090
f 1042//1042 1090//1090 800//800
f 768//768 873//873 800//800
f 769//769 876//876 770//770
f 877//877 770//770 876//876
f 771//771 801//801 1091//1091
f 1044//1044 1091//1091 801//801
f 771//771 876//876 801//801
f 772//772 879//879 773//773
f 880//880 773//773 879//879
f 774//774 802//802 1092//1092
f 1046//1046 1092//1092 802//802
f 879//879 772//772 774//774
f 884//884 775//775 882//882
f 1049//1049 776//776 803//803
f 1048//1048 803//803 804//804
f 776//776 804//804 803//803
f 888//888 777//777 886//886
f 1051//1051 778//778 805//805
f 1050//1050 805//805 806//806
f 778//778 806//806 805//805
f 892//892 779//779 890//890
f 1053//1053 780//780 807//807
f 1052//1052 807//807 808//808
f 780//780 808//808 807//807
f 896//896 781//781 894//894
f 1055//1055 782//782 809//809
f 1054//1054 809//809 810//810
f 782//782 810//810 809//809
f 900//900 1099//1099 898//898
f 784//784 812//812 811//811
f 1056//1056 811//811 812//812
f 784//784 811//811 1057//1057
f 815//815 93//93 92//92
f 820//820 193//193 196//196
f 924//924 176//176 175//175
f 821//821 691//691 191//191
f 925//925 188//188 117//117
f 822//822 223//223 113//113
f 822//822 111//111 690//690
f 854//854 172//172 171//171
f 230//230 227//227 823//823
f 23//23 824//824 16//16
f 928//928 49//49 48//48
f 967//967 53//53 52//52
f 51//51 930//930 52//52
f 82//82 969//969 968//968
f 248//248 931//931 247//247
f 254//254 931//931 696//696
f 931//931 253//253 696//696
f 825//825 253//253 248//248
f 253//253 931//931 248//248
f 253//253 825//825 697//697
f 825//825 252//252 697//697
f 158//158 157//157 970//970
f 932//932 970//970 157//157
f 932//932 37//37 970//970
f 933//933 1060//1060 130//130
f 268//268 127//127 826//826
f 1061//1061 32//32 39//39
f 154//154 1062//1062 827//827
f 1062//1062 154//154 161//161
f 254//254 703//703 702//702
f 254//254 702//702 247//247
f 935//935 227//227 704//704
f 5//5 96//96 707//707
f 855//855 66//66 65//65
f 937//937 70//70 69//69
f 301//301 300//300 709//709
f 711//711 301//301 315//315
f 324//324 318//318 849//849
f 324//324 849//849 323//323
f 319//319 320//320 849//849
f 320//320 699//699 280//280
f 318//318 319//319 849//849
f 701//701 993//993 709//709
f 357//357 323//323 718//718
f 829//829 366//366 362//362
f 939//939 244//244 243//243
f 940//940 256//256 255//255
f 941//941 140//140 139//139
f 305//305 362//362 831//831
f 139//139 943//943 361//361
f 369//369 714//714 352//352
f 369//369 370//370 714//714
f 389//389 367//367 352//352
f 372//372 944//944 852//852
f 717//717 853//853 716//716
f 361//361 943//943 373//373
f 1073//1073 943//943 832//832
f 822//822 690//690 1063//1063
f 926//926 937//937 902//902
f 216//216 215//215 850//850
f 967//967 921//921 218//218
f 681//681 969//969 815//815
f 183//183 1058//1058 276//276
f 967//967 930//930 921//921
f 930//930 968//968 920//920
f 681//681 920//920 968//968
f 1058//1058 183//183 815//815
f 1060//1060 923//923 818//818
f 818//818 683//683 971//971
f 1059//1059 819//819 226//226
f 933//933 331//331 923//923
f 269//269 333//333 332//332
f 1063//1063 279//279 822//822
f 271//271 222//222 272//272
f 919//919 275//275 972//972
f 231//231 972//972 275//275
f 972//972 824//824 919//919
f 974//974 207//207 918//918
f 973//973 928//928 813//813
f 975//975 228//228 823//823
f 689//689 925//925 828//828
f 936//936 855//855 924//924
f 936//936 924//924 821//821
f 922//922 1062//1062 219//219
f 827//827 1062//1062 922//922
f 267//267 219//219 1062//1062
f 1061//1061 816//816 682//682
f 934//934 1061//1061 682//682
f 826//826 817//817 857//857
f 330//330 826//826 857//857
f 826//826 330//330 268//268
f 734//734 268//268 330//330
f 935//935 734//734 328//328
f 374//374 946//946 718//718
f 837//837 339//339 343//343
f 296//296 948//948 735//735
f 148//148 949//949 838//838
f 260//260 950//950 394//394
f 407//407 903//903 406//406
f 736//736 406//406 903//903
f 736//736 395//395 405//405
f 976//976 964//964 947//947
f 977//977 964//964 384//384
f 298//298 297//297 1075//1075
f 297//297 381//381 1075//1075
f 1075//1075 413//413 298//298
f 380//380 1075//1075 381//381
f 1075//1075 380//380 860//860
f 1075//1075 786//786 413//413
f 786//786 412//412 413//413
f 1086//1086 248//248 702//702
f 359//359 1086//1086 702//702
f 369//369 376//376 370//370
f 737//737 415//415 393//393
f 737//737 356//356 414//414
f 353//353 737//737 393//393
f 389//389 713//713 412//412
f 713//713 389//389 352//352
f 412//412 351//351 413//413
f 299//299 298//298 351//351
f 379//379 1108//1108 860//860
f 389//389 411//411 858//858
f 737//737 787//787 415//415
f 787//787 423//423 416//416
f 416//416 419//419 787//787
f 738//738 843//843 739//739
f 739//739 844//844 1068//1068
f 1105//1105 966//966 1106//1106
f 460//460 1065//1065 461//461
f 904//904 478//478 1066//1066
f 459//459 1065//1065 460//460
f 1065//1065 459//459 1076//1076
f 503//503 792//792 504//504
f 747//747 792//792 748//748
f 560//560 559//559 980//980
f 564//564 905//905 565//565
f 905//905 564//564 1082//1082
f 558//558 1077//1077 980//980
f 566//566 905//905 567//567
f 982//982 1116//1116 1077//1077
f 580//580 848//848 581//581
f 574//574 795//795 575//575
f 755//755 1103//1103 1111//1111
f 585//585 983//983 584//584
f 587//587 994//994 995//995
f 994//994 864//864 995//995
f 796//796 589//589 906//906
f 591//591 757//757 1037//1037
f 586//586 995//995 588//588
f 906//906 588//588 995//995
f 996//996 863//863 1087//1087
f 589//589 796//796 994//994
f 756//756 796//796 757//757
f 584//584 862//862 591//591
f 865//865 951//951 866//866
f 592//592 593//593 984//984
f 595//595 997//997 998//998
f 759//759 999//999 758//758
f 997//997 867//867 998//998
f 797//797 597//597 907//907
f 599//599 760//760 1039//1039
f 594//594 998//998 596//596
f 759//759 1038//1038 999//999
f 907//907 596//596 998//998
f 759//759 866//866 1088//1088
f 597//597 797//797 997//997
f 865//865 758//758 797//797
f 592//592 951//951 599//599
f 951//951 865//865 599//599
f 868//868 600//600 869//869
f 603//603 1000//1000 1001//1001
f 762//762 1002//1002 761//761
f 1000//1000 870//870 1001//1001
f 798//798 605//605 908//908
f 607//607 763//763 606//606
f 602//602 1001//1001 604//604
f 762//762 1040//1040 1002//1002
f 908//908 604//604 1001//1001
f 762//762 869//869 1089//1089
f 605//605 798//798 1000//1000
f 761//761 798//798 763//763
f 868//868 607//607 600//600
f 871//871 608//608 609//609
f 611//611 1003//1003 610//610
f 765//765 1005//1005 764//764
f 1003//1003 872//872 1004//1004
f 1041//1041 799//799 952//952
f 612//612 952//952 613//613
f 615//615 799//799 614//614
f 610//610 1004//1004 612//612
f 765//765 1041//1041 1005//1005
f 909//909 612//612 1004//1004
f 1041//1041 765//765 614//614
f 952//952 764//764 1003//1003
f 613//613 952//952 611//611
f 871//871 615//615 608//608
f 873//873 953//953 874//874
f 616//616 617//617 985//985
f 619//619 1006//1006 1007//1007
f 767//767 1008//1008 766//766
f 1006//1006 875//875 1007//1007
f 800//800 621//621 910//910
f 623//623 768//768 1043//1043
f 618//618 1007//1007 620//620
f 767//767 1042//1042 1008//1008
f 910//910 620//620 1007//1007
f 767//767 874//874 1090//1090
f 621//621 800//800 1006//1006
f 873//873 766//766 800//800
f 616//616 953//953 623//623
f 953//953 873//873 623//623
f 876//876 954//954 877//877
f 624//624 625//625 986//986
f 627//627 1009//1009 1010//1010
f 770//770 1011//1011 769//769
f 1009//1009 878//878 1010//1010
f 801//801 629//629 911//911
f 631//631 771//771 1045//1045
f 626//626 1010//1010 628//628
f 770//770 1044//1044 1011//1011
f 911//911 628//628 1010//1010
f 770//770 877//877 1091//1091
f 629//629 801//801 1009//1009
f 876//876 769//769 801//801
f 624//624 954//954 631//631
f 954//954 876//876 631//631
f 879//879 632//632 987//987
f 633//633 987//987 632//632
f 635//635 1012//1012 1013//1013
f 773//773 1014//1014 772//772
f 1012//1012 881//881 1013//1013
f 802//802 637//637 912//912
f 639//639 774//774 1047//1047
f 634//634 1013//1013 636//636
f 773//773 1046//1046 1014//1014
f 912//912 636//636 1013//1013
f 773//773 880//880 1092//1092
f 637//637 802//802 1012//1012
f 772//772 802//802 774//774
f 879//879 774//774 632//632
f 882//882 955//955 884//884
f 641//641 988//988 640//640
f 643//643 1015//1015 642//642
f 775//775 1016//1016 882//882
f 1016//1016 775//775 1018//1018
f 1015//1015 885//885 1017//1017
f 804//804 956//956 913//913
f 644//644 956//956 645//645
f 647//647 776//776 1049//1049
f 642//642 1017//1017 644//644
f 775//775 1048//1048 1018//1018
f 913//913 644//644 1017//1017
f 775//775 884//884 803//803
f 804//804 882//882 1016//1016
f 956//956 883//883 1015//1015
f 882//882 804//804 776//776
f 645//645 956//956 643//643
f 640//640 955//955 647//647
f 776//776 647//647 955//955
f 886//886 957//957 888//888
f 649//649 989//989 648//648
f 651//651 1019//1019 650//650
f 777//777 1020//1020 886//886
f 1020//1020 777//777 1022//1022
f 1019//1019 889//889 1021//1021
f 806//806 958//958 914//914
f 652//652 958//958 653//653
f 655//655 778//778 1051//1051
f 650//650 1021//1021 652//652
f 777//777 1050//1050 1022//1022
f 914//914 652//652 1021//1021
f 777//777 888//888 805//805
f 806//806 886//886 1020//1020
f 958//958 887//887 1019//1019
f 886//886 806//806 778//778
f 653//653 958//958 651//651
f 648//648 957//957 655//655
f 778//778 655//655 957//957
f 890//890 959//959 892//892
f 657//657 990//990 656//656
f 659//659 1023//1023 658//658
f 779//779 1024//1024 890//890
f 1024//1024 779//779 1026//1026
f 1023//1023 893//893 1025//1025
f 808//808 960//960 915//915
f 660//660 960//960 661//661
f 663//663 780//780 1053//1053
f 658//658 1025//1025 660//660
f 779//779 1052//1052 1026//1026
f 915//915 660//660 1025//1025
f 779//779 892//892 807//807
f 808//808 890//890 1024//1024
f 960//960 891//891 1023//1023
f 890//890 808//808 780//780
f 661//661 960//960 659//659
f 656//656 959//959 663//663
f 780//780 663//663 959//959
f 894//894 961//961 896//896
f 665//665 991//991 664//664
f 667//667 1027//1027 666//666
f 781//781 1028//1028 894//894
f 1028//1028 781//781 1030//1030
f 1027//1027 897//897 1029//1029
f 810//810 962//962 916//916
f 668//668 962//962 669//669
f 671//671 782//782 1055//1055
f 666//666 1029//1029 668//668
f 781//781 1054//1054 1030//1030
f 916//916 668//668 1029//1029
f 781//781 896//896 809//809
f 810//810 894//894 1028//1028
f 962//962 895//895 1027//1027
f 894//894 810//810 782//782
f 669//669 962//962 667//667
f 664//664 961//961 671//671
f 782//782 671//671 961//961
f 675//675 1031//1031 674//674
f 783//783 1032//1032 898//898
f 1032//1032 783//783 1034//1034
f 1031//1031 901//901 1033//1033
f 812//812 963//963 917//917
f 676//676 963//963 677//677
f 679//679 784//784 1057//1057
f 674//674 1033//1033 676//676
f 783//783 1056//1056 1034//1034
f 917//917 676//676 1033//1033
f 812//812 784//784 1032//1032
f 963//963 899//899 1031//1031
f 898//898 1032//1032 784//784
f 677//677 963//963 675//675
f 814//814 680//680 25//25
f 722//722 720//720 721//721
f 394//394 861//861 358//358
f 368//368 1095//1095 839//839
f 217//217 229//229 218//218
f 228//228 208//208 207//207
f 300//300 708//708 694//694
f 945//945 145//145 1073//1073
f 965//965 424//424 841//841
f 685//685 686//686 265//265
f 706//706 902//902 7//7
f 733//733 975//975 823//823
f 788//788 790//790 740//740
f 680//680 813//813 87//87
f 683//683 43//43 168//168
f 232//232 1058//1058 972//972
f 818//818 971//971 1060//1060
f 1094//1094 1108//1108 1083//1083
f 842//842 427//427 843//843
f 965//965 843//843 427//427
f 843//843 965//965 844//844
f 425//425 965//965 426//426
f 424//424 965//965 425//425
f 498//498 979//979 499//499
f 982//982 981//981 1116//1116
f 983//983 863//863 862//862
f 983//983 1037//1037 863//863
f 984//984 866//866 951//951
f 984//984 1039//1039 866//866
f 601//601 869//869 600//600
f 601//601 606//606 869//869
f 985//985 874//874 953//953
f 985//985 1043//1043 874//874
f 986//986 877//877 954//954
f 986//986 1045//1045 877//877
f 987//987 880//880 879//879
f 987//987 1047//1047 880//880
f 988//988 884//884 955//955
f 988//988 1049//1049 884//884
f 989//989 888//888 957//957
f 989//989 1051//1051 888//888
f 990//990 892//892 959//959
f 990//990 1053//1053 892//892
f 991//991 896//896 961//961
f 991//991 1055//1055 896//896
f 673//673 900//900 672//672
f 49//49 62//62 63//63
f 856//856 828//828 925//925
f 859//859 977//977 978//978
f 298//298 299//299 297//297
f 312//312 710//710 233//233
f 695//695 993//993 701//701
f 815//815 969//969 1058//1058
f 683//683 819//819 970//970
f 927//927 680//680 814//814
f 374//374 1070//1070 946//946
f 976//976 359//359 702//702
f 1035//1035 568//568 905//905
f 931//931 992//992 247//247
f 931//931 254//254 992//992
f 192//192 196//196 195//195
f 828//828 705//705 689//689
f 705//705 936//936 821//821
f 837//837 964//964 859//859
f 977//977 265//265 978//978
f 840//840 825//825 1086//1086
f 351//351 412//412 713//713
f 638//638 1078//1078 858//858
f 858//858 411//411 638//638
f 904//904 479//479 478//478
f 480//480 904//904 481//481
f 483//483 1081//1081 484//484
f 1066//1066 484//484 1081//1081
f 1066//1066 1081//1081 966//966
f 484//484 1066//1066 485//485
f 461//461 1065//1065 462//462
f 485//485 1066//1066 486//486
f 1112//1112 1066//1066 966//966
f 486//486 1066//1066 478//478
f 563//563 562//562 1082//1082
f 1082//1082 564//564 563//563
f 558//558 980//980 559//559
f 565//565 905//905 566//566
f 555//555 1077//1077 556//556
f 569//569 1035//1035 570//570
f 571//571 570//570 1035//1035
f 562//562 1035//1035 1082//1082
f 1035//1035 562//562 571//571
f 553//553 982//982 554//554
f 680//680 94//94 26//26
f 972//972 17//17 16//16
f 927//927 79//79 973//973
f 928//928 48//48 974//974
f 229//229 228//228 929//929
f 967//967 52//52 930//930
f 254//254 247//247 992//992
f 36//36 970//970 37//37
f 350//350 307//307 308//308
f 299//299 1102//1102 266//266
f 308//308 1102//1102 349//349
f 714//714 349//349 1102//1102
f 1102//1102 352//352 714//714
f 251//251 685//685 252//252
f 371//371 714//714 370//370
f 371//371 350//350 349//349
f 832//832 945//945 1073//1073
f 690//690 926//926 902//902
f 706//706 1063//1063 690//690
f 969//969 681//681 968//968
f 970//970 819//819 1059//1059
f 813//813 680//680 973//973
f 814//814 919//919 824//824
f 918//918 928//928 974//974
f 826//826 934//934 817//817
f 1096//1096 391//391 392//392
f 694//694 684//684 836//836
f 300//300 836//836 700//700
f 836//836 300//300 694//694
f 718//718 946//946 357//357
f 1073//1073 261//261 373//373
f 1095//1095 1094//1094 839//839
f 384//384 964//964 385//385
f 375//375 976//976 947//947
f 964//964 837//837 947//947
f 837//837 859//859 948//948
f 948//948 859//859 735//735
f 859//859 964//964 977//977
f 735//735 859//859 949//949
f 949//949 859//859 838//838
f 394//394 950//950 978//978
f 950//950 838//838 859//859
f 977//977 384//384 725//725
f 383//383 977//977 725//725
f 1075//1075 860//860 786//786
f 411//411 412//412 786//786
f 861//861 978//978 686//686
f 978//978 861//861 394//394
f 250//250 861//861 686//686
f 861//861 249//249 825//825
f 358//358 861//861 840//840
f 941//941 840//840 830//830
f 825//825 840//840 861//861
f 830//830 840//840 940//940
f 940//940 840//840 715//715
f 715//715 840//840 939//939
f 939//939 840//840 829//829
f 829//829 1086//1086 938//938
f 1086//1086 829//829 840//840
f 359//359 938//938 1086//1086
f 375//375 359//359 976//976
f 702//702 307//307 976//976
f 351//351 298//298 413//413
f 1074//1074 377//377 376//376
f 1080//1080 1095//1095 368//368
f 380//380 379//379 860//860
f 786//786 1094//1094 411//411
f 410//410 1079//1079 1078//1078
f 479//479 904//904 480//480
f 966//966 1081//1081 904//904
f 464//464 1124//1124 465//465
f 1064//1064 1076//1076 1124//1124
f 462//462 1124//1124 463//463
f 1124//1124 462//462 1065//1065
f 904//904 1066//1066 1106//1106
f 561//561 980//980 553//553
f 982//982 553//553 980//980
f 560//560 980//980 561//561
f 567//567 905//905 568//568
f 1035//1035 569//569 568//568
f 556//556 1077//1077 557//557
f 554//554 982//982 555//555
f 1077//1077 555//555 982//982
f 756//756 996//996 864//864
f 587//587 995//995 586//586
f 590//590 983//983 585//585
f 983//983 590//590 1037//1037
f 1037//1037 1087//1087 863//863
f 1036//1036 906//906 864//864
f 589//589 994//994 587//587
f 758//758 999//999 867//867
f 595//595 998//998 594//594
f 598//598 984//984 593//593
f 984//984 598//598 1039//1039
f 1039//1039 1088//1088 866//866
f 1038//1038 907//907 867//867
f 597//597 997//997 595//595
f 761//761 1002//1002 870//870
f 603//603 1001//1001 602//602
f 869//869 606//606 1089//1089
f 1040//1040 908//908 870//870
f 605//605 1000//1000 603//603
f 764//764 1005//1005 872//872
f 1003//1003 1004//1004 610//610
f 609//609 614//614 765//765
f 1041//1041 909//909 1005//1005
f 952//952 1003//1003 611//611
f 766//766 1008//1008 875//875
f 619//619 1007//1007 618//618
f 622//622 985//985 617//617
f 985//985 622//622 1043//1043
f 1043//1043 1090//1090 874//874
f 1042//1042 910//910 875//875
f 621//621 1006//1006 619//619
f 769//769 1011//1011 878//878
f 627//627 1010//1010 626//626
f 630//630 986//986 625//625
f 986//986 630//630 1045//1045
f 1045//1045 1091//1091 877//877
f 1044//1044 911//911 878//878
f 629//629 1009//1009 627//627
f 772//772 1014//1014 881//881
f 635//635 1013//1013 634//634
f 638//638 1047//1047 987//987
f 987//987 633//633 638//638
f 1047//1047 1092//1092 880//880
f 1046//1046 912//912 881//881
f 637//637 1012//1012 635//635
f 1016//1016 1018//1018 885//885
f 1015//1015 1017//1017 642//642
f 646//646 988//988 641//641
f 988//988 646//646 1049//1049
f 1048//1048 913//913 1018//1018
f 804//804 1016//1016 883//883
f 956//956 1015//1015 643//643
f 1020//1020 1022//1022 889//889
f 1019//1019 1021//1021 650//650
f 654//654 989//989 649//649
f 989//989 654//654 1051//1051
f 1050//1050 914//914 1022//1022
f 806//806 1020//1020 887//887
f 958//958 1019//1019 651//651
f 1024//1024 1026//1026 893//893
f 1023//1023 1025//1025 658//658
f 662//662 990//990 657//657
f 990//990 662//662 1053//1053
f 1052//1052 915//915 1026//1026
f 808//808 1024//1024 891//891
f 960//960 1023//1023 659//659
f 1028//1028 1030//1030 897//897
f 1027//1027 1029//1029 666//666
f 670//670 991//991 665//665
f 991//991 670//670 1055//1055
f 1054//1054 916//916 1030//1030
f 810//810 1028//1028 895//895
f 962//962 1027//1027 667//667
f 899//899 1034//1034 901//901
f 1031//1031 1033//1033 674//674
f 1056//1056 917//917 901//901
f 812//812 1032//1032 899//899
f 963//963 1031//1031 675//675
f 378//378 386//386 722//722
f 80//80 1067//1067 81//81
f 824//824 23//23 927//927
f 834//834 398//398 399//399
f 789//789 1068//1068 790//790
f 792//792 1072//1072 979//979
f 993//993 710//710 301//301
f 410//410 390//390 1079//1079
f 1067//1067 80//80 927//927
f 853//853 717//717 945//945
f 218//218 929//929 967//967
f 334//334 333//333 704//704
f 680//680 927//927 973//973
f 209//209 208//208 975//975
f 228//228 975//975 208//208
f 946//946 338//338 357//357
f 717//717 198//198 945//945
f 1071//1071 442//442 790//790
f 442//442 1071//1071 443//443
f 443//443 1071//1071 444//444
f 1071//1071 788//788 789//789
f 746//746 1072//1072 747//747
f 794//794 548//548 547//547
f 1121//1121 1119//1119 754//754
f 672//672 898//898 784//784
f 833//833 831//831 944//944
f 1072//1072 746//746 791//791
f 685//685 251//251 686//686
f 356//356 354//354 390//390
f 250//250 251//251 249//249
f 321//321 322//322 849//849
f 928//928 918//918 813//813
f 684//684 193//193 836//836
f 1086//1086 825//825 248//248
f 466//466 1076//1076 467//467
f 465//465 1076//1076 466//466
f 1065//1065 1076//1076 1064//1064
f 980//980 1118//1118 982//982
f 898//898 672//672 900//900
f 266//266 1102//1102 308//308
f 1073//1073 145//145 144//144
f 249//249 252//252 825//825
f 638//638 1100//1100 1078//1078
f 299//299 351//351 1102//1102
f 794//794 547//547 793//793
f 993//993 695//695 820//820
f 409//409 1078//1078 1100//1100
f 389//389 1080//1080 367//367
f 638//638 1094//1094 1095//1095
f 467//467 1076//1076 459//459
f 297//297 266//266 265//265
f 702//702 703//703 291//291
f 308//308 349//349 350//350
f 1102//1102 713//713 352//352
f 266//266 1101//1101 685//685
f 690//690 902//902 706//706
f 836//836 193//193 235//235
f 193//193 684//684 194//194
f 367//367 1080//1080 368//368
f 1097//1097 1096//1096 1100//1100
f 1078//1078 1079//1079 858//858
f 481//481 1081//1081 482//482
f 483//483 482//482 1081//1081
f 463//463 1124//1124 464//464
f 1064//1064 1106//1106 1112//1112
f 981//981 1118//1118 1114//1114
f 557//557 1077//1077 558//558
f 1082//1082 1035//1035 1093//1093
f 591//591 1037//1037 590//590
f 599//599 1039//1039 598//598
f 763//763 1089//1089 606//606
f 623//623 1043//1043 622//622
f 631//631 1045//1045 630//630
f 639//639 1047//1047 638//638
f 679//679 1057//1057 678//678
f 251//251 250//250 686//686
f 291//291 308//308 702//702
f 196//196 192//192 820//820
f 291//291 266//266 308//308
f 1101//1101 696//696 253//253
f 1079//1079 1096//1096 1097//1097
f 1079//1079 391//391 1096//1096
f 391//391 1079//1079 354//354
f 390//390 354//354 1079//1079
f 700//700 235//235 234//234
f 405//405 1083//1083 406//406
f 406//406 1108//1108 407//407
f 1083//1083 1108//1108 406//406
f 1083//1083 405//405 1074//1074
f 377//377 1074//1074 404//404
f 786//786 860//860 1108//1108
f 411//411 1094//1094 638//638
f 1081//1081 481//481 904//904
f 1076//1076 465//465 1124//1124
f 1106//1106 1066//1066 1112//1112
f 160//160 267//267 161//161
f 267//267 1062//1062 161//161
f 267//267 160//160 1059//1059
f 851//851 1084//1084 942//942
f 1084//1084 851//851 293//293
f 50//50 84//84 51//51
f 84//84 50//50 85//85
f 1119//1119 1113//1113 752//752
f 848//848 1107//1107 1122//1122
f 1084//1084 716//716 942//942
f 831//831 833//833 942//942
f 410//410 419//419 416//416
f 1107//1107 1111//1111 1069//1069
f 757//757 1087//1087 1037//1037
f 760//760 1088//1088 1039//1039
f 799//799 1041//1041 614//614
f 768//768 1090//1090 1043//1043
f 771//771 1091//1091 1045//1045
f 774//774 1092//1092 1047//1047
f 307//307 702//702 308//308
f 905//905 1093//1093 1035//1035
f 820//820 693//693 993//993
f 697//697 1101//1101 253//253
f 354//354 231//231 355//355
f 358//358 840//840 941//941
f 368//368 376//376 369//369
f 1057//1057 811//811 1099//1099
f 392//392 409//409 1096//1096
f 946//946 1070//1070 694//694
f 1103//1103 1085//1085 1123//1123
f 226//226 270//270 1059//1059
f 981//981 1093//1093 1116//1116
f 900//900 673//673 678//678
f 396//396 317//317 316//316
f 401//401 312//312 311//311
f 1095//1095 1100//1100 638//638
f 266//266 685//685 265//265
f 1080//1080 389//389 1097//1097
f 235//235 700//700 836//836
f 1074//1074 376//376 839//839
f 376//376 368//368 839//839
f 1100//1100 1095//1095 1080//1080
f 1108//1108 1094//1094 786//786
f 388//388 376//376 377//377
f 275//275 274//274 231//231
f 317//317 395//395 318//318
f 701//701 236//236 695//695
f 747//747 1098//1098 746//746
f 1121//1121 793//793 752//752
f 701//701 234//234 236//236
f 861//861 250//250 249//249
f 249//249 251//251 252//252
f 1099//1099 783//783 898//898
f 711//711 316//316 317//317
f 946//946 708//708 338//338
f 783//783 1099//1099 811//811
f 266//266 291//291 1101//1101
f 1106//1106 966//966 904//904
f 847//847 1119//1119 1115//1115
f 1094//1094 1083//1083 839//839
f 1074//1074 839//839 1083//1083
f 968//968 83//83 82//82
f 709//709 993//993 301//301
f 1101//1101 254//254 696//696
f 1101//1101 697//697 252//252
f 852//852 360//360 372//372
f 858//858 1079//1079 1097//1097
f 1097//1097 1100//1100 1080//1080
f 280//280 849//849 320//320
f 320//320 311//311 699//699
f 1093//1093 905//905 1114//1114
f 1057//1057 1099//1099 900//900
f 397//397 396//396 315//315
f 396//396 316//316 315//315
f 1096//1096 409//409 1100//1100
f 370//370 388//388 371//371
f 972//972 1058//1058 18//18
f 964//964 976//976 307//307
f 230//230 823//823 850//850
f 1106//1106 1064//1064 1105//1105
f 966//966 1105//1105 1112//1112
f 1116//1116 1093//1093 1118//1118
f 389//389 858//858 1097//1097
f 1085//1085 1103//1103 755//755
f 1085//1085 1069//1069 1111//1111
f 920//920 921//921 930//930
f 397//397 315//315 314//314
f 397//397 314//314 398//398
f 1118//1118 980//980 1116//1116
f 387//387 371//371 388//388
f 1068//1068 788//788 739//739
f 1117//1117 794//794 1121//1121
f 1069//1069 1085//1085 755//755
f 580//580 1120//1120 848//848
f 1107//1107 1110//1110 755//755
f 755//755 1111//1111 1107//1107
f 210//210 975//975 733//733
f 693//693 820//820 192//192
f 978//978 265//265 686//686
f 1113//1113 1119//1119 847//847
f 981//981 1114//1114 1082//1082
f 753//753 1115//1115 1119//1119
f 849//849 280//280 321//321
f 280//280 1070//1070 321//321
f 905//905 1082//1082 1114//1114
f 647//647 1049//1049 646//646
f 655//655 1051//1051 654//654
f 663//663 1053//1053 662//662
f 671//671 1055//1055 670//670
f 1093//1093 1114//1114 1118//1118
f 1077//1077 1116//1116 980//980
f 682//682 817//817 934//934
f 1109//1109 1122//1122 1120//1120
f 1085//1085 1111//1111 795//795
f 79//79 94//94 87//87
f 835//835 733//733 227//227
f 16//16 17//17 24//24
f 162//162 154//154 169//169
f 398//398 314//314 313//313
f 398//398 313//313 399//399
f 41//41 39//39 40//40
f 88//88 86//86 87//87
f 18//18 30//30 31//31
f 39//39 41//41 38//38
f 38//38 42//42 37//37
f 35//35 45//45 34//34
f 34//34 46//46 33//33
f 55//55 57//57 58//58
f 86//86 88//88 89//89
f 84//84 85//85 90//90
f 82//82 92//92 81//81
f 81//81 93//93 80//80
f 118//118 126//126 125//125
f 128//128 124//124 127//127
f 124//124 128//128 123//123
f 123//123 129//129 122//122
f 161//161 163//163 160//160
f 160//160 164//164 159//159
f 159//159 165//165 166//166
f 156//156 168//168 155//155
f 156//156 167//167 168//168
f 157//157 166//166 167//167
f 579//579 1120//1120 580//580
f 1110//1110 1120//1120 1069//1069
f 121//121 132//132 120//120
f 268//268 269//269 933//933
f 933//933 269//269 331//331
f 231//231 232//232 972//972
f 714//714 371//371 349//349
f 386//386 723//723 307//307
f 50//50 62//62 49//49
f 974//974 228//228 207//207
f 950//950 859//859 978//978
f 1118//1118 981//981 982//982
f 1109//1109 1120//1120 579//579
f 1082//1082 1093//1093 981//981
f 793//793 1121//1121 794//794
f 848//848 1122//1122 1109//1109
f 795//795 1123//1123 1085//1085
f 1124//1124 1105//1105 1064//1064
f 753//753 1119//1119 1121//1121
f 1049//1049 803//803 884//884
f 1051//1051 805//805 888//888
f 1053//1053 807//807 892//892
f 1055//1055 809//809 896//896
f 356//356 337//337 232//232
f 232//232 231//231 356//356
f 1124//1124 1065//1065 1105//1105
f 55//55 48//48 56//56
f 40//40 32//32 47//47
f 754//754 1117//1117 1121//1121
f 1120//1120 1110//1110 848//848
f 210//210 209//209 975//975
f 1064//1064 1112//1112 1065//1065
f 1112//1112 1105//1105 1065//1065
f 900//900 678//678 1057//1057
f 48//48 49//49 63//63
f 1122//1122 1069//1069 1120//1120
f 1069//1069 1122//1122 1107//1107
f 353//353 1104//1104 310//310
f 354//354 356//356 231//231
f 80//80 94//94 79//79
f 379//379 408//408 1108//1108
f 408//408 379//379 402//402
f 19//19 29//29 30//30
f 711//711 317//317 324//324
f 971//971 683//683 970//970
f 733//733 823//823 227//227
f 422//422 423//423 414//414
f 17//17 31//31 24//24
f 22//22 25//25 26//26
f 83//83 90//90 91//91
f 121//121 122//122 130//130
f 161//161 162//162 163//163
f 154//154 155//155 169//169
f 423//423 787//787 737//737
f 421//421 787//787 419//419
f 400//400 313//313 312//312
f 21//21 27//27 28//28
f 36//36 43//43 44//44
f 54//54 58//58 59//59
f 53//53 59//59 60//60
f 82//82 91//91 92//92
f 120//120 132//132 133//133
f 399//399 313//313 400//400
f 400//400 312//312 401//401
f 25//25 16//16 24//24
f 21//21 22//22 27//27
f 19//19 20//20 29//29
f 39//39 32//32 40//40
f 35//35 36//36 44//44
f 52//52 60//60 61//61
f 50//50 51//51 62//62
f 86//86 79//79 87//87
f 110//110 105//105 95//95
f 110//110 95//95 104//104
f 126//126 118//118 133//133
f 170//170 74//74 64//64
f 170//170 64//64 73//73
f 184//184 11//11 1//1
f 184//184 1//1 10//10
f 589//589 588//588 906//906
f 597//597 596//596 907//907
f 605//605 604//604 908//908
f 952//952 612//612 909//909
f 621//621 620//620 910//910
f 629//629 628//628 911//911
f 637//637 636//636 912//912
f 956//956 644//644 913//913
f 958//958 652//652 914//914
f 960//960 660//660 915//915
f 962//962 668//668 916//916
f 963//963 676//676 917//917
f 23//23 16//16 25//25
f 22//22 23//23 25//25
f 22//22 26//26 27//27
f 20//20 21//21 28//28
f 20//20 28//28 29//29
f 18//18 19//19 30//30
f 17//17 18//18 31//31
f 38//38 41//41 42//42
f 37//37 42//42 43//43
f 36//36 37//37 43//43
f 35//35 44//44 45//45
f 34//34 45//45 46//46
f 33//33 46//46 47//47
f 48//48 63//63 56//56
f 55//55 56//56 57//57
f 54//54 55//55 58//58
f 53//53 54//54 59//59
f 52//52 53//53 60//60
f 52//52 61//61 51//51
f 51//51 61//61 62//62
f 85//85 86//86 89//89
f 90//90 85//85 89//89
f 83//83 84//84 90//90
f 82//82 83//83 91//91
f 81//81 92//92 93//93
f 80//80 93//93 94//94
f 126//126 127//127 125//125
f 124//124 125//125 127//127
f 123//123 128//128 129//129
f 129//129 130//130 122//122
f 121//121 130//130 131//131
f 119//119 120//120 133//133
f 151//151 147//147 148//148
f 161//161 154//154 162//162
f 160//160 163//163 164//164
f 159//159 164//164 165//165
f 158//158 159//159 166//166
f 155//155 168//168 169//169
f 857//857 124//124 331//331
f 203//203 200//200 201//201
f 137//137 263//263 264//264
f 288//288 284//284 285//285
f 240//240 295//295 296//296
f 857//857 331//331 332//332
f 346//346 342//342 343//343
f 373//373 943//943 1073//1073
f 408//408 407//407 1108//1108
f 404//404 1074//1074 405//405
f 404//404 395//395 377//377
f 421//421 415//415 787//787
f 423//423 737//737 414//414
f 440//440 457//457 741//741
# 2244 faces, 0 coords texture

# End of File
