4.571306705474853516e-01 2.655178308486938477e-03 -8.893955945968627930e-01 -1.213767682202160358e-03 9.999964833259582520e-01 2.361512044444680214e-03
4.571306705474853516e-01 2.652117982506752014e-03 -8.893955945968627930e-01 -1.212368719279766083e-03 9.999964833259582520e-01 2.358790254220366478e-03
2.957555949687957764e-01 2.904664725065231323e-03 -9.552592039108276367e-01 -8.590744691900908947e-04 9.999957680702209473e-01 2.774719381704926491e-03
2.957555949687957764e-01 2.904790453612804413e-03 -9.552592039108276367e-01 -8.591116638854146004e-04 9.999957680702209473e-01 2.774839522317051888e-03
1.253824383020401001e-01 3.036844776943325996e-03 -9.921038746833801270e-01 -3.807687608059495687e-04 9.999954104423522949e-01 3.012879285961389542e-03
1.253824383020401001e-01 3.045942634344100952e-03 -9.921038150787353516e-01 -3.819094854407012463e-04 9.999953508377075195e-01 3.021905198693275452e-03
-4.881583154201507568e-02 3.148518968373537064e-03 -9.988028407096862793e-01 1.536983327241614461e-04 9.999950528144836426e-01 3.144765272736549377e-03
-4.881583526730537415e-02 3.135911654680967331e-03 -9.988029003143310547e-01 1.530828885734081268e-04 9.999951124191284180e-01 3.132173093035817146e-03
-2.214947193861007690e-01 3.090200014412403107e-03 -9.751566648483276367e-01 6.844662711955606937e-04 9.999952316284179688e-01 3.013443434610962868e-03
-2.214947342872619629e-01 3.077582456171512604e-03 -9.751567244529724121e-01 6.816715467721223831e-04 9.999952912330627441e-01 3.001139266416430473e-03
-3.874748647212982178e-01 3.041902324184775352e-03 -9.218752980232238770e-01 1.178666017949581146e-03 9.999954104423522949e-01 2.804267453029751778e-03
-3.874748349189758301e-01 3.057368099689483643e-03 -9.218752384185791016e-01 1.184658613055944443e-03 9.999953508377075195e-01 2.818525070324540138e-03
9.992600679397583008e-01 1.512303831987082958e-03 3.843291848897933960e-02 -1.511186594143509865e-03 9.999988675117492676e-01 -5.812231756863184273e-05
9.992601871490478516e-01 1.439528190530836582e-03 3.843292593955993652e-02 -1.438464620150625706e-03 9.999989867210388184e-01 -5.532533396035432816e-05
-9.992595911026000977e-01 1.806809334084391594e-03 -3.843289986252784729e-02 1.805474516004323959e-03 9.999983906745910645e-01 6.944103370187804103e-05
-9.992595314979553223e-01 1.826792722567915916e-03 -3.843289986252784729e-02 1.825443119741976261e-03 9.999983310699462891e-01 7.020905468380078673e-05
-3.365294542163610458e-03 0.000000000000000000e+00 -9.999943375587463379e-01 -9.999943375587463379e-01 0.000000000000000000e+00 3.365294542163610458e-03
-3.368615405634045601e-03 0.000000000000000000e+00 -9.999943375587463379e-01 -9.999943375587463379e-01 0.000000000000000000e+00 3.368615405634045601e-03
-3.382066730409860611e-03 0.000000000000000000e+00 -9.999942779541015625e-01 -9.999942779541015625e-01 0.000000000000000000e+00 3.382066730409860611e-03
-3.351824125275015831e-03 0.000000000000000000e+00 -9.999943971633911133e-01 -9.999943971633911133e-01 0.000000000000000000e+00 3.351824125275015831e-03
-3.349502338096499443e-03 0.000000000000000000e+00 -9.999943971633911133e-01 -9.999943971633911133e-01 0.000000000000000000e+00 3.349502338096499443e-03
-3.325585275888442993e-03 0.000000000000000000e+00 -9.999944567680358887e-01 -9.999944567680358887e-01 0.000000000000000000e+00 3.325585275888442993e-03
-3.322487231343984604e-03 0.000000000000000000e+00 -9.999945163726806641e-01 -9.999945163726806641e-01 0.000000000000000000e+00 3.322487231343984604e-03
-3.295956877991557121e-03 0.000000000000000000e+00 -9.999945759773254395e-01 -9.999945759773254395e-01 0.000000000000000000e+00 3.295956877991557121e-03
-3.291212720796465874e-03 0.000000000000000000e+00 -9.999945759773254395e-01 -9.999945759773254395e-01 0.000000000000000000e+00 3.291212720796465874e-03
-3.260341007262468338e-03 0.000000000000000000e+00 -9.999946951866149902e-01 -9.999946951866149902e-01 0.000000000000000000e+00 3.260341007262468338e-03
-3.246718551963567734e-03 0.000000000000000000e+00 -9.999947547912597656e-01 -9.999947547912597656e-01 0.000000000000000000e+00 3.246718551963567734e-03
-3.238476347178220749e-03 0.000000000000000000e+00 -9.999947547912597656e-01 -9.999947547912597656e-01 0.000000000000000000e+00 3.238476347178220749e-03
-3.234873292967677116e-03 0.000000000000000000e+00 -9.999947547912597656e-01 -9.999947547912597656e-01 0.000000000000000000e+00 3.234873292967677116e-03
-3.219220088794827461e-03 0.000000000000000000e+00 -9.999948143959045410e-01 -9.999948143959045410e-01 0.000000000000000000e+00 3.219220088794827461e-03
-3.216311801224946976e-03 -0.000000000000000000e+00 -9.999948143959045410e-01 -9.999948143959045410e-01 0.000000000000000000e+00 3.216311801224946976e-03
-3.203575499355792999e-03 0.000000000000000000e+00 -9.999948740005493164e-01 -9.999948740005493164e-01 0.000000000000000000e+00 3.203575499355792999e-03
-3.203146858140826225e-03 -0.000000000000000000e+00 -9.999948740005493164e-01 -9.999948740005493164e-01 0.000000000000000000e+00 3.203146858140826225e-03
-3.189511364325881004e-03 0.000000000000000000e+00 -9.999949336051940918e-01 -9.999949336051940918e-01 0.000000000000000000e+00 3.189511364325881004e-03
-3.186621936038136482e-03 -0.000000000000000000e+00 -9.999949336051940918e-01 -9.999949336051940918e-01 0.000000000000000000e+00 3.186621936038136482e-03
-3.169516101479530334e-03 0.000000000000000000e+00 -9.999949932098388672e-01 -9.999949932098388672e-01 0.000000000000000000e+00 3.169516101479530334e-03
-3.158360021188855171e-03 -0.000000000000000000e+00 -9.999950528144836426e-01 -9.999950528144836426e-01 0.000000000000000000e+00 3.158360021188855171e-03
-3.137913066893815994e-03 0.000000000000000000e+00 -9.999951124191284180e-01 -9.999951124191284180e-01 0.000000000000000000e+00 3.137913066893815994e-03
-3.130213590338826180e-03 0.000000000000000000e+00 -9.999951124191284180e-01 -9.999951124191284180e-01 0.000000000000000000e+00 3.130213590338826180e-03
-3.120245411992073059e-03 0.000000000000000000e+00 -9.999951720237731934e-01 -9.999951720237731934e-01 0.000000000000000000e+00 3.120245411992073059e-03
-3.120780922472476959e-03 0.000000000000000000e+00 -9.999951720237731934e-01 -9.999951720237731934e-01 0.000000000000000000e+00 3.120780922472476959e-03
-3.110946854576468468e-03 0.000000000000000000e+00 -9.999951720237731934e-01 -9.999951720237731934e-01 0.000000000000000000e+00 3.110946854576468468e-03
-3.114241408184170723e-03 0.000000000000000000e+00 -9.999951720237731934e-01 -9.999951720237731934e-01 0.000000000000000000e+00 3.114241408184170723e-03
-3.107057185843586922e-03 0.000000000000000000e+00 -9.999951720237731934e-01 -9.999951720237731934e-01 0.000000000000000000e+00 3.107057185843586922e-03
-3.111431142315268517e-03 0.000000000000000000e+00 -9.999951720237731934e-01 -9.999951720237731934e-01 0.000000000000000000e+00 3.111431142315268517e-03
-3.110056044533848763e-03 0.000000000000000000e+00 -9.999951720237731934e-01 -9.999951720237731934e-01 0.000000000000000000e+00 3.110056044533848763e-03
-3.119325265288352966e-03 0.000000000000000000e+00 -9.999951720237731934e-01 -9.999951720237731934e-01 0.000000000000000000e+00 3.119325265288352966e-03
-3.122865455225110054e-03 0.000000000000000000e+00 -9.999951124191284180e-01 -9.999951124191284180e-01 0.000000000000000000e+00 3.122865455225110054e-03
-3.136127023026347160e-03 0.000000000000000000e+00 -9.999951124191284180e-01 -9.999951124191284180e-01 0.000000000000000000e+00 3.136127023026347160e-03
-3.139626234769821167e-03 -0.000000000000000000e+00 -9.999951124191284180e-01 -9.999951124191284180e-01 0.000000000000000000e+00 3.139626234769821167e-03
-3.157915314659476280e-03 0.000000000000000000e+00 -9.999950528144836426e-01 -9.999950528144836426e-01 0.000000000000000000e+00 3.157915314659476280e-03
-3.164954716339707375e-03 -0.000000000000000000e+00 -9.999949932098388672e-01 -9.999949932098388672e-01 0.000000000000000000e+00 3.164954716339707375e-03
-3.184807952493429184e-03 0.000000000000000000e+00 -9.999949336051940918e-01 -9.999949336051940918e-01 0.000000000000000000e+00 3.184807952493429184e-03
-3.192879026755690575e-03 -0.000000000000000000e+00 -9.999949336051940918e-01 -9.999949336051940918e-01 0.000000000000000000e+00 3.192879026755690575e-03
-3.203455591574311256e-03 0.000000000000000000e+00 -9.999948740005493164e-01 -9.999948740005493164e-01 0.000000000000000000e+00 3.203455591574311256e-03
-3.205285640433430672e-03 -0.000000000000000000e+00 -9.999948740005493164e-01 -9.999948740005493164e-01 0.000000000000000000e+00 3.205285640433430672e-03
-3.211058443412184715e-03 0.000000000000000000e+00 -9.999948740005493164e-01 -9.999948740005493164e-01 0.000000000000000000e+00 3.211058443412184715e-03
-3.207835601642727852e-03 -0.000000000000000000e+00 -9.999948740005493164e-01 -9.999948740005493164e-01 0.000000000000000000e+00 3.207835601642727852e-03
-3.217923920601606369e-03 0.000000000000000000e+00 -9.999948143959045410e-01 -9.999948143959045410e-01 0.000000000000000000e+00 3.217923920601606369e-03
-3.227459033951163292e-03 0.000000000000000000e+00 -9.999948143959045410e-01 -9.999948143959045410e-01 0.000000000000000000e+00 3.227459033951163292e-03
-3.251990769058465958e-03 0.000000000000000000e+00 -9.999947547912597656e-01 -9.999947547912597656e-01 0.000000000000000000e+00 3.251990769058465958e-03
-3.270331304520368576e-03 0.000000000000000000e+00 -9.999946951866149902e-01 -9.999946951866149902e-01 0.000000000000000000e+00 3.270331304520368576e-03
-3.300984855741262436e-03 0.000000000000000000e+00 -9.999945759773254395e-01 -9.999945759773254395e-01 0.000000000000000000e+00 3.300984855741262436e-03
-3.320936346426606178e-03 0.000000000000000000e+00 -9.999945163726806641e-01 -9.999945163726806641e-01 0.000000000000000000e+00 3.320936346426606178e-03
-3.345065284520387650e-03 0.000000000000000000e+00 -9.999943971633911133e-01 -9.999943971633911133e-01 0.000000000000000000e+00 3.345065284520387650e-03
-3.361188108101487160e-03 0.000000000000000000e+00 -9.999943375587463379e-01 -9.999943375587463379e-01 0.000000000000000000e+00 3.361188108101487160e-03
-3.386398311704397202e-03 0.000000000000000000e+00 -9.999942779541015625e-01 -9.999942779541015625e-01 0.000000000000000000e+00 3.386398311704397202e-03
-3.397417021915316582e-03 0.000000000000000000e+00 -9.999942183494567871e-01 -9.999942183494567871e-01 0.000000000000000000e+00 3.397417021915316582e-03
-3.410653909668326378e-03 0.000000000000000000e+00 -9.999942183494567871e-01 -9.999942183494567871e-01 0.000000000000000000e+00 3.410653909668326378e-03
-3.415435552597045898e-03 0.000000000000000000e+00 -9.999941587448120117e-01 -9.999941587448120117e-01 0.000000000000000000e+00 3.415435552597045898e-03
-3.422974143177270889e-03 0.000000000000000000e+00 -9.999941587448120117e-01 -9.999941587448120117e-01 0.000000000000000000e+00 3.422974143177270889e-03
-3.430692711845040321e-03 0.000000000000000000e+00 -9.999941587448120117e-01 -9.999941587448120117e-01 0.000000000000000000e+00 3.430692711845040321e-03
-3.433574456721544266e-03 0.000000000000000000e+00 -9.999940991401672363e-01 -9.999940991401672363e-01 0.000000000000000000e+00 3.433574456721544266e-03
-3.437575418502092361e-03 0.000000000000000000e+00 -9.999940991401672363e-01 -9.999940991401672363e-01 0.000000000000000000e+00 3.437575418502092361e-03
-3.449101699516177177e-03 0.000000000000000000e+00 -9.999940395355224609e-01 -9.999940395355224609e-01 0.000000000000000000e+00 3.449101699516177177e-03
-3.463027300313115120e-03 0.000000000000000000e+00 -9.999940395355224609e-01 -9.999940395355224609e-01 0.000000000000000000e+00 3.463027300313115120e-03
-3.472256707027554512e-03 0.000000000000000000e+00 -9.999939799308776855e-01 -9.999939799308776855e-01 0.000000000000000000e+00 3.472256707027554512e-03
-3.475412027910351753e-03 0.000000000000000000e+00 -9.999939799308776855e-01 -9.999939799308776855e-01 0.000000000000000000e+00 3.475412027910351753e-03
-3.476623445749282837e-03 0.000000000000000000e+00 -9.999939799308776855e-01 -9.999939799308776855e-01 0.000000000000000000e+00 3.476623445749282837e-03
-3.471950767561793327e-03 0.000000000000000000e+00 -9.999939799308776855e-01 -9.999939799308776855e-01 0.000000000000000000e+00 3.471950767561793327e-03
-3.464753506705164909e-03 0.000000000000000000e+00 -9.999940395355224609e-01 -9.999940395355224609e-01 0.000000000000000000e+00 3.464753506705164909e-03
-3.458642633631825447e-03 0.000000000000000000e+00 -9.999940395355224609e-01 -9.999940395355224609e-01 0.000000000000000000e+00 3.458642633631825447e-03
-3.452519187703728676e-03 0.000000000000000000e+00 -9.999940395355224609e-01 -9.999940395355224609e-01 0.000000000000000000e+00 3.452519187703728676e-03
-3.446585731580853462e-03 0.000000000000000000e+00 -9.999940991401672363e-01 -9.999940991401672363e-01 0.000000000000000000e+00 3.446585731580853462e-03
-3.439885331317782402e-03 0.000000000000000000e+00 -9.999940991401672363e-01 -9.999940991401672363e-01 0.000000000000000000e+00 3.439885331317782402e-03
-3.433397272601723671e-03 0.000000000000000000e+00 -9.999940991401672363e-01 -9.999940991401672363e-01 0.000000000000000000e+00 3.433397272601723671e-03
-3.427384886890649796e-03 0.000000000000000000e+00 -9.999941587448120117e-01 -9.999941587448120117e-01 0.000000000000000000e+00 3.427384886890649796e-03
-3.426041686907410622e-03 0.000000000000000000e+00 -9.999941587448120117e-01 -9.999941587448120117e-01 0.000000000000000000e+00 3.426041686907410622e-03
-3.422780893743038177e-03 0.000000000000000000e+00 -9.999941587448120117e-01 -9.999941587448120117e-01 0.000000000000000000e+00 3.422780893743038177e-03
-3.427962772548198700e-03 0.000000000000000000e+00 -9.999941587448120117e-01 -9.999941587448120117e-01 0.000000000000000000e+00 3.427962772548198700e-03
-3.423392539843916893e-03 0.000000000000000000e+00 -9.999941587448120117e-01 -9.999941587448120117e-01 0.000000000000000000e+00 3.423392539843916893e-03
-3.424501279368996620e-03 0.000000000000000000e+00 -9.999941587448120117e-01 -9.999941587448120117e-01 0.000000000000000000e+00 3.424501279368996620e-03
-3.425387898460030556e-03 0.000000000000000000e+00 -9.999941587448120117e-01 -9.999941587448120117e-01 0.000000000000000000e+00 3.425387898460030556e-03
-3.426259849220514297e-03 0.000000000000000000e+00 -9.999941587448120117e-01 -9.999941587448120117e-01 0.000000000000000000e+00 3.426259849220514297e-03
-3.433865495026111603e-03 0.000000000000000000e+00 -9.999940991401672363e-01 -9.999940991401672363e-01 0.000000000000000000e+00 3.433865495026111603e-03
-3.430901793763041496e-03 0.000000000000000000e+00 -9.999941587448120117e-01 -9.999941587448120117e-01 0.000000000000000000e+00 3.430901793763041496e-03
-3.429260337725281715e-03 0.000000000000000000e+00 -9.999941587448120117e-01 -9.999941587448120117e-01 0.000000000000000000e+00 3.429260337725281715e-03
-3.413291415199637413e-03 0.000000000000000000e+00 -9.999942183494567871e-01 -9.999942183494567871e-01 0.000000000000000000e+00 3.413291415199637413e-03
-3.408554242923855782e-03 0.000000000000000000e+00 -9.999942183494567871e-01 -9.999942183494567871e-01 0.000000000000000000e+00 3.408554242923855782e-03
-3.389918245375156403e-03 0.000000000000000000e+00 -9.999942779541015625e-01 -9.999942779541015625e-01 0.000000000000000000e+00 3.389918245375156403e-03
5.416738390922546387e-01 2.820834051817655563e-03 8.405840396881103516e-01 -1.527978223748505116e-03 9.999960660934448242e-01 -2.371157752349972725e-03
5.416738390922546387e-01 2.830553799867630005e-03 8.405840396881103516e-01 -1.533242990262806416e-03 9.999960064888000488e-01 -2.379327779635787010e-03
6.794040799140930176e-01 2.615549368783831596e-03 7.337597012519836426e-01 -1.777020981535315514e-03 9.999966025352478027e-01 -1.919191214255988598e-03
6.794040203094482422e-01 2.646402223035693169e-03 7.337596416473388672e-01 -1.797982724383473396e-03 9.999965429306030273e-01 -1.941830036230385303e-03
7.965010404586791992e-01 2.552035497501492500e-03 6.046317815780639648e-01 -2.032705815508961678e-03 9.999967813491821289e-01 -1.543046906590461731e-03
7.965009212493896484e-01 2.623721258714795113e-03 6.046316623687744141e-01 -2.089803805574774742e-03 9.999966025352478027e-01 -1.586390542797744274e-03
8.893933296203613281e-01 2.387451939284801483e-03 4.571365714073181152e-01 -2.123389858752489090e-03 9.999971389770507812e-01 -1.091394689865410328e-03
8.893932700157165527e-01 2.435508649796247482e-03 4.571365118026733398e-01 -2.166131278499960899e-03 9.999970197677612305e-01 -1.113363308832049370e-03
9.552621245384216309e-01 2.215143991634249687e-03 2.957522571086883545e-01 -2.116048242896795273e-03 9.999975562095642090e-01 -6.551354308612644672e-04
9.552621245384216309e-01 2.218075795099139214e-03 2.957522571086883545e-01 -2.118848962709307671e-03 9.999975562095642090e-01 -6.560024921782314777e-04
9.921079874038696289e-01 1.965644070878624916e-03 1.253710240125656128e-01 -1.950134988874197006e-03 9.999980926513671875e-01 -2.464352874085307121e-04
9.921079874038696289e-01 1.987361116334795952e-03 1.253710240125656128e-01 -1.971680438145995140e-03 9.999980330467224121e-01 -2.491579507477581501e-04
-4.571366906166076660e-01 2.298358827829360962e-03 8.893935680389404297e-01 1.050666905939579010e-03 9.999973773956298828e-01 -2.044150838628411293e-03
-4.571366906166076660e-01 2.281975699588656425e-03 8.893935680389404297e-01 1.043177675455808640e-03 9.999974370002746582e-01 -2.029580064117908478e-03
-2.957522869110107422e-01 2.176214708015322685e-03 9.552622437477111816e-01 6.436219555325806141e-04 9.999976754188537598e-01 -2.078860532492399216e-03
-2.957522571086883545e-01 2.183597767725586891e-03 9.552621841430664062e-01 6.458055577240884304e-04 9.999976158142089844e-01 -2.085913205519318581e-03
-1.253827810287475586e-01 1.984132453799247742e-03 9.921064972877502441e-01 2.487764868419617414e-04 9.999980330467224121e-01 -1.968474360182881355e-03
-1.253827810287475586e-01 2.006450667977333069e-03 9.921064376831054688e-01 2.515748201403766870e-04 9.999979734420776367e-01 -1.990616321563720703e-03
4.880230501294136047e-02 2.236862434074282646e-03 9.988059401512145996e-01 -1.091643207473680377e-04 9.999974966049194336e-01 -2.234196988865733147e-03
4.880230128765106201e-02 2.261936897411942482e-03 9.988058805465698242e-01 -1.103880131267942488e-04 9.999974370002746582e-01 -2.259241649881005287e-03
2.215082645416259766e-01 2.198423026129603386e-03 9.751560688018798828e-01 -4.869700060226023197e-04 9.999976158142089844e-01 -2.143810736015439034e-03
2.215082496404647827e-01 2.205395139753818512e-03 9.751560091972351074e-01 -4.885143716819584370e-04 9.999975562095642090e-01 -2.150609623640775681e-03
3.874758481979370117e-01 2.020058454945683479e-03 9.218776822090148926e-01 -7.827254012227058411e-04 9.999979734420776367e-01 -1.862250501289963722e-03
3.874758481979370117e-01 2.019063802435994148e-03 9.218776822090148926e-01 -7.823400082997977734e-04 9.999979734420776367e-01 -1.861333614215254784e-03
-3.243378596380352974e-03 0.000000000000000000e+00 -9.999947547912597656e-01 -9.999947547912597656e-01 0.000000000000000000e+00 3.243378596380352974e-03
-3.247597487643361092e-03 0.000000000000000000e+00 -9.999947547912597656e-01 -9.999947547912597656e-01 0.000000000000000000e+00 3.247597487643361092e-03
-3.248378867283463478e-03 0.000000000000000000e+00 -9.999947547912597656e-01 -9.999947547912597656e-01 0.000000000000000000e+00 3.248378867283463478e-03
-3.233954776078462601e-03 0.000000000000000000e+00 -9.999948143959045410e-01 -9.999948143959045410e-01 0.000000000000000000e+00 3.233954776078462601e-03
-3.245587693527340889e-03 0.000000000000000000e+00 -9.999947547912597656e-01 -9.999947547912597656e-01 0.000000000000000000e+00 3.245587693527340889e-03
-3.246301552280783653e-03 0.000000000000000000e+00 -9.999947547912597656e-01 -9.999947547912597656e-01 0.000000000000000000e+00 3.246301552280783653e-03
-3.228954272344708443e-03 0.000000000000000000e+00 -9.999948143959045410e-01 -9.999948143959045410e-01 0.000000000000000000e+00 3.228954272344708443e-03
-3.219506703317165375e-03 0.000000000000000000e+00 -9.999948143959045410e-01 -9.999948143959045410e-01 0.000000000000000000e+00 3.219506703317165375e-03
-3.205591347068548203e-03 0.000000000000000000e+00 -9.999948740005493164e-01 -9.999948740005493164e-01 0.000000000000000000e+00 3.205591347068548203e-03
-3.171628573909401894e-03 0.000000000000000000e+00 -9.999949932098388672e-01 -9.999949932098388672e-01 0.000000000000000000e+00 3.171628573909401894e-03
-3.165440401062369347e-03 0.000000000000000000e+00 -9.999949932098388672e-01 -9.999949932098388672e-01 0.000000000000000000e+00 3.165440401062369347e-03
-3.152569988742470741e-03 0.000000000000000000e+00 -9.999950528144836426e-01 -9.999950528144836426e-01 0.000000000000000000e+00 3.152569988742470741e-03
-3.139673033729195595e-03 0.000000000000000000e+00 -9.999951124191284180e-01 -9.999951124191284180e-01 0.000000000000000000e+00 3.139673033729195595e-03
-3.132226644083857536e-03 0.000000000000000000e+00 -9.999951124191284180e-01 -9.999951124191284180e-01 0.000000000000000000e+00 3.132226644083857536e-03
-3.125523449853062630e-03 0.000000000000000000e+00 -9.999951124191284180e-01 -9.999951124191284180e-01 0.000000000000000000e+00 3.125523449853062630e-03
-3.146375995129346848e-03 0.000000000000000000e+00 -9.999950528144836426e-01 -9.999950528144836426e-01 0.000000000000000000e+00 3.146375995129346848e-03
-3.133669029921293259e-03 0.000000000000000000e+00 -9.999951124191284180e-01 -9.999951124191284180e-01 0.000000000000000000e+00 3.133669029921293259e-03
-3.137396648526191711e-03 0.000000000000000000e+00 -9.999951124191284180e-01 -9.999951124191284180e-01 0.000000000000000000e+00 3.137396648526191711e-03
-3.137466963380575180e-03 0.000000000000000000e+00 -9.999951124191284180e-01 -9.999951124191284180e-01 0.000000000000000000e+00 3.137466963380575180e-03
-3.124847542494535446e-03 0.000000000000000000e+00 -9.999951124191284180e-01 -9.999951124191284180e-01 0.000000000000000000e+00 3.124847542494535446e-03
-3.124449634924530983e-03 0.000000000000000000e+00 -9.999951124191284180e-01 -9.999951124191284180e-01 0.000000000000000000e+00 3.124449634924530983e-03
-3.122732276096940041e-03 0.000000000000000000e+00 -9.999951124191284180e-01 -9.999951124191284180e-01 0.000000000000000000e+00 3.122732276096940041e-03
-3.101333044469356537e-03 0.000000000000000000e+00 -9.999952316284179688e-01 -9.999952316284179688e-01 0.000000000000000000e+00 3.101333044469356537e-03
-3.095468040555715561e-03 0.000000000000000000e+00 -9.999952316284179688e-01 -9.999952316284179688e-01 0.000000000000000000e+00 3.095468040555715561e-03
-3.092346247285604477e-03 0.000000000000000000e+00 -9.999952316284179688e-01 -9.999952316284179688e-01 0.000000000000000000e+00 3.092346247285604477e-03
-3.091494785621762276e-03 0.000000000000000000e+00 -9.999952316284179688e-01 -9.999952316284179688e-01 0.000000000000000000e+00 3.091494785621762276e-03
-3.059936920180916786e-03 -0.000000000000000000e+00 -9.999953508377075195e-01 -9.999953508377075195e-01 0.000000000000000000e+00 3.059936920180916786e-03
-3.053694730624556541e-03 -0.000000000000000000e+00 -9.999953508377075195e-01 -9.999953508377075195e-01 0.000000000000000000e+00 3.053694730624556541e-03
-3.053334774449467659e-03 -0.000000000000000000e+00 -9.999953508377075195e-01 -9.999953508377075195e-01 0.000000000000000000e+00 3.053334774449467659e-03
-3.075521206483244896e-03 0.000000000000000000e+00 -9.999952912330627441e-01 -9.999952912330627441e-01 0.000000000000000000e+00 3.075521206483244896e-03
-3.053817432373762131e-03 -0.000000000000000000e+00 -9.999953508377075195e-01 -9.999953508377075195e-01 0.000000000000000000e+00 3.053817432373762131e-03
-3.059817012399435043e-03 -0.000000000000000000e+00 -9.999953508377075195e-01 -9.999953508377075195e-01 0.000000000000000000e+00 3.059817012399435043e-03
-3.063788870349526405e-03 -0.000000000000000000e+00 -9.999953508377075195e-01 -9.999953508377075195e-01 0.000000000000000000e+00 3.063788870349526405e-03
-3.072547027841210365e-03 0.000000000000000000e+00 -9.999952912330627441e-01 -9.999952912330627441e-01 0.000000000000000000e+00 3.072547027841210365e-03
-3.071068087592720985e-03 0.000000000000000000e+00 -9.999952912330627441e-01 -9.999952912330627441e-01 0.000000000000000000e+00 3.071068087592720985e-03
-3.060438670217990875e-03 0.000000000000000000e+00 -9.999953508377075195e-01 -9.999953508377075195e-01 0.000000000000000000e+00 3.060438670217990875e-03
-3.070360049605369568e-03 0.000000000000000000e+00 -9.999952912330627441e-01 -9.999952912330627441e-01 0.000000000000000000e+00 3.070360049605369568e-03
-3.058327827602624893e-03 0.000000000000000000e+00 -9.999953508377075195e-01 -9.999953508377075195e-01 0.000000000000000000e+00 3.058327827602624893e-03
-3.057188121601939201e-03 0.000000000000000000e+00 -9.999953508377075195e-01 -9.999953508377075195e-01 0.000000000000000000e+00 3.057188121601939201e-03
-3.064281539991497993e-03 0.000000000000000000e+00 -9.999952912330627441e-01 -9.999952912330627441e-01 0.000000000000000000e+00 3.064281539991497993e-03
-3.046178258955478668e-03 -0.000000000000000000e+00 -9.999953508377075195e-01 -9.999953508377075195e-01 0.000000000000000000e+00 3.046178258955478668e-03
-3.042417345568537712e-03 0.000000000000000000e+00 -9.999954104423522949e-01 -9.999954104423522949e-01 0.000000000000000000e+00 3.042417345568537712e-03
-3.067552577704191208e-03 0.000000000000000000e+00 -9.999952912330627441e-01 -9.999952912330627441e-01 0.000000000000000000e+00 3.067552577704191208e-03
-3.041611285880208015e-03 -0.000000000000000000e+00 -9.999954104423522949e-01 -9.999954104423522949e-01 0.000000000000000000e+00 3.041611285880208015e-03
-3.043333068490028381e-03 0.000000000000000000e+00 -9.999954104423522949e-01 -9.999954104423522949e-01 0.000000000000000000e+00 3.043333068490028381e-03
-3.047291422262787819e-03 0.000000000000000000e+00 -9.999953508377075195e-01 -9.999953508377075195e-01 0.000000000000000000e+00 3.047291422262787819e-03
-3.049507737159729004e-03 0.000000000000000000e+00 -9.999953508377075195e-01 -9.999953508377075195e-01 0.000000000000000000e+00 3.049507737159729004e-03
-3.066091099753975868e-03 0.000000000000000000e+00 -9.999952912330627441e-01 -9.999952912330627441e-01 0.000000000000000000e+00 3.066091099753975868e-03
-3.080293536186218262e-03 0.000000000000000000e+00 -9.999952912330627441e-01 -9.999952912330627441e-01 0.000000000000000000e+00 3.080293536186218262e-03
-3.097102046012878418e-03 -0.000000000000000000e+00 -9.999952316284179688e-01 -9.999952316284179688e-01 0.000000000000000000e+00 3.097102046012878418e-03
-3.116737119853496552e-03 0.000000000000000000e+00 -9.999951720237731934e-01 -9.999951720237731934e-01 0.000000000000000000e+00 3.116737119853496552e-03
-3.144120099022984505e-03 0.000000000000000000e+00 -9.999950528144836426e-01 -9.999950528144836426e-01 0.000000000000000000e+00 3.144120099022984505e-03
-3.147016745060682297e-03 0.000000000000000000e+00 -9.999950528144836426e-01 -9.999950528144836426e-01 0.000000000000000000e+00 3.147016745060682297e-03
-3.151484299451112747e-03 0.000000000000000000e+00 -9.999950528144836426e-01 -9.999950528144836426e-01 0.000000000000000000e+00 3.151484299451112747e-03
-3.137496300041675568e-03 0.000000000000000000e+00 -9.999951124191284180e-01 -9.999951124191284180e-01 0.000000000000000000e+00 3.137496300041675568e-03
-3.157909493893384933e-03 0.000000000000000000e+00 -9.999950528144836426e-01 -9.999950528144836426e-01 0.000000000000000000e+00 3.157909493893384933e-03
-3.143292153254151344e-03 0.000000000000000000e+00 -9.999950528144836426e-01 -9.999950528144836426e-01 0.000000000000000000e+00 3.143292153254151344e-03
-3.146352479234337807e-03 0.000000000000000000e+00 -9.999950528144836426e-01 -9.999950528144836426e-01 0.000000000000000000e+00 3.146352479234337807e-03
-3.158962819725275040e-03 0.000000000000000000e+00 -9.999950528144836426e-01 -9.999950528144836426e-01 0.000000000000000000e+00 3.158962819725275040e-03
-3.171160351485013962e-03 0.000000000000000000e+00 -9.999949932098388672e-01 -9.999949932098388672e-01 0.000000000000000000e+00 3.171160351485013962e-03
-3.186655696481466293e-03 0.000000000000000000e+00 -9.999949336051940918e-01 -9.999949336051940918e-01 0.000000000000000000e+00 3.186655696481466293e-03
-3.182208398357033730e-03 0.000000000000000000e+00 -9.999949336051940918e-01 -9.999949336051940918e-01 0.000000000000000000e+00 3.182208398357033730e-03
-3.187272930517792702e-03 0.000000000000000000e+00 -9.999949336051940918e-01 -9.999949336051940918e-01 0.000000000000000000e+00 3.187272930517792702e-03
-3.185690147802233696e-03 0.000000000000000000e+00 -9.999949336051940918e-01 -9.999949336051940918e-01 0.000000000000000000e+00 3.185690147802233696e-03
-3.187533468008041382e-03 0.000000000000000000e+00 -9.999949336051940918e-01 -9.999949336051940918e-01 0.000000000000000000e+00 3.187533468008041382e-03
-3.189005190506577492e-03 0.000000000000000000e+00 -9.999949336051940918e-01 -9.999949336051940918e-01 0.000000000000000000e+00 3.189005190506577492e-03
-3.198239021003246307e-03 0.000000000000000000e+00 -9.999948740005493164e-01 -9.999948740005493164e-01 0.000000000000000000e+00 3.198239021003246307e-03
-3.210357623174786568e-03 0.000000000000000000e+00 -9.999948740005493164e-01 -9.999948740005493164e-01 0.000000000000000000e+00 3.210357623174786568e-03
-3.229518886655569077e-03 0.000000000000000000e+00 -9.999948143959045410e-01 -9.999948143959045410e-01 0.000000000000000000e+00 3.229518886655569077e-03
-3.225352615118026733e-03 0.000000000000000000e+00 -9.999948143959045410e-01 -9.999948143959045410e-01 0.000000000000000000e+00 3.225352615118026733e-03
-3.237755037844181061e-03 0.000000000000000000e+00 -9.999947547912597656e-01 -9.999947547912597656e-01 0.000000000000000000e+00 3.237755037844181061e-03
-3.242553444579243660e-03 0.000000000000000000e+00 -9.999947547912597656e-01 -9.999947547912597656e-01 0.000000000000000000e+00 3.242553444579243660e-03
-3.242676379159092903e-03 0.000000000000000000e+00 -9.999947547912597656e-01 -9.999947547912597656e-01 0.000000000000000000e+00 3.242676379159092903e-03
-3.245485248044133186e-03 0.000000000000000000e+00 -9.999947547912597656e-01 -9.999947547912597656e-01 0.000000000000000000e+00 3.245485248044133186e-03
-3.235630923882126808e-03 0.000000000000000000e+00 -9.999947547912597656e-01 -9.999947547912597656e-01 0.000000000000000000e+00 3.235630923882126808e-03
-3.253844100981950760e-03 0.000000000000000000e+00 -9.999946951866149902e-01 -9.999946951866149902e-01 0.000000000000000000e+00 3.253844100981950760e-03
-3.246149281039834023e-03 0.000000000000000000e+00 -9.999947547912597656e-01 -9.999947547912597656e-01 0.000000000000000000e+00 3.246149281039834023e-03
-3.253086237236857414e-03 0.000000000000000000e+00 -9.999946951866149902e-01 -9.999946951866149902e-01 0.000000000000000000e+00 3.253086237236857414e-03
-3.253849921748042107e-03 0.000000000000000000e+00 -9.999946951866149902e-01 -9.999946951866149902e-01 0.000000000000000000e+00 3.253849921748042107e-03
-3.253548638895153999e-03 0.000000000000000000e+00 -9.999946951866149902e-01 -9.999946951866149902e-01 0.000000000000000000e+00 3.253548638895153999e-03
-3.247808199375867844e-03 0.000000000000000000e+00 -9.999947547912597656e-01 -9.999947547912597656e-01 0.000000000000000000e+00 3.247808199375867844e-03
-3.254754003137350082e-03 0.000000000000000000e+00 -9.999946951866149902e-01 -9.999946951866149902e-01 0.000000000000000000e+00 3.254754003137350082e-03
-3.249613568186759949e-03 0.000000000000000000e+00 -9.999947547912597656e-01 -9.999947547912597656e-01 0.000000000000000000e+00 3.249613568186759949e-03
-3.249806584790349007e-03 0.000000000000000000e+00 -9.999947547912597656e-01 -9.999947547912597656e-01 0.000000000000000000e+00 3.249806584790349007e-03
-3.248855704441666603e-03 0.000000000000000000e+00 -9.999947547912597656e-01 -9.999947547912597656e-01 0.000000000000000000e+00 3.248855704441666603e-03
7.654792815446853638e-02 2.764763543382287025e-03 9.970620870590209961e-01 -2.116377290803939104e-04 9.999961853027343750e-01 -2.756651490926742554e-03
7.654792815446853638e-02 2.747401827946305275e-03 9.970621466636657715e-01 -2.103087172145023942e-04 9.999962449073791504e-01 -2.739340765401721001e-03
-7.654792070388793945e-02 2.804914722219109535e-03 9.970619678497314453e-01 2.147112245438620448e-04 9.999960660934448242e-01 -2.796684857457876205e-03
-7.654792070388793945e-02 2.809119177982211113e-03 9.970619678497314453e-01 2.150330692529678345e-04 9.999960660934448242e-01 -2.800876973196864128e-03
-2.278549671173095703e-01 2.843430265784263611e-03 9.736909270286560059e-01 6.478923605754971504e-04 9.999959468841552734e-01 -2.768633421510457993e-03
-2.278549671173095703e-01 2.845381852239370346e-03 9.736909270286560059e-01 6.483370088972151279e-04 9.999959468841552734e-01 -2.770533785223960876e-03
-3.738181889057159424e-01 2.870780881494283676e-03 9.274975657463073730e-01 1.073154504410922527e-03 9.999958872795104980e-01 -2.662653336301445961e-03
-3.738181889057159424e-01 2.877514576539397240e-03 9.274975657463073730e-01 1.075671752914786339e-03 9.999958872795104980e-01 -2.668898785486817360e-03
-5.110171437263488770e-01 2.972305519506335258e-03 8.595653772354125977e-01 1.518905861303210258e-03 9.999955892562866211e-01 -2.554902341216802597e-03
-5.110171437263488770e-01 2.976765856146812439e-03 8.595653772354125977e-01 1.521185156889259815e-03 9.999955892562866211e-01 -2.558736130595207214e-03
-6.362360715866088867e-01 2.974391449242830276e-03 7.714887261390686035e-01 1.892423490062355995e-03 9.999955892562866211e-01 -2.294719684869050980e-03
-6.362360119819641113e-01 2.985527273267507553e-03 7.714886665344238281e-01 1.899508526548743248e-03 9.999955296516418457e-01 -2.303310669958591461e-03
-7.465513944625854492e-01 2.901277039200067520e-03 6.653215289115905762e-01 2.165961544960737228e-03 9.999958276748657227e-01 -1.930290018208324909e-03
-7.465513348579406738e-01 2.905796980485320091e-03 6.653214693069458008e-01 2.169335726648569107e-03 9.999957680702209473e-01 -1.933297258801758289e-03
-8.393642902374267578e-01 2.960242331027984619e-03 5.435613393783569336e-01 2.484732540324330330e-03 9.999956488609313965e-01 -1.609080121852457523e-03
-8.393642306327819824e-01 2.968421438708901405e-03 5.435612797737121582e-01 2.491597784683108330e-03 9.999955892562866211e-01 -1.613526022993028164e-03
-9.125006794929504395e-01 2.956095151603221893e-03 4.090645015239715576e-01 2.697450574487447739e-03 9.999956488609313965e-01 -1.209238893352448940e-03
-9.125006794929504395e-01 2.952859038487076759e-03 4.090645015239715576e-01 2.694497583433985710e-03 9.999956488609313965e-01 -1.207915134727954865e-03
-9.642471075057983398e-01 2.935062628239393234e-03 2.649886310100555420e-01 2.830137731507420540e-03 9.999957084655761719e-01 -7.777615683153271675e-04
-9.642471671104431152e-01 2.916062250733375549e-03 2.649886310100555420e-01 2.811816520988941193e-03 9.999957680702209473e-01 -7.727266638539731503e-04
-9.934003949165344238e-01 2.225672826170921326e-03 1.146768331527709961e-01 2.210989594459533691e-03 9.999975562095642090e-01 -2.552337537053972483e-04
-9.934005141258239746e-01 2.170314779505133629e-03 1.146768480539321899e-01 2.155996859073638916e-03 9.999976754188537598e-01 -2.488854515831917524e-04
-9.992647767066955566e-01 1.761625637300312519e-03 -3.829916939139366150e-02 1.760333194397389889e-03 9.999984502792358398e-01 6.746890721842646599e-05
-9.992647767066955566e-01 1.768052228726446629e-03 -3.829916939139366150e-02 1.766755012795329094e-03 9.999984502792358398e-01 6.771503831259906292e-05
-9.817071557044982910e-01 1.457805978134274483e-03 -1.903915703296661377e-01 1.431139884516596794e-03 9.999989271163940430e-01 2.775542379822582006e-04
-9.817071557044982910e-01 1.477214391343295574e-03 -1.903915703296661377e-01 1.450193347409367561e-03 9.999989271163940430e-01 2.812494349200278521e-04
-9.411379694938659668e-01 1.470942748710513115e-03 -3.380196094512939453e-01 1.384361530654132366e-03 9.999989271163940430e-01 4.972080350853502750e-04
-9.411379098892211914e-01 1.494871685281395912e-03 -3.380195796489715576e-01 1.406882191076874733e-03 9.999989271163940430e-01 5.052965134382247925e-04
-8.785117864608764648e-01 2.147965598851442337e-03 -4.777158796787261963e-01 1.887017511762678623e-03 9.999977350234985352e-01 1.026119804009795189e-03
-8.785116672515869141e-01 2.212702296674251556e-03 -4.777158200740814209e-01 1.943889539688825607e-03 9.999975562095642090e-01 1.057045417837798595e-03
-7.952893972396850586e-01 2.419834956526756287e-03 -6.062251329421997070e-01 1.924474723637104034e-03 9.999970793724060059e-01 1.466969144530594349e-03
-7.952892780303955078e-01 2.503635361790657043e-03 -6.062250733375549316e-01 1.991120632737874985e-03 9.999969005584716797e-01 1.517771161161363125e-03
-6.934313178062438965e-01 2.605139277875423431e-03 -7.205179929733276367e-01 1.806491403840482235e-03 9.999966025352478027e-01 1.877056085504591465e-03
-6.934311985969543457e-01 2.673069713637232780e-03 -7.205178737640380859e-01 1.853596651926636696e-03 9.999964237213134766e-01 1.926001394167542458e-03
-5.753130912780761719e-01 2.739686286076903343e-03 -8.179287314414978027e-01 1.576183247379958630e-03 9.999962449073791504e-01 2.240876667201519012e-03
-5.753129720687866211e-01 2.804366173222661018e-03 -8.179286122322082520e-01 1.613394590094685555e-03 9.999960660934448242e-01 2.293780446052551270e-03
-4.437241554260253906e-01 2.824198920279741287e-03 -8.961589932441711426e-01 1.253170194104313850e-03 9.999960064888000488e-01 2.530941274017095566e-03
-4.437240660190582275e-01 2.893570112064480782e-03 -8.961588144302368164e-01 1.283952035009860992e-03 9.999958276748657227e-01 2.593109151348471642e-03
-3.017128109931945801e-01 2.933504758402705193e-03 -9.533943533897399902e-01 8.850797312334179878e-04 9.999957084655761719e-01 2.796798944473266602e-03
-3.017127811908721924e-01 2.980187768116593361e-03 -9.533942341804504395e-01 8.991646463982760906e-04 9.999955892562866211e-01 2.841306384652853012e-03
-1.526529341936111450e-01 2.942184451967477798e-03 -9.882755279541015625e-01 4.491350264288485050e-04 9.999957084655761719e-01 2.907701302319765091e-03
-1.526529043912887573e-01 3.019529627636075020e-03 -9.882752895355224609e-01 4.609420429915189743e-04 9.999954700469970703e-01 2.984140068292617798e-03
0.000000000000000000e+00 3.013335634022951126e-03 -9.999954700469970703e-01 0.000000000000000000e+00 9.999954700469970703e-01 3.013335634022951126e-03
0.000000000000000000e+00 3.049030900001525879e-03 -9.999953508377075195e-01 0.000000000000000000e+00 9.999953508377075195e-01 3.049030900001525879e-03
1.526544243097305298e-01 2.977617317810654640e-03 -9.882751703262329102e-01 -4.545484553091228008e-04 9.999955892562866211e-01 2.942718332633376122e-03
1.526544094085693359e-01 2.985850675031542778e-03 -9.882751107215881348e-01 -4.558053042273968458e-04 9.999955296516418457e-01 2.950855065137147903e-03
3.017100691795349121e-01 2.778070513159036636e-03 -9.533957242965698242e-01 -8.381750085391104221e-04 9.999961853027343750e-01 2.648610621690750122e-03
3.017100393772125244e-01 2.784527605399489403e-03 -9.533956646919250488e-01 -8.401231607422232628e-04 9.999961256980895996e-01 2.654766896739602089e-03
4.437244534492492676e-01 2.560633234679698944e-03 -8.961596488952636719e-01 -1.136219361796975136e-03 9.999967217445373535e-01 2.294743666425347328e-03
4.437244832515716553e-01 2.539837732911109924e-03 -8.961597084999084473e-01 -1.126991817727684975e-03 9.999967813491821289e-01 2.276107436046004295e-03
5.753137469291687012e-01 2.263875212520360947e-03 -8.179297447204589844e-01 -1.302441931329667568e-03 9.999974370002746582e-01 1.851695589721202850e-03
5.753138065338134766e-01 2.235054271295666695e-03 -8.179298043251037598e-01 -1.285860780626535416e-03 9.999974966049194336e-01 1.828122069127857685e-03
6.934323906898498535e-01 1.957044936716556549e-03 -7.205190658569335938e-01 -1.357080880552530289e-03 9.999980926513671875e-01 1.410090830177068710e-03
6.934323906898498535e-01 1.938454224728047848e-03 -7.205190658569335938e-01 -1.344189629890024662e-03 9.999981522560119629e-01 1.396695966832339764e-03
7.952904701232910156e-01 1.757149118930101395e-03 -6.062259674072265625e-01 -1.397446147166192532e-03 9.999984502792358398e-01 1.065231044776737690e-03
7.952904701232910156e-01 1.756663434207439423e-03 -6.062259674072265625e-01 -1.397059881128370762e-03 9.999984502792358398e-01 1.064936630427837372e-03
8.785122632980346680e-01 1.898999325931072235e-03 -4.777161180973052979e-01 -1.668297103606164455e-03 9.999982118606567383e-01 9.071842068806290627e-04
8.785122632980346680e-01 1.904574455693364143e-03 -4.777161180973052979e-01 -1.673194929026067257e-03 9.999982118606567383e-01 9.098475566133856773e-04
9.411360621452331543e-01 2.490319777280092239e-03 -3.380189239978790283e-01 -2.343737054616212845e-03 9.999969005584716797e-01 8.417778299190104008e-04
9.411360025405883789e-01 2.502830466255545616e-03 -3.380188941955566406e-01 -2.355511533096432686e-03 9.999969005584716797e-01 8.460067328996956348e-04
9.817042946815490723e-01 2.828832017257809639e-03 -1.903910189867019653e-01 -2.777087269350886345e-03 9.999960064888000488e-01 5.385862896218895912e-04
9.817041754722595215e-01 2.870111027732491493e-03 -1.903909891843795776e-01 -2.817611210048198700e-03 9.999958872795104980e-01 5.464454297907650471e-04
9.992634654045104980e-01 2.395650139078497887e-03 -3.829912096261978149e-02 -2.393892500549554825e-03 9.999971389770507812e-01 9.175154991680756211e-05
9.992634654045104980e-01 2.394049661234021187e-03 -3.829912096261978149e-02 -2.392293186858296394e-03 9.999971389770507812e-01 9.169025724986568093e-05
9.934010505676269531e-01 1.154494937509298325e-03 1.146869659423828125e-01 -1.146877184510231018e-03 9.999993443489074707e-01 -1.324056065641343594e-04
9.934010505676269531e-01 1.152932527475059032e-03 1.146869659423828125e-01 -1.145325135439634323e-03 9.999993443489074707e-01 -1.322264142800122499e-04
9.642534852027893066e-01 8.543569128960371017e-04 2.649803459644317627e-01 -8.238168084062635899e-04 9.999996423721313477e-01 -2.263878268422558904e-04
9.642534852027893066e-01 8.518641116097569466e-04 2.649803459644317627e-01 -8.214131230488419533e-04 9.999996423721313477e-01 -2.257272863062098622e-04
9.125043749809265137e-01 8.720084442757070065e-04 4.090661406517028809e-01 -7.957117632031440735e-04 9.999996423721313477e-01 -3.567092644516378641e-04
9.125043749809265137e-01 8.681872859597206116e-04 4.090661406517028809e-01 -7.922249496914446354e-04 9.999996423721313477e-01 -3.551461559254676104e-04
8.393626809120178223e-01 1.287758001126348972e-03 5.435703396797180176e-01 -1.080896705389022827e-03 9.999991655349731445e-01 -6.999875186011195183e-04
8.393626809120178223e-01 1.282854238525032997e-03 5.435703396797180176e-01 -1.076780725270509720e-03 9.999991655349731445e-01 -6.973220151849091053e-04
7.465536594390869141e-01 1.530953217297792435e-03 6.653235554695129395e-01 -1.142940018326044083e-03 9.999988675117492676e-01 -1.018580398522317410e-03
7.465535998344421387e-01 1.541954232379794121e-03 6.653234958648681641e-01 -1.151152886450290680e-03 9.999988079071044922e-01 -1.025899546220898628e-03
6.362378001213073730e-01 1.864494988694787025e-03 7.714908123016357422e-01 -1.186264213174581528e-03 9.999982714653015137e-01 -1.438443199731409550e-03
6.362378001213073730e-01 1.859301701188087463e-03 7.714908123016357422e-01 -1.182959997095167637e-03 9.999982714653015137e-01 -1.434436650015413761e-03
5.110227465629577637e-01 2.067837398499250412e-03 8.595647215843200684e-01 -1.056714216247200966e-03 9.999978542327880859e-01 -1.777443918399512768e-03
5.110227465629577637e-01 2.085471292957663536e-03 8.595647215843200684e-01 -1.065725460648536682e-03 9.999978542327880859e-01 -1.792601426132023335e-03
3.738188147544860840e-01 2.254303544759750366e-03 9.274990558624267578e-01 -8.427031571045517921e-04 9.999974966049194336e-01 -2.090869704261422157e-03
3.738188147544860840e-01 2.251105615869164467e-03 9.274990558624267578e-01 -8.415076881647109985e-04 9.999974966049194336e-01 -2.087903674691915512e-03
2.278552204370498657e-01 2.439593430608510971e-03 9.736919999122619629e-01 -5.558756529353559017e-04 9.999970197677612305e-01 -2.375419251620769501e-03
2.278552204370498657e-01 2.441565506160259247e-03 9.736919999122619629e-01 -5.563250160776078701e-04 9.999970197677612305e-01 -2.377339638769626617e-03
-9.988076686859130859e-01 1.277461880818009377e-03 4.880239069461822510e-02 1.275939750485122204e-03 9.999992251396179199e-01 -6.234324246179312468e-05
-9.988076686859130859e-01 1.270200009457767010e-03 4.880239069461822510e-02 1.268686493858695030e-03 9.999992251396179199e-01 -6.198884511832147837e-05
-9.751592874526977539e-01 1.100069959647953510e-03 2.215021401643753052e-01 1.072744140401482582e-03 9.999994039535522461e-01 -2.436679933452978730e-04
-9.751593470573425293e-01 1.009803614579141140e-03 2.215021550655364990e-01 9.847200708463788033e-04 9.999995231628417969e-01 -2.236738073406741023e-04
-9.218789339065551758e-01 1.143432338722050190e-03 3.874763548374176025e-01 1.054106862284243107e-03 9.999993443489074707e-01 -4.430533153936266899e-04
-9.218789935111999512e-01 1.098760636523365974e-03 3.874763846397399902e-01 1.012924942187964916e-03 9.999994039535522461e-01 -4.257440741639584303e-04
-8.405928611755371094e-01 1.361108501441776752e-03 5.416658520698547363e-01 1.144139096140861511e-03 9.999991059303283691e-01 -7.372666150331497192e-04
-8.405928611755371094e-01 1.339189708232879639e-03 5.416659116744995117e-01 1.125714159570634365e-03 9.999991059303283691e-01 -7.253938820213079453e-04
-7.337543964385986328e-01 1.642547314986586571e-03 6.794128417968750000e-01 1.205228152684867382e-03 9.999986886978149414e-01 -1.115969382226467133e-03
-7.337543964385986328e-01 1.643448485992848873e-03 6.794128417968750000e-01 1.205889391712844372e-03 9.999986886978149414e-01 -1.116581726819276810e-03
-6.046393513679504395e-01 1.816060859709978104e-03 7.964974045753479004e-01 1.098063657991588116e-03 9.999983906745910645e-01 -1.446490059606730938e-03
-6.046393513679504395e-01 1.800480764359235764e-03 7.964973449707031250e-01 1.088643213734030724e-03 9.999983906745910645e-01 -1.434080535545945168e-03
4.663446545600891113e-01 2.440119860693812370e-03 8.845997452735900879e-01 -1.137940329499542713e-03 9.999970197677612305e-01 -2.158535877242684364e-03
4.663446545600891113e-01 2.438853029161691666e-03 8.845997452735900879e-01 -1.137349521741271019e-03 9.999970197677612305e-01 -2.157415263354778290e-03
5.329137444496154785e-01 2.283184090629220009e-03 -8.461664915084838867e-01 -1.216743374243378639e-03 9.999974370002746582e-01 1.931959064677357674e-03
5.329138040542602539e-01 2.252113539725542068e-03 -8.461666107177734375e-01 -1.200185390189290047e-03 9.999974966049194336e-01 1.905667944811284542e-03
-5.329132080078125000e-01 2.150666201487183571e-03 8.461671471595764160e-01 1.146121066994965076e-03 9.999976754188537598e-01 -1.819827361032366753e-03
-5.329132080078125000e-01 2.180554904043674469e-03 8.461670875549316406e-01 1.162049244157969952e-03 9.999976158142089844e-01 -1.845118240453302860e-03
9.988079667091369629e-01 1.010596635751426220e-03 -4.880240559577941895e-02 -1.009392435662448406e-03 9.999995231628417969e-01 4.931956573273055255e-05
9.988079071044921875e-01 1.037171809002757072e-03 -4.880240187048912048e-02 -1.035935943946242332e-03 9.999994635581970215e-01 5.061650153947994113e-05
9.751609563827514648e-01 8.907221490517258644e-04 -2.214957028627395630e-01 -8.685977663844823837e-04 9.999996423721313477e-01 1.972911995835602283e-04
9.751610159873962402e-01 7.973514148034155369e-04 -2.214957177639007568e-01 -7.775462581776082516e-04 9.999997019767761230e-01 1.766099740052595735e-04
9.218791723251342773e-01 8.670754614286124706e-04 -3.874764740467071533e-01 -7.993390900082886219e-04 9.999996423721313477e-01 3.359714755788445473e-04
9.218792319297790527e-01 7.985085831023752689e-04 -3.874765038490295410e-01 -7.361287134699523449e-04 9.999997019767761230e-01 3.094034036621451378e-04
8.405931591987609863e-01 1.055954257026314735e-03 -5.416660904884338379e-01 -8.876282954588532448e-04 9.999994635581970215e-01 5.719747859984636307e-04
8.405931591987609863e-01 1.005186699330806732e-03 -5.416660904884338379e-01 -8.449534652754664421e-04 9.999995231628417969e-01 5.444757989607751369e-04
7.337546944618225098e-01 1.373691018670797348e-03 -6.794131398200988770e-01 -1.007953193038702011e-03 9.999990463256835938e-01 9.333046036772429943e-04
7.337546944618225098e-01 1.368263503536581993e-03 -6.794131398200988770e-01 -1.003970857709646225e-03 9.999991059303283691e-01 9.296171483583748341e-04
6.046329140663146973e-01 1.680278917774558067e-03 -7.965025901794433594e-01 -1.015953370369970798e-03 9.999986290931701660e-01 1.338348374702036381e-03
6.046328544616699219e-01 1.688681775704026222e-03 -7.965025305747985840e-01 -1.021033967845141888e-03 9.999985694885253906e-01 1.345041207969188690e-03
-5.416743755340576172e-01 2.423612400889396667e-03 -8.405849337577819824e-01 1.312812673859298229e-03 9.999970793724060059e-01 2.037257887423038483e-03
-5.416743755340576172e-01 2.445655642077326775e-03 -8.405848741531372070e-01 1.324752927757799625e-03 9.999970197677612305e-01 2.055787248536944389e-03
-6.794043779373168945e-01 2.442935947328805923e-03 -7.337599992752075195e-01 1.659746281802654266e-03 9.999970197677612305e-01 1.792534021660685539e-03
-6.794043183326721191e-01 2.459067385643720627e-03 -7.337599992752075195e-01 1.670706202276051044e-03 9.999970197677612305e-01 1.804370782338082790e-03
-7.965012192726135254e-01 2.490704413503408432e-03 -6.046319007873535156e-01 1.983855152502655983e-03 9.999969005584716797e-01 1.505963969975709915e-03
-7.965011596679687500e-01 2.522062044590711594e-03 -6.046318411827087402e-01 2.008831594139337540e-03 9.999968409538269043e-01 1.524923834949731827e-03
-8.893930315971374512e-01 2.545009134337306023e-03 -4.571364223957061768e-01 2.263520611450076103e-03 9.999967813491821289e-01 1.163420034572482109e-03
-8.893929719924926758e-01 2.565617207437753677e-03 -4.571363925933837891e-01 2.281849505379796028e-03 9.999967217445373535e-01 1.172840828076004982e-03
-9.552611708641052246e-01 2.637607278302311897e-03 -2.957519590854644775e-01 2.519612433388829231e-03 9.999965429306030273e-01 7.800802122801542282e-04
-9.552611112594604492e-01 2.646705135703086853e-03 -2.957519292831420898e-01 2.528303302824497223e-03 9.999964833259582520e-01 7.827709196135401726e-04
-9.921062588691711426e-01 2.392093883827328682e-03 -1.253776550292968750e-01 2.373217837885022163e-03 9.999971389770507812e-01 2.999159041792154312e-04
-9.921062588691711426e-01 2.389277797192335129e-03 -1.253776550292968750e-01 2.370423870161175728e-03 9.999971389770507812e-01 2.995628456119447947e-04
7.299488037824630737e-02 2.526381751522421837e-03 9.973291158676147461e-01 -1.844135549617931247e-04 9.999968409538269043e-01 -2.519642468541860580e-03
7.299487292766571045e-02 2.614335156977176666e-03 9.973289370536804199e-01 -1.908336998894810677e-04 9.999966025352478027e-01 -2.607360947877168655e-03
-7.299492508172988892e-02 2.290887758135795593e-03 9.973297119140625000e-01 1.672236248850822449e-04 9.999973773956298828e-01 -2.284776419401168823e-03
-7.299491763114929199e-02 2.362244529649615288e-03 9.973295331001281738e-01 1.724323228700086474e-04 9.999971985816955566e-01 -2.355942735448479652e-03
-2.174356877803802490e-01 2.411922207102179527e-03 9.760716557502746582e-01 5.244394997134804726e-04 9.999970793724060059e-01 -2.354215830564498901e-03
-2.174356877803802490e-01 2.440302632749080658e-03 9.760715961456298828e-01 5.306104430928826332e-04 9.999970197677612305e-01 -2.381917322054505348e-03
-3.572295010089874268e-01 2.507039578631520271e-03 9.340133070945739746e-01 8.955912198871374130e-04 9.999969005584716797e-01 -2.341615734621882439e-03
-3.572294414043426514e-01 2.557008061558008194e-03 9.340131878852844238e-01 9.134415304288268089e-04 9.999967217445373535e-01 -2.388287102803587914e-03
-4.894132018089294434e-01 2.541789319366216660e-03 8.720483779907226562e-01 1.243989216163754463e-03 9.999967813491821289e-01 -2.216570312157273293e-03
-4.894131422042846680e-01 2.586646704003214836e-03 8.720482587814331055e-01 1.265943166799843311e-03 9.999966621398925781e-01 -2.255688421428203583e-03
-6.111717224121093750e-01 2.505076117813587189e-03 7.914940714836120605e-01 1.531036570668220520e-03 9.999969005584716797e-01 -1.982759451493620872e-03
-6.111716032028198242e-01 2.591765485703945160e-03 7.914939522743225098e-01 1.584018697030842304e-03 9.999966621398925781e-01 -2.051373478025197983e-03
-7.198975682258605957e-01 2.498754765838384628e-03 6.940759420394897461e-01 1.798853045329451561e-03 9.999969005584716797e-01 -1.734330900944769382e-03
-7.198973894119262695e-01 2.568752272054553032e-03 6.940758228302001953e-01 1.849244232289493084e-03 9.999967217445373535e-01 -1.782914623618125916e-03
-8.132926225662231445e-01 2.458511618897318840e-03 5.818498134613037109e-01 1.999495318159461021e-03 9.999970197677612305e-01 -1.430488773621618748e-03
-8.132924437522888184e-01 2.517155371606349945e-03 5.818496942520141602e-01 2.047189977020025253e-03 9.999968409538269043e-01 -1.464610686525702477e-03
-8.893379569053649902e-01 2.457070630043745041e-03 4.572439491748809814e-01 2.185172634199261665e-03 9.999970197677612305e-01 -1.123484107665717602e-03
-8.893379569053649902e-01 2.469659084454178810e-03 4.572439491748809814e-01 2.196367830038070679e-03 9.999969601631164551e-01 -1.129239914007484913e-03
-9.464382529258728027e-01 2.332976087927818298e-03 3.228765428066253662e-01 2.208023797720670700e-03 9.999973177909851074e-01 -7.532652816735208035e-04
-9.464380741119384766e-01 2.420582575723528862e-03 3.228764533996582031e-01 2.290938049554824829e-03 9.999970793724060059e-01 -7.815514109097421169e-04
-9.833627939224243164e-01 2.241865731775760651e-03 1.816386431455612183e-01 2.204572781920433044e-03 9.999974966049194336e-01 -4.072104929946362972e-04
-9.833625555038452148e-01 2.346462570130825043e-03 1.816386133432388306e-01 2.307429676875472069e-03 9.999972581863403320e-01 -4.262093571014702320e-04
-9.993304014205932617e-01 2.146087121218442917e-03 3.652558848261833191e-02 2.144655212759971619e-03 9.999977350234985352e-01 -7.838728924980387092e-05
-9.993301630020141602e-01 2.255429746583104134e-03 3.652558103203773499e-02 2.253924962133169174e-03 9.999974966049194336e-01 -8.238109876401722431e-05
-9.939986467361450195e-01 2.096226438879966736e-03 -1.093721464276313782e-01 2.083650790154933929e-03 9.999977946281433105e-01 2.292692806804552674e-04
-9.939987659454345703e-01 2.046925015747547150e-03 -1.093721538782119751e-01 2.034645294770598412e-03 9.999979138374328613e-01 2.238770684925839305e-04
-9.674817323684692383e-01 1.960027962923049927e-03 -2.529335021972656250e-01 1.896294881589710712e-03 9.999980926513671875e-01 4.957576747983694077e-04
-9.674817323684692383e-01 1.960193272680044174e-03 -2.529335021972656250e-01 1.896454836241900921e-03 9.999980926513671875e-01 4.957994678989052773e-04
-9.203439354896545410e-01 1.866518286988139153e-03 -3.911055624485015869e-01 1.717841834761202335e-03 9.999982714653015137e-01 7.300069555640220642e-04
-9.203438758850097656e-01 1.891181454993784428e-03 -3.911055624485015869e-01 1.740540377795696259e-03 9.999982118606567383e-01 7.396528962999582291e-04
-8.535904288291931152e-01 1.930067315697669983e-03 -5.209413170814514160e-01 1.647489960305392742e-03 9.999981522560119629e-01 1.005453639663755894e-03
-8.535903096199035645e-01 1.989961834624409676e-03 -5.209412574768066406e-01 1.698615495115518570e-03 9.999980330467224121e-01 1.036655274219810963e-03
-7.686478495597839355e-01 2.053278498351573944e-03 -6.396689414978027344e-01 1.578251365572214127e-03 9.999979138374328613e-01 1.313421176746487617e-03
-7.686477899551391602e-01 2.094697905704379082e-03 -6.396688222885131836e-01 1.610088394954800606e-03 9.999977946281433105e-01 1.339915907010436058e-03
-6.673157215118408203e-01 2.187301870435476303e-03 -7.447717189788818359e-01 1.459624501876533031e-03 9.999976158142089844e-01 1.629044534638524055e-03
-6.673156619071960449e-01 2.235822379589080811e-03 -7.447716593742370605e-01 1.492002978920936584e-03 9.999974966049194336e-01 1.665181247517466545e-03
-5.517621636390686035e-01 2.354500116780400276e-03 -8.339982628822326660e-01 1.299127587117254734e-03 9.999972581863403320e-01 1.963654300197958946e-03
-5.517621040344238281e-01 2.400591736659407616e-03 -8.339981436729431152e-01 1.324559212662279606e-03 9.999971389770507812e-01 2.002094872295856476e-03
-4.244595468044281006e-01 2.516317181289196014e-03 -9.054434299468994141e-01 1.068078214302659035e-03 9.999968409538269043e-01 2.278390107676386833e-03
-4.244595170021057129e-01 2.542304340749979019e-03 -9.054433703422546387e-01 1.079108798876404762e-03 9.999967813491821289e-01 2.301919972524046898e-03
-2.880985438823699951e-01 2.620574785396456718e-03 -9.575971961021423340e-01 7.549862493760883808e-04 9.999966025352478027e-01 2.509463578462600708e-03
-2.880984544754028320e-01 2.680357778444886208e-03 -9.575970768928527832e-01 7.722097216174006462e-04 9.999964237213134766e-01 2.566711977124214172e-03
-1.456068605184555054e-01 2.648614346981048584e-03 -9.893389940261840820e-01 3.856577677652239799e-04 9.999964833259582520e-01 2.620386658236384392e-03
-1.456068158149719238e-01 2.740109106525778770e-03 -9.893387556076049805e-01 3.989800752606242895e-04 9.999962449073791504e-01 2.710906323045492172e-03
0.000000000000000000e+00 2.728456864133477211e-03 -9.999963045120239258e-01 0.000000000000000000e+00 9.999963045120239258e-01 2.728456864133477211e-03
0.000000000000000000e+00 2.791113452985882759e-03 -9.999961256980895996e-01 0.000000000000000000e+00 9.999961256980895996e-01 2.791113452985882759e-03
1.456081420183181763e-01 2.780832350254058838e-03 -9.893384575843811035e-01 -4.049134149681776762e-04 9.999961256980895996e-01 2.751195104792714119e-03
1.456081271171569824e-01 2.819438464939594269e-03 -9.893383383750915527e-01 -4.105348198208957911e-04 9.999960660934448242e-01 2.789389807730913162e-03
2.880984246730804443e-01 2.724406309425830841e-03 -9.575969576835632324e-01 -7.849000976420938969e-04 9.999963045120239258e-01 2.608892740681767464e-03
2.880984246730804443e-01 2.741008764132857323e-03 -9.575968980789184570e-01 -7.896832539699971676e-04 9.999962449073791504e-01 2.624791348353028297e-03
4.244559109210968018e-01 2.571858000010251999e-03 -9.054449796676635742e-01 -1.091643935069441795e-03 9.999967217445373535e-01 2.328683622181415558e-03
4.244559109210968018e-01 2.580823143944144249e-03 -9.054449796676635742e-01 -1.095449202693998814e-03 9.999966621398925781e-01 2.336800796911120415e-03
5.517664551734924316e-01 2.341981744393706322e-03 -8.339954018592834473e-01 -1.292230444960296154e-03 9.999972581863403320e-01 1.953207422047853470e-03
5.517663359642028809e-01 2.417283598333597183e-03 -8.339952230453491211e-01 -1.333779655396938324e-03 9.999970793724060059e-01 2.016008831560611725e-03
6.673158407211303711e-01 2.105469349771738052e-03 -7.447718381881713867e-01 -1.405016169883310795e-03 9.999977946281433105e-01 1.568097737617790699e-03
6.673158407211303711e-01 2.132299123331904411e-03 -7.447718381881713867e-01 -1.422920147888362408e-03 9.999977350234985352e-01 1.588079845532774925e-03
7.686434388160705566e-01 1.932040788233280182e-03 -6.396745443344116211e-01 -1.485053217038512230e-03 9.999981522560119629e-01 1.235879608429968357e-03
7.686433792114257812e-01 1.988494535908102989e-03 -6.396744847297668457e-01 -1.528446096926927567e-03 9.999980330467224121e-01 1.271991757676005363e-03
8.535906672477722168e-01 1.744388137012720108e-03 -5.209414362907409668e-01 -1.488995854742825031e-03 9.999985098838806152e-01 9.087256039492785931e-04
8.535905480384826660e-01 1.814852352254092693e-03 -5.209413766860961914e-01 -1.549143576994538307e-03 9.999983906745910645e-01 9.454333921894431114e-04
9.203441143035888672e-01 1.773820607922971249e-03 -3.911056518554687500e-01 -1.632527913898229599e-03 9.999984502792358398e-01 6.937523139640688896e-04
9.203436970710754395e-01 2.002039691433310509e-03 -3.911054432392120361e-01 -1.842568395659327507e-03 9.999980330467224121e-01 7.830102695152163506e-04
9.674841761589050293e-01 1.855457085184752941e-03 -2.529247701168060303e-01 -1.795128453522920609e-03 9.999982714653015137e-01 4.692918737418949604e-04
9.674837589263916016e-01 2.091804286465048790e-03 -2.529246807098388672e-01 -2.023790962994098663e-03 9.999978542327880859e-01 5.290700355544686317e-04
9.939990043640136719e-01 1.942243310622870922e-03 -1.093721836805343628e-01 -1.930591533891856670e-03 9.999981522560119629e-01 2.124277816619724035e-04
9.939985275268554688e-01 2.166449557989835739e-03 -1.093721315264701843e-01 -2.153452718630433083e-03 9.999976754188537598e-01 2.369497524341568351e-04
9.993312358856201172e-01 1.916463603265583515e-03 3.651628643274307251e-02 -1.915185479447245598e-03 9.999981522560119629e-01 -6.998226308496668935e-05
9.993314146995544434e-01 1.825455576181411743e-03 3.651629388332366943e-02 -1.824238104745745659e-03 9.999983310699462891e-01 -6.665898399660363793e-05
9.833636879920959473e-01 1.803599880076944828e-03 1.816388219594955444e-01 -1.773597323335707188e-03 9.999983906745910645e-01 -3.276042407378554344e-04
9.833640456199645996e-01 1.595716457813978195e-03 1.816388964653015137e-01 -1.569172018207609653e-03 9.999987483024597168e-01 -2.898444945458322763e-04
9.464393258094787598e-01 1.784933032467961311e-03 3.228769302368164062e-01 -1.689333468675613403e-03 9.999984502792358398e-01 -5.763145745731890202e-04
9.464396834373474121e-01 1.556668314151465893e-03 3.228770196437835693e-01 -1.473294454626739025e-03 9.999988079071044922e-01 -5.026130238547921181e-04
8.893392086029052734e-01 1.789409550838172436e-03 4.572446048259735107e-01 -1.591394422575831413e-03 9.999983906745910645e-01 -8.181990706361830235e-04
8.893394470214843750e-01 1.625899458304047585e-03 4.572447538375854492e-01 -1.445978297851979733e-03 9.999986886978149414e-01 -7.434348808601498604e-04
8.132891654968261719e-01 1.881420845165848732e-03 5.818567276000976562e-01 -1.530142035335302353e-03 9.999982714653015137e-01 -1.094719395041465759e-03
8.132893443107604980e-01 1.760639715939760208e-03 5.818568468093872070e-01 -1.431911718100309372e-03 9.999984502792358398e-01 -1.024441793560981750e-03
7.199030518531799316e-01 1.999890897423028946e-03 6.940718293190002441e-01 -1.439730287529528141e-03 9.999980330467224121e-01 -1.388070639222860336e-03
7.199031710624694824e-01 1.869934145361185074e-03 6.940720081329345703e-01 -1.346173812635242939e-03 9.999982714653015137e-01 -1.297871232964098454e-03
6.111721992492675781e-01 2.158681396394968033e-03 7.914947271347045898e-01 -1.319329137913882732e-03 9.999976754188537598e-01 -1.708588912151753902e-03
6.111724376678466797e-01 1.978567102923989296e-03 7.914950251579284668e-01 -1.209248090162873268e-03 9.999980330467224121e-01 -1.566029037348926067e-03
4.894097149372100830e-01 2.065704436972737312e-03 8.720515370368957520e-01 -1.010978012345731258e-03 9.999978542327880859e-01 -1.801404519937932491e-03
4.894098341464996338e-01 1.963513903319835663e-03 8.720517158508300781e-01 -9.609648259356617928e-04 9.999980926513671875e-01 -1.712288940325379372e-03
3.572297394275665283e-01 2.179147675633430481e-03 9.340140223503112793e-01 -7.784582558088004589e-04 9.999976158142089844e-01 -2.035359386354684830e-03
3.572297394275665283e-01 2.196386456489562988e-03 9.340140223503112793e-01 -7.846164517104625702e-04 9.999976158142089844e-01 -2.051460556685924530e-03
2.174376547336578369e-01 2.490142593160271645e-03 9.760710597038269043e-01 -5.414524348452687263e-04 9.999969005584716797e-01 -2.430563792586326599e-03
2.174376547336578369e-01 2.493130043148994446e-03 9.760710597038269043e-01 -5.421020323410630226e-04 9.999969005584716797e-01 -2.433479763567447662e-03
-4.663443863391876221e-01 2.673130948096513748e-03 -8.845992088317871094e-01 1.246604020707309246e-03 9.999964237213134766e-01 2.364658052101731300e-03
-4.663444161415100098e-01 2.666312735527753830e-03 -8.845992684364318848e-01 1.243424485437572002e-03 9.999964833259582520e-01 2.358626574277877808e-03
-3.297151997685432434e-03 0.000000000000000000e+00 -9.999945759773254395e-01 -9.999945759773254395e-01 0.000000000000000000e+00 3.297151997685432434e-03
-3.255413845181465149e-03 0.000000000000000000e+00 -9.999946951866149902e-01 -9.999946951866149902e-01 0.000000000000000000e+00 3.255413845181465149e-03
-3.275406081229448318e-03 0.000000000000000000e+00 -9.999946355819702148e-01 -9.999946355819702148e-01 0.000000000000000000e+00 3.275406081229448318e-03
-3.228134941309690475e-03 0.000000000000000000e+00 -9.999948143959045410e-01 -9.999948143959045410e-01 0.000000000000000000e+00 3.228134941309690475e-03
-3.255666932091116905e-03 0.000000000000000000e+00 -9.999946951866149902e-01 -9.999946951866149902e-01 0.000000000000000000e+00 3.255666932091116905e-03
-3.204577602446079254e-03 0.000000000000000000e+00 -9.999948740005493164e-01 -9.999948740005493164e-01 0.000000000000000000e+00 3.204577602446079254e-03
-3.221238730475306511e-03 0.000000000000000000e+00 -9.999948143959045410e-01 -9.999948143959045410e-01 0.000000000000000000e+00 3.221238730475306511e-03
-3.190743038430809975e-03 0.000000000000000000e+00 -9.999949336051940918e-01 -9.999949336051940918e-01 0.000000000000000000e+00 3.190743038430809975e-03
-3.180378349497914314e-03 0.000000000000000000e+00 -9.999949336051940918e-01 -9.999949336051940918e-01 0.000000000000000000e+00 3.180378349497914314e-03
-3.162140026688575745e-03 0.000000000000000000e+00 -9.999949932098388672e-01 -9.999949932098388672e-01 0.000000000000000000e+00 3.162140026688575745e-03
-3.160431282594799995e-03 0.000000000000000000e+00 -9.999949932098388672e-01 -9.999949932098388672e-01 0.000000000000000000e+00 3.160431282594799995e-03
-3.130042459815740585e-03 0.000000000000000000e+00 -9.999951124191284180e-01 -9.999951124191284180e-01 0.000000000000000000e+00 3.130042459815740585e-03
-3.145018359646201134e-03 0.000000000000000000e+00 -9.999950528144836426e-01 -9.999950528144836426e-01 0.000000000000000000e+00 3.145018359646201134e-03
-3.112661419436335564e-03 0.000000000000000000e+00 -9.999951720237731934e-01 -9.999951720237731934e-01 0.000000000000000000e+00 3.112661419436335564e-03
-3.128757933154702187e-03 0.000000000000000000e+00 -9.999951124191284180e-01 -9.999951124191284180e-01 0.000000000000000000e+00 3.128757933154702187e-03
-3.094822866842150688e-03 0.000000000000000000e+00 -9.999952316284179688e-01 -9.999952316284179688e-01 0.000000000000000000e+00 3.094822866842150688e-03
-3.113116370514035225e-03 0.000000000000000000e+00 -9.999951720237731934e-01 -9.999951720237731934e-01 0.000000000000000000e+00 3.113116370514035225e-03
-3.081370145082473755e-03 0.000000000000000000e+00 -9.999952912330627441e-01 -9.999952912330627441e-01 0.000000000000000000e+00 3.081370145082473755e-03
-3.098411718383431435e-03 0.000000000000000000e+00 -9.999952316284179688e-01 -9.999952316284179688e-01 0.000000000000000000e+00 3.098411718383431435e-03
-3.080024151131510735e-03 0.000000000000000000e+00 -9.999952912330627441e-01 -9.999952912330627441e-01 0.000000000000000000e+00 3.080024151131510735e-03
-3.089187666773796082e-03 0.000000000000000000e+00 -9.999952316284179688e-01 -9.999952316284179688e-01 0.000000000000000000e+00 3.089187666773796082e-03
-3.284161677584052086e-03 0.000000000000000000e+00 -9.999946355819702148e-01 -9.999946355819702148e-01 0.000000000000000000e+00 3.284161677584052086e-03
-3.323288867250084877e-03 0.000000000000000000e+00 -9.999945163726806641e-01 -9.999945163726806641e-01 0.000000000000000000e+00 3.323288867250084877e-03
-3.317545168101787567e-03 0.000000000000000000e+00 -9.999945163726806641e-01 -9.999945163726806641e-01 0.000000000000000000e+00 3.317545168101787567e-03
-3.351253457367420197e-03 0.000000000000000000e+00 -9.999943971633911133e-01 -9.999943971633911133e-01 0.000000000000000000e+00 3.351253457367420197e-03
-3.355910070240497589e-03 0.000000000000000000e+00 -9.999943971633911133e-01 -9.999943971633911133e-01 0.000000000000000000e+00 3.355910070240497589e-03
-3.380792448297142982e-03 0.000000000000000000e+00 -9.999942779541015625e-01 -9.999942779541015625e-01 0.000000000000000000e+00 3.380792448297142982e-03
-3.380897920578718185e-03 0.000000000000000000e+00 -9.999942779541015625e-01 -9.999942779541015625e-01 0.000000000000000000e+00 3.380897920578718185e-03
-3.400913439691066742e-03 0.000000000000000000e+00 -9.999942183494567871e-01 -9.999942183494567871e-01 0.000000000000000000e+00 3.400913439691066742e-03
-3.395110368728637695e-03 0.000000000000000000e+00 -9.999942779541015625e-01 -9.999942779541015625e-01 0.000000000000000000e+00 3.395110368728637695e-03
-3.409379627555608749e-03 0.000000000000000000e+00 -9.999942183494567871e-01 -9.999942183494567871e-01 0.000000000000000000e+00 3.409379627555608749e-03
-3.407954471185803413e-03 0.000000000000000000e+00 -9.999942183494567871e-01 -9.999942183494567871e-01 0.000000000000000000e+00 3.407954471185803413e-03
-3.412094898521900177e-03 0.000000000000000000e+00 -9.999942183494567871e-01 -9.999942183494567871e-01 0.000000000000000000e+00 3.412094898521900177e-03
-3.419793676584959030e-03 0.000000000000000000e+00 -9.999941587448120117e-01 -9.999941587448120117e-01 0.000000000000000000e+00 3.419793676584959030e-03
-3.415761748328804970e-03 0.000000000000000000e+00 -9.999941587448120117e-01 -9.999941587448120117e-01 0.000000000000000000e+00 3.415761748328804970e-03
-3.424505703151226044e-03 0.000000000000000000e+00 -9.999941587448120117e-01 -9.999941587448120117e-01 0.000000000000000000e+00 3.424505703151226044e-03
-3.419466083869338036e-03 0.000000000000000000e+00 -9.999941587448120117e-01 -9.999941587448120117e-01 0.000000000000000000e+00 3.419466083869338036e-03
-3.424030262976884842e-03 0.000000000000000000e+00 -9.999941587448120117e-01 -9.999941587448120117e-01 0.000000000000000000e+00 3.424030262976884842e-03
-3.421541769057512283e-03 0.000000000000000000e+00 -9.999941587448120117e-01 -9.999941587448120117e-01 0.000000000000000000e+00 3.421541769057512283e-03
-3.574780188500881195e-03 -0.000000000000000000e+00 9.999936223030090332e-01 -9.999936223030090332e-01 0.000000000000000000e+00 -3.574780188500881195e-03
-3.582390490919351578e-03 0.000000000000000000e+00 9.999936223030090332e-01 -9.999936223030090332e-01 0.000000000000000000e+00 -3.582390490919351578e-03
-3.514319891110062599e-03 -0.000000000000000000e+00 9.999938607215881348e-01 -9.999938607215881348e-01 0.000000000000000000e+00 -3.514319891110062599e-03
-3.516996745020151138e-03 -0.000000000000000000e+00 9.999938011169433594e-01 -9.999938011169433594e-01 0.000000000000000000e+00 -3.516996745020151138e-03
-3.516944125294685364e-03 -0.000000000000000000e+00 9.999938011169433594e-01 -9.999938011169433594e-01 0.000000000000000000e+00 -3.516944125294685364e-03
-3.518737619742751122e-03 -0.000000000000000000e+00 9.999938011169433594e-01 -9.999938011169433594e-01 0.000000000000000000e+00 -3.518737619742751122e-03
-3.519028890877962112e-03 -0.000000000000000000e+00 9.999938011169433594e-01 -9.999938011169433594e-01 0.000000000000000000e+00 -3.519028890877962112e-03
-3.514635842293500900e-03 0.000000000000000000e+00 9.999938607215881348e-01 -9.999938607215881348e-01 0.000000000000000000e+00 -3.514635842293500900e-03
-3.512289142236113548e-03 0.000000000000000000e+00 9.999938607215881348e-01 -9.999938607215881348e-01 0.000000000000000000e+00 -3.512289142236113548e-03
-3.511524060741066933e-03 0.000000000000000000e+00 9.999938607215881348e-01 -9.999938607215881348e-01 0.000000000000000000e+00 -3.511524060741066933e-03
-3.513961564749479294e-03 0.000000000000000000e+00 9.999938607215881348e-01 -9.999938607215881348e-01 0.000000000000000000e+00 -3.513961564749479294e-03
-3.519096178933978081e-03 0.000000000000000000e+00 9.999938011169433594e-01 -9.999938011169433594e-01 0.000000000000000000e+00 -3.519096178933978081e-03
-3.588979132473468781e-03 0.000000000000000000e+00 9.999935626983642578e-01 -9.999935626983642578e-01 0.000000000000000000e+00 -3.588979132473468781e-03
-3.616297850385308266e-03 0.000000000000000000e+00 9.999935030937194824e-01 -9.999935030937194824e-01 0.000000000000000000e+00 -3.616297850385308266e-03
-3.613294335082173347e-03 0.000000000000000000e+00 9.999935030937194824e-01 -9.999935030937194824e-01 0.000000000000000000e+00 -3.613294335082173347e-03
-3.634270979091525078e-03 0.000000000000000000e+00 9.999933838844299316e-01 -9.999933838844299316e-01 0.000000000000000000e+00 -3.634270979091525078e-03
-3.634308930486440659e-03 0.000000000000000000e+00 9.999933838844299316e-01 -9.999933838844299316e-01 0.000000000000000000e+00 -3.634308930486440659e-03
-3.632103092968463898e-03 0.000000000000000000e+00 9.999934434890747070e-01 -9.999934434890747070e-01 0.000000000000000000e+00 -3.632103092968463898e-03
-3.629740560427308083e-03 0.000000000000000000e+00 9.999934434890747070e-01 -9.999934434890747070e-01 0.000000000000000000e+00 -3.629740560427308083e-03
-3.627731697633862495e-03 0.000000000000000000e+00 9.999934434890747070e-01 -9.999934434890747070e-01 0.000000000000000000e+00 -3.627731697633862495e-03
-3.581056371331214905e-03 0.000000000000000000e+00 9.999936223030090332e-01 -9.999936223030090332e-01 0.000000000000000000e+00 -3.581056371331214905e-03
-3.602503798902034760e-03 0.000000000000000000e+00 9.999935030937194824e-01 -9.999935030937194824e-01 0.000000000000000000e+00 -3.602503798902034760e-03
-3.572155721485614777e-03 0.000000000000000000e+00 9.999936223030090332e-01 -9.999936223030090332e-01 0.000000000000000000e+00 -3.572155721485614777e-03
-3.575227688997983932e-03 0.000000000000000000e+00 9.999936223030090332e-01 -9.999936223030090332e-01 0.000000000000000000e+00 -3.575227688997983932e-03
-3.578836796805262566e-03 0.000000000000000000e+00 9.999936223030090332e-01 -9.999936223030090332e-01 0.000000000000000000e+00 -3.578836796805262566e-03
-3.583531593903899193e-03 0.000000000000000000e+00 9.999936223030090332e-01 -9.999936223030090332e-01 0.000000000000000000e+00 -3.583531593903899193e-03
-3.587633371353149414e-03 0.000000000000000000e+00 9.999935626983642578e-01 -9.999935626983642578e-01 0.000000000000000000e+00 -3.587633371353149414e-03
-3.607306396588683128e-03 0.000000000000000000e+00 9.999935030937194824e-01 -9.999935030937194824e-01 0.000000000000000000e+00 -3.607306396588683128e-03
-3.644938347861170769e-03 0.000000000000000000e+00 9.999933838844299316e-01 -9.999933838844299316e-01 0.000000000000000000e+00 -3.644938347861170769e-03
-3.639282658696174622e-03 0.000000000000000000e+00 9.999933838844299316e-01 -9.999933838844299316e-01 0.000000000000000000e+00 -3.639282658696174622e-03
-3.635609522461891174e-03 -0.000000000000000000e+00 9.999933838844299316e-01 -9.999933838844299316e-01 0.000000000000000000e+00 -3.635609522461891174e-03
-3.633542452007532120e-03 0.000000000000000000e+00 9.999933838844299316e-01 -9.999933838844299316e-01 0.000000000000000000e+00 -3.633542452007532120e-03
-3.631374565884470940e-03 0.000000000000000000e+00 9.999934434890747070e-01 -9.999934434890747070e-01 0.000000000000000000e+00 -3.631374565884470940e-03
-3.594416892156004906e-03 0.000000000000000000e+00 9.999935626983642578e-01 -9.999935626983642578e-01 0.000000000000000000e+00 -3.594416892156004906e-03
-3.556356299668550491e-03 0.000000000000000000e+00 9.999936819076538086e-01 -9.999936819076538086e-01 0.000000000000000000e+00 -3.556356299668550491e-03
-3.559386124834418297e-03 0.000000000000000000e+00 9.999936819076538086e-01 -9.999936819076538086e-01 0.000000000000000000e+00 -3.559386124834418297e-03
-3.551344387233257294e-03 0.000000000000000000e+00 9.999936819076538086e-01 -9.999936819076538086e-01 0.000000000000000000e+00 -3.551344387233257294e-03
-3.545966697856783867e-03 0.000000000000000000e+00 9.999937415122985840e-01 -9.999937415122985840e-01 0.000000000000000000e+00 -3.545966697856783867e-03
-3.542312420904636383e-03 0.000000000000000000e+00 9.999937415122985840e-01 -9.999937415122985840e-01 0.000000000000000000e+00 -3.542312420904636383e-03
-3.539537312462925911e-03 0.000000000000000000e+00 9.999937415122985840e-01 -9.999937415122985840e-01 0.000000000000000000e+00 -3.539537312462925911e-03
-2.503806492313742638e-03 0.000000000000000000e+00 -9.999969005584716797e-01 -9.999969005584716797e-01 0.000000000000000000e+00 2.503806492313742638e-03
-2.533567603677511215e-03 0.000000000000000000e+00 -9.999967813491821289e-01 -9.999967813491821289e-01 0.000000000000000000e+00 2.533567603677511215e-03
-2.557391300797462463e-03 0.000000000000000000e+00 -9.999967217445373535e-01 -9.999967217445373535e-01 0.000000000000000000e+00 2.557391300797462463e-03
-2.470053965225815773e-03 0.000000000000000000e+00 -9.999969601631164551e-01 -9.999969601631164551e-01 0.000000000000000000e+00 2.470053965225815773e-03
-2.500213449820876122e-03 0.000000000000000000e+00 -9.999969005584716797e-01 -9.999969005584716797e-01 0.000000000000000000e+00 2.500213449820876122e-03
-2.512652659788727760e-03 0.000000000000000000e+00 -9.999968409538269043e-01 -9.999968409538269043e-01 0.000000000000000000e+00 2.512652659788727760e-03
-2.452127169817686081e-03 0.000000000000000000e+00 -9.999970197677612305e-01 -9.999970197677612305e-01 0.000000000000000000e+00 2.452127169817686081e-03
-2.424370031803846359e-03 0.000000000000000000e+00 -9.999970793724060059e-01 -9.999970793724060059e-01 0.000000000000000000e+00 2.424370031803846359e-03
-2.352974144741892815e-03 0.000000000000000000e+00 -9.999972581863403320e-01 -9.999972581863403320e-01 0.000000000000000000e+00 2.352974144741892815e-03
-2.276628976687788963e-03 0.000000000000000000e+00 -9.999974370002746582e-01 -9.999974370002746582e-01 0.000000000000000000e+00 2.276628976687788963e-03
-2.262541092932224274e-03 0.000000000000000000e+00 -9.999974370002746582e-01 -9.999974370002746582e-01 0.000000000000000000e+00 2.262541092932224274e-03
-2.246171003207564354e-03 0.000000000000000000e+00 -9.999974966049194336e-01 -9.999974966049194336e-01 0.000000000000000000e+00 2.246171003207564354e-03
-2.231446793302893639e-03 0.000000000000000000e+00 -9.999974966049194336e-01 -9.999974966049194336e-01 0.000000000000000000e+00 2.231446793302893639e-03
-2.239419613033533096e-03 0.000000000000000000e+00 -9.999974966049194336e-01 -9.999974966049194336e-01 0.000000000000000000e+00 2.239419613033533096e-03
-2.235231222584843636e-03 0.000000000000000000e+00 -9.999974966049194336e-01 -9.999974966049194336e-01 0.000000000000000000e+00 2.235231222584843636e-03
-2.228778554126620293e-03 0.000000000000000000e+00 -9.999975562095642090e-01 -9.999975562095642090e-01 0.000000000000000000e+00 2.228778554126620293e-03
-2.204637276008725166e-03 0.000000000000000000e+00 -9.999975562095642090e-01 -9.999975562095642090e-01 0.000000000000000000e+00 2.204637276008725166e-03
-2.212784253060817719e-03 0.000000000000000000e+00 -9.999975562095642090e-01 -9.999975562095642090e-01 0.000000000000000000e+00 2.212784253060817719e-03
-2.208821242675185204e-03 0.000000000000000000e+00 -9.999975562095642090e-01 -9.999975562095642090e-01 0.000000000000000000e+00 2.208821242675185204e-03
-2.203935291618108749e-03 0.000000000000000000e+00 -9.999976158142089844e-01 -9.999976158142089844e-01 0.000000000000000000e+00 2.203935291618108749e-03
-2.190947299823164940e-03 0.000000000000000000e+00 -9.999976158142089844e-01 -9.999976158142089844e-01 0.000000000000000000e+00 2.190947299823164940e-03
-2.166524063795804977e-03 0.000000000000000000e+00 -9.999976754188537598e-01 -9.999976754188537598e-01 0.000000000000000000e+00 2.166524063795804977e-03
-2.148648956790566444e-03 0.000000000000000000e+00 -9.999977350234985352e-01 -9.999977350234985352e-01 0.000000000000000000e+00 2.148648956790566444e-03
-2.131977351382374763e-03 0.000000000000000000e+00 -9.999977350234985352e-01 -9.999977350234985352e-01 0.000000000000000000e+00 2.131977351382374763e-03
-2.117421478033065796e-03 0.000000000000000000e+00 -9.999977946281433105e-01 -9.999977946281433105e-01 0.000000000000000000e+00 2.117421478033065796e-03
-2.061389153823256493e-03 0.000000000000000000e+00 -9.999979138374328613e-01 -9.999979138374328613e-01 0.000000000000000000e+00 2.061389153823256493e-03
-2.020043786615133286e-03 0.000000000000000000e+00 -9.999979734420776367e-01 -9.999979734420776367e-01 0.000000000000000000e+00 2.020043786615133286e-03
-2.007196424528956413e-03 0.000000000000000000e+00 -9.999979734420776367e-01 -9.999979734420776367e-01 0.000000000000000000e+00 2.007196424528956413e-03
-1.993901561945676804e-03 0.000000000000000000e+00 -9.999980330467224121e-01 -9.999980330467224121e-01 0.000000000000000000e+00 1.993901561945676804e-03
-1.969705335795879364e-03 -0.000000000000000000e+00 -9.999980926513671875e-01 -9.999980926513671875e-01 0.000000000000000000e+00 1.969705335795879364e-03
-1.964663853868842125e-03 -0.000000000000000000e+00 -9.999980926513671875e-01 -9.999980926513671875e-01 0.000000000000000000e+00 1.964663853868842125e-03
-1.955435844138264656e-03 -0.000000000000000000e+00 -9.999980926513671875e-01 -9.999980926513671875e-01 0.000000000000000000e+00 1.955435844138264656e-03
-1.965395407751202583e-03 0.000000000000000000e+00 -9.999980926513671875e-01 -9.999980926513671875e-01 0.000000000000000000e+00 1.965395407751202583e-03
-1.943264272995293140e-03 -0.000000000000000000e+00 -9.999981522560119629e-01 -9.999981522560119629e-01 0.000000000000000000e+00 1.943264272995293140e-03
-1.937318942509591579e-03 -0.000000000000000000e+00 -9.999981522560119629e-01 -9.999981522560119629e-01 0.000000000000000000e+00 1.937318942509591579e-03
-1.934100524522364140e-03 -0.000000000000000000e+00 -9.999981522560119629e-01 -9.999981522560119629e-01 0.000000000000000000e+00 1.934100524522364140e-03
-1.940054818987846375e-03 -0.000000000000000000e+00 -9.999981522560119629e-01 -9.999981522560119629e-01 0.000000000000000000e+00 1.940054818987846375e-03
-1.947971875779330730e-03 0.000000000000000000e+00 -9.999980926513671875e-01 -9.999980926513671875e-01 0.000000000000000000e+00 1.947971875779330730e-03
-1.939706620760262012e-03 0.000000000000000000e+00 -9.999981522560119629e-01 -9.999981522560119629e-01 0.000000000000000000e+00 1.939706620760262012e-03
-1.936075510457158089e-03 0.000000000000000000e+00 -9.999981522560119629e-01 -9.999981522560119629e-01 0.000000000000000000e+00 1.936075510457158089e-03
-1.933041377924382687e-03 0.000000000000000000e+00 -9.999981522560119629e-01 -9.999981522560119629e-01 0.000000000000000000e+00 1.933041377924382687e-03
-1.906246645376086235e-03 0.000000000000000000e+00 -9.999982118606567383e-01 -9.999982118606567383e-01 0.000000000000000000e+00 1.906246645376086235e-03
-1.925393240526318550e-03 0.000000000000000000e+00 -9.999981522560119629e-01 -9.999981522560119629e-01 0.000000000000000000e+00 1.925393240526318550e-03
-1.924304873682558537e-03 0.000000000000000000e+00 -9.999981522560119629e-01 -9.999981522560119629e-01 0.000000000000000000e+00 1.924304873682558537e-03
-1.928927726112306118e-03 0.000000000000000000e+00 -9.999981522560119629e-01 -9.999981522560119629e-01 0.000000000000000000e+00 1.928927726112306118e-03
-1.903402735479176044e-03 -0.000000000000000000e+00 -9.999982118606567383e-01 -9.999982118606567383e-01 0.000000000000000000e+00 1.903402735479176044e-03
-1.900705043226480484e-03 -0.000000000000000000e+00 -9.999982118606567383e-01 -9.999982118606567383e-01 0.000000000000000000e+00 1.900705043226480484e-03
-1.937035238370299339e-03 0.000000000000000000e+00 -9.999981522560119629e-01 -9.999981522560119629e-01 0.000000000000000000e+00 1.937035238370299339e-03
-1.898756483569741249e-03 -0.000000000000000000e+00 -9.999982118606567383e-01 -9.999982118606567383e-01 0.000000000000000000e+00 1.898756483569741249e-03
-1.901424839161336422e-03 0.000000000000000000e+00 -9.999982118606567383e-01 -9.999982118606567383e-01 0.000000000000000000e+00 1.901424839161336422e-03
-1.910802209749817848e-03 0.000000000000000000e+00 -9.999982118606567383e-01 -9.999982118606567383e-01 0.000000000000000000e+00 1.910802209749817848e-03
-1.924746669828891754e-03 0.000000000000000000e+00 -9.999981522560119629e-01 -9.999981522560119629e-01 0.000000000000000000e+00 1.924746669828891754e-03
-1.973008504137396812e-03 0.000000000000000000e+00 -9.999980926513671875e-01 -9.999980926513671875e-01 0.000000000000000000e+00 1.973008504137396812e-03
-1.934987143613398075e-03 0.000000000000000000e+00 -9.999981522560119629e-01 -9.999981522560119629e-01 0.000000000000000000e+00 1.934987143613398075e-03
-1.997886458411812782e-03 0.000000000000000000e+00 -9.999980330467224121e-01 -9.999980330467224121e-01 0.000000000000000000e+00 1.997886458411812782e-03
-2.014219993725419044e-03 0.000000000000000000e+00 -9.999979734420776367e-01 -9.999979734420776367e-01 0.000000000000000000e+00 2.014219993725419044e-03
-2.028382616117596626e-03 -0.000000000000000000e+00 -9.999979734420776367e-01 -9.999979734420776367e-01 0.000000000000000000e+00 2.028382616117596626e-03
-2.068050904199481010e-03 0.000000000000000000e+00 -9.999978542327880859e-01 -9.999978542327880859e-01 0.000000000000000000e+00 2.068050904199481010e-03
-2.160533564165234566e-03 0.000000000000000000e+00 -9.999976754188537598e-01 -9.999976754188537598e-01 0.000000000000000000e+00 2.160533564165234566e-03
-2.178697148337960243e-03 0.000000000000000000e+00 -9.999976158142089844e-01 -9.999976158142089844e-01 0.000000000000000000e+00 2.178697148337960243e-03
-2.195429755374789238e-03 0.000000000000000000e+00 -9.999976158142089844e-01 -9.999976158142089844e-01 0.000000000000000000e+00 2.195429755374789238e-03
-2.200112678110599518e-03 0.000000000000000000e+00 -9.999976158142089844e-01 -9.999976158142089844e-01 0.000000000000000000e+00 2.200112678110599518e-03
-2.223201794549822807e-03 0.000000000000000000e+00 -9.999975562095642090e-01 -9.999975562095642090e-01 0.000000000000000000e+00 2.223201794549822807e-03
-2.223669784143567085e-03 0.000000000000000000e+00 -9.999975562095642090e-01 -9.999975562095642090e-01 0.000000000000000000e+00 2.223669784143567085e-03
-2.235463820397853851e-03 0.000000000000000000e+00 -9.999974966049194336e-01 -9.999974966049194336e-01 0.000000000000000000e+00 2.235463820397853851e-03
-2.247386611998081207e-03 0.000000000000000000e+00 -9.999974966049194336e-01 -9.999974966049194336e-01 0.000000000000000000e+00 2.247386611998081207e-03
-2.260675886645913124e-03 0.000000000000000000e+00 -9.999974370002746582e-01 -9.999974370002746582e-01 0.000000000000000000e+00 2.260675886645913124e-03
-2.278648084029555321e-03 0.000000000000000000e+00 -9.999974370002746582e-01 -9.999974370002746582e-01 0.000000000000000000e+00 2.278648084029555321e-03
-2.287833252921700478e-03 0.000000000000000000e+00 -9.999973773956298828e-01 -9.999973773956298828e-01 0.000000000000000000e+00 2.287833252921700478e-03
-2.302348380908370018e-03 0.000000000000000000e+00 -9.999973773956298828e-01 -9.999973773956298828e-01 0.000000000000000000e+00 2.302348380908370018e-03
-2.309952629730105400e-03 0.000000000000000000e+00 -9.999973177909851074e-01 -9.999973177909851074e-01 0.000000000000000000e+00 2.309952629730105400e-03
-2.327223774045705795e-03 0.000000000000000000e+00 -9.999973177909851074e-01 -9.999973177909851074e-01 0.000000000000000000e+00 2.327223774045705795e-03
-2.343927277252078056e-03 0.000000000000000000e+00 -9.999972581863403320e-01 -9.999972581863403320e-01 0.000000000000000000e+00 2.343927277252078056e-03
-2.414457267150282860e-03 0.000000000000000000e+00 -9.999970793724060059e-01 -9.999970793724060059e-01 0.000000000000000000e+00 2.414457267150282860e-03
-2.440629061311483383e-03 0.000000000000000000e+00 -9.999970197677612305e-01 -9.999970197677612305e-01 0.000000000000000000e+00 2.440629061311483383e-03
-2.456162124872207642e-03 0.000000000000000000e+00 -9.999970197677612305e-01 -9.999970197677612305e-01 0.000000000000000000e+00 2.456162124872207642e-03
-2.475217916071414948e-03 0.000000000000000000e+00 -9.999969601631164551e-01 -9.999969601631164551e-01 0.000000000000000000e+00 2.475217916071414948e-03
-2.514585154131054878e-03 0.000000000000000000e+00 -9.999968409538269043e-01 -9.999968409538269043e-01 0.000000000000000000e+00 2.514585154131054878e-03
-2.496654167771339417e-03 0.000000000000000000e+00 -9.999969005584716797e-01 -9.999969005584716797e-01 0.000000000000000000e+00 2.496654167771339417e-03
-2.522528637200593948e-03 0.000000000000000000e+00 -9.999968409538269043e-01 -9.999968409538269043e-01 0.000000000000000000e+00 2.522528637200593948e-03
-2.529138233512639999e-03 0.000000000000000000e+00 -9.999968409538269043e-01 -9.999968409538269043e-01 0.000000000000000000e+00 2.529138233512639999e-03
-2.535864477977156639e-03 0.000000000000000000e+00 -9.999967813491821289e-01 -9.999967813491821289e-01 0.000000000000000000e+00 2.535864477977156639e-03
-2.543992362916469574e-03 0.000000000000000000e+00 -9.999967813491821289e-01 -9.999967813491821289e-01 0.000000000000000000e+00 2.543992362916469574e-03
-2.531376201659440994e-03 0.000000000000000000e+00 -9.999967813491821289e-01 -9.999967813491821289e-01 0.000000000000000000e+00 2.531376201659440994e-03
-2.569672418758273125e-03 0.000000000000000000e+00 -9.999967217445373535e-01 -9.999967217445373535e-01 0.000000000000000000e+00 2.569672418758273125e-03
-2.581700682640075684e-03 0.000000000000000000e+00 -9.999966621398925781e-01 -9.999966621398925781e-01 0.000000000000000000e+00 2.581700682640075684e-03
-2.564152935519814491e-03 0.000000000000000000e+00 -9.999967217445373535e-01 -9.999967217445373535e-01 0.000000000000000000e+00 2.564152935519814491e-03
-2.580916509032249451e-03 0.000000000000000000e+00 -9.999966621398925781e-01 -9.999966621398925781e-01 0.000000000000000000e+00 2.580916509032249451e-03
-2.588899573311209679e-03 0.000000000000000000e+00 -9.999966621398925781e-01 -9.999966621398925781e-01 0.000000000000000000e+00 2.588899573311209679e-03
-2.631318056955933571e-03 0.000000000000000000e+00 -9.999965429306030273e-01 -9.999965429306030273e-01 0.000000000000000000e+00 2.631318056955933571e-03
-2.590603893622756004e-03 0.000000000000000000e+00 -9.999966621398925781e-01 -9.999966621398925781e-01 0.000000000000000000e+00 2.590603893622756004e-03
-2.579879248514771461e-03 0.000000000000000000e+00 -9.999966621398925781e-01 -9.999966621398925781e-01 0.000000000000000000e+00 2.579879248514771461e-03
-2.575603313744068146e-03 0.000000000000000000e+00 -9.999967217445373535e-01 -9.999967217445373535e-01 0.000000000000000000e+00 2.575603313744068146e-03
-2.594262594357132912e-03 0.000000000000000000e+00 -9.999966621398925781e-01 -9.999966621398925781e-01 0.000000000000000000e+00 2.594262594357132912e-03
-2.547617536038160324e-03 0.000000000000000000e+00 -9.999967813491821289e-01 -9.999967813491821289e-01 0.000000000000000000e+00 2.547617536038160324e-03
-2.572260564193129539e-03 0.000000000000000000e+00 -9.999967217445373535e-01 -9.999967217445373535e-01 0.000000000000000000e+00 2.572260564193129539e-03
-2.522426424548029900e-03 -0.000000000000000000e+00 -9.999968409538269043e-01 -9.999968409538269043e-01 0.000000000000000000e+00 2.522426424548029900e-03
-6.406860798597335815e-02 2.033628756180405617e-03 -9.979434609413146973e-01 1.302920136367902160e-04 9.999979734420776367e-01 2.029450610280036926e-03
-6.406860053539276123e-02 2.037015277892351151e-03 -9.979434013366699219e-01 1.305089972447603941e-04 9.999979138374328613e-01 2.032830147072672844e-03
6.406855583190917969e-02 2.408418571576476097e-03 -9.979426264762878418e-01 -1.543043326819315553e-04 9.999971389770507812e-01 2.403470454737544060e-03
6.406854838132858276e-02 2.414417918771505356e-03 -9.979425668716430664e-01 -1.546887069707736373e-04 9.999970793724060059e-01 2.409457461908459663e-03
1.911579966545104980e-01 2.282317960634827614e-03 -9.815566539764404297e-01 -4.362845211289823055e-04 9.999974370002746582e-01 2.240230562165379524e-03
1.911579966545104980e-01 2.287991344928741455e-03 -9.815566539764404297e-01 -4.373689880594611168e-04 9.999973773956298828e-01 2.245798939839005470e-03
3.151056766510009766e-01 2.156931906938552856e-03 -9.490541815757751465e-01 -6.796630914323031902e-04 9.999976754188537598e-01 2.047050045803189278e-03
3.151056766510009766e-01 2.146594924852252007e-03 -9.490541815757751465e-01 -6.764059071429073811e-04 9.999977350234985352e-01 2.037239959463477135e-03
4.338862001895904541e-01 2.024581888690590858e-03 -9.009654521942138672e-01 -8.784399251453578472e-04 9.999979734420776367e-01 1.824082108214497566e-03
4.338862001895904541e-01 2.025469904765486717e-03 -9.009654521942138672e-01 -8.788252598606050014e-04 9.999979734420776367e-01 1.824882114306092262e-03
5.455325841903686523e-01 1.791840768419206142e-03 -8.380876779556274414e-01 -9.775090729817748070e-04 9.999983906745910645e-01 1.501722144894301891e-03
5.455326437950134277e-01 1.781834522262215614e-03 -8.380877375602722168e-01 -9.720503585413098335e-04 9.999984502792358398e-01 1.493336050771176815e-03
6.482289433479309082e-01 1.527828397229313850e-03 -7.614440321922302246e-01 -9.903836762532591820e-04 9.999988675117492676e-01 1.163357170298695564e-03
6.482289433479309082e-01 1.503052306361496449e-03 -7.614440321922302246e-01 -9.743230766616761684e-04 9.999988675117492676e-01 1.144491485320031643e-03
7.402742505073547363e-01 1.246254891157150269e-03 -6.723038554191589355e-01 -9.225711692124605179e-04 9.999992251396179199e-01 8.378626080229878426e-04
7.402742505073547363e-01 1.233910792507231236e-03 -6.723038554191589355e-01 -9.134331485256552696e-04 9.999992251396179199e-01 8.295636507682502270e-04
8.201698064804077148e-01 9.222567896358668804e-04 -5.721195340156555176e-01 -7.564073894172906876e-04 9.999995827674865723e-01 5.276412703096866608e-04
8.201698064804077148e-01 9.022909216582775116e-04 -5.721195340156555176e-01 -7.400320027954876423e-04 9.999995827674865723e-01 5.162183661013841629e-04
8.866001963615417480e-01 6.294157356023788452e-04 -4.625361263751983643e-01 -5.580402212217450142e-04 9.999998211860656738e-01 2.911275660153478384e-04
8.866002559661865234e-01 6.199653143994510174e-04 -4.625361561775207520e-01 -5.496614030562341213e-04 9.999998211860656738e-01 2.867563744075596333e-04
9.384705424308776855e-01 3.576962917577475309e-04 -3.453592061996459961e-01 -3.356874512974172831e-04 9.999999403953552246e-01 1.235337113030254841e-04
9.384705424308776855e-01 3.633109736256301403e-04 -3.453592061996459961e-01 -3.409566706977784634e-04 9.999999403953552246e-01 1.254727976629510522e-04
9.749261736869812012e-01 2.488961617927998304e-04 -2.225285917520523071e-01 -2.426553692203015089e-04 1.000000000000000000e+00 5.538651021197438240e-05
9.749261736869812012e-01 2.255977015011012554e-04 -2.225285917520523071e-01 -2.199411101173609495e-04 1.000000000000000000e+00 5.020193930249661207e-05
9.953796267509460449e-01 9.658587805461138487e-05 -9.601770341396331787e-02 -9.613961447030305862e-05 1.000000000000000000e+00 9.273953764932230115e-06
9.953796267509460449e-01 9.021340520121157169e-05 -9.601770341396331787e-02 -8.979658741736784577e-05 1.000000000000000000e+00 8.662083928356878459e-06
9.994864463806152344e-01 8.615819388069212437e-05 3.204497694969177246e-02 -8.611394878244027495e-05 1.000000000000000000e+00 -2.760937377388472669e-06
9.994864463806152344e-01 6.443094025598838925e-05 3.204497694969177246e-02 -6.439784920075908303e-05 1.000000000000000000e+00 -2.064688032987760380e-06
9.871805906295776367e-01 1.045763347065076232e-04 1.596074998378753662e-01 -1.032357249641790986e-04 1.000000000000000000e+00 -1.669116682023741305e-05
9.871805906295776367e-01 9.828578913584351540e-05 1.596074998378753662e-01 -9.702582610771059990e-05 1.000000000000000000e+00 -1.568714833410922438e-05
9.586689472198486328e-01 2.888923045247793198e-04 2.845237553119659424e-01 -2.769521379377692938e-04 1.000000000000000000e+00 -8.219674054998904467e-05
9.586689472198486328e-01 2.949663612525910139e-04 2.845237553119659424e-01 -2.827751450240612030e-04 1.000000000000000000e+00 -8.392495510634034872e-05
9.144128561019897461e-01 5.005355924367904663e-04 4.047825336456298828e-01 -4.576962382998317480e-04 9.999998807907104492e-01 -2.026080910582095385e-04
9.144128561019897461e-01 4.572595353238284588e-04 4.047825336456298828e-01 -4.181240510661154985e-04 9.999998807907104492e-01 -1.850906992331147194e-04
8.551413416862487793e-01 7.816528086550533772e-04 5.183943510055541992e-01 -6.684238323941826820e-04 9.999997019767761230e-01 -4.052045405842363834e-04
8.551413416862487793e-01 7.807721267454326153e-04 5.183943510055541992e-01 -6.676706834696233273e-04 9.999997019767761230e-01 -4.047479887958616018e-04
7.818342447280883789e-01 9.830936323851346970e-04 6.234855651855468750e-01 -7.686166209168732166e-04 9.999995231628417969e-01 -6.129450048319995403e-04
7.818342447280883789e-01 9.904492180794477463e-04 6.234855651855468750e-01 -7.743674796074628830e-04 9.999995231628417969e-01 -6.175310700200498104e-04
6.956817507743835449e-01 1.220194390043616295e-03 7.183490991592407227e-01 -8.488675230182707310e-04 9.999992847442626953e-01 -8.765261736698448658e-04
6.956817507743835449e-01 1.215170719660818577e-03 7.183490991592407227e-01 -8.453726768493652344e-04 9.999992847442626953e-01 -8.729174151085317135e-04
5.981111526489257812e-01 1.471620053052902222e-03 8.014118671417236328e-01 -8.801933145150542259e-04 9.999989271163940430e-01 -1.179374987259507179e-03
5.981111526489257812e-01 1.468559610657393932e-03 8.014118671417236328e-01 -8.783628582023084164e-04 9.999989271163940430e-01 -1.176922349259257317e-03
4.907122552394866943e-01 1.662782276980578899e-03 8.713201284408569336e-01 -8.159487624652683735e-04 9.999986290931701660e-01 -1.448817667551338673e-03
4.907122850418090820e-01 1.636970671825110912e-03 8.713201880455017090e-01 -8.032827172428369522e-04 9.999986886978149414e-01 -1.426327391527593136e-03
3.752693831920623779e-01 1.835423987358808517e-03 9.269140362739562988e-01 -6.887795752845704556e-04 9.999983310699462891e-01 -1.701283152215182781e-03
3.752693831920623779e-01 1.826529391109943390e-03 9.269140362739562988e-01 -6.854417151771485806e-04 9.999983310699462891e-01 -1.693038502708077431e-03
2.536514699459075928e-01 1.999425701797008514e-03 9.672936201095581055e-01 -5.071582272648811340e-04 9.999980330467224121e-01 -1.934035448357462883e-03
2.536514401435852051e-01 1.995408209040760994e-03 9.672936201095581055e-01 -5.061391857452690601e-04 9.999980330467224121e-01 -1.930149388499557972e-03
1.278767585754394531e-01 2.133176894858479500e-03 9.917877912521362305e-01 -2.727843530010432005e-04 9.999977350234985352e-01 -2.115663606673479080e-03
1.278767734766006470e-01 2.115718787536025047e-03 9.917878508567810059e-01 -2.705518563743680716e-04 9.999977946281433105e-01 -2.098348923027515411e-03
0.000000000000000000e+00 2.299890620633959770e-03 9.999973773956298828e-01 0.000000000000000000e+00 9.999973773956298828e-01 -2.299890620633959770e-03
0.000000000000000000e+00 2.288684714585542679e-03 9.999973773956298828e-01 -0.000000000000000000e+00 9.999973773956298828e-01 -2.288684714585542679e-03
-1.278766542673110962e-01 2.438700757920742035e-03 9.917870759963989258e-01 3.118538297712802887e-04 9.999970197677612305e-01 -2.418679185211658478e-03
-1.278766542673110962e-01 2.461510477587580681e-03 9.917870163917541504e-01 3.147706738673150539e-04 9.999969601631164551e-01 -2.441301709040999413e-03
-2.536537051200866699e-01 2.597026061266660690e-03 9.672916531562805176e-01 6.587474490515887737e-04 9.999966621398925781e-01 -2.512089908123016357e-03
-2.536537051200866699e-01 2.596000675112009048e-03 9.672916531562805176e-01 6.584873772226274014e-04 9.999966621398925781e-01 -2.511098049581050873e-03
-3.752648830413818359e-01 2.739493269473314285e-03 9.269136190414428711e-01 1.028039492666721344e-03 9.999962449073791504e-01 -2.539283130317926407e-03
-3.752648830413818359e-01 2.736927242949604988e-03 9.269136190414428711e-01 1.027076505124568939e-03 9.999962449073791504e-01 -2.536904532462358475e-03
-4.907155036926269531e-01 2.837826032191514969e-03 8.713152408599853516e-01 1.392571022734045982e-03 9.999960064888000488e-01 -2.472651191055774689e-03
-4.907155334949493408e-01 2.831946359947323799e-03 8.713153004646301270e-01 1.389685668982565403e-03 9.999960064888000488e-01 -2.467527985572814941e-03
-5.981041789054870605e-01 2.919331891462206841e-03 8.014131188392639160e-01 1.746071968227624893e-03 9.999957680702209473e-01 -2.339600818231701851e-03
-5.981041789054870605e-01 2.907376969233155251e-03 8.014131188392639160e-01 1.738921622745692730e-03 9.999957680702209473e-01 -2.330019837245345116e-03
-6.956844925880432129e-01 3.004014492034912109e-03 7.183412909507751465e-01 2.089855726808309555e-03 9.999955296516418457e-01 -2.157917479053139687e-03
-6.956844329833984375e-01 3.014413872733712196e-03 7.183412313461303711e-01 2.097090240567922592e-03 9.999954700469970703e-01 -2.165387617424130440e-03
-7.818257212638854980e-01 3.065156284719705582e-03 6.234894394874572754e-01 2.396429423242807388e-03 9.999952912330627441e-01 -1.911101513542234898e-03
-7.818257808685302734e-01 3.062132745981216431e-03 6.234894990921020508e-01 2.394065493717789650e-03 9.999953508377075195e-01 -1.909216400235891342e-03
-8.551375865936279297e-01 3.067487152293324471e-03 5.183921456336975098e-01 2.623135689646005630e-03 9.999952912330627441e-01 -1.590168452821671963e-03
-8.551375269889831543e-01 3.079354064539074898e-03 5.183920860290527344e-01 2.633283846080303192e-03 9.999952912330627441e-01 -1.596320420503616333e-03
-9.144089221954345703e-01 2.978724660351872444e-03 4.047808051109313965e-01 2.723784418776631355e-03 9.999955892562866211e-01 -1.205735839903354645e-03
-9.144089221954345703e-01 2.975762356072664261e-03 4.047808051109313965e-01 2.721075667068362236e-03 9.999955892562866211e-01 -1.204536762088537216e-03
-9.586649537086486816e-01 2.906510839238762856e-03 2.845225930213928223e-01 2.786381868645548820e-03 9.999957680702209473e-01 -8.269714890047907829e-04
-9.586649537086486816e-01 2.918205456808209419e-03 2.845225930213928223e-01 2.797593129798769951e-03 9.999957680702209473e-01 -8.302988717332482338e-04
-9.871783256530761719e-01 2.818080829456448555e-03 1.595964729785919189e-01 2.781959716230630875e-03 9.999960660934448242e-01 -4.497575864661484957e-04
-9.871783256530761719e-01 2.825385192409157753e-03 1.595964729785919189e-01 2.789170248433947563e-03 9.999960064888000488e-01 -4.509233112912625074e-04
-9.994823932647705078e-01 2.732190536335110664e-03 3.205548226833343506e-02 2.730786334723234177e-03 9.999963045120239258e-01 -8.758200419833883643e-05
-9.994823932647705078e-01 2.728938125073909760e-03 3.205547854304313660e-02 2.727535786107182503e-03 9.999963045120239258e-01 -8.747773972572758794e-05
-9.953750967979431152e-01 2.660708269104361534e-03 -9.602790325880050659e-02 2.648412017151713371e-03 9.999964833259582520e-01 2.555031387601047754e-04
-9.953750371932983398e-01 2.686445368453860283e-03 -9.602789580821990967e-02 2.674030372872948647e-03 9.999964237213134766e-01 2.579746360424906015e-04
-9.749251604080200195e-01 2.612702548503875732e-03 -2.225177288055419922e-01 2.547198208048939705e-03 9.999966025352478027e-01 5.813746247440576553e-04
-9.749251604080200195e-01 2.606116468086838722e-03 -2.225177288055419922e-01 2.540777204558253288e-03 9.999966025352478027e-01 5.799090722575783730e-04
-9.384675025939941406e-01 2.553167752921581268e-03 -3.453581035137176514e-01 2.396073192358016968e-03 9.999967813491821289e-01 8.817601483315229416e-04
-9.384675025939941406e-01 2.557860920205712318e-03 -3.453581035137176514e-01 2.400477183982729912e-03 9.999967217445373535e-01 8.833808824419975281e-04
-8.865934014320373535e-01 2.437235089018940926e-03 -4.625431895256042480e-01 2.160842996090650558e-03 9.999970197677612305e-01 1.127329887822270393e-03
-8.865934014320373535e-01 2.450535539537668228e-03 -4.625431895256042480e-01 2.172635169699788094e-03 9.999970197677612305e-01 1.133481855504214764e-03
-8.201727867126464844e-01 2.369716996327042580e-03 -5.721109509468078613e-01 1.943582901731133461e-03 9.999971985816955566e-01 1.355744898319244385e-03
-8.201727867126464844e-01 2.373732626438140869e-03 -5.721109509468078613e-01 1.946876407600939274e-03 9.999971985816955566e-01 1.358042238280177116e-03
-7.402728796005249023e-01 2.311200369149446487e-03 -6.723026037216186523e-01 1.710923505015671253e-03 9.999973177909851074e-01 1.553830108605325222e-03
-7.402728796005249023e-01 2.325973007827997208e-03 -6.723026037216186523e-01 1.721859327517449856e-03 9.999973177909851074e-01 1.563761848956346512e-03
-6.482280492782592773e-01 2.240061992779374123e-03 -7.614429593086242676e-01 1.452074619010090828e-03 9.999974966049194336e-01 1.705683651380240917e-03
-6.482280492782592773e-01 2.261119429022073746e-03 -7.614429593086242676e-01 1.465724548324942589e-03 9.999974370002746582e-01 1.721717650070786476e-03
-5.455322265625000000e-01 2.153817331418395042e-03 -8.380870819091796875e-01 1.174979493953287601e-03 9.999976754188537598e-01 1.805090694688260555e-03
-5.455322265625000000e-01 2.164958743378520012e-03 -8.380870819091796875e-01 1.181057421490550041e-03 9.999976754188537598e-01 1.814428251236677170e-03
-4.338861405849456787e-01 2.102790633216500282e-03 -9.009653329849243164e-01 9.123737108893692493e-04 9.999977946281433105e-01 1.894545624963939190e-03
-4.338861107826232910e-01 2.116903429850935936e-03 -9.009652733802795410e-01 9.184971568174660206e-04 9.999977946281433105e-01 1.907260855659842491e-03
-3.151057958602905273e-01 2.015655161812901497e-03 -9.490544795989990234e-01 6.351458723656833172e-04 9.999979734420776367e-01 1.912970445118844509e-03
-3.151057660579681396e-01 2.040539402514696121e-03 -9.490544199943542480e-01 6.429870845749974251e-04 9.999979138374328613e-01 1.936586922965943813e-03
-1.911581158638000488e-01 2.016193466261029243e-03 -9.815572500228881836e-01 3.854125388897955418e-04 9.999979734420776367e-01 1.979013206437230110e-03
-1.911581158638000488e-01 2.014598809182643890e-03 -9.815572500228881836e-01 3.851077053695917130e-04 9.999979734420776367e-01 1.977448118850588799e-03
-5.311480760574340820e-01 1.221130834892392159e-03 -8.472781777381896973e-01 6.486017373390495777e-04 9.999992847442626953e-01 1.034638262353837490e-03
-5.311480760574340820e-01 1.240277430042624474e-03 -8.472781777381896973e-01 6.587713724002242088e-04 9.999992251396179199e-01 1.050860621035099030e-03
-6.514906883239746094e-01 1.342509058304131031e-03 -7.586554288864135742e-01 8.746329694986343384e-04 9.999991059303283691e-01 1.018502633087337017e-03
-6.514906883239746094e-01 1.327029895037412643e-03 -7.586554288864135742e-01 8.645484340377151966e-04 9.999991059303283691e-01 1.006759353913366795e-03
-7.572942376136779785e-01 1.453306060284376144e-03 -6.530722975730895996e-01 1.100581488572061062e-03 9.999989867210388184e-01 9.491148521192371845e-04
-7.572942376136779785e-01 1.436085905879735947e-03 -6.530722975730895996e-01 1.087540644221007824e-03 9.999989867210388184e-01 9.378688409924507141e-04
-8.461662530899047852e-01 1.603534328751266003e-03 -5.329166650772094727e-01 1.356858410872519016e-03 9.999987483024597168e-01 8.545512100681662560e-04
-8.461662530899047852e-01 1.587212434969842434e-03 -5.329166650772094727e-01 1.343047246336936951e-03 9.999987483024597168e-01 8.458530064672231674e-04
-9.161429405212402344e-01 1.746061840094625950e-03 -4.008479416370391846e-01 1.599644660018384457e-03 9.999985098838806152e-01 6.999063189141452312e-04
-9.161429405212402344e-01 1.750797266140580177e-03 -4.008479416370391846e-01 1.603982993401587009e-03 9.999985098838806152e-01 7.018045289441943169e-04
-9.656535983085632324e-01 1.886184094473719597e-03 -2.598259747028350830e-01 1.821403740905225277e-03 9.999982118606567383e-01 4.900805070064961910e-04
-9.656536579132080078e-01 1.882860553450882435e-03 -2.598260045051574707e-01 1.818194286897778511e-03 9.999982714653015137e-01 4.892169963568449020e-04
-9.935934543609619141e-01 2.036274876445531845e-03 -1.129949912428855896e-01 2.023233566433191299e-03 9.999979138374328613e-01 2.300893538631498814e-04
-9.935934543609619141e-01 2.044073771685361862e-03 -1.129949912428855896e-01 2.030982635915279388e-03 9.999979138374328613e-01 2.309705887455493212e-04
5.311481356620788574e-01 1.100893598049879074e-03 8.472782969474792480e-01 -5.847379215992987156e-04 9.999994039535522461e-01 -9.327637962996959686e-04
5.311481356620788574e-01 1.101695233955979347e-03 8.472782969474792480e-01 -5.851637106388807297e-04 9.999994039535522461e-01 -9.334429632872343063e-04
6.514989733695983887e-01 7.837389130145311356e-04 7.586491107940673828e-01 -5.106052267365157604e-04 9.999997019767761230e-01 -5.945829907432198524e-04
6.514989733695983887e-01 7.916328613646328449e-04 7.586491107940673828e-01 -5.157481646165251732e-04 9.999997019767761230e-01 -6.005717441439628601e-04
7.572870850563049316e-01 4.390169924590736628e-04 6.530820727348327637e-01 -3.324619319755584002e-04 9.999999403953552246e-01 -2.867141447495669127e-04
7.572870850563049316e-01 4.293705278541892767e-04 6.530820727348327637e-01 -3.251567832194268703e-04 9.999999403953552246e-01 -2.804142131935805082e-04
8.461709022521972656e-01 9.479526488576084375e-05 5.329116582870483398e-01 -8.021299436222761869e-05 1.000000000000000000e+00 -5.051750122220255435e-05
8.461709022521972656e-01 4.116761192562989891e-05 5.329116582870483398e-01 -3.483483669697307050e-05 1.000000000000000000e+00 -2.193870022892951965e-05
9.161472916603088379e-01 -1.837911549955606461e-04 4.008418321609497070e-01 1.683797745499759912e-04 1.000000000000000000e+00 7.367118087131530046e-05
9.161472916603088379e-01 -1.930426515173166990e-04 4.008418321609497070e-01 1.768555084709078074e-04 1.000000000000000000e+00 7.737956912023946643e-05
9.656558036804199219e-01 -3.535452415235340595e-04 2.598244249820709229e-01 3.414030361454933882e-04 9.999999403953552246e-01 9.185969975078478456e-05
9.656558036804199219e-01 -3.567051608115434647e-04 2.598244249820709229e-01 3.444544272497296333e-04 9.999999403953552246e-01 9.268072608392685652e-05
9.935944080352783203e-01 -5.910762702114880085e-04 1.130039840936660767e-01 5.872902111150324345e-04 9.999998211860656738e-01 6.679398939013481140e-05
9.935944080352783203e-01 -5.959389964118599892e-04 1.130039840936660767e-01 5.921217380091547966e-04 9.999998211860656738e-01 6.734349153703078628e-05
-4.681886434555053711e-01 2.770382910966873169e-03 8.836242556571960449e-01 1.297066570259630680e-03 9.999961853027343750e-01 -2.447986509650945663e-03
-4.681886434555053711e-01 2.771194791421294212e-03 8.836242556571960449e-01 1.297446666285395622e-03 9.999961853027343750e-01 -2.448704093694686890e-03
-3.312637209892272949e-01 2.543294569477438927e-03 9.435348510742187500e-01 8.425039704889059067e-04 9.999967813491821289e-01 -2.399694873020052910e-03
-3.312637209892272949e-01 2.548076910898089409e-03 9.435348510742187500e-01 8.440881501883268356e-04 9.999967813491821289e-01 -2.404207130894064903e-03
-1.869330704212188721e-01 2.429692074656486511e-03 9.823696613311767578e-01 4.541911766864359379e-04 9.999970793724060059e-01 -2.386863110587000847e-03
-1.869330704212188721e-01 2.441480290144681931e-03 9.823696613311767578e-01 4.563947441056370735e-04 9.999970197677612305e-01 -2.398443408310413361e-03
-3.843608871102333069e-02 2.238457091152667999e-03 9.992585778236389160e-01 8.603775495430454612e-05 9.999974966049194336e-01 -2.236803062260150909e-03
-3.843608871102333069e-02 2.224269788712263107e-03 9.992585778236389160e-01 8.549245103495195508e-05 9.999975562095642090e-01 -2.222626470029354095e-03
1.109302863478660583e-01 2.012559911236166954e-03 9.938262104988098145e-01 -2.232542610727250576e-04 9.999979734420776367e-01 -2.000138629227876663e-03
1.109302863478660583e-01 2.003404777497053146e-03 9.938262104988098145e-01 -2.222386829089373350e-04 9.999980330467224121e-01 -1.991040073335170746e-03
2.578151524066925049e-01 1.815247465856373310e-03 9.661926031112670898e-01 -4.679989942815154791e-04 9.999983906745910645e-01 -1.753881457261741161e-03
2.578151524066925049e-01 1.784491236321628094e-03 9.661926627159118652e-01 -4.600695683620870113e-04 9.999984502792358398e-01 -1.724165049381554127e-03
3.989330232143402100e-01 1.557186129502952099e-03 9.169788360595703125e-01 -6.212136941030621529e-04 9.999988079071044922e-01 -1.427908428013324738e-03
3.989329934120178223e-01 1.577748800627887249e-03 9.169787764549255371e-01 -6.294168415479362011e-04 9.999987483024597168e-01 -1.446763984858989716e-03
-4.663463830947875977e-01 9.333193302154541016e-04 -8.846017122268676758e-01 4.352502874098718166e-04 9.999995827674865723e-01 8.256162400357425213e-04
-4.663464128971099854e-01 9.129102109000086784e-04 -8.846017718315124512e-01 4.257325490470975637e-04 9.999995827674865723e-01 8.075622026808559895e-04
-3.002424258738756180e-03 0.000000000000000000e+00 9.999955296516418457e-01 -9.999955296516418457e-01 0.000000000000000000e+00 -3.002424258738756180e-03
-3.030984196811914444e-03 0.000000000000000000e+00 9.999954104423522949e-01 -9.999954104423522949e-01 0.000000000000000000e+00 -3.030984196811914444e-03
-3.035665722563862801e-03 0.000000000000000000e+00 9.999954104423522949e-01 -9.999954104423522949e-01 0.000000000000000000e+00 -3.035665722563862801e-03
-3.024272620677947998e-03 0.000000000000000000e+00 9.999954700469970703e-01 -9.999954700469970703e-01 0.000000000000000000e+00 -3.024272620677947998e-03
-2.997922478243708611e-03 0.000000000000000000e+00 9.999955296516418457e-01 -9.999955296516418457e-01 0.000000000000000000e+00 -2.997922478243708611e-03
-2.995438640937209129e-03 0.000000000000000000e+00 9.999955296516418457e-01 -9.999955296516418457e-01 0.000000000000000000e+00 -2.995438640937209129e-03
-2.990065375342965126e-03 0.000000000000000000e+00 9.999955296516418457e-01 -9.999955296516418457e-01 0.000000000000000000e+00 -2.990065375342965126e-03
-2.983363810926675797e-03 0.000000000000000000e+00 9.999955892562866211e-01 -9.999955892562866211e-01 0.000000000000000000e+00 -2.983363810926675797e-03
-2.951978472992777824e-03 0.000000000000000000e+00 9.999956488609313965e-01 -9.999956488609313965e-01 0.000000000000000000e+00 -2.951978472992777824e-03
-2.943610772490501404e-03 0.000000000000000000e+00 9.999957084655761719e-01 -9.999957084655761719e-01 0.000000000000000000e+00 -2.943610772490501404e-03
-2.935260301455855370e-03 0.000000000000000000e+00 9.999957084655761719e-01 -9.999957084655761719e-01 0.000000000000000000e+00 -2.935260301455855370e-03
-2.935029100626707077e-03 0.000000000000000000e+00 9.999957084655761719e-01 -9.999957084655761719e-01 0.000000000000000000e+00 -2.935029100626707077e-03
-2.926734276115894318e-03 0.000000000000000000e+00 9.999957084655761719e-01 -9.999957084655761719e-01 0.000000000000000000e+00 -2.926734276115894318e-03
-2.914596581831574440e-03 0.000000000000000000e+00 9.999957680702209473e-01 -9.999957680702209473e-01 0.000000000000000000e+00 -2.914596581831574440e-03
-2.913021016865968704e-03 0.000000000000000000e+00 9.999957680702209473e-01 -9.999957680702209473e-01 0.000000000000000000e+00 -2.913021016865968704e-03
-2.908518072217702866e-03 0.000000000000000000e+00 9.999957680702209473e-01 -9.999957680702209473e-01 0.000000000000000000e+00 -2.908518072217702866e-03
-2.903243061155080795e-03 0.000000000000000000e+00 9.999958276748657227e-01 -9.999958276748657227e-01 0.000000000000000000e+00 -2.903243061155080795e-03
-2.896639285609126091e-03 0.000000000000000000e+00 9.999958276748657227e-01 -9.999958276748657227e-01 0.000000000000000000e+00 -2.896639285609126091e-03
-2.891794312745332718e-03 0.000000000000000000e+00 9.999958276748657227e-01 -9.999958276748657227e-01 0.000000000000000000e+00 -2.891794312745332718e-03
-2.882896922528743744e-03 0.000000000000000000e+00 9.999958872795104980e-01 -9.999958872795104980e-01 0.000000000000000000e+00 -2.882896922528743744e-03
-2.876971848309040070e-03 0.000000000000000000e+00 9.999958872795104980e-01 -9.999958872795104980e-01 0.000000000000000000e+00 -2.876971848309040070e-03
-2.858120948076248169e-03 0.000000000000000000e+00 9.999959468841552734e-01 -9.999959468841552734e-01 0.000000000000000000e+00 -2.858120948076248169e-03
-2.837742678821086884e-03 0.000000000000000000e+00 9.999960064888000488e-01 -9.999960064888000488e-01 0.000000000000000000e+00 -2.837742678821086884e-03
-2.795560983940958977e-03 0.000000000000000000e+00 9.999961256980895996e-01 -9.999961256980895996e-01 0.000000000000000000e+00 -2.795560983940958977e-03
-2.762060146778821945e-03 -0.000000000000000000e+00 9.999961853027343750e-01 -9.999961853027343750e-01 0.000000000000000000e+00 -2.762060146778821945e-03
-2.747199730947613716e-03 -0.000000000000000000e+00 9.999962449073791504e-01 -9.999962449073791504e-01 0.000000000000000000e+00 -2.747199730947613716e-03
-2.736609661951661110e-03 0.000000000000000000e+00 9.999962449073791504e-01 -9.999962449073791504e-01 0.000000000000000000e+00 -2.736609661951661110e-03
-2.711031120270490646e-03 -0.000000000000000000e+00 9.999963641166687012e-01 -9.999963641166687012e-01 0.000000000000000000e+00 -2.711031120270490646e-03
-2.699762117117643356e-03 -0.000000000000000000e+00 9.999963641166687012e-01 -9.999963641166687012e-01 0.000000000000000000e+00 -2.699762117117643356e-03
-2.704368671402335167e-03 -0.000000000000000000e+00 9.999963641166687012e-01 -9.999963641166687012e-01 0.000000000000000000e+00 -2.704368671402335167e-03
-2.679961500689387321e-03 -0.000000000000000000e+00 9.999964237213134766e-01 -9.999964237213134766e-01 0.000000000000000000e+00 -2.679961500689387321e-03
-2.665554871782660484e-03 -0.000000000000000000e+00 9.999964833259582520e-01 -9.999964833259582520e-01 0.000000000000000000e+00 -2.665554871782660484e-03
-2.644673455506563187e-03 -0.000000000000000000e+00 9.999965429306030273e-01 -9.999965429306030273e-01 0.000000000000000000e+00 -2.644673455506563187e-03
-2.637314610183238983e-03 -0.000000000000000000e+00 9.999965429306030273e-01 -9.999965429306030273e-01 0.000000000000000000e+00 -2.637314610183238983e-03
-2.676506061106920242e-03 -0.000000000000000000e+00 9.999964237213134766e-01 -9.999964237213134766e-01 0.000000000000000000e+00 -2.676506061106920242e-03
-2.630474045872688293e-03 -0.000000000000000000e+00 9.999965429306030273e-01 -9.999965429306030273e-01 0.000000000000000000e+00 -2.630474045872688293e-03
-2.655223710462450981e-03 -0.000000000000000000e+00 9.999964833259582520e-01 -9.999964833259582520e-01 0.000000000000000000e+00 -2.655223710462450981e-03
-2.646128879860043526e-03 -0.000000000000000000e+00 9.999965429306030273e-01 -9.999965429306030273e-01 0.000000000000000000e+00 -2.646128879860043526e-03
-2.644992200657725334e-03 0.000000000000000000e+00 9.999965429306030273e-01 -9.999965429306030273e-01 0.000000000000000000e+00 -2.644992200657725334e-03
-2.615212928503751755e-03 -0.000000000000000000e+00 9.999966025352478027e-01 -9.999966025352478027e-01 0.000000000000000000e+00 -2.615212928503751755e-03
-2.621020888909697533e-03 0.000000000000000000e+00 9.999966025352478027e-01 -9.999966025352478027e-01 0.000000000000000000e+00 -2.621020888909697533e-03
-2.615839010104537010e-03 0.000000000000000000e+00 9.999966025352478027e-01 -9.999966025352478027e-01 0.000000000000000000e+00 -2.615839010104537010e-03
-2.614627825096249580e-03 0.000000000000000000e+00 9.999966025352478027e-01 -9.999966025352478027e-01 0.000000000000000000e+00 -2.614627825096249580e-03
-2.590644871816039085e-03 -0.000000000000000000e+00 9.999966621398925781e-01 -9.999966621398925781e-01 0.000000000000000000e+00 -2.590644871816039085e-03
-2.604984212666749954e-03 -0.000000000000000000e+00 9.999966025352478027e-01 -9.999966025352478027e-01 0.000000000000000000e+00 -2.604984212666749954e-03
-2.583930036053061485e-03 -0.000000000000000000e+00 9.999966621398925781e-01 -9.999966621398925781e-01 0.000000000000000000e+00 -2.583930036053061485e-03
-2.581763546913862228e-03 -0.000000000000000000e+00 9.999966621398925781e-01 -9.999966621398925781e-01 0.000000000000000000e+00 -2.581763546913862228e-03
-2.578921150416135788e-03 -0.000000000000000000e+00 9.999966621398925781e-01 -9.999966621398925781e-01 0.000000000000000000e+00 -2.578921150416135788e-03
-2.575577003881335258e-03 0.000000000000000000e+00 9.999967217445373535e-01 -9.999967217445373535e-01 0.000000000000000000e+00 -2.575577003881335258e-03
-2.590643474832177162e-03 0.000000000000000000e+00 9.999966621398925781e-01 -9.999966621398925781e-01 0.000000000000000000e+00 -2.590643474832177162e-03
-2.566481940448284149e-03 0.000000000000000000e+00 9.999967217445373535e-01 -9.999967217445373535e-01 0.000000000000000000e+00 -2.566481940448284149e-03
-2.566976239904761314e-03 0.000000000000000000e+00 9.999967217445373535e-01 -9.999967217445373535e-01 0.000000000000000000e+00 -2.566976239904761314e-03
-2.589088398963212967e-03 0.000000000000000000e+00 9.999966621398925781e-01 -9.999966621398925781e-01 0.000000000000000000e+00 -2.589088398963212967e-03
-2.590176649391651154e-03 0.000000000000000000e+00 9.999966621398925781e-01 -9.999966621398925781e-01 0.000000000000000000e+00 -2.590176649391651154e-03
-2.590327523648738861e-03 -0.000000000000000000e+00 9.999966621398925781e-01 -9.999966621398925781e-01 0.000000000000000000e+00 -2.590327523648738861e-03
-2.591671887785196304e-03 -0.000000000000000000e+00 9.999966621398925781e-01 -9.999966621398925781e-01 0.000000000000000000e+00 -2.591671887785196304e-03
-2.618100726976990700e-03 0.000000000000000000e+00 9.999966025352478027e-01 -9.999966025352478027e-01 0.000000000000000000e+00 -2.618100726976990700e-03
-2.623433247208595276e-03 0.000000000000000000e+00 9.999966025352478027e-01 -9.999966025352478027e-01 0.000000000000000000e+00 -2.623433247208595276e-03
-2.629752736538648605e-03 -0.000000000000000000e+00 9.999965429306030273e-01 -9.999965429306030273e-01 0.000000000000000000e+00 -2.629752736538648605e-03
-2.641888102516531944e-03 0.000000000000000000e+00 9.999965429306030273e-01 -9.999965429306030273e-01 0.000000000000000000e+00 -2.641888102516531944e-03
-2.623377600684762001e-03 0.000000000000000000e+00 9.999966025352478027e-01 -9.999966025352478027e-01 0.000000000000000000e+00 -2.623377600684762001e-03
-2.629160415381193161e-03 0.000000000000000000e+00 9.999965429306030273e-01 -9.999965429306030273e-01 0.000000000000000000e+00 -2.629160415381193161e-03
-2.640522783622145653e-03 0.000000000000000000e+00 9.999965429306030273e-01 -9.999965429306030273e-01 0.000000000000000000e+00 -2.640522783622145653e-03
-2.640973776578903198e-03 0.000000000000000000e+00 9.999965429306030273e-01 -9.999965429306030273e-01 0.000000000000000000e+00 -2.640973776578903198e-03
-2.661894308403134346e-03 0.000000000000000000e+00 9.999964833259582520e-01 -9.999964833259582520e-01 0.000000000000000000e+00 -2.661894308403134346e-03
-2.659375546500086784e-03 0.000000000000000000e+00 9.999964833259582520e-01 -9.999964833259582520e-01 0.000000000000000000e+00 -2.659375546500086784e-03
-2.667452208697795868e-03 0.000000000000000000e+00 9.999964833259582520e-01 -9.999964833259582520e-01 0.000000000000000000e+00 -2.667452208697795868e-03
-2.674392191693186760e-03 0.000000000000000000e+00 9.999964237213134766e-01 -9.999964237213134766e-01 0.000000000000000000e+00 -2.674392191693186760e-03
-2.688851905986666679e-03 0.000000000000000000e+00 9.999964237213134766e-01 -9.999964237213134766e-01 0.000000000000000000e+00 -2.688851905986666679e-03
-2.707316540181636810e-03 0.000000000000000000e+00 9.999963641166687012e-01 -9.999963641166687012e-01 0.000000000000000000e+00 -2.707316540181636810e-03
-2.718164119869470596e-03 -0.000000000000000000e+00 9.999963045120239258e-01 -9.999963045120239258e-01 0.000000000000000000e+00 -2.718164119869470596e-03
-2.799063222482800484e-03 0.000000000000000000e+00 9.999961256980895996e-01 -9.999961256980895996e-01 0.000000000000000000e+00 -2.799063222482800484e-03
-2.827285556122660637e-03 0.000000000000000000e+00 9.999960064888000488e-01 -9.999960064888000488e-01 0.000000000000000000e+00 -2.827285556122660637e-03
-2.852946519851684570e-03 0.000000000000000000e+00 9.999959468841552734e-01 -9.999959468841552734e-01 0.000000000000000000e+00 -2.852946519851684570e-03
-2.869467251002788544e-03 0.000000000000000000e+00 9.999958872795104980e-01 -9.999958872795104980e-01 0.000000000000000000e+00 -2.869467251002788544e-03
-2.881922759115695953e-03 0.000000000000000000e+00 9.999958872795104980e-01 -9.999958872795104980e-01 0.000000000000000000e+00 -2.881922759115695953e-03
-2.897127997130155563e-03 0.000000000000000000e+00 9.999958276748657227e-01 -9.999958276748657227e-01 0.000000000000000000e+00 -2.897127997130155563e-03
-2.900943625718355179e-03 0.000000000000000000e+00 9.999958276748657227e-01 -9.999958276748657227e-01 0.000000000000000000e+00 -2.900943625718355179e-03
-2.903325017541646957e-03 0.000000000000000000e+00 9.999958276748657227e-01 -9.999958276748657227e-01 0.000000000000000000e+00 -2.903325017541646957e-03
-2.908088034018874168e-03 0.000000000000000000e+00 9.999957680702209473e-01 -9.999957680702209473e-01 0.000000000000000000e+00 -2.908088034018874168e-03
-2.908525289967656136e-03 0.000000000000000000e+00 9.999957680702209473e-01 -9.999957680702209473e-01 0.000000000000000000e+00 -2.908525289967656136e-03
-2.930055139586329460e-03 0.000000000000000000e+00 9.999957084655761719e-01 -9.999957084655761719e-01 0.000000000000000000e+00 -2.930055139586329460e-03
-2.941306680440902710e-03 0.000000000000000000e+00 9.999957084655761719e-01 -9.999957084655761719e-01 0.000000000000000000e+00 -2.941306680440902710e-03
-2.947422908619046211e-03 0.000000000000000000e+00 9.999956488609313965e-01 -9.999956488609313965e-01 0.000000000000000000e+00 -2.947422908619046211e-03
-2.937457524240016937e-03 0.000000000000000000e+00 9.999957084655761719e-01 -9.999957084655761719e-01 0.000000000000000000e+00 -2.937457524240016937e-03
-2.948501147329807281e-03 0.000000000000000000e+00 9.999956488609313965e-01 -9.999956488609313965e-01 0.000000000000000000e+00 -2.948501147329807281e-03
-2.957680728286504745e-03 0.000000000000000000e+00 9.999956488609313965e-01 -9.999956488609313965e-01 0.000000000000000000e+00 -2.957680728286504745e-03
-2.965432591736316681e-03 0.000000000000000000e+00 9.999955892562866211e-01 -9.999955892562866211e-01 0.000000000000000000e+00 -2.965432591736316681e-03
-3.003534628078341484e-03 0.000000000000000000e+00 9.999955296516418457e-01 -9.999955296516418457e-01 0.000000000000000000e+00 -3.003534628078341484e-03
-3.008013824000954628e-03 0.000000000000000000e+00 9.999954700469970703e-01 -9.999954700469970703e-01 0.000000000000000000e+00 -3.008013824000954628e-03
-3.014718182384967804e-03 0.000000000000000000e+00 9.999954700469970703e-01 -9.999954700469970703e-01 0.000000000000000000e+00 -3.014718182384967804e-03
-3.020935691893100739e-03 0.000000000000000000e+00 9.999954700469970703e-01 -9.999954700469970703e-01 0.000000000000000000e+00 -3.020935691893100739e-03
-3.036821261048316956e-03 0.000000000000000000e+00 9.999954104423522949e-01 -9.999954104423522949e-01 0.000000000000000000e+00 -3.036821261048316956e-03
-3.038184717297554016e-03 0.000000000000000000e+00 9.999954104423522949e-01 -9.999954104423522949e-01 0.000000000000000000e+00 -3.038184717297554016e-03
-3.039312781766057014e-03 0.000000000000000000e+00 9.999954104423522949e-01 -9.999954104423522949e-01 0.000000000000000000e+00 -3.039312781766057014e-03
-3.014388959854841232e-03 0.000000000000000000e+00 9.999954700469970703e-01 -9.999954700469970703e-01 0.000000000000000000e+00 -3.014388959854841232e-03
-3.038518363609910011e-03 0.000000000000000000e+00 9.999954104423522949e-01 -9.999954104423522949e-01 0.000000000000000000e+00 -3.038518363609910011e-03
9.992609024047851562e-01 -7.847666274756193161e-04 3.843297809362411499e-02 7.841868209652602673e-04 9.999997019767761230e-01 3.016092705365736037e-05
9.992609024047851562e-01 -8.006451535038650036e-04 3.843297809362411499e-02 8.000536472536623478e-04 9.999997019767761230e-01 3.077118526562117040e-05
5.329151153564453125e-01 8.271595288533717394e-05 -8.461686968803405762e-01 -4.408058157423511147e-05 1.000000000000000000e+00 6.999164907028898597e-05
5.329151153564453125e-01 6.211514119058847427e-05 -8.461686968803405762e-01 -3.310209649498574436e-05 1.000000000000000000e+00 5.255988799035549164e-05
-9.993359446525573730e-01 2.577051520347595215e-03 3.634659573435783386e-02 2.575349062681198120e-03 9.999967217445373535e-01 -9.366737504024058580e-05
-9.993359446525573730e-01 2.582932356745004654e-03 3.634659573435783386e-02 2.581225708127021790e-03 9.999966621398925781e-01 -9.388111357111483812e-05
-9.827568531036376953e-01 2.724928548559546471e-03 1.848825514316558838e-01 2.677952172234654427e-03 9.999963045120239258e-01 -5.037935916334390640e-04
-9.827569127082824707e-01 2.709234599024057388e-03 1.848825663328170776e-01 2.662528771907091141e-03 9.999963641166687012e-01 -5.008920561522245407e-04
-9.442231655120849609e-01 2.804098417982459068e-03 3.292945027351379395e-01 2.647705143317580223e-03 9.999960660934448242e-01 -9.233778109773993492e-04
-9.442231655120849609e-01 2.798413392156362534e-03 3.292945027351379395e-01 2.642337232828140259e-03 9.999961256980895996e-01 -9.215057943947613239e-04
-8.845976591110229492e-01 2.858688589185476303e-03 4.663463532924652100e-01 2.528799464926123619e-03 9.999959468841552734e-01 -1.333144376985728741e-03
-8.845976591110229492e-01 2.851236145943403244e-03 4.663463532924652100e-01 2.522207098081707954e-03 9.999959468841552734e-01 -1.329668913967907429e-03
-8.052119016647338867e-01 2.929354319348931313e-03 5.929799079895019531e-01 2.358761150389909744e-03 9.999957084655761719e-01 -1.737055717967450619e-03
-8.052119016647338867e-01 2.933811862021684647e-03 5.929799079895019531e-01 2.362350467592477798e-03 9.999957084655761719e-01 -1.739699044264853001e-03
-7.078452706336975098e-01 2.868565963581204414e-03 7.063617110252380371e-01 2.030509291216731071e-03 9.999958872795104980e-01 -2.026253612712025642e-03
-7.078452706336975098e-01 2.867265371605753899e-03 7.063617110252380371e-01 2.029588678851723671e-03 9.999958872795104980e-01 -2.025334862992167473e-03
-5.946552753448486328e-01 2.742383861914277077e-03 8.039761185646057129e-01 1.630779122933745384e-03 9.999962449073791504e-01 -2.204819582402706146e-03
-5.946552753448486328e-01 2.741241361945867538e-03 8.039761185646057129e-01 1.630099723115563393e-03 9.999962449073791504e-01 -2.203900832682847977e-03
-5.329123735427856445e-01 2.801362657919526100e-03 8.461657762527465820e-01 1.492886687628924847e-03 9.999960660934448242e-01 -2.370426664128899574e-03
-5.329123735427856445e-01 2.787149278447031975e-03 8.461658358573913574e-01 1.485312124714255333e-03 9.999961256980895996e-01 -2.358399564400315285e-03
-9.992584586143493652e-01 2.346548950299620628e-03 -3.843288496136665344e-02 2.344815293326973915e-03 9.999972581863403320e-01 9.018489072332158685e-05
-9.992585182189941406e-01 2.331862924620509148e-03 -3.843288868665695190e-02 2.330140210688114166e-03 9.999973177909851074e-01 8.962045831140130758e-05
4.681904017925262451e-01 -1.739354775054380298e-04 -8.836275935173034668e-01 8.143491868395358324e-05 1.000000000000000000e+00 -1.536941854283213615e-04
4.681904017925262451e-01 -1.814651186577975750e-04 -8.836275935173034668e-01 8.496022928738966584e-05 1.000000000000000000e+00 -1.603475830052047968e-04
3.312647938728332520e-01 9.380340634379535913e-05 -9.435378909111022949e-01 -3.107376687694340944e-05 1.000000000000000000e+00 8.850706944940611720e-05
3.312647938728332520e-01 9.875831165118142962e-05 -9.435378909111022949e-01 -3.271515015512704849e-05 1.000000000000000000e+00 9.318220691056922078e-05
1.869336068630218506e-01 2.707140811253339052e-04 -9.823725223541259766e-01 -5.060556577518582344e-05 1.000000000000000000e+00 2.659421297721564770e-04
1.869336068630218506e-01 2.710286353249102831e-04 -9.823725223541259766e-01 -5.066436642664484680e-05 1.000000000000000000e+00 2.662511251401156187e-04
3.843618184328079224e-02 4.055863828398287296e-04 -9.992610216140747070e-01 -1.558919393573887646e-05 9.999999403953552246e-01 4.052867006976157427e-04
3.843618184328079224e-02 4.008055548183619976e-04 -9.992610216140747070e-01 -1.540543598821386695e-05 9.999999403953552246e-01 4.005093942396342754e-04
-1.109304875135421753e-01 5.594926769845187664e-04 -9.938280582427978516e-01 6.206480611581355333e-05 9.999998807907104492e-01 5.560395657084882259e-04
-1.109304875135421753e-01 5.259991739876568317e-04 -9.938280582427978516e-01 5.834935291204601526e-05 9.999998807907104492e-01 5.227528163231909275e-04
-2.578154802322387695e-01 5.961255519650876522e-04 -9.661939740180969238e-01 1.536904310341924429e-04 9.999998211860656738e-01 5.759730120189487934e-04
-2.578154802322387695e-01 5.840579397045075893e-04 -9.661939740180969238e-01 1.505792170064523816e-04 9.999998211860656738e-01 5.643133772537112236e-04
-3.989334106445312500e-01 6.794636137783527374e-04 -9.169796705245971680e-01 2.710607950575649738e-04 9.999997615814208984e-01 6.230545113794505596e-04
-3.989334106445312500e-01 6.986731896176934242e-04 -9.169796705245971680e-01 2.787241537589579821e-04 9.999997615814208984e-01 6.406692555174231529e-04
9.993391633033752441e-01 -8.957669488154351711e-04 -3.633873909711837769e-02 8.951754425652325153e-04 9.999996423721313477e-01 -3.255105912103317678e-05
9.993391633033752441e-01 -9.024583268910646439e-04 -3.633873909711837769e-02 9.018623386509716511e-04 9.999995827674865723e-01 -3.279421071056276560e-05
9.827572107315063477e-01 -9.056241251528263092e-04 -1.848985850811004639e-01 8.900089887902140617e-04 9.999995827674865723e-01 -1.674486848060041666e-04
9.827572107315063477e-01 -9.038334828801453114e-04 -1.848985850811004639e-01 8.882492547854781151e-04 9.999995827674865723e-01 -1.671175996307283640e-04
9.442314505577087402e-01 -8.381894440390169621e-04 -3.292814195156097412e-01 7.914451416581869125e-04 9.999996423721313477e-01 -2.760002971626818180e-04
9.442314505577087402e-01 -8.341371431015431881e-04 -3.292814195156097412e-01 7.876188028603792191e-04 9.999996423721313477e-01 -2.746659738477319479e-04
8.845977187156677246e-01 -7.444954244419932365e-04 -4.663543105125427246e-01 6.585791707038879395e-04 9.999997615814208984e-01 -3.471988020464777946e-04
8.845977187156677246e-01 -7.416632142849266529e-04 -4.663543105125427246e-01 6.560737965628504753e-04 9.999997615814208984e-01 -3.458779829088598490e-04
8.052152395248413086e-01 -5.195191479288041592e-04 -5.929824113845825195e-01 4.183248092886060476e-04 9.999998807907104492e-01 -3.080657625105232000e-04
8.052152395248413086e-01 -5.306783132255077362e-04 -5.929824113845825195e-01 4.273103259038180113e-04 9.999998807907104492e-01 -3.146829258184880018e-04
7.078441977500915527e-01 -2.775188768282532692e-04 -7.063686251640319824e-01 1.964401162695139647e-04 1.000000000000000000e+00 -1.960306253749877214e-04
7.078441977500915527e-01 -2.859613741748034954e-04 -7.063686251640319824e-01 2.024160930886864662e-04 1.000000000000000000e+00 -2.019941312028095126e-04
5.946574807167053223e-01 2.845777999027632177e-05 -8.039791584014892578e-01 -1.692263140284921974e-05 1.000000000000000000e+00 2.287946153955999762e-05
5.946574807167053223e-01 2.154402864107396454e-05 -8.039791584014892578e-01 -1.281131790165090933e-05 1.000000000000000000e+00 1.732095006445888430e-05
4.663460850715637207e-01 1.488127745687961578e-03 8.846011161804199219e-01 -6.939832819625735283e-04 9.999989271163940430e-01 -1.316400943323969841e-03
4.663460850715637207e-01 1.491445698775351048e-03 8.846011161804199219e-01 -6.955306162126362324e-04 9.999989271163940430e-01 -1.319336006417870522e-03
