-6.407045572996139526e-02 6.346825975924730301e-04 -9.979451894760131836e-01 4.066441397299058735e-05 9.999998211860656738e-01 6.333785713650286198e-04
-6.407045572996139526e-02 6.446742918342351913e-04 -9.979451894760131836e-01 4.130458546569570899e-05 9.999998211860656738e-01 6.433497183024883270e-04
6.407045572996139526e-02 6.454876856878399849e-04 -9.979451894760131836e-01 -4.135669951210729778e-05 9.999998211860656738e-01 6.441614241339266300e-04
6.407046318054199219e-02 6.570155383087694645e-04 -9.979451894760131836e-01 -4.209529288345947862e-05 9.999998211860656738e-01 6.556655862368643284e-04
1.911586523056030273e-01 6.485101184807717800e-04 -9.815589785575866699e-01 -1.239683479070663452e-04 9.999998211860656738e-01 6.365510635077953339e-04
1.911586374044418335e-01 6.726833526045084000e-04 -9.815589189529418945e-01 -1.285892649320885539e-04 9.999997615814208984e-01 6.602784851565957069e-04
3.151078820228576660e-01 6.705035921186208725e-04 -9.490556120872497559e-01 -2.112810325343161821e-04 9.999997615814208984e-01 6.363453576341271400e-04
3.151078820228576660e-01 6.947909714654088020e-04 -9.490556120872497559e-01 -2.189341757912188768e-04 9.999997615814208984e-01 6.593954167328774929e-04
4.338836967945098877e-01 7.247368921525776386e-04 -9.009686112403869629e-01 -3.144515794701874256e-04 9.999997615814208984e-01 6.529653910547494888e-04
4.338836967945098877e-01 7.490784628316760063e-04 -9.009686112403869629e-01 -3.250130102969706059e-04 9.999997615814208984e-01 6.748963496647775173e-04
5.455348491668701172e-01 7.760575390420854092e-04 -8.380877971649169922e-01 -4.233665822539478540e-04 9.999997019767761230e-01 6.504045450128614902e-04
5.455348491668701172e-01 7.937559275887906551e-04 -8.380877971649169922e-01 -4.330216615926474333e-04 9.999997019767761230e-01 6.652373704127967358e-04
6.482280492782592773e-01 8.306784438900649548e-04 -7.614457607269287109e-01 -5.384692922234535217e-04 9.999996423721313477e-01 6.325168069452047348e-04
6.482280492782592773e-01 8.523164433427155018e-04 -7.614457607269287109e-01 -5.524956504814326763e-04 9.999996423721313477e-01 6.489930092357099056e-04
7.402778863906860352e-01 8.855189080350100994e-04 -6.723005175590515137e-01 -6.555303116329014301e-04 9.999996423721313477e-01 5.953350337222218513e-04
7.402778267860412598e-01 9.084456833079457283e-04 -6.723004579544067383e-01 -6.725024431943893433e-04 9.999995827674865723e-01 6.107487133704125881e-04
8.201717734336853027e-01 9.632451692596077919e-04 -5.721166133880615234e-01 -7.900267955847084522e-04 9.999995231628417969e-01 5.510887713171541691e-04
8.201717734336853027e-01 9.837729157879948616e-04 -5.721166133880615234e-01 -8.068630122579634190e-04 9.999995231628417969e-01 5.628329818136990070e-04
8.865988850593566895e-01 1.025490695610642433e-03 -4.625379145145416260e-01 -9.091994143091142178e-04 9.999994635581970215e-01 4.743285826407372952e-04
8.865988850593566895e-01 1.044235075823962688e-03 -4.625379145145416260e-01 -9.258181671611964703e-04 9.999994635581970215e-01 4.829985555261373520e-04
9.384678602218627930e-01 1.084812101908028126e-03 -3.453649580478668213e-01 -1.018061884678900242e-03 9.999994039535522461e-01 3.746563161257654428e-04
9.384678602218627930e-01 1.103515503928065300e-03 -3.453649580478668213e-01 -1.035614404827356339e-03 9.999994039535522461e-01 3.811158239841461182e-04
9.749273061752319336e-01 1.133380923420190811e-03 -2.225205749273300171e-01 -1.104964758269488811e-03 9.999993443489074707e-01 2.522007562220096588e-04
9.749273061752319336e-01 1.142458408139646053e-03 -2.225205749273300171e-01 -1.113814651034772396e-03 9.999993443489074707e-01 2.542206784710288048e-04
9.953784942626953125e-01 1.163258100859820843e-03 -9.602304548025131226e-02 -1.157882856205105782e-03 9.999993443489074707e-01 1.116996572818607092e-04
9.953784346580505371e-01 1.184414839372038841e-03 -9.602303802967071533e-02 -1.178941805846989155e-03 9.999992847442626953e-01 1.137311919592320919e-04
9.994855523109436035e-01 1.186919398605823517e-03 3.205127269029617310e-02 -1.186309615150094032e-03 9.999992847442626953e-01 -3.804230436799116433e-05
9.994855523109436035e-01 1.212318427860736847e-03 3.205127269029617310e-02 -1.211695605888962746e-03 9.999992847442626953e-01 -3.885637488565407693e-05
9.871810078620910645e-01 1.203175284899771214e-03 1.596001237630844116e-01 -1.187752699479460716e-03 9.999992847442626953e-01 -1.920270733535289764e-04
9.871810078620910645e-01 1.208748901262879372e-03 1.596001237630844116e-01 -1.193254836834967136e-03 9.999992847442626953e-01 -1.929166173795238137e-04
9.586673378944396973e-01 1.179027021862566471e-03 2.845270931720733643e-01 -1.130295451730489731e-03 9.999993443489074707e-01 -3.354653308633714914e-04
9.586672782897949219e-01 1.190888229757547379e-03 2.845270633697509766e-01 -1.141666434705257416e-03 9.999992847442626953e-01 -3.388401819393038750e-04
9.144119024276733398e-01 1.172256539575755596e-03 4.047832489013671875e-01 -1.071926206350326538e-03 9.999993443489074707e-01 -4.745101905427873135e-04
9.144119024276733398e-01 1.178416889160871506e-03 4.047832489013671875e-01 -1.077559310942888260e-03 9.999993443489074707e-01 -4.770038067363202572e-04
8.551422357559204102e-01 1.161400228738784790e-03 5.183922052383422852e-01 -9.931629756465554237e-04 9.999993443489074707e-01 -6.020612199790775776e-04
8.551422357559204102e-01 1.164097804576158524e-03 5.183922052383422852e-01 -9.954698616638779640e-04 9.999993443489074707e-01 -6.034596590325236320e-04
7.818310856819152832e-01 1.148855779320001602e-03 6.234893202781677246e-01 -8.982116123661398888e-04 9.999993443489074707e-01 -7.162996334955096245e-04
7.818310856819152832e-01 1.150037860497832298e-03 6.234893202781677246e-01 -8.991358336061239243e-04 9.999993443489074707e-01 -7.170366588979959488e-04
6.956818699836730957e-01 1.146918744780123234e-03 7.183490991592407227e-01 -7.978911162354052067e-04 9.999993443489074707e-01 -8.238885784521698952e-04
6.956818699836730957e-01 1.150024589151144028e-03 7.183490991592407227e-01 -8.000517846085131168e-04 9.999993443489074707e-01 -8.261196780949831009e-04
5.981101989746093750e-01 1.136227860115468502e-03 8.014131188392639160e-01 -6.795898079872131348e-04 9.999993443489074707e-01 -9.105883655138313770e-04
5.981101989746093750e-01 1.140493783168494701e-03 8.014131188392639160e-01 -6.821412825956940651e-04 9.999993443489074707e-01 -9.140071342699229717e-04
4.907171726226806641e-01 1.122069777920842171e-03 8.713182210922241211e-01 -5.506192683242261410e-04 9.999994039535522461e-01 -9.776804363355040550e-04
4.907171726226806641e-01 1.118110958486795425e-03 8.713182210922241211e-01 -5.486765876412391663e-04 9.999994039535522461e-01 -9.742310503497719765e-04
3.752669990062713623e-01 1.106344745494425297e-03 9.269161224365234375e-01 -4.151749308221042156e-04 9.999994039535522461e-01 -1.025489415042102337e-03
3.752669990062713623e-01 1.099768909625709057e-03 9.269161224365234375e-01 -4.127072461415082216e-04 9.999994039535522461e-01 -1.019394141621887684e-03
2.536541819572448730e-01 1.087151351384818554e-03 9.672943949699401855e-01 -2.757605980150401592e-04 9.999994039535522461e-01 -1.051595900207757950e-03
2.536541819572448730e-01 1.089483266696333885e-03 9.672943949699401855e-01 -2.763520751614123583e-04 9.999994039535522461e-01 -1.053851563483476639e-03
1.278774440288543701e-01 1.091986196115612984e-03 9.917894005775451660e-01 -1.396404841216281056e-04 9.999994039535522461e-01 -1.083020935766398907e-03
1.278774440288543701e-01 1.083989860489964485e-03 9.917894005775451660e-01 -1.386179355904459953e-04 9.999994039535522461e-01 -1.075090258382260799e-03
0.000000000000000000e+00 1.078168977983295918e-03 9.999994039535522461e-01 0.000000000000000000e+00 9.999994039535522461e-01 -1.078168977983295918e-03
0.000000000000000000e+00 1.072934712283313274e-03 9.999994635581970215e-01 -0.000000000000000000e+00 9.999994635581970215e-01 -1.072934712283313274e-03
-1.278774440288543701e-01 1.073592924512922764e-03 9.917894005775451660e-01 1.372884144075214863e-04 9.999994635581970215e-01 -1.064778887666761875e-03
-1.278774440288543701e-01 1.065783901140093803e-03 9.917894005775451660e-01 1.362898183288052678e-04 9.999994635581970215e-01 -1.057033892720937729e-03
-2.536541521549224854e-01 1.057480345480144024e-03 9.672943949699401855e-01 2.682344347704201937e-04 9.999994635581970215e-01 -1.022895332425832748e-03
-2.536541521549224854e-01 1.058312715031206608e-03 9.672943949699401855e-01 2.684455830603837967e-04 9.999994635581970215e-01 -1.023700577206909657e-03
-3.752670288085937500e-01 1.055839005857706070e-03 9.269161820411682129e-01 3.962217888329178095e-04 9.999994635581970215e-01 -9.786747395992279053e-04
-3.752670288085937500e-01 1.049936050549149513e-03 9.269161820411682129e-01 3.940066089853644371e-04 9.999994635581970215e-01 -9.732032194733619690e-04
-4.907172024250030518e-01 1.036802073940634727e-03 8.713182806968688965e-01 5.087768658995628357e-04 9.999994635581970215e-01 -9.033851092681288719e-04
-4.907172024250030518e-01 1.030651968903839588e-03 8.713182806968688965e-01 5.057589150965213776e-04 9.999994635581970215e-01 -8.980263955891132355e-04
-5.981103181838989258e-01 1.010106876492500305e-03 8.014132380485534668e-01 6.041555898264050484e-04 9.999995231628417969e-01 -8.095133234746754169e-04
-5.981102585792541504e-01 1.004749559797346592e-03 8.014132380485534668e-01 6.009513163007795811e-04 9.999995231628417969e-01 -8.052199846133589745e-04
-6.956819891929626465e-01 9.833265794441103935e-04 7.183492183685302734e-01 6.840829155407845974e-04 9.999995231628417969e-01 -7.063722587190568447e-04
-6.956819891929626465e-01 9.691304294392466545e-04 7.183492183685302734e-01 6.742069381289184093e-04 9.999995231628417969e-01 -6.961744511500000954e-04
-7.818312644958496094e-01 9.293858893215656281e-04 6.234894394874572754e-01 7.266232278198003769e-04 9.999995827674865723e-01 -5.794625030830502510e-04
-7.818312644958496094e-01 9.182487265206873417e-04 6.234894394874572754e-01 7.179158274084329605e-04 9.999995827674865723e-01 -5.725186201743781567e-04
-8.551424145698547363e-01 9.022414451465010643e-04 5.183923244476318359e-01 7.715452229604125023e-04 9.999995827674865723e-01 -4.677152610383927822e-04
-8.551424741744995117e-01 8.799056522548198700e-04 5.183923840522766113e-01 7.524449611082673073e-04 9.999996423721313477e-01 -4.561365349218249321e-04
-9.144122600555419922e-01 8.596412953920662403e-04 4.047833979129791260e-01 7.860668119974434376e-04 9.999996423721313477e-01 -3.479686565697193146e-04
-9.144122600555419922e-01 8.374341996386647224e-04 4.047833979129791260e-01 7.657603709958493710e-04 9.999996423721313477e-01 -3.389795892871916294e-04
-9.586676955223083496e-01 8.063705754466354847e-04 2.845271825790405273e-01 7.730416837148368359e-04 9.999997019767761230e-01 -2.294344158144667745e-04
-9.586676955223083496e-01 7.888127001933753490e-04 2.845271825790405273e-01 7.562094833701848984e-04 9.999997019767761230e-01 -2.244387287646532059e-04
-9.871814250946044922e-01 7.605637656524777412e-04 1.596001982688903809e-01 7.508146227337419987e-04 9.999997019767761230e-01 -1.213861614814959466e-04
-9.871814846992492676e-01 7.430541445501148701e-04 1.596002131700515747e-01 7.335294503718614578e-04 9.999997615814208984e-01 -1.185916189569979906e-04
-9.994860291481018066e-01 7.231305935420095921e-04 3.205128759145736694e-02 7.227591122500598431e-04 9.999997615814208984e-01 -2.317727194167673588e-05
-9.994860291481018066e-01 7.079499191604554653e-04 3.205128759145736694e-02 7.075862376950681210e-04 9.999997615814208984e-01 -2.269071228511165828e-05
-9.953789114952087402e-01 7.041931385174393654e-04 -9.602308273315429688e-02 7.009391556493937969e-04 9.999997615814208984e-01 6.761881377315148711e-05
-9.953789114952087402e-01 6.963153136894106865e-04 -9.602308273315429688e-02 6.930977688170969486e-04 9.999997615814208984e-01 6.686236156383529305e-05
-9.749277830123901367e-01 6.782147102057933807e-04 -2.225206792354583740e-01 6.612104480154812336e-04 9.999997615814208984e-01 1.509168214397504926e-04
-9.749277830123901367e-01 6.717427168041467667e-04 -2.225206792354583740e-01 6.549006793648004532e-04 9.999997615814208984e-01 1.494766620453447104e-04
-9.384682178497314453e-01 6.541672628372907639e-04 -3.453651070594787598e-01 6.139153265394270420e-04 9.999998211860656738e-01 2.259265747852623463e-04
-9.384682178497314453e-01 6.415436509996652603e-04 -3.453651070594787598e-01 6.020684377290308475e-04 9.999998211860656738e-01 2.215668355347588658e-04
-8.865991830825805664e-01 6.393521907739341259e-04 -4.625380635261535645e-01 5.668492522090673447e-04 9.999998211860656738e-01 2.957247779704630375e-04
-8.865991830825805664e-01 6.439764983952045441e-04 -4.625380635261535645e-01 5.709491670131683350e-04 9.999998211860656738e-01 2.978637057822197676e-04
-8.201720118522644043e-01 6.380897248163819313e-04 -5.721167325973510742e-01 5.233433912508189678e-04 9.999998211860656738e-01 3.650618891697376966e-04
-8.201720118522644043e-01 6.374006625264883041e-04 -5.721167325973510742e-01 5.227782530710101128e-04 9.999998211860656738e-01 3.646676486823707819e-04
-7.402780055999755859e-01 6.255130283534526825e-04 -6.723006367683410645e-01 4.630536132026463747e-04 9.999998211860656738e-01 4.205328878015279770e-04
-7.402780055999755859e-01 6.240032962523400784e-04 -6.723006367683410645e-01 4.619359970092773438e-04 9.999998211860656738e-01 4.195178917143493891e-04
-6.482281684875488281e-01 6.120819598436355591e-04 -7.614459395408630371e-01 3.967688535340130329e-04 9.999998211860656738e-01 4.660674021579325199e-04
-6.482281684875488281e-01 6.151409470476210117e-04 -7.614459395408630371e-01 3.987517557106912136e-04 9.999998211860656738e-01 4.683966399170458317e-04
-5.455349087715148926e-01 6.062478641979396343e-04 -8.380878567695617676e-01 3.307294391561299562e-04 9.999998211860656738e-01 5.080890841782093048e-04
-5.455349087715148926e-01 6.101831095293164253e-04 -8.380878567695617676e-01 3.328762541059404612e-04 9.999998211860656738e-01 5.113871884532272816e-04
-4.338836967945098877e-01 6.049677613191306591e-04 -9.009686708450317383e-01 2.624857006594538689e-04 9.999998211860656738e-01 5.450571188703179359e-04
-4.338836967945098877e-01 6.119649042375385761e-04 -9.009686708450317383e-01 2.655216376297175884e-04 9.999998211860656738e-01 5.513612995855510235e-04
-3.151079118251800537e-01 6.170661072246730328e-04 -9.490556716918945312e-01 1.944424438988789916e-04 9.999998211860656738e-01 5.856301868334412575e-04
-3.151079118251800537e-01 6.224247626960277557e-04 -9.490556716918945312e-01 1.961310044862329960e-04 9.999998211860656738e-01 5.907158483751118183e-04
-1.911586523056030273e-01 6.287621217779815197e-04 -9.815589785575866699e-01 1.201933409902267158e-04 9.999998211860656738e-01 6.171672139316797256e-04
-1.911586523056030273e-01 6.281857495196163654e-04 -9.815589785575866699e-01 1.200831611640751362e-04 9.999998211860656738e-01 6.166014936752617359e-04
-9.095589630305767059e-04 0.000000000000000000e+00 9.999995827674865723e-01 -9.999995827674865723e-01 0.000000000000000000e+00 -9.095589630305767059e-04
-9.126852382905781269e-04 0.000000000000000000e+00 9.999995827674865723e-01 -9.999995827674865723e-01 0.000000000000000000e+00 -9.126852382905781269e-04
-9.132162667810916901e-04 0.000000000000000000e+00 9.999995827674865723e-01 -9.999995827674865723e-01 0.000000000000000000e+00 -9.132162667810916901e-04
-9.094038978219032288e-04 0.000000000000000000e+00 9.999995827674865723e-01 -9.999995827674865723e-01 0.000000000000000000e+00 -9.094038978219032288e-04
-9.109399979934096336e-04 0.000000000000000000e+00 9.999995827674865723e-01 -9.999995827674865723e-01 0.000000000000000000e+00 -9.109399979934096336e-04
-9.140676702372729778e-04 0.000000000000000000e+00 9.999995827674865723e-01 -9.999995827674865723e-01 0.000000000000000000e+00 -9.140676702372729778e-04
-9.188250987790524960e-04 0.000000000000000000e+00 9.999995827674865723e-01 -9.999995827674865723e-01 0.000000000000000000e+00 -9.188250987790524960e-04
-9.212594013661146164e-04 0.000000000000000000e+00 9.999995827674865723e-01 -9.999995827674865723e-01 0.000000000000000000e+00 -9.212594013661146164e-04
-9.214598103426396847e-04 0.000000000000000000e+00 9.999995827674865723e-01 -9.999995827674865723e-01 0.000000000000000000e+00 -9.214598103426396847e-04
-9.186568786390125751e-04 0.000000000000000000e+00 9.999995827674865723e-01 -9.999995827674865723e-01 0.000000000000000000e+00 -9.186568786390125751e-04
-9.220523061230778694e-04 0.000000000000000000e+00 9.999995827674865723e-01 -9.999995827674865723e-01 0.000000000000000000e+00 -9.220523061230778694e-04
-9.185281232930719852e-04 0.000000000000000000e+00 9.999995827674865723e-01 -9.999995827674865723e-01 0.000000000000000000e+00 -9.185281232930719852e-04
-9.172802674584090710e-04 0.000000000000000000e+00 9.999995827674865723e-01 -9.999995827674865723e-01 0.000000000000000000e+00 -9.172802674584090710e-04
-9.207488619722425938e-04 0.000000000000000000e+00 9.999995827674865723e-01 -9.999995827674865723e-01 0.000000000000000000e+00 -9.207488619722425938e-04
-9.200422791764140129e-04 0.000000000000000000e+00 9.999995827674865723e-01 -9.999995827674865723e-01 0.000000000000000000e+00 -9.200422791764140129e-04
-9.221927612088620663e-04 0.000000000000000000e+00 9.999995827674865723e-01 -9.999995827674865723e-01 0.000000000000000000e+00 -9.221927612088620663e-04
-9.218548075295984745e-04 0.000000000000000000e+00 9.999995827674865723e-01 -9.999995827674865723e-01 0.000000000000000000e+00 -9.218548075295984745e-04
-9.277298813685774803e-04 0.000000000000000000e+00 9.999995827674865723e-01 -9.999995827674865723e-01 0.000000000000000000e+00 -9.277298813685774803e-04
-9.331602486781775951e-04 0.000000000000000000e+00 9.999995827674865723e-01 -9.999995827674865723e-01 0.000000000000000000e+00 -9.331602486781775951e-04
-9.390338673256337643e-04 0.000000000000000000e+00 9.999995827674865723e-01 -9.999995827674865723e-01 0.000000000000000000e+00 -9.390338673256337643e-04
-9.374261135235428810e-04 0.000000000000000000e+00 9.999995827674865723e-01 -9.999995827674865723e-01 0.000000000000000000e+00 -9.374261135235428810e-04
-9.409458725713193417e-04 0.000000000000000000e+00 9.999995827674865723e-01 -9.999995827674865723e-01 0.000000000000000000e+00 -9.409458725713193417e-04
-9.390601771883666515e-04 0.000000000000000000e+00 9.999995827674865723e-01 -9.999995827674865723e-01 0.000000000000000000e+00 -9.390601771883666515e-04
-9.373090579174458981e-04 0.000000000000000000e+00 9.999995827674865723e-01 -9.999995827674865723e-01 0.000000000000000000e+00 -9.373090579174458981e-04
-9.372227941639721394e-04 -0.000000000000000000e+00 9.999995827674865723e-01 -9.999995827674865723e-01 0.000000000000000000e+00 -9.372227941639721394e-04
-9.384282166138291359e-04 0.000000000000000000e+00 9.999995827674865723e-01 -9.999995827674865723e-01 0.000000000000000000e+00 -9.384282166138291359e-04
-9.398091933690011501e-04 -0.000000000000000000e+00 9.999995827674865723e-01 -9.999995827674865723e-01 0.000000000000000000e+00 -9.398091933690011501e-04
-9.343232377432286739e-04 0.000000000000000000e+00 9.999995827674865723e-01 -9.999995827674865723e-01 0.000000000000000000e+00 -9.343232377432286739e-04
-9.391289204359054565e-04 -0.000000000000000000e+00 9.999995827674865723e-01 -9.999995827674865723e-01 0.000000000000000000e+00 -9.391289204359054565e-04
-9.313930640928447247e-04 0.000000000000000000e+00 9.999995827674865723e-01 -9.999995827674865723e-01 0.000000000000000000e+00 -9.313930640928447247e-04
-9.319445816799998283e-04 -0.000000000000000000e+00 9.999995827674865723e-01 -9.999995827674865723e-01 0.000000000000000000e+00 -9.319445816799998283e-04
-9.279273799620568752e-04 0.000000000000000000e+00 9.999995827674865723e-01 -9.999995827674865723e-01 0.000000000000000000e+00 -9.279273799620568752e-04
-9.330636821687221527e-04 -0.000000000000000000e+00 9.999995827674865723e-01 -9.999995827674865723e-01 0.000000000000000000e+00 -9.330636821687221527e-04
-9.273480973206460476e-04 0.000000000000000000e+00 9.999995827674865723e-01 -9.999995827674865723e-01 0.000000000000000000e+00 -9.273480973206460476e-04
-9.265083353966474533e-04 -0.000000000000000000e+00 9.999995827674865723e-01 -9.999995827674865723e-01 0.000000000000000000e+00 -9.265083353966474533e-04
-9.314749622717499733e-04 -0.000000000000000000e+00 9.999995827674865723e-01 -9.999995827674865723e-01 0.000000000000000000e+00 -9.314749622717499733e-04
-9.242042433470487595e-04 -0.000000000000000000e+00 9.999995827674865723e-01 -9.999995827674865723e-01 0.000000000000000000e+00 -9.242042433470487595e-04
-9.252473246306180954e-04 -0.000000000000000000e+00 9.999995827674865723e-01 -9.999995827674865723e-01 0.000000000000000000e+00 -9.252473246306180954e-04
-9.181156056001782417e-04 -0.000000000000000000e+00 9.999995827674865723e-01 -9.999995827674865723e-01 0.000000000000000000e+00 -9.181156056001782417e-04
-9.262450039386749268e-04 -0.000000000000000000e+00 9.999995827674865723e-01 -9.999995827674865723e-01 0.000000000000000000e+00 -9.262450039386749268e-04
-9.158875909633934498e-04 -0.000000000000000000e+00 9.999995827674865723e-01 -9.999995827674865723e-01 0.000000000000000000e+00 -9.158875909633934498e-04
-9.189684642478823662e-04 -0.000000000000000000e+00 9.999995827674865723e-01 -9.999995827674865723e-01 0.000000000000000000e+00 -9.189684642478823662e-04
-9.086197824217379093e-04 -0.000000000000000000e+00 9.999995827674865723e-01 -9.999995827674865723e-01 0.000000000000000000e+00 -9.086197824217379093e-04
-9.063361794687807560e-04 -0.000000000000000000e+00 9.999995827674865723e-01 -9.999995827674865723e-01 0.000000000000000000e+00 -9.063361794687807560e-04
-9.014719980768859386e-04 -0.000000000000000000e+00 9.999995827674865723e-01 -9.999995827674865723e-01 0.000000000000000000e+00 -9.014719980768859386e-04
-9.002709412015974522e-04 -0.000000000000000000e+00 9.999995827674865723e-01 -9.999995827674865723e-01 0.000000000000000000e+00 -9.002709412015974522e-04
-9.049054351635277271e-04 -0.000000000000000000e+00 9.999995827674865723e-01 -9.999995827674865723e-01 0.000000000000000000e+00 -9.049054351635277271e-04
-8.997676777653396130e-04 -0.000000000000000000e+00 9.999995827674865723e-01 -9.999995827674865723e-01 0.000000000000000000e+00 -8.997676777653396130e-04
-9.065892663784325123e-04 -0.000000000000000000e+00 9.999995827674865723e-01 -9.999995827674865723e-01 0.000000000000000000e+00 -9.065892663784325123e-04
-8.952809730544686317e-04 -0.000000000000000000e+00 9.999996423721313477e-01 -9.999996423721313477e-01 0.000000000000000000e+00 -8.952809730544686317e-04
-8.982550352811813354e-04 -0.000000000000000000e+00 9.999995827674865723e-01 -9.999995827674865723e-01 0.000000000000000000e+00 -8.982550352811813354e-04
-8.851751335896551609e-04 -0.000000000000000000e+00 9.999996423721313477e-01 -9.999996423721313477e-01 0.000000000000000000e+00 -8.851751335896551609e-04
-8.890167227946221828e-04 -0.000000000000000000e+00 9.999996423721313477e-01 -9.999996423721313477e-01 0.000000000000000000e+00 -8.890167227946221828e-04
-8.804762037470936775e-04 -0.000000000000000000e+00 9.999996423721313477e-01 -9.999996423721313477e-01 0.000000000000000000e+00 -8.804762037470936775e-04
-8.767793769948184490e-04 -0.000000000000000000e+00 9.999996423721313477e-01 -9.999996423721313477e-01 0.000000000000000000e+00 -8.767793769948184490e-04
-8.733590948395431042e-04 -0.000000000000000000e+00 9.999996423721313477e-01 -9.999996423721313477e-01 0.000000000000000000e+00 -8.733590948395431042e-04
-8.696813019923865795e-04 0.000000000000000000e+00 9.999996423721313477e-01 -9.999996423721313477e-01 0.000000000000000000e+00 -8.696813019923865795e-04
-8.715669973753392696e-04 0.000000000000000000e+00 9.999996423721313477e-01 -9.999996423721313477e-01 0.000000000000000000e+00 -8.715669973753392696e-04
-8.681627805344760418e-04 0.000000000000000000e+00 9.999996423721313477e-01 -9.999996423721313477e-01 0.000000000000000000e+00 -8.681627805344760418e-04
-8.707214146852493286e-04 0.000000000000000000e+00 9.999996423721313477e-01 -9.999996423721313477e-01 0.000000000000000000e+00 -8.707214146852493286e-04
-8.686396759003400803e-04 0.000000000000000000e+00 9.999996423721313477e-01 -9.999996423721313477e-01 0.000000000000000000e+00 -8.686396759003400803e-04
-8.652866818010807037e-04 0.000000000000000000e+00 9.999996423721313477e-01 -9.999996423721313477e-01 0.000000000000000000e+00 -8.652866818010807037e-04
-8.642392349429428577e-04 0.000000000000000000e+00 9.999996423721313477e-01 -9.999996423721313477e-01 0.000000000000000000e+00 -8.642392349429428577e-04
-8.670846000313758850e-04 0.000000000000000000e+00 9.999996423721313477e-01 -9.999996423721313477e-01 0.000000000000000000e+00 -8.670846000313758850e-04
-8.614421240054070950e-04 0.000000000000000000e+00 9.999996423721313477e-01 -9.999996423721313477e-01 0.000000000000000000e+00 -8.614421240054070950e-04
-8.653174154460430145e-04 0.000000000000000000e+00 9.999996423721313477e-01 -9.999996423721313477e-01 0.000000000000000000e+00 -8.653174154460430145e-04
-8.622101740911602974e-04 0.000000000000000000e+00 9.999996423721313477e-01 -9.999996423721313477e-01 0.000000000000000000e+00 -8.622101740911602974e-04
-8.606082992628216743e-04 0.000000000000000000e+00 9.999996423721313477e-01 -9.999996423721313477e-01 0.000000000000000000e+00 -8.606082992628216743e-04
-8.659171871840953827e-04 0.000000000000000000e+00 9.999996423721313477e-01 -9.999996423721313477e-01 0.000000000000000000e+00 -8.659171871840953827e-04
-8.702693739905953407e-04 0.000000000000000000e+00 9.999996423721313477e-01 -9.999996423721313477e-01 0.000000000000000000e+00 -8.702693739905953407e-04
-8.709350368008017540e-04 0.000000000000000000e+00 9.999996423721313477e-01 -9.999996423721313477e-01 0.000000000000000000e+00 -8.709350368008017540e-04
-8.742236532270908356e-04 0.000000000000000000e+00 9.999996423721313477e-01 -9.999996423721313477e-01 0.000000000000000000e+00 -8.742236532270908356e-04
-8.731454727239906788e-04 0.000000000000000000e+00 9.999996423721313477e-01 -9.999996423721313477e-01 0.000000000000000000e+00 -8.731454727239906788e-04
-8.744226070120930672e-04 0.000000000000000000e+00 9.999996423721313477e-01 -9.999996423721313477e-01 0.000000000000000000e+00 -8.744226070120930672e-04
-8.805069373920559883e-04 0.000000000000000000e+00 9.999996423721313477e-01 -9.999996423721313477e-01 0.000000000000000000e+00 -8.805069373920559883e-04
-8.754656882956624031e-04 0.000000000000000000e+00 9.999996423721313477e-01 -9.999996423721313477e-01 0.000000000000000000e+00 -8.754656882956624031e-04
-8.784193196333944798e-04 0.000000000000000000e+00 9.999996423721313477e-01 -9.999996423721313477e-01 0.000000000000000000e+00 -8.784193196333944798e-04
-8.826471748761832714e-04 0.000000000000000000e+00 9.999996423721313477e-01 -9.999996423721313477e-01 0.000000000000000000e+00 -8.826471748761832714e-04
-8.829075959511101246e-04 0.000000000000000000e+00 9.999996423721313477e-01 -9.999996423721313477e-01 0.000000000000000000e+00 -8.829075959511101246e-04
-8.855993510223925114e-04 0.000000000000000000e+00 9.999996423721313477e-01 -9.999996423721313477e-01 0.000000000000000000e+00 -8.855993510223925114e-04
-8.849820005707442760e-04 0.000000000000000000e+00 9.999996423721313477e-01 -9.999996423721313477e-01 0.000000000000000000e+00 -8.849820005707442760e-04
-8.880000095814466476e-04 0.000000000000000000e+00 9.999996423721313477e-01 -9.999996423721313477e-01 0.000000000000000000e+00 -8.880000095814466476e-04
-8.859972585923969746e-04 0.000000000000000000e+00 9.999996423721313477e-01 -9.999996423721313477e-01 0.000000000000000000e+00 -8.859972585923969746e-04
-8.858334622345864773e-04 0.000000000000000000e+00 9.999996423721313477e-01 -9.999996423721313477e-01 0.000000000000000000e+00 -8.858334622345864773e-04
-8.857661159709095955e-04 0.000000000000000000e+00 9.999996423721313477e-01 -9.999996423721313477e-01 0.000000000000000000e+00 -8.857661159709095955e-04
-8.909170865081250668e-04 0.000000000000000000e+00 9.999996423721313477e-01 -9.999996423721313477e-01 0.000000000000000000e+00 -8.909170865081250668e-04
-8.869906305335462093e-04 0.000000000000000000e+00 9.999996423721313477e-01 -9.999996423721313477e-01 0.000000000000000000e+00 -8.869906305335462093e-04
-8.900949032977223396e-04 0.000000000000000000e+00 9.999996423721313477e-01 -9.999996423721313477e-01 0.000000000000000000e+00 -8.900949032977223396e-04
-8.859080262482166290e-04 0.000000000000000000e+00 9.999996423721313477e-01 -9.999996423721313477e-01 0.000000000000000000e+00 -8.859080262482166290e-04
-8.904548012651503086e-04 0.000000000000000000e+00 9.999996423721313477e-01 -9.999996423721313477e-01 0.000000000000000000e+00 -8.904548012651503086e-04
-8.911335607990622520e-04 0.000000000000000000e+00 9.999996423721313477e-01 -9.999996423721313477e-01 0.000000000000000000e+00 -8.911335607990622520e-04
-8.931114571169018745e-04 0.000000000000000000e+00 9.999996423721313477e-01 -9.999996423721313477e-01 0.000000000000000000e+00 -8.931114571169018745e-04
-8.923683199100196362e-04 0.000000000000000000e+00 9.999996423721313477e-01 -9.999996423721313477e-01 0.000000000000000000e+00 -8.923683199100196362e-04
-8.995701791718602180e-04 0.000000000000000000e+00 9.999995827674865723e-01 -9.999995827674865723e-01 0.000000000000000000e+00 -8.995701791718602180e-04
-9.045967599377036095e-04 0.000000000000000000e+00 9.999995827674865723e-01 -9.999995827674865723e-01 0.000000000000000000e+00 -9.045967599377036095e-04
-9.098632726818323135e-04 0.000000000000000000e+00 9.999995827674865723e-01 -9.999995827674865723e-01 0.000000000000000000e+00 -9.098632726818323135e-04
-9.183730580843985081e-04 0.000000000000000000e+00 9.999995827674865723e-01 -9.999995827674865723e-01 0.000000000000000000e+00 -9.183730580843985081e-04
-9.228364215232431889e-04 0.000000000000000000e+00 9.999995827674865723e-01 -9.999995827674865723e-01 0.000000000000000000e+00 -9.228364215232431889e-04
-9.240638464689254761e-04 0.000000000000000000e+00 9.999995827674865723e-01 -9.999995827674865723e-01 0.000000000000000000e+00 -9.240638464689254761e-04
-9.282653336413204670e-04 0.000000000000000000e+00 9.999995827674865723e-01 -9.999995827674865723e-01 0.000000000000000000e+00 -9.282653336413204670e-04
-9.263152605853974819e-04 0.000000000000000000e+00 9.999995827674865723e-01 -9.999995827674865723e-01 0.000000000000000000e+00 -9.263152605853974819e-04
-9.263664251193404198e-04 0.000000000000000000e+00 9.999995827674865723e-01 -9.999995827674865723e-01 0.000000000000000000e+00 -9.263664251193404198e-04
-9.252633899450302124e-04 0.000000000000000000e+00 9.999995827674865723e-01 -9.999995827674865723e-01 0.000000000000000000e+00 -9.252633899450302124e-04
-9.223683155141770840e-04 0.000000000000000000e+00 9.999995827674865723e-01 -9.999995827674865723e-01 0.000000000000000000e+00 -9.223683155141770840e-04
-9.194058948196470737e-04 0.000000000000000000e+00 9.999995827674865723e-01 -9.999995827674865723e-01 0.000000000000000000e+00 -9.194058948196470737e-04
-9.121176553890109062e-04 0.000000000000000000e+00 9.999995827674865723e-01 -9.999995827674865723e-01 0.000000000000000000e+00 -9.121176553890109062e-04
-9.110994287766516209e-04 0.000000000000000000e+00 9.999995827674865723e-01 -9.999995827674865723e-01 0.000000000000000000e+00 -9.110994287766516209e-04
-9.110745741054415703e-04 0.000000000000000000e+00 9.999995827674865723e-01 -9.999995827674865723e-01 0.000000000000000000e+00 -9.110745741054415703e-04
-4.568195727188140154e-04 0.000000000000000000e+00 -9.999998807907104492e-01 -9.999998807907104492e-01 0.000000000000000000e+00 4.568195727188140154e-04
-4.401555052027106285e-04 0.000000000000000000e+00 -9.999999403953552246e-01 -9.999999403953552246e-01 0.000000000000000000e+00 4.401555052027106285e-04
-4.278596898075193167e-04 0.000000000000000000e+00 -9.999999403953552246e-01 -9.999999403953552246e-01 0.000000000000000000e+00 4.278596898075193167e-04
-4.645671870093792677e-04 0.000000000000000000e+00 -9.999998807907104492e-01 -9.999998807907104492e-01 0.000000000000000000e+00 4.645671870093792677e-04
-4.772857937496155500e-04 0.000000000000000000e+00 -9.999998807907104492e-01 -9.999998807907104492e-01 0.000000000000000000e+00 4.772857937496155500e-04
-4.835295258089900017e-04 0.000000000000000000e+00 -9.999998807907104492e-01 -9.999998807907104492e-01 0.000000000000000000e+00 4.835295258089900017e-04
-4.990862216800451279e-04 0.000000000000000000e+00 -9.999998807907104492e-01 -9.999998807907104492e-01 0.000000000000000000e+00 4.990862216800451279e-04
-5.142727750353515148e-04 0.000000000000000000e+00 -9.999998807907104492e-01 -9.999998807907104492e-01 0.000000000000000000e+00 5.142727750353515148e-04
-5.297870375216007233e-04 0.000000000000000000e+00 -9.999998807907104492e-01 -9.999998807907104492e-01 0.000000000000000000e+00 5.297870375216007233e-04
-5.430220626294612885e-04 0.000000000000000000e+00 -9.999998807907104492e-01 -9.999998807907104492e-01 0.000000000000000000e+00 5.430220626294612885e-04
-5.555549287237226963e-04 0.000000000000000000e+00 -9.999998807907104492e-01 -9.999998807907104492e-01 0.000000000000000000e+00 5.555549287237226963e-04
-5.609662039205431938e-04 0.000000000000000000e+00 -9.999998807907104492e-01 -9.999998807907104492e-01 0.000000000000000000e+00 5.609662039205431938e-04
-5.733658326789736748e-04 0.000000000000000000e+00 -9.999998211860656738e-01 -9.999998211860656738e-01 0.000000000000000000e+00 5.733658326789736748e-04
-5.836677155457437038e-04 0.000000000000000000e+00 -9.999998211860656738e-01 -9.999998211860656738e-01 0.000000000000000000e+00 5.836677155457437038e-04
-5.970680504105985165e-04 0.000000000000000000e+00 -9.999998211860656738e-01 -9.999998211860656738e-01 0.000000000000000000e+00 5.970680504105985165e-04
-6.096608121879398823e-04 0.000000000000000000e+00 -9.999998211860656738e-01 -9.999998211860656738e-01 0.000000000000000000e+00 6.096608121879398823e-04
-6.213159067556262016e-04 0.000000000000000000e+00 -9.999998211860656738e-01 -9.999998211860656738e-01 0.000000000000000000e+00 6.213159067556262016e-04
-6.339979590848088264e-04 0.000000000000000000e+00 -9.999998211860656738e-01 -9.999998211860656738e-01 0.000000000000000000e+00 6.339979590848088264e-04
-6.420235149562358856e-04 0.000000000000000000e+00 -9.999998211860656738e-01 -9.999998211860656738e-01 0.000000000000000000e+00 6.420235149562358856e-04
-6.481385789811611176e-04 0.000000000000000000e+00 -9.999998211860656738e-01 -9.999998211860656738e-01 0.000000000000000000e+00 6.481385789811611176e-04
-6.571559933945536613e-04 0.000000000000000000e+00 -9.999998211860656738e-01 -9.999998211860656738e-01 0.000000000000000000e+00 6.571559933945536613e-04
-6.660388316959142685e-04 0.000000000000000000e+00 -9.999998211860656738e-01 -9.999998211860656738e-01 0.000000000000000000e+00 6.660388316959142685e-04
-6.748865125700831413e-04 0.000000000000000000e+00 -9.999997615814208984e-01 -9.999997615814208984e-01 0.000000000000000000e+00 6.748865125700831413e-04
-6.910649244673550129e-04 0.000000000000000000e+00 -9.999997615814208984e-01 -9.999997615814208984e-01 0.000000000000000000e+00 6.910649244673550129e-04
-6.987496162764728069e-04 -0.000000000000000000e+00 -9.999997615814208984e-01 -9.999997615814208984e-01 0.000000000000000000e+00 6.987496162764728069e-04
-7.077056216076016426e-04 0.000000000000000000e+00 -9.999997615814208984e-01 -9.999997615814208984e-01 0.000000000000000000e+00 7.077056216076016426e-04
-7.044052472338080406e-04 -0.000000000000000000e+00 -9.999997615814208984e-01 -9.999997615814208984e-01 0.000000000000000000e+00 7.044052472338080406e-04
-7.136172498576343060e-04 0.000000000000000000e+00 -9.999997615814208984e-01 -9.999997615814208984e-01 0.000000000000000000e+00 7.136172498576343060e-04
-7.063684752210974693e-04 0.000000000000000000e+00 -9.999997615814208984e-01 -9.999997615814208984e-01 0.000000000000000000e+00 7.063684752210974693e-04
-7.193124038167297840e-04 0.000000000000000000e+00 -9.999997615814208984e-01 -9.999997615814208984e-01 0.000000000000000000e+00 7.193124038167297840e-04
-7.160383975133299828e-04 0.000000000000000000e+00 -9.999997615814208984e-01 -9.999997615814208984e-01 0.000000000000000000e+00 7.160383975133299828e-04
-7.254478987306356430e-04 0.000000000000000000e+00 -9.999997615814208984e-01 -9.999997615814208984e-01 0.000000000000000000e+00 7.254478987306356430e-04
-7.117417990230023861e-04 0.000000000000000000e+00 -9.999997615814208984e-01 -9.999997615814208984e-01 0.000000000000000000e+00 7.117417990230023861e-04
-7.229872280731797218e-04 0.000000000000000000e+00 -9.999997615814208984e-01 -9.999997615814208984e-01 0.000000000000000000e+00 7.229872280731797218e-04
-7.209523464553058147e-04 -0.000000000000000000e+00 -9.999997615814208984e-01 -9.999997615814208984e-01 0.000000000000000000e+00 7.209523464553058147e-04
-7.113234023563563824e-04 0.000000000000000000e+00 -9.999997615814208984e-01 -9.999997615814208984e-01 0.000000000000000000e+00 7.113234023563563824e-04
-7.227472960948944092e-04 -0.000000000000000000e+00 -9.999997615814208984e-01 -9.999997615814208984e-01 0.000000000000000000e+00 7.227472960948944092e-04
-7.073998567648231983e-04 0.000000000000000000e+00 -9.999997615814208984e-01 -9.999997615814208984e-01 0.000000000000000000e+00 7.073998567648231983e-04
-7.186409202404320240e-04 -0.000000000000000000e+00 -9.999997615814208984e-01 -9.999997615814208984e-01 0.000000000000000000e+00 7.186409202404320240e-04
-7.103446987457573414e-04 0.000000000000000000e+00 -9.999997615814208984e-01 -9.999997615814208984e-01 0.000000000000000000e+00 7.103446987457573414e-04
-7.191763143055140972e-04 -0.000000000000000000e+00 -9.999997615814208984e-01 -9.999997615814208984e-01 0.000000000000000000e+00 7.191763143055140972e-04
-7.024157093837857246e-04 0.000000000000000000e+00 -9.999997615814208984e-01 -9.999997615814208984e-01 0.000000000000000000e+00 7.024157093837857246e-04
-7.041653152555227280e-04 -0.000000000000000000e+00 -9.999997615814208984e-01 -9.999997615814208984e-01 0.000000000000000000e+00 7.041653152555227280e-04
-6.840385030955076218e-04 0.000000000000000000e+00 -9.999997615814208984e-01 -9.999997615814208984e-01 0.000000000000000000e+00 6.840385030955076218e-04
-6.890841177664697170e-04 -0.000000000000000000e+00 -9.999997615814208984e-01 -9.999997615814208984e-01 0.000000000000000000e+00 6.890841177664697170e-04
-6.854619132354855537e-04 -0.000000000000000000e+00 -9.999997615814208984e-01 -9.999997615814208984e-01 0.000000000000000000e+00 6.854619132354855537e-04
-6.714910850860178471e-04 0.000000000000000000e+00 -9.999997615814208984e-01 -9.999997615814208984e-01 0.000000000000000000e+00 6.714910850860178471e-04
-6.796804955229163170e-04 -0.000000000000000000e+00 -9.999997615814208984e-01 -9.999997615814208984e-01 0.000000000000000000e+00 6.796804955229163170e-04
-6.645583780482411385e-04 0.000000000000000000e+00 -9.999998211860656738e-01 -9.999998211860656738e-01 0.000000000000000000e+00 6.645583780482411385e-04
-6.723322439938783646e-04 -0.000000000000000000e+00 -9.999997615814208984e-01 -9.999997615814208984e-01 0.000000000000000000e+00 6.723322439938783646e-04
-6.510760867968201637e-04 0.000000000000000000e+00 -9.999998211860656738e-01 -9.999998211860656738e-01 0.000000000000000000e+00 6.510760867968201637e-04
-6.510629318654537201e-04 -0.000000000000000000e+00 -9.999998211860656738e-01 -9.999998211860656738e-01 0.000000000000000000e+00 6.510629318654537201e-04
-6.295375060290098190e-04 0.000000000000000000e+00 -9.999998211860656738e-01 -9.999998211860656738e-01 0.000000000000000000e+00 6.295375060290098190e-04
-6.349693285301327705e-04 -0.000000000000000000e+00 -9.999998211860656738e-01 -9.999998211860656738e-01 0.000000000000000000e+00 6.349693285301327705e-04
-6.171817076392471790e-04 0.000000000000000000e+00 -9.999998211860656738e-01 -9.999998211860656738e-01 0.000000000000000000e+00 6.171817076392471790e-04
-5.918717361055314541e-04 0.000000000000000000e+00 -9.999998211860656738e-01 -9.999998211860656738e-01 0.000000000000000000e+00 5.918717361055314541e-04
-5.926836747676134109e-04 0.000000000000000000e+00 -9.999998211860656738e-01 -9.999998211860656738e-01 0.000000000000000000e+00 5.926836747676134109e-04
-5.832741735503077507e-04 0.000000000000000000e+00 -9.999998211860656738e-01 -9.999998211860656738e-01 0.000000000000000000e+00 5.832741735503077507e-04
-5.822486709803342819e-04 0.000000000000000000e+00 -9.999998211860656738e-01 -9.999998211860656738e-01 0.000000000000000000e+00 5.822486709803342819e-04
-5.738749168813228607e-04 0.000000000000000000e+00 -9.999998211860656738e-01 -9.999998211860656738e-01 0.000000000000000000e+00 5.738749168813228607e-04
-5.705790244974195957e-04 0.000000000000000000e+00 -9.999998807907104492e-01 -9.999998807907104492e-01 0.000000000000000000e+00 5.705790244974195957e-04
-5.622681928798556328e-04 0.000000000000000000e+00 -9.999998807907104492e-01 -9.999998807907104492e-01 0.000000000000000000e+00 5.622681928798556328e-04
-5.547576001845300198e-04 0.000000000000000000e+00 -9.999998807907104492e-01 -9.999998807907104492e-01 0.000000000000000000e+00 5.547576001845300198e-04
-5.376735934987664223e-04 0.000000000000000000e+00 -9.999998807907104492e-01 -9.999998807907104492e-01 0.000000000000000000e+00 5.376735934987664223e-04
-5.364842363633215427e-04 0.000000000000000000e+00 -9.999998807907104492e-01 -9.999998807907104492e-01 0.000000000000000000e+00 5.364842363633215427e-04
-5.287381354719400406e-04 0.000000000000000000e+00 -9.999998807907104492e-01 -9.999998807907104492e-01 0.000000000000000000e+00 5.287381354719400406e-04
-5.267046508379280567e-04 0.000000000000000000e+00 -9.999998807907104492e-01 -9.999998807907104492e-01 0.000000000000000000e+00 5.267046508379280567e-04
-5.197996506467461586e-04 0.000000000000000000e+00 -9.999998807907104492e-01 -9.999998807907104492e-01 0.000000000000000000e+00 5.197996506467461586e-04
-5.148813361302018166e-04 0.000000000000000000e+00 -9.999998807907104492e-01 -9.999998807907104492e-01 0.000000000000000000e+00 5.148813361302018166e-04
-5.083918222226202488e-04 0.000000000000000000e+00 -9.999998807907104492e-01 -9.999998807907104492e-01 0.000000000000000000e+00 5.083918222226202488e-04
-4.999537486582994461e-04 0.000000000000000000e+00 -9.999998807907104492e-01 -9.999998807907104492e-01 0.000000000000000000e+00 4.999537486582994461e-04
-4.920042119920253754e-04 0.000000000000000000e+00 -9.999998807907104492e-01 -9.999998807907104492e-01 0.000000000000000000e+00 4.920042119920253754e-04
-4.863310023210942745e-04 0.000000000000000000e+00 -9.999998807907104492e-01 -9.999998807907104492e-01 0.000000000000000000e+00 4.863310023210942745e-04
-4.795635468326508999e-04 0.000000000000000000e+00 -9.999998807907104492e-01 -9.999998807907104492e-01 0.000000000000000000e+00 4.795635468326508999e-04
-4.781474417541176081e-04 0.000000000000000000e+00 -9.999998807907104492e-01 -9.999998807907104492e-01 0.000000000000000000e+00 4.781474417541176081e-04
-4.664236039388924837e-04 0.000000000000000000e+00 -9.999998807907104492e-01 -9.999998807907104492e-01 0.000000000000000000e+00 4.664236039388924837e-04
-4.583658592309802771e-04 0.000000000000000000e+00 -9.999998807907104492e-01 -9.999998807907104492e-01 0.000000000000000000e+00 4.583658592309802771e-04
-4.593445628415793180e-04 0.000000000000000000e+00 -9.999998807907104492e-01 -9.999998807907104492e-01 0.000000000000000000e+00 4.593445628415793180e-04
-4.499160859268158674e-04 0.000000000000000000e+00 -9.999999403953552246e-01 -9.999999403953552246e-01 0.000000000000000000e+00 4.499160859268158674e-04
-4.492855514399707317e-04 0.000000000000000000e+00 -9.999999403953552246e-01 -9.999999403953552246e-01 0.000000000000000000e+00 4.492855514399707317e-04
-4.403266939334571362e-04 0.000000000000000000e+00 -9.999999403953552246e-01 -9.999999403953552246e-01 0.000000000000000000e+00 4.403266939334571362e-04
-4.419607575982809067e-04 0.000000000000000000e+00 -9.999999403953552246e-01 -9.999999403953552246e-01 0.000000000000000000e+00 4.419607575982809067e-04
-4.269029304850846529e-04 0.000000000000000000e+00 -9.999999403953552246e-01 -9.999999403953552246e-01 0.000000000000000000e+00 4.269029304850846529e-04
-4.260368878021836281e-04 0.000000000000000000e+00 -9.999999403953552246e-01 -9.999999403953552246e-01 0.000000000000000000e+00 4.260368878021836281e-04
-4.136342322453856468e-04 0.000000000000000000e+00 -9.999999403953552246e-01 -9.999999403953552246e-01 0.000000000000000000e+00 4.136342322453856468e-04
-4.136327770538628101e-04 0.000000000000000000e+00 -9.999999403953552246e-01 -9.999999403953552246e-01 0.000000000000000000e+00 4.136327770538628101e-04
-4.029915144201368093e-04 0.000000000000000000e+00 -9.999999403953552246e-01 -9.999999403953552246e-01 0.000000000000000000e+00 4.029915144201368093e-04
-3.980088222306221724e-04 0.000000000000000000e+00 -9.999999403953552246e-01 -9.999999403953552246e-01 0.000000000000000000e+00 3.980088222306221724e-04
-4.033777222502976656e-04 0.000000000000000000e+00 -9.999999403953552246e-01 -9.999999403953552246e-01 0.000000000000000000e+00 4.033777222502976656e-04
-3.926603822037577629e-04 0.000000000000000000e+00 -9.999999403953552246e-01 -9.999999403953552246e-01 0.000000000000000000e+00 3.926603822037577629e-04
-3.951810067519545555e-04 0.000000000000000000e+00 -9.999999403953552246e-01 -9.999999403953552246e-01 0.000000000000000000e+00 3.951810067519545555e-04
-3.865190665237605572e-04 0.000000000000000000e+00 -9.999999403953552246e-01 -9.999999403953552246e-01 0.000000000000000000e+00 3.865190665237605572e-04
-3.905055054929107428e-04 0.000000000000000000e+00 -9.999999403953552246e-01 -9.999999403953552246e-01 0.000000000000000000e+00 3.905055054929107428e-04
-3.808970795944333076e-04 0.000000000000000000e+00 -9.999999403953552246e-01 -9.999999403953552246e-01 0.000000000000000000e+00 3.808970795944333076e-04
-3.876016126014292240e-04 0.000000000000000000e+00 -9.999999403953552246e-01 -9.999999403953552246e-01 0.000000000000000000e+00 3.876016126014292240e-04
-3.786953748203814030e-04 0.000000000000000000e+00 -9.999999403953552246e-01 -9.999999403953552246e-01 0.000000000000000000e+00 3.786953748203814030e-04
-3.952380502596497536e-04 0.000000000000000000e+00 -9.999999403953552246e-01 -9.999999403953552246e-01 0.000000000000000000e+00 3.952380502596497536e-04
-3.785256703849881887e-04 0.000000000000000000e+00 -9.999999403953552246e-01 -9.999999403953552246e-01 0.000000000000000000e+00 3.785256703849881887e-04
-3.804479492828249931e-04 0.000000000000000000e+00 -9.999999403953552246e-01 -9.999999403953552246e-01 0.000000000000000000e+00 3.804479492828249931e-04
-3.905493940692394972e-04 0.000000000000000000e+00 -9.999999403953552246e-01 -9.999999403953552246e-01 0.000000000000000000e+00 3.905493940692394972e-04
-3.823629231192171574e-04 0.000000000000000000e+00 -9.999999403953552246e-01 -9.999999403953552246e-01 0.000000000000000000e+00 3.823629231192171574e-04
-3.946528886444866657e-04 0.000000000000000000e+00 -9.999999403953552246e-01 -9.999999403953552246e-01 0.000000000000000000e+00 3.946528886444866657e-04
-3.908785583917051554e-04 0.000000000000000000e+00 -9.999999403953552246e-01 -9.999999403953552246e-01 0.000000000000000000e+00 3.908785583917051554e-04
-4.045948735438287258e-04 0.000000000000000000e+00 -9.999999403953552246e-01 -9.999999403953552246e-01 0.000000000000000000e+00 4.045948735438287258e-04
-4.021869099233299494e-04 0.000000000000000000e+00 -9.999999403953552246e-01 -9.999999403953552246e-01 0.000000000000000000e+00 4.021869099233299494e-04
-4.166244470980018377e-04 0.000000000000000000e+00 -9.999999403953552246e-01 -9.999999403953552246e-01 0.000000000000000000e+00 4.166244470980018377e-04
-4.178342933300882578e-04 0.000000000000000000e+00 -9.999999403953552246e-01 -9.999999403953552246e-01 0.000000000000000000e+00 4.178342933300882578e-04
-4.362816980574280024e-04 0.000000000000000000e+00 -9.999999403953552246e-01 -9.999999403953552246e-01 0.000000000000000000e+00 4.362816980574280024e-04
-5.322231724858283997e-02 5.417756619863212109e-04 9.985826015472412109e-01 2.883455999835859984e-05 9.999998807907104492e-01 -5.410077865235507488e-04
-5.322231352329254150e-02 5.525836604647338390e-04 9.985825419425964355e-01 2.940978811238892376e-05 9.999998807907104492e-01 -5.518005345948040485e-04
5.322231724858283997e-02 5.367505364120006561e-04 9.985826015472412109e-01 -2.856711216736584902e-05 9.999998807907104492e-01 -5.359898204915225506e-04
5.322231724858283997e-02 5.439217202365398407e-04 9.985826015472412109e-01 -2.894877798098605126e-05 9.999998807907104492e-01 -5.431508179754018784e-04
1.590634882450103760e-01 5.463238921947777271e-04 9.872682094573974609e-01 -8.690018876222893596e-05 9.999998807907104492e-01 -5.393682513386011124e-04
1.590634882450103760e-01 5.530811031349003315e-04 9.872682094573974609e-01 -8.797501504886895418e-05 9.999998807907104492e-01 -5.460394313558936119e-04
2.631027400493621826e-01 5.512363859452307224e-04 9.647676944732666016e-01 -1.450318231945857406e-04 9.999998807907104492e-01 -5.318151088431477547e-04
2.631027400493621826e-01 5.619053845293819904e-04 9.647676944732666016e-01 -1.478388585383072495e-04 9.999998807907104492e-01 -5.421082023531198502e-04
3.641605079174041748e-01 5.711934063583612442e-04 9.313360452651977539e-01 -2.080061240121722221e-04 9.999998807907104492e-01 -5.319731426425278187e-04
3.641605079174041748e-01 5.759537452831864357e-04 9.313360452651977539e-01 -2.097396500175818801e-04 9.999998211860656738e-01 -5.364065873436629772e-04
4.610921144485473633e-01 6.100733880884945393e-04 8.873520493507385254e-01 -2.813000755850225687e-04 9.999998211860656738e-01 -5.413499893620610237e-04
4.610921144485473633e-01 6.145454826764762402e-04 8.873520493507385254e-01 -2.833621401805430651e-04 9.999998211860656738e-01 -5.453182966448366642e-04
5.528000593185424805e-01 6.307575968094170094e-04 8.333137631416320801e-01 -3.486829227767884731e-04 9.999998211860656738e-01 -5.256190779618918896e-04
5.528000593185424805e-01 6.400778074748814106e-04 8.333137631416320801e-01 -3.538351156748831272e-04 9.999998211860656738e-01 -5.333857261575758457e-04
6.382442116737365723e-01 6.579386536031961441e-04 7.698337435722351074e-01 -4.199256072752177715e-04 9.999998211860656738e-01 -5.065034492872655392e-04
6.382442116737365723e-01 6.649416172876954079e-04 7.698337435722351074e-01 -4.243951989337801933e-04 9.999998211860656738e-01 -5.118945846334099770e-04
7.164565920829772949e-01 6.790031911805272102e-04 6.976314187049865723e-01 -4.864763468503952026e-04 9.999997615814208984e-01 -4.736940027214586735e-04
7.164565920829772949e-01 6.835352978669106960e-04 6.976314187049865723e-01 -4.897234030067920685e-04 9.999997615814208984e-01 -4.768557264469563961e-04
7.865511178970336914e-01 6.827219040133059025e-04 6.175248622894287109e-01 -5.369958234950900078e-04 9.999997615814208984e-01 -4.215978260617703199e-04
7.865511178970336914e-01 6.867449264973402023e-04 6.175248622894287109e-01 -5.401601083576679230e-04 9.999997615814208984e-01 -4.240821581333875656e-04
8.477345108985900879e-01 6.930837407708168030e-04 5.304204225540161133e-01 -5.875511560589075089e-04 9.999997615814208984e-01 -3.676258493214845657e-04
8.477345108985900879e-01 6.959861493669450283e-04 5.304204225540161133e-01 -5.900115938857197762e-04 9.999997615814208984e-01 -3.691653546411544085e-04
8.993119597434997559e-01 6.910122465342283249e-04 4.373070895671844482e-01 -6.214357563294470310e-04 9.999997615814208984e-01 -3.021846059709787369e-04
8.993119597434997559e-01 6.856535910628736019e-04 4.373070895671844482e-01 -6.166166276670992374e-04 9.999997615814208984e-01 -2.998412237502634525e-04
9.406999349594116211e-01 6.817081593908369541e-04 3.392391800880432129e-01 -6.412828806787729263e-04 9.999997615814208984e-01 -2.312621363671496511e-04
9.406999349594116211e-01 6.853903178125619888e-04 3.392391800880432129e-01 -6.447467021644115448e-04 9.999997615814208984e-01 -2.325112727703526616e-04
9.714297652244567871e-01 6.678162026219069958e-04 2.373262792825698853e-01 -6.487367791123688221e-04 9.999998211860656738e-01 -1.584903948241844773e-04
9.714297652244567871e-01 6.727096624672412872e-04 2.373262792825698853e-01 -6.534903659485280514e-04 9.999997615814208984e-01 -1.596517249708995223e-04
9.911526441574096680e-01 6.485554622486233711e-04 1.327255815267562866e-01 -6.428175838664174080e-04 9.999998211860656738e-01 -8.607991185272112489e-05
9.911526441574096680e-01 6.531461258418858051e-04 1.327255815267562866e-01 -6.473676185123622417e-04 9.999998211860656738e-01 -8.668920781929045916e-05
9.996454119682312012e-01 6.379449041560292244e-04 2.662090025842189789e-02 -6.377188256010413170e-04 9.999998211860656738e-01 -1.698267078609205782e-05
9.996454119682312012e-01 6.431558285839855671e-04 2.662090025842189789e-02 -6.429278873838484287e-04 9.999998211860656738e-01 -1.712139055598527193e-05
9.968118071556091309e-01 6.333191413432359695e-04 -7.978629320859909058e-02 -6.313000922091305256e-04 9.999998211860656738e-01 5.053019776823930442e-05
9.968118071556091309e-01 6.331494660116732121e-04 -7.978629320859909058e-02 -6.311309989541769028e-04 9.999998211860656738e-01 5.051665721111930907e-05
9.826840758323669434e-01 6.282325484789907932e-04 -1.852883100509643555e-01 -6.173542351461946964e-04 9.999998211860656738e-01 1.164041677839122713e-04
9.826840758323669434e-01 6.250829319469630718e-04 -1.852883100509643555e-01 -6.142591591924428940e-04 9.999998211860656738e-01 1.158205777755938470e-04
9.574218392372131348e-01 6.168861873447895050e-04 -2.886921167373657227e-01 -5.906204460188746452e-04 9.999998211860656738e-01 1.780902093742042780e-04
9.574218392372131348e-01 6.133035058155655861e-04 -2.886921167373657227e-01 -5.871902685612440109e-04 9.999998211860656738e-01 1.770559174474328756e-04
9.213117361068725586e-01 6.198588525876402855e-04 -3.888242840766906738e-01 -5.710833356715738773e-04 9.999998211860656738e-01 2.410162123851478100e-04
9.213117361068725586e-01 6.130299298092722893e-04 -3.888242840766906738e-01 -5.647917860187590122e-04 9.999998211860656738e-01 2.383609535172581673e-04
8.747630119323730469e-01 6.084115011617541313e-04 -4.845507144927978516e-01 -5.322159850038588047e-04 9.999998211860656738e-01 2.948062901850789785e-04
8.747630119323730469e-01 6.078687729313969612e-04 -4.845507144927978516e-01 -5.317412433214485645e-04 9.999998211860656738e-01 2.945433079730719328e-04
8.183026909828186035e-01 5.945079028606414795e-04 -5.747871994972229004e-01 -4.864874936174601316e-04 9.999998211860656738e-01 3.417156112845987082e-04
8.183026909828186035e-01 5.911592743359506130e-04 -5.747871994972229004e-01 -4.837473097722977400e-04 9.999998211860656738e-01 3.397908585611730814e-04
7.525703907012939453e-01 5.767422262579202652e-04 -6.585115194320678711e-01 -4.340391897130757570e-04 9.999998211860656738e-01 3.797914541792124510e-04
7.525704503059387207e-01 5.697422311641275883e-04 -6.585115790367126465e-01 -4.287711926735937595e-04 9.999998807907104492e-01 3.751818730961531401e-04
6.783117651939392090e-01 5.495467339642345905e-04 -7.347741127014160156e-01 -3.727640432771295309e-04 9.999998807907104492e-01 4.037927428726106882e-04
6.783117651939392090e-01 5.578370764851570129e-04 -7.347741127014160156e-01 -3.783874853979796171e-04 9.999998807907104492e-01 4.098842618986964226e-04
5.963673591613769531e-01 5.320823402144014835e-04 -8.027114868164062500e-01 -3.173165605403482914e-04 9.999998807907104492e-01 4.271086654625833035e-04
5.963673591613769531e-01 5.262979539111256599e-04 -8.027114868164062500e-01 -3.138669417239725590e-04 9.999998807907104492e-01 4.224654694553464651e-04
5.076660513877868652e-01 5.065792938694357872e-04 -8.615537881851196289e-01 -2.571731456555426121e-04 9.999998807907104492e-01 4.364453779999166727e-04
5.076660513877868652e-01 5.022856057621538639e-04 -8.615537881851196289e-01 -2.549933851696550846e-04 9.999998807907104492e-01 4.327461356297135353e-04
4.132121801376342773e-01 4.945687251165509224e-04 -9.106346368789672852e-01 -2.043618442257866263e-04 9.999998807907104492e-01 4.503714735619723797e-04
4.132121801376342773e-01 4.903365042991936207e-04 -9.106346368789672852e-01 -2.026130387093871832e-04 9.999998807907104492e-01 4.465174570214003325e-04
3.140765130519866943e-01 4.806300275959074497e-04 -9.493975639343261719e-01 -1.509546127635985613e-04 9.999998807907104492e-01 4.563090333249419928e-04
3.140765130519866943e-01 4.722840676549822092e-04 -9.493975639343261719e-01 -1.483333471696823835e-04 9.999998807907104492e-01 4.483853990677744150e-04
2.113821357488632202e-01 4.742561141029000282e-04 -9.774034023284912109e-01 -1.002492717816494405e-04 9.999998807907104492e-01 4.635395307559520006e-04
2.113821357488632202e-01 4.730023792944848537e-04 -9.774034023284912109e-01 -9.998425230151042342e-05 9.999998807907104492e-01 4.623141430784016848e-04
1.062941402196884155e-01 4.644267319235950708e-04 -9.943346381187438965e-01 -4.936584809911437333e-05 9.999998807907104492e-01 4.617956292349845171e-04
1.062941402196884155e-01 4.605587746482342482e-04 -9.943346381187438965e-01 -4.895470556220971048e-05 9.999998807907104492e-01 4.579495871439576149e-04
0.000000000000000000e+00 4.580103850457817316e-04 -9.999998807907104492e-01 -0.000000000000000000e+00 9.999998807907104492e-01 4.580103850457817316e-04
0.000000000000000000e+00 4.531842423602938652e-04 -9.999999403953552246e-01 -0.000000000000000000e+00 9.999999403953552246e-01 4.531842423602938652e-04
-1.062941476702690125e-01 4.548285505734384060e-04 -9.943346977233886719e-01 4.834561696043238044e-05 9.999999403953552246e-01 4.522518429439514875e-04
-1.062941476702690125e-01 4.530525766313076019e-04 -9.943346977233886719e-01 4.815684224013239145e-05 9.999999403953552246e-01 4.504859098233282566e-04
-2.113821357488632202e-01 4.546003474388271570e-04 -9.774034023284912109e-01 9.609440166968852282e-05 9.999999403953552246e-01 4.443279467523097992e-04
-2.113821357488632202e-01 4.437264869920909405e-04 -9.774034023284912109e-01 9.379586117574945092e-05 9.999999403953552246e-01 4.336998099461197853e-04
-3.140765130519866943e-01 4.463070363271981478e-04 -9.493975639343261719e-01 1.401745830662548542e-04 9.999999403953552246e-01 4.237229004502296448e-04
-3.140765130519866943e-01 4.399711615405976772e-04 -9.493975639343261719e-01 1.381846377626061440e-04 9.999999403953552246e-01 4.177076334599405527e-04
-4.132122099399566650e-01 4.412761190906167030e-04 -9.106346964836120605e-01 1.823406928451731801e-04 9.999999403953552246e-01 4.018413601443171501e-04
-4.132122099399566650e-01 4.375983262434601784e-04 -9.106346964836120605e-01 1.808209926821291447e-04 9.999999403953552246e-01 3.984922368545085192e-04
-5.076661109924316406e-01 4.362714826129376888e-04 -8.615538477897644043e-01 2.214802516391500831e-04 9.999999403953552246e-01 3.758714010473340750e-04
-5.076661109924316406e-01 4.318944120313972235e-04 -8.615538477897644043e-01 2.192581596318632364e-04 9.999999403953552246e-01 3.721003304235637188e-04
-5.963674187660217285e-01 4.276285471860319376e-04 -8.027115464210510254e-01 2.550237404648214579e-04 9.999999403953552246e-01 3.432623925618827343e-04
-5.963673591613769531e-01 4.214418295305222273e-04 -8.027115464210510254e-01 2.513341896701604128e-04 9.999999403953552246e-01 3.382962604518979788e-04
-6.783117651939392090e-01 4.171979089733213186e-04 -7.347741127014160156e-01 2.829902805387973785e-04 9.999999403953552246e-01 3.065462515223771334e-04
-6.783117651939392090e-01 4.116724594496190548e-04 -7.347741127014160156e-01 2.792422892525792122e-04 9.999999403953552246e-01 3.024862962774932384e-04
-7.525705099105834961e-01 4.032797296531498432e-04 -6.585116386413574219e-01 3.034964029211550951e-04 9.999999403953552246e-01 2.655643620528280735e-04
-7.525705099105834961e-01 3.952336846850812435e-04 -6.585116386413574219e-01 2.974412054754793644e-04 9.999999403953552246e-01 2.602659515105187893e-04
-8.183028101921081543e-01 3.882423916365951300e-04 -5.747873187065124512e-01 3.176998288836330175e-04 9.999999403953552246e-01 2.231567923445254564e-04
-8.183028101921081543e-01 3.841096768155694008e-04 -5.747873187065124512e-01 3.143179928883910179e-04 9.999999403953552246e-01 2.207813522545620799e-04
-8.747631311416625977e-01 3.682325768750160933e-04 -4.845507740974426270e-01 3.221163060516119003e-04 9.999999403953552246e-01 1.784273918019607663e-04
-8.747631311416625977e-01 3.552243288140743971e-04 -4.845507740974426270e-01 3.107371740043163300e-04 9.999999403953552246e-01 1.721242297207936645e-04
-9.213118553161621094e-01 3.471373056527227163e-04 -3.888243138790130615e-01 3.198217309545725584e-04 9.999999403953552246e-01 1.349754311377182603e-04
-9.213118553161621094e-01 3.444543108344078064e-04 -3.888243138790130615e-01 3.173498553223907948e-04 9.999999403953552246e-01 1.339322188869118690e-04
-9.574219584465026855e-01 3.323735436424612999e-04 -2.886921465396881104e-01 3.182217478752136230e-04 9.999999403953552246e-01 9.595364099368453026e-05
-9.574219584465026855e-01 3.273762122262269258e-04 -2.886921465396881104e-01 3.134371945634484291e-04 9.999999403953552246e-01 9.451094956602901220e-05
-9.826841950416564941e-01 3.229771973565220833e-04 -1.852883249521255493e-01 3.173846052959561348e-04 9.999999403953552246e-01 5.984390736557543278e-05
-9.826841950416564941e-01 3.202693478669971228e-04 -1.852883249521255493e-01 3.147236420772969723e-04 9.999999403953552246e-01 5.934217551839537919e-05
-9.968119263648986816e-01 3.134960425086319447e-04 -7.978630065917968750e-02 3.124966169707477093e-04 9.999999403953552246e-01 2.501269227650482208e-05
-9.968119263648986816e-01 3.180252388119697571e-04 -7.978630065917968750e-02 3.170113777741789818e-04 9.999999403953552246e-01 2.537405998737085611e-05
-9.996455311775207520e-01 3.087444929406046867e-04 2.662090398371219635e-02 3.086350625380873680e-04 9.999999403953552246e-01 -8.219058145186863840e-06
-9.996455311775207520e-01 3.049233346246182919e-04 2.662090398371219635e-02 3.048152721021324396e-04 9.999999403953552246e-01 -8.117335710267070681e-06
-9.911527633666992188e-01 3.025914484169334173e-04 1.327255815267562866e-01 2.999143616762012243e-04 9.999999403953552246e-01 -4.016163074993528426e-05
-9.911527633666992188e-01 3.055655688513070345e-04 1.327255815267562866e-01 3.028621722478419542e-04 9.999999403953552246e-01 -4.055637327837757766e-05
-9.714299440383911133e-01 3.009866341017186642e-04 2.373263239860534668e-01 2.923874417319893837e-04 9.999999403953552246e-01 -7.143205584725365043e-05
-9.714299440383911133e-01 3.088820085395127535e-04 2.373263239860534668e-01 3.000572614837437868e-04 9.999999403953552246e-01 -7.330583321163430810e-05
-9.407001137733459473e-01 3.087269433308392763e-04 3.392392396926879883e-01 2.904194407165050507e-04 9.999999403953552246e-01 -1.047322803060524166e-04
-9.407001137733459473e-01 3.156187594868242741e-04 3.392392396926879883e-01 2.969025808852165937e-04 9.999999403953552246e-01 -1.070702564902603626e-04
-8.993121385574340820e-01 3.259747172705829144e-04 4.373071491718292236e-01 2.931530470959842205e-04 9.999999403953552246e-01 -1.425510854460299015e-04
-8.993121385574340820e-01 3.314021450933068991e-04 4.373071491718292236e-01 2.980339922942221165e-04 9.999999403953552246e-01 -1.449245319236069918e-04
-8.477346301078796387e-01 3.550882684066891670e-04 5.304204821586608887e-01 3.010206564795225859e-04 9.999999403953552246e-01 -1.883461081888526678e-04
-8.477346301078796387e-01 3.548995591700077057e-04 5.304204821586608887e-01 3.008606727235019207e-04 9.999999403953552246e-01 -1.882460201159119606e-04
-7.865512371063232422e-01 3.832933143712580204e-04 6.175249218940734863e-01 3.014798567164689302e-04 9.999999403953552246e-01 -2.366932021686807275e-04
-7.865512371063232422e-01 3.823716833721846342e-04 6.175249218940734863e-01 3.007549385074526072e-04 9.999999403953552246e-01 -2.361240622121840715e-04
-7.164566516876220703e-01 4.158154479227960110e-04 6.976314783096313477e-01 2.979137643706053495e-04 9.999999403953552246e-01 -2.900859690271317959e-04
-7.164566516876220703e-01 4.238673718646168709e-04 6.976314783096313477e-01 3.036826383322477341e-04 9.999999403953552246e-01 -2.957032702397555113e-04
-6.382442712783813477e-01 4.599048406817018986e-04 7.698337435722351074e-01 2.935316588263958693e-04 9.999998807907104492e-01 -3.540503093972802162e-04
-6.382442712783813477e-01 4.634421784430742264e-04 7.698337435722351074e-01 2.957893302664160728e-04 9.999998807907104492e-01 -3.567734966054558754e-04
-5.528001189231872559e-01 4.830511461477726698e-04 8.333137631416320801e-01 2.670307585503906012e-04 9.999998807907104492e-01 -4.025332164019346237e-04
-5.528001189231872559e-01 4.929712158627808094e-04 8.333137631416320801e-01 2.725145895965397358e-04 9.999998807907104492e-01 -4.107997519895434380e-04
-4.610921740531921387e-01 5.120126297697424889e-04 8.873521685600280762e-01 2.360850048717111349e-04 9.999998807907104492e-01 -4.543355025816708803e-04
-4.610921442508697510e-01 5.194895202293992043e-04 8.873521089553833008e-01 2.395325718680396676e-04 9.999998807907104492e-01 -4.609701863955706358e-04
-3.641605377197265625e-01 5.105964373797178268e-04 9.313361048698425293e-01 1.859390904428437352e-04 9.999998807907104492e-01 -4.755369445774704218e-04
-3.641605377197265625e-01 5.174473044462502003e-04 9.313361048698425293e-01 1.884338998934254050e-04 9.999998807907104492e-01 -4.819174064323306084e-04
-2.631027400493621826e-01 5.251875845715403557e-04 9.647676944732666016e-01 1.381783076794818044e-04 9.999998807907104492e-01 -5.066840676590800285e-04
-2.631027400493621826e-01 5.308769177645444870e-04 9.647676944732666016e-01 1.396751904394477606e-04 9.999998807907104492e-01 -5.121729918755590916e-04
-1.590634882450103760e-01 5.322374054230749607e-04 9.872682094573974609e-01 8.465954306302592158e-05 9.999998807907104492e-01 -5.254611605778336525e-04
-1.590634882450103760e-01 5.434053018689155579e-04 9.872682094573974609e-01 8.643595356261357665e-05 9.999998807907104492e-01 -5.364868557080626488e-04
-5.349130951799452305e-04 0.000000000000000000e+00 -9.999998807907104492e-01 -9.999998807907104492e-01 0.000000000000000000e+00 5.349130951799452305e-04
-5.221944884397089481e-04 0.000000000000000000e+00 -9.999998807907104492e-01 -9.999998807907104492e-01 0.000000000000000000e+00 5.221944884397089481e-04
-5.077788955532014370e-04 0.000000000000000000e+00 -9.999998807907104492e-01 -9.999998807907104492e-01 0.000000000000000000e+00 5.077788955532014370e-04
-5.699119647033512592e-04 0.000000000000000000e+00 -9.999998807907104492e-01 -9.999998807907104492e-01 0.000000000000000000e+00 5.699119647033512592e-04
-5.861751269549131393e-04 0.000000000000000000e+00 -9.999998211860656738e-01 -9.999998211860656738e-01 0.000000000000000000e+00 5.861751269549131393e-04
-5.919185350649058819e-04 0.000000000000000000e+00 -9.999998211860656738e-01 -9.999998211860656738e-01 0.000000000000000000e+00 5.919185350649058819e-04
-6.039627478457987309e-04 0.000000000000000000e+00 -9.999998211860656738e-01 -9.999998211860656738e-01 0.000000000000000000e+00 6.039627478457987309e-04
-6.085606873966753483e-04 0.000000000000000000e+00 -9.999998211860656738e-01 -9.999998211860656738e-01 0.000000000000000000e+00 6.085606873966753483e-04
-6.179526681080460548e-04 0.000000000000000000e+00 -9.999998211860656738e-01 -9.999998211860656738e-01 0.000000000000000000e+00 6.179526681080460548e-04
-6.256651249714195728e-04 0.000000000000000000e+00 -9.999998211860656738e-01 -9.999998211860656738e-01 0.000000000000000000e+00 6.256651249714195728e-04
-6.368710892274975777e-04 0.000000000000000000e+00 -9.999998211860656738e-01 -9.999998211860656738e-01 0.000000000000000000e+00 6.368710892274975777e-04
-6.469681975431740284e-04 0.000000000000000000e+00 -9.999998211860656738e-01 -9.999998211860656738e-01 0.000000000000000000e+00 6.469681975431740284e-04
-6.568268290720880032e-04 0.000000000000000000e+00 -9.999998211860656738e-01 -9.999998211860656738e-01 0.000000000000000000e+00 6.568268290720880032e-04
-6.651083822362124920e-04 0.000000000000000000e+00 -9.999998211860656738e-01 -9.999998211860656738e-01 0.000000000000000000e+00 6.651083822362124920e-04
-6.782863056287169456e-04 0.000000000000000000e+00 -9.999997615814208984e-01 -9.999997615814208984e-01 0.000000000000000000e+00 6.782863056287169456e-04
-6.878128624521195889e-04 0.000000000000000000e+00 -9.999997615814208984e-01 -9.999997615814208984e-01 0.000000000000000000e+00 6.878128624521195889e-04
-7.027916726656258106e-04 0.000000000000000000e+00 -9.999997615814208984e-01 -9.999997615814208984e-01 0.000000000000000000e+00 7.027916726656258106e-04
-7.121762610040605068e-04 0.000000000000000000e+00 -9.999997615814208984e-01 -9.999997615814208984e-01 0.000000000000000000e+00 7.121762610040605068e-04
-7.250119233503937721e-04 0.000000000000000000e+00 -9.999997615814208984e-01 -9.999997615814208984e-01 0.000000000000000000e+00 7.250119233503937721e-04
-7.337455754168331623e-04 0.000000000000000000e+00 -9.999997615814208984e-01 -9.999997615814208984e-01 0.000000000000000000e+00 7.337455754168331623e-04
-7.557683275081217289e-04 0.000000000000000000e+00 -9.999997019767761230e-01 -9.999997019767761230e-01 0.000000000000000000e+00 7.557683275081217289e-04
-7.591227767989039421e-04 -0.000000000000000000e+00 -9.999997019767761230e-01 -9.999997019767761230e-01 0.000000000000000000e+00 7.591227767989039421e-04
-7.757224957458674908e-04 0.000000000000000000e+00 -9.999997019767761230e-01 -9.999997019767761230e-01 0.000000000000000000e+00 7.757224957458674908e-04
-7.859395118430256844e-04 -0.000000000000000000e+00 -9.999997019767761230e-01 -9.999997019767761230e-01 0.000000000000000000e+00 7.859395118430256844e-04
-8.043664274737238884e-04 0.000000000000000000e+00 -9.999997019767761230e-01 -9.999997019767761230e-01 0.000000000000000000e+00 8.043664274737238884e-04
-8.054812205955386162e-04 -0.000000000000000000e+00 -9.999997019767761230e-01 -9.999997019767761230e-01 0.000000000000000000e+00 8.054812205955386162e-04
-8.065637084655463696e-04 0.000000000000000000e+00 -9.999997019767761230e-01 -9.999997019767761230e-01 0.000000000000000000e+00 8.065637084655463696e-04
-8.179964497685432434e-04 -0.000000000000000000e+00 -9.999997019767761230e-01 -9.999997019767761230e-01 0.000000000000000000e+00 8.179964497685432434e-04
-8.194973925128579140e-04 0.000000000000000000e+00 -9.999997019767761230e-01 -9.999997019767761230e-01 0.000000000000000000e+00 8.194973925128579140e-04
-8.190219523385167122e-04 0.000000000000000000e+00 -9.999997019767761230e-01 -9.999997019767761230e-01 0.000000000000000000e+00 8.190219523385167122e-04
-8.242884650826454163e-04 0.000000000000000000e+00 -9.999997019767761230e-01 -9.999997019767761230e-01 0.000000000000000000e+00 8.242884650826454163e-04
-8.196656708605587482e-04 0.000000000000000000e+00 -9.999997019767761230e-01 -9.999997019767761230e-01 0.000000000000000000e+00 8.196656708605587482e-04
-8.272318518720567226e-04 0.000000000000000000e+00 -9.999997019767761230e-01 -9.999997019767761230e-01 0.000000000000000000e+00 8.272318518720567226e-04
-8.265867363661527634e-04 0.000000000000000000e+00 -9.999997019767761230e-01 -9.999997019767761230e-01 0.000000000000000000e+00 8.265867363661527634e-04
-8.336686296388506889e-04 0.000000000000000000e+00 -9.999996423721313477e-01 -9.999996423721313477e-01 0.000000000000000000e+00 8.336686296388506889e-04
-8.333760779350996017e-04 0.000000000000000000e+00 -9.999996423721313477e-01 -9.999996423721313477e-01 0.000000000000000000e+00 8.333760779350996017e-04
-8.377282647415995598e-04 0.000000000000000000e+00 -9.999996423721313477e-01 -9.999996423721313477e-01 0.000000000000000000e+00 8.377282647415995598e-04
-8.280627662315964699e-04 0.000000000000000000e+00 -9.999996423721313477e-01 -9.999996423721313477e-01 0.000000000000000000e+00 8.280627662315964699e-04
-8.371825679205358028e-04 0.000000000000000000e+00 -9.999996423721313477e-01 -9.999996423721313477e-01 0.000000000000000000e+00 8.371825679205358028e-04
-8.398318896070122719e-04 -0.000000000000000000e+00 -9.999996423721313477e-01 -9.999996423721313477e-01 0.000000000000000000e+00 8.398318896070122719e-04
-8.362901862710714340e-04 0.000000000000000000e+00 -9.999996423721313477e-01 -9.999996423721313477e-01 0.000000000000000000e+00 8.362901862710714340e-04
-8.487015729770064354e-04 -0.000000000000000000e+00 -9.999996423721313477e-01 -9.999996423721313477e-01 0.000000000000000000e+00 8.487015729770064354e-04
-8.471070323139429092e-04 0.000000000000000000e+00 -9.999996423721313477e-01 -9.999996423721313477e-01 0.000000000000000000e+00 8.471070323139429092e-04
-8.585953037254512310e-04 -0.000000000000000000e+00 -9.999996423721313477e-01 -9.999996423721313477e-01 0.000000000000000000e+00 8.585953037254512310e-04
-8.421330712735652924e-04 0.000000000000000000e+00 -9.999996423721313477e-01 -9.999996423721313477e-01 0.000000000000000000e+00 8.421330712735652924e-04
-8.421477396041154861e-04 -0.000000000000000000e+00 -9.999996423721313477e-01 -9.999996423721313477e-01 0.000000000000000000e+00 8.421477396041154861e-04
-8.255612337961792946e-04 0.000000000000000000e+00 -9.999997019767761230e-01 -9.999997019767761230e-01 0.000000000000000000e+00 8.255612337961792946e-04
-8.315576706081628799e-04 -0.000000000000000000e+00 -9.999996423721313477e-01 -9.999996423721313477e-01 0.000000000000000000e+00 8.315576706081628799e-04
-8.217912982217967510e-04 0.000000000000000000e+00 -9.999997019767761230e-01 -9.999997019767761230e-01 0.000000000000000000e+00 8.217912982217967510e-04
-8.262750925496220589e-04 -0.000000000000000000e+00 -9.999997019767761230e-01 -9.999997019767761230e-01 0.000000000000000000e+00 8.262750925496220589e-04
-8.156616240739822388e-04 0.000000000000000000e+00 -9.999997019767761230e-01 -9.999997019767761230e-01 0.000000000000000000e+00 8.156616240739822388e-04
-8.184148464351892471e-04 -0.000000000000000000e+00 -9.999997019767761230e-01 -9.999997019767761230e-01 0.000000000000000000e+00 8.184148464351892471e-04
-8.021574467420578003e-04 0.000000000000000000e+00 -9.999997019767761230e-01 -9.999997019767761230e-01 0.000000000000000000e+00 8.021574467420578003e-04
-7.984182448126375675e-04 -0.000000000000000000e+00 -9.999997019767761230e-01 -9.999997019767761230e-01 0.000000000000000000e+00 7.984182448126375675e-04
-7.825631182640790939e-04 0.000000000000000000e+00 -9.999997019767761230e-01 -9.999997019767761230e-01 0.000000000000000000e+00 7.825631182640790939e-04
-7.874946459196507931e-04 -0.000000000000000000e+00 -9.999997019767761230e-01 -9.999997019767761230e-01 0.000000000000000000e+00 7.874946459196507931e-04
-7.723548915237188339e-04 0.000000000000000000e+00 -9.999997019767761230e-01 -9.999997019767761230e-01 0.000000000000000000e+00 7.723548915237188339e-04
-7.750598015263676643e-04 0.000000000000000000e+00 -9.999997019767761230e-01 -9.999997019767761230e-01 0.000000000000000000e+00 7.750598015263676643e-04
-7.647974416613578796e-04 0.000000000000000000e+00 -9.999997019767761230e-01 -9.999997019767761230e-01 0.000000000000000000e+00 7.647974416613578796e-04
-7.467480027116835117e-04 0.000000000000000000e+00 -9.999997615814208984e-01 -9.999997615814208984e-01 0.000000000000000000e+00 7.467480027116835117e-04
-7.460180204361677170e-04 0.000000000000000000e+00 -9.999997615814208984e-01 -9.999997615814208984e-01 0.000000000000000000e+00 7.460180204361677170e-04
-7.289325585588812828e-04 0.000000000000000000e+00 -9.999997615814208984e-01 -9.999997615814208984e-01 0.000000000000000000e+00 7.289325585588812828e-04
-7.237596437335014343e-04 0.000000000000000000e+00 -9.999997615814208984e-01 -9.999997615814208984e-01 0.000000000000000000e+00 7.237596437335014343e-04
-7.117403438314795494e-04 0.000000000000000000e+00 -9.999997615814208984e-01 -9.999997615814208984e-01 0.000000000000000000e+00 7.117403438314795494e-04
-7.053605513647198677e-04 0.000000000000000000e+00 -9.999997615814208984e-01 -9.999997615814208984e-01 0.000000000000000000e+00 7.053605513647198677e-04
-6.930383970029652119e-04 0.000000000000000000e+00 -9.999997615814208984e-01 -9.999997615814208984e-01 0.000000000000000000e+00 6.930383970029652119e-04
-6.853931699879467487e-04 0.000000000000000000e+00 -9.999997615814208984e-01 -9.999997615814208984e-01 0.000000000000000000e+00 6.853931699879467487e-04
-6.730958702974021435e-04 0.000000000000000000e+00 -9.999997615814208984e-01 -9.999997615814208984e-01 0.000000000000000000e+00 6.730958702974021435e-04
-6.635547615587711334e-04 0.000000000000000000e+00 -9.999998211860656738e-01 -9.999998211860656738e-01 0.000000000000000000e+00 6.635547615587711334e-04
-6.523575866594910622e-04 0.000000000000000000e+00 -9.999998211860656738e-01 -9.999998211860656738e-01 0.000000000000000000e+00 6.523575866594910622e-04
-6.421098369173705578e-04 0.000000000000000000e+00 -9.999998211860656738e-01 -9.999998211860656738e-01 0.000000000000000000e+00 6.421098369173705578e-04
-6.308482843451201916e-04 0.000000000000000000e+00 -9.999998211860656738e-01 -9.999998211860656738e-01 0.000000000000000000e+00 6.308482843451201916e-04
-6.231372244656085968e-04 0.000000000000000000e+00 -9.999998211860656738e-01 -9.999998211860656738e-01 0.000000000000000000e+00 6.231372244656085968e-04
-6.184675730764865875e-04 0.000000000000000000e+00 -9.999998211860656738e-01 -9.999998211860656738e-01 0.000000000000000000e+00 6.184675730764865875e-04
-6.153237773105502129e-04 0.000000000000000000e+00 -9.999998211860656738e-01 -9.999998211860656738e-01 0.000000000000000000e+00 6.153237773105502129e-04
-5.999777931720018387e-04 0.000000000000000000e+00 -9.999998211860656738e-01 -9.999998211860656738e-01 0.000000000000000000e+00 5.999777931720018387e-04
-5.943762371316552162e-04 0.000000000000000000e+00 -9.999998211860656738e-01 -9.999998211860656738e-01 0.000000000000000000e+00 5.943762371316552162e-04
-5.848102155141532421e-04 0.000000000000000000e+00 -9.999998211860656738e-01 -9.999998211860656738e-01 0.000000000000000000e+00 5.848102155141532421e-04
-5.777809419669210911e-04 0.000000000000000000e+00 -9.999998211860656738e-01 -9.999998211860656738e-01 0.000000000000000000e+00 5.777809419669210911e-04
-5.665282369591295719e-04 0.000000000000000000e+00 -9.999998807907104492e-01 -9.999998807907104492e-01 0.000000000000000000e+00 5.665282369591295719e-04
-5.581413279287517071e-04 0.000000000000000000e+00 -9.999998807907104492e-01 -9.999998807907104492e-01 0.000000000000000000e+00 5.581413279287517071e-04
-5.534936790354549885e-04 0.000000000000000000e+00 -9.999998807907104492e-01 -9.999998807907104492e-01 0.000000000000000000e+00 5.534936790354549885e-04
-5.479521350935101509e-04 0.000000000000000000e+00 -9.999998807907104492e-01 -9.999998807907104492e-01 0.000000000000000000e+00 5.479521350935101509e-04
-5.437330109998583794e-04 0.000000000000000000e+00 -9.999998807907104492e-01 -9.999998807907104492e-01 0.000000000000000000e+00 5.437330109998583794e-04
-5.387620185501873493e-04 0.000000000000000000e+00 -9.999998807907104492e-01 -9.999998807907104492e-01 0.000000000000000000e+00 5.387620185501873493e-04
-5.318087642081081867e-04 0.000000000000000000e+00 -9.999998807907104492e-01 -9.999998807907104492e-01 0.000000000000000000e+00 5.318087642081081867e-04
-5.297109601087868214e-04 0.000000000000000000e+00 -9.999998807907104492e-01 -9.999998807907104492e-01 0.000000000000000000e+00 5.297109601087868214e-04
-5.241533508524298668e-04 0.000000000000000000e+00 -9.999998807907104492e-01 -9.999998807907104492e-01 0.000000000000000000e+00 5.241533508524298668e-04
-5.171766388230025768e-04 0.000000000000000000e+00 -9.999998807907104492e-01 -9.999998807907104492e-01 0.000000000000000000e+00 5.171766388230025768e-04
-5.136173567734658718e-04 0.000000000000000000e+00 -9.999998807907104492e-01 -9.999998807907104492e-01 0.000000000000000000e+00 5.136173567734658718e-04
-5.102702416479587555e-04 0.000000000000000000e+00 -9.999998807907104492e-01 -9.999998807907104492e-01 0.000000000000000000e+00 5.102702416479587555e-04
-5.080495029687881470e-04 0.000000000000000000e+00 -9.999998807907104492e-01 -9.999998807907104492e-01 0.000000000000000000e+00 5.080495029687881470e-04
-5.077861715108156204e-04 0.000000000000000000e+00 -9.999998807907104492e-01 -9.999998807907104492e-01 0.000000000000000000e+00 5.077861715108156204e-04
-5.044682766310870647e-04 0.000000000000000000e+00 -9.999998807907104492e-01 -9.999998807907104492e-01 0.000000000000000000e+00 5.044682766310870647e-04
-4.956381162628531456e-04 0.000000000000000000e+00 -9.999998807907104492e-01 -9.999998807907104492e-01 0.000000000000000000e+00 4.956381162628531456e-04
-4.963286337442696095e-04 0.000000000000000000e+00 -9.999998807907104492e-01 -9.999998807907104492e-01 0.000000000000000000e+00 4.963286337442696095e-04
-4.914805176667869091e-04 0.000000000000000000e+00 -9.999998807907104492e-01 -9.999998807907104492e-01 0.000000000000000000e+00 4.914805176667869091e-04
-4.931307048536837101e-04 0.000000000000000000e+00 -9.999998807907104492e-01 -9.999998807907104492e-01 0.000000000000000000e+00 4.931307048536837101e-04
-4.832544946111738682e-04 0.000000000000000000e+00 -9.999998807907104492e-01 -9.999998807907104492e-01 0.000000000000000000e+00 4.832544946111738682e-04
-4.823606577701866627e-04 0.000000000000000000e+00 -9.999998807907104492e-01 -9.999998807907104492e-01 0.000000000000000000e+00 4.823606577701866627e-04
-4.775608249474316835e-04 0.000000000000000000e+00 -9.999998807907104492e-01 -9.999998807907104492e-01 0.000000000000000000e+00 4.775608249474316835e-04
-4.751557717099785805e-04 0.000000000000000000e+00 -9.999998807907104492e-01 -9.999998807907104492e-01 0.000000000000000000e+00 4.751557717099785805e-04
-4.697561380453407764e-04 0.000000000000000000e+00 -9.999998807907104492e-01 -9.999998807907104492e-01 0.000000000000000000e+00 4.697561380453407764e-04
-4.766289202962070704e-04 0.000000000000000000e+00 -9.999998807907104492e-01 -9.999998807907104492e-01 0.000000000000000000e+00 4.766289202962070704e-04
-4.768527578562498093e-04 0.000000000000000000e+00 -9.999998807907104492e-01 -9.999998807907104492e-01 0.000000000000000000e+00 4.768527578562498093e-04
-4.820241883862763643e-04 0.000000000000000000e+00 -9.999998807907104492e-01 -9.999998807907104492e-01 0.000000000000000000e+00 4.820241883862763643e-04
-4.761315358337014914e-04 0.000000000000000000e+00 -9.999998807907104492e-01 -9.999998807907104492e-01 0.000000000000000000e+00 4.761315358337014914e-04
-4.819100722670555115e-04 0.000000000000000000e+00 -9.999998807907104492e-01 -9.999998807907104492e-01 0.000000000000000000e+00 4.819100722670555115e-04
-4.836992302443832159e-04 0.000000000000000000e+00 -9.999998807907104492e-01 -9.999998807907104492e-01 0.000000000000000000e+00 4.836992302443832159e-04
-4.899473860859870911e-04 0.000000000000000000e+00 -9.999998807907104492e-01 -9.999998807907104492e-01 0.000000000000000000e+00 4.899473860859870911e-04
-4.871005075983703136e-04 0.000000000000000000e+00 -9.999998807907104492e-01 -9.999998807907104492e-01 0.000000000000000000e+00 4.871005075983703136e-04
-4.951875307597219944e-04 0.000000000000000000e+00 -9.999998807907104492e-01 -9.999998807907104492e-01 0.000000000000000000e+00 4.951875307597219944e-04
-4.931745934300124645e-04 0.000000000000000000e+00 -9.999998807907104492e-01 -9.999998807907104492e-01 0.000000000000000000e+00 4.931745934300124645e-04
-5.059809773229062557e-04 0.000000000000000000e+00 -9.999998807907104492e-01 -9.999998807907104492e-01 0.000000000000000000e+00 5.059809773229062557e-04
-5.233586952090263367e-02 5.879189120605587959e-04 9.986293315887451172e-01 3.076925349887460470e-05 9.999998211860656738e-01 -5.871132016181945801e-04
-5.233586952090263367e-02 5.935935769230127335e-04 9.986293315887451172e-01 3.106624353677034378e-05 9.999998211860656738e-01 -5.927800666540861130e-04
5.233586952090263367e-02 6.129772518761456013e-04 9.986293315887451172e-01 -3.208070484106428921e-05 9.999998211860656738e-01 -6.121371989138424397e-04
5.233586952090263367e-02 6.182613433338701725e-04 9.986293315887451172e-01 -3.235725307604297996e-05 9.999998211860656738e-01 -6.174140144139528275e-04
1.564346551895141602e-01 6.243119714781641960e-04 9.876881241798400879e-01 -9.766404400579631329e-05 9.999998211860656738e-01 -6.166256498545408249e-04
1.564346551895141602e-01 6.324852583929896355e-04 9.876881241798400879e-01 -9.894263348542153835e-05 9.999998211860656738e-01 -6.246982957236468792e-04
2.588185369968414307e-01 6.436649127863347530e-04 9.659258127212524414e-01 -1.665924501139670610e-04 9.999998211860656738e-01 -6.217326736077666283e-04
2.588185369968414307e-01 6.430344074033200741e-04 9.659258127212524414e-01 -1.664292649365961552e-04 9.999998211860656738e-01 -6.211236468516290188e-04
3.583683967590332031e-01 6.524673081003129482e-04 9.335800409317016602e-01 -2.338236954528838396e-04 9.999998211860656738e-01 -6.091305986046791077e-04
3.583683967590332031e-01 6.563367787748575211e-04 9.335800409317016602e-01 -2.352103911107406020e-04 9.999998211860656738e-01 -6.127430242486298084e-04
4.539903104305267334e-01 6.666561821475625038e-04 8.910064101219177246e-01 -3.026555059477686882e-04 9.999998211860656738e-01 -5.939950351603329182e-04
4.539902806282043457e-01 6.741477409377694130e-04 8.910063505172729492e-01 -3.060566086787730455e-04 9.999997615814208984e-01 -6.006700568832457066e-04
5.446385741233825684e-01 6.832836661487817764e-04 8.386706113815307617e-01 -3.721427347045391798e-04 9.999997615814208984e-01 -5.730500561185181141e-04
5.446385741233825684e-01 6.915257545188069344e-04 8.386706113815307617e-01 -3.766316804103553295e-04 9.999997615814208984e-01 -5.799624486826360226e-04
6.293203830718994141e-01 7.051952998153865337e-04 7.771457433700561523e-01 -4.437938332557678223e-04 9.999997615814208984e-01 -5.480395630002021790e-04
6.293203830718994141e-01 7.050168351270258427e-04 7.771457433700561523e-01 -4.436815215740352869e-04 9.999997615814208984e-01 -5.479008541442453861e-04
7.071066498756408691e-01 7.111946470104157925e-04 7.071066498756408691e-01 -5.028906161896884441e-04 9.999997615814208984e-01 -5.028906161896884441e-04
7.071066498756408691e-01 7.130423327907919884e-04 7.071066498756408691e-01 -5.041970871388912201e-04 9.999997615814208984e-01 -5.041970871388912201e-04
7.771456837654113770e-01 7.159198867157101631e-04 6.293203234672546387e-01 -5.563742015510797501e-04 9.999997615814208984e-01 -4.505430697463452816e-04
7.771457433700561523e-01 7.116833585314452648e-04 6.293203830718994141e-01 -5.530817434191703796e-04 9.999997615814208984e-01 -4.478768969420343637e-04
8.386706113815307617e-01 7.072360021993517876e-04 5.446385741233825684e-01 -5.931381601840257645e-04 9.999997615814208984e-01 -3.851880901493132114e-04
8.386706113815307617e-01 7.107528508640825748e-04 5.446385741233825684e-01 -5.960876587778329849e-04 9.999997615814208984e-01 -3.871035005431622267e-04
8.910063505172729492e-01 7.061286014504730701e-04 4.539902806282043457e-01 -6.291652098298072815e-04 9.999997615814208984e-01 -3.205756074748933315e-04
8.910063505172729492e-01 7.071087020449340343e-04 4.539902806282043457e-01 -6.300384993664920330e-04 9.999997615814208984e-01 -3.210205759387463331e-04
9.335799813270568848e-01 7.025137310847640038e-04 3.583683669567108154e-01 -6.558528984896838665e-04 9.999997615814208984e-01 -2.517587563488632441e-04
9.335799813270568848e-01 6.973964045755565166e-04 3.583683669567108154e-01 -6.510755047202110291e-04 9.999997615814208984e-01 -2.499248657841235399e-04
9.659257531166076660e-01 6.842491566203534603e-04 2.588185369968414307e-01 -6.609340198338031769e-04 9.999997615814208984e-01 -1.770964008755981922e-04
9.659257531166076660e-01 6.856477120891213417e-04 2.588185369968414307e-01 -6.622849614359438419e-04 9.999997615814208984e-01 -1.774583797669038177e-04
9.876880645751953125e-01 6.692381575703620911e-04 1.564346402883529663e-01 -6.609986885450780392e-04 9.999997615814208984e-01 -1.046920588123612106e-04
9.876880645751953125e-01 6.731383036822080612e-04 1.564346402883529663e-01 -6.648508133366703987e-04 9.999997615814208984e-01 -1.053021769621409476e-04
9.986293315887451172e-01 6.607401301153004169e-04 5.233587324619293213e-02 -6.598345935344696045e-04 9.999998211860656738e-01 -3.458041828707791865e-05
9.986293315887451172e-01 6.584608927369117737e-04 5.233587324619293213e-02 -6.575584993697702885e-04 9.999998211860656738e-01 -3.446113259997218847e-05
9.986293315887451172e-01 6.466785562224686146e-04 -5.233587324619293213e-02 -6.457922863774001598e-04 9.999998211860656738e-01 3.384449155419133604e-05
9.986293315887451172e-01 6.421083235181868076e-04 -5.233586952090263367e-02 -6.412283401004970074e-04 9.999998211860656738e-01 3.360530536156147718e-05
9.876881241798400879e-01 6.344499997794628143e-04 -1.564346551895141602e-01 -6.266388227231800556e-04 9.999998211860656738e-01 9.924998448695987463e-05
9.876881241798400879e-01 6.287050782702863216e-04 -1.564346551895141602e-01 -6.209646235220134258e-04 9.999998211860656738e-01 9.835128003032878041e-05
9.659258127212524414e-01 6.328027229756116867e-04 -2.588185369968414307e-01 -6.112406263127923012e-04 9.999998211860656738e-01 1.637811074033379555e-04
9.659258127212524414e-01 6.290707970038056374e-04 -2.588185369968414307e-01 -6.076358258724212646e-04 9.999998211860656738e-01 1.628152240300551057e-04
9.335800409317016602e-01 6.206239340826869011e-04 -3.583683967590332031e-01 -5.794021999463438988e-04 9.999998211860656738e-01 2.224120398750528693e-04
9.335800409317016602e-01 6.188552943058311939e-04 -3.583683967590332031e-01 -5.777510814368724823e-04 9.999998211860656738e-01 2.217782166553661227e-04
8.910064101219177246e-01 6.198236951604485512e-04 -4.539903104305267334e-01 -5.522670107893645763e-04 9.999998211860656738e-01 2.813939936459064484e-04
8.910064101219177246e-01 6.148731918074190617e-04 -4.539903104305267334e-01 -5.478560924530029297e-04 9.999998211860656738e-01 2.791465376503765583e-04
8.386706709861755371e-01 6.105620414018630981e-04 -5.446386337280273438e-01 -5.120604764670133591e-04 9.999998211860656738e-01 3.325356810819357634e-04
8.386706709861755371e-01 6.051419186405837536e-04 -5.446386337280273438e-01 -5.075148073956370354e-04 9.999998211860656738e-01 3.295836795587092638e-04
7.771457433700561523e-01 5.946995806880295277e-04 -6.293203830718994141e-01 -4.621683328878134489e-04 9.999998211860656738e-01 3.742566332221031189e-04
7.771457433700561523e-01 5.917620146647095680e-04 -6.293203830718994141e-01 -4.598853993229568005e-04 9.999998211860656738e-01 3.724079579114913940e-04
7.071067094802856445e-01 5.847063730470836163e-04 -7.071067094802856445e-01 -4.134498594794422388e-04 9.999998211860656738e-01 4.134498594794422388e-04
7.071067094802856445e-01 5.731888231821358204e-04 -7.071067094802856445e-01 -4.053057346027344465e-04 9.999998211860656738e-01 4.053057346027344465e-04
6.293204426765441895e-01 5.647902726195752621e-04 -7.771458029747009277e-01 -3.554340801201760769e-04 9.999998807907104492e-01 4.389244131743907928e-04
6.293204426765441895e-01 5.569095956161618233e-04 -7.771458029747009277e-01 -3.504746127873659134e-04 9.999998807907104492e-01 4.327999777160584927e-04
5.446386337280273438e-01 5.494764773175120354e-04 -8.386707305908203125e-01 -2.992661611642688513e-04 9.999998807907104492e-01 4.608298477251082659e-04
5.446386337280273438e-01 5.482008564285933971e-04 -8.386707305908203125e-01 -2.985713945236057043e-04 9.999998807907104492e-01 4.597600200213491917e-04
4.539903402328491211e-01 5.392082384787499905e-04 -8.910064697265625000e-01 -2.447953738737851381e-04 9.999998807907104492e-01 4.804380878340452909e-04
4.539903402328491211e-01 5.231307586655020714e-04 -8.910064697265625000e-01 -2.374963369220495224e-04 9.999998807907104492e-01 4.661129496525973082e-04
3.583684563636779785e-01 5.118268309161067009e-04 -9.335801601409912109e-01 -1.834225695347413421e-04 9.999998807907104492e-01 4.778313450515270233e-04
3.583684563636779785e-01 4.963988903909921646e-04 -9.335801601409912109e-01 -1.778936857590451837e-04 9.999998807907104492e-01 4.634281212929636240e-04
2.588185667991638184e-01 4.905852256342768669e-04 -9.659258723258972168e-01 -1.269725762540474534e-04 9.999998807907104492e-01 4.738690331578254700e-04
2.588185667991638184e-01 4.841834306716918945e-04 -9.659258723258972168e-01 -1.253156806342303753e-04 9.999998807907104492e-01 4.676853714045137167e-04
1.564346700906753540e-01 4.853596328757703304e-04 -9.876881837844848633e-01 -7.592708425363525748e-05 9.999998807907104492e-01 4.793840344063937664e-04
1.564346700906753540e-01 4.799790040124207735e-04 -9.876881837844848633e-01 -7.508536509703844786e-05 9.999998807907104492e-01 4.740696458611637354e-04
5.233587324619293213e-02 4.760218143928796053e-04 -9.986293911933898926e-01 -2.491302075213752687e-05 9.999998807907104492e-01 4.753694229293614626e-04
5.233587324619293213e-02 4.662568389903753996e-04 -9.986293911933898926e-01 -2.440196294628549367e-05 9.999998807907104492e-01 4.656178352888673544e-04
-5.233587324619293213e-02 4.651640483643859625e-04 -9.986293911933898926e-01 2.434477028145920485e-05 9.999998807907104492e-01 4.645265580620616674e-04
-5.233587324619293213e-02 4.654800286516547203e-04 -9.986293911933898926e-01 2.436130671412684023e-05 9.999998807907104492e-01 4.648421017918735743e-04
-1.564346700906753540e-01 4.725985927507281303e-04 -9.876881837844848633e-01 7.393080886686220765e-05 9.999998807907104492e-01 4.667800967581570148e-04
-1.564346700906753540e-01 4.582034889608621597e-04 -9.876881837844848633e-01 7.167892181314527988e-05 9.999998807907104492e-01 4.525622352957725525e-04
-2.588185667991638184e-01 4.644120926968753338e-04 -9.659258723258972168e-01 1.201984850922599435e-04 9.999998807907104492e-01 4.485876997932791710e-04
-2.588185667991638184e-01 4.559549852274358273e-04 -9.659258723258972168e-01 1.180096369353123009e-04 9.999999403953552246e-01 4.404188075568526983e-04
-3.583684563636779785e-01 4.711620276793837547e-04 -9.335801601409912109e-01 1.688495976850390434e-04 9.999998807907104492e-01 4.398675228003412485e-04
-3.583684563636779785e-01 4.637099336832761765e-04 -9.335801601409912109e-01 1.661790010984987020e-04 9.999998807907104492e-01 4.329103976488113403e-04
-4.539903402328491211e-01 4.657609097193926573e-04 -8.910064697265625000e-01 2.114509843522682786e-04 9.999998807907104492e-01 4.149960295762866735e-04
-4.539903402328491211e-01 4.615506331901997328e-04 -8.910064697265625000e-01 2.095395611831918359e-04 9.999998807907104492e-01 4.112446622457355261e-04
-5.446386337280273438e-01 4.610035102814435959e-04 -8.386706709861755371e-01 2.510803460609167814e-04 9.999998807907104492e-01 3.866301849484443665e-04
-5.446386933326721191e-01 4.565387207549065351e-04 -8.386707305908203125e-01 2.486486628185957670e-04 9.999999403953552246e-01 3.828856861218810081e-04
-6.293204426765441895e-01 4.709747445303946733e-04 -7.771457433700561523e-01 2.963940496556460857e-04 9.999998807907104492e-01 3.660160873550921679e-04
-6.293204426765441895e-01 4.619909741450101137e-04 -7.771457433700561523e-01 2.907403977587819099e-04 9.999998807907104492e-01 3.590343694668263197e-04
-7.071067690849304199e-01 4.467166436370462179e-04 -7.071067690849304199e-01 3.158764156978577375e-04 9.999999403953552246e-01 3.158764156978577375e-04
-7.071067690849304199e-01 4.352752002887427807e-04 -7.071067690849304199e-01 3.077861038036644459e-04 9.999999403953552246e-01 3.077861038036644459e-04
-7.771458029747009277e-01 4.218148824293166399e-04 -6.293204426765441895e-01 3.278116928413510323e-04 9.999999403953552246e-01 2.654567651916295290e-04
-7.771458029747009277e-01 4.145705024711787701e-04 -6.293204426765441895e-01 3.221817605663090944e-04 9.999999403953552246e-01 2.608977083582431078e-04
-8.386707305908203125e-01 4.053848388139158487e-04 -5.446386337280273438e-01 3.399844281375408173e-04 9.999999403953552246e-01 2.207882644142955542e-04
-8.386707305908203125e-01 3.955086867790669203e-04 -5.446386337280273438e-01 3.317015944048762321e-04 9.999999403953552246e-01 2.154093381250277162e-04
-8.910065293312072754e-01 3.918952716048806906e-04 -4.539903700351715088e-01 3.491812676656991243e-04 9.999999403953552246e-01 1.779166923370212317e-04
-8.910065293312072754e-01 3.854321257676929235e-04 -4.539903700351715088e-01 3.434225509408861399e-04 9.999999403953552246e-01 1.749824878061190248e-04
-9.335802197456359863e-01 3.777752281166613102e-04 -3.583684563636779785e-01 3.526834479998797178e-04 9.999999403953552246e-01 1.353827101411297917e-04
-9.335802197456359863e-01 3.710165328811854124e-04 -3.583684563636779785e-01 3.463736793491989374e-04 9.999999403953552246e-01 1.329606166109442711e-04
-9.659259319305419922e-01 3.595691814552992582e-04 -2.588185667991638184e-01 3.473172255326062441e-04 9.999999403953552246e-01 9.306319407187402248e-05
-9.659259319305419922e-01 3.537219017744064331e-04 -2.588185667991638184e-01 3.416691906750202179e-04 9.999999403953552246e-01 9.154980944003909826e-05
-9.876882433891296387e-01 3.467613423708826303e-04 -1.564346700906753540e-01 3.424921305850148201e-04 9.999999403953552246e-01 5.424550181487575173e-05
-9.876882433891296387e-01 3.423945163376629353e-04 -1.564346700906753540e-01 3.381790593266487122e-04 9.999999403953552246e-01 5.356237670639529824e-05
-9.986294507980346680e-01 3.316054935567080975e-04 -5.233587697148323059e-02 3.311510372441262007e-04 9.999999403953552246e-01 1.735486512188799679e-05
-9.986294507980346680e-01 3.278940857853740454e-04 -5.233587697148323059e-02 3.274447226431220770e-04 9.999999403953552246e-01 1.716062615741975605e-05
-9.986294507980346680e-01 3.223379026167094707e-04 5.233587697148323059e-02 3.218961355742067099e-04 9.999999403953552246e-01 -1.686983887339010835e-05
-9.986294507980346680e-01 3.227475390303879976e-04 5.233587697148323059e-02 3.223052190151065588e-04 9.999999403953552246e-01 -1.689127748250029981e-05
-9.876882433891296387e-01 3.176009922754019499e-04 1.564346700906753540e-01 3.136907762382179499e-04 9.999999403953552246e-01 -4.968381108483299613e-05
-9.876882433891296387e-01 3.215654869563877583e-04 1.564346700906753540e-01 3.176064637955278158e-04 9.999999403953552246e-01 -5.030399552197195590e-05
-9.659259319305419922e-01 3.223057428840547800e-04 2.588185667991638184e-01 3.113234997726976871e-04 9.999999403953552246e-01 -8.341872307937592268e-05
-9.659259319305419922e-01 3.319814859423786402e-04 2.588185667991638184e-01 3.206695546396076679e-04 9.999999403953552246e-01 -8.592298399889841676e-05
-9.335802197456359863e-01 3.292312030680477619e-04 3.583684563636779785e-01 3.073637199122458696e-04 9.999999403953552246e-01 -1.179860701085999608e-04
-9.335802197456359863e-01 3.327480808366090059e-04 3.583684563636779785e-01 3.106470103375613689e-04 9.999999403953552246e-01 -1.192464042105711997e-04
-8.910065293312072754e-01 3.453335375525057316e-04 4.539903700351715088e-01 3.076944558415561914e-04 9.999999403953552246e-01 -1.567781146150082350e-04
-8.910065293312072754e-01 3.560537879820913076e-04 4.539903700351715088e-01 3.172462747897952795e-04 9.999999403953552246e-01 -1.616450026631355286e-04
-8.386707305908203125e-01 3.732299082912504673e-04 5.446386337280273438e-01 3.130170225631445646e-04 9.999999403953552246e-01 -2.032754564424976707e-04
-8.386707305908203125e-01 3.856295952573418617e-04 5.446386337280273438e-01 3.234162868466228247e-04 9.999999403953552246e-01 -2.100287965731695294e-04
-7.771458029747009277e-01 4.133065522182732821e-04 6.293204426765441895e-01 3.211994771845638752e-04 9.999999403953552246e-01 -2.601023006718605757e-04
-7.771458029747009277e-01 4.267405602149665356e-04 6.293205022811889648e-01 3.316396614536643028e-04 9.999999403953552246e-01 -2.685565850697457790e-04
-7.071067690849304199e-01 4.617832310032099485e-04 7.071067690849304199e-01 3.265300765633583069e-04 9.999998807907104492e-01 -3.265300765633583069e-04
-7.071067690849304199e-01 4.712717200163751841e-04 7.071067690849304199e-01 3.332394408062100410e-04 9.999998807907104492e-01 -3.332394408062100410e-04
-6.293204426765441895e-01 5.029878229834139347e-04 7.771457433700561523e-01 3.165405360050499439e-04 9.999998807907104492e-01 -3.908949147444218397e-04
-6.293204426765441895e-01 5.165227339603006840e-04 7.771457433700561523e-01 3.250583540648221970e-04 9.999998807907104492e-01 -4.014135047327727079e-04
-5.446386337280273438e-01 5.283899372443556786e-04 8.386706709861755371e-01 2.877816150430589914e-04 9.999998807907104492e-01 -4.431451961863785982e-04
-5.446386337280273438e-01 5.359824863262474537e-04 8.386706709861755371e-01 2.919168036896735430e-04 9.999998807907104492e-01 -4.495128523558378220e-04
-4.539903402328491211e-01 5.435238126665353775e-04 8.910064697265625000e-01 2.467545855324715376e-04 9.999998807907104492e-01 -4.842832859139889479e-04
-4.539903402328491211e-01 5.588537896983325481e-04 8.910064697265625000e-01 2.537142718210816383e-04 9.999998807907104492e-01 -4.979424411430954933e-04
-3.583684265613555908e-01 5.616625421680510044e-04 9.335801005363464355e-01 2.012821350945159793e-04 9.999998807907104492e-01 -5.243570194579660892e-04
-3.583684265613555908e-01 5.660674069076776505e-04 9.335801005363464355e-01 2.028606977546587586e-04 9.999998807907104492e-01 -5.284693324938416481e-04
-2.588185369968414307e-01 5.720916087739169598e-04 9.659258127212524414e-01 1.480679638916626573e-04 9.999998807907104492e-01 -5.525982123799622059e-04
-2.588185369968414307e-01 5.765783716924488544e-04 9.659258127212524414e-01 1.492292067268863320e-04 9.999998211860656738e-01 -5.569320637732744217e-04
-1.564346551895141602e-01 5.834921612404286861e-04 9.876881241798400879e-01 9.127840894507244229e-05 9.999998211860656738e-01 -5.763084045611321926e-04
-1.564346551895141602e-01 5.852198810316622257e-04 9.876881241798400879e-01 9.154868894256651402e-05 9.999998211860656738e-01 -5.780148203484714031e-04
-5.814468115568161011e-02 1.229304762091487646e-04 -9.983081817626953125e-01 7.147753422032110393e-06 1.000000000000000000e+00 1.227225002367049456e-04
-5.814468115568161011e-02 1.369964302284643054e-04 -9.983081817626953125e-01 7.965613804117310792e-06 1.000000000000000000e+00 1.367646618746221066e-04
5.814468115568161011e-02 1.808269153116270900e-04 -9.983081817626953125e-01 -1.051412345987046137e-05 1.000000000000000000e+00 1.805209903977811337e-04
5.814468115568161011e-02 1.956492051249369979e-04 -9.983081817626953125e-01 -1.137596063927048817e-05 1.000000000000000000e+00 1.953182072611525655e-04
1.736483126878738403e-01 1.952000893652439117e-04 -9.848077297210693359e-01 -3.389616540516726673e-05 1.000000000000000000e+00 1.922345545608550310e-04
1.736483126878738403e-01 2.081864076899364591e-04 -9.848077297210693359e-01 -3.615121750044636428e-05 1.000000000000000000e+00 2.050235780188813806e-04
2.868028879165649414e-01 2.144199097529053688e-04 -9.579896330833435059e-01 -6.149624823592603207e-05 1.000000000000000000e+00 2.054120559478178620e-04
2.868028879165649414e-01 2.231213438790291548e-04 -9.579896330833435059e-01 -6.399184348993003368e-05 1.000000000000000000e+00 2.137479314114898443e-04
3.960800170898437500e-01 2.405022823950275779e-04 -9.182160496711730957e-01 -9.525814675725996494e-05 1.000000000000000000e+00 2.208330552093684673e-04
3.960799872875213623e-01 2.554094244260340929e-04 -9.182159900665283203e-01 -1.011625790852122009e-04 1.000000000000000000e+00 2.345210523344576359e-04
4.999997615814208984e-01 2.545155875850468874e-04 -8.660255670547485352e-01 -1.272577355848625302e-04 1.000000000000000000e+00 2.204170014010742307e-04
4.999997615814208984e-01 2.795534383039921522e-04 -8.660255670547485352e-01 -1.397766463924199343e-04 1.000000000000000000e+00 2.421004173811525106e-04
5.971589088439941406e-01 2.807354903779923916e-04 -8.021229505538940430e-01 -1.676436950219795108e-04 1.000000000000000000e+00 2.251843689009547234e-04
5.971588492393493652e-01 3.109666577074676752e-04 -8.021228909492492676e-01 -1.856965100159868598e-04 9.999999403953552246e-01 2.494335058145225048e-04
6.862416267395019531e-01 3.138603060506284237e-04 -7.273735404014587402e-01 -2.153840323444455862e-04 9.999999403953552246e-01 2.282937057316303253e-04
6.862416267395019531e-01 3.244971740059554577e-04 -7.273735404014587402e-01 -2.226834913017228246e-04 9.999999403953552246e-01 2.360306825721636415e-04
7.660441994667053223e-01 3.361142298672348261e-04 -6.427878141403198242e-01 -2.574783866293728352e-04 9.999999403953552246e-01 2.160501462640240788e-04
7.660441994667053223e-01 3.495408745948225260e-04 -6.427878141403198242e-01 -2.677637676242738962e-04 9.999999403953552246e-01 2.246806398034095764e-04
8.354877829551696777e-01 3.842413134407252073e-04 -5.495089888572692871e-01 -3.210288996342569590e-04 9.999999403953552246e-01 2.111440408043563366e-04
8.354877829551696777e-01 3.960982721764594316e-04 -5.495089888572692871e-01 -3.309352323412895203e-04 9.999999403953552246e-01 2.176595444325357676e-04
8.936325907707214355e-01 4.036381142213940620e-04 -4.487991333007812500e-01 -3.607042017392814159e-04 9.999999403953552246e-01 1.811524416552856565e-04
8.936325907707214355e-01 4.164181882515549660e-04 -4.487991333007812500e-01 -3.721248940564692020e-04 9.999999403953552246e-01 1.868881372502073646e-04
9.396925568580627441e-01 4.401086771395057440e-04 -3.420200347900390625e-01 -4.135669441893696785e-04 9.999999403953552246e-01 1.505260152043774724e-04
9.396925568580627441e-01 4.500418726820498705e-04 -3.420200347900390625e-01 -4.229010664857923985e-04 9.999999403953552246e-01 1.539233635412529111e-04
9.730447530746459961e-01 4.571223980747163296e-04 -2.306159883737564087e-01 -4.448005929589271545e-04 9.999998807907104492e-01 1.054197491612285376e-04
9.730447530746459961e-01 4.654302902054041624e-04 -2.306159883737564087e-01 -4.528845602180808783e-04 9.999998807907104492e-01 1.073356834240257740e-04
9.932382702827453613e-01 4.725605540443211794e-04 -1.160926520824432373e-01 -4.693652736023068428e-04 9.999998807907104492e-01 5.486081499839201570e-05
9.932382702827453613e-01 4.910840652883052826e-04 -1.160926520824432373e-01 -4.877635510638356209e-04 9.999998807907104492e-01 5.701126065105199814e-05
-4.912873846478760242e-04 9.999998807907104492e-01 -0.000000000000000000e+00 -9.999998807907104492e-01 -4.912873846478760242e-04 0.000000000000000000e+00
-4.957010387443006039e-04 9.999998807907104492e-01 -0.000000000000000000e+00 -9.999998807907104492e-01 -4.957010387443006039e-04 0.000000000000000000e+00
9.932383298873901367e-01 4.324035253375768661e-04 1.160926595330238342e-01 -4.294797836337238550e-04 9.999999403953552246e-01 -5.019887976231984794e-05
9.932383298873901367e-01 4.326536727603524923e-04 1.160926595330238342e-01 -4.297282430343329906e-04 9.999999403953552246e-01 -5.022791810915805399e-05
9.730447530746459961e-01 4.264435556251555681e-04 2.306159883737564087e-01 -4.149487358517944813e-04 9.999999403953552246e-01 -9.834472439251840115e-05
9.730448126792907715e-01 4.214345244690775871e-04 2.306160032749176025e-01 -4.100747173652052879e-04 9.999999403953552246e-01 -9.718954970594495535e-05
9.396926164627075195e-01 4.068185226060450077e-04 3.420200347900390625e-01 -3.822843718808144331e-04 9.999999403953552246e-01 -1.391401019645854831e-04
9.396926164627075195e-01 4.086968838237226009e-04 3.420200347900390625e-01 -3.840494609903544188e-04 9.999999403953552246e-01 -1.397825399180874228e-04
8.936325907707214355e-01 3.778249374590814114e-04 4.487991333007812500e-01 -3.376367094460874796e-04 9.999999403953552246e-01 -1.695675164228305221e-04
8.936325907707214355e-01 3.771388146560639143e-04 4.487991333007812500e-01 -3.370235499460250139e-04 9.999999403953552246e-01 -1.692595833446830511e-04
8.354877829551696777e-01 3.467072383500635624e-04 5.495089888572692871e-01 -2.896696387324482203e-04 9.999999403953552246e-01 -1.905187236843630672e-04
8.354877829551696777e-01 3.453891549725085497e-04 5.495089888572692871e-01 -2.885684079956263304e-04 9.999999403953552246e-01 -1.897944312077015638e-04
7.660441994667053223e-01 3.201640211045742035e-04 6.427878141403198242e-01 -2.452598128002136946e-04 9.999999403953552246e-01 -2.057975507341325283e-04
7.660441994667053223e-01 3.242279926780611277e-04 6.427878141403198242e-01 -2.483729913365095854e-04 9.999999403953552246e-01 -2.084098232444375753e-04
6.862416267395019531e-01 2.998938143718987703e-04 7.273735404014587402e-01 -2.057996316580101848e-04 9.999999403953552246e-01 -2.181348390877246857e-04
6.862416267395019531e-01 3.028006467502564192e-04 7.273735404014587402e-01 -2.077944227494299412e-04 9.999999403953552246e-01 -2.202492032665759325e-04
5.971589088439941406e-01 2.708446991164237261e-04 8.021229505538940430e-01 -1.617373200133442879e-04 1.000000000000000000e+00 -2.172507374780252576e-04
5.971589088439941406e-01 2.718731120694428682e-04 8.021229505538940430e-01 -1.623514544917270541e-04 1.000000000000000000e+00 -2.180756564484909177e-04
4.999997615814208984e-01 2.480158582329750061e-04 8.660255670547485352e-01 -1.240078709088265896e-04 1.000000000000000000e+00 -2.147880586562678218e-04
4.999997615814208984e-01 2.438713709125295281e-04 8.660255670547485352e-01 -1.219356272486038506e-04 1.000000000000000000e+00 -2.111988433171063662e-04
3.960800170898437500e-01 2.198473375756293535e-04 9.182160496711730957e-01 -8.707714005140587687e-05 1.000000000000000000e+00 -2.018673549173399806e-04
3.960800170898437500e-01 2.190339582739397883e-04 9.182160496711730957e-01 -8.675497520016506314e-05 1.000000000000000000e+00 -2.011204924201592803e-04
2.868028879165649414e-01 2.044793800450861454e-04 9.579896330833435059e-01 -5.864527702215127647e-05 1.000000000000000000e+00 -1.958891225513070822e-04
2.868028879165649414e-01 2.068507747026160359e-04 9.579896330833435059e-01 -5.932540079811587930e-05 1.000000000000000000e+00 -1.981608947971835732e-04
1.736483126878738403e-01 2.011058968491852283e-04 9.848077297210693359e-01 -3.492170071694999933e-05 1.000000000000000000e+00 -1.980506349354982376e-04
1.736483126878738403e-01 1.956097112270072103e-04 9.848077297210693359e-01 -3.396729516680352390e-05 1.000000000000000000e+00 -1.926379627548158169e-04
5.814468115568161011e-02 1.873486035037785769e-04 9.983081817626953125e-01 -1.089332454284885898e-05 1.000000000000000000e+00 -1.870316482381895185e-04
5.814468115568161011e-02 1.818319433368742466e-04 9.983081817626953125e-01 -1.057256031344877556e-05 1.000000000000000000e+00 -1.815243158489465714e-04
-5.814468115568161011e-02 1.951620506588369608e-04 9.983081817626953125e-01 1.134763533627847210e-05 1.000000000000000000e+00 -1.948318677023053169e-04
-5.814468115568161011e-02 1.791606628103181720e-04 9.983081817626953125e-01 1.041723953676410019e-05 1.000000000000000000e+00 -1.788575609680265188e-04
-1.736483126878738403e-01 1.794312993297353387e-04 9.848077297210693359e-01 3.115794243058189750e-05 1.000000000000000000e+00 -1.767053327057510614e-04
-1.736483126878738403e-01 1.724444009596481919e-04 9.848077297210693359e-01 2.994468013639561832e-05 1.000000000000000000e+00 -1.698245760053396225e-04
-2.868028879165649414e-01 1.799520978238433599e-04 9.579896330833435059e-01 5.161078297533094883e-05 1.000000000000000000e+00 -1.723922468954697251e-04
-2.868028879165649414e-01 1.701724831946194172e-04 9.579896330833435059e-01 4.880595952272415161e-05 1.000000000000000000e+00 -1.630234764888882637e-04
-3.960800170898437500e-01 1.717743871267884970e-04 9.182160496711730957e-01 6.803640280850231647e-05 1.000000000000000000e+00 -1.577259972691535950e-04
-3.960800170898437500e-01 1.644671137910336256e-04 9.182160496711730957e-01 6.514213600894436240e-05 1.000000000000000000e+00 -1.510163419879972935e-04
-4.999997615814208984e-01 1.570735184941440821e-04 8.660255670547485352e-01 7.853672286728397012e-05 1.000000000000000000e+00 -1.360296882921829820e-04
-4.999997615814208984e-01 1.446577371098101139e-04 8.660255670547485352e-01 7.232883217511698604e-05 1.000000000000000000e+00 -1.252772926818579435e-04
-5.971589088439941406e-01 1.430894772056490183e-04 8.021229505538940430e-01 8.544715819880366325e-05 1.000000000000000000e+00 -1.147753500845283270e-04
-5.971589088439941406e-01 1.305288751609623432e-04 8.021229505538940430e-01 7.794648263370618224e-05 1.000000000000000000e+00 -1.047002078848890960e-04
-6.862416863441467285e-01 1.335176057182252407e-04 7.273736000061035156e-01 9.162534843198955059e-05 1.000000000000000000e+00 -9.711718303151428699e-05
-6.862416863441467285e-01 1.270207867491990328e-04 7.273736000061035156e-01 8.716696174815297127e-05 1.000000000000000000e+00 -9.239156497642397881e-05
-7.660442590713500977e-01 1.253325899597257376e-04 6.427878737449645996e-01 9.601031342754140496e-05 1.000000000000000000e+00 -8.056226943153887987e-05
-7.660442590713500977e-01 1.159465027740225196e-04 6.427878737449645996e-01 8.882015390554443002e-05 1.000000000000000000e+00 -7.452900899806991220e-05
-8.354877829551696777e-01 1.104664115700870752e-04 5.495089888572692871e-01 9.229333954863250256e-05 1.000000000000000000e+00 -6.070228482712991536e-05
-8.354877829551696777e-01 9.906003833748400211e-05 5.495089888572692871e-01 8.276345033664256334e-05 1.000000000000000000e+00 -5.443438203656114638e-05
-8.936326503753662109e-01 8.855189662426710129e-05 4.487991631031036377e-01 7.913286390248686075e-05 1.000000000000000000e+00 -3.974201536038890481e-05
-8.936326503753662109e-01 7.535052282037213445e-05 4.487991631031036377e-01 6.733568443451076746e-05 1.000000000000000000e+00 -3.381725036888383329e-05
-9.396926760673522949e-01 5.619507282972335815e-05 3.420200645923614502e-01 5.280609912006184459e-05 1.000000000000000000e+00 -1.921984221553429961e-05
-9.396926760673522949e-01 4.690408241003751755e-05 3.420200645923614502e-01 4.407542292028665543e-05 1.000000000000000000e+00 -1.604213684913702309e-05
-9.730448722839355469e-01 3.944319905713200569e-05 2.306160181760787964e-01 3.838000338873825967e-05 1.000000000000000000e+00 -9.096233952732291073e-06
-9.730448722839355469e-01 2.686502921278588474e-05 2.306160181760787964e-01 2.614087861729785800e-05 1.000000000000000000e+00 -6.195506102812942117e-06
-9.932383894920349121e-01 2.460189352859742939e-05 1.160926669836044312e-01 2.443554512865375727e-05 1.000000000000000000e+00 -2.856099399650702253e-06
-9.932383894920349121e-01 9.952232176146935672e-06 1.160926669836044312e-01 9.884938663162756711e-06 1.000000000000000000e+00 -1.155381141870748252e-06
-2.085901796817779541e-04 -1.000000000000000000e+00 0.000000000000000000e+00 -1.000000000000000000e+00 2.085901796817779541e-04 0.000000000000000000e+00
-2.003729750867933035e-04 -1.000000000000000000e+00 0.000000000000000000e+00 -1.000000000000000000e+00 2.003729750867933035e-04 0.000000000000000000e+00
-9.932383894920349121e-01 5.902289558434858918e-05 -1.160926669836044312e-01 5.862380567123182118e-05 1.000000000000000000e+00 6.852125352452276275e-06
-9.932383894920349121e-01 5.522954597836360335e-05 -1.160926669836044312e-01 5.485610381583683193e-05 1.000000000000000000e+00 6.411745289369719103e-06
-9.730448722839355469e-01 6.557822780450806022e-05 -2.306160181760787964e-01 6.381055573001503944e-05 1.000000000000000000e+00 1.512338985776295885e-05
-9.730448722839355469e-01 6.082813706598244607e-05 -2.306160181760787964e-01 5.918850729358382523e-05 1.000000000000000000e+00 1.402794259774964303e-05
-9.396926760673522949e-01 6.493600812973454595e-05 -3.420200645923614502e-01 6.101989129092544317e-05 1.000000000000000000e+00 2.220941860286984593e-05
-9.396926760673522949e-01 6.304299313342198730e-05 -3.420200645923614502e-01 5.924103970755822957e-05 1.000000000000000000e+00 2.156196933356113732e-05
-8.936326503753662109e-01 7.325855403905734420e-05 -4.487991631031036377e-01 6.546623626491054893e-05 1.000000000000000000e+00 3.287837898824363947e-05
-8.936326503753662109e-01 6.719036900904029608e-05 -4.487991631031036377e-01 6.004350871080532670e-05 1.000000000000000000e+00 3.015498077729716897e-05
-8.354877829551696777e-01 7.825002830941230059e-05 -5.495089888572692871e-01 6.537694571306928992e-05 1.000000000000000000e+00 4.299909414839930832e-05
-8.354877829551696777e-01 7.468928379239514470e-05 -5.495089888572692871e-01 6.240198126761242747e-05 1.000000000000000000e+00 4.104243271285668015e-05
-7.660442590713500977e-01 8.630924276076257229e-05 -6.427878737449645996e-01 6.611669959966093302e-05 1.000000000000000000e+00 5.547853288589976728e-05
-7.660442590713500977e-01 8.526033343514427543e-05 -6.427878737449645996e-01 6.531318649649620056e-05 1.000000000000000000e+00 5.480430991156026721e-05
-6.862416863441467285e-01 8.918241655919700861e-05 -7.273736000061035156e-01 6.120069156168028712e-05 1.000000000000000000e+00 6.486893835244700313e-05
-6.862416863441467285e-01 9.576115553500130773e-05 -7.273736000061035156e-01 6.571529957000166178e-05 1.000000000000000000e+00 6.965413922443985939e-05
-5.971589088439941406e-01 9.171618876280263066e-05 -8.021229505538940430e-01 5.476913793245330453e-05 1.000000000000000000e+00 7.356765854638069868e-05
-5.971589088439941406e-01 9.789555770112201571e-05 -8.021229505538940430e-01 5.845920532010495663e-05 1.000000000000000000e+00 7.852427370380610228e-05
-4.999997615814208984e-01 9.952231630450114608e-05 -8.660255670547485352e-01 4.976113268639892340e-05 1.000000000000000000e+00 8.618886931799352169e-05
-4.999997615814208984e-01 1.100567897083237767e-04 -8.660255670547485352e-01 5.502836938831023872e-05 1.000000000000000000e+00 9.531199611956253648e-05
-3.960800170898437500e-01 1.034224624163471162e-04 -9.182160496711730957e-01 4.096357224625535309e-05 1.000000000000000000e+00 9.496416168985888362e-05
-3.960800170898437500e-01 1.158002123702317476e-04 -9.182160496711730957e-01 4.586614886648021638e-05 1.000000000000000000e+00 1.063296149368397892e-04
-2.868028879165649414e-01 1.004571240628138185e-04 -9.579896330833435059e-01 2.881139334931503981e-05 1.000000000000000000e+00 9.623688674764707685e-05
-2.868028879165649414e-01 1.113309917855076492e-04 -9.579896330833435059e-01 3.193004886270500720e-05 1.000000000000000000e+00 1.066539334715344012e-04
-1.736483126878738403e-01 1.043455631588585675e-04 -9.848077297210693359e-01 1.811943184293340892e-05 1.000000000000000000e+00 1.027603138936683536e-04
-1.736483126878738403e-01 1.200397455249913037e-04 -9.848077297210693359e-01 2.084469997498672456e-05 1.000000000000000000e+00 1.182160704047419131e-04
-9.867512853816151619e-04 0.000000000000000000e+00 9.999995231628417969e-01 -9.999995231628417969e-01 0.000000000000000000e+00 -9.867512853816151619e-04
-9.880884317681193352e-04 0.000000000000000000e+00 9.999995231628417969e-01 -9.999995231628417969e-01 0.000000000000000000e+00 -9.880884317681193352e-04
-9.881908772513270378e-04 0.000000000000000000e+00 9.999995231628417969e-01 -9.999995231628417969e-01 0.000000000000000000e+00 -9.881908772513270378e-04
-9.847031906247138977e-04 0.000000000000000000e+00 9.999995231628417969e-01 -9.999995231628417969e-01 0.000000000000000000e+00 -9.847031906247138977e-04
-9.890992660075426102e-04 0.000000000000000000e+00 9.999995231628417969e-01 -9.999995231628417969e-01 0.000000000000000000e+00 -9.890992660075426102e-04
-9.905052138492465019e-04 0.000000000000000000e+00 9.999995231628417969e-01 -9.999995231628417969e-01 0.000000000000000000e+00 -9.905052138492465019e-04
-9.914648253470659256e-04 0.000000000000000000e+00 9.999995231628417969e-01 -9.999995231628417969e-01 0.000000000000000000e+00 -9.914648253470659256e-04
-9.908694773912429810e-04 0.000000000000000000e+00 9.999995231628417969e-01 -9.999995231628417969e-01 0.000000000000000000e+00 -9.908694773912429810e-04
-9.912892710417509079e-04 0.000000000000000000e+00 9.999995231628417969e-01 -9.999995231628417969e-01 0.000000000000000000e+00 -9.912892710417509079e-04
-9.862348670139908791e-04 0.000000000000000000e+00 9.999995231628417969e-01 -9.999995231628417969e-01 0.000000000000000000e+00 -9.862348670139908791e-04
-9.828526526689529419e-04 0.000000000000000000e+00 9.999995231628417969e-01 -9.999995231628417969e-01 0.000000000000000000e+00 -9.828526526689529419e-04
-9.820875711739063263e-04 0.000000000000000000e+00 9.999995231628417969e-01 -9.999995231628417969e-01 0.000000000000000000e+00 -9.820875711739063263e-04
-9.843872394412755966e-04 0.000000000000000000e+00 9.999995231628417969e-01 -9.999995231628417969e-01 0.000000000000000000e+00 -9.843872394412755966e-04
-9.824093431234359741e-04 0.000000000000000000e+00 9.999995231628417969e-01 -9.999995231628417969e-01 0.000000000000000000e+00 -9.824093431234359741e-04
-9.809040930122137070e-04 0.000000000000000000e+00 9.999995231628417969e-01 -9.999995231628417969e-01 0.000000000000000000e+00 -9.809040930122137070e-04
-9.794103680178523064e-04 0.000000000000000000e+00 9.999995231628417969e-01 -9.999995231628417969e-01 0.000000000000000000e+00 -9.794103680178523064e-04
-9.901087032631039619e-04 0.000000000000000000e+00 9.999995231628417969e-01 -9.999995231628417969e-01 0.000000000000000000e+00 -9.901087032631039619e-04
-9.917165152728557587e-04 0.000000000000000000e+00 9.999995231628417969e-01 -9.999995231628417969e-01 0.000000000000000000e+00 -9.917165152728557587e-04
-1.002609380520880222e-03 0.000000000000000000e+00 9.999995231628417969e-01 -9.999995231628417969e-01 0.000000000000000000e+00 -1.002609380520880222e-03
-1.001134747639298439e-03 0.000000000000000000e+00 9.999995231628417969e-01 -9.999995231628417969e-01 0.000000000000000000e+00 -1.001134747639298439e-03
-1.005704863928258419e-03 0.000000000000000000e+00 9.999995231628417969e-01 -9.999995231628417969e-01 0.000000000000000000e+00 -1.005704863928258419e-03
-1.009312574751675129e-03 -0.000000000000000000e+00 9.999995231628417969e-01 -9.999995231628417969e-01 0.000000000000000000e+00 -1.009312574751675129e-03
-1.003699260763823986e-03 0.000000000000000000e+00 9.999995231628417969e-01 -9.999995231628417969e-01 0.000000000000000000e+00 -1.003699260763823986e-03
-1.006357371807098389e-03 -0.000000000000000000e+00 9.999995231628417969e-01 -9.999995231628417969e-01 0.000000000000000000e+00 -1.006357371807098389e-03
-1.003485638648271561e-03 0.000000000000000000e+00 9.999995231628417969e-01 -9.999995231628417969e-01 0.000000000000000000e+00 -1.003485638648271561e-03
-1.006750972010195255e-03 -0.000000000000000000e+00 9.999995231628417969e-01 -9.999995231628417969e-01 0.000000000000000000e+00 -1.006750972010195255e-03
-9.976471774280071259e-04 0.000000000000000000e+00 9.999995231628417969e-01 -9.999995231628417969e-01 0.000000000000000000e+00 -9.976471774280071259e-04
-1.000221818685531616e-03 -0.000000000000000000e+00 9.999995231628417969e-01 -9.999995231628417969e-01 0.000000000000000000e+00 -1.000221818685531616e-03
-9.918569121509790421e-04 0.000000000000000000e+00 9.999995231628417969e-01 -9.999995231628417969e-01 0.000000000000000000e+00 -9.918569121509790421e-04
-9.928224608302116394e-04 -0.000000000000000000e+00 9.999995231628417969e-01 -9.999995231628417969e-01 0.000000000000000000e+00 -9.928224608302116394e-04
-9.853278752416372299e-04 0.000000000000000000e+00 9.999995231628417969e-01 -9.999995231628417969e-01 0.000000000000000000e+00 -9.853278752416372299e-04
-9.877358097583055496e-04 -0.000000000000000000e+00 9.999995231628417969e-01 -9.999995231628417969e-01 0.000000000000000000e+00 -9.877358097583055496e-04
-9.836704703047871590e-04 0.000000000000000000e+00 9.999995231628417969e-01 -9.999995231628417969e-01 0.000000000000000000e+00 -9.836704703047871590e-04
-9.859364945441484451e-04 -0.000000000000000000e+00 9.999995231628417969e-01 -9.999995231628417969e-01 0.000000000000000000e+00 -9.859364945441484451e-04
-9.754940983839333057e-04 0.000000000000000000e+00 9.999995231628417969e-01 -9.999995231628417969e-01 0.000000000000000000e+00 -9.754940983839333057e-04
-9.822426363825798035e-04 -0.000000000000000000e+00 9.999995231628417969e-01 -9.999995231628417969e-01 0.000000000000000000e+00 -9.822426363825798035e-04
-9.708098368719220161e-04 0.000000000000000000e+00 9.999995231628417969e-01 -9.999995231628417969e-01 0.000000000000000000e+00 -9.708098368719220161e-04
-9.745826828293502331e-04 -0.000000000000000000e+00 9.999995231628417969e-01 -9.999995231628417969e-01 0.000000000000000000e+00 -9.745826828293502331e-04
-9.637527400627732277e-04 0.000000000000000000e+00 9.999995231628417969e-01 -9.999995231628417969e-01 0.000000000000000000e+00 -9.637527400627732277e-04
-9.643320227041840553e-04 -0.000000000000000000e+00 9.999995231628417969e-01 -9.999995231628417969e-01 0.000000000000000000e+00 -9.643320227041840553e-04
-9.749528253450989723e-04 -0.000000000000000000e+00 9.999995231628417969e-01 -9.999995231628417969e-01 0.000000000000000000e+00 -9.749528253450989723e-04
-9.705011616460978985e-04 -0.000000000000000000e+00 9.999995231628417969e-01 -9.999995231628417969e-01 0.000000000000000000e+00 -9.705011616460978985e-04
-9.778728708624839783e-04 -0.000000000000000000e+00 9.999995231628417969e-01 -9.999995231628417969e-01 0.000000000000000000e+00 -9.778728708624839783e-04
-9.724292904138565063e-04 -0.000000000000000000e+00 9.999995231628417969e-01 -9.999995231628417969e-01 0.000000000000000000e+00 -9.724292904138565063e-04
-9.766820585355162621e-04 -0.000000000000000000e+00 9.999995231628417969e-01 -9.999995231628417969e-01 0.000000000000000000e+00 -9.766820585355162621e-04
-9.743764530867338181e-04 -0.000000000000000000e+00 9.999995231628417969e-01 -9.999995231628417969e-01 0.000000000000000000e+00 -9.743764530867338181e-04
-9.778597159311175346e-04 -0.000000000000000000e+00 9.999995231628417969e-01 -9.999995231628417969e-01 0.000000000000000000e+00 -9.778597159311175346e-04
-9.721118258312344551e-04 -0.000000000000000000e+00 9.999995231628417969e-01 -9.999995231628417969e-01 0.000000000000000000e+00 -9.721118258312344551e-04
-9.735835483297705650e-04 -0.000000000000000000e+00 9.999995231628417969e-01 -9.999995231628417969e-01 0.000000000000000000e+00 -9.735835483297705650e-04
-9.699130896478891373e-04 -0.000000000000000000e+00 9.999995231628417969e-01 -9.999995231628417969e-01 0.000000000000000000e+00 -9.699130896478891373e-04
-9.741204557940363884e-04 -0.000000000000000000e+00 9.999995231628417969e-01 -9.999995231628417969e-01 0.000000000000000000e+00 -9.741204557940363884e-04
-9.698530775494873524e-04 -0.000000000000000000e+00 9.999995231628417969e-01 -9.999995231628417969e-01 0.000000000000000000e+00 -9.698530775494873524e-04
-9.611925925128161907e-04 -0.000000000000000000e+00 9.999995231628417969e-01 -9.999995231628417969e-01 0.000000000000000000e+00 -9.611925925128161907e-04
-9.412443032488226891e-04 -0.000000000000000000e+00 9.999995827674865723e-01 -9.999995827674865723e-01 0.000000000000000000e+00 -9.412443032488226891e-04
-9.346948354505002499e-04 -0.000000000000000000e+00 9.999995827674865723e-01 -9.999995827674865723e-01 0.000000000000000000e+00 -9.346948354505002499e-04
-9.278147481381893158e-04 -0.000000000000000000e+00 9.999995827674865723e-01 -9.999995827674865723e-01 0.000000000000000000e+00 -9.278147481381893158e-04
-9.300515521317720413e-04 -0.000000000000000000e+00 9.999995827674865723e-01 -9.999995827674865723e-01 0.000000000000000000e+00 -9.300515521317720413e-04
-9.310317109338939190e-04 -0.000000000000000000e+00 9.999995827674865723e-01 -9.999995827674865723e-01 0.000000000000000000e+00 -9.310317109338939190e-04
-9.297531214542686939e-04 0.000000000000000000e+00 9.999995827674865723e-01 -9.999995827674865723e-01 0.000000000000000000e+00 -9.297531214542686939e-04
-9.287217399105429649e-04 0.000000000000000000e+00 9.999995827674865723e-01 -9.999995827674865723e-01 0.000000000000000000e+00 -9.287217399105429649e-04
-9.259977960027754307e-04 0.000000000000000000e+00 9.999995827674865723e-01 -9.999995827674865723e-01 0.000000000000000000e+00 -9.259977960027754307e-04
-9.256979101337492466e-04 0.000000000000000000e+00 9.999995827674865723e-01 -9.999995827674865723e-01 0.000000000000000000e+00 -9.256979101337492466e-04
-9.219148196280002594e-04 0.000000000000000000e+00 9.999995827674865723e-01 -9.999995827674865723e-01 0.000000000000000000e+00 -9.219148196280002594e-04
-9.170534904114902020e-04 0.000000000000000000e+00 9.999995827674865723e-01 -9.999995827674865723e-01 0.000000000000000000e+00 -9.170534904114902020e-04
-9.167974931187927723e-04 0.000000000000000000e+00 9.999995827674865723e-01 -9.999995827674865723e-01 0.000000000000000000e+00 -9.167974931187927723e-04
-9.119084570556879044e-04 0.000000000000000000e+00 9.999995827674865723e-01 -9.999995827674865723e-01 0.000000000000000000e+00 -9.119084570556879044e-04
-9.131358237937092781e-04 0.000000000000000000e+00 9.999995827674865723e-01 -9.999995827674865723e-01 0.000000000000000000e+00 -9.131358237937092781e-04
-9.108682861551642418e-04 0.000000000000000000e+00 9.999995827674865723e-01 -9.999995827674865723e-01 0.000000000000000000e+00 -9.108682861551642418e-04
-9.109984966926276684e-04 0.000000000000000000e+00 9.999995827674865723e-01 -9.999995827674865723e-01 0.000000000000000000e+00 -9.109984966926276684e-04
-9.142008493654429913e-04 0.000000000000000000e+00 9.999995827674865723e-01 -9.999995827674865723e-01 0.000000000000000000e+00 -9.142008493654429913e-04
-9.159534238278865814e-04 0.000000000000000000e+00 9.999995827674865723e-01 -9.999995827674865723e-01 0.000000000000000000e+00 -9.159534238278865814e-04
-9.205733076669275761e-04 0.000000000000000000e+00 9.999995827674865723e-01 -9.999995827674865723e-01 0.000000000000000000e+00 -9.205733076669275761e-04
-9.190445416606962681e-04 0.000000000000000000e+00 9.999995827674865723e-01 -9.999995827674865723e-01 0.000000000000000000e+00 -9.190445416606962681e-04
-9.205864625982940197e-04 0.000000000000000000e+00 9.999995827674865723e-01 -9.999995827674865723e-01 0.000000000000000000e+00 -9.205864625982940197e-04
-9.145431686192750931e-04 0.000000000000000000e+00 9.999995827674865723e-01 -9.999995827674865723e-01 0.000000000000000000e+00 -9.145431686192750931e-04
-9.124979842454195023e-04 0.000000000000000000e+00 9.999995827674865723e-01 -9.999995827674865723e-01 0.000000000000000000e+00 -9.124979842454195023e-04
-9.063083562068641186e-04 0.000000000000000000e+00 9.999995827674865723e-01 -9.999995827674865723e-01 0.000000000000000000e+00 -9.063083562068641186e-04
-9.146002121269702911e-04 0.000000000000000000e+00 9.999995827674865723e-01 -9.999995827674865723e-01 0.000000000000000000e+00 -9.146002121269702911e-04
-9.200349450111389160e-04 0.000000000000000000e+00 9.999995827674865723e-01 -9.999995827674865723e-01 0.000000000000000000e+00 -9.200349450111389160e-04
-9.149922407232224941e-04 0.000000000000000000e+00 9.999995827674865723e-01 -9.999995827674865723e-01 0.000000000000000000e+00 -9.149922407232224941e-04
-9.274446056224405766e-04 0.000000000000000000e+00 9.999995827674865723e-01 -9.999995827674865723e-01 0.000000000000000000e+00 -9.274446056224405766e-04
-9.112150291912257671e-04 0.000000000000000000e+00 9.999995827674865723e-01 -9.999995827674865723e-01 0.000000000000000000e+00 -9.112150291912257671e-04
-9.245363180525600910e-04 0.000000000000000000e+00 9.999995827674865723e-01 -9.999995827674865723e-01 0.000000000000000000e+00 -9.245363180525600910e-04
-9.199120686389505863e-04 0.000000000000000000e+00 9.999995827674865723e-01 -9.999995827674865723e-01 0.000000000000000000e+00 -9.199120686389505863e-04
-9.306527790613472462e-04 0.000000000000000000e+00 9.999995827674865723e-01 -9.999995827674865723e-01 0.000000000000000000e+00 -9.306527790613472462e-04
-9.273861069232225418e-04 0.000000000000000000e+00 9.999995827674865723e-01 -9.999995827674865723e-01 0.000000000000000000e+00 -9.273861069232225418e-04
-9.320894023403525352e-04 0.000000000000000000e+00 9.999995827674865723e-01 -9.999995827674865723e-01 0.000000000000000000e+00 -9.320894023403525352e-04
-9.326614090241491795e-04 0.000000000000000000e+00 9.999995827674865723e-01 -9.999995827674865723e-01 0.000000000000000000e+00 -9.326614090241491795e-04
-9.422742296010255814e-04 0.000000000000000000e+00 9.999995827674865723e-01 -9.999995827674865723e-01 0.000000000000000000e+00 -9.422742296010255814e-04
-9.406108874827623367e-04 0.000000000000000000e+00 9.999995827674865723e-01 -9.999995827674865723e-01 0.000000000000000000e+00 -9.406108874827623367e-04
-9.543257765471935272e-04 0.000000000000000000e+00 9.999995827674865723e-01 -9.999995827674865723e-01 0.000000000000000000e+00 -9.543257765471935272e-04
-9.548100060783326626e-04 0.000000000000000000e+00 9.999995827674865723e-01 -9.999995827674865723e-01 0.000000000000000000e+00 -9.548100060783326626e-04
-9.696087799966335297e-04 0.000000000000000000e+00 9.999995231628417969e-01 -9.999995231628417969e-01 0.000000000000000000e+00 -9.696087799966335297e-04
-9.628940024413168430e-04 0.000000000000000000e+00 9.999995231628417969e-01 -9.999995231628417969e-01 0.000000000000000000e+00 -9.628940024413168430e-04
-9.798624087125062943e-04 0.000000000000000000e+00 9.999995231628417969e-01 -9.999995231628417969e-01 0.000000000000000000e+00 -9.798624087125062943e-04
-9.785955771803855896e-04 0.000000000000000000e+00 9.999995231628417969e-01 -9.999995231628417969e-01 0.000000000000000000e+00 -9.785955771803855896e-04
-9.809157345443964005e-04 0.000000000000000000e+00 9.999995231628417969e-01 -9.999995231628417969e-01 0.000000000000000000e+00 -9.809157345443964005e-04
-9.852211223915219307e-04 0.000000000000000000e+00 9.999995231628417969e-01 -9.999995231628417969e-01 0.000000000000000000e+00 -9.852211223915219307e-04
-9.889720240607857704e-04 0.000000000000000000e+00 9.999995231628417969e-01 -9.999995231628417969e-01 0.000000000000000000e+00 -9.889720240607857704e-04
-9.913375834003090858e-04 0.000000000000000000e+00 9.999995231628417969e-01 -9.999995231628417969e-01 0.000000000000000000e+00 -9.913375834003090858e-04
-9.958301670849323273e-04 0.000000000000000000e+00 9.999995231628417969e-01 -9.999995231628417969e-01 0.000000000000000000e+00 -9.958301670849323273e-04
-9.987502126023173332e-04 0.000000000000000000e+00 9.999995231628417969e-01 -9.999995231628417969e-01 0.000000000000000000e+00 -9.987502126023173332e-04
-1.009473460726439953e-03 0.000000000000000000e+00 9.999995231628417969e-01 -9.999995231628417969e-01 0.000000000000000000e+00 -1.009473460726439953e-03
-1.020022435113787651e-03 0.000000000000000000e+00 9.999995231628417969e-01 -9.999995231628417969e-01 0.000000000000000000e+00 -1.020022435113787651e-03
-1.014707842841744423e-03 0.000000000000000000e+00 9.999995231628417969e-01 -9.999995231628417969e-01 0.000000000000000000e+00 -1.014707842841744423e-03
-1.015731715597212315e-03 0.000000000000000000e+00 9.999995231628417969e-01 -9.999995231628417969e-01 0.000000000000000000e+00 -1.015731715597212315e-03
-1.015269546769559383e-03 0.000000000000000000e+00 9.999995231628417969e-01 -9.999995231628417969e-01 0.000000000000000000e+00 -1.015269546769559383e-03
-1.009119441732764244e-03 0.000000000000000000e+00 9.999995231628417969e-01 -9.999995231628417969e-01 0.000000000000000000e+00 -1.009119441732764244e-03
-1.003662706352770329e-03 0.000000000000000000e+00 9.999995231628417969e-01 -9.999995231628417969e-01 0.000000000000000000e+00 -1.003662706352770329e-03
-1.002006581984460354e-03 0.000000000000000000e+00 9.999995231628417969e-01 -9.999995231628417969e-01 0.000000000000000000e+00 -1.002006581984460354e-03
-1.001019147224724293e-03 0.000000000000000000e+00 9.999995231628417969e-01 -9.999995231628417969e-01 0.000000000000000000e+00 -1.001019147224724293e-03
-1.000479329377412796e-03 0.000000000000000000e+00 9.999995231628417969e-01 -9.999995231628417969e-01 0.000000000000000000e+00 -1.000479329377412796e-03
-9.964782511815428734e-04 0.000000000000000000e+00 9.999995231628417969e-01 -9.999995231628417969e-01 0.000000000000000000e+00 -9.964782511815428734e-04
-9.945165365934371948e-04 0.000000000000000000e+00 9.999995231628417969e-01 -9.999995231628417969e-01 0.000000000000000000e+00 -9.945165365934371948e-04
