v -0.35352575 0.269126125 -0.24274925
v -0.3461725 0.257499 -0.235240375
v -0.329507 0.247729765625 -0.22371575
v -0.33001575 0.272480625 -0.2371715
v -0.350187625 0.242579625 -0.235707125
v -0.316491 0.237969625 -0.212074
v -0.341109375 0.231434375 -0.2249935
v -0.316126375 0.262289 -0.2265885
v -0.306247625 0.251339875 -0.21625075
v -0.3281805 0.22508075 -0.214060875
v -0.336700125 0.230083125 -0.237084375
v -0.326929375 0.220334375 -0.22646725
v -0.037832075 0.258932125 -0.232296
v -0.121338 0.182150875 -0.1901685
v -0.3441345 0.279925 -0.244944125
v -0.151033875 0.1587405 -0.192296375
v -0.172873125 0.1356305 -0.19580575
v -0.0552836875 0.256982625 -0.2329525
v -0.0905247875 0.2407635 -0.225096
v -0.288059625 0.207702875 -0.20506775
v -0.300185125 0.209881125 -0.197650625
v -0.312229125 0.212879125 -0.212225125
v -0.29424475 0.210343875 -0.221779
v -0.0967359375 0.205901375 -0.197009625
v -0.29910575 0.216467125 -0.238748625
v -0.197512390625 0.281884828125 -0.2899090625
v -0.142891125 0.167384625 -0.192358
v -0.090213 0.2526835 -0.237145625
v -0.342471 0.230113 -0.232578875
v -0.139785625 0.190676546875 -0.205664125
v -0.30343375 0.226201625 -0.250729125
v -0.35098375 0.24007075 -0.2393975
v -0.3517905 0.243772 -0.243602375
v -0.16101975 0.161184125 -0.200492875
v -0.1794514375 0.15376415625 -0.211441125
v -0.167179875 0.14845625 -0.197977
v -0.190499875 0.119042125 -0.203147375
v -0.03642075 0.26888225 -0.24368825
v -0.260751 0.209666 -0.264742125
v -0.276775 0.223061125 -0.2616125
v -0.293180375 0.236725625 -0.263209875
v -0.0742782 0.255953375 -0.236124625
v -0.13178725 0.175465375 -0.191133
v -0.3097475 0.249985375 -0.265818375
v -0.326297875 0.26298775 -0.268308
v -0.251083 0.22940484375 -0.272464921875
v -0.266957265625 0.241544046875 -0.271670265625
v -0.249531625 0.19436775 -0.271094125
v -0.3393185 0.275447875 -0.269971375
v -0.299715421875 0.266950109375 -0.27512140625
v -0.283163390625 0.25430559375 -0.273184875
v -0.257277 0.172946375 -0.27131375
v -0.1032058625 0.235131 -0.224113375
v -0.236290390625 0.216616046875 -0.275944625
v -0.225568453125 0.237645421875 -0.2804329375
v -0.316332578125 0.279505484375 -0.276253828125
v -0.24032309375 0.249709484375 -0.27926
v -0.099289875 0.2208265 -0.209774875
v -0.231770421875 0.18241309375 -0.2785538125
v -0.256349546875 0.261141140625 -0.279367046875
v -0.3330015 0.29166575 -0.27588425
v -0.272751125 0.2731915 -0.280501046875
v -0.211669953125 0.225738828125 -0.281526125
v -0.22813140625 0.27048409375 -0.28511
v -0.306081375 0.297719421875 -0.28178784375
v -0.289416296875 0.285450671875 -0.28161965625
v -0.264465 0.152163 -0.2718315
v -0.2218644375 0.20409259375 -0.27992709375
v -0.2415176875 0.16090896875 -0.27720053125
v -0.245145859375 0.280908234375 -0.2850220625
v -0.262088953125 0.292828515625 -0.28551965625
v -0.212981953125 0.258700171875 -0.285318171875
v -0.3360365 0.32180325 -0.277437625
v -0.326208875 0.308800375 -0.279512375
v -0.2787698125 0.305073015625 -0.28576975
v -0.25027625 0.140005625 -0.275732375
v -0.199518421875 0.246612484375 -0.284366125
v -0.328138875 0.34025025 -0.278223375
v -0.2952718125 0.317219453125 -0.284929265625
v -0.21508375 0.293865625 -0.289339484375
v -0.23372578125 0.301171421875 -0.28850765625
v -0.3117559375 0.328987625 -0.2824028125
v -0.1837955625 0.265026921875 -0.2881855
v -0.250951203125 0.313359890625 -0.28814809375
v -0.315743375 0.36006475 -0.2783795
v -0.29977009375 0.34882246875 -0.28275265625
v -0.26738625 0.325387765625 -0.287352953125
v -0.161371375 0.280624875 -0.2929335
v -0.236167 0.111535375 -0.268968
v -0.20886890625 0.194343390625 -0.2750401875
v -0.150309375 0.2942225 -0.29553225
v -0.283561703125 0.33719890625 -0.285723109375
v -0.235314125 0.12858175 -0.274166
v -0.19941384375 0.216124234375 -0.275448578125
v -0.2175194375 0.172791421875 -0.27457503125
v -0.301298 0.37539725 -0.27769975
v -0.225727734375 0.15165728125 -0.273625125
v -0.18752809375 0.236919828125 -0.276828640625
v -0.23735725 0.333838296875 -0.28744153125
v -0.179339328125 0.30022803125 -0.2910995625
v -0.219740203125 0.323394015625 -0.288407296875
v -0.199296078125 0.313829171875 -0.2893103125
v -0.2857975 0.371266625 -0.2804365
v -0.229032625 0.107055 -0.251515375
v -0.2235665625 0.127202515625 -0.25447625
v -0.25361753125 0.3447520625 -0.286147421875
v -0.208914625 0.168056890625 -0.258517078125
v -0.216634625 0.14756175 -0.256686265625
v -0.17837334375 0.22927796875 -0.26354053125
v -0.159581875 0.311500125 -0.28765975
v -0.122973625 0.196210625 -0.200461125
v -0.269657671875 0.356029875 -0.284122828125
v -0.190822109375 0.209569015625 -0.261736640625
v -0.2005516875 0.188751921875 -0.26012696875
v -0.1621291875 0.245287078125 -0.265164390625
v -0.2707335 0.38455025 -0.27657875
v -0.219436875 0.104643875 -0.232398875
v -0.171799625 0.253803734375 -0.2793565625
v -0.11055365 0.201358375 -0.1988115
v -0.181911625 0.326705875 -0.2842225
v -0.214196875 0.124506359375 -0.23581540625
v -0.2077559375 0.1441531875 -0.238842359375
v -0.1818896875 0.20334846875 -0.24690346875
v -0.15085225 0.26984125 -0.2847065
v -0.20042340625 0.1637675 -0.2416229375
v -0.142963484375 0.256643625 -0.265542984375
v -0.15278003125 0.2363180625 -0.25008103125
v -0.12826525 0.27455725 -0.282687625
v -0.19810425 0.33908425 -0.282519375
v -0.22135325 0.350064765625 -0.2825794375
v -0.23843015625 0.361504765625 -0.28133165625
v -0.2557785 0.396129875 -0.269994125
v -0.25466778125 0.372991765625 -0.279302953125
v -0.191858453125 0.183600015625 -0.244202828125
v -0.16922259375 0.221629234375 -0.249305625
v -0.133833765625 0.24570640625 -0.24840290625
v -0.203044015625 0.121751421875 -0.2187243125
v -0.17225165625 0.19627465625 -0.23270259375
v -0.143771109375 0.2252383125 -0.23471871875
v -0.121254367188 0.263467921875 -0.26291434375
v -0.1053454125 0.276813375 -0.27616375
v -0.207944625 0.10250825 -0.2148955
v -0.190701296875 0.15884134375 -0.226026625
v -0.162079734375 0.18841196875 -0.218840390625
v -0.17203134375 0.17114796875 -0.215413140625
v -0.18241653125 0.1775698125 -0.229346984375
v -0.15970284375 0.212842109375 -0.235008078125
v -0.1172999375 0.217594390625 -0.214639421875
v -0.19167625 0.3497085 -0.27468175
v -0.205946375 0.362876875 -0.27375275
v -0.239522375 0.387648875 -0.271099125
v -0.222992 0.37553725 -0.272817875
v -0.19732484375 0.1404890625 -0.222433734375
v -0.13449190625 0.2125085625 -0.21893378125
v -0.125537317187 0.232418984375 -0.231511328125
v -0.14965565625 0.20276525 -0.220387875
v -0.095769075 0.269587 -0.2597565
v -0.184349625 0.13414825 -0.204963125
v -0.113449892187 0.25096815625 -0.244539109375
v -0.075325525 0.269532125 -0.252658125
v -0.152044359375 0.17909146875 -0.205522921875
v -0.19602725 0.103458 -0.201497
v -0.0541540875 0.270312875 -0.248557125
v -0.336650625 0.265369375 -0.23528925
v -0.3371725 0.2777325 -0.241897
v -0.3505735 0.2758395 -0.2450555
v -0.3500275 0.263435 -0.2385435
v -0.347086 0.2365735 -0.2313945
v -0.335456375 0.23972675 -0.22400875
v -0.3361396875 0.2528108125 -0.2291588125
v -0.3480545 0.250051 -0.235642
v -0.322964875 0.2551540625 -0.22480625
v -0.3229925 0.267388 -0.232025
v -0.3346175 0.226564 -0.2187935
v -0.3223685 0.230103 -0.212062
v -0.3229740625 0.2428095 -0.2179704375
v -0.3098575 0.2450195 -0.213374
v -0.309441 0.257018 -0.220993
v -0.3061975 0.211102 -0.203459
v -0.3032369375 0.2116115 -0.2170020625
v -0.2898315 0.208471 -0.2129855
v -0.292825 0.2084605 -0.1990715
v -0.1887048125 0.2919420625 -0.2910793125
v -0.1718485 0.29072125 -0.2923211875
v -0.174770875 0.2734904375 -0.29020525
v -0.190290625 0.273365375 -0.2896655
v -0.1888245625 0.307789625 -0.2900855625
v -0.2059379375 0.2887011875 -0.28974
v -0.2074969375 0.3046346875 -0.2899790625
v -0.192087125 0.25611275 -0.286202
v -0.206077875 0.2525084375 -0.2853393125
v -0.20561475 0.270405 -0.2878309375
v -0.2203086875 0.26475775 -0.285227125
v -0.2218355625 0.2821523125 -0.287583375
v -0.2719248125 0.2322095625 -0.266818125
v -0.258924125 0.235473875 -0.2717301875
v -0.2559906875 0.21948625 -0.2686718125
v -0.268617 0.216403 -0.2625315
v -0.243591875 0.22307275 -0.273909
v -0.2413563125 0.2060594375 -0.27400925
v -0.253443 0.202599 -0.268183
v -0.2882024375 0.245412625 -0.2683965
v -0.2750244375 0.2478795625 -0.272250625
v -0.284959 0.2298915 -0.2620465
v -0.3047501875 0.2583505 -0.2706814375
v -0.291411875 0.2606473125 -0.274186625
v -0.3014505 0.243395 -0.264479
v -0.3213329375 0.2711184375 -0.2724576875
v -0.3080195625 0.273259375 -0.27585475
v -0.3180495 0.2565825 -0.2671925
v -0.337812 0.283145 -0.272696
v -0.32466275 0.2856188125 -0.2761858125
v -0.334434 0.2690025 -0.2688715
v -0.261755 0.251250625 -0.2758154375
v -0.248227625 0.255427 -0.2791575625
v -0.2458805625 0.239520125 -0.275984875
v -0.23280675 0.2437419375 -0.2796971875
v -0.2310825 0.22716975 -0.2781095
v -0.278002125 0.2636105 -0.27717675
v -0.2645180625 0.2670985625 -0.279865625
v -0.2290181875 0.2101731875 -0.278454
v -0.22682025 0.19324475 -0.279234625
v -0.2391830625 0.18861275 -0.2762203125
v -0.2367254375 0.171605875 -0.277884375
v -0.2494974375 0.16676275 -0.274875
v -0.2518555 0.184138 -0.2717155
v -0.311261375 0.28840525 -0.279342875
v -0.2977515 0.291597 -0.2818908125
v -0.29460575 0.2760186875 -0.2787151875
v -0.2810666875 0.2793121875 -0.2811210625
v -0.2459795625 0.15040825 -0.2764765
v -0.2591615 0.1453225 -0.2739325
v -0.2626585 0.1618295 -0.2711555
v -0.2184980625 0.231541 -0.2814310625
v -0.2168925 0.214948375 -0.2806315
v -0.2343503125 0.2598503125 -0.282318625
v -0.2195840625 0.2479679375 -0.282844
v -0.2059623125 0.2363906875 -0.28278925
v -0.327974 0.300582 -0.278375
v -0.314415 0.3037861875 -0.2811640625
v -0.2507724375 0.2710274375 -0.2824385
v -0.2365234375 0.275682125 -0.285010625
v -0.2149183125 0.1987226875 -0.278853875
v -0.2132573125 0.1835186875 -0.2748501875
v -0.224197875 0.177023375 -0.2781519375
v -0.2216771875 0.162176 -0.2741741875
v -0.2331375625 0.155714875 -0.277054625
v -0.267442875 0.28291275 -0.2832866875
v -0.25365975 0.2867188125 -0.285237375
v -0.2841421875 0.2951405 -0.2839916875
v -0.2704573125 0.298952 -0.285732
v -0.1932255625 0.24144225 -0.2814741875
v -0.1938798125 0.2268450625 -0.2759915
v -0.2051585 0.2205490625 -0.2795526875
v -0.2043323125 0.205251125 -0.2751855625
v -0.239592 0.29078225 -0.28711
v -0.2244663125 0.2974293125 -0.2888886875
v -0.353079 0.2436165 -0.2424205
v -0.345757 0.2391615 -0.242405
v -0.339544 0.2300555 -0.235056
v -0.346866 0.2345105 -0.2350715
v -0.317345125 0.3192268125 -0.28146775
v -0.3035205625 0.323166 -0.2838945625
v -0.300754625 0.3073496875 -0.28365175
v -0.2870314375 0.3111753125 -0.28552825
v -0.22966825 0.141220125 -0.2729053125
v -0.2413375 0.13491 -0.275505
v -0.2567009375 0.3029930625 -0.2871859375
v -0.2425023125 0.306871125 -0.2883164375
v -0.2732855625 0.3152330625 -0.2868923125
v -0.25922775 0.3194691875 -0.2878356875
v -0.3325545 0.225941 -0.2332455
v -0.3178575 0.2295545 -0.2472485
v -0.2991495 0.22137 -0.24671
v -0.3130175625 0.21840075 -0.2326079375
v -0.3199561875 0.334657 -0.2804326875
v -0.3311855 0.3152275 -0.2786405
v -0.3338945 0.3304675 -0.277582
v -0.289623625 0.327252125 -0.2856150625
v -0.275481 0.331304375 -0.286673625
v -0.177550125 0.2587535625 -0.28464525
v -0.1801565625 0.24585475 -0.2779743125
v -0.3077778125 0.354473625 -0.2806685625
v -0.305977375 0.3389451875 -0.28282725
v -0.322149 0.3501815 -0.2785115
v -0.2916780625 0.34305125 -0.2844268125
v -0.227162125 0.3125976875 -0.289020375
v -0.20974575 0.3187698125 -0.2888049375
v -0.2974035 0.2129005 -0.2304025
v -0.319647 0.2159685 -0.2196775
v -0.244512125 0.3238825 -0.2882686875
v -0.2288460625 0.32848425 -0.28795525
v -0.09649075 0.212538 -0.202042
v -0.1024046 0.2027995 -0.1967345
v -0.11379746875 0.2095803125 -0.2066356875
v -0.10834125 0.2193113125 -0.2122210625
v -0.1587655 0.273934 -0.2886055
v -0.1624916875 0.2609206875 -0.2809034375
v -0.2607686875 0.33530425 -0.28714525
v -0.2455676875 0.3392539375 -0.286858875
v -0.2935735 0.3734455 -0.2792425
v -0.29289475 0.3583424375 -0.282190625
v -0.3087405 0.3697035 -0.2777605
v -0.2776515 0.3617524375 -0.28273825
v -0.2768376875 0.346811 -0.285267375
v -0.2616469375 0.3503535625 -0.2852473125
v -0.16956325 0.3063940625 -0.2897276875
v -0.1522335 0.3027145 -0.2919905
v -0.155954 0.2871235 -0.2955445
v -0.2278816875 0.1285696875 -0.2642020625
v -0.2264149375 0.1171121875 -0.2530551875
v -0.233537 0.1081565 -0.261245
v -0.235175 0.119567 -0.272631
v -0.194886125 0.212616875 -0.269151625
v -0.1959369375 0.199197 -0.2609148125
v -0.2044053125 0.191234625 -0.268291875
v -0.2048465625 0.1783746875 -0.2593375625
v -0.212789125 0.1700650625 -0.2673834375
v -0.220658875 0.149213 -0.266099875
v -0.2202568125 0.137359125 -0.2556598125
v -0.1827548125 0.2329673125 -0.270594625
v -0.185027 0.2197270625 -0.262628
v -0.2128489375 0.157790125 -0.257636
v -0.166789375 0.249435875 -0.27263125
v -0.170682875 0.2378285625 -0.264425875
v -0.2461174375 0.35350075 -0.2842376875
v -0.2300496875 0.355773 -0.2820506875
v -0.229460125 0.3425046875 -0.2855604375
v -0.2122295625 0.3443988125 -0.2829240625
v -0.2112991875 0.331893375 -0.2864275625
v -0.190702125 0.32081875 -0.2871414375
v -0.17021 0.31948 -0.2852805
v -0.1924805 0.3332295 -0.2838555
v -0.2627064375 0.37876525 -0.277990625
v -0.26222775 0.364797 -0.2821644375
v -0.2782005 0.376279 -0.2793295
v -0.2190553125 0.125855875 -0.2449844375
v -0.2169094375 0.114592625 -0.2341375
v -0.2244015 0.1058555 -0.2418325
v -0.212358625 0.14588325 -0.2475916875
v -0.2111140625 0.1343500625 -0.237371875
v -0.2466059375 0.3672413125 -0.2804161875
v -0.1963321875 0.1862508125 -0.2520635
v -0.1962986875 0.1736615625 -0.2429154375
v -0.204803625 0.1659795 -0.249915875
v -0.2042174375 0.1539451875 -0.2402623125
v -0.157428875 0.2409944375 -0.2576510625
v -0.1614115 0.2295590625 -0.24996225
v -0.1738513125 0.2255450625 -0.25643475
v -0.175986625 0.212799375 -0.248221
v -0.1864685625 0.2065226875 -0.2542784375
v -0.187117875 0.1935555 -0.245548125
v -0.1473671875 0.2616313125 -0.274238875
v -0.152885875 0.25156175 -0.2656364375
v -0.13836475 0.2514086875 -0.2569318125
v -0.143554875 0.2416354375 -0.249552125
v -0.2477625 0.3935535 -0.269913
v -0.247097625 0.3804935625 -0.275449125
v -0.2633475 0.392148 -0.2728415
v -0.2088401875 0.1231305625 -0.2270579375
v -0.20555475 0.1121666875 -0.2168191875
v -0.213932 0.103506 -0.223417
v -0.202751625 0.14234725 -0.2304645
v -0.2002915625 0.13118875 -0.2205923125
v -0.19574125 0.1613555 -0.233681375
v -0.1941713125 0.14966275 -0.224259125
v -0.1645210625 0.217391125 -0.2421815
v -0.166352125 0.20495975 -0.2340895625
v -0.1771496875 0.1999169375 -0.2397381875
v -0.17758925 0.187043625 -0.2310690625
v -0.187242125 0.18066825 -0.2366463125
v -0.12484070625 0.26910725 -0.272691625
v -0.1323725625 0.26052375 -0.264585
v -0.1403475 0.271137 -0.2833825
v -0.186785125 0.168156375 -0.227694375
v -0.1173444375 0.2574499375 -0.2535745
v -0.1237144375 0.2487261875 -0.24666075
v -0.1296333125 0.2393166875 -0.2399538125
v -0.1348476875 0.2293723125 -0.233400125
v -0.14827425 0.2310180625 -0.2424440625
v -0.152116 0.2196649375 -0.23523625
v -0.10037815 0.2733175 -0.267967
v -0.10975015625 0.2657419375 -0.260682875
v -0.1156195 0.276838 -0.280676
v -0.213569125 0.356701625 -0.2784525625
v -0.1968185 0.3561205 -0.273625
v -0.1949705 0.3443035 -0.278554
v -0.2307174375 0.3687185625 -0.2773449375
v -0.214609 0.369315 -0.273434
v -0.231281 0.381646 -0.2720535
v -0.10990970625 0.2439374375 -0.2356751875
v -0.11603158125 0.234730375 -0.2292831875
v -0.19145475 0.13860225 -0.2147256875
v -0.188013 0.1279415 -0.2051645
v -0.196867125 0.120391875 -0.2108268125
v -0.1927605 0.110057 -0.201095
v -0.2015325 0.101717 -0.206843
v -0.1547240625 0.2079935625 -0.2277310625
v -0.15619725 0.19608225 -0.2199305
v -0.1671986875 0.1924681875 -0.2257166875
v -0.1673714375 0.179958875 -0.2172710625
v -0.177315 0.174419 -0.222257875
v -0.12131970625 0.22519275 -0.22300225
v -0.12607325 0.215474 -0.217002125
v -0.1391301875 0.2191226875 -0.2268835625
v -0.142386625 0.2082565 -0.220059
v -0.09578675 0.2609954375 -0.248895875
v -0.10329313125 0.2527056875 -0.2422514375
v -0.1760184375 0.16240425 -0.21345725
v -0.1852476875 0.156322875 -0.218594125
v -0.1824490625 0.145264125 -0.2094025
v -0.1445685625 0.1970769375 -0.2130159375
v -0.1462159375 0.18545625 -0.2059853125
v -0.15698375 0.1840204375 -0.212133625
v -0.15705375 0.171797375 -0.204287125
v -0.166659375 0.167688875 -0.2088469375
v -0.1645265 0.1562485 -0.200265
v -0.1733835625 0.15112925 -0.204624875
v -0.11824 0.199704 -0.2008355
v -0.1299966875 0.2052333125 -0.2108645625
v -0.1329705625 0.1945371875 -0.2045491875
v -0.10275415 0.228884 -0.2181515
v -0.0748018625 0.26274275 -0.244391375
v -0.08379595 0.255204 -0.2379205
v -0.08656955 0.2688585 -0.255203
v -0.169521 0.1408405 -0.195751
v -0.1785595 0.1350555 -0.20036
v -0.09036465 0.246766 -0.231074
v -0.0969673 0.237988 -0.224602
v -0.0547188875 0.26364775 -0.2407548125
v -0.06482445 0.2565575 -0.234484
v -0.06458295 0.270008 -0.2504735
v -0.1473951875 0.1734229375 -0.1989348125
v -0.146977 0.16207 -0.191661
v -0.1561185 0.16023 -0.1965385
v -0.1222645 0.1892525 -0.195343
v -0.1254195 0.178227 -0.189625
v -0.1356296875 0.183312 -0.1983813125
v -0.1377195 0.1718505 -0.192113
v -0.0346092 0.2639315 -0.237606
v -0.0455049 0.257195 -0.231484
v -0.0438512 0.2704735 -0.246817
v -0.3436 0.27058375 -0.24022025
v -0.34179625 0.2448305 -0.2298515
v -0.3297495 0.26023775 -0.23016675
v -0.32895325 0.2348565 -0.2180615
v -0.316365 0.2500835 -0.21916125
v -0.2980145 0.2097865 -0.20822225
v -0.18130975 0.2826815 -0.291332
v -0.1976695 0.29916475 -0.29057325
v -0.19858775 0.263131 -0.287568
v -0.21342325 0.276784 -0.28779675
v -0.26384175 0.22586375 -0.26726325
v -0.248576 0.21281525 -0.271038
v -0.2800355 0.2387855 -0.26734225
v -0.29645425 0.251912 -0.26954175
v -0.3130495 0.264795 -0.271719
v -0.32958125 0.27719375 -0.27270075
v -0.25372175 0.24538275 -0.2756675
v -0.2383735 0.23341275 -0.276812
v -0.26983825 0.25737375 -0.27638425
v -0.23409025 0.1994275 -0.277233
v -0.244374 0.1776785 -0.27546125
v -0.30292975 0.2822275 -0.279209
v -0.28627725 0.26981925 -0.27799575
v -0.25438775 0.1560035 -0.27438075
v -0.2238895 0.22090025 -0.279838
v -0.2267775 0.253967 -0.28251475
v -0.21263775 0.24202775 -0.28327925
v -0.31961275 0.2945115 -0.2789825
v -0.24243475 0.26544325 -0.28228275
v -0.21958875 0.1878365 -0.2785395
v -0.22874275 0.166307 -0.27766225
v -0.259105 0.2768845 -0.28281725
v -0.2757965 0.2890105 -0.2837145
v -0.1995815 0.231301 -0.28034275
v -0.2101895 0.20965825 -0.279124
v -0.230674 0.28639425 -0.28730875
v -0.3463115 0.236836 -0.23873825
v -0.30905325 0.31335725 -0.28280375
v -0.29245625 0.3012655 -0.28400925
v -0.2372965 0.1452745 -0.27631325
v -0.248243 0.29658875 -0.28712425
v -0.26503975 0.3091745 -0.2871295
v -0.315852 0.2236555 -0.23997775
v -0.32562325 0.324897 -0.27964625
v -0.2814645 0.32126875 -0.28641175
v -0.18585775 0.250501 -0.282927
v -0.3140795 0.344598 -0.2807805
v -0.29781 0.33315375 -0.2844295
v -0.21748025 0.308637 -0.289462
v -0.30852525 0.2144345 -0.22504
v -0.23608525 0.31794275 -0.2886525
v -0.105219625 0.21113325 -0.20434625
v -0.16837475 0.26647625 -0.286573
v -0.25270525 0.32962725 -0.28777925
v -0.30083575 0.3640375 -0.28007575
v -0.28488125 0.35258925 -0.28390475
v -0.2688065 0.34104075 -0.28632775
v -0.16211025 0.2971265 -0.29238675
v -0.23083525 0.11834575 -0.26280625
v -0.19987275 0.20194825 -0.26868625
v -0.2086875 0.18060725 -0.26786925
v -0.2244245 0.138863 -0.265267
v -0.18924175 0.22310925 -0.26978725
v -0.21678 0.159607 -0.2667995
v -0.1752405 0.241733 -0.27157525
v -0.2379105 0.3479545 -0.28497325
v -0.220639 0.33717625 -0.2860475
v -0.17960975 0.31419075 -0.288066
v -0.20129275 0.32658025 -0.28669375
v -0.27022075 0.3705255 -0.28080225
v -0.2218335 0.115854 -0.2434515
v -0.21585675 0.1358645 -0.24634525
v -0.25420825 0.3591185 -0.2833055
v -0.20070175 0.1760935 -0.250996
v -0.20868175 0.1559155 -0.2487815
v -0.166057 0.23383425 -0.25722225
v -0.18059525 0.216332 -0.25541175
v -0.191651 0.19644475 -0.25316
v -0.157492 0.2561055 -0.27366475
v -0.1481835 0.2468205 -0.257598
v -0.255226 0.3863285 -0.27419725
v -0.21146125 0.1133495 -0.2252555
v -0.2059185 0.13278675 -0.22878825
v -0.199395 0.15184125 -0.23210475
v -0.17124125 0.2090045 -0.24113825
v -0.1824405 0.19039325 -0.2382055
v -0.13643375 0.26590275 -0.27391675
v -0.191683 0.17097675 -0.23516675
v -0.1280165 0.25485525 -0.25552125
v -0.13917 0.23576025 -0.2415015
v -0.156795 0.224812 -0.24264375
v -0.112737075 0.27143225 -0.27055675
v -0.20438325 0.350532 -0.27857975
v -0.22230125 0.3627535 -0.2780195
v -0.2389555 0.37462775 -0.27649325
v -0.11981525 0.2419655 -0.23793875
v -0.19425475 0.12957025 -0.212782
v -0.19925575 0.11108625 -0.20884225
v -0.16131225 0.2006775 -0.227001
v -0.1725345 0.18359225 -0.22407575
v -0.13040675 0.222649 -0.225202
v -0.147283 0.21418975 -0.22770925
v -0.10655425 0.2594825 -0.25129975
v -0.1815355 0.16531775 -0.22044275
v -0.18850325 0.14746875 -0.21667575
v -0.15108275 0.1910985 -0.212936
v -0.16219525 0.17606325 -0.2107005
v -0.17031825 0.15935925 -0.20678325
v -0.12207325 0.207731 -0.2088955
v -0.1375175 0.20173525 -0.21228175
v -0.112076075 0.227178 -0.220622
v -0.08518275 0.26203125 -0.24656175
v -0.176067 0.14305375 -0.20248725
v -0.100110575 0.24546325 -0.233382
v -0.0647037 0.26328275 -0.24247875
v -0.15199475 0.16705325 -0.197954
v -0.12904075 0.1865735 -0.197033
v -0.141844 0.1788855 -0.19904625
v -0.04467805 0.26383425 -0.2391505
v 0.216447 0.17437075 -0.303353875
v 0.212514875 0.1936895 -0.303347625
v 0.220052375 0.154998375 -0.3029435
v 0.22324725 0.135594875 -0.301773375
v 0.2111095 0.2112015 -0.302009125
v 0.169063125 0.209123 -0.264630875
v 0.22943975 0.1001647 -0.2973495
v 0.22536175 0.116380075 -0.29962975
v 0.239145953125 0.1592938125 -0.297713828125
v 0.234871625 0.178427828125 -0.295938
v 0.22518975 0.216584125 -0.292083
v 0.245492484375 0.120019025 -0.297130015625
v 0.242654484375 0.139704140625 -0.29814075
v 0.25778471875 0.16235634375 -0.2900508125
v 0.245191625 0.0977484375 -0.29548875
v 0.249105125 0.081207675 -0.29331925
v 0.26519771875 0.123031796875 -0.292832609375
v 0.26192309375 0.142930859375 -0.29249653125
v 0.267491765625 0.102924615625 -0.291643953125
v 0.250214625 0.0616381625 -0.290893875
v 0.214056625 0.2581795 -0.304185875
v 0.2226125 0.24663375 -0.299890125
v 0.275807359375 0.164559578125 -0.280693859375
v 0.229984578125 0.197292578125 -0.293517109375
v 0.250750375 0.0419639125 -0.289073125
v 0.203306375 0.269139375 -0.306199
v 0.232329453125 0.269689828125 -0.302996671875
v 0.29327003125 0.166239359375 -0.270356328125
v 0.268767328125 0.0829593578125 -0.289338609375
v 0.28463528125 0.125313359375 -0.286876921875
v 0.18744225 0.259943625 -0.30638775
v 0.25124325 0.280677828125 -0.30221528125
v 0.27630853125 0.2730764375 -0.293679625
v 0.280996953125 0.14536209375 -0.28512340625
v 0.25198440625 0.180964796875 -0.285233046875
v 0.21219975 0.09517985 -0.27210375
v 0.28703678125 0.1047852375 -0.28644321875
v 0.251034 0.02218636375 -0.2885315
v 0.221729046875 0.28437596875 -0.305722671875
v 0.239671609375 0.296004328125 -0.3052805625
v 0.29947209375 0.14724534375 -0.275991390625
v 0.238491 0.21753425 -0.275689125
v 0.2692754375 0.062837265625 -0.286078234375
v 0.269313 0.0427511078125 -0.2825540625
v 0.2697685625 0.291539359375 -0.301395125
v 0.236697375 0.25030525 -0.2950985
v 0.25716740625 0.263305234375 -0.294505078125
v 0.2684628125 0.182505578125 -0.273601484375
v 0.2850843125 0.18374784375 -0.26234978125
v 0.312720125 0.16487475 -0.2576905
v 0.288147890625 0.0842694140625 -0.2841695625
v 0.303500296875 0.127045703125 -0.27879578125
v 0.25529925 -0.01477633625 -0.292281875
v 0.257377 0.307865296875 -0.304461890625
v 0.17580671875 0.27567984375 -0.305364296875
v 0.0693656 0.28344775 -0.274885375
v 0.241920875 0.240277875 -0.2854375
v 0.30178725 0.186749875 -0.24830325
v 0.244930171875 0.198839078125 -0.27940675
v 0.25164625 0.0024303825 -0.289892375
v 0.0867031625 0.26990425 -0.256206
v 0.226787765625 0.310867125 -0.304431765625
v 0.172019 0.25099775 -0.305576375
v 0.29550753125 0.28369075 -0.292266265625
v 0.252134 0.217785875 -0.259103375
v 0.3060105625 0.106336464062 -0.279193265625
v 0.307128203125 0.085616234375 -0.277321359375
v 0.20981821875 0.299126265625 -0.3049399375
v 0.19261815625 0.287457421875 -0.305208734375
v 0.16017825 0.263241625 -0.304951125
v 0.287096046875 0.30298103125 -0.299858640625
v 0.321624 0.1285315 -0.268801875
v 0.27635809375 0.200576265625 -0.253378984375
v 0.259761578125 0.199515890625 -0.265037859375
v 0.31728475 0.148640375 -0.26508475
v 0.271716375 0.02004634625 -0.279412875
v 0.162170875 0.220610875 -0.26527875
v 0.274239484375 0.32049959375 -0.302827359375
v 0.243376359375 0.323030171875 -0.30365178125
v 0.150615625 0.276720875 -0.303892
v 0.258470625 0.2463475 -0.282148375
v 0.2935455 0.202059 -0.243053875
v 0.290629125 0.061566775 -0.279009375
v 0.3034784375 0.316192375 -0.297173125
v 0.259228203125 0.3360923125 -0.30196759375
v 0.1631645 0.291279375 -0.302474375
v 0.316741125 0.2942485 -0.288315
v 0.297460375 0.264038375 -0.28108675
v 0.278072375 0.255164625 -0.281880375
v 0.287193125 0.043867975 -0.274606625
v 0.2838365 0.02592615 -0.27091475
v 0.2900593125 0.33425046875 -0.2997973125
v 0.243358140625 0.35000690625 -0.297693328125
v 0.228403390625 0.33707021875 -0.29948309375
v 0.12919775 0.287541625 -0.301409125
v 0.269677 0.218941375 -0.247207625
v 0.32777725 0.0847243625 -0.267272
v 0.270808875 0.0025499275 -0.283285375
v 0.270070375 -0.01467330375 -0.288124125
v 0.1804855 0.30254175 -0.30193675
v 0.193211125 0.31394425 -0.300564125
v 0.212811046875 0.32509128125 -0.300394796875
v 0.2745371875 0.349839171875 -0.298978296875
v 0.313608125 0.274573625 -0.2803525
v 0.32614375 0.110601125 -0.268639125
v 0.286757125 0.218272125 -0.2399535
v 0.30708825 0.0651746 -0.27345875
v 0.323142125 0.069050775 -0.26684575
v 0.319173 0.32992175 -0.29229875
v 0.257867125 0.366854375 -0.29400525
v 0.1130124125 0.296657125 -0.30199975
v 0.318923 0.168230375 -0.243764
v 0.186557875 0.326555375 -0.294760375
v 0.289357921875 0.364015734375 -0.29393934375
v 0.338692375 0.106353 -0.25948725
v 0.3090465 0.34853025 -0.293992625
v 0.227986125 0.363017375 -0.290775375
v 0.21353325 0.3501765 -0.29262675
v 0.198269875 0.338369 -0.293347375
v 0.12582575 0.27391675 -0.291367625
v 0.327468125 0.307252375 -0.286484125
v 0.339865 0.090946 -0.258946875
v 0.311598625 0.18131625 -0.23913275
v 0.166204875 0.22384775 -0.280272875
v 0.307200625 0.042421 -0.262473125
v 0.30293625 0.030355425 -0.2544135
v 0.2725065 0.377308875 -0.290749125
v 0.242309125 0.373089875 -0.28926275
v 0.107675603125 0.281687640625 -0.290240828125
v 0.08663535 0.289432625 -0.292244375
v 0.095209525 0.30080025 -0.300410875
v 0.203700625 0.13259975 -0.272481625
v 0.20074925 0.15093525 -0.29458075
v 0.19432725 0.170220625 -0.296583625
v 0.18741075 0.189491375 -0.298673875
v 0.1011039875 0.26510925 -0.256974625
v 0.320469 0.043276425 -0.25476225
v 0.136926625 0.255144125 -0.275156
v 0.20639025 0.13142875 -0.292743
v 0.315863 0.36309725 -0.288269
v 0.30361375 0.378252875 -0.286815125
v 0.153534625 0.250716375 -0.295154875
v 0.21122775 0.11174455 -0.291041625
v 0.14396825 0.225845375 -0.245632875
v 0.314981125 0.03277135 -0.245496125
v 0.286977125 0.3880195 -0.285742875
v 0.141513875 0.260567125 -0.292119875
v 0.121535125 0.266568625 -0.276397
v 0.107417625 0.2704865 -0.270630125
v 0.191115625 0.171187375 -0.276489875
v 0.173123125 0.210727375 -0.2790525
v 0.1527445 0.242305 -0.2792465
v 0.149273625 0.23384075 -0.260926625
v 0.133370625 0.24583475 -0.2572545
v 0.131824875 0.2347135 -0.24302175
v 0.0835736375 0.27822575 -0.269803
v 0.071153475 0.2896115 -0.288755125
v 0.197982875 0.152083875 -0.274368125
v 0.208377 0.112772925 -0.2708435
v 0.21473925 0.094560225 -0.28713225
v 0.18328475 0.190160125 -0.278746625
v 0.180323125 0.206753625 -0.297895625
v 0.221460375 0.195653875 -0.2987894375
v 0.232458125 0.1878441875 -0.2946906875
v 0.225762125 0.1765156875 -0.2999135
v 0.214513 0.1840225 -0.303377
v 0.237104125 0.168917625 -0.2969675625
v 0.2296303125 0.15724025 -0.3005144375
v 0.218289 0.1646945 -0.3032225
v 0.2171015 0.2150725 -0.298121
v 0.2275719375 0.206898875 -0.29270875
v 0.2104805 0.2034115 -0.3033215
v 0.2409874375 0.149536625 -0.29811125
v 0.232961125 0.1377146875 -0.300107875
v 0.2217505 0.145287 -0.3024775
v 0.244173 0.1298544375 -0.29778325
v 0.2354608125 0.1182437875 -0.29851425
v 0.2244065 0.1259565 -0.30078
v 0.2465624375 0.1102294125 -0.2962723125
v 0.2373205 0.0989798 -0.296407
v 0.2262465 0.1068738 -0.298455
v 0.243569875 0.179874375 -0.29089225
v 0.2550964375 0.1717786875 -0.2878915625
v 0.248537 0.16097075 -0.294170125
v 0.2600114375 0.1527241875 -0.2915676875
v 0.2523068125 0.141432875 -0.295570375
v 0.2376661875 0.1982799375 -0.2868165
v 0.2484864375 0.18988825 -0.282218375
v 0.24164325 0.2081073125 -0.277357375
v 0.2321075 0.217296 -0.284321
v 0.2636661875 0.133025 -0.2928916875
v 0.255389375 0.1216173125 -0.2952083125
v 0.2664746875 0.1129764375 -0.29239875
v 0.2575345625 0.10179049375 -0.2936693125
v 0.26024275 0.1818085625 -0.2794171875
v 0.272388 0.173698375 -0.277452875
v 0.266870375 0.163535875 -0.285523375
v 0.2786411875 0.1550944375 -0.2832515625
v 0.2715083125 0.1442280625 -0.289019
v 0.268243625 0.092942025 -0.2906220625
v 0.2589558125 0.08212151875 -0.2914100625
v 0.248356 0.09089995 -0.294456
v 0.2690999375 0.07290730625 -0.287799125
v 0.25975025 0.06224469375 -0.288559625
v 0.2497305 0.07144495 -0.292089
v 0.282982125 0.1354216875 -0.2863068125
v 0.27496375 0.124255625 -0.290086375
v 0.285995 0.11507725 -0.286908875
v 0.2773285 0.10391146875 -0.28926525
v 0.287736125 0.0945092 -0.2855205
v 0.2785005 0.0836451875 -0.286942625
v 0.2693278125 0.05280063125 -0.2842505625
v 0.2600885625 0.0423300375 -0.285932625
v 0.25054 0.0518137 -0.2898625
v 0.21283175 0.2784934375 -0.305903
v 0.2273964375 0.277128375 -0.3048550625
v 0.223135 0.263976875 -0.3035571875
v 0.2093065 0.2653625 -0.3054865
v 0.235967375 0.2617551875 -0.300011125
v 0.230018 0.2485895 -0.2979355
v 0.217892 0.2508835 -0.302147
v 0.2767625 0.18315575 -0.26794275
v 0.2893624375 0.1751568125 -0.2666003125
v 0.2846090625 0.1654776875 -0.2756683125
v 0.2966479375 0.156921375 -0.27351075
v 0.2903235 0.1463705625 -0.280795375
v 0.2692869375 0.0326424 -0.2812266875
v 0.260361 0.02231682375 -0.2848403125
v 0.2508895 0.03208115 -0.288604
v 0.2012176875 0.2932900625 -0.305091375
v 0.215888 0.29173775 -0.305735875
v 0.198461125 0.279927875 -0.3059775
v 0.181708375 0.267823125 -0.3060315625
v 0.1840974375 0.281623875 -0.3053325625
v 0.195721 0.266217 -0.3064735
v 0.2306961875 0.2901926875 -0.3055276875
v 0.2458978125 0.28852375 -0.304284
v 0.2417560625 0.2752339375 -0.3025725
v 0.2549349375 0.2721078125 -0.298988625
v 0.247650625 0.2584635 -0.2950110625
v 0.29337075 0.184270625 -0.256731375
v 0.3052610625 0.1758013125 -0.254591
v 0.3017848125 0.16679375 -0.2646675
v 0.314048 0.1581195 -0.26219
v 0.308426875 0.1479783125 -0.2706679375
v 0.2883269375 0.07408615625 -0.28241925
v 0.27877975 0.06340191875 -0.2833025625
v 0.3017184375 0.13725375 -0.2777260625
v 0.294160125 0.1262295625 -0.2831115625
v 0.304931 0.1167203125 -0.2792815625
v 0.296608625 0.10558010625 -0.283087875
v 0.165952 0.2555435 -0.305266
v 0.1678971875 0.26951575 -0.305205375
v 0.179362 0.2536675 -0.3060195
v 0.24859375 0.301871625 -0.3049438125
v 0.2640480625 0.29993825 -0.3034661875
v 0.2606194375 0.286090125 -0.301855625
v 0.2737904375 0.2824134375 -0.2981270625
v 0.26670875 0.2681394375 -0.294108
v 0.2785745625 0.2970940625 -0.300735375
v 0.29206275 0.293471 -0.29661575
v 0.286000625 0.2782265625 -0.29307975
v 0.296977625 0.27387375 -0.2869245625
v 0.287843 0.2596025 -0.2816735
v 0.2775176875 0.2640443125 -0.2880704375
v 0.2682185 0.250786 -0.2819
v 0.2581351875 0.254761625 -0.2886656875
v 0.2522015 0.199193125 -0.272007
v 0.2641115 0.1909759375 -0.2692125625
v 0.306739 0.09595304375 -0.27854075
v 0.2977020625 0.08492244375 -0.280966875
v 0.2701245 0.012454435 -0.281771
v 0.2612275625 0.002490155 -0.286588875
v 0.2512605 0.012300505 -0.288932
v 0.2183419375 0.3049705 -0.304713875
v 0.233337625 0.3034783125 -0.30529075
v 0.235154625 0.3168605 -0.3041121875
v 0.2505034375 0.3155756875 -0.304503875
v 0.319741 0.138724 -0.267273
v 0.3126178125 0.12780325 -0.2739350625
v 0.2558405625 0.208531875 -0.261829125
v 0.2449765 0.217625 -0.2670415
v 0.2878415 0.05391645 -0.277616
v 0.2783099375 0.04328206875 -0.278699375
v 0.286445 0.03371785 -0.2716365
v 0.277607 0.02295295 -0.2746505
v 0.26593575 0.3140560625 -0.30377925
v 0.2810601875 0.311987375 -0.3018805625
v 0.249018 0.24173 -0.2830415
v 0.2392395 0.2453355 -0.2901945
v 0.2678918125 0.1999811875 -0.2589199375
v 0.2805948125 0.1920865625 -0.2577118125
v 0.2849263125 0.201288375 -0.24814075
v 0.29732 0.1933025 -0.24685
v 0.306607 0.184063 -0.243899
v 0.3165815 0.174584 -0.2395
v 0.3159905 0.1666195 -0.250688
v 0.3071900625 0.07537221875 -0.2755324375
v 0.297795 0.06452245 -0.2771315
v 0.323141 0.118224 -0.2697185
v 0.315209125 0.1070947 -0.2747534375
v 0.271747 -0.007294465 -0.2855165
v 0.2629105 -0.01718115 -0.290768
v 0.2522685 -0.007417195 -0.2914995
v 0.2513868125 0.3294556875 -0.3029471875
v 0.26691825 0.32852725 -0.302844875
v 0.1718045 0.297177 -0.302134
v 0.1865965 0.2949970625 -0.3037461875
v 0.1695695 0.283491 -0.304074875
v 0.153715 0.270029 -0.3044945
v 0.1549335 0.2841325 -0.3031395
v 0.2206759375 0.33098675 -0.300016
v 0.23594475 0.3301895 -0.30196525
v 0.2199139375 0.3180921875 -0.3028208125
v 0.203464625 0.3064540625 -0.303380125
v 0.204866 0.319288375 -0.3007089375
v 0.295391625 0.3094270625 -0.2987471875
v 0.3090920625 0.3060774375 -0.2939800625
v 0.30455175 0.2895699375 -0.2911970625
v 0.315304 0.2843795 -0.2845185
v 0.3068545 0.268411 -0.2799275
v 0.2728383125 0.20962025 -0.250043875
v 0.2605335 0.2182345 -0.2526
v 0.3248660625 0.0974496375 -0.2694035
v 0.3163915 0.08636274375 -0.2732198125
v 0.3255785 0.07689295 -0.2672815
v 0.316258 0.06591435 -0.2694675
v 0.1888395 0.30809 -0.301701
v 0.2822576875 0.3272515625 -0.3015376875
v 0.2970944375 0.3255610625 -0.2990184375
v 0.2790665 0.219877 -0.2426025
v 0.290804 0.2113575 -0.2404295
v 0.26694275 0.3428953125 -0.3006821875
v 0.2824923125 0.3423275625 -0.2997910625
v 0.235936125 0.343437125 -0.298706625
v 0.2513010625 0.34321675 -0.30023
v 0.2977133125 0.3414348125 -0.2974933125
v 0.312514 0.33997 -0.294166
v 0.311373625 0.3230371875 -0.2949085625
v 0.325222 0.318021 -0.288889
v 0.3227185 0.3006005 -0.2876315
v 0.2507534375 0.356699 -0.2964499375
v 0.2663376875 0.356832125 -0.297337625
v 0.28201825 0.356898375 -0.29674325
v 0.29745125 0.3566438125 -0.2946125
v 0.2350465 0.369665 -0.289428
v 0.250058 0.3699525 -0.291733
v 0.23562075 0.356569125 -0.2944188125
v 0.2209470625 0.343688875 -0.296244125
v 0.220844 0.3564865 -0.2918515
v 0.205574 0.3318021875 -0.297090625
v 0.205967 0.3441915 -0.2930715
v 0.1168113125 0.277932625 -0.29074225
v 0.11009685625 0.288693875 -0.2965965
v 0.1228035 0.292622 -0.3023735
v 0.1288235 0.2807405 -0.297567
v 0.332484 0.1084625 -0.26418
v 0.3412995 0.0988175 -0.257707
v 0.3339485 0.0878285 -0.2633145
v 0.1905665 0.3325465 -0.293616
v 0.189945 0.320227 -0.2976635
v 0.2653105 0.370397 -0.293246
v 0.2809986875 0.370807375 -0.292528625
v 0.09829735 0.2849209375 -0.2899873125
v 0.09090735 0.2952725 -0.296304
v 0.10319615 0.3003225 -0.3018275
v 0.2795735 0.3843185 -0.2878085
v 0.295183 0.3850055 -0.285871
v 0.2965281875 0.3711340625 -0.290528875
v 0.311692 0.370738 -0.2871975
v 0.312572 0.355967 -0.2912805
v 0.114523 0.26859 -0.2735025
v 0.10624295625 0.2765954375 -0.2819803125
v 0.1243495 0.2687685 -0.2833315
v 0.3198345 0.0382965 -0.2487435
v 0.308146 0.0296825 -0.248511
v 0.302959 0.0361156 -0.259829
v 0.3146475 0.0447296 -0.2600615
v 0.09584204375 0.2756295 -0.2723963125
v 0.08731435625 0.282603125 -0.281532875
v 0.07646235 0.280903 -0.2723305
v 0.06781245 0.28706 -0.281877
v 0.07873925 0.288974 -0.2909695
v 0.2050454375 0.13201425 -0.2826123125
v 0.200981 0.142392 -0.2733935
v 0.1993660625 0.1515095625 -0.2844744375
v 0.2036765 0.141209 -0.2936425
v 0.1946865 0.1616635 -0.275407
v 0.1927214375 0.170704 -0.28653675
v 0.1976165 0.1606 -0.2955625
v 0.187294 0.180712 -0.2775965
v 0.18534775 0.18982575 -0.28871025
v 0.1909305 0.1798145 -0.29764
v 0.179151 0.1994545 -0.27996
v 0.17749 0.2089995 -0.290873
v 0.1837525 0.199361 -0.2996275
v 0.147899 0.256614 -0.295997
v 0.1543615 0.2461955 -0.2886085
v 0.1448355625 0.2487245625 -0.27720125
v 0.1384385 0.2592545 -0.2845085
v 0.1510485 0.2382985 -0.2699575
v 0.141322125 0.23983775 -0.2590905625
v 0.135232 0.250704 -0.2660555
v 0.209802375 0.1122587375 -0.2809425625
v 0.2061615 0.122719 -0.271631
v 0.2088825 0.121602 -0.2918775
v 0.2139825 0.0923839 -0.279432
v 0.2103605 0.1027847 -0.270121
v 0.2135005 0.1018722 -0.290231
v 0.09362245 0.266321 -0.2543445
v 0.0851704 0.274216 -0.2628935
v 0.1043235 0.267912 -0.263762
v 0.14742 0.2285965 -0.252339
v 0.137399 0.228867 -0.2422465
v 0.1313585 0.240437 -0.2488005
v 0.1649425 0.2144635 -0.2625035
v 0.163037 0.22428 -0.2729315
v 0.1703385 0.217691 -0.282114
v 0.172244 0.2078745 -0.271686
v 0.223642 0.18607175 -0.29934725
v 0.2277575 0.16691 -0.30031775
v 0.2192805 0.20533775 -0.2984105
v 0.23138275 0.147492 -0.300458
v 0.23431175 0.12795775 -0.2994235
v 0.2364345 0.1085954 -0.2974895
v 0.246207 0.1705095 -0.2927265
v 0.250537 0.1512605 -0.29511
v 0.2406485 0.189063 -0.2887805
v 0.23484625 0.20772975 -0.2854255
v 0.25394625 0.131542 -0.2955755
v 0.25657025 0.11168825 -0.29455175
v 0.26380275 0.17281825 -0.28275975
v 0.26939075 0.15398825 -0.28759775
v 0.258328 0.091959725 -0.2926245
v 0.25942325 0.07220145 -0.29001875
v 0.2733675 0.134308 -0.28982325
v 0.2762925 0.1140985 -0.28988425
v 0.2780465 0.093769375 -0.28827775
v 0.25995675 0.052296425 -0.28714175
v 0.2183135 0.2712765 -0.3051635
v 0.2268525 0.256362 -0.30098725
v 0.28091425 0.17448925 -0.27209275
v 0.287729 0.1560845 -0.2785805
v 0.2601915 0.032318925 -0.28509975
v 0.2071335 0.28586025 -0.3058725
v 0.189965 0.27390825 -0.3060745
v 0.23663125 0.282856 -0.30457575
v 0.245391 0.26697775 -0.29940225
v 0.2977135 0.175667 -0.2608965
v 0.30539175 0.157568 -0.2679685
v 0.2787445 0.073511875 -0.28528075
v 0.292442 0.13639675 -0.282279
v 0.2955535 0.1159355 -0.28337325
v 0.1737545 0.26169425 -0.30571675
v 0.255076 0.294196 -0.30393825
v 0.26441075 0.2772235 -0.29859825
v 0.283046 0.28776625 -0.297471
v 0.2873285 0.268869 -0.287639
v 0.26777225 0.25938125 -0.28832675
v 0.25624525 0.19048 -0.275606
v 0.297312 0.095228925 -0.28227925
v 0.2606925 0.01237747 -0.2853515
v 0.2246305 0.29759275 -0.305544
v 0.241986 0.3094475 -0.30497
v 0.31078275 0.13801325 -0.27263425
v 0.24850275 0.2083085 -0.269301
v 0.2786075 0.0533478 -0.2810185
v 0.27796925 0.033137275 -0.276616
v 0.27269625 0.305816 -0.3027955
v 0.2486495 0.25006725 -0.289345
v 0.27227175 0.19151375 -0.26330725
v 0.2889495 0.1926875 -0.252248
v 0.31129875 0.17534125 -0.2472935
v 0.29781725 0.07470115 -0.27917025
v 0.3140905 0.11747875 -0.274638
v 0.26200775 -0.00735583 -0.288508
v 0.25881775 0.32193825 -0.3038145
v 0.17800675 0.28938825 -0.30390475
v 0.16154025 0.27692675 -0.30427675
v 0.2280015 0.3240475 -0.30246575
v 0.21173825 0.31224025 -0.3031265
v 0.300726 0.29971675 -0.295547
v 0.306238 0.279077 -0.28581925
v 0.2640725 0.208976 -0.2555145
v 0.315982 0.09670605 -0.27429175
v 0.31642 0.076114725 -0.2715045
v 0.19508325 0.300696 -0.303579
v 0.2891795 0.3186105 -0.30067575
v 0.28177775 0.210444 -0.245104
v 0.27479425 0.33533475 -0.301538
v 0.2436875 0.3366015 -0.30122325
v 0.30484525 0.33271475 -0.296746
v 0.31721725 0.312127 -0.29163025
v 0.25885675 0.3499685 -0.29897575
v 0.290059 0.3494725 -0.29750125
v 0.24285 0.3632315 -0.293136
v 0.228349 0.350024 -0.29546125
v 0.21332725 0.3376565 -0.29674825
v 0.11949875 0.28483175 -0.29702525
v 0.33321625 0.0981455 -0.26374725
v 0.19777175 0.32600125 -0.29738825
v 0.273727 0.363783 -0.29519275
v 0.100540675 0.29209775 -0.29639375
v 0.28812675 0.3778915 -0.28933275
v 0.304626 0.36371575 -0.29106875
v 0.1153585 0.27281575 -0.28258975
v 0.31139675 0.03720605 -0.25428625
v 0.096878325 0.27984 -0.2816355
v 0.0776008 0.2849385 -0.28165
v 0.20232875 0.1418005 -0.283518
v 0.1961515 0.16113175 -0.28548475
v 0.18911225 0.18026325 -0.28761825
v 0.18145175 0.19940775 -0.28979375
v 0.1464 0.252725 -0.2865585
v 0.14314025 0.24450125 -0.2680065
v 0.207522 0.1221605 -0.28175425
v 0.2119305 0.10232845 -0.280176
v 0.09474695 0.271064 -0.26332775
v 0.13938925 0.23451675 -0.25056975
v 0.1676405 0.21607725 -0.27230875
v -0.24158275 0.070493675 -0.255558375
v -0.24541225 0.0514699875 -0.254917
v -0.232635 0.0745427875 -0.23917675
v -0.2356808125 0.0530386015625 -0.23563378125
v -0.247714375 0.02980206 -0.251688
v -0.249524625 0.0080466475 -0.248689125
v -0.237953703125 0.0313588159375 -0.232352578125
v -0.250569625 -0.013830165 -0.24610375
v -0.223526875 0.07312195 -0.22253475
v -0.22292325 0.0573953875 -0.21539425
v -0.239671484375 0.0095879628125 -0.229257953125
v -0.251415625 -0.0357127875 -0.243603625
v -0.22688121875 0.0328987029687 -0.213786171875
v -0.211743 0.0560496 -0.200316875
v -0.25126525 -0.0576775625 -0.241598
v -0.22870240625 0.0112242020313 -0.2104429375
v -0.21412440625 0.0346117984375 -0.196455234375
v -0.240956921875 -0.0122462871875 -0.226396296875
v -0.230113078125 -0.0104918245312 -0.207291109375
v -0.241663640625 -0.034140265625 -0.223820796875
v -0.21612371875 0.0131381134375 -0.192691140625
v -0.249097125 -0.076707925 -0.237753625
v -0.1996085 0.0548454125 -0.186040125
v -0.2176985625 -0.0084049928125 -0.18909178125
v -0.240224625 -0.0586304875 -0.218987375
v -0.19779325 0.0395231 -0.178989125
v -0.23074446875 -0.0322720564062 -0.204554109375
v -0.20384171875 -0.0060203253125 -0.172018390625
v -0.202066234375 0.0153700910937 -0.1760926875
v -0.218445234375 -0.030066600625 -0.186012921875
v -0.186909375 0.035931325 -0.166562375
v -0.20297175 -0.0299832 -0.166036125
v -0.241682875 -0.07549445 -0.222898875
v -0.230451625 -0.054127375 -0.202332625
v -0.187081375 0.0177327275 -0.16042775
v -0.18687325 -0.00054361625 -0.154542875
v -0.217827625 -0.0517989875 -0.183712125
v -0.18983625 -0.0250066 -0.15222
v -0.243500875 -0.1257405 -0.244386875
v -0.205787125 -0.0468371375 -0.168542875
v -0.152991875 0.0037956875 -0.127015
v -0.175040625 -0.00404991 -0.142515
v 0.0782220875 -0.0070108125 -0.119366875
v -0.25201625 -0.128248 -0.257675
v -0.0409264625 -0.25928325 -0.222448625
v -0.235698375 -0.14314375 -0.243584875
v 0.057327025 0.05485165 -0.126020875
v -0.17548 -0.02011910625 -0.139612625
v -0.168428125 0.02285845 -0.14561075
v -0.15626175 0.01912967625 -0.134352125
v -0.13649925 0.00257742375 -0.115839375
v -0.24696475 -0.14801125 -0.2612025
v -0.2168805 -0.1595715 -0.22699775
v -0.2261295 -0.159295125 -0.2418125
v -0.235074375 -0.16850875 -0.262735625
v -0.151700109375 0.0425272203125 -0.140367953125
v -0.1698095 0.0408644 -0.153142875
v -0.1346984375 0.0234305904688 -0.12167571875
v -0.206355625 -0.17430175 -0.224209
v -0.1161829375 0.0037485725 -0.105655325
v -0.185605 -0.187653375 -0.20663575
v -0.220946375 -0.187249875 -0.263309375
v -0.2136645 -0.180821984375 -0.243873234375
v -0.16805325 0.06157425 -0.159764625
v -0.149524578125 0.06293955 -0.147521390625
v -0.13245309375 0.043761475 -0.12878075
v -0.114382909375 0.0246449309375 -0.111259884375
v -0.14739821875 0.0833110828125 -0.154592015625
v -0.112070039063 0.044786478125 -0.119108984375
v -0.09469955 0.0043679925 -0.0980304125
v -0.16602425 0.0822213125 -0.166480125
v -0.14512140625 0.103510946875 -0.161791203125
v -0.130116 0.0639082140625 -0.136588765625
v -0.151405875 -0.210764375 -0.184892875
v -0.194761 -0.188882625 -0.22122275
v -0.2054875 -0.204546625 -0.26359
v -0.199868890625 -0.1983729375 -0.243488375
v -0.163584125 0.10288175 -0.173354875
v -0.173425 -0.200983125 -0.20329925
v -0.159949 -0.213415875 -0.199807625
v -0.127851375 0.08409798125 -0.144214953125
v -0.109776796875 0.0648599015625 -0.127625
v -0.179597921875 -0.20823621875 -0.222835546875
v -0.184474125 -0.2145634375 -0.243190390625
v -0.144706 0.125931125 -0.171411875
v -0.125562703125 0.104200254687 -0.15181828125
v -0.0909085 0.04590390625 -0.111847835938
v -0.0929788984375 0.025564650625 -0.103418832813
v -0.07247205 0.00428141625 -0.0932448875
v -0.13687275 -0.2211865 -0.1811305
v -0.188752125 -0.22022775 -0.263988
v -0.1588415 0.120883625 -0.1780735
v -0.123280265625 0.1241819375 -0.159660484375
v -0.107532939063 0.085075890625 -0.13578878125
v -0.050054125 0.00345312125 -0.091169375
v -0.105429034375 0.105450592187 -0.14376275
v -0.088729390625 0.065945225 -0.121067734375
v -0.0710359796875 0.0258194051562 -0.0984586015625
v -0.163340328125 -0.22290965625 -0.2223103125
v -0.14143628125 -0.228565875 -0.201266796875
v -0.167169921875 -0.228691109375 -0.2431410625
v -0.138164875 0.14067175 -0.174967125
v -0.0692132265625 0.046272940625 -0.107107857812
v -0.02761498375 0.0019950725 -0.091584325
v -0.0487329359375 0.0251478870312 -0.096274034375
v -0.1189493875 -0.231948375 -0.180386875
v -0.170299 -0.233483875 -0.264478875
v -0.123542125 0.14618525 -0.170488125
v -0.103427182813 0.125767953125 -0.15205428125
v -0.101622157812 0.14574553125 -0.16119275
v -0.08662726875 0.0861772890625 -0.129676109375
v -0.0672306234375 0.0663196390625 -0.116606953125
v -0.14510765625 -0.23492803125 -0.22203109375
v -0.084730546875 0.106694557813 -0.137666078125
v -0.065298990625 0.08660075 -0.125373
v -0.0051807025 -0.0001954725 -0.093944375
v -0.117611875 0.1611825 -0.175734125
v -0.0811594828125 0.147016296875 -0.155358234375
v -0.082895515625 0.127046015625 -0.146100578125
v -0.0635492671875 0.107256795313 -0.133160109375
v -0.0454720640625 0.0658128859375 -0.114268
v 0.0200581 -0.02179979125 -0.0975370875
v -0.122276032812 -0.238224328125 -0.201088671875
v -0.1525745 -0.242494125 -0.26223275
v -0.1025251375 0.167423125 -0.173165875
v -0.04373066875 0.0863032140625 -0.1226554375
v -0.04716845625 0.045665228125 -0.104872229688
v -0.0264262503125 0.0235515215625 -0.096799221875
v -0.1457145 -0.241873375 -0.2460725
v -0.0795333421875 0.1664989375 -0.165501578125
v -0.04205220625 0.107063935938 -0.130220640625
v 0.01447794125 -0.00486865875 -0.096978375
v -0.0251735432812 0.0441708140625 -0.105043454687
v -0.098985525 -0.239456 -0.180468125
v -0.0965378375 0.181800125 -0.179924125
v -0.058480553125 0.167250765625 -0.160817515625
v -0.022094324 0.0852756359375 -0.121644609375
v -0.00430424875 0.0213802221875 -0.099205003125
v -0.078021075 -0.2444195 -0.18089375
v -0.0601465890625 0.147723796875 -0.150643828125
v -0.0618421046875 0.127726546875 -0.141371296875
v -0.0403862671875 0.12765034375 -0.138185546875
v -0.0204268745469 0.106195365625 -0.128739828125
v -0.0237208350156 0.06454374375 -0.113937234375
v 0.039745675 -0.0255813 -0.1019985625
v -0.05951965 -0.24795125 -0.18425975
v -0.0805185625 0.18741825 -0.17870075
v -0.05684895625 0.186054171875 -0.172117421875
v -0.0187607135937 0.12693609375 -0.136287375
v -0.0801942265625 -0.249935421875 -0.201876609375
v -0.101541876562 -0.2450998125 -0.201322640625
v -0.126861875 -0.247926875 -0.2436145
v -0.124962671875 -0.24376765625 -0.222144234375
v -0.038724859375 0.14774196875 -0.147277703125
v -0.0170965067187 0.147151015625 -0.145071515625
v 0.0393578984375 -0.0038910821875 -0.103948167187
v 0.0180833082813 0.0399084796875 -0.110310990625
v -0.0033755815625 0.042179253125 -0.106946315625
v -0.00216252571875 0.0627274796875 -0.115258953125
v -0.1012448125 -0.25125975 -0.22518475
v -0.0370493453125 0.167300578125 -0.15741559375
v -0.0005597455625 0.08363925625 -0.122229921875
v 0.00116486990625 0.104691370313 -0.128744921875
v 0.0175091184375 0.0190434520313 -0.103105592188
v 0.0389201125 0.0171588435938 -0.108730667187
v 0.0191217806094 0.0606209140625 -0.117747640625
v -0.0555850625 -0.25296225 -0.200263375
v -0.05762505 0.20630425 -0.186495625
v -0.0353486453125 0.186157125 -0.16871375
v 0.0028966059375 0.125531984375 -0.135842671875
v 0.061285725 -0.0259888 -0.10944275
v 0.0390443640625 0.0378025859375 -0.115269515625
v -0.0324087875 -0.250264 -0.185834625
v -0.01308034 -0.250148125 -0.18474225
v -0.0396908875 -0.255906125 -0.20646375
v -0.107569375 -0.2524255 -0.24123425
v -0.0740979375 0.20126075 -0.186480625
v 0.0273903375 0.125789 -0.13800425
v 0.0225738504531 0.10260244375 -0.130284515625
v -0.01248560625 0.1691855 -0.155965125
v -0.0136726875 0.185753125 -0.16613125
v 0.0207263650625 0.0815346296875 -0.12424025
v 0.0429319875 0.118533875 -0.138367125
v 0.0631087125 -0.00186734375 -0.113035
v 0.060033775 0.01623794 -0.116007625
v 0.041740925 0.07917415 -0.127455125
v -0.014923125 -0.256802 -0.205475875
v -0.060259975 -0.257845625 -0.2240225
v -0.0820825375 -0.254690375 -0.223054375
v -0.05088835 0.219358375 -0.195616625
v -0.0306649625 0.20654975 -0.18221975
v -0.0148190375 0.201732625 -0.177180125
v 0.00753449125 0.148252 -0.145141875
v 0.02334866 0.141739375 -0.143477875
v 0.0788682625 -0.02317069625 -0.117883625
v 0.0596835625 0.0367635375 -0.121600625
v 0.042626625 0.0607911125 -0.12322375
v 0.0437553875 0.10003985 -0.133292125
v 0.0057936725 -0.25095475 -0.18897225
v 0.0044233225 -0.25633175 -0.204401625
v -0.0346709 0.219511375 -0.193090375
v 0.0034035975 0.1634275 -0.152510625
v -0.2342169375 0.06380455625 -0.2373850625
v -0.2406400625 0.0522630875 -0.24521475
v -0.2439555 0.06223835 -0.256649
v -0.2376055 0.07377255 -0.2487365
v -0.2369085625 0.0422172 -0.2339633125
v -0.2429251875 0.030583785625 -0.2419695625
v -0.2466415 0.040652 -0.253271
v -0.223347 0.0652532 -0.2188745
v -0.2303474375 0.05377894375 -0.226295375
v -0.2272825 0.0752722 -0.2298725
v -0.2258186875 0.043718975 -0.215506
v -0.232617625 0.032120455625 -0.2229385
v -0.23886975 0.02048191375 -0.2307805
v -0.2446734375 0.00881250125 -0.2389338125
v -0.248702 0.01893784 -0.250145
v -0.2403736875 -0.0013215675 -0.2277958125
v -0.245849 -0.013048676875 -0.23620925
v -0.2501025 -0.00288421 -0.2473675
v -0.2278394375 0.022066686875 -0.2120966875
v -0.234368 0.01038264 -0.219741
v -0.24140175 -0.02318580625 -0.225061625
v -0.2466229375 -0.03494755 -0.2336760625
v -0.25106 -0.02476665 -0.2448215
v -0.21296175 0.045333025 -0.198379125
v -0.22070875 0.03372355625 -0.2049544375
v -0.218436 0.05527795 -0.2085965
v -0.2294791875 0.00037252375 -0.2088303125
v -0.2357219375 -0.011402094375 -0.2167464375
v -0.2416980625 -0.04510980625 -0.2227028125
v -0.246451625 -0.0569042 -0.231632375
v -0.2514785 -0.0466877 -0.242533
v -0.215174875 0.02388126875 -0.1945590625
v -0.222614125 0.012140318125 -0.20142375
v -0.198758 0.0471478 -0.1824855
v -0.207152375 0.0355802125 -0.1883005
v -0.204702 0.05685905 -0.192391
v -0.2410315 -0.06708325 -0.220914
v -0.245216 -0.07884295 -0.2301515
v -0.2507925 -0.06866855 -0.240787
v -0.2169815 0.00237901 -0.190852
v -0.224099375 -0.00949120375 -0.19806175
v -0.2010075 0.02601023125 -0.178251625
v -0.20925175 0.014224713125 -0.1842528125
v -0.230547375 -0.021372319375 -0.205857625
v -0.236371125 -0.0332488875 -0.214110125
v -0.21822525 -0.01922284625 -0.187460625
v -0.22478275 -0.031208413125 -0.1951628125
v -0.23066675 -0.04319413125 -0.2034048125
v -0.236225 -0.0551573 -0.2119095
v -0.2030366875 0.004696983125 -0.173996625
v -0.210928375 -0.0072379525 -0.180414625
v -0.2044041875 -0.016793066875 -0.1702129375
v -0.2116911875 -0.028855261875 -0.177181125
v -0.1859105 0.0283007 -0.1628425
v -0.1946351875 0.01654422125 -0.1681946875
v -0.192357 0.0377282 -0.172813
v -0.2182421875 -0.04092830625 -0.1848030625
v -0.2243235 -0.0530044 -0.192909
v -0.188143 0.00712381 -0.1580925
v -0.1964915 -0.00478235375 -0.1638911875
v -0.1894148125 -0.014259750625 -0.1540944375
v -0.1975075 -0.026302 -0.1601925
v -0.2044295 -0.0384096 -0.167218
v -0.210951 -0.05052175 -0.1748155
v -0.1732125 -0.011775225 -0.139229
v -0.1817575 -0.0237376 -0.1446515
v -0.18105 -0.002287115 -0.148485
v -0.2413315625 -0.1455775 -0.2523936875
v -0.250972 -0.137039 -0.2604415
v -0.248595 -0.124309 -0.2508285
v -0.2395265 -0.133061 -0.242835
v -0.144390375 0.022713515625 -0.1275288125
v -0.1356354375 0.013045961875 -0.1186595
v -0.1461145 0.001796775 -0.1217195
v -0.154769 0.011483355 -0.1306405
v -0.230401875 -0.1654209375 -0.253483625
v -0.241497 -0.158494 -0.2620325
v -0.231043 -0.152862 -0.2440485
v -0.1608374375 0.041729 -0.1466765625
v -0.15270975 0.0322543375 -0.1369223125
v -0.162286 0.02100455 -0.139906
v -0.1702745 0.03044185 -0.149775
v -0.14223225 0.04319268125 -0.13437475
v -0.1336150625 0.0336474 -0.125084125
v -0.124692125 0.02407108625 -0.1162043125
v -0.1153271375 0.01426021125 -0.1082756625
v -0.1265085 0.00322844 -0.11046
v -0.2100123125 -0.1775695625 -0.234060125
v -0.2199495625 -0.1716991875 -0.2440459375
v -0.221527 -0.1595225 -0.2344635
v -0.211835 -0.1654695 -0.2244115
v -0.2173076875 -0.184043625 -0.2536103125
v -0.2282025 -0.178077 -0.263116
v -0.13994325 0.0634562625 -0.1418435625
v -0.1312803125 0.0538379 -0.132661625
v -0.1506209375 0.05274594375 -0.14392925
v -0.1690175 0.05123575 -0.1564585
v -0.1588523125 0.0622900875 -0.15355425
v -0.122381875 0.04426969375 -0.12366975
v -0.113261825 0.0347758125 -0.114971875
v -0.1969565 -0.19515 -0.2334881875
v -0.2069659375 -0.18973375 -0.2436805
v -0.2004075 -0.1831535 -0.2238945
v -0.1037822625 0.0251620525 -0.106987725
v -0.09386751875 0.01503514 -0.100476675
v -0.10556325 0.00413657 -0.1014993
v -0.1766140625 -0.2046795625 -0.2130035625
v -0.1869128125 -0.200187125 -0.223208875
v -0.1901865 -0.188347 -0.2139485
v -0.1799375 -0.1929085 -0.2038485
v -0.2026988125 -0.201487 -0.2535290625
v -0.213371 -0.1960785 -0.2634515
v -0.1567801875 0.08279443125 -0.16043
v -0.148463375 0.07313708125 -0.1510595625
v -0.1670715 0.07189825 -0.163104
v -0.1377404375 0.0837148 -0.1491783125
v -0.1289794375 0.07400395625 -0.1404241875
v -0.1200505 0.06436339375 -0.131825
v -0.11091370625 0.05481055 -0.1233685625
v -0.10156903125 0.04538096875 -0.1151656875
v -0.0919771 0.0358188875 -0.10735278125
v -0.1354560625 0.10381119375 -0.156572375
v -0.1267125625 0.09416314375 -0.148008125
v -0.14629 0.0934341 -0.158167
v -0.1648635 0.092557 -0.1698965
v -0.1544395625 0.10319921875 -0.1674604375
v -0.0993249375 0.0654358375 -0.1240615
v -0.089819475 0.0559257625 -0.1164733125
v -0.08206153125 0.025794925 -0.10058420625
v -0.07178478125 0.015137033125 -0.0955709375
v -0.08364195 0.0044184 -0.09528715
v -0.1330530625 0.1237364375 -0.1642265625
v -0.1244015 0.114210125 -0.15566
v -0.143875125 0.1135464375 -0.1654713125
v -0.162181 0.113172 -0.176857
v -0.151753 0.1234725 -0.174675
v -0.1177755625 0.084553025 -0.139728
v -0.10864328125 0.07494640625 -0.1317526875
v -0.1392179375 -0.2249448125 -0.191152375
v -0.150207375 -0.222578125 -0.20166025
v -0.1557075 -0.2121995 -0.192376
v -0.144866 -0.214776 -0.1818455
v -0.182171375 -0.2115133125 -0.232922875
v -0.192388375 -0.206678 -0.2433175
v -0.186645875 -0.2174391875 -0.2535629375
v -0.197307 -0.212638 -0.2637725
v -0.1610438125 -0.2195575 -0.2121611875
v -0.171728125 -0.21585025 -0.2225408125
v -0.1663085 -0.208748 -0.2027005
v -0.1434009375 -0.2319124375 -0.2115663125
v -0.1544714375 -0.229294875 -0.2221296875
v -0.1155605 0.104778425 -0.14754325
v -0.10646555 0.09525418125 -0.1397704375
v -0.09714344375 0.0856625375 -0.132468625
v -0.0876576125 0.0760230625 -0.125469625
v -0.16536925 -0.225948125 -0.2326448125
v -0.176075875 -0.22194375 -0.2431295625
v -0.1687816875 -0.2311568125 -0.2537754375
v -0.1797455 -0.227191 -0.2642255
v -0.1307845 0.143427 -0.172634
v -0.1222503125 0.134104875 -0.1639469375
v -0.141491 0.133252 -0.1730345
v -0.11342275 0.1249313125 -0.155621125
v -0.1044113125 0.1156344375 -0.1478308125
v -0.078024625 0.0662420875 -0.1185769375
v -0.06822736875 0.056300625 -0.1118779375
v -0.08011809375 0.04620603125 -0.10916340625
v -0.0701641125 0.0361552875 -0.10246949375
v -0.0599080625 0.025604620625 -0.097016775
v -0.0494126 0.014395329375 -0.09343591875
v -0.06127145 0.003950665 -0.091879
v -0.12065631875 -0.235129375 -0.190713375
v -0.1321 -0.233769875 -0.2010994375
v -0.128211 -0.226948 -0.1806445
v -0.1115735 0.14483025 -0.1646323125
v -0.10249144375 0.135813375 -0.1565128125
v -0.0951478875 0.10612164375 -0.14049225
v -0.0856614875 0.09642591875 -0.1336843125
v -0.03756575625 0.02444652 -0.0962456875
v -0.0270235825 0.01284924875 -0.09394416875
v -0.03883405 0.00281576 -0.0910959
v -0.09324023125 0.12647525 -0.14890575
v -0.083804725 0.1169088125 -0.14179325
v -0.07600460625 0.08648446875 -0.1273198125
v -0.066247075 0.07641128125 -0.121122125
v -0.0582093125 0.04609023125 -0.10567665
v -0.04797699375 0.03552114375 -0.10025529375
v -0.1465521875 -0.2375561875 -0.2326413125
v -0.1577325625 -0.2346776875 -0.2432309375
v -0.1237213125 -0.2411471875 -0.2115615625
v -0.1352351875 -0.23973125 -0.2220466875
v -0.1492015 -0.242346 -0.254169
v -0.1604245 -0.2390625 -0.264742
v -0.05636736875 0.06617109375 -0.115175625
v -0.04633100625 0.05573026875 -0.109617375
v -0.015334145 0.02251389375 -0.097802125
v -0.00474370125 0.01065446375 -0.09637345
v -0.016400685 0.00094755 -0.0925604
v -0.0361527625 0.04500525625 -0.10469704375
v -0.02581705625 0.0339499875 -0.10064469375
v -0.10029044375 -0.2423300625 -0.1908730625
v -0.11204188125 -0.2419634375 -0.201165
v -0.10915655 -0.2360755 -0.180357
v -0.1100515 0.16436 -0.17436
v -0.1008373875 0.15553925 -0.1660804375
v -0.12063 0.153614 -0.1729825
v -0.09147338125 0.146461625 -0.1581206875
v -0.0820144125 0.1370835 -0.1506228125
v -0.089915025 0.1659043125 -0.168220125
v -0.08032879375 0.1568394375 -0.160305125
v -0.0741905 0.1070723125 -0.1352185625
v -0.0644086375 0.09691324375 -0.129309125
v -0.05453395625 0.08654280625 -0.1238089375
v -0.04459905 0.0760097 -0.118601375
v -0.125970625 -0.2459554375 -0.232848875
v -0.1375225 -0.2443315 -0.243465
v -0.07242665625 0.1274730625 -0.1435638125
v -0.06269413125 0.1175394375 -0.1371555625
v -0.05282836875 0.10724989375 -0.131501125
v -0.042885625 0.09667593125 -0.126468125
v 0.00664863 0.0201970925 -0.1009584625
v 0.01736389875 0.008406139375 -0.10028468125
v 0.006055415 -0.00130266 -0.0956565
v -0.06905626875 0.1669566875 -0.1630139375
v -0.05930826875 0.1575609375 -0.1556061875
v -0.070712775 0.1474473125 -0.1528475
v -0.0609920625 0.1377835 -0.145883125
v -0.0511503125 0.127776625 -0.139598875
v -0.0412187 0.1174033125 -0.1340941875
v -0.03291029375 0.08587455 -0.1219403125
v -0.0229209306875 0.07486723125 -0.1179278125
v -0.0345819125 0.06526145 -0.113869125
v -0.024473254375 0.05434016875 -0.109558375
v 0.02839368125 -0.00323629875 -0.10086616875
v 0.03956279375 -0.014687300625 -0.1027557
v 0.02854585 -0.02504245 -0.09925575
v 0.01725715 -0.013388115 -0.0971916
v -0.1026863375 -0.2476609375 -0.2118615
v -0.11439875 -0.247100375 -0.2222915
v -0.0885461 0.184642 -0.179255
v -0.078784125 0.1759408125 -0.1709856875
v -0.09960905 0.1746485 -0.1764575
v -0.03124518125 0.10671125 -0.1292976875
v -0.0212617975625 0.0957339625 -0.125202125
v -0.014242110625 0.0432224 -0.105803825
v -0.00385989375 0.031857625 -0.1028415125
v -0.0674884875 0.185708625 -0.1742808125
v -0.05766689375 0.176749125 -0.166325125
v -0.02958495625 0.12737475 -0.1370703125
v -0.019593078125 0.116613 -0.1323971875
v 0.02826184375 0.017998248125 -0.10568948125
v 0.039108975 0.006709574375 -0.10601129375
v -0.0129127525625 0.063686725 -0.1144305625
v -0.0028162575 0.0524376875 -0.11118275
v -0.0791313875 -0.247240875 -0.1913689375
v -0.09092035 -0.2477460625 -0.2015558125
v -0.08858935 -0.2422165 -0.1806335
v -0.0461299875 0.1861913125 -0.170279375
v -0.0362043875 0.1768205 -0.1629228125
v -0.04780294375 0.167354375 -0.158972625
v -0.03788939375 0.1575980625 -0.1522098125
v -0.04947425625 0.147814875 -0.1488025625
v -0.0096168669375 0.1055198125 -0.128554625
v 0.000297114625 0.09417016875 -0.125474375
v -0.01130425225 0.08452529375 -0.121749375
v -0.001394990375 0.07314318125 -0.1188830625
v 0.007408926875 0.0410606125 -0.1084390875
v 0.0177452875 0.02952401875 -0.1065473375
v -0.05757105 -0.2505015 -0.1922435
v -0.06938043125 -0.251701125 -0.202297125
v -0.06733375 -0.2461275 -0.1812895
v -0.03955606875 0.1377613125 -0.1425915
v -0.02792748125 0.1475265 -0.14602325
v -0.01793008625 0.137113875 -0.1405235625
v -0.007927873125 0.126320625 -0.1358709375
v 0.0020328 0.1151583125 -0.1321700625
v 0.0500956125 -0.004300955 -0.10761775
v 0.0609167375 -0.015189534375 -0.110448125
v 0.05068285 -0.02588155 -0.1054165
v -0.0658802 0.203836 -0.1863985
v -0.05600840625 0.1951640625 -0.1781828125
v -0.07733995 0.194373 -0.182512
v -0.04438370625 0.204254125 -0.1826914375
v -0.03447624375 0.19530975 -0.1747706875
v -0.006246320625 0.1465980625 -0.1444548125
v 0.00375198875 0.135773375 -0.139855625
v -0.05940383125 -0.2555716875 -0.2133956875
v -0.0711804 -0.2564205 -0.2234945
v -0.08116211875 -0.2523763125 -0.21244925
v -0.09295675 -0.252583 -0.222711
v -0.1043885 -0.251882 -0.233196
v -0.115969 -0.250866 -0.243789
v -0.0262456625 0.1671224375 -0.15608275
v -0.016255285625 0.1570521875 -0.149897
v -0.004541775 0.166358 -0.154142
v 0.005474865 0.155886 -0.1487125
v 0.04949723125 0.01662260125 -0.1122496875
v 0.0603527 0.00589296 -0.1135685
v 0.0295998625 0.0594882875 -0.1196023125
v 0.03937653125 0.04813074375 -0.1186381875
v 0.02861945625 0.03876485625 -0.112590875
v 0.018534083125 0.050257475 -0.114097625
v 0.0388954 0.0275009 -0.111891875
v 0.0085249849375 0.06170309375 -0.11633225
v 0.010119529 0.08263325625 -0.1230615625
v 0.0198705693125 0.07104870625 -0.1211014375
v -0.02452199375 0.1859886875 -0.167367625
v -0.01455225 0.176418 -0.1603385
v 0.0118983643125 0.10371681875 -0.1293135625
v 0.0216350836875 0.0920724625 -0.1272453125
v 0.013695764375 0.1245738125 -0.13622425
v 0.023519790625 0.1130648125 -0.13352575
v 0.049385025 0.0371945125 -0.1183376875
v 0.0597982 0.0265148 -0.118724
v 0.03125355625 0.0803707125 -0.1257619375
v 0.04081045 0.0687406 -0.124624
v -0.03757995 -0.257867 -0.214613
v -0.0493309 -0.259038 -0.2246295
v -0.0476588 -0.2545175 -0.203342
v -0.0425486 0.2215885 -0.1960385
v -0.0326746 0.213077 -0.187595
v -0.0542708 0.212871 -0.191002
v -0.02274725 0.204194 -0.179632
v -0.0127779 0.1948885 -0.1722125
v 0.01544494 0.145044 -0.144193
v 0.0253881 0.1338155 -0.1406085
v 0.07065555 -0.004390175 -0.1160355
v 0.0810372 -0.015064535 -0.119826
v 0.07148265 -0.02594865 -0.1140105
v 0.04987945 0.05780105 -0.124639
v 0.05972745 0.04702415 -0.1245205
v -0.0140017325 -0.2534750625 -0.1951090625
v -0.02584365 -0.256269 -0.2046975
v -0.0358334 -0.2524925 -0.193476
v -0.02399295 -0.2498335 -0.1838585
v 0.00783874 -0.253648 -0.1969165
v -0.00399905 -0.257103 -0.206316
v -0.00216541 -0.250155 -0.1856805
v 0.0448065 0.110417 -0.13637
v 0.0331815625 0.10135453125 -0.13168175
v 0.03518245 0.1221765 -0.1380845
v 0.04272805 0.0896164 -0.1303325
v -0.2391805 0.06303125 -0.24695425
v -0.24186875 0.0414412 -0.24356075
v -0.22887625 0.064538675 -0.228067
v -0.2315735 0.0429668 -0.2245915
v -0.243868 0.0197090425 -0.2404185
v -0.24531775 -0.0021103075 -0.23754175
v -0.233543 0.0212581225 -0.2213195
v -0.24631525 -0.0239919 -0.23490325
v -0.21959925 0.0445027 -0.2067675
v -0.235111 -0.0005031525 -0.2182095
v -0.2466785 -0.0459232 -0.23258
v -0.22171075 0.022936625 -0.20317325
v -0.20595275 0.046225 -0.190344
v -0.245912 -0.0678759 -0.2308505
v -0.22342775 0.0013330475 -0.19970575
v -0.20824975 0.02491395 -0.186264
v -0.23615075 -0.022317025 -0.21537325
v -0.22457675 -0.0203384525 -0.19653425
v -0.23635675 -0.044198625 -0.21297725
v -0.21016525 0.0035110025 -0.18228525
v -0.21147925 -0.0180329225 -0.17869425
v -0.19352025 0.027145675 -0.1704855
v -0.22464025 -0.0421008 -0.193987
v -0.1956535 0.00590491 -0.16597725
v -0.1970655 -0.015527665 -0.1619945
v -0.2114375 -0.039686325 -0.17593225
v -0.18140375 -0.0130123575 -0.14656825
v -0.24524925 -0.13505 -0.25163825
v -0.1452875 0.0122894625 -0.12454475
v -0.23627 -0.155678 -0.2530405
v -0.161607 0.03138015 -0.14328175
v -0.143353 0.0330003 -0.1308305
v -0.12564225 0.013703245 -0.11319525
v -0.21588075 -0.168572 -0.23427575
v -0.2240645 -0.17487575 -0.253628
v -0.141085 0.053333525 -0.1380865
v -0.15988675 0.05202435 -0.1501095
v -0.12357425 0.034225 -0.119761
v -0.2036995 -0.18646325 -0.23378875
v -0.1047093 0.01471576 -0.1040244
v -0.18354575 -0.19660775 -0.2134695
v -0.21018125 -0.19292575 -0.25356725
v -0.1578315 0.0725501 -0.1569845
v -0.138839 0.073594325 -0.14552375
v -0.12120825 0.054309875 -0.127735
v -0.10270905 0.03534255 -0.1108275
v -0.13661575 0.093784775 -0.1528585
v -0.15565425 0.093013125 -0.1639205
v -0.100441575 0.055401025 -0.11962425
v -0.082880575 0.0151836 -0.0976677
v -0.1342525 0.113801 -0.160328
v -0.153122 0.11334575 -0.17105425
v -0.11890575 0.0744481 -0.135808
v -0.14761575 -0.218753 -0.191705
v -0.1897975 -0.20352675 -0.233185
v -0.194874 -0.20969225 -0.253526
v -0.1691005 -0.2123735 -0.21256375
v -0.15248275 -0.2260995 -0.211807
v -0.1166615 0.0946672 -0.143629
v -0.098217375 0.075518525 -0.12833575
v -0.174027 -0.2190295 -0.2327455
v -0.1779535 -0.2246255 -0.25364475
v -0.13190575 0.13359975 -0.16836925
v -0.1144695 0.1148745 -0.151503
v -0.079075025 0.056229225 -0.113887
v -0.08112715 0.0360985 -0.104572625
v -0.06061645 0.0148713325 -0.09415985
v -0.130208 -0.23041325 -0.1908365
v -0.1124545 0.13492475 -0.1600105
v -0.0961277 0.095881325 -0.13648175
v -0.03821025 0.013717855 -0.093400625
v -0.09418175 0.11633025 -0.14461725
v -0.076993575 0.076318625 -0.12306675
v -0.0590929 0.03596315 -0.10102585
v -0.156203 -0.232142 -0.23261275
v -0.133782 -0.23690925 -0.21150425
v -0.15911525 -0.23693875 -0.253959
v -0.05729565 0.056129175 -0.11045875
v -0.01586678 0.01179985 -0.09495675
v -0.036879875 0.034828325 -0.100171425
v -0.110633275 -0.23906425 -0.190739
v -0.1107885 0.15462325 -0.16944775
v -0.092334275 0.13652475 -0.15340675
v -0.09066705 0.15626875 -0.163048
v -0.07508045 0.09676525 -0.1312995
v -0.055439925 0.0763071 -0.11963075
v -0.13644075 -0.24213575 -0.2327225
v -0.07330415 0.117317 -0.13928975
v -0.0536701 0.096883825 -0.127695
v 0.006341795 0.009497895 -0.09812935
v -0.069873925 0.157279 -0.1578065
v -0.071563275 0.13751425 -0.1480915
v -0.051988775 0.11756075 -0.1354395
v -0.033751375 0.0755227 -0.11804275
v -0.035384575 0.0551193 -0.10934175
v 0.028473925 -0.0140970575 -0.0998153
v -0.11331425 -0.2446835 -0.211679
v -0.08921705 0.1753265 -0.1736685
v -0.032076 0.0962885 -0.1256395
v -0.01480405 0.032951425 -0.10154555
v -0.06826935 0.17642775 -0.16851525
v -0.030414525 0.1170895 -0.13307225
v 0.0282968 0.0074551925 -0.102899675
v -0.0136139425 0.053436775 -0.11019375
v -0.0897794 -0.245039 -0.19107525
v -0.046970925 0.17686675 -0.16448325
v -0.04863765 0.15765875 -0.15375825
v -0.01046359025 0.09502475 -0.125149
v -0.01213174775 0.074064425 -0.1182295
v 0.006996375 0.030693575 -0.1045001
v -0.06837765 -0.2489855 -0.1917775
v -0.050311975 0.13785775 -0.144068
v -0.0287574 0.1375185 -0.141399
v -0.0087711875 0.1159675 -0.1320925
v 0.05039585 -0.015040145 -0.1063295
v -0.066689 0.19481575 -0.180281
v -0.045268525 0.1953235 -0.17635025
v -0.007088245 0.136532 -0.13999825
v -0.070300975 -0.254132 -0.21288
v -0.0919631 -0.25022225 -0.212114
v -0.11524375 -0.24909 -0.233013
v -0.027090825 0.1574045 -0.150908
v -0.0053961175 0.15651525 -0.149221
v 0.0497689 0.006233805 -0.1096565
v 0.02902415 0.049115025 -0.11616625
v 0.028367375 0.0284137 -0.10900925
v 0.0079101825 0.051371475 -0.11246025
v 0.00927817725 0.0721324 -0.11982375
v -0.025390225 0.17665025 -0.161577
v 0.01099880975 0.093179525 -0.1261725
v 0.0128005375 0.11419075 -0.13264175
v 0.049362125 0.0269239 -0.11520125
v 0.030365 0.069908725 -0.122766
v -0.04849485 -0.25677775 -0.21398575
v -0.0434727 0.212974 -0.1892985
v -0.02363845 0.1951385 -0.1734315
v 0.01457448 0.1348385 -0.14012825
v 0.0710691 -0.0151694125 -0.115023
v 0.049587375 0.04749125 -0.1214855
v -0.0249183 -0.25305125 -0.194278
v -0.00308223 -0.253629 -0.19599825
v 0.034178325 0.1117805 -0.13484025
v 0.032199525 0.090868625 -0.12869475
v -0.23216875 -0.1038266875 -0.214956
v -0.229062 -0.11956225 -0.217648625
v -0.225917 -0.09711575 -0.20350875
v -0.226149 -0.0830289125 -0.199544125
v -0.2192201875 -0.116386764063 -0.20287696875
v -0.222578875 -0.134333 -0.217216
v -0.213119921875 -0.095392028125 -0.187011484375
v -0.217079375 -0.077802175 -0.1862275
v -0.21410675 -0.136355125 -0.206662875
v -0.206929875 -0.151095 -0.2067695
v -0.2085248125 -0.11286263125 -0.188518375
v -0.20519275 -0.0741579625 -0.1715495
v -0.203287703125 -0.13026809375 -0.19053409375
v -0.199241625 -0.16581875 -0.2070325
v -0.19713371875 -0.147661578125 -0.19287965625
v -0.2013100625 -0.0916564703125 -0.172820359375
v -0.1968790625 -0.109067654687 -0.174663515625
v -0.19043075 -0.16510725 -0.195353625
v -0.1920169375 -0.1264690625 -0.176959109375
v -0.184038546875 -0.10504913125 -0.1615679375
v -0.194067625 -0.0686702375 -0.159050625
v -0.192719625 -0.0545549375 -0.155040875
v -0.1810895 -0.164239125 -0.184036
v -0.173413625 -0.176680125 -0.182830625
v -0.188098375 -0.0877462015625 -0.15933553125
v -0.1798035 -0.0491201125 -0.143289125
v -0.18660453125 -0.143944828125 -0.179529
v -0.1796273125 -0.122394234375 -0.16414421875
v -0.16977484375 -0.100976714062 -0.14972590625
v -0.173401921875 -0.0837910546875 -0.147031375
v -0.17491471875 -0.139888328125 -0.166895734375
v -0.17680140625 -0.066543025 -0.144773546875
v -0.162926625 -0.029790225 -0.1294695
v -0.16976540625 -0.1575369375 -0.1695715
v -0.164225875 -0.1782535 -0.173894625
v -0.156019375 -0.1905565 -0.172698625
v -0.1660180625 -0.118255145313 -0.15250415625
v -0.146549625 -0.1916125 -0.164123875
v -0.165796875 -0.043769325 -0.132574625
v -0.157688796875 -0.15320846875 -0.157917953125
v -0.16202296875 -0.13568940625 -0.155240734375
v -0.15733275 -0.0798963875 -0.136365203125
v -0.160423375 -0.062789021875 -0.13348446875
v -0.152662875 -0.17083490625 -0.160294765625
v -0.1479385 -0.0250566625 -0.11971975
v -0.14028821875 -0.166131796875 -0.149819578125
v -0.13506259375 -0.183604265625 -0.1516105
v -0.154234265625 -0.097023053125 -0.139374796875
v -0.1511198125 -0.114275114063 -0.142340109375
v -0.14788459375 -0.131563921875 -0.145066125
v -0.127584234375 -0.201089296875 -0.153578953125
v -0.144357046875 -0.148845671875 -0.147596671875
v -0.14558346875 -0.04240584375 -0.121098390625
v -0.12915675 -0.0229045625 -0.110246125
v -0.122372734375 -0.178840125 -0.142502796875
v -0.13669575 -0.207173375 -0.165146875
v -0.1168285625 -0.19540525 -0.1439461875
v -0.14012371875 -0.0764650375 -0.127603984375
v -0.14285925 -0.0594420859375 -0.12403959375
v -0.129435328125 -0.1453080625 -0.139047875
v -0.126176703125 -0.162185515625 -0.140965546875
v -0.108009 -0.210011984375 -0.14478859375
v -0.137601921875 -0.0937024296875 -0.131023921875
v -0.132337203125 -0.12821625 -0.136768015625
v -0.12665378125 -0.0399786078125 -0.11271140625
v -0.135034765625 -0.110980557812 -0.13409925
v -0.1090224 -0.0216961 -0.102810075
v -0.115079075 -0.219732375 -0.15689475
v -0.12428053125 -0.05682639375 -0.116501109375
v -0.12320525 -0.221447 -0.1666385
v -0.0940569234375 -0.219246390625 -0.143855828125
v -0.104174575 -0.191594 -0.13679525
v -0.122188359375 -0.0738074015625 -0.120756125
v -0.0885522375 -0.02180435 -0.09780285
v -0.107850832812 -0.17594240625 -0.135452375
v -0.110717723437 -0.159639015625 -0.134217828125
v -0.0891615921875 -0.2071268125 -0.1357515625
v -0.12024096875 -0.091289525 -0.124702140625
v -0.118172520313 -0.108531989063 -0.12793121875
v -0.11337079375 -0.142870765625 -0.132628671875
v -0.106985478125 -0.039043246875 -0.106451290625
v -0.115837873438 -0.125814890625 -0.130609328125
v -0.100383026562 -0.107615896875 -0.123511765625
v -0.105343867187 -0.056277040625 -0.11116565625
v -0.0688028125 -0.0224222625 -0.0949195125
v -0.1038361875 -0.073418840625 -0.115941578125
v -0.0875120078125 -0.039329053125 -0.10226439375
v -0.0922892828125 -0.175151609375 -0.13087415625
v -0.0945437390625 -0.158446640625 -0.12958678125
v -0.0995145875 -0.227949625 -0.1558475
v -0.0749678796875 -0.20999209375 -0.133938125
v -0.09000505625 -0.19154578125 -0.132455140625
v -0.1021913875 -0.0905250625 -0.120104546875
v -0.0823137328125 -0.10779599375 -0.120512359375
v -0.08160235 -0.23415725 -0.156090875
v -0.05930349375 -0.2121388125 -0.133250703125
v -0.0779185703125 -0.224334390625 -0.142800703125
v -0.096668584375 -0.14162490625 -0.1280915
v -0.0838604484375 -0.0907177234375 -0.116995359375
v -0.09855139375 -0.12470415625 -0.126240578125
v -0.0852170609375 -0.073661625 -0.112593765625
v -0.0863891390625 -0.0565688796875 -0.107493014063
v -0.068243109375 -0.0398259734375 -0.0996670703125
v -0.0777231484375 -0.1588454375 -0.127093828125
v -0.074878453125 -0.192959421875 -0.130157484375
v -0.080797571875 -0.12489209375 -0.123391265625
v -0.0494503375 -0.0229443625 -0.0934298125
v -0.05896794375 -0.194667359375 -0.129325
v -0.065442728125 -0.0909514125 -0.1150824375
v -0.0642415578125 -0.108067045312 -0.118862390625
v -0.01148606375 -0.02355455 -0.0937769125
v -0.076195178125 -0.175824921875 -0.128396234375
v -0.059430525 -0.229244375 -0.143634375
v -0.0630404 -0.1252374375 -0.122027234375
v -0.049167028125 -0.0402446328125 -0.0981043796875
v -0.0674059234375 -0.0569134171875 -0.105102389062
v -0.0606392953125 -0.15966 -0.126148203125
v -0.06178740625 -0.142408171875 -0.1244011875
v -0.0792590078125 -0.141893296875 -0.125514703125
v -0.0656661 -0.235932375 -0.154517625
v -0.04283631875 -0.21348740625 -0.133864421875
v -0.059631534375 -0.17705553125 -0.127563671875
v -0.0665508609375 -0.0739031046875 -0.1104884375
v -0.03037515 -0.0233198125 -0.0929989375
v -0.04797530625 -0.0741699859375 -0.10919846875
v 0.005010485 -0.0258060625 -0.09568835
v -0.030256940625 -0.040575309375 -0.0974962953125
v -0.0442281875 -0.229202875 -0.1425655
v -0.0260250096875 -0.2142438125 -0.1354513125
v -0.04252088125 -0.19592559375 -0.129750203125
v -0.042901403125 -0.17809625 -0.1278694375
v -0.047172803125 -0.091156125 -0.114165921875
v -0.0453108890625 -0.12553525 -0.12166271875
v 0.00951846625 -0.038771375 -0.098381325
v -0.0114869078125 -0.0408089 -0.0978095109375
v -0.0486078609375 -0.0572491921875 -0.103634457812
v -0.043607521875 -0.160442359375 -0.1263591875
v -0.02953083125 -0.074423809375 -0.1086295
v -0.046246596875 -0.108290660937 -0.118236609375
v -0.029933878125 -0.0575364984375 -0.10297769375
v -0.044393409375 -0.142899875 -0.12437653125
v -0.02771575 -0.12581890625 -0.121982546875
v -0.0090432525 -0.214652140625 -0.137637734375
v -0.0271571625 -0.22990575 -0.144243
v -0.0289889140625 -0.0913944390625 -0.113777796875
v -0.0284037359375 -0.108523617188 -0.118266859375
v 0.02563633 -0.04075685 -0.100752375
v -0.0257448207813 -0.19672109375 -0.131108625
v -0.01059530375 -0.108705307812 -0.118772453125
v 0.007034381875 -0.0578598515625 -0.103892789062
v 0.0252954576562 -0.057715678125 -0.10580028125
v 0.041528975 -0.04248545 -0.1044915
v -0.0113960485937 -0.0577723046875 -0.10304663125
v -0.027041423125 -0.14327371875 -0.125047359375
v -0.01007493625 -0.23013425 -0.146666625
v -0.026013594375 -0.178802 -0.129066328125
v -0.0264690232813 -0.16094103125 -0.127353203125
v -0.0112219528125 -0.0746505421875 -0.1086418125
v 0.02502037375 -0.0746090515625 -0.111224640625
v -0.01016548 -0.126025515625 -0.12278128125
v 0.008057725625 -0.2147464375 -0.140488453125
v 0.025152930625 -0.214509921875 -0.143926375
v -0.0109470832813 -0.091599375 -0.11398253125
v 0.0247982479687 -0.0915315625 -0.11667984375
v -0.009726100625 -0.1435183125 -0.126192640625
v 0.007079495 -0.230130875 -0.14982275
v -0.009303719375 -0.161236578125 -0.128774078125
v -0.008953298125 -0.179141265625 -0.130808890625
v -0.008783234375 -0.197155484375 -0.133102765625
v 0.00827603671875 -0.19729315625 -0.13568334375
v 0.0069768503125 -0.07473245625 -0.109471734375
v 0.0073479121875 -0.12608853125 -0.12408615625
v 0.02189682625 -0.231016875 -0.155022375
v 0.0422360171875 -0.213874765625 -0.147991921875
v 0.02537087 -0.197139921875 -0.138722265625
v 0.0071375571875 -0.10875825 -0.11985084375
v 0.0069831596875 -0.09165158125 -0.11494071875
v 0.0456263625 -0.055114 -0.108790625
v 0.00758629625 -0.1435924375 -0.12780253125
v 0.00785937046875 -0.161364921875 -0.130649
v 0.0428106640625 -0.0742209 -0.114139984375
v 0.04241463125 -0.0911658328125 -0.11945978125
v 0.060873675 -0.0565729 -0.113794125
v 0.025004475 -0.161230203125 -0.13317146875
v 0.024853285 -0.143476046875 -0.12997215625
v 0.0433835375 -0.2297795 -0.160471
v 0.0424129890625 -0.196647125 -0.142477484375
v 0.008122095625 -0.179310796875 -0.1330133125
v 0.0252162025 -0.179178671875 -0.13580909375
v 0.024728055625 -0.108623839062 -0.121710828125
v 0.042018728125 -0.12557065625 -0.1289856875
v 0.024752798125 -0.125961234375 -0.126101140625
v 0.024907175 -0.238565375 -0.167115
v 0.0591741546875 -0.212749890625 -0.152958328125
v 0.0420755890625 -0.16081865625 -0.136402484375
v 0.0422535625 -0.178735546875 -0.13931028125
v 0.0421465171875 -0.108258495312 -0.12447228125
v 0.05970248125 -0.090493634375 -0.123611828125
v 0.060221471875 -0.0735071296875 -0.11862234375
v 0.07572975 -0.057795 -0.119818125
v 0.0593268390625 -0.195768984375 -0.147048796875
v 0.042001540625 -0.14309503125 -0.13296128125
v 0.0590535875 -0.124918390625 -0.13289415625
v 0.0378056125 -0.237605 -0.170225125
v 0.075955359375 -0.211003 -0.15905515625
v 0.0589608734375 -0.14242434375 -0.1368954375
v 0.0592922875 -0.107603498438 -0.1284529375
v 0.076592575 -0.089540059375 -0.129130046875
v 0.0794145375 -0.0702549 -0.1247485
v 0.0584813125 -0.227002375 -0.163515
v 0.0591691765625 -0.17794771875 -0.1436298125
v 0.0590017515625 -0.16010540625 -0.14046353125
v 0.0760904171875 -0.106660959375 -0.133712203125
v 0.0760102234375 -0.19447228125 -0.152495296875
v 0.0924372609375 -0.20871490625 -0.1660408125
v 0.0756587515625 -0.1414288125 -0.141833015625
v 0.0757843328125 -0.1239701875 -0.13793978125
v 0.0929062265625 -0.0881472890625 -0.135989484375
v 0.0758895203125 -0.176843359375 -0.14867809375
v 0.075732625 -0.15909409375 -0.145337640625
v 0.092374509375 -0.105285396875 -0.140248734375
v 0.0935193875 -0.0710567625 -0.131866
v 0.0752568625 -0.22484725 -0.169942
v 0.092417034375 -0.192778046875 -0.158815328125
v 0.0915538375 -0.2219665 -0.17738525
v 0.092105428125 -0.1226395 -0.144183390625
v 0.09226233125 -0.175345921875 -0.154753921875
v 0.108414809375 -0.190462125 -0.166397203125
v 0.123901 -0.20257025 -0.18311775
v 0.1103305 -0.207283625 -0.17635975
v 0.09199659375 -0.140100375 -0.147885546875
v 0.092079109375 -0.157694171875 -0.15135525
v 0.123915171875 -0.18760303125 -0.175049
v 0.10559755 -0.2173525 -0.183069375
v 0.108261134375 -0.17341071875 -0.16178228125
v 0.1106725 -0.084010775 -0.144606125
v 0.1072040375 -0.071646975 -0.139633625
v 0.108032098438 -0.155879984375 -0.1582884375
v 0.123644578125 -0.17104215625 -0.169894296875
v 0.13835846875 -0.168167625 -0.1791645
v 0.1404965 -0.185613875 -0.187143125
v 0.10795745 -0.12090290625 -0.151404671875
v 0.107886979687 -0.138355015625 -0.1548961875
v 0.154248625 -0.16666975 -0.191234125
v 0.1081859125 -0.10355089375 -0.1477823125
v 0.123394265625 -0.1536893125 -0.166239640625
v 0.1524525 -0.14845121875 -0.18501553125
v 0.165933 -0.161922375 -0.200460125
v 0.136725375 -0.19705725 -0.19124425
v 0.123888625 -0.084321225 -0.152901125
v 0.1367815 -0.084489525 -0.161673375
v 0.1235183125 -0.10153424375 -0.156291546875
v 0.12325075 -0.136247671875 -0.162924359375
v 0.138085625 -0.133874515625 -0.171920625
v 0.138171390625 -0.151179078125 -0.175181734375
v 0.1774085 -0.157352625 -0.21028175
v 0.15101325 -0.179106125 -0.19341925
v 0.12331409375 -0.118851676563 -0.159634046875
v 0.1402105 -0.096837025 -0.166406875
v 0.152514734375 -0.1313803125 -0.1816434375
v 0.152621265625 -0.114164639063 -0.17856678125
v 0.166445125 -0.1288653125 -0.192146015625
v 0.166182953125 -0.14565996875 -0.195856828125
v 0.180946625 -0.144824875 -0.2093335
v 0.1666344375 -0.111751085938 -0.189091421875
v 0.166765375 -0.0945373125 -0.186293125
v 0.15278625 -0.0969336125 -0.17557875
v 0.13816921875 -0.1165764625 -0.168787875
v 0.179786625 -0.12645725 -0.20347996875
v 0.194330125 -0.125930625 -0.217139625
v 0.190668625 -0.13889225 -0.21719175
v 0.180286125 -0.092235575 -0.19757625
v 0.193341125 -0.090031875 -0.209467375
v 0.18013275 -0.109451790625 -0.20027875
v 0.203849125 -0.12016875 -0.22545325
v 0.205893 -0.1050959625 -0.224232625
v 0.20444275 -0.09033095 -0.220524
v 0.19318621875 -0.107215984375 -0.212038828125
v -0.100412041667 -0.203743222222 -0.138338222222
v -0.2217104375 -0.10764918125 -0.2022340625
v -0.2242028125 -0.11800096875 -0.2102333125
v -0.2316205 -0.1108065 -0.2171365
v -0.2291045 -0.10047825 -0.2091975
v -0.2165023125 -0.125082375 -0.2037030625
v -0.21837 -0.1353435 -0.21191
v -0.2260955 -0.1282385 -0.218402
v -0.2225865 -0.0795379 -0.193789
v -0.2151468125 -0.086606425 -0.1865641875
v -0.2186643125 -0.0971721375 -0.194344375
v -0.2260955 -0.09009375 -0.2015375
v -0.210904375 -0.1041403375 -0.18768
v -0.2139906875 -0.1146667125 -0.1956385625
v -0.206005875 -0.1215701875 -0.18947525
v -0.2085421875 -0.1320544375 -0.1975311875
v -0.211299 -0.0760032 -0.178815
v -0.20329325 -0.0829144125 -0.1721418125
v -0.207360875 -0.093551175 -0.1798365625
v -0.1991595 -0.10036974375 -0.173671375
v -0.2028330625 -0.1109963375 -0.1815166875
v -0.2003104375 -0.1389614375 -0.191678375
v -0.2020801875 -0.1493979375 -0.1997869375
v -0.210427 -0.142453 -0.2056535
v -0.1938171875 -0.156379875 -0.1941095
v -0.194972 -0.166768 -0.2021635
v -0.2032145 -0.159739 -0.2078985
v -0.19450625 -0.117763625 -0.1757654375
v -0.197784625 -0.1284066875 -0.1836684375
v -0.1899874375 -0.07907236875 -0.1583995
v -0.194890375 -0.08971480625 -0.165963625
v -0.198708 -0.07228345 -0.164429
v -0.189387 -0.135195375 -0.1782265
v -0.1919936875 -0.145846625 -0.1861229375
v -0.183657625 -0.1527196875 -0.180828
v -0.185643 -0.163357 -0.188665
v -0.1861145625 -0.0964000875 -0.160398625
v -0.1906264375 -0.10707640625 -0.167988875
v -0.181872875 -0.1137084375 -0.162822625
v -0.185968625 -0.1244540625 -0.170431
v -0.177311625 -0.13112275 -0.16551425
v -0.1809106875 -0.1419479375 -0.1731100625
v -0.180930625 -0.085770675 -0.15300525
v -0.17160725 -0.092381325 -0.1483495
v -0.17707875 -0.10301236875 -0.155475875
v -0.167918125 -0.10959820625 -0.151115625
v -0.172980625 -0.120322125 -0.158158875
v -0.187474 -0.05096385 -0.149868
v -0.1783334375 -0.05784548125 -0.1439711875
v -0.184460375 -0.068454625 -0.1510394375
v -0.1934945 -0.0616089 -0.1570115
v -0.1751454375 -0.07518491875 -0.1458165
v -0.1724255 -0.1486853125 -0.1682516875
v -0.1752853125 -0.159586 -0.1757579375
v -0.166855875 -0.1664664375 -0.1708445625
v -0.1688635 -0.177467 -0.1783715
v -0.177251 -0.1704755 -0.183405
v -0.161905875 -0.05418945625 -0.1323298125
v -0.168776 -0.06463605 -0.1389105
v -0.171754 -0.0473082 -0.1371005
v -0.164055625 -0.126956875 -0.153877
v -0.1686191875 -0.137798375 -0.160915625
v -0.1655270625 -0.08181016875 -0.1414725
v -0.155782375 -0.08844824375 -0.1378695
v -0.162154625 -0.0989527625 -0.14433125
v -0.1526844375 -0.10563764375 -0.1408764375
v -0.158729125 -0.11621070625 -0.14720925
v -0.158889375 -0.07135065625 -0.1348665625
v -0.15991225 -0.14443875 -0.1566019375
v -0.1638880625 -0.155403 -0.1636060625
v -0.1467919375 -0.03375738125 -0.1202844375
v -0.1545641875 -0.04390444375 -0.126082125
v -0.1644035 -0.0367447 -0.130984
v -0.156719 -0.0264618 -0.125172
v -0.1553179375 -0.162002125 -0.159146125
v -0.158300625 -0.17318775 -0.1660545
v -0.1495868125 -0.179722 -0.1613721875
v -0.1513615 -0.191031 -0.1683995
v -0.160126 -0.184457 -0.173267
v -0.1495273125 -0.1229185625 -0.1437315
v -0.1551249375 -0.13357275 -0.1499420625
v -0.146678125 -0.168444125 -0.1548743125
v -0.1378715 -0.174840375 -0.150729375
v -0.1407173125 -0.1861853125 -0.156854125
v -0.131750875 -0.1924249375 -0.152581375
v -0.1322565625 -0.2041156875 -0.159227125
v -0.141981 -0.198033 -0.163626
v -0.1442511875 -0.05094979375 -0.122410875
v -0.15178275 -0.0610572625 -0.128529625
v -0.1461693125 -0.140207125 -0.1463595
v -0.151203125 -0.150977625 -0.1525635
v -0.142423375 -0.1574770625 -0.1487626875
v -0.1414718125 -0.067935575 -0.12580225
v -0.1488456875 -0.07811808125 -0.1317460625
v -0.1388498125 -0.08506525 -0.1293499375
v -0.1460299375 -0.095270125 -0.1349394375
v -0.127897875 -0.03146158125 -0.1113725
v -0.1362561875 -0.04105173125 -0.1166404375
v -0.138743 -0.02387205 -0.114741
v -0.1370765625 -0.1469478125 -0.1430714375
v -0.1278531875 -0.1537784375 -0.1400564375
v -0.133435 -0.1640143125 -0.145157
v -0.124407125 -0.170518875 -0.14176125
v -0.1289545625 -0.18107825 -0.146818375
v -0.1199018125 -0.187210875 -0.1432494375
v -0.122445625 -0.1981255 -0.1484739375
v -0.136331875 -0.10234279375 -0.13260975
v -0.143196125 -0.112534675 -0.1379626875
v -0.1337056875 -0.1196099375 -0.13548425
v -0.1402614375 -0.1297784375 -0.1406594375
v -0.130921875 -0.1367848125 -0.1379538125
v -0.1129871875 -0.203197375 -0.1445380625
v -0.11202519375 -0.2134075 -0.149660875
v -0.1222105625 -0.20938425 -0.1545401875
v -0.119219 -0.2209615 -0.1619505
v -0.129734 -0.2159145 -0.1669275
v -0.12543925 -0.04841565 -0.114475375
v -0.133658 -0.05794480625 -0.120008
v -0.107972275 -0.030378125 -0.1045407875
v -0.1168476875 -0.039322975 -0.1093144375
v -0.119204 -0.0221508 -0.1062455
v -0.1185715625 -0.16073925 -0.1373241875
v -0.10934816875 -0.1678515 -0.1348496875
v -0.115296625 -0.17712275 -0.1386888125
v -0.1061214625 -0.183914875 -0.1361080625
v -0.110720875 -0.1931095 -0.1400298125
v -0.1020246875 -0.198804875 -0.1374924375
v -0.10368868125 -0.2066709375 -0.14076575
v -0.123203875 -0.065264525 -0.1186253125
v -0.1312246875 -0.07492704375 -0.123927875
v -0.1212130625 -0.08253238125 -0.1228016875
v -0.1290105 -0.09232841875 -0.127627
v -0.124193625 -0.1268773125 -0.133437875
v -0.1146234 -0.13437675 -0.1316885625
v -0.121507 -0.1439504375 -0.1355860625
v -0.11206375 -0.1513018125 -0.133474625
v -0.09558296875 -0.2054689375 -0.1370088125
v -0.09116518125 -0.2136745 -0.1391945625
v -0.1015253125 -0.2152738125 -0.1444613125
v -0.0968183375 -0.2238420625 -0.14958475
v -0.1080893 -0.223034 -0.1555025
v -0.1192350625 -0.09992889375 -0.126397625
v -0.1267124375 -0.10960393125 -0.1307720625
v -0.11703051875 -0.1171803125 -0.129346
v -0.1061253375 -0.0476745625 -0.108721375
v -0.114828375 -0.05634781875 -0.1135851875
v -0.08803886875 -0.030589075 -0.09996735625
v -0.097214725 -0.0390978375 -0.104123725
v -0.0987496 -0.0216258 -0.1000108
v -0.10459308125 -0.06485565 -0.11359875
v -0.1130545 -0.0734094125 -0.118127125
v -0.082276025 -0.2086405625 -0.1347186875
v -0.07619785625 -0.2176808125 -0.1377051875
v -0.08612463125 -0.22219325 -0.14327175
v -0.079736225 -0.22959425 -0.149135875
v -0.09061985 -0.2315625 -0.1560035
v -0.10015995625 -0.175315375 -0.1328694375
v -0.0911135875 -0.183393375 -0.131567625
v -0.097241675 -0.1912145 -0.1343129375
v -0.0890646375 -0.19960375 -0.1336774375
v -0.10303639375 -0.0819750625 -0.1181150625
v -0.111278625 -0.09072718125 -0.1222028125
v -0.0685471 -0.0311496875 -0.09723525
v -0.07785390625 -0.0395792 -0.10080595
v -0.07859695 -0.0220962 -0.0961414
v -0.10271333125 -0.1588483125 -0.131631375
v -0.09343119375 -0.1668255625 -0.130234
v -0.105105925 -0.142064875 -0.130118375
v -0.0956313375 -0.15004625 -0.128872125
v -0.0825476 -0.192162625 -0.131094125
v -0.0746224375 -0.2016268125 -0.1315883125
v -0.10129885625 -0.0990695875 -0.121895375
v -0.10935839375 -0.107891925 -0.1255268125
v -0.099468125 -0.11617125 -0.1249779375
v -0.10727711875 -0.12508225 -0.1282226875
v -0.097630075 -0.133183125 -0.127246375
v -0.0869581625 -0.0479795375 -0.10482649375
v -0.09586934375 -0.05638201875 -0.1091479375
v -0.093047175 -0.09056684375 -0.118382875
v -0.08309624375 -0.0992526 -0.1188486875
v -0.0913593875 -0.1076360625 -0.121839
v -0.0815530875 -0.116349375 -0.122038
v -0.08970073125 -0.124705375 -0.124625625
v -0.08581674375 -0.06512543125 -0.1101033125
v -0.0945465 -0.07352145 -0.1141001875
v -0.04933164375 -0.031618525 -0.0956953625
v -0.05868230625 -0.04004706875 -0.09876643125
v -0.0590889 -0.02270345 -0.09403025
v -0.084566175 -0.08218989375 -0.11490075
v -0.0678425625 -0.04839998125 -0.10233105625
v -0.0768875875 -0.05674375 -0.10616186875
v -0.0861943 -0.1585135 -0.128106
v -0.0769549875 -0.1673243125 -0.1277423125
v -0.0843041 -0.1753610625 -0.1294006875
v -0.07545285 -0.184364375 -0.129147375
v -0.0880149625 -0.141643 -0.126584375
v -0.07849053125 -0.1503711875 -0.126359
v -0.0670067625 -0.1938305625 -0.1295728125
v -0.0589554875 -0.2035499375 -0.13080175
v -0.06727876875 -0.2111633125 -0.1334378125
v -0.0601308625 -0.2200905625 -0.1371778125
v -0.069628875 -0.2258898125 -0.1425343125
v -0.07464566875 -0.0908429 -0.1158995625
v -0.064844875 -0.09950099375 -0.11705875
v -0.07327231875 -0.1079392625 -0.1195356875
v -0.06364525625 -0.1166496875 -0.1205320625
v -0.07191435625 -0.1250705 -0.1225509375
v -0.06249785 -0.232685 -0.1490505
v -0.07265935 -0.2360185 -0.15623
v -0.0507974125 -0.195361125 -0.1293989375
v -0.04255486875 -0.2048594375 -0.1313224375
v -0.05113685625 -0.2129031875 -0.13340975
v -0.04344935625 -0.2214991875 -0.13785325
v -0.05274005 -0.2285785 -0.142075
v -0.08003045 -0.1334035 -0.1245378125
v -0.07587949375 -0.07378375 -0.111413125
v -0.0660226375 -0.08241818125 -0.11289475
v -0.06699365625 -0.0654079875 -0.10785625
v -0.04891056875 -0.04877463125 -0.10080033125
v -0.05798538125 -0.05708466875 -0.1042624625
v -0.07051466875 -0.1421499375 -0.1248001875
v -0.06119745625 -0.151019875 -0.125337375
v -0.06918841875 -0.159239 -0.1264550625
v -0.06011065 -0.168334625 -0.1268659375
v -0.0679532875 -0.176424375 -0.127808
v -0.0592219625 -0.1858345 -0.1283145
v -0.06241141875 -0.1338188125 -0.123307375
v -0.03033278125 -0.03197156875 -0.09516674375
v -0.03969280625 -0.0404208125 -0.0976812625
v -0.03988225 -0.0231496 -0.0930744
v -0.051283025 -0.1776145 -0.1275909375
v -0.04265023125 -0.1869961875 -0.128670625
v -0.057248225 -0.07403496875 -0.109749875
v -0.0475951 -0.08264815625 -0.111783375
v -0.05629151875 -0.0910523 -0.1145309375
v -0.0467173375 -0.09970651875 -0.1162993125
v -0.0552278625 -0.10818051875 -0.118445875
v -0.045778475 -0.116899875 -0.120030875
v -0.05416501875 -0.12538975 -0.12174275
v 0.007289065 -0.0323031 -0.0970293
v -0.0021422 -0.040869075 -0.0982498
v -0.011493354375 -0.03220530625 -0.09569560625
v -0.002045305 -0.02361395 -0.0945989
v -0.02085673125 -0.040707825 -0.09754869375
v -0.02091955 -0.02345565 -0.09323835
v -0.04484175625 -0.134197875 -0.12311275
v -0.05308268125 -0.14266325 -0.1242780625
v -0.03011415625 -0.04908301875 -0.1001493375
v -0.0392552625 -0.057398675 -0.10321074375
v -0.0483045 -0.0657089875 -0.106458
v -0.04398818125 -0.151653375 -0.125449625
v -0.0521249625 -0.16007425 -0.12613175
v -0.04323288125 -0.1692508125 -0.127132375
v -0.0341640625 -0.1963745 -0.130334375
v -0.0257861075 -0.20564425 -0.1327996875
v -0.03445934375 -0.2139224375 -0.1345641875
v -0.02652565125 -0.2222285 -0.1394983125
v -0.0356967 -0.229633 -0.143299
v -0.02974555625 -0.06597755 -0.1058331875
v -0.038735825 -0.0742988 -0.10883525
v -0.02927134375 -0.0828929125 -0.1112803125
v -0.03806734375 -0.09127345 -0.11390825
v -0.011452986875 -0.04931816875 -0.1003138375
v -0.02065 -0.05766604375 -0.10292168125
v -0.017281020625 -0.196978625 -0.132030125
v -0.008828879375 -0.206086125 -0.134890125
v -0.017552395 -0.2144870625 -0.1364680625
v -0.009498800625 -0.2225581875 -0.1417988125
v -0.01862115 -0.230058 -0.145365
v -0.0344803125 -0.17849575 -0.1283788125
v -0.025837025625 -0.187765625 -0.1299433125
v -0.035049075 -0.1607249375 -0.126784
v -0.026225399375 -0.169854375 -0.12824025
v -0.0287053625 -0.09993796875 -0.116114125
v -0.037313125 -0.10840845 -0.1181850625
v -0.02806708125 -0.1171515 -0.1202135625
v -0.0365006875 -0.12568175 -0.121752375
v -0.02737009375 -0.134523125 -0.123602125
v -0.03571250625 -0.14310275 -0.1246423125
v 0.025460681875 -0.049241975 -0.1032453125
v 0.016189999375 -0.05782093125 -0.1046971875
v 0.00709109125 -0.04939776875 -0.10123284375
v 0.01642672 -0.0408772 -0.099504
v -0.002164444375 -0.057840275 -0.10335646875
v -0.02674104875 -0.15208025 -0.1262933125
v -0.01132055 -0.0662105 -0.1058459375
v -0.020361375 -0.0745474125 -0.1085505
v -0.01109571875 -0.08311021875 -0.1113643125
v -0.0199512875 -0.09150925625 -0.1137944375
v -0.01949471875 -0.10862589375 -0.118457625
v -0.010386138125 -0.117341375 -0.12086225
v -0.0189374125 -0.125936375 -0.1223240625
v -0.009945024375 -0.1347471875 -0.124575875
v -0.01838161125 -0.143414625 -0.125563625
v -0.000262034375 -0.1972600625 -0.1343304375
v 0.0082469425 -0.2062059375 -0.1376115
v -0.000499335 -0.214739 -0.138983625
v 0.00762859 -0.2226083125 -0.1447975625
v -0.001504795 -0.230179 -0.1481495
v -0.010781281875 -0.10012785625 -0.1164655625
v 0.0436157 -0.0488124 -0.1065825
v 0.03434380625 -0.05753625625 -0.1072326875
v 0.0347698 -0.0405466 -0.1024815
v -0.01749509 -0.179004 -0.12987925
v -0.008833870625 -0.1881555625 -0.1318224375
v -0.001968920625 -0.09164626875 -0.1143664375
v 0.00704635875 -0.1001771875 -0.11747925
v -0.00171472125 -0.1087518875 -0.1192264375
v 0.007238765 -0.1173995625 -0.122039375
v -0.0013997575 -0.1260776875 -0.1233585625
v 0.02515108125 -0.0661665375 -0.1084793125
v 0.0160233325 -0.07469979375 -0.1102216875
v 0.00699798125 -0.0662991375 -0.1066623125
v -0.00210706125 -0.07471413125 -0.108947
v 0.04305185 -0.065759275 -0.1115229375
v 0.0339559625 -0.0744531375 -0.112508375
v -0.009510038125 -0.1523508125 -0.1275781875
v -0.017886768125 -0.1611096875 -0.1280138125
v -0.009114026875 -0.1701675 -0.129821875
v 0.00696595 -0.0831766375 -0.112251375
v 0.04259765625 -0.0826833 -0.11680925
v 0.03363985 -0.09138456875 -0.1179161875
v 0.02489615625 -0.08305771875 -0.1139785
v 0.015909116875 -0.09161695625 -0.1156999375
v 0.00746292875 -0.1348125625 -0.1260325
v -0.00106792125 -0.143577625 -0.1269359375
v 0.01682443625 -0.1972555625 -0.1371316875
v 0.025336265625 -0.2060298125 -0.1408345625
v 0.0166062975 -0.21467325 -0.1421349375
v 0.024760156875 -0.222244625 -0.1484591875
v 0.015668155 -0.2299285 -0.1516955
v 0.03390304375 -0.196938875 -0.140501875
v 0.0423922125 -0.2054850625 -0.144739125
v 0.033704175 -0.2142469375 -0.1458660625
v 0.04188980625 -0.22146325 -0.1526893125
v 0.03276648125 -0.228648375 -0.1563203125
v 0.04226339375 -0.09968785625 -0.122020625
v 0.0334648125 -0.10847439375 -0.122958625
v 0.024746468125 -0.10004960625 -0.119267625
v 0.01595206 -0.1087170125 -0.1206769375
v 0.00772049625 -0.1524489375 -0.129320375
v -0.000721286875 -0.161327375 -0.12964225
v 0.007996760625 -0.17032325 -0.131851375
v -0.0004167175 -0.1792533125 -0.1318465625
v 0.008224804375 -0.1883144375 -0.134220625
v 0.016670585 -0.179284375 -0.1343301875
v 0.025317451875 -0.188175875 -0.137128
v 0.024730249375 -0.11726625 -0.1239784375
v 0.01606568625 -0.1260536875 -0.1249943125
v 0.024795450625 -0.1346931875 -0.128109625
v 0.01622992125 -0.143562625 -0.1288014375
v 0.0406043 -0.2337135 -0.1652665
v 0.03114095 -0.2393545 -0.170506
v 0.02340115 -0.234841 -0.161058
v 0.0508927375 -0.196259375 -0.1446560625
v 0.05931136875 -0.204514625 -0.1494939375
v 0.05072444375 -0.213383875 -0.150341875
v 0.058869575 -0.2200979375 -0.157873875
v 0.04998985 -0.2279025 -0.1606795
v 0.0337464 -0.1789983125 -0.1374619375
v 0.04235294375 -0.1877139375 -0.1407535625
v 0.06053736875 -0.0650369 -0.1161930625
v 0.05156504375 -0.0739011875 -0.1161865625
v 0.05215735 -0.0569768 -0.111152
v 0.024921379375 -0.15232375 -0.131657
v 0.01643709375 -0.1613320625 -0.131825
v 0.025107313125 -0.1701893125 -0.134522875
v 0.05994639375 -0.08198981875 -0.1211123125
v 0.0511033 -0.0908652125 -0.1213614375
v 0.05948008125 -0.09902724375 -0.12606975
v 0.05075735625 -0.1079659625 -0.12630375
v 0.07761425 -0.0640484 -0.12223
v 0.06878231875 -0.07305185625 -0.1214215625
v 0.06944035 -0.0560744 -0.1168445
v 0.03344671875 -0.1433205625 -0.1313541875
v 0.042025675 -0.151930875 -0.134754125
v 0.03355410625 -0.16106075 -0.134689625
v 0.04215633125 -0.169762 -0.1378905625
v 0.03340848125 -0.12579925 -0.12742475
v 0.0419981375 -0.1343075 -0.13103975
v 0.050730075 -0.178382625 -0.1413756875
v 0.0592661875 -0.1868898125 -0.145191
v 0.042066575 -0.116886875 -0.12679525
v 0.05915219375 -0.11623525 -0.13072825
v 0.05056953125 -0.125278375 -0.1308045
v 0.05899025625 -0.1336488125 -0.134949125
v 0.05050906875 -0.1427983125 -0.1348071875
v 0.06769984375 -0.1951693125 -0.149666875
v 0.07604088125 -0.20300775 -0.155272125
v 0.06758985 -0.2119484375 -0.1558836875
v 0.07565885625 -0.21813975 -0.1641665
v 0.066916 -0.225999 -0.1666005
v 0.0589641125 -0.1512428125 -0.138735375
v 0.050558525 -0.160498875 -0.1383330625
v 0.05907556875 -0.1690133125 -0.1420745
v 0.0768912375 -0.0810176125 -0.1268301875
v 0.0682088 -0.090062025 -0.126201625
v 0.0763212125 -0.098082025 -0.1314445
v 0.06774626875 -0.10717780625 -0.13091975
v 0.06756410625 -0.177439 -0.1460443125
v 0.0759581875 -0.185714875 -0.1504025625
v 0.07591345625 -0.1152943125 -0.1358718125
v 0.06746359375 -0.1244866875 -0.135267625
v 0.07569705 -0.1326766875 -0.1399325625
v 0.067348525 -0.1419670625 -0.1392295625
v 0.08425645 -0.1936898125 -0.1555190625
v 0.09250075 -0.2010445 -0.1619109375
v 0.0842545125 -0.2099370625 -0.1624099375
v 0.09207119375 -0.215549625 -0.1714045625
v 0.08346685 -0.223502 -0.1735455
v 0.07567658125 -0.1502415625 -0.143624
v 0.06740410625 -0.15964225 -0.1427760625
v 0.0854513 -0.0718348 -0.128042
v 0.09320935625 -0.07960090625 -0.1339118125
v 0.084824125 -0.0888974125 -0.1323963125
v 0.0926169 -0.09669815 -0.138130875
v 0.08429585 -0.10602503125 -0.1368383125
v 0.07580896875 -0.1679655625 -0.1470060625
v 0.0922121875 -0.1139409375 -0.1422558125
v 0.0840005875 -0.1233558125 -0.1409255
v 0.084120075 -0.1761476875 -0.1515900625
v 0.0923414875 -0.1841551875 -0.156554375
v 0.1004704875 -0.191693125 -0.16246125
v 0.108456125 -0.1984093125 -0.1698815
v 0.10045355625 -0.2073008125 -0.1700405625
v 0.1079845 -0.21231 -0.17966
v 0.0995257 -0.220244 -0.1814355
v 0.092029725 -0.1313558125 -0.14606275
v 0.08387828125 -0.1408119375 -0.14472925
v 0.09201755 -0.1488836875 -0.1496434375
v 0.08395434375 -0.158445625 -0.14821525
v 0.10141365 -0.07018945 -0.135976
v 0.1089605 -0.07784345 -0.1421005
v 0.10084165625 -0.08730289375 -0.139898625
v 0.108396075 -0.0949492625 -0.145924375
v 0.1003383375 -0.10445743125 -0.143894125
v 0.0921677875 -0.16652025 -0.1530398125
v 0.108046425 -0.1122078125 -0.149609625
v 0.100091925 -0.1218171875 -0.1476720625
v 0.10032285 -0.174432 -0.158143375
v 0.1083500375 -0.1820696875 -0.1638095625
v 0.107898825 -0.1296190625 -0.1531658125
v 0.10000316875 -0.1392780625 -0.1512691875
v 0.10011676875 -0.1568370625 -0.154704
v 0.108147425 -0.1646639375 -0.1599790625
v 0.1160366875 -0.172286875 -0.1656945
v 0.1237995625 -0.1794929375 -0.172158375
v 0.116248 -0.189112125 -0.1705635625
v 0.123932625 -0.1952119375 -0.178854625
v 0.1162795 -0.2044405 -0.178321
v 0.1313614375 -0.18589475 -0.1799421875
v 0.138639 -0.1912945 -0.189183
v 0.1312645 -0.2004625 -0.188324
v 0.10793834375 -0.1471095 -0.1565989375
v 0.131079875 -0.16965825 -0.1743959375
v 0.1385144375 -0.1763145 -0.1818190625
v 0.115789875 -0.154828625 -0.1621355
v 0.123509 -0.1624111875 -0.1679683125
v 0.1236908125 -0.09291981875 -0.1545996875
v 0.1159158125 -0.10257554375 -0.151921125
v 0.1163295 -0.08538085 -0.14838
v 0.115637 -0.13734125 -0.1587825625
v 0.1233018125 -0.1449658125 -0.1645675
v 0.1308494375 -0.152468375 -0.1705953125
v 0.1382489375 -0.1597555 -0.1770096875
v 0.145376125 -0.1498346875 -0.179978125
v 0.152446375 -0.1568274375 -0.1870133125
v 0.14549625 -0.16660275 -0.1841650625
v 0.152666 -0.1728555 -0.1923015
v 0.145789 -0.182455 -0.1901275
v 0.1233964375 -0.11018033125 -0.15797
v 0.115699375 -0.1199106875 -0.155394375
v 0.1232601875 -0.127541875 -0.1612826875
v 0.159389375 -0.1470446875 -0.190325
v 0.166056 -0.153832375 -0.1980909375
v 0.1592625 -0.1635155 -0.194677
v 0.13072575 -0.1350851875 -0.167317625
v 0.138111375 -0.1425393125 -0.17350775
v 0.145354 -0.132636375 -0.176691625
v 0.152476875 -0.1399531875 -0.1832560625
v 0.1595516875 -0.130115875 -0.186788875
v 0.1663178125 -0.13732275 -0.193892875
v 0.1728294375 -0.1443419375 -0.2015613125
v 0.1791905 -0.1510645 -0.2098095
v 0.1724855 -0.16042 -0.2064135
v 0.138509 -0.09066545 -0.164027
v 0.1309836875 -0.10042985625 -0.1608745625
v 0.131307 -0.08319945 -0.1576485
v 0.13824275 -0.1079266 -0.16720675
v 0.130798 -0.11773701875 -0.1641165625
v 0.138110875 -0.125223 -0.17035325
v 0.145445875 -0.11537975625 -0.1735939375
v 0.1525613125 -0.1227795625 -0.1800861875
v 0.15269925 -0.10554924375 -0.1770676875
v 0.145607 -0.09811405 -0.1705105
v 0.1596886875 -0.11294885 -0.1837384375
v 0.1665494375 -0.12033225 -0.1905631875
v 0.159836 -0.0957328 -0.1808525
v 0.1667038125 -0.10314934375 -0.18767775
v 0.1734448125 -0.11059004375 -0.19460825
v 0.1799795 -0.117990625 -0.201804375
v 0.1731753125 -0.127650875 -0.1977329375
v 0.17957575 -0.134834875 -0.205316
v 0.1863234375 -0.125269125 -0.2093174375
v 0.1925185 -0.132386 -0.2171485
v 0.185792 -0.141903 -0.2131905
v 0.1735835 -0.09337285 -0.191862
v 0.18022475 -0.1008575375 -0.198892625
v 0.1867111875 -0.10832239375 -0.20609275
v 0.1930065 -0.11570925 -0.213552875
v 0.1995639375 -0.10614669375 -0.2181055625
v 0.2056465 -0.1135765 -0.225759
v 0.199092 -0.1230725 -0.221244
v 0.193284125 -0.0986436875 -0.2107074375
v 0.186869 -0.09112165 -0.203453
v 0.2059975 -0.09652735 -0.2229455
v 0.1997115 -0.08896705 -0.2155945
v -0.22673125 -0.109254625 -0.209662
v -0.221364 -0.12668725 -0.21101825
v -0.22068075 -0.08836555 -0.19401125
v -0.2164265 -0.1059366 -0.19489925
v -0.21138025 -0.12337025 -0.196525
v -0.2093745 -0.08478545 -0.1792755
v -0.205169 -0.10228385 -0.18059875
v -0.2054235 -0.1407265 -0.19862975
v -0.19856825 -0.15808025 -0.200969
v -0.20038725 -0.1197015 -0.182545
v -0.1968325 -0.0810051 -0.16515975
v -0.19497825 -0.13711925 -0.18487175
v -0.1888565 -0.15459625 -0.18739
v -0.192815 -0.098400625 -0.16691375
v -0.18834475 -0.115756 -0.16916775
v -0.18349675 -0.13318525 -0.17175925
v -0.17903725 -0.094391725 -0.15419875
v -0.17506075 -0.11165075 -0.15680075
v -0.18600725 -0.059723025 -0.1503925
v -0.18275325 -0.077131075 -0.15193125
v -0.178192 -0.1507405 -0.174441
v -0.17213525 -0.1685075 -0.17706675
v -0.1702865 -0.0559846 -0.13794525
v -0.17083575 -0.12904175 -0.15953575
v -0.16384875 -0.090374675 -0.14288625
v -0.16045475 -0.107566075 -0.14578075
v -0.1671795 -0.0732376 -0.14011675
v -0.166324 -0.14658075 -0.16228275
v -0.15569275 -0.03520645 -0.1255065
v -0.16124925 -0.16427925 -0.1648545
v -0.15493525 -0.18210675 -0.1672325
v -0.15695775 -0.12488275 -0.14859125
v -0.143923 -0.17726825 -0.15586025
v -0.13697925 -0.195217 -0.15798325
v -0.153231 -0.052509125 -0.12714
v -0.153215 -0.14227125 -0.151277
v -0.1490645 -0.15969125 -0.153769
v -0.150309 -0.069585625 -0.1301005
v -0.14742875 -0.0866785 -0.13335975
v -0.137511 -0.032486675 -0.11557325
v -0.135329 -0.15549 -0.14416675
v -0.13136 -0.17253325 -0.14601225
v -0.12606925 -0.18968075 -0.14766125
v -0.144621 -0.1038962 -0.136483
v -0.1417495 -0.1211635 -0.13935075
v -0.13871225 -0.13837525 -0.141901
v -0.11782525 -0.20619725 -0.1491895
v -0.126097 -0.21263375 -0.16056525
v -0.13495575 -0.04951765 -0.1181775
v -0.1180005 -0.03074935 -0.10768175
v -0.1170315 -0.16896925 -0.13802875
v -0.113216 -0.18524175 -0.1393725
v -0.1077425 -0.20050925 -0.14061075
v -0.13241125 -0.066393575 -0.1219555
v -0.1301075 -0.0836083 -0.125833
v -0.12287625 -0.135445 -0.13457025
v -0.12006775 -0.15239075 -0.136507
v -0.097967225 -0.2108245 -0.14014525
v -0.104862525 -0.21926775 -0.149741
v -0.1278845 -0.100978475 -0.129266
v -0.12547725 -0.11825025 -0.13216725
v -0.11579625 -0.04784675 -0.11134
v -0.0979666 -0.03037605 -0.1019894
v -0.11392625 -0.064853325 -0.11587675
v -0.0838696 -0.2159255 -0.138359
v -0.088373725 -0.2271945 -0.149347
v -0.09872785 -0.18337175 -0.13353375
v -0.09576725 -0.19875625 -0.135268
v -0.11217775 -0.082062225 -0.12024875
v -0.078244475 -0.03086315 -0.098414425
v -0.101472175 -0.16713275 -0.132259
v -0.10393225 -0.1504865 -0.1309155
v -0.0820113 -0.20058775 -0.13246075
v -0.11033975 -0.0993197 -0.1239505
v -0.108331825 -0.116496 -0.12696675
v -0.10621135 -0.133601 -0.129247
v -0.0965251 -0.0477627 -0.1065695
v -0.092212675 -0.09909725 -0.120203
v -0.090526375 -0.11618 -0.123328
v -0.095219075 -0.064967175 -0.11168025
v -0.058910425 -0.0314001 -0.096334475
v -0.093823825 -0.082048125 -0.1163415
v -0.07738715 -0.04819345 -0.103434475
v -0.0852529 -0.1669425 -0.128752
v -0.0833571 -0.18376075 -0.13012775
v -0.0871191 -0.1500825 -0.127387
v -0.06691325 -0.2026395 -0.1310305
v -0.068267325 -0.21904375 -0.13729975
v -0.0739646 -0.09938555 -0.11780775
v -0.072594775 -0.1165065 -0.121129
v -0.071113375 -0.2313105 -0.1490595
v -0.0508209 -0.20428225 -0.1309165
v -0.051841325 -0.2208975 -0.1373745
v -0.08886955 -0.1331885 -0.1256875
v -0.075289575 -0.08230885 -0.1137655
v -0.0763986 -0.06526795 -0.10885
v -0.0583549 -0.048594675 -0.10145385
v -0.069840625 -0.15068825 -0.125687
v -0.06855515 -0.16781175 -0.12713425
v -0.0673953 -0.18509475 -0.12855975
v -0.07121345 -0.1336145 -0.12376475
v -0.03980795 -0.0318091 -0.095301175
v -0.05097035 -0.18646625 -0.12836125
v -0.056793975 -0.082531075 -0.1122475
v -0.0557642 -0.099603825 -0.11658025
v -0.05469835 -0.11677725 -0.12017825
v -0.0020991425 -0.03226435 -0.096306825
v -0.020899575 -0.032105675 -0.0953069
v -0.053617225 -0.13401375 -0.12310475
v -0.039495975 -0.04893695 -0.100367975
v -0.057630925 -0.0655588 -0.107058
v -0.0525891 -0.15135225 -0.1252765
v -0.05167875 -0.16882275 -0.1268755
v -0.034202775 -0.2053045 -0.13196725
v -0.0350056 -0.22193025 -0.1385775
v -0.039008475 -0.06584715 -0.106059
v -0.038417525 -0.08277005 -0.111462
v -0.02076815 -0.049214225 -0.100136975
v -0.017326355 -0.2059055 -0.1337685
v -0.018025105 -0.22243175 -0.14056675
v -0.034271375 -0.1874305 -0.12921325
v -0.034746475 -0.1695935 -0.127606
v -0.03769905 -0.09982155 -0.116143
v -0.03691005 -0.11702825 -0.12005325
v -0.0360959 -0.13436975 -0.12328725
v 0.0163027525 -0.049354825 -0.1020725
v -0.0021636975 -0.04938245 -0.100662875
v -0.035367325 -0.15189125 -0.125802
v -0.02051845 -0.06610445 -0.10575275
v -0.02016665 -0.0830129 -0.11123525
v -0.019223575 -0.11725875 -0.12048
v -0.018654775 -0.13465175 -0.12403125
v -0.0002990425 -0.206184 -0.136181
v -0.0009415775 -0.222626 -0.1432105
v -0.0197323 -0.100044825 -0.1162155
v 0.034554275 -0.049047575 -0.10481475
v -0.0173504275 -0.187998 -0.130815
v -0.0018537275 -0.1001728 -0.11688275
v -0.0015613775 -0.11739075 -0.12137
v 0.016099675 -0.066264 -0.10743425
v -0.00214525 -0.06627835 -0.106141
v 0.03414345 -0.06600035 -0.10982
v -0.01812387 -0.15223475 -0.12688325
v -0.0176755225 -0.170037 -0.128979
v -0.002050825 -0.083165075 -0.111705
v 0.0337841 -0.0829079 -0.1152295
v 0.015952525 -0.083144075 -0.1129975
v -0.0012359225 -0.134801 -0.12523725
v 0.0167928625 -0.20615875 -0.139152
v 0.0161937275 -0.22247825 -0.14655575
v 0.0338747 -0.2058065 -0.14269125
v 0.0333342 -0.22191625 -0.150482
v 0.0335352 -0.099903075 -0.12050125
v 0.0159149725 -0.10013855 -0.11826725
v -0.0008938025 -0.1524245 -0.1283845
v -0.000558095 -0.170272 -0.1307685
v -0.000309645 -0.18826625 -0.13295975
v 0.0167720325 -0.1882845 -0.13559875
v 0.0160023475 -0.1173605 -0.1229065
v 0.0161419275 -0.13478125 -0.12697875
v 0.032002725 -0.23427725 -0.16316225
v 0.05087285 -0.20506175 -0.14699525
v 0.050400925 -0.22085575 -0.15514625
v 0.033846475 -0.187988 -0.13884225
v 0.05185135 -0.06543715 -0.11365475
v 0.0163285175 -0.15241725 -0.130404
v 0.0165550275 -0.170294 -0.133103
v 0.051318125 -0.0823726 -0.1187765
v 0.050913275 -0.09939285 -0.12387825
v 0.069105325 -0.06456145 -0.1191155
v 0.0334902 -0.15216275 -0.133101
v 0.033644225 -0.17001425 -0.1361105
v 0.033417875 -0.1345345 -0.12945875
v 0.0508307 -0.18734675 -0.142874
v 0.03342335 -0.1171095 -0.12526225
v 0.05064485 -0.116595 -0.12861475
v 0.050525175 -0.1340145 -0.13286625
v 0.067702525 -0.20382175 -0.1522695
v 0.067297775 -0.219194 -0.16089325
v 0.0505185 -0.15162475 -0.1366345
v 0.0506342 -0.16942575 -0.13988775
v 0.06848335 -0.081548975 -0.12379775
v 0.06795905 -0.098600225 -0.12859075
v 0.06764585 -0.1863465 -0.147692
v 0.067582625 -0.115809 -0.13314325
v 0.06738465 -0.13320375 -0.13729925
v 0.084321 -0.20209725 -0.158452
v 0.08392615 -0.216931 -0.16765575
v 0.06735795 -0.1507835 -0.14105
v 0.0851323 -0.080363275 -0.130207
v 0.0845376 -0.097442875 -0.13463425
v 0.067478175 -0.1685325 -0.14442325
v 0.084122 -0.11466925 -0.138926
v 0.0841917 -0.184993 -0.15334825
v 0.100538 -0.19980375 -0.16575075
v 0.100065525 -0.2139775 -0.1754565
v 0.08391615 -0.132065 -0.142865
v 0.083896575 -0.14961175 -0.146503
v 0.101125225 -0.07874545 -0.13792825
v 0.1005678 -0.095863225 -0.14190525
v 0.0840349 -0.16729475 -0.149895
v 0.10018795 -0.1131165 -0.14581125
v 0.10040265 -0.18317575 -0.16004625
v 0.10002555 -0.13053625 -0.149492
v 0.10021945 -0.16564225 -0.15639025
v 0.1161585 -0.180852 -0.16783
v 0.1162785 -0.1968955 -0.17421325
v 0.131346 -0.19330825 -0.18391425
v 0.100039125 -0.148047 -0.15300175
v 0.13124475 -0.17796275 -0.1768455
v 0.11590925 -0.1635885 -0.163839
v 0.1161075 -0.093967425 -0.15015525
v 0.11569225 -0.146079 -0.160456
v 0.13095075 -0.16112725 -0.17236525
v 0.145418 -0.15831475 -0.1818815
v 0.145629 -0.17460125 -0.18700675
v 0.11578475 -0.11122675 -0.15366825
v 0.11564475 -0.128617 -0.15709725
v 0.1593225 -0.155316 -0.19243775
v 0.130768 -0.14378025 -0.168928
v 0.1453525 -0.14126 -0.178277
v 0.15947 -0.13862975 -0.18846525
v 0.1726565 -0.1524285 -0.203909
v 0.13113475 -0.09180855 -0.1592595
v 0.130875 -0.109075575 -0.16249775
v 0.130742 -0.1264055 -0.1657185
v 0.1453875 -0.1240095 -0.1751355
v 0.145522 -0.106747525 -0.17205225
v 0.15962175 -0.12154775 -0.18522625
v 0.159761 -0.10434265 -0.1822865
v 0.173325 -0.11915125 -0.1961045
v 0.17300625 -0.13606525 -0.19952725
v 0.18606675 -0.13360925 -0.21120675
v 0.17352425 -0.101990925 -0.1932105
v 0.186544 -0.11683625 -0.207617
v 0.199355 -0.11463075 -0.2196225
v 0.18680775 -0.099739325 -0.204732
v 0.19966475 -0.097578025 -0.21679775
v -0.34498225 0.3354545 -0.273994375
v -0.339133375 0.34755775 -0.274269625
v -0.33318875 0.359685 -0.274006375
v -0.304171875 0.39134075 -0.27298925
v -0.29681225 0.400345125 -0.270373125
v -0.26458634375 0.42057725 -0.25632715625
v -0.267199453125 0.435347703125 -0.2434654375
v -0.259294046875 0.44075925 -0.2338224375
v -0.251306375 0.444372375 -0.223098
v -0.262071875 0.451811125 -0.21864725
v -0.273181625 0.457885875 -0.2125825
v -0.32223575 0.454167875 -0.21276925
v -0.328133625 0.449267 -0.2195925
v -0.312414625 0.45554475 -0.21699175
v -0.304072 0.460048875 -0.209413875
v -0.292659796875 0.457878390625 -0.216589921875
v -0.300666296875 0.452273890625 -0.2264498125
v -0.281243375 0.453792890625 -0.22286721875
v -0.27008246875 0.447918328125 -0.228783640625
v -0.278042890625 0.4423269375 -0.238387109375
v -0.274962484375 0.428306390625 -0.251968828125
v -0.2933980625 0.42682709375 -0.254550046875
v -0.308538234375 0.445256671875 -0.235432203125
v -0.31615290625 0.4368683125 -0.24325521875
v -0.297083453125 0.44099475 -0.24166009375
v -0.3047080625 0.43250778125 -0.249396625
v -0.30064440625 0.4173919375 -0.260996890625
v -0.30758746875 0.4068891875 -0.26596634375
v -0.313814375 0.393492 -0.270632
v -0.3459765 0.364512125 -0.268396375
v -0.349887375 0.35342575 -0.269236625
v -0.355705 0.341310125 -0.268689
v -0.350836625 0.397271875 -0.253725875
v -0.347393 0.40820425 -0.250810375
v -0.341377125 0.419544625 -0.247148125
v -0.3234236875 0.427219203125 -0.2495909375
v -0.311982578125 0.422925453125 -0.2558408125
v -0.31885009375 0.41238821875 -0.26080734375
v -0.330241203125 0.416648875 -0.25456065625
v -0.34858775 0.38191025 -0.26202775
v -0.34460575 0.392780625 -0.260049125
v -0.336504984375 0.405337375 -0.258126671875
v -0.325330390625 0.40109075 -0.26427796875
v -0.35931575 0.3298955 -0.268563375
v -0.35238 0.37066575 -0.2633805
v -0.3378150625 0.377403890625 -0.2679854375
v -0.331673421875 0.38939984375 -0.266649546875
v -0.3208845 0.383965625 -0.2719185
v -0.285833875 0.435207515625 -0.24705528125
v -0.289200796875 0.44812640625 -0.232711953125
v -0.322214125 0.4472645 -0.228261125
v -0.327481625 0.4398305 -0.236044
v -0.334693 0.430224875 -0.242342125
v -0.295557125 0.46360325 -0.201341125
v -0.222794888889 0.426713944444 -0.213727777778
v -0.351192375 0.32544725 -0.27237575
v -0.32714475 0.371894875 -0.27326625
v -0.284526625 0.4622065 -0.20615275
v -0.24129475 0.437435875 -0.22531525
v -0.2490035625 0.432582421875 -0.238323359375
v -0.2372455 0.423107 -0.241820625
v -0.229931375 0.41433825 -0.245858625
v -0.222650625 0.405535625 -0.249349875
v -0.2894315 0.408677875 -0.266783875
v -0.228241 0.402082375 -0.25656775
v -0.237113625 0.407771625 -0.25669325
v -0.2468893125 0.41868553125 -0.251870484375
v -0.245431625 0.4053215 -0.262018625
v -0.26280575 0.4063835 -0.265609375
v -0.280116125 0.405509375 -0.2681225
v -0.232547375 0.42682975 -0.23244875
v -0.221607875 0.416401875 -0.234687125
v -0.214259 0.407823125 -0.237832
v -0.196176 0.388293625 -0.240499625
v -0.187707375 0.37791925 -0.2418615
v -0.179958125 0.368827875 -0.24141475
v -0.226284625 0.42690975 -0.223595375
v -0.23572975 0.437586 -0.216058375
v -0.256238875 0.45299825 -0.209831375
v -0.270551625 0.4630835 -0.19076275
v -0.23539775 0.319405625 -0.0986591625
v -0.23894825 0.33763475 -0.0985312875
v -0.24786025 0.43598825 -0.146102375
v -0.25322525 0.443132625 -0.152100625
v -0.28259225 0.42003634375 -0.259319265625
v -0.271983375 0.410473375 -0.264771875
v -0.251997375 0.440466125 -0.16185025
v -0.248546625 0.44550996875 -0.179558171875
v -0.264181125 0.457094875 -0.17962775
v -0.255828890625 0.453954875 -0.189033453125
v -0.24828440625 0.449252671875 -0.198620734375
v -0.233192953125 0.436673078125 -0.19803403125
v -0.226861625 0.431188734375 -0.20679196875
v -0.2158103125 0.419480125 -0.212356609375
v -0.209508375 0.409343234375 -0.225014890625
v -0.2009451875 0.399341625 -0.226018609375
v -0.190968 0.38785075 -0.22557275
v -0.184016875 0.378678 -0.228447375
v -0.177409875 0.369266375 -0.23136725
v -0.254481125 0.410227625 -0.261493
v -0.192037 0.390261 -0.214338875
v -0.206587375 0.408901 -0.20952175
v -0.199017375 0.399558625 -0.21179925
v -0.23374853125 0.43175603125 -0.1808053125
v -0.226011703125 0.427307265625 -0.190504125
v -0.240521015625 0.4416071875 -0.188907890625
v -0.24184578125 0.435774015625 -0.171274859375
v -0.23575765625 0.4253993125 -0.16409771875
v -0.217171265625 0.400155484375 -0.161090625
v -0.22230178125 0.41064275 -0.16769390625
v -0.217841625 0.415168 -0.185000375
v -0.2141805 0.4064735 -0.178576125
v -0.211877375 0.412542 -0.19641475
v -0.256795 0.42735315625 -0.247917703125
v -0.209444125 0.395877625 -0.172120125
v -0.204926875 0.385366375 -0.165381125
v -0.201608 0.3769325 -0.15797275
v -0.2120565625 0.389824609375 -0.154294515625
v -0.20532425 0.377725125 -0.147915
v -0.202964625 0.3712555 -0.139879125
v -0.207935125 0.374656125 -0.131665125
v -0.213269625 0.38438725 -0.136346125
v -0.23772975 0.418772375 -0.146907875
v -0.243584125 0.42840825 -0.151924375
v -0.224190140625 0.4048116875 -0.150179734375
v -0.218850625 0.393931625 -0.14107225
v -0.229810046875 0.41506753125 -0.15708396875
v -0.227723125 0.421259609375 -0.174046890625
v -0.219475359375 0.42292428125 -0.20100821875
v -0.257316375 0.448099875 -0.170428625
v -0.248753625 0.445950125 -0.21645975
v -0.234548 0.412711 -0.129407125
v -0.205116625 0.398150375 -0.239340125
v -0.22520775 0.299891625 -0.087225575
v -0.2302385 0.30658 -0.0930103625
v -0.2303465 0.299584 -0.1019272125
v -0.21959225 0.41977325 -0.225692625
v -0.232067875 0.28824525 -0.109537125
v -0.2334635 0.27688325 -0.11458525
v -0.241301875 0.443302625 -0.21010225
v -0.229189375 0.258068 -0.111970875
v -0.229399625 0.2685685 -0.10915125
v -0.225931625 0.280399125 -0.097982425
v -0.221782125 0.272008 -0.0925657625
v -0.22280925 0.26161825 -0.0973381375
v -0.263908125 0.459479 -0.199892
v -0.225075375 0.25285425 -0.1045758625
v -0.234785 0.329835375 -0.110748375
v -0.235950625 0.322554125 -0.117399375
v -0.23070875 0.318638375 -0.0866395125
v -0.3117185 0.348798 -0.233144625
v -0.230782 0.404621875 -0.124369
v -0.22558175 0.39879725 -0.132988625
v -0.2330725 0.4106495 -0.139471625
v -0.31946225 0.344085 -0.243800625
v -0.317351625 0.35317875 -0.23990075
v -0.23646375 0.327877125 -0.092832975
v -0.23331775 0.314402625 -0.094342525
v -0.227840125 0.33509 -0.0870426125
v -0.232964875 0.345581375 -0.090266975
v -0.247936375 0.3979165 -0.129342375
v -0.245377625 0.395123625 -0.11106
v -0.24979225 0.40540675 -0.11906925
v -0.24482525 0.379798 -0.1298285
v -0.24082225 0.370058125 -0.124288
v -0.254063125 0.415406875 -0.12732625
v -0.25771725 0.422706 -0.13624375
v -0.256649625 0.41656375 -0.143731375
v -0.314504625 0.33967425 -0.236507
v -0.238194 0.35882025 -0.112091625
v -0.244205 0.37909075 -0.1125745
v -0.247935875 0.38753175 -0.137813625
v -0.236826625 0.337415375 -0.116272125
v -0.245663 0.38747475 -0.120883125
v -0.2517045 0.407742375 -0.137732
v -0.24162625 0.385002625 -0.105647375
v -0.23375075 0.330703125 -0.122536125
v -0.239135125 0.36419925 -0.13086425
v -0.240675125 0.372719875 -0.138848125
v -0.244139375 0.382416 -0.1448005
v -0.238437875 0.35610075 -0.0967478
v -0.24132025 0.364227875 -0.1046571
v -0.244989875 0.264565625 -0.1354045
v -0.238400125 0.348231 -0.1065338
v -0.236716875 0.232296 -0.132466625
v -0.23350075 0.203275375 -0.133490875
v -0.2374365 0.181674125 -0.141785375
v -0.24419475 0.184647875 -0.151298875
v -0.25092825 0.20431 -0.15641825
v -0.24262375 0.239293375 -0.137848
v -0.255599875 0.24299225 -0.144711875
v -0.257189125 0.231120125 -0.151136875
v -0.256890375 0.220182625 -0.156204
v -0.251365125 0.255138375 -0.140232
v -0.242333375 0.250100875 -0.133223625
v -0.258779125 0.204943875 -0.16359625
v -0.24606165625 0.226409046875 -0.145109078125
v -0.24928475 0.213472625 -0.1525275
v -0.23811825 0.21015375 -0.139939375
v -0.241671109375 0.196995375 -0.146672078125
v -0.259986125 0.195737125 -0.167792
v -0.252359 0.18977425 -0.1608405
v -0.2345015 0.191847875 -0.136434625
v -0.237249625 0.2213195 -0.13644925
v -0.24126 0.260846375 -0.128768625
v -0.2253405 0.29047275 -0.0928628625
v -0.3559505 0.326138 -0.2703325
v -0.3585525 0.335218 -0.268275
v -0.350343625 0.3383823125 -0.2713416875
v -0.347777 0.329325 -0.2734865
v -0.3528175 0.3473765 -0.269027
v -0.344510375 0.35049175 -0.271753125
v -0.342086 0.341519 -0.274229
v -0.346912 0.3594665 -0.2692655
v -0.3385438125 0.3625943125 -0.271544625
v -0.3361695 0.35361 -0.2741955
v -0.3408545625 0.371354125 -0.2685025
v -0.332471375 0.3747329375 -0.27068225
v -0.3301855 0.365792 -0.273702
v -0.310984875 0.40132025 -0.2679155
v -0.3021605625 0.4036919375 -0.268221125
v -0.3002685 0.394768 -0.272236
v -0.309009 0.392443 -0.271885
v -0.30414675 0.41226025 -0.263667875
v -0.295172875 0.4141650625 -0.26332075
v -0.2933165 0.4056925 -0.2681485
v -0.251784125 0.4230935625 -0.249970375
v -0.2507850625 0.4155920625 -0.2561214375
v -0.2595968125 0.4164224375 -0.258249
v -0.2606926875 0.4241464375 -0.25227725
v -0.2586285 0.408343 -0.263551
v -0.2674165 0.408507 -0.2652505
v -0.2684626875 0.4166643125 -0.260030375
v -0.2773785 0.4163338125 -0.2614538125
v -0.2788081875 0.4243114375 -0.255791125
v -0.2697093125 0.4245395625 -0.254227125
v -0.27109625 0.432002875 -0.2478589375
v -0.261936375 0.4314560625 -0.2457594375
v -0.254070875 0.436783625 -0.2361183125
v -0.2529065625 0.4301786875 -0.2432855625
v -0.2632620625 0.4382876875 -0.2387923125
v -0.280342625 0.43187475 -0.2495721875
v -0.281963375 0.4389394375 -0.242858625
v -0.2725754375 0.4389735 -0.2410055625
v -0.2740764375 0.4453418125 -0.2336790625
v -0.2646355625 0.444480125 -0.2314011875
v -0.2460595 0.4404125 -0.225201
v -0.2450621875 0.43452375 -0.232973625
v -0.255305375 0.4426988125 -0.2285386875
v -0.2660794375 0.44999075 -0.22375
v -0.256644 0.448213 -0.221005
v -0.2756218125 0.4510459375 -0.225898875
v -0.277220875 0.4559558125 -0.217752
v -0.2675895 0.4550435 -0.21575
v -0.2869369375 0.456089125 -0.219809
v -0.288602625 0.460134125 -0.2114103125
v -0.278833 0.460314 -0.209414
v -0.315919375 0.45128825 -0.22367125
v -0.325193 0.448375 -0.224004
v -0.3264915 0.451739 -0.215086
v -0.3173355 0.4549305 -0.214927
v -0.29836925 0.4591044375 -0.2130756875
v -0.2966793125 0.4552559375 -0.221613625
v -0.306385625 0.4536144375 -0.2229110625
v -0.308097 0.4575285 -0.214396
v -0.304625875 0.448939375 -0.231066875
v -0.31423975 0.4467645 -0.231899875
v -0.2902455 0.463442 -0.202707
v -0.300029 0.462273 -0.2043195
v -0.285232375 0.45116425 -0.227873875
v -0.2949170625 0.450430875 -0.2296864375
v -0.2931615625 0.444735875 -0.2373214375
v -0.3028044375 0.4433289375 -0.2386721875
v -0.283580375 0.4454015 -0.235617375
v -0.291420375 0.4382675625 -0.2444361875
v -0.28792875 0.4235500625 -0.256995
v -0.289650375 0.431159375 -0.25093875
v -0.2862735625 0.4154994375 -0.2625466875
v -0.297062125 0.42224275 -0.2579301875
v -0.30627025 0.4203104375 -0.2585283125
v -0.308393 0.4278435 -0.2527913125
v -0.29901025 0.4298195625 -0.2520534375
v -0.30093525 0.436905125 -0.2456856875
v -0.31043425 0.4348720625 -0.2464710625
v -0.3123835625 0.4412300625 -0.2395131875
v -0.321828125 0.4384524375 -0.2397275625
v -0.3237415 0.444137 -0.2323045
v -0.3177135625 0.425241875 -0.2528601875
v -0.3198373125 0.4321801875 -0.2466036875
v -0.3290734375 0.4288169375 -0.2460375625
v -0.331141 0.435183 -0.2393895
v -0.3131715625 0.4097873125 -0.263506
v -0.3154693125 0.4177668125 -0.2585161875
v -0.319795375 0.3984941875 -0.26702325
v -0.3221218125 0.4068103125 -0.2627041875
v -0.3262689375 0.3867539375 -0.269338125
v -0.32852175 0.3952871875 -0.2655999375
v -0.3176225 0.389905 -0.270939
v -0.351518 0.375789 -0.26237
v -0.343192875 0.379740625 -0.265063
v -0.349166 0.367576 -0.265912
v -0.3419755 0.4068734375 -0.2545575625
v -0.3395140625 0.399552875 -0.259459125
v -0.347674 0.3950105 -0.2569315
v -0.3501285 0.402153 -0.25201
v -0.33583175 0.4181981875 -0.25094025
v -0.333428625 0.411058875 -0.2565068125
v -0.3444735 0.413976 -0.2491535
v -0.3268989375 0.422038875 -0.2522493125
v -0.338111 0.4249865 -0.244903
v -0.3245603125 0.4146938125 -0.257837625
v -0.3309284375 0.4033908125 -0.261339625
v -0.337118 0.3917609375 -0.2637445625
v -0.3347629375 0.3834289375 -0.26740625
v -0.345597 0.387994 -0.261501
v -0.3240515 0.3779575 -0.272683
v -0.2303973125 0.431991375 -0.21908625
v -0.2295445 0.427661 -0.227217
v -0.2367763125 0.4314124375 -0.229849125
v -0.2374035 0.436545 -0.221442
v -0.235837 0.425496 -0.23759
v -0.244129625 0.4281848125 -0.240472125
v -0.2430796875 0.4213640625 -0.247304
v -0.2336189375 0.4120268125 -0.2505703125
v -0.242096125 0.4141373125 -0.2535710625
v -0.234605 0.41911 -0.2443205
v -0.22428 0.4026355 -0.2532895
v -0.232646 0.405034 -0.2567295
v -0.2252405 0.409625 -0.247204
v -0.24996 0.4078795 -0.261853
v -0.2412625 0.4065765 -0.2593775
v -0.276029 0.4080425 -0.266471
v -0.2848075 0.407169 -0.267501
v -0.213813 0.414047875 -0.2247020625
v -0.2116944375 0.4086743125 -0.2314779375
v -0.2188625 0.4126345 -0.2368665
v -0.220619 0.418095 -0.230228
v -0.205216 0.4044128125 -0.22548025
v -0.2028439375 0.3988271875 -0.2327541875
v -0.2096735 0.402998 -0.2386495
v -0.188074 0.383954 -0.227833
v -0.185862125 0.378298625 -0.2351544375
v -0.191903 0.383149 -0.2411595
v -0.1941781875 0.388737875 -0.233883375
v -0.19670525 0.3942146875 -0.2265504375
v -0.200599 0.3932715 -0.239925
v -0.1799955 0.37335 -0.2291425
v -0.17766 0.3677235 -0.2365705
v -0.1835165 0.372686 -0.2425625
v -0.2197519375 0.42379075 -0.213158375
v -0.2163585625 0.4189165625 -0.2183055625
v -0.222224 0.423496 -0.2232845
v -0.2243434375 0.4274694375 -0.2171499375
v -0.2304316875 0.434095 -0.210865625
v -0.224408875 0.4287408125 -0.2108346875
v -0.23715075 0.4404665625 -0.20263575
v -0.229841125 0.433909625 -0.2024936875
v -0.2376175 0.440405 -0.2116415
v -0.2447043125 0.446383625 -0.2032799375
v -0.245018 0.4445795 -0.2133515
v -0.2524965 0.449129 -0.2144975
v -0.2522581875 0.451429125 -0.2041180625
v -0.2598071875 0.456950125 -0.194358875
v -0.2519678125 0.4518008125 -0.19383775
v -0.259973 0.45644 -0.204828
v -0.2682535 0.46214 -0.195428
v -0.268345 0.46097 -0.185223
v -0.259942 0.4556416875 -0.1843103125
v -0.246688625 0.4341014375 -0.1580091875
v -0.2526475 0.4417825 -0.1569605
v -0.2510055 0.440412 -0.147814
v -0.2456615 0.432229 -0.1489675
v -0.239858 0.4271418125 -0.1591530625
v -0.238756 0.4306210625 -0.1676066875
v -0.2461950625 0.4372085625 -0.1666736875
v -0.245119625 0.440748 -0.175267
v -0.252876125 0.4469040625 -0.1749718125
v -0.254 0.443288 -0.1662265
v -0.2377305625 0.433894 -0.17600825
v -0.237016875 0.4368409375 -0.1846641875
v -0.244438625 0.4437193125 -0.184230875
v -0.2443244375 0.4458615625 -0.193555375
v -0.252095875 0.450026875 -0.1841234375
v -0.2606075 0.4527535 -0.174796
v -0.24763 0.400291 -0.115015
v -0.2488643125 0.401661625 -0.1242058125
v -0.2466245 0.392749 -0.125097
v -0.2455203125 0.3912991875 -0.1159715625
v -0.2367626875 0.4392486875 -0.1935071875
v -0.2225175 0.4250734375 -0.1956445
v -0.2232043125 0.4274139375 -0.20361425
v -0.2294903125 0.43220725 -0.194026125
v -0.2297988125 0.429547625 -0.1855975
v -0.2170444375 0.4209379375 -0.206584875
v -0.215690375 0.4178734375 -0.198649625
v -0.209224 0.4110585 -0.2036815
v -0.2118368125 0.41488825 -0.2117275625
v -0.2080793125 0.409647625 -0.218333875
v -0.2030415 0.4047555 -0.2115715
v -0.1997943125 0.3995313125 -0.21898375
v -0.194946 0.394247 -0.2121735
v -0.1915 0.389041 -0.21994
v -0.223685875 0.41915425 -0.17914
v -0.222726 0.4222113125 -0.187360125
v -0.2306525 0.4265456875 -0.1773123125
v -0.231729875 0.4233899375 -0.1690475625
v -0.2154735 0.4146655 -0.1900855
v -0.2260703125 0.4128883125 -0.1623385
v -0.22495475 0.4159475 -0.17087075
v -0.232758125 0.4202189375 -0.1605831875
v -0.240803 0.4238 -0.150488
v -0.233725875 0.4169853125 -0.151962625
v -0.208538875 0.387558625 -0.1598391875
v -0.2071935 0.390599 -0.168772
v -0.213377625 0.397972 -0.1666056875
v -0.2146256875 0.3949729375 -0.157709125
v -0.211749 0.4011695 -0.1754245
v -0.2182995625 0.4085259375 -0.173117875
v -0.219718625 0.40537875 -0.164426375
v -0.2269660625 0.4099326875 -0.1536209375
v -0.2206851875 0.4025171875 -0.1555743125
v -0.22144625 0.3997018125 -0.146746
v -0.215385625 0.3922380625 -0.148744375
v -0.216811 0.4117885 -0.181466
v -0.2094385625 0.384704 -0.1508594375
v -0.203502 0.3773215 -0.1529525
v -0.202574 0.3802125 -0.1619485
v -0.2159255 0.3895735 -0.139773
v -0.210046875 0.381971125 -0.141868875
v -0.210683 0.3791555 -0.1328955
v -0.2047955 0.371667 -0.134899
v -0.204143 0.374489 -0.1438875
v -0.227956875 0.4067935625 -0.145029875
v -0.234776 0.4136935 -0.1434335
v -0.22847475 0.403859125 -0.1364295625
v -0.222245 0.396679 -0.13814
v -0.228334 0.401268 -0.1276305
v -0.23375 0.4117265 -0.134429
v -0.233206 0.4093895 -0.1255075
v -0.230606 0.304362 -0.09746935
v -0.2278435 0.295028375 -0.0973950375
v -0.224727 0.2952925 -0.0891342
v -0.227742 0.304372 -0.0890567
v -0.2294796875 0.2841183125 -0.10479448125
v -0.226089 0.2853305 -0.09649185
v -0.230962 0.294112 -0.1058775
v -0.2314865 0.272704 -0.111874
v -0.2276353125 0.274599375 -0.103561225
v -0.2332795 0.282283 -0.113123
v -0.223732 0.256137 -0.10076495
v -0.225627 0.265328 -0.10220713125
v -0.229254 0.2633 -0.110579
v -0.2273455 0.254042 -0.1091405
v -0.221801 0.267026 -0.0939258
v -0.2238275 0.276212 -0.09529585
v -0.2352755 0.33537 -0.1202925
v -0.2346915 0.3254625 -0.121044
v -0.235381 0.324884 -0.1131855
v -0.235965 0.3347915 -0.112434
v -0.3192895 0.3493645 -0.2430215
v -0.3173915 0.3403615 -0.240759
v -0.312229 0.3435035 -0.233655
v -0.314127 0.3525065 -0.2359175
v -0.246522 0.386207 -0.1423085
v -0.2421935 0.377833 -0.1428995
v -0.2427501875 0.3762589375 -0.1343383125
v -0.2469755 0.384716 -0.133706
v -0.239575 0.3673385 -0.134889
v -0.2395975 0.3658125 -0.126616
v -0.2426695 0.374816 -0.126024
v -0.24684925 0.252619625 -0.1367278125
v -0.241448 0.2558895 -0.130005
v -0.242564 0.264138 -0.1314255
v -0.2481675 0.2609305 -0.1381345
v -0.2451810625 0.2324078125 -0.142196375
v -0.2414626875 0.2238958125 -0.1409985
v -0.236332 0.2272225 -0.133542
v -0.2396515 0.2358035 -0.1352005
v -0.240523625 0.2031431875 -0.1442373125
v -0.23799125 0.1944213125 -0.1416244375
v -0.2334265 0.198016 -0.134031
v -0.2358045 0.2067295 -0.1367465
v -0.2429100625 0.1908268125 -0.14900975
v -0.2404525 0.182067 -0.146232
v -0.2356455 0.1856675 -0.1387695
v -0.2457311875 0.1995706875 -0.151435375
v -0.2512544375 0.1959560625 -0.1583688125
v -0.2481645 0.1872185 -0.1561755
v -0.2434706875 0.21181175 -0.146417875
v -0.2488215 0.2082745 -0.1535575
v -0.260563 0.200964 -0.1667195
v -0.2567755 0.1923105 -0.1652725
v -0.2549075 0.2046295 -0.1599635
v -0.253851 0.249095 -0.1423135
v -0.24974975 0.24073025 -0.1422188125
v -0.2431215 0.244314 -0.1365135
v -0.2565865 0.237022 -0.14776
v -0.2514324375 0.228796125 -0.1483423125
v -0.2530155 0.216854 -0.1544745
v -0.2469885625 0.220390375 -0.1479501875
v -0.257786 0.2252225 -0.1545215
v -0.2382225 0.2153235 -0.139211
v -0.2358405 0.3234085 -0.09560745
v -0.2345925 0.316048 -0.0977732
v -0.2314665 0.3155365 -0.0897601
v -0.2327145 0.322897 -0.08759435
v -0.2308315 0.331144 -0.08827915
v -0.229407 0.340108 -0.0879485
v -0.2359565625 0.3416080625 -0.09439913125
v -0.2378105 0.332632 -0.09455065
v -0.2359465 0.3508935 -0.0932682
v -0.238419 0.352165875 -0.1016408
v -0.2389445 0.342847 -0.1025457
v -0.240525 0.3612595 -0.1005014
v -0.239936 0.362864 -0.109343
v -0.237916 0.353749 -0.1104355
v -0.2450495 0.382132 -0.1167655
v -0.2425505 0.380721 -0.1081405
v -0.2429725 0.3899155 -0.107279
v -0.251927 0.41046 -0.123148
v -0.2528838125 0.411574625 -0.132529125
v -0.249601 0.402939 -0.1335545
v -0.2562295 0.4202035 -0.131679
v -0.2578175 0.4207705 -0.141058
v -0.254333 0.4122525 -0.1418735
v -0.35316475 0.3322715 -0.27088075
v -0.34745175 0.34444775 -0.271628
v -0.34154075 0.35653825 -0.2717305
v -0.3355205 0.368667 -0.27118
v -0.30559375 0.39812025 -0.2701405
v -0.2986915 0.4090525 -0.265952
v -0.25568025 0.41994375 -0.254277
v -0.263508 0.412552 -0.261844
v -0.27356775 0.42058325 -0.2580035
v -0.2658325 0.428176 -0.25014
v -0.25802 0.43434325 -0.24110275
v -0.2764805 0.4355975 -0.24542775
v -0.26862025 0.4419565 -0.2363235
v -0.2500765 0.43872325 -0.2307545
v -0.260642 0.446478 -0.22625825
v -0.27161075 0.453167 -0.22085075
v -0.28289475 0.45830625 -0.21464525
v -0.32126425 0.45165275 -0.2194655
v -0.30239425 0.4565255 -0.21808175
v -0.31033925 0.45036725 -0.2275295
v -0.29431475 0.46135525 -0.207927
v -0.29094 0.45345325 -0.22483775
v -0.29888125 0.44705425 -0.23431
v -0.2796125 0.44843575 -0.23084175
v -0.287523 0.44200825 -0.24016375
v -0.284169 0.4278515 -0.253421
v -0.291591 0.41899275 -0.260315
v -0.3026845 0.42519425 -0.25545475
v -0.2952525 0.434191 -0.24839
v -0.3066585 0.4392605 -0.24273675
v -0.31807175 0.44278675 -0.235985
v -0.3141225 0.43018675 -0.2498425
v -0.32550175 0.43378 -0.24307025
v -0.3097625 0.4151635 -0.2612085
v -0.31650775 0.40421575 -0.2654315
v -0.32305875 0.392668 -0.2683195
v -0.34618675 0.3736655 -0.265514
v -0.344855 0.40097975 -0.25583525
v -0.338975 0.412616 -0.252917
v -0.332524 0.42361075 -0.248654
v -0.32119775 0.42007475 -0.25553325
v -0.3277865 0.4091075 -0.25974925
v -0.34016975 0.385787 -0.264506
v -0.33403825 0.39761875 -0.26268025
v -0.329397 0.38076875 -0.270097
v -0.233474 0.432103 -0.2243295
v -0.24036925 0.43007275 -0.235264
v -0.24793425 0.4258495 -0.2453715
v -0.2383195 0.41673075 -0.2490265
v -0.22894325 0.4073295 -0.25196675
v -0.245997 0.4111155 -0.25779275
v -0.28111225 0.411818 -0.26456275
v -0.21615225 0.4134185 -0.23084825
v -0.2072545 0.40379475 -0.2321265
v -0.1899885 0.3835515 -0.23449625
v -0.19847425 0.393819 -0.23332125
v -0.181756 0.373018 -0.2358525
v -0.2205185 0.42337525 -0.21817025
v -0.22748125 0.4309245 -0.2145005
v -0.2336945 0.4373355 -0.206889
v -0.24862575 0.44809675 -0.20878875
v -0.25594 0.45439175 -0.1992315
v -0.26399575 0.45906975 -0.18973
v -0.2491545 0.43700575 -0.152964
v -0.242993 0.432201 -0.16284475
v -0.24949925 0.44212525 -0.170715
v -0.24098225 0.43894175 -0.179946
v -0.24811725 0.4481245 -0.1888495
v -0.25629625 0.451498 -0.17944725
v -0.24712725 0.39652 -0.120056
v -0.2406815 0.44330875 -0.198171
v -0.226127 0.429771 -0.19881275
v -0.23315325 0.43458 -0.18933375
v -0.22086325 0.42527875 -0.20835125
v -0.2131525 0.416118 -0.20507025
v -0.21221575 0.414368 -0.2183
v -0.2039385 0.4046735 -0.2185875
v -0.19564775 0.39430675 -0.2194455
v -0.226645 0.4243965 -0.18224525
v -0.234666 0.42867825 -0.172431
v -0.218978 0.41997075 -0.19278725
v -0.2288635 0.4181245 -0.16569125
v -0.236755 0.42207025 -0.1555235
v -0.21097075 0.39274375 -0.163243
v -0.21580375 0.40323325 -0.16991775
v -0.22335375 0.40768775 -0.15896575
v -0.218036 0.397371 -0.1521655
v -0.2209155 0.4138485 -0.17614475
v -0.20603775 0.38242675 -0.15640375
v -0.2127135 0.38710725 -0.145316
v -0.207413 0.37682225 -0.1383915
v -0.2308125 0.411886 -0.148477
v -0.225101 0.40172925 -0.1415845
v -0.231042 0.40649725 -0.13102975
v -0.2276665 0.29982725 -0.093301775
v -0.2285255 0.28972125 -0.101184675
v -0.23047325 0.278432 -0.10834825
v -0.226493 0.2597185 -0.105671975
v -0.224734 0.2708035 -0.09874965
v -0.23532825 0.330127 -0.116739
v -0.31575925 0.346434 -0.23833825
v -0.2445845 0.3812745 -0.13830275
v -0.24112225 0.37107725 -0.1304565
v -0.24480775 0.25841 -0.13406975
v -0.2405435 0.22986275 -0.13812675
v -0.236875 0.20057925 -0.139208
v -0.239199 0.188248 -0.14395075
v -0.24693625 0.19340225 -0.15382425
v -0.2445725 0.2057085 -0.14897125
v -0.2558415 0.19847 -0.162618
v -0.24848625 0.2467045 -0.1394135
v -0.25067075 0.2347625 -0.14523575
v -0.252218 0.222826 -0.1514165
v -0.24243625 0.2178765 -0.14376125
v -0.2336535 0.3194725 -0.092683775
v -0.23360875 0.33637 -0.091249575
v -0.2374455 0.34687025 -0.09790695
v -0.2392205 0.35750425 -0.10546845
v -0.244011 0.38602375 -0.11202225
v -0.250764 0.4066995 -0.12835125
v -0.25528125 0.416228 -0.13677625
v 0.2796905 0.409832875 -0.23000925
v 0.242876625 0.458837875 -0.205765875
v 0.20238725 0.27081375 -0.0938036125
v 0.20401475 0.281930125 -0.093765025
v 0.198299125 0.26070625 -0.0961450375
v 0.1918244375 0.273964421875 -0.0981831234375
v 0.188751 0.262181125 -0.1003151875
v 0.143222375 0.3334975 -0.18648375
v 0.196977875 0.286927375 -0.0976523
v 0.18086775 0.266607125 -0.105514375
v 0.18082075 0.27577925 -0.106425625
v 0.17372075 0.279483875 -0.113948875
v 0.185705765625 0.288025359375 -0.105161210937
v 0.140749625 0.323546125 -0.172987
v 0.166746 0.28347675 -0.121476875
v 0.1770013125 0.290612953125 -0.113384203125
v 0.19185475 0.29977275 -0.106990625
v 0.137694625 0.32695475 -0.182568375
v 0.193197625 0.308353625 -0.11035925
v 0.197227375 0.29614375 -0.1010226625
v 0.145711 0.32055425 -0.16242525
v 0.148700640625 0.332385375 -0.1740663125
v 0.1808639375 0.301720109375 -0.113682765625
v 0.186665625 0.313756875 -0.113520375
v 0.17544925 0.314595375 -0.123625875
v 0.172784125 0.304432 -0.122266875
v 0.1688475 0.293290375 -0.12215875
v 0.193041375 0.333268875 -0.1192855
v 0.189903 0.32359775 -0.116151875
v 0.15914875 0.35307428125 -0.18720853125
v 0.15210371875 0.34360765625 -0.186263953125
v 0.180476625 0.3282785 -0.124536375
v 0.171548375 0.31953275 -0.130785125
v 0.183595 0.334846625 -0.125530625
v 0.199378875 0.37433525 -0.134809
v 0.174957125 0.327833125 -0.131083875
v 0.196993890625 0.4123135 -0.191875359375
v 0.1562043125 0.34161428125 -0.174928109375
v 0.1638505 0.320491125 -0.140480875
v 0.163378 0.350996828125 -0.175826265625
v 0.190781359375 0.402394859375 -0.191135578125
v 0.1947783125 0.400651546875 -0.179552828125
v 0.165977328125 0.36267075 -0.188106328125
v 0.2163195 0.390749625 -0.120935375
v 0.1595075 0.312772625 -0.140296875
v 0.1645375 0.309856875 -0.133010125
v 0.142931 0.336541375 -0.19551275
v 0.15115475 0.31887525 -0.153444625
v 0.16517175 0.335077625 -0.151221375
v 0.21916475 0.398632625 -0.124408875
v 0.2129505 0.398125875 -0.130288625
v 0.21015725 0.390243875 -0.126853125
v 0.153353609375 0.329817765625 -0.16311721875
v 0.160760890625 0.339224203125 -0.1637535
v 0.17026965625 0.360569171875 -0.176676421875
v 0.16787675 0.348723546875 -0.164516875
v 0.147717875 0.343808375 -0.199283125
v 0.155903515625 0.35445178125 -0.19893496875
v 0.170569125 0.33533825 -0.1431265
v 0.23236 0.419318375 -0.137564875
v 0.2356215 0.425412625 -0.143673875
v 0.158075375 0.327074625 -0.152249375
v 0.17461803125 0.358451140625 -0.165269234375
v 0.1724933125 0.372448546875 -0.188923734375
v 0.229838875 0.39383725 -0.129085625
v 0.237930875 0.42058425 -0.151118375
v 0.234315875 0.410829125 -0.14056225
v 0.23269325 0.40237825 -0.1345485
v 0.17684009375 0.370359984375 -0.177434359375
v 0.14784075 0.346437125 -0.208453375
v 0.162597140625 0.36416334375 -0.199863640625
v 0.24069725 0.423611125 -0.159593125
v 0.172281484375 0.34658496875 -0.153118609375
v 0.17882034375 0.3566434375 -0.153732765625
v 0.18110328125 0.36840228125 -0.165923390625
v 0.2374645 0.417845625 -0.16554575
v 0.232764 0.41138725 -0.158887375
v 0.228006 0.395424375 -0.14257725
v 0.228102625 0.388104 -0.1353355
v 0.17866646875 0.382397296875 -0.18966665625
v 0.16893346875 0.37406196875 -0.20068246875
v 0.22965725 0.40389475 -0.1504355
v 0.26840075 0.456083125 -0.179005
v 0.262397875 0.4536585 -0.1729545
v 0.259874 0.444703875 -0.1751115
v 0.25387175 0.439468125 -0.17037125
v 0.18817975 0.355238 -0.132527875
v 0.194187375 0.36474125 -0.131846375
v 0.27693875 0.449417625 -0.19254925
v 0.269644875 0.44864975 -0.185275875
v 0.262817625 0.427426875 -0.199488875
v 0.265688390625 0.437145734375 -0.19226825
v 0.25783009375 0.4340738125 -0.184020375
v 0.187215015625 0.378513515625 -0.166497640625
v 0.284065125 0.450139 -0.199743875
v 0.2501935 0.430792875 -0.175380875
v 0.27413528125 0.439532453125 -0.199866140625
v 0.1753039375 0.38393859375 -0.20150309375
v 0.159365875 0.363712875 -0.2133625
v 0.290926875 0.442385125 -0.213065375
v 0.1537185 0.355074 -0.210977
v 0.270089875 0.4281805 -0.20725075
v 0.299879 0.435669 -0.225318125
v 0.292265875 0.435784125 -0.219754875
v 0.17675575 0.344397875 -0.141775
v 0.27098775 0.421037375 -0.21490675
v 0.280911109375 0.43145971875 -0.21433571875
v 0.28443975 0.44303625 -0.2067385
v 0.27828175 0.419452625 -0.222164125
v 0.290204296875 0.423898359375 -0.227374265625
v 0.302149 0.429011375 -0.2319255
v 0.254609 0.4247895 -0.1911
v 0.309897 0.4293135 -0.23727325
v 0.247549125 0.424162375 -0.18271575
v 0.301656484375 0.41743625 -0.23878675
v 0.29066615625 0.4136035 -0.23434859375
v 0.30326559375 0.40744134375 -0.244966203125
v 0.29242796875 0.40364565625 -0.241036546875
v 0.312515 0.42125675 -0.24315825
v 0.281594 0.3998315 -0.2384755
v 0.3050213125 0.397078 -0.25051115625
v 0.3141175 0.41119075 -0.2490515
v 0.31585175 0.400773375 -0.254466375
v 0.29316875 0.39157075 -0.246923
v 0.296347875 0.382739 -0.251481125
v 0.317733875 0.390196375 -0.2594055
v 0.28453925 0.39142175 -0.244381125
v 0.298539 0.371831375 -0.255885125
v 0.3070129375 0.386468015625 -0.255528484375
v 0.3092543125 0.375501578125 -0.2597068125
v 0.182680375 0.353789375 -0.1407355
v 0.30094475 0.36064625 -0.259697875
v 0.31995725 0.37921425 -0.263421625
v 0.314555609375 0.353273828125 -0.266398078125
v 0.3225435 0.36812275 -0.26676275
v 0.3117205 0.3643824375 -0.263266453125
v 0.317557515625 0.342022890625 -0.26917284375
v 0.306786875 0.33772325 -0.2651395
v 0.30372075 0.349226 -0.26264475
v 0.325409875 0.357105375 -0.269941875
v 0.328329 0.346145625 -0.27317375
v 0.18501084375 0.367024671875 -0.154277640625
v 0.193033734375 0.3888235625 -0.167212640625
v 0.18302028125 0.3803408125 -0.178123203125
v 0.167445375 0.37613 -0.214441875
v 0.305482 0.437996625 -0.24502075
v 0.308968 0.327010125 -0.2659605
v 0.329609 0.336221875 -0.2755095
v 0.173208625 0.384854625 -0.213625125
v 0.323120875 0.330531375 -0.271952
v 0.188951671875 0.36605534375 -0.1427584375
v 0.30215825 0.319998 -0.263522875
v 0.296839 0.449128875 -0.23148225
v 0.30504675 0.44523925 -0.233964125
v 0.302225375 0.430604375 -0.254674375
v 0.3165849375 0.315993671875 -0.2661265625
v 0.198809390625 0.39937721875 -0.16806521875
v 0.29345146875 0.44052384375 -0.24567315625
v 0.29009025 0.431802125 -0.2559065
v 0.3042155 0.310664 -0.261884375
v 0.326928875 0.32134875 -0.27077325
v 0.280923265625 0.4421056875 -0.244878671875
v 0.298557625 0.30295275 -0.259199875
v 0.2038555 0.400297 -0.155369
v 0.330952375 0.312276625 -0.269125875
v 0.275556625 0.43367225 -0.2544935
v 0.28345646875 0.4498398125 -0.23297965625
v 0.293674375 0.4544585 -0.218928125
v 0.301894 0.2951015 -0.255299625
v 0.296750625 0.28770525 -0.251694125
v 0.322838125 0.306373125 -0.264766875
v 0.26775525 0.442764875 -0.243013625
v 0.284690375 0.45619775 -0.21922575
v 0.271369640625 0.450389484375 -0.23199878125
v 0.274385625 0.457499625 -0.217469
v 0.31322975 0.30085275 -0.259996125
v 0.181520265625 0.3939374375 -0.202264359375
v 0.18467153125 0.3924420625 -0.190382078125
v 0.26101275 0.43447025 -0.251620625
v 0.253968328125 0.442747 -0.23951125
v 0.259189578125 0.45009528125 -0.230373640625
v 0.250622875 0.4608965 -0.205056375
v 0.26925875 0.46128025 -0.20578225
v 0.246573375 0.434752875 -0.2467395
v 0.261343 0.456416671875 -0.21860009375
v 0.2601125 0.46179025 -0.2049515
v 0.188889359375 0.3904924375 -0.17880725
v 0.246886109375 0.4493426875 -0.226744421875
v 0.250134125 0.45550984375 -0.21701009375
v 0.179909625 0.394821375 -0.214435
v 0.301995625 0.281431625 -0.24954575
v 0.16044725 0.36606725 -0.22276525
v 0.1879919375 0.403863578125 -0.203046640625
v 0.24067853125 0.442867828125 -0.2332735
v 0.233115875 0.435694875 -0.238496875
v 0.238957875 0.45453875 -0.212018875
v 0.23460925 0.449216125 -0.218683875
v 0.228793 0.4433255 -0.2238485
v 0.196133125 0.378217625 -0.142230375
v 0.22417775 0.437501375 -0.228932375
v 0.190957625 0.377566609375 -0.15487421875
v 0.308389875 0.286038 -0.253182125
v 0.225394875 0.447547625 -0.20492225
v 0.217807 0.4409625 -0.205764375
v 0.19679396875 0.388279546875 -0.155715953125
v 0.22677925 0.44868025 -0.195273875
v 0.2096045 0.431428375 -0.215105625
v 0.210464125 0.433659875 -0.2066215
v 0.228181 0.447593375 -0.185798625
v 0.218524203125 0.440285421875 -0.194385796875
v 0.200527875 0.3879275 -0.1441845
v 0.224828625 0.437972375 -0.174186125
v 0.202259375 0.423809625 -0.216376125
v 0.22297725 0.44072975 -0.182138875
v 0.214126625 0.418420875 -0.1607325
v 0.210799796875 0.43146790625 -0.19351665625
v 0.21823375 0.42970225 -0.171338
v 0.2140816875 0.43046821875 -0.18225690625
v 0.19429825 0.414515375 -0.215862125
v 0.201901796875 0.4232755 -0.2044580625
v 0.212533125 0.421147625 -0.168962625
v 0.207067265625 0.42089328125 -0.181275640625
v 0.205578875 0.3974105 -0.14678575
v 0.186942875 0.40475675 -0.215189375
v 0.2035614375 0.42211253125 -0.19264221875
v 0.208675125 0.409447625 -0.15779025
v 0.20480371875 0.409752921875 -0.169062
v 0.19470665625 0.4137195 -0.203782921875
v 0.16552725 0.373524 -0.223371125
v 0.20079003125 0.410706203125 -0.18032734375
v 0.1902535625 0.2680725 -0.0990735
v 0.193907 0.2604785 -0.09797325
v 0.2007975 0.2647745 -0.0947479
v 0.1970210625 0.2724104375 -0.095770025
v 0.2004895 0.284474 -0.09552295
v 0.1935319375 0.2798574375 -0.09799536875
v 0.2040535 0.2769545 -0.09333395
v 0.180802 0.2712505 -0.105824
v 0.183961 0.263904 -0.1032535
v 0.1869669375 0.275433 -0.10148959375
v 0.190395125 0.2868770625 -0.10157196875
v 0.1839455 0.2824575 -0.105027375
v 0.1944515 0.2980215 -0.103991
v 0.1877923125 0.2934666875 -0.10606714375
v 0.19698 0.2916315 -0.09919765
v 0.1812574375 0.289287875 -0.109144625
v 0.1753155 0.285049375 -0.1135971875
v 0.177981 0.2781385 -0.1095625
v 0.1728885625 0.2919489375 -0.1177419375
v 0.167018 0.287878 -0.1223465
v 0.169478 0.280971 -0.118299
v 0.185420875 0.3001925625 -0.110390125
v 0.17886925 0.2961726875 -0.113448625
v 0.176720625 0.303110375 -0.1177749375
v 0.170788 0.2988295 -0.1221645
v 0.189921 0.311051 -0.1119515
v 0.18293 0.30724675 -0.1139789375
v 0.1926395 0.3039055 -0.1089095
v 0.180840375 0.3142259375 -0.1181878125
v 0.1747805 0.3100345 -0.122369
v 0.18531825 0.32506725 -0.1197281875
v 0.1791980625 0.3211714375 -0.1228545
v 0.1872875 0.3182305 -0.1149
v 0.1779495 0.3281505 -0.1275635
v 0.172435 0.32404 -0.13212
v 0.1734625 0.317073 -0.1271925
v 0.181603 0.3315035 -0.12498
v 0.1926285 0.3289845 -0.1173375
v 0.188719 0.335329 -0.1228245
v 0.160858 0.31711 -0.141609
v 0.161316 0.3100205 -0.1366285
v 0.167426 0.313285 -0.131848
v 0.166968 0.3203745 -0.1368285
v 0.1403555 0.330324 -0.1844735
v 0.138371 0.324931 -0.178346
v 0.14475925 0.3279341875 -0.1735459375
v 0.1465699375 0.3334875 -0.17960125
v 0.2165275 0.399693 -0.1279245
v 0.2105225 0.3941005 -0.129554
v 0.2127685 0.389183 -0.1233185
v 0.2187735 0.3947755 -0.121689
v 0.2353403125 0.4149393125 -0.14677975
v 0.2368135 0.4230835 -0.147351
v 0.2336545 0.423459 -0.1397585
v 0.2331855 0.4150865 -0.139053
v 0.227836 0.39075 -0.1389875
v 0.230349625 0.3989013125 -0.138562875
v 0.231235 0.398071 -0.130798
v 0.2287825 0.389824 -0.1313165
v 0.2323814375 0.407315 -0.1464479375
v 0.231001 0.4077895 -0.1546065
v 0.2352888125 0.4149391875 -0.1549146875
v 0.235043 0.4146015 -0.163243
v 0.239655 0.421533 -0.163668
v 0.239674 0.4220275 -0.1553045
v 0.228636 0.3997895 -0.1464095
v 0.233936 0.406612 -0.138432
v 0.261094 0.449201 -0.1740555
v 0.26433425 0.445527875 -0.1811565625
v 0.2689955 0.4524155 -0.1821715
v 0.2655175 0.456225 -0.1752685
v 0.251853 0.435376 -0.1719005
v 0.2540004375 0.4324423125 -0.1797259375
v 0.2593124375 0.438879875 -0.1804374375
v 0.257006 0.4420185 -0.1726625
v 0.2617051875 0.4356694375 -0.1882135625
v 0.267115375 0.4420173125 -0.1886266875
v 0.269842375 0.43841925 -0.1961471875
v 0.275524 0.444474875 -0.1962063125
v 0.272692 0.4482135 -0.188826
v 0.27853525 0.4405278125 -0.203440875
v 0.2842015 0.446575 -0.2033085
v 0.281187 0.450573 -0.196173
v 0.2562451875 0.429398875 -0.1875688125
v 0.2587225 0.42607 -0.195352
v 0.2642546875 0.432283875 -0.1958848125
v 0.272798625 0.4345906875 -0.2035315
v 0.267076 0.4286175 -0.2034155
v 0.248137 0.4267695 -0.178943
v 0.2502955 0.423828 -0.186828
v 0.27616225 0.430503 -0.210924375
v 0.28189675 0.43650525 -0.21055225
v 0.2858414375 0.432705875 -0.21731025
v 0.291524 0.4390425 -0.216474
v 0.2876235 0.442678 -0.2099055
v 0.2745255 0.420327 -0.2185335
v 0.2801936875 0.426357625 -0.218108125
v 0.2704515 0.4246545 -0.2111135
v 0.2904365625 0.429059375 -0.223702875
v 0.295567875 0.425572125 -0.2297986875
v 0.3010345 0.432306 -0.228629
v 0.2960035 0.435744 -0.2225315
v 0.2849218125 0.4223728125 -0.224784875
v 0.2851751875 0.4117126875 -0.2321695
v 0.290264125 0.4187208125 -0.2309024375
v 0.2794735 0.4153435 -0.225969
v 0.2961696875 0.4155163125 -0.236565375
v 0.3011428125 0.422384375 -0.2355353125
v 0.30709725 0.4193484375 -0.240979625
v 0.3117405 0.4261445 -0.240152
v 0.3059015 0.4291415 -0.234669
v 0.2914605 0.4086231875 -0.2377739375
v 0.2978455 0.405548125 -0.2428925
v 0.302403125 0.412471125 -0.2419444375
v 0.308690375 0.40931975 -0.2470150625
v 0.3133035 0.4162725 -0.246145
v 0.2805225 0.404754 -0.234346
v 0.287010875 0.4017395 -0.2396409375
v 0.293349375 0.3985366875 -0.2439945
v 0.2996515625 0.3952059375 -0.2484770625
v 0.30412675 0.40229925 -0.247809875
v 0.3104274375 0.3989305625 -0.2525000625
v 0.3149685 0.4060105 -0.251817
v 0.2825295 0.39479 -0.241894
v 0.2888335 0.391519 -0.2457165
v 0.2953015 0.388066 -0.2490235
v 0.30167575 0.3846035625 -0.253519
v 0.305984 0.39181075 -0.25310575
v 0.31236875 0.38833225 -0.2574811875
v 0.3167625 0.395521 -0.2570245
v 0.3038976875 0.3736629375 -0.257804875
v 0.30810625 0.3810203125 -0.2577141875
v 0.297424 0.377324 -0.253759
v 0.3146068125 0.377354375 -0.261573125
v 0.318799 0.3847425 -0.2615235
v 0.3063286875 0.362514 -0.2614881875
v 0.3104475 0.36994575 -0.2615503125
v 0.299702 0.3662715 -0.2578875
v 0.3171280625 0.36625225 -0.265020625
v 0.321208 0.3736665 -0.265143
v 0.3091365625 0.3512679375 -0.264538875
v 0.313108 0.35884125 -0.264877
v 0.302299 0.3549575 -0.261248
v 0.305166 0.3434725 -0.263995
v 0.312172125 0.3398878125 -0.267158875
v 0.3160089375 0.3476318125 -0.2678458125
v 0.3229431875 0.344099 -0.271176
v 0.3268695 0.351607 -0.2715395
v 0.319981125 0.355207625 -0.2681874375
v 0.323956 0.3626065 -0.268356
v 0.3087355 0.3320045 -0.265919
v 0.316212625 0.328891375 -0.2686803125
v 0.319290875 0.33655475 -0.2703318125
v 0.3261875 0.33333 -0.2739765
v 0.3297825 0.3407555 -0.2748695
v 0.2945591875 0.4445786875 -0.239791875
v 0.3010465 0.447261 -0.232994
v 0.3060725 0.442006 -0.2387125
v 0.2995016875 0.4393295 -0.2454585
v 0.296956 0.430519 -0.256045
v 0.2918854375 0.4362241875 -0.25094275
v 0.3046335 0.4336465 -0.2506705
v 0.3031265 0.315424 -0.2626685
v 0.311444375 0.3132146875 -0.2640036875
v 0.3136463125 0.3210496875 -0.266485
v 0.3054405 0.323434 -0.264891
v 0.321750625 0.3186915 -0.2684098125
v 0.324012 0.3262775 -0.2711175
v 0.2841443125 0.45312675 -0.2262290625
v 0.289858 0.4556855 -0.2179935
v 0.2951915 0.4519005 -0.225109
v 0.289372375 0.4492251875 -0.23316825
v 0.2872614375 0.441441125 -0.245441625
v 0.2824850625 0.446121 -0.2392248125
v 0.3097515625 0.305468625 -0.2611225
v 0.3179665 0.3036475 -0.2623795
v 0.3196739375 0.31113425 -0.265511
v 0.327876 0.309071 -0.267162
v 0.3299395 0.3165255 -0.2702195
v 0.282893 0.4328655 -0.255383
v 0.27846425 0.43792925 -0.249855375
v 0.300193 0.299023 -0.2573065
v 0.3085965 0.2979475 -0.257613
v 0.3012955 0.30667 -0.260727
v 0.26990275 0.44670875 -0.237792625
v 0.27744 0.4502260625 -0.232571375
v 0.274428625 0.442541875 -0.2440990625
v 0.2682735 0.4341855 -0.253257
v 0.26462875 0.43865825 -0.247500625
v 0.2724543125 0.4537066875 -0.22579325
v 0.2791195 0.4566115 -0.2195455
v 0.2982675 0.28375 -0.2500765
v 0.306027 0.2826385 -0.2510685
v 0.3071125 0.2902975 -0.254424
v 0.299353 0.291409 -0.253432
v 0.2569175625 0.4465309375 -0.235249
v 0.2652920625 0.450335625 -0.23131725
v 0.260880875 0.442789875 -0.2415331875
v 0.2537435 0.4345915 -0.2495315
v 0.2504205 0.4387925625 -0.243255
v 0.26070575 0.4533909375 -0.2247905625
v 0.2670163125 0.4566536875 -0.2188693125
v 0.26097825 0.45917125 -0.2119025625
v 0.265084 0.461898 -0.2043845
v 0.271729 0.459435 -0.2115125
v 0.2440624375 0.4461679375 -0.23031025
v 0.2530445 0.44969925 -0.2290148125
v 0.2471804375 0.442766375 -0.2368013125
v 0.23961 0.435158 -0.2429945
v 0.2369766875 0.439338625 -0.2359555
v 0.24890725 0.4524958125 -0.2222546875
v 0.2557244375 0.456005 -0.2181303125
v 0.250575 0.4582673125 -0.2111796875
v 0.255252 0.461459 -0.2051155
v 0.2445455625 0.455022375 -0.2147895625
v 0.240673 0.4569085 -0.2084495
v 0.2463455 0.460095 -0.204954
v 0.2369545 0.4519605 -0.215488
v 0.2407436875 0.44922075 -0.223066125
v 0.2346239375 0.4430711875 -0.2287979375
v 0.2318685 0.446348 -0.2214335
v 0.2273535 0.4362515 -0.233447
v 0.2254435 0.440118 -0.2260405
v 0.2179855625 0.44062 -0.2000534375
v 0.2226118125 0.44451225 -0.194827875
v 0.2264255 0.4485705 -0.2007955
v 0.22215 0.444768 -0.2060855
v 0.2099069375 0.4319960625 -0.1992895
v 0.21459625 0.4359409375 -0.1939515625
v 0.213482 0.436862 -0.205438
v 0.219783 0.4399666875 -0.18880475
v 0.2254545 0.444201 -0.1839385
v 0.2279935 0.4487205 -0.189926
v 0.2019331875 0.423595125 -0.210414375
v 0.20569325 0.4278966875 -0.204775
v 0.2100425 0.4325495 -0.21083
v 0.2065375 0.428194 -0.2164905
v 0.20246 0.422745625 -0.198512625
v 0.2071066875 0.4268554375 -0.1930725625
v 0.21225175 0.4309470625 -0.187838625
v 0.2177799375 0.435095875 -0.1827935
v 0.2161085 0.4300660625 -0.176773
v 0.222294 0.4344115 -0.1722035
v 0.2239125 0.439366 -0.178193
v 0.194362875 0.4141654375 -0.209812375
v 0.1982391875 0.4185450625 -0.20412775
v 0.198188 0.4192385 -0.216154
v 0.20794575 0.414904375 -0.16962725
v 0.2067518125 0.4095545625 -0.16343
v 0.212053 0.4145685 -0.158674
v 0.2133355 0.419807 -0.164904
v 0.20515975 0.42148325 -0.186911
v 0.2104923125 0.4257535 -0.181758125
v 0.2090963125 0.420378125 -0.1756928125
v 0.214573 0.4248635 -0.1706825
v 0.1873356875 0.4043546875 -0.20910275
v 0.1913054375 0.4088129375 -0.2034224375
v 0.190565 0.409675 -0.2155385
v 0.19560875 0.4130815625 -0.1977940625
v 0.2002085625 0.4172481875 -0.1922485625
v 0.203862 0.415829125 -0.1807879375
v 0.2028060625 0.410134125 -0.1746785
v 0.1987868125 0.4114771875 -0.186056375
v 0.19971475 0.393650125 -0.1561845
v 0.1986580625 0.38810275 -0.1499548125
v 0.203693 0.39333 -0.144846
v 0.2047485 0.398874 -0.151105
v 0.1805985 0.3944249375 -0.2083295625
v 0.1847225625 0.398909625 -0.202655875
v 0.1833865 0.3998 -0.214821
v 0.201766125 0.4045865625 -0.16854325
v 0.2007184375 0.399116 -0.1623460625
v 0.2055535 0.404256 -0.157143
v 0.197764875 0.4056696875 -0.1799261875
v 0.196820875 0.399914375 -0.1738015625
v 0.1891750625 0.403194375 -0.1970515625
v 0.19386325 0.4073595625 -0.191506375
v 0.159883 0.364888 -0.2180725
v 0.1636694375 0.3698285 -0.2123908125
v 0.166507 0.374827 -0.218906
v 0.162918 0.369775 -0.2245945
v 0.192707125 0.4015128125 -0.18531675
v 0.1877129375 0.397427875 -0.1907569375
v 0.1867218125 0.3914861875 -0.1845784375
v 0.191822125 0.39558375 -0.179175625
v 0.191004875 0.3895530625 -0.1730070625
v 0.1959099375 0.3940968125 -0.167622125
v 0.1829078125 0.3932678125 -0.196279625
v 0.193880875 0.3829098125 -0.1552703125
v 0.1927790625 0.377281625 -0.149091
v 0.1975205 0.382498 -0.1437
v 0.19014675 0.3836356875 -0.1668354375
v 0.1891234375 0.3779488125 -0.160679375
v 0.1949413125 0.3884594375 -0.16145875
v 0.1842045625 0.373437375 -0.166206375
v 0.1830941875 0.3676393125 -0.1601078125
v 0.188006375 0.372275625 -0.1545543125
v 0.1868826875 0.366541375 -0.148464
v 0.19195125 0.3714741875 -0.14314
v 0.19145975 0.3654325 -0.1372525
v 0.1975595 0.3701385 -0.1327765
v 0.197828 0.3762625 -0.1386135
v 0.174162375 0.3844424375 -0.207544125
v 0.178408 0.388933375 -0.2018863125
v 0.176526 0.3898375 -0.214033
v 0.1816706875 0.387420875 -0.190022625
v 0.1807925 0.3813925 -0.183882875
v 0.1859730625 0.38540375 -0.178460375
v 0.185170875 0.379346 -0.1723201875
v 0.176821125 0.3832514375 -0.195542
v 0.18195475 0.3618015625 -0.15401125
v 0.18081125 0.355956375 -0.14795625
v 0.1859484375 0.3606716875 -0.14247525
v 0.185429 0.3545035 -0.1366265
v 0.19108 0.3592125 -0.131349
v 0.1677090625 0.3745438125 -0.206719125
v 0.17212625 0.37899425 -0.2010960625
v 0.1699305 0.379879 -0.2132215
v 0.161353625 0.364619125 -0.2058793125
v 0.165784125 0.369103375 -0.2002795625
v 0.1756149375 0.3774043125 -0.18930225
v 0.1746271875 0.371426375 -0.1831636875
v 0.1799780625 0.37532675 -0.1777839375
v 0.1790086875 0.3693305625 -0.17169325
v 0.1778990625 0.36340325 -0.1656104375
v 0.176747625 0.357488875 -0.1595113125
v 0.175589875 0.3515874375 -0.1534198125
v 0.1745109375 0.3454978125 -0.14744075
v 0.1797865 0.349876 -0.1419455
v 0.1689133125 0.3415874375 -0.152875375
v 0.167934 0.3351315 -0.1472055
v 0.1735965 0.3389895 -0.1417425
v 0.1477875 0.3451 -0.203861
v 0.152469875 0.349636625 -0.198448875
v 0.1547338125 0.3548179375 -0.20493375
v 0.1502355 0.3501545 -0.2103965
v 0.1592914375 0.35928675 -0.199411
v 0.1570365 0.3600175 -0.2114815
v 0.1705618125 0.3733453125 -0.194757
v 0.1641466875 0.3635095 -0.19393875
v 0.1692788125 0.367536625 -0.1885254375
v 0.1736000625 0.3654389375 -0.17706625
v 0.1724565 0.3594886875 -0.170983875
v 0.1712863125 0.3535568125 -0.1649015
v 0.17008275 0.3476465625 -0.1588206875
v 0.1643621875 0.343954625 -0.164125
v 0.1630824375 0.3379699375 -0.1581905
v 0.157382 0.3538654375 -0.193025125
v 0.16259475 0.357853125 -0.187665375
v 0.168064125 0.36166025 -0.1823680625
v 0.1668605625 0.35575625 -0.1762616875
v 0.1656255 0.349856875 -0.1701770625
v 0.1495490625 0.325174625 -0.162777875
v 0.1482985 0.3189095 -0.157271
v 0.1544765 0.3221675 -0.1521815
v 0.1557153125 0.3284550625 -0.157678375
v 0.157091125 0.3345064375 -0.16343
v 0.161763 0.331885 -0.152416
v 0.1504125 0.344338125 -0.192067625
v 0.155657 0.34832475 -0.18674175
v 0.143164 0.334934 -0.1910215
v 0.148473125 0.338926125 -0.1857740625
v 0.145274 0.3402275 -0.1973835
v 0.1598271875 0.3462875625 -0.175374375
v 0.158452875 0.340450125 -0.169329
v 0.16118325 0.3520936875 -0.1814895
v 0.1525055625 0.3369628125 -0.1745095625
v 0.150988625 0.331145 -0.16857575
v 0.1431955 0.3220935 -0.167672
v 0.154061125 0.34268325 -0.1805619375
v 0.1954345 0.2664335 -0.096708625
v 0.19872575 0.27843125 -0.095483475
v 0.18543675 0.2696715 -0.102246675
v 0.188606 0.2811825 -0.101232
v 0.1923755 0.29247375 -0.102607575
v 0.179548 0.2837335 -0.1092155
v 0.17115 0.286444 -0.11797325
v 0.18325175 0.294761 -0.109626
v 0.17476025 0.29751775 -0.1176995
v 0.18765475 0.30562225 -0.1111675
v 0.17872525 0.30868675 -0.11789725
v 0.18313225 0.319707 -0.118768
v 0.175706 0.32261175 -0.127378
v 0.18711575 0.330244 -0.12115875
v 0.164142 0.3151975 -0.1367285
v 0.14252625 0.32915725 -0.1789985
v 0.214648 0.394438 -0.1256215
v 0.2349995 0.419085 -0.143202
v 0.2295355 0.3944105 -0.13489275
v 0.23367275 0.41125025 -0.150626
v 0.2373585 0.4183145 -0.15927375
v 0.231286 0.40320075 -0.14242075
v 0.26504475 0.45080825 -0.1781135
v 0.2555615 0.43715025 -0.176191
v 0.26314825 0.44052025 -0.18459575
v 0.27126025 0.443317 -0.192491
v 0.27984775 0.4455465 -0.19979025
v 0.2602235 0.4308595 -0.1917925
v 0.26845225 0.433519 -0.19978575
v 0.25220625 0.428055 -0.18327375
v 0.27727625 0.43552475 -0.20715825
v 0.28667175 0.43771625 -0.21359975
v 0.27528475 0.42542825 -0.21472125
v 0.29571225 0.43065025 -0.22620325
v 0.285254 0.42759825 -0.22105325
v 0.28485725 0.417009 -0.22846125
v 0.29571725 0.42052525 -0.2332415
v 0.306467 0.42426025 -0.23784075
v 0.2969345 0.410552 -0.239804
v 0.307857 0.4143755 -0.24405275
v 0.2859905 0.40668975 -0.23599675
v 0.2987365 0.4004205 -0.245766
v 0.3095415 0.4041595 -0.2498215
v 0.287944 0.39666125 -0.2428
v 0.30063475 0.38994125 -0.25107825
v 0.31136525 0.39366875 -0.25507875
v 0.30276425 0.37917 -0.25574875
v 0.31345175 0.38287925 -0.259631
v 0.3050735 0.36810475 -0.25972475
v 0.3158265 0.37180225 -0.2633525
v 0.30770025 0.35690925 -0.263075
v 0.310586 0.3455675 -0.2659335
v 0.32143775 0.34963475 -0.26970575
v 0.31852875 0.36073375 -0.266629
v 0.3140185 0.33430875 -0.268115
v 0.324542 0.33868425 -0.27259025
v 0.3003575 0.4433685 -0.23938275
v 0.29831225 0.4349975 -0.25090825
v 0.30839925 0.31827 -0.26450875
v 0.318842 0.32369675 -0.26873325
v 0.28972225 0.4525575 -0.22579625
v 0.28859425 0.44548425 -0.23967875
v 0.31466225 0.30837675 -0.263253
v 0.3247825 0.31384225 -0.267846
v 0.2852475 0.43720225 -0.25057075
v 0.304946 0.30230875 -0.25917
v 0.276254 0.44652475 -0.2386115
v 0.2716015 0.43840275 -0.24885975
v 0.278349 0.4535205 -0.226153
v 0.30269 0.28702375 -0.25225025
v 0.263433 0.44668625 -0.236722
v 0.2575155 0.43873125 -0.24569475
v 0.26657825 0.45365325 -0.225375
v 0.266331 0.4593515 -0.21177425
v 0.25042925 0.4463165 -0.233223
v 0.2435025 0.439013 -0.23999425
v 0.25482175 0.4529505 -0.22393225
v 0.255716 0.4587975 -0.211764
v 0.245586 0.45761775 -0.20997075
v 0.24294325 0.45219075 -0.2192125
v 0.2379115 0.44621025 -0.226177
v 0.23105825 0.4397155 -0.23118175
v 0.2221825 0.44464475 -0.200426
v 0.21388075 0.43639725 -0.19967475
v 0.22383475 0.44436125 -0.1893525
v 0.205949 0.42810775 -0.21063675
v 0.206103 0.427436 -0.19889725
v 0.21594525 0.4355015 -0.1883085
v 0.2199525 0.434741 -0.1774545
v 0.19807275 0.41894075 -0.21013375
v 0.21000025 0.41469325 -0.16413625
v 0.20863275 0.42628475 -0.18737
v 0.2124965 0.42529125 -0.1762055
v 0.19079875 0.40929 -0.20946775
v 0.198969 0.4179535 -0.19815025
v 0.20588775 0.41528825 -0.17517575
v 0.20190425 0.41651125 -0.18647
v 0.20168525 0.3934935 -0.1505085
v 0.183929 0.39939975 -0.20872025
v 0.203677 0.404366 -0.16284675
v 0.1997865 0.40502825 -0.17422525
v 0.192358 0.40815175 -0.197428
v 0.163195 0.3698575 -0.21848925
v 0.195728 0.4064895 -0.1856795
v 0.1897035 0.39651175 -0.1849455
v 0.193901 0.39473625 -0.173393
v 0.18601825 0.39823975 -0.19666425
v 0.195703 0.3826915 -0.14948675
v 0.1920495 0.38317775 -0.1610475
v 0.19781875 0.393793 -0.1618875
v 0.18614325 0.3727735 -0.16038
v 0.18984525 0.371895 -0.14875425
v 0.19461575 0.37085575 -0.13787175
v 0.177364 0.38943 -0.20794
v 0.18376675 0.386436 -0.18422825
v 0.1881105 0.384424 -0.17265125
v 0.179864 0.3882585 -0.19591125
v 0.1838725 0.3612305 -0.14820775
v 0.18841625 0.35997625 -0.13687825
v 0.1709305 0.37948975 -0.2071345
v 0.16453875 0.3695765 -0.206306
v 0.17775325 0.376387 -0.18353025
v 0.182139 0.374316 -0.1720085
v 0.1799615 0.36253375 -0.15982125
v 0.1776955 0.350713 -0.14768025
v 0.17124325 0.34030825 -0.14729875
v 0.1512845 0.34995375 -0.20440675
v 0.15808775 0.359703 -0.20542325
v 0.1737135 0.37828625 -0.19515475
v 0.16738675 0.368411 -0.19435625
v 0.17577375 0.36438625 -0.1713515
v 0.173455 0.35253675 -0.159169
v 0.16663 0.3427875 -0.15849275
v 0.1608 0.358667 -0.19349075
v 0.1713925 0.3665175 -0.1827765
v 0.16907925 0.3546435 -0.170591
v 0.1520065 0.323687 -0.15746725
v 0.15942575 0.33320425 -0.15791925
v 0.153928 0.34908675 -0.19255475
v 0.14681 0.33962675 -0.19155175
v 0.16207875 0.345135 -0.16974625
v 0.164657 0.3568545 -0.18193775
v 0.15476175 0.3357745 -0.16895575
v 0.14711675 0.3265985 -0.16813825
v 0.157655 0.34737125 -0.18102725
v 0.1503905 0.33802575 -0.1801045
v 0.121208625 -0.123048375 0.074757575
v 0.115934625 -0.107384375 0.1126975
v 0.118600875 -0.113252375 0.101280175
v 0.125823375 -0.13395925 0.076796
v 0.125484875 -0.12898125 0.0928949
v 0.12525125 -0.128012375 0.1061729125
v 0.1278695 -0.14369025 0.08104025
v 0.12806025 -0.143775375 0.0940418625
v 0.1262965 -0.142076875 0.108531075
v 0.118961875 -0.112988 0.119289
v 0.119149375 -0.121394 0.1326675
v 0.130944875 -0.1518325 0.0374803375
v 0.12525775 -0.137269375 0.0516167
v 0.135577265625 -0.136741046875 0.0247811609375
v 0.1644476875 -0.131455484375 -0.0098076515
v 0.1541589375 -0.134264859375 0.00118869334375
v 0.184869375 -0.123535421875 -0.030539475
v 0.19536525 -0.1184995 -0.039660875
v 0.210209296875 -0.095102278125 -0.0563635390625
v 0.199684953125 -0.100993371875 -0.048548215625
v 0.190223375 -0.106253353125 -0.0388605515625
v 0.172644609375 -0.1155579375 -0.0172914673437
v 0.155493765625 -0.12257328125 0.005080777625
v 0.137544046875 -0.12430721875 0.02803535
v 0.146569171875 -0.123985828125 0.0164554833281
v 0.147550703125 -0.117832390625 0.0365757171875
v 0.138124171875 -0.117018453125 0.04791945625
v 0.121588 -0.11130075 0.0700580875
v 0.126080875 -0.115544625 0.0597099875
v 0.138996609375 -0.107850534375 0.0675155140625
v 0.121068375 -0.0998000125 0.0869245125
v 0.12649075 -0.104735125 0.0780603125
v 0.1083885 -0.082411925 0.11192175
v 0.116975125 -0.0877723625 0.1036754
v 0.115414375 -0.0769485 0.118398375
v 0.11741325 -0.11054125 0.13031475
v 0.12635975 -0.0803939625 0.11222025
v 0.137403375 -0.0851856625 0.103523475
v 0.1255005 -0.0930957875 0.0953535
v 0.168366125 -0.093889325 0.0729361875
v 0.158532375 -0.092205675 0.0838871125
v 0.148181125 -0.089240975 0.094093975
v 0.1489539375 -0.10014330625 0.0757227171875
v 0.158750734375 -0.10205605625 0.0648881140625
v 0.148820328125 -0.11011396875 0.0566617453125
v 0.168109234375 -0.10268655625 0.0536487765625
v 0.176953921875 -0.102125123437 0.042105728125
v 0.167050828125 -0.11028915625 0.0338267453125
v 0.175289078125 -0.1081183875 0.0220990857812
v 0.19292121875 -0.096946578125 0.0186745867188
v 0.18284521875 -0.104428314062 0.0103709634375
v 0.17265303125 -0.111647170313 0.00188065390625
v 0.180077015625 -0.107081635938 -0.00952666234375
v 0.189987109375 -0.099763675 -0.0012340790625
v 0.20647796875 -0.086564465625 -0.00456015234375
v 0.19998278125 -0.0924067859375 0.00700478984375
v 0.209727625 -0.08474145 0.01521233375
v 0.202875125 -0.0892584875 0.0268994125
v 0.2211685 -0.071443225 -0.00784270375
v 0.21207609375 -0.079384903125 -0.0161745523438
v 0.20243984375 -0.0869421265625 -0.0243231760937
v 0.208096125 -0.0795199625 -0.03608879375
v 0.2174233125 -0.0715591140625 -0.028025415625
v 0.22290775 -0.063479375 -0.040179475
v 0.2158915 -0.0700924125 -0.048715375
v 0.200576703125 -0.088976275 -0.0437372015625
v 0.224946078125 -0.0745803265625 -0.0771675234375
v 0.220594953125 -0.089291209375 -0.0639033125
v 0.230458578125 -0.085095959375 -0.0727923703125
v 0.256466125 -0.103424975 -0.1105095
v 0.26009278125 -0.11196495625 -0.122887328125
v 0.26297759375 -0.1212713125 -0.13298534375
v 0.25726075 -0.13298875 -0.1240145
v 0.258225375 -0.140567 -0.13835575
v 0.241861125 -0.161465375 -0.127864125
v 0.232134125 -0.17147525 -0.123003375
v 0.222254375 -0.174903375 -0.1049380375
v 0.222449 -0.181534 -0.118089125
v 0.2036865 -0.20210375 -0.10803925
v 0.204962375 -0.19662275 -0.0943972625
v 0.189382625 -0.216538 -0.08297955
v 0.19456475 -0.212644625 -0.1029235125
v 0.185837 -0.223479125 -0.0976354625
v 0.1775975 -0.234536875 -0.0921028375
v 0.173447125 -0.241547921875 -0.072684153125
v 0.169782125 -0.248768 -0.0533857125
v 0.1502535 -0.29191725 -0.0467922
v 0.1462395 -0.301265 -0.0423458625
v 0.1493205 -0.29788275 -0.032123325
v 0.1531305 -0.288539 -0.0366361125
v 0.122457125 -0.123960625 0.1183605
v 0.187103375 -0.214512375 -0.0721062125
v 0.181504125 -0.224201375 -0.0652975375
v 0.146769625 -0.2924985 -0.0615679875
v 0.150506 -0.2818495 -0.06843935
v 0.156246 -0.269503875 -0.074431325
v 0.12384225 -0.13849325 0.120681125
v 0.12779575 -0.14987625 0.0496234
v 0.12897484375 -0.13721296875 0.0377908890625
v 0.109937125 -0.10280125 0.0959966625
v 0.155623 -0.278244875 -0.0549973
v 0.160866375 -0.266787875 -0.058468675
v 0.164629375 -0.260261875 -0.049841675
v 0.17544325 -0.236397625 -0.059390575
v 0.166933625 -0.253492265625 -0.06680875
v 0.16993975 -0.2459035 -0.0863577
v 0.162902375 -0.257603875 -0.0804155375
v 0.180553328125 -0.22992009375 -0.07842878125
v 0.23114275 -0.16430775 -0.11029325
v 0.255851125 -0.123811125 -0.115490375
v 0.249810875 -0.143398875 -0.120655875
v 0.23307075 -0.097613125 -0.0723222
v 0.2264595 -0.1020858375 -0.0627953875
v 0.200436 -0.131181625 -0.0417032
v 0.217347625 -0.10725525 -0.054244725
v 0.1903995 -0.1365935 -0.03172365
v 0.179507375 -0.141442125 -0.02143925
v 0.146658375 -0.150123375 0.01203291575
v 0.157438875 -0.147842 0.0006160695
v 0.137503625 -0.15143725 0.02426745
v 0.168580125 -0.145093125 -0.01059582175
v 0.207356 -0.124562875 -0.0497286125
v 0.23826775 -0.096048675 -0.0811664625
v 0.252543375 -0.1144925 -0.1085175
v 0.240285 -0.1537985 -0.115557
v 0.213571625 -0.18573725 -0.0996310125
v 0.196637875 -0.20765025 -0.089171575
v 0.212911125 -0.191672 -0.113120625
v 0.275371375 -0.122432375 -0.140821375
v 0.109313875 -0.09948975 0.10861375
v 0.11266775 -0.108687375 0.0847339
v 0.238479359375 -0.0531453765625 -0.068687471875
v 0.230170375 -0.0561187375 -0.0542140125
v 0.24042825 -0.048445525 -0.050218125
v 0.2210365 -0.06504845 -0.0584049375
v 0.216089875 -0.07751526875 -0.0657602609375
v 0.23800665625 -0.06285459375 -0.0877655421875
v 0.25527675 -0.0917231875 -0.1207241875
v 0.2489545625 -0.0838019265625 -0.110681560937
v 0.26223646875 -0.100914098437 -0.129715625
v 0.263177375 -0.081214521875 -0.122669609375
v 0.26596475 -0.06345015 -0.1097099625
v 0.256874625 -0.05655365 -0.0971224
v 0.25011075 -0.0520743375 -0.08433885
v 0.246469109375 -0.0661182984375 -0.100824489062
v 0.254829546875 -0.072352859375 -0.112644948438
v 0.274782375 -0.0729104625 -0.119893375
v 0.280950875 -0.083253825 -0.127342625
v 0.277945 -0.1025743 -0.135582375
v 0.27160575 -0.1115605 -0.137997125
v 0.274213375 -0.0918647625 -0.131244875
v 0.229330171875 -0.0627555109375 -0.0743444546875
v 0.24914975 -0.045155525 -0.062103825
v 0.25621325 -0.0459553625 -0.076035375
v 0.266956625 -0.1311385 -0.1416895
v 0.250814125 -0.1511855 -0.132958
v 0.253319875 -0.0949844375 -0.1026353625
v 0.24758325 -0.0882373625 -0.0925543
v 0.242025265625 -0.077760340625 -0.09987409375
v 0.24141775 -0.0862263625 -0.08347015
v 0.23389521875 -0.0745593 -0.0885684640625
v 0.20800784375 -0.082870646875 -0.054744465625
v 0.23052875 -0.0580290875 -0.0313058625
v 0.226637125 -0.06381765 -0.019606375
v 0.19393065625 -0.095469675 -0.0323539140625
v 0.187081390625 -0.101571270313 -0.0209473923438
v 0.1965479375 -0.0939043328125 -0.012767334375
v 0.216280375 -0.0791386625 0.00372734
v 0.164172625 -0.1195381875 -0.00613447307812
v 0.195020875 -0.0921164375 0.0385097
v 0.186562125 -0.0936791125 0.050118475
v 0.185250984375 -0.100259567187 0.0304057765625
v 0.158218234375 -0.11097721875 0.0454288390625
v 0.1777915 -0.09425195 0.0617085875
v 0.13871575 -0.09692280625 0.0858587671875
v 0.156479359375 -0.117253171875 0.024985338125
v 0.128912171875 -0.124263609375 0.0399378140625
v 0.164845234375 -0.115172484375 0.0133835923438
v 0.18131234375 -0.111152223438 -0.0282893270312
v 0.2082535 -0.11375275 -0.0484759125
v 0.174579078125 -0.127891578125 -0.0204642510938
v 0.144235 -0.135900453125 0.0126326269375
v 0.121890125 -0.124007125 0.0530811875
v 0.12001175 -0.118261125 0.0872835625
v 0.114269 -0.1080268125 0.09863841875
v 0.1089515 -0.10016 0.102812
v 0.112386 -0.102781 0.112373
v 0.1177265 -0.1106505 0.108195
v 0.116014 -0.1132565 0.08493035
v 0.110909 -0.105423 0.08919665
v 0.119397 -0.115863 0.0943677
v 0.120342 -0.1202255 0.07985375
v 0.1232615 -0.1246885 0.08952035
v 0.125830875 -0.1324591875 0.084085425
v 0.1234325 -0.128022 0.07467435
v 0.127158875 -0.137352875 0.09282095625
v 0.128193 -0.144538 0.08678395
v 0.127191 -0.139673 0.07831445
v 0.125773875 -0.135044625 0.10735199375
v 0.12737 -0.1429615 0.1013103
v 0.12594 -0.1294385 0.09889065
v 0.124043 -0.126655 0.113407
v 0.123101 -0.132707 0.1216625
v 0.125014 -0.141102 0.115646
v 0.1363228125 -0.143983125 0.0243659625
v 0.131934875 -0.1370259375 0.031172675
v 0.1299286875 -0.1444620625 0.037561825
v 0.133817 -0.151732 0.0307658
v 0.126896 -0.1372729375 0.04464485625
v 0.1266985 -0.144423 0.05144265
v 0.1290745 -0.15178 0.04436775
v 0.1281456875 -0.1302065625 0.03831510625
v 0.125269 -0.124150375 0.04640734375
v 0.1229485 -0.1302645 0.05193675
v 0.1418175 -0.150907 0.0180286
v 0.145148125 -0.14289025 0.0121245386875
v 0.1397031875 -0.1363875 0.01860729375
v 0.144516125 -0.1293973125 0.0139736458125
v 0.14205225 -0.1242320625 0.0222238375
v 0.13570225 -0.1299230625 0.02582973125
v 0.1330839375 -0.1243168125 0.0338769125
v 0.174057 -0.143411 -0.01608085
v 0.1769180625 -0.1346163125 -0.02107405625
v 0.1695183125 -0.1297660625 -0.015188766875
v 0.1663075 -0.1381841875 -0.0103865988125
v 0.17274075 -0.121369 -0.019365223125
v 0.168408875 -0.117624625 -0.01172316625
v 0.1634135 -0.12508725 -0.0084892554375
v 0.159866875 -0.121226375 -0.0005391685625
v 0.1539231875 -0.1279753125 0.00258025175
v 0.1593021875 -0.132983375 -0.004354296625
v 0.1555180625 -0.140953625 0.000681332125
v 0.1630155 -0.1465435 -0.005017037
v 0.1510554375 -0.123463 0.0107433958125
v 0.1490950625 -0.1352150625 0.006838714
v 0.151926 -0.1490685 0.006264063
v 0.1956155 -0.1339425 -0.03674185
v 0.198025375 -0.1248194375 -0.0404953125
v 0.1901055 -0.1210909375 -0.0352218625
v 0.1875933125 -0.130043125 -0.031150175
v 0.192206125 -0.1122640625 -0.0395733375
v 0.1857260625 -0.10875376875 -0.0336464375
v 0.1823099375 -0.1171130625 -0.029854325
v 0.1769488125 -0.113410375 -0.022825595625
v 0.179695 -0.1258085 -0.0256007125
v 0.1849925 -0.1391315 -0.02663815
v 0.2046565 -0.128314 -0.04661815
v 0.2076135 -0.1191515 -0.0492765
v 0.2006105 -0.1157855625 -0.0438695125
v 0.202578125 -0.10698789375 -0.0482641625
v 0.1948376875 -0.10368931875 -0.04389529375
v 0.222188 -0.1046435 -0.05836035
v 0.2235435625 -0.09560195 -0.06318994375
v 0.2154525625 -0.09210996875 -0.0600505125
v 0.2134726875 -0.10120633125 -0.05555403125
v 0.217581 -0.0833267625 -0.06525430625
v 0.2119573125 -0.07999694375 -0.060218375
v 0.208169 -0.08888795625 -0.05617345
v 0.2041940625 -0.08586134375 -0.0492724125
v 0.1991091875 -0.09482301875 -0.046801475
v 0.204881125 -0.09809721875 -0.05261686875
v 0.2121005 -0.1100395 -0.05054095
v 0.1972165 -0.09222268125 -0.03807381875
v 0.191092375 -0.1006076 -0.03615036875
v 0.190536375 -0.09858636875 -0.0266491375
v 0.1832739375 -0.10602908125 -0.025039083125
v 0.1836134375 -0.1044228875 -0.015236581875
v 0.1755321875 -0.11096775 -0.01375747875
v 0.176416625 -0.10948793125 -0.00382759
v 0.16769275 -0.115267 -0.002446366875
v 0.168807 -0.11356475 0.007618088125
v 0.159553625 -0.1185470625 0.00891504125
v 0.1607344375 -0.1164021875 0.01917604625
v 0.1509718125 -0.120271 0.0203860275
v 0.15208475 -0.11772475 0.03080135625
v 0.1419489375 -0.1206715625 0.03192169375
v 0.1428773125 -0.1175915625 0.0422600375
v 0.13274525 -0.120204875 0.04346235
v 0.161847125 -0.1139326875 0.029473475
v 0.1627065625 -0.110823 0.03965995
v 0.152983125 -0.114606 0.041084375
v 0.153583875 -0.110730875 0.05109308125
v 0.1435281875 -0.1136924375 0.052339875
v 0.1439444375 -0.1091565 0.0621439
v 0.133716875 -0.1113814375 0.06335068125
v 0.133350875 -0.11612925 0.0536191125
v 0.124202 -0.119096 0.0557284
v 0.13401725 -0.1061881375 0.07275255625
v 0.1241325 -0.1080865 0.0741986
v 0.1237235 -0.1133665 0.06485755
v 0.153863625 -0.1061701875 0.06082320625
v 0.153906125 -0.10126541875 0.07037473125
v 0.1440533125 -0.10406845 0.071632625
v 0.143892625 -0.09868060625 0.0808839125
v 0.1338693125 -0.10062533125 0.08176851875
v 0.133416875 -0.09491539375 0.09064773125
v 0.123325 -0.09650605 0.091194
v 0.1237965 -0.102258 0.08242445
v 0.1216674375 -0.0840831625 0.107947825
v 0.120781 -0.07791245 0.1163905
v 0.1105045 -0.07904935 0.116185
v 0.1114035 -0.08523315 0.10778
v 0.132717625 -0.088946925 0.0993694875
v 0.131906 -0.0828458 0.1079465
v 0.122529 -0.0902889 0.0995236
v 0.1434711875 -0.09310956875 0.0899709
v 0.1428355 -0.08733125 0.0989054
v 0.1634893125 -0.10252433125 0.059311025
v 0.172958375 -0.09846385 0.0576844
v 0.173148 -0.09421165 0.067361
v 0.1635743125 -0.0979665375 0.068920325
v 0.1537654375 -0.096183225 0.07980649375
v 0.1635045 -0.09321585 0.07847355
v 0.153419 -0.09087325 0.0890909
v 0.1632280625 -0.106930875 0.04959028125
v 0.1720661875 -0.1063021875 0.03802145625
v 0.172597875 -0.10255904375 0.04790668125
v 0.18177475 -0.09791130625 0.04612768125
v 0.182238 -0.09407935 0.05593955
v 0.171253 -0.109396625 0.02796955625
v 0.18031725 -0.104264175 0.0262937875
v 0.1811760625 -0.101368125 0.03626690625
v 0.1901456875 -0.09620139375 0.03446974375
v 0.1908385 -0.0930365 0.04430995
v 0.1701110625 -0.111725375 0.017786980625
v 0.177732625 -0.10805218125 0.00615218
v 0.1791350625 -0.106427425 0.016226036875
v 0.1879045 -0.10072185 0.01453975625
v 0.189165375 -0.09877096875 0.0245379
v 0.1864738125 -0.10222563125 0.004554419375
v 0.1950085625 -0.09611673125 0.002889051875
v 0.1965205 -0.09483064375 0.012827146875
v 0.2048755625 -0.0885986625 0.011110955
v 0.2063675 -0.0871601 0.0210458
v 0.197906125 -0.0931162875 0.022791483125
v 0.199063 -0.09088385 0.03271345
v 0.184952625 -0.10338279375 -0.005362423125
v 0.191621375 -0.097606425 -0.01685805375
v 0.193351375 -0.09698674375 -0.007005015625
v 0.201515125 -0.09023478125 -0.00867150125
v 0.203327625 -0.089658625 0.001216725
v 0.199558125 -0.0905259375 -0.018529979375
v 0.207255125 -0.08314490625 -0.020264116875
v 0.20935675 -0.0831026125 -0.010348946875
v 0.21667725 -0.07545623125 -0.0120239
v 0.2188065 -0.07542855 -0.002039515
v 0.2113915 -0.08286008125 -0.000422885625
v 0.213143 -0.0821553 0.009458735
v 0.214748125 -0.075523175 -0.0220618625
v 0.222053125 -0.0676850625 -0.02384476875
v 0.2238135 -0.06760095 -0.0136831
v 0.205251 -0.08324346875 -0.03017715
v 0.212701875 -0.07544644375 -0.03209056875
v 0.203813375 -0.08395258125 -0.04006865625
v 0.19785575 -0.09098245 -0.0283823125
v 0.210381875 -0.07735763125 -0.0518372875
v 0.21107975 -0.07586160625 -0.042055
v 0.218371 -0.0676416 -0.04418325
v 0.220152125 -0.06753440625 -0.03407975
v 0.22764 -0.0597305 -0.03601665
v 0.229535 -0.06000925 -0.0256582
v 0.21770975 -0.0716633875 -0.0639385125
v 0.217331 -0.06870705 -0.05446325
v 0.2350385625 -0.08453719375 -0.07784744375
v 0.236358125 -0.07970715625 -0.08591126875
v 0.229468875 -0.0741815 -0.0828753
v 0.2272370625 -0.079816775 -0.07519835
v 0.23479925 -0.06870049375 -0.0889472375
v 0.233651625 -0.06238855 -0.08108121875
v 0.2260485 -0.06864583125 -0.07652636875
v 0.2251718125 -0.06400479375 -0.06756075
v 0.2204529375 -0.07570065625 -0.07143624375
v 0.2256205 -0.08681691875 -0.0681474625
v 0.23 -0.09946385 -0.0674574
v 0.23214775 -0.0911586625 -0.07212310625
v 0.235933 -0.09736925 -0.0773656
v 0.239756 -0.09096785 -0.08230365
v 0.2536165 -0.119336 -0.110969
v 0.25825525 -0.117843125 -0.11915425
v 0.258355875 -0.1074641375 -0.117863125
v 0.254457 -0.108906 -0.109597
v 0.260797125 -0.10626645 -0.1267588125
v 0.2586705625 -0.09615783125 -0.125405
v 0.2556519375 -0.09734738125 -0.1170861875
v 0.2521059375 -0.08757644375 -0.11580975
v 0.250334625 -0.08945240625 -0.10710986875
v 0.2556795 -0.0988979 -0.107557
v 0.257422 -0.1282925 -0.1206205
v 0.2605019375 -0.1268304375 -0.12981975
v 0.2615105 -0.1165531875 -0.1280281875
v 0.2659414375 -0.1161463125 -0.135374625
v 0.2659235625 -0.1060257125 -0.1335195
v 0.2581316875 -0.1365983125 -0.1323395625
v 0.2623205 -0.135677 -0.1404585
v 0.264862625 -0.1261618125 -0.1374584375
v 0.272252 -0.126935 -0.1416895
v 0.2734795 -0.1169965 -0.139448
v 0.2503125 -0.1472921875 -0.1268069375
v 0.254553 -0.145825 -0.1357405
v 0.254299 -0.1381085 -0.1233275
v 0.2450705 -0.148607 -0.118096
v 0.2410730625 -0.1576319375 -0.1217105625
v 0.2465195 -0.156383 -0.1303535
v 0.2356615 -0.159039 -0.112948
v 0.2316384375 -0.1678915 -0.1166483125
v 0.237031 -0.1664805 -0.125427
v 0.2266715 -0.169584 -0.107617
v 0.2223516875 -0.1782186875 -0.11151358125
v 0.2272755 -0.1764965 -0.1205545
v 0.213241375 -0.188704625 -0.10637581875
v 0.2176485 -0.1865775 -0.115616
v 0.217898 -0.1803015 -0.10227515
v 0.2092445 -0.1911695 -0.0970083
v 0.2043244375 -0.19936325 -0.10121825625
v 0.208274 -0.1968625 -0.1105885
v 0.200771 -0.2021215 -0.09178815
v 0.1956013125 -0.2101474375 -0.09604754375
v 0.199098 -0.2073505 -0.1054925
v 0.1792425 -0.2323203125 -0.085220575
v 0.181651 -0.2289765 -0.0948981
v 0.187173625 -0.2211259375 -0.09075023125
v 0.1842659375 -0.2242023125 -0.081244225
v 0.190143 -0.218028 -0.10030755
v 0.1925305 -0.2131935 -0.08653815
v 0.1846455 -0.218185 -0.0682802
v 0.1811958125 -0.2271525625 -0.071817925
v 0.188128 -0.2154705 -0.07758745
v 0.176936875 -0.2356980625 -0.075575125
v 0.171819375 -0.2437919375 -0.0794892625
v 0.173689 -0.240177 -0.08925705
v 0.1650165625 -0.255599125 -0.07359683125
v 0.166364 -0.251723 -0.08340175
v 0.170114625 -0.247481375 -0.0697567625
v 0.178429 -0.2302745 -0.06234635
v 0.174571125 -0.239039 -0.0660057
v 0.17257 -0.242564 -0.05639415
v 0.1684564375 -0.2511811875 -0.06008191875
v 0.162761 -0.2635315 -0.054152
v 0.163898375 -0.2595744375 -0.0638559125
v 0.1670525 -0.255004 -0.0503939
v 0.1479735 -0.288173 -0.0654575
v 0.1530645 -0.2800471875 -0.061718325
v 0.1530095 -0.2845635 -0.0520989
v 0.148005 -0.292733 -0.05585105
v 0.151722 -0.2926475 -0.0326815
v 0.147128 -0.3011315 -0.036488
v 0.14775 -0.2971545 -0.04626725
v 0.152344 -0.2886705 -0.04246075
v 0.158724375 -0.267664375 -0.06766075
v 0.1583645 -0.272006 -0.0579355
v 0.1532565 -0.275621 -0.0714333
v 0.1594955 -0.2635145 -0.0774254
v 0.242453875 -0.05774545625 -0.08574133125
v 0.2430038125 -0.05276285625 -0.07594369375
v 0.2335769375 -0.0576515875 -0.07169135
v 0.2531965 -0.04881325 -0.08026555
v 0.2539025 -0.0448932 -0.06958175
v 0.243728 -0.04904819375 -0.0654532375
v 0.2448405 -0.0462711 -0.05480075
v 0.2353665 -0.0518844 -0.05090155
v 0.234250875 -0.054411225 -0.06144684375
v 0.225355 -0.06067955 -0.0575185
v 0.238099 -0.07576885 -0.09425590625
v 0.2431069375 -0.07187415 -0.10113656875
v 0.24226575 -0.064104325 -0.094391925
v 0.25130375 -0.06114126875 -0.0992812375
v 0.2522145 -0.0543461 -0.09032185
v 0.266279 -0.09607439375 -0.1307046875
v 0.26744725 -0.08628509375 -0.12680075
v 0.2582258125 -0.08625304375 -0.1224820625
v 0.25898725 -0.07651789375 -0.1179216875
v 0.250784875 -0.07791455 -0.112447625
v 0.2506569375 -0.06887706875 -0.10692735625
v 0.2456190625 -0.0804839625 -0.10535949375
v 0.244032125 -0.0831283875 -0.09669368125
v 0.25061 -0.09134425 -0.09764045
v 0.2747795 -0.1070575 -0.1368965
v 0.2760465 -0.0971977 -0.133491
v 0.277575 -0.08751255 -0.1294665
v 0.2791605 -0.07820135 -0.12406
v 0.2688096875 -0.07688519375 -0.121596625
v 0.270395 -0.0679365 -0.1151175
v 0.2600925625 -0.0676794375 -0.11151041875
v 0.261458 -0.0596221 -0.10364835
v 0.244273 -0.0859238 -0.08735895
v 0.11782 -0.1099985 0.124385
v 0.117945 -0.1156025 0.133304
v 0.1207605 -0.1241275 0.12772
v 0.1206355 -0.1185235 0.118801
v 0.113339 -0.10540525 0.1055035
v 0.115153 -0.110643 0.091782175
v 0.123347 -0.12635525 0.08209735
v 0.1272725 -0.1385115 0.08556245
v 0.126655 -0.1362 0.100100475
v 0.1245285 -0.1338785 0.1145265
v 0.1327405 -0.1442955 0.03085435
v 0.12807425 -0.14447975 0.04445565
v 0.12536175 -0.130253 0.045036675
v 0.14048875 -0.143528 0.0181294
v 0.140004 -0.129724 0.019839375
v 0.131671 -0.13009025 0.03195055
v 0.1716225 -0.13651625 -0.01579165
v 0.16807475 -0.123305 -0.0139585175
v 0.15868225 -0.126683 -0.00298403425
v 0.1609115 -0.1396675 -0.00489344525
v 0.1491785 -0.12884725 0.00822670825
v 0.15021075 -0.14203 0.00633125475
v 0.1928885 -0.1274995 -0.035909625
v 0.1872105 -0.11475125 -0.034823025
v 0.17748625 -0.119312 -0.024682775
v 0.18225575 -0.132437 -0.026199275
v 0.202888 -0.12201625 -0.044924925
v 0.197315 -0.109689 -0.044089725
v 0.21866925 -0.09835245 -0.0592513
v 0.21284 -0.085964625 -0.06066625
v 0.203543 -0.091855 -0.05160625
v 0.2080365 -0.104122575 -0.051988625
v 0.19501475 -0.097749275 -0.04159595
v 0.18717475 -0.103371825 -0.030625425
v 0.179402 -0.1085665 -0.0194093075
v 0.17163775 -0.1132165 -0.0081049775
v 0.16367125 -0.1170735 0.00322379
v 0.15532025 -0.11959875 0.014636935
v 0.146509 -0.12060625 0.026158875
v 0.13730875 -0.120534 0.0376407
v 0.15749 -0.11446575 0.03530815
v 0.1483215 -0.11433925 0.04675305
v 0.13862625 -0.1126925 0.05787055
v 0.12841525 -0.1196955 0.0495331
v 0.12890125 -0.10980125 0.068785875
v 0.1490085 -0.1052925 0.06629565
v 0.13900975 -0.1024793 0.07679595
v 0.1286235 -0.098606825 0.086533225
v 0.11609225 -0.0815728 0.11208525
v 0.1272175 -0.08656735 0.10373505
v 0.138143 -0.09114345 0.0947737
v 0.16832925 -0.098360075 0.063342525
v 0.158725 -0.097240175 0.074430075
v 0.14867975 -0.094797925 0.0849843
v 0.158607 -0.10672025 0.055253475
v 0.16771625 -0.10679025 0.04383745
v 0.17743025 -0.098320925 0.051933675
v 0.1762725 -0.1054705 0.032168775
v 0.18602175 -0.097215 0.04030375
v 0.1660595 -0.113021 0.02362945
v 0.17398575 -0.1100405 0.0119569725
v 0.1841825 -0.1026522 0.020410875
v 0.1915195 -0.0985604 0.00870015
v 0.2014595 -0.091016475 0.0169400075
v 0.194121 -0.094839875 0.028633525
v 0.18140075 -0.105846225 0.0003853575
v 0.18835075 -0.10062205 -0.01111009
v 0.19835275 -0.093339725 -0.0028965425
v 0.20445875 -0.0868073 -0.0144506925
v 0.21411625 -0.07929205 -0.006204825
v 0.20824875 -0.085921075 0.0053361825
v 0.21932875 -0.071591875 -0.017894375
v 0.20997575 -0.079335225 -0.026141775
v 0.20081325 -0.08746335 -0.034211025
v 0.19479075 -0.09437835 -0.022606725
v 0.20700625 -0.080581675 -0.045931
v 0.21551475 -0.07154675 -0.0381174
v 0.22483275 -0.063721875 -0.0299036
v 0.21393025 -0.07428745 -0.05782675
v 0.23193025 -0.079312775 -0.080500725
v 0.23043025 -0.068283225 -0.082762575
v 0.22177875 -0.0697777 -0.0702117
v 0.222417 -0.081216125 -0.070107275
v 0.228013 -0.09299585 -0.067479475
v 0.236018 -0.0907149 -0.07712405
v 0.256483 -0.11336825 -0.11428025
v 0.2582415 -0.1016873 -0.12198925
v 0.25306125 -0.093250025 -0.1121395
v 0.25952 -0.12234325 -0.12440975
v 0.263286 -0.1110815 -0.131305
v 0.26142575 -0.1312665 -0.13515725
v 0.26899675 -0.12147475 -0.1387145
v 0.254426 -0.14196675 -0.129534
v 0.245795 -0.152495 -0.12422475
v 0.23634625 -0.16275975 -0.1191875
v 0.2269735 -0.17304025 -0.11408575
v 0.21777325 -0.1834395 -0.108945575
v 0.20875925 -0.194016 -0.1037984
v 0.1999345 -0.204736 -0.098640325
v 0.18314475 -0.226693 -0.088013675
v 0.19133675 -0.21561075 -0.09342285
v 0.184642 -0.22129725 -0.074704725
v 0.17545925 -0.23801625 -0.082378325
v 0.16834725 -0.2496585 -0.076555725
v 0.17782925 -0.233065 -0.068922975
v 0.17145025 -0.245079 -0.063051925
v 0.1655795 -0.25734175 -0.05711595
v 0.1504915 -0.28636825 -0.0587782
v 0.149736 -0.294901 -0.039474375
v 0.1558105 -0.2738135 -0.0646844
v 0.161801 -0.261597 -0.0706317
v 0.23797025 -0.057268075 -0.0787499
v 0.24837 -0.04871395 -0.072837675
v 0.239455 -0.050249525 -0.058155675
v 0.2294095 -0.058939475 -0.0646105
v 0.23903075 -0.06990825 -0.095107275
v 0.24689225 -0.05904025 -0.092620825
v 0.26217375 -0.090995825 -0.12685675
v 0.2544765 -0.08185145 -0.1176555
v 0.24701 -0.07456585 -0.106929
v 0.24733725 -0.0860117 -0.101957975
v 0.27050025 -0.10148335 -0.133951
v 0.27318725 -0.08210945 -0.12569325
v 0.2644525 -0.072018625 -0.11685325
v 0.25570675 -0.064037325 -0.105615425
v 0.24038225 -0.08100295 -0.09132685
v 0.11929025 -0.117063 0.1260525
v 0.0804489875 -0.406297125 -0.0802509625
v 0.0784289625 -0.395313875 -0.0902446875
v 0.093798375 -0.410793 -0.075552825
v 0.065172875 -0.390547 -0.094685925
v 0.0926712375 -0.422935 -0.0636806875
v 0.100268885937 -0.395077171875 -0.08944996875
v 0.08454843125 -0.37959078125 -0.104208732813
v 0.103745015625 -0.380890453125 -0.101873142188
v 0.046469625 -0.376111875 -0.10768725
v 0.062728575 -0.379537625 -0.1046972
v 0.0877777375 -0.36532375 -0.11670096875
v 0.068493978125 -0.3638233125 -0.118824171875
v 0.091458475 -0.434461625 -0.0514471
v 0.11121075 -0.42352875 -0.0610247875
v 0.107163496875 -0.36662725 -0.114227282812
v 0.049312403125 -0.3621034375 -0.120685125
v 0.02740784875 -0.374069875 -0.10922425
v 0.1171945 -0.41196625 -0.0716078875
v 0.119397782812 -0.396178359375 -0.0863117640625
v 0.123075859375 -0.381985765625 -0.0987713390625
v 0.126640484375 -0.367669640625 -0.11118309375
v 0.0908514296875 -0.35117871875 -0.1294260625
v 0.071454190625 -0.349887609375 -0.13182675
v 0.008292955 -0.37169525 -0.110541375
v 0.11035930625 -0.352323609375 -0.126709671875
v -0.00810111625 -0.367778875 -0.11328275
v 0.0521660671875 -0.34839190625 -0.13394759375
v 0.0301583920313 -0.36016925 -0.122383765625
v 0.129990640625 -0.35326209375 -0.123535140625
v 0.0938021390625 -0.33731465625 -0.142522
v 0.0110073489063 -0.357852 -0.123812390625
v -0.0108855025 -0.35670225 -0.123569
v 0.142302125 -0.3826705 -0.094856425
v 0.147865 -0.37011625 -0.10494005
v 0.113381429687 -0.3380440625 -0.13934221875
v -0.0245627025 -0.351327 -0.127907625
v 0.032944915625 -0.346591125 -0.13580934375
v 0.0137627439062 -0.344481484375 -0.13748075
v 0.138183125 -0.39687375 -0.081926475
v 0.133069921875 -0.338781875 -0.135911453125
v 0.0743264109375 -0.3365335625 -0.145412734375
v 0.131853 -0.409086625 -0.0707188
v 0.1528055625 -0.339209109375 -0.13191509375
v 0.149595578125 -0.353831 -0.11966103125
v 0.0966514625 -0.32422325 -0.156393875
v -0.005396725625 -0.342187421875 -0.13904503125
v 0.16251375 -0.36649 -0.1029075
v 0.168858875 -0.35384 -0.114551375
v 0.11631445 -0.3241735 -0.152464125
v 0.0357007125 -0.3344431875 -0.15035890625
v 0.0165135643156 -0.332851796875 -0.152446875
v -0.027268625 -0.34076625 -0.138801
v 0.0549688109375 -0.335603515625 -0.14800653125
v 0.17237275 -0.3392365 -0.127260125
v 0.13610175 -0.32433225 -0.148336375
v -0.0600889625 -0.333069375 -0.14516575
v -0.043662725 -0.336686125 -0.141811625
v -0.00264361254375 -0.33118825 -0.15450028125
v 0.15379725 -0.3227295 -0.14624825
v 0.0771004125 -0.324583875 -0.160224375
v 0.06045565 -0.32411425 -0.165521125
v -0.0217896434969 -0.3295738125 -0.15659328125
v -0.0409124 -0.327859640625 -0.158663390625
v 0.158335375 -0.3788485 -0.08450315
v 0.177454375 -0.326178125 -0.137130125
v 0.178573875 -0.3094335 -0.151332125
v 0.0384418015625 -0.325637875 -0.166996859375
v -0.0600233125 -0.325931 -0.160657125
v 0.165313375 -0.36816725 -0.0920498875
v 0.16105425 -0.31196925 -0.154575625
v 0.192001375 -0.32173375 -0.134855125
v 0.19460025 -0.310382 -0.143937125
v 0.019239580425 -0.325431875 -0.169753859375
v 6.080755e-05 -0.3249174375 -0.172311640625
v 0.0219921007219 -0.321812109375 -0.188438046875
v 0.04396405 -0.320337375 -0.18735275
v 0.05768615 -0.320217375 -0.180096625
v 0.104937275 -0.4336855 -0.0497195375
v 0.2970425 -0.178715375 -0.193229
v -0.01910909145 -0.32435740625 -0.17481275
v 0.024781275 -0.31933925 -0.207397375
v -0.03827368125 -0.32369896875 -0.177267296875
v 0.164286625 -0.360607 -0.079782275
v 0.29753825 -0.17291925 -0.180892
v 0.1872465 -0.3352425 -0.1108781375
v 0.00274453401875 -0.322213671875 -0.19124271875
v 0.0412609125 -0.318483 -0.202327125
v -0.0574109875 -0.32255075 -0.179550375
v 0.2891085 -0.1935385 -0.18846
v 0.27963375 -0.2088865 -0.180668375
v 0.157554625 -0.37152725 -0.0727481875
v -0.0164702602156 -0.322185875 -0.19389765625
v 0.0082518825 -0.319782375 -0.212346
v -0.054922125 -0.320854125 -0.198781375
v 0.288668375 -0.18453425 -0.17209275
v 0.184643 -0.327154125 -0.099100075
v 0.191943875 -0.3126335 -0.1044653875
v 0.196276375 -0.323677875 -0.11992775
v -0.0356925078125 -0.32174178125 -0.1964245
v -0.01380952625 -0.32026990625 -0.21302875
v -0.0331314875 -0.31996925 -0.2156009375
v -0.101960725 -0.2984375 -0.256396875
v 0.0054945325 -0.317571375 -0.227239625
v 0.20580225 -0.308692625 -0.127929375
v -0.0551516875 -0.319316625 -0.215873375
v -0.0689299375 -0.317024375 -0.22210875
v 0.200826875 -0.29751775 -0.112691
v 0.209559125 -0.285784375 -0.121581125
v -0.0111184675 -0.31716475 -0.231972875
v 0.212797 -0.29405125 -0.13377525
v -0.03048885 -0.3166565 -0.234526375
v 0.2775405 -0.198553125 -0.164871
v 0.25812675 -0.23742125 -0.165336125
v 0.26912975 -0.22337575 -0.17293875
v -0.0878398875 -0.30166875 -0.255428
v 0.23254675 -0.25278 -0.138623625
v 0.265948625 -0.2122775 -0.157566
v -0.0498048 -0.3152235 -0.2367735
v -0.0669758375 -0.313880125 -0.236168625
v -0.09015895 -0.30818 -0.242707875
v 0.254000625 -0.225835375 -0.1504145
v 0.24233175 -0.239465625 -0.143084875
v 0.2356615 -0.2612815 -0.149893625
v -0.1043385375 -0.30489975 -0.24369425
v 0.246585375 -0.251028 -0.158046375
v 0.0907205125 -0.39443125 -0.0906005125
v 0.0984708375 -0.4021383125 -0.0831529625
v 0.08714945 -0.40857 -0.0779327
v 0.0794209 -0.4008245 -0.08526495
v 0.06396475 -0.385057 -0.0996963
v 0.075005225 -0.3788183125 -0.1051788375
v 0.08290751875 -0.3866668125 -0.09791049375
v 0.07183695 -0.392927 -0.0924602
v 0.0941265 -0.3802713125 -0.10311964375
v 0.10201895625 -0.387994375 -0.0956825375
v 0.10985425625 -0.3956721875 -0.0880390375
v 0.11741306875 -0.40317675 -0.0799739
v 0.1060373875 -0.4096645625 -0.0753894
v 0.1133675 -0.4170095 -0.06749885
v 0.10194099375 -0.423231875 -0.0623527375
v 0.09467185 -0.416116 -0.070354
v 0.1089275 -0.4293755 -0.0544309
v 0.0976596 -0.4355945 -0.04889305
v 0.0906979 -0.429646 -0.05687735
v 0.1134095625 -0.38147875 -0.1004308
v 0.1212678125 -0.3891066875 -0.09256273125
v 0.06699479375 -0.3708893125 -0.11243275
v 0.0781225125 -0.364599625 -0.1178003125
v 0.08617735625 -0.3724603125 -0.1104501875
v 0.0974569875 -0.366001875 -0.1155195625
v 0.10547103125 -0.3737659375 -0.10804425625
v 0.1169005 -0.367193125 -0.11279531875
v 0.124874625 -0.374839625 -0.104982125
v 0.028779630625 -0.3671061875 -0.1157931875
v 0.0397342125 -0.361175625 -0.121562125
v 0.04788949375 -0.3690908125 -0.114171375
v 0.03694595 -0.375124 -0.1084745
v 0.0588948 -0.362988625 -0.119779125
v 0.05598035 -0.3770695 -0.1068945
v 0.06998244375 -0.3568139375 -0.1252796875
v 0.08113896875 -0.350553625 -0.1306624375
v 0.08933301875 -0.3582294375 -0.1230271875
v 0.10058985 -0.3517715 -0.1281153125
v 0.10878890625 -0.3594808125 -0.120453625
v 0.05074139375 -0.3551834375 -0.127258125
v 0.06179881875 -0.3491720625 -0.1329213125
v 0.120164875 -0.3528266875 -0.125188625
v 0.1283498125 -0.3604771875 -0.11736225
v 0.0315511125 -0.3532858125 -0.129017625
v 0.04254915 -0.3475320625 -0.1349070625
v 0.00964663875 -0.364749625 -0.1171565625
v 0.020583105625 -0.359048375 -0.1231236875
v 0.017853845 -0.3729135 -0.1099045
v 0.128820625 -0.39655775 -0.08421219375
v 0.1358915 -0.403917 -0.0751677
v 0.1244885 -0.4105475 -0.0711067
v 0.132699625 -0.3823610625 -0.09687348125
v 0.140307 -0.389792 -0.0884682
v 0.1363559375 -0.3680269375 -0.10935003125
v 0.1442075 -0.375508 -0.1011547
v 0.1398206875 -0.3536111875 -0.1217321875
v 0.14779025 -0.3610556875 -0.1133606875
v 0.07290321875 -0.34307075 -0.1384928125
v 0.0840502125 -0.3369374375 -0.144005625
v 0.0923412 -0.3441729375 -0.1358948125
v 0.10357846875 -0.3376779375 -0.140962625
v 0.11188674375 -0.345152625 -0.1329818125
v 0.053576025 -0.3417899375 -0.14081075
v 0.06463445625 -0.3360903125 -0.1467425625
v -0.00949166 -0.36225 -0.118426
v 0.0014301175 -0.356619125 -0.124480375
v -0.001265805 -0.3704555 -0.111161
v 0.12321325 -0.3384298125 -0.1376755
v 0.131551 -0.3460241875 -0.1297173125
v 0.034326925 -0.3402204375 -0.1428735
v 0.0453239375 -0.335069 -0.1492160625
v 0.012382111875 -0.351050375 -0.1305495
v 0.0233502125 -0.3455676875 -0.1366640625
v 0.1429474375 -0.3390469375 -0.1339990625
v 0.1512450625 -0.3465410625 -0.1258234375
v 0.07572065 -0.33044625 -0.152721375
v 0.08685935 -0.3243915 -0.1583425
v 0.09523405625 -0.3307064375 -0.1493961875
v 0.1064673 -0.3241595 -0.154445
v 0.114853575 -0.331074125 -0.1458630625
v -0.00677701625 -0.34861475 -0.1319625
v 0.004180213125 -0.34335225 -0.1382689375
v -0.0259169 -0.346053 -0.1333405
v -0.014967418125 -0.3409944375 -0.1398254375
v -0.01773071 -0.353969 -0.12569
v 0.159255875 -0.3538785625 -0.1172029375
v 0.1666085 -0.361075 -0.1074985
v 0.1551165 -0.368307 -0.1037895
v 0.1262005 -0.3242385 -0.1504195
v 0.1345864375 -0.3315535625 -0.14212025
v 0.01514106125 -0.3382820625 -0.144719
v 0.0261000125 -0.3336825 -0.1514228125
v -0.00401645125 -0.3362346875 -0.146507875
v 0.0069330947625 -0.3320159375 -0.1534701875
v 0.1459945 -0.3244325 -0.14624
v 0.1543439375 -0.331858375 -0.1380031875
v 0.05634196875 -0.330058625 -0.155693875
v 0.0673841 -0.32472 -0.161973
v 0.165726 -0.324510375 -0.1418615625
v 0.17398 -0.331853 -0.1334175
v 0.1626040625 -0.3392525 -0.1296363125
v 0.170723 -0.346563 -0.121055
v -0.02315575125 -0.334148375 -0.1483229375
v -0.0122187739875 -0.3303820625 -0.1555446875
v 0.0178767535125 -0.328590375 -0.160847
v 0.028835675 -0.3255849375 -0.168409375
v 0.03706985 -0.3295288125 -0.158414375
v 0.04806305625 -0.3255738125 -0.1654988125
v -0.001285628925 -0.3274798125 -0.1631715
v 0.0096484217 -0.3251955625 -0.1710478125
v -0.04227875 -0.3319039375 -0.1500951875
v -0.031353475 -0.3287399375 -0.1576359375
v -0.0340932 -0.338086 -0.1411015
v -0.05046855 -0.326912125 -0.159666375
v -0.0532493 -0.3352405 -0.142501
v -0.06141775 -0.329493 -0.151802
v -0.0204417652375 -0.326417375 -0.1654984375
v -0.0095246533 -0.3246389375 -0.17356575
v 0.1688405 -0.3098815 -0.1541815
v 0.1769821875 -0.31688525 -0.1452844375
v 0.1574285 -0.3174135 -0.150479
v 0.03982403125 -0.3229309375 -0.1760633125
v 0.0508213 -0.3201205 -0.183689
v 0.0590603 -0.322081 -0.1728015
v -0.0395813 -0.325291125 -0.167800875
v -0.0286936375 -0.3240701875 -0.17605525
v -0.0586933 -0.323803 -0.1699785
v -0.0478446125 -0.3231654375 -0.1784229375
v 0.1659425 -0.362587 -0.08713115
v 0.16077 -0.364827 -0.07426335
v 0.1568025 -0.376988 -0.0774106
v 0.161975 -0.374748 -0.0902784
v 0.188041 -0.3089085 -0.148063
v 0.19561 -0.3159295 -0.1385175
v 0.1847055 -0.3239775 -0.136001
v 0.0206109966375 -0.323310375 -0.1790019375
v 0.03160563125 -0.3214596875 -0.186961375
v 0.001399004825 -0.3233091875 -0.1817108125
v 0.0123676716375 -0.32206525 -0.1898625625
v -0.0177885971125 -0.32307225 -0.1843105625
v -0.0068651221125 -0.3222519375 -0.1925863125
v 0.00411296625 -0.3211895 -0.2007810625
v 0.01514195 -0.319848 -0.208885
v 0.02338399125 -0.3205233125 -0.197909
v 0.03440235 -0.318671 -0.2058585
v 0.0426127 -0.319415 -0.194862
v -0.036977775 -0.32258375 -0.1868223125
v -0.02607984375 -0.3220213125 -0.1951810625
v -0.05615965 -0.321616 -0.189157
v -0.0453068875 -0.3213308125 -0.1976159375
v 0.194110125 -0.3181556875 -0.11219656875
v 0.187538 -0.3201705 -0.10028105
v 0.184776 -0.333058 -0.10395505
v 0.191364 -0.331068 -0.1159015
v -0.01514405875 -0.32132225 -0.2034798125
v -0.00415589875 -0.32023125 -0.2116855
v -0.03441680625 -0.320969375 -0.2060324375
v -0.02347145625 -0.320193375 -0.2143385
v -0.01246619625 -0.318817375 -0.2225161875
v -0.00142777 -0.317202 -0.2306275
v 0.00687858 -0.3187275 -0.219805
v -0.04277941875 -0.319565125 -0.21680225
v -0.05368125 -0.3201205 -0.2084065
v 0.2011315 -0.3162155 -0.1238595
v 0.2033145625 -0.3031051875 -0.1203101875
v 0.1963435 -0.3050695 -0.1086205
v -0.03181736875 -0.318444125 -0.2250848125
v -0.0208077 -0.317005 -0.23328
v -0.0511175875 -0.317237625 -0.2273791875
v -0.0401553 -0.316053 -0.2356895
v 0.2122965 -0.288034 -0.128739
v 0.205484 -0.2900175 -0.1166215
v 0.2101615 -0.301121 -0.13237
v -0.07035665 -0.3151795 -0.229384
v -0.0594351 -0.314197 -0.2377825
v -0.0620481 -0.318344 -0.219023
v 0.293608 -0.185631 -0.19236
v 0.298476 -0.1739205 -0.188036
v 0.293859 -0.1773845 -0.175908
v 0.2888884375 -0.189036375 -0.180276375
v 0.2406585 -0.257709 -0.1544565
v 0.2444585625 -0.2452468125 -0.150565625
v 0.2364575 -0.246271 -0.1394525
v 0.2326195 -0.258711 -0.14336
v -0.105508 -0.301126 -0.2502085
v -0.0945089 -0.298972 -0.258031
v -0.08664105 -0.305467 -0.248905
v -0.09764015 -0.307621 -0.2410825
v 0.263688 -0.23045 -0.1691075
v 0.2675391875 -0.217826625 -0.165252375
v 0.259975 -0.21906 -0.153991
v 0.2560636875 -0.2316283125 -0.1578753125
v 0.252417 -0.244273 -0.161661
v 0.2481495 -0.2326455 -0.146759
v 0.274481 -0.216215 -0.1767935
v 0.278587125 -0.2037198125 -0.1727696875
v 0.2717975 -0.205446 -0.161217
v 0.28448 -0.201309 -0.18456
v 0.2831965 -0.1915865 -0.168455
v 0.088948475 -0.40150075 -0.084277175
v 0.0734242 -0.385884 -0.0988306
v 0.092438575 -0.38736125 -0.096881575
v 0.107982775 -0.4026985 -0.081755875
v 0.104019675 -0.41656275 -0.068926425
v 0.0998127 -0.42951075 -0.055654125
v 0.11165025 -0.38859325 -0.094252075
v 0.0765738 -0.37170725 -0.11148275
v 0.095808125 -0.373142 -0.109314
v 0.115171 -0.37434575 -0.106611025
v 0.0383373 -0.36813525 -0.11500625
v 0.057437675 -0.370013 -0.11332125
v 0.07964395 -0.35754425 -0.1241895
v 0.099046625 -0.3588795 -0.12179125
v 0.060351525 -0.3560285 -0.12629925
v 0.118564 -0.36001975 -0.11898625
v 0.04114225 -0.35427425 -0.12816625
v 0.0192150225 -0.3659635 -0.1164995
v 0.1266905 -0.4035685 -0.077695025
v 0.130807 -0.3894835 -0.09058705
v 0.1345485 -0.37520575 -0.103125375
v 0.13812425 -0.360834 -0.11555475
v 0.082608425 -0.34364025 -0.13723125
v 0.102099475 -0.3446745 -0.134478
v 0.06322765 -0.34245875 -0.139685
v 7.76425e-05 -0.363507 -0.11779575
v 0.1217065 -0.345615 -0.13140725
v 0.04394265 -0.34105 -0.141873
v 0.021965 -0.352203 -0.12980625
v 0.1414125 -0.34634275 -0.127875
v 0.085462225 -0.3305785 -0.15109525
v 0.1050298 -0.33087125 -0.1476525
v 0.0028006475 -0.3498525 -0.13126475
v -0.0163485025 -0.3473425 -0.13265325
v 0.15725075 -0.36110775 -0.110577
v 0.1247095 -0.33131625 -0.14402675
v 0.02472825 -0.33928275 -0.143814
v 0.005559795 -0.3372635 -0.145613
v 0.14447325 -0.331742 -0.14012025
v 0.066015675 -0.3302685 -0.15424625
v 0.1641725 -0.3318795 -0.1357455
v 0.16100275 -0.3465895 -0.12350575
v -0.01358858 -0.33520325 -0.1474155
v 0.0274664 -0.32910125 -0.15965725
v 0.0466942 -0.32983 -0.15708825
v 0.00829381405 -0.32803925 -0.16201375
v -0.032717125 -0.33304925 -0.14921725
v -0.051846675 -0.3307105 -0.1509535
v -0.01086478595 -0.326944 -0.16433425
v 0.1672825 -0.317185 -0.14801275
v 0.049440125 -0.32254125 -0.174457
v -0.030014675 -0.3258855 -0.1666605
v -0.049139425 -0.324577 -0.1689
v 0.1613725 -0.3697875 -0.082270875
v 0.18637325 -0.316443 -0.142032
v 0.0302161 -0.3231795 -0.17757125
v 0.01100338655 -0.323347 -0.1803765
v -0.00819641345 -0.32321675 -0.18302075
v 0.01375024 -0.320922 -0.19936875
v 0.033002225 -0.32000025 -0.19639825
v -0.027383275 -0.32287825 -0.1855845
v -0.046569425 -0.32213775 -0.18800375
v 0.189451 -0.32561925 -0.108091275
v -0.005515835 -0.321319 -0.2021495
v -0.0247796 -0.321211 -0.20477775
v -0.00279266 -0.318802 -0.2211695
v -0.044050025 -0.3205815 -0.207233
v 0.1987375 -0.3106425 -0.11624
v -0.022144325 -0.3187145 -0.22382725
v -0.04147565 -0.317957 -0.226271
v 0.20782275 -0.29556925 -0.12449575
v -0.0607416 -0.3162705 -0.22840275
v 0.2937335 -0.18150775 -0.184134
v 0.238558 -0.25199 -0.1469545
v -0.096074525 -0.3032965 -0.24955675
v 0.2618315 -0.224755 -0.16154925
v 0.25028325 -0.23845925 -0.15421
v 0.27313925 -0.2108305 -0.16900525
v 0.28383825 -0.19644775 -0.1765075
v -0.208361 -0.099159 -0.0154329
v -0.220936 -0.0881011 -0.0183262
v -0.228787 -0.0820383 -0.0116024
v -0.315636 -0.157446 -0.156125
v -0.236823 -0.0761165 -0.00489977
v -0.248269 -0.0638689 -0.00805655
v -0.252686 -0.058207 -0.0180931
v -0.240963 -0.0703764 -0.0148501
v -0.233103 -0.0764306 -0.0215382
v -0.245125 -0.0644918 -0.0247733
v -0.249503 -0.0587758 -0.0346284
v -0.23758 -0.0708348 -0.0313969
v -0.255168 -0.0542755 -0.0446326
v -0.256818 -0.0523816 -0.0279971
v -0.262749 -0.0483843 -0.0380396
v -0.268774 -0.0453009 -0.047951
v -0.261981 -0.0517424 -0.0545164
v -0.269812 -0.050783 -0.0640065
v -0.271427 -0.0580183 -0.0796265
v -0.278702 -0.05139 -0.0723764
v -0.25656 -0.065648 -0.0765148
v -0.26274 -0.0573512 -0.0708773
v -0.251651 -0.0750322 -0.0806268
v -0.258965 -0.07554 -0.0902682
v -0.267641 -0.0772516 -0.0986893
v -0.274006 -0.0679048 -0.0936445
v -0.280895 -0.0605671 -0.0868042
v -0.287947 -0.0537824 -0.0796526
v -0.284318 -0.0721773 -0.098881
v -0.277699 -0.0807118 -0.104539
v -0.271921 -0.0904097 -0.108589
v -0.273951 -0.115348 -0.117047
v -0.278351 -0.104867 -0.115184
v -0.283099 -0.0952259 -0.111218
v -0.294309 -0.100268 -0.111884
v -0.298358 -0.0902964 -0.108095
v -0.295158 -0.077664 -0.102121
v -0.315546 -0.117204 -0.136636
v -0.303513 -0.10353 -0.115807
v -0.310346 -0.104492 -0.125802
v -0.305147 -0.0917806 -0.114968
v -0.308312 -0.116085 -0.12637
v -0.285362 -0.120263 -0.118245
v -0.296949 -0.125473 -0.117409
v -0.287764 -0.146529 -0.118995
v -0.296805 -0.150089 -0.125148
v -0.304329 -0.153292 -0.134973
v -0.316398 -0.104228 -0.135941
v -0.316831 -0.130221 -0.147448
v -0.319103 -0.116771 -0.14722
v -0.321375 -0.103321 -0.146992
v -0.313445 -0.143138 -0.146751
v -0.309255 -0.155139 -0.146175
v -0.319108 -0.144539 -0.157194
v -0.32256 -0.131187 -0.157695
v -0.31595 -0.0912138 -0.135362
v -0.317078 -0.0783119 -0.133973
v -0.322481 -0.0902805 -0.145897
v -0.214427 -0.0952966 -0.0251776
v -0.2258 -0.083044 -0.0282369
v -0.318881 -0.0775816 -0.144816
v -0.31071 -0.0541147 -0.131381
v -0.316772 -0.0655071 -0.132406
v -0.31209 -0.0534308 -0.12011
v -0.306191 -0.0540089 -0.109682
v -0.311741 -0.066202 -0.122048
v -0.299974 -0.0672058 -0.0997256
v -0.305972 -0.0667489 -0.111121
v -0.305746 -0.0792957 -0.113256
v -0.311772 -0.0790344 -0.123414
v -0.300355 -0.0544081 -0.099107
v -0.294989 -0.0544761 -0.0888234
v -0.276541 -0.044207 -0.0571483
v -0.250141 -0.0485387 -0.0141811
v -0.256637 -0.0433115 -0.0237047
v -0.263014 -0.0384623 -0.0337418
v -0.269031 -0.0351219 -0.0441267
v -0.274724 -0.032708 -0.0543904
v -0.282822 -0.0427436 -0.0671062
v -0.281135 -0.0305692 -0.0651427
v -0.287548 -0.0294745 -0.0760096
v -0.293737 -0.0289625 -0.0865953
v -0.297463 -0.0297122 -0.0978725
v -0.305615 -0.0429918 -0.119949
v -0.282101 -0.0193323 -0.0761834
v -0.277524 -0.0194883 -0.0642772
v -0.271708 -0.0212926 -0.0530462
v -0.288947 -0.0418481 -0.0776368
v -0.29445 -0.0417182 -0.0877713
v -0.300077 -0.04158 -0.0980055
v -0.306169 -0.0412971 -0.10825
v -0.301729 -0.139245 -0.125581
v -0.309293 -0.141683 -0.135724
v -0.305354 -0.127608 -0.126022
v -0.312575 -0.129464 -0.136244
v -0.311318 -0.0917989 -0.124674
v -0.300967 -0.11492 -0.116095
v -0.28967 -0.110091 -0.115513
v -0.280931 -0.130769 -0.1199
v -0.292543 -0.135889 -0.118692
v -0.262844 -0.0882603 -0.100447
v -0.245027 -0.0768934 -0.0716313
v -0.238954 -0.0796561 -0.0627246
v -0.232643 -0.0831928 -0.0536573
v -0.242594 -0.0695522 -0.0573864
v -0.236457 -0.0735683 -0.0479122
v -0.230938 -0.0781571 -0.0381395
v -0.248365 -0.0613726 -0.0511856
v -0.249367 -0.0668137 -0.067024
v -0.219842 -0.0908111 -0.0350238
v -0.203801 -0.107869 -0.0220148
v -0.21091 -0.104544 -0.0313027
v -0.226217 -0.0870383 -0.0446121
v -0.218641 -0.101392 -0.0402013
v -0.224375 -0.112364 -0.0381996
v -0.234257 -0.108519 -0.0443327
v -0.205583 -0.118619 -0.0237293
v -0.19679 -0.121224 -0.0157234
v -0.201128 -0.131545 -0.0139742
v -0.19211 -0.133717 -0.00582343
v -0.175232 -0.137131 0.0116488
v -0.159963 -0.139394 0.0305446
v -0.150373 -0.127873 0.0398168
v -0.156954 -0.127356 0.0295541
v -0.164056 -0.126812 0.0196698
v -0.180022 -0.1244 0.00150423
v -0.171771 -0.125746 0.01038
v -0.16962 -0.118096 0.024229
v -0.177001 -0.116942 0.0148571
v -0.146941 -0.117814 0.0525157
v -0.154595 -0.118494 0.0431168
v -0.139119 -0.116584 0.0617616
v -0.139267 -0.107793 0.0764608
v -0.147406 -0.109833 0.0676703
v -0.155485 -0.111522 0.0586633
v -0.155734 -0.103826 0.0741546
v -0.147478 -0.101117 0.0825382
v -0.242411 -0.0656016 -0.0412744
v -0.162156 -0.118803 0.0336311
v -0.153968 -0.139844 0.0410789
v -0.15591 -0.152134 0.0413621
v -0.162094 -0.151488 0.0308819
v -0.169016 -0.150959 0.0207986
v -0.167266 -0.138609 0.0208314
v -0.226714 -0.123947 -0.0393015
v -0.255143 -0.0585116 -0.0610053
v -0.264666 -0.0658955 -0.08595
v -0.18346 -0.135607 0.00270021
v -0.210136 -0.129344 -0.0221258
v -0.218971 -0.126997 -0.0304437
v -0.188181 -0.122973 -0.00734284
v -0.214788 -0.115571 -0.0312389
v -0.227799 -0.0980293 -0.0475455
v -0.287995 -0.0856996 -0.107166
v -0.29095 -0.0646183 -0.0924375
v 0.0290415 0.265108 -0.236564
v 0.127692 -0.0664 -0.152153
v 0.0275605 0.255035 -0.225163
v 0.0441363 0.263482 -0.236021
v 0.0427205 0.253271 -0.224883
v 0.0412953 0.242958 -0.213787
v 0.0261242 0.244589 -0.214129
v 0.0123865 0.256201 -0.226053
v 0.0578082 0.251394 -0.224862
v -0.00276265 0.257162 -0.22716
v 0.0398967 0.232081 -0.203178
v 0.0247379 0.233804 -0.203339
v 0.0109411 0.245834 -0.214892
v -0.00424476 0.246717 -0.216058
v -0.0179155 0.257738 -0.228645
v 0.0563926 0.240882 -0.214052
v 0.0385759 0.220664 -0.193001
v -0.0194059 0.247268 -0.217603
v 0.0373491 0.208801 -0.183191
v 0.023433 0.222337 -0.193114
v 0.209099 -0.0751848 -0.22401
v 0.0549625 0.230094 -0.20349
v 0.0713448 0.238203 -0.215063
v 0.0536593 0.218535 -0.193623
v 0.052394 0.206699 -0.184029
v 0.00955547 0.234989 -0.204141
v 0.069908 0.227334 -0.204769
v 0.0512618 0.194164 -0.175134
v 0.0684732 0.215849 -0.195111
v -0.00564162 0.235855 -0.205301
v 0.0362152 0.196208 -0.174264
v 0.0660137 0.191563 -0.176875
v 0.176119 -0.0783095 -0.192003
v 0.0351179 0.18325 -0.165859
v 0.0671662 0.20405 -0.185728
v 0.0210551 0.197784 -0.174012
v 0.0502341 0.181063 -0.166876
v 0.0802962 0.188602 -0.179533
v 0.0199464 0.184867 -0.165568
v 0.083156 0.212904 -0.197157
v 0.0817294 0.201067 -0.187971
v 0.0651281 0.178102 -0.168896
v 0.0794046 0.175178 -0.171587
v 0.0340148 0.170065 -0.15808
v 0.0645188 0.164052 -0.161274
v 0.0927648 0.172106 -0.175148
v 0.0188391 0.171786 -0.157563
v 0.0938562 0.185637 -0.182871
v 0.104863 0.169853 -0.179318
v 0.0789823 0.16069 -0.16429
v 0.0653388 0.147917 -0.154318
v 0.0920951 0.157773 -0.168125
v 0.0792598 0.144823 -0.157848
v 0.0661934 0.13184 -0.148744
v 0.105547 0.156411 -0.173562
v 0.0933113 0.142721 -0.162633
v 0.0956109 0.12874 -0.158631
v 0.0811929 0.129674 -0.15312
v 0.107404 0.142868 -0.169043
v 0.118487 0.157136 -0.180469
v 0.0831849 0.114511 -0.14912
v 0.116623 0.170089 -0.185463
v 0.208457 -0.0599987 -0.223151
v 0.130155 0.158595 -0.188197
v 0.0978881 0.114113 -0.155049
v 0.0678922 0.116402 -0.144388
v 0.120754 0.14346 -0.176296
v 0.109651 0.128812 -0.165175
v 0.132803 0.144745 -0.184183
v 0.0852529 0.099463 -0.146075
v 0.0998161 0.0993932 -0.152407
v 0.113913 0.0996772 -0.159434
v 0.111873 0.114387 -0.161949
v 0.122929 0.129473 -0.172649
v 0.101811 0.0845572 -0.150012
v 0.0872653 0.0844964 -0.143697
v 0.089263 0.0694817 -0.141461
v 0.127301 0.100387 -0.167226
v 0.135557 0.130515 -0.180906
v 0.144529 0.146073 -0.192904
v 0.155458 0.147477 -0.20244
v 0.115824 0.0848593 -0.157203
v 0.125171 0.115072 -0.169787
v 0.0704329 0.100436 -0.140898
v 0.147589 0.131742 -0.189624
v 0.117609 0.0699267 -0.155389
v 0.129252 0.0855702 -0.165052
v 0.142172 0.0864586 -0.173496
v 0.130978 0.070614 -0.163313
v 0.137973 0.116074 -0.177946
v 0.0722904 0.0850117 -0.13803
v 0.0742754 0.0697855 -0.135426
v 0.103696 0.0696092 -0.148031
v 0.0913002 0.0544656 -0.139293
v 0.164368 -0.0792438 -0.182049
v 0.132482 0.0555368 -0.162026
v 0.150228 0.117196 -0.186777
v 0.158845 0.132981 -0.199223
v 0.105564 0.0546404 -0.146152
v 0.119306 0.0549661 -0.153724
v 0.14379 0.0714516 -0.171934
v 0.145237 0.0563471 -0.170734
v 0.133998 0.0404594 -0.160731
v 0.140181 0.101329 -0.175524
v 0.152409 0.102365 -0.184601
v 0.161659 0.118288 -0.196496
v 0.0936812 0.039405 -0.137083
v 0.121046 0.0398856 -0.152129
v 0.15434 0.0874531 -0.182676
v 0.172472 0.119481 -0.206759
v 0.164128 0.103417 -0.194115
v 0.107464 0.0395874 -0.144383
v 0.156069 0.0723818 -0.181109
v 0.146644 0.0412472 -0.169645
v 0.135484 0.0253441 -0.159589
v 0.122635 0.0247733 -0.150778
v 0.0959164 0.0242938 -0.13494
v 0.109398 0.0244814 -0.142573
v 0.166318 0.0884574 -0.192062
v 0.157548 0.0572474 -0.179936
v 0.124255 0.00962108 -0.149555
v 0.136867 0.0102254 -0.158727
v 0.175038 0.104527 -0.204379
v 0.0978987 0.00912528 -0.133029
v 0.1679 0.0733723 -0.190716
v 0.179041 0.0743923 -0.200955
v 0.158897 0.0421093 -0.17905
v 0.147942 0.026103 -0.168882
v 0.111206 0.00934774 -0.14101
v 0.177122 0.0894691 -0.202557
v 0.0823992 0.0241703 -0.127942
v 0.0844023 0.00911471 -0.1255
v 0.160067 0.0269574 -0.178507
v 0.169308 0.0582387 -0.189696
v 0.149144 0.0109532 -0.168286
v 0.12567 -0.00551498 -0.148757
v 0.138035 -0.00487418 -0.158283
v 0.189115 0.0753823 -0.211984
v 0.170524 0.0430759 -0.189031
v 0.17172 0.0278888 -0.18856
v 0.150281 -0.00420367 -0.168016
v 0.0997552 -0.00610511 -0.131341
v 0.112886 -0.00590364 -0.139842
v 0.180446 0.0592471 -0.200044
v 0.16112 0.0118045 -0.17814
v 0.162168 -0.00336163 -0.178013
v 0.126872 -0.0207003 -0.148508
v 0.139174 -0.0200351 -0.158086
v 0.151356 -0.0193388 -0.167843
v 0.114286 -0.0212292 -0.139343
v 0.192103 0.0451009 -0.210642
v 0.181629 0.0440773 -0.199574
v 0.182751 0.0288986 -0.199227
v 0.163066 -0.0185155 -0.178074
v 0.198098 -0.0610984 -0.211912
v 0.190657 0.0602416 -0.211251
v 0.172726 0.012715 -0.188397
v 0.173578 -0.00245212 -0.188487
v 0.163749 -0.0337109 -0.178488
v 0.174413 -0.0176168 -0.188612
v 0.198401 -0.0762726 -0.213108
v 0.115102 -0.0365736 -0.139839
v 0.185443 -0.0166475 -0.199433
v 0.18627 -0.0318319 -0.199614
v 0.127628 -0.0359517 -0.149021
v 0.14022 -0.050472 -0.159584
v 0.152018 -0.034525 -0.168326
v 0.205457 -0.0144661 -0.222518
v 0.183775 0.0137206 -0.199061
v 0.184613 -0.00146328 -0.199249
v 0.175076 -0.0327937 -0.189012
v 0.13993 -0.035257 -0.158507
v 0.193128 0.0299372 -0.210497
v 0.194048 0.0147718 -0.210509
v 0.186872 -0.0469982 -0.200209
v 0.152388 -0.0497163 -0.169235
v 0.164184 -0.0488942 -0.179291
v 0.206552 -0.0296251 -0.222421
v 0.195832 -0.0155688 -0.210698
v 0.1967 -0.0307433 -0.210855
v 0.127826 -0.0511858 -0.150299
v 0.164426 -0.0640728 -0.180389
v 0.19496 -0.000394255 -0.210543
v 0.207555 -0.044806 -0.222557
v 0.175724 -0.0479706 -0.189556
v 0.175956 -0.0631425 -0.190648
v 0.187561 -0.0773429 -0.202319
v 0.152513 -0.0649108 -0.170551
v 0.18737 -0.0621672 -0.201001
v 0.197532 -0.0459191 -0.211144
v 0.140177 -0.0656666 -0.161225
v 0.152343 -0.0801107 -0.17243
v 0.244408 0.130089 -0.149058
v 0.247837 0.138614 -0.152682
v 0.252084 0.125543 -0.151027
v 0.250005 0.132191 -0.151652
v 0.246376 0.124282 -0.147112
v 0.250094 0.147196 -0.157171
v 0.24414 0.142244 -0.15547
v 0.257516 0.126599 -0.155342
v 0.260997 0.13419 -0.160188
v 0.255465 0.133222 -0.155946
v 0.248071 0.118311 -0.146251
v 0.244353 0.104733 -0.142686
v 0.266471 0.135412 -0.164431
v 0.253312 0.140292 -0.156553
v 0.263021 0.127532 -0.15964
v 0.249428 0.112039 -0.145812
v 0.25384 0.119131 -0.150507
v 0.255594 0.149625 -0.161312
v 0.245648 0.0985267 -0.142091
v 0.263962 0.143689 -0.165039
v 0.258651 0.142 -0.160797
v 0.260831 0.151566 -0.165612
v 0.260791 0.113397 -0.154655
v 0.259395 0.119904 -0.154936
v 0.262158 0.106905 -0.154382
v 0.256432 0.106299 -0.149925
v 0.250706 0.105694 -0.145468
v 0.255124 0.112763 -0.15018
v 0.262251 0.160452 -0.170663
v 0.251175 0.155491 -0.162366
v 0.252322 0.1624 -0.168551
v 0.256977 0.158185 -0.166351
v 0.340482 0.057356 -0.246421
v 0.267005 0.128147 -0.165114
v 0.264611 0.120665 -0.159597
v 0.257586 0.166157 -0.172023
v 0.292799 0.15389 -0.200592
v 0.252529 0.092819 -0.145121
v 0.257453 0.0998693 -0.149675
v 0.251747 0.0992854 -0.145238
v 0.246385 0.0921458 -0.141945
v 0.265368 0.121186 -0.166746
v 0.263127 0.100411 -0.15425
v 0.263891 0.0938878 -0.154302
v 0.258211 0.0933559 -0.149703
v 0.267775 0.128815 -0.171914
v 0.270545 0.136561 -0.17675
v 0.264162 0.113938 -0.160495
v 0.289937 0.148365 -0.204334
v 0.297501 0.15456 -0.205501
v 0.294579 0.149247 -0.209507
v 0.258927 0.0868593 -0.149466
v 0.253238 0.0798056 -0.145084
v 0.253119 0.086317 -0.145015
v 0.26959 0.142449 -0.168956
v 0.269888 0.135704 -0.169971
v 0.265222 0.114228 -0.167744
v 0.264275 0.107165 -0.160933
v 0.264546 0.0872867 -0.154101
v 0.259293 0.0738189 -0.149187
v 0.259206 0.080346 -0.149236
v 0.272556 0.149658 -0.173693
v 0.266175 0.152543 -0.169763
v 0.266298 0.0938932 -0.160732
v 0.264854 0.080724 -0.153832
v 0.270206 0.0807522 -0.158788
v 0.302485 0.155373 -0.210266
v 0.253325 0.0731557 -0.145128
v 0.246576 0.0858467 -0.143125
v 0.276971 0.150369 -0.178894
v 0.273812 0.142879 -0.174206
v 0.26453 0.100386 -0.161194
v 0.268155 0.0873416 -0.159904
v 0.264971 0.0740933 -0.153719
v 0.281439 0.151 -0.184073
v 0.275928 0.14377 -0.180691
v 0.269933 0.0872635 -0.166886
v 0.270296 0.0739707 -0.158555
v 0.299869 0.143267 -0.215443
v 0.274645 0.0735628 -0.16393
v 0.279917 0.0594133 -0.167375
v 0.274506 0.059522 -0.162603
v 0.275219 0.0667241 -0.162912
v 0.269808 0.0668328 -0.158139
v 0.278779 0.144784 -0.186807
v 0.271695 0.0800709 -0.165643
v 0.279265 0.052353 -0.166932
v 0.274027 0.052856 -0.161787
v 0.269266 0.0600214 -0.157461
v 0.284576 0.0521169 -0.171865
v 0.276222 0.071983 -0.170713
v 0.279838 0.0664658 -0.168152
v 0.264493 0.0671876 -0.15315
v 0.283894 0.0451681 -0.171263
v 0.278596 0.0456624 -0.16612
v 0.285013 0.0592366 -0.172405
v 0.281895 0.0649506 -0.174935
v 0.263844 0.060574 -0.152608
v 0.288437 0.0376651 -0.176816
v 0.282974 0.0382701 -0.17114
v 0.29932 0.0513022 -0.188549
v 0.29446 0.051538 -0.182816
v 0.2896 0.0517738 -0.177083
v 0.298702 0.0371353 -0.189189
v 0.293644 0.0373239 -0.182888
v 0.303642 0.0368898 -0.195153
v 0.303912 0.0439779 -0.194719
v 0.298989 0.0442317 -0.188803
v 0.294067 0.0444854 -0.182888
v 0.289144 0.0447391 -0.176972
v 0.304182 0.0510661 -0.194284
v 0.289333 0.0586494 -0.178028
v 0.308568 0.0366752 -0.201084
v 0.292613 0.0574384 -0.184293
v 0.308656 0.0442657 -0.200681
v 0.308473 0.0516495 -0.200008
v 0.313281 0.0301403 -0.207787
v 0.288773 0.0627712 -0.186965
v 0.284816 0.0635262 -0.181295
v 0.305341 0.0574851 -0.201708
v 0.296566 0.0568096 -0.190351
v 0.313233 0.037505 -0.207094
v 0.313161 0.0449128 -0.206441
v 0.318196 0.0317066 -0.214618
v 0.300778 0.056868 -0.196138
v 0.316506 0.0537411 -0.2114
v 0.312684 0.0524623 -0.205726
v 0.27927 0.0715275 -0.176724
v 0.297219 0.0625934 -0.198364
v 0.292874 0.0625919 -0.19277
v 0.30994 0.0587531 -0.206938
v 0.317115 0.0463246 -0.212159
v 0.324296 0.056959 -0.222865
v 0.320391 0.0553037 -0.217124
v 0.322138 0.04069 -0.219215
v 0.317945 0.0390255 -0.213299
v 0.322724 0.0334433 -0.220473
v 0.301291 0.062839 -0.204043
v 0.305461 0.0638378 -0.20961
v 0.319434 0.0624534 -0.216616
v 0.327477 0.0659406 -0.227731
v 0.323602 0.0642844 -0.222022
v 0.328259 0.0586273 -0.228663
v 0.330376 0.0440389 -0.230963
v 0.326314 0.042357 -0.22512
v 0.310046 0.065252 -0.214895
v 0.314755 0.0605683 -0.211747
v 0.333296 0.053047 -0.235504
v 0.329235 0.0513646 -0.229664
v 0.325174 0.0496821 -0.223824
v 0.321113 0.0479997 -0.217984
v 0.334444 0.0457181 -0.236835
v 0.314959 0.0670789 -0.219764
v 0.332291 0.060287 -0.234479
v 0.33101 0.0673949 -0.233392
v 0.28488 0.0703582 -0.180823
v 0.329395 0.074503 -0.23267
v 0.337224 0.054693 -0.24127
v 0.339611 0.0638675 -0.245657
v 0.335944 0.0618359 -0.240168
v 0.334664 0.0689788 -0.239066
v 0.333384 0.0761216 -0.237964
v 0.31556 0.0753109 -0.226359
v 0.300173 0.149502 -0.213764
v 0.306128 0.149985 -0.217426
v 0.338129 0.0706522 -0.244871
v 0.331915 0.082928 -0.237158
v 0.303936 0.14415 -0.220841
v 0.290439 0.06888 -0.185282
v 0.320781 0.0781663 -0.23017
v 0.341189 0.078447 -0.249837
v 0.336733 0.0772546 -0.244162
v 0.339883 0.0850724 -0.249075
v 0.335427 0.08388 -0.2434
v 0.338577 0.0916978 -0.248313
v 0.334121 0.0905054 -0.242637
v 0.342223 0.0717061 -0.250813
v 0.308916 0.138318 -0.226519
v 0.310324 0.144583 -0.224033
v 0.295482 0.0679375 -0.190093
v 0.297251 0.143346 -0.208883
v 0.293797 0.143116 -0.202644
v 0.281954 0.0778419 -0.173418
v 0.274694 0.0793424 -0.171237
v 0.337764 0.0985699 -0.247317
v 0.305773 0.139063 -0.213073
v 0.32672 0.0810877 -0.233132
v 0.285027 0.141336 -0.19139
v 0.304549 0.0683589 -0.200888
v 0.300188 0.0678191 -0.19533
v 0.276666 0.086552 -0.168379
v 0.329663 0.0891866 -0.237287
v 0.322458 0.0864605 -0.235409
v 0.322723 0.113513 -0.233241
v 0.310155 0.0760596 -0.204665
v 0.30563 0.0754054 -0.19929
v 0.301104 0.0747511 -0.193916
v 0.305353 0.0827148 -0.198866
v 0.300827 0.0820605 -0.193491
v 0.333727 0.0971497 -0.241201
v 0.296628 0.0740207 -0.188514
v 0.296361 0.0813139 -0.188084
v 0.292072 0.0802917 -0.182576
v 0.287783 0.0792694 -0.177069
v 0.296094 0.088607 -0.187653
v 0.291805 0.0875848 -0.182146
v 0.309137 0.0837327 -0.204228
v 0.307912 0.0915069 -0.203787
v 0.304171 0.090468 -0.198426
v 0.300429 0.089429 -0.193065
v 0.308198 0.0693418 -0.206931
v 0.311024 0.0712975 -0.213352
v 0.287426 0.0866791 -0.176738
v 0.291105 0.0954349 -0.182192
v 0.306446 0.0992871 -0.203499
v 0.31416 0.077147 -0.21019
v 0.307398 0.138464 -0.220044
v 0.269069 0.0936885 -0.166006
v 0.326904 0.0948419 -0.238458
v 0.331962 0.102622 -0.240981
v 0.28653 0.0946093 -0.17683
v 0.281774 0.0938193 -0.171473
v 0.285479 0.10257 -0.176926
v 0.280722 0.10178 -0.171569
v 0.279671 0.109741 -0.171665
v 0.312845 0.0849296 -0.209804
v 0.311513 0.0927062 -0.20942
v 0.31018 0.100483 -0.209035
v 0.282829 0.0858993 -0.171352
v 0.27576 0.101405 -0.166211
v 0.276716 0.0937984 -0.166187
v 0.26837 0.100753 -0.165442
v 0.324832 0.100459 -0.239312
v 0.313339 0.0732487 -0.219825
v 0.290198 0.103492 -0.182495
v 0.289088 0.111662 -0.182926
v 0.28439 0.110665 -0.177237
v 0.295342 0.0962464 -0.187634
v 0.308598 0.108216 -0.208563
v 0.320469 0.0883132 -0.221151
v 0.316623 0.086562 -0.21548
v 0.31525 0.0942657 -0.215097
v 0.313876 0.10197 -0.214715
v 0.323182 0.107046 -0.240392
v 0.330185 0.108618 -0.24149
v 0.317162 0.0788478 -0.216443
v 0.28772 0.11946 -0.183105
v 0.283102 0.118579 -0.177495
v 0.278484 0.117698 -0.171885
v 0.281694 0.126318 -0.177635
v 0.306905 0.115938 -0.207967
v 0.305352 0.123471 -0.207396
v 0.319119 0.0959604 -0.220812
v 0.317849 0.103412 -0.220621
v 0.320614 0.112151 -0.226452
v 0.316579 0.110863 -0.22043
v 0.312543 0.109575 -0.214407
v 0.274508 0.109138 -0.166527
v 0.267298 0.107618 -0.16597
v 0.286272 0.127284 -0.183353
v 0.289851 0.142572 -0.196648
v 0.321731 0.104721 -0.226759
v 0.328853 0.114975 -0.241184
v 0.3189 0.081163 -0.223239
v 0.322662 0.0975312 -0.227043
v 0.279923 0.13936 -0.186696
v 0.296781 0.12171 -0.195152
v 0.292175 0.120698 -0.189189
v 0.309564 0.124363 -0.213498
v 0.319212 0.119459 -0.226182
v 0.315165 0.118177 -0.220092
v 0.313693 0.125465 -0.2196
v 0.27248 0.116063 -0.16837
v 0.327986 0.121415 -0.240157
v 0.322903 0.0904096 -0.227717
v 0.284608 0.134889 -0.183448
v 0.290724 0.128304 -0.189306
v 0.311096 0.116915 -0.21401
v 0.312173 0.132792 -0.219124
v 0.307953 0.131824 -0.213044
v 0.303702 0.130993 -0.207086
v 0.302021 0.138501 -0.206867
v 0.30119 0.12265 -0.201055
v 0.299549 0.13017 -0.200956
v 0.269741 0.122387 -0.171221
v 0.319899 0.0839043 -0.2303
v 0.321866 0.0923168 -0.234597
v 0.29514 0.129256 -0.195098
v 0.293524 0.136784 -0.19496
v 0.289033 0.13584 -0.189233
v 0.297805 0.137674 -0.20088
v 0.317274 0.126553 -0.225872
v 0.276538 0.124835 -0.173042
v 0.317038 0.126429 -0.232794
v 0.272393 0.130004 -0.176376
v 0.32064 0.126909 -0.236773
v 0.32063 0.120428 -0.239661
v 0.313265 0.132729 -0.226147
v 0.278559 0.132456 -0.179739
v 0.322011 0.113737 -0.240415
v 0.323756 0.0992326 -0.233862
v 0.323759 0.106461 -0.233549
v 0.320054 0.119986 -0.233054
v 0.274117 0.137281 -0.182676
v -0.333902 -0.0852601 -0.176597
v -0.334791 -0.0973961 -0.177767
v -0.331238 -0.0987827 -0.166133
v -0.330839 -0.086802 -0.16494
v -0.326084 -0.0763187 -0.152259
v -0.329778 -0.0746114 -0.163745
v -0.307309 -0.030699 -0.113704
v -0.310245 -0.0525183 -0.130925
v -0.317974 -0.0644417 -0.142077
v -0.324392 -0.0876897 -0.155639
v -0.322632 -0.0990591 -0.158861
v -0.329857 -0.122705 -0.168837
v -0.331581 -0.110816 -0.167304
v -0.334768 -0.109776 -0.178921
v -0.334122 -0.12214 -0.180177
v -0.314002 -0.0421687 -0.125847
v -0.296714 -0.029428 -0.106194
v -0.292813 -0.0196955 -0.0923805
v -0.283621 -0.0192207 -0.0840575
v -0.337446 -0.0838583 -0.188137
v -0.331696 -0.0732397 -0.175551
v -0.28793 -0.00994021 -0.0794843
v -0.292611 -0.00877744 -0.0905279
v -0.287401 0.00235601 -0.0909348
v -0.281423 0.0128031 -0.0916064
v -0.283848 0.0125021 -0.103561
v -0.284716 0.0125261 -0.11522
v -0.27955 0.0210249 -0.139954
v -0.285885 0.0238214 -0.149991
v -0.281794 0.0352475 -0.149344
v -0.269922 0.0429342 -0.139532
v -0.248843 0.0729234 -0.128494
v -0.244424 0.0842067 -0.127612
v -0.328706 -0.0614906 -0.174522
v -0.328488 -0.0624107 -0.162542
v -0.237952 0.080763 -0.117925
v -0.235711 0.0659447 -0.109157
v -0.241559 0.0692149 -0.119398
v -0.245947 0.0578992 -0.120266
v -0.250507 0.0466476 -0.120992
v -0.255418 0.0358109 -0.121137
v -0.248938 0.0318826 -0.111672
v -0.237162 0.0389534 -0.102155
v -0.243616 0.0428936 -0.111625
v -0.23071 0.0350146 -0.0926823
v -0.232798 0.0505085 -0.101052
v -0.236976 0.0241848 -0.0924335
v -0.242746 0.0280613 -0.102019
v -0.267293 0.028634 -0.130646
v -0.261124 0.0253647 -0.120604
v -0.236964 0.0140048 -0.0675038
v -0.247858 0.0144757 -0.0610145
v -0.25354 0.0175895 -0.07148
v -0.258743 0.0193176 -0.0822252
v -0.252543 0.0229334 -0.0981876
v -0.257283 0.0246597 -0.109072
v -0.267567 0.020502 -0.105599
v -0.263627 0.0202985 -0.0937844
v -0.269809 0.0160807 -0.0786023
v -0.264945 0.0151787 -0.0666235
v -0.259264 0.0129893 -0.0554215
v -0.266341 0.00266615 -0.0557563
v -0.271881 0.00547633 -0.0664119
v -0.272954 -0.00784661 -0.0559319
v -0.254875 -0.00593268 -0.0360629
v -0.248966 -0.0117915 -0.0269275
v -0.242851 -0.0179814 -0.0177707
v -0.238175 -0.0394489 -0.0017
v -0.230432 -0.0310665 -0.00107229
v -0.236524 -0.0242869 -0.00934182
v -0.240524 -0.00290495 -0.0263906
v -0.236695 0.00401056 -0.0419517
v -0.22645 0.00309688 -0.0489525
v -0.221406 0.0123341 -0.0627504
v -0.215834 0.0065898 -0.0541857
v -0.214216 -0.00857223 -0.0322182
v -0.220417 -0.00250791 -0.0405392
v -0.218329 -0.0182763 -0.0189964
v -0.221656 -0.0261959 -0.00431457
v -0.234009 -0.0103367 -0.0185577
v -0.227824 -0.0184172 -0.0114684
v -0.242245 0.00988218 -0.051041
v -0.252957 0.00910938 -0.0449465
v -0.224504 -0.0105627 -0.0262229
v -0.230547 -0.00304972 -0.0335649
v -0.231931 -0.0459294 0.00649987
v -0.224145 -0.0375691 0.00691546
v -0.21772 -0.0432766 0.0150875
v -0.225926 -0.051997 0.0161063
v -0.246814 0.00333477 -0.035478
v -0.325071 -0.0640139 -0.150985
v -0.319934 -0.0532563 -0.138272
v -0.311865 -0.0299613 -0.12483
v -0.291943 0.00378549 -0.102023
v -0.2782 -0.00498311 -0.0663866
v -0.283061 -0.00270978 -0.0772886
v -0.277394 0.00772289 -0.0775009
v -0.294825 0.00423656 -0.113519
v -0.260569 -0.00102243 -0.0456611
v -0.271188 0.0202993 -0.117356
v -0.274533 0.0197184 -0.129126
v -0.277809 0.0154058 -0.102655
v -0.281035 0.0143736 -0.114585
v -0.284291 0.0132614 -0.126578
v -0.274329 0.0162678 -0.0907018
v -0.231831 0.00862796 -0.0580926
v -0.231262 0.0200466 -0.0829676
v -0.226249 0.0160063 -0.0729319
v -0.242326 0.018005 -0.0774512
v -0.247628 0.0212726 -0.0875849
v -0.257817 0.0504615 -0.130043
v -0.239294 0.0542382 -0.110737
v -0.253264 0.0616405 -0.129375
v -0.291203 0.0128717 -0.149702
v -0.274424 0.0318986 -0.140096
v -0.26258 0.0395924 -0.130305
v -0.292154 0.0266617 -0.160039
v -0.296672 0.0155145 -0.160226
v -0.301276 0.0177582 -0.17117
v -0.3111 -0.00427651 -0.171288
v -0.306134 0.0067273 -0.171205
v -0.315567 -0.0154329 -0.1716
v -0.310988 -0.0174799 -0.160357
v -0.306604 -0.00642789 -0.160156
v -0.296147 0.0024032 -0.137381
v -0.295632 0.0034208 -0.125382
v -0.297071 -0.00757796 -0.101643
v -0.300868 -0.00659604 -0.11294
v -0.308634 -0.0177181 -0.124377
v -0.3041 -0.00684122 -0.136554
v -0.303269 -0.00794798 -0.148798
v -0.310324 -0.0176373 -0.148237
v -0.311288 -0.0167798 -0.136132
v -0.315245 -0.0285966 -0.160717
v -0.322897 -0.0382753 -0.172755
v -0.319607 -0.0266903 -0.172014
v -0.323592 -0.0248375 -0.183492
v -0.311988 0.0100656 -0.194425
v -0.316883 -0.00100005 -0.194711
v -0.321159 -0.0123114 -0.195064
v -0.325746 -0.023496 -0.195377
v -0.330433 -0.0346416 -0.195687
v -0.327516 -0.0362492 -0.183953
v -0.330672 -0.0479714 -0.184747
v -0.333605 -0.0597806 -0.185624
v -0.335521 -0.0718661 -0.186935
v -0.319343 -0.0135404 -0.183114
v -0.314621 -0.0024085 -0.182815
v -0.326038 -0.0498205 -0.173532
v -0.32544 -0.0506127 -0.161635
v -0.320734 -0.0392521 -0.16103
v -0.315172 -0.0285925 -0.136531
v -0.317887 -0.0409053 -0.13726
v -0.323185 -0.051776 -0.149952
v -0.321119 -0.0394743 -0.148987
v -0.316563 -0.0280463 -0.148415
v -0.304908 -0.0186514 -0.113001
v -0.30131 -0.0194891 -0.101542
v -0.304194 -0.00582521 -0.124382
v -0.296565 0.00203186 -0.149407
v -0.309827 0.00867493 -0.182583
v -0.301339 0.00437487 -0.16031
v -0.24694 0.131619 -0.109062
v -0.247244 0.118076 -0.103254
v -0.244528 0.127795 -0.0997713
v -0.244117 0.141409 -0.105234
v -0.240703 0.15097 -0.101384
v -0.242592 0.154929 -0.110681
v -0.238607 0.16454 -0.106802
v -0.245524 0.142524 -0.029425
v -0.236338 0.160126 -0.0978742
v -0.23214 0.154705 -0.0904824
v -0.237757 0.161804 -0.0849964
v -0.24337 0.168907 -0.0795056
v -0.249471 0.169407 -0.0648399
v -0.248758 0.176097 -0.0739515
v -0.24416 0.162636 -0.0706276
v -0.234164 0.142845 -0.0731251
v -0.239351 0.149562 -0.0673855
v -0.24428 0.149597 -0.0526685
v -0.242218 0.143104 -0.0439852
v -0.246548 0.149666 -0.0377951
v -0.232545 0.130827 -0.0564335
v -0.237482 0.136882 -0.0502027
v -0.227785 0.124369 -0.0624884
v -0.22958 0.130026 -0.0704702
v -0.229714 0.116177 -0.0663021
v -0.225726 0.110943 -0.0588558
v -0.220713 0.105956 -0.0516781
v -0.215262 0.101452 -0.0445104
v -0.203169 0.0931334 -0.0303315
v -0.209449 0.0971666 -0.0373078
v -0.21278 0.088236 -0.0400929
v -0.2158 0.0792607 -0.0431594
v -0.211287 0.0751645 -0.0353043
v -0.207625 0.0841199 -0.0325406
v -0.200702 0.0896882 -0.0209635
v -0.198017 0.0864532 -0.011404
v -0.195193 0.0832315 -0.00192628
v -0.18882 0.0919466 -0.000938595
v -0.191635 0.0947795 -0.0106386
v -0.248946 0.108238 -0.106796
v -0.247281 0.121446 -0.112532
v -0.244114 0.111484 -0.114395
v -0.241401 0.124272 -0.119975
v -0.238534 0.114497 -0.121886
v -0.243838 0.134507 -0.11754
v -0.245668 0.14506 -0.114722
v -0.185085 0.0891438 0.00820748
v -0.177827 0.0966496 0.00697627
v -0.181243 0.0994833 -0.00223681
v -0.244283 0.114234 -0.0947348
v -0.241532 0.137474 -0.0960934
v -0.230135 0.0504353 -0.0612307
v -0.230146 0.0273358 -0.0607573
v -0.225364 0.0226726 -0.0529495
v -0.202923 0.077322 -0.0136089
v -0.209443 0.0713813 -0.0259095
v -0.211842 0.0618717 -0.0296114
v -0.213937 0.0659767 -0.0388
v -0.21504 0.0569648 -0.0428963
v -0.213386 0.05236 -0.0336786
v -0.215112 0.0480274 -0.0475064
v -0.21848 0.0530013 -0.0555494
v -0.223194 0.0663495 -0.0586346
v -0.226878 0.0799221 -0.0620932
v -0.22931 0.0937029 -0.0660376
v -0.228975 0.0995214 -0.0750048
v -0.231047 0.107599 -0.070178
v -0.231984 0.121498 -0.0743728
v -0.230159 0.113352 -0.0790142
v -0.230483 0.127151 -0.0832638
v -0.23123 0.135437 -0.0783564
v -0.211489 0.0345274 -0.044155
v -0.20895 0.0296668 -0.0356645
v -0.21067 0.0383101 -0.0301412
v -0.21072 0.0476295 -0.0250017
v -0.208952 0.0575366 -0.0207678
v -0.213107 0.0432312 -0.0387704
v -0.206918 0.067385 -0.0168027
v -0.205659 0.0806379 -0.0230963
v -0.194406 0.0976616 -0.0203251
v -0.220335 0.0611597 -0.050444
v -0.218499 0.0701798 -0.0465846
v -0.224541 0.0746358 -0.0537012
v -0.226911 0.088373 -0.0578173
v -0.229141 0.102203 -0.0618369
v -0.221835 0.0836886 -0.050206
v -0.21875 0.0926531 -0.0471479
v -0.224285 0.0973636 -0.0543097
v -0.230253 0.124504 -0.0482162
v -0.231642 0.124649 -0.0340076
v -0.235379 0.130491 -0.041956
v -0.236883 0.130467 -0.0275739
v -0.221688 0.113127 -0.046972
v -0.226684 0.118896 -0.0404513
v -0.215608 0.108965 -0.0400401
v -0.220915 0.11439 -0.0332408
v -0.214362 0.11045 -0.0264202
v -0.219872 0.115599 -0.0196019
v -0.225382 0.120748 -0.0127837
v -0.230893 0.125897 -0.00596546
v -0.226491 0.119486 -0.0264783
v -0.199761 0.102279 -0.0277346
v -0.208618 0.10516 -0.0334467
v -0.205624 0.107641 -0.0206016
v -0.231885 0.124926 -0.0198714
v -0.23724 0.130428 -0.0132797
v -0.225284 0.118515 -0.0545135
v -0.24049 0.136479 -0.03568
v -0.242175 0.136199 -0.0210451
v -0.233864 0.136689 -0.0644254
v -0.23908 0.143144 -0.0585495
v -0.233515 0.148646 -0.0818159
v -0.238826 0.155703 -0.076228
v -0.244457 0.15607 -0.0615607
v -0.249712 0.162744 -0.0557842
v -0.216373 0.0132896 -0.0368088
v -0.245979 0.163882 -0.0407823
v -0.249003 0.15612 -0.046791
v -0.244136 0.157299 -0.0325079
v -0.24114 0.165241 -0.0267518
v -0.237786 0.173157 -0.0211551
v -0.243124 0.17179 -0.0348558
v -0.240865 0.179714 -0.0285276
v -0.233932 0.166537 -0.0140067
v -0.234586 0.152091 -0.0116574
v -0.239033 0.143953 -0.0162576
v -0.241602 0.150606 -0.0244911
v -0.22997 0.159904 -0.00703352
v -0.237814 0.158655 -0.0192636
v -0.236719 0.167816 -0.0936902
v -0.241652 0.175041 -0.0883237
v -0.234135 0.173782 -0.10285
v -0.237264 0.146618 -0.0928647
v -0.236966 0.132804 -0.0885193
v -0.236232 0.119136 -0.0840777
v -0.230932 0.14103 -0.0871885
v -0.235415 0.105304 -0.0801238
v -0.22693 0.0857637 -0.0709416
v -0.232888 0.0779222 -0.0709575
v -0.234144 0.0915533 -0.0757615
v -0.225519 0.0720513 -0.0663709
v -0.224463 0.0585802 -0.0612938
v -0.22348 0.0450614 -0.0556126
v -0.216542 0.0396865 -0.0505923
v -0.223049 0.0318045 -0.0491687
v -0.227889 0.0365076 -0.0569601
v -0.232867 0.0412101 -0.0645583
v -0.236611 0.0455588 -0.0727048
v -0.240356 0.0499074 -0.0808513
v -0.233414 0.0321097 -0.069056
v -0.226683 0.0261747 -0.0743523
v -0.227455 0.0314477 -0.0820329
v -0.234436 0.0373998 -0.0772127
v -0.23487 0.0428649 -0.085252
v -0.240415 0.0553394 -0.0892304
v -0.234104 0.0485135 -0.093368
v -0.23862 0.0604267 -0.0970913
v -0.236231 0.0653924 -0.104995
v -0.241937 0.073311 -0.101481
v -0.247195 0.0813889 -0.0979605
v -0.245875 0.0909909 -0.0938773
v -0.243748 0.100689 -0.0900681
v -0.246696 0.104528 -0.0984683
v -0.244416 0.0773905 -0.0892746
v -0.242426 0.0870509 -0.085491
v -0.238647 0.0829623 -0.0774429
v -0.240041 0.0966461 -0.0819487
v -0.231443 0.0642318 -0.0663465
v -0.238944 0.0594198 -0.0768023
v -0.236803 0.069044 -0.073133
v -0.234826 0.0550136 -0.0688542
v -0.240921 0.110299 -0.0863974
v -0.24152 0.123911 -0.0910888
v -0.240978 0.0733417 -0.0810097
v -0.242791 0.0636718 -0.0848319
v -0.248322 0.0948263 -0.102247
v -0.243896 0.0863071 -0.106534
v -0.238379 0.0782213 -0.110073
v -0.244445 0.0681857 -0.0934675
v -0.224639 0.0210915 -0.0662563
v -0.218385 0.0106546 -0.0503828
v -0.22149 0.0158667 -0.0582266
v -0.214429 0.0056576 -0.0422891
v -0.220977 0.018001 -0.0448432
v -0.237426 -0.118556 -0.0808385
v -0.228685 -0.130046 -0.0818236
v -0.219709 -0.142517 -0.0821596
v -0.194237 -0.158341 -0.0715519
v -0.135801 -0.16822 -0.0552628
v -0.149618 -0.164932 -0.0535383
v -0.134561 -0.165492 -0.042654
v -0.148125 -0.163114 -0.0409764
v -0.161673 -0.160724 -0.0392572
v -0.159735 -0.161544 -0.0264389
v -0.157523 -0.163284 -0.0136159
v -0.152918 -0.166422 0.0120632
v -0.149653 -0.167171 0.0250945
v -0.159608 -0.16113 0.0279806
v -0.170767 -0.152678 0.0179519
v -0.178108 -0.155744 0.00494669
v -0.182623 -0.156236 -0.00893276
v -0.164422 -0.162374 0.0147714
v -0.185186 -0.154923 -0.0221802
v -0.199159 -0.147862 -0.0326913
v -0.203903 -0.145574 -0.0594707
v -0.192104 -0.153319 -0.0607812
v -0.178929 -0.160364 -0.0618976
v -0.205938 -0.148328 -0.0712501
v -0.216406 -0.137482 -0.0707887
v -0.163317 -0.161294 -0.0518236
v -0.176878 -0.15743 -0.0500946
v -0.174826 -0.157793 -0.0373951
v -0.170578 -0.160801 -0.0116712
v -0.187591 -0.153406 -0.0354128
v -0.225384 -0.126684 -0.0691821
v -0.214448 -0.136895 -0.0577859
v -0.223503 -0.128223 -0.0553383
v -0.232227 -0.119363 -0.0525064
v -0.221495 -0.131275 -0.040834
v -0.211934 -0.138985 -0.0436495
v -0.209258 -0.140761 -0.0294471
v -0.196342 -0.149142 -0.0190261
v -0.201609 -0.146384 -0.0461433
v -0.18984 -0.15251 -0.0483961
v -0.191021 -0.148422 -0.00500764
v -0.155001 -0.160074 0.0410577
v -0.12686 -0.176822 0.0739852
v -0.138234 -0.171428 0.077153
v -0.129701 -0.17536 0.0612276
v -0.121172 -0.179432 0.0462243
v -0.123697 -0.17711 0.033943
v -0.127873 -0.172252 0.00857912
v -0.140327 -0.16918 0.0101824
v -0.137806 -0.170794 0.0230776
v -0.13507 -0.172159 0.0360073
v -0.142418 -0.167298 -0.00262671
v -0.144525 -0.165487 -0.0154259
v -0.133189 -0.166069 -0.0297708
v -0.146572 -0.163771 -0.0282144
v -0.131278 -0.167846 -0.0169889
v -0.119834 -0.168447 -0.0313226
v -0.129542 -0.169887 -0.00418498
v -0.117018 -0.172984 -0.00579044
v -0.104453 -0.175979 -0.00742547
v -0.105489 -0.173148 -0.0199641
v -0.0931313 -0.172928 -0.0335617
v -0.106626 -0.170723 -0.0325173
v -0.107392 -0.169883 -0.0453147
v -0.0937904 -0.171499 -0.0461875
v -0.0665271 -0.174446 -0.0477607
v -0.080158 -0.172978 -0.04698
v -0.108148 -0.173462 -0.057377
v -0.121901 -0.171203 -0.0564939
v -0.0944507 -0.17544 -0.0582385
v -0.0807768 -0.177104 -0.0590292
v -0.0533485 -0.179584 -0.0604394
v -0.0670907 -0.178409 -0.059725
v -0.025942 -0.177389 -0.0489051
v -0.0394538 -0.176491 -0.0485894
v -0.0529657 -0.175593 -0.0482738
v 0.013907 -0.176962 -0.0487764
v 0.00064294 -0.177255 -0.0488513
v -0.0126212 -0.177548 -0.0489262
v 0.0139128 -0.17775 -0.0614494
v 0.0402678 -0.174569 -0.0614407
v 0.027097 -0.176198 -0.0614381
v 0.0534426 -0.173095 -0.0613641
v -0.246932 -0.109221 -0.0786822
v 0.000646867 -0.178853 -0.0614596
v -0.0128126 -0.179263 -0.0612786
v -0.026272 -0.179673 -0.0610976
v -0.0397315 -0.180083 -0.0609166
v 0.0533498 -0.174939 -0.0482708
v 0.0402498 -0.175727 -0.0484263
v 0.0400676 -0.178764 -0.0354958
v 0.0398602 -0.181519 -0.0224907
v 0.0267779 -0.182601 -0.0228809
v 0.0395667 -0.183935 -0.00945507
v 0.0393781 -0.188194 0.0164683
v 0.0519926 -0.190338 0.0431804
v 0.039367 -0.197007 0.0553473
v 0.0393799 -0.193502 0.0425539
v 0.0264773 -0.199623 0.0544963
v 0.0393779 -0.200323 0.0682022
v -0.242939 -0.10763 -0.0641754
v 0.0264918 -0.203493 0.067226
v 0.0261351 -0.207103 0.0798862
v 0.0132105 -0.209382 0.0789578
v -0.234435 -0.11681 -0.0672013
v 7.85758e-05 -0.209945 0.078604
v 0.000333281 -0.206679 0.065871
v -0.0127704 -0.207376 0.0655028
v 0.000438963 -0.20322 0.0531682
v 0.0134235 -0.20525 0.0664943
v 0.000521165 -0.199772 0.0404668
v 0.000536497 -0.196581 0.027696
v 0.013537 -0.20187 0.0537242
v 0.0135464 -0.198501 0.0409974
v 0.000553359 -0.193407 0.014916
v -0.0125021 -0.197241 0.0272633
v -0.012497 -0.194001 0.0145085
v -0.0124988 -0.190728 0.00176834
v -0.0125264 -0.187408 -0.0109235
v -0.012554 -0.184087 -0.0236152
v 0.0137297 -0.183544 -0.0232491
v 0.000576825 -0.183927 -0.0234255
v 0.000554426 -0.180498 -0.0361079
v -0.0255112 -0.197079 0.0269614
v -0.0255438 -0.193927 0.0142195
v -0.0255807 -0.190742 0.00148416
v -0.0385421 -0.193095 0.0139986
v -0.0384563 -0.196419 0.0266568
v -0.0513472 -0.195157 0.0264545
v -0.06395 -0.200731 0.0515642
v -0.0640766 -0.197177 0.0389136
v -0.07631 -0.198624 0.0520058
v -0.0883224 -0.195968 0.0537987
v -0.102717 -0.182374 0.0176558
v -0.100961 -0.18902 0.0434082
v -0.101854 -0.185698 0.0305591
v -0.0891461 -0.192495 0.0411209
v -0.0897626 -0.188819 0.0284552
v -0.0904165 -0.185263 0.0158423
v -0.10344 -0.178996 0.00508508
v -0.172859 -0.159171 -0.0245842
v -0.155291 -0.164945 -0.000816095
v -0.0767543 -0.195088 0.0395241
v -0.077206 -0.191248 0.0272246
v -0.0776105 -0.187949 0.0148083
v -0.0780334 -0.18456 0.00249274
v -0.0650096 -0.186653 0.00191924
v -0.0643492 -0.193642 0.0265154
v -0.064648 -0.190097 0.0142322
v -0.0654675 -0.183369 -0.0104431
v -0.0657923 -0.179994 -0.0228171
v -0.0662007 -0.176795 -0.0351713
v -0.039266 -0.179559 -0.036128
v -0.0527467 -0.178291 -0.0356915
v -0.0390454 -0.183012 -0.0236792
v -0.0256915 -0.187344 -0.0111144
v -0.0388743 -0.186389 -0.0111428
v -0.0518314 -0.188494 0.00145824
v -0.0521581 -0.185107 -0.0109085
v -0.0524848 -0.18172 -0.0232753
v -0.0784954 -0.181199 -0.00981544
v -0.0916801 -0.178806 -0.00887993
v -0.0641401 -0.204136 0.0639134
v -0.0761289 -0.201888 0.0646337
v -0.0645888 -0.206927 0.0761054
v -0.051749 -0.208583 0.0769846
v -0.0266354 -0.212974 0.0912971
v -0.0388155 -0.209679 0.0775849
v -0.0260601 -0.210604 0.078087
v -0.0135125 -0.212954 0.0914068
v -0.0258288 -0.207396 0.0652146
v -0.0257201 -0.203924 0.0524638
v -0.0386599 -0.206666 0.0647403
v -0.0385594 -0.203234 0.0520014
v -0.0384671 -0.199755 0.039306
v -0.0513994 -0.202249 0.0516497
v -0.0513188 -0.1987 0.0390181
v -0.0255916 -0.200476 0.0397004
v -0.051459 -0.205661 0.0642455
v -0.0515669 -0.191866 0.0139143
v -0.0387075 -0.189754 0.00142095
v 0.000573227 -0.190331 0.00210247
v 0.000593835 -0.187283 -0.0107203
v -0.0126604 -0.203929 0.0527792
v -0.0125407 -0.200452 0.0400404
v -0.0129889 -0.210533 0.0782786
v 0.0135341 -0.195092 0.0283067
v 0.0265213 -0.18815 0.00297693
v 0.0135619 -0.192248 0.0154398
v 0.0265141 -0.190485 0.015967
v 0.0266816 -0.185511 -0.0100007
v 0.0264544 -0.196019 0.0417784
v 0.0264843 -0.192822 0.0290217
v 0.0519565 -0.193252 0.0560531
v 0.0394154 -0.190466 0.0296564
v 0.0394483 -0.186291 0.00353048
v 0.0136263 -0.189484 0.00246087
v 0.0136926 -0.186558 -0.0104082
v 0.0269514 -0.179543 -0.0357797
v 0.0137711 -0.180144 -0.0359782
v 0.0271182 -0.176471 -0.0486245
v -0.0125958 -0.180736 -0.0362876
v -0.0257841 -0.183885 -0.0237178
v -0.0258766 -0.180424 -0.0363212
v -0.120976 -0.167988 -0.0442458
v -0.0796836 -0.174966 -0.0344437
v -0.0790646 -0.177944 -0.022114
v -0.0923057 -0.175684 -0.0212012
v -0.0910942 -0.182067 0.00344514
v -0.118333 -0.170458 -0.0184981
v -0.114335 -0.178818 0.0196882
v -0.115789 -0.175801 0.00682935
v -0.126008 -0.174776 0.0213673
v -0.132406 -0.173883 0.0486699
v -0.168001 -0.162097 0.00142099
v -0.140997 -0.170004 0.064307
v -0.143549 -0.168682 0.0512425
v -0.146446 -0.167809 0.0381444
v 0.211933 0.330172 -0.183921
v 0.209416 0.321853 -0.196162
v 0.209109 0.315704 -0.198916
v 0.208882 0.313306 -0.1929
v 0.209165 0.30731 -0.195213
v 0.209807 0.30525 -0.188771
v 0.209393 0.310997 -0.186589
v 0.2098 0.316679 -0.183999
v 0.209223 0.319126 -0.190292
v 0.210588 0.322094 -0.181335
v 0.211314 0.319586 -0.175375
v 0.213457 0.322207 -0.166952
v 0.215697 0.324719 -0.158472
v 0.21471 0.327265 -0.164152
v 0.212406 0.324809 -0.172717
v 0.215977 0.33208 -0.161181
v 0.213824 0.329894 -0.169852
v 0.217376 0.336856 -0.158013
v 0.215324 0.334695 -0.166592
v 0.216994 0.339544 -0.163185
v 0.215181 0.337597 -0.171895
v 0.213428 0.332674 -0.175257
v 0.218827 0.344437 -0.159769
v 0.217139 0.342442 -0.168395
v 0.219128 0.347277 -0.164873
v 0.217535 0.345436 -0.173514
v 0.215511 0.340546 -0.17703
v 0.213506 0.335648 -0.180568
v 0.214136 0.338559 -0.185891
v 0.215315 0.341448 -0.191151
v 0.213263 0.335986 -0.194812
v 0.221812 0.356011 -0.180016
v 0.219645 0.351164 -0.183728
v 0.217478 0.346316 -0.18744
v 0.216787 0.344222 -0.196361
v 0.226223 0.365714 -0.172495
v 0.228891 0.373629 -0.17379
v 0.227662 0.378808 -0.170978
v 0.225035 0.383999 -0.168896
v 0.228164 0.386904 -0.173458
v 0.230682 0.381634 -0.175541
v 0.233255 0.384251 -0.180299
v 0.233285 0.392275 -0.183153
v 0.235942 0.386854 -0.185047
v 0.235933 0.394826 -0.188063
v 0.238466 0.389279 -0.189769
v 0.242364 0.386027 -0.196836
v 0.236781 0.381265 -0.18774
v 0.239648 0.383631 -0.192239
v 0.238116 0.378661 -0.19587
v 0.241541 0.380803 -0.200093
v 0.236142 0.373717 -0.199718
v 0.239567 0.375859 -0.203941
v 0.234169 0.368772 -0.203566
v 0.237785 0.370816 -0.207798
v 0.232257 0.363798 -0.207455
v 0.236139 0.365685 -0.211614
v 0.234486 0.360501 -0.215469
v 0.233031 0.355197 -0.219352
v 0.231764 0.349774 -0.223225
v 0.237497 0.356833 -0.223015
v 0.242507 0.35868 -0.226316
v 0.236648 0.351538 -0.226611
v 0.248553 0.36574 -0.225486
v 0.254075 0.367866 -0.227841
v 0.247735 0.360591 -0.229159
v 0.253532 0.362808 -0.231137
v 0.259035 0.359873 -0.236158
v 0.253211 0.357683 -0.234342
v 0.247404 0.3555 -0.232549
v 0.247549 0.350302 -0.235718
v 0.241662 0.348288 -0.233348
v 0.23612 0.34096 -0.233802
v 0.242075 0.342926 -0.236407
v 0.231187 0.333015 -0.233592
v 0.236839 0.335288 -0.236528
v 0.242491 0.33756 -0.239464
v 0.232262 0.327038 -0.236003
v 0.237945 0.32931 -0.238946
v 0.243748 0.331734 -0.241533
v 0.245099 0.32599 -0.243413
v 0.239337 0.323499 -0.240843
v 0.241425 0.31757 -0.242149
v 0.247112 0.32021 -0.244567
v 0.252854 0.322743 -0.2464
v 0.250985 0.328414 -0.245122
v 0.256902 0.330834 -0.246705
v 0.249638 0.334058 -0.243604
v 0.255674 0.336375 -0.245012
v 0.248501 0.339654 -0.241516
v 0.259364 0.354634 -0.239127
v 0.25383 0.3472 -0.240481
v 0.259874 0.349367 -0.241919
v 0.264564 0.356926 -0.241741
v 0.2642 0.362128 -0.239187
v 0.259289 0.370095 -0.230488
v 0.255403 0.378194 -0.221627
v 0.254664 0.372883 -0.224514
v 0.250858 0.376106 -0.218288
v 0.247764 0.379481 -0.211438
v 0.246236 0.374286 -0.215203
v 0.244708 0.369091 -0.218968
v 0.251989 0.381385 -0.214996
v 0.248725 0.384888 -0.208095
v 0.251187 0.387265 -0.212745
v 0.253339 0.389676 -0.217681
v 0.254793 0.383714 -0.219465
v 0.259136 0.375495 -0.228128
v 0.261374 0.378267 -0.23314
v 0.262297 0.372845 -0.235058
v 0.258293 0.380931 -0.226157
v 0.260387 0.383744 -0.231177
v 0.255784 0.392267 -0.222452
v 0.257249 0.386564 -0.224191
v 0.247435 0.390794 -0.206058
v 0.249598 0.393174 -0.210952
v 0.25193 0.395575 -0.215777
v 0.243966 0.394188 -0.199026
v 0.246237 0.396593 -0.2039
v 0.248508 0.398998 -0.208774
v 0.26543 0.375581 -0.239599
v 0.263383 0.367444 -0.236957
v 0.266115 0.370251 -0.241882
v 0.266752 0.364915 -0.244186
v 0.268049 0.359504 -0.246167
v 0.269373 0.35409 -0.248135
v 0.270417 0.348706 -0.250303
v 0.271189 0.343353 -0.252664
v 0.271961 0.337999 -0.255025
v 0.268172 0.33542 -0.250665
v 0.266326 0.346186 -0.24626
v 0.267267 0.340799 -0.248442
v 0.261713 0.338589 -0.246372
v 0.269301 0.33011 -0.252794
v 0.270604 0.324833 -0.254823
v 0.269951 0.311732 -0.25414
v 0.268381 0.317035 -0.252336
v 0.264514 0.327694 -0.249593
v 0.26655 0.322358 -0.250797
v 0.261058 0.319889 -0.248607
v 0.255239 0.317278 -0.246922
v 0.249529 0.314585 -0.24512
v 0.244069 0.311754 -0.242825
v 0.238733 0.308961 -0.239887
v 0.233647 0.306138 -0.23676
v 0.237348 0.300291 -0.236809
v 0.242084 0.303303 -0.240019
v 0.250858 0.301025 -0.242106
v 0.255791 0.30395 -0.244699
v 0.252522 0.30922 -0.245168
v 0.259731 0.299032 -0.244023
v 0.264446 0.301692 -0.24701
v 0.268097 0.304028 -0.251427
v 0.263357 0.294002 -0.243871
v 0.262267 0.286312 -0.240733
v 0.258861 0.291459 -0.240594
v 0.258228 0.283813 -0.23692
v 0.254592 0.288791 -0.237117
v 0.254315 0.281298 -0.232973
v 0.245823 0.290413 -0.235058
v 0.24134 0.295044 -0.236339
v 0.237067 0.292299 -0.232563
v 0.228728 0.2947 -0.228982
v 0.233263 0.289565 -0.228333
v 0.229604 0.287037 -0.223698
v 0.225012 0.292164 -0.224378
v 0.226636 0.284851 -0.218543
v 0.222249 0.28991 -0.218914
v 0.218422 0.295706 -0.218509
v 0.218001 0.304095 -0.223158
v 0.215707 0.310579 -0.221526
v 0.213217 0.308044 -0.215789
v 0.215068 0.301625 -0.21771
v 0.213303 0.299404 -0.211539
v 0.218371 0.286014 -0.207041
v 0.219909 0.28778 -0.21321
v 0.224194 0.282782 -0.212923
v 0.222652 0.281245 -0.206882
v 0.221706 0.27987 -0.200613
v 0.225464 0.274648 -0.194212
v 0.225642 0.275452 -0.200535
v 0.229532 0.271152 -0.193635
v 0.230552 0.271882 -0.199483
v 0.236579 0.269164 -0.203831
v 0.24296 0.266239 -0.208365
v 0.24559 0.268022 -0.213478
v 0.248513 0.26998 -0.218487
v 0.251435 0.271937 -0.223497
v 0.254358 0.273895 -0.228506
v 0.241151 0.272329 -0.214511
v 0.236149 0.276048 -0.216183
v 0.24418 0.274325 -0.219414
v 0.247411 0.276608 -0.224063
v 0.250967 0.279097 -0.228377
v 0.242642 0.280747 -0.22555
v 0.237838 0.284863 -0.227107
v 0.246294 0.283283 -0.229784
v 0.234375 0.282399 -0.222623
v 0.239284 0.278321 -0.220986
v 0.231362 0.280208 -0.21754
v 0.228823 0.278372 -0.212152
v 0.231753 0.272743 -0.205267
v 0.233845 0.274349 -0.210799
v 0.238691 0.270527 -0.209255
v 0.22153 0.278963 -0.194338
v 0.218062 0.28309 -0.194468
v 0.215075 0.288231 -0.193595
v 0.214555 0.289776 -0.200043
v 0.212402 0.293746 -0.192468
v 0.210077 0.301307 -0.197164
v 0.211937 0.295451 -0.198867
v 0.212072 0.297624 -0.184592
v 0.215614 0.294431 -0.172551
v 0.213668 0.295954 -0.178505
v 0.213513 0.292138 -0.18624
v 0.217604 0.292844 -0.166601
v 0.215915 0.30244 -0.162545
v 0.218432 0.295696 -0.158921
v 0.216358 0.297546 -0.164807
v 0.214284 0.299397 -0.170693
v 0.215558 0.307431 -0.160293
v 0.213853 0.309693 -0.166225
v 0.21397 0.304434 -0.168447
v 0.212265 0.306696 -0.174378
v 0.212382 0.301438 -0.1766
v 0.216511 0.317405 -0.155292
v 0.217111 0.305293 -0.154639
v 0.21784 0.30051 -0.156759
v 0.216022 0.322256 -0.152713
v 0.216841 0.329539 -0.155512
v 0.216597 0.33434 -0.152615
v 0.215124 0.327039 -0.150132
v 0.216368 0.310126 -0.152169
v 0.213678 0.331814 -0.147837
v 0.215202 0.314871 -0.149773
v 0.213834 0.319631 -0.147483
v 0.215068 0.33916 -0.150224
v 0.217713 0.341752 -0.154799
v 0.216029 0.34665 -0.152183
v 0.219961 0.357233 -0.158286
v 0.218723 0.349377 -0.156723
v 0.217757 0.362158 -0.155752
v 0.216959 0.354421 -0.153932
v 0.220801 0.365078 -0.160132
v 0.221307 0.373036 -0.162306
v 0.224504 0.375925 -0.166603
v 0.223979 0.367974 -0.164445
v 0.222498 0.360028 -0.162895
v 0.219763 0.291027 -0.160765
v 0.219578 0.287812 -0.168026
v 0.219703 0.284248 -0.175201
v 0.221896 0.283093 -0.169381
v 0.222295 0.279665 -0.176515
v 0.224201 0.27669 -0.182346
v 0.214758 0.351597 -0.149156
v 0.220227 0.280829 -0.182106
v 0.222723 0.277868 -0.188028
v 0.218847 0.281807 -0.188195
v 0.215756 0.286954 -0.187317
v 0.217536 0.289215 -0.174082
v 0.215509 0.290662 -0.18019
v 0.217665 0.285666 -0.181274
v 0.217795 0.284429 -0.200678
v 0.227078 0.276835 -0.206394
v 0.215029 0.291467 -0.206475
v 0.212317 0.297303 -0.205252
v 0.211079 0.305585 -0.209938
v 0.20998 0.312054 -0.207689
v 0.209033 0.309518 -0.201617
v 0.211611 0.320994 -0.210738
v 0.209801 0.318357 -0.204993
v 0.210313 0.324577 -0.201861
v 0.211508 0.330407 -0.198407
v 0.213326 0.333083 -0.203771
v 0.215484 0.335796 -0.20909
v 0.217216 0.341316 -0.205235
v 0.21901 0.346786 -0.201344
v 0.227787 0.368564 -0.177383
v 0.225573 0.363697 -0.18118
v 0.223374 0.356694 -0.193722
v 0.221161 0.351828 -0.197519
v 0.223365 0.358829 -0.184977
v 0.221181 0.353955 -0.188776
v 0.218996 0.349081 -0.192575
v 0.230054 0.371221 -0.182143
v 0.227826 0.366382 -0.18601
v 0.225598 0.361542 -0.189877
v 0.23497 0.376385 -0.191482
v 0.230198 0.368994 -0.19071
v 0.227979 0.364152 -0.194573
v 0.225759 0.359309 -0.198437
v 0.228891 0.361614 -0.203049
v 0.22374 0.354383 -0.202293
v 0.22695 0.356578 -0.206956
v 0.221899 0.349158 -0.206268
v 0.225134 0.351306 -0.210948
v 0.223318 0.346034 -0.214939
v 0.221979 0.34048 -0.218804
v 0.22625 0.342431 -0.223031
v 0.221158 0.334508 -0.22258
v 0.225846 0.336679 -0.226623
v 0.230685 0.338929 -0.230601
v 0.218493 0.338226 -0.214031
v 0.217553 0.332282 -0.217863
v 0.214407 0.329807 -0.212746
v 0.213882 0.323608 -0.216225
v 0.217758 0.319701 -0.224335
v 0.223399 0.315812 -0.231141
v 0.219255 0.313169 -0.226573
v 0.2217 0.306692 -0.228067
v 0.226018 0.309455 -0.232265
v 0.224905 0.300442 -0.228917
v 0.230683 0.312144 -0.236158
v 0.226693 0.324701 -0.232942
v 0.228447 0.318406 -0.234763
v 0.221935 0.322206 -0.228888
v 0.221242 0.328522 -0.225929
v 0.217332 0.326103 -0.221263
v 0.233852 0.378912 -0.183248
v 0.220156 0.343724 -0.210157
v 0.211977 0.327256 -0.207424
v 0.21168 0.314568 -0.213639
v 0.214501 0.317143 -0.219107
v 0.216006 0.293327 -0.212867
v 0.221077 0.297883 -0.224139
v 0.241627 0.28747 -0.2314
v 0.250308 0.285985 -0.23373
v 0.254836 0.296208 -0.241379
v 0.245946 0.298084 -0.239469
v 0.250261 0.293426 -0.238294
v 0.229288 0.303329 -0.232896
v 0.232736 0.297395 -0.233338
v 0.247067 0.306249 -0.24277
v 0.258056 0.311921 -0.247099
v 0.261261 0.306785 -0.246858
v 0.263505 0.314599 -0.249154
v 0.265838 0.309374 -0.249993
v 0.265401 0.351609 -0.244076
v 0.254596 0.341857 -0.24292
v 0.260637 0.344026 -0.244361
v 0.262873 0.333096 -0.248223
v 0.258726 0.325206 -0.247925
v 0.235916 0.31486 -0.239346
v 0.233697 0.320951 -0.238151
v 0.226074 0.330789 -0.229937
v 0.253435 0.352442 -0.237442
v 0.247967 0.344972 -0.238609
v 0.259124 0.365006 -0.233323
v 0.249642 0.37096 -0.221748
v 0.243441 0.363938 -0.222479
v 0.241801 0.353408 -0.229953
v 0.230921 0.344418 -0.226943
v 0.236185 0.346306 -0.230316
v 0.227346 0.348062 -0.219241
v 0.243492 0.377729 -0.208005
v 0.241932 0.372553 -0.211748
v 0.240373 0.367377 -0.215492
v 0.238813 0.362202 -0.219235
v 0.230547 0.358593 -0.211386
v 0.22883 0.353363 -0.215339
v 0.23285 0.371494 -0.195326
v 0.230894 0.366539 -0.199152
v 0.245091 0.38284 -0.204221
v 0.232271 0.37388 -0.186896
v 0.245172 0.388428 -0.201282
v 0.238887 0.397357 -0.192773
v 0.243252 0.39995 -0.196467
v 0.241271 0.391745 -0.194392
v 0.231645 0.376245 -0.17847
v 0.23078 0.389685 -0.178278
v 0.226551 0.370841 -0.169074
v 0.22401 0.360863 -0.17626
v 0.214903 0.338808 -0.200074
v 0.222614 0.358049 -0.171243
v 0.220461 0.353206 -0.174924
v 0.218309 0.348363 -0.178604
v 0.216157 0.343519 -0.182285
v 0.2248 0.362881 -0.167589
v 0.22124 0.352136 -0.161305
v 0.222034 0.355053 -0.166276
v 0.219782 0.350245 -0.169904
v 0.214881 0.319718 -0.161081
v 0.215966 0.312477 -0.15779
v 0.214284 0.314787 -0.163637
v 0.212602 0.317096 -0.169485
v 0.212205 0.311963 -0.172086
v 0.210561 0.314234 -0.177942
v 0.211751 0.327388 -0.178538
v 0.210507 0.308923 -0.180347
v 0.211004 0.303293 -0.182608
v 0.21064 0.299446 -0.190736
v 0.20994 0.303292 -0.203735
v 0.210429 0.324632 -0.187195
v 0.2124 0.333118 -0.189501
v 0.210856 0.327426 -0.19293
v -0.0621748 -0.121851 0.228348
v -0.0591125 -0.120997 0.237808
v -0.0600335 -0.116518 0.232368
v -0.0625527 -0.136006 0.23487
v -0.0603883 -0.130713 0.23899
v -0.061273 -0.126297 0.233705
v -0.0554413 -0.130446 0.247469
v -0.0575907 -0.12562 0.242804
v -0.0534712 -0.135284 0.252186
v -0.0494685 -0.130622 0.255489
v -0.0570866 -0.149518 0.249176
v -0.0557836 -0.144437 0.253567
v -0.0580992 -0.152175 0.264263
v -0.0573181 -0.147921 0.259131
v -0.0567917 -0.153558 0.254337
v -0.0574069 -0.157631 0.259515
v -0.0579701 -0.162011 0.264449
v -0.0571798 -0.166236 0.269238
v -0.0543075 -0.165933 0.278348
v -0.0529814 -0.161688 0.283282
v -0.0470727 -0.162645 0.290718
v -0.0435894 -0.158417 0.294766
v -0.0396473 -0.154301 0.298588
v -0.0360333 -0.160077 0.30047
v -0.040106 -0.163764 0.296286
v -0.0490613 -0.166878 0.285701
v -0.0275625 -0.161865 0.304988
v -0.0223898 -0.154789 0.308205
v -0.0263797 -0.152114 0.306846
v -0.0345988 -0.150317 0.301284
v -0.0314225 -0.156081 0.303995
v -0.0425475 -0.148591 0.295185
v -0.0495108 -0.1471 0.287776
v -0.0554417 -0.156183 0.279137
v -0.0528214 -0.151565 0.283674
v -0.054942 -0.146085 0.279067
v -0.052417 -0.136097 0.277753
v -0.0554442 -0.141109 0.273583
v -0.0544603 -0.136822 0.267587
v -0.0548508 -0.139064 0.257624
v -0.052467 -0.133703 0.261665
v -0.0512737 -0.131894 0.271233
v -0.0569804 -0.151191 0.274305
v -0.051369 -0.141497 0.283075
v -0.0470233 -0.152784 0.291923
v -0.0504372 -0.157194 0.287808
v -0.0568494 -0.161074 0.27426
v -0.0552017 -0.171564 0.265109
v -0.0584959 -0.156478 0.269356
v -0.056037 -0.167373 0.260198
v -0.0559271 -0.163081 0.254948
v -0.0534214 -0.168087 0.25068
v -0.0545167 -0.163837 0.245298
v -0.0583423 -0.160111 0.240658
v -0.0613271 -0.150525 0.240395
v -0.0587017 -0.145277 0.244362
v -0.0558436 -0.140252 0.248142
v -0.0530219 -0.172291 0.256077
v -0.0560857 -0.158779 0.249671
v -0.0570202 -0.154667 0.244571
v -0.0575785 -0.146542 0.269213
v -0.0568052 -0.142248 0.263837
v -0.0460953 -0.12144 0.253295
v -0.00410394 -0.157634 0.310681
v -0.0583948 -0.135483 0.243736
v -0.0613294 -0.140529 0.239991
v -0.0536541 -0.120794 0.245997
v -0.0512681 -0.125681 0.250564
v -0.0273116 -0.116871 0.263502
v -0.0416982 -0.112353 0.251514
v -0.0369647 -0.103579 0.249486
v -0.0403636 -0.117957 0.255457
v -0.0344609 -0.114635 0.257443
v -0.0355988 -0.109225 0.25341
v -0.0281671 -0.112035 0.258892
v -0.0294401 -0.106376 0.255045
v -0.0227196 -0.104251 0.255967
v -0.0237655 -0.0988341 0.251719
v -0.0214785 -0.110238 0.259483
v -0.0206697 -0.115292 0.264504
v -0.0279799 -0.118518 0.269985
v -0.0211922 -0.117297 0.271056
v -0.0224097 -0.117645 0.27798
v -0.0306217 -0.100794 0.251082
v -0.0160574 -0.117982 0.285473
v -0.00868482 -0.11763 0.285655
v -0.0013279 -0.118494 0.285354
v 0.00604581 -0.120077 0.284782
v -0.025714 -0.0487708 0.211866
v -0.00152492 -0.121367 0.291583
v 0.0212973 -0.126922 0.283435
v 0.0273404 -0.132788 0.282038
v 0.0196774 -0.130872 0.288964
v 0.0176679 -0.135237 0.293714
v 0.00900441 -0.134394 0.299045
v 0.0114456 -0.129995 0.294877
v 0.00461283 -0.126863 0.296237
v -0.00209398 -0.125038 0.297239
v -0.00212449 -0.130232 0.301611
v -0.00891295 -0.129254 0.302448
v -0.0161558 -0.125083 0.297219
v -0.0089215 -0.124301 0.297535
v -0.00893378 -0.120116 0.29212
v -0.0163031 -0.120645 0.29193
v -0.0299972 -0.120788 0.283861
v -0.0366141 -0.122942 0.282628
v -0.0366837 -0.126589 0.288711
v -0.0425127 -0.12971 0.286592
v -0.0415044 -0.13481 0.291205
v -0.034453 -0.137375 0.297506
v -0.0271543 -0.140104 0.303421
v -0.0288869 -0.134137 0.300069
v -0.02261 -0.131301 0.301766
v -0.0298484 -0.128555 0.29563
v -0.0232662 -0.126093 0.296879
v -0.0143227 -0.135032 0.305847
v -0.0124376 -0.140783 0.308854
v -0.018967 -0.143249 0.308061
v -0.0166879 -0.149623 0.310079
v -0.0102353 -0.147266 0.310342
v -0.00747917 -0.153009 0.310979
v -0.0134862 -0.156951 0.31107
v -0.00635174 -0.162065 0.308827
v 0.00336239 -0.161974 0.306493
v 0.0104907 -0.165652 0.300875
v 0.0246647 -0.165962 0.290359
v 0.0298233 -0.16233 0.285111
v 0.0320888 -0.150641 0.282631
v 0.0343195 -0.146242 0.277063
v 0.0314886 -0.13942 0.279823
v 0.0292393 -0.155278 0.287951
v 0.0228526 -0.152464 0.294504
v 0.0242801 -0.159371 0.292651
v 0.0174256 -0.156424 0.298906
v 0.0107997 -0.15943 0.303104
v 0.00267948 -0.155382 0.307403
v 0.0094629 -0.15313 0.304125
v -0.000207212 -0.143091 0.307247
v 0.00337783 -0.145946 0.306306
v 0.000350782 -0.150458 0.308648
v 0.00696288 -0.148801 0.305364
v -0.00358942 -0.146413 0.309272
v -0.0064784 -0.141677 0.308159
v -0.0085169 -0.136079 0.30587
v 0.00729953 -0.140117 0.302816
v 0.0110675 -0.143716 0.301795
v 0.019129 -0.14551 0.2964
v 0.0227119 -0.141236 0.292341
v 0.0264458 -0.148178 0.290264
v 0.0153087 -0.149836 0.30029
v 0.0181779 -0.162918 0.297099
v -0.0209409 -0.137197 0.305169
v -0.0317918 -0.143816 0.29965
v -0.0218143 -0.152992 0.307675
v -0.0244871 -0.146547 0.305553
v -0.0359999 -0.1315 0.29377
v -0.0301858 -0.124005 0.290111
v -0.0234683 -0.121792 0.291316
v -0.0425527 -0.125822 0.2808
v -0.0159226 -0.129419 0.302427
v -0.0314958 -0.0517375 0.210345
v 0.00407225 -0.132174 0.300145
v 0.0033198 -0.137974 0.303756
v 0.0149175 -0.139383 0.297944
v 0.0255239 -0.1368 0.287549
v 0.0291858 -0.143671 0.285226
v 0.0131795 -0.125917 0.290137
v 0.0057879 -0.122948 0.291001
v -0.0231582 -0.118886 0.284915
v -0.0290831 -0.119273 0.276943
v -0.0421102 -0.123638 0.274084
v -0.0357342 -0.121137 0.275558
v -0.0345287 -0.120436 0.268718
v -0.0407548 -0.123217 0.267219
v -0.0463755 -0.126905 0.265562
v -0.0477497 -0.127493 0.272511
v -0.0303655 -0.0566183 0.215365
v -0.0452021 -0.125971 0.258556
v -0.039732 -0.122181 0.260604
v -0.0335771 -0.119436 0.262124
v -0.0179459 -0.0916556 0.248209
v -0.0188129 -0.0862045 0.243811
v -0.0196666 -0.0806696 0.239524
v -0.0205204 -0.0751347 0.235237
v -0.0213567 -0.0696704 0.230897
v -0.0222296 -0.0642494 0.226496
v -0.0231626 -0.0593086 0.221424
v -0.0244045 -0.0537933 0.216791
v -0.0287837 -0.0618792 0.219703
v -0.027733 -0.0672545 0.22393
v -0.0242124 -0.0889876 0.241325
v -0.0250711 -0.0835581 0.236955
v -0.0259299 -0.0781286 0.232584
v -0.0267886 -0.0726991 0.228213
v -0.0236833 -0.0943605 0.245949
v -0.0406338 -0.0419295 0.193064
v -0.0386421 -0.0464734 0.197807
v -0.036304 -0.0373331 0.196062
v -0.0371067 -0.0512792 0.202557
v -0.0332457 -0.0465759 0.206183
v -0.0346864 -0.0417594 0.201158
v 0.101661 -0.173746 0.0770394
v 0.0930695 -0.17587 0.0541547
v 0.0939182 -0.175195 0.0429375
v 0.0836585 -0.178318 0.0422125
v 0.0636678 -0.183979 0.0296592
v 0.0533624 -0.185188 0.0179415
v 0.0634045 -0.185846 0.0408626
v 0.0540324 -0.183808 0.00667244
v 0.0548308 -0.182257 -0.00455028
v 0.0557237 -0.180895 -0.0157517
v 0.0659564 -0.180704 -0.00391293
v 0.0649416 -0.18149 0.00722618
v 0.0783201 -0.178364 -0.0143117
v 0.0771424 -0.178828 -0.00320507
v 0.0759443 -0.179285 0.00789597
v 0.0867903 -0.176963 0.0085058
v 0.115486 -0.169926 0.0332183
v 0.127221 -0.167774 0.0234975
v 0.12455 -0.165868 0.0346779
v 0.123982 -0.164661 0.0454971
v 0.114605 -0.169069 0.124452
v 0.109189 -0.171557 0.100417
v 0.119539 -0.166474 0.102275
v 0.120584 -0.166 0.0909425
v 0.121422 -0.165559 0.0795385
v 0.12226 -0.165118 0.0681346
v 0.123098 -0.164677 0.0567306
v 0.114514 -0.169708 0.044481
v 0.113757 -0.170012 0.0557684
v 0.113077 -0.170507 0.0670175
v 0.110916 -0.170921 0.0893957
v 0.112273 -0.17091 0.0781655
v 0.10725 -0.171542 0.111096
v 0.10248 -0.173098 0.0660294
v 0.105367 -0.174496 0.121625
v 0.103302 -0.172672 0.054973
v 0.117356 -0.167848 0.113304
v 0.142734 -0.165874 0.00484928
v 0.138402 -0.163637 0.0160303
v 0.157929 -0.162247 -0.0127012
v 0.146394 -0.167482 -0.00654687
v 0.132986 -0.17054 0.00171255
v 0.135902 -0.171358 -0.00906883
v 0.138863 -0.171395 -0.0201508
v 0.115545 -0.173961 -0.0336085
v 0.0931847 -0.173065 -0.0462118
v 0.0921798 -0.175308 -0.0354074
v 0.0807014 -0.175809 -0.036236
v 0.0818729 -0.173545 -0.0470543
v 0.06803 -0.178454 -0.0262419
v 0.102821 -0.175802 -0.0235321
v 0.0911414 -0.176636 -0.0244544
v 0.0794622 -0.177471 -0.0253767
v 0.114549 -0.174863 -0.0225868
v 0.101426 -0.176082 -0.0125284
v 0.0897661 -0.177057 -0.0134796
v 0.11302 -0.174988 -0.0115619
v 0.124556 -0.173804 -0.0105894
v 0.109083 -0.173821 0.010243
v 0.111066 -0.174415 -0.00065435
v 0.0995586 -0.175619 -0.00161663
v 0.122427 -0.173026 0.000455184
v 0.119811 -0.171904 0.0113717
v 0.0692249 -0.176297 -0.0370514
v 0.0704056 -0.173966 -0.0478045
v 0.0566185 -0.179236 -0.027033
v 0.0578123 -0.176979 -0.0377906
v 0.105358 -0.169878 -0.0561082
v 0.0940539 -0.17047 -0.0569336
v 0.0827505 -0.171067 -0.0577627
v 0.117558 -0.167052 -0.0659428
v 0.10615 -0.168154 -0.0669559
v 0.0947413 -0.16926 -0.0678437
v 0.0834058 -0.170919 -0.0684422
v 0.118752 -0.167624 -0.0767526
v 0.107499 -0.170301 -0.0775247
v 0.0958423 -0.173633 -0.0776804
v 0.120914 -0.173834 -0.08548
v 0.13249 -0.16988 -0.0856352
v 0.159388 -0.16433 -0.0914912
v 0.170761 -0.157308 -0.0900696
v 0.185453 -0.153334 -0.096398
v 0.198234 -0.148359 -0.102328
v 0.219374 -0.132301 -0.107101
v 0.226683 -0.122519 -0.105349
v 0.0739594 -0.180508 0.0302995
v 0.243453 -0.107257 -0.100261
v 0.234655 -0.114043 -0.103242
v 0.237516 -0.101736 -0.089947
v 0.229359 -0.108997 -0.093095
v 0.221723 -0.117789 -0.095864
v 0.214513 -0.127399 -0.0984258
v 0.210162 -0.125454 -0.0880622
v 0.203075 -0.134749 -0.0907853
v 0.19473 -0.143687 -0.0940291
v 0.178 -0.151288 -0.0778474
v 0.175227 -0.152997 -0.0675259
v 0.181834 -0.149937 -0.0529798
v 0.184686 -0.147604 -0.0636239
v 0.187697 -0.14512 -0.0742261
v 0.191076 -0.143429 -0.0843784
v 0.199174 -0.135384 -0.0805774
v 0.203371 -0.131594 -0.0651377
v 0.200237 -0.134877 -0.0541592
v 0.193174 -0.141482 -0.059059
v 0.196196 -0.138386 -0.0699643
v 0.217221 -0.116523 -0.0847213
v 0.21046 -0.124065 -0.0609517
v 0.213873 -0.119393 -0.072881
v 0.206759 -0.127304 -0.0767552
v 0.224522 -0.108378 -0.0812027
v 0.232095 -0.100609 -0.0776827
v 0.220883 -0.111683 -0.0690174
v 0.195532 -0.137832 -0.0422526
v 0.168448 -0.155864 -0.0183869
v 0.153338 -0.159937 -0.00116997
v 0.173686 -0.154807 -0.0300349
v 0.178298 -0.152499 -0.0418043
v 0.189603 -0.144545 -0.0476645
v 0.166445 -0.159703 -0.0356693
v 0.169725 -0.157519 -0.0464996
v 0.153686 -0.166237 -0.0288969
v 0.149979 -0.167615 -0.0181575
v 0.156914 -0.164195 -0.0392319
v 0.162002 -0.159416 -0.0598066
v 0.164505 -0.157419 -0.0702485
v 0.15584 -0.161107 -0.0828434
v 0.143815 -0.165465 -0.0850369
v 0.141848 -0.163106 -0.0741908
v 0.130161 -0.165352 -0.0757364
v 0.139927 -0.164769 -0.0635942
v 0.128892 -0.165989 -0.0649106
v 0.148699 -0.165257 -0.0518153
v 0.151082 -0.162785 -0.0621162
v 0.159614 -0.161892 -0.0495088
v 0.146394 -0.16768 -0.0414506
v 0.138106 -0.167402 -0.0530577
v 0.126323 -0.17124 -0.0435736
v 0.127483 -0.168529 -0.0542329
v 0.135908 -0.170035 -0.042556
v 0.153338 -0.160744 -0.0725695
v 0.162147 -0.161675 -0.0242267
v 0.184957 -0.146831 -0.0359774
v 0.172415 -0.155335 -0.0569126
v 0.167178 -0.156204 -0.0806285
v 0.181438 -0.150614 -0.0876283
v 0.206875 -0.137542 -0.100591
v 0.0734759 -0.181968 0.0415339
v 0.0843827 -0.177362 0.0309783
v 0.116581 -0.16926 -0.0552074
v 0.115712 -0.172001 -0.0445096
v 0.104436 -0.172537 -0.04536
v 0.103677 -0.174754 -0.0345686
v 0.126451 -0.173817 -0.0216075
v 0.12882 -0.17261 -0.0324672
v 0.14266 -0.16997 -0.03092
v 0.129879 -0.169243 0.0125221
v 0.117285 -0.170683 0.0222504
v 0.106641 -0.172739 0.0211896
v 0.105231 -0.172292 0.0324149
v 0.09602 -0.174649 0.0203959
v 0.0975962 -0.175059 0.0092868
v 0.0883091 -0.177201 -0.00247823
v 0.104166 -0.172314 0.0436841
v 0.0948516 -0.174665 0.0316825
v 0.0855375 -0.177015 0.019681
v 0.0669501 -0.17967 -0.0150763
v 0.0747697 -0.179425 0.0190429
v 0.0641259 -0.182401 0.0184183
v -0.297352 0.311302 -0.241134
v -0.293337 0.281027 -0.225419
v -0.302013 0.312727 -0.238163
v -0.302363 0.307223 -0.2361
v -0.302713 0.301718 -0.234036
v -0.297345 0.306095 -0.23883
v -0.297339 0.300888 -0.236526
v -0.302756 0.296471 -0.231766
v -0.297333 0.295681 -0.234223
v -0.301937 0.290959 -0.22883
v -0.297141 0.290404 -0.231774
v -0.300863 0.285351 -0.225694
v -0.295685 0.285208 -0.228557
v -0.299188 0.28039 -0.222429
v -0.296699 0.276303 -0.218985
v -0.293899 0.272437 -0.215209
v -0.291116 0.268581 -0.211425
v -0.28631 0.268271 -0.215228
v -0.289087 0.272194 -0.218893
v -0.291408 0.276526 -0.222321
v -0.283345 0.26478 -0.21141
v -0.285488 0.261671 -0.202931
v -0.280492 0.261611 -0.206499
v -0.267328 0.255243 -0.192343
v -0.265196 0.253043 -0.187245
v -0.265064 0.271179 -0.205748
v -0.267826 0.264894 -0.20049
v -0.257785 0.272374 -0.201792
v -0.255495 0.269791 -0.197189
v -0.262934 0.268789 -0.20112
v -0.253793 0.267533 -0.192198
v -0.252234 0.265354 -0.187113
v -0.260662 0.266217 -0.196506
v -0.24853 0.271086 -0.192563
v -0.247432 0.268982 -0.187017
v -0.246521 0.266898 -0.181355
v -0.251198 0.263361 -0.181507
v -0.250692 0.261787 -0.175781
v -0.255212 0.258435 -0.176063
v -0.244027 0.266599 -0.163212
v -0.246397 0.264059 -0.169657
v -0.250493 0.260632 -0.170205
v -0.242431 0.267662 -0.169002
v -0.23807 0.273365 -0.174053
v -0.242007 0.269173 -0.174951
v -0.237994 0.275269 -0.179997
v -0.238386 0.277331 -0.185928
v -0.243851 0.27525 -0.192212
v -0.245649 0.277852 -0.197379
v -0.242878 0.28512 -0.202394
v -0.240969 0.282357 -0.197068
v -0.235664 0.284802 -0.190525
v -0.237343 0.287522 -0.195915
v -0.23367 0.292872 -0.194552
v -0.23558 0.295759 -0.199875
v -0.24141 0.293224 -0.206359
v -0.248791 0.291396 -0.211057
v -0.256489 0.289683 -0.215359
v -0.253262 0.286611 -0.211378
v -0.25205 0.294517 -0.21521
v -0.251814 0.303063 -0.218365
v -0.248247 0.299748 -0.214479
v -0.244493 0.305207 -0.21356
v -0.24468 0.296444 -0.210587
v -0.248604 0.3085 -0.217057
v -0.250314 0.317323 -0.218558
v -0.245882 0.314046 -0.215278
v -0.241901 0.310851 -0.211455
v -0.235977 0.313364 -0.204904
v -0.238177 0.307659 -0.207455
v -0.235106 0.304457 -0.202905
v -0.232666 0.301407 -0.197892
v -0.230632 0.307192 -0.195273
v -0.232996 0.310255 -0.200315
v -0.229315 0.31864 -0.188472
v -0.229668 0.312927 -0.192047
v -0.228035 0.309986 -0.186873
v -0.228074 0.301216 -0.184304
v -0.230898 0.298427 -0.192561
v -0.229932 0.295531 -0.186854
v -0.232508 0.290071 -0.188942
v -0.23173 0.28741 -0.183138
v -0.231684 0.285029 -0.177169
v -0.2293 0.290285 -0.175197
v -0.227864 0.295828 -0.172913
v -0.227764 0.298432 -0.178624
v -0.227147 0.301317 -0.170401
v -0.226692 0.306652 -0.167199
v -0.226763 0.304074 -0.175879
v -0.227122 0.312489 -0.178021
v -0.227375 0.318044 -0.17435
v -0.229085 0.321479 -0.156746
v -0.227721 0.319985 -0.165469
v -0.227924 0.316666 -0.16036
v -0.229518 0.318341 -0.151629
v -0.228549 0.313604 -0.155176
v -0.228038 0.308677 -0.158529
v -0.227566 0.303798 -0.161745
v -0.229621 0.310672 -0.149865
v -0.229231 0.305884 -0.15309
v -0.228841 0.301096 -0.156314
v -0.230278 0.298575 -0.1509
v -0.228938 0.296119 -0.158989
v -0.230489 0.293554 -0.153447
v -0.232646 0.29156 -0.147746
v -0.23155 0.288728 -0.155544
v -0.234118 0.294007 -0.139791
v -0.231876 0.29612 -0.145559
v -0.233722 0.29844 -0.137498
v -0.234826 0.289622 -0.142014
v -0.236127 0.285231 -0.144063
v -0.237648 0.280837 -0.146044
v -0.239171 0.276444 -0.148025
v -0.241331 0.272021 -0.149513
v -0.245242 0.265259 -0.157548
v -0.248016 0.263098 -0.163789
v -0.254109 0.256892 -0.17083
v -0.260424 0.256173 -0.181547
v -0.258608 0.25427 -0.176526
v -0.256792 0.252367 -0.171504
v -0.248459 0.261175 -0.158307
v -0.250761 0.258749 -0.164641
v -0.233812 0.286917 -0.149794
v -0.232851 0.284189 -0.15757
v -0.235298 0.282519 -0.151788
v -0.235107 0.27945 -0.159289
v -0.237057 0.278 -0.153685
v -0.231957 0.28279 -0.171165
v -0.233359 0.281018 -0.165073
v -0.235849 0.276198 -0.166693
v -0.234378 0.2799 -0.178882
v -0.234779 0.277938 -0.172721
v -0.237606 0.274752 -0.160878
v -0.239689 0.273425 -0.155171
v -0.22961 0.290903 -0.1613
v -0.228527 0.293302 -0.167135
v -0.230992 0.30806 -0.144748
v -0.232304 0.305367 -0.139896
v -0.230663 0.303355 -0.147701
v -0.231974 0.300662 -0.142849
v -0.231619 0.31252 -0.141611
v -0.232706 0.316954 -0.138269
v -0.231621 0.320037 -0.143178
v -0.230265 0.315455 -0.146569
v -0.230849 0.322969 -0.148147
v -0.23052 0.326 -0.153049
v -0.234934 0.341373 -0.154963
v -0.232612 0.333674 -0.154065
v -0.230724 0.329267 -0.157939
v -0.233038 0.337035 -0.158831
v -0.231141 0.332715 -0.162697
v -0.233956 0.340702 -0.163513
v -0.235197 0.34375 -0.16849
v -0.233283 0.338959 -0.17268
v -0.231625 0.334351 -0.176667
v -0.230413 0.329712 -0.180499
v -0.229455 0.324251 -0.184631
v -0.231539 0.321653 -0.193468
v -0.234048 0.324444 -0.198373
v -0.234073 0.319024 -0.202168
v -0.237962 0.32205 -0.206228
v -0.241884 0.325144 -0.210073
v -0.241157 0.330406 -0.206654
v -0.245396 0.338186 -0.206366
v -0.240819 0.335467 -0.20303
v -0.245619 0.333255 -0.210115
v -0.288328 0.264799 -0.207554
v -0.237086 0.332502 -0.199128
v -0.237647 0.337169 -0.195378
v -0.243131 0.348985 -0.191831
v -0.238555 0.341705 -0.191577
v -0.23961 0.346222 -0.187721
v -0.234313 0.334276 -0.191208
v -0.231937 0.330995 -0.186706
v -0.23538 0.338814 -0.187341
v -0.232995 0.335549 -0.182839
v -0.234307 0.339949 -0.17891
v -0.239755 0.351748 -0.175326
v -0.244373 0.358917 -0.175627
v -0.242621 0.354787 -0.179695
v -0.247619 0.361747 -0.179807
v -0.245815 0.357647 -0.183915
v -0.240961 0.350606 -0.183756
v -0.238121 0.347549 -0.179389
v -0.236651 0.343242 -0.183393
v -0.244388 0.353359 -0.187901
v -0.234007 0.329422 -0.194914
v -0.249637 0.341353 -0.20962
v -0.250043 0.336295 -0.213244
v -0.256318 0.33404 -0.2189
v -0.250978 0.33117 -0.216495
v -0.257955 0.328811 -0.221701
v -0.252865 0.325872 -0.219125
v -0.260225 0.323429 -0.223708
v -0.265509 0.326353 -0.225798
v -0.273211 0.323828 -0.229419
v -0.278484 0.32647 -0.230869
v -0.287517 0.336511 -0.231354
v -0.28191 0.334012 -0.230278
v -0.289678 0.331478 -0.233039
v -0.28407 0.328979 -0.231963
v -0.279905 0.339232 -0.228146
v -0.274356 0.336803 -0.226901
v -0.276346 0.331565 -0.229077
v -0.278333 0.344346 -0.225664
v -0.272668 0.341952 -0.224504
v -0.285505 0.341645 -0.229353
v -0.288072 0.354056 -0.225796
v -0.282445 0.351739 -0.224483
v -0.289612 0.349029 -0.22819
v -0.283985 0.346713 -0.226877
v -0.29091 0.344066 -0.230924
v -0.29092 0.361805 -0.226306
v -0.292187 0.356814 -0.229087
v -0.293454 0.351824 -0.231868
v -0.295461 0.347147 -0.235199
v -0.292769 0.339171 -0.233497
v -0.29599 0.334941 -0.23766
v -0.292003 0.326559 -0.235068
v -0.295557 0.322141 -0.23824
v -0.291829 0.313745 -0.235431
v -0.289246 0.318743 -0.234292
v -0.284028 0.316009 -0.232803
v -0.278811 0.313275 -0.231314
v -0.287028 0.311069 -0.233328
v -0.290055 0.306116 -0.233798
v -0.292197 0.301174 -0.235806
v -0.288571 0.298613 -0.23194
v -0.290921 0.293658 -0.233826
v -0.290219 0.285765 -0.231871
v -0.287957 0.290902 -0.229875
v -0.287668 0.283222 -0.227671
v -0.284643 0.288323 -0.22632
v -0.284622 0.28071 -0.223847
v -0.276232 0.29773 -0.22727
v -0.284511 0.295853 -0.229223
v -0.280453 0.293035 -0.226751
v -0.272143 0.294584 -0.224609
v -0.268044 0.291328 -0.221884
v -0.276371 0.289957 -0.224128
v -0.27248 0.286791 -0.221321
v -0.28071 0.285378 -0.223604
v -0.269143 0.283669 -0.217769
v -0.265711 0.280652 -0.21442
v -0.277128 0.282397 -0.220582
v -0.273696 0.27938 -0.217233
v -0.262775 0.277836 -0.210626
v -0.270588 0.276495 -0.213593
v -0.257854 0.281972 -0.211481
v -0.25512 0.279092 -0.207012
v -0.250286 0.283512 -0.207074
v -0.26795 0.299316 -0.224963
v -0.263854 0.296072 -0.222225
v -0.259788 0.301186 -0.222097
v -0.256026 0.306352 -0.221544
v -0.264084 0.304443 -0.224818
v -0.268939 0.307608 -0.227206
v -0.273722 0.310509 -0.229595
v -0.27228 0.302516 -0.227597
v -0.265595 0.312695 -0.226795
v -0.255001 0.32048 -0.221552
v -0.257849 0.315064 -0.222955
v -0.260698 0.309649 -0.224359
v -0.277127 0.305547 -0.229631
v -0.280556 0.300625 -0.229584
v -0.281435 0.277949 -0.220264
v -0.284664 0.273093 -0.22132
v -0.281835 0.270073 -0.217288
v -0.279099 0.267145 -0.213197
v -0.276452 0.26461 -0.209175
v -0.273744 0.262252 -0.205228
v -0.293788 0.308706 -0.237423
v -0.28205 0.308381 -0.231523
v -0.285463 0.303514 -0.231502
v -0.298502 0.33019 -0.2405
v -0.296595 0.316559 -0.239266
v -0.276911 0.349389 -0.223016
v -0.280293 0.361538 -0.218392
v -0.275794 0.354259 -0.219927
v -0.270246 0.351837 -0.218327
v -0.274896 0.359114 -0.216637
v -0.269668 0.356687 -0.21471
v -0.264934 0.349412 -0.216485
v -0.264409 0.354231 -0.21276
v -0.2593 0.351696 -0.210633
v -0.254454 0.349168 -0.20819
v -0.259643 0.34689 -0.214479
v -0.284869 0.368803 -0.216773
v -0.279686 0.366337 -0.214789
v -0.274503 0.363871 -0.212805
v -0.26932 0.361405 -0.210821
v -0.277606 0.258685 -0.201031
v -0.285834 0.363912 -0.219907
v -0.286876 0.358997 -0.222941
v -0.281335 0.356632 -0.221442
v -0.271355 0.346965 -0.22143
v -0.265837 0.344508 -0.219856
v -0.267132 0.339485 -0.22297
v -0.261693 0.336789 -0.221063
v -0.286557 0.323798 -0.233328
v -0.281253 0.321158 -0.231975
v -0.275948 0.318519 -0.230622
v -0.270718 0.315722 -0.228777
v -0.268804 0.33433 -0.225561
v -0.263241 0.331665 -0.223814
v -0.270795 0.329096 -0.227746
v -0.267897 0.320989 -0.227637
v -0.262794 0.318086 -0.225354
v -0.247901 0.322821 -0.216405
v -0.243531 0.319696 -0.21296
v -0.260411 0.341849 -0.217919
v -0.255028 0.339142 -0.215828
v -0.25452 0.344149 -0.212165
v -0.246031 0.328262 -0.213697
v -0.237092 0.327427 -0.202886
v -0.228983 0.326481 -0.175577
v -0.230373 0.331344 -0.171566
v -0.232063 0.336121 -0.167562
v -0.237248 0.348555 -0.164212
v -0.236013 0.344969 -0.159621
v -0.22952 0.328049 -0.166661
v -0.22717 0.311779 -0.163802
v -0.229063 0.324849 -0.161709
v -0.228068 0.323244 -0.170595
v -0.22691 0.31493 -0.169091
v -0.2267 0.309592 -0.172658
v -0.227738 0.298592 -0.164725
v -0.230064 0.288043 -0.169288
v -0.231056 0.285891 -0.163385
v -0.229286 0.292819 -0.181081
v -0.227107 0.30704 -0.181404
v -0.227814 0.315628 -0.1833
v -0.228021 0.321217 -0.17959
v -0.23159 0.316027 -0.197234
v -0.228999 0.304161 -0.189916
v -0.239655 0.316522 -0.209025
v -0.253049 0.311795 -0.220293
v -0.25578 0.297924 -0.218881
v -0.259786 0.292807 -0.219346
v -0.264399 0.288162 -0.218716
v -0.261088 0.285014 -0.215105
v -0.245602 0.288183 -0.207012
v -0.241175 0.301976 -0.209293
v -0.237947 0.298766 -0.204894
v -0.238969 0.290257 -0.201358
v -0.247593 0.280627 -0.202525
v -0.239591 0.279781 -0.191528
v -0.242758 0.27289 -0.1866
v -0.234748 0.282272 -0.184793
v -0.241987 0.270832 -0.180889
v -0.238939 0.271826 -0.168074
v -0.240468 0.270412 -0.162177
v -0.242172 0.269325 -0.156533
v -0.246022 0.265237 -0.175623
v -0.250441 0.273621 -0.197606
v -0.259104 0.264041 -0.191424
v -0.257577 0.262018 -0.186482
v -0.256049 0.259994 -0.181541
v -0.265978 0.262752 -0.195756
v -0.252487 0.276251 -0.202513
v -0.260043 0.275017 -0.206405
v -0.267766 0.273784 -0.209717
v -0.278431 0.275192 -0.216544
v -0.275658 0.272544 -0.212638
v -0.272885 0.269896 -0.208732
v -0.270113 0.267248 -0.204826
v -0.264026 0.260394 -0.191155
v -0.262073 0.258035 -0.186554
v -0.271524 0.259902 -0.201106
v -0.26944 0.257549 -0.196934
v -0.272487 0.254525 -0.19015
v -0.270689 0.253293 -0.184514
v -0.26375 0.252044 -0.181637
v -0.262441 0.251265 -0.175951
v -0.269197 0.251803 -0.17897
v -0.260859 0.250009 -0.170291
v -0.282765 0.259049 -0.197672
v -0.31313 0.099888 -0.177583
v -0.317149 0.102027 -0.183296
v -0.321169 0.104165 -0.189009
v -0.326904 0.0991386 -0.195955
v -0.330525 0.101146 -0.201958
v -0.324949 0.106225 -0.194896
v -0.332428 0.0940579 -0.203058
v -0.319408 0.0951159 -0.184149
v -0.323214 0.0971292 -0.190006
v -0.32689 0.0827021 -0.192353
v -0.330594 0.0847653 -0.198281
v -0.334298 0.0868285 -0.204209
v -0.321277 0.0878873 -0.185301
v -0.324981 0.0899505 -0.191229
v -0.328685 0.0920137 -0.197157
v -0.315664 0.0930725 -0.178249
v -0.3325 0.077523 -0.199395
v -0.32316 0.0806803 -0.186361
v -0.31745 0.0858541 -0.179401
v -0.320674 0.0717087 -0.182021
v -0.324575 0.073562 -0.187791
v -0.315133 0.076923 -0.174959
v -0.319033 0.0787764 -0.18073
v -0.313492 0.0839907 -0.173668
v -0.311851 0.0910584 -0.172377
v -0.311127 0.0749926 -0.169295
v -0.300602 0.0775633 -0.157551
v -0.304999 0.0797792 -0.162823
v -0.309396 0.081995 -0.168094
v -0.307666 0.0889975 -0.166893
v -0.303432 0.0867777 -0.161478
v -0.299259 0.0845646 -0.155936
v -0.297229 0.0916115 -0.154664
v -0.301553 0.0938173 -0.160106
v -0.305748 0.0960357 -0.165667
v -0.299149 0.100936 -0.159224
v -0.303184 0.103151 -0.164911
v -0.295008 0.0987172 -0.153603
v -0.292643 0.105852 -0.152608
v -0.296938 0.108075 -0.158134
v -0.301232 0.110298 -0.163659
v -0.305527 0.112522 -0.169185
v -0.294573 0.11521 -0.157139
v -0.298867 0.117433 -0.162664
v -0.303162 0.119656 -0.16819
v -0.292208 0.122345 -0.156144
v -0.296508 0.124553 -0.161618
v -0.300811 0.126754 -0.167067
v -0.307363 0.121796 -0.17376
v -0.311117 0.123647 -0.179811
v -0.313537 0.116681 -0.180681
v -0.3173 0.118535 -0.186729
v -0.314935 0.125512 -0.185799
v -0.304663 0.128664 -0.173012
v -0.308613 0.13056 -0.178864
v -0.312563 0.132456 -0.184716
v -0.328477 0.124427 -0.205259
v -0.318797 0.12743 -0.191757
v -0.322439 0.129404 -0.197981
v -0.316401 0.13438 -0.190703
v -0.3262 0.131323 -0.204182
v -0.32017 0.136296 -0.196902
v -0.331956 0.126339 -0.211595
v -0.330849 0.126388 -0.218834
v -0.326524 0.131811 -0.211162
v -0.321618 0.137025 -0.203773
v -0.315951 0.141484 -0.203823
v -0.315095 0.141392 -0.196953
v -0.306883 0.143986 -0.191739
v -0.313489 0.140878 -0.190055
v -0.300867 0.141606 -0.179369
v -0.303967 0.142842 -0.185471
v -0.291927 0.136724 -0.169751
v -0.296608 0.13935 -0.174362
v -0.297829 0.133268 -0.166667
v -0.302271 0.135621 -0.171904
v -0.306228 0.137512 -0.177766
v -0.310186 0.139402 -0.183629
v -0.292687 0.130151 -0.162381
v -0.28723 0.126824 -0.158685
v -0.281611 0.123127 -0.156085
v -0.286382 0.118283 -0.153573
v -0.28026 0.114565 -0.152336
v -0.287666 0.103372 -0.148561
v -0.284256 0.109208 -0.150186
v -0.29042 0.0964135 -0.148673
v -0.282909 0.0943638 -0.149044
v -0.280812 0.100605 -0.148339
v -0.284958 0.0877054 -0.150086
v -0.28614 0.0816845 -0.152185
v -0.293606 0.0827279 -0.152213
v -0.294174 0.0702062 -0.158527
v -0.293955 0.0764498 -0.155651
v -0.305599 0.0618165 -0.173653
v -0.313403 0.058031 -0.179574
v -0.318408 0.0529506 -0.178665
v -0.309855 0.0561309 -0.173407
v -0.307944 0.0553736 -0.166373
v -0.302853 0.0603562 -0.166999
v -0.301212 0.0595278 -0.159844
v -0.296691 0.0647198 -0.160066
v -0.291966 0.0696193 -0.153101
v -0.288001 0.0752187 -0.153217
v -0.278957 0.10649 -0.14839
v -0.279204 0.112962 -0.145814
v -0.27842 0.105174 -0.141451
v -0.280382 0.121303 -0.149734
v -0.283203 0.12976 -0.153096
v -0.30911 0.0977495 -0.17187
v -0.318993 0.111337 -0.188029
v -0.28957 0.140455 -0.162005
v -0.291967 0.142607 -0.167942
v -0.295561 0.144474 -0.173536
v -0.287389 0.134225 -0.164997
v -0.282743 0.136987 -0.15076
v -0.283597 0.146412 -0.155098
v -0.287785 0.14926 -0.160084
v -0.265751 0.134398 -0.136328
v -0.270276 0.137437 -0.140953
v -0.274801 0.140477 -0.145577
v -0.279325 0.143517 -0.150202
v -0.280238 0.152957 -0.154472
v -0.266331 0.143689 -0.140769
v -0.271 0.146793 -0.14532
v -0.27567 0.149897 -0.14987
v -0.271793 0.156148 -0.149372
v -0.275811 0.158529 -0.154813
v -0.271089 0.163804 -0.155485
v -0.27537 0.166604 -0.160646
v -0.280124 0.161374 -0.159926
v -0.284973 0.164981 -0.16423
v -0.279687 0.169464 -0.165751
v -0.283944 0.172347 -0.17086
v -0.287554 0.174859 -0.176545
v -0.293292 0.170678 -0.174719
v -0.296715 0.173137 -0.180723
v -0.299353 0.17488 -0.18739
v -0.301384 0.175848 -0.194558
v -0.289248 0.167933 -0.169289
v -0.297277 0.162895 -0.175184
v -0.314851 0.109367 -0.182296
v -0.296944 0.152159 -0.170566
v -0.291955 0.152091 -0.165184
v -0.292793 0.161468 -0.169739
v -0.288559 0.158623 -0.164577
v -0.290625 0.176757 -0.182823
v -0.274624 0.174029 -0.166993
v -0.278922 0.17704 -0.172019
v -0.283279 0.180275 -0.176937
v -0.287488 0.183302 -0.182057
v -0.294363 0.17938 -0.188356
v -0.291516 0.186147 -0.187358
v -0.298125 0.181942 -0.19407
v -0.301859 0.184329 -0.199945
v -0.308755 0.18884 -0.211923
v -0.32299 0.113322 -0.193833
v -0.307299 0.179681 -0.20722
v -0.310519 0.181823 -0.213332
v -0.303976 0.177454 -0.201161
v -0.305581 0.186742 -0.205782
v -0.299447 0.191308 -0.198741
v -0.29553 0.188789 -0.192915
v -0.286569 0.190943 -0.188327
v -0.293288 0.194454 -0.200336
v -0.302259 0.192958 -0.205305
v -0.290536 0.193403 -0.193974
v -0.328563 0.108252 -0.20089
v -0.282262 0.18786 -0.183261
v -0.336101 0.0960676 -0.209019
v -0.273549 0.180401 -0.174113
v -0.27784 0.184159 -0.17865
v -0.337855 0.0889206 -0.210183
v -0.318679 0.0656948 -0.184574
v -0.323182 0.0671645 -0.190141
v -0.335446 0.0829498 -0.21248
v -0.261609 0.148141 -0.142319
v -0.26146 0.139821 -0.136724
v -0.266258 0.152623 -0.145833
v -0.260731 0.130733 -0.132678
v -0.259206 0.121548 -0.129076
v -0.262868 0.115658 -0.128719
v -0.265829 0.109175 -0.129482
v -0.27071 0.111975 -0.134035
v -0.267642 0.11856 -0.133216
v -0.272246 0.121547 -0.13774
v -0.27685 0.124534 -0.142265
v -0.334887 0.0799281 -0.205863
v -0.331138 0.0745744 -0.208881
v -0.267496 0.181897 -0.17748
v -0.271723 0.185461 -0.182143
v -0.284648 0.155898 -0.15925
v -0.264472 0.125032 -0.132452
v -0.269104 0.12805 -0.136961
v -0.273736 0.131068 -0.14147
v -0.278369 0.134086 -0.145979
v -0.286802 0.139764 -0.155842
v -0.281017 0.127504 -0.147176
v -0.329098 0.0718793 -0.20243
v -0.277274 0.111395 -0.13954
v -0.284102 0.0801987 -0.145973
v -0.282195 0.0863911 -0.145251
v -0.280288 0.0925834 -0.144529
v -0.278381 0.0987757 -0.143807
v -0.296191 0.0642881 -0.152918
v -0.290749 0.0687873 -0.14615
v -0.287035 0.0743802 -0.146231
v -0.32646 0.0693623 -0.196193
v -0.328658 0.0755039 -0.193479
v -0.31737 0.0304369 -0.177359
v -0.321497 0.0321912 -0.183044
v -0.320705 0.0393719 -0.181495
v -0.324041 0.0483069 -0.185631
v -0.316799 0.0374535 -0.175594
v -0.316065 0.0444367 -0.173922
v -0.320385 0.0463996 -0.17957
v -0.313204 0.0285472 -0.171717
v -0.308123 0.033693 -0.164708
v -0.312471 0.0355289 -0.170041
v -0.311738 0.0425106 -0.168365
v -0.30712 0.0404657 -0.163116
v -0.306046 0.0471836 -0.161546
v -0.31091 0.0494194 -0.166719
v -0.304972 0.0539014 -0.159977
v -0.315167 0.0513984 -0.172349
v -0.324986 0.0563391 -0.191572
v -0.316566 0.0698658 -0.176311
v -0.306638 0.0727468 -0.164148
v -0.321701 0.0545736 -0.185042
v -0.317098 0.0601154 -0.185934
v -0.320408 0.0619178 -0.192625
v -0.300344 0.0716798 -0.161606
v -0.3263 0.13201 -0.218391
v -0.321818 0.137265 -0.210927
v -0.333078 0.120061 -0.226518
v -0.331837 0.127054 -0.225072
v -0.331661 0.1334 -0.221797
v -0.325296 0.144318 -0.212927
v -0.324912 0.138567 -0.216837
v -0.30989 0.145975 -0.197458
v -0.301535 0.148356 -0.184892
v -0.306128 0.150055 -0.189959
v -0.292649 0.0893895 -0.149557
v -0.309483 0.11473 -0.174916
v -0.320422 0.148715 -0.205378
v -0.31195 0.151155 -0.193673
v -0.314574 0.1476 -0.20189
v -0.3191 0.14308 -0.209953
v -0.334147 0.119954 -0.21943
v -0.337446 0.113442 -0.22037
v -0.338451 0.106138 -0.221348
v -0.336934 0.0920078 -0.222846
v -0.33795 0.0988972 -0.222127
v -0.338078 0.0906759 -0.216446
v -0.339411 0.0980824 -0.215268
v -0.337911 0.1052 -0.214287
v -0.334243 0.103176 -0.208048
v -0.332413 0.110283 -0.207101
v -0.336271 0.112313 -0.21332
v -0.326724 0.115359 -0.199936
v -0.321034 0.120436 -0.192771
v -0.330576 0.117388 -0.206158
v -0.334316 0.11939 -0.212432
v -0.324816 0.122448 -0.199025
v -0.290532 0.112991 -0.151499
v -0.348405 0.0712961 -0.248586
v -0.346608 0.0830857 -0.251383
v -0.344587 0.0950073 -0.253684
v -0.342565 0.106929 -0.255981
v -0.30563 0.0175692 -0.231648
v -0.334632 0.153485 -0.253297
v -0.3255 0.161142 -0.251131
v -0.314273 0.181613 -0.237946
v -0.307204 0.175948 -0.246566
v -0.350131 0.0595145 -0.245701
v -0.337814 0.130901 -0.258868
v -0.267721 0.173206 -0.266075
v -0.275328 0.179588 -0.258896
v -0.28358 0.170838 -0.259656
v -0.340332 0.118889 -0.257749
v -0.276005 0.163896 -0.266077
v -0.327089 0.145883 -0.258698
v -0.299812 0.135261 -0.2652
v -0.318016 0.153943 -0.257631
v -0.308893 0.161898 -0.256225
v -0.29979 0.169433 -0.254067
v -0.311553 0.137771 -0.263023
v -0.317022 0.182793 -0.226803
v -0.322416 0.173148 -0.240021
v -0.320245 0.171027 -0.228608
v -0.31638 0.168614 -0.248941
v -0.323229 0.140292 -0.260593
v -0.334339 0.141282 -0.258401
v -0.288109 0.132659 -0.267547
v -0.276481 0.129959 -0.269966
v -0.264854 0.12726 -0.272384
v -0.279117 0.118125 -0.268949
v -0.267453 0.115442 -0.271279
v -0.269715 0.103698 -0.26938
v -0.255726 0.112868 -0.273159
v -0.260074 0.0894306 -0.269095
v -0.257903 0.101147 -0.271138
v -0.248061 0.0873255 -0.269483
v -0.254349 0.0523821 -0.262327
v -0.252254 0.0640308 -0.264715
v -0.250158 0.0756795 -0.267103
v -0.258412 0.0287941 -0.25794
v -0.26058 0.0169944 -0.255945
v -0.26288 0.00530136 -0.254066
v -0.2652 -0.00644541 -0.252557
v -0.267573 -0.0182266 -0.251333
v -0.27892 -0.0155865 -0.247596
v -0.276562 -0.00379463 -0.248943
v -0.274421 0.00791754 -0.250952
v -0.272347 0.019491 -0.253617
v -0.270226 0.0310783 -0.256255
v -0.281754 0.0336461 -0.253325
v -0.294473 0.0250676 -0.244578
v -0.285447 0.0106466 -0.246372
v -0.283609 0.0221773 -0.249499
v -0.287253 -0.00103272 -0.24381
v -0.300071 -0.0100566 -0.236728
v -0.306383 0.00446607 -0.229768
v -0.310888 0.0175731 -0.21957
v -0.314328 0.00583878 -0.207642
v -0.328389 -0.0278768 -0.209675
v -0.332393 -0.039415 -0.210338
v -0.334448 -0.0639388 -0.221953
v -0.327861 -0.0403657 -0.221607
v -0.331154 -0.0521524 -0.221779
v -0.322289 -0.0546695 -0.229829
v -0.325224 -0.0664907 -0.229705
v -0.328234 -0.0782742 -0.229649
v -0.33086 -0.0901068 -0.229265
v -0.332979 -0.102078 -0.228557
v -0.3416 -0.100015 -0.220638
v -0.339631 -0.0879372 -0.221432
v -0.337129 -0.0759055 -0.221774
v -0.338827 -0.0631055 -0.210821
v -0.341486 -0.075141 -0.210794
v -0.335938 -0.051142 -0.210705
v -0.271873 0.091972 -0.267304
v -0.256383 0.0405994 -0.260119
v -0.304096 0.0391807 -0.246775
v -0.312382 0.00577249 -0.219419
v -0.316478 -0.00563951 -0.219983
v -0.320504 -0.0170902 -0.220586
v -0.324255 -0.028711 -0.221155
v -0.311372 0.0758371 -0.257228
v -0.31919 -0.00534122 -0.208266
v -0.32412 -0.0164152 -0.208973
v -0.30947 -0.00748413 -0.229613
v -0.297586 0.00182982 -0.237756
v -0.312787 -0.0192482 -0.229785
v -0.315997 -0.031049 -0.229819
v -0.319201 -0.0428529 -0.229854
v -0.303042 -0.0219224 -0.236454
v -0.306008 -0.033772 -0.236197
v -0.292305 -0.024666 -0.241636
v -0.28955 -0.0128315 -0.242273
v -0.295179 -0.0364965 -0.241279
v -0.281384 -0.0273749 -0.246559
v -0.308929 -0.0456021 -0.235921
v -0.298087 -0.0482946 -0.241071
v -0.301042 -0.0601291 -0.241032
v -0.311753 -0.0574229 -0.235669
v -0.301304 0.061758 -0.255852
v -0.313001 0.0641013 -0.254058
v -0.295995 0.0137301 -0.240282
v -0.293013 0.0362359 -0.24989
v -0.304969 0.0282992 -0.239624
v -0.315634 0.0417068 -0.244827
v -0.339448 0.0463511 -0.242439
v -0.32738 0.0443774 -0.243289
v -0.338284 0.0571216 -0.24765
v -0.326341 0.0548585 -0.248935
v -0.314425 0.052721 -0.249907
v -0.303026 0.0501071 -0.252363
v -0.291402 0.0477507 -0.254177
v -0.28963 0.0592666 -0.25774
v -0.279865 0.0451644 -0.256703
v -0.277995 0.0566897 -0.259739
v -0.287784 0.070965 -0.260653
v -0.276069 0.0683928 -0.26256
v -0.264234 0.0660726 -0.264244
v -0.268214 0.0426516 -0.25912
v -0.266228 0.0543596 -0.261711
v -0.274013 0.0802167 -0.265103
v -0.262233 0.0776854 -0.266904
v -0.285795 0.0827413 -0.263257
v -0.29543 0.0969978 -0.263663
v -0.283652 0.0944937 -0.265443
v -0.321371 0.0899125 -0.258497
v -0.30949 0.0875434 -0.260037
v -0.297609 0.0851743 -0.261578
v -0.307263 0.0993938 -0.262062
v -0.319107 0.101862 -0.260338
v -0.330906 0.104372 -0.258511
v -0.333081 0.0924127 -0.256538
v -0.335032 0.0804858 -0.254067
v -0.336756 0.0687074 -0.251147
v -0.323188 0.078089 -0.255746
v -0.324903 0.0663505 -0.252716
v -0.326046 0.128364 -0.260971
v -0.314275 0.125831 -0.262938
v -0.328599 0.116342 -0.260185
v -0.31678 0.113834 -0.261962
v -0.304961 0.111326 -0.263738
v -0.302503 0.123299 -0.264903
v -0.290774 0.120775 -0.266775
v -0.293248 0.108802 -0.265613
v -0.281472 0.106299 -0.267388
v -0.299532 0.0734619 -0.258841
v 0.138632 -0.211298 -0.21099
v 0.134533 -0.208136 -0.200269
v 0.146899 -0.204763 -0.211614
v 0.152451 -0.205609 -0.220969
v 0.160394 -0.197096 -0.219519
v 0.154782 -0.19627 -0.211105
v 0.159104 -0.187525 -0.208207
v 0.168904 -0.178771 -0.212656
v 0.167059 -0.187686 -0.217567
v 0.173158 -0.187977 -0.226087
v 0.178792 -0.187521 -0.234318
v 0.1844 -0.186949 -0.242457
v 0.171648 -0.197265 -0.236987
v 0.177039 -0.196489 -0.245365
v 0.198178 -0.18603 -0.267945
v 0.208878 -0.176972 -0.27439
v 0.204937 -0.177079 -0.265157
v 0.20538 -0.185787 -0.285732
v 0.212257 -0.177103 -0.284166
v 0.202173 -0.18563 -0.276432
v 0.1494 -0.195435 -0.203273
v 0.157841 -0.206311 -0.230275
v 0.142458 -0.201598 -0.202251
v 0.209282 -0.188438 -0.294473
v 0.231564 -0.161138 -0.300012
v 0.248932 -0.106007 -0.303651
v 0.249248 -0.0947871 -0.302995
v 0.249314 -0.0835551 -0.302399
v 0.249304 -0.072324 -0.301828
v 0.244265 -0.0729693 -0.292436
v 0.242832 -0.0622022 -0.292287
v 0.241187 -0.0514785 -0.292159
v 0.240483 -0.0625706 -0.281596
v 0.238882 -0.0518544 -0.281521
v 0.23691 -0.0411998 -0.281567
v 0.235027 -0.0305503 -0.28161
v 0.233163 -0.0198998 -0.28165
v 0.227978 0.0121445 -0.28165
v 0.226371 0.0228356 -0.281616
v 0.225543 0.0117413 -0.271132
v 0.224011 0.0224459 -0.27108
v 0.229246 -0.031438 -0.260809
v 0.230728 -0.0421314 -0.260867
v 0.23607 -0.0522818 -0.271025
v 0.23243 -0.0527922 -0.26078
v 0.237545 -0.0629796 -0.271044
v 0.241797 -0.0733631 -0.281723
v 0.242601 -0.084226 -0.281992
v 0.244798 -0.105975 -0.29381
v 0.242119 -0.106066 -0.28322
v 0.242748 -0.0951568 -0.282459
v 0.238498 -0.106137 -0.272785
v 0.23933 -0.0953278 -0.271957
v 0.234982 -0.084899 -0.261244
v 0.234647 -0.0741956 -0.260959
v 0.228622 -0.0640603 -0.251179
v 0.229668 -0.0747195 -0.251248
v 0.229491 -0.0959188 -0.251892
v 0.234867 -0.095602 -0.261735
v 0.228417 -0.106418 -0.252614
v 0.221967 -0.106646 -0.243236
v 0.218209 -0.127224 -0.244898
v 0.224987 -0.127094 -0.254455
v 0.226934 -0.116783 -0.253404
v 0.230544 -0.127131 -0.264544
v 0.232478 -0.11678 -0.263384
v 0.237203 -0.1168 -0.273744
v 0.240767 -0.11697 -0.284216
v 0.243471 -0.116994 -0.294851
v 0.238849 -0.138953 -0.297347
v 0.235906 -0.138404 -0.286887
v 0.231903 -0.148907 -0.288601
v 0.228547 -0.148195 -0.278198
v 0.221678 -0.168517 -0.292491
v 0.227183 -0.159106 -0.29058
v 0.223919 -0.158442 -0.28029
v 0.214897 -0.167712 -0.272332
v 0.195581 -0.176817 -0.248246
v 0.200327 -0.176976 -0.256635
v 0.190672 -0.176709 -0.239749
v 0.183824 -0.177794 -0.230892
v 0.193661 -0.167685 -0.235643
v 0.200642 -0.166787 -0.245018
v 0.210773 -0.167372 -0.262847
v 0.220373 -0.157813 -0.270203
v 0.215568 -0.157198 -0.260675
v 0.219408 -0.147232 -0.258186
v 0.213104 -0.147211 -0.248303
v 0.205948 -0.147569 -0.238691
v 0.198218 -0.14843 -0.229497
v 0.208546 -0.137576 -0.236779
v 0.21587 -0.137299 -0.246231
v 0.222349 -0.137317 -0.256015
v 0.227786 -0.137376 -0.266066
v 0.187785 -0.159887 -0.222742
v 0.186261 -0.16884 -0.226336
v 0.178434 -0.169792 -0.217479
v 0.203301 -0.157379 -0.241174
v 0.210063 -0.156961 -0.251023
v 0.195916 -0.158356 -0.231915
v 0.20615 -0.16682 -0.254024
v 0.224376 -0.147686 -0.267941
v 0.232124 -0.137895 -0.276401
v 0.238736 -0.127731 -0.285466
v 0.241597 -0.127948 -0.296055
v 0.235021 -0.12737 -0.274935
v 0.210661 -0.12748 -0.235637
v 0.220428 -0.116977 -0.243853
v 0.238748 -0.0737386 -0.27116
v 0.22987 -0.0853477 -0.251479
v 0.234005 -0.106203 -0.262456
v 0.245264 -0.0949133 -0.29309
v 0.239304 -0.0845459 -0.271469
v 0.23382 -0.0634803 -0.260779
v 0.229605 0.00144022 -0.28168
v 0.239573 -0.0407553 -0.292035
v 0.238294 -0.029995 -0.29183
v 0.234287 -0.0416136 -0.271078
v 0.232488 -0.0309504 -0.271104
v 0.23069 -0.0202871 -0.271129
v 0.228891 -0.00962389 -0.271155
v 0.227092 0.00103936 -0.27118
v 0.231301 -0.00924931 -0.28169
v 0.245274 -0.0839386 -0.292577
v 0.235328 -0.149646 -0.298947
v 0.215542 -0.178078 -0.293898
v 0.218579 -0.168066 -0.282177
v 0.193841 -0.186396 -0.259365
v 0.189187 -0.186632 -0.250902
v 0.176849 -0.178663 -0.221908
v 0.166178 -0.197653 -0.228371
v -0.103132 0.34651 -0.224642
v -0.094416 0.349283 -0.220488
v -0.0856638 0.3517 -0.216115
v -0.0769759 0.353853 -0.211514
v -0.0681162 0.355746 -0.207011
v -0.0646858 0.355544 -0.2159
v -0.0557877 0.357114 -0.211503
v -0.0437224 0.357842 -0.216159
v -0.0346987 0.359455 -0.21176
v -0.0468787 0.358609 -0.207087
v -0.0419998 0.359832 -0.193629
v -0.0382453 0.359708 -0.202659
v -0.0587361 0.35869 -0.180306
v -0.0546893 0.358709 -0.189185
v -0.0506426 0.358728 -0.198063
v -0.0458814 0.359893 -0.184665
v -0.0674927 0.357157 -0.184878
v -0.0718964 0.356505 -0.176239
v -0.0677282 0.357423 -0.162972
v -0.0632055 0.358121 -0.171619
v -0.0590225 0.35883 -0.158315
v -0.054457 0.35935 -0.166996
v -0.0548218 0.359409 -0.145006
v -0.0502465 0.359945 -0.153714
v -0.045655 0.360437 -0.162417
v -0.0413365 0.360737 -0.149099
v -0.0367394 0.361213 -0.1578
v -0.0459656 0.360277 -0.140353
v -0.0507464 0.35967 -0.131542
v -0.0419954 0.360524 -0.126702
v -0.0381193 0.360261 -0.11315
v -0.0331618 0.361148 -0.121921
v -0.0283937 0.361605 -0.130794
v -0.019436 0.361904 -0.126194
v -0.0151256 0.361326 -0.11286
v -0.00600377 0.36112 -0.108494
v 0.00309923 0.360797 -0.104196
v 0.00786485 0.361322 -0.113358
v 0.012339 0.360093 -0.100051
v 0.00269896 0.358408 -0.0817994
v 0.00752701 0.359305 -0.0909181
v -0.00670239 0.358988 -0.0860845
v -0.00223107 0.357447 -0.0727757
v -0.0341228 0.359373 -0.0997228
v -0.0210637 0.358214 -0.081601
v -0.0250063 0.359409 -0.0950881
v -0.0200278 0.360593 -0.103903
v -0.015923 0.359323 -0.0904641
v -0.0394254 0.357973 -0.0910569
v -0.0302435 0.3581 -0.086325
v -0.035575 0.356342 -0.0776365
v -0.0264045 0.356318 -0.0728883
v -0.0170138 0.356181 -0.0682946
v -0.0317606 0.354086 -0.0642343
v -0.053472 0.355319 -0.087977
v -0.0445932 0.355911 -0.0827209
v -0.0409171 0.353693 -0.0692119
v -0.057162 0.356662 -0.10141
v -0.0608501 0.357213 -0.11486
v -0.0558097 0.358458 -0.123148
v -0.0520447 0.358311 -0.109687
v -0.0732983 0.355867 -0.133386
v -0.0645676 0.357347 -0.128316
v -0.0595244 0.358551 -0.136593
v -0.0782216 0.354238 -0.125458
v -0.0820086 0.353985 -0.138558
v -0.0811209 0.354843 -0.159548
v -0.0897968 0.35264 -0.164378
v -0.0859703 0.353545 -0.151493
v -0.093883 0.351717 -0.17731
v -0.0851837 0.353805 -0.172485
v -0.0892941 0.352693 -0.18545
v -0.080597 0.354722 -0.180873
v -0.106763 0.347756 -0.194244
v -0.0980132 0.350302 -0.189946
v -0.102394 0.34868 -0.202719
v -0.0936734 0.351188 -0.198452
v -0.111117 0.346108 -0.207005
v -0.0983264 0.349135 -0.211517
v -0.0849893 0.353308 -0.194029
v -0.0808836 0.353758 -0.202711
v -0.0762514 0.35532 -0.189458
v -0.10258 0.349071 -0.181696
v -0.0867631 0.352147 -0.130777
v -0.0746844 0.354073 -0.112079
v -0.0710187 0.353112 -0.0987016
v -0.0622967 0.354502 -0.0932927
v -0.067272 0.351697 -0.0853511
v -0.063536 0.349199 -0.0720192
v -0.0549974 0.350155 -0.0664049
v -0.0585877 0.352788 -0.0798307
v -0.107052 0.346537 -0.215797
v -0.0830338 0.351842 -0.117611
v -0.0771759 0.355403 -0.146506
v -0.0683424 0.356985 -0.141559
v -0.0696011 0.355973 -0.120148
v -0.0659706 0.355471 -0.106706
v -0.049798 0.353347 -0.0744403
v -0.0482899 0.357364 -0.0961874
v -0.0431882 0.359097 -0.104582
v -0.0117129 0.357988 -0.0771349
v 0.0119423 0.357542 -0.0776682
v 0.0167669 0.358461 -0.0867876
v 0.0259493 0.35697 -0.0827312
v 0.0211683 0.35603 -0.0735712
v 0.0302572 0.353992 -0.0695633
v 0.0439061 0.352055 -0.0748171
v 0.0350198 0.354829 -0.0787535
v 0.0397636 0.355598 -0.087967
v 0.0215617 0.359288 -0.095935
v 0.0353409 0.358178 -0.101215
v 0.0261993 0.359737 -0.105206
v 0.0260284 0.361077 -0.127943
v 0.0303702 0.360876 -0.137348
v 0.039406 0.359873 -0.133335
v 0.0351273 0.360054 -0.123914
v 0.0398975 0.358623 -0.110514
v 0.0442086 0.358508 -0.119927
v 0.0484865 0.35835 -0.129364
v 0.0525866 0.358108 -0.138848
v 0.0565481 0.357683 -0.148332
v 0.0654838 0.355408 -0.144515
v 0.0692932 0.354844 -0.154022
v 0.0615793 0.355935 -0.134998
v 0.0705499 0.353352 -0.131225
v 0.0664612 0.353735 -0.121695
v 0.0622958 0.353931 -0.112174
v 0.0579561 0.353976 -0.102695
v 0.0534461 0.353643 -0.0933232
v 0.0489979 0.356646 -0.10657
v 0.0667936 0.350738 -0.0989233
v 0.0710774 0.350613 -0.108472
v 0.0838244 0.346326 -0.114479
v 0.0878508 0.345987 -0.124018
v 0.0792317 0.349891 -0.127573
v 0.0831245 0.349379 -0.137119
v 0.0988272 0.343754 -0.152751
v 0.0952624 0.344602 -0.143161
v 0.117212 0.336358 -0.178183
v -0.0895811 0.35164 -0.207158
v 0.115072 0.334114 -0.146136
v 0.111556 0.334918 -0.13652
v 0.107933 0.33557 -0.126953
v 0.1042 0.336071 -0.117437
v 0.0998577 0.340721 -0.130173
v 0.103532 0.340004 -0.139739
v 0.0961222 0.341296 -0.120646
v 0.105667 0.341776 -0.17193
v 0.100446 0.344707 -0.184984
v 0.108908 0.340735 -0.181508
v 0.0885999 0.349045 -0.179014
v 0.0973007 0.345778 -0.175428
v 0.0918033 0.348122 -0.188556
v 0.0741195 0.353169 -0.195748
v 0.0798556 0.352038 -0.1826
v 0.0830183 0.350933 -0.192138
v 0.0710022 0.354351 -0.186357
v 0.0496189 0.358562 -0.184556
v 0.0620494 0.356345 -0.190165
v 0.0371153 0.360326 -0.179098
v 0.0189959 0.361166 -0.187161
v 0.0133208 0.360767 -0.200589
v 0.0280432 0.360897 -0.183117
v 0.0223349 0.360508 -0.196616
v 0.0313735 0.360219 -0.19254
v -0.0226546 0.359114 -0.216853
v -0.0136578 0.359931 -0.212797
v -0.00464445 0.36053 -0.208732
v 0.000915599 0.36126 -0.195229
v 0.00430742 0.360736 -0.204641
v -0.0115978 0.361466 -0.189888
v -0.00807888 0.361026 -0.199316
v -0.00257474 0.36172 -0.185806
v -0.0258406 0.360109 -0.207581
v -0.0204616 0.360983 -0.194027
v -0.0170102 0.36064 -0.20343
v -0.00650209 0.361946 -0.176384
v -0.0193677 0.361864 -0.171405
v -0.0153142 0.361773 -0.180573
v -0.0104582 0.362149 -0.166992
v -0.027877 0.361887 -0.153258
v -0.0234966 0.361925 -0.162272
v -0.0145824 0.362212 -0.157857
v -0.0189892 0.362097 -0.148812
v -0.0101125 0.362276 -0.144355
v -0.00110413 0.3623 -0.140105
v -0.0056514 0.362389 -0.153485
v 0.00792729 0.362198 -0.136013
v 0.00322775 0.362248 -0.149455
v 0.00738842 0.362157 -0.158872
v 0.0121438 0.362076 -0.145424
v 0.0164139 0.361918 -0.154831
v 0.0213099 0.361752 -0.141369
v 0.0168988 0.361738 -0.131996
v 0.0253372 0.361507 -0.150799
v 0.0293087 0.361183 -0.160234
v 0.0383874 0.360329 -0.156239
v 0.0423292 0.35989 -0.16568
v 0.0203847 0.361706 -0.164259
v 0.00341263 0.362038 -0.126765
v -0.00569448 0.362142 -0.13102
v -0.0281411 0.361504 -0.175761
v -0.0332088 0.360678 -0.189187
v -0.0293429 0.360397 -0.198309
v -0.0242276 0.361255 -0.184887
v -0.0015843 0.362237 -0.1629
v 0.00235837 0.36202 -0.172321
v 0.00630105 0.361803 -0.181742
v 0.00992384 0.361357 -0.191178
v 0.0114304 0.361989 -0.168291
v 0.0153154 0.361622 -0.177714
v 0.0243152 0.361295 -0.173691
v 0.033268 0.360733 -0.169673
v 0.0405492 0.359552 -0.188507
v 0.0347122 0.359405 -0.201946
v 0.0437963 0.358655 -0.197927
v 0.0461025 0.359255 -0.175141
v 0.0513939 0.358585 -0.161739
v 0.0550255 0.357999 -0.171197
v 0.0585973 0.357272 -0.180674
v 0.0528644 0.357503 -0.193984
v 0.0674896 0.355352 -0.176834
v 0.0765169 0.3531 -0.17309
v 0.0852574 0.350084 -0.169434
v 0.0903248 0.347714 -0.156254
v 0.0938561 0.346764 -0.165844
v 0.0816896 0.350985 -0.159856
v 0.0780405 0.351914 -0.150297
v 0.0867942 0.348664 -0.146665
v 0.10235 0.342791 -0.162346
v 0.107076 0.339184 -0.149333
v 0.110516 0.33828 -0.158948
v 0.113957 0.337376 -0.168563
v 0.0916024 0.345338 -0.133585
v 0.079596 0.346493 -0.104931
v 0.0573557 0.349427 -0.0802584
v 0.062143 0.350206 -0.0895548
v 0.0752765 0.350382 -0.118016
v 0.0729594 0.354069 -0.163551
v 0.0743552 0.352706 -0.140751
v 0.0639541 0.35625 -0.16733
v 0.0603984 0.357086 -0.157837
v 0.0474561 0.359139 -0.152262
v 0.0574968 0.356381 -0.125467
v 0.0533448 0.356671 -0.115988
v 0.0343985 0.3606 -0.146792
v 0.0434841 0.359591 -0.142776
v 0.0124711 0.361672 -0.122626
v 0.0215901 0.360986 -0.118575
v 0.0307093 0.359991 -0.11454
v 0.0444668 0.356297 -0.0972247
v 0.0486954 0.352915 -0.0840471
v 0.0307112 0.35773 -0.0919228
v 0.00712017 0.356509 -0.0685546
v 0.0170547 0.360613 -0.109256
v -0.00170471 0.360027 -0.095097
v -0.0108998 0.360434 -0.0994425
v -0.0103443 0.361786 -0.121913
v -0.00125234 0.361666 -0.117636
v -0.0236239 0.361937 -0.139724
v -0.014736 0.362139 -0.135252
v -0.0242004 0.361371 -0.117309
v -0.0291007 0.360569 -0.108521
v -0.046955 0.35951 -0.118033
v -0.0372103 0.3611 -0.135522
v -0.0325027 0.361542 -0.144371
v -0.0323736 0.361477 -0.166697
v -0.0412383 0.360745 -0.171246
v -0.0723164 0.35647 -0.154621
v -0.063568 0.358109 -0.149764
v -0.0764719 0.355732 -0.167816
v -0.0721265 0.355661 -0.198139
v -0.0500336 0.359748 -0.175775
v -0.0370131 0.360871 -0.180146
v -0.0634193 0.357305 -0.193687
v -0.0594055 0.357391 -0.202565
v -0.108347 0.216956 0.0276259
v -0.0992882 0.223383 0.0270172
v -0.102626 0.209623 0.0336026
v -0.0936685 0.216268 0.0333749
v -0.0967127 0.201936 0.0387906
v -0.087828 0.208641 0.0386755
v -0.076801 0.192814 0.0478982
v -0.0820008 0.200811 0.0436958
v -0.067046 0.199028 0.0478082
v -0.0622263 0.189487 0.0515114
v -0.0520774 0.19442 0.0508483
v -0.0487429 0.184455 0.0545929
v -0.0388189 0.187848 0.0543612
v -0.027383 0.189982 0.0538959
v -0.0406617 0.19823 0.0500802
v -0.0269026 0.200971 0.0489002
v -0.011354 0.215145 0.0422092
v -0.026607 0.211832 0.0439039
v -0.0135566 0.20349 0.0478965
v -0.0156882 0.191811 0.0534914
v -0.00386698 0.192412 0.0529988
v -0.00377729 0.181576 0.0571632
v -0.00376837 0.170734 0.0612828
v -0.0130699 0.148654 0.0684289
v -0.0138246 0.159518 0.065017
v -0.0122066 0.137821 0.0715275
v -0.011125 0.127081 0.0741473
v -0.00993735 0.116368 0.0767667
v -0.0226826 0.136375 0.0716173
v -0.0342852 0.145157 0.0689555
v -0.0352656 0.156022 0.0656068
v -0.0362289 0.16673 0.061768
v -0.0633743 0.2113 0.0408972
v -0.0254858 0.168581 0.0617539
v -0.014699 0.170192 0.061628
v -0.0372847 0.177396 0.0580173
v -0.0265582 0.179197 0.057912
v -0.000657064 0.127925 0.0737475
v 0.000481732 0.116966 0.0758759
v 0.00979015 0.12834 0.0727265
v 0.0187688 0.15839 0.0633815
v 0.0090567 0.138755 0.070271
v 0.0084921 0.149064 0.0673657
v 0.018333 0.168701 0.0602791
v 0.00789158 0.15953 0.0642239
v 0.00724072 0.170219 0.0607508
v 0.0179193 0.178603 0.0563315
v 0.0240237 0.188307 0.051351
v 0.0297011 0.176729 0.0563649
v 0.0344444 0.18625 0.0514017
v 0.0389987 0.194992 0.0468117
v 0.0492173 0.189787 0.0478832
v 0.0454399 0.204466 0.043485
v 0.0646334 0.191887 0.044084
v 0.0710735 0.199202 0.0393689
v 0.0775661 0.206367 0.0345746
v 0.0858981 0.198646 0.0345442
v 0.0943285 0.198497 0.0413443
v 0.0794534 0.19512 0.0426472
v 0.0878545 0.195174 0.0496507
v 0.096183 0.195486 0.0567868
v 0.0670072 0.187022 0.0590413
v 0.0898713 0.191565 0.0649022
v 0.110817 0.199966 0.0560787
v 0.117247 0.203949 0.0480126
v 0.123686 0.207925 0.0399263
v 0.113951 0.209149 0.0169098
v 0.115507 0.206663 0.032475
v 0.121974 0.210808 0.0244735
v 0.129929 0.212636 0.0320615
v 0.13602 0.217741 0.0243277
v 0.134262 0.220562 0.00893338
v 0.141595 0.223693 0.0167532
v 0.139904 0.225988 0.000982055
v 0.147202 0.229522 0.00902472
v 0.154666 0.232408 0.0167907
v -0.08477 0.221857 0.0320767
v 0.148858 0.22692 0.024598
v 0.143555 0.220401 0.0320527
v 0.138118 0.213948 0.0394423
v 0.128334 0.215316 0.0166468
v 0.120279 0.213693 0.00911938
v 0.107364 0.205363 0.0249764
v 0.109074 0.202743 0.0405418
v 0.0693857 0.182145 0.0738779
v 0.0754107 0.186975 0.0659376
v 0.060966 0.182237 0.0669833
v 0.0391441 0.175578 0.0603748
v 0.0471244 0.17605 0.0674951
v 0.0551922 0.176392 0.0745365
v 0.0443572 0.182009 0.0530451
v -0.0785363 0.21516 0.0382244
v 0.0345681 0.168133 0.0672485
v 0.045362 0.160836 0.0871583
v 0.0320867 0.159543 0.0742349
v 0.0383797 0.160257 0.0805658
v 0.0420561 0.168556 0.0739817
v 0.0503258 0.168746 0.0809365
v 0.0525793 0.182221 0.0600443
v 0.0585439 0.187169 0.0520306
v 0.0730492 0.19156 0.05086
v 0.0814643 0.191574 0.0579328
v 0.100871 0.201836 0.0331128
v 0.102585 0.199139 0.0486616
v 0.0927626 0.205072 0.0288632
v 0.0995179 0.210879 0.0226705
v 0.0784802 0.214627 0.0304376
v 0.0987737 0.224966 0.0158446
v 0.105673 0.230574 0.00896197
v 0.106406 0.216514 0.0158777
v 0.112996 0.222051 0.0090008
v 0.119515 0.227459 0.00189814
v 0.126582 0.218775 0.0016709
v 0.132615 0.223922 -0.00608836
v 0.11855 0.241226 -0.00565607
v 0.125576 0.232571 -0.00587907
v 0.112189 0.235963 0.00178683
v 0.088188 0.220415 0.0237448
v 0.0296145 0.218847 0.039333
v 0.0652866 0.214566 0.0351982
v -0.0726137 0.207235 0.0433231
v 0.0225182 0.242529 0.0289958
v 0.0621835 0.206494 0.039384
v 0.0553376 0.198924 0.0442063
v -0.00170526 0.138694 0.0711245
v -0.0237296 0.147242 0.0684947
v -0.0246045 0.157917 0.0651361
v -0.00237519 0.149277 0.0681857
v -0.0030982 0.160099 0.0648556
v 0.0086269 0.180496 0.0565722
v 0.00927288 0.191046 0.0523133
v 0.00917904 0.201575 0.0482726
v 0.0247526 0.198798 0.0472239
v -0.0570816 0.203843 0.0469071
v 0.0175098 0.211646 0.0434674
v 0.0327838 0.20861 0.0436003
v -0.00069984 0.214742 0.0436874
v 0.00207921 0.225111 0.0388251
v -0.0152749 0.181077 0.0576147
v 0.00598835 0.235769 0.0332905
v 0.0126947 0.222093 0.0393831
v 0.0165591 0.2324 0.0340598
v 0.0276002 0.22844 0.0349477
v 0.0331641 0.237704 0.0298585
v 0.0428263 0.231719 0.0310703
v 0.0523986 0.225241 0.0323684
v 0.0484001 0.238774 0.0260837
v 0.0580138 0.232287 0.0273473
v 0.0671903 0.225608 0.0287709
v 0.0642542 0.238973 0.0217669
v 0.0730145 0.232057 0.0231694
v 0.0705515 0.24535 0.0156519
v 0.0790914 0.238079 0.0166417
v 0.0938344 0.236943 0.0112595
v 0.0769878 0.251628 0.00926592
v 0.0854059 0.244282 0.010263
v 0.0685545 0.259059 0.00849703
v 0.0600205 0.266375 0.00764733
v 0.0371224 0.259281 0.0182222
v 0.0531012 0.259601 0.0136351
v 0.0619314 0.252559 0.0146584
v 0.0875873 0.230937 0.018009
v 0.0553588 0.245882 0.0205127
v 0.0388201 0.245271 0.0248182
v 0.0462239 0.252736 0.0194574
v 0.0294152 0.251703 0.0233001
v -0.00373758 0.203575 0.0486255
v 0.0616017 0.218656 0.0335536
v 0.0446238 0.213761 0.0398696
v 0.0513433 0.217025 0.0370485
v 0.038061 0.223241 0.0359542
v 0.0109909 0.245961 0.0280972
v 0.163398 -0.0100964 -0.010027
v 0.218031 0.079953 -0.0797634
v 0.218397 0.0606745 -0.0744587
v 0.221607 0.072042 -0.0794338
v 0.225059 0.0832072 -0.0846093
v 0.221991 0.0912078 -0.0843422
v 0.211145 0.0560744 -0.0699904
v 0.223175 0.0637614 -0.0814246
v 0.228314 0.057949 -0.0913471
v 0.227321 0.0663892 -0.0890128
v 0.226329 0.0748295 -0.0866786
v 0.229182 0.0857973 -0.0922365
v 0.228045 0.0941988 -0.0901003
v 0.218911 0.0993662 -0.0842989
v 0.221476 0.044184 -0.0792382
v 0.22021 0.0524415 -0.0767025
v 0.215659 0.049149 -0.0696136
v 0.226424 0.10254 -0.0883028
v 0.233007 0.0883185 -0.100145
v 0.231833 0.0967052 -0.0980287
v 0.231223 0.0689151 -0.0967188
v 0.230218 0.0773612 -0.0944644
v 0.225072 0.0470031 -0.0864757
v 0.224042 0.0553888 -0.0839393
v 0.217248 0.041046 -0.0722034
v 0.208927 0.0447264 -0.0647677
v 0.230557 0.0604262 -0.0992029
v 0.22713 0.121731 -0.0923646
v 0.223169 0.110589 -0.0883035
v 0.230633 0.105092 -0.0959177
v 0.233833 0.0798432 -0.102436
v 0.218529 0.032933 -0.0750338
v 0.212854 0.0376486 -0.0653155
v 0.202092 0.0400982 -0.0600701
v 0.229218 0.11347 -0.0938983
v 0.229215 0.13259 -0.0982273
v 0.223662 0.129813 -0.092241
v 0.21988 0.11875 -0.0883829
v 0.235168 0.0990721 -0.106119
v 0.233907 0.107454 -0.104019
v 0.21437 0.0296484 -0.0681364
v 0.207609 0.0337357 -0.0591802
v 0.232528 0.11583 -0.101969
v 0.230897 0.124219 -0.100087
v 0.226763 0.140703 -0.0966666
v 0.236829 0.109732 -0.112184
v 0.221488 0.0360872 -0.0822565
v 0.2014 0.0290784 -0.0543203
v 0.196388 0.0352686 -0.0547941
v 0.226683 0.0499399 -0.0939482
v 0.2232 0.0567539 -0.108179
v 0.235238 0.118152 -0.110205
v 0.233628 0.126591 -0.108211
v 0.229606 0.143228 -0.1047
v 0.219984 0.137751 -0.0923657
v 0.235746 0.090607 -0.10845
v 0.209821 0.0260764 -0.06161
v 0.1946 0.0306622 -0.0471798
v 0.168718 -0.0162554 -0.00870364
v 0.225386 0.053192 -0.101278
v 0.219913 0.0464686 -0.103612
v 0.221153 0.0430539 -0.0964971
v 0.228103 0.0639412 -0.106453
v 0.231836 0.13502 -0.106371
v 0.222728 0.148512 -0.0966648
v 0.232633 0.0714169 -0.104691
v 0.216016 0.0301109 -0.0861146
v 0.21473 0.0263741 -0.0789554
v 0.212801 0.0226081 -0.0719938
v 0.191951 0.0262139 -0.0399157
v 0.214473 0.0396984 -0.106007
v 0.221789 0.0397724 -0.0892743
v 0.220149 0.0602004 -0.115206
v 0.232179 0.145725 -0.11283
v 0.22739 0.151378 -0.102992
v 0.224119 0.159303 -0.101944
v 0.218376 0.15626 -0.0969385
v 0.209782 0.0248351 -0.0901498
v 0.209198 0.0207336 -0.083037
v 0.208812 0.0164727 -0.0764641
v 0.204896 0.0137141 -0.070009
v 0.205966 0.0221466 -0.054908
v 0.201449 0.0181504 -0.0485226
v 0.195393 0.0241086 -0.0496454
v 0.217814 0.0499608 -0.110391
v 0.215579 0.0364001 -0.0987973
v 0.224774 0.0672139 -0.113544
v 0.23525 0.101263 -0.114498
v 0.235597 0.128884 -0.116452
v 0.234218 0.137396 -0.114584
v 0.233015 0.0822993 -0.110558
v 0.221115 0.0703381 -0.120707
v 0.229031 0.0746068 -0.112052
v 0.210188 0.0186284 -0.0651072
v 0.235329 0.120315 -0.118141
v 0.174473 -0.0129022 -0.0144121
v 0.229615 0.153875 -0.111077
v 0.224958 0.0777706 -0.119129
v 0.196098 0.0137271 -0.0430621
v 0.189612 0.0192275 -0.044802
v 0.16896 -0.00658174 -0.0154443
v 0.228724 0.0854623 -0.117621
v 0.201994 0.00936398 -0.0634253
v 0.198308 0.0050668 -0.0569744
v 0.206774 0.0144332 -0.0583296
v 0.202728 0.0103754 -0.0518463
v 0.198682 0.00631756 -0.045363
v 0.19432 0.00230216 -0.0390084
v 0.232068 0.093303 -0.116051
v 0.194439 0.00102077 -0.0507591
v 0.190538 -0.00297959 -0.0445865
v 0.190342 0.00892467 -0.0381981
v 0.186498 0.0149937 -0.0376918
v 0.221258 0.0803897 -0.126466
v 0.224324 0.0883051 -0.124784
v 0.22739 0.0962205 -0.123101
v 0.230457 0.104136 -0.121418
v 0.218788 0.0624219 -0.122653
v 0.186454 -0.00689176 -0.0383374
v 0.189823 -0.00165981 -0.0326064
v 0.185056 0.00479243 -0.0325387
v 0.181981 -0.0109775 -0.0320846
v 0.179654 0.000753292 -0.0269408
v 0.174358 -0.00301645 -0.0211606
v 0.184955 -0.00552538 -0.0264226
v 0.179852 -0.00927777 -0.0203194
v 0.217411 0.290011 -0.151835
v 0.222091 0.289859 -0.146176
v 0.22497 0.283986 -0.14872
v 0.228211 0.278328 -0.151192
v 0.220523 0.284103 -0.154372
v 0.223844 0.278147 -0.156983
v 0.228373 0.272742 -0.159776
v 0.233212 0.26794 -0.16165
v 0.230863 0.267133 -0.168561
v 0.236417 0.262408 -0.170024
v 0.241932 0.257792 -0.170505
v 0.330749 0.269079 -0.262174
v 0.230996 0.272507 -0.153246
v 0.233391 0.266481 -0.155247
v 0.28004 0.234368 -0.196514
v 0.264447 0.245264 -0.194252
v 0.262798 0.250476 -0.202833
v 0.25941 0.249792 -0.196328
v 0.266548 0.251703 -0.208941
v 0.273844 0.232719 -0.193471
v 0.272016 0.24805 -0.206225
v 0.281014 0.245156 -0.209862
v 0.246466 0.245267 -0.173782
v 0.28601 0.240406 -0.207817
v 0.282182 0.23884 -0.201958
v 0.273334 0.242088 -0.198078
v 0.23972 0.255846 -0.164471
v 0.23996 0.249634 -0.167651
v 0.240371 0.243318 -0.170609
v 0.247368 0.232499 -0.179665
v 0.277104 0.243488 -0.20405
v 0.268165 0.246532 -0.20033
v 0.235347 0.261803 -0.177106
v 0.241481 0.257527 -0.177489
v 0.237663 0.262286 -0.162898
v 0.245501 0.251617 -0.171177
v 0.252116 0.247014 -0.177207
v 0.259386 0.242279 -0.182786
v 0.271854 0.239261 -0.192316
v 0.266926 0.237468 -0.18771
v 0.260222 0.235951 -0.185372
v 0.253605 0.234355 -0.182892
v 0.253424 0.24056 -0.179449
v 0.254035 0.227938 -0.185785
v 0.246833 0.238943 -0.176914
v 0.260719 0.223387 -0.191916
v 0.267206 0.225041 -0.194682
v 0.267127 0.23122 -0.191139
v 0.260418 0.229713 -0.188784
v 0.287058 0.229835 -0.202186
v 0.280446 0.228232 -0.199677
v 0.273833 0.226629 -0.197168
v 0.280779 0.22185 -0.202675
v 0.275164 0.213372 -0.201847
v 0.26866 0.211693 -0.199114
v 0.274283 0.220169 -0.199938
v 0.267778 0.21849 -0.197205
v 0.282739 0.20815 -0.206022
v 0.276148 0.206519 -0.203502
v 0.269557 0.204887 -0.200983
v 0.281758 0.215013 -0.204418
v 0.277176 0.199648 -0.205077
v 0.270789 0.197974 -0.2023
v 0.272203 0.19104 -0.203217
v 0.278284 0.192761 -0.206475
v 0.291597 0.189179 -0.214156
v 0.290929 0.196071 -0.212298
v 0.290241 0.202959 -0.210448
v 0.289286 0.209806 -0.208723
v 0.288331 0.216653 -0.206997
v 0.294624 0.218352 -0.210406
v 0.293266 0.225323 -0.208868
v 0.300062 0.22027 -0.214773
v 0.301009 0.213273 -0.216697
v 0.296295 0.204574 -0.214035
v 0.295609 0.211495 -0.212132
v 0.302145 0.19936 -0.220542
v 0.301565 0.206345 -0.218684
v 0.297383 0.190731 -0.217943
v 0.296888 0.197663 -0.215959
v 0.29805 0.18377 -0.219694
v 0.292869 0.182197 -0.215046
v 0.304461 0.178349 -0.225411
v 0.308845 0.18002 -0.23092
v 0.307726 0.18707 -0.229534
v 0.306947 0.19412 -0.227849
v 0.306221 0.201168 -0.22611
v 0.305534 0.208225 -0.224304
v 0.304836 0.215362 -0.222317
v 0.304137 0.222499 -0.22033
v 0.304151 0.238612 -0.222551
v 0.300394 0.236397 -0.217009
v 0.298641 0.227297 -0.21313
v 0.292567 0.231986 -0.206274
v 0.296587 0.23418 -0.211545
v 0.308043 0.241076 -0.227939
v 0.316112 0.247622 -0.237526
v 0.328395 0.268365 -0.255169
v 0.324427 0.264644 -0.250691
v 0.320244 0.26096 -0.246295
v 0.325548 0.274501 -0.254958
v 0.330042 0.276853 -0.260329
v 0.323503 0.254446 -0.247403
v 0.319929 0.250864 -0.242639
v 0.326498 0.258505 -0.252697
v 0.320049 0.245564 -0.247319
v 0.321715 0.250587 -0.255038
v 0.307042 0.231252 -0.235344
v 0.255126 0.22491 -0.257877
v 0.25051 0.228904 -0.265769
v 0.244795 0.227125 -0.269924
v 0.245868 0.232597 -0.274008
v 0.253442 0.238425 -0.275653
v 0.258472 0.23466 -0.267574
v 0.256788 0.229981 -0.262478
v 0.263332 0.230788 -0.259722
v 0.274785 0.22726 -0.249495
v 0.281336 0.228004 -0.246791
v 0.266764 0.239879 -0.270145
v 0.265025 0.235426 -0.264853
v 0.269878 0.23158 -0.256978
v 0.273518 0.240393 -0.267683
v 0.271667 0.236004 -0.262308
v 0.280355 0.240861 -0.265282
v 0.278504 0.236472 -0.259907
v 0.276654 0.232083 -0.254532
v 0.287191 0.241329 -0.262882
v 0.285341 0.23694 -0.257507
v 0.294028 0.241797 -0.260481
v 0.292178 0.237408 -0.255106
v 0.281711 0.245581 -0.270545
v 0.288481 0.246094 -0.268129
v 0.29525 0.246606 -0.265714
v 0.300849 0.242276 -0.258077
v 0.261303 0.24393 -0.277696
v 0.268114 0.24449 -0.27532
v 0.274925 0.245049 -0.272944
v 0.28262 0.250501 -0.275571
v 0.28954 0.250969 -0.273266
v 0.29639 0.251561 -0.270906
v 0.303003 0.252603 -0.268356
v 0.309616 0.253644 -0.265806
v 0.316229 0.254686 -0.263255
v 0.308675 0.248247 -0.26084
v 0.31525 0.249407 -0.2582
v 0.316936 0.260305 -0.267739
v 0.32326 0.261899 -0.264498
v 0.322633 0.256126 -0.260207
v 0.302023 0.247215 -0.263342
v 0.28337 0.232661 -0.251936
v 0.290037 0.233286 -0.249259
v 0.298854 0.238023 -0.252445
v 0.305521 0.238648 -0.249768
v 0.296704 0.233861 -0.246659
v 0.294556 0.229313 -0.241472
v 0.303371 0.234414 -0.244093
v 0.301223 0.229865 -0.238906
v 0.307758 0.242914 -0.255427
v 0.260034 0.239317 -0.272649
v 0.251957 0.233771 -0.270631
v 0.261606 0.225925 -0.254747
v 0.268217 0.226551 -0.252164
v 0.287905 0.228731 -0.244065
v 0.309932 0.235093 -0.241405
v 0.31459 0.243965 -0.252229
v 0.312271 0.239352 -0.246958
v 0.316822 0.241592 -0.241732
v 0.313279 0.237803 -0.236094
v 0.309736 0.234013 -0.230455
v 0.31212 0.244333 -0.232703
v 0.316007 0.257356 -0.241801
v 0.312006 0.253904 -0.23722
v 0.302958 0.229578 -0.218323
v 0.306091 0.230382 -0.224899
v 0.303342 0.18534 -0.224197
v 0.302733 0.192365 -0.222388
v 0.285692 0.187503 -0.210628
v 0.284644 0.19444 -0.209304
v 0.283701 0.201292 -0.20765
v 0.263658 0.203026 -0.197351
v 0.262602 0.20987 -0.195712
v 0.261546 0.216714 -0.194072
v 0.287279 0.223525 -0.205388
v 0.255525 0.214751 -0.19048
v 0.254692 0.221417 -0.188316
v -0.10077 -0.0783281 0.178788
v -0.117955 -0.087505 0.168733
v -0.116252 -0.0819818 0.160628
v -0.110401 -0.0783204 0.157956
v -0.106843 -0.0777091 0.147708
v -0.100812 -0.0760039 0.161569
v -0.103918 -0.0765744 0.154654
v -0.10032 -0.0765 0.144408
v -0.097198 -0.0759855 0.151233
v -0.0908219 -0.076406 0.164687
v -0.0873583 -0.0775989 0.171364
v -0.122865 -0.0953271 0.169474
v -0.0974425 -0.0761126 0.168332
v -0.0938973 -0.0767789 0.175037
v -0.0928747 -0.0821696 0.191285
v -0.0967939 -0.0799067 0.185064
v -0.106043 -0.0838173 0.180395
v -0.109792 -0.0824645 0.174085
v -0.115976 -0.103515 0.189306
v -0.111572 -0.0974123 0.188449
v -0.110759 -0.0899444 0.181272
v -0.115169 -0.0960453 0.182138
v -0.114365 -0.0885746 0.174972
v -0.118932 -0.0946703 0.176084
v -0.119461 -0.10223 0.183017
v -0.113366 -0.0814916 0.167602
v -0.104048 -0.110005 0.205328
v -0.0923354 -0.110574 0.215393
v -0.087206 -0.105009 0.21585
v -0.0837775 -0.109315 0.220615
v -0.0889075 -0.114909 0.220082
v -0.0804296 -0.114094 0.225174
v -0.0820568 -0.124127 0.228834
v -0.0855004 -0.119597 0.2244
v -0.0770544 -0.118918 0.229391
v -0.081728 -0.0995687 0.215565
v -0.095907 -0.106917 0.210681
v -0.090798 -0.101357 0.210364
v -0.0856891 -0.0957983 0.210047
v -0.0947649 -0.0981843 0.204647
v -0.0896625 -0.0926335 0.204327
v -0.0939038 -0.0898118 0.198488
v -0.0998521 -0.103765 0.205026
v -0.0989377 -0.0954971 0.199072
v -0.103882 -0.101346 0.199907
v -0.112351 -0.105261 0.195188
v -0.1078 -0.0991899 0.194402
v -0.102915 -0.093345 0.193491
v -0.0980296 -0.0875 0.19258
v -0.1021 -0.0855312 0.186533
v -0.0887757 -0.0849155 0.197378
v -0.0865985 -0.0806356 0.188214
v -0.083726 -0.0794621 0.178065
v -0.0833726 -0.0835103 0.194692
v -0.0802517 -0.0819376 0.184543
v -0.0781922 -0.0923769 0.207105
v -0.080795 -0.0876272 0.20113
v -0.0723299 -0.104071 0.21595
v -0.0692816 -0.110366 0.219695
v -0.0748181 -0.11075 0.2236
v -0.0782692 -0.104374 0.220472
v -0.0666035 -0.104636 0.21139
v -0.0695214 -0.0987396 0.207363
v -0.0722021 -0.0935059 0.202838
v -0.075386 -0.0977507 0.212242
v -0.0747926 -0.0893558 0.196901
v -0.0773644 -0.0851576 0.190937
v -0.11319 -0.07947 0.151011
v -0.0843557 -0.0883297 0.203007
v -0.108366 -0.107624 0.200366
v -0.122617 -0.101063 0.176493
v -0.107002 -0.0913709 0.187491
v -0.0902107 -0.0781569 0.181694
v -0.104131 -0.0778477 0.171863
v -0.0940903 -0.0759715 0.157974
v -0.109522 -0.0791341 0.140876
v -0.10314 -0.0774591 0.137542
v -0.115727 -0.0813711 0.144173
v -0.107466 -0.077528 0.164921
v -0.1056 -0.0793426 0.130861
v -0.111954 -0.0810943 0.134206
v -0.117889 -0.0838494 0.137444
v -0.132582 -0.104955 0.134173
v -0.129279 -0.109328 0.0889253
v -0.125836 -0.0912301 0.140028
v -0.13298 -0.115739 0.0894061
v -0.140235 -0.153286 0.121309
v -0.143116 -0.150412 0.105584
v -0.125553 -0.089908 0.147447
v -0.129348 -0.0965603 0.14841
v -0.128784 -0.0957945 0.15594
v -0.142157 -0.149767 0.112037
v -0.126666 -0.0961787 0.163141
v -0.14228 -0.155194 0.109146
v -0.129802 -0.103329 0.163784
v -0.14128 -0.154277 0.115273
v -0.134037 -0.134524 0.159451
v -0.146206 -0.154364 0.0802577
v -0.134319 -0.131623 0.152292
v -0.131124 -0.140768 0.156033
v -0.145288 -0.156926 0.0896926
v -0.144284 -0.156486 0.0963217
v -0.131553 -0.137621 0.149124
v -0.130981 -0.144609 0.146724
v -0.134577 -0.157386 0.136545
v -0.134528 -0.150183 0.138419
v -0.134166 -0.142975 0.140233
v -0.133692 -0.164453 0.134493
v -0.130372 -0.166218 0.140641
v -0.1306 -0.159022 0.142647
v -0.143281 -0.156045 0.102951
v -0.140406 -0.158248 0.117941
v -0.139403 -0.157808 0.12457
v -0.132574 -0.116691 0.0744753
v -0.135991 -0.122813 0.0824064
v -0.139726 -0.130039 0.0678797
v -0.1466 -0.136253 0.053977
v -0.14404 -0.129306 0.053546
v -0.141512 -0.129714 0.060608
v -0.144164 -0.136628 0.060983
v -0.130985 -0.151836 0.144759
v -0.13181 -0.103936 0.156767
v -0.132651 -0.103225 0.149106
v -0.130023 -0.097277 0.14104
v -0.129592 -0.0980594 0.133577
v -0.128669 -0.0989594 0.126044
v -0.131857 -0.10574 0.126676
v -0.13146 -0.106373 0.119095
v -0.134898 -0.112469 0.150018
v -0.13514 -0.120114 0.135069
v -0.134587 -0.112548 0.142413
v -0.134275 -0.112627 0.134808
v -0.13596 -0.12022 0.127538
v -0.132637 -0.116283 0.0819389
v -0.135167 -0.118583 0.148977
v -0.135202 -0.119459 0.142128
v -0.134203 -0.112908 0.127235
v -0.128091 -0.100529 0.11846
v -0.127848 -0.10265 0.110867
v -0.12603 -0.0951415 0.125385
v -0.125787 -0.0972628 0.117793
v -0.125544 -0.0993842 0.1102
v -0.123239 -0.0961182 0.109533
v -0.126736 -0.102929 0.103382
v -0.124798 -0.10044 0.102669
v -0.12286 -0.0979504 0.101957
v -0.125496 -0.102511 0.0959406
v -0.133187 -0.115173 0.0969132
v -0.130026 -0.10799 0.103945
v -0.129403 -0.108813 0.0964309
v -0.136747 -0.121718 0.0973692
v -0.133576 -0.114543 0.1044
v -0.136859 -0.121234 0.104846
v -0.139301 -0.128203 0.105242
v -0.138746 -0.127993 0.112787
v -0.140362 -0.135299 0.113134
v -0.140855 -0.135539 0.105621
v -0.138189 -0.127778 0.120324
v -0.136468 -0.122263 0.0898906
v -0.138891 -0.151494 0.126378
v -0.138123 -0.145237 0.128146
v -0.139476 -0.146241 0.122248
v -0.137356 -0.138981 0.129915
v -0.138708 -0.139984 0.124017
v -0.140061 -0.140988 0.118119
v -0.136588 -0.132724 0.131683
v -0.137941 -0.133728 0.125785
v -0.139293 -0.134732 0.119887
v -0.135821 -0.126468 0.133451
v -0.137173 -0.127472 0.127553
v -0.140835 -0.1482 0.117383
v -0.141416 -0.142362 0.112621
v -0.143913 -0.150292 0.0982254
v -0.142249 -0.142785 0.105807
v -0.142443 -0.143024 0.0982224
v -0.142684 -0.143259 0.090632
v -0.141067 -0.136099 0.0905586
v -0.144306 -0.150397 0.0907244
v -0.142953 -0.143383 0.0831365
v -0.141325 -0.136268 0.0830252
v -0.144371 -0.147514 0.0803686
v -0.142626 -0.136921 0.0682333
v -0.143967 -0.143716 0.0758513
v -0.141388 -0.136646 0.0756322
v -0.139305 -0.129717 0.0753416
v -0.139387 -0.129308 0.082862
v -0.135904 -0.123254 0.0749104
v -0.332819 -0.139543 -0.226477
v -0.331928 -0.129867 -0.22888
v -0.330498 -0.120109 -0.230469
v -0.319927 -0.112217 -0.236236
v -0.321769 -0.121922 -0.235374
v -0.32341 -0.131577 -0.234033
v -0.310334 -0.163458 -0.237498
v -0.31613 -0.142847 -0.2369
v -0.314455 -0.133392 -0.238564
v -0.308676 -0.154181 -0.239336
v -0.307021 -0.144925 -0.241198
v -0.305153 -0.135697 -0.242656
v -0.295832 -0.13795 -0.246668
v -0.303396 -0.126001 -0.243877
v -0.292263 -0.11844 -0.248699
v -0.290437 -0.10855 -0.249049
v -0.288478 -0.0987458 -0.249182
v -0.27726 -0.0909351 -0.253049
v -0.286522 -0.0889437 -0.249362
v -0.284523 -0.0791016 -0.249318
v -0.282524 -0.0692595 -0.249274
v -0.280525 -0.0594174 -0.24923
v -0.275271 -0.0810858 -0.253006
v -0.273265 -0.071193 -0.252734
v -0.271257 -0.0613005 -0.252454
v -0.269721 -0.102703 -0.256215
v -0.269237 -0.0514287 -0.252335
v -0.267177 -0.0415626 -0.252119
v -0.328305 -0.110409 -0.230848
v -0.276518 -0.0396812 -0.249068
v -0.285617 -0.0377825 -0.245362
v -0.300728 -0.0653543 -0.241593
v -0.287642 -0.0476276 -0.245395
v -0.26774 -0.0927724 -0.255962
v -0.263343 -0.124921 -0.259071
v -0.264965 -0.135313 -0.258844
v -0.257647 -0.150146 -0.260517
v -0.245779 -0.182165 -0.261615
v -0.237595 -0.188842 -0.263036
v -0.220086 -0.215709 -0.263628
v -0.212223 -0.221881 -0.264699
v -0.196504 -0.234151 -0.266634
v -0.188497 -0.240147 -0.267143
v -0.318035 -0.102498 -0.236994
v -0.301597 -0.116285 -0.244766
v -0.310785 -0.114191 -0.240508
v -0.202015 -0.241558 -0.262533
v -0.193772 -0.24771 -0.263203
v -0.217713 -0.229091 -0.260455
v -0.209998 -0.235289 -0.261603
v -0.232972 -0.216835 -0.257738
v -0.22535 -0.222957 -0.259116
v -0.23723 -0.223827 -0.25221
v -0.229594 -0.229943 -0.253448
v -0.244667 -0.218149 -0.250544
v -0.270563 -0.187668 -0.249381
v -0.282232 -0.192442 -0.242037
v -0.274387 -0.195777 -0.243907
v -0.298633 -0.186201 -0.238752
v -0.29538 -0.177263 -0.242009
v -0.287051 -0.180433 -0.244264
v -0.278755 -0.183749 -0.24678
v -0.266923 -0.179351 -0.253512
v -0.258672 -0.184655 -0.255908
v -0.248115 -0.204893 -0.254623
v -0.240586 -0.210687 -0.256333
v -0.243261 -0.196723 -0.2596
v -0.250963 -0.190681 -0.257889
v -0.254635 -0.175467 -0.259475
v -0.263437 -0.170202 -0.256871
v -0.269649 -0.156156 -0.256072
v -0.260377 -0.160473 -0.259153
v -0.279106 -0.152598 -0.252712
v -0.281389 -0.16209 -0.250706
v -0.284075 -0.171443 -0.247875
v -0.275386 -0.17488 -0.250889
v -0.292825 -0.168346 -0.244708
v -0.325739 -0.160366 -0.226309
v -0.318975 -0.171404 -0.229592
v -0.318277 -0.161826 -0.232072
v -0.324828 -0.141147 -0.232111
v -0.325636 -0.150699 -0.229411
v -0.31251 -0.172455 -0.236261
v -0.301544 -0.165811 -0.241307
v -0.299559 -0.156587 -0.24341
v -0.290564 -0.15916 -0.247184
v -0.276833 -0.142824 -0.254369
v -0.28463 -0.130496 -0.2519
v -0.274913 -0.132891 -0.255536
v -0.273213 -0.122905 -0.256082
v -0.281087 -0.110653 -0.252921
v -0.272453 -0.165779 -0.253799
v -0.304045 -0.174758 -0.239513
v -0.307458 -0.1836 -0.238395
v -0.290165 -0.189008 -0.240073
v -0.266943 -0.201273 -0.245571
v -0.259521 -0.206883 -0.247225
v -0.252098 -0.212492 -0.248879
v -0.26312 -0.193413 -0.251087
v -0.255621 -0.199156 -0.252865
v -0.204372 -0.228026 -0.265719
v -0.235545 -0.203042 -0.260957
v -0.227827 -0.209363 -0.262312
v -0.229733 -0.195332 -0.264184
v -0.221801 -0.201791 -0.265102
v -0.250638 -0.165948 -0.261829
v -0.267078 -0.145917 -0.257903
v -0.271633 -0.112664 -0.256328
v -0.278535 -0.0495507 -0.249132
v -0.295717 -0.0869649 -0.245596
v -0.293697 -0.0771285 -0.245534
v -0.291677 -0.067292 -0.245473
v -0.289657 -0.0574556 -0.245411
v -0.304838 -0.0849603 -0.24158
v -0.302765 -0.0751726 -0.241614
v -0.306902 -0.0947389 -0.241476
v -0.313821 -0.0829842 -0.237467
v -0.315938 -0.0927544 -0.237315
v -0.308897 -0.104497 -0.241139
v -0.299681 -0.10654 -0.245199
v -0.297741 -0.0967527 -0.245463
v -0.279241 -0.100767 -0.253104
v -0.282869 -0.120575 -0.252451
v -0.286505 -0.140177 -0.25067
v -0.294073 -0.128233 -0.247987
v -0.297737 -0.147269 -0.245258
v -0.288468 -0.149671 -0.249158
v -0.317598 -0.1523 -0.234824
v -0.312641 -0.12383 -0.239656
v -0.185208 0.0347043 0.0242238
v -0.185014 0.0217802 0.0185424
v -0.185137 0.0260554 0.0204761
v -0.18526 0.0303307 0.0224098
v -0.184764 0.0174282 0.0165381
v -0.184326 0.0195876 0.0230262
v -0.184006 0.0134027 0.0141067
v -0.183648 0.0153632 0.0208064
v -0.182079 0.0114232 0.0181521
v -0.181662 0.0133864 0.024839
v -0.178242 0.00741427 0.026231
v -0.180146 0.00942298 0.0221894
v -0.179445 0.0052966 0.0196268
v -0.181135 0.00745897 0.0155231
v -0.1792 0.00409585 0.0126757
v -0.177549 0.00179862 0.0167103
v -0.173661 -0.00356436 0.0177226
v -0.175499 -0.00138917 0.0137573
v -0.171218 -0.00647526 0.0145207
v -0.171081 -0.00565268 0.0213703
v -0.166139 -0.0109834 0.0145312
v -0.168619 -0.00842788 0.0180469
v -0.160275 -0.014478 0.0213238
v -0.163391 -0.0128754 0.0179737
v -0.165826 -0.0102499 0.02148
v -0.162558 -0.0116283 0.0248104
v -0.167909 -0.00717603 0.024852
v -0.169449 -0.00342721 0.0277841
v -0.174109 0.00190755 0.0270997
v -0.170831 0.000382976 0.0306248
v -0.175567 0.0057062 0.0299748
v -0.167255 -0.00101081 0.03398
v -0.160385 -0.009131 0.030959
v -0.16182 -0.0055384 0.033949
v -0.165866 -0.00471706 0.0310782
v -0.158812 -0.0125602 0.0278885
v -0.164391 -0.0082666 0.0280605
v -0.153051 -0.0166984 0.0276109
v -0.15684 -0.0157404 0.0245545
v -0.154229 -0.0178995 0.0209173
v -0.157587 -0.0166708 0.017701
v -0.150461 -0.0186429 0.0237967
v -0.142266 -0.0196296 0.0286747
v -0.146743 -0.0191978 0.0263803
v -0.14882 -0.0172164 0.0301438
v -0.109076 0.0427532 0.0651248
v -0.144287 -0.0175236 0.0324019
v -0.160827 -0.0153346 0.0144384
v -0.172659 -0.00193184 0.0242554
v -0.175726 -0.00043502 0.020731
v -0.177204 0.00338839 0.0235556
v -0.179346 0.0115301 0.02878
v -0.18265 0.0175735 0.027318
v -0.182679 0.0220906 0.0293322
v -0.182436 0.0267146 0.0312087
v -0.181981 0.0314156 0.0329773
v -0.184008 0.0330158 0.0286513
v -0.181202 0.0360861 0.0345347
v -0.183148 0.0375536 0.0300983
v -0.179987 0.04078 0.0354308
v -0.182019 0.0422099 0.0311272
v -0.178518 0.045585 0.0359342
v -0.17694 0.050244 0.036388
v -0.180086 0.0467059 0.0314945
v -0.182883 0.0434476 0.0265147
v -0.181092 0.0478008 0.0269633
v -0.178103 0.0510808 0.0317484
v -0.175874 0.055146 0.0313863
v -0.174514 0.0545019 0.0358608
v -0.172003 0.0586233 0.0351649
v -0.170195 0.0581972 0.0395011
v -0.164778 0.0614904 0.0422966
v -0.167366 0.0618711 0.0382478
v -0.159381 0.0647598 0.0445386
v -0.161796 0.0649385 0.0404206
v -0.153338 0.0672248 0.0458823
v -0.156516 0.0640477 0.0483575
v -0.152966 0.0629258 0.0515145
v -0.150256 0.0664244 0.0494712
v -0.145053 0.06003 0.0564342
v -0.149096 0.061496 0.0541385
v -0.146289 0.0649743 0.0519108
v -0.141089 0.0586847 0.0588631
v -0.138523 0.062534 0.0570443
v -0.142399 0.0637431 0.0544654
v -0.139741 0.0672939 0.0523343
v -0.143632 0.068554 0.0498087
v -0.184165 0.0391986 0.0255803
v -0.184586 0.0239676 0.0250491
v -0.179907 0.0158895 0.0311312
v -0.176861 0.0143032 0.0347623
v -0.135819 0.0660397 0.0547831
v -0.134384 0.0611398 0.058896
v -0.139466 0.0532865 0.0625346
v -0.136965 0.0572807 0.060781
v -0.132613 0.0556722 0.0622759
v -0.1301 0.0596207 0.060458
v -0.18469 0.0284123 0.0270609
v -0.178564 0.0346147 0.0386698
v -0.135055 0.0516233 0.0638591
v -0.132524 0.0455521 0.0650673
v -0.137085 0.0472221 0.0641652
v -0.127936 0.0438692 0.0658741
v -0.126052 0.0482227 0.0657719
v -0.121408 0.0465274 0.066191
v -0.113452 0.0341606 0.0665288
v -0.113618 0.0391294 0.0664371
v -0.112835 0.0452758 0.0650829
v -0.176025 0.0284286 0.0408141
v -0.110082 0.048756 0.0627119
v -0.107996 0.0337346 0.0658879
v -0.108536 0.0382439 0.0655064
v -0.103317 0.0353359 0.0641577
v -0.102727 0.0303961 0.0640315
v -0.0974874 0.0270648 0.0621584
v -0.0955373 0.0181642 0.0599972
v -0.0965354 0.0226058 0.0611338
v -0.101018 0.0212176 0.0625092
v -0.102016 0.0256591 0.0636458
v -0.0945278 0.0137645 0.0589672
v -0.0921579 0.00619816 0.0544516
v -0.0934208 0.00988281 0.0570666
v -0.0895628 -0.000601715 0.0484158
v -0.0908622 0.00278312 0.0514551
v -0.0882744 -0.00397611 0.0453605
v -0.094159 -0.0025946 0.0489562
v -0.0953762 0.000711841 0.0521163
v -0.100044 -0.00121309 0.0525518
v -0.0928589 -0.00579792 0.0456285
v -0.0974321 -0.00760564 0.0458736
v -0.0987922 -0.00447702 0.0493226
v -0.0960788 -0.0107159 0.0423843
v -0.102088 -0.00919079 0.0456307
v -0.106781 -0.0106726 0.0451611
v -0.111475 -0.0121543 0.0446915
v -0.116169 -0.0136361 0.0442219
v -0.103403 -0.00618395 0.0493467
v -0.108096 -0.00766573 0.0488771
v -0.10077 -0.0121946 0.0419154
v -0.105437 -0.0136349 0.0414563
v -0.110103 -0.0150752 0.0409973
v -0.114685 -0.0162616 0.0402882
v -0.119239 -0.0173498 0.039342
v -0.123875 -0.0179769 0.0377533
v -0.173513 0.0128387 0.0381087
v -0.176316 0.00994874 0.0323982
v -0.173065 0.00842898 0.0358024
v -0.176882 0.0234888 0.0388571
v -0.120869 -0.0147157 0.0432502
v -0.125475 -0.0152612 0.0416176
v -0.122403 -0.0117725 0.0470334
v -0.117607 -0.0105631 0.0479193
v -0.119041 -0.00713052 0.0512802
v -0.115673 -0.00186074 0.0548641
v -0.114266 -0.00598459 0.0520965
v -0.110884 -0.000703951 0.0554978
v -0.109498 -0.0045445 0.0525323
v -0.104723 -0.00309733 0.0529378
v -0.101366 0.00245696 0.0552024
v -0.0980094 0.00801125 0.057467
v -0.106133 0.000850074 0.055461
v -0.10276 0.00637581 0.0578427
v -0.107424 0.00488907 0.058054
v -0.0991906 0.0122552 0.0598066
v -0.103849 0.0107782 0.0600063
v -0.108507 0.00930122 0.060206
v -0.104885 0.0151914 0.0620773
v -0.105782 0.0196429 0.063588
v -0.112176 0.00358472 0.0579476
v -0.120152 -0.0026522 0.0532164
v -0.116409 0.00314461 0.055681
v -0.112843 0.00869562 0.0585363
v -0.109509 0.0139252 0.0619024
v -0.113306 0.0142319 0.0586904
v -0.110515 0.0190739 0.0631605
v -0.106643 0.0242043 0.0647431
v -0.180085 0.0204071 0.033272
v -0.177054 0.0188188 0.0368738
v -0.119134 0.0357131 0.0660179
v -0.123325 0.03784 0.0642091
v -0.127782 0.0404534 0.0627236
v -0.112826 -0.00914325 0.0484324
v -0.0966491 0.00421346 0.0549917
v -0.100093 0.0167273 0.0613011
v -0.103971 0.0399616 0.0637437
v -0.106038 0.0449226 0.062948
v -0.107525 0.029154 0.0656656
v -0.11875 0.052188 0.063451
v -0.116771 0.0541841 0.0620382
v -0.121228 0.0561617 0.0619423
v -0.17923 0.0298017 0.0368389
v -0.123681 0.052296 0.0642303
v -0.118503 0.040374 0.0668407
v -0.123279 0.042162 0.0663667
v -0.141578 0.0489186 0.0630486
v -0.152108 0.0469321 0.0595024
v -0.149968 0.0516096 0.0589825
v -0.151659 0.0575332 0.0557181
v -0.155947 0.0481874 0.0567969
v -0.153821 0.0528594 0.0562832
v -0.157466 0.0541206 0.0532825
v -0.15534 0.0587926 0.0527688
v -0.159574 0.0494073 0.0537861
v -0.163196 0.0506163 0.0507726
v -0.166817 0.0518253 0.0477592
v -0.16109 0.0553343 0.0502701
v -0.158985 0.0600523 0.0497676
v -0.164609 0.0564985 0.0471411
v -0.169945 0.0528651 0.044212
v -0.1747 0.0491916 0.0406263
v -0.171732 0.0481231 0.0442707
v -0.177678 0.0395206 0.0396775
v -0.175331 0.0335124 0.0428776
v -0.17095 0.0372358 0.0470918
v -0.174373 0.0383904 0.043583
v -0.169973 0.0421022 0.0476549
v -0.166522 0.0409209 0.0511261
v -0.162617 0.03959 0.0537852
v -0.157622 0.0433314 0.056873
v -0.157855 0.0391258 0.0544756
v -0.15246 0.0393781 0.054057
v -0.147137 0.043019 0.0567939
v -0.152613 0.0427637 0.0572007
v -0.137545 0.0436621 0.0613477
v -0.142278 0.0451835 0.0607171
v -0.132361 0.042786 0.0614602
v -0.17966 0.0251042 0.0350572
v -0.171875 0.0323506 0.0464792
v -0.167323 0.036023 0.0504181
v -0.167917 0.0311849 0.0495381
v -0.168565 0.0217092 0.0464845
v -0.16834 0.0263867 0.0482437
v -0.176206 0.0443657 0.0401435
v -0.162178 0.0610952 0.0463324
v -0.167351 0.0574837 0.0432498
v -0.163642 0.0216973 0.0459993
v -0.163339 0.0264372 0.047941
v -0.173285 0.0432597 0.0440591
v -0.168488 0.0469819 0.0478186
v -0.161459 0.0446088 0.0541579
v -0.165042 0.0458037 0.0511216
v -0.147426 0.0456903 0.0605946
v -0.130566 0.049888 0.0649484
v -0.128188 0.0540382 0.0635606
v -0.145992 0.0502543 0.0614407
v -0.143642 0.0547008 0.0604687
v -0.147673 0.0561413 0.0581406
v -0.172523 0.0538722 0.0401671
v -0.366878 0.302496 -0.25901
v -0.365932 0.319772 -0.261138
v -0.364602 0.327141 -0.258638
v -0.362224 0.33421 -0.256651
v -0.35575 0.331079 -0.253422
v -0.352895 0.338396 -0.252441
v -0.338916 0.331831 -0.248183
v -0.345922 0.335138 -0.250243
v -0.33634 0.339325 -0.246603
v -0.343347 0.342632 -0.248663
v -0.333711 0.346883 -0.245144
v -0.331164 0.354511 -0.243654
v -0.338459 0.357419 -0.245479
v -0.345732 0.360276 -0.247477
v -0.353155 0.362996 -0.249202
v -0.328969 0.362085 -0.241806
v -0.336391 0.364805 -0.243531
v -0.343813 0.367524 -0.245256
v -0.351236 0.370244 -0.246981
v -0.341894 0.374773 -0.243035
v -0.349317 0.377492 -0.24476
v -0.334406 0.372188 -0.241371
v -0.332609 0.379492 -0.238718
v -0.340043 0.382106 -0.240538
v -0.347494 0.384705 -0.242316
v -0.338389 0.38924 -0.237731
v -0.345855 0.391825 -0.239471
v -0.344217 0.398946 -0.236625
v -0.351535 0.401679 -0.23904
v -0.349932 0.408784 -0.23617
v -0.341055 0.413134 -0.230251
v -0.31664 0.413081 -0.220172
v -0.324395 0.415328 -0.222325
v -0.33215 0.417575 -0.224477
v -0.339905 0.419822 -0.226629
v -0.331 0.424263 -0.220855
v -0.338755 0.42651 -0.223007
v -0.323317 0.42207 -0.218337
v -0.315671 0.419886 -0.215695
v -0.308526 0.417481 -0.212363
v -0.300592 0.421788 -0.204243
v -0.307721 0.424268 -0.207633
v -0.30708 0.430994 -0.202727
v -0.300156 0.428448 -0.199137
v -0.293539 0.425809 -0.195241
v -0.287729 0.42935 -0.185568
v -0.288111 0.435736 -0.180458
v -0.288492 0.442121 -0.175347
v -0.282346 0.432669 -0.175811
v -0.283066 0.438832 -0.170547
v -0.278446 0.441649 -0.160444
v -0.283787 0.444995 -0.165283
v -0.289127 0.44834 -0.170122
v -0.276774 0.429463 -0.171085
v -0.277647 0.435534 -0.165746
v -0.272447 0.43203 -0.160824
v -0.273248 0.438156 -0.155523
v -0.271567 0.42596 -0.166178
v -0.325802 0.450801 -0.204436
v -0.358629 0.323945 -0.254563
v -0.273459 0.444547 -0.150735
v -0.278729 0.448085 -0.155655
v -0.28408 0.451516 -0.160594
v -0.28931 0.454916 -0.165674
v -0.306148 0.457421 -0.183941
v -0.313017 0.453305 -0.191189
v -0.328183 0.444567 -0.207822
v -0.320083 0.449134 -0.199481
v -0.306742 0.437589 -0.197641
v -0.306786 0.444051 -0.192499
v -0.313199 0.446627 -0.195786
v -0.31377 0.439946 -0.200955
v -0.321005 0.44223 -0.204279
v -0.31427 0.43333 -0.206101
v -0.32157 0.435573 -0.209362
v -0.337612 0.433222 -0.219349
v -0.329116 0.437764 -0.212211
v -0.344638 0.429613 -0.227774
v -0.361029 0.358738 -0.255434
v -0.359529 0.365974 -0.252821
v -0.357913 0.373161 -0.250164
v -0.360004 0.341365 -0.254651
v -0.356235 0.380352 -0.247584
v -0.362403 0.351457 -0.258078
v -0.363453 0.343854 -0.260087
v -0.360381 0.366955 -0.256357
v -0.363664 0.3363 -0.263438
v -0.359354 0.374601 -0.254414
v -0.358143 0.382259 -0.252543
v -0.346654 0.425611 -0.23724
v -0.3617 0.316894 -0.255731
v -0.349729 0.418772 -0.239826
v -0.364771 0.309843 -0.256899
v -0.348811 0.327824 -0.251195
v -0.355277 0.355751 -0.251183
v -0.341838 0.436537 -0.225252
v -0.30674 0.450595 -0.187539
v -0.294862 0.451402 -0.174601
v -0.300731 0.454344 -0.179031
v -0.336216 0.440042 -0.216272
v -0.293723 0.432256 -0.190007
v -0.29411 0.438633 -0.184855
v -0.294498 0.44501 -0.179704
v -0.300549 0.447837 -0.183754
v -0.281692 0.426472 -0.181067
v -0.300804 0.41556 -0.210059
v -0.309487 0.410687 -0.217072
v -0.312038 0.397064 -0.22684
v -0.313824 0.389769 -0.230527
v -0.303015 0.40231 -0.221314
v -0.30186 0.408942 -0.215839
v -0.315675 0.382263 -0.233432
v -0.319317 0.367459 -0.239399
v -0.317496 0.374796 -0.236297
v -0.325162 0.376907 -0.236775
v -0.323338 0.384264 -0.233792
v -0.330969 0.38663 -0.235748
v -0.321514 0.391622 -0.230809
v -0.329144 0.393987 -0.232765
v -0.336775 0.396352 -0.234721
v -0.334951 0.40371 -0.231738
v -0.342581 0.406075 -0.233694
v -0.321357 0.359933 -0.242068
v -0.310793 0.403729 -0.221617
v -0.300185 0.434949 -0.193895
v -0.300264 0.441427 -0.188865
v -0.314922 0.426634 -0.210952
v -0.322403 0.428828 -0.213909
v -0.330049 0.431023 -0.216501
v -0.319735 0.398932 -0.227665
v -0.327325 0.40134 -0.229765
v -0.318133 0.406059 -0.223902
v -0.325723 0.408467 -0.226002
v -0.333312 0.410875 -0.228103
v -0.348529 0.415711 -0.232993
v -0.346984 0.422682 -0.230147
v -0.354518 0.387521 -0.245022
v -0.353062 0.394592 -0.241992
v -0.326963 0.369591 -0.239527
v -0.323722 0.352041 -0.24375
v -0.348027 0.352905 -0.249165
v -0.340777 0.35006 -0.247148
v -0.357644 0.348558 -0.25291
v -0.350394 0.345712 -0.250893
v -0.327422 0.318192 -0.246797
v -0.330529 0.310264 -0.245727
v -0.333966 0.302922 -0.245848
v -0.341911 0.324507 -0.248976
v -0.331878 0.328601 -0.246528
v -0.329198 0.336229 -0.245253
v -0.338 0.313802 -0.24761
v -0.334856 0.321112 -0.246884
v -0.341125 0.306481 -0.248292
v -0.348235 0.309909 -0.25028
v -0.355167 0.313352 -0.252675
v -0.345071 0.317192 -0.249502
v -0.362519 0.299326 -0.253516
v -0.35196 0.320524 -0.251763
v -0.358162 0.306099 -0.2545
v 0.167104 0.157765 0.0276962
v 0.231734 0.239384 -0.0664401
v 0.157247 0.232821 0.00923759
v 0.231066 0.24881 -0.0681422
v 0.229094 0.254286 -0.0638924
v 0.231031 0.235392 -0.0608765
v 0.229266 0.230887 -0.0557307
v 0.230316 0.244932 -0.062247
v 0.228477 0.226509 -0.0502858
v 0.224056 0.241691 -0.0474694
v 0.227054 0.236293 -0.0515215
v 0.228831 0.240767 -0.0567136
v 0.227975 0.250456 -0.0579893
v 0.219469 0.242355 -0.0382632
v 0.222377 0.237033 -0.0423355
v 0.225285 0.23171 -0.0464078
v 0.221615 0.24722 -0.0430401
v 0.226465 0.246356 -0.0523362
v 0.223828 0.255237 -0.0564529
v 0.226567 0.221707 -0.0454105
v 0.217624 0.237445 -0.0333701
v 0.220404 0.232143 -0.0375166
v 0.221029 0.221981 -0.0369504
v 0.223185 0.226841 -0.0416632
v 0.223539 0.251737 -0.0488292
v 0.228191 0.211837 -0.0441404
v 0.224302 0.216816 -0.0407736
v 0.215764 0.222232 -0.0282503
v 0.218221 0.227267 -0.0328172
v 0.218808 0.217083 -0.0322696
v 0.22202 0.211923 -0.0361344
v 0.215181 0.232414 -0.028796
v 0.223722 0.202047 -0.0347609
v 0.225946 0.206951 -0.0394593
v 0.219483 0.206978 -0.0317286
v 0.212149 0.237483 -0.0247722
v 0.206518 0.227419 -0.0160726
v 0.209788 0.22232 -0.0199813
v 0.213057 0.217221 -0.0238899
v 0.216327 0.212123 -0.0277986
v 0.209326 0.232416 -0.0204381
v 0.212593 0.227348 -0.0243118
v 0.206964 0.217292 -0.0157911
v 0.207402 0.207169 -0.0155601
v 0.210235 0.212192 -0.0196877
v 0.213507 0.207093 -0.0235843
v 0.200189 0.217621 -0.00791462
v 0.203551 0.222445 -0.0119257
v 0.203965 0.212331 -0.0117001
v 0.21067 0.202085 -0.019494
v 0.214562 0.197095 -0.0227635
v 0.21702 0.202041 -0.0272468
v 0.196902 0.212779 -0.0039118
v 0.200714 0.207481 -0.00770118
v 0.204525 0.202182 -0.0114906
v 0.18964 0.210937 0.000370214
v 0.193039 0.217668 -0.00075443
v 0.193504 0.206065 -0.00276232
v 0.161057 0.158852 0.0240564
v 0.170054 0.163497 0.0245651
v 0.184583 0.223122 -0.0109529
v 0.189904 0.224382 -0.00637221
v 0.163982 0.16457 0.0209055
v 0.188345 0.226053 -0.0164406
v 0.193529 0.227687 -0.0119154
v 0.19699 0.231204 -0.0173189
v 0.200447 0.234729 -0.0227239
v 0.186831 0.227239 -0.026402
v 0.191864 0.229402 -0.0218225
v 0.176873 0.222905 -0.0355823
v 0.178262 0.222052 -0.0256184
v 0.179468 0.221344 -0.0155374
v 0.203885 0.238245 -0.0281335
v 0.181839 0.225064 -0.0309878
v 0.183273 0.224066 -0.0210036
v 0.185366 0.228247 -0.0363814
v 0.19036 0.230436 -0.0317965
v 0.171946 0.220756 -0.0401851
v 0.173278 0.220016 -0.0302331
v 0.207207 0.241713 -0.0335677
v 0.210518 0.245199 -0.0389771
v 0.213829 0.248686 -0.0443864
v 0.154642 0.226293 -0.0203918
v 0.185363 0.199878 0.00756226
v 0.193713 0.233742 -0.0371726
v 0.197038 0.237214 -0.042585
v 0.200362 0.240686 -0.0479974
v 0.195328 0.232669 -0.0272189
v 0.198653 0.236142 -0.0326313
v 0.201978 0.239614 -0.0380437
v 0.205302 0.243086 -0.0434561
v 0.208627 0.246558 -0.0488685
v 0.217107 0.251975 -0.0499154
v 0.177136 0.227698 -0.0608005
v 0.178749 0.226881 -0.0508811
v 0.180362 0.226065 -0.0409616
v 0.183755 0.229155 -0.0463122
v 0.182126 0.230061 -0.0562421
v 0.187111 0.232448 -0.0516867
v 0.188749 0.231492 -0.0417507
v 0.192095 0.234836 -0.0471313
v 0.173625 0.2248 -0.0554151
v 0.175344 0.223811 -0.0455269
v 0.17639 0.195285 0.00799939
v 0.17882 0.201476 0.00530626
v 0.163495 0.220661 -0.0298159
v 0.182993 0.193589 0.0100745
v 0.212063 0.242858 -0.0300632
v 0.215331 0.246228 -0.0356704
v 0.218488 0.249113 -0.0416389
v 0.155433 0.229144 -0.0106758
v 0.193754 0.238927 -0.0625069
v 0.195407 0.23816 -0.052543
v 0.198712 0.241473 -0.0579607
v 0.20367 0.24402 -0.0534145
v 0.180624 0.230642 -0.0662132
v 0.166783 0.229926 0.00937727
v 0.220572 0.25478 -0.0556627
v 0.185548 0.233128 -0.0616537
v 0.188819 0.236406 -0.0670606
v 0.190462 0.235628 -0.0570936
v 0.192096 0.239692 -0.0724728
v 0.197045 0.242234 -0.0679295
v 0.201995 0.244776 -0.0633863
v 0.206944 0.247318 -0.058843
v 0.215143 0.253116 -0.0598362
v 0.162373 0.232761 0.0143762
v 0.180451 0.222834 0.00446358
v 0.173999 0.189065 0.0106246
v 0.180601 0.187335 0.0126553
v 0.183905 0.233904 -0.0716206
v 0.200269 0.245514 -0.0733803
v 0.203487 0.248799 -0.0788378
v 0.206705 0.252084 -0.0842952
v 0.205223 0.248052 -0.068831
v 0.208438 0.251339 -0.0742925
v 0.210163 0.250602 -0.0642989
v 0.211641 0.254631 -0.0797727
v 0.21336 0.253894 -0.069791
v 0.211889 0.249864 -0.0543055
v 0.216685 0.257027 -0.0753577
v 0.218504 0.256206 -0.0654177
v 0.222141 0.258776 -0.0711572
v 0.165178 0.226324 -0.0105985
v 0.169645 0.223841 -0.0154885
v 0.174113 0.221357 -0.0203786
v 0.170313 0.225276 -0.00555754
v 0.174781 0.222793 -0.0104476
v 0.175449 0.224229 -0.000516617
v 0.161954 0.230939 0.00431919
v 0.192082 0.244284 -0.0979054
v 0.187186 0.23711 -0.0770264
v 0.190358 0.24049 -0.0824518
v 0.201598 0.249848 -0.0887451
v 0.195283 0.243039 -0.0779091
v 0.198435 0.246453 -0.0833241
v 0.165886 0.227964 -0.000646072
v 0.171043 0.227023 0.00440594
v 0.168747 0.220919 -0.0249567
v 0.224244 0.257125 -0.0615012
v 0.182332 0.234451 -0.0815901
v 0.185552 0.237765 -0.0870224
v 0.188771 0.241078 -0.0924548
v 0.193555 0.243834 -0.0878809
v 0.196774 0.247148 -0.0933132
v 0.164291 0.223465 -0.020092
v 0.159925 0.226459 -0.0154337
v 0.175734 0.225129 0.00944806
v 0.160729 0.228906 -0.00569901
v 0.167987 0.218986 -0.0347713
v 0.159103 0.22357 -0.0251404
v 0.19213 0.0584889 -0.0215247
v 0.195526 0.0880495 -0.0402121
v 0.19182 0.0751668 -0.0252003
v 0.158121 0.102347 -0.00325249
v 0.193805 0.0731845 -0.0310945
v 0.191913 0.057059 -0.0213293
v 0.196749 0.0809962 -0.0416429
v 0.194052 0.0651161 -0.0294229
v 0.177419 0.0735566 -0.0064927
v 0.185366 0.0684207 -0.0125378
v 0.198397 0.0746419 -0.0447893
v 0.196673 0.0504893 -0.0345105
v 0.188011 0.0488499 -0.0228846
v 0.192863 0.0484223 -0.0247082
v 0.19194 0.054608 -0.0218002
v 0.206995 0.0801417 -0.0549314
v 0.207075 0.0726007 -0.0559425
v 0.195544 0.0958835 -0.040106
v 0.211773 0.0909159 -0.0603033
v 0.207629 0.103588 -0.0557872
v 0.20726 0.0957315 -0.0547182
v 0.202747 0.100547 -0.0491331
v 0.174107 0.105437 -0.0189151
v 0.157736 0.0945587 0.011237
v 0.186348 0.0596858 -0.0174069
v 0.196725 0.0521063 -0.0364215
v 0.196903 0.0667263 -0.0401121
v 0.199002 0.0547294 -0.0462646
v 0.180417 0.0929117 -0.0207447
v 0.201727 0.0619744 -0.0512859
v 0.202566 0.0553672 -0.0541855
v 0.200582 0.0686052 -0.0485515
v 0.180447 0.0822624 -0.00825966
v 0.182437 0.0844012 -0.0150185
v 0.150461 0.0906713 0.0231968
v 0.16262 0.088842 0.0117063
v 0.169796 0.0843325 0.00460234
v 0.206936 0.087725 -0.0540381
v 0.202442 0.0925901 -0.04842
v 0.177008 0.0797593 -0.00239203
v 0.183564 0.0752416 -0.00981167
v 0.207163 0.065064 -0.0569613
v 0.212037 0.0834543 -0.0610766
v 0.145061 0.0950789 0.0212588
v 0.154309 0.0928341 0.017434
v 0.217863 0.112928 -0.072188
v 0.214839 0.109797 -0.066819
v 0.212037 0.106604 -0.0620097
v 0.212295 0.116527 -0.0648327
v 0.2155 0.11961 -0.0701635
v 0.209436 0.123319 -0.0625206
v 0.212861 0.126299 -0.0683021
v 0.148329 0.0968973 0.0151319
v 0.151593 0.0987138 0.00900377
v 0.154857 0.10053 0.00287564
v 0.16093 0.0963236 0.00493328
v 0.163671 0.0982033 -0.00155095
v 0.218206 0.122692 -0.0765644
v 0.218809 0.115677 -0.0791031
v 0.21848 0.125259 -0.0834638
v 0.217235 0.118438 -0.0858899
v 0.171645 0.0944442 -0.0075068
v 0.216833 0.0993375 -0.0775866
v 0.217393 0.0962962 -0.0706245
v 0.214939 0.0927976 -0.0803587
v 0.213571 0.083274 -0.0768818
v 0.213495 0.079897 -0.0702963
v 0.207818 0.0608327 -0.0640404
v 0.208629 0.0642443 -0.0704622
v 0.173775 0.0966022 -0.0139474
v 0.166393 0.100051 -0.00808865
v 0.166428 0.0909718 0.00598838
v 0.169069 0.0926793 -0.000780089
v 0.209863 0.0669243 -0.0605322
v 0.174088 0.0867068 -0.000663302
v 0.211135 0.0702872 -0.0669702
v 0.21561 0.0897238 -0.0737288
v 0.215361 0.0863848 -0.0670737
v 0.176439 0.0887525 -0.00723501
v 0.178427 0.0907736 -0.0139859
v 0.209108 0.113422 -0.0596084
v 0.206083 0.120277 -0.0570897
v 0.20518 0.110525 -0.0537301
v 0.200881 0.107675 -0.0477229
v 0.202388 0.117351 -0.0512922
v 0.198292 0.114452 -0.0456474
v 0.196706 0.104783 -0.0419891
v 0.194171 0.111482 -0.0403088
v 0.189903 0.108467 -0.0350804
v 0.192409 0.10176 -0.0367395
v 0.188077 0.0986984 -0.031527
v 0.185523 0.105295 -0.0300425
v 0.181083 0.10212 -0.0250359
v 0.176584 0.0990354 -0.0199366
v 0.169222 0.102215 -0.0143456
v 0.183344 0.0956112 -0.0266657
v 0.193781 0.0501918 -0.0256652
v 0.191006 0.064381 -0.0201524
v 0.188909 0.0710568 -0.0180558
v 0.194726 0.0750652 -0.037543
v 0.192215 0.0795881 -0.0340467
v 0.189522 0.0831487 -0.0299364
v 0.185738 0.0891418 -0.0285756
v 0.188022 0.0810762 -0.0237096
v 0.186383 0.0781707 -0.0161913
v 0.184223 0.0869855 -0.0222188
v 0.275676 0.384723 -0.232706
v 0.258716 0.409631 -0.202757
v 0.2802 0.378371 -0.238936
v 0.244127 0.409067 -0.179857
v 0.245139 0.414162 -0.183943
v 0.243135 0.410861 -0.17904
v 0.244147 0.415957 -0.183125
v 0.242142 0.412655 -0.178222
v 0.240138 0.409354 -0.173319
v 0.24115 0.41445 -0.177404
v 0.239146 0.411148 -0.172501
v 0.281892 0.374994 -0.241312
v 0.249829 0.412102 -0.19015
v 0.246576 0.411431 -0.184888
v 0.251286 0.41626 -0.194364
v 0.248033 0.41559 -0.189102
v 0.246238 0.419078 -0.188054
v 0.249051 0.420371 -0.193356
v 0.283446 0.371038 -0.243696
v 0.215327 0.344423 -0.145297
v 0.260779 0.414281 -0.210377
v 0.266356 0.411018 -0.219198
v 0.264636 0.414623 -0.218403
v 0.262536 0.410324 -0.210977
v 0.264743 0.403665 -0.213832
v 0.260897 0.402109 -0.21005
v 0.259806 0.40587 -0.206403
v 0.256995 0.405559 -0.202182
v 0.284998 0.367026 -0.246071
v 0.2773 0.381253 -0.235117
v 0.253225 0.404173 -0.198796
v 0.235584 0.405233 -0.164142
v 0.241247 0.402522 -0.179784
v 0.236076 0.398366 -0.182394
v 0.239776 0.400305 -0.186822
v 0.243741 0.402015 -0.191189
v 0.244279 0.400656 -0.199534
v 0.248104 0.403098 -0.195507
v 0.248836 0.400865 -0.203737
v 0.258432 0.399289 -0.211563
v 0.228251 0.394769 -0.1494
v 0.254164 0.396848 -0.215418
v 0.258574 0.395503 -0.219051
v 0.263246 0.398884 -0.215722
v 0.24421 0.404642 -0.181642
v 0.26582 0.389497 -0.227163
v 0.268463 0.385637 -0.231111
v 0.265694 0.379915 -0.237022
v 0.263136 0.38383 -0.233445
v 0.273653 0.37664 -0.237782
v 0.271054 0.381172 -0.23451
v 0.268151 0.375309 -0.240069
v 0.270404 0.370282 -0.24263
v 0.275972 0.371569 -0.240409
v 0.260625 0.387566 -0.229809
v 0.267248 0.395784 -0.220735
v 0.253037 0.40925 -0.194252
v 0.262772 0.393112 -0.223043
v 0.232578 0.396134 -0.177877
v 0.236666 0.39847 -0.174053
v 0.236969 0.4 -0.166276
v 0.23144 0.392509 -0.164927
v 0.234095 0.396259 -0.161293
v 0.232258 0.392624 -0.156792
v 0.234033 0.395495 -0.169502
v 0.229902 0.393161 -0.173309
v 0.227735 0.38971 -0.168687
v 0.230098 0.388884 -0.160531
v 0.229284 0.384774 -0.156108
v 0.22535 0.381811 -0.15972
v 0.220891 0.374563 -0.15884
v 0.220324 0.370304 -0.154373
v 0.224788 0.377545 -0.155286
v 0.224597 0.373058 -0.151067
v 0.224766 0.368372 -0.147111
v 0.22851 0.380654 -0.151728
v 0.230673 0.388856 -0.152355
v 0.255871 0.409464 -0.198498
v 0.247623 0.405841 -0.186971
v 0.235417 0.410729 -0.166434
v 0.231433 0.401678 -0.156572
v 0.268496 0.408244 -0.221656
v 0.228667 0.385 -0.148287
v 0.226729 0.38072 -0.144804
v 0.22516 0.38514 -0.142032
v 0.243332 0.407188 -0.177821
v 0.226289 0.372534 -0.143163
v 0.225198 0.363896 -0.143186
v 0.218119 0.352578 -0.146051
v 0.22106 0.36052 -0.146416
v 0.222466 0.355878 -0.142918
v 0.219543 0.34791 -0.142506
v 0.213311 0.335953 -0.144926
v 0.214114 0.349085 -0.149216
v 0.217355 0.339514 -0.142014
v 0.219356 0.334747 -0.138798
v 0.215501 0.331142 -0.141744
v 0.227828 0.376486 -0.147482
v 0.21706 0.357394 -0.149714
v 0.220464 0.365561 -0.1503
v 0.216733 0.362354 -0.153797
v 0.221426 0.378843 -0.163298
v 0.225906 0.386187 -0.163968
v 0.243545 0.406495 -0.178173
v 0.271366 0.405616 -0.22624
v 0.27802 0.395266 -0.234999
v 0.279764 0.389744 -0.236981
v 0.283921 0.367415 -0.244995
v 0.273899 0.398633 -0.228214
v 0.28215 0.370318 -0.242598
v 0.275014 0.392736 -0.230361
v 0.268487 0.405097 -0.219878
v 0.282893 0.368084 -0.243931
v 0.280379 0.373221 -0.240201
v 0.277866 0.378358 -0.236471
v 0.27606 0.400721 -0.233177
v 0.281122 0.370988 -0.241534
v 0.278608 0.376124 -0.237804
v 0.276095 0.381261 -0.234074
v 0.273581 0.386398 -0.230345
v 0.241331 0.407797 -0.174614
v 0.279351 0.373891 -0.239137
v 0.276838 0.379027 -0.235407
v 0.241545 0.407103 -0.174967
v 0.241758 0.40641 -0.175319
v 0.241971 0.405717 -0.175672
v 0.239544 0.407712 -0.17176
v 0.273844 0.406163 -0.231623
v 0.281789 0.392265 -0.24214
v 0.283459 0.386743 -0.2442
v 0.289365 0.364632 -0.252894
v 0.2887 0.351038 -0.253108
v 0.284098 0.348599 -0.249865
v 0.287519 0.356549 -0.250752
v 0.286338 0.36206 -0.248395
v 0.287721 0.33745 -0.253087
v 0.290256 0.345489 -0.255021
v 0.285529 0.343062 -0.251927
v 0.239757 0.407019 -0.172112
v 0.291897 0.33991 -0.25676
v 0.237544 0.408321 -0.168553
v 0.290646 0.359088 -0.255137
v 0.292922 0.347898 -0.259696
v 0.291864 0.353519 -0.257403
v 0.287907 0.370161 -0.250714
v 0.286445 0.37569 -0.248536
v 0.284982 0.381218 -0.246358
v -0.200782 -0.0190513 -0.0156578
v -0.208237 -0.0234365 -0.0112466
v -0.215681 -0.0276047 -0.00668181
v -0.202987 -0.0363549 0.00543563
v -0.196308 -0.0399457 0.0116856
v -0.189628 -0.0435366 0.0179357
v -0.182043 -0.045894 0.024359
v -0.169462 -0.0429665 0.0237924
v -0.174582 -0.0480163 0.0301769
v -0.166847 -0.0494615 0.0358855
v -0.156633 -0.0398139 0.022238
v -0.161621 -0.0443003 0.0293634
v -0.148867 -0.0405094 0.0275234
v -0.153795 -0.0449266 0.0346719
v -0.150015 -0.0497577 0.0472455
v -0.158448 -0.0497973 0.0417287
v -0.163544 -0.0533974 0.0488745
v -0.214179 -0.0190537 -0.0178223
v -0.206634 -0.014737 -0.0222316
v -0.188414 -0.0506092 0.0298082
v -0.146682 -0.0504454 0.0598676
v -0.195849 -0.0477581 0.0233428
v -0.17205 -0.0526812 0.0428999
v -0.155113 -0.052677 0.0545568
v -0.145592 -0.0445942 0.0399913
v -0.141819 -0.0487594 0.0524422
v -0.129664 -0.0424471 0.049732
v -0.133468 -0.0468718 0.0576301
v -0.125271 -0.0445919 0.0626663
v -0.121607 -0.0401074 0.0546612
v -0.117528 -0.0367392 0.0464415
v -0.0945667 -0.0266792 0.0609643
v -0.0871936 -0.0226107 0.0658655
v -0.0824977 -0.0211946 0.0578422
v -0.0735908 -0.0120452 0.0756184
v -0.0713331 -0.00910887 0.0887673
v -0.0883634 -0.0230644 0.0869096
v -0.0952924 -0.0278479 0.0822638
v -0.0988781 -0.0288202 0.0691039
v -0.0918895 -0.0241267 0.0739228
v -0.085149 -0.0190967 0.0787555
v -0.102211 -0.0326715 0.0774211
v -0.109363 -0.0372575 0.0725189
v -0.117232 -0.0409302 0.0676325
v -0.106119 -0.0332056 0.0642877
v -0.0782812 -0.0139485 0.0836766
v -0.0568084 -0.00156866 0.100555
v -0.0748988 -0.0141084 0.0963441
v -0.0680291 -0.0102237 0.102009
v -0.0612312 -0.00705746 0.107651
v -0.0494185 -0.000115127 0.108093
v -0.0419223 0.000834188 0.11609
v -0.0546832 -0.00551041 0.113965
v -0.0476748 -0.00475045 0.121352
v -0.0539518 -0.0106968 0.126156
v -0.0417534 -0.00509828 0.128368
v -0.0481281 -0.011093 0.132946
v -0.036055 -0.00620518 0.136245
v -0.0353388 0.000841336 0.123839
v -0.029464 -0.000535263 0.132439
v -0.0237464 -0.00213231 0.141013
v -0.0307266 -0.00816638 0.144552
v -0.0254924 -0.0103679 0.153041
v -0.0377185 -0.0136737 0.148045
v -0.0326298 -0.0162162 0.155548
v -0.0205702 -0.0127579 0.16115
v -0.0284082 -0.0187767 0.163595
v -0.203045 -0.0441658 0.0170333
v -0.0428633 -0.0120293 0.140203
v -0.0640958 -0.00524447 0.0946081
v -0.0803792 -0.0174116 0.0706564
v -0.0745377 -0.0183123 0.0628752
v -0.0675025 -0.0135197 0.0677188
v -0.209913 -0.039799 0.0109629
v -0.109635 -0.0341098 0.0512814
v -0.101943 -0.0307525 0.0561673
v -0.108968 -0.0311301 0.0299099
v -0.209493 -0.0328858 -0.000727702
v -0.112988 -0.0344724 0.038067
v -0.11734 -0.0323069 0.0252399
v -0.121436 -0.0355328 0.0334101
v -0.133818 -0.0400982 0.0367784
v -0.125539 -0.0388796 0.041597
v -0.129835 -0.0364155 0.0286999
v -0.113727 -0.0371464 0.0594991
v -0.137709 -0.043989 0.0448539
v -0.140727 -0.0404468 0.0323856
v -0.137098 -0.0366793 0.0244018
v -0.144189 -0.036322 0.020091
v -0.151582 -0.035274 0.0151657
v -0.164358 -0.0381132 0.0172854
v -0.202072 -0.0280468 -0.00514562
v -0.159172 -0.0334577 0.010327
v -0.182959 -0.0383669 0.0129857
v -0.195979 -0.0316006 0.000753164
v -0.189562 -0.0350056 0.00673512
v -0.194652 -0.0232078 -0.00956354
v 0.153638 0.206454 -0.237671
v 0.214673 -0.0441904 -0.231778
v 0.213639 -0.0334018 -0.231478
v 0.225956 -0.0426253 -0.250175
v 0.212527 -0.0226081 -0.231233
v 0.211386 -0.0118125 -0.231007
v 0.220732 -0.0433803 -0.240727
v 0.219436 -0.0326027 -0.240595
v 0.21814 -0.0218252 -0.240463
v 0.216844 -0.0110476 -0.24033
v 0.2247 -0.0318238 -0.250051
v 0.160125 0.207545 -0.245963
v 0.223164 -0.0210696 -0.250032
v 0.210207 -0.00102259 -0.230807
v 0.209146 0.00978077 -0.23054
v 0.208098 0.0205864 -0.230267
v 0.215713 -0.000251013 -0.240107
v 0.214537 0.0105415 -0.239915
v 0.213361 0.0213339 -0.239723
v 0.212185 0.0321264 -0.23953
v 0.201207 0.0305869 -0.220894
v 0.207044 0.0313952 -0.230005
v 0.20477 0.053002 -0.229589
v 0.221524 -0.0103537 -0.250057
v 0.220333 0.000437477 -0.249871
v 0.20015 0.0414054 -0.220625
v 0.198931 0.0522235 -0.220472
v 0.205935 0.0422014 -0.229781
v 0.21092 0.042908 -0.239405
v 0.209568 0.0536752 -0.239343
v 0.208216 0.0644424 -0.23928
v 0.206864 0.0752096 -0.239218
v 0.219045 0.011214 -0.249727
v 0.217633 0.0219714 -0.249637
v 0.225557 -0.00975236 -0.260067
v 0.224047 0.000991621 -0.260022
v 0.216345 0.0327412 -0.249532
v 0.203393 0.0637847 -0.229554
v 0.222582 0.0117333 -0.259952
v 0.221111 0.022473 -0.259884
v 0.215059 0.043509 -0.249436
v 0.21367 0.0542605 -0.249378
v 0.19752 0.0630256 -0.220456
v 0.195946 0.0738099 -0.220557
v 0.20181 0.0745577 -0.229659
v 0.219705 0.0332223 -0.259822
v 0.194176 0.0845283 -0.220759
v 0.200057 0.0853002 -0.229864
v 0.204945 0.0858958 -0.239543
v 0.203002 0.0965766 -0.239883
v 0.21215 0.0649973 -0.249389
v 0.218258 0.043965 -0.259781
v 0.200883 0.107217 -0.240328
v 0.198103 0.0960022 -0.230189
v 0.210594 0.0757043 -0.249453
v 0.183002 0.104858 -0.213314
v 0.192236 0.095213 -0.221064
v 0.198508 0.117783 -0.240972
v 0.195894 0.106642 -0.230682
v 0.208781 0.0863609 -0.24969
v 0.216707 0.054683 -0.259774
v 0.21523 0.0654269 -0.259795
v 0.189942 0.105838 -0.221598
v 0.195975 0.128325 -0.24174
v 0.206916 0.0970003 -0.249964
v 0.204732 0.107553 -0.250501
v 0.193456 0.117215 -0.231353
v 0.180562 0.115381 -0.213901
v 0.17786 0.125866 -0.214781
v 0.190752 0.12772 -0.232226
v 0.200024 0.128551 -0.251833
v 0.197242 0.138953 -0.252822
v 0.202544 0.1181 -0.251039
v 0.220727 0.0442646 -0.270322
v 0.219109 0.0549547 -0.270365
v 0.213466 0.0760758 -0.259966
v 0.167259 0.135017 -0.208113
v 0.187406 0.116395 -0.222336
v 0.184557 0.126861 -0.22333
v 0.19314 0.138748 -0.242732
v 0.189964 0.149041 -0.244006
v 0.18772 0.138134 -0.233332
v 0.158437 0.197123 -0.235145
v 0.211654 0.086697 -0.260155
v 0.164003 0.145228 -0.209372
v 0.181673 0.137315 -0.224317
v 0.194196 0.149236 -0.254027
v 0.184473 0.148421 -0.234616
v 0.175011 0.136315 -0.215761
v 0.181039 0.158637 -0.236071
v 0.149012 0.164026 -0.204939
v 0.160524 0.155404 -0.210814
v 0.186477 0.15921 -0.24545
v 0.190789 0.159395 -0.255481
v 0.178406 0.147612 -0.225616
v 0.17473 0.157736 -0.227248
v 0.177297 0.168671 -0.237804
v 0.145017 0.173698 -0.207161
v 0.140987 0.18328 -0.209499
v 0.148833 0.184995 -0.216754
v 0.171586 0.146527 -0.217173
v 0.167958 0.156669 -0.218766
v 0.171035 0.167844 -0.228903
v 0.173288 0.178569 -0.239762
v 0.182756 0.169235 -0.24721
v 0.178805 0.179155 -0.249121
v 0.136719 0.192727 -0.212043
v 0.156874 0.165505 -0.212452
v 0.152831 0.175266 -0.214594
v 0.18704 0.169447 -0.257141
v 0.169212 0.188424 -0.241781
v 0.174788 0.189061 -0.251057
v 0.162868 0.187499 -0.232996
v 0.131999 0.201975 -0.214822
v 0.156102 0.186383 -0.224561
v 0.144348 0.194399 -0.219311
v 0.164233 0.166769 -0.220445
v 0.167047 0.177737 -0.230866
v 0.164708 0.198009 -0.243864
v 0.139556 0.203677 -0.222031
v 0.160188 0.176597 -0.222476
v 0.151491 0.195829 -0.227049
v 0.146855 0.205201 -0.229555
v -0.232966 0.309827 -0.137343
v -0.238429 0.349276 -0.149607
v -0.233573 0.335249 -0.135106
v -0.23079 0.330814 -0.130606
v -0.232738 0.325319 -0.134437
v -0.239429 0.354066 -0.144776
v -0.231641 0.305729 -0.131935
v -0.2295 0.311358 -0.128293
v -0.252624 0.3805 -0.163905
v -0.23208 0.315422 -0.133294
v -0.233937 0.330021 -0.139343
v -0.233985 0.335014 -0.144504
v -0.235074 0.339848 -0.149476
v -0.235726 0.339815 -0.139779
v -0.237094 0.344545 -0.144697
v -0.236974 0.349563 -0.140094
v -0.230889 0.340502 -0.131485
v -0.233968 0.345033 -0.135769
v -0.234066 0.354788 -0.136547
v -0.237103 0.359378 -0.140981
v -0.240305 0.363838 -0.145358
v -0.24352 0.368284 -0.149721
v -0.237173 0.369195 -0.142114
v -0.240195 0.373682 -0.146772
v -0.243333 0.378198 -0.15152
v -0.246428 0.372475 -0.15447
v -0.249253 0.376577 -0.159293
v -0.246449 0.382221 -0.156295
v -0.249412 0.386246 -0.161229
v -0.25203 0.390778 -0.166176
v -0.254975 0.394207 -0.171567
v -0.259021 0.38823 -0.173635
v -0.261549 0.391625 -0.17912
v -0.264078 0.395021 -0.184605
v -0.260465 0.382225 -0.17724
v -0.264118 0.385799 -0.181879
v -0.255089 0.374057 -0.177845
v -0.259484 0.37723 -0.182113
v -0.256158 0.379004 -0.172928
v -0.263898 0.380389 -0.186376
v -0.263086 0.375251 -0.191221
v -0.268737 0.383271 -0.19037
v -0.278951 0.377449 -0.206821
v -0.283947 0.3745 -0.215057
v -0.288909 0.371615 -0.223384
v -0.287173 0.377868 -0.220478
v -0.280021 0.386808 -0.209002
v -0.272552 0.395976 -0.197849
v -0.277775 0.393067 -0.206149
v -0.282499 0.380704 -0.211798
v -0.275071 0.38977 -0.20058
v -0.294345 0.373441 -0.224664
v -0.297779 0.360675 -0.229362
v -0.296072 0.36679 -0.226802
v -0.304381 0.361583 -0.227822
v -0.302673 0.367704 -0.225267
v -0.301175 0.373517 -0.222241
v -0.299873 0.379072 -0.218804
v -0.292082 0.3839 -0.216436
v -0.291363 0.388666 -0.211943
v -0.291398 0.392611 -0.207836
v -0.284377 0.388701 -0.212849
v -0.284494 0.393146 -0.207865
v -0.279036 0.396821 -0.200594
v -0.274748 0.399293 -0.192077
v -0.280899 0.400201 -0.194703
v -0.276885 0.402953 -0.186799
v -0.258527 0.397186 -0.176737
v -0.272875 0.405697 -0.178892
v -0.26461 0.399294 -0.180184
v -0.27068 0.401448 -0.183641
v -0.262539 0.400529 -0.170947
v -0.26766 0.40314 -0.174947
v -0.255873 0.384381 -0.168708
v -0.270138 0.39263 -0.192195
v -0.267554 0.389288 -0.186721
v -0.249224 0.371409 -0.163764
v -0.268143 0.398827 -0.189022
v -0.285814 0.396658 -0.201964
v -0.306099 0.355446 -0.230325
v -0.251556 0.370302 -0.173281
v -0.307775 0.349056 -0.232155
v -0.247827 0.366632 -0.168701
v -0.301708 0.348204 -0.235173
v -0.241975 0.358494 -0.149444
v -0.299851 0.35455 -0.232716
v -0.29302 0.378892 -0.220615
v -0.285115 0.383876 -0.217359
v -0.277796 0.383625 -0.20324
v -0.272788 0.386486 -0.194897
v -0.268303 0.377893 -0.195018
v -0.273407 0.380641 -0.19886
v -0.25239 0.375327 -0.168446
v -0.240256 0.353841 -0.154434
v -0.244058 0.362984 -0.154242
v -0.246594 0.367211 -0.159016
v -0.242632 0.358172 -0.159215
v 0.0126557 -0.398893 0.0757287
v 0.00611471 -0.394776 0.0798397
v 0.0185078 -0.402671 0.070451
v 0.0242512 -0.406385 0.0648709
v 0.0349021 -0.402619 0.0593482
v 0.0289851 -0.398838 0.0646845
v 0.023068 -0.395058 0.0700207
v 0.039306 -0.394769 0.0586544
v 0.0496269 -0.390699 0.0526244
v 0.0451567 -0.398532 0.0532458
v 0.0608538 -0.398097 0.0412895
v 0.055244 -0.394399 0.0469609
v 0.0580597 -0.386368 0.0444705
v 0.0519524 -0.382824 0.0498064
v 0.0458452 -0.37928 0.0551423
v 0.0636178 -0.382326 0.0331363
v 0.0639572 -0.389947 0.0390505
v 0.0829152 -0.39318 0.0188301
v 0.0764206 -0.389468 0.02329
v 0.0699584 -0.378779 0.0214958
v 0.067814 -0.435922 0.0177407
v 0.0769643 -0.382259 0.0171194
v 0.0835416 -0.385949 0.0127749
v 0.086086 -0.378212 0.00764341
v 0.0784647 -0.374804 0.0114439
v 0.090797 -0.389597 0.00879103
v 0.0927257 -0.382263 0.00335117
v 0.0991324 -0.386437 -0.000966747
v 0.102879 -0.39777 -0.000841541
v 0.0972165 -0.393658 0.00457497
v 0.111494 -0.395235 -0.00986981
v 0.116155 -0.400135 -0.0160325
v 0.116278 -0.410834 -0.0211863
v 0.120516 -0.404539 -0.0229586
v 0.103266 -0.420478 -0.0113698
v 0.107816 -0.413268 -0.012387
v 0.106811 -0.424471 -0.0183917
v 0.000194515 -0.391436 0.0856739
v 0.109865 -0.427787 -0.0256886
v 0.114471 -0.421314 -0.0269301
v 0.105156 -0.434621 -0.024715
v 0.102182 -0.431572 -0.0174164
v 0.0975273 -0.438448 -0.0166833
v 0.0856506 -0.439164 -0.00257075
v 0.0940392 -0.435109 -0.00948774
v 0.0901595 -0.431678 -0.0028649
v 0.0986558 -0.427788 -0.0104246
v 0.0947691 -0.424351 -0.00379923
v 0.0991967 -0.416865 -0.00466814
v 0.0946348 -0.412931 0.00218285
v 0.0900731 -0.409003 0.00903247
v 0.103625 -0.409424 -0.00554591
v 0.0990337 -0.405443 0.00116404
v 0.09433 -0.401424 0.00777608
v 0.0761188 -0.409243 0.0227189
v 0.0854025 -0.405207 0.015692
v 0.0666183 -0.413316 0.0295263
v 0.0711451 -0.405553 0.0290642
v 0.0660547 -0.401832 0.0352339
v 0.0516688 -0.413839 0.0422449
v 0.0614697 -0.409655 0.0356947
v 0.0622434 -0.421165 0.0300645
v 0.0569011 -0.417495 0.0361249
v 0.0528134 -0.425405 0.0368253
v 0.0474149 -0.421729 0.0429184
v 0.076633 -0.431865 0.0110354
v 0.072001 -0.428289 0.0174164
v 0.0673691 -0.424712 0.0237975
v 0.041955 -0.41801 0.0488943
v 0.036409 -0.414266 0.0546723
v 0.0632256 -0.43249 0.0243242
v 0.0580746 -0.428996 0.0306431
v 0.0812955 -0.435448 0.00465069
v 0.0810947 -0.424182 0.0104481
v 0.0763628 -0.420586 0.0168413
v 0.0716308 -0.41699 0.0232345
v 0.085626 -0.416513 0.00985228
v 0.080894 -0.412917 0.0162455
v 0.0804587 -0.401342 0.0220554
v 0.0857786 -0.427862 0.00392859
v 0.0902061 -0.420372 0.00306055
v 0.111493 -0.417471 -0.0196973
v 0.112437 -0.406652 -0.0137645
v 0.1079 -0.402159 -0.00699903
v 0.124292 -0.397988 -0.0254148
v 0.119422 -0.39314 -0.0196176
v 0.12734 -0.391059 -0.029417
v 0.122822 -0.386171 -0.023553
v 0.135292 -0.388979 -0.0392166
v 0.130801 -0.384102 -0.033368
v 0.126311 -0.379225 -0.0275194
v 0.134421 -0.377203 -0.0374059
v 0.129931 -0.372326 -0.0315573
v 0.133236 -0.365424 -0.036022
v 0.136626 -0.358512 -0.0404247
v 0.141981 -0.363772 -0.0450168
v 0.139192 -0.382296 -0.0428306
v 0.143039 -0.375614 -0.0464777
v 0.146885 -0.368933 -0.0501249
v 0.150731 -0.362252 -0.0537721
v 0.145465 -0.356915 -0.0491751
v 0.149049 -0.349903 -0.0533781
v 0.152621 -0.342918 -0.0575941
v 0.146757 -0.337683 -0.0538863
v 0.0302078 -0.410202 0.0595948
v 0.0378192 -0.383335 0.0635218
v 0.143389 -0.344621 -0.0493739
v 0.123253 -0.367517 -0.0284935
v 0.116466 -0.362772 -0.0257375
v 0.126457 -0.360593 -0.0333262
v 0.12966 -0.353669 -0.0381589
v 0.132864 -0.346745 -0.0429916
v 0.119488 -0.355959 -0.0308032
v 0.113261 -0.369697 -0.0209141
v 0.120289 -0.374426 -0.0236026
v 0.11059 -0.376645 -0.0156406
v 0.101284 -0.379349 -0.00668727
v 0.103685 -0.372267 -0.0123041
v 0.14007 -0.351552 -0.0447792
v 0.117532 -0.381296 -0.0185135
v 0.138397 -0.370567 -0.0409191
v 0.114741 -0.388273 -0.0138356
v 0.105825 -0.390517 -0.00476502
v 0.108222 -0.383766 -0.00986023
v 0.0947454 -0.375109 -0.00232436
v 0.0886832 -0.397214 0.0134301
v 0.0751219 -0.397455 0.0278708
v 0.0697581 -0.385833 0.0279513
v 0.0437192 -0.386988 0.0580401
v 0.033389 -0.390988 0.0639912
v 0.0507627 -0.402231 0.0475696
v 0.0397961 -0.37571 0.0605102
v 0.0335696 -0.37203 0.0656205
v 0.00203661 -0.372186 0.088814
v 0.0126812 -0.368178 0.0834648
v 0.00600364 -0.364411 0.0879303
v 0.0562769 -0.405969 0.0417797
v -0.00193678 -0.379962 0.0896891
v 0.0085745 -0.375976 0.0841587
v 0.0190858 -0.371989 0.0786284
v 0.0170559 -0.391299 0.0752796
v 0.010726 -0.387521 0.0800808
v 0.0043961 -0.383743 0.0848821
v 0.021252 -0.383548 0.0745221
v 0.0149221 -0.37977 0.0793233
v 0.025448 -0.375797 0.0737646
v 0.0274831 -0.387333 0.0694667
v 0.0316865 -0.379583 0.0687244
v 0.0696341 -0.393598 0.0335178
v 0.0461846 -0.410104 0.0480584
v 0.0406704 -0.406366 0.0538483
v -0.0333421 0.00777688 0.0979922
v -0.0121815 0.00120789 0.100129
v -0.025047 0.00718822 0.0992635
v -0.0154007 0.00429499 0.100046
v -0.018402 0.00389895 0.0948222
v -0.0153181 0.00399651 0.107872
v -0.0175312 0.00654047 0.114689
v -0.0142493 0.00203994 0.113574
v -0.0131863 8.99715e-05 0.119283
v -0.0163125 0.00441594 0.120225
v -0.0220032 0.00329469 0.0905179
v -0.0120303 -0.000180086 0.106954
v -0.0109075 -0.00207012 0.112675
v -0.0135177 0.00181007 0.0921963
v -0.0171346 0.00123027 0.0875585
v 0.00186805 0.0090506 0.109157
v -0.0121441 -0.00187177 0.124961
v -0.0152591 0.00246053 0.125919
v -0.0143727 0.000410388 0.13136
v -0.0134863 -0.00163975 0.136801
v -0.0114641 -0.00402677 0.130327
v -0.0112024 -0.00615813 0.135437
v -0.0130422 -0.00360397 0.141947
v -0.0104557 -0.00789514 0.140609
v -0.010007 -0.00984758 0.145724
v -0.0127026 -0.00539818 0.146998
v -0.0124493 -0.00730848 0.152114
v -0.0123504 -0.00949836 0.157174
v -0.0122515 -0.0116882 0.162234
v -0.0169254 -0.000558363 0.142731
v -0.0179394 0.00341487 0.132243
v -0.0171039 0.0012151 0.137675
v -0.0189889 0.00576877 0.126752
v -0.0206778 0.00760069 0.121431
v -0.02318 0.00507872 0.128317
v -0.0216706 0.00311307 0.13333
v -0.0170122 -0.00309099 0.147905
v -0.0171058 -0.00584757 0.152799
v -0.0171191 -0.00885522 0.157493
v -0.036699 0.00596831 0.0941447
v -0.0116894 -0.0200092 0.176583
v -0.0115641 -0.0234766 0.181035
v -0.0112705 -0.0308823 0.189505
v -0.0114243 -0.0270359 0.185409
v -0.00171843 -0.0261256 0.178422
v -0.00161828 -0.0296404 0.182841
v -0.00654761 -0.0207939 0.175607
v -0.00644747 -0.0243088 0.180026
v -0.00634732 -0.0278236 0.184446
v 0.00313946 -0.0314789 0.181162
v 0.00338223 -0.0351015 0.18521
v 0.003625 -0.038724 0.189258
v -0.00137893 -0.0332604 0.186898
v -0.00119298 -0.0370775 0.190872
v -0.00616785 -0.0315144 0.18855
v -0.00603261 -0.0355053 0.192457
v -0.00167407 -0.022571 0.17402
v -0.00645508 -0.0172262 0.171211
v 0.00324316 -0.0244994 0.172808
v 0.00310477 -0.027918 0.176832
v -0.00147615 -0.0190941 0.169908
v 0.00796448 -0.0298362 0.175843
v 0.013639 -0.0225018 0.162391
v 0.00871942 -0.0202699 0.162986
v 0.00841975 -0.0233856 0.167269
v 0.00409952 -0.0149225 0.159298
v 0.0139567 -0.0196973 0.157987
v 0.00902326 -0.0172264 0.158675
v 0.0144896 -0.016948 0.153325
v 0.0100376 -0.0117193 0.149412
v 0.00949009 -0.0144663 0.154091
v 0.00449058 -0.0119846 0.154856
v 0.0105737 -0.00904166 0.144732
v 0.00604561 -0.00427661 0.140815
v 0.00552929 -0.00683363 0.145496
v 0.00501296 -0.00939065 0.150176
v 0.00100342 -0.00204819 0.141762
v 0.000487414 -0.00460233 0.146468
v -2.85963e-05 -0.00715646 0.151175
v -0.00061934 -0.0101423 0.155689
v -0.000859996 -0.0127998 0.160702
v -0.00571093 -0.00867819 0.156597
v -0.0059277 -0.0112813 0.161652
v -0.00614447 -0.0138843 0.166708
v -0.00522471 -0.00568056 0.151939
v -0.00451762 -0.00108198 0.141752
v -0.00485129 -0.00334086 0.146896
v 0.00248856 0.00745156 0.121649
v 0.00360726 0.00864304 0.116105
v -0.00140938 0.00755116 0.114079
v -0.00283682 0.00651078 0.107894
v -0.00412066 0.00514703 0.101432
v 0.00119219 0.00670366 0.0995643
v -0.00489873 0.00345862 0.0961087
v -0.00554293 0.00158899 0.090797
v 0.0066245 0.00897009 0.104076
v 0.00571041 0.00950731 0.110109
v 0.00982432 0.0088391 0.111095
v 0.00818712 0.00743325 0.116724
v 0.00784911 0.00504153 0.12158
v 0.0173335 -0.00644751 0.133837
v 0.0127774 0.000406433 0.125317
v 0.0124108 -0.00184058 0.130112
v 0.0120442 -0.0040876 0.134907
v 0.00748808 0.00276634 0.126387
v 0.00712149 0.000519321 0.131182
v 0.00165791 0.0057607 0.12706
v 0.00151661 0.00313885 0.131983
v 0.00137531 0.000516991 0.136905
v 0.0112482 0.00927924 0.105069
v 0.0169835 0.00822531 0.101357
v 0.0191741 0.00464896 0.0911789
v 0.0179741 0.00693714 0.095966
v -0.0283738 0.0060465 0.094931
v 0.0205873 0.00230873 0.0864833
v -0.0276434 0.0091517 0.106657
v -0.0301379 0.00875126 0.102361
v 0.0152501 0.00139338 0.0845975
v 0.0139498 0.00374786 0.0895607
v 0.0126494 0.00610234 0.0945238
v 0.0119756 0.00810761 0.0996448
v 0.00718737 0.0029643 0.0877025
v 0.00678221 0.00530994 0.0930819
v 0.00661745 0.00753276 0.0986234
v 0.000833071 0.00227271 0.0890023
v 0.000734276 0.00461169 0.0944255
v 0.0016381 0.00811017 0.104564
v 0.0167272 -0.00878369 0.138753
v 0.0112205 -0.00650467 0.139934
v 0.00671394 -0.00174293 0.135997
v 0.015085 -0.0141614 0.148788
v 0.00811652 -0.0265099 0.171632
v 0.00378706 -0.0180694 0.163871
v 0.00347302 -0.0212203 0.16848
v -0.00117048 -0.0159306 0.165327
v -0.0218439 0.00801166 0.103699
v -0.0171197 -0.0118245 0.162357
v -0.0305276 0.00721805 0.115236
v -0.0280594 0.00660069 0.119513
v -0.0255912 0.00598333 0.123791
v -0.0447027 0.00454907 0.101792
v -0.0422345 0.00393171 0.10607
v -0.0329995 0.00783423 0.110956
v -0.0381659 0.00849828 0.102086
v -0.0356138 0.00825685 0.106542
v -0.0251874 0.00939637 0.111106
v -0.0409081 0.00711777 0.0976541
v -0.0472553 0.00497217 0.0974048
v -0.0504199 0.00325279 0.0933888
v -0.0574167 -0.00156293 0.0868494
v -0.0537176 0.000631169 0.0899425
v -0.0575024 -0.00438051 0.0796814
v -0.061118 -0.00376493 0.083762
v -0.0541597 -0.00462362 0.0756137
v -0.0501909 -0.00321193 0.0794179
v -0.0392923 0.00016352 0.0830698
v -0.0467131 -0.000821503 0.0830711
v -0.0434896 0.00172801 0.086632
v -0.0401344 0.00411569 0.090289
v -0.0358284 0.00239212 0.0868176
v -0.0267391 0.00266747 0.087961
v -0.0320816 0.00440074 0.0907211
v -0.0540674 -0.00200488 0.0831101
v -0.0507377 0.000319072 0.0866905
v -0.0474079 0.00264302 0.0902709
v -0.0440782 0.00496697 0.0938514
v -0.0230226 0.00888311 0.116297
v -0.0195539 0.00759444 0.108936
v 0.0313713 -0.132546 0.263768
v 0.0290932 -0.130362 0.257321
v 0.0324404 -0.135404 0.254633
v 0.0341018 -0.141053 0.251402
v 0.0248227 -0.122396 0.253825
v 0.0276315 -0.117891 0.24899
v 0.0294648 -0.126988 0.251619
v 0.0320153 -0.12265 0.246614
v 0.0345464 -0.118325 0.241596
v 0.0374066 -0.113983 0.236784
v 0.0381972 -0.100478 0.228876
v 0.0331546 -0.108899 0.239214
v 0.0357148 -0.10467 0.234074
v 0.0405708 -0.0963558 0.223574
v 0.0426044 -0.0925701 0.21776
v 0.0392328 -0.110008 0.231276
v 0.0401872 -0.106077 0.225573
v 0.0399601 -0.115938 0.227423
v 0.0402639 -0.112023 0.221634
v 0.0412421 -0.102214 0.219841
v 0.042149 -0.0984162 0.214055
v 0.033308 -0.138827 0.276071
v 0.0243172 -0.125782 0.259482
v 0.0355757 -0.127815 0.243804
v 0.0328997 -0.13207 0.248869
v 0.0567132 -0.0763265 0.172625
v 0.059791 -0.0740464 0.166691
v 0.0571183 -0.0737096 0.182145
v 0.0542153 -0.076068 0.188103
v 0.0304375 -0.113386 0.244153
v 0.0511066 -0.0812949 0.184569
v 0.0641537 -0.0670356 0.179955
v 0.0602903 -0.0715235 0.176244
v 0.0635931 -0.0694951 0.170377
v 0.075909 -0.0671921 0.153268
v 0.0806094 -0.0671957 0.148037
v 0.0856763 -0.0677203 0.143208
v 0.0761653 -0.0708238 0.1437
v 0.0908651 -0.0681944 0.138492
v 0.039055 -0.119865 0.233131
v 0.0813596 -0.0713381 0.138995
v 0.0865831 -0.0718569 0.134337
v 0.0850003 -0.0636231 0.152231
v 0.0759505 -0.0637945 0.162733
v 0.0804577 -0.0636948 0.157468
v 0.0677514 -0.0654585 0.174119
v 0.0718154 -0.0645628 0.168389
v 0.0714889 -0.0674519 0.158709
v 0.0635268 -0.0727141 0.160863
v 0.0677236 -0.0720613 0.155126
v 0.0719203 -0.0714084 0.14939
v 0.0674732 -0.0683981 0.164489
v 0.0705685 -0.0781467 0.147913
v 0.0747941 -0.0776774 0.142401
v 0.0790197 -0.0772081 0.136888
v 0.0832453 -0.0767388 0.131376
v 0.0537433 -0.0786905 0.178573
v 0.041255 -0.108192 0.21591
v 0.0422775 -0.104361 0.210201
v 0.041716 -0.121782 0.224018
v 0.0404219 -0.125743 0.229488
v 0.0414635 -0.135555 0.231909
v 0.0394474 -0.129635 0.235171
v 0.0395863 -0.139509 0.237401
v 0.0378307 -0.133478 0.240678
v 0.0358662 -0.137359 0.245979
v 0.0374337 -0.143251 0.242628
v 0.0388549 -0.149388 0.239216
v 0.0353483 -0.152634 0.244473
v 0.0379635 -0.12364 0.238674
v 0.0337131 -0.161817 0.246906
v 0.0314255 -0.170857 0.249845
v 0.0312285 -0.167336 0.243747
v 0.0352937 -0.169087 0.258802
v 0.0362904 -0.166556 0.268251
v 0.0346108 -0.165458 0.252828
v 0.0354777 -0.154366 0.275263
v 0.0355626 -0.144727 0.272771
v 0.0371302 -0.150873 0.269373
v 0.0372048 -0.157033 0.265794
v 0.0369525 -0.163198 0.262174
v 0.0368959 -0.153479 0.259744
v 0.0368926 -0.147338 0.263321
v 0.0357893 -0.150013 0.253888
v 0.0341144 -0.138133 0.260706
v 0.0353105 -0.144046 0.257317
v 0.0363128 -0.159553 0.256198
v 0.0350903 -0.156007 0.25037
v 0.0354174 -0.146728 0.248016
v 0.0354941 -0.141155 0.266762
v 0.0331923 -0.135077 0.270096
v 0.0364291 -0.160482 0.27182
v 0.148786 0.312335 -0.290291
v 0.154311 0.310112 -0.293376
v 0.157752 0.315359 -0.291247
v 0.161188 0.320601 -0.289118
v 0.150987 0.304289 -0.296356
v 0.146956 0.319364 -0.283344
v 0.15063 0.324887 -0.280346
v 0.159866 0.328486 -0.283335
v 0.163871 0.333907 -0.281645
v 0.155852 0.32304 -0.284868
v 0.167879 0.339328 -0.279963
v 0.172042 0.344796 -0.278672
v 0.176205 0.350263 -0.277381
v 0.180368 0.355731 -0.27609
v 0.184531 0.361199 -0.274799
v 0.189401 0.358543 -0.279289
v 0.193513 0.363955 -0.277941
v 0.197682 0.36936 -0.276577
v 0.188748 0.366611 -0.273438
v 0.193053 0.371998 -0.272037
v 0.197358 0.377385 -0.270637
v 0.202047 0.374738 -0.275216
v 0.206498 0.380072 -0.27382
v 0.190427 0.350257 -0.284872
v 0.194452 0.355669 -0.283521
v 0.198477 0.361081 -0.28217
v 0.20872 0.354462 -0.289284
v 0.191548 0.3415 -0.289723
v 0.195557 0.346935 -0.288409
v 0.199566 0.35237 -0.287095
v 0.203575 0.357805 -0.285781
v 0.174375 0.328539 -0.290162
v 0.178384 0.333974 -0.288848
v 0.182394 0.339409 -0.287534
v 0.186403 0.344844 -0.28622
v 0.187578 0.33608 -0.291092
v 0.16646 0.317708 -0.292932
v 0.170369 0.323105 -0.29148
v 0.207802 0.363264 -0.284611
v 0.207145 0.371769 -0.279381
v 0.211518 0.377106 -0.277987
v 0.215891 0.382443 -0.276594
v 0.220311 0.387736 -0.275141
v 0.224804 0.392892 -0.273491
v 0.229295 0.398044 -0.271835
v 0.219885 0.395855 -0.269311
v 0.229861 0.38977 -0.277421
v 0.234361 0.394912 -0.275748
v 0.244123 0.396805 -0.277652
v 0.238898 0.400052 -0.274022
v 0.243358 0.405068 -0.272116
v 0.248602 0.401821 -0.275719
v 0.253031 0.406772 -0.273496
v 0.254042 0.39848 -0.279014
v 0.258487 0.403481 -0.276636
v 0.262933 0.408482 -0.274259
v 0.267202 0.413412 -0.271361
v 0.271343 0.418356 -0.268207
v 0.276989 0.415268 -0.270825
v 0.282811 0.41202 -0.273058
v 0.286743 0.416858 -0.269381
v 0.290411 0.421464 -0.265496
v 0.296419 0.418209 -0.267406
v 0.144164 0.332517 -0.264734
v 0.152321 0.31771 -0.287383
v 0.280838 0.420147 -0.267437
v 0.28443 0.424619 -0.263409
v 0.275067 0.422918 -0.264586
v 0.292603 0.413477 -0.271217
v 0.288725 0.408665 -0.274949
v 0.26059 0.386189 -0.286447
v 0.265211 0.391551 -0.284337
v 0.255996 0.380917 -0.28832
v 0.165103 0.326003 -0.287494
v 0.250459 0.384679 -0.285728
v 0.244984 0.388251 -0.28269
v 0.249537 0.393403 -0.280951
v 0.235059 0.386521 -0.281102
v 0.226139 0.375927 -0.28402
v 0.230561 0.381245 -0.282612
v 0.221718 0.370609 -0.285428
v 0.239585 0.391664 -0.279379
v 0.255046 0.389852 -0.283915
v 0.259622 0.395076 -0.281755
v 0.269793 0.396825 -0.282089
v 0.274288 0.401946 -0.279297
v 0.278749 0.407041 -0.276465
v 0.268581 0.405301 -0.276974
v 0.272911 0.410348 -0.274049
v 0.265611 0.421113 -0.265343
v 0.256497 0.419336 -0.265053
v 0.247775 0.409896 -0.269906
v 0.252118 0.414699 -0.267458
v 0.242714 0.412941 -0.266078
v 0.247095 0.417575 -0.263672
v 0.238291 0.408166 -0.268264
v 0.229006 0.406084 -0.26589
v 0.264169 0.400265 -0.279512
v 0.257383 0.411633 -0.271095
v 0.261698 0.416421 -0.268659
v 0.220955 0.379284 -0.280467
v 0.225376 0.384595 -0.279045
v 0.233791 0.403194 -0.270176
v 0.224431 0.400983 -0.267621
v 0.215295 0.398455 -0.264616
v 0.206222 0.38802 -0.267775
v 0.210738 0.393286 -0.266257
v 0.201729 0.390564 -0.262982
v 0.188541 0.374377 -0.267141
v 0.192872 0.379784 -0.265766
v 0.184224 0.368937 -0.268487
v 0.175762 0.357971 -0.271067
v 0.179964 0.36346 -0.269789
v 0.162993 0.341301 -0.274784
v 0.167266 0.346878 -0.273556
v 0.171539 0.352455 -0.272329
v 0.171447 0.359813 -0.265632
v 0.175747 0.365389 -0.264396
v 0.162921 0.348561 -0.268025
v 0.16718 0.354193 -0.266833
v 0.153791 0.337241 -0.270543
v 0.158459 0.34291 -0.269261
v 0.154284 0.330384 -0.27762
v 0.149782 0.338253 -0.264088
v 0.142228 0.334309 -0.257954
v 0.147153 0.339648 -0.257383
v 0.154553 0.344033 -0.263061
v 0.159295 0.349823 -0.262065
v 0.163554 0.355497 -0.260882
v 0.167813 0.36117 -0.259699
v 0.172072 0.366843 -0.258516
v 0.176331 0.372517 -0.257333
v 0.188898 0.381686 -0.260309
v 0.18438 0.37636 -0.261783
v 0.180042 0.370915 -0.263123
v 0.197259 0.385209 -0.264414
v 0.210908 0.385388 -0.272395
v 0.215393 0.390642 -0.270881
v 0.212153 0.368648 -0.2833
v 0.216535 0.373973 -0.28189
v 0.212937 0.359889 -0.288047
v 0.217314 0.365263 -0.286774
v 0.202769 0.366432 -0.280775
v 0.201747 0.382749 -0.269269
v 0.169126 0.331441 -0.285987
v 0.173175 0.336862 -0.284648
v 0.177224 0.342284 -0.28331
v 0.181273 0.347705 -0.281971
v 0.185322 0.353126 -0.280632
v 0.158701 0.335893 -0.27621
v 0.145171 0.32553 -0.275785
v 0.148919 0.331533 -0.272161
v 0.156641 0.301649 -0.298354
v 0.159585 0.306957 -0.296433
v 0.162749 0.312325 -0.294523
v 0.281160375 -0.05957505 -0.113713
v 0.298788625 -0.070925575 -0.146414875
v 0.262787 -0.034052 -0.0819720375
v 0.254216875 -0.022016225 -0.0703808125
v 0.258930875 -0.0235640875 -0.076262525
v 0.2628625 -0.0260039 -0.082450975
v 0.2663915 -0.0370219625 -0.0878767
v 0.27029825 -0.0404248125 -0.0947774625
v 0.274578375 -0.0439091625 -0.101915825
v 0.285141453125 -0.0457308984375 -0.120639140625
v 0.300778875 -0.09265325 -0.1625565
v 0.300440875 -0.0855218125 -0.158238875
v 0.2998195 -0.07823175 -0.15231525
v 0.293375625 -0.058818925 -0.145188125
v 0.29107975 -0.052159075 -0.14022025
v 0.288053625 -0.0456268875 -0.1333685
v 0.28445725 -0.039440675 -0.126145875
v 0.280678375 -0.0336766 -0.11856175
v 0.276305875 -0.02894295 -0.11082925
v 0.271425 -0.0248121 -0.103154825
v 0.266354125 -0.0208474 -0.09544735
v 0.2606015 -0.0183891125 -0.0881028625
v 0.250383875 -0.01750145 -0.0735481875
v 0.28879678125 -0.0517200765625 -0.127567453125
v 0.292121625 -0.05780706875 -0.134172078125
v 0.25476275 -0.0170146875 -0.0805719875
v 0.267637640625 -0.0283721015625 -0.09113456875
v 0.278989625 -0.04770125 -0.10922
v 0.2767274375 -0.0357703734375 -0.105897121875
v 0.272098 -0.0318505640625 -0.0983960546875
v 0.282025625 -0.053094125 -0.11497625
v 0.28114303125 -0.040207959375 -0.11336784375
v 0.2859818125 -0.0586583125 -0.122798875
v 0.285998875 -0.0712616375 -0.124430125
v 0.283293875 -0.0654544 -0.118478
v 0.290693875 -0.0836827875 -0.135676375
v 0.28839525 -0.07740955 -0.130099875
v 0.2929825 -0.0901307625 -0.141199875
v 0.295574125 -0.0953371125 -0.146586625
v 0.3017635 -0.0963885 -0.157350625
v 0.299572375 -0.0925781125 -0.151829375
v 0.29713609375 -0.0841062234375 -0.146559984375
v 0.29485271875 -0.0772260265625 -0.1411105
v 0.296153 -0.0642775125 -0.141972375
v 0.292140984375 -0.0705525265625 -0.135381
v 0.289086671875 -0.0644943109375 -0.129160109375
v 0.300136875 -0.08824615 -0.155026875
v 0.3010585 -0.0944151 -0.154475
v 0.3014275 -0.0954195 -0.1606575
v 0.300546 -0.0892349 -0.1612085
v 0.2986003125 -0.08115648125 -0.1494046875
v 0.298244375 -0.08756676875 -0.14926425
v 0.3001755 -0.08187135 -0.155273
v 0.29683925 -0.074062775 -0.1437735
v 0.2960265 -0.080654975 -0.1438529375
v 0.2994425 -0.07455125 -0.14937
v 0.291949375 -0.0548951375 -0.137111375
v 0.2937154375 -0.06098505 -0.1374006875
v 0.294712 -0.0615584 -0.143614
v 0.2922405 -0.0555849 -0.1435305
v 0.288732 -0.04859901875 -0.130385875
v 0.2904910625 -0.054737125 -0.130901625
v 0.2896665 -0.0488442 -0.1368365
v 0.285060625 -0.042506775 -0.1232985
v 0.2870118125 -0.04870078125 -0.1241476875
v 0.286294 -0.04249375 -0.1298055
v 0.281128875 -0.03686211875 -0.115877625
v 0.283191 -0.0428620875 -0.117038625
v 0.282613 -0.03646355 -0.122388
v 0.276730875 -0.03224738125 -0.10828395
v 0.278980125 -0.037882125 -0.1096485
v 0.2785705 -0.03119405 -0.114697
v 0.2719675625 -0.02820335 -0.100680425
v 0.274410125 -0.03375849375 -0.1021302375
v 0.273901 -0.02685035 -0.106994
v 0.2672066875 -0.0245159875 -0.09320305
v 0.269860875 -0.0300506625 -0.09474278125
v 0.268947 -0.02272405 -0.0992753
v 0.2621089375 -0.02176226875 -0.08591933125
v 0.2653671875 -0.02682819375 -0.08753556875
v 0.2635335 -0.01944335 -0.0917629
v 0.2568468125 -0.0202893875 -0.07841725625
v 0.261287 -0.024198 -0.0800062
v 0.2576745 -0.0175619 -0.08434815
v 0.2566085 -0.02307055 -0.0725867
v 0.2518765 -0.01680045 -0.0768476
v 0.251653 -0.01969995 -0.07104695
v 0.262843 -0.0300134 -0.0822301
v 0.264253 -0.0359452 -0.08430525
v 0.267225375 -0.03260326875 -0.089417725
v 0.268353 -0.03861125 -0.09133335
v 0.2714041875 -0.03600970625 -0.09649174375
v 0.275867125 -0.0397304875 -0.1038272375
v 0.2768255 -0.04567825 -0.105572
v 0.2802845 -0.04387444375 -0.11120675
v 0.2841771875 -0.04927106875 -0.1183558125
v 0.280931 -0.05019775 -0.1128
v 0.272388 -0.0421744 -0.0983113
v 0.281916 -0.06257845 -0.115479
v 0.284576125 -0.0620806125 -0.1206148125
v 0.284418625 -0.05575393125 -0.11959375
v 0.2816495 -0.05631675 -0.114413
v 0.287634375 -0.0551389875 -0.1250774375
v 0.2846715 -0.06833035 -0.121477
v 0.2874890625 -0.06788595625 -0.12678575
v 0.287536375 -0.06156526875 -0.12598825
v 0.290899125 -0.0610707375 -0.1315719375
v 0.290250625 -0.073948125 -0.132764375
v 0.2906370625 -0.06746495 -0.1323126875
v 0.287226 -0.0743036 -0.1272915
v 0.293551875 -0.07383238125 -0.1383000625
v 0.289549 -0.0805328 -0.132894
v 0.292791875 -0.08044138125 -0.13840425
v 0.2951818125 -0.0871059875 -0.143847
v 0.2918365 -0.08686895 -0.1384495
v 0.297565 -0.09395635 -0.1492125
v 0.2941375 -0.0935077 -0.143914
v 0.297602 -0.06745045 -0.1434275
v 0.2941013125 -0.06728858125 -0.137901875
v 0.30080225 -0.091825 -0.15784175
v 0.29939125 -0.0846986 -0.15221375
v 0.297799 -0.077593925 -0.146602
v 0.2933635 -0.05819755 -0.14037725
v 0.290404 -0.0517096 -0.13378725
v 0.286938 -0.045521475 -0.12688825
v 0.2831385 -0.039584725 -0.11962075
v 0.278989 -0.03444575 -0.11209175
v 0.2743665 -0.030178775 -0.10447505
v 0.26960575 -0.026284525 -0.09691545
v 0.264696 -0.022991425 -0.08956615
v 0.25948075 -0.02087995 -0.082177175
v 0.2542425 -0.0199355 -0.07471715
v 0.26505575 -0.03124235 -0.085837325
v 0.26930875 -0.034228125 -0.092944475
v 0.2781165 -0.04168785 -0.10752925
v 0.2822975 -0.046451825 -0.11482675
v 0.27361 -0.0378408 -0.1001337
v 0.28311225 -0.059197875 -0.1175145
v 0.28594525 -0.05218325 -0.1217605
v 0.28604225 -0.064966575 -0.12371275
v 0.28927725 -0.0580889 -0.12834325
v 0.288895 -0.07086895 -0.12981125
v 0.2915465 -0.07715605 -0.13562025
v 0.293996 -0.083752775 -0.14114175
v 0.29637225 -0.090516775 -0.14653425
v 0.295573 -0.070614875 -0.140887
v 0.29252525 -0.06412225 -0.1347775
v -0.200192 0.0293772 -0.0242663
v -0.200632 0.0330809 -0.0222382
v -0.201314 0.0308911 -0.018
v -0.201072 0.0367869 -0.020208
v -0.201609 0.0286476 -0.0138115
v -0.201873 0.0327716 -0.0116762
v -0.201892 0.0368858 -0.00971341
v -0.201895 0.0409897 -0.00777139
v -0.201534 0.0451632 -0.00593601
v -0.20068 0.0433104 -0.00159497
v -0.200282 0.0370385 0.000921868
v -0.201307 0.0390303 -0.00339671
v -0.199669 0.0414001 0.00273929
v -0.198572 0.0394899 0.00703946
v -0.198087 0.0285461 0.00726554
v -0.199051 0.0350567 0.00512477
v -0.199846 0.0244457 -0.00549183
v -0.199055 0.0264653 0.000919923
v -0.200268 0.0285949 -0.00323116
v -0.199477 0.0306145 0.00318059
v -0.197875 0.0182395 -0.0039147
v -0.199247 0.0203348 -0.00791764
v -0.200618 0.0224301 -0.0119206
v -0.197157 0.0202433 0.00256512
v -0.198529 0.0223386 -0.00143782
v -0.197811 0.0243423 0.005042
v -0.197277 0.0126521 -0.013091
v -0.197151 0.0141951 -0.00641485
v -0.198392 0.0163922 -0.0104612
v -0.194319 0.0069874 -0.011832
v -0.195819 0.0105532 -0.00910145
v -0.192774 0.00343975 -0.0145584
v -0.193598 0.00578053 -0.0184018
v -0.194422 0.00812131 -0.0222451
v -0.195561 0.00916026 -0.0157139
v -0.196197 0.011593 -0.0196595
v -0.197876 0.0151063 -0.0170816
v -0.196384 0.0141168 -0.0235657
v -0.198054 0.0176351 -0.020987
v -0.197585 0.0201617 -0.0248355
v -0.199561 0.0211634 -0.0183993
v -0.199209 0.0235355 -0.0224386
v -0.192767 0.00482181 -0.00790065
v -0.194251 0.00840595 -0.00517078
v -0.192649 0.00625507 -0.00125924
v -0.193677 0.0101667 0.00136774
v -0.195538 0.0121316 -0.00248538
v -0.194705 0.0140782 0.00399471
v -0.193818 0.0160658 0.0104509
v -0.191106 0.00274473 -0.00410431
v -0.189273 -0.000554719 -0.00706429
v -0.191102 0.00139665 -0.0107741
v -0.188098 0.00161298 -0.000761975
v -0.189525 0.00522927 0.00203958
v -0.190951 0.00884557 0.00484114
v -0.192378 0.0124619 0.0076427
v -0.186708 -0.00202959 -0.00357002
v -0.186718 -0.000902732 0.00306265
v -0.188076 0.00276295 0.0058764
v -0.189441 0.00643444 0.00869423
v -0.179448 -0.00720714 0.00656804
v -0.184481 -0.00277255 0.00650955
v -0.196525 0.0166061 -0.027448
v -0.177011 -0.010052 0.00331593
v -0.179782 -0.00859355 7.93467e-05
v -0.182554 -0.00713508 -0.00315724
v -0.185326 -0.00567662 -0.00639383
v -0.182439 -0.00591324 0.00342423
v -0.185211 -0.00445478 0.000187646
v -0.180844 -0.00364343 0.00928058
v -0.185652 0.000988773 0.00919494
v -0.185598 0.00553644 0.0112326
v -0.185454 0.00995525 0.0125081
v -0.189991 0.0150036 0.0130889
v -0.185313 0.0143669 0.0137768
v -0.189819 0.0194047 0.0143535
v -0.189085 0.0239909 0.0158964
v -0.188317 0.0286087 0.0175438
v -0.18753 0.0332441 0.019248
v -0.192212 0.0340877 0.0185007
v -0.191441 0.0386956 0.0202897
v -0.19067 0.0433035 0.0220787
v -0.193486 0.0249749 0.0146018
v -0.192878 0.0295203 0.0165856
v -0.193846 0.0204422 0.0126007
v -0.196435 0.0266057 0.0113047
v -0.19573 0.0311701 0.0132115
v -0.193355 0.0448928 0.0186867
v -0.188434 0.0526587 0.0251077
v -0.190421 0.0541087 0.0210837
v -0.192201 0.0555307 0.0168965
v -0.186683 0.0573102 0.0260527
v -0.188447 0.0587276 0.0218464
v -0.19021 0.060145 0.0176401
v -0.184545 0.061882 0.026621
v -0.181963 0.060462 0.0302105
v -0.179838 0.0649733 0.0307012
v -0.174678 0.0680162 0.0343714
v -0.177257 0.0691958 0.0304337
v -0.179372 0.0703666 0.0265524
v -0.182102 0.0661218 0.0267688
v -0.181279 0.0713888 0.0225064
v -0.183136 0.0723729 0.0184178
v -0.183907 0.0671828 0.0226396
v -0.185592 0.0684186 0.018418
v -0.187277 0.0696545 0.0141964
v -0.184886 0.0735142 0.0142462
v -0.188665 0.0708753 0.00989729
v -0.193936 0.0642252 0.00450185
v -0.191919 0.0681831 0.00519943
v -0.195882 0.0601323 0.0038423
v -0.193149 0.0628527 0.00903219
v -0.194933 0.0586486 0.00829748
v -0.198832 0.0518176 0.00151393
v -0.197697 0.0559208 0.00293012
v -0.198437 0.0574393 -0.00156179
v -0.191203 0.0669566 0.00968445
v -0.196642 0.0614677 -0.000632944
v -0.194528 0.0654392 9.64139e-05
v -0.194913 0.0666818 -0.00424182
v -0.196824 0.0627924 -0.00502154
v -0.197708 0.0606117 -0.0106691
v -0.200409 0.0509574 -0.00896759
v -0.199259 0.0549964 -0.00754044
v -0.19811 0.0590354 -0.00611329
v -0.200014 0.0526591 -0.013439
v -0.198861 0.0566203 -0.0120634
v -0.201035 0.0447743 -0.0164973
v -0.201446 0.0469777 -0.010385
v -0.200623 0.0487138 -0.0149445
v -0.192422 0.0693861 0.000808587
v -0.19289 0.0703851 -0.00370024
v -0.189327 0.0719705 0.00543562
v -0.189932 0.0729576 0.000988594
v -0.185783 0.0745954 0.00984409
v -0.186737 0.0755634 0.00543884
v -0.184189 0.0788219 0.00498948
v -0.181929 0.0770928 0.013628
v -0.183166 0.0778694 0.00934448
v -0.178615 0.0804884 0.0125989
v -0.177358 0.079703 0.0168727
v -0.174408 0.0732242 0.0299949
v -0.176329 0.0741926 0.0259008
v -0.17825 0.0751611 0.0218066
v -0.180171 0.0761296 0.0177125
v -0.173294 0.0776012 0.0248605
v -0.175215 0.0785696 0.0207663
v -0.170259 0.0810097 0.0238202
v -0.168756 0.0756851 0.0328516
v -0.171345 0.0766335 0.0289468
v -0.168117 0.0800479 0.0278516
v -0.169342 0.0711401 0.0377623
v -0.171976 0.0722397 0.0339316
v -0.159644 0.0717701 0.0421749
v -0.149618 0.0721772 0.0459409
v -0.153713 0.0742079 0.0444904
v -0.143466 0.0742502 0.0475784
v -0.147423 0.0761172 0.0458322
v -0.140561 0.0772679 0.0457888
v -0.143999 0.0787151 0.0433606
v -0.147266 0.0800311 0.0407289
v -0.150825 0.0775473 0.0433556
v -0.150316 0.0813439 0.0377601
v -0.153224 0.0826546 0.0345703
v -0.153695 0.0787993 0.0400905
v -0.156472 0.0799079 0.0366417
v -0.15925 0.0810166 0.0331928
v -0.162027 0.0821253 0.029744
v -0.162796 0.078221 0.0352158
v -0.163373 0.0736518 0.0401926
v -0.157105 0.0758262 0.0419663
v -0.159993 0.077102 0.038653
v -0.164806 0.0832341 0.0263007
v -0.167044 0.083884 0.022457
v -0.166163 0.0747476 0.0367371
v -0.165503 0.079165 0.0316402
v -0.172368 0.082051 0.0198791
v -0.174028 0.0826286 0.0156195
v -0.191904 0.0613988 0.0134164
v -0.186255 0.0631746 0.0224014
v -0.187939 0.064407 0.0181755
v -0.189623 0.0656394 0.0139496
v -0.196646 0.0543715 0.00732067
v -0.193762 0.0570962 0.012639
v -0.196459 0.0483861 0.0102305
v -0.197938 0.0500085 0.00596028
v -0.19369 0.0511271 0.0158704
v -0.19517 0.0527495 0.0116002
v -0.19496 0.046692 0.0144867
v -0.192207 0.0494915 0.0201381
v -0.195135 0.0357342 0.0151626
v -0.194401 0.0403046 0.0170418
v -0.18972 0.0479492 0.0237317
v -0.184171 0.0513766 0.0267381
v -0.18302 0.0560683 0.0282669
v -0.178494 0.0548413 0.0295738
v -0.185165 0.046919 0.0246886
v -0.186084 0.0423254 0.0229
v -0.177459 0.0593823 0.0314
v -0.176611 0.0636929 0.0336687
v -0.171879 0.0625901 0.0345214
v -0.166194 0.0655154 0.0374281
v -0.171002 0.0667305 0.0367161
v -0.160619 0.0679048 0.0402447
v -0.165381 0.0694814 0.0395963
v -0.155122 0.0700681 0.0430457
v -0.186834 0.0377971 0.0210007
v -0.181056 0.000531208 0.0106709
v -0.180903 0.00497448 0.011944
v -0.200591 0.0270319 -0.0201451
v -0.200923 0.0246544 -0.0160471
v -0.190013 0.0105474 0.0110571
v -0.19951 0.0186382 -0.014498
v -0.196437 0.0161364 7.82805e-05
v -0.195552 0.0181203 0.00653303
v -0.196305 0.022231 0.00902466
v -0.197601 0.0330115 0.0091939
v -0.196867 0.0375819 0.0110726
v -0.196122 0.0421498 0.0129457
v -0.197683 0.043918 0.0087778
v -0.199027 0.0457169 0.00453032
v -0.199901 0.0475561 7.81366e-05
v -0.200616 0.0492774 -0.00440607
v -0.199537 0.0533529 -0.00298248
v -0.201528 0.0348114 -0.00532561
v -0.20142 0.0306778 -0.00740772
v -0.200698 0.0327392 -0.000968089
v -0.201116 0.0265539 -0.00962277
v -0.201629 0.0347422 -0.0159652
v -0.201647 0.0388519 -0.0140361
v -0.20125 0.0407571 -0.0182219
v -0.201665 0.0429616 -0.0121071
v 0.252644 -0.262594 -0.193575
v 0.255135 -0.266152 -0.196999
v 0.257626 -0.269788 -0.200337
v 0.260116 -0.273424 -0.203675
v 0.259636 -0.263097 -0.196938
v 0.262153 -0.266702 -0.200287
v 0.250146 -0.259113 -0.190074
v 0.26095 -0.245871 -0.187585
v 0.259031 -0.252684 -0.190612
v 0.261555 -0.256284 -0.193911
v 0.264078 -0.259883 -0.19721
v 0.254589 -0.255898 -0.190339
v 0.257112 -0.259498 -0.193638
v 0.263473 -0.249463 -0.190882
v 0.265997 -0.253045 -0.194175
v 0.268521 -0.256628 -0.197468
v 0.271044 -0.26021 -0.200761
v 0.266602 -0.26347 -0.200504
v 0.273713 -0.264046 -0.203724
v 0.256624 -0.249187 -0.187133
v 0.254726 -0.246166 -0.182906
v 0.258586 -0.242279 -0.184292
v 0.256066 -0.238504 -0.181322
v 0.252211 -0.242469 -0.179996
v 0.248356 -0.246434 -0.178669
v 0.252337 -0.252545 -0.186631
v 0.2506 -0.249736 -0.18214
v 0.246637 -0.253522 -0.181109
v 0.248264 -0.256181 -0.185785
v 0.276376 -0.267876 -0.206705
v 0.269212 -0.267216 -0.203609
v 0.271767 -0.270904 -0.206862
v 0.264603 -0.270244 -0.203765
v 0.267158 -0.273932 -0.207018
v 0.262548 -0.27696 -0.207175
v 0.278952 -0.271622 -0.209867
v 0.281545 -0.275415 -0.212956
v 0.274345 -0.274657 -0.210013
v 0.269739 -0.277691 -0.210159
v 0.284138 -0.279226 -0.215991
v 0.276939 -0.278455 -0.213085
v 0.27953 -0.28229 -0.216046
v 0.27233 -0.28152 -0.21314
v 0.274922 -0.285355 -0.216101
v 0.265131 -0.28075 -0.210233
v 0.282066 -0.286061 -0.219115
v 0.277491 -0.289164 -0.219106
v 0.279968 -0.292865 -0.222292
v 0.286647 -0.282959 -0.219151
v 0.289146 -0.286665 -0.222435
v 0.284547 -0.289763 -0.22232
v 0.282447 -0.296567 -0.225489
v 0.287107 -0.293622 -0.225403
v 0.291759 -0.290704 -0.225287
v 0.294206 -0.294573 -0.228394
v 0.289573 -0.29751 -0.228481
v 0.29202 -0.301379 -0.231589
v 0.28494 -0.300447 -0.228569
v 0.296645 -0.298397 -0.231599
v 0.299074 -0.302201 -0.23488
v 0.301473 -0.306044 -0.23806
v 0.303862 -0.309907 -0.241182
v 0.30625 -0.31377 -0.244305
v 0.312506 -0.314044 -0.249294
v 0.314713 -0.317641 -0.252669
v 0.308549 -0.317499 -0.247601
v 0.310745 -0.321079 -0.251111
v 0.312941 -0.32466 -0.254621
v 0.319853 -0.324976 -0.258352
v 0.322464 -0.31808 -0.255658
v 0.324312 -0.322009 -0.259004
v 0.320599 -0.314133 -0.252355
v 0.31009 -0.286287 -0.237105
v 0.312379 -0.290361 -0.240105
v 0.307532 -0.279142 -0.238712
v 0.305001 -0.275142 -0.235744
v 0.303135 -0.274148 -0.228193
v 0.305622 -0.278129 -0.231114
v 0.30024 -0.267048 -0.22978
v 0.302804 -0.271018 -0.23275
v 0.300625 -0.270177 -0.225244
v 0.297966 -0.263045 -0.226706
v 0.298229 -0.266225 -0.22223
v 0.293252 -0.258368 -0.216286
v 0.295902 -0.262245 -0.219209
v 0.290128 -0.251274 -0.217833
v 0.287046 -0.247594 -0.214985
v 0.290581 -0.254488 -0.213352
v 0.282369 -0.242971 -0.204675
v 0.285093 -0.246818 -0.20757
v 0.287817 -0.250665 -0.210465
v 0.283084 -0.250371 -0.204612
v 0.285703 -0.254234 -0.207542
v 0.288322 -0.258098 -0.210472
v 0.29094 -0.261961 -0.213402
v 0.267719 -0.284574 -0.213211
v 0.280423 -0.2465 -0.201731
v 0.281072 -0.257192 -0.207692
v 0.283637 -0.260985 -0.210753
v 0.278529 -0.25343 -0.204592
v 0.272789 -0.291948 -0.219584
v 0.27026 -0.288274 -0.21638
v 0.291961 -0.31175 -0.238365
v 0.289636 -0.307997 -0.235077
v 0.287311 -0.304244 -0.231788
v 0.296777 -0.308987 -0.238006
v 0.294453 -0.305235 -0.234717
v 0.286193 -0.264769 -0.213825
v 0.288631 -0.268481 -0.217014
v 0.29104 -0.272303 -0.220095
v 0.293471 -0.276338 -0.222882
v 0.293428 -0.265794 -0.216462
v 0.295887 -0.280204 -0.225985
v 0.300704 -0.277463 -0.225644
v 0.298164 -0.284135 -0.229035
v 0.300386 -0.288045 -0.232143
v 0.302619 -0.29199 -0.235206
v 0.304899 -0.296071 -0.238095
v 0.302981 -0.281459 -0.228644
v 0.305273 -0.285463 -0.231648
v 0.307566 -0.289467 -0.234652
v 0.309859 -0.29347 -0.237656
v 0.307188 -0.300094 -0.24107
v 0.295852 -0.26968 -0.219528
v 0.298277 -0.273568 -0.22259
v 0.292968 -0.255103 -0.220705
v 0.295277 -0.25918 -0.223743
v 0.310105 -0.28312 -0.241649
v 0.314663 -0.29445 -0.243105
v 0.316813 -0.298588 -0.246101
v 0.318966 -0.302723 -0.249092
v 0.321299 -0.306776 -0.252072
v 0.323152 -0.310854 -0.25537
v 0.324831 -0.314925 -0.258741
v 0.307905 -0.282187 -0.234091
v 0.312038 -0.297581 -0.2406
v 0.314183 -0.301724 -0.243525
v 0.316328 -0.305867 -0.24645
v 0.318472 -0.31001 -0.249374
v 0.309339 -0.304231 -0.243998
v 0.311533 -0.308495 -0.246698
v 0.315272 -0.317241 -0.252458
v 0.317842 -0.321108 -0.255161
v 0.301441 -0.316527 -0.244576
v 0.308229 -0.327669 -0.25479
v 0.294286 -0.315496 -0.241664
v 0.296617 -0.31915 -0.245081
v 0.299109 -0.312757 -0.241291
v 0.303744 -0.320278 -0.247905
v 0.305987 -0.32399 -0.251322
v -0.158769 0.0375577 0.0370851
v -0.158265 0.0377407 0.0344178
v -0.158882 0.0353851 0.0312404
v -0.15948 0.0352539 0.0339024
v -0.157628 0.0378349 0.031777
v -0.15594 0.0399977 0.0323987
v -0.158364 0.0355579 0.0285762
v -0.156676 0.0377207 0.029198
v -0.154965 0.0398736 0.0298259
v -0.157286 0.0353911 0.0260303
v -0.15549 0.0375082 0.0266809
v -0.153693 0.0396252 0.0273314
v -0.142162 0.0107659 0.0176693
v -0.141964 0.0070245 0.0198683
v -0.143496 0.00943337 0.0186667
v -0.155948 0.0296199 0.0214237
v -0.144359 0.0083955 0.0195525
v -0.153834 0.0289365 0.0193333
v -0.152478 0.031132 0.0193613
v -0.158659 0.0330718 0.0255992
v -0.158205 0.027263 0.0232318
v -0.157678 0.0300369 0.0234338
v -0.156698 0.027002 0.0212685
v -0.15684 0.021734 0.0210297
v -0.156939 0.0243156 0.0211181
v -0.154653 0.0219483 0.019234
v -0.154922 0.0243446 0.0192696
v -0.152116 0.0225457 0.0175476
v -0.15449 0.0194363 0.019271
v -0.152061 0.0199144 0.0176593
v -0.157049 0.016494 0.0239638
v -0.155341 0.0166004 0.0217639
v -0.160705 0.0190683 0.0281304
v -0.158513 0.0164617 0.0262662
v -0.159312 0.0190788 0.0257978
v -0.157918 0.0190892 0.0234653
v -0.156525 0.0190997 0.0211327
v -0.159963 0.0217819 0.025445
v -0.161069 0.027317 0.030665
v -0.160653 0.0301072 0.0307861
v -0.161337 0.021751 0.0277712
v -0.160921 0.0245412 0.0278923
v -0.160588 0.0273605 0.0279706
v -0.160225 0.032954 0.0308607
v -0.160208 0.030216 0.0280277
v -0.159529 0.0330328 0.0281816
v -0.162458 0.0245194 0.0331347
v -0.161917 0.0273075 0.0332744
v -0.161376 0.0300956 0.0334141
v -0.160834 0.0328837 0.0335538
v -0.161544 0.0245278 0.0305352
v -0.162553 0.0272336 0.0359349
v -0.162001 0.0300194 0.0360768
v -0.161979 0.0297869 0.0388248
v -0.161966 0.029498 0.0416038
v -0.161083 0.0323493 0.0390869
v -0.160198 0.0348448 0.0393858
v -0.161084 0.032705 0.036271
v -0.160199 0.0352006 0.0365699
v -0.163892 0.0187199 0.0438706
v -0.163515 0.0213582 0.0439635
v -0.163132 0.0242323 0.0413132
v -0.162755 0.0268706 0.0414061
v -0.16275 0.0271063 0.0386629
v -0.164395 0.0239727 0.0464743
v -0.164117 0.026628 0.0465412
v -0.16316 0.0240004 0.0440505
v -0.162882 0.0266557 0.0441174
v -0.163884 0.0292956 0.04661
v -0.162677 0.0293312 0.0441876
v -0.162492 0.0320122 0.0442586
v -0.161286 0.0320478 0.0418361
v -0.163483 0.0215727 0.0412216
v -0.163261 0.0216366 0.0384885
v -0.163043 0.0244016 0.0385739
v -0.162821 0.0244655 0.0358409
v -0.163605 0.0187927 0.0411558
v -0.163176 0.0188238 0.0384654
v -0.162872 0.0216742 0.0357897
v -0.162443 0.0217053 0.0330993
v -0.162014 0.0217364 0.0304088
v -0.161877 0.016364 0.038882
v -0.16257 0.0189091 0.03584
v -0.161919 0.0190082 0.0332311
v -0.163705 0.0160266 0.0438895
v -0.162759 0.0162036 0.0413983
v -0.162732 0.016131 0.0385553
v -0.162 0.0162084 0.0360721
v -0.161267 0.0162859 0.0335889
v -0.160535 0.0163633 0.0311057
v -0.161537 0.019001 0.030591
v -0.159803 0.0164408 0.0286224
v -0.159322 0.0135477 0.0316144
v -0.158682 0.0137025 0.0291338
v -0.161136 0.0118053 0.0423996
v -0.162356 0.0135383 0.0416058
v -0.159127 0.0100349 0.0406909
v -0.160347 0.0117679 0.0398972
v -0.161567 0.0135009 0.0391035
v -0.158338 0.00999746 0.0381886
v -0.159558 0.0117305 0.0373949
v -0.160777 0.0134635 0.0366011
v -0.157549 0.00996006 0.0356862
v -0.158768 0.0116931 0.0348925
v -0.159988 0.0134261 0.0340988
v -0.157979 0.0116557 0.0323901
v -0.15719 0.0116183 0.0298878
v -0.15989 0.00951801 0.0429777
v -0.155399 0.00337427 0.0425035
v -0.156645 0.00566817 0.041928
v -0.157891 0.00796207 0.0413525
v -0.157115 0.00826118 0.0389817
v -0.156114 0.00802441 0.0364446
v -0.155113 0.00778765 0.0339074
v -0.156745 0.00990904 0.0331815
v -0.154113 0.00755089 0.0313702
v -0.155744 0.00967228 0.0306443
v -0.154744 0.00943552 0.0281071
v -0.156375 0.0115569 0.0273812
v -0.155395 0.0113076 0.0248391
v -0.153714 0.00929109 0.025604
v -0.150675 0.0074855 0.0240011
v -0.152411 0.00956407 0.0232952
v -0.154166 0.0117082 0.0226401
v -0.149482 0.00814072 0.021989
v -0.151236 0.0102848 0.0213339
v -0.149838 0.0113504 0.0196425
v -0.148305 0.0126219 0.018112
v -0.143639 0.00574134 0.0212214
v -0.145815 0.0074727 0.0206385
v -0.147991 0.00920406 0.0200556
v -0.153704 0.0321211 0.0208573
v -0.15522 0.0330106 0.0225469
v -0.159499 0.0354677 0.0481193
v -0.158705 0.0244366 0.023116
v -0.159153 0.0302317 0.0255057
v -0.159645 0.0273891 0.0254163
v -0.160137 0.0245465 0.025327
v -0.155191 0.0267409 0.0193052
v -0.158502 0.0218009 0.0231619
v -0.143832 0.0130722 0.0165092
v -0.159348 0.0360237 0.0453517
v -0.159197 0.0365798 0.0425841
v -0.147757 0.0269617 0.0161425
v -0.14538 0.0298405 0.0165168
v -0.148022 0.0295339 0.0169999
v -0.137336 0.00470978 0.0212723
v -0.138439 0.00495374 0.0211638
v -0.139542 0.00519769 0.0210553
v -0.140645 0.00544164 0.0209467
v -0.145646 0.0324127 0.0173743
v -0.136052 0.00540618 0.0206077
v -0.137155 0.00565013 0.0204992
v -0.138258 0.00589408 0.0203907
v -0.142732 0.0301459 0.0160453
v -0.142873 0.0326988 0.0171045
v -0.145882 0.0349804 0.0182797
v -0.136975 0.00659048 0.0197261
v -0.134737 0.0377873 0.0202803
v -0.137563 0.0377469 0.0200476
v -0.14039 0.0377065 0.0198149
v -0.131942 0.0377498 0.0206335
v -0.132244 0.0399019 0.0224456
v -0.135019 0.0399886 0.0220165
v -0.137794 0.0400752 0.0215874
v -0.132547 0.0420541 0.0242577
v -0.160884 0.034623 0.0419798
v -0.136799 0.00241809 0.0240161
v -0.139104 0.00341808 0.0230083
v -0.141408 0.00441807 0.0220005
v -0.134411 0.00162584 0.0251314
v -0.135443 0.00398512 0.0219747
v -0.133116 0.00335138 0.023225
v -0.132112 0.00150847 0.0266095
v -0.131101 0.000260407 0.0302234
v -0.130817 0.00283144 0.0245467
v -0.1314 -0.00112425 0.0361924
v -0.132441 -0.000795354 0.0324174
v -0.136486 -0.0015386 0.0397609
v -0.135138 -0.00131313 0.0373037
v -0.133789 -0.00108765 0.0348466
v -0.134058 -0.00167809 0.0410529
v -0.132739 -0.00144843 0.0386058
v -0.137806 -0.00177916 0.0422018
v -0.141523 -0.00199531 0.0432532
v -0.143899 -0.000851745 0.0421104
v -0.14761 -0.00026694 0.0432698
v -0.14997 0.000833791 0.0421304
v -0.152003 0.00250864 0.041378
v -0.153564 0.00464682 0.0406898
v -0.138888 -0.00134623 0.0384752
v -0.137543 -0.00110741 0.0360225
v -0.136198 -0.000868586 0.0335698
v -0.139944 -0.000533395 0.0348328
v -0.138608 -0.000500942 0.0323315
v -0.140999 0.000291971 0.0311934
v -0.146134 0.000581793 0.0412162
v -0.148463 0.00150129 0.0400834
v -0.140203 -0.00134769 0.0409754
v -0.142531 -0.000428198 0.0398426
v -0.144859 0.000491295 0.0387098
v -0.147188 0.00141079 0.0375769
v -0.141256 -0.000518696 0.0373361
v -0.143585 0.000400796 0.0362033
v -0.145913 0.00132029 0.0350705
v -0.14231 0.000310298 0.0336969
v -0.149497 0.00253891 0.0365175
v -0.148217 0.00250044 0.0340294
v -0.144637 0.00124287 0.0325687
v -0.146937 0.00246197 0.0315412
v -0.143356 0.00121077 0.030083
v -0.145604 0.00263992 0.0291358
v -0.147852 0.00406907 0.0281886
v -0.148758 0.00570779 0.0248481
v -0.149159 0.00389596 0.0305897
v -0.151201 0.00554152 0.0296884
v -0.149999 0.00560417 0.0272639
v -0.144281 0.00275763 0.0266722
v -0.146516 0.00425162 0.0257746
v -0.145112 0.00483205 0.0233751
v -0.139594 0.000738447 0.0287994
v -0.142865 0.00340202 0.0242913
v -0.155324 0.00643439 0.0398261
v -0.150664 0.00269391 0.0390383
v -0.152434 0.00446203 0.0381649
v -0.154204 0.00623015 0.0372915
v -0.151314 0.0042578 0.0356302
v -0.141985 0.00152634 0.0276636
v -0.13484 -0.000531592 0.0311262
v -0.133425 0.000267257 0.0287252
v -0.13724 -0.000142317 0.0298748
v -0.135823 0.000697899 0.0274818
v -0.138176 0.00150785 0.0263777
v -0.140483 0.00258661 0.0254082
v -0.147329 0.00639185 0.0225906
v -0.153146 0.00729451 0.0288253
v -0.151937 0.00736527 0.0264037
v -0.153228 0.00596074 0.0347418
v -0.150214 0.00404479 0.0330936
v -0.152258 0.0056885 0.0321916
v -0.153776 0.0167754 0.0196856
v -0.161046 0.0340762 0.0447534
v -0.152522 0.013259 0.0211124
v -0.153131 0.01494 0.0204258
v -0.150556 0.0142704 0.0193967
v -0.151165 0.0159513 0.0187101
v -0.151774 0.0176323 0.0180236
v -0.161208 0.0335294 0.047527
v -0.162928 0.0315993 0.0469402
v -0.152491 0.0251215 0.0177279
v -0.148254 0.0319978 0.0179207
v -0.150526 0.0287822 0.0177431
v -0.150296 0.026325 0.0168184
v -0.151076 0.033476 0.0197028
v -0.148503 0.0344072 0.0188693
v -0.150795 0.0311435 0.0187157
v -0.148844 0.0382227 0.0222047
v -0.151275 0.0354943 0.0211934
v -0.148706 0.0364388 0.0203386
v -0.14652 0.0427016 0.0251898
v -0.143746 0.0434265 0.0250434
v -0.146368 0.0409031 0.0233708
v -0.143594 0.0416279 0.0232244
v -0.146216 0.0391046 0.0215518
v -0.146065 0.0373061 0.0197327
v -0.140802 0.0422066 0.02314
v -0.143436 0.0397733 0.0214292
v -0.143227 0.037506 0.0198092
v -0.143018 0.0352387 0.0181893
v -0.140595 0.0399554 0.0214825
v -0.138024 0.0422571 0.0233588
v -0.135297 0.0421507 0.0238149
v -0.130771 0.0452386 0.029166
v -0.135632 0.0440877 0.0257921
v -0.132917 0.0439564 0.0262693
v -0.128761 0.0463549 0.0321131
v -0.133557 0.0452828 0.0287152
v -0.138354 0.0442108 0.0253174
v -0.126406 0.0456335 0.0333423
v -0.125795 0.0442033 0.0311923
v -0.123576 0.0432727 0.032655
v -0.120745 0.0409119 0.0319678
v -0.117915 0.038551 0.0312805
v -0.121112 0.0427456 0.0337791
v -0.11833 0.0403042 0.0331595
v -0.115549 0.0378628 0.0325399
v -0.125261 0.0423842 0.0291515
v -0.122987 0.0417316 0.0305362
v -0.122464 0.0398586 0.0285106
v -0.120189 0.039206 0.0298952
v -0.121941 0.0379855 0.026485
v -0.119666 0.0373329 0.0278696
v -0.117392 0.0366804 0.0292542
v -0.115117 0.0360279 0.0306389
v -0.119256 0.0352629 0.026128
v -0.117015 0.0345521 0.0275965
v -0.114773 0.0338414 0.0290651
v -0.112679 0.0331042 0.0307353
v -0.114724 0.0313783 0.0280591
v -0.112737 0.0306218 0.0298764
v -0.114783 0.0288959 0.0272002
v -0.112795 0.0281395 0.0290175
v -0.112853 0.0256572 0.0281586
v -0.111552 0.0250674 0.0306388
v -0.112917 0.0231762 0.0273054
v -0.111627 0.0225893 0.0297965
v -0.111702 0.0201111 0.0289542
v -0.11111 0.0299956 0.0320345
v -0.111427 0.0275408 0.031432
v -0.159046 0.0371358 0.0398165
v -0.1132 0.0206001 0.0268109
v -0.113849 0.0178518 0.0269279
v -0.112317 0.0173853 0.029024
v -0.116026 0.0155942 0.0249759
v -0.11448 0.015289 0.027253
v -0.118683 0.0134902 0.02363
v -0.116685 0.0131919 0.0255177
v -0.120687 0.0137824 0.0217922
v -0.123619 0.011624 0.0210675
v -0.121613 0.0113336 0.0228898
v -0.119608 0.0110431 0.0247122
v -0.124545 0.00917514 0.0221651
v -0.122777 0.0140645 0.0201111
v -0.130742 0.0123851 0.0174702
v -0.128354 0.0121327 0.0186462
v -0.125966 0.0118804 0.0198222
v -0.129156 0.00969629 0.0195334
v -0.126768 0.00944396 0.0207094
v -0.136671 0.0107988 0.0168286
v -0.134117 0.0103832 0.0176155
v -0.131563 0.00996759 0.0184025
v -0.115516 0.0183028 0.0249327
v -0.117972 0.0159822 0.0231501
v -0.119483 0.0220101 0.0217672
v -0.117343 0.0215313 0.0234128
v -0.115203 0.0210526 0.0250585
v -0.1198 0.0191914 0.0216258
v -0.11766 0.0187127 0.0232715
v -0.120117 0.0163727 0.0214845
v -0.12166 0.0224858 0.0201884
v -0.121996 0.0196654 0.0200836
v -0.124075 0.022891 0.0189687
v -0.126816 0.0204471 0.017571
v -0.124406 0.0200577 0.018831
v -0.124738 0.0172245 0.0186934
v -0.122328 0.0168351 0.0199534
v -0.127176 0.0175996 0.0175312
v -0.127628 0.0147057 0.0178083
v -0.125167 0.0143419 0.0188932
v -0.129639 0.0179643 0.0164741
v -0.135085 0.0158298 0.0154971
v -0.132591 0.0154514 0.0161611
v -0.130097 0.015073 0.0168251
v -0.135642 0.0130573 0.015779
v -0.13315 0.0126819 0.0164412
v -0.131814 0.0212931 0.015509
v -0.134739 0.0187686 0.0151862
v -0.132142 0.0183464 0.0158133
v -0.136999 0.0247447 0.0146044
v -0.137244 0.0218864 0.0147385
v -0.13442 0.0217063 0.0148992
v -0.137489 0.019028 0.0148726
v -0.137733 0.0161696 0.0150067
v -0.139803 0.0249287 0.014466
v -0.142497 0.0223223 0.0148456
v -0.139964 0.0220865 0.014691
v -0.145191 0.0197159 0.0152252
v -0.142658 0.01948 0.0150706
v -0.140125 0.0192442 0.014916
v -0.140285 0.0164019 0.015141
v -0.145786 0.01741 0.0157079
v -0.142982 0.0168401 0.0153928
v -0.138398 0.0135874 0.0159489
v -0.143927 0.0147276 0.0161958
v -0.141181 0.0141545 0.0161568
v -0.13936 0.0113248 0.0166204
v -0.142567 0.0275949 0.015325
v -0.14243 0.0249637 0.0146994
v -0.137236 0.032761 0.0176439
v -0.139913 0.0302001 0.0162521
v -0.137124 0.0301795 0.0164961
v -0.139801 0.0276186 0.0151043
v -0.131798 0.0352592 0.0193441
v -0.134458 0.0327238 0.0179134
v -0.124122 0.0364238 0.0236116
v -0.129171 0.0348812 0.0202082
v -0.129869 0.0417625 0.0250129
v -0.129596 0.0395467 0.0233021
v -0.126988 0.0391081 0.0242913
v -0.129324 0.037331 0.0215912
v -0.126715 0.0368923 0.0225805
v -0.126581 0.0344732 0.0212064
v -0.129086 0.032312 0.0190819
v -0.131643 0.0298436 0.0173243
v -0.129043 0.0295303 0.0182291
v -0.1316 0.0270619 0.0164714
v -0.140195 0.0352899 0.0184244
v -0.137379 0.0353031 0.0187253
v -0.134564 0.0353163 0.0190263
v -0.14005 0.0327492 0.0173454
v -0.145138 0.027275 0.0156956
v -0.145082 0.0247628 0.015163
v -0.147687 0.0244785 0.0157139
v -0.145105 0.0223395 0.015006
v -0.131724 0.032597 0.0183012
v -0.134383 0.030053 0.0168756
v -0.137042 0.0275091 0.0154501
v -0.134298 0.0273026 0.0158856
v -0.134213 0.0245521 0.0148957
v -0.131562 0.0242105 0.0156313
v -0.129044 0.0237577 0.0167057
v -0.126526 0.0233048 0.0177801
v -0.129258 0.0208552 0.0163656
v -0.121546 0.0359055 0.0247083
v -0.12407 0.0336414 0.0227258
v -0.123988 0.0310035 0.0215761
v -0.126513 0.0287394 0.0195937
v -0.123907 0.0283655 0.0204264
v -0.129037 0.0264754 0.0176112
v -0.126431 0.0261015 0.018444
v -0.123825 0.0257276 0.0192768
v -0.116908 0.0294377 0.0254993
v -0.119176 0.0273655 0.0230108
v -0.117031 0.0268533 0.0246957
v -0.114887 0.0263412 0.0263806
v -0.121444 0.0252932 0.0205223
v -0.119299 0.0247811 0.0222072
v -0.117155 0.0242689 0.0238921
v -0.115011 0.0237568 0.025577
v -0.121493 0.0332451 0.0236163
v -0.119174 0.0326503 0.0250169
v -0.116855 0.0320554 0.0264176
v -0.121446 0.0305802 0.0225358
v -0.119127 0.0299854 0.0239365
v -0.1214 0.0279153 0.0214554
v -0.131519 0.0462683 0.0317431
v -0.141569 0.044493 0.027978
v -0.138922 0.0448034 0.0281906
v -0.136275 0.0451137 0.0284033
v -0.141031 0.0439591 0.0250635
v -0.128125 0.0449168 0.0298654
v -0.130234 0.0437344 0.0268522
v -0.127717 0.043056 0.0279677
v -0.127309 0.0411952 0.0260699
v -0.124792 0.0405168 0.0271854
v -0.124384 0.038656 0.0252876
v 0.249658 -0.138074 0.144613
v 0.352821 -0.134533 0.143665
v 0.238622 -0.138442 0.1435
v 0.146973 -0.141026 0.137107
v 0.278833 -0.137793 0.145586
v 0.264611 -0.137954 0.145345
v 0.343989 -0.134431 0.15231
v 0.345916 -0.134835 0.14957
v 0.313977 -0.136552 0.143045
v 0.3029 -0.137226 0.14397
v 0.283644 -0.137638 0.142236
v 0.285632 -0.137897 0.143583
v 0.278909 -0.137829 0.14191
v 0.20068 -0.139714 0.138871
v 0.190837 -0.1399 0.13846
v 0.186261 -0.139966 0.138108
v 0.34657 -0.135617 0.146201
v 0.313827 -0.130238 0.137037
v 0.306753 -0.131302 0.136883
v 0.322024 -0.130194 0.137422
v 0.34968 -0.134876 0.148665
v 0.330221 -0.13015 0.137808
v 0.338814 -0.1305 0.138328
v 0.347022 -0.130462 0.138505
v 0.355228 -0.130376 0.138793
v 0.303258 -0.135656 0.140007
v 0.280223 -0.136872 0.139223
v 0.28852 -0.136763 0.139916
v 0.350694 -0.134901 0.144221
v 0.33388 -0.133421 0.139758
v 0.324611 -0.132781 0.138646
v 0.310716 -0.132718 0.137801
v 0.299827 -0.133458 0.137788
v 0.296222 -0.137621 0.144554
v 0.325764 -0.136699 0.146502
v 0.335038 -0.136351 0.146197
v 0.130944 -0.134187 0.127391
v 0.139187 -0.134536 0.127941
v 0.341208 -0.13587 0.147716
v 0.312349 -0.137031 0.145479
v 0.130494 -0.14049 0.133428
v 0.138506 -0.140557 0.13388
v 0.132236 -0.140747 0.137284
v 0.154877 -0.140149 0.134027
v 0.163192 -0.140033 0.134634
v 0.171507 -0.139917 0.13524
v 0.145088 -0.131737 0.144051
v 0.136748 -0.13217 0.143423
v 0.153427 -0.131304 0.14468
v 0.161766 -0.130871 0.145308
v 0.170391 -0.138336 0.143522
v 0.162277 -0.138441 0.143159
v 0.153951 -0.138839 0.142442
v 0.145625 -0.139238 0.141724
v 0.137301 -0.139619 0.140978
v 0.154636 -0.140102 0.13983
v 0.296347 -0.13706 0.141889
v 0.146308 -0.140365 0.139195
v 0.137979 -0.140629 0.13856
v 0.171325 -0.140283 0.139548
v 0.162981 -0.140189 0.139697
v 0.295784 -0.136954 0.148521
v 0.323309 -0.136405 0.144165
v 0.32767 -0.136417 0.14486
v 0.33123 -0.135967 0.143807
v 0.33559 -0.135979 0.144502
v 0.335806 -0.134722 0.152114
v 0.33915 -0.135529 0.143449
v 0.322356 -0.135482 0.150918
v 0.345201 -0.135199 0.143739
v 0.352155 -0.134399 0.147638
v 0.321679 -0.136206 0.149343
v 0.308906 -0.136242 0.149721
v 0.356159 -0.133429 0.153976
v -0.343269 0.0427081 -0.216642
v -0.342319 0.0485108 -0.21508
v -0.341369 0.0543136 -0.213518
v -0.337744 0.0583956 -0.206837
v -0.340419 0.0601163 -0.211956
v -0.341104 0.0351422 -0.213095
v -0.344091 0.036893 -0.218207
v -0.340285 0.0409577 -0.21153
v -0.339467 0.0467731 -0.209965
v -0.338649 0.0525885 -0.2084
v -0.336564 0.0450972 -0.204875
v -0.335741 0.0509079 -0.203308
v -0.334917 0.0567186 -0.201742
v -0.331761 0.0551027 -0.196838
v -0.339323 0.0658488 -0.210527
v -0.335292 0.070199 -0.211967
v -0.331517 0.0677258 -0.208055
v -0.331978 0.0614571 -0.202139
v -0.335663 0.0636002 -0.206356
v -0.339244 0.0726207 -0.216047
v -0.33184 0.0749888 -0.213109
v -0.336024 0.0775842 -0.21707
v -0.336987 0.085143 -0.222054
v -0.340403 0.0801971 -0.2206
v -0.342086 0.087805 -0.224198
v -0.339288 0.0929849 -0.225427
v -0.344773 0.0955699 -0.22714
v -0.342356 0.10103 -0.228233
v -0.340164 0.106568 -0.228787
v -0.330812 0.025214 -0.198849
v -0.343065 0.0619011 -0.216936
v -0.346633 0.0579478 -0.223335
v -0.341072 0.125673 -0.227771
v -0.333335 0.140778 -0.219961
v -0.335982 0.142442 -0.22523
v -0.338629 0.144106 -0.230499
v -0.331517 0.146294 -0.219084
v -0.341258 0.145817 -0.235823
v -0.334153 0.147987 -0.224388
v -0.336781 0.149698 -0.229712
v -0.33941 0.151409 -0.235036
v -0.342039 0.15312 -0.24036
v -0.329646 0.151819 -0.218212
v -0.332264 0.153513 -0.223515
v -0.334883 0.155208 -0.228818
v -0.337502 0.156902 -0.234121
v -0.327723 0.157289 -0.217267
v -0.330342 0.158983 -0.22257
v -0.332736 0.16056 -0.227922
v -0.327875 0.164169 -0.221744
v -0.320912 0.166527 -0.210621
v -0.322512 0.167666 -0.216172
v -0.338171 0.157803 -0.239759
v -0.333517 0.161434 -0.23357
v -0.344015 0.0560988 -0.218497
v -0.3502 0.0539946 -0.229735
v -0.347583 0.0521456 -0.224896
v -0.344965 0.0502965 -0.220057
v -0.341775 0.153781 -0.246321
v -0.35115 0.0481924 -0.231296
v -0.33703 0.157636 -0.245358
v -0.332066 0.161335 -0.245119
v -0.32867 0.165104 -0.232848
v -0.327952 0.165119 -0.238409
v -0.348533 0.0463433 -0.226457
v -0.345915 0.0444943 -0.221618
v -0.325884 0.0463744 -0.188424
v -0.326561 0.0407019 -0.189714
v -0.333168 0.161615 -0.239099
v -0.325021 0.155625 -0.212175
v -0.323053 0.161113 -0.211346
v -0.325772 0.162769 -0.216393
v -0.32338 0.0392227 -0.184861
v -0.343356 0.14733 -0.241357
v -0.345147 0.148727 -0.247011
v -0.344037 0.134378 -0.237745
v -0.342757 0.140122 -0.236744
v -0.344533 0.141508 -0.242405
v -0.346308 0.142894 -0.248066
v -0.346237 0.115812 -0.234854
v -0.344895 0.121532 -0.23396
v -0.346705 0.122932 -0.239561
v -0.343553 0.127252 -0.233066
v -0.345363 0.128652 -0.238667
v -0.345832 0.135771 -0.243373
v -0.347369 0.130102 -0.24419
v -0.347771 0.110135 -0.235676
v -0.349675 0.111542 -0.241251
v -0.348545 0.117334 -0.240262
v -0.349318 0.124532 -0.244847
v -0.351479 0.112826 -0.246865
v -0.350436 0.118726 -0.245841
v -0.352568 0.0882308 -0.245194
v -0.351178 0.100537 -0.248717
v -0.351443 0.10673 -0.247823
v -0.327237 0.0350295 -0.191004
v -0.353527 0.0697491 -0.243011
v -0.352214 0.0820476 -0.246328
v -0.350901 0.0943461 -0.249646
v -0.354274 0.0571797 -0.239869
v -0.353397 0.0501746 -0.236264
v -0.346847 0.0386966 -0.223192
v -0.349028 0.0406601 -0.228357
v -0.333825 0.0268493 -0.204439
v -0.336839 0.0284846 -0.210029
v -0.339853 0.03012 -0.215619
v -0.326991 0.0220788 -0.20098
v -0.324057 0.0335502 -0.186151
v -0.313949 0.0196409 -0.200216
v -0.318939 0.0204919 -0.197829
v -0.323929 0.021343 -0.195443
v -0.315406 0.0232461 -0.216435
v -0.311151 0.02132 -0.221965
v -0.31363 0.0210073 -0.211573
v -0.311661 0.0235341 -0.226784
v -0.310684 0.0258356 -0.231695
v -0.309056 0.0287118 -0.236497
v -0.314065 0.0324274 -0.235828
v -0.330765 0.0404663 -0.23942
v -0.336734 0.0421217 -0.238982
v -0.342747 0.0435765 -0.238711
v -0.327914 0.029357 -0.192293
v -0.320033 0.0340019 -0.235499
v -0.326089 0.0352589 -0.235394
v -0.332145 0.036516 -0.235289
v -0.338201 0.037773 -0.235184
v -0.321249 0.0306982 -0.230831
v -0.327268 0.0320223 -0.23069
v -0.344233 0.0390737 -0.235056
v -0.315855 0.0270238 -0.226193
v -0.315153 0.0294948 -0.230974
v -0.333442 0.0331396 -0.230287
v -0.339646 0.0342191 -0.229835
v -0.322445 0.026453 -0.220926
v -0.321884 0.0284797 -0.225973
v -0.328119 0.0295062 -0.225502
v -0.334354 0.0305327 -0.225032
v -0.329186 0.0269333 -0.219366
v -0.341023 0.0310899 -0.223625
v -0.326846 0.0246031 -0.213325
v -0.332755 0.0252575 -0.21203
v -0.335501 0.0274969 -0.217929
v -0.316475 0.0213954 -0.20525
v -0.318758 0.0227697 -0.210058
v -0.321042 0.024144 -0.214866
v -0.324524 0.0231569 -0.208426
v -0.316421 0.0249101 -0.221364
v -0.321784 0.0216784 -0.203162
v -0.330065 0.0234929 -0.20657
v -0.349714 0.085899 -0.233858
v -0.351618 0.0872392 -0.239568
v -0.350691 0.092983 -0.23853
v -0.352595 0.0943233 -0.24424
v -0.351668 0.100067 -0.243203
v -0.353894 0.0631226 -0.238602
v -0.352848 0.0688163 -0.237415
v -0.351802 0.07451 -0.236228
v -0.353644 0.0758244 -0.24186
v -0.350756 0.0802037 -0.235041
v -0.352598 0.0815181 -0.240673
v -0.348021 0.0653753 -0.227043
v -0.350512 0.0671511 -0.232168
v -0.344561 0.069348 -0.220671
v -0.347052 0.0711239 -0.225796
v -0.349543 0.0728997 -0.230921
v -0.346084 0.0768725 -0.224549
v -0.348575 0.0786483 -0.229673
v -0.347606 0.0843969 -0.228426
v -0.352726 0.0557753 -0.234697
v -0.351506 0.0614134 -0.233419
v -0.349217 0.0597273 -0.228319
v -0.34565 0.0636821 -0.221916
v -0.342083 0.067637 -0.215513
v -0.343729 0.0751453 -0.219321
v -0.345197 0.0827375 -0.223094
v -0.346467 0.0900623 -0.227288
v -0.345432 0.108631 -0.230426
v -0.343914 0.114315 -0.229672
v -0.348062 0.137274 -0.248808
v -0.348785 0.0916345 -0.232838
v -0.347845 0.0973134 -0.231941
v -0.349761 0.0987129 -0.237523
v -0.346904 0.102992 -0.231045
v -0.348821 0.104392 -0.236626
v -0.350737 0.105791 -0.242207
v -0.326817 0.150115 -0.213148
v -0.339525 0.131292 -0.226843
v -0.342178 0.132964 -0.232121
v -0.337764 0.13688 -0.226052
v -0.340416 0.138551 -0.23133
v -0.337069 0.0986838 -0.226111
v -0.337227 0.0392964 -0.206535
v -0.332496 0.0492974 -0.198455
v -0.334033 0.0322388 -0.202731
v -0.337747 0.0336006 -0.207983
v -0.333541 0.0379017 -0.201362
v -0.333048 0.0435646 -0.199992
v -0.330321 0.0308767 -0.197479
v -0.329831 0.0365395 -0.196109
v -0.32934 0.0422022 -0.19474
v -0.32885 0.0478649 -0.19337
v -0.328359 0.0535276 -0.192
v -0.179754 0.289903 -0.12412
v -0.185258 0.283348 -0.11653
v -0.190491 0.277302 -0.108767
v -0.192124 0.269303 -0.10651
v -0.195714 0.272281 -0.100421
v -0.198797 0.265385 -0.096908
v -0.199304 0.275259 -0.0943321
v -0.202198 0.268398 -0.0908026
v -0.204837 0.271551 -0.0846309
v -0.208033 0.275167 -0.078713
v -0.205202 0.261833 -0.087308
v -0.20684 0.369198 -0.1254
v -0.202232 0.258098 -0.0933082
v -0.199296 0.254216 -0.0991167
v -0.202855 0.278348 -0.0876953
v -0.202501 0.285132 -0.0898831
v -0.206286 0.281532 -0.0813752
v -0.206838 0.287794 -0.0839906
v -0.193811 0.287636 -0.104134
v -0.197928 0.290025 -0.0978502
v -0.204451 0.32804 -0.102874
v -0.203995 0.320707 -0.100729
v -0.203538 0.313375 -0.0985844
v -0.203082 0.306043 -0.0964396
v -0.202882 0.299143 -0.0942364
v -0.20275 0.292033 -0.0921754
v -0.189655 0.323507 -0.120185
v -0.194656 0.33251 -0.116301
v -0.194185 0.325181 -0.11405
v -0.193713 0.317852 -0.111799
v -0.199186 0.334183 -0.110167
v -0.198715 0.326854 -0.107916
v -0.198243 0.319525 -0.105665
v -0.190187 0.330835 -0.122449
v -0.191026 0.338122 -0.124838
v -0.187635 0.343664 -0.133564
v -0.193752 0.352375 -0.130558
v -0.19232 0.345269 -0.127631
v -0.197005 0.346874 -0.121699
v -0.195574 0.339768 -0.118772
v -0.185313 0.348523 -0.142788
v -0.189502 0.35047 -0.136661
v -0.196064 0.35887 -0.134051
v -0.200255 0.360816 -0.127931
v -0.18794 0.358543 -0.155692
v -0.184362 0.35264 -0.152281
v -0.19172 0.360674 -0.149633
v -0.188142 0.354771 -0.146222
v -0.1955 0.362805 -0.143575
v -0.191922 0.356902 -0.140164
v -0.19928 0.364936 -0.137517
v -0.20306 0.367067 -0.131458
v -0.191027 0.368828 -0.167955
v -0.189204 0.293246 -0.112172
v -0.19389 0.379507 -0.179786
v -0.190204 0.373267 -0.177029
v -0.181916 0.36546 -0.180926
v -0.18656 0.367051 -0.174452
v -0.185695 0.371558 -0.183313
v -0.177637 0.363961 -0.187436
v -0.175477 0.36409 -0.194501
v -0.178911 0.371412 -0.203638
v -0.174195 0.364913 -0.202021
v -0.180101 0.370728 -0.196604
v -0.178213 0.371906 -0.211123
v -0.173565 0.365492 -0.209859
v -0.178248 0.372041 -0.218192
v -0.173429 0.36571 -0.217095
v -0.168618 0.359387 -0.216054
v -0.163985 0.353042 -0.215179
v -0.159448 0.347004 -0.222706
v -0.160014 0.346917 -0.2304
v -0.155078 0.340862 -0.230327
v -0.16484 0.353125 -0.230929
v -0.149288 0.335132 -0.222164
v -0.14939 0.33478 -0.213533
v -0.150747 0.333345 -0.194554
v -0.15479 0.340199 -0.20524
v -0.154406 0.340691 -0.214067
v -0.15572 0.339351 -0.195898
v -0.166255 0.351102 -0.19077
v -0.16156 0.344803 -0.188653
v -0.157042 0.338356 -0.186097
v -0.152524 0.33191 -0.183541
v -0.161019 0.339354 -0.177007
v -0.157686 0.332987 -0.17388
v -0.175219 0.349275 -0.165481
v -0.176035 0.345015 -0.155524
v -0.169643 0.351754 -0.182166
v -0.170384 0.347461 -0.172281
v -0.166011 0.341229 -0.169459
v -0.171125 0.343167 -0.162395
v -0.162918 0.334921 -0.166658
v -0.168322 0.336841 -0.159201
v -0.173583 0.338599 -0.152266
v -0.178398 0.340278 -0.145926
v -0.182976 0.342026 -0.139632
v -0.177164 0.333179 -0.143285
v -0.170218 0.31723 -0.144135
v -0.176307 0.325916 -0.140814
v -0.169611 0.30987 -0.14166
v -0.175456 0.318653 -0.138336
v -0.174986 0.311241 -0.135997
v -0.174601 0.30379 -0.13375
v -0.180071 0.312718 -0.130205
v -0.179847 0.305194 -0.128117
v -0.179622 0.297699 -0.126048
v -0.185201 0.321773 -0.12638
v -0.184976 0.314284 -0.124317
v -0.184751 0.306795 -0.122253
v -0.184276 0.299373 -0.120009
v -0.188916 0.301041 -0.113956
v -0.193203 0.295418 -0.105728
v -0.18968 0.285279 -0.110426
v -0.193283 0.302906 -0.107708
v -0.197589 0.304782 -0.101404
v -0.180357 0.320201 -0.132363
v -0.166751 0.330083 -0.155955
v -0.165877 0.322902 -0.153127
v -0.171959 0.331647 -0.149543
v -0.171085 0.324465 -0.146716
v -0.164792 0.315845 -0.149962
v -0.16023 0.321517 -0.158736
v -0.161419 0.328423 -0.162455
v -0.165271 0.345523 -0.179348
v -0.160365 0.34569 -0.197653
v -0.169564 0.358488 -0.200538
v -0.164963 0.35209 -0.199095
v -0.170836 0.357514 -0.192216
v -0.149634 0.334363 -0.204781
v -0.154624 0.340851 -0.222283
v -0.159387 0.3467 -0.214426
v -0.159699 0.346245 -0.205819
v -0.173676 0.365801 -0.224423
v -0.168944 0.359513 -0.223777
v -0.164211 0.353226 -0.223132
v -0.183408 0.377951 -0.206106
v -0.188632 0.384025 -0.202218
v -0.193963 0.39005 -0.198169
v -0.18428 0.377436 -0.199409
v -0.168964 0.358998 -0.208432
v -0.164327 0.352624 -0.207037
v -0.189802 0.383406 -0.195349
v -0.186048 0.377026 -0.192586
v -0.182294 0.370647 -0.189822
v -0.173566 0.357767 -0.18504
v -0.178178 0.359465 -0.17812
v -0.174399 0.353529 -0.175369
v -0.179012 0.355228 -0.168449
v -0.179845 0.350991 -0.158779
v -0.196583 0.390345 -0.191502
v -0.192957 0.38408 -0.188767
v -0.18933 0.377815 -0.186031
v -0.182811 0.361093 -0.171489
v -0.187455 0.362683 -0.165016
v -0.183645 0.356855 -0.16182
v -0.200643 0.392379 -0.185268
v -0.197298 0.385958 -0.182438
v -0.201051 0.38815 -0.176311
v -0.197706 0.381729 -0.173481
v -0.194361 0.375308 -0.170652
v -0.201458 0.383921 -0.167354
v -0.198113 0.3775 -0.164525
v -0.194768 0.371079 -0.161695
v -0.191423 0.364658 -0.158865
v -0.201865 0.379692 -0.158397
v -0.198521 0.373271 -0.155568
v -0.195176 0.36685 -0.152738
v -0.202273 0.375464 -0.149441
v -0.198928 0.369042 -0.146611
v -0.20268 0.371235 -0.140484
v -0.198406 0.353947 -0.124625
v -0.205004 0.362319 -0.1221
v -0.203168 0.355441 -0.118801
v -0.201786 0.34836 -0.115855
v -0.180907 0.346691 -0.148956
v -0.182027 0.334788 -0.137144
v -0.180999 0.327552 -0.134665
v -0.186534 0.336456 -0.13098
v -0.18562 0.329189 -0.128556
v -0.189366 0.316054 -0.118078
v -0.189174 0.308537 -0.116045
v -0.193501 0.310348 -0.109752
v -0.197828 0.312158 -0.103458
v -0.200452 0.341258 -0.112984
v -0.197358 0.297532 -0.0993684
v -0.195709 0.261824 -0.102876
v -0.19437 0.280259 -0.102449
v -0.198326 0.282661 -0.0961226
v -0.184466 0.291592 -0.118149
v -0.0396141 0.336902 -0.288055
v -0.0308805 0.338023 -0.287719
v -0.0296606 0.333439 -0.295116
v -0.0121017 0.33509 -0.29403
v -0.0383445 0.332431 -0.295511
v 0.040345 0.336555 -0.290654
v 0.0752325 0.329013 -0.295703
v 0.0228422 0.33069 -0.298385
v 0.0142464 0.33045 -0.298824
v 0.00565061 0.33021 -0.299262
v 0.0400786 0.331056 -0.297455
v 0.0314541 0.330889 -0.297927
v 0.0488261 0.330991 -0.297085
v 0.0664295 0.329886 -0.296353
v 0.057611 0.330541 -0.296759
v 0.109372 0.318144 -0.29847
v 0.118023 0.316229 -0.297335
v 0.12654 0.313915 -0.295843
v 0.134981 0.31154 -0.294279
v 0.0840009 0.327929 -0.294839
v 0.123937 0.332334 -0.255782
v 0.115656 0.334919 -0.257627
v 0.107386 0.337394 -0.259357
v 0.108706 0.33501 -0.267803
v 0.100344 0.336998 -0.269284
v 0.0918521 0.338899 -0.270699
v 0.0752547 0.338178 -0.280762
v 0.0665943 0.339141 -0.28151
v 0.066688 0.334948 -0.289238
v 0.075495 0.334038 -0.28857
v 0.0929554 0.331707 -0.286681
v 0.0842591 0.332923 -0.287663
v 0.0925233 0.335578 -0.278777
v 0.101096 0.333932 -0.277509
v 0.101521 0.330052 -0.285431
v 0.0928073 0.326844 -0.294002
v 0.101476 0.325437 -0.292962
v 0.110021 0.323673 -0.291703
v 0.118491 0.321483 -0.29026
v 0.135178 0.316719 -0.287092
v 0.126914 0.3192 -0.288758
v 0.134933 0.321147 -0.279281
v 0.126604 0.323474 -0.280865
v 0.118347 0.325881 -0.282515
v 0.126136 0.32727 -0.272764
v 0.11793 0.329717 -0.274479
v 0.11701 0.332811 -0.266137
v 0.109575 0.331978 -0.276076
v 0.134222 0.324714 -0.271016
v 0.110039 0.328264 -0.284135
v 0.0579322 0.33574 -0.28978
v 0.0578432 0.340009 -0.282151
v 0.0490866 0.340622 -0.282734
v 0.0395405 0.345013 -0.275491
v 0.0571839 0.343486 -0.274195
v 0.0483691 0.344279 -0.274851
v 0.0659675 0.342741 -0.273531
v 0.0746414 0.341717 -0.272739
v 0.0305543 0.345165 -0.276088
v 0.00467085 0.340882 -0.28563
v 0.013619 0.34112 -0.285034
v -0.0208796 0.334266 -0.294574
v -0.0132711 0.339871 -0.286814
v -0.0221372 0.339086 -0.28734
v 0.0141391 0.336449 -0.292406
v 0.00539006 0.336088 -0.292949
v -0.00335893 0.335727 -0.293492
v 0.0229125 0.336663 -0.291835
v 0.0316928 0.336689 -0.291232
v 0.031326 0.341408 -0.283823
v 0.0225184 0.341351 -0.284423
v -0.00431223 0.340462 -0.286225
v 0.040192 0.3411 -0.283296
v 0.0491629 0.336247 -0.290257
v 0.0839354 0.337083 -0.279892
v 0.0832703 0.340388 -0.271792
v 0.0821992 0.343119 -0.263558
v 0.090657 0.341395 -0.26234
v 0.0990261 0.339413 -0.260875
v 0.12515 0.330142 -0.264317
v 0.133453 0.328163 -0.262718
v 0.132288 0.330289 -0.254149
v -0.126326 -0.16458 0.14801
v -0.126435 -0.168986 0.146459
v -0.12385 -0.165917 0.151742
v -0.124068 -0.16158 0.153476
v -0.123169 -0.174479 0.14807
v -0.123606 -0.170243 0.149986
v -0.120327 -0.175751 0.151591
v -0.110717 -0.183723 0.159577
v -0.11373 -0.182459 0.156234
v -0.116743 -0.181195 0.15289
v -0.119756 -0.179931 0.149547
v -0.117739 -0.183048 0.146628
v -0.122229 -0.178449 0.145909
v -0.124371 -0.176869 0.142076
v -0.128052 -0.171741 0.140649
v -0.112356 -0.186041 0.153549
v -0.11529 -0.184766 0.150171
v -0.107556 -0.184908 0.162859
v -0.0776985 -0.18985 0.187246
v -0.0815989 -0.189546 0.184219
v -0.0854993 -0.189242 0.181192
v -0.0893997 -0.188938 0.178165
v -0.0751983 -0.186002 0.192208
v -0.0790987 -0.185698 0.189181
v -0.0697709 -0.189909 0.193383
v -0.073775 -0.190055 0.190288
v -0.12455 -0.152986 0.156883
v -0.0712602 -0.186142 0.195259
v -0.0828954 -0.185431 0.186145
v -0.0866632 -0.185174 0.183107
v -0.0931543 -0.188588 0.175141
v -0.0902683 -0.184705 0.180095
v -0.0938592 -0.184217 0.177084
v -0.0837915 -0.181309 0.188059
v -0.0873824 -0.180822 0.185049
v -0.0909732 -0.180334 0.182039
v -0.0945641 -0.179846 0.179028
v -0.0952691 -0.175476 0.180972
v -0.0988599 -0.174988 0.177962
v -0.0974376 -0.183489 0.174047
v -0.101005 -0.182552 0.170985
v -0.104572 -0.181614 0.167923
v -0.0981516 -0.179292 0.17601
v -0.101719 -0.178355 0.172949
v -0.102433 -0.174158 0.174912
v -0.105204 -0.177381 0.169855
v -0.105578 -0.173037 0.171686
v -0.111333 -0.179515 0.161642
v -0.108381 -0.176264 0.166639
v -0.108717 -0.171913 0.168457
v -0.11433 -0.178252 0.158297
v -0.117312 -0.176979 0.154942
v -0.111594 -0.175122 0.163417
v -0.114575 -0.173849 0.160062
v -0.111839 -0.17072 0.165182
v -0.108043 -0.180614 0.164816
v -0.106247 -0.168871 0.173696
v -0.109241 -0.167664 0.170377
v -0.103491 -0.170298 0.177043
v -0.109324 -0.166515 0.176617
v -0.112545 -0.16431 0.179531
v -0.114858 -0.162591 0.175891
v -0.111634 -0.164778 0.173004
v -0.113859 -0.163064 0.169335
v -0.116084 -0.16135 0.165666
v -0.117063 -0.160768 0.172241
v -0.119056 -0.158883 0.168494
v -0.120802 -0.156815 0.164663
v -0.122464 -0.154652 0.160723
v -0.121881 -0.156138 0.171276
v -0.123509 -0.153999 0.167239
v -0.125137 -0.15186 0.163202
v -0.124286 -0.153136 0.173795
v -0.125823 -0.150926 0.169772
v -0.125239 -0.149105 0.176053
v -0.122186 -0.154952 0.17768
v -0.122839 -0.150709 0.179863
v -0.120657 -0.147692 0.185699
v -0.118474 -0.144675 0.191536
v -0.117021 -0.153146 0.187005
v -0.119989 -0.151933 0.183501
v -0.111828 -0.151338 0.196296
v -0.114796 -0.150125 0.192792
v -0.117763 -0.148912 0.189288
v -0.109603 -0.148317 0.202083
v -0.11257 -0.147104 0.198579
v -0.115538 -0.145891 0.195075
v -0.113548 -0.158733 0.188261
v -0.116415 -0.157461 0.184742
v -0.119283 -0.156189 0.181223
v -0.111239 -0.155663 0.194035
v -0.114107 -0.154391 0.190517
v -0.10893 -0.152593 0.19981
v -0.115265 -0.161515 0.182325
v -0.112491 -0.162825 0.185847
v -0.106905 -0.166941 0.186287
v -0.103957 -0.168143 0.189626
v -0.100794 -0.170361 0.18662
v -0.10065 -0.171564 0.180368
v -0.094563 -0.173478 0.186828
v -0.0975695 -0.172455 0.18359
v -0.0977648 -0.171381 0.189873
v -0.100967 -0.169284 0.192917
v -0.091495 -0.174456 0.190047
v -0.0912753 -0.17307 0.196201
v -0.0945816 -0.172272 0.193056
v -0.0846171 -0.175571 0.196361
v -0.0881292 -0.175146 0.193198
v -0.0878398 -0.173634 0.199358
v -0.0810883 -0.175946 0.199524
v -0.073561 -0.175227 0.211889
v -0.0770579 -0.174887 0.208698
v -0.0729369 -0.173818 0.217818
v -0.0764339 -0.173478 0.214627
v -0.0683076 -0.171671 0.227227
v -0.0722456 -0.172315 0.223826
v -0.070808 -0.169316 0.229477
v -0.0615354 -0.168222 0.233889
v -0.0673686 -0.167534 0.232725
v -0.0583018 -0.16605 0.23702
v -0.0644767 -0.165209 0.236134
v -0.0614085 -0.16256 0.238186
v -0.0647575 -0.158788 0.238157
v -0.067916 -0.161796 0.23695
v -0.0717683 -0.15888 0.237012
v -0.0689357 -0.155702 0.238992
v -0.0734899 -0.145757 0.238592
v -0.0769245 -0.142725 0.236876
v -0.0774665 -0.136207 0.235903
v -0.080185 -0.133498 0.233189
v -0.0828778 -0.130794 0.230443
v -0.0852985 -0.128154 0.227408
v -0.088096 -0.131825 0.226426
v -0.0826626 -0.137243 0.231849
v -0.0855526 -0.134493 0.229328
v -0.0797907 -0.139987 0.234381
v -0.0789832 -0.146555 0.235024
v -0.0818235 -0.143829 0.232487
v -0.0760989 -0.14924 0.236991
v -0.0726079 -0.152433 0.238216
v -0.0749671 -0.155797 0.235989
v -0.0705753 -0.164455 0.234321
v -0.0740673 -0.161396 0.233719
v -0.0745863 -0.169769 0.226163
v -0.0829973 -0.170929 0.214348
v -0.0873128 -0.172146 0.205356
v -0.0909765 -0.171656 0.202287
v -0.0794929 -0.171572 0.217506
v -0.0864378 -0.170223 0.211155
v -0.0899619 -0.169498 0.208064
v -0.0780253 -0.169077 0.222976
v -0.093322 -0.168619 0.204981
v -0.0966357 -0.167695 0.201901
v -0.0999308 -0.166784 0.198801
v -0.10314 -0.165852 0.195623
v -0.106278 -0.164866 0.192387
v -0.109416 -0.16388 0.18915
v -0.104324 -0.161896 0.198184
v -0.107473 -0.160914 0.194949
v -0.105127 -0.157796 0.200681
v -0.101036 -0.162886 0.201361
v -0.0951465 -0.160886 0.210226
v -0.0984574 -0.159833 0.207025
v -0.101768 -0.158781 0.203824
v -0.0925679 -0.157833 0.21589
v -0.0958788 -0.15678 0.212688
v -0.0991897 -0.155728 0.209487
v -0.102501 -0.154675 0.206286
v -0.105811 -0.153622 0.203085
v -0.102888 -0.150523 0.208601
v -0.106295 -0.149475 0.205418
v -0.0911054 -0.165737 0.210674
v -0.0944154 -0.164813 0.207594
v -0.0977254 -0.163888 0.204514
v -0.0918364 -0.161815 0.213311
v -0.0877921 -0.166663 0.213727
v -0.081895 -0.164594 0.222457
v -0.0852095 -0.163667 0.219414
v -0.0885241 -0.162741 0.216371
v -0.089256 -0.158819 0.219015
v -0.0813859 -0.168317 0.219885
v -0.0845597 -0.167516 0.216797
v -0.0786806 -0.165431 0.225533
v -0.075711 -0.166169 0.228589
v -0.0726966 -0.182257 0.197245
v -0.0717851 -0.179906 0.203194
v -0.075127 -0.179277 0.199968
v -0.0784689 -0.178648 0.196742
v -0.0818107 -0.178019 0.193516
v -0.0851526 -0.177389 0.190289
v -0.0708737 -0.177555 0.209143
v -0.0742155 -0.176926 0.205917
v -0.0775574 -0.176297 0.202691
v -0.080583 -0.174526 0.20553
v -0.0842175 -0.174079 0.202448
v -0.0800287 -0.173062 0.211514
v -0.0836633 -0.172615 0.208432
v -0.07584 -0.172046 0.22058
v -0.0943338 -0.170887 0.199172
v -0.0976591 -0.170088 0.196052
v -0.110609 -0.159922 0.191703
v -0.108252 -0.156796 0.197426
v -0.109067 -0.14398 0.203679
v -0.11241 -0.142797 0.200348
v -0.115768 -0.141595 0.197035
v -0.126973 -0.156032 0.151496
v -0.12104 -0.143396 0.187714
v -0.118082 -0.140256 0.193058
v -0.0994467 -0.151575 0.211752
v -0.0915388 -0.153611 0.216963
v -0.0954936 -0.152619 0.214373
v -0.0819216 -0.160658 0.224545
v -0.0857766 -0.159742 0.221928
v -0.117843 -0.160037 0.178741
v -0.120144 -0.158307 0.175107
v -0.103796 -0.169297 0.183335
v -0.106721 -0.168073 0.179996
v -0.109827 -0.165719 0.182933
v -0.0885834 -0.176831 0.187141
v -0.0918539 -0.176098 0.184035
v -0.0763553 -0.181916 0.19415
v -0.0801185 -0.18167 0.191099
v -0.0967413 -0.187691 0.172079
v -0.100348 -0.186764 0.169007
v -0.103955 -0.185837 0.165935
v -0.117654 -0.172663 0.156772
v -0.120756 -0.171499 0.153497
v -0.114925 -0.169541 0.161898
v -0.117992 -0.168365 0.158597
v -0.121035 -0.167181 0.155278
v -0.11213 -0.166397 0.166974
v -0.115173 -0.165214 0.163655
v -0.118216 -0.16403 0.160337
v -0.121259 -0.162846 0.157018
v -0.118439 -0.159695 0.162077
v -0.121482 -0.158511 0.158759
v -0.125779 -0.173186 0.144429
v -0.128644 -0.167598 0.142571
v -0.126597 -0.160292 0.149727
v -0.124174 -0.157246 0.155115
v 0.27323 -0.22053 -0.191821
v 0.27561 -0.224423 -0.195416
v 0.278102 -0.228466 -0.19881
v 0.276801 -0.216738 -0.19365
v 0.288564 -0.216879 -0.205498
v 0.282664 -0.216805 -0.199589
v 0.285243 -0.22092 -0.202842
v 0.279344 -0.220845 -0.196933
v 0.281923 -0.224961 -0.200186
v 0.284502 -0.229076 -0.203439
v 0.287801 -0.225051 -0.206092
v 0.291114 -0.221042 -0.208721
v 0.293684 -0.225235 -0.211903
v 0.296298 -0.229433 -0.215019
v 0.302279 -0.229657 -0.22079
v 0.304813 -0.233906 -0.223954
v 0.29894 -0.233653 -0.218093
v 0.308067 -0.229911 -0.226758
v 0.302103 -0.209298 -0.215591
v 0.30541 -0.225645 -0.223623
v 0.304151 -0.213398 -0.219286
v 0.302269 -0.188858 -0.209932
v 0.301103 -0.197046 -0.210993
v 0.299126 -0.19301 -0.207228
v 0.295411 -0.196955 -0.20498
v 0.291531 -0.200831 -0.202925
v 0.297139 -0.189036 -0.203441
v 0.293523 -0.193044 -0.201105
v 0.289826 -0.197015 -0.198852
v 0.285944 -0.200925 -0.196749
v 0.287834 -0.204804 -0.200668
v 0.283955 -0.208725 -0.198517
v 0.286183 -0.21278 -0.202084
v 0.280176 -0.212697 -0.196262
v 0.297586 -0.201041 -0.208596
v 0.293796 -0.204943 -0.206432
v 0.290005 -0.208844 -0.204269
v 0.3005 -0.184958 -0.205964
v 0.303203 -0.20116 -0.214654
v 0.310556 -0.234162 -0.229974
v 0.312419 -0.246652 -0.23341
v 0.313091 -0.238439 -0.233124
v 0.31563 -0.242771 -0.236277
v 0.318169 -0.247103 -0.239429
v 0.320708 -0.251434 -0.242581
v 0.323247 -0.255766 -0.245734
v 0.314965 -0.250966 -0.236532
v 0.317521 -0.255299 -0.239621
v 0.320077 -0.259632 -0.242709
v 0.314357 -0.259165 -0.236575
v 0.316913 -0.263498 -0.239664
v 0.322601 -0.263994 -0.245684
v 0.319426 -0.267871 -0.242596
v 0.321931 -0.272252 -0.245502
v 0.313779 -0.267369 -0.236579
v 0.316355 -0.271752 -0.239439
v 0.308362 -0.266974 -0.230336
v 0.305867 -0.262751 -0.227301
v 0.308818 -0.258811 -0.230438
v 0.311879 -0.254864 -0.233466
v 0.309334 -0.250609 -0.230442
v 0.300767 -0.254299 -0.221241
v 0.304098 -0.242142 -0.224315
v 0.306755 -0.246379 -0.227352
v 0.298493 -0.241863 -0.218205
v 0.301151 -0.246099 -0.221242
v 0.303808 -0.250336 -0.22428
v 0.29581 -0.23766 -0.215187
v 0.295483 -0.245904 -0.215181
v 0.298189 -0.250076 -0.218182
v 0.289918 -0.23749 -0.209409
v 0.29277 -0.241728 -0.212191
v 0.306278 -0.254562 -0.227405
v 0.303313 -0.258523 -0.224275
v 0.318852 -0.276107 -0.242295
v 0.310859 -0.271246 -0.2333
v 0.321214 -0.280493 -0.245205
v 0.322703 -0.293167 -0.247835
v 0.324307 -0.276784 -0.248505
v 0.32665 -0.281285 -0.251454
v 0.323501 -0.284974 -0.248171
v 0.325838 -0.28947 -0.251116
v 0.324837 -0.297632 -0.250892
v 0.328897 -0.285769 -0.254452
v 0.331103 -0.290369 -0.25747
v 0.327909 -0.293949 -0.25422
v 0.330142 -0.298556 -0.257219
v 0.332392 -0.303148 -0.260186
v 0.326959 -0.302126 -0.253949
v 0.329297 -0.306636 -0.256752
v 0.333447 -0.307665 -0.263776
v 0.330535 -0.311151 -0.260237
v 0.331382 -0.315669 -0.263962
v 0.33189 -0.320144 -0.267858
v 0.328924 -0.323392 -0.264254
v 0.320352 -0.288671 -0.245037
v 0.317993 -0.284249 -0.242167
v 0.315646 -0.279894 -0.239211
v 0.313269 -0.275576 -0.236235
v 0.325027 -0.268482 -0.248664
v 0.327407 -0.273031 -0.251688
v 0.329787 -0.27758 -0.254712
v 0.325729 -0.260171 -0.248818
v 0.327896 -0.318667 -0.261515
v 0.327992 -0.264758 -0.251992
v 0.332012 -0.282209 -0.257789
v 0.333351 -0.294979 -0.260453
v 0.311336 -0.263083 -0.233483
v 0.307343 -0.238156 -0.22712
v 0.309885 -0.242404 -0.230261
v 0.301476 -0.237902 -0.221245
v 0.300003 -0.205192 -0.21194
v 0.301076 -0.217411 -0.216439
v 0.303421 -0.221558 -0.219874
v 0.299803 -0.225481 -0.217501
v 0.296171 -0.209074 -0.209815
v 0.298697 -0.213256 -0.213042
v 0.292301 -0.212948 -0.207735
v 0.294827 -0.21713 -0.210961
v 0.297353 -0.221313 -0.214188
v 0.290359 -0.229236 -0.209263
v 0.293019 -0.233441 -0.212317
v 0.287091 -0.233256 -0.206592
v 0.280595 -0.232508 -0.202205
v 0.28319 -0.23651 -0.205576
v 0.28582 -0.240457 -0.208963
v 0.288445 -0.244466 -0.21228
v 0.290978 -0.248551 -0.215552
v 0.29343 -0.252673 -0.218842
v 0.295954 -0.256596 -0.22228
v 0.298469 -0.260596 -0.225622
v 0.300926 -0.264778 -0.228719
v 0.30336 -0.268941 -0.231853
v 0.305767 -0.273192 -0.234891
v 0.308157 -0.277479 -0.23787
v 0.310549 -0.281758 -0.240862
v 0.312845 -0.286353 -0.243443
v 0.315214 -0.290537 -0.246607
v 0.317482 -0.295159 -0.249236
v 0.319695 -0.299695 -0.252047
v 0.321861 -0.304222 -0.254931
v 0.324017 -0.308896 -0.25753
v 0.326149 -0.313753 -0.259637
v -0.17365 0.232912 0.00660088
v -0.167669 0.232273 0.00287522
v -0.165547 0.229859 -0.0072366
v -0.159695 0.228559 -0.0110364
v -0.16176 0.230616 -0.000936078
v -0.152886 0.226411 0.000752074
v -0.156169 0.227893 -0.00512337
v -0.158272 0.229414 0.0050305
v -0.165975 0.232162 0.0195405
v -0.160576 0.229349 0.0152066
v -0.152122 0.223036 0.0165639
v -0.155177 0.226535 0.0108728
v -0.149778 0.223722 0.00653897
v -0.146673 0.220626 0.0121793
v -0.143482 0.217784 0.0178147
v -0.143727 0.211617 0.0436438
v -0.14749 0.214771 0.0379501
v -0.151253 0.217925 0.0322565
v -0.141816 0.213104 0.0335704
v -0.145579 0.216258 0.0278768
v -0.139904 0.214591 0.023497
v -0.138028 0.210512 0.0391535
v -0.136115 0.212026 0.0290748
v -0.130408 0.211074 0.0245545
v -0.134202 0.21354 0.018996
v -0.13388 0.207912 0.0447498
v -0.132258 0.209536 0.03464
v -0.139708 0.208848 0.0492566
v -0.171846 0.234224 0.0236565
v -0.110793 0.195271 0.0613142
v -0.115512 0.199287 0.0563755
v -0.106049 0.191976 0.0662979
v -0.10564 0.195596 0.0563154
v -0.11039 0.198724 0.0513213
v -0.105173 0.198855 0.0463062
v -0.0999126 0.198689 0.0412039
v -0.0952401 0.196679 0.046025
v -0.0955867 0.194297 0.0562663
v -0.100452 0.196461 0.0513639
v -0.0903371 0.194636 0.0509191
v -0.085043 0.195088 0.0455688
v -0.0906294 0.191878 0.0609967
v -0.0853417 0.192281 0.0556358
v -0.0958657 0.191396 0.0663108
v -0.086049 0.184392 0.0750869
v -0.0909152 0.18803 0.0707391
v -0.0811862 0.180743 0.0794278
v -0.0761522 0.18111 0.0740022
v -0.080974 0.184888 0.0697435
v -0.0711182 0.181478 0.0685767
v -0.0768046 0.176105 0.08312
v -0.0634009 0.166855 0.0850842
v -0.0584977 0.16696 0.0795568
v -0.0537407 0.16694 0.0739279
v -0.0490299 0.166881 0.068267
v -0.0445082 0.166694 0.0623969
v -0.0506701 0.160871 0.0765789
v -0.0461169 0.160737 0.0708093
v -0.0597897 0.161093 0.08805
v -0.0523793 0.154525 0.0844122
v -0.0552293 0.160984 0.0823175
v -0.0478189 0.154415 0.0786797
v -0.0433004 0.154295 0.0729107
v -0.0450947 0.147909 0.0806752
v -0.0409845 0.147683 0.0745464
v -0.0394461 0.140606 0.0756673
v -0.0494578 0.148008 0.0866093
v -0.0514081 0.133652 0.0942094
v -0.0526246 0.140875 0.0933708
v -0.0480229 0.140849 0.0876015
v -0.0538959 0.148082 0.0924898
v -0.0567997 0.154648 0.0903041
v -0.046997 0.133567 0.0883203
v -0.0436607 0.14075 0.0816816
v -0.0427767 0.133429 0.0823118
v -0.0386688 0.133273 0.0762354
v -0.0507155 0.126402 0.0947457
v -0.04651 0.126233 0.0887229
v -0.0423044 0.126063 0.0827001
v -0.0380989 0.125893 0.0766773
v -0.0466318 0.118892 0.0888177
v -0.0424712 0.118662 0.0827891
v -0.0383106 0.118432 0.0767605
v -0.0508289 0.119129 0.0948381
v -0.163828 0.232039 0.00925251
v -0.047901 0.172395 0.0595078
v -0.0526854 0.172391 0.0651173
v -0.0625119 0.17216 0.0761547
v -0.0575839 0.172306 0.0706552
v -0.0568938 0.177187 0.0614595
v -0.0612646 0.181699 0.0576364
v -0.0674299 0.172062 0.0816454
v -0.0716396 0.176932 0.0779242
v -0.0667244 0.177016 0.0724361
v -0.0618092 0.177101 0.0669479
v -0.0661582 0.181674 0.063118
v -0.065898 0.185609 0.0535829
v -0.0807277 0.188809 0.0600904
v -0.0756299 0.188924 0.0546735
v -0.0857961 0.18866 0.0654871
v -0.0759413 0.185223 0.064329
v -0.0709142 0.185421 0.0589606
v -0.175862 0.233926 0.0168979
v -0.0802584 0.192288 0.0501883
v -0.169671 0.234108 0.0132386
v -0.100811 0.193531 0.0614297
v -0.119617 0.201737 0.0510054
v -0.118142 0.20342 0.0409225
v -0.12224 0.205939 0.0355215
v -0.114666 0.201285 0.0461397
v -0.11373 0.203173 0.0358978
v -0.116816 0.20516 0.030796
v -0.125336 0.202624 0.0556856
v -0.129643 0.20528 0.0502808
v -0.12373 0.204253 0.0456043
v -0.128037 0.206909 0.0401995
v -0.12643 0.208538 0.0301183
v -0.153555 0.215548 0.0422799
v -0.156751 0.219825 0.0366382
v -0.159886 0.224137 0.0309943
v -0.162983 0.228272 0.0253438
v -0.154456 0.221681 0.0265994
v -0.149007 0.219539 0.0222039
v -0.157534 0.225777 0.0209206
f 2 164 443 167
f 4 165 443 164
f 15 166 443 165
f 1 167 443 166
f 5 168 444 171
f 7 169 444 168
f 3 170 444 169
f 2 171 444 170
f 3 172 445 170
f 8 173 445 172
f 4 164 445 173
f 2 170 445 164
f 7 174 446 169
f 10 175 446 174
f 6 176 446 175
f 3 169 446 176
f 6 177 447 176
f 9 178 447 177
f 8 172 447 178
f 3 176 447 172
f 21 179 448 182
f 22 180 448 179
f 23 181 448 180
f 20 182 448 181
f 26 183 449 186
f 100 184 449 183
f 88 185 449 184
f 83 186 449 185
f 102 187 450 189
f 100 183 450 187
f 26 188 450 183
f 80 189 450 188
f 26 186 451 192
f 83 190 451 186
f 77 191 451 190
f 72 192 451 191
f 26 192 452 188
f 72 193 452 192
f 64 194 452 193
f 80 188 452 194
f 40 195 453 198
f 47 196 453 195
f 46 197 453 196
f 39 198 453 197
f 46 199 454 197
f 54 200 454 199
f 48 201 454 200
f 39 197 454 201
f 41 202 455 204
f 51 203 455 202
f 47 195 455 203
f 40 204 455 195
f 44 205 456 207
f 50 206 456 205
f 51 202 456 206
f 41 207 456 202
f 45 208 457 210
f 56 209 457 208
f 50 205 457 209
f 44 210 457 205
f 49 211 458 213
f 61 212 458 211
f 56 208 458 212
f 45 213 458 208
f 47 214 459 196
f 60 215 459 214
f 57 216 459 215
f 46 196 459 216
f 57 217 460 216
f 55 218 460 217
f 54 199 460 218
f 46 216 460 199
f 51 219 461 203
f 62 220 461 219
f 60 214 461 220
f 47 203 461 214
f 54 221 462 200
f 68 222 462 221
f 59 223 462 222
f 48 200 462 223
f 59 224 463 223
f 69 225 463 224
f 52 226 463 225
f 48 223 463 226
f 56 227 464 209
f 65 228 464 227
f 66 229 464 228
f 50 209 464 229
f 66 230 465 229
f 62 219 465 230
f 51 206 465 219
f 50 229 465 206
f 69 231 466 225
f 76 232 466 231
f 67 233 466 232
f 52 225 466 233
f 55 234 467 218
f 63 235 467 234
f 68 221 467 235
f 54 218 467 221
f 57 236 468 217
f 64 193 468 236
f 72 237 468 193
f 55 217 468 237
f 72 191 469 237
f 77 238 469 191
f 63 234 469 238
f 55 237 469 234
f 61 239 470 212
f 74 240 470 239
f 65 227 470 240
f 56 212 470 227
f 60 241 471 215
f 70 242 471 241
f 64 236 471 242
f 57 215 471 236
f 68 243 472 222
f 90 244 472 243
f 95 245 472 244
f 59 222 472 245
f 95 246 473 245
f 97 247 473 246
f 69 224 473 247
f 59 245 473 224
f 62 248 474 220
f 71 249 474 248
f 70 241 474 249
f 60 220 474 241
f 66 250 475 230
f 75 251 475 250
f 71 248 475 251
f 62 230 475 248
f 77 252 476 238
f 98 253 476 252
f 94 254 476 253
f 63 238 476 254
f 94 255 477 254
f 90 243 477 255
f 68 235 477 243
f 63 254 477 235
f 70 256 478 242
f 81 257 478 256
f 80 194 478 257
f 64 242 478 194
f 32 258 479 261
f 33 259 479 258
f 11 260 479 259
f 29 261 479 260
f 74 262 480 240
f 82 263 480 262
f 79 264 480 263
f 65 240 480 264
f 79 265 481 264
f 75 250 481 265
f 66 228 481 250
f 65 264 481 228
f 97 266 482 247
f 93 267 482 266
f 76 231 482 267
f 69 247 482 231
f 71 268 483 249
f 84 269 483 268
f 81 256 483 269
f 70 249 483 256
f 75 270 484 251
f 87 271 484 270
f 84 268 484 271
f 71 251 484 268
f 12 272 485 275
f 11 273 485 272
f 31 274 485 273
f 25 275 485 274
f 78 276 486 278
f 82 262 486 276
f 74 277 486 262
f 73 278 486 277
f 79 279 487 265
f 92 280 487 279
f 87 270 487 280
f 75 265 487 270
f 83 281 488 190
f 118 282 488 281
f 98 252 488 282
f 77 190 488 252
f 85 283 489 285
f 86 284 489 283
f 82 276 489 284
f 78 285 489 276
f 82 284 490 263
f 86 286 490 284
f 92 279 490 286
f 79 263 490 279
f 81 287 491 257
f 101 288 491 287
f 102 189 491 288
f 80 257 491 189
f 12 275 492 290
f 25 289 492 275
f 23 180 492 289
f 22 290 492 180
f 84 291 493 269
f 99 292 493 291
f 101 287 493 292
f 81 269 493 287
f 58 293 494 296
f 24 294 494 293
f 119 295 494 294
f 148 296 494 295
f 88 297 495 185
f 124 298 495 297
f 118 281 495 298
f 83 185 495 281
f 87 299 496 271
f 106 300 496 299
f 99 291 496 300
f 84 271 496 291
f 96 301 497 303
f 103 302 497 301
f 86 283 497 302
f 85 303 497 283
f 103 304 498 302
f 112 305 498 304
f 92 286 498 305
f 86 302 498 286
f 92 305 499 280
f 112 306 499 305
f 106 299 499 306
f 87 280 499 299
f 100 307 500 184
f 110 308 500 307
f 91 309 500 308
f 88 184 500 309
f 93 310 501 313
f 105 311 501 310
f 104 312 501 311
f 89 313 501 312
f 94 314 502 255
f 113 315 502 314
f 114 316 502 315
f 90 255 502 316
f 114 317 503 316
f 107 318 503 317
f 95 244 503 318
f 90 316 503 244
f 97 319 504 266
f 108 320 504 319
f 105 310 504 320
f 93 266 504 310
f 98 321 505 253
f 109 322 505 321
f 113 314 505 322
f 94 253 505 314
f 107 323 506 318
f 108 319 506 323
f 97 246 506 319
f 95 318 506 246
f 118 324 507 282
f 115 325 507 324
f 109 321 507 325
f 98 282 507 321
f 106 326 508 300
f 131 327 508 326
f 130 328 508 327
f 99 300 508 328
f 130 329 509 328
f 129 330 509 329
f 101 292 509 330
f 99 328 509 292
f 102 331 510 187
f 120 332 510 331
f 110 307 510 332
f 100 187 510 307
f 129 333 511 330
f 120 331 511 333
f 102 288 511 331
f 101 330 511 288
f 116 334 512 336
f 133 335 512 334
f 112 304 512 335
f 103 336 512 304
f 105 337 513 311
f 121 338 513 337
f 117 339 513 338
f 104 311 513 339
f 108 340 514 320
f 122 341 514 340
f 121 337 514 341
f 105 320 514 337
f 112 335 515 306
f 133 342 515 335
f 131 326 515 342
f 106 306 515 326
f 114 343 516 317
f 134 344 516 343
f 125 345 516 344
f 107 317 516 345
f 125 346 517 345
f 122 340 517 346
f 108 323 517 340
f 107 345 517 323
f 115 347 518 325
f 127 348 518 347
f 135 349 518 348
f 109 325 518 349
f 135 350 519 349
f 123 351 519 350
f 113 322 519 351
f 109 349 519 322
f 123 352 520 351
f 134 343 520 352
f 114 315 520 343
f 113 351 520 315
f 118 298 521 324
f 124 353 521 298
f 126 354 521 353
f 115 324 521 354
f 126 355 522 354
f 136 356 522 355
f 127 347 522 356
f 115 354 522 347
f 132 357 523 359
f 151 358 523 357
f 133 334 523 358
f 116 359 523 334
f 121 360 524 338
f 137 361 524 360
f 142 362 524 361
f 117 338 524 362
f 122 363 525 341
f 153 364 525 363
f 137 360 525 364
f 121 341 525 360
f 125 365 526 346
f 143 366 526 365
f 153 363 526 366
f 122 346 526 363
f 135 367 527 350
f 147 368 527 367
f 138 369 527 368
f 123 350 527 369
f 138 370 528 369
f 146 371 528 370
f 134 352 528 371
f 123 369 528 352
f 128 372 529 374
f 140 373 529 372
f 126 353 529 373
f 124 374 529 353
f 134 371 530 344
f 146 375 530 371
f 143 365 530 375
f 125 344 530 365
f 140 376 531 373
f 159 377 531 376
f 136 355 531 377
f 126 373 531 355
f 136 378 532 356
f 155 379 532 378
f 139 380 532 379
f 127 356 532 380
f 139 381 533 380
f 147 367 533 381
f 135 348 533 367
f 127 380 533 348
f 141 382 534 384
f 157 383 534 382
f 140 372 534 383
f 128 384 534 372
f 130 385 535 329
f 150 386 535 385
f 149 387 535 386
f 129 329 535 387
f 131 388 536 327
f 152 389 536 388
f 150 385 536 389
f 130 327 536 385
f 133 358 537 342
f 151 390 537 358
f 152 388 537 390
f 131 342 537 388
f 159 391 538 377
f 53 392 538 391
f 155 378 538 392
f 136 377 538 378
f 153 393 539 364
f 158 394 539 393
f 37 395 539 394
f 137 364 539 395
f 37 396 540 395
f 162 397 540 396
f 142 361 540 397
f 137 395 540 361
f 147 398 541 368
f 156 399 541 398
f 144 400 541 399
f 138 368 541 400
f 144 401 542 400
f 145 402 542 401
f 146 370 542 402
f 138 400 542 370
f 155 403 543 379
f 148 404 543 403
f 154 405 543 404
f 139 379 543 405
f 154 406 544 405
f 156 398 544 406
f 147 381 544 398
f 139 405 544 381
f 157 407 545 383
f 28 408 545 407
f 159 376 545 408
f 140 383 545 376
f 146 402 546 375
f 145 409 546 402
f 35 410 546 409
f 143 375 546 410
f 35 411 547 410
f 158 393 547 411
f 153 366 547 393
f 143 410 547 366
f 156 412 548 399
f 30 413 548 412
f 161 414 548 413
f 144 399 548 414
f 161 415 549 414
f 34 416 549 415
f 145 401 549 416
f 144 414 549 401
f 34 417 550 416
f 36 418 550 417
f 35 409 550 418
f 145 416 550 409
f 148 295 551 404
f 119 419 551 295
f 111 420 551 419
f 154 404 551 420
f 111 421 552 420
f 30 412 552 421
f 156 406 552 412
f 154 420 552 406
f 53 422 553 392
f 58 296 553 422
f 148 403 553 296
f 155 392 553 403
f 160 423 554 425
f 42 424 554 423
f 28 407 554 424
f 157 425 554 407
f 35 418 555 411
f 36 426 555 418
f 17 427 555 426
f 158 411 555 427
f 28 428 556 408
f 19 429 556 428
f 53 391 556 429
f 159 408 556 391
f 163 430 557 432
f 18 431 557 430
f 42 423 557 431
f 160 432 557 423
f 161 433 558 415
f 27 434 558 433
f 16 435 558 434
f 34 415 558 435
f 111 436 559 421
f 14 437 559 436
f 43 438 559 437
f 30 421 559 438
f 43 439 560 438
f 27 433 560 439
f 161 413 560 433
f 30 438 560 413
f 38 440 561 442
f 13 441 561 440
f 18 430 561 441
f 163 442 561 430
f 563 724 981 727
f 585 725 981 724
f 571 726 981 725
f 562 727 981 726
f 571 728 982 726
f 570 729 982 728
f 564 730 982 729
f 562 726 982 730
f 566 731 983 733
f 572 732 983 731
f 585 724 983 732
f 563 733 983 724
f 570 734 984 729
f 574 735 984 734
f 565 736 984 735
f 564 729 984 736
f 574 737 985 735
f 573 738 985 737
f 569 739 985 738
f 565 735 985 739
f 569 738 986 742
f 573 740 986 738
f 576 741 986 740
f 568 742 986 741
f 571 743 987 728
f 596 744 987 743
f 575 745 987 744
f 570 728 987 745
f 575 746 988 745
f 579 747 988 746
f 574 734 988 747
f 570 745 988 734
f 585 748 989 725
f 620 749 989 748
f 596 743 989 749
f 571 725 989 743
f 603 750 990 751
f 620 748 990 750
f 585 732 990 748
f 572 751 990 732
f 574 747 991 737
f 579 752 991 747
f 578 753 991 752
f 573 737 991 753
f 578 754 992 753
f 580 755 992 754
f 576 740 992 755
f 573 753 992 740
f 596 756 993 744
f 609 757 993 756
f 584 758 993 757
f 575 744 993 758
f 584 759 994 758
f 595 760 994 759
f 579 746 994 760
f 575 758 994 746
f 580 761 995 755
f 590 762 995 761
f 577 763 995 762
f 576 755 995 763
f 590 764 996 762
f 604 765 996 764
f 581 766 996 765
f 577 762 996 766
f 579 760 997 752
f 595 767 997 760
f 591 768 997 767
f 578 752 997 768
f 591 769 998 768
f 598 770 998 769
f 580 754 998 770
f 578 768 998 754
f 598 771 999 770
f 612 772 999 771
f 590 761 999 772
f 580 770 999 761
f 604 773 1000 765
f 605 774 1000 773
f 586 775 1000 774
f 581 765 1000 775
f 587 776 1001 779
f 600 777 1001 776
f 588 778 1001 777
f 582 779 1001 778
f 588 780 1002 778
f 607 781 1002 780
f 583 782 1002 781
f 582 778 1002 782
f 609 783 1003 757
f 610 784 1003 783
f 589 785 1003 784
f 584 757 1003 785
f 589 786 1004 785
f 602 787 1004 786
f 595 759 1004 787
f 584 785 1004 759
f 605 788 1005 774
f 637 789 1005 788
f 599 790 1005 789
f 586 774 1005 790
f 630 791 1006 793
f 629 792 1006 791
f 600 776 1006 792
f 587 793 1006 776
f 592 794 1007 796
f 616 795 1007 794
f 630 793 1007 795
f 587 796 1007 793
f 600 797 1008 777
f 601 798 1008 797
f 593 799 1008 798
f 588 777 1008 799
f 593 800 1009 799
f 608 801 1009 800
f 607 780 1009 801
f 588 799 1009 780
f 610 802 1010 784
f 619 803 1010 802
f 611 804 1010 803
f 589 784 1010 804
f 611 805 1011 804
f 636 806 1011 805
f 602 786 1011 806
f 589 804 1011 786
f 612 807 1012 772
f 644 808 1012 807
f 604 764 1012 808
f 590 772 1012 764
f 595 787 1013 767
f 602 809 1013 787
f 613 810 1013 809
f 591 767 1013 810
f 613 811 1014 810
f 627 812 1014 811
f 598 769 1014 812
f 591 810 1014 769
f 624 813 1015 815
f 631 814 1015 813
f 616 794 1015 814
f 592 815 1015 794
f 601 816 1016 798
f 615 817 1016 816
f 606 818 1016 817
f 593 798 1016 818
f 606 819 1017 818
f 594 820 1017 819
f 608 800 1017 820
f 593 818 1017 800
f 606 821 1018 819
f 632 822 1018 821
f 625 823 1018 822
f 594 819 1018 823
f 625 824 1019 823
f 649 825 1019 824
f 650 826 1019 825
f 594 823 1019 826
f 650 827 1020 826
f 642 828 1020 827
f 608 820 1020 828
f 594 826 1020 820
f 620 829 1021 749
f 635 830 1021 829
f 609 756 1021 830
f 596 749 1021 756
f 627 831 1022 812
f 628 832 1022 831
f 612 771 1022 832
f 598 812 1022 771
f 637 833 1023 789
f 659 834 1023 833
f 621 835 1023 834
f 599 789 1023 835
f 629 836 1024 792
f 623 837 1024 836
f 601 797 1024 837
f 600 792 1024 797
f 623 838 1025 837
f 640 839 1025 838
f 615 816 1025 839
f 601 837 1025 816
f 636 840 1026 806
f 633 841 1026 840
f 613 809 1026 841
f 602 806 1026 809
f 626 842 1027 843
f 635 829 1027 842
f 620 750 1027 829
f 603 843 1027 750
f 644 844 1028 808
f 651 845 1028 844
f 605 773 1028 845
f 604 808 1028 773
f 651 846 1029 845
f 652 847 1029 846
f 637 788 1029 847
f 605 845 1029 788
f 615 848 1030 817
f 639 849 1030 848
f 632 821 1030 849
f 606 817 1030 821
f 608 828 1031 801
f 642 850 1031 828
f 618 851 1031 850
f 607 801 1031 851
f 635 852 1032 830
f 634 853 1032 852
f 610 783 1032 853
f 609 830 1032 783
f 634 854 1033 853
f 643 855 1033 854
f 619 802 1033 855
f 610 853 1033 802
f 619 856 1034 803
f 684 857 1034 856
f 673 858 1034 857
f 611 803 1034 858
f 628 859 1035 832
f 668 860 1035 859
f 644 807 1035 860
f 612 832 1035 807
f 633 861 1036 841
f 666 862 1036 861
f 627 811 1036 862
f 613 841 1036 811
f 621 834 1037 865
f 659 863 1037 834
f 660 864 1037 863
f 614 865 1037 864
f 640 866 1038 839
f 646 867 1038 866
f 639 848 1038 867
f 615 839 1038 848
f 647 868 1039 870
f 661 869 1039 868
f 630 795 1039 869
f 616 870 1039 795
f 631 871 1040 814
f 641 872 1040 871
f 647 870 1040 872
f 616 814 1040 870
f 663 873 1041 875
f 655 874 1041 873
f 640 838 1041 874
f 623 875 1041 838
f 629 876 1042 836
f 662 877 1042 876
f 663 875 1042 877
f 623 836 1042 875
f 632 878 1043 822
f 645 879 1043 878
f 648 880 1043 879
f 625 822 1043 880
f 648 881 1044 880
f 665 882 1044 881
f 649 824 1044 882
f 625 880 1044 824
f 657 883 1045 884
f 634 852 1045 883
f 635 842 1045 852
f 626 884 1045 842
f 666 885 1046 862
f 658 886 1046 885
f 628 831 1046 886
f 627 862 1046 831
f 658 887 1047 886
f 669 888 1047 887
f 668 859 1047 888
f 628 886 1047 859
f 630 869 1048 791
f 661 889 1048 869
f 662 876 1048 889
f 629 791 1048 876
f 639 890 1049 849
f 653 891 1049 890
f 645 878 1049 891
f 632 849 1049 878
f 657 892 1050 883
f 667 893 1050 892
f 643 854 1050 893
f 634 883 1050 854
f 646 894 1051 867
f 664 895 1051 894
f 653 890 1051 895
f 639 867 1051 890
f 655 896 1052 874
f 654 897 1052 896
f 646 866 1052 897
f 640 874 1052 866
f 653 898 1053 891
f 677 899 1053 898
f 670 900 1053 899
f 645 891 1053 900
f 670 901 1054 900
f 682 902 1054 901
f 648 879 1054 902
f 645 900 1054 879
f 654 903 1055 897
f 671 904 1055 903
f 664 894 1055 904
f 646 897 1055 894
f 664 905 1056 895
f 675 906 1056 905
f 677 898 1056 906
f 653 895 1056 898
f 678 907 1057 909
f 689 908 1057 907
f 671 903 1057 908
f 654 909 1057 903
f 655 910 1058 896
f 679 911 1058 910
f 678 909 1058 911
f 654 896 1058 909
f 663 912 1059 873
f 680 913 1059 912
f 679 910 1059 913
f 655 873 1059 910
f 681 914 1060 917
f 690 915 1060 914
f 672 916 1060 915
f 656 917 1060 916
f 666 918 1061 885
f 676 919 1061 918
f 683 920 1061 919
f 658 885 1061 920
f 674 921 1062 922
f 680 912 1062 921
f 663 877 1062 912
f 662 922 1062 877
f 671 923 1063 904
f 688 924 1063 923
f 675 905 1063 924
f 664 904 1063 905
f 690 925 1064 915
f 691 926 1064 925
f 692 927 1064 926
f 672 915 1064 927
f 688 928 1065 924
f 707 929 1065 928
f 702 930 1065 929
f 675 924 1065 930
f 702 931 1066 930
f 701 932 1066 931
f 677 906 1066 932
f 675 930 1066 906
f 709 933 1067 935
f 710 934 1067 933
f 690 914 1067 934
f 681 935 1067 914
f 698 936 1068 939
f 706 937 1068 936
f 687 938 1068 937
f 686 939 1068 938
f 710 940 1069 934
f 717 941 1069 940
f 691 925 1069 941
f 690 934 1069 925
f 717 942 1070 941
f 617 943 1070 942
f 718 944 1070 943
f 691 941 1070 944
f 700 945 1071 948
f 693 946 1071 945
f 719 947 1071 946
f 694 948 1071 947
f 719 949 1072 947
f 711 950 1072 949
f 695 951 1072 950
f 694 947 1072 951
f 711 952 1073 950
f 722 953 1073 952
f 696 954 1073 953
f 695 950 1073 954
f 722 955 1074 953
f 712 956 1074 955
f 723 957 1074 956
f 696 953 1074 957
f 708 958 1075 961
f 703 959 1075 958
f 713 960 1075 959
f 699 961 1075 960
f 713 962 1076 960
f 714 963 1076 962
f 715 964 1076 963
f 699 960 1076 964
f 704 965 1077 967
f 720 966 1077 965
f 693 945 1077 966
f 700 967 1077 945
f 721 968 1078 970
f 597 969 1078 968
f 720 965 1078 969
f 704 970 1078 965
f 697 971 1079 973
f 622 972 1079 971
f 717 940 1079 972
f 710 973 1079 940
f 714 974 1080 963
f 705 975 1080 974
f 716 976 1080 975
f 715 963 1080 976
f 567 977 1081 980
f 638 978 1081 977
f 685 979 1081 978
f 712 980 1081 979
f 1084 1284 1626 1287
f 1085 1285 1626 1284
f 1083 1286 1626 1285
f 1082 1287 1626 1286
f 1085 1288 1627 1285
f 1088 1289 1627 1288
f 1086 1290 1627 1289
f 1083 1285 1627 1290
f 1090 1291 1628 1293
f 1091 1292 1628 1291
f 1085 1284 1628 1292
f 1084 1293 1628 1284
f 1091 1294 1629 1292
f 1094 1295 1629 1294
f 1088 1288 1629 1295
f 1085 1292 1629 1288
f 1088 1296 1630 1289
f 1092 1297 1630 1296
f 1087 1298 1630 1297
f 1086 1289 1630 1298
f 1092 1299 1631 1297
f 1099 1300 1631 1299
f 1089 1301 1631 1300
f 1087 1297 1631 1301
f 1094 1302 1632 1295
f 1097 1303 1632 1302
f 1092 1296 1632 1303
f 1088 1295 1632 1296
f 1099 1304 1633 1300
f 1101 1305 1633 1304
f 1093 1306 1633 1305
f 1089 1300 1633 1306
f 1095 1307 1634 1309
f 1098 1308 1634 1307
f 1094 1294 1634 1308
f 1091 1309 1634 1294
f 1097 1310 1635 1303
f 1100 1311 1635 1310
f 1099 1299 1635 1311
f 1092 1303 1635 1299
f 1101 1312 1636 1305
f 1106 1313 1636 1312
f 1096 1314 1636 1313
f 1093 1305 1636 1314
f 1098 1315 1637 1308
f 1102 1316 1637 1315
f 1097 1302 1637 1316
f 1094 1308 1637 1302
f 1104 1317 1638 1319
f 1107 1318 1638 1317
f 1098 1307 1638 1318
f 1095 1319 1638 1307
f 1106 1320 1639 1313
f 1114 1321 1639 1320
f 1103 1322 1639 1321
f 1096 1313 1639 1322
f 1102 1323 1640 1316
f 1105 1324 1640 1323
f 1100 1310 1640 1324
f 1097 1316 1640 1310
f 1107 1325 1641 1318
f 1110 1326 1641 1325
f 1102 1315 1641 1326
f 1098 1318 1641 1315
f 1100 1327 1642 1311
f 1108 1328 1642 1327
f 1101 1304 1642 1328
f 1099 1311 1642 1304
f 1105 1329 1643 1324
f 1111 1330 1643 1329
f 1108 1327 1643 1330
f 1100 1324 1643 1327
f 1108 1331 1644 1328
f 1115 1332 1644 1331
f 1106 1312 1644 1332
f 1101 1328 1644 1312
f 1110 1333 1645 1326
f 1109 1334 1645 1333
f 1105 1323 1645 1334
f 1102 1326 1645 1323
f 1109 1335 1646 1334
f 1113 1336 1646 1335
f 1111 1329 1646 1336
f 1105 1334 1646 1329
f 1112 1337 1647 1339
f 1116 1338 1647 1337
f 1110 1325 1647 1338
f 1107 1339 1647 1325
f 1111 1340 1648 1330
f 1118 1341 1648 1340
f 1115 1331 1648 1341
f 1108 1330 1648 1331
f 1110 1338 1649 1333
f 1116 1342 1649 1338
f 1117 1343 1649 1342
f 1109 1333 1649 1343
f 1117 1344 1650 1343
f 1119 1345 1650 1344
f 1113 1335 1650 1345
f 1109 1343 1650 1335
f 1113 1346 1651 1336
f 1121 1347 1651 1346
f 1118 1340 1651 1347
f 1111 1336 1651 1340
f 1123 1348 1652 1350
f 1129 1349 1652 1348
f 1119 1344 1652 1349
f 1117 1350 1652 1344
f 1127 1351 1653 1354
f 1133 1352 1653 1351
f 1125 1353 1653 1352
f 1120 1354 1653 1353
f 1131 1355 1654 1358
f 1139 1356 1654 1355
f 1132 1357 1654 1356
f 1122 1358 1654 1357
f 1135 1359 1655 1361
f 1136 1360 1655 1359
f 1133 1351 1655 1360
f 1127 1361 1655 1351
f 1138 1362 1656 1365
f 1137 1363 1656 1362
f 1131 1364 1656 1363
f 1130 1365 1656 1364
f 1137 1366 1657 1363
f 1147 1367 1657 1366
f 1139 1355 1657 1367
f 1131 1363 1657 1355
f 1139 1368 1658 1356
f 1148 1369 1658 1368
f 1141 1370 1658 1369
f 1132 1356 1658 1370
f 1140 1371 1659 1374
f 1144 1372 1659 1371
f 1135 1373 1659 1372
f 1134 1374 1659 1373
f 1144 1375 1660 1372
f 1143 1376 1660 1375
f 1136 1359 1660 1376
f 1135 1372 1660 1359
f 1146 1377 1661 1379
f 1154 1378 1661 1377
f 1147 1366 1661 1378
f 1137 1379 1661 1366
f 1138 1380 1662 1362
f 1145 1381 1662 1380
f 1146 1379 1662 1381
f 1137 1362 1662 1379
f 1147 1382 1663 1367
f 1150 1383 1663 1382
f 1148 1368 1663 1383
f 1139 1367 1663 1368
f 1156 1384 1664 1386
f 1158 1385 1664 1384
f 1144 1371 1664 1385
f 1140 1386 1664 1371
f 1148 1387 1665 1369
f 1169 1388 1665 1387
f 1151 1389 1665 1388
f 1141 1369 1665 1389
f 1160 1390 1666 1393
f 1164 1391 1666 1390
f 1156 1392 1666 1391
f 1142 1393 1666 1392
f 1144 1385 1667 1375
f 1158 1394 1667 1385
f 1157 1395 1667 1394
f 1143 1375 1667 1395
f 1152 1396 1668 1398
f 1149 1397 1668 1396
f 1146 1381 1668 1397
f 1145 1398 1668 1381
f 1149 1399 1669 1397
f 1162 1400 1669 1399
f 1154 1377 1669 1400
f 1146 1397 1669 1377
f 1154 1401 1670 1378
f 1163 1402 1670 1401
f 1150 1382 1670 1402
f 1147 1378 1670 1382
f 1150 1403 1671 1383
f 1168 1404 1671 1403
f 1169 1387 1671 1404
f 1148 1383 1671 1387
f 1153 1405 1672 1407
f 1167 1406 1672 1405
f 1162 1399 1672 1406
f 1149 1407 1672 1399
f 1152 1408 1673 1396
f 1159 1409 1673 1408
f 1153 1407 1673 1409
f 1149 1396 1673 1407
f 1163 1410 1674 1402
f 1178 1411 1674 1410
f 1168 1403 1674 1411
f 1150 1402 1674 1403
f 1169 1412 1675 1388
f 1179 1413 1675 1412
f 1170 1414 1675 1413
f 1151 1388 1675 1414
f 1166 1415 1676 1417
f 1174 1416 1676 1415
f 1167 1405 1676 1416
f 1153 1417 1676 1405
f 1159 1418 1677 1409
f 1173 1419 1677 1418
f 1166 1417 1677 1419
f 1153 1409 1677 1417
f 1162 1420 1678 1400
f 1175 1421 1678 1420
f 1163 1401 1678 1421
f 1154 1400 1678 1401
f 1171 1422 1679 1425
f 1181 1423 1679 1422
f 1161 1424 1679 1423
f 1155 1425 1679 1424
f 1164 1426 1680 1391
f 1165 1427 1680 1426
f 1158 1384 1680 1427
f 1156 1391 1680 1384
f 1158 1427 1681 1394
f 1165 1428 1681 1427
f 1172 1429 1681 1428
f 1157 1394 1681 1429
f 1161 1430 1682 1432
f 1180 1431 1682 1430
f 1164 1390 1682 1431
f 1160 1432 1682 1390
f 1181 1433 1683 1423
f 1194 1434 1683 1433
f 1180 1430 1683 1434
f 1161 1423 1683 1430
f 1167 1435 1684 1406
f 1177 1436 1684 1435
f 1175 1420 1684 1436
f 1162 1406 1684 1420
f 1175 1437 1685 1421
f 1192 1438 1685 1437
f 1178 1410 1685 1438
f 1163 1421 1685 1410
f 1180 1439 1686 1431
f 1182 1440 1686 1439
f 1165 1426 1686 1440
f 1164 1431 1686 1426
f 1182 1441 1687 1440
f 1188 1442 1687 1441
f 1172 1428 1687 1442
f 1165 1440 1687 1428
f 1183 1443 1688 1445
f 1189 1444 1688 1443
f 1174 1415 1688 1444
f 1166 1445 1688 1415
f 1174 1446 1689 1416
f 1190 1447 1689 1446
f 1177 1435 1689 1447
f 1167 1416 1689 1435
f 1178 1448 1690 1411
f 1193 1449 1690 1448
f 1184 1450 1690 1449
f 1168 1411 1690 1450
f 1184 1451 1691 1450
f 1179 1412 1691 1451
f 1169 1404 1691 1412
f 1168 1450 1691 1404
f 1179 1452 1692 1413
f 1186 1453 1692 1452
f 1176 1454 1692 1453
f 1170 1413 1692 1454
f 1187 1455 1693 1457
f 1204 1456 1693 1455
f 1181 1422 1693 1456
f 1171 1457 1693 1422
f 1189 1458 1694 1444
f 1191 1459 1694 1458
f 1190 1446 1694 1459
f 1174 1444 1694 1446
f 1177 1460 1695 1436
f 1195 1461 1695 1460
f 1192 1437 1695 1461
f 1175 1436 1695 1437
f 1186 1462 1696 1453
f 1209 1463 1696 1462
f 1185 1464 1696 1463
f 1176 1453 1696 1464
f 1190 1465 1697 1447
f 1200 1466 1697 1465
f 1195 1460 1697 1466
f 1177 1447 1697 1460
f 1192 1467 1698 1438
f 1196 1468 1698 1467
f 1193 1448 1698 1468
f 1178 1438 1698 1448
f 1184 1469 1699 1451
f 1208 1470 1699 1469
f 1186 1452 1699 1470
f 1179 1451 1699 1452
f 1194 1471 1700 1434
f 1210 1472 1700 1471
f 1182 1439 1700 1472
f 1180 1434 1700 1439
f 1204 1473 1701 1456
f 1234 1474 1701 1473
f 1194 1433 1701 1474
f 1181 1456 1701 1433
f 1210 1475 1702 1472
f 1205 1476 1702 1475
f 1188 1441 1702 1476
f 1182 1472 1702 1441
f 1193 1477 1703 1449
f 1202 1478 1703 1477
f 1208 1469 1703 1478
f 1184 1449 1703 1469
f 1209 1479 1704 1463
f 1219 1480 1704 1479
f 1197 1481 1704 1480
f 1185 1463 1704 1481
f 1208 1482 1705 1470
f 1214 1483 1705 1482
f 1209 1462 1705 1483
f 1186 1470 1705 1462
f 1215 1484 1706 1486
f 1232 1485 1706 1484
f 1204 1455 1706 1485
f 1187 1486 1706 1455
f 1198 1487 1707 1489
f 1206 1488 1707 1487
f 1191 1458 1707 1488
f 1189 1489 1707 1458
f 1191 1490 1708 1459
f 1199 1491 1708 1490
f 1200 1465 1708 1491
f 1190 1459 1708 1465
f 1206 1492 1709 1488
f 1211 1493 1709 1492
f 1199 1490 1709 1493
f 1191 1488 1709 1490
f 1195 1494 1710 1461
f 1201 1495 1710 1494
f 1196 1467 1710 1495
f 1192 1461 1710 1467
f 1196 1496 1711 1468
f 1207 1497 1711 1496
f 1202 1477 1711 1497
f 1193 1468 1711 1477
f 1234 1498 1712 1474
f 1233 1499 1712 1498
f 1210 1471 1712 1499
f 1194 1474 1712 1471
f 1200 1500 1713 1466
f 1222 1501 1713 1500
f 1201 1494 1713 1501
f 1195 1466 1713 1494
f 1201 1502 1714 1495
f 1212 1503 1714 1502
f 1207 1496 1714 1503
f 1196 1495 1714 1496
f 1219 1504 1715 1480
f 1245 1505 1715 1504
f 1213 1506 1715 1505
f 1197 1480 1715 1506
f 1211 1507 1716 1493
f 1217 1508 1716 1507
f 1221 1509 1716 1508
f 1199 1493 1716 1509
f 1221 1510 1717 1509
f 1222 1500 1717 1510
f 1200 1491 1717 1500
f 1199 1509 1717 1491
f 1222 1511 1718 1501
f 1223 1512 1718 1511
f 1212 1502 1718 1512
f 1201 1501 1718 1502
f 1207 1513 1719 1497
f 1218 1514 1719 1513
f 1225 1515 1719 1514
f 1202 1497 1719 1515
f 1225 1516 1720 1515
f 1214 1482 1720 1516
f 1208 1478 1720 1482
f 1202 1515 1720 1478
f 1213 1517 1721 1520
f 1237 1518 1721 1517
f 1226 1519 1721 1518
f 1203 1520 1721 1519
f 1232 1521 1722 1485
f 1241 1522 1722 1521
f 1234 1473 1722 1522
f 1204 1485 1722 1473
f 1216 1523 1723 1525
f 1228 1524 1723 1523
f 1211 1492 1723 1524
f 1206 1525 1723 1492
f 1212 1526 1724 1503
f 1224 1527 1724 1526
f 1218 1513 1724 1527
f 1207 1503 1724 1513
f 1214 1528 1725 1483
f 1239 1529 1725 1528
f 1219 1479 1725 1529
f 1209 1483 1725 1479
f 1228 1530 1726 1524
f 1229 1531 1726 1530
f 1217 1507 1726 1531
f 1211 1524 1726 1507
f 1223 1532 1727 1512
f 1230 1533 1727 1532
f 1224 1526 1727 1533
f 1212 1512 1727 1526
f 1245 1534 1728 1505
f 1246 1535 1728 1534
f 1237 1517 1728 1535
f 1213 1505 1728 1517
f 1225 1536 1729 1516
f 1240 1537 1729 1536
f 1239 1528 1729 1537
f 1214 1516 1729 1528
f 1220 1538 1730 1540
f 1231 1539 1730 1538
f 1232 1484 1730 1539
f 1215 1540 1730 1484
f 1229 1541 1731 1531
f 1250 1542 1731 1541
f 1242 1543 1731 1542
f 1217 1531 1731 1543
f 1242 1544 1732 1543
f 1235 1545 1732 1544
f 1221 1508 1732 1545
f 1217 1543 1732 1508
f 1224 1546 1733 1527
f 1244 1547 1733 1546
f 1243 1548 1733 1547
f 1218 1527 1733 1548
f 1243 1549 1734 1548
f 1240 1536 1734 1549
f 1225 1514 1734 1536
f 1218 1548 1734 1514
f 1239 1550 1735 1529
f 1238 1551 1735 1550
f 1245 1504 1735 1551
f 1219 1529 1735 1504
f 1227 1552 1736 1554
f 1248 1553 1736 1552
f 1231 1538 1736 1553
f 1220 1554 1736 1538
f 1235 1555 1737 1545
f 1223 1511 1737 1555
f 1222 1510 1737 1511
f 1221 1545 1737 1510
f 1235 1556 1738 1555
f 1236 1557 1738 1556
f 1230 1532 1738 1557
f 1223 1555 1738 1532
f 1230 1558 1739 1533
f 1251 1559 1739 1558
f 1244 1546 1739 1559
f 1224 1533 1739 1546
f 1237 1560 1740 1518
f 1265 1561 1740 1560
f 1252 1562 1740 1561
f 1226 1518 1740 1562
f 1258 1563 1741 1565
f 1249 1564 1741 1563
f 1229 1530 1741 1564
f 1228 1565 1741 1530
f 1249 1566 1742 1564
f 1272 1567 1742 1566
f 1250 1541 1742 1567
f 1229 1564 1742 1541
f 1236 1568 1743 1557
f 1274 1569 1743 1568
f 1251 1558 1743 1569
f 1230 1557 1743 1558
f 1248 1570 1744 1553
f 1269 1571 1744 1570
f 1270 1572 1744 1571
f 1231 1553 1744 1572
f 1270 1573 1745 1572
f 1241 1521 1745 1573
f 1232 1539 1745 1521
f 1231 1572 1745 1539
f 1234 1522 1746 1498
f 1241 1574 1746 1522
f 1257 1575 1746 1574
f 1233 1498 1746 1575
f 1242 1576 1747 1544
f 1261 1577 1747 1576
f 1236 1556 1747 1577
f 1235 1544 1747 1556
f 1261 1578 1748 1577
f 1283 1579 1748 1578
f 1274 1568 1748 1579
f 1236 1577 1748 1568
f 1246 1580 1749 1535
f 1266 1581 1749 1580
f 1265 1560 1749 1581
f 1237 1535 1749 1560
f 1247 1582 1750 1585
f 1278 1583 1750 1582
f 1253 1584 1750 1583
f 1238 1585 1750 1584
f 1253 1586 1751 1584
f 1246 1534 1751 1586
f 1245 1551 1751 1534
f 1238 1584 1751 1551
f 1239 1537 1752 1550
f 1240 1587 1752 1537
f 1247 1585 1752 1587
f 1238 1550 1752 1585
f 1243 1588 1753 1549
f 1263 1589 1753 1588
f 1247 1587 1753 1589
f 1240 1549 1753 1587
f 1250 1590 1754 1542
f 1262 1591 1754 1590
f 1261 1576 1754 1591
f 1242 1542 1754 1576
f 1244 1592 1755 1547
f 1260 1593 1755 1592
f 1263 1588 1755 1593
f 1243 1547 1755 1588
f 1251 1594 1756 1559
f 1259 1595 1756 1594
f 1260 1592 1756 1595
f 1244 1559 1756 1592
f 1253 1596 1757 1586
f 1277 1597 1757 1596
f 1266 1580 1757 1597
f 1246 1586 1757 1580
f 1263 1598 1758 1589
f 1267 1599 1758 1598
f 1278 1582 1758 1599
f 1247 1589 1758 1582
f 1256 1600 1759 1602
f 1126 1601 1759 1600
f 1269 1570 1759 1601
f 1248 1602 1759 1570
f 1271 1603 1760 1605
f 1282 1604 1760 1603
f 1272 1566 1760 1604
f 1249 1605 1760 1566
f 1272 1606 1761 1567
f 1273 1607 1761 1606
f 1262 1590 1761 1607
f 1250 1567 1761 1590
f 1274 1608 1762 1569
f 1275 1609 1762 1608
f 1259 1594 1762 1609
f 1251 1569 1762 1594
f 1265 1610 1763 1561
f 1124 1611 1763 1610
f 1276 1612 1763 1611
f 1252 1561 1763 1612
f 1278 1613 1764 1583
f 1128 1614 1764 1613
f 1277 1596 1764 1614
f 1253 1583 1764 1596
f 1255 1615 1765 1618
f 1268 1616 1765 1615
f 1256 1617 1765 1616
f 1254 1618 1765 1617
f 1280 1619 1766 1621
f 1281 1620 1766 1619
f 1268 1615 1766 1620
f 1255 1621 1766 1615
f 1264 1622 1767 1624
f 1279 1623 1767 1622
f 1260 1595 1767 1623
f 1259 1624 1767 1595
f 1279 1625 1768 1623
f 1267 1598 1768 1625
f 1263 1593 1768 1598
f 1260 1623 1768 1593
f 1771 2048 2564 2051
f 1773 2049 2564 2048
f 1770 2050 2564 2049
f 1769 2051 2564 2050
f 1773 2052 2565 2049
f 1777 2053 2565 2052
f 1774 2054 2565 2053
f 1770 2049 2565 2054
f 1772 2055 2566 2058
f 1776 2056 2566 2055
f 1775 2057 2566 2056
f 1771 2058 2566 2057
f 1775 2059 2567 2057
f 1779 2060 2567 2059
f 1773 2048 2567 2060
f 1771 2057 2567 2048
f 1779 2061 2568 2060
f 1781 2062 2568 2061
f 1777 2052 2568 2062
f 1773 2060 2568 2052
f 1776 2063 2569 2056
f 1780 2064 2569 2063
f 1784 2065 2569 2064
f 1775 2056 2569 2065
f 1784 2066 2570 2065
f 1785 2067 2570 2066
f 1779 2059 2570 2067
f 1775 2065 2570 2059
f 1781 2068 2571 2062
f 1783 2069 2571 2068
f 1778 2070 2571 2069
f 1777 2062 2571 2070
f 1783 2071 2572 2069
f 1786 2072 2572 2071
f 1782 2073 2572 2072
f 1778 2069 2572 2073
f 1785 2074 2573 2067
f 1787 2075 2573 2074
f 1781 2061 2573 2075
f 1779 2067 2573 2061
f 1789 2076 2574 2078
f 1793 2077 2574 2076
f 1784 2064 2574 2077
f 1780 2078 2574 2064
f 1787 2079 2575 2075
f 1795 2080 2575 2079
f 1783 2068 2575 2080
f 1781 2075 2575 2068
f 1795 2081 2576 2080
f 1791 2082 2576 2081
f 1786 2071 2576 2082
f 1783 2080 2576 2071
f 1793 2083 2577 2077
f 1788 2084 2577 2083
f 1785 2066 2577 2084
f 1784 2077 2577 2066
f 1788 2085 2578 2084
f 1796 2086 2578 2085
f 1787 2074 2578 2086
f 1785 2084 2578 2074
f 1796 2087 2579 2086
f 1799 2088 2579 2087
f 1795 2079 2579 2088
f 1787 2086 2579 2079
f 1793 2089 2580 2083
f 1798 2090 2580 2089
f 1797 2091 2580 2090
f 1788 2083 2580 2091
f 1797 2092 2581 2091
f 1805 2093 2581 2092
f 1796 2085 2581 2093
f 1788 2091 2581 2085
f 1790 2094 2582 2097
f 1794 2095 2582 2094
f 1800 2096 2582 2095
f 1789 2097 2582 2096
f 1800 2098 2583 2096
f 1798 2089 2583 2098
f 1793 2076 2583 2089
f 1789 2096 2583 2076
f 1795 2088 2584 2081
f 1799 2099 2584 2088
f 1802 2100 2584 2099
f 1791 2081 2584 2100
f 1802 2101 2585 2100
f 1803 2102 2585 2101
f 1792 2103 2585 2102
f 1791 2100 2585 2103
f 1807 2104 2586 2106
f 1811 2105 2586 2104
f 1800 2095 2586 2105
f 1794 2106 2586 2095
f 1805 2107 2587 2093
f 1809 2108 2587 2107
f 1799 2087 2587 2108
f 1796 2093 2587 2087
f 1798 2109 2588 2090
f 1810 2110 2588 2109
f 1816 2111 2588 2110
f 1797 2090 2588 2111
f 1816 2112 2589 2111
f 1817 2113 2589 2112
f 1805 2092 2589 2113
f 1797 2111 2589 2092
f 1800 2105 2590 2098
f 1811 2114 2590 2105
f 1810 2109 2590 2114
f 1798 2098 2590 2109
f 1809 2115 2591 2108
f 1808 2116 2591 2115
f 1802 2099 2591 2116
f 1799 2108 2591 2099
f 1813 2117 2592 2120
f 1821 2118 2592 2117
f 1807 2119 2592 2118
f 1801 2120 2592 2119
f 1808 2121 2593 2116
f 1812 2122 2593 2121
f 1803 2101 2593 2122
f 1802 2116 2593 2101
f 1812 2123 2594 2122
f 1806 2124 2594 2123
f 1804 2125 2594 2124
f 1803 2122 2594 2125
f 1817 2126 2595 2113
f 1818 2127 2595 2126
f 1809 2107 2595 2127
f 1805 2113 2595 2107
f 1812 2128 2596 2123
f 1814 2129 2596 2128
f 1815 2130 2596 2129
f 1806 2123 2596 2130
f 1815 2131 2597 2130
f 1819 2132 2597 2131
f 1824 2133 2597 2132
f 1806 2130 2597 2133
f 1821 2134 2598 2118
f 1827 2135 2598 2134
f 1811 2104 2598 2135
f 1807 2118 2598 2104
f 1809 2127 2599 2115
f 1818 2136 2599 2127
f 1820 2137 2599 2136
f 1808 2115 2599 2137
f 1820 2138 2600 2137
f 1814 2128 2600 2138
f 1812 2121 2600 2128
f 1808 2137 2600 2121
f 1811 2135 2601 2114
f 1827 2139 2601 2135
f 1826 2140 2601 2139
f 1810 2114 2601 2140
f 1826 2141 2602 2140
f 1831 2142 2602 2141
f 1816 2110 2602 2142
f 1810 2140 2602 2110
f 1822 2143 2603 2145
f 1833 2144 2603 2143
f 1821 2117 2603 2144
f 1813 2145 2603 2117
f 1820 2146 2604 2138
f 1828 2147 2604 2146
f 1829 2148 2604 2147
f 1814 2138 2604 2148
f 1829 2149 2605 2148
f 1823 2150 2605 2149
f 1815 2129 2605 2150
f 1814 2148 2605 2129
f 1823 2151 2606 2150
f 1825 2152 2606 2151
f 1819 2131 2606 2152
f 1815 2150 2606 2131
f 1831 2153 2607 2142
f 1834 2154 2607 2153
f 1817 2112 2607 2154
f 1816 2142 2607 2112
f 1834 2155 2608 2154
f 1832 2156 2608 2155
f 1818 2126 2608 2156
f 1817 2154 2608 2126
f 1832 2157 2609 2156
f 1828 2146 2609 2157
f 1820 2136 2609 2146
f 1818 2156 2609 2136
f 1825 2158 2610 2152
f 1830 2159 2610 2158
f 1836 2160 2610 2159
f 1819 2152 2610 2160
f 1836 2161 2611 2160
f 1838 2162 2611 2161
f 1824 2132 2611 2162
f 1819 2160 2611 2132
f 1833 2163 2612 2144
f 1837 2164 2612 2163
f 1827 2134 2612 2164
f 1821 2144 2612 2134
f 1835 2165 2613 2167
f 1849 2166 2613 2165
f 1833 2143 2613 2166
f 1822 2167 2613 2143
f 1829 2168 2614 2149
f 1844 2169 2614 2168
f 1843 2170 2614 2169
f 1823 2149 2614 2170
f 1843 2171 2615 2170
f 1840 2172 2615 2171
f 1825 2151 2615 2172
f 1823 2170 2615 2151
f 1840 2173 2616 2172
f 2047 2174 2616 2173
f 1830 2158 2616 2174
f 1825 2172 2616 2158
f 1827 2164 2617 2139
f 1837 2175 2617 2164
f 1841 2176 2617 2175
f 1826 2139 2617 2176
f 1841 2177 2618 2176
f 1846 2178 2618 2177
f 1831 2141 2618 2178
f 1826 2176 2618 2141
f 1832 2179 2619 2157
f 1850 2180 2619 2179
f 1848 2181 2619 2180
f 1828 2157 2619 2181
f 1848 2182 2620 2181
f 1844 2168 2620 2182
f 1829 2147 2620 2168
f 1828 2181 2620 2147
f 2047 2183 2621 2174
f 1845 2184 2621 2183
f 1839 2185 2621 2184
f 1830 2174 2621 2185
f 1839 2186 2622 2185
f 1858 2187 2622 2186
f 1836 2159 2622 2187
f 1830 2185 2622 2159
f 1846 2188 2623 2178
f 1847 2189 2623 2188
f 1834 2153 2623 2189
f 1831 2178 2623 2153
f 1834 2189 2624 2155
f 1847 2190 2624 2189
f 1850 2179 2624 2190
f 1832 2155 2624 2179
f 1849 2191 2625 2166
f 1852 2192 2625 2191
f 1837 2163 2625 2192
f 1833 2166 2625 2163
f 1842 2193 2626 2195
f 1855 2194 2626 2193
f 1849 2165 2626 2194
f 1835 2195 2626 2165
f 1852 2196 2627 2192
f 1854 2197 2627 2196
f 1841 2175 2627 2197
f 1837 2192 2627 2175
f 1845 2198 2628 2184
f 1859 2199 2628 2198
f 1865 2200 2628 2199
f 1839 2184 2628 2200
f 1865 2201 2629 2200
f 1863 2202 2629 2201
f 1858 2186 2629 2202
f 1839 2200 2629 2186
f 1843 2203 2630 2171
f 1856 2204 2630 2203
f 1860 2205 2630 2204
f 1840 2171 2630 2205
f 1860 2206 2631 2205
f 1845 2183 2631 2206
f 2047 2173 2631 2183
f 1840 2205 2631 2173
f 1854 2207 2632 2197
f 1861 2208 2632 2207
f 1846 2177 2632 2208
f 1841 2197 2632 2177
f 1853 2209 2633 2211
f 1871 2210 2633 2209
f 1855 2193 2633 2210
f 1842 2211 2633 2193
f 1844 2212 2634 2169
f 1857 2213 2634 2212
f 1856 2203 2634 2213
f 1843 2169 2634 2203
f 1848 2214 2635 2182
f 1866 2215 2635 2214
f 1857 2212 2635 2215
f 1844 2182 2635 2212
f 1860 2216 2636 2206
f 1873 2217 2636 2216
f 1859 2198 2636 2217
f 1845 2206 2636 2198
f 1861 2218 2637 2208
f 1851 2219 2637 2218
f 1847 2188 2637 2219
f 1846 2208 2637 2188
f 1851 2220 2638 2219
f 1868 2221 2638 2220
f 1850 2190 2638 2221
f 1847 2219 2638 2190
f 1850 2221 2639 2180
f 1868 2222 2639 2221
f 1866 2214 2639 2222
f 1848 2180 2639 2214
f 1855 2223 2640 2194
f 1870 2224 2640 2223
f 1852 2191 2640 2224
f 1849 2194 2640 2191
f 1861 2225 2641 2218
f 1867 2226 2641 2225
f 1862 2227 2641 2226
f 1851 2218 2641 2227
f 1862 2228 2642 2227
f 1874 2229 2642 2228
f 1868 2220 2642 2229
f 1851 2227 2642 2220
f 1870 2230 2643 2224
f 1869 2231 2643 2230
f 1854 2196 2643 2231
f 1852 2224 2643 2196
f 1875 2232 2644 2234
f 1883 2233 2644 2232
f 1871 2209 2644 2233
f 1853 2234 2644 2209
f 1869 2235 2645 2231
f 1867 2225 2645 2235
f 1861 2207 2645 2225
f 1854 2231 2645 2207
f 1871 2236 2646 2210
f 1884 2237 2646 2236
f 1870 2223 2646 2237
f 1855 2210 2646 2223
f 1857 2238 2647 2213
f 1872 2239 2647 2238
f 1880 2240 2647 2239
f 1856 2213 2647 2240
f 1880 2241 2648 2240
f 1873 2216 2648 2241
f 1860 2204 2648 2216
f 1856 2240 2648 2204
f 1866 2242 2649 2215
f 1887 2243 2649 2242
f 1872 2238 2649 2243
f 1857 2215 2649 2238
f 1873 2244 2650 2217
f 1876 2245 2650 2244
f 1864 2246 2650 2245
f 1859 2217 2650 2246
f 1864 2247 2651 2246
f 1881 2248 2651 2247
f 1865 2199 2651 2248
f 1859 2246 2651 2199
f 1867 2249 2652 2226
f 1877 2250 2652 2249
f 1878 2251 2652 2250
f 1862 2226 2652 2251
f 1878 2252 2653 2251
f 1882 2253 2653 2252
f 1874 2228 2653 2253
f 1862 2251 2653 2228
f 1865 2248 2654 2201
f 1881 2254 2654 2248
f 1888 2255 2654 2254
f 1863 2201 2654 2255
f 1876 2256 2655 2245
f 1898 2257 2655 2256
f 1889 2258 2655 2257
f 1864 2245 2655 2258
f 1889 2259 2656 2258
f 1896 2260 2656 2259
f 1881 2247 2656 2260
f 1864 2258 2656 2247
f 1868 2229 2657 2222
f 1874 2261 2657 2229
f 1887 2242 2657 2261
f 1866 2222 2657 2242
f 1869 2262 2658 2235
f 1891 2263 2658 2262
f 1877 2249 2658 2263
f 1867 2235 2658 2249
f 1870 2237 2659 2230
f 1884 2264 2659 2237
f 1891 2262 2659 2264
f 1869 2230 2659 2262
f 1883 2265 2660 2233
f 1904 2266 2660 2265
f 1884 2236 2660 2266
f 1871 2233 2660 2236
f 1887 2267 2661 2243
f 1886 2268 2661 2267
f 1885 2269 2661 2268
f 1872 2243 2661 2269
f 1885 2270 2662 2269
f 1890 2271 2662 2270
f 1880 2239 2662 2271
f 1872 2269 2662 2239
f 1880 2271 2663 2241
f 1890 2272 2663 2271
f 1876 2244 2663 2272
f 1873 2241 2663 2244
f 1882 2273 2664 2253
f 1886 2267 2664 2273
f 1887 2261 2664 2267
f 1874 2253 2664 2261
f 1892 2274 2665 2276
f 1895 2275 2665 2274
f 1883 2232 2665 2275
f 1875 2276 2665 2232
f 1890 2277 2666 2272
f 1899 2278 2666 2277
f 1898 2256 2666 2278
f 1876 2272 2666 2256
f 1891 2279 2667 2263
f 1893 2280 2667 2279
f 1900 2281 2667 2280
f 1877 2263 2667 2281
f 1900 2282 2668 2281
f 1907 2283 2668 2282
f 1878 2250 2668 2283
f 1877 2281 2668 2250
f 1907 2284 2669 2283
f 1901 2285 2669 2284
f 1882 2252 2669 2285
f 1878 2283 2669 2252
f 1894 2286 2670 2289
f 1902 2287 2670 2286
f 1903 2288 2670 2287
f 1879 2289 2670 2288
f 1903 2290 2671 2288
f 1895 2274 2671 2290
f 1892 2291 2671 2274
f 1879 2288 2671 2291
f 1901 2292 2672 2285
f 1909 2293 2672 2292
f 1886 2273 2672 2293
f 1882 2285 2672 2273
f 1895 2294 2673 2275
f 1908 2295 2673 2294
f 1904 2265 2673 2295
f 1883 2275 2673 2265
f 1904 2296 2674 2266
f 1893 2279 2674 2296
f 1891 2264 2674 2279
f 1884 2266 2674 2264
f 1886 2293 2675 2268
f 1909 2297 2675 2293
f 1905 2298 2675 2297
f 1885 2268 2675 2298
f 1905 2299 2676 2298
f 1899 2277 2676 2299
f 1890 2270 2676 2277
f 1885 2298 2676 2270
f 1898 2300 2677 2257
f 1916 2301 2677 2300
f 1897 2302 2677 2301
f 1889 2257 2677 2302
f 1897 2303 2678 2302
f 1912 2304 2678 2303
f 1896 2259 2678 2304
f 1889 2302 2678 2259
f 1904 2295 2679 2296
f 1908 2305 2679 2295
f 1906 2306 2679 2305
f 1893 2296 2679 2306
f 1906 2307 2680 2306
f 1913 2308 2680 2307
f 1900 2280 2680 2308
f 1893 2306 2680 2280
f 1903 2309 2681 2290
f 1921 2310 2681 2309
f 1908 2294 2681 2310
f 1895 2290 2681 2294
f 1916 2311 2682 2301
f 1937 2312 2682 2311
f 1911 2313 2682 2312
f 1897 2301 2682 2313
f 1911 2314 2683 2313
f 1923 2315 2683 2314
f 1912 2303 2683 2315
f 1897 2313 2683 2303
f 1899 2316 2684 2278
f 1924 2317 2684 2316
f 1916 2300 2684 2317
f 1898 2278 2684 2300
f 1905 2318 2685 2299
f 1925 2319 2685 2318
f 1924 2316 2685 2319
f 1899 2299 2685 2316
f 1913 2320 2686 2308
f 1914 2321 2686 2320
f 1907 2282 2686 2321
f 1900 2308 2686 2282
f 1907 2321 2687 2284
f 1914 2322 2687 2321
f 1910 2323 2687 2322
f 1901 2284 2687 2323
f 1910 2324 2688 2323
f 1922 2325 2688 2324
f 1909 2292 2688 2325
f 1901 2323 2688 2292
f 1915 2326 2689 2329
f 1919 2327 2689 2326
f 1918 2328 2689 2327
f 1902 2329 2689 2328
f 1918 2330 2690 2328
f 1921 2309 2690 2330
f 1903 2287 2690 2309
f 1902 2328 2690 2287
f 1909 2325 2691 2297
f 1922 2331 2691 2325
f 1925 2318 2691 2331
f 1905 2297 2691 2318
f 1908 2310 2692 2305
f 1921 2332 2692 2310
f 1926 2333 2692 2332
f 1906 2305 2692 2333
f 1926 2334 2693 2333
f 1931 2335 2693 2334
f 1913 2307 2693 2335
f 1906 2333 2693 2307
f 1914 2336 2694 2322
f 1917 2337 2694 2336
f 1928 2338 2694 2337
f 1910 2322 2694 2338
f 1928 2339 2695 2338
f 1933 2340 2695 2339
f 1922 2324 2695 2340
f 1910 2338 2695 2324
f 1937 2341 2696 2312
f 1938 2342 2696 2341
f 1929 2343 2696 2342
f 1911 2312 2696 2343
f 1929 2344 2697 2343
f 1934 2345 2697 2344
f 1923 2314 2697 2345
f 1911 2343 2697 2314
f 1931 2346 2698 2335
f 1917 2336 2698 2346
f 1914 2320 2698 2336
f 1913 2335 2698 2320
f 1920 2347 2699 2349
f 1946 2348 2699 2347
f 1919 2326 2699 2348
f 1915 2349 2699 2326
f 1924 2350 2700 2317
f 1936 2351 2700 2350
f 1937 2311 2700 2351
f 1916 2317 2700 2311
f 1931 2352 2701 2346
f 1945 2353 2701 2352
f 1944 2354 2701 2353
f 1917 2346 2701 2354
f 1944 2355 2702 2354
f 1940 2356 2702 2355
f 1928 2337 2702 2356
f 1917 2354 2702 2337
f 1919 2357 2703 2327
f 1927 2358 2703 2357
f 1939 2359 2703 2358
f 1918 2327 2703 2359
f 1939 2360 2704 2359
f 1926 2332 2704 2360
f 1921 2330 2704 2332
f 1918 2359 2704 2330
f 1946 2361 2705 2348
f 1949 2362 2705 2361
f 1927 2357 2705 2362
f 1919 2348 2705 2357
f 1933 2363 2706 2340
f 1935 2364 2706 2363
f 1925 2331 2706 2364
f 1922 2340 2706 2331
f 1925 2364 2707 2319
f 1935 2365 2707 2364
f 1936 2350 2707 2365
f 1924 2319 2707 2350
f 1939 2366 2708 2360
f 1945 2352 2708 2366
f 1931 2334 2708 2352
f 1926 2360 2708 2334
f 1949 2367 2709 2362
f 1950 2368 2709 2367
f 1932 2369 2709 2368
f 1927 2362 2709 2369
f 1932 2370 2710 2369
f 1945 2366 2710 2370
f 1939 2358 2710 2366
f 1927 2369 2710 2358
f 1940 2371 2711 2356
f 1947 2372 2711 2371
f 1933 2339 2711 2372
f 1928 2356 2711 2339
f 1938 2373 2712 2342
f 1943 2374 2712 2373
f 1930 2375 2712 2374
f 1929 2342 2712 2375
f 1930 2376 2713 2375
f 1941 2377 2713 2376
f 1934 2344 2713 2377
f 1929 2375 2713 2344
f 1943 2378 2714 2374
f 1955 2379 2714 2378
f 1942 2380 2714 2379
f 1930 2374 2714 2380
f 1942 2381 2715 2380
f 1954 2382 2715 2381
f 1941 2376 2715 2382
f 1930 2380 2715 2376
f 1950 2383 2716 2368
f 1965 2384 2716 2383
f 1958 2385 2716 2384
f 1932 2368 2716 2385
f 1958 2386 2717 2385
f 1944 2353 2717 2386
f 1945 2370 2717 2353
f 1932 2385 2717 2370
f 1947 2387 2718 2372
f 1948 2388 2718 2387
f 1935 2363 2718 2388
f 1933 2372 2718 2363
f 1948 2389 2719 2388
f 1956 2390 2719 2389
f 1936 2365 2719 2390
f 1935 2388 2719 2365
f 1956 2391 2720 2390
f 1938 2341 2720 2391
f 1937 2351 2720 2341
f 1936 2390 2720 2351
f 1956 2392 2721 2391
f 1957 2393 2721 2392
f 1943 2373 2721 2393
f 1938 2391 2721 2373
f 1944 2386 2722 2355
f 1958 2394 2722 2386
f 1960 2395 2722 2394
f 1940 2355 2722 2395
f 1960 2396 2723 2395
f 1953 2397 2723 2396
f 1947 2371 2723 2397
f 1940 2395 2723 2371
f 1954 2398 2724 2382
f 1972 2399 2724 2398
f 1961 2400 2724 2399
f 1941 2382 2724 2400
f 1955 2401 2725 2379
f 1969 2402 2725 2401
f 1962 2403 2725 2402
f 1942 2379 2725 2403
f 1962 2404 2726 2403
f 1978 2405 2726 2404
f 1954 2381 2726 2405
f 1942 2403 2726 2381
f 1957 2406 2727 2393
f 1964 2407 2727 2406
f 1955 2378 2727 2407
f 1943 2393 2727 2378
f 1951 2408 2728 2410
f 1967 2409 2728 2408
f 1949 2361 2728 2409
f 1946 2410 2728 2361
f 1953 2411 2729 2397
f 1952 2412 2729 2411
f 1948 2387 2729 2412
f 1947 2397 2729 2387
f 1952 2413 2730 2412
f 1957 2392 2730 2413
f 1956 2389 2730 2392
f 1948 2412 2730 2389
f 1967 2414 2731 2409
f 1966 2415 2731 2414
f 1950 2367 2731 2415
f 1949 2409 2731 2367
f 1966 2416 2732 2415
f 1975 2417 2732 2416
f 1965 2383 2732 2417
f 1950 2415 2732 2383
f 1968 2418 2733 2420
f 1977 2419 2733 2418
f 1967 2408 2733 2419
f 1951 2420 2733 2408
f 1953 2421 2734 2411
f 1970 2422 2734 2421
f 1963 2423 2734 2422
f 1952 2411 2734 2423
f 1963 2424 2735 2423
f 1964 2406 2735 2424
f 1957 2413 2735 2406
f 1952 2423 2735 2413
f 1960 2425 2736 2396
f 1959 2426 2736 2425
f 1970 2421 2736 2426
f 1953 2396 2736 2421
f 1964 2427 2737 2407
f 1979 2428 2737 2427
f 1969 2401 2737 2428
f 1955 2407 2737 2401
f 1965 2429 2738 2384
f 1959 2425 2738 2429
f 1960 2394 2738 2425
f 1958 2384 2738 2394
f 1965 2417 2739 2429
f 1975 2430 2739 2417
f 1971 2431 2739 2430
f 1959 2429 2739 2431
f 1971 2432 2740 2431
f 1974 2433 2740 2432
f 1970 2426 2740 2433
f 1959 2431 2740 2426
f 1969 2434 2741 2402
f 1982 2435 2741 2434
f 1973 2436 2741 2435
f 1962 2402 2741 2436
f 1973 2437 2742 2436
f 1991 2438 2742 2437
f 1978 2404 2742 2438
f 1962 2436 2742 2404
f 1970 2433 2743 2422
f 1974 2439 2743 2433
f 1980 2440 2743 2439
f 1963 2422 2743 2440
f 1980 2441 2744 2440
f 1979 2427 2744 2441
f 1964 2424 2744 2427
f 1963 2440 2744 2424
f 1967 2419 2745 2414
f 1977 2442 2745 2419
f 1976 2443 2745 2442
f 1966 2414 2745 2443
f 1976 2444 2746 2443
f 1981 2445 2746 2444
f 1975 2416 2746 2445
f 1966 2443 2746 2416
f 1979 2446 2747 2428
f 1987 2447 2747 2446
f 1982 2434 2747 2447
f 1969 2428 2747 2434
f 1975 2445 2748 2430
f 1981 2448 2748 2445
f 1985 2449 2748 2448
f 1971 2430 2748 2449
f 1985 2450 2749 2449
f 1984 2451 2749 2450
f 1974 2432 2749 2451
f 1971 2449 2749 2432
f 1982 2452 2750 2435
f 1992 2453 2750 2452
f 1983 2454 2750 2453
f 1973 2435 2750 2454
f 1983 2455 2751 2454
f 1993 2456 2751 2455
f 1991 2437 2751 2456
f 1973 2454 2751 2437
f 1984 2457 2752 2451
f 1988 2458 2752 2457
f 1980 2439 2752 2458
f 1974 2451 2752 2439
f 1977 2459 2753 2442
f 1990 2460 2753 2459
f 1986 2461 2753 2460
f 1976 2442 2753 2461
f 1986 2462 2754 2461
f 1989 2463 2754 2462
f 1981 2444 2754 2463
f 1976 2461 2754 2444
f 1980 2458 2755 2441
f 1988 2464 2755 2458
f 1987 2446 2755 2464
f 1979 2441 2755 2446
f 1989 2465 2756 2463
f 1994 2466 2756 2465
f 1985 2448 2756 2466
f 1981 2463 2756 2448
f 1987 2467 2757 2447
f 1995 2468 2757 2467
f 1992 2452 2757 2468
f 1982 2447 2757 2452
f 1992 2469 2758 2453
f 1996 2470 2758 2469
f 1998 2471 2758 2470
f 1983 2453 2758 2471
f 1998 2472 2759 2471
f 2002 2473 2759 2472
f 1993 2455 2759 2473
f 1983 2471 2759 2455
f 1985 2466 2760 2450
f 1994 2474 2760 2466
f 1999 2475 2760 2474
f 1984 2450 2760 2475
f 1999 2476 2761 2475
f 2000 2477 2761 2476
f 1988 2457 2761 2477
f 1984 2475 2761 2457
f 1990 2478 2762 2460
f 2005 2479 2762 2478
f 2004 2480 2762 2479
f 1986 2460 2762 2480
f 2004 2481 2763 2480
f 2013 2482 2763 2481
f 1989 2462 2763 2482
f 1986 2480 2763 2462
f 1988 2477 2764 2464
f 2000 2483 2764 2477
f 1995 2467 2764 2483
f 1987 2464 2764 2467
f 2013 2484 2765 2482
f 2010 2485 2765 2484
f 1994 2465 2765 2485
f 1989 2482 2765 2465
f 1995 2486 2766 2468
f 2003 2487 2766 2486
f 1996 2469 2766 2487
f 1992 2468 2766 2469
f 2010 2488 2767 2485
f 2011 2489 2767 2488
f 1999 2474 2767 2489
f 1994 2485 2767 2474
f 2000 2490 2768 2483
f 2006 2491 2768 2490
f 2003 2486 2768 2491
f 1995 2483 2768 2486
f 2003 2492 2769 2487
f 2007 2493 2769 2492
f 2001 2494 2769 2493
f 1996 2487 2769 2494
f 2001 2495 2770 2494
f 1997 2496 2770 2495
f 1998 2470 2770 2496
f 1996 2494 2770 2470
f 2001 2497 2771 2495
f 2009 2498 2771 2497
f 2017 2499 2771 2498
f 1997 2495 2771 2499
f 2011 2500 2772 2489
f 2006 2490 2772 2500
f 2000 2476 2772 2490
f 1999 2489 2772 2476
f 2007 2501 2773 2493
f 2008 2502 2773 2501
f 2009 2497 2773 2502
f 2001 2493 2773 2497
f 2006 2503 2774 2491
f 2014 2504 2774 2503
f 2007 2492 2774 2504
f 2003 2491 2774 2492
f 2018 2505 2775 2507
f 2020 2506 2775 2505
f 2013 2481 2775 2506
f 2004 2507 2775 2481
f 2011 2508 2776 2500
f 2021 2509 2776 2508
f 2014 2503 2776 2509
f 2006 2500 2776 2503
f 2014 2510 2777 2504
f 2023 2511 2777 2510
f 2008 2501 2777 2511
f 2007 2504 2777 2501
f 2023 2512 2778 2511
f 2015 2513 2778 2512
f 2012 2514 2778 2513
f 2008 2511 2778 2514
f 2012 2515 2779 2514
f 2025 2516 2779 2515
f 2009 2502 2779 2516
f 2008 2514 2779 2502
f 2013 2506 2780 2484
f 2020 2517 2780 2506
f 2026 2518 2780 2517
f 2010 2484 2780 2518
f 2026 2519 2781 2518
f 2021 2508 2781 2519
f 2011 2488 2781 2508
f 2010 2518 2781 2488
f 2015 2520 2782 2513
f 2031 2521 2782 2520
f 2016 2522 2782 2521
f 2012 2513 2782 2522
f 2021 2523 2783 2509
f 2022 2524 2783 2523
f 2023 2510 2783 2524
f 2014 2509 2783 2510
f 2023 2524 2784 2512
f 2022 2525 2784 2524
f 2028 2526 2784 2525
f 2015 2512 2784 2526
f 2028 2527 2785 2526
f 2030 2528 2785 2527
f 2031 2520 2785 2528
f 2015 2526 2785 2520
f 2031 2529 2786 2521
f 2032 2530 2786 2529
f 2024 2531 2786 2530
f 2016 2521 2786 2531
f 2019 2532 2787 2534
f 2027 2533 2787 2532
f 2020 2505 2787 2533
f 2018 2534 2787 2505
f 2027 2535 2788 2533
f 2036 2536 2788 2535
f 2026 2517 2788 2536
f 2020 2533 2788 2517
f 2026 2536 2789 2519
f 2036 2537 2789 2536
f 2022 2523 2789 2537
f 2021 2519 2789 2523
f 2036 2538 2790 2537
f 2029 2539 2790 2538
f 2028 2525 2790 2539
f 2022 2537 2790 2525
f 2035 2540 2791 2541
f 2029 2538 2791 2540
f 2036 2535 2791 2538
f 2027 2541 2791 2535
f 2029 2542 2792 2539
f 2033 2543 2792 2542
f 2030 2527 2792 2543
f 2028 2539 2792 2527
f 2035 2544 2793 2540
f 2034 2545 2793 2544
f 2033 2542 2793 2545
f 2029 2540 2793 2542
f 2033 2546 2794 2543
f 2042 2547 2794 2546
f 2037 2548 2794 2547
f 2030 2543 2794 2548
f 2037 2549 2795 2548
f 2032 2529 2795 2549
f 2031 2528 2795 2529
f 2030 2548 2795 2528
f 2037 2550 2796 2549
f 2038 2551 2796 2550
f 2039 2552 2796 2551
f 2032 2549 2796 2552
f 2034 2553 2797 2545
f 2040 2554 2797 2553
f 2042 2546 2797 2554
f 2033 2545 2797 2546
f 2042 2555 2798 2547
f 2046 2556 2798 2555
f 2038 2550 2798 2556
f 2037 2547 2798 2550
f 2046 2557 2799 2556
f 2044 2558 2799 2557
f 2043 2559 2799 2558
f 2038 2556 2799 2559
f 2041 2560 2800 2561
f 2046 2555 2800 2560
f 2042 2554 2800 2555
f 2040 2561 2800 2554
f 2045 2562 2801 2563
f 2044 2557 2801 2562
f 2046 2560 2801 2557
f 2041 2563 2801 2560
f 2857 3008 3327 3011
f 2845 3009 3327 3008
f 2833 3010 3327 3009
f 2802 3011 3327 3010
f 2833 3012 3328 3010
f 2832 3013 3328 3012
f 2803 3014 3328 3013
f 2802 3010 3328 3014
f 2832 3015 3329 3013
f 2831 3016 3329 3015
f 2804 3017 3329 3016
f 2803 3013 3329 3017
f 2831 3018 3330 3016
f 2847 3019 3330 3018
f 2858 3020 3330 3019
f 2804 3016 3330 3020
f 2830 3021 3331 3024
f 2829 3022 3331 3021
f 2806 3023 3331 3022
f 2805 3024 3331 3023
f 2829 3025 3332 3022
f 2828 3026 3332 3025
f 2865 3027 3332 3026
f 2806 3022 3332 3027
f 2915 3028 3333 3031
f 2868 3029 3333 3028
f 2901 3030 3333 3029
f 2807 3031 3333 3030
f 2901 3032 3334 3030
f 2870 3033 3334 3032
f 2887 3034 3334 3033
f 2807 3030 3334 3034
f 2887 3035 3335 3034
f 2886 3036 3335 3035
f 2822 3037 3335 3036
f 2807 3034 3335 3037
f 2822 3038 3336 3037
f 2808 3039 3336 3038
f 2915 3031 3336 3039
f 2807 3037 3336 3031
f 2809 3040 3337 3042
f 2861 3041 3337 3040
f 2915 3039 3337 3041
f 2808 3042 3337 3039
f 2822 3043 3338 3038
f 2850 3044 3338 3043
f 2821 3045 3338 3044
f 2808 3038 3338 3045
f 2821 3046 3339 3045
f 2820 3047 3339 3046
f 2809 3042 3339 3047
f 2808 3045 3339 3042
f 2810 3048 3340 3050
f 2860 3049 3340 3048
f 2861 3040 3340 3049
f 2809 3050 3340 3040
f 2820 3051 3341 3047
f 2811 3052 3341 3051
f 2810 3050 3341 3052
f 2809 3047 3341 3050
f 2820 3053 3342 3051
f 2819 3054 3342 3053
f 2812 3055 3342 3054
f 2811 3051 3342 3055
f 2819 3056 3343 3054
f 2817 3057 3343 3056
f 2859 3058 3343 3057
f 2812 3054 3343 3058
f 2815 3059 3344 3062
f 2852 3060 3344 3059
f 2814 3061 3344 3060
f 2813 3062 3344 3061
f 2816 3063 3345 3066
f 2817 3064 3345 3063
f 2818 3065 3345 3064
f 2815 3066 3345 3065
f 2818 3067 3346 3065
f 2824 3068 3346 3067
f 2852 3059 3346 3068
f 2815 3065 3346 3059
f 2855 3069 3347 3070
f 2859 3057 3347 3069
f 2817 3063 3347 3057
f 2816 3070 3347 3063
f 2819 3071 3348 3056
f 2851 3072 3348 3071
f 2818 3064 3348 3072
f 2817 3056 3348 3064
f 2851 3073 3349 3072
f 2826 3074 3349 3073
f 2824 3067 3349 3074
f 2818 3072 3349 3067
f 2820 3046 3350 3053
f 2821 3075 3350 3046
f 2851 3071 3350 3075
f 2819 3053 3350 3071
f 2850 3076 3351 3044
f 2826 3073 3351 3076
f 2851 3075 3351 3073
f 2821 3044 3351 3075
f 2886 3077 3352 3036
f 2823 3078 3352 3077
f 2850 3043 3352 3078
f 2822 3036 3352 3043
f 2886 3079 3353 3077
f 2865 3026 3353 3079
f 2828 3080 3353 3026
f 2823 3077 3353 3080
f 2828 3081 3354 3080
f 2838 3082 3354 3081
f 2827 3083 3354 3082
f 2823 3080 3354 3083
f 2827 3084 3355 3083
f 2826 3076 3355 3084
f 2850 3078 3355 3076
f 2823 3083 3355 3078
f 2826 3084 3356 3074
f 2827 3085 3356 3084
f 2825 3086 3356 3085
f 2824 3074 3356 3086
f 2825 3087 3357 3086
f 2853 3088 3357 3087
f 2852 3068 3357 3088
f 2824 3086 3357 3068
f 2827 3082 3358 3085
f 2838 3089 3358 3082
f 2837 3090 3358 3089
f 2825 3085 3358 3090
f 2837 3091 3359 3090
f 2854 3092 3359 3091
f 2853 3087 3359 3092
f 2825 3090 3359 3087
f 2829 3093 3360 3025
f 2839 3094 3360 3093
f 2838 3081 3360 3094
f 2828 3025 3360 3081
f 2830 3095 3361 3021
f 2844 3096 3361 3095
f 2839 3093 3361 3096
f 2829 3021 3361 3093
f 2849 3097 3362 3099
f 2848 3098 3362 3097
f 2844 3095 3362 3098
f 2830 3099 3362 3095
f 2846 3100 3363 3102
f 2841 3101 3363 3100
f 2847 3018 3363 3101
f 2831 3102 3363 3018
f 2835 3103 3364 3106
f 2843 3104 3364 3103
f 2842 3105 3364 3104
f 2834 3106 3364 3105
f 2836 3107 3365 3109
f 2840 3108 3365 3107
f 2843 3103 3365 3108
f 2835 3109 3365 3103
f 2854 3091 3366 3111
f 2837 3110 3366 3091
f 2840 3107 3366 3110
f 2836 3111 3366 3107
f 2838 3094 3367 3089
f 2839 3112 3367 3094
f 2840 3110 3367 3112
f 2837 3089 3367 3110
f 2844 3113 3368 3096
f 2843 3108 3368 3113
f 2840 3112 3368 3108
f 2839 3096 3368 3112
f 2842 3114 3369 3116
f 2848 3115 3369 3114
f 2847 3101 3369 3115
f 2841 3116 3369 3101
f 2843 3113 3370 3104
f 2844 3098 3370 3113
f 2848 3114 3370 3098
f 2842 3104 3370 3114
f 2848 3097 3371 3115
f 2849 3117 3371 3097
f 2858 3019 3371 3117
f 2847 3115 3371 3019
f 2879 3118 3372 3121
f 2878 3119 3372 3118
f 2872 3120 3372 3119
f 2860 3121 3372 3120
f 2872 3122 3373 3120
f 2862 3123 3373 3122
f 2861 3049 3373 3123
f 2860 3120 3373 3049
f 2862 3124 3374 3123
f 2868 3028 3374 3124
f 2915 3041 3374 3028
f 2861 3123 3374 3041
f 2863 3125 3375 3127
f 2867 3126 3375 3125
f 2868 3124 3375 3126
f 2862 3127 3375 3124
f 2864 3128 3376 3130
f 2866 3129 3376 3128
f 2867 3125 3376 3129
f 2863 3130 3376 3125
f 2869 3131 3377 3132
f 2901 3029 3377 3131
f 2868 3126 3377 3029
f 2867 3132 3377 3126
f 2865 3079 3378 3134
f 2886 3035 3378 3079
f 2887 3133 3378 3035
f 2871 3134 3378 3133
f 2938 3135 3379 3138
f 2896 3136 3379 3135
f 2874 3137 3379 3136
f 2873 3138 3379 3137
f 2896 3139 3380 3136
f 2897 3140 3380 3139
f 2934 3141 3380 3140
f 2874 3136 3380 3141
f 2898 3142 3381 3145
f 2899 3143 3381 3142
f 2876 3144 3381 3143
f 2875 3145 3381 3144
f 2934 3140 3382 3147
f 2897 3146 3382 3140
f 2898 3145 3382 3146
f 2875 3147 3382 3145
f 2899 3148 3383 3143
f 2900 3149 3383 3148
f 2877 3150 3383 3149
f 2876 3143 3383 3150
f 2856 3151 3384 3154
f 2895 3152 3384 3151
f 2938 3153 3384 3152
f 2878 3154 3384 3153
f 2879 3155 3385 3118
f 2894 3156 3385 3155
f 2856 3154 3385 3156
f 2878 3118 3385 3154
f 2941 3157 3386 3159
f 2893 3158 3386 3157
f 2894 3155 3386 3158
f 2879 3159 3386 3155
f 2892 3160 3387 3163
f 2941 3161 3387 3160
f 2932 3162 3387 3161
f 2880 3163 3387 3162
f 2947 3164 3388 3166
f 2891 3165 3388 3164
f 2892 3163 3388 3165
f 2880 3166 3388 3163
f 2891 3164 3389 3169
f 2947 3167 3389 3164
f 2881 3168 3389 3167
f 2890 3169 3389 3168
f 2925 3170 3390 3173
f 2888 3171 3390 3170
f 2885 3172 3390 3171
f 2884 3173 3390 3172
f 2925 3174 3391 3170
f 2909 3175 3391 3174
f 2908 3176 3391 3175
f 2888 3170 3391 3176
f 2908 3177 3392 3176
f 2889 3178 3392 3177
f 2931 3179 3392 3178
f 2888 3176 3392 3179
f 2908 3180 3393 3177
f 2905 3181 3393 3180
f 2907 3182 3393 3181
f 2889 3177 3393 3182
f 2907 3183 3394 3182
f 2892 3165 3394 3183
f 2891 3184 3394 3165
f 2889 3182 3394 3184
f 2891 3169 3395 3184
f 2890 3185 3395 3169
f 2931 3178 3395 3185
f 2889 3184 3395 3178
f 2963 3186 3396 3189
f 2964 3187 3396 3186
f 2962 3188 3396 3187
f 2975 3189 3396 3188
f 2907 3190 3397 3183
f 2893 3157 3397 3190
f 2941 3160 3397 3157
f 2892 3183 3397 3160
f 2906 3191 3398 3193
f 2930 3192 3398 3191
f 2894 3158 3398 3192
f 2893 3193 3398 3158
f 2907 3181 3399 3190
f 2905 3194 3399 3181
f 2906 3193 3399 3194
f 2893 3190 3399 3193
f 2930 3195 3400 3192
f 2895 3151 3400 3195
f 2856 3156 3400 3151
f 2894 3192 3400 3156
f 2930 3196 3401 3195
f 2914 3197 3401 3196
f 2903 3198 3401 3197
f 2895 3195 3401 3198
f 2903 3199 3402 3198
f 2896 3135 3402 3199
f 2938 3152 3402 3135
f 2895 3198 3402 3152
f 2903 3200 3403 3199
f 2904 3201 3403 3200
f 2897 3139 3403 3201
f 2896 3199 3403 3139
f 2904 3202 3404 3201
f 2902 3203 3404 3202
f 2898 3146 3404 3203
f 2897 3201 3404 3146
f 2929 3204 3405 3206
f 2912 3205 3405 3204
f 2906 3194 3405 3205
f 2905 3206 3405 3194
f 2908 3175 3406 3180
f 2909 3207 3406 3175
f 2929 3206 3406 3207
f 2905 3180 3406 3206
f 2912 3208 3407 3205
f 2914 3196 3407 3208
f 2930 3191 3407 3196
f 2906 3205 3407 3191
f 2928 3209 3408 3211
f 2911 3210 3408 3209
f 2929 3207 3408 3210
f 2909 3211 3408 3207
f 2925 3212 3409 3174
f 2924 3213 3409 3212
f 2928 3211 3409 3213
f 2909 3174 3409 3211
f 2919 3214 3410 3217
f 2917 3215 3410 3214
f 2916 3216 3410 3215
f 2910 3217 3410 3216
f 2916 3218 3411 3216
f 2913 3219 3411 3218
f 2911 3220 3411 3219
f 2910 3216 3411 3220
f 2911 3209 3412 3220
f 2928 3221 3412 3209
f 2926 3222 3412 3221
f 2910 3220 3412 3222
f 2926 3223 3413 3222
f 2927 3224 3413 3223
f 2919 3217 3413 3224
f 2910 3222 3413 3217
f 2913 3225 3414 3219
f 2912 3204 3414 3225
f 2929 3210 3414 3204
f 2911 3219 3414 3210
f 2919 3226 3415 3214
f 2920 3227 3415 3226
f 2918 3228 3415 3227
f 2917 3214 3415 3228
f 2927 3229 3416 3224
f 2923 3230 3416 3229
f 2920 3226 3416 3230
f 2919 3224 3416 3226
f 2923 3231 3417 3230
f 2922 3232 3417 3231
f 2921 3233 3417 3232
f 2920 3230 3417 3233
f 2955 3234 3418 3235
f 2926 3221 3418 3234
f 2928 3213 3418 3221
f 2924 3235 3418 3213
f 2955 3236 3419 3234
f 2954 3237 3419 3236
f 2927 3223 3419 3237
f 2926 3234 3419 3223
f 2953 3238 3420 3240
f 2954 3236 3420 3238
f 2955 3239 3420 3236
f 2933 3240 3420 3239
f 2936 3241 3421 3244
f 2937 3242 3421 3241
f 3007 3243 3421 3242
f 2935 3244 3421 3243
f 2939 3245 3422 3247
f 2944 3246 3422 3245
f 3007 3242 3422 3246
f 2937 3247 3422 3242
f 2940 3248 3423 3250
f 2943 3249 3423 3248
f 2944 3245 3423 3249
f 2939 3250 3423 3245
f 2948 3251 3424 3254
f 2946 3252 3424 3251
f 2943 3253 3424 3252
f 2942 3254 3424 3253
f 2946 3255 3425 3252
f 2945 3256 3425 3255
f 2944 3249 3425 3256
f 2943 3252 3425 3249
f 2974 3257 3426 3260
f 2978 3258 3426 3257
f 2950 3259 3426 3258
f 2949 3260 3426 3259
f 2957 3261 3427 3264
f 2956 3262 3427 3261
f 2970 3263 3427 3262
f 2952 3264 3427 3263
f 2973 3265 3428 3268
f 2981 3266 3428 3265
f 2980 3267 3428 3266
f 2965 3268 3428 3267
f 2980 3269 3429 3267
f 2979 3270 3429 3269
f 2966 3271 3429 3270
f 2965 3267 3429 3271
f 2995 3272 3430 3275
f 2996 3273 3430 3272
f 3006 3274 3430 3273
f 2984 3275 3430 3274
f 2991 3276 3431 3279
f 2998 3277 3431 3276
f 3005 3278 3431 3277
f 2986 3279 3431 3278
f 3000 3280 3432 3283
f 3001 3281 3432 3280
f 3004 3282 3432 3281
f 2987 3283 3432 3282
f 3004 3281 3433 3286
f 3001 3284 3433 3281
f 2989 3285 3433 3284
f 2988 3286 3433 3285
f 3001 3287 3434 3284
f 2990 3288 3434 3287
f 3003 3289 3434 3288
f 2989 3284 3434 3289
f 3001 3280 3435 3287
f 3000 3290 3435 3280
f 2999 3291 3435 3290
f 2990 3287 3435 3291
f 2997 3292 3436 3294
f 3002 3293 3436 3292
f 3003 3288 3436 3293
f 2990 3294 3436 3288
f 2996 3272 3437 3297
f 2995 3295 3437 3272
f 2992 3296 3437 3295
f 2991 3297 3437 3296
f 2992 3298 3438 3296
f 2993 3299 3438 3298
f 2998 3276 3438 3299
f 2991 3296 3438 3276
f 2994 3300 3439 3302
f 2999 3301 3439 3300
f 2998 3299 3439 3301
f 2993 3302 3439 3299
f 2999 3290 3440 3301
f 3000 3303 3440 3290
f 3005 3277 3440 3303
f 2998 3301 3440 3277
f 2958 3304 3441 3307
f 2882 3305 3441 3304
f 2959 3306 3441 3305
f 2951 3307 3441 3306
f 2958 3308 3442 3311
f 2960 3309 3442 3308
f 2961 3310 3442 3309
f 2883 3311 3442 3310
f 2961 3312 3443 3310
f 2982 3313 3443 3312
f 2985 3314 3443 3313
f 2883 3310 3443 3314
f 2982 3315 3444 3313
f 2983 3316 3444 3315
f 2971 3317 3444 3316
f 2985 3313 3444 3317
f 2963 3189 3445 3320
f 2975 3318 3445 3189
f 2972 3319 3445 3318
f 2977 3320 3445 3319
f 2962 3187 3446 3323
f 2964 3321 3446 3187
f 2967 3322 3446 3321
f 2976 3323 3446 3322
f 2967 3324 3447 3322
f 2968 3325 3447 3324
f 2969 3326 3447 3325
f 2976 3322 3447 3326
f 3453 3678 4048 3681
f 3454 3679 4048 3678
f 3452 3680 4048 3679
f 3450 3681 4048 3680
f 3451 3682 4049 3684
f 3456 3683 4049 3682
f 3453 3681 4049 3683
f 3450 3684 4049 3681
f 3458 3685 4050 3687
f 3457 3686 4050 3685
f 3454 3678 4050 3686
f 3453 3687 4050 3678
f 3456 3688 4051 3683
f 3460 3689 4051 3688
f 3458 3687 4051 3689
f 3453 3683 4051 3687
f 3467 3690 4052 3692
f 3464 3691 4052 3690
f 3460 3688 4052 3691
f 3456 3692 4052 3688
f 3460 3693 4053 3689
f 3463 3694 4053 3693
f 3459 3695 4053 3694
f 3458 3689 4053 3695
f 3463 3696 4054 3694
f 3474 3697 4054 3696
f 3462 3698 4054 3697
f 3459 3694 4054 3698
f 3464 3699 4055 3691
f 3470 3700 4055 3699
f 3463 3693 4055 3700
f 3460 3691 4055 3693
f 3470 3701 4056 3700
f 3473 3702 4056 3701
f 3474 3696 4056 3702
f 3463 3700 4056 3696
f 3466 3703 4057 3705
f 3471 3704 4057 3703
f 3470 3699 4057 3704
f 3464 3705 4057 3699
f 3471 3706 4058 3704
f 3472 3707 4058 3706
f 3473 3701 4058 3707
f 3470 3704 4058 3701
f 3476 3708 4059 3710
f 3479 3709 4059 3708
f 3472 3706 4059 3709
f 3471 3710 4059 3706
f 3479 3711 4060 3709
f 3483 3712 4060 3711
f 3480 3713 4060 3712
f 3472 3709 4060 3713
f 3481 3714 4061 3716
f 3479 3708 4061 3714
f 3476 3715 4061 3708
f 3475 3716 4061 3715
f 3486 3717 4062 3720
f 3492 3718 4062 3717
f 3493 3719 4062 3718
f 3480 3720 4062 3719
f 3455 3721 4063 3724
f 3465 3722 4063 3721
f 3461 3723 4063 3722
f 3469 3724 4063 3723
f 3497 3725 4064 3728
f 3498 3726 4064 3725
f 3499 3727 4064 3726
f 3491 3728 4064 3727
f 3514 3729 4065 3732
f 3513 3730 4065 3729
f 3508 3731 4065 3730
f 3507 3732 4065 3731
f 3526 3733 4066 3736
f 3525 3734 4066 3733
f 3515 3735 4066 3734
f 3512 3736 4066 3735
f 3514 3737 4067 3729
f 3529 3738 4067 3737
f 3524 3739 4067 3738
f 3513 3729 4067 3739
f 3524 3740 4068 3739
f 3523 3741 4068 3740
f 3519 3742 4068 3741
f 3513 3739 4068 3742
f 3515 3734 4069 3744
f 3525 3743 4069 3734
f 3529 3737 4069 3743
f 3514 3744 4069 3737
f 3531 3745 4070 3748
f 3532 3746 4070 3745
f 3537 3747 4070 3746
f 3530 3748 4070 3747
f 3533 3749 4071 3752
f 3543 3750 4071 3749
f 3540 3751 4071 3750
f 3532 3752 4071 3751
f 3540 3753 4072 3751
f 3539 3754 4072 3753
f 3537 3746 4072 3754
f 3532 3751 4072 3746
f 3537 3754 4073 3757
f 3539 3755 4073 3754
f 3544 3756 4073 3755
f 3536 3757 4073 3756
f 3544 3758 4074 3756
f 3555 3759 4074 3758
f 3542 3760 4074 3759
f 3536 3756 4074 3760
f 3539 3753 4075 3763
f 3540 3761 4075 3753
f 3559 3762 4075 3761
f 3538 3763 4075 3762
f 3549 3764 4076 3765
f 3544 3755 4076 3764
f 3539 3763 4076 3755
f 3538 3765 4076 3763
f 3543 3766 4077 3750
f 3561 3767 4077 3766
f 3559 3761 4077 3767
f 3540 3750 4077 3761
f 3549 3768 4078 3764
f 3554 3769 4078 3768
f 3555 3758 4078 3769
f 3544 3764 4078 3758
f 3555 3769 4079 3772
f 3554 3770 4079 3769
f 3551 3771 4079 3770
f 3547 3772 4079 3771
f 3553 3773 4080 3775
f 3556 3774 4080 3773
f 3554 3768 4080 3774
f 3549 3775 4080 3768
f 3551 3776 4081 3779
f 3557 3777 4081 3776
f 3558 3778 4081 3777
f 3550 3779 4081 3778
f 3554 3774 4082 3770
f 3556 3780 4082 3774
f 3557 3776 4082 3780
f 3551 3770 4082 3776
f 3448 3781 4083 3783
f 3563 3782 4083 3781
f 3557 3780 4083 3782
f 3556 3783 4083 3780
f 3563 3784 4084 3782
f 3562 3785 4084 3784
f 3558 3777 4084 3785
f 3557 3782 4084 3777
f 3562 3786 4085 3785
f 3566 3787 4085 3786
f 3560 3788 4085 3787
f 3558 3785 4085 3788
f 3563 3789 4086 3784
f 3565 3790 4086 3789
f 3564 3791 4086 3790
f 3562 3784 4086 3791
f 3564 3792 4087 3791
f 3569 3793 4087 3792
f 3566 3786 4087 3793
f 3562 3791 4087 3786
f 3448 3794 4088 3781
f 3567 3795 4088 3794
f 3565 3789 4088 3795
f 3563 3781 4088 3789
f 3565 3796 4089 3790
f 3571 3797 4089 3796
f 3568 3798 4089 3797
f 3564 3790 4089 3798
f 3568 3799 4090 3798
f 3570 3800 4090 3799
f 3569 3792 4090 3800
f 3564 3798 4090 3792
f 3567 3801 4091 3795
f 3574 3802 4091 3801
f 3571 3796 4091 3802
f 3565 3795 4091 3796
f 3571 3803 4092 3797
f 3572 3804 4092 3803
f 3576 3805 4092 3804
f 3568 3797 4092 3805
f 3576 3806 4093 3805
f 3573 3807 4093 3806
f 3570 3799 4093 3807
f 3568 3805 4093 3799
f 3575 3808 4094 3810
f 3577 3809 4094 3808
f 3576 3804 4094 3809
f 3572 3810 4094 3804
f 3576 3809 4095 3806
f 3577 3811 4095 3809
f 3580 3812 4095 3811
f 3573 3806 4095 3812
f 3579 3813 4096 3815
f 3583 3814 4096 3813
f 3577 3808 4096 3814
f 3575 3815 4096 3808
f 3583 3816 4097 3814
f 3582 3817 4097 3816
f 3580 3811 4097 3817
f 3577 3814 4097 3811
f 3586 3818 4098 3820
f 3581 3819 4098 3818
f 3583 3813 4098 3819
f 3579 3820 4098 3813
f 3586 3821 4099 3818
f 3585 3822 4099 3821
f 3584 3823 4099 3822
f 3581 3818 4099 3823
f 3584 3824 4100 3823
f 3588 3825 4100 3824
f 3587 3826 4100 3825
f 3581 3823 4100 3826
f 3587 3827 4101 3826
f 3582 3816 4101 3827
f 3583 3819 4101 3816
f 3581 3826 4101 3819
f 3585 3828 4102 3822
f 3594 3829 4102 3828
f 3597 3830 4102 3829
f 3584 3822 4102 3830
f 3597 3831 4103 3830
f 3595 3832 4103 3831
f 3588 3824 4103 3832
f 3584 3830 4103 3824
f 3605 3833 4104 3836
f 3600 3834 4104 3833
f 3601 3835 4104 3834
f 3593 3836 4104 3835
f 3602 3837 4105 3839
f 3606 3838 4105 3837
f 3605 3836 4105 3838
f 3593 3839 4105 3836
f 3599 3840 4106 3843
f 3607 3841 4106 3840
f 3603 3842 4106 3841
f 3594 3843 4106 3842
f 3603 3844 4107 3842
f 3608 3845 4107 3844
f 3597 3829 4107 3845
f 3594 3842 4107 3829
f 3614 3846 4108 3849
f 3620 3847 4108 3846
f 3615 3848 4108 3847
f 3600 3849 4108 3848
f 3605 3850 4109 3833
f 3609 3851 4109 3850
f 3614 3849 4109 3851
f 3600 3833 4109 3849
f 3607 3852 4110 3841
f 3623 3853 4110 3852
f 3618 3854 4110 3853
f 3603 3841 4110 3854
f 3618 3855 4111 3854
f 3612 3856 4111 3855
f 3608 3844 4111 3856
f 3603 3854 4111 3844
f 3606 3857 4112 3838
f 3613 3858 4112 3857
f 3609 3850 4112 3858
f 3605 3838 4112 3850
f 3610 3859 4113 3861
f 3616 3860 4113 3859
f 3623 3852 4113 3860
f 3607 3861 4113 3852
f 3619 3862 4114 3864
f 3621 3863 4114 3862
f 3614 3851 4114 3863
f 3609 3864 4114 3851
f 3613 3865 4115 3858
f 3626 3866 4115 3865
f 3619 3864 4115 3866
f 3609 3858 4115 3864
f 3621 3867 4116 3863
f 3622 3868 4116 3867
f 3620 3846 4116 3868
f 3614 3863 4116 3846
f 3617 3869 4117 3872
f 3638 3870 4117 3869
f 3649 3871 4117 3870
f 3616 3872 4117 3871
f 3627 3873 4118 3875
f 3628 3874 4118 3873
f 3621 3862 4118 3874
f 3619 3875 4118 3862
f 3626 3876 4119 3866
f 3631 3877 4119 3876
f 3627 3875 4119 3877
f 3619 3866 4119 3875
f 3628 3878 4120 3874
f 3632 3879 4120 3878
f 3622 3867 4120 3879
f 3621 3874 4120 3867
f 3632 3880 4121 3879
f 3633 3881 4121 3880
f 3630 3882 4121 3881
f 3622 3879 4121 3882
f 3641 3883 4122 3885
f 3635 3884 4122 3883
f 3628 3873 4122 3884
f 3627 3885 4122 3873
f 3631 3886 4123 3877
f 3642 3887 4123 3886
f 3641 3885 4123 3887
f 3627 3877 4123 3885
f 3635 3888 4124 3884
f 3636 3889 4124 3888
f 3632 3878 4124 3889
f 3628 3884 4124 3878
f 3633 3880 4125 3891
f 3632 3889 4125 3880
f 3636 3890 4125 3889
f 3629 3891 4125 3890
f 3636 3892 4126 3890
f 3643 3893 4126 3892
f 3449 3894 4126 3893
f 3629 3890 4126 3894
f 3644 3895 4127 3896
f 3643 3892 4127 3895
f 3636 3888 4127 3892
f 3635 3896 4127 3888
f 3641 3897 4128 3883
f 3645 3898 4128 3897
f 3644 3896 4128 3898
f 3635 3883 4128 3896
f 3642 3899 4129 3887
f 3647 3900 4129 3899
f 3645 3897 4129 3900
f 3641 3887 4129 3897
f 3651 3901 4130 3904
f 3657 3902 4130 3901
f 3653 3903 4130 3902
f 3650 3904 4130 3903
f 3655 3905 4131 3907
f 3663 3906 4131 3905
f 3657 3901 4131 3906
f 3651 3907 4131 3901
f 3657 3908 4132 3902
f 3661 3909 4132 3908
f 3656 3910 4132 3909
f 3653 3902 4132 3910
f 3660 3911 4133 3914
f 3667 3912 4133 3911
f 3655 3913 4133 3912
f 3654 3914 4133 3913
f 3667 3915 4134 3912
f 3672 3916 4134 3915
f 3663 3905 4134 3916
f 3655 3912 4134 3905
f 3663 3917 4135 3906
f 3665 3918 4135 3917
f 3661 3908 4135 3918
f 3657 3906 4135 3908
f 3661 3918 4136 3921
f 3665 3919 4136 3918
f 3664 3920 4136 3919
f 3659 3921 4136 3920
f 3666 3922 4137 3924
f 3675 3923 4137 3922
f 3667 3911 4137 3923
f 3660 3924 4137 3911
f 3668 3925 4138 3928
f 3674 3926 4138 3925
f 3673 3927 4138 3926
f 3662 3928 4138 3927
f 3672 3929 4139 3916
f 3669 3930 4139 3929
f 3665 3917 4139 3930
f 3663 3916 4139 3917
f 3665 3930 4140 3919
f 3669 3931 4140 3930
f 3668 3932 4140 3931
f 3664 3919 4140 3932
f 3671 3933 4141 3935
f 3640 3934 4141 3933
f 3675 3922 4141 3934
f 3666 3935 4141 3922
f 3675 3936 4142 3923
f 3484 3937 4142 3936
f 3672 3915 4142 3937
f 3667 3923 4142 3915
f 3669 3938 4143 3931
f 3677 3939 4143 3938
f 3674 3925 4143 3939
f 3668 3931 4143 3925
f 3672 3937 4144 3929
f 3484 3940 4144 3937
f 3677 3938 4144 3940
f 3669 3929 4144 3938
f 3611 3941 4145 3944
f 3652 3942 4145 3941
f 3658 3943 4145 3942
f 3670 3944 4145 3943
f 3637 3945 4146 3947
f 3624 3946 4146 3945
f 3640 3933 4146 3946
f 3671 3947 4146 3933
f 3674 3948 4147 3926
f 3604 3949 4147 3948
f 3611 3950 4147 3949
f 3673 3926 4147 3950
f 3677 3951 4148 3939
f 3489 3952 4148 3951
f 3604 3948 4148 3952
f 3674 3939 4148 3948
f 3640 3953 4149 3934
f 3488 3954 4149 3953
f 3484 3936 4149 3954
f 3675 3934 4149 3936
f 3639 3955 4150 3958
f 3546 3956 4150 3955
f 3592 3957 4150 3956
f 3676 3958 4150 3957
f 3484 3954 4151 3940
f 3488 3959 4151 3954
f 3489 3951 4151 3959
f 3677 3940 4151 3951
f 3488 3960 4152 3959
f 3625 3961 4152 3960
f 3634 3962 4152 3961
f 3489 3959 4152 3962
f 3634 3963 4153 3962
f 3590 3964 4153 3963
f 3604 3952 4153 3964
f 3489 3962 4153 3952
f 3640 3946 4154 3953
f 3624 3965 4154 3946
f 3625 3960 4154 3965
f 3488 3953 4154 3960
f 3652 3966 4155 3942
f 3648 3967 4155 3966
f 3646 3968 4155 3967
f 3658 3942 4155 3968
f 3590 3969 4156 3971
f 3541 3970 4156 3969
f 3648 3966 4156 3970
f 3652 3971 4156 3966
f 3611 3949 4157 3941
f 3604 3964 4157 3949
f 3590 3971 4157 3964
f 3652 3941 4157 3971
f 3541 3972 4158 3970
f 3522 3973 4158 3972
f 3589 3974 4158 3973
f 3648 3970 4158 3974
f 3589 3975 4159 3974
f 3598 3976 4159 3975
f 3646 3967 4159 3976
f 3648 3974 4159 3967
f 3598 3977 4160 3976
f 3535 3978 4160 3977
f 3482 3979 4160 3978
f 3646 3976 4160 3979
f 3596 3980 4161 3982
f 3545 3981 4161 3980
f 3624 3945 4161 3981
f 3637 3982 4161 3945
f 3625 3983 4162 3961
f 3527 3984 4162 3983
f 3591 3985 4162 3984
f 3634 3961 4162 3985
f 3591 3986 4163 3985
f 3541 3969 4163 3986
f 3590 3963 4163 3969
f 3634 3985 4163 3963
f 3624 3981 4164 3965
f 3545 3987 4164 3981
f 3527 3983 4164 3987
f 3625 3965 4164 3983
f 3589 3988 4165 3975
f 3521 3989 4165 3988
f 3578 3990 4165 3989
f 3598 3975 4165 3990
f 3578 3991 4166 3990
f 3534 3992 4166 3991
f 3535 3977 4166 3992
f 3598 3990 4166 3977
f 3592 3993 4167 3995
f 3528 3994 4167 3993
f 3545 3980 4167 3994
f 3596 3995 4167 3980
f 3546 3996 4168 3956
f 3518 3997 4168 3996
f 3528 3993 4168 3997
f 3592 3956 4168 3993
f 3527 3998 4169 3984
f 3511 3999 4169 3998
f 3516 4000 4169 3999
f 3591 3984 4169 4000
f 3516 4001 4170 4000
f 3522 3972 4170 4001
f 3541 3986 4170 3972
f 3591 4000 4170 3986
f 3522 4002 4171 3973
f 3510 4003 4171 4002
f 3521 3988 4171 4003
f 3589 3973 4171 3988
f 3521 4004 4172 3989
f 3520 4005 4172 4004
f 3552 4006 4172 4005
f 3578 3989 4172 4006
f 3520 4007 4173 4005
f 3496 4008 4173 4007
f 3506 4009 4173 4008
f 3552 4005 4173 4009
f 3517 4010 4174 4013
f 3504 4011 4174 4010
f 3505 4012 4174 4011
f 3548 4013 4174 4012
f 3505 4014 4175 4012
f 3518 3996 4175 4014
f 3546 4015 4175 3996
f 3548 4012 4175 4015
f 3528 4016 4176 3994
f 3511 3998 4176 4016
f 3527 3987 4176 3998
f 3545 3994 4176 3987
f 3518 4017 4177 3997
f 3490 4018 4177 4017
f 3511 4016 4177 4018
f 3528 3997 4177 4016
f 3516 4019 4178 4001
f 3502 4020 4178 4019
f 3510 4002 4178 4020
f 3522 4001 4178 4002
f 3510 4021 4179 4003
f 3503 4022 4179 4021
f 3520 4004 4179 4022
f 3521 4003 4179 4004
f 3503 4023 4180 4022
f 3501 4024 4180 4023
f 3496 4007 4180 4024
f 3520 4022 4180 4007
f 3505 4025 4181 4014
f 3477 4026 4181 4025
f 3490 4017 4181 4026
f 3518 4014 4181 4017
f 3511 4018 4182 3999
f 3490 4027 4182 4018
f 3502 4019 4182 4027
f 3516 3999 4182 4019
f 3502 4028 4183 4020
f 3487 4029 4183 4028
f 3503 4021 4183 4029
f 3510 4020 4183 4021
f 3500 4030 4184 4033
f 3468 4031 4184 4030
f 3495 4032 4184 4031
f 3509 4033 4184 4032
f 3496 4024 4185 4035
f 3501 4034 4185 4024
f 3500 4033 4185 4034
f 3509 4035 4185 4033
f 3504 4036 4186 4011
f 3478 4037 4186 4036
f 3477 4025 4186 4037
f 3505 4011 4186 4025
f 3494 4038 4187 4040
f 3455 4039 4187 4038
f 3478 4036 4187 4039
f 3504 4040 4187 4036
f 3487 4041 4188 4029
f 3485 4042 4188 4041
f 3501 4023 4188 4042
f 3503 4029 4188 4023
f 3490 4026 4189 4027
f 3477 4043 4189 4026
f 3487 4028 4189 4043
f 3502 4027 4189 4028
f 3485 4044 4190 4042
f 3469 4045 4190 4044
f 3500 4034 4190 4045
f 3501 4042 4190 4034
f 3469 3723 4191 4045
f 3461 4046 4191 3723
f 3468 4030 4191 4046
f 3500 4045 4191 4030
f 3477 4037 4192 4043
f 3478 4047 4192 4037
f 3485 4041 4192 4047
f 3487 4043 4192 4041
f 3478 4039 4193 4047
f 3455 3724 4193 4039
f 3469 4044 4193 3724
f 3485 4047 4193 4044
f 4196 4378 4683 4381
f 4293 4379 4683 4378
f 4323 4380 4683 4379
f 4195 4381 4683 4380
f 4377 4382 4684 4384
f 4324 4383 4684 4382
f 4293 4378 4684 4383
f 4196 4384 4684 4378
f 4194 4385 4685 4388
f 4377 4386 4685 4385
f 4198 4387 4685 4386
f 4197 4388 4685 4387
f 4198 4389 4686 4387
f 4201 4390 4686 4389
f 4200 4391 4686 4390
f 4197 4387 4686 4391
f 4199 4392 4687 4394
f 4202 4393 4687 4392
f 4201 4389 4687 4393
f 4198 4394 4687 4389
f 4199 4395 4688 4392
f 4284 4396 4688 4395
f 4290 4397 4688 4396
f 4202 4392 4688 4397
f 4313 4398 4689 4401
f 4207 4399 4689 4398
f 4292 4400 4689 4399
f 4205 4401 4689 4400
f 4292 4402 4690 4400
f 4206 4403 4690 4402
f 4291 4404 4690 4403
f 4205 4400 4690 4404
f 4292 4405 4691 4402
f 4370 4406 4691 4405
f 4376 4407 4691 4406
f 4206 4402 4691 4407
f 4313 4408 4692 4398
f 4311 4409 4692 4408
f 4375 4410 4692 4409
f 4207 4398 4692 4410
f 4375 4411 4693 4410
f 4218 4412 4693 4411
f 4217 4413 4693 4412
f 4207 4410 4693 4413
f 4217 4414 4694 4413
f 4370 4405 4694 4414
f 4292 4399 4694 4405
f 4207 4413 4694 4399
f 4314 4415 4695 4418
f 4310 4416 4695 4415
f 4374 4417 4695 4416
f 4208 4418 4695 4417
f 4374 4419 4696 4417
f 4215 4420 4696 4419
f 4362 4421 4696 4420
f 4208 4417 4696 4421
f 4362 4422 4697 4421
f 4216 4423 4697 4422
f 4209 4424 4697 4423
f 4208 4421 4697 4424
f 4209 4425 4698 4424
f 4312 4426 4698 4425
f 4314 4418 4698 4426
f 4208 4424 4698 4418
f 4216 4427 4699 4423
f 4218 4411 4699 4427
f 4375 4428 4699 4411
f 4209 4423 4699 4428
f 4375 4409 4700 4428
f 4311 4429 4700 4409
f 4312 4425 4700 4429
f 4209 4428 4700 4425
f 4309 4430 4701 4433
f 4307 4431 4701 4430
f 4211 4432 4701 4431
f 4210 4433 4701 4432
f 4211 4434 4702 4432
f 4214 4435 4702 4434
f 4372 4436 4702 4435
f 4210 4432 4702 4436
f 4372 4437 4703 4436
f 4215 4419 4703 4437
f 4374 4438 4703 4419
f 4210 4436 4703 4438
f 4374 4416 4704 4438
f 4310 4439 4704 4416
f 4309 4433 4704 4439
f 4210 4438 4704 4433
f 4307 4440 4705 4431
f 4315 4441 4705 4440
f 4373 4442 4705 4441
f 4211 4431 4705 4442
f 4373 4443 4706 4442
f 4213 4444 4706 4443
f 4214 4434 4706 4444
f 4211 4442 4706 4434
f 4308 4445 4707 4448
f 4306 4446 4707 4445
f 4261 4447 4707 4446
f 4212 4448 4707 4447
f 4261 4449 4708 4447
f 4329 4450 4708 4449
f 4355 4451 4708 4450
f 4212 4447 4708 4451
f 4355 4452 4709 4451
f 4259 4453 4709 4452
f 4213 4454 4709 4453
f 4212 4451 4709 4454
f 4213 4443 4710 4454
f 4373 4455 4710 4443
f 4308 4448 4710 4455
f 4212 4454 4710 4448
f 4259 4456 4711 4453
f 4358 4457 4711 4456
f 4214 4444 4711 4457
f 4213 4453 4711 4444
f 4358 4458 4712 4457
f 4359 4459 4712 4458
f 4372 4435 4712 4459
f 4214 4457 4712 4435
f 4372 4459 4713 4437
f 4359 4460 4713 4459
f 4246 4461 4713 4460
f 4215 4437 4713 4461
f 4246 4462 4714 4461
f 4245 4463 4714 4462
f 4362 4420 4714 4463
f 4215 4461 4714 4420
f 4362 4463 4715 4422
f 4245 4464 4715 4463
f 4371 4465 4715 4464
f 4216 4422 4715 4465
f 4371 4466 4716 4465
f 4369 4467 4716 4466
f 4218 4427 4716 4467
f 4216 4465 4716 4427
f 4218 4467 4717 4412
f 4369 4468 4717 4467
f 4219 4469 4717 4468
f 4217 4412 4717 4469
f 4219 4470 4718 4469
f 4220 4471 4718 4470
f 4370 4414 4718 4471
f 4217 4469 4718 4414
f 4369 4472 4719 4468
f 4241 4473 4719 4472
f 4366 4474 4719 4473
f 4219 4468 4719 4474
f 4366 4475 4720 4474
f 4238 4476 4720 4475
f 4220 4470 4720 4476
f 4219 4474 4720 4470
f 4238 4477 4721 4476
f 4223 4478 4721 4477
f 4222 4479 4721 4478
f 4220 4476 4721 4479
f 4222 4480 4722 4479
f 4376 4406 4722 4480
f 4370 4471 4722 4406
f 4220 4479 4722 4471
f 4222 4478 4723 4483
f 4223 4481 4723 4478
f 4225 4482 4723 4481
f 4221 4483 4723 4482
f 4238 4484 4724 4477
f 4237 4485 4724 4484
f 4236 4486 4724 4485
f 4223 4477 4724 4486
f 4236 4487 4725 4486
f 4368 4488 4725 4487
f 4225 4481 4725 4488
f 4223 4486 4725 4481
f 4225 4488 4726 4491
f 4368 4489 4726 4488
f 4232 4490 4726 4489
f 4224 4491 4726 4490
f 4227 4492 4727 4495
f 4230 4493 4727 4492
f 4228 4494 4727 4493
f 4226 4495 4727 4494
f 4232 4496 4728 4498
f 4231 4497 4728 4496
f 4230 4492 4728 4497
f 4227 4498 4728 4492
f 4232 4489 4729 4496
f 4368 4499 4729 4489
f 4235 4500 4729 4499
f 4231 4496 4729 4500
f 4237 4501 4730 4504
f 4239 4502 4730 4501
f 4367 4503 4730 4502
f 4233 4504 4730 4503
f 4234 4505 4731 4506
f 4236 4485 4731 4505
f 4237 4504 4731 4485
f 4233 4506 4731 4504
f 4235 4499 4732 4507
f 4368 4487 4732 4499
f 4236 4505 4732 4487
f 4234 4507 4732 4505
f 4238 4475 4733 4484
f 4366 4508 4733 4475
f 4239 4501 4733 4508
f 4237 4484 4733 4501
f 4366 4473 4734 4508
f 4241 4509 4734 4473
f 4240 4510 4734 4509
f 4239 4508 4734 4510
f 4240 4511 4735 4510
f 4364 4512 4735 4511
f 4367 4502 4735 4512
f 4239 4510 4735 4502
f 4241 4513 4736 4509
f 4242 4514 4736 4513
f 4365 4515 4736 4514
f 4240 4509 4736 4515
f 4365 4516 4737 4515
f 4363 4517 4737 4516
f 4364 4511 4737 4517
f 4240 4515 4737 4511
f 4369 4466 4738 4472
f 4371 4518 4738 4466
f 4242 4513 4738 4518
f 4241 4472 4738 4513
f 4371 4464 4739 4518
f 4245 4519 4739 4464
f 4244 4520 4739 4519
f 4242 4518 4739 4520
f 4244 4521 4740 4520
f 4243 4522 4740 4521
f 4365 4514 4740 4522
f 4242 4520 4740 4514
f 4244 4523 4741 4521
f 4247 4524 4741 4523
f 4249 4525 4741 4524
f 4243 4521 4741 4525
f 4249 4526 4742 4525
f 4250 4527 4742 4526
f 4251 4528 4742 4527
f 4243 4525 4742 4528
f 4251 4529 4743 4528
f 4363 4516 4743 4529
f 4365 4522 4743 4516
f 4243 4528 4743 4522
f 4245 4462 4744 4519
f 4246 4530 4744 4462
f 4247 4523 4744 4530
f 4244 4519 4744 4523
f 4359 4531 4745 4460
f 4360 4532 4745 4531
f 4247 4530 4745 4532
f 4246 4460 4745 4530
f 4360 4533 4746 4532
f 4248 4534 4746 4533
f 4249 4524 4746 4534
f 4247 4532 4746 4524
f 4360 4535 4747 4533
f 4254 4536 4747 4535
f 4253 4537 4747 4536
f 4248 4533 4747 4537
f 4253 4538 4748 4537
f 4252 4539 4748 4538
f 4361 4540 4748 4539
f 4248 4537 4748 4540
f 4361 4541 4749 4540
f 4250 4526 4749 4541
f 4249 4534 4749 4526
f 4248 4540 4749 4534
f 4253 4542 4750 4538
f 4256 4543 4750 4542
f 4357 4544 4750 4543
f 4252 4538 4750 4544
f 4254 4545 4751 4536
f 4255 4546 4751 4545
f 4256 4542 4751 4546
f 4253 4536 4751 4542
f 4358 4456 4752 4548
f 4259 4547 4752 4456
f 4255 4545 4752 4547
f 4254 4548 4752 4545
f 4360 4531 4753 4535
f 4359 4458 4753 4531
f 4358 4548 4753 4458
f 4254 4535 4753 4548
f 4259 4452 4754 4547
f 4355 4549 4754 4452
f 4258 4550 4754 4549
f 4255 4547 4754 4550
f 4258 4551 4755 4550
f 4257 4552 4755 4551
f 4256 4546 4755 4552
f 4255 4550 4755 4546
f 4257 4553 4756 4552
f 4356 4554 4756 4553
f 4357 4543 4756 4554
f 4256 4552 4756 4543
f 4355 4450 4757 4549
f 4329 4555 4757 4450
f 4328 4556 4757 4555
f 4258 4549 4757 4556
f 4262 4557 4758 4560
f 4353 4558 4758 4557
f 4354 4559 4758 4558
f 4260 4560 4758 4559
f 4354 4561 4759 4559
f 4330 4562 4759 4561
f 4345 4563 4759 4562
f 4260 4559 4759 4563
f 4345 4564 4760 4563
f 4328 4555 4760 4564
f 4329 4565 4760 4555
f 4260 4563 4760 4565
f 4329 4449 4761 4565
f 4261 4566 4761 4449
f 4262 4560 4761 4566
f 4260 4565 4761 4560
f 4306 4567 4762 4446
f 4305 4568 4762 4567
f 4262 4566 4762 4568
f 4261 4446 4762 4566
f 4305 4569 4763 4568
f 4316 4570 4763 4569
f 4353 4557 4763 4570
f 4262 4568 4763 4557
f 4317 4571 4764 4574
f 4303 4572 4764 4571
f 4264 4573 4764 4572
f 4263 4574 4764 4573
f 4264 4575 4765 4573
f 4333 4576 4765 4575
f 4331 4577 4765 4576
f 4263 4573 4765 4577
f 4331 4578 4766 4577
f 4332 4579 4766 4578
f 4350 4580 4766 4579
f 4263 4577 4766 4580
f 4303 4581 4767 4572
f 4266 4582 4767 4581
f 4265 4583 4767 4582
f 4264 4572 4767 4583
f 4265 4584 4768 4583
f 4343 4585 4768 4584
f 4333 4575 4768 4585
f 4264 4583 4768 4575
f 4266 4586 4769 4582
f 4267 4587 4769 4586
f 4348 4588 4769 4587
f 4265 4582 4769 4588
f 4348 4589 4770 4588
f 4322 4590 4770 4589
f 4343 4584 4770 4590
f 4265 4588 4770 4584
f 4304 4591 4771 4593
f 4349 4592 4771 4591
f 4267 4586 4771 4592
f 4266 4593 4771 4586
f 4349 4591 4772 4596
f 4304 4594 4772 4591
f 4318 4595 4772 4594
f 4268 4596 4772 4595
f 4318 4597 4773 4595
f 4302 4598 4773 4597
f 4269 4599 4773 4598
f 4268 4595 4773 4599
f 4302 4600 4774 4598
f 4270 4601 4774 4600
f 4271 4602 4774 4601
f 4269 4598 4774 4602
f 4319 4603 4775 4605
f 4321 4604 4775 4603
f 4271 4601 4775 4604
f 4270 4605 4775 4601
f 4321 4603 4776 4608
f 4319 4606 4776 4603
f 4273 4607 4776 4606
f 4272 4608 4776 4607
f 4273 4609 4777 4607
f 4320 4610 4777 4609
f 4275 4611 4777 4610
f 4272 4607 4777 4611
f 4301 4612 4778 4615
f 4277 4613 4778 4612
f 4276 4614 4778 4613
f 4274 4615 4778 4614
f 4276 4616 4779 4614
f 4275 4610 4779 4616
f 4320 4617 4779 4610
f 4274 4614 4779 4617
f 4285 4618 4780 4620
f 4286 4619 4780 4618
f 4301 4615 4780 4619
f 4274 4620 4780 4615
f 4301 4621 4781 4612
f 4278 4622 4781 4621
f 4299 4623 4781 4622
f 4277 4612 4781 4623
f 4298 4624 4782 4626
f 4300 4625 4782 4624
f 4299 4622 4782 4625
f 4278 4626 4782 4622
f 4301 4619 4783 4621
f 4286 4627 4783 4619
f 4297 4628 4783 4627
f 4278 4621 4783 4628
f 4297 4629 4784 4628
f 4279 4630 4784 4629
f 4298 4626 4784 4630
f 4278 4628 4784 4626
f 4296 4631 4785 4633
f 4295 4632 4785 4631
f 4298 4630 4785 4632
f 4279 4633 4785 4630
f 4287 4634 4786 4637
f 4288 4635 4786 4634
f 4294 4636 4786 4635
f 4280 4637 4786 4636
f 4283 4638 4787 4641
f 4282 4639 4787 4638
f 4281 4640 4787 4639
f 4280 4641 4787 4640
f 4289 4642 4788 4644
f 4295 4643 4788 4642
f 4294 4635 4788 4643
f 4288 4644 4788 4635
f 4300 4624 4789 4645
f 4298 4632 4789 4624
f 4295 4642 4789 4632
f 4289 4645 4789 4642
f 4345 4562 4790 4648
f 4330 4646 4790 4562
f 4337 4647 4790 4646
f 4325 4648 4790 4647
f 4337 4649 4791 4647
f 4347 4650 4791 4649
f 4346 4651 4791 4650
f 4325 4647 4791 4651
f 4346 4652 4792 4651
f 4327 4653 4792 4652
f 4326 4654 4792 4653
f 4325 4651 4792 4654
f 4326 4655 4793 4654
f 4328 4564 4793 4655
f 4345 4648 4793 4564
f 4325 4654 4793 4648
f 4354 4656 4794 4561
f 4352 4657 4794 4656
f 4338 4658 4794 4657
f 4330 4561 4794 4658
f 4338 4659 4795 4658
f 4336 4660 4795 4659
f 4337 4646 4795 4660
f 4330 4658 4795 4646
f 4333 4661 4796 4576
f 4344 4662 4796 4661
f 4334 4663 4796 4662
f 4331 4576 4796 4663
f 4334 4664 4797 4663
f 4339 4665 4797 4664
f 4332 4578 4797 4665
f 4331 4663 4797 4578
f 4339 4666 4798 4665
f 4338 4657 4798 4666
f 4352 4667 4798 4657
f 4332 4665 4798 4667
f 4352 4668 4799 4667
f 4351 4669 4799 4668
f 4350 4579 4799 4669
f 4332 4667 4799 4579
f 4343 4670 4800 4585
f 4342 4671 4800 4670
f 4344 4661 4800 4671
f 4333 4585 4800 4661
f 4344 4672 4801 4662
f 4341 4673 4801 4672
f 4340 4674 4801 4673
f 4334 4662 4801 4674
f 4340 4675 4802 4674
f 4335 4676 4802 4675
f 4339 4664 4802 4676
f 4334 4674 4802 4664
f 4336 4659 4803 4677
f 4338 4666 4803 4659
f 4339 4676 4803 4666
f 4335 4677 4803 4676
f 4352 4656 4804 4668
f 4354 4558 4804 4656
f 4353 4678 4804 4558
f 4351 4668 4804 4678
f 4203 4679 4805 4682
f 4229 4680 4805 4679
f 4204 4681 4805 4680
f 4284 4682 4805 4681
f 4807 4931 5130 4934
f 4811 4932 5130 4931
f 4808 4933 5130 4932
f 4806 4934 5130 4933
f 4809 4935 5131 4938
f 4815 4936 5131 4935
f 4812 4937 5131 4936
f 4807 4938 5131 4937
f 4812 4939 5132 4937
f 4813 4940 5132 4939
f 4811 4931 5132 4940
f 4807 4937 5132 4931
f 4811 4941 5133 4932
f 4824 4942 5133 4941
f 4823 4943 5133 4942
f 4808 4932 5133 4943
f 4823 4944 5134 4943
f 4819 4945 5134 4944
f 4810 4946 5134 4945
f 4808 4943 5134 4946
f 4819 4947 5135 4945
f 4883 4948 5135 4947
f 4818 4949 5135 4948
f 4810 4945 5135 4949
f 4813 4950 5136 4940
f 4825 4951 5136 4950
f 4824 4941 5136 4951
f 4811 4940 5136 4941
f 4815 4952 5137 4936
f 4817 4953 5137 4952
f 4816 4954 5137 4953
f 4812 4936 5137 4954
f 4816 4955 5138 4954
f 4820 4956 5138 4955
f 4813 4939 5138 4956
f 4812 4954 5138 4939
f 4820 4957 5139 4956
f 4826 4958 5139 4957
f 4825 4950 5139 4958
f 4813 4956 5139 4950
f 4822 4959 5140 4962
f 4833 4960 5140 4959
f 4821 4961 5140 4960
f 4814 4962 5140 4961
f 4821 4963 5141 4961
f 4817 4952 5141 4963
f 4815 4964 5141 4952
f 4814 4961 5141 4964
f 4817 4965 5142 4953
f 4828 4966 5142 4965
f 4827 4967 5142 4966
f 4816 4953 5142 4967
f 4827 4968 5143 4967
f 4830 4969 5143 4968
f 4820 4955 5143 4969
f 4816 4967 5143 4955
f 4821 4970 5144 4963
f 4832 4971 5144 4970
f 4828 4965 5144 4971
f 4817 4963 5144 4965
f 4830 4972 5145 4969
f 4834 4973 5145 4972
f 4826 4957 5145 4973
f 4820 4969 5145 4957
f 4833 4974 5146 4960
f 4842 4975 5146 4974
f 4832 4970 5146 4975
f 4821 4960 5146 4970
f 4829 4976 5147 4978
f 4836 4977 5147 4976
f 4833 4959 5147 4977
f 4822 4978 5147 4959
f 4824 4979 5148 4942
f 4844 4980 5148 4979
f 4847 4981 5148 4980
f 4823 4942 5148 4981
f 4825 4982 5149 4951
f 4838 4983 5149 4982
f 4844 4979 5149 4983
f 4824 4951 5149 4979
f 4826 4984 5150 4958
f 4839 4985 5150 4984
f 4838 4982 5150 4985
f 4825 4958 5150 4982
f 4834 4986 5151 4973
f 4849 4987 5151 4986
f 4839 4984 5151 4987
f 4826 4973 5151 4984
f 4828 4988 5152 4966
f 4846 4989 5152 4988
f 4835 4990 5152 4989
f 4827 4966 5152 4990
f 4835 4991 5153 4990
f 4840 4992 5153 4991
f 4830 4968 5153 4992
f 4827 4990 5153 4968
f 4832 4993 5154 4971
f 4858 4994 5154 4993
f 4846 4988 5154 4994
f 4828 4971 5154 4988
f 4831 4995 5155 4997
f 4837 4996 5155 4995
f 4836 4976 5155 4996
f 4829 4997 5155 4976
f 4840 4998 5156 4992
f 4845 4999 5156 4998
f 4834 4972 5156 4999
f 4830 4992 5156 4972
f 4842 5000 5157 4975
f 4855 5001 5157 5000
f 4858 4993 5157 5001
f 4832 4975 5157 4993
f 4836 5002 5158 4977
f 4843 5003 5158 5002
f 4842 4974 5158 5003
f 4833 4977 5158 4974
f 4845 5004 5159 4999
f 4848 5005 5159 5004
f 4849 4986 5159 5005
f 4834 4999 5159 4986
f 4846 5006 5160 4989
f 4865 5007 5160 5006
f 4850 5008 5160 5007
f 4835 4989 5160 5008
f 4850 5009 5161 5008
f 4854 5010 5161 5009
f 4840 4991 5161 5010
f 4835 5008 5161 4991
f 4837 5011 5162 4996
f 4851 5012 5162 5011
f 4843 5002 5162 5012
f 4836 4996 5162 5002
f 4841 5013 5163 5015
f 4857 5014 5163 5013
f 4851 5011 5163 5014
f 4837 5015 5163 5011
f 4849 5016 5164 4987
f 4853 5017 5164 5016
f 4852 5018 5164 5017
f 4839 4987 5164 5018
f 4854 5019 5165 5010
f 4860 5020 5165 5019
f 4845 4998 5165 5020
f 4840 5010 5165 4998
f 4843 5021 5166 5003
f 4856 5022 5166 5021
f 4855 5000 5166 5022
f 4842 5003 5166 5000
f 4851 5023 5167 5012
f 4863 5024 5167 5023
f 4856 5021 5167 5024
f 4843 5012 5167 5021
f 4860 5025 5168 5020
f 4864 5026 5168 5025
f 4848 5004 5168 5026
f 4845 5020 5168 5004
f 4858 5027 5169 4994
f 4866 5028 5169 5027
f 4865 5006 5169 5028
f 4846 4994 5169 5006
f 4864 5029 5170 5026
f 4870 5030 5170 5029
f 4859 5031 5170 5030
f 4848 5026 5170 5031
f 4859 5032 5171 5031
f 4853 5016 5171 5032
f 4849 5005 5171 5016
f 4848 5031 5171 5005
f 4857 5033 5172 5014
f 4867 5034 5172 5033
f 4863 5023 5172 5034
f 4851 5014 5172 5023
f 4856 5035 5173 5022
f 4878 5036 5173 5035
f 4872 5037 5173 5036
f 4855 5022 5173 5037
f 4872 5038 5174 5037
f 4866 5027 5174 5038
f 4858 5001 5174 5027
f 4855 5037 5174 5001
f 4863 5039 5175 5024
f 4879 5040 5175 5039
f 4878 5035 5175 5040
f 4856 5024 5175 5035
f 4862 5041 5176 5043
f 4868 5042 5176 5041
f 4867 5033 5176 5042
f 4857 5043 5176 5033
f 4873 5044 5177 5046
f 4868 5041 5177 5044
f 4862 5045 5177 5041
f 4861 5046 5177 5045
f 4867 5047 5178 5034
f 4885 5048 5178 5047
f 4879 5039 5178 5048
f 4863 5034 5178 5039
f 4875 5049 5179 5051
f 4871 5050 5179 5049
f 4870 5029 5179 5050
f 4864 5051 5179 5029
f 4872 5052 5180 5038
f 4881 5053 5180 5052
f 4882 5054 5180 5053
f 4866 5038 5180 5054
f 4868 5055 5181 5042
f 4887 5056 5181 5055
f 4885 5047 5181 5056
f 4867 5042 5181 5047
f 4873 5057 5182 5044
f 4893 5058 5182 5057
f 4887 5055 5182 5058
f 4868 5044 5182 5055
f 4874 5059 5183 5062
f 4888 5060 5183 5059
f 4896 5061 5183 5060
f 4869 5062 5183 5061
f 4871 5063 5184 5050
f 4877 5064 5184 5063
f 4876 5065 5184 5064
f 4870 5050 5184 5065
f 4878 5066 5185 5036
f 4880 5067 5185 5066
f 4881 5052 5185 5067
f 4872 5036 5185 5052
f 4879 5068 5186 5040
f 4891 5069 5186 5068
f 4880 5066 5186 5069
f 4878 5040 5186 5066
f 4885 5070 5187 5048
f 4897 5071 5187 5070
f 4891 5068 5187 5071
f 4879 5048 5187 5068
f 4891 5072 5188 5069
f 4898 5073 5188 5072
f 4886 5074 5188 5073
f 4880 5069 5188 5074
f 4886 5075 5189 5074
f 4892 5076 5189 5075
f 4881 5067 5189 5076
f 4880 5074 5189 5067
f 4887 5077 5190 5056
f 4904 5078 5190 5077
f 4897 5070 5190 5078
f 4885 5056 5190 5070
f 4893 5079 5191 5058
f 4899 5080 5191 5079
f 4904 5077 5191 5080
f 4887 5058 5191 5077
f 4903 5081 5192 5084
f 4902 5082 5192 5081
f 4901 5083 5192 5082
f 4890 5084 5192 5083
f 4897 5085 5193 5071
f 4905 5086 5193 5085
f 4898 5072 5193 5086
f 4891 5071 5193 5072
f 4904 5087 5194 5078
f 4906 5088 5194 5087
f 4905 5085 5194 5088
f 4897 5078 5194 5085
f 4905 5089 5195 5086
f 4914 5090 5195 5089
f 4908 5091 5195 5090
f 4898 5086 5195 5091
f 4910 5092 5196 5093
f 4906 5087 5196 5092
f 4904 5080 5196 5087
f 4899 5093 5196 5080
f 4903 5094 5197 5081
f 4909 5095 5197 5094
f 4912 5096 5197 5095
f 4902 5081 5197 5096
f 4906 5097 5198 5088
f 4916 5098 5198 5097
f 4914 5089 5198 5098
f 4905 5088 5198 5089
f 4910 5099 5199 5092
f 4923 5100 5199 5099
f 4916 5097 5199 5100
f 4906 5092 5199 5097
f 4915 5101 5200 5103
f 4913 5102 5200 5101
f 4912 5095 5200 5102
f 4909 5103 5200 5095
f 4911 5104 5201 5106
f 4924 5105 5201 5104
f 4923 5099 5201 5105
f 4910 5106 5201 5099
f 4894 5107 5202 5110
f 4884 5108 5202 5107
f 4889 5109 5202 5108
f 4900 5110 5202 5109
f 4928 5111 5203 5114
f 4930 5112 5203 5111
f 4927 5113 5203 5112
f 4921 5114 5203 5113
f 4929 5115 5204 5118
f 4907 5116 5204 5115
f 4920 5117 5204 5116
f 4925 5118 5204 5117
f 4918 5119 5205 5122
f 4919 5120 5205 5119
f 4922 5121 5205 5120
f 4926 5122 5205 5121
f 4927 5112 5206 5124
f 4930 5123 5206 5112
f 4918 5122 5206 5123
f 4926 5124 5206 5122
f 4919 5125 5207 5120
f 4895 5126 5207 5125
f 4917 5127 5207 5126
f 4922 5120 5207 5127
f 4895 5128 5208 5126
f 4894 5110 5208 5128
f 4900 5129 5208 5110
f 4917 5126 5208 5129
f 5267 5320 5319 5209
f 5211 5217 5268 5210
f 5268 5318 5267 5210
f 5213 5216 5217 5211
f 5215 5218 5216 5214
f 5282 5283 5222 5215
f 5222 5219 5218 5215
f 5218 5220 5217 5216
f 5220 5315 5268 5217
f 5219 5346 5220 5218
f 5222 5223 5221 5219
f 5221 5316 5346 5219
f 5346 5314 5315 5220
f 5223 5224 5225 5221
f 5225 5354 5316 5221
f 5283 5284 5223 5222
f 5284 5285 5224 5223
f 5285 5286 5281 5224
f 5281 5226 5225 5224
f 5226 5230 5354 5225
f 5281 5287 5228 5226
f 5228 5227 5230 5226
f 5228 5236 5235 5227
f 5235 5234 5355 5227
f 5355 5229 5230 5227
f 5287 5296 5236 5228
f 5355 5232 5231 5229
f 5231 5310 5317 5229
f 5317 5354 5230 5229
f 5355 5234 5233 5232
f 5234 5237 5238 5233
f 5238 5239 5309 5233
f 5235 5363 5237 5234
f 5236 5280 5363 5235
f 5296 5297 5280 5236
f 5245 5362 5238 5237
f 5362 5242 5239 5238
f 5241 5306 5251 5240
f 5242 5243 5306 5241
f 5362 5244 5243 5242
f 5244 5249 5247 5243
f 5256 5259 5258 5246
f 5258 5257 5303 5246
f 5303 5302 5250 5246
f 5250 5248 5256 5246
f 5249 5304 5248 5247
f 5248 5250 5305 5247
f 5304 5264 5256 5248
f 5277 5278 5304 5249
f 5252 5308 5307 5251
f 5302 5300 5308 5252
f 5308 5300 5254 5253
f 5300 5301 5255 5254
f 5264 5266 5259 5256
f 5263 5262 5260 5257
f 5260 5301 5303 5257
f 5262 5212 5261 5260
f 5265 5269 5266 5264
f 5304 5278 5265 5264
f 5278 5274 5271 5265
f 5271 5274 5272 5270
f 5274 5276 5273 5272
f 5273 5299 5292 5272
f 5276 5275 5279 5273
f 5279 5298 5299 5273
f 5278 5277 5276 5274
f 5363 5280 5279 5275
f 5280 5297 5298 5279
f 5286 5288 5287 5281
f 5295 5294 5288 5286
f 5288 5289 5296 5287
f 5294 5293 5289 5288
f 5290 5297 5296 5289
f 5291 5298 5297 5290
f 5302 5303 5301 5300
f 5311 5313 5317 5310
f 5312 5314 5313 5311
f 5321 5315 5314 5312
f 5316 5354 5317 5313
f 5314 5346 5316 5313
f 5321 5318 5268 5315
f 5321 5361 5322 5318
f 5322 5320 5267 5318
f 5322 5323 5360 5320
f 5361 5324 5323 5322
f 5353 5358 5360 5323
f 5360 5358 5357 5325
f 5357 5327 5326 5325
f 5327 5328 5359 5326
f 5356 5334 5359 5328
f 5335 5334 5356 5329
f 5352 5333 5335 5329
f 5332 5333 5352 5330
f 5352 5351 5350 5330
f 5350 5349 5348 5330
f 5348 5331 5332 5330
f 5339 5347 5332 5331
f 5347 5336 5333 5332
f 5336 5337 5335 5333
f 5340 5342 5343 5338
f 5345 5344 5342 5341
f 5367 5368 5366 5364
f 5368 5369 5370 5366
f 5370 5376 5371 5366
f 5372 5379 5369 5368
f 5379 5385 5374 5369
f 5374 5375 5370 5369
f 5375 5389 5376 5370
f 5376 5377 5373 5371
f 5377 5381 5378 5373
f 5385 5387 5380 5374
f 5380 5383 5375 5374
f 5389 5393 5377 5376
f 5386 5390 5385 5379
f 5387 5388 5382 5380
f 5388 5391 5394 5382
f 5390 5392 5387 5385
f 5392 5398 5388 5387
f 5398 5395 5391 5388
f 5395 5405 5400 5391
f 5400 5397 5394 5391
f 5403 5404 5398 5392
f 5397 5402 5399 5394
f 5401 5406 5405 5395
f 5398 5404 5401 5395
f 5407 5410 5402 5397
f 5411 5409 5406 5401
f 5406 5413 5408 5405
f 5409 5415 5413 5406
f 5412 5418 5415 5409
f 5425 5423 5418 5412
f 5415 5419 5416 5413
f 5416 5421 5417 5414
f 5418 5422 5419 5415
f 5419 5420 5421 5416
f 5421 5424 5429 5417
f 5423 5430 5422 5418
f 5422 5431 5420 5419
f 5431 5436 5428 5420
f 5428 5424 5421 5420
f 5430 5437 5431 5422
f 5427 5432 5430 5423
f 5428 5434 5433 5424
f 5436 5435 5434 5428
f 5432 5442 5437 5430
f 5437 5446 5436 5431
f 5443 5448 5442 5432
f 5434 5438 5439 5433
f 5439 5454 5447 5433
f 5435 5445 5438 5434
f 5441 5450 5445 5435
f 5436 5446 5441 5435
f 5442 5453 5446 5437
f 5445 5449 5456 5438
f 5456 5440 5439 5438
f 5440 5455 5454 5439
f 5456 5462 5457 5440
f 5467 5451 5450 5441
f 5446 5453 5467 5441
f 5448 5460 5453 5442
f 5444 5461 5448 5443
f 5450 5452 5449 5445
f 5461 5469 5460 5448
f 5452 5459 5463 5449
f 5463 5462 5456 5449
f 5451 5464 5452 5450
f 5472 5476 5464 5451
f 5467 5468 5472 5451
f 5464 5465 5459 5452
f 5460 5468 5467 5453
f 5462 5475 5470 5457
f 5465 5477 5466 5459
f 5466 5471 5463 5459
f 5469 5474 5468 5460
f 5463 5471 5475 5462
f 5476 5483 5465 5464
f 5483 5490 5477 5465
f 5477 5491 5478 5466
f 5478 5479 5471 5466
f 5474 5482 5472 5468
f 5473 5486 5474 5469
f 5475 5481 5480 5470
f 5479 5481 5475 5471
f 5482 5488 5476 5472
f 5486 5493 5482 5474
f 5488 5497 5483 5476
f 5490 5496 5491 5477
f 5491 5498 5485 5478
f 5485 5484 5479 5478
f 5484 5492 5481 5479
f 5481 5492 5487 5480
f 5487 5495 5494 5480
f 5493 5489 5488 5482
f 5497 5502 5490 5483
f 5485 5500 5499 5484
f 5499 5506 5492 5484
f 5498 5504 5500 5485
f 5492 5506 5505 5487
f 5489 5507 5497 5488
f 5501 5519 5507 5489
f 5502 5503 5496 5490
f 5496 5508 5498 5491
f 5503 5520 5508 5496
f 5507 5515 5502 5497
f 5508 5509 5504 5498
f 5500 5511 5510 5499
f 5510 5513 5506 5499
f 5504 5512 5511 5500
f 5515 5516 5503 5502
f 5516 5532 5520 5503
f 5509 5517 5512 5504
f 5519 5514 5515 5507
f 5520 5521 5509 5508
f 5521 5523 5517 5509
f 5511 5535 5528 5510
f 5528 5525 5513 5510
f 5512 5530 5535 5511
f 5517 5522 5530 5512
f 5536 5516 5515 5514
f 5536 5537 5532 5516
f 5523 5534 5522 5517
f 5532 5533 5521 5520
f 5533 5526 5523 5521
f 5534 5548 5540 5522
f 5540 5539 5530 5522
f 5526 5527 5534 5523
f 5542 5543 5527 5526
f 5533 5546 5542 5526
f 5543 5553 5538 5527
f 5538 5548 5534 5527
f 5535 5529 5544 5528
f 5539 5551 5554 5529
f 5554 5365 5544 5529
f 5535 5530 5539 5529
f 5541 5543 5542 5531
f 5537 5546 5533 5532
f 5553 5518 5552 5538
f 5552 5549 5548 5538
f 5540 5545 5551 5539
f 5548 5549 5545 5540
f 5547 5553 5543 5541
f 5549 5396 5458 5545
f 5458 5555 5551 5545
f 5426 5518 5553 5547
f 5552 5550 5396 5549
f 5518 5426 5384 5524
f 5560 5558 5559 5556
f 5559 5565 5569 5557
f 5569 5561 5562 5557
f 5560 5566 5572 5558
f 5572 5579 5563 5558
f 5563 5565 5559 5558
f 5569 5576 5573 5561
f 5579 5590 5570 5563
f 5570 5564 5565 5563
f 5576 5569 5565 5564
f 5570 5589 5568 5564
f 5568 5575 5576 5564
f 5571 5583 5572 5566
f 5574 5595 5582 5567
f 5590 5597 5589 5570
f 5582 5581 5583 5571
f 5583 5578 5579 5572
f 5576 5575 5577 5573
f 5577 5587 5585 5573
f 5596 5593 5595 5574
f 5583 5581 5580 5578
f 5580 5613 5603 5578
f 5603 5590 5579 5578
f 5581 5594 5598 5580
f 5598 5627 5613 5580
f 5582 5595 5594 5581
f 5591 5586 5587 5584
f 5597 5840 5601 5589
f 5603 5612 5597 5590
f 5596 5624 5609 5593
f 5609 5607 5600 5593
f 5600 5594 5595 5593
f 5600 5599 5598 5594
f 5612 5828 5840 5597
f 5599 5619 5627 5598
f 5600 5607 5614 5599
f 5614 5628 5619 5599
f 5840 5848 5850 5601
f 5850 5602 5611 5601
f 5626 5610 5611 5602
f 5850 5854 5859 5602
f 5859 5631 5626 5602
f 5613 5814 5612 5603
f 5609 5608 5616 5607
f 5616 5620 5614 5607
f 5623 5615 5616 5608
f 5626 5617 5618 5610
f 5814 5813 5828 5612
f 5627 5787 5814 5613
f 5620 5621 5628 5614
f 5629 5620 5616 5615
f 5626 5631 5625 5617
f 5628 5632 5773 5619
f 5773 5787 5627 5619
f 5629 5633 5621 5620
f 5633 5635 5641 5621
f 5641 5632 5628 5621
f 5631 5640 5630 5625
f 5648 5639 5633 5629
f 5641 5739 5746 5632
f 5746 5786 5773 5632
f 5639 5638 5635 5633
f 5638 5647 5646 5635
f 5646 5739 5641 5635
f 5647 5638 5637 5636
f 5637 5643 5642 5636
f 5642 5645 5651 5636
f 5651 5652 5647 5636
f 5638 5639 5644 5637
f 5648 5653 5644 5639
f 5650 5649 5645 5642
f 5649 5665 5658 5645
f 5658 5667 5651 5645
f 5647 5652 5683 5646
f 5683 5738 5739 5646
f 5655 5654 5665 5649
f 5667 5674 5652 5651
f 5674 5711 5683 5652
f 5660 5664 5665 5654
f 5657 5664 5663 5656
f 5663 5662 5666 5656
f 5658 5665 5664 5657
f 5663 5664 5660 5659
f 5661 5662 5663 5659
f 5668 5670 5662 5661
f 5670 5671 5666 5662
f 5669 5673 5674 5667
f 5677 5678 5670 5668
f 5676 5685 5673 5669
f 5678 5682 5671 5670
f 5682 5686 5675 5671
f 5679 5691 5677 5672
f 5724 5711 5674 5673
f 5685 5735 5724 5673
f 5693 5684 5680 5675
f 5686 5694 5693 5675
f 5680 5684 5685 5676
f 5691 5687 5678 5677
f 5687 5681 5682 5678
f 5692 5690 5691 5679
f 5702 5686 5682 5681
f 5687 5706 5689 5681
f 5689 5695 5702 5681
f 5745 5735 5685 5684
f 5693 5744 5745 5684
f 5702 5701 5694 5686
f 5691 5690 5706 5687
f 5697 5695 5689 5688
f 5689 5706 5705 5688
f 5705 5704 5698 5688
f 5698 5696 5697 5688
f 5700 5705 5706 5690
f 5708 5701 5702 5695
f 5698 5709 5710 5696
f 5704 5703 5709 5698
f 5704 5705 5700 5699
f 5707 5703 5704 5699
f 5713 5715 5709 5703
f 5715 5716 5710 5709
f 5716 5717 5712 5710
f 5717 5722 5742 5712
f 5588 5714 5715 5713
f 5721 5716 5715 5714
f 5721 5727 5717 5716
f 5727 5729 5722 5717
f 5819 5801 5789 5718
f 5732 5726 5727 5721
f 5747 5748 5742 5722
f 5729 5731 5747 5722
f 5742 5748 5841 5725
f 5728 5729 5727 5726
f 5730 5731 5729 5728
f 5740 5755 5731 5730
f 5784 5746 5739 5738
f 5751 5752 5745 5744
f 5766 5750 5751 5744
f 5784 5777 5786 5746
f 5774 5842 5748 5747
f 5842 5830 5841 5748
f 5762 5753 5751 5750
f 5766 5767 5771 5750
f 5771 5781 5762 5750
f 5753 5754 5752 5751
f 5754 5757 5756 5752
f 5764 5765 5754 5753
f 5762 5763 5764 5753
f 5765 5760 5757 5754
f 5760 5761 5758 5757
f 5761 5768 5759 5758
f 5793 5769 5761 5760
f 5769 5776 5768 5761
f 5781 5782 5763 5762
f 5782 5783 5770 5763
f 5789 5801 5771 5767
f 5776 5777 5784 5768
f 5790 5778 5776 5769
f 5801 5796 5781 5771
f 5786 5785 5787 5773
f 5800 5799 5788 5775
f 5778 5779 5777 5776
f 5779 5785 5786 5777
f 5792 5780 5779 5778
f 5790 5791 5792 5778
f 5780 5813 5785 5779
f 5804 5828 5813 5780
f 5792 5803 5804 5780
f 5796 5797 5782 5781
f 5797 5798 5783 5782
f 5798 5812 5794 5783
f 5813 5814 5787 5785
f 5802 5803 5792 5791
f 5812 5833 5806 5794
f 5808 5797 5796 5795
f 5796 5801 5819 5795
f 5819 5841 5830 5795
f 5830 5820 5808 5795
f 5808 5809 5798 5797
f 5809 5811 5812 5798
f 5815 5805 5803 5802
f 5823 5832 5815 5802
f 5805 5848 5804 5803
f 5848 5840 5828 5804
f 5854 5850 5848 5805
f 5815 5831 5854 5805
f 5833 5824 5807 5806
f 5836 5839 5838 5807
f 5824 5835 5836 5807
f 5820 5817 5809 5808
f 5817 5810 5811 5809
f 5825 5826 5811 5810
f 5817 5857 5749 5810
f 5826 5833 5812 5811
f 5832 5845 5831 5815
f 5820 5856 5857 5817
f 5829 5852 5855 5818
f 5830 5842 5856 5820
f 5843 5832 5823 5822
f 5838 5839 5843 5822
f 5833 5826 5827 5824
f 5827 5834 5835 5824
f 5847 5827 5826 5825
f 5858 5849 5847 5825
f 5847 5853 5834 5827
f 5821 5859 5854 5831
f 5845 5743 5821 5831
f 5843 5844 5845 5832
f 5772 5741 5835 5834
f 5853 5733 5772 5834
f 5741 5837 5836 5835
f 5837 5846 5839 5836
f 5736 5737 5846 5837
f 5741 5634 5736 5837
f 5846 5844 5843 5839
f 5816 5743 5845 5844
f 5846 5737 5816 5844
f 5858 5852 5851 5849
f 5723 5634 5741 5772
f 5733 5734 5723 5772
f 5736 5606 5604 5737
f 5634 5719 5606 5736
f 5720 5719 5634 5723
f 5622 5605 5606 5719
f 5605 5592 5604 5606
f 5880 6005 5879 5860
f 5861 5862 5863 5860
f 5863 5865 5880 5860
f 5873 5872 5862 5861
f 5870 5869 5863 5862
f 5869 5864 5865 5863
f 5950 5894 5865 5864
f 5894 5893 5880 5865
f 6016 5988 5952 5866
f 5876 6017 6016 5866
f 5875 6012 5951 5867
f 5951 6013 5950 5868
f 5872 5873 5874 5871
f 5952 6011 6012 5875
f 5882 5986 6017 5877
f 5878 5881 5882 5877
f 5883 5953 5986 5882
f 5884 5885 5953 5883
f 5886 5957 5953 5885
f 5974 5889 5888 5887
f 5960 5908 5974 5887
f 5976 5977 5973 5888
f 5974 5908 5975 5890
f 5972 5898 5897 5891
f 5897 5895 5892 5891
f 5897 5898 5971 5896
f 5972 5970 5899 5898
f 5899 5903 5971 5898
f 5970 5975 5900 5899
f 5900 5901 5903 5899
f 5975 5908 5909 5900
f 5909 5915 5901 5900
f 5915 5914 5907 5901
f 5907 5902 5903 5901
f 5905 5971 5903 5902
f 5907 5906 5904 5902
f 5907 5914 5969 5906
f 5969 5968 5966 5906
f 5960 5959 5909 5908
f 5959 5916 5915 5909
f 5967 5966 5968 5910
f 5968 5912 5911 5910
f 5911 5941 5965 5910
f 5965 5933 5967 5910
f 5912 5919 5920 5911
f 5920 5942 5941 5911
f 5968 5969 5913 5912
f 5913 5918 5919 5912
f 5969 5914 5917 5913
f 5917 5964 5918 5913
f 5915 5916 5917 5914
f 5959 5962 5961 5916
f 5961 5964 5917 5916
f 5956 5922 5919 5918
f 5922 5921 5920 5919
f 5921 5958 5942 5920
f 5922 5954 5923 5921
f 5956 5955 5954 5922
f 5949 5942 5958 5924
f 5925 5930 5949 5924
f 5926 5939 5930 5925
f 5929 5940 5939 5926
f 5945 5946 5928 5927
f 5938 5940 5929 5928
f 5944 5931 5949 5930
f 5939 5943 5944 5930
f 5932 5965 5941 5931
f 5941 5942 5949 5931
f 5934 5933 5965 5932
f 5936 5944 5943 5935
f 5943 5939 5940 5937
f 5948 5947 5946 5945
f 5960 5963 5962 5959
f 5978 5980 6021 5977
f 6021 6019 5973 5977
f 5980 6020 6007 5979
f 6007 6006 5981 5979
f 5981 5982 5983 5979
f 5983 6021 5980 5979
f 6006 5996 5995 5981
f 5995 5993 5982 5981
f 5993 6015 5991 5982
f 5991 5990 5983 5982
f 5990 6019 6021 5983
f 6019 5990 5989 5984
f 5989 6018 5985 5984
f 6018 5987 5957 5985
f 5953 5957 5987 5986
f 5987 6016 6017 5986
f 6018 5988 6016 5987
f 6018 5989 5992 5988
f 5992 6011 5952 5988
f 5990 5991 5992 5989
f 6015 6011 5992 5991
f 5995 5994 6010 5993
f 6010 6014 6015 5993
f 5995 5996 6002 5994
f 6002 6003 6008 5994
f 6008 6009 6010 5994
f 6006 5999 6000 5996
f 6000 6001 6002 5996
f 5998 6007 6020 5997
f 5999 6006 6007 5998
f 6004 5893 6008 6003
f 6005 5880 5893 6004
f 5893 5894 6009 6008
f 5894 5950 6013 6009
f 6013 6014 6010 6009
f 6015 6014 6012 6011
f 6014 6013 5951 6012
f 6066 6064 6062 6022
f 6062 6023 6024 6022
f 6024 6072 6025 6022
f 6062 6063 6061 6023
f 6061 6184 6071 6023
f 6071 6194 6024 6023
f 6194 6155 6072 6024
f 6026 6027 6067 6025
f 6072 6154 6026 6025
f 6030 6028 6027 6026
f 6154 6031 6030 6026
f 6030 6151 6153 6028
f 6031 6032 6151 6030
f 6133 6134 6032 6031
f 6033 6152 6151 6032
f 6134 6036 6033 6032
f 6036 6034 6035 6033
f 6036 6135 6136 6034
f 6134 6038 6135 6036
f 6038 6134 6133 6037
f 6092 6045 6131 6037
f 6131 6132 6038 6037
f 6132 6039 6135 6038
f 6132 6043 6040 6039
f 6040 6041 6139 6039
f 6043 6112 6129 6040
f 6129 6029 6041 6040
f 6140 6138 6139 6041
f 6029 6148 6140 6041
f 6043 6132 6131 6042
f 6131 6045 6044 6042
f 6044 6128 6110 6042
f 6110 6112 6043 6042
f 6045 6089 6046 6044
f 6046 6047 6128 6044
f 6092 6091 6089 6045
f 6089 6090 6088 6046
f 6088 6106 6047 6046
f 6106 6109 6048 6047
f 6048 6114 6128 6047
f 6109 6108 6049 6048
f 6049 6116 6114 6048
f 6108 6052 6051 6049
f 6051 6124 6116 6049
f 6123 6124 6051 6050
f 6051 6052 6055 6050
f 6055 6100 6056 6050
f 6056 6101 6123 6050
f 6108 6107 6053 6052
f 6053 6054 6055 6052
f 6107 6104 6103 6053
f 6103 6079 6054 6053
f 6079 6078 6077 6054
f 6077 6100 6055 6054
f 6100 6076 6057 6056
f 6057 6060 6101 6056
f 6058 6059 6060 6057
f 6068 6069 6070 6059
f 6100 6077 6099 6076
f 6078 6097 6099 6077
f 6079 6080 6081 6078
f 6081 6096 6097 6078
f 6103 6102 6080 6079
f 6102 6083 6082 6080
f 6082 6098 6081 6080
f 6098 6095 6096 6081
f 6083 6164 6165 6082
f 6165 6093 6098 6082
f 6163 6073 6164 6083
f 6102 6103 6104 6084
f 6105 6086 6159 6085
f 6159 6160 6162 6085
f 6104 6107 6105 6085
f 6106 6088 6087 6086
f 6087 6161 6159 6086
f 6105 6109 6106 6086
f 6088 6090 6158 6087
f 6158 6188 6161 6087
f 6091 6156 6090 6089
f 6156 6193 6158 6090
f 6155 6194 6156 6091
f 6094 6095 6098 6093
f 6107 6108 6109 6105
f 6128 6114 6115 6110
f 6115 6111 6112 6110
f 6113 6129 6112 6111
f 6115 6117 6122 6111
f 6122 6126 6113 6111
f 6130 6029 6129 6113
f 6126 6127 6130 6113
f 6116 6117 6115 6114
f 6124 6118 6117 6116
f 6118 6119 6122 6117
f 6124 6123 6125 6118
f 6120 6126 6122 6119
f 6121 6127 6126 6120
f 6147 6148 6029 6130
f 6140 6141 6143 6138
f 6148 6150 6141 6140
f 6142 6144 6143 6141
f 6150 6145 6142 6141
f 6150 6146 6149 6145
f 6150 6148 6147 6146
f 6072 6155 6157 6154
f 6194 6071 6193 6156
f 6193 6183 6188 6158
f 6161 6187 6160 6159
f 6187 6195 6191 6160
f 6191 6189 6162 6160
f 6188 6186 6187 6161
f 6073 6168 6167 6164
f 6167 6166 6165 6164
f 6167 6074 6075 6166
f 6168 6171 6074 6167
f 6169 6174 6171 6168
f 6192 6190 6170 6169
f 6170 6175 6174 6169
f 6190 6196 6176 6170
f 6176 6177 6175 6170
f 6174 6173 6172 6171
f 6172 6201 6074 6171
f 6196 6200 6178 6176
f 6200 6180 6179 6178
f 6181 6198 6199 6180
f 6200 6185 6181 6180
f 6182 6197 6198 6181
f 6185 6186 6182 6181
f 6183 6184 6197 6182
f 6186 6188 6183 6182
f 6193 6071 6184 6183
f 6200 6196 6195 6185
f 6195 6187 6186 6185
f 6191 6190 6192 6189
f 6191 6195 6196 6190
f 6203 6075 6074 6201
f 6205 6075 6203 6202
f 6204 6137 6205 6202
f 6063 6062 6064 6065
f 6207 6236 6310 6206
f 6310 6306 6289 6206
f 6208 6230 6236 6207
f 6227 6226 6229 6209
f 6274 6410 6212 6210
f 6212 6213 6211 6210
f 6213 6214 6231 6211
f 6410 6262 6259 6212
f 6259 6260 6213 6212
f 6260 6215 6214 6213
f 6233 6232 6231 6214
f 6215 6346 6233 6214
f 6260 6258 6216 6215
f 6216 6234 6346 6215
f 6258 6257 6347 6216
f 6347 6420 6234 6216
f 6223 6420 6347 6217
f 6347 6257 6254 6217
f 6254 6255 6218 6217
f 6218 6219 6223 6217
f 6255 6256 6423 6218
f 6423 6247 6219 6218
f 6221 6420 6223 6220
f 6222 6234 6420 6221
f 6246 6243 6224 6222
f 6224 6346 6234 6222
f 6243 6225 6235 6224
f 6235 6233 6346 6224
f 6242 6241 6244 6225
f 6244 6245 6235 6225
f 6237 6230 6229 6226
f 6227 6245 6244 6226
f 6244 6241 6237 6226
f 6228 6232 6245 6227
f 6237 6238 6236 6230
f 6233 6235 6245 6232
f 6238 6239 6310 6236
f 6241 6240 6238 6237
f 6249 6421 6250 6248
f 6421 6422 6419 6250
f 6419 6256 6252 6251
f 6256 6255 6418 6252
f 6254 6257 6263 6253
f 6263 6264 6417 6253
f 6417 6416 6418 6253
f 6418 6255 6254 6253
f 6419 6422 6423 6256
f 6258 6261 6263 6257
f 6260 6259 6261 6258
f 6262 6415 6261 6259
f 6415 6264 6263 6261
f 6410 6269 6268 6262
f 6268 6266 6415 6262
f 6415 6266 6265 6264
f 6265 6345 6417 6264
f 6266 6413 6367 6265
f 6367 6414 6345 6265
f 6268 6267 6413 6266
f 6268 6269 6270 6267
f 6270 6272 6411 6267
f 6411 6412 6413 6267
f 6410 6274 6273 6269
f 6273 6275 6270 6269
f 6275 6276 6272 6270
f 6272 6276 6278 6271
f 6278 6277 6281 6271
f 6281 6359 6357 6271
f 6357 6411 6272 6271
f 6293 6280 6281 6277
f 6280 6293 6292 6279
f 6292 6291 6284 6279
f 6284 6407 6409 6279
f 6409 6358 6280 6279
f 6358 6359 6281 6280
f 6283 6290 6285 6282
f 6285 6287 6406 6282
f 6406 6404 6405 6282
f 6405 6328 6283 6282
f 6284 6291 6290 6283
f 6328 6407 6284 6283
f 6288 6294 6295 6286
f 6295 6406 6287 6286
f 6296 6404 6406 6295
f 6297 6298 6404 6296
f 6299 6396 6298 6297
f 6326 6405 6404 6298
f 6396 6403 6326 6298
f 6401 6393 6396 6299
f 6395 6393 6401 6300
f 6400 6398 6395 6300
f 6399 6302 6303 6301
f 6304 6397 6303 6302
f 6305 6307 6304 6302
f 6397 6398 6400 6303
f 6318 6319 6397 6304
f 6307 6315 6318 6304
f 6308 6309 6315 6307
f 6311 6312 6315 6309
f 6391 6313 6312 6311
f 6313 6389 6314 6312
f 6314 6318 6315 6312
f 6376 6377 6389 6313
f 6391 6374 6376 6313
f 6389 6390 6316 6314
f 6316 6319 6318 6314
f 6390 6321 6317 6316
f 6317 6392 6319 6316
f 6321 6322 6320 6317
f 6320 6394 6392 6317
f 6392 6398 6397 6319
f 6322 6323 6387 6320
f 6387 6402 6394 6320
f 6329 6330 6322 6321
f 6390 6383 6329 6321
f 6330 6331 6323 6322
f 6331 6361 6324 6323
f 6324 6388 6387 6323
f 6361 6408 6325 6324
f 6325 6327 6388 6324
f 6408 6409 6407 6325
f 6407 6328 6327 6325
f 6327 6328 6405 6326
f 6403 6388 6327 6326
f 6333 6332 6330 6329
f 6383 6380 6333 6329
f 6332 6386 6331 6330
f 6386 6362 6361 6331
f 6385 6363 6386 6332
f 6333 6334 6385 6332
f 6380 6382 6334 6333
f 6353 6354 6385 6334
f 6382 6336 6353 6334
f 6337 6348 6336 6335
f 6336 6382 6381 6335
f 6381 6384 6368 6335
f 6368 6369 6337 6335
f 6348 6349 6353 6336
f 6338 6342 6348 6337
f 6416 6417 6345 6339
f 6345 6414 6344 6339
f 6344 6343 6341 6339
f 6341 6343 6342 6340
f 6343 6349 6348 6342
f 6344 6350 6349 6343
f 6414 6351 6350 6344
f 6350 6354 6353 6349
f 6351 6352 6354 6350
f 6414 6367 6366 6351
f 6366 6355 6352 6351
f 6355 6364 6363 6352
f 6363 6385 6354 6352
f 6366 6412 6356 6355
f 6356 6365 6364 6355
f 6412 6411 6357 6356
f 6357 6359 6365 6356
f 6409 6408 6360 6358
f 6360 6365 6359 6358
f 6408 6361 6362 6360
f 6362 6364 6365 6360
f 6386 6363 6364 6362
f 6367 6413 6412 6366
f 6384 6371 6370 6368
f 6384 6378 6373 6371
f 6374 6391 6375 6372
f 6378 6376 6374 6373
f 6378 6379 6377 6376
f 6379 6380 6383 6377
f 6383 6390 6389 6377
f 6384 6381 6379 6378
f 6381 6382 6380 6379
f 6388 6403 6402 6387
f 6394 6395 6398 6392
f 6402 6403 6396 6393
f 6395 6394 6402 6393
f 6816 6818 6817 6424
f 6817 6452 6451 6424
f 6451 6445 6811 6424
f 6811 6433 6816 6424
f 6426 6694 6695 6425
f 6695 6696 6818 6425
f 6818 6816 6432 6425
f 6432 6427 6426 6425
f 6692 6691 6694 6426
f 6427 6428 6692 6426
f 6432 6431 6430 6427
f 6430 6429 6428 6427
f 6633 6815 6692 6428
f 6429 6814 6633 6428
f 6430 6812 6813 6429
f 6813 6635 6814 6429
f 6431 6810 6812 6430
f 6432 6816 6433 6431
f 6433 6434 6810 6431
f 6811 6438 6434 6433
f 6438 6435 6808 6434
f 6808 6809 6810 6434
f 6438 6440 6437 6435
f 6437 6436 6805 6435
f 6805 6807 6808 6435
f 6437 6439 6653 6436
f 6653 6655 6652 6436
f 6652 6649 6805 6436
f 6440 6442 6439 6437
f 6811 6445 6440 6438
f 6442 6443 6441 6439
f 6441 6654 6653 6439
f 6445 6444 6442 6440
f 6443 6446 6661 6441
f 6661 6660 6654 6441
f 6444 6447 6443 6442
f 6447 6448 6446 6443
f 6445 6451 6450 6444
f 6450 6449 6447 6444
f 6448 6802 6664 6446
f 6664 6662 6661 6446
f 6449 6804 6448 6447
f 6804 6803 6802 6448
f 6450 6800 6799 6449
f 6799 6798 6804 6449
f 6451 6452 6800 6450
f 6817 6454 6453 6452
f 6453 6457 6800 6452
f 6454 6796 6458 6453
f 6458 6707 6457 6453
f 6696 6697 6796 6454
f 6817 6818 6696 6454
f 6456 6706 6705 6455
f 6705 6702 6795 6455
f 6795 6797 6798 6455
f 6798 6799 6456 6455
f 6457 6707 6706 6456
f 6799 6800 6457 6456
f 6796 6699 6700 6458
f 6700 6704 6707 6458
f 6795 6702 6701 6459
f 6794 6670 6801 6459
f 6801 6797 6795 6459
f 6461 6669 6794 6460
f 6464 6463 6462 6461
f 6464 6465 6793 6463
f 6792 6742 6465 6464
f 6742 6471 6467 6465
f 6467 6466 6793 6465
f 6467 6469 6468 6466
f 6471 6472 6469 6467
f 6469 6791 6789 6468
f 6472 6470 6791 6469
f 6474 6786 6788 6470
f 6788 6541 6791 6470
f 6472 6473 6474 6470
f 6711 6473 6472 6471
f 6742 6787 6711 6471
f 6475 6476 6474 6473
f 6711 6784 6475 6473
f 6476 6778 6786 6474
f 6477 6478 6476 6475
f 6784 6785 6477 6475
f 6478 6779 6778 6476
f 6479 6480 6478 6477
f 6785 6715 6479 6477
f 6480 6780 6779 6478
f 6782 6481 6480 6479
f 6715 6717 6782 6479
f 6481 6781 6780 6480
f 6482 6484 6781 6481
f 6782 6783 6482 6481
f 6483 6486 6484 6482
f 6783 6777 6483 6482
f 6775 6776 6486 6483
f 6777 6722 6775 6483
f 6486 6774 6485 6484
f 6485 6773 6781 6484
f 6774 6493 6489 6485
f 6489 6487 6773 6485
f 6776 6495 6774 6486
f 6489 6490 6488 6487
f 6488 6521 6772 6487
f 6772 6525 6773 6487
f 6490 6771 6519 6488
f 6519 6531 6521 6488
f 6493 6492 6490 6489
f 6492 6491 6771 6490
f 6514 6517 6518 6491
f 6518 6545 6771 6491
f 6492 6769 6514 6491
f 6493 6494 6769 6492
f 6774 6495 6494 6493
f 6770 6515 6769 6494
f 6495 6497 6770 6494
f 6776 6496 6497 6495
f 6499 6500 6497 6496
f 6776 6775 6725 6496
f 6725 6498 6499 6496
f 6500 6513 6770 6497
f 6501 6502 6499 6498
f 6725 6724 6768 6498
f 6768 6737 6501 6498
f 6502 6503 6500 6499
f 6503 6511 6513 6500
f 6767 6505 6502 6501
f 6737 6738 6767 6501
f 6505 6504 6503 6502
f 6504 6509 6511 6503
f 6507 6508 6509 6504
f 6505 6506 6507 6504
f 6767 6766 6506 6505
f 6566 6565 6507 6506
f 6766 6567 6566 6506
f 6565 6564 6508 6507
f 6564 6563 6765 6508
f 6765 6510 6509 6508
f 6510 6512 6511 6509
f 6764 6556 6512 6510
f 6512 6762 6513 6511
f 6556 6763 6762 6512
f 6762 6515 6770 6513
f 6516 6761 6517 6514
f 6769 6515 6516 6514
f 6762 6763 6516 6515
f 6763 6554 6761 6516
f 6761 6549 6548 6517
f 6548 6547 6518 6517
f 6547 6546 6545 6518
f 6771 6545 6533 6519
f 6533 6532 6531 6519
f 6521 6531 6534 6520
f 6534 6537 6530 6520
f 6530 6526 6522 6520
f 6522 6772 6521 6520
f 6526 6523 6524 6522
f 6524 6525 6772 6522
f 6526 6528 6527 6523
f 6527 6786 6778 6523
f 6778 6779 6524 6523
f 6779 6780 6525 6524
f 6780 6781 6773 6525
f 6530 6529 6528 6526
f 6528 6539 6538 6527
f 6538 6788 6786 6527
f 6529 6540 6539 6528
f 6530 6537 6536 6529
f 6532 6535 6534 6531
f 6545 6546 6544 6533
f 6539 6543 6542 6538
f 6542 6541 6788 6538
f 6790 6789 6791 6541
f 6761 6554 6550 6549
f 6554 6555 6551 6550
f 6555 6553 6552 6551
f 6555 6556 6764 6553
f 6763 6556 6555 6554
f 6561 6562 6558 6557
f 6560 6759 6760 6559
f 6562 6563 6759 6560
f 6765 6563 6562 6561
f 6564 6757 6759 6563
f 6565 6573 6757 6564
f 6566 6756 6573 6565
f 6567 6570 6756 6566
f 6766 6736 6568 6567
f 6568 6569 6570 6567
f 6736 6734 6754 6568
f 6754 6755 6569 6568
f 6584 6752 6570 6569
f 6755 6585 6584 6569
f 6752 6571 6756 6570
f 6751 6574 6572 6571
f 6572 6573 6756 6571
f 6752 6753 6751 6571
f 6574 6575 6758 6572
f 6758 6757 6573 6572
f 6751 6579 6577 6574
f 6576 6760 6758 6575
f 6579 6581 6580 6578
f 6751 6753 6581 6579
f 6581 6750 6582 6580
f 6753 6583 6750 6581
f 6750 6620 6617 6582
f 6753 6752 6584 6583
f 6584 6585 6749 6583
f 6749 6620 6750 6583
f 6755 6586 6587 6585
f 6587 6619 6749 6585
f 6755 6754 6735 6586
f 6735 6748 6589 6586
f 6589 6588 6587 6586
f 6588 6621 6619 6587
f 6589 6591 6590 6588
f 6590 6623 6621 6588
f 6748 6592 6591 6589
f 6591 6599 6600 6590
f 6600 6624 6623 6590
f 6592 6747 6599 6591
f 6748 6593 6596 6592
f 6596 6597 6747 6592
f 6748 6735 6733 6593
f 6733 6732 6594 6593
f 6594 6595 6596 6593
f 6732 6730 6746 6594
f 6746 6745 6595 6594
f 6745 6691 6690 6595
f 6690 6597 6596 6595
f 6690 6815 6689 6597
f 6689 6688 6747 6597
f 6601 6600 6599 6598
f 6599 6747 6688 6598
f 6688 6631 6686 6598
f 6686 6602 6601 6598
f 6601 6687 6624 6600
f 6602 6604 6687 6601
f 6686 6629 6628 6602
f 6628 6603 6604 6602
f 6605 6606 6604 6603
f 6606 6625 6687 6604
f 6627 6626 6625 6607
f 6609 6613 6627 6608
f 6610 6615 6613 6609
f 6611 6616 6615 6610
f 6612 6617 6616 6611
f 6615 6622 6614 6613
f 6614 6626 6627 6613
f 6622 6621 6623 6614
f 6623 6624 6626 6614
f 6616 6618 6622 6615
f 6617 6620 6618 6616
f 6620 6749 6619 6618
f 6619 6621 6622 6618
f 6687 6625 6626 6624
f 6686 6631 6630 6629
f 6630 6682 6681 6629
f 6631 6634 6632 6630
f 6632 6638 6682 6630
f 6688 6689 6634 6631
f 6634 6633 6814 6632
f 6814 6635 6638 6632
f 6634 6689 6815 6633
f 6813 6648 6637 6635
f 6637 6684 6638 6635
f 6683 6684 6637 6636
f 6637 6648 6643 6636
f 6643 6642 6639 6636
f 6639 6673 6683 6636
f 6684 6685 6682 6638
f 6642 6641 6672 6639
f 6642 6643 6646 6640
f 6646 6645 6644 6640
f 6644 6650 6651 6640
f 6651 6641 6642 6640
f 6648 6647 6646 6643
f 6645 6807 6806 6644
f 6806 6656 6650 6644
f 6646 6647 6809 6645
f 6809 6808 6807 6645
f 6648 6813 6812 6647
f 6812 6810 6809 6647
f 6806 6807 6805 6649
f 6652 6659 6658 6649
f 6658 6656 6806 6649
f 6654 6657 6655 6653
f 6664 6666 6678 6662
f 6802 6803 6671 6663
f 6671 6667 6665 6663
f 6666 6664 6802 6663
f 6671 6801 6670 6667
f 6670 6794 6669 6668
f 6803 6797 6801 6671
f 6675 6674 6683 6673
f 6676 6679 6685 6674
f 6685 6684 6683 6674
f 6680 6681 6679 6677
f 6681 6682 6685 6679
f 6691 6692 6815 6690
f 6745 6693 6694 6691
f 6745 6746 6729 6693
f 6729 6728 6744 6693
f 6744 6695 6694 6693
f 6744 6697 6696 6695
f 6744 6728 6698 6697
f 6698 6699 6796 6697
f 6728 6727 6726 6698
f 6726 6743 6699 6698
f 6743 6718 6700 6699
f 6718 6716 6704 6700
f 6702 6709 6708 6701
f 6705 6710 6709 6702
f 6704 6716 6714 6703
f 6714 6713 6710 6703
f 6710 6705 6706 6703
f 6706 6707 6704 6703
f 6709 6712 6787 6708
f 6787 6742 6792 6708
f 6710 6713 6712 6709
f 6787 6712 6784 6711
f 6713 6785 6784 6712
f 6714 6715 6785 6713
f 6716 6717 6715 6714
f 6718 6719 6717 6716
f 6719 6783 6782 6717
f 6743 6720 6719 6718
f 6720 6777 6783 6719
f 6721 6722 6777 6720
f 6743 6726 6721 6720
f 6723 6724 6722 6721
f 6726 6727 6723 6721
f 6724 6725 6775 6722
f 6740 6768 6724 6723
f 6727 6741 6740 6723
f 6728 6729 6741 6727
f 6746 6730 6741 6729
f 6732 6731 6739 6730
f 6739 6740 6741 6730
f 6734 6736 6738 6731
f 6738 6737 6739 6731
f 6732 6733 6734 6731
f 6735 6754 6734 6733
f 6766 6767 6738 6736
f 6768 6740 6739 6737
f 6758 6760 6759 6757
f 6803 6804 6798 6797
f 6824 6820 6821 6819
f 6824 6823 6826 6820
f 6884 6883 6823 6822
f 6883 6825 6826 6823
f 6886 6885 6826 6825
f 6883 6875 6827 6825
f 6827 6828 6886 6825
f 6830 6875 6874 6829
f 6874 6873 6878 6829
f 6878 6877 6833 6829
f 6833 6832 6830 6829
f 6832 6880 6858 6830
f 6879 6880 6832 6831
f 6832 6833 6834 6831
f 6834 6835 6867 6831
f 6867 6861 6879 6831
f 6877 6869 6834 6833
f 6869 6868 6835 6834
f 6868 6866 6836 6835
f 6836 6865 6867 6835
f 6838 6852 6865 6837
f 6864 6853 6852 6838
f 6844 6839 6864 6838
f 6840 6863 6864 6839
f 6841 6850 6863 6840
f 6843 6842 6841 6840
f 6842 6849 6848 6841
f 6846 6847 6849 6845
f 6862 6854 6853 6851
f 6853 6864 6863 6851
f 6853 6854 6861 6852
f 6861 6867 6865 6852
f 6862 6855 6856 6854
f 6856 6879 6861 6854
f 6860 6857 6856 6855
f 6857 6880 6879 6856
f 6859 6858 6880 6857
f 6869 6870 6876 6868
f 6877 6871 6870 6869
f 6877 6878 6872 6871
f 6875 6883 6884 6874
f 6996 6997 6890 6881
f 6890 6891 6892 6888
f 6892 6894 6902 6889
f 6997 6998 6891 6890
f 6893 6894 6892 6891
f 6998 6887 6893 6891
f 6897 6895 6894 6893
f 6887 6898 6897 6893
f 6895 6896 6902 6894
f 6887 6899 6900 6898
f 6887 6998 6991 6899
f 6991 6990 6988 6899
f 6988 6901 6900 6899
f 6987 6976 6922 6903
f 6922 6921 6904 6903
f 6921 6908 6905 6904
f 6908 6986 6906 6905
f 6921 6920 6916 6908
f 6916 6915 6986 6908
f 6911 6983 6910 6909
f 6985 6914 6912 6911
f 6912 6966 6983 6911
f 6914 6913 6982 6912
f 6982 6965 6966 6912
f 6914 6915 6980 6913
f 6980 6981 6963 6913
f 6963 6964 6982 6913
f 6985 6986 6915 6914
f 6920 6918 6917 6916
f 6920 6919 6978 6918
f 6920 6921 6922 6919
f 6922 6976 6933 6919
f 6933 6931 6978 6919
f 6924 6925 6975 6923
f 6975 6976 6987 6923
f 6977 6926 6925 6924
f 6926 6927 6974 6925
f 6974 6932 6975 6925
f 6930 6932 6974 6928
f 6971 6929 6930 6928
f 6970 6931 6930 6929
f 6973 6936 6970 6929
f 6931 6933 6932 6930
f 6970 6934 6978 6931
f 6933 6976 6975 6932
f 6970 6936 6935 6934
f 6935 6961 6962 6934
f 6936 6937 6938 6935
f 6938 6960 6961 6935
f 6973 6972 6937 6936
f 6940 6939 6938 6937
f 6939 6958 6960 6938
f 6940 6941 6882 6939
f 6882 6954 6958 6939
f 6942 6954 6882 6941
f 6953 6955 6954 6942
f 6969 6952 6953 6943
f 6945 6949 6951 6944
f 6947 6948 6984 6946
f 6984 6967 6949 6946
f 6967 6950 6951 6949
f 6967 6966 6965 6950
f 6965 6968 6952 6950
f 6952 6969 6951 6950
f 6968 6955 6953 6952
f 6955 6959 6958 6954
f 6968 6964 6959 6955
f 6957 6963 6981 6956
f 6961 6960 6957 6956
f 6959 6964 6963 6957
f 6960 6958 6959 6957
f 6968 6965 6982 6964
f 6967 6984 6983 6966
f 6990 6991 6992 6989
f 6992 6993 6994 6989
f 6998 6997 6992 6991
f 6997 6996 6993 6992
f 7000 7009 7013 6999
f 7001 7010 7009 7000
f 7002 7011 7010 7001
f 7003 7012 7011 7002
f 7004 7008 7012 7003
f 7005 7007 7008 7004
f 7006 6995 7007 7005
f 6907 6979 6995 7006
f 7018 7019 7015 7017
f 7016 7014 7015 7019
f 7053 7049 7051 7020
f 7022 7183 7055 7021
f 7023 7168 7184 7022
f 7184 7179 7183 7022
f 7167 7105 7168 7023
f 7188 7187 7105 7024
f 7105 7167 7026 7024
f 7027 7031 7188 7025
f 7028 7030 7031 7027
f 7029 7186 7030 7028
f 7085 7069 7186 7029
f 7186 7032 7033 7030
f 7033 7034 7031 7030
f 7034 7187 7188 7031
f 7186 7069 7072 7032
f 7072 7071 7075 7032
f 7075 7182 7033 7032
f 7182 7035 7034 7033
f 7035 7185 7187 7034
f 7182 7080 7181 7035
f 7181 7180 7185 7035
f 7179 7178 7177 7036
f 7177 7037 7038 7036
f 7038 7039 7047 7036
f 7047 7183 7179 7036
f 7177 7082 7176 7037
f 7046 7048 7047 7039
f 7054 7052 7056 7040
f 7050 7043 7042 7041
f 7042 7056 7052 7041
f 7050 7051 7044 7043
f 7051 7049 7045 7044
f 7049 7048 7046 7045
f 7048 7055 7183 7047
f 7049 7053 7055 7048
f 7061 7062 7060 7057
f 7058 7176 7061 7057
f 7142 7141 7161 7059
f 7135 7060 7142 7059
f 7062 7063 7142 7060
f 7081 7077 7062 7061
f 7176 7082 7081 7061
f 7077 7173 7063 7062
f 7175 7141 7142 7063
f 7172 7171 7170 7064
f 7174 7173 7073 7064
f 7073 7070 7172 7064
f 7068 7089 7088 7065
f 7088 7087 7171 7065
f 7171 7172 7066 7065
f 7066 7067 7068 7065
f 7172 7070 7071 7066
f 7071 7072 7067 7066
f 7083 7084 7068 7067
f 7072 7069 7083 7067
f 7085 7086 7083 7069
f 7073 7076 7074 7070
f 7074 7075 7071 7070
f 7173 7077 7076 7073
f 7076 7079 7080 7074
f 7080 7182 7075 7074
f 7077 7081 7079 7076
f 7181 7080 7079 7078
f 7079 7081 7082 7078
f 7082 7177 7178 7078
f 7178 7180 7181 7078
f 7088 7092 7091 7087
f 7091 7090 7169 7087
f 7169 7170 7171 7087
f 7089 7093 7092 7088
f 7091 7095 7094 7090
f 7094 7149 7151 7090
f 7151 7158 7169 7090
f 7092 7096 7095 7091
f 7097 7098 7149 7094
f 7147 7148 7149 7098
f 7100 7164 7146 7099
f 7165 7115 7164 7100
f 7114 7120 7165 7101
f 7166 7113 7114 7102
f 7104 7110 7111 7103
f 7107 7109 7110 7104
f 7108 7109 7107 7106
f 7131 7130 7109 7108
f 7130 7126 7110 7109
f 7126 7112 7111 7110
f 7112 7113 7166 7111
f 7126 7128 7129 7112
f 7129 7121 7113 7112
f 7121 7120 7114 7113
f 7165 7120 7119 7115
f 7119 7118 7116 7115
f 7116 7145 7164 7115
f 7118 7117 7163 7116
f 7163 7144 7145 7116
f 7118 7124 7138 7117
f 7138 7162 7137 7117
f 7137 7140 7163 7117
f 7119 7125 7124 7118
f 7120 7121 7125 7119
f 7129 7122 7125 7121
f 7129 7128 7127 7122
f 7123 7124 7125 7122
f 7133 7138 7124 7123
f 7130 7132 7128 7126
f 7161 7139 7136 7134
f 7139 7140 7137 7136
f 7143 7154 7140 7139
f 7161 7141 7143 7139
f 7154 7144 7163 7140
f 7175 7155 7143 7141
f 7155 7152 7154 7143
f 7153 7160 7145 7144
f 7154 7152 7153 7144
f 7160 7146 7164 7145
f 7160 7148 7147 7146
f 7160 7153 7150 7148
f 7150 7151 7149 7148
f 7153 7152 7156 7150
f 7156 7158 7151 7150
f 7155 7159 7156 7152
f 7159 7157 7158 7156
f 7170 7169 7158 7157
f 7179 7184 7180 7178
f 7184 7168 7185 7180
f 7168 7105 7187 7185
f 7192 7194 7189 7191
f 7193 7195 7194 7192
f 7196 7197 7195 7193
f 7198 7199 7197 7196
f 7200 7201 7199 7198
f 7202 7190 7201 7200
f 7203 7208 7190 7202
f 7204 7207 7208 7203
f 7205 7206 7207 7204
f 7355 7209 7206 7205
f 7209 7457 7456 7206
f 7355 7210 7211 7209
f 7565 7480 7211 7210
f 7559 7560 7213 7212
f 7213 7556 7555 7212
f 7555 7547 7558 7212
f 7560 7563 7561 7213
f 7561 7306 7556 7213
f 7554 7215 7218 7214
f 7218 7216 7549 7214
f 7549 7435 7550 7214
f 7550 7553 7554 7214
f 7557 7558 7547 7215
f 7547 7221 7218 7215
f 7554 7459 7557 7215
f 7218 7221 7217 7216
f 7217 7543 7548 7216
f 7548 7438 7549 7216
f 7221 7544 7219 7217
f 7219 7222 7543 7217
f 7544 7545 7220 7219
f 7220 7223 7222 7219
f 7545 7546 7225 7220
f 7225 7224 7223 7220
f 7547 7555 7544 7221
f 7223 7536 7236 7222
f 7236 7237 7543 7222
f 7224 7538 7536 7223
f 7225 7226 7542 7224
f 7542 7233 7538 7224
f 7546 7227 7226 7225
f 7227 7305 7230 7226
f 7230 7229 7542 7226
f 7307 7308 7305 7227
f 7546 7306 7307 7227
f 7304 7309 7303 7228
f 7303 7541 7540 7228
f 7540 7539 7231 7228
f 7231 7229 7304 7228
f 7230 7310 7304 7229
f 7231 7233 7542 7229
f 7539 7232 7233 7231
f 7539 7318 7320 7232
f 7320 7319 7234 7232
f 7234 7538 7233 7232
f 7319 7537 7235 7234
f 7235 7536 7538 7234
f 7537 7240 7535 7235
f 7535 7236 7536 7235
f 7535 7239 7237 7236
f 7239 7238 7534 7237
f 7534 7548 7543 7237
f 7239 7241 7533 7238
f 7533 7244 7530 7238
f 7530 7439 7534 7238
f 7535 7240 7241 7239
f 7537 7270 7269 7240
f 7269 7242 7241 7240
f 7242 7243 7533 7241
f 7269 7268 7267 7242
f 7267 7260 7243 7242
f 7260 7259 7532 7243
f 7532 7244 7533 7243
f 7532 7531 7252 7244
f 7252 7245 7530 7244
f 7247 7439 7530 7245
f 7252 7250 7248 7245
f 7248 7246 7247 7245
f 7529 7437 7247 7246
f 7248 7526 7527 7246
f 7527 7528 7529 7246
f 7437 7438 7439 7247
f 7250 7249 7526 7248
f 7250 7251 7253 7249
f 7253 7525 7443 7249
f 7443 7442 7526 7249
f 7252 7531 7251 7250
f 7531 7258 7256 7251
f 7256 7255 7253 7251
f 7255 7254 7525 7253
f 7255 7498 7497 7254
f 7497 7381 7449 7254
f 7449 7450 7525 7254
f 7256 7524 7498 7255
f 7258 7257 7524 7256
f 7258 7259 7262 7257
f 7262 7522 7348 7257
f 7348 7349 7524 7257
f 7531 7532 7259 7258
f 7260 7261 7262 7259
f 7267 7523 7261 7260
f 7523 7265 7264 7261
f 7264 7522 7262 7261
f 7264 7265 7520 7263
f 7520 7521 7345 7263
f 7346 7522 7264 7263
f 7523 7266 7519 7265
f 7519 7278 7520 7265
f 7268 7518 7274 7266
f 7274 7277 7519 7266
f 7523 7267 7268 7266
f 7269 7270 7518 7268
f 7537 7319 7271 7270
f 7271 7272 7518 7270
f 7319 7320 7316 7271
f 7316 7516 7272 7271
f 7516 7324 7273 7272
f 7273 7274 7518 7272
f 7324 7515 7275 7273
f 7275 7277 7274 7273
f 7515 7286 7276 7275
f 7276 7514 7277 7275
f 7286 7285 7510 7276
f 7510 7513 7514 7276
f 7514 7278 7519 7277
f 7514 7513 7279 7278
f 7279 7521 7520 7278
f 7513 7281 7512 7279
f 7512 7504 7521 7279
f 7282 7284 7283 7280
f 7283 7333 7334 7280
f 7334 7337 7511 7280
f 7511 7281 7282 7280
f 7513 7510 7282 7281
f 7511 7509 7512 7281
f 7510 7285 7284 7282
f 7284 7287 7332 7283
f 7332 7331 7333 7283
f 7285 7288 7287 7284
f 7286 7289 7288 7285
f 7515 7291 7289 7286
f 7288 7327 7325 7287
f 7325 7329 7332 7287
f 7289 7290 7327 7288
f 7291 7292 7290 7289
f 7292 7293 7296 7290
f 7296 7328 7327 7290
f 7323 7294 7292 7291
f 7515 7324 7323 7291
f 7294 7311 7293 7292
f 7311 7299 7298 7293
f 7298 7295 7296 7293
f 7312 7313 7311 7294
f 7323 7517 7312 7294
f 7297 7328 7296 7295
f 7311 7313 7300 7299
f 7313 7315 7301 7300
f 7315 7322 7302 7301
f 7561 7562 7307 7306
f 7546 7545 7556 7306
f 7562 7564 7308 7307
f 7314 7315 7313 7312
f 7517 7317 7314 7312
f 7321 7322 7315 7314
f 7317 7318 7321 7314
f 7320 7318 7317 7316
f 7317 7517 7516 7316
f 7539 7540 7321 7318
f 7540 7541 7322 7321
f 7324 7516 7517 7323
f 7327 7328 7326 7325
f 7330 7331 7332 7329
f 7508 7340 7338 7335
f 7338 7339 7337 7336
f 7339 7509 7511 7337
f 7340 7506 7339 7338
f 7506 7505 7509 7339
f 7508 7507 7341 7340
f 7341 7342 7506 7340
f 7343 7505 7506 7342
f 7344 7504 7505 7343
f 7345 7521 7504 7344
f 7347 7348 7522 7346
f 7503 7349 7348 7347
f 7503 7351 7350 7349
f 7350 7498 7524 7349
f 7351 7354 7502 7350
f 7502 7497 7498 7350
f 7503 7356 7353 7351
f 7353 7352 7354 7351
f 7376 7377 7354 7352
f 7377 7379 7502 7354
f 7375 7361 7357 7356
f 7361 7363 7359 7357
f 7360 7371 7374 7358
f 7363 7373 7360 7359
f 7373 7372 7371 7360
f 7362 7364 7363 7361
f 7364 7365 7373 7363
f 7368 7371 7372 7366
f 7369 7370 7368 7367
f 7370 7374 7371 7368
f 7501 7500 7377 7376
f 7500 7378 7379 7377
f 7380 7381 7379 7378
f 7500 7499 7487 7378
f 7487 7493 7380 7378
f 7381 7497 7502 7379
f 7382 7449 7381 7380
f 7493 7383 7382 7380
f 7496 7450 7449 7382
f 7383 7495 7496 7382
f 7493 7492 7494 7383
f 7494 7384 7495 7383
f 7490 7491 7495 7384
f 7494 7392 7385 7384
f 7385 7489 7490 7384
f 7392 7387 7389 7385
f 7389 7488 7489 7385
f 7388 7389 7387 7386
f 7387 7390 7395 7386
f 7395 7400 7405 7386
f 7405 7406 7388 7386
f 7392 7391 7390 7387
f 7407 7488 7389 7388
f 7406 7463 7407 7388
f 7391 7394 7393 7390
f 7393 7399 7395 7390
f 7392 7494 7492 7391
f 7492 7486 7394 7391
f 7394 7484 7465 7393
f 7465 7397 7399 7393
f 7486 7485 7484 7394
f 7399 7398 7400 7395
f 7398 7399 7397 7396
f 7397 7483 7482 7396
f 7482 7401 7402 7396
f 7402 7403 7398 7396
f 7465 7467 7483 7397
f 7403 7404 7400 7398
f 7408 7410 7488 7407
f 7464 7409 7410 7408
f 7460 7414 7413 7409
f 7413 7411 7410 7409
f 7464 7189 7460 7409
f 7411 7489 7488 7410
f 7413 7461 7412 7411
f 7412 7490 7489 7411
f 7461 7452 7446 7412
f 7446 7491 7490 7412
f 7414 7462 7461 7413
f 7415 7416 7462 7414
f 7417 7419 7424 7416
f 7424 7453 7462 7416
f 7420 7421 7419 7418
f 7421 7425 7424 7419
f 7422 7430 7421 7420
f 7430 7428 7425 7421
f 7454 7433 7430 7422
f 7425 7428 7426 7423
f 7426 7440 7447 7423
f 7447 7452 7453 7423
f 7453 7424 7425 7423
f 7428 7429 7427 7426
f 7427 7441 7440 7426
f 7429 7431 7528 7427
f 7528 7527 7441 7427
f 7430 7433 7429 7428
f 7433 7434 7431 7429
f 7434 7436 7432 7431
f 7432 7529 7528 7431
f 7436 7550 7435 7432
f 7435 7437 7529 7432
f 7454 7551 7434 7433
f 7551 7552 7436 7434
f 7549 7438 7437 7435
f 7552 7553 7550 7436
f 7548 7534 7439 7438
f 7441 7442 7444 7440
f 7444 7445 7447 7440
f 7527 7526 7442 7441
f 7443 7451 7444 7442
f 7525 7450 7451 7443
f 7451 7448 7445 7444
f 7448 7491 7446 7445
f 7446 7452 7447 7445
f 7451 7450 7496 7448
f 7496 7495 7491 7448
f 7461 7462 7453 7452
f 7455 7456 7551 7454
f 7457 7552 7551 7456
f 7458 7553 7552 7457
f 7459 7554 7553 7458
f 7484 7468 7467 7465
f 7483 7467 7469 7466
f 7469 7478 7477 7466
f 7477 7476 7481 7466
f 7481 7482 7483 7466
f 7468 7470 7469 7467
f 7484 7485 7471 7468
f 7471 7472 7470 7468
f 7470 7479 7478 7469
f 7485 7499 7475 7471
f 7475 7473 7472 7471
f 7475 7501 7474 7473
f 7499 7500 7501 7475
f 7486 7487 7499 7485
f 7492 7493 7487 7486
f 7512 7509 7505 7504
f 7555 7556 7545 7544
f 7567 7573 7581 7566
f 7581 7590 7674 7566
f 7706 7675 7568 7567
f 7568 7574 7573 7567
f 7571 7569 7574 7568
f 7571 7732 7570 7569
f 7570 7572 7580 7569
f 7580 7579 7574 7569
f 7732 7822 7821 7570
f 7821 7734 7572 7570
f 7721 7824 7732 7571
f 7734 7737 7577 7572
f 7577 7576 7580 7572
f 7574 7579 7578 7573
f 7578 7584 7581 7573
f 7579 7580 7576 7575
f 7576 7582 7773 7575
f 7773 7586 7583 7575
f 7583 7578 7579 7575
f 7577 7752 7582 7576
f 7737 7740 7752 7577
f 7583 7588 7584 7578
f 7584 7589 7590 7581
f 7752 7753 7763 7582
f 7763 7772 7773 7582
f 7586 7585 7588 7583
f 7588 7587 7589 7584
f 7586 7739 7738 7585
f 7791 7587 7588 7585
f 7773 7772 7739 7586
f 7591 7594 7589 7587
f 7594 7595 7590 7589
f 7792 7593 7594 7591
f 7597 7596 7593 7592
f 7593 7792 7796 7592
f 7796 7657 7658 7592
f 7658 7656 7597 7592
f 7596 7595 7594 7593
f 7596 7599 7600 7595
f 7597 7598 7599 7596
f 7656 7807 7598 7597
f 7603 7601 7599 7598
f 7807 7651 7603 7598
f 7601 7602 7600 7599
f 7605 7606 7602 7601
f 7603 7604 7605 7601
f 7651 7649 7604 7603
f 7829 7608 7605 7604
f 7649 7650 7829 7604
f 7608 7609 7606 7605
f 7609 7610 7607 7606
f 7610 7614 7808 7607
f 7611 7612 7609 7608
f 7829 7647 7611 7608
f 7612 7613 7610 7609
f 7613 7619 7614 7610
f 7645 7644 7612 7611
f 7647 7646 7645 7611
f 7644 7640 7613 7612
f 7640 7641 7619 7613
f 7619 7620 7615 7614
f 7620 7621 7618 7615
f 7618 7617 7616 7615
f 7618 7623 7825 7617
f 7621 7625 7623 7618
f 7641 7642 7620 7619
f 7642 7643 7621 7620
f 7643 7635 7625 7621
f 7626 7630 7628 7622
f 7628 7827 7826 7622
f 7826 7824 7828 7622
f 7828 7624 7626 7622
f 7625 7627 7624 7623
f 7624 7828 7825 7623
f 7627 7631 7626 7624
f 7635 7633 7627 7625
f 7631 7798 7630 7626
f 7633 7632 7631 7627
f 7630 7797 7629 7628
f 7629 7813 7827 7628
f 7797 7801 7800 7629
f 7800 7799 7813 7629
f 7798 7803 7797 7630
f 7632 7812 7798 7631
f 7811 7809 7812 7632
f 7633 7804 7811 7632
f 7635 7634 7804 7633
f 7806 7810 7804 7634
f 7635 7643 7637 7634
f 7637 7805 7806 7634
f 7637 7643 7642 7636
f 7642 7641 7639 7636
f 7677 7678 7639 7638
f 7639 7641 7640 7638
f 7640 7644 7679 7638
f 7679 7676 7677 7638
f 7672 7762 7673 7646
f 7829 7650 7648 7647
f 7651 7652 7653 7649
f 7807 7654 7652 7651
f 7654 7766 7767 7652
f 7767 7768 7653 7652
f 7807 7656 7655 7654
f 7655 7765 7766 7654
f 7656 7658 7668 7655
f 7668 7771 7765 7655
f 7666 7769 7667 7657
f 7667 7668 7658 7657
f 7662 7663 7664 7659
f 7794 7793 7661 7660
f 7661 7789 7662 7660
f 7793 7777 7780 7661
f 7780 7779 7789 7661
f 7789 7787 7663 7662
f 7787 7786 7788 7663
f 7788 7665 7664 7663
f 7770 7771 7668 7667
f 7671 7764 7670 7669
f 7762 7760 7680 7673
f 7686 7681 7761 7680
f 7760 7685 7686 7680
f 7687 7756 7682 7681
f 7686 7690 7687 7681
f 7756 7710 7708 7682
f 7742 7688 7684 7683
f 7684 7759 7758 7683
f 7758 7757 7744 7683
f 7688 7689 7685 7684
f 7685 7760 7759 7684
f 7689 7690 7686 7685
f 7692 7695 7756 7687
f 7690 7691 7692 7687
f 7741 7743 7689 7688
f 7693 7694 7695 7692
f 7697 7696 7695 7694
f 7696 7710 7756 7695
f 7697 7698 7704 7696
f 7704 7709 7710 7696
f 7712 7713 7698 7697
f 7713 7714 7699 7698
f 7699 7700 7704 7698
f 7714 7715 7711 7699
f 7711 7701 7700 7699
f 7705 7709 7704 7700
f 7711 7716 7702 7701
f 7716 7718 7703 7702
f 7718 7719 7724 7703
f 7708 7710 7709 7707
f 7715 7717 7716 7711
f 7735 7736 7714 7713
f 7733 7728 7717 7715
f 7717 7727 7718 7716
f 7728 7731 7727 7717
f 7727 7726 7719 7718
f 7726 7730 7725 7719
f 7725 7722 7724 7719
f 7723 7722 7725 7720
f 7727 7731 7729 7726
f 7754 7755 7736 7735
f 7757 7749 7746 7745
f 7749 7748 7747 7746
f 7757 7758 7750 7749
f 7758 7759 7751 7750
f 7778 7776 7775 7774
f 7781 7783 7778 7774
f 7778 7779 7780 7776
f 7783 7784 7779 7778
f 7784 7787 7789 7779
f 7785 7784 7783 7782
f 7785 7786 7787 7784
f 7793 7794 7795 7790
f 7812 7802 7803 7798
f 7814 7823 7827 7813
f 7815 7820 7823 7814
f 7817 7819 7820 7815
f 7818 7819 7817 7816
f 7737 7734 7819 7818
f 7734 7821 7820 7819
f 7821 7822 7823 7820
f 7826 7827 7823 7822
f 7732 7824 7826 7822
f 7721 7825 7828 7824
f 7831 7964 7965 7830
f 7965 7939 7839 7830
f 7832 7963 7964 7831
f 7833 7962 7963 7832
f 7844 7970 7962 7833
f 7836 7848 7846 7835
f 7855 7849 7848 7836
f 7853 7854 7852 7837
f 7850 7849 7855 7838
f 7845 7843 7842 7841
f 7851 7969 7968 7856
f 7968 7840 7857 7856
f 7859 7861 7974 7858
f 7974 7973 7847 7858
f 7860 7862 7861 7859
f 7862 7863 7976 7861
f 7976 7975 7974 7861
f 7864 7866 7863 7862
f 7866 7865 7906 7863
f 7906 7956 7976 7863
f 7867 7870 7953 7865
f 7953 7952 7906 7865
f 7907 7950 7951 7868
f 7951 7949 7869 7868
f 7949 7953 7870 7869
f 7872 7879 7880 7871
f 7880 7950 7907 7871
f 7873 7878 7879 7872
f 7874 7877 7878 7873
f 7875 7876 7877 7874
f 7926 7923 7924 7876
f 7924 7885 7877 7876
f 7885 7883 7878 7877
f 7883 7884 7879 7878
f 7884 7881 7880 7879
f 7881 7945 7950 7880
f 7884 7882 7934 7881
f 7934 7943 7945 7881
f 7884 7883 7933 7882
f 7933 7834 7935 7882
f 7935 7908 7934 7882
f 7885 7917 7933 7883
f 7924 7886 7917 7885
f 7924 7923 7921 7886
f 7921 7918 7916 7886
f 7916 7887 7917 7886
f 7916 7910 7909 7887
f 7909 7888 7834 7887
f 7834 7933 7917 7887
f 7909 7910 7914 7889
f 7912 7893 7891 7890
f 7915 7911 7912 7890
f 7893 7894 7905 7891
f 7896 7897 7902 7892
f 7902 7904 7903 7892
f 7903 7905 7894 7892
f 7894 7895 7896 7892
f 7920 7895 7894 7893
f 7912 7919 7920 7893
f 7898 7901 7902 7897
f 7899 7900 7901 7898
f 7916 7918 7911 7910
f 7911 7915 7914 7910
f 7918 7919 7912 7911
f 7921 7922 7919 7918
f 7922 7927 7920 7919
f 7923 7925 7922 7921
f 7925 7928 7927 7922
f 7928 7929 7930 7927
f 7908 7942 7943 7934
f 7941 7942 7908 7936
f 7938 7940 7941 7936
f 7939 7940 7938 7937
f 7965 7967 7940 7939
f 7967 7932 7941 7940
f 7932 7931 7942 7941
f 7931 7944 7943 7942
f 7944 7946 7945 7943
f 7947 7948 7946 7944
f 7931 7977 7947 7944
f 7946 7951 7950 7945
f 7948 7949 7951 7946
f 7954 7952 7948 7947
f 7977 7959 7954 7947
f 7952 7953 7949 7948
f 7954 7956 7906 7952
f 7959 7955 7956 7954
f 7975 7976 7956 7955
f 7959 7958 7960 7955
f 7960 7972 7975 7955
f 7961 7960 7958 7957
f 7958 7913 7966 7957
f 7966 7964 7963 7957
f 7963 7962 7961 7957
f 7959 7977 7913 7958
f 7961 7971 7972 7960
f 7962 7970 7971 7961
f 7966 7967 7965 7964
f 7913 7932 7967 7966
f 7969 7971 7970 7968
f 7970 7844 7840 7968
f 7851 7847 7973 7969
f 7973 7972 7971 7969
f 7973 7974 7975 7972
f 7931 7932 7913 7977
f 7979 8000 7980 7978
f 8000 7998 7983 7980
f 7983 7982 7981 7980
f 7982 8108 7999 7981
f 7983 7984 7986 7982
f 7986 7987 8108 7982
f 8107 7987 7986 7985
f 8107 8058 7988 7987
f 7988 7990 8108 7987
f 8058 8057 7989 7988
f 7989 7991 7990 7988
f 8057 8055 8106 7989
f 8105 8056 7994 7992
f 7994 7993 7997 7992
f 7994 8061 8054 7993
f 8054 8104 7996 7993
f 7996 7995 7997 7993
f 8056 8078 8061 7994
f 7996 8103 8001 7995
f 8104 8051 8103 7996
f 8052 8049 8102 8002
f 8026 8089 8004 8003
f 8089 8101 8005 8004
f 8101 8007 8006 8005
f 8101 8025 8024 8007
f 8024 8010 8008 8007
f 8010 8011 8009 8008
f 8011 8012 8093 8009
f 8024 8086 8023 8010
f 8023 8021 8011 8010
f 8021 8095 8012 8011
f 8013 8094 8093 8012
f 8095 8096 8013 8012
f 8096 8097 8014 8013
f 8097 8098 8100 8014
f 8092 8099 8017 8015
f 8017 8018 8016 8015
f 8096 8095 8020 8019
f 8095 8021 8022 8020
f 8023 8091 8022 8021
f 8086 8032 8091 8023
f 8025 8090 8086 8024
f 8101 8089 8028 8025
f 8028 8030 8090 8025
f 8046 8045 8027 8026
f 8027 8028 8089 8026
f 8045 8044 8029 8027
f 8029 8030 8028 8027
f 8044 8043 8088 8029
f 8088 8036 8030 8029
f 8036 8031 8090 8030
f 8032 8086 8090 8031
f 8036 8035 8087 8031
f 8087 8034 8032 8031
f 8034 8033 8091 8032
f 8036 8088 8037 8035
f 8088 8043 8041 8037
f 8041 8085 8038 8037
f 8085 8041 8040 8039
f 8040 8070 8069 8039
f 8069 8068 8084 8039
f 8041 8043 8042 8040
f 8042 8071 8070 8040
f 8043 8044 8083 8042
f 8045 8081 8083 8044
f 8046 8082 8081 8045
f 8102 8049 8048 8047
f 8048 8081 8082 8047
f 8049 8050 8080 8048
f 8080 8083 8081 8048
f 8052 8053 8050 8049
f 8053 8062 8079 8050
f 8104 8053 8052 8051
f 8104 8054 8062 8053
f 8061 8063 8062 8054
f 8060 8078 8056 8055
f 8056 8105 8106 8055
f 8057 8059 8060 8055
f 8058 8073 8059 8057
f 8107 8074 8073 8058
f 8077 8075 8060 8059
f 8073 8072 8077 8059
f 8075 8076 8078 8060
f 8078 8076 8063 8061
f 8063 8064 8079 8062
f 8076 8065 8064 8063
f 8070 8071 8079 8064
f 8065 8069 8070 8064
f 8076 8075 8066 8065
f 8066 8068 8069 8065
f 8075 8077 8067 8066
f 8100 8098 8099 8092
f 8200 8187 8110 8109
f 8187 8248 8111 8110
f 8248 8189 8112 8111
f 8189 8380 8113 8112
f 8384 8115 8114 8113
f 8380 8383 8384 8113
f 8384 8123 8118 8115
f 8118 8120 8117 8116
f 8120 8312 8282 8117
f 8123 8119 8120 8118
f 8311 8312 8120 8119
f 8123 8122 8124 8119
f 8124 8382 8311 8119
f 8381 8124 8122 8121
f 8122 8383 8125 8121
f 8125 8126 8128 8121
f 8128 8130 8381 8121
f 8123 8384 8383 8122
f 8381 8376 8382 8124
f 8383 8380 8190 8125
f 8190 8181 8126 8125
f 8181 8179 8379 8126
f 8379 8127 8128 8126
f 8129 8130 8128 8127
f 8379 8175 8377 8127
f 8377 8378 8129 8127
f 8132 8133 8130 8129
f 8378 8131 8132 8129
f 8133 8376 8381 8130
f 8136 8134 8132 8131
f 8378 8203 8172 8131
f 8172 8137 8136 8131
f 8134 8135 8133 8132
f 8135 8375 8376 8133
f 8374 8289 8135 8134
f 8136 8373 8374 8134
f 8289 8290 8375 8135
f 8137 8138 8373 8136
f 8172 8171 8168 8137
f 8168 8372 8138 8137
f 8140 8141 8373 8138
f 8372 8139 8140 8138
f 8371 8370 8140 8139
f 8372 8169 8208 8139
f 8208 8152 8371 8139
f 8370 8142 8141 8140
f 8142 8369 8368 8141
f 8368 8374 8373 8141
f 8366 8309 8369 8142
f 8370 8143 8366 8142
f 8144 8367 8366 8143
f 8370 8371 8155 8143
f 8155 8365 8144 8143
f 8145 8146 8367 8144
f 8365 8364 8145 8144
f 8147 8363 8146 8145
f 8364 8149 8147 8145
f 8363 8357 8356 8146
f 8356 8308 8367 8146
f 8218 8220 8363 8147
f 8149 8211 8218 8147
f 8210 8211 8149 8148
f 8149 8364 8150 8148
f 8150 8209 8151 8148
f 8151 8362 8210 8148
f 8364 8365 8156 8150
f 8156 8153 8209 8150
f 8154 8155 8371 8152
f 8208 8207 8157 8152
f 8157 8158 8154 8152
f 8156 8154 8158 8153
f 8158 8159 8160 8153
f 8160 8161 8209 8153
f 8156 8365 8155 8154
f 8207 8163 8164 8157
f 8164 8159 8158 8157
f 8164 8206 8165 8159
f 8165 8162 8160 8159
f 8207 8166 8195 8163
f 8195 8196 8199 8163
f 8199 8206 8164 8163
f 8207 8208 8169 8166
f 8169 8167 8205 8166
f 8205 8194 8195 8166
f 8169 8372 8168 8167
f 8168 8171 8204 8167
f 8204 8193 8205 8167
f 8171 8172 8203 8170
f 8203 8202 8174 8170
f 8174 8192 8173 8170
f 8173 8204 8171 8170
f 8201 8193 8204 8173
f 8379 8179 8176 8175
f 8177 8202 8377 8175
f 8179 8181 8180 8178
f 8180 8183 8191 8178
f 8181 8190 8188 8180
f 8188 8185 8183 8180
f 8183 8185 8184 8182
f 8185 8248 8187 8184
f 8187 8200 8186 8184
f 8188 8189 8248 8185
f 8190 8380 8189 8188
f 8198 8206 8199 8197
f 8203 8378 8377 8202
f 8213 8212 8211 8210
f 8212 8361 8218 8211
f 8216 8217 8361 8212
f 8213 8214 8216 8212
f 8360 8217 8216 8215
f 8360 8237 8359 8217
f 8359 8219 8361 8217
f 8361 8219 8220 8218
f 8359 8238 8225 8219
f 8225 8358 8220 8219
f 8358 8357 8363 8220
f 8224 8223 8222 8221
f 8222 8301 8302 8221
f 8302 8356 8357 8221
f 8357 8358 8224 8221
f 8223 8355 8354 8222
f 8354 8303 8301 8222
f 8227 8228 8355 8223
f 8224 8226 8227 8223
f 8358 8225 8226 8224
f 8238 8353 8226 8225
f 8353 8352 8227 8226
f 8352 8232 8228 8227
f 8232 8230 8229 8228
f 8229 8351 8355 8228
f 8230 8231 8350 8229
f 8350 8326 8351 8229
f 8348 8336 8231 8230
f 8232 8233 8348 8230
f 8336 8335 8347 8231
f 8347 8349 8350 8231
f 8352 8234 8233 8232
f 8243 8244 8348 8233
f 8234 8346 8243 8233
f 8352 8353 8235 8234
f 8235 8240 8346 8234
f 8353 8238 8236 8235
f 8236 8239 8240 8235
f 8238 8359 8237 8236
f 8237 8345 8239 8236
f 8360 8344 8345 8237
f 8343 8241 8346 8240
f 8242 8243 8346 8241
f 8255 8253 8342 8242
f 8342 8244 8243 8242
f 8342 8246 8337 8244
f 8337 8336 8348 8244
f 8339 8340 8338 8245
f 8338 8334 8333 8245
f 8333 8337 8246 8245
f 8246 8254 8339 8245
f 8342 8253 8254 8246
f 8258 8256 8341 8247
f 8339 8254 8250 8249
f 8254 8253 8251 8250
f 8253 8255 8252 8251
f 8258 8257 8260 8256
f 8260 8334 8338 8256
f 8338 8340 8341 8256
f 8261 8259 8260 8257
f 8261 8264 8263 8259
f 8263 8331 8332 8259
f 8332 8334 8260 8259
f 8265 8263 8264 8262
f 8265 8330 8331 8263
f 8267 8328 8330 8265
f 8328 8267 8329 8266
f 8329 8324 8322 8266
f 8322 8268 8325 8266
f 8325 8327 8328 8266
f 8322 8273 8271 8268
f 8271 8320 8321 8268
f 8321 8306 8325 8268
f 8271 8273 8272 8269
f 8272 8270 8317 8269
f 8317 8316 8319 8269
f 8319 8320 8271 8269
f 8278 8277 8317 8270
f 8322 8324 8323 8273
f 8282 8284 8275 8274
f 8284 8280 8276 8275
f 8280 8277 8278 8276
f 8280 8279 8281 8277
f 8281 8316 8317 8277
f 8280 8284 8283 8279
f 8283 8313 8287 8279
f 8287 8285 8281 8279
f 8285 8315 8316 8281
f 8312 8283 8284 8282
f 8312 8311 8313 8283
f 8287 8286 8288 8285
f 8288 8314 8315 8285
f 8287 8313 8310 8286
f 8310 8375 8290 8286
f 8290 8291 8288 8286
f 8291 8295 8314 8288
f 8292 8291 8290 8289
f 8374 8368 8292 8289
f 8292 8293 8295 8291
f 8368 8369 8293 8292
f 8294 8297 8295 8293
f 8369 8309 8294 8293
f 8296 8299 8297 8294
f 8309 8308 8296 8294
f 8297 8298 8314 8295
f 8302 8301 8299 8296
f 8308 8356 8302 8296
f 8299 8300 8298 8297
f 8300 8307 8318 8298
f 8318 8315 8314 8298
f 8301 8303 8300 8299
f 8303 8304 8307 8300
f 8354 8305 8304 8303
f 8305 8306 8321 8304
f 8321 8320 8307 8304
f 8351 8326 8306 8305
f 8354 8355 8351 8305
f 8326 8327 8325 8306
f 8320 8319 8318 8307
f 8309 8366 8367 8308
f 8313 8311 8382 8310
f 8382 8376 8375 8310
f 8318 8319 8316 8315
f 8350 8349 8327 8326
f 8349 8330 8328 8327
f 8349 8347 8331 8330
f 8347 8335 8332 8331
f 8335 8333 8334 8332
f 8335 8336 8337 8333
f 8387 8388 8386 8385
f 8389 8390 8388 8387
f 8390 8476 8461 8388
f 8392 8505 8476 8390
f 8393 8505 8392 8391
f 8518 8417 8505 8393
f 8394 8395 8518 8393
f 8396 8397 8399 8395
f 8398 8400 8399 8397
f 8420 8421 8398 8397
f 8404 8403 8400 8398
f 8421 8523 8404 8398
f 8403 8401 8402 8400
f 8523 8406 8405 8404
f 8515 8516 8551 8405
f 8406 8514 8515 8405
f 8523 8419 8407 8406
f 8407 8430 8514 8406
f 8419 8409 8513 8407
f 8513 8429 8430 8407
f 8512 8513 8409 8408
f 8409 8511 8510 8408
f 8510 8413 8410 8408
f 8410 8509 8512 8408
f 8419 8418 8511 8409
f 8411 8422 8509 8410
f 8412 8423 8422 8411
f 8510 8511 8415 8414
f 8511 8418 8416 8415
f 8418 8421 8420 8416
f 8419 8523 8421 8418
f 8424 8426 8509 8422
f 8428 8430 8429 8425
f 8427 8512 8509 8426
f 8429 8513 8512 8427
f 8431 8514 8430 8428
f 8432 8515 8514 8431
f 8517 8516 8515 8432
f 8472 8475 8434 8433
f 8475 8436 8435 8434
f 8436 8508 8437 8435
f 8484 8438 8508 8436
f 8475 8483 8484 8436
f 8485 8443 8439 8438
f 8439 8507 8508 8438
f 8484 8446 8485 8438
f 8443 8441 8440 8439
f 8440 8504 8507 8439
f 8494 8492 8502 8490
f 8442 8487 8489 8441
f 8443 8444 8442 8441
f 8488 8468 8487 8442
f 8444 8445 8488 8442
f 8485 8486 8444 8443
f 8486 8447 8445 8444
f 8470 8486 8485 8446
f 8484 8483 8471 8446
f 8471 8469 8470 8446
f 8449 8468 8488 8448
f 8450 8452 8468 8449
f 8454 8453 8452 8450
f 8453 8465 8466 8451
f 8466 8495 8494 8451
f 8494 8490 8467 8451
f 8467 8452 8453 8451
f 8467 8487 8468 8452
f 8454 8455 8465 8453
f 8464 8463 8455 8454
f 8463 8462 8457 8455
f 8457 8456 8465 8455
f 8457 8459 8458 8456
f 8462 8460 8459 8457
f 8497 8496 8495 8466
f 8490 8489 8487 8467
f 8483 8473 8474 8471
f 8473 8483 8475 8472
f 8477 8481 8473 8472
f 8481 8482 8474 8473
f 8479 8480 8481 8477
f 8482 8481 8480 8478
f 8490 8502 8491 8489
f 8441 8489 8491 8440
f 8549 8547 8545 8544
f 8494 8495 8493 8492
f 8495 8496 8501 8493
f 8497 8498 8500 8496
f 8500 8499 8501 8496
f 8517 8520 8519 8516
f 8519 8521 8551 8516
f 8520 8503 8525 8519
f 8525 8522 8521 8519
f 8525 8526 8524 8522
f 8526 8506 8556 8524
f 8503 8527 8526 8525
f 8527 8528 8506 8526
f 8555 8529 8528 8527
f 8503 8553 8555 8527
f 8529 8531 8548 8528
f 8530 8532 8531 8529
f 8555 8554 8530 8529
f 8552 8533 8532 8530
f 8532 8534 8547 8531
f 8547 8549 8548 8531
f 8533 8535 8534 8532
f 8535 8537 8536 8534
f 8536 8545 8547 8534
f 8537 8540 8539 8536
f 8539 8541 8545 8536
f 8546 8538 8540 8537
f 8542 8544 8545 8541
f 8550 8548 8549 8543
f 8560 8567 8561 8558
f 8563 8573 8572 8559
f 8564 8566 8567 8560
f 8567 8578 8568 8561
f 8568 8569 8562 8561
f 8569 8574 8570 8562
f 8606 8616 8583 8565
f 8583 8577 8566 8565
f 8577 8578 8567 8566
f 8578 8587 8575 8568
f 8575 8576 8569 8568
f 8576 8586 8574 8569
f 8572 8573 8581 8571
f 8581 8588 8603 8571
f 8603 8628 8579 8571
f 8579 8580 8572 8571
f 8582 8589 8581 8573
f 8586 8591 8585 8574
f 8587 8647 8612 8575
f 8612 8595 8576 8575
f 8595 8596 8586 8576
f 8583 8619 8622 8577
f 8622 8587 8578 8577
f 8628 8618 8606 8579
f 8589 8597 8588 8581
f 8590 8598 8589 8582
f 8616 8607 8619 8583
f 8594 8585 8591 8584
f 8591 8599 8600 8584
f 8600 8592 8593 8584
f 8596 8599 8591 8586
f 8622 8649 8647 8587
f 8597 8625 8624 8588
f 8624 8623 8603 8588
f 8598 8613 8597 8589
f 8605 8604 8598 8590
f 8601 8611 8593 8592
f 8600 8609 8620 8592
f 8620 8610 8601 8592
f 8612 8665 8644 8595
f 8644 8602 8596 8595
f 8602 8608 8599 8596
f 8613 8650 8625 8597
f 8604 8638 8613 8598
f 8608 8609 8600 8599
f 8610 8631 8621 8601
f 8605 8614 8640 8604
f 8640 8639 8638 8604
f 8618 8617 8616 8606
f 8616 8617 8641 8607
f 8629 8643 8619 8607
f 8651 8645 8609 8608
f 8645 8646 8620 8609
f 8620 8646 8630 8610
f 8630 8653 8631 8610
f 8647 8658 8665 8612
f 8638 8661 8650 8613
f 8626 8656 8640 8614
f 8618 8642 8627 8617
f 8643 8649 8622 8619
f 8631 8632 8633 8621
f 8624 8635 8634 8623
f 8625 8636 8635 8624
f 8650 8637 8636 8625
f 8674 8648 8643 8629
f 8650 8661 8659 8637
f 8639 8662 8661 8638
f 8640 8656 8655 8639
f 8655 8663 8662 8639
f 8648 8654 8649 8643
f 8665 8672 8673 8644
f 8649 8654 8658 8647
f 8670 8671 8658 8654
f 8656 8669 8668 8655
f 8668 8664 8663 8655
f 8671 8672 8665 8658
f 8661 8662 8660 8659
f 8662 8663 8666 8660
f 8664 8667 8666 8663
f 8668 8677 8676 8664
f 8676 8675 8667 8664
f 8676 8681 8678 8675
f 8677 8679 8681 8676
f 8680 8682 8681 8679
f 8680 8657 8652 8682
f 8557 8615 8652 8657
f 8684 8685 8687 8683
f 8686 8688 8687 8685
f 8695 8689 8688 8686
f 8695 8696 8690 8689
f 8717 8692 8691 8690
f 8717 8709 8693 8692
f 8693 8716 8715 8692
f 8709 8710 8718 8693
f 8714 8699 8700 8698
f 8714 8703 8701 8699
f 8714 8708 8713 8703
f 8713 8707 8706 8704
f 8710 8711 8705 8718
f 8705 8727 8725 8719
f 8725 8724 8723 8720
f 8722 8730 8702 8721
f 8723 8731 8730 8722
f 8724 8726 8731 8723
f 8725 8727 8712 8724
f 8867 8728 8731 8726
f 8867 8866 8864 8728
f 8864 8739 8729 8728
f 8729 8730 8731 8728
f 8739 8738 8734 8729
f 8734 8702 8730 8729
f 8733 8735 8865 8732
f 8865 8754 8776 8732
f 8697 8702 8734 8733
f 8734 8738 8735 8733
f 8738 8736 8743 8735
f 8743 8752 8865 8735
f 8738 8739 8737 8736
f 8737 8742 8741 8736
f 8741 8740 8743 8736
f 8739 8864 8863 8737
f 8863 8862 8742 8737
f 8741 8744 8861 8740
f 8861 8750 8751 8740
f 8751 8752 8743 8740
f 8742 8745 8744 8741
f 8745 8746 8747 8744
f 8747 8860 8861 8744
f 8749 8860 8859 8748
f 8764 8763 8761 8748
f 8761 8762 8749 8748
f 8750 8861 8860 8749
f 8762 8757 8750 8749
f 8757 8758 8751 8750
f 8758 8753 8752 8751
f 8753 8754 8865 8752
f 8758 8756 8755 8753
f 8755 8775 8754 8753
f 8775 8777 8776 8754
f 8756 8771 8772 8755
f 8772 8855 8775 8755
f 8758 8757 8760 8756
f 8760 8770 8771 8756
f 8762 8759 8760 8757
f 8762 8761 8858 8759
f 8858 8768 8769 8759
f 8769 8770 8760 8759
f 8763 8857 8858 8761
f 8766 8767 8857 8765
f 8768 8858 8857 8767
f 8774 8855 8856 8773
f 8856 8851 8778 8773
f 8777 8775 8855 8774
f 8851 8850 8852 8778
f 8852 8850 8849 8779
f 8849 8788 8786 8779
f 8786 8853 8854 8779
f 8694 8784 8783 8780
f 8782 8785 8787 8781
f 8853 8786 8785 8782
f 8786 8788 8789 8785
f 8839 8838 8846 8790
f 8797 8798 8843 8791
f 8793 8794 8842 8792
f 8842 8796 8797 8792
f 8841 8796 8842 8795
f 8802 8798 8797 8796
f 8841 8801 8802 8796
f 8803 8844 8843 8798
f 8802 8805 8803 8798
f 8844 8803 8808 8799
f 8808 8832 8800 8799
f 8832 8833 8845 8800
f 8804 8805 8802 8801
f 8841 8817 8818 8801
f 8818 8819 8804 8801
f 8805 8807 8808 8803
f 8806 8807 8805 8804
f 8819 8813 8806 8804
f 8809 8810 8807 8806
f 8813 8814 8809 8806
f 8810 8832 8808 8807
f 8811 8812 8810 8809
f 8814 8815 8811 8809
f 8812 8833 8832 8810
f 8816 8834 8812 8811
f 8815 8831 8816 8811
f 8834 8836 8833 8812
f 8820 8821 8814 8813
f 8821 8822 8815 8814
f 8822 8823 8831 8815
f 8824 8826 8831 8823
f 8825 8827 8826 8824
f 8828 8829 8830 8825
f 8836 8837 8845 8833
f 8835 8838 8836 8834
f 8848 8846 8838 8835
f 8840 8847 8848 8835
f 8838 8839 8837 8836
f 8893 8946 8871 8870
f 8874 8872 8935 8871
f 8946 8873 8874 8871
f 8875 8944 8943 8872
f 8943 8945 8935 8872
f 8874 8876 8875 8872
f 8942 8876 8874 8873
f 8946 8941 8880 8873
f 8880 8877 8942 8873
f 8880 8881 8878 8877
f 8941 8868 8881 8880
f 8868 8883 8940 8881
f 8919 8940 8883 8882
f 8883 8917 8916 8882
f 8916 8909 8918 8882
f 8868 8884 8917 8883
f 8868 8941 8885 8884
f 8885 8890 8888 8884
f 8888 8939 8917 8884
f 8941 8946 8893 8885
f 8893 8869 8890 8885
f 8887 8889 8892 8886
f 8913 8914 8887 8886
f 8939 8888 8889 8887
f 8914 8915 8939 8887
f 8890 8891 8889 8888
f 8891 8938 8892 8889
f 8869 8879 8891 8890
f 8910 8912 8937 8894
f 8896 8905 8904 8895
f 8898 8897 8896 8895
f 8903 8906 8905 8896
f 8897 8928 8903 8896
f 8898 8901 8899 8897
f 8899 8927 8928 8897
f 8901 8900 8902 8899
f 8928 8925 8932 8903
f 8905 8907 8910 8904
f 8906 8908 8907 8905
f 8908 8909 8911 8907
f 8911 8912 8910 8907
f 8936 8918 8909 8908
f 8916 8915 8911 8909
f 8915 8914 8912 8911
f 8914 8913 8937 8912
f 8916 8917 8939 8915
f 8922 8920 8940 8919
f 8921 8934 8922 8919
f 8924 8933 8934 8921
f 8931 8933 8924 8923
f 8932 8930 8931 8923
f 8929 8930 8932 8925
f 8928 8927 8926 8925
f 8944 8947 8948 8943
f 8948 8949 8945 8943
f 8991 8957 8956 8952
f 8990 8989 8958 8957
f 8989 8962 8960 8958
f 8966 8970 8967 8964
f 8974 8973 8988 8971
f 8975 8976 8977 8972
f 8977 8988 8973 8972
f 8993 8994 8950 8992
f 9007 9008 9005 8993
f 9005 8995 8994 8993
f 8998 9003 9002 8996
f 8999 9004 9000 8997
f 9003 8998 8999 8997
f 9008 9009 9006 9005
f 9009 9012 9011 9006
f 9010 9013 9012 9009
f 9014 9017 9016 9011
f 9017 8951 8953 9015
f 8953 9026 9018 9015
f 9018 9020 9019 9015
f 9019 9016 9017 9015
f 9024 9023 9022 9021
f 9023 9035 9025 9022
f 9024 9041 9039 9023
f 9039 9032 9035 9023
f 9035 9034 9037 9025
f 9028 9029 8954 9027
f 8954 8979 8980 9027
f 9030 9031 9029 9028
f 9031 9032 9038 9029
f 9038 8963 8954 9029
f 9033 9034 9031 9030
f 9034 9035 9032 9031
f 9039 8959 9038 9032
f 9036 9037 9034 9033
f 8959 8961 8963 9038
f 9041 8955 8959 9039
f 9042 9043 9045 9040
f 9045 8968 8969 9040
f 8969 8978 8955 9040
f 9044 9047 9046 9043
f 9046 9048 9045 9043
f 8965 8968 9045 9048
f 9047 9051 9050 9046
f 9053 9052 9051 9047
f 9053 8982 9054 9052
f 8982 9001 8981 9054
f 8983 8986 8987 9049
f 8953 9001 8982 9026
f 8986 8985 8984 8987
f 8961 8959 8955 8978
f 9056 9060 9135 9055
f 9057 9059 9060 9056
f 9083 9058 9059 9057
f 9098 9173 9100 9058
f 9100 9183 9059 9058
f 9183 9063 9060 9059
f 9063 9062 9135 9060
f 9064 9139 9138 9061
f 9138 9147 9137 9061
f 9137 9133 9134 9061
f 9134 9182 9064 9061
f 9063 9066 9065 9062
f 9065 9064 9182 9062
f 9182 9136 9135 9062
f 9183 9068 9066 9063
f 9065 9180 9139 9064
f 9066 9067 9180 9065
f 9068 9179 9067 9066
f 9179 9142 9178 9067
f 9178 9181 9180 9067
f 9099 9069 9179 9068
f 9183 9100 9099 9068
f 9070 9145 9177 9069
f 9177 9142 9179 9069
f 9099 9174 9070 9069
f 9071 9176 9145 9070
f 9174 9175 9071 9070
f 9073 9072 9176 9071
f 9175 9164 9073 9071
f 9088 9080 9176 9072
f 9073 9074 9077 9072
f 9164 9165 9074 9073
f 9075 9078 9077 9074
f 9165 9166 9075 9074
f 9076 9079 9078 9075
f 9166 9167 9076 9075
f 9163 9081 9079 9076
f 9167 9087 9163 9076
f 9162 9145 9176 9080
f 9163 9084 9082 9081
f 9163 9087 9085 9084
f 9166 9165 9169 9086
f 9090 9143 9144 9089
f 9161 9141 9143 9090
f 9126 9125 9161 9091
f 9093 9121 9122 9092
f 9122 9118 9123 9092
f 9158 9156 9121 9093
f 9095 9103 9106 9094
f 9106 9105 9157 9094
f 9155 9104 9103 9095
f 9097 9102 9101 9096
f 9101 9104 9155 9096
f 9106 9108 9107 9105
f 9107 9109 9120 9105
f 9120 9156 9157 9105
f 9152 9119 9120 9109
f 9117 9118 9153 9110
f 9153 9150 9112 9110
f 9112 9111 9116 9110
f 9116 9130 9117 9110
f 9149 9115 9116 9111
f 9114 9115 9149 9113
f 9148 9147 9114 9113
f 9131 9129 9115 9114
f 9147 9138 9131 9114
f 9129 9130 9116 9115
f 9124 9123 9118 9117
f 9130 9146 9124 9117
f 9122 9154 9153 9118
f 9121 9156 9120 9119
f 9152 9151 9154 9119
f 9154 9122 9121 9119
f 9124 9126 9160 9123
f 9146 9125 9126 9124
f 9146 9128 9127 9125
f 9127 9141 9161 9125
f 9128 9140 9181 9127
f 9181 9178 9141 9127
f 9146 9130 9129 9128
f 9129 9131 9140 9128
f 9138 9139 9140 9131
f 9136 9182 9134 9132
f 9180 9181 9140 9139
f 9178 9142 9143 9141
f 9177 9144 9143 9142
f 9177 9145 9162 9144
f 9153 9154 9151 9150
f 9158 9159 9157 9156
f 9175 9170 9168 9164
f 9168 9169 9165 9164
f 9170 9172 9171 9168
f 9175 9174 9173 9170
f 9173 9098 9172 9170
f 9174 9099 9100 9173
f 9187 9281 9240 9184
f 9240 9242 9271 9184
f 9188 9191 9189 9185
f 9189 9272 9186 9185
f 9272 9281 9187 9186
f 9190 9192 9191 9188
f 9191 9193 9236 9189
f 9236 9237 9272 9189
f 9192 9195 9193 9191
f 9197 9196 9195 9192
f 9195 9194 9235 9193
f 9235 9273 9236 9193
f 9195 9196 9234 9194
f 9234 9212 9214 9194
f 9197 9198 9199 9196
f 9199 9233 9234 9196
f 9201 9200 9233 9199
f 9202 9205 9203 9200
f 9203 9232 9233 9200
f 9205 9208 9210 9203
f 9210 9211 9232 9203
f 9207 9208 9205 9204
f 9209 9208 9207 9206
f 9207 9231 9224 9206
f 9224 9223 9222 9206
f 9222 9219 9209 9206
f 9209 9220 9210 9208
f 9219 9216 9220 9209
f 9220 9218 9211 9210
f 9213 9212 9232 9211
f 9218 9215 9213 9211
f 9234 9233 9232 9212
f 9217 9218 9220 9216
f 9222 9223 9225 9221
f 9225 9227 9228 9221
f 9230 9228 9227 9226
f 9329 9274 9273 9235
f 9273 9360 9237 9236
f 9238 9281 9272 9237
f 9360 9410 9238 9237
f 9239 9240 9281 9238
f 9410 9374 9239 9238
f 9241 9242 9240 9239
f 9374 9282 9241 9239
f 9243 9244 9242 9241
f 9244 9248 9271 9242
f 9245 9247 9244 9243
f 9395 9416 9245 9243
f 9247 9249 9248 9244
f 9246 9250 9247 9245
f 9416 9393 9246 9245
f 9252 9251 9250 9246
f 9431 9254 9253 9252
f 9418 9255 9256 9254
f 9417 9257 9258 9255
f 9260 9261 9262 9259
f 9390 9385 9261 9260
f 9385 9381 9264 9261
f 9264 9265 9262 9261
f 9268 9265 9264 9263
f 9264 9381 9430 9263
f 9430 9429 9266 9263
f 9266 9267 9268 9263
f 9268 9269 9270 9265
f 9429 9277 9278 9266
f 9278 9276 9267 9266
f 9275 9269 9268 9267
f 9278 9279 9280 9276
f 9429 9428 9378 9277
f 9378 9285 9283 9277
f 9283 9279 9278 9277
f 9283 9426 9427 9279
f 9285 9284 9426 9283
f 9285 9407 9409 9284
f 9409 9364 9286 9284
f 9286 9287 9426 9284
f 9378 9408 9407 9285
f 9364 9363 9377 9286
f 9377 9288 9287 9286
f 9375 9427 9426 9287
f 9288 9371 9375 9287
f 9294 9295 9290 9289
f 9229 9369 9293 9291
f 9370 9297 9296 9294
f 9296 9368 9295 9294
f 9368 9369 9229 9295
f 9370 9359 9302 9297
f 9302 9301 9300 9298
f 9300 9301 9367 9299
f 9367 9347 9303 9299
f 9302 9359 9351 9301
f 9351 9350 9367 9301
f 9347 9343 9305 9303
f 9305 9343 9366 9304
f 9366 9310 9307 9304
f 9307 9310 9309 9306
f 9309 9312 9308 9306
f 9310 9311 9314 9309
f 9314 9313 9312 9309
f 9366 9342 9311 9310
f 9342 9344 9341 9311
f 9341 9320 9314 9311
f 9314 9320 9316 9313
f 9316 9322 9315 9313
f 9320 9321 9317 9316
f 9317 9323 9322 9316
f 9321 9365 9318 9317
f 9318 9324 9323 9317
f 9365 9335 9319 9318
f 9319 9325 9324 9318
f 9335 9334 9332 9319
f 9332 9326 9325 9319
f 9341 9340 9321 9320
f 9340 9338 9365 9321
f 9332 9333 9327 9326
f 9365 9338 9336 9335
f 9338 9337 9353 9336
f 9338 9340 9339 9337
f 9339 9352 9354 9337
f 9340 9341 9344 9339
f 9344 9346 9352 9339
f 9345 9346 9344 9342
f 9366 9343 9345 9342
f 9347 9348 9345 9343
f 9348 9349 9346 9345
f 9349 9355 9352 9346
f 9367 9350 9348 9347
f 9350 9356 9349 9348
f 9356 9357 9355 9349
f 9351 9358 9356 9350
f 9376 9377 9363 9362
f 9372 9373 9375 9371
f 9428 9425 9408 9378
f 9380 9383 9382 9379
f 9382 9402 9406 9379
f 9406 9405 9425 9379
f 9425 9428 9380 9379
f 9430 9381 9383 9380
f 9428 9429 9430 9380
f 9385 9384 9383 9381
f 9383 9384 9386 9382
f 9386 9423 9402 9382
f 9385 9390 9389 9384
f 9389 9387 9386 9384
f 9387 9424 9423 9386
f 9389 9391 9388 9387
f 9388 9422 9424 9387
f 9392 9394 9422 9388
f 9416 9421 9394 9393
f 9421 9399 9422 9394
f 9398 9421 9416 9395
f 9411 9397 9398 9396
f 9399 9421 9398 9397
f 9411 9413 9412 9397
f 9412 9400 9399 9397
f 9400 9424 9422 9399
f 9401 9423 9424 9400
f 9403 9404 9406 9402
f 9419 9420 9415 9414
f 9360 9361 9331 9410
f 9331 9292 9374 9410
f 9360 9273 9274 9361
f 9328 9274 9329 9330
f 9588 9590 9524 9432
f 9522 9491 9434 9433
f 9491 9436 9435 9434
f 9513 9516 9518 9435
f 9436 9437 9513 9435
f 9491 9589 9525 9436
f 9525 9439 9437 9436
f 9575 9574 9513 9437
f 9439 9441 9575 9437
f 9440 9441 9439 9438
f 9439 9525 9579 9438
f 9579 9583 9580 9438
f 9580 9581 9440 9438
f 9442 9573 9441 9440
f 9573 9572 9575 9441
f 9443 9444 9573 9442
f 9447 9448 9444 9443
f 9571 9554 9447 9443
f 9448 9449 9445 9444
f 9445 9572 9573 9444
f 9449 9450 9446 9445
f 9446 9526 9572 9445
f 9450 9512 9511 9446
f 9511 9510 9526 9446
f 9570 9453 9448 9447
f 9554 9544 9570 9447
f 9453 9451 9449 9448
f 9451 9452 9450 9449
f 9452 9514 9512 9450
f 9455 9456 9452 9451
f 9453 9454 9455 9451
f 9456 9568 9514 9452
f 9570 9546 9454 9453
f 9548 9457 9455 9454
f 9546 9547 9548 9454
f 9457 9458 9456 9455
f 9458 9569 9568 9456
f 9551 9459 9458 9457
f 9548 9550 9551 9457
f 9459 9460 9569 9458
f 9553 9461 9460 9459
f 9551 9552 9553 9459
f 9553 9462 9566 9461
f 9466 9567 9566 9462
f 9553 9552 9565 9462
f 9565 9465 9466 9462
f 9470 9469 9464 9463
f 9464 9564 9563 9463
f 9563 9555 9538 9463
f 9538 9471 9470 9463
f 9469 9467 9465 9464
f 9465 9565 9564 9464
f 9467 9468 9466 9465
f 9468 9509 9567 9466
f 9560 9507 9468 9467
f 9469 9559 9560 9467
f 9507 9527 9509 9468
f 9470 9558 9559 9469
f 9471 9473 9558 9470
f 9538 9542 9537 9471
f 9537 9472 9473 9471
f 9475 9474 9473 9472
f 9474 9505 9558 9473
f 9500 9503 9505 9474
f 9475 9556 9500 9474
f 9476 9532 9556 9475
f 9478 9533 9532 9477
f 9536 9480 9478 9477
f 9479 9534 9533 9478
f 9480 9481 9479 9478
f 9484 9529 9534 9479
f 9481 9483 9484 9479
f 9485 9486 9481 9480
f 9486 9482 9483 9481
f 9493 9494 9483 9482
f 9486 9487 9488 9482
f 9488 9492 9493 9482
f 9494 9495 9484 9483
f 9489 9487 9486 9485
f 9528 9535 9530 9496
f 9502 9501 9528 9497
f 9508 9506 9504 9498
f 9504 9499 9490 9498
f 9504 9503 9502 9499
f 9501 9502 9503 9500
f 9556 9557 9501 9500
f 9557 9535 9528 9501
f 9504 9506 9505 9503
f 9506 9559 9558 9505
f 9508 9560 9559 9506
f 9560 9508 9531 9507
f 9515 9574 9526 9510
f 9512 9519 9517 9511
f 9514 9520 9519 9512
f 9574 9515 9516 9513
f 9523 9566 9567 9521
f 9530 9535 9534 9529
f 9533 9557 9556 9532
f 9534 9535 9557 9533
f 9555 9541 9542 9538
f 9555 9563 9561 9539
f 9561 9549 9540 9539
f 9549 9547 9543 9540
f 9547 9546 9545 9543
f 9545 9546 9570 9544
f 9549 9550 9548 9547
f 9561 9562 9550 9549
f 9562 9552 9551 9550
f 9562 9564 9565 9552
f 9563 9564 9562 9561
f 9583 9582 9577 9576
f 9582 9584 9578 9577
f 9583 9579 9587 9582
f 9587 9585 9584 9582
f 9587 9589 9586 9585
f 9589 9491 9522 9586
f 9522 9524 9590 9586
f 9587 9579 9525 9589
f 9572 9526 9574 9575
f 9598 9602 9596 9592
f 9595 9603 9598 9594
f 9602 9601 9597 9596
f 9601 9606 9599 9597
f 9603 9608 9602 9598
f 9606 9614 9610 9599
f 9601 9602 9608 9600
f 9608 9615 9607 9600
f 9607 9604 9605 9600
f 9605 9606 9601 9600
f 9609 9615 9608 9603
f 9611 9612 9605 9604
f 9612 9614 9606 9605
f 9614 9613 9617 9610
f 9622 9619 9612 9611
f 9619 9613 9614 9612
f 9619 9618 9620 9613
f 9620 9621 9617 9613
f 9617 9621 9624 9616
f 9619 9622 9632 9618
f 9632 9628 9629 9618
f 9629 9630 9620 9618
f 9630 9625 9621 9620
f 9625 9623 9624 9621
f 9626 9631 9632 9622
f 9630 9636 9642 9625
f 9628 9632 9631 9627
f 9638 9633 9628 9627
f 9633 9635 9629 9628
f 9635 9636 9630 9629
f 9638 9637 9639 9633
f 9639 9634 9635 9633
f 9640 9636 9635 9634
f 9639 9644 9645 9634
f 9640 9641 9642 9636
f 9643 9644 9639 9637
f 9647 9646 9648 9643
f 9652 9655 9654 9651
f 9654 9665 9662 9651
f 9655 9656 9659 9654
f 9659 9658 9665 9654
f 9657 9678 9659 9656
f 9663 9679 9678 9657
f 9659 9678 9667 9658
f 9667 9666 9664 9658
f 9664 9661 9665 9658
f 9664 9666 9686 9660
f 9686 9693 9668 9660
f 9668 9760 9669 9660
f 9669 9661 9664 9660
f 9670 9680 9679 9663
f 9667 9675 9690 9666
f 9690 9687 9686 9666
f 9678 9679 9675 9667
f 9760 9696 9749 9669
f 9698 9699 9671 9670
f 9671 9681 9680 9670
f 9699 9700 9672 9671
f 9672 9682 9681 9671
f 9683 9730 9682 9672
f 9695 9694 9697 9674
f 9679 9680 9676 9675
f 9676 9691 9690 9675
f 9680 9681 9677 9676
f 9677 9703 9691 9676
f 9681 9682 9705 9677
f 9705 9704 9703 9677
f 9730 9715 9705 9682
f 9708 9716 9730 9683
f 9688 9709 9706 9684
f 9692 9685 9688 9684
f 9687 9689 9688 9685
f 9693 9686 9687 9685
f 9690 9691 9689 9687
f 9689 9711 9709 9688
f 9691 9703 9711 9689
f 9719 9720 9697 9694
f 9704 9714 9713 9702
f 9713 9712 9710 9702
f 9710 9709 9711 9702
f 9711 9703 9704 9702
f 9705 9715 9714 9704
f 9709 9710 9721 9706
f 9750 9732 9716 9708
f 9712 9742 9721 9710
f 9713 9722 9745 9712
f 9745 9743 9742 9712
f 9714 9725 9722 9713
f 9715 9727 9725 9714
f 9730 9716 9727 9715
f 9732 9729 9727 9716
f 9739 9748 9758 9718
f 9725 9726 9723 9722
f 9723 9746 9745 9722
f 9726 9728 9724 9723
f 9724 9744 9746 9723
f 9727 9729 9726 9725
f 9729 9731 9728 9726
f 9732 9733 9731 9729
f 9737 9738 9735 9734
f 9735 9756 9757 9734
f 9757 9701 9759 9734
f 9759 9747 9737 9734
f 9736 9749 9756 9735
f 9747 9748 9739 9737
f 9743 9752 9751 9742
f 9745 9746 9754 9743
f 9754 9753 9752 9743
f 9755 9754 9746 9744
f 9696 9761 9756 9749
f 9754 9755 9741 9753
f 9673 9757 9756 9761
f 9593 9717 9707 9740
f 9649 9591 9650 9653
f 9802 9794 9801 9770
f 9762 9787 9769 9859
f 9860 9866 9802 9771
f 9863 9862 9768 9763
f 9779 9864 9863 9763
f 9782 9783 9784 9785
f 9857 9864 9779 9852
f 9783 9845 9848 9779
f 9783 9779 9763 9800
f 9799 9782 9800 9768
f 9803 9778 9793 9791
f 9777 9799 9768 9772
f 9778 9777 9772 9793
f 9788 9789 9792 9791
f 9788 9764 9769 9789
f 9787 9762 9858 9773
f 9774 9776 9767 9786
f 9786 9767 9762 9859
f 9777 9804 9780 9799
f 9786 9859 9860 9771
f 9782 9781 9783 9800
f 9814 9806 9785 9815
f 9811 9810 9808 9807
f 9810 9842 9809 9808
f 9842 9844 9781 9809
f 9812 9843 9842 9810
f 9811 9813 9812 9810
f 9820 9822 9821 9819
f 9825 9838 9826 9824
f 9838 9839 9828 9827
f 9830 9837 9835 9829
f 9843 9846 9844 9842
f 9846 9847 9845 9844
f 9845 9783 9781 9844
f 9847 9849 9848 9845
f 9849 9850 9851 9848
f 9853 9852 9851 9850
f 9853 9854 9857 9852
f 9816 9815 9785 9817
f 9855 9790 9857 9854
f 9784 9856 9831 9855
f 9831 9841 9790 9855
f 9832 9823 9831 9856
f 9790 9867 9864 9857
f 9765 9816 9817 9818
f 9823 9832 9818 9834
f 9862 9764 9766 9861
f 9863 9865 9764 9862
f 9864 9867 9865 9863
f 9867 9795 9866 9865
f 9866 9860 9764 9865
f 9795 9794 9802 9866
f 9790 9841 9795 9867
f 9859 9769 9764 9860
f 9818 9817 9833 9834
f 9794 9840 9836 9801
f 9836 9834 9833 9798
f 9833 9817 9785 9797
f 9806 9814 9805 9796
f 9841 9840 9794 9795
f 9831 9823 9840 9841
f 9823 9834 9836 9840
f 9912 9971 9991 9992
f 10006 9994 10008 9899
f 9873 9988 9953 9871
f 9996 9974 9870 9997
f 9881 9872 9873 9871
f 9874 9875 9873 9872
f 9881 9880 9883 9872
f 9883 9884 9874 9872
f 9875 9876 9988 9873
f 9877 9878 9876 9875
f 9878 10008 9994 9876
f 9994 9991 9988 9876
f 10002 9998 10012 9896
f 9885 9884 9883 9882
f 9869 9894 9891 9888
f 9890 9891 9892 9889
f 9894 9893 9892 9891
f 10014 9997 9870 9879
f 10013 10014 9879 9886
f 9896 10012 10013 9886
f 9974 9973 9978 9868
f 9868 9987 9986 9982
f 9897 9868 9982 9870
f 9870 9982 9981 9977
f 1043849052 31775 1043548844 31775
f 9927 9926 9901 9900
f 9905 9953 9971 9903
f 9879 9870 9977 9975
f 9909 9910 9911 9907
f 9925 9923 9911 9910
f 9922 9916 9914 9913
f 9916 9915 9918 9914
f 9919 9917 9918 9915
f 9919 9920 9921 9917
f 9927 9932 9933 9926
f 9993 9928 9932 9927
f 9870 9974 9868 9897
f 9930 9929 9932 9928
f 9993 9992 10006 9928
f 9930 9931 9935 9929
f 9935 9970 9934 9929
f 9934 9933 9932 9929
f 9952 9951 9950 9908
f 9948 9908 9950 9944
f 9936 9937 9970 9935
f 9940 9938 9969 9937
f 9940 9941 9939 9938
f 9941 9942 9967 9939
f 9943 9965 9941 9940
f 9965 9954 9942 9941
f 9955 9957 9967 9942
f 9950 9951 9965 9943
f 1728115166 31778 1043511644 31775
f 9899 9948 9931 9930
f 9959 9887 9961 9956
f 9966 9957 9958 9956
f 9966 9968 9967 9957
f 9962 9963 9964 9960
f 9899 9930 9928 10006
f 9906 9946 9905 9904
f 9912 9902 9903 9971
f 9900 9901 9902 9912
f 9912 9992 9993 9900
f 9945 9924 9898 9895
f 9869 9945 9895 9894
f 9899 10008 9947 9948
f 9981 9985 9984 9980
f 9982 9986 9985 9981
f 9946 9871 9953 9905
f 9985 9990 9989 9984
f 9971 9953 9988 9991
f 9992 9991 9994 10006
f 9976 9978 9973 9983
f 9949 9979 9972 9995
f 10007 10004 10005 10003
f 10000 10005 10004 9999
f 10004 10010 10011 9999
f 10011 10009 10001 9999
f 10009 9998 10002 10001
f 10016 10106 10111 10015
f 10033 10032 10016 10015
f 10017 10092 10106 10016
f 10088 10082 10019 10018
f 10019 10110 10109 10018
f 10109 10106 10092 10018
f 10082 10036 10020 10019
f 10020 10108 10110 10019
f 10036 10034 10021 10020
f 10023 10024 10026 10022
f 10037 10031 10030 10024
f 10030 10028 10026 10024
f 10026 10028 10027 10025
f 10027 10103 10104 10025
f 10104 10107 10105 10025
f 10028 10039 10101 10027
f 10101 10102 10103 10027
f 10030 10029 10039 10028
f 10038 10035 10040 10029
f 10040 10100 10039 10029
f 10030 10031 10038 10029
f 10042 10041 10100 10040
f 10042 10043 10044 10041
f 10044 10045 10097 10041
f 10097 10096 10100 10041
f 10093 10095 10097 10045
f 10053 10054 10047 10046
f 10090 10059 10053 10046
f 10054 10055 10085 10047
f 10085 10086 10048 10047
f 10087 10086 10085 10049
f 10085 10055 10060 10049
f 10062 10063 10084 10050
f 10055 10054 10052 10051
f 10054 10053 10056 10052
f 10059 10057 10056 10053
f 10059 10099 10058 10057
f 10090 10089 10099 10059
f 10064 10067 10065 10061
f 10084 10063 10064 10061
f 10067 10068 10066 10065
f 10068 10070 10073 10066
f 10069 10071 10070 10068
f 10071 10083 10072 10070
f 10072 10074 10073 10070
f 10083 10078 10076 10072
f 10076 10075 10074 10072
f 10078 10079 10077 10076
f 10079 10081 10080 10077
f 10094 10095 10093 10091
f 10098 10096 10097 10095
f 10114 10119 10118 10113
f 10116 10120 10119 10114
f 10118 10119 10122 10115
f 10117 10121 10120 10116
f 10125 10128 10121 10117
f 10120 10124 10122 10119
f 10121 10135 10124 10120
f 10128 10136 10135 10121
f 10126 10129 10128 10125
f 10127 10130 10129 10126
f 10133 10131 10130 10127
f 10129 10144 10136 10128
f 10130 10145 10144 10129
f 10131 10148 10145 10130
f 10140 10152 10148 10131
f 10133 10139 10140 10131
f 10137 10139 10133 10132
f 10149 10142 10141 10134
f 10141 10140 10139 10134
f 10139 10137 10138 10134
f 10138 10154 10149 10134
f 10136 10147 10146 10135
f 10144 10150 10147 10136
f 10141 10153 10152 10140
f 10142 10162 10153 10141
f 10143 10166 10162 10142
f 10149 10156 10143 10142
f 10160 10171 10166 10143
f 10156 10159 10160 10143
f 10145 10151 10150 10144
f 10148 10157 10151 10145
f 10152 10163 10157 10148
f 10154 10155 10156 10149
f 10153 10172 10163 10152
f 10162 10173 10172 10153
f 10158 10159 10156 10155
f 10168 10165 10159 10158
f 10165 10161 10160 10159
f 10161 10176 10171 10160
f 10164 10177 10176 10161
f 10165 10170 10164 10161
f 10166 10187 10173 10162
f 10172 10186 10185 10163
f 10169 10184 10177 10164
f 10170 10178 10169 10164
f 10168 10174 10170 10165
f 10171 10195 10187 10166
f 10179 10189 10174 10167
f 10175 10182 10184 10169
f 10178 10181 10175 10169
f 10174 10189 10178 10170
f 10191 10183 10182 10175
f 10181 10193 10191 10175
f 10189 10190 10181 10178
f 10180 10190 10189 10179
f 10200 10197 10190 10180
f 10190 10197 10193 10181
f 10191 10192 10198 10183
f 10196 10212 10200 10188
f 10193 10199 10192 10191
f 10204 10205 10198 10192
f 10199 10201 10204 10192
f 10197 10206 10199 10193
f 10203 10213 10212 10196
f 10200 10212 10206 10197
f 10206 10207 10201 10199
f 10208 10216 10204 10201
f 10207 10214 10208 10201
f 10209 10220 10219 10202
f 10219 10228 10213 10203
f 10216 10221 10205 10204
f 10212 10213 10207 10206
f 10213 10228 10214 10207
f 10215 10217 10216 10208
f 10214 10229 10215 10208
f 10210 10211 10220 10209
f 10218 10227 10211 10210
f 10227 10233 10226 10211
f 10226 10232 10220 10211
f 10228 10232 10229 10214
f 10222 10223 10217 10215
f 10229 10224 10222 10215
f 10225 10231 10227 10218
f 10220 10232 10228 10219
f 10224 10194 10230 10222
f 10233 10194 10224 10226
f 10224 10229 10232 10226
f 10231 10234 10233 10227
f 10194 10112 10123 10230
f 10234 10112 10194 10233
f 10242 10244 10235 10241
f 10237 10248 10246 10245
f 10239 10238 10237 10245
f 10248 10249 10247 10246
f 10252 10250 10249 10248
f 10237 10251 10252 10248
f 10250 10240 10236 10249
f 10253 10254 10240 10250
f 10255 10319 10240 10254
f 10257 10258 10256 10255
f 10256 10329 10319 10255
f 10258 10259 10260 10256
f 10260 10330 10329 10256
f 10262 10261 10260 10259
f 10261 10311 10330 10260
f 10262 10263 10243 10261
f 10243 10327 10311 10261
f 10264 10308 10243 10263
f 10265 10266 10308 10264
f 10267 10270 10269 10266
f 10269 10273 10308 10266
f 10268 10310 10270 10267
f 10270 10274 10272 10269
f 10272 10271 10273 10269
f 10310 10276 10274 10270
f 10315 10327 10273 10271
f 10327 10243 10308 10273
f 10276 10325 10275 10274
f 10310 10309 10324 10276
f 10324 10326 10325 10276
f 10323 10281 10284 10277
f 10284 10322 10280 10278
f 10280 10321 10286 10279
f 10322 10293 10321 10280
f 10323 10285 10283 10281
f 10299 10300 10298 10282
f 10298 10283 10285 10282
f 10285 10324 10309 10282
f 10298 10313 10297 10283
f 10323 10326 10324 10285
f 10321 10292 10291 10286
f 10291 10290 10288 10286
f 10288 10290 10289 10287
f 10289 10314 10320 10287
f 10322 10296 10294 10293
f 10296 10297 10295 10294
f 10312 10305 10301 10299
f 10306 10307 10304 10302
f 10305 10304 10307 10303
f 10316 10318 10320 10314
f 10315 10317 10311 10327
f 10319 10329 10331 10328
f 10236 10240 10319 10328
f 10472 10473 10333 10332
f 10334 10338 10472 10332
f 10473 10474 10369 10333
f 10335 10337 10338 10334
f 10436 10336 10337 10335
f 10339 10461 10337 10336
f 10436 10401 10482 10336
f 10482 10341 10339 10336
f 10461 10478 10338 10337
f 10478 10475 10472 10338
f 10460 10437 10461 10339
f 10341 10340 10460 10339
f 10345 10346 10460 10340
f 10341 10462 10343 10340
f 10343 10344 10345 10340
f 10482 10481 10462 10341
f 10348 10344 10343 10342
f 10343 10462 10468 10342
f 10468 10392 10390 10342
f 10390 10480 10348 10342
f 10463 10437 10460 10346
f 10348 10480 10459 10347
f 10354 10353 10350 10349
f 10350 10458 10410 10349
f 10410 10387 10457 10349
f 10457 10357 10354 10349
f 10353 10351 10459 10350
f 10459 10480 10458 10350
f 10354 10355 10356 10353
f 10357 10358 10355 10354
f 10457 10385 10361 10357
f 10361 10359 10358 10357
f 10359 10448 10456 10358
f 10361 10360 10454 10359
f 10454 10455 10448 10359
f 10361 10385 10384 10360
f 10384 10383 10415 10360
f 10415 10362 10454 10360
f 10453 10455 10454 10362
f 10415 10414 10363 10362
f 10363 10417 10453 10362
f 10414 10364 10365 10363
f 10365 10416 10417 10363
f 10414 10367 10413 10364
f 10367 10383 10380 10366
f 10380 10379 10378 10366
f 10378 10373 10368 10366
f 10368 10413 10367 10366
f 10414 10415 10383 10367
f 10373 10372 10370 10368
f 10370 10371 10413 10368
f 10378 10376 10374 10373
f 10377 10411 10404 10375
f 10378 10379 10377 10376
f 10379 10412 10411 10377
f 10380 10381 10412 10379
f 10383 10384 10381 10380
f 10384 10385 10382 10381
f 10382 10408 10412 10381
f 10385 10457 10387 10382
f 10387 10409 10408 10382
f 10410 10458 10389 10386
f 10389 10388 10407 10386
f 10407 10406 10409 10386
f 10409 10387 10410 10386
f 10389 10390 10392 10388
f 10392 10394 10393 10388
f 10393 10399 10407 10388
f 10458 10480 10390 10389
f 10468 10462 10481 10391
f 10481 10400 10396 10391
f 10396 10395 10394 10391
f 10394 10392 10468 10391
f 10394 10395 10403 10393
f 10403 10402 10399 10393
f 10405 10406 10398 10397
f 10404 10411 10405 10397
f 10406 10407 10399 10398
f 10399 10402 10352 10398
f 10481 10482 10401 10400
f 10408 10409 10406 10405
f 10411 10412 10408 10405
f 10418 10419 10417 10416
f 10419 10451 10453 10417
f 10421 10422 10419 10418
f 10422 10446 10451 10419
f 10428 10423 10421 10420
f 10423 10424 10422 10421
f 10424 10439 10446 10422
f 10452 10425 10424 10423
f 10428 10429 10452 10423
f 10425 10441 10439 10424
f 10426 10442 10441 10425
f 10452 10427 10426 10425
f 10450 10443 10442 10426
f 10427 10432 10450 10426
f 10452 10429 10430 10427
f 10430 10431 10432 10427
f 10433 10438 10450 10432
f 10434 10435 10438 10433
f 10441 10444 10440 10439
f 10440 10445 10446 10439
f 10447 10451 10446 10445
f 10449 10448 10455 10447
f 10455 10453 10451 10447
f 10464 10479 10437 10463
f 10469 10474 10470 10465
f 10470 10466 10467 10465
f 10470 10476 10471 10466
f 10474 10473 10476 10470
f 10476 10475 10477 10471
f 10475 10476 10473 10472
f 10478 10479 10477 10475
f 10461 10437 10479 10478
f 10626 10627 10599 10483
f 10599 10485 10596 10483
f 10596 10644 10522 10483
f 10522 10629 10626 10483
f 10496 10497 10487 10486
f 10488 10494 10484 10486
f 10618 10650 10488 10486
f 10599 10598 10618 10485
f 10618 10486 10487 10485
f 10643 10644 10596 10493
f 10596 10485 10487 10493
f 10522 10644 10642 10641
f 10650 10489 10490 10488
f 10490 10495 10494 10488
f 10649 10516 10492 10489
f 10492 10491 10490 10489
f 10650 10628 10649 10489
f 10492 10500 10499 10491
f 10516 10515 10500 10492
f 10647 10648 10641 10640
f 10500 10501 10503 10499
f 10515 10513 10501 10500
f 10513 10514 10502 10501
f 10502 10504 10503 10501
f 10514 10512 10505 10502
f 10505 10506 10504 10502
f 10512 10519 10508 10505
f 10508 10507 10506 10505
f 10519 10520 10509 10508
f 10520 10521 10510 10509
f 10521 10619 10511 10510
f 10515 10517 10518 10513
f 10516 10622 10517 10515
f 10649 10621 10622 10516
f 10524 10530 10529 10523
f 10526 10531 10530 10524
f 10537 10531 10526 10525
f 10530 10531 10528 10527
f 10528 10532 10542 10527
f 10542 10541 10539 10527
f 10539 10529 10530 10527
f 10531 10537 10535 10528
f 10535 10533 10532 10528
f 10539 10543 10540 10529
f 10535 10536 10534 10533
f 10537 10538 10536 10535
f 10541 10616 10543 10539
f 10543 10617 10566 10540
f 10542 10544 10614 10541
f 10614 10547 10616 10541
f 10616 10615 10617 10543
f 10549 10550 10546 10545
f 10615 10616 10547 10546
f 10550 10548 10615 10546
f 10563 10617 10615 10548
f 10550 10553 10554 10548
f 10554 10562 10563 10548
f 10551 10553 10550 10549
f 10613 10552 10553 10551
f 10558 10554 10553 10552
f 10555 10557 10558 10552
f 10558 10561 10562 10554
f 10611 10556 10557 10555
f 10559 10560 10557 10556
f 10611 10586 10612 10556
f 10612 10591 10559 10556
f 10560 10561 10558 10557
f 10568 10569 10560 10559
f 10569 10567 10561 10560
f 10567 10564 10562 10561
f 10564 10565 10563 10562
f 10565 10566 10617 10563
f 10589 10587 10582 10570
f 10582 10581 10571 10570
f 10581 10580 10579 10571
f 10579 10498 10572 10571
f 10498 10609 10573 10572
f 10609 10575 10574 10573
f 10575 10608 10576 10574
f 10609 10578 10606 10575
f 10606 10605 10608 10575
f 10608 10607 10577 10576
f 10609 10498 10579 10578
f 10579 10580 10592 10578
f 10592 10603 10606 10578
f 10586 10611 10610 10583
f 10587 10588 10585 10584
f 10588 10612 10586 10585
f 10589 10590 10588 10587
f 10590 10591 10612 10588
f 10595 10602 10603 10593
f 10601 10602 10595 10594
f 10597 10600 10601 10594
f 10604 10605 10602 10601
f 10605 10606 10603 10602
f 10607 10608 10605 10604
f 10621 10649 10628 10620
f 10628 10598 10625 10620
f 10624 10626 10629 10623
f 10629 10648 10630 10623
f 10598 10599 10627 10625
f 10650 10618 10598 10628
f 10522 10641 10648 10629
f 10648 10647 10631 10630
f 10647 10646 10633 10631
f 10633 10646 10645 10632
f 10645 10634 10635 10632
f 10645 10637 10636 10634
f 10645 10646 10639 10637
f 10640 10641 10642 10638
f 10646 10647 10640 10639
f 10735 10653 10652 10651
f 10741 10740 10735 10651
f 10653 10675 10657 10652
f 10657 10655 10673 10652
f 10654 10716 10675 10653
f 10735 10736 10654 10653
f 10739 10717 10716 10654
f 10736 10734 10739 10654
f 10657 10658 10656 10655
f 10658 10659 10680 10656
f 10675 10674 10658 10657
f 10674 10720 10659 10658
f 10720 10690 10660 10659
f 10660 10662 10680 10659
f 10690 10668 10666 10660
f 10666 10663 10662 10660
f 10667 10670 10664 10661
f 10663 10666 10667 10661
f 10670 10671 10665 10664
f 10668 10669 10667 10666
f 10669 10708 10670 10667
f 10690 10711 10710 10668
f 10708 10709 10671 10670
f 10677 10684 10683 10676
f 10683 10678 10707 10676
f 10699 10702 10684 10677
f 10679 10681 10707 10678
f 10683 10684 10696 10682
f 10702 10697 10696 10684
f 10701 10688 10686 10685
f 10686 10693 10695 10685
f 10695 10694 10698 10685
f 10698 10700 10701 10685
f 10688 10691 10687 10686
f 10691 10692 10689 10687
f 10704 10705 10691 10688
f 10701 10703 10704 10688
f 10705 10706 10692 10691
f 10702 10699 10700 10698
f 10690 10720 10713 10711
f 10713 10715 10714 10712
f 10720 10674 10715 10713
f 10715 10716 10717 10714
f 10674 10675 10716 10715
f 10739 10719 10718 10717
f 10739 10734 10738 10719
f 10726 10722 10723 10721
f 10726 10737 10731 10724
f 10731 10730 10742 10725
f 10742 10730 10729 10727
f 10729 10733 10740 10728
f 10740 10741 10672 10728
f 10730 10732 10733 10729
f 10731 10737 10732 10730
f 10737 10738 10734 10732
f 10734 10736 10733 10732
f 10736 10735 10740 10733
f 10807 10745 10744 10743
f 10745 10897 10896 10744
f 10896 10895 10747 10744
f 10807 10752 10746 10745
f 10746 10779 10897 10745
f 10752 10750 10816 10746
f 10816 10780 10779 10746
f 10749 10752 10807 10748
f 10893 10894 10865 10749
f 10865 10750 10752 10749
f 10865 10892 10751 10750
f 10751 10887 10816 10750
f 10892 10856 10753 10751
f 10753 10888 10887 10751
f 10856 10857 10754 10753
f 10754 10889 10888 10753
f 10857 10858 10755 10754
f 10755 10890 10889 10754
f 10858 10854 10756 10755
f 10756 10891 10890 10755
f 10854 10855 10757 10756
f 10757 10758 10891 10756
f 10855 10853 10761 10757
f 10761 10759 10758 10757
f 10759 10768 10767 10758
f 10767 10766 10891 10758
f 10761 10762 10760 10759
f 10760 10885 10768 10759
f 10762 10763 10764 10760
f 10764 10782 10885 10760
f 10853 10851 10762 10761
f 10851 10852 10763 10762
f 10852 10878 10886 10763
f 10886 10765 10764 10763
f 10765 10783 10782 10764
f 10886 10848 10879 10765
f 10879 10784 10783 10765
f 10767 10772 10771 10766
f 10771 10770 10777 10766
f 10777 10890 10891 10766
f 10768 10773 10772 10767
f 10885 10781 10773 10768
f 10773 10781 10883 10769
f 10778 10776 10777 10770
f 10887 10888 10775 10774
f 10780 10816 10887 10774
f 10888 10889 10776 10775
f 10889 10890 10777 10776
f 10885 10782 10881 10781
f 10881 10884 10883 10781
f 10783 10882 10881 10782
f 10784 10843 10882 10783
f 10879 10880 10785 10784
f 10785 10844 10843 10784
f 10880 10788 10786 10785
f 10786 10789 10844 10785
f 10788 10846 10787 10786
f 10787 10790 10789 10786
f 10846 10839 10845 10787
f 10845 10792 10790 10787
f 10880 10849 10847 10788
f 10790 10824 10820 10789
f 10820 10822 10844 10789
f 10792 10791 10824 10790
f 10792 10793 10794 10791
f 10794 10796 10819 10791
f 10819 10818 10824 10791
f 10845 10838 10793 10792
f 10838 10836 10834 10793
f 10834 10795 10794 10793
f 10795 10797 10796 10794
f 10834 10835 10841 10795
f 10841 10798 10797 10795
f 10797 10840 10826 10796
f 10826 10825 10819 10796
f 10798 10830 10840 10797
f 10841 10842 10799 10798
f 10799 10831 10830 10798
f 10842 10832 10800 10799
f 10800 10801 10831 10799
f 10810 10808 10801 10800
f 10808 10803 10802 10801
f 10802 10829 10831 10801
f 10803 10811 10812 10802
f 10808 10809 10804 10803
f 10804 10805 10811 10803
f 10825 10826 10814 10813
f 10815 10817 10825 10813
f 10826 10840 10827 10814
f 10818 10819 10825 10817
f 10843 10844 10822 10821
f 10823 10882 10843 10821
f 10884 10881 10882 10823
f 10840 10830 10828 10827
f 10830 10831 10829 10828
f 10842 10841 10835 10833
f 10836 10837 10835 10834
f 10849 10880 10879 10848
f 10886 10878 10850 10848
f 10876 10875 10852 10851
f 10853 10877 10876 10851
f 10855 10860 10877 10853
f 10859 10860 10855 10854
f 10858 10862 10859 10854
f 10864 10861 10857 10856
f 10892 10863 10864 10856
f 10861 10862 10858 10857
f 10872 10873 10860 10859
f 10862 10871 10872 10859
f 10873 10874 10877 10860
f 10870 10871 10862 10861
f 10864 10869 10870 10861
f 10866 10869 10864 10863
f 10892 10865 10894 10863
f 10894 10806 10866 10863
f 10806 10867 10868 10866
f 10909 10944 11017 10947
f 10938 10945 11017 10944
f 10937 10946 11017 10945
f 10908 10947 11017 10946
f 10910 10948 11018 10950
f 10939 10949 11018 10948
f 10938 10944 11018 10949
f 10909 10950 11018 10944
f 10899 10951 11019 10953
f 10940 10952 11019 10951
f 10939 10948 11019 10952
f 10910 10953 11019 10948
f 10912 10954 11020 10957
f 10922 10955 11020 10954
f 10941 10956 11020 10955
f 10911 10957 11020 10956
f 10913 10958 11021 10960
f 10921 10959 11021 10958
f 10922 10954 11021 10959
f 10912 10960 11021 10954
f 10914 10961 11022 10963
f 10907 10962 11022 10961
f 10921 10958 11022 10962
f 10913 10963 11022 10958
f 10915 10964 11023 10966
f 10929 10965 11023 10964
f 10907 10961 11023 10965
f 10914 10966 11023 10961
f 10916 10967 11024 10969
f 10926 10968 11024 10967
f 10929 10964 11024 10968
f 10915 10969 11024 10964
f 10917 10970 11025 10972
f 10927 10971 11025 10970
f 10926 10967 11025 10971
f 10916 10972 11025 10967
f 10918 10973 11026 10975
f 10924 10974 11026 10973
f 10927 10970 11026 10974
f 10917 10975 11026 10970
f 10919 10976 11027 10978
f 10903 10977 11027 10976
f 10924 10973 11027 10977
f 10918 10978 11027 10973
f 10923 10979 11028 10981
f 10902 10980 11028 10979
f 10903 10976 11028 10980
f 10919 10981 11028 10976
f 10901 10982 11029 10984
f 10902 10979 11029 10982
f 10923 10983 11029 10979
f 10920 10984 11029 10983
f 10903 10985 11030 10977
f 10900 10986 11030 10985
f 10904 10987 11030 10986
f 10924 10977 11030 10987
f 10904 10988 11031 10987
f 10905 10989 11031 10988
f 10927 10974 11031 10989
f 10924 10987 11031 10974
f 10929 10968 11032 10992
f 10926 10990 11032 10968
f 10906 10991 11032 10990
f 10925 10992 11032 10991
f 10928 10993 11033 10994
f 10907 10965 11033 10993
f 10929 10992 11033 10965
f 10925 10994 11033 10992
f 10927 10989 11034 10971
f 10905 10995 11034 10989
f 10906 10990 11034 10995
f 10926 10971 11034 10990
f 10898 10996 11035 10999
f 10932 10997 11035 10996
f 10930 10998 11035 10997
f 10928 10999 11035 10998
f 10930 11000 11036 10998
f 10921 10962 11036 11000
f 10907 10993 11036 10962
f 10928 10998 11036 10993
f 10932 11001 11037 10997
f 10931 11002 11037 11001
f 10943 11003 11037 11002
f 10930 10997 11037 11003
f 10943 11004 11038 11003
f 10922 10959 11038 11004
f 10921 11000 11038 10959
f 10930 11003 11038 11000
f 10934 11005 11039 11007
f 10942 11006 11039 11005
f 10943 11002 11039 11006
f 10931 11007 11039 11002
f 10940 11008 11040 11010
f 10942 11005 11040 11008
f 10934 11009 11040 11005
f 10933 11010 11040 11009
f 10935 11011 11041 11012
f 10939 10952 11041 11011
f 10940 11010 11041 10952
f 10933 11012 11041 11010
f 10936 11013 11042 11014
f 10938 10949 11042 11013
f 10939 11011 11042 10949
f 10935 11014 11042 11011
f 10899 11015 11043 10951
f 10941 11016 11043 11015
f 10942 11008 11043 11016
f 10940 10951 11043 11008
f 10922 11004 11044 10955
f 10943 11006 11044 11004
f 10942 11016 11044 11006
f 10941 10955 11044 11016
f 11254 11047 11046 11045
f 11047 11273 11048 11046
f 11254 11255 11049 11047
f 11049 11050 11273 11047
f 11273 11274 11275 11048
f 11255 11067 11272 11049
f 11272 11270 11050 11049
f 11051 11274 11273 11050
f 11270 11269 11051 11050
f 11052 11276 11274 11051
f 11269 11056 11052 11051
f 11053 11173 11276 11052
f 11056 11054 11053 11052
f 11267 11167 11173 11053
f 11054 11266 11267 11053
f 11056 11055 11057 11054
f 11057 11265 11266 11054
f 11056 11269 11271 11055
f 11271 11064 11060 11055
f 11060 11058 11057 11055
f 11058 11264 11265 11057
f 11060 11261 11262 11058
f 11262 11263 11264 11058
f 11261 11060 11064 11059
f 11064 11062 11070 11059
f 11070 11260 11130 11059
f 11130 11131 11261 11059
f 11063 11270 11272 11061
f 11272 11067 11066 11061
f 11066 11065 11069 11061
f 11069 11062 11063 11061
f 11064 11271 11063 11062
f 11069 11068 11070 11062
f 11271 11269 11270 11063
f 11066 11073 11072 11065
f 11072 11091 11258 11065
f 11258 11068 11069 11065
f 11067 11257 11073 11066
f 11255 11085 11257 11067
f 11258 11092 11259 11068
f 11259 11260 11070 11068
f 11073 11257 11081 11071
f 11081 11080 11079 11071
f 11079 11074 11075 11071
f 11075 11072 11073 11071
f 11075 11088 11091 11072
f 11079 11077 11076 11074
f 11076 11096 11087 11074
f 11087 11088 11075 11074
f 11079 11080 11078 11077
f 11081 11083 11082 11080
f 11257 11085 11083 11081
f 11083 11084 11107 11082
f 11085 11086 11084 11083
f 11255 11254 11086 11085
f 11096 11095 11094 11087
f 11094 11089 11088 11087
f 11089 11090 11091 11088
f 11094 11097 11098 11089
f 11098 11099 11090 11089
f 11092 11258 11091 11090
f 11099 11100 11092 11090
f 11100 11093 11259 11092
f 11129 11260 11259 11093
f 11100 11256 11118 11093
f 11118 11120 11129 11093
f 11095 11101 11097 11094
f 11101 11113 11102 11097
f 11102 11103 11098 11097
f 11103 11104 11099 11098
f 11104 11256 11100 11099
f 11111 11110 11113 11101
f 11113 11112 11106 11102
f 11106 11115 11103 11102
f 11115 11116 11104 11103
f 11116 11117 11256 11104
f 11114 11106 11112 11105
f 11112 11109 11108 11105
f 11112 11113 11110 11109
f 11252 11253 11116 11115
f 11119 11118 11256 11117
f 11121 11127 11129 11120
f 11122 11128 11127 11121
f 11123 11124 11128 11122
f 11251 11125 11124 11123
f 11125 11236 11235 11124
f 11235 11131 11128 11124
f 11126 11132 11236 11125
f 11251 11242 11126 11125
f 11237 11234 11132 11126
f 11242 11241 11237 11126
f 11128 11131 11130 11127
f 11130 11260 11129 11127
f 11235 11262 11261 11131
f 11234 11231 11233 11132
f 11233 11263 11236 11132
f 11136 11137 11134 11133
f 11134 11234 11237 11133
f 11237 11241 11238 11133
f 11238 11239 11136 11133
f 11137 11138 11135 11134
f 11135 11231 11234 11134
f 11138 11223 11228 11135
f 11228 11232 11231 11135
f 11139 11224 11137 11136
f 11239 11140 11139 11136
f 11224 11225 11138 11137
f 11225 11226 11223 11138
f 11145 11148 11224 11139
f 11140 11141 11145 11139
f 11239 11240 11243 11140
f 11243 11244 11141 11140
f 11143 11144 11145 11141
f 11244 11142 11143 11141
f 11197 11186 11143 11142
f 11244 11245 11247 11142
f 11247 11196 11197 11142
f 11186 11187 11144 11143
f 11187 11188 11146 11144
f 11146 11148 11145 11144
f 11188 11189 11147 11146
f 11147 11149 11148 11146
f 11189 11182 11151 11147
f 11151 11150 11149 11147
f 11149 11225 11224 11148
f 11150 11226 11225 11149
f 11151 11179 11152 11150
f 11152 11161 11226 11150
f 11182 11183 11179 11151
f 11179 11180 11177 11152
f 11177 11154 11161 11152
f 11154 11175 11163 11153
f 11163 11162 11155 11153
f 11155 11157 11156 11153
f 11156 11161 11154 11153
f 11177 11178 11175 11154
f 11162 11160 11159 11155
f 11159 11227 11157 11155
f 11157 11228 11223 11156
f 11223 11226 11161 11156
f 11227 11232 11228 11157
f 11159 11160 11268 11158
f 11268 11267 11266 11158
f 11266 11265 11230 11158
f 11230 11227 11159 11158
f 11162 11165 11169 11160
f 11169 11168 11268 11160
f 11163 11164 11165 11162
f 11175 11176 11164 11163
f 11171 11168 11169 11166
f 11168 11171 11170 11167
f 11170 11174 11173 11167
f 11267 11268 11168 11167
f 11275 11274 11276 11172
f 11276 11173 11174 11172
f 11183 11181 11180 11179
f 11189 11185 11184 11182
f 11189 11188 11191 11185
f 11191 11221 11222 11185
f 11194 11190 11187 11186
f 11197 11193 11194 11186
f 11190 11191 11188 11187
f 11192 11221 11191 11190
f 11194 11195 11192 11190
f 11195 11217 11218 11192
f 11220 11195 11194 11193
f 11197 11196 11219 11193
f 11219 11213 11220 11193
f 11220 11212 11217 11195
f 11247 11246 11249 11196
f 11249 11214 11219 11196
f 11215 11216 11214 11198
f 11214 11249 11248 11198
f 11250 11200 11215 11198
f 11202 11206 11200 11199
f 11206 11209 11215 11200
f 11203 11204 11202 11201
f 11204 11205 11206 11202
f 11207 11209 11206 11205
f 11208 11210 11209 11207
f 11210 11216 11215 11209
f 11211 11213 11216 11210
f 11212 11220 11213 11211
f 11219 11214 11216 11213
f 11230 11229 11232 11227
f 11230 11265 11264 11229
f 11264 11263 11233 11229
f 11233 11231 11232 11229
f 11236 11263 11262 11235
f 11278 11281 11289 11277
f 11289 11288 11283 11277
f 11279 11282 11281 11278
f 11280 11309 11282 11279
f 11311 11310 11309 11280
f 11282 11294 11287 11281
f 11287 11286 11289 11281
f 11309 11307 11294 11282
f 11288 11302 11305 11283
f 11296 11285 11290 11284
f 11298 11297 11296 11284
f 11288 11289 11286 11285
f 11286 11291 11290 11285
f 11296 11302 11288 11285
f 11287 11292 11291 11286
f 11294 11293 11292 11287
f 11294 11307 11295 11293
f 11307 11308 11306 11295
f 11297 11303 11302 11296
f 11298 11299 11300 11297
f 11300 11301 11303 11297
f 11303 11304 11305 11302
f 11308 11314 11312 11306
f 11309 11310 11308 11307
f 11310 11315 11314 11308
f 11311 11321 11315 11310
f 11314 11317 11313 11312
f 11317 11318 11316 11313
f 11315 11319 11317 11314
f 11321 11372 11319 11315
f 11318 11322 11325 11316
f 11319 11320 11318 11317
f 11320 11323 11322 11318
f 11372 11378 11320 11319
f 11378 11377 11323 11320
f 11323 11324 11327 11322
f 11327 11326 11325 11322
f 11328 11329 11327 11324
f 11327 11329 11330 11326
f 11334 11332 11329 11328
f 11332 11331 11330 11329
f 11332 11333 11335 11331
f 11334 11381 11333 11332
f 11381 11380 11383 11333
f 11383 11336 11335 11333
f 11383 11382 11337 11336
f 11382 11424 11338 11337
f 11424 11420 11339 11338
f 11420 11425 11342 11339
f 11342 11343 11341 11340
f 11425 11426 11343 11342
f 11426 11421 11344 11343
f 11347 11346 11419 11345
f 11410 11409 11348 11346
f 11348 11418 11419 11346
f 11409 11408 11415 11348
f 11397 11398 11350 11349
f 11404 11351 11411 11349
f 11411 11396 11397 11349
f 11398 11412 11405 11350
f 11352 11354 11411 11351
f 11356 11353 11354 11352
f 11390 11395 11354 11353
f 11356 11355 11357 11353
f 11357 11401 11390 11353
f 11395 11396 11411 11354
f 11358 11359 11357 11355
f 11359 11400 11401 11357
f 11403 11361 11359 11358
f 11361 11388 11400 11359
f 11371 11388 11361 11360
f 11361 11403 11402 11360
f 11364 11370 11371 11360
f 11363 11367 11364 11362
f 11367 11369 11370 11364
f 11373 11368 11366 11365
f 11368 11369 11367 11366
f 11376 11374 11369 11368
f 11374 11375 11370 11369
f 11375 11384 11371 11370
f 11384 11385 11388 11371
f 11386 11400 11388 11385
f 11387 11401 11400 11386
f 11389 11390 11401 11387
f 11391 11395 11390 11389
f 11392 11396 11395 11391
f 11393 11397 11396 11392
f 11394 11398 11397 11393
f 11399 11412 11398 11394
f 11416 11413 11412 11399
f 11412 11413 11406 11405
f 11413 11414 11407 11406
f 11414 11415 11408 11407
f 11416 11417 11414 11413
f 11423 11420 11424 11422
f 11424 11382 11379 11422
f 11380 11379 11382 11383
f 11736 11483 11485 11427
f 11485 11430 11428 11427
f 11430 11429 11431 11428
f 11433 11434 11431 11429
f 11430 11476 11470 11429
f 11470 11472 11433 11429
f 11485 11484 11476 11430
f 11434 11435 11432 11431
f 11436 11437 11434 11433
f 11472 11446 11436 11433
f 11437 11438 11435 11434
f 11584 11439 11440 11441
f 11579 11580 11443 11576
f 11440 11439 11567 11441
f 11443 11557 11556 11576
f 11448 11447 11449 11442
f 11449 11565 11444 11442
f 11565 11453 11676 11444
f 11472 11471 11562 11446
f 11448 11562 11563 11447
f 11563 11564 11561 11447
f 11561 11451 11449 11447
f 11451 11453 11565 11449
f 11452 11453 11451 11450
f 11451 11561 11566 11450
f 11566 11462 11463 11450
f 11463 11455 11452 11450
f 11454 11676 11453 11452
f 11455 11456 11454 11452
f 11667 11673 11456 11455
f 11458 11463 11462 11457
f 11462 11461 11460 11457
f 11461 11464 11467 11459
f 11517 11516 11518 11459
f 11518 11460 11461 11459
f 11462 11566 11464 11461
f 11566 11561 11564 11464
f 11564 11468 11467 11464
f 11469 11471 11466 11465
f 11466 11475 11474 11465
f 11474 11473 11477 11465
f 11477 11468 11469 11465
f 11471 11472 11470 11466
f 11470 11476 11475 11466
f 11468 11477 11507 11467
f 11564 11563 11469 11468
f 11563 11562 11471 11469
f 11474 11478 11502 11473
f 11502 11505 11506 11473
f 11506 11507 11477 11473
f 11475 11479 11478 11474
f 11476 11484 11479 11475
f 11479 11480 11490 11478
f 11490 11501 11502 11478
f 11484 11482 11480 11479
f 11482 11498 11481 11480
f 11481 11489 11490 11480
f 11498 11497 11496 11481
f 11496 11494 11489 11481
f 11484 11485 11483 11482
f 11483 11593 11498 11482
f 11736 11569 11593 11483
f 11503 11499 11487 11486
f 11511 11512 11503 11486
f 11499 11488 11493 11487
f 11501 11490 11489 11488
f 11489 11494 11493 11488
f 11499 11500 11501 11488
f 11493 11494 11492 11491
f 11494 11496 11495 11492
f 11496 11497 11675 11495
f 11498 11593 11668 11497
f 11668 11674 11675 11497
f 11503 11504 11500 11499
f 11505 11502 11501 11500
f 11504 11509 11505 11500
f 11512 11508 11504 11503
f 11509 11510 11506 11505
f 11525 11528 11514 11513
f 11528 11531 11515 11514
f 11531 11519 11516 11515
f 11519 11520 11518 11516
f 11531 11530 11532 11519
f 11532 11533 11520 11519
f 11524 11525 11522 11521
f 11534 11523 11524 11521
f 11526 11527 11524 11523
f 11537 11538 11526 11523
f 11527 11528 11525 11524
f 11529 11530 11527 11526
f 11538 11539 11529 11526
f 11530 11531 11528 11527
f 11541 11532 11530 11529
f 11539 11540 11541 11529
f 11541 11543 11533 11532
f 11543 11544 11545 11533
f 11616 11649 11536 11535
f 11649 11538 11537 11536
f 11649 11652 11539 11538
f 11652 11664 11540 11539
f 11542 11543 11541 11540
f 11664 11666 11542 11540
f 11662 11544 11543 11542
f 11666 11642 11662 11542
f 11547 11546 11545 11544
f 11662 11663 11547 11544
f 11547 11549 11550 11546
f 11663 11548 11549 11547
f 11551 11552 11549 11548
f 11663 11643 11640 11548
f 11640 11661 11551 11548
f 11557 11553 11552 11551
f 11661 11556 11557 11551
f 11557 11443 11554 11553
f 11575 11576 11556 11555
f 11556 11661 11646 11555
f 11646 11648 11596 11555
f 11596 11574 11575 11555
f 11444 11445 11558 11442
f 11448 11442 11558 11559
f 11446 11562 11448 11559
f 11668 11593 11569 11568
f 11674 11668 11568 11560
f 11577 11571 11581 11582
f 11585 11588 11589 11590
f 11586 11585 11590 11591
f 11859 11860 11857 11856
f 11574 11596 11595 11573
f 11595 11594 11598 11573
f 11578 11579 11576 11575
f 11854 11855 11851 11850
f 11861 11852 11853 11849
f 11595 11660 11659 11594
f 11659 11658 11597 11594
f 11597 11599 11598 11594
f 11596 11648 11660 11595
f 11658 11656 11600 11597
f 11600 11602 11599 11597
f 11656 11655 11604 11601
f 11607 11606 11609 11603
f 11655 11619 11607 11604
f 11606 11618 11617 11605
f 11617 11625 11610 11605
f 11608 11609 11606 11605
f 11607 11619 11618 11606
f 11625 11626 11612 11611
f 11626 11627 11623 11612
f 11623 11624 11614 11613
f 11624 11650 11615 11614
f 11650 11651 11616 11615
f 11651 11652 11649 11616
f 11618 11620 11629 11617
f 11629 11626 11625 11617
f 11619 11621 11620 11618
f 11655 11657 11621 11619
f 11621 11622 11632 11620
f 11632 11630 11629 11620
f 11657 11647 11622 11621
f 11647 11654 11637 11622
f 11637 11635 11632 11622
f 11627 11628 11624 11623
f 11628 11633 11650 11624
f 11629 11630 11627 11626
f 11630 11631 11628 11627
f 11631 11634 11633 11628
f 11632 11635 11631 11630
f 11635 11636 11634 11631
f 11634 11665 11653 11633
f 11653 11651 11650 11633
f 11636 11641 11665 11634
f 11637 11638 11636 11635
f 11638 11639 11641 11636
f 11654 11644 11638 11637
f 11644 11645 11639 11638
f 11645 11640 11643 11639
f 11643 11642 11641 11639
f 11645 11646 11661 11640
f 11642 11666 11665 11641
f 11643 11663 11662 11642
f 11648 11646 11645 11644
f 11654 11660 11648 11644
f 11659 11660 11654 11647
f 11657 11658 11659 11647
f 11653 11664 11652 11651
f 11665 11666 11664 11653
f 11656 11658 11657 11655
f 11670 11672 11673 11667
f 11671 11672 11670 11669
f 11572 11571 11577 11677
f 11577 11583 11681 11677
f 11681 11680 11682 11677
f 11682 11678 11572 11677
f 11679 11570 11572 11678
f 11681 11685 11684 11680
f 11583 11691 11685 11681
f 11685 11691 11690 11683
f 11688 11689 11687 11686
f 11689 11692 11866 11687
f 11690 11693 11689 11688
f 11693 11696 11692 11689
f 11691 11694 11693 11690
f 11583 11695 11694 11691
f 11696 11591 11697 11692
f 11697 11704 11866 11692
f 11694 11587 11696 11693
f 11695 11823 11587 11694
f 11582 11826 11823 11695
f 11583 11577 11582 11695
f 11587 11586 11591 11696
f 11591 11590 11698 11697
f 11698 11700 11704 11697
f 11590 11589 11592 11698
f 11592 11701 11700 11698
f 11868 11869 11867 11699
f 11867 11702 11862 11699
f 11703 11701 11868 11699
f 11701 11703 11865 11700
f 11865 11864 11704 11700
f 11592 11813 11868 11701
f 11867 11706 11705 11702
f 11864 11863 11866 11704
f 11713 11714 11707 11706
f 11867 11869 11713 11706
f 11714 11708 11710 11707
f 11716 11709 11711 11708
f 11714 11715 11716 11708
f 11719 11720 11712 11709
f 11716 11718 11719 11709
f 11871 11715 11714 11713
f 11869 11870 11871 11713
f 11717 11718 11716 11715
f 11871 11872 11717 11715
f 11721 11722 11719 11718
f 11722 11723 11720 11719
f 11857 11858 11722 11721
f 11840 11856 11857 11721
f 11858 11725 11723 11722
f 11725 11726 11724 11723
f 11727 11728 11726 11725
f 11858 11848 11727 11725
f 11728 11735 11734 11726
f 11851 11729 11728 11727
f 11848 11850 11851 11727
f 11729 11730 11735 11728
f 11731 11732 11730 11729
f 11851 11855 11731 11729
f 11737 11733 11732 11731
f 11855 11762 11737 11731
f 11737 11738 11739 11733
f 11762 11758 11738 11737
f 11758 11740 11741 11738
f 11758 11764 11759 11740
f 11759 11742 11743 11740
f 11759 11765 11744 11742
f 11744 11746 11747 11742
f 11765 11772 11749 11744
f 11749 11745 11746 11744
f 11749 11775 11752 11745
f 11752 11754 11748 11745
f 11772 11771 11775 11749
f 11757 11753 11751 11750
f 11751 11774 11779 11750
f 11779 11778 11781 11750
f 11781 11756 11757 11750
f 11753 11754 11752 11751
f 11752 11775 11774 11751
f 11756 11781 11780 11755
f 11780 11799 11802 11755
f 11762 11761 11764 11758
f 11764 11763 11765 11759
f 11763 11764 11761 11760
f 11761 11854 11853 11760
f 11853 11852 11766 11760
f 11766 11767 11763 11760
f 11762 11855 11854 11761
f 11767 11772 11765 11763
f 11852 11847 11768 11766
f 11768 11770 11767 11766
f 11770 11771 11772 11767
f 11847 11846 11838 11768
f 11838 11769 11770 11768
f 11773 11771 11770 11769
f 11838 11837 11839 11769
f 11839 11776 11773 11769
f 11773 11774 11775 11771
f 11776 11779 11774 11773
f 11839 11782 11784 11776
f 11784 11778 11779 11776
f 11780 11781 11778 11777
f 11778 11784 11783 11777
f 11783 11788 11789 11777
f 11789 11799 11780 11777
f 11839 11837 11836 11782
f 11787 11783 11784 11782
f 11787 11786 11788 11783
f 11786 11787 11835 11785
f 11835 11834 11833 11785
f 11833 11808 11790 11785
f 11790 11792 11786 11785
f 11792 11795 11788 11786
f 11795 11796 11789 11788
f 11796 11801 11799 11789
f 11808 11803 11804 11790
f 11804 11791 11792 11790
f 11794 11795 11792 11791
f 11804 11828 11830 11791
f 11830 11793 11794 11791
f 11797 11798 11794 11793
f 11798 11796 11795 11794
f 11798 11800 11801 11796
f 11808 11806 11581 11803
f 11581 11571 11827 11803
f 11827 11828 11804 11803
f 11807 11832 11810 11805
f 11810 11825 11824 11805
f 11824 11823 11826 11805
f 11826 11806 11807 11805
f 11808 11833 11807 11806
f 11826 11582 11581 11806
f 11833 11834 11832 11807
f 11831 11819 11812 11809
f 11812 11816 11588 11809
f 11588 11585 11825 11809
f 11825 11810 11831 11809
f 11832 11820 11831 11810
f 11872 11815 11817 11811
f 11818 11817 11816 11812
f 11814 11815 11870 11813
f 11870 11869 11868 11813
f 11592 11589 11814 11813
f 11816 11817 11815 11814
f 11589 11588 11816 11814
f 11872 11871 11870 11815
f 11831 11820 11821 11819
f 11832 11834 11822 11820
f 11824 11586 11587 11823
f 11825 11585 11586 11824
f 11571 11572 11570 11827
f 11570 11829 11828 11827
f 11838 11846 11845 11837
f 11842 11859 11856 11841
f 11844 11861 11859 11842
f 11846 11847 11844 11843
f 11847 11852 11861 11844
f 11858 11857 11860 11848
f 11860 11849 11850 11848
f 11853 11854 11850 11849
f 11860 11859 11861 11849
f 11877 11878 11873 11883
f 11883 11873 11875 11885
f 11877 11883 11884 11934
f 11907 11939 11941 11944
f 11906 11944 11941 11945
f 11880 11879 11911 11889
f 11893 11942 11901 11946
f 11942 11893 11880 11940
f 11880 11889 11911 11938
f 11940 11880 11938 11937
f 11897 11901 11942 11896
f 11874 11943 11901 11897
f 11910 11914 11913 11909
f 11938 11911 11908 11936
f 11935 11936 11907 11881
f 11929 11912 11882 11906
f 11908 11939 11907 11936
f 11907 11944 11912 11881
f 11884 11906 11945 11934
f 11906 11882 11912 11944
f 11883 11929 11906 11884
f 11918 11888 11887 11917
f 11917 11887 11886 11916
f 11892 11904 11891 11890
f 11937 11938 11936 11935
f 11904 11892 11894 11903
f 11903 11894 11895 11902
f 11898 11900 11899 11905
f 11924 11922 11921 11925
f 11925 11921 11919 11926
f 11926 11919 11920 11927
f 11928 11925 11926 11930
f 11915 11876 11930 11931
f 11930 11926 11927 11931
f 11924 11925 11928 11933
f 11932 11923 11924 11933
f 11948 12004 12012 11947
f 12012 12048 11953 11947
f 11953 11952 11954 11947
f 11954 11955 11948 11947
f 11949 12001 12004 11948
f 11955 11956 11949 11948
f 11951 11977 12001 11949
f 11956 11950 11951 11949
f 11965 11961 11951 11950
f 11956 11958 11959 11950
f 11959 11964 11965 11950
f 11961 12119 11977 11951
f 12052 12051 12141 11952
f 12141 12138 11954 11952
f 12138 11957 11955 11954
f 11957 11958 11956 11955
f 12138 12142 12143 11957
f 12143 12139 11958 11957
f 12139 11960 11959 11958
f 12139 12147 12148 11960
f 11962 11966 12119 11961
f 11965 11963 11962 11961
f 11967 11968 11966 11962
f 11968 11970 12120 11966
f 12120 12109 12119 11966
f 11971 12121 11970 11969
f 12121 12112 12120 11970
f 11972 11973 12122 11971
f 12122 12114 12121 11971
f 12137 11974 11973 11972
f 11974 12129 12127 11973
f 12127 12126 12122 11973
f 11975 12123 12129 11974
f 12133 12134 12029 11979
f 11983 11985 11981 11980
f 11985 11986 11982 11981
f 11982 12136 12135 11981
f 11986 11987 11984 11982
f 11984 12023 12136 11982
f 11989 11990 11985 11983
f 11987 11988 12020 11984
f 12020 12024 12023 11984
f 11990 11991 11986 11985
f 11991 11992 11987 11986
f 11992 11999 11988 11987
f 11999 12007 12005 11988
f 12005 12021 12020 11988
f 11993 11994 11990 11989
f 12132 12016 11993 11989
f 11994 11995 11991 11990
f 11995 12000 11992 11991
f 12000 12015 11999 11992
f 12018 11996 11994 11993
f 12016 12017 12018 11993
f 11998 12018 12017 11997
f 12015 12008 12007 11999
f 12009 12010 12015 12000
f 12021 12025 12024 12020
f 12023 12024 12031 12022
f 12031 12032 12030 12022
f 12030 12029 12134 12022
f 12134 12136 12023 12022
f 12025 12125 12031 12024
f 12027 12028 12035 12026
f 12035 12034 12033 12026
f 12033 12123 12124 12026
f 12029 12030 12028 12027
f 12030 12032 12036 12028
f 12036 12038 12035 12028
f 12034 12131 12130 12033
f 12130 12129 12123 12033
f 12035 12038 12037 12034
f 12037 12041 12131 12034
f 12044 12106 12097 12039
f 12097 12098 12099 12039
f 12045 12099 12100 12040
f 12100 12131 12041 12040
f 12102 12103 12104 12043
f 12115 12116 12101 12046
f 12006 12002 12115 12047
f 12012 12011 12049 12048
f 12140 12141 12051 12050
f 12051 12087 12095 12050
f 12095 12053 11976 12050
f 11976 12144 12140 12050
f 12052 12088 12087 12051
f 12095 12092 12094 12053
f 12094 12056 12057 12053
f 12056 12094 12089 12055
f 12091 12080 12093 12058
f 12060 12090 12091 12058
f 12093 12076 12061 12059
f 12076 12077 12062 12061
f 12077 12064 12063 12062
f 12077 12073 12069 12064
f 12071 12072 12066 12065
f 12072 12075 12067 12066
f 12073 12074 12070 12069
f 12074 12078 12071 12070
f 12078 12079 12072 12071
f 12077 12076 12081 12073
f 12081 12082 12074 12073
f 12082 12083 12078 12074
f 12093 12080 12081 12076
f 12083 12085 12079 12078
f 12084 12082 12081 12080
f 12091 12086 12084 12080
f 12084 12088 12083 12082
f 12086 12087 12088 12084
f 12091 12090 12092 12086
f 12092 12095 12087 12086
f 12094 12092 12090 12089
f 12126 12098 12097 12096
f 12097 12106 12105 12096
f 12105 12113 12114 12096
f 12114 12122 12126 12096
f 12128 12100 12099 12098
f 12126 12127 12128 12098
f 12128 12130 12131 12100
f 12116 12108 12102 12101
f 12108 12111 12103 12102
f 12105 12106 12104 12103
f 12111 12113 12105 12103
f 12110 12111 12108 12107
f 12108 12116 12117 12107
f 12117 11978 12118 12107
f 12118 12109 12110 12107
f 12120 12112 12110 12109
f 12118 11977 12119 12109
f 12112 12113 12111 12110
f 12121 12114 12113 12112
f 12002 12117 12116 12115
f 12002 12003 11978 12117
f 11978 12001 11977 12118
f 12129 12130 12128 12127
f 12135 12136 12134 12133
f 12141 12140 12142 12138
f 12143 12146 12147 12139
f 12144 12145 12142 12140
f 12145 12146 12143 12142
f 12068 12042 12145 12144
f 12042 12014 12146 12145
f 12014 12013 12147 12146
f 12019 12014 12042 12054
f 12004 12003 12011 12012
f 12003 12002 12006 12011
f 12001 11978 12003 12004
f 12255 12259 12338 12149
f 12338 12202 12262 12150
f 12336 12153 12152 12151
f 12262 12167 12336 12151
f 12153 12154 12335 12152
f 12155 12156 12154 12153
f 12336 12337 12155 12153
f 12156 12159 12161 12154
f 12161 12162 12335 12154
f 12163 12157 12156 12155
f 12337 12164 12163 12155
f 12163 12165 12158 12157
f 12164 12166 12165 12163
f 12337 12168 12174 12164
f 12168 12337 12336 12167
f 12262 12202 12261 12167
f 12261 12334 12168 12167
f 12334 12173 12174 12168
f 12170 12181 12180 12169
f 12171 12332 12181 12170
f 12172 12264 12332 12171
f 12173 12334 12264 12172
f 12177 12178 12329 12175
f 12329 12257 12256 12175
f 12256 12328 12182 12175
f 12182 12176 12177 12175
f 12179 12180 12177 12176
f 12182 12183 12188 12176
f 12188 12333 12179 12176
f 12180 12181 12178 12177
f 12181 12332 12331 12178
f 12331 12330 12329 12178
f 12328 12327 12183 12182
f 12327 12184 12186 12183
f 12186 12187 12188 12183
f 12327 12325 12245 12184
f 12245 12189 12190 12184
f 12190 12185 12186 12184
f 12320 12187 12186 12185
f 12190 12198 12191 12185
f 12191 12192 12320 12185
f 12323 12333 12188 12187
f 12320 12322 12323 12187
f 12245 12244 12324 12189
f 12324 12194 12196 12189
f 12196 12198 12190 12189
f 12198 12197 12199 12191
f 12199 12200 12192 12191
f 12321 12322 12320 12192
f 12200 12160 12321 12192
f 12195 12196 12194 12193
f 12194 12298 12304 12193
f 12304 12303 12313 12193
f 12313 12316 12195 12193
f 12324 12236 12298 12194
f 12197 12198 12196 12195
f 12316 12318 12197 12195
f 12318 12319 12199 12197
f 12312 12313 12303 12201
f 12303 12302 12206 12201
f 12206 12204 12309 12201
f 12309 12311 12312 12201
f 12308 12309 12204 12203
f 12204 12207 12301 12203
f 12301 12300 12306 12203
f 12306 12307 12308 12203
f 12206 12205 12207 12204
f 12206 12302 12295 12205
f 12295 12294 12208 12205
f 12208 12293 12207 12205
f 12293 12292 12301 12207
f 12294 12277 12209 12208
f 12209 12212 12293 12208
f 12277 12275 12211 12209
f 12211 12210 12212 12209
f 12211 12214 12213 12210
f 12285 12288 12212 12210
f 12275 12289 12214 12211
f 12288 12292 12293 12212
f 12214 12216 12215 12213
f 12289 12217 12216 12214
f 12217 12283 12282 12216
f 12289 12290 12218 12217
f 12218 12284 12283 12217
f 12290 12281 12280 12218
f 12280 12219 12284 12218
f 12280 12227 12279 12219
f 12279 12221 12220 12219
f 12220 12222 12284 12219
f 12279 12227 12224 12223
f 12227 12226 12278 12224
f 12278 12226 12228 12225
f 12228 12231 12232 12225
f 12227 12280 12281 12226
f 12281 12274 12228 12226
f 12274 12230 12231 12228
f 12237 12273 12230 12229
f 12230 12274 12276 12229
f 12276 12275 12277 12229
f 12277 12294 12237 12229
f 12273 12233 12231 12230
f 12233 12234 12232 12231
f 12239 12241 12234 12233
f 12273 12238 12239 12233
f 12298 12236 12240 12235
f 12240 12239 12238 12235
f 12238 12296 12297 12235
f 12297 12304 12298 12235
f 12324 12244 12243 12236
f 12243 12242 12240 12236
f 12296 12238 12273 12237
f 12294 12295 12296 12237
f 12240 12242 12241 12239
f 12242 12266 12272 12241
f 12243 12268 12266 12242
f 12244 12246 12268 12243
f 12245 12325 12246 12244
f 12325 12326 12248 12246
f 12248 12269 12268 12246
f 12250 12251 12249 12247
f 12270 12267 12269 12247
f 12269 12248 12250 12247
f 12326 12265 12250 12248
f 12265 12253 12251 12250
f 12253 12254 12252 12251
f 12257 12258 12254 12253
f 12265 12256 12257 12253
f 12258 12259 12255 12254
f 12265 12326 12328 12256
f 12329 12330 12258 12257
f 12330 12260 12259 12258
f 12260 12202 12338 12259
f 12263 12261 12202 12260
f 12330 12331 12263 12260
f 12263 12264 12334 12261
f 12331 12332 12264 12263
f 12268 12269 12267 12266
f 12267 12271 12272 12266
f 12281 12290 12276 12274
f 12276 12290 12289 12275
f 12291 12292 12288 12286
f 12299 12300 12291 12287
f 12300 12301 12292 12291
f 12302 12297 12296 12295
f 12302 12303 12304 12297
f 12305 12306 12300 12299
f 12310 12311 12309 12308
f 12314 12315 12312 12311
f 12315 12316 12313 12312
f 12317 12318 12316 12315
f 12327 12328 12326 12325
f 12339 12340 12341 12343
f 12347 12403 12406 12346
f 12406 12407 12350 12346
f 12348 12404 12403 12347
f 12350 12407 12344 12349
f 12344 12412 12351 12349
f 12412 12389 12353 12351
f 12353 12389 12367 12352
f 12367 12368 12345 12352
f 12376 12377 12355 12354
f 12377 12379 12356 12355
f 12379 12378 12357 12356
f 12420 12419 12418 12359
f 12418 12385 12360 12359
f 12385 12362 12361 12360
f 12362 12363 12417 12361
f 12385 12384 12386 12362
f 12386 12372 12363 12362
f 12364 12416 12417 12363
f 12372 12371 12364 12363
f 12414 12415 12416 12364
f 12371 12413 12414 12364
f 12366 12395 12396 12365
f 12396 12414 12413 12365
f 12413 12370 12368 12365
f 12368 12367 12366 12365
f 12390 12393 12395 12366
f 12367 12389 12390 12366
f 12370 12358 12345 12368
f 12370 12413 12371 12369
f 12371 12372 12373 12369
f 12373 12375 12374 12369
f 12374 12358 12370 12369
f 12386 12388 12373 12372
f 12388 12376 12375 12373
f 12388 12382 12377 12376
f 12382 12381 12379 12377
f 12379 12381 12380 12378
f 12381 12383 12387 12380
f 12382 12384 12383 12381
f 12388 12386 12384 12382
f 12384 12385 12418 12383
f 12418 12419 12387 12383
f 12412 12391 12390 12389
f 12391 12394 12393 12390
f 12411 12392 12394 12391
f 12412 12344 12411 12391
f 12411 12408 12397 12392
f 12399 12403 12404 12398
f 12404 12405 12410 12398
f 12409 12406 12403 12399
f 12341 12340 12402 12400
f 12402 12401 12342 12400
f 12410 12405 12342 12401
f 12409 12408 12407 12406
f 12408 12411 12344 12407
f 12422 12426 12423 12421
f 12423 12424 12659 12421
f 12658 12435 12657 12422
f 12657 12425 12426 12422
f 12426 12647 12650 12423
f 12650 12654 12424 12423
f 12660 12626 12659 12424
f 12654 12656 12660 12424
f 12657 12434 12433 12425
f 12433 12431 12427 12425
f 12427 12647 12426 12425
f 12431 12430 12472 12427
f 12472 12646 12647 12427
f 12468 12471 12429 12428
f 12438 12476 12468 12428
f 12471 12472 12430 12429
f 12430 12437 12436 12429
f 12431 12432 12437 12430
f 12645 12462 12476 12438
f 12444 12449 12440 12439
f 12446 12443 12444 12439
f 12449 12450 12441 12440
f 12450 12452 12442 12441
f 12452 12453 12451 12442
f 12641 12642 12444 12443
f 12446 12445 12448 12443
f 12448 12605 12641 12443
f 12642 12454 12449 12444
f 12454 12455 12450 12449
f 12455 12456 12452 12450
f 12453 12460 12643 12451
f 12456 12457 12453 12452
f 12457 12463 12460 12453
f 12610 12639 12455 12454
f 12642 12609 12610 12454
f 12639 12640 12456 12455
f 12640 12458 12457 12456
f 12458 12459 12463 12457
f 12521 12519 12459 12458
f 12640 12520 12521 12458
f 12519 12479 12465 12459
f 12465 12464 12463 12459
f 12463 12464 12461 12460
f 12461 12644 12643 12460
f 12464 12466 12462 12461
f 12462 12645 12644 12461
f 12466 12469 12476 12462
f 12465 12467 12466 12464
f 12479 12477 12467 12465
f 12467 12470 12469 12466
f 12477 12478 12470 12467
f 12473 12474 12471 12468
f 12476 12469 12473 12468
f 12470 12475 12473 12469
f 12478 12651 12475 12470
f 12474 12646 12472 12471
f 12475 12648 12474 12473
f 12648 12649 12646 12474
f 12651 12652 12648 12475
f 12480 12483 12478 12477
f 12479 12637 12480 12477
f 12483 12484 12651 12478
f 12519 12636 12637 12479
f 12481 12482 12483 12480
f 12637 12638 12481 12480
f 12514 12634 12482 12481
f 12638 12515 12514 12481
f 12634 12635 12486 12482
f 12486 12484 12483 12482
f 12486 12487 12485 12484
f 12485 12652 12651 12484
f 12487 12488 12655 12485
f 12655 12653 12652 12485
f 12635 12490 12487 12486
f 12490 12491 12488 12487
f 12491 12492 12489 12488
f 12489 12656 12655 12488
f 12447 12660 12656 12489
f 12493 12494 12491 12490
f 12635 12496 12493 12490
f 12496 12497 12495 12493
f 12635 12634 12510 12496
f 12510 12501 12497 12496
f 12501 12500 12504 12498
f 12504 12499 12627 12498
f 12504 12503 12507 12499
f 12507 12625 12628 12499
f 12501 12510 12509 12500
f 12509 12508 12512 12500
f 12512 12503 12504 12500
f 12506 12507 12503 12502
f 12503 12512 12511 12502
f 12511 12622 12513 12502
f 12513 12505 12506 12502
f 12623 12624 12506 12505
f 12513 12589 12591 12505
f 12624 12625 12507 12506
f 12509 12514 12515 12508
f 12515 12577 12621 12508
f 12621 12511 12512 12508
f 12510 12634 12514 12509
f 12621 12579 12622 12511
f 12622 12580 12589 12513
f 12638 12516 12577 12515
f 12638 12637 12636 12516
f 12636 12518 12517 12516
f 12517 12576 12577 12516
f 12518 12522 12523 12517
f 12523 12575 12576 12517
f 12636 12519 12521 12518
f 12521 12520 12522 12518
f 12640 12639 12524 12520
f 12524 12526 12522 12520
f 12526 12620 12523 12522
f 12620 12574 12575 12523
f 12639 12610 12528 12524
f 12528 12525 12526 12524
f 12619 12620 12526 12525
f 12528 12527 12529 12525
f 12529 12567 12619 12525
f 12528 12610 12609 12527
f 12609 12608 12530 12527
f 12530 12615 12529 12527
f 12615 12566 12567 12529
f 12608 12607 12613 12530
f 12613 12614 12615 12530
f 12534 12616 12532 12531
f 12532 12612 12611 12531
f 12616 12617 12614 12532
f 12614 12613 12612 12532
f 12618 12568 12534 12533
f 12568 12565 12616 12534
f 12537 12564 12536 12535
f 12564 12571 12618 12536
f 12540 12542 12541 12538
f 12541 12544 12562 12539
f 12542 12543 12544 12541
f 12546 12545 12544 12543
f 12545 12563 12562 12544
f 12546 12560 12561 12545
f 12548 12557 12559 12547
f 12556 12558 12557 12548
f 12550 12554 12556 12549
f 12551 12555 12554 12550
f 12552 12553 12555 12551
f 12604 12603 12571 12564
f 12602 12596 12569 12565
f 12569 12617 12616 12565
f 12568 12601 12602 12565
f 12570 12572 12567 12566
f 12615 12614 12617 12566
f 12617 12569 12570 12566
f 12572 12573 12619 12567
f 12618 12571 12601 12568
f 12596 12592 12570 12569
f 12592 12593 12572 12570
f 12603 12597 12601 12571
f 12593 12594 12573 12572
f 12594 12581 12574 12573
f 12574 12620 12619 12573
f 12581 12578 12575 12574
f 12578 12579 12576 12575
f 12579 12621 12577 12576
f 12580 12622 12579 12578
f 12581 12584 12580 12578
f 12584 12588 12589 12580
f 12594 12583 12584 12581
f 12586 12587 12583 12582
f 12583 12594 12593 12582
f 12593 12592 12595 12582
f 12595 12585 12586 12582
f 12587 12588 12584 12583
f 12630 12631 12586 12585
f 12595 12599 12600 12585
f 12631 12629 12587 12586
f 12629 12590 12588 12587
f 12590 12591 12589 12588
f 12596 12599 12595 12592
f 12602 12598 12599 12596
f 12632 12633 12598 12597
f 12598 12602 12601 12597
f 12633 12600 12599 12598
f 12607 12608 12641 12605
f 12612 12613 12607 12606
f 12609 12642 12641 12608
f 12649 12650 12647 12646
f 12652 12653 12649 12648
f 12653 12654 12650 12649
f 12655 12656 12654 12653
f 12662 12668 12664 12661
f 12663 12669 12668 12662
f 12784 12670 12669 12663
f 12668 12666 12694 12664
f 12667 12671 12672 12665
f 12672 12779 12778 12665
f 12778 12697 12693 12665
f 12693 12666 12667 12665
f 12668 12669 12667 12666
f 12693 12692 12694 12666
f 12669 12670 12671 12667
f 12784 12785 12783 12670
f 12783 12781 12671 12670
f 12781 12673 12672 12671
f 12673 12780 12779 12672
f 12781 12782 12674 12673
f 12674 12775 12780 12673
f 12782 12728 12677 12674
f 12677 12675 12775 12674
f 12677 12771 12676 12675
f 12676 12678 12680 12675
f 12680 12774 12775 12675
f 12771 12723 12769 12676
f 12769 12700 12678 12676
f 12728 12725 12771 12677
f 12777 12773 12681 12679
f 12772 12776 12777 12679
f 12698 12687 12684 12682
f 12695 12772 12699 12683
f 12684 12685 12695 12683
f 12687 12688 12685 12684
f 12686 12696 12695 12685
f 12688 12689 12686 12685
f 12691 12697 12696 12686
f 12689 12690 12691 12686
f 12692 12693 12697 12691
f 12696 12776 12772 12695
f 12697 12778 12776 12696
f 12769 12770 12702 12700
f 12721 12720 12707 12701
f 12707 12704 12703 12701
f 12703 12702 12770 12701
f 12770 12724 12721 12701
f 12707 12708 12705 12704
f 12708 12709 12706 12705
f 12709 12712 12763 12706
f 12720 12710 12708 12707
f 12710 12711 12709 12708
f 12711 12713 12712 12709
f 12768 12715 12711 12710
f 12720 12719 12768 12710
f 12715 12716 12713 12711
f 12713 12714 12760 12712
f 12760 12765 12763 12712
f 12716 12735 12714 12713
f 12735 12737 12739 12714
f 12739 12761 12760 12714
f 12736 12759 12716 12715
f 12768 12717 12736 12715
f 12759 12758 12735 12716
f 12793 12794 12736 12717
f 12768 12719 12718 12717
f 12718 12792 12793 12717
f 12719 12733 12734 12718
f 12734 12791 12792 12718
f 12720 12721 12733 12719
f 12724 12727 12733 12721
f 12790 12791 12734 12722
f 12734 12733 12727 12722
f 12727 12726 12730 12722
f 12730 12789 12790 12722
f 12726 12727 12724 12723
f 12724 12770 12769 12723
f 12771 12725 12726 12723
f 12729 12730 12726 12725
f 12728 12732 12729 12725
f 12782 12731 12732 12728
f 12788 12789 12730 12729
f 12732 12787 12788 12729
f 12786 12787 12732 12731
f 12782 12781 12783 12731
f 12783 12785 12786 12731
f 12758 12757 12737 12735
f 12794 12795 12759 12736
f 12757 12756 12741 12737
f 12741 12740 12739 12737
f 12799 12800 12743 12738
f 12743 12746 12742 12738
f 12742 12741 12756 12738
f 12756 12798 12799 12738
f 12740 12762 12761 12739
f 12741 12742 12744 12740
f 12744 12766 12762 12740
f 12746 12745 12744 12742
f 12800 12801 12749 12743
f 12749 12747 12746 12743
f 12746 12747 12767 12745
f 12749 12750 12748 12747
f 12750 12752 12751 12748
f 12801 12802 12750 12749
f 12802 12803 12752 12750
f 12803 12764 12753 12752
f 12764 12755 12754 12753
f 12757 12797 12798 12756
f 12758 12796 12797 12757
f 12759 12795 12796 12758
f 12780 12775 12774 12773
f 12777 12779 12780 12773
f 12778 12779 12777 12776
f 12908 12888 12805 12804
f 12888 12811 12808 12805
f 12808 12810 12807 12806
f 12811 12809 12810 12808
f 12811 12815 12816 12809
f 12888 12813 12815 12811
f 12813 12888 12908 12812
f 12908 12906 12832 12812
f 12924 12927 12813 12812
f 12927 12814 12815 12813
f 12817 12816 12815 12814
f 12927 12925 12926 12814
f 12926 12818 12817 12814
f 12926 12823 12824 12818
f 12825 12822 12820 12819
f 12831 12829 12825 12819
f 12822 12823 12821 12820
f 12821 12922 12921 12820
f 12823 12926 12925 12821
f 12925 12923 12922 12821
f 12826 12824 12823 12822
f 12825 12830 12826 12822
f 12826 12827 12828 12824
f 12829 12919 12830 12825
f 12830 12920 12827 12826
f 12917 12918 12919 12829
f 12919 12912 12920 12830
f 12836 12837 12834 12833
f 12835 12909 12836 12833
f 12842 12838 12837 12836
f 12909 12841 12842 12836
f 12842 12840 12839 12838
f 12842 12841 12843 12840
f 12845 12846 12843 12841
f 12846 12907 12844 12843
f 12847 12849 12903 12845
f 12903 12901 12846 12845
f 12901 12902 12907 12846
f 12852 12903 12849 12848
f 12850 12851 12852 12848
f 12854 12896 12851 12850
f 12853 12904 12852 12851
f 12896 12897 12853 12851
f 12904 12901 12903 12852
f 12899 12905 12904 12853
f 12897 12898 12899 12853
f 12856 12891 12895 12855
f 12862 12864 12856 12855
f 12857 12892 12891 12856
f 12864 12860 12857 12856
f 12858 12890 12892 12857
f 12860 12861 12858 12857
f 12859 12889 12890 12858
f 12864 12863 12865 12860
f 12865 12866 12861 12860
f 12875 12863 12864 12862
f 12875 12874 12870 12863
f 12870 12867 12865 12863
f 12867 12868 12866 12865
f 12870 12873 12877 12867
f 12877 12869 12868 12867
f 12877 12878 12879 12869
f 12874 12872 12873 12870
f 12876 12873 12872 12871
f 12880 12881 12876 12871
f 12876 12878 12877 12873
f 12881 12882 12878 12876
f 12882 12883 12879 12878
f 12887 12884 12881 12880
f 12884 12885 12882 12881
f 12885 12886 12883 12882
f 12893 12898 12892 12890
f 12892 12898 12897 12891
f 12897 12896 12895 12891
f 12894 12899 12898 12893
f 12900 12905 12899 12894
f 12904 12905 12902 12901
f 12913 12911 12918 12910
f 12918 12917 12916 12910
f 12914 12915 12912 12911
f 12912 12919 12918 12911
f 12925 12927 12924 12923
