-4.905230998992919922e-01 8.714282512664794922e-01 1.846581144491210580e-04 -9.057907300302758813e-05 1.609163009561598301e-04 -1.000000000000000000e+00
-4.905230998992919922e-01 8.714282512664794922e-01 1.932308223331347108e-04 -9.478418360231444240e-05 1.683868031250312924e-04 -1.000000000000000000e+00
-6.173791289329528809e-01 7.866656780242919922e-01 4.884945228695869446e-04 -3.015863476321101189e-04 3.842819423880428076e-04 -9.999998807907104492e-01
-6.173791289329528809e-01 7.866656780242919922e-01 5.162021843716502190e-04 -3.186924732290208340e-04 4.060786159243434668e-04 -9.999998807907104492e-01
-7.298646569252014160e-01 6.835914254188537598e-01 5.925840232521295547e-04 -4.325062036514282227e-04 4.050854186061769724e-04 -9.999998211860656738e-01
-7.298646569252014160e-01 6.835914254188537598e-01 6.161369965411722660e-04 -4.496967012528330088e-04 4.211860359646379948e-04 -9.999998211860656738e-01
-8.253598213195800781e-01 5.646068453788757324e-01 4.998350632376968861e-04 -4.125438281334936619e-04 2.822103269863873720e-04 -9.999998807907104492e-01
-8.253598213195800781e-01 5.646067857742309570e-01 5.648412043228745461e-04 -4.661972925532609224e-04 3.189132548868656158e-04 -9.999998211860656738e-01
-9.016434550285339355e-01 4.324789345264434814e-01 1.062180497683584690e-03 -9.577085729688405991e-04 4.593709309119731188e-04 -9.999994635581970215e-01
-9.016433954238891602e-01 4.324789047241210938e-01 1.090186648070812225e-03 -9.829602204263210297e-04 4.714830138254910707e-04 -9.999994039535522461e-01
-9.569393396377563477e-01 2.902844548225402832e-01 1.473099226132035255e-03 -1.409668126143515110e-03 4.276182444300502539e-04 -9.999989271163940430e-01
-9.569389224052429199e-01 2.902843058109283447e-01 1.725036883726716042e-03 -1.650757389143109322e-03 5.007518921047449112e-04 -9.999985098838806152e-01
-9.899592995643615723e-01 1.413330882787704468e-01 2.356372540816664696e-03 -2.332719741389155388e-03 3.330343752168118954e-04 -9.999972581863403320e-01
-9.899592995643615723e-01 1.413330882787704468e-01 2.359839621931314468e-03 -2.336151897907257080e-03 3.335243673063814640e-04 -9.999971985816955566e-01
-9.999362230300903320e-01 -1.090804208070039749e-02 -2.940043341368436813e-03 2.939868485555052757e-03 3.207025292795151472e-05 -9.999957084655761719e-01
-9.999356269836425781e-01 -1.090803556144237518e-02 -3.125507850199937820e-03 3.125321818515658379e-03 3.409331839065998793e-05 -9.999951124191284180e-01
-9.866219758987426758e-01 -1.628919839859008789e-01 -6.584763992577791214e-03 6.496813148260116577e-03 1.072628423571586609e-03 -9.999783635139465332e-01
-9.866219758987426758e-01 -1.628919690847396851e-01 -6.577170919626951218e-03 6.489321589469909668e-03 1.071391510777175426e-03 -9.999783635139465332e-01
-9.503682851791381836e-01 -3.110870122909545898e-01 -5.006221588701009750e-03 4.757813178002834320e-03 1.557389739900827408e-03 -9.999874830245971680e-01
-9.503692984580993652e-01 -3.110873401165008545e-01 -4.787155892699956894e-03 4.549617879092693329e-03 1.489240559749305248e-03 -9.999885559082031250e-01
-8.919917941093444824e-01 -4.520443379878997803e-01 -2.577532082796096802e-03 2.299144864082336426e-03 1.165162539109587669e-03 -9.999966621398925781e-01
-8.919926285743713379e-01 -4.520447850227355957e-01 -2.174907363951206207e-03 1.940005808137357235e-03 9.831577772274613380e-04 -9.999976754188537598e-01
-8.128449320793151855e-01 -5.824753642082214355e-01 2.374086761847138405e-03 -1.929769758135080338e-03 -1.382850925438106060e-03 -9.999971985816955566e-01
-8.128444552421569824e-01 -5.824750065803527832e-01 2.595791360363364220e-03 -2.109982073307037354e-03 -1.511988812126219273e-03 -9.999966621398925781e-01
-7.147736549377441406e-01 -6.993473768234252930e-01 3.462533233687281609e-03 -2.474942244589328766e-03 -2.421528100967407227e-03 -9.999940395355224609e-01
-7.147732377052307129e-01 -6.993470191955566406e-01 3.613932523876428604e-03 -2.583159133791923523e-03 -2.527409465983510017e-03 -9.999935030937194824e-01
-6.000667214393615723e-01 -7.999411821365356445e-01 3.759891027584671974e-03 -2.256201580166816711e-03 -3.007713239639997482e-03 -9.999929666519165039e-01
-6.000666618347167969e-01 -7.999411225318908691e-01 3.776821307837963104e-03 -2.266360912472009659e-03 -3.021256532520055771e-03 -9.999929070472717285e-01
-4.713950455188751221e-01 -8.819168806076049805e-01 3.068723483011126518e-03 -1.446587615646421909e-03 -2.706371480599045753e-03 -9.999952912330627441e-01
-4.713950157165527344e-01 -8.819168806076049805e-01 3.053402295336127281e-03 -1.439365325495600700e-03 -2.692859619855880737e-03 -9.999953508377075195e-01
-3.317475914955139160e-01 -9.433639049530029297e-01 2.848442178219556808e-03 -9.449676726944744587e-04 -2.687128493562340736e-03 -9.999959468841552734e-01
-3.317476212978363037e-01 -9.433639645576477051e-01 2.832293277606368065e-03 -9.396102977916598320e-04 -2.671894151717424393e-03 -9.999960064888000488e-01
-1.843790709972381592e-01 -9.828514456748962402e-01 2.732584252953529358e-03 -5.038331728428602219e-04 -2.685734303668141365e-03 -9.999963045120239258e-01
-1.843791455030441284e-01 -9.828519225120544434e-01 2.550893463194370270e-03 -4.703330632764846087e-04 -2.507158555090427399e-03 -9.999967813491821289e-01
-3.271902725100517273e-02 -9.994619488716125488e-01 2.302835695445537567e-03 -7.534673932241275907e-05 -2.301602624356746674e-03 -9.999973773956298828e-01
-3.271904960274696350e-02 -9.994626045227050781e-01 1.995882485061883926e-03 -6.530350219691172242e-05 -1.994813792407512665e-03 -9.999980330467224121e-01
1.197023168206214905e-01 -9.928097724914550781e-01 3.439026186242699623e-04 4.116594209335744381e-05 -3.414298989810049534e-04 -9.999999403953552246e-01
1.197023242712020874e-01 -9.928098320960998535e-01 1.660951529629528522e-04 1.988197618629783392e-05 -1.649009063839912415e-04 -1.000000000000000000e+00
2.693414390087127686e-01 -9.630447626113891602e-01 -8.120530401356518269e-05 -2.187195423175580800e-05 7.820434257155284286e-05 -1.000000000000000000e+00
2.693414390087127686e-01 -9.630447626113891602e-01 -2.016956277657300234e-04 -5.432499165181070566e-05 1.942419185070320964e-04 -1.000000000000000000e+00
4.127070605754852295e-01 -9.108631610870361328e-01 -1.111795776523649693e-03 -4.588462179526686668e-04 1.012694439850747585e-03 -9.999994039535522461e-01
4.127070009708404541e-01 -9.108630418777465820e-01 -1.233605667948722839e-03 -5.091180792078375816e-04 1.123646623454988003e-03 -9.999992847442626953e-01
5.464655160903930664e-01 -8.374806642532348633e-01 -1.286551589146256447e-03 -7.030566339381039143e-04 1.077462919056415558e-03 -9.999992251396179199e-01
5.464655160903930664e-01 -8.374806642532348633e-01 -1.282227225601673126e-03 -7.006935193203389645e-04 1.073841354809701443e-03 -9.999992251396179199e-01
6.675073504447937012e-01 -7.446019053459167480e-01 -1.391079742461442947e-03 -9.285568376071751118e-04 1.035801600664854050e-03 -9.999990463256835938e-01
6.675073504447937012e-01 -7.446019053459167480e-01 -1.389267272315919399e-03 -9.273470495827496052e-04 1.034451997838914394e-03 -9.999990463256835938e-01
7.730108499526977539e-01 -6.343927979469299316e-01 -9.456906263949349523e-05 -7.310291402973234653e-05 5.999393397360108793e-05 -1.000000000000000000e+00
7.730108499526977539e-01 -6.343927979469299316e-01 3.914165426976978779e-05 3.025692421942949295e-05 -2.483118441887199879e-05 -1.000000000000000000e+00
8.605195283889770508e-01 -5.094168186187744141e-01 8.274568826891481876e-04 7.120430818758904934e-04 -4.215206135995686054e-04 -9.999996423721313477e-01
8.605194687843322754e-01 -5.094167590141296387e-01 9.142489288933575153e-04 7.867293315939605236e-04 -4.657339304685592651e-04 -9.999995827674865723e-01
9.279986023902893066e-01 -3.725826442241668701e-01 9.296344360336661339e-04 8.626998169347643852e-04 -3.463657922111451626e-04 -9.999995827674865723e-01
9.279985427856445312e-01 -3.725826144218444824e-01 1.001572003588080406e-03 9.294577757827937603e-04 -3.731684992089867592e-04 -9.999995231628417969e-01
9.738764762878417969e-01 -2.270766496658325195e-01 9.582900675013661385e-04 9.332565241493284702e-04 -2.176053676521405578e-04 -9.999995231628417969e-01
9.738763570785522461e-01 -2.270766198635101318e-01 1.009416184388101101e-03 9.830471826717257500e-04 -2.292149438289925456e-04 -9.999995231628417969e-01
9.970857501029968262e-01 -7.628405839204788208e-02 8.852729224599897861e-04 8.826934499666094780e-04 -6.753224442945793271e-05 -9.999996423721313477e-01
9.970858097076416016e-01 -7.628405839204788208e-02 8.606929332017898560e-04 8.581849979236721992e-04 -6.565717922057956457e-05 -9.999996423721313477e-01
-9.850077331066131592e-04 0.000000000000000000e+00 9.999995231628417969e-01 -9.999995231628417969e-01 0.000000000000000000e+00 -9.850077331066131592e-04
-1.110249431803822517e-03 0.000000000000000000e+00 9.999994039535522461e-01 -9.999994039535522461e-01 0.000000000000000000e+00 -1.110249431803822517e-03
-5.700979381799697876e-04 9.999998807907104492e-01 0.000000000000000000e+00 -9.999998807907104492e-01 -5.700979381799697876e-04 0.000000000000000000e+00
-5.633845576085150242e-04 9.999998807907104492e-01 0.000000000000000000e+00 -9.999998807907104492e-01 -5.633845576085150242e-04 0.000000000000000000e+00
-5.542955477721989155e-04 9.999998807907104492e-01 0.000000000000000000e+00 -9.999998807907104492e-01 -5.542955477721989155e-04 0.000000000000000000e+00
-6.222362280823290348e-04 9.999998211860656738e-01 0.000000000000000000e+00 -9.999998211860656738e-01 -6.222362280823290348e-04 0.000000000000000000e+00
-6.685844855383038521e-04 9.999998211860656738e-01 0.000000000000000000e+00 -9.999998211860656738e-01 -6.685844855383038521e-04 0.000000000000000000e+00
-5.879044765606522560e-04 9.999998211860656738e-01 0.000000000000000000e+00 -9.999998211860656738e-01 -5.879044765606522560e-04 0.000000000000000000e+00
-6.603702204301953316e-04 9.999998211860656738e-01 0.000000000000000000e+00 -9.999998211860656738e-01 -6.603702204301953316e-04 0.000000000000000000e+00
-6.354069337248802185e-04 9.999998211860656738e-01 0.000000000000000000e+00 -9.999998211860656738e-01 -6.354069337248802185e-04 0.000000000000000000e+00
-6.212166044861078262e-04 9.999998211860656738e-01 -0.000000000000000000e+00 -9.999998211860656738e-01 -6.212166044861078262e-04 0.000000000000000000e+00
-5.862236139364540577e-04 9.999998211860656738e-01 -0.000000000000000000e+00 -9.999998211860656738e-01 -5.862236139364540577e-04 0.000000000000000000e+00
-2.188234793720766902e-04 1.000000000000000000e+00 -0.000000000000000000e+00 -1.000000000000000000e+00 -2.188234793720766902e-04 0.000000000000000000e+00
-1.431320852134376764e-04 1.000000000000000000e+00 -0.000000000000000000e+00 -1.000000000000000000e+00 -1.431320852134376764e-04 0.000000000000000000e+00
-2.494950313121080399e-04 1.000000000000000000e+00 0.000000000000000000e+00 -1.000000000000000000e+00 -2.494950313121080399e-04 0.000000000000000000e+00
-2.291224227519705892e-04 1.000000000000000000e+00 -0.000000000000000000e+00 -1.000000000000000000e+00 -2.291224227519705892e-04 0.000000000000000000e+00
-2.340012579225003719e-04 1.000000000000000000e+00 -0.000000000000000000e+00 -1.000000000000000000e+00 -2.340012579225003719e-04 0.000000000000000000e+00
-5.731158307753503323e-04 9.999998211860656738e-01 -0.000000000000000000e+00 -9.999998211860656738e-01 -5.731158307753503323e-04 0.000000000000000000e+00
-1.460008788853883743e-04 1.000000000000000000e+00 -0.000000000000000000e+00 -1.000000000000000000e+00 -1.460008788853883743e-04 0.000000000000000000e+00
-3.074587439186871052e-04 9.999999403953552246e-01 -0.000000000000000000e+00 -9.999999403953552246e-01 -3.074587439186871052e-04 0.000000000000000000e+00
-3.199169586878269911e-04 9.999999403953552246e-01 -0.000000000000000000e+00 -9.999999403953552246e-01 -3.199169586878269911e-04 0.000000000000000000e+00
-3.096019208896905184e-04 9.999999403953552246e-01 0.000000000000000000e+00 -9.999999403953552246e-01 -3.096019208896905184e-04 0.000000000000000000e+00
-2.379101642873138189e-04 1.000000000000000000e+00 -0.000000000000000000e+00 -1.000000000000000000e+00 -2.379101642873138189e-04 0.000000000000000000e+00
-1.689935597823932767e-04 1.000000000000000000e+00 0.000000000000000000e+00 -1.000000000000000000e+00 -1.689935597823932767e-04 0.000000000000000000e+00
-1.786941720638424158e-04 1.000000000000000000e+00 0.000000000000000000e+00 -1.000000000000000000e+00 -1.786941720638424158e-04 0.000000000000000000e+00
-6.639033381361514330e-05 1.000000000000000000e+00 -0.000000000000000000e+00 -1.000000000000000000e+00 -6.639033381361514330e-05 0.000000000000000000e+00
-6.083416883484460413e-05 1.000000000000000000e+00 0.000000000000000000e+00 -1.000000000000000000e+00 -6.083416883484460413e-05 0.000000000000000000e+00
1.069813697540666908e-05 1.000000000000000000e+00 0.000000000000000000e+00 -1.000000000000000000e+00 1.069813697540666908e-05 -0.000000000000000000e+00
4.583743066177703440e-05 1.000000000000000000e+00 -0.000000000000000000e+00 -1.000000000000000000e+00 4.583743066177703440e-05 0.000000000000000000e+00
3.429939533816650510e-05 1.000000000000000000e+00 0.000000000000000000e+00 -1.000000000000000000e+00 3.429939533816650510e-05 -0.000000000000000000e+00
1.133569530793465674e-04 1.000000000000000000e+00 -0.000000000000000000e+00 -1.000000000000000000e+00 1.133569530793465674e-04 0.000000000000000000e+00
9.520799358142539859e-05 1.000000000000000000e+00 -0.000000000000000000e+00 -1.000000000000000000e+00 9.520799358142539859e-05 0.000000000000000000e+00
-3.382517315912991762e-04 9.999999403953552246e-01 0.000000000000000000e+00 -9.999999403953552246e-01 -3.382517315912991762e-04 0.000000000000000000e+00
-3.852699010167270899e-04 9.999999403953552246e-01 -0.000000000000000000e+00 -9.999999403953552246e-01 -3.852699010167270899e-04 0.000000000000000000e+00
-4.208085883874446154e-04 9.999999403953552246e-01 0.000000000000000000e+00 -9.999999403953552246e-01 -4.208085883874446154e-04 0.000000000000000000e+00
-4.613211494870483875e-04 9.999998807907104492e-01 0.000000000000000000e+00 -9.999998807907104492e-01 -4.613211494870483875e-04 0.000000000000000000e+00
-4.797217261511832476e-04 9.999998807907104492e-01 0.000000000000000000e+00 -9.999998807907104492e-01 -4.797217261511832476e-04 0.000000000000000000e+00
-4.814786952920258045e-04 9.999998807907104492e-01 0.000000000000000000e+00 -9.999998807907104492e-01 -4.814786952920258045e-04 0.000000000000000000e+00
-4.851096600759774446e-04 9.999998807907104492e-01 0.000000000000000000e+00 -9.999998807907104492e-01 -4.851096600759774446e-04 0.000000000000000000e+00
-4.396773292683064938e-04 9.999999403953552246e-01 0.000000000000000000e+00 -9.999999403953552246e-01 -4.396773292683064938e-04 0.000000000000000000e+00
-4.023611836601048708e-04 9.999999403953552246e-01 0.000000000000000000e+00 -9.999999403953552246e-01 -4.023611836601048708e-04 0.000000000000000000e+00
-3.426097682677209377e-04 9.999999403953552246e-01 0.000000000000000000e+00 -9.999999403953552246e-01 -3.426097682677209377e-04 0.000000000000000000e+00
-2.959061239380389452e-04 1.000000000000000000e+00 0.000000000000000000e+00 -1.000000000000000000e+00 -2.959061239380389452e-04 0.000000000000000000e+00
-2.431781322229653597e-04 1.000000000000000000e+00 0.000000000000000000e+00 -1.000000000000000000e+00 -2.431781322229653597e-04 0.000000000000000000e+00
-1.789443340385332704e-04 1.000000000000000000e+00 0.000000000000000000e+00 -1.000000000000000000e+00 -1.789443340385332704e-04 0.000000000000000000e+00
-1.209805850521661341e-04 1.000000000000000000e+00 0.000000000000000000e+00 -1.000000000000000000e+00 -1.209805850521661341e-04 0.000000000000000000e+00
-4.675943637266755104e-05 1.000000000000000000e+00 0.000000000000000000e+00 -1.000000000000000000e+00 -4.675943637266755104e-05 0.000000000000000000e+00
-2.171866617572959512e-05 1.000000000000000000e+00 0.000000000000000000e+00 -1.000000000000000000e+00 -2.171866617572959512e-05 0.000000000000000000e+00
6.387082248693332076e-05 1.000000000000000000e+00 0.000000000000000000e+00 -1.000000000000000000e+00 6.387082248693332076e-05 0.000000000000000000e+00
1.886707286757882684e-05 1.000000000000000000e+00 0.000000000000000000e+00 -1.000000000000000000e+00 1.886707286757882684e-05 0.000000000000000000e+00
1.092563907150179148e-04 1.000000000000000000e+00 0.000000000000000000e+00 -1.000000000000000000e+00 1.092563907150179148e-04 0.000000000000000000e+00
9.002194565255194902e-05 1.000000000000000000e+00 0.000000000000000000e+00 -1.000000000000000000e+00 9.002194565255194902e-05 0.000000000000000000e+00
-2.650926762726157904e-04 1.000000000000000000e+00 0.000000000000000000e+00 -1.000000000000000000e+00 -2.650926762726157904e-04 0.000000000000000000e+00
-2.547147450968623161e-04 1.000000000000000000e+00 0.000000000000000000e+00 -1.000000000000000000e+00 -2.547147450968623161e-04 0.000000000000000000e+00
-2.308325638296082616e-04 1.000000000000000000e+00 0.000000000000000000e+00 -1.000000000000000000e+00 -2.308325638296082616e-04 0.000000000000000000e+00
-2.119521523127332330e-04 1.000000000000000000e+00 0.000000000000000000e+00 -1.000000000000000000e+00 -2.119521523127332330e-04 0.000000000000000000e+00
-2.367954293731600046e-04 1.000000000000000000e+00 0.000000000000000000e+00 -1.000000000000000000e+00 -2.367954293731600046e-04 0.000000000000000000e+00
-2.390205190749838948e-04 1.000000000000000000e+00 0.000000000000000000e+00 -1.000000000000000000e+00 -2.390205190749838948e-04 0.000000000000000000e+00
-2.665790088940411806e-04 1.000000000000000000e+00 0.000000000000000000e+00 -1.000000000000000000e+00 -2.665790088940411806e-04 0.000000000000000000e+00
-2.713071589823812246e-04 1.000000000000000000e+00 0.000000000000000000e+00 -1.000000000000000000e+00 -2.713071589823812246e-04 0.000000000000000000e+00
-2.912525669671595097e-04 1.000000000000000000e+00 0.000000000000000000e+00 -1.000000000000000000e+00 -2.912525669671595097e-04 0.000000000000000000e+00
-2.904040738940238953e-04 1.000000000000000000e+00 0.000000000000000000e+00 -1.000000000000000000e+00 -2.904040738940238953e-04 0.000000000000000000e+00
-2.990367356687784195e-04 9.999999403953552246e-01 0.000000000000000000e+00 -9.999999403953552246e-01 -2.990367356687784195e-04 0.000000000000000000e+00
-2.965995518025010824e-04 1.000000000000000000e+00 0.000000000000000000e+00 -1.000000000000000000e+00 -2.965995518025010824e-04 0.000000000000000000e+00
-2.885783615056425333e-04 1.000000000000000000e+00 0.000000000000000000e+00 -1.000000000000000000e+00 -2.885783615056425333e-04 0.000000000000000000e+00
-2.606849011499434710e-04 1.000000000000000000e+00 0.000000000000000000e+00 -1.000000000000000000e+00 -2.606849011499434710e-04 0.000000000000000000e+00
-1.974473125301301479e-04 1.000000000000000000e+00 0.000000000000000000e+00 -1.000000000000000000e+00 -1.974473125301301479e-04 0.000000000000000000e+00
-1.646940363571047783e-04 1.000000000000000000e+00 0.000000000000000000e+00 -1.000000000000000000e+00 -1.646940363571047783e-04 0.000000000000000000e+00
-4.196545341983437538e-05 1.000000000000000000e+00 0.000000000000000000e+00 -1.000000000000000000e+00 -4.196545341983437538e-05 0.000000000000000000e+00
2.692628731892909855e-05 1.000000000000000000e+00 -0.000000000000000000e+00 -1.000000000000000000e+00 2.692628731892909855e-05 0.000000000000000000e+00
5.613344910671003163e-05 1.000000000000000000e+00 0.000000000000000000e+00 -1.000000000000000000e+00 5.613344910671003163e-05 0.000000000000000000e+00
-3.224668325856328011e-04 9.999999403953552246e-01 0.000000000000000000e+00 -9.999999403953552246e-01 -3.224668325856328011e-04 0.000000000000000000e+00
-2.957700635306537151e-04 1.000000000000000000e+00 0.000000000000000000e+00 -1.000000000000000000e+00 -2.957700635306537151e-04 0.000000000000000000e+00
-2.725696540437638760e-04 1.000000000000000000e+00 0.000000000000000000e+00 -1.000000000000000000e+00 -2.725696540437638760e-04 0.000000000000000000e+00
-2.404556435067206621e-04 1.000000000000000000e+00 0.000000000000000000e+00 -1.000000000000000000e+00 -2.404556435067206621e-04 0.000000000000000000e+00
-5.587296327576041222e-04 9.999998807907104492e-01 -0.000000000000000000e+00 -9.999998807907104492e-01 -5.587296327576041222e-04 0.000000000000000000e+00
-5.719777545891702175e-04 9.999998807907104492e-01 0.000000000000000000e+00 -9.999998807907104492e-01 -5.719777545891702175e-04 0.000000000000000000e+00
-5.750995478592813015e-04 9.999998211860656738e-01 0.000000000000000000e+00 -9.999998211860656738e-01 -5.750995478592813015e-04 0.000000000000000000e+00
-5.908069433644413948e-04 9.999998211860656738e-01 0.000000000000000000e+00 -9.999998211860656738e-01 -5.908069433644413948e-04 0.000000000000000000e+00
-6.194523302838206291e-04 9.999998211860656738e-01 0.000000000000000000e+00 -9.999998211860656738e-01 -6.194523302838206291e-04 0.000000000000000000e+00
-6.333588389679789543e-04 9.999998211860656738e-01 0.000000000000000000e+00 -9.999998211860656738e-01 -6.333588389679789543e-04 0.000000000000000000e+00
-6.482776952907443047e-04 9.999998211860656738e-01 0.000000000000000000e+00 -9.999998211860656738e-01 -6.482776952907443047e-04 0.000000000000000000e+00
-6.648906273767352104e-04 9.999998211860656738e-01 0.000000000000000000e+00 -9.999998211860656738e-01 -6.648906273767352104e-04 0.000000000000000000e+00
-6.733052432537078857e-04 9.999997615814208984e-01 0.000000000000000000e+00 -9.999997615814208984e-01 -6.733052432537078857e-04 0.000000000000000000e+00
-6.697006174363195896e-04 9.999997615814208984e-01 0.000000000000000000e+00 -9.999997615814208984e-01 -6.697006174363195896e-04 0.000000000000000000e+00
-6.711928290314972401e-04 9.999997615814208984e-01 0.000000000000000000e+00 -9.999997615814208984e-01 -6.711928290314972401e-04 0.000000000000000000e+00
-6.748018204234540462e-04 9.999997615814208984e-01 0.000000000000000000e+00 -9.999997615814208984e-01 -6.748018204234540462e-04 0.000000000000000000e+00
-6.605369853787124157e-04 9.999998211860656738e-01 0.000000000000000000e+00 -9.999998211860656738e-01 -6.605369853787124157e-04 0.000000000000000000e+00
-6.375398370437324047e-04 9.999998211860656738e-01 0.000000000000000000e+00 -9.999998211860656738e-01 -6.375398370437324047e-04 0.000000000000000000e+00
-6.609465926885604858e-04 9.999998211860656738e-01 0.000000000000000000e+00 -9.999998211860656738e-01 -6.609465926885604858e-04 0.000000000000000000e+00
-6.418335251510143280e-04 9.999998211860656738e-01 0.000000000000000000e+00 -9.999998211860656738e-01 -6.418335251510143280e-04 0.000000000000000000e+00
-6.444799364544451237e-04 9.999998211860656738e-01 0.000000000000000000e+00 -9.999998211860656738e-01 -6.444799364544451237e-04 0.000000000000000000e+00
-6.333793280646204948e-04 9.999998211860656738e-01 0.000000000000000000e+00 -9.999998211860656738e-01 -6.333793280646204948e-04 0.000000000000000000e+00
-6.196000613272190094e-04 9.999998211860656738e-01 0.000000000000000000e+00 -9.999998211860656738e-01 -6.196000613272190094e-04 0.000000000000000000e+00
-6.102827610448002815e-04 9.999998211860656738e-01 0.000000000000000000e+00 -9.999998211860656738e-01 -6.102827610448002815e-04 0.000000000000000000e+00
-6.053951219655573368e-04 9.999998211860656738e-01 0.000000000000000000e+00 -9.999998211860656738e-01 -6.053951219655573368e-04 0.000000000000000000e+00
-5.738195031881332397e-04 9.999998211860656738e-01 0.000000000000000000e+00 -9.999998211860656738e-01 -5.738195031881332397e-04 0.000000000000000000e+00
-5.536547978408634663e-04 9.999998807907104492e-01 0.000000000000000000e+00 -9.999998807907104492e-01 -5.536547978408634663e-04 0.000000000000000000e+00
-5.501261912286281586e-04 9.999998807907104492e-01 0.000000000000000000e+00 -9.999998807907104492e-01 -5.501261912286281586e-04 0.000000000000000000e+00
-5.316216847859323025e-04 9.999998807907104492e-01 0.000000000000000000e+00 -9.999998807907104492e-01 -5.316216847859323025e-04 0.000000000000000000e+00
-5.422395770438015461e-04 9.999998807907104492e-01 0.000000000000000000e+00 -9.999998807907104492e-01 -5.422395770438015461e-04 0.000000000000000000e+00
-5.420947563834488392e-04 9.999998807907104492e-01 -0.000000000000000000e+00 -9.999998807907104492e-01 -5.420947563834488392e-04 0.000000000000000000e+00
-5.661714239977300167e-04 9.999998807907104492e-01 0.000000000000000000e+00 -9.999998807907104492e-01 -5.661714239977300167e-04 0.000000000000000000e+00
-5.857262294739484787e-04 9.999998211860656738e-01 0.000000000000000000e+00 -9.999998211860656738e-01 -5.857262294739484787e-04 0.000000000000000000e+00
-5.800939979963004589e-04 9.999998211860656738e-01 -0.000000000000000000e+00 -9.999998211860656738e-01 -5.800939979963004589e-04 0.000000000000000000e+00
-6.119695026427507401e-04 9.999998211860656738e-01 0.000000000000000000e+00 -9.999998211860656738e-01 -6.119695026427507401e-04 0.000000000000000000e+00
-5.880580865778028965e-04 9.999998211860656738e-01 -0.000000000000000000e+00 -9.999998211860656738e-01 -5.880580865778028965e-04 0.000000000000000000e+00
-6.188642000779509544e-04 9.999998211860656738e-01 0.000000000000000000e+00 -9.999998211860656738e-01 -6.188642000779509544e-04 0.000000000000000000e+00
-6.283483235165476799e-04 9.999998211860656738e-01 -0.000000000000000000e+00 -9.999998211860656738e-01 -6.283483235165476799e-04 0.000000000000000000e+00
-6.386648165062069893e-04 9.999998211860656738e-01 -0.000000000000000000e+00 -9.999998211860656738e-01 -6.386648165062069893e-04 0.000000000000000000e+00
-6.640011561103165150e-04 9.999998211860656738e-01 0.000000000000000000e+00 -9.999998211860656738e-01 -6.640011561103165150e-04 0.000000000000000000e+00
-6.811947678215801716e-04 9.999997615814208984e-01 -0.000000000000000000e+00 -9.999997615814208984e-01 -6.811947678215801716e-04 0.000000000000000000e+00
-7.020077318884432316e-04 9.999997615814208984e-01 0.000000000000000000e+00 -9.999997615814208984e-01 -7.020077318884432316e-04 0.000000000000000000e+00
-7.121662492863833904e-04 9.999997615814208984e-01 0.000000000000000000e+00 -9.999997615814208984e-01 -7.121662492863833904e-04 0.000000000000000000e+00
-7.252008072100579739e-04 9.999997615814208984e-01 -0.000000000000000000e+00 -9.999997615814208984e-01 -7.252008072100579739e-04 0.000000000000000000e+00
-7.402001647278666496e-04 9.999997615814208984e-01 0.000000000000000000e+00 -9.999997615814208984e-01 -7.402001647278666496e-04 0.000000000000000000e+00
-7.529143476858735085e-04 9.999997019767761230e-01 0.000000000000000000e+00 -9.999997019767761230e-01 -7.529143476858735085e-04 0.000000000000000000e+00
-7.480092463083565235e-04 9.999997615814208984e-01 0.000000000000000000e+00 -9.999997615814208984e-01 -7.480092463083565235e-04 0.000000000000000000e+00
-7.645957521162927151e-04 9.999997019767761230e-01 0.000000000000000000e+00 -9.999997019767761230e-01 -7.645957521162927151e-04 0.000000000000000000e+00
-7.302507874555885792e-04 9.999997615814208984e-01 0.000000000000000000e+00 -9.999997615814208984e-01 -7.302507874555885792e-04 0.000000000000000000e+00
-7.266915054060518742e-04 9.999997615814208984e-01 0.000000000000000000e+00 -9.999997615814208984e-01 -7.266915054060518742e-04 0.000000000000000000e+00
-6.429965142160654068e-04 9.999998211860656738e-01 0.000000000000000000e+00 -9.999998211860656738e-01 -6.429965142160654068e-04 0.000000000000000000e+00
-6.271940656006336212e-04 9.999998211860656738e-01 0.000000000000000000e+00 -9.999998211860656738e-01 -6.271940656006336212e-04 0.000000000000000000e+00
-6.041940650902688503e-04 9.999998211860656738e-01 0.000000000000000000e+00 -9.999998211860656738e-01 -6.041940650902688503e-04 0.000000000000000000e+00
-5.813579191453754902e-04 9.999998211860656738e-01 -0.000000000000000000e+00 -9.999998211860656738e-01 -5.813579191453754902e-04 0.000000000000000000e+00
-5.731026758439838886e-04 9.999998211860656738e-01 0.000000000000000000e+00 -9.999998211860656738e-01 -5.731026758439838886e-04 0.000000000000000000e+00
-6.937524885870516300e-04 9.999997615814208984e-01 0.000000000000000000e+00 -9.999997615814208984e-01 -6.937524885870516300e-04 0.000000000000000000e+00
-6.936061545275151730e-04 9.999997615814208984e-01 0.000000000000000000e+00 -9.999997615814208984e-01 -6.936061545275151730e-04 0.000000000000000000e+00
-7.173698395490646362e-04 9.999997615814208984e-01 0.000000000000000000e+00 -9.999997615814208984e-01 -7.173698395490646362e-04 0.000000000000000000e+00
-7.110967999324202538e-04 9.999997615814208984e-01 0.000000000000000000e+00 -9.999997615814208984e-01 -7.110967999324202538e-04 0.000000000000000000e+00
-7.203249260783195496e-04 9.999997615814208984e-01 0.000000000000000000e+00 -9.999997615814208984e-01 -7.203249260783195496e-04 0.000000000000000000e+00
4.582133988151326776e-05 1.000000000000000000e+00 -0.000000000000000000e+00 -1.000000000000000000e+00 4.582133988151326776e-05 0.000000000000000000e+00
-6.507968646474182606e-04 9.999998211860656738e-01 0.000000000000000000e+00 -9.999998211860656738e-01 -6.507968646474182606e-04 0.000000000000000000e+00
-6.572029669769108295e-04 9.999998211860656738e-01 0.000000000000000000e+00 -9.999998211860656738e-01 -6.572029669769108295e-04 0.000000000000000000e+00
-6.516585126519203186e-04 9.999998211860656738e-01 0.000000000000000000e+00 -9.999998211860656738e-01 -6.516585126519203186e-04 0.000000000000000000e+00
-6.591925630345940590e-04 9.999998211860656738e-01 0.000000000000000000e+00 -9.999998211860656738e-01 -6.591925630345940590e-04 0.000000000000000000e+00
-6.536510190926492214e-04 9.999998211860656738e-01 0.000000000000000000e+00 -9.999998211860656738e-01 -6.536510190926492214e-04 0.000000000000000000e+00
-6.602765643037855625e-04 9.999998211860656738e-01 0.000000000000000000e+00 -9.999998211860656738e-01 -6.602765643037855625e-04 0.000000000000000000e+00
-6.565051735378801823e-04 9.999998211860656738e-01 0.000000000000000000e+00 -9.999998211860656738e-01 -6.565051735378801823e-04 0.000000000000000000e+00
-6.569176912307739258e-04 9.999998211860656738e-01 0.000000000000000000e+00 -9.999998211860656738e-01 -6.569176912307739258e-04 0.000000000000000000e+00
-6.526723154820501804e-04 9.999998211860656738e-01 0.000000000000000000e+00 -9.999998211860656738e-01 -6.526723154820501804e-04 0.000000000000000000e+00
-6.545594660565257072e-04 9.999998211860656738e-01 0.000000000000000000e+00 -9.999998211860656738e-01 -6.545594660565257072e-04 0.000000000000000000e+00
-6.555923027917742729e-04 9.999998211860656738e-01 0.000000000000000000e+00 -9.999998211860656738e-01 -6.555923027917742729e-04 0.000000000000000000e+00
-6.870888755656778812e-04 9.999997615814208984e-01 0.000000000000000000e+00 -9.999997615814208984e-01 -6.870888755656778812e-04 0.000000000000000000e+00
-6.903306930325925350e-04 9.999997615814208984e-01 0.000000000000000000e+00 -9.999997615814208984e-01 -6.903306930325925350e-04 0.000000000000000000e+00
-6.845346069894731045e-04 9.999997615814208984e-01 0.000000000000000000e+00 -9.999997615814208984e-01 -6.845346069894731045e-04 0.000000000000000000e+00
-6.859726854600012302e-04 9.999997615814208984e-01 0.000000000000000000e+00 -9.999997615814208984e-01 -6.859726854600012302e-04 0.000000000000000000e+00
-6.802146090194582939e-04 9.999997615814208984e-01 0.000000000000000000e+00 -9.999997615814208984e-01 -6.802146090194582939e-04 0.000000000000000000e+00
-6.809051265008747578e-04 9.999997615814208984e-01 0.000000000000000000e+00 -9.999997615814208984e-01 -6.809051265008747578e-04 0.000000000000000000e+00
-6.784035358577966690e-04 9.999997615814208984e-01 0.000000000000000000e+00 -9.999997615814208984e-01 -6.784035358577966690e-04 0.000000000000000000e+00
-6.934233242645859718e-04 9.999997615814208984e-01 0.000000000000000000e+00 -9.999997615814208984e-01 -6.934233242645859718e-04 0.000000000000000000e+00
-6.861964939162135124e-04 9.999997615814208984e-01 0.000000000000000000e+00 -9.999997615814208984e-01 -6.861964939162135124e-04 0.000000000000000000e+00
-6.907198694534599781e-04 9.999997615814208984e-01 0.000000000000000000e+00 -9.999997615814208984e-01 -6.907198694534599781e-04 0.000000000000000000e+00
-6.873258971609175205e-04 9.999997615814208984e-01 0.000000000000000000e+00 -9.999997615814208984e-01 -6.873258971609175205e-04 0.000000000000000000e+00
-2.393151819705963135e-01 -9.709392189979553223e-01 -2.308234339579939842e-03 5.523969884961843491e-04 2.241161186248064041e-03 -9.999973773956298828e-01
-2.393151819705963135e-01 -9.709392189979553223e-01 -2.314362674951553345e-03 5.538635305128991604e-04 2.247111173346638680e-03 -9.999973177909851074e-01
2.393153309822082520e-01 -9.709418416023254395e-01 3.703155962284654379e-04 8.862220420269295573e-05 -3.595549205783754587e-04 -9.999999403953552246e-01
2.393153309822082520e-01 -9.709418416023254395e-01 3.694451588671654463e-04 8.841389353619888425e-05 -3.587097744457423687e-04 -9.999999403953552246e-01
6.631230711936950684e-01 -7.485098242759704590e-01 9.158712928183376789e-04 6.073356489650905132e-04 -6.855389219708740711e-04 -9.999995827674865723e-01
6.631230711936950684e-01 -7.485098242759704590e-01 9.156869491562247276e-04 6.072134128771722317e-04 -6.854009698145091534e-04 -9.999995827674865723e-01
9.350159168243408203e-01 -3.546057641506195068e-01 1.010581981972791255e-04 9.449102071812376380e-05 -3.583581928978674114e-05 -1.000000000000000000e+00
9.350159168243408203e-01 -3.546057641506195068e-01 9.060126467375084758e-05 8.471362525597214699e-05 -3.212772935512475669e-05 -1.000000000000000000e+00
9.927089214324951172e-01 1.205364763736724854e-01 -1.455868623452261090e-04 -1.445253728888928890e-04 -1.754852746671531349e-05 -1.000000000000000000e+00
9.927089214324951172e-01 1.205364763736724854e-01 -1.626269367989152670e-04 -1.614412176422774792e-04 -1.960247755050659180e-05 -1.000000000000000000e+00
8.229829668998718262e-01 5.680642724037170410e-01 1.420182758010923862e-03 1.168787362985312939e-03 8.067559101618826389e-04 -9.999989867210388184e-01
8.229829668998718262e-01 5.680642724037170410e-01 1.432807650417089462e-03 1.179177430458366871e-03 8.139276760630309582e-04 -9.999989867210388184e-01
4.647229313850402832e-01 8.854553699493408203e-01 1.187558635137975216e-03 5.518860416486859322e-04 1.051530824042856693e-03 -9.999992847442626953e-01
4.647229313850402832e-01 8.854553699493408203e-01 1.192488591186702251e-03 5.541770951822400093e-04 1.055896049365401268e-03 -9.999992847442626953e-01
0.000000000000000000e+00 1.768839894793927670e-03 9.999984502792358398e-01 0.000000000000000000e+00 9.999984502792358398e-01 -1.768839894793927670e-03
0.000000000000000000e+00 1.757783116772770882e-03 9.999984502792358398e-01 0.000000000000000000e+00 9.999984502792358398e-01 -1.757783116772770882e-03
-4.647225439548492432e-01 8.854546546936035156e-01 -1.740336418151855469e-03 8.087747846730053425e-04 -1.540991244837641716e-03 -9.999985098838806152e-01
-4.647225439548492432e-01 8.854546546936035156e-01 -1.720701227895915508e-03 7.996498025022447109e-04 -1.523605198599398136e-03 -9.999985098838806152e-01
-8.229827284812927246e-01 5.680641531944274902e-01 -1.635533175431191921e-03 1.346017350442707539e-03 -9.290889138355851173e-04 -9.999986886978149414e-01
-8.229827284812927246e-01 5.680641531944274902e-01 -1.629938953556120396e-03 1.341413357295095921e-03 -9.259110665880143642e-04 -9.999986886978149414e-01
-9.927081465721130371e-01 1.205363795161247253e-01 -1.238708151504397392e-03 1.229676767252385616e-03 -1.493095332989469171e-04 -9.999992847442626953e-01
-9.927082061767578125e-01 1.205363869667053223e-01 -1.180232502520084381e-03 1.171627431176602840e-03 -1.422610803274437785e-04 -9.999993443489074707e-01
-9.350137114524841309e-01 -3.546029329299926758e-01 -2.475247718393802643e-03 2.314397599548101425e-03 8.777327602729201317e-04 -9.999969601631164551e-01
-9.350138306617736816e-01 -3.546029627323150635e-01 -2.420782111585140228e-03 2.263471484184265137e-03 8.584190509282052517e-04 -9.999970793724060059e-01
-6.631184816360473633e-01 -7.485066652297973633e-01 -3.428402123972773552e-03 2.273450139909982681e-03 2.566196722909808159e-03 -9.999941587448120117e-01
-6.631184220314025879e-01 -7.485066056251525879e-01 -3.436358645558357239e-03 2.278726315125823021e-03 2.572152297943830490e-03 -9.999940991401672363e-01
-6.413858500309288502e-04 9.999998211860656738e-01 0.000000000000000000e+00 -9.999998211860656738e-01 -6.413858500309288502e-04 0.000000000000000000e+00
-6.461155135184526443e-04 9.999998211860656738e-01 0.000000000000000000e+00 -9.999998211860656738e-01 -6.461155135184526443e-04 0.000000000000000000e+00
-6.467621424235403538e-04 9.999998211860656738e-01 0.000000000000000000e+00 -9.999998211860656738e-01 -6.467621424235403538e-04 0.000000000000000000e+00
-6.513249827548861504e-04 9.999998211860656738e-01 0.000000000000000000e+00 -9.999998211860656738e-01 -6.513249827548861504e-04 0.000000000000000000e+00
-6.518092122860252857e-04 9.999998211860656738e-01 0.000000000000000000e+00 -9.999998211860656738e-01 -6.518092122860252857e-04 0.000000000000000000e+00
-6.548725650645792484e-04 9.999998211860656738e-01 0.000000000000000000e+00 -9.999998211860656738e-01 -6.548725650645792484e-04 0.000000000000000000e+00
-6.548125529661774635e-04 9.999998211860656738e-01 0.000000000000000000e+00 -9.999998211860656738e-01 -6.548125529661774635e-04 0.000000000000000000e+00
-6.402286817319691181e-04 9.999998211860656738e-01 0.000000000000000000e+00 -9.999998211860656738e-01 -6.402286817319691181e-04 0.000000000000000000e+00
-6.394503870978951454e-04 9.999998211860656738e-01 0.000000000000000000e+00 -9.999998211860656738e-01 -6.394503870978951454e-04 0.000000000000000000e+00
-6.374549702741205692e-04 9.999998211860656738e-01 0.000000000000000000e+00 -9.999998211860656738e-01 -6.374549702741205692e-04 0.000000000000000000e+00
-6.374827935360372066e-04 9.999998211860656738e-01 0.000000000000000000e+00 -9.999998211860656738e-01 -6.374827935360372066e-04 0.000000000000000000e+00
-2.393140345811843872e-01 -9.709365963935852051e-01 -3.308355575427412987e-03 7.917402544990181923e-04 3.212220966815948486e-03 -9.999945163726806641e-01
-2.393140345811843872e-01 -9.709365963935852051e-01 -3.314030123874545097e-03 7.930982392281293869e-04 3.217730671167373657e-03 -9.999945163726806641e-01
2.393157631158828735e-01 -9.709416031837463379e-01 -6.089500384405255318e-04 -1.457313774153590202e-04 5.912550259381532669e-04 -9.999998211860656738e-01
2.393157631158828735e-01 -9.709416031837463379e-01 -6.092294352129101753e-04 -1.457982289139181376e-04 5.915263318456709385e-04 -9.999998211860656738e-01
6.631223559379577637e-01 -7.485110163688659668e-01 5.833806426380760968e-05 3.868527346639893949e-05 -4.366668508737348020e-05 -1.000000000000000000e+00
6.631223559379577637e-01 -7.485110163688659668e-01 6.999459583312273026e-05 4.641498162527568638e-05 -5.239172605797648430e-05 -1.000000000000000000e+00
9.350156784057617188e-01 -3.546056747436523438e-01 -6.722548860125243664e-04 -6.285690469667315483e-04 2.383854589425027370e-04 -9.999997615814208984e-01
9.350156784057617188e-01 -3.546056747436523438e-01 -6.945907371118664742e-04 -6.494533736258745193e-04 2.463058917783200741e-04 -9.999997615814208984e-01
9.927086234092712402e-01 1.205383166670799255e-01 -3.282585239503532648e-04 -3.258650831412523985e-04 -3.956773070967756212e-05 -9.999999403953552246e-01
9.927086234092712402e-01 1.205383166670799255e-01 -3.567122912500053644e-04 -3.541113983374089003e-04 -4.299750071368180215e-05 -9.999999403953552246e-01
8.229828476905822754e-01 5.680642127990722656e-01 1.498232246376574039e-03 1.233020913787186146e-03 8.510930929332971573e-04 -9.999988675117492676e-01
8.229828476905822754e-01 5.680642127990722656e-01 1.517487107776105404e-03 1.248867250978946686e-03 8.620311273261904716e-04 -9.999988675117492676e-01
4.647231101989746094e-01 8.854557871818542480e-01 7.427994278259575367e-04 3.451961383689194918e-04 6.577161839231848717e-04 -9.999997615814208984e-01
4.647230803966522217e-01 8.854557275772094727e-01 7.639824179932475090e-04 3.550403635017573833e-04 6.764727877452969551e-04 -9.999997019767761230e-01
0.000000000000000000e+00 1.789873698726296425e-03 9.999983906745910645e-01 0.000000000000000000e+00 9.999983906745910645e-01 -1.789873698726296425e-03
0.000000000000000000e+00 1.770466682501137257e-03 9.999984502792358398e-01 0.000000000000000000e+00 9.999984502792358398e-01 -1.770466682501137257e-03
-4.647222161293029785e-01 8.854539990425109863e-01 -2.119609154760837555e-03 9.850315982475876808e-04 -1.876820460893213749e-03 -9.999977946281433105e-01
-4.647222459316253662e-01 8.854540586471557617e-01 -2.095485571771860123e-03 9.738206863403320312e-04 -1.855459995567798615e-03 -9.999977946281433105e-01
-8.229818940162658691e-01 5.680635571479797363e-01 -2.157846698537468910e-03 1.775872893631458282e-03 -1.225796877406537533e-03 -9.999976754188537598e-01
-8.229819536209106445e-01 5.680635571479797363e-01 -2.142237266525626183e-03 1.763026579283177853e-03 -1.216929755173623562e-03 -9.999977350234985352e-01
-9.927074909210205078e-01 1.205361858010292053e-01 -1.699468470178544521e-03 1.687077456153929234e-03 -2.048477326752617955e-04 -9.999985694885253906e-01
-9.927075505256652832e-01 1.205361932516098022e-01 -1.651332713663578033e-03 1.639292691834270954e-03 -1.990456366911530495e-04 -9.999986290931701660e-01
-9.350128769874572754e-01 -3.546046018600463867e-01 -2.552177989855408669e-03 2.386327134445309639e-03 9.050170192494988441e-04 -9.999967217445373535e-01
-9.350130558013916016e-01 -3.546046912670135498e-01 -2.475003479048609734e-03 2.314167562872171402e-03 8.776505128480494022e-04 -9.999969601631164551e-01
-6.631180644035339355e-01 -7.485041618347167969e-01 -4.007634706795215607e-03 2.657556207850575447e-03 2.999755088239908218e-03 -9.999920129776000977e-01
-6.631180047988891602e-01 -7.485041022300720215e-01 -4.010538570582866669e-03 2.659481950104236603e-03 3.001928795129060745e-03 -9.999919533729553223e-01
-6.625250680372118950e-04 9.999998211860656738e-01 0.000000000000000000e+00 -9.999998211860656738e-01 -6.625250680372118950e-04 0.000000000000000000e+00
-6.543810013681650162e-04 9.999998211860656738e-01 0.000000000000000000e+00 -9.999998211860656738e-01 -6.543810013681650162e-04 0.000000000000000000e+00
-6.552134291268885136e-04 9.999998211860656738e-01 0.000000000000000000e+00 -9.999998211860656738e-01 -6.552134291268885136e-04 0.000000000000000000e+00
-6.429936038330197334e-04 9.999998211860656738e-01 0.000000000000000000e+00 -9.999998211860656738e-01 -6.429936038330197334e-04 0.000000000000000000e+00
-6.496630958281457424e-04 9.999998211860656738e-01 0.000000000000000000e+00 -9.999998211860656738e-01 -6.496630958281457424e-04 0.000000000000000000e+00
-6.458550924435257912e-04 9.999998211860656738e-01 0.000000000000000000e+00 -9.999998211860656738e-01 -6.458550924435257912e-04 0.000000000000000000e+00
-6.486580823548138142e-04 9.999998211860656738e-01 0.000000000000000000e+00 -9.999998211860656738e-01 -6.486580823548138142e-04 0.000000000000000000e+00
-6.605398957617580891e-04 9.999998211860656738e-01 0.000000000000000000e+00 -9.999998211860656738e-01 -6.605398957617580891e-04 0.000000000000000000e+00
-6.628688424825668335e-04 9.999998211860656738e-01 0.000000000000000000e+00 -9.999998211860656738e-01 -6.628688424825668335e-04 0.000000000000000000e+00
-6.616488099098205566e-04 9.999998211860656738e-01 0.000000000000000000e+00 -9.999998211860656738e-01 -6.616488099098205566e-04 0.000000000000000000e+00
-6.631994619965553284e-04 9.999998211860656738e-01 0.000000000000000000e+00 -9.999998211860656738e-01 -6.631994619965553284e-04 0.000000000000000000e+00
-2.393153011798858643e-01 -9.709417223930358887e-01 -6.122357444837689400e-04 1.465174136683344841e-04 5.944453296251595020e-04 -9.999998211860656738e-01
-2.393153011798858643e-01 -9.709417223930358887e-01 -6.187706021592020988e-04 1.480812934460118413e-04 6.007903139106929302e-04 -9.999998211860656738e-01
2.393157333135604858e-01 -9.709414839744567871e-01 8.056770311668515205e-04 1.928112469613552094e-04 -7.822655024938285351e-04 -9.999997019767761230e-01
2.393157333135604858e-01 -9.709414839744567871e-01 8.142833830788731575e-04 1.948708813870325685e-04 -7.906217360869050026e-04 -9.999997019767761230e-01
6.631221771240234375e-01 -7.485107779502868652e-01 8.077265229076147079e-04 5.356215406209230423e-04 -6.045922054909169674e-04 -9.999997019767761230e-01
6.631221175193786621e-01 -7.485107779502868652e-01 8.097775280475616455e-04 5.369816208258271217e-04 -6.061274325475096703e-04 -9.999997019767761230e-01
9.350165724754333496e-01 -3.546040058135986328e-01 -1.096927080652676523e-04 -1.025645033223554492e-04 3.889747313223779202e-05 -1.000000000000000000e+00
9.350165724754333496e-01 -3.546040058135986328e-01 -1.152079130406491458e-04 -1.077213091775774956e-04 4.085318869329057634e-05 -1.000000000000000000e+00
9.927089214324951172e-01 1.205364763736724854e-01 2.434732741676270962e-04 2.416980860289186239e-04 2.934741132776252925e-05 -1.000000000000000000e+00
9.927089214324951172e-01 1.205364763736724854e-01 2.320976345799863338e-04 2.304053923580795527e-04 2.797623164951801300e-05 -1.000000000000000000e+00
8.229810595512390137e-01 5.680615901947021484e-01 2.883159089833498001e-03 2.372795250266790390e-03 1.637818641029298306e-03 -9.999958872795104980e-01
8.229809999465942383e-01 5.680615305900573730e-01 2.911963500082492828e-03 2.396500669419765472e-03 1.654181396588683128e-03 -9.999957680702209473e-01
4.647200405597686768e-01 8.854537010192871094e-01 2.638369332998991013e-03 1.226107589900493622e-03 2.336162375286221504e-03 -9.999965429306030273e-01
4.647200703620910645e-01 8.854537606239318848e-01 2.655225340276956558e-03 1.233940827660262585e-03 2.351087518036365509e-03 -9.999964833259582520e-01
0.000000000000000000e+00 1.274344976991415024e-03 9.999992251396179199e-01 0.000000000000000000e+00 9.999992251396179199e-01 -1.274344976991415024e-03
0.000000000000000000e+00 1.247292617335915565e-03 9.999992251396179199e-01 0.000000000000000000e+00 9.999992251396179199e-01 -1.247292617335915565e-03
-4.647212624549865723e-01 8.854560256004333496e-01 -1.376915839500725269e-03 6.398826953954994678e-04 -1.219199621118605137e-03 -9.999990463256835938e-01
-4.647212922573089600e-01 8.854560852050781250e-01 -1.349395373836159706e-03 6.270933081395924091e-04 -1.194831333123147488e-03 -9.999991059303283691e-01
-8.229835629463195801e-01 5.680633187294006348e-01 -1.444517285563051701e-03 1.188815338537096977e-03 -8.205781923606991768e-04 -9.999989867210388184e-01
-8.229836225509643555e-01 5.680633187294006348e-01 -1.433843746781349182e-03 1.180031104013323784e-03 -8.145148749463260174e-04 -9.999989867210388184e-01
-9.927088022232055664e-01 1.205364614725112915e-01 -4.538558714557439089e-04 4.505467950366437435e-04 -5.470618998515419662e-05 -9.999999403953552246e-01
-9.927088618278503418e-01 1.205364689230918884e-01 -3.971999976783990860e-04 3.943039919249713421e-04 -4.787708894582465291e-05 -9.999999403953552246e-01
-9.350165128707885742e-01 -3.546039760112762451e-01 -3.417290863581001759e-04 3.195223689544945955e-04 1.211785056511871517e-04 -9.999999403953552246e-01
-9.350165724754333496e-01 -3.546040058135986328e-01 -2.933153009507805109e-04 2.742546785157173872e-04 1.040107745211571455e-04 -1.000000000000000000e+00
-6.631221175193786621e-01 -7.485107779502868652e-01 -9.039635770022869110e-04 5.994384409859776497e-04 6.766266305930912495e-04 -9.999995827674865723e-01
-6.631221175193786621e-01 -7.485107779502868652e-01 -9.045780170708894730e-04 5.998458946123719215e-04 6.770865875296294689e-04 -9.999995827674865723e-01
-2.393152713775634766e-01 -9.709405899047851562e-01 -1.612114720046520233e-03 3.858042182400822639e-04 1.565269776619970798e-03 -9.999987483024597168e-01
-2.393152713775634766e-01 -9.709405899047851562e-01 -1.624596421606838703e-03 3.887912316713482141e-04 1.577388611622154713e-03 -9.999986886978149414e-01
2.393153458833694458e-01 -9.709419012069702148e-01 2.677707016118802130e-05 6.408163699234137312e-06 -2.599897925392724574e-05 -1.000000000000000000e+00
2.393153458833694458e-01 -9.709419012069702148e-01 3.416187973925843835e-05 8.175462426152080297e-06 -3.316919901408255100e-05 -1.000000000000000000e+00
6.631233692169189453e-01 -7.485101222991943359e-01 -6.921083695488050580e-05 -4.589532181853428483e-05 5.180501102586276829e-05 -1.000000000000000000e+00
6.631233692169189453e-01 -7.485101222991943359e-01 -4.959895886713638902e-05 -3.289022788521833718e-05 3.712532270583324134e-05 -1.000000000000000000e+00
9.350155591964721680e-01 -3.546056449413299561e-01 -8.953177020885050297e-04 -8.371362346224486828e-04 3.174848097842186689e-04 -9.999995827674865723e-01
9.350154995918273926e-01 -3.546056151390075684e-01 -9.118369198404252529e-04 -8.525820448994636536e-04 3.233426250517368317e-04 -9.999995827674865723e-01
9.927089214324951172e-01 1.205364763736724854e-01 9.816454985411837697e-05 9.744882117956876755e-05 1.183240874524926767e-05 -1.000000000000000000e+00
9.927089214324951172e-01 1.205364763736724854e-01 7.631440530531108379e-05 7.575799099868163466e-05 9.198669431498274207e-06 -1.000000000000000000e+00
8.229798078536987305e-01 5.680620670318603516e-01 3.120416775345802307e-03 2.568052383139729500e-03 1.772599178366363049e-03 -9.999951124191284180e-01
8.229797482490539551e-01 5.680620670318603516e-01 3.137863473966717720e-03 2.582411048933863640e-03 1.782510080374777317e-03 -9.999951124191284180e-01
4.647221267223358154e-01 8.854538798332214355e-01 2.177695278078317642e-03 1.012025750242173672e-03 1.928253448568284512e-03 -9.999976754188537598e-01
4.647220969200134277e-01 8.854538202285766602e-01 2.208858029916882515e-03 1.026507583446800709e-03 1.955846557393670082e-03 -9.999975562095642090e-01
0.000000000000000000e+00 1.394222141243517399e-03 9.999990463256835938e-01 0.000000000000000000e+00 9.999990463256835938e-01 -1.394222141243517399e-03
0.000000000000000000e+00 1.365683623589575291e-03 9.999991059303283691e-01 0.000000000000000000e+00 9.999991059303283691e-01 -1.365683623589575291e-03
-4.647225141525268555e-01 8.854545950889587402e-01 -1.800775527954101562e-03 8.368621929548680782e-04 -1.594507368281483650e-03 -9.999983906745910645e-01
-4.647225141525268555e-01 8.854545950889587402e-01 -1.773058902472257614e-03 8.239816525019705296e-04 -1.569965621456503868e-03 -9.999984502792358398e-01
-8.229823112487792969e-01 5.680638551712036133e-01 -1.886080834083259106e-03 1.552214147523045540e-03 -1.071416423656046391e-03 -9.999982714653015137e-01
-8.229823708534240723e-01 5.680639147758483887e-01 -1.864371239207684994e-03 1.534347306005656719e-03 -1.059083850122988224e-03 -9.999982714653015137e-01
-9.927085041999816895e-01 1.205364242196083069e-01 -9.440445574000477791e-04 9.371614432893693447e-04 -1.137918079621158540e-04 -9.999995827674865723e-01
-9.927085041999816895e-01 1.205364242196083069e-01 -8.877367945387959480e-04 8.812642772682011127e-04 -1.070046710083261132e-04 -9.999996423721313477e-01
-9.350162148475646973e-01 -3.546048998832702637e-01 -3.676037013065069914e-04 3.437154518906027079e-04 1.303540775552392006e-04 -9.999999403953552246e-01
-9.350162148475646973e-01 -3.546048998832702637e-01 -3.187027468811720610e-04 2.979922865051776171e-04 1.130135715357027948e-04 -1.000000000000000000e+00
-6.631221175193786621e-01 -7.485098242759704590e-01 -1.448611961677670479e-03 9.606077219359576702e-04 1.084301504306495190e-03 -9.999989867210388184e-01
-6.631221175193786621e-01 -7.485098242759704590e-01 -1.447606948204338551e-03 9.599413024261593819e-04 1.083549228496849537e-03 -9.999989867210388184e-01
-2.739828196354210377e-04 1.000000000000000000e+00 0.000000000000000000e+00 -1.000000000000000000e+00 -2.739828196354210377e-04 0.000000000000000000e+00
-2.709268010221421719e-04 1.000000000000000000e+00 0.000000000000000000e+00 -1.000000000000000000e+00 -2.709268010221421719e-04 0.000000000000000000e+00
0.000000000000000000e+00 -6.359972991049289703e-03 9.999797940254211426e-01 0.000000000000000000e+00 9.999797940254211426e-01 6.359972991049289703e-03
0.000000000000000000e+00 -6.351880263537168503e-03 9.999798536300659180e-01 0.000000000000000000e+00 9.999798536300659180e-01 6.351880263537168503e-03
-3.061208641156554222e-03 0.000000000000000000e+00 9.999953508377075195e-01 -9.999953508377075195e-01 0.000000000000000000e+00 -3.061208641156554222e-03
-3.062771167606115341e-03 0.000000000000000000e+00 9.999953508377075195e-01 -9.999953508377075195e-01 0.000000000000000000e+00 -3.062771167606115341e-03
-2.389751753071323037e-04 1.000000000000000000e+00 0.000000000000000000e+00 -1.000000000000000000e+00 -2.389751753071323037e-04 0.000000000000000000e+00
-2.341504732612520456e-04 1.000000000000000000e+00 0.000000000000000000e+00 -1.000000000000000000e+00 -2.341504732612520456e-04 0.000000000000000000e+00
0.000000000000000000e+00 -7.006094790995121002e-03 9.999754428863525391e-01 0.000000000000000000e+00 9.999754428863525391e-01 7.006094790995121002e-03
0.000000000000000000e+00 -7.036835420876741409e-03 9.999752640724182129e-01 0.000000000000000000e+00 9.999752640724182129e-01 7.036835420876741409e-03
7.472437573596835136e-04 -0.000000000000000000e+00 -9.999997615814208984e-01 -9.999997615814208984e-01 0.000000000000000000e+00 -7.472437573596835136e-04
7.453361176885664463e-04 -0.000000000000000000e+00 -9.999997615814208984e-01 -9.999997615814208984e-01 0.000000000000000000e+00 -7.453361176885664463e-04
-1.860675867646932602e-03 0.000000000000000000e+00 9.999982714653015137e-01 -9.999982714653015137e-01 0.000000000000000000e+00 -1.860675867646932602e-03
-1.844933605752885342e-03 0.000000000000000000e+00 9.999983310699462891e-01 -9.999983310699462891e-01 0.000000000000000000e+00 -1.844933605752885342e-03
0.000000000000000000e+00 1.225746818818151951e-03 9.999992847442626953e-01 0.000000000000000000e+00 9.999992847442626953e-01 -1.225746818818151951e-03
0.000000000000000000e+00 1.227291650138795376e-03 9.999992847442626953e-01 -0.000000000000000000e+00 9.999992847442626953e-01 -1.227291650138795376e-03
-0.000000000000000000e+00 -6.022539921104907990e-03 -9.999818801879882812e-01 0.000000000000000000e+00 9.999818801879882812e-01 -6.022539921104907990e-03
0.000000000000000000e+00 -6.006442476063966751e-03 -9.999819993972778320e-01 0.000000000000000000e+00 9.999819993972778320e-01 -6.006442476063966751e-03
-3.091177204623818398e-04 9.999999403953552246e-01 0.000000000000000000e+00 -9.999999403953552246e-01 -3.091177204623818398e-04 0.000000000000000000e+00
-2.990513748954981565e-04 9.999999403953552246e-01 0.000000000000000000e+00 -9.999999403953552246e-01 -2.990513748954981565e-04 0.000000000000000000e+00
5.131007637828588486e-04 -0.000000000000000000e+00 -9.999998807907104492e-01 -9.999998807907104492e-01 0.000000000000000000e+00 -5.131007637828588486e-04
4.999696393497288227e-04 -0.000000000000000000e+00 -9.999998807907104492e-01 -9.999998807907104492e-01 0.000000000000000000e+00 -4.999696393497288227e-04
-1.301281619817018509e-03 0.000000000000000000e+00 9.999991655349731445e-01 -9.999991655349731445e-01 0.000000000000000000e+00 -1.301281619817018509e-03
-1.315766014158725739e-03 0.000000000000000000e+00 9.999991655349731445e-01 -9.999991655349731445e-01 0.000000000000000000e+00 -1.315766014158725739e-03
0.000000000000000000e+00 3.349864855408668518e-04 -9.999999403953552246e-01 0.000000000000000000e+00 9.999999403953552246e-01 3.349864855408668518e-04
0.000000000000000000e+00 3.320986870676279068e-04 -9.999999403953552246e-01 0.000000000000000000e+00 9.999999403953552246e-01 3.320986870676279068e-04
-3.786823246628046036e-03 0.000000000000000000e+00 9.999928474426269531e-01 -9.999928474426269531e-01 0.000000000000000000e+00 -3.786823246628046036e-03
-3.798193065449595451e-03 0.000000000000000000e+00 9.999927878379821777e-01 -9.999927878379821777e-01 0.000000000000000000e+00 -3.798193065449595451e-03
-3.363539464771747589e-03 0.000000000000000000e+00 9.999943375587463379e-01 -9.999943375587463379e-01 0.000000000000000000e+00 -3.363539464771747589e-03
-3.367929719388484955e-03 0.000000000000000000e+00 9.999943375587463379e-01 -9.999943375587463379e-01 0.000000000000000000e+00 -3.367929719388484955e-03
1.564530539326369762e-04 -0.000000000000000000e+00 -1.000000000000000000e+00 -1.000000000000000000e+00 0.000000000000000000e+00 -1.564530539326369762e-04
1.433248253306373954e-04 -0.000000000000000000e+00 -1.000000000000000000e+00 -1.000000000000000000e+00 0.000000000000000000e+00 -1.433248253306373954e-04
0.000000000000000000e+00 1.089429249987006187e-03 -9.999994039535522461e-01 0.000000000000000000e+00 9.999994039535522461e-01 1.089429249987006187e-03
0.000000000000000000e+00 1.118380343541502953e-03 -9.999994039535522461e-01 0.000000000000000000e+00 9.999994039535522461e-01 1.118380343541502953e-03
0.000000000000000000e+00 -6.258996203541755676e-03 9.999804496765136719e-01 0.000000000000000000e+00 9.999804496765136719e-01 6.258996203541755676e-03
0.000000000000000000e+00 -6.277399137616157532e-03 9.999803304672241211e-01 0.000000000000000000e+00 9.999803304672241211e-01 6.277399137616157532e-03
0.000000000000000000e+00 1.700117951259016991e-03 9.999985694885253906e-01 0.000000000000000000e+00 9.999985694885253906e-01 -1.700117951259016991e-03
0.000000000000000000e+00 1.682033529505133629e-03 9.999986290931701660e-01 -0.000000000000000000e+00 9.999986290931701660e-01 -1.682033529505133629e-03
-0.000000000000000000e+00 -7.557139266282320023e-03 -9.999714493751525879e-01 0.000000000000000000e+00 9.999714493751525879e-01 -7.557139266282320023e-03
0.000000000000000000e+00 -7.571876514703035355e-03 -9.999713301658630371e-01 0.000000000000000000e+00 9.999713301658630371e-01 -7.571876514703035355e-03
-3.977003216277807951e-04 0.000000000000000000e+00 9.999999403953552246e-01 -9.999999403953552246e-01 0.000000000000000000e+00 -3.977003216277807951e-04
-3.988267853856086731e-04 0.000000000000000000e+00 9.999999403953552246e-01 -9.999999403953552246e-01 0.000000000000000000e+00 -3.988267853856086731e-04
-6.343023851513862610e-04 9.999998211860656738e-01 -0.000000000000000000e+00 -9.999998211860656738e-01 -6.343023851513862610e-04 0.000000000000000000e+00
-6.333134952001273632e-04 9.999998211860656738e-01 0.000000000000000000e+00 -9.999998211860656738e-01 -6.333134952001273632e-04 0.000000000000000000e+00
-6.294469931162893772e-04 9.999998211860656738e-01 0.000000000000000000e+00 -9.999998211860656738e-01 -6.294469931162893772e-04 0.000000000000000000e+00
-6.255087791942059994e-04 9.999998211860656738e-01 0.000000000000000000e+00 -9.999998211860656738e-01 -6.255087791942059994e-04 0.000000000000000000e+00
-6.223035743460059166e-04 9.999998211860656738e-01 0.000000000000000000e+00 -9.999998211860656738e-01 -6.223035743460059166e-04 0.000000000000000000e+00
-6.134514114819467068e-04 9.999998211860656738e-01 0.000000000000000000e+00 -9.999998211860656738e-01 -6.134514114819467068e-04 0.000000000000000000e+00
-5.974821979179978371e-04 9.999998211860656738e-01 0.000000000000000000e+00 -9.999998211860656738e-01 -5.974821979179978371e-04 0.000000000000000000e+00
-5.917666130699217319e-04 9.999998211860656738e-01 0.000000000000000000e+00 -9.999998211860656738e-01 -5.917666130699217319e-04 0.000000000000000000e+00
-5.893381312489509583e-04 9.999998211860656738e-01 0.000000000000000000e+00 -9.999998211860656738e-01 -5.893381312489509583e-04 0.000000000000000000e+00
-5.947114550508558750e-04 9.999998211860656738e-01 0.000000000000000000e+00 -9.999998211860656738e-01 -5.947114550508558750e-04 0.000000000000000000e+00
-6.042057648301124573e-04 9.999998211860656738e-01 -0.000000000000000000e+00 -9.999998211860656738e-01 -6.042057648301124573e-04 0.000000000000000000e+00
-6.195503519847989082e-04 9.999998211860656738e-01 0.000000000000000000e+00 -9.999998211860656738e-01 -6.195503519847989082e-04 0.000000000000000000e+00
-6.221850635483860970e-04 9.999998211860656738e-01 0.000000000000000000e+00 -9.999998211860656738e-01 -6.221850635483860970e-04 0.000000000000000000e+00
-6.165337981656193733e-04 9.999998211860656738e-01 0.000000000000000000e+00 -9.999998211860656738e-01 -6.165337981656193733e-04 0.000000000000000000e+00
-6.225741817615926266e-04 9.999998211860656738e-01 0.000000000000000000e+00 -9.999998211860656738e-01 -6.225741817615926266e-04 0.000000000000000000e+00
-6.013077218085527420e-04 9.999998211860656738e-01 0.000000000000000000e+00 -9.999998211860656738e-01 -6.013077218085527420e-04 0.000000000000000000e+00
-6.128311506472527981e-04 9.999998211860656738e-01 0.000000000000000000e+00 -9.999998211860656738e-01 -6.128311506472527981e-04 0.000000000000000000e+00
-6.184809608384966850e-04 9.999998211860656738e-01 0.000000000000000000e+00 -9.999998211860656738e-01 -6.184809608384966850e-04 0.000000000000000000e+00
-6.216350011527538300e-04 9.999998211860656738e-01 0.000000000000000000e+00 -9.999998211860656738e-01 -6.216350011527538300e-04 0.000000000000000000e+00
-6.224571843631565571e-04 9.999998211860656738e-01 -0.000000000000000000e+00 -9.999998211860656738e-01 -6.224571843631565571e-04 0.000000000000000000e+00
-6.255643675103783607e-04 9.999998211860656738e-01 0.000000000000000000e+00 -9.999998211860656738e-01 -6.255643675103783607e-04 0.000000000000000000e+00
-6.247261189855635166e-04 9.999998211860656738e-01 -0.000000000000000000e+00 -9.999998211860656738e-01 -6.247261189855635166e-04 0.000000000000000000e+00
-6.290124729275703430e-04 9.999998211860656738e-01 -0.000000000000000000e+00 -9.999998211860656738e-01 -6.290124729275703430e-04 0.000000000000000000e+00
-6.290022283792495728e-04 9.999998211860656738e-01 0.000000000000000000e+00 -9.999998211860656738e-01 -6.290022283792495728e-04 0.000000000000000000e+00
-6.326522561721503735e-04 9.999998211860656738e-01 -0.000000000000000000e+00 -9.999998211860656738e-01 -6.326522561721503735e-04 0.000000000000000000e+00
-6.321475375443696976e-04 9.999998211860656738e-01 0.000000000000000000e+00 -9.999998211860656738e-01 -6.321475375443696976e-04 0.000000000000000000e+00
-6.350997136905789375e-04 9.999998211860656738e-01 -0.000000000000000000e+00 -9.999998211860656738e-01 -6.350997136905789375e-04 0.000000000000000000e+00
-6.361237610690295696e-04 9.999998211860656738e-01 0.000000000000000000e+00 -9.999998211860656738e-01 -6.361237610690295696e-04 0.000000000000000000e+00
-6.348056485876441002e-04 9.999998211860656738e-01 -0.000000000000000000e+00 -9.999998211860656738e-01 -6.348056485876441002e-04 0.000000000000000000e+00
-6.320802494883537292e-04 9.999998211860656738e-01 -0.000000000000000000e+00 -9.999998211860656738e-01 -6.320802494883537292e-04 0.000000000000000000e+00
-6.244818214327096939e-04 9.999998211860656738e-01 -0.000000000000000000e+00 -9.999998211860656738e-01 -6.244818214327096939e-04 0.000000000000000000e+00
-6.202979129739105701e-04 9.999998211860656738e-01 0.000000000000000000e+00 -9.999998211860656738e-01 -6.202979129739105701e-04 0.000000000000000000e+00
-6.178109324537217617e-04 9.999998211860656738e-01 0.000000000000000000e+00 -9.999998211860656738e-01 -6.178109324537217617e-04 0.000000000000000000e+00
-6.166347302496433258e-04 9.999998211860656738e-01 -0.000000000000000000e+00 -9.999998211860656738e-01 -6.166347302496433258e-04 0.000000000000000000e+00
-6.323172128759324551e-04 9.999998211860656738e-01 0.000000000000000000e+00 -9.999998211860656738e-01 -6.323172128759324551e-04 0.000000000000000000e+00
-6.349504692479968071e-04 9.999998211860656738e-01 0.000000000000000000e+00 -9.999998211860656738e-01 -6.349504692479968071e-04 0.000000000000000000e+00
-6.391666247509419918e-04 9.999998211860656738e-01 0.000000000000000000e+00 -9.999998211860656738e-01 -6.391666247509419918e-04 0.000000000000000000e+00
-6.207850528880953789e-04 9.999998211860656738e-01 0.000000000000000000e+00 -9.999998211860656738e-01 -6.207850528880953789e-04 0.000000000000000000e+00
-6.150474655441939831e-04 9.999998211860656738e-01 0.000000000000000000e+00 -9.999998211860656738e-01 -6.150474655441939831e-04 0.000000000000000000e+00
-6.136313895694911480e-04 9.999998211860656738e-01 0.000000000000000000e+00 -9.999998211860656738e-01 -6.136313895694911480e-04 0.000000000000000000e+00
-6.165718077681958675e-04 9.999998211860656738e-01 0.000000000000000000e+00 -9.999998211860656738e-01 -6.165718077681958675e-04 0.000000000000000000e+00
-6.195795722305774689e-04 9.999998211860656738e-01 0.000000000000000000e+00 -9.999998211860656738e-01 -6.195795722305774689e-04 0.000000000000000000e+00
-6.206021644175052643e-04 9.999998211860656738e-01 0.000000000000000000e+00 -9.999998211860656738e-01 -6.206021644175052643e-04 0.000000000000000000e+00
-6.256799679249525070e-04 9.999998211860656738e-01 0.000000000000000000e+00 -9.999998211860656738e-01 -6.256799679249525070e-04 0.000000000000000000e+00
-6.338913226500153542e-04 9.999998211860656738e-01 0.000000000000000000e+00 -9.999998211860656738e-01 -6.338913226500153542e-04 0.000000000000000000e+00
-6.400180282071232796e-04 9.999998211860656738e-01 0.000000000000000000e+00 -9.999998211860656738e-01 -6.400180282071232796e-04 0.000000000000000000e+00
-6.424157763831317425e-04 9.999998211860656738e-01 0.000000000000000000e+00 -9.999998211860656738e-01 -6.424157763831317425e-04 0.000000000000000000e+00
-6.433096132241189480e-04 9.999998211860656738e-01 0.000000000000000000e+00 -9.999998211860656738e-01 -6.433096132241189480e-04 0.000000000000000000e+00
-6.444521131925284863e-04 9.999998211860656738e-01 0.000000000000000000e+00 -9.999998211860656738e-01 -6.444521131925284863e-04 0.000000000000000000e+00
-6.449188222177326679e-04 9.999998211860656738e-01 0.000000000000000000e+00 -9.999998211860656738e-01 -6.449188222177326679e-04 0.000000000000000000e+00
-6.479076109826564789e-04 9.999998211860656738e-01 0.000000000000000000e+00 -9.999998211860656738e-01 -6.479076109826564789e-04 0.000000000000000000e+00
-6.525435601361095905e-04 9.999998211860656738e-01 0.000000000000000000e+00 -9.999998211860656738e-01 -6.525435601361095905e-04 0.000000000000000000e+00
-6.535632419399917126e-04 9.999998211860656738e-01 0.000000000000000000e+00 -9.999998211860656738e-01 -6.535632419399917126e-04 0.000000000000000000e+00
-6.485161720775067806e-04 9.999998211860656738e-01 0.000000000000000000e+00 -9.999998211860656738e-01 -6.485161720775067806e-04 0.000000000000000000e+00
-6.341692642308771610e-04 9.999998211860656738e-01 0.000000000000000000e+00 -9.999998211860656738e-01 -6.341692642308771610e-04 0.000000000000000000e+00
-6.284873234108090401e-04 9.999998211860656738e-01 0.000000000000000000e+00 -9.999998211860656738e-01 -6.284873234108090401e-04 0.000000000000000000e+00
-6.253727478906512260e-04 9.999998211860656738e-01 0.000000000000000000e+00 -9.999998211860656738e-01 -6.253727478906512260e-04 0.000000000000000000e+00
-6.197390612214803696e-04 9.999998211860656738e-01 0.000000000000000000e+00 -9.999998211860656738e-01 -6.197390612214803696e-04 0.000000000000000000e+00
-6.318549276329576969e-04 9.999998211860656738e-01 0.000000000000000000e+00 -9.999998211860656738e-01 -6.318549276329576969e-04 0.000000000000000000e+00
-6.297965883277356625e-04 9.999998211860656738e-01 -0.000000000000000000e+00 -9.999998211860656738e-01 -6.297965883277356625e-04 0.000000000000000000e+00
-6.193777080625295639e-04 9.999998211860656738e-01 0.000000000000000000e+00 -9.999998211860656738e-01 -6.193777080625295639e-04 0.000000000000000000e+00
-6.496835849247872829e-04 9.999998211860656738e-01 0.000000000000000000e+00 -9.999998211860656738e-01 -6.496835849247872829e-04 0.000000000000000000e+00
-6.492988322861492634e-04 9.999998211860656738e-01 0.000000000000000000e+00 -9.999998211860656738e-01 -6.492988322861492634e-04 0.000000000000000000e+00
-6.506959325633943081e-04 9.999998211860656738e-01 0.000000000000000000e+00 -9.999998211860656738e-01 -6.506959325633943081e-04 0.000000000000000000e+00
-6.482630851678550243e-04 9.999998211860656738e-01 -0.000000000000000000e+00 -9.999998211860656738e-01 -6.482630851678550243e-04 0.000000000000000000e+00
-6.442370940931141376e-04 9.999998211860656738e-01 -0.000000000000000000e+00 -9.999998211860656738e-01 -6.442370940931141376e-04 0.000000000000000000e+00
-6.620116182602941990e-04 9.999998211860656738e-01 -0.000000000000000000e+00 -9.999998211860656738e-01 -6.620116182602941990e-04 0.000000000000000000e+00
-6.537534063681960106e-04 9.999998211860656738e-01 0.000000000000000000e+00 -9.999998211860656738e-01 -6.537534063681960106e-04 0.000000000000000000e+00
-6.533979321829974651e-04 9.999998211860656738e-01 0.000000000000000000e+00 -9.999998211860656738e-01 -6.533979321829974651e-04 0.000000000000000000e+00
-6.530687678605318069e-04 9.999998211860656738e-01 0.000000000000000000e+00 -9.999998211860656738e-01 -6.530687678605318069e-04 0.000000000000000000e+00
1.988361589610576630e-03 -0.000000000000000000e+00 -9.999980330467224121e-01 -9.999980330467224121e-01 0.000000000000000000e+00 -1.988361589610576630e-03
1.939755049534142017e-03 -0.000000000000000000e+00 -9.999981522560119629e-01 -9.999981522560119629e-01 0.000000000000000000e+00 -1.939755049534142017e-03
1.324151176959276199e-03 -0.000000000000000000e+00 -9.999991655349731445e-01 -9.999991655349731445e-01 0.000000000000000000e+00 -1.324151176959276199e-03
1.289093634113669395e-03 -0.000000000000000000e+00 -9.999991655349731445e-01 -9.999991655349731445e-01 0.000000000000000000e+00 -1.289093634113669395e-03
0.000000000000000000e+00 3.459349682088941336e-04 -9.999999403953552246e-01 0.000000000000000000e+00 9.999999403953552246e-01 3.459349682088941336e-04
0.000000000000000000e+00 3.385311283636838198e-04 -9.999999403953552246e-01 0.000000000000000000e+00 9.999999403953552246e-01 3.385311283636838198e-04
0.000000000000000000e+00 1.846854342147707939e-03 9.999983310699462891e-01 0.000000000000000000e+00 9.999983310699462891e-01 -1.846854342147707939e-03
0.000000000000000000e+00 1.837696414440870285e-03 9.999983310699462891e-01 -0.000000000000000000e+00 9.999983310699462891e-01 -1.837696414440870285e-03
-0.000000000000000000e+00 -7.857827469706535339e-03 -9.999691247940063477e-01 0.000000000000000000e+00 9.999691247940063477e-01 -7.857827469706535339e-03
0.000000000000000000e+00 -7.880621589720249176e-03 -9.999689459800720215e-01 0.000000000000000000e+00 9.999689459800720215e-01 -7.880621589720249176e-03
-1.769094087649136782e-04 1.000000000000000000e+00 0.000000000000000000e+00 -1.000000000000000000e+00 -1.769094087649136782e-04 0.000000000000000000e+00
-1.574906345922499895e-04 1.000000000000000000e+00 0.000000000000000000e+00 -1.000000000000000000e+00 -1.574906345922499895e-04 0.000000000000000000e+00
1.853624242357909679e-03 -0.000000000000000000e+00 -9.999982714653015137e-01 -9.999982714653015137e-01 0.000000000000000000e+00 -1.853624242357909679e-03
1.801102771423757076e-03 -0.000000000000000000e+00 -9.999983906745910645e-01 -9.999983906745910645e-01 0.000000000000000000e+00 -1.801102771423757076e-03
-2.339851635042577982e-04 0.000000000000000000e+00 -1.000000000000000000e+00 -1.000000000000000000e+00 0.000000000000000000e+00 2.339851635042577982e-04
-2.410539746051654220e-04 0.000000000000000000e+00 -1.000000000000000000e+00 -1.000000000000000000e+00 0.000000000000000000e+00 2.410539746051654220e-04
0.000000000000000000e+00 -8.336587809026241302e-03 9.999652504920959473e-01 0.000000000000000000e+00 9.999652504920959473e-01 8.336587809026241302e-03
0.000000000000000000e+00 -8.343217894434928894e-03 9.999651908874511719e-01 0.000000000000000000e+00 9.999651908874511719e-01 8.343217894434928894e-03
-3.735182981472462416e-04 0.000000000000000000e+00 9.999999403953552246e-01 -9.999999403953552246e-01 0.000000000000000000e+00 -3.735182981472462416e-04
-3.559588803909718990e-04 0.000000000000000000e+00 9.999999403953552246e-01 -9.999999403953552246e-01 0.000000000000000000e+00 -3.559588803909718990e-04
0.000000000000000000e+00 3.050348823308013380e-05 -1.000000000000000000e+00 0.000000000000000000e+00 1.000000000000000000e+00 3.050348823308013380e-05
0.000000000000000000e+00 4.162166806054301560e-05 -1.000000000000000000e+00 0.000000000000000000e+00 1.000000000000000000e+00 4.162166806054301560e-05
-1.588409068062901497e-04 1.000000000000000000e+00 0.000000000000000000e+00 -1.000000000000000000e+00 -1.588409068062901497e-04 0.000000000000000000e+00
-1.373447885271161795e-04 1.000000000000000000e+00 0.000000000000000000e+00 -1.000000000000000000e+00 -1.373447885271161795e-04 0.000000000000000000e+00
-1.125585695262998343e-04 1.000000000000000000e+00 -0.000000000000000000e+00 -1.000000000000000000e+00 -1.125585695262998343e-04 0.000000000000000000e+00
-1.027482358040288091e-04 1.000000000000000000e+00 -0.000000000000000000e+00 -1.000000000000000000e+00 -1.027482358040288091e-04 0.000000000000000000e+00
-9.005449828691780567e-05 1.000000000000000000e+00 0.000000000000000000e+00 -1.000000000000000000e+00 -9.005449828691780567e-05 0.000000000000000000e+00
-9.247708658222109079e-05 1.000000000000000000e+00 -0.000000000000000000e+00 -1.000000000000000000e+00 -9.247708658222109079e-05 0.000000000000000000e+00
-1.063616437022574246e-04 1.000000000000000000e+00 -0.000000000000000000e+00 -1.000000000000000000e+00 -1.063616437022574246e-04 0.000000000000000000e+00
-1.159393723355606198e-04 1.000000000000000000e+00 -0.000000000000000000e+00 -1.000000000000000000e+00 -1.159393723355606198e-04 0.000000000000000000e+00
-1.349309750366955996e-04 1.000000000000000000e+00 -0.000000000000000000e+00 -1.000000000000000000e+00 -1.349309750366955996e-04 0.000000000000000000e+00
-1.488125999458134174e-04 1.000000000000000000e+00 0.000000000000000000e+00 -1.000000000000000000e+00 -1.488125999458134174e-04 0.000000000000000000e+00
-1.534076291136443615e-04 1.000000000000000000e+00 0.000000000000000000e+00 -1.000000000000000000e+00 -1.534076291136443615e-04 0.000000000000000000e+00
-1.405456569045782089e-04 1.000000000000000000e+00 -0.000000000000000000e+00 -1.000000000000000000e+00 -1.405456569045782089e-04 0.000000000000000000e+00
-1.367069489788264036e-04 1.000000000000000000e+00 0.000000000000000000e+00 -1.000000000000000000e+00 -1.367069489788264036e-04 0.000000000000000000e+00
-1.408675016136839986e-04 1.000000000000000000e+00 0.000000000000000000e+00 -1.000000000000000000e+00 -1.408675016136839986e-04 0.000000000000000000e+00
-1.721388252917677164e-04 1.000000000000000000e+00 -0.000000000000000000e+00 -1.000000000000000000e+00 -1.721388252917677164e-04 0.000000000000000000e+00
-2.016166254179552197e-04 1.000000000000000000e+00 0.000000000000000000e+00 -1.000000000000000000e+00 -2.016166254179552197e-04 0.000000000000000000e+00
-2.134618844138458371e-04 1.000000000000000000e+00 0.000000000000000000e+00 -1.000000000000000000e+00 -2.134618844138458371e-04 0.000000000000000000e+00
-2.185016346629709005e-04 1.000000000000000000e+00 0.000000000000000000e+00 -1.000000000000000000e+00 -2.185016346629709005e-04 0.000000000000000000e+00
-2.171820815419778228e-04 1.000000000000000000e+00 0.000000000000000000e+00 -1.000000000000000000e+00 -2.171820815419778228e-04 0.000000000000000000e+00
-2.040099643636494875e-04 1.000000000000000000e+00 0.000000000000000000e+00 -1.000000000000000000e+00 -2.040099643636494875e-04 0.000000000000000000e+00
-1.922568771988153458e-04 1.000000000000000000e+00 0.000000000000000000e+00 -1.000000000000000000e+00 -1.922568771988153458e-04 0.000000000000000000e+00
-1.899732742458581924e-04 1.000000000000000000e+00 0.000000000000000000e+00 -1.000000000000000000e+00 -1.899732742458581924e-04 0.000000000000000000e+00
-1.964744733413681388e-04 1.000000000000000000e+00 0.000000000000000000e+00 -1.000000000000000000e+00 -1.964744733413681388e-04 0.000000000000000000e+00
-1.827420637710019946e-04 1.000000000000000000e+00 0.000000000000000000e+00 -1.000000000000000000e+00 -1.827420637710019946e-04 0.000000000000000000e+00
-1.770074304658919573e-04 1.000000000000000000e+00 0.000000000000000000e+00 -1.000000000000000000e+00 -1.770074304658919573e-04 0.000000000000000000e+00
-1.625391596462577581e-04 1.000000000000000000e+00 0.000000000000000000e+00 -1.000000000000000000e+00 -1.625391596462577581e-04 0.000000000000000000e+00
-1.704550086287781596e-04 1.000000000000000000e+00 0.000000000000000000e+00 -1.000000000000000000e+00 -1.704550086287781596e-04 0.000000000000000000e+00
-1.787907240213826299e-04 1.000000000000000000e+00 0.000000000000000000e+00 -1.000000000000000000e+00 -1.787907240213826299e-04 0.000000000000000000e+00
-1.695567771093919873e-04 1.000000000000000000e+00 -0.000000000000000000e+00 -1.000000000000000000e+00 -1.695567771093919873e-04 0.000000000000000000e+00
-1.520734513178467751e-04 1.000000000000000000e+00 0.000000000000000000e+00 -1.000000000000000000e+00 -1.520734513178467751e-04 0.000000000000000000e+00
-1.533754402771592140e-04 1.000000000000000000e+00 0.000000000000000000e+00 -1.000000000000000000e+00 -1.533754402771592140e-04 0.000000000000000000e+00
-1.552655303385108709e-04 1.000000000000000000e+00 -0.000000000000000000e+00 -1.000000000000000000e+00 -1.552655303385108709e-04 0.000000000000000000e+00
-1.625362347112968564e-04 1.000000000000000000e+00 -0.000000000000000000e+00 -1.000000000000000000e+00 -1.625362347112968564e-04 0.000000000000000000e+00
-9.913629037328064442e-05 1.000000000000000000e+00 -0.000000000000000000e+00 -1.000000000000000000e+00 -9.913629037328064442e-05 0.000000000000000000e+00
-1.514721807325258851e-04 1.000000000000000000e+00 -0.000000000000000000e+00 -1.000000000000000000e+00 -1.514721807325258851e-04 0.000000000000000000e+00
-2.075707161566242576e-04 1.000000000000000000e+00 -0.000000000000000000e+00 -1.000000000000000000e+00 -2.075707161566242576e-04 0.000000000000000000e+00
-8.024416456464678049e-05 1.000000000000000000e+00 -0.000000000000000000e+00 -1.000000000000000000e+00 -8.024416456464678049e-05 0.000000000000000000e+00
-4.573100159177556634e-05 1.000000000000000000e+00 0.000000000000000000e+00 -1.000000000000000000e+00 -4.573100159177556634e-05 0.000000000000000000e+00
-3.015092443092726171e-05 1.000000000000000000e+00 0.000000000000000000e+00 -1.000000000000000000e+00 -3.015092443092726171e-05 0.000000000000000000e+00
-1.866890088422223926e-04 1.000000000000000000e+00 0.000000000000000000e+00 -1.000000000000000000e+00 -1.866890088422223926e-04 0.000000000000000000e+00
-2.266925148433074355e-04 1.000000000000000000e+00 0.000000000000000000e+00 -1.000000000000000000e+00 -2.266925148433074355e-04 0.000000000000000000e+00
-2.310710260644555092e-04 1.000000000000000000e+00 0.000000000000000000e+00 -1.000000000000000000e+00 -2.310710260644555092e-04 0.000000000000000000e+00
-2.201020688517019153e-04 1.000000000000000000e+00 -0.000000000000000000e+00 -1.000000000000000000e+00 -2.201020688517019153e-04 0.000000000000000000e+00
-2.265403745695948601e-04 1.000000000000000000e+00 -0.000000000000000000e+00 -1.000000000000000000e+00 -2.265403745695948601e-04 0.000000000000000000e+00
-2.321916254004463553e-04 1.000000000000000000e+00 -0.000000000000000000e+00 -1.000000000000000000e+00 -2.321916254004463553e-04 0.000000000000000000e+00
-2.291458222316578031e-04 1.000000000000000000e+00 -0.000000000000000000e+00 -1.000000000000000000e+00 -2.291458222316578031e-04 0.000000000000000000e+00
-1.126492643379606307e-04 1.000000000000000000e+00 -0.000000000000000000e+00 -1.000000000000000000e+00 -1.126492643379606307e-04 0.000000000000000000e+00
-8.201869059121236205e-05 1.000000000000000000e+00 0.000000000000000000e+00 -1.000000000000000000e+00 -8.201869059121236205e-05 0.000000000000000000e+00
-8.526051533408463001e-05 1.000000000000000000e+00 -0.000000000000000000e+00 -1.000000000000000000e+00 -8.526051533408463001e-05 0.000000000000000000e+00
-1.257994445040822029e-04 1.000000000000000000e+00 0.000000000000000000e+00 -1.000000000000000000e+00 -1.257994445040822029e-04 0.000000000000000000e+00
-1.286418846575543284e-04 1.000000000000000000e+00 0.000000000000000000e+00 -1.000000000000000000e+00 -1.286418846575543284e-04 0.000000000000000000e+00
-1.330481900367885828e-04 1.000000000000000000e+00 0.000000000000000000e+00 -1.000000000000000000e+00 -1.330481900367885828e-04 0.000000000000000000e+00
-1.321002200711518526e-04 1.000000000000000000e+00 0.000000000000000000e+00 -1.000000000000000000e+00 -1.321002200711518526e-04 0.000000000000000000e+00
-8.693701965967193246e-05 1.000000000000000000e+00 0.000000000000000000e+00 -1.000000000000000000e+00 -8.693701965967193246e-05 0.000000000000000000e+00
-7.952294981805607677e-05 1.000000000000000000e+00 0.000000000000000000e+00 -1.000000000000000000e+00 -7.952294981805607677e-05 0.000000000000000000e+00
-1.908890553750097752e-04 1.000000000000000000e+00 0.000000000000000000e+00 -1.000000000000000000e+00 -1.908890553750097752e-04 0.000000000000000000e+00
-1.457185280742123723e-04 1.000000000000000000e+00 0.000000000000000000e+00 -1.000000000000000000e+00 -1.457185280742123723e-04 0.000000000000000000e+00
-8.513031207257881761e-05 1.000000000000000000e+00 0.000000000000000000e+00 -1.000000000000000000e+00 -8.513031207257881761e-05 0.000000000000000000e+00
-1.392655976815149188e-04 1.000000000000000000e+00 0.000000000000000000e+00 -1.000000000000000000e+00 -1.392655976815149188e-04 0.000000000000000000e+00
-1.401418849127367139e-04 1.000000000000000000e+00 -0.000000000000000000e+00 -1.000000000000000000e+00 -1.401418849127367139e-04 0.000000000000000000e+00
-1.560964738018810749e-04 1.000000000000000000e+00 0.000000000000000000e+00 -1.000000000000000000e+00 -1.560964738018810749e-04 0.000000000000000000e+00
-1.516096963314339519e-04 1.000000000000000000e+00 0.000000000000000000e+00 -1.000000000000000000e+00 -1.516096963314339519e-04 0.000000000000000000e+00
-1.474623277317732573e-04 1.000000000000000000e+00 -0.000000000000000000e+00 -1.000000000000000000e+00 -1.474623277317732573e-04 0.000000000000000000e+00
-1.256648538401350379e-04 1.000000000000000000e+00 -0.000000000000000000e+00 -1.000000000000000000e+00 -1.256648538401350379e-04 0.000000000000000000e+00
-1.312356471316888928e-04 1.000000000000000000e+00 -0.000000000000000000e+00 -1.000000000000000000e+00 -1.312356471316888928e-04 0.000000000000000000e+00
-6.234390457393601537e-05 1.000000000000000000e+00 0.000000000000000000e+00 -1.000000000000000000e+00 -6.234390457393601537e-05 0.000000000000000000e+00
-5.095215965411625803e-05 1.000000000000000000e+00 -0.000000000000000000e+00 -1.000000000000000000e+00 -5.095215965411625803e-05 0.000000000000000000e+00
-2.273888676427304745e-04 1.000000000000000000e+00 0.000000000000000000e+00 -1.000000000000000000e+00 -2.273888676427304745e-04 0.000000000000000000e+00
-1.261051947949454188e-04 1.000000000000000000e+00 0.000000000000000000e+00 -1.000000000000000000e+00 -1.261051947949454188e-04 0.000000000000000000e+00
-7.941322837723419070e-05 1.000000000000000000e+00 -0.000000000000000000e+00 -1.000000000000000000e+00 -7.941322837723419070e-05 0.000000000000000000e+00
-9.163152572000399232e-05 1.000000000000000000e+00 0.000000000000000000e+00 -1.000000000000000000e+00 -9.163152572000399232e-05 0.000000000000000000e+00
-1.192236231872811913e-04 1.000000000000000000e+00 -0.000000000000000000e+00 -1.000000000000000000e+00 -1.192236231872811913e-04 0.000000000000000000e+00
-1.208973844768479466e-05 1.000000000000000000e+00 0.000000000000000000e+00 -1.000000000000000000e+00 -1.208973844768479466e-05 0.000000000000000000e+00
-3.588848994695581496e-05 1.000000000000000000e+00 0.000000000000000000e+00 -1.000000000000000000e+00 -3.588848994695581496e-05 0.000000000000000000e+00
-2.185382036259397864e-04 1.000000000000000000e+00 0.000000000000000000e+00 -1.000000000000000000e+00 -2.185382036259397864e-04 0.000000000000000000e+00
-2.004097186727449298e-04 1.000000000000000000e+00 -0.000000000000000000e+00 -1.000000000000000000e+00 -2.004097186727449298e-04 0.000000000000000000e+00
-1.696343097137287259e-04 1.000000000000000000e+00 0.000000000000000000e+00 -1.000000000000000000e+00 -1.696343097137287259e-04 0.000000000000000000e+00
-1.928917918121442199e-04 1.000000000000000000e+00 0.000000000000000000e+00 -1.000000000000000000e+00 -1.928917918121442199e-04 0.000000000000000000e+00
-2.237725275335833430e-04 1.000000000000000000e+00 0.000000000000000000e+00 -1.000000000000000000e+00 -2.237725275335833430e-04 0.000000000000000000e+00
-2.590464428067207336e-04 1.000000000000000000e+00 -0.000000000000000000e+00 -1.000000000000000000e+00 -2.590464428067207336e-04 0.000000000000000000e+00
-2.294925361638888717e-04 1.000000000000000000e+00 0.000000000000000000e+00 -1.000000000000000000e+00 -2.294925361638888717e-04 0.000000000000000000e+00
-2.667589287739247084e-04 1.000000000000000000e+00 0.000000000000000000e+00 -1.000000000000000000e+00 -2.667589287739247084e-04 0.000000000000000000e+00
-2.376600023126229644e-04 1.000000000000000000e+00 0.000000000000000000e+00 -1.000000000000000000e+00 -2.376600023126229644e-04 0.000000000000000000e+00
-2.707483072299510241e-04 1.000000000000000000e+00 0.000000000000000000e+00 -1.000000000000000000e+00 -2.707483072299510241e-04 0.000000000000000000e+00
-2.437033253954723477e-04 1.000000000000000000e+00 0.000000000000000000e+00 -1.000000000000000000e+00 -2.437033253954723477e-04 0.000000000000000000e+00
-2.719186595641076565e-04 1.000000000000000000e+00 0.000000000000000000e+00 -1.000000000000000000e+00 -2.719186595641076565e-04 0.000000000000000000e+00
-2.551272918935865164e-04 1.000000000000000000e+00 0.000000000000000000e+00 -1.000000000000000000e+00 -2.551272918935865164e-04 0.000000000000000000e+00
-2.691946865525096655e-04 1.000000000000000000e+00 0.000000000000000000e+00 -1.000000000000000000e+00 -2.691946865525096655e-04 0.000000000000000000e+00
-2.480291877873241901e-04 1.000000000000000000e+00 0.000000000000000000e+00 -1.000000000000000000e+00 -2.480291877873241901e-04 0.000000000000000000e+00
-2.190385275753214955e-04 1.000000000000000000e+00 0.000000000000000000e+00 -1.000000000000000000e+00 -2.190385275753214955e-04 0.000000000000000000e+00
-2.315362362423911691e-04 1.000000000000000000e+00 0.000000000000000000e+00 -1.000000000000000000e+00 -2.315362362423911691e-04 0.000000000000000000e+00
-2.129791246261447668e-04 1.000000000000000000e+00 0.000000000000000000e+00 -1.000000000000000000e+00 -2.129791246261447668e-04 0.000000000000000000e+00
-2.199704031227156520e-04 1.000000000000000000e+00 0.000000000000000000e+00 -1.000000000000000000e+00 -2.199704031227156520e-04 0.000000000000000000e+00
-2.089019690174609423e-04 1.000000000000000000e+00 0.000000000000000000e+00 -1.000000000000000000e+00 -2.089019690174609423e-04 0.000000000000000000e+00
-2.144976315321400762e-04 1.000000000000000000e+00 0.000000000000000000e+00 -1.000000000000000000e+00 -2.144976315321400762e-04 0.000000000000000000e+00
-6.133314454928040504e-04 9.999998211860656738e-01 0.000000000000000000e+00 -9.999998211860656738e-01 -6.133314454928040504e-04 0.000000000000000000e+00
-6.077226717025041580e-04 9.999998211860656738e-01 0.000000000000000000e+00 -9.999998211860656738e-01 -6.077226717025041580e-04 0.000000000000000000e+00
-5.904485005885362625e-04 9.999998211860656738e-01 0.000000000000000000e+00 -9.999998211860656738e-01 -5.904485005885362625e-04 0.000000000000000000e+00
-6.011234363541007042e-04 9.999998211860656738e-01 0.000000000000000000e+00 -9.999998211860656738e-01 -6.011234363541007042e-04 0.000000000000000000e+00
-6.523314514197409153e-04 9.999998211860656738e-01 0.000000000000000000e+00 -9.999998211860656738e-01 -6.523314514197409153e-04 0.000000000000000000e+00
-6.576067535206675529e-04 9.999998211860656738e-01 0.000000000000000000e+00 -9.999998211860656738e-01 -6.576067535206675529e-04 0.000000000000000000e+00
-5.821025697514414787e-04 9.999998211860656738e-01 -0.000000000000000000e+00 -9.999998211860656738e-01 -5.821025697514414787e-04 0.000000000000000000e+00
-5.650157108902931213e-04 9.999998807907104492e-01 -0.000000000000000000e+00 -9.999998807907104492e-01 -5.650157108902931213e-04 0.000000000000000000e+00
-5.713472492061555386e-04 9.999998807907104492e-01 -0.000000000000000000e+00 -9.999998807907104492e-01 -5.713472492061555386e-04 0.000000000000000000e+00
-5.663411575369536877e-04 9.999998807907104492e-01 0.000000000000000000e+00 -9.999998807907104492e-01 -5.663411575369536877e-04 0.000000000000000000e+00
-5.506470333784818649e-04 9.999998807907104492e-01 0.000000000000000000e+00 -9.999998807907104492e-01 -5.506470333784818649e-04 0.000000000000000000e+00
-5.104971351101994514e-04 9.999998807907104492e-01 0.000000000000000000e+00 -9.999998807907104492e-01 -5.104971351101994514e-04 0.000000000000000000e+00
-4.692589282058179379e-04 9.999998807907104492e-01 -0.000000000000000000e+00 -9.999998807907104492e-01 -4.692589282058179379e-04 0.000000000000000000e+00
-4.733229288831353188e-04 9.999998807907104492e-01 0.000000000000000000e+00 -9.999998807907104492e-01 -4.733229288831353188e-04 0.000000000000000000e+00
-4.813280247617512941e-04 9.999998807907104492e-01 0.000000000000000000e+00 -9.999998807907104492e-01 -4.813280247617512941e-04 0.000000000000000000e+00
-4.871036217082291842e-04 9.999998807907104492e-01 0.000000000000000000e+00 -9.999998807907104492e-01 -4.871036217082291842e-04 0.000000000000000000e+00
-5.028007435612380505e-04 9.999998807907104492e-01 0.000000000000000000e+00 -9.999998807907104492e-01 -5.028007435612380505e-04 0.000000000000000000e+00
-5.089025944471359253e-04 9.999998807907104492e-01 0.000000000000000000e+00 -9.999998807907104492e-01 -5.089025944471359253e-04 0.000000000000000000e+00
-5.511546623893082142e-04 9.999998807907104492e-01 0.000000000000000000e+00 -9.999998807907104492e-01 -5.511546623893082142e-04 0.000000000000000000e+00
-5.540599813684821129e-04 9.999998807907104492e-01 0.000000000000000000e+00 -9.999998807907104492e-01 -5.540599813684821129e-04 0.000000000000000000e+00
-5.448786541819572449e-04 9.999998807907104492e-01 0.000000000000000000e+00 -9.999998807907104492e-01 -5.448786541819572449e-04 0.000000000000000000e+00
-5.145625909790396690e-04 9.999998807907104492e-01 0.000000000000000000e+00 -9.999998807907104492e-01 -5.145625909790396690e-04 0.000000000000000000e+00
-5.285261431708931923e-04 9.999998807907104492e-01 0.000000000000000000e+00 -9.999998807907104492e-01 -5.285261431708931923e-04 0.000000000000000000e+00
-5.169705837033689022e-04 9.999998807907104492e-01 0.000000000000000000e+00 -9.999998807907104492e-01 -5.169705837033689022e-04 0.000000000000000000e+00
-5.041174008511006832e-04 9.999998807907104492e-01 0.000000000000000000e+00 -9.999998807907104492e-01 -5.041174008511006832e-04 0.000000000000000000e+00
-4.745005862787365913e-04 9.999998807907104492e-01 0.000000000000000000e+00 -9.999998807907104492e-01 -4.745005862787365913e-04 0.000000000000000000e+00
-4.688171320594847202e-04 9.999998807907104492e-01 0.000000000000000000e+00 -9.999998807907104492e-01 -4.688171320594847202e-04 0.000000000000000000e+00
-4.635813529603183270e-04 9.999998807907104492e-01 0.000000000000000000e+00 -9.999998807907104492e-01 -4.635813529603183270e-04 0.000000000000000000e+00
-4.745751793961971998e-04 9.999998807907104492e-01 0.000000000000000000e+00 -9.999998807907104492e-01 -4.745751793961971998e-04 0.000000000000000000e+00
-4.523066745605319738e-04 9.999999403953552246e-01 0.000000000000000000e+00 -9.999999403953552246e-01 -4.523066745605319738e-04 0.000000000000000000e+00
-4.187794984318315983e-04 9.999999403953552246e-01 0.000000000000000000e+00 -9.999999403953552246e-01 -4.187794984318315983e-04 0.000000000000000000e+00
-3.780240658670663834e-04 9.999999403953552246e-01 -0.000000000000000000e+00 -9.999999403953552246e-01 -3.780240658670663834e-04 0.000000000000000000e+00
-3.387505712453275919e-04 9.999999403953552246e-01 0.000000000000000000e+00 -9.999999403953552246e-01 -3.387505712453275919e-04 0.000000000000000000e+00
-3.534485294949263334e-04 9.999999403953552246e-01 0.000000000000000000e+00 -9.999999403953552246e-01 -3.534485294949263334e-04 0.000000000000000000e+00
-3.858155687339603901e-04 9.999999403953552246e-01 0.000000000000000000e+00 -9.999999403953552246e-01 -3.858155687339603901e-04 0.000000000000000000e+00
-4.258220433257520199e-04 9.999999403953552246e-01 -0.000000000000000000e+00 -9.999999403953552246e-01 -4.258220433257520199e-04 0.000000000000000000e+00
-4.638198006432503462e-04 9.999998807907104492e-01 -0.000000000000000000e+00 -9.999998807907104492e-01 -4.638198006432503462e-04 0.000000000000000000e+00
-5.139379645697772503e-04 9.999998807907104492e-01 0.000000000000000000e+00 -9.999998807907104492e-01 -5.139379645697772503e-04 0.000000000000000000e+00
-5.354121094569563866e-04 9.999998807907104492e-01 -0.000000000000000000e+00 -9.999998807907104492e-01 -5.354121094569563866e-04 0.000000000000000000e+00
-5.709917750209569931e-04 9.999998807907104492e-01 -0.000000000000000000e+00 -9.999998807907104492e-01 -5.709917750209569931e-04 0.000000000000000000e+00
-6.498152506537735462e-04 9.999998211860656738e-01 0.000000000000000000e+00 -9.999998211860656738e-01 -6.498152506537735462e-04 0.000000000000000000e+00
8.963786810636520386e-02 9.959692955017089844e-01 -3.197798971086740494e-03 -2.866454015020281076e-04 -3.184926230460405350e-03 -9.999949336051940918e-01
8.963786810636520386e-02 9.959692955017089844e-01 -3.199817845597863197e-03 -2.868263691198080778e-04 -3.186936955899000168e-03 -9.999949336051940918e-01
-8.963763713836669922e-02 9.959667921066284180e-01 3.917649388313293457e-03 -3.511715913191437721e-04 3.901878837496042252e-03 -9.999923706054687500e-01
-8.963764458894729614e-02 9.959668517112731934e-01 3.910818137228488922e-03 -3.505592176225036383e-04 3.895074827596545219e-03 -9.999923706054687500e-01
-2.660332918167114258e-01 9.639518857002258301e-01 4.813540726900100708e-03 -1.280576805584132671e-03 4.640075378119945526e-03 -9.999884366989135742e-01
-2.660332322120666504e-01 9.639517068862915039e-01 4.841113463044166565e-03 -1.287912367843091488e-03 4.666654858738183975e-03 -9.999883174896240234e-01
-4.338773488998413086e-01 9.009563326835632324e-01 5.307596642524003983e-03 -2.302878303453326225e-03 4.781980067491531372e-03 -9.999859333038330078e-01
-4.338772892951965332e-01 9.009562730789184570e-01 5.323779769241809845e-03 -2.309900010004639626e-03 4.796560853719711304e-03 -9.999858140945434570e-01
-5.877714157104492188e-01 8.089946508407592773e-01 7.239860016852617264e-03 -4.255494568496942520e-03 5.857161711901426315e-03 -9.999737739562988281e-01
-5.877712965011596680e-01 8.089944720268249512e-01 7.271990645676851273e-03 -4.274380393326282501e-03 5.883155856281518936e-03 -9.999735355377197266e-01
-7.227622866630554199e-01 6.910328269004821777e-01 9.397790767252445221e-03 -6.792669184505939484e-03 6.494468543678522110e-03 -9.999558329582214355e-01
-7.227615714073181152e-01 6.910321116447448730e-01 9.503748267889022827e-03 -6.869254633784294128e-03 6.567691918462514877e-03 -9.999548196792602539e-01
-8.345187306404113770e-01 5.508607625961303711e-01 1.144620403647422791e-02 -9.552697651088237762e-03 6.305677350610494614e-03 -9.999344944953918457e-01
-8.345178961753845215e-01 5.508602261543273926e-01 1.152908708900213242e-02 -9.621868841350078583e-03 6.351337302476167679e-03 -9.999335408210754395e-01
-9.194579720497131348e-01 3.929954767227172852e-01 1.231177151203155518e-02 -1.132101565599441528e-02 4.838837776333093643e-03 -9.999242424964904785e-01
-9.194583892822265625e-01 3.929956257343292236e-01 1.227180007845163345e-02 -1.128426194190979004e-02 4.823128227144479752e-03 -9.999247193336486816e-01
-9.748482704162597656e-01 2.225026786327362061e-01 1.278749667108058929e-02 -1.246688701212406158e-02 2.845484530553221703e-03 -9.999182224273681641e-01
-9.748483300209045410e-01 2.225026935338973999e-01 1.277880370616912842e-02 -1.245841290801763535e-02 2.843550406396389008e-03 -9.999183416366577148e-01
-9.989187717437744141e-01 4.486146941781044006e-02 1.219943072646856308e-02 -1.218714751303195953e-02 5.473251221701502800e-04 -9.999256134033203125e-01
-9.989191889762878418e-01 4.486148804426193237e-02 1.216369494795799255e-02 -1.215144712477922440e-02 5.457218503579497337e-04 -9.999260306358337402e-01
-9.908865094184875488e-01 -1.342236846685409546e-01 1.131529267877340317e-02 -1.121288817375898361e-02 -1.518877572380006313e-03 -9.999359846115112305e-01
-9.908875823020935059e-01 -1.342238336801528931e-01 1.121117360889911652e-02 -1.110971253365278244e-02 -1.504901563748717308e-03 -9.999371767044067383e-01
-9.510130286216735840e-01 -3.090041577816009521e-01 9.517160244286060333e-03 -9.051353670656681061e-03 -2.940975362434983253e-03 -9.999547004699707031e-01
-9.510139226913452148e-01 -3.090044856071472168e-01 9.423675015568733215e-03 -8.962443098425865173e-03 -2.912086434662342072e-03 -9.999555945396423340e-01
-8.805731534957885742e-01 -4.738571643829345703e-01 7.094350177794694901e-03 -6.247251760214567184e-03 -3.361793234944343567e-03 -9.999748468399047852e-01
-8.805735707283020020e-01 -4.738573729991912842e-01 7.035810034722089767e-03 -6.195701658725738525e-03 -3.334052860736846924e-03 -9.999752640724182129e-01
-7.818284630775451660e-01 -6.234877109527587891e-01 2.693908987566828728e-03 -2.106182742863893509e-03 -1.679625362157821655e-03 -9.999964237213134766e-01
-7.818287014961242676e-01 -6.234878897666931152e-01 2.619544975459575653e-03 -2.048042370006442070e-03 -1.633260049857199192e-03 -9.999966025352478027e-01
-6.579400897026062012e-01 -7.530694603919982910e-01 1.130251563154160976e-03 -7.436383166350424290e-04 -8.511585183441638947e-04 -9.999994039535522461e-01
-6.579400897026062012e-01 -7.530694603919982910e-01 1.086792675778269768e-03 -7.150449091568589211e-04 -8.184309117496013641e-04 -9.999994039535522461e-01
-5.128983855247497559e-01 -8.584493994712829590e-01 1.805209903977811337e-04 -9.258892532670870423e-05 -1.549681328469887376e-04 -1.000000000000000000e+00
-5.128983855247497559e-01 -8.584493994712829590e-01 1.748273061821237206e-04 -8.966863970272243023e-05 -1.500803919043391943e-04 -1.000000000000000000e+00
-3.513733446598052979e-01 -9.362351298332214355e-01 -7.771402597427368164e-04 2.730664564296603203e-04 7.275862153619527817e-04 -9.999997019767761230e-01
-3.513733446598052979e-01 -9.362351298332214355e-01 -7.843070779927074909e-04 2.755846944637596607e-04 7.342960452660918236e-04 -9.999997019767761230e-01
-1.785590350627899170e-01 -9.839289784431457520e-01 -6.531359977088868618e-04 1.166233705589547753e-04 6.426396430470049381e-04 -9.999998211860656738e-01
-1.785590350627899170e-01 -9.839289784431457520e-01 -6.675999029539525509e-04 1.192060299217700958e-04 6.568711251020431519e-04 -9.999998211860656738e-01
0.000000000000000000e+00 9.872049558907747269e-04 -9.999995231628417969e-01 0.000000000000000000e+00 9.999995231628417969e-01 9.872049558907747269e-04
0.000000000000000000e+00 1.054420135915279388e-03 -9.999994635581970215e-01 0.000000000000000000e+00 9.999994635581970215e-01 1.054420135915279388e-03
1.785581260919570923e-01 -9.839239716529846191e-01 -3.253187518566846848e-03 -5.808861460536718369e-04 3.200906328856945038e-03 -9.999946951866149902e-01
1.785581260919570923e-01 -9.839239716529846191e-01 -3.253807779401540756e-03 -5.809969152323901653e-04 3.201516577973961830e-03 -9.999946951866149902e-01
3.513710498809814453e-01 -9.362286925315856934e-01 -3.778654383495450020e-03 -1.327719190157949924e-03 3.537709824740886688e-03 -9.999928474426269531e-01
3.513709902763366699e-01 -9.362285137176513672e-01 -3.826877800747752190e-03 -1.344663789495825768e-03 3.582858480513095856e-03 -9.999927282333374023e-01
5.128940343856811523e-01 -8.584421277046203613e-01 -4.087750334292650223e-03 -2.096600830554962158e-03 3.509127302095293999e-03 -9.999916553497314453e-01
5.128939151763916016e-01 -8.584418892860412598e-01 -4.158345516771078110e-03 -2.132809022441506386e-03 3.569729626178741455e-03 -9.999913573265075684e-01
6.579340100288391113e-01 -7.530633211135864258e-01 -4.314369056373834610e-03 -2.838596701622009277e-03 3.249023109674453735e-03 -9.999907016754150391e-01
6.579340100288391113e-01 -7.530633211135864258e-01 -4.315197002142667770e-03 -2.839141292497515678e-03 3.249646630138158798e-03 -9.999907016754150391e-01
7.818245887756347656e-01 -6.234846115112304688e-01 -4.156141076236963272e-03 -3.249401226639747620e-03 2.591312397271394730e-03 -9.999913573265075684e-01
7.818247079849243164e-01 -6.234846711158752441e-01 -4.118287004530429840e-03 -3.219805890694260597e-03 2.567710587754845619e-03 -9.999915361404418945e-01
8.805871605873107910e-01 -4.738644957542419434e-01 -4.327880684286355972e-03 -3.811111673712730408e-03 2.050848212093114853e-03 -9.999906420707702637e-01
8.805868029594421387e-01 -4.738643169403076172e-01 -4.417097195982933044e-03 -3.889675484970211983e-03 2.093125134706497192e-03 -9.999902248382568359e-01
9.510465860366821289e-01 -3.090140819549560547e-01 -4.547933116555213928e-03 -4.325341433286666870e-03 1.405390095897018909e-03 -9.999896883964538574e-01
9.510463476181030273e-01 -3.090140223503112793e-01 -4.600311163812875748e-03 -4.375156015157699585e-03 1.421575900167226791e-03 -9.999894499778747559e-01
9.909332394599914551e-01 -1.342307627201080322e-01 -5.782889202237129211e-03 -5.730553530156612396e-03 7.762546883895993233e-04 -9.999833106994628906e-01
9.909332990646362305e-01 -1.342307776212692261e-01 -5.781423300504684448e-03 -5.729100201278924942e-03 7.760578882880508900e-04 -9.999833106994628906e-01
9.989684820175170898e-01 4.486370459198951721e-02 -7.022786419838666916e-03 -7.015714887529611588e-03 -3.150759439449757338e-04 -9.999753236770629883e-01
9.989683628082275391e-01 4.486369714140892029e-02 -7.032797671854496002e-03 -7.025716360658407211e-03 -3.155251033604145050e-04 -9.999752640724182129e-01
9.749007225036621094e-01 2.225144505500793457e-01 -7.482182700186967850e-03 -7.294589653611183167e-03 -1.664940384216606617e-03 -9.999719858169555664e-01
9.749007225036621094e-01 2.225144505500793457e-01 -7.482879329472780228e-03 -7.295268587768077850e-03 -1.665095333009958267e-03 -9.999719858169555664e-01
9.195012450218200684e-01 3.930139541625976562e-01 -7.585397921502590179e-03 -6.974983960390090942e-03 -2.981253433972597122e-03 -9.999712705612182617e-01
9.195012450218200684e-01 3.930139541625976562e-01 -7.587024476379156113e-03 -6.976479198783636093e-03 -2.981892321258783340e-03 -9.999712109565734863e-01
8.345478177070617676e-01 5.508801341056823730e-01 -7.817691192030906677e-03 -6.524435710161924362e-03 -4.306741990149021149e-03 -9.999694824218750000e-01
8.345470428466796875e-01 5.508796572685241699e-01 -7.925524376332759857e-03 -6.614430807530879974e-03 -4.366147331893444061e-03 -9.999685883522033691e-01
7.227704524993896484e-01 6.910402178764343262e-01 -8.142538368701934814e-03 -5.885381251573562622e-03 -5.627007689327001572e-03 -9.999668598175048828e-01
7.227699160575866699e-01 6.910396814346313477e-01 -8.239120244979858398e-03 -5.955189932137727737e-03 -5.693751852959394455e-03 -9.999660849571228027e-01
5.877674221992492676e-01 8.089895248413085938e-01 -8.090456947684288025e-03 -4.755462985485792160e-03 -6.545308977365493774e-03 -9.999672770500183105e-01
5.877673625946044922e-01 8.089893460273742676e-01 -8.109366521239280701e-03 -4.766577854752540588e-03 -6.560607813298702240e-03 -9.999671578407287598e-01
4.338690042495727539e-01 9.009385704994201660e-01 -8.211255073547363281e-03 -3.562728874385356903e-03 -7.398085203021764755e-03 -9.999663233757019043e-01
4.338689744472503662e-01 9.009385108947753906e-01 -8.215369656682014465e-03 -3.564514219760894775e-03 -7.401792798191308975e-03 -9.999662637710571289e-01
2.660298943519592285e-01 9.639399647712707520e-01 -6.922049447894096375e-03 -1.841515884734690189e-03 -6.672599352896213531e-03 -9.999760389328002930e-01
2.660299837589263916e-01 9.639402627944946289e-01 -6.876158993691205978e-03 -1.829307526350021362e-03 -6.628362927585840225e-03 -9.999763965606689453e-01
1.645979732275009155e-01 9.863594174385070801e-01 1.613709027878940105e-03 2.656135766301304102e-04 1.591699197888374329e-03 -9.999986886978149414e-01
1.645979732275009155e-01 9.863594174385070801e-01 1.619458198547363281e-03 2.665598876774311066e-04 1.597370021045207977e-03 -9.999986886978149414e-01
-1.645970195531845093e-01 9.863537549972534180e-01 3.771967487409710884e-03 -6.208589766174554825e-04 3.720520529896020889e-03 -9.999929070472717285e-01
-1.645970195531845093e-01 9.863537549972534180e-01 3.770794253796339035e-03 -6.206659018062055111e-04 3.719363361597061157e-03 -9.999929070472717285e-01
-4.759408235549926758e-01 8.794690370559692383e-01 3.806489286944270134e-03 -1.811676891520619392e-03 3.347713965922594070e-03 -9.999927878379821777e-01
-4.759409427642822266e-01 8.794692158699035645e-01 3.765607019886374474e-03 -1.792219001799821854e-03 3.311758628115057945e-03 -9.999929070472717285e-01
-7.357132434844970703e-01 6.772693395614624023e-01 5.688230972737073898e-03 -4.184974357485771179e-03 3.852526890113949776e-03 -9.999838471412658691e-01
-7.357131838798522949e-01 6.772693395614624023e-01 5.693968385457992554e-03 -4.189195577055215836e-03 3.856412600725889206e-03 -9.999837875366210938e-01
-9.157574772834777832e-01 4.016900956630706787e-01 5.766220390796661377e-03 -5.280547309666872025e-03 2.316272119060158730e-03 -9.999833703041076660e-01
-9.157574772834777832e-01 4.016900956630706787e-01 5.766454618424177170e-03 -5.280761979520320892e-03 2.316366182640194893e-03 -9.999833703041076660e-01
-9.965733885765075684e-01 8.257749676704406738e-02 4.741730168461799622e-03 -4.725535400211811066e-03 3.915646229870617390e-04 -9.999887347221374512e-01
-9.965733885765075684e-01 8.257749676704406738e-02 4.743827972561120987e-03 -4.727625753730535507e-03 3.917378489859402180e-04 -9.999887347221374512e-01
-9.693995714187622070e-01 -2.454859465360641479e-01 1.071048784069716930e-03 -1.038274960592389107e-03 -2.629276132211089134e-04 -9.999994635581970215e-01
-9.693995714187622070e-01 -2.454859465360641479e-01 1.074763131327927113e-03 -1.041875686496496201e-03 -2.638394362293183804e-04 -9.999994635581970215e-01
-8.371666669845581055e-01 -5.469464659690856934e-01 1.265748403966426849e-03 -1.059643225744366646e-03 -6.922971224412322044e-04 -9.999992251396179199e-01
-8.371666073799133301e-01 -5.469464659690856934e-01 1.324329641647636890e-03 -1.108685391955077648e-03 -7.243378786370158195e-04 -9.999991059303283691e-01
-6.142115592956542969e-01 -7.891387343406677246e-01 2.084409585222601891e-03 -1.280271215364336967e-03 -1.644891803152859211e-03 -9.999978542327880859e-01
-6.142114996910095215e-01 -7.891386151313781738e-01 2.133819274604320526e-03 -1.310619292780756950e-03 -1.683883019722998142e-03 -9.999977350234985352e-01
-3.247001767158508301e-01 -9.458167552947998047e-01 6.737569347023963928e-04 -2.187690552091225982e-04 -6.372507777996361256e-04 -9.999997615814208984e-01
-3.247001767158508301e-01 -9.458167552947998047e-01 6.649530841968953609e-04 -2.159104478778317571e-04 -6.289239390753209591e-04 -9.999997615814208984e-01
0.000000000000000000e+00 3.299408708699047565e-04 -9.999999403953552246e-01 0.000000000000000000e+00 9.999999403953552246e-01 3.299408708699047565e-04
0.000000000000000000e+00 3.448524221312254667e-04 -9.999999403953552246e-01 0.000000000000000000e+00 9.999999403953552246e-01 3.448524221312254667e-04
3.247000575065612793e-01 -9.458163976669311523e-01 -1.160357380285859108e-03 -3.767683519981801510e-04 1.097485772334039211e-03 -9.999993443489074707e-01
3.247000575065612793e-01 -9.458163976669311523e-01 -1.145271700806915760e-03 -3.718700318131595850e-04 1.083217444829642773e-03 -9.999993443489074707e-01
6.142121553421020508e-01 -7.891394495964050293e-01 -1.564539386890828609e-03 -9.609602275304496288e-04 1.234641298651695251e-03 -9.999988079071044922e-01
6.142120957374572754e-01 -7.891393899917602539e-01 -1.569017185829579830e-03 -9.637105395086109638e-04 1.238174852915108204e-03 -9.999987483024597168e-01
8.371670246124267578e-01 -5.469467043876647949e-01 -8.929624455049633980e-04 -7.475590100511908531e-04 4.884030786342918873e-04 -9.999996423721313477e-01
8.371670246124267578e-01 -5.469467043876647949e-01 -8.885531569831073284e-04 -7.438676548190414906e-04 4.859913897234946489e-04 -9.999996423721313477e-01
9.693986773490905762e-01 -2.454857081174850464e-01 -1.706414157524704933e-03 -1.654198393225669861e-03 4.189010069239884615e-04 -9.999985694885253906e-01
9.693987369537353516e-01 -2.454857230186462402e-01 -1.720253610983490944e-03 -1.667614094913005829e-03 4.222983552608639002e-04 -9.999985098838806152e-01
9.965786337852478027e-01 8.257793635129928589e-02 -3.453477751463651657e-03 -3.441682783886790276e-03 -2.851827593985944986e-04 -9.999940395355224609e-01
9.965783953666687012e-01 8.257792145013809204e-02 -3.532747039571404457e-03 -3.520681289955973625e-03 -2.917287056334316730e-04 -9.999938011169433594e-01
9.157661199569702148e-01 4.016938805580139160e-01 -3.806571476161479950e-03 -3.485954366624355316e-03 -1.529087545350193977e-03 -9.999927878379821777e-01
9.157661199569702148e-01 4.016938805580139160e-01 -3.816144540905952454e-03 -3.494720906019210815e-03 -1.532932859845459461e-03 -9.999927282333374023e-01
7.357215881347656250e-01 6.772770881652832031e-01 -3.090631915256381035e-03 -2.273855498060584068e-03 -2.093224087730050087e-03 -9.999952316284179688e-01
7.357217073440551758e-01 6.772771477699279785e-01 -3.048441838473081589e-03 -2.242815215140581131e-03 -2.064649714156985283e-03 -9.999953508377075195e-01
4.759442806243896484e-01 8.794754147529602051e-01 8.244110358646139503e-05 3.923737313016317785e-05 7.250492490129545331e-05 -1.000000000000000000e+00
4.759442806243896484e-01 8.794754147529602051e-01 9.982349729398265481e-05 4.751042433781549335e-05 8.779230847721919417e-05 -1.000000000000000000e+00
1.081181243062019348e-01 9.941345453262329102e-01 2.646421780809760094e-03 2.861271495930850506e-04 2.630908507853746414e-03 -9.999965429306030273e-01
1.081181317567825317e-01 9.941346049308776855e-01 2.622266067191958427e-03 2.835154591593891382e-04 2.606894355267286301e-03 -9.999966025352478027e-01
-1.081184968352317810e-01 9.941380023956298828e-01 -1.816448784666135907e-04 1.963917202374432236e-05 -1.805800711736083031e-04 -1.000000000000000000e+00
-1.081184968352317810e-01 9.941380023956298828e-01 -1.795616844901815057e-04 1.941393929882906377e-05 -1.785091008059680462e-04 -1.000000000000000000e+00
-3.193020224571228027e-01 9.476529955863952637e-01 -8.471192268189042807e-05 2.704868893488310277e-05 -8.027751027839258313e-05 -1.000000000000000000e+00
-3.193020224571228027e-01 9.476529955863952637e-01 -1.048826379701495171e-04 3.348923928570002317e-05 -9.939234587363898754e-05 -1.000000000000000000e+00
-5.155532956123352051e-01 8.568574190139770508e-01 -5.176976555958390236e-04 2.669007517397403717e-04 -4.435931332409381866e-04 -9.999998807907104492e-01
-5.155532360076904297e-01 8.568573594093322754e-01 -5.673783016391098499e-04 2.925138105638325214e-04 -4.861624038312584162e-04 -9.999998807907104492e-01
-6.876994967460632324e-01 7.259950041770935059e-01 -8.472608169540762901e-04 5.826610140502452850e-04 -6.151073030196130276e-04 -9.999996423721313477e-01
-6.876994967460632324e-01 7.259950041770935059e-01 -8.535718079656362534e-04 5.870010936632752419e-04 -6.196890608407557011e-04 -9.999996423721313477e-01
-8.276886343955993652e-01 5.611875057220458984e-01 -2.941696147900074720e-04 2.434808848192915320e-04 -1.650843478273600340e-04 -1.000000000000000000e+00
-8.276886343955993652e-01 5.611875057220458984e-01 -2.797159831970930099e-04 2.315177698619663715e-04 -1.569731393828988075e-04 -1.000000000000000000e+00
-9.289767146110534668e-01 3.701376020908355713e-01 6.641060463152825832e-04 -6.169392727315425873e-04 2.458107192069292068e-04 -9.999998211860656738e-01
-9.289767742156982422e-01 3.701376318931579590e-01 6.248296704143285751e-04 -5.804523825645446777e-04 2.312730066478252411e-04 -9.999998211860656738e-01
-9.868263602256774902e-01 1.617821156978607178e-01 4.780726449098438025e-04 -4.717747506219893694e-04 7.734361133771017194e-05 -9.999998807907104492e-01
-9.868264198303222656e-01 1.617821156978607178e-01 3.605623205658048391e-04 -3.558124590199440718e-04 5.833254181197844446e-05 -9.999999403953552246e-01
-9.985240101814270020e-01 -5.413857102394104004e-02 -4.342897329479455948e-03 4.336528014391660690e-03 2.351204748265445232e-04 -9.999905824661254883e-01
-9.985231161117553711e-01 -5.413852259516716003e-02 -4.540604073554277420e-03 4.533945117145776749e-03 2.458241360727697611e-04 -9.999896883964538574e-01
-9.635382890701293945e-01 -2.675253152847290039e-01 -4.923316650092601776e-03 4.743861500173807144e-03 1.317127840593457222e-03 -9.999879002571105957e-01
-9.635375738143920898e-01 -2.675251066684722900e-01 -5.069735459983348846e-03 4.884943831712007523e-03 1.356299151666462421e-03 -9.999871850013732910e-01
-8.834756016731262207e-01 -4.683890342712402344e-01 -9.091141633689403534e-03 8.032133802771568298e-03 4.258366767317056656e-03 -9.999586939811706543e-01
-8.834743499755859375e-01 -4.683883488178253174e-01 -9.242766536772251129e-03 8.166097104549407959e-03 4.329389892518520355e-03 -9.999573230743408203e-01
-7.621213197708129883e-01 -6.473512053489685059e-01 -1.036742608994245529e-02 7.901661098003387451e-03 6.711726542562246323e-03 -9.999462366104125977e-01
-7.621212005615234375e-01 -6.473511457443237305e-01 -1.038351561874151230e-02 7.913923822343349457e-03 6.722142919898033142e-03 -9.999461174011230469e-01
-6.051502227783203125e-01 -7.960618734359741211e-01 -8.877526037395000458e-03 5.372448358684778214e-03 7.067338563501834869e-03 -9.999606013298034668e-01
-6.051504015922546387e-01 -7.960620522499084473e-01 -8.839447982609272003e-03 5.349405109882354736e-03 7.037025410681962967e-03 -9.999609589576721191e-01
-4.198794066905975342e-01 -9.075540900230407715e-01 -6.848393008112907410e-03 2.875566482543945312e-03 6.215432658791542053e-03 -9.999765753746032715e-01
-4.198795258998870850e-01 -9.075543880462646484e-01 -6.800866685807704926e-03 2.855610800907015800e-03 6.172298919409513474e-03 -9.999768733978271484e-01
-2.149656713008880615e-01 -9.765998721122741699e-01 -6.519021466374397278e-03 1.401395536959171295e-03 6.366610527038574219e-03 -9.999787807464599609e-01
-2.149657309055328369e-01 -9.766001701354980469e-01 -6.473583169281482697e-03 1.391627709381282330e-03 6.322234869003295898e-03 -9.999790787696838379e-01
-0.000000000000000000e+00 -2.736523747444152832e-03 -9.999962449073791504e-01 0.000000000000000000e+00 9.999962449073791504e-01 -2.736523747444152832e-03
-0.000000000000000000e+00 -2.557758707553148270e-03 -9.999967217445373535e-01 0.000000000000000000e+00 9.999967217445373535e-01 -2.557758707553148270e-03
2.149692177772521973e-01 -9.766160249710083008e-01 -3.078118199482560158e-03 -6.617037579417228699e-04 3.006153739988803864e-03 -9.999952912330627441e-01
2.149692177772521973e-01 -9.766160249710083008e-01 -3.063506679609417915e-03 -6.585628143511712551e-04 2.991884015500545502e-03 -9.999953508377075195e-01
4.198876023292541504e-01 -9.075717926025390625e-01 -2.817310625687241554e-03 -1.182958483695983887e-03 2.556921681389212608e-03 -9.999960660934448242e-01
4.198875725269317627e-01 -9.075717329978942871e-01 -2.827110700309276581e-03 -1.187073416076600552e-03 2.565816044807434082e-03 -9.999960064888000488e-01
6.051723361015319824e-01 -7.960905432701110840e-01 -2.504162257537245750e-03 -1.515454496257007122e-03 1.993546262383460999e-03 -9.999968409538269043e-01
6.051723957061767578e-01 -7.960906028747558594e-01 -2.470316365361213684e-03 -1.494971802458167076e-03 1.966601703315973282e-03 -9.999969601631164551e-01
7.621598839759826660e-01 -6.473844051361083984e-01 -2.389733213931322098e-03 -1.821364043280482292e-03 1.547080464661121368e-03 -9.999971389770507812e-01
7.621599435806274414e-01 -6.473844647407531738e-01 -2.380037214607000351e-03 -1.813974115066230297e-03 1.540803350508213043e-03 -9.999971985816955566e-01
8.835088014602661133e-01 -4.684070646762847900e-01 -2.668801695108413696e-03 -2.357918070629239082e-03 1.250089961104094982e-03 -9.999964833259582520e-01
8.835090398788452148e-01 -4.684071838855743408e-01 -2.564978785812854767e-03 -2.266189083456993103e-03 1.201458275318145752e-03 -9.999967217445373535e-01
9.635462760925292969e-01 -2.675271034240722656e-01 -2.800981514155864716e-03 -2.698886208236217499e-03 7.493414450436830521e-04 -9.999961256980895996e-01
9.635466337203979492e-01 -2.675271928310394287e-01 -2.672879956662654877e-03 -2.575453836470842361e-03 7.150706369429826736e-04 -9.999964237213134766e-01
9.985303878784179688e-01 -5.413891747593879700e-02 -2.466834615916013718e-03 -2.463216893374919891e-03 1.335521665168926120e-04 -9.999969601631164551e-01
9.985305070877075195e-01 -5.413892492651939392e-02 -2.422444056719541550e-03 -2.418891293928027153e-03 1.311489031650125980e-04 -9.999970793724060059e-01
9.868257641792297363e-01 1.617820262908935547e-01 1.241946825757622719e-03 1.225585932843387127e-03 2.009247837122529745e-04 -9.999992251396179199e-01
9.868257045745849609e-01 1.617820113897323608e-01 1.266708131879568100e-03 1.250021159648895264e-03 2.049307367997244000e-04 -9.999992251396179199e-01
9.289543032646179199e-01 3.701290786266326904e-01 6.955081131309270859e-03 6.461109500378370285e-03 2.574340440332889557e-03 -9.999758601188659668e-01
9.289537668228149414e-01 3.701288998126983643e-01 7.034120149910449982e-03 6.534534040838479996e-03 2.603595610707998276e-03 -9.999752640724182129e-01
8.276695609092712402e-01 5.611741542816162109e-01 6.838670931756496429e-03 5.660291761159896851e-03 3.837774973362684250e-03 -9.999766349792480469e-01
8.276700973510742188e-01 5.611745119094848633e-01 6.736172363162040710e-03 5.575454793870449066e-03 3.780254162847995758e-03 -9.999772906303405762e-01
6.876834034919738770e-01 7.259779572486877441e-01 6.894570309668779373e-03 4.741394426673650742e-03 5.005425773561000824e-03 -9.999762773513793945e-01
6.876834034919738770e-01 7.259779572486877441e-01 6.894643418490886688e-03 4.741444718092679977e-03 5.005478858947753906e-03 -9.999762773513793945e-01
5.155437588691711426e-01 8.568415641784667969e-01 6.108037196099758148e-03 3.149019088596105576e-03 5.233717616647481918e-03 -9.999813437461853027e-01
5.155439376831054688e-01 8.568418622016906738e-01 6.049782037734985352e-03 3.118985332548618317e-03 5.183801520615816116e-03 -9.999817013740539551e-01
3.192969262599945068e-01 9.476377964019775391e-01 5.670284852385520935e-03 1.810533343814313412e-03 5.373462568968534470e-03 -9.999839663505554199e-01
3.192969560623168945e-01 9.476379752159118652e-01 5.633012391626834869e-03 1.798632205463945866e-03 5.338141229003667831e-03 -9.999841451644897461e-01
-5.437156651169061661e-04 9.999998807907104492e-01 0.000000000000000000e+00 -9.999998807907104492e-01 -5.437156651169061661e-04 0.000000000000000000e+00
-5.325097008608281612e-04 9.999998807907104492e-01 0.000000000000000000e+00 -9.999998807907104492e-01 -5.325097008608281612e-04 0.000000000000000000e+00
-3.250232664868235588e-03 0.000000000000000000e+00 9.999947547912597656e-01 -9.999947547912597656e-01 0.000000000000000000e+00 -3.250232664868235588e-03
-3.162968438118696213e-03 0.000000000000000000e+00 9.999949932098388672e-01 -9.999949932098388672e-01 0.000000000000000000e+00 -3.162968438118696213e-03
1.650099060498178005e-03 -9.999986290931701660e-01 0.000000000000000000e+00 -9.999986290931701660e-01 -1.650099060498178005e-03 -0.000000000000000000e+00
1.321611460298299789e-03 -9.999991655349731445e-01 -0.000000000000000000e+00 -9.999991655349731445e-01 -1.321611460298299789e-03 0.000000000000000000e+00
9.692238527350127697e-04 -9.999995231628417969e-01 0.000000000000000000e+00 -9.999995231628417969e-01 -9.692238527350127697e-04 -0.000000000000000000e+00
1.795267104171216488e-03 -9.999983906745910645e-01 0.000000000000000000e+00 -9.999983906745910645e-01 -1.795267104171216488e-03 0.000000000000000000e+00
2.090114867314696312e-03 -9.999978542327880859e-01 0.000000000000000000e+00 -9.999978542327880859e-01 -2.090114867314696312e-03 0.000000000000000000e+00
2.185880206525325775e-03 -9.999976158142089844e-01 0.000000000000000000e+00 -9.999976158142089844e-01 -2.185880206525325775e-03 0.000000000000000000e+00
2.438532887026667595e-03 -9.999970197677612305e-01 0.000000000000000000e+00 -9.999970197677612305e-01 -2.438532887026667595e-03 0.000000000000000000e+00
2.481042174622416496e-03 -9.999969601631164551e-01 0.000000000000000000e+00 -9.999969601631164551e-01 -2.481042174622416496e-03 0.000000000000000000e+00
2.694415161386132240e-03 -9.999963641166687012e-01 0.000000000000000000e+00 -9.999963641166687012e-01 -2.694415161386132240e-03 0.000000000000000000e+00
2.687124302610754967e-03 -9.999964237213134766e-01 0.000000000000000000e+00 -9.999964237213134766e-01 -2.687124302610754967e-03 0.000000000000000000e+00
2.807583194226026535e-03 -9.999960660934448242e-01 0.000000000000000000e+00 -9.999960660934448242e-01 -2.807583194226026535e-03 0.000000000000000000e+00
2.765344688668847084e-03 -9.999961853027343750e-01 0.000000000000000000e+00 -9.999961853027343750e-01 -2.765344688668847084e-03 0.000000000000000000e+00
2.822662936523556709e-03 -9.999960064888000488e-01 0.000000000000000000e+00 -9.999960064888000488e-01 -2.822662936523556709e-03 0.000000000000000000e+00
2.809161785989999771e-03 -9.999960660934448242e-01 0.000000000000000000e+00 -9.999960660934448242e-01 -2.809161785989999771e-03 0.000000000000000000e+00
2.824637806043028831e-03 -9.999960064888000488e-01 0.000000000000000000e+00 -9.999960064888000488e-01 -2.824637806043028831e-03 0.000000000000000000e+00
6.036772974766790867e-04 -9.999998211860656738e-01 0.000000000000000000e+00 -9.999998211860656738e-01 -6.036772974766790867e-04 -0.000000000000000000e+00
2.491567574907094240e-04 -1.000000000000000000e+00 0.000000000000000000e+00 -1.000000000000000000e+00 -2.491567574907094240e-04 -0.000000000000000000e+00
-4.631178308045491576e-05 -1.000000000000000000e+00 -0.000000000000000000e+00 -1.000000000000000000e+00 4.631178308045491576e-05 0.000000000000000000e+00
-3.121313056908547878e-04 -9.999999403953552246e-01 -0.000000000000000000e+00 -9.999999403953552246e-01 3.121313056908547878e-04 0.000000000000000000e+00
-5.245791980996727943e-04 -9.999998807907104492e-01 -0.000000000000000000e+00 -9.999998807907104492e-01 5.245791980996727943e-04 0.000000000000000000e+00
-6.505277124233543873e-04 -9.999998211860656738e-01 -0.000000000000000000e+00 -9.999998211860656738e-01 6.505277124233543873e-04 0.000000000000000000e+00
-6.184326484799385071e-04 -9.999998211860656738e-01 -0.000000000000000000e+00 -9.999998211860656738e-01 6.184326484799385071e-04 0.000000000000000000e+00
-7.644874858669936657e-04 -9.999997019767761230e-01 0.000000000000000000e+00 -9.999997019767761230e-01 7.644874858669936657e-04 0.000000000000000000e+00
-7.418284076265990734e-04 -9.999997615814208984e-01 0.000000000000000000e+00 -9.999997615814208984e-01 7.418284076265990734e-04 0.000000000000000000e+00
-7.359957671724259853e-04 -9.999997615814208984e-01 -0.000000000000000000e+00 -9.999997615814208984e-01 7.359957671724259853e-04 0.000000000000000000e+00
-7.098577334545552731e-04 -9.999997615814208984e-01 0.000000000000000000e+00 -9.999997615814208984e-01 7.098577334545552731e-04 0.000000000000000000e+00
-6.848052726127207279e-04 -9.999997615814208984e-01 0.000000000000000000e+00 -9.999997615814208984e-01 6.848052726127207279e-04 0.000000000000000000e+00
-2.713715366553515196e-04 -1.000000000000000000e+00 0.000000000000000000e+00 -1.000000000000000000e+00 2.713715366553515196e-04 0.000000000000000000e+00
-2.598701044917106628e-03 -9.999966621398925781e-01 0.000000000000000000e+00 -9.999966621398925781e-01 2.598701044917106628e-03 0.000000000000000000e+00
-2.516831271350383759e-03 -9.999968409538269043e-01 -0.000000000000000000e+00 -9.999968409538269043e-01 2.516831271350383759e-03 0.000000000000000000e+00
-2.495038788765668869e-03 -9.999969005584716797e-01 -0.000000000000000000e+00 -9.999969005584716797e-01 2.495038788765668869e-03 0.000000000000000000e+00
-2.547325566411018372e-03 -9.999967813491821289e-01 0.000000000000000000e+00 -9.999967813491821289e-01 2.547325566411018372e-03 0.000000000000000000e+00
-2.535607432946562767e-03 -9.999967813491821289e-01 -0.000000000000000000e+00 -9.999967813491821289e-01 2.535607432946562767e-03 0.000000000000000000e+00
-2.534492174163460732e-03 -9.999967813491821289e-01 -0.000000000000000000e+00 -9.999967813491821289e-01 2.534492174163460732e-03 0.000000000000000000e+00
-2.529265359044075012e-03 -9.999968409538269043e-01 0.000000000000000000e+00 -9.999968409538269043e-01 2.529265359044075012e-03 0.000000000000000000e+00
-2.503777155652642250e-03 -9.999969005584716797e-01 -0.000000000000000000e+00 -9.999969005584716797e-01 2.503777155652642250e-03 0.000000000000000000e+00
-2.583849476650357246e-03 -9.999966621398925781e-01 0.000000000000000000e+00 -9.999966621398925781e-01 2.583849476650357246e-03 0.000000000000000000e+00
-2.714233007282018661e-03 -9.999963045120239258e-01 -0.000000000000000000e+00 -9.999963045120239258e-01 2.714233007282018661e-03 0.000000000000000000e+00
-2.858245978131890297e-03 -9.999959468841552734e-01 -0.000000000000000000e+00 -9.999959468841552734e-01 2.858245978131890297e-03 0.000000000000000000e+00
-2.974675968289375305e-03 -9.999955892562866211e-01 -0.000000000000000000e+00 -9.999955892562866211e-01 2.974675968289375305e-03 0.000000000000000000e+00
-3.039164701476693153e-03 -9.999954104423522949e-01 0.000000000000000000e+00 -9.999954104423522949e-01 3.039164701476693153e-03 0.000000000000000000e+00
-3.072955645620822906e-03 -9.999952912330627441e-01 0.000000000000000000e+00 -9.999952912330627441e-01 3.072955645620822906e-03 0.000000000000000000e+00
-3.110664896667003632e-03 -9.999951720237731934e-01 0.000000000000000000e+00 -9.999951720237731934e-01 3.110664896667003632e-03 0.000000000000000000e+00
-3.219430334866046906e-03 -9.999948143959045410e-01 0.000000000000000000e+00 -9.999948143959045410e-01 3.219430334866046906e-03 0.000000000000000000e+00
-3.177777165547013283e-03 -9.999949932098388672e-01 0.000000000000000000e+00 -9.999949932098388672e-01 3.177777165547013283e-03 0.000000000000000000e+00
-3.305427730083465576e-03 -9.999945759773254395e-01 0.000000000000000000e+00 -9.999945759773254395e-01 3.305427730083465576e-03 0.000000000000000000e+00
-3.271870547905564308e-03 -9.999946355819702148e-01 0.000000000000000000e+00 -9.999946355819702148e-01 3.271870547905564308e-03 0.000000000000000000e+00
-3.362044226378202438e-03 -9.999943375587463379e-01 0.000000000000000000e+00 -9.999943375587463379e-01 3.362044226378202438e-03 0.000000000000000000e+00
-3.325917758047580719e-03 -9.999944567680358887e-01 0.000000000000000000e+00 -9.999944567680358887e-01 3.325917758047580719e-03 0.000000000000000000e+00
-3.387908451259136200e-03 -9.999942779541015625e-01 0.000000000000000000e+00 -9.999942779541015625e-01 3.387908451259136200e-03 0.000000000000000000e+00
-3.356890054419636726e-03 -9.999943971633911133e-01 0.000000000000000000e+00 -9.999943971633911133e-01 3.356890054419636726e-03 0.000000000000000000e+00
-3.388404380530118942e-03 -9.999942779541015625e-01 0.000000000000000000e+00 -9.999942779541015625e-01 3.388404380530118942e-03 0.000000000000000000e+00
-3.372539300471544266e-03 -9.999943375587463379e-01 0.000000000000000000e+00 -9.999943375587463379e-01 3.372539300471544266e-03 0.000000000000000000e+00
-3.385564079508185387e-03 -9.999942779541015625e-01 0.000000000000000000e+00 -9.999942779541015625e-01 3.385564079508185387e-03 0.000000000000000000e+00
-3.379197558388113976e-03 -9.999942779541015625e-01 0.000000000000000000e+00 -9.999942779541015625e-01 3.379197558388113976e-03 0.000000000000000000e+00
-3.383924951776862144e-03 -9.999942779541015625e-01 0.000000000000000000e+00 -9.999942779541015625e-01 3.383924951776862144e-03 0.000000000000000000e+00
-0.000000000000000000e+00 -6.453498732298612595e-03 9.999791979789733887e-01 0.000000000000000000e+00 9.999791979789733887e-01 6.453498732298612595e-03
0.000000000000000000e+00 -6.452723406255245209e-03 9.999791979789733887e-01 0.000000000000000000e+00 9.999791979789733887e-01 6.452723406255245209e-03
9.970860481262207031e-01 7.628412544727325439e-02 -5.395565531216561794e-04 -5.379843642003834248e-04 -4.115960473427549005e-05 -9.999998807907104492e-01
9.970859885215759277e-01 7.628411799669265747e-02 -5.546041647903621197e-04 -5.529882037080824375e-04 -4.230749982525594532e-05 -9.999998807907104492e-01
9.738768339157104492e-01 2.270768731832504272e-01 -1.270341454073786736e-04 -1.237156102433800697e-04 -2.884651621570810676e-05 -1.000000000000000000e+00
9.738768339157104492e-01 2.270768731832504272e-01 -1.202344938064925373e-04 -1.170935865957289934e-04 -2.730247251747641712e-05 -1.000000000000000000e+00
9.279990792274475098e-01 3.725823462009429932e-01 3.621598298195749521e-04 3.360840200912207365e-04 1.349343656329438090e-04 -9.999999403953552246e-01
9.279990792274475098e-01 3.725823462009429932e-01 3.774063661694526672e-04 3.502327890601009130e-04 1.406149676768109202e-04 -9.999999403953552246e-01
8.605194091796875000e-01 5.094172954559326172e-01 5.822031525894999504e-04 5.009972956031560898e-04 2.965844469144940376e-04 -9.999998807907104492e-01
8.605194091796875000e-01 5.094172954559326172e-01 6.474404945038259029e-04 5.571352667175233364e-04 3.298174997325986624e-04 -9.999998211860656738e-01
7.730105519294738770e-01 6.343925595283508301e-01 8.805184043012559414e-04 6.806503515690565109e-04 5.585945909842848778e-04 -9.999996423721313477e-01
7.730105519294738770e-01 6.343925595283508301e-01 9.132439154200255871e-04 7.059474592097103596e-04 5.793553427793085575e-04 -9.999995827674865723e-01
6.675076484680175781e-01 7.446027994155883789e-01 5.254945717751979828e-04 3.507717337924987078e-04 3.912848478648811579e-04 -9.999998807907104492e-01
6.675076484680175781e-01 7.446027994155883789e-01 5.247719236649572849e-04 3.502893669065088034e-04 3.907467471435666084e-04 -9.999998807907104492e-01
5.464671850204467773e-01 8.374804258346557617e-01 -3.740098327398300171e-04 -2.043841232080012560e-04 -3.132259298581629992e-04 -9.999999403953552246e-01
5.464671850204467773e-01 8.374804258346557617e-01 -3.523059713188558817e-04 -1.925236720126122236e-04 -2.950493653770536184e-04 -9.999999403953552246e-01
4.127069711685180664e-01 9.108636379241943359e-01 -6.885459879413247108e-04 -2.841677342075854540e-04 -6.271715974435210228e-04 -9.999997615814208984e-01
4.127069413661956787e-01 9.108635783195495605e-01 -7.034589070826768875e-04 -2.903224376495927572e-04 -6.407552864402532578e-04 -9.999997615814208984e-01
2.693399786949157715e-01 9.630446434020996094e-01 -9.800820844247937202e-04 -2.639754093252122402e-04 -9.438632405363023281e-04 -9.999995231628417969e-01
2.693399786949157715e-01 9.630446434020996094e-01 -1.009864266961812973e-03 -2.719969488680362701e-04 -9.725447744131088257e-04 -9.999995231628417969e-01
1.197035014629364014e-01 9.928088188171386719e-01 -1.334836590103805065e-03 -1.597847731318324804e-04 -1.325238845311105251e-03 -9.999991655349731445e-01
1.197035089135169983e-01 9.928088784217834473e-01 -1.294577028602361679e-03 -1.549655426060780883e-04 -1.285268692299723625e-03 -9.999991655349731445e-01
-3.271905332803726196e-02 9.994634985923767090e-01 -1.492732088081538677e-03 4.884082954959012568e-05 -1.491932780481874943e-03 -9.999989271163940430e-01
-3.271905332803726196e-02 9.994634985923767090e-01 -1.472166273742914200e-03 4.816793443751521409e-05 -1.471378025598824024e-03 -9.999989271163940430e-01
-1.843798011541366577e-01 9.828529357910156250e-01 -2.075183205306529999e-03 3.826227039098739624e-04 -2.039604121819138527e-03 -9.999978542327880859e-01
-1.843798011541366577e-01 9.828529357910156250e-01 -2.068541711196303368e-03 3.813981602434068918e-04 -2.033076947554945946e-03 -9.999979138374328613e-01
-3.317486941814422607e-01 9.433647990226745605e-01 -2.403297228738665581e-03 7.972930325195193291e-04 -2.267192350700497627e-03 -9.999971389770507812e-01
-3.317487239837646484e-01 9.433648586273193359e-01 -2.359926467761397362e-03 7.829048554413020611e-04 -2.226278185844421387e-03 -9.999972581863403320e-01
-4.713953733444213867e-01 8.819188475608825684e-01 -2.377074444666504860e-03 1.120544970035552979e-03 -2.096392679959535599e-03 -9.999971985816955566e-01
-4.713953733444213867e-01 8.819188475608825684e-01 -2.366758184507489204e-03 1.115681952796876431e-03 -2.087294356897473335e-03 -9.999971985816955566e-01
-6.000696420669555664e-01 7.999445796012878418e-01 -2.251540543511509895e-03 1.351084676571190357e-03 -1.801112317480146885e-03 -9.999974966049194336e-01
-6.000696420669555664e-01 7.999445199966430664e-01 -2.310674637556076050e-03 1.386569230817258358e-03 -1.848416286520659924e-03 -9.999973773956298828e-01
-7.147759795188903809e-01 6.993497014045715332e-01 -2.311686752364039421e-03 1.652342616580426693e-03 -1.616681693121790886e-03 -9.999973177909851074e-01
-7.147760391235351562e-01 6.993497610092163086e-01 -2.259267726913094521e-03 1.614874578081071377e-03 -1.580022391863167286e-03 -9.999974370002746582e-01
-8.128448724746704102e-01 5.824763178825378418e-01 -2.147910650819540024e-03 1.745922025293111801e-03 -1.251109875738620758e-03 -9.999977350234985352e-01
-8.128449320793151855e-01 5.824763178825378418e-01 -2.112458227202296257e-03 1.717104692943394184e-03 -1.230459660291671753e-03 -9.999977946281433105e-01
-8.919935822486877441e-01 4.520449340343475342e-01 -1.682758913375437260e-03 1.501012244261801243e-03 -7.606837316416203976e-04 -9.999985694885253906e-01
-8.919936418533325195e-01 4.520449936389923096e-01 -1.664062961935997009e-03 1.484335516579449177e-03 -7.522322703152894974e-04 -9.999986290931701660e-01
-9.503794312477111816e-01 3.110909759998321533e-01 -1.175217679701745510e-03 1.116903615184128284e-03 -3.655999025795608759e-04 -9.999993443489074707e-01
-9.503794908523559570e-01 3.110909759998321533e-01 -1.151035656221210957e-03 1.093921368010342121e-03 -3.580770571716129780e-04 -9.999993443489074707e-01
-9.866431951522827148e-01 1.628954857587814331e-01 -5.301500204950571060e-04 5.230690003372728825e-04 -8.635905396658927202e-05 -9.999998807907104492e-01
-9.866432547569274902e-01 1.628954857587814331e-01 -3.941542236134409904e-04 3.888896317221224308e-04 -6.420595309464260936e-05 -9.999999403953552246e-01
-9.999405145645141602e-01 1.090808864682912827e-02 -2.360625076107680798e-04 2.360484650125727057e-04 -2.574990730863646604e-06 -1.000000000000000000e+00
-9.999405145645141602e-01 1.090808864682912827e-02 -1.508519053459167480e-04 1.508429268142208457e-04 -1.645505903979938012e-06 -1.000000000000000000e+00
-9.899621009826660156e-01 -1.413332223892211914e-01 2.886628499254584312e-04 -2.857652725651860237e-04 -4.079765130882151425e-05 -1.000000000000000000e+00
-9.899620413780212402e-01 -1.413332074880599976e-01 2.993333328049629927e-04 -2.963286824524402618e-04 -4.230574631947092712e-05 -1.000000000000000000e+00
-9.569356441497802734e-01 -2.902831137180328369e-01 3.159362357109785080e-03 -3.023321740329265594e-03 -9.171142010018229485e-04 -9.999950528144836426e-01
-9.569355845451354980e-01 -2.902831137180328369e-01 3.187488531693816185e-03 -3.050236497074365616e-03 -9.252787567675113678e-04 -9.999949336051940918e-01
-9.016370773315429688e-01 -4.324758648872375488e-01 3.904819721356034279e-03 -3.520756959915161133e-03 -1.688753254711627960e-03 -9.999923706054687500e-01
-9.016371369361877441e-01 -4.324759244918823242e-01 3.889231476932764053e-03 -3.506701905280351639e-03 -1.682011643424630165e-03 -9.999924898147583008e-01
-8.253531455993652344e-01 -5.646027326583862305e-01 3.998219035565853119e-03 -3.299969015643000603e-03 -2.257423475384712219e-03 -9.999920129776000977e-01
-8.253532648086547852e-01 -5.646027922630310059e-01 3.965934272855520248e-03 -3.273322479799389839e-03 -2.239195397123694420e-03 -9.999921321868896484e-01
-7.298584580421447754e-01 -6.835867166519165039e-01 3.989089280366897583e-03 -2.911493647843599319e-03 -2.726910170167684555e-03 -9.999920725822448730e-01
-7.298583388328552246e-01 -6.835866570472717285e-01 4.015711136162281036e-03 -2.930924063548445702e-03 -2.745108678936958313e-03 -9.999919533729553223e-01
-6.173722743988037109e-01 -7.866569757461547852e-01 4.733044654130935669e-03 -2.922083251178264618e-03 -3.723324276506900787e-03 -9.999887943267822266e-01
-6.173722743988037109e-01 -7.866569757461547852e-01 4.737091250717639923e-03 -2.924581523984670639e-03 -3.726507769897580147e-03 -9.999887943267822266e-01
-4.905180931091308594e-01 -8.714171051979064941e-01 4.918687976896762848e-03 -2.412734553217887878e-03 -4.286280833184719086e-03 -9.999879002571105957e-01
-4.905180931091308594e-01 -8.714171051979064941e-01 4.922866355627775192e-03 -2.414784161373972893e-03 -4.289921838790178299e-03 -9.999879002571105957e-01
3.193229204043745995e-03 -0.000000000000000000e+00 -9.999949336051940918e-01 -9.999949336051940918e-01 0.000000000000000000e+00 -3.193229204043745995e-03
2.522082766517996788e-03 -0.000000000000000000e+00 -9.999968409538269043e-01 -9.999968409538269043e-01 0.000000000000000000e+00 -2.522082766517996788e-03
0.000000000000000000e+00 -8.309500291943550110e-03 -9.999654889106750488e-01 0.000000000000000000e+00 9.999654889106750488e-01 -8.309500291943550110e-03
0.000000000000000000e+00 -8.315208368003368378e-03 -9.999654293060302734e-01 0.000000000000000000e+00 9.999654293060302734e-01 -8.315208368003368378e-03
1.304270001128315926e-03 0.000000000000000000e+00 -9.999991655349731445e-01 -9.999991655349731445e-01 0.000000000000000000e+00 -1.304270001128315926e-03
1.687161973677575588e-03 0.000000000000000000e+00 -9.999985694885253906e-01 -9.999985694885253906e-01 0.000000000000000000e+00 -1.687161973677575588e-03
