v 0.00732943 0.0720177 0.00619817
v 0.0105258 0.0907181 -0.000651141
v 0.0299108 0.0875115 0.000527161
v 0.0267691 0.0688568 0.0071909
v 0.0493805 0.0842074 0.00151938
v -0.0120754 0.0750669 0.00510007
v -0.0152478 0.0560489 0.0111555
v 0.0138787 0.109257 -0.0081242
v 0.0688913 0.0808366 0.0025518
v 0.0462502 0.0656863 0.00812228
v -0.00886201 0.0938605 -0.00184385
v 0.00418154 0.0530612 0.0121402
v -0.00552584 0.112483 -0.00951075
v 0.0721447 0.0990561 -0.004426
v 0.065774 0.0624212 0.00902445
v 0.0332723 0.105871 -0.00704681
v 0.0526682 0.10236 -0.00593085
v -0.0282498 0.0968262 -0.00324738
v -0.0314161 0.0779477 0.00386701
v -0.0506629 0.0805439 0.00227896
v 0.023651 0.0500215 0.0130605
v 0.00102902 0.0339763 0.0172832
v -0.0184615 0.0369634 0.0163891
v -0.0345895 0.0588933 0.0100334
v -0.00213984 0.131123 -0.0173148
v 0.0757505 0.116779 -0.0123428
v -0.0698369 0.0830965 0.000615745
v 0.0431652 0.0468806 0.0139297
v 0.0205812 0.0309781 0.0181281
v -0.0571607 0.0424559 0.0143881
v -0.0730556 0.0641534 0.00741414
v -0.0538203 0.0615206 0.00871718
v 0.00152086 0.149862 -0.0249893
v -0.0249242 0.115494 -0.0109991
v 0.0883809 0.0780111 0.00505694
v -0.0764209 0.0451148 0.013201
v -0.0378212 0.03975 0.0154445
v 0.036817 0.124137 -0.0149968
v 0.0174244 0.127742 -0.0160298
v -0.021581 0.134225 -0.0188677
v -0.0475108 0.0994532 -0.00495006
v 0.0915384 0.096499 -0.00130229
v 0.095125 0.114544 -0.00876639
v 0.0853019 0.0594927 0.0111127
v 0.0627342 0.0437704 0.014758
v 0.0401713 0.027977 0.0189028
v -0.0215687 0.0176595 0.0206528
v -0.0410702 0.0205323 0.0198612
v -0.0146251 0.172076 -0.0345785
v -0.0181547 0.153114 -0.026748
v -0.0667103 0.101968 -0.00707245
v 0.0797951 0.133757 -0.0213706
v 0.0823729 0.0407732 0.0162523
v -0.0888465 0.0855954 -0.000504126
v -0.0019771 0.0147197 0.021366
v 0.059775 0.0249973 0.0196334
v -0.0604652 0.0232317 0.0189806
v 0.0562542 0.12011 -0.014213
v 0.0211466 0.146065 -0.0240246
v 0.00529689 0.168432 -0.0327873
v 0.110655 0.0946971 0.003581
v 0.0993882 0.131184 -0.0182634
v 0.0176052 0.0117696 0.0220221
v -0.0637191 0.00392556 0.0224496
v -0.0831892 0.00663329 0.0217476
v -0.0798196 0.0259541 0.0181722
v 0.0406881 0.141892 -0.0233476
v -0.0410512 0.136998 -0.0213004
v -0.0443249 0.118249 -0.0129841
v -0.0635458 0.120688 -0.0155332
v 0.114411 0.112739 -0.00449366
v 0.060223 0.137332 -0.0230103
v 0.104685 0.0570297 0.0148995
v 0.107548 0.0759424 0.00965071
v -0.0955573 0.0477502 0.0130532
v -0.0921194 0.0666748 0.00668344
v -0.110936 0.0693528 0.00744218
v -0.044168 0.0011567 0.0232123
v -0.0856715 0.104387 -0.00861973
v 0.0794996 0.0219185 0.0206525
v 0.101971 0.0380507 0.0191833
v -0.0049782 -0.00451668 0.0243944
v -0.0246137 -0.00162302 0.0238017
v 0.0372657 0.00880211 0.0226511
v 0.0569656 0.00582064 0.0232812
v -0.106092 -0.0101132 0.0238232
v -0.0991074 0.028593 0.0178713
v 0.0250984 0.164024 -0.0322589
v 0.129886 0.0922379 0.00676041
v 0.119179 0.128221 -0.0156845
v -0.114554 0.0504243 0.0135598
v 0.0766914 0.00283976 0.0239246
v -0.086472 -0.0127759 0.024248
v -0.12217 0.0118966 0.0212394
v -0.102629 0.0092844 0.0214338
v -0.118351 0.0312722 0.0181778
v -0.0607254 0.139124 -0.0247937
v 0.0992602 0.0189927 0.0226717
v 0.124147 0.0544208 0.0184087
v 0.126739 0.0733598 0.0133098
v -0.107551 0.0881096 3.40721e-06
v 0.0146892 -0.0074821 0.0249489
v -0.0668715 -0.0155029 0.0247674
v -0.0472618 -0.0182534 0.0253486
v -0.125727 -0.00751742 0.0234005
v 0.0448593 0.15894 -0.0323353
v -0.0378263 0.155846 -0.0296141
v -0.0828902 0.122753 -0.0180376
v 0.0643932 0.153662 -0.0327125
v 0.0965437 -0.000203881 0.0251331
v 0.121654 0.0352842 0.0219494
v -0.13353 0.0530128 0.0139521
v -0.12962 0.0718727 0.00830433
v -0.126171 0.0904218 0.000789553
v -0.104558 0.106612 -0.00867129
v -0.0276443 -0.0210564 0.0258981
v 0.0343927 -0.0104423 0.0253592
v 0.0540918 -0.0134053 0.0257284
v -0.0896605 -0.0321878 0.0256695
v -0.0354714 0.173948 -0.038537
v 0.00914223 0.18424 -0.0439045
v 0.133959 0.10973 -0.00292948
v -0.102579 0.124276 -0.0181764
v -0.00796231 -0.0239301 0.0263284
v 0.0937388 -0.0194568 0.0267995
v -0.070013 -0.0349253 0.0262139
v -0.10937 -0.0295273 0.0251661
v -0.129129 -0.0269411 0.0243022
v -0.0579117 0.1574 -0.0335642
v 0.148444 0.0878347 0.00631938
v 0.119104 0.0160172 0.0243548
v -0.137627 0.0338688 0.0181038
v 0.0117385 -0.0268228 0.026719
v 0.0314538 -0.0297349 0.0270829
v 0.0739062 -0.0164193 0.0262206
v -0.0503384 -0.0376805 0.0266529
v -0.0730718 -0.054356 0.0267213
v -0.145433 -0.00491726 0.0221083
v 0.0293848 0.177473 -0.0446703
v -0.081122 0.140418 -0.028037
v 0.145992 0.0699154 0.0140189
v -0.124142 0.108369 -0.00810482
v -0.0306679 -0.0404579 0.027123
v 0.0512149 -0.0326978 0.0273951
v 0.0908315 -0.0387233 0.0277752
v 0.0710219 -0.0357085 0.0276275
v -0.0533963 -0.0571168 0.0272141
v -0.141597 0.0144839 0.0208439
v -0.148855 -0.024337 0.0219861
v 0.154561 0.102597 -0.00557598
v 0.11646 -0.00332127 0.0259745
v 0.141504 0.0322071 0.0226739
v 0.143787 0.0512928 0.0193407
v -0.147887 0.0733538 0.00704492
v -0.144356 0.0915412 -9.81071e-05
v -0.0109682 -0.043331 0.0274576
v -0.0927846 -0.0516346 0.0262584
v -0.112542 -0.0489474 0.0255581
v -0.152097 -0.0438001 0.0212652
v -0.152396 0.0551771 0.0121039
v 0.00874026 -0.0462068 0.0277547
v 0.0680228 -0.055008 0.0282806
v -0.0337028 -0.0598798 0.0277526
v -0.0140153 -0.0626891 0.028114
v -0.0564257 -0.0765287 0.0273722
v -0.0367129 -0.0792862 0.0278371
v -0.039721 -0.0986906 0.0276855
v -0.0957672 -0.0710682 0.0260582
v -0.132387 -0.0463438 0.0243438
v -0.164878 -0.00209101 0.0186645
v -0.161095 0.0172457 0.0180012
v -0.16832 -0.0215798 0.0184817
v -0.171567 -0.041087 0.0176553
v -0.160375 0.0893847 -0.00298396
v -0.105212 0.138965 -0.0287075
v 0.166097 0.0803737 0.00294509
v 0.113659 -0.0227534 0.0269556
v -0.156818 0.0362671 0.0158442
v 0.0284414 -0.0490494 0.0280457
v 0.0253716 -0.0683632 0.0285465
v 0.0482372 -0.0520253 0.0282552
v 0.0450827 -0.0713085 0.0285609
v 0.00566185 -0.0654861 0.028445
v -0.0760936 -0.0737971 0.0267183
v -0.0593914 -0.0959576 0.0270418
v -0.0170461 -0.0820707 0.0281449
v -0.0200409 -0.101467 0.0280388
v 0.00262019 -0.0848555 0.0284508
v -0.115527 -0.0683737 0.0251761
v 0.0113229 0.182165 -0.0604971
v 0.164167 0.0658994 0.0107837
v -0.125312 0.124174 -0.0180344
v -0.145453 0.108275 -0.0100095
v 0.087519 -0.0583258 0.0280627
v -0.0790272 -0.093232 0.0263461
v -0.000480913 -0.104209 0.0284637
v -0.135303 -0.0657688 0.023296
v -0.154945 -0.0631786 0.0197161
v 0.0365479 0.177277 -0.0548828
v 0.139076 0.0128082 0.0245576
v -0.165843 0.0742023 0.00214827
v 0.0840141 -0.0779599 0.0278041
v 0.110244 -0.0425328 0.027038
v 0.0647195 -0.0743049 0.0285273
v -0.0426208 -0.11814 0.0272587
v -0.0454919 -0.137627 0.0266921
v 0.0221995 -0.0876958 0.0285882
v -0.12087 -0.107292 0.0225756
v -0.190995 -0.0380123 0.014444
v -0.187562 -0.0184098 0.0143166
v -0.174743 -0.0606863 0.0166201
v -0.038879 0.178522 -0.0565521
v -0.0120061 0.177318 -0.0656282
v 0.136164 -0.00698157 0.0252193
v -0.171061 0.0570583 0.00699266
v 0.0418397 -0.0906587 0.0284817
v -0.0230962 -0.120845 0.0278375
v -0.062188 -0.115407 0.0264213
v -0.0986511 -0.0904995 0.0254675
v -0.00362618 -0.123581 0.0281269
v -0.118295 -0.0878179 0.0240995
v -0.137969 -0.0851833 0.0217046
v -0.194314 -0.0577168 0.0143562
v 0.0416072 -0.210371 0.0281577
v 0.0918356 -0.140532 0.0207992
v 0.132892 -0.0267962 0.0248885
v 0.10672 -0.062231 0.0265553
v 0.0386008 -0.110005 0.0281713
v 0.0613308 -0.0936908 0.0281375
v -0.0649707 -0.134895 0.0256396
v 0.0190535 -0.107071 0.0284107
v 0.0158627 -0.126405 0.0281194
v -0.123207 -0.126753 0.0205191
v -0.18408 0.00116282 0.0140867
v -0.180114 0.0203739 0.0126604
v -0.157539 -0.0825238 0.0178277
v 0.166292 -0.0538714 0.0123343
v 0.035381 0.164564 -0.0683939
v 0.0148902 0.165776 -0.0715245
v -0.175824 0.0391023 0.0104742
v -0.0260595 -0.140319 0.0273666
v -0.0483355 -0.157152 0.026176
v -0.101276 -0.109977 0.0243507
v -0.0817374 -0.112685 0.0254315
v -0.0843396 -0.132168 0.0242472
v -0.00672556 -0.143005 0.0278452
v -0.00973542 -0.162478 0.0276336
v -0.103877 -0.129454 0.0230651
v -0.140326 -0.10462 0.0193125
v -0.159803 -0.101962 0.0158303
v -0.0750328 0.0927812 -0.0966096
v -0.0566308 0.167295 -0.060279
v -0.00289774 0.160346 -0.0751265
v -0.0204475 0.150827 -0.0790954
v -0.0302247 0.166442 -0.0701389
v 0.0805165 -0.0974931 0.0269695
v 0.0579055 -0.113309 0.0274404
v -0.0511627 -0.176699 0.0256901
v -0.0290279 -0.159807 0.026944
v -0.0676977 -0.15442 0.0248429
v 0.0126517 -0.145774 0.0278001
v -0.142573 -0.124058 0.0170021
v -0.106339 -0.148944 0.0212266
v -0.212993 -0.0545262 0.00916525
v -0.177671 -0.079957 0.0160135
v -0.19774 -0.0774487 0.0148807
v 0.155451 -0.0109758 0.0214851
v -0.187746 0.0609545 -0.0033552
v -0.181203 0.0786438 -0.00886604
v -0.070421 -0.173978 0.0240886
v -0.0870213 -0.151684 0.0232976
v -0.0896824 -0.171245 0.0223366
v 0.0352242 -0.129403 0.0277195
v 0.031919 -0.148842 0.0272737
v 0.00952145 -0.165187 0.0276474
v 0.0063801 -0.184696 0.0278273
v -0.205923 -0.0148352 0.00757075
v -0.209513 -0.0345991 0.00843613
v 0.0314608 0.128977 -0.0861886
v -0.0737399 0.156131 -0.0635212
v 0.103102 -0.0818468 0.0255274
v 0.0994148 -0.101402 0.0240106
v 0.129284 -0.0464834 0.0239022
v 0.151731 -0.0306547 0.0198299
v -0.192834 0.0428421 0.000856956
v 0.0544214 -0.132752 0.0267919
v 0.0769573 -0.117041 0.0259365
v -0.0127153 -0.181978 0.0275385
v -0.0319185 -0.179367 0.0268674
v 0.0285843 -0.1683 0.0269716
v -0.125566 -0.146245 0.0184988
v -0.216561 -0.0746149 0.0104066
v 0.0225333 -0.207277 0.0286462
v -0.0906605 0.144909 -0.0665465
v 0.00611314 0.142397 -0.0824156
v -0.0433776 0.114512 -0.0916727
v -0.0270299 0.124592 -0.0886556
v -0.0107026 0.134669 -0.0856323
v -0.0372626 0.14048 -0.0821201
v 0.0509201 -0.152247 0.0260503
v 0.0733212 -0.136597 0.0246803
v 0.0253939 -0.187819 0.0272814
v -0.03476 -0.198947 0.0272881
v -0.0155124 -0.201526 0.0283882
v -0.144795 -0.143708 0.0158977
v -0.108841 -0.168507 0.019867
v -0.201996 0.00471724 0.00614553
v -0.200058 -0.0967179 0.0180647
v 0.00357061 -0.204255 0.0289278
v -0.107514 0.134305 -0.069735
v 0.0397966 0.147486 -0.077368
v 0.0229221 0.146585 -0.0797621
v -0.053728 0.129719 -0.0848858
v -0.0642546 0.144095 -0.0761115
v -0.047625 0.155309 -0.0734935
v -0.0808587 0.132894 -0.0787088
v 0.125472 -0.0660687 0.0222728
v 0.12158 -0.0856129 0.0204677
v -0.197699 0.0239758 0.00395324
v -0.0539771 -0.196295 0.0260065
v -0.127988 -0.165817 0.0173533
v -0.219776 -0.0947229 0.0134007
v -0.179683 -0.0996178 0.0164361
v 0.0662614 -0.175519 0.0231962
v 0.0141816 0.124775 -0.0887042
v -0.070033 0.118729 -0.0875175
v -0.0973596 0.121767 -0.081381
v 0.170553 -0.0344465 0.0150081
v 0.0956323 -0.120953 0.0224131
v 0.147686 -0.0501231 0.0177068
v 0.047555 -0.171764 0.0257349
v -0.073217 -0.193575 0.0242202
v -0.0924343 -0.190853 0.0222724
v 0.0443221 -0.191153 0.0260971
v -0.224926 -0.0316849 -0.00333544
v -0.228578 -0.0516623 -0.00227464
v -0.161954 -0.12175 0.0155536
v 0.0697666 -0.156089 0.0235814
v -0.00184245 0.118097 -0.0913427
v -0.059292 0.103643 -0.0941747
v -0.0177174 0.108598 -0.094266
v -0.0862397 0.107711 -0.0900176
v 0.143464 -0.0695238 0.0152829
v 0.037378815625 -0.241916171875 -0.1478835625
v 0.036859171875 -0.217986640625 -0.140816234375
v 0.012883915625 -0.26633359375 -0.1545495
v 0.0622832765625 -0.241744421875 -0.146356671875
v 0.0363815453125 -0.19403103125 -0.13401896875
v 0.0379268671875 -0.26614065625 -0.153994484375
v 0.061632046875 -0.2177805 -0.13930946875
v 0.0119719390625 -0.21822778125 -0.141233421875
v 0.0123988078125 -0.242153125 -0.14826396875
v 0.0862718765625 -0.217657609375 -0.136729015625
v 0.0610729625 -0.193804 -0.132539796875
v 0.0115855015625 -0.194273703125 -0.134484046875
v 0.013437584375 -0.290841046875 -0.159593140625
v 0.0870388140625 -0.24165140625 -0.143679578125
v 0.03851883125 -0.290687453125 -0.15874334375
v 0.06292848125 -0.266000234375 -0.15240084375
v -0.0121633875 -0.266583421875 -0.154216953125
v -0.0126075265625 -0.242416265625 -0.147782375
v -0.011642834375 -0.291065 -0.159444265625
v 0.0856318609375 -0.193643859375 -0.1300664375
v -0.012976515625 -0.218463265625 -0.140719453125
v 0.036111940625 -0.169752546875 -0.1290380625
v 0.0607627453125 -0.169503109375 -0.12762240625
v -0.0366843125 -0.29129425 -0.15864
v 0.087788446875 -0.265929875 -0.1496998125
v 0.06356108125 -0.290595109375 -0.15697346875
v -0.0371780875 -0.26687625 -0.15306275
v 0.1099958625 -0.19352784375 -0.126523484375
v 0.110717103125 -0.217620734375 -0.133022921875
v -0.0376041 -0.242648875 -0.14666
v -0.0410157625 -0.221638875 -0.140067
v 0.060628728125 -0.144900203125 -0.1244983125
v 0.0113616640625 -0.170051578125 -0.129450734375
v 0.0139993296875 -0.315633171875 -0.162943828125
v 0.1124741125 -0.265945046875 -0.14573021875
v 0.111599690625 -0.24165165625 -0.139867375
v -0.013286496875 -0.194483453125 -0.13397321875
v -0.03823986875 -0.1945749375 -0.132546609375
v 0.085295975 -0.169289734375 -0.12523078125
v 0.0359880921875 -0.145160296875 -0.12586684375
v 0.060522215625 -0.1201602 -0.1222148125
v 0.01125490625 -0.1455500625 -0.126225359375
v 0.0885094046875 -0.290533015625 -0.1541994375
v -0.03613575 -0.3160215 -0.16274175
v -0.0110777765625 -0.315816296875 -0.16313496875
v 0.109655595312 -0.16907834375 -0.121853828125
v 0.0358982046875 -0.120469223437 -0.12344284375
v -0.01351625625 -0.1703024375 -0.128916578125
v 0.0390908078125 -0.315505328125 -0.1618581875
v 0.0603919578125 -0.0954010296875 -0.120037140625
v 0.0357819234375 -0.0957488125 -0.12124365625
v -0.0136401171875 -0.1460328125 -0.125709984375
v -0.0385417890625 -0.17032534375 -0.127479953125
v 0.0641599984375 -0.315427125 -0.1599439375
v 0.113346117187 -0.29049234375 -0.150192046875
v -0.0355572625 -0.34094725 -0.165038625
v 0.136992921875 -0.265885 -0.140553546875
v 0.134807359375 -0.217568953125 -0.127986390625
v 0.134026125 -0.19336096875 -0.121760484375
v -0.0598208625 -0.21572 -0.136525
v 0.0112420703125 -0.12094773125 -0.123818046875
v 0.035618178125 -0.0710417421875 -0.119010625
v 0.0849467421875 -0.095086165625 -0.11798084375
v 0.0850756890625 -0.1198658375 -0.12007271875
v -0.0135110421875 -0.121531790625 -0.12334615625
v 0.08917918125 -0.31533928125 -0.157039390625
v 0.01453702125 -0.340572828125 -0.16464290625
v 0.135879953125 -0.241638359375 -0.13468109375
v 0.15753709375 -0.193130015625 -0.1152208125
v -0.0632487875 -0.19463875 -0.13031175
v 0.133764109375 -0.168804046875 -0.1174228125
v 0.085177234375 -0.144636828125 -0.122230203125
v 0.109566865625 -0.144343453125 -0.11902625
v 0.06017345 -0.0706284609375 -0.117861015625
v -0.013418903125 -0.0969024484375 -0.12124428125
v -0.0379774 -0.097572475 -0.12018075
v -0.063686 -0.170029375 -0.125159875
v 0.0646920796875 -0.34034425 -0.161352125
v 0.0396168046875 -0.34044484375 -0.163413296875
v 0.0150401498437 -0.365539 -0.16493421875
v -0.0105160490625 -0.340742265625 -0.1651441875
v 0.158315390625 -0.21739340625 -0.12112165625
v 0.0597184265625 -0.04581735625 -0.115645515625
v 0.0111793 -0.096268809375 -0.121650109375
v 0.035248209375 -0.0462906 -0.1167464375
v 0.08470211875 -0.070292475 -0.115876921875
v -0.0384263125 -0.122041375 -0.122177625
v -0.0377131375 -0.0728738625 -0.118125625
v -0.0418595125 -0.143167 -0.12370675
v 0.0896832953125 -0.340247609375 -0.158341828125
v 0.0154297401562 -0.390466828125 -0.164374046875
v -0.01303410125 -0.36886825 -0.165826125
v 0.137985484375 -0.290411453125 -0.144973828125
v 0.1094377875 -0.094768171875 -0.1150255
v 0.10953455 -0.119549184375 -0.116992265625
v 0.08364645 -0.020591043125 -0.11164825
v -0.0133778421875 -0.0722022015625 -0.119083828125
v 0.0347616332812 -0.0215218945313 -0.114551890625
v 0.0108359328125 -0.0468847 -0.11719284375
v 0.011069928125 -0.0715755859375 -0.119448546875
v 0.10878701875 -0.045150140625 -0.110976734375
v 0.0842120859375 -0.0454489625 -0.11378425
v -0.037727575 -0.04809535 -0.116109375
v -0.00952690375 -0.390678375 -0.165361
v 0.0400712265625 -0.36540065625 -0.163540625
v 0.161000609375 -0.265787828125 -0.133589984375
v 0.18034425 -0.193044640625 -0.106561076562
v 0.13380090625 -0.144074234375 -0.114713046875
v 0.109208617187 -0.0699750046875 -0.113013203125
v 0.082969909375 0.004296881875 -0.1094603125
v 0.0585065125 0.00383486875 -0.111146359375
v 0.0591753375 -0.020991409375 -0.113438453125
v -0.0134737140625 -0.0475067609375 -0.116880125
v -0.0606511125 -0.148249625 -0.122398125
v 0.1140592875 -0.315265171875 -0.152976015625
v 0.0650544921875 -0.36529446875 -0.161309046875
v 0.162160921875 -0.29035140625 -0.138095
v 0.180941375 -0.2173155 -0.111964878125
v 0.159600484375 -0.24152746875 -0.127640375
v 0.157519390625 -0.168582984375 -0.11131403125
v 0.13386275 -0.0945727140625 -0.11078771875
v 0.133868453125 -0.11932104375 -0.11272778125
v 0.13367721875 -0.0698058421875 -0.108791421875
v 0.03406605625 0.0031754015625 -0.11220978125
v 0.010411554375 -0.0222255604687 -0.114949109375
v 0.10743283125 0.004573034375 -0.106728984375
v 0.114530201562 -0.34016759375 -0.15427878125
v 0.0899502109375 -0.365194078125 -0.158178671875
v 0.01273362875 -0.418518875 -0.164152
v 0.138725953125 -0.315195703125 -0.147810515625
v 0.15777715625 -0.1439139375 -0.108783245312
v 0.1581005 -0.0945102609375 -0.104940723437
v 0.1580304375 -0.119216535937 -0.10688469375
v 0.0819689421875 0.0292424178125 -0.1069499375
v 0.03300380375 0.0278725414062 -0.109625109375
v -0.0139369979687 -0.0229305398281 -0.114763734375
v 0.1332654375 -0.044994403125 -0.106842292188
v 0.108170107813 -0.0203007234375 -0.108880453125
v 0.1065445625 0.02944813125 -0.104376248437
v -0.03602485 -0.00227629925 -0.112431125
v -0.038163925 -0.023447326125 -0.114112
v 0.114710892187 -0.365109375 -0.154053140625
v 0.040394540625 -0.390329359375 -0.162852859375
v -0.00602583625 -0.41248075 -0.164890625
v 0.201951984375 -0.217541015625 -0.0998007859375
v 0.18246946875 -0.241483390625 -0.1183916875
v 0.1807140625 -0.168532828125 -0.10311419375
v 0.05746528125 0.0287155109375 -0.108548015625
v 0.009641146875 0.002287441875 -0.112715484375
v 0.0085414490625 0.0266922114062 -0.11021671875
v -0.018055425 0.004192256375 -0.112418375
v 0.13265059375 -0.0201751310937 -0.104808564063
v 0.139141234375 -0.340112171875 -0.149013828125
v 0.0900902 -0.39011246875 -0.15728378125
v 0.0652865625 -0.390221375 -0.160501421875
v 0.162911828125 -0.3151815625 -0.1408819375
v 0.201708484375 -0.1933263125 -0.0947676953125
v 0.184127421875 -0.265781453125 -0.12442846875
v 0.181815640625 -0.11931034375 -0.0989380328125
v 0.157398453125 -0.0450154625 -0.1007233125
v 0.15790025 -0.0697868015625 -0.102840782813
v 0.0315881651563 0.0526445390625 -0.10628096875
v 0.00389624375 0.053783475 -0.106748
v -0.0159695125 0.0254156825 -0.110473375
v 0.13195490625 0.0046342134375 -0.102661203125
v 0.105094417188 0.0542343625 -0.101016771875
v 0.139239 -0.365048109375 -0.14876690625
v 0.040694303125 -0.415236015625 -0.16245628125
v 0.04109725 -0.440111375 -0.1631135
v 0.0192785 -0.437137125 -0.164509625
v 0.18549678125 -0.290382171875 -0.129167875
v 0.203765546875 -0.14439059375 -0.0897057
v 0.20263375 -0.16888959375 -0.0918192203125
v 0.181370984375 -0.14393978125 -0.100899148438
v 0.181796484375 -0.09465410625 -0.096781221875
v 0.129606328125 0.05397039375 -0.0967224453125
v -0.01415633875 0.046364825 -0.107777875
v 0.139165125 -0.3899490625 -0.147785265625
v 0.11475204375 -0.390017109375 -0.153151609375
v 0.090300246875 -0.41500503125 -0.156851296875
v 0.203781515625 -0.241680109375 -0.106368704688
v 0.205850859375 -0.265957484375 -0.112821595312
v 0.156026515625 0.0045119415625 -0.0962018109375
v 0.156764875 -0.0202436584375 -0.09852755
v 0.080517925 0.0541644546875 -0.10360884375
v 0.0560210078125 0.05361859375 -0.105195859375
v 0.02636675125 0.0802277 -0.1012512875
v 0.131029078125 0.0293996595313 -0.100143401563
v 0.114911629688 -0.414896515625 -0.152649671875
v 0.0655322328125 -0.41512446875 -0.1600429375
v 0.1632840625 -0.340122734375 -0.142066078125
v 0.186418078125 -0.315240171875 -0.13219378125
v 0.16314896875 -0.389936796875 -0.140907453125
v 0.0659498625 -0.439972375 -0.160779375
v 0.2224205625 -0.242321140625 -0.0910556625
v 0.220182375 -0.218427890625 -0.08375984375
v 0.18141509375 -0.06996176875 -0.094432184375
v 0.154978546875 0.0291679134375 -0.09325670625
v 0.0540906671875 0.0785072625 -0.100212715625
v 0.00830246875 0.072072425 -0.103292875
v 0.16329628125 -0.36505390625 -0.141798796875
v 0.139265890625 -0.414824 -0.147279859375
v 0.20762215625 -0.290567109375 -0.11804899375
v 0.220274984375 -0.1944229375 -0.0787707125
v 0.2240178125 -0.12110005 -0.071628425
v 0.20438340625 -0.119841021875 -0.087605890625
v 0.180799765625 -0.045240446875 -0.0919827875
v 0.102974665625 0.07869846875 -0.0957298859375
v 0.078516909375 0.0789641234375 -0.0984075328125
v 0.16320828125 -0.4147855 -0.14046596875
v 0.186775796875 -0.340196203125 -0.133354609375
v 0.208886 -0.3154409375 -0.121448328125
v 0.225367390625 -0.266551953125 -0.0984209671875
v 0.221903875 -0.170107765625 -0.0761256484375
v 0.223507984375 -0.14569696875 -0.0739349640625
v 0.20412015625 -0.09522093125 -0.0851710765625
v 0.1799769375 -0.020515143125 -0.0893868328125
v 0.127424953125 0.07793164375 -0.0911675890625
v 0.186745578125 -0.3651103125 -0.13318946875
v 0.0907745 -0.439828 -0.15774275
v 0.1155021625 -0.4396965 -0.153909125
v 0.229840734375 -0.315920078125 -0.108382810938
v 0.153340125 0.0535127984375 -0.0891206828125
v 0.17888503125 0.0041542115625 -0.0864348765625
v 0.04851195 0.106060375 -0.092740825
v 0.0302738625 0.09861215 -0.0960343125
v 0.1865318125 -0.389932609375 -0.132396375
v 0.13998325 -0.43961975 -0.1486835
v 0.20938690625 -0.340379328125 -0.122809046875
v 0.228010140625 -0.29108503125 -0.104474904687
v 0.234212265625 -0.22046615625 -0.0634442453125
v 0.223218140625 -0.0964503890625 -0.0689556828125
v 0.177250859375 0.028661825625 -0.082562753125
v 0.23756515625 -0.24374246875 -0.072478634375
v 0.223806625 -0.0688975875 -0.063049675
v 0.20332884375 -0.0705443171875 -0.082369196875
v 0.200879984375 -0.02122169875 -0.0759754875
v 0.15348625 0.0798512125 -0.0810444625
v 0.209086875 -0.389955921875 -0.121990015625
v 0.209387828125 -0.365217859375 -0.122816078125
v 0.164028375 -0.439553875 -0.141729625
v 0.186555171875 -0.414708703125 -0.13190921875
v 0.248543203125 -0.3169394375 -0.0926920078125
v 0.24192940625 -0.267801171875 -0.0813741515625
v 0.23371021875 -0.197057046875 -0.058032928125
v 0.236075203125 -0.17281371875 -0.0554426140625
v 0.220656875 -0.047091425 -0.0624052375
v 0.20224653125 -0.045869653125 -0.0792864703125
v 0.177338375 0.0557124875 -0.0752163
v 0.0763635234375 0.103356729687 -0.09078961875
v 0.1248279375 0.100776364063 -0.0827474296875
v 0.24580640625 -0.29226415625 -0.0882721609375
v 0.230728453125 -0.340755375 -0.110139732813
v 0.249693640625 -0.24779453125 -0.051694128125
v 0.218401875 -0.02258135625 -0.05828475
v 0.10060830625 0.10236810625 -0.0876539171875
v 0.230818140625 -0.36545840625 -0.110297796875
v 0.255628890625 -0.270579640625 -0.0626519640625
v 0.240537 -0.145517625 -0.0506164375
v 0.239633125 -0.1232535375 -0.0516467625
v 0.198946265625 0.003271704375 -0.0721368703125
v 0.0534754 0.124557375 -0.0853515125
v 0.1480165 0.0991232375 -0.074560675
v 0.21184075 -0.41768225 -0.120061125
v 0.187523125 -0.43939525 -0.133132625
v 0.26828478125 -0.275999859375 -0.043111059375
v 0.237799375 -0.0984377375 -0.0487192625
v 0.21513975 0.001506625 -0.053483325
v 0.19828725 0.0303821875 -0.065011425
v 0.07472535 0.127116 -0.080996625
v 0.230424703125 -0.390062875 -0.1094214125
v 0.26068025 -0.294498453125 -0.070371640625
v 0.25247275 -0.34472675 -0.0929126125
v 0.250483625 -0.365848875 -0.095231
v 0.24402775 -0.2247095 -0.0350790375
v 0.240815875 -0.201506625 -0.0336204625
v 0.170050375 0.073525 -0.0735002
v 0.191611875 0.0486571 -0.064636625
v 0.122387625 0.121938125 -0.0711303375
v 0.0991377 0.1249035 -0.0766723625
v 0.25006625 -0.39022125 -0.0944733
v 0.207340375 -0.4361215 -0.12414575
v 0.266944375 -0.322001625 -0.0729173375
v 0.262575625 -0.255567 -0.0263637375
v 0.23368 -0.076669775 -0.0480150625
v 0.230191875 -0.414602375 -0.10868205
v 0.26465575 -0.33965125 -0.0790319
v 0.276042875 -0.302017625 -0.050213375
v 0.274431125 -0.267032125 -0.0143492625
v 0.243628125 -0.17651775 -0.031155025
v 0.245595625 -0.154303375 -0.032656175
v 0.141596125 0.1167695375 -0.065027775
v 0.2094625 0.02261490625 -0.051856175
v -0.0318986675 -0.362788375 -0.165885375
v 0.247316375 -0.411587375 -0.09567125
v 0.2812955 -0.28351925 -0.022897925
v 0.28407075 -0.300654875 -0.0337750875
v 0.276343375 -0.318368875 -0.0574221375
v 0.252422625 -0.240474875 -0.0208197625
v 0.01263241875 -0.254204125 -0.1515345
v 0.02540769375 -0.2662303125 -0.1543914375
v 0.03764750625 -0.253986625 -0.15109125
v 0.0248948625 -0.242028375 -0.1482005625
v 0.050438975 -0.2660633125 -0.1533315
v 0.06260759375 -0.253829375 -0.1495428125
v 0.049845125 -0.2418213125 -0.1472669375
v 0.0619540125 -0.2297423125 -0.142890375
v 0.04926111875 -0.2178760625 -0.14019925
v 0.03711673125 -0.2299318125 -0.14440525
v 0.02442696875 -0.218105 -0.1411524375
v 0.0121808125 -0.230174625 -0.144788125
v 0.061329625 -0.2058164375 -0.1357795
v 0.04874193125 -0.1939119375 -0.1334045
v 0.03660405625 -0.20603375 -0.1372764375
v 0.0239945 -0.1941529375 -0.134376875
v 0.01176569375 -0.20627175 -0.1377263125
v -0.01191115 -0.2787861875 -0.1570051875
v 0.000894225 -0.2909481875 -0.1596289375
v 0.01315556875 -0.2785475 -0.15725875
v 0.00035799375 -0.2664518125 -0.1544958125
v 0.0259804875 -0.290755 -0.159290375
v 0.0382209625 -0.27837575 -0.1565594375
v -0.00010380625 -0.242285625 -0.1481198125
v -0.0123954 -0.25446425 -0.151118875
v 0.07537985 -0.265953375 -0.151200875
v 0.08741765 -0.25374875 -0.1468514375
v 0.07468275625 -0.241686125 -0.14515875
v 0.08665038125 -0.229635125 -0.140254625
v 0.07397119375 -0.2177071875 -0.138154875
v 0.060888275 -0.1816970625 -0.1298296875
v 0.0484501625 -0.1696215 -0.12845425
v 0.0362218 -0.181936375 -0.1312769375
v 0.02375065 -0.1699001875 -0.12936725
v 0.0114547875 -0.1822008125 -0.131723875
v 0.0510485125 -0.2906358125 -0.15797475
v 0.06324745625 -0.2782600625 -0.1548828125
v 0.085922825 -0.2056765625 -0.1332551875
v 0.07337194375 -0.1937155625 -0.1314311875
v -0.01280010625 -0.2304270625 -0.144278875
v -0.0004984875 -0.218351625 -0.14108475
v -0.00084074375 -0.194389375 -0.1343463125
v -0.01314013125 -0.2064915 -0.1372151875
v 0.0993467 -0.24164525 -0.1419255625
v 0.1111516875 -0.229620375 -0.136496625
v 0.0985274125 -0.21763325 -0.1350254375
v 0.11031965 -0.2056043125 -0.1296255625
v 0.0978457 -0.193586125 -0.1284333125
v 0.08542761875 -0.181511375 -0.1273960625
v 0.07304711875 -0.1693934375 -0.126549125
v -0.00105964375 -0.170193875 -0.1292974375
v -0.01341115625 -0.1824108125 -0.1312006875
v -0.0113625875 -0.3034123125 -0.161494875
v 0.00145814375 -0.31571975 -0.1631380625
v 0.01372016875 -0.3032094375 -0.1614835625
v 0.0265455 -0.3155616875 -0.16250975
v 0.0388095125 -0.3030713125 -0.1605034375
v 0.1001496375 -0.265936875 -0.147865875
v 0.1120374 -0.253763 -0.142955875
v 0.05162940625 -0.315464125 -0.1610115
v 0.06386591875 -0.302991625 -0.1586575625
v 0.0760480875 -0.290560375 -0.155728375
v 0.0881527625 -0.2781975 -0.1521543125
v -0.0369387 -0.2790535 -0.15599
v -0.0241668375 -0.2911800625 -0.159085625
v -0.02467354375 -0.266726875 -0.1536995
v -0.0251069 -0.2425354375 -0.1472659375
v -0.03740225 -0.2547375 -0.149965
v -0.02545435 -0.2185494375 -0.1401505625
v -0.03777655 -0.230622 -0.143111
v -0.03641515 -0.3036235 -0.160906
v -0.02360815 -0.3159176875 -0.1629770625
v 0.109782275 -0.1813480625 -0.123935625
v 0.09750200625 -0.16918925 -0.12366375
v -0.02575401875 -0.1945394375 -0.1333743125
v -0.038087125 -0.2066170625 -0.1358113125
v 0.06068355625 -0.157229625 -0.1258911875
v 0.0483185125 -0.145022125 -0.1253031875
v 0.0360390875 -0.1574823125 -0.1272900625
v 0.02363720625 -0.1453368125 -0.1261649375
v 0.01129424375 -0.1578245 -0.1276695625
v 0.08522280625 -0.1569895625 -0.1235573125
v 0.072919 -0.1447724375 -0.1234765625
v 0.10094490625 -0.2905144375 -0.152346625
v 0.112919125 -0.2781884375 -0.1481585
v 0.0766812875 -0.315383375 -0.15862975
v 0.08885718125 -0.3029178125 -0.1558196875
v 0.12282025 -0.2176066875 -0.13070025
v 0.13436175 -0.20550025 -0.1247120625
v 0.12206475 -0.1934545 -0.124328625
v 0.13383925 -0.181118375 -0.119350375
v 0.121747125 -0.168943375 -0.1198068125
v 0.1237910625 -0.241654625 -0.1374756875
v 0.1353241875 -0.2295998125 -0.13136475
v -0.05074060625 -0.1946075625 -0.131487125
v -0.06306255 -0.2067245 -0.133595
v -0.0504179 -0.2186815 -0.138277
v 0.08512838125 -0.1322575 -0.121104
v 0.07280950625 -0.12001635 -0.1212581875
v 0.06057628125 -0.1325384375 -0.1233060625
v 0.04821588125 -0.120302275 -0.1229393125
v 0.03594380625 -0.132821125 -0.1246023125
v -0.00116975625 -0.1457984375 -0.126076
v -0.01360394375 -0.1581871875 -0.127139875
v -0.01079576875 -0.328265125 -0.1643425
v 0.00200776 -0.3406523125 -0.1649815
v 0.014271075 -0.32809275 -0.16398775
v 0.027074625 -0.34050425 -0.164124875
v 0.03936051875 -0.3279675 -0.1628260625
v 0.1257045625 -0.2904544375 -0.1477578125
v 0.1375130625 -0.278112875 -0.1429575625
v 0.1247725625 -0.2659250625 -0.143324
v 0.136442375 -0.253730125 -0.137769375
v -0.02601115625 -0.170352625 -0.128317375
v -0.03839685 -0.1824576875 -0.129767125
v -0.0511056 -0.1702015 -0.1263844375
v -0.0634854 -0.1824065 -0.1275
v 0.10959253125 -0.1567320625 -0.1202699375
v 0.0973913375 -0.144491375 -0.1207515
v 0.0235768875 -0.12068769375 -0.1237365625
v 0.01124603125 -0.13325875 -0.124963125
v 0.0850186 -0.1074761 -0.119030375
v 0.07267759375 -0.09524465625 -0.1191151875
v 0.06046253125 -0.1077813625 -0.1211249375
v 0.0480897125 -0.0955609875 -0.120743375
v 0.0358432625 -0.10810901875 -0.1223348125
v -0.00111610625 -0.12123938125 -0.123684875
v -0.013590675 -0.1338070625 -0.1244663125
v 0.1016395875 -0.31530125 -0.1551433125
v 0.11372876875 -0.3028559375 -0.1517821875
v -0.02303729625 -0.34084225 -0.1651345
v -0.03585065 -0.3284685 -0.164101
v 0.1337636875 -0.1564495625 -0.115918875
v 0.121709375 -0.1442004375 -0.11704025
v 0.02347965625 -0.0959887875 -0.12154775
v 0.011217475 -0.108614175 -0.1227253125
v -0.0261595125 -0.1462040625 -0.1251204375
v -0.03865840625 -0.1582379375 -0.1256921875
v 0.05215979375 -0.340392875 -0.1624940625
v 0.06444135 -0.327879125 -0.1608414375
v 0.08484974375 -0.0826939125 -0.116928
v 0.07244113125 -0.070456375 -0.116973
v 0.060305225 -0.08301830625 -0.118952125
v 0.04789801875 -0.07082164375 -0.1185315625
v 0.03571713125 -0.08339690625 -0.1201348125
v 0.02333726875 -0.071294575 -0.1193241875
v 0.0111346 -0.0839223625 -0.120557625
v -0.0259561375 -0.12179410625 -0.122811
v -0.0386112 -0.1342245 -0.12323
v -0.05127785 -0.1456555 -0.122983
v -0.0637642 -0.157509 -0.1232915
v 0.07720215 -0.340294875 -0.1599724375
v 0.08945849375 -0.3277848125 -0.157882875
v 0.1264350625 -0.3152269375 -0.150572
v 0.138392875 -0.3027784375 -0.14659475
v -0.02245507 -0.365831 -0.165938
v -0.0102381025 -0.3532311875 -0.16556675
v -0.035253 -0.3534405 -0.1656095
v 0.150154125 -0.290374125 -0.14177
v 0.161624875 -0.2780310625 -0.136049
v 0.149083125 -0.2658329375 -0.1373251875
v 0.1603100625 -0.25362825 -0.1307479375
v 0.1478255 -0.2415870625 -0.1314141875
v 0.158919125 -0.229460625 -0.1243848125
v 0.1466489375 -0.217485375 -0.1248103125
v 0.1578386875 -0.2052915 -0.1179913125
v 0.14585375 -0.193242125 -0.1187308125
v 0.1574586875 -0.1808840625 -0.1130371875
v 0.1456940625 -0.1686800625 -0.1146019375
v -0.00112275625 -0.096576775 -0.1215451875
v -0.01345664375 -0.10922885 -0.1222868125
v 0.05996775 -0.0582267625 -0.1167549375
v 0.0474796625 -0.04603849375 -0.116281375
v 0.03545435625 -0.0586717625 -0.1178734375
v 0.0230311 -0.04657755625 -0.117059625
v 0.0109718375 -0.05922923125 -0.1183235625
v 0.0973187 -0.119703775 -0.1186616875
v 0.10949884375 -0.1071579875 -0.11601375
v 0.097199525 -0.09491985625 -0.1166374375
v 0.10934390625 -0.08237475 -0.1140235
v 0.09695746875 -0.07012385 -0.1145821875
v 0.10955238125 -0.13194675 -0.1179650625
v -0.02570153125 -0.09723559375 -0.1207586875
v -0.03819825 -0.109831 -0.1211745
v 0.10212880625 -0.3402053125 -0.156447125
v 0.11432988125 -0.327706 -0.153820625
v 0.002528349375 -0.3656250625 -0.1653830625
v 0.014798785 -0.3530580625 -0.164936875
v 0.0275576 -0.3654646875 -0.1643303125
v 0.039857825 -0.352924375 -0.163626125
v 0.169777125 -0.2173305 -0.1168700625
v 0.180509875 -0.205205375 -0.1090570125
v 0.169065625 -0.1930566875 -0.1112116875
v 0.180446875 -0.1808104375 -0.10462099375
v 0.1692225 -0.168524375 -0.1075289375
v 0.157635125 -0.156256125 -0.1099249375
v 0.1458235 -0.14397675 -0.1119641875
v 0.1338386875 -0.131697375 -0.1136798125
v 0.12171925 -0.1194210875 -0.115031625
v 0.08447838125 -0.0578749875 -0.1148326875
v 0.07195746875 -0.04562330625 -0.1148199375
v -0.00116920625 -0.07188021875 -0.11936
v -0.01338924375 -0.08455679375 -0.1201745625
v -0.0255536875 -0.0725352625 -0.1186453125
v -0.03781415 -0.0852449 -0.1191565
v 0.05257155625 -0.3653454375 -0.1625344375
v 0.06489429375 -0.352819125 -0.1614780625
v 0.0775159375 -0.3652431875 -0.15986175
v 0.0898417625 -0.352720875 -0.1584079375
v -0.009747655 -0.3782 -0.1656085
v 0.002949823125 -0.3905666875 -0.164903
v 0.015244899375 -0.3780061875 -0.1646995
v 0.0279160375 -0.390390625 -0.1637031875
v 0.04024465625 -0.37786825 -0.163232875
v 0.1711776875 -0.2414863125 -0.1233250625
v 0.181636375 -0.229397875 -0.11514075
v 0.0839367875 -0.0330219125 -0.1127205625
v 0.07140370625 -0.02077745125 -0.112644125
v 0.05945578125 -0.0334043875 -0.114544375
v 0.04696004375 -0.02123594375 -0.1140806875
v 0.03502228125 -0.0339018875 -0.1156528125
v 0.022583914375 -0.021860101875 -0.114833125
v 0.01065781875 -0.03454339375 -0.1160665625
v 0.1090233375 -0.05756621875 -0.1120000625
v 0.096497575 -0.04528694375 -0.1125180625
v -0.013394875 -0.0598489875 -0.11797825
v -0.0256040625 -0.047804075 -0.11652425
v -0.037679 -0.06048495 -0.117112
v 0.10235163125 -0.365149625 -0.1562459375
v 0.1146499 -0.352639125 -0.15431325
v -0.00930302 -0.4031555 -0.1651595
v 0.003354815 -0.4155035 -0.164441
v 0.01561137875 -0.402928125 -0.1640991875
v 0.0282499625 -0.415301625 -0.1633274375
v 0.04053730625 -0.4027861875 -0.1625505625
v 0.150891 -0.315180625 -0.1445708125
v 0.1625868125 -0.3027423125 -0.139698
v 0.133881625 -0.1069473 -0.1117655625
v 0.121663375 -0.09465355625 -0.1130855625
v 0.133796375 -0.08219385625 -0.1097888125
v 0.121457 -0.06987044375 -0.111094375
v 0.1084986125 -0.03272851875 -0.109935875
v 0.09590486875 -0.02042915875 -0.110401375
v 0.10781349375 -0.007866125 -0.1078134375
v 0.09519345 0.00446032875 -0.1082379375
v 0.0833350375 -0.00815356 -0.1105739375
v 0.0707383875 0.00408902375 -0.1104068125
v 0.05887261875 -0.008581975 -0.1123146875
v -0.00132969375 -0.04719736875 -0.117118
v 0.0462819125 0.00353253125 -0.111747875
v 0.034451326875 -0.009166890625 -0.113403
v 0.0218604125 0.00275687 -0.1125305
v 0.01007119875 -0.009951448125 -0.113844875
v -0.001770779375 -0.022593265 -0.1149245625
v -0.01364773125 -0.03518513125 -0.11581175
v 0.1335 -0.0574037875 -0.107818125
v 0.1210535 -0.04505144375 -0.109115625
v 0.13297425 -0.0325844 -0.10583729375
v 0.1204333125 -0.0202146625 -0.1070624375
v -0.0260610125 -0.0232047093125 -0.114470875
v -0.0378747 -0.03572225 -0.1151115
v 0.052851075 -0.3902743125 -0.1617855
v 0.065179175 -0.377761 -0.160934875
v 0.1739563125 -0.29035225 -0.1338975
v 0.1848596875 -0.278043875 -0.126991375
v 0.1727028125 -0.265768625 -0.129299
v 0.18331525 -0.2536029375 -0.12152475
v 0.191715375 -0.21736725 -0.10631545
v 0.2016354375 -0.205455875 -0.09703020625
v 0.191277875 -0.193116375 -0.10112661875
v 0.202085 -0.181127125 -0.093099625
v 0.19190475 -0.1686369375 -0.0979373375
v 0.15791675 -0.131566875 -0.10780229375
v 0.1459778125 -0.1192506125 -0.11002875
v 0.10703218125 0.0170145125 -0.10562125
v 0.094254625 0.029382235 -0.105823875
v 0.082518425 0.0167666275 -0.1082700625
v 0.06970839375 0.02901872375 -0.107836875
v 0.05803590625 0.016270075 -0.10990675
v 0.04523190625 0.0283371375 -0.1091466875
v 0.033580515625 0.015517259375 -0.110975875
v 0.126879 -0.3401340625 -0.15182725
v 0.1389754375 -0.327645125 -0.1486113125
v 0.077701925 -0.3901664375 -0.1590009375
v 0.09002495625 -0.3776566875 -0.1577515
v 0.1747700625 -0.315198375 -0.1367729375
v 0.1860234375 -0.3027883125 -0.130912375
v 0.1933881875 -0.2415385 -0.1127636875
v 0.20274425 -0.2296069375 -0.1029930625
v 0.181042125 -0.156241875 -0.10191810625
v 0.169661875 -0.14389175 -0.10515979375
v 0.15809475 -0.10686451875 -0.10593305625
v 0.146022375 -0.09452235 -0.1081020625
v 0.1580385 -0.0821532 -0.1039010375
v 0.145843875 -0.069776875 -0.1060700625
v 0.15767725 -0.05740453125 -0.10178674375
v 0.14539125 -0.04498256875 -0.10406429375
v 0.02077650875 0.027310660625 -0.1099755
v 0.00912579375 0.014499608125 -0.1115225625
v -0.002615575 0.0017776225 -0.1127701875
v -0.014361585625 -0.0107894280625 -0.1137266875
v 0.132318625 -0.007767949375 -0.1037615375
v 0.119711875 0.00462866875 -0.10492275
v 0.131536 0.017028425625 -0.10147255
v 0.118817875 0.0294500625 -0.10252461875
v 0.1270186875 -0.365072875 -0.151589875
v 0.13922325 -0.3525823125 -0.14903475
v 0.102444425 -0.3900624375 -0.1553496875
v 0.11473509375 -0.377567125 -0.1536275625
v 0.0286619 -0.4401885 -0.1640155
v 0.04088688125 -0.427676125 -0.1627003125
v 0.0160053 -0.427822 -0.164365
v 0.1512829375 -0.340109375 -0.1457598125
v 0.16314525 -0.3276469375 -0.14167075
v 0.1816405625 -0.13162875 -0.0999237375
v 0.1700094375 -0.11922555625 -0.103245775
v 0.181861 -0.106986125 -0.09788819375
v 0.170055375 -0.09454424375 -0.10121583125
v 0.1816419375 -0.0823123 -0.09562411875
v 0.169789625 -0.06983888125 -0.09901406875
v 0.10590299375 0.0418637125 -0.10287999375
v 0.09279966875 0.0542526875 -0.1024713125
v 0.08130981875 0.04171099375 -0.1054466875
v 0.06825910625 0.05394555625 -0.1044940625
v 0.05679911875 0.04116304375 -0.1070223125
v 0.043801425 0.05320616875 -0.105783125
v 0.032345019375 0.04025510625 -0.1080813125
v 0.019369035625 0.0518699625 -0.1067145
v 0.0079044225 0.0388724125 -0.1087485625
v -0.0270476 0.0009412755 -0.112434
v -0.0386388 -0.0113522545 -0.1131045
v 0.1570928125 -0.03262866875 -0.09963488125
v 0.1447780625 -0.020186284375 -0.10198006875
v 0.1304013125 0.0417328875 -0.09862158125
v 0.11739225 0.0541335875 -0.099180525
v 0.1270005 -0.38997725 -0.1506425
v 0.139206 -0.377502125 -0.148303125
v 0.0531211 -0.4151791875 -0.1613521875
v 0.065394875 -0.40267825 -0.1601545625
v 0.213497125 -0.2419366875 -0.09913438125
v 0.2210955625 -0.230357375 -0.08724965
v 0.2115040625 -0.2178920625 -0.09229989375
v 0.2199564375 -0.2064591875 -0.080933625
v 0.2114780625 -0.193728875 -0.0873436875
v 0.195212125 -0.2658324375 -0.118954625
v 0.2048330625 -0.253787 -0.10968938125
v 0.2032235 -0.156645 -0.09071970625
v 0.1927978125 -0.144087625 -0.095806625
v -0.0037099475 0.02605791 -0.110367625
v -0.0153967 0.01336843 -0.1116895
v -0.005075005 0.0500742 -0.1073395
v -0.01667195 0.0372799 -0.108996
v 0.1564191875 -0.00785994 -0.09740741875
v 0.14408625 0.00459665 -0.0997863125
v 0.1513358125 -0.3650430625 -0.145495
v 0.16332525 -0.35259325 -0.1420695625
v 0.07792958125 -0.4150651875 -0.1585563125
v 0.09017014375 -0.4025651875 -0.156932875
v 0.10263133125 -0.4149476875 -0.154886875
v 0.11479128125 -0.4024640625 -0.152740375
v 0.1751245625 -0.3401493125 -0.1379335
v 0.186659125 -0.327715625 -0.132981
v 0.22099525 -0.1822908125 -0.077270825
v 0.21274025 -0.1693436875 -0.08458069375
v 0.1967388125 -0.2904466875 -0.1238965
v 0.206786875 -0.2782214375 -0.11563185
v 0.2041711875 -0.132123625 -0.08868181875
v 0.193349875 -0.11950356875 -0.09378750625
v 0.2043451875 -0.1075397125 -0.08643574375
v 0.1932333125 -0.09486965625 -0.09149073125
v 0.1811336875 -0.057603575 -0.09322071875
v 0.1692545625 -0.04509260625 -0.09676103125
v 0.180415375 -0.0328751125 -0.09071145625
v 0.1685601875 -0.020342789375 -0.09440160625
v 0.0551145375 0.06608808125 -0.102934875
v 0.04189725625 0.0780375375 -0.10097525
v 0.03071724375 0.065020425 -0.1041605625
v 0.017380255 0.0761408 -0.102401
v 0.0060816 0.0628681 -0.1050705
v 0.155557625 0.01686144125 -0.09483805
v 0.1431326875 0.029308553125 -0.0971070125
v 0.12859775 0.0660544625 -0.09426135
v 0.1152509375 0.07835464375 -0.093804275
v 0.104105775 0.0665331875 -0.09867086875
v 0.090735975 0.07891218125 -0.09722761875
v 0.07957013125 0.0665949 -0.1012849375
v 0.15122125 -0.38993875 -0.1445428125
v 0.163224625 -0.377500125 -0.141371375
v 0.0535263 -0.440041 -0.1620345
v 0.06572675625 -0.427552875 -0.1603151875
v 0.19780825 -0.3153160625 -0.1270944375
v 0.20833775 -0.30298275 -0.120001875
v 0.2227875 -0.15791875 -0.07502686875
v 0.214097375 -0.144904 -0.08241985
v 0.2239271875 -0.133415625 -0.0728104125
v 0.2146875 -0.12035849375 -0.08020488125
v 0.2037719375 -0.0828859125 -0.0838115875
v 0.19267975 -0.07018411875 -0.08893739375
v 0.1542553125 0.0414107125 -0.09139835
v 0.1416498125 0.0537648125 -0.09340240625
v 0.1521851875 0.06539713125 -0.08628140625
v 0.139356875 0.07748040625 -0.08753663125
v 0.1271299375 -0.414854875 -0.1501263125
v 0.13915725 -0.402393625 -0.1473551875
v 0.151299125 -0.414805125 -0.144073375
v 0.163108 -0.4023688125 -0.1405271875
v 0.07836875 -0.4399005 -0.159349
v 0.09051596875 -0.4274221875 -0.1571915625
v 0.10315865 -0.4397575 -0.15596
v 0.1151719125 -0.427303 -0.1531353125
v 0.2159375625 -0.2661925 -0.10597350625
v 0.2238819375 -0.2543926875 -0.0948305
v 0.2180865625 -0.29076475 -0.111590975
v 0.226764625 -0.278778875 -0.10167386875
v 0.179480875 -0.00816811 -0.087989025
v 0.1676963125 0.00437605125 -0.09181143125
v 0.17814725 0.01644004625 -0.08464123125
v 0.1664165 0.028968910625 -0.0884337375
v 0.0662995125 0.0788226375 -0.0993796875
v 0.05296035625 0.09081189375 -0.0970027375
v 0.0392997 0.102293 -0.0945405
v 0.02831375 0.0894876 -0.09870015
v 0.127786 -0.4396525 -0.1514985
v 0.1395745625 -0.427228375 -0.14782625
v 0.1751075625 -0.3650768125 -0.1377029375
v 0.1867973125 -0.3526634375 -0.1333951875
v 0.198209125 -0.3402705 -0.1283219375
v 0.20921925 -0.32791425 -0.1223461875
v 0.174972 -0.414752375 -0.13641675
v 0.18645725 -0.402329375 -0.1320030625
v 0.174928375 -0.3899336875 -0.1368715
v 0.1866425 -0.3775298125 -0.1328241875
v 0.2340355 -0.2670503125 -0.0901745875
v 0.239726875 -0.2556876875 -0.07709615
v 0.230437375 -0.242846375 -0.08212749375
v 0.2356375 -0.2320514375 -0.0677198625
v 0.2277976875 -0.219156 -0.07412770625
v 0.2335578125 -0.2088381875 -0.06027619375
v 0.227787625 -0.195507375 -0.0689648875
v 0.2028191875 -0.05820580625 -0.080855825
v 0.19187425 -0.04548543125 -0.08619391875
v 0.1761791875 0.04079198125 -0.08015410625
v 0.1644946875 0.05321030625 -0.08377755
v 0.07740873125 0.09123391875 -0.09490919375
v 0.06416696875 0.1033771 -0.09210930625
v 0.152067 -0.4395925 -0.1454195
v 0.163556375 -0.4271761875 -0.1409591875
v 0.21959675 -0.3156296875 -0.115228875
v 0.2290404375 -0.303482 -0.106709775
v 0.2347055625 -0.18501225 -0.05653166875
v 0.22980425 -0.171290375 -0.066357975
v 0.2317120625 -0.146838625 -0.06423693125
v 0.2397505 -0.135725 -0.0528486
v 0.23213 -0.12210975625 -0.06192046875
v 0.238932 -0.11081715 -0.05029345
v 0.230852 -0.0973878125 -0.05912245625
v 0.2237525625 -0.108775575 -0.0703642125
v 0.2142113125 -0.09573796875 -0.077648975
v 0.2016144375 -0.03353513125 -0.07767613125
v 0.1908280625 -0.020792185625 -0.083267825
v 0.1261373125 0.0895484875 -0.08737045625
v 0.112791 0.10160718125 -0.085557225
v 0.1017386875 0.0906684875 -0.092081425
v 0.088488225 0.10298584375 -0.08935126875
v 0.1758585 -0.439487 -0.137637
v 0.1869619375 -0.4270591875 -0.1323798125
v 0.19818625 -0.3651529375 -0.1282404375
v 0.209438375 -0.3528128125 -0.1229505
v 0.2202715 -0.3405298125 -0.1167895
v 0.23039625 -0.3283495625 -0.10949834375
v 0.237271 -0.291573375 -0.09665324375
v 0.2439795 -0.279997 -0.08511438125
v 0.2373505 -0.160571375 -0.0544359625
v 0.22250125 -0.08413268125 -0.06734074375
v 0.213107625 -0.07108075 -0.07456709375
v 0.20000025 -0.00894881375 -0.07413521875
v 0.1893820625 0.003811655 -0.07989185
v 0.1497215 0.0883337 -0.07939815
v 0.13651075 0.09994895 -0.07891076875
v 0.197931625 -0.38993675 -0.1274435
v 0.2092494375 -0.377597625 -0.1224513125
v 0.2406233125 -0.3410894375 -0.10273618125
v 0.2493826875 -0.329267625 -0.09392541875
v 0.2395181875 -0.316349875 -0.10085686875
v 0.247339375 -0.304591625 -0.0908028125
v 0.173892 0.06466545 -0.0745887
v 0.1617555 0.07675095 -0.0773653
v 0.1976890625 0.01542803625 -0.0699619875
v 0.1872859375 0.028196939375 -0.0755684
v 0.0754992125 0.115285 -0.08604850625
v 0.0624619 0.127511 -0.08288445
v 0.0510313 0.1154445 -0.0891574
v 0.1979226875 -0.4146574375 -0.126926875
v 0.2089638125 -0.4022965625 -0.121566
v 0.2203085625 -0.36531825 -0.116876625
v 0.2308588125 -0.3531224375 -0.1103903375
v 0.2438215 -0.2452395 -0.06223784375
v 0.246546 -0.2372425625 -0.04539635
v 0.239288375 -0.222748125 -0.051750225
v 0.241624 -0.2137855 -0.0358769
v 0.237737 -0.1991468125 -0.04608155
v 0.2363875 -0.0861372 -0.0468548
v 0.2286605 -0.0727897 -0.05551505
v 0.195224 0.0395751 -0.065012
v 0.1844475 0.0522063 -0.0699685
v 0.249036625 -0.268918125 -0.07215944375
v 0.2527428125 -0.2589663125 -0.0575064375
v 0.211685125 -0.04643520625 -0.0711524875
v 0.221596 -0.05939405 -0.06431385
v 0.2196175 -0.03480205 -0.0604215
v 0.209899125 -0.021851464375 -0.067440725
v 0.216934 -0.010484775 -0.0559171
v 0.2073365 0.0024576825 -0.06312445625
v 0.2197315 -0.414605 -0.115231
v 0.2302890625 -0.4023370625 -0.109028
v 0.219956625 -0.3899999375 -0.1160130625
v 0.23063725 -0.3777709375 -0.10990975
v 0.198988 -0.439282 -0.1282075
v 0.2096675 -0.426888 -0.1222315
v 0.258676 -0.3421855 -0.08607225
v 0.265985 -0.3307175 -0.07608035
v 0.256829875 -0.317709125 -0.0839291875
v 0.26277025 -0.3066085625 -0.07289161875
v 0.253553625 -0.29319175 -0.079477825
v 0.25828725 -0.28245625 -0.06694939375
v 0.2418075 -0.189043 -0.03216495
v 0.2403505625 -0.1746 -0.04354450625
v 0.245307 -0.164054 -0.03023535
v 0.2432455 -0.1499175 -0.04166775
v 0.0997939875 0.1137221875 -0.08237579375
v 0.0870003 0.126183 -0.07892845
v 0.1459265 0.10914465 -0.06866635
v 0.13317 0.1203695 -0.06695755
v 0.1235899375 0.11148664375 -0.0771759875
v 0.1109885 0.123469 -0.0742208
v 0.24078625 -0.365642625 -0.1029553125
v 0.250473 -0.3536815 -0.0952642
v 0.2619779375 -0.2729641875 -0.0529732125
v 0.265304 -0.265940125 -0.03724193125
v 0.2556688125 -0.251864625 -0.04113649375
v 0.2572395 -0.248301 -0.0234884
v 0.247823 -0.2331085 -0.02737165
v 0.2403749375 -0.3901388125 -0.1021238375
v 0.2503115 -0.378028 -0.094917
v 0.267353875 -0.2963265625 -0.0610550125
v 0.271105375 -0.2870458125 -0.04790583125
v 0.212945 0.013411775 -0.0511482
v 0.203805 0.02650025 -0.0585517
v 0.2800565 -0.301194 -0.04236775
v 0.2838365 -0.2934875 -0.0279254
v 0.2747504375 -0.27961475 -0.033053375
v 0.2783895 -0.2745775 -0.0167719
v 0.268733 -0.261253 -0.02043195
v 0.240074 -0.4146205 -0.1013552
v 0.2498575 -0.402431 -0.094051
v 0.2718145 -0.320121 -0.0652426
v 0.276279 -0.3100385 -0.05382195
v 0.02514365 -0.25408875 -0.1514355
v 0.050140275 -0.25389975 -0.1504595
v 0.049550425 -0.2298285 -0.14379125
v 0.0246579 -0.23004875 -0.14472475
v 0.04898215 -0.20591875 -0.13665775
v 0.024196275 -0.20615225 -0.137628
v 0.00061925 -0.2786605 -0.15724575
v 0.025690425 -0.2784535 -0.15703025
v 0.000117525 -0.25433075 -0.1514305
v 0.0750351 -0.25377675 -0.14834375
v 0.074322525 -0.22967675 -0.14171025
v 0.048568875 -0.181811 -0.13067725
v 0.023850325 -0.1820695 -0.1316245
v 0.050744325 -0.2783115 -0.1558455
v 0.07364555 -0.205736 -0.13464925
v -0.00030765 -0.23030475 -0.14463375
v -0.0006808 -0.20638975 -0.13758525
v 0.098932 -0.22962075 -0.13852725
v 0.09815435 -0.20563725 -0.1315855
v 0.073176725 -0.18159825 -0.1287385
v -0.000964475 -0.18232075 -0.131579
v 0.00117585 -0.30330625 -0.161594
v 0.026266525 -0.3031315 -0.16111025
v 0.0997501 -0.25375225 -0.145055
v 0.051343725 -0.30302775 -0.1596925
v 0.0757173 -0.27822075 -0.15366575
v -0.02442825 -0.27891825 -0.156551
v -0.024900725 -0.25460025 -0.150595
v -0.025289175 -0.2305295 -0.14374075
v -0.0238913 -0.303518 -0.1612395
v 0.09763435 -0.18143325 -0.12579475
v -0.025609225 -0.20656225 -0.1366265
v 0.048372975 -0.157349 -0.12671375
v 0.023682375 -0.15764325 -0.1276015
v 0.07297035 -0.1571105 -0.124841
v 0.10055275 -0.27819425 -0.1503085
v 0.07637285 -0.30295375 -0.15737875
v 0.12239825 -0.205564 -0.12736075
v 0.12185675 -0.18124 -0.12181975
v 0.12329375 -0.22962075 -0.13413125
v -0.050572875 -0.206671 -0.13476175
v 0.07286565 -0.13240225 -0.12231825
v 0.048267975 -0.1326695 -0.12407
v -0.0011339 -0.15801875 -0.12751575
v 0.001735125 -0.32817375 -0.16425825
v 0.026814375 -0.32802425 -0.16350875
v 0.12525375 -0.2781575 -0.1457345
v 0.1242845 -0.25375675 -0.1405555
v -0.02588895 -0.1824525 -0.13059975
v -0.05093385 -0.18243825 -0.12869375
v 0.097430375 -0.15686475 -0.12203425
v 0.02360685 -0.133019 -0.12489525
v 0.072749775 -0.10763115 -0.1201885
v 0.04815675 -0.1079316 -0.12183625
v -0.001149725 -0.133536 -0.12482025
v 0.101311575 -0.3028875 -0.153944
v -0.0233239 -0.32836475 -0.16426275
v 0.12170875 -0.1565875 -0.1182625
v 0.0235329 -0.108340775 -0.122633
v -0.026117775 -0.158291 -0.12654175
v 0.051905 -0.32792175 -0.1619445
v 0.0725841 -0.082854875 -0.11804425
v 0.0480139 -0.08319395 -0.11964325
v 0.023421925 -0.083642275 -0.120444
v -0.026087075 -0.13402825 -0.123901
v -0.05120885 -0.15793575 -0.124562
v 0.0769631 -0.32783175 -0.15949425
v 0.1261015 -0.30281625 -0.14936475
v -0.022747085 -0.35333325 -0.16563025
v 0.1496535 -0.278066 -0.13974875
v 0.148462 -0.25367975 -0.134513
v 0.147209 -0.2295355 -0.12813075
v 0.14618175 -0.205397 -0.1216005
v 0.14571125 -0.1809925 -0.11643075
v -0.0011112 -0.108916525 -0.12260625
v 0.047710775 -0.058435225 -0.117404
v 0.02320325 -0.058939025 -0.11819075
v 0.097269125 -0.10731135 -0.117654
v 0.097101375 -0.082525675 -0.11561175
v 0.097356775 -0.13210075 -0.11966075
v -0.025822375 -0.109532175 -0.121778
v 0.101915775 -0.3277435 -0.15598725
v 0.002277015 -0.3531395 -0.16533475
v 0.027327725 -0.35298675 -0.16437575
v 0.169313 -0.205221 -0.11384975
v 0.1690675 -0.18081475 -0.109146
v 0.145742 -0.15633675 -0.113146
v 0.12171675 -0.13181025 -0.1159935
v 0.072220525 -0.058043725 -0.11589875
v -0.001138525 -0.084229475 -0.1204625
v -0.02560935 -0.0848975 -0.11970975
v 0.052383075 -0.35286975 -0.16266275
v 0.0773823 -0.35276875 -0.1600645
v 0.0027472225 -0.37809875 -0.1651915
v 0.027748175 -0.377931 -0.1640575
v 0.1704255 -0.229408 -0.1200825
v 0.07168715 -0.0332015 -0.113735
v 0.047232175 -0.03363525 -0.1151845
v 0.02283205 -0.0342121 -0.11594675
v 0.0967506 -0.057709425 -0.113554
v -0.0255424 -0.06016625 -0.1175795
v 0.10226735 -0.35267775 -0.15649425
v 0.00315234 -0.403035 -0.1646605
v 0.028077775 -0.4028485 -0.16341325
v 0.150566 -0.3027525 -0.14337525
v 0.12170525 -0.1070371 -0.114064
v 0.12158225 -0.082265725 -0.11209125
v 0.0962152 -0.03286095 -0.11146525
v 0.095567975 -0.007989285 -0.10933225
v 0.071101275 -0.008350305 -0.1115475
v -0.0012255 -0.0595346 -0.1182395
v 0.046655 -0.008851025 -0.11293725
v 0.0222645075 -0.0095390075 -0.11369975
v -0.001504075 -0.034873275 -0.1160125
v 0.12128275 -0.05746455 -0.11010825
v 0.12076325 -0.032634525 -0.10809925
v -0.02576725 -0.03546235 -0.1154915
v 0.05272195 -0.377813 -0.162193
v 0.173377 -0.27802225 -0.13179925
v 0.17195325 -0.25359825 -0.12643575
v 0.1913345 -0.2052645 -0.1034943
v 0.191506 -0.180897 -0.099325975
v 0.145907 -0.13161425 -0.11095775
v 0.094770225 0.01692134 -0.1070985
v 0.070273575 0.01654962 -0.10918375
v 0.04580565 0.01592775 -0.11050625
v 0.12669575 -0.3276705 -0.15139625
v 0.07761545 -0.377708 -0.1594555
v 0.17442125 -0.30275175 -0.13555475
v 0.19246 -0.2294505 -0.1094765
v 0.1694345 -0.15621475 -0.10623675
v 0.14602125 -0.1068872 -0.10907925
v 0.14596625 -0.0821544 -0.10709
v 0.14564625 -0.0573833 -0.10506925
v 0.0213582125 0.0150332175 -0.11130925
v -0.0021519425 -0.010388285 -0.11385575
v 0.120085 -0.007792725 -0.1060085
v 0.1193075 0.0170469 -0.1037905
v 0.12698025 -0.35260475 -0.15185475
v 0.102401875 -0.37760975 -0.1558195
v 0.028449175 -0.427747 -0.1635855
v 0.151131 -0.327638 -0.145363
v 0.169863 -0.13156125 -0.104188425
v 0.17007275 -0.106886975 -0.102254975
v 0.16995975 -0.0821961 -0.10012815
v 0.093602975 0.0418315 -0.104324
v 0.0690444 0.041483575 -0.10632475
v 0.044566375 0.0407632 -0.1076035
v 0.0201339025 0.039609825 -0.10846875
v -0.0265144 -0.01109478725 -0.113452
v 0.14509675 -0.032583575 -0.103031925
v 0.118189 0.04182625 -0.101037975
v 0.1270135 -0.37752875 -0.15114375
v 0.05297575 -0.40273125 -0.161459
v 0.212337 -0.22990825 -0.09559375
v 0.21126125 -0.205837 -0.089533325
v 0.19431975 -0.2536555 -0.11596325
v 0.19236 -0.15636675 -0.096805675
v -0.0031296875 0.013940415 -0.111632
v -0.0043720225 0.038087925 -0.1089035
v 0.1444505 -0.0077906625 -0.10091665
v 0.15134375 -0.3525795 -0.14576925
v 0.07779645 -0.40262175 -0.15865325
v 0.102505625 -0.402512 -0.15497125
v 0.175001 -0.32766975 -0.137554
v 0.212024 -0.1815535 -0.085780625
v 0.19602275 -0.27810025 -0.12161725
v 0.19314425 -0.13180075 -0.094815825
v 0.19336525 -0.107193525 -0.0926759
v 0.16954875 -0.057468925 -0.097895725
v 0.1689245 -0.0327163 -0.0955979
v 0.042929425 0.065666275 -0.103592
v 0.01842055 0.064030325 -0.10463825
v 0.1436575 0.0169690125 -0.0985337
v 0.116399 0.0663302 -0.096802225
v 0.0918291 0.06662935 -0.10013825
v 0.1512815 -0.37749475 -0.14504075
v 0.05331225 -0.4276135 -0.16160375
v 0.1973475 -0.3028595 -0.12573775
v 0.213468 -0.15713225 -0.08348045
v 0.2145185 -0.13264375 -0.08133885
v 0.192997 -0.082531 -0.090241725
v 0.14248025 0.0415974 -0.09545445
v 0.140591 0.06574005 -0.090777275
v 0.1270155 -0.40242325 -0.15021225
v 0.1511955 -0.40237925 -0.1441375
v 0.078131875 -0.427488 -0.158854
v 0.1028674 -0.42735875 -0.15529925
v 0.2147215 -0.2540285 -0.102641275
v 0.21707275 -0.2784375 -0.10899015
v 0.16816325 -0.0079748575 -0.093167425
v 0.167122 0.0166984925 -0.0902497
v 0.067330025 0.06640605 -0.1021915
v 0.0406518 0.090213975 -0.097878
v 0.12741525 -0.42726025 -0.150658
v 0.17515125 -0.3526205 -0.137947
v 0.1980805 -0.32779375 -0.12792
v 0.1748725 -0.402351 -0.13649225
v 0.17502 -0.37751175 -0.13730975
v 0.23221125 -0.25489225 -0.086268625
v 0.22887725 -0.23095725 -0.07793185
v 0.2274655 -0.20737375 -0.071161075
v 0.192305 -0.057835575 -0.08758625
v 0.165556 0.04116375 -0.08631505
v 0.065209925 0.0911529 -0.09602125
v 0.151627 -0.42720525 -0.144599
v 0.2189385 -0.3031755 -0.11367575
v 0.228671 -0.18345375 -0.067472075
v 0.23213825 -0.13449375 -0.06312
v 0.23166275 -0.109736275 -0.060611675
v 0.2145605 -0.108055225 -0.078985375
v 0.191389 -0.03313375 -0.084766025
v 0.11398975 0.090145475 -0.090087875
v 0.089565 0.091051875 -0.093642225
v 0.1753465 -0.4271265 -0.13688975
v 0.198239 -0.35272425 -0.12840775
v 0.2200295 -0.32808725 -0.11623475
v 0.23574675 -0.279276 -0.093664725
v 0.230876 -0.15909475 -0.065297925
v 0.21371375 -0.08341075 -0.076164325
v 0.19017025 -0.0084723925 -0.081664575
v 0.1380005 0.088943175 -0.08363805
v 0.198067 -0.3775545 -0.127883
v 0.2402045 -0.328738 -0.102049625
v 0.23853425 -0.3039465 -0.09905435
v 0.16318675 0.065035875 -0.08070515
v 0.18843 0.0160459825 -0.077885225
v 0.06327635 0.1154755 -0.087636975
v 0.1978305 -0.4023075 -0.12703
v 0.2203575 -0.352939 -0.11698925
v 0.24133175 -0.2339835 -0.0566932
v 0.23800275 -0.21111 -0.0483395
v 0.22981325 -0.085078875 -0.05738165
v 0.18592175 0.040230875 -0.072865075
v 0.24644625 -0.2569395 -0.067453575
v 0.21243275 -0.05875515 -0.07289295
v 0.21086075 -0.034122175 -0.0693563
v 0.20873975 -0.0096584825 -0.0653421
v 0.21982875 -0.40230775 -0.115604
v 0.22014575 -0.377671 -0.11649425
v 0.19836725 -0.42697725 -0.1274185
v 0.25785925 -0.3299535 -0.08516255
v 0.25537525 -0.30544 -0.0820485
v 0.25142325 -0.28101 -0.0761745
v 0.23875325 -0.18693625 -0.0445969
v 0.241828 -0.16225975 -0.042583325
v 0.0876777 0.1146515 -0.08432395
v 0.1348765 0.110318325 -0.073184025
v 0.11183025 0.11264425 -0.080116525
v 0.24080475 -0.35338275 -0.1030201
v 0.25899 -0.26208675 -0.047420275
v 0.25186625 -0.24231775 -0.0343738
v 0.24060525 -0.37789375 -0.10259575
v 0.26478075 -0.284477 -0.057543375
v 0.20564325 0.0144979425 -0.060851825
v 0.27746275 -0.29013625 -0.03798615
v 0.271801 -0.27016575 -0.02701825
v 0.2402085 -0.4023805 -0.101722
v 0.26965275 -0.30821425 -0.063432375
v -0.174679 0.297189 -0.132228
v -0.165826 0.342371 -0.133087
v -0.194081 0.278946 -0.140821
v -0.171151 0.319591 -0.132564
v -0.192787 0.303494 -0.141469
v -0.158153 0.36444 -0.134037
v -0.1751 0.275072 -0.131701
v -0.189153 0.327512 -0.141885
v -0.133957 0.376432 -0.129562
v -0.193787 0.255223 -0.140568
v -0.14898 0.385403 -0.135911
v -0.174893 0.253385 -0.131701
v -0.141559 0.356313 -0.128668
v -0.192684 0.231581 -0.141005
v -0.14676 0.334924 -0.128146
v -0.173523 0.373269 -0.142305
v -0.112119 0.387722 -0.127193
v -0.12522 0.396461 -0.1306
v -0.137136 0.405835 -0.137847
v -0.12287 0.424511 -0.139588
v -0.15145 0.313457 -0.127941
v -0.173212 0.231699 -0.131635
v -0.183644 0.351291 -0.142205
v -0.163368 0.39516 -0.142334
v -0.0992917 0.403741 -0.127454
v -0.123252 0.349485 -0.125932
v -0.152621 0.252229 -0.127511
v -0.152988 0.292764 -0.127705
v -0.117989 0.368499 -0.126459
v -0.0825026 0.413211 -0.126892
v -0.0658592 0.421543 -0.126446
v -0.111544 0.414368 -0.131235
v -0.19026 0.208903 -0.14178
v -0.127474 0.3294 -0.125802
v -0.153542 0.272484 -0.127576
v -0.15122 0.417013 -0.141938
v -0.106463 0.441603 -0.141203
v -0.171008 0.210817 -0.132317
v -0.151403 0.231571 -0.12753
v -0.213021 0.281165 -0.138181
v -0.0948485 0.380171 -0.125304
v -0.0946199 0.427954 -0.131471
v -0.0858495 0.453785 -0.140602
v -0.167739 0.190216 -0.133504
v -0.129701 0.309566 -0.125676
v -0.149433 0.21119 -0.127762
v -0.20583 0.332074 -0.135087
v -0.0999017 0.363763 -0.12493
v -0.0756575 0.437848 -0.130711
v -0.0474662 0.426316 -0.126167
v -0.0646878 0.462968 -0.140673
v -0.186225 0.186798 -0.142305
v -0.103679 0.344571 -0.124702
v -0.131308 0.289915 -0.125595
v -0.106765 0.325612 -0.124555
v -0.211289 0.306888 -0.136473
v -0.073791 0.397742 -0.124898
v -0.0586631 0.401676 -0.124674
v -0.0768387 0.380089 -0.124455
v -0.16266 0.169745 -0.135787
v -0.0809483 0.362253 -0.124312
v -0.108962 0.28838 -0.124567
v -0.10786 0.306993 -0.124559
v -0.130214 0.250771 -0.125538
v -0.131146 0.270631 -0.125536
v -0.0290038 0.42981 -0.125993
v -0.0409716 0.46803 -0.140212
v -0.181348 0.164825 -0.142341
v -0.1564 0.150622 -0.138966
v -0.10845 0.269136 -0.124519
v -0.127867 0.211391 -0.12561
v -0.12936 0.231104 -0.125576
v -0.0426053 0.405313 -0.124456
v -0.0599936 0.382408 -0.124152
v -0.0552071 0.4455 -0.130488
v -0.00975896 0.432474 -0.126131
v -0.0130656 0.453765 -0.130521
v -0.034664 0.450732 -0.130317
v -0.0834735 0.343452 -0.124142
v -0.10738 0.230784 -0.124446
v -0.107884 0.249924 -0.124477
v -0.125342 0.191633 -0.12597
v -0.146685 0.191126 -0.128349
v -0.0249407 0.407789 -0.124507
v -0.00760152 0.409929 -0.124548
v -0.0415272 0.385158 -0.124083
v -0.149447 0.133078 -0.141381
v -0.142858 0.171345 -0.129267
v -0.0867248 0.287746 -0.12408
v -0.0865139 0.306472 -0.124075
v -0.122081 0.171835 -0.126443
v 0.00976488 0.411659 -0.124622
v -0.0856777 0.325072 -0.124081
v -0.0429646 0.347269 -0.123936
v -0.0605064 0.36316 -0.124025
v -0.0420393 0.365945 -0.123965
v -0.0235723 0.36873 -0.123904
v -0.0230686 0.387842 -0.124012
v 0.00919583 0.454584 -0.131203
v -0.0154924 0.471397 -0.140099
v -0.174599 0.142784 -0.140675
v -0.106233 0.211444 -0.124508
v -0.0862585 0.249688 -0.124045
v -0.0866014 0.268792 -0.124068
v 0.0255507 0.410712 -0.124835
v -0.005728 0.389886 -0.124037
v -0.0645511 0.326389 -0.123963
v -0.0623793 0.344735 -0.123995
v 0.00962921 0.433601 -0.126398
v 0.0295839 0.431905 -0.126902
v -0.103796 0.191779 -0.124752
v -0.0845382 0.211663 -0.124157
v -0.0651063 0.270354 -0.124009
v -0.0978975 0.151975 -0.125888
v -0.11806 0.151844 -0.127563
v -0.138089 0.152099 -0.130979
v 0.0302336 0.392702 -0.124456
v 0.0117937 0.391759 -0.124257
v 0.0139855 0.372636 -0.124188
v -0.0437908 0.328562 -0.123908
v -0.0239168 0.349856 -0.12389
v 0.0487751 0.427762 -0.127529
v 0.0365235 0.469576 -0.141558
v 0.0103221 0.471972 -0.140654
v -0.106727 0.0902269 -0.142554
v -0.12688 0.113707 -0.140615
v -0.0621153 0.19409 -0.124174
v -0.0634767 0.213458 -0.12408
v -0.0439594 0.27227 -0.123991
v -0.0653507 0.289061 -0.123987
v -0.0649436 0.251588 -0.124025
v -0.101296 0.172088 -0.125074
v 0.0411751 0.409436 -0.125322
v 0.0650366 0.394173 -0.125735
v 0.0478146 0.393334 -0.124956
v -0.00381174 0.351718 -0.123997
v 0.0161513 0.353514 -0.124121
v -0.00380704 0.370791 -0.123968
v -0.0441681 0.291043 -0.123948
v -0.0655852 0.307792 -0.123956
v -0.0443677 0.309831 -0.1239
v -0.0239301 0.33079 -0.12392
v 0.0556518 0.444777 -0.132134
v 0.0318949 0.452026 -0.131688
v -0.132706 0.13272 -0.135012
v -0.0805793 0.17274 -0.124587
v -0.0601964 0.174137 -0.124351
v -0.0828517 0.19231 -0.124295
v -0.0396008 0.175841 -0.124226
v -0.0415036 0.195891 -0.124098
v -0.043381 0.253308 -0.124016
v -0.0859929 0.230827 -0.124052
v -0.0642804 0.232537 -0.12405
v 0.0330928 0.374209 -0.124333
v 0.0525411 0.37535 -0.124668
v -0.00371038 0.332778 -0.124014
v 0.0350723 0.355124 -0.124276
v -0.0232502 0.293347 -0.123951
v -0.0236679 0.311995 -0.123935
v 0.0619706 0.460333 -0.141557
v -0.164565 0.123038 -0.138006
v -0.113805 0.13184 -0.130051
v -0.0422523 0.215122 -0.124061
v -0.0428082 0.234215 -0.124039
v -0.0195986 0.178139 -0.124244
v -0.0778943 0.15276 -0.125133
v 0.071701 0.378227 -0.125385
v 0.089842 0.383116 -0.12662
v -0.00292006 0.295425 -0.124043
v -0.003344 0.314076 -0.124029
v 0.0162855 0.33459 -0.124142
v -0.0224826 0.255415 -0.124017
v -0.0230294 0.274539 -0.123998
v 0.0678873 0.420025 -0.128072
v 0.0781013 0.431815 -0.13208
v -0.109692 0.111791 -0.135324
v -0.0945767 0.131691 -0.127647
v -0.0576774 0.154102 -0.12473
v 0.000321713 0.180406 -0.124262
v -0.0212736 0.197995 -0.124094
v -0.00100298 0.200214 -0.124138
v -0.00103437 0.219491 -0.124118
v -0.0748839 0.132394 -0.126415
v 0.0809703 0.401518 -0.12724
v 0.0375805 0.31784 -0.124322
v 0.0552793 0.3567 -0.124545
v 0.0169753 0.315958 -0.124156
v 0.0364314 0.336371 -0.124281
v -0.0219433 0.236317 -0.124036
v -0.129353 0.095518 -0.14103
v -0.0179319 0.158021 -0.124442
v -0.0549617 0.133489 -0.125692
v 0.0760287 0.360026 -0.125121
v 0.0786038 0.341231 -0.125053
v 0.0567007 0.338225 -0.124549
v 0.0180375 0.297427 -0.124143
v -0.0214542 0.217278 -0.124055
v 0.0869844 0.445111 -0.141236
v -0.150004 0.105946 -0.136791
v -0.0884156 0.0904578 -0.140552
v -0.0376622 0.155806 -0.124482
v 0.00182274 0.160245 -0.124468
v 0.0206641 0.163132 -0.124599
v 0.0198557 0.182843 -0.124345
v 0.0193512 0.202429 -0.124193
v 0.0196191 0.221688 -0.124204
v -0.00128441 0.238711 -0.124085
v 0.0963024 0.364986 -0.126313
v 0.0998568 0.345277 -0.126031
v 0.0804759 0.322499 -0.125008
v 0.102578 0.326338 -0.125928
v 0.0581804 0.319772 -0.124554
v 0.0597199 0.30134 -0.12457
v 0.0612595 0.282907 -0.124586
v 0.0820329 0.303888 -0.12499
v 0.0402508 0.280887 -0.124342
v 0.0389859 0.299366 -0.12432
v 0.0192048 0.278886 -0.124201
v -0.0892027 0.395029 -0.125586
v -0.0691956 0.091076 -0.136228
v -0.0353223 0.135454 -0.125271
v 0.0393329 0.166389 -0.124715
v 0.0398299 0.18586 -0.124498
v 0.0224237 0.142877 -0.125092
v 0.0198715 0.240876 -0.124223
v 0.0403981 0.204916 -0.124442
v 0.0614491 0.207452 -0.124715
v 0.0406583 0.224083 -0.124408
v -0.00169497 0.257748 -0.124073
v 0.0196411 0.259918 -0.124229
v 0.0409772 0.262088 -0.124385
v -0.00199498 0.276794 -0.124067
v 0.104254 0.306952 -0.125807
v 0.107736 0.393343 -0.129636
v 0.0834475 0.285325 -0.125021
v 0.0954941 0.413652 -0.130776
v 0.108021 0.42491 -0.139104
v 0.12357 0.403868 -0.13634
v -0.0913476 0.110922 -0.131576
v -0.0719989 0.111421 -0.129215
v -0.0158282 0.137642 -0.125117
v 0.0608916 0.188207 -0.12485
v 0.00356852 0.139985 -0.125056
v 0.0405716 0.146272 -0.12525
v 0.0408971 0.2431 -0.124359
v 0.0616973 0.226533 -0.124671
v -0.0522508 0.112792 -0.127964
v -0.0325698 0.114759 -0.12712
v 0.120823 0.351603 -0.128106
v 0.105721 0.287623 -0.125706
v 0.115814 0.372395 -0.12872
v 0.0622626 0.264308 -0.124603
v 0.0841773 0.266517 -0.125057
v 0.0836725 0.247659 -0.125046
v 0.0831677 0.228801 -0.125035
v 0.120869 0.438973 -0.141796
v 0.0925287 0.13968 -0.128214
v -0.0679334 0.0701217 -0.142388
v -0.0467492 0.0736404 -0.141923
v 0.0445703 0.125463 -0.126753
v 0.0619136 0.245429 -0.124623
v 0.133993 0.381313 -0.133719
v 0.139325 0.415164 -0.142492
v -0.113582 0.0761292 -0.130892
v -0.091373 0.0696788 -0.1374
v 0.059321 0.169079 -0.12504
v 0.0589222 0.149533 -0.125601
v 0.126399 0.310488 -0.127367
v 0.124475 0.331092 -0.127639
v 0.0825826 0.209752 -0.125079
v -0.0495584 0.092328 -0.132745
v 0.0814401 0.190359 -0.125332
v 0.0789577 0.172214 -0.12563
v 0.0776054 0.153484 -0.126191
v 0.0258112 0.122298 -0.126498
v 0.061167 0.1298 -0.127144
v 0.0768479 0.13474 -0.127679
v 0.00635411 0.11956 -0.126518
v -0.013017 0.11705 -0.126699
v 0.127853 0.290222 -0.127212
v 0.14525 0.336117 -0.130951
v 0.140885 0.358453 -0.132043
v 0.106266 0.268161 -0.125775
v 0.128413 0.269756 -0.127173
v 0.128255 0.249636 -0.127132
v 0.105706 0.249007 -0.125847
v 0.105113 0.229902 -0.125912
v -0.0266012 0.0759738 -0.139798
v -0.0295399 0.0943796 -0.131203
v 0.0997886 0.173065 -0.126577
v 0.102365 0.191302 -0.126251
v 0.0103187 0.0992485 -0.129865
v 0.0300036 0.101964 -0.12973
v 0.150889 0.390173 -0.142633
v 0.158399 0.365351 -0.141392
v 0.0962791 0.156196 -0.127339
v 0.147909 0.314039 -0.130165
v 0.127663 0.230089 -0.127168
v 0.104266 0.21072 -0.125979
v -0.0064801 0.0781796 -0.137834
v -0.00951032 0.096634 -0.130166
v 0.0851699 0.11901 -0.13093
v 0.102164 0.129654 -0.131364
v 0.149498 0.29225 -0.129913
v 0.123771 0.19026 -0.127826
v 0.125774 0.210409 -0.127463
v 0.120059 0.169532 -0.128782
v 0.0494561 0.105871 -0.129873
v 0.150458 0.270738 -0.129723
v 0.163871 0.341203 -0.138465
v 0.0139074 0.0806064 -0.137057
v 0.0672224 0.111132 -0.130406
v 0.114465 0.148741 -0.130116
v 0.150366 0.249917 -0.12963
v 0.167699 0.317208 -0.136277
v 0.170136 0.293598 -0.135267
v 0.146817 0.20714 -0.130335
v 0.149337 0.228802 -0.129894
v 0.03447 0.0834323 -0.137072
v 0.143475 0.185286 -0.131335
v 0.171187 0.270717 -0.13508
v 0.182666 0.346058 -0.142214
v 0.186415 0.320121 -0.142931
v 0.138201 0.162253 -0.132843
v 0.12804 0.139174 -0.136053
v 0.17677 0.372141 -0.139167
v 0.171037 0.248472 -0.135336
v 0.188243 0.295297 -0.143031
v 0.189819 0.270966 -0.143122
v 0.169727 0.225918 -0.13578
v 0.0573677 0.408437 -0.125988
v 0.160133 0.178531 -0.139024
v 0.165759 0.202424 -0.136673
v -0.14195 0.115941 -0.142567
v -0.127306 0.454493 -0.122372
v 0.190193 0.247078 -0.143278
v -0.110453 0.465651 -0.122037
v 0.0126243 0.495152 -0.122339
v 0.011688 0.490577 -0.102856
v 0.187994 0.223098 -0.142632
v -0.106526 0.46037 -0.140205
v -0.122985 0.449245 -0.140355
v 0.0320088 0.492404 -0.122585
v 0.0320718 0.487687 -0.102662
v 0.352197875 -0.39490025 0.0416002625
v 0.34485775 -0.40914275 0.030594775
v 0.344240875 -0.40194275 0.01272105125
v 0.358071375 -0.377202125 0.0480191
v 0.352096203125 -0.384092875 0.0223395682813
v 0.33482425 -0.404474125 -0.01519621125
v 0.359132875 -0.36470525 0.0363198875
v 0.34173825 -0.393990875 -0.004456905
v 0.360529 -0.347372 0.03980885
v 0.329813 -0.400756125 -0.0302962375
v 0.3220765 -0.413590625 -0.0383720625
v 0.270449125 -0.21246075 -0.0346999
v 0.348664046875 -0.371889453125 0.00401648390625
v 0.33657853125 -0.37856684375 -0.02372827625
v 0.353157375 -0.34961925 0.01390869375
v 0.355821875 -0.33872125 0.0264927875
v 0.31491825 -0.410536875 -0.0538957
v 0.322286609375 -0.389998359375 -0.0495356078125
v 0.341596125 -0.356053875 -0.01536224375
v 0.327563 -0.366062375 -0.044810175
v 0.305899 -0.40542325 -0.071252525
v 0.31183775 -0.3812725 -0.0698503625
v 0.346599125 -0.344670875 -0.00188575
v 0.332968125 -0.35360975 -0.0331600625
v 0.318184625 -0.366570875 -0.061438325
v 0.346851375 -0.322444375 0.0071324025
v 0.301470375 -0.38297075 -0.0844678625
v 0.296872625 -0.3986385 -0.086155925
v 0.338026125 -0.335276375 -0.017730305
v 0.34617225 -0.30673925 0.016797545
v 0.287002625 -0.418124375 -0.0911084625
v 0.330071125 -0.331774375 -0.0343271625
v 0.281642375 -0.399195125 -0.1026553875
v 0.215421625 0.101001075 -0.051460825
v 0.34282725 -0.288089875 0.0258293125
v 0.339294625 -0.322196125 -0.008083435
v 0.276745875 -0.414832125 -0.1028570125
v 0.33428696875 -0.300317109375 -0.00101975078125
v 0.32747190625 -0.31197215625 -0.0273609860938
v 0.26145425 -0.0575141125 -0.00551737125
v 0.3214435 -0.3287515 -0.050554575
v 0.319200625 -0.342987625 -0.0588705375
v 0.317025875 -0.30504928125 -0.0452753078125
v 0.3366505 -0.2715055 0.0324205125
v 0.3234895 -0.293129515625 -0.0189432165625
v 0.32981153125 -0.282590203125 0.008916768125
v 0.30981825 -0.341017125 -0.0745816125
v 0.309028921875 -0.319792359375 -0.0693175984375
v 0.323894875 -0.265640625 0.0197299225
v 0.31825853125 -0.27577190625 -0.00864527484375
v 0.31278275 -0.285624296875 -0.0368504201562
v 0.306292625 -0.29875915625 -0.062698759375
v 0.31197625 -0.258730625 0.0065154225
v 0.307181625 -0.26783084375 -0.0264984775
v 0.30186078125 -0.278423359375 -0.0544404921875
v 0.299103125 -0.339654625 -0.089658475
v 0.300036125 -0.251933203125 -0.0146393960937
v 0.290728484375 -0.272455390625 -0.07164608125
v 0.297148796875 -0.314911921875 -0.086206925
v 0.296174265625 -0.25962078125 -0.0442492359375
v 0.29485565625 -0.29349915625 -0.0797555265625
v 0.302510625 -0.246394 0.01182379875
v 0.28516878125 -0.252407875 -0.0617591
v 0.294433 -0.354837625 -0.0960750625
v 0.27791821875 -0.233365234375 -0.05044995625
v 0.28881415625 -0.2425636875 -0.0323761264062
v 0.282112828125 -0.2894501875 -0.0961581453125
v 0.283434625 -0.332610609375 -0.1067689
v 0.29123575 -0.23793575 0.0026142575
v 0.277444875 -0.224917125 -0.01884898625
v 0.27389878125 -0.247856625 -0.079344478125
v 0.28373334375 -0.31094246875 -0.102268442187
v 0.28313075 -0.357366 -0.108303775
v 0.278734328125 -0.268311375 -0.0884765921875
v 0.276574 -0.37259875 -0.112933875
v 0.265551625 -0.350816375 -0.123952
v 0.279684 -0.228468125 0.01325813875
v 0.2682410625 -0.22774140625 -0.0693808921875
v 0.26516640625 -0.265234640625 -0.104509865625
v 0.266844625 -0.310067875 -0.119621375
v 0.26763971875 -0.2863489375 -0.11148405
v 0.268070375 -0.329291125 -0.121414125
v 0.264423 -0.3699975 -0.12333925
v 0.2572328125 -0.22439034375 -0.08779434375
v 0.26142475 -0.244638390625 -0.096340978125
v 0.214812875 0.1029521625 -0.0191694
v 0.26892425 -0.217764 -0.00275868
v 0.243790296875 -0.221764859375 -0.104465975
v 0.255585984375 -0.203839234375 -0.0816094375
v 0.246884078125 -0.24225828125 -0.111934135937
v 0.254032625 -0.3028085 -0.128217375
v 0.266909875 -0.220488375 0.024483175
v 0.264730734375 -0.207556140625 -0.0614629859375
v 0.265836015625 -0.18622125 -0.057799184375
v 0.251580125 -0.28398875 -0.1255585
v 0.248081875 -0.26527 -0.121859875
v 0.259287 -0.211488625 0.01329380125
v 0.267492203125 -0.164858125 -0.0545713203125
v 0.256718078125 -0.182665171875 -0.0779586296875
v 0.2430250625 -0.2008409375 -0.09918475
v 0.22618925 -0.222088375 -0.121425375
v 0.234437125 -0.258936 -0.129618375
v 0.224157 0.0852246125 -0.0164239
v 0.268821625 -0.14353 -0.0513175625
v 0.230559 -0.24043625 -0.125779625
v 0.259127875 -0.14005875 -0.071363525
v 0.271080125 -0.190310375 -0.0359938375
v 0.25808575 -0.161371703125 -0.074696809375
v 0.225588875 -0.195507375 -0.115513375
v 0.23417425 0.0417230625 -0.00297612425
v 0.273569625 -0.149334875 -0.0326415
v 0.27286225 -0.168522625 -0.0329198625
v 0.24399996875 -0.17955340625 -0.0955729390625
v 0.245164921875 -0.158200640625 -0.092180221875
v 0.24851625 -0.134344625 -0.0865378375
v 0.226374671875 0.085260721875 -0.0359330578125
v 0.21212025 -0.199666125 -0.12579975
v 0.212545375 -0.215729125 -0.129236
v 0.228631 -0.176974875 -0.110803
v 0.229742 -0.155636 -0.107247875
v 0.23095925 -0.13431925 -0.103724125
v 0.246746 -0.117463 -0.0881610875
v 0.23446375 -0.115962125 -0.098955175
v 0.26200025 -0.1156396875 -0.0711732375
v 0.2506305 -0.0949172375 -0.0824731125
v 0.267490125 -0.1005173 -0.0642603375
v 0.23501675 -0.0708303125 -0.0925305
v 0.24716225 -0.0770657125 -0.0812234375
v 0.277401125 -0.0999626125 -0.04799615
v 0.231819625 -0.0530045 -0.0923131625
v 0.261087796875 -0.077015025 -0.060396253125
v 0.246239359375 -0.0544037703125 -0.0753972515625
v 0.2300565 -0.0327293875 -0.0897914875
v 0.26975321875 -0.0798787703125 -0.0406762120312
v 0.283342625 -0.0998414 -0.0306971
v 0.25751278125 -0.0563089828125 -0.0560116203125
v 0.24391821875 -0.0339865390625 -0.0724481609375
v 0.227948 -0.01242371875 -0.0872534
v 0.2253475 0.007830925 -0.0846716375
v 0.241402890625 -0.01358832625 -0.0696338875
v 0.222235625 0.02795990625 -0.08198625
v 0.218779375 0.047971075 -0.0791445125
v 0.254379296875 -0.0357765921875 -0.0526553390625
v 0.23855934375 0.0066889471875 -0.0669380171875
v 0.275801875 -0.087945775 -0.01958070375
v 0.21324125 0.0653293625 -0.0779507875
v 0.251162625 -0.0153283182812 -0.049650871875
v 0.26386921875 -0.058650725 -0.0341914917188
v 0.2759225 -0.0924207625 -0.00408030875
v 0.200143125 0.0708979 -0.0878110625
v 0.233719 0.065551921875 -0.0383912671875
v 0.259340234375 -0.03778805625 -0.0305051170313
v 0.255016375 -0.0172280409375 -0.0277284932813
v 0.2477871875 0.0049286059375 -0.0468673
v 0.23521878125 0.026853355 -0.0641904046875
v 0.2684335 -0.0862947 0.00932732875
v 0.207650125 0.08978995 -0.0720480875
v 0.22685028125 0.066303671875 -0.0579661578125
v 0.231354 0.046842903125 -0.0612359703125
v 0.197051 0.0859489375 -0.0842824125
v 0.243913109375 0.0251407754687 -0.0442010875
v 0.2505665 0.0032243028125 -0.0251170557812
v 0.26909625 -0.0965671125 0.02365971375
v 0.233884 0.0643405125 -0.0180264
v 0.239362390625 0.04541035625 -0.0413353234375
v 0.245651046875 0.023565229375 -0.022894141
v 0.257623875 -0.03918945 -0.00693856125
v 0.251864375 -0.01792008875 -0.00505139625
v 0.2214563125 0.08471964375 -0.0545662453125
v 0.207339 0.1033664 -0.0633744875
v 0.26009225 -0.0913588875 0.0345262625
v 0.254421 -0.074720925 0.0263575375
v 0.24609575 0.003122855 -0.00340339625
v 0.23926575 0.0462949125 -0.017629428
v 0.25304725 -0.0588024625 0.01431514125
v 0.216842375 0.104463575 -0.035341225
v 0.239945 0.02396839875 -0.0018155405
v 0.3552809375 -0.3749016875 0.02747291625
v 0.358814 -0.370988 0.0421269
v 0.3556995 -0.3855925 0.0466147
v 0.352389625 -0.3896145625 0.03189398125
v 0.344127 -0.4073805 0.02219135
v 0.348317125 -0.3930710625 0.017465491875
v 0.348066 -0.4038665 0.03666235
v 0.345518625 -0.3810710625 -0.0009147925
v 0.3508324375 -0.3780991875 0.013088891875
v 0.3435665 -0.3961925 0.003452855
v 0.3512705625 -0.36268925 0.009306713125
v 0.355976 -0.3596300625 0.02366351
v 0.33335975 -0.387948 -0.027899749375
v 0.33966875 -0.384183125 -0.014541255
v 0.3383905 -0.399199 -0.009851895
v 0.3323405 -0.4024735 -0.02295395
v 0.354575 -0.344262 0.020173
v 0.3584325 -0.340667 0.03450895
v 0.3602335 -0.356109 0.03797985
v 0.339394375 -0.369243125 -0.019227283125
v 0.34565675 -0.365719625 -0.00500312375
v 0.32536325 -0.3797784375 -0.04663420625
v 0.332628125 -0.37377225 -0.033320075
v 0.326388375 -0.393379375 -0.04048901875
v 0.3185245 -0.4136275 -0.04535405
v 0.3187239375 -0.40025775 -0.051859925
v 0.3261155 -0.406881 -0.0343942
v 0.344244 -0.3501605 -0.008435075
v 0.3500345 -0.347123 0.006058975
v 0.330318 -0.359616 -0.03901115
v 0.3372825 -0.354813 -0.0244405
v 0.3092106875 -0.3950109375 -0.0697034875
v 0.3175615625 -0.3871138125 -0.0587091875
v 0.3107165 -0.407864 -0.06255255
v 0.3150685 -0.37384 -0.06574155
v 0.322934 -0.3661795 -0.05337355
v 0.297697 -0.390209 -0.08753995
v 0.3067445 -0.382154 -0.0773319
v 0.3004455 -0.403029 -0.07992355
v 0.3361220625 -0.3095259375 -0.005367125
v 0.340138125 -0.3035888125 0.00789759
v 0.3473815 -0.3161805 0.01251163
v 0.343106 -0.322273 -0.00057114
v 0.2810435 -0.419071 -0.09703605
v 0.27747 -0.4064515 -0.104734
v 0.2876895 -0.398329 -0.09660955
v 0.291263 -0.4109485 -0.0889116
v 0.3288751875 -0.3218100625 -0.03094357125
v 0.33252475 -0.3154963125 -0.018326813125
v 0.3385665 -0.3287435 -0.01288892
v 0.334778 -0.335156 -0.0253503
v 0.3322180625 -0.2913405 0.003781001875
v 0.33620075 -0.2854375625 0.017424329375
v 0.3446995 -0.2973785 0.02122115
v 0.3186278125 -0.3151764375 -0.0487918375
v 0.322292125 -0.3084653125 -0.03636283125
v 0.3251545 -0.3285235 -0.04323915
v 0.3269635625 -0.2740603125 0.014269183125
v 0.3306945 -0.267813 0.02776475
v 0.3404195 -0.278865 0.0306689
v 0.3256539375 -0.3023870625 -0.023380413125
v 0.32880175 -0.296802875 -0.009971863125
v 0.3210468125 -0.28427425 -0.013990760625
v 0.323896875 -0.27935275 0.000204050625
v 0.3150744375 -0.2951689375 -0.04130376875
v 0.31815725 -0.2893804375 -0.027918280625
v 0.30791125 -0.309227125 -0.06620368125
v 0.311713625 -0.3017975625 -0.054041375
v 0.3145000625 -0.32254225 -0.06066849375
v 0.315301 -0.343594 -0.0660108
v 0.3095681875 -0.3303953125 -0.0720459875
v 0.3203535 -0.3358065 -0.05474175
v 0.3042505 -0.288448 -0.05879735625
v 0.30734375 -0.28192975 -0.045693
v 0.3101600625 -0.27650425 -0.031888461875
v 0.31269825 -0.271894375 -0.01756266
v 0.3150573125 -0.267573125 -0.00302898875
v 0.317595 -0.2628415 0.01134434
v 0.2975035625 -0.325681875 -0.08882183125
v 0.303261125 -0.3172429375 -0.077843925
v 0.303916 -0.3386485 -0.08300205
v 0.296254125 -0.3041785625 -0.08318469375
v 0.300700125 -0.2959830625 -0.0712851875
v 0.3038226875 -0.259626125 -0.020761050625
v 0.3056758125 -0.25605575 -0.005841325
v 0.299199375 -0.2688149375 -0.0495691875
v 0.30167425 -0.263692 -0.0354031
v 0.2929895 -0.2828910625 -0.0759198125
v 0.296354375 -0.2752316875 -0.06308736875
v 0.2957748125 -0.2447951875 -0.00809672875
v 0.2970325 -0.241919 0.007109005
v 0.30722 -0.252623 0.00915059
v 0.2926934375 -0.2508389375 -0.03854643125
v 0.2944139375 -0.2473718125 -0.023482761875
v 0.2881454375 -0.26229325 -0.0669028625
v 0.2906798125 -0.255760125 -0.05300959375
v 0.2838166875 -0.3217684375 -0.10471736875
v 0.2906440625 -0.31281725 -0.09436605
v 0.2905970625 -0.3344609375 -0.0990366625
v 0.2888975 -0.3561085 -0.1023086
v 0.2826145625 -0.3434365 -0.10843165625
v 0.2968885 -0.347202 -0.09293725
v 0.2845936875 -0.2348893125 -0.025653674375
v 0.2854435 -0.23361375 -0.009732614375
v 0.2764821875 -0.2580146875 -0.0840775625
v 0.2796190625 -0.249861875 -0.07057268125
v 0.2848870625 -0.270195125 -0.08012908125
v 0.28867875 -0.2913373125 -0.08806464375
v 0.280624875 -0.2788110625 -0.09250798125
v 0.2831571875 -0.3001651875 -0.0994135
v 0.2817269375 -0.2428025 -0.0562837375
v 0.2832416875 -0.2377009375 -0.04132419375
v 0.2710144375 -0.2377728125 -0.074310925
v 0.2730654375 -0.23013825 -0.05987640625
v 0.2659905625 -0.2177405625 -0.06495836875
v 0.2677155 -0.210164625 -0.05027841875
v 0.2738409375 -0.2239841875 -0.0442309375
v 0.2744905 -0.220816 -0.02780195
v 0.2665773125 -0.275737625 -0.10816191875
v 0.2721745 -0.266664625 -0.0966288375
v 0.2751013125 -0.2877904375 -0.1039816375
v 0.2764030625 -0.309271125 -0.10986124375
v 0.2683288125 -0.297034375 -0.11445405625
v 0.2686945 -0.3184935 -0.1195525
v 0.2758564375 -0.33091275 -0.1141734375
v 0.2735838125 -0.3524989375 -0.1169151875
v 0.266997 -0.340067 -0.122874
v 0.274701 -0.2227845 -0.010658995
v 0.274304125 -0.2231160625 0.005249729375
v 0.2855705 -0.233182 0.005947605
v 0.2591964375 -0.234509375 -0.09194089375
v 0.2630028125 -0.225896125 -0.0787407625
v 0.2678760625 -0.246126625 -0.08796863125
v 0.2634318125 -0.2548741875 -0.10055009375
v 0.2700325 -0.3739815 -0.118283
v 0.2638115 -0.3615345 -0.124668
v 0.2799815 -0.3649615 -0.1107265
v 0.26278 -0.2132015 0.005325255
v 0.261464 -0.215017 0.02084795
v 0.2732235 -0.2246045 0.02069495
v 0.2560198125 -0.2141845 -0.08434583125
v 0.2606426875 -0.2055241875 -0.071883275
v 0.24838975 -0.2525626875 -0.1156312875
v 0.2544186875 -0.2433584375 -0.10435735625
v 0.257668875 -0.2640011875 -0.112043725
v 0.2597235625 -0.2851165625 -0.1186143125
v 0.250924 -0.273397 -0.1226435
v 0.2518385 -0.294564 -0.1280845
v 0.260496 -0.306408 -0.123953
v 0.243110375 -0.21136225 -0.10154401875
v 0.24969525 -0.20227175 -0.090711625
v 0.2508131875 -0.223012 -0.0963799625
v 0.2451995625 -0.2320279375 -0.10807085625
v 0.22761475 -0.209123625 -0.11640655
v 0.23563 -0.199566 -0.107023725
v 0.2362105 -0.2206526875 -0.1120207375
v 0.238847125 -0.2413094375 -0.1189876875
v 0.229365 -0.230042 -0.122455
v 0.243399625 -0.19022175 -0.09726793125
v 0.2507646875 -0.18104525 -0.087102225
v 0.255959875 -0.1933019375 -0.07959924375
v 0.261784625 -0.1843791875 -0.06815381875
v 0.264929375 -0.196974 -0.059314375
v 0.2412655 -0.262089 -0.125728
v 0.231559 -0.250893 -0.1289015
v 0.2687439375 -0.1882253125 -0.04700611875
v 0.269932 -0.201831 -0.03672485
v 0.2574371875 -0.1720215 -0.076330975
v 0.263303625 -0.1630865 -0.06490719375
v 0.2667001875 -0.175525 -0.0562040625
v 0.2704779375 -0.16667825 -0.0438435625
v 0.2720345 -0.1792825 -0.0346239
v 0.2586323125 -0.1507165625 -0.0730366625
v 0.2644745 -0.1417845 -0.0616362
v 0.268182375 -0.1541935 -0.05294326875
v 0.27191 -0.1453115 -0.04050225
v 0.2736305 -0.157806 -0.03118655
v 0.244592 -0.168884625 -0.09387915
v 0.252012125 -0.1597220625 -0.08378579375
v 0.228158 -0.187674 -0.112608
v 0.2364994375 -0.178223625 -0.10335910625
v 0.2101095 -0.207507 -0.1290595
v 0.2187615 -0.1975855 -0.1205975
v 0.219244 -0.2189535 -0.1251885
v 0.2457079375 -0.1474866875 -0.0904698125
v 0.253041 -0.1383365 -0.0804049
v 0.22917 -0.1662995 -0.10902
v 0.2376263125 -0.1568705 -0.09988616875
v 0.230314 -0.1449725 -0.1054755
v 0.2388641875 -0.1354611875 -0.09643239375
v 0.231751 -0.1236865 -0.102015
v 0.240872 -0.114034 -0.0931517
v 0.247856 -0.12581 -0.08753985
v 0.2580309375 -0.096280275 -0.0741386375
v 0.264927 -0.10816425 -0.067816
v 0.256266 -0.1168805 -0.07776595
v 0.250156 -0.10496805 -0.08424435
v 0.2552095625 -0.07582889375 -0.0697154625
v 0.263420375 -0.08729513125 -0.06305814375
v 0.249998 -0.0848367 -0.0806235
v 0.265988375 -0.07834353125 -0.0506779
v 0.27344525 -0.0900235 -0.0443034625
v 0.2721335 -0.09876195 -0.05707235
v 0.239241625 -0.05366694375 -0.0840367875
v 0.24734475 -0.06461168125 -0.076921275
v 0.241027 -0.07394355 -0.08680085
v 0.232556 -0.0630861 -0.09358715
v 0.2523885625 -0.0552893625 -0.06603139375
v 0.2591745625 -0.06666281875 -0.05805416875
v 0.27222425 -0.0816851 -0.030506998125
v 0.2798195 -0.0933519 -0.02504555
v 0.281837 -0.1011837 -0.03877585
v 0.2372145625 -0.033317 -0.08129875625
v 0.2450989375 -0.0441952 -0.07390613125
v 0.2309825 -0.0428791 -0.0910509
v 0.2614355625 -0.05744789375 -0.0454103375
v 0.266588875 -0.06932280625 -0.037179835625
v 0.2497130625 -0.03481993125 -0.0628818375
v 0.2559345625 -0.0460239875 -0.0542483375
v 0.23492275 -0.0129619725 -0.078619725
v 0.2426919375 -0.02377835625 -0.0710235875
v 0.2290535 -0.02257485 -0.08852605
v 0.2645260625 -0.05986210625 -0.022319029375
v 0.2690448125 -0.074212375 -0.01539445875
v 0.257697125 -0.0368159375 -0.04182421875
v 0.26151125 -0.04815764375 -0.03208833875
v 0.2468938125 -0.01439088 -0.059943725
v 0.252786375 -0.02553555625 -0.05112364375
v 0.232218125 0.0073098775 -0.075980525
v 0.240033875 -0.00343412375 -0.0682805375
v 0.2267145 -0.002284225 -0.08597235
v 0.2290110625 0.02745578375 -0.07325655625
v 0.23695375 0.0167855825 -0.06558080625
v 0.2238415 0.017909025 -0.08334
v 0.24384175 0.00586825125 -0.05719271875
v 0.249514875 -0.005182316875 -0.04823464375
v 0.2253688125 0.047428425 -0.070347
v 0.233356125 0.0368898375 -0.0627483125
v 0.220569 0.0379934 -0.0806192
v 0.221127625 0.06692534375 -0.06692481875
v 0.229200625 0.056660425 -0.05963481875
v 0.2168045 0.0578545 -0.07746785
v 0.2539764375 -0.016359325625 -0.0388569625
v 0.2571814375 -0.02748645625 -0.029076566875
v 0.2402910625 0.02605431375 -0.0544513375
v 0.245923625 0.015030608125 -0.04554118125
v 0.2648955 -0.07318564375 0.001200625625
v 0.272134 -0.08899265 0.00277389
v 0.275824 -0.0898536 -0.012062065
v 0.196614 0.07856645 -0.08785015
v 0.202406 0.0879073 -0.0783181
v 0.212065125 0.0773222 -0.07312195
v 0.2066865 0.06808135 -0.0829549
v 0.2162563125 0.08567961875 -0.06288633125
v 0.22425725 0.0757339125 -0.0562512875
v 0.2501175 0.0039508275 -0.03608443125
v 0.2528265625 -0.0069880075 -0.02638670125
v 0.2589823125 -0.0385430375 -0.018814674375
v 0.260692 -0.04999665 -0.00791756
v 0.2539635625 -0.017678603125 -0.016431960625
v 0.2547115 -0.02851055 -0.005972585
v 0.248868 0.00303841875 -0.014238116875
v 0.248992 -0.007378205 -0.00420676
v 0.245770125 0.024194855625 -0.0336013875
v 0.2481906875 0.01339954875 -0.023985421875
v 0.2361306875 0.0461716375 -0.05149790625
v 0.2417445625 0.03527619375 -0.04279181875
v 0.257449 -0.0583238 0.003654215
v 0.25262 -0.06532685 0.02118335
v 0.2605505 -0.0783484125 0.017505774375
v 0.256704 -0.08380865 0.0319364
v 0.265209 -0.0961405 0.03073345
v 0.268796 -0.09105235 0.016406805
v 0.2110235 0.1030463 -0.0579927
v 0.21848225 0.0930293625 -0.05298706875
v 0.2077545 0.0969453 -0.06756325
v 0.2248801875 0.08481783125 -0.045481875
v 0.230315 0.07547238125 -0.03699324375
v 0.2311415 0.06591711875 -0.0483760875
v 0.236711 0.05551675625 -0.03985355
v 0.240712625 0.0445547875 -0.0309507375
v 0.2428995 0.03374884375 -0.021745554625
v 0.2433448125 0.023600571875 -0.0123212515
v 0.243177 0.013590845 -0.002606025
v 0.2343005 0.06499431875 -0.02824835625
v 0.237775 0.05395715 -0.0192077
v 0.236646 0.0439861 -0.010363612
v 0.236109 0.03419815 -0.001032837
v 0.217147 0.1022468 -0.0438218
v 0.2217736875 0.09489953125 -0.0354842875
v 0.218571 0.09542715 -0.0165125
v 0.2257865 0.08533485625 -0.02621963125
v 0.2151505 0.1053315 -0.0262847
v 0.229303 0.0748127 -0.0170135
v 0.355755 -0.380373 0.03696625
v 0.3484115 -0.39856925 0.026998475
v 0.347343 -0.387171 0.0081942925
v 0.35374775 -0.36892675 0.018289815
v 0.3360965 -0.39334125 -0.0188222975
v 0.35740425 -0.3501855 0.029076425
v 0.3428735 -0.37497325 -0.0099614325
v 0.3297375 -0.38348375 -0.0371913
v 0.322573 -0.40345775 -0.043094575
v 0.3479645 -0.35643025 0.0004133775
v 0.335068 -0.36424625 -0.028994
v 0.31426175 -0.39750425 -0.060755225
v 0.3203705 -0.376662 -0.056165725
v 0.303595 -0.3925915 -0.078627725
v 0.34168275 -0.31289275 0.0035841625
v 0.2843665 -0.4087 -0.0968228
v 0.3337635 -0.32525925 -0.02192836
v 0.33835075 -0.2944375 0.0125272675
v 0.32381625 -0.318431 -0.039910325
v 0.33356825 -0.27658775 0.02253991
v 0.3308375 -0.306001 -0.0143660525
v 0.3265175 -0.2879315 -0.00507003
v 0.32039625 -0.29875325 -0.032378
v 0.313351 -0.31210075 -0.057551325
v 0.31505025 -0.33305125 -0.06342885
v 0.3096985 -0.2917035 -0.050102675
v 0.31560375 -0.2804325 -0.0229461225
v 0.320852 -0.2710325 0.0057149825
v 0.3037285 -0.327938 -0.0805232
v 0.302234 -0.30657875 -0.0747638
v 0.30940325 -0.263751 -0.0118690275
v 0.3046875 -0.2725875 -0.040770125
v 0.2987125 -0.2854935 -0.06741045
v 0.301473 -0.248862 0.0005443475
v 0.2982485 -0.2552585 -0.029660975
v 0.293709 -0.26531925 -0.058263725
v 0.29086575 -0.3236295 -0.096903225
v 0.2898635 -0.34528625 -0.100772125
v 0.29017425 -0.24011675 -0.0168074725
v 0.28243775 -0.25992975 -0.075535725
v 0.2869865 -0.28069175 -0.0843033
v 0.2899065 -0.3020495 -0.091419375
v 0.28717025 -0.24655825 -0.04739505
v 0.2764115 -0.23995775 -0.0652894
v 0.26983125 -0.22032425 -0.054524225
v 0.2789555 -0.2291755 -0.034701125
v 0.273826 -0.2771645 -0.100480925
v 0.27597225 -0.29849925 -0.107112725
v 0.276358 -0.32008625 -0.11221425
v 0.27491775 -0.34171875 -0.1157405
v 0.28013575 -0.22798325 -0.002355695
v 0.26532625 -0.2359965 -0.0832472
v 0.270175 -0.256334 -0.092443625
v 0.2718965 -0.363248 -0.11769725
v 0.26800175 -0.218903 0.0130101025
v 0.261383 -0.215778 -0.07491075
v 0.25616825 -0.25362175 -0.10831315
v 0.25886625 -0.274516 -0.11549075
v 0.260204 -0.29575325 -0.1213745
v 0.24991225 -0.212708 -0.093228075
v 0.2524745 -0.233192 -0.100234675
v 0.23566425 -0.210161 -0.1092802
v 0.23741075 -0.23100075 -0.11539175
v 0.25008575 -0.191695 -0.088763225
v 0.26095775 -0.19501675 -0.06978445
v 0.24010175 -0.251683 -0.122403
v 0.26772475 -0.19930825 -0.04818455
v 0.26257975 -0.173735 -0.066530925
v 0.269658 -0.177386 -0.045506625
v 0.26391675 -0.152436 -0.06327405
v 0.27121475 -0.15599 -0.042174425
v 0.251413 -0.17039 -0.085447975
v 0.23596575 -0.188908 -0.1051049
v 0.21900275 -0.2082695 -0.122893
v 0.2525435 -0.14903425 -0.082101
v 0.237059 -0.1675495 -0.101621725
v 0.23818325 -0.1461715 -0.09814585
v 0.2398035 -0.12474825 -0.094777425
v 0.2575415 -0.10656615 -0.076030175
v 0.25694825 -0.08605135 -0.071935575
v 0.26893625 -0.088597175 -0.0538017
v 0.240152 -0.0638113 -0.085417325
v 0.253731 -0.065562425 -0.067772775
v 0.27689675 -0.091640125 -0.03470065
v 0.2382605 -0.043498375 -0.082662225
v 0.26353925 -0.06791215 -0.0478478
v 0.25105825 -0.045047125 -0.0644152
v 0.23610975 -0.023134225 -0.0799515
v 0.26808725 -0.070907175 -0.0260764425
v 0.259524 -0.047095625 -0.04346445
v 0.248326 -0.024592 -0.06138895
v 0.23363025 -0.002812165 -0.0773027
v 0.23067225 0.017398835 -0.0746333
v 0.24541325 -0.00424412 -0.05855335
v 0.227253 0.0374818 -0.071845825
v 0.22332925 0.0572472 -0.068705975
v 0.2558475 -0.026569425 -0.040303725
v 0.24213675 0.015966205 -0.055836725
v 0.270472 -0.080785525 -0.0059907225
v 0.20454625 0.077994325 -0.0806365
v 0.21875725 0.076450075 -0.0650056
v 0.25208525 -0.0061888775 -0.037437925
v 0.261581 -0.04910565 -0.020144805
v 0.25646025 -0.0280795 -0.0175895425
v 0.251441 -0.0073039125 -0.01530448
v 0.24801675 0.0140686975 -0.0348343
v 0.2382975 0.03613715 -0.053002525
v 0.25887 -0.06852215 0.010631985
v 0.26275 -0.0874305 0.0241716025
v 0.213663 0.0944722 -0.060505025
v 0.22819975 0.075529675 -0.04682285
v 0.23376525 0.0561147 -0.0499451
v 0.24336475 0.034359425 -0.03229955
v 0.24622 0.0133422375 -0.0132638875
v 0.23772575 0.054773325 -0.0295769
v 0.24009025 0.03380645 -0.0113496685
v 0.221123 0.09364705 -0.04454965
v 0.22062275 0.095361075 -0.0260825
v 0.23033325 0.07519705 -0.027035425
v 0.0088938309375 -0.036917153125 -0.14716075
v -0.01478253125 -0.0583586609375 -0.14904359375
v 0.007966815625 -0.0596131671875 -0.14933078125
v -0.0158046926563 -0.0810014828125 -0.15091040625
v -0.0169057960938 -0.103618278125 -0.15269034375
v 0.005900046875 -0.105006204688 -0.15305596875
v 0.0047541734375 -0.12765096875 -0.154890734375
v 0.02755789375 -0.12917240625 -0.1546206875
v 0.053437084375 -0.0625089859375 -0.1479850625
v 0.0770255015625 -0.041349009375 -0.144199390625
v 0.0761453640625 -0.064127265625 -0.146327515625
v 0.0751853890625 -0.086943990625 -0.148255234375
v 0.074159865625 -0.109731435937 -0.150150765625
v 0.0731097828125 -0.132479890625 -0.1522604375
v 0.0697302921875 -0.200006734375 -0.16186396875
v 0.068498546875 -0.221996515625 -0.16746309375
v 0.067226665625 -0.243755578125 -0.173971703125
v 0.09021975625 -0.24575171875 -0.172158625
v 0.159306625 -0.230352609375 -0.154870640625
v 0.184132625 -0.23022825 -0.14716825
v 0.199846875 -0.2374745 -0.142803375
v 0.20118153125 -0.2801598125 -0.153095328125
v 0.21893084375 -0.328360046875 -0.151228125
v 0.236903375 -0.353979625 -0.14232925
v 0.22722525 -0.39631375 -0.141996875
v 0.208696625 -0.396743375 -0.150263875
v 0.187414125 -0.394136875 -0.158447875
v 0.212706078125 -0.374134265625 -0.151906296875
v 0.216165671875 -0.351313640625 -0.152349140625
v 0.191361859375 -0.371530640625 -0.160428921875
v 0.165591 -0.39150575 -0.165354
v 0.1433585 -0.388785625 -0.171126625
v 0.124647773437 -0.363434828125 -0.178293765625
v 0.1471479375 -0.366223265625 -0.173381296875
v 0.1728551875 -0.346117875 -0.16832196875
v 0.17573540625 -0.323192 -0.1675870625
v 0.153426125 -0.32055521875 -0.173586984375
v 0.130895828125 -0.317889515625 -0.178510703125
v 0.12805115625 -0.3407344375 -0.179312171875
v 0.105413996875 -0.337969171875 -0.183534453125
v 0.0987771 -0.363018625 -0.182839375
v 0.101499125 -0.38043725 -0.179922625
v 0.1208455625 -0.3858995 -0.17597275
v -0.0889025375 -0.20901775 -0.162316
v 0.0793646625 -0.357673 -0.186164625
v 0.0826728046875 -0.335188671875 -0.186952265625
v 0.056637025 -0.334967125 -0.190102375
v 0.0173294375 -0.325235625 -0.192809125
v 0.01350125875 -0.30813275 -0.192221875
v -0.006530335 -0.3038635 -0.192454
v 0.018276690625 -0.28353659375 -0.18798871875
v 0.0414359953125 -0.28547184375 -0.187048265625
v 0.03970085625 -0.3076528125 -0.190486625
v 0.06264741875 -0.30999728125 -0.1886401875
v 0.108258289062 -0.315206234375 -0.18266871875
v 0.155629765625 -0.297691359375 -0.171011546875
v 0.179438984375 -0.277644421875 -0.1606026875
v 0.18048096875 -0.255196140625 -0.1549943125
v 0.157198453125 -0.2750523125 -0.166687734375
v 0.134647859375 -0.272494140625 -0.17150609375
v 0.110408279687 -0.292483421875 -0.179888078125
v 0.0875320671875 -0.28998390625 -0.18301465625
v 0.0645265359375 -0.2876323125 -0.185411625
v 0.088960665625 -0.2677345 -0.17819109375
v 0.133077828125 -0.29507865625 -0.175875828125
v 0.04287573125 -0.26356178125 -0.18170790625
v 0.0442156515625 -0.241894234375 -0.175099328125
v 0.0455304171875 -0.2202131875 -0.168526734375
v -0.00184982075 -0.238541640625 -0.175600828125
v -0.0248619724688 -0.237044 -0.174924671875
v -0.0264006917188 -0.258539125 -0.18185
v -0.0310987625 -0.2828005 -0.18856675
v -0.02658579125 -0.299772625 -0.1917795
v -0.0479836875 -0.2762465 -0.1864545
v -0.0693317125 -0.2532985 -0.17841625
v -0.0478184234375 -0.23563903125 -0.173725953125
v -0.0233425687187 -0.215474375 -0.168245953125
v -0.046246753125 -0.214065703125 -0.1670455
v -0.0707611375 -0.23434075 -0.172018
v -0.0903576 -0.18953425 -0.157660375
v -0.08890865 -0.1671795 -0.154022
v -0.0675378125 -0.143072875 -0.153074625
v -0.0636394125 -0.123604875 -0.151632125
v -0.040846315625 -0.12491403125 -0.153378609375
v -0.0385730390625 -0.07983455625 -0.14983065625
v -0.039692334375 -0.1023872125 -0.1515893125
v -0.060303925 -0.056241125 -0.14634225
v -0.0622936625 -0.03647615 -0.14443925
v -0.0848601875 -0.147673625 -0.151777
v -0.0791681625 -0.0302986 -0.1421015
v -0.0813347625 -0.0105610375 -0.139823875
v -0.0995642125 0.0377834875 -0.13094625
v -0.09893195 0.0547175875 -0.128138
v 0.0376477375 0.0490020625 -0.13329375
v 0.0574963375 0.0505791625 -0.13203475
v 0.0798688 0.048997975 -0.130839
v 0.0792186484375 0.0265819860937 -0.135031078125
v 0.078541571875 0.0040345759375 -0.138676703125
v 0.101602804687 0.0249607875937 -0.13282834375
v 0.101053423437 0.0024118943125 -0.1363551875
v 0.100395479687 -0.0202715967812 -0.13919365625
v 0.077815665625 -0.0186272842187 -0.14165378125
v 0.05518229375 -0.0170390570312 -0.143259
v 0.032503956875 -0.0155802959375 -0.144210828125
v 0.0106504896875 0.0083343090625 -0.141352890625
v 0.009766038125 -0.014252114375 -0.14457725
v -0.01301444 -0.013058300625 -0.144311484375
v -0.011230225 0.031936675 -0.137244375
v -0.0340728 0.0329733625 -0.13658125
v -0.0121377110937 0.0094931775 -0.141083359375
v 0.031460475 0.0325758875 -0.136728625
v 0.0115319 0.0308269625 -0.137451
v -0.034957690625 0.0105196121875 -0.140325
v -0.0577766125 0.01135554375 -0.138957109375
v -0.0805680125 0.01200945 -0.137009625
v -0.0585639296875 -0.011210509375 -0.141871921875
v -0.0366316984375 -0.0346499140625 -0.145967984375
v -0.0357988828125 -0.0120450729688 -0.143410171875
v 0.0333467342188 0.0070532540625 -0.14102553125
v 0.055968353125 0.0056121671875 -0.140173671875
v 0.099652984375 -0.0430041640625 -0.141724265625
v 0.0987659484375 -0.0658029484375 -0.143842703125
v 0.0978450390625 -0.0886150984375 -0.14585546875
v 0.119518904687 -0.113027653125 -0.144646140625
v 0.14378621875 -0.0688540140625 -0.13592521875
v 0.142922359375 -0.09171833125 -0.138088609375
v 0.1671178125 -0.0243191806719 -0.124794265625
v 0.166642140625 -0.0471994515625 -0.127570375
v 0.190311625 0.0232720375 -0.1074051625
v 0.188070328125 -0.048231553125 -0.11954253125
v 0.18752809375 -0.071259046875 -0.122272625
v 0.186828375 -0.0942696171875 -0.124839546875
v 0.18599971875 -0.117306695313 -0.127447359375
v 0.224961625 -0.09318645 -0.1040296125
v 0.2249905 -0.0757836375 -0.1016888
v 0.208464625 -0.02601093125 -0.105840875
v 0.207896625 -0.0030311125 -0.1017889125
v 0.165599125 0.0663910625 -0.10937435
v 0.1667581875 0.0439357296875 -0.11408266875
v 0.1456269375 -0.0004228955 -0.128071625
v 0.122855746875 -0.0218316518281 -0.13564471875
v 0.12344109375 0.00086750778125 -0.13279859375
v 0.1451630625 -0.0231855570625 -0.1309944375
v 0.144567421875 -0.046002021875 -0.133630421875
v 0.1238885 0.0234311356719 -0.12953465625
v 0.124067375 0.0684364 -0.120926625
v 0.0069511440625 -0.08231420625 -0.151221328125
v 0.0316425239062 -0.0382770796875 -0.14680734375
v 0.177873875 0.126087 -0.0748201125
v 0.181268625 0.111705625 -0.082954875
v 0.163702875 0.128031625 -0.08344485
v 0.166486625 0.11292075 -0.0917192625
v 0.10506425 0.0666575125 -0.124486875
v 0.145854546875 0.0222664335625 -0.12475471875
v 0.14572840625 0.044885975 -0.12085996875
v 0.1452575 0.06738705 -0.11631825
v 0.186973625 0.0432395375 -0.104917725
v 0.1829935 0.063038375 -0.101618475
v 0.204818875 0.01712249375 -0.099517975
v 0.208555125 -0.0490714 -0.109334875
v 0.206945 -0.1185236625 -0.118017625
v 0.21012925 -0.0983625625 -0.11399675
v 0.202677625 -0.16182625 -0.125435875
v 0.18312325 -0.18691975 -0.137986125
v 0.163347015625 -0.139049234375 -0.13759140625
v 0.16235484375 -0.162048796875 -0.1406774375
v 0.139083640625 -0.183164171875 -0.14927803125
v 0.116512292187 -0.181316453125 -0.15297990625
v 0.14106640625 -0.13748309375 -0.14289903125
v 0.115445310937 -0.20375890625 -0.157385640625
v 0.114271215625 -0.22590653125 -0.163127546875
v 0.0914320453125 -0.223913015625 -0.16568296875
v 0.1369335 -0.228035578125 -0.1596024375
v 0.135838640625 -0.250205125 -0.165812875
v 0.1603158125 -0.207882328125 -0.1489771875
v 0.16134434375 -0.18505784375 -0.14431625
v 0.138051671875 -0.2057485625 -0.153814765625
v 0.14006975 -0.160351078125 -0.145816890625
v 0.1651094375 -0.09306799375 -0.132387421875
v 0.164265734375 -0.11602495 -0.134787140625
v 0.18670625 -0.16665725 -0.1332475
v 0.206096125 -0.141687875 -0.121227875
v 0.185047421875 -0.140413546875 -0.13035684375
v 0.188314109375 -0.0252514129687 -0.116450828125
v 0.210747875 -0.0693909125 -0.1104342375
v 0.1882795625 -0.002331179375 -0.113010629688
v 0.167306171875 0.0212825662031 -0.11814228125
v 0.16738321875 -0.00148211371875 -0.1217141875
v 0.165923484375 -0.070130965625 -0.130042703125
v 0.142016265625 -0.114589198437 -0.140333609375
v 0.121356228125 -0.0673842796875 -0.140468734375
v 0.120469070313 -0.0902048203125 -0.1425729375
v 0.122198514062 -0.0445761703125 -0.138270078125
v 0.1240613125 0.045960021875 -0.125533625
v 0.09930255 0.0503528 -0.128585
v 0.0567359125 0.0281563117187 -0.136394515625
v -0.056933725 0.0338699125 -0.135441125
v -0.0827149375 0.0318173375 -0.133865375
v -0.0818264125 0.0543378625 -0.12989025
v -0.06133035 -0.0787288125 -0.14812075
v -0.0624618625 -0.1011679375 -0.149831375
v -0.0420799890625 -0.14738484375 -0.15548478125
v -0.0192777495312 -0.148769578125 -0.156555734375
v 0.0023007603125 -0.172730953125 -0.1596766875
v 0.0238854201875 -0.196580171875 -0.163636640625
v 0.04680183125 -0.1982470625 -0.163029484375
v 0.070899384375 -0.17770246875 -0.157687796875
v 0.0480301171875 -0.175962421875 -0.158920015625
v 0.0035486121875 -0.1502415 -0.1569943125
v 0.04922395 -0.153455234375 -0.15596634375
v 0.0009898383125 -0.195003921875 -0.163613703125
v 0.0251628860937 -0.174306296875 -0.15956546875
v -0.0205486545313 -0.171228734375 -0.159270640625
v -0.0433768703125 -0.169809671875 -0.158153078125
v -0.0661653109375 -0.168468609375 -0.156341734375
v -0.0675781546875 -0.190759296875 -0.160110484375
v -0.07218235 -0.21534225 -0.16570475
v -0.0447597765625 -0.1920775 -0.161922703125
v -0.021902093875 -0.19349940625 -0.163062953125
v -0.00040654825 -0.21695634375 -0.168936796875
v -0.0525006875 -0.25963225 -0.181451125
v -0.003327776875 -0.260062125 -0.18242946875
v 0.0225555703437 -0.218543875 -0.169008453125
v 0.0211823353438 -0.24014978125 -0.175673015625
v 0.0197734254688 -0.2617310625 -0.18236828125
v -0.004887165625 -0.2818180625 -0.188260140625
v 0.0370627375 -0.32994575 -0.191951
v 0.0855021171875 -0.312559109375 -0.18599578125
v 0.0597516875 -0.352348 -0.18862175
v 0.177918953125 -0.30030990625 -0.1649500625
v 0.1976535 -0.325786703125 -0.160221203125
v 0.150559875 -0.343455859375 -0.174315609375
v 0.169422921875 -0.36891259375 -0.167468484375
v 0.194805703125 -0.348721 -0.16110659375
v -0.0138759026562 -0.0356971859375 -0.146875671875
v 0.24123075 -0.30783975 -0.1378825
v 0.239207 -0.28733825 -0.13502225
v 0.224714 -0.279949 -0.142062625
v 0.220950375 -0.305398296875 -0.148453578125
v 0.233411875 -0.376874875 -0.142077
v 0.239545375 -0.330939125 -0.140953
v 0.199760109375 -0.30287821875 -0.15746659375
v 0.21984175 -0.262239375 -0.140063375
v 0.2047745 -0.255103125 -0.14571675
v 0.18217625 -0.210082 -0.142905875
v 0.1583300625 -0.25265534375 -0.161055015625
v 0.111885420312 -0.2700443125 -0.17530209375
v 0.11311694375 -0.247915984375 -0.16946384375
v 0.0659398578125 -0.2655735 -0.180300140625
v 0.092628509375 -0.20185378125 -0.160032078125
v 0.093750453125 -0.179499765625 -0.15571528125
v 0.0948159796875 -0.156917875 -0.15245640625
v 0.117512609375 -0.158638609375 -0.1496075625
v 0.118524429687 -0.13584765625 -0.146943015625
v 0.0968756390625 -0.111413523437 -0.147815859375
v 0.095852940625 -0.134183171875 -0.1499774375
v 0.0720392890625 -0.155183859375 -0.1545726875
v 0.05034786875 -0.13078525 -0.153753125
v 0.0543464375 -0.039754390625 -0.14584421875
v 0.030705153125 -0.0610133734375 -0.14894515625
v 0.0297038948438 -0.083750271875 -0.15086309375
v 0.0286719289063 -0.106480135937 -0.15274015625
v 0.052463584375 -0.0852782828125 -0.14993575
v 0.0514160921875 -0.1080377625 -0.151810109375
v 0.0263866754687 -0.151803765625 -0.156749
v -0.018055275 -0.12622315625 -0.154493609375
v -0.0375390765625 -0.0572723734375 -0.14799446875
v 0.031183615 -0.0496428875 -0.1479194375
v 0.019337075 -0.060299 -0.14921375
v 0.0084407275 -0.0482632875 -0.14828925
v 0.020272870625 -0.03758145625 -0.147061875
v -0.0034066875 -0.05896456875 -0.149278875
v -0.014318235 -0.0470281875 -0.1480025625
v -0.002490579375 -0.03628730625 -0.147096375
v -0.013443900625 -0.02437083125 -0.145660125
v -0.00162120375 -0.013635386875 -0.1445240625
v 0.00933194625 -0.025577825 -0.1459345
v 0.02114189625 -0.014900240625 -0.1444696875
v 0.032079405625 -0.02692218125 -0.1455751875
v 0.007466275 -0.07096373125 -0.150296125
v -0.004425351875 -0.08163975625 -0.1511576875
v -0.015280425 -0.06968343125 -0.1500015625
v -0.02718879375 -0.08040435 -0.1504644375
v -0.0380417625 -0.0685585375 -0.14892625
v -0.0261598125 -0.0578009 -0.1486105
v -0.03707166875 -0.04596445625 -0.147027875
v -0.02525768125 -0.0351520625 -0.1465055625
v 0.0302096125 -0.07238230625 -0.1499181875
v 0.018326710625 -0.08301986875 -0.151116375
v 0.00643346125 -0.09366381875 -0.1521424375
v -0.005501946875 -0.10429536875 -0.1529625
v -0.016348110625 -0.0923118 -0.1518040625
v -0.0283020625 -0.10299131875 -0.152233125
v -0.03912621875 -0.0911120375 -0.150715125
v 0.00533772125 -0.116335 -0.1539584375
v -0.00665161875 -0.1269225 -0.1547794375
v -0.01747286625 -0.1149248125 -0.1535770625
v -0.02945205625 -0.125560875 -0.1540265
v -0.04026241875 -0.1136563125 -0.152462875
v 0.02812427125 -0.1178321875 -0.1536681875
v 0.0161573625 -0.128400625 -0.15483425
v 0.017290746875 -0.1057344 -0.152977125
v 0.029194901875 -0.09511785625 -0.1518044375
v 0.02697876125 -0.1404991875 -0.1556298125
v 0.014966901875 -0.1510114375 -0.15694825
v 0.0041570925 -0.138954875 -0.15589375
v -0.007866985625 -0.1494940625 -0.15685725
v -0.01865897625 -0.1375050625 -0.155469375
v 0.04979463125 -0.1421355 -0.154798625
v 0.037806725 -0.152618375 -0.1564265
v 0.0389557125 -0.12996725 -0.15426075
v 0.04004536875 -0.10724359375 -0.15235925
v 0.05088594375 -0.11941625 -0.152763375
v 0.075674725 -0.07553511875 -0.147306375
v 0.06383174375 -0.0861006875 -0.1491885
v 0.0529594625 -0.07389363125 -0.1489756875
v 0.0647992 -0.063304875 -0.147252875
v 0.04108524375 -0.08449894375 -0.15048175
v 0.0420721125 -0.06174759375 -0.148542375
v 0.042998775 -0.0390008875 -0.14640475
v 0.05390035 -0.0511282375 -0.1469550625
v 0.065690325 -0.0405391 -0.145115875
v 0.07659638125 -0.05273144375 -0.1453036875
v 0.09922115625 -0.05439798125 -0.1428178125
v 0.08746248125 -0.0649681625 -0.1451906875
v 0.08834703125 -0.0421781125 -0.1430744375
v 0.054772525 -0.02839045 -0.1446110625
v 0.06650426875 -0.0178203075 -0.142548875
v 0.07743045 -0.02998131875 -0.142979125
v 0.08911641875 -0.019450709375 -0.14054775
v 0.10003958125 -0.031631075 -0.140503
v 0.0983092125 -0.0772094875 -0.144858
v 0.0865201875 -0.087786025 -0.1471511875
v 0.09736751875 -0.10001728125 -0.146826875
v 0.0855237125 -0.1105794125 -0.149073625
v 0.07467828125 -0.09834286875 -0.1491890625
v 0.062789125 -0.10887563125 -0.1510684375
v 0.05194555 -0.09665905 -0.1508740625
v 0.0963683875 -0.1228013125 -0.1488660625
v 0.08448641875 -0.1333343125 -0.1512145
v 0.07363660625 -0.121109375 -0.15118325
v 0.0617314125 -0.1316265 -0.1530965
v 0.095336475 -0.145561625 -0.1511499375
v 0.08343473125 -0.156052125 -0.153604875
v 0.072580675 -0.1438461875 -0.15335625
v 0.06063525 -0.1543143125 -0.155354125
v 0.09203584375 -0.2129199375 -0.162707625
v 0.07997293125 -0.222942 -0.1666659375
v 0.0691216875 -0.2110395625 -0.1645041875
v 0.08118563125 -0.200921375 -0.1610413125
v 0.05701673125 -0.2210883125 -0.1680761875
v 0.046172 -0.20927125 -0.165613375
v 0.0582669875 -0.1991153125 -0.1625208125
v 0.047420375 -0.187139 -0.1608103125
v 0.05946518125 -0.1768231875 -0.158387375
v 0.07032023125 -0.188888125 -0.1596151875
v 0.08233090625 -0.1785966875 -0.1567953125
v 0.09319859375 -0.1907101875 -0.1577186875
v 0.0908285625 -0.234837375 -0.16889575
v 0.0787294625 -0.2447339375 -0.173164125
v 0.067865 -0.2328875 -0.1706679375
v 0.0557232 -0.242809875 -0.1746099375
v 0.04487661875 -0.2310745 -0.1717343125
v 0.0895999875 -0.25671475 -0.17528425
v 0.07745831875 -0.2666356875 -0.1793361875
v 0.0665891625 -0.2546438125 -0.177227375
v 0.0544128125 -0.2645468125 -0.181095625
v 0.0435525625 -0.2527114375 -0.178485
v 0.11251815 -0.2589509375 -0.172496875
v 0.10043936875 -0.2688710625 -0.1768521875
v 0.1016857125 -0.2468156875 -0.170926625
v 0.10286805 -0.2248978125 -0.1645124375
v 0.113695225 -0.23691275 -0.166291
v 0.1808960625 -0.243977375 -0.151892125
v 0.16946225 -0.253925625 -0.1582000625
v 0.15882325 -0.241507875 -0.157982125
v 0.1703690625 -0.2315549375 -0.1519998125
v 0.14711825 -0.25141225 -0.16358425
v 0.13638675 -0.2391201875 -0.1627146875
v 0.1481599375 -0.22917475 -0.1573985
v 0.137496 -0.216920625 -0.1565943125
v 0.149235125 -0.206801125 -0.15156675
v 0.159806 -0.2191540625 -0.1518194375
v 0.171276125 -0.2089784375 -0.14603075
v 0.1817745 -0.221476 -0.1458405
v 0.2023715 -0.246301 -0.144367
v 0.191352375 -0.2564399375 -0.1514126875
v 0.191962 -0.233839 -0.1449465
v 0.2215860625 -0.2939505625 -0.146345375
v 0.2104626875 -0.30414675 -0.15316775
v 0.200553625 -0.291491125 -0.1554658125
v 0.211729375 -0.2813576875 -0.1486903125
v 0.18890575 -0.301600375 -0.161391875
v 0.178751875 -0.28894625 -0.162964625
v 0.19039775 -0.2789180625 -0.15704825
v 0.1800053125 -0.2664064375 -0.157921875
v 0.201647 -0.268887375 -0.1503855
v 0.2122945 -0.2586655 -0.142932
v 0.2223265 -0.271076 -0.1411615
v 0.238333 -0.3424705 -0.141846
v 0.22658 -0.3526403125 -0.1474275
v 0.2176361875 -0.3398455625 -0.1519888125
v 0.2292864375 -0.329648875 -0.146179625
v 0.2055694375 -0.35001225 -0.1569175625
v 0.1963139375 -0.3372605625 -0.1608815
v 0.2083819375 -0.3270740625 -0.155920375
v 0.1987978125 -0.314318 -0.1590673125
v 0.2200504375 -0.316872875 -0.1500654375
v 0.2311600625 -0.3066251875 -0.1432823125
v 0.2405385 -0.319394 -0.139656
v 0.22310575 -0.37549275 -0.147084375
v 0.2145185 -0.3627485 -0.15231075
v 0.2352585 -0.365458 -0.142397
v 0.2107398125 -0.3854550625 -0.1511684375
v 0.231377 -0.3881995 -0.141397
v 0.219028 -0.3980995 -0.1455165
v 0.1894240625 -0.382849375 -0.1595313125
v 0.2021193125 -0.3728230625 -0.1563573125
v 0.1981425 -0.395432 -0.154547
v 0.167534625 -0.3802245 -0.1665001875
v 0.180450125 -0.3702285 -0.164112625
v 0.17656 -0.3928295 -0.1620485
v 0.193155375 -0.3601494375 -0.160954875
v 0.1712005625 -0.357539375 -0.168081
v 0.183888875 -0.34742475 -0.1648900625
v 0.145279 -0.3775200625 -0.17234675
v 0.1583190625 -0.367578875 -0.1705565625
v 0.154518 -0.3901615 -0.1683695
v 0.12277409375 -0.37468525 -0.1772221875
v 0.1359189375 -0.3648416875 -0.175947125
v 0.13213 -0.387367 -0.173657
v 0.10951825 -0.384377 -0.178086
v 0.10013925 -0.371718 -0.1814085
v 0.11335015625 -0.362003375 -0.1804609375
v 0.10378666875 -0.349296125 -0.183217
v 0.1167465 -0.3393563125 -0.1815205625
v 0.12641175 -0.3521120625 -0.179009625
v 0.139326125 -0.3421016875 -0.176922375
v 0.14891375 -0.354864 -0.1740446875
v 0.161740875 -0.34479475 -0.1714563125
v 0.15206975 -0.3320124375 -0.17417275
v 0.1646178125 -0.32187825 -0.1707400625
v 0.1743744375 -0.334661125 -0.168175625
v 0.1867593125 -0.32449375 -0.1640954375
v 0.15461175 -0.3091056875 -0.1725291875
v 0.1668190625 -0.2990035 -0.168147625
v 0.1769151875 -0.311733375 -0.166501375
v 0.129551125 -0.3293194375 -0.1791438125
v 0.1421799375 -0.319225625 -0.176160375
v 0.1320694375 -0.306467125 -0.177419
v 0.14437475 -0.2963836875 -0.1735688125
v 0.10691296875 -0.3265970625 -0.1833468125
v 0.119590375 -0.3165469375 -0.1806884375
v 0.1094246625 -0.303823125 -0.1815148125
v 0.1217628125 -0.2937744375 -0.177989
v 0.09075115 -0.3591385 -0.184511
v 0.08104949375 -0.346443375 -0.1866824375
v 0.0940554875 -0.336574875 -0.18534075
v 0.084173075 -0.3238838125 -0.186726125
v 0.09689428125 -0.31387575 -0.1844266875
v 0.05818885 -0.3436405 -0.1893855
v 0.07126778125 -0.3338258125 -0.1883818125
v 0.0679209 -0.3562175 -0.1875415
v 0.0613515 -0.3212495625 -0.1894206875
v 0.0740855625 -0.3112599375 -0.1874094375
v 0.03845515625 -0.3187930625 -0.1913633125
v 0.0511904875 -0.3087901875 -0.1896605625
v 0.04850085 -0.3312 -0.191042
v 0.0281646125 -0.3065993125 -0.1911344375
v 0.0256051 -0.328811 -0.192576
v 0.01543725 -0.3166595 -0.1925425
v -0.00570268875 -0.2928194375 -0.190482875
v 0.0066917625 -0.282652125 -0.18820875
v 0.017501658125 -0.294555875 -0.190094875
v 0.005094185 -0.3047055 -0.192293
v 0.0298613 -0.284476 -0.187602875
v 0.04065311875 -0.2965374375 -0.1890319375
v -0.0288467 -0.291284 -0.190223
v -0.016453775 -0.281029875 -0.1881400625
v -0.018118665 -0.3030925 -0.192403
v -0.00409588875 -0.2709020625 -0.1855341875
v 0.008220839375 -0.2608771875 -0.182475625
v 0.019035514375 -0.27259825 -0.18537375
v 0.0313271625 -0.2626245625 -0.18212225
v 0.0421735375 -0.2744809375 -0.184584625
v 0.0636797 -0.2987838125 -0.1872885625
v 0.05299118125 -0.286525625 -0.1863219375
v 0.06526611875 -0.2765659375 -0.1830551875
v 0.0760417375 -0.288786875 -0.1843050625
v 0.08661174375 -0.301244875 -0.184753
v 0.09899280625 -0.291218 -0.1815528125
v 0.133926875 -0.2837505 -0.1738883125
v 0.145954875 -0.273763625 -0.1692399375
v 0.1564833125 -0.28633975 -0.16904625
v 0.1683661875 -0.276350875 -0.16381225
v 0.15780125 -0.2638305 -0.1639904375
v 0.1352720625 -0.2613210625 -0.1687788125
v 0.11120533125 -0.2812228125 -0.1777915
v 0.1232898125 -0.2712531875 -0.1735234375
v 0.1245030625 -0.24904275 -0.167766
v 0.0882932 -0.278819 -0.180797625
v 0.02048572 -0.25092525 -0.179090625
v 0.03270060625 -0.2410060625 -0.175460375
v 0.021873208875 -0.229373625 -0.1722476875
v 0.0340425375 -0.2193669375 -0.16883625
v 0.0232266495 -0.207607625 -0.166149125
v 0.0353409375 -0.1974019375 -0.163407625
v -0.00258174875 -0.2492889375 -0.1790704375
v 0.009665110125 -0.2393298125 -0.1757171875
v -0.014869604375 -0.2592850625 -0.182215
v -0.02562661125 -0.2477789375 -0.1784326875
v -0.013361208625 -0.23778075 -0.175331875
v -0.024096716125 -0.2262933125 -0.171465
v -0.011878412375 -0.2162040625 -0.168662375
v -0.00112400925 -0.227779375 -0.172164375
v 0.011071993875 -0.2177383125 -0.1690470625
v -0.0379170875 -0.2578174375 -0.18135225
v -0.04861606875 -0.2463721875 -0.177256875
v -0.03634503125 -0.23632825 -0.1743935625
v -0.04702565 -0.2248879375 -0.1702566875
v -0.0347979875 -0.2147601875 -0.1677096875
v -0.027194273125 -0.2693655625 -0.1850375625
v -0.03953935 -0.279496 -0.187644
v -0.050247 -0.267928 -0.183998
v -0.0592901875 -0.234981875 -0.17290925
v -0.06091615 -0.256451 -0.1799905
v -0.0715857 -0.245089 -0.1755285
v -0.06994105 -0.223572 -0.1685755
v -0.05769095 -0.213395125 -0.1662453125
v -0.0454907375 -0.203119125 -0.1642888125
v -0.0333358375 -0.1927766875 -0.1625719375
v -0.02261125675 -0.2045346875 -0.1654598125
v -0.010458263 -0.1942424375 -0.163406125
v 0.00030032825 -0.20602675 -0.1660938125
v -0.06833814375 -0.2018045625 -0.162501125
v -0.05617419375 -0.1914050625 -0.161104875
v -0.08054195 -0.212211 -0.1639095
v -0.0911468 -0.200602 -0.1600505
v -0.078970725 -0.190140125 -0.1589315625
v -0.0775403125 -0.1678205625 -0.155216875
v -0.06685625 -0.179640375 -0.1580703125
v -0.0896178 -0.178385 -0.155693
v -0.07618915 -0.1453695 -0.152377
v -0.06549821875 -0.1572648125 -0.154885875
v -0.0882114 -0.155943 -0.152521
v -0.0427195875 -0.1586088125 -0.1567148125
v -0.05477698125 -0.169130625 -0.1573265625
v -0.05347474375 -0.146712625 -0.1546541875
v -0.05224240625 -0.124261 -0.1525504375
v -0.04145386875 -0.1361550625 -0.1543793125
v -0.0642457 -0.134826 -0.1526235
v -0.0510782 -0.10177868125 -0.150757375
v -0.06304555 -0.1123855 -0.150709
v -0.0306815375 -0.1480685 -0.1561084375
v -0.0618861 -0.08995225 -0.1489765
v -0.0499528125 -0.0792783 -0.1490199375
v -0.0608067 -0.067488 -0.1472405
v -0.04892086875 -0.05675416875 -0.147210375
v -0.0479937375 -0.03418871875 -0.145244875
v -0.0598108 -0.0449995 -0.1454325
v -0.0817234 -0.0217949 -0.1409875
v -0.06994856875 -0.01087211875 -0.140883625
v -0.05895006875 -0.02249324375 -0.1431660625
v -0.07071885 -0.0333841 -0.1432905
v -0.0471824 -0.01160351875 -0.1427173125
v -0.036211325 -0.023343875 -0.1447563125
v -0.0691746125 0.0116956 -0.138025125
v -0.0581754 7.603125e-05 -0.140484125
v -0.08095245 0.00071495 -0.138486
v -0.0902703 0.0573461 -0.128526
v -0.07931615 0.04583535 -0.131727
v -0.09114135 0.0347991 -0.132431
v -0.1020955 0.04630985 -0.12923
v 0.0571165625 0.0393767125 -0.1342553125
v 0.0454657125 0.028891383125 -0.1368298125
v 0.0345567 0.040798 -0.135042
v 0.04621765 0.05128685 -0.132459
v 0.07954544375 0.0377997 -0.132973
v 0.0679885625 0.02738182375 -0.135804
v 0.0687137 0.0498058 -0.131518
v 0.1018211625 0.0361857125 -0.1308355
v 0.09042115625 0.025770865625 -0.1340485625
v 0.0909607 0.0481869 -0.129928
v 0.10134475625 0.013703937875 -0.134677125
v 0.08980875625 0.00322215625 -0.1376476875
v 0.078884975 0.015325394375 -0.1369373125
v 0.06726100625 0.0048353925 -0.139513875
v 0.0563535125 0.016900009375 -0.138371
v 0.1007352125 -0.008918612125 -0.137835875
v 0.0781855875 -0.007285818125 -0.14023425
v 0.055579425 -0.005702853125 -0.1417914375
v 0.1236924375 0.0121607114375 -0.131241875
v 0.1122664375 0.001617551 -0.1347275625
v 0.1127703125 0.02416407725 -0.1313423125
v 0.1130648125 0.04662886875 -0.127280625
v 0.1240053125 0.03470023125 -0.1276265
v 0.1231584375 -0.0104699260625 -0.13425525
v 0.1116418 -0.02107096025 -0.137554375
v 0.1225443 -0.03319773125 -0.136999875
v 0.11094143125 -0.04380491875 -0.140132125
v 0.04384980625 -0.016292810625 -0.143810125
v 0.032925874375 -0.0042535275 -0.142702125
v 0.04466490625 0.00635246125 -0.1406705625
v 0.01020707125 -0.0029468325 -0.14305575
v 0.022009905625 0.007711525 -0.1412595625
v -0.012579731875 -0.00176877125 -0.1427853125
v -0.000735444375 0.00892864125 -0.14128575
v -0.0116863125 0.02072296625 -0.139207375
v 0.0001628 0.0313917 -0.1374055
v 0.0110917375 0.01958759875 -0.1394515625
v 0.022875 0.03023695 -0.1373785
v 0.0337681125 0.01833517875 -0.1391575
v -0.02440828125 -0.012529098125 -0.143940875
v -0.03538270625 -0.000752241875 -0.141946875
v -0.023546125 0.01002657375 -0.1407709375
v -0.03451873125 0.021755483125 -0.138503125
v -0.0226451 0.0324674 -0.13697
v -0.0463694125 0.010963075 -0.1397220625
v -0.0573597 0.02261719375 -0.1372453125
v -0.0455043 0.03344405 -0.136077
v -0.080173 0.02329885 -0.1354305
v -0.0683552 0.0342414 -0.1346575
v 0.12179280625 -0.055974975 -0.1394046875
v 0.1100711625 -0.06660700625 -0.142283875
v 0.12091783125 -0.07879421875 -0.14152725
v 0.10916884375 -0.08941951875 -0.1443471875
v 0.1200014 -0.1016161125 -0.1435985
v 0.10821061875 -0.11222773125 -0.1463563125
v 0.14154775 -0.126036125 -0.1415731875
v 0.12981725 -0.13666975 -0.1450593125
v 0.11902566875 -0.124439 -0.1457580625
v 0.13079075 -0.11381890625 -0.1426365
v 0.10720096875 -0.135019875 -0.148568
v 0.1317231875 -0.0909765375 -0.1404793125
v 0.1424743125 -0.10315141875 -0.13918425
v 0.165522125 -0.0815991 -0.1312216875
v 0.15405775 -0.0924138625 -0.135423125
v 0.143360875 -0.08028548125 -0.1370101875
v 0.154903125 -0.06951389375 -0.1331810625
v 0.13259925 -0.0681387125 -0.1383518125
v 0.133410375 -0.0453137125 -0.1361101875
v 0.14419475 -0.057425075 -0.1348099375
v 0.1556600625 -0.046625575 -0.13080875
v 0.1663053125 -0.0586615625 -0.128835125
v 0.164693625 -0.104539675 -0.13355525
v 0.1531855625 -0.1153262375 -0.1377436875
v 0.188228 -0.0367342125 -0.11804075
v 0.1774675 -0.04773873125 -0.1238405
v 0.1669085 -0.03575319375 -0.126219875
v 0.1778419375 -0.02481002375 -0.1209238125
v 0.1448851875 -0.0345882125 -0.13235275
v 0.1562073125 -0.0237787339375 -0.12812525
v 0.1454160625 -0.01179596575 -0.129573
v 0.1565815625 -0.000979978625 -0.1251409375
v 0.1672835 -0.0128938039375 -0.1233041875
v 0.1779805625 -0.00193031125 -0.1176955625
v 0.1883411875 -0.013782714375 -0.1147863125
v 0.1878285625 -0.059743875 -0.120942625
v 0.1768208125 -0.07071784375 -0.1264335
v 0.20751 0.008445175 -0.09964865
v 0.1981861875 -0.00269132625 -0.10758495625
v 0.1880995625 0.009100129375 -0.11108720625
v 0.1975735 0.020208 -0.10346665
v 0.167394625 0.0099108398125 -0.1199888125
v 0.1777081875 0.02087153875 -0.1139315625
v 0.1671063125 0.032630575 -0.1161888125
v 0.1769273125 0.0435668875 -0.109677425
v 0.187571 0.03188495 -0.107244
v 0.2084665 -0.0606226 -0.110895
v 0.1979783125 -0.07173909375 -0.11747925
v 0.1983848125 -0.04866605625 -0.114599875
v 0.19846875 -0.025643498125 -0.11131225
v 0.208564 -0.0375322 -0.1076565
v 0.20788225 -0.08375098125 -0.11349049375
v 0.1973485 -0.09482305625 -0.120168375
v 0.1871943125 -0.0827649375 -0.123564125
v 0.1760575 -0.0936855875 -0.1288860625
v 0.2073615 -0.10694415 -0.116574
v 0.196533 -0.11791876875 -0.1228880625
v 0.1864314375 -0.10578115625 -0.1261213125
v 0.175223875 -0.1166802625 -0.131384375
v 0.2065265 -0.1301025 -0.1195745
v 0.19561975 -0.141055625 -0.1259293125
v 0.1855294375 -0.128853375 -0.128855625
v 0.1742831875 -0.1397518125 -0.1342365625
v 0.1638168125 -0.127534625 -0.1361450625
v 0.217849 -0.07258145 -0.10604995
v 0.227393 -0.0845869 -0.10129745
v 0.2176015 -0.0957775 -0.109039
v 0.2082285 -0.014513525 -0.103869
v 0.1861415 0.0545286 -0.1023609
v 0.1662249375 0.05517889375 -0.1117781125
v 0.1754485 0.0660551 -0.1047354
v 0.1563434375 0.04438755625 -0.117779
v 0.145517875 0.0561458125 -0.118637
v 0.155538 0.06685855 -0.113198
v 0.15666875 0.0217520160625 -0.1217178125
v 0.14583925 0.0335889375 -0.122891375
v 0.1340376875 -0.0225365235625 -0.1334795
v 0.1345706875 0.000190146125 -0.1306020625
v 0.1349221875 0.0228123639375 -0.1273495625
v 0.1457784375 0.01093019675 -0.1264735
v 0.1349584375 0.04539459375 -0.123419125
v 0.1240749375 0.05720253125 -0.12327225
v 0.13475 0.06790605 -0.118847
v 0.1022075 0.0584759 -0.12661
v 0.1132615 0.06899895 -0.1226995
v 0.1743925 0.1098555 -0.0887045
v 0.162682 0.1207395 -0.08903115
v 0.1702735 0.129517 -0.07776505
v 0.181984 0.118633 -0.0774384
v 0.1845805 -0.1519795625 -0.13196175
v 0.205644 -0.153287 -0.122961
v 0.1947045 -0.164232 -0.1293145
v 0.1608305 -0.1965075 -0.1464925625
v 0.172271 -0.185992125 -0.1412521875
v 0.1826265 -0.198546 -0.140307
v 0.161851625 -0.173561625 -0.1423989375
v 0.173311375 -0.1628359375 -0.1374434375
v 0.1836645 -0.175255 -0.1358855
v 0.1628565 -0.1505493125 -0.1390885625
v 0.151262 -0.1612115 -0.1434468125
v 0.140569875 -0.148921 -0.1443071875
v 0.152258875 -0.138284625 -0.1404443125
v 0.150268875 -0.18411025 -0.1469763125
v 0.139577625 -0.1717745625 -0.147447375
v 0.1385779375 -0.194492625 -0.15138825
v 0.1267830625 -0.204738375 -0.1557365625
v 0.11599205625 -0.19257325 -0.155025625
v 0.1278276875 -0.1822344375 -0.1512670625
v 0.1170149375 -0.1699993125 -0.15118575
v 0.128815 -0.1594945625 -0.147853
v 0.10405443125 -0.2027985 -0.1588155
v 0.10514873125 -0.180405625 -0.1544530625
v 0.09428844375 -0.168233125 -0.1539696875
v 0.1061774375 -0.157779875 -0.151133
v 0.118017925 -0.147251125 -0.14820975
v 0.1256318125 -0.2269493125 -0.1615015
v 0.1148631375 -0.214862625 -0.1601226875
v -0.019905374375 -0.16001575 -0.1578040625
v -0.031966525 -0.1705088125 -0.158803
v 0.00293086625 -0.161505625 -0.15821925
v -0.009125968125 -0.171970125 -0.1595503125
v 0.02453085625 -0.1854768125 -0.1614379375
v 0.01243639325 -0.195782 -0.1636979375
v 0.0016552 -0.1839011875 -0.16147475
v 0.013730756875 -0.1735091875 -0.1596844375
v -0.02121439375 -0.1823936875 -0.16101175
v 0.025781438125 -0.163077375 -0.1580316875
v 0.0365960125 -0.17512375 -0.1593116875
v 0.04863354375 -0.1647326875 -0.15732275
v 0.07147563125 -0.1664685 -0.15601175
v -0.04405604375 -0.180970125 -0.15988325
v 0.2319695 -0.283632 -0.138603
v 0.2415405 -0.296281 -0.13556
v 0.019815185 -0.048938025 -0.1481815
v -0.002938115 -0.047624925 -0.1482305
v -0.0020547025 -0.0249543 -0.145876
v 0.0207113975 -0.0262342 -0.145832
v -0.003905675 -0.07030365 -0.150242
v -0.026659825 -0.069107275 -0.14955725
v -0.025696525 -0.046478325 -0.14760275
v 0.018837275 -0.071659475 -0.1501815
v -0.0049559925 -0.092970475 -0.15206375
v -0.02773895 -0.091699025 -0.1513535
v -0.006067565 -0.115614 -0.15385625
v -0.0288699 -0.11428125 -0.153112
v 0.01673471 -0.117074 -0.1538925
v 0.0178163075 -0.0943806 -0.15205
v 0.01556787 -0.1397155 -0.1558405
v -0.00725288 -0.138217 -0.1557665
v 0.038389075 -0.14130625 -0.15528475
v 0.039507275 -0.11861075 -0.15329525
v 0.064325575 -0.074702375 -0.1482365
v 0.041585575 -0.07312365 -0.14952625
v 0.042544375 -0.050371625 -0.14751525
v 0.065254425 -0.051916725 -0.146225
v 0.087916 -0.05356675 -0.14416975
v 0.066105975 -0.029173175 -0.1438885
v 0.088744325 -0.0308075 -0.141859
v 0.086997725 -0.0763771 -0.146183
v 0.086028325 -0.0991874 -0.14809975
v 0.0633159 -0.097491275 -0.1501215
v 0.085007925 -0.12196025 -0.15011775
v 0.0622625 -0.12025525 -0.15206225
v 0.08396465 -0.144706 -0.15234625
v 0.06119125 -0.14298575 -0.15416475
v 0.080585875 -0.21196925 -0.16369825
v 0.057648575 -0.210141 -0.1651365
v 0.058870575 -0.18800325 -0.16029075
v 0.08176525 -0.18979225 -0.158761
v 0.07935375 -0.23384575 -0.1698785
v 0.05637285 -0.23196525 -0.17127825
v 0.0781012 -0.25566 -0.176351
v 0.05507405 -0.25366025 -0.1779385
v 0.10107535 -0.257814 -0.174002
v 0.1022789 -0.23585975 -0.1677055
v 0.169926 -0.242749 -0.15512625
v 0.147641 -0.2402945 -0.16050425
v 0.14869675 -0.2180195 -0.15437375
v 0.17081525 -0.22030975 -0.148917
v 0.19168025 -0.2451525 -0.14823525
v 0.21119775 -0.2927355 -0.15112775
v 0.18972675 -0.290228 -0.1594035
v 0.19093225 -0.26767525 -0.1543675
v 0.21206175 -0.27000525 -0.1458995
v 0.22803 -0.3411545 -0.147004
v 0.20706075 -0.33855075 -0.15662725
v 0.20952 -0.3155995 -0.15476625
v 0.23035175 -0.318136 -0.1449615
v 0.224934 -0.36409375 -0.147443
v 0.221109 -0.38681525 -0.1463855
v 0.20016825 -0.384143 -0.15554025
v 0.178537 -0.3815445 -0.163172
v 0.203921 -0.36144125 -0.156822
v 0.1822355 -0.3588505 -0.1646875
v 0.1564445 -0.3788855 -0.16955375
v 0.1340505 -0.37612075 -0.17489325
v 0.111464875 -0.37321125 -0.1793625
v 0.11511275 -0.35071125 -0.18120325
v 0.13768325 -0.353497 -0.17663625
v 0.16008975 -0.356211 -0.1711965
v 0.16325675 -0.333343 -0.17131875
v 0.185406 -0.3359655 -0.16471375
v 0.1658045 -0.310423 -0.1696765
v 0.18792125 -0.3130305 -0.162972
v 0.14083025 -0.33067075 -0.17676725
v 0.1433595 -0.30778775 -0.17509125
v 0.11824525 -0.32796 -0.181344
v 0.12076325 -0.30514175 -0.17956875
v 0.092433925 -0.34786825 -0.18505075
v 0.095554625 -0.32523525 -0.18513125
v 0.06962835 -0.34503725 -0.18809
v 0.072771175 -0.322552 -0.18816025
v 0.049916625 -0.31998625 -0.1904945
v 0.0269557 -0.317701 -0.19200875
v 0.0058976825 -0.29365825 -0.1903775
v 0.02909015 -0.29551425 -0.189646
v -0.0172803675 -0.2920375 -0.1904
v 0.0074670075 -0.27172825 -0.1855335
v 0.03060705 -0.27351475 -0.1850645
v 0.052180525 -0.2976295 -0.18825375
v 0.0537269 -0.2755 -0.183913
v 0.075157975 -0.29999375 -0.1861135
v 0.0980374 -0.30252275 -0.1832315
v 0.1452315 -0.28504 -0.171602
v 0.16766375 -0.287646 -0.166173
v 0.168954 -0.2651185 -0.161125
v 0.14657 -0.2625615 -0.16653175
v 0.122588 -0.282475 -0.17595325
v 0.12391925 -0.26011875 -0.1707615
v 0.099769325 -0.28000325 -0.17939775
v 0.076790175 -0.27767275 -0.18201675
v 0.0320214 -0.2517995 -0.1788675
v 0.033375625 -0.23021075 -0.172061
v 0.034697425 -0.208428 -0.165953
v 0.00895068 -0.2500895 -0.179159
v -0.014109595 -0.24852025 -0.17882275
v -0.0126150895 -0.22702475 -0.17188475
v 0.0103727105 -0.22856275 -0.17228375
v -0.03712655 -0.2470605 -0.177917
v -0.035565075 -0.2255795 -0.17092525
v -0.0156505925 -0.270117 -0.18536625
v -0.0387241 -0.26864025 -0.184556
v -0.060101825 -0.24572125 -0.1764335
v -0.058483925 -0.22422325 -0.1694505
v -0.034055075 -0.20381625 -0.1649445
v -0.011158352 -0.2052705 -0.16584575
v -0.056919175 -0.20244725 -0.16348175
v -0.0797454 -0.201195 -0.16132475
v -0.0782398 -0.1790075 -0.1569215
v -0.07685995 -0.15660275 -0.15374
v -0.054115925 -0.1579315 -0.1558855
v -0.05284975 -0.13549 -0.15355025
v -0.051654175 -0.113023 -0.1516315
v -0.030058125 -0.13682225 -0.155013
v -0.050507625 -0.090530725 -0.149892
v -0.049424125 -0.068020575 -0.14812575
v -0.04844235 -0.0454757 -0.14627475
v -0.070333375 -0.0221332 -0.1421185
v -0.0475802 -0.022896775 -0.14404675
v -0.0695651 0.000409325 -0.139523
v -0.090705825 0.0460726 -0.1304785
v 0.045845725 0.0401 -0.13468075
v 0.068351025 0.03860285 -0.1337015
v 0.09069615 0.03698855 -0.1320235
v 0.090125275 0.0145145125 -0.13593275
v 0.067626525 0.016124645 -0.1377445
v 0.08947185 -0.0081035375 -0.139165
v 0.0668881 -0.006481855 -0.141103
v 0.11254075 0.012905609 -0.13311675
v 0.1129385 0.0354075 -0.1293915
v 0.111964 -0.009714641 -0.1361875
v 0.1113082 -0.0324314 -0.138886
v 0.043431725 -0.027640525 -0.14517075
v 0.0442596 -0.0049600175 -0.14231975
v 0.0215754975 -0.0035835625 -0.14295275
v -0.0011808025 -0.0023400475 -0.14299525
v -0.000287075 0.0201676025 -0.13939175
v 0.022442825 0.0189807125 -0.1393685
v -0.024831 -0.023834625 -0.1452905
v -0.023981325 -0.0012385675 -0.14244
v -0.023098675 0.0212559325 -0.13891675
v -0.04594105 0.0222106 -0.13794975
v 0.045069525 0.0176392325 -0.1388335
v -0.046781 -0.0003126 -0.1412935
v -0.06876875 0.022971175 -0.1363785
v 0.110519725 -0.055200475 -0.1412425
v 0.109623825 -0.07801345 -0.143323
v 0.10869735 -0.100824925 -0.14534375
v 0.13030875 -0.125245 -0.14380775
v 0.107709925 -0.123626 -0.1474285
v 0.13126325 -0.102396625 -0.14153925
v 0.154486 -0.0809632 -0.13430675
v 0.1321675 -0.079557025 -0.13942
v 0.1330215 -0.056722225 -0.13726525
v 0.1553015 -0.058066375 -0.1320245
v 0.153626 -0.10386545 -0.13655175
v 0.17768625 -0.03626775 -0.122421
v 0.15595775 -0.035196425 -0.1295055
v 0.1564215 -0.01237231075 -0.1266785
v 0.1779505 -0.013362445 -0.11936325
v 0.17716975 -0.059226075 -0.125168
v 0.1979035 0.0087619575 -0.105553825
v 0.17790075 0.00948108 -0.115877
v 0.1774 0.032240875 -0.11188325
v 0.1982155 -0.060198925 -0.1160785
v 0.19847075 -0.0371467 -0.113011
v 0.19768875 -0.08328035 -0.1188345
v 0.1764485 -0.0822021 -0.127667
v 0.19695925 -0.106367575 -0.121505
v 0.1756525 -0.10517505 -0.13010825
v 0.19608175 -0.1294815 -0.12436125
v 0.174762 -0.128211 -0.13276525
v 0.21772525 -0.084179475 -0.107544475
v 0.19837425 -0.0141590925 -0.109504
v 0.17624125 0.054827375 -0.10725945
v 0.1559765 0.0556359 -0.115537
v 0.15656725 0.033087825 -0.119827
v 0.13431875 -0.01116276925 -0.1320745
v 0.134779 0.01151043075 -0.12904275
v 0.15666875 0.01039543925 -0.12348825
v 0.133742 -0.033919325 -0.1348365
v 0.13497875 0.034110225 -0.1254755
v 0.134871 0.05665605 -0.121179
v 0.11316875 0.057821175 -0.125026
v 0.172333 0.11968625 -0.083234775
v 0.19516125 -0.152641 -0.127597
v 0.17176325 -0.197526 -0.143494
v 0.17279375 -0.1744165 -0.13925075
v 0.17380375 -0.15128725 -0.135784
v 0.15176425 -0.149751 -0.14190025
v 0.15273125 -0.1268045 -0.13905
v 0.15076675 -0.172674 -0.145113
v 0.14975875 -0.195492 -0.14911425
v 0.127318 -0.1935225 -0.15334375
v 0.12832275 -0.17088425 -0.1494565
v 0.104613225 -0.1916365 -0.15647875
v 0.105667 -0.169116 -0.1526805
v 0.12931625 -0.148088 -0.1463975
v 0.12621225 -0.215872 -0.1584955
v 0.1034663 -0.2138815 -0.16152125
v 0.125068 -0.23799625 -0.1646355
v -0.031315725 -0.15930275 -0.15734975
v -0.0084895725 -0.16075025 -0.1580915
v 0.013092 -0.1846795 -0.16152325
v -0.0097815 -0.18313825 -0.16131475
v 0.0143551275 -0.16228125 -0.1581945
v 0.011761473 -0.2068065 -0.1661955
v 0.035973725 -0.18629675 -0.1611965
v 0.06005665 -0.1655935 -0.15675175
v 0.082888775 -0.1673495 -0.15508225
v 0.037208025 -0.16389425 -0.15774525
v -0.032639775 -0.1816705 -0.16053425
v -0.0554616 -0.180294 -0.15905975
v 0.2316455 -0.29512575 -0.14107475
v 0.10668945 -0.1464095 -0.1497825
v 0.0405716 -0.095872625 -0.15142375
v 0.0747784875 -0.21934125 0.0323073
v 0.14974625 -0.099222675 0.00828344125
v 0.123685 -0.129986125 0.01207756
v 0.120110375 -0.142988375 0.01179557875
v 0.16286075 -0.1023022375 0.007274805
v 0.143599625 -0.1138736125 0.00730339875
v 0.125541125 -0.339763 0.118099125
v 0.1611265 -0.118330875 0.00716534
v 0.09640385 -0.16038675 0.017274925
v -0.174300875 -0.216293625 0.049123675
v -0.157733625 -0.153452125 0.05161455
v -0.159579125 -0.14948075 0.038895375
v -0.149025375 -0.166188 0.048929225
v -0.1508415 -0.1614555 0.0321422
v -0.189105125 -0.220057 0.0427941375
v 0.1375765 -0.128628625 0.00751328875
v -0.143899625 -0.178919625 0.041993425
v -0.173002875 -0.13657425 0.0403476125
v -0.15739375 -0.21525475 0.0526794125
v -0.17331725 -0.129462375 0.0284001625
v -0.17574025 -0.233433859375 0.0534770265625
v -0.158337015625 -0.232198375 0.057016465625
v -0.14233575 -0.175087 0.029948125
v -0.163288875 -0.1386495 0.0241644875
v -0.1407944375 -0.231541296875 0.0587073515625
v -0.138412875 -0.200177875 0.0459300375
v -0.195086125 -0.234330375 0.0461189875
v 0.0771293875 -0.364331625 0.10857125
v -0.142585625 -0.212678875 0.0514035
v -0.120757875 -0.229264 0.058789725
v -0.12248275 -0.2151985 0.051072875
v -0.141168078125 -0.247151328125 0.0675331984375
v -0.158826609375 -0.2472790625 0.0664053234375
v -0.17638925 -0.247803984375 0.0645339140625
v -0.193972203125 -0.24891265625 0.0622632390625
v -0.107290625 -0.229650375 0.059069975
v 0.0943654125 -0.3454565 0.112742375
v 0.090454025 -0.35929875 0.110959375
v -0.124286875 -0.20288525 0.0414639125
v -0.123401390625 -0.2471686875 0.0682947515625
v 0.1099153625 -0.342606 0.1157655
v -0.10552665625 -0.24748615625 0.06858489375
v -0.0871607359375 -0.23281053125 0.060093084375
v -0.0875661703125 -0.248037515625 0.0685871328125
v -0.0695801125 -0.248692125 0.06851605
v -0.0692279875 -0.23435825 0.059931075
v -0.104429625 -0.217622875 0.049749675
v -0.17664215625 -0.2597785 0.078744059375
v -0.158924203125 -0.2602121875 0.079241296875
v -0.211606625 -0.250407 0.0603776
v -0.123439609375 -0.26150715625 0.0792360953125
v -0.141195390625 -0.26081240625 0.0794136125
v -0.101577825 -0.212625375 0.03549225
v -0.19439534375 -0.25946203125 0.078195478125
v -0.212239125 -0.259627 0.0775181375
v -0.105628214063 -0.262190671875 0.0787924578125
v 0.154673625 -0.133199875 0.00830152875
v -0.208513875 -0.240162875 0.0463356875
v -0.0877188578125 -0.2629491875 0.07792763125
v -0.0540339625 -0.265868125 0.077183475
v -0.067508525 -0.2618965 0.0756864625
v 0.1123777 -0.161924875 0.01281753625
v 0.0899530875 -0.175052375 0.0183346
v 0.13308925 -0.146140375 0.0078058825
v -0.0865888546875 -0.22159153125 0.047829671875
v -0.158761390625 -0.270995546875 0.0943033375
v -0.176590484375 -0.269776953125 0.0945723015625
v 0.0742498015625 -0.343923875 0.10879403125
v -0.210227625 -0.267033875 0.0925490875
v -0.1967275 -0.269816625 0.09673315
v -0.0360873875 -0.2809685 0.084551775
v -0.06659625 -0.227020125 0.047999825
v -0.085849125 -0.216175875 0.031457075
v -0.192167 -0.2775165 0.1086199625
v -0.087586003125 -0.276678140625 0.089132228125
v -0.12314709375 -0.273945375 0.0925700046875
v -0.049581325 -0.276904375 0.08383015
v 0.0040465625 -0.233577875 0.046082275
v -0.140947859375 -0.27239196875 0.093714703125
v -0.0697070640625 -0.27780153125 0.087177265625
v -0.105378825 -0.27530903125 0.091154465625
v -0.018067425 -0.296597875 0.090589325
v 0.0224818125 -0.232892875 0.0472639625
v -0.176409 -0.279968 0.110325625
v -0.14051759375 -0.28397034375 0.10824471875
v 0.03878675 -0.23022025 0.0465454375
v -0.014340825 -0.233409875 0.0451591125
v -0.05081645 -0.22930575 0.0453054875
v -0.160645625 -0.28325 0.111311
v -0.0676284875 -0.218842125 0.030737475
v -0.069354071875 -0.29169521875 0.098109078125
v -0.122623640625 -0.285916984375 0.106584357812
v -0.031534925 -0.292422125 0.09039545
v -0.0326420375 -0.23196525 0.0449070125
v -0.15589575 -0.2940315 0.120658875
v -0.104808984375 -0.28785496875 0.104337415625
v -0.0493337625 -0.220098375 0.0311311375
v -0.051580796875 -0.293122203125 0.0949159890625
v -0.087065609375 -0.289862046875 0.101382592188
v -0.01356642375 -0.308762125 0.09499065
v -0.0311223125 -0.220983875 0.0317599
v -0.140006875 -0.297484 0.121193375
v -0.086509840625 -0.3047075625 0.111648339063
v -0.068924459375 -0.306839125 0.107348221875
v -0.124212125 -0.301644625 0.12025275
v -5.65075e-05 -0.312942125 0.0951686375
v -0.051303084375 -0.30862503125 0.103043935938
v -0.03362139375 -0.310047828125 0.0989803578125
v -0.0129556525 -0.2217905 0.0324072
v -0.104207515625 -0.3024065625 0.11540940625
v 0.02248765 -0.312461 0.0952991375
v 0.00447493625 -0.325837375 0.0982733875
v 0.0051764975 -0.222483375 0.0329667625
v 0.0231698475 -0.22289025 0.0327810625
v 0.0382146875 -0.30979875 0.09640245
v -0.015755388125 -0.327764265625 0.100501185938
v -0.03356149375 -0.326931734375 0.1038223375
v 0.061800225 -0.22059625 0.0321740125
v 0.0389255125 -0.2241305 0.0346551625
v 0.018021885 -0.325629875 0.098381975
v 0.0022922915625 -0.34558921875 0.101733884375
v -0.068746709375 -0.32390196875 0.11284184375
v -0.0511938328125 -0.325596125 0.108172528125
v 0.12501 -0.326092375 0.118436
v -0.119829875 -0.315563125 0.124264875
v -0.0157270435938 -0.345334921875 0.103243457812
v 0.0023472034375 -0.363452125 0.1034314375
v -0.0885358125 -0.3239985 0.1187275
v 0.0782964 -0.21028375 0.0257748625
v -0.104155325 -0.319752375 0.12212875
v 0.056111225 -0.309118125 0.0991552375
v -0.01570002875 -0.3992175 0.10831575
v 0.075255025 -0.38030925 0.107479
v -0.0499201875 -0.382943 0.108286375
v 0.056760628125 -0.362607484375 0.1061264375
v 0.0204008579687 -0.345461609375 0.101672454687
v 0.0024102315625 -0.381350625 0.10515609375
v 0.1018771125 -0.193244625 0.0181886
v 0.0738192875 -0.30825325 0.1030810375
v 0.08925375 -0.30965825 0.107493375
v 0.0383067421875 -0.327316390625 0.100491021875
v 0.020524214375 -0.363320078125 0.103395828125
v -0.0335558359375 -0.34462953125 0.10618928125
v -0.0157933215625 -0.36330421875 0.104475328125
v -0.036056825 -0.364979875 0.107003625
v -0.0158169684375 -0.381303015625 0.10570715625
v -0.053461275 -0.345691875 0.110841375
v -0.0688375625 -0.342158 0.114807125
v 0.0644191875 -0.20926275 0.026244525
v -0.049334175 -0.359778125 0.10960525
v 0.02062961125 -0.381203765625 0.1051798125
v -0.0842871625 -0.33845525 0.1184525
v 0.0739046390625 -0.3258881875 0.107225801563
v -0.0362878375 -0.378718875 0.106816875
v 0.0564066984375 -0.34455246875 0.105597515625
v 0.1092939 -0.32435675 0.115601
v 0.088178325 -0.19068275 0.019571075
v 0.0384673859375 -0.345089046875 0.103036278125
v 0.03867334375 -0.36301878125 0.104364890625
v 0.0388460890625 -0.38095303125 0.105681578125
v 0.0570556609375 -0.380662515625 0.10643696875
v -0.03397935 -0.399066375 0.108810625
v 0.02076989625 -0.398936875 0.1083785
v 0.0390031875 -0.398753 0.108533
v 0.0572366625 -0.398566875 0.108696125
v 0.123509125 -0.181039625 0.01477806125
v 0.093741575 -0.32274275 0.11172425
v 0.05618856875 -0.326655078125 0.103404826563
v -0.0499755125 -0.3965645 0.109258125
v 0.002537865 -0.39910575 0.108282875
v 0.0731688 -0.396146625 0.108619125
v 0.109426 -0.1818125 0.0150236625
v 0.1272885 -0.1681545 0.01095893
v -0.157899125 -0.2238601875 0.054459775
v -0.167055125 -0.232711875 0.055484825
v -0.17508325 -0.2250711875 0.050767575
v -0.1658765 -0.215685 0.0515417
v -0.184389375 -0.2344435625 0.05104005625
v -0.1920455 -0.2271325 0.04411835
v -0.182617 -0.2170975 0.0453352
v -0.1559955 -0.154196 0.03475035
v -0.1499334375 -0.16382175 0.0405357125
v -0.1535135 -0.1591855 0.05168805
v -0.159957 -0.149725 0.04593355
v -0.1748355 -0.131574 0.0350768
v -0.1683595 -0.1329575 0.02428805
v -0.161432 -0.1431285 0.0294535
v -0.167908 -0.141745 0.04024225
v -0.1457525 -0.168844 0.02971465
v -0.1421985 -0.17891 0.03532305
v -0.145998 -0.1737225 0.04611325
v -0.1405496875 -0.223260125 0.055252175
v -0.1495889375 -0.231814125 0.0580249625
v -0.1489025 -0.214986 0.05262695
v -0.1586399375 -0.2400020625 0.0611258125
v -0.1676129375 -0.2474756875 0.0655542875
v -0.1761465 -0.24096675 0.05831758125
v -0.1851745625 -0.24829275 0.06339184375
v -0.19361625 -0.242760875 0.0548244875
v -0.1410128125 -0.2395418125 0.06276735625
v -0.15001125 -0.2471853125 0.06703938125
v -0.1314985625 -0.2149669375 0.05156528125
v -0.122783 -0.223021 0.05568135
v -0.1319370625 -0.2313620625 0.05926066875
v -0.1232480625 -0.2393701875 0.0638072625
v -0.1322983125 -0.247134 0.0679635125
v -0.12216 -0.208279 0.04532135
v -0.140626 -0.2061335 0.04902825
v -0.1313355 -0.19964 0.0425377
v -0.2027855 -0.249634375 0.0612832625
v -0.2111045 -0.2448985 0.05205715
v -0.201875 -0.237657 0.0456072
v -0.10535075625 -0.2396363125 0.06431596875
v -0.11447675 -0.24729075 0.06849134375
v -0.1141045 -0.231445 0.06004095
v -0.1234645 -0.2545715625 0.07343804375
v -0.13232225 -0.2611568125 0.07936061875
v -0.1412235 -0.2542595 0.0731058875
v -0.1500623125 -0.2604933125 0.07937405625
v -0.15891575 -0.2540371875 0.07247250625
v -0.16778225 -0.2599816875 0.07901468125
v -0.17655575 -0.2540796875 0.0713707
v -0.185509625 -0.2595793125 0.07847928125
v -0.1942305625 -0.254429 0.07009659375
v -0.20331 -0.2595045625 0.07786778125
v -0.21198 -0.2552315 0.06890305
v -0.095513725 -0.219594375 0.0487678
v -0.0868962625 -0.2264919375 0.05453793125
v -0.09613154375 -0.2322145625 0.06012926875
v -0.104784 -0.2239665 0.05551175
v -0.08738930625 -0.2402114375 0.06452445625
v -0.096553375 -0.247740875 0.06860700625
v -0.10562019375 -0.2550263125 0.07340523125
v -0.1145441875 -0.2618440625 0.0790610625
v -0.087675525 -0.255631625 0.0730362
v -0.09668391875 -0.262570125 0.07838721875
v -0.07764604375 -0.22364 0.0469790375
v -0.0690101 -0.229488 0.0535586
v -0.078193475 -0.2335488125 0.06002104375
v -0.06942165 -0.241081 0.0645985
v -0.07857430625 -0.2483586875 0.068554725
v -0.0696924 -0.2562275 0.0726389
v -0.0787405875 -0.263294625 0.07749598125
v -0.0948108 -0.2139325 0.03245305
v -0.08623148125 -0.2184451875 0.03993898125
v -0.1040725 -0.213849 0.04216715
v -0.1588688125 -0.2657398125 0.08662563125
v -0.1676715 -0.2703611875 0.09446698125
v -0.176644625 -0.2648850625 0.0865701125
v -0.1855249375 -0.269253625 0.094631725
v -0.1944705625 -0.264163875 0.08643081875
v -0.1411000625 -0.266756125 0.0863845625
v -0.1498535625 -0.27166925 0.09406894375
v -0.1055475625 -0.268913125 0.08476205
v -0.1142615 -0.274639875 0.091920775
v -0.1233289375 -0.2679038125 0.0856878625
v -0.132044125 -0.273173375 0.09319151875
v -0.203496 -0.268321 0.09472085
v -0.2123985 -0.2638485 0.0861075
v -0.08769765625 -0.269945625 0.0833174
v -0.09649055 -0.276005 0.0901817125
v -0.06976494375 -0.270781 0.081941925
v -0.0786545125 -0.2772788125 0.088135725
v -0.06075464375 -0.2782408125 0.0862419125
v -0.0607785 -0.2639085 0.07637815
v -0.05180655 -0.27138 0.08057195
v -0.0767705 -0.217761 0.03091185
v -0.0681984 -0.2221315625 0.0385944
v -0.140749125 -0.27802125 0.1011
v -0.1494785 -0.283039875 0.1088198125
v -0.15861375 -0.276354875 0.10195224375
v -0.167422 -0.2808315 0.110005
v -0.1765070625 -0.27483175 0.10247406875
v -0.185406 -0.2792465 0.1105135
v -0.194446 -0.2736275 0.10269635
v -0.0426736875 -0.2937449375 0.09327209375
v -0.05170941875 -0.285809125 0.090166375
v -0.04284335 -0.2789015 0.08424465
v -0.0338082 -0.2867025 0.08748785
v -0.05847665 -0.2195735 0.03085405
v -0.05007510625 -0.2247020625 0.0382183125
v -0.0598147 -0.2275045 0.0457735
v -0.0695588875 -0.284693125 0.0926854375
v -0.0782121875 -0.2908195 0.099754
v -0.08735798125 -0.2832039375 0.0952988375
v -0.09593 -0.2888611875 0.10293031875
v -0.1051225875 -0.28149375 0.0978101625
v -0.1137061875 -0.2868814375 0.10554411875
v -0.1229086875 -0.2798156875 0.09965918125
v -0.131563375 -0.284938 0.1074920625
v -0.0604756 -0.292450875 0.0965123625
v 0.01418119 -0.222713 0.03292575
v 0.02282583 -0.2278915625 0.0400225125
v 0.0132479 -0.2333765 0.04663945
v 0.00461153 -0.228030625 0.03952451875
v -0.01364823875 -0.2276001875 0.03878315625
v -0.00387696 -0.2221645 0.0327483
v -0.00515345 -0.233621 0.04556325
v -0.0247272875 -0.310512 0.09729705625
v -0.033681425 -0.30202775 0.09559343125
v -0.0247967 -0.294446 0.09061715
v -0.015821 -0.3027015 0.09274835
v 0.0321752 -0.223052 0.0326885
v 0.04114905 -0.227058 0.04068815
v 0.03177955 -0.232003 0.047985
v -0.122301875 -0.2926515 0.1129745
v -0.130967 -0.2985725 0.120267
v -0.140267 -0.290565625 0.114853125
v -0.1490605 -0.2964755 0.1218565
v -0.1582805 -0.2886365 0.116003
v -0.031882175 -0.2264745625 0.03833345625
v -0.02203605 -0.2213955 0.0320803
v -0.02350425 -0.2328485 0.0449466
v -0.0402186 -0.22056 0.0314383
v -0.0417525 -0.2307885 0.04502165
v -0.05143311875 -0.3007054375 0.09927605625
v -0.0601204 -0.3077745625 0.10518366875
v -0.069126275 -0.29904725 0.103090825
v -0.0777127375 -0.3058084375 0.10953054375
v -0.08676090625 -0.2969915 0.10694885625
v -0.10446815 -0.294780375 0.1103445
v -0.1131144375 -0.3012786875 0.1169845625
v -0.0424750375 -0.3094008125 0.100936075
v -0.095340375 -0.3035615625 0.1136193125
v 0.002205445 -0.3194055 0.0966129
v -0.0067781775 -0.32795375 0.09945094375
v -0.015774394375 -0.3191875625 0.098462525
v -0.006812695 -0.310785 0.09521265
v -0.0246825 -0.3274185625 0.10198785
v -0.033585125 -0.3183648125 0.1017211
v -0.0687975875 -0.31516075 0.1105988125
v -0.07753158125 -0.32299575 0.1151695625
v -0.08637838125 -0.3131255 0.11513175
v -0.0952073 -0.320851 0.1201635
v -0.1041345125 -0.310870125 0.119110125
v -0.05122739375 -0.3169471875 0.1060169875
v -0.05997270625 -0.324779625 0.1104953125
v -0.11312 -0.3186345 0.1238475
v -0.1220135 -0.308604 0.122326
v -0.04239435 -0.326318875 0.10591605
v 0.038255575 -0.3185379375 0.0985619
v 0.0293096875 -0.327576375 0.0995259125
v 0.0202594 -0.3190635 0.09674025
v 0.029228 -0.3100825 0.0954049
v 0.020340821875 -0.3365936875 0.10047031875
v 0.011343844375 -0.3455644375 0.10152263125
v 0.00226108125 -0.3367554375 0.10046635
v 0.01125374 -0.3279 0.09887805
v -0.006736580625 -0.3455164375 0.10230433125
v -0.015733428125 -0.336486 0.10209139375
v 0.05613991875 -0.3178579375 0.10143336875
v 0.04726865625 -0.3270051875 0.1018024
v 0.04718195 -0.3094805 0.0976367
v -0.02466336875 -0.3450335 0.10456075
v -0.033539375 -0.335701625 0.10529075
v -0.042414725 -0.344140375 0.108062125
v -0.0511901875 -0.3344960625 0.109487875
v 0.0718692 -0.208074 0.0249712
v 0.0787754 -0.214793 0.02901305
v 0.06777795 -0.221668 0.03327915
v 0.06087175 -0.214949 0.0292373
v 0.03837846875 -0.336173375 0.1019594875
v 0.0294461125 -0.34530025 0.1021852375
v 0.0204639425 -0.35437675 0.102605
v 0.0114360575 -0.3634135 0.103287875
v 0.00232058 -0.3544996875 0.1026691875
v -0.00673569875 -0.3634215 0.103817375
v -0.01575476375 -0.3542931875 0.1039676875
v -0.06001755 -0.342874 0.112577
v -0.068772875 -0.332952625 0.1140765625
v -0.0776801 -0.341386 0.1169775
v -0.08640075 -0.331263 0.1185965
v -0.0248063375 -0.363082875 0.1054349375
v -0.03364794375 -0.3536705 0.106580875
v 0.0205758125 -0.3722725625 0.1041728125
v 0.01152101375 -0.381295875 0.1051009375
v 0.00237341875 -0.3724118125 0.1041798125
v -0.0067049925 -0.381356125 0.1053514375
v -0.01581945 -0.3723114375 0.104977625
v 0.0738428375 -0.317038625 0.10534695625
v 0.06505961875 -0.326278375 0.10524308125
v 0.06498395 -0.308702 0.10100565
v 0.038570125 -0.3540435625 0.103790375
v 0.029605025 -0.3631863125 0.1037644375
v 0.020696485 -0.39008325 0.1066606875
v 0.011653735 -0.3990235 0.1083225
v 0.0024686475 -0.3902404375 0.1066020625
v -0.006577815 -0.3991835 0.108259
v -0.01576969625 -0.390267125 0.1068965
v 0.08761205 -0.183747 0.0190554
v 0.09889691875 -0.1770631875 0.0164782
v 0.105721 -0.1874465 0.0164323
v 0.09448145 -0.194086 0.0192585
v 0.0914898 -0.316186 0.109645
v 0.0827464625 -0.325497625 0.109261625
v 0.0826364 -0.307793 0.1052745
v 0.05627713125 -0.335566875 0.1047629375
v 0.04745245625 -0.3448366875 0.104200875
v 0.0387637 -0.3719965625 0.1049029375
v 0.02973828125 -0.3810861875 0.1053865625
v -0.04270455 -0.362389 0.1082825
v -0.05140995 -0.3527695 0.1101545
v -0.02491800625 -0.3811819375 0.1062434375
v -0.03392675 -0.3719285 0.106586
v -0.0248355 -0.3991685 0.108518
v -0.03401145 -0.3900516875 0.107740125
v 0.03892540625 -0.3898643125 0.106977875
v 0.02988645 -0.398846 0.1084515
v 0.091793975 -0.3341563125 0.112105625
v 0.08316061875 -0.3435945625 0.1104971875
v 0.07404294375 -0.334866125 0.1083305
v 0.0653354875 -0.3442456875 0.1071446875
v -0.0431267 -0.398941 0.1091385
v -0.05222375 -0.389709 0.108926
v -0.0431136 -0.380835 0.1074835
v 0.0565783625 -0.353571 0.105998375
v 0.047724025 -0.3628240625 0.105168375
v 0.056922 -0.3716469375 0.106142625
v 0.0479521 -0.3808141875 0.10602525
v 0.05715479375 -0.389627375 0.1073995
v 0.0481199 -0.39866 0.1086145
v 0.0657867125 -0.362374375 0.107190625
v 0.07505785 -0.371232 0.1077435
v 0.06615611875 -0.380490875 0.106936125
v 0.07538065 -0.389353 0.1079785
v 0.06635355 -0.3984735 0.108778
v 0.110043175 -0.1705763125 0.013895211875
v 0.1212485 -0.164227 0.011186645
v 0.1275895 -0.175181 0.012794095
v 0.116405 -0.1814635 0.01499675
v 0.10960463125 -0.333481375 0.11568325
v 0.10096945 -0.3429315 0.1141855
v 0.1004061 -0.324695 0.113726
v 0.0923719 -0.1663725 0.0180318
v 0.1035843 -0.1597745 0.0151919
v 0.1275165 -0.3328495 0.118622
v 0.11889 -0.3422825 0.1171085
v 0.1182155 -0.324042 0.1173
v 0.0745172625 -0.353012875 0.108749375
v 0.0924164 -0.3523785 0.11181
v 0.0838099 -0.3618185 0.1097615
v 0.119751 -0.135973 0.01264885
v 0.130655 -0.1293175 0.00979839
v 0.1369245 -0.140087 0.006950605
v 0.1260205 -0.1467425 0.009801065
v 0.141365 -0.122581 0.006924205
v 0.1523630625 -0.11610224375 0.007234369375
v 0.1586905 -0.127168 0.007854575
v 0.147658 -0.1336495 0.00773642
v 0.1458595 -0.10520545 0.00792313
v 0.1568615 -0.09857145 0.007884375
v 0.1633995 -0.1094655 0.007003605
v -0.166514 -0.22436475 0.053032625
v -0.183582 -0.226037 0.047654875
v -0.1547545 -0.15669075 0.0432192
v -0.16813375 -0.13735125 0.03226515
v -0.14587525 -0.17128325 0.03791395
v -0.1492635 -0.2235 0.055058775
v -0.1674035 -0.24039375 0.059859575
v -0.1848815 -0.24178425 0.05655625
v -0.14984325 -0.2397285 0.062059875
v -0.13170025 -0.2231165 0.055462525
v -0.132148 -0.23941075 0.06335385
v -0.131393 -0.20720625 0.0471748
v -0.2023585 -0.24381125 0.0533712
v -0.11431225 -0.239455 0.0641155
v -0.13235325 -0.25440325 0.0733111
v -0.15007775 -0.25412675 0.07283935
v -0.16773725 -0.254023 0.071966375
v -0.18538475 -0.25420275 0.070735225
v -0.2030995 -0.25479525 0.06949145
v -0.09584 -0.22519 0.0550253
v -0.096373775 -0.23988525 0.064446075
v -0.11455475 -0.254778 0.073469775
v -0.096657025 -0.25532025 0.07324335
v -0.07795305 -0.22795075 0.054048725
v -0.07840535 -0.2406245 0.06456975
v -0.078685975 -0.25593225 0.07283585
v -0.0951673 -0.2162105 0.0409904
v -0.16775375 -0.26529775 0.08661805
v -0.18554675 -0.2644875 0.0865169
v -0.1499845 -0.2662255 0.086557775
v -0.114443 -0.26841625 0.085275475
v -0.13221475 -0.267333 0.086076075
v -0.2034265 -0.263973 0.086284275
v -0.09663325 -0.26943725 0.084070725
v -0.078738375 -0.27039525 0.082617975
v -0.0607869 -0.27109775 0.081258725
v -0.077234425 -0.22042625 0.039138225
v -0.14967875 -0.2771705 0.101586
v -0.16755525 -0.275562 0.102251975
v -0.185473 -0.274204 0.1026074
v -0.0427626 -0.28627 0.088842175
v -0.059145675 -0.223539 0.038313775
v -0.078464175 -0.28399 0.093983125
v -0.09624135 -0.28235675 0.096608025
v -0.11401 -0.28066025 0.098804725
v -0.13182375 -0.2789195 0.100441
v -0.060641075 -0.2852915 0.091430325
v 0.013714545 -0.22804475 0.0397826
v -0.004515205 -0.22789275 0.039155775
v -0.02475985 -0.30241625 0.094100725
v 0.031977375 -0.2275275 0.04033675
v -0.13127275 -0.2915955 0.11401225
v -0.14927125 -0.289588 0.11548125
v -0.02277015 -0.227122 0.03851345
v -0.04098555 -0.22567425 0.038229975
v -0.060287625 -0.29992 0.101176425
v -0.077943375 -0.298058 0.105042175
v -0.11336775 -0.2937075 0.11175575
v -0.04256845 -0.30143275 0.0973668
v -0.09560085 -0.295887 0.10872925
v -0.0067966775 -0.3193405 0.0974314
v -0.0247033 -0.31885875 0.0999189
v -0.077575275 -0.31417375 0.112902
v -0.09523505 -0.31201225 0.117215
v -0.060017175 -0.31609025 0.10829525
v -0.113066 -0.30973525 0.1207755
v -0.0424216 -0.3177165 0.1037897
v 0.02926455 -0.318812 0.0975754
v 0.0112983875 -0.33671725 0.100273025
v -0.0067547125 -0.3366825 0.101072075
v 0.04721835 -0.31821875 0.0998511
v -0.0246595 -0.3361535 0.1035255
v -0.0423795 -0.335147 0.1073035
v 0.069823575 -0.214871 0.029125175
v 0.029372 -0.3364105 0.10103645
v 0.01139092 -0.3544715 0.1024815
v -0.00673408 -0.35444525 0.10315725
v -0.05998175 -0.33375525 0.111768
v -0.07758225 -0.33211625 0.11634625
v -0.024723175 -0.3540285 0.1051225
v 0.0114757 -0.3723655 0.10408
v -0.006729925 -0.37239775 0.10447125
v 0.065007325 -0.317459 0.103299075
v 0.02952665 -0.3542315 0.1030505
v 0.011583165 -0.390173 0.10659375
v -0.006649135 -0.39027875 0.1066905
v 0.096666525 -0.18559675 0.01774385
v 0.082668725 -0.3166135 0.10747575
v 0.047346775 -0.335888 0.1032275
v 0.02967265 -0.37214675 0.10445925
v -0.0425377 -0.3532385 0.108302
v -0.024880275 -0.372141 0.10572225
v -0.02489255 -0.39018475 0.1072575
v 0.029810675 -0.389978 0.106798
v 0.082915025 -0.334509 0.11021675
v 0.06516975 -0.3352225 0.10648825
v -0.04312015 -0.389888 0.108311
v 0.04758545 -0.35382075 0.104797
v 0.04784645 -0.3718305 0.1054675
v 0.04804035 -0.38974925 0.1071725
v 0.06599145 -0.37144425 0.106918
v 0.066268025 -0.38949325 0.1076765
v 0.11882675 -0.17284525 0.0130916975
v 0.100687775 -0.33381325 0.11395575
v 0.10121795 -0.168441 0.01571055
v 0.11855275 -0.33316225 0.11720425
v 0.0655546 -0.35330225 0.1073225
v 0.08346945 -0.35270125 0.110259
v 0.12833775 -0.13803 0.0097997275
v 0.15002775 -0.1248745 0.00738939
v 0.1546295 -0.107335475 0.0074633675
v -0.0235891425 -0.24525225 0.0654444625
v -0.0235594425 -0.2579225 0.0715312875
v 0.0116036825 -0.2432475 0.0643200375
v -0.00716753 -0.243213875 0.0643418
v -0.00707170625 -0.2771395 0.0804029875
v 0.051758725 -0.230878875 0.0548186375
v -0.00461671375 -0.29202 0.087502075
v 0.319901388889 -0.3045135 0.0544616111111
v -0.00950763125 -0.262300625 0.0732610375
v 0.0115891564062 -0.260239671875 0.072187859375
v 0.0682007375 -0.227408125 0.0550868875
v 0.0116539445313 -0.277147765625 0.0802928703125
v 0.0303440734375 -0.260106109375 0.0725025
v 0.067930059375 -0.243078078125 0.0649795875
v 0.01177815625 -0.2941185 0.0883104375
v 0.0490811484375 -0.259862 0.0730428984375
v 0.0468332625 -0.24138375 0.063310525
v 0.0303730875 -0.243195625 0.0644912375
v 0.0870154625 -0.226199375 0.056818
v 0.086705771875 -0.242894890625 0.0655567375
v 0.103764925 -0.224122625 0.0561261625
v 0.0303782890625 -0.276876734375 0.0808112359375
v 0.030466875 -0.293661875 0.0890629375
v 0.0677941546875 -0.259475015625 0.0738927359375
v 0.1054788 -0.243108875 0.065967040625
v 0.049064290625 -0.2763349375 0.0818695328125
v 0.12505053125 -0.227102140625 0.057706225
v 0.12638175 -0.210568125 0.0490997125
v 0.0676797390625 -0.275451390625 0.083549634375
v 0.0490872875 -0.292731625 0.09075915
v 0.0864803890625 -0.25915240625 0.0748728796875
v 0.124282953125 -0.243590015625 0.066273375
v 0.146576125 -0.226668125 0.0564049375
v 0.109860375 -0.212478875 0.0476339
v 0.06756145 -0.291296375 0.0933284875
v 0.105144484375 -0.258919171875 0.0758946734375
v 0.0862042953125 -0.274353078125 0.085628821875
v 0.142782125 -0.213472125 0.0516754
v 0.32386075 -0.322604625 0.0580787375
v 0.143228515625 -0.24462821875 0.06623963125
v 0.163265625 -0.23087825 0.0553726625
v 0.088042725 -0.303445125 0.1047569375
v 0.08356855 -0.291666625 0.0973111
v 0.123820875 -0.25881290625 0.0769705828125
v 0.10386175 -0.303469 0.109286375
v 0.1046681125 -0.27327078125 0.0877432
v 0.162239953125 -0.245941625 0.06579005
v 0.12189125 -0.301113375 0.11315075
v 0.10410134375 -0.287614515625 0.0995767046875
v 0.1424705625 -0.2587161875 0.078161040625
v 0.141317828125 -0.270693234375 0.092493446875
v 0.18276425 -0.234078625 0.0519615125
v 0.139945875 -0.29905825 0.11648025
v 0.12305078125 -0.27206028125 0.090035434375
v 0.12222040625 -0.285586890625 0.102876171875
v 0.155716625 -0.295682 0.11774375
v 0.15956975 -0.26963509375 0.0947122484375
v 0.14030628125 -0.283634328125 0.106015415625
v 0.16109025 -0.258803609375 0.079201328125
v 0.1811804375 -0.247273890625 0.065334259375
v 0.276225611111 -0.267471805556 0.096575
v 0.200189375 -0.2491240625 0.06450705625
v 0.20264075 -0.237930625 0.04752025
v 0.160356125 -0.283317875 0.111172125
v 0.17751375 -0.26870015625 0.0971353421875
v 0.179414578125 -0.258577359375 0.0807009515625
v 0.224229625 -0.241199875 0.039179975
v 0.17596 -0.280427 0.11233325
v 0.193753875 -0.279644125 0.114877875
v 0.195132765625 -0.26800090625 0.09976739375
v 0.218955515625 -0.250889765625 0.0645503078125
v 0.236904984375 -0.25314840625 0.0667004
v 0.296777 -0.430353875 -0.0243867175
v 0.212626109375 -0.26753765625 0.102420282813
v 0.1974716875 -0.258604390625 0.0823363984375
v 0.232479765625 -0.259146046875 0.0870628203125
v 0.21516421875 -0.25868009375 0.0844897421875
v 0.254008328125 -0.255687375 0.0710571875
v 0.244225984375 -0.24892365625 0.0455217046875
v 0.211440375 -0.2795405 0.117135875
v 0.22997846875 -0.26762175 0.10496413125
v 0.244225125 -0.279940125 0.118819125
v 0.228932375 -0.280446125 0.119045625
v 0.2490434375 -0.2604566875 0.090104490625
v 0.2486515 -0.270172875 0.109817875
v 0.2623916875 -0.254759625 0.053668778125
v 0.2413885 -0.240743375 0.02020846125
v 0.2895915 -0.4306995 -0.041337775
v 0.26996503125 -0.259912734375 0.077445178125
v 0.262974625 -0.27108775 0.109156875
v 0.264337578125 -0.263211828125 0.0936649234375
v 0.260346375 -0.251343875 0.0286158375
v 0.280771125 -0.431147375 -0.05771335
v 0.282850875 -0.262027625 0.0636308125
v 0.28427140625 -0.267294515625 0.0872201828125
v 0.254517875 -0.245527875 0.007533055
v 0.271642125 -0.4290565 -0.07129375
v 0.27859125 -0.274789125 0.1070755625
v 0.273262 -0.2574885 0.039625475
v 0.29430825 -0.269401875 0.0756874375
v 0.26477225 -0.253117625 0.01532052375
v 0.302789375 -0.430106375 -0.00702723
v 0.28633525 -0.26369775 0.05100245
v 0.29303275 -0.278205875 0.099394175
v 0.302386 -0.279786125 0.0879028125
v 0.294437140625 -0.41182959375 -0.0235350573438
v 0.30544325 -0.277596625 0.0639614625
v 0.306267 -0.42763575 0.0082785325
v 0.31091075 -0.285461375 0.075074525
v 0.271504 -0.37755475 -0.0711684625
v 0.26910725 -0.4127675 -0.0725247
v 0.304550125 -0.410481 0.0250592625
v 0.31050925 -0.285807375 0.0511235625
v 0.31520675 -0.300678 0.0395330375
v 0.32136325 -0.307989625 0.072615275
v 0.317579125 -0.294943375 0.0688410375
v 0.28743225 -0.412252765625 -0.0403841171875
v 0.269516375 -0.394002625 -0.0727399
v 0.29994784375 -0.41150671875 -0.0065818596875
v 0.317624875 -0.317244125 0.0317572625
v 0.30357225 -0.318208875 -0.0036016025
v 0.311344 -0.317921625 0.0143233975
v 0.2969205 -0.321100625 -0.0192189025
v 0.3232165 -0.342432625 0.0540174
v 0.31323315625 -0.337387953125 0.0137816360938
v 0.319728984375 -0.33896378125 0.03352349375
v 0.29752325 -0.3373545 -0.02250125
v 0.305511640625 -0.337158171875 -0.0046485771875
v 0.319201625 -0.361653125 0.051436325
v 0.31790290625 -0.357500046875 0.03280041875
v 0.305761546875 -0.355826625 -0.0052576053125
v 0.312828484375 -0.35606715625 0.0134779689062
v 0.297112375 -0.353707 -0.0253920375
v 0.31316875 -0.3799465 0.048705725
v 0.313443109375 -0.376417109375 0.0310154296875
v 0.28979925 -0.356238 -0.0406223125
v 0.30728525 -0.39498375 0.04403265
v 0.3072965 -0.397467875 0.0302953375
v 0.30427184375 -0.374133484375 -0.0057033984375
v 0.297164484375 -0.374579734375 -0.023471525
v 0.306199171875 -0.3924739375 0.0113142101563
v 0.310265046875 -0.3741718125 0.01287518125
v 0.281903125 -0.35872925 -0.0553438125
v 0.301654984375 -0.39243134375 -0.0062045671875
v 0.28924621875 -0.374933421875 -0.040733715625
v 0.2879415 -0.393574390625 -0.04045760625
v 0.29537340625 -0.393083734375 -0.0235489164062
v 0.303572 -0.414144875 0.0122444375
v 0.279427671875 -0.39389190625 -0.056976140625
v 0.27934575 -0.372832 -0.059430325
v 0.279032328125 -0.4126115625 -0.0568338484375
v -0.007171805 -0.2517045 0.0682813375
v -0.01653707 -0.260109 0.0723922
v -0.0259171 -0.251569 0.06852095
v -0.01655467 -0.243176 0.0643851
v 0.0303539375 -0.2516630625 0.06847055625
v 0.0209677625 -0.26019125 0.07230705625
v 0.01159047 -0.2517516875 0.06823236875
v 0.0209887 -0.2432325 0.06438125
v 0.002210963125 -0.2602344375 0.07217970625
v 0.00221843 -0.2432395 0.0643135
v 0.011611640625 -0.26869525 0.07622966875
v 0.002290809375 -0.277164375 0.0803005625
v -0.007128775 -0.2686695 0.07629515
v 0.01171209 -0.2856265625 0.0843125375
v 0.002420875 -0.2941615 0.0883671
v -0.00700763 -0.2856345 0.084493
v 0.0680541625 -0.235174875 0.06012790625
v 0.0585491625 -0.24326375 0.0646726375
v 0.049298 -0.236257 0.0589612
v 0.0588235 -0.2283705 0.05410535
v 0.03035278125 -0.268500375 0.07663969375
v 0.02101831875 -0.2770481875 0.08047464375
v 0.08685281875 -0.234569625 0.06115840625
v 0.077317025 -0.2429443125 0.0652824625
v 0.07759885 -0.226668 0.0560288
v 0.030418825 -0.2852660625 0.084946225
v 0.02112815 -0.2939505 0.08855445
v 0.03975645 -0.243138 0.0646441
v 0.04910724375 -0.251492 0.0688800875
v 0.03971538125 -0.2600011875 0.07273939375
v 0.049066925 -0.26812675 0.07740868125
v 0.0397282125 -0.2766445 0.081268
v 0.08658991875 -0.2511301875 0.07007091875
v 0.07714080625 -0.2593025 0.07437409375
v 0.0678509 -0.2512541875 0.06945259375
v 0.0584408375 -0.2596740625 0.073438175
v 0.06773729375 -0.267512375 0.078645825
v 0.058382725 -0.2759315 0.08264043125
v 0.1056859375 -0.234719375 0.06169611875
v 0.0960920125 -0.24296225 0.0657778875
v 0.0964482 -0.2260515 0.0573414
v 0.1053131125 -0.251197625 0.07067959375
v 0.0958125 -0.259020625 0.075379725
v 0.117052 -0.2104885 0.04750215
v 0.125673 -0.2188254375 0.05343180625
v 0.1155574375 -0.2266465 0.05750698125
v 0.1068335 -0.218311 0.05169945
v 0.124600625 -0.235417625 0.06186529375
v 0.1148691875 -0.24329725 0.066145325
v 0.0490729625 -0.28453525 0.08631755
v 0.03979035 -0.293257 0.0897997
v 0.0863523125 -0.2668384375 0.08013455
v 0.07695155625 -0.2749118125 0.08456608125
v 0.1240571875 -0.2514374375 0.07129483125
v 0.1144836875 -0.2588600625 0.07641776875
v 0.0676209125 -0.2833771875 0.0884419375
v 0.0583464 -0.2920815 0.0919357
v 0.135823 -0.210946 0.0502221
v 0.1446655 -0.2199965 0.0542657
v 0.1345581875 -0.2277255625 0.05773934375
v 0.1436205625 -0.2367525 0.0615274
v 0.133739875 -0.2440498125 0.066311825
v 0.08603494375 -0.281861125 0.0911285875
v 0.0767262 -0.290366 0.09493665
v 0.104928525 -0.2662070625 0.081673175
v 0.095444075 -0.2738155 0.08667690625
v 0.14287575 -0.251971625 0.071811125
v 0.1331468125 -0.2587473125 0.0775746875
v 0.16275775 -0.2385663125 0.06035699375
v 0.1527374375 -0.2452768125 0.06603575
v 0.153617 -0.229636 0.05650505
v 0.1234715625 -0.2655694375 0.08334155
v 0.113873625 -0.272690625 0.08886056875
v 0.104366125 -0.2803198125 0.09383285
v 0.0950065625 -0.2885858125 0.09796045
v 0.1617023125 -0.2526914375 0.07212055625
v 0.1518011875 -0.2587724375 0.0786606
v 0.181985125 -0.24081725 0.05849556875
v 0.171709375 -0.2465686875 0.0655924
v 0.1729995 -0.232373 0.0538144
v 0.10395255 -0.29541525 0.10460934375
v 0.0948205 -0.304634 0.107319
v 0.0858164 -0.2975745 0.10100275
v 0.14192125 -0.264795375 0.0852085375
v 0.13218975 -0.271365 0.09127421875
v 0.1131683125 -0.28660575 0.10123001875
v 0.1220128125 -0.293187125 0.10822525
v 0.1128785 -0.302278 0.1112565
v 0.1226000625 -0.2786386875 0.0966799375
v 0.180324625 -0.2531665625 0.07278221875
v 0.1702893125 -0.25869725 0.0799111875
v 0.1312705625 -0.2845853125 0.10447094375
v 0.1400733125 -0.291152 0.1114933125
v 0.1309205 -0.3000275 0.1148905
v 0.1603491875 -0.264266 0.08688518125
v 0.1504623125 -0.2701334375 0.09360964375
v 0.1588425625 -0.275467375 0.1022226625
v 0.1493150625 -0.28276725 0.10751066875
v 0.1407503125 -0.2768938125 0.0995556
v 0.201441125 -0.2436675625 0.05594120625
v 0.190687875 -0.248173125 0.0649070875
v 0.1925055 -0.2359535 0.04994525
v 0.1580475 -0.2894725 0.1144585
v 0.148947 -0.2982435 0.1179245
v 0.1784471875 -0.263588375 0.0889519625
v 0.1685866875 -0.2691476875 0.0958907
v 0.1767055625 -0.27441325 0.10485118125
v 0.167059 -0.280921 0.110988
v 0.198833375 -0.2540196875 0.07336269375
v 0.18848225 -0.2585679375 0.08148139375
v 0.2135875 -0.239943 0.04444115
v 0.221548 -0.24664675 0.05357931875
v 0.209642625 -0.249984375 0.0643303375
v 0.2168673125 -0.2548060625 0.0747964375
v 0.20636225 -0.258622125 0.08334985
v 0.196202875 -0.263128125 0.09125645
v 0.1863515625 -0.2683214375 0.09843651875
v 0.1943671875 -0.27363275 0.107513775
v 0.184863 -0.279981 0.113635
v 0.20389 -0.2677279375 0.10110113125
v 0.211931625 -0.2732870625 0.110030125
v 0.2026185 -0.2794775 0.1160465
v 0.2137270625 -0.2627963125 0.09380225625
v 0.23522775 -0.24590325 0.04309814375
v 0.2399778125 -0.2505905625 0.05580423125
v 0.2280359375 -0.2519759375 0.06534034375
v 0.234425375 -0.2559470625 0.07713384375
v 0.223887875 -0.25883725 0.08572406875
v 0.2533556875 -0.251846125 0.049179425
v 0.257802625 -0.254718625 0.0619884375
v 0.24558375 -0.2543126875 0.06863043125
v 0.2511266875 -0.257616875 0.0805857125
v 0.2408864375 -0.2596589375 0.0885159875
v 0.2310089375 -0.262904875 0.0964455875
v 0.2213439375 -0.2674651875 0.1037074
v 0.2293539375 -0.273694875 0.1123004375
v 0.220203 -0.2798925 0.118141
v 0.2476443125 -0.264156375 0.099144
v 0.2384646875 -0.2681185625 0.106192125
v 0.2711088125 -0.257753125 0.0585872375
v 0.2744289375 -0.2599981875 0.07043179375
v 0.2621148125 -0.2574910625 0.07390741875
v 0.2665726875 -0.2609475 0.08541619375
v 0.2568863125 -0.2616200625 0.09184925
v 0.233451 -0.2409105 0.03020875
v 0.2489931875 -0.2454615 0.024686474375
v 0.250231625 -0.2487978125 0.0369291875
v 0.265103 -0.2535935 0.0343062
v 0.267657625 -0.255859375 0.046387525
v 0.2465 -0.2749685 0.114317
v 0.2376545 -0.281114 0.1198335
v 0.263345375 -0.2668150625 0.10151145
v 0.254852 -0.269527 0.1088125
v 0.281437 -0.2613885 0.0451543
v 0.284664 -0.2628205 0.0572797
v 0.2611005 -0.2499725 0.009596745
v 0.2623785 -0.25238 0.02197375
v 0.248179 -0.242367 0.011860095
v 0.2873235 -0.26459 0.06970055
v 0.2891885625 -0.268188375 0.08150684375
v 0.2776208125 -0.263141375 0.08193451875
v 0.2797593125 -0.2670399375 0.0927213875
v 0.27131975 -0.26529475 0.09546616875
v 0.2774104375 -0.2704214375 0.10129619375
v 0.2708925 -0.272912 0.108707
v 0.3000315 -0.2753575 0.08179
v 0.2992645 -0.280017 0.09392045
v 0.2891060625 -0.2724896875 0.0931469125
v 0.2860565 -0.2765085 0.10387525
v 0.3140354375 -0.290097375 0.05869024375
v 0.3144905 -0.2900205 0.07222075
v 0.3072805 -0.280351 0.07108735
v 0.3072425 -0.2801055 0.0573991
v 0.3182325 -0.3026658125 0.04832181875
v 0.3192416875 -0.3001249375 0.05955549375
v 0.3130745 -0.292632 0.04485815
v 0.3213138125 -0.3209729375 0.04483545625
v 0.3217085625 -0.31086175 0.0552403375
v 0.3171745 -0.310044 0.0360784
v 0.322863 -0.3148415 0.0661021
v 0.319736 -0.301145 0.0712504
v 0.3124575625 -0.3277138125 0.014030256875
v 0.31678175 -0.3379475625 0.02350974375
v 0.3194453125 -0.3295063125 0.03372341875
v 0.315205 -0.3187925 0.02383265
v 0.3217134375 -0.3405545625 0.04372380625
v 0.323982 -0.332183 0.05491305
v 0.296696 -0.328101 -0.0219173
v 0.3015296875 -0.3372349375 -0.013607011875
v 0.3046641875 -0.3277026875 -0.00416005875
v 0.299634 -0.3185455 -0.01243551
v 0.309444625 -0.337167 0.004438250625
v 0.307471 -0.317864 0.00524834
v 0.319191625 -0.3482315625 0.03325443125
v 0.3188484375 -0.35935975 0.0421840625
v 0.321554 -0.3522095 0.05280415
v 0.305870125 -0.346537 -0.00499722
v 0.309441 -0.3558629375 0.004005413125
v 0.3133328125 -0.346826 0.013622055
v 0.3157726875 -0.3565076875 0.0231540125
v 0.3019414375 -0.3558898125 -0.014305036875
v 0.297965 -0.346669 -0.0229413
v 0.3159325 -0.366959625 0.03204564375
v 0.3135631875 -0.378102875 0.03989085625
v 0.3163665 -0.370903 0.05007695
v 0.311792125 -0.365150625 0.013275833125
v 0.312294 -0.3750470625 0.0220188875
v 0.2977330625 -0.3653084375 -0.023366735625
v 0.3008209375 -0.3743515 -0.01468133125
v 0.3052078125 -0.3650145 -0.00548135125
v 0.3075054375 -0.3739704375 0.0035582625
v 0.289592375 -0.3655915 -0.04071171875
v 0.29331425 -0.3747734375 -0.03216996875
v 0.2940565 -0.356131 -0.03200805
v 0.3105974375 -0.3856793125 0.0297351
v 0.3070785 -0.396192 0.03706245
v 0.3097285 -0.388771 0.04730235
v 0.3082885625 -0.383226125 0.012135546875
v 0.307433 -0.393463875 0.01992096875
v 0.280698 -0.365788 -0.05744965
v 0.284936375 -0.3750605 -0.04911981875
v 0.2853425 -0.356325 -0.0490678
v 0.304333375 -0.402075625 0.01066845125
v 0.303543 -0.4123025 0.01854655
v 0.3061275 -0.4038835 0.0276349
v 0.296303125 -0.38381525 -0.023538284375
v 0.298685 -0.392745 -0.014922628125
v 0.3030165625 -0.3832164375 -0.0059586875
v 0.3042164375 -0.392235375 0.002573371875
v 0.2886215 -0.3842521875 -0.04062089375
v 0.291787125 -0.3933549375 -0.0320515375
v 0.300400125 -0.4019461875 -0.00639838625
v 0.3020174375 -0.4114864375 0.001857258125
v 0.29459975 -0.4024539375 -0.02348532375
v 0.2974024375 -0.4116364375 -0.015056104375
v 0.2799099375 -0.3845210625 -0.0571638
v 0.283851875 -0.393757875 -0.0487942375
v 0.27903375 -0.4032663125 -0.0568144375
v 0.283427875 -0.412451875 -0.04869079375
v 0.2874295 -0.402926625 -0.04032820625
v 0.291107875 -0.4120401875 -0.0319883
v 0.300994 -0.4208586875 -0.0067967025
v 0.305195 -0.42999 0.00174173
v 0.305103 -0.420805 0.0103006
v 0.2691505 -0.4033955 -0.0725402
v 0.2741831875 -0.412705875 -0.0647388
v 0.2745783125 -0.393963 -0.064918025
v 0.275465 -0.375192 -0.06533085
v 0.269911 -0.384607 -0.0729604
v 0.2696805 -0.4221005 -0.0728568
v 0.275764 -0.4312975 -0.0655928
v 0.2797275625 -0.4218949375 -0.05718953125
v 0.2853885 -0.43093 -0.0496148
v 0.2882965 -0.4214966875 -0.0407767625
v 0.2953405625 -0.4211144375 -0.023885668125
v 0.2999525 -0.4302235 -0.01574577
v 0.2933555 -0.43051 -0.0329229
v -0.01654587 -0.2516425 0.06838865
v 0.02097295 -0.25172125 0.068322175
v 0.00220793 -0.2517435 0.068224
v 0.0022410625 -0.26869925 0.076225825
v 0.002352785 -0.28565625 0.084342125
v 0.058672775 -0.235685 0.05954975
v 0.0209837 -0.26862375 0.07637985
v 0.077448775 -0.2347885 0.060685275
v 0.021069175 -0.285494 0.084525525
v 0.039732 -0.251588 0.06865465
v 0.039714425 -0.26834075 0.076972525
v 0.077221925 -0.25117075 0.069761075
v 0.058479775 -0.251371 0.0691525
v 0.058408575 -0.26784025 0.0779785
v 0.0962625 -0.234562 0.06148385
v 0.09595195 -0.251142 0.0703751
v 0.1162405 -0.2185135 0.0526405
v 0.11513125 -0.2349955 0.061829725
v 0.039755825 -0.28495025 0.085539775
v 0.077051 -0.26717425 0.0793745
v 0.1146785 -0.2512885 0.070990375
v 0.058363025 -0.28400975 0.087290925
v 0.1351565 -0.21935625 0.053923625
v 0.13409625 -0.236013 0.06178345
v 0.076841525 -0.282641 0.089752625
v 0.09564385 -0.2665175 0.080896
v 0.13345825 -0.25166725 0.07158035
v 0.153176 -0.237607 0.06104035
v 0.11420925 -0.26590275 0.0824804
v 0.09521125 -0.2810975 0.092475425
v 0.15230375 -0.25234425 0.07195135
v 0.172361 -0.23962025 0.059512025
v 0.0948912 -0.29650275 0.102800875
v 0.132701 -0.265172 0.0842805
v 0.112987 -0.29429625 0.1064385
v 0.11349525 -0.27949775 0.095240575
v 0.1710315 -0.2529195 0.072438275
v 0.13104825 -0.29212925 0.1099065
v 0.151156 -0.2645245 0.08603695
v 0.14981425 -0.27613225 0.100907925
v 0.131682 -0.27775 0.098132275
v 0.1916295 -0.24220575 0.05729775
v 0.149068 -0.29028475 0.11299675
v 0.16944475 -0.2639265 0.087872675
v 0.167804 -0.27490125 0.103533225
v 0.189615 -0.25357075 0.0730301
v 0.211567 -0.2450845 0.054448575
v 0.2079105 -0.254401 0.073960775
v 0.187361 -0.263334 0.090075575
v 0.18555425 -0.27398275 0.1061881
v 0.2031615 -0.27338625 0.108798
v 0.2049895 -0.2629355 0.092507525
v 0.230925 -0.2485445 0.0540929
v 0.22572475 -0.25532625 0.075841775
v 0.24898625 -0.25259775 0.058528225
v 0.24291175 -0.256654 0.0787097
v 0.22242175 -0.26275075 0.0951141
v 0.220672 -0.273379 0.1111995
v 0.239424 -0.26336475 0.09779925
v 0.26627925 -0.25710575 0.065908425
v 0.259013 -0.2590055 0.08277825
v 0.24178 -0.2449235 0.033354775
v 0.2589285 -0.25239475 0.041360375
v 0.23794875 -0.2742675 0.11332725
v 0.25564725 -0.26530575 0.10044875
v 0.276206 -0.25933675 0.051749825
v 0.25527875 -0.2473735 0.0169169225
v 0.2822645 -0.263635 0.07570215
v 0.27380775 -0.2635705 0.088628425
v 0.27065125 -0.2686865 0.10213005
v 0.29460375 -0.2738305 0.087633225
v 0.2834685 -0.27152125 0.098001525
v 0.3108665 -0.285063 0.064809925
v 0.31637025 -0.2957765 0.05288605
v 0.31998375 -0.31133075 0.045922025
v 0.3212645 -0.30688125 0.063508025
v 0.31618275 -0.32842125 0.023665275
v 0.3219125 -0.330794 0.0442109
v 0.30068925 -0.32789075 -0.0130573975
v 0.3086025 -0.327559 0.0048121525
v 0.32065025 -0.35001525 0.043049625
v 0.309708 -0.346601 0.00418892
v 0.31662325 -0.347269 0.0233779
v 0.3019405 -0.346577 -0.01401208
v 0.3164335 -0.36877175 0.041122825
v 0.3142955 -0.36578575 0.02272235
v 0.30155225 -0.36514625 -0.0145183175
v 0.308692 -0.36495475 0.0038289825
v 0.293758 -0.3654595 -0.032111425
v 0.31039525 -0.38720475 0.0385131
v 0.3098705 -0.3842355 0.0209796
v 0.2852015 -0.3656965 -0.04912695
v 0.3053895 -0.402845 0.019159475
v 0.2997955 -0.38351075 -0.0148234875
v 0.30592575 -0.383004 0.0030918875
v 0.29258 -0.38405825 -0.03213885
v 0.302641 -0.4018445 0.00214623
v 0.2976985 -0.40217525 -0.014956595
v 0.284423 -0.3844095 -0.048980125
v 0.2834135 -0.40312 -0.048648525
v 0.2911675 -0.4027045 -0.0319415
v 0.30316375 -0.42081625 0.0017532525
v 0.2742045 -0.40334725 -0.064737925
v 0.27500775 -0.38457775 -0.065119175
v 0.27481125 -0.42201425 -0.065080575
v 0.284215 -0.4217095 -0.04906885
v 0.29836325 -0.4209635 -0.0153518725
v 0.291995 -0.42129525 -0.0323715
v -0.210564125 -0.4387425 0.11975875
v -0.00236217 -0.415916625 0.115731875
v -0.04159335 -0.41874325 0.1172665
v -0.02330042 -0.416360125 0.115651125
v 0.0395192 -0.4150905 0.115794
v 0.0604563125 -0.41479775 0.1156025
v 0.0813724 -0.414643875 0.11504875
v 0.0996181625 -0.4120935 0.113764125
v -0.127694484375 -0.397661671875 0.113511453125
v -0.20964325 -0.41951625 0.109004375
v -0.230018375 -0.41981375 0.106225
v -0.10664265 -0.417818375 0.114729625
v -0.127301375 -0.418151625 0.114006625
v -0.1685215 -0.41884675 0.111957625
v -0.08856075 -0.414989875 0.114616
v 0.0185762675 -0.4154735 0.11581075
v -0.147933875 -0.41848525 0.113184125
v 0.246745375 -0.430689875 0.107877375
v -0.25407975 -0.297239375 0.1219555
v -0.2336445 -0.29698975 0.12537275
v -0.21271575 -0.296935375 0.126558125
v -0.19426325 -0.299393125 0.127119625
v -0.25492921875 -0.318075640625 0.124866125
v -0.27510725 -0.318102 0.118619
v -0.275345875 -0.338903625 0.11760475
v -0.234191375 -0.317828890625 0.128623890625
v -0.170806375 -0.31707925 0.130631125
v -0.152269125 -0.319526875 0.1294485
v -0.17086409375 -0.337916328125 0.13043159375
v -0.147127875 -0.334868875 0.129429375
v 0.226737125 -0.430798625 0.11278175
v -0.086268325 -0.39723225 0.111399625
v -0.1069873375 -0.3974055 0.1125874375
v -0.12803425 -0.377555390625 0.118338375
v -0.148389 -0.398014890625 0.114303703125
v -0.16908596875 -0.398394984375 0.114651390625
v -0.18979278125 -0.39879915625 0.114354296875
v -0.190615734375 -0.379021140625 0.1210576875
v -0.211534203125 -0.37954296875 0.120051328125
v -0.2104628125 -0.399287765625 0.11310234375
v -0.230967 -0.399632359375 0.11069128125
v -0.2500615 -0.4198075 0.1016507375
v -0.270575125 -0.398996375 0.0996926375
v -0.274465125 -0.359462 0.113488625
v -0.2527524375 -0.37986125 0.113467057813
v -0.232303015625 -0.37987540625 0.117714609375
v -0.233493390625 -0.3597433125 0.123979609375
v -0.25424728125 -0.3597948125 0.11991815625
v -0.234203421875 -0.338969390625 0.127955703125
v -0.213138046875 -0.338665046875 0.12989903125
v -0.191406359375 -0.3589955 0.127137109375
v -0.1283528125 -0.357418515625 0.1237820625
v -0.170294671875 -0.358519875 0.127005171875
v -0.21250471875 -0.359429984375 0.1262506875
v -0.25110209375 -0.3995626875 0.106317001562
v -0.272643875 -0.37937525 0.1069190875
v -0.16967609375 -0.378547875 0.12096871875
v -0.148806375 -0.378075890625 0.1200403125
v -0.0865367625 -0.376719625 0.113558125
v -0.107286407812 -0.377063640625 0.116066234375
v -0.08925985 -0.358958375 0.117490375
v -0.1049192125 -0.3542095 0.1211555
v -0.14926028125 -0.357995421875 0.125818171875
v -0.19200490625 -0.33830034375 0.13065721875
v -0.128572 -0.336990125 0.127362
v -0.11001275 -0.33909075 0.123966625
v -0.21315821875 -0.317565671875 0.13026528125
v -0.255024859375 -0.339092875 0.123933453125
v -0.18932675 -0.31466275 0.130671125
v -0.271515125 -0.30008575 0.117287875
v -0.267117625 -0.416822625 0.0962942625
v -0.18909775 -0.419191 0.110581875
v 0.104582375 -0.3969905 0.109783375
v 0.1649595 -0.414532375 0.10981925
v 0.20393325 -0.4118245 0.105122125
v 0.12457075 -0.444902125 0.14199725
v 0.18579825 -0.41446175 0.10763
v 0.20378075 -0.39638 0.10530425
v 0.1881365 -0.391439 0.107345625
v 0.1437918125 -0.3942335 0.109341515625
v -0.23319525 -0.45246075 0.13300875
v -0.231190875 -0.439225625 0.116933875
v 0.164748875 -0.353762 0.119116625
v 0.141152 -0.371336625 0.1136775
v 0.146376625 -0.356133125 0.117741125
v 0.1647156875 -0.3739615 0.11349675
v 0.18312325 -0.35634325 0.118343125
v 0.125450625 -0.37634475 0.111856
v 0.164686546875 -0.39415678125 0.1088604375
v 0.18566775 -0.37399325 0.113189375
v 0.14409525 -0.414567 0.111850125
v 0.1202125 -0.391789125 0.109119625
v 0.123185125 -0.41452925 0.113366375
v 0.264473375 -0.432487375 0.1043445
v 0.268184875 -0.44269175 0.115821
v -0.127701125 -0.43555525 0.126883625
v -0.251207875 -0.451869375 0.127803125
v -0.0649581 -0.43329 0.12880425
v -0.249513375 -0.441390375 0.116252375
v -0.189842 -0.438036125 0.121901125
v -0.16911525 -0.437288 0.1238985
v -0.148445 -0.43648725 0.12563425
v -0.106826975 -0.434679625 0.127728
v 0.105404 -0.42842125 0.126078
v 0.123716 -0.430479875 0.126717
v 0.0608990515625 -0.43065928125 0.129191625
v 0.0399175921875 -0.430969046875 0.12936471875
v 0.018939581875 -0.431306515625 0.129452578125
v 0.019261935 -0.445979375 0.144393125
v 0.0402869875 -0.445714625 0.1441765
v 0.061315325 -0.44545375 0.14392375
v 0.0823656875 -0.44517925 0.143540375
v 0.1034541875 -0.445013375 0.14285875
v -0.022768665 -0.4467355 0.144361
v -0.001755765 -0.446322125 0.144443
v -0.0437845875 -0.447138875 0.144274125
v -0.0648145375 -0.4474895 0.14420175
v -0.0858561625 -0.447928125 0.14393825
v -0.127972875 -0.44893675 0.14294875
v -0.106912125 -0.448421125 0.1434995
v -0.14904675 -0.4494865 0.142111375
v -0.1701375 -0.450102375 0.140675125
v -0.191239375 -0.45076925 0.13867725
v -0.212237375 -0.45151725 0.13604825
v -0.0230198321875 -0.432147578125 0.129353140625
v 0.145706125 -0.444822 0.140628375
v 0.166996375 -0.4445595 0.138717
v 0.188232875 -0.444325875 0.136022
v 0.2093635 -0.444079625 0.1326505
v 0.2510315 -0.44403175 0.1236635
v 0.23032425 -0.443933375 0.12875425
v 0.20624475 -0.430857 0.11666775
v 0.185760875 -0.430764125 0.120238
v 0.165199125 -0.43072225 0.123077125
v 0.14454275 -0.430611 0.125128625
v 0.0818881640625 -0.430428359375 0.128692171875
v -0.002037624375 -0.43172153125 0.129421953125
v -0.0466594875 -0.430835375 0.127332625
v -0.08589735 -0.43393175 0.12838025
v 0.018761338125 -0.4234866875 0.1225234375
v 0.00845118375 -0.4315076875 0.1294480625
v -0.00219634 -0.4239194375 0.122466
v 0.00810667 -0.4156915 0.115777
v -0.01252761625 -0.4319349375 0.1293905
v -0.023157674375 -0.4243538125 0.1223933125
v -0.01283123 -0.416139 0.1156905
v -0.0335153125 -0.432359125 0.1293093125
v -0.04412595 -0.4247855 0.122308
v -0.03376965 -0.4165815 0.115612
v 0.0606798875 -0.4228174375 0.1223018125
v 0.05040745 -0.4308078125 0.129305625
v 0.0397208125 -0.4231241875 0.1224759375
v 0.0499896 -0.4149295 0.115734
v 0.02942834375 -0.431131125 0.12941925
v 0.0290476 -0.4152725 0.115818
v 0.08163346875 -0.42262225 0.1217700625
v 0.07139353125 -0.4305353125 0.128972375
v 0.07091685 -0.4147035 0.115364
v 0.102574 -0.422493 0.1211135
v 0.092380225 -0.430330875 0.1283953125
v 0.09182415 -0.414616 0.114687
v 0.112375 -0.39442 0.10891
v 0.1230059375 -0.40443925 0.1109995625
v 0.112729 -0.414556 0.1138765
v 0.1021005 -0.40455 0.1117655
v -0.11765975 -0.3772963125 0.11725275
v -0.107142775 -0.3872215625 0.1138068125
v -0.1173426875 -0.397520875 0.113073375
v -0.1278685 -0.3875799375 0.1154784375
v -0.106818375 -0.4076074375 0.1132004375
v -0.1169775 -0.4179865 0.114382
v -0.1275024375 -0.407874 0.113316125
v -0.137622 -0.418316 0.1136285
v -0.148165 -0.4082034375 0.1133531875
v -0.1380425 -0.3978303125 0.1139401875
v -0.14859875 -0.388012875 0.116817125
v -0.13841225 -0.37781875 0.11927625
v -0.2001395 -0.3990439375 0.113856
v -0.1894340625 -0.4089403125 0.1122126875
v -0.1993825 -0.419354 0.109877
v -0.2100305625 -0.4093565625 0.1108030625
v -0.23045825 -0.4096825625 0.10823225
v -0.2207455 -0.399495875 0.112087125
v -0.2198585 -0.419683 0.1078045
v -0.2505286875 -0.4096345625 0.1037656
v -0.24110675 -0.3996613125 0.10879575
v -0.240113 -0.419868 0.1042135
v -0.0966286625 -0.397313125 0.112015125
v -0.0861015 -0.4073765 0.1128535
v -0.0962891 -0.417645 0.1150245
v -0.15873625 -0.3982035 0.114546125
v -0.1582315 -0.418665 0.11261
v -0.1688018125 -0.4085676875 0.11299475
v -0.179439875 -0.3985881875 0.1146034375
v -0.1788105 -0.419022 0.1112785
v -0.2339543125 -0.3073795 0.127291125
v -0.244620125 -0.317969375 0.127063125
v -0.254558 -0.30763875 0.1237008125
v -0.243948 -0.297094 0.123983
v -0.26506225 -0.3181074375 0.121927875
v -0.2745215 -0.3078095 0.1176405
v -0.263985 -0.2973995 0.119225
v -0.2129684375 -0.3072068125 0.12871875
v -0.223699375 -0.3176944375 0.1296534375
v -0.223224 -0.296953 0.12619
v -0.191798 -0.30703 0.128918
v -0.202582 -0.31744225 0.1305729375
v -0.202149 -0.2968885 0.1266005
v -0.2342829375 -0.3283975625 0.1287854375
v -0.2446668125 -0.3390659375 0.1262483125
v -0.255086375 -0.3285875625 0.1248714375
v -0.265224875 -0.3390225625 0.120939
v -0.2753755 -0.3284945 0.1185595
v -0.2547400625 -0.3495099375 0.122268875
v -0.264399 -0.3596578125 0.1168833125
v -0.275038 -0.349246 0.1158975
v -0.2132221875 -0.328099375 0.130583625
v -0.223687375 -0.338830875 0.12912775
v -0.1497 -0.3272215 0.12948
v -0.1602878125 -0.33771225 0.129916125
v -0.17088825 -0.3275100625 0.130772
v -0.1601965 -0.317008 0.129964
v -0.1814355625 -0.3381113125 0.1306725
v -0.1920670625 -0.327793875 0.1311659375
v -0.181423 -0.317155 0.1310545
v -0.149523875 -0.34777775 0.1278960625
v -0.1597631875 -0.358264125 0.126531125
v -0.170627875 -0.3482735 0.129128625
v -0.18084625 -0.358762625 0.1271995625
v -0.1917593125 -0.3487185 0.1292801875
v -0.12847075 -0.3472279375 0.1257279375
v -0.1387944375 -0.3577138125 0.1249070625
v -0.1391915 -0.337246 0.1286675
v -0.09691188125 -0.3768795 0.1148256875
v -0.0864182 -0.3869845 0.111917
v -0.1179225625 -0.35710875 0.1224274375
v -0.10741995625 -0.36693975 0.118573375
v -0.1282015 -0.367514625 0.1212125625
v -0.149024 -0.3680824375 0.123120125
v -0.1693778125 -0.388435 0.1175470625
v -0.15922925 -0.3783163125 0.1206045
v -0.1901963125 -0.3888770625 0.1175175
v -0.180142125 -0.3787784375 0.121132875
v -0.2109849375 -0.38940075 0.1164028125
v -0.2010853125 -0.379289125 0.120703875
v -0.1699795625 -0.36859375 0.1242033125
v -0.191022125 -0.3690785 0.12433025
v -0.212047875 -0.369561875 0.12339475
v -0.2019634375 -0.359221625 0.126840625
v -0.2316135 -0.389744125 0.114053875
v -0.22194575 -0.37974325 0.1190799375
v -0.2329408125 -0.36988375 0.1210680625
v -0.2230174375 -0.3596095625 0.125307875
v -0.2518879375 -0.3896929375 0.10974148125
v -0.2425890625 -0.379924875 0.11588025
v -0.2699055 -0.4090885 0.0970618
v -0.260890375 -0.3993164375 0.10317150625
v -0.259783 -0.419594 0.09841745
v -0.2627416875 -0.379654125 0.11036523125
v -0.271555 -0.389151 0.10315935
v -0.2535618125 -0.3699035625 0.11692175
v -0.2736405 -0.369492 0.110429
v -0.243924375 -0.3598141875 0.1222333125
v -0.2128835 -0.3491198125 0.12843675
v -0.23392725 -0.34942825 0.126314625
v -0.2025748125 -0.3384865625 0.130404125
v -0.1179505 -0.3367385 0.1256805
v -0.1074445 -0.3466465 0.122564
v -0.09711035 -0.3565835 0.119424
v -0.08660965 -0.366524 0.1154755
v 0.1751278125 -0.3940948125 0.108323
v 0.18565225 -0.404207125 0.107161375
v 0.1753865 -0.4144985 0.1087855
v 0.1647971875 -0.4043290625 0.1088743125
v 0.14391975 -0.4044013125 0.110074125
v 0.154242125 -0.3942005625 0.10916425
v 0.1545315 -0.414559 0.1108675
v 0.1959365 -0.3938665 0.105945
v 0.2064565 -0.4040875 0.104924
v 0.1961805 -0.4144265 0.1062165
v 0.16467925 -0.3840465625 0.1107086875
v 0.1751915 -0.373980125 0.1133941875
v 0.1855935 -0.3839895 0.1100055
v 0.15424075 -0.373931875 0.1133948125
v 0.143759 -0.3840614375 0.1106956875
v 0.1336435 -0.414545 0.112687
v 0.133332875 -0.3942629375 0.1094993125
v 0.122829 -0.3840485 0.1103865
v 0.1333035 -0.3738245 0.1126735
v 0.1857195 -0.3639255 0.116162
v 0.16473625 -0.3638646875 0.1163023125
v 0.1752535 -0.3538035 0.1191525
v 0.1437605 -0.36373 0.1157065
v 0.154248 -0.3536745 0.118762
v 0.261222 -0.4442205 0.120381
v 0.2488884375 -0.4373608125 0.1157704375
v 0.256542 -0.430725 0.104859
v 0.2688115 -0.4376285 0.109237
v -0.241496 -0.4394525 0.115457
v -0.2321930625 -0.4458431875 0.1249713125
v -0.243656 -0.4531045 0.131174
v -0.2529555 -0.446747 0.1215985
v -0.169626375 -0.4436951875 0.1322868125
v -0.180695 -0.4504285 0.139753
v -0.1905406875 -0.4444026875 0.1302891875
v -0.179473 -0.4376645 0.122916
v -0.2017485 -0.4511285 0.137424
v -0.21140075 -0.445129875 0.1279035
v -0.200211 -0.438408 0.1208865
v -0.148745875 -0.442986875 0.1338728125
v -0.159589 -0.449787 0.1414675
v -0.15878 -0.4369015 0.124816
v -0.127837 -0.442246 0.1349161875
v -0.138508 -0.449205 0.142588
v -0.138088 -0.4360275 0.126319
v -0.08587675625 -0.4409299375 0.13615925
v -0.096383 -0.4481705 0.143735
v -0.10686955 -0.441550375 0.13561375
v -0.0963654 -0.434291 0.1280785
v -0.1174415 -0.448676 0.143245
v -0.1172765 -0.4351035 0.1273415
v 0.124143375 -0.437691 0.134357125
v 0.1140115 -0.4449505 0.1424695
v 0.10315551875 -0.4377170625 0.1353551875
v 0.113294 -0.430428 0.1273485
v 0.09290525 -0.445085 0.1432275
v 0.0821301125 -0.4378899375 0.136015875
v 0.1451244375 -0.4377165 0.1328785
v 0.1351255 -0.444874 0.1413795
v 0.134142 -0.4305435 0.1259755
v 0.0718365 -0.44531 0.143762
v 0.06110939375 -0.4381454375 0.1364624375
v 0.0507998 -0.445587 0.144057
v 0.04010470625 -0.43843625 0.1366671875
v 0.02977395 -0.4458415 0.144297
v 0.019104171875 -0.438739625 0.136814625
v 0.00875219 -0.44614 0.1444395
v -0.0018931375 -0.4391221875 0.1368215625
v -0.01226241 -0.4465245 0.1444105
v -0.022891796875 -0.4395415 0.13674825
v -0.04389540625 -0.4399586875 0.1366513125
v -0.03327545 -0.4469435 0.1443135
v -0.06488631875 -0.44038975 0.136503
v -0.054486 -0.43302 0.1289365
v -0.0542979 -0.447312 0.144249
v -0.0754284 -0.433596 0.1286205
v -0.07533365 -0.447698 0.144096
v -0.2208855 -0.439002 0.1184045
v -0.222721 -0.4519465 0.134605
v 0.154889 -0.4306745 0.124181
v 0.16609775 -0.437640875 0.1308970625
v 0.156343 -0.444702 0.139756
v 0.1754915 -0.4307425 0.1217615
v 0.186996875 -0.437545 0.12813
v 0.1776265 -0.44444 0.137466
v 0.196002 -0.430816 0.1185105
v 0.207804125 -0.4374683125 0.124659125
v 0.198815 -0.4441995 0.134404
v 0.216519 -0.430846 0.1147985
v 0.2285306875 -0.437366 0.120768
v 0.219869 -0.443985 0.1308
v 0.2368115 -0.4307305 0.1104965
v 0.240722 -0.4439425 0.126415
v 0.0082825525 -0.42369825 0.1225025
v -0.0126762225 -0.4241375 0.1224305
v -0.033641275 -0.42456975 0.12235175
v 0.05020065 -0.42296025 0.1224215
v 0.0292409 -0.4232975 0.12251225
v 0.071158 -0.4227075 0.12206975
v 0.092104775 -0.4225535 0.1214475
v 0.112552 -0.404488 0.11139325
v -0.11750575 -0.3873865 0.11467625
v -0.117164 -0.407734 0.11327625
v -0.13783675 -0.408032 0.11336225
v -0.13823025 -0.38779325 0.1162065
v -0.19974425 -0.40914825 0.11161525
v -0.220274 -0.409548 0.109707
v -0.240567 -0.40972025 0.106284
v -0.0964625 -0.40748975 0.1130465
v -0.15848525 -0.40838375 0.1132275
v -0.179119 -0.40875 0.1126645
v -0.2443275 -0.307509 0.1258155
v -0.2645895 -0.307733 0.12085375
v -0.22349475 -0.307286 0.128221
v -0.202395 -0.30712025 0.128898
v -0.244739 -0.3285205 0.127141
v -0.2652715 -0.32856375 0.12189275
v -0.26493 -0.3494045 0.11925725
v -0.22377175 -0.32825375 0.12988875
v -0.16029475 -0.3273665 0.130191
v -0.18147925 -0.32765075 0.131093
v -0.1600705 -0.3480325 0.1286375
v -0.181192 -0.3485015 0.129334
v -0.138992 -0.3475085 0.12693975
v -0.09678035 -0.38709375 0.112877
v -0.11781125 -0.36721575 0.11997075
v -0.13860075 -0.36780475 0.1222645
v -0.15898175 -0.38822525 0.117267
v -0.1797855 -0.38864675 0.11764825
v -0.20060175 -0.3891425 0.11710175
v -0.180496 -0.368836 0.12439125
v -0.2015445 -0.369329 0.12401375
v -0.221329 -0.3896095 0.1154225
v -0.222517 -0.3697515 0.12242625
v -0.241818 -0.38978 0.11219
v -0.26027175 -0.409399 0.1005804
v -0.26176875 -0.38945875 0.106618925
v -0.263644 -0.36973075 0.113853
v -0.24330825 -0.3699445 0.11928
v -0.22342175 -0.34929275 0.12757125
v -0.24438625 -0.34950925 0.12458425
v -0.202651 -0.32794475 0.13100275
v -0.20232625 -0.3489265 0.12899375
v -0.117956 -0.34693925 0.12422
v -0.15948625 -0.368344 0.123773
v -0.097017575 -0.36671825 0.11705475
v 0.1752295 -0.404271 0.10808975
v 0.15436225 -0.40437225 0.1095235
v 0.1960585 -0.4041465 0.10608075
v 0.17513675 -0.38402125 0.11041425
v 0.15422025 -0.384059 0.1107745
v 0.13346475 -0.404417 0.110563
v 0.13329475 -0.38405675 0.11055625
v 0.17522725 -0.36390125 0.1162935
v 0.15424775 -0.3638035 0.11606575
v 0.258882 -0.43747275 0.11262
v -0.242576 -0.4462785 0.1233155
v -0.180084 -0.4440465 0.1313345
v -0.20097975 -0.44476825 0.12915525
v -0.1591845 -0.44334425 0.13314175
v -0.138298 -0.44261625 0.1344535
v -0.0963742 -0.44123075 0.13590675
v -0.117359 -0.44188975 0.13529325
v 0.11365275 -0.43768925 0.134909
v 0.092645325 -0.437788 0.13571775
v 0.13463375 -0.43770875 0.1336775
v 0.071617825 -0.43801075 0.13626875
v 0.05060575 -0.438289 0.136583
v 0.029604075 -0.438582 0.13675175
v 0.0086053125 -0.4389225 0.13683375
v -0.0123918125 -0.43933025 0.1367905
v -0.033394175 -0.43975075 0.1367025
v -0.05439195 -0.440166 0.13659275
v -0.075381025 -0.440647 0.13635825
v -0.22180325 -0.44547425 0.12650475
v 0.155616 -0.43768825 0.1319685
v 0.176559 -0.43759125 0.12961375
v 0.1974085 -0.43750775 0.12645725
v 0.218194 -0.4374155 0.12279925
v 0.23876675 -0.4373365 0.11845575
v 0.17224625 0.102611825 -0.028103375
v 0.179556625 0.0940651625 -0.0279085375
v 0.186483875 0.0832650375 -0.025851275
v 0.192579375 0.0718853125 -0.02357365
v 0.20290125 0.0481517875 -0.0186235375
v 0.192911640625 0.05932500625 -0.0099658201375
v 0.180690875 0.0836332 -0.01340258875
v 0.187703484375 0.0709255828125 -0.0123849887469
v 0.175418125 0.0932273 -0.0163492375
v 0.16907025 0.101681525 -0.019401925
v 0.174493625 0.0665915 0.00461853375
v 0.175489625 0.057704 0.00808446125
v 0.185952640625 0.057890209375 -0.00024891316875
v 0.179741875 0.070721775 -0.0018362475
v 0.190281453125 0.0461238234375 0.00220121783125
v 0.193699078125 0.0338082234375 0.0043134009375
v 0.201441640625 0.0350540125 -0.00513863109375
v 0.210967 0.023402975 -0.0136839125
v 0.217659125 0.00916252 -0.0215807375
v 0.220770375 -0.0020714425 -0.020974675
v 0.234516625 -0.068884175 -0.01796623625
v 0.244817 -0.140448 0.001065706875
v 0.238770125 -0.2003815 -0.01893420375
v 0.24141375 -0.17600425 -0.00141254
v 0.23663375 -0.177200421875 0.011007435
v 0.2385335 -0.209865375 -0.0214979375
v 0.240888 -0.223703875 -0.0157565375
v 0.22836225 -0.214754375 0.005457795
v 0.230255296875 -0.200899484375 0.00500865765625
v 0.233419171875 -0.18901846875 0.008027106875
v 0.2273045 -0.1898456875 0.0198652396875
v 0.223030203125 -0.178992546875 0.0345733859375
v 0.21660409375 -0.201728296875 0.0268583921875
v 0.20856453125 -0.202294671875 0.0364284703125
v 0.2116569375 -0.191323734375 0.0410605359375
v 0.201819796875 -0.192301765625 0.050383565625
v 0.199417515625 -0.203078796875 0.044841821875
v 0.189181390625 -0.20414746875 0.05200334375
v 0.1873905 -0.2154185 0.046073875
v 0.16631 -0.195558625 0.067094275
v 0.16572675 -0.206327625 0.0595463875
v 0.166508 -0.183373 0.0730014625
v 0.1787246875 -0.19458984375 0.063934103125
v 0.17785646875 -0.205518109375 0.0569797609375
v 0.191983953125 -0.182087125 0.062959234375
v 0.203780453125 -0.181195109375 0.0547349875
v 0.224832140625 -0.16652609375 0.0372723453125
v 0.238886734375 -0.165123734375 0.0132285676562
v 0.23981503125 -0.15293134375 0.014349291875
v 0.24469275 -0.152134125 0.0015722225
v 0.2440685 -0.128832375 -0.00103854875
v 0.242685 -0.11720175 -0.004520368125
v 0.240967 -0.105150375 -0.00836077125
v 0.227208625 -0.0413112625 -0.013697675
v 0.228843125 -0.05436865 -0.01102417375
v 0.218111421875 -0.0156299625 -0.00728896015625
v 0.216244578125 -0.0025252365625 -0.0093817646875
v 0.223422375 -0.0150610425 -0.0186016625
v 0.20480296875 0.0224478276562 -0.00290266578125
v 0.19641228125 0.02116850375 0.0060520740625
v 0.209138703125 -0.00348914921875 0.00074326
v 0.21034028125 -0.0165276120313 0.002241618125
v 0.22181528125 -0.0547710828125 -0.00127368309375
v 0.222757046875 -0.067639465625 0.000997673
v 0.212382015625 -0.0552001375 0.006030411125
v 0.20071275 -0.0424898875 0.009775740625
v 0.20115409375 -0.0673572328125 0.0108000307813
v 0.2014765625 -0.0795343640625 0.012352805
v 0.180715625 -0.148040875 0.061618475
v 0.16849 -0.158442 0.0693085125
v 0.236386375 -0.215132375 -0.0111706375
v 0.166535375 -0.16987875 0.0737895125
v 0.17939728125 -0.1704001875 0.0705229625
v 0.192218671875 -0.17055628125 0.0648154140625
v 0.20612075 -0.16834975 0.0564432375
v 0.22497375 -0.153328984375 0.038308415625
v 0.2332884375 -0.153317765625 0.026771471875
v 0.23234696875 -0.140786546875 0.026104978125
v 0.23829009375 -0.129010625 0.0117729473437
v 0.23674721875 -0.117212015625 0.00777180117188
v 0.235116421875 -0.10526644375 0.00317313346875
v 0.226853125 -0.105016035938 0.0128533258125
v 0.220913109375 -0.1282829375 0.0326953625
v 0.2306189375 -0.128672015625 0.0232496346875
v 0.2233728125 -0.140404703125 0.03692221875
v 0.215019 -0.1532715 0.0483726625
v 0.201411625 -0.150603875 0.056951275
v 0.197951625 0.060105575 -0.02114685
v 0.2151545 -0.10567225 0.0209326375
v 0.21379525 -0.080286590625 0.0103236148438
v 0.20507625 -0.101565175 0.020703725
v 0.214666484375 -0.09247098125 0.0140951490625
v 0.208459 -0.115993625 0.03064255
v 0.209878625 -0.126887625 0.0390473375
v 0.1910525 -0.147559875 0.0595384875
v 0.177648875 -0.156271375 0.0672246375
v 0.1914709375 -0.159259953125 0.0638007578125
v 0.20406625 -0.159748 0.05759285
v 0.21273975 -0.139652875 0.045564375
v 0.216969 -0.114827875 0.0267327
v 0.225368828125 -0.0928563453125 0.0082225455
v 0.2239991875 -0.0804007890625 0.00424588471875
v 0.2317235 -0.0802739546875 -0.00495400059375
v 0.22868375 -0.116839703125 0.0183774760938
v 0.207258125 0.0359563125 -0.0161151375
v 0.18803625 -0.090305975 0.01289202875
v 0.1883065625 -0.078073103125 0.0113748489063
v 0.188463671875 -0.0657566421875 0.01094345
v 0.175615125 -0.0635226 0.0103954
v 0.175289 -0.075771175 0.00940919125
v 0.186715625 -0.0396391 0.012505625
v 0.188275046875 -0.0168340798438 0.01370007125
v 0.175624296875 -0.0035072215625 0.017742615625
v 0.16285125 -0.001956115 0.02066555
v 0.163719125 -0.012697815 0.019486825
v 0.17364125 -0.016874325 0.01691595
v 0.17687475 -0.026219775 0.0151444875
v 0.162963625 0.010007385 0.02121735
v 0.172882375 0.0322801375 0.016986925
v 0.1703575 0.0440365625 0.0153024875
v 0.187584671875 0.00788037796875 0.013853555625
v 0.186225125 0.020180365625 0.0129752104687
v 0.184050890625 0.03264508125 0.0116464404687
v 0.180955859375 0.044715446875 0.00975341265937
v 0.199630703125 -0.0044591628125 0.0085623409375
v 0.200163734375 -0.0172165446875 0.00922976140625
v 0.172895 0.0221437 0.0184434875
v 0.175370171875 0.008556776875 0.0181821203125
v 0.1640715 0.0203165375 0.0206879625
v 0.18670875 -0.0304828125 0.0131685375
v 0.188169015625 -0.004451218125 0.0140232317187
v 0.20045328125 -0.02985569375 0.00953703796875
v 0.176931125 -0.0412024875 0.0132307375
v 0.1754815 -0.0514636625 0.0119104125
v 0.188383953125 -0.05350528125 0.0112988984375
v 0.176259625 -0.086875775 0.0096282975
v 0.20040925 -0.0926851875 0.016348875
v 0.200910625 -0.054997415625 0.010078509375
v 0.21296928125 -0.067792521875 0.00766607628125
v 0.21952315625 -0.0287403546875 -0.00529984546875
v 0.22074115625 -0.0417852734375 -0.00329046325
v 0.211145125 -0.0295091703125 0.0035451546875
v 0.2118271875 -0.0424472328125 0.00476137690625
v 0.19844971875 0.0083648871875 0.0075597390625
v 0.207225171875 0.00951431953125 -0.001021628125
v 0.230779375 -0.0657461 -0.0099646675
v 0.233413515625 -0.0929121515625 -0.0010924198125
v 0.23948746875 -0.140853875 0.0139273727344
v 0.232692453125 -0.165908875 0.0255561625
v 0.214392875 -0.16610675 0.049573525
v 0.17936084375 -0.182897140625 0.0690836796875
v 0.166678125 -0.215828375 0.0536778
v 0.176774375 -0.21649175 0.05069865
v 0.214539375 -0.21325325 0.023997925
v 0.2385595 -0.228339625 -0.00118908
v 0.232014 -0.224080625 0.00634538125
v 0.19068609375 -0.19320725 0.0585002484375
v 0.197072625 -0.21450775 0.039803175
v 0.20613175 -0.2138325 0.0324272625
v 0.222045 -0.213010125 0.0142025175
v 0.220020953125 -0.19051378125 0.030881909375
v 0.2239235 -0.201319984375 0.0164547957812
v 0.21422278125 -0.1799606875 0.04527610625
v 0.230598546875 -0.17814353125 0.0231184095313
v 0.2439815 -0.230955875 -0.01045377625
v 0.236348 -0.19852775 -0.00861121125
v 0.238529125 -0.1880615 -0.004307275
v 0.243545875 -0.1640095 0.00062654125
v 0.236896 -0.0800118375 -0.01625955
v 0.23898075 -0.0926146125 -0.012368105
v 0.225441375 -0.0281810875 -0.0161358375
v 0.21426025 0.0122343125 -0.013134625
v 0.197537296875 0.047385115625 -0.00747263984062
v 0.168470625 0.0544502625 0.01240392375
v 0.1772255 0.079556575 -0.005674585
v 0.177487375 0.09364623125 -0.0221288875
v 0.171552 0.0980561 -0.01727675
v 0.169663 0.103336 -0.02398075
v 0.175736 0.0991013 -0.02885995
v 0.1843583125 0.08284124375 -0.0200926625
v 0.1789785 0.0879627 -0.0153634
v 0.1831325 0.08876415 -0.0269072
v 0.19025925 0.07144570625 -0.01787100875
v 0.184915375 0.076656625 -0.013504558125
v 0.189631 0.0776346 -0.0247361
v 0.1955720625 0.059769125 -0.015455205
v 0.1903725625 0.06515698125 -0.0111979668625
v 0.1953345 0.06602965 -0.0223759
v 0.2044908125 0.0355338875 -0.01052238625
v 0.1995646875 0.04126044375 -0.006290615625
v 0.20035425 0.04780693125 -0.012947673125
v 0.205161 0.0420935 -0.01736265
v 0.19530975 0.05340384375 -0.0087108762375
v 0.200486 0.05415105 -0.0198905
v 0.1941804375 0.04680938125 -0.0023992687375
v 0.1882005625 0.0520543875 0.00100151695
v 0.1896895 0.05866555 -0.00488095555
v 0.1836355 0.0637037 -0.001506517425
v 0.1846764375 0.070244425 -0.0073322112375
v 0.178609 0.0751382 -0.003644365
v 0.179013 0.0816097 -0.009550155
v 0.1817480625 0.0570984375 0.003882005075
v 0.175118 0.0620679 0.00653542
v 0.1772025 0.0686745 0.001373015
v 0.1757400625 0.044312475 0.012672205625
v 0.168588 0.04994855 0.01405945
v 0.1720225 0.0561001 0.010226445
v 0.179106875 0.05061150625 0.0086189687625
v 0.185838125 0.0453725375 0.0062575975125
v 0.1890995625 0.03315963125 0.008258674375
v 0.1826120625 0.03873420625 0.010768114375
v 0.1920975 0.04002610625 0.003306634375
v 0.19782875 0.0344592375 -0.000172868125
v 0.1915318125 0.020559651875 0.009766610625
v 0.18524775 0.02642536875 0.0123717575
v 0.1951365625 0.0275171625 0.005217151875
v 0.203217875 0.02879000625 -0.00399051375
v 0.2008793125 0.021825210625 0.001832193125
v 0.2091855 0.02972035 -0.0148883
v 0.2080533125 0.02295441 -0.00816213625
v 0.2108130625 0.0100623 -0.00606912875
v 0.2061065 0.016006879375 -0.001931489375
v 0.2126265 0.01702155 -0.01250375
v 0.2186979375 -0.00225677625 -0.015080976875
v 0.2150741875 0.00399297875 -0.010450544375
v 0.2159645 0.0106995 -0.01736335
v 0.219264 0.00436878 -0.0221776
v 0.2209464375 -0.01531656375 -0.01282412
v 0.217248875 -0.009070625 -0.008323884375
v 0.2221695 -0.00854787 -0.0197927
v 0.234497125 -0.08015231875 -0.010463098625
v 0.2308850625 -0.073856575 -0.006723295625
v 0.232616 -0.067331 -0.014006495
v 0.2358485 -0.0736551 -0.01809225
v 0.2423730625 -0.152562625 0.0079817925
v 0.2397880625 -0.146866875 0.014344045625
v 0.2422846875 -0.1406878125 0.0075405471875
v 0.2448755 -0.146274 0.001513715
v 0.2389635625 -0.134912375 0.0130868728125
v 0.241315 -0.1289675625 0.005459420625
v 0.2445385 -0.134634 0.0002111325
v 0.23707 -0.212684 -0.01596055
v 0.23507475 -0.2069745 -0.0079796475
v 0.2373885 -0.1994465 -0.013718815
v 0.239126 -0.2048095 -0.0220082
v 0.2360453125 -0.1885485 0.0018922025
v 0.235100125 -0.18312975 0.00958257125
v 0.239111375 -0.1766225 0.004815730625
v 0.240027 -0.1820195 -0.00279171
v 0.237910625 -0.1711899375 0.01223432125
v 0.2413268125 -0.1645918125 0.006944314375
v 0.242594 -0.1699975 -0.00026843
v 0.230508375 -0.189454375 0.014032865
v 0.2290483125 -0.1840484375 0.021565175625
v 0.233805625 -0.1776976875 0.017126006875
v 0.231821125 -0.1720879375 0.0244624875
v 0.236004625 -0.165554875 0.01944578125
v 0.2419855 -0.2303855 -0.005950355
v 0.236842875 -0.2218819375 -0.00445736875
v 0.2381335 -0.2190775 -0.0129028
v 0.2432265 -0.228196 -0.01433135
v 0.2228565625 -0.207144375 0.0152286325
v 0.2272085625 -0.201111 0.010847114375
v 0.229395875 -0.2070993125 0.004109974375
v 0.2255115 -0.213122 0.00893127
v 0.233096125 -0.2006959375 -0.00100221625
v 0.2324976875 -0.213789 -0.00136428125
v 0.2350245 -0.226673 0.003462055
v 0.2301615 -0.2192575 0.00580323
v 0.2255011875 -0.1955783125 0.018081055625
v 0.2317003125 -0.194907125 0.00640841875
v 0.2370155 -0.1941485 -0.00586057
v 0.2203676875 -0.2015159375 0.02177334375
v 0.2182341875 -0.19611125 0.0288022625
v 0.223799125 -0.190181875 0.02547999375
v 0.221642875 -0.184839125 0.0328222
v 0.2269840625 -0.1785671875 0.02893160625
v 0.2159986875 -0.19089225 0.03607576875
v 0.21306825 -0.1857359375 0.043299875
v 0.218805 -0.1794435 0.0400515375
v 0.215020875 -0.1739343125 0.0468331
v 0.220320625 -0.16692875 0.0427487375
v 0.2241131875 -0.1728793125 0.03608571875
v 0.2289621875 -0.166209375 0.03151991875
v 0.210435 -0.2135205 0.0283681
v 0.207286625 -0.2080111875 0.0343708375
v 0.2126956875 -0.2019865 0.031765575
v 0.2154521875 -0.2074616875 0.02532543125
v 0.2100885 -0.19678775 0.03871421875
v 0.2183985 -0.2130685 0.0192504
v 0.201676 -0.2141515 0.03624175
v 0.1982363125 -0.2087334375 0.042266
v 0.2041326875 -0.2026569375 0.04078065625
v 0.20063375 -0.1976635 0.0476436375
v 0.2069203125 -0.1918146875 0.045835175
v 0.2029104375 -0.1868078125 0.052773725
v 0.209197875 -0.18058475 0.0501571375
v 0.194436375 -0.20356575 0.04863165625
v 0.189958125 -0.19866125 0.055333625
v 0.196386375 -0.192721625 0.0546895875
v 0.1914115 -0.18769825 0.06104711875
v 0.1980206875 -0.1816711875 0.0590500125
v 0.1923265 -0.2149315 0.04310315
v 0.1883096875 -0.209753125 0.0489655
v 0.1822175 -0.2159645 0.04864755
v 0.17733175 -0.2109918125 0.0537624625
v 0.1836446875 -0.204853625 0.05481006875
v 0.178315875 -0.200096875 0.06050403125
v 0.184785 -0.193891625 0.06156255625
v 0.17294475 -0.1831635 0.07120359375
v 0.179097625 -0.18885875 0.06686880625
v 0.17254675 -0.195117 0.06567248125
v 0.1664555 -0.189671 0.0704843
v 0.1718469375 -0.2059748125 0.05844035
v 0.1660445 -0.2010155 0.063305
v 0.171028 -0.2169225 0.05210165
v 0.1654245 -0.211781 0.05624835
v 0.1729643125 -0.1701614375 0.07233943125
v 0.1794405 -0.1766985625 0.0703542625
v 0.1664945 -0.176685 0.07417215
v 0.185735625 -0.1825170625 0.066319675
v 0.1858383125 -0.1705510625 0.06797371875
v 0.1922530625 -0.17632675 0.06422159375
v 0.198469625 -0.1703580625 0.0611717625
v 0.204304625 -0.175477125 0.056188225
v 0.2103345 -0.168767 0.052969
v 0.215549 -0.1604 0.0485683
v 0.2201148125 -0.153301625 0.043454725
v 0.225127375 -0.1599595625 0.0380464125
v 0.2293589375 -0.1533508125 0.0327053625
v 0.2331889375 -0.1596335625 0.0263581875
v 0.2367803125 -0.1531805 0.02063265
v 0.2395180625 -0.15902725 0.013955511875
v 0.2442475 -0.1580505 0.001258295
v 0.2329688125 -0.14701725 0.026698925
v 0.2361604375 -0.1408724375 0.02013816875
v 0.2375408125 -0.123116875 0.0099359978125
v 0.239872125 -0.1172419375 0.0017446828125
v 0.2434355 -0.1230435 -0.0026718775
v 0.2359408125 -0.1112769375 0.005476134375
v 0.23821925 -0.10523466875 -0.002470678625
v 0.2418625 -0.1112415 -0.006415535
v 0.234268875 -0.0991353375 0.0009869345
v 0.236375125 -0.09279069375 -0.00660365425
v 0.2399975 -0.098916 -0.01035947
v 0.2255080625 -0.05456130625 -0.005980104875
v 0.2213003125 -0.048289525 -0.002289912375
v 0.2241554375 -0.0415258125 -0.008330361125
v 0.228037 -0.047848 -0.0123945
v 0.2201500625 -0.03527049375 -0.004297045625
v 0.2226626875 -0.02843906875 -0.01058283
v 0.2263455 -0.03475165 -0.014928
v 0.2267520625 -0.0675117625 -0.0033747255
v 0.2222738125 -0.06121778125 -0.0002200655
v 0.2296395 -0.06088 -0.009592395
v 0.2156619375 -0.02912825 -0.000556906875
v 0.210771 -0.0230241375 0.002911014375
v 0.21455825 -0.01605911625 -0.002238565625
v 0.2188565625 -0.022190025 -0.00628904875
v 0.209814875 -0.010010035625 0.001524370625
v 0.213029375 -0.00295995 -0.004071524375
v 0.22449 -0.0216115 -0.01737155
v 0.2082556875 0.00301730625 -0.000117725625
v 0.203107125 0.008909508125 0.00354015625
v 0.1975285625 0.0147778275 0.006852354375
v 0.19324375 0.007997478125 0.010980635
v 0.1870055 0.01401536875 0.013487944375
v 0.205510875 -0.016959036875 0.006066145625
v 0.19995275 -0.0108515475 0.008940119375
v 0.2046589375 -0.004041066875 0.004956104375
v 0.1991400625 0.00194943625 0.008115974375
v 0.2060388125 -0.02978953125 0.006905508125
v 0.2003211875 -0.02354298125 0.00941171875
v 0.218151125 -0.067753675 0.004726152
v 0.2126535625 -0.0615100375 0.00675868325
v 0.2174070625 -0.0550151 0.0027574445
v 0.21211375 -0.0488478625 0.00537530575
v 0.2166046875 -0.04213455625 0.001094602625
v 0.219191375 -0.08039925625 0.007748290625
v 0.2133700625 -0.07406255 0.008858544375
v 0.223346125 -0.07404598125 0.002506265
v 0.228200375 -0.0803579 -1.960925e-05
v 0.2072465 -0.0676941375 0.009672810625
v 0.2010224375 -0.06119630625 0.010367423125
v 0.20683875 -0.055232975 0.00846235
v 0.2008138125 -0.04876223125 0.009898801875
v 0.2064898125 -0.042596875 0.0076464
v 0.194731 -0.0543772625 0.0109041375
v 0.1883319375 -0.0474121625 0.0116909125
v 0.1946161875 -0.042032675 0.0111754675
v 0.1883505 -0.03528675 0.0126094
v 0.1944988125 -0.02959401875 0.01145262875
v 0.2005881875 -0.03617951875 0.009656765625
v 0.21150075 -0.03599226875 0.004156634375
v 0.194921125 -0.078908075 0.01211020625
v 0.1884103125 -0.07191695625 0.01103019375
v 0.194863375 -0.06668051875 0.0111014125
v 0.2013104375 -0.073478525 0.01141082
v 0.188441375 -0.0596197625 0.01104138125
v 0.207829125 -0.07999608125 0.01180786375
v 0.1949575 -0.09092825 0.01451155
v 0.1881776875 -0.08419748125 0.012050651875
v 0.2016375625 -0.08549893125 0.013779
v 0.2141841875 -0.0864311125 0.012048815
v 0.2085135625 -0.09196223125 0.01545920625
v 0.191221625 -0.1534489375 0.06191161875
v 0.18530625 -0.158692375 0.0658961375
v 0.1791985 -0.1521755 0.0644474
v 0.185166 -0.146954 0.0603483
v 0.179291875 -0.1641391875 0.0694321875
v 0.166751 -0.163226 0.0716467
v 0.173101 -0.157242 0.06833975
v 0.191880625 -0.164914875 0.0647219125
v 0.197742 -0.1595686875 0.06089851875
v 0.2044985 -0.164824 0.05768475
v 0.214019 -0.146346 0.04740595
v 0.2181760625 -0.1400570625 0.04141155625
v 0.224346125 -0.146783625 0.03795885
v 0.2280904375 -0.14063925 0.03175984375
v 0.222182125 -0.1342734375 0.035123025
v 0.225986875 -0.128546375 0.028325375
v 0.2315398125 -0.1346801875 0.0249540625
v 0.234722375 -0.1288694375 0.01771758875
v 0.2296559375 -0.122735875 0.02099515125
v 0.23299825 -0.117041875 0.013323054375
v 0.2277353125 -0.1109514375 0.015583473125
v 0.2313034375 -0.10519318125 0.0083243845
v 0.2260796875 -0.09897845625 0.010427217625
v 0.2297399375 -0.0929243625 0.003912382
v 0.22386225 -0.1167136875 0.0229141
v 0.2176285 -0.11051 0.0235686
v 0.2218383125 -0.1047361625 0.01663020875
v 0.21537175 -0.0983810625 0.01652362125
v 0.220314625 -0.09273711875 0.011649865
v 0.211372 -0.1332215 0.04274415
v 0.2154845625 -0.127672125 0.03611015
v 0.2082225 -0.120487 0.034576
v 0.2126435 -0.1153815 0.0285594
v 0.2197048125 -0.1223263125 0.029773325
v 0.196878 -0.1485035 0.05809065
v 0.2034225 -0.15468 0.05706685
v 0.2028175 -0.0970857 0.01883475
v 0.2100795 -0.103559 0.02069035
v 0.224674375 -0.08666735 0.006156706375
v 0.2325656875 -0.08662541875 -0.00307488675
v 0.2379435 -0.08632245 -0.01434315
v 0.174909 -0.08194205 0.009212365
v 0.181776625 -0.0769853375 0.010441514375
v 0.1812195 -0.08930945 0.011059565
v 0.175521 -0.06962605 0.0098162
v 0.1820443125 -0.06467825 0.0106926375
v 0.1755815 -0.05747675 0.0111088
v 0.1819535625 -0.0525142375 0.01162245625
v 0.1753765 -0.0454585 0.01275425
v 0.18181 -0.04043685 0.0129303
v 0.1817845 -0.0283303 0.01410995
v 0.1752765 -0.0215418 0.015983
v 0.181888875 -0.016263725 0.015289925
v 0.1882660625 -0.02296005625 0.01332540375
v 0.1755010625 -0.009534895 0.017287625
v 0.1819721875 -0.004079075625 0.016042375
v 0.188258625 -0.010651088125 0.01392536125
v 0.194094625 -0.004586896875 0.011557301875
v 0.1943925625 -0.017163289375 0.01172721
v 0.1686205 -0.0147953 0.0182338
v 0.162442 -0.00797496 0.0202253
v 0.1692455 -0.002772408125 0.0192518375
v 0.163009 0.00402934 0.0210239
v 0.169168 0.00923103875 0.01978679375
v 0.175576625 0.00252571375 0.0180476625
v 0.1815679375 0.00808668375 0.0162292125
v 0.1879584375 0.001725393125 0.014015640625
v 0.1685505 0.02124235 0.01961995
v 0.1750170625 0.01457883375 0.01812534375
v 0.1627635 0.016004 0.0211629
v 0.17857375 0.03239619375 0.0144601875
v 0.171762 0.0381559 0.0162425
v 0.1804794375 0.020212355625 0.01567728125
v 0.1737995 0.02638285 0.0176432
v 0.173644 0.0985787 -0.02306835
v 0.1810555 0.088363425 -0.0211353
v 0.18740575 0.07719065 -0.01900605
v 0.19298025 0.065640475 -0.016683085
v 0.202497 0.0417088 -0.0117266575
v 0.198038 0.053825825 -0.014200295
v 0.192021 0.05278835 -0.00362302995
v 0.187258 0.06448485 -0.00612824245
v 0.18189475 0.07594245 -0.0084601825
v 0.179504 0.06289315 0.00263460255
v 0.17394525 0.050213225 0.0114987475
v 0.18387725 0.051277 0.00510103755
v 0.18757725 0.03932875 0.0073175825
v 0.19609575 0.040684775 -0.001254475
v 0.19041 0.026879175 0.009058555
v 0.19944125 0.028177475 0.0008613325
v 0.20636025 0.02928465 -0.0093199975
v 0.209518 0.01653649 -0.0070914475
v 0.2173655 0.004229245 -0.0162202
v 0.21989325 -0.00877433 -0.0139496075
v 0.23355675 -0.073755475 -0.012258205
v 0.242458 -0.14660325 0.0079580075
v 0.24188475 -0.134816 0.00671679125
v 0.23722925 -0.20606525 -0.0148396825
v 0.2376425 -0.182589 0.0034199475
v 0.240352 -0.170617 0.005999285
v 0.232242 -0.183613 0.0156471275
v 0.2350705 -0.17166975 0.018404
v 0.2400595 -0.2247315 -0.0094265775
v 0.22622475 -0.2070855 0.009780455
v 0.23240475 -0.20719075 -0.0017365775
v 0.233527 -0.22026225 0.0006407125
v 0.2287335 -0.1952605 0.0123487225
v 0.23441975 -0.194533 0.0003127625
v 0.22198525 -0.19584575 0.0235528
v 0.22549925 -0.18444575 0.027288275
v 0.21752725 -0.18526275 0.038172725
v 0.21975475 -0.17334325 0.041605125
v 0.228152 -0.172476 0.03036395
v 0.21147125 -0.20771275 0.02998615
v 0.2142965 -0.19642325 0.03386775
v 0.2192565 -0.207271 0.020408275
v 0.20287125 -0.208344 0.0384599
v 0.2055265 -0.19721075 0.043306625
v 0.20818175 -0.186278 0.048163675
v 0.1954335 -0.19811725 0.051723925
v 0.197297 -0.18724425 0.057139625
v 0.193393 -0.20920175 0.0458018
v 0.18295475 -0.21039175 0.0516553
v 0.18424 -0.19938475 0.058258875
v 0.1727955 -0.18929925 0.068832375
v 0.1722225 -0.20060675 0.06207345
v 0.17144425 -0.2114275 0.05517825
v 0.1729705 -0.17671975 0.0724366
v 0.185324 -0.18828075 0.06428195
v 0.1858985 -0.1765655 0.06757835
v 0.19841275 -0.1759885 0.060396725
v 0.20985575 -0.174719 0.051680575
v 0.22044675 -0.16016675 0.043397625
v 0.22937375 -0.1598045 0.032334125
v 0.236576 -0.15937875 0.020216025
v 0.24199825 -0.15856625 0.0076245225
v 0.23661325 -0.14699925 0.020613575
v 0.24063225 -0.12312225 0.00374111625
v 0.23907025 -0.1112885 -0.000347075
v 0.23731175 -0.099053175 -0.0045626495
v 0.2248505 -0.0480522 -0.007172597
v 0.22342825 -0.03498845 -0.0094629375
v 0.22612275 -0.061046825 -0.0047433445
v 0.21514375 -0.022599975 -0.0013865825
v 0.21386825 -0.00950659 -0.0031329
v 0.2218525 -0.021876625 -0.0117025425
v 0.21199725 0.00356325 -0.0050563775
v 0.202089 0.0153881675 0.00272378
v 0.19248825 0.0142733325 0.0104322275
v 0.20515225 -0.0105087725 0.0055489525
v 0.2039705 0.002432395 0.004285385
v 0.20579525 -0.023380175 0.0065099
v 0.2177605 -0.061397 0.0036516705
v 0.21702275 -0.0485931 0.0019143355
v 0.218647 -0.0741 0.0061100275
v 0.2274535 -0.073959125 -0.0017866575
v 0.20702375 -0.06148245 0.0089877925
v 0.20666925 -0.04893875 0.0080281575
v 0.194672 -0.048214775 0.01101315
v 0.19455575 -0.035817425 0.01131352
v 0.206275 -0.03620445 0.0072782625
v 0.1948995 -0.0728143 0.01145305
v 0.194801 -0.060533675 0.010926
v 0.20752925 -0.073875 0.01058573
v 0.19494 -0.0849349 0.013202175
v 0.20810325 -0.086028425 0.013420525
v 0.18519525 -0.15281575 0.063371925
v 0.17301775 -0.163682 0.070720125
v 0.18558075 -0.16459875 0.067421525
v 0.19818775 -0.16494175 0.061367125
v 0.2193065 -0.14657775 0.042822975
v 0.22889 -0.14693775 0.032532425
v 0.22708375 -0.13452925 0.03033215
v 0.2355075 -0.1348375 0.0191858
v 0.233873 -0.12294325 0.015694655
v 0.232137 -0.11114825 0.0108088425
v 0.23051175 -0.099107475 0.0060420455
v 0.22281225 -0.1107355 0.01973245
v 0.221012 -0.09875715 0.013966985
v 0.21687775 -0.1338015 0.03912965
v 0.2140695 -0.12153 0.03248595
v 0.22491675 -0.12262925 0.02581555
v 0.19730725 -0.154068 0.05968165
v 0.209222 -0.0977877 0.0179594
v 0.2197275 -0.086614725 0.009585935
v 0.228966 -0.086677075 0.0018859505
v 0.23543675 -0.0864939 -0.0085743595
v 0.18151775 -0.083147825 0.0106850325
v 0.18195675 -0.070821125 0.010460025
v 0.1820255 -0.058579775 0.011091425
v 0.18188175 -0.046470175 0.0122518
v 0.18183275 -0.022307275 0.0147299
v 0.18196075 -0.010179125 0.0157301
v 0.19428875 -0.0108871075 0.011697145
v 0.1944535 -0.02338745 0.011618115
v 0.1689855 -0.008782075 0.0187742
v 0.1692955 0.0032301425 0.01960395
v 0.181847 0.0020108225 0.0162187
v 0.1688955 0.0152357425 0.019756625
v 0.177279 0.038383975 0.013647975
v 0.179636 0.0263176 0.015142975
v 0.18111775 0.0141446225 0.01604405
v 0.19376275 0.00170935 0.0113370625
v 0.21615 -0.035643025 0.000270505
v 0.115267166667 0.40967775 -0.0823732166667
v 0.1841935 0.34993925 -0.104843975
v -0.2165415 0.29108375 -0.12365725
v 0.177998 0.328453125 -0.0909408625
v -0.214756625 0.30428725 -0.12381
v 0.17968 0.36586675 -0.1080675
v 0.1499225 0.3205625 -0.0769997625
v 0.177321875 0.3427865 -0.09444085
v 0.128793875 0.333689875 -0.0731417
v -0.214588625 0.29097775 -0.1108185
v -0.20633225 0.32619525 -0.1066997125
v -0.204178 0.34507375 -0.122902125
v -0.21283425 0.30436325 -0.11061625
v 0.165191625 0.32198225 -0.083101775
v -0.203642125 0.339938625 -0.110200375
v -0.1991335 0.3205355 -0.0949834875
v -0.198397125 0.3611955 -0.123832125
v -0.194554328125 0.3583553125 -0.1069412625
v -0.18089925 0.39448825 -0.119561375
v -0.193107109375 0.3368939375 -0.0940372859375
v -0.185879328125 0.352661234375 -0.0928269
v -0.190151 0.378349 -0.12164075
v -0.1860338125 0.374578140625 -0.10514106875
v -0.18857575 0.317254875 -0.0855865875
v 0.168908765625 0.361922296875 -0.0946327546875
v -0.176290921875 0.390055984375 -0.103188432813
v -0.170446125 0.409628 -0.11790575
v -0.16757878125 0.382348453125 -0.090153453125
v -0.177426203125 0.36783759375 -0.0915246296875
v -0.181454125 0.329831125 -0.0833275125
v -0.156752578125 0.3962131875 -0.088980990625
v -0.173950875 0.344896 -0.082442975
v -0.15967175 0.421466625 -0.1146975125
v -0.16549421875 0.404686125 -0.101654460937
v -0.1448951875 0.40926253125 -0.088014196875
v -0.165700125 0.359255875 -0.0815071125
v -0.13241784375 0.4215963125 -0.0871724046875
v -0.15616525 0.37279175 -0.080519225
v -0.118954157813 0.432665546875 -0.0865480421875
v -0.10484929375 0.44299990625 -0.0861136484375
v -0.15314225 0.421321 -0.1019577625
v -0.140979125 0.432162875 -0.0991448625
v -0.134293625 0.39804425 -0.0788709125
v -0.145608625 0.385712 -0.0797206125
v 0.104297125 0.358791375 -0.0702225875
v -0.126877625 0.44414325 -0.098542925
v 0.107382875 0.34664125 -0.069713675
v -0.1121422 0.45496175 -0.097978075
v -0.0960556 0.464217875 -0.0974079375
v -0.122097625 0.409492625 -0.078067525
v -0.1092961375 0.419955875 -0.0773555625
v -0.0816559 0.47199175 -0.099036175
v -0.0899552046875 0.45209203125 -0.0857133921875
v -0.0740384625 0.4594709375 -0.08531058125
v -0.0669515875 0.445545125 -0.0766605875
v -0.0960523 0.42991625 -0.0772081875
v -0.0820144125 0.438525625 -0.0770293
v -0.057738878125 0.46618740625 -0.0850459328125
v -0.0515383 0.452027125 -0.0765625
v -0.0605288625 0.480170625 -0.0983895125
v -0.03838195 0.458717625 -0.0779519625
v 0.12155825 0.34516475 -0.072157275
v 0.17142475 0.383477125 -0.10995475
v -0.040958225 0.47174875 -0.0853048625
v -0.046902675 0.481571125 -0.094792325
v -0.0784170875 0.479492 -0.111069025
v 0.14279075 0.332288125 -0.075945975
v -0.0653391375 0.484328375 -0.1104096625
v 0.0162112875 0.46404325 -0.07988155
v 0.161464875 0.401004875 -0.111598
v 0.160468578125 0.339432015625 -0.0836910390625
v 0.0330156625 0.467514125 -0.0834866375
v 0.0970060125 0.376595625 -0.070772725
v 0.148872125 0.418353625 -0.112387625
v 0.0163926875 0.446491125 -0.0735100375
v 0.03390755 0.4496906875 -0.076239071875
v 0.09474955 0.4654385 -0.11587475
v 0.13970103125 0.35179525 -0.077517625
v 0.0523407328125 0.45114584375 -0.079901196875
v 0.0541457625 0.467555125 -0.0887409875
v 0.0229665875 0.430288625 -0.0696075625
v 0.03578385 0.427436125 -0.0700602875
v 0.155228078125 0.356677375 -0.084559840625
v 0.1616228125 0.379180125 -0.096194640625
v 0.071868071875 0.450037578125 -0.0844967359375
v 0.0534673578125 0.432407109375 -0.0737631625
v 0.0913672484375 0.44648775 -0.0896587140625
v 0.115671875 0.36552675 -0.0731247
v -0.0568931625 0.426364125 -0.06991595
v 0.0703973984375 0.432880171875 -0.0770982140625
v 0.110077354688 0.439799421875 -0.0949347890625
v 0.0734497 0.466944375 -0.0967354625
v 0.0425842375 0.412119 -0.0681001875
v 0.13416134375 0.368378421875 -0.078547240625
v -0.0678304 0.418831125 -0.069604875
v -0.049633525 0.415431375 -0.067502475
v 0.0707588125 0.41065075 -0.0716957625
v 0.105255173438 0.42714490625 -0.08541443125
v 0.056549575 0.411479 -0.0697495875
v -0.0603424125 0.407937375 -0.0672389
v 0.088075209375 0.4310573125 -0.081059171875
v 0.087479140625 0.413067953125 -0.075554146875
v 0.121546984375 0.418593265625 -0.088620503125
v 0.149008671875 0.373572265625 -0.0857982921875
v 0.141714171875 0.389401734375 -0.0869463546875
v 0.082457025 0.376478625 -0.06808265
v 0.102346021875 0.411798890625 -0.07894004375
v 0.1116324875 0.377347875 -0.0738940125
v 0.097777775 0.4589475 -0.104628125
v 0.0764374 0.393217375 -0.0696652125
v 0.133088875 0.43458675 -0.111543875
v 0.12766034375 0.4275759375 -0.098117696875
v 0.1145681375 0.44908725 -0.107849
v 0.080604075 0.472116875 -0.111129175
v 0.0918665125 0.394746 -0.072624534375
v 0.13255471875 0.404568234375 -0.08807883125
v 0.1281210625 0.38369609375 -0.0796802640625
v 0.12141678125 0.39768840625 -0.0809531296875
v 0.107106353125 0.39585528125 -0.0762042890625
v 0.141800265625 0.41208575 -0.098447378125
v 0.152898140625 0.395782109375 -0.0975424390625
v -0.2133885 0.297668 -0.108548
v -0.2135005 0.306541 -0.117209
v -0.215972 0.297688 -0.125903
v -0.21586 0.288815 -0.117242
v -0.1962085 0.3287581875 -0.09453194375
v -0.1979523125 0.3395839375 -0.1006968875
v -0.205351 0.3332375 -0.108251
v -0.2038 0.3226615 -0.10149985
v -0.198287375 0.3499931875 -0.10766796875
v -0.1968434375 0.3599904375 -0.115202
v -0.2019805 0.352118 -0.124592
v -0.2039915 0.342449 -0.1165945
v -0.1896529375 0.3448558125 -0.0934564
v -0.190794375 0.3558600625 -0.0994193
v -0.184765 0.322201 -0.08388425
v -0.187476875 0.3335308125 -0.08842145625
v -0.193712 0.3177165 -0.0894827
v -0.1904606875 0.3665540625 -0.10608605625
v -0.18843275 0.3766918125 -0.1131951875
v -0.194426 0.36992 -0.1227905
v -0.181819625 0.360327625 -0.0921864
v -0.1822735 0.3715515 -0.0978698375
v -0.1813010625 0.38241625 -0.10414501875
v -0.17890825 0.3925264375 -0.111137375
v -0.185656 0.38654 -0.1205565
v -0.171031875 0.3974849375 -0.1023618375
v -0.1682606875 0.40743075 -0.10952219375
v -0.175839 0.402189 -0.118679
v -0.1778175 0.3374215 -0.0828682
v -0.1801249375 0.348915375 -0.08735485
v -0.16995 0.3521785 -0.0819885
v -0.1717663125 0.363662125 -0.08624858125
v -0.1726514375 0.37517375 -0.09083131875
v -0.1724209375 0.38656825 -0.09618960625
v -0.1622916875 0.3893740625 -0.08953801875
v -0.1615656875 0.40084675 -0.094818375
v -0.15964825 0.4116425625 -0.10105553125
v -0.1564835 0.4214435 -0.10830605
v -0.1646915 0.416791 -0.117238
v -0.1610865 0.366115 -0.08100115
v -0.1620449375 0.3776818125 -0.08509253125
v -0.1509925 0.379322 -0.08010995
v -0.151332375 0.391086 -0.0841093625
v -0.1496039375 0.4142601875 -0.093776425
v -0.150923875 0.4028284375 -0.08847834375
v -0.140054 0.391968 -0.0792985
v -0.1397128125 0.4037756875 -0.0832044375
v -0.1368450625 0.4270076875 -0.09291966875
v -0.1476635 0.4256985 -0.0995468
v -0.138756125 0.4155581875 -0.08757266875
v -0.1282925 0.403895 -0.07846515
v -0.1274043125 0.4156725625 -0.082381
v -0.1230604375 0.4385070625 -0.09231195
v -0.134021 0.438301 -0.09882365
v -0.1257915 0.4272578125 -0.08683205
v -0.115756 0.4148095 -0.07766435
v -0.11426969375 0.426413375 -0.08171826875
v -0.1086210875 0.4490743125 -0.09179928125
v -0.1196375 0.44972 -0.09826245
v -0.11198288125 0.437942375 -0.08631681875
v -0.10274655 0.425042 -0.0772411
v -0.1005761375 0.4365515625 -0.0814143375
v -0.09315876875 0.458275 -0.09130979375
v -0.1042333 0.459799 -0.09768565
v -0.09752501875 0.44774975 -0.0859138
v -0.08915845 0.434427 -0.07714405
v -0.086138175 0.445428875 -0.081120475
v -0.082085 0.455926875 -0.08550854375
v -0.07685711875 0.4657943125 -0.090876625
v -0.0877539 0.4682045 -0.0971677
v -0.0629221 0.482336 -0.10435715
v -0.07200225 0.4828555 -0.1127455
v -0.0800893 0.4758125 -0.1050846
v -0.0705325625 0.47473 -0.0971945875
v -0.06593965 0.462940875 -0.08513083125
v -0.0602604875 0.472460125 -0.0905147
v -0.0745696 0.4421635 -0.07684455
v -0.07063998125 0.4526359375 -0.080737375
v -0.05928795 0.448875 -0.0765482
v -0.054754325 0.45926875 -0.08055880625
v -0.04318115 0.477884 -0.0905204
v -0.05393715 0.4811245 -0.0963083
v -0.0493864625 0.46906125 -0.085132525
v -0.04366225 0.4548755 -0.0767586
v -0.03841955 0.464851 -0.08095805
v 0.02508721875 0.448208 -0.0748069875
v 0.03325486875 0.458723875 -0.079711175
v 0.02312385 0.4670185 -0.08180465
v 0.0147373 0.4563605 -0.07679635
v 0.04297948125 0.450705 -0.077941425
v 0.0530199 0.459518875 -0.0841198625
v 0.0434274 0.467758 -0.0858485
v 0.0294903 0.4290225 -0.06977245
v 0.03538718125 0.440171625 -0.0733736875
v 0.01886825 0.436956 -0.0709836
v 0.04530438125 0.431449 -0.0723133125
v 0.05255495625 0.44209925 -0.07648745
v 0.0735444125 0.4577029375 -0.0896810125
v 0.06495745 0.4667105 -0.09201485
v 0.062029025 0.450908125 -0.0821055375
v 0.0618214 0.4329129375 -0.0753547625
v 0.070754975 0.441792875 -0.08035580625
v 0.04883185 0.41035 -0.06855085
v 0.054882725 0.4220974375 -0.071612875
v 0.0391917 0.419808 -0.0690531
v 0.09321513125 0.45296725 -0.0954283875
v 0.085257525 0.461709875 -0.09919608125
v 0.0816815875 0.4485799375 -0.08701708125
v 0.07922624375 0.4322225 -0.07900361875
v 0.0895541875 0.439162 -0.08491601875
v 0.06435245 0.412484 -0.0710409
v 0.07098761875 0.4232108125 -0.07456395
v 0.11236040625 0.444694 -0.1011366375
v 0.10485105 0.4546145 -0.104934
v 0.10082273125 0.4437135625 -0.092413775
v 0.09671156875 0.429502 -0.08325306875
v 0.1076436625 0.4339021875 -0.08975396875
v -0.06589025 0.412132 -0.068374
v -0.053759 0.4098655 -0.0669724
v -0.0514595 0.42215 -0.0687571
v -0.06359075 0.4244165 -0.0701587
v 0.079961125 0.413303125 -0.07402944375
v 0.087229575 0.422241 -0.07794704375
v 0.13041875 0.4312360625 -0.104525225
v 0.1240675 0.4422425 -0.110064
v 0.1191604375 0.434287375 -0.09687428125
v 0.113825875 0.423574375 -0.08737238125
v 0.124725375 0.4232969375 -0.0929324125
v 0.09620985 0.4622095 -0.1102405
v 0.08799915 0.4696725 -0.1156345
v 0.07720975 0.469977 -0.1039682
v 0.0841618625 0.3940159375 -0.071104
v 0.0892857625 0.4038930625 -0.07385499375
v 0.074287 0.403265 -0.07098515
v 0.0949345875 0.4125694375 -0.07719634375
v 0.10310773125 0.4196701875 -0.08173643125
v 0.109732 0.410747625 -0.08076925625
v 0.1180583125 0.413659125 -0.0848331
v 0.0995315375 0.3953390625 -0.0743085625
v 0.10411473125 0.403851875 -0.07724534375
v 0.137433125 0.408430875 -0.092798325
v 0.1351654375 0.420063625 -0.09855048125
v 0.1275418125 0.4120044375 -0.08865238125
v 0.1179691875 0.404568125 -0.08164416875
v 0.12731875 0.4007068125 -0.0841616
v 0.114540375 0.3963548125 -0.07835991875
v 0.0890283 0.375128 -0.0690537
v 0.0944384625 0.3856564375 -0.07163771875
v 0.0787104 0.3833985 -0.0684921
v 0.1455024375 0.415323875 -0.1051532875
v 0.141372 0.4266265 -0.1122535
v 0.10497195 0.3781305 -0.0726072
v 0.11001338125 0.38783525 -0.0753688375
v 0.1476495 0.3926463125 -0.09177981875
v 0.147689375 0.403977625 -0.09808313125
v 0.1373300625 0.397045 -0.08751066875
v 0.1248281875 0.3907915 -0.080297925
v 0.1351776875 0.386359125 -0.082959075
v 0.1206253125 0.38159025 -0.07697220625
v 0.115694 0.371863 -0.07397005
v 0.1263201875 0.3661038125 -0.0758572
v 0.1312130625 0.376220875 -0.07910185625
v 0.1417819375 0.370875125 -0.0818287125
v 0.145553375 0.3816054375 -0.08638435
v 0.1573745625 0.398498375 -0.1043171875
v 0.1555445 0.40976 -0.112141
v 0.1667345 0.3814453125 -0.10282708125
v 0.166709 0.3922475 -0.110843
v 0.1574919375 0.3875420625 -0.09691
v 0.15566825 0.3764481875 -0.09055265625
v 0.1623985 0.3593745625 -0.08916158125
v 0.1654428125 0.3706189375 -0.0954051875
v 0.1522410625 0.365218375 -0.08516181875
v 0.1370230625 0.3601813125 -0.07800095625
v 0.1476370625 0.3541416875 -0.08070000625
v 0.1207556875 0.3559265 -0.07315498125
v 0.1314955625 0.3496658125 -0.07494824375
v 0.103693 0.3522695 -0.069535
v 0.1144805 0.3459235 -0.0708877
v 0.1100815 0.36219 -0.07164735
v 0.1745193125 0.364009625 -0.1011008875
v 0.17576 0.374683 -0.109012
v 0.1679531875 0.3419409375 -0.0881319625
v 0.1719775 0.353154 -0.09396845625
v 0.15794725 0.348082875 -0.08407726875
v 0.1420980625 0.3433859375 -0.07715186875
v 0.152544875 0.337099125 -0.07992874375
v 0.1251885 0.3394135 -0.0726226
v 0.135797 0.333014 -0.0745726
v 0.1730005 0.3243555 -0.08738155
v 0.1779075 0.335707 -0.0924259
v 0.1628620625 0.3307219375 -0.0833780875
v 0.146368 0.3264145 -0.0762925
v 0.156848 0.3199015 -0.07945535
v 0.180834 0.346361 -0.0995899
v 0.18315 0.35703 -0.107174
v -0.21468025 0.297678 -0.1172255
v -0.2009715 0.331171 -0.101135525
v -0.20051175 0.351281 -0.11594925
v -0.19455175 0.34780375 -0.100109625
v -0.1906785 0.32565275 -0.08895215
v -0.192798 0.36845475 -0.11425075
v -0.18670475 0.3637825 -0.098671475
v -0.183805 0.3847195 -0.112135
v -0.173736 0.40010125 -0.1102695
v -0.183939 0.3412925 -0.087890475
v -0.17609475 0.356377 -0.086810225
v -0.17749125 0.3791475 -0.097018075
v -0.1671255 0.3938115 -0.09545785
v -0.16245475 0.41450175 -0.108886275
v -0.1670575 0.3707555 -0.0856619
v -0.15680525 0.38446575 -0.084582825
v -0.15570225 0.4076435 -0.09426675
v -0.14562025 0.39752125 -0.083648725
v -0.1433395 0.42075525 -0.09332085
v -0.133654 0.4098535 -0.082780025
v -0.13005675 0.4328965 -0.092592525
v -0.12092425 0.42115075 -0.082012875
v -0.115942 0.44392475 -0.092050475
v -0.107496525 0.43158575 -0.0815398
v -0.10101735 0.4538805 -0.09154955
v -0.093479925 0.4411945 -0.08127875
v -0.085073325 0.4621895 -0.091088525
v -0.0715057 0.47907425 -0.104720875
v -0.06860625 0.46925975 -0.090664975
v -0.078481175 0.449169 -0.08092695
v -0.06274565 0.45605075 -0.08059095
v -0.0517596 0.47526975 -0.090486925
v -0.04662215 0.46214525 -0.080712075
v 0.023902225 0.4576445 -0.078142225
v 0.04298295 0.459394 -0.081726275
v 0.02708545 0.4386465 -0.072126125
v 0.043857975 0.441366 -0.074831325
v 0.06329915 0.4589625 -0.086824275
v 0.06153525 0.442241 -0.078330475
v 0.04700465 0.421026 -0.070304725
v 0.0834794 0.45571825 -0.092531575
v 0.08017025 0.4407565 -0.08255885
v 0.06289105 0.42287575 -0.073034075
v 0.102862625 0.44940875 -0.098423875
v 0.0986799 0.4370395 -0.087403725
v -0.058674875 0.417141 -0.06856555
v 0.079130425 0.4229525 -0.076198125
v 0.121647 0.43847425 -0.103185275
v 0.11654175 0.42926325 -0.09169875
v 0.0867098 0.46609325 -0.10710435
v 0.081796675 0.403631 -0.07238465
v 0.095195175 0.4212165 -0.07982115
v 0.11104775 0.41739325 -0.083608875
v 0.096733675 0.40394725 -0.075467025
v 0.13154575 0.4161775 -0.0931493
v 0.1231825 0.40774125 -0.084803725
v 0.11140325 0.40366525 -0.07921455
v 0.086581475 0.38453775 -0.07002775
v 0.138372 0.423466 -0.105111925
v 0.102267275 0.386734 -0.073396325
v 0.14281775 0.400583 -0.0923284
v 0.1313655 0.393623 -0.083547575
v 0.11762225 0.389025 -0.077620525
v 0.123526 0.373965 -0.0763908
v 0.13861025 0.3787845 -0.082393525
v 0.15180575 0.4069695 -0.104857225
v 0.1623015 0.390006 -0.103626625
v 0.15187825 0.38463325 -0.091192875
v 0.15918375 0.3679955 -0.08984425
v 0.1448115 0.362607 -0.081242425
v 0.12900375 0.35796125 -0.0753523
v 0.112281 0.35405675 -0.071267525
v 0.1708215 0.37276925 -0.1019601
v 0.16528625 0.35068475 -0.088598575
v 0.15019675 0.34564075 -0.0802668
v 0.1337145 0.341346 -0.074717175
v 0.1705055 0.333158 -0.087738475
v 0.15473575 0.32851175 -0.079671775
v 0.17778475 0.35519825 -0.10032465
v -0.31334 -0.385555 0.0315046
v -0.311287 -0.396663 0.0284575
v -0.3101 -0.406519 0.0149596
v -0.310656 -0.418552 0.0139181
v -0.310543 -0.419727 0.0249941
v -0.314571 -0.430618 0.0247186
v -0.319857 -0.440874 0.0246224
v -0.319772 -0.441348 0.0360237
v -0.318702 -0.44187 0.0471405
v -0.312762 -0.432037 0.0472398
v -0.310527 -0.433142 0.0583134
v -0.316897 -0.442614 0.0580195
v -0.314212 -0.443717 0.0686238
v -0.31072 -0.445217 0.0788928
v -0.305834 -0.447195 0.0886786
v -0.309266 -0.457676 0.0902682
v -0.28837 -0.282867 0.0958081
v -0.31519 -0.374275 0.0345298
v -0.313077 -0.383224 0.0201101
v -0.310194 -0.40809 0.0261919
v -0.311431 -0.39463 0.017197
v -0.318291 -0.454851 0.0691556
v -0.321286 -0.4537 0.0582888
v -0.323343 -0.452719 0.047228
v -0.317807 -0.466361 0.0689544
v -0.313192 -0.467397 0.0794596
v -0.320997 -0.46545 0.058083
v -0.314316 -0.456165 0.0798114
v -0.302544 -0.458959 0.0998465
v -0.300484 -0.44922 0.0984636
v -0.295179 -0.42746 0.0789059
v -0.291764 -0.416101 0.0777327
v -0.286201 -0.395993 0.0904879
v -0.290548 -0.375158 0.0975927
v -0.288351 -0.385563 0.0940152
v -0.292416 -0.364605 0.100908
v -0.293562 -0.353757 0.103828
v -0.293926 -0.342673 0.106368
v -0.301828 -0.330281 0.100585
v -0.300242 -0.319064 0.101911
v -0.304271 -0.306762 0.0932134
v -0.297667 -0.308135 0.102418
v -0.294045 -0.297535 0.101818
v -0.300437 -0.296686 0.0933119
v -0.297824 -0.285323 0.0843654
v -0.306247 -0.291724 0.0731135
v -0.311191 -0.299803 0.060607
v -0.305991 -0.289551 0.0623622
v -0.299109 -0.280369 0.0642077
v -0.297677 -0.278971 0.0536274
v -0.302345 -0.286717 0.0405442
v -0.310162 -0.420993 0.0360796
v -0.28935 -0.27628 0.0214635
v -0.292733 -0.276888 0.0322031
v -0.314042 -0.429956 0.0135175
v -0.324474 -0.451928 0.0359789
v -0.295358 -0.285479 0.0190492
v -0.303541 -0.296217 0.027822
v -0.299185 -0.285937 0.0297366
v -0.307659 -0.296669 0.038403
v -0.313829 -0.308621 0.0477479
v -0.311152 -0.302191 0.0717306
v -0.31423 -0.313127 0.0705265
v -0.30914 -0.305269 0.0827576
v -0.306922 -0.317621 0.0926388
v -0.301783 -0.352542 0.095974
v -0.300555 -0.363422 0.0930201
v -0.29885 -0.374094 0.0898636
v -0.296599 -0.384475 0.0862973
v -0.294345 -0.394854 0.0827289
v -0.303601 -0.383072 0.0773732
v -0.305792 -0.37256 0.0807638
v -0.306449 -0.391787 0.0640798
v -0.304291 -0.402309 0.0607695
v -0.308698 -0.381282 0.0674057
v -0.308655 -0.350893 0.0867549
v -0.308986 -0.339807 0.0891628
v -0.308454 -0.328644 0.0911587
v -0.314038 -0.337716 0.078713
v -0.313561 -0.348811 0.0763291
v -0.31261 -0.359832 0.0736695
v -0.315955 -0.357533 0.0628249
v -0.314483 -0.368429 0.0598769
v -0.317599 -0.355002 0.0518378
v -0.31821 -0.344104 0.0541763
v -0.318041 -0.333033 0.0561967
v -0.316151 -0.324182 0.0691234
v -0.316869 -0.335339 0.067522
v -0.316223 -0.319723 0.0462208
v -0.317124 -0.331099 0.0449788
v -0.316771 -0.34649 0.0653892
v -0.316392 -0.365886 0.0487864
v -0.314541 -0.376797 0.0457377
v -0.312458 -0.387788 0.0426733
v -0.310335 -0.398693 0.0395866
v -0.312524 -0.379182 0.0567956
v -0.310403 -0.389883 0.0536643
v -0.308281 -0.400584 0.050533
v -0.306879 -0.411377 0.0479816
v -0.303487 -0.412958 0.0586835
v -0.307921 -0.422183 0.0472664
v -0.313981 -0.43137 0.0360458
v -0.305236 -0.423443 0.058479
v -0.300241 -0.42524 0.0691771
v -0.307171 -0.434492 0.068943
v -0.309201 -0.409741 0.0372097
v -0.313236 -0.326591 0.0804907
v -0.310836 -0.370647 0.0706155
v -0.299013 -0.403894 0.0705579
v -0.301193 -0.393466 0.0738559
v -0.307474 -0.361832 0.0838951
v -0.311778 -0.315844 0.0818703
v -0.314795 -0.310604 0.0591429
v -0.317173 -0.321763 0.0576273
v -0.311333 -0.307325 0.0366754
v -0.29835 -0.414584 0.0686584
v -0.295718 -0.277735 0.0429479
v -0.285618 -0.269808 0.0328582
v -0.282411 -0.26846 0.0235531
v -0.270226 -0.260456 0.00307695
v -0.247761 -0.235929 -0.0139606
v -0.254606 -0.245782 -0.00503382
v -0.263602 -0.254118 0.00394666
v -0.276773 -0.263175 0.0349386
v -0.275043 -0.262559 0.023897
v -0.27815 -0.264238 0.0459964
v -0.279391 -0.26555 0.0570734
v -0.280135 -0.267773 0.0680629
v -0.268765 -0.261413 0.0589237
v -0.269422 -0.263605 0.0699304
v -0.246715 -0.25992 0.0722466
v -0.258219 -0.261173 0.0714851
v -0.246937 -0.263433 0.0832113
v -0.235492 -0.263198 0.0837042
v -0.235237 -0.25898 0.0729056
v -0.22411 -0.262834 0.0840272
v -0.224377 -0.267478 0.0947273
v -0.213283 -0.273374 0.10502
v -0.202176 -0.280535 0.114172
v -0.292206 -0.405257 0.0793034
v -0.202383 -0.288811 0.121897
v -0.213775 -0.288624 0.121947
v -0.225187 -0.288701 0.121792
v -0.236603 -0.289294 0.120871
v -0.248014 -0.289976 0.119849
v -0.269748 -0.284168 0.110164
v -0.28062 -0.287538 0.106843
v -0.291221 -0.28962 0.0985812
v -0.279656 -0.279561 0.0990254
v -0.280284 -0.274256 0.0890263
v -0.269267 -0.276225 0.101513
v -0.235943 -0.272924 0.104848
v -0.224865 -0.279973 0.114343
v -0.236224 -0.28017 0.114037
v -0.284261 -0.406396 0.087213
v -0.247564 -0.280752 0.113443
v -0.258537 -0.268755 0.0930024
v -0.26976 -0.266686 0.0808433
v -0.25836 -0.273996 0.10336
v -0.247123 -0.267851 0.0939283
v -0.247145 -0.273433 0.104123
v -0.269764 -0.270635 0.0915027
v -0.290295 -0.275605 0.076389
v -0.290097 -0.27321 0.0660062
v -0.289926 -0.278672 0.0865392
v -0.302208 -0.34149 0.0985433
v -0.213495 -0.280186 0.114287
v -0.224599 -0.273122 0.104931
v -0.22382 -0.258399 0.0732471
v -0.223459 -0.253829 0.0625104
v -0.223193 -0.248742 0.0519838
v -0.223147 -0.243452 0.0415915
v -0.213173 -0.230879 0.031568
v -0.232525 -0.223034 -4.98679e-05
v -0.240757 -0.227846 -0.012233
v -0.239205 -0.23119 -0.0013601
v -0.237492 -0.2346 0.00943551
v -0.229668 -0.227664 0.0101888
v -0.226391 -0.232379 0.0210056
v -0.223629 -0.2374 0.031187
v -0.235624 -0.238843 0.0198695
v -0.246257 -0.240968 0.00798589
v -0.254817 -0.247611 0.00596693
v -0.255414 -0.249338 0.0168638
v -0.255836 -0.251442 0.027678
v -0.257052 -0.256247 0.0494312
v -0.256469 -0.253774 0.0385729
v -0.245542 -0.250153 0.0398623
v -0.245883 -0.253567 0.0505602
v -0.246284 -0.256911 0.0613722
v -0.245209 -0.247129 0.0291136
v -0.264619 -0.255403 0.0149017
v -0.245641 -0.243903 0.0186173
v -0.234629 -0.242537 0.0304373
v -0.218475 -0.224737 0.0206148
v -0.234312 -0.247101 0.0407687
v -0.234533 -0.251314 0.0512969
v -0.234897 -0.255062 0.0620944
v -0.23575 -0.267423 0.0944792
v -0.258433 -0.264525 0.0823357
v -0.257669 -0.258625 0.0604576
v -0.267936 -0.259504 0.0479079
v -0.280549 -0.269942 0.0787776
v -0.26689 -0.25793 0.0368882
v -0.265792 -0.256555 0.0258909
v -0.246653 -0.238641 -0.00303746
v -0.273154 -0.262167 0.0128473
v -0.28758 -0.270228 0.0439235
v -0.289153 -0.271299 0.055033
v -0.30456 -0.287896 0.0514228
v -0.310423 -0.297749 0.0494737
v -0.304647 -0.294859 0.0834987
v -0.299303 -0.282824 0.0747515
v 0.36032125 -0.43766425 0.0822536125
v 0.267761875 -0.42554225 0.168987625
v 0.27426225 -0.4254775 0.1672235
v 0.313080875 -0.443584125 0.140337625
v 0.273385375 -0.43143875 0.164544625
v 0.2672355 -0.4317895 0.16700525
v 0.313135375 -0.44734025 0.141793375
v 0.2997885 -0.4330165 0.153068375
v 0.31388125 -0.434928625 0.146793875
v 0.306291375 -0.433441875 0.150071375
v 0.319038125 -0.452717625 0.135211875
v 0.318999125 -0.445388125 0.1391095
v 0.31756325 -0.459866 0.1321935
v 0.317052390625 -0.468583515625 0.1272471875
v 0.315012625 -0.4761335 0.123173875
v 0.32070675 -0.476355625 0.1181345
v 0.318015125 -0.481200625 0.114205375
v 0.308579734375 -0.48924603125 0.113111515625
v 0.314905765625 -0.48794778125 0.107192154687
v 0.321324078125 -0.48662153125 0.101118765625
v 0.3246874375 -0.48044325 0.106725309375
v 0.327000921875 -0.473479078125 0.11165403125
v 0.342594609375 -0.462779265625 0.103801309375
v 0.335454953125 -0.46444446875 0.110013090625
v 0.3463769375 -0.468009203125 0.091848615625
v 0.3404566875 -0.47030659375 0.099014278125
v 0.3432726875 -0.474895625 0.0866877953125
v 0.33953665625 -0.481155640625 0.0813220421875
v 0.337465296875 -0.477189828125 0.0937790078125
v 0.33376696875 -0.483351984375 0.0882443921875
v 0.3277021875 -0.485199796875 0.0948674890625
v 0.32343284375 -0.490646640625 0.089092109375
v 0.31587575 -0.492984625 0.0953855625
v 0.324672 -0.493842125 0.0770486
v 0.337067625 -0.493711625 0.0386913875
v 0.34495375 -0.49022 0.0142367875
v 0.3415615 -0.492665375 0.019477525
v 0.3499615 -0.485429625 0.0181242125
v 0.3443035 -0.489837875 0.025247325
v 0.3394835 -0.49057425 0.0444198875
v 0.340747453125 -0.487154328125 0.0565076484375
v 0.33583475 -0.492326375 0.05117165
v 0.3351525 -0.486794734375 0.0758639796875
v 0.340504859375 -0.484434734375 0.0688763109375
v 0.34549284375 -0.481728625 0.061739671875
v 0.349843890625 -0.4757520625 0.0668406078125
v 0.346430625 -0.483104625 0.0492528375
v 0.34970725 -0.478438875 0.054493625
v 0.36011209375 -0.4536311875 0.0609185671875
v 0.36136278125 -0.446212890625 0.0652088015625
v 0.361480046875 -0.450638015625 0.07266351875
v 0.358110625 -0.454133125 0.0825052375
v 0.3595625 -0.447371375 0.083409875
v 0.292435875 -0.486178 0.134153
v 0.361879875 -0.4428665 0.0783174125
v 0.361009515625 -0.43906 0.0698549640625
v 0.350720875 -0.43298525 0.0966473375
v 0.354586375 -0.4404205 0.096040525
v 0.35505175 -0.44939025 0.09312545
v 0.35627378125 -0.462036 0.0764846671875
v 0.35475675 -0.456443375 0.088581175
v 0.3486025 -0.460453234375 0.096645665625
v 0.351592484375 -0.46520146875 0.0842778703125
v 0.3498435625 -0.452026359375 0.100711665625
v 0.344268125 -0.446307875 0.10920925
v 0.347294125 -0.435005875 0.102301025
v 0.34867425 -0.442198 0.104531125
v 0.3597750625 -0.458113171875 0.0684850609375
v 0.357038203125 -0.46527134375 0.064054315625
v 0.35445675 -0.466946375 0.0533174125
v 0.35735925 -0.46107025 0.055111275
v 0.359016 -0.466228125 0.0326639125
v 0.348514125 -0.482173375 0.0429227875
v 0.363448125 -0.420741625 0.0783750125
v 0.364765625 -0.452725125 0.04401095
v 0.36503975 -0.448484625 0.04907375
v 0.365284125 -0.425019125 0.0738092625
v 0.36135725 -0.420456125 0.0849112625
v 0.325478875 -0.441453 0.13009825
v 0.354177875 -0.4260705 0.0984998875
v 0.355545625 -0.43066375 0.0881982125
v 0.36053978125 -0.433009125 0.075689028125
v 0.361219828125 -0.427389015625 0.0810830390625
v 0.3408985 -0.436273375 0.111039125
v 0.339191625 -0.438888875 0.1166175
v 0.343940625 -0.431449625 0.11421225
v 0.324071125 -0.436427625 0.13714375
v 0.330318625 -0.458044125 0.1191665
v 0.326182875 -0.459277875 0.126767375
v 0.3256985 -0.452657375 0.1311215
v 0.325824125 -0.445383125 0.13366975
v 0.320316375 -0.436157875 0.142788875
v 0.323978546875 -0.467931328125 0.1225684375
v 0.323235625 -0.434723625 0.1325015
v 0.3124075 -0.4833425 0.118786625
v 0.29523709375 -0.4907155625 0.124541625
v 0.34007425 -0.433184125 0.119232125
v 0.358262375 -0.4230445 0.0926649125
v 0.36606875 -0.431074 0.069314375
v 0.365337875 -0.437271625 0.0645601
v 0.36412675 -0.443548 0.059619175
v 0.363363875 -0.44954275 0.055099975
v 0.30868275 -0.44729475 0.149420375
v 0.3142015 -0.454596875 0.140359125
v 0.30612675 -0.440761625 0.1488025
v 0.30109225 -0.4382655 0.153618375
v 0.30890475 -0.4559045 0.147901625
v 0.31485675 -0.461555 0.137325
v 0.3057375 -0.472116375 0.1402765
v 0.307787875 -0.464250375 0.144371625
v 0.311941015625 -0.470533640625 0.13376334375
v 0.3096525 -0.478485375 0.128051375
v 0.3071865 -0.483470375 0.12435225
v 0.365890375 -0.45018525 0.0378800625
v 0.362731375 -0.4592625 0.0386579625
v 0.3627565 -0.454234875 0.034037975
v 0.3020464375 -0.490212609375 0.118868609375
v 0.361283875 -0.458156125 0.0507904
v 0.298821875 -0.484633375 0.131608125
v 0.353373 -0.472316125 0.05781445
v 0.35350021875 -0.469134390625 0.0717510703125
v 0.346565 -0.485501375 0.0371393375
v 0.350063125 -0.483278375 0.03046215
v 0.353435 -0.480988875 0.0237692
v 0.358830125 -0.471740375 0.0290795125
v 0.36257325 -0.468658875 0.0245956375
v 0.367808125 -0.455821 0.02409275
v 0.36639125 -0.4503775 0.0275350625
v 0.36356475 -0.461095625 0.0300795875
v 0.340720625 -0.491807375 0.0319702375
v 0.33190675 -0.493722875 0.0578759
v 0.334400125 -0.490586875 0.0636653375
v 0.330360875 -0.49188175 0.070337225
v 0.32952203125 -0.488967515625 0.0826564046875
v 0.331236765625 -0.47908628125 0.100519845312
v 0.34493971875 -0.478675296875 0.074189934375
v 0.348640765625 -0.472221171875 0.0793348609375
v 0.333939328125 -0.4722090625 0.105719870313
v 0.342768875 -0.4535935 0.10885575
v 0.336313 -0.45617725 0.11340175
v 0.30273025 -0.47899625 0.135458125
v 0.328196390625 -0.465699921875 0.115405859375
v 0.31848075 -0.495148125 0.0834755125
v 0.311004625 -0.49373775 0.1014693625
v 0.304374625 -0.49459775 0.1072475
v 0.31334175 -0.49521275 0.089297
v 0.297608375 -0.494906625 0.112878375
v 0.290823 -0.495114875 0.118488875
v 0.285393875 -0.49474175 0.124116375
v 0.288085875 -0.49078325 0.1298415
v 0.2701935 -0.4326315 0.1653865
v 0.274878 -0.4284235 0.165532
v 0.271129 -0.4244925 0.168494
v 0.2664445 -0.4287005 0.1683485
v 0.3035865 -0.439515 0.1511525
v 0.306391375 -0.4368395 0.148824875
v 0.3024295 -0.432691 0.1516845
v 0.2995845 -0.435487 0.153985
v 0.309575125 -0.4412224375 0.144737625
v 0.3130705 -0.4388255625 0.1438996875
v 0.310158 -0.4342005 0.148467
v 0.316032 -0.4437225 0.139861
v 0.320081625 -0.4402675 0.14092775
v 0.317313 -0.435588 0.1449745
v 0.3216840625 -0.4605614375 0.129068375
v 0.3256485 -0.4566335 0.129248
v 0.3223683125 -0.4526875 0.1331666875
v 0.318442 -0.4566565 0.1329825
v 0.3257615 -0.448672 0.133002
v 0.32289325 -0.4446391875 0.1370754375
v 0.3196125 -0.448674 0.137407
v 0.324602875 -0.440400125 0.1359359375
v 0.3227545 -0.4366175 0.140017
v 0.313043875 -0.466695875 0.1358141875
v 0.3144 -0.469467 0.1303348125
v 0.3177766875 -0.464730125 0.1292386875
v 0.316141 -0.4617215 0.1343195
v 0.3206058125 -0.4682865625 0.1249789375
v 0.324670625 -0.464120625 0.1246780625
v 0.3106476875 -0.4742141875 0.1316226875
v 0.312092 -0.4769305 0.126226
v 0.316091625 -0.4723741875 0.1252195625
v 0.3184345 -0.4757295 0.1205855
v 0.3229625625 -0.4716481875 0.1203226875
v 0.3214848125 -0.4811028125 0.1097473125
v 0.3260065625 -0.477074625 0.1093236875
v 0.3243165 -0.4743785 0.11485175
v 0.3201785 -0.478649 0.1154945
v 0.327603125 -0.4696316875 0.1136076875
v 0.326088875 -0.466873 0.1190540625
v 0.3105250625 -0.48634025 0.1159648125
v 0.3117485 -0.4886179375 0.1101731875
v 0.316667625 -0.484916 0.109998
v 0.315382 -0.4826015 0.115807
v 0.3181055625 -0.4872856875 0.10417368125
v 0.3231109375 -0.483609875 0.10396755
v 0.30922 -0.4839145 0.1216315
v 0.304030625 -0.4874024375 0.1216943125
v 0.3053454375 -0.4897819375 0.116001875
v 0.299874375 -0.49265225 0.115907375
v 0.3009995 -0.494794 0.1100715
v 0.306508625 -0.491967875 0.11019525
v 0.307719 -0.494241 0.1043905
v 0.3129929375 -0.490870125 0.10434186875
v 0.3142035 -0.493102 0.09845295
v 0.319373875 -0.48952525 0.0982473125
v 0.320310375 -0.49138325 0.0922269125
v 0.3256619375 -0.4880315625 0.09197349375
v 0.3245375 -0.4859451875 0.09802840625
v 0.3295623125 -0.482226125 0.0977282375
v 0.3279681875 -0.4798021875 0.103670675
v 0.33272 -0.475756 0.10320641875
v 0.3303594375 -0.4728398125 0.108697375
v 0.3348220625 -0.46841925 0.1079921125
v 0.3315606875 -0.4650004375 0.112593875
v 0.3399365 -0.4553385 0.1106405
v 0.33592475 -0.460342625 0.11177275
v 0.339152375 -0.4637019375 0.1070584875
v 0.3431925 -0.4586654375 0.1058155625
v 0.337287875 -0.4713351875 0.10245960625
v 0.3416594375 -0.466640875 0.101501175
v 0.343497375 -0.4692116875 0.09548158125
v 0.3476035 -0.4643295 0.09431181875
v 0.3457233125 -0.461682875 0.1003128
v 0.34937825 -0.4563416875 0.09880431875
v 0.3468180625 -0.4532553125 0.10424925
v 0.3331195 -0.4570465 0.1160945
v 0.3291639375 -0.46185125 0.11726975
v 0.3390560625 -0.47383275 0.0964397375
v 0.3404228125 -0.476089125 0.0902692
v 0.3449185 -0.4715310625 0.08930189375
v 0.3460121875 -0.473604875 0.08304275625
v 0.35020525 -0.468769875 0.08183308125
v 0.349062375 -0.466657875 0.08810248125
v 0.3528146875 -0.4615415 0.08666635
v 0.3512961875 -0.4591308125 0.0928526125
v 0.334402875 -0.4782021875 0.09720925625
v 0.335692125 -0.4803483125 0.09103354375
v 0.336692125 -0.4822909375 0.08481371875
v 0.341484 -0.4781034375 0.0840224625
v 0.34228725 -0.479956375 0.077782525
v 0.3468868125 -0.4755298125 0.0767860875
v 0.33172025 -0.486244625 0.0854526
v 0.332386125 -0.487925 0.07929664375
v 0.337414875 -0.484053375 0.07860268125
v 0.337860875 -0.4856409375 0.072389925
v 0.3427958125 -0.481637125 0.071549575
v 0.3307745 -0.4843285 0.0916009
v 0.3265205 -0.4898580625 0.08591175
v 0.3145815 -0.4940365 0.0923115
v 0.3151775 -0.4954685 0.0864083
v 0.3210061875 -0.49297025 0.08626919375
v 0.3216435 -0.494596 0.08032875
v 0.327142375 -0.4914619375 0.07985404375
v 0.332783375 -0.4893778125 0.0731055375
v 0.3275725 -0.4929165 0.07371565
v 0.343089125 -0.4891845 0.03464510625
v 0.3430311875 -0.4880575 0.04076561875
v 0.3382705 -0.492148 0.04155265
v 0.33829 -0.4932645 0.0354303
v 0.347717 -0.4871015 0.0215917375
v 0.3429515 -0.4912705 0.02236765
v 0.3426085 -0.492049 0.01618145
v 0.3474585 -0.487977 0.0154009
v 0.3523185 -0.481572 0.02702985
v 0.3477895625 -0.486049125 0.02775716875
v 0.3523015 -0.4826875 0.02085715
v 0.34778 -0.4849495 0.03388915
v 0.3431425 -0.490341 0.02851205
v 0.3430769375 -0.4856993125 0.0529787125
v 0.3383010625 -0.4897554375 0.0538470625
v 0.3382915 -0.490991 0.0476989
v 0.343003 -0.48687825 0.04686390625
v 0.347514 -0.48385 0.0400412
v 0.3474525 -0.4826495 0.04611215
v 0.3430780625 -0.48314725 0.06532496875
v 0.338116625 -0.4870875625 0.06618144375
v 0.338251625 -0.4884505 0.06000398125
v 0.343154 -0.484492875 0.05913858125
v 0.3331535 -0.492155 0.0607707
v 0.3332535 -0.4935085 0.0546201
v 0.34755 -0.481365 0.0519884
v 0.3476615625 -0.480129 0.05812419375
v 0.333053 -0.4908005 0.06692065
v 0.347736125 -0.478819125 0.06431073125
v 0.347489875 -0.4772945625 0.0705390375
v 0.351799 -0.4753345 0.0569433
v 0.3519079375 -0.4739856875 0.06310541875
v 0.351157875 -0.4707488125 0.0755648875
v 0.3517761875 -0.472515125 0.06931815
v 0.3552910625 -0.468665875 0.06172675
v 0.3556045 -0.4673245 0.06791164375
v 0.361443375 -0.448327875 0.06874411875
v 0.360785 -0.4544006875 0.07060668125
v 0.3599914375 -0.4557759375 0.064524525
v 0.3609258125 -0.449928375 0.06305143125
v 0.3585295 -0.46174525 0.0663040125
v 0.3573688125 -0.462927125 0.06018679375
v 0.3590298125 -0.457263875 0.0587840375
v 0.359339 -0.4594535 0.05365335
v 0.3620514375 -0.4544739375 0.05301303125
v 0.3612336875 -0.4521323125 0.05797654375
v 0.3635015 -0.447167 0.0574519
v 0.36245225 -0.4447239375 0.0622658875
v 0.3611719375 -0.4409991875 0.07317836875
v 0.3617809375 -0.446855375 0.07465021875
v 0.3613148125 -0.4425421875 0.06741685
v 0.3647535 -0.440321 0.0620482
v 0.362708375 -0.4379568125 0.0670723375
v 0.3609245 -0.445022 0.0806951
v 0.3589075 -0.4507815 0.0829884
v 0.3602588125 -0.4527124375 0.07675868125
v 0.3574206875 -0.4583508125 0.0787423125
v 0.3583663125 -0.4601895 0.07249081875
v 0.3540060625 -0.46368375 0.080409475
v 0.356323 -0.456307 0.08503495
v 0.3606745 -0.4359100625 0.07270253125
v 0.35975975 -0.434725125 0.07920201875
v 0.361315 -0.440038 0.07975015
v 0.360835375 -0.4302739375 0.07854393125
v 0.358917875 -0.4285118125 0.08450818125
v 0.357799 -0.433178 0.08545475
v 0.35999 -0.436873 0.0830881
v 0.365836 -0.4341855 0.066976
v 0.362907375 -0.431891875 0.07243656875
v 0.3481155 -0.438614 0.103482
v 0.35205675 -0.44172525 0.0997013875
v 0.3529265 -0.4359655 0.09607885
v 0.348503 -0.4328975 0.0993721
v 0.3570060625 -0.42628575 0.0903323
v 0.3562355 -0.42438 0.0963577
v 0.352386 -0.428596 0.09775605
v 0.3531675 -0.430511 0.0916953
v 0.34991125 -0.44753875 0.10229159375
v 0.3525319375 -0.450726125 0.0969696625
v 0.355167 -0.4449325 0.09490625
v 0.354624 -0.4536825 0.09114755
v 0.3549831875 -0.4656359375 0.07414708125
v 0.3466775 -0.444234 0.1070645
v 0.343589 -0.4500055 0.1090925
v 0.353977 -0.469648 0.0555841
v 0.355658 -0.4638275 0.05407955
v 0.360595 -0.471132 0.0261816
v 0.36382 -0.4652935 0.02605055
v 0.3614485 -0.463673 0.0314294
v 0.3582235 -0.4695115 0.03156045
v 0.3642 -0.44904 0.052117
v 0.3628805 -0.456357 0.04760705
v 0.364913 -0.4507025 0.046541
v 0.362344 -0.4574865 0.03568685
v 0.36445 -0.451435 0.03516825
v 0.3655435 -0.451584 0.0409758
v 0.3634375 -0.4576355 0.0414944
v 0.362471 -0.4201185 0.0814053
v 0.3613516875 -0.424038875 0.08312215
v 0.3633059375 -0.4262165 0.0774885
v 0.3644335 -0.422496 0.07595635
v 0.365857 -0.4279485 0.0715937
v 0.359962 -0.421584 0.08875695
v 0.3423345 -0.4314395 0.1172045
v 0.3391685 -0.436399 0.118808
v 0.339718 -0.4384585 0.113346
v 0.342884 -0.433499 0.1117425
v 0.327873 -0.459268 0.1230655
v 0.3242125 -0.4376935 0.13064
v 0.32371 -0.435049 0.134654
v 0.325873 -0.4434965 0.131905
v 0.3666015 -0.4587625 0.0258653
v 0.367627 -0.4524355 0.0250963
v 0.364434 -0.4514185 0.03006815
v 0.3634085 -0.4577455 0.03083715
v 0.2986835625 -0.490525 0.1217360625
v 0.293066375 -0.4929996875 0.12154625
v 0.294216 -0.4950125 0.115684
v 0.2916873125 -0.49078075 0.1272226875
v 0.2860715 -0.493112 0.126976
v 0.28743 -0.495217 0.1212935
v 0.2972625 -0.4880935625 0.127413
v 0.2956555 -0.485467 0.13291
v 0.29006 -0.488211 0.132682
v 0.302567875 -0.484832 0.127308375
v 0.307674 -0.481163 0.1269595
v 0.306036625 -0.4784148125 0.132438
v 0.301038 -0.4822325 0.1329025
v 0.3089678125 -0.4713800625 0.1370543125
v 0.304325 -0.4756565 0.13794
v 0.3109755 -0.4635388125 0.1410444375
v 0.306883 -0.468279 0.142396
v 0.314392 -0.4586985 0.1391745
v 0.311553125 -0.4552506875 0.144130375
v 0.3084785 -0.4601365 0.1462765
v 0.31374 -0.450695 0.14137
v 0.3109090625 -0.4473175 0.145606875
v 0.3090165 -0.4515215 0.149038
v 0.3125155 -0.44488 0.1412155
v 0.3077725 -0.4435315 0.1487835
v 0.27066125 -0.428562 0.16694025
v 0.303008 -0.436103 0.1514185
v 0.3096945 -0.437817 0.146177
v 0.3166725 -0.43965525 0.14241775
v 0.32204525 -0.456645 0.13111525
v 0.322687 -0.448673 0.1352045
v 0.322879 -0.44062375 0.13862625
v 0.31531775 -0.46561775 0.1323375
v 0.321251 -0.46445275 0.12704425
v 0.31329325 -0.47322225 0.12829075
v 0.31960825 -0.4720305 0.1228085
v 0.323012 -0.47783175 0.11239575
v 0.325274 -0.47068425 0.11702725
v 0.31359825 -0.4856425 0.1130025
v 0.31985925 -0.4842505 0.1069945
v 0.307322 -0.4869195 0.11884175
v 0.30321175 -0.49235925 0.11306175
v 0.30976675 -0.49146225 0.10729425
v 0.316194 -0.49021925 0.101321225
v 0.3225365 -0.48880375 0.095135125
v 0.3263605 -0.482958 0.1008927
v 0.32932325 -0.47643775 0.106305
v 0.3310105 -0.4689835 0.1107495
v 0.33962375 -0.45957325 0.108928
v 0.33836375 -0.4676185 0.10487495
v 0.344733 -0.465546 0.09797395
v 0.34643225 -0.4575705 0.10242225
v 0.33229425 -0.46102225 0.114363
v 0.3420525 -0.47273175 0.092911575
v 0.3476285 -0.4702005 0.0856024
v 0.35029 -0.462987 0.090533325
v 0.33595475 -0.47486425 0.099894675
v 0.33863275 -0.47926675 0.087559725
v 0.34423725 -0.476861 0.080433225
v 0.33461075 -0.485188 0.08206175
v 0.34014575 -0.4828785 0.075099375
v 0.33267075 -0.4813455 0.09443245
v 0.32873025 -0.4871855 0.08875125
v 0.317812 -0.49353325 0.089317825
v 0.32412775 -0.49228775 0.08311065
v 0.33001575 -0.490469 0.076511225
v 0.34068725 -0.49067775 0.038097025
v 0.345205 -0.48962375 0.018884275
v 0.35006 -0.48438525 0.024308475
v 0.34546125 -0.48764525 0.0312006
v 0.3406975 -0.48836175 0.050348275
v 0.3452685 -0.48537025 0.04343795
v 0.34069975 -0.485849 0.06267475
v 0.33576275 -0.490994 0.057316275
v 0.34540325 -0.4829705 0.055571275
v 0.33548075 -0.48825725 0.069660325
v 0.3453575 -0.480303 0.067951025
v 0.349837 -0.4771285 0.0606357
v 0.349427 -0.47410025 0.073075125
v 0.35385275 -0.47071725 0.065532975
v 0.360905 -0.4520725 0.06664515
v 0.35880175 -0.45940325 0.06238225
v 0.3603305 -0.45580825 0.055824
v 0.36196025 -0.448395 0.060092875
v 0.3615075 -0.444577 0.070821425
v 0.36265175 -0.44124675 0.064588475
v 0.36068625 -0.4488815 0.07875125
v 0.359453 -0.45648625 0.074668675
v 0.35519975 -0.460016 0.082738775
v 0.36051125 -0.43777375 0.07611625
v 0.35915175 -0.43167775 0.082002625
v 0.35999 -0.436873 0.0830881
v 0.36277175 -0.4348475 0.069729175
v 0.350521 -0.43728975 0.099780425
v 0.3547015 -0.4274455 0.0940265
v 0.352628 -0.44624725 0.098647625
v 0.35206575 -0.45503225 0.095018025
v 0.3526715 -0.467269 0.078013925
v 0.35709625 -0.46380875 0.0702347
v 0.346839 -0.44878375 0.10574075
v 0.3557255 -0.46632025 0.057906625
v 0.36102175 -0.4674025 0.0288055
v 0.36354025 -0.4526985 0.049862025
v 0.36394375 -0.45453525 0.038331325
v 0.362997 -0.423208 0.0795385
v 0.36318075 -0.429063 0.0750721
v 0.35928875 -0.4251075 0.0867088
v 0.34102625 -0.434949 0.11527525
v 0.3269655 -0.46306875 0.121064
v 0.3247915 -0.43927275 0.1332795
v 0.36551775 -0.4550905 0.027966725
v 0.29649475 -0.49286275 0.11874575
v 0.28958275 -0.493072 0.12427825
v 0.2936955 -0.488197 0.1300865
v 0.304356 -0.48169775 0.129931
v 0.3075895 -0.4749895 0.134816
v 0.3006925 -0.48781125 0.1245835
v 0.31012475 -0.46754475 0.13914225
v 0.31143525 -0.4594175 0.1427255
v 0.31137825 -0.45110825 0.145204
v 0.310144 -0.44420575 0.1449995
v 0.0589321 -0.32362 0.129458
v 0.057567 -0.313352 0.131205
v 0.0671765 -0.312302 0.132104
v 0.0767306 -0.311174 0.133003
v 0.0862639 -0.309758 0.133619
v 0.0958922 -0.308205 0.134534
v 0.0943348 -0.298587 0.135999
v 0.103783 -0.297081 0.136619
v 0.113232 -0.295574 0.137238
v 0.084971 -0.300124 0.134694
v 0.0644996 -0.295869 0.125127
v 0.241188 -0.286058 0.151684
v 0.0757723 -0.301805 0.132349
v 0.071802 -0.295879 0.128263
v 0.0573682 -0.304208 0.127123
v 0.0666518 -0.302954 0.129714
v 0.0573907 -0.295432 0.122201
v 0.122791 -0.293991 0.137757
v 0.132298 -0.292278 0.138174
v 0.141795 -0.290574 0.138507
v 0.151292 -0.288848 0.138865
v 0.160849 -0.287066 0.139134
v 0.17046 -0.285361 0.139229
v 0.180069 -0.283655 0.139302
v 0.237481 -0.273692 0.137477
v 0.249197 -0.276822 0.144708
v 0.246961 -0.272625 0.135798
v 0.25878 -0.277531 0.140323
v 0.260724 -0.284304 0.147494
v 0.251031 -0.284614 0.150294
v 0.229465 -0.279088 0.147749
v 0.239346 -0.277673 0.146443
v 0.219604 -0.280632 0.148567
v 0.209806 -0.282251 0.149082
v 0.208758 -0.277945 0.139981
v 0.218353 -0.276395 0.139455
v 0.199172 -0.279708 0.140095
v 0.180759 -0.287957 0.148406
v 0.189613 -0.281741 0.13984
v 0.161648 -0.292283 0.146242
v 0.171214 -0.290114 0.147347
v 0.152089 -0.29446 0.145129
v 0.133355 -0.299139 0.142186
v 0.0956106 -0.312867 0.142073
v 0.105084 -0.310565 0.144397
v 0.0862409 -0.315407 0.139642
v 0.0769574 -0.317941 0.137025
v 0.0680014 -0.320879 0.133073
v 0.0670713 -0.326166 0.141641
v 0.0765854 -0.323758 0.144276
v 0.124056 -0.306014 0.149023
v 0.13372 -0.3043 0.150346
v 0.115904 -0.316955 0.149208
v 0.125661 -0.315502 0.150351
v 0.106086 -0.31844 0.148192
v 0.0877763 -0.330977 0.144494
v 0.0976157 -0.32949 0.146617
v 0.107455 -0.328002 0.14874
v 0.0988325 -0.338931 0.147654
v 0.0778665 -0.332497 0.143996
v 0.088713 -0.339811 0.147111
v 0.0996093 -0.347365 0.151492
v 0.109785 -0.347114 0.150566
v 0.118491 -0.336246 0.151565
v 0.119698 -0.345924 0.152254
v 0.129588 -0.344644 0.154192
v 0.140798 -0.353115 0.155176
v 0.139507 -0.343306 0.155962
v 0.150778 -0.351692 0.156871
v 0.149483 -0.341796 0.157378
v 0.16083 -0.350183 0.158307
v 0.172065 -0.358508 0.157874
v 0.17088 -0.348663 0.159556
v 0.182111 -0.356963 0.158844
v 0.180908 -0.347047 0.160473
v 0.190898 -0.345387 0.161192
v 0.200857 -0.343714 0.16162
v 0.210803 -0.342044 0.161487
v 0.22075 -0.340374 0.161354
v 0.202159 -0.353685 0.159841
v 0.212139 -0.352031 0.159692
v 0.251804 -0.344913 0.157384
v 0.261624 -0.342966 0.157374
v 0.279396 -0.329793 0.152531
v 0.288945 -0.328017 0.150772
v 0.243115 -0.295591 0.154946
v 0.286927 -0.318459 0.148424
v 0.277731 -0.320083 0.152292
v 0.26837 -0.321752 0.155645
v 0.25676 -0.313535 0.157734
v 0.266483 -0.311937 0.155687
v 0.273781 -0.300718 0.151797
v 0.271645 -0.291289 0.150419
v 0.269529 -0.284087 0.144671
v 0.267865 -0.278207 0.136573
v 0.273903 -0.26554 0.136095
v 0.266047 -0.270354 0.131025
v 0.244871 -0.263154 0.133989
v 0.254516 -0.261925 0.131701
v 0.252541 -0.253383 0.12787
v 0.215201 -0.267862 0.138204
v 0.225159 -0.266034 0.137376
v 0.165527 -0.277721 0.139609
v 0.175451 -0.2757 0.13953
v 0.185375 -0.27368 0.139451
v 0.195299 -0.271659 0.139372
v 0.223298 -0.258737 0.131206
v 0.233084 -0.256923 0.130189
v 0.231541 -0.252019 0.121561
v 0.241261 -0.250461 0.12032
v 0.212049 -0.255297 0.123556
v 0.22181 -0.2535 0.12267
v 0.192487 -0.25879 0.124708
v 0.202271 -0.257052 0.12418
v 0.213477 -0.260524 0.132045
v 0.191078 -0.252907 0.116757
v 0.181316 -0.254908 0.117069
v 0.161714 -0.258158 0.117761
v 0.171542 -0.256438 0.117645
v 0.162911 -0.264213 0.125686
v 0.17274 -0.262492 0.125571
v 0.143226 -0.268016 0.125539
v 0.153081 -0.266087 0.125679
v 0.154233 -0.27243 0.133407
v 0.164059 -0.270271 0.133681
v 0.144424 -0.274673 0.132937
v 0.134512 -0.277003 0.132356
v 0.119066 -0.286793 0.135946
v 0.128087 -0.284917 0.137241
v 0.137108 -0.283041 0.138537
v 0.109736 -0.288925 0.134598
v 0.10569 -0.283676 0.129313
v 0.116823 -0.280356 0.129784
v 0.0952178 -0.286501 0.128595
v 0.0650131 -0.283248 0.119252
v 0.0782051 -0.287579 0.125564
v 0.091397 -0.291909 0.131877
v 0.0870609 -0.286936 0.126923
v 0.0744277 -0.282018 0.120639
v 0.0843599 -0.280244 0.122049
v 0.094153 -0.278482 0.12264
v 0.0929776 -0.270063 0.117089
v 0.102771 -0.268301 0.11768
v 0.103924 -0.276377 0.123537
v 0.113722 -0.274197 0.124376
v 0.112571 -0.266407 0.118259
v 0.122395 -0.264818 0.118132
v 0.132219 -0.263228 0.118005
v 0.131011 -0.25547 0.111718
v 0.111377 -0.258548 0.111997
v 0.121188 -0.257001 0.111901
v 0.101564 -0.26009 0.112104
v 0.150672 -0.252657 0.110955
v 0.160479 -0.25132 0.110508
v 0.151907 -0.259739 0.117991
v 0.149301 -0.244438 0.105221
v 0.139473 -0.2458 0.105678
v 0.100133 -0.251181 0.107962
v 0.109972 -0.249862 0.107336
v 0.119811 -0.248543 0.10671
v 0.12965 -0.247225 0.106084
v 0.118126 -0.239022 0.104703
v 0.127985 -0.237574 0.103866
v 0.13781 -0.236165 0.103597
v 0.0819932 -0.263075 0.112039
v 0.0917478 -0.261586 0.11231
v 0.0733776 -0.273454 0.11607
v 0.0623609 -0.265446 0.112399
v 0.0722086 -0.264331 0.112158
v 0.0903868 -0.252489 0.10863
v 0.0806126 -0.253616 0.1093
v 0.0710026 -0.254883 0.111546
v 0.140848 -0.25408 0.111322
v 0.142056 -0.261519 0.117977
v 0.0831856 -0.271837 0.11649
v 0.0634631 -0.274828 0.115428
v 0.0998328 -0.291075 0.133545
v 0.124592 -0.279303 0.131815
v 0.123542 -0.272082 0.125047
v 0.133379 -0.270062 0.125281
v 0.173904 -0.268266 0.13371
v 0.183807 -0.266248 0.133407
v 0.19371 -0.26423 0.133103
v 0.182641 -0.260593 0.125233
v 0.203607 -0.262334 0.132626
v 0.155632 -0.279777 0.139496
v 0.145938 -0.281736 0.139127
v 0.205242 -0.269728 0.138914
v 0.242817 -0.255143 0.129063
v 0.235076 -0.264533 0.135863
v 0.256456 -0.271672 0.133142
v 0.275891 -0.273073 0.141057
v 0.262602 -0.292594 0.152235
v 0.252916 -0.294078 0.153713
v 0.245027 -0.305265 0.15766
v 0.227187 -0.318524 0.160575
v 0.237066 -0.316878 0.16
v 0.209178 -0.331953 0.161652
v 0.219109 -0.330284 0.161544
v 0.229043 -0.328615 0.161458
v 0.199243 -0.333622 0.161689
v 0.179377 -0.337018 0.16059
v 0.189294 -0.33531 0.161077
v 0.16945 -0.338677 0.1595
v 0.158066 -0.330316 0.157832
v 0.156485 -0.320544 0.156072
v 0.16793 -0.328657 0.158918
v 0.14822 -0.331929 0.156661
v 0.146646 -0.322134 0.154859
v 0.138274 -0.333461 0.155321
v 0.13683 -0.323709 0.153584
v 0.135372 -0.314053 0.151732
v 0.145117 -0.312432 0.153042
v 0.15481 -0.310752 0.154137
v 0.153107 -0.300984 0.1522
v 0.164525 -0.308978 0.154804
v 0.16277 -0.299149 0.152904
v 0.172472 -0.297418 0.153296
v 0.182221 -0.295801 0.153568
v 0.191987 -0.294112 0.15397
v 0.203728 -0.302133 0.156686
v 0.193908 -0.303799 0.156499
v 0.185847 -0.315343 0.158417
v 0.18407 -0.305486 0.156266
v 0.205547 -0.311945 0.159087
v 0.215421 -0.310237 0.159276
v 0.225288 -0.308566 0.158808
v 0.233267 -0.297182 0.155762
v 0.223403 -0.298833 0.156294
v 0.231361 -0.287612 0.15269
v 0.213536 -0.300504 0.156689
v 0.211631 -0.2909 0.153635
v 0.221496 -0.289261 0.153149
v 0.195702 -0.313607 0.158963
v 0.201783 -0.292515 0.15402
v 0.127063 -0.325268 0.152234
v 0.166276 -0.318845 0.15698
v 0.176013 -0.317115 0.157755
v 0.174261 -0.307247 0.155576
v 0.177789 -0.326988 0.159832
v 0.187632 -0.325279 0.160201
v 0.197475 -0.323569 0.16057
v 0.207376 -0.321862 0.16103
v 0.217298 -0.320175 0.161065
v 0.235162 -0.3069 0.158332
v 0.254791 -0.303745 0.156362
v 0.264443 -0.302224 0.154594
v 0.24691 -0.315231 0.159209
v 0.238957 -0.326918 0.160809
v 0.248804 -0.325191 0.159456
v 0.240646 -0.336994 0.160042
v 0.250428 -0.335148 0.158371
v 0.260182 -0.333349 0.156348
v 0.241967 -0.346797 0.157859
v 0.232078 -0.348594 0.158929
v 0.258646 -0.323465 0.157984
v 0.269867 -0.331603 0.154158
v 0.275855 -0.310272 0.152487
v 0.243234 -0.356153 0.161477
v 0.223274 -0.359687 0.161791
v 0.233316 -0.357974 0.161501
v 0.172863 -0.367631 0.161905
v 0.18299 -0.366121 0.162079
v 0.193124 -0.36467 0.162167
v 0.151754 -0.360923 0.15848
v 0.161913 -0.359695 0.158147
v 0.130743 -0.35437 0.154031
v 0.120521 -0.354995 0.154648
v 0.110303 -0.355759 0.15491
v 0.13142 -0.363158 0.157742
v 0.141601 -0.36213 0.158289
v 0.100536 -0.356153 0.151574
v 0.111764 -0.363916 0.15088
v 0.121482 -0.363724 0.155036
v 0.123126 -0.371297 0.149509
v 0.132924 -0.370893 0.152658
v 0.144076 -0.377699 0.149077
v 0.142674 -0.370556 0.155672
v 0.153941 -0.37721 0.151862
v 0.152682 -0.36999 0.158554
v 0.163894 -0.376563 0.154228
v 0.173852 -0.375648 0.156049
v 0.183916 -0.374438 0.157468
v 0.162746 -0.369009 0.160797
v 0.113613 -0.37139 0.145496
v 0.253048 -0.354342 0.160195
v 0.271455 -0.341191 0.156794
v 0.203221 -0.363246 0.161964
v 0.213245 -0.361459 0.161901
v 0.222123 -0.350361 0.159464
v 0.230712 -0.338708 0.160885
v 0.19214 -0.355326 0.159404
v 0.159532 -0.340282 0.158562
v 0.128298 -0.334916 0.15381
v 0.108661 -0.337516 0.149762
v 0.117311 -0.326666 0.150622
v 0.143393 -0.302642 0.151405
v 0.0862533 -0.321643 0.146469
v 0.0961908 -0.320027 0.147278
v 0.227917 -0.274923 0.138726
v 0.0581416 -0.329403 0.13725
v 0.105477 -0.3066 0.135536
v 0.114781 -0.304025 0.137995
v 0.114557 -0.308261 0.146722
v 0.124068 -0.301532 0.140276
v 0.142696 -0.296838 0.143789
v 0.190383 -0.285993 0.148977
v 0.200088 -0.284103 0.1493
v -0.317026 -0.343464 0.0315432
v -0.315802 -0.328558 0.033562
v -0.309006 -0.311916 0.0212259
v -0.312195 -0.326708 0.0188183
v -0.313266 -0.341756 0.0170701
v -0.313588 -0.356886 0.0154249
v -0.30954 -0.370414 -0.00014601
v -0.304962 -0.38407 -0.0156353
v -0.304831 -0.399094 -0.0166561
v -0.305272 -0.414012 -0.017824
v -0.308176 -0.400483 -0.00217294
v -0.31689 -0.358463 0.0299341
v -0.31235 -0.386961 0.0133234
v -0.308444 -0.415386 -0.00338464
v -0.306739 -0.325358 0.00456224
v -0.307502 -0.442048 -0.0347591
v -0.313149 -0.442547 -0.020987
v -0.307966 -0.42856 -0.0191326
v -0.303173 -0.427819 -0.0331153
v -0.29774 -0.427115 -0.0466656
v -0.293783 -0.441957 -0.0611298
v -0.279641 -0.457591 -0.0868967
v -0.257823 -0.459097 -0.10817
v -0.203291 -0.433042 -0.138181
v -0.204923 -0.447944 -0.140222
v -0.190781 -0.448928 -0.146648
v -0.176038 -0.449858 -0.152202
v -0.174838 -0.434981 -0.149782
v -0.189241 -0.434056 -0.144309
v -0.187892 -0.419065 -0.142649
v -0.186783 -0.403891 -0.142327
v -0.201836 -0.418013 -0.136771
v -0.198513 -0.372397 -0.13645
v -0.199526 -0.387599 -0.136339
v -0.184691 -0.373527 -0.142276
v -0.197275 -0.357254 -0.136155
v -0.209124 -0.341041 -0.128631
v -0.223607 -0.355039 -0.121529
v -0.227893 -0.415901 -0.121791
v -0.226919 -0.400668 -0.121899
v -0.225921 -0.385424 -0.121927
v -0.240056 -0.414982 -0.113172
v -0.241727 -0.430084 -0.114237
v -0.253208 -0.429297 -0.104695
v -0.250644 -0.398815 -0.103731
v -0.248989 -0.368238 -0.103689
v -0.259802 -0.367468 -0.0930711
v -0.260585 -0.382755 -0.0931695
v -0.2613 -0.398057 -0.0932607
v -0.26215 -0.413353 -0.0935234
v -0.263984 -0.428562 -0.0943796
v -0.255867 -0.444193 -0.106707
v -0.266683 -0.443459 -0.0962847
v -0.27375 -0.427867 -0.0834804
v -0.282297 -0.427458 -0.0716716
v -0.280019 -0.396987 -0.0702143
v -0.280632 -0.412255 -0.0706869
v -0.279394 -0.381718 -0.069751
v -0.27106 -0.397422 -0.0821979
v -0.271879 -0.412714 -0.0825282
v -0.270376 -0.38214 -0.0817994
v -0.269662 -0.366846 -0.0815711
v -0.258699 -0.352249 -0.0925607
v -0.246184 -0.337946 -0.102256
v -0.247725 -0.353063 -0.103115
v -0.234465 -0.338877 -0.112014
v -0.236006 -0.354006 -0.112844
v -0.237323 -0.369183 -0.113324
v -0.23251 -0.323857 -0.110767
v -0.241557 -0.308204 -0.0988801
v -0.252037 -0.30764 -0.0875858
v -0.244368 -0.322909 -0.101065
v -0.254967 -0.322299 -0.08988
v -0.25699 -0.337205 -0.0913918
v -0.265007 -0.321834 -0.0780945
v -0.281597 -0.321972 -0.0518105
v -0.273777 -0.321739 -0.0653023
v -0.275971 -0.33657 -0.0670055
v -0.266877 -0.336776 -0.0795004
v -0.268595 -0.351768 -0.08081
v -0.277474 -0.351545 -0.0682328
v -0.285645 -0.351543 -0.0551244
v -0.292854 -0.351983 -0.0415023
v -0.291096 -0.337139 -0.0399079
v -0.28883 -0.322396 -0.038065
v -0.295371 -0.323177 -0.024039
v -0.301426 -0.324115 -0.00980355
v -0.303345 -0.339072 -0.0117152
v -0.304608 -0.354017 -0.0132411
v -0.300098 -0.382936 -0.0297491
v -0.300316 -0.398003 -0.0307192
v -0.294449 -0.397144 -0.044416
v -0.294989 -0.412283 -0.0452668
v -0.287201 -0.381598 -0.056964
v -0.294149 -0.382035 -0.0435478
v -0.287643 -0.3968 -0.0576353
v -0.29909 -0.352873 -0.0274736
v -0.299742 -0.367881 -0.0286515
v -0.30499 -0.369042 -0.0145289
v -0.308874 -0.340293 0.00254004
v -0.29202 -0.308667 -0.0215937
v -0.285705 -0.307907 -0.0357732
v -0.281178 -0.293941 -0.0327955
v -0.287399 -0.294568 -0.0186995
v -0.293607 -0.295194 -0.00460404
v -0.269241 -0.279755 -0.0436728
v -0.275487 -0.280181 -0.0296562
v -0.267034 -0.293004 -0.0604162
v -0.261925 -0.279461 -0.0572196
v -0.262133 -0.307212 -0.0759477
v -0.256765 -0.265972 -0.054359
v -0.244764 -0.23894 -0.0487383
v -0.256341 -0.253192 -0.0374536
v -0.309591 -0.355347 0.00103822
v -0.25176 -0.242191 -0.0199361
v -0.260686 -0.254334 -0.0230861
v -0.268656 -0.267036 -0.0264417
v -0.273522 -0.268112 -0.0120626
v -0.281385 -0.280911 -0.015512
v -0.286623 -0.28198 -0.00124119
v -0.24923 -0.240238 -0.0345755
v -0.312939 -0.371976 0.014379
v -0.250714 -0.252585 -0.0513705
v -0.270836 -0.307215 -0.0631181
v -0.262846 -0.266489 -0.0405145
v -0.299019 -0.296232 0.00966917
v -0.30387 -0.310519 0.00683376
v -0.297822 -0.309554 -0.00730994
v -0.297616 -0.337935 -0.0259003
v -0.286687 -0.366456 -0.0562182
v -0.293557 -0.366999 -0.042561
v -0.278563 -0.366513 -0.0692251
v -0.283958 -0.336709 -0.0536397
v -0.274553 -0.293402 -0.0468051
v -0.278387 -0.307545 -0.0495056
v -0.248674 -0.293158 -0.0850224
v -0.258127 -0.293043 -0.0730269
v -0.207142 -0.326088 -0.127401
v -0.220154 -0.324906 -0.119711
v -0.138562 -0.33116 -0.15275
v -0.152597 -0.33022 -0.148899
v -0.166632 -0.329279 -0.145047
v -0.124396 -0.331678 -0.155854
v -0.0955623 -0.332308 -0.160343
v -0.110094 -0.332009 -0.158321
v -0.308987 -0.385489 -0.00117618
v -0.0660229 -0.332527 -0.163251
v -0.0663573 -0.347587 -0.164317
v -0.0961314 -0.347346 -0.161626
v -0.11085 -0.347086 -0.159554
v -0.111472 -0.362164 -0.160326
v -0.0966707 -0.362415 -0.162347
v -0.0971596 -0.377472 -0.162595
v -0.0817173 -0.362527 -0.163734
v -0.0667322 -0.362625 -0.164878
v -0.0516965 -0.362587 -0.16545
v -0.0514063 -0.34754 -0.165116
v -0.0520251 -0.377611 -0.165518
v -0.0371033 -0.392409 -0.165616
v -0.0371505 -0.407356 -0.165451
v -0.0523838 -0.407563 -0.165303
v -0.0984211 -0.422681 -0.163496
v -0.113698 -0.422527 -0.161785
v -0.129009 -0.422241 -0.159679
v -0.126973 -0.376982 -0.158338
v -0.127663 -0.392074 -0.158501
v -0.128352 -0.407166 -0.158664
v -0.142491 -0.391444 -0.155471
v -0.143267 -0.406572 -0.155626
v -0.158096 -0.405758 -0.151993
v -0.17361 -0.420009 -0.148006
v -0.158962 -0.420858 -0.152462
v -0.144908 -0.436526 -0.158294
v -0.129418 -0.43723 -0.161373
v -0.0676371 -0.422612 -0.16559
v -0.0522653 -0.422519 -0.165825
v -0.0674925 -0.437546 -0.166684
v -0.0829167 -0.437623 -0.166248
v -0.11398 -0.437505 -0.163631
v -0.0830258 -0.422653 -0.164823
v -0.0983955 -0.43763 -0.165268
v -0.160926 -0.450703 -0.156756
v -0.160029 -0.435827 -0.154529
v -0.157179 -0.390633 -0.151788
v -0.171614 -0.389733 -0.147437
v -0.172626 -0.404899 -0.147624
v -0.170607 -0.374561 -0.147423
v -0.169462 -0.359431 -0.147083
v -0.154178 -0.345197 -0.150835
v -0.155246 -0.360335 -0.151432
v -0.139825 -0.346128 -0.15432
v -0.12623 -0.36187 -0.158139
v -0.156209 -0.375481 -0.151734
v -0.14081 -0.361207 -0.155139
v -0.141726 -0.376314 -0.155346
v -0.112719 -0.392374 -0.160838
v -0.113263 -0.407454 -0.160965
v -0.0975721 -0.392528 -0.162564
v -0.0825159 -0.392646 -0.163964
v -0.0828815 -0.407705 -0.164137
v -0.0671155 -0.377671 -0.164982
v -0.0821397 -0.377579 -0.163926
v -0.144085 -0.42161 -0.156419
v -0.0980801 -0.407597 -0.162653
v -0.0674033 -0.392672 -0.164916
v -0.0676535 -0.407641 -0.164742
v -0.0369791 -0.422357 -0.165841
v -0.300453 -0.412991 -0.0317815
v -0.0521863 -0.392586 -0.165394
v -0.112041 -0.377272 -0.160661
v -0.0812767 -0.347511 -0.163234
v -0.080908 -0.332477 -0.162051
v -0.125374 -0.34673 -0.157103
v -0.168211 -0.344312 -0.146412
v -0.288306 -0.412039 -0.0582521
v -0.249812 -0.383525 -0.103773
v -0.251572 -0.41411 -0.103769
v -0.244106 -0.44498 -0.116322
v -0.229569 -0.430966 -0.123072
v -0.21677 -0.431955 -0.131025
v -0.238139 -0.384448 -0.113192
v -0.239099 -0.39973 -0.113244
v -0.21195 -0.371286 -0.129662
v -0.22491 -0.370204 -0.121952
v -0.222061 -0.339927 -0.120794
v -0.195687 -0.342173 -0.135265
v -0.210655 -0.356138 -0.129314
v -0.182059 -0.343312 -0.141212
v -0.183456 -0.35839 -0.141913
v -0.212984 -0.386492 -0.12961
v -0.21403 -0.401701 -0.129586
v -0.215185 -0.416881 -0.129824
v -0.200553 -0.402805 -0.136267
v -0.185726 -0.388704 -0.1423
v -0.218683 -0.446881 -0.133187
v -0.231636 -0.445884 -0.124985
v -0.269106 -0.458348 -0.097862
v -0.277055 -0.44277 -0.0854495
v -0.285945 -0.44222 -0.0736399
v -0.290205 -0.427205 -0.0592793
v -0.301478 -0.441691 -0.0483741
v -0.317449 -0.443124 -0.00652622
v -0.311549 -0.429584 -0.00474456
v 0.090333775 -0.473975875 0.174575375
v 0.12440425 -0.437233 0.189588625
v 0.131998625 -0.4363005 0.18884925
v 0.098748325 -0.47365725 0.177826
v 0.1332205 -0.4433185 0.191579125
v 0.125689625 -0.444486 0.191622
v 0.1095610625 -0.466243 0.184440625
v 0.14122265625 -0.475924703125 0.183083984375
v 0.100794625 -0.466923125 0.181667125
v 0.130223125 -0.466803625 0.18720225
v 0.1198475 -0.466599 0.186049625
v 0.130770375 -0.47598765625 0.182340796875
v 0.120438125 -0.47581403125 0.181187671875
v 0.110222523437 -0.475441796875 0.1796410625
v 0.131161390625 -0.484516125 0.176372078125
v 0.12098059375 -0.484163609375 0.174979265625
v 0.131599375 -0.491980125 0.169135
v 0.121557875 -0.49162 0.167729875
v 0.111523375 -0.49126525 0.166324875
v 0.11088625 -0.48372840625 0.17345346875
v 0.180426625 -0.49048925 0.1656695
v 0.191667984375 -0.48226675 0.169003015625
v 0.182047046875 -0.48287378125 0.17252721875
v 0.19323653125 -0.473778265625 0.174939171875
v 0.183272296875 -0.47435615625 0.178358
v 0.19430825 -0.464505875 0.179607625
v 0.183953625 -0.465066375 0.182801375
v 0.172943265625 -0.474840171875 0.18083575
v 0.1733365 -0.46549325 0.18514775
v 0.162391875 -0.4657075 0.18604825
v 0.151525625 -0.4662045 0.187635875
v 0.140804875 -0.466617375 0.18777425
v 0.151778578125 -0.47564725 0.18330403125
v 0.14166425 -0.492284625 0.170374125
v 0.1623658125 -0.475242046875 0.182545546875
v 0.14146171875 -0.484547484375 0.1772550625
v 0.15179678125 -0.484316546875 0.17751440625
v 0.162004390625 -0.483953265625 0.177074453125
v 0.17106775 -0.49102175 0.168658875
v 0.15161125 -0.492090125 0.170471375
v 0.172161859375 -0.483414984375 0.1753451875
v 0.2121635 -0.46152525 0.171206
v 0.2142705 -0.453793 0.1719505
v 0.2127405 -0.473069625 0.165140125
v 0.202799796875 -0.472986828125 0.17088034375
v 0.210094875 -0.480466125 0.160473625
v 0.198865125 -0.48910925 0.15848125
v 0.219414625 -0.47123125 0.165385125
v 0.220934375 -0.4628095 0.168140625
v 0.220339875 -0.454236625 0.171140875
v 0.0812685953125 -0.483322609375 0.16959040625
v 0.201708875 -0.432723 0.179753
v 0.191668875 -0.432938 0.18188475
v 0.182186625 -0.434450625 0.185576875
v 0.0818208625 -0.473984625 0.176396875
v 0.17320875 -0.43674625 0.189955125
v 0.16445575 -0.437014625 0.19209525
v 0.163253875 -0.4297015 0.190901
v 0.17200825 -0.426862125 0.190058
v 0.18217575 -0.425265125 0.188697
v 0.1921115 -0.42420925 0.18625475
v 0.210253 -0.424899375 0.178979875
v 0.0532120875 -0.493680375 0.16569725
v 0.201860625 -0.423670125 0.182821375
v 0.0611855125 -0.469467375 0.1835515
v 0.03000125 -0.482894625 0.182151125
v 0.040562525 -0.473581625 0.18643
v 0.05097685 -0.471720125 0.185514125
v 0.210530125 -0.431922 0.178668
v 0.20738475 -0.48791925 0.15612275
v 0.230364875 -0.482425125 0.155565
v 0.22947525 -0.489561875 0.15023175
v 0.250980875 -0.48595925 0.150434
v 0.240306703125 -0.483845078125 0.153937640625
v 0.23770975 -0.491377375 0.147293875
v 0.246496875 -0.491120875 0.14579675
v 0.0316153 -0.47604475 0.18610025
v 0.0225175625 -0.4858755 0.180625625
v 0.259726875 -0.485738875 0.148860125
v 0.269158 -0.48617425 0.145382875
v 0.277762 -0.485493 0.142861375
v 0.0231275375 -0.49134925 0.175430375
v 0.282471625 -0.480060875 0.146878625
v 0.294672875 -0.47197825 0.14831475
v 0.301944625 -0.469452625 0.1455935
v 0.288037625 -0.45169725 0.161751875
v 0.286483578125 -0.4615133125 0.158371203125
v 0.276734765625 -0.460985671875 0.16208996875
v 0.278321625 -0.451158875 0.1654315
v 0.274828625 -0.470384828125 0.15794890625
v 0.2649128125 -0.469553234375 0.160976671875
v 0.254918609375 -0.46857453125 0.163580734375
v 0.262496125 -0.478012953125 0.15533346875
v 0.272226875 -0.478747 0.152159453125
v 0.23384475 -0.475327125 0.159514875
v 0.247326375 -0.458933125 0.167415
v 0.2554935 -0.457696875 0.168089125
v 0.268188625 -0.45024425 0.168087875
v 0.25896825 -0.45053825 0.16958525
v 0.244815625 -0.467143 0.16489875
v 0.26677809375 -0.46017709375 0.16519540625
v 0.30353225 -0.462531875 0.148942375
v 0.297483 -0.46065575 0.154154625
v 0.296247625 -0.45328725 0.15783775
v 0.284396875 -0.470742109375 0.1539495
v 0.29017925 -0.47810775 0.145076875
v 0.252669578125 -0.477144609375 0.158102671875
v 0.241839875 -0.47472325 0.1608595
v 0.0322099875 -0.49116225 0.174537125
v 0.20418025 -0.46380325 0.175536625
v 0.201044234375 -0.48145265625 0.165081234375
v 0.189619875 -0.48986625 0.162253375
v 0.161343625 -0.491656 0.170028875
v 0.101506 -0.490939 0.164912375
v 0.100876954687 -0.483308828125 0.171771
v 0.0910038296875 -0.4827894375 0.169761578125
v 0.0915278875 -0.490788125 0.1636095
v 0.0814998125 -0.490993375 0.16288
v 0.078856475 -0.467332375 0.179944125
v 0.0716692625 -0.49162825 0.162881875
v 0.061807375 -0.492986375 0.163669375
v 0.0421663125 -0.489521125 0.173633375
v 0.050809125 -0.48886175 0.17166225
v 0.0619039515625 -0.48580271875 0.171050453125
v 0.07161029375 -0.483760328125 0.169386203125
v 0.07143390625 -0.47563596875 0.175462109375
v 0.0709080375 -0.467015875 0.180710375
v 0.0618646015625 -0.47805190625 0.177861578125
v 0.0518100109375 -0.480168765625 0.179562703125
v 0.0416190015625 -0.48204571875 0.180688828125
v 0.129664 -0.4450915 0.1919975
v 0.13387 -0.4396345 0.190149
v 0.1279925 -0.4355775 0.188822
v 0.1237865 -0.4410345 0.1906705
v 0.10514228125 -0.475182 0.1786626875
v 0.10989121875 -0.470909875 0.182146375
v 0.10449775 -0.46598 0.18321
v 0.09974975 -0.4703425 0.1798265
v 0.1201474375 -0.4712679375 0.1837191875
v 0.1255889375 -0.4759281875 0.181812375
v 0.1305108125 -0.471436625 0.1848483125
v 0.1250175 -0.466736 0.186684
v 0.1359818125 -0.4759854375 0.1827663125
v 0.1410285625 -0.4713170625 0.1855116875
v 0.135491 -0.4667525 0.187559
v 0.1153185625 -0.4756521875 0.1804733125
v 0.1146865 -0.466442 0.1853445
v 0.1207103125 -0.4801144375 0.178254
v 0.1260574375 -0.4843671875 0.1757154375
v 0.1309736875 -0.48037475 0.179526125
v 0.136299625 -0.4845720625 0.176888625
v 0.1413575625 -0.48034825 0.180326
v 0.110556125 -0.4797038125 0.176713625
v 0.1159236875 -0.48394375 0.174224125
v 0.10049763125 -0.4791683125 0.174766875
v 0.1058678125 -0.483538375 0.17267075
v 0.1212655625 -0.487956 0.1714245625
v 0.1265755 -0.491798 0.168431
v 0.131374125 -0.48833 0.1728464375
v 0.136636 -0.4921705 0.169845
v 0.1415635625 -0.4884821875 0.1738885
v 0.111207125 -0.4875480625 0.16995
v 0.11654 -0.491442 0.1670285
v 0.1012044375 -0.487189 0.168428375
v 0.1065095 -0.491091 0.165617
v 0.177141 -0.4831451875 0.1740491875
v 0.1716360625 -0.4872903125 0.1720876875
v 0.1757865 -0.4907495 0.167298
v 0.1812629375 -0.4867478125 0.1691665625
v 0.1906779375 -0.4861315 0.1656798125
v 0.1868874375 -0.4825884375 0.1708264375
v 0.18503 -0.4902035 0.164004
v 0.188301125 -0.47408425 0.1767441875
v 0.18272675 -0.4787345625 0.1756150625
v 0.192522 -0.478142 0.17211975
v 0.1942195 -0.4894515 0.1603695
v 0.199985625 -0.4853400625 0.1618335625
v 0.1963945 -0.4818863125 0.167113125
v 0.2019790625 -0.4773288125 0.168119625
v 0.19808 -0.4734228125 0.1730175
v 0.1781485625 -0.474609375 0.1797060625
v 0.172602625 -0.479251875 0.1782600625
v 0.189172 -0.4647975 0.181296
v 0.1836539375 -0.4697645625 0.1806839375
v 0.193808125 -0.4691965625 0.1773704375
v 0.203516125 -0.468445 0.173295
v 0.199331 -0.464196 0.1777145
v 0.1786845 -0.465308 0.1841455
v 0.1731686875 -0.4702190625 0.1830756875
v 0.1678815 -0.465593 0.1856275
v 0.1624033125 -0.4705309375 0.184443125
v 0.16766975 -0.4750448125 0.1817944375
v 0.1622304375 -0.4797285 0.1800630625
v 0.1671021875 -0.4836955 0.1763680625
v 0.1516693125 -0.470979375 0.185577
v 0.15706925 -0.475450625 0.1830525
v 0.15694 -0.465937 0.1868735
v 0.1464923125 -0.475808625 0.183288875
v 0.1461485 -0.466433 0.187868
v 0.151819 -0.480101125 0.180602875
v 0.156910875 -0.4841548125 0.177421
v 0.146663 -0.492238 0.1705355
v 0.151718125 -0.4882690625 0.1740795
v 0.14663725 -0.484454875 0.177461375
v 0.156488 -0.4919005 0.170324
v 0.161694875 -0.4878793125 0.1736585
v 0.1662285 -0.4913435 0.1695215
v 0.2073641875 -0.47243925 0.168428875
v 0.2124859375 -0.467488 0.16858375
v 0.208796 -0.463263 0.172994
v 0.2161585 -0.4722235 0.1653995
v 0.220676 -0.4676635 0.166485
v 0.2170244375 -0.4626705625 0.1690640625
v 0.2211815 -0.4579585 0.1697935
v 0.217332 -0.45277 0.17188
v 0.213268 -0.45754 0.171292
v 0.2055944375 -0.4809713125 0.1628318125
v 0.2109935 -0.476199 0.163219
v 0.203593 -0.4889895 0.1567175
v 0.209222 -0.4847255 0.1577415
v 0.1970135 -0.4238645 0.18467
v 0.1918901875 -0.428573625 0.18406975
v 0.196648 -0.4326995 0.18065
v 0.20178475 -0.4281965625 0.1812871875
v 0.211619 -0.4284535 0.17847
v 0.206637 -0.42366 0.1806775
v 0.2067815 -0.4329045 0.179094
v 0.1871705 -0.4246705 0.187607
v 0.1821811875 -0.429857875 0.1871369375
v 0.1868415 -0.4335425 0.183557
v 0.1771125 -0.42601 0.189495
v 0.1726085 -0.4318041875 0.1900065625
v 0.177725 -0.4356 0.1878545
v 0.1668905 -0.4277785 0.190443
v 0.162593 -0.4335735 0.191683
v 0.16839 -0.437645 0.191444
v 0.232842 -0.490923 0.148561
v 0.2390156875 -0.4876390625 0.1506639375
v 0.2353480625 -0.4831656875 0.1548099375
v 0.229147 -0.4864625 0.152788
v 0.241567875 -0.47993975 0.157018625
v 0.2378725 -0.4750465 0.1601435
v 0.2316365 -0.47825 0.157898
v 0.247724125 -0.4765815625 0.1591741875
v 0.24521625 -0.484402125 0.152830875
v 0.251406875 -0.481096375 0.1549298125
v 0.242541 -0.4917565 0.1459485
v 0.2487385 -0.488531 0.1481105
v 0.26113475 -0.48192675 0.1521503125
v 0.2575916875 -0.477605125 0.156791
v 0.254939 -0.485378 0.1503115
v 0.2707230625 -0.482526625 0.1488335625
v 0.2673885625 -0.4784179375 0.153824375
v 0.2644585 -0.4859935 0.147197
v 0.2801245 -0.4827945 0.144909
v 0.2769689375 -0.4789270625 0.1502344375
v 0.2738495 -0.4863135 0.1434785
v 0.2796455625 -0.4706111875 0.15604475
v 0.2736081875 -0.474703375 0.15523575
v 0.2830919375 -0.4749985 0.1511903125
v 0.292451 -0.47507 0.146748
v 0.2891294375 -0.470834 0.1517805
v 0.286338 -0.479135 0.1460275
v 0.2913073125 -0.461704125 0.156347125
v 0.2855220625 -0.4662299375 0.1563266875
v 0.294983375 -0.466397375 0.151936625
v 0.303832 -0.4659195 0.146579
v 0.300551 -0.461632 0.1516185
v 0.2983645 -0.470789 0.147051
v 0.2775465 -0.456096 0.1638075
v 0.28163 -0.461278875 0.1602944375
v 0.2872975 -0.4566435625 0.160132375
v 0.283217 -0.451463 0.1636825
v 0.296923 -0.457039 0.156098
v 0.2928335 -0.451906 0.159763
v 0.2758498125 -0.4657804375 0.160185375
v 0.2733015 -0.4507405 0.1668755
v 0.267515125 -0.45524675 0.1667365
v 0.2717860625 -0.4606185625 0.1637309375
v 0.265914 -0.464963125 0.163274875
v 0.2698991875 -0.470006625 0.159544625
v 0.2637645 -0.4738958125 0.1583025625
v 0.2617050625 -0.4596608125 0.1664614375
v 0.25581475 -0.4638998125 0.1656650625
v 0.2599250625 -0.4691013125 0.1623898125
v 0.2538551875 -0.4729800625 0.161023125
v 0.251416 -0.458331 0.1677655
v 0.2455475 -0.4623835 0.1664585
v 0.249876125 -0.4678965625 0.164346125
v 0.243867 -0.4716725 0.1627385
v 0.263015 -0.4497065 0.169142
v 0.257236 -0.4541505 0.168965
v 0.09592225625 -0.4829749375 0.17064925
v 0.091278025 -0.4868566875 0.1667970625
v 0.0965205 -0.490829 0.1642185
v 0.09517555 -0.4742865 0.1758035
v 0.09068096875 -0.4784505625 0.17228
v 0.08552535 -0.474471 0.174958
v 0.08104581875 -0.479274375 0.1727006875
v 0.0861217875 -0.4830050625 0.1695640625
v 0.0814056375 -0.4872005625 0.1662841875
v 0.08650305 -0.4908435 0.1631595
v 0.07643671875 -0.483442875 0.1693743125
v 0.07164485 -0.4877091875 0.1661589375
v 0.076572 -0.491236 0.1627825
v 0.07119925 -0.47136475 0.1781510625
v 0.0760841375 -0.47525525 0.1754285
v 0.0802909 -0.4707295 0.1783375
v 0.0754386 -0.46642 0.180381
v 0.06677345625 -0.4846694375 0.1700965
v 0.061858175 -0.48943125 0.16739275
v 0.06674125 -0.492227 0.163193
v 0.056979525 -0.4867926875 0.1717933125
v 0.0520143 -0.491277 0.1686865
v 0.05688705 -0.4938605 0.1642645
v 0.03650828125 -0.4828720625 0.181032875
v 0.03182800625 -0.4874724375 0.1779811875
v 0.03721545 -0.4903785 0.174169
v 0.0419350875 -0.4858658125 0.177270625
v 0.05198111875 -0.484035 0.17610375
v 0.046721525 -0.4811358125 0.1801899375
v 0.047112 -0.488646 0.1730545
v 0.06193968125 -0.482027375 0.1745768125
v 0.05687861875 -0.479171 0.178833625
v 0.07155545 -0.479751875 0.172513875
v 0.0667052125 -0.476720875 0.1765054375
v 0.06613555 -0.4681435 0.1819945
v 0.06157795 -0.473823 0.1807945
v 0.0561223 -0.470652 0.1846995
v 0.051442525 -0.4760160625 0.1826350625
v 0.0457801 -0.4726945 0.186071
v 0.04113319375 -0.4778960625 0.1836689375
v 0.0353546 -0.474388 0.186651
v 0.0308036 -0.479483 0.184144
v 0.02629 -0.4844715 0.1814905
v 0.02153165 -0.4887685 0.17802
v 0.0271005 -0.4918165 0.1746135
v 0.12882825 -0.4403345 0.19040975
v 0.104811875 -0.470642 0.181045
v 0.12531275 -0.47138225 0.18433625
v 0.1357515 -0.47141025 0.185239
v 0.115005 -0.4711145 0.1830135
v 0.125827 -0.4802735 0.17893625
v 0.13615175 -0.4803955 0.17998825
v 0.11562225 -0.47992025 0.17751475
v 0.10550525 -0.479478 0.17584575
v 0.12631075 -0.48815825 0.1721575
v 0.13646375 -0.48844675 0.17345125
v 0.1162305 -0.48774775 0.17068775
v 0.106197 -0.4873715 0.16921425
v 0.17648675 -0.48701625 0.17075
v 0.185989 -0.486461 0.16747325
v 0.18766475 -0.47845575 0.1739475
v 0.19534275 -0.485735 0.163796
v 0.19730325 -0.47777325 0.1702115
v 0.17770325 -0.4789985 0.17704275
v 0.18877675 -0.46949525 0.17912425
v 0.19873575 -0.468862 0.1754575
v 0.178452 -0.470011 0.1820145
v 0.16780175 -0.47037325 0.18382725
v 0.16743325 -0.479499 0.1792965
v 0.1570255 -0.4707495 0.18509725
v 0.14633575 -0.471171 0.18566975
v 0.1570295 -0.479929 0.18047075
v 0.1466575 -0.48841 0.17407475
v 0.1465875 -0.4802455 0.18054275
v 0.156718 -0.48809825 0.17397225
v 0.1666865 -0.487594 0.17304375
v 0.20810575 -0.467899 0.1707925
v 0.216638 -0.467476 0.1673025
v 0.21722475 -0.45774925 0.17054275
v 0.20652 -0.476788 0.165741
v 0.20460875 -0.48501525 0.15980425
v 0.19683075 -0.428282 0.18266
v 0.20670925 -0.42828225 0.17988575
v 0.187006 -0.4291065 0.185582
v 0.17741875 -0.430805 0.18867475
v 0.16764025 -0.43271175 0.1909435
v 0.2340935 -0.4870745 0.15176175
v 0.23660875 -0.47913625 0.157553
v 0.24650075 -0.48057775 0.1561055
v 0.24388925 -0.48810875 0.149423
v 0.25628575 -0.48154175 0.15360775
v 0.26595125 -0.48226425 0.1505685
v 0.275438 -0.48268625 0.14691675
v 0.27838475 -0.474904 0.153311
v 0.287777 -0.475046 0.14898925
v 0.29030875 -0.466376 0.15423075
v 0.29945775 -0.4662105 0.14933475
v 0.2824485 -0.45639975 0.16204175
v 0.2921175 -0.4568505 0.15813675
v 0.2807115 -0.46604275 0.158334
v 0.2725675 -0.45570925 0.16537225
v 0.27090975 -0.465409 0.1618135
v 0.268715 -0.4743375 0.156849
v 0.26088525 -0.4644775 0.164626
v 0.258816 -0.47346775 0.15974825
v 0.25069375 -0.46317775 0.16619025
v 0.24886775 -0.4723595 0.16196425
v 0.262393 -0.45471575 0.16790075
v 0.09623375 -0.4869715 0.16754025
v 0.095561275 -0.47870025 0.17333275
v 0.0858415 -0.478796 0.17234525
v 0.08633035 -0.48698225 0.166446
v 0.0765188 -0.487364 0.16610875
v 0.075783375 -0.4708875 0.1779915
v 0.0667588 -0.48847275 0.166674
v 0.0569405 -0.49036125 0.168054
v 0.036899075 -0.48670675 0.17770475
v 0.046962675 -0.4849685 0.17672675
v 0.0569897 -0.4830855 0.17543225
v 0.066782325 -0.480768 0.173402
v 0.076296875 -0.4794235 0.1725185
v 0.066461925 -0.4724805 0.17932175
v 0.056553875 -0.4749805 0.18186025
v 0.046296725 -0.47699275 0.183235
v 0.03596865 -0.4787115 0.18394575
v 0.02669525 -0.488144 0.178052
v 0.143624625 -0.438010375 -0.1861465
v 0.143094 -0.44492025 -0.187481125
v 0.0659507 -0.432117625 -0.194235375
v 0.05608195 -0.430884 -0.194714125
v 0.0644863125 -0.45136625 -0.191294
v 0.0545281625 -0.441195875 -0.191136125
v 0.036396325 -0.4286775 -0.194267625
v 0.0161323775 -0.42697725 -0.19485925
v 0.026299425 -0.42776975 -0.194576125
v -0.02454395 -0.425846625 -0.196091
v -0.01438173875 -0.425925375 -0.19554675
v -0.0334041875 -0.434562125 -0.196175375
v -0.024556975 -0.435809625 -0.19631575
v -0.014468345 -0.43587275 -0.19642075
v -0.00447083375 -0.436073375 -0.1962545
v 0.00561061 -0.436403625 -0.195973375
v 0.025783125 -0.43744325 -0.195089
v 0.0345028 -0.4392935 -0.1943505
v 0.0471980375 -0.4402275 -0.192651625
v 0.05649585 -0.448866375 -0.1917755
v 0.136154625 -0.443503375 -0.18758875
v 0.0439581875 -0.447550125 -0.1937255
v 0.03624535 -0.44699 -0.194433125
v 0.01567006125 -0.436843125 -0.195617625
v -0.033405 -0.427197625 -0.19683425
v 0.13665975 -0.436485 -0.188982625
v -0.0042100175 -0.426141875 -0.19527475
v 0.00596068875 -0.426433625 -0.195077625
v 0.0462846875 -0.429786375 -0.194265625
v 0.0649357984375 -0.441787734375 -0.193699703125
v 0.0746672125 -0.4427015 -0.19308725
v 0.0726413375 -0.451220125 -0.192304875
v 0.0843956625 -0.431419875 -0.19337675
v 0.0743960875 -0.43409825 -0.193346625
v 0.084212225 -0.424626625 -0.190029625
v 0.118136625 -0.42100225 -0.185537625
v 0.125502875 -0.422481125 -0.183358125
v 0.145216375 -0.430354875 -0.17571025
v 0.0767513625 -0.426539625 -0.188561
v 0.144123 -0.42585325 -0.169905375
v 0.152347625 -0.425678125 -0.166983625
v 0.16195225 -0.426141875 -0.164809625
v 0.181122 -0.42470075 -0.16092675
v 0.190583 -0.42470225 -0.158634
v 0.1927001875 -0.421551921875 -0.16836278125
v 0.2024314375 -0.42195846875 -0.165882140625
v 0.2091305 -0.426497875 -0.1532575
v 0.217309625 -0.42781725 -0.151927
v 0.123016875 -0.422287 -0.175980375
v 0.115963625 -0.420856625 -0.178057875
v 0.171553875 -0.425543 -0.1629485
v 0.214507 -0.423431875 -0.171613625
v 0.20572225 -0.42108625 -0.1757495
v 0.1951605 -0.420130625 -0.17848775
v 0.184891 -0.420525125 -0.180703375
v 0.18295325 -0.421784046875 -0.170649546875
v 0.19993075 -0.425154 -0.156065125
v 0.17575275 -0.42177675 -0.18095125
v 0.17201125 -0.422748375 -0.1740065
v 0.163130875 -0.425316375 -0.174137125
v 0.15364475 -0.429619125 -0.175402875
v 0.21958325 -0.42585275 -0.159265875
v 0.213512375 -0.4234335 -0.163990375
v 0.0752056 -0.4378285 -0.1931995
v 0.06975414375 -0.4423005625 -0.1936365
v 0.06539613125 -0.4369603125 -0.194123375
v 0.07086115 -0.4325865 -0.193757
v 0.0603069 -0.441051125 -0.1927908125
v 0.0558946875 -0.4355423125 -0.1930885
v 0.06101465 -0.431516 -0.1945865
v 0.0509578 -0.43947 -0.1917485
v 0.0461651375 -0.4343330625 -0.1934861875
v 0.05118155 -0.430324 -0.194522
v 0.05554225 -0.4450215 -0.191394
v 0.0646639375 -0.446584625 -0.1926526875
v 0.05988475 -0.45065 -0.191534
v 0.07415845 -0.4476415 -0.1927815
v 0.0690779 -0.452009 -0.19168
v 0.0409213625 -0.4385645 -0.1936604375
v 0.03615495625 -0.4334009375 -0.1941968125
v 0.0413626 -0.4292215 -0.1942005
v 0.0308432 -0.4377805 -0.1946635
v 0.026041275 -0.4326065 -0.1948325625
v 0.0313669 -0.4282025 -0.194408
v 0.0207217 -0.4371265 -0.1953925
v 0.015901219375 -0.4319101875 -0.1952384375
v 0.021219 -0.4273525 -0.1947265
v 0.010639345 -0.436606 -0.195808
v 0.005785649375 -0.431418625 -0.1955255
v 0.01104631 -0.4266705 -0.1949745
v -0.014425041875 -0.4308990625 -0.19598375
v -0.01950325 -0.43583 -0.1964025
v -0.0245504625 -0.430828125 -0.196203375
v -0.0194661 -0.42586 -0.195766
v -0.02961205 -0.4357945 -0.1961685
v -0.0346691 -0.43089 -0.196551
v -0.0296101 -0.4259045 -0.196564
v -0.004340425625 -0.431107625 -0.195764625
v -0.00946973 -0.435955 -0.1963625
v -0.009296055 -0.4260235 -0.195391
v 0.000875405 -0.426268 -0.195174
v 0.000564915 -0.4362245 -0.1961235
v 0.04561575 -0.443852 -0.193266
v 0.0399726 -0.4485285 -0.194164
v 0.0353628 -0.4431375 -0.1943845
v 0.080711 -0.4327695 -0.1936095
v 0.0756148 -0.429516 -0.190399
v 0.08044905 -0.4245565 -0.188679
v 0.08554525 -0.42781 -0.1918895
v 0.119102 -0.4215435 -0.175781
v 0.1254615 -0.4226265 -0.1793145
v 0.122208 -0.42177 -0.185686
v 0.1158485 -0.420687 -0.1821525
v 0.147542 -0.425332 -0.168108
v 0.1529961875 -0.427648625 -0.17119325
v 0.1489355 -0.4307025 -0.1761055
v 0.14348 -0.428133 -0.1730415
v 0.1625415625 -0.425729125 -0.169473375
v 0.1583515 -0.427548 -0.174778
v 0.1571505 -0.4260005 -0.1658665
v 0.172300375 -0.424114625 -0.1677444375
v 0.168058 -0.4237515 -0.1733865
v 0.1667545 -0.425945 -0.163866
v 0.191613 -0.422983 -0.163465375
v 0.1878355 -0.4215775625 -0.16954075
v 0.18202875 -0.42310425 -0.1657605625
v 0.185867 -0.424616 -0.159815
v 0.178025 -0.422240875 -0.1716534375
v 0.176347 -0.425069 -0.16197
v 0.20111525 -0.423362625 -0.1609694375
v 0.19757575 -0.421637625 -0.167151375
v 0.195271 -0.424847 -0.157383
v 0.204011 -0.42132875 -0.170811625
v 0.20041 -0.420385 -0.177201
v 0.19390175 -0.4206971875 -0.17339225
v 0.190002 -0.4201835 -0.179664
v 0.18391325 -0.4210164375 -0.175648875
v 0.214093 -0.4234435 -0.1677775
v 0.211069 -0.422374 -0.174079
v 0.2072365 -0.42263825 -0.1645306875
v 0.204562 -0.425727 -0.1546835
v 0.21044025 -0.4248061875 -0.1582243125
v 0.2195865 -0.4271425 -0.1552155
v 0.2164505 -0.4244265 -0.161672
v 0.213602 -0.4273985 -0.1518065
v 0.173869 -0.422202 -0.1774775
v 0.179784 -0.421137 -0.1815795
v 0.144518 -0.4417105 -0.1865685
v 0.139538 -0.4453725 -0.18753
v 0.1352485 -0.439749 -0.188531
v 0.1402285 -0.436087 -0.1875695
v 0.07027175 -0.437444 -0.19384975
v 0.060636975 -0.43627825 -0.19364375
v 0.051069675 -0.434897 -0.19313525
v 0.060072025 -0.44584525 -0.1921175
v 0.069380125 -0.44715525 -0.19281125
v 0.041184275 -0.43384125 -0.1938435
v 0.03110505 -0.4329915 -0.19453575
v 0.02097035 -0.4322395 -0.1950595
v 0.0108428275 -0.43163825 -0.19539125
v -0.019484675 -0.430845 -0.19608425
v -0.029611075 -0.4308495 -0.19636625
v -0.0093828925 -0.43098925 -0.19587675
v 0.00072016 -0.43124625 -0.19564875
v 0.040489275 -0.44349475 -0.19382525
v 0.080580025 -0.428663 -0.19114425
v 0.120655 -0.42165675 -0.1807335
v 0.14823875 -0.42801725 -0.17210675
v 0.157751 -0.42677425 -0.17032225
v 0.16740625 -0.42484825 -0.16862625
v 0.18683475 -0.42295975 -0.16464475
v 0.17717925 -0.42351125 -0.1667915
v 0.19637925 -0.42307925 -0.16224375
v 0.19894875 -0.42084825 -0.17215275
v 0.18890225 -0.4207435 -0.17456925
v 0.20905625 -0.42227075 -0.16932975
v 0.20580275 -0.42394725 -0.159632
v 0.21502625 -0.4259125 -0.15673925
v 0.17889775 -0.42154525 -0.17659625
v 0.13988325 -0.44072975 -0.18754975
v 0.31416975 -0.484412875 0.040404375
v 0.3199625 -0.476508375 0.0398839875
v 0.324707875 -0.462302125 0.0350024125
v 0.30463075 -0.474894 0.08922285
v 0.311643046875 -0.473342609375 0.07626450625
v 0.315704625 -0.46133 0.0780986
v 0.30933875 -0.4615595 0.0903869375
v 0.302366875 -0.463506125 0.1000950375
v 0.323288 -0.453026 0.0341703625
v 0.323855625 -0.466651125 0.025085325
v 0.298137625 -0.470760875 -0.0489297
v 0.317932875 -0.466724125 -0.004356925
v 0.300097625 -0.472522125 0.0981334125
v 0.30119425 -0.482559875 0.0837959125
v 0.3047985 -0.484068875 0.073397925
v 0.308921875 -0.484383 0.06217135
v 0.311779625 -0.48497825 0.0508356
v 0.317592875 -0.472403125 0.0629027
v 0.31986175 -0.47444425 0.051614175
v 0.31960725 -0.463034625 0.0666659375
v 0.314772125 -0.480434375 -0.00011095225
v 0.32105525 -0.4667533125 0.0102605771406
v 0.303524625 -0.471545375 -0.0387754
v 0.308971125 -0.47047775 -0.02692405
v 0.31421725 -0.469379125 -0.014991665
v 0.294419625 -0.484913625 -0.047596525
v 0.289541609375 -0.4731026875 -0.060746534375
v 0.3069405 -0.456258 -0.028814325
v 0.320487625 -0.47596275 0.0232266625
v 0.297264375 -0.461033625 -0.049040425
v 0.30260425 -0.45863475 -0.039131925
v 0.28920884375 -0.46038034375 -0.0612780109375
v 0.28138953125 -0.461037671875 -0.0717185828125
v 0.27294725 -0.461455609375 -0.0816019546875
v 0.273233125 -0.474263734375 -0.0811599203125
v 0.271573625 -0.48680925 -0.0789200625
v 0.242074125 -0.48824 -0.1036784875
v 0.23288575 -0.487088875 -0.11028825
v 0.253895421875 -0.475199234375 -0.098658275
v 0.264051796875 -0.474747 -0.090441284375
v 0.263764734375 -0.46185578125 -0.0908513515625
v 0.24337096875 -0.462807421875 -0.107167
v 0.252396 -0.449478125 -0.0983386
v 0.2708985 -0.448769875 -0.080300775
v 0.279012375 -0.448565 -0.0705542625
v 0.286274375 -0.447975375 -0.0599906625
v 0.292317 -0.44731575 -0.0488503375
v 0.29807025 -0.446660375 -0.03761185
v 0.242275125 -0.449976875 -0.1064381125
v 0.209657125 -0.46413425 -0.12671575
v 0.199140125 -0.462862875 -0.13117225
v 0.198582 -0.453173625 -0.130658125
v 0.20884875 -0.4512225 -0.125988625
v 0.317865 -0.478936 0.012338612125
v 0.22038625 -0.450817375 -0.120147625
v 0.231404625 -0.4504295 -0.11344825
v 0.262000375 -0.449039125 -0.089613425
v 0.253825609375 -0.462308953125 -0.0993456875
v 0.23127325 -0.4649185 -0.115311875
v 0.221247875 -0.463701375 -0.120824125
v 0.232428 -0.476072 -0.113344125
v 0.24332459375 -0.475648984375 -0.106273484375
v 0.25239575 -0.487791625 -0.09603805
v 0.262606875 -0.487336375 -0.088211575
v 0.303622625 -0.447534125 -0.027897925
v 0.32034325 -0.454091 0.00937327
v 0.32255875 -0.452927125 0.02238664875
v 0.3178525 -0.45662425 -0.00167252625
v 0.281763140625 -0.473730859375 -0.0712567375
v 0.27972625 -0.486253625 -0.068867125
v 0.2873465 -0.4856435 -0.0584301625
v 0.30056 -0.483992125 -0.03616935
v 0.3061545 -0.482907875 -0.024457225
v 0.310807 -0.481675125 -0.012389000375
v 0.3056415 -0.4617975 0.0961794
v 0.30777225 -0.4675825625 0.0892851375
v 0.3025965 -0.4738175 0.0937299
v 0.30027 -0.468083 0.10050075
v 0.308900875 -0.4733089375 0.08221845
v 0.3084526875 -0.4788129375 0.07491725625
v 0.3023165 -0.483939 0.07907575
v 0.3030645 -0.4786765 0.0865449
v 0.3140150625 -0.473471 0.0702508
v 0.312731 -0.4791420625 0.063245875
v 0.3070075 -0.4842045 0.06777595
v 0.3184215 -0.4741395 0.0580689
v 0.3158206875 -0.47971125 0.0512248875
v 0.31052 -0.4846415 0.05654565
v 0.3206115 -0.4748495 0.0448962
v 0.3172065 -0.480574 0.03854655
v 0.3126785 -0.4853915 0.04497795
v 0.31390575 -0.4674435 0.07726759375
v 0.318311 -0.4613935 0.07165825
v 0.318678 -0.467703 0.0647579
v 0.323301625 -0.4591403125 0.022795636875
v 0.3216325 -0.453555 0.015836745
v 0.3210244375 -0.460462125 0.00971769625
v 0.3223605625 -0.4660446875 0.016743980625
v 0.3188645 -0.454607 0.003000555
v 0.3179635 -0.461664 -0.0030371
v 0.3195719375 -0.4674375625 0.0038626804375
v 0.316633875 -0.474312375 -0.001399771125
v 0.316424 -0.4797195 0.0060834485
v 0.3197853125 -0.472884625 0.0112003673125
v 0.31912 -0.4780945 0.0186804
v 0.3222665 -0.4713085 0.02409525
v 0.2958783125 -0.4786889375 -0.04892166875
v 0.2975815 -0.4844755 -0.04193885
v 0.3020423125 -0.47776875 -0.037472375
v 0.300573 -0.4720325 -0.0445897
v 0.3034485 -0.483471 -0.03035115
v 0.3075628125 -0.4766928125 -0.0256906375
v 0.3062915 -0.471021 -0.0328709
v 0.3085855 -0.4822985 -0.01846055
v 0.312512125 -0.475527125 -0.0136903326875
v 0.311661 -0.469934 -0.0209827
v 0.3128845 -0.48107 -0.0062704515
v 0.316496 -0.4688025 -0.00889576
v 0.293290625 -0.4727700625 -0.05540134375
v 0.2886235625 -0.4793931875 -0.05971535625
v 0.290981 -0.485299 -0.05307925
v 0.2969195 -0.466009 -0.0504113
v 0.2926706875 -0.460003375 -0.055807225
v 0.289741625 -0.4667318125 -0.06126968125
v 0.2854126875 -0.460734 -0.06657451875
v 0.281891625 -0.4673806875 -0.0717415125
v 0.2857238125 -0.4734261875 -0.06605469375
v 0.2809226875 -0.48001 -0.0702039375
v 0.283597 -0.485959 -0.0636924
v 0.3009315 -0.446334 -0.0319805
v 0.30033725 -0.4526475625 -0.0383718875
v 0.305447 -0.4581155 -0.0333401
v 0.305979 -0.4517865 -0.0269214
v 0.2952035 -0.4469875 -0.0432347
v 0.294306 -0.453414375 -0.04965059375
v 0.299518 -0.4590915 -0.044823
v 0.2893965 -0.4476455 -0.05446005
v 0.2879285 -0.4541480625 -0.0607647375
v 0.282783 -0.448304 -0.065369
v 0.28033825 -0.45478 -0.07124826875
v 0.2750525 -0.448692 -0.07550565
v 0.2720461875 -0.4550985 -0.0810751
v 0.2772466875 -0.4612646875 -0.0767320375
v 0.2733550625 -0.4678696875 -0.08163386875
v 0.2775855 -0.474007 -0.07628358125
v 0.2665455 -0.4488835 -0.08501725
v 0.2629844375 -0.45543675 -0.09034765
v 0.2684543125 -0.461651 -0.08631540625
v 0.2641375 -0.468317625 -0.09089400625
v 0.26874825 -0.4745101875 -0.08591045
v 0.2634566875 -0.481068625 -0.08945885625
v 0.2672345 -0.4870795 -0.08372335
v 0.2725449375 -0.48056075 -0.0801691875
v 0.275728 -0.4865355 -0.0739555
v 0.2532606875 -0.4815218125 -0.097489625
v 0.2486525 -0.475425875 -0.1025365625
v 0.24278625 -0.481966125 -0.10509865
v 0.247254 -0.4880125 -0.09988945
v 0.237900375 -0.4758628125 -0.109849125
v 0.2319745 -0.482414 -0.1121865
v 0.2367685 -0.4884815 -0.1072985
v 0.258875375 -0.462074875 -0.09518875
v 0.25406975 -0.468771125 -0.099261075
v 0.2590646875 -0.4749748125 -0.0946585375
v 0.2486548125 -0.4625586875 -0.10334025
v 0.243515375 -0.4692453125 -0.1069576625
v 0.257587 -0.48757 -0.09223095
v 0.25727 -0.449243 -0.09404765
v 0.2532049375 -0.4558841875 -0.098959775
v 0.24742 -0.4497275 -0.10250495
v 0.24290375 -0.456387625 -0.1069173125
v 0.2368945 -0.450212 -0.1100295
v 0.2320280625 -0.456843375 -0.11400075
v 0.2379820625 -0.4630385 -0.1108205
v 0.2326395 -0.469678 -0.114112
v 0.2208170625 -0.457259375 -0.120485875
v 0.214677 -0.4510195 -0.123173
v 0.2092529375 -0.457678375 -0.1263521875
v 0.215484 -0.4639215 -0.123839
v 0.202946 -0.4514165 -0.1286435
v 0.19737 -0.458066 -0.131553
v 0.2037225 -0.4643335 -0.12936
v 0.2269935 -0.46348 -0.1177655
v 0.225932 -0.450626 -0.1168635
v 0.324654 -0.46451 0.02999605
v 0.3240635 -0.4574445 0.0362794
v 0.3229485 -0.4521355 0.02901865
v 0.3127035 -0.4613945 0.08435075
v 0.304119 -0.4678075 0.09495465
v 0.3058405 -0.478731 0.0807313
v 0.31073725 -0.47894975 0.069102325
v 0.31447075 -0.4793905 0.057307275
v 0.316645 -0.4801205 0.044937075
v 0.316389 -0.46754425 0.071043475
v 0.32232725 -0.4598365 0.0162045975
v 0.3195395 -0.461068 0.0033183975
v 0.31831925 -0.47362425 0.00485984425
v 0.321071 -0.47210625 0.017626425
v 0.29907725 -0.478254 -0.043264275
v 0.30487 -0.477246 -0.031611025
v 0.31012325 -0.47611625 -0.019721625
v 0.31469025 -0.47493625 -0.00758310575
v 0.292349 -0.47906075 -0.0543795
v 0.2933795 -0.4663745 -0.055866375
v 0.285908 -0.46707275 -0.06656945
v 0.28483625 -0.47971 -0.065006825
v 0.30318925 -0.45222475 -0.0326603
v 0.29736075 -0.4530395 -0.04402885
v 0.29121925 -0.453786 -0.055256525
v 0.28426175 -0.45449425 -0.066093325
v 0.27627725 -0.45496075 -0.07623555
v 0.2777055 -0.467639 -0.0767617
v 0.2676125 -0.45525525 -0.08578685
v 0.26884575 -0.46809475 -0.086361875
v 0.26812325 -0.480821 -0.084945325
v 0.2768185 -0.480292 -0.075256725
v 0.24805525 -0.48174375 -0.1013476
v 0.23740775 -0.48218975 -0.108684
v 0.25919025 -0.46854175 -0.09517855
v 0.24884175 -0.46900975 -0.10318715
v 0.2584485 -0.4812995 -0.0935835
v 0.25817025 -0.45564875 -0.09473435
v 0.2481235 -0.456136 -0.10303675
v 0.2375235 -0.4566225 -0.1105535
v 0.23809975 -0.4694655 -0.1105735
v 0.2150805 -0.4574705 -0.123506
v 0.20333425 -0.457875 -0.12900175
v 0.22646275 -0.457053 -0.1173145
v 0.32380125 -0.45832275 0.02950735
v 0.311034 -0.46745875 0.0833688
v -0.28146 -0.104252 -0.0474701
v -0.243175 -0.116894 -0.0857301
v -0.259356 -0.100776 -0.073265
v -0.271774 -0.102752 -0.0611125
v -0.273938 -0.0880524 -0.0393613
v -0.249316 -0.0492332 -0.0687431
v -0.23836 -0.0496205 -0.0816106
v -0.240949 -0.0672065 -0.0819404
v -0.243011 -0.0841809 -0.0827907
v -0.255271 -0.0847346 -0.0697293
v -0.228026 -0.0674625 -0.0933888
v -0.229543 -0.0840996 -0.0943589
v -0.212168 -0.0510137 -0.102454
v -0.208086 -0.0170438 -0.100933
v -0.223645 -0.0328008 -0.0919873
v -0.264093 -0.121084 -0.0627437
v -0.193885 -0.0183828 -0.109421
v -0.181772 -0.0515775 -0.118467
v -0.183086 -0.0678623 -0.119349
v -0.180447 -0.0352894 -0.117537
v -0.168857 -0.101023 -0.128032
v -0.169639 -0.11754 -0.129671
v -0.170423 -0.134057 -0.131316
v -0.155022 -0.151094 -0.138559
v -0.139738 -0.168613 -0.145447
v -0.141084 -0.185431 -0.148067
v -0.124528 -0.186237 -0.151747
v -0.109486 -0.203976 -0.158097
v -0.0965922 -0.237508 -0.170624
v -0.115351 -0.252572 -0.173325
v -0.117246 -0.268835 -0.178167
v -0.100335 -0.270006 -0.18068
v -0.102081 -0.286515 -0.184752
v -0.118976 -0.285364 -0.182087
v -0.135825 -0.284312 -0.178958
v -0.15433 -0.299922 -0.178574
v -0.13744 -0.300946 -0.182201
v -0.120561 -0.30213 -0.185207
v -0.103632 -0.303353 -0.187555
v -0.254761 -0.117625 -0.0750569
v -0.123215 -0.336153 -0.187297
v -0.124224 -0.353215 -0.186403
v -0.141575 -0.368823 -0.182181
v -0.158492 -0.384594 -0.176952
v -0.230714 -0.100561 -0.0954678
v -0.174455 -0.366734 -0.175307
v -0.174746 -0.383593 -0.17321
v -0.140839 -0.351894 -0.183784
v -0.139955 -0.334857 -0.184449
v -0.174039 -0.349694 -0.176711
v -0.156685 -0.33371 -0.181042
v -0.190369 -0.349274 -0.171873
v -0.190721 -0.366261 -0.170942
v -0.206233 -0.349139 -0.166054
v -0.189766 -0.332298 -0.171955
v -0.204847 -0.31506 -0.164688
v -0.188831 -0.315336 -0.170926
v -0.187479 -0.298517 -0.168697
v -0.201832 -0.281529 -0.159066
v -0.199728 -0.265167 -0.154754
v -0.192447 -0.216863 -0.139707
v -0.194928 -0.232926 -0.144825
v -0.197409 -0.248989 -0.149943
v -0.183743 -0.265542 -0.1612
v -0.181477 -0.249387 -0.156347
v -0.165308 -0.249875 -0.161892
v -0.167429 -0.266104 -0.166777
v -0.150843 -0.266875 -0.171279
v -0.152655 -0.283334 -0.175164
v -0.169364 -0.282512 -0.170783
v -0.171064 -0.299074 -0.174166
v -0.172367 -0.315896 -0.176119
v -0.148785 -0.250682 -0.166317
v -0.13215 -0.251551 -0.17022
v -0.130133 -0.235408 -0.165031
v -0.128056 -0.219297 -0.159666
v -0.144563 -0.218414 -0.155937
v -0.146714 -0.234523 -0.161214
v -0.142652 -0.202047 -0.151472
v -0.160953 -0.217647 -0.151525
v -0.163141 -0.23375 -0.156705
v -0.177081 -0.21702 -0.146444
v -0.179269 -0.233246 -0.15127
v -0.159036 -0.201269 -0.147244
v -0.174955 -0.200755 -0.141738
v -0.172483 -0.167296 -0.135993
v -0.173712 -0.184022 -0.138875
v -0.171223 -0.150595 -0.133029
v -0.186399 -0.133773 -0.125019
v -0.199631 -0.084235 -0.113084
v -0.200427 -0.100635 -0.114409
v -0.20125 -0.117039 -0.115653
v -0.216641 -0.133578 -0.108366
v -0.217166 -0.150624 -0.110662
v -0.201907 -0.133619 -0.117383
v -0.202539 -0.150367 -0.119486
v -0.203194 -0.167218 -0.121752
v -0.204237 -0.183982 -0.124546
v -0.205434 -0.200693 -0.127583
v -0.218316 -0.184861 -0.115412
v -0.2296 -0.265671 -0.13786
v -0.231795 -0.281996 -0.142226
v -0.233789 -0.298449 -0.146301
v -0.235679 -0.332276 -0.150192
v -0.220345 -0.315021 -0.157404
v -0.221206 -0.33201 -0.158911
v -0.235222 -0.315276 -0.149057
v -0.207293 -0.217147 -0.131646
v -0.20995 -0.233144 -0.136838
v -0.212595 -0.249149 -0.14201
v -0.190588 -0.200473 -0.135464
v -0.189143 -0.183879 -0.132048
v -0.188168 -0.167108 -0.129516
v -0.187185 -0.15034 -0.126968
v -0.217481 -0.167923 -0.112877
v -0.230399 -0.134001 -0.0983301
v -0.230553 -0.151375 -0.100474
v -0.23029 -0.116917 -0.0964999
v -0.216188 -0.117053 -0.106694
v -0.215666 -0.100657 -0.105354
v -0.213729 -0.0677343 -0.103359
v -0.21476 -0.0842173 -0.104308
v -0.197208 -0.0514043 -0.1111
v -0.19857 -0.0678252 -0.111971
v -0.184183 -0.0842753 -0.120477
v -0.214979 -0.265305 -0.146847
v -0.217208 -0.281583 -0.151289
v -0.218975 -0.298176 -0.154808
v -0.185809 -0.281885 -0.165477
v -0.203522 -0.298193 -0.162357
v -0.205827 -0.332038 -0.166035
v -0.173356 -0.332799 -0.176951
v -0.157469 -0.350733 -0.180555
v -0.15813 -0.36763 -0.179325
v -0.121977 -0.319062 -0.186971
v -0.138836 -0.317848 -0.183996
v -0.155605 -0.316763 -0.180257
v -0.0816632 -0.254815 -0.178028
v -0.0834237 -0.271146 -0.182897
v -0.134109 -0.267774 -0.175088
v -0.113394 -0.236454 -0.168093
v -0.0985017 -0.253673 -0.175977
v -0.111384 -0.220313 -0.162865
v -0.126166 -0.202922 -0.155298
v -0.157465 -0.184663 -0.143806
v -0.156168 -0.167924 -0.140904
v -0.184907 -0.100746 -0.121831
v -0.185612 -0.117245 -0.123156
v -0.195851 -0.0349854 -0.11021
v -0.210239 -0.0340594 -0.101728
v -0.226102 -0.0503585 -0.0926975
v -0.252151 -0.0670392 -0.0691231
v -0.265415 -0.0857866 -0.0554512
v -0.245462 -0.100335 -0.0848698
v -0.353599 -0.382529 0.0142261
v -0.356334 -0.370477 0.0185251
v -0.354238 -0.387168 0.0260487
v -0.357306 -0.375332 0.030261
v -0.35835 -0.34709 0.0556789
v -0.357178 -0.336167 0.0613755
v -0.355204 -0.325579 0.0673371
v -0.354758 -0.318465 0.0560366
v -0.357454 -0.329407 0.0502278
v -0.359402 -0.340534 0.044675
v -0.357461 -0.334796 0.0331576
v -0.357943 -0.34659 0.0279462
v -0.357718 -0.358591 0.0230219
v -0.354862 -0.353597 0.0117834
v -0.351151 -0.348845 0.000849324
v -0.351918 -0.336404 0.00576448
v -0.35475 -0.341448 0.0167605
v -0.35312 -0.329705 0.0220977
v -0.355144 -0.323464 0.0388223
v -0.350449 -0.318373 0.0277075
v -0.351569 -0.31264 0.0447198
v -0.346833 -0.307531 0.0335226
v -0.350956 -0.311915 0.0167333
v -0.352004 -0.324105 0.0109121
v -0.344476 -0.320333 0.00139194
v -0.345279 -0.332372 -0.00409661
v -0.337968 -0.285058 0.0197746
v -0.334606 -0.273613 0.0262299
v -0.330096 -0.262736 0.0329576
v -0.320614 -0.261216 0.0229275
v -0.29967 -0.245517 0.00724933
v -0.293282 -0.241622 -0.00412281
v -0.281697 -0.233043 -0.0271168
v -0.276285 -0.228717 -0.0386744
v -0.27091 -0.224609 -0.0503265
v -0.26903 -0.232047 -0.0677047
v -0.265129 -0.220924 -0.0620982
v -0.252134 -0.202434 -0.082535
v -0.252479 -0.189566 -0.0803998
v -0.244293 -0.200466 -0.0929095
v -0.244622 -0.187615 -0.0907153
v -0.245044 -0.174734 -0.0885945
v -0.245582 -0.161816 -0.0865641
v -0.246075 -0.148905 -0.0844937
v -0.246472 -0.13601 -0.0823373
v -0.237583 -0.134178 -0.0917758
v -0.226635 -0.17117 -0.106791
v -0.237166 -0.147078 -0.0938902
v -0.226284 -0.184064 -0.109003
v -0.236825 -0.159966 -0.0961129
v -0.226378 -0.210039 -0.114412
v -0.226287 -0.197113 -0.111653
v -0.216226 -0.208911 -0.122544
v -0.217958 -0.221621 -0.12633
v -0.235362 -0.25911 -0.13071
v -0.233034 -0.246768 -0.126625
v -0.230721 -0.234534 -0.122519
v -0.228339 -0.222366 -0.118318
v -0.243196 -0.247546 -0.118371
v -0.240661 -0.235489 -0.114003
v -0.238125 -0.223431 -0.109636
v -0.260972 -0.25055 -0.0992755
v -0.246775 -0.225094 -0.0997932
v -0.263858 -0.262345 -0.104002
v -0.249653 -0.236898 -0.10451
v -0.252409 -0.248812 -0.109102
v -0.257213 -0.273097 -0.117698
v -0.254931 -0.26088 -0.113495
v -0.247732 -0.27209 -0.126549
v -0.250693 -0.297174 -0.133369
v -0.24936 -0.284593 -0.130131
v -0.261698 -0.31073 -0.128102
v -0.262273 -0.323485 -0.130416
v -0.251572 -0.309901 -0.136092
v -0.271014 -0.324958 -0.121464
v -0.310959 -0.334808 -0.075082
v -0.334319 -0.34859 -0.0344005
v -0.328587 -0.345101 -0.0446414
v -0.322854 -0.341612 -0.0548822
v -0.317121 -0.338123 -0.0651231
v -0.329008 -0.332475 -0.0408113
v -0.322905 -0.328941 -0.0510869
v -0.321664 -0.316765 -0.046163
v -0.315344 -0.313219 -0.0566352
v -0.306732 -0.298007 -0.0621254
v -0.308847 -0.30993 -0.0670986
v -0.299879 -0.295104 -0.0726037
v -0.302042 -0.30714 -0.0773953
v -0.294475 -0.304827 -0.0874443
v -0.286918 -0.302582 -0.097408
v -0.285108 -0.290256 -0.0932292
v -0.28832 -0.315055 -0.101172
v -0.278759 -0.300715 -0.107116
v -0.276999 -0.288336 -0.103
v -0.268284 -0.286763 -0.112496
v -0.269954 -0.299239 -0.116257
v -0.274949 -0.276088 -0.0987332
v -0.280387 -0.266311 -0.0837063
v -0.28296 -0.278181 -0.0885642
v -0.29047 -0.280542 -0.0781705
v -0.287447 -0.268839 -0.0730461
v -0.294348 -0.271492 -0.06228
v -0.297375 -0.263665 -0.0457525
v -0.290877 -0.260057 -0.0568977
v -0.292832 -0.253015 -0.0397786
v -0.28626 -0.249452 -0.0508878
v -0.281652 -0.238903 -0.0449178
v -0.275563 -0.235243 -0.0563782
v -0.310001 -0.27118 -0.0234698
v -0.305122 -0.260773 -0.0172458
v -0.298912 -0.256925 -0.0285228
v -0.306149 -0.254621 0.000509818
v -0.299649 -0.250816 -0.0108214
v -0.318315 -0.268136 0.00513957
v -0.311579 -0.264523 -0.00605113
v -0.31628 -0.275013 -0.0123541
v -0.333425 -0.293181 0.00332805
v -0.326763 -0.289555 -0.00763747
v -0.3201 -0.285928 -0.018603
v -0.329744 -0.300919 -0.0136409
v -0.323473 -0.29717 -0.0243716
v -0.332232 -0.312449 -0.0194703
v -0.310736 -0.289754 -0.0460958
v -0.317215 -0.293413 -0.0352147
v -0.307672 -0.278367 -0.0404911
v -0.301334 -0.274647 -0.05151
v -0.30381 -0.267334 -0.0346537
v -0.313876 -0.282152 -0.0294201
v -0.322757 -0.278734 -0.00126359
v -0.32942 -0.282335 0.00975983
v -0.325556 -0.27139 0.0161921
v -0.283941 -0.257291 -0.0677378
v -0.276881 -0.254722 -0.0785614
v -0.273045 -0.243259 -0.0732607
v -0.265921 -0.240892 -0.084136
v -0.262386 -0.22929 -0.0789106
v -0.259052 -0.217619 -0.0737442
v -0.292641 -0.292596 -0.0830532
v -0.304235 -0.286147 -0.056951
v -0.297575 -0.283171 -0.0675996
v -0.326057 -0.30866 -0.0301152
v -0.319734 -0.304966 -0.040841
v -0.31341 -0.301273 -0.0515668
v -0.327907 -0.320338 -0.0357132
v -0.335003 -0.336262 -0.0304402
v -0.316677 -0.325468 -0.0613155
v -0.310166 -0.322225 -0.0712137
v -0.303303 -0.31951 -0.081397
v -0.29582 -0.317282 -0.0912833
v -0.279833 -0.313461 -0.1104
v -0.271035 -0.312002 -0.11947
v -0.260617 -0.298056 -0.125101
v -0.259073 -0.285504 -0.121546
v -0.266285 -0.274462 -0.108337
v -0.272159 -0.264305 -0.0938787
v -0.26923 -0.252546 -0.0890999
v -0.258054 -0.238783 -0.094511
v -0.255125 -0.227024 -0.0897322
v -0.245546 -0.259698 -0.12254
v -0.23738 -0.27153 -0.134505
v -0.235747 -0.198616 -0.102719
v -0.235884 -0.211409 -0.105477
v -0.244708 -0.213087 -0.0957274
v -0.236038 -0.185755 -0.100446
v -0.236448 -0.172858 -0.0982974
v -0.254036 -0.150851 -0.074298
v -0.254513 -0.137936 -0.0722258
v -0.252962 -0.176672 -0.0783478
v -0.253526 -0.163763 -0.0763443
v -0.252155 -0.215214 -0.0849542
v -0.279999 -0.245968 -0.0622938
v -0.270324 -0.218882 -0.0322588
v -0.293574 -0.246827 -0.0221681
v -0.287684 -0.242763 -0.0335361
v -0.275823 -0.223294 -0.0206943
v -0.287101 -0.237585 -0.0155259
v -0.312969 -0.258214 0.0117916
v -0.315225 -0.251404 0.029782
v -0.359002 -0.363799 0.0346683
v -0.324432 -0.252896 0.0399413
v -0.333502 -0.268642 0.0439374
v -0.323227 -0.271175 0.0606614
v -0.337136 -0.28762 0.0464363
v -0.342744 -0.297213 0.0398832
v -0.345629 -0.288209 0.0299796
v -0.339818 -0.278141 0.0368814
v -0.330699 -0.278939 0.0532588
v -0.340824 -0.296579 0.0135953
v -0.343203 -0.308414 0.00718663
v -0.336069 -0.304671 -0.00283237
v -0.339686 -0.328263 -0.0146939
v -0.333802 -0.324301 -0.0252244
v -0.338262 -0.316325 -0.00888251
v -0.340583 -0.340346 -0.020021
v -0.348856 -0.299866 0.0231464
v -0.347149 -0.302385 0.0510734
v -0.328224 -0.276097 0.0714347
v -0.320139 -0.268928 0.0789093
v -0.332334 -0.282138 0.0825267
v -0.345372 -0.298896 0.0689697
v -0.339752 -0.289799 0.0756309
v -0.335907 -0.283616 0.0643198
v -0.350726 -0.308317 0.0623878
v -0.324165 -0.275199 0.0895464
v -0.359926 -0.352109 0.039287
v -0.342089 -0.292595 0.0576002
v -0.346131 -0.344421 -0.00957335
v -0.353543 -0.365815 0.00735145
v -0.348962 -0.361306 -0.00313716
v -0.34438 -0.356797 -0.0136258
v -0.339799 -0.352289 -0.0241144
v -0.0902429 -0.174332 0.0694191
v -0.0808645 -0.177048 0.0609144
v -0.0716898 -0.178187 0.0614067
v -0.0625151 -0.179326 0.0618989
v -0.0810261 -0.175772 0.070063
v -0.0717366 -0.176721 0.0705886
v -0.0624178 -0.177601 0.0711417
v -0.0530959 -0.178212 0.0713624
v -0.0437702 -0.178829 0.071577
v -0.0344446 -0.179447 0.0717916
v -0.0251198 -0.18006 0.0719996
v -0.0439721 -0.180949 0.0625679
v -0.0346778 -0.18137 0.0625806
v -0.0253863 -0.1818 0.0625943
v -0.0160949 -0.182229 0.0626079
v 0.00241799 -0.182626 0.0622795
v 0.0116285 -0.182395 0.061173
v 0.0208464 -0.182117 0.0600469
v 0.0300607 -0.181819 0.0589172
v 0.0392199 -0.181211 0.0577312
v 0.0483792 -0.180602 0.0565451
v 0.0575347 -0.179921 0.0553186
v 0.06657 -0.178718 0.0539061
v 0.075528 -0.17733 0.052505
v 0.0844922 -0.175884 0.0510931
v 0.0929447 -0.173043 0.0491009
v -0.0361425 -0.165347 0.117853
v 0.0954278 -0.173505 0.0582286
v 0.0970411 -0.172123 0.0673877
v 0.0863825 -0.175916 0.0601613
v 0.0770629 -0.177236 0.0616255
v 0.0878678 -0.17435 0.0692633
v 0.0678297 -0.178335 0.0630459
v 0.0493288 -0.179509 0.0656767
v 0.0308235 -0.180316 0.0682614
v 0.0400868 -0.179925 0.0669379
v 0.0226509 -0.177768 0.0786624
v 0.0318802 -0.177457 0.077372
v 0.0411389 -0.177156 0.0760339
v 0.0504156 -0.176861 0.0746666
v 0.0596923 -0.176566 0.0732994
v 0.0689731 -0.176223 0.0719268
v 0.0783516 -0.175212 0.0705066
v 0.079551 -0.173029 0.0790743
v 0.0889912 -0.171717 0.077669
v 0.0901087 -0.169836 0.086012
v 0.0716964 -0.170126 0.0893121
v 0.0808702 -0.170132 0.0876392
v 0.0730961 -0.167062 0.0979649
v 0.0822952 -0.16706 0.0963242
v 0.074673 -0.163941 0.106844
v 0.0914501 -0.167206 0.0945838
v 0.0838088 -0.164151 0.105061
v 0.0670576 -0.162088 0.117477
v 0.0765135 -0.162065 0.11611
v 0.0394343 -0.164393 0.122811
v 0.0377054 -0.166402 0.113642
v 0.0453885 -0.168172 0.102787
v 0.0347045 -0.171974 0.0954556
v 0.0361473 -0.168786 0.104399
v 0.0332512 -0.174763 0.086363
v 0.0439562 -0.171383 0.0938963
v 0.053198 -0.170869 0.0923031
v 0.05463 -0.167655 0.101192
v 0.0638757 -0.167148 0.099595
v 0.0561213 -0.164598 0.110051
v 0.0653946 -0.164082 0.108409
v 0.051798 -0.174215 0.0835997
v 0.0610679 -0.173816 0.082169
v 0.0624653 -0.17046 0.0908573
v 0.0468633 -0.165177 0.111729
v 0.0485558 -0.163298 0.120912
v 0.0577828 -0.162632 0.119137
v 0.0856419 -0.162369 0.114092
v 0.0882577 -0.162974 0.123147
v 0.0792181 -0.162313 0.125758
v 0.0988099 -0.166183 0.126205
v -0.0902579 -0.172162 0.0782448
v -0.0532817 -0.180393 0.062408
v 0.0701771 -0.162398 0.128088
v 0.0611307 -0.162858 0.130349
v 0.0520572 -0.163495 0.132378
v 0.0429962 -0.164369 0.134259
v 0.0339755 -0.16577 0.135865
v 0.0816714 -0.166169 0.134069
v 0.0906834 -0.166617 0.131449
v -0.0624975 -0.171369 0.0888959
v -0.0717475 -0.170651 0.0882768
v 0.0541877 -0.167672 0.140357
v 0.0633603 -0.167087 0.138311
v 0.072533 -0.166501 0.136266
v 0.0450677 -0.168602 0.142212
v -0.0809975 -0.169933 0.0876576
v 0.0195204 -0.179181 0.151901
v 0.0302617 -0.186317 0.155002
v 0.020812 -0.187647 0.154949
v -0.0624519 -0.174561 0.0800891
v 0.0505178 -0.192751 0.153591
v 0.0667512 -0.220477 0.153793
v 0.0757824 -0.218332 0.152013
v 0.0860275 -0.225099 0.146434
v 0.0947983 -0.222802 0.143712
v 0.103518 -0.22048 0.140896
v 0.102028 -0.211845 0.143207
v 0.0827533 -0.206814 0.150716
v 0.0933619 -0.213914 0.146428
v 0.0739822 -0.209001 0.153628
v 0.0914355 -0.20477 0.147478
v 0.100133 -0.202728 0.144217
v 0.108639 -0.200839 0.140604
v 0.131212 -0.186669 0.12804
v 0.133867 -0.195335 0.129258
v 0.122806 -0.188503 0.131844
v 0.11707 -0.199003 0.136838
v 0.125483 -0.197169 0.133021
v 0.106246 -0.192021 0.13985
v 0.114493 -0.19028 0.135802
v 0.0976894 -0.193882 0.143473
v 0.0891353 -0.195751 0.147006
v 0.0803713 -0.197493 0.150256
v 0.0715228 -0.199295 0.153303
v 0.0952363 -0.185071 0.141515
v 0.103756 -0.183266 0.138104
v 0.0841626 -0.178237 0.141969
v 0.0867006 -0.186885 0.144881
v 0.0645161 -0.173033 0.143209
v 0.0557947 -0.174501 0.145741
v 0.039543 -0.185188 0.153972
v 0.0487412 -0.183994 0.152076
v 0.0579224 -0.182783 0.150162
v 0.0731919 -0.17177 0.140594
v 0.0818136 -0.170471 0.137353
v 0.109607 -0.17331 0.131672
v 0.0666498 -0.181235 0.147693
v 0.0753764 -0.179805 0.144994
v 0.0690663 -0.190014 0.151218
v 0.0779026 -0.188503 0.148012
v 0.0926695 -0.176528 0.138557
v 0.100984 -0.17486 0.13502
v 0.112042 -0.181626 0.134296
v 0.1203 -0.179874 0.13029
v 0.110595 -0.209663 0.139865
v 0.119016 -0.207874 0.136062
v 0.111924 -0.217773 0.137631
v 0.121255 -0.223071 0.130414
v 0.129772 -0.220405 0.127589
v 0.138097 -0.21732 0.12442
v 0.137883 -0.223124 0.117249
v 0.087866 -0.240627 0.135613
v 0.061484 -0.247707 0.142105
v 0.0703736 -0.245429 0.140184
v 0.0792424 -0.243118 0.138218
v 0.0871507 -0.233423 0.14188
v 0.0958563 -0.231149 0.139461
v 0.0783659 -0.235732 0.144065
v 0.0772084 -0.22733 0.148848
v 0.0695537 -0.237967 0.146078
v 0.0515004 -0.241956 0.148865
v 0.0501974 -0.233476 0.152987
v 0.0330537 -0.245407 0.150454
v 0.0422932 -0.243701 0.149718
v 0.0157506 -0.257074 0.147642
v 0.0249639 -0.255339 0.146784
v 0.0341614 -0.253492 0.145887
v 0.0433587 -0.251644 0.144989
v -0.0717019 -0.173843 0.0794699
v -0.0809518 -0.173125 0.0788508
v 0.0238407 -0.247124 0.151076
v 0.0146852 -0.248216 0.150823
v 0.0318673 -0.237037 0.154033
v -0.0634535 -0.165144 0.106596
v 0.0485294 -0.224609 0.153359
v -0.0547936 -0.163483 0.116398
v 0.0411041 -0.235405 0.15383
v 0.0524956 -0.249786 0.143784
v 0.096424 -0.238047 0.132902
v 0.104944 -0.235397 0.13018
v 0.113367 -0.23259 0.12723
v 0.121592 -0.229528 0.123981
v 0.129794 -0.226438 0.120703
v 0.12889 -0.213163 0.131037
v 0.137423 -0.210752 0.128086
v -0.0628735 -0.168222 0.0977201
v 0.120334 -0.2151 0.134371
v 0.104394 -0.228607 0.136627
v 0.11281 -0.225846 0.133556
v 0.0846715 -0.21613 0.149562
v 0.0592334 -0.231437 0.151798
v 0.0682449 -0.229365 0.150382
v 0.0605781 -0.240027 0.147642
v 0.0576088 -0.222401 0.154441
v 0.0599399 -0.191462 0.153274
v 0.0286571 -0.178036 0.150756
v 0.0377663 -0.177005 0.149291
v 0.0468756 -0.175974 0.147825
v 0.0359572 -0.169687 0.143937
v 0.0266422 -0.170931 0.145515
v -0.0722037 -0.167515 0.0971052
v 0.0249159 -0.167275 0.137353
v 0.097325 -0.163862 0.120443
v 0.105955 -0.165344 0.116324
v 0.107265 -0.167293 0.121656
v 0.0948901 -0.163446 0.111768
v 0.0930144 -0.164702 0.103315
v 0.0703309 -0.17328 0.0806928
v 0.0425249 -0.174541 0.0849962
v 0.0216068 -0.180401 0.0694507
v 0.012406 -0.180311 0.0705055
v 0.00305008 -0.180457 0.0712523
v -0.00645506 -0.180251 0.0715769
v 0.0130987 -0.177631 0.0794877
v -0.0158318 -0.180062 0.0717906
v 0.0585669 -0.179017 0.0644238
v -0.00681652 -0.182571 0.0625662
v -0.0530598 -0.175379 0.0804015
v -0.0436751 -0.175879 0.0805727
v -0.0342905 -0.176379 0.0807439
v -0.0249059 -0.17688 0.0809151
v -0.0531651 -0.172169 0.0893496
v -0.0437945 -0.172584 0.0894986
v -0.0344839 -0.173299 0.0898334
v -0.0441095 -0.169834 0.0988278
v -0.0535187 -0.169041 0.098401
v -0.0541045 -0.165946 0.107306
v -0.0447041 -0.166953 0.108011
v -0.0454356 -0.164493 0.117127
v -0.0462295 -0.163879 0.12643
v -0.0368147 -0.16486 0.127189
v -0.0641984 -0.162693 0.115671
v -0.0823016 -0.164217 0.105218
v -0.0736813 -0.162322 0.114948
v -0.083184 -0.1623 0.114236
v -0.0917646 -0.164529 0.104511
v -0.0909768 -0.166494 0.0957731
v -0.0728109 -0.164454 0.105927
v -0.0902764 -0.169219 0.08704
v -0.0815339 -0.166808 0.0964902
v 0.116721 0.164572 -0.0684152
v 0.138611 0.144334 -0.0829494
v 0.134978 0.151587 -0.0760897
v 0.145323 0.151625 -0.0698454
v 0.158862 0.143687 -0.0706917
v 0.181376 0.133005 -0.0646189
v 0.198774 0.126432 -0.0493029
v 0.205754 0.121257 -0.0410937
v 0.192929 0.130068 -0.0225034
v 0.200427 0.126618 -0.0317949
v 0.131275 0.158705 -0.0691413
v 0.183645 0.132251 -0.0139994
v 0.173494 0.134009 -0.00596995
v 0.162312 0.135397 0.000587984
v 0.150904 0.13666 0.00673862
v 0.140004 0.156694 -0.0171295
v 0.134732 0.160889 -0.0255214
v 0.144622 0.157857 -0.0304354
v 0.149926 0.153588 -0.0229143
v 0.154627 0.148482 -0.0149523
v 0.158781 0.142498 -0.00702682
v 0.165047 0.146449 -0.0218957
v 0.179477 0.138915 -0.0219524
v 0.186632 0.136886 -0.0485451
v 0.177725 0.139903 -0.0562596
v 0.172877 0.145218 -0.0474727
v 0.173844 0.144543 -0.0303752
v 0.159415 0.151414 -0.0299875
v 0.144305 0.159238 -0.0462252
v 0.120739 0.167689 -0.0534283
v 0.12963 0.165275 -0.0456587
v 0.113945 0.171016 -0.0460422
v 0.104937 0.172214 -0.0529453
v 0.171879 0.135024 -0.0715844
v 0.0958083 0.17354 -0.0598018
v 0.111462 0.169283 -0.0607119
v 0.102026 0.170153 -0.0677025
v 0.148946 0.144385 -0.0769304
v 0.168486 0.142296 -0.0637277
v 0.161841 0.135566 -0.0776337
v 0.19056 0.130321 -0.0572496
v 0.121037 0.167999 -0.0378705
v 0.137829 0.161817 -0.038125
v 0.1264 0.163803 -0.061419
v 0.140855 0.157348 -0.0619131
v 0.150132 0.155405 -0.0543846
v 0.154914 0.150211 -0.062818
v 0.135607 0.161959 -0.0539374
v 0.15226 0.155581 -0.0381837
v 0.166757 0.149089 -0.0385806
v 0.158732 0.152615 -0.0465918
v 0.164231 0.148212 -0.055375
v 0.180719 0.141278 -0.0393448
v 0.144095 0.150694 -0.00864719
v 0.194238 0.132464 -0.0402026
v 0.152753 0.12872 0.0142645
v 0.162304 0.127899 0.00890877
v 0.171855 0.127061 0.00351682
v 0.164992 0.119251 0.0159137
v 0.157462 0.110124 0.0269721
v 0.159793 0.100243 0.0326126
v 0.161934 0.0897415 0.0370746
v 0.163943 0.0791042 0.041121
v 0.176428 0.068351 0.0399019
v 0.165764 0.0680156 0.0441468
v 0.167084 0.0568303 0.0461869
v 0.177685 0.0572107 0.0419198
v 0.174439 0.0789232 0.0363639
v 0.172562 0.089488 0.0324755
v 0.182704 0.0890572 0.026643
v 0.18568 0.0785697 0.0306275
v 0.192325 0.0884689 0.0197428
v 0.189503 0.0983374 0.0152693
v 0.177244 0.108753 0.0161349
v 0.179924 0.0989177 0.0217954
v 0.167624 0.109585 0.021871
v 0.186618 0.107941 0.0102999
v 0.183768 0.117284 0.00424472
v 0.192433 0.11629 -0.00222024
v 0.200318 0.115097 -0.0097061
v 0.203565 0.106275 -0.00441057
v 0.206815 0.0965806 6.17624e-05
v 0.19844 0.0973853 0.0080105
v 0.201236 0.0876328 0.0122057
v 0.209586 0.0867542 0.00416135
v 0.204007 0.0775272 0.0161624
v 0.212369 0.0768121 0.00822847
v 0.214746 0.0661843 0.0115842
v 0.216947 0.0555624 0.0147716
v 0.224612 0.0547128 0.0062348
v 0.222418 0.0653422 0.00305717
v 0.219953 0.0761235 -0.000285657
v 0.235244 0.0320055 0.00282835
v 0.236747 0.020883 0.00523238
v 0.238158 0.00975163 0.00757968
v 0.239567 -0.00137977 0.00992517
v 0.245178 -0.0458498 0.019886
v 0.239254 -0.0556378 0.0313231
v 0.230969 -0.0546753 0.0391337
v 0.233908 -0.0646974 0.0437442
v 0.187771 0.136639 -0.030838
v 0.214048 -0.052911 0.0543467
v 0.222611 -0.0537163 0.0468461
v 0.225692 -0.0635853 0.0515753
v 0.211571 -0.0426674 0.0503544
v 0.220445 -0.0432513 0.0432236
v 0.229282 -0.0438346 0.0360407
v 0.227783 -0.0329272 0.0332869
v 0.234809 -0.0226324 0.0231379
v 0.235953 -0.0337361 0.0253759
v 0.232439 -0.000361258 0.0187304
v 0.233653 -0.0115197 0.0209096
v 0.242396 -0.0236277 0.0146187
v 0.223447 0.0116269 0.0249051
v 0.231214 0.0107919 0.0165461
v 0.229961 0.021938 0.0143538
v 0.228327 0.0329974 0.0118542
v 0.222146 0.0227605 0.0226798
v 0.220698 0.0338411 0.0203663
v 0.210672 0.0454082 0.0256691
v 0.212048 0.0342875 0.0278487
v 0.203083 0.034612 0.0349996
v 0.201953 0.0458757 0.0331275
v 0.197858 0.0676668 0.0273768
v 0.200138 0.0568818 0.0305111
v 0.1886 0.068054 0.0344452
v 0.204319 0.0234283 0.0370156
v 0.213451 0.0231886 0.0300933
v 0.206526 0.0126901 0.0402016
v 0.214932 0.0122213 0.0324617
v 0.206982 0.00150572 0.0414651
v 0.215771 0.000992974 0.0342292
v 0.225473 -0.010742 0.0288485
v 0.216727 -0.0102004 0.0361445
v 0.207904 -0.00965078 0.0433583
v 0.217902 -0.021239 0.0383673
v 0.208885 -0.0207732 0.0453221
v 0.224547 0.000473748 0.0269765
v 0.226531 -0.0218743 0.030915
v 0.210035 -0.0318086 0.0475383
v 0.218906 -0.0323675 0.0404085
v 0.237498 -0.0447489 0.0282115
v 0.246839 -0.0568446 0.0229483
v 0.243676 -0.0347766 0.0170741
v 0.240978 -0.0125101 0.0122729
v 0.226621 0.0439785 0.0092321
v 0.218944 0.0447852 0.0177257
v 0.206505 0.0670183 0.01968
v 0.208808 0.0563234 0.0229405
v 0.195448 0.106996 0.0032942
v 0.195249 0.0781495 0.0237705
v 0.170229 0.0997416 0.0275191
v 0.146433 0.109461 0.0291287
v 0.155101 0.119811 0.0209946
v 0.174497 0.118311 0.01023
v 0.142768 0.129783 0.0191109
v 0.132196 0.130214 0.022567
v 0.144746 0.11974 0.0246843
v 0.169669 0.140772 -0.0138078
v 0.14754 0.143971 -0.000703589
v 0.13442 0.12051 0.0287464
v 0.178095 -0.323153 0.123339
v 0.178215 -0.314684 0.124133
v 0.169662 -0.314804 0.123616
v 0.161084 -0.314961 0.122879
v 0.152568 -0.315272 0.121836
v 0.144053 -0.315584 0.120793
v 0.143886 -0.307129 0.119696
v 0.152387 -0.306816 0.120968
v 0.160905 -0.306532 0.122138
v 0.186368 -0.339976 0.12211
v 0.195263 -0.297572 0.123668
v 0.203905 -0.297447 0.124375
v 0.221412 -0.297462 0.124674
v 0.212651 -0.297451 0.124552
v 0.238916 -0.289126 0.123034
v 0.230127 -0.289146 0.12284
v 0.24771 -0.289153 0.122698
v 0.265343 -0.289406 0.120494
v 0.256537 -0.289258 0.121898
v 0.273914 -0.28958 0.118331
v 0.297995 -0.298498 0.108182
v 0.304449 -0.298621 0.102376
v 0.310249 -0.298902 0.0960039
v 0.315956 -0.307277 0.0901281
v 0.320537 -0.322568 0.0815867
v 0.320476 -0.33063 0.0802112
v 0.319823 -0.338688 0.0780159
v 0.315483 -0.362444 0.069847
v 0.302762 -0.400788 0.054423
v 0.298044 -0.410104 0.0596535
v 0.293821 -0.411032 0.0664888
v 0.288822 -0.411686 0.0726836
v 0.283226 -0.412084 0.0783601
v 0.276842 -0.412409 0.0831036
v 0.255065 -0.413122 0.0932315
v 0.24737 -0.413275 0.0960063
v 0.247372 -0.4048 0.0958595
v 0.255176 -0.404725 0.093613
v 0.262751 -0.404526 0.0909284
v 0.270069 -0.40424 0.0876893
v 0.277114 -0.4039 0.0840262
v 0.289349 -0.403268 0.0741428
v 0.296676 -0.394845 0.0711415
v 0.299105 -0.387328 0.074473
v 0.309199 -0.371277 0.0743134
v 0.304043 -0.386396 0.0678156
v 0.306712 -0.378808 0.0710602
v 0.301369 -0.393982 0.0645686
v 0.311155 -0.363617 0.0773396
v 0.312988 -0.355895 0.0803871
v 0.314381 -0.34796 0.0830954
v 0.315628 -0.339965 0.0856853
v 0.316297 -0.331758 0.0877012
v 0.316577 -0.323591 0.0892105
v 0.316575 -0.315457 0.0903744
v 0.311383 -0.315636 0.0970917
v 0.305092 -0.307155 0.103521
v 0.298261 -0.31576 0.108767
v 0.297824 -0.324405 0.107606
v 0.304898 -0.324364 0.102317
v 0.310879 -0.332498 0.0946554
v 0.309934 -0.340659 0.0924296
v 0.308851 -0.34876 0.0899943
v 0.307535 -0.356739 0.0873356
v 0.30573 -0.36449 0.0841982
v 0.29935 -0.364939 0.0902253
v 0.297567 -0.372667 0.0870145
v 0.295369 -0.380236 0.083631
v 0.293218 -0.387816 0.0802805
v 0.286896 -0.387995 0.0852849
v 0.288869 -0.380382 0.088702
v 0.290666 -0.372724 0.0921272
v 0.292378 -0.365068 0.095498
v 0.293762 -0.357219 0.0983969
v 0.294989 -0.349215 0.100984
v 0.28599 -0.357085 0.102604
v 0.296142 -0.34113 0.103591
v 0.304444 -0.332815 0.100819
v 0.303499 -0.341052 0.0985712
v 0.297003 -0.332811 0.105629
v 0.289081 -0.332615 0.109673
v 0.288262 -0.340963 0.107726
v 0.287214 -0.349119 0.105333
v 0.277931 -0.357007 0.105895
v 0.276715 -0.365054 0.102965
v 0.268601 -0.365 0.105808
v 0.283204 -0.372835 0.0963854
v 0.279834 -0.388077 0.0897041
v 0.281523 -0.38046 0.0930459
v 0.272531 -0.388409 0.0931743
v 0.271073 -0.396126 0.0899245
v 0.26353 -0.396347 0.0928708
v 0.264814 -0.388551 0.0960188
v 0.266188 -0.380809 0.0993927
v 0.257002 -0.388605 0.0984237
v 0.247945 -0.396512 0.0974705
v 0.24 -0.396518 0.0994233
v 0.232744 -0.388557 0.103674
v 0.231967 -0.396727 0.101199
v 0.225487 -0.380633 0.10787
v 0.236254 -0.356513 0.115432
v 0.227181 -0.364575 0.113684
v 0.245501 -0.348473 0.116757
v 0.254712 -0.340282 0.117642
v 0.263948 -0.332007 0.118009
v 0.255343 -0.331923 0.119655
v 0.264516 -0.323545 0.119649
v 0.255863 -0.323438 0.121141
v 0.264969 -0.31502 0.120991
v 0.265299 -0.306448 0.121762
v 0.265461 -0.297847 0.121827
v 0.256475 -0.306323 0.123096
v 0.24768 -0.306223 0.124125
v 0.247788 -0.297627 0.123992
v 0.238962 -0.297538 0.124568
v 0.238892 -0.30613 0.124832
v 0.230139 -0.306057 0.125189
v 0.221419 -0.306016 0.12529
v 0.2126 -0.31459 0.125173
v 0.20395 -0.314582 0.125168
v 0.195192 -0.323053 0.12424
v 0.203738 -0.323114 0.124674
v 0.195053 -0.331545 0.123392
v 0.203543 -0.331585 0.123538
v 0.212085 -0.331607 0.123368
v 0.212386 -0.323139 0.124587
v 0.229679 -0.32321 0.123812
v 0.220737 -0.33165 0.122952
v 0.221017 -0.323155 0.124276
v 0.238366 -0.323256 0.123275
v 0.247107 -0.323329 0.122409
v 0.247454 -0.314812 0.123504
v 0.236943 -0.348345 0.117964
v 0.237488 -0.340045 0.119981
v 0.228409 -0.348359 0.118731
v 0.219911 -0.34836 0.119388
v 0.220308 -0.340037 0.121301
v 0.211384 -0.348341 0.11996
v 0.238 -0.331719 0.121892
v 0.238683 -0.314727 0.124332
v 0.228918 -0.340064 0.120757
v 0.229379 -0.331692 0.122448
v 0.211748 -0.339996 0.121777
v 0.203262 -0.339995 0.122012
v 0.202918 -0.348368 0.120298
v 0.202579 -0.356562 0.118067
v 0.194474 -0.348269 0.120088
v 0.21094 -0.356544 0.117633
v 0.194804 -0.339999 0.122171
v 0.221251 -0.314609 0.125067
v 0.229977 -0.31467 0.124776
v 0.273652 -0.315209 0.118902
v 0.274026 -0.306608 0.119758
v 0.274188 -0.298002 0.119758
v 0.282214 -0.31543 0.11635
v 0.28252 -0.306785 0.116978
v 0.290462 -0.315614 0.112942
v 0.290736 -0.306944 0.11353
v 0.281728 -0.323966 0.115159
v 0.28992 -0.3242 0.111664
v 0.273187 -0.323747 0.117666
v 0.272456 -0.332168 0.115881
v 0.270795 -0.348788 0.11143
v 0.269723 -0.356898 0.108662
v 0.261401 -0.356837 0.110789
v 0.262412 -0.348692 0.11352
v 0.242867 -0.372575 0.108239
v 0.260386 -0.364877 0.10781
v 0.251163 -0.37273 0.106539
v 0.25214 -0.364742 0.109644
v 0.253117 -0.356753 0.112749
v 0.241941 -0.380583 0.105268
v 0.259384 -0.372862 0.104758
v 0.250163 -0.380715 0.103483
v 0.258197 -0.380717 0.101588
v 0.271703 -0.340538 0.113843
v 0.263229 -0.34041 0.115877
v 0.256229 -0.314895 0.122441
v 0.253988 -0.348581 0.115326
v 0.246141 -0.340148 0.118905
v 0.246702 -0.331805 0.121045
v 0.243798 -0.364585 0.111212
v 0.244738 -0.35661 0.114199
v 0.227848 -0.356525 0.116379
v 0.219347 -0.356521 0.11703
v 0.218115 -0.37258 0.111481
v 0.218762 -0.364598 0.114411
v 0.21042 -0.364616 0.114915
v 0.233667 -0.380559 0.10664
v 0.234603 -0.372582 0.109638
v 0.235539 -0.364605 0.112637
v 0.226411 -0.372638 0.110838
v 0.248976 -0.388569 0.100312
v 0.240935 -0.388559 0.102182
v 0.267404 -0.372924 0.102635
v 0.255794 -0.396475 0.0953879
v 0.273995 -0.38072 0.0964989
v 0.275362 -0.372941 0.0997671
v 0.27909 -0.348913 0.108839
v 0.280086 -0.340656 0.111192
v 0.281077 -0.332393 0.11352
v 0.284625 -0.36496 0.0996183
v 0.301029 -0.357128 0.0933179
v 0.302446 -0.349202 0.0961835
v 0.305238 -0.315742 0.103396
v 0.311282 -0.324118 0.0962094
v 0.303702 -0.372176 0.0810249
v 0.301519 -0.3798 0.0777902
v 0.294498 -0.402635 0.068154
v 0.291094 -0.395399 0.0768964
v 0.283279 -0.403574 0.0791365
v 0.284815 -0.395593 0.0819103
v 0.278311 -0.395789 0.0864369
v 0.23969 -0.40488 0.0986661
v 0.26274 -0.41295 0.0906462
v 0.27008 -0.412713 0.0873455
v 0.299094 -0.401841 0.0616405
v 0.305088 -0.393081 0.0572105
v 0.307931 -0.385493 0.0603874
v 0.310637 -0.377869 0.0635773
v 0.313304 -0.370236 0.066771
v 0.317426 -0.354668 0.0728802
v 0.318864 -0.346748 0.0755786
v 0.310997 -0.307201 0.0971688
v 0.298398 -0.307061 0.109242
v 0.290702 -0.298308 0.113118
v 0.282626 -0.298139 0.116827
v 0.282143 -0.289772 0.115115
v 0.256618 -0.297732 0.123156
v 0.230175 -0.297478 0.12477
v 0.212717 -0.306005 0.125155
v 0.203983 -0.305991 0.125038
v 0.195386 -0.306035 0.124669
v 0.186626 -0.297731 0.122814
v 0.177994 -0.297895 0.121942
v 0.186753 -0.314607 0.124544
v 0.186733 -0.30611 0.124143
v 0.178121 -0.306238 0.123542
v 0.169508 -0.306366 0.12294
v 0.177976 -0.331622 0.122546
v 0.169583 -0.323269 0.122982
v 0.161147 -0.323446 0.12268
v 0.195321 -0.314578 0.125022
v 0.186496 -0.331519 0.122921
v 0.186625 -0.323063 0.123733
v 0.105275 -0.418643 0.152534
v 0.0679981 -0.418142 0.150856
v 0.0773445 -0.41826 0.151368
v 0.0866908 -0.418377 0.15188
v 0.0675307 -0.420885 0.159798
v 0.0586435 -0.418047 0.150284
v 0.0593026 -0.41176 0.143606
v 0.0686024 -0.412033 0.144194
v 0.0785817 -0.404581 0.139503
v 0.0778476 -0.412568 0.144456
v 0.0870669 -0.413239 0.144478
v 0.0877855 -0.405241 0.139538
v 0.314075 -0.423012 0.135411
v 0.114922 -0.40861 0.137466
v 0.123806 -0.409461 0.136786
v 0.114556 -0.415157 0.144303
v 0.105455 -0.414554 0.144436
v 0.141413 -0.416786 0.142555
v 0.15027 -0.41713 0.141738
v 0.159133 -0.417478 0.140939
v 0.167996 -0.417825 0.14014
v 0.176725 -0.417938 0.139119
v 0.203461 -0.421722 0.142159
v 0.222191 -0.42539 0.146008
v 0.232753 -0.42919 0.151857
v 0.211661 -0.421356 0.140231
v 0.230043 -0.424343 0.143763
v 0.237967 -0.423458 0.141387
v 0.245894 -0.422442 0.138915
v 0.254188 -0.421246 0.135501
v 0.26568 -0.421911 0.139646
v 0.257416 -0.42251 0.143289
v 0.269572 -0.418219 0.147602
v 0.282027 -0.415106 0.151646
v 0.290478 -0.415775 0.147624
v 0.303766 -0.416999 0.151701
v 0.286064 -0.414784 0.160186
v 0.294996 -0.415707 0.155983
v 0.277079 -0.415629 0.1641
v 0.246847 -0.422052 0.167734
v 0.235611 -0.427831 0.161366
v 0.237887 -0.431551 0.16918
v 0.224744 -0.430166 0.15385
v 0.0960637 -0.41849 0.152342
v 0.243652 -0.422343 0.158516
v 0.248878 -0.423452 0.146808
v 0.252124 -0.419846 0.154595
v 0.240532 -0.425598 0.149724
v 0.256003 -0.416819 0.163614
v 0.264904 -0.415442 0.159563
v 0.311635 -0.421524 0.14612
v 0.304391 -0.424282 0.127977
v 0.314035 -0.427937 0.127758
v 0.306207 -0.419476 0.138617
v 0.286323 -0.419027 0.1397
v 0.274026 -0.42199 0.135855
v 0.306047 -0.419345 0.139036
v 0.282275 -0.422352 0.131884
v 0.114421 -0.418959 0.152522
v 0.298541 -0.417296 0.143547
v 0.294509 -0.420527 0.135665
v 0.278018 -0.418538 0.143651
v 0.273572 -0.414838 0.155622
v 0.261289 -0.418704 0.151298
v 0.262396 -0.419936 0.132095
v 0.214089 -0.425523 0.148501
v 0.205689 -0.424218 0.15079
v 0.17769 -0.42122 0.147171
v 0.159921 -0.420173 0.149968
v 0.162308 -0.421622 0.168597
v 0.160852 -0.420748 0.159584
v 0.0962947 -0.413877 0.144542
v 0.105999 -0.407814 0.138051
v 0.0969436 -0.406285 0.139044
v 0.141632 -0.410879 0.135632
v 0.13271 -0.410346 0.136099
v 0.20893 -0.422468 0.159513
v 0.217117 -0.426161 0.156973
v 0.220451 -0.427459 0.164938
v 0.227103 -0.436257 0.160471
v 0.212257 -0.420714 0.168232
v 0.202766 -0.417866 0.170537
v 0.190673 -0.419198 0.163839
v 0.188128 -0.421616 0.154854
v 0.183284 -0.417376 0.174788
v 0.173253 -0.419241 0.176435
v 0.171791 -0.420266 0.167365
v 0.170011 -0.421257 0.158251
v 0.181284 -0.419331 0.165692
v 0.132507 -0.416403 0.143262
v 0.15295 -0.420101 0.169726
v 0.154493 -0.420899 0.178814
v 0.144961 -0.418073 0.180421
v 0.13328 -0.418502 0.161957
v 0.14321 -0.418272 0.170926
v 0.133604 -0.417289 0.171824
v 0.114544 -0.419772 0.161943
v 0.123982 -0.417403 0.172098
v 0.123795 -0.418902 0.162095
v 0.11397 -0.419 0.17143
v 0.103592 -0.421301 0.170304
v 0.0769346 -0.421294 0.16004
v 0.086356 -0.421465 0.160382
v 0.0957774 -0.421636 0.160724
v 0.0950524 -0.425405 0.168794
v 0.105083 -0.421147 0.161366
v 0.134309 -0.416449 0.181551
v 0.142547 -0.419539 0.161097
v 0.151669 -0.420072 0.160376
v 0.123529 -0.419177 0.152528
v 0.132719 -0.419169 0.1522
v 0.141944 -0.419275 0.151619
v 0.163798 -0.422166 0.177633
v 0.179106 -0.421348 0.15663
v 0.199975 -0.420065 0.161677
v 0.197115 -0.422543 0.152932
v 0.195126 -0.421906 0.144023
v 0.219598 -0.420406 0.13802
v 0.227549 -0.419327 0.135733
v 0.18651 -0.421674 0.145704
v 0.168815 -0.420768 0.148574
v 0.150994 -0.419628 0.151079
v 0.123497 -0.415874 0.14373
v -0.267753 -0.139494 -0.0473187
v -0.26807 -0.131861 -0.0452763
v -0.265305 -0.130207 -0.0530207
v -0.263425 -0.153223 -0.0589171
v -0.264182 -0.145534 -0.0569841
v -0.264939 -0.137846 -0.055051
v -0.263041 -0.185229 -0.0601633
v -0.261569 -0.168531 -0.0630456
v -0.262541 -0.160886 -0.0609475
v -0.260777 -0.176198 -0.0650376
v -0.259045 -0.191545 -0.0689501
v -0.260007 -0.18387 -0.0670043
v -0.258599 -0.159509 -0.0678335
v -0.256926 -0.174888 -0.0717836
v -0.257716 -0.167193 -0.0697977
v -0.257764 -0.20698 -0.07276
v -0.258247 -0.19924 -0.07093
v -0.260688 -0.208242 -0.0660245
v -0.266144 -0.21296 -0.0458157
v -0.264923 -0.211185 -0.0525464
v -0.266004 -0.203533 -0.0502514
v -0.266859 -0.195941 -0.0480182
v -0.267715 -0.188349 -0.045785
v -0.268559 -0.180777 -0.0434741
v -0.269395 -0.173215 -0.0411213
v -0.272484 -0.143007 -0.0315522
v -0.273315 -0.148764 -0.0159422
v -0.273528 -0.145106 -0.0233418
v -0.274325 -0.14174 -0.0129456
v -0.274067 -0.1456 -0.00552675
v -0.273029 -0.149881 0.00176883
v -0.271233 -0.167404 -0.0136159
v -0.272025 -0.159979 -0.0110734
v -0.27146 -0.156366 -0.00132443
v -0.272816 -0.152554 -0.00853081
v -0.268251 -0.200638 -0.0337277
v -0.269387 -0.1822 -0.0188343
v -0.270349 -0.17481 -0.0162056
v -0.267432 -0.208066 -0.0363982
v -0.268531 -0.197264 -0.0244051
v -0.268948 -0.189729 -0.0216164
v -0.270828 -0.163844 -0.00404258
v -0.269461 -0.178828 -0.00957581
v -0.270152 -0.171334 -0.00681044
v -0.269082 -0.19326 -0.0310354
v -0.26974 -0.185837 -0.0284624
v -0.270523 -0.178407 -0.02597
v -0.271305 -0.170976 -0.0234775
v -0.272088 -0.163546 -0.0209851
v -0.267236 -0.205288 -0.0432052
v -0.268041 -0.197746 -0.0407387
v -0.268846 -0.190203 -0.0382723
v -0.269651 -0.182661 -0.0358058
v -0.270456 -0.175118 -0.0333393
v -0.271261 -0.167576 -0.0308728
v -0.272257 -0.153701 0.0092882
v -0.269802 -0.159617 0.00609382
v -0.267969 -0.163143 0.0136445
v -0.263595 -0.179798 0.0129273
v -0.263919 -0.173097 0.0165973
v -0.265684 -0.196479 -0.0047604
v -0.262847 -0.193299 0.00548413
v -0.263261 -0.186508 0.00924773
v -0.260838 -0.176537 0.0232559
v -0.255858 -0.192244 0.0226232
v -0.259839 -0.189836 0.0158075
v -0.260362 -0.183225 0.0195209
v -0.25641 -0.185602 0.0263623
v -0.257165 -0.178735 0.0302845
v -0.259286 -0.173366 0.0338785
v -0.262586 -0.170519 0.0271603
v -0.265525 -0.165371 0.0310072
v -0.268763 -0.161085 0.0252802
v -0.256468 -0.174941 0.0417918
v -0.249226 -0.182288 0.0442805
v -0.239897 -0.185522 0.0573829
v -0.245191 -0.183987 0.0512485
v -0.234455 -0.198166 0.0478685
v -0.231344 -0.193349 0.058326
v -0.236824 -0.191824 0.0523418
v -0.228753 -0.19938 0.0536798
v -0.225665 -0.194558 0.0641333
v -0.219883 -0.195781 0.0698271
v -0.213967 -0.196281 0.0752525
v -0.222316 -0.189925 0.0743357
v -0.20778 -0.196012 0.0805545
v -0.202885 -0.188419 0.0887201
v -0.210996 -0.180979 0.0871127
v -0.217547 -0.181557 0.082275
v -0.235958 -0.181508 0.0663436
v -0.242022 -0.179311 0.0608815
v -0.247729 -0.177266 0.0554233
v -0.223885 -0.182017 0.077202
v -0.229973 -0.182267 0.0718315
v -0.236343 -0.176817 0.067192
v -0.242782 -0.171524 0.062411
v -0.247844 -0.173913 0.0561007
v -0.230809 -0.174914 0.0730457
v -0.230918 -0.167249 0.0732841
v -0.23683 -0.169509 0.0678266
v -0.224721 -0.165872 0.078313
v -0.211595 -0.172528 0.087741
v -0.218215 -0.172896 0.0831547
v -0.20501 -0.172111 0.0921761
v -0.198099 -0.171613 0.0960763
v -0.19081 -0.171059 0.0992612
v -0.19131 -0.162893 0.0988822
v -0.184176 -0.162359 0.102135
v -0.184004 -0.154677 0.100735
v -0.190342 -0.146998 0.0953275
v -0.203211 -0.138824 0.0857743
v -0.208409 -0.130918 0.079276
v -0.220439 -0.121402 0.0672452
v -0.226787 -0.121013 0.0627192
v -0.232669 -0.121067 0.0572588
v -0.239372 -0.129416 0.0557749
v -0.253538 -0.142493 0.0472119
v -0.240939 -0.140434 0.0598028
v -0.235013 -0.139283 0.0647151
v -0.233695 -0.129356 0.0614667
v -0.228156 -0.129882 0.066407
v -0.221888 -0.129953 0.0708238
v -0.222965 -0.138788 0.0738377
v -0.211037 -0.146906 0.0845095
v -0.216653 -0.138654 0.0780026
v -0.217604 -0.147257 0.0805106
v -0.223911 -0.148304 0.075977
v -0.224613 -0.157053 0.0776989
v -0.23081 -0.158289 0.0730106
v -0.23686 -0.160071 0.0678677
v -0.242721 -0.162315 0.0623199
v -0.248377 -0.164888 0.0564618
v -0.253773 -0.158028 0.0501639
v -0.24833 -0.155801 0.0560456
v -0.242368 -0.152608 0.0615795
v -0.259167 -0.153072 0.0433837
v -0.259639 -0.146937 0.0419216
v -0.255928 -0.127965 0.049988
v -0.245921 -0.11866 0.0546912
v -0.271604 -0.155053 0.0194908
v -0.229697 -0.102918 0.0604622
v -0.23084 -0.111888 0.0553825
v -0.237898 -0.11061 0.0573171
v -0.238349 -0.121846 0.0517376
v -0.244675 -0.130351 0.0497754
v -0.257263 -0.13969 0.0461581
v -0.270889 -0.133516 -0.0375277
v -0.270726 -0.141153 -0.0395579
v -0.261023 -0.136458 -0.0620088
v -0.26442 -0.148332 0.0365348
v -0.262134 -0.139223 0.0423701
v -0.265517 -0.142118 0.0337264
v -0.268662 -0.14489 0.0251258
v -0.271834 -0.147269 0.0167477
v -0.268147 -0.138216 0.0219086
v -0.271074 -0.140468 0.0140347
v -0.264424 -0.129883 0.0258933
v -0.267738 -0.132691 0.0178712
v -0.263575 -0.123679 0.0213934
v -0.25332 -0.115044 0.0424232
v -0.25863 -0.11992 0.0314744
v -0.25944 -0.125524 0.0363454
v -0.25508 -0.120645 0.0472399
v -0.261311 -0.132221 0.0398357
v -0.24687 -0.110427 0.0538695
v -0.24586 -0.105176 0.0478048
v -0.244458 -0.100085 0.0417504
v -0.237792 -0.0964937 0.0492189
v -0.238147 -0.101908 0.0573846
v -0.252232 -0.109571 0.0377019
v -0.265038 -0.135963 0.0300821
v -0.273481 -0.147974 0.00913766
v -0.26805 -0.150889 0.0285131
v -0.263268 -0.155312 0.0371337
v -0.266857 -0.157342 0.0307656
v -0.258847 -0.15992 0.0440485
v -0.262584 -0.161636 0.0374309
v -0.26208 -0.168097 0.037255
v -0.253451 -0.166557 0.0501936
v -0.258213 -0.167741 0.043705
v -0.218089 -0.156342 0.0819372
v -0.21164 -0.155472 0.0863084
v -0.205031 -0.155185 0.0904139
v -0.205238 -0.163616 0.0917233
v -0.230118 -0.149308 0.0713376
v -0.229234 -0.139159 0.0695207
v -0.236321 -0.150284 0.0667079
v -0.247626 -0.145508 0.0546163
v -0.253835 -0.150053 0.0490172
v -0.215571 -0.130071 0.0751717
v -0.20446 -0.146879 0.088386
v -0.210054 -0.138507 0.0818654
v -0.191269 -0.15464 0.0977577
v -0.198172 -0.154958 0.0940643
v -0.197707 -0.146764 0.0920779
v -0.198353 -0.163294 0.0954478
v -0.211922 -0.164026 0.0875885
v -0.218422 -0.164716 0.0831956
v -0.224613 -0.173546 0.0782012
v -0.204207 -0.180574 0.0915846
v -0.196928 -0.180113 0.0951685
v -0.209585 -0.188715 0.0848468
v -0.215966 -0.189352 0.0796425
v -0.240206 -0.196993 0.0417473
v -0.24236 -0.190371 0.0463353
v -0.247838 -0.189075 0.0400152
v -0.251297 -0.194306 0.0291825
v -0.245932 -0.195811 0.0355471
v -0.24881 -0.200208 0.02463
v -0.257036 -0.202647 0.00741414
v -0.254249 -0.198599 0.0183052
v -0.243376 -0.201774 0.0309677
v -0.228236 -0.18885 0.0687533
v -0.234112 -0.187175 0.0631057
v -0.252436 -0.176419 0.0489356
v -0.252446 -0.187394 0.0333614
v -0.253611 -0.180664 0.0374868
v -0.259224 -0.196425 0.0120417
v -0.261839 -0.199918 0.00141835
v -0.259708 -0.206128 -0.00332359
v -0.264368 -0.202894 -0.0091273
v -0.267539 -0.199258 -0.0152936
v -0.267874 -0.192806 -0.0116414
v -0.268254 -0.186253 -0.00815714
v -0.268647 -0.17968 -0.00469998
v -0.269041 -0.173107 -0.00124282
v -0.260266 -0.144144 -0.0639489
v -0.266006 -0.189777 -0.00109197
v -0.266259 -0.183056 0.00250757
v -0.266511 -0.176335 0.00610712
v -0.266778 -0.169611 0.00971338
v -0.265545 -0.166773 0.0207014
v -0.269333 -0.166379 0.00237193
v -0.27416 -0.138955 -0.00242431
v -0.274304 -0.134469 -0.00999284
v -0.27402 -0.130415 -0.0184307
v -0.274012 -0.137832 -0.0208119
v -0.272843 -0.156114 -0.0184917
v -0.272802 -0.135391 -0.0290421
v -0.270229 -0.165653 -0.0387683
v -0.272066 -0.160029 -0.0284317
v -0.271035 -0.158092 -0.0364134
v -0.272873 -0.152468 -0.0260768
v -0.271842 -0.150532 -0.0340585
v -0.264871 -0.194304 -0.0551331
v -0.265723 -0.186712 -0.0529036
v -0.266575 -0.17912 -0.050674
v -0.267427 -0.171528 -0.0484445
v -0.268279 -0.163936 -0.046215
v -0.265742 -0.162308 -0.0538376
v -0.269131 -0.156344 -0.0439854
v -0.266594 -0.154716 -0.051608
v -0.269983 -0.148752 -0.0417559
v -0.267446 -0.147124 -0.0493785
v -0.263136 -0.209566 -0.059367
v -0.261361 -0.200562 -0.0641491
v -0.262233 -0.192895 -0.062164
v -0.264013 -0.201908 -0.0573329
v -0.263989 -0.177584 -0.0580676
v -0.264871 -0.169935 -0.0559788
v -0.259508 -0.151831 -0.0658891
v -0.18847075 -0.423177125 0.143119375
v -0.1910265 -0.423618375 0.1538295
v -0.197502625 -0.423780125 0.14252425
v -0.177862 -0.423297125 0.1449125
v -0.137242625 -0.417383 0.140262625
v -0.146122375 -0.418479875 0.141037875
v -0.12812525 -0.416875875 0.14220725
v -0.1979495 -0.425090375 0.149747
v -0.191373875 -0.420763 0.161306875
v -0.16736875 -0.422862375 0.147119875
v -0.116838125 -0.41825275 0.1746015
v -0.073394275 -0.417575375 0.1482625
v -0.0446290875 -0.417378375 0.14918975
v -0.0537816 -0.418541875 0.149575125
v -0.064227375 -0.4186155 0.149280375
v -0.0761785125 -0.410994875 0.143604625
v -0.0840809375 -0.408674125 0.142073
v -0.064306009375 -0.40942746875 0.144076984375
v -0.0537676234375 -0.40943003125 0.144565015625
v -0.0432259625 -0.409514375 0.1450135
v -0.0321151 -0.38948 0.140643875
v -0.0337251875 -0.39852825 0.141969875
v -0.0312730046875 -0.368625984375 0.13785078125
v -0.030447525 -0.380438375 0.1394075
v -0.043003125 -0.367049875 0.13576025
v -0.03198605 -0.3567555 0.136443125
v -0.0183804125 -0.349322625 0.1367875
v -0.0085491925 -0.337756 0.136435
v -0.010315695 -0.347021125 0.1366615
v -0.117463875 -0.420288875 0.16245725
v -0.0094224675 -0.328388875 0.13608575
v -0.149985859375 -0.419945671875 0.171650625
v -0.14859815625 -0.4207159375 0.160717765625
v -0.157248625 -0.422035 0.148847625
v -0.1393964375 -0.4183823125 0.172179796875
v -0.13829140625 -0.419824828125 0.16125409375
v -0.017316485 -0.328119625 0.1354775
v -0.030091625 -0.34759275 0.13540075
v -0.0397812375 -0.359315125 0.13484275
v -0.0505288875 -0.369918375 0.133630375
v -0.0540654625 -0.377538 0.13570775
v -0.065210575 -0.388152125 0.136166875
v -0.07616345 -0.398635375 0.138270625
v -0.0841324375 -0.40152275 0.13836125
v -0.0731965875 -0.39117775 0.1352215
v -0.0617753875 -0.380629875 0.13352925
v -0.0277994875 -0.338688 0.133212625
v -0.020256175 -0.335994875 0.135622625
v -0.0201684 -0.358548625 0.137339125
v -0.0206436125 -0.36910775 0.13824525
v -0.0223477375 -0.378271625 0.138933625
v -0.0423541765625 -0.378826390625 0.13801203125
v -0.042755159375 -0.389257234375 0.139811953125
v -0.0417447875 -0.40083125 0.142340875
v -0.053397009375 -0.389179296875 0.13857653125
v -0.0536637640625 -0.3994695625 0.141159
v -0.0642682453125 -0.399514671875 0.1402404375
v -0.1485465 -0.42097775 0.14841925
v -0.12681825 -0.41988475 0.151069
v -0.1084555 -0.42105325 0.164559125
v -0.108898 -0.420067 0.1724015
v -0.119853 -0.416778 0.18256925
v -0.126295875 -0.419623625 0.160478
v -0.128593921875 -0.4176841875 0.17263484375
v -0.12952275 -0.416025125 0.1835365
v -0.140507625 -0.41702325 0.18309525
v -0.152721875 -0.426178875 0.191932375
v -0.150876375 -0.4336765 0.192717625
v -0.158598125 -0.436132875 0.192462625
v -0.137242125 -0.4203689375 0.15041853125
v -0.158719546875 -0.42169878125 0.159802375
v -0.160679390625 -0.421753765625 0.170748578125
v -0.18262975 -0.42001225 0.16513275
v -0.17947084375 -0.422435015625 0.155360125
v -0.169135375 -0.4219615625 0.157941171875
v -0.173385375 -0.420585625 0.16932025
v -0.1727665 -0.420097125 0.17752775
v -0.162543625 -0.422509875 0.1813285
v -0.151381375 -0.4199565 0.182475375
v -0.160397625 -0.42903475 0.190777375
v -0.187937 -0.420104 0.163572
v -0.180921125 -0.4213536875 0.1603026875
v -0.1845865 -0.422842375 0.15410925
v -0.1912305 -0.422122 0.1575255
v -0.17853725 -0.422996125 0.1501925625
v -0.183189 -0.423234 0.144
v -0.1888774375 -0.4235366875 0.148060875
v -0.19362 -0.4233365 0.1421195
v -0.1989845 -0.424576 0.1458575
v -0.1942815 -0.4246895 0.1518205
v -0.174321625 -0.4221451875 0.15668425
v -0.168191 -0.4224235 0.1525600625
v -0.172577 -0.4231565 0.146008
v -0.1473455 -0.419728 0.144748
v -0.142373125 -0.4205974375 0.150145875
v -0.137153125 -0.419165375 0.145283625
v -0.142342 -0.4178195 0.1399675
v -0.132046375 -0.4201295625 0.15073325
v -0.1267545 -0.418377 0.146018
v -0.1320625 -0.4168065 0.140649
v -0.06427385 -0.414080125 0.146569125
v -0.0695851625 -0.409555875 0.1436505
v -0.0747838 -0.414293 0.1459255
v -0.0694497 -0.4186485 0.1491365
v -0.04849741875 -0.409469625 0.144786375
v -0.05378044375 -0.414054125 0.146943625
v -0.0485586 -0.418504 0.1497235
v -0.04328655 -0.4140775 0.1472915
v -0.059035325 -0.40940075 0.1443551875
v -0.0590046 -0.4185795 0.149427
v -0.0643095375 -0.40454025 0.1420230625
v -0.0695576625 -0.3996461875 0.1396215
v -0.074890275 -0.40483025 0.140995125
v -0.08018225 -0.400097 0.138292
v -0.0854221 -0.405136 0.140111
v -0.08013865 -0.4098745 0.142779
v -0.053731475 -0.40453325 0.1426921875
v -0.05896984375 -0.39946775 0.1407295
v -0.0431423 -0.404602 0.1433405
v -0.0483513125 -0.39948425 0.14159925
v -0.042909875 -0.394418125 0.1408253125
v -0.03774265 -0.399693 0.142083
v -0.0322817 -0.394678 0.1414045
v -0.03743361875 -0.3893595 0.140256375
v -0.03704750625 -0.378928875 0.138669625
v -0.0425732125 -0.3840528125 0.138891
v -0.0319283 -0.384272 0.139945
v -0.04208819375 -0.3735995 0.137124625
v -0.03150785 -0.373866375 0.138464375
v -0.036568775 -0.368454125 0.1372276875
v -0.026399 -0.3793635 0.139131
v -0.02085875 -0.374387 0.1386335
v -0.02596209375 -0.3688530625 0.1381331875
v -0.0204139 -0.363832 0.1377835
v -0.02547503125 -0.3583133125 0.1371275
v -0.03101106875 -0.3633808125 0.13724625
v -0.0358594 -0.358054 0.1355775
v -0.04142355 -0.3631505 0.1353755
v -0.052284 -0.3737045 0.134698
v -0.04762905 -0.3787729375 0.1372665
v -0.04673675 -0.368503 0.1345815
v -0.0199059 -0.3532465 0.137003
v -0.0248640625 -0.347762625 0.136066125
v -0.0304892 -0.352808 0.136303
v -0.00880283 -0.3430845 0.136563
v -0.01382664 -0.337531 0.136305125
v -0.01931759125 -0.3426570625 0.136178625
v -0.01434595 -0.348174 0.136705
v -0.02397865 -0.337369 0.1342705
v -0.0295161 -0.342491 0.13398
v -0.01330409 -0.32693 0.135702
v -0.01883465 -0.3320265 0.135738
v -0.00829662 -0.3324275 0.136303
v -0.0634595 -0.384394 0.134752
v -0.05867859375 -0.389238 0.1377754375
v -0.05317408125 -0.3839936875 0.1374540625
v -0.05793665 -0.3790955 0.134583
v -0.04808274375 -0.3891914375 0.1392536875
v -0.07466795 -0.3949145 0.1366645
v -0.06416594375 -0.3944469375 0.1385621875
v -0.0692502 -0.3896685 0.1356895
v -0.05355625625 -0.39434475 0.1397993125
v -0.137688125 -0.420414875 0.15578125
v -0.1330060625 -0.419522625 0.161502625
v -0.1271845 -0.419974 0.156348
v -0.11777475 -0.41931775 0.1678191875
v -0.1128765 -0.41918 0.1734765
v -0.1073755 -0.42075 0.1685775
v -0.1122845 -0.420801 0.162901
v -0.123302875 -0.4178760625 0.1728999375
v -0.129050625 -0.4168393125 0.1780829375
v -0.124028 -0.416249 0.1837535
v -0.11831 -0.417449 0.1785755
v -0.13885225 -0.4191204375 0.166719375
v -0.1339920625 -0.4178874375 0.1724044375
v -0.1281680625 -0.4185904375 0.1671976875
v -0.122595 -0.4198125 0.162082
v -0.13994975 -0.4176910625 0.1776380625
v -0.135025 -0.4162695 0.1833265
v -0.1447061875 -0.4190653125 0.171932
v -0.150683625 -0.4198818125 0.177071625
v -0.1459435 -0.4183275 0.1828145
v -0.160781 -0.4330265 0.1915025
v -0.1544335 -0.436121 0.192796
v -0.150516 -0.429485 0.1924425
v -0.1568635 -0.4263905 0.191149
v -0.1553 -0.421032625 0.17132525
v -0.1616266875 -0.4220773125 0.1760698125
v -0.15687 -0.4216845 0.182069
v -0.1661548125 -0.4215366875 0.1697133125
v -0.1731515 -0.4201575 0.173434
v -0.1685365 -0.421431 0.179987
v -0.159671375 -0.42164825 0.16530225
v -0.163908625 -0.4218728125 0.1589904375
v -0.170324 -0.4214535 0.163204125
v -0.177162 -0.420355 0.166801
v -0.1579408125 -0.421843375 0.1543205
v -0.162272 -0.422465 0.1480815
v -0.1492880625 -0.420286625 0.166195125
v -0.1536463125 -0.4212593125 0.1603473125
v -0.1479240625 -0.421044875 0.1552311875
v -0.1522605 -0.421643 0.149373
v -0.1434843125 -0.4202301875 0.16100625
v -0.186099 -0.42166875 0.1588945
v -0.183725 -0.42323375 0.1491085
v -0.19395075 -0.424013 0.14697
v -0.173358 -0.42271575 0.15139275
v -0.1422665 -0.4194655 0.14499925
v -0.131971 -0.41879 0.14563425
v -0.0695274 -0.41417125 0.14627
v -0.048533775 -0.41406425 0.147116
v -0.059026 -0.41405025 0.1467775
v -0.06960305 -0.40466425 0.141525
v -0.08016045 -0.40498575 0.1405355
v -0.0590205 -0.40451075 0.14238725
v -0.048438 -0.40456525 0.1430125
v -0.03759395 -0.39453375 0.14115175
v -0.037250025 -0.38415525 0.13943275
v -0.0368304 -0.37368825 0.13795575
v -0.0261837 -0.37411025 0.13863375
v -0.025727875 -0.363588 0.137626
v -0.0362327 -0.36324725 0.136422
v -0.047218075 -0.37362375 0.13598775
v -0.02519755 -0.35302725 0.136653
v -0.014086565 -0.342849 0.136522
v -0.0244432 -0.34255225 0.1352305
v -0.013565635 -0.332227 0.1360205
v -0.0583432 -0.38415675 0.136206
v -0.047899325 -0.383979 0.13829025
v -0.0694256 -0.3946515 0.137668
v -0.058871675 -0.39435925 0.13923775
v -0.04823315 -0.39435975 0.1403515
v -0.1324555 -0.42018125 0.15605975
v -0.1125805 -0.4199905 0.16818875
v -0.123664 -0.41703675 0.17832375
v -0.13350575 -0.41873125 0.16695075
v -0.1229475 -0.4188185 0.167488
v -0.1345025 -0.4170715 0.177864
v -0.1453225 -0.41865575 0.17737625
v -0.1556485 -0.43125575 0.1919725
v -0.156096 -0.4212855 0.17671725
v -0.16734275 -0.42146775 0.174886
v -0.1649785 -0.42167 0.16439725
v -0.1756505 -0.421315 0.16178925
v -0.16304 -0.42215025 0.1535455
v -0.15446 -0.421072 0.16585275
v -0.15292925 -0.42145025 0.1548565
v -0.142844 -0.42070125 0.15552225
v -0.14409925 -0.4196375 0.16647575
v 0.17386 -0.438308 -0.181708
v 0.176521 -0.43376 -0.185173
v 0.166561 -0.439614 -0.185839
v 0.163933 -0.444854 -0.182783
v 0.168008 -0.433833 -0.187875
v 0.158101 -0.445779 -0.187643
v 0.258493 -0.45358 -0.156703
v 0.158377 -0.439525 -0.188417
v 0.157616 -0.433391 -0.18815
v 0.167496 -0.427654 -0.187467
v 0.199274 -0.431122 -0.180867
v 0.198873 -0.424879 -0.181864
v 0.211887 -0.426356 -0.177511
v 0.287797 -0.443614 -0.142672
v 0.212734 -0.432466 -0.176357
v 0.156016 -0.431613 -0.183636
v 0.223335 -0.433836 -0.173296
v 0.221498 -0.427593 -0.172769
v 0.215066 -0.438211 -0.172053
v 0.225947 -0.440548 -0.17177
v 0.282798 -0.444431 -0.146027
v 0.277825 -0.445274 -0.149281
v 0.288196 -0.449925 -0.141706
v 0.224477 -0.446943 -0.167322
v 0.226546 -0.446936 -0.168153
v 0.228203 -0.453272 -0.165796
v 0.225153 -0.453192 -0.16552
v 0.224384 -0.459312 -0.164535
v 0.229852 -0.459861 -0.164356
v 0.283071 -0.450737 -0.144845
v 0.282739 -0.457033 -0.143683
v 0.277937 -0.451552 -0.147995
v 0.277379 -0.457907 -0.147012
v 0.226437 -0.483147 -0.157627
v 0.231738 -0.483191 -0.155138
v 0.231205 -0.488958 -0.152737
v 0.214188 -0.488657 -0.161581
v 0.219901 -0.488781 -0.158679
v 0.225613 -0.488904 -0.155778
v 0.221145 -0.483171 -0.161092
v 0.238598 -0.48339 -0.153009
v 0.237708 -0.489062 -0.150367
v 0.212594 -0.493923 -0.158488
v 0.21842 -0.494117 -0.155728
v 0.224246 -0.494312 -0.152968
v 0.230073 -0.494506 -0.150208
v 0.215493 -0.482953 -0.163946
v 0.217804 -0.471126 -0.167479
v 0.221928 -0.477191 -0.162467
v 0.23899 -0.477264 -0.154655
v 0.251956 -0.465525 -0.155751
v 0.250027 -0.471625 -0.15425
v 0.246064 -0.483493 -0.150565
v 0.24475 -0.488928 -0.147547
v 0.20085 -0.493221 -0.163608
v 0.206722 -0.493573 -0.16105
v 0.209739 -0.482673 -0.166593
v 0.216719 -0.477131 -0.165919
v 0.247931 -0.477661 -0.152649
v 0.25513 -0.47739 -0.149597
v 0.235749 -0.47238 -0.15867
v 0.236362 -0.494471 -0.147326
v 0.243232 -0.494119 -0.144241
v 0.251746 -0.488728 -0.144642
v 0.253209 -0.483258 -0.147588
v 0.202434 -0.487854 -0.166452
v 0.208337 -0.488328 -0.164138
v 0.203871 -0.482245 -0.168948
v 0.211073 -0.476881 -0.168796
v 0.246333 -0.463613 -0.155418
v 0.257144 -0.471418 -0.151454
v 0.281912 -0.463193 -0.141994
v 0.272421 -0.4461 -0.151788
v 0.259992 -0.482809 -0.14447
v 0.206513 -0.470525 -0.173082
v 0.212207 -0.470888 -0.170415
v 0.255321 -0.459412 -0.156199
v 0.261821 -0.477092 -0.146955
v 0.246856 -0.455511 -0.156333
v 0.276323 -0.463913 -0.14505
v 0.271833 -0.458487 -0.149785
v 0.258102 -0.487989 -0.141278
v 0.264473 -0.487251 -0.137915
v 0.266288 -0.482086 -0.141202
v 0.208376 -0.458269 -0.17543
v 0.207486 -0.464421 -0.174341
v 0.213308 -0.464856 -0.171934
v 0.249899 -0.457409 -0.155809
v 0.259222 -0.46558 -0.153565
v 0.263539 -0.471226 -0.149216
v 0.267883 -0.47645 -0.143868
v 0.214137 -0.458685 -0.172879
v 0.253887 -0.450582 -0.155364
v 0.265013 -0.465176 -0.151062
v 0.269375 -0.470613 -0.146212
v 0.275114 -0.469973 -0.143166
v 0.273773 -0.475742 -0.140714
v 0.25284 -0.444864 -0.158983
v 0.272136 -0.481131 -0.137672
v 0.272509 -0.452326 -0.151106
v 0.26624 -0.458958 -0.152401
v 0.256707 -0.443662 -0.153624
v 0.262621 -0.453256 -0.155564
v 0.26707 -0.452796 -0.15363
v 0.270683 -0.464533 -0.148028
v 0.280783 -0.469152 -0.139839
v 0.279377 -0.474784 -0.137231
v 0.250242 -0.44981 -0.157202
v 0.260647 -0.459428 -0.155018
v 0.266984 -0.446751 -0.153858
v 0.168061 -0.395376 0.152156
v 0.17776 -0.395529 0.15253
v 0.187437 -0.395708 0.152589
v 0.177519 -0.403579 0.147545
v 0.196108 -0.411823 0.141866
v 0.186716 -0.411602 0.142165
v 0.205616 -0.412034 0.141627
v 0.196896 -0.403988 0.147384
v 0.206417 -0.4042 0.147125
v 0.21529 -0.412257 0.141132
v 0.224854 -0.412258 0.140367
v 0.215913 -0.404122 0.1463
v 0.206754 -0.395878 0.151756
v 0.216261 -0.395706 0.150973
v 0.225687 -0.386167 0.151939
v 0.216124 -0.386566 0.152032
v 0.206533 -0.386773 0.151843
v 0.196884 -0.386677 0.151569
v 0.187225 -0.386558 0.151395
v 0.177566 -0.386437 0.151228
v 0.167906 -0.386316 0.151062
v 0.158248 -0.386216 0.150845
v 0.148599 -0.38609 0.150625
v 0.33917 -0.314995 0.109388
v 0.158372 -0.395181 0.151373
v 0.253697 -0.375417 0.149258
v 0.262331 -0.365249 0.14639
v 0.271698 -0.364552 0.146129
v 0.26311 -0.374738 0.148165
v 0.244862 -0.385451 0.15018
v 0.254281 -0.384863 0.148343
v 0.263549 -0.384058 0.1458
v 0.254084 -0.393817 0.144882
v 0.244741 -0.394521 0.147054
v 0.263058 -0.402104 0.139241
v 0.263406 -0.39312 0.142697
v 0.27159 -0.409939 0.132587
v 0.197124 -0.395883 0.152319
v 0.262425 -0.410638 0.134994
v 0.253173 -0.411063 0.136579
v 0.24381 -0.411613 0.138271
v 0.280517 -0.409108 0.129557
v 0.281176 -0.400323 0.133424
v 0.28988 -0.3993 0.129782
v 0.290507 -0.390434 0.133487
v 0.289263 -0.408178 0.126094
v 0.28858 -0.41706 0.122377
v 0.296937 -0.416325 0.118165
v 0.297905 -0.407388 0.122223
v 0.298669 -0.398387 0.126024
v 0.299142 -0.389351 0.129468
v 0.307623 -0.3882 0.125051
v 0.315955 -0.377683 0.12301
v 0.323863 -0.366922 0.120203
v 0.33106 -0.355755 0.116545
v 0.338222 -0.353612 0.110019
v 0.343847 -0.342061 0.105313
v 0.34257 -0.333029 0.107353
v 0.336138 -0.335235 0.11426
v 0.329267 -0.337138 0.12059
v 0.330352 -0.346567 0.118898
v 0.328094 -0.327644 0.121908
v 0.322069 -0.338819 0.126573
v 0.32091 -0.329237 0.127754
v 0.313374 -0.330712 0.133302
v 0.305418 -0.332127 0.138252
v 0.297291 -0.333651 0.14273
v 0.289973 -0.335466 0.148505
v 0.288829 -0.344048 0.144244
v 0.280942 -0.3461 0.149645
v 0.27176 -0.356126 0.148607
v 0.263336 -0.35804 0.152672
v 0.254057 -0.35955 0.155904
v 0.253511 -0.36709 0.149911
v 0.244802 -0.360979 0.15861
v 0.244282 -0.368377 0.152455
v 0.23511 -0.369618 0.154848
v 0.225521 -0.370699 0.15649
v 0.225378 -0.377525 0.149953
v 0.215855 -0.378302 0.151206
v 0.206327 -0.378975 0.152144
v 0.215861 -0.371591 0.157839
v 0.272732 -0.348252 0.154452
v 0.297478 -0.32436 0.145599
v 0.304496 -0.32266 0.13934
v 0.303466 -0.313243 0.140415
v 0.310646 -0.311723 0.13443
v 0.317869 -0.310227 0.128505
v 0.333187 -0.316546 0.116172
v 0.340914 -0.323835 0.108668
v 0.334904 -0.325902 0.11573
v 0.346205 -0.321363 0.1015
v 0.297422 -0.342731 0.140569
v 0.289265 -0.353217 0.142622
v 0.290193 -0.36268 0.141506
v 0.280982 -0.363673 0.144449
v 0.298283 -0.352143 0.139322
v 0.299266 -0.370944 0.135236
v 0.298988 -0.361595 0.137644
v 0.299531 -0.380287 0.132802
v 0.290634 -0.372066 0.139405
v 0.290751 -0.381349 0.136685
v 0.281833 -0.382335 0.14011
v 0.281625 -0.373052 0.142768
v 0.30776 -0.369763 0.130746
v 0.307476 -0.360411 0.133143
v 0.315745 -0.359134 0.128218
v 0.315099 -0.349712 0.130232
v 0.306926 -0.351013 0.135152
v 0.306225 -0.34157 0.136817
v 0.314296 -0.340239 0.131873
v 0.319612 -0.319678 0.128611
v 0.312219 -0.321218 0.13419
v 0.326804 -0.318148 0.122711
v 0.348317 -0.330336 0.0999911
v 0.337331 -0.344456 0.11235
v 0.32362 -0.357681 0.122714
v 0.322931 -0.348281 0.124798
v 0.315908 -0.368439 0.125664
v 0.307919 -0.379066 0.128167
v 0.272171 -0.401255 0.136496
v 0.27259 -0.392365 0.140087
v 0.253765 -0.402745 0.141334
v 0.244362 -0.403285 0.143074
v 0.235269 -0.394955 0.14847
v 0.281712 -0.39151 0.137135
v 0.272806 -0.383251 0.143267
v 0.27249 -0.373987 0.145847
v 0.279909 -0.354096 0.14408
v 0.244275 -0.37605 0.149179
v 0.234851 -0.376679 0.148969
v 0.235281 -0.385846 0.151366
v 0.225768 -0.395349 0.149787
v 0.234365 -0.411999 0.139359
v 0.234879 -0.403663 0.144358
v 0.225359 -0.403931 0.145377
v 0.177098 -0.411366 0.142042
v 0.167964 -0.403285 0.146943
v 0.148698 -0.39489 0.150413
v 0.149133 -0.402404 0.144627
v 0.139724 -0.401731 0.142928
v 0.129711 -0.39358 0.147083
v 0.130389 -0.400952 0.141042
v 0.130831 -0.408256 0.134981
v 0.121075 -0.400174 0.139075
v 0.111841 -0.399174 0.136668
v 0.120552 -0.392386 0.144431
v 0.111247 -0.391515 0.142249
v 0.187243 -0.403863 0.147626
v 0.140087 -0.409043 0.136851
v 0.149305 -0.409831 0.138621
v 0.158547 -0.410659 0.140373
v 0.158587 -0.40289 0.145953
v 0.139178 -0.394274 0.148815
v 0.167822 -0.410815 0.141009
v -0.0271802 0.315159 0.101654
v -0.0265187 0.323037 0.100884
v -0.0258572 0.330914 0.100114
v -0.0186716 0.32242 0.10253
v -0.0100621 0.32972 0.102376
v -0.0180418 0.330318 0.101749
v -0.0106958 0.321813 0.103438
v -0.0112687 0.313877 0.104262
v -0.0192819 0.314498 0.103349
v -0.0118477 0.305864 0.104656
v -0.0198865 0.306553 0.103759
v -0.0124815 0.29784 0.104943
v -0.0204846 0.298536 0.103845
v -0.0278166 0.30726 0.102253
v -0.0151718 0.265828 0.106947
v -0.0211439 0.290538 0.10427
v -0.0144884 0.273821 0.106385
v -0.0078421 0.257177 0.109149
v -0.00846122 0.249176 0.110012
v -0.0090577 0.241274 0.111572
v -0.00105346 0.240701 0.112039
v -0.000454702 0.248612 0.110741
v 0.000144057 0.256522 0.109442
v -0.00212047 0.225246 0.116349
v -0.00159733 0.232944 0.114058
v 0.0067347 0.23987 0.110528
v 0.00733301 0.247822 0.10887
v 0.00799694 0.255815 0.107659
v -0.00963168 0.233462 0.113713
v 0.00865269 0.263779 0.106554
v 0.00932442 0.271751 0.105571
v 0.000824922 0.264492 0.108469
v 0.0015467 0.272493 0.107667
v 0.00226219 0.280498 0.106841
v 0.00295444 0.288515 0.105928
v -0.00514508 0.289167 0.106372
v -0.00445283 0.297184 0.105458
v 0.00362229 0.296534 0.10527
v 0.0122924 0.304062 0.103834
v 0.00426155 0.304583 0.104748
v 0.0116557 0.295991 0.104401
v 0.0203123 0.303514 0.102484
v 0.0196754 0.295412 0.102756
v 0.0283406 0.302992 0.100821
v 0.0288885 0.311119 0.100507
v 0.0293572 0.319235 0.100047
v 0.0294168 0.327361 0.0987372
v 0.0289696 0.335473 0.0976286
v 0.0368552 0.327492 0.0967541
v 0.0363407 0.335559 0.0957025
v 0.0374179 0.319441 0.0977088
v 0.045919 0.311896 0.0955179
v 0.045145 0.319877 0.094952
v 0.0532915 0.312489 0.0916043
v 0.0524784 0.320288 0.0918409
v 0.0655561 0.322677 0.0832644
v 0.0590647 0.321477 0.0875613
v 0.0570233 0.329218 0.0874075
v 0.0635237 0.330752 0.0830775
v 0.0725853 0.315675 0.0776007
v 0.0738264 0.307579 0.0774985
v 0.0678429 0.306558 0.0828981
v 0.0669445 0.314642 0.0832476
v 0.061361 0.305405 0.0876471
v 0.0604107 0.31344 0.0878633
v 0.0748728 0.299556 0.0772099
v 0.0686649 0.298491 0.082443
v 0.0755406 0.291563 0.0765235
v 0.0855406 0.277501 0.0616412
v 0.0821431 0.236526 0.064722
v 0.0852543 0.25345 0.0589656
v 0.0853729 0.261466 0.0598709
v 0.0854916 0.269482 0.0607762
v 0.0850398 0.285487 0.0624595
v 0.0844929 0.293477 0.0632583
v 0.0839247 0.301465 0.0640517
v 0.0828974 0.309436 0.0647089
v 0.0857546 0.310424 0.0572253
v 0.0874388 0.294387 0.0558663
v 0.086781 0.302392 0.0565855
v 0.0914667 0.295381 0.048963
v 0.0990043 0.305375 0.0359326
v 0.094731 0.304378 0.0427361
v 0.0904577 0.303381 0.0495395
v 0.0899045 0.279373 0.046292
v 0.0942486 0.288373 0.0405229
v 0.0907008 0.287377 0.047634
v 0.0985927 0.297372 0.0347538
v 0.0950449 0.296377 0.0418649
v 0.0894958 0.271368 0.0452455
v 0.0891595 0.263347 0.0443242
v 0.0887856 0.255316 0.0433388
v 0.0883083 0.24728 0.0422792
v 0.0901242 0.264431 0.0365172
v 0.0913002 0.281941 0.0310346
v 0.0895585 0.2564 0.0354304
v 0.0908196 0.265569 0.0287236
v 0.0910541 0.273758 0.0298803
v 0.0898668 0.249638 0.026139
v 0.0904092 0.257542 0.0274683
v 0.0891116 0.248401 0.034222
v 0.0875644 0.239354 0.0411517
v 0.0841705 0.229351 0.0560033
v 0.0813291 0.220514 0.0628523
v -0.010231 0.225515 0.115598
v -0.0174335 0.338228 0.101008
v 0.073264 0.203153 0.0756434
v 0.066972 0.186779 0.0798663
v 0.0597572 0.178717 0.0832903
v 0.0609198 0.186478 0.0852327
v 0.0680967 0.202725 0.0820058
v 0.0676664 0.194721 0.0810527
v 0.0681478 0.210761 0.0826032
v 0.0618895 0.202465 0.0873547
v 0.0550974 0.202276 0.091804
v 0.0539381 0.186383 0.0894392
v 0.0443198 0.171119 0.0885138
v 0.0529166 0.178609 0.0875333
v 0.045365 0.178834 0.0904611
v 0.0464101 0.186549 0.0924084
v -0.00964399 0.337733 0.101982
v -0.00273606 0.321197 0.104434
v 0.00518521 0.320617 0.103654
v 0.0714995 0.18734 0.0731349
v 0.0550992 0.210375 0.0922706
v 0.0548956 0.21848 0.0924298
v 0.0536578 0.242768 0.0917758
v 0.0545138 0.226589 0.0923725
v 0.0610689 0.234823 0.0882449
v 0.0541023 0.234676 0.0920993
v 0.0606277 0.242905 0.0879474
v 0.0670636 0.243093 0.0835028
v 0.0673784 0.235006 0.0835031
v 0.0679403 0.21884 0.0829249
v 0.0617773 0.218621 0.088149
v 0.0676488 0.226921 0.0832279
v 0.0732287 0.243302 0.0786098
v 0.0735316 0.235234 0.0782953
v 0.0736987 0.219176 0.0771848
v 0.073723 0.2272 0.0778618
v 0.0783099 0.243835 0.0724735
v 0.0780031 0.2519 0.0730202
v -0.00329757 0.31327 0.104461
v -0.0131497 0.289833 0.105421
v -0.013821 0.281828 0.105917
v 0.0100859 0.279776 0.104962
v -0.00583184 0.28116 0.107081
v 0.0615054 0.226715 0.0883333
v 0.0618469 0.210534 0.0877682
v 0.0615844 0.194415 0.0865342
v 0.0549127 0.194192 0.0912254
v 0.0517887 0.170893 0.0854818
v 0.0727056 0.195175 0.074653
v 0.078287 0.219738 0.070416
v 0.078394 0.227757 0.0711342
v 0.0785011 0.235775 0.0718523
v 0.0864469 0.238304 0.0491631
v 0.0870519 0.246324 0.0502152
v 0.0874334 0.254349 0.0511998
v 0.0877211 0.26238 0.052166
v 0.0914409 0.272306 0.0375719
v 0.0924567 0.280273 0.0385893
v -0.00651476 0.273161 0.107646
v -0.00719767 0.265161 0.108211
v 0.0128044 0.312102 0.103298
v 0.0878831 0.270401 0.0531236
v 0.0878175 0.278395 0.0540689
v 0.0877519 0.286388 0.0550141
v 0.010948 0.28787 0.104684
v -0.00185826 0.337216 0.102559
v 0.0815395 0.317373 0.0652077
v 0.0801408 0.325324 0.0658158
v 0.0758784 0.324772 0.0720338
v 0.00591164 0.33661 0.101467
v 0.0774427 0.31669 0.0717575
v 0.0847793 0.237385 0.0570655
v 0.0850251 0.245419 0.0580187
v 0.0820064 0.228501 0.0638174
v 0.0821096 0.244555 0.065523
v 0.0820858 0.252592 0.0663224
v 0.0820621 0.260628 0.0671217
v 0.0813268 0.284529 0.0696723
v 0.0806631 0.292526 0.0703533
v 0.0799987 0.300523 0.0710338
v 0.0540229 0.304659 0.0915577
v 0.0444251 0.32791 0.0939017
v 0.052068 0.328385 0.0919006
v 0.0516957 0.336524 0.0918766
v 0.043989 0.336027 0.0935909
v 0.0212759 0.319651 0.10137
v 0.0131881 0.320093 0.102649
v 0.0213906 0.327551 0.100435
v 0.0215053 0.335451 0.0995003
v 0.0208923 0.311617 0.10218
v 0.00468689 0.312614 0.104118
v 0.0133677 0.328016 0.101573
v 0.00560995 0.328575 0.102135
v -0.00214783 0.329134 0.102697
v 0.0136815 0.336004 0.100374
v -0.28393975 -0.46790375 -0.081118725
v -0.24239 -0.468609125 -0.119707375
v -0.230489125 -0.468475625 -0.127540875
v -0.20508 -0.46820075 -0.1408225
v -0.19049175 -0.4818675 -0.143042625
v -0.180329875 -0.4664145 -0.150839375
v -0.1513515 -0.453769375 -0.158984625
v -0.16491965625 -0.46794159375 -0.155108953125
v -0.29117475 -0.46916325 -0.0708358
v -0.274526125 -0.468317375 -0.09181045
v -0.2644635 -0.468533875 -0.1018513375
v -0.25380625 -0.468612375 -0.1112165
v -0.21801025 -0.46828325 -0.13456175
v -0.228251625 -0.48204575 -0.12442375
v -0.2400715 -0.48222975 -0.116805375
v -0.251331875 -0.482247 -0.108284275
v -0.262004625 -0.482179875 -0.0990238
v -0.2720635 -0.4819535 -0.08909325
v -0.281275125 -0.481574 -0.078466825
v -0.2892175 -0.479464375 -0.0689603875
v -0.216175125 -0.481848 -0.131563375
v -0.203522625 -0.481842375 -0.137638625
v -0.191992 -0.468241375 -0.146487125
v -0.16510625 -0.4539585 -0.155537625
v -0.177055375 -0.455825375 -0.152210625
v -0.151115484375 -0.467714296875 -0.158436171875
v -0.137142625 -0.467410203125 -0.1610290625
v -0.137394 -0.453466125 -0.16154425
v -0.123390875 -0.453147375 -0.163855875
v -0.1093044875 -0.4528345 -0.165492125
v -0.095174875 -0.45250625 -0.16652575
v -0.081022675 -0.45216275 -0.167101375
v -0.01193017125 -0.4520125 -0.166056875
v -0.12304603125 -0.467109890625 -0.162972296875
v -0.01168004 -0.462577 -0.165321375
v -0.0527024 -0.451398625 -0.1672165
v -0.02401967125 -0.464686125 -0.165478875
v -0.0381756875 -0.465094375 -0.165817375
v -0.024375325 -0.450590375 -0.166663875
v -0.038538975 -0.450991625 -0.166974
v -0.080654725 -0.466227375 -0.16595025
v -0.092980875 -0.468227625 -0.1650765
v -0.108915632812 -0.46681196875 -0.164234265625
v -0.0961141375 -0.478485 -0.16196
v -0.10834735 -0.48045025 -0.160746
v -0.122316625 -0.480705 -0.15949475
v -0.1362725 -0.48095425 -0.15762225
v -0.150070125 -0.4812845 -0.1551355
v -0.163759 -0.48156675 -0.1517805
v -0.177257375 -0.48175875 -0.14773325
v -0.0664942625 -0.465862875 -0.16609225
v -0.052335 -0.465486875 -0.166049125
v -0.0668665125 -0.4517985 -0.167378
v -0.285657 -0.481354 -0.0728952
v -0.2826074375 -0.474738875 -0.079792775
v -0.28831 -0.4676475 -0.07546505
v -0.291267 -0.4742515 -0.06847075
v -0.2671285 -0.482088 -0.0941437
v -0.2632340625 -0.475356875 -0.10043756875
v -0.2695675 -0.468448 -0.09690935
v -0.2732948125 -0.4751354375 -0.09045185
v -0.2767615 -0.481778 -0.0838669
v -0.279331 -0.4681315 -0.08655705
v -0.25674 -0.4822275 -0.1037391
v -0.2525690625 -0.4754296875 -0.1097503875
v -0.2592225 -0.4685855 -0.106634
v -0.2457775 -0.4822545 -0.112654
v -0.24123075 -0.4754194375 -0.118256375
v -0.2481765 -0.468624 -0.115558
v -0.2099145 -0.4818275 -0.134716
v -0.2043013125 -0.4750215625 -0.1392305625
v -0.21158 -0.468223 -0.137773
v -0.2170926875 -0.475065625 -0.1330625625
v -0.229370375 -0.4752606875 -0.1259823125
v -0.222264 -0.4819325 -0.1280895
v -0.224319 -0.468376 -0.131154
v -0.2365035 -0.4685565 -0.1237135
v -0.2342085 -0.4821525 -0.1206955
v -0.191241875 -0.4750544375 -0.144764875
v -0.198562 -0.468222 -0.143745
v -0.19704 -0.481864 -0.1404225
v -0.183903 -0.481828 -0.145474
v -0.1779400625 -0.4749573125 -0.149532625
v -0.185336 -0.4682135 -0.1489955
v -0.1580453125 -0.467838375 -0.156876
v -0.1513009375 -0.4607730625 -0.15893975
v -0.158249 -0.453877 -0.157346
v -0.165094125 -0.460979875 -0.1555649375
v -0.1787095 -0.4611205 -0.151588
v -0.1717215625 -0.4680265 -0.1531080625
v -0.171948 -0.454023 -0.1536765
v -0.143189 -0.481116 -0.156473
v -0.136759125 -0.4742155625 -0.159566625
v -0.144147125 -0.4675668125 -0.1598164375
v -0.15066025 -0.474530625 -0.1570151875
v -0.137319875 -0.4604715 -0.161527625
v -0.144389 -0.4536265 -0.1603365
v -0.1644205 -0.474784 -0.153686375
v -0.1569315 -0.481436 -0.153559
v -0.129305 -0.480823 -0.158634
v -0.122713375 -0.4739380625 -0.1614496875
v -0.130104375 -0.46725875 -0.1620863125
v -0.1232505 -0.46015925 -0.16363025
v -0.130399 -0.453306 -0.1627505
v -0.11598125 -0.4669610625 -0.163671125
v -0.1091250125 -0.4598515 -0.1650490625
v -0.1163565 -0.4529915 -0.164761
v -0.10185478125 -0.4666623125 -0.1647131875
v -0.0949935125 -0.4595373125 -0.1659935625
v -0.10224345 -0.4526725 -0.1660755
v -0.08773585 -0.4664025 -0.165753
v -0.0808387 -0.4591950625 -0.1665258125
v -0.08810025 -0.4523365 -0.1668575
v -0.07357425 -0.466047 -0.166054
v -0.0666803875 -0.4588306875 -0.166735125
v -0.07394525 -0.4519845 -0.167288
v -0.024197498125 -0.45763825 -0.166071375
v -0.016944535 -0.464486 -0.1653195
v -0.010034685 -0.457246 -0.165632
v -0.0172882 -0.450396 -0.1664015
v -0.0314581 -0.4507895 -0.166842
v -0.03835733125 -0.458043 -0.1663956875
v -0.03109695 -0.4648905 -0.165652
v -0.0456204 -0.451195 -0.167098
v -0.0525187 -0.45844275 -0.1666328125
v -0.0452552 -0.465293 -0.1659535
v -0.10864644375 -0.473659375 -0.162676
v -0.1013259 -0.4803 -0.161183
v -0.09455305 -0.473358 -0.163535
v -0.1153375 -0.480583 -0.160191
v -0.1705385 -0.481673 -0.149837
v -0.059785 -0.4516015 -0.167332
v -0.0594146 -0.4656765 -0.166093
v -0.2869835 -0.47450075 -0.074180125
v -0.268348 -0.475268 -0.095526525
v -0.27804625 -0.47495475 -0.085211975
v -0.25798125 -0.4754065 -0.10518655
v -0.246977 -0.47543925 -0.114106
v -0.21074725 -0.47502525 -0.1362445
v -0.2232915 -0.47515425 -0.12962175
v -0.235356 -0.4753545 -0.1222045
v -0.197801 -0.475043 -0.14208375
v -0.1846195 -0.47502075 -0.14723475
v -0.158223 -0.460888 -0.15734825
v -0.1719145 -0.4610545 -0.1536175
v -0.14372775 -0.474374 -0.15838
v -0.14432775 -0.46062925 -0.16031175
v -0.15756425 -0.4746675 -0.15545475
v -0.12974675 -0.47407325 -0.1605925
v -0.13029375 -0.46031475 -0.16265075
v -0.11619125 -0.46000525 -0.16441525
v -0.1020608 -0.45969675 -0.165575
v -0.08791805 -0.4593695 -0.16630525
v -0.07375975 -0.45901575 -0.166671
v -0.0171163675 -0.457441 -0.1658605
v -0.031277525 -0.45784 -0.166247
v -0.0454378 -0.458244 -0.16652575
v -0.101602025 -0.4735105 -0.16312875
v -0.11568175 -0.473801 -0.16213025
v -0.17120975 -0.4748795 -0.15169775
v -0.0595998 -0.458639 -0.1667125
v 0.11542 0.26287 -0.0682613
v 0.117261 0.270363 -0.0686463
v 0.119103 0.277857 -0.0690313
v 0.11132 0.27999 -0.0681415
v 0.125056 0.268215 -0.0695683
v 0.123246 0.260669 -0.0693927
v 0.117058 0.238197 -0.0688875
v 0.127079 0.243451 -0.07031
v 0.119172 0.245676 -0.0690827
v 0.129192 0.250931 -0.0705052
v 0.121285 0.253155 -0.0692779
v 0.114951 0.230711 -0.0687702
v 0.10708 0.232898 -0.0679804
v 0.0992095 0.235086 -0.0671907
v 0.109182 0.24039 -0.0680296
v 0.101311 0.242577 -0.0672399
v 0.111283 0.247882 -0.0680788
v 0.113384 0.255373 -0.0681279
v 0.10349 0.25005 -0.0670714
v 0.0937612 0.244657 -0.0653642
v 0.0957864 0.252167 -0.065846
v 0.105625 0.257519 -0.0670582
v 0.108222 0.208214 -0.0688686
v 0.110467 0.215713 -0.0688343
v 0.102656 0.217903 -0.06801
v 0.112713 0.223212 -0.0688
v 0.104902 0.225403 -0.0679757
v 0.097091 0.227593 -0.0671515
v 0.108577 0.183511 -0.0708704
v 0.111074 0.191016 -0.0705696
v 0.11357 0.19852 -0.0702689
v 0.10089 0.1856 -0.0698588
v 0.103351 0.193141 -0.0695037
v 0.105812 0.200682 -0.0691486
v 0.106101 0.175985 -0.0712133
v 0.0985339 0.177944 -0.0704751
v 0.0909143 0.179932 -0.0696669
v 0.0931814 0.187659 -0.0688795
v 0.111092 0.166311 -0.0725673
v 0.103671 0.16828 -0.0715914
v 0.11369 0.173829 -0.0722467
v 0.116303 0.181307 -0.0719919
v 0.118916 0.188785 -0.0717372
v 0.123962 0.179 -0.0735171
v 0.126583 0.186462 -0.0733179
v 0.129163 0.193934 -0.0731963
v 0.13172 0.201411 -0.0731204
v 0.136841 0.191532 -0.0750362
v 0.139397 0.19901 -0.0749587
v 0.141995 0.206492 -0.0749674
v 0.141527 0.181533 -0.0776703
v 0.144299 0.189061 -0.0775723
v 0.14707 0.196589 -0.0774743
v 0.157201 0.201665 -0.0803815
v 0.151892 0.186404 -0.0800743
v 0.154535 0.194044 -0.0802521
v 0.142669 0.164094 -0.0808393
v 0.145761 0.171523 -0.0805669
v 0.138625 0.174016 -0.0777561
v 0.148852 0.178951 -0.0802944
v 0.13562 0.166584 -0.0781308
v 0.139431 0.156791 -0.0812313
v 0.142995 0.147141 -0.0844801
v 0.146246 0.154361 -0.0846352
v 0.149562 0.161672 -0.0841721
v 0.152879 0.168982 -0.0837089
v 0.156413 0.159157 -0.0879778
v 0.152976 0.151927 -0.0884033
v 0.158963 0.149366 -0.0931961
v 0.154925 0.142347 -0.0936547
v 0.14913 0.144853 -0.0888759
v 0.145202 0.13786 -0.0890808
v 0.146242 0.128659 -0.0944792
v 0.150659 0.135501 -0.0940191
v 0.164099 0.147102 -0.0988638
v 0.15987 0.139923 -0.0992779
v 0.163984 0.137677 -0.105829
v 0.168222 0.145051 -0.105511
v 0.17226 0.152524 -0.105266
v 0.176232 0.160031 -0.105045
v 0.183766 0.175216 -0.104499
v 0.1866 0.183185 -0.104582
v 0.189389 0.191183 -0.104677
v 0.187388 0.200365 -0.0977379
v 0.189598 0.208539 -0.0980543
v 0.191848 0.216694 -0.0983584
v 0.193907 0.224925 -0.0986619
v 0.195426 0.233292 -0.098861
v 0.189557 0.23445 -0.0931354
v 0.190726 0.242909 -0.0933646
v 0.19155 0.251552 -0.0934659
v 0.19242 0.260183 -0.0935909
v 0.185139 0.252666 -0.0889742
v 0.185879 0.261091 -0.0892234
v 0.179698 0.270432 -0.0855837
v 0.180308 0.278749 -0.0861299
v 0.186494 0.269499 -0.0896743
v 0.186793 0.278119 -0.0902816
v 0.186709 0.287143 -0.0906672
v 0.180651 0.287255 -0.0866847
v 0.179992 0.295838 -0.0871075
v 0.173285 0.295944 -0.083647
v 0.173756 0.287958 -0.0832948
v 0.171949 0.263269 -0.082062
v 0.172693 0.271533 -0.0825181
v 0.173438 0.279796 -0.0829742
v 0.17112 0.255147 -0.0816631
v 0.164759 0.265041 -0.0792234
v 0.165639 0.273081 -0.0795885
v 0.158537 0.274922 -0.0771718
v 0.166542 0.281119 -0.0800155
v 0.159442 0.282915 -0.077698
v 0.166799 0.289151 -0.0805552
v 0.160023 0.290707 -0.0782767
v 0.166429 0.29731 -0.0810898
v 0.152262 0.284643 -0.0754443
v 0.144857 0.286736 -0.0738891
v 0.15299 0.292368 -0.0760032
v 0.145585 0.294461 -0.074448
v 0.143562 0.279101 -0.0733494
v 0.135936 0.281229 -0.0718016
v 0.137399 0.288837 -0.0723357
v 0.129772 0.290964 -0.070788
v 0.134461 0.273622 -0.0712487
v 0.137041 0.248721 -0.0717479
v 0.138697 0.256313 -0.0720921
v 0.140353 0.263906 -0.0724364
v 0.142009 0.271499 -0.0727806
v 0.15113 0.276977 -0.0749504
v 0.144743 0.246439 -0.0736012
v 0.146354 0.254079 -0.0739198
v 0.147966 0.261719 -0.0742383
v 0.149578 0.26936 -0.0745569
v 0.154054 0.25181 -0.0759575
v 0.155663 0.259457 -0.0763363
v 0.157271 0.267105 -0.076715
v 0.15857 0.234196 -0.0776352
v 0.160172 0.241855 -0.0779798
v 0.15245 0.244156 -0.0755989
v 0.14643 0.221533 -0.0751319
v 0.148556 0.229039 -0.0752318
v 0.150682 0.236546 -0.0753318
v 0.138556 0.223873 -0.0730965
v 0.140688 0.231377 -0.0732119
v 0.134192 0.208876 -0.0729786
v 0.136395 0.216372 -0.0730139
v 0.126267 0.211208 -0.0713048
v 0.128464 0.218705 -0.0713319
v 0.130662 0.226202 -0.071359
v 0.121414 0.196271 -0.0715034
v 0.123911 0.203731 -0.0713652
v 0.13283 0.233702 -0.0714422
v 0.134966 0.241206 -0.071584
v 0.14431 0.21402 -0.0750285
v 0.156535 0.226655 -0.0774913
v 0.16436 0.224268 -0.0803587
v 0.166146 0.231973 -0.080645
v 0.167932 0.239677 -0.0809313
v 0.169683 0.247375 -0.0812359
v 0.173602 0.230066 -0.08404
v 0.175384 0.237834 -0.084365
v 0.177167 0.245602 -0.08469
v 0.171833 0.222273 -0.0837382
v 0.182844 0.236036 -0.0883264
v 0.179369 0.220204 -0.0876915
v 0.167371 0.206659 -0.0833503
v 0.169983 0.214407 -0.0834817
v 0.174453 0.20456 -0.0872623
v 0.176986 0.21237 -0.0874639
v 0.186016 0.218222 -0.0925332
v 0.183599 0.210284 -0.0922861
v 0.169182 0.188974 -0.0872234
v 0.17187 0.196759 -0.0871496
v 0.16628 0.181294 -0.0871768
v 0.17284 0.17898 -0.091915
v 0.175797 0.186675 -0.0918828
v 0.166222 0.164049 -0.0926199
v 0.169773 0.171356 -0.0920472
v 0.156146 0.176337 -0.0833991
v 0.159199 0.183809 -0.0832898
v 0.181052 0.228208 -0.0881045
v 0.161841 0.24953 -0.0782736
v 0.142817 0.238882 -0.0733496
v 0.132817 0.266028 -0.0708668
v 0.163443 0.257215 -0.0787729
v 0.192676 0.278118 -0.094617
v 0.201937 0.260217 -0.105466
v 0.201658 0.250962 -0.105389
v 0.200475 0.232606 -0.105345
v 0.20127 0.241754 -0.105306
v 0.202206 0.224044 -0.112889
v 0.203522 0.233042 -0.112599
v 0.204534 0.242087 -0.112282
v 0.20491 0.251368 -0.11221
v 0.205138 0.233688 -0.120342
v 0.20381 0.224696 -0.120754
v 0.201828 0.215933 -0.120937
v 0.202382 0.216718 -0.129207
v 0.199845 0.207788 -0.129186
v 0.203863 0.225648 -0.128711
v 0.205303 0.234589 -0.128188
v 0.197295 0.198882 -0.129135
v 0.194731 0.190184 -0.120714
v 0.197386 0.198739 -0.120918
v 0.199705 0.20723 -0.121067
v 0.197813 0.206998 -0.112723
v 0.200046 0.215481 -0.112847
v 0.19295 0.190413 -0.112476
v 0.195553 0.198542 -0.112598
v 0.19462 0.207355 -0.10493
v 0.196675 0.215716 -0.105076
v 0.198726 0.224078 -0.105227
v 0.190067 0.182403 -0.112404
v 0.186688 0.174287 -0.112236
v 0.182747 0.166416 -0.112209
v 0.180408 0.157904 -0.120253
v 0.170675 0.143685 -0.113033
v 0.175153 0.150979 -0.112671
v 0.184505 0.165589 -0.120127
v 0.18826 0.173582 -0.120275
v 0.191782 0.1817 -0.120484
v 0.194729 0.190193 -0.128881
v 0.205843 0.242756 -0.119923
v 0.196585 0.241981 -0.0989955
v 0.197258 0.25084 -0.099158
v 0.197704 0.259952 -0.0992188
v 0.197956 0.269156 -0.0993878
v 0.192809 0.268955 -0.0939688
v 0.178287 0.253734 -0.0849431
v 0.179045 0.262065 -0.085157
v 0.184337 0.244065 -0.0887039
v 0.1881 0.226157 -0.0928121
v 0.178734 0.194415 -0.0918643
v 0.181169 0.202349 -0.0920686
v 0.19217 0.199187 -0.104783
v 0.178719 0.176901 -0.0977632
v 0.181741 0.184629 -0.0976995
v 0.184762 0.192357 -0.0976357
v 0.175534 0.169209 -0.0979262
v 0.171991 0.161657 -0.0980943
v 0.180195 0.167505 -0.104813
v 0.168204 0.154292 -0.0984985
v 0.179133 0.158572 -0.112427
v 0.154231 0.124092 -0.107079
v 0.159268 0.130788 -0.106392
v 0.150806 0.126255 -0.100396
v 0.145994 0.119516 -0.100895
v 0.186424 0.296112 -0.091176
v 0.149212 0.117402 -0.107793
v 0.155417 0.132966 -0.099809
v 0.162648 0.156674 -0.092852
v 0.159777 0.166467 -0.0876578
v 0.163131 0.173815 -0.0873639
v 0.136034 0.14959 -0.0818544
v 0.132451 0.159244 -0.0787202
v 0.12548 0.161673 -0.0765297
v 0.128509 0.169092 -0.0760456
v 0.131319 0.176552 -0.0756196
v 0.162016 0.191378 -0.0832673
v 0.164706 0.198998 -0.0832914
v 0.159965 0.209158 -0.080152
v 0.162271 0.216692 -0.0802216
v 0.149772 0.204045 -0.0772906
v 0.152071 0.211578 -0.077342
v 0.154371 0.219111 -0.0773934
v 0.134102 0.184019 -0.07521
v 0.118337 0.164158 -0.07445
v 0.121208 0.171566 -0.0739019
v 0.0956294 0.195202 -0.0685162
v 0.0878164 0.197342 -0.0678026
v 0.0980351 0.202791 -0.0683271
v 0.0902014 0.204952 -0.0676915
v 0.116068 0.206024 -0.0699683
v 0.100381 0.210375 -0.0681494
v 0.092527 0.212523 -0.0674789
v 0.0948324 0.220081 -0.0672318
v 0.118436 0.21352 -0.0698334
v 0.120607 0.221003 -0.0699365
v 0.122778 0.228487 -0.0700396
v 0.124948 0.235971 -0.0701426
v 0.131063 0.258464 -0.0706221
v 0.0978038 0.259675 -0.0663195
v 0.107565 0.265014 -0.0674486
v 0.0996917 0.267162 -0.0666549
v 0.109452 0.272501 -0.0677841
v 0.126832 0.275741 -0.069915
v 0.12831 0.283357 -0.0702584
v 0.120629 0.285456 -0.0693803
v 0.112949 0.287555 -0.0685022
v 0.0624253 -0.098438075 0.065708325
v 0.051668 -0.0987763 0.0675651125
v 0.0519294125 -0.0881201375 0.0703242625
v 0.06282065 -0.08791465 0.0682829125
v 0.0752235125 -0.078604575 0.0664390625
v 0.08666305 -0.066709 0.0635004625
v 0.083517825 -0.074812425 0.0656309375
v 0.0979335875 -0.0527349 0.062919
v 0.0968438 -0.0431012 0.063538775
v 0.10740175 -0.0433514625 0.0603113625
v 0.107574625 -0.0323637375 0.0602744
v 0.0969647125 -0.0321410375 0.0632151625
v 0.1076385 -0.010467693625 0.0589501125
v 0.107506 0.00040831325 0.0574656125
v 0.107318 0.011249581375 0.0557478625
v 0.0967731875 0.00059161875 0.0600077375
v 0.096430475 0.0222191 0.0563083875
v 0.1054601875 0.03149395 0.0522081875
v 0.1048754375 0.0447993375 0.04894015
v 0.105733125 0.05412105 0.04657405
v 0.105438875 0.064796025 0.044273725
v 0.1035077125 0.0845111625 0.0389373625
v 0.105185125 0.0754050875 0.0417232125
v 0.0975126625 0.0315423625 0.0538395125
v 0.0970990875 0.0448406125 0.0504984375
v 0.0954920625 0.0542613875 0.0488484
v 0.0950982625 0.0648514 0.046034925
v 0.0947036375 0.0753125375 0.0428177125
v 0.095656975 0.0844088 0.039634425
v 0.095066375 0.0969482625 0.033976225
v 0.102031892188 0.1250834375 0.0190896375
v 0.1028002125 0.097418575 0.0337711
v 0.111551375 0.110084 0.0329085
v 0.112238 0.119193375 0.0286946125
v 0.10289349375 0.11593375 0.0248521671875
v 0.111585375 0.1283165 0.02198875
v 0.1107155 0.136629875 0.01452652125
v 0.10866375 0.14315825 0.00761322375
v 0.0983193375 0.150839 -0.00068149525
v 0.0956694875 0.158051625 -0.006548685875
v 0.0863777125 0.160111875 -0.004213363875
v 0.0774427875 0.159623625 -0.0005087095
v 0.020479175 -0.0965820125 0.0681265
v 0.0785351 0.15280425 0.003869416125
v 0.0892179875 0.143256125 0.00941251875
v 0.0906114875 0.134451375 0.01577533
v 0.0917037625 0.12510125 0.0213734
v 0.09257845 0.115356125 0.02618775
v 0.0867424375 0.1508205 0.00399753875
v 0.100823675 0.143770875 0.005431002875
v 0.100889060937 0.13412321875 0.0131606192188
v 0.072991225 -0.0979365875 0.0633318125
v 0.104783375 0.1051797875 0.030579025
v 0.0932075125 0.10550485 0.0301091625
v 0.10706975 0.0220763125 0.053890325
v 0.0966424875 0.011426028125 0.0582641375
v 0.0969860125 -0.0211997875 0.0624776
v 0.09688925 -0.010296346875 0.0613141625
v 0.1076715 -0.021394175 0.059901925
v 0.1058307125 -0.05291325 0.0605567375
v 0.0931374625 -0.085205575 0.0603453625
v 0.040779575 -0.09889785 0.068668225
v 0.0204671625 -0.089411975 0.071573825
v 0.02987875 -0.098762275 0.06904575
v 0.0410168 -0.0882182375 0.0713811375
v 0.081970125 -0.09577335 0.0605679625
v 0.0853663375 -0.08819745 0.0625932125
v 0.03005145 -0.088237375 0.0715678375
v 0.0724799375 -0.086384375 0.0670375625
v 0.0953557125 -0.0757806 0.0620422375
v 0.0946397375 -0.066363775 0.063141
v 0.07338681875 -0.09275356875 0.0650082
v 0.0683298 -0.0877646 0.0675452
v 0.062622975 -0.0931763625 0.06699561875
v 0.0677554 -0.09823825 0.06464865
v 0.057365 -0.0880322 0.06931325
v 0.05179870625 -0.09344821875 0.0689446875
v 0.0570638 -0.09862685 0.06670845
v 0.04648045 -0.08818135 0.071004
v 0.0408981875 -0.09355804375 0.07002468125
v 0.046235 -0.09885815 0.0681944
v 0.0789766625 -0.0872627125 0.0649312625
v 0.08449308125 -0.0815726375 0.0645195875
v 0.0793327 -0.0767334 0.0661766
v 0.07385855 -0.0825763 0.06669745
v 0.09008800625 -0.0758896 0.0636601
v 0.09573735 -0.0703728 0.0627751
v 0.0907272 -0.0652045 0.0632113
v 0.0851106 -0.0706913 0.06452295
v 0.08925235 -0.0867547 0.061549
v 0.0948305 -0.0811362 0.06087105
v 0.107264 -0.0488342 0.06024065
v 0.102122775 -0.04322633125 0.06192506875
v 0.0967241 -0.0485884 0.0634473
v 0.10184485 -0.054195 0.0617025
v 0.107501 -0.03785865 0.060326
v 0.10226966875 -0.0322523875 0.06174478125
v 0.0969201 -0.037619 0.0634448
v 0.10232875625 -0.02129698125 0.0611897625
v 0.09698935 -0.02666655 0.06289965
v 0.1076355 -0.0268747 0.0601464
v 0.10213959375 0.000499966 0.058736675
v 0.0968315 -0.0048479875 0.0606973
v 0.102263875 -0.01038202025 0.0601321375
v 0.1075815 -0.0050239745 0.05825635
v 0.0969467 -0.015745 0.06192835
v 0.1076705 -0.0159248 0.0595009
v 0.10198024375 0.01133780475 0.057006
v 0.09671405 0.0060140125 0.05917545
v 0.1074185 0.0058311255 0.0566239
v 0.1017501125 0.02214770625 0.05509935625
v 0.0965469 0.0168345 0.0573375
v 0.1072035 0.0166688 0.05485415
v 0.1069115 0.02745965 0.05280395
v 0.10144725 0.03285435 0.0527162
v 0.0962964 0.0275595 0.05508965
v 0.10061259375 0.05419121875 0.047711225
v 0.0956706 0.04889185 0.04997875
v 0.10104275 0.0434796 0.0500006
v 0.105971 0.04879035 0.047772
v 0.10026856875 0.0648237125 0.045154325
v 0.09529825 0.0595773 0.04751425
v 0.1055655 0.05945985 0.0454242
v 0.09994438125 0.0753588125 0.0422704625
v 0.0949012 0.0700955 0.04446905
v 0.105324 0.07011885 0.0430739
v 0.09450215 0.08050545 0.041082
v 0.1049865 0.0806315 0.04012015
v 0.09952835 0.08575715 0.0388475
v 0.10386 0.10113765 0.03186105
v 0.09839213125 0.10573844375 0.0297122
v 0.09352925 0.1005694 0.03228335
v 0.09901285 0.09596005 0.03447415
v 0.1111675 0.132565 0.0183253
v 0.105839875 0.1351403125 0.0135118525
v 0.10148159375 0.1296304375 0.0161690625
v 0.1068731875 0.1264290625 0.0201072875
v 0.09578786875 0.1340510625 0.014136256875
v 0.09119325 0.1298425 0.0186743
v 0.09693238125 0.1248214375 0.0197996125
v 0.0921714 0.1202585 0.0239005
v 0.09781685 0.1154214375 0.02508845625
v 0.102506925 0.1205445625 0.0220179125
v 0.107646625 0.1173400625 0.0263418875
v 0.111936 0.123867 0.0254799
v 0.1031784 0.1111709375 0.02749068125
v 0.1081615 0.1076075 0.03176005
v 0.11251 0.1142725 0.03152875
v 0.0929072 0.110436 0.0281673
v 0.1047745 0.1434165 0.00645737
v 0.100287325 0.1384994375 0.009968739375
v 0.1102625 0.1405285 0.010629385
v 0.091577 0.1595395 -0.006049135
v 0.08713141875 0.1559429375 -0.00073498175
v 0.09309190625 0.1513664375 0.001097956125
v 0.09755635 0.154889 -0.0042791485
v 0.08854405 0.1476055 0.006185375
v 0.09446789375 0.1428483125 0.0077910876875
v 0.0990402 0.146689 0.0028033015
v 0.0766823 0.1562345 0.0020062845
v 0.0826473 0.1517765 0.00387936
v 0.08117045 0.160528 -0.0024742405
v 0.0899301 0.138897 0.01264862
v 0.0780699 -0.0974423 0.0615602
v 0.0836706 -0.0919477 0.06158925
v 0.0191194 -0.0929128 0.0697675
v 0.0244993 -0.09825725 0.0683105
v 0.0299651 -0.093499825 0.07030679375
v 0.02456965 -0.0882419 0.0718858
v 0.0353165 -0.09892085 0.0690585
v 0.03553715 -0.0882332 0.07148435
v 0.0680426 -0.093001425 0.066096925
v 0.0572144 -0.093329525 0.06801085
v 0.046357725 -0.09351975 0.0695992
v 0.079200575 -0.0820272 0.065731075
v 0.090423975 -0.07053205 0.063649025
v 0.08968655 -0.08130715 0.062817875
v 0.10199405 -0.0487113 0.061843975
v 0.10221055 -0.037738825 0.0618854
v 0.102312425 -0.026770625 0.061523025
v 0.1022065 -0.004935981 0.059476825
v 0.1023086 -0.0158349 0.060714625
v 0.102066275 0.005922569 0.057899675
v 0.1018752 0.01675165 0.056095825
v 0.10160395 0.027509575 0.0539468
v 0.1008208 0.0488411 0.048875375
v 0.100431875 0.059518575 0.046469225
v 0.1001126 0.070107175 0.043771475
v 0.099744325 0.080568475 0.040601075
v 0.098694625 0.100853525 0.0320722
v 0.10637475 0.1308355 0.016858725
v 0.096387625 0.12947425 0.017033225
v 0.0974147 0.1201485 0.022513825
v 0.107297 0.12195275 0.023303525
v 0.1079225 0.1125245 0.029116825
v 0.0981211 0.11060625 0.0274361
v 0.10530675 0.13931175 0.010020685
v 0.0923459 0.1554795 -0.00244015675
v 0.093792125 0.14714725 0.00449433825
v 0.081908875 0.15615225 0.00070255975
v 0.09514055 0.138496 0.0110303025
v 0.078569175 -0.09238165 0.063422875
v 0.024534475 -0.093249575 0.07009815
v 0.035426825 -0.093577025 0.070271425
v -0.222137 0.0369287 0.0161994
v -0.214171 0.0443448 0.019889
v -0.212408 0.052162 0.018102
v -0.205928 0.0516268 0.0231824
v -0.197499 0.058887 0.0259835
v -0.204146 0.0594275 0.021173
v -0.193575 0.042223 0.0339393
v -0.199054 0.0509443 0.0277576
v -0.192051 0.0501834 0.0321947
v -0.19052 0.0581359 0.030432
v -0.183375 0.057159 0.0330027
v -0.184769 0.0490559 0.0333475
v -0.186216 0.0410257 0.0335784
v -0.187684 0.0329773 0.0339506
v -0.188622 0.0248892 0.0348696
v -0.174091 0.0634898 0.0306753
v -0.172243 0.071438 0.0313835
v -0.170282 0.0793475 0.0299632
v -0.168049 0.0868387 0.0270789
v -0.177471 0.0802758 0.0268331
v -0.175178 0.0876342 0.0237009
v -0.172885 0.0949925 0.0205687
v -0.179762 0.0729126 0.0299212
v -0.184585 0.0810328 0.0231568
v -0.182295 0.0883984 0.0200897
v -0.180004 0.095764 0.0170226
v -0.186775 0.0735608 0.0258828
v -0.193682 0.0742323 0.0215943
v -0.191527 0.0817002 0.0189655
v -0.198323 0.0823248 0.0144664
v -0.189259 0.0890354 0.0161328
v -0.19599 0.0895843 0.0115174
v -0.193659 0.0968478 0.00857596
v -0.191334 0.104121 0.00565411
v -0.197721 0.104523 0.000731233
v -0.202471 0.0901329 0.00672959
v -0.200135 0.0973731 0.00378007
v -0.213079 0.075673 0.0065413
v -0.204702 0.0827707 0.0094061
v -0.210907 0.0831202 0.00404104
v -0.208696 0.0905513 0.00149866
v -0.20627 0.0977342 -0.00139546
v -0.203739 0.104739 -0.00451047
v -0.216902 0.0603536 0.0108363
v -0.208717 0.0675919 0.0139487
v -0.21504 0.0680398 0.00874552
v -0.206787 0.0752555 0.011791
v -0.194938 0.111247 -0.00276489
v -0.188738 0.111058 0.00226035
v -0.186039 0.117731 -0.0016726
v -0.176868 0.12401 -0.00133603
v -0.179503 0.117376 0.002591
v -0.182096 0.110673 0.00646723
v -0.175202 0.110073 0.0103534
v -0.172702 0.116967 0.00668014
v -0.163018 0.123022 0.00634505
v -0.153236 0.12881 0.00557914
v -0.160287 0.129319 0.00184213
v -0.143084 0.134003 0.00402269
v -0.150329 0.13481 0.000696349
v -0.140235 0.140026 -0.000845112
v -0.130002 0.144891 -0.0027595
v -0.122464 0.143361 -0.000345034
v -0.125311 0.137525 0.00457374
v -0.127998 0.131176 0.00890656
v -0.135633 0.132775 0.0067503
v -0.125551 0.11636 0.0190486
v -0.123009 0.1231 0.0152312
v -0.117822 0.114428 0.0205139
v -0.115277 0.121112 0.0166198
v -0.107586 0.119191 0.0181598
v -0.110033 0.112479 0.0218277
v -0.112395 0.105661 0.025304
v -0.120242 0.107576 0.024041
v -0.137696 0.0810774 0.034894
v -0.135291 0.0881444 0.0318982
v -0.143134 0.0899981 0.0307135
v -0.125044 0.0933576 0.0300871
v -0.132887 0.0952114 0.0289024
v -0.122639 0.100425 0.0270913
v -0.129807 0.0791431 0.0357101
v -0.127435 0.0862657 0.032969
v -0.11478 0.0985414 0.0281414
v -0.142342 0.0666067 0.0403845
v -0.140068 0.0739444 0.0377698
v -0.147058 0.0518573 0.0434585
v -0.148913 0.0441708 0.04359
v -0.2158 0.0364665 0.0214748
v -0.16296 -0.0026919 0.0434852
v -0.152376 0.0285932 0.0419155
v -0.150832 0.0364618 0.0428947
v -0.218727 0.0526192 0.0127895
v -0.144616 0.0592634 0.0429767
v -0.150195 0.0681582 0.0387989
v -0.152489 0.0607152 0.041064
v -0.160362 0.0619743 0.0386832
v -0.154714 0.053018 0.0426645
v -0.162532 0.0542208 0.0401279
v -0.17035 0.0554236 0.0375913
v -0.164228 0.0462 0.0407888
v -0.172116 0.0474282 0.0383891
v -0.178068 0.047911 0.0326466
v -0.176124 0.0557064 0.0315871
v -0.165506 0.0706177 0.0337762
v -0.162815 0.077877 0.0311047
v -0.153207 0.0842088 0.0315756
v -0.155702 0.0770111 0.0345228
v -0.150741 0.0914206 0.0285849
v -0.148354 0.0987317 0.0256726
v -0.160642 0.0854617 0.0291846
v -0.15825 0.0927888 0.0263106
v -0.155853 0.100079 0.0233349
v -0.153434 0.107248 0.02003
v -0.145874 0.105778 0.0223311
v -0.135719 0.111098 0.0207128
v -0.143395 0.112789 0.0188231
v -0.150917 0.114175 0.0163662
v -0.148401 0.121023 0.0125514
v -0.145835 0.12771 0.00855189
v -0.140694 0.0970617 0.0275222
v -0.138204 0.104082 0.0241471
v -0.128045 0.109407 0.0225797
v -0.168093 0.0631558 0.03596
v -0.179905 0.0400296 0.0334882
v -0.181132 0.0319172 0.0338114
v -0.183246 0.0157021 0.0341376
v -0.182316 0.0238412 0.0341889
v -0.183978 0.00754723 0.0337719
v -0.178037 -0.00131542 0.0380723
v -0.177463 0.00686361 0.0386799
v -0.169118 0.014172 0.0422731
v -0.176809 0.0150308 0.0391633
v -0.169824 0.00602782 0.0418197
v -0.170904 -0.0101086 0.0407448
v -0.170546 -0.00202949 0.0413347
v -0.171124 -0.0181811 0.0399378
v -0.17783 -0.00938203 0.0365387
v -0.171036 -0.0263586 0.038638
v -0.177808 -0.0175939 0.0353386
v -0.171012 -0.0345121 0.0372276
v -0.220441 0.0447776 0.0145035
v -0.210649 0.0599455 0.0161425
v -0.164109 -0.0349702 0.0414095
v -0.163861 -0.0269243 0.0421356
v -0.163527 -0.0188539 0.0427054
v -0.163171 -0.0107774 0.0432767
v -0.168354 0.022337 0.0424954
v -0.176033 0.0231959 0.0393562
v -0.167142 0.0303417 0.0423561
v -0.174938 0.0312846 0.0392086
v -0.165858 0.0383527 0.0419777
v -0.173735 0.0394167 0.0390147
v -0.157956 0.0372943 0.0448232
v -0.159335 0.0293779 0.045669
v -0.160568 0.0214096 0.0456912
v -0.156456 0.0451735 0.0438759
v -0.158076 0.069615 0.0369487
v -0.14791 0.0754973 0.0362018
v -0.145525 0.0827815 0.0335039
v -0.130503 0.10245 0.026073
v -0.133242 0.118119 0.0172444
v -0.140892 0.119723 0.0151937
v -0.13068 0.124845 0.0133297
v -0.138283 0.12632 0.011037
v -0.112673 0.127447 0.0123909
v -0.120344 0.129399 0.0108565
v -0.117634 0.135545 0.00628977
v -0.132892 0.13905 0.00222364
v -0.158322 0.115313 0.0134746
v -0.155824 0.122185 0.00970066
v -0.16805 0.109278 0.0138281
v -0.165565 0.116216 0.0101948
v -0.170077 0.123625 0.00268722
v -0.186899 0.0963041 0.0130554
v -0.177657 0.103074 0.013886
v -0.184516 0.10358 0.00987565
v -0.16568 0.0940872 0.0238386
v -0.163244 0.101235 0.0204885
v -0.170509 0.102228 0.0173099
v -0.160808 0.108382 0.0171384
v -0.18173 0.065204 0.0322806
v -0.188937 0.0660718 0.0285346
v -0.203576 0.0271057 0.0322616
v -0.195035 0.0342455 0.0354477
v -0.19599 0.0261013 0.0359617
v -0.197288 0.0181041 0.036893
v -0.204716 0.0190398 0.0329979
v -0.2121 0.019957 0.0290465
v -0.218777 0.0205784 0.0241465
v -0.217311 0.0285333 0.0228564
v -0.210558 0.0278749 0.0276637
v -0.20205 0.03503 0.0309054
v -0.209002 0.0357854 0.0262572
v -0.20057 0.0429816 0.0294767
v -0.207512 0.0437315 0.0248316
v -0.195682 0.0666489 0.0239308
v -0.202296 0.0671508 0.0190819
v -0.200388 0.0748035 0.0169207
v -0.119426 0.0795585 0.0361284
v -0.121348 0.0710229 0.0392885
v -0.112261 0.069494 0.0404837
v -0.108549 0.0867573 0.0347439
v -0.110352 0.078062 0.0374427
v -0.0960138 0.102928 0.0312174
v -0.106623 0.0952129 0.0314473
v -0.0945889 0.0675282 0.0443662
v -0.0961207 0.0589339 0.0474133
v -0.105691 -0.0125533 0.0604331
v -0.106422 -0.0217179 0.0611587
v -0.115527 -0.0213717 0.0594081
v -0.116026 -0.0306886 0.0598087
v -0.0983311 -0.0405334 0.0639751
v -0.106938 -0.0310113 0.0616035
v -0.107422 -0.0402324 0.0621477
v -0.116615 -0.0399976 0.0604672
v -0.107892 -0.0495658 0.0624944
v -0.117042 -0.0493324 0.0607091
v -0.098746 -0.0497741 0.0642992
v -0.0990459 -0.0590335 0.0642716
v -0.108187 -0.058854 0.0624445
v -0.0993381 -0.0682972 0.0642408
v -0.108423 -0.0681486 0.0623898
v -0.099322 -0.10548 0.0618304
v -0.108253 -0.105357 0.0592171
v -0.108279 -0.1147 0.0583934
v -0.0993099 -0.114807 0.0609777
v -0.0990574 -0.124055 0.0596354
v -0.0987055 -0.133235 0.0579719
v -0.113178 0.104867 0.0255018
v -0.108035 -0.123936 0.0569854
v -0.10769 -0.13313 0.0553462
v -0.0993799 -0.0961877 0.0627647
v -0.108325 -0.0960588 0.0601639
v -0.11729 -0.0959303 0.0575798
v -0.099517 -0.0869195 0.0636301
v -0.108692 -0.0868096 0.0614996
v -0.0994989 -0.0776345 0.0641445
v -0.108622 -0.0775044 0.0619875
v -0.117448 -0.0680048 0.0600977
v -0.117587 -0.0773535 0.0595771
v -0.117579 -0.0866656 0.0587897
v -0.117295 -0.0586607 0.0605593
v -0.124697 -0.0209368 0.0577219
v -0.124144 -0.0115638 0.0573463
v -0.131691 0.00768919 0.0533767
v -0.132579 -0.00163167 0.0544039
v -0.122437 0.00709962 0.0551761
v -0.123291 -0.00223209 0.0562613
v -0.113023 0.0061663 0.0562237
v -0.114119 -0.00280217 0.0578954
v -0.120321 0.0251481 0.0520127
v -0.121416 0.0161796 0.0536845
v -0.102891 0.0146771 0.0566925
v -0.1039 0.00559595 0.0581199
v -0.110977 0.0242903 0.0532857
v -0.111985 0.0152091 0.0547131
v -0.101866 0.0236748 0.0552294
v -0.100634 0.0325874 0.0536039
v -0.109863 0.0332694 0.0517584
v -0.097706 0.0502193 0.0499148
v -0.0991706 0.041404 0.0517628
v -0.105074 0.0598442 0.045403
v -0.106727 0.0509679 0.0476383
v -0.108379 0.0420915 0.0498736
v -0.119021 0.0341961 0.0502848
v -0.117322 0.0431259 0.0480268
v -0.126464 0.044491 0.0474052
v -0.124747 0.0534268 0.0447994
v -0.123045 0.0622657 0.0418542
v -0.135387 0.045702 0.0457902
v -0.133686 0.0545979 0.0427824
v -0.104537 0.10365 0.0279205
v -0.137004 0.0366458 0.0486562
v -0.138317 0.027282 0.0501873
v -0.138957 0.0177895 0.0486417
v -0.115615 0.0519174 0.0454503
v -0.128063 0.0353752 0.0491889
v -0.129356 0.0261916 0.0502824
v -0.130834 0.0170814 0.05234
v -0.134257 -0.0392606 0.055061
v -0.134405 -0.0486434 0.0547412
v -0.134074 -0.0298857 0.0553003
v -0.12535 -0.0396614 0.0578627
v -0.125565 -0.0490264 0.0577003
v -0.125735 -0.0583971 0.0574373
v -0.125865 -0.0677632 0.0570828
v -0.125896 -0.0771112 0.0564784
v -0.125882 -0.0864287 0.0556472
v -0.125844 -0.0957306 0.0546715
v -0.134405 -0.0860149 0.0517906
v -0.134517 -0.0767085 0.0528345
v -0.134473 -0.0580095 0.0541853
v -0.134507 -0.0673613 0.0535275
v -0.131992 -0.131784 0.0430837
v -0.12427 0.0984783 0.0281053
v -0.115305 0.0965466 0.0293081
v -0.126418 0.0901443 0.0319068
v -0.117457 0.088243 0.0331541
v -0.133738 -0.104449 0.0488375
v -0.133222 -0.113596 0.0470561
v -0.132707 -0.122743 0.0452748
v -0.123922 -0.132381 0.0477454
v -0.125039 -0.114113 0.0515009
v -0.124536 -0.123271 0.0497786
v -0.117099 -0.105203 0.0564601
v -0.116621 -0.114355 0.0547001
v -0.116295 -0.123564 0.0530295
v -0.128488 0.0815609 0.0353135
v -0.125532 -0.104951 0.0532084
v -0.134227 -0.095291 0.0505704
v -0.13314 -0.0110368 0.0548156
v -0.133633 -0.0204692 0.0550971
v -0.125094 -0.0303029 0.057884
v -0.11493 -0.0121099 0.0588756
v -0.104841 -0.00349033 0.0592972
v -0.101581 0.077279 0.0403506
v -0.103363 0.0685813 0.0429705
v -0.0980112 0.0946581 0.0349388
v -0.0997983 0.0859739 0.0377014
v -0.113927 0.0606383 0.0427651
v -0.130449 0.0728209 0.0384023
v -0.181109 0.0661125 -0.102115
v -0.178393 0.0778789 -0.100659
v -0.175036 0.0892999 -0.0988897
v -0.171062 0.100308 -0.0968549
v -0.163747 -0.102411 -0.12999
v -0.1835 0.0541621 -0.103418
v -0.166474 0.110768 -0.0945451
v -0.160866 0.0972096 -0.102274
v -0.150779 0.0939373 -0.107223
v -0.185727 0.0421377 -0.104457
v -0.156177 0.10735 -0.0999159
v -0.14609 0.104078 -0.104865
v -0.165322 0.0871846 -0.104533
v -0.155115 0.084907 -0.109256
v -0.144473 0.0808333 -0.113974
v -0.158348 0.0737906 -0.110969
v -0.160962 0.0621557 -0.112487
v -0.164928 0.0387701 -0.115168
v -0.16299 0.0504434 -0.113841
v -0.152358 0.04895 -0.118134
v -0.150322 0.0605233 -0.116732
v -0.137355 0.0702697 -0.118661
v -0.134856 0.0814036 -0.116989
v -0.12842 0.0580116 -0.123216
v -0.132429 0.0242706 -0.127133
v -0.131175 0.035514 -0.125863
v -0.129922 0.0467573 -0.124592
v -0.142661 0.0364259 -0.122942
v -0.144951 0.0135035 -0.125087
v -0.14389 0.0250513 -0.124062
v -0.145988 0.00198033 -0.126084
v -0.146938 -0.00956123 -0.127085
v -0.136233 -0.0217821 -0.131059
v -0.135478 -0.0101621 -0.130245
v -0.126305 -0.0455481 -0.135466
v -0.136994 -0.0333933 -0.131846
v -0.138463 -0.0566631 -0.133456
v -0.127042 -0.0571803 -0.136268
v -0.137742 -0.0450154 -0.132638
v -0.140593 -0.0916238 -0.135885
v -0.127748 -0.0688358 -0.137075
v -0.12847 -0.0804921 -0.137885
v -0.117014 -0.0810358 -0.140424
v -0.116291 -0.0693791 -0.139617
v -0.115568 -0.0577224 -0.13881
v -0.114805 -0.0461004 -0.138013
v -0.114021 -0.0344836 -0.137163
v -0.113233 -0.0228726 -0.136254
v -0.124763 -0.0223281 -0.133827
v -0.123935 -0.0107525 -0.132964
v -0.112391 -0.011299 -0.135273
v -0.123037 0.000783124 -0.131915
v -0.111515 0.000273422 -0.134215
v -0.10091 -0.0117225 -0.137278
v -0.0815644 -0.0710614 -0.145359
v -0.0808307 -0.0593744 -0.144539
v -0.0823023 -0.0827417 -0.146174
v -0.0838406 -0.10616 -0.147895
v -0.0830686 -0.0944478 -0.14703
v -0.0846349 -0.117845 -0.148816
v -0.0854389 -0.12952 -0.149768
v -0.0987201 -0.152109 -0.150536
v -0.0996052 -0.163699 -0.151941
v -0.100464 -0.175228 -0.153616
v -0.168422 0.075793 -0.106117
v -0.112032 -0.17464 -0.151758
v -0.123546 -0.174076 -0.149703
v -0.122655 -0.162486 -0.148008
v -0.12177 -0.150887 -0.146469
v -0.120912 -0.139265 -0.1452
v -0.109419 -0.139857 -0.14739
v -0.097848 -0.140513 -0.14915
v -0.108577 -0.128223 -0.146238
v -0.107771 -0.116564 -0.145279
v -0.106965 -0.104904 -0.144316
v -0.0954254 -0.105504 -0.146235
v -0.094643 -0.0938379 -0.145319
v -0.0939122 -0.0821669 -0.144532
v -0.0931814 -0.0704959 -0.143745
v -0.106226 -0.0932459 -0.143482
v -0.105493 -0.081591 -0.142653
v -0.10476 -0.0699361 -0.141824
v -0.119276 -0.115988 -0.143072
v -0.131546 -0.127069 -0.141716
v -0.143708 -0.138185 -0.139933
v -0.142886 -0.126557 -0.138771
v -0.142085 -0.11492 -0.137708
v -0.154124 -0.126095 -0.135516
v -0.153335 -0.114458 -0.134457
v -0.152585 -0.10281 -0.133499
v -0.151883 -0.0911465 -0.132664
v -0.151196 -0.0794753 -0.131838
v -0.150518 -0.0678009 -0.131025
v -0.149811 -0.0561486 -0.130251
v -0.161071 -0.0556539 -0.126678
v -0.160388 -0.0439815 -0.125935
v -0.159698 -0.0323022 -0.125155
v -0.170883 -0.0316796 -0.121025
v -0.170184 -0.0199808 -0.120171
v -0.169485 -0.00828201 -0.119316
v -0.168544 0.00346161 -0.118341
v -0.167426 0.0151658 -0.117312
v -0.156287 0.0142097 -0.121405
v -0.15516 0.0258973 -0.120345
v -0.166306 0.0268716 -0.116282
v -0.179416 0.00428586 -0.113572
v -0.178082 0.0161947 -0.112452
v -0.176744 0.0282617 -0.111271
v -0.175407 0.0403287 -0.110091
v -0.173504 0.0522591 -0.108957
v -0.171166 0.0641301 -0.107597
v -0.180512 -0.00751158 -0.114603
v -0.181182 -0.0192674 -0.115464
v -0.172805 -0.0669287 -0.123501
v -0.172173 -0.0551709 -0.122677
v -0.171542 -0.0434127 -0.121859
v -0.163087 -0.0907093 -0.129143
v -0.158273 -0.00895097 -0.123459
v -0.15899 -0.0206246 -0.124318
v -0.162425 -0.0790094 -0.128296
v -0.161751 -0.0673295 -0.127459
v -0.130721 -0.115439 -0.140587
v -0.132364 -0.138702 -0.142807
v -0.12009 -0.127629 -0.144112
v -0.133229 -0.150312 -0.144147
v -0.134102 -0.161918 -0.145571
v -0.111158 -0.163055 -0.150121
v -0.110274 -0.151481 -0.148622
v -0.097033 -0.128849 -0.148143
v -0.096231 -0.117172 -0.147199
v -0.0924425 -0.0588266 -0.142939
v -0.0916861 -0.0471636 -0.142093
v -0.0909297 -0.0355006 -0.141248
v -0.101679 -0.0234104 -0.138409
v -0.110665 0.011915 -0.13298
v -0.118399 0.0461477 -0.127108
v -0.109431 0.0232568 -0.131718
v -0.117032 0.0574128 -0.125471
v -0.115432 0.0684268 -0.123815
v -0.124452 0.0800725 -0.120249
v -0.11966 0.0348685 -0.128425
v -0.122138 0.0123327 -0.130851
v -0.120906 0.0235984 -0.129666
v -0.104025 -0.0582825 -0.140994
v -0.103238 -0.0466653 -0.140129
v -0.102452 -0.0350481 -0.139265
v -0.118471 -0.104345 -0.142043
v -0.117741 -0.0926908 -0.141233
v -0.129947 -0.103796 -0.139615
v -0.129209 -0.0921435 -0.138753
v -0.141304 -0.103281 -0.1367
v -0.139889 -0.0799648 -0.135067
v -0.139176 -0.0683104 -0.134236
v -0.125539 -0.0339394 -0.134671
v -0.149108 -0.0444944 -0.1295
v -0.148385 -0.0328508 -0.128704
v -0.147663 -0.0212053 -0.127898
v -0.157354 0.00264992 -0.122447
v -0.134573 0.00137898 -0.129284
v -0.133568 0.0128883 -0.128244
v -0.141175 0.0477898 -0.121644
v -0.126438 0.0690314 -0.121759
v -0.139497 0.0590367 -0.120211
v -0.14809 0.0719481 -0.115066
v -0.153889 0.0374728 -0.119268
v -0.124806 -0.38084 -0.183335
v -0.136876 -0.391303 -0.179697
v -0.137266 -0.402742 -0.177276
v -0.137656 -0.41418 -0.174854
v -0.125974 -0.403454 -0.178853
v -0.126329 -0.414796 -0.176304
v -0.114995 -0.415492 -0.177459
v -0.103628 -0.41615 -0.178537
v -0.00184835 -0.412316 -0.181681
v 0.0449868 -0.395779 -0.182827
v 0.043156 -0.406784 -0.180386
v 0.0561992 -0.397767 -0.181449
v 0.0672619 -0.399775 -0.180134
v 0.0542508 -0.408787 -0.179057
v 0.0652302 -0.410805 -0.177727
v 0.0762095 -0.412824 -0.176397
v 0.0872713 -0.41489 -0.174833
v 0.0896845 -0.403846 -0.177038
v 0.0984456 -0.416872 -0.173178
v 0.100774 -0.405859 -0.175003
v 0.111865 -0.407869 -0.17299
v -0.0961844 -0.313922 -0.189522
v 0.109603 -0.418859 -0.171384
v 0.092011 -0.392827 -0.179024
v 0.0807017 -0.390796 -0.180704
v 0.048817 -0.373676 -0.187112
v 0.0602023 -0.375707 -0.185647
v 0.0715877 -0.377737 -0.184182
v 0.0372803 -0.371881 -0.188137
v 0.0355644 -0.382974 -0.186294
v 0.0338967 -0.394137 -0.183916
v 0.0102687 -0.402296 -0.183131
v -0.0119175 -0.400201 -0.184269
v -0.000872263 -0.401205 -0.183719
v -0.0128665 -0.411399 -0.181669
v -0.0239132 -0.410428 -0.182072
v -0.0463587 -0.408827 -0.182323
v -0.0449192 -0.386485 -0.187106
v -0.0456529 -0.397647 -0.184703
v -0.0336076 -0.387337 -0.187044
v -0.0343412 -0.398499 -0.184642
v -0.0222959 -0.388189 -0.186983
v -0.0230835 -0.399353 -0.184502
v -0.0441681 -0.37532 -0.189498
v -0.0327698 -0.376154 -0.189386
v -0.0213729 -0.376983 -0.189256
v -0.0661134 -0.36233 -0.190812
v -0.0546657 -0.363167 -0.191006
v -0.043218 -0.364003 -0.1912
v -0.0897913 -0.372072 -0.188028
v -0.0783639 -0.372889 -0.188684
v -0.0669457 -0.373695 -0.189085
v -0.0791015 -0.384201 -0.186739
v -0.0797138 -0.395381 -0.184278
v -0.0683444 -0.39615 -0.184516
v -0.0905375 -0.383394 -0.186122
v -0.0911446 -0.394577 -0.183686
v -0.101213 -0.371225 -0.187263
v -0.0889604 -0.360654 -0.189603
v -0.0775391 -0.361504 -0.190344
v -0.100378 -0.359804 -0.188835
v -0.0880531 -0.34921 -0.190759
v -0.0766395 -0.35007 -0.191458
v -0.075626 -0.338608 -0.192164
v -0.0641741 -0.339482 -0.192694
v -0.0527009 -0.340356 -0.193093
v -0.0412277 -0.34123 -0.193491
v -0.0297275 -0.342115 -0.193632
v -0.030736 -0.353526 -0.192565
v -0.0191949 -0.354464 -0.192508
v -0.018113 -0.34311 -0.19348
v -0.00649049 -0.344095 -0.193349
v -0.0285909 -0.33073 -0.19401
v -0.00528211 -0.332788 -0.193837
v -0.0158597 -0.320398 -0.193577
v 0.028816 -0.347881 -0.191698
v 0.015586 -0.357719 -0.191306
v 0.0272354 -0.35911 -0.190584
v 0.0169893 -0.346432 -0.19244
v 0.0142462 -0.368926 -0.189746
v 0.0257653 -0.370331 -0.188984
v 0.0128268 -0.380096 -0.187897
v 0.0242259 -0.381524 -0.187126
v 0.00270542 -0.367694 -0.190322
v -0.0389973 -0.318392 -0.19369
v -0.027463 -0.319369 -0.193775
v -0.0380376 -0.307031 -0.19259
v -0.04955 -0.306084 -0.192242
v -0.0610143 -0.305171 -0.191601
v -0.0734456 -0.315669 -0.191968
v -0.0620035 -0.316567 -0.192603
v -0.0631033 -0.328025 -0.193077
v -0.0745468 -0.327132 -0.192319
v -0.085955 -0.326228 -0.191417
v -0.0984176 -0.336745 -0.190362
v -0.0973317 -0.32531 -0.190222
v -0.110766 -0.347258 -0.188701
v -0.111682 -0.358822 -0.187595
v -0.084857 -0.314777 -0.190958
v -0.0837914 -0.303463 -0.189215
v -0.0713984 -0.293004 -0.188909
v -0.0724591 -0.304276 -0.190834
v -0.0599886 -0.293878 -0.189901
v -0.0505352 -0.317461 -0.193273
v -0.0401459 -0.329781 -0.193737
v -0.0169795 -0.331698 -0.194056
v 0.00524276 -0.345251 -0.192923
v -0.00764219 -0.355423 -0.192347
v 0.00391166 -0.356424 -0.191954
v -0.0202757 -0.36575 -0.191064
v -0.0516225 -0.328901 -0.193438
v -0.0870501 -0.337711 -0.191452
v -0.0994345 -0.348256 -0.189846
v -0.0651939 -0.350929 -0.191985
v -0.0537066 -0.351786 -0.192287
v -0.113407 -0.381738 -0.184516
v -0.114037 -0.393029 -0.182294
v -0.0422415 -0.352629 -0.192523
v -0.0317687 -0.36485 -0.191258
v -0.00875093 -0.36671 -0.190703
v -0.00994511 -0.377935 -0.188941
v 0.00149427 -0.378931 -0.188506
v -0.0676998 -0.384967 -0.187035
v -0.0555287 -0.374506 -0.189521
v -0.0562864 -0.385723 -0.187197
v -0.0351272 -0.409633 -0.182167
v -0.0110122 -0.38905 -0.186867
v 0.000248168 -0.39015 -0.186296
v 0.0115085 -0.391251 -0.185725
v 0.0214427 -0.403756 -0.182296
v 0.0228145 -0.392649 -0.18484
v 0.0389764 -0.360756 -0.189546
v 0.0506994 -0.362506 -0.188348
v 0.069322 -0.388765 -0.182179
v 0.0785093 -0.401808 -0.178669
v 0.0468848 -0.384733 -0.185027
v 0.0580764 -0.386739 -0.183757
v 0.0323292 -0.405158 -0.181393
v -0.0576072 -0.408066 -0.182209
v -0.0803346 -0.406561 -0.181762
v -0.0689259 -0.407324 -0.182011
v -0.0569678 -0.396918 -0.184756
v -0.101951 -0.38257 -0.185383
v -0.102536 -0.39379 -0.183037
v -0.10312 -0.405009 -0.180691
v -0.0917333 -0.40579 -0.181323
v -0.114593 -0.404223 -0.179842
v -0.123879 -0.369319 -0.184658
v -0.125482 -0.392181 -0.181209
v -0.112605 -0.370337 -0.186219
v -0.0562747 0.155735 0.0729025
v -0.0602104 0.156345 0.069168
v -0.0521613 0.155591 0.0763853
v -0.037502 0.151491 0.083288
v -0.0416701 0.151606 0.0798479
v -0.0435468 0.155455 0.0831229
v -0.0479573 0.155517 0.0797946
v -0.0539007 0.159504 0.0795828
v -0.058302 0.159613 0.0762363
v -0.0332948 0.151464 0.086908
v -0.0185622 0.143506 0.0916839
v -0.0237763 0.147544 0.0913022
v -0.0280162 0.147449 0.0873429
v -0.0146391 0.143883 0.0947178
v -0.0103101 0.14317 0.0958528
v -0.00581626 0.142573 0.0971882
v -0.00149009 0.142321 0.0970741
v 0.0290276 0.151789 0.0863592
v 0.0254904 0.154125 0.0912968
v 0.020903 0.152051 0.0937318
v -0.00989733 0.140265 0.0937193
v -0.0237976 0.13691 0.0525678
v 0.0264358 0.165704 0.0941217
v 0.0217431 0.165767 0.0969343
v 0.0169278 0.165892 0.0994539
v 0.0169054 0.171362 0.0991011
v 0.0216502 0.171221 0.096475
v 0.0211613 0.17651 0.0952209
v 0.0118538 0.171467 0.100967
v 0.0118426 0.165999 0.101248
v 0.0431614 0.148297 0.0668618
v -0.0669936 0.159167 0.0611901
v -0.0638602 0.157401 0.065255
v 0.0264297 0.171085 0.0939083
v 0.0260563 0.176426 0.092929
v -0.0620719 0.160568 0.0723863
v 0.0163205 0.150206 0.0962364
v 0.0215473 0.157635 0.0959825
v 0.0169431 0.155919 0.098447
v -0.0577371 0.152871 0.0655848
v -0.045867 0.151654 0.0764436
v -0.0314644 0.147607 0.08356
v 0.035509 0.15807 0.0868822
v 0.0507006 0.161378 0.0792515
v 0.0456881 0.160268 0.0818688
v 0.0406755 0.159158 0.0844861
v 0.057084 0.166578 0.0781712
v 0.0523245 0.166028 0.0817776
v -0.0224568 0.143521 0.0878016
v -0.0128474 0.140518 0.0912441
v 0.0553266 0.162149 0.0760025
v 0.0531966 0.15788 0.0731547
v 0.0487197 0.157343 0.0765711
v 0.0438284 0.156051 0.0790169
v 0.0389371 0.154759 0.0814627
v 0.0466536 0.153563 0.073978
v 0.0419108 0.152266 0.0761167
v 0.037168 0.150969 0.0782554
v 0.0324252 0.149672 0.0803941
v 0.0275811 0.14813 0.0823369
v 0.0260888 0.145067 0.0779368
v 0.0228843 0.145835 0.0843693
v 0.0215514 0.142839 0.0797864
v 0.0182841 0.143581 0.086291
v 0.0109433 0.143368 0.0940879
v 0.00664267 0.142436 0.0951294
v 0.00533159 0.139222 0.0895959
v 0.00108775 0.138572 0.0906716
v -0.00257394 0.139137 0.0916875
v -0.00623564 0.139701 0.0927034
v -0.000730557 0.136786 0.0845077
v 0.00372389 0.137279 0.0836561
v 0.00143197 0.136654 0.0777736
v -0.000859957 0.136029 0.0718911
v 0.00609333 0.137259 0.0769961
v 0.00393436 0.136608 0.0713717
v 0.00177538 0.135958 0.0657474
v -0.000550197 0.135373 0.0602737
v -0.00333152 0.134953 0.055849
v 0.00462362 0.134614 0.0541507
v 0.0229892 0.137772 0.0506692
v 0.0168662 0.13669 0.0518417
v 0.0107432 0.135608 0.0530142
v 0.0101477 0.133593 0.0481992
v 0.00321237 0.133293 0.0495065
v 0.0287471 0.139306 0.0497935
v 0.0339248 0.141999 0.0543496
v 0.0392305 0.144721 0.0588942
v 0.0339291 0.142892 0.0594424
v 0.0389088 0.145606 0.0635843
v 0.0437843 0.147695 0.0632335
v 0.0483433 0.150641 0.0654048
v 0.0448047 0.150793 0.070369
v 0.0397012 0.149008 0.0722743
v 0.0353532 0.147655 0.0739918
v 0.0443675 0.147063 0.0590702
v 0.0387021 0.146889 0.0684513
v 0.0342429 0.145482 0.0700408
v 0.0297837 0.144075 0.0716303
v 0.0250644 0.142677 0.0729376
v 0.0203228 0.141144 0.0740776
v 0.0158811 0.139587 0.0750746
v 0.0146474 0.138347 0.0694786
v 0.0132683 0.137344 0.0639068
v 0.0113822 0.138122 0.0760811
v 0.0237469 0.139878 0.0616233
v 0.0184215 0.138605 0.0627811
v 0.0293222 0.142515 0.065978
v 0.0289745 0.141184 0.0604594
v 0.024506 0.141072 0.0671675
v 0.0196897 0.139629 0.0683569
v 0.0341521 0.143986 0.0648063
v 0.0286766 0.140163 0.0549886
v 0.0344321 0.14123 0.0492268
v 0.0395604 0.143956 0.053842
v 0.0229924 0.138838 0.0561006
v 0.0171814 0.137598 0.0572105
v -0.00498879 0.133826 0.0512595
v -0.0147976 0.133414 0.0488136
v -0.0142471 0.135146 0.0536028
v -0.0108787 0.135387 0.0581567
v -0.00751026 0.135628 0.0627106
v -0.00414183 0.135869 0.0672645
v -0.0126832 0.136516 0.0657896
v -0.016388 0.136647 0.0613823
v -0.0200928 0.136779 0.056975
v -0.00600311 0.136494 0.0744127
v -0.00926843 0.136475 0.0701241
v -0.00795641 0.137163 0.081376
v -0.0112768 0.137128 0.0772928
v -0.0144115 0.137493 0.0731915
v -0.0175461 0.137858 0.0690902
v -0.0210992 0.138209 0.0649757
v -0.0251205 0.138545 0.0608463
v -0.0291424 0.138954 0.0568385
v -0.0299704 0.13744 0.0486831
v -0.033926 0.138093 0.0450731
v -0.033073 0.139579 0.0531464
v -0.0369258 0.140175 0.0493749
v -0.028983 0.140405 0.0647668
v -0.0328359 0.141001 0.0609952
v -0.0366887 0.141597 0.0572236
v -0.0405415 0.142193 0.053452
v -0.0403044 0.143615 0.0613007
v -0.0441572 0.144211 0.0575291
v -0.0408062 0.14103 0.045658
v -0.0447218 0.142215 0.0420111
v -0.0444312 0.143136 0.0497537
v -0.048623 0.143406 0.0383552
v -0.0483225 0.14433 0.0460915
v -0.0519351 0.14563 0.0422546
v -0.0480221 0.145254 0.0538279
v -0.0516346 0.146554 0.049991
v -0.051345 0.14754 0.0577541
v -0.054962 0.148865 0.0539281
v -0.058293 0.151221 0.0578779
v -0.0613149 0.154013 0.0617053
v -0.0644857 0.155817 0.0576645
v -0.0675089 0.157798 0.0536083
v -0.0646352 0.154582 0.0421473
v -0.067668 0.157074 0.0459671
v -0.0613688 0.152075 0.0305806
v -0.0615599 0.152092 0.0383199
v -0.0520127 0.145114 0.0344794
v -0.0550709 0.147425 0.0306006
v -0.0583357 0.149737 0.0344642
v -0.0581603 0.149723 0.0267431
v -0.055259 0.147463 0.0383547
v -0.0584978 0.149827 0.0422347
v -0.0616856 0.152217 0.0460812
v -0.0643842 0.154605 0.0344112
v -0.0616573 0.15277 0.0539061
v -0.0648247 0.154639 0.0498977
v -0.0584767 0.150304 0.0500434
v -0.0546931 0.149911 0.0617214
v -0.0509919 0.149045 0.0655323
v -0.0539182 0.152142 0.0693678
v -0.0431971 0.148325 0.0727809
v -0.0471273 0.148554 0.0692086
v -0.0391856 0.148111 0.0762977
v -0.0499535 0.151822 0.0729433
v -0.0352895 0.147812 0.0799119
v -0.0325398 0.144673 0.0763258
v -0.0256553 0.143885 0.0839423
v -0.0287682 0.144327 0.0800471
v -0.0223984 0.141232 0.080184
v -0.0255496 0.14161 0.0763077
v -0.0120893 0.138995 0.0848
v -0.0153532 0.139203 0.0807608
v -0.0186171 0.139411 0.0767216
v -0.0159108 0.140755 0.0882041
v -0.0191748 0.140963 0.0841649
v -0.0219029 0.139595 0.0725976
v -0.0289019 0.142213 0.0724471
v -0.0327563 0.142624 0.0687653
v -0.036142 0.145189 0.0725516
v -0.0399963 0.145599 0.0688699
v -0.0438506 0.146002 0.0651991
v -0.0477016 0.146377 0.0615769
v -0.0552108 0.147923 0.0461441
v -0.0252687 0.139848 0.0685356
v -0.0365831 0.143056 0.0650697
v 0.0117927 0.136383 0.0583286
v 0.00993651 0.137149 0.0705049
v 0.00777469 0.136498 0.0648816
v 0.00561286 0.135848 0.0592582
v -0.00315071 0.136411 0.0789918
v -0.00469247 0.137218 0.0855986
v 0.00965466 0.140136 0.0886042
v 0.00817563 0.138127 0.0827315
v 0.0170961 0.141226 0.0807837
v 0.0140905 0.141576 0.0876404
v 0.0126263 0.139634 0.0817616
v 0.0308748 0.146317 0.0758549
v 0.0506194 0.154053 0.0695165
v 0.0339399 0.153634 0.0840578
v 0.0244343 0.149545 0.0885897
v 0.0197242 0.147101 0.0906636
v 0.0150571 0.144778 0.0926494
v 0.00247005 0.141905 0.0961731
v -0.00884697 0.138784 0.0887315
v -0.052777 0.0670531 -0.14231
v -0.042002 0.067337 -0.142598
v -0.031351 0.0681277 -0.142416
v -0.0208064 0.0696771 -0.142104
v 0.0212597 0.0758368 -0.140425
v 0.042189 0.0805751 -0.140095
v 0.0317596 0.0777578 -0.140195
v 0.0820115 0.0949051 -0.140013
v 0.0721693 0.0908973 -0.139918
v 0.062327 0.0868895 -0.139822
v 0.0913691 0.099874 -0.139828
v 0.114716 0.120433 -0.13817
v 0.107114 0.113643 -0.138576
v 0.0995116 0.106854 -0.138981
v 0.121422 0.113638 -0.142441
v 0.113597 0.106081 -0.142591
v 0.105772 0.0985247 -0.142742
v 0.129097 0.121461 -0.142399
v 0.0883709 0.0842798 -0.142884
v 0.077276 0.0802985 -0.142681
v 0.0661825 0.076318 -0.142478
v 0.0551523 0.0727431 -0.142393
v 0.0443592 0.0703312 -0.142581
v 0.03374 0.0680509 -0.142621
v 0.0231208 0.0657705 -0.14266
v 0.0125143 0.0634598 -0.142676
v 0.00182615 0.061402 -0.142472
v -0.0088714 0.0597719 -0.14217
v -0.0196303 0.0584831 -0.141707
v -0.0415549 0.0573044 -0.139608
v -0.0525383 0.0575595 -0.138023
v -0.0102684 0.0712095 -0.141723
v -0.0305784 0.0576791 -0.14078
v 0.014213 0.0537705 -0.138242
v 0.0251515 0.0556516 -0.138761
v 0.0470924 0.0605148 -0.139128
v 0.0360339 0.0579438 -0.138997
v 0.0581388 0.0632588 -0.139158
v 0.103096 0.0828265 -0.139759
v 0.121278 0.0980532 -0.141173
v 0.112534 0.0903568 -0.140606
v 0.129708 0.106097 -0.141941
v 0.137132 0.114355 -0.142116
v 0.144515 0.122622 -0.142203
v 0.151874 0.130879 -0.142214
v 0.159138 0.139441 -0.141839
v 0.165781 0.148403 -0.141704
v 0.000235413 0.0727409 -0.141241
v 0.176895 0.191553 -0.143118
v 0.172372 0.181755 -0.143073
v 0.167666 0.172247 -0.142871
v 0.161616 0.163607 -0.142769
v 0.155419 0.155031 -0.142669
v 0.149221 0.146456 -0.142568
v 0.143033 0.137939 -0.14241
v 0.0107393 0.0742723 -0.14076
v 0.186489 0.187225 -0.141406
v 0.181872 0.17705 -0.14157
v 0.176524 0.16737 -0.141556
v 0.171378 0.157677 -0.141476
v 0.192053 0.184877 -0.132867
v 0.187996 0.174344 -0.133443
v 0.183035 0.164339 -0.133683
v 0.177868 0.154458 -0.133846
v 0.17209 0.144712 -0.134143
v 0.165564 0.135162 -0.134589
v 0.158672 0.125969 -0.135039
v 0.0523667 0.083471 -0.13995
v 0.122109 0.127685 -0.137904
v 0.0975214 0.091085 -0.142861
v 0.136473 0.129557 -0.142341
v -0.347342 -0.472452 0.0807594
v -0.342597 -0.488544 -0.020618
v -0.3397 -0.487715 -0.0310245
v -0.329913 -0.494667 -0.0376641
v -0.327074 -0.494442 -0.0466173
v -0.329078 -0.488503 -0.058764
v -0.333279 -0.487771 -0.0497439
v -0.319743 -0.489399 -0.076354
v -0.313333 -0.495603 -0.0722509
v -0.318117 -0.495265 -0.063839
v -0.322765 -0.494913 -0.0553242
v -0.324726 -0.489054 -0.0675926
v -0.335292 -0.494857 -0.0197875
v -0.33264 -0.494806 -0.028725
v -0.336851 -0.495041 -0.010467
v -0.345119 -0.489687 -0.000850404
v -0.34426 -0.489004 -0.0106792
v -0.352902 -0.482875 -0.00025706
v -0.351948 -0.484005 0.00968561
v -0.345529 -0.48564 0.0388442
v -0.352044 -0.478702 0.0411138
v -0.348678 -0.478426 0.0500774
v -0.347298 -0.479729 0.0597764
v -0.344463 -0.479957 0.0692784
v -0.34156 -0.480106 0.0787646
v -0.333866 -0.479148 0.097003
v -0.337911 -0.479701 0.0879403
v -0.327085 -0.485782 0.0943378
v -0.33481 -0.486715 0.0763549
v -0.33793 -0.486892 0.0671854
v -0.333621 -0.493153 0.055538
v -0.330536 -0.493008 0.0647409
v -0.338766 -0.492352 0.0367466
v -0.341333 -0.491945 0.0273531
v -0.3362 -0.49276 0.0461409
v -0.3406 -0.486612 0.0577199
v -0.297138 -0.475642 0.144234
v -0.290836 -0.472369 0.150884
v -0.283672 -0.469073 0.156599
v -0.289264 -0.460869 0.158522
v -0.267485 -0.461938 0.165469
v -0.262333 -0.469878 0.162539
v -0.254033 -0.465901 0.166128
v -0.245473 -0.461263 0.168356
v -0.240611 -0.468959 0.165046
v -0.248973 -0.473556 0.162422
v -0.257194 -0.47705 0.158462
v -0.336446 -0.487457 -0.0404487
v -0.284901 -0.479434 0.147636
v -0.290777 -0.482499 0.140793
v -0.270442 -0.473429 0.158309
v -0.30362 -0.468101 0.146004
v -0.309025 -0.471557 0.137921
v -0.350991 -0.482096 -0.0104727
v -0.336712 -0.495509 -0.00119426
v -0.313583 -0.472866 0.129453
v -0.302905 -0.478629 0.136602
v -0.296759 -0.464549 0.152695
v -0.275774 -0.46562 0.161393
v -0.277897 -0.476501 0.153188
v -0.296235 -0.484944 0.133196
v -0.301413 -0.487148 0.125279
v -0.307986 -0.480685 0.128212
v -0.322648 -0.484894 0.102995
v -0.329069 -0.477929 0.105531
v -0.334526 -0.470028 0.107485
v -0.339448 -0.471282 0.0989889
v -0.33121 -0.486479 0.0854832
v -0.343434 -0.471892 0.0898925
v -0.343125 -0.486193 0.0482451
v -0.348073 -0.485205 0.0293762
v -0.354043 -0.477675 0.0315288
v -0.356589 -0.477259 0.0217957
v -0.350447 -0.484832 0.0197639
v -0.343101 -0.491302 0.0179337
v -0.344313 -0.490544 0.00842774
v -0.336181 -0.355076 -0.034318
v -0.331648 -0.36206 -0.0450536
v -0.336165 -0.364098 -0.036434
v -0.340205 -0.366356 -0.0277502
v -0.352842 -0.376558 0.00794625
v -0.349756 -0.373992 -0.00100726
v -0.34667 -0.371426 -0.00996077
v -0.343584 -0.36886 -0.0189143
v -0.350852 -0.385658 0.00593544
v -0.348949 -0.383062 -0.00319162
v -0.341545 -0.39843 -0.0153172
v -0.346465 -0.392127 -0.00491846
v -0.344109 -0.389459 -0.0136815
v -0.338763 -0.407512 -0.017076
v -0.336562 -0.404765 -0.0257518
v -0.343817 -0.401141 -0.00660147
v -0.340633 -0.410002 -0.00836808
v -0.342236 -0.412323 0.000377099
v -0.345542 -0.403577 0.00212662
v -0.335663 -0.416438 -0.018849
v -0.337373 -0.41877 -0.0101504
v -0.333715 -0.413893 -0.027391
v -0.328394 -0.420341 -0.0362726
v -0.331253 -0.411192 -0.0349915
v -0.325303 -0.417972 -0.0434464
v -0.321651 -0.416157 -0.0510209
v -0.327723 -0.409226 -0.0425974
v -0.324422 -0.406877 -0.0506799
v -0.333787 -0.402237 -0.0341684
v -0.330397 -0.399953 -0.0421279
v -0.332602 -0.391025 -0.0410097
v -0.32846 -0.389157 -0.0495117
v -0.334157 -0.382113 -0.0397665
v -0.329759 -0.380266 -0.048185
v -0.335457 -0.37311 -0.038236
v -0.337927 -0.384525 -0.0310841
v -0.346329 -0.380513 -0.0120372
v -0.326686 -0.39783 -0.0502818
v -0.323945 -0.387324 -0.0578808
v -0.322242 -0.396422 -0.0585482
v -0.317826 -0.395167 -0.0667794
v -0.319369 -0.385953 -0.0661067
v -0.314376 -0.384882 -0.074155
v -0.31551 -0.375612 -0.0732321
v -0.320538 -0.376796 -0.0650844
v -0.321517 -0.367806 -0.06368
v -0.310277 -0.37454 -0.0811699
v -0.304823 -0.373468 -0.0890612
v -0.305481 -0.364131 -0.0880604
v -0.31106 -0.365227 -0.0801623
v -0.316832 -0.357251 -0.0704295
v -0.311594 -0.355937 -0.0787865
v -0.311657 -0.346696 -0.0770822
v -0.316878 -0.348026 -0.0686996
v -0.305743 -0.336236 -0.0832619
v -0.300141 -0.335119 -0.0913287
v -0.300248 -0.344409 -0.0930558
v -0.29412 -0.343492 -0.100772
v -0.294091 -0.334161 -0.0990896
v -0.287868 -0.333307 -0.106758
v -0.281204 -0.332551 -0.113915
v -0.274168 -0.331869 -0.12071
v -0.281213 -0.341936 -0.115306
v -0.274007 -0.350687 -0.123007
v -0.274216 -0.341249 -0.122031
v -0.266925 -0.340672 -0.128418
v -0.259508 -0.340143 -0.134666
v -0.266628 -0.350144 -0.129276
v -0.259187 -0.34963 -0.135384
v -0.251569 -0.349186 -0.14124
v -0.251994 -0.339656 -0.140712
v -0.243882 -0.339329 -0.145931
v -0.234975 -0.358023 -0.15181
v -0.235465 -0.348508 -0.151696
v -0.243177 -0.358367 -0.146914
v -0.241667 -0.377416 -0.146345
v -0.242451 -0.36789 -0.146672
v -0.233515 -0.377035 -0.151186
v -0.234399 -0.367533 -0.151772
v -0.231588 -0.395887 -0.14958
v -0.232611 -0.386519 -0.150546
v -0.239775 -0.396345 -0.144925
v -0.240845 -0.386926 -0.145928
v -0.229197 -0.414406 -0.147027
v -0.230452 -0.405193 -0.148404
v -0.222013 -0.404772 -0.152568
v -0.220788 -0.413993 -0.15112
v -0.212447 -0.413598 -0.155048
v -0.213625 -0.404364 -0.156612
v -0.20497 -0.404073 -0.16028
v -0.203807 -0.413276 -0.158613
v -0.195048 -0.412937 -0.161834
v -0.194172 -0.422096 -0.160589
v -0.211293 -0.422836 -0.153608
v -0.202961 -0.422443 -0.157587
v -0.186228 -0.412522 -0.164786
v -0.187244 -0.403264 -0.16646
v -0.177127 -0.412048 -0.167256
v -0.167999 -0.411577 -0.169592
v -0.17811 -0.402807 -0.168975
v -0.176257 -0.421287 -0.165991
v -0.167071 -0.420817 -0.168095
v -0.188217 -0.394007 -0.16805
v -0.188938 -0.384629 -0.168668
v -0.198782 -0.375691 -0.166643
v -0.197164 -0.394424 -0.164976
v -0.198112 -0.385087 -0.166209
v -0.207769 -0.376077 -0.163556
v -0.206962 -0.385435 -0.162783
v -0.215738 -0.385755 -0.159066
v -0.216587 -0.376392 -0.159891
v -0.217224 -0.366933 -0.16016
v -0.208388 -0.366652 -0.163862
v -0.226402 -0.357715 -0.156046
v -0.217567 -0.357434 -0.159747
v -0.226746 -0.348216 -0.155632
v -0.196176 -0.403726 -0.16353
v -0.206024 -0.394786 -0.161655
v -0.238605 -0.40566 -0.143731
v -0.179093 -0.393566 -0.170694
v -0.237332 -0.414944 -0.142755
v -0.244921 -0.415657 -0.137644
v -0.252377 -0.416261 -0.132201
v -0.253753 -0.40683 -0.133394
v -0.246219 -0.406296 -0.138677
v -0.255128 -0.397398 -0.134585
v -0.247545 -0.396842 -0.1398
v -0.262363 -0.39787 -0.128804
v -0.256185 -0.387841 -0.135276
v -0.257274 -0.378265 -0.135852
v -0.258065 -0.368689 -0.136012
v -0.250374 -0.368287 -0.141501
v -0.251137 -0.358722 -0.141665
v -0.265555 -0.369183 -0.130125
v -0.264721 -0.378758 -0.130182
v -0.276405 -0.39898 -0.116923
v -0.27758 -0.389432 -0.117426
v -0.270559 -0.388871 -0.123562
v -0.295254 -0.400789 -0.0971229
v -0.289063 -0.400181 -0.103781
v -0.282872 -0.399573 -0.110439
v -0.284204 -0.390016 -0.11104
v -0.280178 -0.418454 -0.108501
v -0.287716 -0.409623 -0.102818
v -0.281529 -0.40904 -0.109554
v -0.275065 -0.408476 -0.11601
v -0.2683 -0.407933 -0.12216
v -0.273669 -0.417934 -0.114907
v -0.267346 -0.417438 -0.1215
v -0.286439 -0.41898 -0.101816
v -0.292215 -0.419531 -0.0950153
v -0.299286 -0.410745 -0.089207
v -0.293803 -0.410161 -0.0960886
v -0.297794 -0.420103 -0.0881358
v -0.302986 -0.420727 -0.0810253
v -0.309513 -0.412293 -0.0745478
v -0.304496 -0.411529 -0.081906
v -0.305989 -0.402287 -0.0824459
v -0.300708 -0.401521 -0.0898604
v -0.302488 -0.392181 -0.0900864
v -0.311193 -0.403197 -0.0748486
v -0.296466 -0.391446 -0.0971319
v -0.290343 -0.390716 -0.104127
v -0.291757 -0.381287 -0.104128
v -0.285415 -0.380565 -0.111049
v -0.279631 -0.370364 -0.117545
v -0.273506 -0.36019 -0.12368
v -0.278632 -0.379874 -0.117657
v -0.272591 -0.369745 -0.123908
v -0.286163 -0.371087 -0.110676
v -0.2871 -0.361605 -0.110232
v -0.280242 -0.360875 -0.116966
v -0.293976 -0.352909 -0.102046
v -0.28761 -0.352131 -0.109346
v -0.292819 -0.37182 -0.103806
v -0.293468 -0.362365 -0.102986
v -0.298843 -0.372623 -0.0964219
v -0.299536 -0.363158 -0.0955656
v -0.297852 -0.382024 -0.0970559
v -0.27171 -0.379315 -0.123983
v -0.26944 -0.39841 -0.122933
v -0.263585 -0.388303 -0.129593
v -0.259824 -0.416806 -0.126792
v -0.261158 -0.407381 -0.127923
v -0.248707 -0.387339 -0.140729
v -0.223216 -0.395495 -0.153875
v -0.214804 -0.395107 -0.158075
v -0.224337 -0.386119 -0.155075
v -0.225176 -0.376683 -0.155744
v -0.249592 -0.377839 -0.141265
v -0.225969 -0.367223 -0.156276
v -0.235774 -0.339005 -0.151181
v -0.252043 -0.330201 -0.1397
v -0.259542 -0.330713 -0.133537
v -0.24363 -0.348838 -0.146614
v -0.266227 -0.359644 -0.129893
v -0.258824 -0.359127 -0.136025
v -0.280941 -0.351387 -0.116285
v -0.28786 -0.342683 -0.108213
v -0.267006 -0.331234 -0.127333
v -0.322051 -0.349418 -0.0602431
v -0.306153 -0.34547 -0.085227
v -0.305986 -0.354806 -0.0867775
v -0.300242 -0.35371 -0.0946985
v -0.309213 -0.383821 -0.082075
v -0.303749 -0.382828 -0.0896583
v -0.312821 -0.394126 -0.0746784
v -0.307655 -0.393158 -0.0823973
v -0.31591 -0.404357 -0.0668553
v -0.31812 -0.414115 -0.0589782
v -0.31376 -0.413074 -0.0670284
v -0.320316 -0.405521 -0.0587378
v -0.339097 -0.395789 -0.0240701
v -0.335906 -0.393369 -0.0327409
v -0.341141 -0.386972 -0.0223769
v -0.348674 -0.394775 0.00394657
v -0.342779 -0.378049 -0.0207911
v -0.339186 -0.375582 -0.0295329
v -0.325305 -0.378397 -0.0566131
v -0.330946 -0.371158 -0.0466957
v -0.326251 -0.369195 -0.0551659
v -0.31648 -0.366434 -0.0720358
v -0.32707 -0.360063 -0.0536808
v -0.32206 -0.358573 -0.0620711
v -0.343762 -0.359661 -0.0166816
v -0.340648 -0.357108 -0.025627
v -0.331653 -0.353049 -0.0429979
v -0.327128 -0.350995 -0.0516787
v 0.00638536 -0.113864 0.134567
v 0.0127386 -0.109517 0.13006
v 0.0092666 -0.109704 0.131961
v 0.00772366 -0.12173 0.136643
v 0.0105849 -0.11758 0.133952
v 0.00701058 -0.117819 0.135417
v 0.00987183 -0.11367 0.132726
v 0.00843331 -0.12564 0.137842
v 0.0112548 -0.12149 0.134845
v 0.0140763 -0.117341 0.131848
v 0.0134071 -0.113431 0.13096
v 0.0143902 -0.137187 0.139522
v 0.0135829 -0.13326 0.138295
v 0.00996409 -0.133483 0.140089
v 0.0127756 -0.129333 0.137068
v 0.00915675 -0.129557 0.138862
v 0.0119682 -0.125406 0.135841
v 0.0147797 -0.121255 0.132819
v 0.0112625 -0.141318 0.142263
v 0.00694859 -0.141499 0.143441
v 0.010748 -0.137409 0.141296
v 0.00643416 -0.13759 0.142473
v 0.00315457 -0.145652 0.144898
v 0.00592116 -0.133698 0.141325
v -0.00097023 -0.145834 0.144703
v -0.0050429 -0.145987 0.144427
v 0.00268422 -0.141737 0.143669
v -0.00138845 -0.141891 0.143393
v 0.002266 -0.137794 0.14236
v -0.00553399 -0.142025 0.143251
v -0.00187697 -0.13793 0.142212
v 0.00178004 -0.133834 0.141173
v -0.0024109 -0.133957 0.141113
v 0.00543706 -0.129738 0.140135
v 0.00124611 -0.129862 0.140075
v 0.000712184 -0.125889 0.138976
v 0.000178254 -0.121917 0.137878
v -0.000597834 -0.149796 0.145949
v -0.00478077 -0.149996 0.145518
v 0.00387068 -0.153792 0.145441
v 0.00815591 -0.153644 0.144812
v 0.00793198 -0.149503 0.144775
v 0.00365133 -0.149637 0.145594
v 0.0121923 -0.149355 0.143769
v 0.0117374 -0.145269 0.143247
v 0.0197074 -0.144744 0.13943
v 0.0159294 -0.145076 0.141639
v 0.0234255 -0.144432 0.137165
v 0.0224822 -0.140483 0.136084
v 0.0267697 -0.144184 0.134415
v 0.0297089 -0.144038 0.131358
v 0.0285927 -0.140169 0.130356
v 0.0258983 -0.140231 0.133469
v 0.0312878 -0.140108 0.127233
v 0.0274983 -0.136335 0.129044
v 0.0247988 -0.136389 0.13223
v 0.0237087 -0.132562 0.130855
v 0.0199192 -0.128789 0.132665
v 0.0188291 -0.124962 0.131291
v 0.0324491 -0.143918 0.128112
v 0.0342252 -0.144928 0.125536
v 0.0334027 -0.140436 0.124091
v 0.0303586 -0.136775 0.125947
v 0.0295076 -0.133421 0.124221
v 0.0245684 -0.123361 0.123156
v 0.0296481 -0.136401 0.126812
v 0.0283644 -0.133144 0.125925
v 0.0276597 -0.13277 0.126779
v 0.0270806 -0.129887 0.125038
v 0.026376 -0.129513 0.125891
v 0.0256713 -0.129138 0.126745
v 0.0249666 -0.128764 0.127599
v 0.0257969 -0.12663 0.12415
v 0.0250922 -0.126256 0.125004
v 0.0243875 -0.125881 0.125858
v 0.0236829 -0.125507 0.126712
v 0.0229782 -0.125132 0.127566
v 0.0238085 -0.122999 0.124117
v 0.0231038 -0.122624 0.124971
v 0.0223991 -0.12225 0.125825
v 0.0216944 -0.121875 0.126678
v 0.0209898 -0.121501 0.127532
v 0.0202851 -0.121126 0.128386
v 0.0225247 -0.119742 0.12323
v 0.02182 -0.119367 0.124084
v 0.0211154 -0.118993 0.124937
v 0.0204107 -0.118618 0.125791
v 0.019706 -0.118244 0.126645
v 0.0190013 -0.117869 0.127499
v 0.0182967 -0.117494 0.128353
v 0.0191269 -0.115361 0.124904
v 0.0184223 -0.114987 0.125758
v 0.0177176 -0.114612 0.126612
v 0.0170129 -0.114237 0.127466
v 0.0163082 -0.113863 0.128319
v 0.0156036 -0.113488 0.129173
v 0.0200069 -0.115701 0.123857
v 0.0157382 -0.110463 0.126644
v 0.0147884 -0.110137 0.127768
v 0.0138387 -0.109812 0.128893
v 0.0351813 -0.148186 0.125536
v 0.0230251 -0.118125 0.10566
v 0.0356361 -0.151493 0.124968
v 0.035564 -0.155377 0.124443
v 0.0332009 -0.155675 0.127964
v 0.0335162 -0.151745 0.128648
v 0.0305867 -0.155968 0.131313
v 0.0305536 -0.152032 0.131759
v 0.0274405 -0.152316 0.134767
v 0.0304706 -0.148002 0.131985
v 0.0201684 -0.157442 0.139192
v 0.0241037 -0.152789 0.137542
v 0.0164183 -0.157564 0.141258
v 0.0123897 -0.157649 0.142974
v 0.0205029 -0.153182 0.140082
v 0.00829544 -0.157717 0.144257
v 0.0164275 -0.153335 0.141788
v 0.0123521 -0.153487 0.14349
v 0.0272677 -0.156486 0.134111
v 0.0237806 -0.156983 0.136722
v 0.0292425 -0.163355 0.129069
v 0.0299792 -0.159728 0.130248
v 0.0264857 -0.160243 0.132847
v 0.0229922 -0.160758 0.135445
v 0.0316565 -0.163119 0.125965
v 0.0158065 -0.169466 0.133984
v 0.012573 -0.170068 0.135706
v 0.02577 -0.163877 0.131597
v 0.0225366 -0.164479 0.133318
v 0.0193031 -0.16508 0.13504
v 0.0160696 -0.165682 0.136761
v 0.0195662 -0.161296 0.137817
v 0.0163327 -0.161897 0.139538
v 0.0125719 -0.166411 0.138123
v 0.00855358 -0.16739 0.138775
v 0.0123669 -0.162852 0.140262
v 0.00834863 -0.163832 0.140914
v 0.0337883 -0.162943 0.122657
v 0.0347687 -0.159184 0.123584
v 0.0324029 -0.159481 0.127104
v 0.0357726 -0.162613 0.118892
v 0.0366871 -0.158849 0.119776
v 0.0392043 -0.154736 0.116675
v 0.0373857 -0.155104 0.120592
v 0.0389913 -0.151072 0.117208
v 0.0402703 -0.150344 0.113059
v 0.0404962 -0.14555 0.109297
v 0.0398044 -0.146591 0.11359
v 0.0384725 -0.142968 0.114706
v 0.038426 -0.140768 0.106978
v 0.0386208 -0.141876 0.110734
v 0.03637 -0.137141 0.108565
v 0.036527 -0.138436 0.112328
v 0.0342185 -0.133988 0.110172
v 0.0343755 -0.135283 0.113935
v 0.032067 -0.130834 0.111779
v 0.032224 -0.132129 0.115542
v 0.0299867 -0.129086 0.11711
v 0.0277479 -0.126044 0.118677
v 0.0364145 -0.139826 0.116026
v 0.035726 -0.141315 0.119608
v 0.0340899 -0.136757 0.117586
v 0.0334013 -0.138246 0.121168
v 0.0317652 -0.133688 0.119145
v 0.0294405 -0.130619 0.120705
v 0.0254797 -0.122993 0.120242
v 0.0374232 -0.144285 0.118536
v 0.0233386 -0.119993 0.121814
v 0.0232975 -0.116696 0.114442
v 0.0232754 -0.118452 0.118145
v 0.022149 -0.115781 0.110822
v 0.00572132 -0.109846 0.133544
v 0.0284787 -0.125273 0.105935
v 0.0263542 -0.122133 0.107598
v 0.0242297 -0.118994 0.109262
v 0.0326475 -0.131635 0.10267
v 0.0305789 -0.128437 0.10429
v 0.0336146 -0.13273 0.106421
v 0.0315507 -0.129529 0.108041
v 0.0294869 -0.126329 0.10966
v 0.0274231 -0.123128 0.11128
v 0.0347018 -0.135006 0.101008
v 0.0356087 -0.136057 0.104786
v 0.0368446 -0.138533 0.0993219
v 0.0377822 -0.13975 0.103119
v 0.0381011 -0.142838 0.0932285
v 0.0390088 -0.143291 0.0973262
v 0.0398795 -0.143706 0.101454
v 0.0405315 -0.147444 0.0957962
v 0.0401301 -0.15089 0.0906242
v 0.0386186 -0.154465 0.0860191
v 0.0368908 -0.153759 0.0820652
v 0.0386796 -0.150198 0.08662
v 0.0377778 -0.146218 0.0878558
v 0.0359591 -0.145599 0.0839783
v 0.0347109 -0.141977 0.0854126
v 0.0365747 -0.142492 0.0892616
v 0.0352373 -0.139276 0.0907314
v 0.0369401 -0.140295 0.0943273
v 0.0326504 -0.141466 0.0817033
v 0.0331582 -0.138722 0.0870666
v 0.0313455 -0.135471 0.0889054
v 0.029383 -0.132302 0.0906488
v 0.0313351 -0.133012 0.0939388
v 0.0292826 -0.129892 0.095625
v 0.0272302 -0.126773 0.0973112
v 0.0218913 -0.131413 0.0825658
v 0.022118 -0.128756 0.0871846
v 0.0247152 -0.128976 0.0897698
v 0.0273123 -0.129197 0.0923549
v 0.0223448 -0.126098 0.0918034
v 0.0249419 -0.126319 0.0943885
v 0.0225715 -0.12344 0.0964222
v 0.0251687 -0.123661 0.0990073
v 0.0227983 -0.120783 0.101041
v 0.0238499 -0.134482 0.0801665
v 0.026436 -0.134708 0.0827418
v 0.0244844 -0.131636 0.0851474
v 0.0270705 -0.131861 0.0877227
v 0.0252266 -0.13758 0.0777692
v 0.026563 -0.140728 0.0754885
v 0.0298368 -0.141126 0.0785375
v 0.0277774 -0.144163 0.0737115
v 0.0248956 -0.147526 0.0695752
v 0.0242101 -0.143831 0.0708983
v 0.0209112 -0.147028 0.0671331
v 0.0202882 -0.142985 0.0691673
v 0.00330836 -0.117906 0.13632
v 0.0193195 -0.139383 0.0714414
v 0.017908 -0.136359 0.0740684
v 0.0253737 -0.151437 0.0686882
v 0.0290646 -0.15606 0.0711951
v 0.029096 -0.151876 0.0714061
v 0.0320392 -0.152435 0.0747628
v 0.0349122 -0.153025 0.0782279
v 0.0317212 -0.148433 0.0755797
v 0.0345128 -0.14902 0.0791302
v 0.0311472 -0.160562 0.0745488
v 0.0320687 -0.156517 0.0743219
v 0.0343723 -0.157261 0.0779181
v 0.0365023 -0.158022 0.0816901
v 0.0332524 -0.161333 0.0781265
v 0.0308251 -0.164894 0.0788074
v 0.0329235 -0.165716 0.0822388
v 0.0343091 -0.166306 0.086105
v 0.0352827 -0.166761 0.0902224
v 0.0358864 -0.167156 0.0943648
v 0.0040298 -0.121878 0.137586
v 0.0381449 -0.163713 0.0942185
v 0.0372848 -0.163183 0.0900142
v 0.0378717 -0.158698 0.0857935
v 0.0391316 -0.159359 0.0899017
v 0.0396192 -0.159802 0.094208
v 0.0403151 -0.155609 0.0945045
v 0.0398876 -0.16019 0.0985219
v 0.0399444 -0.160584 0.102805
v 0.0405307 -0.156054 0.0988152
v 0.0412307 -0.156798 0.10322
v 0.0409509 -0.151502 0.0948367
v 0.0411549 -0.152177 0.0992765
v 0.0413588 -0.152852 0.103716
v 0.0410117 -0.148795 0.104232
v 0.0412881 -0.148068 0.099896
v 0.0403699 -0.157387 0.107702
v 0.0411371 -0.153493 0.108173
v 0.0405541 -0.154231 0.112576
v 0.0395353 -0.161233 0.107138
v 0.0396872 -0.158054 0.111967
v 0.0391623 -0.165316 0.106663
v 0.0389152 -0.161916 0.111324
v 0.0381755 -0.165868 0.110691
v 0.0365062 -0.166152 0.114423
v 0.037482 -0.162293 0.115159
v 0.0359184 -0.167242 0.0986326
v 0.0382244 -0.163865 0.0985074
v 0.0382649 -0.164246 0.102769
v 0.0359295 -0.16742 0.102853
v 0.00476056 -0.125801 0.138888
v 0.0351579 -0.162054 0.0817398
v 0.0362019 -0.162608 0.085864
v 0.0281377 -0.159895 0.071481
v 0.0286976 -0.147886 0.0722386
v 0.031058 -0.144535 0.0767575
v 0.0231699 -0.14038 0.0729363
v 0.0218011 -0.137256 0.0753633
v 0.0204322 -0.134132 0.0777903
v 0.0283749 -0.137798 0.0803917
v 0.030819 -0.138227 0.0835912
v 0.0289816 -0.134991 0.0854948
v 0.0368685 -0.149514 0.0827435
v 0.0339266 -0.145046 0.0802208
v 0.039849 -0.155133 0.0901637
v 0.0392609 -0.14691 0.0918541
v 0.0352867 -0.137273 0.0957384
v 0.0332441 -0.13385 0.0974081
v 0.0333823 -0.136145 0.0922742
v 0.0312003 -0.130697 0.099059
v 0.0291565 -0.127554 0.100709
v 0.0271127 -0.124411 0.102359
v 0.0250689 -0.121268 0.10401
v 0.025494 -0.12142 0.116587
v 0.0299068 -0.127674 0.113389
v 0.0277439 -0.124511 0.115
v 0.0252972 -0.119952 0.112894
v 0.0402387 -0.144667 0.10539
v 0.0411354 -0.149482 0.10867
v 0.0387859 -0.147465 0.117778
v 0.0383749 -0.158497 0.115853
v 0.0333645 -0.147795 0.128779
v 0.0273564 -0.148288 0.134996
v 0.0239657 -0.1486 0.13769
v 0.020168 -0.148913 0.139949
v 0.0163893 -0.14917 0.142229
v 0.00406376 -0.157753 0.144678
v -0.000383558 -0.153909 0.145878
v -0.000182721 -0.157853 0.144908
v -0.00435377 -0.158097 0.144875
v 3.14114e-05 -0.161779 0.143785
v -0.00382146 -0.165544 0.141405
v 0.00873965 -0.170708 0.13635
v 0.00450175 -0.167942 0.13892
v 0.000441637 -0.168388 0.13894
v 0.00432395 -0.16473 0.14147
v 0.000263843 -0.165176 0.14149
v 0.00472253 -0.171106 0.136315
v 0.000706239 -0.171502 0.136278
v -0.00331005 -0.171899 0.136241
v -0.00360515 -0.168819 0.138943
v -0.00731243 -0.172199 0.136063
v -0.00760572 -0.169054 0.138658
v -0.0116357 -0.168839 0.137589
v -0.0119923 -0.165536 0.139839
v -0.00792969 -0.165596 0.140744
v -0.0082055 -0.16191 0.142587
v -0.0122878 -0.161944 0.14178
v -0.0084694 -0.158196 0.144329
v -0.0125019 -0.158111 0.143098
v -0.0086593 -0.154178 0.144547
v -0.00884249 -0.15011 0.144459
v 0.0173643 -0.117168 0.129358
v 0.0180426 -0.121075 0.130263
v 0.00501577 -0.174401 0.133867
v 0.001 -0.174737 0.133759
v -0.00301577 -0.175073 0.133651
v -0.00412098 -0.161947 0.143432
v -0.00457318 -0.154084 0.145508
v 0.00746473 -0.145437 0.144219
v 0.0188277 -0.140788 0.138385
v 0.0151989 -0.141101 0.140681
v 0.0216467 -0.136569 0.134982
v 0.0180179 -0.136883 0.137278
v 0.020837 -0.132664 0.133875
v 0.0172082 -0.132977 0.136172
v 0.0163985 -0.129072 0.135065
v 0.0155888 -0.125167 0.133959
v 0.0265889 -0.132472 0.127876
v 0.0226549 -0.128728 0.129522
v 0.0219766 -0.12482 0.128617
v -0.306035 -0.236457 0.0592282
v -0.311362 -0.240954 0.0465861
v -0.274711 -0.223499 -0.0188439
v -0.315181 -0.244843 0.0430466
v -0.311109 -0.244394 0.0381019
v -0.299273 -0.236671 0.0403843
v -0.303296 -0.240083 0.0366739
v -0.293818 -0.232929 0.0530845
v -0.292738 -0.231954 0.0620157
v -0.298376 -0.235386 0.0493017
v -0.266385 -0.229708 0.0803837
v -0.257538 -0.230227 0.0772613
v -0.262825 -0.230149 0.0742449
v -0.252218 -0.229857 0.0796699
v -0.243359 -0.230215 0.0763287
v -0.247836 -0.230326 0.0880485
v -0.254393 -0.229954 0.0855393
v -0.26095 -0.229583 0.08303
v -0.239541 -0.230316 0.0846232
v -0.246098 -0.229945 0.0821139
v -0.237804 -0.229935 0.0786886
v -0.241288 -0.230688 0.0905427
v -0.229158 -0.2296 0.0943016
v -0.23518 -0.230381 0.0924092
v -0.233451 -0.229845 0.0865233
v -0.211426 -0.226162 0.100384
v -0.217286 -0.22754 0.0982938
v -0.223145 -0.228919 0.0962036
v -0.215426 -0.226492 0.0923135
v -0.213582 -0.225119 0.086303
v -0.209666 -0.224564 0.094458
v -0.204434 -0.221979 0.0969481
v -0.208177 -0.222557 0.088646
v -0.203199 -0.219316 0.0913113
v -0.1987 -0.215584 0.0940865
v -0.194423 -0.21173 0.0969156
v -0.301318 -0.23429 0.0631282
v -0.195654 -0.21446 0.10258
v -0.199701 -0.218522 0.0996842
v -0.221268 -0.228061 0.0902115
v -0.225495 -0.22844 0.0823476
v -0.227411 -0.22911 0.0883906
v -0.231636 -0.229526 0.0805193
v -0.271992 -0.229562 0.0766968
v -0.268232 -0.230088 0.0709738
v -0.273507 -0.230111 0.0679796
v -0.277277 -0.229783 0.0732558
v -0.282571 -0.230136 0.0695173
v -0.287864 -0.23049 0.0657787
v -0.278798 -0.230432 0.064314
v -0.283934 -0.230888 0.0606259
v -0.288898 -0.231921 0.0569109
v -0.297519 -0.233891 0.0582252
v -0.30248 -0.235267 0.0542257
v -0.307061 -0.237927 0.0503688
v -0.294916 -0.23387 0.0441628
v -0.291083 -0.233122 0.0391032
v -0.295284 -0.23618 0.0353567
v -0.295629 -0.238431 0.0264894
v -0.299608 -0.241808 0.0227999
v -0.296027 -0.240487 0.0175921
v -0.292701 -0.23862 0.0123039
v -0.288719 -0.235344 0.0160696
v -0.285412 -0.233454 0.0108153
v -0.289365 -0.236784 0.007046
v -0.28623 -0.234568 0.00181314
v -0.289891 -0.238323 -0.00202461
v -0.28326 -0.231981 -0.00337465
v -0.28041 -0.229154 -0.00853105
v -0.277561 -0.226327 -0.0136875
v -0.276527 -0.225863 -0.00468601
v -0.278286 -0.228027 0.00941242
v -0.279299 -0.228742 0.00044573
v -0.273967 -0.225301 0.0132471
v -0.275351 -0.225457 0.0042854
v -0.269765 -0.222458 0.0171324
v -0.271174 -0.222581 0.00817674
v -0.268581 -0.219568 0.00315267
v -0.27261 -0.222648 -0.000772843
v -0.273653 -0.2231 -0.00980153
v -0.271162 -0.219894 -0.0147901
v -0.269024 -0.216275 -0.0197323
v -0.265449 -0.212724 -0.0156786
v -0.262336 -0.213131 0.00219051
v -0.263957 -0.212898 -0.00671005
v -0.26445 -0.216665 0.00707273
v -0.266026 -0.216474 -0.00183852
v -0.260634 -0.213427 0.0110885
v -0.258662 -0.20975 0.00625945
v -0.260407 -0.209419 -0.00263715
v -0.256532 -0.210516 0.0149901
v -0.25494 -0.206409 0.0103248
v -0.258496 -0.214247 0.0197983
v -0.260801 -0.217582 0.0247225
v -0.265434 -0.219815 0.0209801
v -0.262831 -0.216859 0.0159697
v -0.26351 -0.220341 0.029776
v -0.268078 -0.22269 0.0260079
v -0.26638 -0.222794 0.0349075
v -0.269263 -0.225219 0.040038
v -0.271049 -0.224955 0.0311486
v -0.274166 -0.226985 0.0363085
v -0.278899 -0.229111 0.0325683
v -0.275812 -0.22702 0.0274102
v -0.272627 -0.225043 0.0222227
v -0.280323 -0.229423 0.023612
v -0.277087 -0.227495 0.0184042
v -0.28135 -0.230317 0.0146087
v -0.283573 -0.23133 0.0288239
v -0.287878 -0.234104 0.0250523
v -0.284554 -0.232315 0.0198185
v -0.277498 -0.228644 0.0414744
v -0.282417 -0.230483 0.0377475
v -0.272488 -0.226895 0.0451923
v -0.285058 -0.229598 0.0518832
v -0.271172 -0.225728 0.0540964
v -0.276191 -0.227484 0.0503717
v -0.28121 -0.229241 0.0466469
v -0.286229 -0.230997 0.0429222
v -0.279858 -0.228036 0.0556704
v -0.265953 -0.224186 0.0578903
v -0.255233 -0.221305 0.0649327
v -0.260603 -0.222738 0.061433
v -0.251854 -0.220506 0.0595445
v -0.257199 -0.221967 0.0560955
v -0.254199 -0.220111 0.0509113
v -0.259324 -0.221753 0.0474136
v -0.256544 -0.219124 0.0422428
v -0.254137 -0.215978 0.037201
v -0.247513 -0.209985 0.0360048
v -0.252073 -0.212382 0.0323119
v -0.241264 -0.203521 0.0350213
v -0.233854 -0.202709 0.0470475
v -0.238438 -0.205106 0.0433877
v -0.243022 -0.207503 0.0397279
v -0.235418 -0.206855 0.051683
v -0.240057 -0.209196 0.0480608
v -0.244718 -0.211512 0.0444478
v -0.251852 -0.216923 0.0459075
v -0.246848 -0.215024 0.0493827
v -0.243683 -0.216998 0.057651
v -0.238604 -0.215155 0.0610702
v -0.241834 -0.213127 0.0528483
v -0.233308 -0.213399 0.0643157
v -0.228134 -0.211456 0.0675803
v -0.221845 -0.204865 0.0663685
v -0.226943 -0.206917 0.0630882
v -0.23204 -0.208968 0.0598078
v -0.225631 -0.202572 0.0585874
v -0.221512 -0.199996 0.0624941
v -0.217342 -0.202298 0.0700875
v -0.218438 -0.206567 0.0745547
v -0.223248 -0.209072 0.07104
v -0.230629 -0.213529 0.0728936
v -0.238886 -0.216638 0.0750813
v -0.235922 -0.215428 0.0695298
v -0.241289 -0.217201 0.0662647
v -0.24433 -0.218311 0.0717783
v -0.249764 -0.220011 0.0684598
v -0.236951 -0.211047 0.0563426
v -0.230669 -0.204632 0.0552477
v -0.245805 -0.205953 0.0313187
v -0.250189 -0.208544 0.0275442
v -0.24823 -0.204788 0.0227415
v -0.249646 -0.213498 0.0409343
v -0.264334 -0.22343 0.0437389
v -0.261551 -0.220846 0.0386241
v -0.258767 -0.218261 0.0335092
v -0.248883 -0.218646 0.0542813
v -0.246537 -0.21899 0.0629659
v -0.274638 -0.226503 0.0594692
v -0.262377 -0.223604 0.0525861
v -0.267438 -0.225215 0.0488979
v -0.25653 -0.214893 0.0285711
v -0.254423 -0.211305 0.0237063
v -0.252352 -0.20768 0.0188556
v -0.262235 -0.209059 -0.0114927
v -0.269984 -0.219608 -0.005794
v -0.2676 -0.216286 -0.0107502
v -0.267101 -0.219582 0.0120976
v -0.282267 -0.231275 0.00560514
v -0.299832 -0.244167 0.0139421
v -0.296517 -0.24222 0.0086192
v -0.293203 -0.240274 0.00329632
v -0.303235 -0.243024 0.0280089
v -0.306909 -0.246954 0.0245076
v -0.303347 -0.245618 0.0192288
v -0.292134 -0.23697 0.0212901
v -0.291398 -0.235518 0.0302725
v -0.287032 -0.232834 0.0340382
v -0.290019 -0.231629 0.048076
v -0.299322 -0.239503 0.0316526
v -0.318743 -0.248979 0.0396405
v -0.314754 -0.248381 0.0346236
v -0.307093 -0.24385 0.0331066
v -0.310764 -0.247783 0.0296067
v -0.302964 -0.237769 0.0454352
v -0.307357 -0.240546 0.041616
v 0.1432965625 -0.48461128125 -0.144961875
v 0.15414478125 -0.4823053125 -0.1426361875
v 0.1669350625 -0.481908375 -0.13942634375
v 0.19022934375 -0.483248125 -0.132119875
v 0.1798545625 -0.4941716875 -0.13518853125
v 0.1672686875 -0.49451278125 -0.13911784375
v 0.15449865625 -0.49491065625 -0.1425045
v 0.14355796875 -0.49325375 -0.14498378125
v 0.19032953125 -0.49192421875 -0.1316208125
v 0.17960584375 -0.4815558125 -0.13570825
v 0.1482540625 -0.494893640625 -0.143960828125
v 0.15432171875 -0.488607984375 -0.14257034375
v 0.147897734375 -0.482698859375 -0.14399540625
v 0.141809453125 -0.488979703125 -0.145315765625
v 0.160904734375 -0.49471034375 -0.140878234375
v 0.167101875 -0.488210578125 -0.13927209375
v 0.160557984375 -0.48210296875 -0.141099453125
v 0.173585125 -0.494336046875 -0.1372214375
v 0.179730203125 -0.48786375 -0.135448390625
v 0.173284890625 -0.48172721875 -0.137627859375
v 0.185885609375 -0.493816390625 -0.133109734375
v 0.1918386875 -0.487545234375 -0.13132846875
v 0.18570271875 -0.48159159375 -0.1337308125
v 0.147924228516 -0.488800673828 -0.144010267578
v 0.160731359375 -0.48840665625 -0.14098884375
v 0.173435007812 -0.488031632813 -0.137424648438
v 0.18594034375 -0.487700154297 -0.133369472656
v 0.1456134375 -0.49437675 -0.1445453125
v 0.148063867187 -0.491847894531 -0.14399090625
v 0.144842851562 -0.488891226562 -0.144672757812
v 0.1422856875 -0.49132425 -0.1452385625
v 0.1544101875 -0.491759320312 -0.142537421875
v 0.1511015625 -0.48870596875 -0.1433088125
v 0.1512818125 -0.4950048125 -0.143268
v 0.1509213125 -0.482407125 -0.143349625
v 0.147885703125 -0.485750503906 -0.144008195312
v 0.15423325 -0.485456648437 -0.142603265625
v 0.142142125 -0.4866115625 -0.1452215
v 0.145285625 -0.4833703125 -0.144543
v 0.1577065625 -0.4948115625 -0.141708
v 0.160818046875 -0.4915585 -0.140933539063
v 0.1575315625 -0.48850759375 -0.1417968125
v 0.16718528125 -0.491361679687 -0.13919496875
v 0.163921375 -0.48830703125 -0.1401470625
v 0.164092375 -0.4946098125 -0.1400149375
v 0.163750375 -0.48200425 -0.1402791875
v 0.160644671875 -0.4852548125 -0.141044148437
v 0.16701846875 -0.485059476563 -0.13934921875
v 0.1573565625 -0.482203625 -0.141885625
v 0.170432875 -0.4944220625 -0.1381866875
v 0.173510066406 -0.491183839844 -0.137323042969
v 0.170273125 -0.48811915625 -0.1383645625
v 0.179792382812 -0.49101771875 -0.135318460937
v 0.17658740625 -0.487946875 -0.13645253125
v 0.176725625 -0.494253125 -0.1362220625
v 0.1764491875 -0.481640625 -0.136683
v 0.173359949219 -0.484879425781 -0.137526253906
v 0.179668023437 -0.48470978125 -0.135578320313
v 0.170113375 -0.48181625 -0.1385424375
v 0.18286328125 -0.487781125 -0.13441240625
v 0.185845894531 -0.484645234375 -0.133541675781
v 0.1827544375 -0.481472125 -0.134704
v 0.182972125 -0.494090125 -0.1341208125
v 0.185937339844 -0.490757632813 -0.133231136719
v 0.1914745625 -0.4899216875 -0.131324625
v 0.18891509375 -0.487621992188 -0.132344484375
v 0.1884023125 -0.4931584375 -0.132246125
v 0.1882584375 -0.48211625 -0.13284925
v 0.1914231875 -0.48518925 -0.13160325
v 0.14512703125 -0.4916369375 -0.14463046875
v 0.1511916875 -0.491855390625 -0.14328840625
v 0.1510114375 -0.485556546875 -0.14332921875
v 0.144963125 -0.48613371875 -0.1446293125
v 0.1576190625 -0.491659578125 -0.14175240625
v 0.164006875 -0.491458421875 -0.140081
v 0.163835875 -0.485155640625 -0.140213125
v 0.1574440625 -0.485355609375 -0.14184121875
v 0.170353 -0.491270609375 -0.138275625
v 0.176656515625 -0.4911 -0.136337296875
v 0.176518296875 -0.48479375 -0.136567765625
v 0.17019325 -0.484967703125 -0.1384535
v 0.182808859375 -0.484626625 -0.134558203125
v 0.182917703125 -0.490935625 -0.134266609375
v 0.18875615625 -0.49038765625 -0.1322614375
v 0.18868421875 -0.4848665625 -0.132563
v -0.188622 0.205779 -0.0857322
v -0.185812 0.19773 -0.0853623
v -0.17187 0.185984 -0.0809142
v -0.175768 0.193435 -0.081044
v -0.182732 0.189872 -0.0850585
v -0.179118 0.182245 -0.084529
v -0.188975 0.186957 -0.0901327
v -0.192177 0.195192 -0.0904941
v -0.185333 0.179077 -0.0897657
v -0.177569 0.163538 -0.0894548
v -0.18148 0.1713 -0.0896374
v -0.171508 0.167084 -0.0844266
v -0.157171 0.155375 -0.0806974
v -0.161037 0.163287 -0.0804756
v -0.153062 0.147649 -0.0811134
v -0.16324 0.151802 -0.0850696
v -0.158864 0.144264 -0.085611
v -0.169533 0.146906 -0.0905919
v -0.160246 0.133033 -0.0913527
v -0.165428 0.129784 -0.0973912
v -0.174845 0.143942 -0.0963146
v -0.179016 0.151302 -0.0960044
v -0.178899 0.14162 -0.103555
v -0.182943 0.149047 -0.103208
v -0.186988 0.156474 -0.102861
v -0.191032 0.163901 -0.102514
v -0.172082 0.126369 -0.112813
v -0.177201 0.133282 -0.112205
v -0.181896 0.1404 -0.111584
v -0.186431 0.147591 -0.110981
v -0.19023 0.155274 -0.110701
v -0.194015 0.162966 -0.110431
v -0.191997 0.155276 -0.119251
v -0.195926 0.163018 -0.118861
v -0.18337 0.14035 -0.120183
v -0.187967 0.147608 -0.119661
v -0.178505 0.133201 -0.120692
v -0.188017 0.148368 -0.128303
v -0.192234 0.15602 -0.127912
v -0.196403 0.163714 -0.127492
v -0.199998 0.171764 -0.126726
v -0.19947 0.170922 -0.118294
v -0.202478 0.179034 -0.117527
v -0.205281 0.187312 -0.116729
v -0.203429 0.179876 -0.125922
v -0.208117 0.195657 -0.115938
v -0.210508 0.204228 -0.115221
v -0.209413 0.212414 -0.106693
v -0.21113 0.221093 -0.106073
v -0.212479 0.212847 -0.114488
v -0.21399 0.22152 -0.113795
v -0.212365 0.229735 -0.105304
v -0.212708 0.238301 -0.104393
v -0.213051 0.246866 -0.103483
v -0.213394 0.255432 -0.102572
v -0.208261 0.246094 -0.0965249
v -0.208322 0.254594 -0.0957805
v -0.207904 0.263177 -0.0949383
v -0.213215 0.263974 -0.101781
v -0.195055 0.203282 -0.0906481
v -0.1682 0.178454 -0.0805919
v -0.1647 0.170961 -0.0804571
v -0.175337 0.174667 -0.0844525
v -0.1735 0.155785 -0.0893765
v -0.167477 0.159432 -0.0845517
v -0.156906 0.173916 -0.0776243
v -0.207776 0.229365 -0.0983239
v -0.208137 0.23764 -0.0973229
v -0.203869 0.20366 -0.0996973
v -0.20552 0.212337 -0.0994408
v -0.207171 0.221013 -0.0991843
v -0.205795 0.195148 -0.107762
v -0.200578 0.17873 -0.109219
v -0.196635 0.179541 -0.101697
v -0.199114 0.187524 -0.100994
v -0.201593 0.195508 -0.100291
v -0.153273 0.166077 -0.077871
v -0.188385 0.173808 -0.0960919
v -0.19424 0.171562 -0.102298
v -0.190599 0.18178 -0.0957111
v -0.192813 0.189752 -0.0953303
v -0.195027 0.197724 -0.0949494
v -0.207864 0.203693 -0.107115
v -0.203428 0.186712 -0.108483
v -0.19765 0.170763 -0.109971
v -0.164223 0.120703 -0.105386
v -0.169534 0.127449 -0.104642
v -0.174793 0.134231 -0.103923
v -0.1604 0.12292 -0.0980538
v -0.149689 0.15835 -0.078152
v -0.146138 0.150699 -0.0784564
v -0.154223 0.117006 -0.0991874
v -0.158533 0.114328 -0.10625
v -0.170249 0.136788 -0.0967666
v -0.183056 0.158658 -0.0959861
v -0.165117 0.139982 -0.09068
v 0.338963 -0.282192 0.0694124
v 0.336679 -0.280641 0.065179
v 0.333672 -0.277144 0.0680327
v 0.334395 -0.27909 0.0609456
v 0.331362 -0.275634 0.0637973
v 0.328212 -0.272357 0.0666399
v 0.324926 -0.269276 0.0696464
v 0.327255 -0.270605 0.0738608
v 0.324039 -0.26737 0.0770487
v 0.321553 -0.266248 0.0727172
v 0.31804 -0.263457 0.0760763
v 0.314379 -0.260953 0.0793961
v 0.310435 -0.258964 0.082898
v 0.306484 -0.257018 0.0863793
v 0.302533 -0.255071 0.0898605
v 0.304967 -0.256394 0.0943536
v 0.300804 -0.255022 0.097884
v 0.311023 -0.260036 0.0951577
v 0.307013 -0.258442 0.0987538
v 0.312734 -0.262609 0.0993846
v 0.308638 -0.261179 0.102938
v 0.304483 -0.260082 0.106491
v 0.30019 -0.259253 0.109909
v 0.295843 -0.258843 0.113157
v 0.291515 -0.258654 0.116324
v 0.287079 -0.258442 0.119441
v 0.282642 -0.258229 0.122558
v 0.294212 -0.255829 0.10895
v 0.289771 -0.255637 0.11206
v 0.285313 -0.255394 0.115222
v 0.280854 -0.255147 0.118387
v 0.287808 -0.252918 0.107877
v 0.276472 -0.254717 0.121482
v 0.275732 -0.261125 0.1329
v 0.273921 -0.257563 0.128778
v 0.28006 -0.261428 0.129771
v 0.278283 -0.257961 0.125686
v 0.281672 -0.26595 0.133318
v 0.284381 -0.261744 0.126627
v 0.298102 -0.266505 0.120899
v 0.29402 -0.266417 0.123985
v 0.289938 -0.266328 0.127071
v 0.285856 -0.26624 0.130157
v 0.288596 -0.262096 0.123443
v 0.302347 -0.266672 0.117737
v 0.306649 -0.267119 0.114384
v 0.315156 -0.269025 0.107165
v 0.310907 -0.26806 0.110768
v 0.319186 -0.270467 0.103641
v 0.320002 -0.27389 0.107056
v 0.325313 -0.282695 0.109551
v 0.324649 -0.27909 0.106493
v 0.323986 -0.275485 0.103435
v 0.323605 -0.287039 0.114771
v 0.322085 -0.282073 0.112638
v 0.318694 -0.28154 0.1161
v 0.31677 -0.27677 0.113736
v 0.313184 -0.276365 0.116984
v 0.307674 -0.27119 0.117868
v 0.314984 -0.28121 0.11929
v 0.311071 -0.281 0.122386
v 0.307158 -0.28079 0.125482
v 0.303245 -0.28058 0.128578
v 0.309378 -0.276092 0.120129
v 0.305465 -0.275882 0.123226
v 0.30143 -0.275644 0.126543
v 0.297254 -0.275654 0.129473
v 0.291986 -0.286409 0.138648
v 0.298995 -0.280715 0.131406
v 0.294676 -0.280945 0.134139
v 0.290356 -0.281175 0.136871
v 0.293046 -0.275711 0.132362
v 0.288727 -0.275941 0.135095
v 0.287693 -0.286605 0.141425
v 0.286164 -0.281248 0.13981
v 0.284635 -0.275891 0.138195
v 0.283178 -0.287174 0.143819
v 0.281698 -0.281746 0.142285
v 0.280218 -0.276319 0.140752
v 0.285781 -0.29762 0.145957
v 0.28456 -0.292489 0.145096
v 0.29147 -0.302212 0.144344
v 0.286926 -0.302789 0.146666
v 0.290417 -0.296998 0.143816
v 0.287972 -0.307977 0.147172
v 0.292499 -0.307331 0.144792
v 0.297025 -0.306685 0.142411
v 0.296012 -0.301625 0.142015
v 0.288875 -0.313028 0.147268
v 0.28428 -0.313796 0.149424
v 0.30144 -0.306296 0.140002
v 0.300341 -0.301308 0.139387
v 0.304552 -0.301153 0.136566
v 0.299137 -0.296223 0.138427
v 0.303356 -0.296126 0.135659
v 0.302046 -0.290952 0.13445
v 0.308528 -0.301319 0.133563
v 0.312411 -0.30161 0.13049
v 0.316295 -0.301901 0.127417
v 0.317181 -0.307256 0.127496
v 0.321064 -0.307561 0.12429
v 0.320178 -0.302197 0.124287
v 0.324947 -0.307866 0.121084
v 0.324061 -0.302503 0.121081
v 0.32883 -0.308172 0.117879
v 0.327944 -0.302808 0.117875
v 0.332713 -0.308477 0.114673
v 0.331683 -0.303015 0.113976
v 0.33652 -0.308595 0.110498
v 0.34205 -0.313345 0.10453
v 0.34035 -0.308598 0.105851
v 0.347477 -0.317925 0.0985497
v 0.345371 -0.312518 0.0998231
v 0.351916 -0.320977 0.0922948
v 0.353706 -0.318708 0.0872412
v 0.338619 -0.291702 0.0988341
v 0.355225 -0.31648 0.0818489
v 0.355815 -0.313019 0.0760193
v 0.353717 -0.308818 0.0783115
v 0.351271 -0.300983 0.0753037
v 0.351572 -0.304405 0.0801204
v 0.349291 -0.300089 0.0819653
v 0.348749 -0.29693 0.0774135
v 0.346755 -0.295976 0.0838902
v 0.34616 -0.292874 0.0794053
v 0.344731 -0.294801 0.0886691
v 0.347208 -0.298992 0.087518
v 0.344224 -0.303018 0.0972465
v 0.342356 -0.299246 0.0977757
v 0.340487 -0.295474 0.0983049
v 0.345809 -0.30109 0.0922412
v 0.343941 -0.297318 0.0927704
v 0.34147 -0.303805 0.101969
v 0.339595 -0.300026 0.102497
v 0.338636 -0.303798 0.106273
v 0.336694 -0.299175 0.106348
v 0.337657 -0.295438 0.102591
v 0.334751 -0.294435 0.106114
v 0.335709 -0.290563 0.101998
v 0.3328 -0.289425 0.105162
v 0.329891 -0.288286 0.108326
v 0.330002 -0.298111 0.113847
v 0.331754 -0.29339 0.109323
v 0.328309 -0.292825 0.112762
v 0.349887 -0.309401 0.0901986
v 0.347692 -0.304893 0.0916718
v 0.349278 -0.302968 0.0866628
v 0.341743 -0.293304 0.0937822
v 0.338428 -0.289355 0.0961829
v 0.334521 -0.283825 0.0961389
v 0.334828 -0.286798 0.0992092
v 0.331037 -0.281894 0.0995842
v 0.330681 -0.278858 0.0964512
v 0.327246 -0.276989 0.0999593
v 0.326709 -0.273947 0.0966907
v 0.3231 -0.272071 0.100069
v 0.321782 -0.268997 0.0962176
v 0.325444 -0.271029 0.0928369
v 0.320542 -0.266151 0.0923628
v 0.324211 -0.268561 0.0889199
v 0.331236 -0.274027 0.0823331
v 0.334583 -0.277055 0.0791348
v 0.337753 -0.280486 0.0763059
v 0.343383 -0.288985 0.0815359
v 0.342079 -0.286551 0.0775258
v 0.339082 -0.282889 0.0803124
v 0.340775 -0.284117 0.0735157
v 0.340235 -0.285324 0.0841969
v 0.337053 -0.281663 0.0868302
v 0.335911 -0.279282 0.0830129
v 0.332555 -0.276276 0.0862076
v 0.322575 -0.266384 0.0847517
v 0.32618 -0.268928 0.0813355
v 0.318852 -0.263991 0.0881465
v 0.316947 -0.261899 0.0837825
v 0.327851 -0.271024 0.0854966
v 0.333694 -0.278734 0.0900118
v 0.330294 -0.275972 0.093322
v 0.329178 -0.273387 0.0894576
v 0.33426 -0.281243 0.0932124
v 0.341489 -0.29091 0.091021
v 0.33818 -0.286965 0.0934334
v 0.337622 -0.284343 0.0901458
v 0.344179 -0.29179 0.0851291
v 0.340919 -0.288208 0.0876986
v 0.345148 -0.290163 0.0751741
v 0.343687 -0.287839 0.0710648
v 0.346269 -0.291731 0.0685597
v 0.348838 -0.295626 0.0660357
v 0.350748 -0.299826 0.0635938
v 0.349007 -0.297549 0.0590158
v 0.346892 -0.295624 0.0545841
v 0.344516 -0.294013 0.0502837
v 0.342155 -0.290206 0.0529318
v 0.339705 -0.286443 0.0555898
v 0.342225 -0.287853 0.0598027
v 0.339658 -0.284109 0.0624595
v 0.337123 -0.282729 0.0582553
v 0.348871 -0.299641 0.052006
v 0.346505 -0.298021 0.0477028
v 0.346971 -0.293514 0.0615778
v 0.344746 -0.291667 0.0571754
v 0.344479 -0.289609 0.0641528
v 0.341897 -0.285733 0.0667096
v 0.352454 -0.30211 0.0681526
v 0.350244 -0.298055 0.0705391
v 0.347915 -0.29399 0.0728346
v 0.353344 -0.305258 0.0731285
v 0.353432 -0.311783 0.0834161
v 0.351403 -0.307416 0.0851003
v 0.348118 -0.311559 0.0952651
v 0.346105 -0.306819 0.0966808
v 0.352015 -0.313996 0.0887469
v 0.343372 -0.307787 0.101246
v 0.350116 -0.316274 0.0938398
v 0.335209 -0.303357 0.110078
v 0.333459 -0.298571 0.110163
v 0.315386 -0.296537 0.126746
v 0.319266 -0.296819 0.123658
v 0.311468 -0.296272 0.129795
v 0.317956 -0.291506 0.122429
v 0.313996 -0.291259 0.125436
v 0.323091 -0.297126 0.120513
v 0.32174 -0.291831 0.119243
v 0.294852 -0.296533 0.141273
v 0.283321 -0.30864 0.149237
v 0.282101 -0.303507 0.148387
v 0.280882 -0.298375 0.147536
v 0.279662 -0.293242 0.146686
v 0.278757 -0.270994 0.138517
v 0.277296 -0.265669 0.136283
v 0.29782 -0.291223 0.137363
v 0.293552 -0.291538 0.140244
v 0.289284 -0.291854 0.143126
v 0.300567 -0.285854 0.133018
v 0.2963 -0.28617 0.1359
v 0.303676 -0.271 0.121031
v 0.299516 -0.270957 0.124062
v 0.295356 -0.270915 0.127092
v 0.307512 -0.296046 0.132797
v 0.310046 -0.291062 0.12843
v 0.306098 -0.290883 0.131419
v 0.316526 -0.286256 0.121074
v 0.312579 -0.286077 0.124063
v 0.308632 -0.285898 0.127052
v 0.304685 -0.285719 0.130041
v 0.320365 -0.286539 0.11799
v 0.326576 -0.297547 0.117274
v 0.325092 -0.292281 0.116061
v 0.326716 -0.287548 0.111615
v 0.331767 -0.285473 0.102589
v 0.328743 -0.284202 0.105956
v 0.327939 -0.280516 0.102976
v 0.320648 -0.277388 0.11029
v 0.315864 -0.272744 0.110683
v 0.311618 -0.271857 0.114377
v 0.291266 -0.270795 0.130243
v 0.287187 -0.270664 0.133412
v 0.283107 -0.270533 0.13658
v 0.301355 -0.26278 0.113879
v 0.297099 -0.262541 0.117072
v 0.292842 -0.262303 0.120265
v 0.309934 -0.264473 0.106983
v 0.3056 -0.263552 0.110483
v 0.31801 -0.267258 0.099761
v 0.314119 -0.265617 0.103423
v 0.316786 -0.264105 0.0958146
v 0.30288 -0.257114 0.102299
v 0.298588 -0.256295 0.105709
v 0.296539 -0.254064 0.101297
v 0.292217 -0.253338 0.104646
v 0.315017 -0.26176 0.0915888
v 0.313032 -0.259828 0.0872767
v 0.309072 -0.257843 0.090791
v 0.320553 -0.264543 0.0803961
v 0.329615 -0.271873 0.0781338
v 0.335916 -0.278678 0.0722744
v 0.332846 -0.275156 0.0751409
v 0.330644 -0.273639 0.0708906
v -0.0447639 0.331796 0.0958693
v -0.0469301 0.319859 0.0967426
v -0.045898 0.325829 0.0963224
v -0.0401019 0.325059 0.0982708
v -0.0391424 0.331046 0.0976371
v -0.0381829 0.337032 0.0970034
v -0.0333236 0.330368 0.0989852
v -0.0323525 0.336363 0.0983118
v -0.0300323 0.311545 0.101129
v -0.0351429 0.318315 0.099945
v -0.0342404 0.324345 0.0994876
v -0.0309288 0.305513 0.101555
v -0.0368495 0.30623 0.100338
v -0.0360141 0.312276 0.100236
v -0.0317224 0.299424 0.101696
v -0.0492028 0.338541 0.0933288
v -0.0609355 0.334593 0.0887646
v -0.0154405 0.247593 0.107685
v -0.0145118 0.253617 0.107714
v -0.0125354 0.234725 0.111174
v -0.0137612 0.228758 0.111378
v -0.0179867 0.229568 0.107513
v -0.0221423 0.230359 0.103659
v -0.0170615 0.235567 0.1075
v -0.0161363 0.241566 0.107486
v -0.0213637 0.236375 0.103746
v -0.0206121 0.242394 0.103852
v -0.0198605 0.248414 0.103958
v -0.0191089 0.254433 0.104064
v -0.0557001 0.333585 0.0912648
v -0.0376848 0.300183 0.100439
v -0.0427608 0.307011 0.0988553
v -0.0419554 0.313052 0.0989649
v -0.048765 0.307842 0.0977782
v -0.0478535 0.313852 0.0972554
v -0.0410958 0.319078 0.0987509
v -0.0436917 0.337778 0.095199
v -0.0526575 0.320657 0.0946779
v -0.0581556 0.32166 0.0921457
v -0.0515069 0.326618 0.0942281
v -0.0503562 0.332579 0.0937783
v -0.0656361 0.310657 0.0890687
v -0.0591803 0.315666 0.0920252
v -0.0559431 0.309218 0.0965821
v -0.0606942 0.309896 0.0926492
v -0.0541331 0.314858 0.0954114
v -0.0645984 0.31669 0.0893432
v -0.0697124 0.317747 0.0861825
v -0.0708042 0.311718 0.0859911
v -0.0717588 0.305744 0.0854848
v -0.078212 0.295053 0.0801543
v -0.0773845 0.300975 0.0809702
v -0.076557 0.306898 0.0817861
v -0.0795449 0.314046 0.077934
v -0.0755302 0.312837 0.0823913
v -0.0783532 0.319994 0.0783614
v -0.0777153 0.325943 0.0791935
v -0.0772277 0.331893 0.0801481
v -0.0569621 0.327622 0.0917011
v -0.0744907 0.318771 0.0825521
v -0.0801216 0.246409 0.0781244
v -0.079371 0.252366 0.0788233
v -0.0743322 0.220346 0.0836713
v -0.0772051 0.233378 0.0808878
v -0.0747386 0.21441 0.082469
v -0.0715975 0.195471 0.082925
v -0.0666255 0.200283 0.0880978
v -0.0712852 0.201383 0.0841894
v -0.066111 0.206236 0.089255
v -0.0707708 0.207336 0.0853467
v -0.0702564 0.213289 0.0865039
v -0.067113 0.194332 0.0868994
v -0.0675009 0.188396 0.0855709
v -0.0621647 0.328635 0.0890162
v -0.0672834 0.182685 0.0836333
v -0.0623035 0.181606 0.086915
v -0.0622398 0.187427 0.0886137
v -0.0566759 0.192282 0.0928507
v -0.0508246 0.191648 0.0939946
v -0.0442566 0.196785 0.0959643
v -0.0503302 0.197481 0.0954808
v -0.0633886 0.322679 0.0892382
v -0.0718397 0.33065 0.0821102
v -0.0382362 0.196413 0.0951742
v -0.0376695 0.202197 0.0970184
v -0.0369602 0.207943 0.0989436
v -0.0362915 0.213781 0.100633
v -0.0423315 0.214507 0.100165
v -0.0481992 0.21532 0.0985112
v -0.049723 0.203314 0.0972121
v -0.048952 0.209298 0.0978993
v -0.0537025 0.216211 0.0959195
v -0.0528741 0.222208 0.0964499
v -0.055403 0.204222 0.094986
v -0.0609269 0.205205 0.0923569
v -0.0545458 0.210216 0.0954325
v -0.0600697 0.211199 0.0928034
v -0.0592125 0.217192 0.0932498
v -0.0583032 0.22319 0.0936557
v -0.0635025 0.224199 0.0907737
v -0.057373 0.229189 0.0940453
v -0.0625722 0.230198 0.0911633
v -0.0564428 0.235189 0.0944348
v -0.061642 0.236197 0.0915528
v -0.0607118 0.242196 0.0919424
v -0.0607227 0.248032 0.0934508
v -0.0653744 0.212212 0.0899917
v -0.0644348 0.218202 0.0903836
v -0.0687285 0.225249 0.0878582
v -0.0677913 0.231239 0.0882538
v -0.0668541 0.237229 0.0886494
v -0.065917 0.243219 0.0890449
v -0.071005 0.244269 0.085905
v -0.0649798 0.249209 0.0894405
v -0.0727451 0.232301 0.0848988
v -0.071919 0.238281 0.0854723
v -0.069981 0.250258 0.0862088
v -0.068867 0.256247 0.0864173
v -0.0748293 0.251305 0.0827413
v -0.073765 0.257295 0.0830395
v -0.0519764 0.228248 0.0965562
v -0.0510601 0.2343 0.0965486
v -0.0328342 0.237957 0.100921
v -0.0387051 0.238757 0.0998675
v -0.0318624 0.243981 0.100329
v -0.0377333 0.244781 0.0992756
v -0.0436042 0.245581 0.0982223
v -0.0671074 0.329654 0.0856363
v -0.0337921 0.231928 0.101448
v -0.0259609 0.243173 0.101239
v -0.0346995 0.22588 0.101698
v -0.0268926 0.237159 0.101742
v -0.0278029 0.231131 0.10214
v -0.028691 0.225103 0.102301
v -0.0684362 0.323705 0.0859385
v -0.0731627 0.324706 0.0823153
v -0.0730785 0.299888 0.0850022
v -0.0753931 0.294163 0.085194
v -0.0658696 0.274067 0.087943
v -0.0405626 0.226635 0.100264
v -0.0396465 0.232706 0.100181
v -0.0501327 0.240334 0.0964012
v -0.0492639 0.246375 0.0962886
v -0.0548971 0.247208 0.0941176
v -0.0557965 0.241164 0.0944255
v -0.0472888 0.221371 0.0984974
v -0.0463758 0.227423 0.0984755
v -0.0414815 0.22057 0.100336
v -0.0454584 0.233475 0.0984404
v -0.0445344 0.239528 0.0983852
v -0.0355632 0.219816 0.101461
v -0.0436755 0.202563 0.0978657
v -0.0430458 0.208463 0.0994479
v -0.0700428 0.281116 0.0852713
v -0.0448095 0.19101 0.0941307
v -0.0651133 0.280056 0.0887496
v -0.062081 0.193264 0.0902582
v -0.0561359 0.198239 0.094272
v -0.0615569 0.19923 0.0914214
v -0.0695712 0.219265 0.0873125
v -0.0735658 0.226321 0.0843189
v -0.0764781 0.239337 0.0815898
v -0.0756902 0.24532 0.0822079
v -0.0709276 0.275134 0.0846939
v -0.00314449 0.463097 -0.016609
v -0.0540512 0.430812 0.0168111
v -0.0281442 0.45873 -0.00756485
v -0.0158309 0.458211 -0.00694526
v -0.0136699 0.46181 -0.0189249
v 0.00586096 0.460719 -0.0104691
v 0.0113226 0.460053 -0.0103691
v 0.0167332 0.457805 -0.00505989
v -0.0542163 0.434699 0.020249
v -0.0510935 0.441641 0.0119246
v -0.0527091 0.438196 0.0160972
v -0.0515423 0.437692 0.00850222
v -0.0496272 0.440712 0.00450857
v -0.0528821 0.434268 0.0127061
v -0.0492487 0.444955 0.00775387
v -0.0465907 0.447563 0.00357817
v -0.0440434 0.450218 -0.00059505
v 0.0167842 0.459386 -0.010269
v 0.0221948 0.457138 -0.00495983
v -0.0335865 0.447162 0.0103403
v -0.0501367 0.441052 0.0196805
v -0.0520618 0.411004 0.0439647
v -0.0149475 0.450932 -0.0256367
v -0.0529098 0.415937 0.0414948
v -0.015112 0.456235 -0.0244067
v -0.00352309 0.460186 -0.0231412
v -0.00884861 0.460565 -0.0226625
v -0.0095867 0.456305 -0.0255757
v -0.00422316 0.455804 -0.0259092
v -0.00999453 0.451157 -0.0270152
v 0.00176438 0.459495 -0.0230914
v 0.0070107 0.458 -0.0218046
v 0.00635003 0.453359 -0.0242909
v 0.00102144 0.454473 -0.0248486
v -0.044699 0.445856 -0.00361172
v -0.054044 0.420147 0.0379334
v -0.047292 0.443424 0.000464257
v -0.0435594 0.450135 0.00711822
v -0.0458534 0.447182 0.0113135
v -0.0481475 0.44423 0.0155088
v -0.0410121 0.452609 0.00282936
v -0.0338359 0.454629 0.00133636
v -0.0236178 0.45765 -0.00489174
v -0.0312619 0.457067 -0.00289292
v -0.0134478 0.460948 -0.0105216
v -0.0210289 0.460111 -0.0088514
v -0.0104143 0.462203 -0.0151885
v -0.0176841 0.461309 -0.013768
v 0.011724 0.461465 -0.0157993
v 0.00676784 0.462009 -0.0160692
v 0.00181167 0.462553 -0.0163391
v -0.00564389 0.461826 -0.0127867
v -9.89498e-05 0.461239 -0.0114749
v 0.0219955 0.455063 4.44751e-05
v 0.010994 0.457548 -0.00554335
v 0.0164762 0.454423 -0.00036955
v 0.0226165 0.451108 0.00469449
v 0.0278801 0.452161 0.00475929
v 0.028821 0.448977 0.00895233
v -0.0537347 0.424792 0.0346836
v 0.0340435 0.449604 0.00844155
v 0.0350897 0.44667 0.0129136
v 0.0360621 0.443306 0.0170085
v -0.0532363 0.429319 0.0313434
v 0.0297969 0.445802 0.0132863
v 0.0307585 0.44232 0.0174014
v -0.0523467 0.433402 0.0275919
v -0.0513221 0.437325 0.0237049
v -0.0486573 0.397174 0.0695483
v 0.0275587 0.455064 5.08939e-05
v 0.00499241 0.457412 -0.00648161
v -0.0012222 0.458264 -0.00772717
v -0.0074575 0.459238 -0.0090111
v -0.0262044 0.455216 -0.000770626
v -0.0288004 0.452698 0.00307978
v -0.0313491 0.449787 0.00649056
v -0.036409 0.452144 0.00546072
v -0.0386177 0.449333 0.00924466
v -0.0407861 0.446307 0.0131183
v -0.0429662 0.443265 0.0170015
v -0.0450532 0.440178 0.0208894
v -0.0460586 0.43655 0.0248315
v -0.0470639 0.432923 0.0287737
v -0.0480692 0.429295 0.0327158
v -0.0418498 0.431847 0.0292628
v -0.0399373 0.439654 0.0224216
v -0.035788 0.44474 0.0143698
v -0.0379628 0.442323 0.0184557
v -0.0427472 0.428192 0.0329234
v -0.0433945 0.424442 0.0362676
v -0.0438149 0.420408 0.0395592
v -0.0441244 0.416053 0.0427025
v -0.0444108 0.411645 0.0458363
v -0.0494745 0.416562 0.0428395
v -0.0497608 0.412154 0.0459733
v -0.0489233 0.425313 0.0364687
v -0.0491913 0.42096 0.0396902
v -0.0450922 0.397049 0.0641972
v -0.0415272 0.396924 0.0588462
v -0.040361 0.396317 0.0594504
v -0.0443442 0.394407 0.0698107
v -0.0372407 0.394514 0.0595247
v -0.0385346 0.393098 0.0649786
v -0.0397353 0.391569 0.0700722
v -0.0431556 0.395913 0.0647178
v 0.159935 0.407675 -0.131534
v 0.185995 0.356381 -0.13664
v 0.183225 0.362896 -0.136625
v 0.180454 0.36941 -0.136611
v 0.188665 0.349768 -0.136723
v 0.193023 0.336115 -0.137027
v 0.190946 0.342985 -0.136861
v 0.150016 0.419358 -0.118239
v 0.145879 0.424157 -0.132757
v 0.19954 0.308038 -0.137543
v 0.198165 0.315132 -0.13745
v 0.196789 0.322225 -0.137357
v 0.194919 0.329175 -0.137143
v 0.197504 0.329492 -0.130367
v 0.199255 0.322434 -0.130539
v 0.203661 0.301121 -0.131079
v 0.202307 0.308243 -0.130895
v 0.200953 0.315365 -0.13071
v 0.20461 0.293945 -0.131352
v 0.20622 0.258039 -0.132846
v 0.150566 0.418664 -0.13235
v 0.207035 0.250802 -0.126227
v 0.207338 0.258056 -0.12565
v 0.206194 0.272406 -0.132127
v 0.206801 0.279572 -0.12461
v 0.206143 0.286727 -0.124318
v 0.205355 0.28634 -0.116941
v 0.205938 0.279063 -0.117275
v 0.206499 0.271772 -0.11762
v 0.204923 0.26355 -0.111277
v 0.204594 0.270944 -0.11069
v 0.200836 0.277419 -0.10392
v 0.19999 0.284749 -0.103589
v 0.199057 0.292025 -0.103234
v 0.197799 0.299228 -0.103022
v 0.196145 0.306332 -0.102985
v 0.196332 0.321416 -0.109016
v 0.198104 0.314367 -0.109114
v 0.198476 0.321931 -0.115958
v 0.19681 0.329003 -0.115805
v 0.194703 0.335986 -0.115699
v 0.192362 0.342925 -0.115617
v 0.193414 0.343282 -0.12272
v 0.189854 0.349835 -0.115555
v 0.190898 0.350171 -0.122667
v 0.187033 0.356612 -0.115543
v 0.184086 0.363354 -0.115573
v 0.181139 0.370097 -0.115603
v 0.174126 0.382952 -0.116056
v 0.170396 0.389251 -0.116363
v 0.166666 0.39555 -0.116671
v 0.177849 0.376649 -0.115754
v 0.171875 0.389665 -0.123481
v 0.16813 0.395953 -0.12375
v 0.16418 0.402128 -0.124041
v 0.16008 0.408179 -0.124382
v 0.155544 0.41386 -0.124822
v 0.150995 0.419529 -0.125265
v 0.146445 0.425198 -0.125709
v 0.155254 0.413171 -0.131943
v 0.163989 0.401587 -0.131304
v 0.171919 0.389274 -0.130823
v 0.179009 0.376649 -0.130041
v 0.175588 0.38298 -0.130489
v 0.182253 0.370138 -0.129786
v 0.185143 0.363529 -0.129797
v 0.187972 0.356903 -0.129842
v 0.190736 0.350223 -0.129875
v 0.193284 0.343396 -0.129981
v 0.185318 0.363707 -0.122609
v 0.182158 0.370274 -0.122703
v 0.178792 0.376759 -0.12296
v 0.175374 0.383225 -0.123227
v 0.162527 0.40152 -0.117059
v 0.158356 0.407466 -0.117452
v 0.154186 0.413412 -0.117846
v 0.189799 0.342322 -0.10886
v 0.188296 0.357006 -0.12262
v 0.197538 0.329289 -0.123075
v 0.195509 0.336289 -0.122888
v 0.199606 0.322289 -0.123222
v 0.201854 0.307811 -0.116267
v 0.203266 0.300697 -0.116492
v 0.204168 0.301013 -0.123805
v 0.202726 0.308114 -0.1236
v 0.204369 0.293515 -0.11671
v 0.192309 0.335442 -0.108871
v 0.200191 0.314875 -0.116104
v 0.194376 0.313403 -0.102982
v 0.194335 0.328424 -0.108983
v 0.19971 0.307263 -0.109276
v 0.201153 0.300105 -0.109467
v 0.204006 0.278289 -0.110259
v 0.203122 0.285578 -0.110007
v 0.202239 0.292866 -0.109755
v 0.205235 0.293879 -0.124062
v 0.207132 0.27244 -0.124881
v 0.207447 0.2653 -0.12516
v 0.206424 0.249685 -0.119341
v 0.20667 0.257071 -0.11869
v 0.206916 0.264458 -0.118039
v 0.206579 0.265241 -0.132427
v 0.201993 0.286542 -0.138018
v 0.201468 0.293733 -0.137826
v 0.205829 0.279585 -0.131875
v 0.205471 0.286766 -0.131626
v 0.201287 0.315218 -0.123395
v 0.195527 0.336482 -0.130199
v 0.200887 0.300922 -0.137624
v 0.168008 0.395469 -0.131076
v -0.326449 -0.425223 0.117852
v -0.364712 -0.426736 0.0611296
v -0.334302 -0.418487 0.101681
v -0.322201 -0.430557 0.120694
v -0.320001 -0.427417 0.1168
v -0.360625 -0.424608 0.0590091
v -0.360449 -0.4279 0.0536675
v -0.352946 -0.426142 0.0537756
v -0.354894 -0.428901 0.0504314
v -0.356542 -0.4331 0.047585
v -0.35819 -0.437298 0.0447386
v -0.365286 -0.43347 0.0538766
v -0.36144 -0.432363 0.0504318
v -0.365512 -0.439247 0.0522424
v -0.362022 -0.438139 0.0483195
v -0.365776 -0.444777 0.0506093
v -0.362577 -0.443452 0.0463419
v -0.354951 -0.421982 0.0610969
v -0.349818 -0.423701 0.0585814
v -0.346983 -0.422138 0.0628581
v -0.35655 -0.418409 0.0687209
v -0.351789 -0.420253 0.0657606
v -0.319622 -0.425653 0.112052
v -0.345069 -0.420812 0.067
v -0.319021 -0.422266 0.10784
v -0.344566 -0.418732 0.0729316
v -0.327228 -0.420599 0.102766
v -0.342359 -0.419887 0.0704852
v -0.345515 -0.414953 0.0956695
v -0.347891 -0.414789 0.0912252
v -0.344103 -0.416233 0.0877714
v -0.34367 -0.415772 0.0925474
v -0.343002 -0.415528 0.0961369
v -0.349239 -0.418222 0.0722515
v -0.35877 -0.417463 0.0759388
v -0.331118 -0.421692 0.114385
v -0.351046 -0.422887 0.104802
v -0.351645 -0.422416 0.103696
v -0.350231 -0.422097 0.105922
v -0.335672 -0.418616 0.0871427
v -0.35083 -0.421627 0.104816
v -0.329577 -0.418731 0.0903969
v -0.326016 -0.418502 0.0946269
v -0.322251 -0.418269 0.0989135
v -0.318072 -0.418482 0.102835
v -0.305292 -0.421168 0.114643
v -0.309428 -0.421419 0.112426
v -0.313563 -0.42167 0.110208
v -0.337096 -0.418382 0.0858848
v -0.365345 -0.432207 0.0553842
v -0.334071 -0.428503 0.121442
v -0.346896 -0.418726 0.106801
v -0.310607 -0.424984 0.116613
v -0.312323 -0.428503 0.12044
v -0.306639 -0.424706 0.118695
v -0.343601 -0.420324 0.110806
v -0.340158 -0.421992 0.114806
v -0.308385 -0.427923 0.122848
v -0.302024 -0.424032 0.121098
v -0.303316 -0.427171 0.125306
v -0.336545 -0.424364 0.118648
v -0.329498 -0.425939 0.120009
v -0.332336 -0.419623 0.109847
v -0.334497 -0.418138 0.106535
v -0.135112 0.326888 -0.0688626
v -0.147423 0.319232 -0.0706126
v -0.139435 0.317724 -0.0691534
v -0.108189 0.353159 -0.0664366
v -0.122253 0.331929 -0.0671685
v -0.117583 0.339036 -0.0669149
v -0.112914 0.346144 -0.0666613
v -0.126977 0.324717 -0.0674182
v -0.130685 0.335586 -0.0685822
v -0.125938 0.342841 -0.0683341
v -0.12119 0.350097 -0.068086
v -0.134043 0.347154 -0.070031
v -0.116383 0.357471 -0.0678865
v -0.128834 0.354945 -0.0698597
v -0.12315 0.363094 -0.069616
v -0.141308 0.35196 -0.0722419
v -0.146621 0.341968 -0.0723688
v -0.155532 0.322574 -0.07271
v -0.151082 0.332265 -0.0725389
v -0.167622 0.302935 -0.0749793
v -0.158302 0.311405 -0.072725
v -0.168838 0.292616 -0.0747878
v -0.159258 0.301316 -0.0724619
v -0.160087 0.282366 -0.0719512
v -0.159713 0.29176 -0.0721634
v -0.150677 0.282314 -0.0698298
v -0.150337 0.291699 -0.0700578
v -0.149997 0.301084 -0.0702858
v -0.140755 0.299865 -0.0685817
v -0.140253 0.308784 -0.0688925
v -0.149566 0.310207 -0.0705604
v -0.130439 0.316281 -0.0675353
v -0.141278 0.291241 -0.0683451
v -0.131556 0.300002 -0.067305
v -0.130988 0.308013 -0.0673879
v -0.131015 0.275 -0.0666831
v -0.131289 0.283375 -0.066906
v -0.131563 0.291749 -0.0671289
v -0.121953 0.276392 -0.0660305
v -0.113264 0.286276 -0.0656749
v -0.122063 0.284569 -0.0661307
v -0.122174 0.292746 -0.0662308
v -0.122254 0.300868 -0.0662817
v -0.112606 0.309422 -0.0658035
v -0.118718 0.250739 -0.0657332
v -0.119873 0.25932 -0.0658322
v -0.111388 0.269283 -0.0654764
v -0.121028 0.2679 -0.0659313
v -0.112543 0.277863 -0.0655754
v -0.109181 0.252203 -0.0652269
v -0.110265 0.260727 -0.0653618
v -0.108092 0.243685 -0.0651496
v -0.100091 0.199839 -0.0652889
v -0.101928 0.208742 -0.0653328
v -0.103765 0.217645 -0.0653768
v -0.112902 0.21573 -0.065796
v -0.114738 0.224633 -0.0658399
v -0.105403 0.226428 -0.0652404
v -0.111094 0.206846 -0.0659043
v -0.122121 0.213867 -0.0666438
v -0.123907 0.222737 -0.0664231
v -0.133268 0.221039 -0.0676023
v -0.135066 0.229985 -0.0675501
v -0.136337 0.238718 -0.0676114
v -0.128104 0.249022 -0.0663556
v -0.129375 0.257755 -0.0664169
v -0.137611 0.247508 -0.0676819
v -0.138891 0.256428 -0.0677736
v -0.130648 0.266519 -0.0664832
v -0.148381 0.255273 -0.0693535
v -0.149654 0.264196 -0.0694891
v -0.145867 0.237413 -0.0691018
v -0.147122 0.246343 -0.0692268
v -0.156857 0.245094 -0.0711163
v -0.158073 0.25416 -0.0713528
v -0.159272 0.263283 -0.0716371
v -0.165019 0.234788 -0.0735492
v -0.16631 0.24412 -0.0736719
v -0.167602 0.253451 -0.0737946
v -0.175845 0.243111 -0.0765396
v -0.176905 0.252787 -0.0767154
v -0.177908 0.262575 -0.0768894
v -0.184938 0.242717 -0.0802116
v -0.185826 0.25272 -0.0804017
v -0.186577 0.262964 -0.0805787
v -0.193601 0.242691 -0.0845858
v -0.19427 0.25302 -0.0848116
v -0.194923 0.263551 -0.0849235
v -0.201369 0.242828 -0.0898791
v -0.200014 0.23196 -0.0899389
v -0.187906 0.211863 -0.0843984
v -0.190848 0.221685 -0.0844611
v -0.177266 0.20416 -0.0801578
v -0.179761 0.213879 -0.0804515
v -0.1821 0.223112 -0.0802935
v -0.168609 0.206057 -0.076504
v -0.17083 0.215241 -0.0764867
v -0.173051 0.224424 -0.0764694
v -0.161561 0.216539 -0.0734573
v -0.15452 0.189084 -0.0742056
v -0.156862 0.198234 -0.0739529
v -0.159203 0.207383 -0.0737002
v -0.143368 0.181669 -0.0725451
v -0.152248 0.180013 -0.0747156
v -0.141141 0.172629 -0.0733096
v -0.163256 0.187353 -0.0773766
v -0.123239 0.176162 -0.0697969
v -0.132226 0.174343 -0.0713582
v -0.134474 0.183344 -0.070451
v -0.125372 0.185144 -0.0690829
v -0.127339 0.194099 -0.0686478
v -0.129306 0.203054 -0.0682127
v -0.131295 0.212029 -0.0678093
v -0.136502 0.192343 -0.0700487
v -0.138513 0.20136 -0.0697722
v -0.140528 0.210376 -0.0694819
v -0.142542 0.219392 -0.0691915
v -0.105061 0.180095 -0.0674614
v -0.114215 0.178055 -0.0683773
v -0.0981928 0.190929 -0.065497
v -0.145623 0.19067 -0.0718366
v -0.147861 0.199764 -0.0715065
v -0.149919 0.20885 -0.0713569
v -0.151978 0.217937 -0.0712073
v -0.153883 0.227017 -0.0710927
v -0.155426 0.236079 -0.0710606
v -0.166095 0.196733 -0.0767859
v -0.195067 0.274626 -0.0851595
v -0.186335 0.28453 -0.0810125
v -0.177252 0.294209 -0.0776783
v -0.185255 0.296174 -0.0813469
v -0.173285 0.31731 -0.0780018
v -0.170758 0.329396 -0.0783743
v -0.192338 0.232212 -0.0844942
v -0.187039 0.273379 -0.0808321
v -0.177943 0.28312 -0.0775365
v -0.183865 0.232617 -0.080093
v -0.177926 0.272833 -0.0772056
v -0.169036 0.272452 -0.0742215
v -0.174515 0.23369 -0.0764439
v -0.163419 0.22563 -0.0734699
v -0.144549 0.228451 -0.0689933
v -0.140162 0.265353 -0.0679204
v -0.107241 0.188952 -0.0666307
v -0.116269 0.186987 -0.0678066
v -0.109221 0.197928 -0.066213
v -0.118249 0.195963 -0.0673889
v -0.12023 0.204939 -0.0669712
v -0.106802 0.235081 -0.0651759
v -0.116237 0.233352 -0.065641
v -0.125574 0.231571 -0.0662823
v -0.117501 0.242076 -0.0656728
v -0.126838 0.240295 -0.0663141
v -0.12185 0.308754 -0.066453
v -0.121292 0.316761 -0.0666496
v -0.112275 0.317557 -0.0659259
v -0.140918 0.274185 -0.0681019
v -0.150865 0.273111 -0.0696502
v -0.141135 0.282904 -0.0681525
v -0.168756 0.262687 -0.0740131
v -0.159997 0.272711 -0.0718276
v -0.169111 0.282602 -0.0744828
v -0.175881 0.305505 -0.0777545
v -0.165989 0.313951 -0.0751659
v -0.162772 0.325294 -0.0750702
v -0.15887 0.336355 -0.0751603
v -0.110527 0.365049 -0.0677013
v -0.117223 0.370863 -0.0694033
v -0.143079 0.328494 -0.070345
v -0.13864 0.338193 -0.0701812
v -0.0722985 -0.171134 0.0448226
v -0.0651513 -0.164329 0.0479712
v -0.0723771 -0.164138 0.0468088
v -0.0582619 -0.158009 0.0526048
v -0.0654992 -0.157752 0.051293
v -0.0509149 -0.158109 0.0534042
v -0.0436355 -0.158144 0.0540433
v -0.0507941 -0.16489 0.0508361
v -0.0507909 -0.172172 0.0496738
v -0.0580065 -0.171854 0.0481719
v -0.036362 -0.172471 0.0516939
v -0.0435854 -0.165085 0.0519484
v -0.04358 -0.172336 0.0507234
v -0.0217484 -0.165385 0.0534445
v -0.0290408 -0.165307 0.0531162
v -0.0290866 -0.172577 0.0522383
v -0.0363331 -0.165229 0.0527879
v -0.014503 -0.172763 0.0529757
v -0.0217943 -0.172657 0.0525709
v -0.0145381 -0.180114 0.0526326
v -0.0218538 -0.179996 0.0522445
v -0.0291984 -0.179785 0.0520829
v -0.0364754 -0.179626 0.0514467
v 0.000112137 -0.16562 0.0539615
v -0.0072137 -0.172864 0.053303
v -0.00712221 -0.158252 0.0548755
v -0.00716987 -0.165538 0.0539142
v -0.0144036 -0.158176 0.0548864
v 0.0147385 -0.158494 0.0549325
v 0.00745091 -0.158413 0.0549099
v 0.000163345 -0.158331 0.0548872
v 0.0148291 -0.151226 0.0561752
v 0.00754055 -0.151144 0.0561446
v 0.000251982 -0.151063 0.056114
v -0.00703659 -0.150982 0.0560834
v 0.00763324 -0.143849 0.057452
v 0.000338819 -0.143762 0.0573891
v -0.0143295 -0.150896 0.0560288
v -0.00699271 -0.143676 0.0573339
v -0.0143226 -0.143728 0.0576376
v -0.0216104 -0.144182 0.0590003
v -0.0216416 -0.150902 0.0562145
v -0.028981 -0.144502 0.0597536
v -0.0290314 -0.151191 0.0568272
v -0.0364037 -0.144736 0.0601244
v -0.0364118 -0.151463 0.0573093
v -0.0289953 -0.158119 0.0545689
v -0.0363011 -0.158069 0.0541904
v -0.0651805 -0.171512 0.0465667
v -0.0139054 -0.13014 0.0631266
v -0.014173 -0.136967 0.0604251
v -0.0579961 -0.164628 0.0494824
v -0.0215207 -0.137462 0.0618194
v 0.000243649 -0.129338 0.0604696
v 0.000303631 -0.136527 0.0588562
v -0.00710529 -0.129272 0.0604742
v -0.00704531 -0.13646 0.0588608
v 0.00763602 -0.136779 0.0593559
v 0.0149529 -0.137356 0.0608035
v 0.0149106 -0.144194 0.0582449
v 0.022246 -0.137959 0.0622276
v 0.022254 -0.144762 0.059461
v 0.029581 -0.145187 0.0603654
v 0.0221197 -0.151341 0.0562931
v 0.029431 -0.151785 0.057195
v 0.0515502 -0.152425 0.0566225
v 0.0441533 -0.152404 0.0573617
v 0.0589364 -0.152527 0.0560178
v 0.0583997 -0.158776 0.0521524
v 0.0511323 -0.15878 0.0530227
v 0.0581397 -0.165659 0.0497497
v 0.0509172 -0.165764 0.0508758
v 0.0436662 -0.165824 0.0518275
v 0.0363996 -0.165895 0.0526901
v 0.021686 -0.173203 0.0525522
v 0.0290923 -0.165917 0.0531904
v 0.0143805 -0.173233 0.0530843
v 0.0292656 -0.158628 0.0546403
v 0.0289923 -0.173165 0.0519982
v 0.0217562 -0.180526 0.0522517
v 0.0290868 -0.180499 0.0517859
v 0.0144402 -0.180545 0.0527524
v -0.0585439 -0.151508 0.0560432
v 0.03644 -0.180456 0.0513996
v 0.0363366 -0.173138 0.0516133
v 0.0435594 -0.173056 0.0505158
v 0.0507897 -0.172939 0.0493764
v 0.0580199 -0.172771 0.0480812
v 0.0725754 -0.16533 0.0472022
v 0.0724056 -0.172392 0.0450987
v 0.0798763 -0.158084 0.0479886
v 0.0797608 -0.165139 0.0458867
v 0.0796452 -0.172194 0.0437847
v 0.0727626 -0.158395 0.0495701
v 0.0661777 -0.152402 0.0549133
v 0.0732837 -0.152036 0.0531944
v 0.0811585 -0.145332 0.0551107
v 0.0804718 -0.151686 0.0514975
v 0.0882516 -0.144799 0.0528917
v 0.0874764 -0.151161 0.0492385
v 0.101459 -0.143228 0.0465121
v 0.0949082 -0.144066 0.0498458
v 0.100888 -0.149879 0.0434783
v 0.0941081 -0.150412 0.04615
v 0.100386 -0.156633 0.0406315
v 0.0936085 -0.157179 0.0432993
v 0.106791 -0.15557 0.0371463
v -0.0511491 -0.151552 0.0566881
v 0.107476 -0.149106 0.0404294
v 0.108108 -0.142511 0.0435047
v 0.102039 -0.136453 0.0489929
v 0.0954945 -0.137304 0.0523614
v 0.0868026 -0.157605 0.0458245
v 0.0863018 -0.164194 0.0427863
v 0.0653414 -0.165506 0.0485096
v 0.0651552 -0.172583 0.0464103
v 0.0656701 -0.158757 0.0512615
v 0.0438626 -0.158777 0.0538085
v 0.0365455 -0.158638 0.0540842
v 0.0367777 -0.152195 0.0574468
v 0.0369823 -0.145587 0.0605961
v 0.0220162 -0.15857 0.0548928
v -0.0216923 -0.158114 0.05477
v -0.0144561 -0.165465 0.0537945
v -0.0437587 -0.15158 0.0572967
v -0.0217558 -0.414696 0.158579
v -0.0154053 -0.41464 0.158957
v -0.0147338 -0.410289 0.152961
v -0.00722747 -0.404397 0.150261
v -0.00840795 -0.409519 0.154806
v -0.00140385 -0.403614 0.15278
v -0.000360078 -0.398163 0.148764
v 0.00712422 -0.385673 0.145948
v 0.00612114 -0.391658 0.148818
v 0.000750973 -0.3918 0.145804
v 0.00835619 -0.379974 0.142757
v 0.0152782 -0.361053 0.140309
v 0.0213193 -0.35459 0.141627
v 0.0148069 -0.367211 0.14205
v 0.0278413 -0.348443 0.141603
v 0.0275027 -0.354703 0.14294
v 0.0208805 -0.360778 0.14326
v 0.0205419 -0.367038 0.144596
v 0.0281407 -0.342218 0.140306
v 0.0347304 -0.336098 0.139998
v -0.0220159 -0.417174 0.164788
v 0.0407487 -0.335698 0.142151
v 0.0473304 -0.310325 0.137886
v 0.0472239 -0.31655 0.139015
v 0.0475703 -0.304162 0.136213
v 0.0478908 -0.298076 0.134073
v 0.0421987 -0.298788 0.131358
v 0.041753 -0.304776 0.133849
v 0.0365558 -0.299557 0.128563
v 0.0487822 -0.286471 0.128613
v 0.0483337 -0.29225 0.131385
v 0.0427355 -0.293073 0.128533
v 0.0432328 -0.287375 0.125679
v -0.0156962 -0.417542 0.165032
v 0.0370737 -0.293888 0.12576
v 0.0415574 -0.310916 0.135709
v 0.0413024 -0.317024 0.137546
v 0.0410474 -0.323132 0.139383
v 0.036198 -0.305572 0.13076
v 0.0359071 -0.311642 0.132699
v 0.0355385 -0.317629 0.134856
v 0.03517 -0.323616 0.137014
v 0.0348014 -0.329603 0.139171
v 0.0292004 -0.323955 0.134865
v 0.028837 -0.329955 0.137014
v 0.0296353 -0.318002 0.132579
v 0.0300658 -0.312044 0.130312
v 0.0227572 -0.336311 0.13614
v 0.0222753 -0.34236 0.137993
v -0.00904308 -0.414354 0.159417
v -0.00222586 -0.409045 0.156528
v 0.00480081 -0.403438 0.153978
v 0.0112086 -0.403498 0.154625
v 0.0128403 -0.385583 0.148217
v 0.0196628 -0.379523 0.147394
v 0.0134706 -0.379483 0.146246
v 0.0141492 -0.37335 0.144126
v 0.0218137 -0.348475 0.139783
v 0.0404715 -0.342025 0.143427
v 0.040157 -0.348277 0.144628
v 0.0341638 -0.348633 0.142409
v 0.0338611 -0.354894 0.143564
v 0.0335584 -0.361155 0.144719
v 0.0332557 -0.367416 0.145874
v 0.0383698 -0.379225 0.151265
v 0.0328165 -0.373546 0.147405
v 0.0322589 -0.379533 0.149323
v 0.0388214 -0.373174 0.149561
v 0.0391018 -0.366979 0.147957
v 0.0317062 -0.385498 0.151302
v 0.0249979 -0.391664 0.15175
v 0.024423 -0.397306 0.154355
v 0.0306753 -0.397104 0.155548
v 0.0238145 -0.402789 0.157246
v 0.0372161 -0.390889 0.155548
v 0.0368 -0.396699 0.157405
v 0.0311203 -0.391342 0.153538
v 0.0300195 -0.402364 0.158672
v 0.023144 -0.407243 0.161252
v 0.0226083 -0.411748 0.165225
v 0.0169317 -0.408132 0.159469
v 0.0163716 -0.412587 0.163546
v 0.0100328 -0.413087 0.162559
v 0.00369404 -0.413587 0.161572
v -0.00265869 -0.414024 0.160627
v 0.0041843 -0.408997 0.157165
v 0.0105902 -0.408886 0.157872
v 0.0097023 -0.416847 0.167748
v 0.00336343 -0.417249 0.16685
v -0.0029848 -0.417512 0.166076
v -0.00933659 -0.417667 0.165413
v -0.00944437 -0.421481 0.170346
v -0.0157973 -0.421519 0.169719
v -0.0220949 -0.421717 0.16878
v -0.00301784 -0.421599 0.170827
v 0.0034952 -0.421875 0.170412
v -0.00249498 -0.427464 0.168284
v 0.00383221 -0.426835 0.167261
v 0.016174 -0.41682 0.1676
v 0.0100873 -0.422097 0.168794
v 0.029425 -0.406678 0.16243
v 0.0175572 -0.403227 0.155699
v 0.0378051 -0.385163 0.153303
v 0.0260102 -0.379548 0.14825
v 0.0255264 -0.385693 0.149765
v 0.0181396 -0.397646 0.152991
v 0.0265011 -0.373462 0.146547
v 0.0191302 -0.385546 0.149353
v 0.0186315 -0.391568 0.151262
v 0.012258 -0.391609 0.150249
v 0.0117593 -0.39763 0.152159
v 0.00538579 -0.397672 0.151146
v 0.0398483 -0.354527 0.14581
v 0.0397596 -0.360886 0.146355
v 0.0344651 -0.342368 0.141275
v 0.0272007 -0.36097 0.144069
v 0.0269005 -0.367238 0.145187
v 0.0202127 -0.373327 0.14574
v 0.0284959 -0.336026 0.138852
v -0.233733 -0.200619 -0.00878338
v -0.233375 -0.192648 -0.00231747
v -0.233477 -0.205073 -0.00961472
v -0.233656 -0.209674 -0.0101206
v -0.233967 -0.21422 -0.010544
v -0.232463 -0.214726 -0.00623352
v -0.235075 -0.218622 -0.0105875
v -0.233566 -0.219099 -0.00622042
v -0.231868 -0.219573 -0.00198529
v -0.230395 -0.215265 -0.00229296
v -0.228463 -0.215723 0.00176228
v -0.226149 -0.216231 0.00560388
v -0.223594 -0.216746 0.00937344
v -0.220096 -0.212862 0.0129257
v -0.217485 -0.213336 0.0165841
v -0.214849 -0.213804 0.0202155
v -0.211416 -0.209747 0.0236207
v -0.212312 -0.218631 0.0235011
v -0.209266 -0.219022 0.0268032
v -0.205185 -0.214949 0.0295188
v -0.198642 -0.211092 0.035974
v -0.202081 -0.210821 0.0331289
v -0.208323 -0.210135 0.0268061
v -0.205257 -0.21049 0.0300257
v -0.202533 -0.206453 0.0340709
v -0.209105 -0.205899 0.0280636
v -0.205801 -0.206168 0.0310516
v -0.210034 -0.201713 0.0294723
v -0.20673 -0.201982 0.0324603
v -0.210963 -0.197526 0.0308809
v -0.211892 -0.19334 0.0322896
v -0.207661 -0.197796 0.0338772
v -0.200153 -0.202607 0.038509
v -0.201239 -0.198532 0.0401849
v -0.202325 -0.194458 0.0418608
v -0.203411 -0.190384 0.0435367
v -0.197803 -0.198811 0.043084
v -0.198853 -0.19472 0.0447315
v -0.199902 -0.190628 0.0463789
v -0.200952 -0.186537 0.0480264
v -0.195723 -0.207005 0.0397837
v -0.196757 -0.202904 0.0414356
v -0.196403 -0.190879 0.0492025
v -0.197437 -0.186778 0.0508545
v -0.193304 -0.203194 0.0442566
v -0.194337 -0.199088 0.045905
v -0.19537 -0.194983 0.0475534
v -0.19296 -0.191259 0.0520915
v -0.193992 -0.187154 0.0537395
v -0.194674 -0.182862 0.0550074
v -0.19089 -0.183061 0.0575264
v -0.191138 -0.178622 0.05826
v -0.187472 -0.178852 0.0609455
v -0.18372 -0.17457 0.0638898
v -0.179698 -0.174743 0.0660228
v -0.179537 -0.170242 0.0661115
v -0.179143 -0.16579 0.0657059
v -0.175474 -0.170397 0.0681358
v -0.171235 -0.170543 0.0697887
v -0.174994 -0.165962 0.0674124
v -0.175629 -0.174892 0.0680708
v -0.171463 -0.175019 0.0699077
v -0.17566 -0.179394 0.0677519
v -0.171534 -0.179529 0.0696853
v -0.167321 -0.175151 0.0718022
v -0.16732 -0.179652 0.0714316
v -0.163088 -0.179774 0.0731385
v -0.163031 -0.175285 0.0733057
v -0.1587 -0.179894 0.0742764
v -0.162909 -0.184152 0.0722946
v -0.158556 -0.184322 0.0734637
v -0.167172 -0.184039 0.0706879
v -0.17494 -0.188144 0.0657243
v -0.170831 -0.188254 0.0675827
v -0.171308 -0.18393 0.0688692
v -0.166708 -0.188301 0.0694
v -0.162587 -0.188446 0.0708562
v -0.178203 -0.192224 0.0621446
v -0.174185 -0.192284 0.0640739
v -0.170167 -0.192345 0.0660077
v -0.177224 -0.196266 0.0604023
v -0.184749 -0.195913 0.0556698
v -0.181037 -0.196105 0.0581057
v -0.188426 -0.19567 0.0531538
v -0.189439 -0.191567 0.0548297
v -0.185769 -0.19182 0.0573609
v -0.190878 -0.199438 0.0487295
v -0.18205 -0.192052 0.0598385
v -0.19043 -0.187454 0.0564852
v -0.186597 -0.187637 0.0588542
v -0.182765 -0.187819 0.0612232
v -0.178933 -0.188002 0.0635922
v -0.175394 -0.183813 0.0669165
v -0.179447 -0.183684 0.0648455
v -0.179734 -0.179248 0.0657206
v -0.167009 -0.170685 0.071446
v -0.187508 -0.16985 0.0617179
v -0.183568 -0.170089 0.0639952
v -0.1832 -0.1656 0.0637371
v -0.19846 -0.164705 0.0540501
v -0.194647 -0.164929 0.0564737
v -0.190833 -0.165152 0.0588973
v -0.18702 -0.165376 0.0613209
v -0.198937 -0.169169 0.0543054
v -0.198629 -0.178161 0.0531062
v -0.198816 -0.173667 0.0537471
v -0.195183 -0.169387 0.0568423
v -0.198423 -0.18265 0.0524354
v -0.202246 -0.177902 0.0503324
v -0.202481 -0.173419 0.0510491
v -0.206032 -0.173149 0.0481877
v -0.209376 -0.17282 0.045108
v -0.215707 -0.172077 0.0385661
v -0.212538 -0.17244 0.0418351
v -0.212632 -0.168015 0.0423558
v -0.209314 -0.168347 0.0454587
v -0.224071 -0.175133 0.0272541
v -0.221482 -0.175669 0.0310145
v -0.218787 -0.171688 0.0352216
v -0.225915 -0.178839 0.0223782
v -0.22703 -0.194572 0.00951623
v -0.226548 -0.186719 0.0159952
v -0.226004 -0.19876 0.00810933
v -0.223459 -0.199264 0.0117484
v -0.224492 -0.195088 0.0131717
v -0.225525 -0.190912 0.0145951
v -0.22536 -0.203039 0.00693751
v -0.229539 -0.2018 -0.000936569
v -0.227547 -0.202443 0.0030656
v -0.222909 -0.203584 0.0106407
v -0.220247 -0.204093 0.0142126
v -0.217559 -0.204583 0.0177622
v -0.220924 -0.199777 0.0153937
v -0.218291 -0.200272 0.0189825
v -0.215673 -0.200776 0.0225842
v -0.219265 -0.196091 0.0203968
v -0.216647 -0.196594 0.0239985
v -0.220239 -0.191909 0.0218111
v -0.217622 -0.192412 0.0254128
v -0.221214 -0.187727 0.0232255
v -0.218596 -0.18823 0.0268271
v -0.219571 -0.184049 0.0282414
v -0.220545 -0.179867 0.0296557
v -0.215849 -0.18875 0.0303929
v -0.216805 -0.184558 0.0317922
v -0.213773 -0.185002 0.0351837
v -0.21768 -0.180348 0.0331439
v -0.214638 -0.18079 0.036529
v -0.211595 -0.181231 0.039914
v -0.212887 -0.189208 0.0338165
v -0.210705 -0.185435 0.0385421
v -0.207536 -0.185834 0.0417937
v -0.20846 -0.181637 0.0432056
v -0.20508 -0.181951 0.0462495
v -0.2017 -0.182266 0.0492934
v -0.205689 -0.177588 0.0473606
v -0.204346 -0.186223 0.0450195
v -0.214861 -0.192928 0.0289702
v -0.212815 -0.201229 0.0260311
v -0.213847 -0.197089 0.027518
v -0.211832 -0.205393 0.024578
v -0.231587 -0.201172 -0.00490406
v -0.230343 -0.197561 0.000328767
v -0.228276 -0.198184 0.00428436
v -0.229099 -0.193949 0.00556159
v -0.227855 -0.190338 0.0107944
v -0.231267 -0.193313 0.00163714
v -0.229993 -0.189706 0.00686076
v -0.228719 -0.186098 0.0120844
v -0.227445 -0.182491 0.017308
v -0.229677 -0.181855 0.013381
v -0.232183 -0.189038 0.00292788
v -0.230952 -0.185457 0.00816337
v -0.221904 -0.195589 0.0167985
v -0.222938 -0.191413 0.0182224
v -0.223973 -0.187237 0.0196462
v -0.225007 -0.183062 0.02107
v -0.222242 -0.18355 0.0246483
v -0.223277 -0.179375 0.0260721
v -0.228244 -0.178232 0.0184926
v -0.218433 -0.176082 0.0343816
v -0.215272 -0.176466 0.0376523
v -0.212111 -0.176851 0.040923
v -0.20895 -0.177235 0.0441936
v -0.202561 -0.168921 0.0515678
v -0.205995 -0.168671 0.0485629
v -0.183611 -0.179053 0.0633492
v -0.194834 -0.178383 0.0556074
v -0.194997 -0.173881 0.0562034
v -0.191233 -0.174115 0.0587631
v -0.18747 -0.174349 0.0613228
v -0.191396 -0.169613 0.0593591
v -0.187105 -0.183273 0.0600117
v -0.18332 -0.183489 0.0624869
v -0.191896 -0.195341 0.0504069
v -0.203442 -0.202259 0.0354886
v -0.20449 -0.198173 0.0370999
v -0.208698 -0.193698 0.0354719
v -0.205538 -0.194086 0.0387112
v -0.209746 -0.189612 0.0370832
v -0.206586 -0.19 0.0403225
v -0.199139 -0.206726 0.0369355
v -0.215403 -0.218225 0.0202188
v -0.202274 -0.164481 0.0516265
v -0.232477 -0.196898 -0.00362014
v -0.235191 -0.209092 -0.0143296
v -0.211703 -0.214197 0.0233645
v -0.208423 -0.214602 0.0264298
v -0.217357 -0.208908 0.0170089
v -0.214446 -0.209349 0.0203825
v -0.214724 -0.204965 0.0211916
v -0.222754 -0.212384 0.00932945
v -0.225055 -0.207404 0.00603016
v -0.222532 -0.207913 0.00972505
v -0.220009 -0.208422 0.0134199
v -0.225201 -0.211859 0.00556132
v -0.22973 -0.210774 -0.00212099
v -0.227542 -0.211324 0.00174935
v -0.229796 -0.220037 0.00201387
v -0.235452 -0.213692 -0.0147951
v -0.227263 -0.206856 0.00216357
v -0.236605 -0.218107 -0.0148884
v -0.231717 -0.210205 -0.00609106
v -0.231394 -0.205671 -0.00567786
v -0.229329 -0.206263 -0.00175714
v -0.0431904 -0.150164 0.105239
v -0.0426624 -0.15138 0.110659
v -0.0409642 -0.148091 0.115525
v -0.0390079 -0.146273 0.119971
v -0.0412345 -0.150971 0.116578
v -0.0392269 -0.149504 0.121112
v -0.0391647 -0.153532 0.121329
v -0.0407589 -0.154513 0.116997
v -0.0382588 -0.157367 0.1211
v -0.0368995 -0.16121 0.120325
v -0.0397385 -0.158221 0.116804
v -0.0309789 -0.164041 0.126927
v -0.0347767 -0.160636 0.124133
v -0.0331255 -0.164605 0.123136
v -0.0352722 -0.165169 0.119346
v -0.0288943 -0.163228 0.130766
v -0.0326704 -0.15991 0.127955
v -0.0364465 -0.156591 0.125145
v -0.0306449 -0.158807 0.131848
v -0.0406586 -0.14519 0.11466
v -0.0428745 -0.148226 0.101546
v -0.0420657 -0.145815 0.107093
v -0.0422217 -0.147698 0.110347
v -0.0341936 -0.155424 0.128868
v -0.0286202 -0.153106 0.135458
v -0.031695 -0.154222 0.132409
v -0.0246898 -0.156637 0.137847
v -0.0211097 -0.155918 0.14024
v -0.0172319 -0.155608 0.142016
v -0.0199998 -0.160212 0.138333
v -0.0405193 -0.143613 0.112092
v -0.0136785 -0.150085 0.143782
v -0.0132533 -0.155216 0.143583
v -0.00670472 -0.124816 0.138289
v -0.0103572 -0.134956 0.140596
v -0.0100743 -0.139746 0.142165
v -0.00979136 -0.144535 0.143733
v -0.0140097 -0.145096 0.142903
v -0.00697543 -0.12001 0.136677
v -0.0108055 -0.125214 0.137038
v -0.0105973 -0.130107 0.138874
v -0.00616055 -0.098635 0.130837
v -0.00838104 -0.109606 0.133017
v -0.00729593 -0.115047 0.134842
v -0.00509279 -0.104065 0.132578
v -0.00299679 -0.0930196 0.129793
v 0.000139211 -0.0873877 0.128614
v -0.0387797 -0.143378 0.118186
v -0.00411724 -0.0875398 0.128717
v -0.000903687 -0.081972 0.127027
v -0.00213197 -0.0764032 0.126662
v -0.0362 -0.140802 0.120818
v -0.0120907 -0.110209 0.130939
v -0.0113999 -0.115354 0.133117
v -0.0150023 -0.120728 0.133355
v -0.0146603 -0.125682 0.135608
v -0.0181483 -0.12633 0.133317
v -0.0182364 -0.131065 0.13584
v -0.0213958 -0.122342 0.128396
v -0.0215172 -0.127061 0.1309
v -0.0216386 -0.13178 0.133404
v -0.0217599 -0.136498 0.135908
v -0.0245769 -0.127941 0.12866
v -0.0246983 -0.13266 0.131164
v -0.0248196 -0.137378 0.133668
v -0.027758 -0.13354 0.128924
v -0.0278793 -0.138259 0.131428
v -0.0251468 -0.142167 0.136003
v -0.0283875 -0.143109 0.133615
v -0.0178739 -0.145602 0.141441
v -0.0218746 -0.141226 0.138369
v -0.0217276 -0.146253 0.139494
v -0.0255814 -0.146904 0.137546
v -0.0215661 -0.151221 0.14023
v -0.0254182 -0.151866 0.138239
v -0.0287978 -0.14802 0.13506
v -0.0316 -0.149569 0.132006
v -0.0345984 -0.150962 0.129036
v -0.0314811 -0.144232 0.131018
v -0.0342089 -0.145808 0.127903
v -0.0275917 -0.129823 0.126206
v -0.0307598 -0.135711 0.126408
v -0.0309299 -0.139344 0.129144
v -0.0338258 -0.14161 0.126431
v -0.0366458 -0.143943 0.123654
v -0.0305341 -0.132425 0.12352
v -0.0335678 -0.138189 0.123579
v -0.0244227 -0.123941 0.126001
v -0.0273509 -0.126643 0.123273
v -0.0212466 -0.118179 0.12574
v -0.0242522 -0.121056 0.122895
v -0.0241363 -0.118352 0.119663
v -0.0271488 -0.123879 0.120071
v -0.0301614 -0.129406 0.120479
v -0.0327448 -0.132077 0.117716
v -0.029712 -0.126779 0.117184
v -0.0213629 -0.112585 0.119481
v -0.0186278 -0.106842 0.119248
v -0.0357581 -0.137623 0.118097
v -0.0268246 -0.121364 0.116641
v -0.0239293 -0.115935 0.116095
v -0.021034 -0.110505 0.115549
v -0.0331785 -0.135047 0.120729
v -0.0288749 -0.125039 0.113471
v -0.0310045 -0.128637 0.110415
v -0.0259045 -0.119683 0.112817
v -0.0280341 -0.12328 0.109761
v -0.0301638 -0.126878 0.106705
v -0.0322935 -0.130476 0.103648
v -0.0229341 -0.114326 0.112164
v -0.0250638 -0.117924 0.109107
v -0.0271934 -0.121521 0.106051
v -0.0372172 -0.136765 0.108534
v -0.0334079 -0.132031 0.107487
v -0.0358877 -0.135369 0.104594
v -0.0345581 -0.133973 0.100655
v -0.0396966 -0.140103 0.105642
v -0.0383063 -0.138784 0.101844
v -0.0402654 -0.141939 0.109211
v -0.0370773 -0.137298 0.0980312
v -0.0405421 -0.142279 0.0996466
v -0.041648 -0.143904 0.103473
v -0.042019 -0.146292 0.0976413
v -0.039124 -0.140882 0.0958804
v -0.0408429 -0.144672 0.0938192
v -0.0371073 -0.139692 0.0921311
v -0.0390256 -0.14331 0.0899734
v -0.0370374 -0.147905 0.125094
v -0.0371187 -0.152225 0.125542
v -0.0414321 -0.148781 0.0920292
v -0.0401186 -0.147162 0.0880567
v -0.0157385 -0.103762 0.12245
v -0.0132367 -0.0972662 0.123158
v -0.01076 -0.0907418 0.123897
v -0.013304 -0.0947813 0.119849
v -0.010752 -0.0884498 0.120508
v -0.00820006 -0.0821183 0.121167
v -0.0269524 -0.161537 0.133188
v -0.00816628 -0.084439 0.124533
v -0.00556212 -0.0781992 0.12508
v -0.0278336 -0.157642 0.134754
v -0.0129002 -0.100289 0.126206
v -0.0103516 -0.0941955 0.126723
v -0.00780286 -0.0881318 0.127232
v -0.00704317 -0.0933566 0.129086
v -0.00519433 -0.0821019 0.127658
v -0.0098399 -0.0992757 0.128919
v -0.0125434 -0.105217 0.128615
v -0.0155542 -0.106495 0.125766
v -0.0184121 -0.11236 0.125672
v -0.0383311 -0.14037 0.115329
v -0.0352776 -0.135239 0.114812
v -0.0377895 -0.138559 0.111942
v -0.0322242 -0.130107 0.114295
v -0.034736 -0.133428 0.111425
v -0.0186223 -0.109445 0.122624
v -0.0212648 -0.115403 0.122597
v -0.0154279 -0.111022 0.128357
v -0.0182651 -0.116739 0.12831
v -0.0181782 -0.121546 0.13081
v -0.0152903 -0.115837 0.130899
v -0.00912456 -0.10442 0.130881
v -0.0110093 -0.120325 0.135205
v -0.0145219 -0.130524 0.137472
v -0.0143586 -0.135375 0.139279
v -0.0141953 -0.140227 0.141086
v -0.018198 -0.135872 0.137932
v -0.0180346 -0.140723 0.139739
v -0.00639042 -0.129626 0.139767
v -0.00317875 -0.110553 0.134689
v -0.00288072 -0.115161 0.135968
v 0.000384971 -0.0970642 0.131864
v -0.00105334 -0.0933164 0.13069
v -0.000673243 -0.0900809 0.129768
v -0.00029315 -0.0868454 0.128845
v 0.00386761 -0.0928367 0.130016
v 0.00132123 -0.0930513 0.130804
v 0.00424734 -0.0896011 0.129096
v 0.00170096 -0.0898156 0.129884
v 0.00462708 -0.0863655 0.128175
v 0.0020807 -0.08658 0.128963
v 0.00500682 -0.0831298 0.127255
v 0.00246044 -0.0833444 0.128043
v 0.00284017 -0.0801088 0.127123
v 0.00321991 -0.0768732 0.126202
v 0.00551827 -0.0728596 0.123624
v 0.00548178 -0.0725451 0.123638
v 0.00464295 -0.0969923 0.130809
v 0.00942446 -0.101495 0.129076
v 0.00502633 -0.101532 0.131802
v 0.00545827 -0.106082 0.132472
v 0.00886465 -0.0969906 0.128446
v 0.00652362 -0.076515 0.123397
v 0.0138534 -0.101748 0.124811
v 0.0155196 -0.106275 0.124773
v -0.0237675 -0.160632 0.136348
v 0.017044 -0.10576 0.119778
v 0.00544529 -0.0722306 0.123651
v 0.00639979 -0.0761919 0.123565
v 0.0063633 -0.0758774 0.123578
v 0.0150279 -0.0995293 0.113969
v 0.0137869 -0.096327 0.116799
v 0.0125458 -0.0931246 0.119629
v 0.0138537 -0.0963094 0.115781
v 0.0126126 -0.093107 0.118611
v 0.0139205 -0.0962918 0.114763
v 0.0126794 -0.0930895 0.117592
v 0.0114384 -0.0898871 0.120422
v 0.0127462 -0.0930719 0.116574
v 0.0115052 -0.0898696 0.119404
v 0.011572 -0.089852 0.118386
v 0.0116388 -0.0898344 0.117368
v 0.0103978 -0.0866321 0.120198
v 0.0104646 -0.0866145 0.119179
v 0.0105314 -0.0865969 0.118161
v 0.00929033 -0.0833946 0.120991
v 0.00935713 -0.083377 0.119973
v 0.00942393 -0.0833594 0.118955
v 0.00818289 -0.0801571 0.121785
v 0.00824969 -0.0801395 0.120766
v 0.00714225 -0.076902 0.12156
v 0.00632682 -0.0755629 0.123592
v 0.00629033 -0.0752484 0.123605
v 0.00625385 -0.0749339 0.123618
v 0.00621736 -0.0746194 0.123631
v 0.00725033 -0.0785885 0.123406
v 0.00618087 -0.0743049 0.123645
v 0.00713537 -0.0782663 0.123559
v 0.00955768 -0.0843742 0.122165
v 0.0110104 -0.0886957 0.121245
v 0.0124631 -0.0930171 0.120325
v 0.00709888 -0.0779518 0.123572
v 0.00966773 -0.084696 0.122021
v 0.0111204 -0.0890174 0.121101
v 0.0070624 -0.0776373 0.123585
v 0.00977778 -0.0850178 0.121877
v 0.0112305 -0.0893392 0.120956
v 0.00702591 -0.0773228 0.123599
v 0.00698943 -0.0770083 0.123612
v 0.00988783 -0.0853395 0.121733
v 0.0113405 -0.0896609 0.120812
v 0.00802579 -0.0809777 0.123381
v 0.00854517 -0.0813399 0.122509
v 0.00999788 -0.0856613 0.121588
v 0.00695294 -0.0766938 0.123625
v 0.00865521 -0.0816616 0.122365
v 0.0101079 -0.085983 0.121444
v 0.00790744 -0.0806551 0.123539
v 0.00876526 -0.0819834 0.12222
v 0.010218 -0.0863048 0.1213
v 0.00787095 -0.0803406 0.123553
v 0.00887531 -0.0823051 0.122076
v 0.010328 -0.0866265 0.121156
v 0.00783447 -0.0800261 0.123566
v 0.00898536 -0.0826269 0.121932
v 0.0117847 -0.0927495 0.122087
v 0.0105083 -0.0884145 0.122522
v 0.00909541 -0.0829487 0.121788
v 0.00923191 -0.0840794 0.122958
v 0.00775275 -0.078949 0.122564
v 0.00920546 -0.0832704 0.121644
v 0.00794747 -0.0797396 0.123386
v 0.0078628 -0.0792708 0.12242
v 0.0151378 -0.100097 0.116638
v 0.00797285 -0.0795925 0.122276
v 0.0136866 -0.0965143 0.119332
v 0.0080829 -0.0799143 0.122132
v 0.0126634 -0.096949 0.12247
v -0.0176882 -0.150575 0.142189
v -0.00579851 -0.139222 0.14282
v -0.00607366 -0.134437 0.141236
v -0.0034141 -0.106045 0.133557
v 0.00707039 -0.0768799 0.122476
v -0.00175369 -0.134 0.14169
v -0.00203818 -0.129197 0.140148
v -0.00232263 -0.124393 0.138604
v 0.00189584 -0.119791 0.137223
v 0.00165723 -0.115199 0.135747
v -0.00258704 -0.119717 0.137126
v 0.00135724 -0.11065 0.134657
v 0.0010297 -0.10612 0.13374
v 0.00070216 -0.101591 0.132824
v 0.00589792 -0.0800027 0.125843
v 0.00699312 -0.092745 0.128671
v 0.00557632 -0.0767324 0.125133
v 0.0077271 -0.0841936 0.12542
v 0.00802549 -0.0884011 0.126553
v 0.00832389 -0.0926086 0.127685
v 0.00617015 -0.0797255 0.125533
v 0.00765324 -0.0844972 0.125603
v 0.00795164 -0.0887047 0.126736
v 0.00624401 -0.0794219 0.125351
v 0.00757938 -0.0848008 0.125786
v 0.00787778 -0.0890083 0.126919
v 0.00631787 -0.0791183 0.125168
v 0.00669012 -0.0830222 0.126117
v 0.00750553 -0.0851044 0.125969
v 0.00780392 -0.0893119 0.127102
v 0.00639173 -0.0788147 0.124985
v 0.00713328 -0.0812005 0.125019
v 0.00743167 -0.085408 0.126152
v 0.00773006 -0.0896155 0.127284
v 0.00676398 -0.0827186 0.125934
v 0.00705942 -0.0815041 0.125202
v 0.00735781 -0.0857116 0.126335
v 0.00683784 -0.082415 0.125751
v 0.00698556 -0.0818077 0.125385
v 0.00728395 -0.0860152 0.126518
v 0.00721009 -0.0863188 0.126701
v 0.0069117 -0.0821113 0.125568
v -0.140134 -0.429411 -0.188161
v -0.136857 -0.427168 -0.189167
v -0.132694 -0.427317 -0.193193
v -0.136463 -0.428934 -0.192421
v -0.140231 -0.430551 -0.19165
v -0.125725 -0.422004 -0.19172
v -0.129439 -0.423708 -0.190785
v -0.133328 -0.425191 -0.190081
v -0.117871 -0.420301 -0.192801
v -0.121798 -0.420985 -0.19235
v -0.113922 -0.419775 -0.193161
v -0.0978752 -0.421794 -0.196457
v -0.101837 -0.422046 -0.196317
v -0.105799 -0.422298 -0.196177
v -0.109761 -0.422549 -0.196037
v -0.113722 -0.422801 -0.195896
v -0.117684 -0.423052 -0.195756
v -0.0939038 -0.42159 -0.196561
v -0.131722 -0.434481 -0.195795
v -0.101892 -0.419296 -0.193722
v -0.105908 -0.419425 -0.193548
v -0.109923 -0.419554 -0.193374
v -0.0937931 -0.41963 -0.193383
v -0.0978449 -0.419441 -0.193579
v -0.10975 -0.418587 -0.189458
v -0.113741 -0.418992 -0.189142
v -0.117345 -0.419751 -0.184654
v -0.117716 -0.419524 -0.188796
v -0.121661 -0.420424 -0.188319
v -0.121301 -0.420529 -0.184172
v -0.125611 -0.421364 -0.187723
v -0.129049 -0.422712 -0.183039
v -0.129434 -0.422868 -0.186994
v -0.132755 -0.424237 -0.182326
v -0.133122 -0.424556 -0.186274
v -0.136387 -0.425841 -0.181546
v -0.136662 -0.426421 -0.185406
v -0.139961 -0.427562 -0.180855
v -0.140208 -0.42824 -0.184637
v -0.135842 -0.431943 -0.194544
v -0.125214 -0.421408 -0.183637
v -0.132139 -0.430813 -0.195241
v -0.121495 -0.42385 -0.195256
v -0.125222 -0.424924 -0.194583
v -0.128949 -0.425999 -0.193911
v -0.105184 -0.425885 -0.197632
v -0.0973051 -0.425408 -0.197752
v -0.101206 -0.425588 -0.197757
v -0.0932132 -0.425226 -0.197795
v -0.081146 -0.424973 -0.197369
v -0.0730662 -0.42877 -0.197627
v -0.0770286 -0.428755 -0.198113
v -0.0810138 -0.428828 -0.198266
v -0.085013 -0.428959 -0.19824
v -0.0890009 -0.429063 -0.198076
v -0.0929609 -0.429058 -0.19768
v -0.0968671 -0.428831 -0.196868
v -0.0808697 -0.432711 -0.197445
v -0.0847758 -0.432484 -0.196633
v -0.088682 -0.432256 -0.195821
v -0.0925881 -0.432029 -0.19501
v -0.0965103 -0.432038 -0.19448
v -0.100801 -0.429247 -0.196785
v -0.104754 -0.429687 -0.196658
v -0.108708 -0.430116 -0.196516
v -0.112681 -0.430476 -0.196231
v -0.116531 -0.431107 -0.196083
v -0.120343 -0.431822 -0.195982
v -0.124136 -0.432624 -0.195909
v -0.127927 -0.433438 -0.19584
v -0.120953 -0.427736 -0.196806
v -0.127487 -0.437064 -0.194375
v -0.131314 -0.438055 -0.194811
v -0.130985 -0.441018 -0.19213
v -0.134551 -0.442402 -0.193544
v -0.134278 -0.445409 -0.190924
v -0.137782 -0.446824 -0.192438
v -0.138102 -0.450537 -0.190253
v -0.141115 -0.451629 -0.192759
v -0.141196 -0.455306 -0.191144
v -0.140899 -0.459194 -0.190053
v -0.140602 -0.463082 -0.188962
v -0.143447 -0.463941 -0.191659
v -0.128441 -0.429688 -0.195883
v -0.124742 -0.428562 -0.196524
v -0.143809 -0.460084 -0.192614
v -0.144308 -0.456203 -0.193305
v -0.14486 -0.452307 -0.193795
v -0.142149 -0.443943 -0.194541
v -0.141512 -0.447858 -0.193826
v -0.135064 -0.438981 -0.19533
v -0.138906 -0.439511 -0.195212
v -0.138229 -0.443441 -0.194337
v -0.145423 -0.448422 -0.194293
v -0.145832 -0.444669 -0.193534
v -0.117112 -0.427049 -0.19699
v -0.142889 -0.436941 -0.193131
v -0.142656 -0.440164 -0.194566
v -0.14622 -0.441005 -0.192695
v -0.139303 -0.435949 -0.194847
v -0.148742 -0.452989 -0.193825
v -0.148218 -0.45686 -0.193786
v -0.147677 -0.460766 -0.193274
v -0.127213 -0.439808 -0.19148
v -0.123696 -0.435941 -0.193964
v -0.116091 -0.434194 -0.193659
v -0.119879 -0.435116 -0.193842
v -0.112281 -0.43331 -0.19351
v -0.104401 -0.43273 -0.194111
v -0.108341 -0.432805 -0.193666
v -0.100452 -0.432452 -0.194389
v -0.084487 -0.43582 -0.19446
v -0.0883538 -0.435421 -0.193415
v -0.0806285 -0.436246 -0.195552
v -0.0804058 -0.439854 -0.193768
v -0.0767421 -0.436355 -0.196195
v -0.0730053 -0.436644 -0.19766
v -0.0729245 -0.440461 -0.196692
v -0.0766156 -0.440099 -0.194959
v -0.0650614 -0.436647 -0.197701
v -0.0690515 -0.436669 -0.197791
v -0.0690927 -0.440642 -0.197568
v -0.0650426 -0.432649 -0.197526
v -0.0690248 -0.432679 -0.197757
v -0.0611007 -0.440545 -0.196331
v -0.0650994 -0.440606 -0.19719
v -0.113141 -0.426639 -0.1972
v -0.109169 -0.426234 -0.197413
v -0.0891266 -0.425048 -0.197833
v -0.0851325 -0.42492 -0.197808
v -0.0614732 -0.44425 -0.195028
v -0.0620817 -0.448153 -0.193812
v -0.0659738 -0.452139 -0.194432
v -0.0730074 -0.432708 -0.198018
v -0.0652377 -0.448342 -0.196082
v -0.0651526 -0.444498 -0.196563
v -0.0691364 -0.444601 -0.197275
v -0.0692955 -0.448431 -0.196635
v -0.069467 -0.452259 -0.19597
v -0.0728217 -0.444285 -0.195702
v -0.0764977 -0.443928 -0.193953
v -0.076949 -0.432725 -0.19789
v 0.201877453125 -0.480492890625 0.134824015625
v 0.212602 -0.480107421875 0.133352828125
v 0.223315609375 -0.47968803125 0.131709921875
v 0.232894625 -0.488049 0.12356875
v 0.222468625 -0.488537125 0.125553625
v 0.168254125 -0.480569375 0.138763375
v 0.18037371875 -0.481281390625 0.1370739375
v 0.19114834375 -0.480882328125 0.136083125
v 0.233979890625 -0.47926709375 0.129864875
v 0.244671421875 -0.478880140625 0.127442453125
v 0.1802355 -0.4904835 0.131689375
v 0.15881775 -0.482042375 0.138699875
v 0.13856725 -0.483697 0.138721125
v 0.1805275 -0.472128875 0.142758125
v 0.223945 -0.470438625 0.137241
v 0.23472925 -0.46995175 0.1350615
v 0.243232 -0.487634875 0.12135925
v 0.169545125 -0.490890875 0.13298425
v 0.1480175 -0.48231475 0.139032125
v 0.125033375 -0.483977125 0.138989125
v 0.17101325 -0.473565625 0.142783875
v 0.191403 -0.471774625 0.141654625
v 0.245650625 -0.4696245 0.132565375
v 0.213109375 -0.470914125 0.138839
v 0.25515228125 -0.478633375 0.12445121875
v 0.1909235 -0.49002725 0.130739625
v 0.2015555 -0.489560875 0.1295145
v 0.148088 -0.49155825 0.134842
v 0.158834625 -0.491234375 0.134143125
v 0.1155355 -0.4829895 0.13965875
v 0.202265875 -0.47137475 0.140381875
v 0.256546625 -0.46936025 0.12968675
v 0.253176875 -0.4873605 0.1183455
v 0.212106625 -0.489085 0.127912125
v 0.138633625 -0.490697125 0.135494625
v 0.10607775 -0.484389625 0.139200375
v 0.266865625 -0.477348125 0.120756
v 0.262758125 -0.487122875 0.114432
v 0.280220625 -0.48508 0.1052175
v 0.265641625 -0.470330375 0.12572675
v 0.28281975 -0.478835125 0.109858625
v 0.125113625 -0.491098125 0.135573875
v 0.272088375 -0.486686625 0.109542125
v 0.115670875 -0.49251575 0.13524925
v 0.106194875 -0.491551875 0.136027625
v 0.275134125 -0.4782635 0.115780625
v 0.2123533125 -0.4846141875 0.1306286875
v 0.206851 -0.4893295 0.128797
v 0.2017109375 -0.4850310625 0.1321485625
v 0.2072395625 -0.4803024375 0.13411175
v 0.196247 -0.489794 0.130169
v 0.1910334375 -0.4854516875 0.133392375
v 0.1965165 -0.480686125 0.1354865625
v 0.1912731875 -0.476325375 0.138849875
v 0.196837 -0.471582 0.1410475
v 0.202066125 -0.475938 0.13758225
v 0.2076885 -0.471149 0.139626
v 0.2128546875 -0.47552875 0.136092125
v 0.22291025 -0.4841459375 0.128683875
v 0.2172955 -0.4888125 0.1267555
v 0.2179639375 -0.4799005 0.1325503125
v 0.218533 -0.4706795 0.13808
v 0.2236484375 -0.4750966875 0.1345275625
v 0.23346525 -0.4837025 0.1268084375
v 0.227677 -0.488284 0.124533
v 0.22864725 -0.479476375 0.130837375
v 0.229331 -0.470185 0.136214
v 0.2343825625 -0.474653875 0.1325548125
v 0.2393345625 -0.47906175 0.128724625
v 0.2439900625 -0.48329925 0.124480875
v 0.2380955 -0.487828 0.122536
v 0.1803033125 -0.4858783125 0.1343566875
v 0.174891 -0.490695 0.132314
v 0.16956875 -0.486281375 0.13546375
v 0.174984 -0.481478625 0.1375570625
v 0.1641935 -0.4910685 0.133605
v 0.1588261875 -0.486638375 0.1364215
v 0.1642065 -0.481866 0.1383635
v 0.175095 -0.472293 0.1431935
v 0.1804493125 -0.476701 0.1398910625
v 0.169628 -0.4770635 0.140772
v 0.185583 -0.490259 0.1312055
v 0.185764625 -0.4810816875 0.1365974375
v 0.185965 -0.4719565 0.142235
v 0.240178 -0.469772 0.133846
v 0.245199375 -0.4742940625 0.1300839375
v 0.254213 -0.4830424375 0.121470875
v 0.2482565 -0.4874835 0.119963
v 0.249950625 -0.4787420625 0.1260441875
v 0.2511205 -0.469488 0.1312175
v 0.255897875 -0.4740423125 0.1271415
v 0.153467 -0.491395 0.1345655
v 0.14805275 -0.4869365 0.1369370625
v 0.1534205 -0.4821875 0.1389
v 0.142695 -0.491732 0.1349425
v 0.1372495 -0.4872345 0.137126
v 0.1426115 -0.4824375 0.1391645
v 0.121074 -0.4923835 0.135107
v 0.1156031875 -0.487752625 0.137454
v 0.120955 -0.4828755 0.139606
v 0.1264265 -0.487507 0.1372565
v 0.264068875 -0.4828351875 0.1175225
v 0.258001 -0.4872525 0.116505
v 0.2602565 -0.4785399375 0.1225849375
v 0.261888 -0.469239 0.1278575
v 0.2663045 -0.4738405 0.1232915
v 0.1102675 -0.4926475 0.135394
v 0.104784 -0.488002 0.1376365
v 0.110119 -0.4831065 0.139699
v 0.27361125 -0.4824750625 0.112661375
v 0.2674775 -0.486935 0.112117
v 0.270314 -0.478432 0.1183245
v 0.2826385 -0.4818785 0.1067845
v 0.27652 -0.4863755 0.1066895
v 0.2798105 -0.478014 0.112908
v 0.20704025 -0.4848265 0.13143775
v 0.1963775 -0.48523975 0.1328075
v 0.1966725 -0.47613375 0.13824675
v 0.207459 -0.47573625 0.13685225
v 0.217638 -0.48438225 0.129675
v 0.21825675 -0.47531575 0.13533725
v 0.228186 -0.4839205 0.1277625
v 0.229013 -0.474871 0.133603
v 0.238748 -0.4834885 0.12571925
v 0.174936 -0.48608425 0.13490275
v 0.1642 -0.48646725 0.13598425
v 0.175038 -0.47688325 0.1403425
v 0.18567225 -0.485666 0.133881
v 0.18586325 -0.47651475 0.13939575
v 0.23978925 -0.4744605 0.13137425
v 0.24914725 -0.4831555 0.12307925
v 0.25057925 -0.47415775 0.1287065
v 0.15344375 -0.48679125 0.13673275
v 0.14265325 -0.48708475 0.1370535
v 0.1210145 -0.4876295 0.1373565
v 0.25918075 -0.48294525 0.11961225
v 0.26112425 -0.4739385 0.1252885
v 0.11019325 -0.487877 0.1375465
v 0.26889575 -0.4826835 0.11522075
v 0.27816525 -0.48219475 0.10979875
v -0.150039 -0.261325 0.11981
v -0.149582 -0.256824 0.114757
v -0.149124 -0.252324 0.109703
v -0.143475 -0.262385 0.119449
v -0.150433 -0.265684 0.124982
v -0.143798 -0.266584 0.124753
v -0.137447 -0.271595 0.129902
v -0.137163 -0.267484 0.124524
v -0.136896 -0.263367 0.119141
v -0.130815 -0.272494 0.129672
v -0.130566 -0.268372 0.124283
v -0.130317 -0.264251 0.118893
v -0.124236 -0.273377 0.129424
v -0.123986 -0.269256 0.124035
v -0.117406 -0.270139 0.123787
v -0.110827 -0.271023 0.123539
v -0.117626 -0.274173 0.129236
v -0.117856 -0.278734 0.134036
v -0.111234 -0.27982 0.13348
v -0.124478 -0.277649 0.134591
v -0.0914218 -0.283062 0.131458
v -0.0848547 -0.284178 0.1307
v -0.0782879 -0.285294 0.129945
v -0.0924233 -0.289606 0.130952
v -0.0858948 -0.290703 0.130004
v -0.0989516 -0.288542 0.131959
v -0.0793647 -0.291811 0.129007
v -0.0728328 -0.292931 0.127959
v -0.066301 -0.294051 0.12691
v -0.0652057 -0.287529 0.1281
v -0.0586849 -0.288646 0.127041
v -0.0521641 -0.289763 0.125981
v -0.0456433 -0.29088 0.124921
v -0.07173 -0.286412 0.129129
v -0.051763 -0.284534 0.122789
v -0.045201 -0.285522 0.12199
v -0.0386389 -0.286511 0.121191
v -0.0320769 -0.2875 0.120391
v -0.0255149 -0.288488 0.119592
v -0.0647879 -0.27821 0.119263
v -0.058231 -0.279228 0.118443
v -0.051674 -0.280247 0.117623
v -0.045117 -0.281265 0.116803
v -0.0385601 -0.282284 0.115983
v -0.0320031 -0.283302 0.115163
v -0.0254462 -0.284321 0.114344
v -0.0189566 -0.289499 0.118777
v -0.0188152 -0.285013 0.113966
v -0.0123601 -0.290347 0.11819
v -0.0121453 -0.285558 0.113794
v -0.00576822 -0.291148 0.117476
v 0.000843255 -0.291723 0.117134
v 0.00703153 -0.290505 0.118932
v 0.0117013 -0.29083 0.12758
v 0.0138108 -0.2861 0.114785
v -0.135102 -0.24806 0.106152
v 0.0252268 -0.280324 0.118639
v -0.136361 -0.258557 0.11444
v 0.0247081 -0.283011 0.124787
v 0.0308529 -0.277235 0.120563
v 0.0303495 -0.279938 0.1267
v 0.00568373 -0.29283 0.125394
v 6.62327e-06 -0.295399 0.122309
v 0.0130124 -0.288547 0.120877
v -0.00556658 -0.286534 0.113075
v 0.0010549 -0.287203 0.112834
v 0.007644 -0.287917 0.112513
v 0.0144816 -0.281694 0.112053
v -0.018309 -0.279063 0.112808
v -0.0117526 -0.279589 0.11265
v -0.00519622 -0.280116 0.112492
v 0.00136014 -0.280642 0.112334
v 0.00791651 -0.281168 0.112176
v -0.0248884 -0.278351 0.112529
v -0.0314843 -0.277607 0.112235
v -0.0380929 -0.276846 0.112647
v -0.05041 -0.268742 0.112526
v -0.057019 -0.26802 0.112443
v -0.0446535 -0.276001 0.113172
v -0.0578009 -0.274183 0.114283
v -0.0512373 -0.275138 0.113565
v -0.0709326 -0.272252 0.1156
v -0.0973659 -0.268584 0.117633
v -0.0907419 -0.269474 0.117179
v -0.0841179 -0.270364 0.116726
v -0.077494 -0.271253 0.116273
v -0.0976193 -0.272958 0.122584
v -0.111019 -0.275143 0.128743
v -0.0910143 -0.273943 0.122073
v -0.104404 -0.276198 0.128203
v -0.0977869 -0.277266 0.127659
v -0.0911702 -0.278334 0.127115
v -0.0845772 -0.279376 0.126477
v -0.0779994 -0.280401 0.12578
v -0.103319 -0.262495 0.113779
v -0.0967157 -0.263391 0.113358
v -0.116577 -0.261072 0.113866
v -0.109943 -0.26175 0.113891
v -0.10925 -0.256254 0.11013
v -0.102612 -0.256899 0.110204
v -0.0959736 -0.257543 0.110278
v -0.129162 -0.254313 0.10992
v -0.122525 -0.25496 0.10999
v -0.115887 -0.255607 0.11006
v -0.13582 -0.253688 0.109801
v -0.128442 -0.248573 0.106514
v -0.121781 -0.249085 0.106876
v -0.115132 -0.249673 0.107028
v -0.101849 -0.250874 0.107353
v -0.0951668 -0.251402 0.107829
v -0.0884807 -0.251941 0.108387
v -0.082717 -0.258947 0.110185
v -0.0760659 -0.259579 0.110606
v -0.0694181 -0.260217 0.111005
v -0.108492 -0.250282 0.107166
v -0.089338 -0.258203 0.110319
v -0.123182 -0.260272 0.114006
v -0.103974 -0.267728 0.11796
v -0.129769 -0.259401 0.114241
v -0.0901014 -0.264188 0.113121
v -0.0834817 -0.264937 0.112973
v -0.0768619 -0.265687 0.112824
v -0.0643788 -0.273262 0.114903
v -0.0702531 -0.266525 0.112425
v -0.0636436 -0.26733 0.112222
v -0.0778796 -0.276069 0.12075
v -0.0713399 -0.27717 0.120035
v -0.0583177 -0.283509 0.123561
v -0.0844195 -0.27497 0.121467
v -0.0714227 -0.281427 0.125078
v -0.0648666 -0.282451 0.124307
v -0.0467101 -0.297366 0.1236
v -0.0532411 -0.296282 0.124802
v -0.0391314 -0.291968 0.123786
v -0.0325822 -0.293039 0.122812
v -0.0401774 -0.298385 0.122374
v -0.0335673 -0.299386 0.12123
v -0.0259986 -0.29407 0.121742
v -0.019386 -0.295117 0.121143
v -0.05977 -0.295169 0.125861
v -0.118814 -0.285326 0.134017
v -0.112187 -0.286402 0.133358
v -0.105561 -0.287477 0.132699
v -0.104621 -0.280891 0.132907
v -0.0980084 -0.281962 0.132335
v -0.10422 -0.271959 0.123106
v -0.123735 -0.265128 0.118651
v -0.117148 -0.265994 0.118421
v -0.110561 -0.26686 0.118191
v -0.144096 -0.270732 0.130081
v -0.13776 -0.275786 0.135171
v -0.131107 -0.276637 0.13501
v -0.143008 -0.257841 0.11444
v -0.142482 -0.253057 0.109686
v -0.0417083 0.424301 0.0399199
v -0.0416064 0.429155 0.035469
v -0.0409552 0.433625 0.0308206
v -0.041389 0.431479 0.0332079
v -0.0400387 0.435974 0.0331885
v -0.0405158 0.435792 0.0284553
v -0.0371247 0.439608 0.0324639
v -0.0389547 0.437777 0.030523
v -0.0353724 0.445955 0.0248435
v -0.0359161 0.443815 0.0273715
v -0.0364598 0.441674 0.0298995
v -0.036954 0.443972 0.022828
v -0.0374977 0.441831 0.0253559
v -0.0380414 0.439691 0.0278839
v -0.039623 0.437707 0.0258683
v -0.0390803 0.439846 0.0233424
v -0.0360374 0.445714 0.0202928
v -0.0359434 0.4447 0.0156959
v -0.0371209 0.443201 0.0182659
v -0.0382984 0.441703 0.0208358
v -0.0320622 0.449909 0.0122705
v -0.033447 0.448551 0.0149868
v -0.0348319 0.447194 0.0177031
v -0.0347379 0.446179 0.0131061
v -0.0289116 0.453322 0.0114603
v -0.030396 0.452031 0.0141713
v -0.0318804 0.45074 0.0168822
v -0.0306408 0.451242 0.00955621
v -0.0333637 0.449447 0.0195933
v -0.0346689 0.447975 0.0222802
v -0.0274075 0.454589 0.00875711
v -0.0288247 0.45213 0.00697612
v -0.0254762 0.455308 0.00621767
v -0.0249313 0.453461 0.00189812
v -0.026905 0.452889 0.00443635
v -0.0193165 0.458011 0.00313915
v -0.0215938 0.457772 0.00559343
v -0.0211149 0.455997 0.00125567
v -0.0233922 0.455759 0.00370995
v -0.0238313 0.45745 0.0080668
v -0.0170519 0.458258 0.000682049
v 0.00587666 0.459914 -0.00063966
v -0.0189163 0.45629 -0.00121609
v -0.0333178 0.447478 0.0104222
v -0.0308391 0.446218 0.0307933
v -0.0329929 0.447329 0.026649
v -0.0336883 0.445296 0.0292088
v -0.0343838 0.443264 0.0317686
v -0.0283285 0.444433 0.0344798
v -0.0288568 0.442084 0.0368251
v -0.0314164 0.443962 0.0332015
v -0.0319447 0.441614 0.0355468
v -0.0350326 0.441143 0.0342685
v -0.0191092 0.442603 0.0401463
v -0.0224093 0.442524 0.0390933
v -0.0250529 0.444557 0.0355588
v -0.0257094 0.442445 0.0380403
v -0.017998 0.447219 0.0355135
v -0.0185424 0.444889 0.0378116
v -0.0212353 0.447017 0.0343577
v -0.0217797 0.444688 0.0366558
v -0.0244725 0.446816 0.0332019
v -0.0277098 0.446615 0.0320461
v -0.0239507 0.449113 0.0308332
v -0.0264124 0.450631 0.0267983
v -0.0271047 0.448731 0.0295213
v -0.0233465 0.451168 0.0282039
v -0.0257471 0.452578 0.0241039
v -0.0218921 0.45464 0.0225147
v -0.0226908 0.45308 0.0254763
v -0.0191382 0.458368 0.0127676
v -0.0200618 0.45714 0.0160301
v -0.0209854 0.455912 0.0192927
v -0.0249699 0.454185 0.0211527
v -0.0176712 0.459414 0.0100165
v -0.019128 0.458377 0.010124
v -0.0207167 0.457372 0.0127605
v -0.0223054 0.456367 0.015397
v -0.0238941 0.455362 0.0180335
v -0.0189962 0.458346 0.00759487
v -0.0135031 0.460347 0.0041582
v -0.0156514 0.45995 0.00712533
v -0.0153205 0.459702 0.00447864
v -0.0174688 0.459306 0.00744577
v -0.0090999 0.461212 0.00559486
v -0.0111189 0.460745 0.00891187
v -0.0115363 0.460909 0.00424161
v -0.0135552 0.460441 0.00755862
v -0.00839934 0.460923 0.0102708
v -0.00918821 0.45991 0.0136125
v -0.00997707 0.458897 0.0169542
v -0.0121898 0.459857 0.0122479
v -0.0151915 0.459804 0.0108833
v -0.0129873 0.458857 0.0155925
v -0.0108484 0.457924 0.0202969
v -0.0139672 0.457986 0.0189527
v -0.011574 0.456391 0.0232307
v -0.0122407 0.454889 0.0260726
v -0.014799 0.456397 0.0220523
v -0.00543965 0.454464 0.0275596
v -0.00823816 0.456255 0.0241345
v -0.00886267 0.454703 0.0268718
v -0.00603267 0.452731 0.0302563
v -0.00660895 0.450901 0.0329314
v -0.00945486 0.452965 0.0295675
v -0.0100576 0.451141 0.0322054
v -0.0135094 0.451382 0.0314749
v -0.00721765 0.449021 0.0355582
v -0.0106727 0.449225 0.0348214
v -0.0141278 0.44943 0.0340846
v -0.00418183 0.44655 0.038506
v -0.00768697 0.446827 0.0378674
v -0.00827471 0.444699 0.0402828
v -0.0111988 0.447109 0.037235
v 0.0066051 0.444898 0.0386411
v 0.00300566 0.44546 0.0386209
v -0.000593776 0.446022 0.0386008
v -0.00369522 0.448685 0.0360671
v 0.0107807 0.448713 0.0341894
v 0.0105633 0.446494 0.0363319
v 0.00722716 0.449256 0.0341085
v 0.00700977 0.447037 0.036251
v 0.00345628 0.447581 0.0361701
v -9.72173e-05 0.448124 0.0360892
v 0.0213007 0.444162 0.034288
v 0.0177126 0.445022 0.035236
v 0.014363 0.447906 0.033414
v 0.0141245 0.445881 0.0361839
v 0.0244716 0.445371 0.0311497
v 0.0247806 0.44331 0.0334357
v 0.0207981 0.448277 0.0296139
v 0.0211071 0.446216 0.0319
v 0.0174336 0.449122 0.0303642
v 0.0177426 0.447061 0.0326503
v 0.0140692 0.449967 0.0311146
v 0.0172194 0.451134 0.0280046
v 0.014214 0.451711 0.0284101
v 0.0112078 0.452287 0.0288143
v 0.00841436 0.454397 0.0263181
v 0.0144278 0.453288 0.025401
v 0.0114207 0.453829 0.0258958
v 0.0116826 0.455389 0.0227818
v 0.00877758 0.455728 0.0234748
v 0.00920187 0.456813 0.0206777
v 0.00640571 0.458147 0.0179378
v 0.00360955 0.45948 0.0151978
v 0.00316869 0.458716 0.0178199
v -0.000133545 0.458973 0.0172917
v -0.00388649 0.458418 0.0193235
v 0.00557808 0.456165 0.0234525
v 0.00272865 0.457766 0.0204285
v 0.00227297 0.456567 0.0229218
v -0.000576455 0.458168 0.0198978
v -0.00103213 0.456969 0.0223911
v -0.00433724 0.457372 0.0218603
v 0.000417507 0.459826 0.0144465
v -0.00329536 0.459302 0.0163945
v -0.00623082 0.459805 0.0150241
v -0.00700822 0.458778 0.0183425
v -0.00251701 0.460311 0.0130708
v -0.00544775 0.460726 0.0116743
v 0.00597312 0.457325 0.0206024
v 0.0109552 0.450654 0.0316483
v 0.00807572 0.452763 0.0290101
v 0.00767767 0.451135 0.0316039
v 0.00468434 0.453262 0.0287775
v 0.00129297 0.45376 0.0285449
v 0.0276252 0.444695 0.0296488
v 0.0281062 0.442496 0.0325473
v 0.0240175 0.447548 0.028347
v 0.0268666 0.44666 0.0270478
v 0.0223617 0.451363 0.0232936
v 0.0231905 0.449457 0.0258193
v 0.0203432 0.450346 0.0271166
v 0.0260395 0.44857 0.0245196
v 0.0304552 0.443802 0.0280529
v 0.0308464 0.443654 0.0229319
v 0.0315527 0.441573 0.0255825
v 0.032259 0.439493 0.0282332
v 0.0315289 0.441227 0.0205099
v 0.0324667 0.43927 0.0231896
v 0.0305797 0.443167 0.0178138
v 0.0282396 0.447015 0.0172335
v 0.0295484 0.445338 0.0200845
v 0.0293766 0.444883 0.0149791
v 0.0277386 0.446316 0.012258
v 0.0269402 0.448684 0.0144012
v 0.0250195 0.449966 0.0117654
v 0.0229904 0.451203 0.00915835
v 0.0209515 0.452434 0.00655207
v 0.0240829 0.452218 0.0139265
v 0.0220422 0.453465 0.0113232
v 0.0200015 0.454711 0.00871984
v 0.0179608 0.455957 0.0061165
v 0.0235938 0.451968 0.0188522
v 0.0220869 0.453498 0.016213
v 0.0205137 0.454921 0.0135922
v 0.0184642 0.45562 0.0158285
v 0.0200224 0.45424 0.0184569
v 0.0153449 0.455607 0.017551
v 0.014245 0.457164 0.0151077
v 0.00956756 0.458531 0.0142018
v 0.0167291 0.456931 0.0131286
v 0.014106 0.457906 0.010392
v 0.0118009 0.458202 0.0121877
v 0.0115479 0.458909 0.00783138
v 0.00924273 0.459206 0.00962706
v 0.00693757 0.459502 0.0114227
v 0.0046324 0.459799 0.0132184
v 0.0089768 0.459887 0.0054201
v 0.00666229 0.460165 0.00732361
v 0.00432011 0.460283 0.00928187
v 0.00194483 0.46021 0.0113056
v 0.00395709 0.460514 0.00554732
v 0.00158181 0.460441 0.00757107
v 0.00121879 0.460672 0.00383652
v -0.00115649 0.460599 0.00586027
v -0.00151951 0.460831 0.00212572
v -0.0038948 0.460758 0.00414947
v -0.000800336 0.460412 0.00975691
v -0.00663629 0.460937 0.00251395
v -0.00938523 0.461163 0.00105459
v 0.0063264 0.460529 0.00349592
v 0.0035663 0.460474 0.00168432
v 0.000806199 0.46042 -0.000127268
v -0.00426426 0.460926 0.000385123
v -0.00173438 0.460013 -0.00202402
v -0.00428133 0.459109 -0.0036817
v -0.00690261 0.46065 -0.00146123
v -0.00688857 0.457993 -0.0051718
v -0.00926483 0.459667 -0.00257082
v -0.0111285 0.458955 -0.00290619
v -0.0129922 0.458243 -0.00324156
v -0.0114031 0.460337 0.000553435
v -0.0148614 0.457437 -0.00357321
v 0.00319817 0.459032 -0.00229243
v 0.00051968 0.45815 -0.0039452
v -0.00215881 0.457268 -0.00559797
v 0.0115579 0.455299 -0.00234491
v 0.00746746 0.457374 -0.00239761
v 0.00496785 0.45691 -0.00420826
v 0.0100712 0.457637 -0.000516739
v 0.0155075 0.456832 0.00374609
v 0.0165668 0.454456 0.00174964
v 0.0141383 0.455106 -0.000322303
v 0.0128528 0.457471 0.00150951
v 0.0111607 0.459243 0.00349018
v 0.0085187 0.459578 0.00142526
v 0.0162765 0.457315 0.00843332
v 0.0137408 0.458368 0.00589985
v 0.0186647 0.456218 0.0109861
v 0.0188348 0.453557 0.00404764
v 0.0282187 0.447363 0.0224294
v 0.0295435 0.445694 0.0252764
v 0.0254703 0.4505 0.0166201
v 0.0268523 0.448947 0.0195338
v 0.0249743 0.450373 0.0217132
v 0.0211719 0.452761 0.0208834
v 0.0166048 0.454299 0.0199401
v 0.0179415 0.453109 0.0223033
v 0.0192782 0.451919 0.0246664
v 0.010701 0.457026 0.0166337
v 0.0120377 0.455836 0.0189968
v 0.0133744 0.454647 0.02136
v 0.00613393 0.458564 0.0156904
v 0.0309802 0.441617 0.0307237
v -0.0168229 0.451394 0.0304464
v -0.017433 0.449403 0.0330301
v -0.0200917 0.45131 0.0293147
v -0.012902 0.453204 0.0288413
v -0.0161807 0.453183 0.0277457
v 0.00427806 0.451623 0.0313722
v 0.0037046 0.449767 0.0339866
v 0.000834386 0.452054 0.0311458
v 0.00026093 0.450199 0.0337601
v -0.00260929 0.452485 0.0309193
v -0.00318274 0.45063 0.0335337
v 0.00509513 0.454868 0.0261455
v 0.00178084 0.455238 0.025682
v -0.00153345 0.455607 0.0252185
v -0.00205222 0.454182 0.0281739
v -0.00484773 0.455976 0.024755
v -0.00764324 0.457771 0.0213362
v -0.0035866 0.460712 0.00836204
v -0.00637752 0.461021 0.0069752
v -0.0132506 0.45944 0.000477378
v -0.0150981 0.458544 0.000401492
v -0.0171679 0.458807 0.00440444
v -0.0169456 0.457647 0.000325607
v -0.0380154 0.430328 0.0417051
v -0.0206747 0.457354 0.0101013
v -0.022419 0.456373 0.0125124
v -0.0241633 0.455391 0.0149234
v -0.0259077 0.454409 0.0173345
v -0.027652 0.453427 0.0197456
v -0.0287054 0.451908 0.0226566
v -0.0321813 0.449105 0.0238213
v -0.0160884 0.458813 0.0142164
v -0.0170103 0.457593 0.0174721
v -0.0179322 0.456373 0.0207277
v -0.0154666 0.454893 0.024895
v -0.0187136 0.454847 0.0237363
v -0.0194587 0.453161 0.0266486
v -0.0207194 0.449315 0.0319758
v -0.0117549 0.444845 0.0395624
v -0.014716 0.447356 0.0365891
v -0.0152348 0.44499 0.0388413
v -0.0157536 0.442624 0.0410935
v -0.0294362 0.450056 0.025416
v -0.0301396 0.448172 0.028145
v -0.0402597 0.433673 0.0354749
v -0.040137 0.431152 0.0376331
v -0.0400144 0.428632 0.0397914
v -0.0398917 0.426111 0.0419496
v -0.0415082 0.426655 0.0376389
v -0.037997 0.437675 0.0350477
v -0.0380032 0.435226 0.0372668
v -0.0380093 0.432777 0.039486
v -0.100991 0.307923 0.0443896
v -0.0990051 0.30173 0.0419545
v -0.0981254 0.299689 0.0483948
v -0.0971816 0.295484 0.0395788
v -0.0961501 0.293492 0.0459636
v -0.0973081 0.288602 0.0379182
v -0.0974347 0.28172 0.0362575
v -0.0985927 0.27683 0.0282121
v -0.0962827 0.286646 0.0443246
v -0.0953104 0.284996 0.0509212
v -0.0964599 0.280056 0.0428451
v -0.0954876 0.278406 0.0494416
v -0.0948382 0.291594 0.0523137
v -0.0923078 0.296593 0.060005
v -0.0928269 0.290008 0.0586419
v -0.0933461 0.283424 0.0572787
v -0.0938653 0.276839 0.0559156
v -0.091661 0.275356 0.0622909
v -0.092101 0.268768 0.0608991
v -0.0941908 0.270229 0.0544911
v -0.0941651 0.263628 0.0529855
v -0.0940567 0.257039 0.0514434
v -0.0938776 0.250462 0.0498611
v -0.0921715 0.242373 0.0547966
v -0.0935996 0.243855 0.0482698
v -0.0919532 0.235784 0.0532107
v -0.0950287 0.251939 0.0433329
v -0.0945124 0.245352 0.0417262
v -0.0932438 0.237258 0.0466594
v -0.0909112 0.222663 0.0498985
v -0.0891331 0.214673 0.0547576
v -0.0882685 0.208191 0.052782
v -0.0874059 0.201706 0.0508178
v -0.0863407 0.195286 0.0487221
v -0.0866404 0.194049 0.0263993
v -0.0872547 0.213183 0.0611504
v -0.0866005 0.206723 0.0592569
v -0.0859463 0.200263 0.0573635
v -0.0852921 0.193803 0.05547
v -0.0847166 0.205112 0.0657263
v -0.0841165 0.198595 0.0638878
v -0.0832229 0.192152 0.0620165
v -0.0820037 0.185791 0.0601086
v -0.0836761 0.187469 0.0535041
v -0.0819817 0.181145 0.0515339
v -0.0808474 0.176698 0.0429303
v -0.0797347 0.175016 0.0495194
v -0.0777303 0.171133 0.0409693
v -0.0756097 0.167372 0.0324616
v -0.0793799 0.174358 0.0277012
v -0.0787124 0.17279 0.0343665
v -0.0762011 0.168901 0.0258564
v -0.079866 0.179503 0.00797514
v -0.0798494 0.177701 0.0145432
v -0.0798329 0.175899 0.0211112
v -0.0798298 0.181322 0.00143475
v -0.0765654 0.17381 0.0063519
v -0.0766559 0.171977 0.0128675
v -0.0948674 0.298149 0.0539885
v -0.0764171 0.175679 -0.000150535
v -0.0725164 0.170294 -0.00160414
v -0.072759 0.168364 0.00487674
v -0.0827117 0.183522 0.0162366
v -0.0825404 0.181778 0.022859
v -0.0850276 0.189607 0.0179012
v -0.0848403 0.187838 0.0245814
v -0.0843301 0.186131 0.0313517
v -0.0838199 0.184424 0.0381219
v -0.0832973 0.182723 0.0449015
v -0.0860297 0.192398 0.0331985
v -0.0855378 0.190698 0.0400005
v -0.085046 0.188998 0.0468024
v -0.0820615 0.180086 0.029586
v -0.0764863 0.170396 0.0193603
v -0.072586 0.16677 0.0113852
v -0.072442 0.165215 0.0178319
v -0.0766304 0.169397 0.0475345
v -0.0745379 0.165544 0.0390021
v -0.0751668 0.167522 0.0538348
v -0.0729616 0.165722 0.0596758
v -0.0715695 0.161831 0.0513459
v -0.0702424 0.164196 0.0648845
v -0.0750215 0.176111 0.0702268
v -0.0710488 0.174591 0.0755643
v -0.072387 0.180952 0.0777851
v -0.0732978 0.194172 0.081018
v -0.0730418 0.187533 0.0795321
v -0.078096 0.20212 0.0775546
v -0.0776289 0.195543 0.0758796
v -0.0771245 0.188976 0.0741762
v -0.0766201 0.18241 0.0724727
v -0.0812598 0.197027 0.0700254
v -0.0807631 0.190457 0.068323
v -0.0796798 0.184036 0.0664197
v -0.0805638 0.179469 0.0581438
v -0.0777779 0.177806 0.0643391
v -0.078256 0.173373 0.0560431
v -0.0779272 0.20881 0.0788486
v -0.0774535 0.21553 0.080019
v -0.0813674 0.223577 0.0760829
v -0.0818615 0.216856 0.0749187
v -0.0818453 0.210186 0.0733845
v -0.0799205 0.236896 0.0783227
v -0.080706 0.230253 0.0772148
v -0.0809347 0.264757 0.0775481
v -0.0817284 0.258114 0.076445
v -0.0825222 0.25147 0.0753419
v -0.0833159 0.244827 0.0742388
v -0.0819447 0.292618 0.0767754
v -0.0828135 0.285975 0.0757244
v -0.0836824 0.279331 0.0746733
v -0.0841692 0.238184 0.0731769
v -0.0860823 0.25941 0.0713575
v -0.0862015 0.293911 0.071705
v -0.0870107 0.287276 0.0705632
v -0.0878198 0.280641 0.0694214
v -0.0863688 0.315081 0.0690037
v -0.087632 0.30847 0.0681228
v -0.0888952 0.301859 0.0672419
v -0.0850866 0.321689 0.0698842
v -0.081152 0.320327 0.075136
v -0.0828292 0.313754 0.0745604
v -0.095268 0.304677 0.0558593
v -0.0884182 0.32306 0.0642623
v -0.0893047 0.316429 0.0631258
v -0.0904601 0.309809 0.0621893
v -0.0933529 0.317878 0.0580497
v -0.0974781 0.319352 0.0529326
v -0.0986021 0.312741 0.051925
v -0.0945157 0.311268 0.0570774
v -0.0841853 0.307166 0.0737272
v -0.091631 0.303192 0.0612608
v -0.08974 0.295229 0.0661085
v -0.0904032 0.288604 0.0648398
v -0.0885315 0.274007 0.0682246
v -0.0890762 0.267381 0.0669128
v -0.0896209 0.260754 0.0656009
v -0.0867138 0.252777 0.070119
v -0.0872585 0.246151 0.0688072
v -0.084896 0.231547 0.0720135
v -0.085361 0.300552 0.0727933
v -0.0845491 0.272688 0.0736212
v -0.0854086 0.266045 0.0725654
v -0.0689379 0.168568 0.0729347
v -0.0728097 0.169966 0.0677361
v -0.0706858 0.16001 0.0370981
v -0.068863 0.158571 0.042207
v -0.0986576 0.306188 0.0503125
v -0.102448 0.314227 0.0466365
v -0.0955533 0.265178 0.0464387
v -0.0721935 0.162368 0.0304993
v -0.0965845 0.266838 0.0398511
v -0.0756875 0.171669 0.062044
v -0.0734662 0.16364 0.0455287
v -0.0815244 0.178398 0.0362924
v -0.0852409 0.211641 0.0675308
v -0.0816184 0.203599 0.0717177
v -0.0852655 0.218286 0.0690958
v -0.0897659 0.227778 0.0580041
v -0.087395 0.226362 0.0642697
v -0.0850241 0.224947 0.0705354
v -0.0895623 0.22122 0.0564279
v -0.0871914 0.219804 0.0626935
v -0.0900454 0.247532 0.0626888
v -0.0899794 0.240941 0.0611308
v -0.0899133 0.23435 0.0595729
v -0.0875105 0.232942 0.0658343
v -0.0898641 0.254147 0.0641553
v -0.0875356 0.239537 0.0673771
v -0.0975603 0.268493 0.0332567
v -0.0962935 0.260191 0.0383091
v -0.0954466 0.258549 0.0449193
v -0.0984078 0.270111 0.0266547
v -0.0971408 0.261816 0.0317049
v -0.0914777 0.229237 0.051563
v -0.0923857 0.255545 0.0579275
v -0.0923295 0.248953 0.056374
v -0.0922957 0.26215 0.059431
v -0.0910362 0.281979 0.0635679
v -0.0976065 0.275116 0.0347686
v -0.0965753 0.273456 0.0413562
v -0.0955442 0.271796 0.0479438
v 0.0231896 -0.045204 0.0637348
v 0.0233285 -0.0387964 0.0639204
v 0.0167861 -0.0387447 0.0646674
v 0.0103827 -0.0322855 0.0655999
v 0.00384034 -0.0322338 0.0663468
v 0.0363632 -0.0389623 0.0628826
v 0.0298656 -0.0388547 0.0632218
v 0.0428587 -0.0390703 0.0625324
v 0.0364881 -0.0325278 0.0626046
v 0.0365875 -0.0260974 0.0621904
v 0.0300267 -0.0324155 0.0630533
v 0.03013 -0.0259851 0.0626225
v 0.0236855 -0.0258726 0.062997
v 0.0102562 -0.0386826 0.0652701
v 0.0302332 -0.0195547 0.0621916
v 0.0237888 -0.0194422 0.0625661
v 0.0235904 -0.0323079 0.063406
v 0.0296967 -0.0452942 0.0632416
v 0.0429611 -0.032643 0.0621188
v 0.0430636 -0.0262159 0.0617053
v 0.0431662 -0.0197887 0.0612918
v 0.0366873 -0.0196674 0.0617763
v 0.043278 -0.0133689 0.0607749
v 0.0368005 -0.0132487 0.0612456
v 0.0369345 -0.00684654 0.0604843
v 0.0305481 -0.0129149 0.0627641
v 0.0243792 -0.0125019 0.0646715
v 0.0181972 -0.012098 0.0665284
v 0.0306738 -0.00651911 0.061969
v 0.0244663 -0.00613261 0.0637283
v 0.0307353 -0.00016721 0.0609283
v 0.0120435 -0.0116898 0.0683722
v 0.0183039 -0.00572788 0.0655586
v 0.0121733 -0.00531032 0.0674387
v 0.0245643 0.000234033 0.0627449
v 0.0184337 0.000651588 0.0646251
v 0.0123031 0.00106914 0.0665052
v 0.0308247 0.00619594 0.0599313
v 0.0246926 0.00661151 0.061805
v 0.0185087 0.006959 0.0634563
v 0.0123247 0.00730648 0.0651076
v 0.0307043 0.0122466 0.0579244
v 0.0245204 0.0125941 0.0595757
v 0.0370909 0.0121359 0.0573478
v 0.0434956 0.0120673 0.0568612
v 0.0371031 0.0184409 0.0560645
v 0.0306919 0.0184676 0.0565268
v 0.0434946 0.00574834 0.058029
v 0.0562624 0.00546781 0.0566045
v 0.0498829 0.00559963 0.0573455
v 0.0562415 0.0118003 0.0553848
v 0.0498629 0.0119335 0.0561296
v 0.0561826 0.018078 0.0540178
v 0.049804 0.0182113 0.0547626
v 0.049745 0.0244891 0.0533957
v 0.0496861 0.0307668 0.0520287
v 0.0434225 0.0183398 0.0555164
v 0.043362 0.024615 0.0541543
v 0.0433015 0.0308903 0.0527923
v 0.043214 0.0371624 0.0514282
v 0.0369005 0.0373488 0.0526052
v 0.0306593 0.0248022 0.0555802
v 0.0369406 0.0310058 0.0535839
v 0.0307437 0.0312513 0.0551845
v 0.0308281 0.0377004 0.0547887
v 0.024335 0.024946 0.0565781
v 0.024395 0.0313756 0.0560667
v 0.0179564 0.0314284 0.0565243
v 0.024455 0.0378052 0.0555554
v 0.0180164 0.037858 0.056013
v 0.0361844 -0.0453963 0.0627749
v 0.0495641 0.0432977 0.0495624
v 0.0431503 0.0434623 0.0503582
v 0.0496088 0.037037 0.0505996
v 0.0557869 0.0493806 0.047107
v 0.0686238 0.0366094 0.0474289
v 0.0622844 0.0367518 0.0484812
v 0.055945 0.0368942 0.0495334
v 0.0620938 0.0429759 0.0467741
v 0.0557543 0.0431182 0.0478264
v 0.0619031 0.0492 0.0450671
v 0.0810646 0.0425681 0.0429781
v 0.0747655 0.0427212 0.0445303
v 0.0684663 0.0428742 0.0460825
v 0.0683036 0.049135 0.0446761
v 0.0812986 0.0299655 0.0462026
v 0.0811827 0.0362678 0.0445855
v 0.0749088 0.0364432 0.0460239
v 0.0876883 0.0234863 0.0463819
v 0.0875708 0.02977 0.0447714
v 0.0874526 0.0360604 0.0431655
v 0.0873277 0.0424262 0.0416107
v 0.0814327 0.0237181 0.0479197
v 0.0750327 0.0301658 0.0476848
v 0.0751776 0.0239603 0.0495082
v 0.068838 0.024106 0.0506422
v 0.0687349 0.0303593 0.0490412
v 0.0623948 0.0305108 0.0501176
v 0.0689219 0.0178359 0.0521591
v 0.0625553 0.0179643 0.05312
v 0.0624962 0.024256 0.0517113
v 0.075377 0.0050091 0.0534064
v 0.0753307 0.0113507 0.052262
v 0.0689723 0.0115104 0.0533888
v 0.0626138 0.0116702 0.0545156
v 0.0816883 0.0048126 0.0520585
v 0.0816195 0.0111379 0.0507944
v 0.0877905 0.0172076 0.04788
v 0.0878653 0.010878 0.0491201
v 0.0880521 -0.00169269 0.052046
v 0.0880225 0.00472301 0.051247
v 0.0879567 -0.0081403 0.0525487
v 0.0817247 -0.0015295 0.0531974
v 0.0878671 -0.0145829 0.0530933
v 0.0816668 -0.00794507 0.0539678
v 0.0754004 -0.00772636 0.0555803
v 0.0753964 -0.00134916 0.0544784
v 0.0690211 -0.00119555 0.0555259
v 0.0626457 -0.00104195 0.0565733
v 0.0690228 -0.00756859 0.0566357
v 0.0626386 -0.00739912 0.0577133
v 0.056155 -0.0136407 0.0594206
v 0.068954 -0.0139729 0.0573621
v 0.0625537 -0.0138068 0.0583898
v 0.0623857 -0.0266441 0.0594802
v 0.0624755 -0.0202264 0.0589618
v 0.0560729 -0.0200599 0.059979
v 0.0688153 -0.0268154 0.0585829
v 0.0688833 -0.0203938 0.0579678
v 0.0815098 -0.0207978 0.0552256
v 0.0752159 -0.0205915 0.0566762
v 0.0749544 -0.0334846 0.0573038
v 0.081362 -0.0272502 0.055461
v 0.0751156 -0.0270277 0.0571297
v 0.0810772 -0.0401604 0.0559796
v 0.0874858 -0.0339258 0.0541416
v 0.0812192 -0.0337053 0.0557184
v 0.0876278 -0.0274708 0.0538805
v 0.0877698 -0.0210157 0.0536193
v 0.0748479 -0.0399244 0.0576451
v 0.0619595 -0.0459315 0.0601642
v 0.0684985 -0.0397157 0.0589309
v 0.0621255 -0.0395025 0.0600742
v 0.0555443 -0.0457791 0.0610283
v 0.0557123 -0.0393472 0.0609518
v 0.0492876 -0.0392083 0.0617538
v 0.0491112 -0.0456382 0.0616979
v 0.0423297 -0.0583239 0.0612882
v 0.0553673 -0.0521999 0.0606914
v 0.0489297 -0.0520591 0.0613306
v 0.0424921 -0.0519184 0.0619697
v 0.0421097 -0.0647257 0.0606702
v 0.055118 -0.0585997 0.0601059
v 0.0487478 -0.0584634 0.0606706
v 0.0608188 -0.071447 0.0573247
v 0.0544524 -0.0713131 0.0579196
v 0.0548454 -0.0649953 0.0595021
v 0.0484789 -0.0648614 0.060097
v 0.0604774 -0.0777596 0.0558134
v 0.0541795 -0.0776188 0.056503
v 0.0478816 -0.077478 0.0571926
v 0.04811 -0.0711767 0.0585478
v 0.0418121 -0.0710359 0.0592374
v 0.0415807 -0.07734 0.0578329
v 0.0352715 -0.0772096 0.0583408
v 0.0355126 -0.0709124 0.0598463
v 0.0290607 -0.0773054 0.0595466
v 0.0292162 -0.0709177 0.0605399
v 0.0228533 -0.0708529 0.060836
v 0.0357327 -0.0645944 0.0612258
v 0.0293616 -0.064527 0.06147
v 0.0164858 -0.0707863 0.0611141
v 0.0229821 -0.0644562 0.0616934
v 0.0294784 -0.058126 0.0622727
v 0.0230518 -0.058036 0.0623796
v 0.0231215 -0.0516157 0.0630658
v 0.0360307 -0.0518154 0.0624479
v 0.0295588 -0.0517095 0.062882
v 0.0165549 -0.0643878 0.0618639
v 0.016624 -0.0579906 0.0626173
v 0.0166874 -0.0515835 0.0633348
v 0.0167081 -0.0451014 0.0637803
v 0.0102392 -0.0515293 0.0634248
v 0.0038347 -0.0515412 0.0635269
v 0.0102789 -0.045076 0.0638755
v 0.00387439 -0.0450878 0.0639776
v -0.00256548 -0.0515451 0.0635743
v -0.00896251 -0.0515433 0.0635821
v -0.0153745 -0.0515437 0.0634136
v -0.0153646 -0.0451152 0.0638129
v -0.00880073 -0.0387621 0.0640207
v -0.0152924 -0.0387258 0.0639303
v -0.00867071 -0.032409 0.0638776
v -0.00893375 -0.0451137 0.0641813
v -0.00257122 -0.0322379 0.0662648
v -0.00253047 -0.0450996 0.0640828
v 0.00382469 -0.0386402 0.0652817
v -0.0025826 -0.0386522 0.0654101
v 0.0101416 -0.0643788 0.0620263
v 0.00374367 -0.0643761 0.0620251
v 0.0101977 -0.0579762 0.0629175
v 0.00379976 -0.0579735 0.0629163
v -0.00259817 -0.0579708 0.0629151
v -0.00899611 -0.0579682 0.0629139
v 0.0614917 -0.0587733 0.0593844
v 0.0617582 -0.0523606 0.0600086
v 0.0681047 -0.0525882 0.0587388
v 0.0746976 -0.0463445 0.0577068
v 0.0807066 -0.0530212 0.0559129
v 0.0744317 -0.0528087 0.0573921
v 0.086853 -0.0532413 0.0540321
v 0.0871183 -0.0468303 0.0544008
v 0.0803214 -0.0594293 0.0550822
v 0.0740532 -0.0592133 0.0565471
v 0.0677851 -0.0589973 0.0580121
v 0.0671103 -0.071626 0.0560259
v 0.073715 -0.0655351 0.0555621
v 0.0674441 -0.0653438 0.0570537
v 0.0611733 -0.0651524 0.0585453
v 0.073382 -0.0718329 0.0545895
v 0.0799868 -0.0657444 0.0541343
v 0.0683503 -0.0461291 0.0590149
v 0.080988 -0.0465807 0.0562632
v 0.0873564 -0.0403804 0.0544379
v 0.0686606 -0.0332703 0.0587864
v 0.0622904 -0.0330691 0.0599698
v 0.0562348 -0.00725357 0.0586356
v 0.0498163 -0.0071195 0.0593719
v 0.0498839 -0.000745136 0.0584678
v 0.043453 -0.00061403 0.058975
v 0.0370897 0.00589144 0.058578
v 0.0815968 -0.0143647 0.0546792
v 0.0753004 -0.0141593 0.05612
v 0.075267 0.0176763 0.0509944
v 0.0815403 0.0174487 0.049454
v 0.0869581 0.0485465 0.0392741
v 0.0807788 0.0487634 0.041194
v 0.0745995 0.0489802 0.0431139
v 0.0681295 0.0553897 0.0432347
v 0.0802737 0.054894 0.03901
v 0.0742367 0.055152 0.0411854
v 0.0426721 -0.0454985 0.0623082
v 0.0496441 -0.0199104 0.0608015
v 0.049531 -0.0263431 0.0611473
v 0.055976 -0.0264822 0.0604446
v 0.0560558 0.0306572 0.0511809
v 0.0561273 0.0243783 0.0526496
v 0.05627 -0.000890312 0.0576332
v 0.0690143 0.00516687 0.0545172
v 0.0626386 0.00531839 0.0555778
v 0.018416 0.01301 0.0614885
v 0.0125976 0.013672 0.0643425
v 0.0245683 0.018766 0.0580703
v 0.0187499 0.019428 0.0609242
v 0.049418 -0.0327758 0.061493
v 0.0497485 -0.0134936 0.0602784
v 0.0433828 -0.00698488 0.0599076
v 0.037017 -0.00047618 0.0595367
v 0.0558629 -0.0329149 0.0607903
f 4 21 12 1
f 12 7 6 1
f 6 11 2 1
f 2 3 4 1
f 11 13 8 2
f 8 16 3 2
f 5 10 4 3
f 16 17 5 3
f 10 28 21 4
f 9 15 10 5
f 17 14 9 5
f 7 24 19 6
f 19 18 11 6
f 12 22 23 7
f 23 37 24 7
f 13 25 39 8
f 39 38 16 8
f 35 44 15 9
f 14 42 35 9
f 15 45 28 10
f 18 34 13 11
f 21 29 22 12
f 34 40 25 13
f 17 58 26 14
f 26 43 42 14
f 44 53 45 15
f 38 58 17 16
f 19 20 41 18
f 41 69 34 18
f 24 32 20 19
f 32 31 27 20
f 27 51 41 20
f 28 46 29 21
f 29 63 55 22
f 55 47 23 22
f 47 48 37 23
f 37 30 32 24
f 40 50 33 25
f 33 59 39 25
f 58 72 52 26
f 52 62 43 26
f 31 76 54 27
f 54 79 51 27
f 45 56 46 28
f 46 84 63 29
f 37 48 57 30
f 57 66 36 30
f 36 31 32 30
f 36 75 76 31
f 50 49 60 33
f 60 88 59 33
f 69 68 40 34
f 74 73 44 35
f 42 61 74 35
f 66 87 75 36
f 39 59 67 38
f 67 72 58 38
f 68 107 50 40
f 51 70 69 41
f 43 71 61 42
f 62 90 71 43
f 73 81 53 44
f 53 80 56 45
f 56 85 84 46
f 55 82 83 47
f 83 78 48 47
f 78 64 57 48
f 50 107 120 49
f 79 108 70 51
f 81 98 80 53
f 76 77 101 54
f 101 115 79 54
f 63 102 82 55
f 80 92 85 56
f 64 65 66 57
f 88 106 67 59
f 121 139 88 60
f 89 100 74 61
f 71 122 89 61
f 84 117 102 63
f 78 104 103 64
f 103 93 65 64
f 93 86 95 65
f 95 87 66 65
f 106 109 72 67
f 69 70 97 68
f 97 129 107 68
f 108 140 97 70
f 99 111 81 73
f 74 100 99 73
f 87 96 91 75
f 91 77 76 75
f 91 112 113 77
f 113 114 101 77
f 83 116 104 78
f 115 123 108 79
f 98 110 92 80
f 111 131 98 81
f 102 133 124 82
f 124 116 83 82
f 85 118 117 84
f 92 135 118 85
f 93 119 127 86
f 127 128 105 86
f 105 94 95 86
f 95 94 96 87
f 130 141 100 89
f 122 150 130 89
f 96 132 112 91
f 110 125 135 92
f 103 126 119 93
f 105 138 148 94
f 148 132 96 94
f 131 151 110 98
f 153 152 111 99
f 100 141 153 99
f 114 142 115 101
f 117 134 133 102
f 104 136 126 103
f 116 143 136 104
f 128 149 138 105
f 123 175 140 108
f 151 177 125 110
f 152 200 131 111
f 132 178 160 112
f 160 154 113 112
f 154 155 114 113
f 155 193 142 114
f 142 192 123 115
f 124 156 143 116
f 118 144 134 117
f 135 146 144 118
f 126 137 157 119
f 157 158 127 119
f 133 161 156 124
f 177 203 145 125
f 145 146 135 125
f 136 147 137 126
f 158 169 128 127
f 169 159 149 128
f 176 191 141 130
f 200 214 151 131
f 148 171 178 132
f 134 179 161 133
f 144 181 179 134
f 143 163 147 136
f 147 165 184 137
f 184 168 157 137
f 149 172 170 138
f 170 171 148 138
f 156 164 163 143
f 146 162 181 144
f 203 227 194 145
f 194 162 146 145
f 163 166 165 147
f 159 173 172 149
f 214 226 177 151
f 160 215 201 154
f 201 174 155 154
f 161 183 164 156
f 168 189 158 157
f 189 197 169 158
f 169 197 198 159
f 198 211 173 159
f 178 240 215 160
f 179 180 183 161
f 194 202 204 162
f 204 182 181 162
f 164 186 166 163
f 183 188 186 164
f 166 167 185 165
f 185 195 184 165
f 186 187 167 166
f 187 217 205 167
f 205 218 185 167
f 184 195 219 168
f 219 221 189 168
f 172 210 234 170
f 234 235 171 170
f 235 240 178 171
f 173 209 210 172
f 211 223 209 173
f 226 283 203 177
f 181 182 180 179
f 182 216 207 180
f 207 188 183 180
f 204 229 216 182
f 218 244 195 185
f 188 196 187 186
f 196 220 217 187
f 207 231 196 188
f 221 222 197 189
f 213 253 239 190
f 239 238 199 190
f 227 281 202 194
f 244 243 219 195
f 231 232 220 196
f 222 236 198 197
f 236 265 211 198
f 215 268 269 201
f 281 282 256 202
f 256 229 204 202
f 283 317 227 203
f 217 241 206 205
f 206 230 218 205
f 241 259 242 206
f 242 260 230 206
f 216 228 231 207
f 243 248 233 208
f 233 262 249 208
f 249 222 221 208
f 221 219 243 208
f 223 264 278 209
f 278 277 210 209
f 277 307 234 210
f 265 266 223 211
f 252 315 255 212
f 255 254 253 213
f 267 284 226 214
f 240 285 268 215
f 229 257 228 216
f 220 246 241 217
f 230 245 244 218
f 232 261 246 220
f 249 250 236 222
f 266 292 264 223
f 284 330 283 226
f 317 318 281 227
f 257 286 273 228
f 273 232 231 228
f 256 287 257 229
f 260 271 245 230
f 273 274 261 232
f 248 263 291 233
f 291 305 262 233
f 307 319 235 234
f 319 285 240 235
f 250 323 265 236
f 239 312 311 238
f 253 295 312 239
f 246 247 259 241
f 259 289 258 242
f 258 270 260 242
f 244 245 248 243
f 271 263 248 245
f 261 275 247 246
f 275 276 288 247
f 288 289 259 247
f 262 337 250 249
f 280 314 315 252
f 254 298 295 253
f 255 315 299 254
f 299 297 298 254
f 282 329 287 256
f 287 301 286 257
f 289 303 320 258
f 320 332 270 258
f 270 272 271 260
f 274 290 275 261
f 271 272 306 263
f 306 321 291 263
f 336 335 278 264
f 323 308 266 265
f 308 322 292 266
f 332 333 272 270
f 286 300 274 273
f 300 331 290 274
f 290 302 276 275
f 302 293 309 276
f 309 304 288 276
f 294 316 314 280
f 330 343 317 283
f 328 237 330 284
f 301 338 300 286
f 329 225 301 287
f 304 303 289 288
f 331 334 302 290
f 310 327 316 294
f 298 339 325 295
f 325 279 312 295
f 297 299 313 296
f 313 326 340 296
f 341 339 298 297
f 315 314 313 299
f 338 324 331 300
f 334 224 293 302
f 314 316 326 313
f 327 342 326 316
f 342 251 340 326
f 352 643 1200 646
f 346 644 1200 643
f 349 645 1200 644
f 344 646 1200 645
f 349 647 1201 645
f 359 648 1201 647
f 347 649 1201 648
f 344 645 1201 649
f 347 650 1202 649
f 350 651 1202 650
f 345 652 1202 651
f 344 649 1202 652
f 345 653 1203 652
f 351 654 1203 653
f 352 646 1203 654
f 344 652 1203 646
f 350 655 1204 651
f 354 656 1204 655
f 348 657 1204 656
f 345 651 1204 657
f 348 658 1205 657
f 355 659 1205 658
f 351 653 1205 659
f 345 657 1205 653
f 360 660 1206 663
f 362 661 1206 660
f 356 662 1206 661
f 346 663 1206 662
f 356 664 1207 662
f 358 665 1207 664
f 349 644 1207 665
f 346 662 1207 644
f 352 666 1208 643
f 361 667 1208 666
f 360 663 1208 667
f 346 643 1208 663
f 359 668 1209 648
f 368 669 1209 668
f 357 670 1209 669
f 347 648 1209 670
f 357 671 1210 670
f 353 672 1210 671
f 350 650 1210 672
f 347 670 1210 650
f 354 673 1211 656
f 366 674 1211 673
f 365 675 1211 674
f 348 656 1211 675
f 365 676 1212 675
f 376 677 1212 676
f 355 658 1212 677
f 348 675 1212 658
f 358 678 1213 665
f 369 679 1213 678
f 359 647 1213 679
f 349 665 1213 647
f 353 680 1214 672
f 363 681 1214 680
f 354 655 1214 681
f 350 672 1214 655
f 364 682 1215 683
f 361 666 1215 682
f 352 654 1215 666
f 351 683 1215 654
f 355 684 1216 659
f 380 685 1216 684
f 364 683 1216 685
f 351 659 1216 683
f 357 686 1217 671
f 379 687 1217 686
f 372 688 1217 687
f 353 671 1217 688
f 372 689 1218 688
f 371 690 1218 689
f 363 680 1218 690
f 353 688 1218 680
f 363 691 1219 681
f 382 692 1219 691
f 366 673 1219 692
f 354 681 1219 673
f 376 693 1220 677
f 391 694 1220 693
f 380 684 1220 694
f 355 677 1220 684
f 362 695 1221 661
f 388 696 1221 695
f 377 697 1221 696
f 356 661 1221 697
f 377 698 1222 697
f 392 699 1222 698
f 358 664 1222 699
f 356 697 1222 664
f 368 700 1223 669
f 378 701 1223 700
f 379 686 1223 701
f 357 669 1223 686
f 392 702 1224 699
f 397 703 1224 702
f 369 678 1224 703
f 358 699 1224 678
f 369 704 1225 679
f 386 705 1225 704
f 368 668 1225 705
f 359 679 1225 668
f 370 706 1226 708
f 367 707 1226 706
f 362 660 1226 707
f 360 708 1226 660
f 361 709 1227 667
f 373 710 1227 709
f 370 708 1227 710
f 360 667 1227 708
f 364 711 1228 682
f 374 712 1228 711
f 373 709 1228 712
f 361 682 1228 709
f 367 713 1229 707
f 387 714 1229 713
f 388 695 1229 714
f 362 707 1229 695
f 371 715 1230 690
f 389 716 1230 715
f 382 691 1230 716
f 363 690 1230 691
f 380 717 1231 685
f 381 718 1231 717
f 374 711 1231 718
f 364 685 1231 711
f 366 719 1232 674
f 375 720 1232 719
f 383 721 1232 720
f 365 674 1232 721
f 383 722 1233 721
f 385 723 1233 722
f 376 676 1233 723
f 365 721 1233 676
f 382 724 1234 692
f 415 725 1234 724
f 375 719 1234 725
f 366 692 1234 719
f 386 726 1235 705
f 398 727 1235 726
f 378 700 1235 727
f 368 705 1235 700
f 397 728 1236 703
f 409 729 1236 728
f 386 704 1236 729
f 369 703 1236 704
f 372 730 1237 689
f 401 731 1237 730
f 402 732 1237 731
f 371 689 1237 732
f 402 733 1238 732
f 414 734 1238 733
f 389 715 1238 734
f 371 732 1238 715
f 379 735 1239 687
f 411 736 1239 735
f 401 730 1239 736
f 372 687 1239 730
f 381 737 1240 718
f 413 738 1240 737
f 403 739 1240 738
f 374 718 1240 739
f 415 740 1241 725
f 407 741 1241 740
f 384 742 1241 741
f 375 725 1241 742
f 384 743 1242 742
f 390 744 1242 743
f 383 720 1242 744
f 375 742 1242 720
f 385 745 1243 723
f 395 746 1243 745
f 391 693 1243 746
f 376 723 1243 693
f 388 747 1244 696
f 424 748 1244 747
f 410 749 1244 748
f 377 696 1244 749
f 410 750 1245 749
f 422 751 1245 750
f 392 698 1245 751
f 377 749 1245 698
f 398 752 1246 727
f 436 753 1246 752
f 400 754 1246 753
f 378 727 1246 754
f 400 755 1247 754
f 411 735 1247 755
f 379 701 1247 735
f 378 754 1247 701
f 391 756 1248 694
f 396 757 1248 756
f 381 717 1248 757
f 380 694 1248 717
f 396 758 1249 757
f 420 759 1249 758
f 413 737 1249 759
f 381 757 1249 737
f 389 760 1250 716
f 416 761 1250 760
f 415 724 1250 761
f 382 716 1250 724
f 390 762 1251 744
f 404 763 1251 762
f 385 722 1251 763
f 383 744 1251 722
f 407 764 1252 741
f 406 765 1252 764
f 393 766 1252 765
f 384 741 1252 766
f 393 767 1253 766
f 394 768 1253 767
f 390 743 1253 768
f 384 766 1253 743
f 404 769 1254 763
f 408 770 1254 769
f 395 745 1254 770
f 385 763 1254 745
f 409 771 1255 729
f 458 772 1255 771
f 398 726 1255 772
f 386 729 1255 726
f 399 773 1256 774
f 424 747 1256 773
f 388 714 1256 747
f 387 774 1256 714
f 414 775 1257 734
f 451 776 1257 775
f 416 760 1257 776
f 389 734 1257 760
f 394 777 1258 768
f 427 778 1258 777
f 404 762 1258 778
f 390 768 1258 762
f 395 779 1259 746
f 432 780 1259 779
f 396 756 1259 780
f 391 746 1259 756
f 422 781 1260 751
f 421 782 1260 781
f 397 702 1260 782
f 392 751 1260 702
f 406 783 1261 765
f 429 784 1261 783
f 417 785 1261 784
f 393 765 1261 785
f 417 786 1262 785
f 405 787 1262 786
f 394 767 1262 787
f 393 785 1262 767
f 405 788 1263 787
f 443 789 1263 788
f 427 777 1263 789
f 394 787 1263 777
f 408 790 1264 770
f 430 791 1264 790
f 432 779 1264 791
f 395 770 1264 779
f 432 792 1265 780
f 457 793 1265 792
f 420 758 1265 793
f 396 780 1265 758
f 421 794 1266 782
f 433 795 1266 794
f 409 728 1266 795
f 397 782 1266 728
f 458 796 1267 772
f 473 797 1267 796
f 436 752 1267 797
f 398 772 1267 752
f 637 798 1268 800
f 435 799 1268 798
f 424 773 1268 799
f 399 800 1268 773
f 436 801 1269 753
f 460 802 1269 801
f 449 803 1269 802
f 400 753 1269 803
f 449 804 1270 803
f 462 805 1270 804
f 411 755 1270 805
f 400 803 1270 755
f 411 805 1271 736
f 462 806 1271 805
f 425 807 1271 806
f 401 736 1271 807
f 425 808 1272 807
f 412 809 1272 808
f 402 731 1272 809
f 401 807 1272 731
f 412 810 1273 809
f 463 811 1273 810
f 414 733 1273 811
f 402 809 1273 733
f 427 812 1274 778
f 418 813 1274 812
f 408 769 1274 813
f 404 778 1274 769
f 417 814 1275 786
f 426 815 1275 814
f 428 816 1275 815
f 405 786 1275 816
f 428 817 1276 816
f 442 818 1276 817
f 443 788 1276 818
f 405 816 1276 788
f 407 819 1277 764
f 438 820 1277 819
f 437 821 1277 820
f 406 764 1277 821
f 437 822 1278 821
f 452 823 1278 822
f 429 783 1278 823
f 406 821 1278 783
f 415 761 1279 740
f 416 824 1279 761
f 438 819 1279 824
f 407 740 1279 819
f 418 825 1280 813
f 419 826 1280 825
f 430 790 1280 826
f 408 813 1280 790
f 433 827 1281 795
f 470 828 1281 827
f 458 771 1281 828
f 409 795 1281 771
f 424 799 1282 748
f 435 829 1282 799
f 423 830 1282 829
f 410 748 1282 830
f 423 831 1283 830
f 448 832 1283 831
f 422 750 1283 832
f 410 830 1283 750
f 425 833 1284 808
f 461 834 1284 833
f 450 835 1284 834
f 412 808 1284 835
f 450 836 1285 835
f 490 837 1285 836
f 463 810 1285 837
f 412 835 1285 810
f 463 838 1286 811
f 474 839 1286 838
f 451 775 1286 839
f 414 811 1286 775
f 451 840 1287 776
f 465 841 1287 840
f 438 824 1287 841
f 416 776 1287 824
f 429 842 1288 784
f 445 843 1288 842
f 426 814 1288 843
f 417 784 1288 814
f 427 789 1289 812
f 443 844 1289 789
f 440 845 1289 844
f 418 812 1289 845
f 440 846 1290 845
f 431 847 1290 846
f 419 825 1290 847
f 418 845 1290 825
f 422 832 1291 781
f 448 848 1291 832
f 459 849 1291 848
f 421 781 1291 849
f 459 850 1292 849
f 471 851 1292 850
f 433 794 1292 851
f 421 849 1292 794
f 435 852 1293 829
f 447 853 1293 852
f 434 854 1293 853
f 423 829 1293 854
f 434 855 1294 854
f 486 856 1294 855
f 448 831 1294 856
f 423 854 1294 831
f 462 857 1295 806
f 489 858 1295 857
f 461 833 1295 858
f 425 806 1295 833
f 445 859 1296 843
f 439 860 1296 859
f 455 861 1296 860
f 426 843 1296 861
f 455 862 1297 861
f 441 863 1297 862
f 428 815 1297 863
f 426 861 1297 815
f 441 864 1298 863
f 468 865 1298 864
f 442 817 1298 865
f 428 863 1298 817
f 452 866 1299 823
f 444 867 1299 866
f 445 842 1299 867
f 429 823 1299 842
f 440 868 1300 846
f 456 869 1300 868
f 446 870 1300 869
f 431 846 1300 870
f 471 871 1301 851
f 485 872 1301 871
f 470 827 1301 872
f 433 851 1301 827
f 447 873 1302 853
f 487 874 1302 873
f 472 875 1302 874
f 434 853 1302 875
f 472 876 1303 875
f 511 877 1303 876
f 486 855 1303 877
f 434 875 1303 855
f 473 878 1304 797
f 499 879 1304 878
f 460 801 1304 879
f 436 797 1304 801
f 438 841 1305 820
f 465 880 1305 841
f 464 881 1305 880
f 437 820 1305 881
f 464 882 1306 881
f 466 883 1306 882
f 452 822 1306 883
f 437 881 1306 822
f 445 867 1307 859
f 444 884 1307 867
f 481 885 1307 884
f 439 859 1307 885
f 481 886 1308 885
f 469 887 1308 886
f 453 888 1308 887
f 439 885 1308 888
f 453 889 1309 888
f 454 890 1309 889
f 455 860 1309 890
f 439 888 1309 860
f 443 818 1310 844
f 442 891 1310 818
f 456 868 1310 891
f 440 844 1310 868
f 455 890 1311 862
f 454 892 1311 890
f 467 893 1311 892
f 441 862 1311 893
f 467 894 1312 893
f 492 895 1312 894
f 468 864 1312 895
f 441 893 1312 864
f 468 896 1313 865
f 479 897 1313 896
f 456 891 1313 897
f 442 865 1313 891
f 452 883 1314 866
f 466 898 1314 883
f 480 899 1314 898
f 444 866 1314 899
f 480 900 1315 899
f 495 901 1315 900
f 481 884 1315 901
f 444 899 1315 884
f 456 897 1316 869
f 479 902 1316 897
f 484 903 1316 902
f 446 869 1316 903
f 486 904 1317 856
f 498 905 1317 904
f 459 848 1317 905
f 448 856 1317 848
f 460 906 1318 802
f 514 907 1318 906
f 501 908 1318 907
f 449 802 1318 908
f 501 909 1319 908
f 489 857 1319 909
f 462 804 1319 857
f 449 908 1319 804
f 461 910 1320 834
f 488 911 1320 910
f 500 912 1320 911
f 450 834 1320 912
f 500 913 1321 912
f 516 914 1321 913
f 490 836 1321 914
f 450 912 1321 836
f 474 915 1322 839
f 476 916 1322 915
f 465 840 1322 916
f 451 839 1322 840
f 469 917 1323 887
f 482 918 1323 917
f 477 919 1323 918
f 453 887 1323 919
f 477 920 1324 919
f 491 921 1324 920
f 454 889 1324 921
f 453 919 1324 889
f 491 922 1325 921
f 478 923 1325 922
f 467 892 1325 923
f 454 921 1325 892
f 470 924 1326 828
f 496 925 1326 924
f 473 796 1326 925
f 458 828 1326 796
f 498 926 1327 905
f 497 927 1327 926
f 471 850 1327 927
f 459 905 1327 850
f 499 928 1328 879
f 535 929 1328 928
f 514 906 1328 929
f 460 879 1328 906
f 489 930 1329 858
f 524 931 1329 930
f 488 910 1329 931
f 461 858 1329 910
f 490 932 1330 837
f 517 933 1330 932
f 474 838 1330 933
f 463 837 1330 838
f 465 916 1331 880
f 476 934 1331 916
f 475 935 1331 934
f 464 880 1331 935
f 475 936 1332 935
f 504 937 1332 936
f 466 882 1332 937
f 464 935 1332 882
f 504 938 1333 937
f 503 939 1333 938
f 480 898 1333 939
f 466 937 1333 898
f 478 940 1334 923
f 493 941 1334 940
f 492 894 1334 941
f 467 923 1334 894
f 492 942 1335 895
f 494 943 1335 942
f 479 896 1335 943
f 468 895 1335 896
f 481 901 1336 886
f 495 944 1336 901
f 508 945 1336 944
f 469 886 1336 945
f 508 946 1337 945
f 531 947 1337 946
f 482 917 1337 947
f 469 945 1337 917
f 485 948 1338 872
f 510 949 1338 948
f 496 924 1338 949
f 470 872 1338 924
f 497 950 1339 927
f 522 951 1339 950
f 485 871 1339 951
f 471 927 1339 871
f 513 952 1340 954
f 512 953 1340 952
f 511 876 1340 953
f 472 954 1340 876
f 496 955 1341 925
f 534 956 1341 955
f 499 878 1341 956
f 473 925 1341 878
f 517 957 1342 933
f 502 958 1342 957
f 476 915 1342 958
f 474 933 1342 915
f 476 958 1343 934
f 502 959 1343 958
f 518 960 1343 959
f 475 934 1343 960
f 518 961 1344 960
f 540 962 1344 961
f 504 936 1344 962
f 475 960 1344 936
f 482 963 1345 918
f 509 964 1345 963
f 528 965 1345 964
f 477 918 1345 965
f 528 966 1346 965
f 529 967 1346 966
f 491 920 1346 967
f 477 965 1346 920
f 491 967 1347 922
f 529 968 1347 967
f 505 969 1347 968
f 478 922 1347 969
f 505 970 1348 969
f 506 971 1348 970
f 493 940 1348 971
f 478 969 1348 940
f 494 972 1349 943
f 483 973 1349 972
f 484 902 1349 973
f 479 943 1349 902
f 503 974 1350 939
f 527 975 1350 974
f 495 900 1350 975
f 480 939 1350 900
f 531 976 1351 947
f 519 977 1351 976
f 509 963 1351 977
f 482 947 1351 963
f 522 978 1352 951
f 521 979 1352 978
f 510 948 1352 979
f 485 951 1352 948
f 511 980 1353 877
f 533 981 1353 980
f 498 904 1353 981
f 486 877 1353 904
f 524 982 1354 931
f 538 983 1354 982
f 539 984 1354 983
f 488 931 1354 984
f 539 985 1355 984
f 547 986 1355 985
f 500 911 1355 986
f 488 984 1355 911
f 501 987 1356 909
f 525 988 1356 987
f 524 930 1356 988
f 489 909 1356 930
f 516 989 1357 914
f 515 990 1357 989
f 517 932 1357 990
f 490 914 1357 932
f 493 991 1358 941
f 507 992 1358 991
f 494 942 1358 992
f 492 941 1358 942
f 506 993 1359 971
f 520 994 1359 993
f 507 991 1359 994
f 493 971 1359 991
f 527 995 1360 975
f 526 996 1360 995
f 508 944 1360 996
f 495 975 1360 944
f 510 997 1361 949
f 544 998 1361 997
f 534 955 1361 998
f 496 949 1361 955
f 498 981 1362 926
f 533 999 1362 981
f 523 1000 1362 999
f 497 926 1362 1000
f 523 1001 1363 1000
f 532 1002 1363 1001
f 522 950 1363 1002
f 497 1000 1363 950
f 534 1003 1364 956
f 554 1004 1364 1003
f 535 928 1364 1004
f 499 956 1364 928
f 547 1005 1365 986
f 557 1006 1365 1005
f 516 913 1365 1006
f 500 986 1365 913
f 514 1007 1366 907
f 546 1008 1366 1007
f 525 987 1366 1008
f 501 907 1366 987
f 517 990 1367 957
f 515 1009 1367 990
f 549 1010 1367 1009
f 502 957 1367 1010
f 549 1011 1368 1010
f 559 1012 1368 1011
f 518 959 1368 1012
f 502 1010 1368 959
f 504 962 1369 938
f 540 1013 1369 962
f 550 1014 1369 1013
f 503 938 1369 1014
f 550 1015 1370 1014
f 560 1016 1370 1015
f 527 974 1370 1016
f 503 1014 1370 974
f 529 1017 1371 968
f 542 1018 1371 1017
f 530 1019 1371 1018
f 505 968 1371 1019
f 530 1020 1372 1019
f 543 1021 1372 1020
f 506 970 1372 1021
f 505 1019 1372 970
f 526 1022 1373 996
f 541 1023 1373 1022
f 531 946 1373 1023
f 508 996 1373 946
f 519 1024 1374 977
f 561 1025 1374 1024
f 551 1026 1374 1025
f 509 977 1374 1026
f 551 1027 1375 1026
f 552 1028 1375 1027
f 528 964 1375 1028
f 509 1026 1375 964
f 521 1029 1376 979
f 536 1030 1376 1029
f 544 997 1376 1030
f 510 979 1376 997
f 512 1031 1377 953
f 537 1032 1377 1031
f 533 980 1377 1032
f 511 953 1377 980
f 535 1033 1378 929
f 555 1034 1378 1033
f 546 1007 1378 1034
f 514 929 1378 1007
f 516 1006 1379 989
f 557 1035 1379 1006
f 558 1036 1379 1035
f 515 989 1379 1036
f 558 1037 1380 1036
f 548 1038 1380 1037
f 549 1009 1380 1038
f 515 1036 1380 1009
f 559 1039 1381 1012
f 579 1040 1381 1039
f 540 961 1381 1040
f 518 1012 1381 961
f 531 1023 1382 976
f 541 1041 1382 1023
f 566 1042 1382 1041
f 519 976 1382 1042
f 566 1043 1383 1042
f 581 1044 1383 1043
f 561 1024 1383 1044
f 519 1042 1383 1024
f 522 1002 1384 978
f 532 1045 1384 1002
f 545 1046 1384 1045
f 521 978 1384 1046
f 545 1047 1385 1046
f 553 1048 1385 1047
f 536 1029 1385 1048
f 521 1046 1385 1029
f 533 1032 1386 999
f 537 1049 1386 1032
f 563 1050 1386 1049
f 523 999 1386 1050
f 563 1051 1387 1050
f 564 1052 1387 1051
f 532 1001 1387 1052
f 523 1050 1387 1001
f 525 1053 1388 988
f 556 1054 1388 1053
f 538 982 1388 1054
f 524 988 1388 982
f 546 1055 1389 1008
f 573 1056 1389 1055
f 556 1053 1389 1056
f 525 1008 1389 1053
f 527 1016 1390 995
f 560 1057 1390 1016
f 567 1058 1390 1057
f 526 995 1390 1058
f 567 1059 1391 1058
f 576 1060 1391 1059
f 541 1022 1391 1060
f 526 1058 1391 1022
f 552 1061 1392 1028
f 542 1017 1392 1061
f 529 966 1392 1017
f 528 1028 1392 966
f 542 1062 1393 1018
f 568 1063 1393 1062
f 569 1064 1393 1063
f 530 1018 1393 1064
f 564 1065 1394 1052
f 571 1066 1394 1065
f 545 1045 1394 1066
f 532 1052 1394 1045
f 544 1067 1395 998
f 562 1068 1395 1067
f 554 1003 1395 1068
f 534 998 1395 1003
f 554 1069 1396 1004
f 572 1070 1396 1069
f 555 1033 1396 1070
f 535 1004 1396 1033
f 553 1071 1397 1048
f 585 1072 1397 1071
f 570 1073 1397 1072
f 536 1048 1397 1073
f 570 1074 1398 1073
f 562 1067 1398 1074
f 544 1030 1398 1067
f 536 1073 1398 1030
f 556 1075 1399 1054
f 587 1076 1399 1075
f 577 1077 1399 1076
f 538 1054 1399 1077
f 577 1078 1400 1077
f 574 1079 1400 1078
f 539 983 1400 1079
f 538 1077 1400 983
f 574 1080 1401 1079
f 588 1081 1401 1080
f 547 985 1401 1081
f 539 1079 1401 985
f 579 1082 1402 1040
f 591 1083 1402 1082
f 550 1013 1402 1083
f 540 1040 1402 1013
f 576 1084 1403 1060
f 592 1085 1403 1084
f 566 1041 1403 1085
f 541 1060 1403 1041
f 552 1086 1404 1061
f 593 1087 1404 1086
f 568 1062 1404 1087
f 542 1061 1404 1062
f 571 1088 1405 1066
f 584 1089 1405 1088
f 553 1047 1405 1089
f 545 1066 1405 1047
f 555 1090 1406 1034
f 565 1091 1406 1090
f 573 1055 1406 1091
f 546 1034 1406 1055
f 588 1092 1407 1081
f 589 1093 1407 1092
f 557 1005 1407 1093
f 547 1081 1407 1005
f 558 1094 1408 1037
f 602 1095 1408 1094
f 603 1096 1408 1095
f 548 1037 1408 1096
f 603 1097 1409 1096
f 610 1098 1409 1097
f 575 1099 1409 1098
f 548 1096 1409 1099
f 575 1100 1410 1099
f 559 1011 1410 1100
f 549 1038 1410 1011
f 548 1099 1410 1038
f 591 1101 1411 1083
f 580 1102 1411 1101
f 560 1015 1411 1102
f 550 1083 1411 1015
f 561 1103 1412 1025
f 594 1104 1412 1103
f 599 1105 1412 1104
f 551 1025 1412 1105
f 599 1106 1413 1105
f 593 1086 1413 1106
f 552 1027 1413 1086
f 551 1105 1413 1027
f 584 1107 1414 1089
f 608 1108 1414 1107
f 585 1071 1414 1108
f 553 1089 1414 1071
f 562 1109 1415 1068
f 583 1110 1415 1109
f 572 1069 1415 1110
f 554 1068 1415 1069
f 572 1111 1416 1070
f 596 1112 1416 1111
f 565 1090 1416 1112
f 555 1070 1416 1090
f 573 1113 1417 1056
f 595 1114 1417 1113
f 587 1075 1417 1114
f 556 1056 1417 1075
f 589 1115 1418 1093
f 602 1094 1418 1115
f 558 1035 1418 1094
f 557 1093 1418 1035
f 575 1116 1419 1100
f 578 1117 1419 1116
f 579 1039 1419 1117
f 559 1100 1419 1039
f 580 1118 1420 1102
f 604 1119 1420 1118
f 567 1057 1420 1119
f 560 1102 1420 1057
f 581 1120 1421 1044
f 606 1121 1421 1120
f 594 1103 1421 1121
f 561 1044 1421 1103
f 570 1122 1422 1074
f 582 1123 1422 1122
f 583 1109 1422 1123
f 562 1074 1422 1109
f 596 1124 1423 1112
f 616 1125 1423 1124
f 586 1126 1423 1125
f 565 1112 1423 1126
f 586 1127 1424 1126
f 595 1113 1424 1127
f 573 1091 1424 1113
f 565 1126 1424 1091
f 592 1128 1425 1085
f 620 1129 1425 1128
f 581 1043 1425 1129
f 566 1085 1425 1043
f 604 1130 1426 1119
f 612 1131 1426 1130
f 576 1059 1426 1131
f 567 1119 1426 1059
f 593 1132 1427 1087
f 613 1133 1427 1132
f 605 1134 1427 1133
f 568 1087 1427 1134
f 585 1135 1428 1072
f 607 1136 1428 1135
f 582 1122 1428 1136
f 570 1072 1428 1122
f 583 1137 1429 1110
f 600 1138 1429 1137
f 596 1111 1429 1138
f 572 1110 1429 1111
f 577 1139 1430 1078
f 597 1140 1430 1139
f 618 1141 1430 1140
f 574 1078 1430 1141
f 618 1142 1431 1141
f 619 1143 1431 1142
f 588 1080 1431 1143
f 574 1141 1431 1080
f 610 1144 1432 1098
f 628 1145 1432 1144
f 578 1116 1432 1145
f 575 1098 1432 1116
f 612 1146 1433 1131
f 621 1147 1433 1146
f 592 1084 1433 1147
f 576 1131 1433 1084
f 587 1148 1434 1076
f 601 1149 1434 1148
f 597 1139 1434 1149
f 577 1076 1434 1139
f 590 1150 1435 1151
f 591 1082 1435 1150
f 579 1117 1435 1082
f 578 1151 1435 1117
f 591 1150 1436 1101
f 590 1152 1436 1150
f 598 1153 1436 1152
f 580 1101 1436 1153
f 598 1154 1437 1153
f 611 1155 1437 1154
f 604 1118 1437 1155
f 580 1153 1437 1118
f 607 1156 1438 1136
f 629 1157 1438 1156
f 614 1158 1438 1157
f 582 1136 1438 1158
f 614 1159 1439 1158
f 600 1137 1439 1159
f 583 1123 1439 1137
f 582 1158 1439 1123
f 608 1160 1440 1108
f 625 1161 1440 1160
f 607 1135 1440 1161
f 585 1108 1440 1135
f 616 1162 1441 1125
f 630 1163 1441 1162
f 626 1164 1441 1163
f 586 1125 1441 1164
f 626 1165 1442 1164
f 615 1166 1442 1165
f 595 1127 1442 1166
f 586 1164 1442 1127
f 595 1166 1443 1114
f 615 1167 1443 1166
f 601 1148 1443 1167
f 587 1114 1443 1148
f 619 1168 1444 1143
f 633 1169 1444 1168
f 589 1092 1444 1169
f 588 1143 1444 1092
f 633 1170 1445 1169
f 634 1171 1445 1170
f 602 1115 1445 1171
f 589 1169 1445 1115
f 599 1172 1446 1106
f 623 1173 1446 1172
f 613 1132 1446 1173
f 593 1106 1446 1132
f 606 1174 1447 1121
f 635 1175 1447 1174
f 622 1176 1447 1175
f 594 1121 1447 1176
f 622 1177 1448 1176
f 623 1172 1448 1177
f 599 1104 1448 1172
f 594 1176 1448 1104
f 600 1178 1449 1138
f 617 1179 1449 1178
f 616 1124 1449 1179
f 596 1138 1449 1124
f 601 1180 1450 1149
f 609 1181 1450 1180
f 627 1182 1450 1181
f 597 1149 1450 1182
f 627 1183 1451 1182
f 642 1184 1451 1183
f 618 1140 1451 1184
f 597 1182 1451 1140
f 614 1185 1452 1159
f 624 1186 1452 1185
f 617 1178 1452 1186
f 600 1159 1452 1178
f 615 1187 1453 1167
f 631 1188 1453 1187
f 609 1180 1453 1188
f 601 1167 1453 1180
f 611 1189 1454 1155
f 636 1190 1454 1189
f 612 1130 1454 1190
f 604 1155 1454 1130
f 631 1191 1455 1188
f 640 1192 1455 1191
f 639 1193 1455 1192
f 609 1188 1455 1193
f 639 1194 1456 1193
f 632 1195 1456 1194
f 627 1181 1456 1195
f 609 1193 1456 1181
f 629 1196 1457 1157
f 638 1197 1457 1196
f 624 1185 1457 1197
f 614 1157 1457 1185
f 626 1198 1458 1165
f 641 1199 1458 1198
f 631 1187 1458 1199
f 615 1165 1458 1187
f 1462 1479 1486 1459
f 1486 1493 1465 1459
f 1465 1461 1463 1459
f 1463 1466 1462 1459
f 1464 1471 1473 1460
f 1473 1479 1462 1460
f 1462 1466 1481 1460
f 1481 1474 1464 1460
f 1465 1470 1468 1461
f 1498 1514 1463 1461
f 1514 1505 1466 1463
f 1469 1467 1471 1464
f 1474 1482 1469 1464
f 1493 1485 1470 1465
f 1476 1475 1487 1467
f 1487 1484 1471 1467
f 1469 1477 1476 1467
f 1470 1480 1472 1468
f 1482 1494 1477 1469
f 1485 1497 1480 1470
f 1484 1492 1473 1471
f 1480 1496 1491 1472
f 1492 1503 1479 1473
f 1483 1677 1499 1475
f 1499 1506 1487 1475
f 1476 1490 1483 1475
f 1477 1478 1490 1476
f 1495 1500 1490 1478
f 1503 1512 1486 1479
f 1497 1504 1496 1480
f 1488 1515 1677 1483
f 1490 1500 1488 1483
f 1487 1506 1511 1484
f 1511 1513 1492 1484
f 1493 1523 1522 1485
f 1522 1530 1497 1485
f 1512 1523 1493 1486
f 1489 1516 1515 1488
f 1500 1507 1489 1488
f 1508 1531 1516 1489
f 1507 1533 1508 1489
f 1496 1502 1510 1491
f 1513 1521 1503 1492
f 1501 1507 1500 1495
f 1504 1541 1502 1496
f 1530 1529 1504 1497
f 1677 1515 1517 1499
f 1517 1519 1506 1499
f 1509 1533 1507 1501
f 1541 1546 1518 1502
f 1518 1526 1510 1502
f 1521 1520 1512 1503
f 1529 1540 1541 1504
f 1519 1537 1511 1506
f 1524 1542 1531 1508
f 1533 1536 1524 1508
f 1525 1536 1533 1509
f 1537 1551 1513 1511
f 1520 1528 1523 1512
f 1551 1548 1521 1513
f 1516 1532 1517 1515
f 1531 1544 1532 1516
f 1532 1553 1519 1517
f 1546 1574 1527 1518
f 1527 1559 1526 1518
f 1553 1566 1537 1519
f 1521 1548 1547 1520
f 1547 1562 1528 1520
f 1523 1528 1539 1522
f 1539 1538 1530 1522
f 1534 1543 1542 1524
f 1536 1535 1534 1524
f 1558 1535 1536 1525
f 1574 1603 1545 1527
f 1545 1619 1559 1527
f 1562 1561 1539 1528
f 1530 1538 1560 1529
f 1560 1569 1540 1529
f 1542 1556 1544 1531
f 1544 1554 1553 1532
f 1567 1550 1543 1534
f 1535 1557 1567 1534
f 1558 1582 1557 1535
f 1566 1565 1551 1537
f 1539 1561 1610 1538
f 1610 1570 1560 1538
f 1569 1590 1549 1540
f 1549 1546 1541 1540
f 1543 1564 1556 1542
f 1550 1576 1564 1543
f 1556 1555 1554 1544
f 1603 1584 1792 1545
f 1792 1657 1619 1545
f 1549 1573 1574 1546
f 1548 1598 1588 1547
f 1588 1571 1562 1547
f 1551 1565 1598 1548
f 1590 1572 1573 1549
f 1563 1575 1576 1550
f 1567 1568 1563 1550
f 1554 1555 1579 1552
f 1579 1600 1578 1552
f 1578 1565 1566 1552
f 1566 1553 1554 1552
f 1556 1564 1596 1555
f 1596 1594 1579 1555
f 1602 1568 1567 1557
f 1582 1581 1602 1557
f 1570 1606 1569 1560
f 1562 1571 1589 1561
f 1589 1611 1610 1561
f 1591 1593 1575 1563
f 1568 1580 1591 1563
f 1576 1577 1596 1564
f 1578 1599 1598 1565
f 1602 1601 1580 1568
f 1606 1604 1590 1569
f 1610 1611 1586 1570
f 1586 1585 1606 1570
f 1588 1597 1587 1571
f 1587 1609 1589 1571
f 1590 1604 1624 1572
f 1624 1641 1635 1572
f 1635 1620 1573 1572
f 1620 1603 1574 1573
f 1593 1613 1612 1575
f 1612 1577 1576 1575
f 1612 1615 1595 1577
f 1595 1594 1596 1577
f 1600 1617 1599 1578
f 1594 1614 1600 1579
f 1632 1789 1591 1580
f 1601 1633 1632 1580
f 1618 1601 1602 1581
f 1634 1697 1658 1583
f 1658 1723 1722 1583
f 1648 1584 1634 1583
f 1603 1620 1634 1584
f 1648 1657 1792 1584
f 1586 1621 1608 1585
f 1608 1607 1605 1585
f 1605 1604 1606 1585
f 1611 1622 1621 1586
f 1597 1616 1631 1587
f 1631 1630 1609 1587
f 1598 1599 1597 1588
f 1609 1622 1611 1589
f 1789 1592 1593 1591
f 1642 1626 1625 1592
f 1625 1613 1593 1592
f 1789 1632 1642 1592
f 1595 1629 1614 1594
f 1615 1646 1629 1595
f 1599 1617 1616 1597
f 1614 1628 1617 1600
f 1618 1656 1633 1601
f 1605 1636 1624 1604
f 1607 1659 1636 1605
f 1608 1638 1623 1607
f 1623 1649 1659 1607
f 1621 1655 1638 1608
f 1630 1647 1622 1609
f 1613 1644 1615 1612
f 1625 1651 1644 1613
f 1629 1645 1628 1614
f 1644 1653 1646 1615
f 1617 1628 1627 1616
f 1627 1690 1631 1616
f 1635 1697 1634 1620
f 1622 1647 1655 1621
f 1638 1639 1637 1623
f 1637 1660 1649 1623
f 1636 1650 1641 1624
f 1626 1666 1651 1625
f 1692 1709 1666 1626
f 1642 1694 1692 1626
f 1628 1645 1654 1627
f 1654 1676 1690 1627
f 1646 1643 1645 1629
f 1631 1690 1687 1630
f 1687 1665 1647 1630
f 1633 1694 1642 1632
f 1656 1695 1694 1633
f 1641 1698 1697 1635
f 1659 1679 1650 1636
f 1639 1663 1662 1637
f 1662 1661 1660 1637
f 1655 1640 1639 1638
f 1640 1664 1663 1639
f 1665 1683 1664 1640
f 1655 1647 1665 1640
f 1650 1705 1698 1641
f 1670 1671 1675 1643
f 1675 1654 1645 1643
f 1646 1653 1670 1643
f 1651 1652 1653 1644
f 1660 1701 1699 1649
f 1699 1679 1659 1649
f 1679 1706 1705 1650
f 1666 1667 1652 1651
f 1667 1669 1668 1652
f 1668 1670 1653 1652
f 1675 1674 1676 1654
f 1697 1698 1678 1658
f 1661 1682 1701 1660
f 1662 1681 1680 1661
f 1680 1702 1682 1661
f 1663 1684 1681 1662
f 1664 1686 1684 1663
f 1683 1703 1686 1664
f 1687 1688 1683 1665
f 1709 1707 1667 1666
f 1707 1727 1669 1667
f 1669 1691 1673 1668
f 1673 1671 1670 1668
f 1727 1726 1691 1669
f 1673 1693 1672 1671
f 1672 1674 1675 1671
f 1693 1711 1710 1672
f 1710 1689 1674 1672
f 1691 1708 1693 1673
f 1689 1688 1676 1674
f 1688 1687 1690 1676
f 1698 1705 1729 1678
f 1729 1717 1716 1678
f 1699 1737 1706 1679
f 1681 1700 1724 1680
f 1724 1725 1702 1680
f 1684 1685 1700 1681
f 1702 1718 1733 1682
f 1733 1736 1701 1682
f 1688 1689 1703 1683
f 1686 1704 1685 1684
f 1704 1713 1728 1685
f 1728 1730 1700 1685
f 1703 1719 1704 1686
f 1710 1719 1703 1689
f 1726 1738 1708 1691
f 1696 1720 1709 1692
f 1694 1695 1696 1692
f 1708 1741 1711 1693
f 1714 1721 1696 1695
f 1721 1752 1720 1696
f 1701 1736 1737 1699
f 1730 1731 1724 1700
f 1725 1734 1718 1702
f 1719 1712 1713 1704
f 1706 1747 1729 1705
f 1737 1759 1747 1706
f 1740 1739 1727 1707
f 1709 1720 1740 1707
f 1738 1742 1741 1708
f 1711 1712 1719 1710
f 1741 1744 1712 1711
f 1744 1745 1713 1712
f 1745 1757 1728 1713
f 1729 1747 1746 1717
f 1734 1770 1766 1718
f 1766 1751 1733 1718
f 1752 1753 1740 1720
f 1731 1732 1725 1724
f 1732 1735 1734 1725
f 1755 1762 1738 1726
f 1727 1739 1755 1726
f 1757 1749 1730 1728
f 1749 1748 1731 1730
f 1748 1754 1732 1731
f 1754 1715 1735 1732
f 1751 1750 1736 1733
f 1735 1760 1770 1734
f 1715 1761 1760 1735
f 1750 1759 1737 1736
f 1762 1767 1742 1738
f 1768 1773 1755 1739
f 1740 1753 1768 1739
f 1742 1743 1744 1741
f 1767 1772 1743 1742
f 1772 1776 1756 1743
f 1756 1745 1744 1743
f 1756 1764 1757 1745
f 1747 1759 1758 1746
f 1749 1763 1765 1748
f 1765 1771 1754 1748
f 1757 1764 1763 1749
f 1751 1777 1769 1750
f 1769 1758 1759 1750
f 1784 1780 1768 1753
f 1771 1761 1715 1754
f 1773 1774 1762 1755
f 1776 1775 1764 1756
f 1774 1779 1767 1762
f 1764 1775 1778 1763
f 1778 1782 1765 1763
f 1782 1783 1771 1765
f 1779 1785 1772 1767
f 1780 1781 1773 1768
f 1785 1788 1776 1772
f 1781 1786 1774 1773
f 1786 1787 1779 1774
f 1791 1790 1778 1775
f 1776 1788 1791 1775
f 1787 1794 1785 1779
f 1794 1798 1788 1785
f 1796 1797 1802 1801
f 1793 1795 1799 1800
f 1807 1980 2274 1983
f 1809 1981 2274 1980
f 1806 1982 2274 1981
f 1803 1983 2274 1982
f 1804 1984 2275 1986
f 1805 1985 2275 1984
f 1807 1983 2275 1985
f 1803 1986 2275 1983
f 1810 1987 2276 1989
f 1815 1988 2276 1987
f 1807 1985 2276 1988
f 1805 1989 2276 1985
f 1815 1990 2277 1988
f 1817 1991 2277 1990
f 1809 1980 2277 1991
f 1807 1988 2277 1980
f 1812 1992 2278 1995
f 1816 1993 2278 1992
f 1810 1994 2278 1993
f 1808 1995 2278 1994
f 1817 1996 2279 1991
f 1818 1997 2279 1996
f 1811 1998 2279 1997
f 1809 1991 2279 1998
f 1816 1999 2280 1993
f 1821 2000 2280 1999
f 1815 1987 2280 2000
f 1810 1993 2280 1987
f 1820 2001 2281 2003
f 1822 2002 2281 2001
f 1816 1992 2281 2002
f 1812 2003 2281 1992
f 1813 2004 2282 2006
f 1819 2005 2282 2004
f 1820 2003 2282 2005
f 1812 2006 2282 2003
f 1821 2007 2283 2000
f 1825 2008 2283 2007
f 1817 1990 2283 2008
f 1815 2000 2283 1990
f 1822 2009 2284 2002
f 1826 2010 2284 2009
f 1821 1999 2284 2010
f 1816 2002 2284 1999
f 1823 2011 2285 2013
f 1824 2012 2285 2011
f 1820 2005 2285 2012
f 1819 2013 2285 2005
f 1824 2014 2286 2012
f 1827 2015 2286 2014
f 1822 2001 2286 2015
f 1820 2012 2286 2001
f 1830 2016 2287 2018
f 1829 2017 2287 2016
f 1824 2011 2287 2017
f 1823 2018 2287 2011
f 1838 2019 2288 2022
f 1840 2020 2288 2019
f 1832 2021 2288 2020
f 1828 2022 2288 2021
f 1833 2023 2289 2026
f 1839 2024 2289 2023
f 1835 2025 2289 2024
f 1830 2026 2289 2025
f 1834 2027 2290 2030
f 1841 2028 2290 2027
f 1838 2029 2290 2028
f 1831 2030 2290 2029
f 1840 2031 2291 2020
f 1848 2032 2291 2031
f 1837 2033 2291 2032
f 1832 2020 2291 2033
f 1843 2034 2292 2036
f 1845 2035 2292 2034
f 1841 2027 2292 2035
f 1834 2036 2292 2027
f 1848 2037 2293 2032
f 1851 2038 2293 2037
f 1846 2039 2293 2038
f 1837 2032 2293 2039
f 1841 2040 2294 2028
f 1847 2041 2294 2040
f 1840 2019 2294 2041
f 1838 2028 2294 2019
f 1847 2042 2295 2041
f 1852 2043 2295 2042
f 1848 2031 2295 2043
f 1840 2041 2295 2031
f 1845 2044 2296 2035
f 1853 2045 2296 2044
f 1847 2040 2296 2045
f 1841 2035 2296 2040
f 1850 2046 2297 2048
f 1854 2047 2297 2046
f 1845 2034 2297 2047
f 1843 2048 2297 2034
f 1844 2049 2298 2051
f 1849 2050 2298 2049
f 1850 2048 2298 2050
f 1843 2051 2298 2048
f 1854 2052 2299 2047
f 1857 2053 2299 2052
f 1853 2044 2299 2053
f 1845 2047 2299 2044
f 1853 2054 2300 2045
f 1856 2055 2300 2054
f 1852 2042 2300 2055
f 1847 2045 2300 2042
f 1852 2056 2301 2043
f 1855 2057 2301 2056
f 1851 2037 2301 2057
f 1848 2043 2301 2037
f 1858 2058 2302 2060
f 1861 2059 2302 2058
f 1850 2050 2302 2059
f 1849 2060 2302 2050
f 1861 2061 2303 2059
f 1863 2062 2303 2061
f 1854 2046 2303 2062
f 1850 2059 2303 2046
f 1856 2063 2304 2055
f 1859 2064 2304 2063
f 1855 2056 2304 2064
f 1852 2055 2304 2056
f 1857 2065 2305 2053
f 1862 2066 2305 2065
f 1856 2054 2305 2066
f 1853 2053 2305 2054
f 1863 2067 2306 2062
f 1860 2068 2306 2067
f 1857 2052 2306 2068
f 1854 2062 2306 2052
f 1859 2069 2307 2064
f 1871 2070 2307 2069
f 1864 2071 2307 2070
f 1855 2064 2307 2071
f 1862 2072 2308 2066
f 1868 2073 2308 2072
f 1859 2063 2308 2073
f 1856 2066 2308 2063
f 1860 2074 2309 2068
f 1865 2075 2309 2074
f 1862 2065 2309 2075
f 1857 2068 2309 2065
f 1870 2076 2310 2078
f 1874 2077 2310 2076
f 1861 2058 2310 2077
f 1858 2078 2310 2058
f 1866 2079 2311 2081
f 1875 2080 2311 2079
f 1870 2078 2311 2080
f 1858 2081 2311 2078
f 1868 2082 2312 2073
f 1872 2083 2312 2082
f 1871 2069 2312 2083
f 1859 2073 2312 2069
f 1876 2084 2313 2086
f 1873 2085 2313 2084
f 1865 2074 2313 2085
f 1860 2086 2313 2074
f 1863 2087 2314 2067
f 1869 2088 2314 2087
f 1876 2086 2314 2088
f 1860 2067 2314 2086
f 1874 2089 2315 2077
f 1869 2087 2315 2089
f 1863 2061 2315 2087
f 1861 2077 2315 2061
f 1865 2090 2316 2075
f 1867 2091 2316 2090
f 1868 2072 2316 2091
f 1862 2075 2316 2072
f 1873 2092 2317 2085
f 1880 2093 2317 2092
f 1867 2090 2317 2093
f 1865 2085 2317 2090
f 1880 2094 2318 2093
f 1895 2095 2318 2094
f 1814 2096 2318 2095
f 1867 2093 2318 2096
f 1814 2097 2319 2096
f 1872 2082 2319 2097
f 1868 2091 2319 2082
f 1867 2096 2319 2091
f 1883 2098 2320 2100
f 1881 2099 2320 2098
f 1876 2088 2320 2099
f 1869 2100 2320 2088
f 1874 2101 2321 2089
f 1882 2102 2321 2101
f 1883 2100 2321 2102
f 1869 2089 2321 2100
f 1884 2103 2322 2104
f 1882 2101 2322 2103
f 1874 2076 2322 2101
f 1870 2104 2322 2076
f 1875 2105 2323 2080
f 1878 2106 2323 2105
f 1884 2104 2323 2106
f 1870 2080 2323 2104
f 1872 2107 2324 2083
f 1889 2108 2324 2107
f 1879 2109 2324 2108
f 1871 2083 2324 2109
f 1887 2110 2325 2112
f 1886 2111 2325 2110
f 1880 2092 2325 2111
f 1873 2112 2325 2092
f 1876 2099 2326 2084
f 1881 2113 2326 2099
f 1887 2112 2326 2113
f 1873 2084 2326 2112
f 1877 2114 2327 2116
f 1885 2115 2327 2114
f 1878 2105 2327 2115
f 1875 2116 2327 2105
f 1889 2117 2328 2108
f 1899 2118 2328 2117
f 1894 2119 2328 2118
f 1879 2108 2328 2119
f 1886 2120 2329 2111
f 1891 2121 2329 2120
f 1895 2094 2329 2121
f 1880 2111 2329 2094
f 1898 2122 2330 2124
f 1892 2123 2330 2122
f 1887 2113 2330 2123
f 1881 2124 2330 2113
f 1883 2125 2331 2098
f 1897 2126 2331 2125
f 1898 2124 2331 2126
f 1881 2098 2331 2124
f 1893 2127 2332 2128
f 1897 2125 2332 2127
f 1883 2102 2332 2125
f 1882 2128 2332 2102
f 1890 2129 2333 2131
f 1902 2130 2333 2129
f 1891 2120 2333 2130
f 1886 2131 2333 2120
f 1887 2123 2334 2110
f 1892 2132 2334 2123
f 1890 2131 2334 2132
f 1886 2110 2334 2131
f 1903 2133 2335 2135
f 1911 2134 2335 2133
f 1902 2129 2335 2134
f 1890 2135 2335 2129
f 1892 2136 2336 2132
f 1907 2137 2336 2136
f 1903 2135 2336 2137
f 1890 2132 2336 2135
f 1902 2138 2337 2130
f 1915 2139 2337 2138
f 1901 2140 2337 2139
f 1891 2130 2337 2140
f 1901 2141 2338 2140
f 1896 2142 2338 2141
f 1895 2121 2338 2142
f 1891 2140 2338 2121
f 1898 2143 2339 2122
f 1904 2144 2339 2143
f 1907 2136 2339 2144
f 1892 2122 2339 2136
f 1896 2145 2340 2142
f 1909 2146 2340 2145
f 1814 2095 2340 2146
f 1895 2142 2340 2095
f 1901 2147 2341 2141
f 1910 2148 2341 2147
f 1900 2149 2341 2148
f 1896 2141 2341 2149
f 1900 2150 2342 2149
f 1914 2151 2342 2150
f 1909 2145 2342 2151
f 1896 2149 2342 2145
f 1910 2152 2343 2148
f 1908 2153 2343 2152
f 1906 2154 2343 2153
f 1900 2148 2343 2154
f 1906 2155 2344 2154
f 1913 2156 2344 2155
f 1914 2150 2344 2156
f 1900 2154 2344 2150
f 1915 2157 2345 2139
f 1916 2158 2345 2157
f 1910 2147 2345 2158
f 1901 2139 2345 2147
f 1911 2159 2346 2134
f 1921 2160 2346 2159
f 1915 2138 2346 2160
f 1902 2134 2346 2138
f 1920 2161 2347 2163
f 1919 2162 2347 2161
f 1911 2133 2347 2162
f 1903 2163 2347 2133
f 1910 2158 2348 2152
f 1916 2164 2348 2158
f 1917 2165 2348 2164
f 1908 2152 2348 2165
f 1921 2166 2349 2160
f 1922 2167 2349 2166
f 1916 2157 2349 2167
f 1915 2160 2349 2157
f 1922 2168 2350 2167
f 1923 2169 2350 2168
f 1917 2164 2350 2169
f 1916 2167 2350 2164
f 1923 2170 2351 2169
f 1925 2171 2351 2170
f 1924 2172 2351 2171
f 1917 2169 2351 2172
f 1927 2173 2352 2176
f 1928 2174 2352 2173
f 1926 2175 2352 2174
f 1924 2176 2352 2175
f 1930 2177 2353 2179
f 1933 2178 2353 2177
f 1928 2173 2353 2178
f 1927 2179 2353 2173
f 1933 2180 2354 2178
f 1936 2181 2354 2180
f 1931 2182 2354 2181
f 1928 2178 2354 2182
f 1932 2183 2355 2186
f 1934 2184 2355 2183
f 1930 2185 2355 2184
f 1929 2186 2355 2185
f 1934 2187 2356 2184
f 1938 2188 2356 2187
f 1933 2177 2356 2188
f 1930 2184 2356 2177
f 1936 2189 2357 2181
f 1947 2190 2357 2189
f 1937 2191 2357 2190
f 1931 2181 2357 2191
f 1935 2192 2358 2194
f 1939 2193 2358 2192
f 1934 2183 2358 2193
f 1932 2194 2358 2183
f 1938 2195 2359 2188
f 1950 2196 2359 2195
f 1936 2180 2359 2196
f 1933 2188 2359 2180
f 1939 2197 2360 2193
f 1945 2198 2360 2197
f 1938 2187 2360 2198
f 1934 2193 2360 2187
f 1940 2199 2361 2201
f 1942 2200 2361 2199
f 1939 2192 2361 2200
f 1935 2201 2361 2192
f 1950 2202 2362 2196
f 1842 2203 2362 2202
f 1947 2189 2362 2203
f 1936 2196 2362 2189
f 1945 2204 2363 2198
f 1954 2205 2363 2204
f 1950 2195 2363 2205
f 1938 2198 2363 2195
f 1942 2206 2364 2200
f 1949 2207 2364 2206
f 1945 2197 2364 2207
f 1939 2200 2364 2197
f 1941 2208 2365 2210
f 1946 2209 2365 2208
f 1942 2199 2365 2209
f 1940 2210 2365 2199
f 1943 2211 2366 2213
f 1957 2212 2366 2211
f 1946 2208 2366 2212
f 1941 2213 2366 2208
f 1946 2214 2367 2209
f 1956 2215 2367 2214
f 1949 2206 2367 2215
f 1942 2209 2367 2206
f 1944 2216 2368 2218
f 1961 2217 2368 2216
f 1957 2211 2368 2217
f 1943 2218 2368 2211
f 1948 2219 2369 2221
f 1960 2220 2369 2219
f 1961 2216 2369 2220
f 1944 2221 2369 2216
f 1949 2222 2370 2207
f 1955 2223 2370 2222
f 1954 2204 2370 2223
f 1945 2207 2370 2204
f 1957 2224 2371 2212
f 1963 2225 2371 2224
f 1956 2214 2371 2225
f 1946 2212 2371 2214
f 1842 2226 2372 2203
f 1958 2227 2372 2226
f 1951 2228 2372 2227
f 1947 2203 2372 2228
f 1952 2229 2373 2232
f 1962 2230 2373 2229
f 1959 2231 2373 2230
f 1948 2232 2373 2231
f 1959 2233 2374 2231
f 1971 2234 2374 2233
f 1960 2219 2374 2234
f 1948 2231 2374 2219
f 1956 2235 2375 2215
f 1964 2236 2375 2235
f 1955 2222 2375 2236
f 1949 2215 2375 2222
f 1954 2237 2376 2205
f 1969 2238 2376 2237
f 1842 2202 2376 2238
f 1950 2205 2376 2202
f 1955 2239 2377 2223
f 1970 2240 2377 2239
f 1969 2237 2377 2240
f 1954 2223 2377 2237
f 1964 2241 2378 2236
f 1975 2242 2378 2241
f 1970 2239 2378 2242
f 1955 2236 2378 2239
f 1963 2243 2379 2225
f 1968 2244 2379 2243
f 1964 2235 2379 2244
f 1956 2225 2379 2235
f 1961 2245 2380 2217
f 1967 2246 2380 2245
f 1963 2224 2380 2246
f 1957 2217 2380 2224
f 1842 2247 2381 2226
f 1977 2248 2381 2247
f 1974 2249 2381 2248
f 1958 2226 2381 2249
f 1974 2250 2382 2249
f 1973 2251 2382 2250
f 1965 2252 2382 2251
f 1958 2249 2382 2252
f 1972 2253 2383 2255
f 1836 2254 2383 2253
f 1971 2233 2383 2254
f 1959 2255 2383 2233
f 1971 2256 2384 2234
f 1918 2257 2384 2256
f 1953 2258 2384 2257
f 1960 2234 2384 2258
f 1953 2259 2385 2258
f 1967 2245 2385 2259
f 1961 2220 2385 2245
f 1960 2258 2385 2220
f 1967 2260 2386 2246
f 1976 2261 2386 2260
f 1968 2243 2386 2261
f 1963 2246 2386 2243
f 1968 2262 2387 2244
f 1979 2263 2387 2262
f 1975 2241 2387 2263
f 1964 2244 2387 2241
f 1953 2264 2388 2259
f 1966 2265 2388 2264
f 1976 2260 2388 2265
f 1967 2259 2388 2260
f 1976 2266 2389 2261
f 1912 2267 2389 2266
f 1979 2262 2389 2267
f 1968 2261 2389 2262
f 1836 2268 2390 2254
f 1978 2269 2390 2268
f 1918 2256 2390 2269
f 1971 2254 2390 2256
f 1888 2270 2391 2272
f 1905 2271 2391 2270
f 1918 2269 2391 2271
f 1978 2272 2391 2269
f 1953 2257 2392 2264
f 1918 2271 2392 2257
f 1905 2273 2392 2271
f 1966 2264 2392 2273
f 2540 2660 3148 2663
f 2652 2661 3148 2660
f 2395 2662 3148 2661
f 2393 2663 3148 2662
f 2395 2664 3149 2662
f 2394 2665 3149 2664
f 2627 2666 3149 2665
f 2393 2662 3149 2666
f 2627 2667 3150 2666
f 2499 2668 3150 2667
f 2498 2669 3150 2668
f 2393 2666 3150 2669
f 2498 2670 3151 2669
f 2496 2671 3151 2670
f 2540 2663 3151 2671
f 2393 2669 3151 2663
f 2395 2672 3152 2664
f 2539 2673 3152 2672
f 2396 2674 3152 2673
f 2394 2664 3152 2674
f 2396 2675 3153 2674
f 2477 2676 3153 2675
f 2659 2677 3153 2676
f 2394 2674 3153 2677
f 2659 2678 3154 2677
f 2509 2679 3154 2678
f 2627 2665 3154 2679
f 2394 2677 3154 2665
f 2652 2680 3155 2661
f 2653 2681 3155 2680
f 2539 2672 3155 2681
f 2395 2661 3155 2672
f 2539 2682 3156 2673
f 2398 2683 3156 2682
f 2397 2684 3156 2683
f 2396 2673 3156 2684
f 2397 2685 3157 2684
f 2478 2686 3157 2685
f 2477 2675 3157 2686
f 2396 2684 3157 2675
f 2398 2687 3158 2683
f 2399 2688 3158 2687
f 2658 2689 3158 2688
f 2397 2683 3158 2689
f 2658 2690 3159 2689
f 2476 2691 3159 2690
f 2478 2685 3159 2691
f 2397 2689 3159 2685
f 2654 2692 3160 2694
f 2400 2693 3160 2692
f 2399 2687 3160 2693
f 2398 2694 3160 2687
f 2539 2681 3161 2682
f 2653 2695 3161 2681
f 2654 2694 3161 2695
f 2398 2682 3161 2694
f 2400 2696 3162 2693
f 2657 2697 3162 2696
f 2601 2698 3162 2697
f 2399 2693 3162 2698
f 2601 2699 3163 2698
f 2595 2700 3163 2699
f 2658 2688 3163 2700
f 2399 2698 3163 2688
f 2650 2701 3164 2703
f 2602 2702 3164 2701
f 2657 2696 3164 2702
f 2400 2703 3164 2696
f 2654 2704 3165 2692
f 2656 2705 3165 2704
f 2650 2703 3165 2705
f 2400 2692 3165 2703
f 2403 2706 3166 2709
f 2404 2707 3166 2706
f 2655 2708 3166 2707
f 2401 2709 3166 2708
f 2655 2710 3167 2708
f 2653 2680 3167 2710
f 2652 2711 3167 2680
f 2401 2708 3167 2711
f 2652 2660 3168 2711
f 2540 2712 3168 2660
f 2651 2713 3168 2712
f 2401 2711 3168 2713
f 2651 2714 3169 2713
f 2402 2715 3169 2714
f 2403 2709 3169 2715
f 2401 2713 3169 2709
f 2513 2716 3170 2718
f 2514 2717 3170 2716
f 2403 2715 3170 2717
f 2402 2718 3170 2715
f 2651 2719 3171 2714
f 2495 2720 3171 2719
f 2494 2721 3171 2720
f 2402 2714 3171 2721
f 2494 2722 3172 2721
f 2493 2723 3172 2722
f 2513 2718 3172 2723
f 2402 2721 3172 2718
f 2514 2724 3173 2717
f 2515 2725 3173 2724
f 2404 2706 3173 2725
f 2403 2717 3173 2706
f 2515 2726 3174 2725
f 2647 2727 3174 2726
f 2405 2728 3174 2727
f 2404 2725 3174 2728
f 2405 2729 3175 2728
f 2656 2730 3175 2729
f 2655 2707 3175 2730
f 2404 2728 3175 2707
f 2647 2731 3176 2727
f 2648 2732 3176 2731
f 2406 2733 3176 2732
f 2405 2727 3176 2733
f 2406 2734 3177 2733
f 2650 2705 3177 2734
f 2656 2729 3177 2705
f 2405 2733 3177 2729
f 2648 2735 3178 2732
f 2644 2736 3178 2735
f 2649 2737 3178 2736
f 2406 2732 3178 2737
f 2649 2738 3179 2737
f 2602 2701 3179 2738
f 2650 2734 3179 2701
f 2406 2737 3179 2734
f 2642 2739 3180 2742
f 2564 2740 3180 2739
f 2408 2741 3180 2740
f 2407 2742 3180 2741
f 2408 2743 3181 2741
f 2460 2744 3181 2743
f 2598 2745 3181 2744
f 2407 2741 3181 2745
f 2598 2746 3182 2745
f 2600 2747 3182 2746
f 2599 2748 3182 2747
f 2407 2745 3182 2748
f 2599 2749 3183 2748
f 2643 2750 3183 2749
f 2642 2742 3183 2750
f 2407 2748 3183 2742
f 2564 2751 3184 2740
f 2410 2752 3184 2751
f 2409 2753 3184 2752
f 2408 2740 3184 2753
f 2409 2754 3185 2753
f 2459 2755 3185 2754
f 2460 2743 3185 2755
f 2408 2753 3185 2743
f 2410 2756 3186 2752
f 2456 2757 3186 2756
f 2641 2758 3186 2757
f 2409 2752 3186 2758
f 2641 2759 3187 2758
f 2458 2760 3187 2759
f 2459 2754 3187 2760
f 2409 2758 3187 2754
f 2640 2761 3188 2763
f 2639 2762 3188 2761
f 2456 2756 3188 2762
f 2410 2763 3188 2756
f 2564 2764 3189 2751
f 2563 2765 3189 2764
f 2640 2763 3189 2765
f 2410 2751 3189 2763
f 2412 2766 3190 2769
f 2450 2767 3190 2766
f 2638 2768 3190 2767
f 2411 2769 3190 2768
f 2638 2770 3191 2768
f 2566 2771 3191 2770
f 2565 2772 3191 2771
f 2411 2768 3191 2772
f 2565 2773 3192 2772
f 2569 2774 3192 2773
f 2567 2775 3192 2774
f 2411 2772 3192 2775
f 2567 2776 3193 2775
f 2637 2777 3193 2776
f 2412 2769 3193 2777
f 2411 2775 3193 2769
f 2413 2778 3194 2780
f 2636 2779 3194 2778
f 2450 2766 3194 2779
f 2412 2780 3194 2766
f 2630 2781 3195 2784
f 2631 2782 3195 2781
f 2634 2783 3195 2782
f 2414 2784 3195 2783
f 2634 2785 3196 2783
f 2622 2786 3196 2785
f 2449 2787 3196 2786
f 2414 2783 3196 2787
f 2449 2788 3197 2787
f 2450 2779 3197 2788
f 2636 2789 3197 2779
f 2414 2787 3197 2789
f 2636 2790 3198 2789
f 2635 2791 3198 2790
f 2630 2784 3198 2791
f 2414 2789 3198 2784
f 2633 2792 3199 2795
f 2416 2793 3199 2792
f 2421 2794 3199 2793
f 2415 2795 3199 2794
f 2421 2796 3200 2794
f 2626 2797 3200 2796
f 2623 2798 3200 2797
f 2415 2794 3200 2798
f 2623 2799 3201 2798
f 2634 2782 3201 2799
f 2631 2800 3201 2782
f 2415 2798 3201 2800
f 2631 2801 3202 2800
f 2628 2802 3202 2801
f 2633 2795 3202 2802
f 2415 2800 3202 2795
f 2632 2803 3203 2805
f 2420 2804 3203 2803
f 2421 2793 3203 2804
f 2416 2805 3203 2793
f 2418 2806 3204 2808
f 2420 2803 3204 2806
f 2632 2807 3204 2803
f 2417 2808 3204 2807
f 2419 2809 3205 2811
f 2422 2810 3205 2809
f 2420 2806 3205 2810
f 2418 2811 3205 2806
f 2423 2812 3206 2814
f 2625 2813 3206 2812
f 2422 2809 3206 2813
f 2419 2814 3206 2809
f 2422 2815 3207 2810
f 2626 2796 3207 2815
f 2421 2804 3207 2796
f 2420 2810 3207 2804
f 2625 2816 3208 2813
f 2427 2817 3208 2816
f 2626 2815 3208 2817
f 2422 2813 3208 2815
f 2424 2818 3209 2820
f 2426 2819 3209 2818
f 2625 2812 3209 2819
f 2423 2820 3209 2812
f 2435 2821 3210 2823
f 2425 2822 3210 2821
f 2426 2818 3210 2822
f 2424 2823 3210 2818
f 2435 2824 3211 2821
f 2434 2825 3211 2824
f 2433 2826 3211 2825
f 2425 2821 3211 2826
f 2433 2827 3212 2826
f 2432 2828 3212 2827
f 2431 2829 3212 2828
f 2425 2826 3212 2829
f 2431 2830 3213 2829
f 2624 2831 3213 2830
f 2426 2822 3213 2831
f 2425 2829 3213 2822
f 2624 2832 3214 2831
f 2427 2816 3214 2832
f 2625 2819 3214 2816
f 2426 2831 3214 2819
f 2624 2833 3215 2832
f 2429 2834 3215 2833
f 2428 2835 3215 2834
f 2427 2832 3215 2835
f 2428 2836 3216 2835
f 2623 2797 3216 2836
f 2626 2817 3216 2797
f 2427 2835 3216 2817
f 2429 2837 3217 2834
f 2448 2838 3217 2837
f 2622 2839 3217 2838
f 2428 2834 3217 2839
f 2622 2785 3218 2839
f 2634 2799 3218 2785
f 2623 2836 3218 2799
f 2428 2839 3218 2836
f 2624 2830 3219 2833
f 2431 2840 3219 2830
f 2430 2841 3219 2840
f 2429 2833 3219 2841
f 2430 2842 3220 2841
f 2457 2843 3220 2842
f 2448 2837 3220 2843
f 2429 2841 3220 2837
f 2431 2828 3221 2840
f 2432 2844 3221 2828
f 2447 2845 3221 2844
f 2430 2840 3221 2845
f 2447 2846 3222 2845
f 2453 2847 3222 2846
f 2457 2842 3222 2847
f 2430 2845 3222 2842
f 2433 2848 3223 2827
f 2437 2849 3223 2848
f 2438 2850 3223 2849
f 2432 2827 3223 2850
f 2438 2851 3224 2850
f 2620 2852 3224 2851
f 2447 2844 3224 2852
f 2432 2850 3224 2844
f 2621 2853 3225 2855
f 2439 2854 3225 2853
f 2438 2849 3225 2854
f 2437 2855 3225 2849
f 2439 2856 3226 2854
f 2446 2857 3226 2856
f 2620 2851 3226 2857
f 2438 2854 3226 2851
f 2619 2858 3227 2860
f 2445 2859 3227 2858
f 2446 2856 3227 2859
f 2439 2860 3227 2856
f 2441 2861 3228 2863
f 2445 2858 3228 2861
f 2619 2862 3228 2858
f 2440 2863 3228 2862
f 2442 2864 3229 2867
f 2618 2865 3229 2864
f 2443 2866 3229 2865
f 2441 2867 3229 2866
f 2443 2868 3230 2866
f 2444 2869 3230 2868
f 2445 2861 3230 2869
f 2441 2866 3230 2861
f 2465 2870 3231 2872
f 2464 2871 3231 2870
f 2618 2864 3231 2871
f 2442 2872 3231 2864
f 2618 2873 3232 2865
f 2614 2874 3232 2873
f 2617 2875 3232 2874
f 2443 2865 3232 2875
f 2617 2876 3233 2875
f 2458 2877 3233 2876
f 2444 2868 3233 2877
f 2443 2875 3233 2868
f 2455 2878 3234 2879
f 2446 2859 3234 2878
f 2445 2869 3234 2859
f 2444 2879 3234 2869
f 2458 2759 3235 2877
f 2641 2880 3235 2759
f 2455 2879 3235 2880
f 2444 2877 3235 2879
f 2455 2881 3236 2878
f 2454 2882 3236 2881
f 2620 2857 3236 2882
f 2446 2878 3236 2857
f 2620 2882 3237 2852
f 2454 2883 3237 2882
f 2453 2846 3237 2883
f 2447 2852 3237 2846
f 2457 2884 3238 2843
f 2452 2885 3238 2884
f 2451 2886 3238 2885
f 2448 2843 3238 2886
f 2451 2887 3239 2886
f 2449 2786 3239 2887
f 2622 2838 3239 2786
f 2448 2886 3239 2838
f 2451 2888 3240 2887
f 2638 2767 3240 2888
f 2450 2788 3240 2767
f 2449 2887 3240 2788
f 2452 2889 3241 2885
f 2566 2770 3241 2889
f 2638 2888 3241 2770
f 2451 2885 3241 2888
f 2457 2847 3242 2884
f 2453 2890 3242 2847
f 2639 2891 3242 2890
f 2452 2884 3242 2891
f 2639 2761 3243 2891
f 2640 2892 3243 2761
f 2566 2889 3243 2892
f 2452 2891 3243 2889
f 2454 2893 3244 2883
f 2456 2762 3244 2893
f 2639 2890 3244 2762
f 2453 2883 3244 2890
f 2455 2880 3245 2881
f 2641 2757 3245 2880
f 2456 2893 3245 2757
f 2454 2881 3245 2893
f 2617 2894 3246 2876
f 2616 2895 3246 2894
f 2459 2760 3246 2895
f 2458 2876 3246 2760
f 2616 2896 3247 2895
f 2615 2897 3247 2896
f 2460 2755 3247 2897
f 2459 2895 3247 2755
f 2615 2898 3248 2897
f 2597 2899 3248 2898
f 2598 2744 3248 2899
f 2460 2897 3248 2744
f 2616 2894 3249 2901
f 2617 2874 3249 2894
f 2614 2900 3249 2874
f 2461 2901 3249 2900
f 2614 2902 3250 2900
f 2463 2903 3250 2902
f 2462 2904 3250 2903
f 2461 2900 3250 2904
f 2462 2905 3251 2904
f 2469 2906 3251 2905
f 2612 2907 3251 2906
f 2461 2904 3251 2907
f 2612 2908 3252 2907
f 2615 2896 3252 2908
f 2616 2901 3252 2896
f 2461 2907 3252 2901
f 2463 2909 3253 2903
f 2613 2910 3253 2909
f 2468 2911 3253 2910
f 2462 2903 3253 2911
f 2468 2912 3254 2911
f 2470 2913 3254 2912
f 2469 2905 3254 2913
f 2462 2911 3254 2905
f 2614 2873 3255 2902
f 2618 2871 3255 2873
f 2464 2914 3255 2871
f 2463 2902 3255 2914
f 2464 2915 3256 2914
f 2466 2916 3256 2915
f 2613 2909 3256 2916
f 2463 2914 3256 2909
f 2471 2917 3257 2919
f 2468 2910 3257 2917
f 2613 2918 3257 2910
f 2467 2919 3257 2918
f 2471 2920 3258 2917
f 2609 2921 3258 2920
f 2470 2912 3258 2921
f 2468 2917 3258 2912
f 2470 2922 3259 2913
f 2610 2923 3259 2922
f 2611 2924 3259 2923
f 2469 2913 3259 2924
f 2611 2925 3260 2924
f 2603 2926 3260 2925
f 2612 2906 3260 2926
f 2469 2924 3260 2906
f 2609 2927 3261 2921
f 2608 2928 3261 2927
f 2610 2922 3261 2928
f 2470 2921 3261 2922
f 2608 2927 3262 2931
f 2609 2929 3262 2927
f 2436 2930 3262 2929
f 2472 2931 3262 2930
f 2473 2932 3263 2934
f 2607 2933 3263 2932
f 2608 2931 3263 2933
f 2472 2934 3263 2931
f 2481 2935 3264 2937
f 2474 2936 3264 2935
f 2607 2932 3264 2936
f 2473 2937 3264 2932
f 2594 2938 3265 2940
f 2606 2939 3265 2938
f 2607 2936 3265 2939
f 2474 2940 3265 2936
f 2475 2941 3266 2943
f 2476 2942 3266 2941
f 2594 2940 3266 2942
f 2474 2943 3266 2940
f 2593 2944 3267 2945
f 2478 2691 3267 2944
f 2476 2941 3267 2691
f 2475 2945 3267 2941
f 2658 2700 3268 2690
f 2595 2946 3268 2700
f 2594 2942 3268 2946
f 2476 2690 3268 2942
f 2478 2944 3269 2686
f 2593 2947 3269 2944
f 2592 2948 3269 2947
f 2477 2686 3269 2948
f 2592 2949 3270 2948
f 2479 2950 3270 2949
f 2659 2676 3270 2950
f 2477 2948 3270 2676
f 2480 2951 3271 2952
f 2509 2678 3271 2951
f 2659 2950 3271 2678
f 2479 2952 3271 2950
f 2482 2953 3272 2956
f 2483 2954 3272 2953
f 2508 2955 3272 2954
f 2480 2956 3272 2955
f 2508 2957 3273 2955
f 2510 2958 3273 2957
f 2509 2951 3273 2958
f 2480 2955 3273 2951
f 2507 2959 3274 2961
f 2506 2960 3274 2959
f 2508 2954 3274 2960
f 2483 2961 3274 2954
f 2485 2962 3275 2965
f 2591 2963 3275 2962
f 2590 2964 3275 2963
f 2484 2965 3275 2964
f 2487 2966 3276 2969
f 2588 2967 3276 2966
f 2503 2968 3276 2967
f 2486 2969 3276 2968
f 2488 2970 3277 2972
f 2489 2971 3277 2970
f 2588 2966 3277 2971
f 2487 2972 3277 2966
f 2587 2973 3278 2975
f 2491 2974 3278 2973
f 2489 2970 3278 2974
f 2488 2975 3278 2970
f 2491 2976 3279 2974
f 2492 2977 3279 2976
f 2490 2978 3279 2977
f 2489 2974 3279 2978
f 2490 2979 3280 2978
f 2512 2980 3280 2979
f 2588 2971 3280 2980
f 2489 2978 3280 2971
f 2492 2981 3281 2977
f 2493 2722 3281 2981
f 2494 2982 3281 2722
f 2490 2977 3281 2982
f 2494 2720 3282 2982
f 2495 2983 3282 2720
f 2512 2979 3282 2983
f 2490 2982 3282 2979
f 2537 2984 3283 2986
f 2534 2985 3283 2984
f 2492 2976 3283 2985
f 2491 2986 3283 2976
f 2587 2987 3284 2973
f 2586 2988 3284 2987
f 2537 2986 3284 2988
f 2491 2973 3284 2986
f 2534 2989 3285 2985
f 2533 2990 3285 2989
f 2493 2981 3285 2990
f 2492 2985 3285 2981
f 2533 2991 3286 2990
f 2585 2992 3286 2991
f 2513 2723 3286 2992
f 2493 2990 3286 2723
f 2651 2712 3287 2719
f 2540 2671 3287 2712
f 2496 2993 3287 2671
f 2495 2719 3287 2993
f 2496 2994 3288 2993
f 2511 2995 3288 2994
f 2512 2983 3288 2995
f 2495 2993 3288 2983
f 2498 2996 3289 2670
f 2497 2997 3289 2996
f 2511 2994 3289 2997
f 2496 2670 3289 2994
f 2498 2668 3290 2996
f 2499 2998 3290 2668
f 2502 2999 3290 2998
f 2497 2996 3290 2999
f 2502 3000 3291 2999
f 2500 3001 3291 3000
f 2504 3002 3291 3001
f 2497 2999 3291 3002
f 2504 3003 3292 3002
f 2503 3004 3292 3003
f 2511 2997 3292 3004
f 2497 3002 3292 2997
f 2627 2679 3293 2667
f 2509 2958 3293 2679
f 2510 3005 3293 2958
f 2499 2667 3293 3005
f 2510 3006 3294 3005
f 2505 3007 3294 3006
f 2502 2998 3294 3007
f 2499 3005 3294 2998
f 2502 3007 3295 3000
f 2505 3008 3295 3007
f 2501 3009 3295 3008
f 2500 3000 3295 3009
f 2505 3010 3296 3008
f 2506 3011 3296 3010
f 2589 3012 3296 3011
f 2501 3008 3296 3012
f 2588 2980 3297 2967
f 2512 2995 3297 2980
f 2511 3004 3297 2995
f 2503 2967 3297 3004
f 2510 2957 3298 3006
f 2508 2960 3298 2957
f 2506 3010 3298 2960
f 2505 3006 3298 3010
f 2507 3013 3299 2959
f 2590 3014 3299 3013
f 2589 3011 3299 3014
f 2506 2959 3299 3011
f 2585 3015 3300 2992
f 2583 3016 3300 3015
f 2514 2716 3300 3016
f 2513 2992 3300 2716
f 2583 3017 3301 3016
f 2584 3018 3301 3017
f 2515 2724 3301 3018
f 2514 3016 3301 2724
f 2584 3019 3302 3018
f 2516 3020 3302 3019
f 2647 2726 3302 3020
f 2515 3018 3302 2726
f 2582 3021 3303 3024
f 2561 3022 3303 3021
f 2646 3023 3303 3022
f 2516 3024 3303 3023
f 2646 3025 3304 3023
f 2648 2731 3304 3025
f 2647 3020 3304 2731
f 2516 3023 3304 3020
f 2584 3026 3305 3019
f 2518 3027 3305 3026
f 2582 3024 3305 3027
f 2516 3019 3305 3024
f 2581 3028 3306 3031
f 2571 3029 3306 3028
f 2518 3030 3306 3029
f 2517 3031 3306 3030
f 2518 3026 3307 3030
f 2584 3017 3307 3026
f 2583 3032 3307 3017
f 2517 3030 3307 3032
f 2583 3015 3308 3032
f 2585 3033 3308 3015
f 2536 3034 3308 3033
f 2517 3032 3308 3034
f 2536 3035 3309 3034
f 2520 3036 3309 3035
f 2581 3031 3309 3036
f 2517 3034 3309 3031
f 2571 3037 3310 3029
f 2572 3038 3310 3037
f 2582 3027 3310 3038
f 2518 3029 3310 3027
f 2576 3039 3311 3042
f 2522 3040 3311 3039
f 2520 3041 3311 3040
f 2519 3042 3311 3041
f 2520 3035 3312 3041
f 2536 3043 3312 3035
f 2535 3044 3312 3043
f 2519 3041 3312 3044
f 2535 3045 3313 3044
f 2532 3046 3313 3045
f 2580 3047 3313 3046
f 2519 3044 3313 3047
f 2580 3048 3314 3047
f 2578 3049 3314 3048
f 2576 3042 3314 3049
f 2519 3047 3314 3042
f 2522 3050 3315 3040
f 2523 3051 3315 3050
f 2581 3036 3315 3051
f 2520 3040 3315 3036
f 2551 3052 3316 3055
f 2529 3053 3316 3052
f 2578 3054 3316 3053
f 2521 3055 3316 3054
f 2578 3048 3317 3054
f 2580 3056 3317 3048
f 2579 3057 3317 3056
f 2521 3054 3317 3057
f 2579 3058 3318 3057
f 2531 3059 3318 3058
f 2549 3060 3318 3059
f 2521 3057 3318 3060
f 2552 3061 3319 3063
f 2577 3062 3319 3061
f 2523 3050 3319 3062
f 2522 3063 3319 3050
f 2576 3064 3320 3039
f 2528 3065 3320 3064
f 2552 3063 3320 3065
f 2522 3039 3320 3063
f 2577 3066 3321 3062
f 2554 3067 3321 3066
f 2524 3068 3321 3067
f 2523 3062 3321 3068
f 2524 3069 3322 3068
f 2571 3028 3322 3069
f 2581 3051 3322 3028
f 2523 3068 3322 3051
f 2554 3070 3323 3067
f 2553 3071 3323 3070
f 2525 3072 3323 3071
f 2524 3067 3323 3072
f 2525 3073 3324 3072
f 2572 3037 3324 3073
f 2571 3069 3324 3037
f 2524 3072 3324 3069
f 2553 3074 3325 3071
f 2574 3075 3325 3074
f 2575 3076 3325 3075
f 2525 3071 3325 3076
f 2575 3077 3326 3076
f 2557 3078 3326 3077
f 2572 3073 3326 3078
f 2525 3076 3326 3073
f 2554 3066 3327 3081
f 2577 3079 3327 3066
f 2527 3080 3327 3079
f 2526 3081 3327 3080
f 2576 3049 3328 3064
f 2578 3053 3328 3049
f 2529 3082 3328 3053
f 2528 3064 3328 3082
f 2550 3083 3329 3085
f 2549 3059 3329 3083
f 2531 3084 3329 3059
f 2530 3085 3329 3084
f 2531 3086 3330 3084
f 2547 3087 3330 3086
f 2548 3088 3330 3087
f 2530 3084 3330 3088
f 2579 3089 3331 3058
f 2546 3090 3331 3089
f 2547 3086 3331 3090
f 2531 3058 3331 3086
f 2535 3091 3332 3045
f 2533 2989 3332 3091
f 2534 3092 3332 2989
f 2532 3045 3332 3092
f 2534 2984 3333 3092
f 2537 3093 3333 2984
f 2546 3094 3333 3093
f 2532 3092 3333 3094
f 2546 3089 3334 3094
f 2579 3056 3334 3089
f 2580 3046 3334 3056
f 2532 3094 3334 3046
f 2535 3043 3335 3091
f 2536 3033 3335 3043
f 2585 2991 3335 3033
f 2533 3091 3335 2991
f 2586 3095 3336 2988
f 2547 3090 3336 3095
f 2546 3093 3336 3090
f 2537 2988 3336 3093
f 2548 3087 3337 3097
f 2547 3095 3337 3087
f 2586 3096 3337 3095
f 2538 3097 3337 3096
f 2586 2987 3338 3096
f 2587 3098 3338 2987
f 2545 3099 3338 3098
f 2538 3096 3338 3099
f 2542 3100 3339 3103
f 2544 3101 3339 3100
f 2543 3102 3339 3101
f 2541 3103 3339 3102
f 2573 3104 3340 3106
f 2575 3075 3340 3104
f 2574 3105 3340 3075
f 2555 3106 3340 3105
f 2637 2776 3341 3109
f 2567 3107 3341 2776
f 2568 3108 3341 3107
f 2556 3109 3341 3108
f 2568 3110 3342 3108
f 2558 3111 3342 3110
f 2573 3112 3342 3111
f 2556 3108 3342 3112
f 2575 3104 3343 3077
f 2573 3111 3343 3104
f 2558 3113 3343 3111
f 2557 3077 3343 3113
f 2558 3114 3344 3113
f 2570 3115 3344 3114
f 2561 3116 3344 3115
f 2557 3113 3344 3116
f 2561 3021 3345 3116
f 2582 3038 3345 3021
f 2572 3078 3345 3038
f 2557 3116 3345 3078
f 2568 3117 3346 3110
f 2559 3118 3346 3117
f 2570 3114 3346 3118
f 2558 3110 3346 3114
f 2568 3107 3347 3117
f 2567 2774 3347 3107
f 2569 3119 3347 2774
f 2559 3117 3347 3119
f 2569 3120 3348 3119
f 2562 3121 3348 3120
f 2560 3122 3348 3121
f 2559 3119 3348 3122
f 2560 3123 3349 3122
f 2645 3124 3349 3123
f 2570 3118 3349 3124
f 2559 3122 3349 3118
f 2562 3125 3350 3121
f 2642 2750 3350 3125
f 2643 3126 3350 2750
f 2560 3121 3350 3126
f 2643 3127 3351 3126
f 2644 3128 3351 3127
f 2645 3123 3351 3128
f 2560 3126 3351 3123
f 2570 3124 3352 3115
f 2645 3129 3352 3124
f 2646 3022 3352 3129
f 2561 3115 3352 3022
f 2569 2773 3353 3120
f 2565 3130 3353 2773
f 2563 3131 3353 3130
f 2562 3120 3353 3131
f 2563 2764 3354 3131
f 2564 2739 3354 2764
f 2642 3125 3354 2739
f 2562 3131 3354 3125
f 2565 2771 3355 3130
f 2566 2892 3355 2771
f 2640 2765 3355 2892
f 2563 3130 3355 2765
f 2595 3132 3356 2946
f 2605 3133 3356 3132
f 2606 2938 3356 3133
f 2594 2946 3356 2938
f 2601 3134 3357 2699
f 2596 3135 3357 3134
f 2605 3132 3357 3135
f 2595 2699 3357 3132
f 2604 3136 3358 3139
f 2597 3137 3358 3136
f 2603 3138 3358 3137
f 2596 3139 3358 3138
f 2603 2925 3359 3138
f 2611 3140 3359 2925
f 2605 3135 3359 3140
f 2596 3138 3359 3135
f 2601 2697 3360 3134
f 2657 3141 3360 2697
f 2604 3139 3360 3141
f 2596 3134 3360 3139
f 2615 2908 3361 2898
f 2612 2926 3361 2908
f 2603 3137 3361 2926
f 2597 2898 3361 3137
f 2604 3142 3362 3136
f 2600 2746 3362 3142
f 2598 2899 3362 2746
f 2597 3136 3362 2899
f 2600 3143 3363 2747
f 2602 2738 3363 3143
f 2649 3144 3363 2738
f 2599 2747 3363 3144
f 2649 2736 3364 3144
f 2644 3127 3364 2736
f 2643 2749 3364 3127
f 2599 3144 3364 2749
f 2604 3141 3365 3142
f 2657 2702 3365 3141
f 2602 3143 3365 2702
f 2600 3142 3365 3143
f 2611 2923 3366 3140
f 2610 3145 3366 2923
f 2606 3133 3366 3145
f 2605 3140 3366 3133
f 2610 2928 3367 3145
f 2608 2933 3367 2928
f 2607 2939 3367 2933
f 2606 3145 3367 2939
f 2631 2781 3368 2801
f 2630 3146 3368 2781
f 2629 3147 3368 3146
f 2628 2801 3368 3147
f 2648 3025 3369 2735
f 2646 3129 3369 3025
f 2645 3128 3369 3129
f 2644 2735 3369 3128
f 2655 2730 3370 2710
f 2656 2704 3370 2730
f 2654 2695 3370 2704
f 2653 2710 3370 2695
f 3389 3544 3823 3547
f 3392 3545 3823 3544
f 3391 3546 3823 3545
f 3380 3547 3823 3546
f 3391 3548 3824 3546
f 3397 3549 3824 3548
f 3385 3550 3824 3549
f 3380 3546 3824 3550
f 3382 3551 3825 3554
f 3384 3552 3825 3551
f 3383 3553 3825 3552
f 3381 3554 3825 3553
f 3388 3555 3826 3558
f 3390 3556 3826 3555
f 3394 3557 3826 3556
f 3382 3558 3826 3557
f 3384 3559 3827 3552
f 3393 3560 3827 3559
f 3387 3561 3827 3560
f 3383 3552 3827 3561
f 3399 3562 3828 3564
f 3395 3563 3828 3562
f 3392 3544 3828 3563
f 3389 3564 3828 3544
f 3392 3565 3829 3545
f 3403 3566 3829 3565
f 3404 3567 3829 3566
f 3391 3545 3829 3567
f 3404 3568 3830 3567
f 3405 3569 3830 3568
f 3397 3548 3830 3569
f 3391 3567 3830 3548
f 3395 3570 3831 3563
f 3402 3571 3831 3570
f 3403 3565 3831 3571
f 3392 3563 3831 3565
f 3399 3572 3832 3562
f 3401 3573 3832 3572
f 3400 3574 3832 3573
f 3395 3562 3832 3574
f 3400 3575 3833 3574
f 3410 3576 3833 3575
f 3402 3570 3833 3576
f 3395 3574 3833 3570
f 3409 3577 3834 3579
f 3401 3572 3834 3577
f 3399 3578 3834 3572
f 3396 3579 3834 3578
f 3405 3580 3835 3569
f 3420 3581 3835 3580
f 3428 3582 3835 3581
f 3397 3569 3835 3582
f 3406 3583 3836 3585
f 3412 3584 3836 3583
f 3410 3575 3836 3584
f 3400 3585 3836 3575
f 3410 3586 3837 3576
f 3421 3587 3837 3586
f 3422 3588 3837 3587
f 3402 3576 3837 3588
f 3422 3589 3838 3588
f 3419 3590 3838 3589
f 3403 3571 3838 3590
f 3402 3588 3838 3571
f 3419 3591 3839 3590
f 3418 3592 3839 3591
f 3404 3566 3839 3592
f 3403 3590 3839 3566
f 3418 3593 3840 3592
f 3424 3594 3840 3593
f 3405 3568 3840 3594
f 3404 3592 3840 3568
f 3424 3595 3841 3594
f 3425 3596 3841 3595
f 3420 3580 3841 3596
f 3405 3594 3841 3580
f 3417 3597 3842 3600
f 3435 3598 3842 3597
f 3413 3599 3842 3598
f 3406 3600 3842 3599
f 3413 3601 3843 3599
f 3414 3602 3843 3601
f 3412 3583 3843 3602
f 3406 3599 3843 3583
f 3412 3603 3844 3584
f 3426 3604 3844 3603
f 3421 3586 3844 3604
f 3410 3584 3844 3586
f 3414 3605 3845 3602
f 3429 3606 3845 3605
f 3426 3603 3845 3606
f 3412 3602 3845 3603
f 3435 3607 3846 3598
f 3442 3608 3846 3607
f 3416 3609 3846 3608
f 3413 3598 3846 3609
f 3416 3610 3847 3609
f 3415 3611 3847 3610
f 3414 3601 3847 3611
f 3413 3609 3847 3601
f 3415 3612 3848 3611
f 3431 3613 3848 3612
f 3429 3605 3848 3613
f 3414 3611 3848 3605
f 3423 3614 3849 3616
f 3443 3615 3849 3614
f 3435 3597 3849 3615
f 3417 3616 3849 3597
f 3419 3617 3850 3591
f 3436 3618 3850 3617
f 3437 3619 3850 3618
f 3418 3591 3850 3619
f 3437 3620 3851 3619
f 3440 3621 3851 3620
f 3424 3593 3851 3621
f 3418 3619 3851 3593
f 3422 3622 3852 3589
f 3449 3623 3852 3622
f 3436 3617 3852 3623
f 3419 3589 3852 3617
f 3426 3624 3853 3604
f 3451 3625 3853 3624
f 3446 3626 3853 3625
f 3421 3604 3853 3626
f 3446 3627 3854 3626
f 3449 3622 3854 3627
f 3422 3587 3854 3622
f 3421 3626 3854 3587
f 3440 3628 3855 3621
f 3439 3629 3855 3628
f 3425 3595 3855 3629
f 3424 3621 3855 3595
f 3429 3630 3856 3606
f 3445 3631 3856 3630
f 3451 3624 3856 3631
f 3426 3606 3856 3624
f 3431 3632 3857 3613
f 3450 3633 3857 3632
f 3445 3630 3857 3633
f 3429 3613 3857 3630
f 3447 3634 3858 3636
f 3450 3632 3858 3634
f 3431 3635 3858 3632
f 3430 3636 3858 3635
f 3443 3637 3859 3615
f 3460 3638 3859 3637
f 3442 3607 3859 3638
f 3435 3615 3859 3607
f 3449 3639 3860 3623
f 3455 3640 3860 3639
f 3459 3641 3860 3640
f 3436 3623 3860 3641
f 3459 3642 3861 3641
f 3454 3643 3861 3642
f 3437 3618 3861 3643
f 3436 3641 3861 3618
f 3454 3644 3862 3643
f 3444 3645 3862 3644
f 3440 3620 3862 3645
f 3437 3643 3862 3620
f 3463 3646 3863 3649
f 3468 3647 3863 3646
f 3447 3648 3863 3647
f 3441 3649 3863 3648
f 3460 3650 3864 3638
f 3467 3651 3864 3650
f 3458 3652 3864 3651
f 3442 3638 3864 3652
f 3450 3653 3865 3633
f 3461 3654 3865 3653
f 3469 3655 3865 3654
f 3445 3633 3865 3655
f 3469 3656 3866 3655
f 3466 3657 3866 3656
f 3451 3631 3866 3657
f 3445 3655 3866 3631
f 3451 3657 3867 3625
f 3466 3658 3867 3657
f 3462 3659 3867 3658
f 3446 3625 3867 3659
f 3462 3660 3868 3659
f 3455 3639 3868 3660
f 3449 3627 3868 3639
f 3446 3659 3868 3627
f 3468 3661 3869 3647
f 3461 3653 3869 3661
f 3450 3634 3869 3653
f 3447 3647 3869 3634
f 3483 3662 3870 3665
f 3484 3663 3870 3662
f 3453 3664 3870 3663
f 3448 3665 3870 3664
f 3457 3666 3871 3668
f 3479 3667 3871 3666
f 3483 3665 3871 3667
f 3448 3668 3871 3665
f 3470 3669 3872 3672
f 3478 3670 3872 3669
f 3463 3671 3872 3670
f 3452 3672 3872 3671
f 3484 3673 3873 3663
f 3489 3674 3873 3673
f 3456 3675 3873 3674
f 3453 3663 3873 3675
f 3462 3676 3874 3660
f 3475 3677 3874 3676
f 3472 3678 3874 3677
f 3455 3660 3874 3678
f 3472 3679 3875 3678
f 3465 3680 3875 3679
f 3459 3640 3875 3680
f 3455 3678 3875 3640
f 3464 3681 3876 3683
f 3471 3682 3876 3681
f 3479 3666 3876 3682
f 3457 3683 3876 3666
f 3467 3684 3877 3651
f 3471 3681 3877 3684
f 3464 3685 3877 3681
f 3458 3651 3877 3685
f 3468 3686 3878 3661
f 3477 3687 3878 3686
f 3474 3688 3878 3687
f 3461 3661 3878 3688
f 3474 3689 3879 3688
f 3473 3690 3879 3689
f 3469 3654 3879 3690
f 3461 3688 3879 3654
f 3466 3691 3880 3658
f 3480 3692 3880 3691
f 3475 3676 3880 3692
f 3462 3658 3880 3676
f 3478 3693 3881 3670
f 3477 3686 3881 3693
f 3468 3646 3881 3686
f 3463 3670 3881 3646
f 3469 3690 3882 3656
f 3473 3694 3882 3690
f 3480 3691 3882 3694
f 3466 3656 3882 3691
f 3476 3695 3883 3698
f 3482 3696 3883 3695
f 3486 3697 3883 3696
f 3470 3698 3883 3697
f 3486 3699 3884 3697
f 3487 3700 3884 3699
f 3478 3669 3884 3700
f 3470 3697 3884 3669
f 3474 3701 3885 3689
f 3492 3702 3885 3701
f 3498 3703 3885 3702
f 3473 3689 3885 3703
f 3498 3704 3886 3703
f 3500 3705 3886 3704
f 3480 3694 3886 3705
f 3473 3703 3886 3694
f 3477 3706 3887 3687
f 3493 3707 3887 3706
f 3492 3701 3887 3707
f 3474 3687 3887 3701
f 3480 3705 3888 3692
f 3500 3708 3888 3705
f 3495 3709 3888 3708
f 3475 3692 3888 3709
f 3478 3700 3889 3693
f 3487 3710 3889 3700
f 3493 3706 3889 3710
f 3477 3693 3889 3706
f 3485 3711 3890 3714
f 3511 3712 3890 3711
f 3490 3713 3890 3712
f 3481 3714 3890 3713
f 3490 3715 3891 3718
f 3506 3716 3891 3715
f 3491 3717 3891 3716
f 3482 3718 3891 3717
f 3491 3719 3892 3717
f 3496 3720 3892 3719
f 3486 3696 3892 3720
f 3482 3717 3892 3696
f 3501 3721 3893 3723
f 3538 3722 3893 3721
f 3511 3711 3893 3722
f 3485 3723 3893 3711
f 3496 3724 3894 3720
f 3513 3725 3894 3724
f 3487 3699 3894 3725
f 3486 3720 3894 3699
f 3513 3726 3895 3725
f 3517 3727 3895 3726
f 3493 3710 3895 3727
f 3487 3725 3895 3710
f 3519 3728 3896 3731
f 3499 3729 3896 3728
f 3371 3730 3896 3729
f 3488 3731 3896 3730
f 3511 3732 3897 3712
f 3528 3733 3897 3732
f 3506 3715 3897 3733
f 3490 3712 3897 3715
f 3506 3734 3898 3716
f 3512 3735 3898 3734
f 3497 3736 3898 3735
f 3491 3716 3898 3736
f 3497 3737 3899 3736
f 3514 3738 3899 3737
f 3496 3719 3899 3738
f 3491 3736 3899 3719
f 3493 3727 3900 3707
f 3517 3739 3900 3727
f 3518 3740 3900 3739
f 3492 3707 3900 3740
f 3518 3741 3901 3740
f 3522 3742 3901 3741
f 3498 3702 3901 3742
f 3492 3740 3901 3702
f 3514 3743 3902 3738
f 3515 3744 3902 3743
f 3513 3724 3902 3744
f 3496 3738 3902 3724
f 3512 3745 3903 3735
f 3521 3746 3903 3745
f 3507 3747 3903 3746
f 3497 3735 3903 3747
f 3507 3748 3904 3747
f 3516 3749 3904 3748
f 3514 3737 3904 3749
f 3497 3747 3904 3737
f 3509 3750 3905 3752
f 3523 3751 3905 3750
f 3538 3721 3905 3751
f 3501 3752 3905 3721
f 3528 3753 3906 3733
f 3529 3754 3906 3753
f 3512 3734 3906 3754
f 3506 3733 3906 3734
f 3521 3755 3907 3746
f 3533 3756 3907 3755
f 3540 3757 3907 3756
f 3507 3746 3907 3757
f 3540 3758 3908 3757
f 3502 3759 3908 3758
f 3516 3748 3908 3759
f 3507 3757 3908 3748
f 3527 3760 3909 3763
f 3433 3761 3909 3760
f 3542 3762 3909 3761
f 3508 3763 3909 3762
f 3510 3764 3910 3766
f 3537 3765 3910 3764
f 3523 3750 3910 3765
f 3509 3766 3910 3750
f 3538 3767 3911 3722
f 3525 3768 3911 3767
f 3528 3732 3911 3768
f 3511 3722 3911 3732
f 3529 3769 3912 3754
f 3530 3770 3912 3769
f 3521 3745 3912 3770
f 3512 3754 3912 3745
f 3515 3771 3913 3744
f 3520 3772 3913 3771
f 3517 3726 3913 3772
f 3513 3744 3913 3726
f 3516 3773 3914 3749
f 3524 3774 3914 3773
f 3515 3743 3914 3774
f 3514 3749 3914 3743
f 3502 3775 3915 3759
f 3532 3776 3915 3775
f 3524 3773 3915 3776
f 3516 3759 3915 3773
f 3530 3777 3916 3770
f 3534 3778 3916 3777
f 3533 3755 3916 3778
f 3521 3770 3916 3755
f 3537 3779 3917 3765
f 3407 3780 3917 3779
f 3438 3781 3917 3780
f 3523 3765 3917 3781
f 3438 3782 3918 3781
f 3525 3767 3918 3782
f 3538 3751 3918 3767
f 3523 3781 3918 3751
f 3532 3783 3919 3776
f 3539 3784 3919 3783
f 3504 3785 3919 3784
f 3524 3776 3919 3785
f 3525 3786 3920 3768
f 3505 3787 3920 3786
f 3529 3753 3920 3787
f 3528 3768 3920 3753
f 3505 3788 3921 3787
f 3531 3789 3921 3788
f 3530 3769 3921 3789
f 3529 3787 3921 3769
f 3531 3790 3922 3789
f 3535 3791 3922 3790
f 3534 3777 3922 3791
f 3530 3789 3922 3777
f 3505 3792 3923 3788
f 3398 3793 3923 3792
f 3503 3794 3923 3793
f 3531 3788 3923 3794
f 3503 3795 3924 3794
f 3541 3796 3924 3795
f 3535 3790 3924 3796
f 3531 3794 3924 3790
f 3542 3797 3925 3800
f 3432 3798 3925 3797
f 3543 3799 3925 3798
f 3536 3800 3925 3799
f 3526 3801 3926 3803
f 3411 3802 3926 3801
f 3407 3779 3926 3802
f 3537 3803 3926 3779
f 3433 3804 3927 3761
f 3379 3805 3927 3804
f 3432 3797 3927 3805
f 3542 3761 3927 3797
f 3494 3806 3928 3808
f 3377 3807 3928 3806
f 3411 3801 3928 3807
f 3526 3808 3928 3801
f 3438 3809 3929 3782
f 3398 3792 3929 3809
f 3505 3786 3929 3792
f 3525 3782 3929 3786
f 3407 3810 3930 3780
f 3408 3811 3930 3810
f 3398 3809 3930 3811
f 3438 3780 3930 3809
f 3374 3812 3931 3815
f 3373 3813 3931 3812
f 3386 3814 3931 3813
f 3434 3815 3931 3814
f 3386 3816 3932 3819
f 3376 3817 3932 3816
f 3378 3818 3932 3817
f 3427 3819 3932 3818
f 3376 3820 3933 3817
f 3372 3821 3933 3820
f 3375 3822 3933 3821
f 3378 3817 3933 3822
f 3937 4085 4342 4088
f 3942 4086 4342 4085
f 3935 4087 4342 4086
f 3934 4088 4342 4087
f 3951 4089 4343 4092
f 3946 4090 4343 4089
f 3943 4091 4343 4090
f 3936 4092 4343 4091
f 3943 4093 4344 4091
f 3942 4085 4344 4093
f 3937 4094 4344 4085
f 3936 4091 4344 4094
f 3942 4093 4345 4097
f 3943 4095 4345 4093
f 3945 4096 4345 4095
f 3938 4097 4345 4096
f 3945 4098 4346 4096
f 3948 4099 4346 4098
f 3940 4100 4346 4099
f 3938 4096 4346 4100
f 3944 4101 4347 4104
f 3947 4102 4347 4101
f 3950 4103 4347 4102
f 3939 4104 4347 4103
f 3946 4105 4348 4090
f 3955 4106 4348 4105
f 3945 4095 4348 4106
f 3943 4090 4348 4095
f 3952 4107 4349 4109
f 3953 4108 4349 4107
f 3947 4101 4349 4108
f 3944 4109 4349 4101
f 3955 4110 4350 4106
f 3956 4111 4350 4110
f 3948 4098 4350 4111
f 3945 4106 4350 4098
f 3951 4112 4351 4089
f 3950 4113 4351 4112
f 3949 4114 4351 4113
f 3946 4089 4351 4114
f 3949 4115 4352 4114
f 3959 4116 4352 4115
f 3955 4105 4352 4116
f 3946 4114 4352 4105
f 3953 4117 4353 4108
f 3964 4118 4353 4117
f 3957 4119 4353 4118
f 3947 4108 4353 4119
f 3957 4120 4354 4119
f 3949 4113 4354 4120
f 3950 4102 4354 4113
f 3947 4119 4354 4102
f 3957 4121 4355 4120
f 3962 4122 4355 4121
f 3959 4115 4355 4122
f 3949 4120 4355 4115
f 3954 4123 4356 4125
f 3958 4124 4356 4123
f 3953 4107 4356 4124
f 3952 4125 4356 4107
f 3958 4126 4357 4124
f 3969 4127 4357 4126
f 3964 4117 4357 4127
f 3953 4124 4357 4117
f 3967 4128 4358 4131
f 3961 4129 4358 4128
f 3960 4130 4358 4129
f 3954 4131 4358 4130
f 3960 4132 4359 4130
f 3965 4133 4359 4132
f 3958 4123 4359 4133
f 3954 4130 4359 4123
f 3959 4134 4360 4116
f 3963 4135 4360 4134
f 3956 4110 4360 4135
f 3955 4116 4360 4110
f 3964 4136 4361 4118
f 3970 4137 4361 4136
f 3962 4121 4361 4137
f 3957 4118 4361 4121
f 3965 4138 4362 4133
f 3977 4139 4362 4138
f 3969 4126 4362 4139
f 3958 4133 4362 4126
f 3962 4140 4363 4122
f 3968 4141 4363 4140
f 3963 4134 4363 4141
f 3959 4122 4363 4134
f 3961 4142 4364 4129
f 3971 4143 4364 4142
f 3966 4144 4364 4143
f 3960 4129 4364 4144
f 3966 4145 4365 4144
f 3973 4146 4365 4145
f 3965 4132 4365 4146
f 3960 4144 4365 4132
f 3970 4147 4366 4137
f 3976 4148 4366 4147
f 3968 4140 4366 4148
f 3962 4137 4366 4140
f 3969 4149 4367 4127
f 3979 4150 4367 4149
f 3970 4136 4367 4150
f 3964 4127 4367 4136
f 3973 4151 4368 4146
f 3983 4152 4368 4151
f 3977 4138 4368 4152
f 3965 4146 4368 4138
f 3974 4153 4369 4155
f 3980 4154 4369 4153
f 3973 4145 4369 4154
f 3966 4155 4369 4145
f 3977 4156 4370 4139
f 3987 4157 4370 4156
f 3979 4149 4370 4157
f 3969 4139 4370 4149
f 3979 4158 4371 4150
f 3982 4159 4371 4158
f 3976 4147 4371 4159
f 3970 4150 4371 4147
f 3980 4160 4372 4154
f 3992 4161 4372 4160
f 3983 4151 4372 4161
f 3973 4154 4372 4151
f 3985 4162 4373 4164
f 3993 4163 4373 4162
f 3980 4153 4373 4163
f 3974 4164 4373 4153
f 3976 4159 4374 4167
f 3982 4165 4374 4159
f 3978 4166 4374 4165
f 3975 4167 4374 4166
f 3983 4168 4375 4152
f 3984 4169 4375 4168
f 3987 4156 4375 4169
f 3977 4152 4375 4156
f 3982 4170 4376 4165
f 3988 4171 4376 4170
f 3981 4172 4376 4171
f 3978 4165 4376 4172
f 3987 4173 4377 4157
f 3988 4170 4377 4173
f 3982 4158 4377 4170
f 3979 4157 4377 4158
f 3993 4174 4378 4163
f 3999 4175 4378 4174
f 3992 4160 4378 4175
f 3980 4163 4378 4160
f 3988 4176 4379 4171
f 3991 4177 4379 4176
f 3986 4178 4379 4177
f 3981 4171 4379 4178
f 3992 4179 4380 4161
f 3990 4180 4380 4179
f 3984 4168 4380 4180
f 3983 4161 4380 4168
f 3990 4181 4381 4180
f 3997 4182 4381 4181
f 3991 4183 4381 4182
f 3984 4180 4381 4183
f 3991 4176 4382 4183
f 3988 4173 4382 4176
f 3987 4169 4382 4173
f 3984 4183 4382 4169
f 3996 4184 4383 4186
f 3995 4185 4383 4184
f 3993 4162 4383 4185
f 3985 4186 4383 4162
f 3991 4182 4384 4177
f 3997 4187 4384 4182
f 3989 4188 4384 4187
f 3986 4177 4384 4188
f 3992 4175 4385 4179
f 3999 4189 4385 4175
f 3998 4190 4385 4189
f 3990 4179 4385 4190
f 3998 4191 4386 4190
f 4001 4192 4386 4191
f 3997 4181 4386 4192
f 3990 4190 4386 4181
f 3995 4193 4387 4185
f 4008 4194 4387 4193
f 3999 4174 4387 4194
f 3993 4185 4387 4174
f 3996 4195 4388 4184
f 4000 4196 4388 4195
f 4004 4197 4388 4196
f 3995 4184 4388 4197
f 4004 4198 4389 4197
f 4010 4199 4389 4198
f 4008 4193 4389 4199
f 3995 4197 4389 4193
f 3999 4194 4390 4189
f 4008 4200 4390 4194
f 4003 4201 4390 4200
f 3998 4189 4390 4201
f 4003 4202 4391 4201
f 4002 4203 4391 4202
f 4001 4191 4391 4203
f 3998 4201 4391 4191
f 4003 4204 4392 4202
f 4007 4205 4392 4204
f 4013 4206 4392 4205
f 4002 4202 4392 4206
f 4008 4199 4393 4200
f 4010 4207 4393 4199
f 4007 4204 4393 4207
f 4003 4200 4393 4204
f 4000 4208 4394 4196
f 4012 4209 4394 4208
f 4005 4210 4394 4209
f 4004 4196 4394 4210
f 4005 4211 4395 4210
f 4009 4212 4395 4211
f 4010 4198 4395 4212
f 4004 4210 4395 4198
f 4012 4213 4396 4209
f 4019 4214 4396 4213
f 4011 4215 4396 4214
f 4005 4209 4396 4215
f 4011 4216 4397 4215
f 4017 4217 4397 4216
f 4009 4211 4397 4217
f 4005 4215 4397 4211
f 4010 4212 4398 4207
f 4009 4218 4398 4212
f 4014 4219 4398 4218
f 4007 4207 4398 4219
f 4014 4220 4399 4219
f 4016 4221 4399 4220
f 4013 4205 4399 4221
f 4007 4219 4399 4205
f 4017 4222 4400 4217
f 4018 4223 4400 4222
f 4014 4218 4400 4223
f 4009 4217 4400 4218
f 4019 4224 4401 4214
f 4027 4225 4401 4224
f 4022 4226 4401 4225
f 4011 4214 4401 4226
f 4022 4227 4402 4226
f 4024 4228 4402 4227
f 4017 4216 4402 4228
f 4011 4226 4402 4216
f 4000 4229 4403 4208
f 4020 4230 4403 4229
f 4025 4231 4403 4230
f 4012 4208 4403 4231
f 4025 4232 4404 4231
f 4032 4233 4404 4232
f 4019 4213 4404 4233
f 4012 4231 4404 4213
f 4018 4234 4405 4223
f 4015 4235 4405 4234
f 4016 4220 4405 4235
f 4014 4223 4405 4220
f 4024 4236 4406 4228
f 4023 4237 4406 4236
f 4018 4222 4406 4237
f 4017 4228 4406 4222
f 4032 4238 4407 4233
f 4036 4239 4407 4238
f 4027 4224 4407 4239
f 4019 4233 4407 4224
f 4029 4240 4408 4242
f 4034 4241 4408 4240
f 4025 4230 4408 4241
f 4020 4242 4408 4230
f 4027 4243 4409 4225
f 4033 4244 4409 4243
f 4028 4245 4409 4244
f 4022 4225 4409 4245
f 4028 4246 4410 4245
f 3994 4247 4410 4246
f 4024 4227 4410 4247
f 4022 4245 4410 4227
f 4024 4247 4411 4236
f 3994 4248 4411 4247
f 4031 4249 4411 4248
f 4023 4236 4411 4249
f 4033 4250 4412 4244
f 4038 4251 4412 4250
f 4037 4252 4412 4251
f 4028 4244 4412 4252
f 4037 4253 4413 4252
f 4031 4248 4413 4253
f 3994 4246 4413 4248
f 4028 4252 4413 4246
f 4046 4254 4414 4257
f 4049 4255 4414 4254
f 4042 4256 4414 4255
f 4040 4257 4414 4256
f 4047 4258 4415 4260
f 3941 4259 4415 4258
f 4049 4254 4415 4259
f 4046 4260 4415 4254
f 4053 4261 4416 4263
f 3972 4262 4416 4261
f 3941 4258 4416 4262
f 4047 4263 4416 4258
f 4049 4259 4417 4265
f 3941 4262 4417 4259
f 3972 4264 4417 4262
f 4048 4265 4417 4264
f 4055 4266 4418 4269
f 4058 4267 4418 4266
f 4059 4268 4418 4267
f 4053 4269 4418 4268
f 4059 4270 4419 4268
f 4057 4271 4419 4270
f 3972 4261 4419 4271
f 4053 4268 4419 4261
f 4056 4272 4420 4275
f 4060 4273 4420 4272
f 4061 4274 4420 4273
f 4054 4275 4420 4274
f 4061 4276 4421 4274
f 4058 4266 4421 4276
f 4055 4277 4421 4266
f 4054 4274 4421 4277
f 4059 4278 4422 4270
f 4063 4279 4422 4278
f 4062 4280 4422 4279
f 4057 4270 4422 4280
f 4061 4281 4423 4276
f 4064 4282 4423 4281
f 4065 4283 4423 4282
f 4058 4276 4423 4283
f 4065 4284 4424 4283
f 4063 4278 4424 4284
f 4059 4267 4424 4278
f 4058 4283 4424 4267
f 4066 4285 4425 4286
f 4064 4281 4425 4285
f 4061 4273 4425 4281
f 4060 4286 4425 4273
f 4063 4287 4426 4279
f 4068 4288 4426 4287
f 4067 4289 4426 4288
f 4062 4279 4426 4289
f 4065 4290 4427 4284
f 4075 4291 4427 4290
f 4068 4287 4427 4291
f 4063 4284 4427 4287
f 4066 4292 4428 4285
f 4073 4293 4428 4292
f 4072 4294 4428 4293
f 4064 4285 4428 4294
f 4072 4295 4429 4294
f 4075 4290 4429 4295
f 4065 4282 4429 4290
f 4064 4294 4429 4282
f 4069 4296 4430 4298
f 4078 4297 4430 4296
f 4073 4292 4430 4297
f 4066 4298 4430 4292
f 4068 4299 4431 4288
f 4071 4300 4431 4299
f 4070 4301 4431 4300
f 4067 4288 4431 4301
f 4075 4302 4432 4291
f 4074 4303 4432 4302
f 4071 4299 4432 4303
f 4068 4291 4432 4299
f 4076 4304 4433 4306
f 4083 4305 4433 4304
f 4078 4296 4433 4305
f 4069 4306 4433 4296
f 4074 4307 4434 4303
f 4081 4308 4434 4307
f 4045 4309 4434 4308
f 4071 4303 4434 4309
f 4073 4310 4435 4293
f 4080 4311 4435 4310
f 4077 4312 4435 4311
f 4072 4293 4435 4312
f 4077 4313 4436 4312
f 4074 4302 4436 4313
f 4075 4295 4436 4302
f 4072 4312 4436 4295
f 4078 4314 4437 4297
f 4079 4315 4437 4314
f 4080 4310 4437 4315
f 4073 4297 4437 4310
f 4077 4316 4438 4313
f 4052 4317 4438 4316
f 4081 4307 4438 4317
f 4074 4313 4438 4307
f 4080 4318 4439 4311
f 4039 4319 4439 4318
f 4052 4316 4439 4319
f 4077 4311 4439 4316
f 4083 4320 4440 4305
f 4082 4321 4440 4320
f 4079 4314 4440 4321
f 4078 4305 4440 4314
f 4082 4322 4441 4321
f 4084 4323 4441 4322
f 4050 4324 4441 4323
f 4079 4321 4441 4324
f 4050 4325 4442 4324
f 4039 4318 4442 4325
f 4080 4315 4442 4318
f 4079 4324 4442 4315
f 4052 4326 4443 4317
f 4035 4327 4443 4326
f 4041 4328 4443 4327
f 4081 4317 4443 4328
f 4051 4329 4444 4331
f 4044 4330 4444 4329
f 4084 4322 4444 4330
f 4082 4331 4444 4322
f 4083 4332 4445 4320
f 4043 4333 4445 4332
f 4051 4331 4445 4333
f 4082 4320 4445 4331
f 4044 4334 4446 4330
f 4030 4335 4446 4334
f 4026 4336 4446 4335
f 4084 4330 4446 4336
f 4026 4337 4447 4336
f 4021 4338 4447 4337
f 4050 4323 4447 4338
f 4084 4336 4447 4323
f 4039 4339 4448 4319
f 4006 4340 4448 4339
f 4035 4326 4448 4340
f 4052 4319 4448 4326
f 4021 4341 4449 4338
f 4006 4339 4449 4341
f 4039 4325 4449 4339
f 4050 4338 4449 4325
f 4465 4589 4813 4592
f 4557 4590 4813 4589
f 4586 4591 4813 4590
f 4451 4592 4813 4591
f 4586 4593 4814 4591
f 4574 4594 4814 4593
f 4453 4595 4814 4594
f 4451 4591 4814 4595
f 4453 4594 4815 4598
f 4574 4596 4815 4594
f 4587 4597 4815 4596
f 4452 4598 4815 4597
f 4455 4599 4816 4602
f 4555 4600 4816 4599
f 4556 4601 4816 4600
f 4454 4602 4816 4601
f 4556 4603 4817 4601
f 4557 4589 4817 4603
f 4465 4604 4817 4589
f 4454 4601 4817 4604
f 4456 4605 4818 4607
f 4585 4606 4818 4605
f 4555 4599 4818 4606
f 4455 4607 4818 4599
f 4457 4608 4819 4610
f 4553 4609 4819 4608
f 4585 4605 4819 4609
f 4456 4610 4819 4605
f 4522 4611 4820 4614
f 4541 4612 4820 4611
f 4542 4613 4820 4612
f 4457 4614 4820 4613
f 4483 4615 4821 4618
f 4509 4616 4821 4615
f 4482 4617 4821 4616
f 4458 4618 4821 4617
f 4482 4619 4822 4617
f 4461 4620 4822 4619
f 4462 4621 4822 4620
f 4458 4617 4822 4621
f 4462 4622 4823 4621
f 4466 4623 4823 4622
f 4484 4624 4823 4623
f 4458 4621 4823 4624
f 4484 4625 4824 4624
f 4507 4626 4824 4625
f 4483 4618 4824 4626
f 4458 4624 4824 4618
f 4489 4627 4825 4630
f 4486 4628 4825 4627
f 4521 4629 4825 4628
f 4459 4630 4825 4629
f 4460 4631 4826 4633
f 4490 4632 4826 4631
f 4489 4630 4826 4632
f 4459 4633 4826 4630
f 4491 4634 4827 4636
f 4504 4635 4827 4634
f 4490 4631 4827 4635
f 4460 4636 4827 4631
f 4482 4637 4828 4619
f 4481 4638 4828 4637
f 4464 4639 4828 4638
f 4461 4619 4828 4639
f 4485 4640 4829 4642
f 4484 4623 4829 4640
f 4466 4641 4829 4623
f 4463 4642 4829 4641
f 4521 4628 4830 4644
f 4486 4643 4830 4628
f 4485 4642 4830 4643
f 4463 4644 4830 4642
f 4469 4645 4831 4648
f 4475 4646 4831 4645
f 4472 4647 4831 4646
f 4468 4648 4831 4647
f 4472 4649 4832 4647
f 4473 4650 4832 4649
f 4519 4651 4832 4650
f 4468 4647 4832 4651
f 4470 4652 4833 4654
f 4516 4653 4833 4652
f 4475 4645 4833 4653
f 4469 4654 4833 4645
f 4471 4655 4834 4657
f 4518 4656 4834 4655
f 4516 4652 4834 4656
f 4470 4657 4834 4652
f 4475 4658 4835 4646
f 4498 4659 4835 4658
f 4517 4660 4835 4659
f 4472 4646 4835 4660
f 4517 4661 4836 4660
f 4474 4662 4836 4661
f 4473 4649 4836 4662
f 4472 4660 4836 4649
f 4517 4663 4837 4661
f 4497 4664 4837 4663
f 4493 4665 4837 4664
f 4474 4661 4837 4665
f 4516 4666 4838 4653
f 4499 4667 4838 4666
f 4498 4658 4838 4667
f 4475 4653 4838 4658
f 4477 4668 4839 4671
f 4479 4669 4839 4668
f 4478 4670 4839 4669
f 4476 4671 4839 4670
f 4478 4672 4840 4670
f 4513 4673 4840 4672
f 4518 4674 4840 4673
f 4476 4670 4840 4674
f 4479 4675 4841 4669
f 4512 4676 4841 4675
f 4502 4677 4841 4676
f 4478 4669 4841 4677
f 4502 4678 4842 4677
f 4500 4679 4842 4678
f 4513 4672 4842 4679
f 4478 4677 4842 4672
f 4514 4680 4843 4682
f 4501 4681 4843 4680
f 4512 4675 4843 4681
f 4479 4682 4843 4675
f 4482 4616 4844 4637
f 4509 4683 4844 4616
f 4508 4684 4844 4683
f 4481 4637 4844 4684
f 4501 4685 4845 4687
f 4511 4686 4845 4685
f 4509 4615 4845 4686
f 4483 4687 4845 4615
f 4507 4688 4846 4626
f 4512 4681 4846 4688
f 4501 4687 4846 4681
f 4483 4626 4846 4687
f 4485 4689 4847 4640
f 4506 4690 4847 4689
f 4507 4625 4847 4690
f 4484 4640 4847 4625
f 4486 4691 4848 4643
f 4487 4692 4848 4691
f 4506 4689 4848 4692
f 4485 4643 4848 4689
f 4489 4693 4849 4627
f 4488 4694 4849 4693
f 4487 4691 4849 4694
f 4486 4627 4849 4691
f 4500 4678 4850 4696
f 4502 4695 4850 4678
f 4506 4692 4850 4695
f 4487 4696 4850 4692
f 4488 4697 4851 4694
f 4503 4698 4851 4697
f 4500 4696 4851 4698
f 4487 4694 4851 4696
f 4489 4632 4852 4693
f 4490 4699 4852 4632
f 4495 4700 4852 4699
f 4488 4693 4852 4700
f 4495 4701 4853 4700
f 4496 4702 4853 4701
f 4503 4697 4853 4702
f 4488 4700 4853 4697
f 4504 4703 4854 4635
f 4494 4704 4854 4703
f 4495 4699 4854 4704
f 4490 4635 4854 4699
f 4520 4705 4855 4707
f 4492 4706 4855 4705
f 4504 4634 4855 4706
f 4491 4707 4855 4634
f 4505 4708 4856 4709
f 4494 4703 4856 4708
f 4504 4706 4856 4703
f 4492 4709 4856 4706
f 4497 4710 4857 4664
f 4494 4708 4857 4710
f 4505 4711 4857 4708
f 4493 4664 4857 4711
f 4497 4712 4858 4710
f 4496 4701 4858 4712
f 4495 4704 4858 4701
f 4494 4710 4858 4704
f 4498 4667 4859 4714
f 4499 4713 4859 4667
f 4503 4702 4859 4713
f 4496 4714 4859 4702
f 4497 4663 4860 4712
f 4517 4659 4860 4663
f 4498 4714 4860 4659
f 4496 4712 4860 4714
f 4516 4656 4861 4666
f 4518 4673 4861 4656
f 4513 4715 4861 4673
f 4499 4666 4861 4715
f 4513 4679 4862 4715
f 4500 4698 4862 4679
f 4503 4713 4862 4698
f 4499 4715 4862 4713
f 4514 4716 4863 4680
f 4515 4717 4863 4716
f 4511 4685 4863 4717
f 4501 4680 4863 4685
f 4512 4688 4864 4676
f 4507 4690 4864 4688
f 4506 4695 4864 4690
f 4502 4676 4864 4695
f 4509 4686 4865 4683
f 4511 4718 4865 4686
f 4510 4719 4865 4718
f 4508 4683 4865 4719
f 4538 4720 4866 4723
f 4528 4721 4866 4720
f 4526 4722 4866 4721
f 4523 4723 4866 4722
f 4540 4724 4867 4726
f 4529 4725 4867 4724
f 4538 4723 4867 4725
f 4523 4726 4867 4723
f 4526 4721 4868 4729
f 4528 4727 4868 4721
f 4527 4728 4868 4727
f 4524 4729 4868 4728
f 4538 4730 4869 4720
f 4535 4731 4869 4730
f 4539 4732 4869 4731
f 4528 4720 4869 4732
f 4533 4733 4870 4734
f 4535 4730 4870 4733
f 4538 4725 4870 4730
f 4529 4734 4870 4725
f 4540 4735 4871 4724
f 4542 4612 4871 4735
f 4541 4736 4871 4612
f 4529 4724 4871 4736
f 4541 4737 4872 4736
f 4537 4738 4872 4737
f 4533 4734 4872 4738
f 4529 4736 4872 4734
f 4536 4739 4873 4741
f 4539 4731 4873 4739
f 4535 4740 4873 4731
f 4532 4741 4873 4740
f 4535 4733 4874 4740
f 4533 4742 4874 4733
f 4534 4743 4874 4742
f 4532 4740 4874 4743
f 4544 4744 4875 4747
f 4579 4745 4875 4744
f 4467 4746 4875 4745
f 4543 4747 4875 4746
f 4548 4748 4876 4751
f 4531 4749 4876 4748
f 4530 4750 4876 4749
f 4546 4751 4876 4750
f 4550 4752 4877 4755
f 4571 4753 4877 4752
f 4572 4754 4877 4753
f 4549 4755 4877 4754
f 4572 4756 4878 4754
f 4573 4757 4878 4756
f 4450 4758 4878 4757
f 4549 4754 4878 4758
f 4551 4759 4879 4761
f 4570 4760 4879 4759
f 4571 4752 4879 4760
f 4550 4761 4879 4752
f 4545 4762 4880 4764
f 4568 4763 4880 4762
f 4570 4759 4880 4763
f 4551 4764 4880 4759
f 4588 4765 4881 4768
f 4567 4766 4881 4765
f 4569 4767 4881 4766
f 4552 4768 4881 4767
f 4569 4769 4882 4767
f 4568 4762 4882 4769
f 4545 4770 4882 4762
f 4552 4767 4882 4770
f 4554 4771 4883 4774
f 4525 4772 4883 4771
f 4562 4773 4883 4772
f 4553 4774 4883 4773
f 4562 4775 4884 4773
f 4561 4776 4884 4775
f 4585 4609 4884 4776
f 4553 4773 4884 4609
f 4584 4777 4885 4779
f 4575 4778 4885 4777
f 4525 4771 4885 4778
f 4554 4779 4885 4771
f 4585 4776 4886 4606
f 4561 4780 4886 4776
f 4560 4781 4886 4780
f 4555 4606 4886 4781
f 4560 4782 4887 4781
f 4559 4783 4887 4782
f 4556 4600 4887 4783
f 4555 4781 4887 4600
f 4559 4784 4888 4783
f 4558 4785 4888 4784
f 4557 4603 4888 4785
f 4556 4783 4888 4603
f 4558 4786 4889 4785
f 4564 4787 4889 4786
f 4586 4590 4889 4787
f 4557 4785 4889 4590
f 4574 4593 4890 4789
f 4586 4787 4890 4593
f 4564 4788 4890 4787
f 4563 4789 4890 4788
f 4565 4790 4891 4791
f 4587 4596 4891 4790
f 4574 4789 4891 4596
f 4563 4791 4891 4789
f 4566 4792 4892 4794
f 4547 4793 4892 4792
f 4587 4790 4892 4793
f 4565 4794 4892 4790
f 4567 4765 4893 4796
f 4588 4795 4893 4765
f 4547 4792 4893 4795
f 4566 4796 4893 4792
f 4530 4749 4894 4798
f 4531 4797 4894 4749
f 4450 4757 4894 4797
f 4573 4798 4894 4757
f 4584 4799 4895 4777
f 4583 4800 4895 4799
f 4576 4801 4895 4800
f 4575 4777 4895 4801
f 4583 4802 4896 4800
f 4582 4803 4896 4802
f 4577 4804 4896 4803
f 4576 4800 4896 4804
f 4582 4805 4897 4803
f 4581 4806 4897 4805
f 4578 4807 4897 4806
f 4577 4803 4897 4807
f 4581 4808 4898 4806
f 4480 4809 4898 4808
f 4580 4810 4898 4809
f 4578 4806 4898 4810
f 4580 4809 4899 4812
f 4480 4811 4899 4809
f 4467 4745 4899 4811
f 4579 4812 4899 4745
f 4901 5075 5379 5078
f 4908 5076 5379 5075
f 4909 5077 5379 5076
f 4900 5078 5379 5077
f 4902 5079 5380 5081
f 4906 5080 5380 5079
f 4908 5075 5380 5080
f 4901 5081 5380 5075
f 4903 5082 5381 5084
f 4907 5083 5381 5082
f 4906 5079 5381 5083
f 4902 5084 5381 5079
f 4987 5085 5382 5087
f 4905 5086 5382 5085
f 4907 5082 5382 5086
f 4903 5087 5382 5082
f 5004 5088 5383 5091
f 4916 5089 5383 5088
f 5072 5090 5383 5089
f 4904 5091 5383 5090
f 5072 5092 5384 5090
f 4905 5085 5384 5092
f 4987 5093 5384 5085
f 4904 5090 5384 5093
f 5072 5094 5385 5092
f 4914 5095 5385 5094
f 4912 5096 5385 5095
f 4905 5092 5385 5096
f 4912 5097 5386 5096
f 4913 5098 5386 5097
f 4907 5086 5386 5098
f 4905 5096 5386 5086
f 4907 5098 5387 5083
f 4913 5099 5387 5098
f 5074 5100 5387 5099
f 4906 5083 5387 5100
f 4913 5097 5388 5103
f 4912 5101 5388 5097
f 4911 5102 5388 5101
f 4910 5103 5388 5102
f 5023 5104 5389 5107
f 5019 5105 5389 5104
f 5073 5106 5389 5105
f 4911 5107 5389 5106
f 4912 5095 5390 5101
f 4914 5108 5390 5095
f 5023 5107 5390 5108
f 4911 5101 5390 5107
f 4915 5109 5391 5111
f 5022 5110 5391 5109
f 5023 5108 5391 5110
f 4914 5111 5391 5108
f 5072 5089 5392 5094
f 4916 5112 5392 5089
f 4915 5111 5392 5112
f 4914 5094 5392 5111
f 4959 5113 5393 5115
f 5021 5114 5393 5113
f 5022 5109 5393 5114
f 4915 5115 5393 5109
f 4916 5116 5394 5112
f 4958 5117 5394 5116
f 4959 5115 5394 5117
f 4915 5112 5394 5115
f 5004 5118 5395 5088
f 4917 5119 5395 5118
f 4958 5116 5395 5119
f 4916 5088 5395 5116
f 5071 5120 5396 5122
f 5044 5121 5396 5120
f 4958 5119 5396 5121
f 4917 5122 5396 5119
f 4919 5123 5397 5126
f 4956 5124 5397 5123
f 5071 5125 5397 5124
f 4918 5126 5397 5125
f 4957 5127 5398 5129
f 4955 5128 5398 5127
f 4956 5123 5398 5128
f 4919 5129 5398 5123
f 5068 5130 5399 5133
f 5002 5131 5399 5130
f 5045 5132 5399 5131
f 4920 5133 5399 5132
f 4949 5134 5400 5137
f 4948 5135 5400 5134
f 5047 5136 5400 5135
f 4921 5137 5400 5136
f 5047 5138 5401 5136
f 4978 5139 5401 5138
f 4950 5140 5401 5139
f 4921 5136 5401 5140
f 4925 5141 5402 5144
f 4970 5142 5402 5141
f 5065 5143 5402 5142
f 4922 5144 5402 5143
f 5066 5145 5403 5148
f 4929 5146 5403 5145
f 4924 5147 5403 5146
f 4923 5148 5403 5147
f 4924 5149 5404 5147
f 4947 5150 5404 5149
f 5067 5151 5404 5150
f 4923 5147 5404 5151
f 4929 5152 5405 5146
f 4930 5153 5405 5152
f 5063 5154 5405 5153
f 4924 5146 5405 5154
f 5063 5155 5406 5154
f 5048 5156 5406 5155
f 4947 5149 5406 5156
f 4924 5154 5406 5149
f 5064 5157 5407 5160
f 5054 5158 5407 5157
f 4970 5159 5407 5158
f 4926 5160 5407 5159
f 5059 5161 5408 5164
f 5061 5162 5408 5161
f 4928 5163 5408 5162
f 4927 5164 5408 5163
f 4928 5165 5409 5163
f 5065 5142 5409 5165
f 4970 5166 5409 5142
f 4927 5163 5409 5166
f 4970 5158 5410 5166
f 5054 5167 5410 5158
f 5055 5168 5410 5167
f 4927 5166 5410 5168
f 5061 5169 5411 5162
f 4930 5152 5411 5169
f 4929 5170 5411 5152
f 4928 5162 5411 5170
f 4929 5145 5412 5170
f 5066 5171 5412 5145
f 5065 5165 5412 5171
f 4928 5170 5412 5165
f 5061 5172 5413 5169
f 4932 5173 5413 5172
f 5060 5174 5413 5173
f 4930 5169 5413 5174
f 5060 5175 5414 5174
f 4931 5176 5414 5175
f 5063 5153 5414 5176
f 4930 5174 5414 5153
f 5060 5177 5415 5175
f 4934 5178 5415 5177
f 5062 5179 5415 5178
f 4931 5175 5415 5179
f 5062 5180 5416 5179
f 5049 5181 5416 5180
f 4946 5182 5416 5181
f 4931 5179 5416 5182
f 4946 5183 5417 5182
f 5048 5155 5417 5183
f 5063 5176 5417 5155
f 4931 5182 5417 5176
f 5053 5184 5418 5187
f 5058 5185 5418 5184
f 4933 5186 5418 5185
f 4932 5187 5418 5186
f 4933 5188 5419 5186
f 4934 5177 5419 5188
f 5060 5173 5419 5177
f 4932 5186 5419 5173
f 5061 5161 5420 5172
f 5059 5189 5420 5161
f 5053 5187 5420 5189
f 4932 5172 5420 5187
f 5058 5190 5421 5185
f 5057 5191 5421 5190
f 4936 5192 5421 5191
f 4933 5185 5421 5192
f 4936 5193 5422 5192
f 4935 5194 5422 5193
f 4934 5188 5422 5194
f 4933 5192 5422 5188
f 4935 5195 5423 5194
f 4945 5196 5423 5195
f 5062 5178 5423 5196
f 4934 5194 5423 5178
f 4936 5197 5424 5193
f 4937 5198 5424 5197
f 5056 5199 5424 5198
f 4935 5193 5424 5199
f 5056 5200 5425 5199
f 4944 5201 5425 5200
f 4945 5195 5425 5201
f 4935 5199 5425 5195
f 5057 5202 5426 5191
f 4938 5203 5426 5202
f 4937 5197 5426 5203
f 4936 5191 5426 5197
f 4938 5204 5427 5203
f 5052 5205 5427 5204
f 4943 5206 5427 5205
f 4937 5203 5427 5206
f 4943 5207 5428 5206
f 4942 5208 5428 5207
f 5056 5198 5428 5208
f 4937 5206 5428 5198
f 4941 5209 5429 5212
f 5050 5210 5429 5209
f 4942 5211 5429 5210
f 4939 5212 5429 5211
f 4942 5207 5430 5211
f 4943 5213 5430 5207
f 4940 5214 5430 5213
f 4939 5211 5430 5214
f 4943 5205 5431 5213
f 5052 5215 5431 5205
f 5051 5216 5431 5215
f 4940 5213 5431 5216
f 4971 5217 5432 5219
f 4972 5218 5432 5217
f 5050 5209 5432 5218
f 4941 5219 5432 5209
f 5050 5220 5433 5210
f 4944 5200 5433 5220
f 5056 5208 5433 5200
f 4942 5210 5433 5208
f 5050 5218 5434 5220
f 4972 5221 5434 5218
f 4973 5222 5434 5221
f 4944 5220 5434 5222
f 4973 5223 5435 5222
f 4974 5224 5435 5223
f 4945 5201 5435 5224
f 4944 5222 5435 5201
f 4974 5225 5436 5224
f 5049 5180 5436 5225
f 5062 5196 5436 5180
f 4945 5224 5436 5196
f 5049 5226 5437 5181
f 4985 5227 5437 5226
f 4975 5228 5437 5227
f 4946 5181 5437 5228
f 4975 5229 5438 5228
f 4976 5230 5438 5229
f 5048 5183 5438 5230
f 4946 5228 5438 5183
f 5048 5230 5439 5156
f 4976 5231 5439 5230
f 4948 5232 5439 5231
f 4947 5156 5439 5232
f 4948 5134 5440 5232
f 4949 5233 5440 5134
f 5067 5150 5440 5233
f 4947 5232 5440 5150
f 4976 5234 5441 5231
f 4977 5235 5441 5234
f 5047 5135 5441 5235
f 4948 5231 5441 5135
f 4978 5236 5442 5139
f 4979 5237 5442 5236
f 4951 5238 5442 5237
f 4950 5139 5442 5238
f 4979 5239 5443 5237
f 4980 5240 5443 5239
f 4952 5241 5443 5240
f 4951 5237 5443 5241
f 4980 5242 5444 5240
f 5046 5243 5444 5242
f 5069 5244 5444 5243
f 4952 5240 5444 5244
f 4954 5245 5445 5248
f 4962 5246 5445 5245
f 5040 5247 5445 5246
f 4953 5248 5445 5247
f 5040 5249 5446 5247
f 5039 5250 5446 5249
f 5070 5251 5446 5250
f 4953 5247 5446 5251
f 5045 5252 5447 5254
f 4963 5253 5447 5252
f 4962 5245 5447 5253
f 4954 5254 5447 5245
f 5039 5255 5448 5258
f 5041 5256 5448 5255
f 4961 5257 5448 5256
f 4955 5258 5448 5257
f 4961 5259 5449 5257
f 4960 5260 5449 5259
f 4956 5128 5449 5260
f 4955 5257 5449 5128
f 4957 5261 5450 5127
f 5070 5250 5450 5261
f 5039 5258 5450 5250
f 4955 5127 5450 5258
f 4960 5262 5451 5260
f 5044 5120 5451 5262
f 5071 5124 5451 5120
f 4956 5260 5451 5124
f 5044 5263 5452 5121
f 5043 5264 5452 5263
f 4959 5117 5452 5264
f 4958 5121 5452 5117
f 5043 5265 5453 5264
f 5020 5266 5453 5265
f 5021 5113 5453 5266
f 4959 5264 5453 5113
f 4961 5267 5454 5259
f 5025 5268 5454 5267
f 5024 5269 5454 5268
f 4960 5259 5454 5269
f 5024 5270 5455 5269
f 5043 5263 5455 5270
f 5044 5262 5455 5263
f 4960 5269 5455 5262
f 5041 5271 5456 5256
f 5031 5272 5456 5271
f 5025 5267 5456 5272
f 4961 5256 5456 5267
f 4963 5273 5457 5253
f 5038 5274 5457 5273
f 4964 5275 5457 5274
f 4962 5253 5457 5275
f 4964 5276 5458 5275
f 5042 5277 5458 5276
f 5040 5246 5458 5277
f 4962 5275 5458 5246
f 5001 5278 5459 5280
f 4989 5279 5459 5278
f 5038 5273 5459 5279
f 4963 5280 5459 5273
f 5045 5131 5460 5252
f 5002 5281 5460 5131
f 5001 5280 5460 5281
f 4963 5252 5460 5280
f 5038 5282 5461 5274
f 4966 5283 5461 5282
f 5037 5284 5461 5283
f 4964 5274 5461 5284
f 5037 5285 5462 5284
f 4965 5286 5462 5285
f 5042 5276 5462 5286
f 4964 5284 5462 5276
f 5037 5287 5463 5285
f 5034 5288 5463 5287
f 5010 5289 5463 5288
f 4965 5285 5463 5289
f 5010 5290 5464 5289
f 5029 5291 5464 5290
f 5031 5292 5464 5291
f 4965 5289 5464 5292
f 5031 5271 5465 5292
f 5041 5293 5465 5271
f 5042 5286 5465 5293
f 4965 5292 5465 5286
f 4967 5294 5466 5297
f 5006 5295 5466 5294
f 5007 5296 5466 5295
f 4966 5297 5466 5296
f 5007 5298 5467 5296
f 5034 5287 5467 5298
f 5037 5283 5467 5287
f 4966 5296 5467 5283
f 5038 5279 5468 5282
f 4989 5299 5468 5279
f 4967 5297 5468 5299
f 4966 5282 5468 5297
f 5036 5300 5469 5302
f 5005 5301 5469 5300
f 5006 5294 5469 5301
f 4967 5302 5469 5294
f 4989 5303 5470 5299
f 4991 5304 5470 5303
f 5036 5302 5470 5304
f 4967 5299 5470 5302
f 4994 5305 5471 5308
f 4996 5306 5471 5305
f 4995 5307 5471 5306
f 4968 5308 5471 5307
f 4995 5309 5472 5311
f 4972 5217 5472 5309
f 4971 5310 5472 5217
f 4969 5311 5472 5310
f 4995 5306 5473 5309
f 4996 5312 5473 5306
f 4973 5221 5473 5312
f 4972 5309 5473 5221
f 4996 5313 5474 5312
f 4997 5314 5474 5313
f 4974 5223 5474 5314
f 4973 5312 5474 5223
f 4985 5315 5475 5227
f 4998 5316 5475 5315
f 4984 5317 5475 5316
f 4975 5227 5475 5317
f 4984 5318 5476 5317
f 4977 5234 5476 5318
f 4976 5229 5476 5234
f 4975 5317 5476 5229
f 4984 5319 5477 5318
f 4982 5320 5477 5319
f 4983 5321 5477 5320
f 4977 5318 5477 5321
f 4983 5322 5478 5321
f 4978 5138 5478 5322
f 5047 5235 5478 5138
f 4977 5321 5478 5235
f 4983 5323 5479 5322
f 5003 5324 5479 5323
f 4979 5236 5479 5324
f 4978 5322 5479 5236
f 5003 5325 5480 5324
f 4981 5326 5480 5325
f 4980 5239 5480 5326
f 4979 5324 5480 5239
f 4981 5327 5481 5326
f 5000 5328 5481 5327
f 5046 5242 5481 5328
f 4980 5326 5481 5242
f 5003 5329 5482 5325
f 4999 5330 5482 5329
f 4988 5331 5482 5330
f 4981 5325 5482 5331
f 4988 5332 5483 5331
f 4991 5333 5483 5332
f 5000 5327 5483 5333
f 4981 5331 5483 5327
f 4984 5316 5484 5319
f 4998 5334 5484 5316
f 4993 5335 5484 5334
f 4982 5319 5484 5335
f 4993 5336 5485 5335
f 4992 5337 5485 5336
f 4999 5338 5485 5337
f 4982 5335 5485 5338
f 4999 5329 5486 5338
f 5003 5323 5486 5329
f 4983 5320 5486 5323
f 4982 5338 5486 5320
f 4997 5313 5487 5340
f 4996 5305 5487 5313
f 4994 5339 5487 5305
f 4986 5340 5487 5339
f 4990 5341 5488 5342
f 5036 5304 5488 5341
f 4991 5332 5488 5304
f 4988 5342 5488 5332
f 5001 5343 5489 5278
f 5000 5333 5489 5343
f 4991 5303 5489 5333
f 4989 5278 5489 5303
f 5001 5281 5490 5343
f 5002 5344 5490 5281
f 5046 5328 5490 5344
f 5000 5343 5490 5328
f 5068 5345 5491 5130
f 5069 5243 5491 5345
f 5046 5344 5491 5243
f 5002 5130 5491 5344
f 5035 5346 5492 5348
f 5009 5347 5492 5346
f 5006 5301 5492 5347
f 5005 5348 5492 5301
f 5009 5349 5493 5347
f 5008 5350 5493 5349
f 5007 5295 5493 5350
f 5006 5347 5493 5295
f 5008 5351 5494 5350
f 5033 5352 5494 5351
f 5034 5298 5494 5352
f 5007 5350 5494 5298
f 5034 5352 5495 5288
f 5033 5353 5495 5352
f 5032 5354 5495 5353
f 5010 5288 5495 5354
f 5029 5355 5496 5358
f 5016 5356 5496 5355
f 5015 5357 5496 5356
f 5011 5358 5496 5357
f 5015 5359 5497 5357
f 5012 5360 5497 5359
f 5030 5361 5497 5360
f 5011 5357 5497 5361
f 5030 5362 5498 5361
f 5024 5268 5498 5362
f 5025 5363 5498 5268
f 5011 5361 5498 5363
f 5025 5272 5499 5363
f 5031 5291 5499 5272
f 5029 5358 5499 5291
f 5011 5363 5499 5358
f 5015 5364 5500 5359
f 5014 5365 5500 5364
f 5013 5366 5500 5365
f 5012 5359 5500 5366
f 5013 5367 5501 5366
f 5017 5368 5501 5367
f 5027 5369 5501 5368
f 5012 5366 5501 5369
f 5027 5370 5502 5369
f 5020 5371 5502 5370
f 5030 5360 5502 5371
f 5012 5369 5502 5360
f 5028 5372 5503 5374
f 5026 5373 5503 5372
f 5027 5368 5503 5373
f 5017 5374 5503 5368
f 5019 5104 5504 5376
f 5023 5110 5504 5104
f 5022 5375 5504 5110
f 5018 5376 5504 5375
f 5022 5114 5505 5375
f 5021 5377 5505 5114
f 5026 5378 5505 5377
f 5018 5375 5505 5378
f 5027 5373 5506 5370
f 5026 5377 5506 5373
f 5021 5266 5506 5377
f 5020 5370 5506 5266
f 5043 5270 5507 5265
f 5024 5362 5507 5270
f 5030 5371 5507 5362
f 5020 5265 5507 5371
f 5040 5277 5508 5249
f 5042 5293 5508 5277
f 5041 5255 5508 5293
f 5039 5249 5508 5255
f 5518 5630 5826 5633
f 5521 5631 5826 5630
f 5513 5632 5826 5631
f 5511 5633 5826 5632
f 5524 5634 5827 5637
f 5528 5635 5827 5634
f 5523 5636 5827 5635
f 5519 5637 5827 5636
f 5523 5638 5828 5641
f 5526 5639 5828 5638
f 5525 5640 5828 5639
f 5520 5641 5828 5640
f 5528 5642 5829 5635
f 5529 5643 5829 5642
f 5526 5638 5829 5643
f 5523 5635 5829 5638
f 5532 5644 5830 5646
f 5538 5645 5830 5644
f 5528 5634 5830 5645
f 5524 5646 5830 5634
f 5526 5647 5831 5639
f 5531 5648 5831 5647
f 5530 5649 5831 5648
f 5525 5639 5831 5649
f 5529 5650 5832 5643
f 5537 5651 5832 5650
f 5531 5647 5832 5651
f 5526 5643 5832 5647
f 5530 5648 5833 5654
f 5531 5652 5833 5648
f 5534 5653 5833 5652
f 5527 5654 5833 5653
f 5534 5655 5834 5653
f 5542 5656 5834 5655
f 5535 5657 5834 5656
f 5527 5653 5834 5657
f 5538 5658 5835 5645
f 5540 5659 5835 5658
f 5529 5642 5835 5659
f 5528 5645 5835 5642
f 5540 5660 5836 5659
f 5544 5661 5836 5660
f 5537 5650 5836 5661
f 5529 5659 5836 5650
f 5537 5662 5837 5651
f 5536 5663 5837 5662
f 5534 5652 5837 5663
f 5531 5651 5837 5652
f 5536 5664 5838 5663
f 5539 5665 5838 5664
f 5542 5655 5838 5665
f 5534 5663 5838 5655
f 5542 5666 5839 5656
f 5549 5667 5839 5666
f 5541 5668 5839 5667
f 5535 5656 5839 5668
f 5537 5661 5840 5662
f 5544 5669 5840 5661
f 5546 5670 5840 5669
f 5536 5662 5840 5670
f 5546 5671 5841 5670
f 5552 5672 5841 5671
f 5539 5664 5841 5672
f 5536 5670 5841 5664
f 5543 5673 5842 5674
f 5549 5666 5842 5673
f 5542 5665 5842 5666
f 5539 5674 5842 5665
f 5552 5675 5843 5672
f 5551 5676 5843 5675
f 5543 5674 5843 5676
f 5539 5672 5843 5674
f 5545 5677 5844 5679
f 5550 5678 5844 5677
f 5549 5673 5844 5678
f 5543 5679 5844 5673
f 5551 5680 5845 5676
f 5558 5681 5845 5680
f 5545 5679 5845 5681
f 5543 5676 5845 5679
f 5547 5682 5846 5684
f 5554 5683 5846 5682
f 5550 5677 5846 5683
f 5545 5684 5846 5677
f 5558 5685 5847 5681
f 5559 5686 5847 5685
f 5547 5684 5847 5686
f 5545 5681 5847 5684
f 5548 5687 5848 5689
f 5556 5688 5848 5687
f 5554 5682 5848 5688
f 5547 5689 5848 5682
f 5559 5690 5849 5686
f 5564 5691 5849 5690
f 5548 5689 5849 5691
f 5547 5686 5849 5689
f 5561 5692 5850 5694
f 5557 5693 5850 5692
f 5556 5687 5850 5693
f 5548 5694 5850 5687
f 5564 5695 5851 5691
f 5565 5696 5851 5695
f 5561 5694 5851 5696
f 5548 5691 5851 5694
f 5561 5697 5852 5692
f 5562 5698 5852 5697
f 5560 5699 5852 5698
f 5557 5692 5852 5699
f 5568 5700 5853 5703
f 5576 5701 5853 5700
f 5574 5702 5853 5701
f 5560 5703 5853 5702
f 5562 5704 5854 5698
f 5566 5705 5854 5704
f 5568 5703 5854 5705
f 5560 5698 5854 5703
f 5565 5706 5855 5696
f 5563 5707 5855 5706
f 5562 5697 5855 5707
f 5561 5696 5855 5697
f 5563 5708 5856 5707
f 5567 5709 5856 5708
f 5566 5704 5856 5709
f 5562 5707 5856 5704
f 5572 5710 5857 5712
f 5573 5711 5857 5710
f 5568 5705 5857 5711
f 5566 5712 5857 5705
f 5567 5713 5858 5709
f 5569 5714 5858 5713
f 5572 5712 5858 5714
f 5566 5709 5858 5712
f 5583 5715 5859 5718
f 5584 5716 5859 5715
f 5580 5717 5859 5716
f 5577 5718 5859 5717
f 5584 5719 5860 5716
f 5587 5720 5860 5719
f 5588 5721 5860 5720
f 5580 5716 5860 5721
f 5589 5722 5861 5724
f 5590 5723 5861 5722
f 5584 5715 5861 5723
f 5583 5724 5861 5715
f 5590 5725 5862 5723
f 5594 5726 5862 5725
f 5587 5719 5862 5726
f 5584 5723 5862 5719
f 5593 5727 5863 5729
f 5600 5728 5863 5727
f 5588 5720 5863 5728
f 5587 5729 5863 5720
f 5594 5730 5864 5726
f 5598 5731 5864 5730
f 5593 5729 5864 5731
f 5587 5726 5864 5729
f 5601 5732 5865 5734
f 5607 5733 5865 5732
f 5594 5725 5865 5733
f 5590 5734 5865 5725
f 5595 5735 5866 5737
f 5617 5736 5866 5735
f 5600 5727 5866 5736
f 5593 5737 5866 5727
f 5598 5738 5867 5731
f 5609 5739 5867 5738
f 5595 5737 5867 5739
f 5593 5731 5867 5737
f 5607 5740 5868 5733
f 5605 5741 5868 5740
f 5598 5730 5868 5741
f 5594 5733 5868 5730
f 5599 5742 5869 5744
f 5621 5743 5869 5742
f 5617 5735 5869 5743
f 5595 5744 5869 5735
f 5609 5745 5870 5739
f 5606 5746 5870 5745
f 5599 5744 5870 5746
f 5595 5739 5870 5744
f 5603 5747 5871 5750
f 5608 5748 5871 5747
f 5604 5749 5871 5748
f 5597 5750 5871 5749
f 5605 5751 5872 5741
f 5610 5752 5872 5751
f 5609 5738 5872 5752
f 5598 5741 5872 5738
f 5620 5753 5873 5755
f 5619 5754 5873 5753
f 5621 5742 5873 5754
f 5599 5755 5873 5742
f 5606 5756 5874 5746
f 5611 5757 5874 5756
f 5620 5755 5874 5757
f 5599 5746 5874 5755
f 5617 5758 5875 5736
f 5585 5759 5875 5758
f 5622 5760 5875 5759
f 5600 5736 5875 5760
f 5618 5761 5876 5763
f 5623 5762 5876 5761
f 5610 5751 5876 5762
f 5605 5763 5876 5751
f 5609 5752 5877 5745
f 5610 5764 5877 5752
f 5615 5765 5877 5764
f 5606 5745 5877 5765
f 5615 5766 5878 5765
f 5509 5767 5878 5766
f 5611 5756 5878 5767
f 5606 5765 5878 5756
f 5623 5768 5879 5762
f 5627 5769 5879 5768
f 5615 5764 5879 5769
f 5610 5762 5879 5764
f 5624 5770 5880 5772
f 5628 5771 5880 5770
f 5620 5757 5880 5771
f 5611 5772 5880 5757
f 5509 5773 5881 5767
f 5626 5774 5881 5773
f 5624 5772 5881 5774
f 5611 5767 5881 5772
f 5627 5775 5882 5769
f 5626 5773 5882 5775
f 5509 5766 5882 5773
f 5615 5769 5882 5766
f 5614 5776 5883 5778
f 5581 5777 5883 5776
f 5623 5761 5883 5777
f 5618 5778 5883 5761
f 5628 5779 5884 5771
f 5582 5780 5884 5779
f 5619 5753 5884 5780
f 5620 5771 5884 5753
f 5581 5781 5885 5777
f 5616 5782 5885 5781
f 5627 5768 5885 5782
f 5623 5777 5885 5768
f 5613 5783 5886 5785
f 5629 5784 5886 5783
f 5628 5770 5886 5784
f 5624 5785 5886 5770
f 5626 5786 5887 5774
f 5625 5787 5887 5786
f 5613 5785 5887 5787
f 5624 5774 5887 5785
f 5626 5775 5888 5786
f 5627 5782 5888 5775
f 5616 5788 5888 5782
f 5625 5786 5888 5788
f 5616 5789 5889 5788
f 5596 5790 5889 5789
f 5602 5791 5889 5790
f 5625 5788 5889 5791
f 5602 5792 5890 5791
f 5612 5793 5890 5792
f 5613 5787 5890 5793
f 5625 5791 5890 5787
f 5629 5794 5891 5784
f 5578 5795 5891 5794
f 5582 5779 5891 5795
f 5628 5784 5891 5779
f 5592 5796 5892 5798
f 5571 5797 5892 5796
f 5578 5794 5892 5797
f 5629 5798 5892 5794
f 5613 5793 5893 5783
f 5612 5799 5893 5793
f 5592 5798 5893 5799
f 5629 5783 5893 5798
f 5591 5800 5894 5802
f 5533 5801 5894 5800
f 5592 5799 5894 5801
f 5612 5802 5894 5799
f 5602 5803 5895 5792
f 5586 5804 5895 5803
f 5591 5802 5895 5804
f 5612 5792 5895 5802
f 5596 5805 5896 5790
f 5570 5806 5896 5805
f 5586 5803 5896 5806
f 5602 5790 5896 5803
f 5553 5807 5897 5809
f 5555 5808 5897 5807
f 5570 5805 5897 5808
f 5596 5809 5897 5805
f 5533 5810 5898 5801
f 5514 5811 5898 5810
f 5571 5796 5898 5811
f 5592 5801 5898 5796
f 5579 5812 5899 5814
f 5516 5813 5899 5812
f 5533 5800 5899 5813
f 5591 5814 5899 5800
f 5586 5815 5900 5804
f 5575 5816 5900 5815
f 5579 5814 5900 5816
f 5591 5804 5900 5814
f 5570 5817 5901 5806
f 5517 5818 5901 5817
f 5575 5815 5901 5818
f 5586 5806 5901 5815
f 5522 5819 5902 5821
f 5512 5820 5902 5819
f 5516 5812 5902 5820
f 5579 5821 5902 5812
f 5575 5822 5903 5816
f 5515 5823 5903 5822
f 5522 5821 5903 5823
f 5579 5816 5903 5821
f 5516 5824 5904 5813
f 5510 5825 5904 5824
f 5514 5810 5904 5825
f 5533 5813 5904 5810
f 5998 5999 5906 5905
f 5906 5925 5923 5905
f 5922 5997 5998 5905
f 5999 6010 5924 5906
f 5924 5907 5925 5906
f 5924 5909 5908 5907
f 5909 5910 5959 5908
f 5956 6006 5910 5909
f 5924 6010 5956 5909
f 6006 5912 5911 5910
f 5913 5928 5960 5912
f 6006 5914 5913 5912
f 5916 5927 5928 5913
f 5914 5915 5916 5913
f 6006 5956 6005 5914
f 6005 6007 5915 5914
f 6009 5917 5916 5915
f 6007 6008 6009 5915
f 5917 5926 5927 5916
f 5918 5932 5926 5917
f 5919 5920 5932 5918
f 5934 5933 5920 5919
f 5932 5930 5929 5926
f 5929 5931 5927 5926
f 6008 6020 5936 5935
f 6020 6013 6044 5936
f 6059 6044 5974 5937
f 5974 5973 5939 5937
f 5939 5973 5972 5938
f 5972 5971 5940 5938
f 5971 5970 5941 5940
f 5970 6070 5942 5941
f 6070 5981 5982 5943
f 5982 5969 5944 5943
f 5969 5945 5946 5944
f 5969 6016 5968 5945
f 5968 6116 5948 5945
f 5948 5947 5946 5945
f 6116 5950 6117 5949
f 6116 5968 5966 5950
f 5966 5951 5952 5950
f 5952 5953 6117 5950
f 5966 5967 6017 5951
f 6017 5965 6115 5951
f 6115 6114 5952 5951
f 6114 5954 5953 5952
f 6068 6067 6117 5953
f 6114 5955 6021 5954
f 6114 6115 5964 5955
f 5964 5962 5963 5955
f 5963 5958 6021 5955
f 5958 5963 5961 5957
f 6115 5965 6019 5964
f 6017 6018 5993 5965
f 5968 6016 5967 5966
f 6016 6011 5991 5967
f 5991 6018 6017 5967
f 5982 6011 6016 5969
f 5971 6015 5980 5970
f 5980 5981 6070 5970
f 5972 5976 6015 5971
f 5973 5975 5976 5972
f 5974 6014 5975 5973
f 6044 6013 6014 5974
f 6014 5977 5979 5975
f 5979 6012 5976 5975
f 6012 5985 6015 5976
f 6014 6013 5978 5977
f 5978 6002 6001 5977
f 6001 6000 5979 5977
f 6013 6020 6004 5978
f 6004 6003 6002 5978
f 6000 5987 6012 5979
f 6015 5985 5984 5980
f 5984 5983 5981 5980
f 5983 6011 5982 5981
f 5984 5995 5992 5983
f 5992 5991 6011 5983
f 5985 5986 5995 5984
f 6012 5987 5986 5985
f 5987 5996 5988 5986
f 6000 5997 5996 5987
f 5990 5992 5995 5989
f 5994 5993 6018 5990
f 6018 5991 5992 5990
f 6000 6001 5998 5997
f 6001 6002 5999 5998
f 6002 6003 6010 5999
f 6004 6007 6005 6003
f 6005 5956 6010 6003
f 6020 6008 6007 6004
f 6023 6029 6028 6022
f 6028 6030 6112 6022
f 6027 6096 6111 6024
f 6079 6080 6110 6025
f 6110 6086 6087 6026
f 6087 6088 6096 6027
f 6029 6109 6108 6028
f 6108 6106 6030 6028
f 6111 6096 6109 6029
f 6031 6113 6112 6030
f 6106 6033 6031 6030
f 6032 6068 6113 6031
f 6033 6034 6032 6031
f 6107 6067 6068 6032
f 6034 6062 6107 6032
f 6106 6090 6105 6033
f 6105 6036 6034 6033
f 6036 6104 6062 6034
f 6037 6104 6036 6035
f 6036 6105 6094 6035
f 6094 6102 6039 6035
f 6039 6038 6037 6035
f 6064 6061 6104 6037
f 6038 6103 6064 6037
f 6039 6073 6040 6038
f 6040 6041 6103 6038
f 6102 6074 6073 6039
f 6072 6056 6103 6041
f 6071 6057 6072 6042
f 6045 6046 6071 6043
f 6047 6057 6071 6046
f 6048 6058 6057 6047
f 6049 6060 6058 6048
f 6051 6053 6055 6050
f 6052 5921 6053 6051
f 5921 6069 6054 6053
f 6054 6066 6055 6053
f 6069 6067 6107 6054
f 6107 6062 6066 6054
f 6066 6061 6063 6055
f 6065 6064 6103 6056
f 6072 6057 6058 6056
f 6066 6062 6104 6061
f 6064 6065 6063 6061
f 6102 6101 6075 6074
f 6101 6100 6076 6075
f 6100 6098 6084 6076
f 6084 6083 6099 6077
f 6082 6081 6080 6078
f 6081 6086 6110 6080
f 6085 6097 6086 6081
f 6082 6083 6085 6081
f 6084 6098 6085 6083
f 6098 6095 6097 6085
f 6097 6088 6087 6086
f 6089 6109 6096 6088
f 6097 6095 6089 6088
f 6091 6108 6109 6089
f 6095 6092 6091 6089
f 6106 6108 6091 6090
f 6091 6092 6093 6090
f 6093 6094 6105 6090
f 6095 6098 6100 6092
f 6100 6101 6093 6092
f 6101 6102 6094 6093
f 6123 6268 6514 6271
f 6122 6269 6514 6268
f 6120 6270 6514 6269
f 6119 6271 6514 6270
f 6223 6272 6515 6275
f 6222 6273 6515 6272
f 6127 6274 6515 6273
f 6125 6275 6515 6274
f 6127 6273 6516 6278
f 6222 6276 6516 6273
f 6121 6277 6516 6276
f 6126 6278 6516 6277
f 6121 6279 6517 6277
f 6129 6280 6517 6279
f 6209 6281 6517 6280
f 6126 6277 6517 6281
f 6130 6282 6518 6285
f 6206 6283 6518 6282
f 6207 6284 6518 6283
f 6128 6285 6518 6284
f 6207 6286 6519 6284
f 6208 6287 6519 6286
f 6129 6288 6519 6287
f 6128 6284 6519 6288
f 6208 6289 6520 6287
f 6204 6290 6520 6289
f 6209 6280 6520 6290
f 6129 6287 6520 6280
f 6225 6291 6521 6294
f 6228 6292 6521 6291
f 6131 6293 6521 6292
f 6130 6294 6521 6293
f 6131 6295 6522 6293
f 6210 6296 6522 6295
f 6206 6282 6522 6296
f 6130 6293 6522 6282
f 6228 6297 6523 6292
f 6229 6298 6523 6297
f 6132 6299 6523 6298
f 6131 6292 6523 6299
f 6132 6300 6524 6299
f 6133 6301 6524 6300
f 6210 6295 6524 6301
f 6131 6299 6524 6295
f 6134 6302 6525 6305
f 6138 6303 6525 6302
f 6139 6304 6525 6303
f 6133 6305 6525 6304
f 6139 6306 6526 6304
f 6259 6307 6526 6306
f 6210 6301 6526 6307
f 6133 6304 6526 6301
f 6212 6308 6527 6311
f 6135 6309 6527 6308
f 6136 6310 6527 6309
f 6134 6311 6527 6310
f 6136 6312 6528 6310
f 6137 6313 6528 6312
f 6138 6302 6528 6313
f 6134 6310 6528 6302
f 6212 6314 6529 6308
f 6230 6315 6529 6314
f 6234 6316 6529 6315
f 6135 6308 6529 6316
f 6234 6317 6530 6316
f 6264 6318 6530 6317
f 6262 6319 6530 6318
f 6135 6316 6530 6319
f 6262 6320 6531 6319
f 6261 6321 6531 6320
f 6136 6309 6531 6321
f 6135 6319 6531 6309
f 6261 6322 6532 6321
f 6150 6323 6532 6322
f 6137 6312 6532 6323
f 6136 6321 6532 6312
f 6150 6324 6533 6323
f 6149 6325 6533 6324
f 6148 6326 6533 6325
f 6137 6323 6533 6326
f 6148 6327 6534 6326
f 6252 6328 6534 6327
f 6138 6313 6534 6328
f 6137 6326 6534 6313
f 6252 6329 6535 6328
f 6255 6330 6535 6329
f 6139 6303 6535 6330
f 6138 6328 6535 6303
f 6255 6331 6536 6330
f 6141 6332 6536 6331
f 6259 6306 6536 6332
f 6139 6330 6536 6306
f 6256 6333 6537 6336
f 6257 6334 6537 6333
f 6141 6335 6537 6334
f 6140 6336 6537 6335
f 6141 6331 6538 6335
f 6255 6337 6538 6331
f 6143 6338 6538 6337
f 6140 6335 6538 6338
f 6143 6339 6539 6338
f 6142 6340 6539 6339
f 6179 6341 6539 6340
f 6140 6338 6539 6341
f 6179 6342 6540 6341
f 6181 6343 6540 6342
f 6256 6336 6540 6343
f 6140 6341 6540 6336
f 6257 6344 6541 6334
f 6205 6345 6541 6344
f 6259 6332 6541 6345
f 6141 6334 6541 6332
f 6143 6346 6542 6339
f 6146 6347 6542 6346
f 6144 6348 6542 6347
f 6142 6339 6542 6348
f 6144 6349 6543 6348
f 6254 6350 6543 6349
f 6180 6351 6543 6350
f 6142 6348 6543 6351
f 6180 6352 6544 6351
f 6178 6353 6544 6352
f 6179 6340 6544 6353
f 6142 6351 6544 6340
f 6255 6329 6545 6337
f 6252 6354 6545 6329
f 6146 6346 6545 6354
f 6143 6337 6545 6346
f 6146 6355 6546 6347
f 6147 6356 6546 6355
f 6145 6357 6546 6356
f 6144 6347 6546 6357
f 6145 6358 6547 6357
f 6253 6359 6547 6358
f 6254 6349 6547 6359
f 6144 6357 6547 6349
f 6147 6360 6548 6356
f 6251 6361 6548 6360
f 6160 6362 6548 6361
f 6145 6356 6548 6362
f 6160 6363 6549 6362
f 6161 6364 6549 6363
f 6253 6358 6549 6364
f 6145 6362 6549 6358
f 6252 6327 6550 6354
f 6148 6365 6550 6327
f 6147 6355 6550 6365
f 6146 6354 6550 6355
f 6148 6325 6551 6365
f 6149 6366 6551 6325
f 6251 6360 6551 6366
f 6147 6365 6551 6360
f 6150 6367 6552 6324
f 6263 6368 6552 6367
f 6260 6369 6552 6368
f 6149 6324 6552 6369
f 6260 6370 6553 6369
f 6151 6371 6553 6370
f 6251 6366 6553 6371
f 6149 6369 6553 6366
f 6250 6372 6554 6373
f 6160 6361 6554 6372
f 6251 6371 6554 6361
f 6151 6373 6554 6371
f 6247 6374 6555 6377
f 6239 6375 6555 6374
f 6157 6376 6555 6375
f 6152 6377 6555 6376
f 6155 6378 6556 6381
f 6156 6379 6556 6378
f 6154 6380 6556 6379
f 6153 6381 6556 6380
f 6241 6382 6557 6384
f 6240 6383 6557 6382
f 6156 6378 6557 6383
f 6155 6384 6557 6378
f 6240 6385 6558 6383
f 6239 6374 6558 6385
f 6247 6386 6558 6374
f 6156 6383 6558 6386
f 6164 6387 6559 6390
f 6158 6388 6559 6387
f 6159 6389 6559 6388
f 6157 6390 6559 6389
f 6239 6391 6560 6375
f 6190 6392 6560 6391
f 6164 6390 6560 6392
f 6157 6375 6560 6390
f 6162 6393 6561 6396
f 6161 6394 6561 6393
f 6249 6395 6561 6394
f 6158 6396 6561 6395
f 6249 6397 6562 6395
f 6248 6398 6562 6397
f 6159 6388 6562 6398
f 6158 6395 6562 6388
f 6164 6399 6563 6387
f 6165 6400 6563 6399
f 6162 6396 6563 6400
f 6158 6387 6563 6396
f 6250 6401 6564 6372
f 6249 6394 6564 6401
f 6161 6363 6564 6394
f 6160 6372 6564 6363
f 6162 6402 6565 6393
f 6163 6403 6565 6402
f 6253 6364 6565 6403
f 6161 6393 6565 6364
f 6165 6404 6566 6400
f 6237 6405 6566 6404
f 6163 6402 6566 6405
f 6162 6400 6566 6402
f 6238 6406 6567 6407
f 6254 6359 6567 6406
f 6253 6403 6567 6359
f 6163 6407 6567 6403
f 6237 6408 6568 6405
f 6186 6409 6568 6408
f 6238 6407 6568 6409
f 6163 6405 6568 6407
f 6167 6410 6569 6413
f 6168 6411 6569 6410
f 6185 6412 6569 6411
f 6166 6413 6569 6412
f 6185 6414 6570 6412
f 6186 6415 6570 6414
f 6188 6416 6570 6415
f 6166 6412 6570 6416
f 6188 6417 6571 6416
f 6235 6418 6571 6417
f 6219 6419 6571 6418
f 6166 6416 6571 6419
f 6219 6420 6572 6419
f 6218 6421 6572 6420
f 6167 6413 6572 6421
f 6166 6419 6572 6413
f 6173 6422 6573 6424
f 6172 6423 6573 6422
f 6168 6410 6573 6423
f 6167 6424 6573 6410
f 6218 6425 6574 6421
f 6217 6426 6574 6425
f 6173 6424 6574 6426
f 6167 6421 6574 6424
f 6172 6427 6575 6423
f 6170 6428 6575 6427
f 6169 6429 6575 6428
f 6168 6423 6575 6429
f 6169 6430 6576 6429
f 6177 6431 6576 6430
f 6185 6411 6576 6431
f 6168 6429 6576 6411
f 6178 6352 6577 6433
f 6180 6432 6577 6352
f 6177 6430 6577 6432
f 6169 6433 6577 6430
f 6173 6434 6578 6422
f 6199 6435 6578 6434
f 6118 6436 6578 6435
f 6172 6422 6578 6436
f 6118 6435 6579 6439
f 6199 6437 6579 6435
f 6200 6438 6579 6437
f 6198 6439 6579 6438
f 6118 6440 6580 6440
f 6118 6440 6580 6440
f 6118 6440 6580 6440
f 6118 6440 6580 6440
f 6217 6441 6581 6426
f 6216 6442 6581 6441
f 6199 6434 6581 6442
f 6173 6426 6581 6434
f 6183 6443 6582 6446
f 6184 6444 6582 6443
f 6175 6445 6582 6444
f 6174 6446 6582 6445
f 6198 6447 6583 6450
f 6215 6448 6583 6447
f 6197 6449 6583 6448
f 6174 6450 6583 6449
f 6184 6451 6584 6444
f 6181 6452 6584 6451
f 6176 6453 6584 6452
f 6175 6444 6584 6453
f 6181 6342 6585 6452
f 6179 6353 6585 6342
f 6178 6454 6585 6353
f 6176 6452 6585 6454
f 6180 6350 6586 6432
f 6254 6406 6586 6350
f 6238 6455 6586 6406
f 6177 6432 6586 6455
f 6238 6409 6587 6455
f 6186 6414 6587 6409
f 6185 6431 6587 6414
f 6177 6455 6587 6431
f 6184 6456 6588 6451
f 6182 6457 6588 6456
f 6256 6343 6588 6457
f 6181 6451 6588 6343
f 6237 6458 6589 6408
f 6187 6459 6589 6458
f 6188 6415 6589 6459
f 6186 6408 6589 6415
f 6242 6460 6590 6463
f 6243 6461 6590 6460
f 6246 6462 6590 6461
f 6189 6463 6590 6462
f 6193 6464 6591 6466
f 6219 6418 6591 6464
f 6235 6465 6591 6418
f 6192 6466 6591 6465
f 6232 6467 6592 6470
f 6233 6468 6592 6467
f 6231 6469 6592 6468
f 6192 6470 6592 6469
f 6191 6471 6593 6474
f 6195 6472 6593 6471
f 6200 6473 6593 6472
f 6194 6474 6593 6473
f 6200 6437 6594 6473
f 6199 6442 6594 6437
f 6216 6475 6594 6442
f 6194 6473 6594 6475
f 6215 6447 6595 6476
f 6198 6438 6595 6447
f 6200 6472 6595 6438
f 6195 6476 6595 6472
f 6203 6477 6596 6480
f 6214 6478 6596 6477
f 6202 6479 6596 6478
f 6201 6480 6596 6479
f 6206 6296 6597 6481
f 6210 6307 6597 6296
f 6259 6345 6597 6307
f 6205 6481 6597 6345
f 6196 6482 6598 6484
f 6211 6483 6598 6482
f 6204 6289 6598 6483
f 6208 6484 6598 6289
f 6246 6485 6599 6488
f 6244 6486 6599 6485
f 6245 6487 6599 6486
f 6233 6488 6599 6487
f 6234 6489 6600 6317
f 6213 6490 6600 6489
f 6265 6491 6600 6490
f 6264 6317 6600 6491
f 6213 6492 6601 6490
f 6267 6493 6601 6492
f 6266 6494 6601 6493
f 6265 6490 6601 6494
f 6213 6495 6602 6492
f 6236 6496 6602 6495
f 6171 6497 6602 6496
f 6267 6492 6602 6497
f 6236 6498 6603 6501
f 6230 6499 6603 6498
f 6229 6500 6603 6499
f 6258 6501 6603 6500
f 6229 6297 6604 6500
f 6228 6502 6604 6297
f 6226 6503 6604 6502
f 6258 6500 6604 6503
f 6213 6489 6605 6495
f 6234 6315 6605 6489
f 6230 6498 6605 6315
f 6236 6495 6605 6498
f 6225 6504 6606 6291
f 6227 6505 6606 6504
f 6226 6502 6606 6505
f 6228 6291 6606 6502
f 6225 6506 6607 6504
f 6221 6507 6607 6506
f 6224 6508 6607 6507
f 6227 6504 6607 6508
f 6221 6509 6608 6507
f 6124 6510 6608 6509
f 6220 6511 6608 6510
f 6224 6507 6608 6511
f 6220 6510 6609 6513
f 6124 6512 6609 6510
f 6121 6276 6609 6512
f 6222 6513 6609 6276
f 6657 6612 6611 6610
f 6910 6658 6657 6610
f 6612 6625 6624 6611
f 6613 6622 6625 6612
f 6657 6656 6613 6612
f 6614 6619 6622 6613
f 6656 6655 6614 6613
f 6615 6616 6619 6614
f 6655 6653 6615 6614
f 6911 6617 6616 6615
f 6653 6654 6911 6615
f 6911 6912 6618 6617
f 6912 6914 6627 6618
f 6626 6624 6625 6620
f 6625 6622 6623 6620
f 6914 6652 6628 6627
f 6652 6915 6629 6628
f 6915 6651 6630 6629
f 6651 6649 6631 6630
f 6649 6650 6632 6631
f 6650 6647 6633 6632
f 6647 6916 6648 6633
f 6909 6640 6641 6634
f 6641 6635 6636 6634
f 6637 6800 6636 6635
f 6641 6621 6639 6635
f 6639 6638 6637 6635
f 6800 6708 6707 6636
f 6704 6706 6800 6637
f 6638 6703 6704 6637
f 6639 6803 6802 6638
f 6802 6702 6703 6638
f 6621 6695 6803 6639
f 6909 6645 6642 6640
f 6642 6842 6839 6640
f 6839 6621 6641 6640
f 6645 6644 6643 6642
f 6643 6841 6842 6642
f 6644 6646 6917 6643
f 6917 6844 6841 6643
f 6648 6916 6917 6646
f 6650 6827 6828 6647
f 6828 6829 6916 6647
f 6651 6824 6826 6649
f 6826 6827 6650 6649
f 6915 6906 6824 6651
f 6914 6660 6661 6652
f 6661 6906 6915 6652
f 6655 6907 6908 6653
f 6908 6664 6654 6653
f 6913 6912 6911 6654
f 6664 6662 6913 6654
f 6656 6659 6907 6655
f 6657 6658 6659 6656
f 6669 6665 6907 6659
f 6914 6912 6913 6660
f 6913 6662 6663 6660
f 6663 6821 6661 6660
f 6821 6822 6906 6661
f 6664 6667 6905 6662
f 6905 6845 6663 6662
f 6845 6820 6821 6663
f 6908 6666 6667 6664
f 6666 6908 6907 6665
f 6670 6668 6666 6665
f 6668 6904 6667 6666
f 6904 6673 6905 6667
f 6671 6672 6904 6668
f 6881 6878 6672 6671
f 6674 6673 6904 6672
f 6878 6877 6674 6672
f 6903 6845 6905 6673
f 6674 6675 6903 6673
f 6877 6876 6675 6674
f 6677 6819 6903 6675
f 6876 6676 6677 6675
f 6678 6679 6677 6676
f 6876 6879 6880 6676
f 6880 6874 6678 6676
f 6679 6817 6819 6677
f 6680 6902 6679 6678
f 6874 6875 6680 6678
f 6902 6814 6817 6679
f 6682 6813 6902 6680
f 6875 6681 6682 6680
f 6683 6684 6682 6681
f 6875 6893 6871 6681
f 6871 6872 6683 6681
f 6684 6811 6813 6682
f 6901 6685 6684 6683
f 6872 6873 6901 6683
f 6685 6812 6811 6684
f 6686 6810 6812 6685
f 6901 6689 6686 6685
f 6687 6807 6810 6686
f 6689 6690 6687 6686
f 6688 6808 6807 6687
f 6690 6899 6688 6687
f 6900 6809 6808 6688
f 6899 6864 6900 6688
f 6901 6873 6897 6689
f 6897 6898 6690 6689
f 6898 6869 6899 6690
f 6692 6862 6861 6691
f 6861 6860 6863 6691
f 6863 6868 6895 6691
f 6896 6866 6862 6692
f 6694 6696 6697 6693
f 6697 6698 6866 6693
f 6867 6700 6698 6697
f 6700 6699 6865 6698
f 6865 6862 6866 6698
f 6700 6856 6855 6699
f 6855 6804 6857 6699
f 6857 6859 6865 6699
f 6867 6701 6856 6700
f 6702 6802 6856 6701
f 6801 6705 6706 6704
f 6708 6709 6798 6707
f 6798 6717 6799 6707
f 6711 6716 6724 6710
f 6724 6794 6797 6710
f 6799 6717 6716 6711
f 6713 6790 6734 6712
f 6734 6733 6795 6712
f 6714 6791 6790 6713
f 6715 6792 6791 6714
f 6797 6794 6792 6715
f 6717 6718 6721 6716
f 6721 6720 6724 6716
f 6798 6719 6718 6717
f 6723 6794 6724 6720
f 6725 6726 6793 6722
f 6793 6791 6792 6722
f 6792 6794 6723 6722
f 6728 6730 6793 6726
f 6763 6762 6764 6727
f 6764 6732 6729 6727
f 6729 6730 6728 6727
f 6732 6733 6734 6729
f 6734 6790 6730 6729
f 6790 6791 6793 6730
f 6732 6764 6783 6731
f 6783 6757 6789 6731
f 6789 6736 6735 6731
f 6735 6733 6732 6731
f 6735 6796 6795 6733
f 6736 6739 6796 6735
f 6789 6788 6787 6736
f 6787 6738 6739 6736
f 6738 6787 6742 6737
f 6742 6741 6740 6737
f 6741 6743 6786 6740
f 6742 6754 6753 6741
f 6753 6750 6743 6741
f 6787 6788 6754 6742
f 6750 6749 6747 6743
f 6747 6746 6786 6743
f 6748 6776 6785 6744
f 6747 6749 6748 6745
f 6749 6784 6776 6748
f 6750 6751 6784 6749
f 6753 6752 6751 6750
f 6752 6761 6775 6751
f 6775 6774 6784 6751
f 6755 6759 6761 6752
f 6753 6754 6755 6752
f 6788 6756 6755 6754
f 6756 6760 6759 6755
f 6757 6758 6760 6756
f 6788 6789 6757 6756
f 6783 6782 6758 6757
f 6782 6766 6770 6758
f 6770 6769 6760 6758
f 6760 6769 6768 6759
f 6768 6767 6761 6759
f 6767 6779 6775 6761
f 6765 6766 6782 6762
f 6782 6783 6764 6762
f 6773 6772 6770 6766
f 6770 6772 6771 6769
f 6775 6779 6780 6774
f 6780 6781 6778 6774
f 6778 6776 6784 6774
f 6778 6777 6785 6776
f 6803 6855 6856 6802
f 6695 6804 6855 6803
f 6695 6837 6854 6804
f 6854 6806 6857 6804
f 6806 6854 6836 6805
f 6836 6835 6853 6805
f 6853 6808 6809 6805
f 6809 6858 6806 6805
f 6858 6859 6857 6806
f 6808 6853 6852 6807
f 6852 6851 6810 6807
f 6900 6860 6858 6809
f 6851 6850 6812 6810
f 6812 6850 6849 6811
f 6849 6816 6813 6811
f 6816 6814 6902 6813
f 6816 6846 6815 6814
f 6815 6818 6817 6814
f 6846 6825 6823 6815
f 6823 6822 6818 6815
f 6849 6847 6846 6816
f 6818 6820 6819 6817
f 6822 6821 6820 6818
f 6820 6845 6903 6819
f 6823 6824 6906 6822
f 6825 6826 6824 6823
f 6848 6827 6826 6825
f 6846 6847 6848 6825
f 6848 6833 6828 6827
f 6833 6831 6829 6828
f 6844 6917 6916 6829
f 6831 6830 6844 6829
f 6840 6841 6844 6830
f 6831 6843 6834 6830
f 6834 6835 6840 6830
f 6833 6832 6843 6831
f 6833 6848 6847 6832
f 6847 6849 6850 6832
f 6850 6851 6843 6832
f 6843 6851 6852 6834
f 6852 6853 6835 6834
f 6836 6838 6840 6835
f 6854 6837 6838 6836
f 6695 6621 6839 6837
f 6839 6842 6838 6837
f 6842 6841 6840 6838
f 6860 6861 6859 6858
f 6861 6862 6865 6859
f 6900 6864 6863 6860
f 6864 6870 6868 6863
f 6899 6869 6870 6864
f 6893 6890 6891 6871
f 6891 6892 6872 6871
f 6880 6887 6889 6874
f 6889 6893 6875 6874
f 6877 6883 6879 6876
f 6878 6882 6883 6877
f 6883 6884 6885 6879
f 6885 6887 6880 6879
f 6894 6884 6883 6882
f 6888 6889 6887 6886
f 6890 6893 6889 6888
f 6918 6922 6921 6919
f 6921 6932 7044 6920
f 6922 7017 6932 6921
f 6918 6929 6923 6922
f 6923 7031 7017 6922
f 7039 6924 7031 6923
f 7039 6930 7063 6924
f 7063 6925 7016 6924
f 7016 7006 7031 6924
f 7063 6928 6926 6925
f 6926 7008 7007 6925
f 7007 7015 7016 6925
f 6928 6931 6927 6926
f 6927 7125 7008 6926
f 6931 7160 6935 6927
f 6935 6936 7125 6927
f 7158 6937 6936 6933
f 6936 6935 6934 6933
f 6935 7160 7159 6934
f 6937 7010 7125 6936
f 7158 6938 7157 6937
f 7157 7132 7010 6937
f 7156 6972 7157 6938
f 7154 6970 7155 6939
f 6969 6970 7154 6940
f 7137 7152 6942 6941
f 6942 6943 6946 6941
f 6946 6947 6949 6941
f 6949 7149 7137 6941
f 6944 6945 6946 6943
f 7099 7100 6945 6944
f 7100 7089 7088 6945
f 7088 6947 6946 6945
f 7088 7103 6948 6947
f 6948 7150 6949 6947
f 7103 7102 7151 6948
f 7151 6951 7150 6948
f 7150 7148 7149 6949
f 7140 7147 6951 6950
f 6951 7151 6952 6950
f 6952 7146 6953 6950
f 6953 7144 7140 6950
f 7147 7148 7150 6951
f 7151 7102 7104 6952
f 7104 7105 7146 6952
f 7146 7145 7143 6953
f 7143 6954 7144 6953
f 7142 6955 7144 6954
f 7055 7056 7142 6954
f 6984 6985 7141 6955
f 7141 7140 7144 6955
f 7142 6983 6984 6955
f 6959 6960 7136 6956
f 7136 7137 7149 6956
f 7149 7148 6957 6956
f 6957 7139 6959 6956
f 7148 7147 6958 6957
f 6958 7138 7139 6957
f 7147 7140 7141 6958
f 7141 6985 7138 6958
f 7134 6961 6960 6959
f 7139 6962 7134 6959
f 6961 6969 7135 6960
f 7135 7153 7136 6960
f 6968 6970 6969 6961
f 7134 6967 6968 6961
f 6966 6967 7134 6962
f 7139 7138 7133 6962
f 7133 6965 6966 6962
f 6964 6965 7133 6963
f 7133 7138 6985 6963
f 6985 6984 6982 6963
f 6982 6980 6964 6963
f 6979 6978 6965 6964
f 6980 6997 6979 6964
f 6978 6976 6966 6965
f 6976 6977 6967 6966
f 6977 6971 6968 6967
f 6971 7155 6970 6968
f 6972 7156 7155 6971
f 6977 6974 6972 6971
f 6974 7132 7157 6972
f 7013 7132 6974 6973
f 6974 6977 6976 6973
f 6976 6978 6975 6973
f 6975 7011 7013 6973
f 6978 6979 7049 6975
f 7049 7047 7011 6975
f 6997 6998 7049 6979
f 6982 6981 6991 6980
f 6991 6996 6997 6980
f 6982 6984 6983 6981
f 6983 6986 6989 6981
f 6989 6990 6991 6981
f 7142 7056 6986 6983
f 6988 6990 6989 6987
f 7027 6992 6990 6988
f 7053 7054 7027 6988
f 6992 6996 6991 6990
f 6994 6995 6996 6992
f 7027 7041 6994 6992
f 7002 7001 7050 6993
f 7050 6995 6994 6993
f 6994 7041 7052 6993
f 7052 7019 7002 6993
f 7050 6999 6998 6995
f 6998 6997 6996 6995
f 6999 7047 7049 6998
f 7000 7048 7047 6999
f 7050 7001 7000 6999
f 7014 7015 7048 7000
f 7001 7046 7014 7000
f 7002 7003 7046 7001
f 7019 7018 7003 7002
f 7004 7005 7046 7003
f 7018 7045 7004 7003
f 6932 7017 7005 7004
f 7045 7044 6932 7004
f 7017 7031 7006 7005
f 7006 7014 7046 7005
f 7016 7015 7014 7006
f 7008 7009 7012 7007
f 7012 7048 7015 7007
f 7125 7010 7009 7008
f 7010 7132 7013 7009
f 7013 7011 7012 7009
f 7047 7048 7012 7011
f 7019 7020 7021 7018
f 7021 7022 7045 7018
f 7052 7051 7020 7019
f 7051 7023 7024 7020
f 7024 7036 7021 7020
f 7036 7037 7022 7021
f 7043 7044 7045 7022
f 7051 7025 7026 7023
f 7026 7028 7042 7023
f 7042 7034 7024 7023
f 7034 7035 7036 7024
f 7051 7052 7041 7025
f 7041 7027 7054 7025
f 7040 7030 7042 7028
f 7038 7030 7040 7029
f 7033 7034 7042 7030
f 7038 7032 7033 7030
f 7058 7106 7108 7057
f 7108 7130 7060 7057
f 7059 7131 7106 7058
f 7130 7067 7062 7060
f 7062 7067 7066 7061
f 7066 7128 7129 7061
f 7129 7128 7065 7064
f 7128 7071 7072 7065
f 7072 7073 7074 7065
f 7067 7068 7069 7066
f 7069 7071 7128 7066
f 7130 7109 7068 7067
f 7109 7082 7127 7068
f 7127 7070 7069 7068
f 7070 7119 7071 7069
f 7127 7113 7115 7070
f 7115 7116 7119 7070
f 7119 7118 7072 7071
f 7118 7075 7073 7072
f 7118 7122 7126 7075
f 7126 7078 7077 7076
f 7078 7093 7124 7077
f 7123 7092 7093 7078
f 7126 7122 7123 7078
f 7080 7096 7098 7079
f 7098 7095 7097 7079
f 7097 7117 7121 7079
f 7121 7114 7080 7079
f 7081 7091 7096 7080
f 7114 7084 7081 7080
f 7120 7090 7091 7081
f 7084 7086 7120 7081
f 7112 7085 7083 7082
f 7083 7113 7127 7082
f 7109 7111 7112 7082
f 7085 7086 7084 7083
f 7084 7114 7113 7083
f 7101 7087 7086 7085
f 7112 7110 7101 7085
f 7087 7089 7120 7086
f 7103 7088 7089 7087
f 7101 7102 7103 7087
f 7100 7090 7120 7089
f 7097 7095 7094 7092
f 7123 7117 7097 7092
f 7110 7104 7102 7101
f 7110 7107 7105 7104
f 7107 7106 7131 7105
f 7131 7145 7146 7105
f 7107 7111 7108 7106
f 7110 7112 7111 7107
f 7111 7109 7130 7108
f 7114 7121 7115 7113
f 7121 7117 7116 7115
f 7117 7123 7122 7116
f 7122 7118 7119 7116
f 7153 7152 7137 7136
f 7166 7291 7498 7294
f 7165 7292 7498 7291
f 7163 7293 7498 7292
f 7162 7294 7498 7293
f 7164 7295 7499 7298
f 7174 7296 7499 7295
f 7167 7297 7499 7296
f 7169 7298 7499 7297
f 7171 7299 7500 7302
f 7173 7300 7500 7299
f 7172 7301 7500 7300
f 7170 7302 7500 7301
f 7172 7303 7501 7301
f 7168 7304 7501 7303
f 7192 7305 7501 7304
f 7170 7301 7501 7305
f 7167 7296 7502 7307
f 7174 7306 7502 7296
f 7173 7299 7502 7306
f 7171 7307 7502 7299
f 7173 7308 7503 7300
f 7176 7309 7503 7308
f 7175 7310 7503 7309
f 7172 7300 7503 7310
f 7175 7311 7504 7310
f 7196 7312 7504 7311
f 7168 7303 7504 7312
f 7172 7310 7504 7303
f 7174 7313 7505 7306
f 7180 7314 7505 7313
f 7176 7308 7505 7314
f 7173 7306 7505 7308
f 7164 7315 7506 7295
f 7275 7316 7506 7315
f 7180 7313 7506 7316
f 7174 7295 7506 7313
f 7176 7317 7507 7309
f 7178 7318 7507 7317
f 7177 7319 7507 7318
f 7175 7309 7507 7319
f 7177 7320 7508 7319
f 7194 7321 7508 7320
f 7196 7311 7508 7321
f 7175 7319 7508 7311
f 7180 7322 7509 7314
f 7179 7323 7509 7322
f 7178 7317 7509 7323
f 7176 7314 7509 7317
f 7180 7316 7510 7322
f 7275 7324 7510 7316
f 7274 7325 7510 7324
f 7179 7322 7510 7325
f 7183 7326 7511 7329
f 7201 7327 7511 7326
f 7199 7328 7511 7327
f 7181 7329 7511 7328
f 7272 7330 7512 7332
f 7182 7331 7512 7330
f 7183 7329 7512 7331
f 7181 7332 7512 7329
f 7184 7333 7513 7335
f 7185 7334 7513 7333
f 7183 7331 7513 7334
f 7182 7335 7513 7331
f 7272 7336 7514 7330
f 7207 7337 7514 7336
f 7271 7338 7514 7337
f 7182 7330 7514 7338
f 7271 7339 7515 7338
f 7205 7340 7515 7339
f 7184 7335 7515 7340
f 7182 7338 7515 7335
f 7185 7341 7516 7334
f 7188 7342 7516 7341
f 7201 7326 7516 7342
f 7183 7334 7516 7326
f 7186 7343 7517 7345
f 7187 7344 7517 7343
f 7185 7333 7517 7344
f 7184 7345 7517 7333
f 7205 7346 7518 7340
f 7270 7347 7518 7346
f 7186 7345 7518 7347
f 7184 7340 7518 7345
f 7187 7348 7519 7344
f 7189 7349 7519 7348
f 7188 7341 7519 7349
f 7185 7344 7519 7341
f 7189 7350 7520 7349
f 7190 7351 7520 7350
f 7195 7352 7520 7351
f 7188 7349 7520 7352
f 7195 7353 7521 7352
f 7198 7354 7521 7353
f 7201 7342 7521 7354
f 7188 7352 7521 7342
f 7191 7355 7522 7357
f 7193 7356 7522 7355
f 7195 7351 7522 7356
f 7190 7357 7522 7351
f 7192 7304 7523 7359
f 7168 7358 7523 7304
f 7193 7355 7523 7358
f 7191 7359 7523 7355
f 7193 7360 7524 7356
f 7197 7361 7524 7360
f 7198 7353 7524 7361
f 7195 7356 7524 7353
f 7194 7362 7525 7321
f 7200 7363 7525 7362
f 7197 7364 7525 7363
f 7196 7321 7525 7364
f 7197 7360 7526 7364
f 7193 7358 7526 7360
f 7168 7312 7526 7358
f 7196 7364 7526 7312
f 7200 7365 7527 7363
f 7273 7366 7527 7365
f 7198 7361 7527 7366
f 7197 7363 7527 7361
f 7273 7367 7528 7366
f 7199 7327 7528 7367
f 7201 7354 7528 7327
f 7198 7366 7528 7354
f 7270 7346 7529 7370
f 7205 7368 7529 7346
f 7204 7369 7529 7368
f 7202 7370 7529 7369
f 7204 7371 7530 7369
f 7208 7372 7530 7371
f 7209 7373 7530 7372
f 7202 7369 7530 7373
f 7209 7374 7531 7373
f 7210 7375 7531 7374
f 7203 7376 7531 7375
f 7202 7373 7531 7376
f 7205 7339 7532 7368
f 7271 7377 7532 7339
f 7206 7378 7532 7377
f 7204 7368 7532 7378
f 7271 7337 7533 7377
f 7207 7379 7533 7337
f 7230 7380 7533 7379
f 7206 7377 7533 7380
f 7224 7381 7534 7384
f 7221 7382 7534 7381
f 7213 7383 7534 7382
f 7212 7384 7534 7383
f 7229 7385 7535 7387
f 7222 7386 7535 7385
f 7224 7384 7535 7386
f 7212 7387 7535 7384
f 7221 7388 7536 7382
f 7220 7389 7536 7388
f 7214 7390 7536 7389
f 7213 7382 7536 7390
f 7220 7391 7537 7389
f 7219 7392 7537 7391
f 7216 7393 7537 7392
f 7214 7389 7537 7393
f 7219 7394 7538 7392
f 7218 7395 7538 7394
f 7217 7396 7538 7395
f 7216 7392 7538 7396
f 7232 7397 7539 7400
f 7235 7398 7539 7397
f 7234 7399 7539 7398
f 7231 7400 7539 7399
f 7234 7401 7540 7399
f 7268 7402 7540 7401
f 7255 7403 7540 7402
f 7231 7399 7540 7403
f 7267 7404 7541 7406
f 7268 7401 7541 7404
f 7234 7405 7541 7401
f 7233 7406 7541 7405
f 7234 7398 7542 7405
f 7235 7407 7542 7398
f 7236 7408 7542 7407
f 7233 7405 7542 7408
f 7239 7409 7543 7411
f 7253 7410 7543 7409
f 7267 7406 7543 7410
f 7233 7411 7543 7406
f 7240 7412 7544 7414
f 7254 7413 7544 7412
f 7253 7409 7544 7413
f 7239 7414 7544 7409
f 7241 7415 7545 7417
f 7243 7416 7545 7415
f 7254 7412 7545 7416
f 7240 7417 7545 7412
f 7265 7418 7546 7420
f 7250 7419 7546 7418
f 7254 7416 7546 7419
f 7243 7420 7546 7416
f 7266 7421 7547 7423
f 7244 7422 7547 7421
f 7265 7420 7547 7422
f 7243 7423 7547 7420
f 7263 7424 7548 7426
f 7247 7425 7548 7424
f 7265 7422 7548 7425
f 7244 7426 7548 7422
f 7245 7427 7549 7429
f 7262 7428 7549 7427
f 7263 7426 7549 7428
f 7244 7429 7549 7426
f 7249 7430 7550 7433
f 7248 7431 7550 7430
f 7247 7432 7550 7431
f 7246 7433 7550 7432
f 7247 7424 7551 7432
f 7263 7434 7551 7424
f 7264 7435 7551 7434
f 7246 7432 7551 7435
f 7248 7436 7552 7431
f 7250 7418 7552 7436
f 7265 7425 7552 7418
f 7247 7431 7552 7425
f 7249 7437 7553 7430
f 7258 7438 7553 7437
f 7261 7439 7553 7438
f 7248 7430 7553 7439
f 7261 7440 7554 7439
f 7251 7441 7554 7440
f 7250 7436 7554 7441
f 7248 7439 7554 7436
f 7251 7442 7555 7441
f 7253 7413 7555 7442
f 7254 7419 7555 7413
f 7250 7441 7555 7419
f 7261 7443 7556 7440
f 7257 7444 7556 7443
f 7252 7445 7556 7444
f 7251 7440 7556 7445
f 7252 7446 7557 7445
f 7267 7410 7557 7446
f 7253 7442 7557 7410
f 7251 7445 7557 7442
f 7257 7447 7558 7444
f 7256 7448 7558 7447
f 7260 7449 7558 7448
f 7252 7444 7558 7449
f 7260 7450 7559 7449
f 7268 7404 7559 7450
f 7267 7446 7559 7404
f 7252 7449 7559 7446
f 7261 7438 7560 7443
f 7258 7451 7560 7438
f 7259 7452 7560 7451
f 7257 7443 7560 7452
f 7275 7453 7561 7324
f 7276 7454 7561 7453
f 7277 7455 7561 7454
f 7274 7324 7561 7455
f 7164 7456 7562 7315
f 7161 7457 7562 7456
f 7276 7453 7562 7457
f 7275 7315 7562 7453
f 7161 7458 7563 7457
f 7215 7459 7563 7458
f 7211 7460 7563 7459
f 7276 7457 7563 7460
f 7211 7461 7564 7460
f 7278 7462 7564 7461
f 7277 7454 7564 7462
f 7276 7460 7564 7454
f 7211 7463 7565 7461
f 7285 7464 7565 7463
f 7280 7465 7565 7464
f 7278 7461 7565 7465
f 7287 7466 7566 7469
f 7286 7467 7566 7466
f 7215 7468 7566 7467
f 7279 7469 7566 7468
f 7285 7470 7567 7464
f 7284 7471 7567 7470
f 7281 7472 7567 7471
f 7280 7464 7567 7472
f 7284 7473 7568 7471
f 7283 7474 7568 7473
f 7223 7475 7568 7474
f 7281 7471 7568 7475
f 7290 7476 7569 7479
f 7226 7477 7569 7476
f 7269 7478 7569 7477
f 7282 7479 7569 7478
f 7283 7480 7570 7482
f 7289 7481 7570 7480
f 7290 7479 7570 7481
f 7282 7482 7570 7479
f 7284 7483 7571 7473
f 7288 7484 7571 7483
f 7289 7480 7571 7484
f 7283 7473 7571 7480
f 7285 7485 7572 7470
f 7286 7486 7572 7485
f 7288 7483 7572 7486
f 7284 7470 7572 7483
f 7211 7459 7573 7463
f 7215 7467 7573 7459
f 7286 7485 7573 7467
f 7285 7463 7573 7485
f 7287 7487 7574 7466
f 7225 7488 7574 7487
f 7288 7486 7574 7488
f 7286 7466 7574 7486
f 7225 7489 7575 7488
f 7228 7490 7575 7489
f 7289 7484 7575 7490
f 7288 7488 7575 7484
f 7228 7491 7576 7490
f 7227 7492 7576 7491
f 7290 7481 7576 7492
f 7289 7490 7576 7481
f 7227 7493 7577 7492
f 7237 7494 7577 7493
f 7226 7476 7577 7494
f 7290 7492 7577 7476
f 7226 7495 7578 7477
f 7238 7496 7578 7495
f 7242 7497 7578 7496
f 7269 7477 7578 7497
f 7612 7642 7730 7645
f 7609 7643 7730 7642
f 7608 7644 7730 7643
f 7581 7645 7730 7644
f 7608 7646 7731 7644
f 7584 7647 7731 7646
f 7582 7648 7731 7647
f 7581 7644 7731 7648
f 7584 7649 7732 7647
f 7597 7650 7732 7649
f 7607 7651 7732 7650
f 7582 7647 7732 7651
f 7598 7652 7733 7654
f 7584 7646 7733 7652
f 7608 7653 7733 7646
f 7583 7654 7733 7653
f 7608 7643 7734 7653
f 7609 7655 7734 7643
f 7610 7656 7734 7655
f 7583 7653 7734 7656
f 7607 7650 7735 7659
f 7597 7657 7735 7650
f 7596 7658 7735 7657
f 7585 7659 7735 7658
f 7596 7660 7736 7658
f 7595 7661 7736 7660
f 7587 7662 7736 7661
f 7585 7658 7736 7662
f 7587 7661 7737 7665
f 7595 7663 7737 7661
f 7602 7664 7737 7663
f 7586 7665 7737 7664
f 7602 7666 7738 7664
f 7594 7667 7738 7666
f 7606 7668 7738 7667
f 7586 7664 7738 7668
f 7589 7669 7739 7672
f 7592 7670 7739 7669
f 7591 7671 7739 7670
f 7588 7672 7739 7671
f 7591 7673 7740 7671
f 7590 7674 7740 7673
f 7603 7675 7740 7674
f 7588 7671 7740 7675
f 7605 7676 7741 7678
f 7593 7677 7741 7676
f 7592 7669 7741 7677
f 7589 7678 7741 7669
f 7605 7679 7742 7676
f 7606 7667 7742 7679
f 7594 7680 7742 7667
f 7593 7676 7742 7680
f 7597 7681 7743 7657
f 7600 7682 7743 7681
f 7601 7683 7743 7682
f 7596 7657 7743 7683
f 7611 7684 7744 7687
f 7612 7685 7744 7684
f 7617 7686 7744 7685
f 7613 7687 7744 7686
f 7628 7688 7745 7691
f 7627 7689 7745 7688
f 7615 7690 7745 7689
f 7614 7691 7745 7690
f 7618 7692 7746 7695
f 7619 7693 7746 7692
f 7639 7694 7746 7693
f 7616 7695 7746 7694
f 7620 7696 7747 7698
f 7638 7697 7747 7696
f 7639 7693 7747 7697
f 7619 7698 7747 7693
f 7629 7699 7748 7701
f 7637 7700 7748 7699
f 7638 7696 7748 7700
f 7620 7701 7748 7696
f 7622 7702 7749 7705
f 7623 7703 7749 7702
f 7634 7704 7749 7703
f 7621 7705 7749 7704
f 7634 7706 7750 7704
f 7637 7699 7750 7706
f 7629 7707 7750 7699
f 7621 7704 7750 7707
f 7635 7708 7751 7710
f 7624 7709 7751 7708
f 7623 7702 7751 7709
f 7622 7710 7751 7702
f 7624 7711 7752 7709
f 7631 7712 7752 7711
f 7632 7713 7752 7712
f 7623 7709 7752 7713
f 7632 7714 7753 7713
f 7633 7715 7753 7714
f 7634 7703 7753 7715
f 7623 7713 7753 7703
f 7641 7716 7754 7718
f 7630 7717 7754 7716
f 7631 7711 7754 7717
f 7624 7718 7754 7711
f 7635 7719 7755 7708
f 7625 7720 7755 7719
f 7641 7718 7755 7720
f 7624 7708 7755 7718
f 7626 7721 7756 7723
f 7640 7722 7756 7721
f 7641 7720 7756 7722
f 7625 7723 7756 7720
f 7636 7724 7757 7725
f 7637 7706 7757 7724
f 7634 7715 7757 7706
f 7633 7725 7757 7715
f 7579 7726 7758 7729
f 7580 7727 7758 7726
f 7599 7728 7758 7727
f 7604 7729 7758 7728
f 7766 7833 7947 7836
f 7765 7834 7947 7833
f 7762 7835 7947 7834
f 7771 7836 7947 7835
f 7762 7837 7948 7840
f 7763 7838 7948 7837
f 7773 7839 7948 7838
f 7772 7840 7948 7839
f 7763 7841 7949 7838
f 7776 7842 7949 7841
f 7774 7843 7949 7842
f 7773 7838 7949 7843
f 7776 7844 7950 7842
f 7777 7845 7950 7844
f 7775 7846 7950 7845
f 7774 7842 7950 7846
f 7777 7847 7951 7845
f 7760 7848 7951 7847
f 7759 7849 7951 7848
f 7775 7845 7951 7849
f 7763 7850 7952 7841
f 7764 7851 7952 7850
f 7778 7852 7952 7851
f 7776 7841 7952 7852
f 7768 7853 7953 7856
f 7825 7854 7953 7853
f 7824 7855 7953 7854
f 7780 7856 7953 7855
f 7824 7857 7954 7855
f 7826 7858 7954 7857
f 7770 7859 7954 7858
f 7780 7855 7954 7859
f 7770 7860 7955 7859
f 7779 7861 7955 7860
f 7812 7862 7955 7861
f 7780 7859 7955 7862
f 7812 7863 7956 7862
f 7787 7864 7956 7863
f 7768 7856 7956 7864
f 7780 7862 7956 7856
f 7769 7865 7957 7868
f 7784 7866 7957 7865
f 7830 7867 7957 7866
f 7781 7868 7957 7867
f 7830 7869 7958 7867
f 7831 7870 7958 7869
f 7782 7871 7958 7870
f 7781 7867 7958 7871
f 7831 7872 7959 7870
f 7832 7873 7959 7872
f 7783 7874 7959 7873
f 7782 7870 7959 7874
f 7832 7875 7960 7873
f 7779 7860 7960 7875
f 7770 7876 7960 7860
f 7783 7873 7960 7876
f 7769 7877 7961 7865
f 7785 7878 7961 7877
f 7829 7879 7961 7878
f 7784 7865 7961 7879
f 7769 7880 7962 7877
f 7788 7881 7962 7880
f 7790 7882 7962 7881
f 7785 7877 7962 7882
f 7790 7883 7963 7882
f 7791 7884 7963 7883
f 7827 7885 7963 7884
f 7785 7882 7963 7885
f 7827 7886 7964 7885
f 7828 7887 7964 7886
f 7829 7878 7964 7887
f 7785 7885 7964 7878
f 7823 7888 7965 7891
f 7806 7889 7965 7888
f 7789 7890 7965 7889
f 7786 7891 7965 7890
f 7789 7889 7966 7894
f 7806 7892 7966 7889
f 7805 7893 7966 7892
f 7788 7894 7966 7893
f 7805 7895 7967 7893
f 7804 7896 7967 7895
f 7790 7881 7967 7896
f 7788 7893 7967 7881
f 7804 7897 7968 7896
f 7803 7898 7968 7897
f 7791 7883 7968 7898
f 7790 7896 7968 7883
f 7803 7899 7969 7898
f 7802 7900 7969 7899
f 7792 7901 7969 7900
f 7791 7898 7969 7901
f 7792 7902 7970 7901
f 7793 7903 7970 7902
f 7827 7884 7970 7903
f 7791 7901 7970 7884
f 7802 7904 7971 7900
f 7815 7905 7971 7904
f 7799 7906 7971 7905
f 7792 7900 7971 7906
f 7799 7907 7972 7906
f 7798 7908 7972 7907
f 7793 7902 7972 7908
f 7792 7906 7972 7902
f 7798 7909 7973 7908
f 7822 7910 7973 7909
f 7794 7911 7973 7910
f 7793 7908 7973 7911
f 7794 7912 7974 7911
f 7828 7886 7974 7912
f 7827 7903 7974 7886
f 7793 7911 7974 7903
f 7821 7913 7975 7916
f 7797 7914 7975 7913
f 7820 7915 7975 7914
f 7795 7916 7975 7915
f 7820 7917 7976 7915
f 7819 7918 7976 7917
f 7796 7919 7976 7918
f 7795 7915 7976 7919
f 7798 7907 7977 7922
f 7799 7920 7977 7907
f 7816 7921 7977 7920
f 7797 7922 7977 7921
f 7816 7923 7978 7921
f 7800 7924 7978 7923
f 7820 7914 7978 7924
f 7797 7921 7978 7914
f 7821 7925 7979 7913
f 7822 7909 7979 7925
f 7798 7922 7979 7909
f 7797 7913 7979 7922
f 7815 7926 7980 7905
f 7801 7927 7980 7926
f 7816 7920 7980 7927
f 7799 7905 7980 7920
f 7816 7927 7981 7923
f 7801 7928 7981 7927
f 7807 7929 7981 7928
f 7800 7923 7981 7929
f 7807 7930 7982 7929
f 7814 7931 7982 7930
f 7817 7932 7982 7931
f 7800 7929 7982 7932
f 7817 7933 7983 7932
f 7819 7917 7983 7933
f 7820 7924 7983 7917
f 7800 7932 7983 7924
f 7818 7934 7984 7937
f 7813 7935 7984 7934
f 7811 7936 7984 7935
f 7808 7937 7984 7936
f 7811 7938 7985 7936
f 7810 7939 7985 7938
f 7809 7940 7985 7939
f 7808 7936 7985 7940
f 7818 7941 7986 7934
f 7817 7931 7986 7941
f 7814 7942 7986 7931
f 7813 7934 7986 7942
f 7768 7943 7987 7853
f 7761 7944 7987 7943
f 7767 7945 7987 7944
f 7825 7853 7987 7945
f 7764 7850 7988 7946
f 7763 7837 7988 7850
f 7762 7834 7988 7837
f 7765 7946 7988 7834
f 7993 8141 7992 7989
f 8028 7991 8142 7990
f 8142 8033 8106 7990
f 8028 8004 7992 7991
f 7992 8141 7998 7991
f 7998 7997 8142 7991
f 7995 7996 8140 7994
f 8139 7999 7996 7995
f 7999 8000 7997 7996
f 7997 7998 8140 7996
f 8000 8033 8142 7997
f 8109 8110 8000 7999
f 8139 8001 8109 7999
f 8110 8108 8033 8000
f 8111 8112 8109 8001
f 8139 8003 8138 8001
f 8138 8137 8111 8001
f 8005 8137 8138 8002
f 8007 8112 8111 8006
f 8111 8137 8008 8006
f 8113 8078 8112 8007
f 8010 8136 8135 8009
f 8011 8077 8136 8010
f 8076 8102 8077 8011
f 8134 8074 8076 8012
f 8014 8133 8134 8013
f 8015 8132 8067 8014
f 8067 8072 8133 8014
f 8131 8064 8132 8016
f 8130 8018 8129 8017
f 8130 8020 8019 8018
f 8019 8128 8062 8018
f 8062 8063 8129 8018
f 8020 8021 8022 8019
f 8022 8023 8128 8019
f 8130 8126 8127 8020
f 8027 8026 8022 8021
f 8026 8025 8023 8022
f 8025 8024 8057 8023
f 8057 8056 8128 8023
f 8025 8124 8125 8024
f 8125 8060 8059 8024
f 8059 8058 8057 8024
f 8026 8123 8124 8025
f 8030 8036 8037 8029
f 8037 8124 8123 8029
f 8122 8121 8036 8031
f 8035 8034 8122 8032
f 8041 8040 8038 8034
f 8038 8121 8122 8034
f 8121 8039 8037 8036
f 8039 8125 8124 8037
f 8040 8043 8120 8038
f 8120 8039 8121 8038
f 8120 8060 8125 8039
f 8042 8119 8043 8040
f 8119 8044 8045 8043
f 8045 8060 8120 8043
f 8119 8094 8093 8044
f 8093 8116 8118 8044
f 8118 8046 8045 8044
f 8046 8059 8060 8045
f 8118 8047 8117 8046
f 8117 8058 8059 8046
f 8118 8116 8115 8047
f 8115 8114 8048 8047
f 8048 8052 8117 8047
f 8114 8098 8051 8048
f 8051 8053 8052 8048
f 8070 8071 8050 8049
f 8050 8097 8096 8049
f 8096 8087 8099 8049
f 8099 8073 8070 8049
f 8071 8053 8051 8050
f 8051 8098 8097 8050
f 8055 8058 8117 8052
f 8053 8054 8055 8052
f 8071 8069 8054 8053
f 8061 8056 8055 8054
f 8069 8066 8061 8054
f 8056 8057 8058 8055
f 8061 8062 8128 8056
f 8066 8063 8062 8061
f 8066 8065 8064 8063
f 8064 8131 8129 8063
f 8065 8067 8132 8064
f 8066 8069 8068 8065
f 8068 8072 8067 8065
f 8069 8071 8070 8068
f 8070 8073 8072 8068
f 8073 8075 8133 8072
f 8099 8100 8075 8073
f 8134 8133 8075 8074
f 8075 8100 8101 8074
f 8101 8102 8076 8074
f 8102 8084 8083 8077
f 8083 8080 8136 8077
f 8113 8135 8079 8078
f 8079 8108 8110 8078
f 8110 8109 8112 8078
f 8135 8136 8080 8079
f 8080 8107 8108 8079
f 8083 8081 8107 8080
f 8083 8084 8082 8081
f 8082 8105 8104 8081
f 8104 8106 8107 8081
f 8084 8085 8103 8082
f 8102 8101 8085 8084
f 8101 8100 8086 8085
f 8086 8088 8103 8085
f 8100 8099 8087 8086
f 8114 8115 8090 8089
f 8115 8116 8091 8090
f 8116 8093 8095 8091
f 8095 8093 8094 8092
f 8033 8108 8107 8106
f 8145 8146 8144 8143
f 8321 8155 8144 8146
f 8148 8151 8152 8147
f 8149 8150 8151 8148
f 8345 8338 8163 8150
f 8163 8161 8151 8150
f 8161 8153 8152 8151
f 8153 8154 8347 8152
f 8161 8162 8160 8153
f 8160 8159 8154 8153
f 8159 8156 8155 8154
f 8155 8321 8347 8154
f 8156 8350 8144 8155
f 8159 8158 8157 8156
f 8157 8351 8350 8156
f 8158 8168 8349 8157
f 8349 8352 8351 8157
f 8166 8167 8168 8158
f 8159 8160 8166 8158
f 8162 8165 8166 8160
f 8163 8164 8162 8161
f 8164 8337 8165 8162
f 8326 8327 8337 8164
f 8337 8330 8331 8165
f 8331 8167 8166 8165
f 8331 8332 8335 8167
f 8335 8333 8168 8167
f 8333 8336 8349 8168
f 8170 8273 8272 8169
f 8272 8259 8330 8169
f 8330 8337 8327 8169
f 8327 8328 8170 8169
f 8171 8172 8273 8170
f 8328 8323 8171 8170
f 8322 8320 8172 8171
f 8319 8256 8273 8172
f 8174 8255 8254 8173
f 8318 8315 8255 8174
f 8317 8314 8176 8175
f 8176 8249 8316 8175
f 8316 8315 8318 8175
f 8177 8250 8249 8176
f 8179 8178 8250 8177
f 8179 8279 8278 8178
f 8278 8277 8276 8178
f 8276 8313 8250 8178
f 8181 8183 8182 8180
f 8182 8305 8312 8180
f 8310 8184 8183 8181
f 8183 8306 8303 8182
f 8303 8304 8305 8182
f 8184 8307 8306 8183
f 8185 8192 8307 8184
f 8310 8311 8185 8184
f 8186 8190 8192 8185
f 8311 8308 8186 8185
f 8187 8188 8190 8186
f 8308 8309 8187 8186
f 8191 8306 8307 8189
f 8194 8303 8306 8191
f 8195 8196 8200 8193
f 8200 8203 8304 8193
f 8304 8303 8194 8193
f 8302 8211 8301 8197
f 8301 8201 8198 8197
f 8201 8202 8199 8198
f 8202 8203 8200 8199
f 8301 8210 8208 8201
f 8208 8207 8202 8201
f 8207 8205 8203 8202
f 8205 8305 8304 8203
f 8299 8207 8208 8204
f 8208 8210 8206 8204
f 8206 8297 8298 8204
f 8298 8277 8299 8204
f 8207 8299 8300 8205
f 8300 8312 8305 8205
f 8210 8209 8296 8206
f 8296 8239 8297 8206
f 8210 8301 8211 8209
f 8211 8213 8295 8209
f 8295 8237 8296 8209
f 8216 8214 8294 8212
f 8294 8295 8213 8212
f 8215 8217 8293 8214
f 8293 8238 8294 8214
f 8222 8288 8289 8218
f 8287 8223 8220 8219
f 8223 8224 8221 8220
f 8224 8288 8222 8221
f 8286 8225 8224 8223
f 8287 8334 8286 8223
f 8225 8226 8288 8224
f 8284 8285 8226 8225
f 8286 8283 8284 8225
f 8285 8227 8228 8226
f 8228 8289 8288 8226
f 8281 8282 8229 8227
f 8229 8230 8228 8227
f 8285 8265 8281 8227
f 8230 8290 8289 8228
f 8282 8242 8280 8229
f 8280 8231 8230 8229
f 8231 8291 8290 8230
f 8280 8233 8232 8231
f 8232 8234 8291 8231
f 8233 8236 8235 8232
f 8235 8292 8234 8232
f 8241 8239 8236 8233
f 8280 8242 8241 8233
f 8236 8237 8238 8235
f 8238 8293 8292 8235
f 8239 8296 8237 8236
f 8295 8294 8238 8237
f 8241 8240 8297 8239
f 8275 8298 8297 8240
f 8241 8242 8243 8240
f 8243 8274 8275 8240
f 8282 8244 8243 8242
f 8244 8246 8274 8243
f 8282 8281 8268 8244
f 8268 8245 8246 8244
f 8247 8248 8246 8245
f 8268 8267 8269 8245
f 8269 8253 8247 8245
f 8248 8313 8274 8246
f 8316 8249 8248 8247
f 8253 8315 8316 8247
f 8249 8250 8313 8248
f 8252 8253 8269 8251
f 8269 8267 8270 8251
f 8270 8261 8258 8251
f 8258 8257 8252 8251
f 8255 8315 8253 8252
f 8257 8254 8255 8252
f 8257 8256 8319 8254
f 8257 8258 8271 8256
f 8271 8272 8273 8256
f 8261 8260 8271 8258
f 8272 8271 8260 8259
f 8260 8262 8332 8259
f 8332 8331 8330 8259
f 8261 8263 8262 8260
f 8270 8266 8263 8261
f 8263 8283 8264 8262
f 8264 8335 8332 8262
f 8266 8284 8283 8263
f 8283 8286 8334 8264
f 8334 8333 8335 8264
f 8267 8268 8281 8265
f 8285 8284 8266 8265
f 8266 8270 8267 8265
f 8313 8276 8275 8274
f 8276 8277 8298 8275
f 8278 8300 8299 8277
f 8279 8312 8300 8278
f 8336 8333 8334 8287
f 8328 8325 8329 8323
f 8329 8344 8339 8324
f 8328 8327 8326 8325
f 8348 8344 8329 8325
f 8353 8352 8349 8336
f 8345 8342 8348 8338
f 8344 8343 8341 8339
f 8341 8346 8340 8339
f 8343 8344 8348 8342
f 8431 8520 8358 8354
f 8358 8359 8356 8355
f 8359 8360 8357 8356
f 8360 8361 8432 8357
f 8520 8519 8359 8358
f 8519 8450 8360 8359
f 8450 8568 8361 8360
f 8568 8569 8362 8361
f 8362 8365 8432 8361
f 8569 8570 8363 8362
f 8363 8366 8365 8362
f 8570 8571 8364 8363
f 8364 8367 8366 8363
f 8565 8368 8367 8364
f 8565 8563 8567 8368
f 8562 8561 8370 8369
f 8567 8563 8562 8369
f 8561 8560 8371 8370
f 8560 8388 8372 8371
f 8388 8389 8373 8372
f 8389 8387 8374 8373
f 8387 8566 8375 8374
f 8566 8386 8376 8375
f 8386 8384 8377 8376
f 8384 8383 8378 8377
f 8383 8381 8379 8378
f 8383 8385 8382 8381
f 8566 8394 8395 8386
f 8393 8394 8566 8387
f 8389 8392 8393 8387
f 8391 8392 8389 8388
f 8560 8390 8391 8388
f 8560 8561 8564 8390
f 8414 8559 8392 8391
f 8559 8421 8393 8392
f 8421 8422 8394 8393
f 8422 8558 8395 8394
f 8558 8397 8396 8395
f 8401 8399 8398 8397
f 8558 8400 8401 8397
f 8401 8403 8405 8399
f 8402 8403 8401 8400
f 8558 8422 8423 8400
f 8423 8418 8402 8400
f 8404 8406 8403 8402
f 8418 8420 8404 8402
f 8406 8557 8405 8403
f 8408 8427 8406 8404
f 8420 8407 8408 8404
f 8427 8556 8557 8406
f 8420 8419 8426 8407
f 8425 8424 8410 8409
f 8424 8419 8417 8411
f 8417 8416 8415 8411
f 8415 8412 8413 8411
f 8415 8559 8414 8412
f 8416 8421 8559 8415
f 8417 8418 8423 8416
f 8423 8422 8421 8416
f 8419 8420 8418 8417
f 8424 8425 8426 8419
f 8428 8553 8556 8427
f 8439 8430 8553 8428
f 8429 8438 8439 8428
f 8433 8444 8438 8429
f 8555 8554 8553 8430
f 8434 8443 8444 8433
f 8435 8442 8443 8434
f 8436 8445 8442 8435
f 8437 8549 8445 8436
f 8552 8550 8549 8437
f 8449 8448 8546 8447
f 8481 8547 8546 8448
f 8545 8483 8482 8451
f 8542 8509 8453 8452
f 8544 8541 8542 8452
f 8509 8454 8540 8453
f 8540 8458 8460 8453
f 8506 8507 8455 8454
f 8455 8459 8540 8454
f 8509 8508 8506 8454
f 8507 8538 8456 8455
f 8456 8457 8459 8455
f 8538 8539 8497 8456
f 8495 8463 8462 8457
f 8462 8461 8459 8457
f 8540 8459 8461 8458
f 8461 8472 8473 8458
f 8473 8474 8460 8458
f 8462 8471 8472 8461
f 8463 8469 8471 8462
f 8495 8496 8467 8463
f 8467 8470 8469 8463
f 8466 8468 8465 8464
f 8494 8493 8470 8466
f 8470 8467 8468 8466
f 8470 8493 8476 8469
f 8476 8475 8471 8469
f 8475 8478 8472 8471
f 8478 8490 8473 8472
f 8490 8489 8474 8473
f 8476 8492 8491 8475
f 8491 8477 8478 8475
f 8493 8486 8492 8476
f 8485 8484 8488 8477
f 8488 8490 8478 8477
f 8487 8488 8484 8479
f 8480 8483 8487 8479
f 8548 8482 8483 8480
f 8482 8548 8547 8481
f 8545 8489 8487 8483
f 8489 8490 8488 8487
f 8539 8498 8537 8497
f 8532 8533 8499 8498
f 8499 8534 8537 8498
f 8539 8531 8532 8498
f 8533 8501 8500 8499
f 8500 8535 8534 8499
f 8529 8507 8506 8502
f 8506 8508 8505 8502
f 8504 8510 8543 8503
f 8543 8511 8528 8503
f 8505 8508 8510 8504
f 8529 8530 8538 8507
f 8509 8542 8510 8508
f 8542 8541 8543 8510
f 8543 8541 8512 8511
f 8512 8527 8514 8511
f 8514 8518 8528 8511
f 8541 8544 8525 8512
f 8517 8518 8514 8513
f 8514 8527 8523 8513
f 8521 8516 8517 8513
f 8516 8521 8522 8515
f 8531 8539 8538 8530
f 8572 8573 8569 8568
f 8450 8440 8572 8568
f 8573 8574 8570 8569
f 8576 8575 8573 8572
f 8440 8536 8576 8572
f 8576 8577 8578 8575
f 8536 8524 8577 8576
f 8526 8579 8578 8577
f 8524 8582 8526 8577
f 8580 8581 8380 8579
f 8524 8588 8584 8582
f 8585 8584 8588 8583
f 8588 8551 8590 8583
f 8590 8587 8586 8583
f 8590 8446 8589 8587
f 8524 8536 8551 8588
f 8446 8520 8431 8589
f 8551 8441 8446 8590
f 8536 8440 8441 8551
f 8446 8441 8519 8520
f 8441 8440 8450 8519
f 8626 8620 8634 8591
f 8593 8594 8628 8592
f 8601 8635 8594 8593
f 8637 8595 8628 8594
f 8635 8636 8637 8594
f 8629 8624 8630 8595
f 8637 8642 8629 8595
f 8624 8629 8615 8596
f 8615 8614 8631 8596
f 8631 8614 8645 8597
f 8645 8600 8598 8597
f 8600 8645 8691 8599
f 8691 8613 8602 8599
f 8613 8749 8603 8602
f 8749 8611 8604 8603
f 8611 8750 8605 8604
f 8644 8610 8609 8606
f 8609 8608 8607 8606
f 8609 8618 8639 8608
f 8639 8619 8633 8608
f 8610 8612 8618 8609
f 8611 8749 8612 8610
f 8644 8750 8611 8610
f 8749 8613 8617 8612
f 8617 8640 8618 8612
f 8691 8643 8617 8613
f 8615 8616 8643 8614
f 8643 8691 8645 8614
f 8629 8642 8616 8615
f 8642 8641 8640 8616
f 8640 8617 8643 8616
f 8640 8641 8639 8618
f 8639 8641 8636 8619
f 8636 8635 8638 8619
f 8638 8621 8633 8619
f 8621 8638 8634 8620
f 8626 8623 8622 8620
f 8622 8632 8621 8620
f 8626 8627 8625 8623
f 8638 8635 8601 8634
f 8641 8642 8637 8636
f 8744 8649 8647 8646
f 8746 8748 8744 8646
f 8649 8745 8648 8647
f 8666 8664 8745 8649
f 8744 8650 8666 8649
f 8651 8742 8666 8650
f 8744 8748 8743 8650
f 8652 8659 8742 8651
f 8653 8658 8659 8652
f 8655 8654 8658 8653
f 8655 8656 8657 8654
f 8660 8665 8742 8659
f 8661 8741 8662 8660
f 8662 8663 8665 8660
f 8716 8714 8741 8661
f 8741 8676 8674 8662
f 8674 8673 8663 8662
f 8673 8740 8667 8663
f 8667 8664 8665 8663
f 8667 8668 8745 8664
f 8666 8742 8665 8664
f 8740 8669 8668 8667
f 8740 8671 8670 8669
f 8740 8673 8672 8671
f 8673 8674 8675 8672
f 8676 8677 8675 8674
f 8738 8678 8677 8676
f 8741 8714 8738 8676
f 8678 8681 8682 8677
f 8679 8680 8681 8678
f 8738 8739 8679 8678
f 8737 8736 8680 8679
f 8739 8710 8737 8679
f 8707 8706 8684 8683
f 8706 8705 8685 8684
f 8705 8701 8686 8685
f 8701 8702 8735 8686
f 8734 8700 8732 8687
f 8732 8688 8733 8687
f 8732 8697 8689 8688
f 8697 8696 8693 8689
f 8693 8694 8690 8689
f 8693 8696 8695 8692
f 8696 8731 8730 8695
f 8697 8698 8731 8696
f 8732 8700 8698 8697
f 8700 8699 8729 8698
f 8729 8726 8731 8698
f 8700 8734 8703 8699
f 8703 8735 8702 8699
f 8702 8723 8729 8699
f 8705 8704 8728 8701
f 8728 8723 8702 8701
f 8705 8706 8708 8704
f 8708 8718 8720 8704
f 8720 8722 8728 8704
f 8707 8709 8708 8706
f 8736 8737 8709 8707
f 8709 8711 8718 8708
f 8737 8710 8711 8709
f 8739 8715 8713 8710
f 8713 8712 8711 8710
f 8712 8717 8718 8711
f 8715 8739 8738 8714
f 8719 8720 8718 8717
f 8721 8722 8720 8719
f 8725 8724 8722 8721
f 8724 8723 8728 8722
f 8724 8726 8729 8723
f 8725 8727 8726 8724
f 8727 8730 8731 8726
f 8747 8751 8748 8746
f 8992 8754 8753 8752
f 8753 8987 8996 8752
f 8996 8995 8991 8752
f 8754 8990 8989 8753
f 8989 8988 8987 8753
f 8755 8760 8990 8754
f 8992 8993 8755 8754
f 8756 8759 8760 8755
f 8757 8758 8759 8756
f 8763 8983 8984 8762
f 8984 8988 8985 8762
f 8765 8982 8983 8763
f 8981 8868 8869 8764
f 8869 8982 8765 8764
f 8768 8865 8866 8766
f 8866 8981 8767 8766
f 8770 8980 8865 8768
f 8771 8905 8862 8769
f 8862 8980 8770 8769
f 8979 8978 8905 8771
f 8773 8808 8976 8772
f 8976 8909 8977 8772
f 8774 8975 8808 8773
f 8806 8807 8975 8775
f 8777 8804 8805 8776
f 8778 8803 8804 8777
f 8974 8802 8803 8778
f 8800 8801 8973 8779
f 8972 8796 8800 8779
f 8968 8799 8969 8780
f 8782 8960 8968 8781
f 8783 8793 8960 8782
f 8784 8962 8793 8783
f 8785 8792 8962 8784
f 8967 8791 8792 8785
f 8787 8788 8789 8786
f 8789 8790 8966 8786
f 8965 8848 8847 8788
f 8847 8947 8789 8788
f 8947 8843 8790 8789
f 8843 8842 8791 8790
f 8791 8967 8966 8790
f 8842 8964 8792 8791
f 8964 8963 8962 8792
f 8962 8963 8961 8793
f 8961 8794 8960 8793
f 8961 8820 8795 8794
f 8795 8797 8799 8794
f 8799 8968 8960 8794
f 8820 8819 8959 8795
f 8959 8798 8797 8795
f 8958 8816 8800 8796
f 8972 8971 8798 8796
f 8798 8959 8958 8796
f 8798 8971 8970 8797
f 8970 8969 8799 8797
f 8816 8815 8801 8800
f 8815 8814 8802 8801
f 8802 8974 8973 8801
f 8814 8813 8803 8802
f 8813 8812 8804 8803
f 8812 8957 8805 8804
f 8957 8807 8806 8805
f 8956 8808 8975 8807
f 8957 8811 8956 8807
f 8956 8809 8976 8808
f 8908 8909 8976 8809
f 8956 8811 8810 8809
f 8810 8911 8908 8809
f 8811 8829 8831 8810
f 8831 8832 8911 8810
f 8957 8812 8829 8811
f 8813 8830 8829 8812
f 8814 8955 8830 8813
f 8815 8954 8955 8814
f 8816 8817 8954 8815
f 8958 8818 8817 8816
f 8824 8825 8954 8817
f 8818 8823 8824 8817
f 8958 8959 8819 8818
f 8819 8822 8823 8818
f 8820 8821 8822 8819
f 8961 8963 8821 8820
f 8839 8840 8822 8821
f 8963 8964 8839 8821
f 8840 8838 8823 8822
f 8838 8953 8824 8823
f 8953 8827 8825 8824
f 8827 8834 8826 8825
f 8826 8955 8954 8825
f 8834 8833 8828 8826
f 8828 8830 8955 8826
f 8835 8950 8834 8827
f 8953 8836 8835 8827
f 8833 8832 8831 8828
f 8831 8829 8830 8828
f 8833 8951 8952 8832
f 8834 8950 8951 8833
f 8915 8914 8950 8835
f 8836 8837 8915 8835
f 8953 8838 8949 8836
f 8949 8946 8837 8836
f 8919 8916 8915 8837
f 8946 8924 8919 8837
f 8840 8948 8949 8838
f 8841 8948 8840 8839
f 8964 8842 8841 8839
f 8844 8845 8948 8841
f 8842 8843 8844 8841
f 8947 8846 8844 8843
f 8846 8926 8845 8844
f 8926 8924 8946 8845
f 8946 8949 8948 8845
f 8944 8925 8926 8846
f 8947 8847 8944 8846
f 8848 8945 8944 8847
f 8850 8849 8945 8848
f 8940 8923 8945 8849
f 8943 8941 8940 8851
f 8935 8886 8884 8852
f 8884 8854 8934 8852
f 8934 8933 8942 8852
f 8942 8853 8935 8852
f 8938 8936 8935 8853
f 8942 8941 8943 8853
f 8943 8937 8938 8853
f 8884 8885 8931 8854
f 8931 8855 8930 8854
f 8930 8922 8934 8854
f 8931 8932 8857 8855
f 8857 8856 8928 8855
f 8928 8917 8930 8855
f 8857 8859 8858 8856
f 8858 8912 8913 8856
f 8913 8927 8928 8856
f 8932 8882 8859 8857
f 8859 8929 8860 8858
f 8860 8903 8912 8858
f 8882 8883 8929 8859
f 8929 8863 8861 8860
f 8861 8904 8903 8860
f 8863 8980 8862 8861
f 8862 8905 8904 8861
f 8864 8865 8980 8863
f 8929 8883 8864 8863
f 8867 8866 8865 8864
f 8883 8891 8867 8864
f 8867 8868 8981 8866
f 8891 8902 8868 8867
f 8902 8901 8869 8868
f 8901 8870 8982 8869
f 8871 8983 8982 8870
f 8901 8880 8877 8870
f 8877 8873 8871 8870
f 8994 8984 8983 8871
f 8873 8872 8994 8871
f 8996 8987 8994 8872
f 8873 8875 8874 8872
f 8874 8995 8996 8872
f 8877 8876 8875 8873
f 8875 8895 8900 8874
f 8900 8761 8995 8874
f 8876 8894 8895 8875
f 8877 8880 8879 8876
f 8879 8888 8894 8876
f 8880 8901 8902 8878
f 8902 8891 8881 8878
f 8881 8890 8893 8878
f 8893 8879 8880 8878
f 8893 8892 8888 8879
f 8891 8883 8882 8881
f 8882 8932 8890 8881
f 8886 8892 8885 8884
f 8892 8893 8890 8885
f 8890 8932 8931 8885
f 8887 8888 8892 8886
f 8935 8936 8887 8886
f 8889 8894 8888 8887
f 8936 8899 8889 8887
f 8896 8895 8894 8889
f 8899 8897 8896 8889
f 8896 8898 8900 8895
f 8936 8938 8939 8899
f 8904 8907 8906 8903
f 8906 8910 8912 8903
f 8905 8978 8907 8904
f 8907 8909 8908 8906
f 8908 8911 8910 8906
f 8978 8977 8909 8907
f 8917 8928 8927 8914
f 8915 8916 8917 8914
f 8922 8930 8917 8916
f 8919 8921 8922 8916
f 8941 8942 8933 8918
f 8933 8921 8920 8918
f 8920 8925 8923 8918
f 8923 8940 8941 8918
f 8924 8920 8921 8919
f 8924 8926 8925 8920
f 8933 8934 8922 8921
f 8925 8944 8945 8923
f 8994 8987 8988 8984
f 8988 8989 8986 8985
f 9055 9012 9013 8997
f 9013 9068 9040 8997
f 9040 9100 9102 8997
f 9102 9093 9055 8997
f 8999 9006 9004 8998
f 9004 9003 9002 8998
f 9001 9098 8999 8998
f 9000 9007 9006 8999
f 9098 9099 9000 8999
f 9040 9068 9007 9000
f 9099 9100 9040 9000
f 9006 9007 9008 9005
f 9068 9070 9008 9007
f 9069 9013 9012 9010
f 9012 9119 9011 9010
f 9119 9086 9072 9011
f 9055 9106 9119 9012
f 9069 9070 9068 9013
f 9071 9072 9086 9014
f 9086 9107 9108 9014
f 9108 9118 9015 9014
f 9118 9065 9016 9015
f 9065 9117 9017 9016
f 9117 9064 9018 9017
f 9113 9112 9063 9019
f 9063 9062 9022 9019
f 9023 9115 9114 9020
f 9114 9022 9062 9020
f 9062 9074 9039 9020
f 9039 9021 9023 9020
f 9044 9024 9023 9021
f 9039 9076 9037 9021
f 9037 9041 9044 9021
f 9044 9042 9025 9024
f 9028 9027 9061 9026
f 9028 9060 9029 9027
f 9060 9046 9059 9029
f 9031 9051 9058 9030
f 9059 9035 9033 9030
f 9033 9034 9031 9030
f 9056 9057 9051 9031
f 9034 9032 9056 9031
f 9047 9053 9056 9032
f 9045 9043 9041 9036
f 9041 9037 9038 9036
f 9074 9075 9076 9039
f 9043 9042 9044 9041
f 9050 9009 9049 9048
f 9054 9052 9058 9051
f 9063 9073 9074 9062
f 9112 9111 9073 9063
f 9117 9084 9110 9064
f 9110 9080 9116 9064
f 9118 9105 9067 9065
f 9067 9084 9117 9065
f 9083 9084 9067 9066
f 9067 9105 9087 9066
f 9109 9082 9083 9066
f 9111 9078 9077 9073
f 9077 9075 9074 9073
f 9111 9112 9080 9079
f 9112 9113 9116 9080
f 9085 9083 9082 9081
f 9105 9104 9091 9087
f 9091 9089 9088 9087
f 9091 9092 9103 9089
f 9104 9108 9107 9090
f 9107 9106 9095 9090
f 9095 9094 9092 9090
f 9092 9091 9104 9090
f 9095 9106 9055 9093
f 9102 9097 9096 9093
f 9096 9094 9095 9093
f 9102 9100 9101 9097
f 9105 9118 9108 9104
f 9107 9086 9119 9106
f 9121 9122 9125 9120
f 9125 9124 9373 9120
f 9373 9372 9267 9120
f 9267 9266 9121 9120
f 9124 9346 9380 9123
f 9380 9132 9128 9123
f 9128 9369 9371 9123
f 9371 9373 9124 9123
f 9125 9268 9346 9124
f 9378 9129 9131 9126
f 9131 9130 9376 9126
f 9376 9364 9365 9126
f 9365 9366 9378 9126
f 9128 9132 9134 9127
f 9134 9133 9129 9127
f 9129 9378 9379 9127
f 9379 9369 9128 9127
f 9136 9375 9376 9130
f 9137 9375 9136 9135
f 9374 9377 9375 9137
f 9169 9140 9139 9138
f 9140 9377 9374 9139
f 9141 9364 9377 9140
f 9169 9170 9141 9140
f 9142 9365 9364 9141
f 9170 9171 9142 9141
f 9143 9366 9365 9142
f 9171 9172 9143 9142
f 9144 9367 9366 9143
f 9172 9173 9144 9143
f 9359 9368 9367 9144
f 9173 9174 9359 9144
f 9358 9266 9267 9145
f 9267 9372 9363 9145
f 9363 9362 9147 9145
f 9147 9356 9358 9145
f 9148 9356 9147 9146
f 9147 9362 9357 9146
f 9357 9152 9154 9146
f 9154 9149 9148 9146
f 9354 9355 9356 9148
f 9149 9353 9354 9148
f 9154 9153 9150 9149
f 9152 9357 9168 9151
f 9168 9167 9157 9151
f 9157 9162 9163 9151
f 9163 9161 9152 9151
f 9161 9153 9154 9152
f 9164 9171 9170 9155
f 9170 9169 9158 9155
f 9157 9167 9166 9156
f 9166 9165 9160 9156
f 9160 9165 9164 9159
f 9165 9172 9171 9164
f 9166 9173 9172 9165
f 9167 9174 9173 9166
f 9168 9360 9174 9167
f 9357 9362 9360 9168
f 9360 9361 9359 9174
f 9176 9177 9259 9175
f 9259 9273 9291 9175
f 9352 9350 9177 9176
f 9350 9179 9351 9177
f 9351 9192 9259 9177
f 9179 9350 9349 9178
f 9349 9348 9182 9178
f 9182 9185 9186 9178
f 9186 9183 9179 9178
f 9183 9190 9351 9179
f 9347 9343 9342 9180
f 9342 9341 9340 9180
f 9340 9339 9338 9180
f 9338 9181 9347 9180
f 9182 9348 9347 9181
f 9338 9329 9337 9181
f 9337 9185 9182 9181
f 9186 9187 9188 9183
f 9188 9189 9190 9183
f 9187 9186 9185 9184
f 9185 9337 9330 9184
f 9330 9328 9326 9184
f 9326 9335 9187 9184
f 9335 9336 9188 9187
f 9336 9193 9189 9188
f 9297 9191 9190 9189
f 9193 9299 9297 9189
f 9191 9192 9351 9190
f 9336 9194 9334 9193
f 9334 9298 9299 9193
f 9336 9335 9325 9194
f 9325 9324 9196 9194
f 9196 9211 9334 9194
f 9210 9211 9196 9195
f 9196 9324 9199 9195
f 9199 9198 9333 9195
f 9333 9209 9210 9195
f 9199 9324 9323 9197
f 9200 9198 9199 9197
f 9201 9332 9333 9198
f 9202 9204 9332 9201
f 9203 9322 9204 9202
f 9205 9321 9322 9203
f 9212 9213 9332 9204
f 9322 9208 9212 9204
f 9319 9207 9321 9206
f 9221 9222 9208 9207
f 9208 9322 9321 9207
f 9319 9223 9221 9207
f 9222 9318 9212 9208
f 9333 9332 9213 9209
f 9318 9217 9213 9212
f 9217 9218 9219 9214
f 9250 9251 9216 9215
f 9219 9249 9250 9215
f 9318 9220 9218 9217
f 9248 9249 9219 9218
f 9220 9247 9248 9218
f 9318 9222 9317 9220
f 9317 9300 9247 9220
f 9316 9317 9222 9221
f 9223 9303 9316 9221
f 9319 9320 9224 9223
f 9224 9315 9303 9223
f 9225 9226 9315 9224
f 9312 9313 9315 9226
f 9227 9228 9312 9226
f 9314 9313 9312 9229
f 9311 9243 9310 9230
f 9309 9244 9311 9231
f 9233 9240 9241 9232
f 9234 9239 9240 9233
f 9263 9235 9239 9234
f 9263 9258 9264 9235
f 9264 9307 9237 9235
f 9237 9238 9239 9235
f 9265 9270 9256 9236
f 9256 9255 9308 9236
f 9308 9307 9264 9236
f 9264 9257 9265 9236
f 9307 9253 9254 9237
f 9254 9306 9238 9237
f 9306 9304 9305 9238
f 9305 9240 9239 9238
f 9305 9242 9241 9240
f 9242 9244 9309 9241
f 9305 9304 9246 9242
f 9246 9245 9244 9242
f 9311 9244 9245 9243
f 9245 9300 9301 9243
f 9301 9302 9310 9243
f 9246 9247 9300 9245
f 9304 9248 9247 9246
f 9304 9306 9249 9248
f 9306 9254 9250 9249
f 9254 9253 9251 9250
f 9253 9252 9298 9251
f 9308 9255 9295 9252
f 9295 9299 9298 9252
f 9253 9307 9308 9252
f 9256 9269 9293 9255
f 9293 9296 9295 9255
f 9270 9271 9269 9256
f 9282 9281 9283 9257
f 9283 9270 9265 9257
f 9264 9258 9282 9257
f 9284 9279 9282 9258
f 9263 9262 9284 9258
f 9288 9262 9261 9260
f 9288 9285 9284 9262
f 9271 9272 9292 9269
f 9292 9294 9293 9269
f 9283 9290 9271 9270
f 9290 9274 9272 9271
f 9274 9275 9273 9272
f 9273 9259 9292 9272
f 9290 9276 9277 9274
f 9290 9283 9281 9276
f 9281 9280 9278 9276
f 9280 9281 9282 9279
f 9284 9285 9289 9279
f 9288 9287 9286 9285
f 9296 9297 9299 9295
f 9317 9316 9301 9300
f 9316 9303 9302 9301
f 9303 9315 9313 9302
f 9313 9314 9310 9302
f 9324 9325 9327 9323
f 9335 9326 9327 9325
f 9328 9331 9327 9326
f 9347 9348 9344 9343
f 9348 9349 9345 9344
f 9349 9350 9352 9345
f 9361 9370 9368 9359
f 9362 9363 9361 9360
f 9363 9372 9370 9361
f 9376 9375 9377 9364
f 9367 9379 9378 9366
f 9368 9369 9379 9367
f 9370 9371 9369 9368
f 9372 9373 9371 9370
f 9389 9461 9584 9464
f 9453 9462 9584 9461
f 9454 9463 9584 9462
f 9382 9464 9584 9463
f 9454 9465 9585 9463
f 9384 9466 9585 9465
f 9381 9467 9585 9466
f 9382 9463 9585 9467
f 9381 9468 9586 9467
f 9383 9469 9586 9468
f 9388 9470 9586 9469
f 9382 9467 9586 9470
f 9454 9471 9587 9465
f 9455 9472 9587 9471
f 9390 9473 9587 9472
f 9384 9465 9587 9473
f 9386 9474 9588 9477
f 9438 9475 9588 9474
f 9450 9476 9588 9475
f 9385 9477 9588 9476
f 9450 9478 9589 9476
f 9439 9479 9589 9478
f 9387 9480 9589 9479
f 9385 9476 9589 9480
f 9395 9481 9590 9484
f 9398 9482 9590 9481
f 9396 9483 9590 9482
f 9392 9484 9590 9483
f 9400 9485 9591 9488
f 9399 9486 9591 9485
f 9394 9487 9591 9486
f 9393 9488 9591 9487
f 9399 9489 9592 9486
f 9398 9481 9592 9489
f 9395 9490 9592 9481
f 9394 9486 9592 9490
f 9398 9491 9593 9482
f 9437 9492 9593 9491
f 9423 9493 9593 9492
f 9396 9482 9593 9493
f 9423 9494 9594 9493
f 9424 9495 9594 9494
f 9397 9496 9594 9495
f 9396 9493 9594 9496
f 9399 9497 9595 9489
f 9436 9498 9595 9497
f 9437 9491 9595 9498
f 9398 9489 9595 9491
f 9400 9499 9596 9485
f 9434 9500 9596 9499
f 9436 9497 9596 9500
f 9399 9485 9596 9497
f 9433 9501 9597 9504
f 9434 9502 9597 9501
f 9402 9503 9597 9502
f 9401 9504 9597 9503
f 9404 9505 9598 9507
f 9432 9506 9598 9505
f 9433 9504 9598 9506
f 9401 9507 9598 9504
f 9405 9508 9599 9510
f 9432 9505 9599 9508
f 9404 9509 9599 9505
f 9403 9510 9599 9509
f 9404 9511 9600 9509
f 9431 9512 9600 9511
f 9430 9513 9600 9512
f 9403 9509 9600 9513
f 9430 9514 9601 9513
f 9429 9515 9601 9514
f 9406 9516 9601 9515
f 9403 9513 9601 9516
f 9406 9517 9602 9516
f 9419 9518 9602 9517
f 9405 9510 9602 9518
f 9403 9516 9602 9510
f 9420 9519 9603 9521
f 9421 9520 9603 9519
f 9432 9508 9603 9520
f 9405 9521 9603 9508
f 9429 9522 9604 9515
f 9407 9523 9604 9522
f 9418 9524 9604 9523
f 9406 9515 9604 9524
f 9409 9525 9605 9528
f 9408 9526 9605 9525
f 9428 9527 9605 9526
f 9407 9528 9605 9527
f 9428 9529 9606 9527
f 9427 9530 9606 9529
f 9418 9523 9606 9530
f 9407 9527 9606 9523
f 9411 9531 9607 9533
f 9417 9532 9607 9531
f 9428 9526 9607 9532
f 9408 9533 9607 9526
f 9426 9534 9608 9537
f 9422 9535 9608 9534
f 9435 9536 9608 9535
f 9421 9537 9608 9536
f 9435 9538 9609 9536
f 9433 9506 9609 9538
f 9432 9520 9609 9506
f 9421 9536 9609 9520
f 9425 9539 9610 9541
f 9423 9492 9610 9539
f 9437 9540 9610 9492
f 9422 9541 9610 9540
f 9437 9498 9611 9540
f 9436 9542 9611 9498
f 9435 9535 9611 9542
f 9422 9540 9611 9535
f 9435 9542 9612 9538
f 9436 9500 9612 9542
f 9434 9501 9612 9500
f 9433 9538 9612 9501
f 9450 9543 9613 9478
f 9416 9544 9613 9543
f 9443 9545 9613 9544
f 9439 9478 9613 9545
f 9410 9546 9614 9549
f 9391 9547 9614 9546
f 9441 9548 9614 9547
f 9440 9549 9614 9548
f 9391 9550 9615 9553
f 9444 9551 9615 9550
f 9445 9552 9615 9551
f 9442 9553 9615 9552
f 9416 9554 9616 9544
f 9415 9555 9616 9554
f 9444 9556 9616 9555
f 9443 9544 9616 9556
f 9444 9550 9617 9556
f 9391 9546 9617 9550
f 9410 9557 9617 9546
f 9443 9556 9617 9557
f 9415 9558 9618 9555
f 9446 9559 9618 9558
f 9445 9551 9618 9559
f 9444 9555 9618 9551
f 9415 9560 9619 9558
f 9412 9561 9619 9560
f 9459 9562 9619 9561
f 9446 9558 9619 9562
f 9460 9563 9620 9566
f 9449 9564 9620 9563
f 9448 9565 9620 9564
f 9447 9566 9620 9565
f 9412 9567 9621 9561
f 9452 9568 9621 9567
f 9458 9569 9621 9568
f 9459 9561 9621 9569
f 9452 9570 9622 9568
f 9456 9571 9622 9570
f 9457 9572 9622 9571
f 9458 9568 9622 9572
f 9452 9573 9623 9570
f 9451 9574 9623 9573
f 9455 9575 9623 9574
f 9456 9570 9623 9575
f 9455 9471 9624 9575
f 9454 9462 9624 9471
f 9453 9576 9624 9462
f 9456 9575 9624 9576
f 9451 9577 9625 9574
f 9414 9578 9625 9577
f 9390 9472 9625 9578
f 9455 9574 9625 9472
f 9412 9579 9626 9567
f 9413 9580 9626 9579
f 9451 9573 9626 9580
f 9452 9567 9626 9573
f 9413 9581 9627 9580
f 9438 9582 9627 9581
f 9414 9577 9627 9582
f 9451 9580 9627 9577
f 9438 9581 9628 9475
f 9413 9583 9628 9581
f 9416 9543 9628 9583
f 9450 9475 9628 9543
f 9413 9579 9629 9583
f 9412 9560 9629 9579
f 9415 9554 9629 9560
f 9416 9583 9629 9554
f 9632 9634 9631 9630
f 9633 9635 9637 9632
f 9637 9638 9634 9632
f 9638 9645 9639 9634
f 9641 9642 9644 9640
f 9647 9646 9644 9642
f 9646 9649 9648 9644
f 9654 9655 9656 9653
f 9658 9657 9656 9655
f 9664 9665 9668 9663
f 9668 9667 9669 9663
f 9670 9671 9665 9664
f 9671 9691 9675 9665
f 9675 9674 9668 9665
f 9667 9673 9672 9666
f 9672 9685 9696 9666
f 9696 9686 9676 9666
f 9676 9669 9667 9666
f 9668 9674 9673 9667
f 9676 9687 9678 9669
f 9682 9683 9671 9670
f 9679 9688 9682 9670
f 9683 9692 9691 9671
f 9686 9698 9687 9676
f 9687 9698 9705 9677
f 9690 9681 9688 9679
f 9718 9700 9681 9680
f 9699 9717 9706 9680
f 9706 9738 9718 9680
f 9700 9689 9688 9681
f 9694 9693 9683 9682
f 9688 9689 9694 9682
f 9695 9696 9685 9684
f 9696 9695 9697 9686
f 9707 9703 9694 9689
f 9700 9719 9707 9689
f 9694 9703 9711 9693
f 9718 9723 9719 9700
f 9713 9712 9711 9703
f 9707 9720 9713 9703
f 9715 9716 9705 9704
f 9717 9722 9636 9706
f 9636 9732 9738 9706
f 9719 9724 9720 9707
f 9720 9726 9728 9713
f 9721 9716 9715 9714
f 9708 9737 9722 9717
f 9738 9730 9723 9718
f 9723 9734 9724 9719
f 9724 9725 9726 9720
f 9737 9727 9731 9722
f 9730 9710 9734 9723
f 9734 9709 9725 9724
f 9735 9736 9726 9725
f 9733 9730 9738 9732
f 9729 9710 9730 9733
f 9739 9702 9729 9733
f 9710 9662 9709 9734
f 9661 9662 9710 9729
f 9702 9651 9661 9729
f 9662 9660 9701 9709
f 9661 9659 9660 9662
f 9651 9650 9659 9661
f 9650 9643 9652 9659
f 9760 9761 9764 9740
f 9764 9892 9877 9740
f 9877 9743 9741 9740
f 9741 9759 9760 9740
f 9743 9888 9742 9741
f 9742 9758 9759 9741
f 9888 9747 9777 9742
f 9777 9757 9758 9742
f 9877 9894 9876 9743
f 9876 9745 9888 9743
f 9747 9888 9745 9744
f 9746 9748 9747 9744
f 9749 9751 9748 9746
f 9748 9752 9777 9747
f 9751 9753 9752 9748
f 9750 9875 9751 9749
f 9873 9874 9875 9750
f 9875 9872 9753 9751
f 9756 9757 9777 9752
f 9753 9755 9756 9752
f 9872 9754 9755 9753
f 9818 9819 9755 9754
f 9872 9864 9871 9754
f 9871 9870 9818 9754
f 9819 9820 9756 9755
f 9762 9878 9764 9761
f 9813 9815 9869 9765
f 9869 9769 9770 9765
f 9770 9771 9768 9765
f 9768 9766 9813 9765
f 9811 9812 9813 9766
f 9768 9867 9767 9766
f 9767 9810 9811 9766
f 9771 9866 9867 9768
f 9869 9870 9871 9769
f 9871 9864 9773 9769
f 9773 9772 9770 9769
f 9772 9775 9771 9770
f 9775 9861 9866 9771
f 9773 9863 9862 9772
f 9862 9774 9775 9772
f 9864 9874 9863 9773
f 9862 9779 9778 9774
f 9778 9776 9860 9774
f 9860 9861 9775 9774
f 9781 9782 9860 9776
f 9862 9863 9780 9779
f 9863 9874 9873 9780
f 9785 9783 9782 9781
f 9865 9861 9860 9782
f 9783 9784 9865 9782
f 9785 9788 9789 9783
f 9789 9790 9784 9783
f 9841 9842 9865 9784
f 9790 9839 9841 9784
f 9786 9787 9788 9785
f 9791 9859 9839 9790
f 9858 9844 9859 9792
f 9856 9846 9858 9793
f 9800 9857 9856 9794
f 9795 9855 9800 9794
f 9797 9798 9855 9796
f 9829 9830 9798 9797
f 9854 9831 9829 9797
f 9830 9801 9799 9798
f 9799 9800 9855 9798
f 9801 9803 9802 9799
f 9802 9857 9800 9799
f 9853 9851 9803 9801
f 9830 9828 9853 9801
f 9803 9804 9850 9802
f 9850 9847 9857 9802
f 9851 9852 9804 9803
f 9852 9824 9805 9804
f 9805 9849 9850 9804
f 9824 9823 9806 9805
f 9806 9832 9849 9805
f 9807 9808 9832 9806
f 9833 9836 9832 9808
f 9822 9810 9868 9809
f 9814 9815 9813 9812
f 9816 9870 9869 9815
f 9817 9818 9870 9816
f 9821 9819 9818 9817
f 9852 9826 9825 9824
f 9852 9851 9827 9826
f 9830 9829 9763 9828
f 9836 9848 9849 9832
f 9834 9838 9836 9833
f 9835 9843 9840 9834
f 9840 9837 9838 9834
f 9838 9845 9848 9836
f 9840 9841 9839 9837
f 9839 9859 9844 9837
f 9844 9845 9838 9837
f 9843 9842 9841 9840
f 9843 9867 9866 9842
f 9866 9861 9865 9842
f 9858 9846 9845 9844
f 9846 9847 9848 9845
f 9856 9857 9847 9846
f 9850 9849 9848 9847
f 9872 9875 9874 9864
f 9892 9891 9894 9877
f 9893 9880 9879 9878
f 9879 9892 9764 9878
f 9880 9889 9890 9879
f 9890 9891 9892 9879
f 9893 9881 9882 9880
f 9882 9883 9889 9880
f 9886 9884 9882 9881
f 9886 9887 9885 9884
f 9908 9905 9903 9895
f 9903 9898 9896 9895
f 9898 9900 9897 9896
f 9903 9902 9901 9898
f 9901 9899 9900 9898
f 10015 10000 9900 9899
f 9901 10016 10092 9899
f 10092 10064 10015 9899
f 9902 10037 10016 9901
f 9903 9905 9904 9902
f 9905 9907 9906 9904
f 9907 9910 10038 9906
f 10038 9930 9931 9906
f 10058 10057 9911 9909
f 10057 10041 10039 9911
f 9913 9916 9917 9912
f 9917 9926 10058 9912
f 9914 9915 9916 9913
f 9923 9919 9915 9914
f 9920 9921 9916 9915
f 9921 9922 9917 9916
f 9922 9924 9926 9917
f 9919 9923 9999 9918
f 9925 9927 9926 9924
f 10040 9928 9927 9925
f 9927 10057 10058 9926
f 9928 10041 10057 9927
f 9929 9930 10041 9928
f 10040 10063 9929 9928
f 9932 9931 9930 9929
f 10063 9935 9932 9929
f 10038 10039 10041 9930
f 9935 9933 9934 9932
f 10059 10089 9934 9933
f 9935 9937 9936 9933
f 9936 10088 10059 9933
f 9938 9939 10088 9936
f 9940 10084 10088 9939
f 9941 10086 10084 9940
f 9942 10087 10086 9941
f 9943 9944 9942 9941
f 9945 9947 10080 9943
f 10080 10083 9944 9943
f 9948 9949 9947 9946
f 10079 9958 9959 9948
f 9959 9951 9949 9948
f 9953 9952 9951 9950
f 9951 9959 9957 9950
f 9957 9956 9955 9954
f 9956 9961 9960 9955
f 9957 9959 9958 9956
f 9962 10077 10078 9960
f 9967 10060 10061 9963
f 10061 10062 9968 9963
f 10073 10035 10050 9964
f 10050 10049 10072 9964
f 10072 9997 10070 9964
f 10070 10071 10073 9964
f 9966 10075 10074 9965
f 10074 10073 10071 9965
f 10071 10052 10053 9965
f 10053 10054 9966 9965
f 10054 10060 9967 9966
f 9969 10077 10076 9968
f 10062 9973 9969 9968
f 9970 10078 10077 9969
f 9973 9974 9970 9969
f 9974 9972 9971 9970
f 10062 9981 9975 9973
f 9975 9978 9974 9973
f 9981 9980 9983 9975
f 9983 9977 9978 9975
f 9977 9983 9982 9976
f 9981 10062 10061 9979
f 10061 10060 9984 9979
f 10060 10054 9985 9984
f 9985 9988 10055 9984
f 10054 10053 9986 9985
f 9986 9990 9988 9985
f 10053 10052 9987 9986
f 9987 9995 9990 9986
f 10052 10051 9996 9987
f 9990 9994 9991 9988
f 9991 9992 10055 9988
f 10056 10055 9992 9989
f 9995 9993 9994 9990
f 10072 10049 10048 9998
f 10005 10006 10047 10001
f 10006 10044 10004 10002
f 10018 10047 10006 10002
f 10004 10010 10012 10003
f 10044 10045 10010 10004
f 10007 10043 10008 10005
f 10008 10044 10006 10005
f 10028 10029 10043 10007
f 10043 10019 10009 10008
f 10009 10045 10044 10008
f 10014 10013 10012 10010
f 10046 10012 10013 10011
f 10029 10042 10022 10020
f 10024 10023 10025 10021
f 10042 10023 10024 10022
f 10042 10030 10027 10023
f 10027 10026 10025 10023
f 10027 10032 10031 10026
f 10030 10034 10032 10027
f 10030 10042 10029 10028
f 10033 10034 10030 10028
f 10032 10050 10035 10031
f 10034 10049 10050 10032
f 10073 10074 10036 10035
f 10052 10071 10070 10051
f 10066 10067 10069 10065
f 10081 10082 10083 10080
f 10086 10090 10085 10084
f 10085 10059 10088 10084
f 10090 10091 10017 10085
f 10017 10089 10059 10085
f 10087 10093 10090 10086
f 10093 10068 10091 10090
f 10068 10064 10092 10091
f 10092 10016 10017 10091
f 10113 10147 10227 10150
f 10112 10148 10227 10147
f 10094 10149 10227 10148
f 10102 10150 10227 10149
f 10111 10151 10228 10154
f 10110 10152 10228 10151
f 10104 10153 10228 10152
f 10103 10154 10228 10153
f 10094 10148 10229 10156
f 10112 10155 10229 10148
f 10111 10154 10229 10155
f 10103 10156 10229 10154
f 10110 10157 10230 10152
f 10109 10158 10230 10157
f 10105 10159 10230 10158
f 10104 10152 10230 10159
f 10109 10160 10231 10158
f 10108 10161 10231 10160
f 10095 10162 10231 10161
f 10105 10158 10231 10162
f 10114 10163 10232 10166
f 10115 10164 10232 10163
f 10097 10165 10232 10164
f 10106 10166 10232 10165
f 10096 10167 10233 10169
f 10107 10168 10233 10167
f 10114 10166 10233 10168
f 10106 10169 10233 10166
f 10096 10170 10234 10167
f 10095 10161 10234 10170
f 10108 10171 10234 10161
f 10107 10167 10234 10171
f 10098 10172 10235 10174
f 10116 10173 10235 10172
f 10097 10164 10235 10173
f 10115 10174 10235 10164
f 10098 10175 10236 10172
f 10143 10176 10236 10175
f 10099 10177 10236 10176
f 10116 10172 10236 10177
f 10101 10178 10237 10181
f 10119 10179 10237 10178
f 10100 10180 10237 10179
f 10117 10181 10237 10180
f 10118 10182 10238 10184
f 10099 10183 10238 10182
f 10101 10181 10238 10183
f 10117 10184 10238 10181
f 10141 10185 10239 10188
f 10140 10186 10239 10185
f 10120 10187 10239 10186
f 10119 10188 10239 10187
f 10120 10189 10240 10187
f 10121 10190 10240 10189
f 10100 10179 10240 10190
f 10119 10187 10240 10179
f 10101 10191 10241 10178
f 10142 10192 10241 10191
f 10141 10188 10241 10192
f 10119 10178 10241 10188
f 10140 10193 10242 10186
f 10139 10194 10242 10193
f 10127 10195 10242 10194
f 10120 10186 10242 10195
f 10127 10196 10243 10195
f 10122 10197 10243 10196
f 10121 10189 10243 10197
f 10120 10195 10243 10189
f 10127 10198 10244 10196
f 10136 10199 10244 10198
f 10123 10200 10244 10199
f 10122 10196 10244 10200
f 10136 10201 10245 10199
f 10135 10202 10245 10201
f 10124 10203 10245 10202
f 10123 10199 10245 10203
f 10135 10204 10246 10202
f 10134 10205 10246 10204
f 10125 10206 10246 10205
f 10124 10202 10246 10206
f 10134 10207 10247 10205
f 10144 10208 10247 10207
f 10146 10209 10247 10208
f 10125 10205 10247 10209
f 10132 10210 10248 10213
f 10130 10211 10248 10210
f 10128 10212 10248 10211
f 10126 10213 10248 10212
f 10132 10214 10249 10210
f 10133 10215 10249 10214
f 10131 10216 10249 10215
f 10130 10210 10249 10216
f 10133 10217 10250 10215
f 10129 10218 10250 10217
f 10145 10219 10250 10218
f 10131 10215 10250 10219
f 10136 10220 10251 10201
f 10138 10221 10251 10220
f 10137 10222 10251 10221
f 10135 10201 10251 10222
f 10127 10194 10252 10198
f 10139 10223 10252 10194
f 10138 10220 10252 10223
f 10136 10198 10252 10220
f 10101 10183 10253 10191
f 10099 10176 10253 10183
f 10143 10224 10253 10176
f 10142 10191 10253 10224
f 10145 10218 10254 10226
f 10129 10225 10254 10218
f 10146 10208 10254 10225
f 10144 10226 10254 10208
f 10256 10539 10537 10255
f 10537 10276 10272 10255
f 10272 10265 10260 10255
f 10260 10259 10256 10255
f 10257 10258 10539 10256
f 10259 10540 10257 10256
f 10542 10543 10258 10257
f 10540 10541 10542 10257
f 10260 10535 10438 10259
f 10438 10378 10540 10259
f 10265 10264 10535 10260
f 10263 10271 10269 10261
f 10269 10267 10266 10261
f 10266 10533 10534 10261
f 10534 10262 10263 10261
f 10264 10265 10263 10262
f 10534 10406 10407 10262
f 10407 10379 10264 10262
f 10265 10272 10271 10263
f 10379 10380 10535 10264
f 10267 10281 10280 10266
f 10280 10532 10533 10266
f 10269 10270 10268 10267
f 10268 10282 10281 10267
f 10271 10273 10270 10269
f 10273 10275 10274 10270
f 10272 10276 10273 10271
f 10276 10536 10275 10273
f 10537 10538 10536 10276
f 10278 10279 10528 10277
f 10528 10525 10288 10277
f 10288 10285 10527 10277
f 10527 10531 10278 10277
f 10280 10281 10279 10278
f 10531 10532 10280 10278
f 10281 10282 10530 10279
f 10530 10529 10528 10279
f 10284 10287 10286 10283
f 10286 10290 10289 10283
f 10289 10295 10296 10283
f 10296 10297 10284 10283
f 10285 10288 10287 10284
f 10297 10404 10285 10284
f 10404 10405 10527 10285
f 10287 10523 10292 10286
f 10292 10291 10290 10286
f 10288 10525 10523 10287
f 10294 10293 10295 10289
f 10521 10522 10295 10293
f 10522 10298 10296 10295
f 10298 10299 10297 10296
f 10299 10300 10404 10297
f 10522 10511 10512 10298
f 10512 10520 10299 10298
f 10520 10302 10300 10299
f 10301 10405 10404 10300
f 10302 10303 10301 10300
f 10399 10401 10405 10301
f 10303 10304 10399 10301
f 10520 10305 10306 10302
f 10306 10307 10303 10302
f 10307 10517 10304 10303
f 10408 10400 10399 10304
f 10517 10518 10408 10304
f 10520 10512 10313 10305
f 10313 10312 10314 10305
f 10314 10309 10306 10305
f 10309 10310 10307 10306
f 10310 10308 10517 10307
f 10515 10518 10517 10308
f 10310 10513 10514 10308
f 10514 10420 10515 10308
f 10314 10433 10434 10309
f 10434 10513 10310 10309
f 10312 10313 10315 10311
f 10315 10509 10316 10311
f 10316 10318 10319 10311
f 10319 10320 10312 10311
f 10320 10433 10314 10312
f 10512 10511 10315 10313
f 10511 10510 10509 10315
f 10508 10317 10318 10316
f 10325 10322 10318 10317
f 10322 10321 10319 10318
f 10321 10506 10320 10319
f 10506 10507 10433 10320
f 10322 10323 10505 10321
f 10505 10431 10506 10321
f 10325 10324 10323 10322
f 10324 10330 10329 10323
f 10329 10496 10505 10323
f 10325 10326 10328 10324
f 10328 10504 10330 10324
f 10500 10504 10328 10327
f 10330 10331 10332 10329
f 10332 10333 10496 10329
f 10504 10499 10331 10330
f 10471 10472 10333 10332
f 10334 10494 10496 10333
f 10472 10497 10334 10333
f 10495 10493 10494 10334
f 10497 10469 10495 10334
f 10336 10491 10490 10335
f 10490 10493 10495 10335
f 10495 10469 10468 10335
f 10468 10467 10336 10335
f 10337 10492 10491 10336
f 10467 10462 10337 10336
f 10489 10338 10492 10337
f 10462 10463 10489 10337
f 10339 10425 10488 10338
f 10488 10487 10492 10338
f 10489 10464 10339 10338
f 10340 10424 10425 10339
f 10464 10465 10340 10339
f 10341 10486 10424 10340
f 10465 10466 10341 10340
f 10342 10343 10486 10341
f 10466 10443 10342 10341
f 10478 10344 10343 10342
f 10443 10444 10478 10342
f 10344 10485 10418 10343
f 10418 10435 10486 10343
f 10345 10347 10485 10344
f 10478 10479 10345 10344
f 10346 10348 10347 10345
f 10479 10480 10346 10345
f 10482 10351 10348 10346
f 10480 10481 10482 10346
f 10348 10484 10483 10347
f 10483 10416 10485 10347
f 10351 10349 10484 10348
f 10350 10360 10359 10349
f 10359 10358 10484 10349
f 10351 10352 10350 10349
f 10354 10357 10360 10350
f 10352 10353 10354 10350
f 10482 10440 10352 10351
f 10502 10355 10354 10353
f 10355 10356 10357 10354
f 10369 10367 10357 10356
f 10367 10365 10360 10357
f 10359 10363 10362 10358
f 10362 10439 10361 10358
f 10361 10483 10484 10358
f 10360 10365 10363 10359
f 10439 10436 10413 10361
f 10413 10416 10483 10361
f 10363 10364 10390 10362
f 10390 10389 10439 10362
f 10365 10366 10364 10363
f 10366 10370 10383 10364
f 10383 10387 10390 10364
f 10367 10368 10366 10365
f 10368 10372 10370 10366
f 10372 10373 10371 10370
f 10371 10374 10383 10370
f 10376 10375 10374 10371
f 10375 10378 10382 10374
f 10382 10387 10383 10374
f 10376 10377 10541 10375
f 10541 10540 10378 10375
f 10438 10381 10382 10378
f 10407 10437 10384 10379
f 10384 10385 10380 10379
f 10381 10438 10535 10380
f 10385 10386 10381 10380
f 10386 10387 10382 10381
f 10437 10396 10393 10384
f 10393 10388 10385 10384
f 10388 10389 10386 10385
f 10389 10390 10387 10386
f 10393 10392 10436 10388
f 10436 10439 10389 10388
f 10392 10393 10396 10391
f 10396 10395 10409 10391
f 10409 10410 10411 10391
f 10411 10412 10392 10391
f 10412 10413 10436 10392
f 10395 10398 10397 10394
f 10397 10400 10408 10394
f 10408 10518 10519 10394
f 10519 10409 10395 10394
f 10396 10437 10398 10395
f 10398 10406 10403 10397
f 10403 10402 10400 10397
f 10437 10407 10406 10398
f 10400 10402 10401 10399
f 10402 10532 10531 10401
f 10531 10527 10405 10401
f 10403 10533 10532 10402
f 10406 10534 10533 10403
f 10519 10516 10410 10409
f 10516 10421 10417 10410
f 10417 10414 10411 10410
f 10414 10415 10412 10411
f 10415 10416 10413 10412
f 10417 10419 10435 10414
f 10435 10418 10415 10414
f 10418 10485 10416 10415
f 10421 10423 10419 10417
f 10423 10425 10424 10419
f 10424 10486 10435 10419
f 10421 10516 10515 10420
f 10514 10427 10422 10420
f 10422 10423 10421 10420
f 10427 10487 10488 10422
f 10488 10425 10423 10422
f 10427 10514 10513 10426
f 10513 10434 10428 10426
f 10428 10429 10430 10426
f 10430 10487 10427 10426
f 10434 10433 10507 10428
f 10507 10432 10429 10428
f 10432 10493 10490 10429
f 10490 10491 10430 10429
f 10491 10492 10487 10430
f 10432 10507 10506 10431
f 10505 10496 10494 10431
f 10494 10493 10432 10431
f 10480 10479 10442 10441
f 10479 10478 10444 10442
f 10444 10447 10448 10442
f 10466 10445 10446 10443
f 10446 10447 10444 10443
f 10466 10465 10461 10445
f 10461 10451 10450 10445
f 10450 10449 10446 10445
f 10449 10477 10447 10446
f 10450 10454 10455 10449
f 10451 10452 10454 10450
f 10461 10460 10459 10451
f 10459 10453 10452 10451
f 10459 10458 10456 10453
f 10458 10457 10476 10456
f 10458 10463 10462 10457
f 10462 10467 10475 10457
f 10459 10460 10463 10458
f 10461 10465 10464 10460
f 10464 10489 10463 10460
f 10468 10474 10475 10467
f 10469 10473 10474 10468
f 10497 10470 10473 10469
f 10499 10504 10500 10498
f 10500 10501 10503 10498
f 10511 10522 10521 10510
f 10516 10519 10518 10515
f 10525 10526 10524 10523
f 10528 10529 10526 10525
f 10595 10615 10715 10618
f 10612 10616 10715 10615
f 10547 10617 10715 10616
f 10544 10618 10715 10617
f 10547 10619 10716 10617
f 10546 10620 10716 10619
f 10545 10621 10716 10620
f 10544 10617 10716 10621
f 10546 10622 10717 10620
f 10608 10623 10717 10622
f 10605 10624 10717 10623
f 10545 10620 10717 10624
f 10612 10625 10718 10628
f 10610 10626 10718 10625
f 10550 10627 10718 10626
f 10548 10628 10718 10627
f 10550 10629 10719 10632
f 10613 10630 10719 10629
f 10614 10631 10719 10630
f 10549 10632 10719 10631
f 10610 10633 10720 10626
f 10604 10634 10720 10633
f 10613 10629 10720 10634
f 10550 10626 10720 10629
f 10603 10635 10721 10638
f 10553 10636 10721 10635
f 10552 10637 10721 10636
f 10551 10638 10721 10637
f 10553 10639 10722 10636
f 10554 10640 10722 10639
f 10555 10641 10722 10640
f 10552 10636 10722 10641
f 10602 10642 10723 10644
f 10600 10643 10723 10642
f 10555 10640 10723 10643
f 10554 10644 10723 10640
f 10557 10645 10724 10648
f 10559 10646 10724 10645
f 10601 10647 10724 10646
f 10556 10648 10724 10647
f 10601 10649 10725 10647
f 10600 10642 10725 10649
f 10602 10650 10725 10642
f 10556 10647 10725 10650
f 10558 10651 10726 10653
f 10599 10652 10726 10651
f 10559 10645 10726 10652
f 10557 10653 10726 10645
f 10598 10654 10727 10656
f 10560 10655 10727 10654
f 10599 10651 10727 10655
f 10558 10656 10727 10651
f 10598 10657 10728 10654
f 10561 10658 10728 10657
f 10567 10659 10728 10658
f 10560 10654 10728 10659
f 10563 10660 10729 10663
f 10569 10661 10729 10660
f 10568 10662 10729 10661
f 10562 10663 10729 10662
f 10564 10664 10730 10666
f 10570 10665 10730 10664
f 10569 10660 10730 10665
f 10563 10666 10730 10660
f 10566 10667 10731 10669
f 10571 10668 10731 10667
f 10570 10664 10731 10668
f 10564 10669 10731 10664
f 10572 10670 10732 10672
f 10571 10667 10732 10670
f 10566 10671 10732 10667
f 10565 10672 10732 10671
f 10575 10673 10733 10676
f 10596 10674 10733 10673
f 10597 10675 10733 10674
f 10573 10676 10733 10675
f 10579 10677 10734 10680
f 10580 10678 10734 10677
f 10594 10679 10734 10678
f 10574 10680 10734 10679
f 10594 10681 10735 10679
f 10589 10682 10735 10681
f 10590 10683 10735 10682
f 10574 10679 10735 10683
f 10590 10684 10736 10683
f 10591 10685 10736 10684
f 10578 10686 10736 10685
f 10574 10683 10736 10686
f 10578 10687 10737 10686
f 10577 10688 10737 10687
f 10579 10680 10737 10688
f 10574 10686 10737 10680
f 10577 10687 10738 10691
f 10578 10689 10738 10687
f 10596 10690 10738 10689
f 10576 10691 10738 10690
f 10591 10692 10739 10685
f 10597 10674 10739 10692
f 10596 10689 10739 10674
f 10578 10685 10739 10689
f 10581 10693 10740 10695
f 10593 10694 10740 10693
f 10594 10678 10740 10694
f 10580 10695 10740 10678
f 10583 10696 10741 10699
f 10584 10697 10741 10696
f 10592 10698 10741 10697
f 10582 10699 10741 10698
f 10592 10700 10742 10698
f 10588 10701 10742 10700
f 10593 10702 10742 10701
f 10582 10698 10742 10702
f 10585 10703 10743 10705
f 10587 10704 10743 10703
f 10592 10697 10743 10704
f 10584 10705 10743 10697
f 10589 10681 10744 10706
f 10594 10694 10744 10681
f 10593 10701 10744 10694
f 10588 10706 10744 10701
f 10610 10625 10745 10708
f 10612 10615 10745 10625
f 10595 10707 10745 10615
f 10609 10708 10745 10707
f 10606 10709 10746 10712
f 10586 10710 10746 10709
f 10607 10711 10746 10710
f 10611 10712 10746 10711
f 10607 10713 10747 10711
f 10605 10623 10747 10713
f 10608 10714 10747 10623
f 10611 10711 10747 10714
f 10835 10749 10888 10748
f 10750 10839 10888 10749
f 10835 10940 10942 10749
f 10942 10751 10750 10749
f 10889 10791 10839 10750
f 10751 10753 10889 10750
f 10942 10941 10755 10751
f 10755 10752 10753 10751
f 10943 10944 10753 10752
f 10755 10756 10757 10752
f 10757 10929 10943 10752
f 10944 10792 10889 10753
f 10756 10755 10941 10754
f 10941 10939 10931 10754
f 10931 10761 10760 10754
f 10760 10759 10756 10754
f 10759 10758 10757 10756
f 10758 10928 10929 10757
f 10759 10849 10850 10758
f 10850 10763 10928 10758
f 10760 10871 10849 10759
f 10761 10872 10871 10760
f 10931 10932 10762 10761
f 10762 10874 10872 10761
f 10764 10770 10928 10763
f 10850 10846 10870 10763
f 10870 10851 10764 10763
f 10765 10767 10770 10764
f 10851 10852 10765 10764
f 10766 10768 10767 10765
f 10852 10857 10766 10765
f 10924 10769 10768 10766
f 10857 10858 10924 10766
f 10768 10772 10771 10767
f 10771 10774 10770 10767
f 10769 10773 10772 10768
f 10926 10922 10773 10769
f 10924 10925 10926 10769
f 10774 10929 10928 10770
f 10772 10778 10776 10771
f 10776 10775 10774 10771
f 10773 10921 10778 10772
f 10922 10923 10921 10773
f 10775 10943 10929 10774
f 10776 10777 10945 10775
f 10945 10944 10943 10775
f 10778 10779 10777 10776
f 10779 10783 10786 10777
f 10786 10794 10945 10777
f 10921 10780 10779 10778
f 10780 10784 10783 10779
f 10781 10782 10784 10780
f 10921 10923 10781 10780
f 10796 10795 10782 10781
f 10923 10800 10796 10781
f 10790 10789 10784 10782
f 10784 10789 10788 10783
f 10788 10787 10786 10783
f 10793 10792 10794 10785
f 10794 10786 10787 10785
f 10889 10792 10793 10791
f 10944 10945 10794 10792
f 10800 10799 10797 10796
f 10799 10802 10920 10798
f 10800 10801 10802 10799
f 10923 10922 10801 10800
f 10922 10926 10918 10801
f 10918 10919 10802 10801
f 10919 10803 10920 10802
f 10919 10916 10917 10803
f 10917 10804 10805 10803
f 10917 10865 10866 10804
f 10866 10806 10807 10804
f 10866 10911 10813 10806
f 10813 10915 10808 10806
f 10915 10811 10810 10809
f 10915 10813 10812 10811
f 10812 10913 10914 10811
f 10813 10911 10910 10812
f 10910 10815 10913 10812
f 10815 10910 10908 10814
f 10908 10862 10869 10814
f 10869 10821 10816 10814
f 10816 10817 10815 10814
f 10817 10912 10913 10815
f 10821 10820 10819 10816
f 10819 10818 10817 10816
f 10821 10827 10830 10820
f 10869 10907 10827 10821
f 10823 10824 10906 10822
f 10906 10905 10832 10822
f 10828 10829 10823 10822
f 10826 10867 10824 10823
f 10829 10825 10826 10823
f 10867 10856 10855 10824
f 10855 10853 10906 10824
f 10827 10907 10826 10825
f 10907 10868 10867 10826
f 10832 10905 10841 10831
f 10841 10842 10840 10831
f 10840 10842 10844 10833
f 10844 10903 10834 10833
f 10903 10900 10838 10834
f 10882 10881 10893 10836
f 10838 10900 10901 10837
f 10905 10854 10904 10841
f 10904 10843 10842 10841
f 10843 10845 10844 10842
f 10904 10851 10870 10843
f 10870 10846 10845 10843
f 10845 10847 10903 10844
f 10846 10848 10847 10845
f 10850 10849 10848 10846
f 10848 10899 10898 10847
f 10898 10900 10903 10847
f 10849 10871 10899 10848
f 10904 10854 10852 10851
f 10854 10853 10857 10852
f 10855 10858 10857 10853
f 10854 10905 10906 10853
f 10856 10859 10858 10855
f 10861 10860 10859 10856
f 10867 10868 10861 10856
f 10859 10925 10924 10858
f 10860 10927 10925 10859
f 10864 10916 10927 10860
f 10861 10863 10864 10860
f 10868 10862 10863 10861
f 10908 10909 10863 10862
f 10868 10907 10869 10862
f 10909 10865 10864 10863
f 10865 10917 10916 10864
f 10909 10911 10866 10865
f 10872 10897 10899 10871
f 10874 10895 10897 10872
f 10875 10877 10879 10873
f 10879 10895 10874 10873
f 10884 10881 10882 10876
f 10882 10880 10877 10876
f 10880 10878 10879 10877
f 10894 10895 10879 10878
f 10884 10886 10883 10881
f 10883 10892 10893 10881
f 10885 10891 10892 10883
f 10887 10890 10891 10885
f 10896 10897 10895 10894
f 10902 10901 10896 10894
f 10898 10899 10897 10896
f 10901 10900 10898 10896
f 10910 10911 10909 10908
f 10919 10918 10927 10916
f 10926 10925 10927 10918
f 10939 10940 10938 10930
f 10938 10935 10934 10930
f 10934 10933 10932 10930
f 10932 10931 10939 10930
f 10938 10937 10936 10935
f 10938 10940 10835 10937
f 10941 10942 10940 10939
f 11055 11068 10947 10946
f 10947 10948 10950 10946
f 10950 10949 11045 10946
f 11045 11044 11055 10946
f 11016 11067 10948 10947
f 11067 11009 11064 10948
f 11064 11063 10950 10948
f 10950 11063 11066 10949
f 11066 11065 10952 10949
f 10952 11043 11045 10949
f 11019 10952 11065 10951
f 11019 10976 11043 10952
f 11064 11009 10954 10953
f 11009 11010 11007 10954
f 11061 10957 10956 10955
f 11062 10997 11061 10955
f 10957 10958 10960 10956
f 10990 11060 10958 10957
f 11061 10991 10990 10957
f 11060 11030 10962 10958
f 10962 10961 10960 10958
f 10961 10963 10965 10959
f 10962 10964 10963 10961
f 11030 11031 10964 10962
f 10964 10989 10967 10963
f 10967 10966 10965 10963
f 11031 11032 10989 10964
f 10967 10969 10968 10966
f 10989 10986 10969 10967
f 10969 10985 10984 10968
f 10986 10987 10985 10969
f 10971 10972 10973 10970
f 10979 10980 10971 10970
f 11052 11053 10972 10971
f 10980 10981 11052 10971
f 10977 10974 10973 10972
f 10977 10978 10975 10974
f 10982 10983 10980 10979
f 10983 10988 10981 10980
f 11036 11056 11052 10981
f 10988 11035 11036 10981
f 10984 10985 10983 10982
f 10985 10987 10988 10983
f 11033 11034 10987 10986
f 10989 11032 11033 10986
f 11034 11035 10988 10987
f 11059 11029 11060 10990
f 10991 11058 11059 10990
f 11061 10997 10995 10991
f 10995 10993 11058 10991
f 10993 10995 10994 10992
f 10994 10999 11026 10992
f 10995 10997 10996 10994
f 10996 11003 10999 10994
f 10997 11062 11001 10996
f 11001 11000 11003 10996
f 11025 11026 10999 10998
f 10999 11003 11002 10998
f 11002 11006 11012 10998
f 11012 11024 11025 10998
f 11004 11002 11003 11000
f 11004 11005 11006 11002
f 11008 11011 11006 11005
f 11011 11013 11012 11006
f 11010 11011 11008 11007
f 11067 11023 11010 11009
f 11023 11013 11011 11010
f 11013 11014 11024 11012
f 11023 11015 11014 11013
f 11017 11020 11024 11014
f 11015 11018 11017 11014
f 11023 11067 11016 11015
f 11021 11025 11024 11020
f 11022 11026 11025 11021
f 11028 11031 11030 11027
f 11030 11060 11029 11027
f 11039 11032 11031 11028
f 11039 11040 11033 11032
f 11040 11038 11034 11033
f 11038 11037 11035 11034
f 11037 11057 11036 11035
f 11057 11046 11056 11036
f 11049 11051 11048 11041
f 11047 11050 11056 11046
f 11048 11051 11050 11047
f 11051 11054 11053 11050
f 11053 11052 11056 11050
f 11043 11042 11044 11045
f 11070 11133 11179 11069
f 11179 11178 11074 11069
f 11071 11081 11133 11070
f 11075 11079 11076 11072
f 11079 11080 11077 11076
f 11082 11084 11133 11081
f 11083 11232 11084 11082
f 11091 11090 11232 11083
f 11232 11089 11085 11084
f 11085 11179 11133 11084
f 11089 11088 11087 11085
f 11087 11178 11179 11085
f 11087 11088 11233 11086
f 11233 11172 11173 11086
f 11173 11176 11177 11086
f 11177 11178 11087 11086
f 11089 11231 11229 11088
f 11229 11096 11233 11088
f 11232 11090 11231 11089
f 11091 11208 11230 11090
f 11230 11092 11231 11090
f 11230 11207 11206 11092
f 11206 11204 11095 11092
f 11095 11229 11231 11092
f 11094 11209 11211 11093
f 11211 11210 11228 11093
f 11228 11097 11098 11093
f 11098 11096 11094 11093
f 11095 11204 11209 11094
f 11096 11229 11095 11094
f 11098 11172 11233 11096
f 11228 11227 11099 11097
f 11099 11226 11171 11097
f 11171 11172 11098 11097
f 11227 11102 11100 11099
f 11100 11186 11226 11099
f 11102 11101 11225 11100
f 11225 11187 11186 11100
f 11102 11118 11117 11101
f 11117 11222 11104 11101
f 11104 11224 11225 11101
f 11227 11120 11118 11102
f 11222 11115 11114 11103
f 11114 11113 11106 11103
f 11106 11105 11107 11103
f 11107 11104 11222 11103
f 11107 11223 11224 11104
f 11106 11109 11221 11105
f 11221 11161 11162 11105
f 11162 11223 11107 11105
f 11113 11112 11109 11106
f 11220 11110 11218 11108
f 11218 11217 11219 11108
f 11219 11158 11159 11108
f 11159 11160 11220 11108
f 11112 11111 11110 11109
f 11110 11220 11221 11109
f 11111 11216 11218 11110
f 11112 11150 11149 11111
f 11149 11148 11216 11111
f 11113 11212 11150 11112
f 11114 11213 11212 11113
f 11115 11214 11213 11114
f 11116 11202 11214 11115
f 11222 11117 11116 11115
f 11119 11122 11202 11116
f 11117 11118 11119 11116
f 11120 11121 11119 11118
f 11210 11203 11121 11120
f 11227 11228 11210 11120
f 11125 11146 11147 11123
f 11147 11199 11124 11123
f 11127 11145 11146 11125
f 11128 11198 11144 11126
f 11144 11145 11127 11126
f 11129 11197 11198 11128
f 11131 11195 11196 11130
f 11196 11139 11140 11130
f 11132 11134 11195 11131
f 11135 11136 11195 11134
f 11137 11196 11195 11136
f 11194 11193 11137 11136
f 11138 11139 11196 11137
f 11193 11191 11138 11137
f 11192 11141 11139 11138
f 11191 11152 11192 11138
f 11141 11197 11140 11139
f 11142 11198 11197 11141
f 11192 11151 11142 11141
f 11143 11144 11198 11142
f 11151 11215 11143 11142
f 11148 11145 11144 11143
f 11215 11216 11148 11143
f 11148 11149 11146 11145
f 11149 11150 11147 11146
f 11150 11212 11199 11147
f 11192 11152 11190 11151
f 11190 11217 11215 11151
f 11191 11153 11154 11152
f 11154 11155 11190 11152
f 11156 11157 11155 11154
f 11219 11217 11190 11155
f 11157 11158 11219 11155
f 11073 11185 11159 11158
f 11185 11188 11160 11159
f 11161 11221 11220 11160
f 11188 11189 11161 11160
f 11189 11163 11162 11161
f 11163 11164 11223 11162
f 11189 11182 11183 11163
f 11183 11184 11164 11163
f 11165 11224 11223 11164
f 11184 11166 11165 11164
f 11187 11225 11224 11165
f 11166 11167 11187 11165
f 11168 11186 11187 11167
f 11181 11180 11168 11167
f 11169 11226 11186 11168
f 11180 11174 11169 11168
f 11170 11171 11226 11169
f 11174 11175 11170 11169
f 11173 11172 11171 11170
f 11175 11176 11173 11170
f 11078 11074 11178 11177
f 11212 11213 11200 11199
f 11213 11214 11201 11200
f 11210 11211 11205 11203
f 11217 11218 11216 11215
f 11349 11350 11382 11234
f 11381 11383 11349 11234
f 11382 11238 11236 11235
f 11238 11239 11237 11236
f 11380 11240 11239 11238
f 11382 11350 11380 11238
f 11380 11378 11241 11240
f 11268 11266 11267 11242
f 11245 11247 11244 11243
f 11244 11371 11264 11243
f 11264 11263 11369 11243
f 11369 11370 11245 11243
f 11246 11248 11247 11245
f 11370 11367 11246 11245
f 11368 11249 11248 11246
f 11367 11258 11368 11246
f 11368 11251 11250 11249
f 11251 11253 11252 11250
f 11368 11258 11257 11251
f 11253 11254 11256 11252
f 11260 11370 11369 11259
f 11369 11263 11262 11259
f 11262 11365 11366 11259
f 11261 11367 11370 11260
f 11263 11316 11314 11262
f 11314 11311 11365 11262
f 11264 11364 11316 11263
f 11371 11363 11364 11264
f 11267 11361 11362 11265
f 11362 11364 11363 11265
f 11268 11269 11276 11266
f 11276 11275 11360 11266
f 11360 11361 11267 11266
f 11359 11274 11276 11269
f 11372 11375 11272 11270
f 11272 11274 11359 11270
f 11273 11274 11272 11271
f 11272 11375 11358 11271
f 11358 11357 11277 11271
f 11277 11278 11273 11271
f 11275 11276 11274 11273
f 11278 11279 11275 11273
f 11279 11354 11360 11275
f 11357 11281 11282 11277
f 11282 11352 11278 11277
f 11352 11343 11279 11278
f 11343 11353 11354 11279
f 11281 11357 11285 11280
f 11285 11284 11293 11280
f 11293 11296 11347 11280
f 11347 11348 11281 11280
f 11348 11351 11282 11281
f 11351 11302 11352 11282
f 11284 11286 11289 11283
f 11289 11376 11291 11283
f 11291 11294 11292 11283
f 11292 11293 11284 11283
f 11285 11356 11286 11284
f 11357 11358 11356 11285
f 11356 11288 11287 11286
f 11287 11290 11289 11286
f 11288 11374 11373 11287
f 11373 11379 11290 11287
f 11375 11372 11374 11288
f 11356 11358 11375 11288
f 11290 11377 11376 11289
f 11379 11378 11377 11290
f 11376 11349 11383 11291
f 11383 11331 11294 11291
f 11294 11346 11295 11292
f 11295 11296 11293 11292
f 11331 11330 11346 11294
f 11346 11328 11345 11295
f 11345 11297 11296 11295
f 11297 11298 11347 11296
f 11345 11327 11326 11297
f 11326 11325 11298 11297
f 11299 11348 11347 11298
f 11325 11344 11299 11298
f 11300 11351 11348 11299
f 11344 11338 11300 11299
f 11301 11302 11351 11300
f 11338 11306 11301 11300
f 11304 11303 11302 11301
f 11306 11339 11304 11301
f 11303 11343 11352 11302
f 11341 11353 11343 11303
f 11304 11305 11341 11303
f 11339 11307 11305 11304
f 11340 11342 11341 11305
f 11338 11318 11319 11306
f 11319 11308 11339 11306
f 11311 11310 11312 11309
f 11311 11314 11313 11310
f 11313 11317 11342 11310
f 11342 11340 11312 11310
f 11314 11316 11315 11313
f 11315 11355 11317 11313
f 11316 11364 11362 11315
f 11362 11361 11355 11315
f 11355 11354 11353 11317
f 11353 11341 11342 11317
f 11338 11344 11337 11318
f 11337 11321 11320 11318
f 11337 11324 11322 11321
f 11324 11323 11335 11322
f 11335 11334 11336 11322
f 11324 11325 11326 11323
f 11326 11327 11332 11323
f 11332 11333 11335 11323
f 11337 11344 11325 11324
f 11345 11328 11329 11327
f 11329 11255 11332 11327
f 11376 11377 11350 11349
f 11377 11378 11380 11350
f 11355 11361 11360 11354
f 11392 11419 11385 11384
f 11385 11423 11560 11384
f 11560 11564 11386 11384
f 11386 11391 11392 11384
f 11416 11540 11423 11385
f 11564 11424 11390 11386
f 11388 11563 11565 11387
f 11565 11425 11393 11387
f 11389 11390 11424 11388
f 11424 11561 11563 11388
f 11432 11575 11574 11394
f 11574 11433 11397 11394
f 11396 11567 11432 11395
f 11425 11568 11567 11396
f 11433 11404 11398 11397
f 11404 11453 11399 11398
f 11453 11452 11400 11399
f 11452 11451 11603 11400
f 11600 11445 11443 11401
f 11443 11442 11599 11401
f 11403 11601 11600 11402
f 11421 11422 11420 11403
f 11417 11410 11407 11406
f 11410 11409 11408 11407
f 11409 11412 11413 11408
f 11417 11418 11411 11410
f 11599 11438 11429 11426
f 11428 11437 11436 11427
f 11436 11435 11434 11427
f 11434 11430 11431 11427
f 11429 11438 11437 11428
f 11436 11439 11598 11435
f 11437 11440 11439 11436
f 11438 11441 11440 11437
f 11599 11442 11441 11438
f 11440 11477 11476 11439
f 11476 11475 11598 11439
f 11441 11478 11477 11440
f 11442 11597 11478 11441
f 11443 11444 11597 11442
f 11445 11446 11444 11443
f 11446 11484 11483 11444
f 11483 11482 11597 11444
f 11447 11594 11446 11445
f 11600 11601 11447 11445
f 11594 11485 11484 11446
f 11595 11596 11594 11447
f 11601 11602 11595 11447
f 11449 11450 11592 11448
f 11592 11595 11602 11448
f 11603 11451 11450 11449
f 11451 11454 11455 11450
f 11455 11593 11592 11450
f 11452 11591 11454 11451
f 11453 11604 11591 11452
f 11404 11433 11604 11453
f 11591 11512 11590 11454
f 11590 11456 11455 11454
f 11456 11458 11593 11455
f 11590 11510 11457 11456
f 11457 11459 11458 11456
f 11510 11511 11506 11457
f 11506 11460 11459 11457
f 11459 11587 11488 11458
f 11488 11596 11593 11458
f 11460 11588 11587 11459
f 11506 11505 11461 11460
f 11461 11589 11588 11460
f 11505 11504 11462 11461
f 11462 11463 11589 11461
f 11504 11503 11501 11462
f 11501 11468 11463 11462
f 11468 11467 11466 11463
f 11466 11586 11589 11463
f 11469 11496 11499 11464
f 11499 11500 11465 11464
f 11500 11586 11466 11465
f 11497 11470 11496 11469
f 11472 11492 11496 11470
f 11498 11471 11472 11470
f 11479 11474 11473 11471
f 11473 11495 11472 11471
f 11495 11491 11492 11472
f 11474 11414 11480 11473
f 11480 11481 11495 11473
f 11475 11476 11414 11474
f 11477 11480 11414 11476
f 11478 11481 11480 11477
f 11597 11482 11481 11478
f 11482 11491 11495 11481
f 11483 11493 11491 11482
f 11484 11494 11493 11483
f 11485 11486 11494 11484
f 11488 11587 11486 11485
f 11594 11596 11488 11485
f 11587 11588 11487 11486
f 11487 11490 11494 11486
f 11588 11589 11586 11487
f 11586 11500 11490 11487
f 11490 11500 11499 11489
f 11499 11496 11492 11489
f 11492 11491 11493 11489
f 11493 11494 11490 11489
f 11503 11509 11405 11502
f 11504 11508 11509 11503
f 11505 11507 11508 11504
f 11506 11511 11507 11505
f 11515 11516 11508 11507
f 11511 11514 11515 11507
f 11516 11517 11509 11508
f 11517 11518 11405 11509
f 11513 11514 11511 11510
f 11590 11512 11513 11510
f 11571 11572 11513 11512
f 11591 11604 11571 11512
f 11572 11573 11514 11513
f 11573 11576 11515 11514
f 11576 11584 11516 11515
f 11584 11523 11517 11516
f 11523 11524 11518 11517
f 11524 11525 11521 11518
f 11521 11519 11405 11518
f 11521 11522 11520 11519
f 11525 11526 11522 11521
f 11526 11531 11529 11522
f 11578 11585 11524 11523
f 11584 11577 11578 11523
f 11585 11527 11525 11524
f 11527 11528 11526 11525
f 11528 11535 11531 11526
f 11581 11582 11528 11527
f 11585 11580 11581 11527
f 11582 11537 11535 11528
f 11531 11533 11530 11529
f 11533 11534 11532 11530
f 11535 11536 11533 11531
f 11534 11551 11547 11532
f 11536 11583 11534 11533
f 11583 11552 11551 11534
f 11537 11538 11536 11535
f 11538 11557 11583 11536
f 11558 11539 11538 11537
f 11582 11559 11558 11537
f 11539 11555 11557 11538
f 11540 11541 11555 11539
f 11558 11423 11540 11539
f 11416 11415 11541 11540
f 11542 11556 11555 11541
f 11546 11552 11553 11543
f 11553 11556 11544 11543
f 11550 11548 11549 11545
f 11549 11546 11554 11545
f 11549 11551 11552 11546
f 11551 11549 11548 11547
f 11583 11557 11553 11552
f 11557 11555 11556 11553
f 11559 11560 11423 11558
f 11582 11581 11562 11559
f 11562 11564 11560 11559
f 11424 11564 11562 11561
f 11562 11581 11580 11561
f 11580 11579 11563 11561
f 11579 11566 11565 11563
f 11566 11568 11425 11565
f 11579 11578 11577 11566
f 11577 11570 11568 11566
f 11568 11570 11569 11567
f 11569 11575 11432 11567
f 11570 11576 11573 11569
f 11573 11572 11575 11569
f 11577 11584 11576 11570
f 11574 11575 11572 11571
f 11604 11433 11574 11571
f 11579 11580 11585 11578
f 11593 11596 11595 11592
f 11606 11634 11635 11605
f 11607 11637 11634 11606
f 11608 11633 11637 11607
f 11636 11632 11633 11608
f 11611 11628 11629 11609
f 11629 11630 11660 11609
f 11672 11626 11627 11610
f 11627 11628 11611 11610
f 11615 11674 11623 11612
f 11623 11624 11613 11612
f 11624 11625 11614 11613
f 11625 11626 11672 11614
f 11618 11621 11674 11615
f 11673 11622 11619 11616
f 11619 11620 11617 11616
f 11620 11621 11618 11617
f 11622 11647 11646 11619
f 11646 11644 11620 11619
f 11644 11645 11621 11620
f 11645 11643 11674 11621
f 11675 11648 11647 11622
f 11642 11640 11627 11626
f 11640 11641 11628 11627
f 11641 11639 11629 11628
f 11639 11638 11630 11629
f 11631 11652 11660 11630
f 11632 11636 11652 11631
f 11675 11659 11649 11648
f 11659 11658 11650 11649
f 11650 11670 11671 11649
f 11658 11657 11651 11650
f 11651 11669 11670 11650
f 11657 11656 11664 11651
f 11664 11668 11669 11651
f 11661 11662 11654 11653
f 11662 11663 11655 11654
f 11663 11664 11656 11655
f 11665 11666 11662 11661
f 11666 11667 11663 11662
f 11667 11668 11664 11663
f 11678 11689 11688 11677
f 11688 11690 11692 11677
f 11723 11679 11689 11678
f 11723 11682 11680 11679
f 11682 11681 11686 11680
f 11687 11685 11686 11681
f 11684 11685 11687 11683
f 11730 11691 11692 11690
f 11751 11694 11693 11691
f 11693 11729 11692 11691
f 11751 11750 11749 11694
f 11746 11709 11708 11695
f 11708 11710 11745 11695
f 11745 11697 11696 11695
f 11696 11747 11746 11695
f 11745 11711 11698 11697
f 11711 11705 11699 11698
f 11705 11704 11700 11699
f 11704 11743 11702 11700
f 11702 11744 11676 11700
f 11702 11743 11703 11701
f 11703 11739 11740 11701
f 11740 11741 11742 11701
f 11742 11744 11702 11701
f 11711 11706 11707 11705
f 11711 11745 11710 11706
f 11746 11749 11750 11709
f 11732 11736 11725 11712
f 11725 11724 11713 11712
f 11713 11733 11727 11712
f 11727 11728 11732 11712
f 11724 11735 11714 11713
f 11714 11715 11733 11713
f 11735 11726 11734 11714
f 11734 11726 11717 11716
f 11722 11721 11718 11717
f 11721 11720 11719 11718
f 11731 11738 11732 11728
f 11738 11737 11736 11732
f 11747 11748 11749 11746
f 11978 11753 11754 11752
f 11754 11755 11977 11752
f 11978 11979 11974 11753
f 11974 11972 11971 11753
f 11971 11786 11754 11753
f 11786 11969 11755 11754
f 11969 11968 11759 11755
f 11759 11976 11977 11755
f 11757 11761 11760 11756
f 11758 11788 11761 11757
f 11759 11968 11788 11758
f 11761 11763 11967 11760
f 11788 11764 11763 11761
f 11764 11966 11964 11762
f 11964 11766 11765 11762
f 11765 11768 11767 11762
f 11767 11763 11764 11762
f 11767 11770 11967 11763
f 11788 11968 11966 11764
f 11766 11773 11771 11765
f 11771 11772 11768 11765
f 11964 11965 11780 11766
f 11780 11775 11773 11766
f 11768 11769 11770 11767
f 11775 11778 11776 11774
f 11780 11781 11778 11775
f 11778 11779 11777 11776
f 11779 11963 11961 11777
f 11781 11789 11779 11778
f 11789 11791 11963 11779
f 11965 11782 11781 11780
f 11782 11783 11789 11781
f 11784 11785 11783 11782
f 11965 11787 11784 11782
f 11785 11970 11790 11783
f 11790 11791 11789 11783
f 11786 11971 11785 11784
f 11787 11969 11786 11784
f 11971 11972 11970 11785
f 11965 11964 11966 11787
f 11966 11968 11969 11787
f 11970 11796 11793 11790
f 11793 11792 11791 11790
f 11792 11960 11963 11791
f 11793 11794 11958 11792
f 11958 11912 11960 11792
f 11796 11795 11794 11793
f 11795 11798 11956 11794
f 11956 11959 11958 11794
f 11973 11801 11798 11795
f 11796 11797 11973 11795
f 11970 11972 11797 11796
f 11975 11802 11973 11797
f 11972 11974 11975 11797
f 11801 11800 11799 11798
f 11799 11957 11956 11798
f 11800 11929 11928 11799
f 11928 11930 11957 11799
f 11954 11955 11929 11800
f 11801 11803 11954 11800
f 11973 11802 11803 11801
f 11805 11804 11803 11802
f 11975 11952 11805 11802
f 11804 11953 11954 11803
f 11807 11808 11953 11806
f 11810 11809 11808 11807
f 11809 11924 11955 11808
f 11955 11954 11953 11808
f 11810 11811 11950 11809
f 11950 11925 11924 11809
f 11812 11814 11950 11811
f 11813 11816 11814 11812
f 11951 11817 11816 11813
f 11816 11815 11949 11814
f 11949 11925 11950 11814
f 11816 11817 11819 11815
f 11819 11947 11918 11815
f 11918 11923 11949 11815
f 11951 11945 11818 11817
f 11818 11820 11819 11817
f 11945 11944 11822 11818
f 11822 11821 11820 11818
f 11820 11948 11947 11819
f 11821 11884 11948 11820
f 11822 11823 11946 11821
f 11946 11826 11884 11821
f 11943 11825 11946 11823
f 11825 11867 11865 11824
f 11865 11942 11830 11824
f 11830 11828 11826 11824
f 11826 11946 11825 11824
f 11828 11883 11884 11826
f 11828 11830 11829 11827
f 11829 11832 11834 11827
f 11834 11936 11941 11827
f 11941 11883 11828 11827
f 11830 11942 11940 11829
f 11940 11939 11832 11829
f 11832 11939 11937 11831
f 11937 11837 11836 11831
f 11836 11870 11833 11831
f 11833 11834 11832 11831
f 11870 11876 11878 11833
f 11878 11936 11834 11833
f 11836 11837 11838 11835
f 11872 11870 11836 11835
f 11937 11938 11840 11837
f 11840 11839 11838 11837
f 11840 11841 11842 11839
f 11842 11846 11845 11839
f 11938 11869 11841 11840
f 11869 11857 11868 11841
f 11868 11843 11842 11841
f 11843 11844 11846 11842
f 11868 11848 11847 11843
f 11848 11851 11849 11847
f 11854 11871 11851 11848
f 11868 11857 11854 11848
f 11850 11853 11852 11849
f 11857 11858 11855 11854
f 11858 11860 11859 11856
f 11869 11860 11858 11857
f 11860 11861 11862 11859
f 11862 11863 11864 11859
f 11869 11938 11861 11860
f 11938 11937 11939 11861
f 11939 11940 11862 11861
f 11940 11942 11863 11862
f 11942 11865 11866 11863
f 11872 11873 11876 11870
f 11874 11875 11876 11873
f 11934 11935 11875 11874
f 11877 11878 11876 11875
f 11935 11879 11877 11875
f 11880 11936 11878 11877
f 11879 11933 11880 11877
f 11935 11898 11932 11879
f 11932 11889 11933 11879
f 11881 11941 11936 11880
f 11933 11886 11881 11880
f 11882 11883 11941 11881
f 11886 11885 11882 11881
f 11948 11884 11883 11882
f 11885 11947 11948 11882
f 11886 11931 11920 11885
f 11920 11918 11947 11885
f 11933 11889 11931 11886
f 11888 11889 11932 11887
f 11932 11898 11897 11887
f 11897 11896 11892 11887
f 11892 11893 11888 11887
f 11919 11931 11889 11888
f 11893 11916 11919 11888
f 11913 11914 11891 11890
f 11891 11895 11904 11890
f 11904 11903 11910 11890
f 11910 11911 11913 11890
f 11914 11893 11892 11891
f 11892 11896 11895 11891
f 11914 11915 11916 11893
f 11896 11897 11899 11894
f 11901 11895 11896 11894
f 11901 11902 11904 11895
f 11898 11900 11899 11897
f 11935 11934 11900 11898
f 11905 11903 11904 11902
f 11905 11906 11908 11903
f 11908 11909 11910 11903
f 11912 11909 11908 11907
f 11962 11960 11912 11907
f 11959 11911 11910 11909
f 11912 11958 11959 11909
f 11957 11930 11913 11911
f 11959 11956 11957 11911
f 11930 11915 11914 11913
f 11926 11921 11916 11915
f 11930 11928 11926 11915
f 11921 11917 11919 11916
f 11923 11918 11920 11917
f 11920 11931 11919 11917
f 11921 11922 11923 11917
f 11926 11927 11922 11921
f 11925 11949 11923 11922
f 11927 11924 11925 11922
f 11927 11929 11955 11924
f 11928 11929 11927 11926
f 11975 11974 11979 11952
f 11962 11961 11963 11960
f 11985 11984 11986 11980
f 11986 11982 12151 11980
f 11982 11986 11990 11981
f 11990 12075 12079 11981
f 11985 12207 12227 11983
f 12227 12257 11987 11983
f 11987 11996 11988 11983
f 11988 11984 11985 11983
f 11988 11997 11989 11984
f 11989 11990 11986 11984
f 12257 12013 11995 11987
f 11995 11994 11996 11987
f 11996 12334 11997 11988
f 11997 12320 12319 11989
f 12319 12075 11990 11989
f 11992 11993 12000 11991
f 12000 11998 12328 11991
f 12328 12327 12330 11991
f 12330 12332 11992 11991
f 11994 11995 11993 11992
f 12332 12333 11994 11992
f 11995 12013 12003 11993
f 12003 12001 12000 11993
f 12333 12334 11996 11994
f 12334 12038 12320 11997
f 12000 12001 11999 11998
f 11999 12326 12024 11998
f 12024 12026 12328 11998
f 12001 12008 12006 11999
f 12006 12002 12326 11999
f 12003 12011 12008 12001
f 12006 12007 12004 12002
f 12004 12017 12022 12002
f 12022 12021 12326 12002
f 12013 12014 12011 12003
f 12007 12009 12005 12004
f 12005 12018 12017 12004
f 12008 12010 12007 12006
f 12011 12012 12010 12008
f 12257 12015 12014 12013
f 12257 12227 12016 12015
f 12018 12325 12294 12017
f 12294 12019 12022 12017
f 12318 12317 12325 12018
f 12294 12295 12293 12019
f 12293 12095 12020 12019
f 12020 12021 12022 12019
f 12095 12093 12097 12020
f 12097 12023 12021 12020
f 12023 12024 12326 12021
f 12097 12096 12292 12023
f 12292 12026 12024 12023
f 12327 12328 12026 12025
f 12026 12292 12291 12025
f 12291 12290 12027 12025
f 12027 12028 12327 12025
f 12290 12289 12029 12027
f 12029 12032 12028 12027
f 12329 12330 12327 12028
f 12032 12035 12329 12028
f 12289 12089 12030 12029
f 12030 12031 12032 12029
f 12089 12288 12039 12030
f 12039 12033 12031 12030
f 12034 12035 12032 12031
f 12033 12045 12034 12031
f 12039 12040 12041 12033
f 12335 12036 12035 12034
f 12045 12047 12335 12034
f 12036 12331 12329 12035
f 12336 12037 12331 12036
f 12335 12051 12336 12036
f 12038 12334 12333 12037
f 12333 12332 12331 12037
f 12336 12337 12038 12037
f 12337 12062 12320 12038
f 12288 12080 12040 12039
f 12046 12047 12045 12042
f 12048 12049 12046 12043
f 12063 12064 12057 12044
f 12049 12050 12047 12046
f 12050 12051 12335 12047
f 12053 12054 12049 12048
f 12054 12055 12050 12049
f 12055 12056 12051 12050
f 12056 12337 12336 12051
f 12057 12058 12053 12052
f 12058 12059 12054 12053
f 12059 12060 12055 12054
f 12060 12061 12056 12055
f 12061 12062 12337 12056
f 12064 12065 12058 12057
f 12065 12066 12059 12058
f 12066 12067 12060 12059
f 12067 12068 12061 12060
f 12068 12069 12062 12061
f 12069 12319 12320 12062
f 12076 12070 12065 12064
f 12070 12071 12066 12065
f 12071 12072 12067 12066
f 12072 12073 12068 12067
f 12073 12074 12069 12068
f 12074 12075 12319 12069
f 12077 12078 12074 12073
f 12078 12079 12075 12074
f 12288 12085 12082 12080
f 12085 12084 12083 12082
f 12084 12119 12118 12083
f 12085 12087 12086 12084
f 12086 12101 12119 12084
f 12288 12089 12087 12085
f 12087 12088 12098 12086
f 12098 12102 12101 12086
f 12089 12289 12088 12087
f 12289 12290 12091 12088
f 12091 12099 12098 12088
f 12094 12096 12092 12090
f 12111 12103 12099 12090
f 12099 12091 12094 12090
f 12290 12291 12094 12091
f 12096 12097 12093 12092
f 12291 12292 12096 12094
f 12099 12103 12102 12098
f 12101 12102 12107 12100
f 12104 12119 12101 12100
f 12103 12108 12107 12102
f 12111 12109 12108 12103
f 12117 12118 12119 12104
f 12110 12113 12106 12105
f 12113 12114 12299 12106
f 12111 12112 12110 12109
f 12112 12115 12113 12110
f 12115 12116 12114 12113
f 12116 12302 12300 12114
f 12300 12304 12299 12114
f 12120 12121 12118 12117
f 12252 12287 12121 12120
f 12287 12122 12123 12121
f 12287 12247 12245 12122
f 12245 12125 12124 12122
f 12125 12127 12286 12124
f 12245 12244 12285 12125
f 12285 12126 12127 12125
f 12130 12128 12127 12126
f 12285 12241 12284 12126
f 12284 12129 12130 12126
f 12128 12146 12286 12127
f 12139 12140 12146 12128
f 12130 12132 12139 12128
f 12131 12132 12130 12129
f 12284 12167 12164 12129
f 12164 12162 12131 12129
f 12133 12134 12132 12131
f 12162 12157 12133 12131
f 12134 12141 12139 12132
f 12135 12136 12134 12133
f 12157 12158 12135 12133
f 12136 12143 12141 12134
f 12281 12137 12136 12135
f 12158 12159 12281 12135
f 12137 12144 12143 12136
f 12281 12282 12138 12137
f 12282 12280 12145 12138
f 12141 12142 12140 12139
f 12280 12149 12147 12145
f 12149 12280 12283 12148
f 12283 12154 12150 12148
f 12153 12160 12159 12152
f 12159 12158 12156 12152
f 12156 12277 12278 12152
f 12278 12279 12153 12152
f 12154 12283 12160 12153
f 12279 12081 12154 12153
f 12156 12158 12157 12155
f 12157 12162 12161 12155
f 12161 12274 12276 12155
f 12276 12277 12156 12155
f 12160 12282 12281 12159
f 12283 12280 12282 12160
f 12162 12164 12163 12161
f 12164 12167 12166 12163
f 12166 12168 12272 12165
f 12167 12242 12168 12166
f 12284 12241 12242 12167
f 12242 12239 12238 12168
f 12238 12169 12272 12168
f 12238 12233 12271 12169
f 12271 12170 12172 12169
f 12172 12173 12272 12169
f 12271 12231 12230 12170
f 12230 12220 12171 12170
f 12171 12269 12172 12170
f 12220 12219 12214 12171
f 12214 12216 12269 12171
f 12269 12174 12173 12172
f 12174 12175 12176 12173
f 12269 12216 12270 12174
f 12270 12179 12175 12174
f 12180 12177 12176 12175
f 12179 12267 12180 12175
f 12275 12273 12178 12177
f 12180 12181 12275 12177
f 12270 12262 12201 12179
f 12201 12266 12267 12179
f 12267 12268 12181 12180
f 12182 12183 12275 12181
f 12268 12198 12182 12181
f 12189 12184 12183 12182
f 12198 12188 12189 12182
f 12184 12276 12274 12183
f 12274 12273 12275 12183
f 12185 12277 12276 12184
f 12189 12191 12185 12184
f 12193 12278 12277 12185
f 12191 12192 12193 12185
f 12197 12196 12195 12186
f 12188 12198 12197 12187
f 12190 12191 12189 12188
f 12194 12279 12278 12193
f 12196 12266 12199 12195
f 12199 12264 12265 12195
f 12197 12198 12268 12196
f 12268 12267 12266 12196
f 12266 12201 12200 12199
f 12200 12263 12264 12199
f 12201 12262 12202 12200
f 12202 12204 12263 12200
f 12262 12215 12261 12202
f 12261 12203 12204 12202
f 12261 12212 12210 12203
f 12205 12206 12204 12203
f 12206 12208 12263 12204
f 12209 12264 12263 12208
f 12212 12213 12218 12211
f 12218 12217 12260 12211
f 12261 12215 12213 12212
f 12215 12216 12214 12213
f 12214 12219 12218 12213
f 12262 12270 12216 12215
f 12218 12219 12221 12217
f 12220 12258 12221 12219
f 12230 12259 12258 12220
f 12258 12223 12222 12221
f 12258 12259 12224 12223
f 12259 12229 12225 12224
f 12229 12228 12226 12225
f 12228 12254 12253 12226
f 12232 12234 12254 12228
f 12229 12231 12232 12228
f 12259 12230 12231 12229
f 12271 12233 12232 12231
f 12233 12236 12234 12232
f 12238 12239 12236 12233
f 12236 12237 12235 12234
f 12235 12255 12254 12234
f 12237 12243 12246 12235
f 12239 12240 12237 12236
f 12240 12244 12243 12237
f 12242 12241 12240 12239
f 12241 12285 12244 12240
f 12244 12245 12247 12243
f 12247 12249 12246 12243
f 12249 12250 12248 12246
f 12287 12252 12249 12247
f 12252 12251 12250 12249
f 12254 12255 12256 12253
f 12325 12296 12295 12294
f 12296 12324 12297 12295
f 12325 12317 12315 12296
f 12315 12313 12324 12296
f 12324 12298 12303 12297
f 12324 12313 12312 12298
f 12312 12309 12307 12298
f 12307 12301 12303 12298
f 12302 12303 12301 12300
f 12301 12305 12304 12300
f 12307 12306 12305 12301
f 12305 12322 12321 12304
f 12306 12323 12322 12305
f 12307 12309 12308 12306
f 12312 12311 12310 12309
f 12312 12313 12314 12311
f 12315 12316 12314 12313
f 12331 12332 12330 12329
f 12374 12390 12391 12338
f 12535 12342 12341 12339
f 12392 12534 12535 12339
f 12342 12531 12530 12341
f 12532 12533 12531 12342
f 12535 12344 12532 12342
f 12395 12529 12344 12343
f 12344 12535 12534 12343
f 12534 12347 12393 12343
f 12393 12394 12395 12343
f 12529 12522 12532 12344
f 12347 12391 12390 12345
f 12390 12346 12389 12345
f 12386 12388 12389 12346
f 12534 12392 12391 12347
f 12350 12382 12381 12348
f 12355 12349 12350 12348
f 12355 12354 12351 12349
f 12354 12353 12357 12351
f 12357 12356 12358 12352
f 12359 12356 12357 12353
f 12359 12361 12362 12356
f 12362 12380 12358 12356
f 12379 12362 12361 12360
f 12365 12377 12379 12360
f 12379 12378 12380 12362
f 12368 12366 12364 12363
f 12366 12377 12365 12364
f 12368 12370 12367 12366
f 12369 12371 12370 12368
f 12376 12372 12371 12369
f 12376 12375 12373 12372
f 12382 12383 12384 12381
f 12387 12385 12384 12383
f 12387 12388 12386 12385
f 12528 12456 12394 12393
f 12527 12526 12395 12394
f 12456 12450 12527 12394
f 12526 12396 12529 12395
f 12525 12398 12397 12396
f 12397 12522 12529 12396
f 12526 12447 12525 12396
f 12398 12519 12524 12397
f 12524 12523 12522 12397
f 12399 12520 12519 12398
f 12525 12400 12399 12398
f 12402 12521 12520 12399
f 12400 12401 12402 12399
f 12525 12447 12448 12400
f 12448 12445 12401 12400
f 12518 12403 12402 12401
f 12445 12409 12518 12401
f 12403 12404 12521 12402
f 12518 12410 12405 12403
f 12410 12408 12406 12405
f 12408 12417 12407 12406
f 12417 12418 12340 12407
f 12410 12412 12416 12408
f 12416 12515 12417 12408
f 12412 12410 12518 12409
f 12445 12444 12411 12409
f 12411 12414 12412 12409
f 12444 12442 12413 12411
f 12413 12517 12414 12411
f 12414 12415 12416 12412
f 12442 12435 12432 12413
f 12432 12433 12517 12413
f 12517 12423 12415 12414
f 12424 12515 12416 12415
f 12423 12421 12424 12415
f 12515 12516 12418 12417
f 12516 12420 12419 12418
f 12516 12422 12514 12420
f 12427 12422 12424 12421
f 12423 12425 12426 12421
f 12516 12515 12424 12422
f 12517 12433 12425 12423
f 12433 12430 12428 12425
f 12428 12429 12426 12425
f 12430 12512 12513 12428
f 12433 12432 12431 12430
f 12431 12511 12512 12430
f 12432 12435 12434 12431
f 12434 12505 12511 12431
f 12435 12438 12436 12434
f 12436 12504 12505 12434
f 12442 12441 12438 12435
f 12438 12439 12437 12436
f 12437 12503 12504 12436
f 12439 12449 12451 12437
f 12451 12510 12503 12437
f 12441 12440 12439 12438
f 12440 12450 12449 12439
f 12441 12443 12446 12440
f 12446 12527 12450 12440
f 12442 12444 12443 12441
f 12444 12445 12448 12443
f 12448 12447 12446 12443
f 12447 12526 12527 12446
f 12450 12456 12455 12449
f 12455 12454 12451 12449
f 12454 12453 12510 12451
f 12455 12456 12528 12452
f 12457 12454 12455 12452
f 12454 12457 12508 12453
f 12458 12509 12510 12453
f 12460 12462 12509 12458
f 12461 12462 12460 12459
f 12496 12507 12461 12459
f 12506 12463 12462 12461
f 12507 12478 12506 12461
f 12463 12464 12509 12462
f 12476 12465 12464 12463
f 12506 12477 12476 12463
f 12465 12504 12503 12464
f 12503 12510 12509 12464
f 12466 12505 12504 12465
f 12476 12502 12466 12465
f 12468 12511 12505 12466
f 12502 12467 12468 12466
f 12499 12500 12468 12467
f 12502 12475 12472 12467
f 12472 12469 12499 12467
f 12500 12512 12511 12468
f 12471 12474 12473 12470
f 12472 12475 12474 12471
f 12474 12480 12497 12473
f 12497 12485 12498 12473
f 12475 12477 12480 12474
f 12502 12476 12477 12475
f 12506 12478 12480 12477
f 12507 12494 12479 12478
f 12479 12497 12480 12478
f 12494 12493 12481 12479
f 12481 12485 12497 12479
f 12493 12491 12482 12481
f 12482 12484 12485 12481
f 12490 12483 12484 12482
f 12487 12486 12484 12483
f 12490 12489 12488 12483
f 12486 12498 12485 12484
f 12493 12494 12495 12492
f 12507 12496 12495 12494
f 12501 12513 12512 12500
f 12523 12533 12532 12522
f 12543 12563 12605 12566
f 12546 12564 12605 12563
f 12559 12565 12605 12564
f 12549 12566 12605 12565
f 12542 12567 12606 12569
f 12547 12568 12606 12567
f 12559 12564 12606 12568
f 12546 12569 12606 12564
f 12537 12570 12607 12572
f 12548 12571 12607 12570
f 12559 12568 12607 12571
f 12547 12572 12607 12568
f 12536 12573 12608 12574
f 12549 12565 12608 12573
f 12559 12571 12608 12565
f 12548 12574 12608 12571
f 12542 12575 12609 12567
f 12550 12576 12609 12575
f 12560 12577 12609 12576
f 12547 12567 12609 12577
f 12541 12578 12610 12580
f 12551 12579 12610 12578
f 12560 12576 12610 12579
f 12550 12580 12610 12576
f 12538 12581 12611 12583
f 12552 12582 12611 12581
f 12560 12579 12611 12582
f 12551 12583 12611 12579
f 12537 12572 12612 12584
f 12547 12577 12612 12572
f 12560 12582 12612 12577
f 12552 12584 12612 12582
f 12541 12585 12613 12578
f 12553 12586 12613 12585
f 12561 12587 12613 12586
f 12551 12578 12613 12587
f 12540 12588 12614 12590
f 12554 12589 12614 12588
f 12561 12586 12614 12589
f 12553 12590 12614 12586
f 12545 12591 12615 12593
f 12555 12592 12615 12591
f 12561 12589 12615 12592
f 12554 12593 12615 12589
f 12538 12583 12616 12594
f 12551 12587 12616 12583
f 12561 12592 12616 12587
f 12555 12594 12616 12592
f 12545 12593 12617 12597
f 12554 12595 12617 12593
f 12562 12596 12617 12595
f 12558 12597 12617 12596
f 12540 12598 12618 12588
f 12556 12599 12618 12598
f 12562 12595 12618 12599
f 12554 12588 12618 12595
f 12544 12600 12619 12602
f 12557 12601 12619 12600
f 12562 12599 12619 12601
f 12556 12602 12619 12599
f 12539 12603 12620 12604
f 12558 12596 12620 12603
f 12562 12601 12620 12596
f 12557 12604 12620 12601
f 12680 12628 12622 12621
f 12628 12627 12625 12622
f 12624 12625 12626 12623
f 12626 12683 12681 12623
f 12627 12629 12626 12625
f 12629 12631 12683 12626
f 12684 12685 12632 12630
f 12632 12683 12631 12630
f 12685 12634 12682 12632
f 12682 12681 12683 12632
f 12634 12685 12636 12633
f 12636 12637 12635 12633
f 12635 12711 12710 12633
f 12710 12697 12634 12633
f 12697 12686 12682 12634
f 12641 12714 12716 12638
f 12716 12714 12640 12639
f 12714 12708 12707 12640
f 12707 12706 12709 12640
f 12642 12644 12643 12641
f 12643 12708 12714 12641
f 12715 12645 12644 12642
f 12644 12650 12649 12643
f 12649 12648 12708 12643
f 12645 12651 12650 12644
f 12646 12652 12651 12645
f 12707 12708 12648 12647
f 12649 12655 12657 12648
f 12650 12656 12655 12649
f 12651 12653 12656 12650
f 12652 12654 12653 12651
f 12705 12662 12654 12652
f 12654 12660 12659 12653
f 12659 12658 12656 12653
f 12662 12661 12660 12654
f 12662 12663 12665 12661
f 12705 12693 12663 12662
f 12693 12704 12664 12663
f 12704 12692 12666 12664
f 12692 12703 12667 12666
f 12703 12668 12670 12667
f 12669 12671 12670 12668
f 12703 12689 12690 12668
f 12690 12691 12669 12668
f 12691 12687 12672 12669
f 12687 12688 12673 12672
f 12688 12676 12674 12673
f 12676 12677 12675 12674
f 12677 12678 12679 12675
f 12703 12692 12696 12689
f 12704 12695 12696 12692
f 12705 12699 12694 12693
f 12694 12695 12704 12693
f 12699 12698 12700 12694
f 12700 12701 12695 12694
f 12701 12702 12696 12695
f 12713 12712 12709 12706
f 12718 12719 12993 12717
f 12993 12879 12883 12717
f 12883 12903 12920 12717
f 12920 12913 12718 12717
f 12720 12721 12719 12718
f 12913 12914 12720 12718
f 12721 12722 12995 12719
f 12995 12994 12993 12719
f 12723 12724 12995 12722
f 12726 12725 12724 12723
f 12725 12889 12992 12724
f 12992 12994 12995 12724
f 12726 12727 12991 12725
f 12991 12888 12889 12725
f 12728 12891 12991 12727
f 12729 12989 12891 12728
f 12730 12990 12989 12729
f 12731 12732 12990 12730
f 12733 12984 12735 12732
f 12735 12734 12990 12732
f 12986 12985 12984 12733
f 12735 12737 12736 12734
f 12736 12983 12988 12734
f 12988 12989 12990 12734
f 12984 12738 12737 12735
f 12737 12979 12982 12736
f 12982 12981 12983 12736
f 12738 12980 12979 12737
f 12984 12985 12739 12738
f 12739 12976 12980 12738
f 12985 12744 12740 12739
f 12740 12977 12976 12739
f 12744 12745 12741 12740
f 12741 12978 12977 12740
f 12745 12746 12742 12741
f 12742 12760 12978 12741
f 12746 12747 12743 12742
f 12743 12755 12760 12742
f 12747 12749 12753 12743
f 12753 12752 12755 12743
f 12987 12748 12745 12744
f 12985 12986 12987 12744
f 12947 12754 12752 12750
f 12752 12753 12751 12750
f 12754 12759 12755 12752
f 12947 12946 12975 12754
f 12975 12974 12759 12754
f 12759 12758 12760 12755
f 12977 12978 12757 12756
f 12757 12955 12954 12756
f 12954 12953 12761 12756
f 12761 12976 12977 12756
f 12978 12760 12758 12757
f 12758 12973 12955 12757
f 12759 12974 12973 12758
f 12953 12775 12762 12761
f 12762 12980 12976 12761
f 12775 12972 12764 12762
f 12764 12979 12980 12762
f 12982 12979 12764 12763
f 12764 12972 12971 12763
f 12971 12766 12765 12763
f 12765 12981 12982 12763
f 12766 12769 12872 12765
f 12872 12873 12981 12765
f 12971 12773 12970 12766
f 12970 12768 12769 12766
f 12768 12970 12771 12767
f 12771 12770 12966 12767
f 12966 12857 12968 12767
f 12968 12969 12768 12767
f 12969 12870 12769 12768
f 12870 12871 12872 12769
f 12771 12772 12963 12770
f 12963 12940 12965 12770
f 12965 12860 12966 12770
f 12970 12773 12772 12771
f 12773 12774 12776 12772
f 12776 12959 12963 12772
f 12971 12972 12774 12773
f 12972 12775 12780 12774
f 12780 12777 12776 12774
f 12953 12781 12780 12775
f 12777 12960 12959 12776
f 12780 12781 12778 12777
f 12778 12961 12960 12777
f 12781 12782 12779 12778
f 12779 12962 12961 12778
f 12782 12783 12785 12779
f 12785 12951 12962 12779
f 12953 12954 12782 12781
f 12954 12955 12783 12782
f 12955 12973 12788 12783
f 12788 12786 12785 12783
f 12787 12791 12790 12784
f 12790 12950 12949 12784
f 12949 12948 12952 12784
f 12952 12786 12787 12784
f 12786 12952 12951 12785
f 12788 12789 12787 12786
f 12789 12792 12791 12787
f 12973 12974 12789 12788
f 12974 12975 12792 12789
f 12791 12794 12793 12790
f 12793 12797 12950 12790
f 12792 12795 12794 12791
f 12975 12946 12795 12792
f 12797 12945 12944 12796
f 12944 12943 12799 12796
f 12799 12798 12800 12796
f 12800 12950 12797 12796
f 12799 12801 12802 12798
f 12802 12803 12804 12798
f 12804 12941 12800 12798
f 12943 12942 12801 12799
f 12941 12949 12950 12800
f 12942 12806 12805 12801
f 12807 12808 12804 12803
f 12808 12810 12941 12804
f 12809 12811 12810 12808
f 12813 12956 12811 12809
f 12811 12812 12948 12810
f 12948 12949 12941 12810
f 12956 12958 12812 12811
f 12951 12952 12948 12812
f 12958 12962 12951 12812
f 12814 12936 12956 12813
f 12815 12934 12936 12814
f 12818 12935 12934 12815
f 12816 12817 12818 12815
f 12819 12820 12818 12817
f 12820 12939 12935 12818
f 12821 12822 12820 12819
f 12822 12964 12939 12820
f 12823 12824 12822 12821
f 12824 12858 12964 12822
f 12825 12932 12824 12823
f 12932 12933 12858 12824
f 12827 12851 12932 12825
f 12829 12930 12827 12826
f 12930 12849 12851 12827
f 12931 12927 12829 12828
f 12927 12928 12930 12829
f 12831 12929 12931 12830
f 12833 12925 12929 12831
f 12834 12835 12925 12833
f 12924 12836 12837 12835
f 12837 12926 12925 12835
f 12922 12923 12839 12836
f 12839 12838 12837 12836
f 12924 12921 12922 12836
f 12838 12863 12926 12837
f 12839 12841 12840 12838
f 12840 12843 12863 12838
f 12923 12902 12841 12839
f 12841 12880 12900 12840
f 12900 12842 12843 12840
f 12902 12881 12880 12841
f 12900 12901 12897 12842
f 12897 12864 12848 12842
f 12848 12847 12843 12842
f 12847 12862 12863 12843
f 12847 12848 12845 12844
f 12845 12850 12849 12844
f 12849 12930 12928 12844
f 12928 12862 12847 12844
f 12848 12864 12846 12845
f 12846 12853 12850 12845
f 12864 12865 12832 12846
f 12832 12855 12853 12846
f 12850 12852 12851 12849
f 12853 12854 12852 12850
f 12852 12933 12932 12851
f 12854 12859 12933 12852
f 12855 12856 12854 12853
f 12856 12857 12859 12854
f 12867 12967 12856 12855
f 12832 12865 12867 12855
f 12967 12968 12857 12856
f 12966 12860 12859 12857
f 12860 12965 12964 12858
f 12933 12859 12860 12858
f 12926 12863 12862 12861
f 12862 12928 12927 12861
f 12927 12931 12929 12861
f 12929 12925 12926 12861
f 12897 12898 12865 12864
f 12898 12866 12867 12865
f 12896 12869 12868 12866
f 12868 12967 12867 12866
f 12898 12899 12896 12866
f 12869 12870 12969 12868
f 12969 12968 12967 12868
f 12894 12871 12870 12869
f 12896 12893 12894 12869
f 12874 12873 12872 12871
f 12894 12895 12874 12871
f 12875 12983 12981 12873
f 12874 12876 12875 12873
f 12895 12892 12876 12874
f 12890 12988 12983 12875
f 12876 12888 12890 12875
f 12892 12889 12888 12876
f 12992 12889 12892 12877
f 12892 12895 12887 12877
f 12887 12886 12878 12877
f 12878 12994 12992 12877
f 12886 12882 12879 12878
f 12879 12993 12994 12878
f 12882 12881 12883 12879
f 12881 12882 12884 12880
f 12884 12901 12900 12880
f 12902 12903 12883 12881
f 12886 12885 12884 12882
f 12885 12899 12901 12884
f 12886 12887 12893 12885
f 12893 12896 12899 12885
f 12895 12894 12893 12887
f 12991 12891 12890 12888
f 12891 12989 12988 12890
f 12901 12899 12898 12897
f 12923 12904 12903 12902
f 12904 12919 12920 12903
f 12923 12922 12905 12904
f 12905 12917 12919 12904
f 12922 12921 12906 12905
f 12906 12907 12917 12905
f 12908 12918 12917 12907
f 12909 12910 12918 12908
f 12915 12916 12909 12908
f 12911 12912 12918 12910
f 12914 12913 12912 12911
f 12913 12920 12919 12912
f 12919 12917 12918 12912
f 12935 12937 12938 12934
f 12938 12957 12936 12934
f 12939 12940 12937 12935
f 12957 12958 12956 12936
f 12959 12960 12938 12937
f 12940 12963 12959 12937
f 12960 12961 12957 12938
f 12964 12965 12940 12939
f 12961 12962 12958 12957
f 13032 13011 13036 12996
f 13036 13035 12998 12996
f 12998 12999 13000 12996
f 13000 13001 13032 12996
f 12998 13035 13033 12997
f 13030 13028 13031 12997
f 13031 12999 12998 12997
f 13031 13005 13006 12999
f 13006 13002 13000 12999
f 13002 13003 13001 13000
f 13009 13008 13007 13004
f 13031 13028 13009 13005
f 13008 13026 13010 13007
f 13009 13028 13027 13008
f 13014 13024 13023 13013
f 13023 13022 13020 13013
f 13019 13017 13016 13015
f 13019 13021 13018 13017
f 13020 13022 13021 13019
f 13028 13030 13029 13027
f 13035 13054 13034 13033
f 13034 13038 13041 13033
f 13054 13069 13077 13034
f 13077 13042 13038 13034
f 13036 13025 13054 13035
f 13042 13043 13044 13037
f 13040 13038 13042 13037
f 13040 13039 13041 13038
f 13077 13130 13043 13042
f 13130 13131 13055 13043
f 13055 13050 13044 13043
f 13050 13048 13045 13044
f 13048 13047 13132 13045
f 13133 13132 13047 13046
f 13050 13055 13051 13049
f 13055 13131 13052 13051
f 13131 13078 13053 13052
f 13158 13114 13057 13056
f 13060 13066 13155 13058
f 13155 13104 13156 13058
f 13110 13111 13157 13059
f 13067 13062 13063 13061
f 13064 13065 13063 13062
f 13067 13152 13154 13062
f 13154 13090 13064 13062
f 13102 13066 13065 13064
f 13090 13092 13102 13064
f 13102 13103 13155 13066
f 13068 13072 13152 13067
f 13070 13071 13072 13068
f 13153 13154 13152 13073
f 13074 13076 13153 13073
f 13150 13075 13076 13074
f 13147 13085 13076 13075
f 13079 13080 13147 13075
f 13085 13089 13153 13076
f 13081 13148 13147 13080
f 13082 13083 13148 13081
f 13146 13143 13083 13082
f 13143 13141 13084 13083
f 13084 13086 13148 13083
f 13141 13088 13087 13084
f 13087 13091 13086 13084
f 13086 13091 13089 13085
f 13147 13148 13086 13085
f 13088 13094 13093 13087
f 13093 13092 13091 13087
f 13116 13096 13094 13088
f 13141 13142 13116 13088
f 13091 13092 13090 13089
f 13090 13154 13153 13089
f 13093 13103 13102 13092
f 13094 13095 13103 13093
f 13096 13097 13095 13094
f 13097 13105 13104 13095
f 13104 13155 13103 13095
f 13098 13099 13097 13096
f 13116 13117 13098 13096
f 13099 13106 13105 13097
f 13140 13100 13099 13098
f 13117 13137 13140 13098
f 13100 13107 13106 13099
f 13101 13109 13107 13100
f 13140 13139 13101 13100
f 13105 13110 13156 13104
f 13106 13111 13110 13105
f 13107 13108 13111 13106
f 13109 13112 13108 13107
f 13112 13114 13158 13108
f 13158 13157 13111 13108
f 13113 13115 13114 13112
f 13142 13144 13117 13116
f 13144 13145 13137 13117
f 13120 13121 13119 13118
f 13119 13136 13124 13118
f 13124 13128 13127 13118
f 13127 13125 13120 13118
f 13121 13122 13145 13119
f 13145 13144 13136 13119
f 13138 13137 13145 13122
f 13136 13135 13126 13124
f 13126 13129 13128 13124
f 13135 13143 13146 13126
f 13136 13144 13142 13135
f 13142 13141 13143 13135
f 13138 13139 13140 13137
f 13134 13151 13149 13159
f 13130 13123 13078 13131
f 13077 13069 13123 13130
f 13054 13025 13012 13069
f 13170 13173 13161 13168
f 13171 13173 13170 13169
f 13199 13198 13174 13169
f 13174 13172 13171 13169
f 13174 13175 13196 13172
f 13198 13197 13175 13174
f 13176 13194 13196 13175
f 13184 13187 13189 13182
f 13188 13187 13186 13185
f 13190 13193 13188 13185
f 13191 13192 13193 13190
f 13198 13238 13237 13197
f 13237 13236 13200 13197
f 13199 13239 13238 13198
f 13180 13240 13239 13199
f 13236 13235 13234 13201
f 13234 13233 13203 13201
f 13162 13203 13233 13202
f 13207 13205 13163 13204
f 13232 13211 13206 13204
f 13206 13164 13207 13204
f 13209 13165 13166 13208
f 13210 13212 13165 13209
f 13160 13211 13212 13210
f 13232 13231 13212 13211
f 13231 13230 13165 13212
f 13216 13217 13229 13213
f 13178 13167 13215 13213
f 13167 13177 13166 13214
f 13166 13165 13230 13214
f 13224 13221 13220 13218
f 13224 13225 13222 13221
f 13236 13237 13179 13235
f 13239 13247 13246 13238
f 13240 13245 13247 13239
f 13180 13227 13241 13240
f 13227 13226 13242 13241
f 13226 13223 13243 13242
f 13243 13248 13244 13242
f 13223 13219 13255 13243
f 13255 13249 13248 13243
f 13255 13256 13250 13249
f 13256 13253 13251 13250
f 13253 13254 13252 13251
f 13183 13181 13254 13253
f 13256 13195 13183 13253
f 13219 13195 13256 13255
f 13259 13264 13262 13261
f 13264 13260 13263 13262
f 13257 13228 13260 13264
f 13259 13258 13257 13264
f 13324 13321 13320 13265
f 13320 13319 13325 13265
f 13267 13330 13331 13266
f 13331 13332 13269 13266
f 13268 13329 13330 13267
f 13332 13333 13271 13269
f 13271 13333 13372 13270
f 13372 13278 13277 13270
f 13275 13282 13281 13274
f 13281 13280 13373 13274
f 13276 13279 13282 13275
f 13277 13278 13279 13276
f 13372 13344 13343 13278
f 13343 13345 13279 13278
f 13345 13371 13282 13279
f 13281 13349 13348 13280
f 13348 13360 13283 13280
f 13283 13368 13373 13280
f 13282 13371 13349 13281
f 13360 13290 13370 13283
f 13370 13367 13368 13283
f 13366 13362 13287 13284
f 13287 13364 13363 13286
f 13362 13365 13364 13287
f 13369 13289 13361 13288
f 13361 13362 13366 13288
f 13369 13370 13290 13289
f 13290 13291 13292 13289
f 13292 13293 13361 13289
f 13360 13350 13291 13290
f 13350 13359 13358 13291
f 13358 13357 13292 13291
f 13357 13295 13293 13292
f 13295 13294 13365 13293
f 13365 13362 13361 13293
f 13357 13358 13297 13296
f 13358 13359 13298 13297
f 13359 13356 13299 13298
f 13356 13355 13300 13299
f 13355 13302 13353 13300
f 13303 13304 13354 13301
f 13302 13352 13303 13301
f 13355 13346 13352 13302
f 13345 13343 13304 13303
f 13352 13371 13345 13303
f 13343 13344 13305 13304
f 13305 13351 13354 13304
f 13344 13307 13306 13305
f 13306 13341 13351 13305
f 13307 13309 13308 13306
f 13333 13332 13309 13307
f 13344 13372 13333 13307
f 13309 13342 13310 13308
f 13332 13331 13342 13309
f 13342 13334 13311 13310
f 13334 13335 13312 13311
f 13335 13336 13316 13312
f 13337 13317 13314 13313
f 13316 13336 13337 13313
f 13317 13318 13315 13314
f 13318 13319 13338 13315
f 13326 13374 13318 13317
f 13337 13328 13326 13317
f 13374 13325 13319 13318
f 13320 13339 13338 13319
f 13321 13340 13339 13320
f 13324 13285 13322 13321
f 13322 13272 13340 13321
f 13285 13273 13323 13322
f 13328 13337 13336 13327
f 13336 13335 13329 13327
f 13335 13334 13330 13329
f 13334 13342 13331 13330
f 13349 13371 13352 13346
f 13355 13356 13347 13346
f 13347 13348 13349 13346
f 13356 13359 13350 13347
f 13350 13360 13348 13347
f 13380 13381 13424 13376
f 13410 13375 13377 13401
f 13382 13383 13381 13380
f 13392 13393 13382 13380
f 13383 13384 13387 13381
f 13385 13389 13387 13384
f 13387 13389 13388 13386
f 13389 13391 13390 13388
f 13396 13394 13393 13392
f 13377 13437 13410 13401
f 13397 13399 13377 13379
f 13377 13426 13438 13437
f 13410 13437 13431 13435
f 13410 13435 13425 13436
f 13410 13436 13378 13375
f 13379 13377 13375 13378
f 3081342383 35302 3383009119 45994
f 13399 13397 13379 13422
f 13422 13379 13427 13421
f 13399 13422 13419 13418
f 13377 13399 13418 13417
f 13414 13423 13405 13406
f 13377 13417 13416 13407
f 13416 13414 13406 13407
f 13406 13405 13404 13403
f 13408 13400 13402 13398
f 13442 13470 13444 13447
f 13396 13408 13398 13394
f 13409 13400 13408 13395
f 13421 13427 13429 13420
f 13413 13415 13412 13411
f 13437 13438 13430 13431
f 13432 13434 13433 13429
f 13428 13432 13429 13427
f 13451 13449 13445 13442
f 13444 13448 13447 13443
f 13447 13439 13446 13443
f 13445 13449 13448 13444
f 13439 13441 13470 13446
f 13448 13450 13608 13447
f 13608 13607 13439 13447
f 13449 13452 13450 13448
f 13451 13453 13452 13449
f 13454 13455 13608 13450
f 13605 13606 13453 13451
f 13457 13607 13608 13455
f 13457 13604 13603 13456
f 13603 13602 13459 13456
f 13459 13469 13440 13456
f 13440 13607 13457 13456
f 13602 13570 13601 13458
f 13601 13568 13460 13458
f 13460 13463 13461 13458
f 13461 13459 13602 13458
f 13461 13466 13469 13459
f 13568 13574 13600 13460
f 13600 13462 13463 13460
f 13463 13465 13466 13461
f 13600 13577 13599 13462
f 13599 13596 13464 13462
f 13464 13465 13463 13462
f 13596 13595 13597 13464
f 13597 13471 13465 13464
f 13471 13467 13466 13465
f 13467 13468 13469 13466
f 13471 13476 13472 13467
f 13472 13473 13468 13467
f 13441 13440 13469 13468
f 13473 13470 13441 13468
f 13473 13592 13593 13470
f 13597 13475 13476 13471
f 13476 13480 13481 13472
f 13481 13592 13473 13472
f 13475 13597 13595 13474
f 13595 13581 13507 13474
f 13507 13486 13477 13474
f 13477 13479 13475 13474
f 13479 13480 13476 13475
f 13486 13485 13487 13477
f 13487 13478 13479 13477
f 13594 13593 13592 13482
f 13484 13504 13503 13483
f 13503 13591 13590 13483
f 13590 13490 13488 13483
f 13488 13489 13484 13483
f 13486 13507 13504 13484
f 13489 13485 13486 13484
f 13590 13588 13587 13490
f 13492 13497 13584 13491
f 13584 13582 13558 13491
f 13493 13494 13497 13492
f 13496 13495 13494 13493
f 13495 13499 13498 13494
f 13498 13586 13497 13494
f 13588 13589 13499 13495
f 13496 13587 13588 13495
f 13586 13585 13584 13497
f 13499 13500 13551 13498
f 13551 13550 13586 13498
f 13589 13501 13500 13499
f 13501 13580 13555 13500
f 13555 13554 13551 13500
f 13502 13510 13580 13501
f 13589 13591 13502 13501
f 13505 13511 13510 13502
f 13591 13503 13505 13502
f 13504 13506 13505 13503
f 13507 13581 13506 13504
f 13506 13508 13511 13505
f 13581 13509 13508 13506
f 13509 13514 13513 13508
f 13513 13512 13511 13508
f 13596 13599 13514 13509
f 13581 13595 13596 13509
f 13511 13512 13564 13510
f 13564 13563 13580 13510
f 13513 13517 13516 13512
f 13516 13515 13564 13512
f 13514 13598 13517 13513
f 13599 13577 13598 13514
f 13516 13518 13578 13515
f 13578 13536 13579 13515
f 13579 13563 13564 13515
f 13517 13519 13518 13516
f 13598 13520 13519 13517
f 13519 13522 13521 13518
f 13521 13575 13578 13518
f 13520 13523 13522 13519
f 13576 13573 13523 13520
f 13598 13577 13576 13520
f 13522 13525 13524 13521
f 13524 13572 13575 13521
f 13523 13526 13525 13522
f 13573 13566 13526 13523
f 13527 13528 13572 13524
f 13532 13533 13530 13529
f 13533 13575 13572 13530
f 13534 13535 13532 13531
f 13535 13536 13533 13532
f 13536 13578 13575 13533
f 13565 13539 13540 13534
f 13540 13537 13535 13534
f 13537 13579 13536 13535
f 13540 13561 13562 13537
f 13562 13563 13579 13537
f 13539 13565 13544 13538
f 13542 13541 13559 13538
f 13559 13560 13539 13538
f 13560 13561 13540 13539
f 13543 13546 13547 13541
f 13547 13552 13559 13541
f 13548 13547 13546 13545
f 13557 13583 13548 13545
f 13548 13549 13552 13547
f 13583 13585 13549 13548
f 13550 13553 13552 13549
f 13585 13586 13550 13549
f 13551 13554 13553 13550
f 13553 13560 13559 13552
f 13554 13561 13560 13553
f 13555 13562 13561 13554
f 13580 13563 13562 13555
f 13582 13583 13557 13556
f 13573 13576 13574 13567
f 13574 13568 13569 13567
f 13602 13603 13571 13570
f 13576 13577 13600 13574
f 13584 13585 13583 13582
f 13590 13591 13589 13588
f 13440 13441 13439 13607
f 13611 13609 13657 13610
f 13657 13618 13660 13610
f 13660 13612 13613 13610
f 13660 13616 13614 13612
f 13614 13716 13691 13612
f 13615 13733 13716 13614
f 13620 13625 13656 13615
f 13656 13654 13733 13615
f 13660 13618 13617 13616
f 13631 13630 13624 13619
f 13624 13623 13625 13619
f 13625 13620 13621 13619
f 13623 13624 13627 13622
f 13627 13626 13732 13622
f 13732 13636 13731 13622
f 13731 13655 13623 13622
f 13655 13656 13625 13623
f 13630 13629 13627 13624
f 13627 13629 13628 13626
f 13633 13635 13732 13626
f 13639 13634 13635 13632
f 13636 13732 13635 13634
f 13639 13642 13643 13634
f 13643 13646 13636 13634
f 13646 13650 13731 13636
f 13730 13672 13640 13637
f 13640 13641 13638 13637
f 13641 13642 13639 13638
f 13672 13670 13668 13640
f 13668 13644 13641 13640
f 13644 13645 13642 13641
f 13645 13647 13643 13642
f 13647 13648 13646 13643
f 13668 13667 13666 13644
f 13666 13663 13645 13644
f 13663 13665 13647 13645
f 13648 13649 13650 13646
f 13665 13659 13648 13647
f 13659 13661 13649 13648
f 13651 13652 13650 13649
f 13652 13655 13731 13650
f 13653 13654 13652 13651
f 13654 13656 13655 13652
f 13659 13665 13664 13658
f 13664 13665 13663 13662
f 13668 13670 13669 13667
f 13672 13673 13671 13670
f 13673 13728 13729 13671
f 13730 13686 13673 13672
f 13686 13727 13728 13673
f 13678 13677 13676 13674
f 13728 13727 13726 13675
f 13677 13725 13703 13676
f 13679 13723 13725 13677
f 13680 13695 13696 13679
f 13696 13724 13723 13679
f 13681 13694 13695 13680
f 13682 13693 13694 13681
f 13726 13727 13682 13681
f 13684 13687 13693 13682
f 13727 13686 13684 13682
f 13685 13690 13688 13683
f 13688 13689 13687 13683
f 13689 13692 13693 13687
f 13723 13724 13698 13697
f 13698 13701 13700 13697
f 13700 13699 13702 13697
f 13702 13725 13723 13697
f 13700 13722 13721 13699
f 13721 13708 13706 13699
f 13706 13704 13702 13699
f 13704 13703 13725 13702
f 13706 13708 13707 13705
f 13708 13712 13710 13707
f 13710 13712 13711 13709
f 13711 13717 13718 13709
f 13719 13720 13710 13709
f 13712 13714 13713 13711
f 13713 13715 13717 13711
f 13754 13767 13735 13734
f 13767 13824 13783 13735
f 13783 13738 13736 13735
f 13738 13784 13739 13737
f 13783 13818 13784 13738
f 13784 13819 13785 13739
f 13785 13845 13740 13739
f 13845 13742 13743 13740
f 13742 13843 13787 13741
f 13787 13789 13744 13741
f 13845 13844 13843 13742
f 13747 13751 13750 13745
f 13750 13849 13749 13746
f 13749 13748 13791 13746
f 13790 13851 13751 13747
f 13749 13795 13794 13748
f 13794 13848 13752 13748
f 13752 13782 13791 13748
f 13849 13796 13795 13749
f 13751 13850 13849 13750
f 13851 13840 13850 13751
f 13848 13753 13852 13752
f 13852 13781 13782 13752
f 13848 13792 13755 13753
f 13769 13770 13757 13756
f 13758 13761 13769 13756
f 13759 13760 13761 13758
f 13764 13765 13760 13759
f 13762 13772 13761 13760
f 13765 13768 13762 13760
f 13772 13773 13769 13761
f 13766 13765 13764 13763
f 13773 13774 13770 13769
f 13774 13775 13771 13770
f 13780 13779 13774 13773
f 13779 13777 13775 13774
f 13777 13778 13776 13775
f 13848 13794 13793 13792
f 13794 13795 13846 13793
f 13796 13847 13846 13795
f 13849 13850 13797 13796
f 13797 13802 13847 13796
f 13850 13840 13799 13797
f 13799 13801 13802 13797
f 13800 13803 13836 13798
f 13801 13799 13800 13798
f 13840 13837 13800 13799
f 13837 13838 13803 13800
f 13838 13804 13810 13803
f 13810 13808 13836 13803
f 13842 13839 13805 13804
f 13805 13806 13810 13804
f 13838 13841 13842 13804
f 13839 13835 13807 13805
f 13807 13811 13806 13805
f 13809 13808 13810 13806
f 13835 13814 13812 13807
f 13812 13834 13811 13807
f 13814 13815 13813 13812
f 13820 13816 13815 13814
f 13835 13786 13820 13814
f 13816 13821 13832 13815
f 13817 13822 13821 13816
f 13820 13819 13817 13816
f 13818 13823 13822 13817
f 13819 13784 13818 13817
f 13783 13824 13823 13818
f 13820 13786 13785 13819
f 13822 13829 13833 13821
f 13823 13828 13829 13822
f 13824 13825 13828 13823
f 13767 13826 13825 13824
f 13767 13754 13827 13826
f 13830 13831 13829 13828
f 13839 13844 13786 13835
f 13788 13841 13838 13837
f 13840 13851 13788 13837
f 13842 13843 13844 13839
f 13787 13843 13842 13841
f 13788 13789 13787 13841
f 13845 13785 13786 13844
f 13790 13789 13788 13851
f 14014 14076 13855 13853
f 14019 14015 14057 13854
f 14076 14075 13856 13855
f 14075 13858 13857 13856
f 13857 14072 14058 13856
f 13858 13860 13859 13857
f 13859 14074 14072 13857
f 14075 14069 13862 13858
f 13862 13861 13860 13858
f 13862 13863 14071 13861
f 14069 14070 13863 13862
f 14070 14068 13864 13863
f 14068 14064 13865 13864
f 14067 14061 13867 13866
f 14064 14066 14067 13866
f 14061 14062 13868 13867
f 14062 13869 14059 13868
f 14059 13870 14055 13868
f 14013 13878 13875 13869
f 13875 14060 14059 13869
f 14062 14063 14013 13869
f 14059 14060 13871 13870
f 14060 13875 13876 13872
f 13874 13877 14054 13873
f 13876 13879 13877 13874
f 13878 13879 13876 13875
f 14048 13885 14054 13877
f 13879 13881 14048 13877
f 13880 13881 13879 13878
f 14013 14011 13880 13878
f 13882 13884 13881 13880
f 14011 14012 13882 13880
f 13884 14049 14048 13881
f 13883 14050 13884 13882
f 14012 14010 13883 13882
f 14002 14052 14050 13883
f 14010 13996 14002 13883
f 14050 14051 14049 13884
f 13886 13889 13894 13885
f 13894 13893 14054 13885
f 14048 14049 13886 13885
f 13887 13890 13889 13886
f 14049 14051 13887 13886
f 13888 13891 13890 13887
f 14051 14053 13888 13887
f 14009 13892 13891 13888
f 14053 14004 14009 13888
f 13890 13899 13898 13889
f 13898 13897 13894 13889
f 13891 13895 13899 13890
f 13892 13896 13895 13891
f 14007 13960 13896 13892
f 14009 14006 14007 13892
f 13896 13901 13900 13895
f 13900 14047 13899 13895
f 13960 13902 13901 13896
f 13899 14047 13939 13898
f 13901 13941 13937 13900
f 13937 13936 14047 13900
f 13902 13903 13941 13901
f 14040 13904 13903 13902
f 13960 13957 14040 13902
f 13904 13905 14045 13903
f 14045 13942 13941 13903
f 14042 14043 13905 13904
f 14040 14041 14042 13904
f 14043 13906 14039 13905
f 14039 14046 14045 13905
f 13950 13908 13907 13906
f 13907 13947 14039 13906
f 14043 13949 13950 13906
f 13908 13910 13913 13907
f 13913 13915 13947 13907
f 13909 13912 13910 13908
f 13950 13951 13909 13908
f 13911 13914 13913 13910
f 13948 13917 13914 13911
f 13914 13916 13915 13913
f 13917 13918 13916 13914
f 13916 13927 13945 13915
f 13945 13946 13947 13915
f 13918 13924 13927 13916
f 13920 13919 13918 13917
f 13919 13922 13924 13918
f 13921 13923 13922 13919
f 13929 13928 13924 13922
f 13928 13926 13927 13924
f 13945 13927 13926 13925
f 13926 13932 13931 13925
f 13931 13930 13944 13925
f 13944 13946 13945 13925
f 13933 13935 13940 13930
f 13940 13943 13944 13930
f 13938 13940 13935 13934
f 13936 13937 13938 13934
f 13941 13942 13938 13937
f 13942 13943 13940 13938
f 14045 14046 13943 13942
f 14046 13946 13944 13943
f 14046 14039 13947 13946
f 13955 13951 13950 13949
f 14043 14042 14044 13949
f 14044 13954 13955 13949
f 13953 13959 13956 13952
f 13956 14037 14056 13952
f 13954 14044 13959 13953
f 13959 14041 13958 13956
f 13958 13962 14037 13956
f 13958 14041 14040 13957
f 13960 14007 13961 13957
f 13961 13962 13958 13957
f 14044 14042 14041 13959
f 14007 14006 14008 13961
f 14008 13963 13962 13961
f 13963 14038 14037 13962
f 14008 14036 13964 13963
f 13964 13968 14038 13963
f 14036 14035 13966 13964
f 13966 13967 13968 13964
f 13966 14035 14034 13965
f 14034 14033 13971 13965
f 13970 13995 14031 13969
f 14033 13999 13995 13970
f 14031 14030 14029 13972
f 14029 14022 14032 13972
f 14018 13978 13977 13973
f 13977 13976 13975 13973
f 13975 14016 14017 13973
f 14017 14020 14018 13973
f 14022 14029 14028 13974
f 14028 14027 13978 13974
f 13978 14018 14021 13974
f 14021 14023 14022 13974
f 13976 13982 13979 13975
f 13979 13981 14016 13975
f 13977 14026 13985 13976
f 13985 13983 13982 13976
f 13978 14027 14026 13977
f 13982 14066 14065 13979
f 14065 14073 13981 13979
f 14015 14016 13981 13980
f 13981 14073 14077 13980
f 14077 14076 14014 13980
f 14014 14057 14015 13980
f 13983 14067 14066 13982
f 13985 13986 13984 13983
f 13984 14061 14067 13983
f 13986 13987 14063 13984
f 14063 14062 14061 13984
f 14026 13988 13986 13985
f 13988 13989 13987 13986
f 13989 14012 14011 13987
f 14011 14013 14063 13987
f 13990 13991 13989 13988
f 14026 14027 13990 13988
f 13991 14010 14012 13989
f 13992 13993 13991 13990
f 14027 14028 13992 13990
f 13993 13996 14010 13991
f 14030 13994 13993 13992
f 14028 14029 14030 13992
f 13994 13997 13996 13993
f 13995 13999 13997 13994
f 14030 14031 13995 13994
f 13997 13998 14002 13996
f 13999 14000 13998 13997
f 14000 14001 14003 13998
f 14003 14052 14002 13998
f 14033 14034 14000 13999
f 14034 14035 14001 14000
f 14035 14036 14005 14001
f 14005 14004 14003 14001
f 14004 14053 14052 14003
f 14005 14006 14009 14004
f 14036 14008 14006 14005
f 14019 14017 14016 14015
f 14019 14024 14020 14017
f 14020 14025 14021 14018
f 14052 14053 14051 14050
f 14068 14065 14066 14064
f 14068 14070 14073 14065
f 14077 14073 14070 14069
f 14075 14076 14077 14069
f 14079 14100 14099 14078
f 14099 14199 14098 14078
f 14082 14080 14100 14079
f 14082 14083 14081 14080
f 14081 14125 14097 14080
f 14097 14108 14100 14080
f 14083 14205 14162 14081
f 14162 14129 14125 14081
f 14085 14084 14083 14082
f 14084 14206 14205 14083
f 14085 14088 14086 14084
f 14086 14095 14206 14084
f 14087 14090 14095 14086
f 14092 14091 14090 14087
f 14093 14096 14094 14089
f 14094 14090 14091 14089
f 14094 14101 14095 14090
f 14101 14155 14206 14095
f 14103 14154 14155 14101
f 14218 14104 14152 14102
f 14152 14150 14153 14102
f 14153 14154 14103 14102
f 14218 14215 14273 14104
f 14273 14107 14105 14104
f 14105 14151 14152 14104
f 14106 14346 14151 14105
f 14110 14109 14346 14106
f 14115 14147 14346 14109
f 14117 14118 14246 14111
f 14246 14352 14353 14111
f 14353 14356 14116 14111
f 14116 14240 14117 14111
f 14242 14243 14113 14112
f 14113 14347 14348 14112
f 14348 14246 14118 14112
f 14118 14241 14242 14112
f 14243 14115 14114 14113
f 14243 14245 14147 14115
f 14356 14248 14121 14116
f 14121 14131 14240 14116
f 14133 14241 14118 14117
f 14240 14132 14133 14117
f 14224 14239 14122 14119
f 14222 14220 14224 14119
f 14130 14131 14121 14120
f 14239 14225 14130 14120
f 14126 14221 14222 14123
f 14127 14223 14126 14124
f 14223 14216 14221 14126
f 14128 14217 14223 14127
f 14235 14238 14131 14130
f 14225 14226 14235 14130
f 14238 14132 14240 14131
f 14237 14134 14133 14132
f 14238 14236 14237 14132
f 14134 14135 14241 14133
f 14137 14138 14135 14134
f 14237 14136 14137 14134
f 14138 14139 14244 14135
f 14244 14242 14241 14135
f 14165 14140 14137 14136
f 14237 14236 14167 14136
f 14167 14168 14165 14136
f 14140 14141 14138 14137
f 14141 14142 14139 14138
f 14142 14145 14148 14139
f 14148 14245 14244 14139
f 14158 14143 14141 14140
f 14165 14166 14158 14140
f 14143 14144 14142 14141
f 14144 14146 14145 14142
f 14159 14160 14144 14143
f 14158 14163 14159 14143
f 14160 14156 14146 14144
f 14146 14153 14150 14145
f 14150 14149 14148 14145
f 14156 14154 14153 14146
f 14149 14151 14346 14147
f 14245 14148 14149 14147
f 14150 14152 14151 14149
f 14156 14157 14155 14154
f 14157 14205 14206 14155
f 14160 14161 14157 14156
f 14161 14162 14205 14157
f 14166 14171 14163 14158
f 14164 14161 14160 14159
f 14163 14180 14164 14159
f 14164 14129 14162 14161
f 14171 14172 14180 14163
f 14180 14176 14129 14164
f 14168 14170 14166 14165
f 14170 14173 14171 14166
f 14236 14227 14234 14167
f 14234 14169 14168 14167
f 14169 14177 14170 14168
f 14234 14174 14178 14169
f 14178 14183 14177 14169
f 14177 14181 14173 14170
f 14173 14231 14172 14171
f 14229 14176 14180 14172
f 14231 14232 14229 14172
f 14181 14182 14231 14173
f 14179 14187 14178 14174
f 14234 14227 14233 14174
f 14233 14175 14179 14174
f 14233 14226 14209 14175
f 14183 14184 14181 14177
f 14187 14188 14183 14178
f 14184 14185 14182 14181
f 14185 14186 14191 14182
f 14191 14232 14231 14182
f 14188 14189 14184 14183
f 14193 14192 14191 14186
f 14192 14195 14194 14190
f 14194 14196 14230 14190
f 14230 14229 14232 14190
f 14232 14191 14192 14190
f 14193 14197 14195 14192
f 14195 14198 14199 14194
f 14199 14099 14196 14194
f 14197 14201 14198 14195
f 14099 14100 14108 14196
f 14108 14228 14230 14196
f 14201 14202 14200 14198
f 14200 14098 14199 14198
f 14203 14204 14202 14201
f 14204 14208 14207 14202
f 14226 14225 14219 14209
f 14219 14224 14220 14210
f 14220 14211 14212 14210
f 14220 14222 14221 14211
f 14221 14216 14213 14211
f 14216 14223 14217 14214
f 14225 14239 14224 14219
f 14233 14227 14235 14226
f 14236 14238 14235 14227
f 14108 14097 14125 14228
f 14125 14129 14176 14228
f 14176 14229 14230 14228
f 14244 14245 14243 14242
f 14348 14351 14352 14246
f 14248 14355 14357 14247
f 14357 14358 14349 14247
f 14356 14354 14355 14248
f 14359 14267 14265 14249
f 14265 14361 14253 14249
f 14254 14375 14379 14250
f 14256 14385 14386 14251
f 14258 14380 14373 14252
f 14361 14368 14371 14253
f 14371 14375 14254 14253
f 14379 14378 14382 14255
f 14382 14385 14256 14255
f 14386 14387 14383 14257
f 14383 14380 14258 14257
f 14373 14376 14372 14259
f 14372 14369 14260 14259
f 14264 14362 14270 14275
f 14277 14360 14366 14299
f 14299 14366 14369 14300
f 14300 14369 14372 14301
f 14267 14266 14269 14265
f 14269 14365 14361 14265
f 14359 14358 14268 14267
f 14301 14372 14376 14302
f 14376 14373 14380 14303
f 14302 14376 14303 14304
f 14303 14380 14383 14305
f 14305 14383 14387 14309
f 14309 14387 14384 14312
f 14312 14384 14381 14315
f 14281 14280 14308 14279
f 14311 14307 14308 14280
f 14281 14283 14282 14280
f 14282 14314 14311 14280
f 14284 14318 14314 14282
f 14286 14285 14318 14284
f 14321 14317 14318 14285
f 14287 14324 14321 14285
f 14288 14327 14324 14287
f 14289 14330 14327 14288
f 14332 14329 14330 14290
f 14291 14335 14332 14290
f 14292 14338 14335 14291
f 14340 14337 14338 14293
f 14294 14342 14340 14293
f 14295 14344 14342 14294
f 14315 14381 14377 14316
f 14377 14378 14374 14319
f 14316 14377 14319 14322
f 14319 14374 14370 14325
f 14325 14370 14367 14328
f 14328 14367 14363 14331
f 14364 14365 14333 14334
f 14363 14364 14334 14336
f 14331 14363 14336 14339
f 14270 14350 14264 14275
f 14342 14344 14299 14300
f 14340 14342 14300 14301
f 14307 14311 14310 14306
f 14337 14340 14301 14302
f 14335 14338 14337 14303
f 14311 14314 14313 14310
f 14303 14337 14302 14304
f 14332 14335 14303 14305
f 14314 14318 14317 14313
f 14329 14332 14305 14309
f 14326 14329 14309 14312
f 14323 14326 14312 14315
f 14320 14323 14315 14316
f 14317 14321 14320 14319
f 14321 14324 14323 14320
f 14319 14320 14316 14322
f 14313 14317 14319 14325
f 14324 14327 14326 14323
f 14310 14313 14325 14328
f 14306 14310 14328 14331
f 14327 14330 14329 14326
f 14333 14308 14307 14334
f 14334 14307 14306 14336
f 14336 14306 14331 14339
f 14263 14264 14350 14298
f 14297 14276 14277 14296
f 14277 14299 14344 14296
f 14279 14308 14333 14345
f 14341 14278 14345 14343
f 14272 14274 14341 14271
f 14271 14341 14343 14345
f 14345 14333 14365 14269
f 14362 14264 14263 14262
f 14360 14277 14276 14261
f 14387 14386 14385 14384
f 14384 14385 14382 14381
f 14381 14382 14378 14377
f 14378 14379 14375 14374
f 14374 14375 14371 14370
f 14370 14371 14368 14367
f 14368 14361 14365 14364
f 14367 14368 14364 14363
f 14389 14391 14392 14388
f 14429 14427 14391 14390
f 14391 14389 14395 14390
f 14395 14394 14432 14390
f 14432 14471 14429 14390
f 14431 14432 14394 14393
f 14394 14420 14418 14393
f 14418 14416 14397 14393
f 14397 14430 14431 14393
f 14395 14422 14420 14394
f 14389 14424 14422 14395
f 14404 14430 14397 14396
f 14397 14416 14415 14396
f 14415 14413 14398 14396
f 14398 14403 14404 14396
f 14413 14412 14409 14398
f 14409 14402 14403 14398
f 14400 14407 14411 14399
f 14411 14410 14405 14399
f 14401 14408 14407 14400
f 14402 14409 14408 14401
f 14415 14416 14417 14414
f 14418 14428 14417 14416
f 14420 14419 14428 14418
f 14420 14422 14421 14419
f 14422 14424 14423 14421
f 14424 14426 14425 14423
f 14458 14472 14431 14430
f 14472 14471 14432 14431
f 14451 14452 14515 14433
f 14435 14450 14451 14433
f 14444 14450 14435 14434
f 14436 14443 14444 14434
f 14516 14442 14443 14436
f 14440 14441 14517 14437
f 14521 14529 14439 14438
f 14529 14445 14440 14439
f 14445 14446 14441 14440
f 14446 14447 14442 14441
f 14442 14516 14517 14441
f 14447 14448 14443 14442
f 14448 14449 14444 14443
f 14449 14498 14450 14444
f 14501 14499 14446 14445
f 14529 14503 14501 14445
f 14499 14500 14447 14446
f 14498 14496 14451 14450
f 14496 14497 14452 14451
f 14497 14495 14453 14452
f 14453 14514 14515 14452
f 14495 14493 14454 14453
f 14454 14483 14514 14453
f 14493 14494 14455 14454
f 14455 14458 14483 14454
f 14494 14492 14456 14455
f 14456 14472 14458 14455
f 14492 14459 14457 14456
f 14457 14471 14472 14456
f 14459 14460 14406 14457
f 14406 14429 14471 14457
f 14491 14461 14460 14459
f 14461 14462 14478 14460
f 14463 14464 14480 14462
f 14480 14479 14478 14462
f 14465 14466 14477 14464
f 14477 14476 14480 14464
f 14467 14474 14475 14466
f 14475 14481 14477 14466
f 14468 14473 14474 14467
f 14469 14470 14473 14468
f 14490 14489 14474 14473
f 14489 14488 14475 14474
f 14477 14481 14482 14476
f 14482 14486 14485 14476
f 14485 14479 14480 14476
f 14485 14484 14487 14479
f 14503 14506 14502 14501
f 14529 14521 14504 14503
f 14504 14505 14506 14503
f 14521 14511 14508 14504
f 14508 14509 14505 14504
f 14527 14528 14506 14505
f 14509 14524 14527 14505
f 14513 14509 14508 14507
f 14508 14511 14510 14507
f 14513 14523 14524 14509
f 14518 14523 14513 14512
f 14519 14522 14523 14518
f 14526 14525 14522 14520
f 14525 14524 14523 14522
f 14531 14576 14645 14579
f 14563 14577 14645 14576
f 14556 14578 14645 14577
f 14530 14579 14645 14578
f 14556 14580 14646 14578
f 14555 14581 14646 14580
f 14537 14582 14646 14581
f 14530 14578 14646 14582
f 14537 14583 14647 14582
f 14551 14584 14647 14583
f 14560 14585 14647 14584
f 14530 14582 14647 14585
f 14560 14586 14648 14585
f 14553 14587 14648 14586
f 14531 14579 14648 14587
f 14530 14585 14648 14579
f 14532 14588 14649 14590
f 14534 14589 14649 14588
f 14563 14576 14649 14589
f 14531 14590 14649 14576
f 14553 14591 14650 14587
f 14544 14592 14650 14591
f 14532 14590 14650 14592
f 14531 14587 14650 14590
f 14538 14593 14651 14595
f 14533 14594 14651 14593
f 14534 14588 14651 14594
f 14532 14595 14651 14588
f 14544 14596 14652 14592
f 14545 14597 14652 14596
f 14538 14595 14652 14597
f 14532 14592 14652 14595
f 14538 14598 14653 14593
f 14539 14599 14653 14598
f 14546 14600 14653 14599
f 14533 14593 14653 14600
f 14536 14601 14654 14604
f 14540 14602 14654 14601
f 14547 14603 14654 14602
f 14535 14604 14654 14603
f 14547 14605 14655 14603
f 14558 14606 14655 14605
f 14541 14607 14655 14606
f 14535 14603 14655 14607
f 14550 14608 14656 14610
f 14543 14609 14656 14608
f 14536 14604 14656 14609
f 14535 14610 14656 14604
f 14537 14581 14657 14612
f 14555 14611 14657 14581
f 14540 14601 14657 14611
f 14536 14612 14657 14601
f 14543 14613 14658 14609
f 14551 14583 14658 14613
f 14537 14612 14658 14583
f 14536 14609 14658 14612
f 14545 14614 14659 14597
f 14552 14615 14659 14614
f 14539 14598 14659 14615
f 14538 14597 14659 14598
f 14554 14616 14660 14618
f 14562 14617 14660 14616
f 14546 14599 14660 14617
f 14539 14618 14660 14599
f 14552 14619 14661 14615
f 14561 14620 14661 14619
f 14554 14618 14661 14620
f 14539 14615 14661 14618
f 14558 14621 14662 14606
f 14557 14622 14662 14621
f 14548 14623 14662 14622
f 14541 14606 14662 14623
f 14548 14622 14663 14626
f 14557 14624 14663 14622
f 14564 14625 14663 14624
f 14542 14626 14663 14625
f 14571 14627 14664 14630
f 14573 14628 14664 14627
f 14559 14629 14664 14628
f 14549 14630 14664 14629
f 14566 14631 14665 14633
f 14567 14632 14665 14631
f 14562 14616 14665 14632
f 14554 14633 14665 14616
f 14561 14634 14666 14620
f 14569 14635 14666 14634
f 14566 14633 14666 14635
f 14554 14620 14666 14633
f 14573 14636 14667 14628
f 14574 14637 14667 14636
f 14565 14638 14667 14637
f 14559 14628 14667 14638
f 14575 14639 14668 14641
f 14572 14640 14668 14639
f 14567 14631 14668 14640
f 14566 14641 14668 14631
f 14570 14642 14669 14644
f 14568 14643 14669 14642
f 14572 14639 14669 14643
f 14575 14644 14669 14639
f 14673 14822 14671 14670
f 14674 14675 14673 14670
f 14822 14823 14672 14671
f 14678 14727 14822 14673
f 14675 14677 14678 14673
f 14819 14676 14677 14675
f 14679 14680 14677 14676
f 14820 14821 14679 14676
f 14680 14681 14678 14677
f 14681 14788 14727 14678
f 14682 14683 14680 14679
f 14821 14689 14682 14679
f 14683 14816 14681 14680
f 14816 14786 14788 14681
f 14686 14684 14683 14682
f 14689 14687 14686 14682
f 14684 14817 14816 14683
f 14685 14818 14817 14684
f 14686 14757 14685 14684
f 14815 14787 14818 14685
f 14757 14759 14815 14685
f 14687 14688 14757 14686
f 14810 14811 14688 14687
f 14813 14759 14757 14688
f 14811 14812 14813 14688
f 14691 14762 14761 14690
f 14761 14760 14814 14690
f 14814 14695 14693 14690
f 14693 14694 14691 14690
f 14692 14763 14762 14691
f 14694 14696 14692 14691
f 14703 14799 14763 14692
f 14696 14697 14703 14692
f 14814 14813 14812 14695
f 14698 14699 14703 14697
f 14809 14700 14699 14698
f 14700 14797 14800 14699
f 14800 14799 14703 14699
f 14701 14704 14797 14700
f 14809 14802 14701 14700
f 14702 14705 14704 14701
f 14802 14801 14702 14701
f 14803 14706 14705 14702
f 14801 14805 14803 14702
f 14705 14712 14711 14704
f 14711 14710 14797 14704
f 14706 14713 14712 14705
f 14707 14714 14713 14706
f 14803 14804 14707 14706
f 14708 14715 14714 14707
f 14804 14807 14708 14707
f 14716 14717 14715 14708
f 14807 14808 14716 14708
f 14710 14749 14792 14709
f 14792 14751 14796 14709
f 14796 14799 14800 14709
f 14800 14797 14710 14709
f 14711 14750 14749 14710
f 14712 14748 14750 14711
f 14713 14745 14748 14712
f 14714 14744 14745 14713
f 14715 14743 14744 14714
f 14717 14738 14743 14715
f 14718 14719 14717 14716
f 14719 14739 14738 14717
f 14720 14734 14719 14718
f 14734 14740 14739 14719
f 14721 14735 14734 14720
f 14722 14736 14735 14721
f 14732 14731 14722 14721
f 14733 14724 14736 14722
f 14731 14723 14733 14722
f 14737 14742 14736 14724
f 14728 14730 14729 14726
f 14735 14741 14740 14734
f 14736 14742 14741 14735
f 14747 14749 14750 14746
f 14794 14792 14749 14747
f 14792 14794 14793 14751
f 14793 14791 14755 14751
f 14755 14795 14796 14751
f 14753 14789 14765 14752
f 14765 14764 14787 14752
f 14787 14815 14756 14752
f 14756 14758 14753 14752
f 14754 14790 14789 14753
f 14758 14798 14754 14753
f 14755 14791 14790 14754
f 14798 14795 14755 14754
f 14815 14759 14760 14756
f 14760 14761 14758 14756
f 14761 14762 14798 14758
f 14813 14814 14760 14759
f 14763 14795 14798 14762
f 14799 14796 14795 14763
f 14765 14770 14769 14764
f 14769 14768 14767 14764
f 14767 14818 14787 14764
f 14789 14785 14770 14765
f 14767 14768 14773 14766
f 14773 14772 14786 14766
f 14786 14816 14817 14766
f 14817 14818 14767 14766
f 14769 14778 14784 14768
f 14784 14777 14773 14768
f 14770 14779 14778 14769
f 14785 14780 14779 14770
f 14772 14776 14775 14771
f 14775 14725 14774 14771
f 14774 14727 14788 14771
f 14788 14786 14772 14771
f 14773 14777 14776 14772
f 14823 14822 14727 14774
f 14785 14789 14790 14781
f 14790 14791 14782 14781
f 14791 14793 14783 14782
f 14805 14806 14804 14803
f 15137 15136 15138 14824
f 15138 15136 15135 14825
f 15135 15134 14827 14825
f 14827 15134 14828 14826
f 14828 14831 14829 14826
f 15134 15140 15139 14828
f 15139 14830 14831 14828
f 14831 14837 14838 14829
f 14876 14871 14834 14830
f 14834 14837 14831 14830
f 14835 14836 14833 14832
f 14833 14870 14869 14832
f 14853 14840 14835 14832
f 14836 14837 14834 14833
f 14834 14871 14870 14833
f 14843 14839 14836 14835
f 14840 14842 14843 14835
f 14839 14838 14837 14836
f 14853 14852 14846 14840
f 14846 14841 14842 14840
f 14846 14845 14847 14841
f 14867 14847 14845 14844
f 14845 14850 14849 14844
f 14849 14848 14851 14844
f 14846 14852 14850 14845
f 14854 14855 14851 14848
f 14856 14858 14855 14854
f 14863 14860 14862 14856
f 14862 14857 14858 14856
f 14861 14862 14860 14859
f 14864 14866 14861 14859
f 14870 14871 14874 14868
f 14874 14872 14886 14868
f 14886 14889 15133 14868
f 15133 14869 14870 14868
f 15133 15132 15120 14869
f 14876 14875 14874 14871
f 14874 14875 14873 14872
f 14873 14880 14879 14872
f 14879 14885 14886 14872
f 15131 15130 14882 14877
f 14882 14884 14878 14877
f 14884 14879 14880 14878
f 14884 14883 14885 14879
f 14883 14884 14882 14881
f 14882 15130 15129 14881
f 15129 14933 15091 14881
f 15091 15127 14883 14881
f 15127 14887 14885 14883
f 14887 14889 14886 14885
f 15127 15092 14890 14887
f 14890 14888 14889 14887
f 15132 15133 14889 14888
f 14890 14893 14891 14888
f 14891 15119 15132 14888
f 15092 15126 14893 14890
f 14893 14892 14897 14891
f 14897 15118 15119 14891
f 14893 15126 15125 14892
f 15125 15123 14896 14892
f 14896 14902 14897 14892
f 14900 14901 14895 14894
f 14895 15122 15121 14894
f 15121 14916 14898 14894
f 14898 14899 14900 14894
f 14901 14902 14896 14895
f 14896 15123 15122 14895
f 14902 15117 15118 14897
f 14916 14911 14905 14898
f 14905 14907 14899 14898
f 15114 15115 14900 14899
f 14907 14903 15114 14899
f 15115 15116 14901 14900
f 15116 15117 14902 14901
f 14907 14906 15111 14903
f 14906 14907 14905 14904
f 14905 14911 14910 14904
f 14910 15045 15057 14904
f 15057 15109 14906 14904
f 15109 15110 15111 14906
f 14910 14911 14909 14908
f 14909 14912 15108 14908
f 15108 15042 15044 14908
f 15044 15045 14910 14908
f 14911 14916 14915 14909
f 14915 14913 14912 14909
f 14913 14981 14984 14912
f 14984 15107 15108 14912
f 14915 14917 14914 14913
f 14914 14982 14981 14913
f 14917 14919 14918 14914
f 14918 15106 14982 14914
f 14916 15121 14917 14915
f 15121 15122 14919 14917
f 14919 14922 14920 14918
f 14920 14924 15106 14918
f 15122 15123 14922 14919
f 14922 15124 14921 14920
f 14921 14925 14924 14920
f 15124 15094 15093 14921
f 15093 14928 14925 14921
f 15123 15125 15124 14922
f 14925 14928 14926 14923
f 14926 15099 15104 14923
f 15104 15103 15105 14923
f 15105 14924 14925 14923
f 15105 14978 15106 14924
f 14928 14929 14927 14926
f 14927 15100 15099 14926
f 14929 14932 14931 14927
f 14931 14941 15100 14927
f 15093 14930 14929 14928
f 14930 14933 14932 14929
f 15090 15091 14933 14930
f 15093 15094 15090 14930
f 14932 14937 14935 14931
f 14935 14934 14941 14931
f 14933 15129 14937 14932
f 14940 14947 14941 14934
f 14937 15128 14936 14935
f 15129 15130 15128 14937
f 14945 14946 14939 14938
f 14946 14947 14940 14939
f 14947 15098 15100 14941
f 14944 14945 14943 14942
f 14943 14951 14950 14942
f 14950 14958 14986 14942
f 14986 14988 14944 14942
f 15096 14946 14945 14944
f 14988 15095 15096 14944
f 15096 15098 14947 14946
f 14953 14952 14955 14948
f 14955 14957 14949 14948
f 14957 14950 14951 14949
f 14957 14956 14958 14950
f 14953 14992 14991 14952
f 14991 14994 14993 14952
f 14993 14954 14955 14952
f 14956 14957 14955 14954
f 14993 14996 14997 14954
f 14997 14959 14956 14954
f 14959 14960 14958 14956
f 14960 14961 14986 14958
f 14963 14964 14961 14960
f 14987 14988 14986 14961
f 14964 14962 14987 14961
f 15101 14989 14987 14962
f 14964 14965 14966 14962
f 14966 14973 15101 14962
f 14967 14985 14973 14966
f 14970 14974 14985 14968
f 14979 14971 14970 14969
f 14971 14976 14974 14970
f 14980 14972 14976 14971
f 14979 14983 14980 14971
f 14982 15106 14978 14972
f 14978 14977 14976 14972
f 14980 14981 14982 14972
f 14975 15102 15101 14973
f 14985 14974 14975 14973
f 14976 14977 14975 14974
f 14977 15103 15102 14975
f 14978 15105 15103 14977
f 15036 15043 14983 14979
f 14983 14984 14981 14980
f 15043 15107 14984 14983
f 14989 15095 14988 14987
f 14990 15097 15095 14989
f 15101 15102 14990 14989
f 15104 15099 15097 14990
f 15102 15103 15104 14990
f 14992 15089 14999 14991
f 14999 15077 14994 14991
f 14994 14998 14996 14993
f 15077 15076 14998 14994
f 15084 14997 14996 14995
f 14996 14998 15080 14995
f 15080 15018 15081 14995
f 15081 15083 15084 14995
f 15076 15079 15080 14998
f 15089 15002 15001 14999
f 15001 15000 15077 14999
f 15001 15004 15003 15000
f 15003 15005 15007 15000
f 15007 15076 15077 15000
f 15008 15006 15007 15005
f 15079 15076 15007 15006
f 15008 15009 15010 15006
f 15010 15078 15079 15006
f 15011 15014 15078 15010
f 15012 15015 15014 15011
f 15013 15016 15015 15012
f 15075 15017 15016 15013
f 15015 15020 15019 15014
f 15019 15018 15078 15014
f 15016 15074 15020 15015
f 15017 15072 15074 15016
f 15066 15073 15072 15017
f 15075 15067 15066 15017
f 15019 15022 15081 15018
f 15080 15079 15078 15018
f 15020 15021 15022 15019
f 15074 15026 15021 15020
f 15026 15024 15023 15021
f 15023 15082 15022 15021
f 15082 15083 15081 15022
f 15024 15085 15086 15023
f 15086 15087 15082 15023
f 15028 15025 15085 15024
f 15026 15027 15028 15024
f 15031 15032 15088 15025
f 15028 15030 15031 15025
f 15074 15072 15027 15026
f 15029 15030 15028 15027
f 15072 15073 15029 15027
f 15033 15034 15030 15029
f 15073 15070 15033 15029
f 15034 15035 15031 15030
f 15035 15036 15032 15031
f 15046 15037 15034 15033
f 15070 15071 15046 15033
f 15037 15038 15035 15034
f 15038 15043 15036 15035
f 15039 15040 15038 15037
f 15046 15047 15039 15037
f 15040 15107 15043 15038
f 15041 15042 15040 15039
f 15047 15048 15041 15039
f 15042 15108 15107 15040
f 15049 15044 15042 15041
f 15048 15050 15049 15041
f 15049 15052 15045 15044
f 15052 15054 15057 15045
f 15071 14865 15047 15046
f 14865 15059 15048 15047
f 15059 15060 15050 15048
f 15050 15051 15052 15049
f 15060 15061 15051 15050
f 15053 15054 15052 15051
f 15055 15109 15057 15054
f 15056 15110 15109 15055
f 15058 15112 15110 15056
f 14865 15063 15064 15059
f 15065 15069 15068 15062
f 14865 15071 15065 15063
f 15071 15070 15069 15065
f 15069 15070 15073 15066
f 15067 15068 15069 15066
f 15092 15127 15091 15090
f 15094 15126 15092 15090
f 15124 15125 15126 15094
f 15097 15098 15096 15095
f 15099 15100 15098 15097
f 15135 15141 15140 15134
f 15136 15113 15141 15135
f 15143 15144 15289 15142
f 15289 15270 15290 15142
f 15145 15146 15144 15143
f 15146 15154 15200 15144
f 15200 15264 15289 15144
f 15147 15150 15146 15145
f 15150 15151 15154 15146
f 15148 15152 15150 15147
f 15321 15322 15152 15148
f 15314 15311 15321 15149
f 15152 15153 15151 15150
f 15153 15158 15157 15151
f 15157 15156 15154 15151
f 15322 15323 15153 15152
f 15323 15161 15158 15153
f 15156 15155 15200 15154
f 15156 15275 15274 15155
f 15274 15260 15273 15155
f 15273 15264 15200 15155
f 15157 15320 15275 15156
f 15158 15159 15320 15157
f 15161 15160 15159 15158
f 15160 15277 15276 15159
f 15276 15257 15320 15159
f 15319 15278 15277 15160
f 15161 15162 15319 15160
f 15323 15291 15162 15161
f 15163 15317 15319 15162
f 15291 15313 15163 15162
f 15164 15318 15317 15163
f 15313 15168 15164 15163
f 15166 15165 15318 15164
f 15168 15169 15166 15164
f 15167 15307 15306 15165
f 15306 15305 15318 15165
f 15166 15170 15167 15165
f 15316 15300 15307 15167
f 15303 15300 15316 15171
f 15173 15178 15177 15172
f 15177 15304 15303 15172
f 15174 15179 15178 15173
f 15175 15180 15179 15174
f 15213 15185 15180 15175
f 15207 15208 15211 15176
f 15178 15181 15297 15177
f 15297 15299 15304 15177
f 15179 15182 15181 15178
f 15180 15183 15182 15179
f 15185 15184 15183 15180
f 15182 15233 15298 15181
f 15298 15243 15297 15181
f 15183 15234 15233 15182
f 15184 15235 15234 15183
f 15236 15237 15235 15184
f 15185 15186 15236 15184
f 15213 15210 15186 15185
f 15188 15238 15236 15186
f 15210 15187 15188 15186
f 15189 15218 15188 15187
f 15210 15209 15296 15187
f 15296 15192 15189 15187
f 15218 15220 15238 15188
f 15219 15295 15218 15189
f 15192 15190 15219 15189
f 15292 15287 15219 15190
f 15192 15191 15193 15190
f 15192 15296 15214 15191
f 15214 15205 15196 15191
f 15196 15215 15193 15191
f 15198 15199 15195 15194
f 15197 15201 15198 15194
f 15199 15215 15196 15195
f 15196 15205 15204 15195
f 15203 15216 15199 15198
f 15201 15202 15203 15198
f 15216 15217 15215 15199
f 15205 15207 15206 15204
f 15214 15208 15207 15205
f 15214 15296 15209 15208
f 15209 15212 15211 15208
f 15210 15213 15212 15209
f 15295 15222 15220 15218
f 15287 15288 15295 15219
f 15221 15294 15238 15220
f 15223 15286 15294 15221
f 15286 15285 15225 15224
f 15225 15226 15232 15224
f 15232 15235 15237 15224
f 15237 15294 15286 15224
f 15228 15231 15232 15226
f 15230 15231 15228 15227
f 15239 15243 15298 15229
f 15298 15233 15230 15229
f 15233 15234 15231 15230
f 15234 15235 15232 15231
f 15238 15294 15237 15236
f 15240 15242 15243 15239
f 15245 15281 15302 15241
f 15302 15299 15242 15241
f 15299 15297 15243 15242
f 15253 15281 15245 15244
f 15284 15254 15247 15246
f 15254 15279 15248 15247
f 15279 15280 15249 15248
f 15280 15310 15253 15249
f 15255 15256 15251 15250
f 15256 15257 15252 15251
f 15257 15276 15283 15252
f 15310 15308 15281 15253
f 15284 15277 15278 15254
f 15278 15309 15279 15254
f 15282 15260 15274 15255
f 15274 15275 15256 15255
f 15275 15320 15257 15256
f 15259 15272 15263 15258
f 15263 15262 15261 15258
f 15261 15265 15266 15258
f 15266 15267 15259 15258
f 15260 15282 15272 15259
f 15267 15273 15260 15259
f 15268 15271 15267 15266
f 15271 15264 15273 15267
f 15269 15270 15271 15268
f 15289 15264 15271 15270
f 15277 15284 15283 15276
f 15319 15317 15309 15278
f 15309 15305 15280 15279
f 15305 15306 15310 15280
f 15308 15301 15302 15281
f 15302 15301 15304 15299
f 15303 15304 15301 15300
f 15301 15308 15307 15300
f 15309 15317 15318 15305
f 15307 15308 15310 15306
f 15315 15312 15293 15311
f 15293 15322 15321 15311
f 15313 15291 15293 15312
f 15293 15291 15323 15322
f 15325 15326 15505 15324
f 15505 15504 15499 15324
f 15499 15501 15341 15324
f 15341 15330 15325 15324
f 15337 15508 15505 15326
f 15328 15520 15337 15327
f 15518 15521 15520 15328
f 15330 15341 15394 15329
f 15394 15565 15331 15329
f 15331 15342 15332 15329
f 15565 15470 15469 15331
f 15469 15578 15342 15331
f 15333 15335 15334 15332
f 15342 15343 15333 15332
f 15345 15338 15335 15333
f 15343 15344 15345 15333
f 15335 15336 15340 15334
f 15338 15339 15336 15335
f 15578 15567 15343 15342
f 15567 15566 15344 15343
f 15346 15347 15345 15344
f 15566 15579 15346 15344
f 15580 15348 15347 15346
f 15579 15551 15580 15346
f 15348 15352 15349 15347
f 15581 15354 15352 15348
f 15580 15553 15581 15348
f 15352 15353 15350 15349
f 15353 15356 15351 15350
f 15356 15357 15355 15351
f 15354 15358 15353 15352
f 15358 15359 15356 15353
f 15361 15362 15358 15354
f 15581 15554 15361 15354
f 15359 15360 15357 15356
f 15362 15363 15359 15358
f 15363 15364 15360 15359
f 15365 15366 15362 15361
f 15554 15367 15365 15361
f 15366 15574 15363 15362
f 15574 15575 15364 15363
f 15367 15369 15370 15365
f 15576 15577 15574 15366
f 15554 15371 15368 15367
f 15554 15581 15553 15371
f 15553 15552 15373 15371
f 15374 15375 15373 15372
f 15373 15552 15571 15372
f 15571 15442 15573 15372
f 15573 15428 15374 15372
f 15376 15377 15375 15374
f 15428 15423 15376 15374
f 15570 15378 15377 15376
f 15423 15424 15570 15376
f 15378 15381 15380 15377
f 15379 15382 15381 15378
f 15570 15569 15379 15378
f 15397 15383 15382 15379
f 15569 15401 15397 15379
f 15397 15395 15396 15383
f 15388 15387 15386 15384
f 15387 15390 15389 15385
f 15388 15392 15390 15387
f 15392 15393 15391 15390
f 15397 15401 15403 15395
f 15403 15402 15404 15398
f 15407 15402 15400 15399
f 15400 15421 15420 15399
f 15420 15417 15411 15399
f 15411 15406 15407 15399
f 15402 15403 15401 15400
f 15401 15569 15421 15400
f 15407 15408 15404 15402
f 15560 15561 15406 15405
f 15406 15411 15410 15405
f 15410 15414 15415 15405
f 15415 15559 15560 15405
f 15561 15408 15407 15406
f 15561 15564 15562 15408
f 15410 15411 15417 15409
f 15417 15418 15416 15409
f 15416 15412 15413 15409
f 15413 15414 15410 15409
f 15416 15558 15431 15412
f 15418 15557 15558 15416
f 15420 15419 15418 15417
f 15419 15422 15557 15418
f 15420 15421 15424 15419
f 15424 15423 15422 15419
f 15569 15570 15424 15421
f 15423 15428 15427 15422
f 15427 15426 15557 15422
f 15426 15427 15572 15425
f 15572 15441 15440 15425
f 15440 15436 15429 15425
f 15429 15430 15426 15425
f 15430 15558 15557 15426
f 15428 15573 15572 15427
f 15436 15433 15434 15429
f 15434 15432 15430 15429
f 15432 15431 15558 15430
f 15436 15438 15435 15433
f 15438 15555 15437 15435
f 15440 15439 15438 15436
f 15555 15453 15462 15437
f 15439 15556 15555 15438
f 15440 15441 15443 15439
f 15443 15446 15556 15439
f 15572 15573 15442 15441
f 15442 15444 15443 15441
f 15571 15550 15444 15442
f 15444 15447 15446 15443
f 15550 15445 15447 15444
f 15550 15551 15579 15445
f 15579 15566 15450 15445
f 15450 15449 15447 15445
f 15447 15449 15452 15446
f 15452 15454 15556 15446
f 15449 15450 15568 15448
f 15568 15582 15549 15448
f 15549 15548 15451 15448
f 15451 15452 15449 15448
f 15566 15567 15568 15450
f 15548 15455 15457 15451
f 15457 15454 15452 15451
f 15555 15556 15454 15453
f 15454 15457 15456 15453
f 15456 15461 15462 15453
f 15548 15465 15463 15455
f 15463 15458 15460 15455
f 15460 15456 15457 15455
f 15460 15459 15461 15456
f 15463 15531 15546 15458
f 15546 15535 15547 15458
f 15547 15459 15460 15458
f 15465 15545 15531 15463
f 15466 15468 15467 15464
f 15467 15472 15529 15464
f 15529 15530 15545 15464
f 15545 15465 15466 15464
f 15548 15549 15466 15465
f 15549 15582 15468 15466
f 15468 15469 15470 15467
f 15470 15473 15472 15467
f 15582 15578 15469 15468
f 15475 15481 15477 15471
f 15477 15473 15474 15471
f 15473 15477 15476 15472
f 15476 15528 15529 15472
f 15486 15485 15481 15475
f 15477 15481 15480 15476
f 15480 15542 15528 15476
f 15542 15480 15479 15478
f 15479 15483 15482 15478
f 15539 15541 15542 15478
f 15480 15481 15485 15479
f 15485 15484 15483 15479
f 15485 15486 15487 15484
f 15489 15488 15487 15486
f 15489 15491 15490 15488
f 15493 15494 15491 15489
f 15494 15496 15492 15491
f 15496 15502 15495 15492
f 15497 15498 15496 15494
f 15498 15503 15502 15496
f 15501 15499 15498 15497
f 15499 15504 15503 15498
f 15394 15341 15501 15500
f 15503 15524 15522 15502
f 15504 15506 15524 15503
f 15505 15508 15506 15504
f 15508 15509 15507 15506
f 15507 15525 15524 15506
f 15509 15519 15510 15507
f 15510 15526 15525 15507
f 15337 15520 15509 15508
f 15520 15521 15519 15509
f 15519 15517 15511 15510
f 15511 15527 15526 15510
f 15517 15513 15512 15511
f 15517 15514 15515 15513
f 15517 15519 15521 15514
f 15521 15518 15516 15514
f 15524 15525 15523 15522
f 15542 15541 15538 15528
f 15538 15530 15529 15528
f 15538 15537 15533 15530
f 15533 15531 15545 15530
f 15533 15532 15546 15531
f 15533 15537 15536 15532
f 15534 15535 15546 15532
f 15537 15540 15544 15536
f 15538 15541 15540 15537
f 15543 15540 15541 15539
f 15571 15552 15551 15550
f 15552 15553 15580 15551
f 15563 15564 15561 15560
f 15568 15567 15578 15582
