5.322212353348731995e-02 9.985820651054382324e-01 -1.123397960327565670e-03 -5.978966510156169534e-05 -1.121805864386260509e-03 -9.999994039535522461e-01
5.322212353348731995e-02 9.985820651054382324e-01 -1.123714027926325798e-03 -5.980648711556568742e-05 -1.122121582739055157e-03 -9.999994039535522461e-01
-5.322212353348731995e-02 9.985821247100830078e-01 -1.070721191354095936e-03 5.698609675164334476e-05 -1.069203834049403667e-03 -9.999994635581970215e-01
-5.322212353348731995e-02 9.985821247100830078e-01 -1.070987549610435963e-03 5.700027031707577407e-05 -1.069469726644456387e-03 -9.999994635581970215e-01
-1.590637266635894775e-01 9.872677922248840332e-01 -1.057920744642615318e-03 1.682769070612266660e-04 -1.044451608322560787e-03 -9.999994635581970215e-01
1.590637117624282837e-01 9.872676730155944824e-01 -1.131476252339780331e-03 -1.799769233912229538e-04 -1.117070671170949936e-03 -9.999993443489074707e-01
1.590637117624282837e-01 9.872676730155944824e-01 -1.133562298491597176e-03 -1.803087507141754031e-04 -1.119130174629390240e-03 -9.999993443489074707e-01
2.631022036075592041e-01 9.647673368453979492e-01 -1.146860420703887939e-03 -3.017416456714272499e-04 -1.106454059481620789e-03 -9.999993443489074707e-01
2.631022036075592041e-01 9.647673368453979492e-01 -1.148566137999296188e-03 -3.021904267370700836e-04 -1.108099706470966339e-03 -9.999993443489074707e-01
3.641604185104370117e-01 9.313355684280395508e-01 -1.156146870926022530e-03 -4.210232000332325697e-04 -1.076761400327086449e-03 -9.999993443489074707e-01
3.641604185104370117e-01 9.313355684280395508e-01 -1.157966791652143002e-03 -4.216859524603933096e-04 -1.078456407412886620e-03 -9.999993443489074707e-01
4.610922634601593018e-01 8.873514533042907715e-01 -1.166753005236387253e-03 -5.379811045713722706e-04 -1.035320688970386982e-03 -9.999993443489074707e-01
4.610922634601593018e-01 8.873514533042907715e-01 -1.168739632703363895e-03 -5.388971767388284206e-04 -1.037083566188812256e-03 -9.999993443489074707e-01
5.527997612953186035e-01 8.333132863044738770e-01 -1.185334986075758934e-03 -6.552534759975969791e-04 -9.877561824396252632e-04 -9.999993443489074707e-01
5.527997612953186035e-01 8.333132863044738770e-01 -1.185490051284432411e-03 -6.553391576744616032e-04 -9.878854034468531609e-04 -9.999993443489074707e-01
6.382435560226440430e-01 7.698335647583007812e-01 -1.196602475829422474e-03 -7.637243834324181080e-04 -9.211854194290935993e-04 -9.999992847442626953e-01
6.382435560226440430e-01 7.698335647583007812e-01 -1.197175937704741955e-03 -7.640903932042419910e-04 -9.216268663294613361e-04 -9.999992847442626953e-01
7.164561748504638672e-01 6.976310610771179199e-01 -1.210233778692781925e-03 -8.670801180414855480e-04 -8.442972321063280106e-04 -9.999992847442626953e-01
7.164561748504638672e-01 6.976310610771179199e-01 -1.213259063661098480e-03 -8.692475967109203339e-04 -8.464077836833894253e-04 -9.999992847442626953e-01
7.865509986877441406e-01 6.175242066383361816e-01 -1.224731444381177425e-03 -9.633143199607729912e-04 -7.563017425127327442e-04 -9.999992251396179199e-01
7.865509986877441406e-01 6.175242066383361816e-01 -1.228318433277308941e-03 -9.661356452852487564e-04 -7.585168350487947464e-04 -9.999992251396179199e-01
8.477339148521423340e-01 5.304202437400817871e-01 -1.233590766787528992e-03 -1.045757671818137169e-03 -6.543220952153205872e-04 -9.999992847442626953e-01
8.477339148521423340e-01 5.304202437400817871e-01 -1.234216848388314247e-03 -1.046288409270346165e-03 -6.546541699208319187e-04 -9.999992847442626953e-01
8.993113636970520020e-01 4.373072087764739990e-01 -1.237789401784539223e-03 -1.113158767111599445e-03 -5.412945174612104893e-04 -9.999992251396179199e-01
8.993113636970520020e-01 4.373072087764739990e-01 -1.237280317582190037e-03 -1.112700905650854111e-03 -5.410719313658773899e-04 -9.999992251396179199e-01
9.406995773315429688e-01 3.392386734485626221e-01 -1.234667492099106312e-03 -1.161452033556997776e-03 -4.188472812529653311e-04 -9.999992251396179199e-01
9.406995773315429688e-01 3.392386734485626221e-01 -1.235027331858873367e-03 -1.161790569312870502e-03 -4.189693718217313290e-04 -9.999992251396179199e-01
9.714291691780090332e-01 2.373265624046325684e-01 -1.234617782756686211e-03 -1.199344638735055923e-03 -2.930077898781746626e-04 -9.999992847442626953e-01
9.714291691780090332e-01 2.373265624046325684e-01 -1.232783310115337372e-03 -1.197562552988529205e-03 -2.925724256783723831e-04 -9.999992847442626953e-01
9.911521673202514648e-01 1.327252686023712158e-01 -1.228043460287153721e-03 -1.217178767547011375e-03 -1.629925100132822990e-04 -9.999992847442626953e-01
9.911521673202514648e-01 1.327252686023712158e-01 -1.229412737302482128e-03 -1.218535937368869781e-03 -1.631742488825693727e-04 -9.999992847442626953e-01
9.996448755264282227e-01 2.662050910294055939e-02 -1.225752406753599644e-03 -1.225318177603185177e-03 -3.263018152210861444e-05 -9.999992847442626953e-01
9.996448755264282227e-01 2.662050910294055939e-02 -1.226241001859307289e-03 -1.225806656293570995e-03 -3.264318729634396732e-05 -9.999992847442626953e-01
9.968113303184509277e-01 -7.978592813014984131e-02 -1.213092356920242310e-03 -1.209225039929151535e-03 9.678777132648974657e-05 -9.999992847442626953e-01
9.968113303184509277e-01 -7.978592813014984131e-02 -1.214675139635801315e-03 -1.210802816785871983e-03 9.691405284684151411e-05 -9.999992847442626953e-01
9.826834201812744141e-01 -1.852887570858001709e-01 -1.202091458253562450e-03 -1.181276049464941025e-03 2.227341610705479980e-04 -9.999992847442626953e-01
9.826834201812744141e-01 -1.852887570858001709e-01 -1.205368200317025185e-03 -1.184495980851352215e-03 2.233412960777059197e-04 -9.999992847442626953e-01
9.574214220046997070e-01 -2.886916995048522949e-01 -1.199668738991022110e-03 -1.148589304648339748e-03 3.463346511125564575e-04 -9.999992847442626953e-01
9.574214220046997070e-01 -2.886916995048522949e-01 -1.202673534862697124e-03 -1.151466160081326962e-03 3.472021198831498623e-04 -9.999992847442626953e-01
9.213113784790039062e-01 -3.888238072395324707e-01 -1.191918156109750271e-03 -1.098128501325845718e-03 4.634464858099818230e-04 -9.999992847442626953e-01
9.213113784790039062e-01 -3.888238072395324707e-01 -1.192725729197263718e-03 -1.098872511647641659e-03 4.637604870367795229e-04 -9.999992847442626953e-01
8.747625946998596191e-01 -4.845504164695739746e-01 -1.196558587253093719e-03 -1.046705408953130245e-03 5.797934136353433132e-04 -9.999992847442626953e-01
8.747625946998596191e-01 -4.845504164695739746e-01 -1.198299461975693703e-03 -1.048228237777948380e-03 5.806369590573012829e-04 -9.999992847442626953e-01
8.183020353317260742e-01 -5.747872591018676758e-01 -1.202132203616201878e-03 -9.837079560384154320e-04 6.909708026796579361e-04 -9.999992847442626953e-01
8.183020353317260742e-01 -5.747872591018676758e-01 -1.204935135319828987e-03 -9.860015707090497017e-04 6.925818743184208870e-04 -9.999992847442626953e-01
7.525705695152282715e-01 -6.585105061531066895e-01 -1.216179109178483486e-03 -9.152612765319645405e-04 8.008672739379107952e-04 -9.999992847442626953e-01
7.525705695152282715e-01 -6.585105061531066895e-01 -1.216594595462083817e-03 -9.155739680863916874e-04 8.011409081518650055e-04 -9.999992847442626953e-01
6.783110499382019043e-01 -7.347738742828369141e-01 -1.222264952957630157e-03 -8.290763362310826778e-04 8.980889106169342995e-04 -9.999992251396179199e-01
6.783110499382019043e-01 -7.347738742828369141e-01 -1.225228770636022091e-03 -8.310867124237120152e-04 9.002666338346898556e-04 -9.999992251396179199e-01
5.963669419288635254e-01 -8.027110099792480469e-01 -1.226984197273850441e-03 -7.317334529943764210e-04 9.849146008491516113e-04 -9.999992847442626953e-01
5.963669419288635254e-01 -8.027110099792480469e-01 -1.229166868142783642e-03 -7.330351509153842926e-04 9.866666514426469803e-04 -9.999992847442626953e-01
5.076655149459838867e-01 -8.615533709526062012e-01 -1.233125571161508560e-03 -6.260158261284232140e-04 1.062404247932136059e-03 -9.999992251396179199e-01
5.076655149459838867e-01 -8.615533709526062012e-01 -1.234538736753165722e-03 -6.267332355491816998e-04 1.063621835783123970e-03 -9.999992251396179199e-01
4.132120311260223389e-01 -9.106339812278747559e-01 -1.234067603945732117e-03 -5.099320551380515099e-04 1.123784924857318401e-03 -9.999992847442626953e-01
4.132120311260223389e-01 -9.106339812278747559e-01 -1.235319883562624454e-03 -5.104495212435722351e-04 1.124925212934613228e-03 -9.999992847442626953e-01
3.140760958194732666e-01 -9.493970274925231934e-01 -1.238693366758525372e-03 -3.890442603733390570e-04 1.176012679934501648e-03 -9.999992251396179199e-01
3.140760958194732666e-01 -9.493970274925231934e-01 -1.240056823007762432e-03 -3.894724941346794367e-04 1.177307101897895336e-03 -9.999992251396179199e-01
2.113828659057617188e-01 -9.774025678634643555e-01 -1.235697418451309204e-03 -2.612054522614926100e-04 1.207774737849831581e-03 -9.999992847442626953e-01
2.113828659057617188e-01 -9.774025678634643555e-01 -1.234208233654499054e-03 -2.608906652312725782e-04 1.206319197081029415e-03 -9.999992847442626953e-01
1.062930598855018616e-01 -9.943341016769409180e-01 -1.230065128766000271e-03 -1.307475031353533268e-04 1.223096740432083607e-03 -9.999992847442626953e-01
1.062930598855018616e-01 -9.943341016769409180e-01 -1.229652552865445614e-03 -1.307036436628550291e-04 1.222686492837965488e-03 -9.999992847442626953e-01
0.000000000000000000e+00 1.227165688760578632e-03 -9.999992847442626953e-01 0.000000000000000000e+00 9.999992847442626953e-01 1.227165688760578632e-03
0.000000000000000000e+00 1.226343563757836819e-03 -9.999992847442626953e-01 -0.000000000000000000e+00 9.999992847442626953e-01 1.226343563757836819e-03
-1.062930673360824585e-01 -9.943341612815856934e-01 -1.211342634633183479e-03 1.287574123125523329e-04 1.204480184242129326e-03 -9.999992847442626953e-01
-1.062930673360824585e-01 -9.943341612815856934e-01 -1.212015631608664989e-03 1.288289495278149843e-04 1.205149455927312374e-03 -9.999992847442626953e-01
-2.113828659057617188e-01 -9.774025678634643555e-01 -1.239492208696901798e-03 2.620075829327106476e-04 1.211483613587915897e-03 -9.999992251396179199e-01
-2.113828659057617188e-01 -9.774025678634643555e-01 -1.239606412127614021e-03 2.620317100081592798e-04 1.211595255881547928e-03 -9.999992251396179199e-01
-3.140760958194732666e-01 -9.493970274925231934e-01 -1.262082485482096672e-03 3.963902418036013842e-04 1.198218320496380329e-03 -9.999992251396179199e-01
-3.140760958194732666e-01 -9.493970274925231934e-01 -1.259180135093629360e-03 3.954786807298660278e-04 1.195462769828736782e-03 -9.999992251396179199e-01
-4.132120311260223389e-01 -9.106339812278747559e-01 -1.254721079021692276e-03 5.184662295505404472e-04 1.142592518590390682e-03 -9.999992251396179199e-01
-4.132120311260223389e-01 -9.106339812278747559e-01 -1.254194416105747223e-03 5.182486493140459061e-04 1.142113003879785538e-03 -9.999992251396179199e-01
-5.076655149459838867e-01 -8.615533709526062012e-01 -1.246941275894641876e-03 6.330296164378523827e-04 1.074307248927652836e-03 -9.999992251396179199e-01
-5.076655149459838867e-01 -8.615533709526062012e-01 -1.249624299816787243e-03 6.343916757032275200e-04 1.076618791557848454e-03 -9.999992251396179199e-01
-5.963669419288635254e-01 -8.027110099792480469e-01 -1.240004203282296658e-03 7.394981221295893192e-04 9.953657863661646843e-04 -9.999992251396179199e-01
-5.963669419288635254e-01 -8.027110099792480469e-01 -1.239714445546269417e-03 7.393253035843372345e-04 9.951331885531544685e-04 -9.999992251396179199e-01
-6.783110499382019043e-01 -7.347738742828369141e-01 -1.234547584317624569e-03 8.374077733606100082e-04 9.071138920262455940e-04 -9.999992251396179199e-01
-6.783110499382019043e-01 -7.347738742828369141e-01 -1.231200410984456539e-03 8.351373253390192986e-04 9.046544437296688557e-04 -9.999992251396179199e-01
-7.525705695152282715e-01 -6.585105061531066895e-01 -1.204698113724589348e-03 9.066209895536303520e-04 7.933069136925041676e-04 -9.999992847442626953e-01
-7.525705695152282715e-01 -6.585105061531066895e-01 -1.196880359202623367e-03 9.007375920191407204e-04 7.881588535383343697e-04 -9.999992847442626953e-01
-8.183020949363708496e-01 -5.747873187065124512e-01 -1.161568448878824711e-03 9.505145135335624218e-04 6.676552584394812584e-04 -9.999993443489074707e-01
-8.183020949363708496e-01 -5.747873187065124512e-01 -1.155275036580860615e-03 9.453645907342433929e-04 6.640378269366919994e-04 -9.999993443489074707e-01
-8.747626543045043945e-01 -4.845504760742187500e-01 -1.098048523999750614e-03 9.605324594303965569e-04 5.320602795109152794e-04 -9.999994039535522461e-01
-8.747626543045043945e-01 -4.845504760742187500e-01 -1.088211894966661930e-03 9.519277373328804970e-04 5.272938869893550873e-04 -9.999994039535522461e-01
-9.213116168975830078e-01 -3.888238966464996338e-01 -9.858603589236736298e-04 9.082850301638245583e-04 3.833262308035045862e-04 -9.999995231628417969e-01
-9.213116168975830078e-01 -3.888238966464996338e-01 -9.806114248931407928e-04 9.034490794874727726e-04 3.812853246927261353e-04 -9.999995231628417969e-01
-9.574216604232788086e-01 -2.886917889118194580e-01 -9.058914729394018650e-04 8.673205156810581684e-04 2.615235280245542526e-04 -9.999995827674865723e-01
-9.574216604232788086e-01 -2.886917889118194580e-01 -9.084954508580267429e-04 8.698136080056428909e-04 2.622752799652516842e-04 -9.999995827674865723e-01
-9.826837778091430664e-01 -1.852888315916061401e-01 -8.166212937794625759e-04 8.024807320907711983e-04 1.513108436483889818e-04 -9.999997019767761230e-01
-9.826837778091430664e-01 -1.852888166904449463e-01 -8.047511801123619080e-04 7.908161496743559837e-04 1.491114380769431591e-04 -9.999997019767761230e-01
-9.968117475509643555e-01 -7.978596538305282593e-02 -7.831175462342798710e-04 7.806210196577012539e-04 6.248180579859763384e-05 -9.999997019767761230e-01
-9.968117475509643555e-01 -7.978596538305282593e-02 -7.785269408486783504e-04 7.760450243949890137e-04 6.211554136825725436e-05 -9.999997019767761230e-01
-9.996453523635864258e-01 2.662052214145660400e-02 -7.743517635390162468e-04 7.740773726254701614e-04 -2.061365375993773341e-05 -9.999997019767761230e-01
-9.996453523635864258e-01 2.662052214145660400e-02 -7.745916955173015594e-04 7.743172463960945606e-04 -2.062004205072298646e-05 -9.999997019767761230e-01
-9.911525845527648926e-01 1.327253133058547974e-01 -7.898879703134298325e-04 7.828997331671416759e-04 -1.048381600412540138e-04 -9.999997019767761230e-01
-9.911525845527648926e-01 1.327253133058547974e-01 -7.918892079032957554e-04 7.848832756280899048e-04 -1.051037761499173939e-04 -9.999997019767761230e-01
-9.714295864105224609e-01 2.373266518115997314e-01 -8.085927693173289299e-04 7.854911964386701584e-04 -1.919006754178553820e-04 -9.999997019767761230e-01
-9.714295864105224609e-01 2.373266518115997314e-01 -8.167793275788426399e-04 7.934438181109726429e-04 -1.938435452757403255e-04 -9.999996423721313477e-01
-9.406999349594116211e-01 3.392388224601745605e-01 -8.295973530039191246e-04 7.804025080986320972e-04 -2.814317704178392887e-04 -9.999997019767761230e-01
-9.406999349594116211e-01 3.392388224601745605e-01 -8.327981922775506973e-04 7.834135903976857662e-04 -2.825176052283495665e-04 -9.999997019767761230e-01
-8.993117213249206543e-01 4.373073577880859375e-01 -8.500021067447960377e-04 7.644171128049492836e-04 -3.717122890520840883e-04 -9.999996423721313477e-01
-8.993117213249206543e-01 4.373073577880859375e-01 -8.539022528566420078e-04 7.679245318286120892e-04 -3.734178608283400536e-04 -9.999996423721313477e-01
-8.477342724800109863e-01 5.304204821586608887e-01 -8.647337090224027634e-04 7.330646621994674206e-04 -4.586726136039942503e-04 -9.999996423721313477e-01
-8.477342724800109863e-01 5.304204821586608887e-01 -8.671446121297776699e-04 7.351084495894610882e-04 -4.599514068104326725e-04 -9.999996423721313477e-01
-7.865512371063232422e-01 6.175243854522705078e-01 -8.795823086984455585e-04 6.918368162587285042e-04 -5.431637400761246681e-04 -9.999996423721313477e-01
-7.865512371063232422e-01 6.175244450569152832e-01 -8.852877654135227203e-04 6.963244522921741009e-04 -5.466869915835559368e-04 -9.999996423721313477e-01
-7.164564132690429688e-01 6.976312398910522461e-01 -8.999110432341694832e-04 6.447472842410206795e-04 -6.278063519857823849e-04 -9.999995827674865723e-01
-7.164564132690429688e-01 6.976312398910522461e-01 -9.054613765329122543e-04 6.487238570116460323e-04 -6.316783837974071503e-04 -9.999995827674865723e-01
-6.382437944412231445e-01 7.698338031768798828e-01 -9.254009346477687359e-04 5.906316218897700310e-04 -7.124051917344331741e-04 -9.999995827674865723e-01
-6.382437944412231445e-01 7.698338031768798828e-01 -9.375402005389332771e-04 5.983794108033180237e-04 -7.217504316940903664e-04 -9.999995827674865723e-01
-5.527999401092529297e-01 8.333134651184082031e-01 -9.562069899402558804e-04 5.285913939587771893e-04 -7.968205609358847141e-04 -9.999995231628417969e-01
-5.527999401092529297e-01 8.333134651184082031e-01 -9.630154236219823360e-04 5.323551013134419918e-04 -8.024941198527812958e-04 -9.999995231628417969e-01
-4.610923528671264648e-01 8.873516321182250977e-01 -9.797688107937574387e-04 4.517641209531575441e-04 -8.693998679518699646e-04 -9.999995231628417969e-01
-4.610923528671264648e-01 8.873516321182250977e-01 -9.845612803474068642e-04 4.539738874882459641e-04 -8.736524614505469799e-04 -9.999995231628417969e-01
-3.641604781150817871e-01 9.313357472419738770e-01 -9.983303025364875793e-04 3.635526227299124002e-04 -9.297811193391680717e-04 -9.999995231628417969e-01
-3.641604781150817871e-01 9.313357472419738770e-01 -1.002455712296068668e-03 3.650549333542585373e-04 -9.336232324130833149e-04 -9.999995231628417969e-01
-2.631022334098815918e-01 9.647674560546875000e-01 -1.020622206851840019e-03 2.685280924197286367e-04 -9.846636094152927399e-04 -9.999995231628417969e-01
-2.631022334098815918e-01 9.647674560546875000e-01 -1.024850062094628811e-03 2.696404699236154556e-04 -9.887424530461430550e-04 -9.999995231628417969e-01
-1.590637266635894775e-01 9.872677922248840332e-01 -1.053289161063730717e-03 1.675401872489601374e-04 -1.039879047311842442e-03 -9.999994635581970215e-01
-1.531051588244736195e-03 9.999988675117492676e-01 0.000000000000000000e+00 -9.999988675117492676e-01 -1.531051588244736195e-03 0.000000000000000000e+00
-1.531452406197786331e-03 9.999988675117492676e-01 0.000000000000000000e+00 -9.999988675117492676e-01 -1.531452406197786331e-03 0.000000000000000000e+00
-1.531557762064039707e-03 9.999988675117492676e-01 0.000000000000000000e+00 -9.999988675117492676e-01 -1.531557762064039707e-03 0.000000000000000000e+00
-1.534664887003600597e-03 9.999988079071044922e-01 0.000000000000000000e+00 -9.999988079071044922e-01 -1.534664887003600597e-03 0.000000000000000000e+00
-1.539556891657412052e-03 9.999988079071044922e-01 -0.000000000000000000e+00 -9.999988079071044922e-01 -1.539556891657412052e-03 0.000000000000000000e+00
-1.543111749924719334e-03 9.999988079071044922e-01 0.000000000000000000e+00 -9.999988079071044922e-01 -1.543111749924719334e-03 0.000000000000000000e+00
-1.545932260341942310e-03 9.999988079071044922e-01 -0.000000000000000000e+00 -9.999988079071044922e-01 -1.545932260341942310e-03 0.000000000000000000e+00
-1.551096444018185139e-03 9.999988079071044922e-01 0.000000000000000000e+00 -9.999988079071044922e-01 -1.551096444018185139e-03 0.000000000000000000e+00
-1.558024785481393337e-03 9.999988079071044922e-01 -0.000000000000000000e+00 -9.999988079071044922e-01 -1.558024785481393337e-03 0.000000000000000000e+00
-1.569002517499029636e-03 9.999988079071044922e-01 0.000000000000000000e+00 -9.999988079071044922e-01 -1.569002517499029636e-03 0.000000000000000000e+00
-1.570614636875689030e-03 9.999988079071044922e-01 -0.000000000000000000e+00 -9.999988079071044922e-01 -1.570614636875689030e-03 0.000000000000000000e+00
-1.572525245137512684e-03 9.999988079071044922e-01 0.000000000000000000e+00 -9.999988079071044922e-01 -1.572525245137512684e-03 0.000000000000000000e+00
-1.572463777847588062e-03 9.999988079071044922e-01 -0.000000000000000000e+00 -9.999988079071044922e-01 -1.572463777847588062e-03 0.000000000000000000e+00
-1.578549388796091080e-03 9.999987483024597168e-01 0.000000000000000000e+00 -9.999987483024597168e-01 -1.578549388796091080e-03 0.000000000000000000e+00
-1.584266428835690022e-03 9.999987483024597168e-01 -0.000000000000000000e+00 -9.999987483024597168e-01 -1.584266428835690022e-03 0.000000000000000000e+00
-1.584954094141721725e-03 9.999987483024597168e-01 0.000000000000000000e+00 -9.999987483024597168e-01 -1.584954094141721725e-03 0.000000000000000000e+00
-1.585667952895164490e-03 9.999987483024597168e-01 -0.000000000000000000e+00 -9.999987483024597168e-01 -1.585667952895164490e-03 0.000000000000000000e+00
-1.589120482094585896e-03 9.999987483024597168e-01 0.000000000000000000e+00 -9.999987483024597168e-01 -1.589120482094585896e-03 0.000000000000000000e+00
-1.589661696925759315e-03 9.999987483024597168e-01 -0.000000000000000000e+00 -9.999987483024597168e-01 -1.589661696925759315e-03 0.000000000000000000e+00
-1.591902924701571465e-03 9.999987483024597168e-01 0.000000000000000000e+00 -9.999987483024597168e-01 -1.591902924701571465e-03 0.000000000000000000e+00
-1.588617218658328056e-03 9.999987483024597168e-01 -0.000000000000000000e+00 -9.999987483024597168e-01 -1.588617218658328056e-03 0.000000000000000000e+00
-1.576387207023799419e-03 9.999987483024597168e-01 0.000000000000000000e+00 -9.999987483024597168e-01 -1.576387207023799419e-03 0.000000000000000000e+00
-1.574169378727674484e-03 9.999987483024597168e-01 -0.000000000000000000e+00 -9.999987483024597168e-01 -1.574169378727674484e-03 0.000000000000000000e+00
-1.574143068864941597e-03 9.999987483024597168e-01 0.000000000000000000e+00 -9.999987483024597168e-01 -1.574143068864941597e-03 0.000000000000000000e+00
-1.572560286149382591e-03 9.999988079071044922e-01 -0.000000000000000000e+00 -9.999988079071044922e-01 -1.572560286149382591e-03 0.000000000000000000e+00
-1.571928383782505989e-03 9.999988079071044922e-01 0.000000000000000000e+00 -9.999988079071044922e-01 -1.571928383782505989e-03 0.000000000000000000e+00
-1.568791805766522884e-03 9.999988079071044922e-01 -0.000000000000000000e+00 -9.999988079071044922e-01 -1.568791805766522884e-03 0.000000000000000000e+00
-1.566375140100717545e-03 9.999988079071044922e-01 0.000000000000000000e+00 -9.999988079071044922e-01 -1.566375140100717545e-03 0.000000000000000000e+00
-1.571559696458280087e-03 9.999988079071044922e-01 -0.000000000000000000e+00 -9.999988079071044922e-01 -1.571559696458280087e-03 0.000000000000000000e+00
-1.564467558637261391e-03 9.999988079071044922e-01 -0.000000000000000000e+00 -9.999988079071044922e-01 -1.564467558637261391e-03 0.000000000000000000e+00
-1.558329095132648945e-03 9.999988079071044922e-01 -0.000000000000000000e+00 -9.999988079071044922e-01 -1.558329095132648945e-03 0.000000000000000000e+00
-1.553738373331725597e-03 9.999988079071044922e-01 0.000000000000000000e+00 -9.999988079071044922e-01 -1.553738373331725597e-03 0.000000000000000000e+00
-1.516530523076653481e-03 9.999988675117492676e-01 -0.000000000000000000e+00 -9.999988675117492676e-01 -1.516530523076653481e-03 0.000000000000000000e+00
-1.516469172202050686e-03 9.999988675117492676e-01 0.000000000000000000e+00 -9.999988675117492676e-01 -1.516469172202050686e-03 0.000000000000000000e+00
-1.513467170298099518e-03 9.999988675117492676e-01 -0.000000000000000000e+00 -9.999988675117492676e-01 -1.513467170298099518e-03 0.000000000000000000e+00
-1.507583307102322578e-03 9.999988675117492676e-01 0.000000000000000000e+00 -9.999988675117492676e-01 -1.507583307102322578e-03 0.000000000000000000e+00
-1.503258943557739258e-03 9.999988675117492676e-01 -0.000000000000000000e+00 -9.999988675117492676e-01 -1.503258943557739258e-03 0.000000000000000000e+00
-1.495950273238122463e-03 9.999988675117492676e-01 0.000000000000000000e+00 -9.999988675117492676e-01 -1.495950273238122463e-03 0.000000000000000000e+00
-1.501980354078114033e-03 9.999988675117492676e-01 -0.000000000000000000e+00 -9.999988675117492676e-01 -1.501980354078114033e-03 0.000000000000000000e+00
-1.493548275902867317e-03 9.999989271163940430e-01 0.000000000000000000e+00 -9.999989271163940430e-01 -1.493548275902867317e-03 0.000000000000000000e+00
-1.494911615736782551e-03 9.999989271163940430e-01 -0.000000000000000000e+00 -9.999989271163940430e-01 -1.494911615736782551e-03 0.000000000000000000e+00
-1.483661704696714878e-03 9.999989271163940430e-01 0.000000000000000000e+00 -9.999989271163940430e-01 -1.483661704696714878e-03 0.000000000000000000e+00
-1.470925519242882729e-03 9.999989271163940430e-01 -0.000000000000000000e+00 -9.999989271163940430e-01 -1.470925519242882729e-03 0.000000000000000000e+00
-1.467481837607920170e-03 9.999989271163940430e-01 0.000000000000000000e+00 -9.999989271163940430e-01 -1.467481837607920170e-03 0.000000000000000000e+00
-1.458066632039844990e-03 9.999989271163940430e-01 -0.000000000000000000e+00 -9.999989271163940430e-01 -1.458066632039844990e-03 0.000000000000000000e+00
-1.451550866477191448e-03 9.999989867210388184e-01 0.000000000000000000e+00 -9.999989867210388184e-01 -1.451550866477191448e-03 0.000000000000000000e+00
-1.448367605917155743e-03 9.999989867210388184e-01 -0.000000000000000000e+00 -9.999989867210388184e-01 -1.448367605917155743e-03 0.000000000000000000e+00
-1.444821478798985481e-03 9.999989867210388184e-01 0.000000000000000000e+00 -9.999989867210388184e-01 -1.444821478798985481e-03 0.000000000000000000e+00
-1.442088629119098186e-03 9.999989867210388184e-01 -0.000000000000000000e+00 -9.999989867210388184e-01 -1.442088629119098186e-03 0.000000000000000000e+00
-1.433793921023607254e-03 9.999989867210388184e-01 0.000000000000000000e+00 -9.999989867210388184e-01 -1.433793921023607254e-03 0.000000000000000000e+00
-1.419319771230220795e-03 9.999989867210388184e-01 -0.000000000000000000e+00 -9.999989867210388184e-01 -1.419319771230220795e-03 0.000000000000000000e+00
-1.402455265633761883e-03 9.999990463256835938e-01 0.000000000000000000e+00 -9.999990463256835938e-01 -1.402455265633761883e-03 0.000000000000000000e+00
-1.398642896674573421e-03 9.999990463256835938e-01 -0.000000000000000000e+00 -9.999990463256835938e-01 -1.398642896674573421e-03 0.000000000000000000e+00
-1.395436120219528675e-03 9.999990463256835938e-01 0.000000000000000000e+00 -9.999990463256835938e-01 -1.395436120219528675e-03 0.000000000000000000e+00
-1.393870799802243710e-03 9.999990463256835938e-01 -0.000000000000000000e+00 -9.999990463256835938e-01 -1.393870799802243710e-03 0.000000000000000000e+00
-1.400547567754983902e-03 9.999990463256835938e-01 0.000000000000000000e+00 -9.999990463256835938e-01 -1.400547567754983902e-03 0.000000000000000000e+00
-1.398394233547151089e-03 9.999990463256835938e-01 -0.000000000000000000e+00 -9.999990463256835938e-01 -1.398394233547151089e-03 0.000000000000000000e+00
-1.382322516292333603e-03 9.999990463256835938e-01 0.000000000000000000e+00 -9.999990463256835938e-01 -1.382322516292333603e-03 0.000000000000000000e+00
-1.382284564897418022e-03 9.999990463256835938e-01 0.000000000000000000e+00 -9.999990463256835938e-01 -1.382284564897418022e-03 0.000000000000000000e+00
-1.371023012325167656e-03 9.999990463256835938e-01 0.000000000000000000e+00 -9.999990463256835938e-01 -1.371023012325167656e-03 0.000000000000000000e+00
-1.391667639836668968e-03 9.999990463256835938e-01 0.000000000000000000e+00 -9.999990463256835938e-01 -1.391667639836668968e-03 0.000000000000000000e+00
-1.380098983645439148e-03 9.999990463256835938e-01 0.000000000000000000e+00 -9.999990463256835938e-01 -1.380098983645439148e-03 0.000000000000000000e+00
-1.379794673994183540e-03 9.999990463256835938e-01 0.000000000000000000e+00 -9.999990463256835938e-01 -1.379794673994183540e-03 0.000000000000000000e+00
-1.370824058540165424e-03 9.999990463256835938e-01 0.000000000000000000e+00 -9.999990463256835938e-01 -1.370824058540165424e-03 0.000000000000000000e+00
-1.381263369694352150e-03 9.999990463256835938e-01 0.000000000000000000e+00 -9.999990463256835938e-01 -1.381263369694352150e-03 0.000000000000000000e+00
-1.381918787956237793e-03 9.999990463256835938e-01 0.000000000000000000e+00 -9.999990463256835938e-01 -1.381918787956237793e-03 0.000000000000000000e+00
-1.385321607813239098e-03 9.999990463256835938e-01 0.000000000000000000e+00 -9.999990463256835938e-01 -1.385321607813239098e-03 0.000000000000000000e+00
-1.381871988996863365e-03 9.999990463256835938e-01 0.000000000000000000e+00 -9.999990463256835938e-01 -1.381871988996863365e-03 0.000000000000000000e+00
-1.382682472467422485e-03 9.999990463256835938e-01 0.000000000000000000e+00 -9.999990463256835938e-01 -1.382682472467422485e-03 0.000000000000000000e+00
-1.376090571284294128e-03 9.999990463256835938e-01 0.000000000000000000e+00 -9.999990463256835938e-01 -1.376090571284294128e-03 0.000000000000000000e+00
-1.378384418785572052e-03 9.999990463256835938e-01 0.000000000000000000e+00 -9.999990463256835938e-01 -1.378384418785572052e-03 0.000000000000000000e+00
-1.370686572045087814e-03 9.999990463256835938e-01 0.000000000000000000e+00 -9.999990463256835938e-01 -1.370686572045087814e-03 0.000000000000000000e+00
-1.374525250867009163e-03 9.999990463256835938e-01 0.000000000000000000e+00 -9.999990463256835938e-01 -1.374525250867009163e-03 0.000000000000000000e+00
-1.374814892187714577e-03 9.999990463256835938e-01 0.000000000000000000e+00 -9.999990463256835938e-01 -1.374814892187714577e-03 0.000000000000000000e+00
-1.380921108648180962e-03 9.999990463256835938e-01 0.000000000000000000e+00 -9.999990463256835938e-01 -1.380921108648180962e-03 0.000000000000000000e+00
-1.378703280352056026e-03 9.999990463256835938e-01 0.000000000000000000e+00 -9.999990463256835938e-01 -1.378703280352056026e-03 0.000000000000000000e+00
-1.384598901495337486e-03 9.999990463256835938e-01 0.000000000000000000e+00 -9.999990463256835938e-01 -1.384598901495337486e-03 0.000000000000000000e+00
-1.384397037327289581e-03 9.999990463256835938e-01 0.000000000000000000e+00 -9.999990463256835938e-01 -1.384397037327289581e-03 0.000000000000000000e+00
-1.392302569001913071e-03 9.999990463256835938e-01 0.000000000000000000e+00 -9.999990463256835938e-01 -1.392302569001913071e-03 0.000000000000000000e+00
-1.396208535879850388e-03 9.999990463256835938e-01 0.000000000000000000e+00 -9.999990463256835938e-01 -1.396208535879850388e-03 0.000000000000000000e+00
-1.408804440870881081e-03 9.999990463256835938e-01 0.000000000000000000e+00 -9.999990463256835938e-01 -1.408804440870881081e-03 0.000000000000000000e+00
-1.407800824381411076e-03 9.999990463256835938e-01 0.000000000000000000e+00 -9.999990463256835938e-01 -1.407800824381411076e-03 0.000000000000000000e+00
-1.419407548382878304e-03 9.999989867210388184e-01 0.000000000000000000e+00 -9.999989867210388184e-01 -1.419407548382878304e-03 0.000000000000000000e+00
-1.419492415152490139e-03 9.999989867210388184e-01 0.000000000000000000e+00 -9.999989867210388184e-01 -1.419492415152490139e-03 0.000000000000000000e+00
-1.428366405889391899e-03 9.999989867210388184e-01 0.000000000000000000e+00 -9.999989867210388184e-01 -1.428366405889391899e-03 0.000000000000000000e+00
-1.429785508662462234e-03 9.999989867210388184e-01 0.000000000000000000e+00 -9.999989867210388184e-01 -1.429785508662462234e-03 0.000000000000000000e+00
-1.434496138244867325e-03 9.999989867210388184e-01 0.000000000000000000e+00 -9.999989867210388184e-01 -1.434496138244867325e-03 0.000000000000000000e+00
-1.444487948901951313e-03 9.999989867210388184e-01 0.000000000000000000e+00 -9.999989867210388184e-01 -1.444487948901951313e-03 0.000000000000000000e+00
-1.445236965082585812e-03 9.999989867210388184e-01 0.000000000000000000e+00 -9.999989867210388184e-01 -1.445236965082585812e-03 0.000000000000000000e+00
-1.450752140954136848e-03 9.999989867210388184e-01 0.000000000000000000e+00 -9.999989867210388184e-01 -1.450752140954136848e-03 0.000000000000000000e+00
-1.459719729609787464e-03 9.999989271163940430e-01 0.000000000000000000e+00 -9.999989271163940430e-01 -1.459719729609787464e-03 0.000000000000000000e+00
-1.465699984692037106e-03 9.999989271163940430e-01 0.000000000000000000e+00 -9.999989271163940430e-01 -1.465699984692037106e-03 0.000000000000000000e+00
-1.471428782679140568e-03 9.999989271163940430e-01 0.000000000000000000e+00 -9.999989271163940430e-01 -1.471428782679140568e-03 0.000000000000000000e+00
-1.479720580391585827e-03 9.999989271163940430e-01 0.000000000000000000e+00 -9.999989271163940430e-01 -1.479720580391585827e-03 0.000000000000000000e+00
-1.487807719968259335e-03 9.999989271163940430e-01 0.000000000000000000e+00 -9.999989271163940430e-01 -1.487807719968259335e-03 0.000000000000000000e+00
-1.499025267548859119e-03 9.999988675117492676e-01 0.000000000000000000e+00 -9.999988675117492676e-01 -1.499025267548859119e-03 0.000000000000000000e+00
-1.493407762609422207e-03 9.999989271163940430e-01 0.000000000000000000e+00 -9.999989271163940430e-01 -1.493407762609422207e-03 0.000000000000000000e+00
-1.498925848864018917e-03 9.999988675117492676e-01 0.000000000000000000e+00 -9.999988675117492676e-01 -1.498925848864018917e-03 0.000000000000000000e+00
-1.500116661190986633e-03 9.999988675117492676e-01 0.000000000000000000e+00 -9.999988675117492676e-01 -1.500116661190986633e-03 0.000000000000000000e+00
-1.506114611402153969e-03 9.999988675117492676e-01 0.000000000000000000e+00 -9.999988675117492676e-01 -1.506114611402153969e-03 0.000000000000000000e+00
-1.506486209109425545e-03 9.999988675117492676e-01 0.000000000000000000e+00 -9.999988675117492676e-01 -1.506486209109425545e-03 0.000000000000000000e+00
-1.507015782408416271e-03 9.999988675117492676e-01 0.000000000000000000e+00 -9.999988675117492676e-01 -1.507015782408416271e-03 0.000000000000000000e+00
-1.508765388280153275e-03 9.999988675117492676e-01 0.000000000000000000e+00 -9.999988675117492676e-01 -1.508765388280153275e-03 0.000000000000000000e+00
-1.509382738731801510e-03 9.999988675117492676e-01 0.000000000000000000e+00 -9.999988675117492676e-01 -1.509382738731801510e-03 0.000000000000000000e+00
-1.512106740847229958e-03 9.999988675117492676e-01 0.000000000000000000e+00 -9.999988675117492676e-01 -1.512106740847229958e-03 0.000000000000000000e+00
-1.516805612482130527e-03 9.999988675117492676e-01 0.000000000000000000e+00 -9.999988675117492676e-01 -1.516805612482130527e-03 0.000000000000000000e+00
-1.517817960120737553e-03 9.999988675117492676e-01 0.000000000000000000e+00 -9.999988675117492676e-01 -1.517817960120737553e-03 0.000000000000000000e+00
-1.519538345746695995e-03 9.999988675117492676e-01 0.000000000000000000e+00 -9.999988675117492676e-01 -1.519538345746695995e-03 0.000000000000000000e+00
-1.517554628662765026e-03 9.999988675117492676e-01 0.000000000000000000e+00 -9.999988675117492676e-01 -1.517554628662765026e-03 0.000000000000000000e+00
-1.524444902315735817e-03 9.999988675117492676e-01 0.000000000000000000e+00 -9.999988675117492676e-01 -1.524444902315735817e-03 0.000000000000000000e+00
-1.526499050669372082e-03 9.999988675117492676e-01 0.000000000000000000e+00 -9.999988675117492676e-01 -1.526499050669372082e-03 0.000000000000000000e+00
-1.532312599010765553e-03 9.999988675117492676e-01 0.000000000000000000e+00 -9.999988675117492676e-01 -1.532312599010765553e-03 0.000000000000000000e+00
-1.529667642898857594e-03 9.999988675117492676e-01 0.000000000000000000e+00 -9.999988675117492676e-01 -1.529667642898857594e-03 0.000000000000000000e+00
-1.535103772766888142e-03 9.999988079071044922e-01 0.000000000000000000e+00 -9.999988079071044922e-01 -1.535103772766888142e-03 0.000000000000000000e+00
5.322212725877761841e-02 9.985821843147277832e-01 -1.039660535752773285e-03 -5.533297735382802784e-05 -1.038187067024409771e-03 -9.999994635581970215e-01
5.322212725877761841e-02 9.985821843147277832e-01 -1.038162503391504288e-03 -5.525324741029180586e-05 -1.036691130138933659e-03 -9.999994635581970215e-01
-5.322212725877761841e-02 9.985821843147277832e-01 -1.044616918079555035e-03 5.559676719713024795e-05 -1.043136348016560078e-03 -9.999994635581970215e-01
-5.322212725877761841e-02 9.985821843147277832e-01 -1.041974872350692749e-03 5.545615204027853906e-05 -1.040498143993318081e-03 -9.999994635581970215e-01
-1.590637266635894775e-01 9.872677922248840332e-01 -1.035128487274050713e-03 1.646514865569770336e-04 -1.021949574351310730e-03 -9.999994635581970215e-01
1.590637266635894775e-01 9.872677922248840332e-01 -1.050623715855181217e-03 -1.671162171987816691e-04 -1.037247478961944580e-03 -9.999994635581970215e-01
1.590637266635894775e-01 9.872677922248840332e-01 -1.055884291417896748e-03 -1.679529814282432199e-04 -1.042441115714609623e-03 -9.999994635581970215e-01
2.631022334098815918e-01 9.647673964500427246e-01 -1.072032144293189049e-03 -2.820541849359869957e-04 -1.034262240864336491e-03 -9.999994635581970215e-01
2.631022334098815918e-01 9.647673964500427246e-01 -1.074369880370795727e-03 -2.826692361850291491e-04 -1.036517554894089699e-03 -9.999994635581970215e-01
3.641604483127593994e-01 9.313356280326843262e-01 -1.094142557121813297e-03 -3.984436625614762306e-04 -1.019014511257410049e-03 -9.999994039535522461e-01
3.641604483127593994e-01 9.313356280326843262e-01 -1.096805091947317123e-03 -3.994132566731423140e-04 -1.021494274027645588e-03 -9.999994039535522461e-01
4.610922932624816895e-01 8.873515129089355469e-01 -1.110272714868187904e-03 -5.119384732097387314e-04 -9.852027287706732750e-04 -9.999994039535522461e-01
4.610922932624816895e-01 8.873515129089355469e-01 -1.111571793444454670e-03 -5.125374882481992245e-04 -9.863554732874035835e-04 -9.999994039535522461e-01
5.527998208999633789e-01 8.333133459091186523e-01 -1.124205533415079117e-03 -6.214610766619443893e-04 -9.368161554448306561e-04 -9.999994039535522461e-01
5.527998208999633789e-01 8.333133459091186523e-01 -1.125645008869469166e-03 -6.222568335942924023e-04 -9.380156989209353924e-04 -9.999994039535522461e-01
6.382436156272888184e-01 7.698336243629455566e-01 -1.141494256444275379e-03 -7.285518804565072060e-04 -8.787612314336001873e-04 -9.999993443489074707e-01
6.382436156272888184e-01 7.698336243629455566e-01 -1.142272609286010265e-03 -7.290486828424036503e-04 -8.793604210950434208e-04 -9.999993443489074707e-01
7.164562940597534180e-01 6.976311206817626953e-01 -1.150637632235884666e-03 -8.243819465860724449e-04 -8.027210133150219917e-04 -9.999993443489074707e-01
7.164562940597534180e-01 6.976311206817626953e-01 -1.150494324974715710e-03 -8.242792682722210884e-04 -8.026210707612335682e-04 -9.999993443489074707e-01
7.865509986877441406e-01 6.175242066383361816e-01 -1.161226187832653522e-03 -9.133642306551337242e-04 -7.170857861638069153e-04 -9.999993443489074707e-01
7.865509986877441406e-01 6.175242066383361816e-01 -1.160693587735295296e-03 -9.129453101195394993e-04 -7.167568546719849110e-04 -9.999993443489074707e-01
8.477340340614318848e-01 5.304203033447265625e-01 -1.167399692349135876e-03 -9.896450210362672806e-04 -6.192129221744835377e-04 -9.999993443489074707e-01
8.477340340614318848e-01 5.304203033447265625e-01 -1.167744863778352737e-03 -9.899376891553401947e-04 -6.193959852680563927e-04 -9.999993443489074707e-01
8.993114233016967773e-01 4.373072087764739990e-01 -1.166287809610366821e-03 -1.048856647685170174e-03 -5.100264097563922405e-04 -9.999993443489074707e-01
8.993114233016967773e-01 4.373072087764739990e-01 -1.164941932074725628e-03 -1.047646277584135532e-03 -5.094378720968961716e-04 -9.999993443489074707e-01
9.406995773315429688e-01 3.392387032508850098e-01 -1.160655519925057888e-03 -1.091829151846468449e-03 -3.937395813409239054e-04 -9.999993443489074707e-01
9.406995773315429688e-01 3.392387032508850098e-01 -1.161240623332560062e-03 -1.092379447072744370e-03 -3.939380694646388292e-04 -9.999993443489074707e-01
9.714292883872985840e-01 2.373265922069549561e-01 -1.150014461018145084e-03 -1.117158331908285618e-03 -2.729291445575654507e-04 -9.999993443489074707e-01
9.714292883872985840e-01 2.373265922069549561e-01 -1.148428651504218578e-03 -1.115617807954549789e-03 -2.725527738220989704e-04 -9.999993443489074707e-01
9.911522269248962402e-01 1.327252686023712158e-01 -1.142108696512877941e-03 -1.132004428654909134e-03 -1.515868061687797308e-04 -9.999994039535522461e-01
9.911522269248962402e-01 1.327252686023712158e-01 -1.136675477027893066e-03 -1.126619288697838783e-03 -1.508656714577227831e-04 -9.999994039535522461e-01
9.996449947357177734e-01 2.662051282823085785e-02 -1.128093921579420567e-03 -1.127694267779588699e-03 -3.003046003868803382e-05 -9.999994039535522461e-01
9.996449947357177734e-01 2.662051282823085785e-02 -1.122104818932712078e-03 -1.121707260608673096e-03 -2.987102561746723950e-05 -9.999994039535522461e-01
9.968114495277404785e-01 -7.978594303131103516e-02 -1.109298435039818287e-03 -1.105762086808681488e-03 8.850647282088175416e-05 -9.999994039535522461e-01
9.968114495277404785e-01 -7.978594303131103516e-02 -1.107896910980343819e-03 -1.104364986531436443e-03 8.839464862830936909e-05 -9.999994039535522461e-01
9.826835393905639648e-01 -1.852887868881225586e-01 -1.100313267670571804e-03 -1.081260154023766518e-03 2.038757811533287168e-04 -9.999994039535522461e-01
9.826835393905639648e-01 -1.852887868881225586e-01 -1.099479384720325470e-03 -1.080440822988748550e-03 2.037212834693491459e-04 -9.999994039535522461e-01
9.574214816093444824e-01 -2.886917293071746826e-01 -1.098970184102654457e-03 -1.052178326062858105e-03 3.172637952957302332e-04 -9.999994039535522461e-01
9.574214816093444824e-01 -2.886917293071746826e-01 -1.092992722988128662e-03 -1.046455348841845989e-03 3.155381418764591217e-04 -9.999994039535522461e-01
9.213114976882934570e-01 -3.888238370418548584e-01 -1.090233679860830307e-03 -1.004445366561412811e-03 4.239091067574918270e-04 -9.999994039535522461e-01
9.213114976882934570e-01 -3.888238370418548584e-01 -1.090365345589816570e-03 -1.004566671326756477e-03 4.239603003952652216e-04 -9.999994039535522461e-01
8.747626543045043945e-01 -4.845504760742187500e-01 -1.090069767087697983e-03 -9.535528952255845070e-04 5.281941266730427742e-04 -9.999994039535522461e-01
8.747626543045043945e-01 -4.845504760742187500e-01 -1.088527846150100231e-03 -9.522041073068976402e-04 5.274470313452184200e-04 -9.999994039535522461e-01
8.183021545410156250e-01 -5.747873187065124512e-01 -1.092050573788583279e-03 -8.936278754845261574e-04 6.276972126215696335e-04 -9.999994039535522461e-01
8.183021545410156250e-01 -5.747873187065124512e-01 -1.091172802262008190e-03 -8.929095929488539696e-04 6.271926686167716980e-04 -9.999994039535522461e-01
7.525706291198730469e-01 -6.585105657577514648e-01 -1.105687930248677731e-03 -8.321087807416915894e-04 7.281076395884156227e-04 -9.999994039535522461e-01
7.525706291198730469e-01 -6.585105657577514648e-01 -1.106416457332670689e-03 -8.326570386998355389e-04 7.285873871296644211e-04 -9.999994039535522461e-01
6.783111095428466797e-01 -7.347739934921264648e-01 -1.112885423935949802e-03 -7.548829889856278896e-04 8.177197305485606194e-04 -9.999994039535522461e-01
6.783111095428466797e-01 -7.347739934921264648e-01 -1.115887425839900970e-03 -7.569193257950246334e-04 8.199255098588764668e-04 -9.999994039535522461e-01
5.963670611381530762e-01 -8.027111291885375977e-01 -1.123880851082503796e-03 -6.702458485960960388e-04 9.021520963869988918e-04 -9.999993443489074707e-01
5.963670611381530762e-01 -8.027111291885375977e-01 -1.125598326325416565e-03 -6.712700705975294113e-04 9.035307448357343674e-04 -9.999993443489074707e-01
5.076655745506286621e-01 -8.615534901618957520e-01 -1.141125685535371304e-03 -5.793106392957270145e-04 9.831414790824055672e-04 -9.999993443489074707e-01
5.076655745506286621e-01 -8.615534901618957520e-01 -1.144534209743142128e-03 -5.810410366393625736e-04 9.860780555754899979e-04 -9.999993443489074707e-01
4.132120907306671143e-01 -9.106341004371643066e-01 -1.156094251200556755e-03 -4.777124268002808094e-04 1.052779494784772396e-03 -9.999993443489074707e-01
4.132120907306671143e-01 -9.106341004371643066e-01 -1.158976112492382526e-03 -4.789032391272485256e-04 1.055403845384716988e-03 -9.999993443489074707e-01
3.140761256217956543e-01 -9.493971467018127441e-01 -1.165331108495593071e-03 -3.660029324237257242e-04 1.106362673453986645e-03 -9.999993443489074707e-01
3.140761256217956543e-01 -9.493971467018127441e-01 -1.165968948043882847e-03 -3.662032540887594223e-04 1.106968265958130360e-03 -9.999993443489074707e-01
2.113828808069229126e-01 -9.774026274681091309e-01 -1.179802347905933857e-03 -2.493901702109724283e-04 1.153142657130956650e-03 -9.999993443489074707e-01
2.113828808069229126e-01 -9.774026274681091309e-01 -1.182617037557065487e-03 -2.499851689208298922e-04 1.155893784016370773e-03 -9.999993443489074707e-01
1.062930673360824585e-01 -9.943341612815856934e-01 -1.206819317303597927e-03 -1.282766170334070921e-04 1.199982594698667526e-03 -9.999992847442626953e-01
1.062930673360824585e-01 -9.943341612815856934e-01 -1.206734450533986092e-03 -1.282675948459655046e-04 1.199898193590342999e-03 -9.999992847442626953e-01
0.000000000000000000e+00 1.103414571844041348e-03 -9.999994039535522461e-01 0.000000000000000000e+00 9.999994039535522461e-01 1.103414571844041348e-03
0.000000000000000000e+00 1.103765680454671383e-03 -9.999994039535522461e-01 -0.000000000000000000e+00 9.999994039535522461e-01 1.103765680454671383e-03
-1.062930673360824585e-01 -9.943341612815856934e-01 -1.177730737254023552e-03 1.251847133971750736e-04 1.171058858744800091e-03 -9.999993443489074707e-01
-1.062930673360824585e-01 -9.943341612815856934e-01 -1.176244462840259075e-03 1.250267378054559231e-04 1.169580966234207153e-03 -9.999993443489074707e-01
-2.113828808069229126e-01 -9.774026274681091309e-01 -1.177988364361226559e-03 2.490067272447049618e-04 1.151369651779532433e-03 -9.999993443489074707e-01
-2.113828808069229126e-01 -9.774026274681091309e-01 -1.182587817311286926e-03 2.499789698049426079e-04 1.155865262262523174e-03 -9.999993443489074707e-01
-3.140760958194732666e-01 -9.493970870971679688e-01 -1.183904241770505905e-03 3.718363295774906874e-04 1.123996102251112461e-03 -9.999993443489074707e-01
-3.140760958194732666e-01 -9.493970870971679688e-01 -1.188465626910328865e-03 3.732689656317234039e-04 1.128326752223074436e-03 -9.999993443489074707e-01
-4.132120609283447266e-01 -9.106340408325195312e-01 -1.210976974107325077e-03 5.003906553611159325e-04 1.102757640182971954e-03 -9.999992847442626953e-01
-4.132120609283447266e-01 -9.106340408325195312e-01 -1.215830910950899124e-03 5.023963749408721924e-04 1.107177813537418842e-03 -9.999992847442626953e-01
-5.076655149459838867e-01 -8.615533709526062012e-01 -1.223525847308337688e-03 6.211424479261040688e-04 1.054133754223585129e-03 -9.999992847442626953e-01
-5.076655149459838867e-01 -8.615533709526062012e-01 -1.229049870744347572e-03 6.239467766135931015e-04 1.058892812579870224e-03 -9.999992251396179199e-01
-5.963669419288635254e-01 -8.027110099792480469e-01 -1.222569146193563938e-03 7.291004876606166363e-04 9.813705692067742348e-04 -9.999992847442626953e-01
-5.963669419288635254e-01 -8.027110099792480469e-01 -1.223002094775438309e-03 7.293586386367678642e-04 9.817180689424276352e-04 -9.999992847442626953e-01
-6.783110499382019043e-01 -7.347738742828369141e-01 -1.199086429551243782e-03 8.133541559800505638e-04 8.810580475255846977e-04 -9.999992847442626953e-01
-6.783110499382019043e-01 -7.347738742828369141e-01 -1.200207043439149857e-03 8.141142898239195347e-04 8.818813948892056942e-04 -9.999992847442626953e-01
-7.525706291198730469e-01 -6.585105657577514648e-01 -1.176019315607845783e-03 8.850381127558648586e-04 7.744216127321124077e-04 -9.999993443489074707e-01
-7.525706291198730469e-01 -6.585105657577514648e-01 -1.173207536339759827e-03 8.829220896586775780e-04 7.725700270384550095e-04 -9.999993443489074707e-01
-8.183021545410156250e-01 -5.747873187065124512e-01 -1.113532111048698425e-03 9.112062398344278336e-04 6.400445126928389072e-04 -9.999994039535522461e-01
-8.183021545410156250e-01 -5.747873187065124512e-01 -1.112704048864543438e-03 9.105286444537341595e-04 6.395685486495494843e-04 -9.999994039535522461e-01
-8.747626543045043945e-01 -4.845504760742187500e-01 -1.071110367774963379e-03 9.369679028168320656e-04 5.190073861740529537e-04 -9.999994039535522461e-01
-8.747627139091491699e-01 -4.845505058765411377e-01 -1.063222298398613930e-03 9.300677338615059853e-04 5.151851801201701164e-04 -9.999994635581970215e-01
-9.213115572929382324e-01 -3.888238668441772461e-01 -1.009641564451158047e-03 9.301949176006019115e-04 3.925729542970657349e-04 -9.999994635581970215e-01
-9.213116168975830078e-01 -3.888238966464996338e-01 -1.004252233542501926e-03 9.252296877093613148e-04 3.904774494003504515e-04 -9.999995231628417969e-01
-9.574216008186340332e-01 -2.886917591094970703e-01 -9.890905348584055901e-04 9.469771175645291805e-04 2.855424245353788137e-04 -9.999995231628417969e-01
-9.574216008186340332e-01 -2.886917591094970703e-01 -9.837714023888111115e-04 9.418844711035490036e-04 2.840068482328206301e-04 -9.999995231628417969e-01
-9.826836585998535156e-01 -1.852888017892837524e-01 -9.379849652759730816e-04 9.217428741976618767e-04 1.737981801852583885e-04 -9.999995827674865723e-01
-9.826836585998535156e-01 -1.852888017892837524e-01 -9.319957462139427662e-04 9.158573811873793602e-04 1.726884511299431324e-04 -9.999995827674865723e-01
-9.968116283416748047e-01 -7.978595793247222900e-02 -8.905074209906160831e-04 8.876685751602053642e-04 7.105002441676333547e-05 -9.999996423721313477e-01
-9.968116283416748047e-01 -7.978595793247222900e-02 -8.868150180205702782e-04 8.839879301376640797e-04 7.075542089296504855e-05 -9.999996423721313477e-01
-9.996452927589416504e-01 2.662052027881145477e-02 -8.573840023018419743e-04 8.570802165195345879e-04 -2.282401692355051637e-05 -9.999996423721313477e-01
-9.996452927589416504e-01 2.662052027881145477e-02 -8.521964773535728455e-04 8.518944960087537766e-04 -2.268592106702271849e-05 -9.999996423721313477e-01
-9.911525249481201172e-01 1.327253133058547974e-01 -8.457362418994307518e-04 8.382539381273090839e-04 -1.122506437241099775e-04 -9.999996423721313477e-01
-9.911525249481201172e-01 1.327253133058547974e-01 -8.456133655272424221e-04 8.381321094930171967e-04 -1.122343383030965924e-04 -9.999996423721313477e-01
-9.714295268058776855e-01 2.373266369104385376e-01 -8.561200229451060295e-04 8.316605817526578903e-04 -2.031801559496670961e-04 -9.999996423721313477e-01
-9.714295268058776855e-01 2.373266369104385376e-01 -8.600026485510170460e-04 8.354322635568678379e-04 -2.041016123257577419e-04 -9.999996423721313477e-01
-9.406999349594116211e-01 3.392388224601745605e-01 -8.543001604266464710e-04 8.036404033191502094e-04 -2.898118691518902779e-04 -9.999996423721313477e-01
-9.406999349594116211e-01 3.392388224601745605e-01 -8.533083018846809864e-04 8.027073927223682404e-04 -2.894753997679799795e-04 -9.999996423721313477e-01
-8.993117213249206543e-01 4.373073577880859375e-01 -8.816333720460534096e-04 7.928634877316653728e-04 -3.855449031107127666e-04 -9.999996423721313477e-01
-8.993117213249206543e-01 4.373073577880859375e-01 -8.852028986439108849e-04 7.960735820233821869e-04 -3.871058579534292221e-04 -9.999995827674865723e-01
-8.477342128753662109e-01 5.304204225540161133e-01 -8.984568994492292404e-04 7.616529474034905434e-04 -4.765600897371768951e-04 -9.999995827674865723e-01
-8.477342128753662109e-01 5.304204225540161133e-01 -9.001421858556568623e-04 7.630816544406116009e-04 -4.774540138896554708e-04 -9.999995827674865723e-01
-7.865511775016784668e-01 6.175243854522705078e-01 -9.161845664493739605e-04 7.206263835541903973e-04 -5.657665315084159374e-04 -9.999995827674865723e-01
-7.865511775016784668e-01 6.175243854522705078e-01 -9.205850074067711830e-04 7.240875274874269962e-04 -5.684838979505002499e-04 -9.999995827674865723e-01
-7.164564132690429688e-01 6.976312398910522461e-01 -9.310360765084624290e-04 6.670470465905964375e-04 -6.495201378129422665e-04 -9.999995827674865723e-01
-7.164564132690429688e-01 6.976312398910522461e-01 -9.348865132778882980e-04 6.698057404719293118e-04 -6.522063049487769604e-04 -9.999995827674865723e-01
-6.382437348365783691e-01 7.698337435722351074e-01 -9.556189761497080326e-04 6.099181482568383217e-04 -7.356681162491440773e-04 -9.999995827674865723e-01
-6.382437348365783691e-01 7.698337435722351074e-01 -9.574299911037087440e-04 6.110740359872579575e-04 -7.370623061433434486e-04 -9.999995827674865723e-01
-5.527999401092529297e-01 8.333134651184082031e-01 -9.750844910740852356e-04 5.390268634073436260e-04 -8.125514141283929348e-04 -9.999995231628417969e-01
-5.527999401092529297e-01 8.333134651184082031e-01 -9.787009330466389656e-04 5.410260637290775776e-04 -8.155650575645267963e-04 -9.999995231628417969e-01
-4.610923528671264648e-01 8.873516321182250977e-01 -9.909484069794416428e-04 4.569189331959933043e-04 -8.793200831860303879e-04 -9.999995231628417969e-01
-4.610923528671264648e-01 8.873516321182250977e-01 -9.919870644807815552e-04 4.573978658299893141e-04 -8.802417432889342308e-04 -9.999995231628417969e-01
-3.641604781150817871e-01 9.313357472419738770e-01 -1.003807527013123035e-03 3.655471955426037312e-04 -9.348822641186416149e-04 -9.999995231628417969e-01
-3.641604781150817871e-01 9.313357472419738770e-01 -1.005264581181108952e-03 3.660778165794909000e-04 -9.362392593175172806e-04 -9.999995231628417969e-01
-2.631022334098815918e-01 9.647674560546875000e-01 -1.015121815726161003e-03 2.670809335540980101e-04 -9.793569333851337433e-04 -9.999995231628417969e-01
-2.631022334098815918e-01 9.647674560546875000e-01 -1.018027076497673988e-03 2.678453165572136641e-04 -9.821598650887608528e-04 -9.999995231628417969e-01
-1.590637266635894775e-01 9.872677922248840332e-01 -1.031324849463999271e-03 1.640464761294424534e-04 -1.018194481730461121e-03 -9.999995231628417969e-01
-1.317413174547255039e-03 -9.999991655349731445e-01 0.000000000000000000e+00 -9.999991655349731445e-01 1.317413174547255039e-03 0.000000000000000000e+00
-1.314261928200721741e-03 -9.999991655349731445e-01 0.000000000000000000e+00 -9.999991655349731445e-01 1.314261928200721741e-03 0.000000000000000000e+00
-1.321696559898555279e-03 -9.999991655349731445e-01 0.000000000000000000e+00 -9.999991655349731445e-01 1.321696559898555279e-03 0.000000000000000000e+00
-1.302854041568934917e-03 -9.999991655349731445e-01 0.000000000000000000e+00 -9.999991655349731445e-01 1.302854041568934917e-03 0.000000000000000000e+00
-1.307588070631027222e-03 -9.999991655349731445e-01 -0.000000000000000000e+00 -9.999991655349731445e-01 1.307588070631027222e-03 0.000000000000000000e+00
-1.296472852118313313e-03 -9.999991655349731445e-01 0.000000000000000000e+00 -9.999991655349731445e-01 1.296472852118313313e-03 0.000000000000000000e+00
-1.303269527852535248e-03 -9.999991655349731445e-01 -0.000000000000000000e+00 -9.999991655349731445e-01 1.303269527852535248e-03 0.000000000000000000e+00
-1.286135870032012463e-03 -9.999991655349731445e-01 0.000000000000000000e+00 -9.999991655349731445e-01 1.286135870032012463e-03 0.000000000000000000e+00
-1.291513559408485889e-03 -9.999991655349731445e-01 -0.000000000000000000e+00 -9.999991655349731445e-01 1.291513559408485889e-03 0.000000000000000000e+00
-1.268721302039921284e-03 -9.999992251396179199e-01 0.000000000000000000e+00 -9.999992251396179199e-01 1.268721302039921284e-03 0.000000000000000000e+00
-1.270040869712829590e-03 -9.999992251396179199e-01 -0.000000000000000000e+00 -9.999992251396179199e-01 1.270040869712829590e-03 0.000000000000000000e+00
-1.262562349438667297e-03 -9.999992251396179199e-01 0.000000000000000000e+00 -9.999992251396179199e-01 1.262562349438667297e-03 0.000000000000000000e+00
-1.263419631868600845e-03 -9.999992251396179199e-01 -0.000000000000000000e+00 -9.999992251396179199e-01 1.263419631868600845e-03 0.000000000000000000e+00
-1.259098178707063198e-03 -9.999992251396179199e-01 0.000000000000000000e+00 -9.999992251396179199e-01 1.259098178707063198e-03 0.000000000000000000e+00
-1.256956486031413078e-03 -9.999992251396179199e-01 0.000000000000000000e+00 -9.999992251396179199e-01 1.256956486031413078e-03 0.000000000000000000e+00
-1.265900791622698307e-03 -9.999992251396179199e-01 -0.000000000000000000e+00 -9.999992251396179199e-01 1.265900791622698307e-03 0.000000000000000000e+00
-1.260839053429663181e-03 -9.999992251396179199e-01 0.000000000000000000e+00 -9.999992251396179199e-01 1.260839053429663181e-03 0.000000000000000000e+00
-1.271834480576217175e-03 -9.999992251396179199e-01 -0.000000000000000000e+00 -9.999992251396179199e-01 1.271834480576217175e-03 0.000000000000000000e+00
-1.266845734789967537e-03 -9.999992251396179199e-01 0.000000000000000000e+00 -9.999992251396179199e-01 1.266845734789967537e-03 0.000000000000000000e+00
-1.272583496756851673e-03 -9.999992251396179199e-01 -0.000000000000000000e+00 -9.999992251396179199e-01 1.272583496756851673e-03 0.000000000000000000e+00
-1.265476457774639130e-03 -9.999992251396179199e-01 0.000000000000000000e+00 -9.999992251396179199e-01 1.265476457774639130e-03 0.000000000000000000e+00
-1.276638708077371120e-03 -9.999992251396179199e-01 -0.000000000000000000e+00 -9.999992251396179199e-01 1.276638708077371120e-03 0.000000000000000000e+00
-1.265040482394397259e-03 -9.999992251396179199e-01 0.000000000000000000e+00 -9.999992251396179199e-01 1.265040482394397259e-03 0.000000000000000000e+00
-1.274619833566248417e-03 -9.999992251396179199e-01 -0.000000000000000000e+00 -9.999992251396179199e-01 1.274619833566248417e-03 0.000000000000000000e+00
-1.278525800444185734e-03 -9.999992251396179199e-01 0.000000000000000000e+00 -9.999992251396179199e-01 1.278525800444185734e-03 0.000000000000000000e+00
-1.287221326492726803e-03 -9.999991655349731445e-01 -0.000000000000000000e+00 -9.999991655349731445e-01 1.287221326492726803e-03 0.000000000000000000e+00
-1.288397470489144325e-03 -9.999991655349731445e-01 0.000000000000000000e+00 -9.999991655349731445e-01 1.288397470489144325e-03 0.000000000000000000e+00
-1.294459798373281956e-03 -9.999991655349731445e-01 -0.000000000000000000e+00 -9.999991655349731445e-01 1.294459798373281956e-03 0.000000000000000000e+00
-1.285612117499113083e-03 -9.999991655349731445e-01 -0.000000000000000000e+00 -9.999991655349731445e-01 1.285612117499113083e-03 0.000000000000000000e+00
-1.294887042604386806e-03 -9.999991655349731445e-01 -0.000000000000000000e+00 -9.999991655349731445e-01 1.294887042604386806e-03 0.000000000000000000e+00
-1.301481854170560837e-03 -9.999991655349731445e-01 -0.000000000000000000e+00 -9.999991655349731445e-01 1.301481854170560837e-03 0.000000000000000000e+00
-1.296844333410263062e-03 -9.999991655349731445e-01 -0.000000000000000000e+00 -9.999991655349731445e-01 1.296844333410263062e-03 0.000000000000000000e+00
-1.305367331951856613e-03 -9.999991655349731445e-01 -0.000000000000000000e+00 -9.999991655349731445e-01 1.305367331951856613e-03 0.000000000000000000e+00
-1.317500951699912548e-03 -9.999991655349731445e-01 -0.000000000000000000e+00 -9.999991655349731445e-01 1.317500951699912548e-03 0.000000000000000000e+00
-1.332630286924540997e-03 -9.999991059303283691e-01 -0.000000000000000000e+00 -9.999991059303283691e-01 1.332630286924540997e-03 0.000000000000000000e+00
-1.339704962447285652e-03 -9.999991059303283691e-01 -0.000000000000000000e+00 -9.999991059303283691e-01 1.339704962447285652e-03 0.000000000000000000e+00
-1.344336546026170254e-03 -9.999991059303283691e-01 -0.000000000000000000e+00 -9.999991059303283691e-01 1.344336546026170254e-03 0.000000000000000000e+00
-1.338022644631564617e-03 -9.999991059303283691e-01 -0.000000000000000000e+00 -9.999991059303283691e-01 1.338022644631564617e-03 0.000000000000000000e+00
-1.337964087724685669e-03 -9.999991059303283691e-01 -0.000000000000000000e+00 -9.999991059303283691e-01 1.337964087724685669e-03 0.000000000000000000e+00
-1.330520724877715111e-03 -9.999991059303283691e-01 -0.000000000000000000e+00 -9.999991059303283691e-01 1.330520724877715111e-03 0.000000000000000000e+00
-1.337326248176395893e-03 -9.999991059303283691e-01 -0.000000000000000000e+00 -9.999991059303283691e-01 1.337326248176395893e-03 0.000000000000000000e+00
-1.337326248176395893e-03 -9.999991059303283691e-01 -0.000000000000000000e+00 -9.999991059303283691e-01 1.337326248176395893e-03 0.000000000000000000e+00
-1.338596106506884098e-03 -9.999991059303283691e-01 -0.000000000000000000e+00 -9.999991059303283691e-01 1.338596106506884098e-03 0.000000000000000000e+00
-1.341085997410118580e-03 -9.999991059303283691e-01 -0.000000000000000000e+00 -9.999991059303283691e-01 1.341085997410118580e-03 0.000000000000000000e+00
-1.338397152721881866e-03 -9.999991059303283691e-01 -0.000000000000000000e+00 -9.999991059303283691e-01 1.338397152721881866e-03 0.000000000000000000e+00
-1.351256039924919605e-03 -9.999991059303283691e-01 -0.000000000000000000e+00 -9.999991059303283691e-01 1.351256039924919605e-03 0.000000000000000000e+00
-1.356984837912023067e-03 -9.999991059303283691e-01 -0.000000000000000000e+00 -9.999991059303283691e-01 1.356984837912023067e-03 0.000000000000000000e+00
-1.366236479952931404e-03 -9.999991059303283691e-01 -0.000000000000000000e+00 -9.999991059303283691e-01 1.366236479952931404e-03 0.000000000000000000e+00
-1.361926668323576450e-03 -9.999991059303283691e-01 -0.000000000000000000e+00 -9.999991059303283691e-01 1.361926668323576450e-03 0.000000000000000000e+00
-1.371219055727124214e-03 -9.999990463256835938e-01 -0.000000000000000000e+00 -9.999990463256835938e-01 1.371219055727124214e-03 0.000000000000000000e+00
-1.364928553812205791e-03 -9.999991059303283691e-01 -0.000000000000000000e+00 -9.999991059303283691e-01 1.364928553812205791e-03 0.000000000000000000e+00
-1.374804647639393806e-03 -9.999990463256835938e-01 -0.000000000000000000e+00 -9.999990463256835938e-01 1.374804647639393806e-03 0.000000000000000000e+00
-1.365358708426356316e-03 -9.999991059303283691e-01 -0.000000000000000000e+00 -9.999991059303283691e-01 1.365358708426356316e-03 0.000000000000000000e+00
-1.376026193611323833e-03 -9.999990463256835938e-01 -0.000000000000000000e+00 -9.999990463256835938e-01 1.376026193611323833e-03 0.000000000000000000e+00
-1.374140498228371143e-03 -9.999990463256835938e-01 -0.000000000000000000e+00 -9.999990463256835938e-01 1.374140498228371143e-03 0.000000000000000000e+00
-1.381591078825294971e-03 -9.999990463256835938e-01 -0.000000000000000000e+00 -9.999990463256835938e-01 1.381591078825294971e-03 0.000000000000000000e+00
-1.374809071421623230e-03 -9.999990463256835938e-01 -0.000000000000000000e+00 -9.999990463256835938e-01 1.374809071421623230e-03 0.000000000000000000e+00
-1.390067278407514095e-03 -9.999990463256835938e-01 0.000000000000000000e+00 -9.999990463256835938e-01 1.390067278407514095e-03 0.000000000000000000e+00
-1.406197552569210529e-03 -9.999990463256835938e-01 0.000000000000000000e+00 -9.999990463256835938e-01 1.406197552569210529e-03 0.000000000000000000e+00
-1.408918527886271477e-03 -9.999990463256835938e-01 0.000000000000000000e+00 -9.999990463256835938e-01 1.408918527886271477e-03 0.000000000000000000e+00
-1.413002959452569485e-03 -9.999990463256835938e-01 0.000000000000000000e+00 -9.999990463256835938e-01 1.413002959452569485e-03 0.000000000000000000e+00
-1.394046354107558727e-03 -9.999990463256835938e-01 0.000000000000000000e+00 -9.999990463256835938e-01 1.394046354107558727e-03 0.000000000000000000e+00
-1.403488218784332275e-03 -9.999990463256835938e-01 0.000000000000000000e+00 -9.999990463256835938e-01 1.403488218784332275e-03 0.000000000000000000e+00
-1.398500986397266388e-03 -9.999990463256835938e-01 0.000000000000000000e+00 -9.999990463256835938e-01 1.398500986397266388e-03 0.000000000000000000e+00
-1.409518299624323845e-03 -9.999990463256835938e-01 0.000000000000000000e+00 -9.999990463256835938e-01 1.409518299624323845e-03 0.000000000000000000e+00
-1.406589522957801819e-03 -9.999990463256835938e-01 0.000000000000000000e+00 -9.999990463256835938e-01 1.406589522957801819e-03 0.000000000000000000e+00
-1.414925209246575832e-03 -9.999989867210388184e-01 0.000000000000000000e+00 -9.999989867210388184e-01 1.414925209246575832e-03 0.000000000000000000e+00
-1.411168486811220646e-03 -9.999990463256835938e-01 0.000000000000000000e+00 -9.999990463256835938e-01 1.411168486811220646e-03 0.000000000000000000e+00
-1.426157425157725811e-03 -9.999989867210388184e-01 0.000000000000000000e+00 -9.999989867210388184e-01 1.426157425157725811e-03 0.000000000000000000e+00
-1.428248011507093906e-03 -9.999989867210388184e-01 0.000000000000000000e+00 -9.999989867210388184e-01 1.428248011507093906e-03 0.000000000000000000e+00
-1.428316696546971798e-03 -9.999989867210388184e-01 0.000000000000000000e+00 -9.999989867210388184e-01 1.428316696546971798e-03 0.000000000000000000e+00
-1.426117960363626480e-03 -9.999989867210388184e-01 0.000000000000000000e+00 -9.999989867210388184e-01 1.426117960363626480e-03 0.000000000000000000e+00
-1.426767441444098949e-03 -9.999989867210388184e-01 0.000000000000000000e+00 -9.999989867210388184e-01 1.426767441444098949e-03 0.000000000000000000e+00
-1.429599709808826447e-03 -9.999989867210388184e-01 0.000000000000000000e+00 -9.999989867210388184e-01 1.429599709808826447e-03 0.000000000000000000e+00
-1.437238999642431736e-03 -9.999989867210388184e-01 0.000000000000000000e+00 -9.999989867210388184e-01 1.437238999642431736e-03 0.000000000000000000e+00
-1.439927844330668449e-03 -9.999989867210388184e-01 0.000000000000000000e+00 -9.999989867210388184e-01 1.439927844330668449e-03 0.000000000000000000e+00
-1.438530860468745232e-03 -9.999989867210388184e-01 0.000000000000000000e+00 -9.999989867210388184e-01 1.438530860468745232e-03 0.000000000000000000e+00
-1.443286775611341000e-03 -9.999989867210388184e-01 0.000000000000000000e+00 -9.999989867210388184e-01 1.443286775611341000e-03 0.000000000000000000e+00
-1.450724317692220211e-03 -9.999989867210388184e-01 0.000000000000000000e+00 -9.999989867210388184e-01 1.450724317692220211e-03 0.000000000000000000e+00
-1.448570983484387398e-03 -9.999989867210388184e-01 0.000000000000000000e+00 -9.999989867210388184e-01 1.448570983484387398e-03 0.000000000000000000e+00
-1.452348195016384125e-03 -9.999989867210388184e-01 0.000000000000000000e+00 -9.999989867210388184e-01 1.452348195016384125e-03 0.000000000000000000e+00
-1.451198360882699490e-03 -9.999989867210388184e-01 0.000000000000000000e+00 -9.999989867210388184e-01 1.451198360882699490e-03 0.000000000000000000e+00
-1.456368132494390011e-03 -9.999989271163940430e-01 0.000000000000000000e+00 -9.999989271163940430e-01 1.456368132494390011e-03 0.000000000000000000e+00
-1.457199105061590672e-03 -9.999989271163940430e-01 0.000000000000000000e+00 -9.999989271163940430e-01 1.457199105061590672e-03 0.000000000000000000e+00
-1.457349746488034725e-03 -9.999989271163940430e-01 0.000000000000000000e+00 -9.999989271163940430e-01 1.457349746488034725e-03 0.000000000000000000e+00
-1.455668942071497440e-03 -9.999989271163940430e-01 0.000000000000000000e+00 -9.999989271163940430e-01 1.455668942071497440e-03 0.000000000000000000e+00
-1.454222132451832294e-03 -9.999989867210388184e-01 0.000000000000000000e+00 -9.999989867210388184e-01 1.454222132451832294e-03 0.000000000000000000e+00
-1.453550648875534534e-03 -9.999989867210388184e-01 0.000000000000000000e+00 -9.999989867210388184e-01 1.453550648875534534e-03 0.000000000000000000e+00
-1.451237825676798820e-03 -9.999989867210388184e-01 0.000000000000000000e+00 -9.999989867210388184e-01 1.451237825676798820e-03 0.000000000000000000e+00
-1.450518029741942883e-03 -9.999989867210388184e-01 0.000000000000000000e+00 -9.999989867210388184e-01 1.450518029741942883e-03 0.000000000000000000e+00
-1.446563866920769215e-03 -9.999989867210388184e-01 0.000000000000000000e+00 -9.999989867210388184e-01 1.446563866920769215e-03 0.000000000000000000e+00
-1.438235281966626644e-03 -9.999989867210388184e-01 0.000000000000000000e+00 -9.999989867210388184e-01 1.438235281966626644e-03 0.000000000000000000e+00
-1.433735364116728306e-03 -9.999989867210388184e-01 0.000000000000000000e+00 -9.999989867210388184e-01 1.433735364116728306e-03 0.000000000000000000e+00
-1.419208594597876072e-03 -9.999989867210388184e-01 0.000000000000000000e+00 -9.999989867210388184e-01 1.419208594597876072e-03 0.000000000000000000e+00
-1.415972597897052765e-03 -9.999989867210388184e-01 0.000000000000000000e+00 -9.999989867210388184e-01 1.415972597897052765e-03 0.000000000000000000e+00
-1.410548225976526737e-03 -9.999990463256835938e-01 0.000000000000000000e+00 -9.999990463256835938e-01 1.410548225976526737e-03 0.000000000000000000e+00
-1.402013469487428665e-03 -9.999990463256835938e-01 0.000000000000000000e+00 -9.999990463256835938e-01 1.402013469487428665e-03 0.000000000000000000e+00
-1.397329149767756462e-03 -9.999990463256835938e-01 0.000000000000000000e+00 -9.999990463256835938e-01 1.397329149767756462e-03 0.000000000000000000e+00
-1.391120604239404202e-03 -9.999990463256835938e-01 0.000000000000000000e+00 -9.999990463256835938e-01 1.391120604239404202e-03 0.000000000000000000e+00
-1.390029210597276688e-03 -9.999990463256835938e-01 0.000000000000000000e+00 -9.999990463256835938e-01 1.390029210597276688e-03 0.000000000000000000e+00
-1.378287794068455696e-03 -9.999990463256835938e-01 0.000000000000000000e+00 -9.999990463256835938e-01 1.378287794068455696e-03 0.000000000000000000e+00
-1.384408678859472275e-03 -9.999990463256835938e-01 0.000000000000000000e+00 -9.999990463256835938e-01 1.384408678859472275e-03 0.000000000000000000e+00
-1.371306832879781723e-03 -9.999990463256835938e-01 0.000000000000000000e+00 -9.999990463256835938e-01 1.371306832879781723e-03 0.000000000000000000e+00
-1.374677405692636967e-03 -9.999990463256835938e-01 0.000000000000000000e+00 -9.999990463256835938e-01 1.374677405692636967e-03 0.000000000000000000e+00
-1.366338809020817280e-03 -9.999991059303283691e-01 0.000000000000000000e+00 -9.999991059303283691e-01 1.366338809020817280e-03 0.000000000000000000e+00
-1.374346786178648472e-03 -9.999990463256835938e-01 0.000000000000000000e+00 -9.999990463256835938e-01 1.374346786178648472e-03 0.000000000000000000e+00
-1.362330396659672260e-03 -9.999991059303283691e-01 0.000000000000000000e+00 -9.999991059303283691e-01 1.362330396659672260e-03 0.000000000000000000e+00
-1.360428635962307453e-03 -9.999991059303283691e-01 0.000000000000000000e+00 -9.999991059303283691e-01 1.360428635962307453e-03 0.000000000000000000e+00
-1.335997949354350567e-03 -9.999991059303283691e-01 0.000000000000000000e+00 -9.999991059303283691e-01 1.335997949354350567e-03 0.000000000000000000e+00
-1.329584512859582901e-03 -9.999991059303283691e-01 0.000000000000000000e+00 -9.999991059303283691e-01 1.329584512859582901e-03 0.000000000000000000e+00
-1.481751096434891224e-03 9.999989271163940430e-01 0.000000000000000000e+00 -9.999989271163940430e-01 -1.481751096434891224e-03 0.000000000000000000e+00
-1.477394602261483669e-03 9.999989271163940430e-01 0.000000000000000000e+00 -9.999989271163940430e-01 -1.477394602261483669e-03 0.000000000000000000e+00
-1.468567294068634510e-03 9.999989271163940430e-01 0.000000000000000000e+00 -9.999989271163940430e-01 -1.468567294068634510e-03 0.000000000000000000e+00
-1.486725173890590668e-03 9.999989271163940430e-01 0.000000000000000000e+00 -9.999989271163940430e-01 -1.486725173890590668e-03 0.000000000000000000e+00
-1.489089219830930233e-03 9.999989271163940430e-01 -0.000000000000000000e+00 -9.999989271163940430e-01 -1.489089219830930233e-03 0.000000000000000000e+00
-1.500853919424116611e-03 9.999988675117492676e-01 0.000000000000000000e+00 -9.999988675117492676e-01 -1.500853919424116611e-03 0.000000000000000000e+00
-1.505096442997455597e-03 9.999988675117492676e-01 -0.000000000000000000e+00 -9.999988675117492676e-01 -1.505096442997455597e-03 0.000000000000000000e+00
-1.511255279183387756e-03 9.999988675117492676e-01 0.000000000000000000e+00 -9.999988675117492676e-01 -1.511255279183387756e-03 0.000000000000000000e+00
-1.514374162070453167e-03 9.999988675117492676e-01 -0.000000000000000000e+00 -9.999988675117492676e-01 -1.514374162070453167e-03 0.000000000000000000e+00
-1.516472082585096359e-03 9.999988675117492676e-01 0.000000000000000000e+00 -9.999988675117492676e-01 -1.516472082585096359e-03 0.000000000000000000e+00
-1.518312375992536545e-03 9.999988675117492676e-01 -0.000000000000000000e+00 -9.999988675117492676e-01 -1.518312375992536545e-03 0.000000000000000000e+00
-1.528421300463378429e-03 9.999988675117492676e-01 0.000000000000000000e+00 -9.999988675117492676e-01 -1.528421300463378429e-03 0.000000000000000000e+00
-1.527142710983753204e-03 9.999988675117492676e-01 -0.000000000000000000e+00 -9.999988675117492676e-01 -1.527142710983753204e-03 0.000000000000000000e+00
-1.530402107164263725e-03 9.999988675117492676e-01 0.000000000000000000e+00 -9.999988675117492676e-01 -1.530402107164263725e-03 0.000000000000000000e+00
-1.526791602373123169e-03 9.999988675117492676e-01 0.000000000000000000e+00 -9.999988675117492676e-01 -1.526791602373123169e-03 0.000000000000000000e+00
-1.520717400126159191e-03 9.999988675117492676e-01 -0.000000000000000000e+00 -9.999988675117492676e-01 -1.520717400126159191e-03 0.000000000000000000e+00
-1.524029532447457314e-03 9.999988675117492676e-01 0.000000000000000000e+00 -9.999988675117492676e-01 -1.524029532447457314e-03 0.000000000000000000e+00
-1.513130730018019676e-03 9.999988675117492676e-01 -0.000000000000000000e+00 -9.999988675117492676e-01 -1.513130730018019676e-03 0.000000000000000000e+00
-1.514005591161549091e-03 9.999988675117492676e-01 0.000000000000000000e+00 -9.999988675117492676e-01 -1.514005591161549091e-03 0.000000000000000000e+00
-1.508376211859285831e-03 9.999988675117492676e-01 -0.000000000000000000e+00 -9.999988675117492676e-01 -1.508376211859285831e-03 0.000000000000000000e+00
-1.511667855083942413e-03 9.999988675117492676e-01 0.000000000000000000e+00 -9.999988675117492676e-01 -1.511667855083942413e-03 0.000000000000000000e+00
-1.515784417279064655e-03 9.999988675117492676e-01 -0.000000000000000000e+00 -9.999988675117492676e-01 -1.515784417279064655e-03 0.000000000000000000e+00
-1.519655343145132065e-03 9.999988675117492676e-01 0.000000000000000000e+00 -9.999988675117492676e-01 -1.519655343145132065e-03 0.000000000000000000e+00
-1.520789111964404583e-03 9.999988675117492676e-01 -0.000000000000000000e+00 -9.999988675117492676e-01 -1.520789111964404583e-03 0.000000000000000000e+00
-1.521440106444060802e-03 9.999988675117492676e-01 0.000000000000000000e+00 -9.999988675117492676e-01 -1.521440106444060802e-03 0.000000000000000000e+00
-1.519642188213765621e-03 9.999988675117492676e-01 -0.000000000000000000e+00 -9.999988675117492676e-01 -1.519642188213765621e-03 0.000000000000000000e+00
-1.513797789812088013e-03 9.999988675117492676e-01 0.000000000000000000e+00 -9.999988675117492676e-01 -1.513797789812088013e-03 0.000000000000000000e+00
-1.499279867857694626e-03 9.999988675117492676e-01 -0.000000000000000000e+00 -9.999988675117492676e-01 -1.499279867857694626e-03 0.000000000000000000e+00
-1.502117840573191643e-03 9.999988675117492676e-01 -0.000000000000000000e+00 -9.999988675117492676e-01 -1.502117840573191643e-03 0.000000000000000000e+00
-1.502741128206253052e-03 9.999988675117492676e-01 -0.000000000000000000e+00 -9.999988675117492676e-01 -1.502741128206253052e-03 0.000000000000000000e+00
-1.499889884144067764e-03 9.999988675117492676e-01 0.000000000000000000e+00 -9.999988675117492676e-01 -1.499889884144067764e-03 0.000000000000000000e+00
-1.494869240559637547e-03 9.999989271163940430e-01 -0.000000000000000000e+00 -9.999989271163940430e-01 -1.494869240559637547e-03 0.000000000000000000e+00
-1.484786742366850376e-03 9.999989271163940430e-01 0.000000000000000000e+00 -9.999989271163940430e-01 -1.484786742366850376e-03 0.000000000000000000e+00
-1.475671306252479553e-03 9.999989271163940430e-01 -0.000000000000000000e+00 -9.999989271163940430e-01 -1.475671306252479553e-03 0.000000000000000000e+00
-1.462092623114585876e-03 9.999989271163940430e-01 0.000000000000000000e+00 -9.999989271163940430e-01 -1.462092623114585876e-03 0.000000000000000000e+00
-1.461309962905943394e-03 9.999989271163940430e-01 -0.000000000000000000e+00 -9.999989271163940430e-01 -1.461309962905943394e-03 0.000000000000000000e+00
-1.455898629501461983e-03 9.999989271163940430e-01 0.000000000000000000e+00 -9.999989271163940430e-01 -1.455898629501461983e-03 0.000000000000000000e+00
-1.458604936487972736e-03 9.999989271163940430e-01 -0.000000000000000000e+00 -9.999989271163940430e-01 -1.458604936487972736e-03 0.000000000000000000e+00
-1.445084810256958008e-03 9.999989867210388184e-01 0.000000000000000000e+00 -9.999989867210388184e-01 -1.445084810256958008e-03 0.000000000000000000e+00
-1.450791605748236179e-03 9.999989867210388184e-01 -0.000000000000000000e+00 -9.999989867210388184e-01 -1.450791605748236179e-03 0.000000000000000000e+00
-1.448061782866716385e-03 9.999989867210388184e-01 0.000000000000000000e+00 -9.999989867210388184e-01 -1.448061782866716385e-03 0.000000000000000000e+00
-1.445392030291259289e-03 9.999989867210388184e-01 -0.000000000000000000e+00 -9.999989867210388184e-01 -1.445392030291259289e-03 0.000000000000000000e+00
-1.439989311620593071e-03 9.999989867210388184e-01 -0.000000000000000000e+00 -9.999989867210388184e-01 -1.439989311620593071e-03 0.000000000000000000e+00
-1.438448904082179070e-03 9.999989867210388184e-01 0.000000000000000000e+00 -9.999989867210388184e-01 -1.438448904082179070e-03 0.000000000000000000e+00
-1.430160016752779484e-03 9.999989867210388184e-01 -0.000000000000000000e+00 -9.999989867210388184e-01 -1.430160016752779484e-03 0.000000000000000000e+00
-1.431985758244991302e-03 9.999989867210388184e-01 0.000000000000000000e+00 -9.999989867210388184e-01 -1.431985758244991302e-03 0.000000000000000000e+00
-1.429855707101523876e-03 9.999989867210388184e-01 -0.000000000000000000e+00 -9.999989867210388184e-01 -1.429855707101523876e-03 0.000000000000000000e+00
-1.430505188181996346e-03 9.999989867210388184e-01 0.000000000000000000e+00 -9.999989867210388184e-01 -1.430505188181996346e-03 0.000000000000000000e+00
-1.428173389285802841e-03 9.999989867210388184e-01 -0.000000000000000000e+00 -9.999989867210388184e-01 -1.428173389285802841e-03 0.000000000000000000e+00
-1.428800984285771847e-03 9.999989867210388184e-01 0.000000000000000000e+00 -9.999989867210388184e-01 -1.428800984285771847e-03 0.000000000000000000e+00
-1.424744259566068649e-03 9.999989867210388184e-01 -0.000000000000000000e+00 -9.999989867210388184e-01 -1.424744259566068649e-03 0.000000000000000000e+00
-1.424704794771969318e-03 9.999989867210388184e-01 0.000000000000000000e+00 -9.999989867210388184e-01 -1.424704794771969318e-03 0.000000000000000000e+00
-1.424635993316769600e-03 9.999989867210388184e-01 -0.000000000000000000e+00 -9.999989867210388184e-01 -1.424635993316769600e-03 0.000000000000000000e+00
-1.419205684214830399e-03 9.999989867210388184e-01 0.000000000000000000e+00 -9.999989867210388184e-01 -1.419205684214830399e-03 0.000000000000000000e+00
-1.411657081916928291e-03 9.999990463256835938e-01 -0.000000000000000000e+00 -9.999990463256835938e-01 -1.411657081916928291e-03 0.000000000000000000e+00
-1.397668616846203804e-03 9.999990463256835938e-01 0.000000000000000000e+00 -9.999990463256835938e-01 -1.397668616846203804e-03 0.000000000000000000e+00
-1.394031802192330360e-03 9.999990463256835938e-01 0.000000000000000000e+00 -9.999990463256835938e-01 -1.394031802192330360e-03 0.000000000000000000e+00
-1.384473056532442570e-03 9.999990463256835938e-01 0.000000000000000000e+00 -9.999990463256835938e-01 -1.384473056532442570e-03 0.000000000000000000e+00
-1.388835487887263298e-03 9.999990463256835938e-01 0.000000000000000000e+00 -9.999990463256835938e-01 -1.388835487887263298e-03 0.000000000000000000e+00
-1.379809225909411907e-03 9.999990463256835938e-01 0.000000000000000000e+00 -9.999990463256835938e-01 -1.379809225909411907e-03 0.000000000000000000e+00
-1.375081134028732777e-03 9.999990463256835938e-01 0.000000000000000000e+00 -9.999990463256835938e-01 -1.375081134028732777e-03 0.000000000000000000e+00
-1.361408852972090244e-03 9.999991059303283691e-01 0.000000000000000000e+00 -9.999991059303283691e-01 -1.361408852972090244e-03 0.000000000000000000e+00
-1.357891829684376717e-03 9.999991059303283691e-01 0.000000000000000000e+00 -9.999991059303283691e-01 -1.357891829684376717e-03 0.000000000000000000e+00
-1.350583042949438095e-03 9.999991059303283691e-01 0.000000000000000000e+00 -9.999991059303283691e-01 -1.350583042949438095e-03 0.000000000000000000e+00
-1.347086858004331589e-03 9.999991059303283691e-01 0.000000000000000000e+00 -9.999991059303283691e-01 -1.347086858004331589e-03 0.000000000000000000e+00
-1.337127294391393661e-03 9.999991059303283691e-01 0.000000000000000000e+00 -9.999991059303283691e-01 -1.337127294391393661e-03 0.000000000000000000e+00
-1.343362266197800636e-03 9.999991059303283691e-01 0.000000000000000000e+00 -9.999991059303283691e-01 -1.343362266197800636e-03 0.000000000000000000e+00
-1.336275832727551460e-03 9.999991059303283691e-01 0.000000000000000000e+00 -9.999991059303283691e-01 -1.336275832727551460e-03 0.000000000000000000e+00
-1.340012182481586933e-03 9.999991059303283691e-01 0.000000000000000000e+00 -9.999991059303283691e-01 -1.340012182481586933e-03 0.000000000000000000e+00
-1.333862077444791794e-03 9.999991059303283691e-01 0.000000000000000000e+00 -9.999991059303283691e-01 -1.333862077444791794e-03 0.000000000000000000e+00
-1.332302577793598175e-03 9.999991059303283691e-01 0.000000000000000000e+00 -9.999991059303283691e-01 -1.332302577793598175e-03 0.000000000000000000e+00
-1.342911622487008572e-03 9.999991059303283691e-01 0.000000000000000000e+00 -9.999991059303283691e-01 -1.342911622487008572e-03 0.000000000000000000e+00
-1.335649751126766205e-03 9.999991059303283691e-01 0.000000000000000000e+00 -9.999991059303283691e-01 -1.335649751126766205e-03 0.000000000000000000e+00
-1.340939663350582123e-03 9.999991059303283691e-01 0.000000000000000000e+00 -9.999991059303283691e-01 -1.340939663350582123e-03 0.000000000000000000e+00
-1.342440606094896793e-03 9.999991059303283691e-01 0.000000000000000000e+00 -9.999991059303283691e-01 -1.342440606094896793e-03 0.000000000000000000e+00
-1.350548001937568188e-03 9.999991059303283691e-01 0.000000000000000000e+00 -9.999991059303283691e-01 -1.350548001937568188e-03 0.000000000000000000e+00
-1.346364151686429977e-03 9.999991059303283691e-01 0.000000000000000000e+00 -9.999991059303283691e-01 -1.346364151686429977e-03 0.000000000000000000e+00
-1.358020585030317307e-03 9.999991059303283691e-01 0.000000000000000000e+00 -9.999991059303283691e-01 -1.358020585030317307e-03 0.000000000000000000e+00
-1.359395799227058887e-03 9.999991059303283691e-01 0.000000000000000000e+00 -9.999991059303283691e-01 -1.359395799227058887e-03 0.000000000000000000e+00
-1.366877229884266853e-03 9.999991059303283691e-01 0.000000000000000000e+00 -9.999991059303283691e-01 -1.366877229884266853e-03 0.000000000000000000e+00
-1.362482551485300064e-03 9.999991059303283691e-01 0.000000000000000000e+00 -9.999991059303283691e-01 -1.362482551485300064e-03 0.000000000000000000e+00
-1.371400430798530579e-03 9.999990463256835938e-01 0.000000000000000000e+00 -9.999990463256835938e-01 -1.371400430798530579e-03 0.000000000000000000e+00
-1.363509567454457283e-03 9.999991059303283691e-01 0.000000000000000000e+00 -9.999991059303283691e-01 -1.363509567454457283e-03 0.000000000000000000e+00
-1.368615194223821163e-03 9.999991059303283691e-01 0.000000000000000000e+00 -9.999991059303283691e-01 -1.368615194223821163e-03 0.000000000000000000e+00
-1.379598630592226982e-03 9.999990463256835938e-01 0.000000000000000000e+00 -9.999990463256835938e-01 -1.379598630592226982e-03 0.000000000000000000e+00
-1.378302462399005890e-03 9.999990463256835938e-01 0.000000000000000000e+00 -9.999990463256835938e-01 -1.378302462399005890e-03 0.000000000000000000e+00
-1.385479583404958248e-03 9.999990463256835938e-01 0.000000000000000000e+00 -9.999990463256835938e-01 -1.385479583404958248e-03 0.000000000000000000e+00
-1.383390510454773903e-03 9.999990463256835938e-01 0.000000000000000000e+00 -9.999990463256835938e-01 -1.383390510454773903e-03 0.000000000000000000e+00
-1.393630984239280224e-03 9.999990463256835938e-01 0.000000000000000000e+00 -9.999990463256835938e-01 -1.393630984239280224e-03 0.000000000000000000e+00
-1.399307046085596085e-03 9.999990463256835938e-01 0.000000000000000000e+00 -9.999990463256835938e-01 -1.399307046085596085e-03 0.000000000000000000e+00
-1.407929579727351665e-03 9.999990463256835938e-01 0.000000000000000000e+00 -9.999990463256835938e-01 -1.407929579727351665e-03 0.000000000000000000e+00
-1.410039141774177551e-03 9.999990463256835938e-01 0.000000000000000000e+00 -9.999990463256835938e-01 -1.410039141774177551e-03 0.000000000000000000e+00
-1.410556957125663757e-03 9.999990463256835938e-01 0.000000000000000000e+00 -9.999990463256835938e-01 -1.410556957125663757e-03 0.000000000000000000e+00
-1.407247851602733135e-03 9.999990463256835938e-01 0.000000000000000000e+00 -9.999990463256835938e-01 -1.407247851602733135e-03 0.000000000000000000e+00
-1.411262084729969501e-03 9.999990463256835938e-01 0.000000000000000000e+00 -9.999990463256835938e-01 -1.411262084729969501e-03 0.000000000000000000e+00
-1.404910115525126457e-03 9.999990463256835938e-01 0.000000000000000000e+00 -9.999990463256835938e-01 -1.404910115525126457e-03 0.000000000000000000e+00
-1.414497965015470982e-03 9.999989867210388184e-01 0.000000000000000000e+00 -9.999989867210388184e-01 -1.414497965015470982e-03 0.000000000000000000e+00
-1.410782337188720703e-03 9.999990463256835938e-01 0.000000000000000000e+00 -9.999990463256835938e-01 -1.410782337188720703e-03 0.000000000000000000e+00
-1.412771875038743019e-03 9.999990463256835938e-01 0.000000000000000000e+00 -9.999990463256835938e-01 -1.412771875038743019e-03 0.000000000000000000e+00
-1.421794993802905083e-03 9.999989867210388184e-01 0.000000000000000000e+00 -9.999989867210388184e-01 -1.421794993802905083e-03 0.000000000000000000e+00
-1.420598360709846020e-03 9.999989867210388184e-01 0.000000000000000000e+00 -9.999989867210388184e-01 -1.420598360709846020e-03 0.000000000000000000e+00
-1.428901916369795799e-03 9.999989867210388184e-01 0.000000000000000000e+00 -9.999989867210388184e-01 -1.428901916369795799e-03 0.000000000000000000e+00
-1.423237496055662632e-03 9.999989867210388184e-01 0.000000000000000000e+00 -9.999989867210388184e-01 -1.423237496055662632e-03 0.000000000000000000e+00
-1.429990283213555813e-03 9.999989867210388184e-01 0.000000000000000000e+00 -9.999989867210388184e-01 -1.429990283213555813e-03 0.000000000000000000e+00
-1.425206544809043407e-03 9.999989867210388184e-01 0.000000000000000000e+00 -9.999989867210388184e-01 -1.425206544809043407e-03 0.000000000000000000e+00
-1.430162927135825157e-03 9.999989867210388184e-01 0.000000000000000000e+00 -9.999989867210388184e-01 -1.430162927135825157e-03 0.000000000000000000e+00
-1.430434989742934704e-03 9.999989867210388184e-01 0.000000000000000000e+00 -9.999989867210388184e-01 -1.430434989742934704e-03 0.000000000000000000e+00
-1.439332496374845505e-03 9.999989867210388184e-01 0.000000000000000000e+00 -9.999989867210388184e-01 -1.439332496374845505e-03 0.000000000000000000e+00
-1.445710891857743263e-03 9.999989867210388184e-01 0.000000000000000000e+00 -9.999989867210388184e-01 -1.445710891857743263e-03 0.000000000000000000e+00
-1.464208005927503109e-03 9.999989271163940430e-01 0.000000000000000000e+00 -9.999989271163940430e-01 -1.464208005927503109e-03 0.000000000000000000e+00
-6.156111881136894226e-02 -9.981021881103515625e-01 -1.524696708656847477e-03 9.386214514961466193e-05 1.521804835647344589e-03 -9.999988675117492676e-01
-6.156111881136894226e-02 -9.981021881103515625e-01 -1.525068306364119053e-03 9.388502076035365462e-05 1.522175734862685204e-03 -9.999988675117492676e-01
6.156111881136894226e-02 -9.981021881103515625e-01 -1.524468301795423031e-03 -9.384808072354644537e-05 1.521576894447207451e-03 -9.999988675117492676e-01
6.156111881136894226e-02 -9.981021881103515625e-01 -1.517036696895956993e-03 -9.339058306068181992e-05 1.514159375801682472e-03 -9.999988675117492676e-01
1.837490200996398926e-01 -9.829720258712768555e-01 -1.530135865323245525e-03 -2.811612794175744057e-04 1.504082465544342995e-03 -9.999988675117492676e-01
1.837490200996398926e-01 -9.829720258712768555e-01 -1.534767448902130127e-03 -2.820123336277902126e-04 1.508635235950350761e-03 -9.999988675117492676e-01
3.031524717807769775e-01 -9.529408216476440430e-01 -1.545148203149437904e-03 -4.684160521719604731e-04 1.472436590120196342e-03 -9.999988079071044922e-01
3.031524717807769775e-01 -9.529408216476440430e-01 -1.555110677145421505e-03 -4.714362148661166430e-04 1.481930259615182877e-03 -9.999988079071044922e-01
4.179601371288299561e-01 -9.084640741348266602e-01 -1.556134666316211224e-03 -6.504030316136777401e-04 1.413694117218255997e-03 -9.999988079071044922e-01
4.179601073265075684e-01 -9.084640145301818848e-01 -1.568083651363849640e-03 -6.553973071277141571e-04 1.424549496732652187e-03 -9.999988079071044922e-01
5.264313817024230957e-01 -8.502161502838134766e-01 -1.570649677887558937e-03 -8.268403471447527409e-04 1.335393521003425121e-03 -9.999988079071044922e-01
5.264313817024230957e-01 -8.502161502838134766e-01 -1.580141019076108932e-03 -8.318368345499038696e-04 1.343463081866502762e-03 -9.999987483024597168e-01
6.269229054450988770e-01 -7.790797352790832520e-01 -1.583268749527633190e-03 -9.925886988639831543e-04 1.233494142070412636e-03 -9.999987483024597168e-01
6.269229054450988770e-01 -7.790797352790832520e-01 -1.597687252797186375e-03 -1.001627999357879162e-03 1.244727289304137230e-03 -9.999987483024597168e-01
7.179111838340759277e-01 -6.961330175399780273e-01 -1.589869614690542221e-03 -1.141386455856263638e-03 1.106761978007853031e-03 -9.999987483024597168e-01
7.179111242294311523e-01 -6.961329579353332520e-01 -1.599556882865726948e-03 -1.148341107182204723e-03 1.113505684770643711e-03 -9.999987483024597168e-01
7.980163097381591797e-01 -6.026337146759033203e-01 -1.597494236193597317e-03 -1.274828100576996803e-03 9.627051185816526413e-04 -9.999987483024597168e-01
7.980163097381591797e-01 -6.026337742805480957e-01 -1.602357020601630211e-03 -1.278708688914775848e-03 9.656355832703411579e-04 -9.999987483024597168e-01
8.660241961479187012e-01 -4.999996125698089600e-01 -1.601192518137395382e-03 -1.386673189699649811e-03 8.005966665223240852e-04 -9.999987483024597168e-01
8.660241961479187012e-01 -4.999996125698089600e-01 -1.602389267645776272e-03 -1.387709635309875011e-03 8.011950412765145302e-04 -9.999987483024597168e-01
9.209044575691223145e-01 -3.897849619388580322e-01 -1.596428919583559036e-03 -1.470160670578479767e-03 6.222649244591593742e-04 -9.999987483024597168e-01
9.209044575691223145e-01 -3.897849619388580322e-01 -1.600206247530877590e-03 -1.473639276809990406e-03 6.237372872419655323e-04 -9.999987483024597168e-01
9.618244171142578125e-01 -2.736628651618957520e-01 -1.596259535290300846e-03 -1.535323332063853741e-03 4.368374939076602459e-04 -9.999987483024597168e-01
9.618244171142578125e-01 -2.736628651618957520e-01 -1.595010166056454182e-03 -1.534121576696634293e-03 4.364955821074545383e-04 -9.999987483024597168e-01
9.881643056869506836e-01 -1.533912420272827148e-01 -1.587850740179419518e-03 -1.569059211760759354e-03 2.435626665828749537e-04 -9.999987483024597168e-01
9.881643056869506836e-01 -1.533912420272827148e-01 -1.575685106217861176e-03 -1.557037583552300930e-03 2.416965580778196454e-04 -9.999987483024597168e-01
9.995245337486267090e-01 -3.079508244991302490e-02 -1.567091909237205982e-03 -1.566348713822662830e-03 4.825878204428590834e-05 -9.999988079071044922e-01
9.995245337486267090e-01 -3.079508244991302490e-02 -1.536171650514006615e-03 -1.535443123430013657e-03 4.730658838525414467e-05 -9.999988079071044922e-01
9.957330822944641113e-01 9.226826578378677368e-02 -1.514663919806480408e-03 -1.508202636614441872e-03 -1.397555752191692591e-04 -9.999988675117492676e-01
9.957330822944641113e-01 9.226826578378677368e-02 -1.501263584941625595e-03 -1.494859578087925911e-03 -1.385191571898758411e-04 -9.999989271163940430e-01
9.768473505973815918e-01 2.139325886964797974e-01 -1.476285746321082115e-03 -1.442107255570590496e-03 -3.158259205520153046e-04 -9.999989271163940430e-01
9.768473505973815918e-01 2.139325886964797974e-01 -1.465796725824475288e-03 -1.431861077435314655e-03 -3.135819570161402225e-04 -9.999989271163940430e-01
9.431533217430114746e-01 3.323548436164855957e-01 -1.434847130440175533e-03 -1.353282248601317406e-03 -4.768788639921694994e-04 -9.999989867210388184e-01
9.431533217430114746e-01 3.323548436164855957e-01 -1.438554259948432446e-03 -1.356778549961745739e-03 -4.781109455507248640e-04 -9.999989867210388184e-01
8.951625227928161621e-01 4.457376003265380859e-01 -1.416572369635105133e-03 -1.268063788302242756e-03 -6.314201746135950089e-04 -9.999989867210388184e-01
8.951625823974609375e-01 4.457376301288604736e-01 -1.413023448549211025e-03 -1.264886814169585705e-03 -6.298382650129497051e-04 -9.999989867210388184e-01
8.336015939712524414e-01 5.523643493652343750e-01 -1.402932102791965008e-03 -1.169487717561423779e-03 -7.749304641038179398e-04 -9.999990463256835938e-01
8.336016535758972168e-01 5.523643493652343750e-01 -1.401305431500077248e-03 -1.168131595477461815e-03 -7.740319124422967434e-04 -9.999990463256835938e-01
7.594040632247924805e-01 6.506178975105285645e-01 -1.397285261191427708e-03 -1.061105052940547466e-03 -9.090996463783085346e-04 -9.999990463256835938e-01
7.594040632247924805e-01 6.506178975105285645e-01 -1.400690991431474686e-03 -1.063691452145576477e-03 -9.113154374063014984e-04 -9.999990463256835938e-01
6.736951470375061035e-01 7.390081286430358887e-01 -1.393525628373026848e-03 -9.388123871758580208e-04 -1.029827748425304890e-03 -9.999990463256835938e-01
6.736951470375061035e-01 7.390081286430358887e-01 -1.398247899487614632e-03 -9.419937268830835819e-04 -1.033317530527710915e-03 -9.999990463256835938e-01
5.777732729911804199e-01 8.161961436271667480e-01 -1.383296912536025047e-03 -7.992327446117997169e-04 -1.129042706452310085e-03 -9.999990463256835938e-01
5.777732729911804199e-01 8.161961436271667480e-01 -1.390280900523066521e-03 -8.032678742893040180e-04 -1.134742982685565948e-03 -9.999990463256835938e-01
4.730931818485260010e-01 8.810113072395324707e-01 -1.387109281495213509e-03 -6.562325870618224144e-04 -1.222060061991214752e-03 -9.999990463256835938e-01
4.730931818485260010e-01 8.810113072395324707e-01 -1.384859322570264339e-03 -6.551681435666978359e-04 -1.220077858306467533e-03 -9.999990463256835938e-01
3.612410426139831543e-01 9.324714541435241699e-01 -1.378486747853457928e-03 -4.979664809070527554e-04 -1.285400823689997196e-03 -9.999990463256835938e-01
3.612410426139831543e-01 9.324714541435241699e-01 -1.381122972816228867e-03 -4.989188164472579956e-04 -1.287858933210372925e-03 -9.999990463256835938e-01
2.439135462045669556e-01 9.697960019111633301e-01 -1.383416820317506790e-03 -3.374344378244131804e-04 -1.341633382253348827e-03 -9.999990463256835938e-01
2.439135462045669556e-01 9.697960019111633301e-01 -1.385388895869255066e-03 -3.379154368303716183e-04 -1.343545969575643539e-03 -9.999990463256835938e-01
1.228882670402526855e-01 9.924195408821105957e-01 -1.386957126669585705e-03 -1.704409223748371005e-04 -1.376444706693291664e-03 -9.999990463256835938e-01
1.228882744908332825e-01 9.924196004867553711e-01 -1.376994769088923931e-03 -1.692166697466745973e-04 -1.366557786241173744e-03 -9.999991059303283691e-01
0.000000000000000000e+00 1.545183244161307812e-03 9.999988079071044922e-01 0.000000000000000000e+00 9.999988079071044922e-01 -1.545183244161307812e-03
0.000000000000000000e+00 1.555707538500428200e-03 9.999988079071044922e-01 0.000000000000000000e+00 9.999988079071044922e-01 -1.555707538500428200e-03
-1.228882670402526855e-01 9.924195408821105957e-01 -1.401872956193983555e-03 1.722739107208326459e-04 -1.391247496940195560e-03 -9.999990463256835938e-01
-1.228882670402526855e-01 9.924195408821105957e-01 -1.392884878441691399e-03 1.711693766992539167e-04 -1.382327522151172161e-03 -9.999990463256835938e-01
-2.439135313034057617e-01 9.697960019111633301e-01 -1.405275776050984859e-03 3.427661722525954247e-04 -1.362832263112068176e-03 -9.999990463256835938e-01
-2.439135462045669556e-01 9.697960019111633301e-01 -1.393724582158029079e-03 3.399486304260790348e-04 -1.351629849523305893e-03 -9.999990463256835938e-01
-3.612410426139831543e-01 9.324713945388793945e-01 -1.416613347828388214e-03 5.117394612170755863e-04 -1.320952898822724819e-03 -9.999990463256835938e-01
-3.612410426139831543e-01 9.324714541435241699e-01 -1.400129171088337898e-03 5.057846428826451302e-04 -1.305581768974661827e-03 -9.999990463256835938e-01
-4.730931818485260010e-01 8.810113072395324707e-01 -1.423214212991297245e-03 6.733135087415575981e-04 -1.253868918865919113e-03 -9.999989867210388184e-01
-4.730931818485260010e-01 8.810113072395324707e-01 -1.409176038578152657e-03 6.666721892543137074e-04 -1.241501187905669212e-03 -9.999990463256835938e-01
-5.777732133865356445e-01 8.161960840225219727e-01 -1.432699616998434067e-03 8.277763263322412968e-04 -1.169365015812218189e-03 -9.999989867210388184e-01
-5.777732729911804199e-01 8.161961436271667480e-01 -1.414618105627596378e-03 8.173292735591530800e-04 -1.154606929048895836e-03 -9.999990463256835938e-01
-6.736951470375061035e-01 7.390080690383911133e-01 -1.441989094018936157e-03 9.714619955047965050e-04 -1.065642689354717731e-03 -9.999989867210388184e-01
-6.736951470375061035e-01 7.390080690383911133e-01 -1.429794239811599255e-03 9.632463916204869747e-04 -1.056630630046129227e-03 -9.999989867210388184e-01
-7.594040036201477051e-01 6.506178379058837891e-01 -1.430496457032859325e-03 1.086325850337743759e-03 -9.307074360549449921e-04 -9.999989867210388184e-01
-7.594040036201477051e-01 6.506178379058837891e-01 -1.429639174602925777e-03 1.085674855858087540e-03 -9.301496902480721474e-04 -9.999989867210388184e-01
-8.336015939712524414e-01 5.523643493652343750e-01 -1.454034936614334583e-03 1.212086994200944901e-03 -8.031578036025166512e-04 -9.999989271163940430e-01
-8.336015939712524414e-01 5.523643493652343750e-01 -1.440037623979151249e-03 1.200418802909553051e-03 -7.954261964187026024e-04 -9.999989867210388184e-01
-8.951624631881713867e-01 4.457375705242156982e-01 -1.483571017161011696e-03 1.328038517385721207e-03 -6.612840224988758564e-04 -9.999989271163940430e-01
-8.951624631881713867e-01 4.457375705242156982e-01 -1.473359880037605762e-03 1.318897819146513939e-03 -6.567325326614081860e-04 -9.999989271163940430e-01
-9.431532621383666992e-01 3.323548138141632080e-01 -1.505333464592695236e-03 1.419761567376554012e-03 -5.003053229302167892e-04 -9.999988675117492676e-01
-9.431532621383666992e-01 3.323548138141632080e-01 -1.501758117228746414e-03 1.416389481164515018e-03 -4.991170135326683521e-04 -9.999988675117492676e-01
-9.768472909927368164e-01 2.139325737953186035e-01 -1.528184395283460617e-03 1.492804265581071377e-03 -3.269287408329546452e-04 -9.999988675117492676e-01
-9.768472909927368164e-01 2.139325737953186035e-01 -1.521223690360784531e-03 1.486004795879125595e-03 -3.254396142438054085e-04 -9.999988675117492676e-01
-9.957330226898193359e-01 9.226825833320617676e-02 -1.562679768539965153e-03 1.556013710796833038e-03 -1.441859203623607755e-04 -9.999988079071044922e-01
-9.957330226898193359e-01 9.226825833320617676e-02 -1.537345000542700291e-03 1.530787092633545399e-03 -1.418483298039063811e-04 -9.999988675117492676e-01
-9.995244741439819336e-01 -3.079508058726787567e-02 -1.578683964908123016e-03 1.577935181558132172e-03 4.861576235271058977e-05 -9.999987483024597168e-01
-9.995245337486267090e-01 -3.079508244991302490e-02 -1.565974438562989235e-03 1.565231708809733391e-03 4.822437040274962783e-05 -9.999988079071044922e-01
-9.881642460823059082e-01 -1.533912420272827148e-01 -1.601400319486856461e-03 1.582448487170040607e-03 2.456410729791969061e-04 -9.999987483024597168e-01
-9.881643056869506836e-01 -1.533912420272827148e-01 -1.590981381013989449e-03 1.572152832522988319e-03 2.440428797854110599e-04 -9.999987483024597168e-01
-9.618243575096130371e-01 -2.736628353595733643e-01 -1.617123605683445930e-03 1.555390888825058937e-03 4.425471997819840908e-04 -9.999986886978149414e-01
-9.618243575096130371e-01 -2.736628353595733643e-01 -1.601678086444735527e-03 1.540535129606723785e-03 4.383203631732612848e-04 -9.999987483024597168e-01
-9.209045171737670898e-01 -3.897849917411804199e-01 -1.633961801417171955e-03 1.504724728874862194e-03 6.368946051225066185e-04 -9.999986886978149414e-01
-9.209045171737670898e-01 -3.897849917411804199e-01 -1.619432121515274048e-03 1.491344301030039787e-03 6.312311743386089802e-04 -9.999986886978149414e-01
-8.660241365432739258e-01 -4.999995827674865723e-01 -1.641042414121329784e-03 1.421184162609279156e-03 8.205216145142912865e-04 -9.999986886978149414e-01
-8.660241365432739258e-01 -4.999995827674865723e-01 -1.631357823498547077e-03 1.412797137163579464e-03 8.156793192028999329e-04 -9.999986886978149414e-01
-7.980163097381591797e-01 -6.026337742805480957e-01 -1.627864432521164417e-03 1.299063907936215401e-03 9.810072369873523712e-04 -9.999986886978149414e-01
-7.980163097381591797e-01 -6.026337146759033203e-01 -1.639719936065375805e-03 1.308524981141090393e-03 9.881518781185150146e-04 -9.999986886978149414e-01
-7.179111242294311523e-01 -6.961330175399780273e-01 -1.606008503586053848e-03 1.152972807176411152e-03 1.117996871471405029e-03 -9.999987483024597168e-01
-7.179110646247863770e-01 -6.961329579353332520e-01 -1.633759937249124050e-03 1.172895892523229122e-03 1.137315644882619381e-03 -9.999986886978149414e-01
-6.269229054450988770e-01 -7.790797352790832520e-01 -1.584202167578041553e-03 9.931738022714853287e-04 1.234221272170543671e-03 -9.999987483024597168e-01
-6.269228458404541016e-01 -7.790796756744384766e-01 -1.611289451830089092e-03 1.010155654512345791e-03 1.255324576050043106e-03 -9.999987483024597168e-01
-5.264313817024230957e-01 -8.502161502838134766e-01 -1.574511756189167500e-03 8.288734243251383305e-04 1.338677015155553818e-03 -9.999987483024597168e-01
-5.264313817024230957e-01 -8.502161502838134766e-01 -1.589492079801857471e-03 8.367595728486776352e-04 1.351413549855351448e-03 -9.999987483024597168e-01
-4.179601371288299561e-01 -9.084640741348266602e-01 -1.553747220896184444e-03 6.494051776826381683e-04 1.411525183357298374e-03 -9.999988079071044922e-01
-4.179601073265075684e-01 -9.084640145301818848e-01 -1.567662344314157963e-03 6.552212289534509182e-04 1.424166723154485226e-03 -9.999988079071044922e-01
-3.031524717807769775e-01 -9.529408216476440430e-01 -1.534278737381100655e-03 4.651209455914795399e-04 1.462078536860644817e-03 -9.999988079071044922e-01
-3.031524717807769775e-01 -9.529408216476440430e-01 -1.539220451377332211e-03 4.666190361604094505e-04 1.466787769459187984e-03 -9.999988079071044922e-01
-1.837490200996398926e-01 -9.829720258712768555e-01 -1.529969042167067528e-03 2.811306330841034651e-04 1.503918552771210670e-03 -9.999988675117492676e-01
-1.837490200996398926e-01 -9.829720258712768555e-01 -1.530478126369416714e-03 2.812241727951914072e-04 1.504418905824422836e-03 -9.999988675117492676e-01
-1.365665928460657597e-03 -9.999991059303283691e-01 0.000000000000000000e+00 -9.999991059303283691e-01 1.365665928460657597e-03 0.000000000000000000e+00
-1.368817058391869068e-03 -9.999991059303283691e-01 0.000000000000000000e+00 -9.999991059303283691e-01 1.368817058391869068e-03 0.000000000000000000e+00
-1.371725229546427727e-03 -9.999990463256835938e-01 0.000000000000000000e+00 -9.999990463256835938e-01 1.371725229546427727e-03 0.000000000000000000e+00
-1.360574970021843910e-03 -9.999991059303283691e-01 0.000000000000000000e+00 -9.999991059303283691e-01 1.360574970021843910e-03 0.000000000000000000e+00
-1.364027382805943489e-03 -9.999991059303283691e-01 -0.000000000000000000e+00 -9.999991059303283691e-01 1.364027382805943489e-03 0.000000000000000000e+00
-1.353175379335880280e-03 -9.999991059303283691e-01 0.000000000000000000e+00 -9.999991059303283691e-01 1.353175379335880280e-03 0.000000000000000000e+00
-1.357651897706091404e-03 -9.999991059303283691e-01 -0.000000000000000000e+00 -9.999991059303283691e-01 1.357651897706091404e-03 0.000000000000000000e+00
-1.355992979370057583e-03 -9.999991059303283691e-01 0.000000000000000000e+00 -9.999991059303283691e-01 1.355992979370057583e-03 0.000000000000000000e+00
-1.362075912766158581e-03 -9.999991059303283691e-01 -0.000000000000000000e+00 -9.999991059303283691e-01 1.362075912766158581e-03 0.000000000000000000e+00
-1.356578082777559757e-03 -9.999991059303283691e-01 0.000000000000000000e+00 -9.999991059303283691e-01 1.356578082777559757e-03 0.000000000000000000e+00
-1.360045396722853184e-03 -9.999991059303283691e-01 -0.000000000000000000e+00 -9.999991059303283691e-01 1.360045396722853184e-03 0.000000000000000000e+00
-1.347162760794162750e-03 -9.999991059303283691e-01 0.000000000000000000e+00 -9.999991059303283691e-01 1.347162760794162750e-03 0.000000000000000000e+00
-1.351721235550940037e-03 -9.999991059303283691e-01 -0.000000000000000000e+00 -9.999991059303283691e-01 1.351721235550940037e-03 0.000000000000000000e+00
-1.347756711766123772e-03 -9.999991059303283691e-01 0.000000000000000000e+00 -9.999991059303283691e-01 1.347756711766123772e-03 0.000000000000000000e+00
-1.351340906694531441e-03 -9.999991059303283691e-01 -0.000000000000000000e+00 -9.999991059303283691e-01 1.351340906694531441e-03 0.000000000000000000e+00
-1.350808423012495041e-03 -9.999991059303283691e-01 0.000000000000000000e+00 -9.999991059303283691e-01 1.350808423012495041e-03 0.000000000000000000e+00
-1.352420542389154434e-03 -9.999991059303283691e-01 -0.000000000000000000e+00 -9.999991059303283691e-01 1.352420542389154434e-03 0.000000000000000000e+00
-1.348874415270984173e-03 -9.999991059303283691e-01 0.000000000000000000e+00 -9.999991059303283691e-01 1.348874415270984173e-03 0.000000000000000000e+00
-1.351144863292574883e-03 -9.999991059303283691e-01 -0.000000000000000000e+00 -9.999991059303283691e-01 1.351144863292574883e-03 0.000000000000000000e+00
-1.353298313915729523e-03 -9.999991059303283691e-01 0.000000000000000000e+00 -9.999991059303283691e-01 1.353298313915729523e-03 0.000000000000000000e+00
-1.364094670861959457e-03 -9.999991059303283691e-01 -0.000000000000000000e+00 -9.999991059303283691e-01 1.364094670861959457e-03 0.000000000000000000e+00
-1.357584609650075436e-03 -9.999991059303283691e-01 0.000000000000000000e+00 -9.999991059303283691e-01 1.357584609650075436e-03 0.000000000000000000e+00
-1.362985814921557903e-03 -9.999991059303283691e-01 -0.000000000000000000e+00 -9.999991059303283691e-01 1.362985814921557903e-03 0.000000000000000000e+00
-1.362666953355073929e-03 -9.999991059303283691e-01 0.000000000000000000e+00 -9.999991059303283691e-01 1.362666953355073929e-03 0.000000000000000000e+00
-1.369358273223042488e-03 -9.999991059303283691e-01 -0.000000000000000000e+00 -9.999991059303283691e-01 1.369358273223042488e-03 0.000000000000000000e+00
-1.369241275824606419e-03 -9.999991059303283691e-01 0.000000000000000000e+00 -9.999991059303283691e-01 1.369241275824606419e-03 0.000000000000000000e+00
-1.367535558529198170e-03 -9.999991059303283691e-01 -0.000000000000000000e+00 -9.999991059303283691e-01 1.367535558529198170e-03 0.000000000000000000e+00
-1.364811556413769722e-03 -9.999991059303283691e-01 0.000000000000000000e+00 -9.999991059303283691e-01 1.364811556413769722e-03 0.000000000000000000e+00
-1.369633362628519535e-03 -9.999991059303283691e-01 -0.000000000000000000e+00 -9.999991059303283691e-01 1.369633362628519535e-03 0.000000000000000000e+00
-1.368173398077487946e-03 -9.999991059303283691e-01 -0.000000000000000000e+00 -9.999991059303283691e-01 1.368173398077487946e-03 0.000000000000000000e+00
-1.371087389998137951e-03 -9.999990463256835938e-01 -0.000000000000000000e+00 -9.999990463256835938e-01 1.371087389998137951e-03 0.000000000000000000e+00
-1.366017037071287632e-03 -9.999991059303283691e-01 -0.000000000000000000e+00 -9.999991059303283691e-01 1.366017037071287632e-03 0.000000000000000000e+00
-1.364229363389313221e-03 -9.999991059303283691e-01 -0.000000000000000000e+00 -9.999991059303283691e-01 1.364229363389313221e-03 0.000000000000000000e+00
-1.380599220283329487e-03 -9.999990463256835938e-01 -0.000000000000000000e+00 -9.999990463256835938e-01 1.380599220283329487e-03 0.000000000000000000e+00
-1.381544279865920544e-03 -9.999990463256835938e-01 -0.000000000000000000e+00 -9.999990463256835938e-01 1.381544279865920544e-03 0.000000000000000000e+00
-1.387235010042786598e-03 -9.999990463256835938e-01 -0.000000000000000000e+00 -9.999990463256835938e-01 1.387235010042786598e-03 0.000000000000000000e+00
-1.383364200592041016e-03 -9.999990463256835938e-01 -0.000000000000000000e+00 -9.999990463256835938e-01 1.383364200592041016e-03 0.000000000000000000e+00
-1.381792942993342876e-03 -9.999990463256835938e-01 -0.000000000000000000e+00 -9.999990463256835938e-01 1.381792942993342876e-03 0.000000000000000000e+00
-1.379101187922060490e-03 -9.999990463256835938e-01 -0.000000000000000000e+00 -9.999990463256835938e-01 1.379101187922060490e-03 0.000000000000000000e+00
-1.382454182021319866e-03 -9.999990463256835938e-01 -0.000000000000000000e+00 -9.999990463256835938e-01 1.382454182021319866e-03 0.000000000000000000e+00
-1.373644568957388401e-03 -9.999990463256835938e-01 -0.000000000000000000e+00 -9.999990463256835938e-01 1.373644568957388401e-03 0.000000000000000000e+00
-1.376760541461408138e-03 -9.999990463256835938e-01 -0.000000000000000000e+00 -9.999990463256835938e-01 1.376760541461408138e-03 0.000000000000000000e+00
-1.369826495647430420e-03 -9.999991059303283691e-01 -0.000000000000000000e+00 -9.999991059303283691e-01 1.369826495647430420e-03 0.000000000000000000e+00
-1.362769282422959805e-03 -9.999991059303283691e-01 -0.000000000000000000e+00 -9.999991059303283691e-01 1.362769282422959805e-03 0.000000000000000000e+00
-1.359670888632535934e-03 -9.999991059303283691e-01 -0.000000000000000000e+00 -9.999991059303283691e-01 1.359670888632535934e-03 0.000000000000000000e+00
-1.365171396173536777e-03 -9.999991059303283691e-01 -0.000000000000000000e+00 -9.999991059303283691e-01 1.365171396173536777e-03 0.000000000000000000e+00
-1.360750524327158928e-03 -9.999991059303283691e-01 -0.000000000000000000e+00 -9.999991059303283691e-01 1.360750524327158928e-03 0.000000000000000000e+00
-1.364284893497824669e-03 -9.999991059303283691e-01 -0.000000000000000000e+00 -9.999991059303283691e-01 1.364284893497824669e-03 0.000000000000000000e+00
-1.361502450890839100e-03 -9.999991059303283691e-01 -0.000000000000000000e+00 -9.999991059303283691e-01 1.361502450890839100e-03 0.000000000000000000e+00
-1.368430792354047298e-03 -9.999991059303283691e-01 -0.000000000000000000e+00 -9.999991059303283691e-01 1.368430792354047298e-03 0.000000000000000000e+00
-1.365423086099326611e-03 -9.999991059303283691e-01 -0.000000000000000000e+00 -9.999991059303283691e-01 1.365423086099326611e-03 0.000000000000000000e+00
-1.370920566841959953e-03 -9.999990463256835938e-01 -0.000000000000000000e+00 -9.999990463256835938e-01 1.370920566841959953e-03 0.000000000000000000e+00
-1.366640208289027214e-03 -9.999991059303283691e-01 -0.000000000000000000e+00 -9.999991059303283691e-01 1.366640208289027214e-03 0.000000000000000000e+00
-1.371736871078610420e-03 -9.999990463256835938e-01 -0.000000000000000000e+00 -9.999990463256835938e-01 1.371736871078610420e-03 0.000000000000000000e+00
-1.369188656099140644e-03 -9.999991059303283691e-01 -0.000000000000000000e+00 -9.999991059303283691e-01 1.369188656099140644e-03 0.000000000000000000e+00
-1.371695892885327339e-03 -9.999990463256835938e-01 -0.000000000000000000e+00 -9.999990463256835938e-01 1.371695892885327339e-03 0.000000000000000000e+00
-1.370625104755163193e-03 -9.999990463256835938e-01 -0.000000000000000000e+00 -9.999990463256835938e-01 1.370625104755163193e-03 0.000000000000000000e+00
-1.383694820106029510e-03 -9.999990463256835938e-01 -0.000000000000000000e+00 -9.999990463256835938e-01 1.383694820106029510e-03 0.000000000000000000e+00
-1.389098819345235825e-03 -9.999990463256835938e-01 -0.000000000000000000e+00 -9.999990463256835938e-01 1.389098819345235825e-03 0.000000000000000000e+00
-1.408862997777760029e-03 -9.999990463256835938e-01 0.000000000000000000e+00 -9.999990463256835938e-01 1.408862997777760029e-03 0.000000000000000000e+00
-1.414182013832032681e-03 -9.999989867210388184e-01 0.000000000000000000e+00 -9.999989867210388184e-01 1.414182013832032681e-03 0.000000000000000000e+00
-1.424328773282468319e-03 -9.999989867210388184e-01 0.000000000000000000e+00 -9.999989867210388184e-01 1.424328773282468319e-03 0.000000000000000000e+00
-1.433097524568438530e-03 -9.999989867210388184e-01 0.000000000000000000e+00 -9.999989867210388184e-01 1.433097524568438530e-03 0.000000000000000000e+00
-1.435613725334405899e-03 -9.999989867210388184e-01 0.000000000000000000e+00 -9.999989867210388184e-01 1.435613725334405899e-03 0.000000000000000000e+00
-1.440344844013452530e-03 -9.999989867210388184e-01 0.000000000000000000e+00 -9.999989867210388184e-01 1.440344844013452530e-03 0.000000000000000000e+00
-1.439022365957498550e-03 -9.999989867210388184e-01 0.000000000000000000e+00 -9.999989867210388184e-01 1.439022365957498550e-03 0.000000000000000000e+00
-1.448364695534110069e-03 -9.999989867210388184e-01 0.000000000000000000e+00 -9.999989867210388184e-01 1.448364695534110069e-03 0.000000000000000000e+00
-1.447371323592960835e-03 -9.999989867210388184e-01 0.000000000000000000e+00 -9.999989867210388184e-01 1.447371323592960835e-03 0.000000000000000000e+00
-1.449586241506040096e-03 -9.999989867210388184e-01 0.000000000000000000e+00 -9.999989867210388184e-01 1.449586241506040096e-03 0.000000000000000000e+00
-1.446313690394163132e-03 -9.999989867210388184e-01 0.000000000000000000e+00 -9.999989867210388184e-01 1.446313690394163132e-03 0.000000000000000000e+00
-1.456922618672251701e-03 -9.999989271163940430e-01 0.000000000000000000e+00 -9.999989271163940430e-01 1.456922618672251701e-03 0.000000000000000000e+00
-1.456119469366967678e-03 -9.999989271163940430e-01 0.000000000000000000e+00 -9.999989271163940430e-01 1.456119469366967678e-03 0.000000000000000000e+00
-1.457320526242256165e-03 -9.999989271163940430e-01 0.000000000000000000e+00 -9.999989271163940430e-01 1.457320526242256165e-03 0.000000000000000000e+00
-1.461529289372265339e-03 -9.999989271163940430e-01 0.000000000000000000e+00 -9.999989271163940430e-01 1.461529289372265339e-03 0.000000000000000000e+00
-1.471649738959968090e-03 -9.999989271163940430e-01 0.000000000000000000e+00 -9.999989271163940430e-01 1.471649738959968090e-03 0.000000000000000000e+00
-1.475469325669109821e-03 -9.999989271163940430e-01 0.000000000000000000e+00 -9.999989271163940430e-01 1.475469325669109821e-03 0.000000000000000000e+00
-1.463665161281824112e-03 -9.999989271163940430e-01 0.000000000000000000e+00 -9.999989271163940430e-01 1.463665161281824112e-03 0.000000000000000000e+00
-1.461741514503955841e-03 -9.999989271163940430e-01 0.000000000000000000e+00 -9.999989271163940430e-01 1.461741514503955841e-03 0.000000000000000000e+00
-1.464383443817496300e-03 -9.999989271163940430e-01 0.000000000000000000e+00 -9.999989271163940430e-01 1.464383443817496300e-03 0.000000000000000000e+00
-1.461628824472427368e-03 -9.999989271163940430e-01 0.000000000000000000e+00 -9.999989271163940430e-01 1.461628824472427368e-03 0.000000000000000000e+00
-1.461204607039690018e-03 -9.999989271163940430e-01 0.000000000000000000e+00 -9.999989271163940430e-01 1.461204607039690018e-03 0.000000000000000000e+00
-1.461383071728050709e-03 -9.999989271163940430e-01 0.000000000000000000e+00 -9.999989271163940430e-01 1.461383071728050709e-03 0.000000000000000000e+00
-1.460253726691007614e-03 -9.999989271163940430e-01 0.000000000000000000e+00 -9.999989271163940430e-01 1.460253726691007614e-03 0.000000000000000000e+00
-1.460480387322604656e-03 -9.999989271163940430e-01 0.000000000000000000e+00 -9.999989271163940430e-01 1.460480387322604656e-03 0.000000000000000000e+00
-1.457460923120379448e-03 -9.999989271163940430e-01 0.000000000000000000e+00 -9.999989271163940430e-01 1.457460923120379448e-03 0.000000000000000000e+00
-1.458461629226803780e-03 -9.999989271163940430e-01 0.000000000000000000e+00 -9.999989271163940430e-01 1.458461629226803780e-03 0.000000000000000000e+00
-1.459239865653216839e-03 -9.999989271163940430e-01 0.000000000000000000e+00 -9.999989271163940430e-01 1.459239865653216839e-03 0.000000000000000000e+00
-1.460304833017289639e-03 -9.999989271163940430e-01 0.000000000000000000e+00 -9.999989271163940430e-01 1.460304833017289639e-03 0.000000000000000000e+00
-1.456865575164556503e-03 -9.999989271163940430e-01 0.000000000000000000e+00 -9.999989271163940430e-01 1.456865575164556503e-03 0.000000000000000000e+00
-1.453603385016322136e-03 -9.999989867210388184e-01 0.000000000000000000e+00 -9.999989867210388184e-01 1.453603385016322136e-03 0.000000000000000000e+00
-1.448351540602743626e-03 -9.999989867210388184e-01 0.000000000000000000e+00 -9.999989867210388184e-01 1.448351540602743626e-03 0.000000000000000000e+00
-1.443959656171500683e-03 -9.999989867210388184e-01 0.000000000000000000e+00 -9.999989867210388184e-01 1.443959656171500683e-03 0.000000000000000000e+00
-1.438122708350419998e-03 -9.999989867210388184e-01 0.000000000000000000e+00 -9.999989867210388184e-01 1.438122708350419998e-03 0.000000000000000000e+00
-1.436491496860980988e-03 -9.999989867210388184e-01 0.000000000000000000e+00 -9.999989867210388184e-01 1.436491496860980988e-03 0.000000000000000000e+00
-1.432869350537657738e-03 -9.999989867210388184e-01 0.000000000000000000e+00 -9.999989867210388184e-01 1.432869350537657738e-03 0.000000000000000000e+00
-1.434721401892602444e-03 -9.999989867210388184e-01 0.000000000000000000e+00 -9.999989867210388184e-01 1.434721401892602444e-03 0.000000000000000000e+00
-1.425348455086350441e-03 -9.999989867210388184e-01 0.000000000000000000e+00 -9.999989867210388184e-01 1.425348455086350441e-03 0.000000000000000000e+00
-1.427930546924471855e-03 -9.999989867210388184e-01 0.000000000000000000e+00 -9.999989867210388184e-01 1.427930546924471855e-03 0.000000000000000000e+00
-1.426856731995940208e-03 -9.999989867210388184e-01 0.000000000000000000e+00 -9.999989867210388184e-01 1.426856731995940208e-03 0.000000000000000000e+00
-1.425976050086319447e-03 -9.999989867210388184e-01 0.000000000000000000e+00 -9.999989867210388184e-01 1.425976050086319447e-03 0.000000000000000000e+00
-1.424047863110899925e-03 -9.999989867210388184e-01 0.000000000000000000e+00 -9.999989867210388184e-01 1.424047863110899925e-03 0.000000000000000000e+00
-1.429478288628160954e-03 -9.999989867210388184e-01 0.000000000000000000e+00 -9.999989867210388184e-01 1.429478288628160954e-03 0.000000000000000000e+00
-1.427447772584855556e-03 -9.999989867210388184e-01 0.000000000000000000e+00 -9.999989867210388184e-01 1.427447772584855556e-03 0.000000000000000000e+00
-1.424138667061924934e-03 -9.999989867210388184e-01 0.000000000000000000e+00 -9.999989867210388184e-01 1.424138667061924934e-03 0.000000000000000000e+00
-1.418465399183332920e-03 -9.999989867210388184e-01 0.000000000000000000e+00 -9.999989867210388184e-01 1.418465399183332920e-03 0.000000000000000000e+00
-1.415343605913221836e-03 -9.999989867210388184e-01 0.000000000000000000e+00 -9.999989867210388184e-01 1.415343605913221836e-03 0.000000000000000000e+00
-1.399570377543568611e-03 -9.999990463256835938e-01 0.000000000000000000e+00 -9.999990463256835938e-01 1.399570377543568611e-03 0.000000000000000000e+00
-1.400512526743113995e-03 -9.999990463256835938e-01 0.000000000000000000e+00 -9.999990463256835938e-01 1.400512526743113995e-03 0.000000000000000000e+00
-1.395477098412811756e-03 -9.999990463256835938e-01 0.000000000000000000e+00 -9.999990463256835938e-01 1.395477098412811756e-03 0.000000000000000000e+00
-1.392557169310748577e-03 -9.999990463256835938e-01 0.000000000000000000e+00 -9.999990463256835938e-01 1.392557169310748577e-03 0.000000000000000000e+00
-1.387079944834113121e-03 -9.999990463256835938e-01 0.000000000000000000e+00 -9.999990463256835938e-01 1.387079944834113121e-03 0.000000000000000000e+00
-1.374975778162479401e-03 -9.999990463256835938e-01 0.000000000000000000e+00 -9.999990463256835938e-01 1.374975778162479401e-03 0.000000000000000000e+00
-1.370712881907820702e-03 -9.999990463256835938e-01 0.000000000000000000e+00 -9.999990463256835938e-01 1.370712881907820702e-03 0.000000000000000000e+00
-1.372854574583470821e-03 -9.999990463256835938e-01 0.000000000000000000e+00 -9.999990463256835938e-01 1.372854574583470821e-03 0.000000000000000000e+00
-5.708890035748481750e-02 9.983685016632080078e-01 -1.081327442079782486e-03 6.173182919155806303e-05 -1.079563866369426250e-03 -9.999994039535522461e-01
-5.708890035748481750e-02 9.983685016632080078e-01 -1.079548499546945095e-03 6.163027865113690495e-05 -1.077787950634956360e-03 -9.999994635581970215e-01
5.708890035748481750e-02 9.983685016632080078e-01 -1.121701090596616268e-03 -6.403672159649431705e-05 -1.119871740229427814e-03 -9.999994039535522461e-01
5.708890035748481750e-02 9.983685016632080078e-01 -1.118783955462276936e-03 -6.387018220266327262e-05 -1.116959378123283386e-03 -9.999994039535522461e-01
1.705216914415359497e-01 9.853532910346984863e-01 -1.129668205976486206e-03 -1.926330296555534005e-04 -1.113122794777154922e-03 -9.999993443489074707e-01
1.705216914415359497e-01 9.853532910346984863e-01 -1.121203764341771603e-03 -1.911896688397973776e-04 -1.104782451875507832e-03 -9.999994039535522461e-01
2.817328572273254395e-01 9.594922661781311035e-01 -1.138785039074718952e-03 -3.208332927897572517e-04 -1.092656049877405167e-03 -9.999993443489074707e-01
2.817328572273254395e-01 9.594922661781311035e-01 -1.136289327405393124e-03 -3.201301733497530222e-04 -1.090261386707425117e-03 -9.999993443489074707e-01
3.892696797847747803e-01 9.211231470108032227e-01 -1.153358607552945614e-03 -4.489678540267050266e-04 -1.062385970726609230e-03 -9.999993443489074707e-01
3.892696797847747803e-01 9.211231470108032227e-01 -1.154090045019984245e-03 -4.492525768000632524e-04 -1.063059782609343529e-03 -9.999993443489074707e-01
4.917321801185607910e-01 8.707457184791564941e-01 -1.183371758088469505e-03 -5.819023936055600643e-04 -1.030416577123105526e-03 -9.999992847442626953e-01
4.917321801185607910e-01 8.707457184791564941e-01 -1.181104220449924469e-03 -5.807873676531016827e-04 -1.028442173264920712e-03 -9.999992847442626953e-01
5.877850055694580078e-01 8.090162873268127441e-01 -1.203182619065046310e-03 -7.072131847962737083e-04 -9.733950719237327576e-04 -9.999992847442626953e-01
5.877850055694580078e-01 8.090162873268127441e-01 -1.199226942844688892e-03 -7.048881379887461662e-04 -9.701948147267103195e-04 -9.999992847442626953e-01
6.761743426322937012e-01 7.367407083511352539e-01 -1.220690668560564518e-03 -8.254002896137535572e-04 -8.993331575766205788e-04 -9.999992847442626953e-01
6.761743426322937012e-01 7.367407083511352539e-01 -1.212755800224840641e-03 -8.200349402613937855e-04 -8.934872457757592201e-04 -9.999992847442626953e-01
7.557489871978759766e-01 6.548603177070617676e-01 -1.234053168445825577e-03 -9.326349827460944653e-04 -8.081329870037734509e-04 -9.999992251396179199e-01
7.557489871978759766e-01 6.548603177070617676e-01 -1.227104221470654011e-03 -9.273834293708205223e-04 -8.035824284888803959e-04 -9.999992847442626953e-01
8.254714608192443848e-01 5.644425749778747559e-01 -1.249559922143816948e-03 -1.031476887874305248e-03 -7.053053705021739006e-04 -9.999992251396179199e-01
8.254714608192443848e-01 5.644425749778747559e-01 -1.245139050297439098e-03 -1.027827616780996323e-03 -7.028100080788135529e-04 -9.999992251396179199e-01
8.844322562217712402e-01 4.666670560836791992e-01 -1.256163581274449825e-03 -1.110992394387722015e-03 -5.862106336280703545e-04 -9.999992251396179199e-01
8.844322562217712402e-01 4.666670560836791992e-01 -1.250124652869999409e-03 -1.105651375837624073e-03 -5.833924515172839165e-04 -9.999992251396179199e-01
9.318634867668151855e-01 3.628070652484893799e-01 -1.259446376934647560e-03 -1.173633034341037273e-03 -4.569363954942673445e-04 -9.999992251396179199e-01
9.318634867668151855e-01 3.628070652484893799e-01 -1.245510531589388847e-03 -1.160646672360599041e-03 -4.518803616520017385e-04 -9.999992251396179199e-01
9.671459794044494629e-01 2.542185485363006592e-01 -1.257793279364705086e-03 -1.216470729559659958e-03 -3.197546466253697872e-04 -9.999992251396179199e-01
9.671460390090942383e-01 2.542185783386230469e-01 -1.238318975083529949e-03 -1.197636011056602001e-03 -3.148038813378661871e-04 -9.999992251396179199e-01
9.898207187652587891e-01 1.423147022724151611e-01 -1.259855926036834717e-03 -1.247032429091632366e-03 -1.792961556930094957e-04 -9.999992251396179199e-01
9.898207187652587891e-01 1.423147022724151611e-01 -1.235562725923955441e-03 -1.222986495122313499e-03 -1.758388680173084140e-04 -9.999992251396179199e-01
9.995914101600646973e-01 2.855600602924823761e-02 -1.253407448530197144e-03 -1.252896268852055073e-03 -3.579233816708438098e-05 -9.999992251396179199e-01
9.995914101600646973e-01 2.855600602924823761e-02 -1.233131391927599907e-03 -1.232628594152629375e-03 -3.521333928802050650e-05 -9.999992847442626953e-01
9.963309764862060547e-01 -8.557479083538055420e-02 -1.246478990651667118e-03 -1.241906546056270599e-03 1.066672630258835852e-04 -9.999992251396179199e-01
9.963310360908508301e-01 -8.557479828596115112e-02 -1.218888442963361740e-03 -1.214417279697954655e-03 1.043062075041234493e-04 -9.999992847442626953e-01
9.800817966461181641e-01 -1.985906660556793213e-01 -1.230746973305940628e-03 -1.206233631819486618e-03 2.444150450173765421e-04 -9.999992847442626953e-01
9.800817966461181641e-01 -1.985906511545181274e-01 -1.207085559144616127e-03 -1.183043466880917549e-03 2.397160860709846020e-04 -9.999992847442626953e-01
9.510558843612670898e-01 -3.090165257453918457e-01 -1.235527684912085533e-03 -1.175056910142302513e-03 3.817988035734742880e-04 -9.999992847442626953e-01
9.510559439659118652e-01 -3.090165555477142334e-01 -1.215342315845191479e-03 -1.155859325081110001e-03 3.755611542146652937e-04 -9.999992847442626953e-01
9.096313714981079102e-01 -4.154146015644073486e-01 -1.244217506609857082e-03 -1.131780096329748631e-03 5.168665084056556225e-04 -9.999992847442626953e-01
9.096313714981079102e-01 -4.154146015644073486e-01 -1.221671001985669136e-03 -1.111271092668175697e-03 5.075003718957304955e-04 -9.999992847442626953e-01
8.563481569290161133e-01 -5.163974165916442871e-01 -1.242453115992248058e-03 -1.063973293639719486e-03 6.416001124307513237e-04 -9.999992251396179199e-01
8.563482165336608887e-01 -5.163974761962890625e-01 -1.219772035256028175e-03 -1.044550328515470028e-03 6.298876251094043255e-04 -9.999992847442626953e-01
7.919018864631652832e-01 -6.106471419334411621e-01 -1.253462978638708591e-03 -9.926204802468419075e-04 7.654241635464131832e-04 -9.999992251396179199e-01
7.919018864631652832e-01 -6.106471419334411621e-01 -1.231545582413673401e-03 -9.752640617080032825e-04 7.520404178649187088e-04 -9.999992847442626953e-01
7.171311974525451660e-01 -6.969370841979980469e-01 -1.260654767975211143e-03 -9.040555451065301895e-04 8.785977261140942574e-04 -9.999992251396179199e-01
7.171311974525451660e-01 -6.969370841979980469e-01 -1.240232377313077450e-03 -8.894099737517535686e-04 8.643646142445504665e-04 -9.999992251396179199e-01
6.330118179321289062e-01 -7.741411328315734863e-01 -1.267986837774515152e-03 -8.026512805372476578e-04 9.816015372052788734e-04 -9.999992251396179199e-01
6.330118179321289062e-01 -7.741411328315734863e-01 -1.246970612555742264e-03 -7.893477450124919415e-04 9.653319721110165119e-04 -9.999992251396179199e-01
5.406405925750732422e-01 -8.412526845932006836e-01 -1.277574803680181503e-03 -6.907094502821564674e-04 1.074764295481145382e-03 -9.999992251396179199e-01
5.406406521797180176e-01 -8.412527441978454590e-01 -1.260760007426142693e-03 -6.816186360083520412e-04 1.060618669725954533e-03 -9.999992251396179199e-01
4.412203133106231689e-01 -8.973979353904724121e-01 -1.287317951209843159e-03 -5.679912865161895752e-04 1.155237434431910515e-03 -9.999992251396179199e-01
4.412203133106231689e-01 -8.973979353904724121e-01 -1.274997252039611340e-03 -5.625550984404981136e-04 1.144180772826075554e-03 -9.999992251396179199e-01
3.360496461391448975e-01 -9.418434500694274902e-01 -1.303395372815430164e-03 -4.380058962851762772e-04 1.227595377713441849e-03 -9.999991655349731445e-01
3.360496461391448975e-01 -9.418434500694274902e-01 -1.294383779168128967e-03 -4.349775554146617651e-04 1.219107885845005512e-03 -9.999991655349731445e-01
2.264963835477828979e-01 -9.740111231803894043e-01 -1.313673797994852066e-03 -2.975426323246210814e-04 1.279533957131206989e-03 -9.999991655349731445e-01
2.264963835477828979e-01 -9.740111231803894043e-01 -1.311131287366151810e-03 -2.969667548313736916e-04 1.277057570405304432e-03 -9.999991655349731445e-01
1.139913350343704224e-01 -9.934809207916259766e-01 -1.303667435422539711e-03 -1.486069231759756804e-04 1.295169815421104431e-03 -9.999991655349731445e-01
1.139913350343704224e-01 -9.934809207916259766e-01 -1.299779047258198261e-03 -1.481636718381196260e-04 1.291306805796921253e-03 -9.999991655349731445e-01
0.000000000000000000e+00 1.303515280596911907e-03 -9.999991655349731445e-01 0.000000000000000000e+00 9.999991655349731445e-01 1.303515280596911907e-03
0.000000000000000000e+00 1.293368521146476269e-03 -9.999991655349731445e-01 0.000000000000000000e+00 9.999991655349731445e-01 1.293368521146476269e-03
-1.139913275837898254e-01 -9.934808611869812012e-01 -1.336884452030062675e-03 1.523933751741424203e-04 1.328170299530029297e-03 -9.999991059303283691e-01
-1.139913275837898254e-01 -9.934808611869812012e-01 -1.333361724391579628e-03 1.519918296253308654e-04 1.324670622125267982e-03 -9.999991655349731445e-01
-2.264963686466217041e-01 -9.740110635757446289e-01 -1.346054021269083023e-03 3.048766229767352343e-04 1.311072730459272861e-03 -9.999991059303283691e-01
-2.264963835477828979e-01 -9.740111231803894043e-01 -1.335942419245839119e-03 3.025863552466034889e-04 1.301223761402070522e-03 -9.999991059303283691e-01
-3.360496163368225098e-01 -9.418433904647827148e-01 -1.354237436316907406e-03 4.550913872662931681e-04 1.275480724871158600e-03 -9.999991059303283691e-01
-3.360496163368225098e-01 -9.418433904647827148e-01 -1.344441901892423630e-03 4.517995985224843025e-04 1.266254810616374016e-03 -9.999991059303283691e-01
-4.412202239036560059e-01 -8.973978161811828613e-01 -1.375078223645687103e-03 6.067128852009773254e-04 1.233993330970406532e-03 -9.999990463256835938e-01
-4.412202239036560059e-01 -8.973978161811828613e-01 -1.389391371048986912e-03 6.130281253717839718e-04 1.246837899088859558e-03 -9.999990463256835938e-01
-5.406405329704284668e-01 -8.412525653839111328e-01 -1.406498719006776810e-03 7.604110287502408028e-04 1.183221931569278240e-03 -9.999990463256835938e-01
-5.406405329704284668e-01 -8.412525653839111328e-01 -1.402660040184855461e-03 7.583356928080320358e-04 1.179992686957120895e-03 -9.999990463256835938e-01
-6.330116987228393555e-01 -7.741410136222839355e-01 -1.392574748024344444e-03 8.815169567242264748e-04 1.078050234355032444e-03 -9.999990463256835938e-01
-6.330116987228393555e-01 -7.741410136222839355e-01 -1.382591784931719303e-03 8.751975838094949722e-04 1.070322003215551376e-03 -9.999990463256835938e-01
-7.171310782432556152e-01 -6.969369649887084961e-01 -1.365133328363299370e-03 9.789805626496672630e-04 9.514128323644399643e-04 -9.999991059303283691e-01
-7.171310782432556152e-01 -6.969370245933532715e-01 -1.351888058707118034e-03 9.694818290881812572e-04 9.421816212125122547e-04 -9.999991059303283691e-01
-7.919017672538757324e-01 -6.106470823287963867e-01 -1.316508976742625237e-03 1.042546820826828480e-03 8.039231179282069206e-04 -9.999991655349731445e-01
-7.919018268585205078e-01 -6.106470823287963867e-01 -1.307190163061022758e-03 1.035167137160897255e-03 7.982325623743236065e-04 -9.999991655349731445e-01
-8.563481569290161133e-01 -5.163974165916442871e-01 -1.259229844436049461e-03 1.078339992091059685e-03 6.502635660581290722e-04 -9.999992251396179199e-01
-8.563481569290161133e-01 -5.163974165916442871e-01 -1.244433922693133354e-03 1.065669464878737926e-03 6.426229956559836864e-04 -9.999992251396179199e-01
-9.096314311027526855e-01 -4.154146313667297363e-01 -1.145678223110735416e-03 1.042145653627812862e-03 4.759317962452769279e-04 -9.999993443489074707e-01
-9.096314311027526855e-01 -4.154146313667297363e-01 -1.149408635683357716e-03 1.045538927428424358e-03 4.774814588017761707e-04 -9.999993443489074707e-01
-9.510560631752014160e-01 -3.090165853500366211e-01 -1.061835442669689655e-03 1.009865547530353069e-03 3.281249664723873138e-04 -9.999994635581970215e-01
-9.510560631752014160e-01 -3.090166151523590088e-01 -1.067906734533607960e-03 1.015639747492969036e-03 3.300010866951197386e-04 -9.999994635581970215e-01
-9.800820350646972656e-01 -1.985907107591629028e-01 -1.003541285172104836e-03 9.835532400757074356e-04 1.992940669879317284e-04 -9.999995231628417969e-01
-9.800819754600524902e-01 -1.985906958580017090e-01 -1.043191994540393353e-03 1.022414187900722027e-03 2.071683265967294574e-04 -9.999994635581970215e-01
-9.963313341140747070e-01 -8.557482808828353882e-02 -9.589017718099057674e-04 9.553842828609049320e-04 8.205788617487996817e-05 -9.999995827674865723e-01
-9.963312745094299316e-01 -8.557482063770294189e-02 -9.926278144121170044e-04 9.889865759760141373e-04 8.494398207403719425e-05 -9.999995231628417969e-01
-9.995917677879333496e-01 2.855601720511913300e-02 -9.342632838524878025e-04 9.338822565041482449e-04 -2.667884837137535214e-05 -9.999995827674865723e-01
-9.995917677879333496e-01 2.855601720511913300e-02 -9.522221516817808151e-04 9.518338483758270741e-04 -2.719168332987464964e-05 -9.999995827674865723e-01
-9.898210763931274414e-01 1.423147469758987427e-01 -9.373968350701034069e-04 9.278555517084896564e-04 -1.334054541075602174e-04 -9.999995827674865723e-01
-9.898210167884826660e-01 1.423147320747375488e-01 -9.612657595425844193e-04 9.514815756119787693e-04 -1.368023658869788051e-04 -9.999995827674865723e-01
-9.671463370323181152e-01 2.542186379432678223e-01 -9.349742322228848934e-04 9.042572928592562675e-04 -2.376879856456071138e-04 -9.999995827674865723e-01
-9.671463370323181152e-01 2.542186677455902100e-01 -9.534568525850772858e-04 9.221326909027993679e-04 -2.423866098979488015e-04 -9.999995827674865723e-01
-9.318637847900390625e-01 3.628071546554565430e-01 -9.517012513242661953e-04 8.868564036674797535e-04 -3.452842356637120247e-04 -9.999995827674865723e-01
-9.318637847900390625e-01 3.628071546554565430e-01 -9.587056702002882957e-04 8.933835779316723347e-04 -3.478254657238721848e-04 -9.999995827674865723e-01
-8.844324946403503418e-01 4.666672050952911377e-01 -9.566487860865890980e-04 8.460917160846292973e-04 -4.464368394110351801e-04 -9.999995827674865723e-01
-8.844324946403503418e-01 4.666672050952911377e-01 -9.576787124387919903e-04 8.470026077702641487e-04 -4.469174891710281372e-04 -9.999995827674865723e-01
-8.254716992378234863e-01 5.644426941871643066e-01 -9.576553129591047764e-04 7.905178354121744633e-04 -5.405418924055993557e-04 -9.999995827674865723e-01
-8.254716992378234863e-01 5.644426941871643066e-01 -9.676557965576648712e-04 7.987729040905833244e-04 -5.461865221150219440e-04 -9.999995231628417969e-01
-7.557491660118103027e-01 6.548604965209960938e-01 -9.774983627721667290e-04 7.387439254671335220e-04 -6.401253631338477135e-04 -9.999995231628417969e-01
-7.557491660118103027e-01 6.548604965209960938e-01 -9.821036364883184433e-04 7.422243361361324787e-04 -6.431411602534353733e-04 -9.999995231628417969e-01
-6.761745214462280273e-01 7.367408871650695801e-01 -9.900970617309212685e-04 6.694787298329174519e-04 -7.294453680515289307e-04 -9.999995231628417969e-01
-6.761744618415832520e-01 7.367408275604248047e-01 -1.009773230180144310e-03 6.827833130955696106e-04 -7.439416367560625076e-04 -9.999995231628417969e-01
-5.877851247787475586e-01 8.090164661407470703e-01 -1.012751716189086437e-03 5.952807259745895863e-04 -8.193333051167428493e-04 -9.999995231628417969e-01
-5.877851247787475586e-01 8.090164661407470703e-01 -1.029423088766634464e-03 6.050798692740499973e-04 -8.328206604346632957e-04 -9.999994635581970215e-01
-4.917322695255279541e-01 8.707458376884460449e-01 -1.032635685987770557e-03 5.077805835753679276e-04 -8.991637150757014751e-04 -9.999994635581970215e-01
-4.917322695255279541e-01 8.707458376884460449e-01 -1.038686255924403667e-03 5.107558099552989006e-04 -9.044322068803012371e-04 -9.999994635581970215e-01
-3.892697393894195557e-01 9.211232662200927734e-01 -1.049254438839852810e-03 4.084432148374617100e-04 -9.664931567385792732e-04 -9.999994635581970215e-01
-3.892697393894195557e-01 9.211232662200927734e-01 -1.046650344505906105e-03 4.074295284226536751e-04 -9.640944772399961948e-04 -9.999994635581970215e-01
-2.817328572273254395e-01 9.594923257827758789e-01 -1.059562084265053272e-03 2.985136234201490879e-04 -1.016642199829220772e-03 -9.999994635581970215e-01
-2.817328572273254395e-01 9.594923257827758789e-01 -1.058897934854030609e-03 2.983264857903122902e-04 -1.016005058772861958e-03 -9.999994635581970215e-01
-1.705217063426971436e-01 9.853533506393432617e-01 -1.068597193807363510e-03 1.822190970415249467e-04 -1.052946317940950394e-03 -9.999994039535522461e-01
-1.705217063426971436e-01 9.853533506393432617e-01 -1.072649494744837284e-03 1.829100947361439466e-04 -1.056939247064292431e-03 -9.999994039535522461e-01
