# https://github.com/mikedh/trimesh

o tier1_pml.obj
v -0.12786080 22.07750130 1.00000000
v -0.12786080 22.02574160 0.87625630
v -0.12786080 21.90078160 0.82500000
v -0.12786080 21.77582170 0.87625630
v -0.12786080 21.72406010 1.00000000
v -0.12786080 21.77582170 1.12374370
v -0.12786080 21.90078160 1.17500000
v -0.12786080 22.02574160 1.12374370
v 0.12176460 21.93586730 0.82500000
v 0.12176460 22.06082730 0.87625630
v 0.12176460 22.06082730 1.12374370
v 0.12176460 21.93586730 1.17500000
v 0.12176460 21.81090740 1.12374370
v 0.12176460 21.75914760 1.00000000
v 0.12176460 21.81090740 0.87625630
v -1.06764080 20.96082690 0.82500000
v -1.05041740 20.83828740 0.87625630
v -1.04328320 20.78753090 1.00000000
v -1.05041740 20.83828740 1.12374370
v -1.06764080 20.96082690 1.17500000
v -1.08486430 21.08336640 1.12374370
v -1.09199850 21.13412480 1.00000000
v -1.08486430 21.08336640 0.87625630
v -0.69247940 21.01355740 0.82500000
v -0.70970280 21.13609700 0.87625630
v -0.71683700 21.18685530 1.00000000
v -0.70970280 21.13609700 1.12374370
v -0.69247940 21.01355740 1.17500000
v -0.67525600 20.89101790 1.12374370
v -0.66812180 20.84026150 1.00000000
v -0.67525600 20.89101790 0.87625630
v 1.42251910 21.75304030 0.82500000
v 1.43974240 21.87557980 0.87625630
v 1.44687660 21.92633630 1.00000000
v 1.43974240 21.87557980 1.12374370
v 1.42251910 21.75304030 1.17500000
v 1.40529560 21.63050080 1.12374370
v 1.39816140 21.57974430 1.00000000
v 1.40529560 21.63050080 0.87625630
v 1.04735770 21.80577090 0.82500000
v 1.03013420 21.68323140 0.87625630
v 1.02300000 21.63247490 1.00000000
v 1.03013420 21.68323140 1.12374370
v 1.04735770 21.80577090 1.17500000
v 1.06458100 21.92831040 1.12374370
v 1.07171520 21.97906680 1.00000000
v 1.06458100 21.92831040 0.87625630
v -1.29033900 22.54525380 0.82500000
v -1.27311550 22.42271420 0.87625630
v -1.26598140 22.37195590 1.00000000
v -1.27311550 22.42271420 1.12374370
v -1.29033900 22.54525380 1.17500000
v -1.30756250 22.66779330 1.12374370
v -1.31469670 22.71854970 1.00000000
v -1.30756250 22.66779330 0.87625630
v -0.91517760 22.59798430 0.82500000
v -0.93240100 22.72052380 0.87625630
v -0.93953520 22.77128030 1.00000000
v -0.93240100 22.72052380 1.12374370
v -0.91517760 22.59798430 1.17500000
v -0.89795420 22.47544480 1.12374370
v -0.89082000 22.42468640 1.00000000
v -0.89795420 22.47544480 0.87625630
v -0.12786080 22.88536450 1.00000000
v -0.12786080 22.83360480 0.87625630
v -0.12786080 22.70864490 0.82500000
v -0.12786080 22.58368490 0.87625630
v -0.12786080 22.53192520 1.00000000
v -0.12786080 22.58368490 1.12374370
v -0.12786080 22.70864490 1.17500000
v -0.12786080 22.83360480 1.12374370
v 0.12176460 22.74373050 0.82500000
v 0.12176460 22.86869050 0.87625630
v 0.12176460 22.86869050 1.12374370
v 0.12176460 22.74373050 1.17500000
v 0.12176460 22.61877060 1.12374370
v 0.12176460 22.56701090 1.00000000
v 0.12176460 22.61877060 0.87625630
v -1.17898990 21.75304030 0.82500000
v -1.16176650 21.63050080 0.87625630
v -1.15463230 21.57974430 1.00000000
v -1.16176650 21.63050080 1.12374370
v -1.17898990 21.75304030 1.17500000
v -1.19621340 21.87557980 1.12374370
v -1.20334760 21.92633630 1.00000000
v -1.19621340 21.87557980 0.87625630
v -0.80382850 21.80577090 0.82500000
v -0.82105200 21.92831040 0.87625630
v -0.82818610 21.97906680 1.00000000
v -0.82105200 21.92831040 1.12374370
v -0.80382850 21.80577090 1.17500000
v -0.78660510 21.68323140 1.12374370
v -0.77947090 21.63247490 1.00000000
v -0.78660510 21.68323140 0.87625630
v -0.12786080 21.26963810 1.00000000
v -0.12786080 21.21787830 0.87625630
v -0.12786080 21.09291840 0.82500000
v -0.12786080 20.96795850 0.87625630
v -0.12786080 20.91619680 1.00000000
v -0.12786080 20.96795850 1.12374370
v -0.12786080 21.09291840 1.17500000
v -0.12786080 21.21787830 1.12374370
v 0.12176460 21.12800410 0.82500000
v 0.12176460 21.25296400 0.87625630
v 0.12176460 21.25296400 1.12374370
v 0.12176460 21.12800410 1.17500000
v 0.12176460 21.00304410 1.12374370
v 0.12176460 20.95128250 1.00000000
v 0.12176460 21.00304410 0.87625630
v 0.37138990 21.26963810 1.00000000
v 0.37138990 21.21787830 1.12374370
v 0.37138990 21.09291840 1.17500000
v 0.37138990 20.96795850 1.12374370
v 0.37138990 20.91619680 1.00000000
v 0.37138990 20.96795850 0.87625630
v 0.37138990 21.09291840 0.82500000
v 0.37138990 21.21787830 0.87625630
v 1.15870670 22.59798430 0.82500000
v 1.14148330 22.47544480 0.87625630
v 1.13434910 22.42468640 1.00000000
v 1.14148330 22.47544480 1.12374370
v 1.15870670 22.59798430 1.17500000
v 1.17593010 22.72052380 1.12374370
v 1.18306430 22.77128030 1.00000000
v 1.17593010 22.72052380 0.87625630
v 1.53386810 22.54525380 0.82500000
v 1.55109160 22.66779330 0.87625630
v 1.55822580 22.71854970 1.00000000
v 1.55109160 22.66779330 1.12374370
v 1.53386810 22.54525380 1.17500000
v 1.51664470 22.42271420 1.12374370
v 1.50951050 22.37195590 1.00000000
v 1.51664470 22.42271420 0.87625630
v -0.94285710 0.77000000 1.10000000
v -0.90830800 0.77000000 1.14755280
v -0.85240630 0.77000000 1.12938930
v -0.85240630 0.77000000 1.07061080
v -0.90830800 0.77000000 1.05244720
v -0.96285710 0.75000000 1.10000000
v -0.91448830 0.75000000 1.03342600
v -0.83622590 0.75000000 1.05885510
v -0.83622590 0.75000000 1.14114500
v -0.91448830 0.75000000 1.16657400
v -0.58571430 1.25000000 1.10000000
v -0.55116520 1.25000000 1.14755280
v -0.49526340 1.25000000 1.12938930
v -0.49526340 1.25000000 1.07061080
v -0.55116520 1.25000000 1.05244720
v -0.58571430 0.77000000 1.10000000
v -0.55116520 0.77000000 1.05244720
v -0.49526340 0.77000000 1.07061080
v -0.49526340 0.77000000 1.12938930
v -0.55116520 0.77000000 1.14755280
v 1.31117000 20.96082690 0.82500000
v 1.32839330 21.08336640 0.87625630
v 1.33552750 21.13412480 1.00000000
v 1.32839330 21.08336640 1.12374370
v 1.31117000 20.96082690 1.17500000
v 1.29394650 20.83828740 1.12374370
v 1.28681230 20.78753090 1.00000000
v 1.29394650 20.83828740 0.87625630
v 0.93600850 21.01355740 0.82500000
v 0.91878510 20.89101790 0.87625630
v 0.91165090 20.84026150 1.00000000
v 0.91878510 20.89101790 1.12374370
v 0.93600850 21.01355740 1.17500000
v 0.95323200 21.13609700 1.12374370
v 0.96036610 21.18685530 1.00000000
v 0.95323200 21.13609700 0.87625630
v 0.37138990 22.88536450 1.00000000
v 0.37138990 22.83360480 1.12374370
v 0.37138990 22.70864490 1.17500000
v 0.37138990 22.58368490 1.12374370
v 0.37138990 22.53192520 1.00000000
v 0.37138990 22.58368490 0.87625630
v 0.37138990 22.70864490 0.82500000
v 0.37138990 22.83360480 0.87625630
v -0.60571430 0.75000000 1.10000000
v -0.55734540 0.75000000 1.03342600
v -0.47908310 0.75000000 1.05885510
v -0.47908310 0.75000000 1.14114500
v -0.55734540 0.75000000 1.16657400
v -0.62143390 20.50809100 0.72739570
v -0.97353920 23.01320840 0.70240680
v -0.97353920 23.01320840 1.28345020
v -0.62143390 20.50809100 1.37402860
v 0.37138990 22.07750130 1.00000000
v 0.37138990 22.02574160 1.12374370
v 0.37138990 21.90078160 1.17500000
v 0.37138990 21.77582170 1.12374370
v 0.37138990 21.72406010 1.00000000
v 0.37138990 21.77582170 0.87625630
v 0.37138990 21.90078160 0.82500000
v 0.37138990 22.02574160 0.87625630
v 1.21706830 23.01320840 0.70240680
v 0.86496300 20.50809100 0.72739570
v 0.86496300 20.50809100 1.37402860
v 1.21706830 23.01320840 1.28345020
v -4.49999140 0.00357810 0.50000000
v -4.49999140 0.00357810 -0.50000000
v -4.46192170 0.66865150 -0.50000000
v -4.32609990 1.32082050 -0.50000000
v -4.09550190 1.94579760 -0.50000000
v -3.77517960 2.52989150 -0.50000000
v -3.37215070 3.06030580 -0.50000000
v -2.89524390 3.52542070 -0.50000000
v -2.35490750 3.91504670 -0.50000000
v -2.35490750 3.91504670 0.50000000
v -2.89524390 3.52542070 0.50000000
v -3.37215070 3.06030580 0.50000000
v -3.77517960 2.52989150 0.50000000
v -4.09550190 1.94579760 0.50000000
v -4.32609990 1.32082050 0.50000000
v -4.46192170 0.66865150 0.50000000
v -0.50000000 -1.98680400 -0.50000000
v -2.08664270 -1.75797710 -0.50000000
v -2.55793210 -1.62418450 -0.50000000
v -2.88186120 -1.50549150 -0.50000000
v -3.37578370 -1.28742460 -0.50000000
v -3.70919560 -1.09289630 -0.50000000
v -3.92527030 -0.93608420 -0.50000000
v -4.17819500 -0.69679580 -0.50000000
v -4.35995530 -0.46183720 -0.50000000
v -4.46803670 -0.22157350 -0.50000000
v -4.46803670 -0.22157350 0.50000000
v -4.30529830 -0.53951590 0.50000000
v -4.10574910 -0.77639680 0.50000000
v -3.92527030 -0.93608420 0.50000000
v -3.70919560 -1.09289630 0.50000000
v -3.37578370 -1.28742460 0.50000000
v -2.55793210 -1.62418450 0.50000000
v -1.41236620 -1.88819740 0.50000000
v -0.50000000 -1.98680400 0.50000000
v -0.22857140 1.25000000 1.10000000
v -0.19402230 1.25000000 1.14755280
v -0.13812060 1.25000000 1.12938930
v -0.13812060 1.25000000 1.07061080
v -0.19402230 1.25000000 1.05244720
v -0.22857140 0.77000000 1.10000000
v -0.19402230 0.77000000 1.05244720
v -0.13812060 0.77000000 1.07061080
v -0.13812060 0.77000000 1.12938930
v -0.19402230 0.77000000 1.14755280
v -5.00000000 0.00000000 -1.00000000
v -5.00000000 0.00000000 1.00000000
v -4.95707270 0.73822710 1.00000000
v -4.80574990 1.46205270 1.00000000
v -4.54934020 2.15564920 1.00000000
v -4.19345050 2.80385020 1.00000000
v -3.74586270 3.39248180 1.00000000
v -3.21636390 3.90867300 1.00000000
v -2.61653260 4.34113600 1.00000000
v -2.61653260 4.34113600 -1.00000000
v -3.21636390 3.90867300 -1.00000000
v -3.74586270 3.39248180 -1.00000000
v -4.19345050 2.80385020 -1.00000000
v -4.54934020 2.15564920 -1.00000000
v -4.80574990 1.46205270 -1.00000000
v -4.95707270 0.73822710 -1.00000000
v -0.95487090 23.20967860 0.70044700
v -0.84945670 23.37652400 0.69878270
v -0.68003790 23.47774890 0.69777300
v -0.48316300 23.49151610 0.69763570
v -0.30130400 23.41485790 0.69840030
v -0.17369350 23.26430890 0.69990210
v -0.12786080 23.07234950 0.70181690
v -0.12786080 23.07234950 1.28131190
v -0.17369350 23.26430890 1.27437100
v -0.30130400 23.41485790 1.26892770
v -0.48316300 23.49151610 1.26615580
v -0.68003790 23.47774890 1.26665370
v -0.84945670 23.37652400 1.27031370
v -0.95487090 23.20967860 1.27634630
v 0.37138990 20.54260830 0.72705140
v 0.37138990 23.07234950 0.70181690
v 0.37138990 23.07234950 1.28131190
v 0.37138990 20.54260830 1.37278040
v 0.80251370 20.37538530 0.72871950
v 0.67601100 20.30116650 0.72945980
v 0.52970170 20.31139950 0.72935770
v 0.41476020 20.40250210 0.72844900
v 0.41476020 20.40250210 1.37784640
v 0.52970170 20.31139950 1.38114040
v 0.67601100 20.30116650 1.38151040
v 0.80251370 20.37538530 1.37882690
v 0.12176460 24.59168430 0.68666130
v -1.44519270 23.64698790 0.69608480
v -1.44519270 23.64698790 1.26053450
v 0.12176460 24.59168430 1.22637680
v -0.94978650 20.12233160 0.73124370
v -0.94978650 20.12233160 1.38797650
v -2.11869960 4.09933950 -0.50000000
v -1.60983910 4.82808830 -0.50000000
v -1.51611170 5.21639920 -0.50000000
v -1.51220410 5.51597020 -0.50000000
v -1.63651180 6.09703400 -0.50000000
v -1.76264350 6.36878540 -0.50000000
v -1.76264350 6.36878540 0.50000000
v -1.59446800 6.00645020 0.50000000
v -1.52160780 5.66587260 0.50000000
v -1.51611170 5.21639920 0.50000000
v -1.58640720 4.92516610 0.50000000
v -1.78740860 4.47026300 0.50000000
v 4.46375470 -0.10493590 0.50000000
v 4.49999140 0.00357810 -0.50000000
v 4.46803670 -0.22157350 -0.50000000
v 4.30529830 -0.53951590 -0.50000000
v 4.10574910 -0.77639680 -0.50000000
v 3.92527030 -0.93608420 -0.50000000
v 3.70919560 -1.09289630 -0.50000000
v 3.37578370 -1.28742460 -0.50000000
v 2.55793210 -1.62418450 -0.50000000
v 2.08664270 -1.75797710 -0.50000000
v 1.31604100 -1.90680040 -0.50000000
v 0.50000000 -1.98680400 -0.50000000
v 0.50000000 -1.98680400 0.50000000
v 1.31604100 -1.90680040 0.50000000
v 2.08664270 -1.75797710 0.50000000
v 2.55793210 -1.62418450 0.50000000
v 3.37578370 -1.28742460 0.50000000
v 3.70919560 -1.09289630 0.50000000
v 3.92527030 -0.93608420 0.50000000
v 4.17819500 -0.69679580 0.50000000
v 4.35504530 -0.43047800 0.50000000
v 0.12857140 0.77000000 1.10000000
v 0.16312060 0.77000000 1.14755280
v 0.21902230 0.77000000 1.12938930
v 0.21902230 0.77000000 1.07061080
v 0.16312060 0.77000000 1.05244720
v 0.10857140 0.75000000 1.10000000
v 0.15694020 0.75000000 1.03342600
v 0.23520260 0.75000000 1.05885510
v 0.23520260 0.75000000 1.14114500
v 0.15694020 0.75000000 1.16657400
v 5.00000000 -0.00000000 -1.00000000
v 5.00000000 -0.00000000 1.00000000
v 4.97592350 -0.24504280 1.00000000
v 4.90392640 -0.48772580 1.00000000
v 4.78470180 -0.72571170 1.00000000
v 4.61939760 -0.95670860 1.00000000
v 4.40960650 -1.17849180 1.00000000
v 4.15734820 -1.38892560 1.00000000
v 3.86505220 -1.58598320 1.00000000
v 3.53553390 -1.76776700 1.00000000
v 2.77785110 -2.07867410 1.00000000
v 2.46220060 -2.17327090 1.00000000
v 1.91341720 -2.30969880 1.00000000
v 0.97545160 -2.45196320 1.00000000
v -0.00000000 -2.50000000 1.00000000
v -0.97545160 -2.45196320 1.00000000
v -1.91341720 -2.30969880 1.00000000
v -2.24609210 -2.23102710 1.00000000
v -3.17196630 -1.93252610 1.00000000
v -3.53553390 -1.76776700 1.00000000
v -3.86505220 -1.58598320 1.00000000
v -4.15734820 -1.38892560 1.00000000
v -4.40960650 -1.17849180 1.00000000
v -4.61939760 -0.95670860 1.00000000
v -4.82350730 -0.63587990 1.00000000
v -4.93992520 -0.36638410 1.00000000
v -4.97592350 -0.24504280 -1.00000000
v -4.90392640 -0.48772580 -1.00000000
v -4.78470180 -0.72571170 -1.00000000
v -4.61939760 -0.95670860 -1.00000000
v -4.40960650 -1.17849180 -1.00000000
v -4.15734820 -1.38892560 -1.00000000
v -3.86505220 -1.58598320 -1.00000000
v -3.53553390 -1.76776700 -1.00000000
v -2.77785110 -2.07867410 -1.00000000
v -2.35698370 -2.20480320 -1.00000000
v -2.02430890 -2.28347490 -1.00000000
v -1.09269740 -2.43418000 -1.00000000
v 0.97545160 -2.45196320 -1.00000000
v 1.79617140 -2.32748200 -1.00000000
v 2.35698370 -2.20480320 -1.00000000
v 2.77785110 -2.07867410 -1.00000000
v 3.07343770 -1.96906300 -1.00000000
v 3.53553390 -1.76776700 -1.00000000
v 3.86505220 -1.58598320 -1.00000000
v 4.15734820 -1.38892560 -1.00000000
v 4.40960650 -1.17849180 -1.00000000
v 4.61939760 -0.95670860 -1.00000000
v 4.78470180 -0.72571170 -1.00000000
v 4.90392640 -0.48772580 -1.00000000
v 4.97592350 -0.24504280 -1.00000000
v -0.24857140 0.75000000 1.10000000
v -0.20020260 0.75000000 1.03342600
v -0.12194020 0.75000000 1.05885510
v -0.12194020 0.75000000 1.14114500
v -0.20020260 0.75000000 1.16657400
v -0.94285710 1.25000000 1.10000000
v -0.90830800 1.25000000 1.14755280
v -0.85240630 1.25000000 1.12938930
v -0.85240630 1.25000000 1.07061080
v -0.90830800 1.25000000 1.05244720
v -2.35590530 4.55241730 1.00000000
v -2.15865180 4.82381630 1.00000000
v -2.03814320 5.13693570 1.00000000
v -2.00254800 5.47055150 1.00000000
v -2.05427930 5.80204820 1.00000000
v -2.18983030 6.10895590 1.00000000
v -2.18983030 6.10895590 -1.00000000
v -2.05427930 5.80204820 -1.00000000
v -2.00254800 5.47055150 -1.00000000
v -2.03814320 5.13693570 -1.00000000
v -2.15865180 4.82381630 -1.00000000
v -2.35590530 4.55241730 -1.00000000
v 1.19331560 20.12233160 0.73124370
v 1.68872180 23.64698790 0.69608480
v 1.68872180 23.64698790 1.26053450
v 1.19331560 20.12233160 1.38797650
v -0.12786080 20.54260830 0.72705140
v -0.17123110 20.40250210 0.72844900
v -0.28617250 20.31139950 0.72935770
v -0.43248190 20.30116650 0.72945980
v -0.55898460 20.37538530 0.72871950
v -0.55898460 20.37538530 1.37882690
v -0.43248190 20.30116650 1.38151040
v -0.28617250 20.31139950 1.38114040
v -0.17123110 20.40250210 1.37784640
v -0.12786080 20.54260830 1.37278040
v -2.08067890 6.98245050 -0.50000000
v -2.31217720 7.63371090 -0.50000000
v -2.45282460 8.31043050 -0.50000000
v -2.50000000 9.00000000 -0.50000000
v -2.43941500 9.07671740 0.50000000
v -2.45282460 8.31043050 0.50000000
v -2.31217720 7.63371090 0.50000000
v -2.08067890 6.98245050 0.50000000
v 2.35490750 3.91504670 0.50000000
v 2.35490750 3.91504670 -0.50000000
v 2.89524390 3.52542070 -0.50000000
v 3.37215070 3.06030580 -0.50000000
v 3.77517960 2.52989150 -0.50000000
v 4.09550190 1.94579760 -0.50000000
v 4.32609990 1.32082050 -0.50000000
v 4.46192170 0.66865150 -0.50000000
v 4.46560530 0.55795160 0.50000000
v 4.34755230 1.21200040 0.50000000
v 4.09550190 1.94579760 0.50000000
v 3.77517960 2.52989150 0.50000000
v 3.37215070 3.06030580 0.50000000
v 2.89524390 3.52542070 0.50000000
v 0.48571430 1.25000000 1.10000000
v 0.52026340 1.25000000 1.14755280
v 0.57616510 1.25000000 1.12938930
v 0.57616510 1.25000000 1.07061080
v 0.52026340 1.25000000 1.05244720
v 0.48571430 0.77000000 1.10000000
v 0.52026340 0.77000000 1.05244720
v 0.57616510 0.77000000 1.07061080
v 0.57616510 0.77000000 1.12938930
v 0.52026340 0.77000000 1.14755280
v 2.61653260 4.34113600 -1.00000000
v 2.61653260 4.34113600 1.00000000
v 3.21636390 3.90867300 1.00000000
v 3.74586270 3.39248180 1.00000000
v 4.19345050 2.80385020 1.00000000
v 4.54934020 2.15564920 1.00000000
v 4.80574990 1.46205270 1.00000000
v 4.95707270 0.73822710 1.00000000
v 4.95707270 0.73822710 -1.00000000
v 4.80574990 1.46205270 -1.00000000
v 4.54934020 2.15564920 -1.00000000
v 4.19345050 2.80385020 -1.00000000
v 3.74586270 3.39248180 -1.00000000
v 3.21636390 3.90867300 -1.00000000
v 0.12857140 1.25000000 1.10000000
v 0.16312060 1.25000000 1.14755280
v 0.21902230 1.25000000 1.12938930
v 0.21902230 1.25000000 1.07061080
v 0.16312060 1.25000000 1.05244720
v -2.53927140 6.78321980 1.00000000
v -2.79362990 7.49879120 1.00000000
v -2.94816610 8.24233630 1.00000000
v -3.00000000 9.00000000 1.00000000
v -3.00000000 9.00000000 -1.00000000
v -2.94816610 8.24233630 -1.00000000
v -2.79362990 7.49879120 -1.00000000
v -2.53927140 6.78321980 -1.00000000
v 1.72059970 6.27820160 0.50000000
v 1.76264350 6.36878540 -0.50000000
v 1.51090150 5.61582710 -0.50000000
v 1.60983910 4.82808830 -0.50000000
v 1.74301620 4.55971910 -0.50000000
v 2.03996350 4.16077040 -0.50000000
v 2.11869960 4.09933950 0.50000000
v 1.60983910 4.82808830 0.50000000
v 1.53179310 5.71348290 0.50000000
v 1.59446800 6.00645020 0.50000000
v 0.46571430 0.75000000 1.10000000
v 0.51408310 0.75000000 1.03342600
v 0.59234550 0.75000000 1.05885510
v 0.59234550 0.75000000 1.14114500
v 0.51408310 0.75000000 1.16657400
v 2.18983030 6.10895590 -1.00000000
v 2.18983030 6.10895590 1.00000000
v 2.05427930 5.80204820 1.00000000
v 2.00254800 5.47055150 1.00000000
v 2.03814320 5.13693570 1.00000000
v 2.15865180 4.82381630 1.00000000
v 2.35590530 4.55241730 1.00000000
v 2.35590530 4.55241730 -1.00000000
v 2.15865180 4.82381630 -1.00000000
v 2.03814320 5.13693570 -1.00000000
v 2.00254800 5.47055150 -1.00000000
v 2.05427930 5.80204820 -1.00000000
v 0.64572860 19.78980060 0.73456070
v 0.64572860 19.78980060 1.40000000
v -0.94942830 6.52817060 0.50000000
v -0.89798560 6.21989150 0.50000000
v -0.74923240 5.94501970 0.50000000
v -0.51928810 5.73334120 0.50000000
v -0.23307090 5.60779480 0.50000000
v 0.07840320 5.58198500 0.50000000
v 0.38138100 5.65870950 0.50000000
v 0.64303030 5.82965370 0.50000000
v 0.83499730 6.07629250 0.50000000
v 0.93647930 6.37190010 0.50000000
v 0.93647930 6.68444160 0.50000000
v 0.83499730 6.98004870 0.50000000
v 0.64303030 7.22668790 0.50000000
v 0.38138100 7.39763160 0.50000000
v 0.07840320 7.47435620 0.50000000
v -0.23307090 7.44854690 0.50000000
v -0.51928810 7.32300040 0.50000000
v -0.74923240 7.11132140 0.50000000
v -0.89798560 6.83644960 0.50000000
v -2.35622450 9.36189460 0.50000000
v -2.14509770 9.62259860 0.50000000
v -1.84699590 9.85351180 0.50000000
v -1.62651590 9.96825790 0.50000000
v -1.27368270 10.09890940 0.50000000
v -0.95741440 10.18884280 0.50000000
v 0.00000000 10.31295780 0.50000000
v 0.50000000 10.26198200 0.50000000
v 0.95741440 10.18884280 0.50000000
v 1.37910540 10.06893160 0.50000000
v 1.62651590 9.96825790 0.50000000
v 1.84699590 9.85351180 0.50000000
v 2.03745220 9.72854520 0.50000000
v 2.28653000 9.48787310 0.50000000
v 2.47493100 9.17144970 0.50000000
v 2.50000000 9.00000000 0.50000000
v 2.45282460 8.31043050 0.50000000
v 2.31217720 7.63371090 0.50000000
v 2.08067890 6.98245050 0.50000000
v 0.41722260 23.26430890 0.69990210
v 0.54483310 23.41485790 0.69840030
v 0.72669210 23.49151610 0.69763570
v 0.92356700 23.47774890 0.69777300
v 1.09298590 23.37652400 0.69878270
v 1.19840000 23.20967860 0.70044700
v 1.19840000 23.20967860 1.27634630
v 1.09298590 23.37652400 1.27031370
v 0.92356700 23.47774890 1.26665370
v 0.72669210 23.49151610 1.26615580
v 0.54483310 23.41485790 1.26892770
v 0.41722260 23.26430890 1.27437100
v -0.40219950 19.78980060 1.40000000
v 0.12176460 19.78271100 1.40000000
v 2.48746540 9.08572480 -0.50000000
v 2.45282460 8.31043050 -0.50000000
v 2.31217720 7.63371090 -0.50000000
v 2.08067890 6.98245050 -0.50000000
v 0.84285710 1.25000000 1.10000000
v 0.87740630 1.25000000 1.14755280
v 0.93330800 1.25000000 1.12938930
v 0.93330800 1.25000000 1.07061080
v 0.87740630 1.25000000 1.05244720
v 0.84285710 0.77000000 1.10000000
v 0.87740630 0.77000000 1.05244720
v 0.93330800 0.77000000 1.07061080
v 0.93330800 0.77000000 1.12938930
v 0.87740630 0.77000000 1.14755280
v 2.98186830 9.13255790 -1.00000000
v 3.00000000 9.00000000 1.00000000
v 2.94816610 8.24233630 1.00000000
v 2.79362990 7.49879120 1.00000000
v 2.53927140 6.78321980 1.00000000
v 2.53927140 6.78321980 -1.00000000
v 2.79362990 7.49879120 -1.00000000
v 2.94816610 8.24233630 -1.00000000
v -2.98546580 9.17732910 -1.00000000
v -2.85616300 9.52237990 -1.00000000
v -2.49172330 10.00346850 -1.00000000
v -2.21085290 10.20743180 -1.00000000
v -1.66163780 10.49696350 -1.00000000
v -1.14295570 10.65934370 -1.00000000
v -0.58168200 10.75614260 -1.00000000
v 0.00000000 10.78353400 -1.00000000
v 0.58168200 10.75614260 -1.00000000
v 1.14295570 10.65934370 -1.00000000
v 1.66163780 10.49696350 -1.00000000
v 2.00333070 10.33080670 -1.00000000
v 2.77031950 9.69185730 -1.00000000
v 0.12176460 19.78316310 0.73462690
v 0.12176460 19.78271100 1.20000000
v 0.12176460 19.78271100 0.77855270
v -0.14133600 19.78627010 0.79286530
v -0.40219950 19.78980060 0.82997570
v -0.40219950 19.78980060 0.73456070
v -0.40219950 19.78980060 1.20000000
v 0.00000000 10.31295780 -0.50000000
v 0.95741440 10.18884280 -0.50000000
v 1.37910540 10.06893160 -0.50000000
v 1.62651590 9.96825790 -0.50000000
v 1.94222350 9.79102900 -0.50000000
v 2.19479110 9.59720710 -0.50000000
v 2.37826900 9.37853910 -0.50000000
v -1.25000000 0.75000000 1.00000000
v 1.25000000 0.75000000 1.00000000
v 1.25000000 0.75000000 1.20000000
v -1.25000000 0.75000000 1.20000000
v 0.82285710 0.75000000 1.10000000
v 0.87122600 0.75000000 1.16657400
v 0.94948830 0.75000000 1.14114500
v 0.94948830 0.75000000 1.05885510
v 0.87122600 0.75000000 1.03342600
v 0.79931200 10.72727490 0.90000000
v 0.79931200 10.72727490 1.00000000
v 1.25538180 10.63070770 1.00000000
v 1.67922310 10.48997970 1.00000000
v 1.96432350 10.35417080 1.00000000
v 2.38549040 10.09237480 1.00000000
v 2.64879010 9.84626670 1.00000000
v 2.84212610 9.57724090 1.00000000
v 2.96026250 9.29258250 1.00000000
v -0.00000000 10.78353400 0.77855270
v 0.30030570 10.77510070 0.80101470
v 1.25000000 1.25000000 1.20000000
v -1.25000000 1.25000000 1.20000000
v -2.19479110 9.59720710 -0.50000000
v -1.94222350 9.79102900 -0.50000000
v -1.62651590 9.96825790 -0.50000000
v -1.37910540 10.06893160 -0.50000000
v -1.06283720 10.15886500 -0.50000000
v -0.50000000 10.26198200 -0.50000000
v 1.25000000 1.25000000 1.00000000
v 0.75864430 7.72167780 1.00000000
v 0.75864430 7.72167780 1.05000000
v 1.13796260 5.71772480 1.05000000
v -0.84227980 7.66420080 1.05000000
v -0.84227980 7.66420080 1.00000000
v -1.31928800 7.03756140 1.00000000
v -1.38653400 6.74695010 1.00000000
v -1.25569020 5.87760020 1.00000000
v -0.71303300 5.30686660 1.00000000
v 0.05074060 5.11486770 1.00000000
v 0.34437180 5.16738080 1.00000000
v 0.79877920 5.36114360 1.00000000
v 1.09213390 5.62970300 1.00000000
v 1.24736650 5.88441800 1.00000000
v 1.39657940 6.75080440 1.00000000
v 1.03982280 7.48131420 1.00000000
v -0.40114620 10.77223870 0.80856780
v -0.80083770 10.72703550 0.90000000
v -0.67816220 19.79353330 0.90000000
v -0.58701600 19.79230120 0.87342210
v 0.39202990 19.77905460 0.79213800
v 0.65957110 19.77543450 0.83275690
v 0.92169140 19.77188680 0.90000000
v 0.92169140 19.77188680 1.20000000
v -1.25000000 1.25000000 1.00000000
v 0.75036610 7.10986190 1.05000000
v 0.89761410 6.83752970 1.05000000
v 0.94941930 6.53230380 1.05000000
v 0.90027340 6.22663780 1.05000000
v 0.75540200 5.95303440 1.05000000
v 0.53020920 5.74058440 1.05000000
v 0.24863960 5.61187790 1.05000000
v -0.05936770 5.58060030 1.05000000
v -0.36106250 5.65007730 1.05000000
v -0.62436570 5.81292150 1.05000000
v -0.82128050 6.05181740 1.05000000
v -0.93086910 6.34136390 1.05000000
v -0.94147900 6.65077350 1.05000000
v -0.85198200 6.94714640 1.05000000
v -0.67816220 19.79353330 1.20000000
v 0.75036610 7.10986190 1.20000000
v 0.51540460 7.32552390 1.20000000
v 0.22228410 7.45121150 1.20000000
v -0.09591940 7.47274110 1.20000000
v -0.40329910 7.38768430 1.20000000
v -0.66517000 7.20563890 1.20000000
v -0.85198200 6.94714640 1.20000000
v 0.91961650 19.61854360 1.20000000
v -0.68053000 19.61854360 1.20000000
v -0.80083770 10.72703550 1.00000000
v -1.25664210 10.63036820 1.00000000
v -2.06007980 10.30849360 1.00000000
v -2.38597300 10.09199620 1.00000000
v -2.64907050 9.84595010 1.00000000
v -2.84225370 9.57701400 1.00000000
v -2.96029470 9.29246430 1.00000000
v -0.67850040 19.76854320 1.20000000
v 0.92164610 19.76854320 1.20000000
v -0.83118460 19.61854360 1.50000000
v -0.83118460 19.61854360 1.20000000
v 1.16881540 19.61854360 1.20000000
v 1.16881540 19.61854360 1.50000000
v 1.16881540 19.76854320 1.20000000
v 1.16881540 19.76854320 1.50000000
v -0.83118460 19.76854320 1.20000000
v -0.83118460 19.76854320 1.50000000
v -0.02196030 22.86114310 1.10979340
v -0.00287120 22.72532840 1.17499780
v 0.01612630 22.59016800 1.10842530
v 0.02072660 22.55743790 0.96020630
v 0.00746560 22.65178680 0.84195270
v -0.00959030 22.77313420 0.83154140
v -0.02543800 22.88588520 0.93202610
v -1.28404410 22.50046730 0.97994950
v -1.28653260 22.51817130 0.95814170
v -1.29091370 22.54934120 0.95017080
v -1.29505240 22.57878680 0.96321380
v -1.29720340 22.59409140 0.99177030
v -1.29645960 22.58879850 1.02379740
v -1.29313460 22.56514170 1.04578860
v -1.28863060 22.53309820 1.04847000
v -1.28484710 22.50617980 1.03071060
v -1.28375670 22.49842260 1.01623500
v -1.31411280 22.71439550 0.96191240
v -1.30288550 22.63451770 0.85082510
v -1.28397640 22.49998660 0.83107580
v -1.27070860 22.40558820 0.90613240
v -1.26713620 22.38017270 1.05324510
v -1.27121970 22.40922550 1.10842530
v -1.30930640 22.68020060 1.10979340
v -0.78862370 22.56801610 0.98376500
v -0.79055670 22.58176800 0.96371640
v -0.79463910 22.61081310 0.95085040
v -0.79896030 22.64155770 0.95871260
v -0.80169830 22.66103740 0.98398460
v -0.80169840 22.66103740 1.01601360
v -0.79896030 22.64155770 1.04128740
v -0.79463910 22.61081310 1.04914960
v -0.79055670 22.58176800 1.03628360
v -0.78843510 22.56667330 1.00811620
v -0.77166810 22.60495190 0.99745080
v -0.01262180 22.07624240 0.93476640
v -0.01217680 22.07307430 1.08215960
v 0.00426560 21.95609280 1.17117630
v 0.02076500 21.83870320 1.15451470
v 0.03367230 21.74687190 1.00610510
v 0.03249490 21.75524900 0.94591980
v 0.01804620 21.85804560 0.84123340
v 0.00805930 21.92910190 0.82590500
v -0.00210600 22.00142290 0.84548530
v -1.17263050 21.70779420 0.98089360
v -1.17489930 21.72393800 0.95954910
v -1.17898990 21.75304030 0.95000000
v -1.18308060 21.78214260 0.95954910
v -1.18560860 21.80013080 0.98454920
v -1.18560860 21.80013080 1.01545080
v -1.18308060 21.78214260 1.04045080
v -1.17898990 21.75304030 1.05000000
v -1.17489930 21.72393800 1.04045080
v -1.17237130 21.70594980 1.01545080
v -1.19964650 21.90000530 0.90726610
v -1.19709130 21.88182640 0.88290390
v -1.18129740 21.76945880 0.83157990
v -1.16366310 21.64399530 0.86634650
v -1.15486940 21.58143040 0.97564240
v -1.15490580 21.58168980 1.02124360
v -1.16399360 21.64634700 1.13790050
v -1.18405380 21.78906820 1.17117630
v -1.20049630 21.90605160 1.08215960
v -0.67773240 21.77906040 0.97757910
v -0.67976620 21.79352950 0.95954910
v -0.68385680 21.82263370 0.95000000
v -0.68794740 21.85173610 0.95954910
v -0.69064580 21.87093540 0.99227460
v -0.68998130 21.86620710 1.02242000
v -0.68697740 21.84483530 1.04400180
v -0.68278160 21.81498340 1.04877640
v -0.67899630 21.78805160 1.03491910
v -0.67706780 21.77433200 1.00772550
v -0.66017070 21.81295390 0.99796050
v -0.00060430 21.27227780 0.93909410
v -0.00006080 21.26841160 1.07930720
v 0.01506760 21.16077800 1.16848470
v 0.02402550 21.09704590 1.17251900
v 0.03719040 21.00337980 1.12966990
v 0.04600160 20.94069290 1.00449820
v 0.04577250 20.94232180 0.97564240
v 0.03503810 21.01869200 0.85847870
v 0.01628150 21.15214160 0.82930670
v 0.01244430 21.17944340 0.83798570
v -1.06128140 20.91558270 0.98089360
v -1.06355020 20.93172450 0.95954910
v -1.06764080 20.96082690 0.95000000
v -1.07173140 20.98993110 0.95954910
v -1.07425950 21.00791740 0.98454920
v -1.07425950 21.00791740 1.01545080
v -1.07173140 20.98993110 1.04045080
v -1.06764080 20.96082690 1.05000000
v -1.06355020 20.93172450 1.04045080
v -1.06102220 20.91373830 1.01545080
v -1.09199040 21.13406750 0.99550170
v -1.08367170 21.07488250 0.86824420
v -1.06303120 20.92803190 0.82877100
v -1.05140460 20.84531020 0.87922350
v -1.04352030 20.78921700 0.97564240
v -1.04881010 20.82685280 1.11100150
v -1.06625400 20.95096020 1.17471610
v -1.08459290 21.08143620 1.12566260
v -0.56588900 20.98332980 0.98454920
v -0.56938710 21.00821880 0.95599820
v -0.57358300 21.03807070 0.95122360
v -0.57736830 21.06500240 0.96508090
v -0.57929670 21.07872200 0.99227460
v -0.57863220 21.07399370 1.02242000
v -0.57562840 21.05262370 1.04400130
v -0.57143250 21.02276990 1.04877640
v -0.56764730 20.99584200 1.03492000
v -0.56571870 20.98211860 1.00772550
v -0.54935110 21.02807620 1.01089690
v 0.26935940 22.88867570 0.96899430
v 0.26421160 22.85205080 0.87969800
v 0.24446000 22.71152500 0.82562820
v 0.22710870 22.58807750 0.89753680
v 0.22236880 22.55435370 1.02262340
v 0.23027430 22.61059950 1.12617890
v 0.24857570 22.74080660 1.17366980
v 0.26548940 22.86114310 1.10979340
v 1.55564620 22.70019720 0.93244890
v 1.55525930 22.69744490 1.08369650
v 1.53809750 22.57534410 1.17234170
v 1.52127080 22.45562740 1.14977790
v 1.50971500 22.37341120 1.02262340
v 1.51694790 22.42486950 0.88055590
v 1.52750560 22.49998660 0.83107580
v 1.54454610 22.62122340 0.84271200
v 0.25437410 22.06359860 1.08788910
v 0.25802500 22.08957480 0.96361770
v 0.25357860 22.05793760 0.89508500
v 0.22913570 21.88403510 0.82882370
v 0.21269320 21.76705360 0.91784040
v 0.21207200 21.76263240 1.05496980
v 0.21920330 21.81336980 1.13790050
v 0.23926350 21.95609280 1.17117630
v 0.24332380 21.98497960 1.16225800
v 1.44507070 21.91348840 1.05119290
v 1.43164320 21.81795690 1.16225800
v 1.41812040 21.72174450 1.17026460
v 1.40314010 21.61516570 1.10491490
v 1.39857210 21.58266450 1.00208950
v 1.40247810 21.61045460 0.90649140
v 1.41339480 21.68812370 0.83774200
v 1.42886220 21.79817010 0.83701750
v 1.43970670 21.87532420 0.87859230
v 1.44510320 21.91371920 0.93444600
v 0.24093400 21.24951550 1.10262510
v 0.24579150 21.28407480 0.96676860
v 0.23467090 21.20495610 0.85108390
v 0.22621510 21.14479450 0.82946500
v 0.21191550 21.04306030 0.84457890
v 0.19864360 20.94863320 0.94745090
v 0.19775660 20.94232180 0.97564240
v 0.20357950 20.98374940 1.10952590
v 0.22049030 21.10406490 1.17471610
v 0.22451180 21.13267710 1.17397320
v 1.33342600 21.11917110 0.93909410
v 1.33288280 21.11530690 1.07930720
v 1.31775440 21.00767330 1.16848470
v 1.30196230 20.89531710 1.16201440
v 1.29287240 20.83064650 1.10952590
v 1.28704940 20.78921700 0.97564240
v 1.28793640 20.79552840 0.94745090
v 1.30120840 20.88995360 0.84457890
v 1.32037770 21.02633670 0.83798570
v -0.83806310 7.92583940 1.25000000
v -0.83806310 7.92583940 1.20000000
v 0.76073030 7.92583940 1.20000000
v 0.76073030 7.92583940 1.25000000
v 0.76073030 7.97583960 1.20000000
v 0.76073030 7.97583960 1.25000000
v -0.83806310 7.97583960 1.20000000
v -0.83806310 7.97583960 1.25000000
v -0.82453370 8.92574790 1.25000000
v -0.82453370 8.92574790 1.20000000
v 0.77425970 8.92574790 1.20000000
v 0.77425970 8.92574790 1.25000000
v 0.77425970 8.97574810 1.20000000
v 0.77425970 8.97574810 1.25000000
v -0.82453370 8.97574810 1.20000000
v -0.82453370 8.97574810 1.25000000
v -0.81100430 9.92565630 1.25000000
v -0.81100430 9.92565630 1.20000000
v 0.78778900 9.92565630 1.20000000
v 0.78778900 9.92565630 1.25000000
v 0.78778900 9.97565650 1.20000000
v 0.78778900 9.97565650 1.25000000
v -0.81100430 9.97565650 1.20000000
v -0.81100430 9.97565650 1.25000000
v -0.79747490 10.92556480 1.25000000
v -0.79747490 10.92556480 1.20000000
v 0.80131850 10.92556480 1.20000000
v 0.80131850 10.92556480 1.25000000
v 0.80131850 10.97556500 1.20000000
v 0.80131850 10.97556500 1.25000000
v -0.79747490 10.97556500 1.20000000
v -0.79747490 10.97556500 1.25000000
v -0.78394560 11.92547320 1.25000000
v -0.78394560 11.92547320 1.20000000
v 0.81484780 11.92547320 1.20000000
v 0.81484780 11.92547320 1.25000000
v 0.81484780 11.97547340 1.20000000
v 0.81484780 11.97547340 1.25000000
v -0.78394560 11.97547340 1.20000000
v -0.78394560 11.97547340 1.25000000
v -0.77041610 12.92538170 1.25000000
v -0.77041610 12.92538170 1.20000000
v 0.82837720 12.92538170 1.20000000
v 0.82837720 12.92538170 1.25000000
v 0.82837720 12.97538190 1.20000000
v 0.82837720 12.97538190 1.25000000
v -0.77041610 12.97538190 1.20000000
v -0.77041610 12.97538190 1.25000000
v -0.75688670 13.92529010 1.25000000
v -0.75688670 13.92529010 1.20000000
v 0.84190670 13.92529010 1.20000000
v 0.84190670 13.92529010 1.25000000
v 0.84190670 13.97529030 1.20000000
v 0.84190670 13.97529030 1.25000000
v -0.75688670 13.97529030 1.20000000
v -0.75688670 13.97529030 1.25000000
v -0.74335740 14.92519860 1.25000000
v -0.74335740 14.92519860 1.20000000
v 0.85543600 14.92519860 1.20000000
v 0.85543600 14.92519860 1.25000000
v 0.85543600 14.97519870 1.20000000
v 0.85543600 14.97519870 1.25000000
v -0.74335740 14.97519870 1.20000000
v -0.74335740 14.97519870 1.25000000
v -0.72982790 15.92510700 1.25000000
v -0.72982790 15.92510700 1.20000000
v 0.86896540 15.92510700 1.20000000
v 0.86896540 15.92510700 1.25000000
v 0.86896540 15.97510720 1.20000000
v 0.86896540 15.97510720 1.25000000
v -0.72982790 15.97510720 1.20000000
v -0.72982790 15.97510720 1.25000000
v -0.71629860 16.92501640 1.25000000
v -0.71629860 16.92501640 1.20000000
v 0.88249480 16.92501640 1.20000000
v 0.88249480 16.92501640 1.25000000
v 0.88249480 16.97501560 1.20000000
v 0.88249480 16.97501560 1.25000000
v -0.71629860 16.97501560 1.20000000
v -0.71629860 16.97501560 1.25000000
v -0.70276920 17.92492490 1.25000000
v -0.70276920 17.92492490 1.20000000
v 0.89602420 17.92492490 1.20000000
v 0.89602420 17.92492490 1.25000000
v 0.89602420 17.97492410 1.20000000
v 0.89602420 17.97492410 1.25000000
v -0.70276920 17.97492410 1.20000000
v -0.70276920 17.97492410 1.25000000
v -0.68923980 18.92483330 1.25000000
v -0.68923980 18.92483330 1.20000000
v 0.90955360 18.92483330 1.20000000
v 0.90955360 18.92483330 1.25000000
v 0.90955360 18.97483250 1.20000000
v 0.90955360 18.97483250 1.25000000
v -0.68923980 18.97483250 1.20000000
v -0.68923980 18.97483250 1.25000000
v -0.55116520 1.01000000 1.14755280
v -0.58571430 1.01000000 1.10000000
v -0.55116520 1.01000000 1.05244720
v -0.49526340 1.01000000 1.12938930
v -0.79198500 21.72150800 0.71529170
v -0.79748670 21.76065060 1.32873940
v -0.86191640 22.21904560 1.02506200
v -0.64648810 20.68634410 0.91226170
v -0.64648810 20.68634410 1.14473500
v 0.89364650 20.71216770 0.90291700
v 1.04101570 21.76065060 0.71490130
v 0.89360130 20.71184540 1.14950810
v 1.04101570 21.76065060 1.32873940
v -4.49703070 0.05530210 0.05261490
v -4.48095660 0.33611480 0.50000000
v -4.48095660 0.33611480 -0.50000000
v -4.46073820 0.67433450 0.00321510
v -4.39397530 0.99490620 0.00024050
v -4.39401050 0.99473600 0.50000000
v -4.39401050 0.99473600 -0.50000000
v -4.32633070 1.31971130 0.00000760
v -4.21080110 1.63330880 -0.00000040
v -4.21080110 1.63330890 0.50000000
v -4.21080110 1.63330890 -0.50000000
v -4.09495310 1.94679780 -0.00000000
v -3.93519140 2.23811750 -0.00000000
v -3.93534090 2.23784450 0.50000000
v -3.93534090 2.23784450 -0.50000000
v -3.77447010 2.53082470 -0.00000000
v -3.57347680 2.79534630 -0.00000000
v -3.57366510 2.79509880 0.50000000
v -3.57366510 2.79509880 -0.50000000
v -3.37133600 3.06110050 0.00000000
v -3.13372400 3.29283790 0.00000130
v -3.13369730 3.29286340 0.50000000
v -3.13369730 3.29286340 -0.50000000
v -2.89635900 3.52433320 0.00002240
v -2.62776640 3.71829370 0.00018400
v -2.62507580 3.72023370 0.50000000
v -2.62507580 3.72023370 -0.50000000
v -2.36576200 3.90721960 0.00020680
v -0.12500000 -2.00665570 -0.50000000
v -0.26594450 -1.99919440 -0.00469700
v -0.00045220 -2.01324890 0.00000010
v -0.59445070 -1.97754430 -0.03570730
v -0.25000000 -2.00003840 0.50000000
v -0.89369390 -1.94820680 -0.00135050
v -1.42268480 -1.88620460 0.00151610
v -1.73820510 -1.82526950 0.00281630
v -2.05701400 -1.76369910 0.00997380
v -1.70134190 -1.83238880 0.50000000
v -2.32228760 -1.69108080 -0.50000000
v -2.31043550 -1.69444540 0.05065550
v -2.55649470 -1.62459240 0.01129820
v -2.20446520 -1.72452890 0.50000000
v -2.85495330 -1.51535090 0.00566310
v -2.88186120 -1.50549150 0.50000000
v -3.18281080 -1.37667580 -0.50000000
v -3.14641450 -1.39350950 0.00354830
v -3.40240650 -1.27189140 0.00505220
v -3.18281080 -1.37667580 0.50000000
v -3.64865660 -1.12821730 0.00177780
v -3.89119480 -0.96081420 0.00031340
v -4.12475350 -0.75551500 0.00047140
v -4.32367800 -0.51339460 0.00457950
v -4.46094470 -0.23733980 0.02485630
v -0.19402230 1.01000000 1.14755280
v -0.22857140 1.01000000 1.10000000
v -0.19402230 1.01000000 1.05244720
v -0.13812060 1.01000000 1.12938930
v -4.97879030 0.36474710 -0.32214210
v -4.97853660 0.36911360 -1.00000000
v -4.97853660 0.36911340 1.00000000
v -4.95954320 0.69573790 0.50633050
v -4.88141160 1.10013990 -1.00000000
v -4.88141160 1.10013990 1.00000000
v -4.83639140 1.31548200 0.46847650
v -4.67754510 1.80885100 -1.00000000
v -4.67754510 1.80885100 1.00000000
v -4.56410930 2.11569880 0.45951600
v -4.37139510 2.47974970 -1.00000000
v -4.37139510 2.47974970 1.00000000
v -4.23822310 2.72230390 0.46468650
v -3.93917940 3.13824750 -0.27872710
v -3.96965650 3.09816600 -1.00000000
v -3.96965650 3.09816600 1.00000000
v -3.76360060 3.36915400 0.45304830
v -3.50849340 3.62388560 -0.30981660
v -3.48111340 3.65057750 -1.00000000
v -3.48111340 3.65057750 1.00000000
v -3.27508090 3.85143180 0.47090180
v -3.09995510 3.99260120 0.21784330
v -2.91644810 4.12490460 -1.00000000
v -2.91644810 4.12490460 1.00000000
v -2.67890810 4.29616500 0.02086080
v -0.96488800 23.10425380 0.99365890
v -0.82875260 23.38889500 0.98584460
v -0.46637020 23.48443790 0.98342170
v -0.16966710 23.24744420 0.98827040
v 0.37138990 21.80747990 0.71443410
v 0.37138990 21.80747990 1.32704620
v 0.37138990 20.79815860 0.85558110
v 0.37138990 20.65528110 1.03659570
v 0.37138990 20.80863000 1.19779530
v 0.37138990 22.29714010 1.11189700
v 0.37138990 22.29740910 0.87905700
v 0.80251370 20.37538530 1.05377320
v 0.67601100 20.30116650 1.05548510
v 0.52970170 20.31139950 1.05524900
v 0.41476020 20.40250210 1.05314770
v -0.58202220 24.16738130 0.96743620
v 0.12176460 24.59168430 0.95651900
v -1.44519270 23.64698790 0.97830960
v -1.19748950 21.88465880 0.71366430
v -1.34283720 22.91875840 0.91981230
v -1.01365030 20.57670210 1.16199210
v -1.00154050 20.49054340 0.94335310
v -0.94978650 20.12233160 1.05961010
v -1.23494630 22.15115170 0.98823230
v -1.12086570 21.33950420 1.10503130
v -1.37852450 23.17266460 1.02266790
v -2.11412670 4.10290770 -0.00692680
v -2.11869960 4.09933950 0.50000000
v -1.92956860 4.29605340 -0.04790440
v -1.91368620 4.31551650 0.50000000
v -1.91368620 4.31551650 -0.50000000
v -1.77670070 4.49184080 -0.00618830
v -1.64447330 4.75829550 0.00420350
v -1.69862390 4.64917560 0.50000000
v -1.74301620 4.55971910 -0.50000000
v -1.56832150 5.00009390 0.04357740
v -1.56297540 5.02224350 -0.50000000
v -1.51572590 5.24598790 0.00503990
v -1.51155870 5.56544400 -0.00465340
v -1.57047560 5.89430050 -0.00580200
v -1.55268480 5.81113860 -0.50000000
v -1.67114280 6.17164660 -0.00081640
v -1.67855570 6.18761780 0.50000000
v -1.78898930 6.41962100 0.00000350
v 4.47410150 -0.17884440 -0.00970040
v 4.49643230 0.06575260 -0.05231540
v 4.35296200 -0.47177600 -0.00059920
v 4.16261580 -0.71391390 0.00009980
v 3.95680400 -0.90818350 0.00077260
v 3.72726850 -1.07978020 0.00334070
v 3.47257830 -1.23094980 -0.00161910
v 3.18281080 -1.37667580 -0.50000000
v 3.22758220 -1.35596870 -0.00353180
v 2.98588730 -1.46737460 0.00687180
v 3.08632420 -1.42130150 0.50000000
v 2.88186120 -1.50549150 -0.50000000
v 2.77180790 -1.54581680 0.04618510
v 2.54837270 -1.62689820 0.00201260
v 2.77388480 -1.54505590 0.50000000
v 2.32228760 -1.69108080 -0.50000000
v 2.30982660 -1.69461820 -0.04719490
v 2.05549190 -1.76399310 -0.00866410
v 2.32228760 -1.69108080 0.50000000
v 1.73486780 -1.82591390 -0.00145480
v 1.41629770 -1.88743790 -0.00413720
v 1.01002560 -1.93680180 -0.50000000
v 0.88972100 -1.94859640 0.00393790
v 0.59420530 -1.97756840 0.03590210
v 0.25000000 -2.00003840 -0.50000000
v 0.26581040 -1.99920150 0.00470230
v 0.12500000 -2.00665570 0.50000000
v 4.99611660 0.06678880 0.06774430
v 4.93020110 -0.39916010 0.19880240
v 4.82562830 -0.64401840 0.38559010
v 4.68720250 -0.86195820 0.18573030
v 4.54683880 -1.03341570 0.04581530
v 4.36332610 -1.21709910 0.02530120
v 3.35375020 -1.85014650 1.00000000
v 3.33997700 -1.85638800 -0.04993530
v 3.06163330 -1.97344020 -0.00281830
v 3.35375020 -1.85014650 -1.00000000
v 3.07343770 -1.96906300 1.00000000
v 2.72186260 -2.09545330 0.01428740
v 2.39019610 -2.19485000 -0.00221180
v 2.56741740 -2.14173870 -1.00000000
v 2.13520050 -2.25725100 1.00000000
v 2.12462880 -2.25975110 0.00265410
v 1.84309080 -2.32036570 0.00933530
v 2.13520050 -2.25725100 -1.00000000
v 1.44443440 -2.38083100 1.00000000
v 0.84652320 -2.45831230 -0.02859990
v 1.44443440 -2.38083100 -1.00000000
v 0.48772580 -2.47598170 1.00000000
v 0.50131130 -2.47531270 -0.00331520
v -0.14009610 -2.49310090 0.01424430
v 0.24386290 -2.48799090 -1.00000000
v -0.48772580 -2.47598170 1.00000000
v -0.46062260 -2.47731640 0.02723150
v -1.07258990 -2.43723010 0.00768300
v -0.48772580 -2.47598170 -1.00000000
v -1.44443440 -2.38083100 1.00000000
v -1.39112940 -2.38891600 0.00278870
v -1.96418930 -2.29769230 -0.00433530
v -1.44443440 -2.38083100 -1.00000000
v -2.26695680 -2.22609310 0.00843970
v -2.56741740 -2.14173870 1.00000000
v -2.55802680 -2.14455270 0.00925830
v -2.83436510 -2.05771730 0.02052860
v -2.56741740 -2.14173870 -1.00000000
v -2.87638000 -2.04213710 1.00000000
v -3.07343770 -1.96906300 -1.00000000
v -3.35375020 -1.85014650 1.00000000
v -3.33270410 -1.85968390 0.00933480
v -3.59193800 -1.73665080 -0.05163350
v -3.35375020 -1.85014650 -1.00000000
v -3.76917390 -1.63887610 0.20587590
v -4.01610710 -1.48414640 0.35334930
v -4.23892550 -1.32087360 0.21416060
v -4.44166850 -1.14459710 0.07960100
v -4.71929450 -0.81711220 0.38650240
v -4.86958980 -0.55626650 0.43321130
v -4.94068100 -0.36383630 -0.01758210
v -4.98651030 -0.13729770 -0.02802640
v -0.90830800 1.01000000 1.14755280
v -0.94285710 1.01000000 1.10000000
v -0.90830800 1.01000000 1.05244720
v -0.85240630 1.01000000 1.12938930
v -2.21125170 6.15028950 -0.02331500
v 1.47761790 22.14505000 0.97489580
v 1.42553710 21.77451320 1.32823810
v 1.24760700 20.50859830 1.13561610
v 1.19331560 20.12233160 1.05961010
v 1.45650010 21.99480440 0.71256550
v 1.62104690 23.16550250 0.87963130
v -0.17123110 20.40250210 1.05314770
v -0.28617250 20.31139950 1.05524900
v -0.43248190 20.30116650 1.05548510
v -0.55898460 20.37538530 1.05377320
v -1.92944870 6.69064430 0.00000860
v -1.92166140 6.67561820 0.50000000
v -1.92166140 6.67561820 -0.50000000
v -2.08189850 6.98588180 0.00000080
v -2.19649580 7.30827140 0.00000010
v -2.19642810 7.30808070 0.50000000
v -2.19642810 7.30808070 -0.50000000
v -2.31184960 7.63278910 -0.00000010
v -2.38248900 7.97201300 -0.00000270
v -2.38250090 7.97207070 0.50000000
v -2.38250090 7.97207070 -0.50000000
v -2.45284180 8.31068130 -0.00003880
v -2.47602870 8.64960770 -0.00034800
v -2.46716310 8.76059150 0.50000000
v -2.47641230 8.65521530 -0.50000000
v -2.49806280 8.97168350 -0.00171300
v 2.38666440 3.89214710 0.00013420
v 2.63134810 3.71571110 0.00002140
v 2.62507580 3.72023370 0.50000000
v 2.62507580 3.72023370 -0.50000000
v 2.89669590 3.52400540 0.00000130
v 3.13396740 3.29259940 0.00000000
v 3.13369730 3.29286340 0.50000000
v 3.13369730 3.29286340 -0.50000000
v 3.37286160 3.05936980 0.00000000
v 3.57385300 2.79485080 0.00000000
v 3.57366510 2.79509880 0.50000000
v 3.57366510 2.79509880 -0.50000000
v 3.77572770 2.52889180 0.00000000
v 3.93534140 2.23784230 0.00000010
v 3.93534090 2.23784450 0.50000000
v 3.93534090 2.23784450 -0.50000000
v 4.09496830 1.94676970 0.00000000
v 4.21080110 1.63330890 0.00000010
v 4.21080110 1.63330890 0.50000000
v 4.21080110 1.63330890 -0.50000000
v 4.32634930 1.31962240 -0.00000450
v 4.39412550 0.99418210 -0.00008970
v 4.41190910 0.88553990 0.50000000
v 4.39401050 0.99473600 -0.50000000
v 4.46196890 0.66782530 -0.00119800
v 4.48092220 0.33670920 -0.01033140
v 4.47665600 0.22585210 0.50000000
v 4.48095660 0.33611480 -0.50000000
v 0.52026340 1.01000000 1.14755280
v 0.48571430 1.01000000 1.10000000
v 0.52026340 1.01000000 1.05244720
v 0.57616510 1.01000000 1.12938930
v 2.65976380 4.30996750 -0.05534960
v 2.86951610 4.15874150 -0.26011880
v 2.91644810 4.12490460 -1.00000000
v 2.91644810 4.12490460 1.00000000
v 3.19004560 3.92764780 0.47681480
v 3.49722150 3.63487460 -0.27955850
v 3.48111340 3.65057750 -1.00000000
v 3.48111340 3.65057750 1.00000000
v 3.94124840 3.13552520 -0.24144510
v 3.96965650 3.09816600 -1.00000000
v 3.96965650 3.09816600 1.00000000
v 4.17405650 2.82935600 0.48533480
v 4.35176610 2.51550150 -0.24085620
v 4.37139510 2.47974970 -1.00000000
v 4.37139510 2.47974970 1.00000000
v 4.53090330 2.18922850 0.46145610
v 4.68481160 1.78919550 -0.31647500
v 4.67754510 1.80885100 -1.00000000
v 4.67754510 1.80885100 1.00000000
v 4.79114340 1.50156320 0.45621820
v 4.88263030 1.09430830 -0.28990150
v 4.88141160 1.10013990 -1.00000000
v 4.88141160 1.10013990 1.00000000
v 4.93233970 0.85653350 0.37357780
v 4.97967530 0.34953720 -0.03766610
v 4.97853660 0.36911360 -1.00000000
v 4.97853660 0.36911360 1.00000000
v 0.16312060 1.01000000 1.14755280
v 0.12857140 1.01000000 1.10000000
v 0.16312060 1.01000000 1.05244720
v 0.21902230 1.01000000 1.12938930
v 0.90680470 24.11839290 0.97576960
v 0.90524320 24.11933520 0.69137310
v 0.90524320 24.11933520 1.24345560
v -0.12786080 21.80747990 0.71443410
v -0.12786080 22.25905040 0.96787590
v -0.12786080 20.73677640 1.14589180
v -0.12786080 20.73416330 0.91684590
v -0.12786080 21.76795390 1.32847520
v -0.12786080 21.53693390 1.11921050
v -2.36442070 6.44583650 -0.04552660
v -2.36455080 6.44608780 -1.00000000
v -2.36455080 6.44608780 1.00000000
v -2.54011420 6.78559110 0.46232270
v -2.68690820 7.19855690 -0.34574770
v -2.66645050 7.14100550 -1.00000000
v -2.66645050 7.14100550 1.00000000
v -2.77804210 7.45493980 0.44882100
v -2.86700010 7.85181000 -0.29520710
v -2.87089800 7.87056350 -1.00000000
v -2.87089800 7.87056350 1.00000000
v -2.92686390 8.13984110 0.44698120
v -2.97487620 8.63276200 -0.04369050
v -2.97408290 8.62116810 -1.00000000
v -2.97408290 8.62116810 1.00000000
v -2.99035020 8.85894870 0.47303140
v 1.77106290 6.38503120 -0.00268080
v 1.63624050 6.09644940 -0.00644240
v 1.67855570 6.18761780 -0.50000000
v 1.55027370 5.79986860 -0.00330340
v 1.57357630 5.90879440 -0.50000000
v 1.51252790 5.49113370 -0.00366040
v 1.51350670 5.41611290 0.50000000
v 1.51480910 5.31625600 -0.50000000
v 1.52439270 5.18209030 -0.00751200
v 1.59745620 4.87939020 -0.01897040
v 1.53954360 5.11932130 0.50000000
v 1.56297540 5.02224350 -0.50000000
v 1.74301620 4.55971910 0.50000000
v 1.71925260 4.60760640 -0.06897500
v 1.96198320 4.25633140 -0.00220800
v 1.91368620 4.31551650 0.50000000
v 1.91368620 4.31551650 -0.50000000
v 2.17145200 4.05818180 -0.00065810
v 2.19743540 4.03790860 -0.50000000
v 2.21186880 6.15148020 0.03781010
v 0.84227650 19.90915870 1.14528510
v 0.91952220 19.95606610 0.73290220
v 0.91952220 19.95606610 1.39398830
v 0.64572860 19.78980060 1.06728030
v -1.10068420 6.06901930 0.50000000
v -1.49647930 6.42211390 0.50000000
v -1.74354720 7.73274140 0.50000000
v -0.98637460 5.48595290 0.50000000
v -0.89518420 5.22747330 0.50000000
v -0.70110220 5.01060960 0.50000000
v 0.01894410 4.53146930 0.50000000
v 0.79570910 5.28162050 0.50000000
v 1.04481630 5.44481750 0.50000000
v 1.08558390 5.69832520 0.50000000
v 1.48802040 6.52989770 0.50000000
v 1.46862050 6.83348990 0.50000000
v 1.92166140 6.67561820 0.50000000
v 1.65066150 7.24873070 0.50000000
v 2.19642810 7.30808070 0.50000000
v 1.46017440 7.62658600 0.50000000
v 1.16035190 7.58911370 0.50000000
v 1.97034980 8.63426780 0.50000000
v 1.91237850 9.24001220 0.50000000
v 2.38250090 7.97207070 0.50000000
v 2.21852370 9.12174610 0.50000000
v 0.02923900 8.99829100 0.50000000
v 0.25000000 10.28746990 0.50000000
v 0.72870720 10.22541240 0.50000000
v 0.51365070 8.83404250 0.50000000
v -0.52683700 8.86440850 0.50000000
v -0.61435360 10.24369720 0.50000000
v -0.43746720 9.38247970 0.50000000
v -0.25000000 10.28746990 0.50000000
v -1.04313770 8.63310150 0.50000000
v -2.21795490 9.07455350 0.50000000
v -2.01303940 9.02707670 0.50000000
v 1.16826000 10.12888720 0.50000000
v 0.88566360 9.34565540 0.50000000
v 2.47641230 8.65521530 0.50000000
v -0.59278860 4.23635580 0.50000000
v 0.02787380 3.96209140 0.50000000
v -0.01571760 1.04378010 0.50000000
v -1.99478720 1.45852050 0.50000000
v 2.14017180 1.16610040 0.50000000
v 0.47723240 -1.49004450 0.50000000
v -0.15343010 -1.62086880 0.50000000
v 2.70471910 1.51781790 0.50000000
v 3.26481720 1.61901740 0.50000000
v 3.85086300 0.85855390 0.50000000
v 3.87690470 0.04072990 0.50000000
v 4.17191270 -0.12835080 0.50000000
v -0.00683040 -1.80636050 0.50000000
v -2.77434970 0.95327340 0.50000000
v -2.49499230 0.21531640 0.50000000
v -2.21137640 1.23899910 0.50000000
v -3.42385980 0.78757080 0.50000000
v -3.52540450 0.11544050 0.50000000
v -3.77965550 0.35017090 0.50000000
v -3.87446620 0.01600560 0.50000000
v -4.06545880 0.25620330 0.50000000
v -4.02443890 -0.24740020 0.50000000
v -4.21607300 -0.04620450 0.50000000
v 0.40434000 23.21035390 1.02145480
v 0.59321010 23.43524930 0.95129600
v 0.93679920 23.46984480 0.98065870
v 1.17307500 23.24976350 0.98767470
v -0.14021750 19.78625490 1.40000000
v 0.38374660 19.78625490 1.40000000
v 2.49409220 8.91364380 0.05007760
v 2.47589950 8.64771750 0.00829020
v 2.47641230 8.65521530 -0.50000000
v 2.45285820 8.31092170 0.00102690
v 2.38249680 7.97205020 0.00008320
v 2.38250090 7.97207070 -0.50000000
v 2.31184940 7.63278910 0.00000500
v 2.19647340 7.30820800 0.00001540
v 2.19642810 7.30808070 -0.50000000
v 2.08155660 6.98491910 0.00023740
v 1.92523980 6.68252280 0.00179750
v 1.92166140 6.67561820 -0.50000000
v 0.87740630 1.01000000 1.14755280
v 0.84285710 1.01000000 1.10000000
v 0.87740630 1.01000000 1.05244720
v 0.93330800 1.01000000 1.12938930
v 2.97641920 8.65531640 0.02225460
v 2.97408290 8.62116810 -1.00000000
v 2.97408290 8.62116810 1.00000000
v 2.94866920 8.24968530 0.46594970
v 2.86676550 7.85067940 -0.32336880
v 2.87089800 7.87056350 -1.00000000
v 2.87089800 7.87056350 1.00000000
v 2.80479860 7.55252930 0.41806750
v 2.66077420 7.12503720 -0.31306080
v 2.66645050 7.14100550 -1.00000000
v 2.66645050 7.14100550 1.00000000
v 2.36395910 6.44494630 0.11018240
v 2.36455080 6.44608780 -1.00000000
v 2.36455080 6.44608780 1.00000000
v -0.86231960 10.70774270 -1.00000000
v -0.29084100 10.76983830 -1.00000000
v -0.98571230 8.81709580 -1.00000000
v -2.23120360 8.11648080 -1.00000000
v -1.40229680 10.57815360 -1.00000000
v -2.26360700 8.99639990 -1.00000000
v -1.88943290 10.38619230 -1.00000000
v -2.73822780 9.17144390 -1.00000000
v -2.76980210 8.84653570 -1.00000000
v -2.68730690 9.76634220 -1.00000000
v 1.26710250 8.68880180 -1.00000000
v 0.29084100 10.76983830 -1.00000000
v 1.03288960 8.08963390 -1.00000000
v 0.00282090 5.95383930 -1.00000000
v -0.86156310 8.21689130 -1.00000000
v 0.74667020 5.54476450 -1.00000000
v -0.08627670 5.29993490 -1.00000000
v -0.22845860 4.97781710 -1.00000000
v 0.31816790 4.89558980 -1.00000000
v 0.13683620 4.44000430 -1.00000000
v -0.94872520 1.44078250 -1.00000000
v -2.92495470 1.89790030 -1.00000000
v 2.76746560 2.09063670 -1.00000000
v 0.61616900 -1.07974100 -1.00000000
v -0.30138880 -1.50604750 -1.00000000
v 0.86231950 10.70774270 -1.00000000
v 1.69469700 8.41566750 -1.00000000
v 1.75585990 8.91816810 -1.00000000
v 1.40229680 10.57815360 -1.00000000
v 2.17556450 9.52589230 -1.00000000
v 2.30447630 10.13944440 -1.00000000
v 2.56137230 9.92556570 -1.00000000
v 2.77472210 9.16620250 -1.00000000
v 3.65541980 1.58982940 -1.00000000
v 4.25165940 0.68208460 -1.00000000
v 4.74445300 -0.18192870 -1.00000000
v -0.41368540 -2.04968600 -1.00000000
v 0.76398160 -2.22266600 -1.00000000
v 0.11511680 -2.24603460 -1.00000000
v -4.36914440 -0.09752770 -1.00000000
v -4.25036720 0.41883520 -1.00000000
v -4.72920470 -0.42222090 -1.00000000
v -3.85239620 1.12418630 -1.00000000
v -3.46425180 1.31641480 -1.00000000
v -3.16121550 1.34470880 -1.00000000
v 0.40046340 19.78648190 0.73459390
v 0.39177420 19.78636360 1.23848700
v -0.15693430 19.78648190 0.73459390
v -0.67599300 19.95606610 0.73290220
v -0.64018340 19.93432040 0.92947070
v -0.67599300 19.95606610 1.39398830
v 0.25000000 10.28746990 -0.50000000
v 0.25468920 10.28699210 0.00186750
v -0.03029380 10.30986980 0.00534820
v 0.54568500 10.25467780 0.00758250
v 0.61435360 10.24369720 -0.50000000
v 0.85472260 10.20526310 0.01901060
v 1.16826000 10.12888720 -0.50000000
v 1.27305450 10.09908770 0.01570890
v 1.56405020 9.99367620 0.00062800
v 1.86366920 9.84257130 -0.01382790
v 2.13543510 9.64675430 0.00105450
v 2.34598950 9.41701030 0.00120860
v 2.47894120 9.14402290 0.00792490
v 0.00000000 0.75000000 1.00000000
v 0.00000000 0.75000000 1.20000000
v 1.02734680 10.67899130 1.00000000
v 1.23796550 10.63282780 -0.01557350
v 0.99668930 10.68788240 -0.03772370
v 0.73905030 10.73325540 -0.06762170
v 1.41456530 10.57815650 0.17222700
v 1.46730240 10.56034370 1.00000000
v 1.89639840 10.38597390 0.20745570
v 2.08637830 10.29301550 -0.02804200
v 2.22242400 10.20063780 1.00000000
v 2.28046510 10.16277220 0.00179250
v 2.63804010 9.84901520 -0.00402630
v 0.59985980 10.74978260 0.85425100
v -0.04918080 10.78214930 0.07279130
v -0.10742190 1.25000000 1.20000000
v 0.02182230 1.00696920 1.20000000
v 1.25000000 1.00000000 1.20000000
v -1.25000000 1.00000000 1.20000000
v 0.10158010 21.89866830 1.32374880
v 0.09603380 22.67160420 1.29580180
v 0.13182090 23.24559780 1.27504770
v 0.22543720 23.83677670 1.25367210
v -0.07018490 23.90359690 1.25125610
v -0.39220420 23.98015210 1.24848810
v -0.85234050 23.69666670 1.25873830
v -1.14306910 23.56729130 1.26341610
v -1.15066810 23.28984830 1.27344780
v -0.88820830 20.98767660 1.35668800
v -0.64820170 20.21154210 1.38475100
v -0.36380640 20.07453920 1.38970470
v 0.29140420 20.12228010 1.38797860
v 0.61745590 20.06288530 1.39012600
v 0.12560640 20.41209790 1.37749960
v 0.92278740 20.22320180 1.38432940
v 1.35974810 23.54488950 1.26422600
v 0.62833510 24.00039290 1.24775640
v 0.39770730 24.04825590 1.24602590
v 0.13391760 20.98200990 1.35689290
v -0.14021750 19.78625490 1.20000000
v -2.42765780 9.27272700 -0.00346460
v -2.23792840 9.54579540 0.00020810
v -1.97521580 9.76938060 0.00378570
v -1.68841540 9.93604280 -0.00056870
v -1.41268370 10.05526830 -0.00422650
v -1.13125280 10.13941000 -0.00451760
v -0.82726410 10.20965480 -0.00149430
v -0.72870720 10.22541240 -0.50000000
v -0.51428160 10.25969890 0.00584430
v -0.25000000 10.28746990 -0.50000000
v -0.26883190 10.28555010 0.04450020
v 1.25000000 1.00000000 1.00000000
v 1.19746110 7.25550370 1.05000000
v 1.33797070 6.94083170 1.00000000
v 1.33797070 6.94083170 1.05000000
v 1.40165040 6.45255760 1.00000000
v 1.38509650 6.61190750 1.05000000
v 1.35122590 6.16123290 1.00000000
v 1.35969350 6.27390150 1.05000000
v 1.27544830 5.98178860 1.05000000
v 0.94545660 5.49542330 1.00000000
v 0.94545660 5.49542330 1.05000000
v 0.62051370 5.27301410 1.00000000
v 0.13574170 5.15374090 1.05000000
v -0.24590030 5.14618870 1.00000000
v -0.19651770 5.16533330 1.05000000
v -0.52890660 5.23174760 1.00000000
v -0.52890660 5.23174760 1.05000000
v -0.94692700 5.49199010 1.00000000
v -0.81318500 5.40378860 1.05000000
v -1.14029060 5.71564870 1.00000000
v -1.18968510 5.81478600 1.05000000
v -1.35430460 6.15911770 1.00000000
v -1.33786880 6.11219790 1.05000000
v -1.39806270 6.45151850 1.00000000
v -1.38677480 6.56170270 1.05000000
v -1.35291100 6.89225580 1.05000000
v -1.17378490 7.29795650 1.00000000
v -1.22228570 7.21115830 1.05000000
v -0.98378170 7.52447800 1.00000000
v -1.05453260 7.45461650 1.05000000
v 0.11849450 20.69158940 0.72556530
v 0.12120890 20.39924620 0.72848150
v -0.06031400 20.11120990 0.73135470
v -0.32058900 20.06340030 0.73183160
v -0.53021090 20.12443540 0.73122270
v -0.73943910 20.30484770 0.72942310
v -0.26140150 24.09683040 0.69159750
v 0.00423240 23.79127500 0.69464550
v 0.25386160 23.90140910 0.69354680
v 0.10858880 23.23673820 0.70017710
v 0.11948910 22.62640570 0.70626520
v 0.30174860 20.11248590 0.73134200
v 0.56185280 20.06411360 0.73182440
v 0.76227810 20.12382890 0.73122880
v 0.98048880 20.29677580 0.72950360
v 1.15310240 21.23196790 0.72017500
v 1.41512490 23.16143230 0.70092830
v 1.38939200 23.45716670 0.69797830
v 1.12892400 23.67237470 0.69583150
v 0.65417350 15.15698340 0.84951470
v 0.42300940 15.06247810 0.80474410
v -0.05942340 15.35173610 0.78386090
v -0.20057310 10.77788640 0.79356030
v -0.21840660 14.95338920 0.79568230
v -0.47078680 15.17303370 0.83428110
v -0.60099140 10.74963760 0.85428380
v -0.73902080 15.29570010 0.90000000
v -2.22212700 9.05708220 -0.50000000
v -1.97119960 9.09432790 -0.50000000
v -2.04255150 8.84380250 -0.50000000
v -1.71421890 8.48003860 -0.50000000
v -1.45776980 8.31621930 -0.50000000
v -0.84280500 9.20285610 -0.50000000
v -0.76568050 8.34559920 -0.50000000
v 0.65593750 7.96377660 -0.50000000
v 0.28920630 5.86315920 -0.50000000
v 0.15507930 5.63172770 -0.50000000
v 0.03957250 5.39880370 -0.50000000
v 0.40524720 4.97271110 -0.50000000
v -0.05276210 4.83105990 -0.50000000
v 0.47698950 4.67556480 -0.50000000
v -0.05130370 4.54717450 -0.50000000
v 0.54574780 4.33881040 -0.50000000
v -0.08169320 3.95649650 -0.50000000
v 0.71041410 1.70867800 -0.50000000
v 2.75956390 1.66177620 -0.50000000
v -2.54612570 1.30573270 -0.50000000
v 0.08758900 -0.85843710 -0.50000000
v -0.53553320 -1.13339960 -0.50000000
v 0.33321900 -1.31897680 -0.50000000
v -0.02233350 -1.43583010 -0.50000000
v -0.94879410 -1.39315760 -0.50000000
v -3.59300880 1.73799750 -0.50000000
v -4.02463910 0.22074210 -0.50000000
v -4.26931380 -0.15504350 -0.50000000
v 3.99936960 -0.08074740 -0.50000000
v 4.00814150 0.45541970 -0.50000000
v 4.27708720 -0.06729450 -0.50000000
v 3.68712450 0.75789440 -0.50000000
v 3.68658300 1.16631620 -0.50000000
v 3.26361470 1.38053850 -0.50000000
v 2.96916100 1.43024660 -0.50000000
v 0.83510090 8.40222550 -0.50000000
v 1.49051930 7.68910120 -0.50000000
v 1.46790360 8.61573980 -0.50000000
v 1.86289930 8.03089900 -0.50000000
v 2.25809310 9.05854700 -0.50000000
v 0.00000000 1.25000000 1.00000000
v 0.75450520 7.41576960 1.05000000
v 0.94004020 7.26799010 1.05000000
v 1.04348930 7.02677730 1.05000000
v 1.13097810 6.72244880 1.05000000
v 1.13671680 6.39895870 1.05000000
v 1.06428060 6.09015560 1.05000000
v 0.97230160 5.80128960 1.05000000
v 0.72038990 5.62306740 1.05000000
v 0.43251120 5.46538690 1.05000000
v 0.08414810 5.37019440 1.05000000
v -0.27576940 5.41710760 1.05000000
v -0.58251830 5.54043010 1.05000000
v -0.87005560 5.75429390 1.05000000
v -1.05698180 6.06100650 1.05000000
v -1.19733480 6.32829380 1.05000000
v -1.15198060 6.60708480 1.05000000
v -1.09101870 6.91179700 1.05000000
v -1.01076640 7.16618250 1.05000000
v -0.84713090 7.30567360 1.05000000
v 0.69028360 7.17507270 0.73732950
v 0.86706850 6.90597630 0.76684750
v 0.94256280 6.60567050 0.75857100
v 0.91741960 6.29799030 0.75416260
v 0.79396930 6.01390980 0.75333570
v 0.58510260 5.78473520 0.75324370
v 0.31328360 5.63537930 0.75323520
v 0.00773680 5.58194730 0.75323330
v -0.29869770 5.63019990 0.75323570
v -0.57302850 5.77491380 0.75330520
v -0.78528010 5.99945550 0.75425860
v -0.91011830 6.26850030 0.76320930
v -0.94170420 6.50657990 0.81605010
v -0.91757820 6.75074820 0.77496820
v -0.81289530 7.00528480 0.74839120
v -0.74069070 7.10667280 0.98033330
v -0.42635210 7.36849640 0.73985350
v -0.13821130 7.46100380 0.75079800
v 0.17164440 7.45551590 0.75128110
v 0.44764690 7.35954240 0.73571880
v -1.25000000 1.00000000 1.00000000
v -0.32770480 13.31653790 1.20000000
v 0.11954330 19.61854360 1.20000000
v -0.76759540 13.18384930 1.20000000
v -0.42449830 13.75830840 1.20000000
v 1.53526910 8.72335240 1.00000000
v 1.43548660 9.04471300 1.00000000
v 1.88491580 7.37265780 1.00000000
v 2.09030840 7.88543460 1.00000000
v 1.87333640 7.02616170 1.00000000
v 1.92018460 6.73849110 1.00000000
v 1.77068890 6.45443820 1.00000000
v 1.75989600 5.73813490 1.00000000
v 1.36262020 5.45824050 1.00000000
v 1.49598460 5.06288290 1.00000000
v 0.85852930 3.28008700 1.00000000
v -0.60939490 3.92073770 1.00000000
v -1.44791210 4.94806150 1.00000000
v -1.69173030 3.25553850 1.00000000
v -1.92910360 2.71371030 1.00000000
v -1.45141300 5.60971120 1.00000000
v -1.56350230 5.90247300 1.00000000
v -1.67734810 6.15581270 1.00000000
v -1.79756630 6.41509870 1.00000000
v -1.87046860 6.71516420 1.00000000
v -1.97125040 6.97681950 1.00000000
v -2.04869290 7.24143650 1.00000000
v -2.66631770 9.31626890 1.00000000
v -2.00722690 9.07900430 1.00000000
v -1.60237620 8.95059300 1.00000000
v -2.22302630 10.20024490 1.00000000
v -1.77517770 10.44431110 1.00000000
v -1.46842530 10.55997660 1.00000000
v -0.82155880 9.19561770 1.00000000
v -1.02874040 10.67870140 1.00000000
v -3.05810140 2.03051350 1.00000000
v -2.98512200 1.73692070 1.00000000
v -4.22365710 -0.19023340 1.00000000
v -4.45067410 0.03986010 1.00000000
v -4.73586800 -0.13719020 1.00000000
v -2.53360220 -0.53867100 1.00000000
v -1.99878040 -0.43346150 1.00000000
v -1.64939390 -0.87402120 1.00000000
v -0.62376960 -0.82143490 1.00000000
v 0.51299360 -0.75640770 1.00000000
v 1.03226390 -1.32850860 1.00000000
v 1.83830310 -0.82805800 1.00000000
v 2.29866290 -0.78850270 1.00000000
v 2.35778260 -0.54806700 1.00000000
v 4.26023960 -0.13432480 1.00000000
v 3.35497900 1.14583740 1.00000000
v 4.39966580 0.13845910 1.00000000
v 4.81307600 -0.02667150 1.00000000
v 4.71709440 -0.32239280 1.00000000
v 2.98658350 2.26018640 1.00000000
v 2.82694960 2.53275440 1.00000000
v 2.32174830 2.78444860 1.00000000
v 2.05235360 2.76766820 1.00000000
v 2.68173030 9.36087040 1.00000000
v 1.87036230 8.67008500 1.00000000
v 1.74999650 8.93401150 1.00000000
v 0.77389470 8.84877590 1.00000000
v 0.12157290 19.76854320 1.20000000
v -0.95761570 10.69561480 -0.05849500
v -1.07818530 10.67011360 0.19056200
v -1.47754050 10.55754950 0.00081670
v -0.67223640 10.74368670 -0.03109570
v -0.53825190 10.75806050 0.27166380
v -0.23067010 10.77611640 -0.17994020
v -2.08649680 10.29211620 -0.33741150
v -1.92392470 10.37180420 -0.09715500
v -1.69454980 10.48203950 0.03676930
v -2.42749600 10.05549340 -0.08219200
v -2.58791380 9.90529160 0.01894240
v -2.74034880 9.72623160 -0.00048180
v -2.88560750 9.47775750 -0.00570410
v -2.97428040 9.22475430 -0.00471250
v 0.29381540 19.61854360 1.50000000
v 0.93714510 19.76854320 1.32629010
v 0.16881540 19.76854320 1.50000000
v -0.55458150 22.66887280 0.82642980
v -0.62097320 22.46331410 0.98788870
v -0.68186340 22.77862930 1.09459650
v -1.03601010 22.53193860 1.00847660
v -1.03656040 22.53585430 1.02115110
v -0.94289500 21.83470150 0.98740320
v -0.94966470 21.79553990 1.04838980
v -0.88678930 21.83656500 1.02626300
v -0.55905530 21.19731710 1.06118690
v -0.51364060 20.87327000 0.93983550
v -0.50502380 20.88470270 1.08301160
v -0.81514300 20.96054270 1.03441230
v -0.85141750 20.95193290 1.03093790
v -0.77740860 20.95876120 1.02548040
v 0.87271450 22.68536000 1.16792210
v 0.75328450 22.50933070 1.09791970
v 1.07539500 22.71041110 1.14295920
v 0.64087000 20.87947850 1.01449970
v -0.03866640 7.92583940 1.25000000
v -0.03866640 7.92583940 1.20000000
v -0.23851560 7.97583960 1.25000000
v -0.02513700 8.92574790 1.25000000
v -0.02513700 8.92574790 1.20000000
v -0.22498620 8.97574810 1.25000000
v -0.01160760 9.92565630 1.25000000
v -0.01160760 9.92565630 1.20000000
v -0.21145680 9.97565650 1.25000000
v 0.00192180 10.92556480 1.25000000
v 0.00192180 10.92556480 1.20000000
v -0.19792740 10.97556500 1.25000000
v 0.01545110 11.92547320 1.25000000
v 0.01545110 11.92547320 1.20000000
v -0.18439810 11.97547340 1.25000000
v 0.02898060 12.92538170 1.25000000
v 0.02898060 12.92538170 1.20000000
v -0.17086860 12.97538190 1.25000000
v 0.04251000 13.92529010 1.25000000
v 0.04251000 13.92529010 1.20000000
v -0.15733920 13.97529030 1.25000000
v 0.05603930 14.92519860 1.25000000
v 0.05603930 14.92519860 1.20000000
v -0.14380990 14.97519870 1.25000000
v 0.06956880 15.92510700 1.25000000
v 0.06956880 15.92510700 1.20000000
v -0.13028040 15.97510720 1.25000000
v 0.08309810 16.92501640 1.25000000
v 0.08309810 16.92501640 1.20000000
v -0.11675110 16.97501560 1.25000000
v 0.09662750 17.92492490 1.25000000
v 0.09662750 17.92492490 1.20000000
v -0.10322170 17.97492410 1.25000000
v 0.11015690 18.92483330 1.25000000
v 0.11015690 18.92483330 1.20000000
v -0.08969220 18.97483250 1.25000000
v -0.74486460 21.38626100 1.14310370
v 0.98855380 21.38740160 0.89622870
v -4.48765560 0.21907380 0.26929710
v -4.47226140 0.48801400 -0.24476260
v -4.42258740 0.85752220 0.25056620
v -4.36530780 1.13255640 -0.24997220
v -4.25961540 1.50100920 0.25000040
v -4.16198680 1.76560720 -0.25000010
v -4.00299450 2.11447980 0.25000000
v -3.86750700 2.36153670 -0.25000000
v -3.65878460 2.68307540 0.25000000
v -3.48831990 2.90741920 -0.25000000
v -3.23446420 3.19458870 0.25000040
v -3.03301170 3.39105960 -0.24999850
v -2.74012880 3.63727090 0.25012130
v -2.51628230 3.79868250 -0.25015030
v -0.12798640 -2.00649740 -0.21080070
v -0.40486820 -1.99184000 0.24307490
v -0.86716570 -1.95080770 -0.25521510
v -1.13764000 -1.92429070 0.00810980
v -1.00261800 -1.93752810 0.25297980
v -1.60425030 -1.85113950 -0.27003200
v -1.83788850 -1.80601800 0.25626530
v -2.43819020 -1.65817760 0.26461480
v -2.68137600 -1.57895280 -0.24964520
v -3.28044890 -1.33151760 0.25395380
v -3.52271530 -1.20169780 0.25211010
v -3.76987430 -1.04886010 0.25049060
v -3.99483540 -0.87453310 0.25011970
v -4.21177860 -0.65989540 0.25084940
v -4.39129970 -0.39215920 0.25668440
v -4.48698000 -0.08809910 0.27445170
v 0.37138990 21.53118130 1.14383130
v -1.41154810 23.40761760 1.12634730
v -1.41019770 23.39801030 0.86875740
v -2.21143360 4.02698760 0.25239840
v -1.56551740 5.01171110 -0.24774620
v -1.51326980 5.43425990 0.27827720
v -1.51401850 5.37687250 -0.25930490
v 4.49562410 0.07987960 0.21443260
v 4.44025330 -0.28333570 0.24762980
v 4.28100730 -0.57403860 0.25019940
v 4.07204390 -0.80621930 0.25048580
v 3.84973260 -0.99090440 0.25375790
v 3.56668350 -1.17604460 -0.25052760
v 3.30975650 -1.31796240 -0.25216760
v 2.64973310 -1.59054700 0.25474260
v 2.44513150 -1.65620710 -0.25545600
v 1.82195250 -1.80909540 -0.25412090
v 1.61586650 -1.84889600 0.24837180
v 0.91987120 -1.94564040 -0.24980270
v 1.12989400 -1.92505000 -0.00514530
v 0.86882520 -1.95064500 0.25727560
v 0.40449760 -1.99185980 -0.24306290
v 0.12782770 -2.00650570 0.21080100
v 4.90932420 -0.46953080 -0.44702880
v 4.75945330 -0.76099410 -0.46303710
v 4.57229610 -1.00650300 -0.46179790
v 4.35131070 -1.22712210 -0.46960770
v 4.09314250 -1.43221140 -0.44717050
v 3.82351060 -1.60890010 -0.47114690
v 3.06154700 -1.97347240 0.50518170
v 2.84150200 -2.05507060 -0.53917740
v 2.17796970 -2.24713680 0.49936240
v 2.07506470 -2.27147220 -0.49828940
v 1.66699400 -2.34707450 0.54835160
v 1.43499970 -2.38226200 0.51404860
v 1.53148260 -2.36762810 0.00609730
v 1.21120580 -2.41620560 -0.00094210
v 1.21342040 -2.41586970 -0.49980690
v 1.49411870 -2.37329510 -0.49811400
v 0.68434390 -2.46629910 0.67262440
v 0.58628870 -2.47112800 0.46206190
v 0.19269280 -2.49051070 0.00271400
v 0.11260440 -2.49445490 -0.49302920
v 0.39685110 -2.48045680 -0.49558760
v -0.25628810 -2.48737880 0.54817610
v -0.49827580 -2.47546220 0.51412530
v -0.75459460 -2.46283940 0.01729720
v -0.75311560 -2.46291210 -0.49007160
v -0.46840750 -2.47693300 -0.48015110
v -1.21379170 -2.41581340 0.54581410
v -1.46006100 -2.37846090 0.50810570
v -1.68185540 -2.34482030 -0.00357260
v -1.67647960 -2.34563590 -0.50240820
v -1.39035610 -2.38903310 -0.50074090
v -2.09141680 -2.26760510 0.49910540
v -2.25634860 -2.22860190 -0.49947970
v -2.39454290 -2.19354720 0.49825030
v -3.43222190 -1.81458500 -0.51406160
v -3.63819270 -1.71113370 -0.55078240
v -3.87936450 -1.57633420 -0.44599010
v -4.24815700 -1.31317310 -0.42583810
v -4.47275300 -1.11173620 -0.47726300
v -4.65159230 -0.91171950 -0.43398490
v -4.80642270 -0.68235370 -0.45697340
v -4.92562770 -0.41457490 -0.49650500
v -4.99814370 0.03192880 -0.30165220
v -2.45227360 4.47429470 0.01109590
v -2.27318790 4.66622690 0.00578350
v -2.08227110 5.86542610 -0.00005250
v -2.09586500 5.89620450 0.49396630
v -2.18220810 6.09169820 -0.52385800
v 1.58035700 22.87600710 1.03452280
v 1.65253110 23.38950350 0.94117120
v -1.86236630 6.56120540 0.25000220
v -1.99323640 6.81372590 -0.24999660
v -2.14760880 7.17074060 0.25000010
v -2.24537850 7.44579080 -0.25000000
v -2.35272670 7.82881310 0.24999970
v -2.41224580 8.11518670 -0.25001000
v -2.46654180 8.51093860 0.24992790
v -2.48589040 8.79375460 -0.25082830
v 2.52042630 3.79569410 0.25022060
v 2.74143860 3.63632610 -0.25000240
v 3.03308990 3.39098310 0.25000050
v 3.23470020 3.19435830 -0.25000000
v 3.48854540 2.90712190 0.25000000
v 3.65901020 2.68277840 -0.25000000
v 3.86766290 2.36125330 0.25000000
v 4.00302120 2.11443090 -0.25000000
v 4.16198870 1.76560260 0.25000000
v 4.25961350 1.50101570 -0.25000060
v 4.36735440 1.12272760 0.24998180
v 4.42270230 0.85697050 -0.25018800
v 4.47435000 0.45152720 0.24584670
v 4.48834370 0.20706360 -0.25811820
v -0.12786080 21.49383350 0.91843090
v 1.56804530 5.00123930 0.24367740
v 1.55945680 5.03682090 -0.28077240
v 2.26624370 3.98422360 -0.25236690
v 2.08576010 5.87332490 0.00501860
v 2.40340040 4.51391510 -0.00390120
v 2.43255190 4.49028250 0.49360100
v 2.55189160 4.39353800 -0.53609970
v -1.40943830 6.16853570 0.50000000
v -1.62209460 6.68522170 0.50000000
v -1.74687310 6.96833230 0.50000000
v -1.86577220 7.26075270 0.50000000
v -1.97176890 7.56748200 0.50000000
v -1.66565610 7.48737810 0.50000000
v -1.31974960 5.87461190 0.50000000
v -1.25772550 5.57973100 0.50000000
v -1.20204400 5.26073840 0.50000000
v -1.38665080 4.66556260 0.50000000
v -0.35895040 5.33063030 0.50000000
v 0.09033670 5.03152850 0.50000000
v -0.46798590 4.82717560 0.50000000
v 1.03708640 5.18576150 0.50000000
v 1.27832060 5.26463130 0.50000000
v 1.29222070 5.54177280 0.50000000
v 1.27762950 5.89411400 0.50000000
v 1.38671720 6.24763110 0.50000000
v 1.68901130 6.68722770 0.50000000
v 1.74554800 6.96374610 0.50000000
v 1.90008490 7.24606610 0.50000000
v 1.62074610 8.15421010 0.50000000
v 1.08798400 8.15107250 0.50000000
v 1.39789100 8.70150180 0.50000000
v 1.96007360 8.92452620 0.50000000
v 2.22440000 8.49955940 0.50000000
v 0.03817460 9.67286400 0.50000000
v 0.54742920 9.62155910 0.50000000
v -0.85276390 9.35667610 0.50000000
v -0.82412990 9.64326290 0.50000000
v -0.23353560 9.53034310 0.50000000
v -0.80127310 8.06943700 0.50000000
v -1.85061250 8.44078250 0.50000000
v -1.57741310 8.80884930 0.50000000
v -1.37392850 8.20536610 0.50000000
v 0.78115150 9.59906860 0.50000000
v 0.43014040 8.25307460 0.50000000
v -1.18683770 4.38661100 0.50000000
v 0.04533160 2.55356620 0.50000000
v -0.99930060 1.22203860 0.50000000
v 1.03672390 1.01734200 0.50000000
v 1.28889180 -0.26675180 0.50000000
v 0.15166530 -0.26121540 0.50000000
v 1.52830580 -1.41237830 0.50000000
v 1.34940290 -1.64564040 0.50000000
v 2.31728220 2.45028830 0.50000000
v 2.14708210 2.94508980 0.50000000
v 2.95911980 2.06435540 0.50000000
v 3.01913120 -0.45339770 0.50000000
v 3.73023720 2.06653830 0.50000000
v 3.83029560 1.50962810 0.50000000
v 3.75450400 1.19446550 0.50000000
v 4.09361080 1.07340320 0.50000000
v 4.15045210 0.74191910 0.50000000
v 4.18242550 0.12246350 0.50000000
v 0.31397590 -1.78127430 0.50000000
v 1.50869140 -1.86959460 0.50000000
v 0.88712800 -1.78543570 0.50000000
v 0.80601540 -1.95680260 0.50000000
v -2.38528010 -0.54367800 0.50000000
v -2.51909400 2.42697950 0.50000000
v -2.48747160 1.07981740 0.50000000
v -3.01726840 2.09591030 0.50000000
v -3.45400620 1.61784450 0.50000000
v -3.48983140 0.46715250 0.50000000
v -3.84081860 1.16219340 0.50000000
v -3.68852520 1.42923570 0.50000000
v -3.95892360 0.88503680 0.50000000
v -4.20485930 0.80406840 0.50000000
v -4.30048420 0.21247650 0.50000000
v 2.48477480 8.77745060 0.25808750
v 2.46669480 8.51317210 -0.24782940
v 2.41222500 8.11508750 0.25018350
v 2.35273270 7.82884120 -0.24998420
v 2.24537280 7.44577460 0.25000850
v 2.14755560 7.17059090 -0.25002860
v 1.99132870 6.81004520 0.25279420
v 1.85630110 6.54950190 -0.25463880
v 2.98395820 8.76551340 -0.55110860
v -2.25306800 7.31819010 -1.00000000
v -1.20781520 9.58549500 -1.00000000
v -1.24932000 8.63200950 -1.00000000
v -2.14538650 9.63328930 -1.00000000
v -2.73758860 8.42492390 -1.00000000
v -2.55048490 8.58811380 -1.00000000
v -2.59105830 9.44880390 -1.00000000
v 0.01205500 8.48880580 -1.00000000
v 0.53514110 7.04710010 -1.00000000
v -0.46453680 7.09191990 -1.00000000
v 1.09721570 5.18354610 -1.00000000
v 0.85387410 5.00062660 -1.00000000
v 1.14826080 4.90205960 -1.00000000
v 0.92700590 4.70855280 -1.00000000
v -1.46192050 4.68303680 -1.00000000
v -1.05953970 4.42642260 -1.00000000
v -1.66878120 3.17422200 -1.00000000
v -1.85546180 1.81714670 -1.00000000
v -2.62030080 3.10955570 -1.00000000
v 0.95250390 1.61061140 -1.00000000
v 1.51506910 0.35120970 -1.00000000
v 0.06289230 0.12530710 -1.00000000
v -0.50730160 -0.01470730 -1.00000000
v 1.40083590 9.83013060 -1.00000000
v 2.17232680 7.61323880 -1.00000000
v 1.93696830 7.51646760 -1.00000000
v 1.55843290 10.02589040 -1.00000000
v 2.53196070 9.11031910 -1.00000000
v 2.62893800 9.41131590 -1.00000000
v 2.86702780 9.47848700 -1.00000000
v 3.22046880 3.26542230 -1.00000000
v 3.56151870 2.85474850 -1.00000000
v 3.69044090 2.33257370 -1.00000000
v 3.81452040 0.97270630 -1.00000000
v 4.07091860 1.98302650 -1.00000000
v 4.04016490 1.18054120 -1.00000000
v 3.95885590 2.26549480 -1.00000000
v 4.20904400 1.69018480 -1.00000000
v 4.49066350 1.54420160 -1.00000000
v 4.37322900 0.88038110 -1.00000000
v 4.56831260 1.24223460 -1.00000000
v 4.73769000 0.78319510 -1.00000000
v 4.70166210 0.46834330 -1.00000000
v 4.74259570 0.13439110 -1.00000000
v 0.51950790 -1.39260200 -1.00000000
v 0.02720690 -1.59580680 -1.00000000
v -1.88391750 -1.63294520 -1.00000000
v 1.33899310 -1.76528290 -1.00000000
v 2.15625550 -1.82335470 -1.00000000
v -1.41029950 -1.93431090 -1.00000000
v 1.20994310 -2.41639710 -1.00000000
v -0.12193140 -2.48198630 -1.00000000
v -4.63966940 0.87569840 -1.00000000
v -4.19095750 0.13993890 -1.00000000
v -4.31829830 1.38362850 -1.00000000
v -4.21966700 1.56694580 -1.00000000
v -4.02414230 0.63772730 -1.00000000
v -4.60796450 -0.03014200 -1.00000000
v -4.73859500 0.20802860 -1.00000000
v -3.74131920 2.41471930 -1.00000000
v -3.54575440 2.56010010 -1.00000000
v -2.07941030 1.29617980 -1.00000000
v -0.93167900 8.52855490 -1.00000000
v -0.43212030 9.74526500 -1.00000000
v 0.10888250 10.30185790 -0.24959010
v 0.38809370 10.27339080 0.25681220
v 1.05101320 10.16222670 -0.23250370
v 1.71019240 9.92471030 0.24898330
v 1.97359400 9.77044580 0.25059030
v 2.21894930 9.56841560 0.25208500
v 2.41187070 9.30655000 0.25203320
v 2.49266460 8.89277460 -0.24085330
v 0.93891250 10.69892310 0.43728410
v 0.80716570 10.71947190 -0.51400830
v 1.45193410 10.56436160 -0.46713990
v 1.50882340 10.54684830 0.49174670
v 1.79542410 10.43430040 0.53255300
v 2.09076520 10.28936000 0.46947040
v 2.37032270 10.09372430 -0.64354320
v 2.23426030 10.19356350 -0.46791620
v 2.57052560 9.91955280 -0.54264030
v 2.84871840 9.55105880 0.02994570
v 2.91381170 9.41097640 0.20804050
v 2.99829910 9.02075290 0.50597710
v 0.48594660 10.76293560 -0.45678120
v 0.08696810 10.78109260 0.33056350
v -0.61306550 0.95328570 1.20000000
v 0.02505410 24.33858870 1.23552800
v -0.58106550 23.75060650 1.25678800
v -1.01584410 21.92015460 1.32297210
v -0.99388570 21.62693790 1.33357410
v -0.04700610 20.12855150 1.38775180
v 1.35895610 22.55649950 1.29996360
v 1.05996610 23.71305850 1.25814560
v 0.27762420 24.31281090 1.23646020
v 0.13998480 24.12422180 1.24327900
v -2.47631570 9.16197970 0.24865770
v -2.32434460 9.44280620 0.25012710
v -2.07877780 9.69404980 0.25505690
v -1.80186860 9.87699890 0.25183650
v -1.53391430 10.00593850 0.24898120
v -1.52959300 10.00769710 -0.25289830
v -1.24231610 10.10782810 -0.25713530
v -1.02975270 10.16827300 0.24962710
v -0.93285440 10.19277100 -0.26273040
v -0.15181440 10.29747960 0.25573760
v -1.13368370 22.59119220 0.70661650
v -1.18188750 23.21479420 0.70039590
v -0.02614850 24.30388640 0.68953210
v -0.00966780 24.03091430 0.69225510
v 0.24989750 23.56039620 0.69694850
v 1.24735860 21.84097670 0.71410010
v 0.85517820 23.79554940 0.69460280
v 0.50943910 12.42978570 0.82700540
v 0.22215160 12.87291720 0.79150720
v 0.08032560 13.17315770 0.78096460
v -0.23104750 13.04865550 0.79626890
v -0.42083710 13.31037040 0.81879290
v -0.44471570 12.81907370 0.82308730
v -2.24792100 8.48652650 -0.50000000
v -2.26986530 8.77334310 -0.50000000
v -2.19851880 8.16359900 -0.50000000
v -1.96985510 8.01281170 -0.50000000
v -1.69939180 7.55488820 -0.50000000
v -1.23459230 6.96367360 -0.50000000
v -0.61538770 8.10106850 -0.50000000
v 0.37267610 7.05054280 -0.50000000
v -0.03222240 7.90755890 -0.50000000
v 0.85679000 5.78044990 -0.50000000
v -0.69862160 4.95176890 -0.50000000
v 0.92125420 4.74654100 -0.50000000
v -0.76333080 4.67119410 -0.50000000
v -0.93458840 4.27040000 -0.50000000
v 1.54372490 2.77014470 -0.50000000
v 1.77647070 1.49397050 -0.50000000
v -0.96928760 1.50192730 -0.50000000
v -1.11204110 0.30161870 -0.50000000
v -1.58384600 -0.00916800 -0.50000000
v -0.38852160 -0.89787700 -0.50000000
v 1.26429890 -1.03433880 -0.50000000
v 1.87097430 -1.22693780 -0.50000000
v 1.67098670 -1.35868810 -0.50000000
v -1.77614960 -1.30875710 -0.50000000
v -1.78033410 -1.62611170 -0.50000000
v -0.26869800 -1.69694470 -0.50000000
v -1.41236620 -1.88819740 -0.50000000
v -0.80601540 -1.95680260 -0.50000000
v -2.31740160 2.75744940 -0.50000000
v -3.66639900 2.01581430 -0.50000000
v -3.99748560 1.44840110 -0.50000000
v -4.25009580 0.13932890 -0.50000000
v 4.21252730 0.18735140 -0.50000000
v 3.95706010 1.26456920 -0.50000000
v 3.73130820 1.70014740 -0.50000000
v 3.35680250 2.15351060 -0.50000000
v 3.03309660 2.59422800 -0.50000000
v 2.67867060 2.92175170 -0.50000000
v 1.26426980 7.18662170 -0.50000000
v 1.30693150 6.88278390 -0.50000000
v 0.72703220 9.31255910 -0.50000000
v 1.16512550 9.17490480 -0.50000000
v 1.88644590 7.26101880 -0.50000000
v 2.07994200 7.83611870 -0.50000000
v 1.94328260 8.27818970 -0.50000000
v 2.24756570 8.75231360 -0.50000000
v -0.01795260 14.22286420 1.20000000
v 0.14316000 16.59921460 1.20000000
v -0.07830100 16.46509360 1.20000000
v 0.68188950 16.18739130 1.20000000
v -0.59497240 15.59214880 1.20000000
v -0.54609110 16.83966830 1.20000000
v -0.31478570 16.32402040 1.20000000
v 1.64959990 9.76934240 1.00000000
v 1.57194270 7.21168610 1.00000000
v 2.34319970 7.69554950 1.00000000
v 2.07019210 7.59166570 1.00000000
v 2.38782760 8.30840490 1.00000000
v 2.67518590 8.46180730 1.00000000
v 1.62536360 6.88123080 1.00000000
v 1.64642670 6.20560600 1.00000000
v 1.55345130 5.94575170 1.00000000
v 1.45369140 5.67553760 1.00000000
v 1.19497360 5.33267970 1.00000000
v 0.99792680 5.20895480 1.00000000
v 1.20203030 4.09687090 1.00000000
v 0.55185310 4.30766390 1.00000000
v 0.46753510 4.11713270 1.00000000
v 0.02111730 3.18625860 1.00000000
v -0.29788120 2.21497490 1.00000000
v 0.32085810 2.24122570 1.00000000
v -0.65607830 4.50307990 1.00000000
v -1.01128700 5.19858030 1.00000000
v -1.37228330 3.35601160 1.00000000
v -1.12043310 2.33290390 1.00000000
v -1.43435180 3.06195380 1.00000000
v -1.57362770 2.25829630 1.00000000
v -1.21603230 5.40355730 1.00000000
v -1.57605860 6.36373760 1.00000000
v -2.06360580 6.43614860 1.00000000
v -1.62174930 6.63005110 1.00000000
v -2.31612440 7.06443500 1.00000000
v -2.49405310 8.45921610 1.00000000
v -1.90852070 8.52742000 1.00000000
v -2.29369570 9.03342720 1.00000000
v -2.46508530 8.77225780 1.00000000
v -1.51743270 8.04918290 1.00000000
v -1.56483230 9.80267140 1.00000000
v -1.26965740 9.78568170 1.00000000
v -0.99390270 9.87205790 1.00000000
v -1.14049050 10.05252170 1.00000000
v -2.57841730 3.35674570 1.00000000
v -2.79643440 3.14019110 1.00000000
v -3.05994700 2.97502210 1.00000000
v -2.45000120 2.50263640 1.00000000
v -3.26348110 2.77072410 1.00000000
v -3.31359720 2.50863030 1.00000000
v -2.59734490 2.23559590 1.00000000
v -3.54588030 2.00299760 1.00000000
v -3.65134240 2.33808350 1.00000000
v -1.82771710 1.29426190 1.00000000
v -3.76041320 0.38746180 1.00000000
v -3.54571490 -0.37648590 1.00000000
v -2.81552580 0.33199130 1.00000000
v -4.55152320 0.68024480 1.00000000
v -4.74093680 0.19031330 1.00000000
v -2.03334380 0.17551160 1.00000000
v -2.97521160 -1.45203340 1.00000000
v -1.83933220 -1.72431700 1.00000000
v -1.53601310 -1.72047110 1.00000000
v -1.27470050 -1.61629840 1.00000000
v -1.38926100 -1.05384420 1.00000000
v -0.90094460 -0.75328230 1.00000000
v -0.03444850 -0.97719910 1.00000000
v 0.32263720 -0.19329700 1.00000000
v -0.26906190 -0.00142720 1.00000000
v 0.54811510 -1.55518620 1.00000000
v 0.81391040 -0.79332760 1.00000000
v 1.44066000 -1.11384310 1.00000000
v 2.30577540 -1.52690980 1.00000000
v 2.59926510 -1.53419180 1.00000000
v 2.68671130 -1.27836260 1.00000000
v 3.48316070 -0.29284210 1.00000000
v 2.80029870 0.24058320 1.00000000
v 4.58343840 0.65495120 1.00000000
v 4.54581310 -0.09377410 1.00000000
v 4.68995620 0.20169520 1.00000000
v 2.85135200 1.26156470 1.00000000
v 3.84156080 1.35571690 1.00000000
v 3.68226120 2.24577380 1.00000000
v 3.46870140 2.51661590 1.00000000
v 3.26567980 2.76018170 1.00000000
v 3.07038590 2.98971270 1.00000000
v 2.70642210 3.62757300 1.00000000
v 1.63128940 2.12817530 1.00000000
v 1.41816130 3.17153600 1.00000000
v 2.24226620 9.02639680 1.00000000
v 1.87254170 8.36048320 1.00000000
v 2.45302700 8.87871360 1.00000000
v 1.61215230 8.21060560 1.00000000
v 1.89253220 9.39302830 1.00000000
v 0.96499060 9.84576230 1.00000000
v 0.99286630 10.13163280 1.00000000
v 0.32174630 19.78000450 1.20000000
v -1.31012050 10.60863690 -0.50842370
v -1.75173040 10.45510100 0.47118030
v -1.49508910 10.55141350 0.50285770
v -2.27223800 10.16567520 -0.51940000
v 0.78914510 9.97587590 1.00000000
v 0.86050160 15.24958040 0.90000000
v 0.51957990 19.61854360 1.20000000
v -0.81119820 9.96132660 1.00000000
v -0.78135750 12.16674610 1.04577990
v -0.70883110 17.52690890 0.90000000
v 0.41162970 19.76854320 1.34366500
v -0.33118460 19.61854360 1.50000000
v 0.66881540 19.76854320 1.50000000
v -0.84764300 22.55788800 1.00535640
v -1.04528710 22.43694500 1.08120800
v -1.06475560 22.72026060 1.07990370
v -0.22047320 21.11439700 1.17102730
v -0.15751630 20.91312980 1.01400010
v 1.21159540 22.62733270 1.15991280
v 1.33779980 22.42473600 1.06848650
v 0.36080490 20.92918210 0.97251130
v 0.36103190 7.97583960 1.25000000
v 0.37456130 8.97574810 1.25000000
v 0.38809070 9.97565650 1.25000000
v 0.40162010 10.97556500 1.25000000
v 0.41514950 11.97547340 1.25000000
v 0.42867890 12.97538190 1.25000000
v 0.44220830 13.97529030 1.25000000
v 0.05603930 14.97519870 1.20000000
v 0.45573770 14.97519870 1.25000000
v 0.06956880 15.97510720 1.20000000
v 0.46926710 15.97510720 1.25000000
v 0.08309810 16.97501560 1.20000000
v 0.48279650 16.97501560 1.25000000
v 0.09662750 17.97492410 1.20000000
v 0.49632590 17.97492410 1.25000000
v 0.11015690 18.97483250 1.20000000
v 0.50985530 18.97483250 1.25000000
v -0.88551280 22.38692860 0.70865400
v -0.74787470 21.40768050 0.93064840
v -0.70946030 21.13437080 0.72114850
v -0.70946030 21.13437080 1.35138390
v -0.88551280 22.38692860 1.30609490
v 0.95298940 21.13437080 0.72114850
v 1.10317540 22.20289610 0.98794850
v 1.12904190 22.38692860 0.70865400
v 0.98989310 21.39693070 1.13088440
v 1.12904190 22.38692860 1.30609490
v 0.95849080 21.17351150 1.34996880
v -4.48958970 0.18528940 -0.22779730
v -4.46958020 0.53485650 0.25500650
v -4.43284990 0.80824220 -0.24943560
v -4.35494140 1.18233320 0.25002960
v -4.27723260 1.45326380 -0.24999970
v -4.14436960 1.81335530 0.25000000
v -4.02746730 2.06985500 -0.25000000
v -3.84303450 2.40616110 0.25000000
v -3.68957590 2.64255210 -0.25000000
v -3.45752810 2.94794250 0.25000000
v -3.27090000 3.15905310 -0.24999990
v -2.99656390 3.42660620 0.25000890
v -2.78162910 3.60734580 -0.24999070
v -2.47279140 3.83004280 0.25089330
v -2.26497340 3.98521520 -0.25300650
v -0.37162010 -1.99360000 -0.25599290
v -0.11320170 -2.00728010 0.24421810
v -0.62749440 -1.97430470 -0.29395530
v -0.68939670 -1.96823590 0.24426490
v -1.11203070 -1.92680130 -0.50000000
v -1.08318110 -1.92962970 -0.22385520
v -0.80601540 -1.95680260 0.50000000
v -1.28651320 -1.90969540 -0.28322000
v -1.29534940 -1.90882910 0.25340440
v -1.11203070 -1.92680130 0.50000000
v -1.55687490 -1.86028900 0.25864000
v -1.79766700 -1.81378590 -0.50000000
v -1.95010770 -1.78434540 -0.24898200
v -1.89399230 -1.79518290 0.50000000
v -2.13727360 -1.74360380 0.28038160
v -2.32094410 -1.69146220 -0.24360960
v -2.99450330 -1.46376910 -0.25054080
v -3.02013300 -1.45191530 0.25706250
v -3.27736710 -1.33294270 -0.24782370
v -3.54367040 -1.18947150 -0.24815170
v -3.80173660 -1.02573650 -0.24953370
v -4.03506420 -0.83893840 -0.24983380
v -4.25209240 -0.61513240 -0.24855730
v -4.40689370 -0.35749350 -0.23922580
v -4.99529840 0.08085420 0.47866210
v -2.66665820 4.30499700 -0.47386320
v 0.37138990 22.43991470 0.70812550
v 0.37138990 21.17504500 0.72074280
v 0.37138990 21.17504500 1.34991320
v 0.37138990 22.43991470 1.30417900
v -0.17203870 24.41455460 0.68842820
v -1.05345380 23.88316150 0.69372890
v -0.31518890 24.32825090 0.95709880
v -0.26997440 24.35551070 1.23491620
v -1.05345380 23.88316150 1.25199510
v -1.07363780 21.00349430 0.72245400
v -1.93346170 4.29128270 0.24629740
v -2.02250240 4.18216850 -0.26682710
v -1.73614670 4.57356210 0.24997060
v -1.83267300 4.41479440 -0.26082540
v -1.60682120 4.84059100 0.25513520
v -1.68258760 4.68149040 -0.25145050
v -1.53955190 5.11928700 0.25755040
v -1.54602170 5.77999310 0.24825030
v -1.53132250 5.71128320 -0.26654780
v -1.62353040 6.06906510 0.24866790
v -1.59641930 6.01065490 -0.25347310
v -1.73232670 6.30346870 0.24987370
v -1.71877620 6.27427390 -0.25016000
v 4.48706670 -0.08749190 -0.25777160
v 4.40411850 -0.36366350 -0.25144670
v 4.23994020 -0.62895230 -0.25009280
v 4.03580810 -0.83828070 -0.24994900
v 3.81990430 -1.01255170 -0.24973950
v 3.38964080 -1.27933960 0.21481840
v 3.17450450 -1.38051740 0.24880090
v 3.05425100 -1.43613540 -0.24922290
v 2.91338540 -1.49394060 0.25541080
v 2.75143530 -1.55328170 -0.21963530
v 2.32009840 -1.69170220 0.24636020
v 2.13799980 -1.74339750 -0.28522350
v 1.95063830 -1.78424300 0.24900020
v 1.89399230 -1.79518290 -0.50000000
v 1.60501670 -1.85099160 -0.50000000
v 1.52514580 -1.86641680 -0.25105840
v 1.79766700 -1.81378590 0.50000000
v 1.21068990 -1.91712900 -0.25333540
v 1.33325050 -1.90347650 0.24272330
v 1.10853430 -1.92714410 0.24911170
v 0.70401020 -1.96680310 -0.50000000
v 0.67636580 -1.96951350 -0.24392840
v 1.11203070 -1.92680130 0.50000000
v 0.62759540 -1.97429480 0.29408230
v 0.37159850 -1.99360120 0.25600140
v 0.11305610 -2.00728770 -0.24421790
v 4.97835540 -0.22029240 -0.00639990
v 3.56469800 -1.75167820 -0.48813710
v 3.31431100 -1.86801920 -0.50434300
v 3.31131290 -1.86937800 0.49095840
v 3.05780270 -1.97486070 -0.50547360
v 2.80094530 -2.07011030 0.50005570
v 2.62687470 -2.12392000 -0.50364910
v 2.49243740 -2.16420940 0.47530480
v 2.35148810 -2.20610280 -0.49990000
v 1.90370790 -2.31117130 0.51166460
v 1.79163400 -2.32817010 -0.49604030
v 1.67892580 -2.34526490 1.00000000
v 1.20994310 -2.41639710 1.00000000
v 1.14103910 -2.42684770 0.52048570
v 0.89475570 -2.45593710 0.48797670
v 0.94522610 -2.45345160 -0.50161060
v 0.67870130 -2.46657710 -0.50122870
v 0.73158870 -2.46397230 1.00000000
v 0.24386290 -2.48799090 1.00000000
v 0.26991340 -2.48670820 0.47703530
v 0.60965720 -2.46997690 -1.00000000
v -0.01454750 -2.49928360 0.50457620
v -0.18796830 -2.49074340 -0.49019750
v -0.24386290 -2.48799090 1.00000000
v -0.73158870 -2.46397230 1.00000000
v -0.73932160 -2.46359160 0.47267950
v -0.97795500 -2.45158340 0.50784750
v -1.07401850 -2.43701340 -0.49842450
v -0.73158870 -2.46397230 -1.00000000
v -1.20994310 -2.41639710 1.00000000
v -1.67892580 -2.34526490 1.00000000
v -1.77608250 -2.33052870 0.49564090
v -1.67892580 -2.34526490 -1.00000000
v -1.96747780 -2.29691460 -0.50446160
v -2.53276800 -2.15212250 -0.49297300
v -2.81765990 -2.06391190 0.50094850
v -3.09841160 -1.95980200 0.51206210
v -3.16309140 -1.93581700 -0.46641870
v -3.35726690 -1.84855270 0.49706900
v -3.58677600 -1.73949860 0.47073210
v -2.52935190 4.41181040 0.52720950
v 1.56487010 22.76582340 1.29239500
v 1.54938880 22.65567780 0.70597330
v 1.36483900 21.34266470 0.90487010
v 1.31716690 21.00349430 0.72245400
v -1.84848680 6.53442430 -0.24997750
v -2.01479940 6.85533290 0.25000100
v -2.13018230 7.12171510 -0.24999980
v -2.26305200 7.49551010 0.25000010
v -2.34197710 7.77709150 -0.25000050
v -2.42298600 8.16686250 0.24999370
v -2.46275070 8.45551780 -0.25011710
v -2.48971920 8.84972380 0.24953350
v 2.28114220 3.97259930 0.25221560
v 2.48355980 3.82227800 -0.25010630
v 2.78218510 3.60694480 0.25001280
v 2.99669190 3.42648120 -0.25000000
v 3.27113370 3.15882540 0.25000000
v 3.45775460 2.94764470 -0.25000000
v 3.68980150 2.64225510 0.25000000
v 3.84319070 2.40587760 -0.25000000
v 4.02749400 2.06980630 0.25000000
v 4.14437100 1.81335030 -0.25000000
v 4.27843480 1.45000460 0.24999930
v 4.35493660 1.18235600 -0.25001300
v 4.43632840 0.79154200 0.24966890
v 4.46992970 0.52875870 -0.25169440
v 2.68982270 4.28829570 0.48304480
v 4.98638820 0.23408410 -0.50371990
v 0.51350340 24.35551070 0.68901720
v 0.52827540 24.34660530 0.97880070
v 1.31309740 23.87344740 0.95882370
v 1.39491630 23.82411960 0.69431790
v 0.61143860 24.29646680 1.23705100
v 1.29698290 23.88316150 1.25199510
v -0.12786080 21.17504500 0.72074280
v -0.12786080 22.43991470 0.70812550
v -0.12786080 22.43991470 1.30417900
v -0.12786080 21.17504500 1.34991320
v -2.23621460 6.19845680 0.48357410
v -2.98221950 8.74009990 -0.52131250
v 1.68439440 6.20019770 0.25144370
v 1.71190970 6.25947950 -0.26643680
v 1.57366140 5.90919260 0.24905980
v 1.59121880 5.99126240 -0.25935110
v 1.51112030 5.59905340 0.24933920
v 1.52736680 5.69279290 -0.25538930
v 1.51505470 5.29744150 0.24871850
v 1.51407250 5.37272790 -0.26313860
v 1.84519110 4.39945360 0.25097080
v 1.84360550 4.40139680 -0.25047180
v 2.04770370 4.15473130 0.26020200
v 2.05160430 4.15168810 -0.27925650
v -1.18775740 6.39812370 0.50000000
v -1.11036410 6.67460160 0.50000000
v -1.25605190 7.09599350 0.50000000
v -2.05453710 7.83459140 0.50000000
v -2.05231810 8.07020660 0.50000000
v -1.02872910 5.78472420 0.50000000
v -0.76707660 5.64142700 0.50000000
v -0.69227670 5.34021900 0.50000000
v -0.54597620 5.49169970 0.50000000
v -0.85280690 4.48329500 0.50000000
v 0.33933090 4.86845210 0.50000000
v 0.51892790 4.62766980 0.50000000
v 1.37674500 4.74839880 0.50000000
v 1.21844200 4.96325300 0.50000000
v 0.54759650 5.52272180 0.50000000
v 0.81476440 5.62167070 0.50000000
v 0.94372550 5.88826850 0.50000000
v 1.08111170 6.17354770 0.50000000
v 1.16747750 6.47307210 0.50000000
v 1.19006930 6.74930670 0.50000000
v 1.18982460 7.03924560 0.50000000
v 1.44546080 7.12181090 0.50000000
v 0.97822190 7.27706100 0.50000000
v 0.83888300 7.54803660 0.50000000
v 0.57916700 8.03546910 0.50000000
v 1.98733270 7.73395300 0.50000000
v 1.22582010 9.47039600 0.50000000
v 1.43833730 8.92823310 0.50000000
v 1.80921160 9.53599640 0.50000000
v 2.09996010 9.38188360 0.50000000
v -0.07928110 8.19634530 0.50000000
v 0.08149270 8.39316370 0.50000000
v 0.18752130 8.20677570 0.50000000
v -0.50663350 8.07552340 0.50000000
v -0.33416230 8.29573920 0.50000000
v -1.11524700 7.57156850 0.50000000
v -1.36347120 9.41112140 0.50000000
v -2.07949690 9.31196020 0.50000000
v 1.08034720 4.05323410 0.50000000
v -1.93281850 2.92313000 0.50000000
v 1.07979040 2.82735350 0.50000000
v -1.02631680 -0.36275040 0.50000000
v -1.94184900 0.02152000 0.50000000
v -0.13472690 -0.50956070 0.50000000
v 0.15785280 -1.53958930 0.50000000
v 1.07440840 2.52017860 0.50000000
v 2.23423620 -0.44606230 0.50000000
v 2.41562560 0.05319860 0.50000000
v -1.00214370 -0.58771750 0.50000000
v -0.92779910 -1.66295000 0.50000000
v 1.09023690 -1.62905050 0.50000000
v 2.78721140 -0.13661890 0.50000000
v 2.79040120 2.35023020 0.50000000
v 2.78982850 -0.47162450 0.50000000
v 3.27404210 -0.05645900 0.50000000
v 3.30313250 -0.59397970 0.50000000
v 3.57386300 -0.45284200 0.50000000
v 3.86903550 -0.58326480 0.50000000
v 4.07042170 -0.40257970 0.50000000
v -0.67317060 -1.69823480 0.50000000
v -0.34954010 -1.67480250 0.50000000
v 0.63247060 -1.76603040 0.50000000
v -2.63493610 -0.36540990 0.50000000
v -2.78577880 2.31020590 0.50000000
v -2.72714280 2.05791190 0.50000000
v -2.13308620 -0.19349860 0.50000000
v -2.30051300 2.53152010 0.50000000
v -3.19351740 1.81136730 0.50000000
v -3.29915640 2.02220750 0.50000000
v -3.09221360 -0.20977860 0.50000000
v -3.28627040 -0.70690470 0.50000000
v -3.68763520 0.91200530 0.50000000
v -3.51078410 -0.44228050 0.50000000
v -3.83387660 -0.47162740 0.50000000
v -4.00539540 0.57286630 0.50000000
v -3.92237730 -0.67893700 0.50000000
v -4.09292170 -0.49282540 0.50000000
v -4.24238110 -0.30488710 0.50000000
v 2.49297170 9.04806800 0.25808920
v 2.46263650 8.45384790 0.25162330
v 2.42308190 8.16732500 -0.24975800
v 2.34197590 7.77708670 0.25001320
v 2.26304960 7.49550250 -0.25000050
v 2.13007500 7.12141280 0.25018290
v 2.01391740 6.85363050 -0.25047030
v 1.83238900 6.50336270 0.27878570
v 2.99962710 9.00455000 -0.39221060
v 2.22373580 6.17437840 -0.46725980
v -2.42873050 7.60638480 -1.00000000
v -1.42184900 9.77944090 -1.00000000
v -1.42204110 9.46051120 -1.00000000
v -1.70423420 7.37371300 -1.00000000
v -1.17532430 8.29825590 -1.00000000
v -0.67905020 9.72177030 -1.00000000
v -1.91727420 9.46787450 -1.00000000
v -1.91636250 9.76886650 -1.00000000
v -2.49375180 8.25930210 -1.00000000
v -2.37019560 9.44916150 -1.00000000
v -2.48082350 9.17260740 -1.00000000
v -2.23439570 9.86856460 -1.00000000
v -2.41103600 9.68177510 -1.00000000
v 1.34930740 8.11755370 -1.00000000
v 1.15434920 8.38622950 -1.00000000
v 1.10065570 5.99936580 -1.00000000
v 1.59795960 7.10027790 -1.00000000
v -1.03432560 5.95652910 -1.00000000
v -1.09089970 5.69601920 -1.00000000
v -0.88465840 5.46211580 -1.00000000
v -0.97597940 5.19736860 -1.00000000
v -0.77479650 4.93602850 -1.00000000
v 1.31163640 4.30157570 -1.00000000
v -0.34255940 2.95927620 -1.00000000
v 0.88252390 3.04722500 -1.00000000
v -2.36227320 -0.14361160 -1.00000000
v -3.54180790 -0.50467090 -1.00000000
v 2.50905970 3.29421780 -1.00000000
v 2.62749200 -1.58136340 -1.00000000
v 1.88281940 9.39996910 -1.00000000
v 2.59577920 8.30594250 -1.00000000
v 2.17311810 9.94430830 -1.00000000
v 2.44939590 9.62819860 -1.00000000
v 2.75119730 3.20765300 -1.00000000
v 2.93504290 3.40419010 -1.00000000
v 3.99176100 0.04543270 -1.00000000
v 3.85403990 2.49865060 -1.00000000
v 4.29812530 -0.58661240 -1.00000000
v 4.54754640 0.70823290 -1.00000000
v 4.47286510 -0.06683870 -1.00000000
v 4.36199380 -0.87678400 -1.00000000
v 4.55124760 -0.66004150 -1.00000000
v 4.74654440 -0.44931090 -1.00000000
v 2.38004540 -1.70152380 -1.00000000
v 1.99624120 -1.63105440 -1.00000000
v 0.36103140 -1.63967630 -1.00000000
v -1.54343770 -2.16358710 -1.00000000
v 1.48371180 -2.16278740 -1.00000000
v -0.90287740 -2.19507000 -1.00000000
v -4.17112680 -0.75132340 -1.00000000
v -4.47072980 -0.64616200 -1.00000000
v -3.98572520 -0.57564650 -1.00000000
v -4.51192570 1.27637680 -1.00000000
v -4.12016010 1.76434170 -1.00000000
v -4.69568490 0.55132280 -1.00000000
v -3.89689300 2.21691920 -1.00000000
v -3.87143900 -0.15059400 -1.00000000
v -3.65957120 0.05542830 -1.00000000
v -3.31408410 2.58926200 -1.00000000
v -2.87245890 2.94178250 -1.00000000
v -1.53928550 7.13831040 -1.00000000
v 0.42025390 10.27011200 -0.24973860
v 0.11013690 10.30172920 0.25188700
v 0.66250340 10.23599820 0.27053960
v 0.96373100 10.18704700 0.29383460
v 1.37741430 10.06941130 -0.25528810
v 1.65350080 9.95421500 -0.25498970
v 2.04031970 9.72615050 -0.25212270
v 2.27115320 9.50619980 -0.24968100
v 2.44164850 9.24275400 -0.24944770
v 0.62500000 0.75000000 1.00000000
v -0.62500000 0.75000000 1.00000000
v 0.62500000 0.75000000 1.20000000
v -0.62500000 0.75000000 1.20000000
v 1.23110390 10.63655190 0.46513570
v 1.11615770 10.66379830 -0.50723550
v 0.64452320 10.74582670 0.39886640
v 1.35323830 10.59837440 0.72275820
v 1.66903050 10.49393080 0.01088600
v 2.04225900 10.31309220 -0.54438840
v 2.36842440 10.10116290 0.38706600
v 2.57248430 9.91992950 0.54952170
v 0.35315000 10.77261070 0.35601740
v 0.07115960 10.78137590 -0.71658090
v 0.62500000 1.25000000 1.20000000
v -0.89843750 1.25000000 1.20000000
v 0.74902190 0.99199960 1.20000000
v 0.19925650 22.43096540 1.30450250
v -0.01787700 23.57072830 1.26329160
v 0.31034560 23.52605250 1.26490700
v -0.30656260 23.69866180 1.25866620
v -0.84598680 20.67300990 1.36806550
v 1.09233150 20.71832280 1.36642690
v 0.51127800 23.73004150 1.25753160
v -2.48180700 9.12442300 -0.25307620
v -2.33798290 9.42655180 -0.25424550
v -2.10650090 9.67090800 -0.25042280
v -1.82476010 9.86508460 -0.25096630
v -1.28748500 10.09498500 0.23876700
v -0.73351160 10.22464470 0.25273680
v -0.61174470 10.24411490 -0.25128540
v -0.42575570 10.26955220 0.25710940
v -0.24910250 10.28756140 -0.24610460
v 0.98171660 7.50822210 1.05000000
v 0.66832480 5.31209180 1.05000000
v -0.89081180 20.85508350 0.72393440
v -0.46425960 23.81720730 0.69438680
v -0.06972700 23.51725390 0.69737890
v 1.36869360 22.54443170 0.70708300
v 0.57582830 24.04643440 0.69210020
v 0.54227520 23.71395490 0.69541670
v 0.72894300 17.50588800 0.85842630
v 0.65575530 13.02290440 0.85819130
v 0.45413980 17.54273610 0.80531360
v 0.20721810 16.94937900 0.78477410
v -0.02764310 17.52780910 0.78243060
v -0.26986630 17.62065320 0.80312510
v -0.22358190 17.28574750 0.79821950
v -0.52648750 17.69294740 0.85262850
v -0.77016880 12.99366000 0.90000000
v -0.49692130 17.40299420 0.84521420
v -1.89349420 9.42703910 -0.50000000
v -1.58686300 9.42193030 -0.50000000
v -1.42228350 9.22014240 -0.50000000
v -1.71959420 7.85595560 -0.50000000
v -1.12968970 9.21112920 -0.50000000
v -1.55772810 7.27419330 -0.50000000
v -1.36669110 7.47825530 -0.50000000
v -0.08550270 8.18081090 -0.50000000
v -0.80699550 6.17903900 -0.50000000
v -0.89851850 5.92685320 -0.50000000
v 0.16518740 8.36115070 -0.50000000
v 0.96797060 6.23896120 -0.50000000
v -0.95889580 4.80490020 -0.50000000
v 0.84689040 4.45955420 -0.50000000
v -0.70696450 4.43626790 -0.50000000
v 1.24552750 4.10342450 -0.50000000
v -1.16155310 4.05600170 -0.50000000
v 0.41091500 2.94913340 -0.50000000
v 1.43960400 3.00667330 -0.50000000
v -0.51092050 3.01127480 -0.50000000
v 2.27259060 0.31115040 -0.50000000
v 3.33970950 0.09544570 -0.50000000
v 1.98156310 0.17213490 -0.50000000
v -0.81561820 2.87123420 -0.50000000
v -2.86396860 -0.05015240 -0.50000000
v -2.82323380 1.50528980 -0.50000000
v -3.27321820 0.35871130 -0.50000000
v 0.80962120 -1.68773790 -0.50000000
v -2.61102270 2.81884790 -0.50000000
v -3.35250740 -0.10295910 -0.50000000
v -3.59654210 -0.18123880 -0.50000000
v -3.86629490 1.89639000 -0.50000000
v -3.89385410 0.50908080 -0.50000000
v -3.64144750 -0.45687600 -0.50000000
v -3.69932010 -0.75809570 -0.50000000
v -4.08669230 1.16507790 -0.50000000
v -3.92453310 -0.59648000 -0.50000000
v -4.09960030 -0.37836970 -0.50000000
v 3.99754000 -0.60068610 -0.50000000
v 3.84749770 -0.34111740 -0.50000000
v 4.10562320 1.01542700 -0.50000000
v 4.15676830 -0.32871420 -0.50000000
v 3.56064320 1.91642140 -0.50000000
v 3.11779880 2.30782390 -0.50000000
v 2.74415040 2.68364170 -0.50000000
v 3.59879880 0.25910550 -0.50000000
v 0.48242520 9.33275030 -0.50000000
v -0.20859690 9.37839510 -0.50000000
v 1.59582720 7.22648240 -0.50000000
v 1.26394180 9.44259550 -0.50000000
v 1.79375780 7.76606040 -0.50000000
v 1.56316610 9.38543510 -0.50000000
v 1.75358650 9.41934590 -0.50000000
v 2.01157210 8.93055060 -0.50000000
v 1.91004230 9.55885700 -0.50000000
v 2.03170920 9.29680440 -0.50000000
v 0.62171880 19.77594570 1.20000000
v 0.62500000 1.25000000 1.00000000
v -0.62500000 1.25000000 1.00000000
v -0.64887020 7.20911790 0.72351250
v -0.14372470 10.67590330 1.20000000
v 0.12909020 10.82820800 1.20000000
v 0.35690660 10.38268380 1.20000000
v 0.50260540 9.86710640 1.20000000
v -0.42534740 9.63089750 1.20000000
v 0.79267870 10.23703190 1.20000000
v 1.25136730 8.15847110 1.00000000
v 1.77694680 9.60077290 1.00000000
v 1.42233800 9.86463070 1.00000000
v 1.18163230 9.99339870 1.00000000
v 2.22560410 7.41467190 1.00000000
v 1.60124980 7.57679560 1.00000000
v 2.38630990 7.99251890 1.00000000
v 2.13930080 6.95665930 1.00000000
v 2.24313900 6.72555540 1.00000000
v 1.62800900 6.65943810 1.00000000
v 2.07519770 6.44820070 1.00000000
v 1.91271580 6.23334690 1.00000000
v 1.85895340 5.99554350 1.00000000
v 1.66490540 5.47864200 1.00000000
v 1.74631200 5.24469660 1.00000000
v 1.84187650 4.96060420 1.00000000
v 1.69399500 4.74944020 1.00000000
v 0.82406470 5.04182530 1.00000000
v 1.98554990 4.13768150 1.00000000
v 1.10082890 2.32442090 1.00000000
v 0.23738270 4.15012450 1.00000000
v -0.21951900 4.31814480 1.00000000
v -0.91133380 2.15843920 1.00000000
v -1.72236250 5.10383560 1.00000000
v -1.73198140 4.55545950 1.00000000
v -2.11215570 4.16904740 1.00000000
v -1.91944920 3.89463140 1.00000000
v -2.11746310 3.60998230 1.00000000
v -1.74441980 5.38956260 1.00000000
v -1.78215860 5.69133090 1.00000000
v -1.87014540 5.97062210 1.00000000
v -1.92584060 6.20933010 1.00000000
v -1.63224410 6.94702340 1.00000000
v -1.77461960 7.17303710 1.00000000
v -2.47200680 8.10861400 1.00000000
v -2.14630940 8.01713850 1.00000000
v -1.98237040 8.26502420 1.00000000
v -2.80949810 9.10200310 1.00000000
v -2.38676500 9.30715660 1.00000000
v -1.82651700 9.72887800 1.00000000
v -1.10539700 8.39756970 1.00000000
v -0.83191930 8.42990880 1.00000000
v -2.26416110 1.65731220 1.00000000
v -3.76553630 2.62872360 1.00000000
v -3.48142100 1.71816550 1.00000000
v -4.00372220 1.24596740 1.00000000
v -4.16084290 1.07651460 1.00000000
v -4.02365680 -0.93053230 1.00000000
v -3.34306100 -1.12743760 1.00000000
v -4.16103510 -0.68032630 1.00000000
v -4.47284460 -0.67520450 1.00000000
v -3.02669100 -1.19194150 1.00000000
v -1.80051860 0.05868260 1.00000000
v -2.75737190 -1.25488660 1.00000000
v -1.15420060 -0.13019000 1.00000000
v -1.03841650 -1.76306470 1.00000000
v -0.87001800 -0.04511850 1.00000000
v 0.42483760 -1.76224010 1.00000000
v 1.34377210 -0.03081270 1.00000000
v 1.85257970 -1.35518150 1.00000000
v 1.76816280 0.16664430 1.00000000
v 3.07887670 -1.33083250 1.00000000
v 3.08442350 -1.06567660 1.00000000
v 3.32502370 -0.98837950 1.00000000
v 2.12477970 0.83158030 1.00000000
v 4.07587000 -0.83814770 1.00000000
v 4.24479820 -0.62103950 1.00000000
v 4.58400490 -0.63277630 1.00000000
v 2.24189000 1.11240040 1.00000000
v 3.83317570 1.94884770 1.00000000
v 1.59703330 1.80698570 1.00000000
v 2.01708750 3.81486750 1.00000000
v 2.17919970 9.30379100 1.00000000
v -0.84848820 10.71651650 0.39680950
v -1.02913140 10.68114950 -0.52458920
v -1.58981070 10.52052400 -0.48135170
v -2.35591050 10.11092950 0.50609620
v -2.57476500 9.91806320 0.49406200
v -2.76907970 9.68262000 0.49150820
v -2.86117480 9.51926900 -0.50071440
v -2.98254540 9.14688300 0.47891600
v 0.66881540 19.61854360 1.50000000
v -0.33118460 19.76854320 1.50000000
v -0.33165110 22.85372730 0.97136060
v -0.21171720 22.69749640 0.82570550
v -0.33578860 22.51508140 0.93697120
v -0.45743580 22.61740880 1.16854890
v -0.84746130 20.82530400 0.97549560
v -0.83196810 20.96609310 1.16357340
v 0.47358000 22.78858380 0.85278430
v 1.14471010 20.81837270 0.97401530
v 3.44515370 -1.80872480 0.71588600
v 1.35922000 -2.39375570 -0.24873670
v 0.29781450 -2.48533390 -0.24802570
v -0.61112110 -2.46990490 -0.22765300
v -1.54026410 -2.36629610 -0.25129520
v -3.26583550 -1.88998700 -0.74899220
v -2.04315500 5.73076390 0.25440440
v 2.07737040 5.85433010 0.49425910
v 2.31175180 4.61316730 0.25404100
v -1.08354900 4.69781160 0.50000000
v -0.15637620 5.17886880 0.50000000
v -0.18502650 4.92347530 0.50000000
v -0.42391230 5.07835960 0.50000000
v 1.98267440 7.51638080 0.50000000
v 1.78046850 8.41051670 0.50000000
v 1.24248600 8.44508740 0.50000000
v 1.49810100 8.43731880 0.50000000
v 1.33698940 8.15825750 0.50000000
v -0.05792020 9.97327420 0.50000000
v 0.22730140 10.01181320 0.50000000
v -1.09464250 9.87270450 0.50000000
v -0.80294640 9.94565010 0.50000000
v -0.59701660 9.86387440 0.50000000
v -1.78749840 8.15987970 0.50000000
v -1.47294120 8.52181820 0.50000000
v -1.60793880 8.32216360 0.50000000
v -1.68232260 8.59364320 0.50000000
v 0.96198210 9.86510180 0.50000000
v 0.31120760 7.95057820 0.50000000
v 0.26420500 7.69557760 0.50000000
v -0.91839210 4.25008200 0.50000000
v -0.51410080 1.76673700 0.50000000
v -0.50859610 2.66775940 0.50000000
v 1.22173660 0.46787910 0.50000000
v 0.75544760 -0.27522240 0.50000000
v 0.63375340 0.24203640 0.50000000
v 1.15758510 -1.03140960 0.50000000
v 2.09953780 1.97841160 0.50000000
v 2.25152560 1.78213800 0.50000000
v 3.39919400 2.14460180 0.50000000
v 4.19320820 0.40311900 0.50000000
v -2.33807640 -0.27218090 0.50000000
v -2.53924180 1.85040410 0.50000000
v -1.01820240 9.08419510 -1.00000000
v 0.65662810 10.26113610 -1.00000000
v 0.57545500 8.37132360 -1.00000000
v 0.03413410 7.06517120 -1.00000000
v -0.17943160 7.62083720 -1.00000000
v 0.30971200 7.58790680 -1.00000000
v 1.56283320 5.74809890 -1.00000000
v 1.71593420 4.67702770 -1.00000000
v -1.63583270 4.38803580 -1.00000000
v -1.78033350 2.42523120 -1.00000000
v -2.15364380 3.02365020 -1.00000000
v 1.33399940 0.91599370 -1.00000000
v 0.92785290 0.27424870 -1.00000000
v 0.42332200 0.86811270 -1.00000000
v -1.31909850 -0.13832030 -1.00000000
v -1.85348550 -0.82354570 -1.00000000
v 2.34083530 7.15124890 -1.00000000
v 3.00263950 0.20738500 -1.00000000
v 2.91508100 -0.11780180 -1.00000000
v 0.24762360 -1.39491950 -1.00000000
v -2.07678010 -1.00908140 -1.00000000
v -2.78637430 -1.79825070 -1.00000000
v 2.31449890 -1.97415350 -1.00000000
v 1.52750300 -1.92974950 -1.00000000
v -4.27367210 0.95034330 -1.00000000
v -1.52227570 1.24704870 -1.00000000
v -1.41263580 1.58887520 -1.00000000
v 1.88764010 10.38768960 -0.76588470
v 2.93977000 9.35394950 -0.46797970
v 0.17404630 10.77864650 0.57439150
v 0.12624310 22.92568780 1.28661480
v 1.32088470 22.24220470 1.31132750
v 0.11014860 21.34182170 0.71907910
v 0.11349930 22.91963390 0.70334020
v 0.16676640 11.86224940 0.78913330
v -0.42964000 12.02285390 0.81786810
v -0.58488140 11.75074100 0.85281580
v -0.60599180 12.26480100 0.85879090
v -2.17793490 7.89263770 -0.50000000
v -0.85546830 9.92723560 -0.50000000
v 0.06279650 7.05382630 -0.50000000
v 0.00016760 7.62052150 -0.50000000
v -0.25611740 7.46487430 -0.50000000
v 0.69819950 4.62526420 -0.50000000
v 0.78603770 4.17344860 -0.50000000
v 2.12749430 2.19474740 -0.50000000
v -1.04467570 0.91628560 -0.50000000
v -0.35472850 0.24571100 -0.50000000
v -0.26167630 0.95657440 -0.50000000
v -1.35130380 0.13826680 -0.50000000
v -1.07461210 -0.33254390 -0.50000000
v -0.78685500 -0.41986970 -0.50000000
v 0.95922570 -1.15011310 -0.50000000
v -2.05762860 -1.50759970 -0.50000000
v -2.56534720 1.98022450 -0.50000000
v -3.65048270 2.29251030 -0.50000000
v 4.25382520 0.44529200 -0.50000000
v -0.30052610 7.42052410 0.97609810
v 0.00772060 7.46989010 0.98278180
v 0.58062950 7.27253010 0.93720360
v 0.11376530 15.04937930 1.20000000
v 0.64865030 16.48376080 1.20000000
v -0.53001690 16.48281100 1.20000000
v -0.70196150 18.03461840 1.20000000
v -0.18048420 19.61854360 1.20000000
v -0.18354580 18.31389050 1.20000000
v -0.10285670 18.02708050 1.20000000
v 0.75046700 18.79397960 1.20000000
v 0.89846020 18.05495830 1.20000000
v 1.14871300 3.79186610 1.00000000
v 1.38023320 3.65832610 1.00000000
v 0.49258510 4.61894610 1.00000000
v -0.12236440 2.71207050 1.00000000
v 0.01777630 2.23558310 1.00000000
v 0.17041490 2.70644550 1.00000000
v -0.39085950 4.62545820 1.00000000
v -1.34108920 4.15905140 1.00000000
v -1.10313700 2.62002780 1.00000000
v -1.43749320 2.73438190 1.00000000
v -1.24457420 2.11141370 1.00000000
v -1.48203250 1.71028020 1.00000000
v -2.23585370 8.30841540 1.00000000
v -2.19287110 8.49927710 1.00000000
v -1.16997340 7.63376520 1.00000000
v -1.72860380 9.16015820 1.00000000
v -1.19969480 10.33252140 1.00000000
v -3.06001660 2.35040860 1.00000000
v -3.02660660 2.66381360 1.00000000
v -4.00964450 2.23380140 1.00000000
v -3.94922520 2.45370360 1.00000000
v -3.27909830 0.06560190 1.00000000
v -3.27337880 0.36908300 1.00000000
v -3.40223720 0.86072800 1.00000000
v -4.51534840 0.39118370 1.00000000
v -1.25664220 -1.32158290 1.00000000
v -0.82417150 -1.25241840 1.00000000
v 0.71229800 -1.32667410 1.00000000
v 3.56372670 0.01284270 1.00000000
v 3.37363390 0.41343410 1.00000000
v 4.05482820 0.85940960 1.00000000
v 4.75814290 0.48472340 1.00000000
v 3.38082500 1.38748620 1.00000000
v 1.81892750 1.27302930 1.00000000
v 3.97348880 2.24055360 1.00000000
v 4.09353690 2.51304600 1.00000000
v 2.57412910 2.86726430 1.00000000
v 2.77962880 2.79508830 1.00000000
v 1.15213700 3.20549770 1.00000000
v 2.16556790 8.76737210 1.00000000
v 2.14424490 9.91701790 1.00000000
v 0.99363010 10.46383570 1.00000000
v -1.17112200 10.64966680 0.50988820
v -1.62483420 10.50814060 0.74788760
v -1.36796590 10.59351160 0.76004480
v -2.30743980 10.13863660 -0.77074940
v -2.99110770 8.87002090 0.77417880
v 0.79422860 10.35157590 1.00000000
v 0.71959820 19.61854360 1.20000000
v -0.80601790 10.34418110 1.00000000
v 0.72162780 19.76854320 1.20000000
v -0.58118460 19.61854360 1.50000000
v -2.71592760 -1.56629240 0.26603400
v -4.96339370 0.62951990 -0.42606140
v -4.98764470 0.21246910 0.74390140
v -4.96995210 0.51673290 0.74701820
v -4.85757060 1.21417830 -0.59962710
v -4.89938500 1.01416650 0.52101860
v -4.92142440 0.90874260 0.74076520
v -4.66262630 1.84920680 -0.66717890
v -4.77279710 1.55119120 0.71100190
v -4.33557940 2.54498290 -0.52916850
v -4.39521790 2.43636040 0.45672490
v -4.47606470 2.28910990 0.72480140
v -4.22135590 2.75302360 0.72183770
v -3.85622910 3.24733690 -0.56709470
v -4.07628540 2.95793580 0.53894610
v -4.07321600 2.96197250 0.78138260
v -3.32921890 3.79865460 -0.52845140
v -3.51710630 3.61548900 0.46375560
v -3.63390830 3.50162290 0.72653250
v -3.38176110 3.74743270 0.73288660
v -3.01704000 4.05238060 -0.74506500
v -3.02910230 4.04368400 0.47125330
v -0.46584440 24.23742290 0.69019510
v -1.24932250 23.76507570 0.69490680
v -0.07410350 24.47359850 1.23064650
v -0.75964890 24.06029130 1.24559040
v 4.98936890 -0.10819880 -0.21100480
v 4.91973730 -0.43443070 -0.12280090
v 4.94226930 -0.35848110 0.52063600
v 4.86424540 -0.56693490 0.71840590
v 4.75519180 -0.76694970 0.66067190
v 4.33474450 -1.24094180 0.55425720
v 4.09757520 -1.42922310 -0.13172360
v 4.23323680 -1.32561960 0.75676800
v 4.11317010 -1.41870890 0.48409200
v 3.81284120 -1.61478600 -0.00990460
v 3.73416760 -1.65818790 0.23839430
v 3.86157490 -1.58790160 0.45541380
v 3.45620420 -1.80371700 -0.74967470
v 3.53777720 -1.76652930 0.11902580
v 3.50235940 -1.78280090 0.37210560
v 2.96932390 -2.00767110 0.25594290
v 2.70453190 -2.10064720 -0.75362090
v 2.61815310 -2.12653370 0.23567550
v 2.52101490 -2.15564490 -0.24964350
v 2.29805970 -2.21873780 0.24510060
v 2.23662810 -2.23326520 -0.24901620
v 2.02849890 -2.28248430 0.75237570
v 1.95478220 -2.29991670 -0.24535100
v 1.77537330 -2.33063630 0.75751470
v 1.64868620 -2.34985140 -0.74846370
v 1.05186150 -2.44037370 0.25032110
v 1.07904600 -2.43625040 -0.74997280
v 0.81892620 -2.45967150 -0.28098040
v 0.92442440 -2.45447640 0.74420530
v 0.49210070 -2.47576620 -0.74596430
v 0.07673820 -2.49622130 0.25281950
v -0.32636830 -2.48392800 -0.22990400
v -0.11649030 -2.49426340 0.75407080
v -0.30642580 -2.48491000 -0.74346610
v -0.00690090 -2.49966000 -0.74409460
v -0.88859430 -2.45624070 0.25949130
v -0.90174360 -2.45559310 -0.74794860
v -1.07825930 -2.43637010 0.75592730
v -1.67787580 -2.34542420 0.77797250
v -1.86020140 -2.31777020 0.24286940
v -1.80933740 -2.32548500 -0.75312510
v -2.17337540 -2.24822330 0.25099090
v -2.11259560 -2.26259660 -0.24981000
v -2.42285990 -2.18506070 -0.75030290
v -2.45569970 -2.17521930 0.26375440
v -2.68022490 -2.10793160 0.25385550
v -2.94107510 -2.01814650 0.28704580
v -2.97451710 -2.00574520 -0.22974300
v -3.20781660 -1.91627940 0.26456910
v -3.49380300 -1.78667830 0.73754820
v -3.63845750 -1.71098740 -0.31679770
v -3.80571130 -1.61871930 0.48892500
v -4.00685880 -1.49038120 0.68150150
v -4.56379700 -1.01548760 -0.21114030
v -4.64574340 -0.91989340 0.64758030
v -4.94762710 -0.34042330 0.21181290
v -4.89026740 -0.51499100 -0.21338610
v -4.97701260 -0.23395850 0.47974400
v -4.91477780 -0.45114860 0.75023570
v -4.98885010 -0.11348270 0.74554430
v -2.50696440 4.42995880 -0.73131670
v -2.14167690 4.86792230 -0.00545480
v -2.29790070 4.63222460 0.51045390
v -2.05192880 5.78698640 -0.50420430
v 3.05769370 4.02307030 -0.49599690
v 3.55390600 3.57961440 -0.54142480
v 3.36936950 3.75951310 0.68866590
v 3.64739010 3.48848010 0.74358520
v 4.01270060 3.04155730 -0.67550770
v 3.85611460 3.24748750 0.74050380
v 4.05152180 2.99050450 0.73510850
v 4.40575030 2.41717740 -0.67557800
v 4.29262500 2.62321830 0.73223760
v 4.70076890 1.74602930 -0.62617250
v 4.66404150 1.84537850 0.46103980
v 4.60516690 2.00463600 0.72787590
v 4.73226210 1.66083940 0.72868330
v 4.91956190 0.91765310 -0.50619320
v 4.86910720 1.15899690 0.44202900
v 4.97307590 0.46301150 -0.74263130
v 4.96314330 0.63382860 0.26953910
v 4.96363930 0.62529650 0.61039870
v 4.97584390 0.41542380 0.53640430
v 0.70937350 24.23742290 0.69019510
v 0.72671320 24.22696880 1.03443420
v 1.10189350 24.00077630 0.96235700
v 0.31763260 24.47359850 1.23064650
v 1.10111280 24.00124740 1.24772540
v -2.47784520 6.66469480 -0.52965210
v -2.73277950 7.32760430 -0.54829470
v -2.65698720 7.11438320 0.45068100
v -2.60146860 6.95819570 0.72896440
v -2.72125390 7.29518080 0.71991590
v -2.85981150 7.81722260 0.47153540
v -2.84282330 7.73548410 0.72402880
v -2.96726870 8.52156070 -0.74213180
v -2.98779870 8.82165050 -0.75761550
v -2.96981640 8.55880170 0.43993680
v -2.95624590 8.36043640 0.53197100
v -2.97622280 8.65244480 0.69066700
v 2.14581660 6.00930170 -0.72752900
v 2.01463630 5.54801370 -0.02797010
v 0.80293670 19.88526540 0.91914270
v 1.03016600 20.02325630 1.18042580
v -1.44449110 6.94478940 0.50000000
v -1.55861500 7.21247580 0.50000000
v -1.84298690 7.95084570 0.50000000
v -0.98644060 4.97942500 0.50000000
v -0.76916660 4.76331280 0.50000000
v 0.33471490 5.15263270 0.50000000
v 1.06704410 4.67512800 0.50000000
v 0.77725790 4.67852260 0.50000000
v 0.25633950 4.64613820 0.50000000
v 0.31060280 5.42942950 0.50000000
v 1.21552500 7.30946920 0.50000000
v 1.79818270 7.91935350 0.50000000
v 1.93317250 8.14982030 0.50000000
v 0.71952600 7.80020570 0.50000000
v 0.84513660 8.10870840 0.50000000
v 0.97290500 7.84387350 0.50000000
v 1.10025360 9.19572730 0.50000000
v 1.72091410 7.68414210 0.50000000
v 2.03344680 8.37680150 0.50000000
v 0.04901420 7.94664240 0.50000000
v 0.60790120 9.33524510 0.50000000
v -0.36229870 7.77633760 0.50000000
v -0.05401060 7.73063800 0.50000000
v -0.01781280 9.31545450 0.50000000
v -1.42424480 7.66726830 0.50000000
v -1.51880370 9.69423100 0.50000000
v -0.66628710 7.78758530 0.50000000
v -0.84807060 9.04727170 0.50000000
v -2.17162700 8.51499750 0.50000000
v -1.99842240 8.27156070 0.50000000
v -1.79790890 9.29688550 0.50000000
v -1.69225840 9.04921440 0.50000000
v -1.10482840 8.10469630 0.50000000
v -0.95986510 7.79069760 0.50000000
v -1.24486940 7.88318920 0.50000000
v -0.54142500 4.57269050 0.50000000
v 1.25124190 4.48399880 0.50000000
v 0.52502940 3.97539520 0.50000000
v -1.03120580 3.36211850 0.50000000
v -1.42632440 2.78111740 0.50000000
v -1.58529760 3.46932460 0.50000000
v 0.55527850 2.79704670 0.50000000
v 0.56192860 3.37490250 0.50000000
v -1.04059180 0.40379640 0.50000000
v -1.55983250 0.51460470 0.50000000
v 0.25797670 -0.87617330 0.50000000
v 0.06505390 -0.89690840 0.50000000
v 0.55421370 2.51593160 0.50000000
v 0.48590900 1.71836920 0.50000000
v -0.44808040 -0.48854020 0.50000000
v -0.57091140 -1.08233430 0.50000000
v -0.87599620 -1.05462400 0.50000000
v 1.81907300 -0.33071260 0.50000000
v 1.85511430 -0.91737440 0.50000000
v 1.28238860 -0.80139880 0.50000000
v 1.60236470 2.56914850 0.50000000
v 1.57384530 1.90043500 0.50000000
v 1.08333170 1.87289970 0.50000000
v 2.35527180 3.16013670 0.50000000
v 2.52015810 -0.49684810 0.50000000
v 2.63820720 3.02274060 0.50000000
v 3.09046860 1.20187720 0.50000000
v 3.41432710 1.17988060 0.50000000
v 3.47986650 -0.20355640 0.50000000
v 3.56151030 0.01130020 0.50000000
v 3.44302440 -0.97027470 0.50000000
v 3.91840700 0.33290770 0.50000000
v 3.97545410 0.57516650 0.50000000
v -2.58035400 -0.05722140 0.50000000
v -2.82001260 2.93156810 0.50000000
v -2.26150990 0.08627980 0.50000000
v -2.63607670 1.55785160 0.50000000
v -2.28089000 1.93186890 0.50000000
v -2.18327050 -0.99085130 0.50000000
v -2.07234190 2.07487030 0.50000000
v -1.89295480 2.24348810 0.50000000
v -2.65440130 -1.07459260 0.50000000
v -2.91705350 1.43804350 0.50000000
v -2.95631960 0.33864470 0.50000000
v -3.54469900 1.11131820 0.50000000
v -3.37552450 -0.18251610 0.50000000
v -3.70053390 -0.20425460 0.50000000
v 2.99481270 8.92417530 -0.11012270
v 2.96723290 8.52104000 -0.75378840
v 2.87706350 7.90022950 0.45587930
v 2.58676120 6.91682000 -0.53281000
v 2.74335000 7.35734270 0.57824830
v 2.58422710 6.90969090 0.78129600
v 2.42187120 6.55669020 -0.74648670
v 2.48605800 6.68054200 0.34327640
v 2.45808290 6.62656210 0.70119520
v 2.34918810 6.41644480 0.45558290
v -1.99860980 8.29717450 -1.00000000
v -1.96371440 7.93894620 -1.00000000
v -1.27351370 10.05790140 -1.00000000
v -1.91310740 6.80313920 -1.00000000
v -0.85334480 9.25196270 -1.00000000
v -0.61119010 9.22515110 -1.00000000
v -1.63769410 9.27576160 -1.00000000
v -1.70806030 10.20721630 -1.00000000
v -2.29995060 8.70056250 -1.00000000
v -2.20964770 9.31409650 -1.00000000
v 0.36581560 10.25660710 -1.00000000
v -0.13940080 9.00884530 -1.00000000
v 0.05022760 9.54744050 -1.00000000
v 1.34582160 6.55071020 -1.00000000
v 0.80415710 6.52570820 -1.00000000
v 1.06335660 7.05570030 -1.00000000
v -1.57539690 5.81717630 -1.00000000
v -0.55436520 5.78502270 -1.00000000
v 0.48474620 5.45031930 -1.00000000
v 0.04333680 4.96275420 -1.00000000
v 0.61176230 4.28763960 -1.00000000
v -1.34230220 3.62442800 -1.00000000
v 0.46505280 3.80462120 -1.00000000
v 0.28064080 2.96611140 -1.00000000
v -0.12206250 3.67056010 -1.00000000
v -2.82568960 0.80145230 -1.00000000
v -3.02488920 -0.03547900 -1.00000000
v -3.26708600 0.55926560 -1.00000000
v -0.24143130 0.07167440 -1.00000000
v 0.03507940 -0.59349520 -1.00000000
v -0.19365510 -0.71600320 -1.00000000
v 2.54731040 2.56322340 -1.00000000
v 1.79624820 2.41089820 -1.00000000
v 1.29233380 -1.52644910 -1.00000000
v 1.04034670 -1.26943930 -1.00000000
v 2.08580330 -0.53101560 -1.00000000
v 2.81459140 -0.74005420 -1.00000000
v 1.56010780 8.71001240 -1.00000000
v 1.65845300 9.19995310 -1.00000000
v 1.81480240 8.13299270 -1.00000000
v 2.44465590 7.42430350 -1.00000000
v 1.97411230 9.06437300 -1.00000000
v 2.30366750 8.37522030 -1.00000000
v 2.38670040 9.37064460 -1.00000000
v 3.94377160 0.66638880 -1.00000000
v 3.88599610 1.76954260 -1.00000000
v 4.25436830 1.36416380 -1.00000000
v 4.17670870 0.25006960 -1.00000000
v 4.50289440 -0.37267880 -1.00000000
v -2.26286510 0.72298120 -1.00000000
v 1.54156630 -1.65075610 -1.00000000
v -2.50370930 -1.92668310 -1.00000000
v 0.78915020 -1.83404270 -1.00000000
v -0.71024910 -1.92088090 -1.00000000
v 0.92255040 -2.01019290 -1.00000000
v -0.61306570 -2.21776370 -1.00000000
v -1.82197930 -2.15489530 -1.00000000
v -4.26968670 -0.42131650 -1.00000000
v -4.36569170 0.71088900 -1.00000000
v -4.10219620 1.24652560 -1.00000000
v -3.71653490 0.53766600 -1.00000000
v -3.50924850 1.81629530 -1.00000000
v -3.23050500 2.05036930 -1.00000000
v -2.75129080 2.40486000 -1.00000000
v -1.31243300 6.59452530 -1.00000000
v -0.98696990 7.12245660 -1.00000000
v -0.77688530 6.55581710 -1.00000000
v -1.39350280 7.81799600 -1.00000000
v 1.09785930 10.66592220 0.20456550
v 0.98575370 10.68756680 -0.75639890
v 0.69094860 10.74051380 -0.29519890
v 1.21252970 10.64001850 -0.25116090
v 1.45703210 10.56376460 -0.16235740
v 1.65257980 10.49923900 0.27798850
v 2.16565920 10.24176310 -0.74324190
v 2.32014940 10.13651370 0.69376770
v 2.42195130 10.05788330 -0.36285690
v 2.44981880 10.03808780 -0.12451570
v 2.61326310 9.87415890 -0.28204320
v 2.78573490 9.66473870 -0.22873580
v 2.99432400 9.06925390 -0.66301790
v 0.50233420 10.76307010 -0.14778630
v 0.28329170 10.77345940 -0.22417020
v 0.31250000 1.25000000 1.20000000
v 0.93750000 0.75000000 1.20000000
v -0.94027760 1.07085370 1.20000000
v -0.31250000 0.75000000 1.20000000
v -0.12786080 20.85882570 1.36134680
v -1.07457230 22.23736950 1.31150250
v -0.75347330 21.44750980 1.34006170
v 1.12110320 21.04548840 1.35459740
v 1.27769010 21.99149700 1.32039260
v 1.39981190 22.91112900 1.28714110
v 0.13213400 20.69852450 1.36714300
v 0.37138990 22.75613210 1.29274550
v -1.00143500 5.60928730 1.05000000
v -1.36232190 6.33695030 1.05000000
v -0.12786080 22.75613210 0.70497120
v -0.89325960 21.12066080 0.72128520
v -1.04227810 22.10239030 0.71149230
v 0.37138990 20.85882570 0.72389700
v 0.99700250 21.44750980 0.71802490
v 1.17305520 22.70006940 0.70553040
v 1.33105020 22.22089960 0.71031020
v 1.39219070 22.85901450 0.70394490
v 0.70012320 14.12764450 0.86404450
v 0.22033560 18.58601950 0.78432040
v 0.20349410 14.32949640 0.78756760
v -0.03224610 18.74404910 0.78311740
v -0.04741150 14.17144390 0.78273940
v -0.24718860 13.64237210 0.79758880
v -0.26497680 15.97668740 0.80085950
v -0.27338780 18.93114090 0.80676720
v -0.30948310 18.66251560 0.81207140
v -0.51765480 18.58145900 0.85257730
v -0.52654950 18.83849530 0.85518470
v -0.75483440 14.12697220 0.90000000
v -0.72416550 16.39359660 0.90000000
v -1.71413160 9.13387970 -0.50000000
v -1.97408700 8.30887890 -0.50000000
v -1.78664590 8.81130790 -0.50000000
v -1.53728010 8.92660330 -0.50000000
v -2.00755830 7.47445960 -0.50000000
v -1.88841470 7.25941130 -0.50000000
v -1.07575110 9.90427110 -0.50000000
v -1.48979950 8.00736050 -0.50000000
v -1.16154990 8.70265200 -0.50000000
v -1.39718030 6.69409320 -0.50000000
v -0.32726430 8.00468540 -0.50000000
v -0.41313100 8.31958480 -0.50000000
v -1.09812340 6.69781300 -0.50000000
v -0.48015880 6.61935520 -0.50000000
v 0.45758890 6.08696320 -0.50000000
v 0.66340480 5.49088620 -0.50000000
v 0.78738820 5.26177690 -0.50000000
v -0.78804490 5.46215250 -0.50000000
v 0.98086790 5.04814580 -0.50000000
v -0.35068740 4.96561380 -0.50000000
v 0.68913690 4.94300890 -0.50000000
v -1.19474030 4.65809680 -0.50000000
v -0.59920320 4.21380420 -0.50000000
v -0.54037520 3.96989150 -0.50000000
v 0.73450040 3.53007360 -0.50000000
v 0.91696810 2.95247700 -0.50000000
v 1.25290540 3.54536320 -0.50000000
v 0.16834740 3.50337290 -0.50000000
v 2.69969700 0.87549190 -0.50000000
v 3.12755110 0.82459010 -0.50000000
v 1.04737520 -0.38384460 -0.50000000
v 1.86609730 -0.42416310 -0.50000000
v 0.10429940 2.40226720 -0.50000000
v -0.07637720 2.21612880 -0.50000000
v -2.86633780 0.68911660 -0.50000000
v -2.97474190 0.91325610 -0.50000000
v 2.20257040 1.01489380 -0.50000000
v 1.91290370 0.82733800 -0.50000000
v -1.62694450 -0.64202580 -0.50000000
v -1.15919530 -1.12269660 -0.50000000
v -1.83850400 -0.45579480 -0.50000000
v -2.29078200 0.16342440 -0.50000000
v -2.45048950 -0.42759930 -0.50000000
v 1.13930640 -1.33514030 -0.50000000
v 0.84698020 -1.39758610 -0.50000000
v 2.22535090 -1.52196110 -0.50000000
v -0.68052900 -1.36816240 -0.50000000
v -0.77217290 -1.66731810 -0.50000000
v -0.58873400 -1.71311280 -0.50000000
v -1.66803210 2.78020170 -0.50000000
v -1.65071380 2.21905180 -0.50000000
v -0.84150710 2.19850400 -0.50000000
v -2.82234720 2.59836290 -0.50000000
v -3.19498130 -0.57281450 -0.50000000
v -3.11842490 0.10255470 -0.50000000
v -3.38729070 -0.39943100 -0.50000000
v -3.43877410 -0.68843040 -0.50000000
v -2.87271430 2.91728210 -0.50000000
v -3.46614360 2.45775890 -0.50000000
v -3.28195740 2.61429190 -0.50000000
v -3.59651040 1.12486600 -0.50000000
v -3.77702520 1.29012500 -0.50000000
v -3.77668020 0.23207170 -0.50000000
v -4.08047010 0.87080610 -0.50000000
v 4.18074510 0.71956860 -0.50000000
v 3.71687820 -0.63156380 -0.50000000
v 3.94751640 0.74408410 -0.50000000
v 3.84430600 0.99619510 -0.50000000
v 3.68640380 1.42146380 -0.50000000
v 3.45333340 1.58487680 -0.50000000
v 3.29938100 1.85134610 -0.50000000
v 3.09167000 1.99427030 -0.50000000
v 2.89163490 2.12792920 -0.50000000
v 2.81550460 2.37562350 -0.50000000
v 3.51731680 -0.38661060 -0.50000000
v 2.63467530 2.17253610 -0.50000000
v 1.10900270 2.39866260 -0.50000000
v 1.09709670 6.68905830 -0.50000000
v 0.74153400 8.16399570 -0.50000000
v 0.93943140 7.93259720 -0.50000000
v 0.14964980 8.86314960 -0.50000000
v 0.15004310 9.34263320 -0.50000000
v -0.19606190 8.86766050 -0.50000000
v -0.36670020 9.80009080 -0.50000000
v 0.73906670 8.85499950 -0.50000000
v 0.99143510 8.90961840 -0.50000000
v 1.24825000 8.83275220 -0.50000000
v 0.98486390 9.68132210 -0.50000000
v 1.54212870 8.89763550 -0.50000000
v 1.73637040 8.45601940 -0.50000000
v 1.99858520 8.59352780 -0.50000000
v 0.32015900 7.41393230 0.97577660
v -0.33444980 16.63519100 1.20000000
v -0.26909160 17.85473820 1.20000000
v -0.43513720 18.13692470 1.20000000
v 0.06989380 12.20439820 1.20000000
v 0.54319320 16.83029750 1.20000000
v 0.65694140 18.54398730 1.20000000
v 0.38446710 11.82309250 1.20000000
v 0.51345880 10.14523700 1.20000000
v -0.58480930 8.72094250 1.20000000
v -0.53430380 10.28897950 1.20000000
v -0.28657770 12.01539130 1.20000000
v -0.56136500 12.04881950 1.20000000
v -0.41161030 10.79020790 1.20000000
v 0.54505040 8.90440750 1.20000000
v 0.49280790 8.59850030 1.20000000
v 0.95957850 8.07506560 1.00000000
v 1.46289470 9.58914570 1.00000000
v 1.17752400 9.68107800 1.00000000
v 2.52020190 7.53292130 1.00000000
v 1.83439340 7.74291560 1.00000000
v 2.14183140 8.19221310 1.00000000
v 1.21110740 5.06703520 1.00000000
v 1.04473300 4.89033750 1.00000000
v 1.58112430 4.46312050 1.00000000
v 1.83353010 4.44695190 1.00000000
v 0.79461190 4.72462840 1.00000000
v 1.04182260 4.58500390 1.00000000
v 1.33156060 2.55336740 1.00000000
v 1.05811820 1.77658030 1.00000000
v 0.63195980 3.88483500 1.00000000
v 0.49183000 3.64381790 1.00000000
v 0.60709740 2.17499350 1.00000000
v 0.47190960 1.73627810 1.00000000
v 0.00065570 4.15958550 1.00000000
v -0.10307970 3.69545530 1.00000000
v 0.18602790 3.66416000 1.00000000
v -0.60405640 2.19535730 1.00000000
v -0.75915790 1.71405030 1.00000000
v -0.46070820 1.72852870 1.00000000
v -1.24509040 1.78123200 1.00000000
v -1.44246390 4.65048690 1.00000000
v -1.21689140 4.75376030 1.00000000
v -1.05316260 4.21763130 1.00000000
v -0.65284400 4.76945590 1.00000000
v -2.03732420 4.44809960 1.00000000
v -1.18266980 3.17026710 1.00000000
v -2.51344180 7.30534840 1.00000000
v -2.16270950 7.50601100 1.00000000
v -1.80039140 7.45727010 1.00000000
v -2.32387470 7.77570060 1.00000000
v -1.82567690 8.00634100 1.00000000
v -2.70245410 8.64177320 1.00000000
v -2.55955790 9.06602670 1.00000000
v -2.16099930 9.36485290 1.00000000
v -2.34230850 9.65180490 1.00000000
v -1.34961260 7.81297250 1.00000000
v -1.23747930 8.11991690 1.00000000
v -1.79920170 10.06500050 1.00000000
v -1.39654900 9.51304440 1.00000000
v -0.83709960 8.04705430 1.00000000
v -0.81637850 9.57847210 1.00000000
v -2.49753810 3.87833910 1.00000000
v -2.71431610 3.66801400 1.00000000
v -2.52617260 3.02950530 1.00000000
v -2.07146880 2.18406960 1.00000000
v -2.32247400 2.00880240 1.00000000
v -3.31182810 2.18040590 1.00000000
v -3.28002330 1.86102630 1.00000000
v -4.13545700 1.97792390 1.00000000
v -2.63563350 0.87940140 1.00000000
v -2.72623970 1.17252020 1.00000000
v -2.61119630 0.55103500 1.00000000
v -2.09986380 0.47424350 1.00000000
v -3.89078590 0.99128520 1.00000000
v -4.04960010 0.79358460 1.00000000
v -3.61951380 -0.68072580 1.00000000
v -3.68046500 -0.97827320 1.00000000
v -3.31460950 -0.55457880 1.00000000
v -3.80092690 -0.45814240 1.00000000
v -4.31704430 -0.92887310 1.00000000
v -4.33703470 0.86744790 1.00000000
v -4.27833940 0.59752410 1.00000000
v -3.04477170 -0.72830240 1.00000000
v -2.79227260 -0.66166310 1.00000000
v -3.26566790 -1.37135410 1.00000000
v -2.85853480 -0.96981350 1.00000000
v -2.91915870 -1.73859830 1.00000000
v -2.70553210 -1.51102790 1.00000000
v -1.84557680 -0.99183950 1.00000000
v -1.92497980 -1.42688690 1.00000000
v -1.70383830 -1.20743980 1.00000000
v -1.68453780 -2.03651880 1.00000000
v -1.33152770 -1.93295070 1.00000000
v -0.77862770 -2.17884110 1.00000000
v -0.50431260 -2.02145960 1.00000000
v -0.43506750 0.25767930 1.00000000
v 0.11982760 -1.27743770 1.00000000
v -0.17691690 -1.28217970 1.00000000
v 0.58683820 -0.03186570 1.00000000
v 0.74169400 0.26470340 1.00000000
v 0.84437300 -2.16055440 1.00000000
v 1.11925630 -2.10874390 1.00000000
v 1.58111140 -2.10293720 1.00000000
v 1.50683960 0.23413970 1.00000000
v 2.14780450 -1.26665210 1.00000000
v 2.29543210 -1.06004500 1.00000000
v 2.60691480 -0.99782600 1.00000000
v 2.60242870 -0.76719150 1.00000000
v 3.31685690 -1.54314530 1.00000000
v 3.30567530 -1.28622080 1.00000000
v 2.48292260 0.24883600 1.00000000
v 2.49420360 0.50575950 1.00000000
v 2.06195780 0.51919590 1.00000000
v 3.59983350 -0.85646610 1.00000000
v 3.37374520 -0.64329150 1.00000000
v 3.46101140 0.90848340 1.00000000
v 4.41285370 -0.38012440 1.00000000
v 3.99096510 -0.13763710 1.00000000
v 3.59887600 1.17472930 1.00000000
v 3.86586500 1.08692420 1.00000000
v 4.50435920 0.40064850 1.00000000
v 3.35617730 1.68698930 1.00000000
v 2.54427480 1.26338820 1.00000000
v 2.66628650 1.02638160 1.00000000
v 4.10329290 2.00720210 1.00000000
v 3.18886020 1.99340190 1.00000000
v 2.37802620 2.03923080 1.00000000
v 2.44517450 3.08167980 1.00000000
v 2.15671590 3.01661800 1.00000000
v 1.97585610 3.50136800 1.00000000
v 1.72362270 9.17263510 1.00000000
v 1.59086190 9.35037710 1.00000000
v 0.95880890 9.31274890 1.00000000
v 0.78151990 9.41232590 1.00000000
v 0.76626950 8.28522680 1.00000000
v -1.39718790 10.58221440 -0.25606960
v -0.81707720 10.71882150 -0.28371540
v -0.72245950 10.73407460 -0.51675390
v -0.58972500 10.75155640 0.57574800
v -0.22564650 10.77399730 -0.74076550
v -0.19417590 10.77806660 0.29346730
v -1.75653410 10.45154290 -0.72583790
v -1.50480870 10.54689790 -0.74726500
v -2.05133410 10.30830380 -0.68175560
v -2.28996520 10.15420720 -0.27982260
v -2.49006750 9.99593540 0.75184280
v -2.71010570 9.76287650 0.74224880
v -2.82487820 9.60101510 0.24174480
v -2.93305730 9.36835290 -0.25117010
v -2.99274060 9.08857250 -0.74560170
v -0.78550330 11.86034770 0.90000000
v 0.41881540 19.76854320 1.50000000
v -0.58118460 19.76854320 1.50000000
v -0.37847290 19.76854320 1.20000000
v 0.91881540 19.61854360 1.50000000
v -0.33844020 7.92583940 1.25000000
v 0.36103190 7.92583940 1.25000000
v 0.06125810 7.97583960 1.25000000
v -0.33844020 7.92583940 1.20000000
v 0.36103190 7.92583940 1.20000000
v -0.53828940 7.97583960 1.25000000
v -0.32491080 8.92574790 1.25000000
v 0.37456130 8.92574790 1.25000000
v 0.07478760 8.97574810 1.25000000
v -0.32491080 8.92574790 1.20000000
v 0.37456130 8.92574790 1.20000000
v -0.52475990 8.97574810 1.25000000
v -0.31138140 9.92565630 1.25000000
v 0.38809070 9.92565630 1.25000000
v 0.08831690 9.97565650 1.25000000
v -0.31138140 9.92565630 1.20000000
v 0.38809070 9.92565630 1.20000000
v -0.51123060 9.97565650 1.25000000
v -0.29785200 10.92556480 1.25000000
v 0.40162010 10.92556480 1.25000000
v 0.10184630 10.97556500 1.25000000
v -0.29785200 10.92556480 1.20000000
v 0.40162010 10.92556480 1.20000000
v -0.49770120 10.97556500 1.25000000
v -0.28432260 11.92547320 1.25000000
v 0.41514950 11.92547320 1.25000000
v 0.11537570 11.97547340 1.25000000
v -0.28432260 11.92547320 1.20000000
v 0.41514950 11.92547320 1.20000000
v -0.48417180 11.97547340 1.25000000
v -0.27079320 12.92538170 1.25000000
v 0.42867890 12.92538170 1.25000000
v 0.12890510 12.97538190 1.25000000
v -0.27079320 12.92538170 1.20000000
v 0.42867890 12.92538170 1.20000000
v -0.47064240 12.97538190 1.25000000
v -0.25726380 13.92529010 1.25000000
v 0.44220830 13.92529010 1.25000000
v 0.14243450 13.97529030 1.25000000
v -0.25726380 13.92529010 1.20000000
v 0.44220830 13.92529010 1.20000000
v -0.45711300 13.97529030 1.25000000
v -0.24373440 14.92519860 1.25000000
v 0.45573770 14.92519860 1.25000000
v 0.15596390 14.97519870 1.25000000
v -0.24373440 14.92519860 1.20000000
v 0.45573770 14.92519860 1.20000000
v -0.44358360 14.97519870 1.25000000
v -0.23020500 15.92510700 1.25000000
v 0.46926710 15.92510700 1.25000000
v 0.16949330 15.97510720 1.25000000
v -0.23020500 15.92510700 1.20000000
v 0.46926710 15.92510700 1.20000000
v -0.43005420 15.97510720 1.25000000
v -0.21667560 16.92501640 1.25000000
v 0.48279650 16.92501640 1.25000000
v 0.18302270 16.97501560 1.25000000
v -0.21667560 16.92501640 1.20000000
v 0.48279650 16.92501640 1.20000000
v -0.41652480 16.97501560 1.25000000
v -0.20314620 17.92492490 1.25000000
v 0.49632590 17.92492490 1.25000000
v 0.19655210 17.97492410 1.25000000
v -0.20314620 17.92492490 1.20000000
v 0.49632590 17.92492490 1.20000000
v -0.40299540 17.97492410 1.25000000
v -0.18961690 18.92483330 1.25000000
v 0.50985530 18.92483330 1.25000000
v 0.21008150 18.97483250 1.25000000
v -0.31452260 18.92483330 1.20000000
v 0.50985530 18.92483330 1.20000000
v -0.38946600 18.97483250 1.25000000
v -4.48645880 -0.09177160 -0.21322860
v -4.99066160 0.16059410 -0.55016980
v -4.98722890 -0.12998030 -0.52486040
v -4.96684600 0.57015450 0.20316530
v -4.96354580 0.62690170 -0.11382560
v -4.91953230 0.91779830 -0.53023220
v -4.83547830 1.31985340 0.15128540
v -4.93075700 0.86410490 0.07695580
v -4.83057550 1.34330300 -0.13648470
v -4.62013480 1.96414730 0.16722700
v -4.75049970 1.61150530 0.19921990
v -4.59903290 2.02122860 -0.17914440
v -4.47254660 2.29551790 -0.52926450
v -4.29143000 2.62539430 0.19365650
v -4.46754980 2.30461880 0.20203080
v -4.25909040 2.68429680 -0.22702580
v -4.03643230 3.01034900 -0.53983530
v -3.83445620 3.27597020 0.17480070
v -4.11252450 2.91027860 0.24150940
v -3.83231850 3.27878170 -0.08916920
v -3.64907480 3.48683710 -0.55616310
v -3.37727550 3.75180550 0.21210840
v -3.62420230 3.51108430 0.20459490
v -3.20878530 3.91413740 -0.00765230
v -3.11826180 3.97940230 -0.48489790
v -2.80163760 4.20768020 -0.22821200
v -2.76983550 4.23060850 0.49233750
v -2.70347380 4.27845380 0.74888100
v -0.87350480 23.99164960 0.98679720
v 2.83922460 -2.05591510 -0.26409820
v 1.68850080 -2.34381270 0.28782730
v 1.52433670 -2.36871190 0.75910290
v 1.06414660 -2.43851040 -0.25342710
v 1.35487570 -2.39441470 -0.74954490
v 0.73041110 -2.46403050 0.24114600
v 0.46660580 -2.47702190 0.82541970
v -0.02167980 -2.49893260 -0.24001010
v 0.24380300 -2.48799370 -0.70844890
v -0.26259010 -2.48706870 0.29047990
v -0.39881930 -2.48036000 0.75814840
v -0.91641940 -2.45487050 -0.24203250
v -0.59474350 -2.47071170 -0.74189890
v -1.21305440 -2.41592530 0.28461710
v -1.35572790 -2.39428540 0.75728420
v -1.83567350 -2.32149050 -0.25442500
v -1.52672330 -2.36835000 -0.75121990
v -2.39134600 -2.19450520 -0.23871500
v -3.19293620 -1.92302310 -0.19886760
v -3.39635440 -1.83083930 -0.25618620
v -3.84030800 -1.59963410 -0.14569530
v -4.97260190 -0.25623990 -0.26078640
v -2.59352540 4.35978700 0.26587630
v -2.41845230 4.50171230 -0.45934400
v -2.05908990 5.08250950 0.25232660
v -2.01985050 5.30838060 0.02282930
v -2.01684640 5.56217670 0.00109160
v -2.11307000 5.93515920 -0.75351330
v -2.12783840 5.96859740 -0.26387240
v -2.26641610 6.25673150 -0.28313810
v 2.79247830 4.21428390 -0.51184620
v 2.70669670 4.27613020 -0.75386110
v 3.07877560 4.00787070 0.21644710
v 3.15441270 3.95333810 -0.06281970
v 3.31671480 3.81084470 -0.50437290
v 3.65557100 3.48050380 0.19627160
v 3.31588700 3.81165170 0.07804900
v 3.63705060 3.49855970 -0.07855720
v 3.88198180 3.21346830 -0.50385610
v 4.07770540 2.95606950 0.17478090
v 3.85760740 3.24552370 0.21013660
v 4.10095500 2.92549280 -0.12531570
v 4.30469560 2.60123370 -0.50442240
v 4.45268200 2.33169870 0.17734770
v 4.27372220 2.65764640 0.20273850
v 4.47494750 2.29114480 -0.12102970
v 4.62022350 1.96390770 -0.51889680
v 4.72551970 1.67907880 0.18958970
v 4.60502050 2.00503300 0.20455700
v 4.76376490 1.57562320 -0.10329920
v 4.85017440 1.24955770 -0.53326630
v 4.92743400 0.87999810 0.09324530
v 4.83148100 1.33897130 0.15482630
v 4.96613880 0.58230720 -0.47137780
v 4.97238920 0.47482240 -0.25402100
v 4.99163910 0.14379680 0.43278200
v -2.25580530 6.23625760 -0.75841910
v -2.45537850 6.62134410 0.20339840
v -2.30380150 6.32886890 0.22063130
v -2.38796040 6.49125860 0.47320970
v -2.52211330 6.75011250 -0.05226830
v -2.60496640 6.96803520 -0.53270450
v -2.71586780 7.28002790 0.16603620
v -2.59378720 6.93658490 0.19284970
v -2.75622010 7.39354900 -0.08184210
v -2.82242820 7.63735290 -0.53272890
v -2.91363220 8.07617760 0.18054160
v -2.82289580 7.63960310 0.19206370
v -2.94819500 8.24275680 -0.03824010
v -2.96304320 8.45979980 -0.46650840
v -2.98344300 8.75798510 -0.27806650
v -2.98225020 8.74054720 0.20943270
v -2.95880720 8.39787670 0.20200550
v 2.25492380 6.23455670 0.27588330
v 2.08994030 5.88279010 -0.45832990
v 2.03680370 5.14948990 0.27224900
v 2.10052180 4.97485690 0.02755210
v 2.21198820 4.75043110 0.00152610
v 2.31901260 4.60317660 -0.50829890
v 2.45249490 4.47411540 -0.75931480
v 2.46654110 4.46272850 -0.27055890
v 0.99009810 19.99892430 0.95300950
v -0.12337030 5.40900420 0.50000000
v 0.08008390 5.30525400 0.50000000
v 0.06461870 4.77501390 0.50000000
v -0.22739580 4.67240240 0.50000000
v 1.70643380 7.46215530 0.50000000
v 1.49221250 7.88967800 0.50000000
v 0.97475110 8.46387200 0.50000000
v 1.18816360 8.73298650 0.50000000
v 1.68163750 8.73694320 0.50000000
v -0.21333400 9.18545060 0.50000000
v 0.25914990 9.41609100 0.50000000
v 0.19037570 9.16539100 0.50000000
v 0.43339930 9.12753680 0.50000000
v -0.63913150 9.21376040 0.50000000
v -0.38563730 9.05014230 0.50000000
v -0.91160420 8.37557320 0.50000000
v -1.09368990 8.92020990 0.50000000
v -2.23509790 8.82090090 0.50000000
v -1.90470680 8.76455690 0.50000000
v -1.31719120 8.73569200 0.50000000
v -1.22831120 8.42013360 0.50000000
v -1.55166530 7.98883960 0.50000000
v 0.69141710 8.35051250 0.50000000
v 0.52859570 8.54054550 0.50000000
v -0.27033350 4.40575500 0.50000000
v 0.01473910 4.25854110 0.50000000
v -0.41740520 3.97140070 0.50000000
v 0.04960170 3.31202390 0.50000000
v -0.47030670 3.36892960 0.50000000
v -0.51789330 1.15213430 0.50000000
v -1.45829680 1.36865580 0.50000000
v -1.38658300 2.09913110 0.50000000
v 0.53831250 1.16856420 0.50000000
v 0.14349460 0.47201120 0.50000000
v 1.60863640 1.15029320 0.50000000
v 1.72336900 0.54208180 0.50000000
v 0.93634950 -0.83664170 0.50000000
v 0.43508330 -0.78647670 0.50000000
v 1.82627950 -1.54360830 0.50000000
v 1.58479740 -1.66697290 0.50000000
v 2.09233740 -1.09655360 0.50000000
v 2.26016640 3.45889520 0.50000000
v 3.21524360 2.75028800 0.50000000
v 3.79758690 1.77693120 0.50000000
v 3.68058230 0.58788020 0.50000000
v -3.07929350 0.85214730 0.50000000
v -2.64427610 0.42828210 0.50000000
v 2.97898440 8.69281100 -0.27283670
v 2.95992280 8.41418270 -0.46110460
v 2.95976070 8.41181470 0.19119950
v 2.97020890 8.56453700 0.48558860
v 2.96083020 8.42744730 0.73429310
v 2.94280720 8.21655180 -0.01703200
v 2.91323300 8.07425790 -0.52684820
v 2.84515740 7.74671410 0.18192620
v 2.91415620 8.07869910 0.20262130
v 2.82364270 7.64319660 -0.10930820
v 2.73888710 7.34478710 -0.52903200
v 2.61656070 7.00065370 0.19727550
v 2.72664930 7.31035900 0.23459800
v 2.47364020 6.65658190 -0.49181090
v 2.27697520 6.27710580 0.73092690
v -1.66035410 7.87032130 -1.00000000
v -1.76720670 8.50965120 -1.00000000
v -1.54958130 8.73124500 -1.00000000
v -2.06018160 8.85315990 -1.00000000
v -0.38320890 8.19506450 -1.00000000
v 0.69249000 8.06873800 -1.00000000
v 0.79906310 7.56393240 -1.00000000
v 0.26085950 6.51075360 -1.00000000
v -0.24968680 6.52806470 -1.00000000
v -0.66965570 7.65075400 -1.00000000
v 0.51890640 5.99660780 -1.00000000
v -0.07166940 4.67995410 -1.00000000
v 0.61293270 4.82016750 -1.00000000
v 0.15959490 4.67759940 -1.00000000
v -0.82357890 4.61684800 -1.00000000
v -0.52482750 4.37157680 -1.00000000
v -2.11139490 3.60799550 -1.00000000
v -2.68155960 3.66037650 -1.00000000
v -1.19388080 2.18270540 -1.00000000
v -2.39294430 1.81607160 -1.00000000
v -0.15983770 0.72297950 -1.00000000
v 0.96067510 -0.38988200 -1.00000000
v 0.29590770 -0.55758800 -1.00000000
v -1.47865870 0.58545900 -1.00000000
v -0.75028840 0.54736700 -1.00000000
v -0.43914170 -0.87590150 -1.00000000
v -1.05990310 -1.43492380 -1.00000000
v 1.20427310 9.17548750 -1.00000000
v 1.01997580 9.69443990 -1.00000000
v 3.82941770 -0.78180540 -1.00000000
v 3.15244220 2.22110340 -1.00000000
v 4.08188720 2.52715680 -1.00000000
v -0.06590030 -1.31739210 -1.00000000
v 0.37176880 -1.10257920 -1.00000000
v -0.91532080 -1.66686710 -1.00000000
v 0.59693740 -2.04140850 -1.00000000
v 0.43740420 -2.25348730 -1.00000000
v -4.50145960 0.43012570 -1.00000000
v -4.48417850 1.59208130 -1.00000000
v -4.37433000 1.85461090 -1.00000000
v -2.48573800 1.58378310 -1.00000000
v -2.58861640 1.33263470 -1.00000000
v -3.02774480 1.61629000 -1.00000000
v 0.08090020 10.25706770 -1.00000000
v -0.13790790 9.75662520 -1.00000000
v -0.22789020 10.25800040 -1.00000000
v 0.93023570 10.69931410 -0.28002210
v 1.59738700 10.51729110 0.75426350
v 1.82733180 10.41928670 0.79826830
v 1.86827270 10.39890960 -0.09070940
v 2.18548490 10.22711090 0.21140330
v 2.26086090 10.17570590 -0.21995890
v 2.76060030 9.70163540 -0.49028590
v 2.78535800 9.65974620 0.52202170
v 0.55685410 10.75627520 0.14026140
v 0.26209590 10.77569200 0.06938800
v 0.31058780 1.08044410 1.20000000
v 0.07641050 22.17394260 1.31379580
v -0.12786080 22.12369730 1.31561260
v -0.95297450 21.31732560 1.34476880
v 0.37138990 21.49126240 1.33847960
v -0.12786080 21.49126240 0.71758840
v -1.16345880 22.90926550 0.70344360
v 0.37138990 22.12369730 0.71127980
v 0.10692410 21.97752190 0.71273790
v 1.19486050 21.52936550 0.71720830
v 0.56052940 13.65258790 0.83393750
v 0.54398870 15.91686530 0.82167710
v 0.25121360 14.02858730 0.79166020
v -0.33711640 14.20490840 0.80611970
v -0.56011190 14.16888520 0.85250910
v -0.53048710 15.50823400 0.84869670
v -1.27756880 8.96866420 -0.50000000
v -1.28346350 7.86751750 -0.50000000
v -0.53663880 9.29210000 -0.50000000
v -0.83637140 8.69074250 -0.50000000
v -0.50909110 8.82943730 -0.50000000
v -0.85357460 7.63201810 -0.50000000
v -0.53471700 7.54531290 -0.50000000
v -0.18965060 6.57822280 -0.50000000
v 0.12312760 6.52176520 -0.50000000
v 0.45212010 7.88235430 -0.50000000
v 0.01081440 5.89117910 -0.50000000
v -0.26928540 5.28789230 -0.50000000
v -0.05619900 5.11296420 -0.50000000
v 0.16054140 4.96868800 -0.50000000
v 0.21005450 4.73986530 -0.50000000
v 0.23051980 4.44731470 -0.50000000
v -0.07407160 4.25997210 -0.50000000
v 1.91258470 3.33514380 -0.50000000
v 2.37283900 3.30428120 -0.50000000
v 1.17301400 1.54972860 -0.50000000
v 2.28443000 1.61507890 -0.50000000
v -0.07009870 1.58694600 -0.50000000
v -1.75141670 1.51825950 -0.50000000
v -0.49242610 -0.33821400 -0.50000000
v 0.17346010 -0.34503350 -0.50000000
v -2.05622530 0.73860590 -0.50000000
v 2.51321510 -1.14226720 -0.50000000
v 0.75656340 -0.93156620 -0.50000000
v -2.30018040 3.25363540 -0.50000000
v -2.07815150 3.44625380 -0.50000000
v -2.84619360 3.21927400 -0.50000000
v -3.09040930 2.75366850 -0.50000000
v -4.02174330 -0.07254860 -0.50000000
v 1.00523150 7.67391680 -0.50000000
v 1.76047490 8.76836970 -0.50000000
v 1.66454860 8.18573380 -0.50000000
v -0.55616840 7.28691670 0.95847090
v -0.15409810 15.21126080 1.20000000
v 0.36363090 15.20435520 1.20000000
v 0.62890240 13.28907390 1.20000000
v 0.60027860 13.61774060 1.20000000
v -0.58381770 13.48358540 1.20000000
v -0.53096170 14.87435530 1.20000000
v -0.41344290 15.14290430 1.20000000
v -0.38734170 15.73583510 1.20000000
v 0.68868700 14.68650150 1.20000000
v 0.85746990 15.02551080 1.20000000
v 0.60586380 14.97037120 1.20000000
v 1.21440840 8.75541880 1.00000000
v 1.28559710 4.41706280 1.00000000
v 0.30659300 3.15184260 1.00000000
v -0.26125660 3.22459460 1.00000000
v -0.47332150 2.74145340 1.00000000
v -0.15735050 1.73857240 1.00000000
v 0.14979870 1.75398850 1.00000000
v -0.37051300 3.75308440 1.00000000
v -0.55230440 3.56933120 1.00000000
v -0.86987500 3.96573350 1.00000000
v -1.62566160 3.73085000 1.00000000
v -1.07869600 3.77048210 1.00000000
v -1.68918470 2.89893820 1.00000000
v -1.65826940 2.56869050 1.00000000
v -2.30033640 7.31968070 1.00000000
v -2.62029050 7.79644580 1.00000000
v -2.72974780 8.35576730 1.00000000
v -2.20907310 8.72904780 1.00000000
v -1.68436600 8.30951980 1.00000000
v -1.68498910 8.63248060 1.00000000
v -1.85410750 8.85913180 1.00000000
v -1.18005650 9.47597790 1.00000000
v -2.75840970 2.52427010 1.00000000
v -2.54112050 1.46041490 1.00000000
v -4.19329790 1.66340520 1.00000000
v -3.02622440 0.70816020 1.00000000
v -3.90567660 -0.18542620 1.00000000
v -3.03896470 -0.39224250 1.00000000
v -2.74479100 0.01577310 1.00000000
v -4.75789500 0.52485560 1.00000000
v -4.73255680 0.85460950 1.00000000
v -2.26615360 -0.04865910 1.00000000
v -2.26243110 -0.36261970 1.00000000
v -2.31152180 -0.99337150 1.00000000
v -2.50174280 -1.26861480 1.00000000
v -2.14901610 -1.66340740 1.00000000
v -2.04521420 -1.99677480 1.00000000
v -1.47311850 -1.39561770 1.00000000
v -0.32504390 -0.86867130 1.00000000
v 0.28710340 -0.98606760 1.00000000
v 0.41580890 -0.47050590 1.00000000
v 1.38423780 -2.08931400 1.00000000
v 2.38115910 -0.04641910 1.00000000
v 3.03244880 -0.29227640 1.00000000
v 2.93834400 -0.03380970 1.00000000
v 3.85381270 0.07924860 1.00000000
v 2.97868010 0.70671250 1.00000000
v 4.41299340 1.05692640 1.00000000
v 4.62561460 0.89097870 1.00000000
v 4.21540450 0.34490800 1.00000000
v 2.52427200 1.56434300 1.00000000
v 2.99981860 2.72683190 1.00000000
v 1.60941900 3.03376560 1.00000000
v 2.45171240 9.18141170 1.00000000
v 1.65976660 8.46453570 1.00000000
v 0.97327520 9.55810260 1.00000000
v -0.82918770 10.71872710 0.15244000
v -1.22723140 10.63616370 -0.03211360
v -0.40874530 10.76649480 -0.47409110
v -0.11192450 10.78038220 -0.44674540
v -1.84632490 10.40868470 -0.42065540
v -1.36476670 10.59403040 0.24733770
v -2.19081450 10.22427560 -0.07649000
v -2.06562040 10.30426310 0.41838970
v -2.15565200 10.24565600 0.73245340
v -2.28585360 10.15999700 0.19818850
v -2.66907360 9.80961130 -0.51200200
v -2.61175370 9.87638760 -0.22357660
v -2.63135050 9.84930420 -0.78259360
v -2.94452740 9.33675380 0.23194580
v -2.91196470 9.41339110 0.45915820
v -2.89151000 9.46057890 0.71844280
v -2.99086190 9.11109540 -0.24606010
v -2.97229150 9.23396590 -0.49254860
v -2.99516920 9.05894370 0.23011290
v 0.89109650 17.51073460 0.90000000
v 0.82990680 12.98842810 0.90000000
v 0.31956150 19.61854360 1.20000000
v -0.69349660 18.66022110 0.90000000
v 0.42160030 19.76854320 1.20000000
v -0.08118460 19.61854360 1.50000000
v -0.99038030 21.83936880 0.84953690
v 1.17054650 21.62589650 0.96614690
v 0.36103190 7.97583960 1.20000000
v 0.37456130 8.97574810 1.20000000
v 0.38809070 9.97565650 1.20000000
v 0.40162010 10.97556500 1.20000000
v 0.41514950 11.97547340 1.20000000
v 0.42867890 12.97538190 1.20000000
v 0.44220830 13.97529030 1.20000000
v 0.45573770 14.97519870 1.20000000
v 0.46926710 15.97510720 1.20000000
v 0.48279650 16.97501560 1.20000000
v 0.49632590 17.97492410 1.20000000
v 0.50985530 18.97483250 1.20000000
v -0.92952620 22.70006940 0.70553040
v -0.84149970 22.07378960 0.71177760
v -0.66544720 20.82123180 0.72427210
v -0.66544720 20.82123180 1.36270620
v -0.84149970 22.07378960 1.31741710
v -0.92952620 22.70006940 1.29477250
v 0.90897630 20.82123180 0.72427210
v 1.08502890 22.07378960 0.71177760
v 1.17305520 22.70006940 1.29477250
v 1.08502890 22.07378960 1.31741710
v 0.90897630 20.82123180 1.36270620
v -4.98613790 0.23839320 0.21077210
v -4.62349750 1.95505110 0.71732250
v -3.88358070 3.21136570 0.69723420
v 0.37138990 22.75613210 0.70497120
v 0.37138990 21.49126240 0.71758840
v 0.37138990 20.85882570 1.36134680
v 0.37138990 22.12369730 1.31561260
v -0.09071920 24.46358300 0.92809980
v -0.75964900 24.06029130 0.69196200
v -0.46584440 24.23742290 1.23918590
v -1.02719350 20.67305760 0.72575010
v -1.15104510 21.55422210 0.71696040
v -1.27489670 22.43538670 0.70817070
v -1.38326690 23.20640560 1.27646470
v -1.27296160 22.42161940 1.30484060
v -1.13556360 21.44407650 1.34018590
v -0.99623060 20.45276640 1.37602890
v -1.51318120 5.44106200 0.50000000
v 4.99359850 0.11009300 -0.75299110
v 4.98423050 -0.16049570 -0.77718520
v 4.99386790 -0.06241160 0.64883770
v 4.98626800 -0.13976080 -0.49482360
v 4.96533630 -0.28072790 -0.26154150
v 4.93756910 -0.37432430 -0.74142720
v 4.96627860 -0.27755420 0.80861410
v 4.82909920 -0.63708990 -0.73384130
v 4.67184690 -0.88341580 -0.73369690
v 4.47386030 -1.11056540 -0.73464230
v 4.23700330 -1.32247730 -0.73314380
v 3.98871470 -1.50261350 0.72785390
v 3.97436140 -1.51229010 -0.73351810
v 3.71481510 -1.66886370 0.72507320
v 3.71389630 -1.66937050 -0.74300190
v 3.62540790 -1.71818670 -0.20307720
v 3.39340900 -1.83217420 -0.28636940
v 3.18453790 -1.92682900 0.74649430
v 3.21090750 -1.91487880 -0.75296500
v 3.16080880 -1.93666360 -0.25946140
v 2.90331340 -2.03214960 0.75398990
v 2.95088670 -2.01450780 -0.75424960
v 2.60707740 -2.12985300 0.75190900
v 2.45948150 -2.17408560 -0.75033170
v 2.30141850 -2.21794370 0.74827120
v 2.20387910 -2.24101000 -0.74970590
v 2.00747990 -2.28745480 0.25791300
v 1.94257710 -2.30280280 -0.74882600
v 1.65874400 -2.34832600 -0.24513760
v 1.35743080 -2.39402700 0.25811700
v 1.21873810 -2.41506310 0.77769210
v 0.79067620 -2.46106270 -0.74981770
v 0.58572130 -2.47115590 -0.25385810
v 0.39655820 -2.48047110 0.24381030
v 0.18650380 -2.49081540 0.73912110
v -0.59392580 -2.47075180 0.26851600
v -0.74212420 -2.46345350 0.75315900
v -1.22647810 -2.41388920 -0.75152750
v -1.23771560 -2.41218470 -0.24863370
v -1.54770340 -2.36516790 0.24945190
v -2.01323100 -2.28609440 0.75253160
v -2.33217720 -2.21066950 0.75704430
v -2.12862440 -2.25880650 -0.75511280
v -2.65517140 -2.11543970 0.72266830
v -2.69065050 -2.10480710 -0.74840520
v -2.97928670 -2.00397660 0.75581940
v -2.97689130 -2.00486470 -0.74642600
v -3.26431700 -1.89067490 0.75216880
v -3.46659370 -1.79900870 0.23588440
v -3.50313090 -1.78245100 -0.76031940
v -3.71483760 -1.66885140 0.71446020
v -3.75964050 -1.64413550 -0.73978750
v -4.28261330 -1.28442980 -0.71209890
v -4.53370860 -1.04729560 -0.69359120
v -4.70265630 -0.84036330 -0.72209640
v -4.84814880 -0.59906420 -0.73874980
v -4.77511310 -0.73911160 0.71696250
v -4.94950680 -0.33408710 -0.75479560
v -4.99211930 -0.08020700 -0.76803460
v -2.55360790 4.39214660 -0.22892070
v -2.38893530 4.52564100 0.26471320
v -2.44358710 4.48133660 0.75864580
v -2.15872120 6.03852030 0.24246440
v 1.22238490 20.32915120 0.98031010
v 1.25524120 20.56291200 1.37204640
v 1.36381510 21.33538060 1.13505080
v 1.37909270 21.44407650 1.34018590
v 1.61131450 23.09626010 1.28044740
v 1.50294440 22.32524110 0.70926940
v 1.36361120 21.33393100 0.71915790
v 2.80160810 4.20770120 0.22041740
v 4.44992160 2.33672620 0.71885930
v 4.91663600 0.93165110 0.70486760
v 4.99276400 0.12443510 -0.23782780
v 0.31763240 24.47359850 0.68783920
v 0.31895740 24.47279930 0.96412800
v 1.10111300 24.00124740 0.69255100
v 1.49285110 23.76507570 1.25626480
v -0.12786080 20.85882570 0.72389700
v -0.12786080 22.12369730 0.71127980
v -0.12786080 22.75613210 1.29274550
v -2.90564130 8.03773020 0.71820200
v -2.99613830 8.94355580 -0.01672430
v 2.15638900 6.03323940 -0.22446260
v 2.13102440 5.97581050 0.72588990
v 2.54716830 4.39736700 0.23852760
v -2.21163960 8.24090480 0.50000000
v 0.55488660 5.26727100 0.50000000
v 0.61448220 4.95169120 0.50000000
v 1.81919840 6.47791100 0.50000000
v 0.48437730 7.78508470 0.50000000
v 2.11320020 7.91888620 0.50000000
v 2.20698810 8.18972020 0.50000000
v 1.50642300 9.71548370 0.50000000
v 1.69938420 9.04464910 0.50000000
v 0.07463910 8.66857530 0.50000000
v 0.27146140 8.90039830 0.50000000
v 0.32671970 9.69256590 0.50000000
v 0.31574600 8.54660800 0.50000000
v 0.53983710 9.93007180 0.50000000
v 0.75131300 9.90246870 0.50000000
v -0.47233200 8.59373380 0.50000000
v -0.62721550 8.35018730 0.50000000
v -0.23676000 8.83774660 0.50000000
v -0.34251260 10.00414280 0.50000000
v -0.16849630 8.52051450 0.50000000
v -0.21549970 9.82153030 0.50000000
v -1.06139430 7.28520110 0.50000000
v -0.79551460 7.47241160 0.50000000
v -1.38486830 9.08469870 0.50000000
v -1.10678940 9.52339840 0.50000000
v -0.78575270 8.69746780 0.50000000
v -1.67562040 9.56887250 0.50000000
v 1.19908250 9.79476550 0.50000000
v 0.77779610 9.04290100 0.50000000
v 0.27799510 4.41468810 0.50000000
v -1.64451440 4.16043090 0.50000000
v -0.76275170 3.56504010 0.50000000
v -1.89440480 3.51141000 0.50000000
v 1.46553730 3.45751670 0.50000000
v -1.99320860 0.73684600 0.50000000
v -0.12909100 -1.08318570 0.50000000
v -0.07404920 0.32348180 0.50000000
v 1.70879520 3.48057320 0.50000000
v 1.62468390 3.21773700 0.50000000
v 2.20137050 0.32472140 0.50000000
v 2.46062280 1.28320750 0.50000000
v -1.18081380 -1.64543870 0.50000000
v -0.59827280 0.13584530 0.50000000
v 2.29689620 -0.96151710 0.50000000
v 0.79497070 -1.53599270 0.50000000
v 2.56617740 0.64320120 0.50000000
v 2.47166630 -1.13547210 0.50000000
v 3.25691080 2.43680330 0.50000000
v 2.72004100 -1.03220190 0.50000000
v 2.98572130 -0.93062090 0.50000000
v 3.35778740 0.22332760 0.50000000
v 3.83434510 -0.23103810 0.50000000
v 3.62973690 -0.76444790 0.50000000
v -1.20084430 -1.16741350 0.50000000
v -0.33330580 -1.09216030 0.50000000
v -2.42612290 -1.11994050 0.50000000
v -2.33606170 0.42410940 0.50000000
v -2.56269190 3.11349960 0.50000000
v -2.33695080 3.26503210 0.50000000
v -2.13624480 3.39314290 0.50000000
v -3.08602710 2.70709710 0.50000000
v -3.16362190 1.30411970 0.50000000
v -2.78691720 -0.93336070 0.50000000
v -3.12609240 -1.02726350 0.50000000
v -3.61686280 2.27720210 0.50000000
v -3.23615980 0.24526400 0.50000000
v -3.51143480 2.08516960 0.50000000
v -3.69557400 1.71346130 0.50000000
v -3.74502210 0.67196020 0.50000000
v -3.42698840 -0.96144660 0.50000000
v -4.00723270 1.40361800 0.50000000
v -4.13149260 1.11754050 0.50000000
v -3.63824060 -0.74983530 0.50000000
v 2.98587580 8.79354290 0.46598110
v 2.83433600 7.69464730 0.70698220
v -1.65201780 8.99481490 -1.00000000
v -1.48715250 8.39837170 -1.00000000
v -0.78775870 10.19485280 -1.00000000
v -0.50393470 10.25092030 -1.00000000
v -1.50804630 10.05008320 -1.00000000
v -1.94286730 9.11885930 -1.00000000
v -2.65323850 7.80806680 -1.00000000
v -1.96725450 10.04197120 -1.00000000
v -2.69787310 8.09322260 -1.00000000
v 0.94074730 9.19323540 -1.00000000
v 0.68627230 9.18020340 -1.00000000
v 1.42991970 8.43432240 -1.00000000
v 1.92941190 6.63789990 -1.00000000
v -1.57686170 6.08179660 -1.00000000
v -0.54184470 6.03730770 -1.00000000
v -0.05201030 5.64563850 -1.00000000
v 1.53800940 5.30592680 -1.00000000
v -2.01318880 3.93447280 -1.00000000
v -0.57508850 2.12372040 -1.00000000
v 1.15454090 3.79716680 -1.00000000
v 1.89676210 3.80459950 -1.00000000
v 0.93400600 2.28120090 -1.00000000
v 0.32136110 2.38312030 -1.00000000
v -2.96437190 -0.74492940 -1.00000000
v -3.58488040 -1.08181950 -1.00000000
v 3.37687160 0.70259480 -1.00000000
v 2.10376500 6.95910020 -1.00000000
v 2.51679900 7.74128150 -1.00000000
v 2.20965740 9.22269630 -1.00000000
v 2.52641390 8.60660740 -1.00000000
v 1.89804470 10.00892540 -1.00000000
v 2.77980140 8.55606940 -1.00000000
v 2.64569660 3.80946110 -1.00000000
v 4.22288990 2.24160190 -1.00000000
v 4.10826020 0.47107340 -1.00000000
v 3.85728240 -0.24065040 -1.00000000
v 4.28114650 0.06420530 -1.00000000
v 4.38360690 1.90399290 -1.00000000
v 4.02143860 -0.53315170 -1.00000000
v 4.21388720 -1.08372800 -1.00000000
v -2.90476750 -1.01794610 -1.00000000
v 2.55286810 -1.88033990 -1.00000000
v -2.25900170 -2.03122640 -1.00000000
v -0.37053820 -2.28041980 -1.00000000
v -4.12535100 -1.05780350 -1.00000000
v -4.36268620 -0.91319070 -1.00000000
v -4.12413550 -0.17098220 -1.00000000
v -4.25674820 2.03674220 -1.00000000
v -3.86997650 2.65578340 -1.00000000
v -3.84903240 -0.87419630 -1.00000000
v -3.43774840 3.08572910 -1.00000000
v -3.21093150 3.30235360 -1.00000000
v -2.92832520 3.50876780 -1.00000000
v -2.04987140 6.56100130 -1.00000000
v -1.22047830 7.64882370 -1.00000000
v 0.93750000 0.75000000 1.00000000
v 0.31250000 0.75000000 1.00000000
v -0.31250000 0.75000000 1.00000000
v -0.93750000 0.75000000 1.00000000
v 0.31250000 0.75000000 1.20000000
v -0.93750000 0.75000000 1.20000000
v 0.75412780 10.73292350 0.65347250
v 1.05471920 10.67374610 0.73084600
v 0.81923920 10.72057150 0.18365860
v 0.66899340 10.74221800 -0.75153430
v 1.28986050 10.61417770 -0.74852140
v 1.59391920 10.51900010 -0.74460460
v 2.43293640 10.05248550 0.14139340
v 2.51682280 9.97735880 -0.78736780
v 2.62610460 9.86504940 0.28641790
v 2.54362680 9.94567780 0.78554990
v 2.70937110 9.76194380 -0.79272770
v 2.82452230 9.60260580 0.30826590
v 2.72942280 9.73583030 0.76002210
v 2.98066620 9.18500900 -0.21348170
v 2.95413730 9.30547900 -0.76397060
v 0.46619460 10.76537130 0.60641460
v 0.35656480 10.76784130 -0.73909560
v 1.05903320 0.99169870 1.20000000
v 0.93750000 1.25000000 1.20000000
v -0.28282630 0.97492240 1.20000000
v -0.42968750 1.25000000 1.20000000
v 0.30127810 0.86579350 1.20000000
v -1.11296680 22.59134860 1.29870340
v -0.79247510 20.40089990 1.37790430
v 1.04302290 20.44282720 1.37638820
v -0.82323800 20.59309580 0.72654780
v 1.06235970 20.60307500 0.72644820
v 0.66214510 18.43234060 0.83857890
v 0.71911730 16.45976070 0.85953670
v 0.58835510 18.95685960 0.82331790
v 0.45598140 16.37395100 0.80755160
v 0.22362240 16.35522840 0.78600250
v -0.00167310 11.58800600 0.77896230
v -0.07396670 16.41343690 0.78514940
v -0.15864270 11.85735800 0.79062620
v -0.49005550 16.82662390 0.84236300
v -0.41559830 16.47758480 0.82509750
v -1.45526350 9.71767430 -0.50000000
v -1.70602210 9.66307070 -0.50000000
v -1.99105310 7.72653010 -0.50000000
v -1.71564700 8.16659830 -0.50000000
v -0.94960530 9.69563010 -0.50000000
v -1.05156990 8.39943700 -0.50000000
v -0.66471580 9.73939510 -0.50000000
v -1.21273760 8.13671490 -0.50000000
v 0.20301430 8.06025120 -0.50000000
v 0.49525550 8.38683800 -0.50000000
v 0.42945580 8.14873890 -0.50000000
v 1.23057960 6.14004090 -0.50000000
v 1.06032370 5.98599430 -0.50000000
v -0.72417310 5.67075820 -0.50000000
v 1.25301540 4.85650590 -0.50000000
v -1.43158230 4.58433440 -0.50000000
v -0.36519790 4.41583350 -0.50000000
v 1.51346300 4.11449290 -0.50000000
v 0.47281920 3.66953800 -0.50000000
v -1.61209850 4.33488130 -0.50000000
v 1.78816470 3.58162830 -0.50000000
v 0.59658560 2.34873720 -0.50000000
v -0.80929790 3.48981760 -0.50000000
v -1.33831580 3.55982920 -0.50000000
v 2.53987740 1.07115140 -0.50000000
v 1.39236330 0.95507500 -0.50000000
v 2.90195010 -0.37359480 -0.50000000
v 3.42280860 -0.64155210 -0.50000000
v 2.64274640 -0.55178620 -0.50000000
v -1.49004860 3.29948900 -0.50000000
v -2.63751820 0.70654800 -0.50000000
v -2.82749270 1.79939470 -0.50000000
v 0.07898950 -1.12808430 -0.50000000
v -2.58823750 -1.18412470 -0.50000000
v -3.01767110 -0.72653320 -0.50000000
v 2.41102700 -1.38557620 -0.50000000
v 0.58635710 -1.49167990 -0.50000000
v -2.36178210 -1.39627250 -0.50000000
v 0.54810350 -1.74608190 -0.50000000
v 0.31706790 -1.81578170 -0.50000000
v -3.30129290 1.13761270 -0.50000000
v -3.46708820 0.89167790 -0.50000000
v -3.36739180 1.87539300 -0.50000000
v -3.58125140 0.41600160 -0.50000000
v -3.85084960 -0.32813010 -0.50000000
v 3.96886370 1.62638240 -0.50000000
v 3.83944230 1.94377730 -0.50000000
v 3.66323300 2.20795700 -0.50000000
v 3.52127960 0.52566420 -0.50000000
v 3.40948630 2.37706090 -0.50000000
v 3.33064770 0.71518620 -0.50000000
v 3.00444170 2.95099540 -0.50000000
v 2.78910880 3.21382380 -0.50000000
v 1.59248750 6.77649690 -0.50000000
v 0.44187650 9.80758860 -0.50000000
v -0.06252560 9.82324220 -0.50000000
v -0.28028040 10.03098870 -0.50000000
v 1.24346070 7.88139920 -0.50000000
v 0.67852120 9.63637350 -0.50000000
v 1.39607240 9.70862960 -0.50000000
v 1.74221090 9.10859580 -0.50000000
v 1.69940100 9.65991970 -0.50000000
v 0.93750000 1.25000000 1.00000000
v 0.31250000 1.25000000 1.00000000
v -0.31250000 1.25000000 1.00000000
v -0.93750000 1.25000000 1.00000000
v -0.48051170 19.61854360 1.20000000
v -0.22998900 9.16266440 1.20000000
v 0.27820440 12.31630420 1.20000000
v 0.24582680 8.76399900 1.20000000
v 0.04049930 8.98023510 1.20000000
v -0.82921100 8.63006590 1.20000000
v -0.23219500 10.19013500 1.20000000
v -0.25536210 8.85866830 1.20000000
v 0.63507100 11.83883290 1.20000000
v 0.77416690 8.86889460 1.20000000
v 1.07986470 7.82926370 1.00000000
v 1.90965860 9.82822040 1.00000000
v 1.90186050 10.09371660 1.00000000
v 1.45909430 10.19968220 1.00000000
v 1.21573100 10.31685450 1.00000000
v 1.36179690 7.44138860 1.00000000
v 2.61498930 7.79426670 1.00000000
v 2.66197780 8.12541770 1.00000000
v 1.33558060 7.68112560 1.00000000
v 2.71333000 8.78530980 1.00000000
v 1.36135600 4.75093130 1.00000000
v 0.57196850 4.95040990 1.00000000
v 2.07578680 4.42357730 1.00000000
v 0.94541930 2.95408060 1.00000000
v 0.76384930 2.66460750 1.00000000
v 0.19226310 4.63410760 1.00000000
v -0.08386710 4.62530520 1.00000000
v -0.77397010 2.61593530 1.00000000
v -1.15684760 2.91117810 1.00000000
v -0.96770200 4.68632130 1.00000000
v -1.44935800 7.50608020 1.00000000
v -2.47258000 7.52781630 1.00000000
v -2.72442890 8.06671520 1.00000000
v -2.53358840 9.54142280 1.00000000
v -2.07914470 9.69043730 1.00000000
v -2.03659870 9.98587510 1.00000000
v -1.64871860 9.46225170 1.00000000
v -1.59153600 10.12738990 1.00000000
v -1.12367620 8.91099640 1.00000000
v -0.82673900 8.81276320 1.00000000
v -0.96488890 10.20271970 1.00000000
v -1.85612180 2.37536120 1.00000000
v -2.51932450 1.81907380 1.00000000
v -1.79033400 0.97971380 1.00000000
v -1.80768660 0.70164590 1.00000000
v -4.54059360 0.94125790 1.00000000
v -3.91980290 -1.22153650 1.00000000
v -3.59173940 -1.31455560 1.00000000
v -4.16712000 -1.12269100 1.00000000
v -2.62346030 -0.97585670 1.00000000
v -2.20827270 -1.33395760 1.00000000
v -2.05770130 -0.91023580 1.00000000
v -1.90633320 -0.73708750 1.00000000
v -1.80805300 -0.24563700 1.00000000
v -1.54535570 -0.35951100 1.00000000
v -1.08448410 -0.58508500 1.00000000
v -1.03811290 -1.44992740 1.00000000
v -1.07182000 -2.11505010 1.00000000
v -0.50237570 -1.29264270 1.00000000
v -0.76299760 -0.55815020 1.00000000
v 0.41287320 -1.29264160 1.00000000
v 1.02621640 0.30633700 1.00000000
v 1.25253490 0.28759110 1.00000000
v 1.05429210 -0.54801150 1.00000000
v 1.41195250 -0.55548440 1.00000000
v 1.77289450 -2.02484890 1.00000000
v 2.27301430 -1.95025590 1.00000000
v 1.68979170 -0.56594510 1.00000000
v 2.51745650 -1.81297540 1.00000000
v 1.81825900 -0.33826300 1.00000000
v 2.84410430 -1.74605020 1.00000000
v 3.10877660 -1.62804000 1.00000000
v 2.89081140 -0.81142540 1.00000000
v 1.67341980 0.72080120 1.00000000
v 3.84186840 -1.27816870 1.00000000
v 3.99561050 0.29009050 1.00000000
v 4.35312460 -0.88924920 1.00000000
v 4.12818570 -1.09412670 1.00000000
v 4.35779810 1.64729120 1.00000000
v 1.73211960 0.97971350 1.00000000
v 2.43593980 1.83940600 1.00000000
v 3.83559130 2.52672290 1.00000000
v 3.61159900 2.75187350 1.00000000
v 2.15057560 2.20802550 1.00000000
v 2.50037150 3.79540060 1.00000000
v 1.92842600 3.18344570 1.00000000
v 2.40048840 9.47744850 1.00000000
v 1.99140310 9.04596900 1.00000000
v 2.35917660 9.76127910 1.00000000
v -0.07844550 19.76854320 1.20000000
v -1.09238410 10.66559700 0.80454760
v -0.85879000 10.71534630 0.66889630
v -1.11386670 10.66372390 -0.28003960
v -1.23820070 10.63032340 -0.75877360
v -0.94006600 10.69540410 -0.76619980
v -0.36300320 10.77081490 0.04156280
v -0.06876710 10.78159810 0.55488680
v -1.65818380 10.49763390 -0.20847740
v -1.90080950 10.38422110 0.72808530
v -2.48512650 10.00327400 0.22774900
v -2.66215230 9.82433890 0.24447650
v -2.79784660 9.64767840 -0.25165180
v -2.79839400 9.63977150 -0.75405610
v -2.93826460 9.35985850 -0.74746420
v -2.98960920 9.08752540 0.68737330
v -0.51530460 19.61854360 1.35000000
v 0.91294460 19.61854360 1.35324190
v -0.73758200 15.40203860 1.08512080
v -0.08118460 19.76854320 1.50000000
v -0.63821390 7.92583940 1.25000000
v 0.56088110 7.97583960 1.25000000
v -0.62468450 8.92574790 1.25000000
v 0.57441050 8.97574810 1.25000000
v -0.61115520 9.92565630 1.25000000
v 0.58793990 9.97565650 1.25000000
v -0.59762570 10.92556480 1.25000000
v 0.60146930 10.97556500 1.25000000
v -0.58409640 11.92547320 1.25000000
v 0.61499860 11.97547340 1.25000000
v -0.57056700 12.92538170 1.25000000
v 0.62852810 12.97538190 1.25000000
v -0.55703750 13.92529010 1.25000000
v 0.64205750 13.97529030 1.25000000
v -0.54350820 14.92519860 1.25000000
v 0.65558680 14.97519870 1.25000000
v -0.52997880 15.92510700 1.25000000
v 0.66911630 15.97510720 1.25000000
v -0.51644940 16.92501640 1.25000000
v 0.68264560 16.97501560 1.25000000
v -0.50292000 17.92492490 1.25000000
v 0.69617500 17.97492410 1.25000000
v 0.70970450 18.97483250 1.25000000
v -0.74247000 21.36922450 0.71880580
v -0.73738690 2.10400180 0.50000000
v -0.64248360 2.39427070 0.50000000
v -0.41241620 2.12900470 0.50000000
v 0.95421550 0.23213350 0.50000000
v 0.78548850 -0.00034190 0.50000000
v 0.96374450 0.46190990 0.50000000
v 1.89221060 1.04014500 0.50000000
v 2.19223520 1.49816610 0.50000000
v 3.58044670 2.35718110 0.50000000
v 4.04550170 1.37662630 0.50000000
v -0.07387970 7.34187840 -1.00000000
v 0.06497070 7.60385990 -1.00000000
v 0.17219770 7.32793760 -1.00000000
v 1.85013950 4.88610890 -1.00000000
v -2.00840380 4.59775210 -1.00000000
v -2.06896190 2.27948980 -1.00000000
v -2.31072640 2.69760160 -1.00000000
v -2.08340530 2.81931590 -1.00000000
v 0.90321940 0.78120670 -1.00000000
v -1.00146070 -0.79528400 -1.00000000
v -1.53121810 -0.70483350 -1.00000000
v 2.43283700 0.02306610 -1.00000000
v -2.59133320 -1.14679190 -1.00000000
v -2.65880540 -1.42727230 -1.00000000
v 2.08981200 -2.04965470 -1.00000000
v -1.21674760 1.30757160 -1.00000000
v -0.74175200 8.71268560 -1.00000000
v 2.85756280 9.52404210 -0.67398010
v 0.33770960 12.13191510 0.80143970
v 0.16549130 12.39838700 0.78810120
v -0.54683630 11.45188620 0.84344010
v -0.66611460 7.05969620 -0.50000000
v -0.04419440 7.29813530 -0.50000000
v 1.79954580 2.18929670 -0.50000000
v 1.95247710 2.47044010 -0.50000000
v -0.85042660 0.49812330 -0.50000000
v -0.39282860 0.66870730 -0.50000000
v -0.56336050 0.88510540 -0.50000000
v 1.01726830 -0.91541560 -0.50000000
v -1.51176520 -1.49943080 -0.50000000
v -2.01909040 1.34883450 -0.50000000
v -2.51890610 1.65351210 -0.50000000
v 1.77547140 6.98369360 -0.50000000
v -0.69124570 18.82658000 1.20000000
v 1.50106040 3.86398410 1.00000000
v 0.09475670 2.43234130 1.00000000
v -1.37009930 3.86445520 1.00000000
v -1.38563560 2.43101570 1.00000000
v -1.91032170 9.40362170 1.00000000
v -2.52639290 2.75027990 1.00000000
v -4.15943960 2.44653490 1.00000000
v -3.51230840 0.24685450 1.00000000
v -3.17152360 0.95191640 1.00000000
v 0.13035480 -0.40470030 1.00000000
v -0.01134400 -0.10520470 1.00000000
v 0.89647240 -1.06350540 1.00000000
v 1.43210340 0.55898230 1.00000000
v 3.41305210 0.19264410 1.00000000
v 3.13476200 1.22052570 1.00000000
v 2.54046340 2.56826040 1.00000000
v -4.47929000 0.36522870 0.02048140
v -2.77333050 4.22808890 -0.72544810
v 4.82780840 -0.63966580 0.02739000
v 4.00544690 -1.49133310 0.19213520
v -4.03658530 -1.47034060 0.04287270
v -2.15236380 4.84015510 -0.24899190
v 2.80835720 4.20283560 0.73192450
v -2.42006640 6.55320790 -0.29033740
v -2.30175070 6.32491160 0.73249200
v 2.00557680 5.44216250 -0.27525210
v 0.91191480 4.93427660 0.50000000
v 0.28106030 4.11967710 0.50000000
v 0.26491390 3.81446340 0.50000000
v -1.24179940 3.10615590 0.50000000
v -1.50127660 3.13359520 0.50000000
v -1.30850110 3.44637700 0.50000000
v -1.21097030 0.14655900 0.50000000
v -1.50884700 0.16317360 0.50000000
v 0.10033720 -0.58514590 0.50000000
v 0.55545840 2.20495060 0.50000000
v 0.27036500 1.81508530 0.50000000
v -0.66161260 -0.76207720 0.50000000
v 1.75925590 -0.59301420 0.50000000
v 1.58977770 -0.87358790 0.50000000
v 1.61141540 2.23023940 0.50000000
v 2.59469060 3.39314200 0.50000000
v 3.45316620 2.58625600 0.50000000
v -1.69372030 -1.49361880 0.50000000
v -2.85257630 3.20615170 0.50000000
v -2.45204070 1.36314120 0.50000000
v -2.16193270 -1.28247090 0.50000000
v -1.84811390 1.90514280 0.50000000
v 2.28442880 6.29148820 -0.72444210
v -1.45892200 9.02387520 -1.00000000
v -1.28343030 8.89978410 -1.00000000
v 0.53336360 9.98562530 -1.00000000
v 0.14675100 9.06362820 -1.00000000
v -0.05364890 9.27637290 -1.00000000
v 1.07517080 6.53459070 -1.00000000
v 0.93311210 6.79101850 -1.00000000
v 1.20089440 6.79974130 -1.00000000
v -1.20196470 5.43553540 -1.00000000
v 0.55372410 5.11299560 -1.00000000
v 0.34026720 4.23303510 -1.00000000
v -0.81743470 3.32918640 -1.00000000
v -1.16181120 3.39220950 -1.00000000
v -1.15424130 3.67912910 -1.00000000
v 0.38703500 3.48662640 -1.00000000
v 0.17846100 3.71090820 -1.00000000
v -3.01918770 0.44019270 -1.00000000
v -3.15839220 0.25102620 -1.00000000
v -3.05101470 0.75480180 -1.00000000
v -0.30059640 -0.24359810 -1.00000000
v 2.44242910 -0.33758180 -1.00000000
v 2.84755610 -0.44042870 -1.00000000
v 2.53402160 -0.77957590 -1.00000000
v 3.18116760 3.58148960 -1.00000000
v 2.91141560 3.75753500 -1.00000000
v -2.17487140 1.02404880 -1.00000000
v -1.95635700 1.02100280 -1.00000000
v 0.96637710 -1.58598040 -1.00000000
v -0.38720230 -1.80008510 -1.00000000
v -0.15770830 -1.87956260 -1.00000000
v -3.70102670 1.29126860 -1.00000000
v -3.65210100 1.52159580 -1.00000000
v -3.56046440 -0.76058720 -1.00000000
v -2.99823500 2.22064190 -1.00000000
v -2.78109360 2.13607240 -1.00000000
v -1.14790140 6.85600330 -1.00000000
v -0.88183280 6.83986660 -1.00000000
v -1.04323920 6.57315300 -1.00000000
v 0.73671780 10.22413250 -0.24275540
v 0.81431790 23.80651280 1.25476650
v 0.57160510 11.23599340 0.84588830
v -0.49902750 19.11139680 0.84948740
v -0.56331870 12.99999620 0.85064980
v -0.74716720 14.69362830 0.90000000
v -0.73183270 15.82694050 0.90000000
v -2.14589450 9.31158450 -0.50000000
v -1.27524760 8.47039220 -0.50000000
v -1.65901950 6.60403920 -0.50000000
v -0.18022250 6.14566520 -0.50000000
v -0.78102360 6.72108550 -0.50000000
v -1.02101330 5.35837360 -0.50000000
v 0.52897970 5.21299890 -0.50000000
v -0.51913370 4.67305900 -0.50000000
v -0.26626200 4.67035680 -0.50000000
v -0.32667430 4.07227330 -0.50000000
v 0.83520730 3.24057560 -0.50000000
v 1.08468720 3.25057550 -0.50000000
v 1.01303510 3.53488160 -0.50000000
v -0.00064760 3.23503590 -0.50000000
v 1.34318900 -0.50247410 -0.50000000
v 1.48882730 -0.10312240 -0.50000000
v 0.41723950 2.05805470 -0.50000000
v -2.72478580 0.99387630 -0.50000000
v -1.37579810 -0.86092660 -0.50000000
v -1.10439540 -0.69672100 -0.50000000
v -2.12118050 -0.27947790 -0.50000000
v -2.14405680 -0.53245950 -0.50000000
v -1.67845250 2.56460810 -0.50000000
v -1.34728530 2.13001470 -0.50000000
v -1.17338750 2.52218370 -0.50000000
v -3.14879040 -0.24041900 -0.50000000
v -3.25104590 -0.89877450 -0.50000000
v -3.21230150 2.30793330 -0.50000000
v 2.81505250 1.91336850 -0.50000000
v 0.99737860 2.07885360 -0.50000000
v 0.80553810 6.77077720 -0.50000000
v 0.30676600 9.09274200 -0.50000000
v 1.42347010 7.42528820 -0.50000000
v 0.92966370 8.66390710 -0.50000000
v 1.50754890 7.01895430 -0.50000000
v 1.15718150 8.49729630 -0.50000000
v -0.40215490 17.38992120 1.20000000
v 0.05971100 11.43581870 1.20000000
v -0.14680060 11.30902580 1.20000000
v 0.63812530 17.47791670 1.20000000
v -0.65143060 10.62228300 1.20000000
v -0.61401300 11.24336240 1.20000000
v -0.64876300 9.57209010 1.20000000
v -0.36951830 11.43812370 1.20000000
v 0.53034500 7.99587920 1.20000000
v 0.82441320 12.58240990 1.20000000
v 2.39308550 6.98210720 1.00000000
v 1.70904350 4.19041820 1.00000000
v 1.35843100 2.27118400 1.00000000
v 1.17659680 1.50514150 1.00000000
v 0.57725090 3.35433860 1.00000000
v 0.65051200 1.94444310 1.00000000
v 0.09368390 3.92463040 1.00000000
v -1.07949420 1.48863340 1.00000000
v -1.69576470 4.83347320 1.00000000
v -1.04205720 3.43810490 1.00000000
v -2.29947730 4.33092400 1.00000000
v -3.20486710 1.56897740 1.00000000
v -2.36594700 0.51153330 1.00000000
v -3.21557520 -1.64786740 1.00000000
v -0.54961550 0.00428520 1.00000000
v -0.79330340 0.28946870 1.00000000
v -0.06513570 -1.55725070 1.00000000
v 2.33220050 0.65627590 1.00000000
v 2.27327750 0.38472850 1.00000000
v 4.12142990 -0.37945850 1.00000000
v 3.74656580 0.87197500 1.00000000
v 4.25004910 2.19821830 1.00000000
v 1.51288870 1.21546260 1.00000000
v 3.02901120 1.73734470 1.00000000
v 1.44109420 1.51973640 1.00000000
v 1.68943610 3.63961270 1.00000000
v 0.77770730 9.13055040 1.00000000
v 0.76245700 8.00345230 1.00000000
v -0.79317050 11.29369160 0.90000000
v -0.16356610 22.65986820 1.16887090
v -4.93070510 0.86435460 -0.23073020
v -4.76849600 1.56282650 -0.25482160
v -4.51105170 2.22538640 -0.27332830
v -4.09988310 2.92690230 -0.23241770
v -2.90611620 4.13235380 -0.46758430
v -4.23584320 -1.32344510 -0.10613110
v -4.74945970 -0.77495910 -0.16105700
v -2.12026100 4.92356780 -0.49135320
v -2.23647210 4.71674350 -0.48597020
v -2.02077270 5.29973790 0.48328720
v -2.01889940 5.57533360 0.49649550
v -2.03445290 5.17152360 -0.45335320
v -2.03216080 5.66031170 -0.24986930
v 3.30574180 3.82154130 -0.20265290
v 4.22026780 2.75500560 -0.29020760
v 4.57762530 2.07913730 -0.26957540
v 4.83365440 1.32857510 -0.19388010
v 4.98714110 0.22113810 0.75992070
v 4.98677830 -0.13456990 0.30913800
v -2.56674190 6.86050130 -0.28649120
v -2.96038080 8.42088320 -0.12471240
v -2.93298480 8.16929340 -0.32453800
v 2.13912250 5.99414590 0.26609080
v 2.01335450 5.36926560 -0.51194820
v 2.02272960 5.59987690 -0.48737640
v 2.09836600 4.98045830 0.48497400
v 2.22079210 4.73831800 0.49664600
v 2.04493810 5.11928030 -0.44635280
v 2.26279620 4.68052430 -0.24912830
v 0.74213300 8.67958160 0.50000000
v -0.32311580 2.94415310 0.50000000
v -0.20119970 3.20181510 0.50000000
v -0.28406700 1.59707710 0.50000000
v -0.56640970 1.41569720 0.50000000
v -0.23061490 1.88708440 0.50000000
v -1.16712980 1.83983040 0.50000000
v 0.38315130 0.36263240 0.50000000
v 0.34022500 0.67116500 0.50000000
v 1.65777800 0.86886780 0.50000000
v 0.82830540 -0.54436850 0.50000000
v 0.66212840 -0.83406330 0.50000000
v 0.58303480 -0.52959980 0.50000000
v 1.82894680 -1.26090930 0.50000000
v 2.09651420 3.21457960 0.50000000
v 3.09769870 3.01486400 0.50000000
v 2.90145130 2.86408070 0.50000000
v 2.86876990 3.19330880 0.50000000
v 3.45186780 0.45393780 0.50000000
v 3.65374880 0.27307320 0.50000000
v -2.28421070 2.25785990 0.50000000
v -2.84371400 -0.17668200 0.50000000
v 2.93016360 8.15571780 -0.24521320
v 2.76114440 7.40740200 -0.23243670
v 2.55161860 6.81795500 -0.27161410
v 2.35640550 6.43037130 -0.46355000
v 2.21111130 6.15001870 0.49421960
v -1.72847280 8.17842960 -1.00000000
v -1.09399530 9.34972290 -1.00000000
v 0.29597590 8.50357910 -1.00000000
v 0.36503910 8.15291310 -1.00000000
v 0.55228700 7.57080130 -1.00000000
v 0.45725990 7.84233520 -1.00000000
v 0.68180770 7.78827480 -1.00000000
v 0.00392470 6.51628300 -1.00000000
v -0.10602830 6.79743860 -1.00000000
v 0.14434080 6.78646900 -1.00000000
v -0.42278030 7.63797520 -1.00000000
v -0.52328030 7.92494110 -1.00000000
v -0.27665060 7.90795710 -1.00000000
v 0.63382950 5.76371340 -1.00000000
v 0.42819020 4.56325910 -1.00000000
v -0.34052590 4.67508700 -1.00000000
v -2.32682390 3.30708790 -1.00000000
v -1.33533410 1.87269000 -1.00000000
v -1.49923060 1.96689000 -1.00000000
v -2.27814130 2.07381420 -1.00000000
v -2.54103710 2.15283610 -1.00000000
v 0.26533560 1.14755200 -1.00000000
v 0.10909900 0.86866440 -1.00000000
v 1.69807950 0.89628370 -1.00000000
v 1.58124400 1.30405900 -1.00000000
v 0.93914590 -0.07187890 -1.00000000
v 0.50462790 -0.12777420 -1.00000000
v -2.14046550 -0.65943280 -1.00000000
v -1.84307830 -0.50992570 -1.00000000
v -1.19372810 0.39469720 -1.00000000
v -0.90069310 0.25388580 -1.00000000
v -1.36848530 0.24000560 -1.00000000
v -0.72833650 -0.91428980 -1.00000000
v -0.59915990 -1.13596240 -1.00000000
v 1.11511950 9.92462540 -1.00000000
v 1.40621420 8.99580100 -1.00000000
v 2.01666380 8.75962160 -1.00000000
v 1.82109730 8.64735510 -1.00000000
v 2.26856140 8.67478850 -1.00000000
v 3.78269580 -0.45119280 -1.00000000
v 3.60936120 -0.54087820 -1.00000000
v 3.37995580 1.74553300 -1.00000000
v 3.13875030 1.79392980 -1.00000000
v 3.94507690 1.48668890 -1.00000000
v 4.38814970 0.45546120 -1.00000000
v -0.54342680 -1.38590800 -1.00000000
v -0.60304300 -1.63479040 -1.00000000
v -1.07565870 -1.92001690 -1.00000000
v -0.17127800 -2.16120410 -1.00000000
v 0.03175800 -2.02211330 -1.00000000
v 0.29643400 -2.04959010 -1.00000000
v -3.94327740 1.44863080 -1.00000000
v -3.72478320 1.98298320 -1.00000000
v -3.50106310 2.15566160 -1.00000000
v -2.74486300 1.61615980 -1.00000000
v -2.64232680 1.85667200 -1.00000000
v -0.02358380 10.00451470 -1.00000000
v -0.46752940 8.73912620 -1.00000000
v -0.41402820 8.98616600 -1.00000000
v -0.50641070 9.48401360 -1.00000000
v 2.89431140 9.45342060 0.76447680
v -0.15112150 24.15131760 1.24229910
v -0.55222920 23.98512650 0.69271180
v 0.28399940 14.62405010 0.79307040
v -0.42285320 14.65218160 0.82238110
v -2.00533030 8.60808850 -0.50000000
v -0.66762670 9.01940160 -0.50000000
v -1.16599890 7.66318080 -0.50000000
v -0.27366630 7.73235990 -0.50000000
v 0.21101970 6.79802230 -0.50000000
v -0.06548280 6.78685050 -0.50000000
v 0.49591470 7.61222790 -0.50000000
v 1.28393610 5.75535150 -0.50000000
v 1.98996680 3.05412670 -0.50000000
v 2.10526970 3.40241340 -0.50000000
v 1.27619860 1.83869930 -0.50000000
v 1.50342890 1.97993430 -0.50000000
v 1.47519730 2.25502040 -0.50000000
v 2.22277000 1.90722110 -0.50000000
v 2.51652810 1.86450600 -0.50000000
v 2.37902090 2.19404650 -0.50000000
v -0.15570030 1.26408720 -0.50000000
v 0.04087640 1.03867230 -0.50000000
v 0.18995280 1.35061660 -0.50000000
v -1.76476030 1.19386990 -0.50000000
v -1.44746090 0.82473860 -0.50000000
v -1.48894670 1.09513310 -0.50000000
v -0.40729500 -0.05082510 -0.50000000
v -0.15813590 -0.28186240 -0.50000000
v 2.78346490 -1.12252300 -0.50000000
v 2.96535440 -1.25989350 -0.50000000
v 1.42817280 -1.31163410 -0.50000000
v -2.40557360 3.00390980 -0.50000000
v -3.07001260 2.51688810 -0.50000000
v 0.72991270 7.75344900 -0.50000000
v 0.80586680 7.49748090 -0.50000000
v 0.86293120 9.10852720 -0.50000000
v 1.42897860 8.33255860 -0.50000000
v 1.71790550 7.48997970 -0.50000000
v 0.23925830 16.02106090 1.20000000
v 0.06687010 18.96783260 1.20000000
v -0.21022340 13.99074550 1.20000000
v -0.09515130 14.54675100 1.20000000
v 0.54866190 14.26145080 1.20000000
v 0.82557370 3.62682200 1.00000000
v 0.33336480 2.92450520 1.00000000
v -0.24052290 2.96670250 1.00000000
v -0.48102240 3.33995390 1.00000000
v -1.60757600 4.02735190 1.00000000
v -2.30314370 3.37284040 1.00000000
v -2.34513260 1.34740440 1.00000000
v -3.72624710 1.60551880 1.00000000
v -3.05035710 0.46296840 1.00000000
v -3.24469690 0.67851630 1.00000000
v -3.65527080 -0.15054020 1.00000000
v -3.00265740 -0.10666670 1.00000000
v -3.98408460 0.28409530 1.00000000
v -4.24475000 0.31981090 1.00000000
v -2.03237840 -0.13430360 1.00000000
v -0.73323080 -1.55877540 1.00000000
v 0.18816690 -0.68605730 1.00000000
v 0.84466260 -1.58114470 1.00000000
v 2.36803150 -0.30974490 1.00000000
v 3.29411550 0.66498930 1.00000000
v 3.61441540 1.50417950 1.00000000
v 2.81173630 1.50460530 1.00000000
v 2.58441900 3.35714510 1.00000000
v -1.61178570 10.51277540 0.25501320
v -2.07938390 10.29679010 0.12265830
v -2.46574740 10.02462670 -0.39548870
v -0.68582950 19.22687720 0.90000000
v -0.77626400 21.84225270 0.96245030
v 1.00800590 21.52579500 1.33723120
v -2.92637990 4.11774400 0.69730620
v -1.31360030 22.71075060 1.29438640
v -1.18200800 21.77451320 1.32823810
v -1.08911920 21.11363980 1.35213350
v 3.59559970 -1.15917360 0.26109900
v 4.63194320 -0.93917760 0.74703610
v -2.84093520 -2.05528090 -0.48797020
v -4.18861010 -1.36284660 0.48381160
v -4.26937480 -1.29547310 0.73265340
v -2.20063520 4.76605180 0.25340900
v 1.34812990 21.22378540 1.34815100
v 1.47198140 22.10495000 1.31629040
v 1.64227750 23.31655120 0.69938090
v 2.03554890 5.68202450 0.24229150
v -1.35794910 7.38773110 0.50000000
v -0.41368330 9.70275690 0.50000000
v 1.03769240 4.30796670 0.50000000
v -1.61348250 3.90313010 0.50000000
v -0.93041500 3.83064410 0.50000000
v -1.43907790 2.42294790 0.50000000
v -1.65761690 2.15193370 0.50000000
v -1.68252420 2.49422840 0.50000000
v 0.54030440 3.66778140 0.50000000
v 0.29979080 2.67218380 0.50000000
v -1.75374440 1.00651300 0.50000000
v -0.51861910 0.80823450 0.50000000
v -0.79365940 0.41324230 0.50000000
v -0.78686520 0.69461950 0.50000000
v -1.53513500 -0.62031750 0.50000000
v -1.81069600 -0.58207460 0.50000000
v 0.15281310 0.12043750 0.50000000
v 0.32414450 -0.54331680 0.50000000
v 2.09984710 3.75248030 0.50000000
v 1.96068980 3.47360660 0.50000000
v 1.91454880 0.34448590 0.50000000
v 2.36749530 0.92201240 0.50000000
v 2.11572530 0.85905860 0.50000000
v -1.00578640 -1.38832930 0.50000000
v -0.30825020 0.32780630 0.50000000
v -0.23435800 -1.37788670 0.50000000
v 1.44491510 -0.56092610 0.50000000
v 2.09419200 0.04715960 0.50000000
v 1.79946160 0.00526820 0.50000000
v 2.12264820 -0.78025140 0.50000000
v 2.30134200 -0.66820110 0.50000000
v 0.84090390 -1.09499500 0.50000000
v 0.98283570 -1.29837250 0.50000000
v 0.83106170 1.36103950 0.50000000
v 0.53913540 1.46894910 0.50000000
v 1.86963680 3.29085660 0.50000000
v 1.88818530 3.05973960 0.50000000
v 1.65342710 1.61104830 0.50000000
v 2.63329860 0.95530470 0.50000000
v 2.43988970 1.61173250 0.50000000
v 2.55589600 1.79193220 0.50000000
v 2.61857910 -1.33483720 0.50000000
v 2.92036340 0.93426390 0.50000000
v 3.18397640 0.43195890 0.50000000
v 3.18257140 -1.09346440 0.50000000
v 2.98411110 -0.68809400 0.50000000
v 3.26669860 -0.81414460 0.50000000
v -1.24415660 -0.61258780 0.50000000
v -0.26022840 0.61781290 0.50000000
v -1.10743250 -0.85011940 0.50000000
v -0.37466640 -0.78836380 0.50000000
v -0.12125030 -0.80562710 0.50000000
v -2.36178470 -1.40909780 0.50000000
v -2.45292780 2.72289320 0.50000000
v -2.34438540 2.97484920 0.50000000
v -2.12642880 3.09058900 0.50000000
v -1.95610130 3.21746130 0.50000000
v -3.07853530 2.42910170 0.50000000
v -2.99966760 1.13192110 0.50000000
v -2.97248010 -0.71517130 0.50000000
v -3.39849970 2.54286620 0.50000000
v -4.24822620 0.48923730 0.50000000
v 2.98571920 8.79125310 0.72313390
v 2.99363880 8.90701390 0.21402810
v -1.80886640 8.81952380 -1.00000000
v -2.23600700 6.75532670 -1.00000000
v -0.97544470 10.41446590 -1.00000000
v -0.41767910 10.51361270 -1.00000000
v -0.34089970 9.99922560 -1.00000000
v -1.46642480 10.28846550 -1.00000000
v -1.69333230 9.92437460 -1.00000000
v -2.46383790 7.94170860 -1.00000000
v 0.85988530 9.43063160 -1.00000000
v 0.72574950 9.71040730 -1.00000000
v 0.56585420 9.43842980 -1.00000000
v 0.27666370 9.99540230 -1.00000000
v 0.95623840 8.63983730 -1.00000000
v 1.40831890 5.99958560 -1.00000000
v 0.14874520 9.77549460 -1.00000000
v 0.36771350 9.67868040 -1.00000000
v 0.57616530 8.93100740 -1.00000000
v 0.35859770 8.84309480 -1.00000000
v 0.43184950 9.13642120 -1.00000000
v -0.24930530 8.46688270 -1.00000000
v 1.20757330 7.31814340 -1.00000000
v 0.93032210 7.31201310 -1.00000000
v 1.07537960 7.57268860 -1.00000000
v 1.78278470 6.34478090 -1.00000000
v 1.62974260 6.59131770 -1.00000000
v 0.67025040 6.25933550 -1.00000000
v 0.39090810 6.24558020 -1.00000000
v 0.53061350 6.51625200 -1.00000000
v -1.31930540 5.89727690 -1.00000000
v -0.28537810 5.92650030 -1.00000000
v 0.28449960 5.73850250 -1.00000000
v -1.40855690 5.61657050 -1.00000000
v 1.29417900 5.39065460 -1.00000000
v -0.32083440 5.57502560 -1.00000000
v 1.34380230 5.12076380 -1.00000000
v -1.53792100 4.99080040 -1.00000000
v -1.87146510 4.90045930 -1.00000000
v -0.69006120 5.21097560 -1.00000000
v 1.56770870 4.98936030 -1.00000000
v -0.57260300 4.72181030 -1.00000000
v 1.51504710 4.49065300 -1.00000000
v 1.21886270 4.60761980 -1.00000000
v -1.74631950 3.94678330 -1.00000000
v -1.58124280 3.71626090 -1.00000000
v -0.29119140 4.07671740 -1.00000000
v -0.37008970 3.75245690 -1.00000000
v -0.54525460 4.03820510 -1.00000000
v -0.86864130 2.26468990 -1.00000000
v -1.08606410 2.50927810 -1.00000000
v 0.90409830 3.65887210 -1.00000000
v 0.56701050 4.02019210 -1.00000000
v 2.09427550 4.03672220 -1.00000000
v 1.84423110 4.11398460 -1.00000000
v 0.71286510 2.35070470 -1.00000000
v 0.34672450 2.69248390 -1.00000000
v -2.42853280 1.02074180 -1.00000000
v -2.56048390 0.68658070 -1.00000000
v -2.69787740 1.04038740 -1.00000000
v -1.47366020 0.93147480 -1.00000000
v -1.78334650 0.55574360 -1.00000000
v -1.72182740 0.83942160 -1.00000000
v -3.26883650 -0.64185610 -1.00000000
v -3.25504540 -0.95090590 -1.00000000
v -0.15071520 -1.02579680 -1.00000000
v -0.26413990 2.18857620 -1.00000000
v -0.34391670 1.90926410 -1.00000000
v 1.43953040 3.71315050 -1.00000000
v 1.41784000 3.39543680 -1.00000000
v 1.37202500 2.36785600 -1.00000000
v 1.42727890 2.04322840 -1.00000000
v 1.42738440 -0.09034680 -1.00000000
v 1.90278220 0.70127920 -1.00000000
v 2.19642810 0.61905580 -1.00000000
v 1.56066850 -1.34771920 -1.00000000
v 3.33721140 -1.58631420 -1.00000000
v 1.78368880 -1.49661490 -1.00000000
v 3.00704290 -1.16726990 -1.00000000
v 3.29008200 -0.80430680 -1.00000000
v 1.32614280 -0.80322400 -1.00000000
v 1.75379350 -0.48533480 -1.00000000
v 3.04901670 0.76026820 -1.00000000
v 3.15540980 0.47305100 -1.00000000
v 2.00783990 8.43051620 -1.00000000
v 1.26104500 10.11968040 -1.00000000
v 2.15394850 7.31075670 -1.00000000
v 2.25888800 8.95110890 -1.00000000
v 2.66794440 4.02757640 -1.00000000
v 2.35825590 4.21049500 -1.00000000
v 2.95632050 1.93621640 -1.00000000
v 3.50938180 1.15907000 -1.00000000
v 3.55151270 0.88136410 -1.00000000
v 3.85389900 2.78692220 -1.00000000
v 3.71599100 3.07703160 -1.00000000
v 4.20979830 -0.23812640 -1.00000000
v -3.11613010 -1.42648920 -1.00000000
v 0.15525830 -1.83712650 -1.00000000
v -2.21524070 -1.73815480 -1.00000000
v -2.02310750 -1.96837470 -1.00000000
v -3.86879060 -1.22041900 -1.00000000
v -4.05698250 2.47941590 -1.00000000
v -3.76795290 0.30775400 -1.00000000
v -3.87624140 2.89165380 -1.00000000
v -3.67961550 3.13023040 -1.00000000
v -3.26070830 1.02744150 -1.00000000
v -2.87745210 3.83093710 -1.00000000
v -1.78003450 3.47296290 -1.00000000
v -0.66313430 6.27720310 -1.00000000
v -0.51000790 6.54240510 -1.00000000
v -0.39859770 6.25960400 -1.00000000
v -1.60414740 6.64431330 -1.00000000
v -1.49151160 6.34806970 -1.00000000
v -1.09309080 7.39822240 -1.00000000
v -0.93549630 7.66226910 -1.00000000
v -0.82600490 7.38595390 -1.00000000
v -1.42483330 8.07660290 -1.00000000
v -1.38827480 7.40023710 -1.00000000
v -1.82293420 7.10184140 -1.00000000
v -1.66808700 6.90031810 -1.00000000
v 0.13325640 21.57642940 1.33540020
v -0.98074910 20.34262080 0.72904630
v -1.22845240 22.10495000 0.71146680
v -1.32134120 22.76582340 0.70487450
v -0.78163040 23.72227480 0.69533380
v 1.22427820 20.34262080 0.72904630
v 1.59583310 22.98611450 0.70267710
v 0.73319590 18.09352110 0.85747780
v 0.74174460 16.74444580 0.86435230
v 0.61332920 12.09643360 0.85208800
v 0.48836580 18.13570210 0.80951550
v 0.42430360 16.65416530 0.80227350
v 0.34342630 16.11110120 0.79491410
v 0.11846330 11.32381920 0.78646360
v 0.11553930 19.23435970 0.77861270
v -0.04276670 15.82569790 0.78270390
v -0.21622120 16.71280860 0.79687490
v -0.11612350 12.43055060 0.78755270
v -0.35966000 12.37699030 0.80624010
v -0.12494720 18.14233780 0.78947130
v -0.45362840 18.28100200 0.83756800
v -0.48107430 19.39582820 0.84612940
v -0.77783600 12.42700390 0.90000000
v -1.19975760 9.74225230 -0.50000000
v -1.65850760 6.84324930 -0.50000000
v -1.02339920 9.45641330 -0.50000000
v -0.58696760 9.99350070 -0.50000000
v -0.46363840 9.55315490 -0.50000000
v -0.91832350 8.11642740 -0.50000000
v -0.80423500 7.32255740 -0.50000000
v -1.24595590 6.40971800 -0.50000000
v -0.36653310 6.38510080 -0.50000000
v 1.37653260 5.99698930 -0.50000000
v -0.30012880 5.92221880 -0.50000000
v 0.56186940 5.80005650 -0.50000000
v -1.14159210 5.95212360 -0.50000000
v -0.46154290 5.68056630 -0.50000000
v -0.82346340 5.21566150 -0.50000000
v -0.99595990 4.52196030 -0.50000000
v 0.20499430 3.82553120 -0.50000000
v 1.39898560 3.83567910 -0.50000000
v 1.50224830 3.55870680 -0.50000000
v 1.65080760 3.85066720 -0.50000000
v 0.74234620 3.87379380 -0.50000000
v 0.75675730 2.65044360 -0.50000000
v 0.85113790 2.35587670 -0.50000000
v 1.00514160 2.66570710 -0.50000000
v -0.67038390 3.76400540 -0.50000000
v -0.51580760 3.50653340 -0.50000000
v -1.19498980 3.77983120 -0.50000000
v -1.08029950 3.53816220 -0.50000000
v -0.94956180 3.79159470 -0.50000000
v 0.25845640 2.66508840 -0.50000000
v 0.35043820 2.36428120 -0.50000000
v 0.50884090 2.65292360 -0.50000000
v 2.07021090 1.36131200 -0.50000000
v 2.33779530 1.29863750 -0.50000000
v 3.20693830 -0.28468730 -0.50000000
v 2.35520630 -0.45598990 -0.50000000
v 2.11779520 -0.80931970 -0.50000000
v 2.66487650 -0.86654940 -0.50000000
v 1.09554140 1.02319730 -0.50000000
v 0.89329740 0.61961540 -0.50000000
v 1.41668680 0.63951810 -0.50000000
v 0.71123860 -0.39862320 -0.50000000
v -1.39491160 2.96196750 -0.50000000
v -2.76043510 0.40139300 -0.50000000
v -2.97898270 0.38537040 -0.50000000
v 3.36099770 -0.13371130 -0.50000000
v 2.96814160 -0.95962820 -0.50000000
v 3.17114730 -0.81236100 -0.50000000
v -2.86837860 -1.27539530 -0.50000000
v -2.52274350 -0.87524250 -0.50000000
v -2.72729730 -0.60795090 -0.50000000
v -2.82395340 -0.95466330 -0.50000000
v -2.95396760 -0.38669090 -0.50000000
v -1.56843440 -0.32833390 -0.50000000
v -2.17395620 0.46543800 -0.50000000
v -2.35299990 0.70494130 -0.50000000
v -2.47420930 0.41376470 -0.50000000
v 2.68858650 -1.34596970 -0.50000000
v 2.20541860 -1.25032260 -0.50000000
v -2.63463690 -1.42179080 -0.50000000
v -0.35913250 2.28382900 -0.50000000
v -0.51190120 1.87413610 -0.50000000
v -0.01496210 1.91482840 -0.50000000
v -1.94577650 3.18652890 -0.50000000
v -1.65224410 3.07542540 -0.50000000
v -1.90764940 2.02124980 -0.50000000
v -1.73535700 1.80121300 -0.50000000
v -3.08575490 1.09969080 -0.50000000
v -2.86086650 1.19956650 -0.50000000
v -3.12570950 1.38325880 -0.50000000
v -3.44823720 1.36970600 -0.50000000
v -3.35535120 1.58872150 -0.50000000
v -3.65806630 0.67698110 -0.50000000
v -3.10048750 3.02502870 -0.50000000
v -3.42360830 0.12067840 -0.50000000
v 2.51587510 3.09104560 -0.50000000
v 2.81751280 1.15547350 -0.50000000
v 2.89733340 0.83296420 -0.50000000
v 2.47071550 0.75503590 -0.50000000
v 2.46548960 0.47090770 -0.50000000
v 1.61988700 3.28715970 -0.50000000
v 0.37248770 6.33734850 -0.50000000
v 0.50665080 6.77604440 -0.50000000
v 1.19089410 6.39968630 -0.50000000
v 1.36559300 6.59300040 -0.50000000
v 0.56333670 7.29974750 -0.50000000
v -0.33021910 8.60956290 -0.50000000
v 0.61525300 8.61949540 -0.50000000
v 0.46404310 8.84933760 -0.50000000
v 0.20356780 9.81562140 -0.50000000
v 0.04920420 9.59088420 -0.50000000
v -0.20671120 9.62917800 -0.50000000
v 0.64882960 9.98080440 -0.50000000
v 1.10814000 8.18246650 -0.50000000
v -0.45853780 18.85866360 1.20000000
v -0.21257250 18.97898100 1.20000000
v 0.03042760 10.01485440 1.20000000
v -0.09763530 9.86172960 1.20000000
v 0.32377180 11.31005290 1.20000000
v 0.23915560 12.03356740 1.20000000
v 0.29250560 18.97759060 1.20000000
v 0.39078390 15.77627370 1.20000000
v 0.57120960 9.23766520 1.20000000
v 0.31755920 9.39845090 1.20000000
v -0.81849530 9.42202950 1.20000000
v -0.65150370 9.81769080 1.20000000
v -0.53004850 9.33454800 1.20000000
v -0.22388370 9.68582250 1.20000000
v 0.57610100 12.39309500 1.20000000
v 0.78210060 9.45523930 1.20000000
v 1.75629450 3.90647360 1.00000000
v 0.89839620 3.94689920 1.00000000
v 1.58595940 2.75309680 1.00000000
v 1.27063550 2.90127130 1.00000000
v 1.40596520 2.00544310 1.00000000
v 0.33011550 4.37710240 1.00000000
v 0.88489070 1.49826940 1.00000000
v 0.56293620 2.43548540 1.00000000
v 0.26916390 1.49704240 1.00000000
v 0.27385030 3.40654090 1.00000000
v 0.06438510 4.38627860 1.00000000
v -0.28934990 3.48059340 1.00000000
v -0.24279450 1.49431740 1.00000000
v -0.54907620 2.44164440 1.00000000
v -0.86645500 1.48078220 1.00000000
v -0.73188790 3.36229400 1.00000000
v -0.91034610 3.10505250 1.00000000
v -1.98120450 4.69922540 1.00000000
v -1.92611500 4.93825860 1.00000000
v -0.76965680 5.03723910 1.00000000
v -1.20407620 4.44867560 1.00000000
v -1.14513930 4.01160960 1.00000000
v -1.84031340 3.56227830 1.00000000
v -1.53107750 7.25554800 1.00000000
v -1.65312710 7.74541040 1.00000000
v -1.78392720 2.08672600 1.00000000
v -2.01577930 1.89424960 1.00000000
v -3.64924380 3.15637970 1.00000000
v -3.71713570 2.89708950 1.00000000
v -3.96164800 2.73868510 1.00000000
v -2.25527480 1.09370840 1.00000000
v -2.08397410 0.82971620 1.00000000
v -1.48101040 1.05890200 1.00000000
v -4.41094780 1.86489700 1.00000000
v -4.51523830 1.49515470 1.00000000
v -4.23798230 1.36164400 1.00000000
v -2.87934350 0.91373210 1.00000000
v -2.47990420 0.06885100 1.00000000
v -4.04821300 -0.43410910 1.00000000
v -3.64577980 0.93285760 1.00000000
v -2.01034050 -1.14804820 1.00000000
v -2.44981860 -1.57592210 1.00000000
v -1.73780830 -0.55541660 1.00000000
v -1.38956690 -0.19660890 1.00000000
v -1.25451650 -0.39586710 1.00000000
v -0.79234430 -1.89724490 1.00000000
v -0.53787260 -1.76686910 1.00000000
v -0.26687110 -1.82447490 1.00000000
v -0.57047810 -1.06330760 1.00000000
v -1.31464720 0.40050100 1.00000000
v -0.84742280 0.57313260 1.00000000
v -0.63837820 -0.27887160 1.00000000
v -0.25790880 0.50386260 1.00000000
v -0.30467960 -1.09375080 1.00000000
v 0.01624100 -1.88252450 1.00000000
v 0.26559500 0.50759540 1.00000000
v 0.57560150 -0.29050030 1.00000000
v 0.86779890 0.53097260 1.00000000
v 1.15058150 0.53681990 1.00000000
v 0.82723200 -0.26256480 1.00000000
v 1.09073380 -0.19060400 1.00000000
v 0.13015290 -2.19673440 1.00000000
v 1.30576190 -0.82859950 1.00000000
v 1.92486560 -0.08907240 1.00000000
v 1.74477950 0.44558970 1.00000000
v 1.88884480 0.72599440 1.00000000
v 2.56201120 -0.20234650 1.00000000
v 2.63853740 0.02384220 1.00000000
v 2.65365600 0.75534370 1.00000000
v 3.08967780 -0.58930480 1.00000000
v 3.82523780 -1.02191530 1.00000000
v 3.68910170 -0.50902620 1.00000000
v 3.70859170 0.32879050 1.00000000
v 4.35480880 1.35440440 1.00000000
v 4.12904550 1.17185310 1.00000000
v 4.33374170 1.92440060 1.00000000
v 2.28495120 1.38368150 1.00000000
v 2.04890470 1.25861040 1.00000000
v 2.17252450 1.80550340 1.00000000
v 3.72263050 3.04271670 1.00000000
v 3.48724220 3.32007600 1.00000000
v 2.05998750 2.05235100 1.00000000
v 3.18807820 3.53238730 1.00000000
v 2.95894770 3.76075980 1.00000000
v 2.75205180 3.89144130 1.00000000
v 2.24872970 3.65986990 1.00000000
v 2.31570770 4.24677420 1.00000000
v 2.58252120 9.61297990 1.00000000
v -0.76250160 13.56031610 0.90000000
v -0.11461810 21.14032550 0.84368230
v 0.37138990 21.96442410 1.14889510
v 0.84309660 21.98181920 1.09541870
v 0.48245040 22.06021880 0.98128240
v -0.58825170 7.92583940 1.20000000
v -0.57472220 8.92574790 1.20000000
v -0.56119290 9.92565630 1.20000000
v -0.54766350 10.92556480 1.20000000
v -0.53413410 11.92547320 1.20000000
v -0.52060470 12.92538170 1.20000000
v -0.50707530 13.92529010 1.20000000
v -0.49354590 14.92519860 1.20000000
v -0.48001650 15.92510700 1.20000000
v -0.46648710 16.92501640 1.20000000
v -0.45295770 17.92492490 1.20000000
v -0.32764160 2.41031190 0.50000000
v -0.74259810 1.66157220 0.50000000
v -1.05001470 1.59988240 0.50000000
v -0.95134030 2.35679720 0.50000000
v 1.13925280 0.72853610 0.50000000
v 0.86061870 0.75913910 0.50000000
v 1.14444280 0.01144420 0.50000000
v 0.99750790 -0.25159030 0.50000000
v 0.51421780 -0.24303850 0.50000000
v 1.22831230 -1.33203520 0.50000000
v 2.22552370 2.21300270 0.50000000
v 2.07485800 2.46191950 0.50000000
v 2.22496720 2.67943430 0.50000000
v 2.91277740 1.76172040 0.50000000
v 3.50426630 1.84141250 0.50000000
v 3.56068400 0.91275440 0.50000000
v -0.94340500 9.60660360 -1.00000000
v -2.23959830 7.83201790 -1.00000000
v 0.68100260 10.52336120 -1.00000000
v 0.28260240 7.05392170 -1.00000000
v 0.41865060 7.31580590 -1.00000000
v -0.21380590 7.07811450 -1.00000000
v -0.32002610 7.35629560 -1.00000000
v -0.03122000 7.88473420 -1.00000000
v 0.20738370 7.87185810 -1.00000000
v 1.82230850 5.77175090 -1.00000000
v 0.93633640 5.73705670 -1.00000000
v -1.76739050 2.69974710 -1.00000000
v -1.86845760 3.00233980 -1.00000000
v -2.04872890 2.02791360 -1.00000000
v -2.58528830 2.79331110 -1.00000000
v -2.36660480 3.00772910 -1.00000000
v 1.27480190 1.23995920 -1.00000000
v 0.70572730 1.21497270 -1.00000000
v 1.45591060 0.63805340 -1.00000000
v 1.22554660 0.13238830 -1.00000000
v 0.36216250 0.13146500 -1.00000000
v 0.19320930 0.40399220 -1.00000000
v -1.81277160 -0.22645280 -1.00000000
v -0.75699130 -0.39500640 -1.00000000
v -1.22493310 -1.22543320 -1.00000000
v -1.74953530 -1.12878820 -1.00000000
v 3.26800970 0.16241120 -1.00000000
v 3.38842250 2.40004610 -1.00000000
v 3.76421880 2.05905060 -1.00000000
v 3.56532000 1.89236450 -1.00000000
v -2.87625220 -1.53125910 -1.00000000
v -3.06447010 -1.71622370 -1.00000000
v -2.44996670 -0.60541160 -1.00000000
v -1.95802880 -1.31048890 -1.00000000
v 1.82869890 -1.83107230 -1.00000000
v -1.68314280 1.57107850 -1.00000000
v -1.82933950 1.27123270 -1.00000000
v -1.96889850 1.53834220 -1.00000000
v 2.98086190 9.14956190 0.75389570
v 0.11092920 21.01972390 0.72229210
v 0.56734230 11.76433940 0.84285400
v 0.36294620 11.32880400 0.80472950
v -0.75218400 9.48710250 -0.50000000
v -0.99939910 7.04051300 -0.50000000
v -0.20066220 7.01549580 -0.50000000
v -0.34971110 7.17234900 -0.50000000
v 1.03560820 4.30331710 -0.50000000
v 1.63445280 2.50441810 -0.50000000
v 1.81237820 2.77791810 -0.50000000
v 1.78884210 1.82054170 -0.50000000
v 1.98956020 1.91527870 -0.50000000
v 2.27010230 2.47504590 -0.50000000
v 2.42281100 2.75151400 -0.50000000
v -0.98672290 1.21391300 -0.50000000
v -0.82401680 0.22640140 -0.50000000
v -0.08706450 0.31835530 -0.50000000
v 0.10450020 0.52147070 -0.50000000
v -1.30168120 -0.18270700 -0.50000000
v -0.80765400 -0.73011980 -0.50000000
v -2.63696050 2.30715610 -0.50000000
v -2.18961140 2.44501640 -0.50000000
v 1.61482230 6.51606990 -0.50000000
v 0.06837010 15.78942300 1.20000000
v -0.17909990 15.85334010 1.20000000
v 0.88788210 17.27316670 1.20000000
v 1.13124480 3.48413110 1.00000000
v 0.05673220 2.94312980 1.00000000
v 0.29110500 2.47827960 1.00000000
v -0.48792900 4.30569890 1.00000000
v -1.32585550 3.60935520 1.00000000
v -1.49383210 1.95244930 1.00000000
v -2.76342370 2.85615160 1.00000000
v -3.83794620 2.06048130 1.00000000
v -3.47843500 1.44244330 1.00000000
v -3.30243560 -0.19776300 1.00000000
v -3.02280000 0.17854840 1.00000000
v -3.52716520 0.59744000 1.00000000
v -3.79329350 0.69136080 1.00000000
v 1.58901100 -1.36400990 1.00000000
v 3.27868700 -0.10652070 1.00000000
v 3.03904940 0.44680560 1.00000000
v 3.11943240 0.15741520 1.00000000
v 4.28977200 0.61588110 1.00000000
v 3.12092420 2.51147650 1.00000000
v -4.90267560 0.99842730 -0.78375360
v -3.80926900 3.30909510 -0.78724510
v 4.83453610 -0.62623790 -0.24462770
v 4.68057060 -0.87122520 -0.16060870
v 4.50669810 -1.07585070 0.56019710
v 4.45833540 -1.12697730 -0.20886690
v 4.48290540 -1.10100360 0.30895200
v 4.24513480 -1.31569430 -0.23177630
v 4.25076010 -1.31100150 0.26396410
v 3.90325260 -1.56022980 -0.24918650
v -4.03789000 -1.46946070 -0.26414000
v -4.39523080 -1.19048400 -0.23709210
v -4.55242540 -1.02750950 0.39120150
v -2.13602850 4.88259940 0.51927870
v -2.22317480 4.73503880 0.75516050
v -2.16248940 4.81853530 -0.71057640
v -2.14507820 6.00763030 0.72878410
v 3.14780710 3.95810060 -0.75962560
v 2.92903760 4.11582800 -0.70400370
v 4.78456120 1.51936840 -0.73982740
v 4.90100960 1.00639410 -0.76075790
v 4.95535230 0.74645830 -0.70132630
v 4.83839610 1.30589720 0.72327370
v -2.75926350 7.40211010 -0.76521430
v -2.90227440 8.02153020 -0.78447630
v -2.88810130 7.95333720 -0.55044250
v 1.68202760 4.68261910 0.21220270
v 2.01342060 5.54022360 0.48831530
v 2.03164120 5.65698290 0.74077760
v 2.00365780 5.47766450 -0.71086750
v 2.52811880 4.41280980 0.72840300
v -1.28457840 4.95232920 0.50000000
v 0.77386530 4.14372630 0.50000000
v 0.81429640 3.85451940 0.50000000
v -1.46185590 3.76099210 0.50000000
v -0.95785890 3.05493400 0.50000000
v -1.13952410 2.59161810 0.50000000
v -1.70145550 2.83855870 0.50000000
v -1.74789380 3.17710280 0.50000000
v 1.20655490 3.63145920 0.50000000
v 0.86694340 3.57045600 0.50000000
v 0.82209320 2.96041540 0.50000000
v 0.29293920 2.95748850 0.50000000
v 0.01114000 3.00211480 0.50000000
v -1.11428170 -0.12558500 0.50000000
v -1.75364530 0.24116750 0.50000000
v 0.25505410 1.54423380 0.50000000
v 0.05724750 2.26936240 0.50000000
v -0.75778820 -0.44839440 0.50000000
v -0.88266030 -0.74622490 0.50000000
v -0.74253760 -1.38173530 0.50000000
v 1.63635150 -1.14846790 0.50000000
v 1.40501370 -1.13373880 0.50000000
v 1.07816550 2.20316770 0.50000000
v 1.90376600 2.73088290 0.50000000
v 1.90599990 2.22976800 0.50000000
v 1.10073590 1.53647770 0.50000000
v 2.33093090 -0.20650420 0.50000000
v 2.51567100 2.25738100 0.50000000
v 2.71982290 2.05105920 0.50000000
v 3.56352330 1.50260080 0.50000000
v 3.26535960 -0.34545220 0.50000000
v -2.77077290 2.62974980 0.50000000
v -2.08070640 -0.75796480 0.50000000
v -2.09753200 -0.46538820 0.50000000
v -2.09923790 2.41015960 0.50000000
v -1.91682530 2.58534360 0.50000000
v -2.67290970 -0.65334810 0.50000000
v -2.87055440 1.78355150 0.50000000
v -3.01410200 0.05311090 0.50000000
v -3.24031110 0.00056830 0.50000000
v -3.39455010 1.34665140 0.50000000
v 2.80950830 7.57519010 -0.74834360
v 2.90254690 8.02284050 -0.77473260
v 2.91217400 8.06916240 0.72657380
v 2.57806040 6.89234260 0.53200110
v -1.11440500 9.83787920 -1.00000000
v -0.80967920 9.44720080 -1.00000000
v -2.50374910 7.31007810 -1.00000000
v -1.67448700 9.60184480 -1.00000000
v -2.26623320 8.41365910 -1.00000000
v 0.44509260 10.51119140 -1.00000000
v 0.24586260 9.35065560 -1.00000000
v 0.09105480 8.78638460 -1.00000000
v -0.32392550 9.23349190 -1.00000000
v -0.22937060 9.50941470 -1.00000000
v 1.47417960 6.82180450 -1.00000000
v 1.32958630 7.06270220 -1.00000000
v 1.22879410 6.27619930 -1.00000000
v 0.94956250 6.26909540 -1.00000000
v 0.66556670 6.78432230 -1.00000000
v 0.79667310 7.04918960 -1.00000000
v -0.81509870 5.72332190 -1.00000000
v 0.81154440 5.27938460 -1.00000000
v -1.24702040 5.12851240 -1.00000000
v 1.02270950 4.38368650 -1.00000000
v 0.75325020 4.52213140 -1.00000000
v -0.99737050 3.96024230 -1.00000000
v -1.48152380 3.40445420 -1.00000000
v 0.23009270 3.95973870 -1.00000000
v 0.03416020 4.14785150 -1.00000000
v 0.65147150 3.26092530 -1.00000000
v 0.74528930 2.82618400 -1.00000000
v -0.03042960 2.96033140 -1.00000000
v -2.96833160 1.08160540 -1.00000000
v -2.61957840 0.31830730 -1.00000000
v -2.68641160 -0.00508620 -1.00000000
v -3.34555860 -0.00139750 -1.00000000
v -3.24638130 -0.31134950 -1.00000000
v -3.58284400 -0.22767620 -1.00000000
v -0.03140170 -0.15779690 -1.00000000
v 0.14126850 -0.85878090 -1.00000000
v 1.36227560 2.70835070 -1.00000000
v 2.24312930 3.10214710 -1.00000000
v 2.43523600 2.84161070 -1.00000000
v 2.22148490 2.12015960 -1.00000000
v 2.66448950 2.32273480 -1.00000000
v 2.70377040 1.33777380 -1.00000000
v 2.20956440 -1.51724090 -1.00000000
v 1.95019190 -1.01687820 -1.00000000
v 2.47595760 -1.07291820 -1.00000000
v 1.98043620 -0.25059720 -1.00000000
v 3.31044770 -0.48499390 -1.00000000
v 1.55236390 9.51120090 -1.00000000
v 1.69758640 7.66010280 -1.00000000
v 1.40535030 7.55281590 -1.00000000
v 1.45147630 7.30084470 -1.00000000
v 1.95678370 9.72025680 -1.00000000
v 2.64900280 2.84480380 -1.00000000
v 3.44881200 1.47014270 -1.00000000
v 3.81797190 0.33152960 -1.00000000
v -2.13037820 0.22167430 -1.00000000
v -2.35820530 0.42024230 -1.00000000
v -1.25468810 -1.68571460 -1.00000000
v -1.73062050 -1.94636940 -1.00000000
v -3.28786420 2.33595090 -1.00000000
v -3.87250040 -0.38575380 -1.00000000
v -3.02134490 2.47266240 -1.00000000
v -3.10145310 2.74679850 -1.00000000
v -2.83829090 2.65622930 -1.00000000
v -1.20234470 6.34475800 -1.00000000
v -0.95354880 6.27781340 -1.00000000
v -1.41789080 6.87328150 -1.00000000
v -1.25740790 7.13627150 -1.00000000
v -0.72346100 7.10700320 -1.00000000
v -0.61782990 6.82460880 -1.00000000
v -1.52051080 7.61919210 -1.00000000
v 2.98176860 9.15915200 0.29113990
v 0.17757250 10.77745250 -0.45813230
v -1.10460070 21.22378540 0.72025660
v 0.74205970 15.77400210 0.86780100
v 0.70850660 14.63382820 0.86399160
v 0.71055510 12.71605010 0.87193230
v 0.07976420 17.25669670 0.77880780
v 0.20047080 17.54821780 0.78402780
v 0.32542590 17.25108530 0.79157670
v 0.20422860 18.12523460 0.78382430
v 0.04089880 13.83954330 0.77856740
v -0.71649830 16.96025280 0.90000000
v -0.48475940 17.12512020 0.84181250
v -0.61269740 5.93281940 -0.50000000
v -0.50346360 6.17330550 -0.50000000
v -0.14229750 8.41017250 -0.50000000
v -0.95529150 6.42057940 -0.50000000
v -0.67571580 6.41541190 -0.50000000
v -0.47151640 6.87682060 -0.50000000
v 0.67283160 6.26418540 -0.50000000
v 0.74936680 6.03340910 -0.50000000
v 0.38294870 5.50293830 -0.50000000
v -1.33064810 5.78545670 -0.50000000
v 1.05492420 5.30880400 -0.50000000
v 1.26057700 5.15984110 -0.50000000
v -0.46284310 5.47848080 -0.50000000
v -0.55554940 5.22971110 -0.50000000
v -1.26384600 4.36098480 -0.50000000
v -0.80819960 4.03447250 -0.50000000
v 0.95503250 3.78579710 -0.50000000
v 1.17213730 3.82354350 -0.50000000
v 0.57490480 3.21634580 -0.50000000
v 0.66767050 2.94708200 -0.50000000
v 1.17012670 2.97272800 -0.50000000
v 1.33953710 3.26794340 -0.50000000
v -0.34259500 3.75057320 -0.50000000
v -0.03917340 3.72254780 -0.50000000
v 0.14143280 2.95472030 -0.50000000
v 0.28943270 3.21009800 -0.50000000
v 2.60996910 0.27521160 -0.50000000
v 2.98006940 0.33731650 -0.50000000
v 1.70914490 0.29817550 -0.50000000
v 1.95216420 -0.13594640 -0.50000000
v 0.91060260 0.33533400 -0.50000000
v 0.68695540 0.00530240 -0.50000000
v 1.16693570 -0.70156140 -0.50000000
v -0.41776930 2.53313970 -0.50000000
v -3.09445500 0.62463890 -0.50000000
v 1.96377750 0.48073950 -0.50000000
v 2.21879510 0.66927890 -0.50000000
v -0.84990470 -1.10601340 -0.50000000
v -1.69889640 -0.94427820 -0.50000000
v -1.47068660 -1.17332150 -0.50000000
v -1.90735100 -0.75311480 -0.50000000
v -2.22170090 -0.81474820 -0.50000000
v -1.84361000 0.09203120 -0.50000000
v -2.61523770 0.11705740 -0.50000000
v 1.57805910 -1.07780710 -0.50000000
v 1.06599460 -1.63627740 -0.50000000
v 1.63769500 -1.58147940 -0.50000000
v -1.29350330 -1.68525650 -0.50000000
v -1.09605660 2.77031560 -0.50000000
v -0.87310180 2.53161430 -0.50000000
v -2.00575690 2.67289920 -0.50000000
v -1.29544750 1.84885240 -0.50000000
v -0.79779350 1.91393550 -0.50000000
v -3.67720510 1.52015590 -0.50000000
v 3.63827660 -0.07328510 -0.50000000
v 2.55283780 2.46348170 -0.50000000
v 1.36887400 2.48651550 -0.50000000
v 1.26472780 2.70999530 -0.50000000
v 0.89639740 6.49000450 -0.50000000
v 1.01959980 6.97179130 -0.50000000
v 1.24942450 7.60558080 -0.50000000
v 0.30338110 8.62020020 -0.50000000
v -0.01268710 8.62824730 -0.50000000
v -0.03800060 9.11175540 -0.50000000
v 0.60578080 9.08236790 -0.50000000
v -0.23489780 12.66183760 1.20000000
v 0.11630060 13.26409240 1.20000000
v -0.14412490 13.72685810 1.20000000
v 0.45998370 18.78937530 1.20000000
v 0.36166620 10.70022770 1.20000000
v -0.79840320 10.90695860 1.20000000
v -0.38055780 10.50674250 1.20000000
v 1.36117240 8.44930840 1.00000000
v 0.76055410 4.42380860 1.00000000
v 0.97153170 4.26193090 1.00000000
v 1.17079410 2.05004570 1.00000000
v 0.69901530 4.12220530 1.00000000
v 0.37111290 3.89847830 1.00000000
v 0.29630030 1.99615800 1.00000000
v 0.57803160 1.49462750 1.00000000
v -0.18592560 3.98986550 1.00000000
v -0.01603750 3.43363240 1.00000000
v -0.37308810 1.97025510 1.00000000
v -0.68464450 1.95380780 1.00000000
v -0.56281160 1.48735740 1.00000000
v -0.98220560 1.89807770 1.00000000
v -0.46930040 4.95603660 1.00000000
v -0.92068290 4.46899030 1.00000000
v -1.51538300 4.35640860 1.00000000
v -1.81716800 4.24531080 1.00000000
v -1.46836710 8.53121090 1.00000000
v -1.05990700 7.89597130 1.00000000
v -0.99609700 8.17797660 1.00000000
v -2.40911700 3.64581730 1.00000000
v -2.41426280 4.11603830 1.00000000
v -3.52222750 2.69077420 1.00000000
v -3.94554810 1.80606720 1.00000000
v -2.47932360 1.12437130 1.00000000
v -3.74353190 1.27174150 1.00000000
v -2.38106250 0.82549390 1.00000000
v -2.58315680 0.29047970 1.00000000
v -3.89735010 -0.70006880 1.00000000
v -3.38295890 -0.86888560 1.00000000
v -4.01145220 0.50465910 1.00000000
v -1.80600930 0.38275690 1.00000000
v -1.57750170 0.23859020 1.00000000
v -1.54060960 0.56435350 1.00000000
v -1.36153750 0.07855150 1.00000000
v -0.95050270 -0.32404970 1.00000000
v -0.56931080 0.53137930 1.00000000
v 0.43227230 0.25384360 1.00000000
v 0.56359510 0.51955700 1.00000000
v 0.48538970 -1.98107390 1.00000000
v 0.26203270 -1.92737930 1.00000000
v 0.97850250 -1.85584330 1.00000000
v 0.68267150 -1.85342370 1.00000000
v 1.26838000 -0.34066140 1.00000000
v 1.27978430 -1.79875920 1.00000000
v 3.14258810 -0.82978900 1.00000000
v 2.22161840 0.14811300 1.00000000
v 2.72681900 0.48028660 1.00000000
v 3.61471840 0.64880090 1.00000000
v 3.62542940 1.75042400 1.00000000
v 2.41966890 0.94470850 1.00000000
v 1.99429920 1.55771020 1.00000000
v 3.50803780 1.98188340 1.00000000
v 2.89087720 3.43870710 1.00000000
v 2.76625180 3.11087890 1.00000000
v 2.45202540 3.53920980 1.00000000
v 0.78533250 9.69410130 1.00000000
v 0.77008210 8.56700130 1.00000000
v 0.56088110 7.92583940 1.25000000
v 0.16118280 7.92583940 1.25000000
v 0.56088110 7.92583940 1.20000000
v 0.16118270 7.92583940 1.20000000
v 0.57441050 8.92574790 1.25000000
v 0.17471220 8.92574790 1.25000000
v 0.57441050 8.92574790 1.20000000
v 0.17471220 8.92574790 1.20000000
v 0.58793990 9.92565630 1.25000000
v 0.18824150 9.92565630 1.25000000
v 0.58793990 9.92565630 1.20000000
v 0.18824150 9.92565630 1.20000000
v 0.60146930 10.92556480 1.25000000
v 0.20177100 10.92556480 1.25000000
v 0.60146930 10.92556480 1.20000000
v 0.20177090 10.92556480 1.20000000
v 0.61499860 11.92547320 1.25000000
v 0.21530030 11.92547320 1.25000000
v 0.61499860 11.92547320 1.20000000
v 0.21530030 11.92547320 1.20000000
v 0.62852810 12.92538170 1.25000000
v 0.22882970 12.92538170 1.25000000
v 0.62852810 12.92538170 1.20000000
v 0.22882970 12.92538170 1.20000000
v 0.64205750 13.92529010 1.25000000
v 0.24235920 13.92529010 1.25000000
v 0.64205750 13.92529010 1.20000000
v 0.24235910 13.92529010 1.20000000
v 0.65558680 14.92519860 1.25000000
v 0.25588850 14.92519860 1.25000000
v 0.65558680 14.92519860 1.20000000
v 0.25588850 14.92519860 1.20000000
v 0.66911630 15.92510700 1.25000000
v 0.26941790 15.92510700 1.25000000
v 0.66911630 15.92510700 1.20000000
v 0.26941790 15.92510700 1.20000000
v 0.68264560 16.92501640 1.25000000
v 0.28294730 16.92501640 1.25000000
v 0.68264560 16.92501640 1.20000000
v 0.28294730 16.92501640 1.20000000
v 0.69617500 17.92492490 1.25000000
v 0.29647670 17.92492490 1.25000000
v 0.69617500 17.92492490 1.20000000
v 0.29647670 17.92492490 1.20000000
v 0.70970450 18.92483330 1.25000000
v 0.31000610 18.92483330 1.25000000
v 0.70970450 18.92483330 1.20000000
v 0.31000610 18.92483330 1.20000000
v -4.99097350 0.15522890 -0.78362010
v -4.97759010 0.38538120 -0.01973300
v -4.96192260 0.65482690 -0.77064520
v -4.88227460 1.09601190 -0.02799790
v -4.69523860 1.76098870 -0.06230400
v -4.33697560 2.54244070 -0.02758670
v -3.59929110 3.53536940 -0.78913220
v -3.46352080 3.66772770 -0.03103950
v -3.28557090 3.84120580 -0.24951360
v -3.03746320 4.03765580 -0.23051350
v -3.19585280 3.92346140 -0.71738560
v -2.69667460 -2.10300180 -0.23276800
v -4.83101990 -0.63325650 0.12001590
v -2.29943780 4.63010980 -0.73459510
v -2.33278270 4.58423090 -0.23640530
v -2.00405050 5.48017980 -0.49248190
v -2.02752070 5.63057850 -0.74776480
v 2.66425010 4.30673360 -0.31570200
v 2.93652890 4.11042690 -0.03195690
v 3.46452400 3.66675000 -0.04024470
v 3.95557120 3.11668990 -0.01579070
v 4.35811710 2.50393460 -0.01653010
v 4.65904810 1.85888670 -0.04527240
v 4.84507800 1.27393260 -0.79930080
v 4.88142730 1.10006150 -0.03297060
v 4.93958430 0.82188090 -0.21552100
v 4.96539500 0.59510450 -0.05037290
v -2.55371980 6.82386640 -0.76083510
v -2.63543560 7.05375190 -0.06327920
v -2.84018990 7.72281310 -0.76988790
v -2.84761050 7.75851820 -0.05380770
v -2.90049720 8.01297860 -0.10259360
v -2.94825720 8.24366660 -0.64648090
v 2.04056500 5.71416620 -0.73383940
v 2.04580500 5.74774500 -0.24101820
v 2.01740810 5.33127550 0.47629720
v 2.15493250 4.83347990 -0.49277590
v 2.24709460 4.70212840 -0.75038150
v -1.12135270 9.21978760 0.50000000
v 0.04056240 3.64287330 0.50000000
v -0.19902390 3.52233290 0.50000000
v -0.64635040 2.95540640 0.50000000
v -0.80959610 1.32698460 0.50000000
v -1.21466120 2.34892460 0.50000000
v -1.18946830 1.39535260 0.50000000
v -1.54206300 1.84212510 0.50000000
v 0.26230150 0.98362660 0.50000000
v 0.11443350 0.76483350 0.50000000
v 0.78468280 1.06533830 0.50000000
v 1.88950570 0.79089020 0.50000000
v 1.09939730 -0.54562370 0.50000000
v 0.51217900 -1.07182620 0.50000000
v 2.09799720 -1.43293300 0.50000000
v -2.29997420 1.61315130 0.50000000
v -2.85211680 0.65145300 0.50000000
v -2.76758170 0.12161510 0.50000000
v 2.94794150 8.24125670 -0.70438120
v 2.96112660 8.43178180 -0.13720020
v 2.97691350 8.66254040 0.27639650
v 2.88762190 7.95103070 -0.04500540
v 2.72006750 7.29184290 -0.78103120
v 2.69941380 7.23373940 -0.02842360
v 2.61281820 6.99012420 -0.08353690
v 2.42291470 6.55870390 -0.21717900
v 2.52505160 6.75578170 -0.71966850
v -2.10899520 7.60761930 -1.00000000
v -1.98209750 7.35047530 -1.00000000
v -1.82260430 7.62585350 -1.00000000
v -2.02775960 8.60179900 -1.00000000
v -0.08718000 8.15082550 -1.00000000
v 0.61691120 8.65133090 -1.00000000
v 0.82974420 8.38128380 -1.00000000
v 0.91669710 7.81855300 -1.00000000
v 0.66750130 7.30808400 -1.00000000
v 0.39931940 6.78043220 -1.00000000
v 0.11975750 6.23714920 -1.00000000
v -0.13747980 6.23995920 -1.00000000
v -0.35795680 6.81047150 -1.00000000
v -0.56797000 7.37106750 -1.00000000
v -0.77534440 7.92894980 -1.00000000
v -0.61958240 8.17324920 -1.00000000
v 0.24728040 5.98366640 -1.00000000
v 0.80830600 6.00449470 -1.00000000
v -1.34883550 4.37343170 -1.00000000
v -0.87065680 4.27521370 -1.00000000
v -0.72580130 4.11673500 -1.00000000
v -2.55625300 3.89194390 -1.00000000
v -2.13775110 1.78523790 -1.00000000
v -0.59904620 1.10229050 -1.00000000
v 1.41622350 1.51001140 -1.00000000
v 0.84228010 -1.01455120 -1.00000000
v 0.45722970 -0.81808570 -1.00000000
v -1.81727670 0.06781520 -1.00000000
v -1.23695800 1.03530820 -1.00000000
v -0.63937350 0.24183890 -1.00000000
v -1.37515810 -1.46125390 -1.00000000
v -0.45972590 -0.52321060 -1.00000000
v -0.34899540 -1.19297560 -1.00000000
v 1.27412860 9.64716910 -1.00000000
v 1.07175580 8.93625350 -1.00000000
v 0.83649280 9.96709540 -1.00000000
v 0.96109780 10.19293210 -1.00000000
v 1.37794270 9.33553030 -1.00000000
v 1.13244700 9.42397120 -1.00000000
v 1.93541250 7.83578590 -1.00000000
v 1.70002410 9.72719670 -1.00000000
v 3.98887400 -1.09889660 -1.00000000
v 3.73904230 -1.14790280 -1.00000000
v 3.06534100 2.79814860 -1.00000000
v 3.32849910 2.69697520 -1.00000000
v 3.74560690 1.30254790 -1.00000000
v 0.46744360 -1.85875250 -1.00000000
v 1.13355970 -2.21643710 -1.00000000
v -4.02912520 0.92718700 -1.00000000
v -3.34754090 1.60100410 -1.00000000
v -3.19000910 1.81187320 -1.00000000
v -2.23438950 1.54644300 -1.00000000
v -2.32729790 1.31530010 -1.00000000
v -2.86569070 1.34875020 -1.00000000
v -0.13301230 10.51634500 -1.00000000
v -0.59324590 8.45226760 -1.00000000
v -0.73073020 8.97750850 -1.00000000
v 0.05752750 10.78191850 -0.18040190
v 0.11234780 21.66135790 0.71589170
v 0.11569110 22.30210300 0.70950020
v 0.46897260 12.78650190 0.81635150
v 0.64162560 16.17128180 0.84269040
v 0.40580700 15.36859040 0.80161980
v 0.65768630 15.48239710 0.84905110
v 0.08518090 13.51764770 0.78097440
v 0.32366010 13.42309380 0.79813350
v 0.38031760 13.10674860 0.80292120
v 0.19525510 15.22250270 0.78539130
v -0.17099560 14.69539830 0.79208590
v -0.34973480 9.09182550 -0.50000000
v -0.62917110 8.56731220 -0.50000000
v -0.79104210 7.89530940 -0.50000000
v -0.54763500 7.80985260 -0.50000000
v -0.50628040 7.30870060 -0.50000000
v -0.06524020 6.36081840 -0.50000000
v 2.10390140 3.67233250 -0.50000000
v 2.36530800 3.58093810 -0.50000000
v 1.72974590 3.04826120 -0.50000000
v 1.45789970 1.52789350 -0.50000000
v 2.04383990 1.64788790 -0.50000000
v 0.22848600 1.66997170 -0.50000000
v 0.51802050 1.26648090 -0.50000000
v -0.48985780 1.65352300 -0.50000000
v 0.36429240 0.59107850 -0.50000000
v -1.56882690 0.60368200 -0.50000000
v 0.41537990 0.06843070 -0.50000000
v -0.30033640 -0.60465110 -0.50000000
v -0.55278460 -0.63634120 -0.50000000
v 2.08189370 -1.06747580 -0.50000000
v 1.82793550 -0.91361190 -0.50000000
v 0.64702890 -1.21981410 -0.50000000
v -0.39577080 -1.41610970 -0.50000000
v -1.01962440 -1.68233970 -0.50000000
v -2.17056040 3.71100970 -0.50000000
v -2.37579510 3.58084700 -0.50000000
v -3.28747250 2.85521250 -0.50000000
v 3.08839770 1.69336370 -0.50000000
v 1.10717130 7.42394350 -0.50000000
v 0.91013710 7.22084000 -0.50000000
v 1.57583050 7.94312760 -0.50000000
v 0.23133570 14.40739540 1.20000000
v 0.04561660 17.32042310 1.20000000
v 0.31731320 17.39157870 1.20000000
v 0.35578780 16.53761670 1.20000000
v 0.36194170 13.44751830 1.20000000
v -0.73410870 15.65873340 1.20000000
v 0.65973250 15.59426590 1.20000000
v 1.47987040 4.21703240 1.00000000
v 1.65677640 3.35088010 1.00000000
v 0.47425750 2.71935610 1.00000000
v -0.24035650 2.46724300 1.00000000
v -0.07352960 1.98146240 1.00000000
v 0.00833320 1.53167190 1.00000000
v -0.73120250 4.22737360 1.00000000
v -1.57893750 3.51015330 1.00000000
v -1.37769650 1.50485580 1.00000000
v -2.11378460 2.94878340 1.00000000
v -1.89365490 3.01290110 1.00000000
v -2.23209290 2.75298400 1.00000000
v -3.40077330 3.00101380 1.00000000
v -2.83942790 2.20624900 1.00000000
v -2.71545930 1.64009810 1.00000000
v -2.85010550 1.42797040 1.00000000
v -2.12826440 1.35834900 1.00000000
v -1.94812490 1.59935460 1.00000000
v -3.99000950 1.50070680 1.00000000
v -3.41717530 1.13841140 1.00000000
v -2.76075390 -0.32489640 1.00000000
v -4.10705040 0.06051440 1.00000000
v -2.50680520 -0.21004420 1.00000000
v -0.86333130 -0.98380520 1.00000000
v -0.42430340 -0.55738230 1.00000000
v -0.09053540 0.20163820 1.00000000
v 0.17831210 0.27182200 1.00000000
v 0.59011920 -1.04805100 1.00000000
v 1.05720230 -0.85786100 1.00000000
v 1.19409550 -1.10577190 1.00000000
v 3.25404070 -0.39184170 1.00000000
v 3.18928030 0.94155220 1.00000000
v 4.61963990 1.20647910 1.00000000
v 3.95548770 0.57052590 1.00000000
v 4.10131600 1.49968460 1.00000000
v 3.10795660 1.47394510 1.00000000
v 2.74303840 1.76321360 1.00000000
v 2.71726390 2.07377860 1.00000000
v 2.71441770 2.32455640 1.00000000
v 3.05165410 3.25363540 1.00000000
v 3.26627210 3.24065800 1.00000000
v 1.94025250 2.52373700 1.00000000
v -0.58064990 10.75575350 -0.78431960
v -2.48611780 10.00702480 -0.67471930
v 0.90639390 18.64131160 0.90000000
v 0.87388690 16.23883440 0.90000000
v 0.84520420 14.11900420 0.90000000
v 0.81460940 11.85785100 0.90000000
v -0.70116390 18.09356500 0.90000000
v 1.23046730 21.92581180 0.92602690
v 0.16118270 7.97583960 1.20000000
v -0.50081770 7.97583960 1.20000000
v 0.17471220 8.97574810 1.20000000
v -0.48728820 8.97574810 1.20000000
v 0.18824150 9.97565650 1.20000000
v -0.47375890 9.97565650 1.20000000
v 0.20177090 10.97556500 1.20000000
v -0.46022950 10.97556500 1.20000000
v 0.21530030 11.97547340 1.20000000
v -0.44670010 11.97547340 1.20000000
v 0.22882970 12.97538190 1.20000000
v -0.43317070 12.97538190 1.20000000
v 0.24235910 13.97529030 1.20000000
v -0.41964130 13.97529030 1.20000000
v 0.25588850 14.97519870 1.20000000
v -0.28782960 14.97519870 1.20000000
v 0.26941790 15.97510720 1.20000000
v -0.27430020 15.97510720 1.20000000
v 0.28294730 16.97501560 1.20000000
v -0.26077080 16.97501560 1.20000000
v 0.29647670 17.97492410 1.20000000
v -0.24724140 17.97492410 1.20000000
v 0.31000610 18.97483250 1.20000000
v -0.23645650 18.97483250 1.20000000
v -1.41422990 23.42669680 1.26849960
v -1.04267490 20.78320310 1.36408110
v 3.24186300 -1.90085050 0.24872140
v -3.08565930 -1.96453080 0.03379170
v -4.04861590 -1.46222960 -0.58019830
v -2.03312710 5.66650440 0.73860720
v 1.30168560 20.89334870 1.36009860
v 1.51842580 22.43538670 1.30434270
v 1.41005560 21.66436770 0.71586170
v 1.27072260 20.67305760 0.72575010
v -0.12786080 21.41220860 1.34133800
v 2.27487110 4.66391130 0.73859700
v 1.52614260 4.52108050 0.50000000
v 1.02526970 9.50347230 0.50000000
v -1.84868710 4.04900260 0.50000000
v -0.66483350 3.89812470 0.50000000
v 1.67351030 4.26710410 0.50000000
v 1.35488860 4.24684910 0.50000000
v -2.02775410 3.83899310 0.50000000
v 1.34133580 3.22598860 0.50000000
v 0.81286470 2.66307900 0.50000000
v 0.00371960 -1.29842150 0.50000000
v -0.07685480 -0.01602650 0.50000000
v -0.05720530 0.68675650 0.50000000
v 1.35349120 3.00837990 0.50000000
v 1.62288190 2.89403320 0.50000000
v 1.34592030 2.70341420 0.50000000
v 1.78551880 3.74372510 0.50000000
v 2.42401650 2.00256490 0.50000000
v -1.27270440 -1.45162090 0.50000000
v -0.80980410 -0.14647220 0.50000000
v -0.47582950 -1.41955050 0.50000000
v 2.27365370 -1.27605640 0.50000000
v 2.84047130 0.42516140 0.50000000
v 2.52837510 -0.82102390 0.50000000
v 2.37148670 -1.44276120 0.50000000
v 2.42001770 2.82788090 0.50000000
v 2.70882610 2.68856240 0.50000000
v 2.75055120 -0.75149200 0.50000000
v 2.97595070 2.54400520 0.50000000
v 3.10251020 2.23262600 0.50000000
v 3.26796560 1.39190220 0.50000000
v 2.89928220 -1.22925950 0.50000000
v 3.37536720 0.67250340 0.50000000
v -1.49067020 -1.59572700 0.50000000
v -2.24903420 0.90218010 0.50000000
v -2.00469470 0.96779260 0.50000000
v -2.60839200 3.39178850 0.50000000
v -2.37695070 3.56017900 0.50000000
v -2.16907860 3.65690300 0.50000000
v -3.10326240 2.99670510 0.50000000
v -3.31938770 2.80498050 0.50000000
v -3.15476040 1.55159290 0.50000000
v -2.64268680 -1.31739680 0.50000000
v -2.89326290 -1.21451430 0.50000000
v -2.11249350 7.06758880 -1.00000000
v -0.69938580 10.48079200 -1.00000000
v -0.60983210 9.98265080 -1.00000000
v 0.90243150 10.45250510 -1.00000000
v 0.79977910 8.92281630 -1.00000000
v 1.56674050 8.18807220 -1.00000000
v 0.17296600 10.51404670 -1.00000000
v 1.93018460 6.08468480 -1.00000000
v 1.22101900 7.82862620 -1.00000000
v 1.77262330 6.88890460 -1.00000000
v 2.06900760 6.38081360 -1.00000000
v -1.86332010 6.01457070 -1.00000000
v -1.79820820 5.70128870 -1.00000000
v -0.77607800 5.99830340 -1.00000000
v 0.20142840 5.44201040 -1.00000000
v -1.70897260 5.46948480 -1.00000000
v 1.72716310 5.49163720 -1.00000000
v -1.77924730 5.20885320 -1.00000000
v -0.60750690 5.49032550 -1.00000000
v 1.78728340 5.19389250 -1.00000000
v -1.29702780 4.88764760 -1.00000000
v -0.39756240 5.25064560 -1.00000000
v -0.50211240 4.96081400 -1.00000000
v 2.00880530 4.59871480 -1.00000000
v -2.13530970 4.26404810 -1.00000000
v -0.43690080 2.64258500 -1.00000000
v 1.11149530 4.08566570 -1.00000000
v 0.93812870 3.38570830 -1.00000000
v 1.57457550 4.16800740 -1.00000000
v 2.44000410 3.59576730 -1.00000000
v 2.23094080 3.42415290 -1.00000000
v 0.07424670 2.74105600 -1.00000000
v 0.88426150 2.63151220 -1.00000000
v 0.95111740 1.93276130 -1.00000000
v 0.67368400 2.03849650 -1.00000000
v -2.74378490 -0.51831590 -1.00000000
v -3.59495900 -1.41645430 -1.00000000
v 1.67918160 -0.19682500 -1.00000000
v 2.94953780 1.55959320 -1.00000000
v 2.92271760 1.05844890 -1.00000000
v 1.11135920 -1.03761470 -1.00000000
v 2.89978290 -1.45737020 -1.00000000
v 1.18563890 10.38906100 -1.00000000
v 1.46526340 10.30391120 -1.00000000
v 1.89357090 7.21325680 -1.00000000
v 2.38224820 6.92894030 -1.00000000
v 2.19577290 7.88798860 -1.00000000
v 2.69416450 3.52198460 -1.00000000
v 3.60915800 2.58096170 -1.00000000
v 4.12008520 0.89005600 -1.00000000
v 4.11973330 -0.83453400 -1.00000000
v 3.09911110 -1.67434730 -1.00000000
v 1.24280520 -1.97509310 -1.00000000
v 1.80566600 -2.09006690 -1.00000000
v -3.99670460 0.36479200 -1.00000000
v -3.72959830 0.81229960 -1.00000000
v -3.56115130 1.04389310 -1.00000000
v -3.37920710 2.83198400 -1.00000000
v -3.17979150 3.61085410 -1.00000000
v -3.48350930 0.33611810 -1.00000000
v -3.16625690 3.03027770 -1.00000000
v -2.91352700 3.22867010 -1.00000000
v -2.01218300 6.32388690 -1.00000000
v -1.10422030 7.94973610 -1.00000000
v 2.93974520 9.34606170 0.50525720
v 2.97938200 9.18546770 0.04246490
v -0.96627990 21.80486490 0.71446020
v 0.71142570 19.21207430 0.84801210
v 0.57137300 17.25845340 0.82358600
v 0.41851800 19.22115900 0.79709380
v 0.50083330 16.96877480 0.81336350
v 0.21980610 15.89158060 0.78612600
v 0.03661360 12.64418220 0.77912760
v 0.08701890 16.66766550 0.77892480
v -0.05971000 16.98492620 0.78419040
v -0.22813880 11.43082810 0.79574610
v -0.20842750 19.24377250 0.79885950
v -0.30759020 16.99948120 0.80784400
v -0.97579780 8.92427640 -0.50000000
v -1.05254810 7.86029820 -0.50000000
v -1.52004660 6.40162660 -0.50000000
v -1.38529630 6.09548900 -0.50000000
v -0.15549740 5.62719060 -0.50000000
v -1.03631040 5.67271470 -0.50000000
v -1.28904330 5.18073840 -0.50000000
v -1.28677230 5.47558120 -0.50000000
v 1.41980900 4.61063000 -0.50000000
v 1.11578750 4.57937860 -0.50000000
v 1.59968600 4.35930870 -0.50000000
v 1.77451830 4.12934300 -0.50000000
v 0.45065670 3.39035650 -0.50000000
v 0.50409340 3.98919030 -0.50000000
v -1.82259190 4.10072800 -0.50000000
v 1.92498210 3.89118530 -0.50000000
v 0.70388340 2.03068380 -0.50000000
v -0.60776250 3.27491760 -0.50000000
v -1.43221040 3.84297540 -0.50000000
v -1.71726240 3.87576010 -0.50000000
v -0.80232690 3.17237970 -0.50000000
v -0.00838430 2.68864730 -0.50000000
v 2.65384320 1.37601300 -0.50000000
v 0.89605990 1.47958960 -0.50000000
v 1.68886640 0.58062430 -0.50000000
v 2.79704240 -0.08837670 -0.50000000
v 3.39017870 -0.95294610 -0.50000000
v 2.33992030 -0.18765610 -0.50000000
v -1.91208290 3.65527610 -0.50000000
v -2.49915810 0.99027690 -0.50000000
v -2.83119730 2.07992430 -0.50000000
v -3.10341550 1.99612720 -0.50000000
v 3.58470770 -0.86764200 -0.50000000
v -2.29891590 -1.10976830 -0.50000000
v -3.10748050 -1.04639430 -0.50000000
v 1.94476820 -1.52130690 -0.50000000
v 0.29313900 -1.58916390 -0.50000000
v -2.06513170 -1.30043260 -0.50000000
v 0.06646000 -1.75229590 -0.50000000
v -3.35952190 0.63035260 -0.50000000
v -3.11548970 1.69036520 -0.50000000
v 3.29270890 1.05499850 -0.50000000
v 2.58268930 3.41033840 -0.50000000
v 3.29144530 0.40193260 -0.50000000
v 0.34556820 9.57935810 -0.50000000
v 0.35690550 10.03719710 -0.50000000
v 0.02887540 10.08093070 -0.50000000
v 0.90367190 9.91010000 -0.50000000
v -0.21414540 17.22817420 1.20000000
v -0.14492900 10.43413160 1.20000000
v -0.02473490 8.67971710 1.20000000
v 0.23543790 9.74207970 1.20000000
v 0.11691700 10.53082560 1.20000000
v 0.38036980 12.82910630 1.20000000
v 0.27343720 8.08060460 1.20000000
v 0.03453470 8.10267260 1.20000000
v -0.19139210 8.08662890 1.20000000
v 0.76094420 7.89165400 1.20000000
v 1.05718890 2.61169080 1.00000000
v 0.28141070 4.89757870 1.00000000
v 0.06411950 4.84268380 1.00000000
v -0.56959840 3.06935100 1.00000000
v -0.86095270 2.40269230 1.00000000
v -0.17797580 4.88648940 1.00000000
v -1.03903850 4.90289930 1.00000000
v -2.25129600 3.89234110 1.00000000
v -1.98487790 7.74381490 1.00000000
v -2.28496840 9.91053580 1.00000000
v -1.42566260 8.80770680 1.00000000
v -1.47807320 10.28660010 1.00000000
v -0.97277180 10.48432250 1.00000000
v -2.70613430 3.99721480 1.00000000
v -2.95253990 3.81935360 1.00000000
v -2.15841410 2.48792480 1.00000000
v -1.72103990 1.79343120 1.00000000
v -1.65586690 1.54203900 1.00000000
v -2.89789250 3.37490220 1.00000000
v -3.07426620 3.52470250 1.00000000
v -2.34832860 2.27187200 1.00000000
v -2.64952800 1.99077840 1.00000000
v -3.70019530 1.85730350 1.00000000
v -1.99293880 1.10726300 1.00000000
v -2.98100760 1.17481740 1.00000000
v -1.50607970 0.83261360 1.00000000
v -4.66029980 1.15380920 1.00000000
v -3.49464890 -1.56878480 1.00000000
v -2.65368290 -1.84196280 1.00000000
v -2.37911750 -1.89926730 1.00000000
v -1.59322800 -0.06959980 1.00000000
v -1.41039600 -0.67113490 1.00000000
v -1.13917580 -0.83858840 1.00000000
v -1.69148310 -1.49953510 1.00000000
v -0.49338850 -2.29282500 1.00000000
v -0.18936390 -2.17735290 1.00000000
v -0.38262460 -1.52953880 1.00000000
v 0.69556150 -0.52735920 1.00000000
v 0.91366640 0.03041970 1.00000000
v 1.12682520 0.08423540 1.00000000
v 1.18587660 -1.57642850 1.00000000
v 1.53092360 -0.30157620 1.00000000
v 2.10802580 -0.34536470 1.00000000
v 2.63234140 -0.47529090 1.00000000
v 2.85138320 -1.12254920 1.00000000
v 3.56857160 -1.44409020 1.00000000
v 3.54946990 -1.15910390 1.00000000
v 2.91557570 0.97931650 1.00000000
v 3.91571210 -0.65949120 1.00000000
v 4.13492350 0.10548320 1.00000000
v 4.56176190 1.49450500 1.00000000
v 1.96474090 1.03176140 1.00000000
v 1.47844620 0.87134930 1.00000000
v 2.92970800 1.97437100 1.00000000
v 1.71486690 1.52265810 1.00000000
v 3.92889640 2.79730080 1.00000000
v 3.41365600 3.00553800 1.00000000
v 2.45022680 2.27487750 1.00000000
v 2.21796350 2.51770590 1.00000000
v 1.84156200 2.32440500 1.00000000
v 2.57492800 4.07454590 1.00000000
v 2.71623440 9.05628010 1.00000000
v -0.32128950 10.77448750 0.53229380
v -1.86084210 10.40288730 0.20484550
v -0.77422710 12.69372560 1.07042800
v -0.41095170 21.98648260 0.87751280
v -0.24972400 22.01724430 1.11376130
v -0.94540520 21.81839940 1.03762700
v 0.72041540 0.40755660 -1.00000000
v 2.10286000 0.08049310 -1.00000000
v -0.64250480 10.96455290 0.86426750
v 0.91432740 19.22764590 1.20000000
v -2.18401430 6.73809340 1.00000000
v 0.37138990 21.50171280 0.93616320
v -1.12674920 21.38136480 0.87819640
v 0.57361850 3.10552790 0.50000000
v -1.29988720 0.42847360 0.50000000
v 0.31272450 2.09181430 0.50000000
v 1.35215210 2.05932280 0.50000000
v -3.49147750 1.85672190 0.50000000
v 1.90880580 2.66497110 -1.00000000
v 2.61003140 -0.52152630 -1.00000000
v 0.14310520 21.27534870 1.34628650
v 0.35584460 5.20236110 1.05000000
v -0.29442130 19.55109020 0.81168660
v -0.74333360 14.97695540 0.90000000
v 1.19040920 -0.08119460 -0.50000000
v 0.39782370 -0.97121320 -0.50000000
v 1.33516980 -1.60365400 -0.50000000
v -1.39184190 2.40018840 -0.50000000
v -3.48123310 -0.96844290 -0.50000000
v -0.14646810 10.96778390 1.20000000
v 0.39386200 17.69165420 1.20000000
v 0.52150280 7.66692350 1.20000000
v 0.61653030 12.96660040 1.20000000
v 0.82838000 12.87558360 1.20000000
v -1.23719700 5.08393380 1.00000000
v -2.76520970 8.87605290 1.00000000
v -1.00629850 8.64095590 1.00000000
v -0.79700410 11.01036360 0.90000000
v -0.76170650 22.59475330 1.17274670
v -2.01500820 5.35376600 0.73298590
v 1.80224160 4.45208600 0.02262330
v 2.11650350 4.93333100 0.73293150
v -0.24227240 4.12757490 0.50000000
v -0.02444160 1.20987060 -1.00000000
v 3.20556590 1.55754470 -1.00000000
v -3.86033130 1.71245500 -1.00000000
v 0.54090600 13.96468930 0.82822920
v 0.48271980 14.80288980 0.81424310
v 0.46336620 14.25188160 0.81222860
v -0.14629860 13.36045550 0.78998610
v 0.22234270 7.75752740 -0.50000000
v 0.22308010 4.12927680 -0.50000000
v 3.17909860 -1.12459970 -0.50000000
v 2.22670320 8.42270950 -0.50000000
v 2.48193880 8.87047000 -0.50000000
v -0.76089810 13.67882540 1.20000000
v -0.63247150 13.79013440 1.20000000
v -0.54055670 13.11567970 1.20000000
v -0.31466170 14.28934000 1.20000000
v 0.84028040 13.75509930 1.20000000
v -0.81751180 3.66976550 1.00000000
v -1.46594190 5.27672430 1.00000000
v 0.90232830 18.34083180 1.02876040
v -0.68199590 19.51020430 0.90000000
v 0.85660600 20.84939190 1.01663710
v -4.99186180 0.13995840 -0.05617070
v 0.29257400 3.49359800 0.50000000
v -1.52324630 0.86502680 0.50000000
v -1.75547170 0.74954590 0.50000000
v -1.72670750 -0.85770600 0.50000000
v -0.27481450 0.06449670 0.50000000
v -1.41307510 -0.92727640 0.50000000
v -2.04734300 0.31178860 0.50000000
v 0.12887220 1.90826580 -1.00000000
v 1.61407020 2.26269010 -1.00000000
v 1.72764160 1.98978850 -1.00000000
v 3.18716930 -1.37578540 -1.00000000
v 2.84078960 0.38621930 -1.00000000
v -3.32852320 -1.58472910 -1.00000000
v -1.21931740 -2.19437240 -1.00000000
v -4.20329950 2.24287650 -1.00000000
v 2.04315970 10.31606770 0.73461120
v 1.76623670 10.44739820 -0.51324300
v -1.14965070 22.95639800 1.28550430
v 1.14899530 21.30311010 1.34528260
v -2.36864780 9.35554700 -0.50000000
v -0.91666270 21.46317290 0.71786860
v -1.08028160 23.51549910 0.69739640
v -0.02757940 19.00045780 0.78307840
v -0.63166300 12.00570960 0.86409490
v -0.77400240 12.71033190 0.90000000
v 2.38321160 -0.71610990 -0.50000000
v 1.14053490 0.73965590 -0.50000000
v -1.02350830 3.05182700 -0.50000000
v -0.28958810 2.02498630 -0.50000000
v 2.17543630 8.11566730 -0.50000000
v -0.45930610 19.18355940 1.20000000
v 0.04764610 10.26303290 1.20000000
v 0.58681960 10.61213300 1.20000000
v 0.95959010 8.76433470 1.00000000
v -4.48695950 -0.26788320 1.00000000
v 1.57976840 -1.82867180 1.00000000
v 2.16800830 -1.73129520 1.00000000
v 0.91863620 19.54609110 1.03729100
v -0.76633520 13.27698800 0.90000000
v -1.12285510 22.55115130 0.95380910
v -0.33644640 21.06452750 0.82551630
v -0.43942830 18.92483330 1.25000000
v 1.25218980 5.69297310 -1.00000000
v 1.04078090 5.47534700 -1.00000000
v 0.23325090 5.19424820 -1.00000000
v 0.99897550 1.03089200 -1.00000000
v 0.94419820 1.33211360 -1.00000000
v 0.49241140 0.36298200 -1.00000000
v 3.54551670 -0.24542480 -1.00000000
v 3.12067890 -0.03048960 -1.00000000
v -2.38533280 -0.90148710 -1.00000000
v -2.15856030 -1.47683720 -1.00000000
v -1.12272920 22.32328410 0.70928890
v 0.28968080 11.58500000 0.79880540
v -0.53412680 12.56195350 0.84299260
v -0.78128900 1.09402910 -0.50000000
v -1.22790040 -1.42868420 -0.50000000
v -2.34261750 2.18383340 -0.50000000
v -0.07853290 16.12768750 1.20000000
v -0.49829410 17.17137910 1.20000000
v -0.07819970 19.29175190 1.20000000
v 0.90242700 18.34812930 1.20000000
v -4.75098320 1.61019770 -0.79052310
v -4.44093610 2.35309270 -0.77791080
v -4.00621940 3.05008200 -0.80106710
v 4.44684080 -1.13912960 0.77939330
v -4.48279950 -1.10111500 0.72262480
v 3.84091160 3.26748090 -0.76200360
v 4.27001570 2.66439800 -0.76433890
v 4.60436010 2.00681900 -0.76163540
v -0.22474660 7.99969430 0.50000000
v -1.28771460 0.75847720 0.50000000
v -1.69225050 -0.05504680 0.50000000
v 1.80826090 2.45185140 0.50000000
v 1.34455410 1.62092330 0.50000000
v -3.29508300 2.25827030 0.50000000
v -0.59296720 3.11648870 -1.00000000
v -1.35211660 3.11260890 -1.00000000
v 2.50375990 2.11893010 -1.00000000
v 2.38030460 0.82051490 -1.00000000
v 2.23312040 -0.26642470 -1.00000000
v 2.09443120 8.11835290 -1.00000000
v 2.39479850 8.03199290 -1.00000000
v 2.82160970 2.60484220 -1.00000000
v 1.69642330 10.48089120 -0.28415000
v 0.70525740 14.36511140 0.86429460
v 0.23928500 14.92351150 0.78920490
v 0.06139230 14.79325200 0.77891150
v 0.31958260 17.82939530 0.79012940
v -0.09305640 17.85775570 0.78685030
v -0.07583110 18.44676970 0.78567240
v -0.25798400 16.22881890 0.80044720
v -0.75866800 13.84364410 0.90000000
v -0.72033190 16.67692570 0.90000000
v 1.71910290 0.00511490 -0.50000000
v 0.93139710 0.07775530 -0.50000000
v -1.06925380 1.98970080 -0.50000000
v -0.45331930 17.63078120 1.20000000
v 0.11524960 11.75492000 1.20000000
v -0.10925120 13.19309140 1.20000000
v -0.09945280 13.44990160 1.20000000
v 0.64759610 17.98064040 1.20000000
v -0.79438480 11.20394520 1.20000000
v -0.45379040 11.75969220 1.20000000
v 0.57884360 12.10907840 1.20000000
v -1.24378960 8.62974360 1.00000000
v 0.38552520 -2.20311070 1.00000000
v 3.88651970 -0.34461110 1.00000000
v 3.34775350 2.27306200 1.00000000
v -0.78166970 12.14367580 0.90000000
v -4.87385990 1.13626190 -0.33633070
v -2.04726700 5.11322980 0.62643790
v -2.33176590 6.38282780 -0.53915680
v 2.03578110 5.15907380 0.62260250
v 0.95699160 8.77776720 0.50000000
v -0.19410280 3.84075020 0.50000000
v 0.02093050 1.97710760 0.50000000
v -1.04307870 2.10965970 0.50000000
v 1.48783760 0.34821220 0.50000000
v 2.79000740 0.73186930 0.50000000
v -3.16327290 0.54968020 0.50000000
v -0.70522340 3.84601780 -1.00000000
v -2.43227170 3.63869380 -1.00000000
v -1.18040180 1.59307360 -1.00000000
v -0.36370890 1.26216230 -1.00000000
v 0.49599780 1.12720860 -1.00000000
v 0.44818590 1.37412980 -1.00000000
v 0.26136340 -0.10684080 -1.00000000
v -1.56580020 -0.02201110 -1.00000000
v -0.96581250 0.81270560 -1.00000000
v 3.11677980 2.49483230 -1.00000000
v -4.43988940 0.20102830 -1.00000000
v -0.21532810 13.94669530 0.79526200
v -0.31649570 15.40930180 0.80556420
v -0.21975490 15.18326380 0.79582660
v 0.48595960 1.54681980 -0.50000000
v -1.21706700 1.29430340 -0.50000000
v 0.13789870 0.20879890 -0.50000000
v -0.61369880 0.10433590 -0.50000000
v -0.04302980 -0.60915960 -0.50000000
v -2.28953150 1.18726660 -0.50000000
v -1.87652330 0.55732170 -0.50000000
v 3.77802920 0.44713200 -0.50000000
v 0.46075740 14.60285190 1.20000000
v 0.26831530 17.07729530 1.20000000
v -0.73812710 15.36174580 1.20000000
v -0.58861050 15.31358810 1.20000000
v -0.62067640 12.27517890 1.20000000
v -0.39745470 14.60012340 1.20000000
v -0.59412890 14.59999080 1.20000000
v 0.64502940 15.25848100 1.20000000
v 0.86143670 15.31868360 1.20000000
v 1.23545290 9.35735510 1.00000000
v -0.41294180 4.04585360 1.00000000
v 0.62596200 -2.17892810 1.00000000
v 3.73008510 -0.17433360 1.00000000
v 4.09667020 1.77480550 1.00000000
v 2.41935900 8.60904030 1.00000000
v -0.72799920 16.11026760 0.90000000
v -0.71266470 17.24357990 0.90000000
v -3.13951300 3.96408100 0.74533750
v -2.60518840 -2.13041930 0.45250030
v 3.09258600 3.99791430 0.74263770
v -2.46530460 6.64049720 0.74709210
v -2.99936580 8.99072930 -0.48662860
v 0.54765470 7.56349180 0.50000000
v -0.51289730 7.55996610 0.50000000
v -1.90242700 9.52344130 0.50000000
v 0.53410700 4.30393080 0.50000000
v -0.46246150 3.69783640 0.50000000
v -1.07711150 4.07322690 0.50000000
v 1.86110630 4.01049180 0.50000000
v -1.73500060 1.27871600 0.50000000
v -1.28044710 1.10742760 0.50000000
v -1.86906770 0.51191440 0.50000000
v -0.27450300 0.95167570 0.50000000
v -0.90860990 0.14959040 0.50000000
v -1.88036080 -0.27347810 0.50000000
v -1.34312750 -0.38109470 0.50000000
v -1.94237860 -1.10227250 0.50000000
v -0.52261890 -0.19359670 0.50000000
v 1.49416340 1.37849610 0.50000000
v 1.86417960 1.37201930 0.50000000
v -1.65542190 -1.14866090 0.50000000
v -2.58530930 2.89380170 0.50000000
v -2.51924250 0.72999370 0.50000000
v 2.51193900 6.73048070 0.01019770
v 2.29768090 6.31705900 -0.19032560
v -0.18444710 4.37710140 -1.00000000
v -1.24399590 2.81130790 -1.00000000
v -0.64089420 2.82237740 -1.00000000
v -0.84067330 1.96277570 -1.00000000
v 1.78540380 4.39427950 -1.00000000
v 2.07235980 4.33330110 -1.00000000
v 2.36884640 3.90192960 -1.00000000
v -1.89285770 0.29779680 -1.00000000
v -2.88838620 -0.27010320 -1.00000000
v -3.33441070 -1.26138420 -1.00000000
v -0.90152610 1.13419580 -1.00000000
v -0.42476960 1.60325190 -1.00000000
v -0.17325900 2.70052620 -1.00000000
v -0.20439650 2.43302350 -1.00000000
v 0.43154710 1.82160160 -1.00000000
v 1.16935040 3.24387500 -1.00000000
v 1.36540400 3.97923730 -1.00000000
v 1.96009830 3.29690720 -1.00000000
v 1.22161950 1.80876170 -1.00000000
v 1.14174100 2.53442070 -1.00000000
v 1.21291280 -0.22393090 -1.00000000
v 1.45837960 -0.33961810 -1.00000000
v 2.73377250 1.65725680 -1.00000000
v 3.20513990 1.25316540 -1.00000000
v 3.00548600 1.33266830 -1.00000000
v 2.44770100 -1.37931800 -1.00000000
v 3.57931330 -1.45034460 -1.00000000
v 3.05389980 -0.60933340 -1.00000000
v 3.46987920 0.39362940 -1.00000000
v 2.59754470 0.33782760 -1.00000000
v 3.26547570 0.97833880 -1.00000000
v -2.57399730 -0.30806370 -1.00000000
v -4.02406600 1.98671290 -1.00000000
v -2.39450570 4.14602950 -1.00000000
v -0.66406250 1.25000000 1.20000000
v 1.10651220 20.91532140 0.72333350
v 0.71879070 18.74613190 0.85151820
v 0.48933660 18.68863680 0.80873630
v 0.07176480 15.58111380 0.77889690
v 0.28692230 19.50478360 0.78704210
v -0.23537020 15.65743920 0.79760740
v 0.01982660 12.13157560 0.77863240
v -0.21608280 12.17106150 0.79498360
v -0.37710820 11.67446990 0.80718920
v -0.48770450 11.13787170 0.82920160
v -0.53606090 19.60857580 0.85993380
v 0.98629130 4.03797010 -0.50000000
v -0.99477570 3.30083490 -0.50000000
v 2.11921740 -0.30114820 -0.50000000
v 1.44462670 0.39667760 -0.50000000
v 1.27798840 1.26310270 -0.50000000
v 0.64390150 0.51443480 -0.50000000
v 0.48795400 -0.17485070 -0.50000000
v 0.24682940 -0.64269040 -0.50000000
v 2.48878000 0.03774440 -0.50000000
v -0.62115480 2.41320660 -0.50000000
v -2.16020420 2.98888110 -0.50000000
v -1.51143750 1.70646260 -0.50000000
v -1.94097510 2.35401420 -0.50000000
v -1.98478720 1.68932310 -0.50000000
v -0.48093610 18.50010490 1.20000000
v -0.39245300 19.37386510 1.20000000
v -0.40454090 16.03130340 1.20000000
v -0.08727580 16.78855130 1.20000000
v -0.18487660 17.53821950 1.20000000
v 0.37768380 13.12482260 1.20000000
v 0.10780540 13.59336190 1.20000000
v 0.08322000 13.90711020 1.20000000
v 0.21063320 18.67367170 1.20000000
v 0.47787110 16.03645130 1.20000000
v 0.43373890 16.24811740 1.20000000
v 0.20054660 8.42046740 1.20000000
v 0.06784080 9.29128070 1.20000000
v -0.68864310 7.45543100 1.20000000
v -0.81447680 9.71901510 1.20000000
v -0.54079120 7.66733690 1.20000000
v -0.60384960 8.28882790 1.20000000
v -0.63095780 7.95299340 1.20000000
v -0.40581520 9.95514490 1.20000000
v -0.37531040 7.88545420 1.20000000
v -0.31844300 13.55226990 1.20000000
v -0.29980590 7.68982790 1.20000000
v -0.08905190 8.36927990 1.20000000
v 0.35995890 11.01424220 1.20000000
v 0.60555360 10.90493970 1.20000000
v 0.76491110 8.18482690 1.20000000
v 1.05964660 9.05000310 1.00000000
v 1.31735290 1.78733780 1.00000000
v -1.40128280 9.16953850 1.00000000
v -2.29751400 0.24915640 1.00000000
v -4.41905880 1.14118440 1.00000000
v 1.34276290 -1.37816520 1.00000000
v 2.00433950 -1.97869490 1.00000000
v 1.64515820 -0.05803030 1.00000000
v 2.26263620 3.97885560 1.00000000
v 2.10739300 9.60646340 1.00000000
v 0.87201480 16.10047720 1.20000000
v -0.75100080 14.41030030 0.90000000
v -0.12697840 21.96566010 0.85156100
v 0.39750280 21.91162490 0.82618000
v 1.16338280 0.73650770 -1.00000000
v 0.67857500 0.94314900 -1.00000000
v -2.25983620 -1.21173040 -1.00000000
v 0.28093060 12.62332820 0.79633700
v -0.84568940 0.78691850 -0.50000000
v -0.69526410 18.52959440 1.20000000
v 0.11432170 18.15186120 1.20000000
v 0.85525640 3.27790450 0.50000000
v -1.39597710 -0.11285380 0.50000000
v 0.31826910 2.39846230 0.50000000
v 1.34991500 2.38668060 0.50000000
v -1.04719280 3.07909510 -1.00000000
v -2.88291100 0.20969480 -1.00000000
v 1.92176600 2.99946210 -1.00000000
v 2.07152100 2.39314510 -1.00000000
v 2.32785270 -0.55988850 -1.00000000
v 2.65020350 -0.23434990 -1.00000000
v 0.51835880 11.00065900 0.83461520
v -0.52191150 15.84077550 0.84747070
v -0.32191670 3.25819640 -0.50000000
v 3.00675460 0.58208530 -0.50000000
v 1.67279820 -0.25909830 -0.50000000
v 0.18195970 2.09501080 -0.50000000
v -1.09420410 2.28146100 -0.50000000
v -0.62795650 11.51675030 1.20000000
v 0.49572120 8.30401130 1.20000000
v -0.78933690 11.57701970 0.90000000
v -4.82448770 1.37242390 -0.40356850
v -4.20799020 2.77736830 -0.51822490
v -2.05097840 5.10358570 -0.12251420
v -2.00822500 5.41734220 0.24959530
v 3.11561890 3.98130730 -0.27556320
v 3.73077300 3.40719270 -0.55218450
v 4.17210580 2.83192110 -0.55836490
v 4.53219560 2.18687700 -0.55798940
v 2.03164410 5.19784740 -0.08165930
v 2.14054800 4.87085630 0.25138990
v -0.00627010 1.68410110 0.50000000
v -0.27714930 1.28173110 0.50000000
v 1.35942880 1.06342920 0.50000000
v 1.44006230 0.67532880 0.50000000
v 2.81584880 7.60569760 -0.44208990
v -1.81203880 2.13063910 -1.00000000
v -0.16190920 0.99597690 -1.00000000
v 1.72697850 1.47644940 -1.00000000
v 3.25350640 1.99264100 -1.00000000
v -0.18634170 8.76546190 -1.00000000
v -0.20908450 14.44397740 0.79488860
v -0.63299920 13.85707760 0.86850890
v -0.49154480 14.44347760 0.83741600
v 0.24723180 7.38136100 -0.50000000
v -1.23726400 0.98462520 -0.50000000
v -0.13227980 0.06609400 -0.50000000
v 0.13397940 -0.09531650 -0.50000000
v -0.76422280 -0.12327530 -0.50000000
v 1.41760440 8.10535340 -0.50000000
v -0.19078820 14.88151550 1.20000000
v 0.18006340 16.30348970 1.20000000
v -0.75018230 14.47078900 1.20000000
v -0.51363500 14.04398440 1.20000000
v 0.69878050 14.44618610 1.20000000
v 0.85085860 14.53689190 1.20000000
v -0.13913480 -0.40048800 1.00000000
v 0.01006580 0.43570970 1.00000000
v -0.68966310 18.94355010 0.90000000
v -1.34843360 22.95857810 1.28542550
v -1.07168140 3.61063740 0.50000000
v 1.15850730 3.38932920 0.50000000
v -1.54116460 1.13696980 0.50000000
v -0.75790720 1.02099620 0.50000000
v -1.60128860 -0.33119220 0.50000000
v 0.78312670 1.70459230 0.50000000
v 1.96943270 1.69454120 0.50000000
v -1.02240480 10.10948560 -1.00000000
v -1.71498970 4.69370700 -1.00000000
v -0.93485160 2.79401210 -1.00000000
v -0.74336180 2.54560070 -1.00000000
v -1.99466030 0.77032200 -1.00000000
v 0.05615410 2.22150400 -1.00000000
v 0.11545330 1.65798260 -1.00000000
v -0.12585150 1.72001390 -1.00000000
v 1.19515910 3.54970930 -1.00000000
v 1.64893100 3.20486140 -1.00000000
v 1.17157080 2.17823150 -1.00000000
v 2.50531360 0.58092580 -1.00000000
v 3.04970670 -0.90318100 -1.00000000
v 3.55615810 -0.95514700 -1.00000000
v -3.09444000 -1.18039490 -1.00000000
v 0.38911060 18.39123730 0.79434480
v -0.00569580 19.51522450 0.78259190
v 0.01564550 16.11677170 0.78039600
v -0.48848780 16.17102430 0.84054920
v -1.51035340 4.12535240 -0.50000000
v 2.33647270 -0.96644210 -0.50000000
v 0.83634700 0.88977040 -0.50000000
v 1.17600410 0.23516020 -0.50000000
v 0.42010850 -0.41134770 -0.50000000
v 0.55939390 -0.65415520 -0.50000000
v 2.92863610 -0.67071720 -0.50000000
v -0.59070040 2.11855720 -0.50000000
v -0.27860640 1.76019080 -0.50000000
v 0.37038470 6.57551240 -0.50000000
v -0.15212080 11.68144610 1.20000000
v 0.02876940 9.55775260 1.20000000
v 0.25960990 11.57670780 1.20000000
v 0.40860270 18.49756050 1.20000000
v 0.41209540 18.23027040 1.20000000
v 0.40483280 15.46988300 1.20000000
v 0.30850580 9.09175870 1.20000000
v -0.64923720 10.07247260 1.20000000
v -0.29934140 8.53320220 1.20000000
v -0.21424770 9.42084220 1.20000000
v 1.58873180 2.45531630 1.00000000
v 0.31489960 0.64898360 -1.00000000
v 0.64804420 0.08893840 -1.00000000
v 3.62084340 0.05176140 -1.00000000
v -2.88494300 -1.26825980 -1.00000000
v -2.31038550 -0.40870560 -1.00000000
v 0.28121250 11.06747630 0.79907670
v -0.24881820 12.75215530 0.79754280
v -0.47589280 1.17717120 -0.50000000
v -0.56421490 0.40554050 -0.50000000
v -0.08098700 0.76208260 -0.50000000
v -1.07638260 0.03836920 -0.50000000
v 0.11463910 15.35238650 1.20000000
v -0.11155100 15.53333280 1.20000000
v 0.17824150 15.56019690 1.20000000
v -0.51717650 17.86599730 1.20000000
v -0.71803510 16.84667590 1.20000000
v 0.89184890 17.56633760 1.20000000
v -4.83387420 1.32752750 -0.80125670
v -4.57718230 2.08033680 -0.76877050
v -4.28674170 2.63393400 -0.78263220
v -4.14953760 2.86160160 -0.74766620
v 4.66257290 -0.89637510 0.46248920
v -4.37100030 -1.21069730 0.43998930
v 3.39779590 3.73180100 -0.79318490
v 3.64058400 3.49511430 -0.78920450
v 4.12841700 2.88937660 -0.80509530
v 4.49767680 2.24974750 -0.80492460
v -1.36537930 4.07531980 0.50000000
v -1.06382570 0.63733800 0.50000000
v -0.02541700 1.39832540 0.50000000
v 0.79994840 2.03866740 0.50000000
v 0.80012910 2.36024190 0.50000000
v 2.40058160 3.65364550 0.50000000
v -2.89574240 -0.46189580 0.50000000
v -0.57857340 3.57994410 -1.00000000
v 1.12506080 2.89186330 -1.00000000
v 1.39416790 3.05536100 -1.00000000
v 1.58950730 2.54558130 -1.00000000
v 2.05251100 1.90288670 -1.00000000
v 2.20430450 1.60794930 -1.00000000
v 2.38341330 2.33261420 -1.00000000
v 1.81277560 0.26058350 -1.00000000
v 2.55320070 1.06164380 -1.00000000
v 2.02699570 0.42673830 -1.00000000
v 2.23385360 -1.18927430 -1.00000000
v 2.75190110 -0.99016710 -1.00000000
v 3.06685590 -0.31146100 -1.00000000
v 2.81651330 2.93830470 -1.00000000
v 2.91130950 2.28155180 -1.00000000
v -2.07479430 0.48739080 -1.00000000
v 0.70474540 14.89955040 0.86209520
v 0.57361770 11.50118160 0.84531590
v 0.00337510 15.06480120 0.78033200
v 0.02907480 14.47432230 0.77923320
v 0.14557540 18.32585910 0.78074000
v -0.69733030 18.37689210 0.90000000
v -0.56423810 13.59196570 0.85217390
v 1.43569900 0.13608890 -0.50000000
v 0.64536680 0.23128980 -0.50000000
v 0.85381530 -0.16298490 -0.50000000
v 1.61399700 -0.50097880 -0.50000000
v 1.50625630 -0.76625120 -0.50000000
v -0.16280010 2.47187590 -0.50000000
v -0.58451350 2.69930600 -0.50000000
v -0.30853220 2.72544720 -0.50000000
v -1.04081020 1.73107000 -0.50000000
v 0.69852910 7.02090550 -0.50000000
v -0.30427190 16.97365570 1.20000000
v 0.09620570 11.12924770 1.20000000
v -0.05153070 12.94502450 1.20000000
v 0.56570970 17.16826630 1.20000000
v -0.78232960 12.09490200 1.20000000
v -0.38895210 12.32847310 1.20000000
v -0.54624270 12.51222520 1.20000000
v 0.79664550 10.53020380 1.20000000
v 0.80854590 11.40972140 1.20000000
v 1.04292010 8.43057250 1.00000000
v 0.88850860 2.06308200 1.00000000
v 1.85357930 1.83088600 1.00000000
v -3.75191550 3.38452150 -0.30576830
v -2.07270340 5.04713730 -0.74031710
v -2.10299060 4.96844240 0.77117250
v -2.01761290 5.32935810 -0.74289010
v -2.01160220 5.38568880 -0.22687590
v 3.72749450 3.41038850 -0.29989110
v 4.78052900 1.53027580 -0.42420740
v -2.79623530 7.51132770 -0.29124450
v 2.02788450 5.23308370 -0.74053920
v 2.01333170 5.36948440 0.73330970
v 2.10643430 4.95949410 -0.74321530
v 2.12603310 4.90857120 -0.22401510
v 1.48780130 0.00824870 0.50000000
v 2.79224540 1.21713910 0.50000000
v 3.25107340 0.92866670 0.50000000
v -0.85447310 9.90563300 -1.00000000
v -1.16198680 4.64372780 -1.00000000
v -1.54174220 2.86724260 -1.00000000
v -1.40197690 2.44305710 -1.00000000
v -1.08483870 2.01405290 -1.00000000
v -0.65185910 1.38183610 -1.00000000
v -0.14335160 1.48089210 -1.00000000
v 0.13239270 1.43494580 -1.00000000
v 0.70221580 1.49650300 -1.00000000
v 1.18147810 1.49644660 -1.00000000
v 2.60619280 1.89440450 -1.00000000
v 1.55768850 0.09800850 -1.00000000
v 0.96902410 -0.71603420 -1.00000000
v -0.68260770 0.84322520 -1.00000000
v 3.00767250 3.08723690 -1.00000000
v 3.43720790 3.41948220 -1.00000000
v 0.57753060 13.32876400 0.83909140
v 0.32271530 13.74685000 0.79749720
v -0.43400960 13.89358040 0.82301980
v 0.50796530 1.81421070 -0.50000000
v -0.69590230 1.42385090 -0.50000000
v -1.24551610 1.56546160 -0.50000000
v -1.50917020 1.40148260 -0.50000000
v -1.35896970 0.40296010 -0.50000000
v -2.02744720 1.02296530 -0.50000000
v -2.24207690 0.92856990 -0.50000000
v -1.67401490 0.30708100 -0.50000000
v 1.83537380 -0.66369150 -0.50000000
v 0.30294590 14.08052440 1.20000000
v 0.59717340 13.93765070 1.20000000
v 0.15015200 14.72820090 1.20000000
v -0.77161380 12.88686370 1.20000000
v -0.36975380 15.43046950 1.20000000
v 0.66936950 15.92260930 1.20000000
v 0.23083370 0.04732170 1.00000000
v 2.78767540 -0.24175090 1.00000000
v 0.91404270 19.20660020 0.90000000
v 0.89874520 18.07602310 0.90000000
v 0.88694170 17.20367050 1.00232730
v 0.88153560 16.80412290 0.90000000
v 0.86815040 15.81486890 0.90000000
v 0.85285290 14.68429180 0.90000000
v 0.83755550 13.55371670 0.90000000
v 0.82225810 12.42313960 0.90000000
v 0.80696070 11.29256250 0.90000000
v -0.70499750 17.81023790 0.90000000
v -0.95941860 21.62075420 0.96755280
v 1.17758580 21.86080170 1.14491950
v -4.78262710 1.52460050 -0.01459390
v -4.50867990 2.22970630 -0.03446760
v -4.17028050 2.83432170 -0.01164630
v -3.68057320 3.45613100 -0.04448750
v 3.80088500 3.32012060 -0.03183380
v 4.23656940 2.72531600 -0.03716260
v 4.56876040 2.10311650 -0.00924700
v -0.73481730 3.23797150 0.50000000
v -0.84115200 4.05927320 0.50000000
v -1.94222750 1.20228550 0.50000000
v 3.06638910 0.67194810 0.50000000
v -1.85897460 -1.38384680 0.50000000
v -2.72247550 1.24277320 0.50000000
v -2.17638970 2.74914150 0.50000000
v -1.20343720 10.33934500 -1.00000000
v -1.03560320 4.90413670 -1.00000000
v -0.51392040 2.37460260 -1.00000000
v 1.65705230 3.87510250 -1.00000000
v 2.00101070 3.56141190 -1.00000000
v 0.35598710 2.09152030 -1.00000000
v 0.68018730 1.72694580 -1.00000000
v -3.01122280 -0.51016460 -1.00000000
v 1.81466170 -0.00908370 -1.00000000
v 2.36748240 1.32060070 -1.00000000
v 2.71656680 0.80722430 -1.00000000
v 0.79410120 -1.33716130 -1.00000000
v 2.70025630 -1.27898530 -1.00000000
v 0.66470720 -1.62941750 -1.00000000
v 2.24457340 6.67648510 -1.00000000
v 3.66750910 0.65392020 -1.00000000
v -2.66794040 -0.81000290 -1.00000000
v 2.82475520 -1.77527060 -1.00000000
v -2.27854630 3.91559550 -1.00000000
v 0.77426300 19.48474690 0.86318280
v 0.54343310 19.49645040 0.81559460
v 0.26159050 18.91615300 0.78616920
v 0.60481300 17.81733890 0.82784970
v 0.00194840 11.05026050 0.77860680
v -0.04340450 12.87299820 0.78219470
v -0.26734080 11.03438190 0.79860480
v 0.80860950 1.18629000 -0.50000000
v 2.59351210 -0.27059800 -0.50000000
v 2.20284840 0.00383430 -0.50000000
v -2.01562600 3.90035700 -0.50000000
v -1.61723160 3.60931870 -0.50000000
v -2.22916250 1.86309430 -0.50000000
v -3.21213600 0.87369890 -0.50000000
v -0.25051630 18.63341710 1.20000000
v 0.13404570 17.81033710 1.20000000
v -0.16129060 12.29719450 1.20000000
v 0.26004110 10.07721330 1.20000000
v 0.12991710 12.75518610 1.20000000
v 0.33669080 12.57326220 1.20000000
v 0.17324250 12.99497410 1.20000000
v 0.18491800 19.28089520 1.20000000
v 0.42136890 19.29166030 1.20000000
v 0.08820050 7.78636980 1.20000000
v 0.30524930 7.79088450 1.20000000
v -0.84662410 7.34312730 1.20000000
v -0.13205780 7.83024600 1.20000000
v 0.57625910 11.54665370 1.20000000
v 1.99353660 4.66987750 1.00000000
v 0.84640430 2.36491200 1.00000000
v -2.01707120 3.27804420 1.00000000
v -4.30499650 2.17671780 1.00000000
v -1.08395340 0.18292240 1.00000000
v 1.55609680 -0.83544120 1.00000000
v 3.85142520 1.65596930 1.00000000
v -4.78855420 -0.13859160 -1.00000000
v -2.24272800 1.50506750 -0.50000000
v 0.91697200 19.42309570 1.20000000
v 1.25920570 20.59111790 0.91060710
v 1.66949270 4.70787860 -0.25917250
v -1.47802230 5.30122470 -1.00000000
v 2.97797560 8.87686350 -1.00000000
v 0.10253910 1.25000000 1.20000000
v -4.19880960 0.43933720 -0.50000000
v -4.97716860 0.39263450 0.47086840
v -4.88003830 1.10670780 0.27807750
v -4.72040320 1.69291770 0.46205930
v -3.94451670 3.13122800 0.38336120
v 3.53984170 3.59332540 0.45574230
v 3.96011470 3.11071490 0.47165940
v 4.35440780 2.51069000 0.46505710
v 2.23073200 8.82836340 0.50000000
v -2.31946130 2.36110810 -1.00000000
v 0.22208280 24.22330280 0.69033600
v 0.83631350 13.46192650 1.20000000
v 1.70669650 -1.12099370 1.00000000
v -1.36778550 23.09626010 0.70157840
v -1.23522560 22.15313910 1.31454800
v -0.62683590 9.53891280 0.50000000
v 2.29628990 0.61305290 0.50000000
v -2.52855250 2.14852670 0.50000000
v 2.98975940 8.85030940 -0.82620620
v 1.50170060 6.31027560 -1.00000000
v 0.12849160 -1.12599680 -1.00000000
v 4.49984650 0.22731600 -1.00000000
v -4.53731250 -0.30591370 -1.00000000
v 0.51303340 0.97675140 1.20000000
v -1.79707310 7.01991320 -0.50000000
v 1.31206700 4.35482790 -0.50000000
v 1.64852390 0.92314140 -0.50000000
v -0.23950170 -1.16700660 -0.50000000
v -3.82533790 0.79132490 -0.50000000
v -3.89440250 1.03770640 -0.50000000
v 0.78871190 9.94386010 1.20000000
v 1.85474740 8.06682300 1.00000000
v -1.08836950 -1.14570440 1.00000000
v 1.86262350 -1.71448540 1.00000000
v 2.25212170 3.34592720 1.00000000
v 0.56041990 20.89034080 1.01041890
v 2.10590930 2.73764040 -0.50000000
v -0.60482930 15.85406110 1.20000000
v -0.73009030 15.95571900 1.20000000
v 3.00715880 -0.21070470 0.50000000
v 2.67011620 7.15131760 0.45317880
v -2.37389610 0.11970200 -1.00000000
v 1.09773430 -1.76967420 -1.00000000
v 1.26092540 5.40946100 -0.50000000
v -1.80767540 -0.15383440 -0.50000000
v 1.45623950 9.11939240 -0.50000000
v -0.79036640 11.50093080 1.20000000
v 2.43682220 -1.27976780 1.00000000
v -4.93073230 0.86422260 0.32482230
v 3.30969760 3.81768510 0.32721670
v 1.24080800 7.86081360 0.50000000
v -3.90289310 1.67593150 0.50000000
v 2.65920040 7.12060930 -0.60018750
v -1.64952980 -1.42134480 -1.00000000
v -0.44145700 14.86075690 0.82689930
v 0.14642310 6.17807580 -0.50000000
v 2.25490140 3.02300690 -0.50000000
v 3.48301200 1.26152660 -0.50000000
v 0.19590140 16.81661220 1.20000000
v 1.98823800 -1.08571550 1.00000000
v -0.53511760 10.75961110 -0.24130510
v -0.15420420 7.97583960 1.20000000
v -0.14067480 8.97574810 1.20000000
v -0.12714550 9.97565650 1.20000000
v -0.11361600 10.97556500 1.20000000
v -0.10008670 11.97547340 1.20000000
v -0.08655730 12.97538190 1.20000000
v -0.07302780 13.97529030 1.20000000
v -4.99542240 -0.04658730 0.20081570
v -0.80631530 2.80856990 0.50000000
v 1.79169750 1.94124910 0.50000000
v -3.17440820 -0.45400580 0.50000000
v -0.47031190 0.56661160 -1.00000000
v -0.38648980 0.28841350 -1.00000000
v 3.29326250 2.96508380 -1.00000000
v -3.95797110 0.08064990 -1.00000000
v -3.65873910 2.85484700 -1.00000000
v -1.44227760 7.73653170 -0.50000000
v -1.08784970 6.17353200 -0.50000000
v -0.99586160 5.06205270 -0.50000000
v -0.16263060 2.96534710 -0.50000000
v 3.53762750 1.00525810 -0.50000000
v -0.02120820 17.02338600 1.20000000
v -0.81045840 10.01600070 1.20000000
v 0.76887790 8.47799870 1.20000000
v -1.40505020 -2.21125940 1.00000000
v 2.87659260 -1.43061800 1.00000000
v 1.87641500 2.90381000 1.00000000
v 0.87598170 16.39365010 1.20000000
v -0.83858730 7.93709950 1.20000000
v 0.98432340 21.97513010 1.07174580
v -2.07200770 2.55202980 -1.00000000
v -1.24843910 -0.38882470 -1.00000000
v -1.31173290 -0.59317420 -1.00000000
v -0.69928250 18.23260880 1.20000000
v -0.15252520 -0.43884330 -1.00000000
v 2.15173270 2.83826730 -1.00000000
v 0.61423720 6.52886010 -0.50000000
v 0.81647960 11.99606510 1.20000000
v -1.37976240 8.33512590 1.00000000
v 3.53794620 -0.72044540 -1.00000000
v -1.74299010 0.87645040 -0.50000000
v -0.74616400 14.76777460 1.20000000
v 0.84689180 14.24372100 1.20000000
v 2.00354310 0.59361310 0.50000000
v 1.67193700 6.05657150 -1.00000000
v 1.48148160 5.53433180 -1.00000000
v -3.42658280 3.37412050 -1.00000000
v 0.75688020 17.04198460 0.86720180
v 1.55258570 1.23281170 -0.50000000
v -0.02275510 11.98741820 1.20000000
v 0.77813370 9.16206650 1.20000000
v -2.81356600 0.61411410 1.00000000
v 2.98637410 1.47011030 0.50000000
v -2.42714720 -1.46526130 -1.00000000
v -0.70597990 17.73763280 1.20000000
v -0.71401670 17.14366150 1.20000000
v 0.88391530 16.97999570 1.20000000
v 0.89581570 17.85951040 1.20000000
v -3.79585430 0.12192350 1.00000000
v -2.41609000 6.54553510 -0.78116320
v 2.70148300 0.10071960 0.50000000
v -2.38887330 7.05492540 -1.00000000
v -0.91448380 3.63988880 -1.00000000
v -0.80333020 3.02569630 -1.00000000
v -0.07896250 3.87905480 -1.00000000
v 0.05729450 3.47285990 -1.00000000
v 0.16769390 3.21457740 -1.00000000
v -0.12280250 3.21455860 -1.00000000
v 1.31589100 -1.26069720 -1.00000000
v 3.44680310 2.16260240 -1.00000000
v -1.37348680 2.69877050 -0.50000000
v 0.92820900 9.39743230 -0.50000000
v 0.66387740 19.34606170 1.20000000
v -0.77831120 12.39188770 1.20000000
v -0.80242160 10.60997200 1.20000000
v 0.80061230 10.82337570 1.20000000
v 0.81251280 11.70289330 1.20000000
v -0.72205350 16.54969020 1.20000000
v -4.77921250 1.53383770 -0.57712270
v -4.58840610 2.04997590 -0.47973480
v -2.94350050 4.10540100 -0.00460480
v -2.85233400 4.17112920 0.25620540
v -4.64117290 -0.92628020 0.08298600
v 2.01079680 5.39323810 0.20070840
v -0.19073370 2.13708930 0.50000000
v 4.00287440 1.65372720 0.50000000
v 0.64888830 -0.57689110 -1.00000000
v -1.60110010 0.29264740 -1.00000000
v -1.20065930 0.06485950 -1.00000000
v -0.81575640 -0.05472960 -1.00000000
v 0.94448610 1.78906490 -0.50000000
v -0.14374570 -0.89890160 -0.50000000
v -2.61546230 3.12222860 -0.50000000
v 0.86804800 15.80730440 1.20000000
v 0.34995450 13.77966980 1.20000000
v -0.20153060 -0.25027220 0.50000000
v 2.51827690 0.34374040 0.50000000
v -3.75812600 1.96172550 0.50000000
v -1.82384680 4.15636590 -1.00000000
v -1.52124120 4.03805400 -1.00000000
v -0.27616640 3.50557950 -1.00000000
v -0.44339210 3.31833120 -1.00000000
v 0.82056860 4.18853520 -1.00000000
v 0.81157700 3.89413910 -1.00000000
v 0.66598480 3.60334830 -1.00000000
v 0.56100850 3.03355170 -1.00000000
v 0.59147820 2.54041000 -1.00000000
v 0.52259770 2.26959090 -1.00000000
v -0.15288070 0.41734250 -1.00000000
v 1.45931210 -0.55639670 -1.00000000
v -2.66145370 3.41533660 -1.00000000
v 0.45344240 15.68236540 0.80832510
v -1.29691510 9.46683600 -0.50000000
v -0.29356200 6.77249240 -0.50000000
v 0.69064700 1.43531850 -0.50000000
v 0.60742010 1.01199630 -0.50000000
v -1.76727200 3.37419080 -0.50000000
v -1.87508960 2.91593190 -0.50000000
v -0.68856680 19.02457050 1.20000000
v 0.60639650 19.06793590 1.20000000
v -0.84260570 7.64011290 1.20000000
v 0.60274840 12.68777750 1.20000000
v 0.75697740 7.59848210 1.20000000
v 0.78763740 1.76266500 1.00000000
v -1.05189480 0.50361370 1.00000000
v 0.23790230 -1.60183110 1.00000000
v 0.82044630 12.28923700 1.20000000
v 0.83234680 13.16875460 1.20000000
v 0.84292500 13.95054820 1.20000000
v 0.90771610 18.73902510 1.20000000
v -0.83322940 8.33308030 1.20000000
v -0.68454840 19.32155610 1.20000000
v -0.73470800 15.61444470 0.90000000
v -0.64116300 0.63759080 -0.50000000
v 0.91168290 19.03219800 1.20000000
v 2.24699710 2.59669640 -1.00000000
v 1.87612040 1.17297280 -1.00000000
v -0.76357700 13.48083500 1.20000000
v 0.78474510 9.65068820 1.20000000
v 1.21029170 0.45484350 -1.00000000
v 3.29368640 -0.13622710 -1.00000000
v -2.10206370 2.18473600 -0.50000000
v -0.72607190 16.25270460 1.20000000
v 0.68156660 17.73807140 1.20000000
v -4.67411280 1.81813630 -0.37148920
v 4.05123810 2.99087620 -0.39826160
v 4.43707850 2.36011820 -0.39664550
v 1.24071280 0.22482920 0.50000000
v -1.03880740 1.75984420 -1.00000000
v 0.07083670 0.61557700 -1.00000000
v 2.47906680 1.59943250 -1.00000000
v 0.33832650 1.04166010 -0.50000000
v 0.21642160 0.79965500 -0.50000000
v -0.74214550 15.06476020 1.20000000
v -0.55237170 14.35553360 1.20000000
v 1.09048770 3.12363000 0.50000000
v -0.73644820 1.65668190 -1.00000000
v -0.59792360 1.83263780 -1.00000000
v 1.54494600 1.76204820 -1.00000000
v 1.05120000 1.29252510 -0.50000000
v -0.31715600 13.00175290 1.20000000
v -1.57272010 -0.93623270 -1.00000000
v -0.23821200 0.49553270 -0.50000000
v 1.63599180 2.86444930 -1.00000000
v -0.48121900 3.12009220 0.50000000
v 0.54851700 0.85498790 0.50000000
v -0.75286130 14.27279850 1.20000000
v -1.83283280 3.74099920 -1.00000000
v 2.16583230 3.71977020 -1.00000000
v -1.70331940 1.05936230 -1.00000000
v 1.90243140 2.18633700 -1.00000000
v 1.20779110 -0.51492430 -1.00000000
v 2.07518740 0.89367650 -1.00000000
v 1.44628660 -1.06955060 -1.00000000
v -0.19008520 3.49930020 -0.50000000
v -1.58522820 1.97811460 -0.50000000
v 0.64230850 0.56191290 0.50000000
v -1.06312170 -0.22799270 -1.00000000
v -0.70999830 17.44064710 1.20000000
v 0.87994840 16.68682100 1.20000000
v -0.75893030 1.69420250 -0.50000000
v -0.78634800 11.79791640 1.20000000
v -0.80644010 10.31298640 1.20000000
v -0.37663790 11.09727290 1.20000000
v -0.60972070 10.96994590 1.20000000
v 0.80457910 11.11654850 1.20000000
v -0.19665800 2.70490880 0.50000000
v -0.41124220 0.92312340 -1.00000000
v -1.23027790 0.71000180 -1.00000000
v -0.77429280 12.68887330 1.20000000
v 0.91021830 18.92395590 0.90000000
v 0.90256960 18.35866740 0.90000000
v 0.89492090 17.79337880 0.90000000
v 0.88727220 17.22809030 0.90000000
v 0.86432600 15.53222470 0.90000000
v 0.85667730 14.96693610 0.90000000
v 0.84902860 14.40164760 0.90000000
v 0.84137990 13.83636090 0.90000000
v 0.83373120 13.27107240 0.90000000
v 0.82608250 12.70578380 0.90000000
v 0.81843380 12.14049530 0.90000000
v 0.81078510 11.57520680 0.90000000
v 0.80313630 11.00991820 0.90000000
v 2.37282440 1.85725740 -1.00000000
v 2.22484370 1.10301240 -1.00000000
v 0.55325720 0.77089770 -0.50000000
v 0.39400460 0.36774340 -0.50000000
v 2.59477280 8.86308290 -1.00000000
v 1.22427820 20.34262080 1.38001140
v -2.01221990 1.74701460 0.50000000
v -1.30031850 4.86826990 -0.50000000
v -4.65155320 -0.44027270 1.00000000
v -2.31200170 10.14163400 0.79658420
v -3.98466300 3.07843090 0.05342880
v 4.88863280 1.06559960 0.22288610
v -2.09675550 -0.34594790 -1.00000000
v 1.28010630 2.16115500 -0.50000000
v -0.81955920 21.06741330 0.85441750
v -1.60501660 -1.85099170 -0.50000000
v 0.43249070 -2.47870180 0.62231620
v -1.32006600 6.70954660 0.50000000
v 1.42001760 7.41539240 0.50000000
v -4.65651610 1.13123370 -1.00000000
v 1.98877310 10.33972450 -0.31046390
v -2.87476940 0.17664020 -0.50000000
v -3.39953920 2.15349360 -0.50000000
v 1.71894240 10.22450450 1.00000000
v 2.49852510 7.30937390 1.00000000
v 1.42409440 4.80380920 -1.00000000
v 2.01583290 0.20939780 1.00000000
v 4.97751760 0.38663580 0.20140000
v 2.01704840 -0.27394300 0.50000000
v 2.61790560 7.00443700 -0.77756920
v 0.13341560 -0.33799540 -1.00000000
v 4.33978410 1.07271410 -1.00000000
v 2.70189190 0.57157610 -0.50000000
v 0.60557340 10.36625860 1.20000000
v 2.03719950 -1.50315120 1.00000000
v -3.47409320 3.65742140 -0.60434020
v 1.73460870 0.56349630 -1.00000000
v 1.57311140 1.73375800 -0.50000000
v -0.10218280 18.92483330 1.20000000
v 3.01962180 0.13072190 0.50000000
v 1.75151870 10.22279360 -1.00000000
v -1.75707390 6.24965100 -1.00000000
v -2.95517160 2.28407570 -0.50000000
v -2.66872430 -0.24076290 -0.50000000
v 3.86841340 0.18321800 -0.50000000
v 3.34214260 2.56916860 -0.50000000
v 2.00477460 7.55497880 -0.50000000
v 1.68750760 9.98184300 1.00000000
v 2.03572560 -0.61910670 1.00000000
v 2.30051660 1.63648810 1.00000000
v 4.32944390 0.86932100 1.00000000
v -2.83281330 0.53356750 -1.00000000
v 1.86513230 1.14700420 -0.50000000
v -2.36786340 -0.12600630 -0.50000000
v 0.95554950 5.50076340 -0.50000000
v -3.29136800 1.09212040 0.50000000
v -3.44833370 0.70210210 -1.00000000
v 3.07770160 -0.11112580 -0.50000000
v 1.17761100 0.47145430 -0.50000000
v 3.08151580 1.11279670 -0.50000000
v -0.82117420 9.22403810 1.20000000
v -0.85466150 2.64081220 0.50000000
v -4.97605130 0.41185640 -0.64164470
v -2.65703750 7.11452390 -0.68071630
v -1.08285640 2.84351210 0.50000000
v 0.07342450 2.78967190 0.50000000
v 0.55402950 1.92858560 0.50000000
v 1.66358440 7.40060420 -1.00000000
v -3.75551410 -0.63740230 -1.00000000
v -1.47583130 7.00962500 -0.50000000
v -2.06642340 -0.01435130 -0.50000000
v -2.66726400 4.06976320 -1.00000000
v -0.76931570 -1.39746110 -1.00000000
v 3.50863980 3.17486450 -1.00000000
v 1.27096940 3.93461230 0.50000000
v -1.00889190 0.92430960 0.50000000
v 1.50348730 3.70823430 0.50000000
v 0.24881100 1.26659800 0.50000000
v -2.45181390 -0.87026130 0.50000000
v -2.19043970 0.60166740 0.50000000
v -1.86454500 4.40620140 -1.00000000
v 0.40226270 1.60656750 -1.00000000
v -1.80195860 6.49889760 -1.00000000
v -1.98740390 -1.04913780 -0.50000000
v -0.35034560 1.47620180 -0.50000000
v 0.63991760 3.01472000 1.00000000
v -0.83487350 2.82289620 1.00000000
v 0.85482530 14.83006290 1.20000000
v 0.86540350 15.61185650 1.20000000
v 1.37541340 -0.29692590 -0.50000000
v 1.57733850 1.10059440 -1.00000000
v 2.78811500 7.48327730 0.09655700
v -0.09691560 1.98659310 -1.00000000
v 3.28016780 -1.06641220 -1.00000000
v 2.11616970 -0.57966600 -0.50000000
v 0.84348210 -0.66279100 -0.50000000
v -1.20231120 3.27749200 -0.50000000
v 0.54272510 9.55944630 1.20000000
v 0.59771310 11.21459580 1.20000000
v 1.57795730 3.98506020 0.50000000
v 0.05648860 2.51915620 -1.00000000
v 3.26871970 2.77279230 -0.50000000
v -0.38358890 8.18935590 1.20000000
v 0.87101860 16.02685170 0.90000000
v 2.72858860 0.09962320 -1.00000000
v 2.02754780 1.37516690 -1.00000000
v 1.72354010 3.53975110 -1.00000000
v 1.67576460 -0.89884000 -1.00000000
v 1.92007860 -0.75123760 -1.00000000
v -0.82519260 8.92705150 1.20000000
v -1.55574390 -0.35955020 -1.00000000
v 2.21730090 -0.83154850 -1.00000000
v -0.99208380 0.53586240 -1.00000000
v 1.04884970 3.78842740 0.50000000
v 2.29828550 0.34260870 -1.00000000
v -1.05854620 6.96867080 0.50000000
v -1.31746300 3.88812160 -1.00000000
v 0.90507160 18.54357720 1.20000000
v -1.18824450 4.17597390 -1.00000000
v 0.88440390 17.01610570 0.90000000
v 0.87771130 16.52147870 0.90000000
v 1.22109500 7.21953540 1.00000000
v -2.54808000 8.91582490 -1.00000000
v 0.34459530 21.01434330 1.14122610
v 1.39679220 3.43145990 1.00000000
v 2.96334220 4.09109590 0.49474540
v 1.11695020 8.96371460 0.50000000
v 1.73282290 -1.19805130 -1.00000000
v 1.21377090 10.11594490 0.26548100
v 1.45167530 10.03940300 0.25236040
v -0.24082960 23.77212720 0.69483650
v 0.20374540 5.21619800 -0.50000000
v -3.77374820 -0.02342720 -0.50000000
v -4.35531040 -0.44225630 1.00000000
v -3.38577580 3.74351930 -0.78027890
v -1.31343010 9.74903870 0.50000000
v 2.65751100 7.11585570 0.70514600
v 0.43191090 19.78690720 0.96364220
v -1.02041650 -0.90958390 -0.50000000
v 2.13044380 8.50579450 1.00000000
v 1.68872180 23.64698790 0.97830960
v -1.76547570 3.76189710 0.50000000
v 2.48247310 2.53698160 0.50000000
v -1.47793510 -1.29177180 0.50000000
v -0.57225230 -0.26582550 -1.00000000
v 2.48627920 1.55276670 -0.50000000
v -2.50905560 -0.76898160 1.00000000
v -0.49404410 22.02399250 0.97832640
v -0.69340600 21.86213870 0.97061070
v 0.83119650 20.85181050 1.00129620
v 0.62646890 0.67437920 -1.00000000
v 1.61157250 -0.27829410 0.50000000
v -0.53563210 9.06720070 1.20000000
v 1.68317140 0.26255540 0.50000000
v -2.55668260 -1.66213770 -1.00000000
v 3.20221020 -0.49309950 -0.50000000
v 0.13500370 8.16492940 -1.00000000
v -1.08740830 7.36731050 -0.50000000
v 2.13900540 -0.06295830 1.00000000
v -1.33848330 9.20500760 -1.00000000
v 2.55805250 3.05568790 -1.00000000
v -1.56574510 -1.67674420 -1.00000000
v -2.42556550 -0.64514940 -0.50000000
v -3.89880780 1.69829140 -0.50000000
v 0.26853410 3.19564390 0.50000000
v -2.00254580 3.25466780 -1.00000000
v -2.07420800 -0.05524220 -1.00000000
v -1.28977270 7.20004940 -0.50000000
v -2.57521920 3.40354490 -0.50000000
v -0.54407450 16.14074710 1.20000000
v -2.34397530 2.98691890 1.00000000
v 3.74655030 3.39157750 0.45879480
v -1.49624910 4.36692330 0.50000000
v -0.53239820 0.46144030 0.50000000
v 1.06778930 1.21262110 0.50000000
v -1.24517320 6.13082700 -1.00000000
v -1.99826230 0.28048500 -0.50000000
v -0.05183770 17.74687000 1.20000000
v -0.83590840 8.13508990 1.20000000
v -3.43901540 3.31876330 1.00000000
v -2.24305770 -0.66013960 1.00000000
v 0.77152240 8.67344670 1.20000000
v 0.69381000 -0.25864620 -1.00000000
v 0.46430360 14.50324340 0.81194960
v 3.43058660 -1.27841380 -1.00000000
v 1.97308390 -1.30899780 -1.00000000
v 2.83352300 0.58145840 -1.00000000
v -1.18745770 0.65522520 -0.50000000
v -1.35281870 1.67617880 0.50000000
v 0.45291440 -0.35757020 -1.00000000
v 1.86177870 1.68487760 -1.00000000
v 1.63750450 -0.72340800 -1.00000000
v 0.65170220 18.30401420 1.20000000
v 1.31040490 20.95538330 1.00712570
v 0.68486180 -0.83181010 -1.00000000
v -0.69501410 -0.68048960 -1.00000000
v 0.12900710 17.57224270 1.20000000
v 0.42567840 3.17890950 -1.00000000
v -0.94676140 -1.10635530 -1.00000000
v -0.97354940 -0.51015050 -1.00000000
v 3.86719660 -1.34475920 -1.00000000
v -1.26298360 -0.93055120 -1.00000000
v 0.61917070 19.77598190 1.05802730
v -1.55198900 9.37827110 0.50000000
v 2.59525900 -0.21878220 0.50000000
v 2.19987750 7.18649100 1.00000000
v -1.14005840 23.83095170 0.97144570
v -4.01979730 -1.48165870 -0.77802240
v 4.57602120 0.99280950 -1.00000000
v 1.05965790 10.15976910 0.07416740
v 1.83369680 9.86043360 -0.30881190
v 3.56981280 2.50295020 -0.50000000
v 0.91881910 20.84803390 1.02098830
v 0.40713890 11.88581470 0.80765800
v -4.32148550 2.57065340 0.75237720
v -2.95707040 8.37249090 0.80250600
v 0.28020890 -1.23456160 0.50000000
v 1.45577880 7.80746170 -1.00000000
v -2.58033230 2.51539020 -1.00000000
v 1.42133490 23.23082540 1.27558180
v -1.35066070 10.08299640 1.00000000
v 1.43162010 -1.60622810 1.00000000
v -3.12304830 3.22133950 1.00000000
v -4.40686080 2.41515450 -0.23348070
v 1.62206880 23.17277340 1.12572910
v 4.96538640 0.59525280 0.81551380
v 1.45538710 6.25661420 -0.50000000
v -4.08102850 0.68001280 -0.50000000
v -1.00904430 9.17415140 1.00000000
v -3.25651450 3.52359150 1.00000000
v -3.15100190 -0.90101240 1.00000000
v 2.09389710 -0.86751130 1.00000000
v 0.60304830 20.88411140 1.00828550
v 1.59785510 7.95097450 -1.00000000
v 2.81934310 -0.55334370 1.00000000
v -0.60416550 22.00838090 0.97724840
v -1.60658440 1.23712060 1.00000000
v 4.97605940 0.41171660 0.76665130
v -1.23468260 3.76662110 0.50000000
v 1.98173360 -0.60603890 0.50000000
v 3.05691910 0.14234580 -0.50000000
v -0.71047660 -0.89788080 -0.50000000
v 0.14396110 18.43786620 1.20000000
v 3.51360180 3.61890600 0.15498340
v -0.39254720 17.95481490 0.82406710
v 0.56347660 22.77873040 1.14554620
v 0.42448280 14.87042620 1.20000000
v -0.07821460 -0.62470240 1.00000000
v -0.47861990 12.79740910 1.20000000
v -1.45047970 -1.15819060 -1.00000000
v 0.98531960 21.89513210 1.15497090
v 2.79008940 0.18788910 -0.50000000
v 0.04848210 12.50789930 1.20000000
v 0.49769400 22.53672980 0.91589440
v 0.41036300 0.00792930 0.50000000
v 0.64969660 22.03752330 1.00811590
v 1.21120060 20.24957850 1.20978620
v 1.40628360 22.71648790 1.05598620
v 1.52005730 23.74867440 0.90499570
v 2.70880370 8.05434510 -1.00000000
v -1.50806250 8.68593220 -0.50000000
v 1.23258910 7.94175530 1.00000000
v 1.47805860 5.30030580 1.00000000
v -0.04075790 18.65051840 1.20000000
v -1.33592920 -0.53157530 -0.50000000
v -2.53520700 2.55200120 -0.50000000
v 1.14053140 9.79672530 -0.50000000
v 1.52915330 7.94728040 1.00000000
v 2.85768080 7.80696960 -0.63314970
v -4.84536310 1.27256920 0.73323890
v -1.40648910 23.37162400 0.69883160
v 1.66205690 23.45727540 1.14412340
v 0.75962500 4.46607350 0.50000000
v 0.61937110 -1.30142650 0.50000000
v 2.74610110 7.36508080 0.81834580
v 1.65001820 23.37162400 1.27049090
v 0.90949910 0.57232380 -1.00000000
v -0.29066600 -0.22092390 1.00000000
v 2.89377710 9.45825860 -0.25308100
v -0.31945600 18.41899110 0.81313840
v -0.13513960 2.41307500 0.50000000
v -1.72155440 1.62985560 0.50000000
v -3.11539600 1.38607220 1.00000000
v -3.51781730 -0.00495160 1.00000000
v 0.72876360 22.00075910 1.09104140
v 0.26378400 1.87520520 -0.50000000
v 1.56172100 9.41728310 0.50000000
v 0.82296570 22.76075360 0.86854330
v 0.41367000 17.93749050 1.20000000
v 1.10583600 20.83693890 1.05730710
v -1.97719670 -1.56295800 0.50000000
v -0.62088800 8.46838190 1.20000000
v 1.05932820 22.59169770 1.17317440
v 1.73107870 -1.55047480 1.00000000
v 1.06471490 20.82975200 1.02630660
v -1.53772810 2.20481920 -1.00000000
v 3.13549690 1.84149580 0.50000000
v 0.22241780 21.11778070 0.95796660
v 1.41665700 9.16949560 0.50000000
v -0.21377080 21.71285820 0.99172190
v -0.81659450 1.85135090 0.50000000
v -0.69912130 19.97010800 1.21800100
v -0.97566720 20.30646320 1.03837530
f 2 10 1
f 10 2 9
f 9 2 3
f 9 3 15
f 15 3 4
f 14 15 5
f 5 15 4
f 14 5 6
f 14 6 13
f 13 6 7
f 13 7 12
f 12 7 8
f 12 8 11
f 11 8 1
f 65 73 64
f 73 65 72
f 72 65 66
f 72 66 78
f 78 66 67
f 78 67 77
f 77 67 68
f 77 68 69
f 77 69 76
f 76 69 70
f 76 70 75
f 75 70 71
f 75 71 74
f 74 71 64
f 96 104 95
f 104 96 103
f 103 96 97
f 103 97 109
f 109 97 98
f 109 98 108
f 108 98 99
f 108 99 100
f 108 100 107
f 107 100 101
f 107 101 106
f 106 101 102
f 106 102 105
f 105 102 95
f 111 105 110
f 105 111 106
f 106 111 112
f 106 112 107
f 107 112 113
f 107 113 108
f 108 113 114
f 108 114 115
f 108 115 109
f 109 115 116
f 109 116 103
f 103 116 117
f 103 117 104
f 104 117 110
f 135 143 134
f 134 143 139
f 134 139 140
f 138 134 140
f 138 140 137
f 137 140 141
f 137 141 136
f 136 141 142
f 135 136 143
f 143 136 142
f 144 969 970
f 148 970 971
f 969 145 972
f 972 147 151
f 157 167 156
f 171 74 170
f 74 171 172
f 75 74 172
f 75 172 173
f 76 75 173
f 76 173 174
f 77 76 174
f 77 174 175
f 77 175 78
f 78 175 176
f 78 176 72
f 72 176 177
f 72 177 73
f 73 177 170
f 149 182 178
f 149 153 182
f 149 178 150
f 150 178 179
f 150 179 151
f 151 179 180
f 151 180 152
f 152 180 181
f 152 181 153
f 153 181 182
f 183 4098 976
f 184 58 57
f 2329 975 61
f 58 185 59
f 976 977 1201
f 186 977 4099
f 28 2328 4099
f 56 2325 4096
f 4100 90 975
f 185 58 1064
f 188 11 187
f 11 188 12
f 12 188 189
f 12 189 13
f 13 189 190
f 14 190 191
f 14 13 190
f 15 14 191
f 15 191 192
f 9 15 193
f 15 192 193
f 10 9 194
f 9 193 194
f 10 194 187
f 2332 2331 119
f 980 164 978
f 125 124 195
f 198 124 123
f 2353 1828 1013
f 230 1835 1836
f 234 1035 1036
f 238 1036 1037
f 1035 235 1038
f 1038 237 241
f 1064 260 1065
f 271 1065 1066
f 1066 264 1067
f 1067 266 64
f 2378 4111 117
f 275 170 177
f 276 3365 171
f 1070 114 1071
f 112 2379 4112
f 171 170 276
f 1075 279 1076
f 283 1076 1077
f 282 1077 1078
f 277 1078 1071
f 1084 1085 7608
f 5183 1085 4117
f 1088 4122 82
f 1854 311 1855
f 2417 1860 1861
f 1131 2423 1862
f 326 334 325
f 325 334 330
f 325 330 329
f 329 330 331
f 329 331 328
f 328 331 332
f 328 332 327
f 327 332 333
f 326 333 334
f 326 327 333
f 239 390 386
f 239 243 390
f 239 386 240
f 240 386 387
f 240 387 241
f 241 387 388
f 241 388 242
f 242 388 389
f 242 389 243
f 243 389 390
f 391 1187 1188
f 395 1188 1189
f 1187 392 1190
f 1190 394 137
f 2891 1911 4187
f 4997 35 34
f 1199 1198 414
f 1199 415 1200
f 417 1200 1201
f 444 445 1247
f 448 444 1248
f 1246 446 1249
f 1249 447 451
f 468 469 1278
f 472 468 1279
f 1277 470 1280
f 1280 471 328
f 266 3368 65
f 1286 1287 1198
f 412 1287 4203
f 2504 6114 102
f 421 3358 1286
f 267 64 71
f 1289 95 102
f 7 6 1288
f 2503 69 68
f 4204 2 1285
f 65 64 266
f 453 495 449
f 449 495 491
f 449 491 450
f 450 491 492
f 450 492 451
f 451 492 493
f 451 493 452
f 452 493 494
f 453 452 495
f 495 452 494
f 2893 1943 4210
f 1330 1951 1945
f 2895 2896 2897
f 1338 1960 1959
f 2900 2901 2902
f 1347 7050 1970
f 545 1970 1364
f 2903 535 2904
f 2905 533 534
f 1974 2906 2907
f 1360 3836 426
f 427 1215 3207
f 2909 2910 2911
f 524 3201 2914
f 1365 2915 2528
f 3246 1374 1998
f 1999 2925 1244
f 3247 3249 2926
f 1385 2014 5061
f 214 5061 983
f 170 275 1388
f 1388 548 1389
f 557 1389 1390
f 1390 552 1391
f 566 567 1407
f 570 566 1408
f 1406 568 1409
f 1409 569 573
f 1433 2619 2030
f 584 1431 1432
f 1432 1303 477
f 4593 4594 4595
f 1441 1440 3290
f 596 2053 2052
f 1456 576 7040
f 2067 2066 1275
f 384 2649 385
f 3918 2082 2661
f 244 7034 361
f 5979 4609 1426
f 7443 1329 1470
f 1470 509 1393
f 1471 597 600
f 597 599 600
f 601 1471 600
f 602 1471 601
f 495 4345 491
f 491 333 332
f 4341 618 619
f 4342 492 491
f 179 4343 180
f 180 4343 386
f 180 386 181
f 3357 386 390
f 181 386 3357
f 143 4346 139
f 611 4344 614
f 4344 139 614
f 141 2678 178
f 141 178 142
f 2680 178 182
f 616 494 615
f 615 494 493
f 1489 389 330
f 334 1489 330
f 330 389 388
f 330 388 1488
f 1488 388 387
f 613 617 618
f 612 613 618
f 4345 333 491
f 3355 617 613
f 1490 622 4348
f 2113 4988 2114
f 4370 291 1517
f 1517 1474 1518
f 1520 1328 1522
f 1522 411 7311
f 560 1527 1392
f 575 616 571
f 571 616 615
f 571 615 572
f 572 615 619
f 573 619 618
f 573 572 619
f 573 618 574
f 574 618 617
f 575 617 616
f 575 574 617
f 1539 639 1505
f 654 1541 1542
f 651 1548 1549
f 650 1550 2711
f 649 650 1551
f 648 1554 1555
f 647 1558 1559
f 646 1562 1563
f 645 646 1564
f 643 644 1567
f 412 1569 1570
f 1570 1580 1571
f 1571 1471 1572
f 1572 602 1573
f 2132 7052 2133
f 1580 1581 1469
f 508 1581 1582
f 1582 1583 1327
f 409 1586 2498
f 1282 4201 2136
f 6714 2137 4612
f 1598 2144 4918
f 1611 2972 2741
f 2163 4621 2980
f 4623 6670 7035
f 3447 2983 7328
f 437 2984 1245
f 2188 6410 1396
f 7443 598 2286
f 7443 2286 7508
f 661 7508 662
f 468 1636 236
f 468 472 1636
f 468 236 1503
f 1503 236 235
f 393 6645 144
f 393 144 394
f 395 4449 391
f 391 664 632
f 391 632 392
f 569 4446 570
f 471 444 4447
f 444 471 470
f 444 470 3354
f 3354 470 469
f 631 568 4365
f 2691 445 3354
f 570 2785 447
f 2691 566 446
f 566 447 446
f 2691 446 445
f 234 238 4448
f 235 146 4367
f 4367 146 145
f 237 236 1636
f 4449 395 394
f 234 4448 147
f 4446 569 639
f 631 569 568
f 639 569 631
f 4365 568 567
f 1637 1638 2710
f 1638 1639 1540
f 1639 1640 1542
f 1640 1641 1544
f 1641 1642 1546
f 1642 1643 1547
f 1549 1643 1644
f 1644 1645 2711
f 1645 1646 6378
f 1646 1647 1553
f 1647 1648 1555
f 1648 1649 1557
f 1649 1650 1559
f 1650 1651 1561
f 1651 1652 1563
f 1652 1653 1564
f 1653 1654 1566
f 1654 1655 1568
f 679 659 658
f 1656 521 1657
f 676 1667 1668
f 677 1668 1669
f 1669 528 1670
f 1671 685 686
f 1676 611 614
f 7130 7282 2989
f 6453 7234 7221
f 4953 5300 7569
f 2997 2998 4627
f 2815 4476 3003
f 695 1703 694
f 2233 4490 3013
f 6043 4023 3014
f 2248 4030 1041
f 2846 2249 4971
f 3601 2269 3028
f 461 3028 1276
f 1728 1729 337
f 336 1728 337
f 1731 1730 5518
f 1691 3035 5500
f 577 628 6356
f 3037 1498 4462
f 690 1710 4540
f 3040 1708 3041
f 687 6460 697
f 663 697 6460
f 699 688 698
f 701 4556 700
f 688 696 658
f 658 696 679
f 701 700 703
f 703 700 702
f 702 697 1754
f 705 704 698
f 698 704 699
f 687 697 700
f 700 697 702
f 696 688 704
f 704 688 699
f 711 707 710
f 708 709 710
f 707 712 706
f 707 711 712
f 708 710 707
f 725 726 714
f 726 713 714
f 725 714 715
f 725 715 724
f 724 715 716
f 723 716 717
f 724 716 723
f 723 717 718
f 723 718 729
f 729 718 719
f 729 719 52
f 52 719 720
f 728 720 721
f 52 720 728
f 727 721 722
f 728 721 727
f 727 722 713
f 726 727 713
f 721 1759 1760
f 1760 739 722
f 739 740 730
f 734 740 735
f 735 740 736
f 736 740 737
f 738 740 739
f 730 740 731
f 731 740 732
f 732 740 733
f 733 740 734
f 737 740 738
f 741 742 745
f 748 746 747
f 741 745 746
f 749 746 748
f 741 746 749
f 743 745 742
f 744 745 743
f 759 750 764
f 750 763 764
f 750 751 763
f 763 751 762
f 762 751 752
f 762 752 753
f 762 753 761
f 760 753 754
f 760 761 753
f 768 754 755
f 760 754 768
f 768 755 756
f 768 756 767
f 767 756 757
f 766 757 758
f 767 757 766
f 765 758 759
f 766 758 765
f 764 765 759
f 1761 759 1762
f 1762 755 1763
f 773 1763 1761
f 773 772 779
f 772 771 779
f 771 770 779
f 773 779 774
f 774 779 775
f 775 779 776
f 777 779 778
f 778 779 769
f 769 779 770
f 776 779 777
f 787 785 786
f 788 784 787
f 780 782 789
f 788 783 784
f 782 780 781
f 784 785 787
f 783 789 782
f 783 788 789
f 799 804 805
f 790 803 804
f 790 791 803
f 791 792 802
f 791 802 803
f 792 793 801
f 802 792 801
f 801 793 794
f 801 794 800
f 800 794 795
f 807 795 796
f 807 800 795
f 807 796 797
f 807 797 806
f 806 797 798
f 806 798 805
f 805 798 799
f 804 799 790
f 798 1767 1768
f 1768 816 1769
f 799 1769 1767
f 817 818 808
f 812 818 813
f 813 818 814
f 814 818 815
f 816 818 817
f 808 818 809
f 809 818 810
f 810 818 811
f 811 818 812
f 815 818 816
f 824 819 823
f 825 826 824
f 824 826 819
f 823 819 820
f 822 823 820
f 822 820 821
f 834 832 833
f 827 830 834
f 832 834 831
f 829 827 828
f 831 834 830
f 830 827 829
f 835 836 841
f 842 835 841
f 843 835 842
f 837 840 836
f 836 840 841
f 837 839 840
f 839 837 838
f 844 847 853
f 853 847 852
f 851 848 849
f 851 849 850
f 852 848 851
f 848 852 847
f 846 844 845
f 847 844 846
f 854 859 860
f 862 860 861
f 854 860 863
f 863 860 862
f 859 854 855
f 858 859 855
f 857 855 856
f 858 855 857
f 864 865 866
f 871 869 870
f 872 868 871
f 864 866 872
f 868 869 871
f 867 872 866
f 868 872 867
f 876 875 878
f 878 875 877
f 880 879 873
f 873 879 874
f 884 883 886
f 886 883 885
f 888 887 881
f 881 887 882
f 892 891 894
f 894 891 893
f 896 895 889
f 889 895 890
f 900 899 902
f 902 899 901
f 904 903 897
f 897 903 898
f 908 907 910
f 910 907 909
f 912 911 905
f 905 911 906
f 916 915 918
f 918 915 917
f 920 919 913
f 913 919 914
f 924 923 926
f 926 923 925
f 928 927 921
f 921 927 922
f 932 931 934
f 934 931 933
f 936 935 929
f 929 935 930
f 940 939 942
f 942 939 941
f 944 943 937
f 937 943 938
f 948 947 950
f 950 947 949
f 952 951 945
f 945 951 946
f 956 955 958
f 958 955 957
f 960 959 953
f 953 959 954
f 964 963 966
f 966 963 965
f 968 967 961
f 961 967 962
f 145 969 144
f 969 149 970
f 149 969 153
f 144 970 148
f 970 150 971
f 150 970 149
f 151 971 150
f 972 145 146
f 153 969 152
f 972 152 969
f 147 972 146
f 152 972 151
f 148 971 147
f 973 87 94
f 4098 31 976
f 31 4098 24
f 1064 58 184
f 4100 975 2329
f 4100 974 91
f 59 4101 60
f 185 4101 59
f 183 976 1201
f 976 30 977
f 1201 977 186
f 29 977 30
f 977 29 4099
f 28 4099 29
f 976 31 30
f 27 26 1810
f 2326 93 1810
f 28 27 2328
f 3360 92 974
f 92 1810 93
f 26 2326 1810
f 93 2326 94
f 25 2326 26
f 24 2327 25
f 56 63 2325
f 4097 89 88
f 57 56 4096
f 89 4097 975
f 63 62 2325
f 61 975 62
f 90 89 975
f 60 2329 61
f 162 169 2330
f 41 40 979
f 162 2330 4102
f 195 3373 125
f 979 40 47
f 125 3373 118
f 41 1811 42
f 168 1811 169
f 42 1811 2333
f 167 2333 168
f 1811 168 2333
f 166 2335 167
f 4985 43 2333
f 165 980 4106
f 164 980 165
f 197 980 1075
f 1075 980 978
f 1075 978 196
f 163 978 164
f 162 4102 163
f 122 121 2334
f 44 4105 45
f 122 2334 4104
f 45 4105 2331
f 120 2331 2334
f 119 2331 120
f 4103 47 2331
f 118 2332 119
f 3708 200 2336
f 4643 2336 1813
f 985 1813 2338
f 2337 985 1814
f 1814 986 2339
f 986 2338 1815
f 989 1815 2340
f 2339 989 1816
f 1816 990 2341
f 990 2340 1817
f 993 1817 2342
f 2341 993 1818
f 1818 994 2343
f 994 2342 1819
f 997 1819 2344
f 2343 997 1820
f 1820 998 2345
f 998 2344 1821
f 1001 1821 2346
f 2345 1001 1822
f 1822 1002 2347
f 1002 2346 1823
f 1005 1823 2348
f 2347 1005 1824
f 1824 1006 2349
f 1006 2348 1825
f 1009 1825 2350
f 1011 1826 2351
f 1014 2352 1827
f 1864 1012 2352
f 2351 215 2353
f 1827 1013 2354
f 1828 2355 2356
f 2354 1830 2357
f 2356 2358 1829
f 1830 2359 2360
f 2359 1016 2361
f 2358 2169 1831
f 1831 2362 2363
f 2361 1832 1019
f 1832 2365 2364
f 1018 2363 2366
f 2365 1021 1833
f 2366 1020 217
f 1024 1834 2367
f 3049 1024 2368
f 1027 2367 2369
f 2368 1027 1835
f 2369 219 2370
f 1836 1030 1837
f 2370 220 2371
f 1837 1031 1838
f 2371 221 2372
f 1838 1032 1839
f 2372 222 2373
f 2374 1033 2373
f 1839 1033 1840
f 1840 1034 1841
f 2374 224 3708
f 235 1035 234
f 1035 239 1036
f 239 1035 243
f 234 1036 238
f 1036 240 1037
f 240 1036 239
f 241 1037 240
f 1038 235 236
f 243 1035 242
f 1038 242 1035
f 237 1038 236
f 242 1038 241
f 238 1037 237
f 3134 245 3051
f 3066 3067 3068
f 1060 1059 3070
f 185 1064 273
f 260 1064 184
f 273 1065 272
f 1065 273 1064
f 261 1065 260
f 272 1065 271
f 1065 262 1066
f 262 1065 261
f 271 1066 270
f 263 1066 262
f 264 1066 263
f 270 1066 269
f 1067 269 1066
f 265 1067 264
f 269 1067 268
f 266 1067 265
f 268 1067 267
f 64 267 1067
f 176 175 2377
f 1068 193 192
f 115 1070 3371
f 4113 1073 2380
f 274 1070 1071
f 1071 114 1072
f 1071 1072 277
f 113 1072 114
f 112 4112 113
f 194 1074 187
f 174 1073 1074
f 188 1073 4113
f 1073 188 187
f 1073 174 173
f 1074 175 174
f 1074 1073 187
f 193 3944 194
f 1074 2377 175
f 116 2378 117
f 192 191 6368
f 117 6368 110
f 190 1842 191
f 111 110 1842
f 110 6368 1842
f 112 111 2379
f 1842 190 1069
f 1070 115 114
f 1075 196 278
f 197 1075 285
f 279 1075 278
f 285 1075 1076
f 1076 284 285
f 284 1076 283
f 1076 280 1077
f 280 1076 279
f 283 1077 282
f 1077 281 1078
f 281 1077 280
f 282 1078 277
f 1078 274 1071
f 274 1078 281
f 1082 79 86
f 7055 1083 1089
f 1084 18 1085
f 4117 18 17
f 20 4989 21
f 21 1088 22
f 81 1088 82
f 22 1088 6369
f 23 22 6369
f 1088 81 6369
f 4118 80 79
f 1844 1089 1843
f 1089 1083 6776
f 5184 85 1087
f 84 1087 85
f 83 4988 84
f 20 19 6105
f 1084 6105 19
f 18 1084 19
f 2349 1009 1845
f 1091 1845 2387
f 1090 2350 2388
f 303 2387 2389
f 1092 2388 2390
f 2389 1096 2391
f 2392 293 1846
f 2391 1099 2393
f 1101 1846 1848
f 2393 1101 1847
f 300 1847 2394
f 1102 1848 2395
f 299 2394 2396
f 1103 2395 2397
f 2396 1105 2398
f 1105 2397 2399
f 1849 1108 1850
f 2400 306 2401
f 1850 1110 1851
f 2401 307 2402
f 2403 1111 2402
f 1851 1111 1852
f 1852 1112 1853
f 2403 309 2404
f 1853 1113 4990
f 2404 310 1854
f 4990 1114 2405
f 2406 1118 320
f 1116 1855 2407
f 2406 1117 2408
f 1117 2407 2409
f 2408 1120 1856
f 2409 312 1857
f 319 1856 2410
f 1124 1857 2411
f 2410 1125 2412
f 2411 2413 1858
f 1858 2414 2415
f 2412 1859 2416
f 2415 2417 1128
f 2001 2418 317
f 2418 1861 2419
f 1860 2420 2421
f 2419 1862 2422
f 2421 1863 1131
f 316 2423 2424
f 1012 2425 1826
f 2424 1133 1864
f 1863 1132 2425
f 3077 4131 3078
f 3078 339 3079
f 3082 4136 3083
f 2446 4156 3104
f 2075 3109 3108
f 3127 356 4994
f 5870 3130 1185
f 3132 3130 1184
f 392 1187 391
f 1187 134 1188
f 134 1187 135
f 391 1188 395
f 1188 138 1189
f 138 1188 134
f 137 1189 138
f 1190 392 393
f 135 1187 1190
f 1190 136 135
f 394 1190 393
f 136 1190 137
f 395 1189 394
f 253 4644 3135
f 4648 4805 5872
f 401 4651 5535
f 4190 156 2469
f 2469 38 4190
f 155 2469 156
f 156 4190 157
f 1194 159 4189
f 35 1193 36
f 159 158 6110
f 2467 129 1913
f 129 128 1913
f 6113 161 7037
f 408 4188 1195
f 4188 7037 1194
f 133 132 1192
f 4997 34 1192
f 1198 412 413
f 421 1198 420
f 413 414 1198
f 419 420 1199
f 1198 1199 420
f 415 1199 414
f 418 419 1200
f 1199 1200 419
f 418 1200 417
f 1200 415 416
f 416 1201 1200
f 417 1201 186
f 183 1201 416
f 2398 1107 1915
f 2399 297 2471
f 1915 1202 2472
f 1202 2471 1916
f 1205 1916 2473
f 2472 1205 1917
f 1917 1206 2474
f 1206 2473 1918
f 1209 1918 2475
f 2474 1209 1919
f 1919 1210 2476
f 1210 2475 1920
f 1213 1920 2477
f 2476 1213 1921
f 1921 1214 2478
f 1214 2477 1922
f 1217 1922 2701
f 2479 1218 1923
f 1923 1219 2481
f 1219 2480 1924
f 1222 1924 2482
f 2481 1222 1925
f 1925 1223 2483
f 1223 2482 1926
f 1226 1926 2484
f 2483 1226 1927
f 1927 1227 2485
f 1227 2484 1928
f 1230 1928 2486
f 2485 1230 1929
f 1929 1231 2487
f 1231 2486 1930
f 1234 1930 2488
f 2487 1234 1931
f 1931 1235 2489
f 1235 2488 1932
f 1238 1932 2490
f 2489 1238 1933
f 1933 1239 2491
f 1239 2490 1934
f 1242 1934 2492
f 2491 1242 1935
f 1935 1243 1849
f 1243 2492 1936
f 1109 1936 2400
f 445 1246 1247
f 1246 449 1247
f 449 1246 453
f 444 1247 1248
f 1247 450 1248
f 450 1247 449
f 451 1248 450
f 1246 445 446
f 453 1246 1249
f 1249 452 453
f 447 1249 446
f 452 1249 451
f 448 1248 447
f 3149 3150 3151
f 2494 4125 3154
f 469 1277 1278
f 1277 325 1278
f 325 1277 326
f 468 1278 1279
f 1278 329 1279
f 329 1278 325
f 328 1279 329
f 1277 469 470
f 326 1277 1280
f 1280 327 326
f 471 1280 470
f 327 1280 328
f 472 1279 471
f 4203 97 2501
f 2502 4204 1285
f 1285 68 67
f 421 1286 1198
f 1286 99 1287
f 1198 1287 412
f 1287 99 98
f 98 4203 1287
f 97 4203 98
f 3358 100 1286
f 100 3358 101
f 102 6114 1289
f 5 1937 1289
f 4 1937 5
f 2501 96 3942
f 1937 96 95
f 3942 4 1284
f 6 1289 1288
f 1289 6 5
f 1289 1937 95
f 101 2504 102
f 1286 100 99
f 7 3939 8
f 2503 70 69
f 8 3939 1285
f 67 2502 1285
f 2 1 1285
f 66 2502 67
f 3165 3166 3167
f 2506 3171 3170
f 477 3171 3630
f 3172 3173 3174
f 490 2507 2509
f 1307 2508 2510
f 2509 1309 2511
f 1309 2510 2512
f 2514 483 1313
f 2511 1311 2513
f 2513 1314 1938
f 2515 1320 2517
f 1320 2516 2518
f 2517 1323 2479
f 1323 2518 1940
f 1218 1940 2480
f 496 4675 3175
f 4652 4821 5892
f 455 4649 5549
f 508 1327 3177
f 1329 1326 509
f 2519 511 1330
f 2520 510 2519
f 7323 1331 1946
f 3179 1946 1947
f 3179 1947 3180
f 3180 1948 1950
f 299 1945 1951
f 300 1951 1952
f 2525 1333 2524
f 2525 513 2527
f 1953 1333 1334
f 2527 514 1955
f 3182 3183 2894
f 3187 1336 3821
f 2532 4653 1958
f 4212 3188 2533
f 1316 2532 1959
f 2534 1337 2533
f 2534 517 2535
f 1960 1339 1961
f 1961 1339 2535
f 489 1961 490
f 519 2536 518
f 2536 519 2537
f 2537 520 2538
f 1963 1341 1964
f 547 1964 1965
f 1965 1343 3823
f 3192 3193 3194
f 2549 6493 2553
f 525 3200 3201
f 526 4233 6589
f 3207 3208 4211
f 3211 3212 3213
f 1366 4654 4655
f 4656 4657 4658
f 3228 5050 4664
f 4665 4666 5026
f 1228 441 4669
f 2574 1993 5580
f 4263 2575 2576
f 3245 1999 1375
f 1377 2563 2000
f 2568 2578 2357
f 2357 2578 233
f 2003 2002 2422
f 2578 2579 233
f 1377 2000 1134
f 1014 1377 1134
f 1379 3249 3247
f 2582 2583 2007
f 2587 2586 6374
f 2588 6857 7113
f 2010 2590 2012
f 1385 1384 1387
f 1386 2592 2595
f 2595 226 2596
f 199 1387 225
f 226 225 2596
f 276 1388 559
f 1388 276 170
f 548 1388 275
f 559 1388 558
f 1389 558 1388
f 549 1389 548
f 558 1389 557
f 1389 550 1390
f 550 1389 549
f 551 1390 550
f 557 1390 556
f 552 1390 551
f 556 1390 555
f 1391 555 1390
f 553 1391 552
f 555 1391 554
f 195 1391 553
f 554 1391 198
f 2597 1394 2015
f 2015 1395 2598
f 1395 2095 2016
f 1397 2016 2599
f 2598 1397 2017
f 2017 1398 2600
f 1398 2599 2018
f 1400 2018 2601
f 2600 1400 2019
f 2019 1401 2602
f 1401 2601 2020
f 1403 2020 2603
f 2602 1403 2021
f 2021 1404 2604
f 481 2604 2507
f 1404 2603 2022
f 1306 2022 2508
f 567 1406 1407
f 1406 571 1407
f 571 1406 575
f 566 1407 1408
f 1407 572 1408
f 572 1407 571
f 573 1408 572
f 1406 567 568
f 575 1406 1409
f 1409 574 575
f 569 1409 568
f 574 1409 573
f 570 1408 569
f 7060 2023 3262
f 2611 2026 2086
f 2608 2609 5598
f 3277 4286 4291
f 1429 3884 3279
f 2614 2613 2027
f 2615 5071 4294
f 1432 7428 2029
f 2030 2617 1431
f 1431 2617 7428
f 477 584 1432
f 584 585 1431
f 1436 2621 2620
f 1436 5929 2621
f 4679 4680 5601
f 4681 4682 4683
f 4687 4688 7165
f 1456 7310 2051
f 1455 596 2639
f 2641 4700 4699
f 7063 2067 2646
f 2648 3319 2649
f 385 1459 335
f 383 2649 384
f 4701 2085 4702
f 2069 2947 2652
f 7084 3325 3323
f 1172 3322 4328
f 3328 1463 4332
f 6554 1463 2081
f 364 363 2657
f 1040 2082 244
f 7034 1465 361
f 5971 3330 1466
f 4310 4335 4708
f 1445 4709 4710
f 4711 4712 4713
f 599 597 1469
f 1469 508 7443
f 7443 508 1329
f 1470 1329 509
f 598 1470 561
f 1393 561 1470
f 1473 1472 602
f 1476 2088 2668
f 2669 1476 2089
f 1478 2668 4714
f 2670 1480 2671
f 1482 2090 2672
f 538 7434 7435
f 7435 1483 2091
f 2091 1484 2092
f 2675 1485 2674
f 2092 1485 2093
f 2093 1486 2094
f 2675 610 2676
f 2095 1487 2676
f 2094 1487 2597
f 615 493 2677
f 4341 619 2677
f 1488 331 330
f 4343 179 2678
f 495 494 2679
f 495 2679 4345
f 142 2680 4346
f 389 1489 390
f 621 1490 620
f 4348 620 1490
f 3933 3349 3350
f 1489 4366 3357
f 2503 2694 1508
f 559 1509 276
f 267 1509 268
f 1510 2695 2696
f 2118 289 2111
f 2695 1511 2697
f 2697 1512 2112
f 2111 289 3073
f 1513 2385 1514
f 271 1513 272
f 1514 272 1513
f 273 1515 6440
f 1514 1515 272
f 186 4370 417
f 1517 417 4370
f 418 1517 1518
f 1517 291 1474
f 1518 1474 560
f 417 1517 418
f 420 419 2115
f 1518 419 418
f 561 2115 1392
f 1519 561 1393
f 420 2115 1521
f 1519 1393 1520
f 1521 1519 282
f 282 1519 283
f 1520 284 283
f 284 1520 1522
f 285 284 1522
f 1520 509 1328
f 1522 1328 411
f 285 4371 197
f 4371 285 1522
f 3363 2467 4192
f 198 3363 7525
f 554 7525 1523
f 555 1523 2117
f 1523 555 554
f 1283 1524 4715
f 1523 2500 2117
f 289 2118 3161
f 2700 1510 2696
f 420 1521 421
f 277 1521 282
f 603 1527 560
f 1527 598 1392
f 561 1392 598
f 2478 1217 2120
f 2701 6442 2702
f 2120 1528 2121
f 2703 1529 2702
f 2121 1529 2122
f 2703 634 2704
f 2122 1530 2123
f 2125 1531 2704
f 2123 1531 2124
f 2705 533 2124
f 1532 2125 2126
f 1533 2126 2128
f 2705 1533 2127
f 534 2127 2706
f 1534 2128 2707
f 2706 1536 2708
f 1536 2707 2709
f 2708 1538 2129
f 2709 604 2088
f 2129 1477 2669
f 612 1539 613
f 1505 613 1539
f 631 1505 639
f 2710 640 641
f 7427 1542 1541
f 1542 7427 1540
f 654 1542 1544
f 654 1544 1543
f 1543 1546 1545
f 653 1545 1547
f 652 653 642
f 652 642 1548
f 1549 1548 642
f 651 1549 2711
f 651 2711 1550
f 1551 650 6378
f 649 1553 1552
f 1552 1555 1554
f 1555 1552 1553
f 648 1555 1557
f 648 1557 1556
f 1559 1558 3366
f 647 1561 1560
f 1563 1562 3367
f 645 1566 1565
f 1566 645 1564
f 1565 1566 1568
f 1565 1568 1567
f 643 1567 1568
f 1570 274 281
f 274 1570 1569
f 412 1570 413
f 413 1570 1571
f 1570 281 1580
f 1571 1580 597
f 413 1571 414
f 414 1571 1572
f 1571 597 1471
f 1572 1471 602
f 414 1572 415
f 415 1573 416
f 1573 415 1572
f 416 1573 1574
f 1573 602 1472
f 416 1574 183
f 184 2131 260
f 260 2131 6444
f 7436 263 2713
f 7436 1576 2714
f 2714 1576 2134
f 275 1578 548
f 2377 5982 1579
f 265 1578 266
f 280 1580 281
f 597 1580 1469
f 1580 280 1581
f 1469 1581 508
f 279 1581 280
f 1581 279 1582
f 278 1582 279
f 508 1582 1327
f 1582 278 1583
f 1327 1583 408
f 1583 278 196
f 979 3946 3372
f 6113 6646 2470
f 1585 553 1586
f 553 1585 195
f 552 1587 1586
f 553 552 1586
f 1587 552 551
f 2136 2717 2716
f 3158 2716 2495
f 1577 2717 2134
f 2144 425 1216
f 1597 2728 4721
f 3390 2143 2145
f 2731 2146 4386
f 3389 3391 3392
f 3393 1208 3394
f 2734 2147 2733
f 3410 7313 4399
f 2742 2155 5220
f 1612 3969 4730
f 4731 4732 4733
f 6730 4734 7277
f 4738 1615 5273
f 3432 2980 3433
f 6275 2168 1010
f 1132 6275 1010
f 7071 3449 3450
f 220 219 6385
f 223 1623 224
f 2766 2769 2767
f 1625 3453 3455
f 307 306 2769
f 305 1626 306
f 3467 1603 3468
f 4752 5742 3469
f 5739 6020 4753
f 4755 4437 4625
f 7087 3475 3477
f 3479 2781 3987
f 2781 3479 2188
f 609 2783 610
f 660 7443 661
f 7508 663 662
f 448 447 2785
f 448 2785 4447
f 144 2786 394
f 566 2691 567
f 234 146 235
f 144 148 2786
f 641 1637 2710
f 1637 665 1638
f 1638 665 1639
f 666 1639 665
f 1540 1639 1542
f 1639 666 1640
f 1542 1640 1544
f 667 1640 666
f 1640 667 1641
f 668 1641 667
f 1544 1641 1546
f 1641 668 1642
f 1546 1642 1547
f 669 1642 668
f 1642 669 1643
f 1547 1643 642
f 670 1644 669
f 642 1643 1549
f 1644 670 1645
f 671 1645 670
f 1645 671 1646
f 672 1646 671
f 1646 672 1647
f 673 1647 672
f 1647 673 1648
f 1555 1648 1557
f 674 1648 673
f 1648 674 1649
f 675 1649 674
f 1557 1649 3366
f 1649 675 1650
f 676 1650 675
f 1650 676 1651
f 1561 1651 3367
f 1651 676 1652
f 677 1652 676
f 1652 677 1653
f 678 1653 677
f 1564 1653 1566
f 1653 678 1654
f 1566 1654 1568
f 1654 678 1655
f 1568 1655 643
f 680 681 2987
f 521 1656 522
f 665 1657 666
f 1657 665 1656
f 1657 521 520
f 520 1658 1657
f 519 1659 1658
f 518 1660 1659
f 517 1661 1660
f 516 1662 1661
f 515 1663 1662
f 514 1664 1663
f 513 1665 1664
f 512 1666 1665
f 511 1667 1666
f 510 1668 1667
f 676 1668 677
f 1668 510 1669
f 528 1669 510
f 677 1669 678
f 1670 678 1669
f 527 1670 528
f 686 678 1671
f 1671 678 1670
f 1670 527 2787
f 526 1672 2787
f 525 1673 1672
f 2985 1673 2986
f 524 1674 1673
f 2986 1674 3480
f 523 1675 1674
f 522 1656 1675
f 664 1506 632
f 1506 664 1676
f 614 1506 1676
f 6025 4760 6387
f 7026 4458 3487
f 2791 7072 3488
f 2199 2798 2198
f 3499 2798 7330
f 580 4767 2802
f 1685 2197 2202
f 1686 2202 2803
f 2802 1686 2804
f 1687 2803 1543
f 2806 497 2805
f 1688 498 2806
f 1688 2204 2205
f 2808 499 2807
f 1548 2206 652
f 2808 1690 2809
f 501 500 2809
f 1690 7568 3502
f 4470 3502 3503
f 3506 5752 3507
f 2217 2816 6299
f 2220 6418 6391
f 3524 5766 2214
f 399 2822 2823
f 2823 1696 1697
f 400 2823 2824
f 1699 1698 2221
f 1699 2221 2223
f 2825 1699 2222
f 2826 645 5338
f 2832 3535 4483
f 691 4485 3538
f 3537 5770 5771
f 1708 6306 3013
f 6528 2834 6393
f 1703 695 2831
f 1711 3014 3547
f 3553 4779 6700
f 5512 3554 3555
f 3555 3561 3562
f 360 1715 245
f 1716 3564 7452
f 3569 5355 3571
f 3573 7127 4507
f 3583 2437 4515
f 1723 3586 3587
f 2856 6339 2855
f 3589 344 6340
f 3593 4785 4784
f 1725 4786 3597
f 3599 3596 4787
f 1727 1725 2268
f 2267 3601 3028
f 340 339 2861
f 1729 338 337
f 639 4791 4770
f 1732 3033 3608
f 6031 3610 4792
f 628 627 1734
f 626 5402 627
f 1682 3611 3612
f 2284 2797 2285
f 4793 1737 6697
f 2784 2286 4080
f 1527 603 3634
f 689 657 1710
f 4540 1710 657
f 4060 2690 3620
f 588 3622 3623
f 1740 4062 3039
f 2298 2992 4081
f 4556 687 700
f 702 1754 703
f 2878 1756 2877
f 2880 4796 2877
f 722 1759 713
f 730 1759 739
f 731 1759 730
f 713 1759 714
f 732 1759 731
f 714 1759 715
f 733 1759 732
f 715 1759 716
f 734 1759 733
f 716 1759 717
f 735 1759 734
f 717 1759 718
f 736 1759 735
f 718 1759 719
f 737 1759 736
f 719 1759 720
f 738 1759 737
f 720 1759 721
f 1759 738 1760
f 739 1760 738
f 721 1760 722
f 759 1761 750
f 769 1761 778
f 770 1761 769
f 750 1761 751
f 771 1761 770
f 751 1761 752
f 772 1761 771
f 752 1761 753
f 773 1761 772
f 753 1761 754
f 754 1761 755
f 774 1763 773
f 1762 778 1761
f 758 1762 759
f 778 1762 777
f 757 1762 758
f 777 1762 776
f 756 1762 757
f 776 1762 775
f 755 1762 756
f 775 1762 1763
f 1763 774 775
f 1763 755 1761
f 7320 1765 2881
f 2304 1765 6463
f 7320 800 2882
f 2881 1766 2882
f 2303 1766 2304
f 799 1767 790
f 808 1767 817
f 809 1767 808
f 790 1767 791
f 791 1767 792
f 810 1767 809
f 792 1767 793
f 811 1767 810
f 793 1767 794
f 812 1767 811
f 794 1767 795
f 813 1767 812
f 795 1767 796
f 814 1767 813
f 796 1767 797
f 815 1767 814
f 797 1767 798
f 816 1767 815
f 1767 816 1768
f 798 1768 799
f 1769 799 1768
f 1769 817 1767
f 817 1769 816
f 7551 826 825
f 7559 1771 7551
f 2307 1773 7429
f 7499 871 2884
f 3637 5811 3640
f 3640 5813 4084
f 3643 5815 3646
f 3646 5817 4085
f 3649 5819 3652
f 3652 5821 4086
f 3655 5823 3658
f 3658 5825 4087
f 3661 5827 3664
f 3664 5829 4088
f 3667 5831 3670
f 3670 5833 4089
f 3673 5835 3676
f 3676 5837 4090
f 3679 5839 3682
f 3682 5841 4091
f 3685 5843 3688
f 3688 5845 4092
f 3691 5847 3694
f 3694 5849 4093
f 3697 5851 3700
f 3700 5853 4094
f 3703 5855 5857
f 3706 5857 4095
f 32 33 47
f 118 119 126
f 2325 975 4097
f 979 3372 41
f 2333 167 2335
f 4105 44 981
f 982 4643 1812
f 985 986 1814
f 986 1815 989
f 989 990 1816
f 990 1817 993
f 993 994 1818
f 994 1819 997
f 997 998 1820
f 998 1821 1001
f 1001 1002 1822
f 1002 1823 1005
f 1005 1006 1824
f 1006 1825 1009
f 1012 1826 1011
f 1827 1011 1013
f 2353 2170 1828
f 1013 1828 1015
f 1015 1829 1830
f 1829 1016 2359
f 1016 1831 1017
f 1832 1017 1018
f 1018 2366 1021
f 1833 1021 1022
f 1022 1834 1024
f 1024 2367 1027
f 1835 1027 1028
f 1835 1028 1836
f 1030 1836 1028
f 1031 1837 1030
f 1032 1838 1031
f 1033 1839 1032
f 1034 1840 1033
f 3717 3718 7045
f 3721 3722 3059
f 3729 3730 3066
f 1068 3944 193
f 2383 3071 1079
f 3736 7512 2385
f 6776 4120 1089
f 85 5184 86
f 1089 1844 7055
f 1009 1090 1845
f 1090 1092 2387
f 1092 2390 1095
f 1095 1096 2389
f 1096 1099 2391
f 1099 1846 1101
f 1101 1102 1847
f 1102 1103 2394
f 1103 1105 2396
f 1105 2399 1107
f 1108 1849 1109
f 1110 1850 1108
f 1111 1851 1110
f 1112 1852 1111
f 1113 1853 1112
f 1114 4990 1113
f 1855 1114 1854
f 1114 1855 1116
f 2406 1116 1117
f 1117 2409 1120
f 1856 1120 1121
f 1121 1857 1124
f 2410 1124 1125
f 1125 1858 1127
f 1127 1128 1859
f 1128 2417 1861
f 2417 1129 1860
f 1861 1860 1130
f 1130 1131 1862
f 1862 2423 2003
f 1131 1863 1133
f 1864 1133 1012
f 5522 1866 5521
f 2434 3093 3095
f 3094 1873 4151
f 1874 3095 3097
f 3738 1876 4154
f 1879 2886 3740
f 3742 1882 4158
f 1884 2887 3744
f 3746 1887 4160
f 1889 2888 3748
f 3750 1892 4164
f 1894 2889 3752
f 3114 1896 3116
f 1897 3117 3754
f 2463 3122 3755
f 3123 2464 4173
f 3757 3125 1177
f 4802 1902 5529
f 1185 3758 3131
f 2466 3734 3735
f 3138 3765 1912
f 4807 6109 1911
f 155 154 2470
f 1193 4191 36
f 127 126 2468
f 1196 1192 33
f 7530 1197 1914
f 5188 4998 1197
f 1107 1202 1915
f 1202 1916 1205
f 1205 1206 1917
f 1206 1918 1209
f 1209 1210 1919
f 1210 1920 1213
f 1213 1214 1921
f 1214 1922 1217
f 1218 1219 1923
f 1219 1924 1222
f 1222 1223 1925
f 1223 1926 1226
f 1226 1227 1927
f 1227 1928 1230
f 1230 1231 1929
f 1231 1930 1234
f 1234 1235 1931
f 1235 1932 1238
f 1238 1239 1933
f 1239 1934 1242
f 1242 1243 1935
f 1243 1936 1109
f 3780 3781 7049
f 3784 3785 3149
f 2494 3790 3791
f 3158 2496 3159
f 2500 3160 3162
f 3942 1937 4
f 3766 6535 1912
f 3794 3795 3796
f 3799 3800 3165
f 3803 3804 3168
f 3805 4817 4818
f 2506 3806 3807
f 3808 3809 3172
f 1306 1307 2507
f 1307 1309 2509
f 1309 2512 1311
f 1311 2514 1314
f 1314 1315 1938
f 1320 1323 2517
f 1323 1940 1218
f 3815 3817 1944
f 4823 6115 1943
f 1944 3767 3768
f 5875 1944 3817
f 1330 1945 2519
f 2519 1945 1331
f 7323 1946 3179
f 1333 1953 1952
f 301 5550 302
f 5550 301 1953
f 5550 1954 302
f 2526 2897 1335
f 3819 3820 2895
f 2896 3821 3822
f 1958 4653 1337
f 1312 1959 1960
f 1960 1338 1339
f 481 1962 1340
f 1340 1341 1963
f 2540 1964 1341
f 547 1965 1344
f 2898 1965 3823
f 7324 3823 1343
f 7092 2902 3824
f 3825 3826 2900
f 2901 3827 2899
f 1347 1969 7050
f 1969 1348 1350
f 1970 7050 1364
f 1350 7050 1969
f 3828 1975 3202
f 3829 3830 3202
f 1351 3202 3830
f 4239 3831 3199
f 3206 1973 3832
f 1355 3832 3833
f 3207 1215 3836
f 3210 1978 3837
f 3838 3839 2909
f 2910 3840 2908
f 1354 3831 4239
f 3841 3842 4826
f 544 1364 7050
f 4836 4837 4838
f 1988 3857 3858
f 3860 3237 4840
f 4841 4842 4843
f 1374 1997 1998
f 1998 438 2925
f 1371 2563 1377
f 2001 317 1989
f 2011 5590 3258
f 2009 1382 1383
f 3260 1382 3259
f 1385 1383 1384
f 2593 1385 5061
f 1385 1387 2014
f 2014 1387 199
f 199 983 2014
f 1394 1395 2015
f 1395 2016 1397
f 1397 1398 2017
f 1398 2018 1400
f 1400 1401 2019
f 1401 2020 1403
f 1403 1404 2021
f 1404 2022 1306
f 2023 2605 3866
f 3262 2023 3867
f 1413 3869 3870
f 3873 3874 3263
f 3270 3880 4852
f 3882 3883 4287
f 2928 4854 3275
f 1427 5071 2615
f 2617 1429 7428
f 478 2028 4294
f 4857 4858 4859
f 4860 4861 4862
f 4863 4864 4865
f 2035 3893 4685
f 1442 3894 3290
f 4874 4875 6400
f 4880 6828 7318
f 3314 1453 2639
f 2051 2052 1456
f 1455 2639 2638
f 596 2052 2639
f 2053 576 1456
f 1456 2052 2053
f 6471 4892 4893
f 4896 3317 2059
f 3319 2646 1459
f 1275 335 2067
f 1448 3913 2069
f 7062 3914 2947
f 4898 1448 4899
f 1462 4902 4903
f 3918 2661 3329
f 3919 1046 3920
f 2952 2078 3330
f 6554 2081 2082
f 244 2082 7034
f 2082 2081 7034
f 1049 5163 6437
f 2660 6402 4904
f 4907 1445 4908
f 1477 2088 1476
f 2089 1476 1478
f 1478 4714 1480
f 1480 2090 7515
f 1484 2091 1483
f 1485 2092 1484
f 1486 2093 1485
f 1487 2094 1486
f 1487 2095 1394
f 4342 491 332
f 1488 4342 331
f 141 140 4344
f 181 3357 182
f 178 2680 142
f 3927 2097 3341
f 2098 3342 3343
f 3348 3347 3932
f 3349 2104 3347
f 2956 7584 4360
f 3938 2503 3939
f 1514 288 6104
f 1516 2328 3940
f 2114 974 2113
f 1392 1518 560
f 1519 2115 561
f 3363 198 4104
f 1524 2499 1525
f 1525 2119 1510
f 2119 1525 2118
f 1528 2120 1217
f 1529 2121 1528
f 1530 2122 1529
f 1531 2123 1530
f 1532 2124 1531
f 1532 2126 1533
f 2127 1533 1534
f 2706 1534 1536
f 1536 2709 1538
f 2129 1538 1477
f 2960 2501 3942
f 4096 2130 3943
f 2131 7576 6444
f 1575 2132 2133
f 2134 1576 1577
f 3944 1068 3945
f 1584 6646 2330
f 2498 1586 1587
f 3949 3378 6405
f 3378 3949 3380
f 2144 1596 425
f 2143 4918 2144
f 1597 1596 1598
f 3399 5995 4921
f 2968 4923 4922
f 7097 3963 1604
f 7085 7360 5689
f 5692 3406 5219
f 3965 3408 1608
f 3409 1609 2971
f 1609 3967 3968
f 4926 7098 4927
f 4931 4932 4933
f 4934 4935 4936
f 2978 6834 5492
f 1115 6409 4943
f 2362 2167 216
f 2171 6667 4945
f 3446 3441 2756
f 3448 4748 4946
f 1621 2172 2759
f 2765 3985 1623
f 1623 2174 200
f 984 200 2174
f 2175 1624 1626
f 2175 2984 1625
f 2175 1626 305
f 305 1245 2175
f 3455 2768 3456
f 1628 2176 3457
f 3457 2177 3458
f 3459 2178 3460
f 3468 4947 3986
f 2783 2781 1635
f 1635 2188 6411
f 393 392 2692
f 4446 2785 570
f 147 146 234
f 4365 567 2691
f 445 444 3354
f 468 7041 469
f 7282 3485 2989
f 7269 927 6770
f 6767 3990 3996
f 3497 2796 3498
f 4465 2197 2799
f 2199 2198 1684
f 1685 2202 1686
f 2804 1686 1687
f 6391 3522 6301
f 1695 4491 4014
f 2822 6418 1696
f 2825 1698 1699
f 1699 1700 2222
f 1702 2827 3529
f 3528 6303 3530
f 2227 2228 4018
f 4019 5769 4020
f 3539 4022 2231
f 2232 4022 3541
f 5506 3015 4023
f 4026 4966 4965
f 7161 4027 4967
f 2247 4031 4030
f 246 4030 4031
f 6457 1714 1715
f 1041 245 2248
f 2251 4036 4037
f 3587 2264 6339
f 4047 5515 4976
f 5517 4050 3601
f 1727 2268 2269
f 2268 3597 1729
f 3028 2269 1276
f 1729 1728 2268
f 1276 2269 1728
f 6531 1730 3606
f 5518 4052 1731
f 3034 1731 4052
f 6356 628 1734
f 2281 3036 6580
f 4537 2283 3611
f 4056 3613 6575
f 1738 2286 598
f 1740 2867 4057
f 1743 1742 4057
f 4061 1746 4547
f 4062 1741 4980
f 2870 4064 4066
f 4982 3625 2290
f 4068 4067 4551
f 4078 1753 1678
f 1753 4078 2293
f 1679 7240 6461
f 1755 3632 2297
f 1757 2300 1756
f 6395 2301 2300
f 1758 2302 6395
f 1756 2300 1758
f 1766 2303 1764
f 1771 7598 1770
f 1770 2305 1772
f 2308 4084 6080
f 1776 6081 3641
f 2309 4085 6082
f 1779 6083 3647
f 2310 4086 6084
f 1782 6085 3653
f 2311 4087 6086
f 1785 6087 3659
f 2312 4088 6088
f 1788 6089 3665
f 2313 4089 6090
f 1791 6091 3671
f 2314 4090 6092
f 1794 6093 3677
f 2316 4091 6094
f 1797 6095 3683
f 2318 4092 6096
f 1800 6097 3689
f 2320 4093 6098
f 1803 6099 3695
f 2322 4094 6100
f 1806 6101 3701
f 2324 4095 6102
f 1809 6103 3707
f 158 166 157
f 4098 2327 24
f 2326 4582 94
f 2328 1810 3360
f 4101 2329 60
f 91 90 4100
f 27 1810 2328
f 92 91 974
f 2325 62 975
f 88 87 4097
f 57 4096 184
f 2330 1811 3372
f 978 4102 196
f 4102 978 163
f 2330 169 1811
f 47 4103 979
f 3373 2332 118
f 2331 47 46
f 43 42 2333
f 166 165 4106
f 197 4106 980
f 121 120 2334
f 2331 4105 2334
f 45 2331 46
f 123 4104 198
f 4104 123 122
f 981 43 4985
f 43 981 44
f 199 1812 983
f 1812 199 1841
f 2336 982 3708
f 983 2337 214
f 2337 983 1812
f 2336 984 1813
f 984 2336 200
f 1813 201 2338
f 201 1813 984
f 214 1814 987
f 1814 214 2337
f 985 2338 986
f 987 2339 213
f 2339 987 1814
f 989 2339 986
f 2338 988 1815
f 988 2338 201
f 1815 202 2340
f 202 1815 988
f 213 1816 991
f 1816 213 2339
f 989 2340 990
f 991 2341 212
f 2341 991 1816
f 993 2341 990
f 2340 992 1817
f 992 2340 202
f 1817 203 2342
f 203 1817 992
f 212 1818 995
f 1818 212 2341
f 993 2342 994
f 995 2343 211
f 2343 995 1818
f 997 2343 994
f 2342 996 1819
f 996 2342 203
f 1819 204 2344
f 204 1819 996
f 211 1820 999
f 1820 211 2343
f 997 2344 998
f 999 2345 210
f 2345 999 1820
f 1001 2345 998
f 2344 1000 1821
f 1000 2344 204
f 1821 205 2346
f 205 1821 1000
f 210 1822 1003
f 1822 210 2345
f 1001 2346 1002
f 1003 2347 209
f 2347 1003 1822
f 1005 2347 1002
f 2346 1004 1823
f 1004 2346 205
f 1823 206 2348
f 206 1823 1004
f 209 1824 1007
f 1824 209 2347
f 1005 2348 1006
f 1007 2349 208
f 2349 1007 1824
f 1009 2349 1006
f 2348 1008 1825
f 1008 2348 206
f 1825 207 2350
f 207 1825 1008
f 1010 2351 1826
f 2351 1010 215
f 1012 1011 2352
f 1827 2352 1011
f 1134 2352 1014
f 2352 1134 1864
f 1011 2351 1013
f 2353 1013 2351
f 1014 1827 233
f 233 1827 2354
f 2354 1013 1015
f 2353 215 2170
f 1015 1828 2356
f 1828 2170 2355
f 233 2354 2357
f 2354 1015 1830
f 1015 2356 1829
f 2356 2355 2358
f 1829 2358 1016
f 2357 1830 2360
f 1830 1829 2359
f 2360 2359 232
f 232 2359 2361
f 2361 1016 1017
f 1016 2358 1831
f 1831 2169 7321
f 1017 1831 2363
f 2363 2362 216
f 2361 1017 1832
f 232 2361 1019
f 1017 2363 1018
f 1019 1832 2364
f 1832 1018 2365
f 2364 2365 1023
f 1021 2365 1018
f 2363 216 2366
f 1020 2366 216
f 1833 1023 2365
f 1021 2366 1022
f 1834 1022 2366
f 1023 1833 231
f 1833 1022 3049
f 1024 3049 1022
f 218 1834 217
f 1834 218 2367
f 231 1833 3049
f 1025 3049 2368
f 1027 2368 1024
f 2367 218 1026
f 1026 2369 2367
f 219 2369 1026
f 1025 2368 1029
f 1835 1029 2368
f 1027 2369 1028
f 1029 1835 230
f 1028 2370 1030
f 2370 1028 2369
f 220 2370 219
f 230 1836 229
f 1837 229 1836
f 1030 2371 1031
f 2371 1030 2370
f 221 2371 220
f 229 1837 228
f 1838 228 1837
f 1031 2372 1032
f 2372 1031 2371
f 222 2372 221
f 228 1838 227
f 1839 227 1838
f 2373 1032 2372
f 227 1839 226
f 1032 2373 1033
f 223 2373 222
f 2373 223 2374
f 1840 226 1839
f 1033 2374 1034
f 224 2374 223
f 226 1840 225
f 1841 225 1840
f 3708 1034 2374
f 200 3708 224
f 225 1841 199
f 982 1841 1034
f 3715 3712 3711
f 3718 6966 3714
f 3722 6967 3717
f 3726 6968 3721
f 3060 1048 4108
f 3730 6969 3725
f 1060 3731 3729
f 3067 1055 4109
f 6583 1059 3068
f 4184 2376 3733
f 275 177 4110
f 2377 1074 3944
f 1068 192 4111
f 2378 116 3371
f 115 3371 116
f 6368 4111 192
f 277 1072 4112
f 2379 111 3941
f 1069 189 4113
f 188 4113 189
f 2380 173 172
f 2380 172 3365
f 177 176 4110
f 111 1842 3941
f 190 189 1069
f 4114 286 2381
f 4115 2382 3736
f 4114 2383 2384
f 4116 2383 1079
f 288 7512 1081
f 5668 6369 4118
f 5184 49 4119
f 5184 1087 49
f 1083 5185 55
f 4987 6776 53
f 7056 4121 51
f 7056 50 1087
f 1086 4123 7608
f 6105 4989 20
f 7056 84 4988
f 4123 6105 1084
f 1088 21 4989
f 5668 2386 23
f 287 1844 1081
f 1081 1843 288
f 1843 1081 1844
f 53 6776 54
f 54 6776 1083
f 55 54 1083
f 208 1845 1091
f 1845 208 2349
f 1009 2350 1090
f 1845 1090 2387
f 2350 292 2388
f 292 2350 207
f 1091 2387 1093
f 1090 2388 1092
f 1093 2387 303
f 2387 1095 2389
f 1095 2387 1092
f 2388 1094 2390
f 1094 2388 292
f 1098 2390 1094
f 303 2389 1097
f 1095 2392 1096
f 2392 1095 2390
f 1097 2391 302
f 2391 1097 2389
f 1098 2392 2390
f 293 2392 1098
f 1096 1846 1099
f 1846 1096 2392
f 302 2393 301
f 2393 302 2391
f 1101 2393 1099
f 1100 1846 293
f 1846 294 1848
f 294 1846 1100
f 301 1847 4124
f 1847 301 2393
f 1101 1848 1102
f 1847 1102 2394
f 295 1848 294
f 1848 295 2395
f 1102 2395 1103
f 300 2394 299
f 2394 1103 2396
f 1104 2395 295
f 1104 2397 2395
f 299 2396 1106
f 1103 2397 1105
f 1106 2398 298
f 2398 1106 2396
f 1107 2398 1105
f 2397 296 2399
f 297 2399 296
f 1109 2400 1108
f 306 2400 305
f 304 1849 1850
f 1850 324 304
f 1108 2401 1110
f 2401 1108 2400
f 307 2401 306
f 1851 324 1850
f 2402 1110 2401
f 1110 2402 1111
f 308 2402 307
f 2402 308 2403
f 1852 323 1851
f 1111 2403 1112
f 309 2403 308
f 323 1852 322
f 1853 322 1852
f 1112 2404 1113
f 2404 1112 2403
f 310 2404 309
f 322 1853 321
f 4990 321 1853
f 1113 1854 1114
f 1854 1113 2404
f 311 1854 310
f 2405 320 4990
f 2405 1114 1116
f 1116 2406 2405
f 1115 1855 311
f 1855 1115 2407
f 1119 2407 1115
f 320 2405 2406
f 1116 2407 1117
f 2408 1118 2406
f 1120 2408 1117
f 1119 2409 2407
f 312 2409 1119
f 1118 2408 1122
f 1856 1122 2408
f 1120 2409 1121
f 1857 1121 2409
f 1122 1856 319
f 1856 1121 2410
f 1124 2410 1121
f 1123 1857 312
f 1857 1123 2411
f 313 2411 1123
f 319 2410 1126
f 1124 2411 1125
f 1126 2410 318
f 2412 318 2410
f 1127 2412 1125
f 1125 2411 1858
f 2411 313 2413
f 1858 2413 2414
f 1127 1858 2415
f 2415 2414 314
f 318 2412 2416
f 2412 1127 1859
f 1127 2415 1128
f 2415 314 2417
f 2416 1859 2001
f 1859 1128 2418
f 2001 1859 2418
f 317 2418 2419
f 2418 1128 1861
f 2419 1861 1130
f 2417 314 1129
f 1130 1860 2421
f 1860 1129 2420
f 2421 2420 315
f 317 2419 2422
f 2419 1130 1862
f 2422 1862 2003
f 1130 2421 1131
f 2421 315 1863
f 2003 2423 316
f 2423 1131 2424
f 1133 2424 1131
f 1132 1863 315
f 2425 1010 1826
f 1010 2425 1132
f 316 2424 1134
f 1864 1134 2424
f 1133 2425 1012
f 2425 1133 1863
f 4125 4128 4126
f 4815 2426 1135
f 4128 4129 1865
f 1865 4129 3076
f 4130 1865 4132
f 4132 1866 4133
f 4133 1867 4134
f 3082 3083 3080
f 4134 1868 4135
f 4135 1869 4137
f 2885 3089 4138
f 4136 4138 3086
f 4139 2427 3087
f 4139 379 4137
f 4141 2427 4140
f 2885 1141 4142
f 4143 1144 3087
f 4141 1142 4144
f 3737 2430 4144
f 4145 1871 4142
f 4143 2430 4146
f 3090 2431 3092
f 4146 1872 3091
f 3093 2432 3737
f 4149 2433 4147
f 4148 1148 3091
f 3092 2433 3094
f 4149 1149 3096
f 4148 2434 4150
f 4150 1874 4152
f 2436 3097 4153
f 1151 4151 3738
f 2435 3096 3098
f 1875 3098 3739
f 1876 3739 4155
f 4152 2436 3099
f 4153 1877 2886
f 3099 1880 3741
f 4154 2439 3100
f 4155 348 3103
f 3741 1879 3101
f 373 3101 4156
f 2441 3740 3102
f 2442 3102 4157
f 1154 3100 3742
f 2445 7322 4159
f 4157 1157 2887
f 3104 1885 3745
f 4158 2445 3105
f 4159 349 3107
f 1163 3108 3749
f 2448 3744 3106
f 1890 3106 2888
f 1158 3105 3746
f 1886 3107 3747
f 1887 3747 4161
f 3745 1884 3109
f 4160 2451 3110
f 4161 350 3112
f 3749 1889 3111
f 372 3111 4162
f 2453 3748 4163
f 1162 3110 3750
f 1891 3112 3751
f 1892 3751 3113
f 4163 1165 2889
f 4162 1895 3753
f 4164 2457 3114
f 3753 1894 3115
f 3115 2459 4167
f 3117 2459 3752
f 3113 351 4165
f 4165 352 4166
f 3116 1898 3119
f 4167 1897 3118
f 5869 2460 3754
f 4168 1898 4166
f 4169 1172 3118
f 3120 2461 3121
f 4168 1173 4170
f 4172 2462 4170
f 3121 2462 3123
f 4171 2463 2890
f 3756 2463 3755
f 3124 2464 4172
f 2890 1899 4174
f 3126 1179 2465
f 4175 3127 3126
f 4174 1900 4176
f 4177 366 7513
f 6846 4993 4994
f 4178 365 4177
f 4179 364 4178
f 4180 363 4179
f 4182 362 4180
f 3133 1184 4181
f 4183 361 4182
f 3759 2466 4185
f 2466 3137 4185
f 38 2469 39
f 37 4190 38
f 6110 158 4996
f 35 4997 1193
f 6111 4997 131
f 6111 131 130
f 4192 1913 7530
f 130 129 2467
f 159 1194 160
f 33 1192 34
f 126 133 4193
f 33 32 1196
f 133 1192 4193
f 409 1914 4998
f 4193 2468 126
f 1196 32 6112
f 39 2469 4194
f 6112 39 4194
f 131 4997 132
f 7530 1913 1197
f 127 5188 128
f 1197 1913 5188
f 298 1915 1203
f 1915 298 2398
f 1107 2471 1202
f 2471 1107 2399
f 1203 2472 429
f 2472 1203 1915
f 1205 2472 1202
f 2471 1204 1916
f 1204 2471 297
f 1916 422 2473
f 422 1916 1204
f 429 1917 1207
f 1917 429 2472
f 1205 2473 1206
f 1207 2474 428
f 2474 1207 1917
f 1209 2474 1206
f 2473 1208 1918
f 1208 2473 422
f 1918 423 2475
f 423 1918 1208
f 428 1919 1211
f 1919 428 2474
f 1209 2475 1210
f 1211 2476 427
f 2476 1211 1919
f 1213 2476 1210
f 2475 1212 1920
f 1212 2475 423
f 1920 424 2477
f 424 1920 1212
f 427 1921 1215
f 1921 427 2476
f 1213 2477 1214
f 2478 1215 1921
f 1217 2478 1214
f 2477 1216 1922
f 1216 2477 424
f 1922 425 2701
f 425 1922 1216
f 430 1923 1220
f 1923 430 2479
f 1218 2480 1219
f 1220 2481 443
f 2481 1220 1923
f 1222 2481 1219
f 2480 1221 1924
f 1221 2480 431
f 1924 432 2482
f 432 1924 1221
f 443 1925 1224
f 1925 443 2481
f 1222 2482 1223
f 1224 2483 442
f 2483 1224 1925
f 1226 2483 1223
f 2482 1225 1926
f 1225 2482 432
f 1926 433 2484
f 433 1926 1225
f 442 1927 1228
f 1927 442 2483
f 1226 2484 1227
f 1228 2485 441
f 2485 1228 1927
f 1230 2485 1227
f 2484 1229 1928
f 1229 2484 433
f 1928 434 2486
f 434 1928 1229
f 441 1929 1232
f 1929 441 2485
f 1230 2486 1231
f 1232 2487 440
f 2487 1232 1929
f 1234 2487 1231
f 2486 1233 1930
f 1233 2486 434
f 1930 435 2488
f 435 1930 1233
f 440 1931 1236
f 1931 440 2487
f 1234 2488 1235
f 1236 2489 439
f 2489 1236 1931
f 1238 2489 1235
f 2488 1237 1932
f 1237 2488 435
f 1932 436 2490
f 436 1932 1237
f 1933 439 2489
f 1238 2490 1239
f 2491 1240 1933
f 1242 2491 1239
f 2490 1241 1934
f 1241 2490 436
f 1934 437 2492
f 437 1934 1241
f 1935 438 2491
f 1242 2492 1243
f 1849 1244 1935
f 1109 1849 1243
f 2492 1245 1936
f 1245 2492 437
f 1936 305 2400
f 305 1936 1245
f 3773 3770 3769
f 3777 6970 3772
f 3141 1254 6585
f 3781 6971 3776
f 3785 6972 3780
f 3789 3786 3784
f 3150 1265 4196
f 5541 1269 3151
f 3155 5884 3788
f 4198 1135 3075
f 4198 2494 3791
f 3156 1273 4197
f 2496 2495 4200
f 2496 4200 3161
f 2497 4201 3160
f 2499 1283 3159
f 2501 97 96
f 1284 3 4204
f 2 4204 3
f 2502 66 3368
f 267 71 4205
f 3358 2504 101
f 6114 1288 1289
f 4 3 1284
f 8 1285 1
f 71 70 4205
f 4187 2505 3795
f 3800 3797 3794
f 6586 3796 4651
f 3804 3801 3799
f 3166 1293 6586
f 3169 1297 3167
f 4075 4207 3808
f 7521 1301 4206
f 3043 1305 3174
f 1306 2508 1307
f 481 2507 490
f 2507 1307 2509
f 1308 2508 482
f 1308 2510 2508
f 490 2509 489
f 1307 2510 1309
f 2511 489 2509
f 1311 2511 1309
f 2510 1310 2512
f 483 2512 1310
f 489 2511 1312
f 2514 1311 2512
f 1312 2513 1316
f 2513 1312 2511
f 1314 2513 1311
f 483 2514 2512
f 1938 1316 2513
f 1314 1939 1315
f 1939 1314 2514
f 1316 1938 488
f 1938 1315 5545
f 1317 1939 1313
f 1939 484 7038
f 484 1939 1317
f 1315 7038 1319
f 1318 5545 2515
f 5545 1319 6397
f 485 7038 484
f 1318 2515 1321
f 1319 2516 6397
f 1321 2517 487
f 2517 1321 2515
f 1322 2516 485
f 1322 2518 2516
f 1320 2518 1323
f 487 2479 430
f 2479 487 2517
f 1218 2479 1323
f 2518 1324 1940
f 1324 2518 486
f 1940 431 2480
f 431 1940 1324
f 4852 2892 4819
f 4210 2493 4195
f 1326 3818 3178
f 1327 3818 3177
f 1195 411 3178
f 1326 1328 509
f 511 2519 510
f 1106 1945 299
f 1945 1106 1331
f 298 1331 1106
f 510 2520 528
f 7323 2519 1331
f 2519 7323 2520
f 2520 7323 7421
f 1331 298 1946
f 1203 1946 298
f 1946 1203 1947
f 429 1947 1203
f 3180 5000 2521
f 1947 429 1948
f 1207 1948 429
f 1948 1207 1949
f 428 1949 1207
f 1949 428 2522
f 1211 2522 428
f 2522 1211 2523
f 427 4211 1211
f 299 1951 300
f 1330 2524 1951
f 512 2524 1330
f 1951 2524 1952
f 1953 4124 1952
f 1952 2524 1333
f 513 2525 512
f 1333 2526 1334
f 2526 1333 2525
f 514 2527 513
f 2526 2525 2527
f 1334 3182 1953
f 1097 302 1954
f 515 3819 514
f 2526 2527 1955
f 3214 3822 3843
f 3820 3188 3184
f 3184 4212 4213
f 3185 2531 3215
f 1318 6116 488
f 1958 1959 2532
f 2533 1337 4212
f 1958 1338 1959
f 517 2534 2533
f 516 2533 3188
f 2533 516 517
f 1337 2534 1338
f 1316 1959 1312
f 1338 2534 1339
f 2535 1339 2534
f 1312 1960 489
f 1961 489 1960
f 518 2535 517
f 2535 518 2536
f 1961 2536 1962
f 490 1962 481
f 490 1961 1962
f 1962 2537 1340
f 2537 1962 2536
f 520 2537 519
f 1963 4214 1340
f 1340 2538 1341
f 2538 1340 2537
f 1342 1964 547
f 1964 1342 1963
f 1341 2539 2540
f 2539 1341 2538
f 1964 1343 1965
f 1343 1964 2540
f 2539 521 2541
f 2540 3189 7324
f 1344 2898 546
f 2898 1344 1965
f 1343 2540 7324
f 523 6588 522
f 2542 1346 2541
f 2914 2913 4215
f 4216 3191 4217
f 3196 3824 3190
f 3191 2899 3197
f 1967 7092 3194
f 6588 4215 3192
f 3193 3841 3825
f 2544 546 2898
f 3827 2546 4219
f 1349 4217 545
f 1970 545 4217
f 2547 541 2548
f 542 2548 541
f 1348 2548 1350
f 4220 2550 4230
f 3831 4221 3830
f 4224 4222 2904
f 4223 1354 3842
f 4223 4220 4221
f 4224 1353 4225
f 2912 1980 4225
f 3205 2552 3200
f 4227 4236 4226
f 4229 5001 2907
f 4230 4226 4228
f 4231 1975 5001
f 2903 1971 4231
f 4232 2554 4233
f 3838 4234 3835
f 4236 3834 1359
f 5896 2555 4235
f 2556 1360 529
f 1360 2556 1361
f 3836 3837 3207
f 2523 2908 3181
f 7509 3209 4237
f 1978 3210 4234
f 3840 3213 3203
f 3839 3834 3211
f 3212 3205 4233
f 2912 1362 4238
f 2914 3201 3198
f 2912 4238 6117
f 4218 2545 4238
f 543 544 1350
f 4240 3187 2530
f 5005 5006 5007
f 1983 5009 6720
f 4248 4249 4244
f 5020 3854 7146
f 5021 7058 5022
f 3233 5908 5026
f 5020 5027 5028
f 5029 7545 2565
f 2416 2001 3858
f 4255 7579 5032
f 5035 4840 5036
f 1372 5039 5040
f 1995 3862 7188
f 2575 4263 2574
f 1375 3243 4845
f 3244 4263 321
f 2576 322 4263
f 1999 1376 1375
f 1240 1998 1997
f 304 1376 1999
f 1376 324 2577
f 322 2576 323
f 2577 323 2576
f 323 2577 324
f 7449 6428 4264
f 2563 1370 2000
f 5049 2567 5568
f 4252 2568 2360
f 1371 1014 2579
f 2002 2569 2422
f 1370 4255 2580
f 2003 2580 2002
f 5050 2562 5051
f 2000 316 1134
f 316 2000 2580
f 2580 2003 316
f 5055 6979 5054
f 5056 2558 5055
f 2586 2587 2007
f 7093 212 7200
f 4279 1383 2593
f 4274 4280 2589
f 1383 1382 1384
f 4283 2592 2591
f 4281 2010 4282
f 2593 2013 2012
f 4282 2012 2013
f 1387 1384 1386
f 987 2013 214
f 2594 227 2595
f 227 2594 228
f 2594 2595 2592
f 1384 3260 1386
f 226 2595 227
f 1386 2595 2596
f 2596 1387 1386
f 2596 225 1387
f 544 2015 1364
f 2015 544 2597
f 1394 2095 1395
f 1364 2598 545
f 2598 1364 2015
f 1397 2598 1395
f 2095 1396 2016
f 1396 2095 6411
f 2016 563 2599
f 563 2016 1396
f 545 2017 1349
f 2017 545 2598
f 1397 2599 1398
f 1349 2600 546
f 2600 1349 2017
f 1400 2600 1398
f 2599 1399 2018
f 1399 2599 563
f 2018 564 2601
f 564 2018 1399
f 546 2019 1344
f 2019 546 2600
f 1400 2601 1401
f 1344 2602 547
f 2602 1344 2019
f 1403 2602 1401
f 2601 1402 2020
f 1402 2601 564
f 2020 565 2603
f 565 2020 1402
f 547 2021 1342
f 2021 547 2602
f 1403 2603 1404
f 1342 2604 4214
f 2604 1342 2021
f 2604 1306 2507
f 1306 2604 1404
f 2603 1405 2022
f 1405 2603 565
f 2022 482 2508
f 482 2022 1405
f 3874 3871 3868
f 5593 1413 3870
f 3268 6609 3877
f 3265 1417 4285
f 4208 2606 6610
f 2609 2608 2025
f 1438 2611 2086
f 2086 2026 1426
f 2613 2614 5598
f 4291 1429 3280
f 3278 5070 4293
f 3279 5599 2029
f 4294 2028 2615
f 2616 2619 2027
f 1299 4294 4292
f 4293 2614 2618
f 2619 586 2618
f 1431 7428 1432
f 587 2618 586
f 586 2619 1433
f 2030 1431 585
f 1433 2030 585
f 5072 5074 5073
f 1434 4297 2621
f 4678 5079 5075
f 2621 5076 1434
f 5080 5081 5082
f 5084 5085 5086
f 5089 5090 5091
f 7481 2624 5092
f 6176 5099 5100
f 2035 2034 2036
f 5108 5109 5110
f 5119 5120 5121
f 5125 5126 4708
f 4297 1434 3308
f 6205 4313 2048
f 6504 5146 3313
f 2944 5148 3311
f 2051 5149 4314
f 4314 1453 3314
f 2051 3314 2052
f 2638 1454 1455
f 583 4317 1411
f 6617 5151 5150
f 5153 5154 6641
f 4319 2058 2060
f 4319 1263 464
f 4892 6471 4321
f 2065 7514 1271
f 2646 2067 1459
f 5157 2646 3319
f 2644 3319 2648
f 380 4325 381
f 2648 382 2647
f 1459 2649 3319
f 381 2647 382
f 382 2648 383
f 2649 383 2648
f 2649 1459 385
f 2652 5159 2069
f 2073 5653 7467
f 2650 4327 2950
f 6436 2653 2073
f 373 2446 1461
f 4329 4901 2075
f 4329 1163 3326
f 374 1155 2654
f 3917 1461 2446
f 2454 2655 3326
f 372 2655 2454
f 365 4331 4330
f 5655 2658 4332
f 5655 4332 2663
f 2659 258 3919
f 4333 2660 3920
f 1043 7325 2076
f 2661 259 2076
f 2081 1463 7064
f 1043 2076 259
f 364 2657 4331
f 256 4334 5163
f 2664 5164 6218
f 5166 255 7149
f 5170 5171 5172
f 7388 5173 5174
f 5175 5176 5177
f 5180 2667 5181
f 2088 604 1475
f 1475 2668 2088
f 2668 1475 1479
f 2669 1477 1476
f 535 2669 1352
f 2089 1352 2669
f 1476 2668 1478
f 1352 2089 536
f 2089 1478 2670
f 1480 2670 1478
f 1479 4714 2668
f 605 2090 4714
f 536 2089 2670
f 2090 1480 4714
f 1353 2670 2671
f 2671 537 1353
f 1481 2090 605
f 2090 1481 2672
f 606 2672 1481
f 537 2671 1362
f 1480 7515 2671
f 2673 606 607
f 2091 539 7435
f 1483 2673 1484
f 608 7516 607
f 539 2091 540
f 2092 540 2091
f 2674 1484 7516
f 540 2092 541
f 1484 2674 1485
f 609 2674 608
f 2674 609 2675
f 541 2092 2093
f 2093 542 541
f 1485 2675 1486
f 610 2675 609
f 2094 542 2093
f 1486 2676 1487
f 2676 1486 2675
f 562 2676 610
f 542 2094 543
f 562 2095 2676
f 543 2597 544
f 2597 543 2094
f 1394 2597 1487
f 612 618 4341
f 2677 493 492
f 2677 492 4342
f 1488 387 4343
f 2678 179 178
f 2678 141 4344
f 334 4345 1489
f 4345 334 333
f 2679 616 3355
f 616 617 3355
f 182 3357 2680
f 143 142 4346
f 2681 4348 2684
f 2682 3927 3342
f 4349 1493 3935
f 4349 2096 3339
f 4350 2097 3340
f 4351 593 3340
f 3339 2681 1494
f 4352 1452 4351
f 1496 2685 3344
f 2099 3344 1494
f 623 3929 3928
f 2684 1495 3928
f 2098 3343 6507
f 2101 2100 6438
f 4352 6439 2955
f 1496 2101 3931
f 2955 2686 3345
f 3932 2103 7326
f 2102 1454 3345
f 2687 4353 3931
f 4355 1500 4353
f 4356 2688 3346
f 4356 626 4359
f 4355 3934 4358
f 2956 4360 2605
f 3261 2605 4360
f 4362 630 1501
f 3341 2108 3352
f 3935 3352 3936
f 4350 592 4363
f 4362 2689 2957
f 5980 3353 5667
f 4364 2693 3355
f 4368 1489 4345
f 4346 2110 3356
f 3941 5182 6377
f 276 2958 3365
f 267 4205 2958
f 268 1509 2695
f 1509 2696 2695
f 2696 1509 559
f 1511 2119 4914
f 2119 1511 1510
f 268 2695 269
f 2697 269 2695
f 269 2697 270
f 270 2112 271
f 2112 270 2697
f 1512 2697 1511
f 1512 4914 4116
f 2384 4116 4914
f 1513 2112 3074
f 1514 2385 288
f 4987 4369 6440
f 291 4370 4123
f 2329 3359 4100
f 186 4099 2698
f 2115 419 1518
f 1518 1392 2115
f 2115 1519 1521
f 197 2699 4106
f 2959 4105 3362
f 1193 4997 3362
f 2959 3362 4997
f 1523 4202 2500
f 2117 2500 3162
f 1525 2499 2118
f 556 2117 4715
f 2700 557 4715
f 1525 2700 1524
f 557 2700 558
f 558 2696 559
f 2696 558 2700
f 1510 2700 1525
f 421 3364 3358
f 277 4112 3364
f 2694 3938 4113
f 1217 2701 1528
f 6442 2701 425
f 2120 426 2478
f 2702 1528 2701
f 2121 529 2120
f 1528 2702 1529
f 633 2702 6442
f 2702 633 2703
f 2122 530 2121
f 1529 2703 1530
f 634 2703 633
f 2704 1530 2703
f 530 2122 531
f 2123 531 2122
f 1530 2704 1531
f 635 2704 634
f 2704 635 2125
f 531 2123 532
f 2124 532 2123
f 1531 2125 1532
f 636 2125 635
f 532 2124 533
f 2124 1532 2705
f 1533 2705 1532
f 2125 636 2126
f 637 2126 636
f 637 2128 2126
f 2127 533 2705
f 1533 2128 1534
f 533 2127 534
f 2127 1534 2706
f 1535 2128 637
f 2128 1535 2707
f 638 2707 1535
f 534 2706 1356
f 1534 2707 1536
f 1356 2706 2708
f 1538 2708 1536
f 2707 638 2709
f 1537 2709 638
f 604 2709 1537
f 1356 2708 1358
f 2129 1358 2708
f 1538 2709 1477
f 2088 1477 2709
f 1358 2129 535
f 2669 535 2129
f 655 2710 1540
f 647 1559 1561
f 646 1563 1564
f 5474 2378 3371
f 4203 2501 5474
f 183 4372 4098
f 4117 4372 5183
f 1082 5184 3370
f 2131 3943 7055
f 6444 7576 3072
f 5186 2382 4115
f 1575 4915 3071
f 4915 4115 3071
f 2133 1576 7436
f 263 7436 264
f 264 2714 265
f 2714 264 7436
f 265 2714 1578
f 2134 1578 2714
f 1576 2133 1577
f 1578 2134 548
f 4111 2378 2960
f 266 2961 3368
f 275 4110 2961
f 4373 196 4102
f 2135 6112 3946
f 3373 195 3375
f 2468 3375 5188
f 2498 1587 4201
f 1282 2136 2716
f 2136 551 550
f 1282 2716 3158
f 2495 7052 4199
f 550 2717 2136
f 2716 2717 1577
f 549 2717 550
f 2717 549 2134
f 548 2134 549
f 4376 6228 6226
f 4720 6581 6729
f 2964 6446 2963
f 6461 4718 2726
f 2296 2725 2727
f 2144 1216 2143
f 424 2143 1216
f 6442 425 1596
f 1597 4721 1596
f 4721 633 6442
f 633 4721 2728
f 2728 634 633
f 3389 2728 1597
f 1212 2145 424
f 2143 424 2145
f 423 2966 1212
f 4385 2729 4384
f 3390 2145 2146
f 2966 423 4386
f 4387 2731 3396
f 4387 1599 3390
f 2731 4386 2147
f 3954 4391 3396
f 1603 4394 3962
f 3399 3400 2149
f 7463 2734 7473
f 296 1104 6240
f 4393 4394 3467
f 4392 3962 4394
f 4925 2152 7360
f 5690 3407 4398
f 1608 3967 3966
f 6245 484 4398
f 6247 6245 7067
f 4400 3411 4730
f 4400 1610 4729
f 2742 5220 2156
f 5222 5223 5224
f 5226 5227 5228
f 5229 5230 5701
f 5231 5232 5233
f 5234 5235 5236
f 5254 5255 5256
f 2161 7086 5258
f 1618 4416 1619
f 7069 1619 4416
f 3433 6013 4420
f 6479 1620 3428
f 4421 4417 5264
f 218 217 5264
f 5724 2755 1129
f 1132 315 4423
f 1129 2755 2420
f 5272 5273 5274
f 5275 4424 5274
f 3446 7195 3983
f 6268 7328 4426
f 2758 5279 7438
f 2983 996 2172
f 4428 2765 2764
f 202 2763 2173
f 2764 221 2762
f 220 2762 221
f 221 2764 222
f 2765 222 2764
f 200 224 1623
f 222 2765 223
f 1623 223 2765
f 2766 308 307
f 2984 437 3453
f 1241 3453 437
f 436 2768 1241
f 3453 1241 2768
f 2768 436 2176
f 435 4429 1237
f 2767 2769 1624
f 307 2769 2766
f 306 1626 2769
f 1624 2769 1626
f 435 4430 4429
f 4430 1233 4431
f 4431 434 7517
f 6565 1627 4432
f 1627 4434 4432
f 3418 4434 6278
f 7365 5281 5282
f 2182 5289 4437
f 5292 5293 5740
f 6281 5294 5295
f 3468 3986 4441
f 3475 1633 3477
f 4443 606 7572
f 3478 4950 3988
f 4444 3477 3987
f 4445 607 4443
f 2187 6452 6410
f 1635 2781 2188
f 2188 3479 6410
f 1396 6410 563
f 4445 2780 2782
f 2783 2782 2780
f 2783 609 2782
f 608 2782 609
f 2783 1635 610
f 7508 2784 663
f 472 471 4447
f 448 4447 444
f 148 147 4448
f 238 1636 4448
f 394 2786 4449
f 468 1503 7041
f 2692 6645 393
f 2710 1638 1540
f 669 1644 1643
f 1549 1644 2711
f 1559 1650 1561
f 1563 1652 1564
f 519 1658 520
f 518 1659 519
f 517 1660 518
f 516 1661 517
f 515 1662 516
f 514 1663 515
f 513 1664 514
f 512 1665 513
f 511 1666 512
f 510 1667 511
f 1671 2787 3989
f 2787 1671 1670
f 526 2787 527
f 3989 1672 2985
f 525 1672 526
f 524 1673 525
f 523 1674 524
f 682 3480 681
f 522 1675 523
f 1656 665 2987
f 6815 5303 7026
f 5307 7403 5308
f 6683 4451 4454
f 4463 1495 4464
f 7427 2197 4465
f 1683 2798 2199
f 2798 1683 7511
f 2799 1683 3500
f 655 4465 4468
f 2201 1412 4469
f 579 3499 7330
f 2197 1685 1683
f 2801 1686 2802
f 1686 2801 1685
f 2197 1541 2202
f 1541 2197 7427
f 2202 654 2803
f 654 2202 1541
f 580 2802 1423
f 2804 1423 2802
f 1686 2803 1687
f 2805 2804 1687
f 497 2804 2805
f 2804 497 1423
f 1687 1543 2203
f 1543 2803 654
f 2805 1687 2203
f 497 2806 498
f 2203 2806 2805
f 2204 2806 2203
f 2203 1545 2204
f 1545 2203 1543
f 2204 1545 653
f 498 1688 499
f 2807 499 1688
f 2806 2204 1688
f 2205 2807 1688
f 2204 653 2205
f 2205 653 652
f 499 2808 500
f 1689 2807 2205
f 651 2207 1548
f 501 2809 7027
f 2809 500 2808
f 1689 7568 2807
f 2809 1690 2810
f 2999 3506 4471
f 3035 4473 5318
f 7391 4474 4473
f 4477 4005 7392
f 648 2215 5334
f 1556 2215 648
f 2215 1556 2220
f 5332 4775 5333
f 2817 398 5333
f 5337 2820 2821
f 2216 1694 2218
f 6040 4013 1694
f 2817 6418 2822
f 2823 2822 1696
f 2220 1558 1696
f 1558 2220 1556
f 1696 647 1697
f 647 1696 1558
f 399 2823 400
f 2823 1697 2824
f 1698 2824 1697
f 1560 1697 647
f 1697 1560 1698
f 400 2824 401
f 2825 401 2824
f 2825 2824 1698
f 1698 1560 2221
f 1562 2221 1560
f 2221 1562 2223
f 646 2223 1562
f 401 2222 1292
f 2222 401 2825
f 1699 2223 1700
f 1701 6367 1700
f 2223 646 2826
f 645 2826 646
f 473 2224 1296
f 1701 2827 1702
f 2827 1701 2826
f 4481 3527 4015
f 3528 4481 4015
f 1565 5338 645
f 474 4481 4016
f 4482 1300 4016
f 475 4482 4017
f 2828 3530 2829
f 4480 1565 3011
f 3531 2229 4019
f 1304 4017 3532
f 3533 2228 2227
f 2831 476 6392
f 3009 2829 2830
f 1703 2832 4483
f 2832 3534 3535
f 1704 3534 2227
f 4486 3012 6699
f 4487 1707 3538
f 4490 2294 3046
f 2831 695 476
f 2836 3546 4492
f 2242 2837 3017
f 4492 4024 2836
f 5345 4963 5776
f 5348 1047 5349
f 4494 5783 5785
f 5351 4026 7154
f 4496 2841 4498
f 3560 357 4498
f 6457 7314 7439
f 5782 3562 4970
f 1715 360 7314
f 357 3560 358
f 358 2844 359
f 2847 4035 4499
f 4500 5355 4034
f 4500 5356 4036
f 4501 3569 4502
f 3572 2251 4037
f 2254 3571 4038
f 2253 2252 3573
f 2849 4507 5360
f 4509 4505 2255
f 611 5364 7227
f 3024 4510 2259
f 347 6703 4515
f 4516 346 4518
f 1145 4521 4520
f 2855 4521 3589
f 7354 6337 4519
f 3590 3589 6340
f 5379 3593 5380
f 5381 6953 5382
f 4524 5385 6341
f 341 4526 4527
f 4527 2859 5385
f 2268 1725 3597
f 1272 4049 461
f 340 2861 4526
f 2861 339 338
f 3597 2861 1729
f 338 1729 2861
f 459 4788 5390
f 3603 3604 2270
f 4531 2272 3031
f 4532 6350 5394
f 4532 2273 4531
f 1257 5397 5395
f 5397 5398 5805
f 4472 2812 5401
f 5402 1734 627
f 2281 4469 6356
f 1736 3036 4537
f 4460 4468 7567
f 1681 5751 4055
f 3037 6706 4538
f 2285 4464 3038
f 2291 2285 3044
f 1527 4539 598
f 1738 598 4539
f 2784 4080 3047
f 3039 4540 4541
f 4058 4542 3616
f 1739 3617 4542
f 4543 1428 3623
f 4543 2868 4544
f 1424 4544 6072
f 4545 1744 7102
f 1502 4545 3621
f 4546 629 2957
f 4546 3621 6357
f 3624 4061 3622
f 3616 2869 4547
f 4548 1707 3040
f 4540 3039 3041
f 4549 2870 4066
f 3042 2290 3624
f 3626 2871 3627
f 4549 1749 4550
f 3628 2872 4550
f 4067 4069 4552
f 4551 2873 3629
f 4552 585 4553
f 4071 4070 2874
f 3807 4207 4073
f 665 1637 680
f 2298 3048 4555
f 688 4450 4555
f 701 3635 4556
f 5309 3541 1709
f 1753 2875 3632
f 3633 705 3048
f 4081 1755 4558
f 712 2877 706
f 723 2302 724
f 2877 712 2878
f 2300 6462 2302
f 711 2878 712
f 710 2878 711
f 1756 2878 2879
f 2878 710 709
f 2301 727 726
f 708 4796 709
f 1757 2879 2880
f 726 6462 2301
f 727 2301 728
f 728 2301 52
f 2302 52 2301
f 6395 2880 1758
f 52 2302 729
f 729 2302 723
f 1758 2877 1756
f 2877 1758 2880
f 800 7320 801
f 801 7320 802
f 789 5404 780
f 788 5404 789
f 787 5404 788
f 2881 803 802
f 802 7320 2881
f 803 2881 804
f 786 2304 787
f 5404 787 2304
f 784 2304 785
f 2303 781 5404
f 1764 2882 1766
f 2882 1764 7320
f 807 2882 800
f 781 2303 782
f 782 2303 783
f 806 2882 807
f 2882 806 2881
f 783 2304 784
f 2304 783 2303
f 805 2881 806
f 804 2881 805
f 827 7563 828
f 826 7551 819
f 2305 829 7563
f 828 7563 829
f 1770 7551 1771
f 824 7551 825
f 7551 824 7559
f 830 2306 831
f 823 7559 824
f 831 2306 832
f 822 7559 823
f 7559 822 821
f 7563 833 832
f 832 2306 7563
f 821 2883 7559
f 820 2883 821
f 833 7563 834
f 834 7563 827
f 819 2883 820
f 2883 819 7551
f 1772 7593 1770
f 864 7499 865
f 863 7429 854
f 862 7429 863
f 861 7429 862
f 6421 1773 7518
f 860 2307 861
f 7429 861 2307
f 858 2307 859
f 7603 854 7429
f 854 7603 855
f 7499 864 872
f 855 7603 856
f 856 7603 857
f 857 7603 858
f 2307 858 7603
f 870 2884 871
f 873 5408 4559
f 3637 3640 5810
f 4084 5812 3640
f 2308 3637 4560
f 4559 3636 3641
f 881 5409 4561
f 3643 3646 5814
f 4085 5816 3646
f 2309 3643 4562
f 4561 3642 3647
f 889 5410 4563
f 3649 3652 5818
f 4086 5820 3652
f 2310 3649 4564
f 4563 3648 3653
f 897 5411 4565
f 3655 3658 5822
f 4087 5824 3658
f 2311 3655 4566
f 4565 3654 3659
f 905 5412 4567
f 3661 3664 5826
f 4088 5828 3664
f 2312 3661 4568
f 4567 3660 3665
f 913 5413 4569
f 3667 3670 5830
f 4089 5832 3670
f 2313 3667 4570
f 4569 3666 3671
f 921 5414 4571
f 3673 3676 5834
f 4090 5836 3676
f 2314 3673 4572
f 4571 3672 3677
f 929 5415 4573
f 3679 3682 5838
f 4091 5840 3682
f 2316 3679 4574
f 4573 3678 3683
f 937 5416 4575
f 3685 3688 5842
f 4092 5844 3688
f 2318 3685 4576
f 4575 3684 3689
f 945 5417 4577
f 3691 3694 5846
f 4093 5848 3694
f 2320 3691 4578
f 4577 3690 3695
f 953 5418 4579
f 3697 3700 5850
f 4094 5852 3700
f 2322 3697 4580
f 4579 3696 3701
f 3703 3706 5854
f 4095 5856 3706
f 2324 3703 4581
f 968 6464 3707
f 121 131 132
f 3738 1875 1876
f 1880 2886 1879
f 1885 2887 1884
f 3746 1886 1887
f 1890 2888 1889
f 3750 1891 1892
f 1895 2889 1894
f 4187 1910 2891
f 4210 1942 2893
f 2528 1982 2894
f 1955 2895 2897
f 2895 1956 2896
f 2897 2896 1957
f 1967 2900 2902
f 2900 1968 2901
f 2902 2901 1966
f 2904 4222 2903
f 536 2904 1352
f 2906 1974 2905
f 2906 1356 2907
f 1978 2909 2911
f 2909 1979 2910
f 2911 2910 1977
f 2912 537 1362
f 2913 2543 4215
f 2543 2913 1981
f 5571 1988 5428
f 5429 1990 5577
f 1990 5430 5431
f 3241 1996 5434
f 439 1997 4592
f 2422 2569 317
f 2581 2926 2004
f 2583 7059 2927
f 2011 3258 2010
f 5061 2014 983
f 5436 2607 5071
f 5438 4595 5439
f 5440 5441 4593
f 4594 5442 5443
f 2622 5077 6465
f 3290 1440 6467
f 5105 2036 7331
f 6179 6919 2038
f 5451 6468 6469
f 7456 6470 6824
f 4896 3316 2061
f 2064 7337 3317
f 1458 2645 4897
f 3913 2947 2069
f 2950 4327 1148
f 5469 2072 4607
f 3329 2076 2952
f 3330 2078 2079
f 1040 2661 2082
f 259 2661 1040
f 5470 5471 5472
f 2686 2955 6439
f 267 2958 1509
f 2116 2959 6111
f 3364 421 1521
f 5184 4119 6475
f 275 2961 1578
f 5191 5475 7519
f 2145 2966 2146
f 1601 5477 5207
f 5479 4615 5480
f 2969 4615 6761
f 2741 2154 2971
f 2972 6657 5481
f 2741 2972 5481
f 5482 4617 5483
f 5484 5485 4616
f 2163 2980 3432
f 1020 216 2981
f 2982 6480 5494
f 2983 2172 7328
f 1621 4426 2172
f 2984 2175 1245
f 1632 4753 4951
f 1673 2985 1672
f 1674 2986 1673
f 1675 3480 1674
f 2191 6481 6768
f 7130 2989 2192
f 2993 7548 7569
f 2995 3486 7423
f 2198 2800 1684
f 6580 2200 2201
f 2997 5500 2998
f 3000 6033 4628
f 3002 4628 5502
f 6576 2815 5503
f 4629 4011 5504
f 3004 4629 5336
f 2828 3009 2225
f 2229 5339 3536
f 1706 6304 4485
f 2833 4631 4486
f 1710 690 6307
f 3013 6307 690
f 5506 2235 2236
f 2238 2239 3015
f 3014 3015 2239
f 3016 2242 3017
f 2242 3016 5507
f 664 7542 5347
f 6046 6318 2243
f 2246 4965 5510
f 3021 4030 2248
f 4030 3021 2247
f 3022 4038 2253
f 2259 4974 3024
f 4640 5514 3025
f 2266 5516 5515
f 1726 3599 3029
f 3032 4531 3031
f 5518 2273 2274
f 5806 3034 2275
f 3034 5806 3033
f 3035 7430 5500
f 7430 3035 2278
f 2279 3036 2281
f 2285 3038 3044
f 3039 2867 1740
f 3041 2289 3040
f 586 3042 587
f 3045 687 4556
f 2297 3047 4080
f 3051 2375 3134
f 7368 3050 5860
f 7368 1040 5858
f 1042 7043 3052
f 7043 2375 3051
f 3053 6841 5519
f 1051 3059 7520
f 3059 1048 3060
f 7341 3065 7440
f 1059 3066 3068
f 3066 1055 3067
f 3068 3067 1058
f 1061 3069 4644
f 3070 1059 6583
f 1073 173 2380
f 2381 3071 2383
f 3072 7512 2382
f 2385 3074 3736
f 2386 4117 16
f 48 55 5185
f 2426 3075 1135
f 1865 3076 5521
f 1136 3077 1137
f 3078 1137 3077
f 1137 3079 6845
f 3079 1137 3078
f 5524 1867 5522
f 5526 1868 5524
f 3081 5527 4646
f 3082 342 4136
f 3089 3085 3086
f 1870 4140 2427
f 2428 3087 2427
f 3088 3085 3089
f 2885 2429 3089
f 2430 4143 2428
f 1871 3090 6106
f 2431 3090 1871
f 2430 3737 1872
f 2432 3091 1872
f 2433 3092 2431
f 2432 3093 2434
f 1873 3094 2433
f 2435 4151 1873
f 2434 3095 1874
f 1874 3097 2436
f 2435 3098 1875
f 1876 4155 2439
f 3099 2436 1880
f 3100 2439 2440
f 3101 1879 2441
f 2441 3102 2442
f 2440 3103 1881
f 1882 1881 7322
f 2442 3104 4156
f 3104 2442 1885
f 3105 2445 2447
f 2448 3106 1890
f 2447 3107 1886
f 1887 4161 2451
f 1884 2448 3109
f 3108 3109 2448
f 3110 2451 2452
f 3111 1889 2453
f 2452 3112 1891
f 1892 3113 2457
f 4162 2453 1895
f 3115 1894 2459
f 1896 3114 2457
f 1898 3116 1896
f 2459 3117 1897
f 2460 3118 1897
f 2461 3120 6584
f 2460 5869 4992
f 4992 3122 2463
f 2464 3123 2462
f 2463 3756 1899
f 2464 3124 2465
f 1899 3125 1900
f 2465 3124 4175
f 1900 3125 1901
f 1179 3126 1180
f 4994 4993 3127
f 5530 1902 4802
f 1182 5531 7185
f 1183 3129 4181
f 1905 4803 3131
f 3131 5870 1185
f 3133 3132 1184
f 3710 3758 1907
f 3710 4182 1906
f 3132 3134 2375
f 4644 2376 3135
f 3760 3135 2376
f 1908 5872 4184
f 5532 4995 3137
f 4651 2505 5535
f 4996 4190 4191
f 2467 1913 4192
f 128 5188 1913
f 2469 155 4194
f 2470 4194 155
f 5537 3139 5536
f 5536 6847 467
f 7477 7047 3142
f 1261 7048 3145
f 7048 7477 3144
f 1269 3149 3151
f 3149 1265 3150
f 3151 3150 1268
f 5539 3152 5540
f 5539 1271 5881
f 1273 3153 4197
f 3153 1269 5541
f 1275 3154 4125
f 3154 1275 462
f 4128 4125 2494
f 1274 5884 7333
f 3155 1273 3156
f 2496 3158 2495
f 2496 3161 2499
f 2497 3160 2500
f 7162 3163 5885
f 3164 5542 7369
f 1297 3165 3167
f 3165 1293 3166
f 3167 3166 1296
f 5543 5887 5544
f 3168 1297 3169
f 1303 3170 3171
f 3170 1303 478
f 3171 2506 6587
f 4074 3630 6587
f 1305 3172 3174
f 488 1938 5545
f 4675 2606 3175
f 3811 3175 2606
f 1941 5892 4208
f 4649 2493 5549
f 508 3177 1329
f 1326 3178 1328
f 3180 1947 1948
f 3181 1332 2522
f 1332 1949 2522
f 2523 3181 2522
f 1335 3183 3182
f 1955 2897 2526
f 2894 3183 2528
f 1956 3184 2529
f 2530 4213 3186
f 3186 4653 3185
f 3186 3185 7578
f 2530 3187 2529
f 3821 2529 3187
f 3188 515 516
f 4216 3190 3191
f 3190 1966 3191
f 2542 3192 3194
f 3192 2543 3193
f 3194 3193 1967
f 2898 3196 2544
f 3196 3823 1345
f 1968 2546 3827
f 3197 1347 1970
f 2550 2551 2549
f 2551 3198 2549
f 1980 3199 1972
f 6493 3200 2552
f 1971 3202 1975
f 5000 3203 2554
f 530 2556 529
f 3207 1977 3208
f 4211 3208 2523
f 1361 3209 3210
f 3209 7509 3210
f 1979 3211 3213
f 3211 1976 3212
f 3213 3212 2554
f 2528 3214 1365
f 5002 5551 7578
f 5552 3216 5551
f 4657 5556 5557
f 5561 5009 7371
f 3224 4661 5017
f 2563 6125 7522
f 6853 6748 5565
f 4662 6855 6854
f 5567 4664 5568
f 2568 5023 5569
f 4666 5570 5571
f 2416 3858 3857
f 5573 5430 6496
f 1220 4668 6856
f 7081 1993 2570
f 3238 7510 2572
f 5432 5040 5578
f 1228 4669 3861
f 5579 3241 6145
f 1995 1996 5579
f 5434 1996 1374
f 4592 1997 1996
f 7188 1236 4592
f 2574 5580 2575
f 3243 4262 3242
f 2574 4263 5046
f 3246 1998 2925
f 2576 4262 2577
f 2568 2357 2360
f 3858 2001 1989
f 2581 4847 3247
f 3249 2584 2926
f 2582 7059 2583
f 4846 3251 7059
f 5584 3253 4846
f 5585 3254 5584
f 5586 4273 5059
f 2007 5587 2586
f 2588 5589 5588
f 2008 5590 2011
f 2591 7113 2589
f 2010 3258 2590
f 4274 230 4280
f 3260 1384 1382
f 2592 3260 2591
f 509 1520 1393
f 2605 3261 3866
f 1411 3262 583
f 3262 1411 7060
f 7574 6752 5591
f 3263 1413 5593
f 7094 3264 7335
f 1422 3267 4675
f 3271 3272 1427
f 3273 2608 4290
f 4854 2609 2025
f 4912 3276 5596
f 1295 5597 7164
f 4291 2613 3277
f 5070 2614 4293
f 5599 2615 2029
f 2027 3280 2616
f 2028 2029 2615
f 592 5437 5600
f 5074 5601 5079
f 5602 6757 3282
f 4680 5603 5604
f 5605 4683 5606
f 5607 5608 4681
f 4682 5609 5610
f 5095 3287 5092
f 5614 7205 5615
f 5623 3296 4694
f 5626 5627 5628
f 3300 7137 7336
f 5637 7491 6868
f 1451 3308 4888
f 5956 5642 5960
f 5643 5644 7523
f 4313 3311 2048
f 3309 3312 1451
f 2637 7565 6505
f 2637 4315 4317
f 5647 3302 5633
f 2643 2060 2056
f 3316 5463 2058
f 2060 2058 5463
f 2642 5649 3318
f 5157 2642 4322
f 3317 2061 2062
f 7063 2646 4322
f 1458 2063 2645
f 5650 7472 7083
f 2951 3321 5469
f 2947 2068 2652
f 5652 3915 4900
f 5161 4328 5160
f 3323 6993 4703
f 3304 7084 4703
f 3916 3323 3325
f 4900 3324 2655
f 1460 3326 3324
f 2654 1155 5970
f 6436 2655 372
f 2656 3328 2658
f 4331 2657 2656
f 2076 3329 2661
f 2658 3328 4332
f 2078 2952 2659
f 2660 4904 2079
f 3918 6554 2082
f 3330 2079 4904
f 2662 4905 6643
f 5654 3333 4906
f 5659 4713 5660
f 5661 5662 4711
f 4712 5663 5664
f 599 1469 7443
f 390 1489 3357
f 2681 3339 2096
f 2683 4347 2096
f 3340 2097 2682
f 2108 3341 2097
f 2682 3342 2098
f 2100 3344 2099
f 2099 1494 2681
f 2687 3931 2101
f 2686 7326 2103
f 2102 3347 2104
f 3348 3349 3347
f 2687 3346 2688
f 2104 3349 3933
f 1500 2105 3350
f 3350 3349 1500
f 3934 4355 2688
f 2689 4362 2683
f 3353 2108 5667
f 4363 5667 2108
f 2689 3936 2109
f 3937 2691 3354
f 2679 3355 2693
f 2110 6645 3356
f 4366 2110 3357
f 2680 3357 2110
f 1509 2958 276
f 2111 3073 2384
f 2328 3360 3940
f 4985 2335 6441
f 3161 2118 2499
f 1521 277 3364
f 2380 3365 2694
f 1546 1543 1544
f 1558 1556 3366
f 1557 3366 1556
f 1562 1560 3367
f 1561 3367 1560
f 2502 3368 1579
f 3369 4582 2327
f 3369 5668 6443
f 1578 2961 266
f 3946 1584 3372
f 2330 3372 1584
f 6646 1584 2470
f 4103 2332 3374
f 2715 3374 2332
f 2715 3375 2468
f 5669 7297 5986
f 5672 5673 5674
f 2142 4718 2140
f 2723 2722 2724
f 2727 2725 2723
f 2728 3389 2729
f 2730 3389 3392
f 3392 3391 7566
f 4386 3393 2147
f 637 636 3395
f 2735 3399 2151
f 3399 2735 3400
f 2738 5681 2735
f 5682 5683 4725
f 4725 5684 4614
f 2739 5685 5686
f 3403 7097 1604
f 5216 3403 1604
f 3404 2152 5216
f 1313 7085 5690
f 5689 5690 7085
f 3405 3404 4727
f 1607 3409 4727
f 2153 3408 5692
f 1609 3409 1607
f 2740 3410 5220
f 3410 2740 7313
f 2971 1611 2741
f 1611 2971 1609
f 2156 5694 3411
f 5695 4733 5696
f 5697 5698 4731
f 4732 5699 5700
f 5701 7277 5702
f 4734 5703 5704
f 5284 5705 7338
f 5249 3423 5713
f 5714 2748 5715
f 4739 5717 5718
f 5719 4742 5720
f 5723 2163 4944
f 5725 4944 6383
f 1617 5716 3435
f 3436 3435 1620
f 6273 4422 4420
f 314 5724 1129
f 2755 4422 2420
f 3445 3442 3444
f 3983 1004 5278
f 205 1000 6018
f 3447 3448 1000
f 2762 6385 3445
f 3450 2173 2763
f 2173 3450 5732
f 2763 7071 3450
f 6385 2762 220
f 309 2766 3454
f 2768 3455 3453
f 2176 3456 2768
f 3456 2176 1628
f 4429 3457 2176
f 2177 3457 4429
f 3454 2767 3463
f 2770 3458 2177
f 2178 3459 2770
f 3458 2770 3459
f 2771 3460 2178
f 3460 2771 3461
f 5250 3463 5733
f 5736 3465 5735
f 3466 5738 4751
f 4751 6890 5287
f 1631 3467 5298
f 3468 1603 4947
f 4441 3986 5739
f 5740 3469 5741
f 5743 3473 4949
f 3475 2184 3474
f 2777 3476 7174
f 2777 7087 2779
f 3478 2187 3479
f 2186 6452 1634
f 3479 2187 6410
f 2780 4444 2783
f 599 7443 660
f 1636 238 237
f 1553 1647 1555
f 3366 1649 1559
f 3367 1651 1563
f 684 2985 683
f 2986 683 2985
f 683 2986 682
f 3480 682 2986
f 2987 3480 1675
f 3483 3482 2994
f 1677 6523 6691
f 7160 6524 7246
f 3493 4761 5750
f 2794 5751 6900
f 2795 3497 3612
f 2797 3498 2796
f 2799 3500 7573
f 3501 2800 2200
f 7027 2809 2810
f 3502 2206 2207
f 3503 2207 2811
f 2207 3503 3502
f 2810 3504 3505
f 3503 3506 3507
f 3508 4769 6823
f 6901 3509 5754
f 5752 5755 5753
f 3513 4772 5757
f 3515 4773 5759
f 3519 5761 5762
f 3007 3520 5764
f 6391 1693 3522
f 3522 1693 3521
f 1554 5334 5765
f 3524 4479 5766
f 5768 5767 2818
f 3526 2216 2218
f 2826 5338 2827
f 474 3527 4481
f 3527 474 1296
f 3529 2827 5338
f 3529 5338 4480
f 6303 3528 3529
f 4480 5339 3529
f 2829 3531 2830
f 1304 3532 6392
f 3532 2228 6392
f 3534 4484 3535
f 644 5770 3011
f 4485 2833 3538
f 2230 3538 2833
f 2230 3539 2231
f 3540 2835 5771
f 252 6308 5773
f 6313 2235 2234
f 3544 2235 5506
f 2837 2242 5774
f 3014 2239 3547
f 2242 3547 2239
f 1711 3547 3548
f 5775 6317 5507
f 5776 3550 5778
f 4964 5508 2838
f 5778 3552 4779
f 3554 2840 3555
f 2840 3554 2839
f 3556 5780 3557
f 3558 3556 5781
f 2844 3560 2843
f 3555 2840 3561
f 3562 3561 2247
f 2843 7439 2844
f 7536 2842 2845
f 2250 2847 2845
f 2250 3567 3568
f 1173 6323 3567
f 5364 5785 5784
f 1718 3569 3571
f 3571 5355 3570
f 3571 3570 6328
f 6328 2251 2252
f 2253 3573 2849
f 4507 2849 3573
f 5787 2848 5359
f 3577 4783 7228
f 5374 4513 5375
f 6529 5792 5376
f 3581 5793 5794
f 6703 6459 7075
f 2262 3585 7340
f 3585 7089 3586
f 7089 3585 2262
f 2263 2264 7089
f 612 5373 4639
f 2855 3590 2856
f 3590 2855 3589
f 2857 5797 2856
f 3594 5385 6343
f 5800 4976 3026
f 4786 2860 3597
f 3599 1726 3596
f 4787 3596 5800
f 3601 1727 2269
f 341 340 4526
f 2271 3599 3600
f 5801 3602 4977
f 2862 3603 5391
f 1264 3032 4788
f 6531 2273 5518
f 2277 5319 2864
f 4979 5806 5805
f 2865 3610 5400
f 3610 2865 4792
f 7573 7073 2282
f 2794 7567 7573
f 3611 2283 3612
f 2795 3612 2283
f 3613 4056 3614
f 2868 4543 2287
f 2869 3616 2287
f 2868 3617 3618
f 1743 2867 3619
f 591 3620 2690
f 3620 591 1425
f 2109 1502 3621
f 3622 588 1430
f 2288 6358 4064
f 3622 2869 3623
f 4062 2289 3039
f 1745 3624 2290
f 4065 7315 1706
f 2871 3626 2870
f 4065 2870 7315
f 2872 3627 2871
f 4067 4552 2873
f 4074 3629 2873
f 2292 3999 7298
f 2293 2875 1753
f 6839 7158 5677
f 4720 7235 6028
f 3634 696 3633
f 2299 3632 2875
f 2876 3633 3048
f 1766 2881 1765
f 5404 6463 2303
f 7455 2884 7518
f 6080 3638 2308
f 7103 6080 1775
f 1776 3641 3636
f 6082 3644 2309
f 7104 6082 1778
f 1779 3647 3642
f 6084 3650 2310
f 7105 6084 1781
f 1782 3653 3648
f 6086 3656 2311
f 7106 6086 1784
f 1785 3659 3654
f 6088 3662 2312
f 7107 6088 1787
f 1788 3665 3660
f 6090 3668 2313
f 7108 6090 1790
f 1791 3671 3666
f 6092 3674 2314
f 7109 6092 1793
f 1794 3677 3672
f 6094 3680 2316
f 2315 5841 1796
f 1797 3683 3678
f 6096 3686 2318
f 2317 5845 1799
f 1800 3689 3684
f 6098 3692 2320
f 2319 5849 1802
f 1803 3695 3690
f 6100 3698 2322
f 2321 5853 1805
f 1806 3701 3696
f 6102 3704 2324
f 2323 6102 1808
f 1809 3707 3702
f 1034 3708 982
f 3053 3713 6533
f 3713 5519 5860
f 1045 3714 7044
f 1051 3721 3059
f 3059 3722 1048
f 3062 3724 1052
f 3063 3726 1051
f 255 5520 5864
f 1059 3729 3066
f 3066 3730 1055
f 3732 5866 5867
f 254 7440 5868
f 4644 3069 4801
f 3069 254 5868
f 4801 3732 5867
f 252 3735 1062
f 3735 252 4186
f 4115 1079 3071
f 1079 3736 3074
f 7512 3736 2382
f 4815 3792 4127
f 1137 4645 1136
f 3076 1136 4645
f 3080 5527 5525
f 4140 1870 5528
f 3085 3084 4646
f 3084 3085 3088
f 3088 6106 1142
f 3088 3089 6106
f 1143 4144 1142
f 1146 3737 1143
f 3093 1147 3095
f 1147 3093 1146
f 1147 3094 1150
f 4151 1150 3094
f 3095 1150 3097
f 1151 3097 1150
f 1151 3738 1877
f 1875 3739 1876
f 4154 1877 3738
f 2886 1877 1878
f 1878 3740 2886
f 3740 1878 1154
f 3741 1880 1879
f 1154 3742 1157
f 4158 1157 3742
f 2887 1157 1883
f 1883 3744 2887
f 3744 1883 1158
f 3745 1885 1884
f 1886 3747 1887
f 1158 3746 1161
f 4160 1161 3746
f 2888 1161 1888
f 1888 3748 2888
f 3748 1888 1162
f 3749 1890 1889
f 1891 3751 1892
f 1162 3750 1165
f 4164 1165 3750
f 2889 1165 1893
f 1893 3752 2889
f 3752 1893 1166
f 3753 1895 1894
f 1166 3114 3116
f 3116 1168 1166
f 3117 1168 3754
f 1170 3119 3120
f 3119 1170 1168
f 1171 5869 1170
f 3122 6107 3755
f 6107 3122 1171
f 6107 3123 1176
f 4173 1176 3123
f 3756 3125 1899
f 1180 4647 1179
f 4803 7185 5870
f 3758 1906 3131
f 1905 3131 1906
f 1185 3130 1186
f 7110 1186 3130
f 3134 3132 3133
f 4183 3710 3709
f 6422 1907 1186
f 3758 1186 1907
f 1063 3759 1908
f 2466 3759 3734
f 3759 1063 7184
f 3735 3734 4986
f 5871 4805 5534
f 6534 398 6396
f 403 5874 3764
f 3138 4809 3765
f 3764 3138 1912
f 1911 6109 5535
f 2891 4807 1911
f 3765 1191 3766
f 1290 3766 1191
f 1191 3765 1910
f 1252 454 3768
f 3816 3768 454
f 1254 3769 7431
f 7431 4195 2493
f 1261 3776 7048
f 7049 3781 1261
f 1269 3784 3149
f 3149 3785 1265
f 463 5538 5881
f 3152 3787 1270
f 3153 3789 1269
f 3152 3790 5540
f 2494 3154 3790
f 4815 1135 3792
f 4127 3792 4814
f 1282 3158 1281
f 3159 1281 3158
f 3160 1281 3162
f 1283 3162 1281
f 3793 1912 6535
f 1291 402 3793
f 3764 3793 402
f 1293 3794 3796
f 3796 3795 2505
f 3163 4650 4816
f 3798 7369 5885
f 1297 3799 3165
f 3801 1294 5886
f 3165 3800 1293
f 479 5542 5887
f 5889 1298 5888
f 3168 3804 1297
f 5889 3805 4818
f 3805 3809 4817
f 5544 4818 5890
f 2506 3170 3806
f 5544 5890 5543
f 1305 3808 3172
f 3808 1302 3809
f 3172 3809 3173
f 1325 4819 1941
f 4819 1325 3810
f 1421 3810 1325
f 5891 4821 5548
f 6536 500 6398
f 3815 5894 4825
f 503 5895 3816
f 3815 4825 3817
f 3816 3815 1944
f 1943 6115 5549
f 2893 4823 1943
f 1944 5875 3767
f 3768 3767 5537
f 1250 3817 1942
f 3817 1250 5875
f 408 3818 1327
f 1335 2897 1957
f 1955 3819 2895
f 3819 515 3820
f 2895 3820 1956
f 1957 2896 3822
f 2896 1956 3821
f 3822 3821 1336
f 3823 7324 1345
f 1345 7092 3824
f 7092 1967 2902
f 3824 2902 1966
f 1967 3825 2900
f 3825 6537 3826
f 2900 3826 1968
f 1966 2901 2899
f 2901 1968 3827
f 2899 3827 1347
f 4228 3828 1351
f 3202 1351 3828
f 3202 1971 3829
f 4222 3829 1971
f 3829 3199 3831
f 3199 3829 1972
f 4236 3206 1355
f 3832 1355 3206
f 3832 1357 3833
f 1974 7057 1973
f 1357 3828 3833
f 3828 1357 1975
f 3835 3206 4236
f 5896 1973 3206
f 1361 3210 3837
f 3837 1978 2911
f 3837 2911 1977
f 1978 3838 2909
f 3838 1359 3839
f 2909 3839 1979
f 1977 2910 2908
f 2910 1979 3840
f 3181 3840 1332
f 3199 1363 4239
f 1363 3199 1980
f 3841 1981 3842
f 4826 3842 1354
f 1365 3843 6399
f 3843 1336 3844
f 3845 6399 6538
f 5566 6539 7187
f 4830 5900 5420
f 5422 6540 5901
f 5427 4838 5017
f 5426 5908 4836
f 4837 5031 5909
f 2416 3857 318
f 4839 5910 3857
f 3232 4839 5570
f 2565 5030 5029
f 4843 3239 4668
f 3241 6917 3240
f 440 3862 1994
f 1375 4845 3245
f 4845 3243 4261
f 3245 3863 3246
f 1999 3245 2925
f 3246 2925 3245
f 1989 317 2569
f 2581 3247 2926
f 5581 6607 5053
f 7312 1368 5911
f 1381 2590 3258
f 4279 1381 2009
f 2591 3260 3259
f 1385 2593 1383
f 3866 3261 1410
f 3872 5914 3867
f 3867 2023 3866
f 3868 5915 1410
f 1413 3868 3869
f 3868 1410 5916
f 3870 3869 5062
f 5915 3871 4848
f 3872 5592 5914
f 1417 3873 3263
f 3875 1414 5917
f 3263 3874 1413
f 582 5591 5918
f 5920 1418 5919
f 5920 6609 4850
f 3879 4850 5921
f 581 7335 5922
f 4675 3267 4851
f 3267 581 5922
f 4851 3879 5921
f 3810 4852 4819
f 497 3880 1423
f 3880 497 4209
f 5436 3272 5923
f 5924 5923 5925
f 4853 3882 4287
f 3882 5064 3883
f 4287 3883 2026
f 2026 4677 1426
f 3279 3884 5926
f 5927 5083 2031
f 5930 4859 3886
f 5931 5439 4857
f 4858 5443 4856
f 5932 4862 5438
f 5933 5934 4860
f 4861 5935 5440
f 5442 4865 5927
f 5441 5936 4863
f 4864 5937 5938
f 3891 5940 4866
f 3289 1439 5612
f 2035 4685 5612
f 4868 1441 3892
f 3290 3892 1441
f 6611 3896 4868
f 4871 5470 2041
f 5448 5945 4872
f 4873 4908 4710
f 4874 6549 6548
f 5950 7190 6551
f 3908 4888 5957
f 4887 5958 5959
f 5960 5961 5956
f 6205 2048 5962
f 4890 1450 3308
f 2636 3312 3309
f 5642 2047 5963
f 5149 4891 4889
f 4314 3312 2636
f 2055 7379 5156
f 1259 465 5155
f 2059 3317 7337
f 464 4323 4319
f 7514 2645 2063
f 2062 463 2064
f 463 2062 1267
f 2947 3913 7062
f 3914 2068 2947
f 2068 3914 1447
f 5953 3907 5652
f 4900 3915 3324
f 3323 5969 6993
f 5159 5969 4903
f 2951 6212 2654
f 3325 6211 5970
f 1463 6554 2077
f 3918 1464 6554
f 3329 1464 3918
f 1464 3329 2080
f 2078 3919 2079
f 3920 2079 3919
f 5971 3329 2952
f 3330 5971 2952
f 2081 7064 7034
f 5163 2662 6437
f 4904 6402 4707
f 4707 3332 5972
f 5974 5945 5472
f 5974 2085 5975
f 4907 3922 5976
f 6165 3924 5977
f 5075 5078 4909
f 4909 3925 5068
f 5603 4911 3276
f 6757 5083 4910
f 4910 5978 4609
f 5979 1426 2928
f 1492 3339 1491
f 1492 3927 1493
f 3341 1493 3927
f 2097 3927 2682
f 3342 1491 3343
f 1494 3343 1491
f 623 3928 1495
f 623 624 3929
f 1496 1497 3930
f 7326 3930 1497
f 2686 6439 7326
f 1497 3931 1499
f 1499 3348 3932
f 2102 2103 3347
f 3932 3347 2103
f 1500 3349 3348
f 2105 4358 2106
f 4361 2053 4610
f 3352 3935 1493
f 3352 2108 3353
f 2109 3936 1502
f 1503 1504 7041
f 2693 2691 7065
f 1504 4366 1489
f 2503 3938 2694
f 1511 2695 1510
f 1513 271 2112
f 974 2114 3360
f 3940 3360 2114
f 554 198 7525
f 4104 2116 3363
f 2379 3941 6377
f 5981 3942 1284
f 3942 5981 2960
f 184 3943 2131
f 3943 184 4096
f 2130 4096 2325
f 2713 5186 4915
f 2377 3944 5982
f 2135 3946 979
f 2136 1587 551
f 2137 5983 5671
f 5983 2137 6714
f 2138 2139 5989
f 5991 1592 6510
f 1593 6556 6557
f 1595 3952 1593
f 1598 1596 2144
f 3390 4918 2143
f 4918 3390 1599
f 3953 2730 3392
f 3953 2732 2730
f 7566 1599 1600
f 3396 1600 4387
f 1600 3396 4391
f 3397 4722 4389
f 5992 4919 3957
f 5210 6238 5994
f 4921 2970 2969
f 6761 2150 5290
f 5216 2152 5686
f 1605 1604 3963
f 3406 5692 5691
f 1313 5690 1317
f 1607 7437 3966
f 3965 3964 3408
f 3966 3965 1608
f 3407 3409 2154
f 2971 2154 3409
f 3967 1610 3968
f 1610 3967 1608
f 1611 3968 6408
f 3968 1610 3969
f 5998 4927 5999
f 6000 5483 4926
f 5735 4930 5482
f 4750 7193 4928
f 5486 4933 5734
f 5485 6002 4931
f 6010 2162 6009
f 6011 2164 5263
f 1619 6014 2168
f 7321 5726 4622
f 6015 5726 2355
f 3982 6016 6017
f 6017 1008 7474
f 206 1004 3983
f 3446 3984 3441
f 7195 3446 2756
f 6018 3984 5278
f 2759 203 7469
f 3985 1622 2174
f 2984 3453 1625
f 3456 1627 3455
f 7123 3456 1628
f 1628 3457 7099
f 1629 3458 3459
f 6019 3460 4749
f 5739 3986 6020
f 6766 4950 5298
f 3479 3987 3478
f 3987 1633 3478
f 603 601 659
f 685 1671 3989
f 2989 6681 2192
f 3992 3993 6027
f 2193 6568 6569
f 2193 6569 6950
f 6571 3995 6572
f 3996 3995 6767
f 3998 7393 4000
f 5751 1681 4001
f 1682 4001 1681
f 1682 3612 6575
f 3497 6575 3612
f 3498 4056 6575
f 2799 2197 1683
f 2198 4466 2800
f 1684 2800 3501
f 2200 4467 2201
f 2801 7511 1685
f 1690 3502 4470
f 4792 7430 6031
f 3510 2210 5756
f 3002 4958 5501
f 3000 5501 4959
f 4007 5757 6034
f 4008 6576 1692
f 3521 5767 5335
f 4011 6037 5504
f 4776 4012 5504
f 664 4774 6038
f 1702 4015 2224
f 3530 4481 3528
f 6303 2829 3530
f 474 4016 1300
f 475 4017 1304
f 2225 4017 2828
f 4018 3010 2226
f 4019 2229 7141
f 4021 4020 1705
f 1705 4020 6305
f 691 3538 1707
f 2232 2231 4022
f 2233 2231 2232
f 6039 1695 6040
f 2235 6313 7528
f 2237 4632 4023
f 5506 2236 3015
f 4023 3015 3014
f 5774 2238 6042
f 2241 3547 2242
f 3547 2241 3548
f 2836 6046 6047
f 4025 6048 5775
f 6049 4635 6319
f 5511 2244 4634
f 7161 6051 4027
f 5510 3018 4968
f 5509 2245 3558
f 4968 4028 6050
f 4970 1714 6051
f 246 4031 1044
f 1175 353 4780
f 5356 4500 4035
f 6328 3570 2251
f 2251 3570 4036
f 3570 5355 4500
f 1718 3571 2254
f 5360 3575 5361
f 6053 3023 5363
f 4041 4973 1720
f 6057 3024 4638
f 6458 7599 7527
f 1723 3587 3588
f 5381 4043 4975
f 6060 2265 5514
f 4976 3596 6061
f 1272 6062 4049
f 5389 3600 3027
f 2267 5517 3601
f 3601 4050 1727
f 1728 2269 2268
f 6064 4528 6579
f 6065 2270 4641
f 6066 4051 4978
f 6352 6067 6068
f 2272 6531 5804
f 3606 5804 6531
f 2273 4532 2274
f 5518 2274 4052
f 6069 2275 6070
f 6069 5397 5805
f 4642 3033 1732
f 2275 3034 4052
f 3034 4642 1731
f 6031 7430 2278
f 4053 6031 2278
f 2281 4054 2279
f 3036 1735 7445
f 1736 1681 1735
f 3611 1736 4537
f 2283 4537 2866
f 2284 3498 2797
f 3498 2284 4056
f 4056 2284 5808
f 4793 3613 3614
f 696 3634 679
f 603 679 3634
f 4058 1740 1739
f 4062 4058 1741
f 1742 3617 1739
f 1743 4057 2867
f 3618 3617 7102
f 4059 3620 6072
f 1744 4545 1502
f 2869 4061 4547
f 4061 1745 1746
f 1746 6358 1747
f 1747 4980 1741
f 6358 2288 4980
f 4064 4981 4066
f 1706 691 4065
f 2870 4065 4064
f 4063 3625 1748
f 586 6073 3042
f 3042 6073 2290
f 4068 1748 4982
f 1749 4068 1750
f 4551 1750 4068
f 4068 1749 1748
f 4069 4067 6073
f 1751 3628 1750
f 3628 1751 4070
f 4072 4071 2874
f 1752 4070 1751
f 1752 4073 4207
f 4073 1752 3629
f 3630 4074 4553
f 4075 1305 2874
f 2992 1678 4081
f 6769 6708 7269
f 4720 7080 6581
f 3632 2299 2297
f 4080 1738 2297
f 1753 3632 1755
f 2305 7563 1772
f 869 2884 870
f 1774 3636 1775
f 3639 1775 3636
f 1776 3638 7103
f 6080 7103 3638
f 3636 1774 1776
f 1777 3642 1778
f 3645 1778 3642
f 1779 3644 7104
f 6082 7104 3644
f 3642 1777 1779
f 1780 3648 1781
f 3651 1781 3648
f 1782 3650 7105
f 6084 7105 3650
f 3648 1780 1782
f 1783 3654 1784
f 3657 1784 3654
f 1785 3656 7106
f 6086 7106 3656
f 3654 1783 1785
f 1786 3660 1787
f 3663 1787 3660
f 1788 3662 7107
f 6088 7107 3662
f 3660 1786 1788
f 1789 3666 1790
f 3669 1790 3666
f 1791 3668 7108
f 6090 7108 3668
f 3666 1789 1791
f 1792 3672 1793
f 3675 1793 3672
f 1794 3674 7109
f 6092 7109 3674
f 3672 1792 1794
f 1795 3678 1796
f 3681 1796 3678
f 1797 3680 2315
f 6094 2315 3680
f 1797 2315 6095
f 3678 1795 1797
f 1798 3684 1799
f 3687 1799 3684
f 1800 3686 2317
f 6096 2317 3686
f 1800 2317 6097
f 3684 1798 1800
f 1801 3690 1802
f 3693 1802 3690
f 1803 3692 2319
f 6098 2319 3692
f 1803 2319 6099
f 3690 1801 1803
f 1804 3696 1805
f 3699 1805 3696
f 1806 3698 2321
f 6100 2321 3698
f 1806 2321 6101
f 3696 1804 1806
f 1807 3702 7344
f 3705 7344 3702
f 1809 3704 2323
f 6102 2323 3704
f 1809 2323 6103
f 3702 1807 1809
f 973 94 4582
f 3360 1810 92
f 3372 1811 41
f 4103 2331 2332
f 2336 4643 982
f 231 3049 1025
f 6422 4107 5859
f 7110 2375 4107
f 5861 6533 4797
f 1039 5859 3712
f 1041 3051 245
f 246 3052 1041
f 1045 3718 3714
f 5862 7247 4798
f 6533 5861 3716
f 1044 3055 246
f 247 7575 1044
f 1048 3722 3717
f 6967 7529 4799
f 7247 5862 3719
f 248 4108 1047
f 1051 3726 3721
f 7529 5863 3723
f 1050 3060 248
f 4108 248 3060
f 249 3061 7520
f 1055 3730 3725
f 6969 1056 6903
f 1052 7316 3727
f 3064 1054 4109
f 250 4109 1054
f 1059 1060 3729
f 1056 5865 5866
f 1058 3067 250
f 4109 250 3067
f 251 3068 1058
f 3068 251 6583
f 1061 4644 253
f 3733 1063 4184
f 1062 4986 6583
f 4110 176 2377
f 3944 1074 194
f 4111 6368 117
f 3371 1070 274
f 4112 1072 113
f 3941 1842 1069
f 3365 172 171
f 286 4114 1080
f 2383 4114 2381
f 3736 1079 4115
f 1080 3073 289
f 3073 1080 4114
f 2383 4116 2384
f 3074 4116 1079
f 3072 287 1081
f 7512 288 2385
f 23 2386 16
f 1082 86 5184
f 4119 49 48
f 287 7576 1844
f 288 1843 6104
f 1089 4120 1843
f 4987 53 52
f 51 4121 52
f 82 4122 83
f 4124 1847 300
f 2397 1104 296
f 335 4125 4126
f 4126 385 335
f 3077 4815 4127
f 3075 2426 4129
f 337 4131 336
f 385 4126 4130
f 4130 4128 1865
f 2426 4815 1136
f 4129 2426 3076
f 1136 3076 2426
f 338 4131 337
f 385 4130 384
f 339 3078 338
f 384 4132 383
f 4132 384 4130
f 1866 4132 1865
f 340 4991 339
f 383 4133 382
f 4133 383 4132
f 1867 4133 1866
f 382 4134 381
f 4134 382 4133
f 1868 4134 1867
f 342 3082 341
f 381 4135 380
f 4135 381 4134
f 1869 4135 1868
f 343 4136 342
f 380 4137 379
f 4137 380 4135
f 1870 4137 1869
f 344 4138 343
f 4138 344 2885
f 4136 343 4138
f 3086 4138 3089
f 379 4139 378
f 3087 378 4139
f 2427 4139 1870
f 4137 1870 4139
f 3088 4140 3084
f 2427 4141 2428
f 1142 4140 3088
f 4140 1142 4141
f 1141 2885 344
f 4142 2429 2885
f 1145 4142 1141
f 378 3087 1144
f 3087 2428 4143
f 3090 1143 6106
f 1144 4143 377
f 2428 4144 2430
f 4144 2428 4141
f 4144 1143 3737
f 2429 4142 1871
f 4142 1145 4145
f 1871 4145 2431
f 345 4145 1145
f 4146 377 4143
f 1872 4146 2430
f 1143 3090 1146
f 3092 1146 3090
f 377 4146 376
f 3091 376 4146
f 1872 3737 2432
f 1146 3093 3737
f 2431 4147 2433
f 4147 2431 4145
f 346 4147 345
f 4147 346 4149
f 376 3091 1148
f 2434 4148 2432
f 3091 2432 4148
f 1146 3092 1147
f 3094 1147 3092
f 1148 4148 375
f 1150 3095 1147
f 2433 4149 1873
f 1149 4149 346
f 1873 3096 2435
f 3096 1873 4149
f 347 3096 1149
f 375 4150 1152
f 4150 375 4148
f 1874 4150 2434
f 1150 4151 1151
f 1152 4152 374
f 4152 1152 4150
f 2436 4152 1874
f 3097 1151 4153
f 1877 4153 1151
f 4151 2435 3738
f 1875 3738 2435
f 3096 347 3098
f 2437 3098 347
f 3098 2437 3739
f 1153 3739 2437
f 2439 4154 1876
f 4155 1153 2438
f 1153 4155 3739
f 348 4155 2438
f 3099 374 4152
f 2436 4153 1880
f 2886 1880 4153
f 374 3099 1155
f 3741 1155 3099
f 1877 4154 1878
f 3100 1878 4154
f 3103 2440 2439
f 1878 3100 1154
f 1155 3741 2074
f 3101 2074 3741
f 1879 3740 2441
f 2074 3101 373
f 3101 2441 4156
f 2442 4156 2441
f 3740 1154 3102
f 3102 1154 4157
f 1157 4157 1154
f 3100 2440 3742
f 1881 1882 2440
f 2443 3103 348
f 3103 2443 1881
f 1156 3743 2443
f 2445 4158 1882
f 2444 4159 3743
f 349 4159 2444
f 373 4156 2446
f 2442 4157 1885
f 2887 1885 4157
f 2446 3104 1159
f 3745 1159 3104
f 1157 4158 1883
f 3105 1883 4158
f 2445 4159 2447
f 3107 2447 4159
f 1883 3105 1158
f 3108 1890 3749
f 1890 3108 2448
f 3744 1158 3106
f 3106 1161 2888
f 1161 3106 1158
f 3105 2447 3746
f 1886 3746 2447
f 2449 3107 349
f 3107 2449 3747
f 1160 3747 2449
f 2451 4160 1887
f 3747 1160 4161
f 2450 4161 1160
f 350 4161 2450
f 1159 3109 2075
f 3109 1159 3745
f 1884 3744 2448
f 2075 3108 1163
f 1161 4160 1888
f 3110 1888 4160
f 2451 4161 2452
f 3112 2452 4161
f 1888 3110 1162
f 1163 3749 2454
f 3111 2454 3749
f 1889 3748 2453
f 2454 3111 372
f 3111 2453 4162
f 3748 1162 4163
f 1165 4163 1162
f 3110 2452 3750
f 1891 3750 2452
f 2455 3112 350
f 3112 2455 3751
f 1164 3751 2455
f 2457 4164 1892
f 3751 1164 3113
f 2456 3113 1164
f 351 3113 2456
f 2453 4163 1895
f 2889 1895 4163
f 372 4162 1167
f 3753 1167 4162
f 1165 4164 1893
f 3114 1893 4164
f 1893 3114 1166
f 1167 3753 2458
f 3115 2458 3753
f 1894 3752 2459
f 2458 3115 371
f 4167 371 3115
f 1168 3117 1166
f 3752 1166 3117
f 2457 4165 1896
f 4165 2457 3113
f 352 4165 351
f 1896 4166 1898
f 4166 1896 4165
f 1897 4167 2459
f 3119 1168 3116
f 371 4167 370
f 3118 370 4167
f 1897 3754 2460
f 1170 5869 3754
f 3754 1168 1170
f 1169 4166 352
f 4166 1169 4168
f 1898 4168 6584
f 1173 4168 1169
f 370 3118 1172
f 4992 4169 2460
f 3118 2460 4169
f 1170 3120 1171
f 3121 1171 3120
f 1172 4169 369
f 4170 2461 4168
f 353 4170 1173
f 4170 353 4172
f 369 4169 4171
f 4171 1174 369
f 2463 4171 4992
f 1171 3121 6107
f 2890 1174 4171
f 1176 3756 3755
f 3755 6107 1176
f 2462 4172 2464
f 1175 4172 353
f 354 3124 1175
f 4172 1175 3124
f 1174 2890 1178
f 1899 2890 2463
f 1176 4173 1177
f 2465 4173 2464
f 1178 2890 4174
f 4174 368 1178
f 1900 4174 1899
f 4173 1179 1177
f 1179 4173 2465
f 355 4175 354
f 3124 354 4175
f 3126 3127 1180
f 368 4176 367
f 4176 368 4174
f 1901 4176 1900
f 4176 1901 6108
f 356 3127 355
f 357 4994 356
f 366 4177 365
f 4177 1903 4178
f 365 4178 364
f 359 4181 358
f 364 4179 363
f 1905 4179 1904
f 4179 1905 4180
f 360 3133 359
f 363 4180 362
f 1906 4180 1905
f 4180 1906 4182
f 362 4182 361
f 361 4183 244
f 4182 3710 4183
f 1186 3758 1185
f 1906 3758 3710
f 2375 7110 3132
f 3134 360 245
f 253 3135 407
f 1908 4184 1063
f 2376 4184 3760
f 4185 1908 3759
f 2466 4186 3137
f 4186 396 5533
f 4185 3137 4995
f 3760 4184 5872
f 3135 3760 5871
f 396 4186 252
f 2466 3735 4186
f 403 3764 402
f 1912 3793 3764
f 1910 4187 1191
f 2505 4187 1911
f 401 5535 400
f 158 157 4996
f 4190 4996 157
f 4190 37 4191
f 4997 1192 132
f 2467 6111 130
f 1914 1197 4998
f 5188 127 2468
f 4193 1192 1196
f 6112 32 39
f 161 2470 154
f 2470 161 6113
f 6113 7037 5187
f 5877 1255 4810
f 6742 5876 3770
f 1253 4649 455
f 6585 1254 7431
f 6970 1258 6908
f 1255 5877 3774
f 457 3142 1257
f 1261 3781 3776
f 6971 1262 4811
f 1258 5878 3778
f 1260 3144 457
f 458 3145 1260
f 1265 3785 3780
f 5880 1266 4812
f 1262 5879 3782
f 459 4196 1264
f 1269 3789 3784
f 5882 1270 4813
f 1266 5880 3786
f 1268 3150 459
f 4196 459 3150
f 460 3151 1268
f 3151 460 5541
f 7317 1273 3788
f 1270 5882 5883
f 5541 1272 4197
f 461 4197 1272
f 1275 4125 335
f 2494 4198 4128
f 3075 4128 4198
f 1135 4198 1274
f 3791 1274 4198
f 4197 461 7531
f 2495 4199 4200
f 4199 1080 4200
f 1080 4199 286
f 4200 289 3161
f 289 4200 1080
f 2498 4201 2497
f 4201 1282 3160
f 1281 3160 1282
f 7446 409 7564
f 1281 3159 1283
f 2499 3159 2496
f 2497 2500 4202
f 3942 96 1937
f 3368 66 65
f 4205 70 2503
f 1191 3795 1290
f 3795 1191 4187
f 1293 3800 3794
f 5886 1294 4816
f 3794 3797 1290
f 1292 4651 401
f 6586 1293 3796
f 1297 3804 3799
f 5888 1298 6910
f 1296 3166 473
f 6586 473 3166
f 474 3167 1296
f 3167 474 3169
f 1301 3809 3803
f 3809 1302 4817
f 475 4206 1300
f 1303 3171 477
f 1305 4075 3808
f 3808 4207 1302
f 1304 3174 7521
f 4206 475 7521
f 2510 1308 1310
f 488 5545 1318
f 2518 1322 486
f 496 3175 507
f 1941 4208 1325
f 2606 4208 3811
f 4209 498 5547
f 4819 2892 4999
f 3811 4208 5892
f 3175 3811 5891
f 498 4209 497
f 503 3816 454
f 1944 3768 3816
f 1942 4210 1250
f 4195 1250 4210
f 2493 4210 1943
f 455 5549 502
f 408 1195 3818
f 3178 3818 1195
f 3818 1326 3177
f 1329 3177 1326
f 3178 411 1328
f 1332 3203 1950
f 4211 2523 1211
f 301 4124 1953
f 4124 300 1952
f 2524 512 2525
f 2894 5550 3182
f 1953 3182 5550
f 1334 2526 1335
f 3819 1955 514
f 1982 1954 2894
f 2528 3183 3214
f 1365 3214 3843
f 3214 1957 3822
f 3843 3822 1336
f 3821 1956 2529
f 1956 3820 3184
f 3820 515 3188
f 3184 3188 4212
f 2529 3184 4213
f 4653 4212 1337
f 3185 4653 2532
f 3185 2532 2531
f 5002 3185 3215
f 3215 2531 6116
f 6116 2531 488
f 4653 4213 4212
f 2529 4213 2530
f 1338 1958 1337
f 1342 4214 1963
f 4214 481 1340
f 2540 2539 3189
f 522 2541 521
f 6588 2542 522
f 3189 2541 1346
f 524 2914 523
f 1349 4216 4217
f 4216 2544 3190
f 4217 3191 3197
f 2544 3196 3190
f 3196 1345 3824
f 3190 3824 1966
f 3191 1966 2899
f 3197 2899 1347
f 1346 3194 7092
f 3194 1346 2542
f 2542 6588 3192
f 3192 4215 2543
f 1967 3193 3825
f 3193 2543 3841
f 3825 3841 4826
f 540 2547 4218
f 2545 4218 7592
f 546 4216 1349
f 4216 546 2544
f 3196 2898 3823
f 1347 3827 1969
f 1969 4219 1348
f 4219 1969 3827
f 4217 3197 1970
f 2547 2548 1348
f 4219 7592 1348
f 525 3201 524
f 1351 4220 4228
f 4230 4228 4220
f 2549 4230 2550
f 3829 3831 3830
f 3831 1354 4221
f 3830 4221 1351
f 1352 2904 535
f 536 4224 2904
f 4224 1972 4222
f 2903 4222 1971
f 2551 4223 1981
f 3842 1981 4223
f 1354 4223 4221
f 4223 2551 2550
f 4221 4220 1351
f 3829 4222 1972
f 1353 4224 536
f 1972 4224 4225
f 4225 1980 1972
f 537 4225 1353
f 4225 537 2912
f 3200 525 6589
f 4226 2553 4227
f 6493 2552 2553
f 3833 4228 1355
f 1356 2906 534
f 1356 4229 2907
f 4229 4231 5001
f 2907 5001 7057
f 2553 4230 2549
f 4230 2553 4226
f 1357 5001 1975
f 1358 4229 1356
f 1975 4231 1971
f 535 2903 1358
f 4231 4229 2903
f 527 4233 526
f 4233 527 4232
f 1359 3838 3835
f 3838 1978 4234
f 3835 4234 5896
f 3204 7441 2555
f 1976 4227 2552
f 4227 1976 3834
f 4236 4227 3834
f 1974 1973 4235
f 532 3204 531
f 427 3207 4211
f 3836 1360 1361
f 3207 3837 1977
f 2523 3208 2908
f 3208 1977 2908
f 3181 2908 3840
f 1361 2556 3209
f 530 531 6590
f 3210 7509 4234
f 2555 5896 4234
f 1332 3840 3203
f 3840 1979 3213
f 3203 3213 2554
f 1979 3839 3211
f 3839 1359 3834
f 3211 3834 1976
f 2554 3212 4233
f 3212 1976 3205
f 4233 3205 6589
f 6117 1980 2912
f 1362 538 4238
f 2551 2913 3198
f 2913 2551 1981
f 3195 7432 4239
f 4826 1354 4239
f 1363 3195 4239
f 2545 6117 4238
f 539 4218 538
f 4238 538 4218
f 1097 1954 7478
f 4240 2530 6591
f 4240 1336 3187
f 4241 6118 1093
f 3845 6538 6592
f 6116 1318 6120
f 6594 7405 6120
f 6118 5003 7447
f 4243 5557 5056
f 4242 5004 6119
f 5899 5554 6973
f 5556 5007 5585
f 5006 5903 4674
f 5552 5559 5008
f 7470 6370 5561
f 5560 2559 6124
f 6855 3226 6124
f 6126 4247 5016
f 6127 1367 5905
f 6128 6129 6130
f 6128 2559 7258
f 5018 5019 6131
f 5027 4250 2566
f 7199 2566 4250
f 5577 6132 5429
f 6133 4264 5023
f 6135 4265 5025
f 5025 4246 6125
f 5907 5022 7146
f 5910 3859 6136
f 2921 5428 5032
f 1986 5026 5908
f 1988 3858 1989
f 3234 6721 6130
f 3860 4840 5019
f 6129 5036 5573
f 2566 7199 7163
f 5039 4590 2923
f 6138 4254 5030
f 6542 6137 4256
f 6140 6141 7448
f 6132 5577 5578
f 6142 4259 6138
f 6139 4257 5041
f 6143 3861 4258
f 6143 6141 4842
f 5041 4259 6146
f 6142 2572 5045
f 1373 6145 7155
f 4844 5043 6147
f 4261 2573 7345
f 5043 7345 6137
f 4260 5045 5046
f 2574 5046 5045
f 3243 3242 2573
f 2573 3242 5580
f 5579 3862 1995
f 3862 5579 5433
f 1996 1995 4592
f 7188 4592 1995
f 6146 4260 5044
f 5046 4263 3244
f 1118 5044 320
f 3244 320 5044
f 2575 4262 2576
f 1375 4262 3243
f 4262 2575 3242
f 320 3244 321
f 1376 2577 4262
f 4263 322 321
f 4253 6134 6599
f 6148 7449 6133
f 5569 3229 6135
f 2360 232 4252
f 1014 233 2579
f 2569 2002 4255
f 2580 4255 2002
f 2580 2000 1370
f 6157 4266 5052
f 6978 3250 4672
f 2927 3250 5587
f 3252 2004 5582
f 2006 6149 6608
f 4671 209 6151
f 6151 1007 6152
f 6152 208 6153
f 6153 208 6122
f 4671 3248 6154
f 5581 2582 5057
f 3865 1379 5913
f 3257 5913 5588
f 6155 210 6154
f 7361 4272 5058
f 6157 1025 6158
f 7113 3259 2588
f 999 5060 211
f 2011 4278 2008
f 1381 6543 2009
f 5589 1382 4276
f 2009 4276 1382
f 3259 1382 5589
f 995 4275 7200
f 2590 4279 2012
f 2593 2012 4279
f 1383 4279 2009
f 2590 1381 4279
f 2589 4280 4283
f 2012 4282 2010
f 991 4281 213
f 4282 213 4281
f 4283 2594 2592
f 229 4280 230
f 4280 229 4283
f 213 4282 987
f 2013 987 4282
f 3260 2592 1386
f 4214 2604 481
f 576 7060 7040
f 2023 3351 2605
f 3351 2023 7060
f 5063 4284 5916
f 5473 577 5062
f 1413 3874 3868
f 5917 1414 4848
f 3868 3871 5915
f 578 3870 1412
f 3870 578 5593
f 5919 1418 4849
f 5593 1416 4285
f 579 4285 1416
f 3268 1421 6609
f 1420 7442 7580
f 4285 579 7580
f 580 3266 1420
f 1422 4675 496
f 6610 1325 4208
f 1423 3269 580
f 6159 5065 7164
f 2609 3277 5598
f 6159 5924 5180
f 2610 5180 5924
f 4287 2026 2611
f 6160 4288 5066
f 6980 589 5066
f 6918 5435 5595
f 6160 590 5067
f 6161 4289 5068
f 5067 1425 5977
f 5598 5070 2608
f 5064 3882 5926
f 3882 4853 3271
f 3278 588 5069
f 2613 3280 2027
f 3280 2613 4291
f 3884 4291 5064
f 1299 4292 479
f 479 2607 5597
f 2607 479 4292
f 588 3278 1430
f 4293 1430 3278
f 2027 2618 2614
f 1429 3279 7428
f 2029 7428 3279
f 1430 4293 587
f 2617 3280 1429
f 2619 2616 2030
f 4294 1299 478
f 5071 4292 4294
f 1303 2028 478
f 2618 587 4293
f 2929 5437 6162
f 3909 5961 5072
f 5958 5073 4678
f 5957 5076 6163
f 7539 6164 3310
f 6165 1435 5600
f 7147 6166 5444
f 6163 5928 5080
f 5081 4855 5602
f 5938 1438 5978
f 6167 5086 5930
f 5645 5606 5084
f 5085 5610 5931
f 6168 5088 5605
f 6169 6166 5087
f 5609 5091 5932
f 5608 5940 5089
f 5090 5939 5933
f 6171 403 6170
f 6172 3288 5611
f 1439 3289 4866
f 6174 404 6171
f 6175 2934 5444
f 6180 6177 5097
f 6177 2626 5611
f 5097 3288 5093
f 6178 4302 6175
f 5098 2034 5096
f 6180 6181 5101
f 6178 505 4596
f 406 5100 4597
f 5103 2628 6181
f 3892 3290 3894
f 3892 3894 1443
f 4596 504 6182
f 5104 6615 6187
f 5975 4701 5119
f 5120 5651 5624
f 5627 6987 5125
f 5955 3906 5127
f 5954 5458 7450
f 5127 3301 5630
f 5630 3903 5949
f 7412 6984 6628
f 6991 3305 4703
f 3321 2071 3304
f 5461 5145 6639
f 5144 6198 6641
f 6162 6201 5959
f 6201 6202 5147
f 2620 4297 6164
f 2049 5148 6203
f 6169 4298 6994
f 6203 4312 6168
f 3308 1450 4297
f 6994 4312 6204
f 3313 6505 6504
f 4890 5146 1450
f 2636 5963 5646
f 7346 2050 6202
f 581 6204 1419
f 3311 1419 2944
f 6205 6505 4313
f 1453 4314 2636
f 1419 3311 582
f 4313 582 3311
f 7310 4315 4891
f 4315 2637 3313
f 4314 5149 3312
f 4316 7346 595
f 582 4313 1415
f 7565 1415 4313
f 7310 5149 2051
f 3314 2051 4314
f 3314 2639 2052
f 4317 583 2637
f 6197 5152 4895
f 5968 5153 5648
f 4700 6206 4318
f 6933 2054 4699
f 5157 4321 2642
f 3315 2057 6208
f 4896 2059 5968
f 1259 5155 5156
f 1263 4319 3912
f 7337 2063 6208
f 6826 2642 4321
f 2644 4324 5157
f 1458 4897 4320
f 4323 2061 2058
f 2058 4319 4323
f 1267 4323 464
f 2061 4323 2062
f 2647 6209 2644
f 4321 5157 4324
f 4322 3318 7063
f 4897 7063 3318
f 2064 463 1271
f 462 2065 1271
f 5157 3319 2644
f 2644 2648 2647
f 3910 6209 5964
f 4325 2647 381
f 4310 6195 5162
f 4704 2069 4705
f 6210 377 6997
f 6210 6200 6433
f 6997 2635 6200
f 5465 5466 5158
f 7467 5653 2070
f 4705 1460 4704
f 2951 6211 2071
f 2073 2653 5653
f 375 2950 1148
f 369 3322 1172
f 3917 3916 1461
f 3325 1461 3916
f 5653 3327 5161
f 1462 2075 4901
f 374 6212 1152
f 370 4328 371
f 2653 2458 3327
f 2454 3326 1163
f 2075 1163 4329
f 3326 1460 4329
f 5970 1155 2074
f 371 3327 2458
f 2458 2653 1167
f 6436 372 1167
f 1159 3917 2446
f 5162 366 4330
f 365 4330 366
f 4331 2656 4330
f 4332 1463 2077
f 1046 3919 258
f 257 3920 1046
f 4330 2656 4335
f 2080 6213 1464
f 2077 1464 6213
f 2659 3919 2078
f 1049 6437 257
f 3920 257 4333
f 2079 3920 2660
f 256 5163 1049
f 258 2659 7325
f 364 4331 365
f 3328 2657 7064
f 2660 4333 6643
f 1053 5165 256
f 4334 2083 5163
f 255 5166 1053
f 5628 2633 5655
f 2080 5971 6214
f 6216 2665 2084
f 5167 7362 6215
f 6218 4693 5626
f 6219 5657 6216
f 5168 4338 6217
f 6219 4337 6220
f 5944 3898 5168
f 5654 2665 5656
f 3923 5973 1445
f 7213 2042 6220
f 5093 5172 5934
f 6172 5660 5170
f 5171 5664 5935
f 7481 5174 5659
f 5173 5181 5661
f 5663 5177 5936
f 5662 5179 5175
f 5176 6222 5937
f 3881 4853 5178
f 2610 5925 5665
f 2611 6222 5178
f 605 4714 1479
f 536 2670 1353
f 2677 619 615
f 4342 332 331
f 4343 387 386
f 4344 140 139
f 494 616 2679
f 139 4346 614
f 620 4348 4347
f 2096 4347 4348
f 2096 4348 2681
f 622 2684 4348
f 3927 1492 3342
f 1491 3342 1492
f 2096 4349 2683
f 3935 2683 4349
f 1493 4349 1492
f 3339 1492 4349
f 1449 3340 593
f 2097 4350 2108
f 592 4350 1449
f 3340 1449 4350
f 593 4351 1452
f 2098 4351 2682
f 3340 2682 4351
f 1494 1491 3339
f 2684 2099 2681
f 1452 4352 594
f 4351 2098 4352
f 1496 3344 2100
f 2685 1494 3344
f 2100 3928 3929
f 3928 2100 2099
f 2684 3928 2099
f 1495 2684 622
f 3343 2685 6507
f 2685 3343 1494
f 6507 2685 3930
f 1496 3930 2685
f 6438 3929 624
f 594 4352 2955
f 2955 595 594
f 1496 3931 1497
f 2101 1496 2100
f 1499 3932 1497
f 7326 1497 3932
f 1498 6438 624
f 2101 6438 3346
f 625 3346 1498
f 6438 1498 3346
f 595 3345 1454
f 2103 3345 2686
f 3345 2103 2102
f 1499 4353 3348
f 4353 1499 3931
f 1454 4354 1455
f 4354 1454 2102
f 2104 4354 2102
f 3348 4353 1500
f 2688 4355 2687
f 4353 2687 4355
f 626 4356 625
f 3346 625 4356
f 4359 2688 4356
f 4354 2104 4357
f 3933 4357 2104
f 1455 4354 4357
f 4358 2105 1500
f 4359 627 4913
f 627 4359 626
f 2688 4359 3934
f 2106 6223 5666
f 628 5473 4913
f 4361 2956 3351
f 3351 576 4361
f 2107 5063 5666
f 3351 2956 2605
f 620 4347 1501
f 4347 2683 4362
f 1493 3341 3352
f 2683 3935 2689
f 3936 2689 3935
f 3353 3936 3352
f 4363 2108 4350
f 1435 4363 592
f 2690 1435 591
f 2957 630 4362
f 2109 2957 2689
f 3936 5980 1502
f 4060 5667 2690
f 5667 4060 5980
f 630 2957 629
f 631 4365 4364
f 4364 4365 2693
f 1503 4366 1504
f 2693 7065 2679
f 4345 2679 4368
f 1489 4368 1504
f 3937 1504 4368
f 1506 3356 632
f 2110 4346 2680
f 1288 6114 5182
f 3941 1069 5182
f 1508 3365 2958
f 3365 1508 2694
f 4205 1508 2958
f 1508 4205 2503
f 2112 1512 3074
f 1513 3074 2385
f 4369 4101 6440
f 273 6440 185
f 4120 1515 6104
f 1515 4120 6440
f 1516 3940 4989
f 2114 4122 3940
f 2698 4123 4370
f 4123 2698 6105
f 4369 2329 4101
f 2113 3359 7056
f 3359 2113 4100
f 974 4100 2113
f 186 2698 4370
f 1516 4099 2328
f 2698 4099 1516
f 4371 2699 197
f 3361 4106 2699
f 2116 2334 2959
f 2116 4104 2334
f 4105 981 3362
f 1193 3362 981
f 6110 3361 2699
f 2699 4189 6110
f 4189 2699 4371
f 2467 3363 2116
f 2117 556 555
f 4715 3162 1283
f 2499 1524 1283
f 3364 1526 3358
f 2504 3358 1526
f 2379 1526 4112
f 3364 4112 1526
f 1507 4113 3938
f 4113 1507 1069
f 4113 2380 2694
f 5982 4204 2502
f 1284 3945 5981
f 3945 1284 4204
f 2960 5474 2501
f 1569 3371 274
f 3371 1569 5474
f 412 4203 1569
f 5474 1569 4203
f 3369 2327 2712
f 1574 4372 183
f 4372 2712 4098
f 2712 2327 4098
f 4372 1574 5183
f 290 5183 1574
f 2325 4097 3370
f 1082 3370 6225
f 2386 3369 2712
f 4117 2712 4372
f 5185 3943 2130
f 3370 6475 2325
f 5186 6444 2382
f 2713 1575 7436
f 1068 4111 5981
f 2960 5981 4111
f 1579 3368 2961
f 2502 1579 5982
f 4110 1579 2961
f 1579 4110 2377
f 408 1583 5187
f 4373 5187 1583
f 196 4373 1583
f 6113 4373 6646
f 2330 6646 4102
f 5187 4373 6113
f 2470 1584 4194
f 3946 4194 1584
f 1196 6112 2135
f 2332 3373 2715
f 3375 2715 3373
f 1585 3375 195
f 3374 2715 4193
f 3375 1585 5188
f 1586 4998 1585
f 5188 1585 4998
f 409 4998 1586
f 4201 1587 2136
f 4199 7052 2132
f 6647 4374 6648
f 7297 2292 5986
f 6962 6875 7304
f 5990 6649 5985
f 3948 5194 5984
f 6229 5193 2721
f 6232 2721 5193
f 6230 5194 3948
f 6233 6232 5198
f 6233 5672 2721
f 6231 4612 5199
f 6236 5198 4382
f 3385 3386 3384
f 4613 6655 4795
f 3386 3385 4079
f 3391 1597 1598
f 1597 3391 3389
f 2966 2145 1212
f 635 4384 636
f 4384 635 4385
f 634 4385 635
f 4385 634 2728
f 2729 4385 2728
f 1208 3393 423
f 4386 423 3393
f 2146 2966 4386
f 422 7066 3394
f 636 5205 3395
f 5205 636 4384
f 2731 4387 2146
f 3390 2146 4387
f 7215 5205 4384
f 1600 4722 7566
f 3953 3392 7566
f 1204 5206 7066
f 2147 3393 3394
f 297 4723 1204
f 2967 637 3395
f 7215 2732 5207
f 2734 4920 7119
f 2731 2147 7119
f 638 5208 4440
f 4390 5477 5209
f 3472 5209 5296
f 3956 4919 6237
f 4392 2151 6407
f 2151 4392 2735
f 4723 297 6239
f 1631 4393 3467
f 4393 2738 4394
f 3467 4394 1603
f 2735 4392 2738
f 4394 2738 4392
f 5994 3958 5995
f 5211 4614 5996
f 6239 6240 5212
f 5684 3402 7216
f 5683 5680 5213
f 5213 4724 5997
f 5686 4396 2739
f 2152 4396 5686
f 4396 2152 4925
f 5215 5218 6241
f 5687 1604 1605
f 5217 6242 2737
f 5692 3408 3964
f 3965 3966 7437
f 3964 3965 1606
f 6243 4726 6244
f 6242 6244 4726
f 1317 4398 484
f 4398 1317 5690
f 3967 1607 3966
f 1607 3967 1609
f 5692 5219 2153
f 1100 7313 6243
f 2153 5219 7121
f 2154 4398 3407
f 4398 2154 6246
f 1608 3408 4729
f 7067 6245 6246
f 1609 3968 1611
f 1098 4399 293
f 2155 2740 5220
f 4399 5693 3410
f 6247 485 6245
f 1610 4400 3969
f 4400 2742 3411
f 3969 4400 4730
f 2742 4728 2155
f 4728 2742 4400
f 6248 1322 6247
f 2743 4401 7067
f 5702 3416 5221
f 5704 2745 5697
f 6408 5221 6250
f 1094 4403 1098
f 4403 1094 6251
f 6248 5224 6252
f 3415 5222 5696
f 5223 5700 5285
f 4402 5225 6250
f 5704 5697 6249
f 5699 5228 5736
f 5698 5236 5226
f 5227 6253 4750
f 5694 5233 5229
f 5230 6254 6730
f 2744 6255 5231
f 6803 6256 6255
f 5703 6258 5234
f 4405 4737 6253
f 3425 5715 5283
f 3426 6261 5714
f 6012 6885 5723
f 5711 7401 4621
f 6254 4406 6257
f 6266 1615 4738
f 6269 4411 6263
f 6269 309 3454
f 5253 5256 6271
f 6270 5720 5254
f 3427 5719 5717
f 5260 6943 6266
f 4943 5262 1119
f 5262 3979 4419
f 3434 1123 4419
f 3432 3433 5724
f 6273 4420 1618
f 2981 2166 6274
f 4944 5725 2165
f 312 4419 1123
f 6272 2413 313
f 5725 2413 6272
f 4422 6273 4423
f 4422 4423 315
f 6383 2414 5725
f 2413 5725 2414
f 314 2414 6383
f 2168 3437 215
f 2170 215 3437
f 4423 6275 1132
f 2420 4422 315
f 4624 2982 4415
f 2754 5713 6276
f 7012 6276 5713
f 5274 4424 5272
f 5276 5732 5275
f 5277 4427 6276
f 6277 5276 5274
f 4425 4424 3449
f 206 3983 7474
f 4945 3981 7195
f 3984 4946 3441
f 3447 1000 204
f 4426 7328 2172
f 3447 204 2983
f 996 2983 204
f 3445 2761 2762
f 2761 3445 3444
f 1622 3451 2760
f 7438 1622 3985
f 2758 7438 4428
f 2761 2758 4428
f 4428 3985 2765
f 2761 4428 2764
f 2762 2761 2764
f 202 2173 992
f 988 2763 202
f 309 308 2766
f 2767 3454 2766
f 1625 7350 2175
f 1624 2175 7350
f 1233 4430 435
f 4430 2177 4429
f 434 4431 1233
f 3455 6565 1625
f 3456 7123 1627
f 2177 4430 2770
f 4431 2770 4430
f 1229 7351 7517
f 2770 4431 2178
f 4433 2178 4431
f 5733 7350 2773
f 4432 2773 6565
f 432 4436 1225
f 1221 6279 432
f 2772 2179 4435
f 5999 3971 6279
f 6259 4408 5281
f 6000 3970 5285
f 5998 1324 6252
f 5685 5737 7139
f 2182 4755 2181
f 5993 3400 5291
f 5681 5741 5291
f 3473 5292 4754
f 5293 5743 4752
f 4439 5296 5295
f 5294 6282 6283
f 6282 4438 5297
f 6281 2774 4442
f 4442 2183 7174
f 1632 4441 5739
f 6284 1481 605
f 7087 2184 3475
f 1633 3475 4756
f 2185 565 1402
f 565 2185 4625
f 1481 6284 7572
f 1481 7572 606
f 2779 4444 2780
f 4444 2779 7087
f 3987 3477 1633
f 2185 7352 4951
f 2778 4951 7352
f 564 2186 7352
f 2186 564 1399
f 606 4443 607
f 4443 2779 4445
f 2781 4444 3987
f 4444 2781 2783
f 607 4445 608
f 2782 608 4445
f 447 566 570
f 472 4447 1636
f 148 4448 2786
f 391 4449 664
f 3989 2787 1672
f 685 3989 684
f 2985 684 3989
f 3480 2987 681
f 4450 7234 6672
f 3481 2990 2195
f 6285 6891 7124
f 6675 3482 6520
f 5750 4456 6286
f 4453 4454 6287
f 3991 2988 7552
f 6676 6290 6389
f 6290 7224 6389
f 2790 5748 6289
f 6288 6814 5308
f 6686 7223 6684
f 6686 6690 6688
f 6686 684 6692
f 1680 3994 6691
f 7263 1677 6414
f 6690 6686 6692
f 2793 3488 7072
f 3494 3495 7487
f 6900 3496 2794
f 1681 1736 1682
f 6575 6697 1682
f 2795 4461 2196
f 4462 7353 4461
f 623 7329 624
f 3613 6697 6575
f 1495 4463 623
f 2796 4463 2797
f 4464 2797 4463
f 622 4464 1495
f 3500 1683 2199
f 1684 3500 2199
f 2798 3499 2198
f 4466 2198 3499
f 1416 4466 579
f 4467 2800 4466
f 578 4467 1416
f 4465 2799 4468
f 7573 4468 2799
f 2800 4467 2200
f 1412 2201 578
f 4467 578 2201
f 4469 2281 6580
f 577 4469 1412
f 4470 2810 1690
f 4471 650 6296
f 4472 3505 2812
f 4470 3503 3507
f 3503 2811 3506
f 2208 4002 5753
f 2811 4471 3506
f 4957 2997 5316
f 5755 5752 2209
f 3508 5317 5318
f 3035 1691 4473
f 7028 2813 6295
f 6296 649 6297
f 4770 3509 5321
f 5321 7226 5758
f 7028 4474 5322
f 4474 7391 6032
f 5322 6032 5502
f 5758 3513 5323
f 5323 4007 6035
f 4771 5324 4003
f 5756 2814 4773
f 5324 3516 5760
f 5320 4475 5325
f 6297 649 6300
f 3514 5325 2815
f 5760 3515 5326
f 4004 5326 4960
f 6035 4006 5327
f 6034 2212 5761
f 4448 5327 5763
f 6033 4005 5328
f 5328 4477 6299
f 5763 3518 5329
f 5762 2816 5764
f 6417 4776 5330
f 4009 5330 4960
f 5765 3003 6300
f 3005 6299 4477
f 5331 7392 6298
f 1692 6576 6036
f 2214 3003 3524
f 648 5334 1554
f 6418 2817 1693
f 4479 3524 6301
f 5766 4479 5335
f 4010 3523 5336
f 1693 4775 3521
f 4961 5768 2820
f 4013 2218 1694
f 7029 1694 5337
f 3525 396 4777
f 1296 2224 3527
f 4015 3527 2224
f 3529 3528 1702
f 4015 1702 3528
f 5338 1565 4480
f 4481 3530 4016
f 3531 6303 5339
f 1300 4482 475
f 2828 4016 3530
f 4016 2828 4482
f 4482 2828 4017
f 2828 2829 3009
f 2229 3531 5339
f 3011 3536 4480
f 2830 4019 2226
f 4019 2830 3531
f 4017 2225 3532
f 2228 3532 2225
f 2228 3010 4018
f 3010 2225 3009
f 2831 3533 1703
f 6392 476 1304
f 2832 1703 3533
f 2227 4018 1704
f 4021 1704 4018
f 694 4483 693
f 4483 694 1703
f 692 693 6304
f 4483 3535 693
f 3534 2832 2227
f 1705 3012 4021
f 1567 3011 1565
f 5770 644 3540
f 1706 4485 691
f 2833 4484 4631
f 4484 2833 4485
f 2833 4486 2230
f 3539 2230 4486
f 6699 3539 4486
f 3012 1705 6699
f 6305 6699 1705
f 1707 6306 1708
f 2231 7526 2230
f 3538 2230 4487
f 6699 4488 7534
f 2232 4490 2233
f 1708 3013 690
f 2835 4489 6393
f 1710 6307 689
f 2294 4490 2232
f 1062 6309 6308
f 6309 6313 3543
f 6311 6047 6312
f 6311 3008 5505
f 4023 6043 2240
f 6309 251 6314
f 250 5342 7485
f 6038 6312 7542
f 6310 2237 6315
f 2240 3546 6315
f 2238 3015 2236
f 5344 249 4633
f 7030 3549 3016
f 1712 6044 6316
f 1712 3548 4778
f 5351 3551 6319
f 4493 6320 5347
f 2838 6317 4964
f 5348 3549 7030
f 6048 4025 5350
f 2246 3552 7154
f 2249 6700 4032
f 6700 5779 5352
f 6321 6701 5349
f 4027 1713 5353
f 5780 5353 2843
f 2842 3557 4497
f 3557 2841 4496
f 355 4496 356
f 4498 356 4496
f 2843 3560 2841
f 4498 2841 3560
f 1714 6457 1713
f 3021 3562 2247
f 5512 5511 5354
f 5354 6049 5777
f 2247 3561 4495
f 3561 2840 6701
f 4031 4495 6321
f 2248 1714 3021
f 1041 4030 246
f 356 4498 357
f 3560 2844 358
f 6322 1175 4780
f 2845 2842 3565
f 2845 3566 7536
f 3566 4499 3564
f 4971 1717 4503
f 2845 3565 2250
f 2845 2847 3566
f 1173 3567 353
f 1169 6324 6323
f 3570 4500 4036
f 4036 5356 6324
f 4037 4036 6324
f 1717 7486 4502
f 4501 5355 3569
f 4502 3569 1718
f 2846 4503 6325
f 6326 4504 5357
f 4502 5357 1717
f 351 3572 4037
f 5364 5786 7031
f 6326 2254 6327
f 2252 4038 6328
f 351 2456 3572
f 2456 7127 3572
f 3022 2253 4506
f 2849 4506 2253
f 350 4507 2455
f 350 3574 4507
f 3574 350 2450
f 2450 6329 3574
f 3023 4506 4972
f 3575 6329 6330
f 5361 6331 4972
f 7074 6053 6327
f 7031 2850 4782
f 5365 4782 5788
f 5787 4509 5366
f 4509 1719 6054
f 5366 6054 7583
f 5788 3576 5367
f 3576 2258 6055
f 5367 6055 6774
f 5363 4508 5368
f 6331 5362 4783
f 5368 3578 2256
f 5362 6330 5369
f 5369 5376 5792
f 2256 3577 4040
f 4040 4510 6057
f 6774 6056 5370
f 5370 5789 5790
f 2257 4041 5371
f 5371 6332 5374
f 5790 3580 5372
f 5372 4511 5373
f 4638 6058 2260
f 2259 4510 7228
f 5793 6335 4974
f 3581 348 3582
f 2852 4512 6334
f 5377 6058 6059
f 7032 4514 5377
f 2438 3582 348
f 1153 4042 2438
f 2437 3583 1153
f 347 4515 2437
f 6703 7075 4515
f 346 4516 1149
f 6336 2852 5795
f 4519 4517 7354
f 4516 4518 6459
f 2262 4518 2263
f 4518 2262 6459
f 345 4520 4518
f 1145 4520 345
f 2263 4518 4520
f 2263 7128 2264
f 7128 2263 4520
f 1141 4521 1145
f 4521 2855 7128
f 6339 2264 7128
f 4521 1141 3589
f 344 3589 1141
f 6337 5378 4519
f 7354 1723 1724
f 2856 4522 6339
f 2856 3590 2857
f 6340 6341 3590
f 612 4639 6347
f 6346 5380 2858
f 3591 5382 2266
f 4784 5383 5802
f 5799 5515 4047
f 6342 6061 4641
f 4522 5797 5384
f 6343 5385 2859
f 5387 4525 6063
f 4050 6063 4525
f 6344 4046 3598
f 6344 1727 4050
f 2859 4526 2860
f 2859 4527 4526
f 342 4524 343
f 4524 342 4527
f 341 4527 342
f 461 2267 3028
f 2267 461 4049
f 4526 2861 2860
f 2861 3597 2860
f 460 6345 6062
f 1268 5390 4528
f 3605 2863 6579
f 4047 6342 5383
f 4529 5380 6346
f 6065 3602 4790
f 2863 5804 5801
f 6347 4529 4789
f 6348 6066 4790
f 2863 3031 2272
f 3031 2863 3605
f 2272 4531 2273
f 458 3032 1264
f 1260 5394 6350
f 3032 458 6350
f 5395 6351 5394
f 2274 2275 4052
f 4642 6353 6352
f 639 4789 4791
f 6823 2277 6354
f 5399 2276 5398
f 5807 4534 5400
f 6355 4534 5399
f 6355 455 5401
f 1733 3609 7129
f 4053 4535 6031
f 3610 6031 4535
f 5401 502 4472
f 4054 6356 1734
f 1734 4536 4054
f 4536 1734 5402
f 4538 5402 626
f 2279 4537 3036
f 4537 2279 2866
f 4055 2280 1735
f 7573 7567 4468
f 1735 3036 1736
f 625 4538 626
f 2866 4536 6706
f 5751 2282 4055
f 1681 4055 1735
f 1498 3037 625
f 4538 625 3037
f 2283 6706 2795
f 624 4462 1498
f 2797 4464 2285
f 4464 622 3038
f 1490 3038 622
f 2284 2285 2291
f 6456 6697 1737
f 5809 6456 1737
f 3047 697 663
f 4080 2286 1738
f 4539 1527 3634
f 2784 3047 663
f 2867 3039 4541
f 657 4541 4540
f 1741 4058 3616
f 4058 1739 4542
f 3616 4542 2287
f 2868 2287 4542
f 4542 3617 2868
f 4058 4062 1740
f 1428 4543 589
f 2287 3623 2869
f 3623 2287 4543
f 588 3623 1428
f 589 4544 1424
f 4544 589 4543
f 3618 4544 2868
f 4544 3618 6072
f 1739 4057 1742
f 1424 6072 590
f 1743 4545 1742
f 7102 1742 4545
f 4541 657 1594
f 656 3619 1594
f 3619 656 6357
f 1743 3621 4545
f 3621 1743 6357
f 1502 5980 1744
f 4060 1744 5980
f 1591 6357 656
f 3621 4546 2109
f 2957 2109 4546
f 629 4546 1591
f 6357 1591 4546
f 587 3624 1430
f 1746 1745 4063
f 1430 3624 3622
f 3624 1745 4061
f 3622 4061 2869
f 1747 4547 1746
f 4064 4548 2288
f 4548 691 1707
f 1741 4547 1747
f 4547 1741 3616
f 2288 3040 2289
f 3040 2288 4548
f 1708 3040 1707
f 2289 3041 3039
f 690 3041 1708
f 3041 690 4540
f 1745 3625 4063
f 3625 1745 2290
f 1748 4549 4066
f 4066 4063 1748
f 3624 587 3042
f 692 3626 693
f 3627 693 3626
f 1749 4549 1748
f 2870 4549 2871
f 2871 4550 2872
f 4550 2871 4549
f 1750 4550 1749
f 4550 1750 3628
f 2873 4551 4067
f 4069 1433 4552
f 585 4552 1433
f 693 3627 694
f 2872 4071 4072
f 1750 4551 1751
f 3629 1751 4551
f 694 4072 695
f 2873 4553 4074
f 4553 2873 4552
f 584 4553 585
f 584 3630 4553
f 4074 4073 3629
f 1751 3629 1752
f 695 4554 476
f 3043 476 4554
f 4207 4075 1752
f 2874 4070 4075
f 4207 3807 1302
f 4073 4074 6587
f 477 3630 584
f 640 4794 641
f 4459 7487 1737
f 6955 6419 2996
f 698 688 4555
f 4555 3048 698
f 2992 4555 4450
f 4555 2992 2298
f 4556 2875 3045
f 2293 3045 2875
f 3635 2875 4556
f 643 7131 644
f 5749 6525 6394
f 7176 6359 5204
f 6028 7080 4720
f 7158 7281 6582
f 7234 4983 7221
f 6359 6949 2726
f 6461 2726 1679
f 3047 2299 1754
f 1754 697 3047
f 2297 2299 3047
f 1755 1738 4558
f 3633 2876 3634
f 4558 1738 4539
f 2875 3635 2299
f 703 3635 701
f 698 3048 705
f 3048 2298 2876
f 1755 4081 1753
f 2298 4558 2876
f 4558 2298 4081
f 1756 2879 1757
f 1757 2880 6395
f 7453 4984 7454
f 742 6361 743
f 4082 768 6362
f 741 6361 742
f 6361 741 6709
f 785 2304 786
f 1765 2304 1766
f 842 841 5405
f 846 4083 847
f 4083 846 6965
f 840 6710 5405
f 848 4083 849
f 5407 7561 6710
f 868 2884 869
f 859 2307 860
f 1773 2307 7538
f 871 7499 872
f 3636 4559 3639
f 874 5408 873
f 876 5810 875
f 1775 5813 1774
f 5811 1774 5813
f 5810 3640 5812
f 2308 4560 4084
f 877 4560 878
f 880 3641 879
f 875 5812 877
f 1775 6080 5813
f 4084 877 5812
f 1775 3639 7103
f 2308 3638 5811
f 3638 1774 5811
f 4560 3637 5810
f 1774 3638 1776
f 878 4560 876
f 873 4559 880
f 3641 880 4559
f 3642 4561 3645
f 882 5409 881
f 884 5814 883
f 1778 5817 1777
f 5815 1777 5817
f 5814 3646 5816
f 2309 4562 4085
f 885 4562 886
f 888 3647 887
f 883 5816 885
f 1778 6082 5817
f 4085 885 5816
f 1778 3645 7104
f 2309 3644 5815
f 3644 1777 5815
f 4562 3643 5814
f 1777 3644 1779
f 886 4562 884
f 881 4561 888
f 3647 888 4561
f 3648 4563 3651
f 890 5410 889
f 892 5818 891
f 1781 5821 1780
f 5819 1780 5821
f 5818 3652 5820
f 2310 4564 4086
f 893 4564 894
f 896 3653 895
f 891 5820 893
f 1781 6084 5821
f 4086 893 5820
f 1781 3651 7105
f 2310 3650 5819
f 3650 1780 5819
f 4564 3649 5818
f 1780 3650 1782
f 894 4564 892
f 889 4563 896
f 3653 896 4563
f 3654 4565 3657
f 898 5411 897
f 900 5822 899
f 1784 5825 1783
f 5823 1783 5825
f 5822 3658 5824
f 2311 4566 4087
f 901 4566 902
f 904 3659 903
f 899 5824 901
f 1784 6086 5825
f 4087 901 5824
f 1784 3657 7106
f 2311 3656 5823
f 3656 1783 5823
f 4566 3655 5822
f 1783 3656 1785
f 902 4566 900
f 897 4565 904
f 3659 904 4565
f 3660 4567 3663
f 906 5412 905
f 908 5826 907
f 1787 5829 1786
f 5827 1786 5829
f 5826 3664 5828
f 2312 4568 4088
f 909 4568 910
f 912 3665 911
f 907 5828 909
f 1787 6088 5829
f 4088 909 5828
f 1787 3663 7107
f 2312 3662 5827
f 3662 1786 5827
f 4568 3661 5826
f 1786 3662 1788
f 910 4568 908
f 905 4567 912
f 3665 912 4567
f 3666 4569 3669
f 914 5413 913
f 916 5830 915
f 1790 5833 1789
f 5831 1789 5833
f 5830 3670 5832
f 2313 4570 4089
f 917 4570 918
f 920 3671 919
f 915 5832 917
f 1790 6090 5833
f 4089 917 5832
f 1790 3669 7108
f 2313 3668 5831
f 3668 1789 5831
f 4570 3667 5830
f 1789 3668 1791
f 918 4570 916
f 913 4569 920
f 3671 920 4569
f 3672 4571 3675
f 922 5414 921
f 924 5834 923
f 1793 5837 1792
f 5835 1792 5837
f 5834 3676 5836
f 2314 4572 4090
f 925 4572 926
f 928 3677 927
f 923 5836 925
f 1793 6092 5837
f 4090 925 5836
f 1793 3675 7109
f 2314 3674 5835
f 3674 1792 5835
f 4572 3673 5834
f 1792 3674 1794
f 926 4572 924
f 921 4571 928
f 3677 928 4571
f 3678 4573 3681
f 930 5415 929
f 932 5838 931
f 1796 5839 1795
f 5839 1796 5841
f 5838 3682 5840
f 2316 4574 4091
f 933 4574 934
f 936 3683 935
f 931 5840 933
f 2315 6094 5841
f 4091 933 5840
f 1796 3681 2315
f 2316 3680 5839
f 3680 1795 5839
f 4574 3679 5838
f 1795 3680 1797
f 934 4574 932
f 929 4573 936
f 3683 936 4573
f 3684 4575 3687
f 938 5416 937
f 940 5842 939
f 1799 5843 1798
f 5843 1799 5845
f 5842 3688 5844
f 2318 4576 4092
f 941 4576 942
f 944 3689 943
f 939 5844 941
f 2317 6096 5845
f 4092 941 5844
f 1799 3687 2317
f 2318 3686 5843
f 3686 1798 5843
f 4576 3685 5842
f 1798 3686 1800
f 942 4576 940
f 937 4575 944
f 3689 944 4575
f 3690 4577 3693
f 946 5417 945
f 948 5846 947
f 1802 5847 1801
f 5847 1802 5849
f 5846 3694 5848
f 2320 4578 4093
f 949 4578 950
f 952 3695 951
f 947 5848 949
f 2319 6098 5849
f 4093 949 5848
f 1802 3693 2319
f 2320 3692 5847
f 3692 1801 5847
f 4578 3691 5846
f 1801 3692 1803
f 950 4578 948
f 945 4577 952
f 3695 952 4577
f 3696 4579 3699
f 954 5418 953
f 956 5850 955
f 1805 5851 1804
f 5851 1805 5853
f 5850 3700 5852
f 2322 4580 4094
f 957 4580 958
f 960 3701 959
f 955 5852 957
f 2321 6100 5853
f 4094 957 5852
f 1805 3699 2321
f 2322 3698 5851
f 3698 1804 5851
f 4580 3697 5850
f 1804 3698 1806
f 958 4580 956
f 953 4579 960
f 3701 960 4579
f 964 5854 963
f 1808 5855 1807
f 5855 1808 5857
f 5854 3706 5856
f 2324 4581 4095
f 965 4581 966
f 968 3707 967
f 963 5856 965
f 1808 6102 5857
f 4095 965 5856
f 2324 3704 5855
f 3704 1807 5855
f 4581 3703 5854
f 1807 3704 1809
f 966 4581 964
f 6464 968 961
f 2327 4582 25
f 2914 3198 2913
f 1369 4589 6605
f 4590 6605 6783
f 441 4591 4669
f 2931 4593 4595
f 4593 2932 4594
f 4595 4594 2933
f 2622 6465 5445
f 407 406 4597
f 7582 2940 6363
f 4605 6473 6713
f 4607 2950 375
f 4608 2954 6546
f 2954 4608 2953
f 4609 2086 1426
f 1547 1545 1546
f 4612 2137 4611
f 6652 4611 2962
f 2964 4613 6737
f 2970 4615 2969
f 4616 2973 4617
f 4620 7236 4619
f 4621 3980 2980
f 2166 4622 5718
f 2981 4421 1020
f 5264 217 4421
f 4623 3975 6670
f 2776 4625 2185
f 2989 3485 6026
f 2991 3483 7136
f 2997 4627 2208
f 2999 6296 4475
f 3000 4628 3002
f 3005 3006 4630
f 4631 3012 4486
f 5347 1676 664
f 3019 4634 3018
f 4508 5363 3023
f 4637 2258 7583
f 1721 4638 3024
f 4640 5516 5514
f 5516 4640 3026
f 3029 4641 1726
f 3033 4642 3034
f 621 6898 3044
f 6516 3388 7180
f 2335 166 4106
f 1812 4643 2337
f 2366 217 1834
f 4131 338 3078
f 3083 4136 3086
f 3081 4646 3084
f 3136 4648 1909
f 5872 1909 4648
f 6535 4650 3163
f 4650 6535 3766
f 5892 3176 4652
f 4213 4653 3186
f 1981 3841 2543
f 4654 3216 4655
f 3216 4654 6591
f 3217 4656 4658
f 4656 3218 4657
f 4658 4657 3219
f 6718 6370 3221
f 6372 6720 4662
f 4663 6372 7372
f 7163 7510 2566
f 5050 3229 4664
f 3230 4664 3229
f 4665 3232 4666
f 5026 4666 3233
f 4667 3235 6373
f 3239 3237 4668
f 3860 4668 3237
f 2924 4258 4591
f 4669 4591 4258
f 7449 4670 6606
f 5911 4672 3250
f 7312 3253 4674
f 3254 4674 3253
f 4276 6543 3257
f 991 7093 4281
f 3268 3269 3270
f 4853 3272 3271
f 5069 6980 3273
f 2929 4678 3281
f 4679 3282 4680
f 5601 4680 3283
f 3284 4681 4683
f 4681 3285 4682
f 4683 4682 3286
f 2627 5613 4684
f 4684 5613 7039
f 6173 3289 6467
f 2036 2037 2035
f 3291 4686 4867
f 4692 6723 4693
f 4694 4692 3298
f 3304 4703 3305
f 4696 6727 6376
f 1252 467 4700
f 4699 4700 467
f 3320 4701 6788
f 4702 6788 4701
f 3324 4704 1460
f 371 4328 5161
f 1466 3330 4904
f 4706 4904 4707
f 4709 5656 3334
f 3334 4710 4709
f 3335 4711 4713
f 4711 3336 4712
f 4713 4712 3337
f 2692 632 3356
f 2118 2111 2119
f 6104 1515 1514
f 1515 273 272
f 3162 4715 2117
f 2700 4715 1524
f 649 1551 1553
f 6444 261 260
f 3386 4717 3383
f 4718 6461 2141
f 4721 6442 1596
f 5205 7215 5207
f 7566 4722 3397
f 4920 3958 6238
f 5215 4724 5680
f 7097 3403 5286
f 3404 7360 2152
f 1607 4727 7437
f 2155 2153 2740
f 2153 2155 4728
f 4399 4403 5693
f 3412 4730 3411
f 3413 4731 4733
f 4731 3414 4732
f 4733 4732 3415
f 7277 4734 3416
f 4736 6881 6381
f 3420 6732 6884
f 3423 4738 3424
f 5273 3424 4738
f 7358 3425 5237
f 2978 7570 4740
f 7570 3427 4739
f 3429 4741 4742
f 2170 6015 2355
f 4745 7173 6384
f 3442 4746 3444
f 3445 4747 3442
f 4747 3445 6385
f 3447 4748 3448
f 7070 3449 7071
f 3459 6019 1629
f 3461 4749 3460
f 3464 4749 3461
f 3465 4750 7319
f 3466 4751 5737
f 4752 3470 5742
f 3469 5742 3471
f 4753 2181 2776
f 2776 4755 4625
f 4625 4437 1405
f 3474 4754 3475
f 4756 3475 4754
f 1402 7352 2185
f 4367 145 6645
f 1551 1646 1553
f 7152 6813 6521
f 7284 7088 6735
f 5311 7366 7458
f 6736 4765 6696
f 4458 7140 6527
f 4794 3496 3615
f 4767 2801 2802
f 3504 6030 4768
f 4768 3505 3504
f 5752 5753 3507
f 3509 4770 6698
f 7226 4772 3513
f 3516 4773 3515
f 3519 5762 3518
f 3521 5335 3522
f 2817 4775 1693
f 5766 3523 6036
f 4777 396 252
f 3537 5771 2834
f 3543 5772 3542
f 1712 1711 3548
f 3551 5351 3550
f 5508 4778 2838
f 3556 2245 3559
f 1175 6322 354
f 2250 4780 3567
f 3578 4783 3577
f 6704 2854 3584
f 3591 5799 3592
f 4784 4785 3592
f 3594 5386 3595
f 4786 3598 6530
f 3599 4787 3600
f 1264 4788 459
f 3606 4790 3602
f 4791 6698 4770
f 6698 4791 2864
f 4793 6697 3613
f 6963 2296 7157
f 4796 706 2877
f 4643 1813 985
f 3710 1907 3709
f 3050 4797 3713
f 3065 5866 3732
f 3069 3732 4801
f 1084 7608 4123
f 1138 5522 4645
f 5521 4645 5522
f 5529 1901 3757
f 1181 4802 4647
f 5529 4647 4802
f 4805 5871 3760
f 6740 4808 4804
f 6907 4808 6740
f 5873 4809 3138
f 3766 1912 3765
f 5538 6909 3787
f 3152 5883 3790
f 1288 3939 7
f 3163 4816 3798
f 4817 3806 4818
f 5890 4818 3806
f 4821 5891 3811
f 6746 4824 4652
f 6914 4824 6746
f 3206 3835 5896
f 4828 4827 7267
f 6539 6748 4831
f 4829 6749 4830
f 4831 4829 2916
f 7606 4832 6540
f 6540 4832 3850
f 3853 4835 6750
f 4835 3854 6751
f 2919 4836 4838
f 4836 3855 4837
f 4838 4837 3856
f 4839 3859 5910
f 3859 4839 3232
f 4840 3237 1991
f 1224 4841 4843
f 4841 3861 4842
f 4843 4842 3239
f 1372 5040 5432
f 1373 5433 5579
f 4845 4844 3863
f 4845 3863 3245
f 2927 7059 3251
f 3251 4846 3253
f 3257 5912 3865
f 4847 6857 2588
f 3867 4848 3872
f 3264 4850 3879
f 3267 3879 4851
f 3270 4852 3810
f 3272 4853 3881
f 4854 5435 5596
f 5599 5926 3271
f 2930 4855 5928
f 3886 4856 2930
f 3887 4857 4859
f 4857 2933 4858
f 4859 4858 3886
f 3888 4860 4862
f 4860 3889 4861
f 4862 4861 2931
f 2932 4863 4865
f 4863 3890 4864
f 4865 4864 3885
f 1439 4866 5445
f 4867 3894 1442
f 3896 5103 4868
f 5103 3896 3895
f 6545 3897 4869
f 4872 3900 4873
f 7524 4873 3334
f 2939 7396 4876
f 4879 6825 7488
f 7189 7488 3902
f 3903 7495 7189
f 2948 4880 2943
f 4881 2943 4880
f 2047 4887 5147
f 3312 4889 1451
f 4890 1451 4889
f 1453 2638 2639
f 4892 3910 4893
f 4896 1457 3316
f 4897 2645 2066
f 4899 3915 7378
f 5469 6212 2951
f 2071 3321 2951
f 1462 4901 4902
f 4901 1460 4705
f 6402 4905 3332
f 5165 1053 5166
f 3332 4905 4906
f 3921 4908 3900
f 4908 3921 4907
f 3921 3922 4907
f 3924 4909 3926
f 4911 4910 5979
f 628 4913 627
f 2384 4914 2111
f 410 4202 1523
f 6443 4582 3369
f 4915 5186 4115
f 6405 7489 6508
f 6758 3950 6760
f 3391 4918 1599
f 4918 3391 1598
f 4919 3955 1601
f 4920 7463 3958
f 3959 4921 5995
f 4921 3959 2970
f 4922 4923 3961
f 1313 483 7085
f 5219 3406 4726
f 3970 4926 4927
f 4926 7078 7098
f 4927 7098 3971
f 4930 4929 4616
f 2973 4931 4933
f 4931 3973 4932
f 4933 4932 3464
f 3975 4937 6940
f 4939 4938 6762
f 4942 5262 4943
f 3432 4944 2163
f 3433 2755 5724
f 6667 3981 4945
f 4748 7348 4946
f 3461 2771 3462
f 3986 4947 4948
f 4948 4947 4924
f 3474 4949 3473
f 6022 1634 3988
f 1632 4951 2778
f 4953 7020 6483
f 6026 6681 2989
f 6570 6897 7176
f 7257 6572 6769
f 6767 6571 4955
f 4954 6415 6770
f 4956 6771 6566
f 1689 2206 7568
f 4957 5500 2997
f 3511 4957 3510
f 6032 4958 3002
f 3000 4959 4005
f 4007 6034 4006
f 4960 6298 4004
f 1693 6391 6418
f 4961 4011 4629
f 2214 5766 6036
f 4010 6036 3523
f 3520 5505 3008
f 5505 3520 3007
f 6367 1701 2224
f 4962 7476 6039
f 7476 4962 3544
f 5508 5777 6049
f 4965 4966 3019
f 4968 3018 5509
f 4969 7161 2244
f 5782 4970 4969
f 4033 4971 4032
f 6054 7553 6773
f 4636 4973 4041
f 6337 4975 7464
f 4975 6337 1724
f 4043 5798 7464
f 2265 6578 3025
f 3026 4976 5515
f 3600 4787 3027
f 3029 4977 3602
f 4978 4051 3603
f 3603 2270 4978
f 3608 4979 7076
f 4980 1747 6358
f 927 6515 6412
f 4983 6775 7221
f 2300 2302 1758
f 973 4097 87
f 4985 2333 2335
f 985 2337 4643
f 4108 1048 7045
f 4109 1055 7046
f 1062 3735 4986
f 291 4123 1086
f 321 4990 320
f 4127 4131 3077
f 4991 6845 3079
f 4169 4992 4171
f 357 6489 4994
f 4196 1265 7049
f 1315 1319 5545
f 5546 4999 2892
f 512 1330 511
f 3183 1335 1957
f 2536 1961 2535
f 4240 4654 3844
f 3847 4242 6592
f 5002 3215 6121
f 7380 6121 7405
f 5003 5553 7447
f 3217 6777 4242
f 3218 5005 5007
f 5005 3850 5006
f 5007 5006 3254
f 4655 5008 6423
f 5008 3221 6423
f 5009 3226 6720
f 3226 5009 3220
f 3848 5011 6780
f 4246 5051 3225
f 5016 4247 3852
f 3224 5017 3856
f 4248 6131 5019
f 5019 5018 3860
f 7146 4250 5020
f 4251 5021 1369
f 5022 1369 5021
f 5023 4264 3230
f 4253 5024 6427
f 5024 4247 6427
f 6603 6427 7198
f 5025 4265 4246
f 5020 4250 5027
f 3859 5029 4254
f 5030 4254 5029
f 4249 5035 5036
f 5035 5019 4840
f 5036 4840 1991
f 7112 2922 6783
f 5037 6783 6605
f 1372 4251 5039
f 4257 4254 6138
f 4257 6138 4259
f 1228 3861 442
f 5042 6976 6542
f 4259 6142 4260
f 4845 4261 4844
f 5044 5046 3244
f 3229 5050 4265
f 5051 4246 4265
f 4266 6157 3255
f 3250 6978 3256
f 3252 4673 4266
f 3249 1379 4267
f 4268 5054 6607
f 4269 5054 4268
f 3249 4267 6429
f 4270 5055 4269
f 5054 4269 5055
f 4243 5056 4270
f 5055 4270 5056
f 4271 6154 3248
f 5058 4272 3256
f 4274 5059 4273
f 5589 2588 3259
f 2593 5061 2013
f 5061 214 2013
f 4284 5062 3869
f 4284 5063 2107
f 4285 1417 3263
f 4286 5064 4291
f 3274 5065 6159
f 3926 5068 4289
f 4292 5071 2607
f 3909 5072 5073
f 5073 5074 5079
f 4296 5074 5072
f 3281 5075 3924
f 5075 3281 4678
f 5076 2621 5929
f 3925 5078 3283
f 5079 3283 5078
f 4296 5080 5082
f 5080 5928 5081
f 5082 5081 4679
f 5978 5083 3885
f 5644 5084 5086
f 5084 3286 5085
f 5086 5085 3887
f 4298 5087 5088
f 5088 7061 3284
f 3285 5089 5091
f 5089 3891 5090
f 5091 5090 3888
f 4299 7481 5092
f 5092 3287 4299
f 4300 5093 3288
f 6177 3288 5097
f 6177 6180 5101
f 5102 5098 4302
f 405 6176 5100
f 6176 7039 5099
f 5100 5099 6785
f 2627 5101 2628
f 2628 5103 3895
f 6615 5104 2935
f 3896 5108 5110
f 5110 5109 6544
f 6615 6616 5116
f 5116 5115 4306
f 3922 5119 5121
f 5119 3320 5120
f 5121 5120 3296
f 5122 3904 5124
f 5124 5123 6788
f 2633 5125 4708
f 5125 4309 5126
f 4708 5126 4310
f 5127 3906 3301
f 5630 3300 3903
f 6789 6985 6430
f 6430 6790 6791
f 5130 6983 7412
f 5131 7412 6793
f 5133 6432 7261
f 6631 5134 6632
f 6795 7420 5136
f 6637 378 5138
f 378 6637 379
f 3304 5137 3321
f 5139 3321 5137
f 7490 6433 7399
f 4312 6994 4298
f 4312 5148 2944
f 5146 4891 3313
f 5146 6504 3310
f 5147 2050 2047
f 2050 7346 4316
f 5148 2048 3311
f 503 454 5151
f 5150 5151 454
f 5152 1446 6872
f 2640 6206 2641
f 6634 5153 6641
f 5153 2057 5154
f 6641 5154 4311
f 2055 5156 5155
f 2643 5155 3912
f 4322 2642 3318
f 4324 4892 4321
f 5157 4322 2646
f 4324 6209 3910
f 5159 4705 2069
f 2072 2651 5637
f 2950 4607 2072
f 5653 2653 3327
f 1159 2075 1462
f 5164 7117 6213
f 7118 5166 4336
f 5164 3331 6218
f 7149 4336 5166
f 3333 4709 1445
f 4338 5168 3898
f 4300 5170 5172
f 5170 3337 5171
f 5172 5171 3889
f 4299 7347 5174
f 5174 5173 3335
f 3336 5175 5177
f 5175 4340 5176
f 5177 5176 3890
f 3881 5178 3338
f 5181 3274 5180
f 3346 2687 2101
f 6114 6377 5182
f 6377 6114 2504
f 4914 2119 2111
f 4914 1512 1511
f 4987 6440 6776
f 4988 2113 7056
f 4989 3940 4122
f 4996 3361 6110
f 2959 4997 6111
f 5668 3369 2386
f 1196 3374 4193
f 6074 7294 4374
f 4377 5193 4375
f 4377 5194 4378
f 5196 6800 6650
f 4380 6232 4378
f 4381 6653 6652
f 2963 5200 6653
f 4383 6514 6802
f 3384 3386 3383
f 5203 6235 4717
f 2727 2723 2724
f 3388 4383 6802
f 4079 6775 3386
f 1601 5207 2732
f 4722 4391 4389
f 4390 5208 2967
f 4390 5209 3472
f 4389 5210 1602
f 5210 4389 4391
f 6238 5210 4391
f 5688 5217 6240
f 3958 5211 3959
f 3402 5213 3960
f 4396 5214 4395
f 4397 5679 2737
f 5679 4397 5218
f 4728 4729 3408
f 4400 4729 4728
f 3416 4402 5221
f 6250 5221 4402
f 4401 5222 5224
f 5222 3415 5223
f 5224 5223 4404
f 3413 5225 4402
f 3414 5226 5228
f 5226 4405 5227
f 5228 5227 3465
f 5229 4406 5230
f 2744 5231 5233
f 5231 4407 5232
f 5233 5232 4406
f 2745 5234 5236
f 5234 3421 5235
f 5236 5235 4405
f 3973 5237 5238
f 5237 3425 5238
f 5238 3425 4408
f 3425 7358 3426
f 5250 2749 7363
f 6448 5241 6804
f 5248 4414 3423
f 3423 5249 5248
f 3463 5239 7461
f 5239 3463 5250
f 4417 5253 5264
f 4417 5254 5256
f 5254 7468 5255
f 5256 5255 4418
f 4746 3442 5257
f 4418 5257 3442
f 7086 3429 5258
f 3427 5258 3429
f 4419 5263 3434
f 5253 218 5264
f 218 5253 1026
f 1020 4421 217
f 6383 5724 314
f 6451 5266 6811
f 4426 5276 6277
f 5272 3424 5273
f 5274 5273 2753
f 1621 5276 4426
f 5276 1621 5732
f 7070 4425 3449
f 5277 2760 4427
f 3446 5278 3984
f 5279 4427 3451
f 3418 7365 5282
f 7365 1630 5281
f 5282 5281 3417
f 4408 5283 3417
f 4404 5285 3970
f 5288 5289 3466
f 6021 4948 5290
f 4924 5290 4948
f 5291 3471 3957
f 4393 5292 5740
f 5292 3473 5293
f 5740 5293 3469
f 3470 6281 5295
f 6281 4438 5294
f 5295 5294 4439
f 4440 3472 4439
f 3472 5296 4439
f 5739 4753 1632
f 4442 5297 4438
f 6284 5297 4442
f 6766 5298 4441
f 6284 4442 3476
f 610 1635 562
f 6813 3491 6526
f 6815 4758 5303
f 6029 6818 6573
f 4452 5304 6527
f 5304 3487 6527
f 7224 7018 5313
f 7285 7125 6820
f 4763 5309 5311
f 5750 3490 4456
f 6687 6821 7597
f 5311 7458 4451
f 7241 7403 5314
f 1420 4767 580
f 2811 651 1550
f 7027 3505 4472
f 4470 4002 3504
f 5318 4473 6295
f 5321 3509 7226
f 5322 4474 6032
f 5323 3513 4007
f 3511 3516 5324
f 5325 4475 4476
f 5326 3515 4008
f 4006 3519 5327
f 5763 5327 3519
f 4005 4477 5328
f 3518 5764 5329
f 6417 5330 4009
f 5331 3526 4478
f 3526 5331 4776
f 5331 4478 7392
f 397 5332 5333
f 5332 2818 4775
f 5333 4775 2817
f 5333 398 397
f 3522 5335 4479
f 5337 4011 2820
f 4487 7526 6306
f 5340 4491 3545
f 6313 6314 7528
f 3546 5341 3545
f 6042 5342 5343
f 5343 1054 5344
f 249 5344 1054
f 3549 5507 3016
f 2838 4778 3548
f 4963 4024 5776
f 4025 5348 5349
f 4025 3549 5348
f 4494 3553 5783
f 5785 5783 5784
f 7154 3550 5351
f 5352 4029 6052
f 5352 6052 4032
f 5350 5349 6701
f 4495 3561 6701
f 4028 3558 3563
f 4027 5353 3559
f 4970 3562 3021
f 5354 3020 6049
f 1715 1714 2248
f 1717 4971 4033
f 4035 4034 4499
f 5355 4501 4034
f 6323 5356 3568
f 4504 4503 5357
f 5359 5358 4504
f 2252 3572 3573
f 5360 4507 3574
f 3575 5360 3574
f 6330 5362 3575
f 7227 5364 7031
f 5365 7227 4782
f 4509 6054 5366
f 5367 3576 6055
f 5368 4508 3578
f 5369 6330 5376
f 3577 4510 4040
f 6056 5789 5370
f 4041 6332 5371
f 3580 4511 5372
f 4512 5373 4511
f 4513 5374 6332
f 5375 4513 5795
f 5793 3581 3582
f 3584 4639 4512
f 4514 4513 5377
f 4514 7032 4517
f 4519 6336 4517
f 4520 4521 7128
f 5380 4523 5379
f 4043 5382 3591
f 5382 4043 5381
f 5384 3595 6060
f 7540 5384 4044
f 6340 4524 6341
f 6341 5385 3594
f 6343 6530 5386
f 4525 5387 4046
f 5389 5388 6064
f 7033 6064 6579
f 5390 4788 3605
f 4529 4523 5380
f 4529 6346 3030
f 5392 3030 6346
f 6351 5395 6070
f 6351 2274 4532
f 5395 5397 6070
f 5397 456 5398
f 5805 5398 2276
f 2276 5399 4534
f 4534 6705 5400
f 4536 5402 4538
f 3619 2867 4541
f 3044 2793 2291
f 6416 6960 7300
f 7144 7256 6380
f 2991 7136 6078
f 4557 7235 1595
f 2295 5204 6532
f 7180 6839 6516
f 4079 4626 6775
f 7240 6412 5403
f 2878 709 2879
f 4796 2879 709
f 2879 4796 2880
f 707 4796 708
f 706 4796 707
f 780 5404 781
f 5407 5406 7561
f 7499 866 865
f 5408 3639 4559
f 5408 6081 3639
f 5409 3645 4561
f 5409 6083 3645
f 5410 3651 4563
f 5410 6085 3651
f 5411 3657 4565
f 5411 6087 3657
f 5412 3663 4567
f 5412 6089 3663
f 5413 3669 4569
f 5413 6091 3669
f 5414 3675 4571
f 5414 6093 3675
f 5415 3681 4573
f 5415 6095 3681
f 5416 3687 4575
f 5416 6097 3687
f 5417 3693 4577
f 5417 6099 3693
f 5418 3699 4579
f 5418 6101 3699
f 962 3705 6464
f 50 62 63
f 1908 4185 1909
f 1941 4999 3176
f 6851 1982 6593
f 2915 6593 1982
f 4586 5425 4587
f 4587 2919 5427
f 2569 5428 1989
f 2921 5571 5428
f 2923 2922 6132
f 1990 5429 5430
f 5429 2922 5574
f 5431 5430 5573
f 1994 5433 2924
f 4847 2581 6857
f 1427 5436 5071
f 1449 5437 592
f 2031 4855 7462
f 4855 2930 4856
f 2032 5438 5439
f 5438 2931 4595
f 5439 4595 2933
f 2931 5440 4593
f 5440 2033 5441
f 4593 5441 2932
f 2933 4594 5443
f 4594 2932 5442
f 5077 2934 6465
f 5445 6465 6466
f 1439 5445 6466
f 2034 5098 2036
f 5102 7331 5098
f 5104 2629 5105
f 5102 4596 2935
f 2038 6919 5941
f 6753 2041 5448
f 5450 5449 2042
f 6711 6468 2939
f 7582 6711 7242
f 5454 7242 2044
f 5455 6470 6825
f 2048 5148 2049
f 1453 5646 2638
f 4316 2638 5646
f 5462 2056 7172
f 5463 3316 5464
f 3316 2058 2061
f 2064 3317 2062
f 1178 6435 5466
f 5465 6827 4606
f 5466 5465 2949
f 6996 5467 6473
f 6713 6473 2948
f 2949 5465 7460
f 7156 6713 6474
f 5161 5160 2070
f 4607 6212 5469
f 2084 5654 4906
f 2953 5470 2954
f 2041 5470 5472
f 5470 2953 5471
f 5472 5471 2085
f 4610 3933 7584
f 3350 2105 7584
f 6223 5473 2107
f 577 5473 628
f 5474 2960 2378
f 2137 5191 4611
f 5191 6077 5475
f 6830 5200 6477
f 2963 2965 5200
f 2142 6477 6447
f 2967 4388 4390
f 5477 4388 5207
f 4388 5477 4390
f 5478 7473 2148
f 5478 4614 5211
f 5479 2968 4615
f 5480 4615 2970
f 2968 6761 4615
f 6761 2968 2150
f 2743 5481 6657
f 5481 2743 7067
f 6246 5481 7067
f 2157 5482 5483
f 5482 4616 4617
f 5483 4617 7078
f 4616 5485 2973
f 4617 2973 5486
f 6831 6938 6478
f 4620 6478 6715
f 2976 6831 4620
f 2974 7493 6715
f 7493 2160 4618
f 5491 6833 7265
f 5492 6834 2977
f 5492 2977 2161
f 216 2167 2981
f 7532 482 5496
f 4437 5289 5496
f 4753 2776 4951
f 2185 4951 2776
f 6835 6837 6836
f 6837 6835 6818
f 6837 5497 6836
f 6838 2991 7157
f 2194 6482 7158
f 2992 6672 6483
f 6840 7160 7246
f 5500 7430 2998
f 2209 5320 2210
f 5320 2209 2999
f 3002 5501 3000
f 6033 3001 4628
f 3001 6033 2212
f 2213 5502 4628
f 5503 6036 6576
f 4961 4629 3004
f 3004 5336 3523
f 2217 4630 3007
f 4630 2217 3005
f 3005 4478 3006
f 3007 4630 2219
f 5340 5505 2219
f 6304 4484 4485
f 3012 4631 1704
f 6307 3013 4490
f 2242 5507 2241
f 5508 4964 5777
f 4634 2244 7161
f 4967 2245 7589
f 5509 7589 2245
f 3019 5510 4965
f 5510 3019 3018
f 2244 5511 5512
f 3020 5511 4966
f 5511 3020 5354
f 4038 2252 2253
f 3023 4972 4508
f 4637 4636 2257
f 1721 3024 4974
f 2265 3025 5514
f 3025 5387 4640
f 3026 4640 5387
f 5515 5516 3026
f 5389 3027 7356
f 3027 6063 5517
f 4048 7356 4049
f 7033 4977 2271
f 5803 3030 5392
f 5858 3709 7368
f 258 1043 6841
f 3053 5519 3713
f 3056 1046 6485
f 4108 7045 3057
f 6843 1049 6486
f 1053 5520 255
f 5520 1053 6487
f 6487 256 6844
f 4109 3063 3064
f 3064 3063 3061
f 3064 3061 249
f 1057 7440 254
f 1056 7341 3728
f 5864 3728 7341
f 3069 1061 254
f 5521 3076 4645
f 1865 5521 1866
f 1137 6845 1138
f 1866 5522 1867
f 1139 5522 1138
f 6845 5523 5525
f 1867 5524 1868
f 1140 5524 1139
f 5522 1139 5524
f 1139 5525 1140
f 5523 3080 5525
f 1868 5526 1869
f 3081 5526 1140
f 5524 1140 5526
f 5527 3083 4646
f 3083 5527 3080
f 1869 5528 1870
f 5528 1869 3081
f 3084 5528 3081
f 4647 5529 3757
f 1180 4993 1181
f 4993 1180 3127
f 4177 1902 1903
f 1182 4802 1181
f 4802 1182 5530
f 1903 5530 3128
f 3128 5530 1182
f 5531 1183 7185
f 1183 5531 3129
f 3129 5531 6489
f 4803 1905 1904
f 1183 4181 1184
f 4803 5870 3131
f 5870 1184 3130
f 5533 5532 3137
f 1909 4995 3136
f 1910 4809 3763
f 5535 2505 1911
f 1252 5536 467
f 5536 1252 5537
f 3768 5537 1252
f 3140 6848 6847
f 3143 1259 6490
f 3146 1263 6491
f 4196 7049 3147
f 3147 7049 1261
f 1271 5539 462
f 5540 462 5539
f 3152 5539 3787
f 5881 3787 5539
f 4197 3153 5541
f 7333 3155 3157
f 4814 3157 7543
f 5885 480 7162
f 3163 7162 6535
f 1295 5542 479
f 5542 1295 7369
f 1299 5543 478
f 5543 1299 5887
f 5544 5887 3802
f 4206 3168 3169
f 499 6912 5547
f 5546 7186 4999
f 3176 4999 7186
f 1942 4825 3814
f 5549 2493 1943
f 1335 3182 1334
f 1954 5550 2894
f 3201 6493 3198
f 5002 7578 3185
f 5551 6591 7578
f 6591 5551 3216
f 2557 5551 5002
f 5551 2557 5552
f 5553 7544 4658
f 3217 5554 4656
f 5554 7111 7370
f 4656 7370 3218
f 3219 4657 5557
f 4657 3218 5556
f 5557 5556 2558
f 5559 6718 3221
f 6370 5560 3220
f 5561 3220 5009
f 3222 6599 4659
f 5564 6495 2561
f 2562 4661 5051
f 1987 5017 4661
f 3225 7522 6125
f 7522 3225 3224
f 4662 3226 6855
f 2567 5567 5568
f 5567 3228 4664
f 5568 4664 3230
f 5050 3228 2562
f 3230 5569 5023
f 5569 3230 3229
f 1986 7457 5026
f 3233 4666 5571
f 4666 3232 5570
f 5571 5570 1988
f 5573 1991 5431
f 5574 5430 5429
f 3238 5030 2565
f 5577 1990 7448
f 5577 7448 2571
f 1992 5432 5578
f 5578 5040 6132
f 6917 5042 3240
f 5042 6916 3240
f 2572 2570 1993
f 4669 4258 3861
f 1993 7081 5580
f 2573 7081 7345
f 6145 1373 5579
f 3241 5579 1996
f 1374 3863 5434
f 1997 1374 1996
f 5580 3242 2575
f 2582 5581 2005
f 6607 5581 3248
f 3250 2927 5911
f 2585 4846 2005
f 7059 2005 4846
f 6602 3252 5582
f 2561 6600 2584
f 6979 5584 2585
f 4846 2585 5584
f 3253 5584 3254
f 2558 5585 6979
f 5584 6979 5585
f 2581 5586 6857
f 4273 5586 7384
f 2587 6498 2007
f 2588 5588 4847
f 5589 4276 5588
f 3257 5588 4276
f 230 4274 1029
f 7574 1415 5592
f 7574 5592 3872
f 4285 3263 5593
f 1419 7335 581
f 1418 7094 3876
f 5918 3876 7094
f 3267 1422 581
f 1421 3268 3270
f 3269 3268 5594
f 3272 5436 1427
f 2608 5595 2025
f 5595 2608 3273
f 4290 5069 3273
f 2667 5180 2610
f 4676 7465 4677
f 2609 4854 7465
f 4854 2928 7465
f 5435 4854 2025
f 2612 5596 5435
f 5435 6918 2612
f 3275 5596 3276
f 2087 4912 2612
f 5596 2612 4912
f 2024 5597 2607
f 5597 2024 7164
f 5598 3277 2613
f 2614 5070 5598
f 2615 5599 1427
f 5600 1435 592
f 2929 5600 5437
f 5600 2929 3281
f 5074 4296 5082
f 5602 2031 6757
f 4679 5602 3282
f 3283 4680 5604
f 4680 3282 5603
f 5604 5603 4912
f 2623 5605 5606
f 5605 3284 4683
f 5606 4683 3286
f 3284 5607 4681
f 5607 2622 5608
f 4681 5608 3285
f 3286 4682 5610
f 4682 3285 5609
f 5610 5609 2032
f 2625 5092 2624
f 5092 2625 5095
f 2625 5611 2626
f 2627 4684 2626
f 2034 5612 6466
f 3289 5612 4685
f 2628 6981 2627
f 405 5100 406
f 2629 5614 5105
f 5615 2037 5614
f 4867 5615 3291
f 5616 6544 7165
f 6544 6858 7165
f 4687 6499 7166
f 4688 6722 6500
f 5617 6500 2040
f 7170 7203 7168
f 1468 5976 5623
f 5167 4694 3298
f 5624 7083 5625
f 2664 5626 5628
f 5626 3297 5627
f 5628 5627 2633
f 4695 2046 3299
f 5630 3301 3300
f 5631 7266 6861
f 7138 5633 7238
f 7496 6862 6863
f 5634 6864 6501
f 7306 6501 6928
f 2650 6636 2635
f 6636 2650 5637
f 5639 6868 7417
f 4698 7417 6726
f 3307 6869 4698
f 4696 6726 6503
f 5640 6364 6503
f 2946 6727 7410
f 6797 5141 7142
f 6638 4697 6870
f 1451 4888 3309
f 4888 3308 1434
f 3309 4888 5960
f 5960 5642 3309
f 7373 5643 2049
f 2623 5645 7373
f 5644 5643 7373
f 2636 5646 1453
f 3302 5647 6506
f 5647 7466 6871
f 6506 6553 6872
f 2640 6871 7466
f 1446 5635 6872
f 6871 2640 6932
f 5464 1457 4894
f 4894 5648 6401
f 4320 5649 3315
f 6826 5649 2642
f 6207 2056 5462
f 2060 5463 2056
f 2061 3317 4896
f 5649 4320 3318
f 6873 5651 3320
f 5651 6873 5650
f 2072 5469 2651
f 5469 3321 5139
f 2650 2072 5637
f 2651 5469 5139
f 5637 2651 7491
f 2652 2068 6993
f 4900 2073 5652
f 3322 5160 4328
f 5653 5161 2070
f 4703 7084 3323
f 2073 4900 6436
f 2655 6436 4900
f 2654 6212 374
f 373 5970 2074
f 5970 373 1461
f 6643 6402 2660
f 4905 6402 6643
f 2663 7117 2664
f 5164 2664 7117
f 2083 4906 4905
f 4905 2662 2083
f 2665 5654 2084
f 4335 7374 4708
f 5657 5656 2665
f 5657 5658 5656
f 2666 5658 5657
f 5656 5658 3334
f 2042 5449 2666
f 5658 2666 5449
f 5659 3335 4713
f 3335 5661 4711
f 5661 2667 5662
f 4711 5662 3336
f 3337 4712 5664
f 4712 3336 5663
f 5664 5663 2033
f 2610 5179 2667
f 5179 2610 5665
f 6645 2692 3356
f 1516 4989 6105
f 4985 6441 4191
f 4118 6443 5668
f 5476 6476 6875
f 630 6829 6728
f 6961 2137 5671
f 4077 5671 2719
f 6874 5670 6404
f 2721 5672 5674
f 5672 2722 5673
f 5674 5673 2720
f 6509 1589 6404
f 6512 5675 6511
f 6878 3377 6799
f 3377 6878 6513
f 2722 2723 6512
f 5987 2139 6406
f 4718 2141 2140
f 3384 7585 3385
f 6879 3385 5202
f 4383 6516 4382
f 5677 4382 6516
f 3397 3953 7566
f 3398 2148 7375
f 5680 5679 5215
f 2737 5679 2736
f 5680 2736 5679
f 5681 3400 2735
f 5478 4725 4614
f 5682 2736 5683
f 4725 5683 3402
f 4725 3402 5684
f 4614 5684 5480
f 5685 3403 5686
f 5686 3403 5216
f 3404 5216 5687
f 1604 5687 5216
f 5689 3407 5690
f 3407 5689 3405
f 3405 5689 7360
f 7085 4925 7360
f 1605 6241 1606
f 5687 7437 4727
f 3407 3405 3409
f 4727 3409 3405
f 5220 5693 2156
f 5693 5220 3410
f 3412 3411 5694
f 2744 5694 2156
f 2743 6657 5696
f 5695 3413 4733
f 5696 4733 3415
f 3413 5697 4731
f 5697 2745 5698
f 4731 5698 3414
f 3415 4732 5700
f 4732 3414 5699
f 5700 5699 2746
f 5702 7277 3416
f 3416 4734 5704
f 5704 5703 2745
f 3417 5283 7338
f 2750 5707 6517
f 6517 4736 6732
f 6518 5710 6883
f 6888 2747 6887
f 5713 2754 5249
f 3424 5713 3423
f 2748 5714 2750
f 3426 5715 3425
f 5715 3426 5714
f 1617 7547 5716
f 5492 2161 5258
f 3428 4739 5718
f 4739 3427 5717
f 5718 5717 2166
f 7389 5719 5720
f 5719 3429 4742
f 5720 4742 7468
f 3429 7086 4741
f 4741 7086 7376
f 7349 5722 2752
f 2164 5723 2165
f 4944 2165 5723
f 4944 3432 6383
f 3428 1620 5716
f 3435 5716 1620
f 2166 2981 2167
f 5726 6015 6479
f 1620 6479 6015
f 5727 5247 7173
f 5728 4745 6734
f 6734 4744 6519
f 4744 3439 7278
f 6519 5730 6889
f 3443 4746 2752
f 2754 5279 3443
f 4746 2757 3444
f 3444 2757 2758
f 3983 5278 3446
f 6018 1000 3448
f 3449 5275 3450
f 2759 7469 1621
f 2772 3462 2179
f 2771 2179 3462
f 3462 2772 5734
f 5733 2773 2749
f 3462 5734 3464
f 7319 5735 3465
f 2746 5736 2157
f 5735 2157 5736
f 3466 2182 5738
f 4751 5738 6890
f 5287 6890 2150
f 5298 3467 3468
f 2738 5740 5741
f 5741 3469 3471
f 3470 4752 2774
f 2775 5742 3470
f 638 4440 1537
f 2774 5743 2183
f 4949 2183 5743
f 4949 3474 2184
f 2777 7174 2184
f 2778 6022 1632
f 1634 2187 3988
f 7281 4757 6520
f 4759 7286 6386
f 6386 2789 6892
f 2789 6694 6892
f 7263 6893 6522
f 5746 6523 6677
f 6025 6567 6894
f 3485 7159 6894
f 5748 2790 6455
f 3487 6815 7026
f 4761 5749 7177
f 4761 7285 3490
f 3490 5750 4761
f 3490 6820 6689
f 5311 2792 4763
f 6897 6570 6896
f 7286 4764 4762
f 6735 4762 4764
f 4453 3494 6819
f 6899 7179 7026
f 7178 7288 6695
f 2196 3497 2795
f 3496 6900 3615
f 5315 6030 4627
f 5752 3506 2999
f 3508 5318 6295
f 6295 2813 3508
f 4769 3508 2813
f 2277 6823 4769
f 6901 5754 2813
f 5316 5755 3510
f 5755 5316 5753
f 2814 5756 2210
f 3512 5757 4772
f 5757 3512 2213
f 5758 7226 3513
f 2814 3514 4773
f 3514 5759 4773
f 5759 3514 2815
f 5760 3516 3515
f 2212 3517 5761
f 5762 5761 3517
f 3517 2816 5762
f 3519 3518 5763
f 4774 5764 3520
f 2217 3007 2816
f 5764 2816 3007
f 2220 6391 2215
f 6301 2215 6391
f 5765 5334 3524
f 5332 3525 2818
f 5768 4961 5767
f 2819 5768 3525
f 1704 4631 3534
f 3537 2229 3536
f 5770 3536 3011
f 3537 3536 5770
f 6528 7141 2834
f 2834 5771 2835
f 6306 7526 3013
f 2233 7526 2231
f 2232 3541 2294
f 2234 5772 3543
f 5772 2234 4962
f 5772 4962 2821
f 3543 3542 6308
f 5773 6308 3542
f 2235 3544 2234
f 5340 3545 5341
f 3544 5506 4632
f 5341 3546 2836
f 5774 2242 2239
f 6317 5775 4964
f 5507 3549 5775
f 6046 4963 5345
f 3550 5776 3551
f 5345 5778 5346
f 5778 5345 5776
f 4779 3553 5346
f 2246 5779 3552
f 2245 3556 3558
f 5780 2841 3557
f 3556 3557 5781
f 2842 5781 3557
f 2841 5780 2843
f 3559 5780 3556
f 5780 3559 5353
f 5782 3555 3562
f 3564 3563 3566
f 3565 4780 2250
f 2846 5783 2249
f 5783 2846 5784
f 2250 3568 2847
f 6325 5784 2846
f 6323 3568 3567
f 6325 5786 5784
f 5358 5786 6325
f 5786 5358 2848
f 5358 5359 2848
f 2251 3572 2252
f 2849 5360 4972
f 5361 3575 5362
f 4509 5787 4505
f 5359 4505 5787
f 2848 5787 2850
f 4782 2850 4781
f 3576 4781 2258
f 5788 4782 3576
f 3578 3577 2256
f 2257 3579 6952
f 3580 5789 3579
f 3579 6333 3580
f 5789 3580 5790
f 6333 5374 5375
f 5791 2851 5792
f 1156 6529 2444
f 6529 5791 5792
f 2444 6529 5376
f 5793 4974 5794
f 2259 5794 4974
f 5375 5795 2852
f 4514 5795 4513
f 5793 5796 6335
f 5796 5793 3582
f 3584 2854 5379
f 2264 3587 7089
f 5373 4512 4639
f 5379 4639 3584
f 5797 4522 2856
f 7332 4785 3593
f 5799 3591 2266
f 3593 4784 2858
f 2857 3594 3595
f 3594 6343 5386
f 6060 3595 2265
f 4976 5800 3596
f 6063 5800 5387
f 3026 5387 5800
f 4786 1725 3598
f 5386 6530 6578
f 3027 4787 6063
f 5800 6063 4787
f 3599 4977 3029
f 4977 3599 2271
f 2271 3600 5389
f 5801 4977 7033
f 3603 5802 3604
f 5802 3603 2862
f 2862 5391 5392
f 2858 5802 2862
f 3032 3031 4788
f 3605 4788 3031
f 5803 6349 3030
f 3602 5804 3606
f 5396 6902 5393
f 3607 5393 4530
f 6531 5518 1730
f 6354 5396 4533
f 5319 6698 2864
f 3033 5806 3608
f 2276 4979 5805
f 4979 3608 5806
f 4979 2276 5807
f 5400 3610 7076
f 3609 7076 4535
f 5315 4792 2865
f 2866 4054 4536
f 2291 5808 2284
f 4071 2872 3628
f 7126 3615 5809
f 7196 7394 6958
f 6839 5677 6516
f 3631 6737 7284
f 7281 2296 6582
f 2726 6447 6359
f 6079 850 4083
f 1907 1039 3709
f 5858 1040 244
f 5858 4183 3709
f 3711 5859 4107
f 4797 3050 3712
f 3713 4797 6533
f 3050 3713 5860
f 5519 259 5860
f 259 5519 1043
f 3054 7044 7090
f 4798 6738 3716
f 7181 4798 7247
f 3717 5862 3718
f 3720 4799 7529
f 7182 3720 6842
f 3721 5863 3722
f 3723 6739 3058
f 3724 4800 1052
f 6739 6844 6843
f 7046 7316 3726
f 3728 6903 1056
f 5864 5520 3728
f 255 5864 1057
f 3729 5865 3730
f 1056 5866 3065
f 3731 5867 5866
f 3065 5868 7440
f 5868 3065 3732
f 2376 4801 3733
f 4801 2376 4644
f 3069 5868 3732
f 3733 5867 7183
f 5867 3733 4801
f 3759 7184 3734
f 1138 4645 1137
f 3086 4646 3083
f 5527 1140 5525
f 1140 5527 3081
f 4140 5528 3084
f 3085 4646 3086
f 3122 5869 1171
f 1179 3757 1177
f 1181 4647 1180
f 3128 7185 4803
f 7185 1183 5870
f 1184 5870 1183
f 7110 3130 3132
f 3134 3133 360
f 4183 5858 244
f 7184 1063 7183
f 4986 3734 3070
f 407 5871 406
f 5534 406 5871
f 1909 5872 1908
f 3760 5872 4805
f 5534 4804 6904
f 6905 5532 5533
f 6905 398 6534
f 3136 4995 3761
f 6906 405 6904
f 3761 4806 6741
f 404 5874 403
f 3138 5874 5873
f 5874 404 6906
f 4809 5873 6907
f 2891 3763 6741
f 6109 4807 6396
f 5874 3138 3764
f 4809 1910 3765
f 6109 400 5535
f 5875 1251 3767
f 4810 6742 3770
f 3771 4810 1255
f 7047 7549 7091
f 6908 6743 3140
f 3775 6908 1258
f 6743 6490 6848
f 3776 5878 3777
f 4811 7248 3778
f 3779 4811 1262
f 6744 6491 6849
f 3780 5879 3781
f 4812 7249 3782
f 3783 4812 1266
f 6745 6492 6850
f 3784 5880 3785
f 4813 6909 3786
f 3787 4813 1270
f 5881 5538 3787
f 463 5881 1271
f 3153 7317 3789
f 1270 5883 3152
f 5884 1274 3791
f 5540 3790 3154
f 5540 3154 462
f 5883 5884 3791
f 1274 7333 1135
f 3792 7333 3157
f 3766 1290 4650
f 3793 7162 1291
f 1290 3797 4650
f 4816 4650 3797
f 3798 4816 1294
f 3163 3798 5885
f 3799 5886 3800
f 5886 3799 3801
f 3802 6910 1298
f 5887 5542 3802
f 5544 3802 1298
f 479 5887 1299
f 3803 5888 3804
f 5888 3803 5889
f 1298 4818 5544
f 4818 1298 5889
f 4817 1302 3807
f 5890 3806 3170
f 3170 478 5890
f 5543 5890 478
f 3807 3806 4817
f 507 5891 506
f 5548 506 5891
f 3176 5892 1941
f 3811 5892 4821
f 5548 4820 6911
f 6912 500 6536
f 6746 7186 3812
f 6913 505 6911
f 3812 4822 6747
f 504 5895 503
f 3815 5895 5894
f 5895 504 6913
f 4825 5894 6914
f 2893 3814 6747
f 6115 4823 6398
f 5895 3815 3816
f 4825 1942 3817
f 6115 502 5549
f 1251 5875 1250
f 5537 3767 3139
f 2528 2915 1982
f 1366 5897 6538
f 5897 3846 5898
f 5898 4828 3847
f 4827 5562 7371
f 6973 7267 5899
f 4827 2917 5899
f 5422 4583 6540
f 5421 5900 1984
f 4832 5421 7494
f 1987 5427 5017
f 5427 2919 4838
f 5017 4838 3856
f 2919 5426 4836
f 5426 1986 5908
f 4836 5908 3855
f 3856 4837 5909
f 4837 3855 5031
f 318 3857 5910
f 3857 1988 4839
f 5570 4839 1988
f 3859 3232 5029
f 4665 7545 3232
f 487 430 5018
f 1220 6856 430
f 5431 1991 6140
f 3237 6140 1991
f 443 4668 1220
f 4668 443 4843
f 1224 4843 443
f 442 4841 1224
f 4841 442 3861
f 5434 6917 3241
f 5042 6917 6976
f 440 1994 1232
f 3246 3863 1374
f 5053 2005 5581
f 2006 4672 1380
f 5911 1368 4672
f 5911 2927 3251
f 3253 7312 3251
f 5911 3251 7312
f 3864 5912 6543
f 5912 3864 1378
f 3257 3865 5913
f 5590 4272 7361
f 7361 3864 1381
f 7361 1381 3258
f 4281 2011 2010
f 2591 3259 7113
f 5914 3262 3867
f 5915 3866 1410
f 3868 5916 3869
f 3870 5062 1412
f 3866 5915 3867
f 4848 3867 5915
f 3872 4848 1414
f 3262 5914 583
f 5592 583 5914
f 583 5592 1415
f 3873 5917 3874
f 5917 3873 3875
f 3876 4849 1418
f 6752 3876 5591
f 5918 5591 3876
f 582 5918 1419
f 3877 5919 3878
f 5919 3877 5920
f 1418 4850 3264
f 4850 1418 5920
f 6609 5921 4850
f 3264 5922 7335
f 5922 3264 3879
f 2606 4851 6610
f 4851 2606 4675
f 3267 5922 3879
f 5921 6610 4851
f 1421 3270 3810
f 4852 4209 2892
f 4209 4852 3880
f 2607 5923 2024
f 5923 2607 5436
f 2610 5924 5925
f 5924 2024 5923
f 5925 5923 3272
f 3272 3881 5925
f 4677 2928 1426
f 3279 5926 5599
f 3884 5064 5926
f 1427 5599 3271
f 5927 3885 5083
f 7462 5927 2031
f 5928 5076 5929
f 5929 3886 2930
f 1436 3886 5929
f 1436 5930 3886
f 5930 3887 4859
f 3887 5931 4857
f 5931 2032 5439
f 4857 5439 2933
f 3886 4858 4856
f 4858 2933 5443
f 4856 5443 7462
f 2032 5932 5438
f 5932 3888 4862
f 5438 4862 2931
f 3888 5933 4860
f 5933 1437 5934
f 4860 5934 3889
f 2931 4861 5440
f 4861 3889 5935
f 5440 5935 2033
f 5442 2932 4865
f 5927 4865 3885
f 2932 5441 4863
f 5441 2033 5936
f 4863 5936 3890
f 3885 4864 5938
f 4864 3890 5937
f 5938 5937 1438
f 5094 5939 3891
f 5940 5445 4866
f 5445 5940 2622
f 4866 5094 3891
f 5612 1439 6466
f 3893 1442 4685
f 2035 5612 2034
f 4867 1442 3893
f 3893 5615 4867
f 5615 3893 2037
f 4686 1443 4867
f 2037 3893 2035
f 2936 2038 5941
f 5941 6919 2039
f 3895 5942 2039
f 1443 6611 3892
f 3896 5943 5942
f 5943 3896 5110
f 3892 6611 4868
f 253 6644 7377
f 7471 2040 5447
f 3898 6545 7213
f 7213 4869 2042
f 4870 6546 2954
f 5449 4599 7524
f 5658 7524 3334
f 7051 4598 4872
f 5448 2041 5945
f 4872 5945 3900
f 3334 4873 4710
f 4873 3900 4908
f 4710 4908 1445
f 6924 6400 6547
f 6926 2043 6469
f 6548 5452 6712
f 7261 7496 6755
f 5451 4877 7396
f 2045 5455 6550
f 6550 4879 7495
f 5454 5134 6631
f 5468 2948 5460
f 7318 7472 5457
f 5457 6551 7416
f 7291 5951 6552
f 5953 5459 3907
f 4887 5956 3909
f 4888 1434 5957
f 5076 5957 1434
f 5147 4887 5959
f 4887 3909 5958
f 5959 5958 2929
f 3908 5960 4888
f 5960 3908 5961
f 5956 5961 3909
f 5962 2048 2049
f 2050 5963 2047
f 2047 5642 5956
f 3309 5642 2636
f 5963 2636 5642
f 4891 4315 3313
f 5149 4889 3312
f 6932 2054 7116
f 5968 1457 4896
f 5155 465 3912
f 5953 7467 7095
f 3915 5652 3907
f 4704 4899 1448
f 3915 4899 3324
f 5159 2652 5969
f 6993 5969 2652
f 4901 4705 4902
f 4902 5159 4903
f 3323 3916 5969
f 4903 5969 3916
f 3325 5970 1461
f 6211 2654 5970
f 2654 6211 2951
f 1466 4904 4706
f 3332 4707 6402
f 4706 4707 1467
f 1467 5972 1468
f 5972 1467 4707
f 3333 5973 3332
f 2085 5974 5472
f 5974 3900 5945
f 5472 5945 2041
f 3900 5974 3921
f 1445 4907 3923
f 3921 5975 3922
f 5975 3921 5974
f 3923 5976 1468
f 5976 3923 4907
f 591 6165 5977
f 5977 3924 3926
f 3924 5075 4909
f 5075 5079 5078
f 4909 5078 3925
f 3926 4909 5068
f 5068 3925 2087
f 4912 5603 3276
f 5603 3282 4911
f 3276 4911 5979
f 4911 6757 4910
f 6757 2031 5083
f 4910 5083 5978
f 5979 4910 4609
f 4609 5978 2086
f 3276 5979 3275
f 2928 3275 5979
f 596 4357 2053
f 4610 2053 4357
f 4610 4357 3933
f 2053 4361 576
f 4610 2956 4361
f 3353 5980 3936
f 4367 6645 2110
f 1507 3938 3939
f 1526 6377 2504
f 5981 3945 1068
f 3945 5982 3944
f 5982 3945 4204
f 5983 2719 5671
f 2719 5983 5989
f 3376 7300 6403
f 6714 2138 5983
f 5676 3949 6935
f 5983 2138 5989
f 6649 5990 1590
f 6758 5991 6877
f 1590 6876 6557
f 1592 5991 7096
f 2141 3381 6406
f 1593 7096 6380
f 3951 6708 6760
f 6759 3951 6936
f 1599 4387 1600
f 1600 4391 4722
f 3471 5742 5992
f 5992 3955 4919
f 3471 5992 3957
f 3957 4919 3956
f 3400 5993 1602
f 2149 3400 1602
f 1602 5210 2149
f 5994 2149 5210
f 3958 5994 6238
f 2148 7473 7375
f 2149 5995 3399
f 3959 5996 2970
f 5480 2970 5996
f 3399 4921 2151
f 2969 2151 4921
f 5480 5684 5479
f 5479 4923 2968
f 3960 5997 3961
f 2968 4922 2150
f 2151 2969 6407
f 5290 4924 6761
f 4947 1603 3962
f 4727 3404 5687
f 3964 5691 5692
f 431 5998 5999
f 5999 4927 3971
f 3970 6000 4926
f 6000 2157 5483
f 4926 5483 7078
f 3971 7098 5280
f 2157 5735 5482
f 5735 7319 4930
f 5482 4930 4616
f 7319 4750 4928
f 4750 6253 7193
f 4928 7193 3972
f 4616 4929 5484
f 4929 4928 7343
f 2180 5487 2772
f 5486 2973 4933
f 5734 4933 3464
f 2973 5485 4931
f 5485 5484 6002
f 4931 6002 3973
f 3464 4932 4749
f 4932 3973 7451
f 6937 6003 6558
f 4935 2976 6833
f 6559 4939 6762
f 7035 1615 6563
f 5490 2975 6763
f 6560 6763 6764
f 6832 5489 6561
f 5489 2160 6834
f 4941 3976 6009
f 6765 2979 3976
f 6009 3976 6010
f 6944 2977 6941
f 6943 3978 6942
f 6011 5263 6804
f 3420 6945 7400
f 3980 6013 2980
f 6013 3980 6382
f 2980 6013 3433
f 1618 6013 6382
f 6013 1618 4420
f 3435 6014 1617
f 3435 3436 3437
f 2168 6014 3437
f 2169 2355 5726
f 6015 3436 1620
f 4622 5726 6479
f 2170 3436 6015
f 7009 207 6016
f 6017 6016 207
f 3981 3982 6017
f 1008 6017 207
f 205 5278 1004
f 5278 205 6018
f 3984 6018 3448
f 2174 7042 984
f 1629 6019 1630
f 3460 6019 3459
f 1630 6019 1614
f 4749 1614 6019
f 3462 3464 3461
f 2181 6020 6021
f 6020 4948 6021
f 4948 6020 3986
f 4753 6020 2181
f 3473 4754 3474
f 4756 4754 1631
f 1633 4756 4950
f 5298 4950 4756
f 3478 1633 4950
f 7552 6948 6566
f 6027 3993 7197
f 2195 7475 6673
f 7284 6735 6526
f 6673 5498 6481
f 6950 3990 6836
f 4954 1680 5746
f 6946 6678 7197
f 4002 2208 6030
f 4627 6030 2208
f 4957 1691 5500
f 5315 4627 4792
f 1691 4957 4771
f 4957 3511 4771
f 1691 4771 7391
f 2210 5755 2209
f 5755 2210 3510
f 3510 5756 3511
f 6032 7391 4958
f 7391 4003 4958
f 4003 5501 4958
f 5501 4003 2211
f 5502 6032 3002
f 2211 4004 4959
f 4959 5501 2211
f 4004 6298 4959
f 4005 4959 6298
f 3000 4005 6033
f 2213 3001 5757
f 6034 5757 3001
f 3001 2212 6034
f 4007 4006 6035
f 4008 1692 4009
f 3003 5503 2815
f 5759 2815 6576
f 1692 4010 6417
f 4010 1692 6036
f 5767 4961 3004
f 5767 3004 5335
f 6037 2216 5504
f 2216 6037 1694
f 4012 4776 6417
f 3526 4776 2216
f 5504 2216 4776
f 4774 3520 6038
f 3008 6038 3520
f 2219 5505 3007
f 2218 4478 3526
f 4630 4014 2219
f 4014 4630 3006
f 4478 2218 3006
f 4013 3006 2218
f 2219 4491 5340
f 2219 4014 4491
f 6305 4020 5769
f 2234 3544 4962
f 4962 6039 7029
f 6040 7029 6039
f 4962 7029 2821
f 6039 7476 6041
f 2235 7528 2236
f 4632 5506 4023
f 2238 5774 2239
f 5343 5774 6042
f 6316 6043 1711
f 6044 1712 6045
f 2243 6047 6046
f 4778 5508 7588
f 4964 6048 5777
f 6048 4964 5775
f 4025 5775 3549
f 6049 7588 5508
f 3020 4966 4635
f 4966 5511 3019
f 4634 3019 5511
f 4634 7161 7589
f 6051 1713 4027
f 5779 2246 4029
f 4968 4029 5510
f 4968 5509 4028
f 3558 4028 5509
f 4029 4968 6050
f 4969 6051 7161
f 4969 4970 6051
f 6051 1714 1713
f 5512 5782 2244
f 4969 2244 5782
f 2249 4032 4971
f 3564 1716 6050
f 6052 1716 4033
f 4032 6052 4033
f 4780 353 3567
f 3022 2254 4038
f 2254 3022 7074
f 4972 5360 5361
f 2255 6053 1719
f 5363 1719 6053
f 6327 6053 2255
f 6053 7074 3023
f 1719 4039 6054
f 7553 6054 4039
f 7553 4039 2256
f 2256 4040 4973
f 4040 1720 4973
f 2257 4636 4041
f 4637 2257 6952
f 1720 6057 2260
f 4638 2260 6057
f 3024 6057 4510
f 5791 6529 6577
f 5794 6577 3581
f 2443 6577 1156
f 6577 2443 3581
f 4638 1721 6059
f 2261 6059 6702
f 4042 5796 3582
f 5796 4042 6458
f 7101 1722 7054
f 1723 3588 1724
f 5798 7332 7464
f 7464 5378 6337
f 6338 4975 1724
f 4975 6338 5381
f 7464 4975 4043
f 4044 4045 6953
f 4045 5514 5516
f 5514 4044 6060
f 4045 5516 2266
f 5387 3025 4046
f 4047 4976 6061
f 6061 3596 1726
f 6062 4048 4049
f 5517 6063 4050
f 2271 6064 7033
f 3602 6065 3029
f 4641 3029 6065
f 2270 6065 4978
f 4051 5391 3603
f 5392 5391 5803
f 4790 6066 4978
f 6067 1730 6068
f 1730 6067 6348
f 1731 6068 1730
f 2275 6069 5806
f 5805 5806 6069
f 1732 3609 1733
f 3609 1732 3608
f 2283 2866 6706
f 4056 5808 3614
f 1740 4057 1739
f 1742 7102 3617
f 4059 3618 7102
f 7102 1744 4059
f 4060 4059 1744
f 3618 4059 6072
f 4060 3620 4059
f 3620 1425 6072
f 590 6072 1425
f 2288 2289 4980
f 4062 4980 2289
f 1746 4063 4981
f 4981 4063 4066
f 6073 4982 2290
f 4982 1748 3625
f 4067 4982 6073
f 4982 4067 4068
f 1433 4069 586
f 6073 586 4069
f 3628 4070 4071
f 6956 7159 7425
f 6077 7303 7140
f 927 7269 3387
f 6412 6515 5403
f 6461 7240 5403
f 7136 6716 6879
f 3388 7245 7180
f 2297 1738 1755
f 4082 761 760
f 762 4082 763
f 765 6964 766
f 6362 766 6964
f 6362 6964 4984
f 766 6362 767
f 743 6361 744
f 767 6362 768
f 7541 6362 4984
f 768 4082 760
f 845 844 6965
f 6965 846 845
f 840 5405 841
f 847 4083 848
f 837 6710 838
f 851 6079 852
f 853 852 6079
f 844 6079 6965
f 6079 844 853
f 835 5407 836
f 4582 2326 25
f 1907 6422 1039
f 3711 7043 1042
f 4797 3712 3715
f 3711 3712 5859
f 4798 3716 6966
f 3714 3716 5861
f 4799 3719 6967
f 3717 3719 5862
f 1047 3057 247
f 4800 3723 6968
f 3721 6968 5863
f 6903 3727 6969
f 3725 3727 7316
f 1054 3064 249
f 3729 3731 5865
f 5866 5865 3731
f 6583 4986 3070
f 4117 17 16
f 4118 79 1082
f 4119 48 5185
f 6104 1843 4120
f 4987 52 4121
f 3075 4129 4128
f 4126 4128 4130
f 4815 3077 1136
f 4991 3079 339
f 3082 3080 6488
f 1142 6106 1143
f 3743 1156 2444
f 4992 5869 3122
f 2461 4170 2462
f 3121 2461 2462
f 6107 3121 3123
f 6108 1902 4177
f 4186 5533 3137
f 4185 4995 1909
f 3135 5871 407
f 397 5533 396
f 400 6109 399
f 3763 2891 1910
f 6110 4189 159
f 36 4191 37
f 5187 4188 408
f 1250 5876 1251
f 5876 1250 4195
f 4810 3770 3773
f 3769 3770 5876
f 1253 6585 4649
f 4649 7431 2493
f 6908 3774 6970
f 4811 3778 6971
f 3776 3778 5878
f 4812 3782 6972
f 3780 3782 5879
f 1264 3147 458
f 3789 5882 4813
f 3784 3786 5880
f 5883 5882 3788
f 1272 5541 460
f 3800 5886 3797
f 4816 3797 5886
f 1292 6586 4651
f 4651 3796 2505
f 3804 5888 3801
f 6910 3801 5888
f 3803 3805 5889
f 1300 3169 474
f 4209 5547 2892
f 4819 4999 1941
f 3175 5891 507
f 499 5547 498
f 2892 5547 5546
f 502 6115 501
f 3814 2893 1942
f 7478 1954 1982
f 3214 3183 1957
f 540 4218 539
f 5896 4235 1973
f 1980 6117 1363
f 6537 4826 4239
f 6851 4241 7478
f 1097 7478 303
f 1336 4240 3844
f 4240 6591 4654
f 3844 4654 1366
f 1093 6118 1091
f 3845 6119 1365
f 1321 6120 1318
f 6121 6116 6120
f 3215 6116 6121
f 5002 6121 2557
f 487 6594 1321
f 6120 1321 6594
f 6121 6120 7405
f 1091 6118 6122
f 6118 4241 5003
f 7544 5553 6851
f 4243 3219 5557
f 5056 5557 2558
f 5004 6593 6974
f 6119 6974 1365
f 3217 6973 5554
f 2558 5556 5585
f 5556 3218 5007
f 5585 5007 3254
f 3254 5006 4674
f 5006 3850 5903
f 4655 3216 5008
f 3216 5552 5008
f 5559 5552 7419
f 5008 5559 3221
f 5562 7470 5561
f 7470 3221 6370
f 5561 6370 3220
f 7380 7405 7382
f 6778 4244 6123
f 7258 6123 6128
f 3220 6124 3226
f 6124 3220 5560
f 2564 6124 2559
f 6124 2564 6855
f 5010 6595 6779
f 6425 6150 5010
f 6424 6779 6596
f 6494 6596 7381
f 3223 6424 6494
f 5564 6597 3223
f 5013 7381 6780
f 5012 3222 6852
f 5011 6598 5048
f 3222 5012 6599
f 5015 5583 6600
f 5014 6781 6601
f 3225 6125 4246
f 1371 6125 2563
f 5016 1987 6126
f 4247 6127 3852
f 5905 3852 6127
f 2563 7522 1370
f 2559 6128 6130
f 6128 4249 6129
f 6130 6129 3234
f 4249 6123 4244
f 6123 4249 6128
f 6131 6594 5018
f 2565 7334 5576
f 5576 5027 2566
f 1369 4590 4251
f 232 6148 4252
f 4264 5049 3230
f 5568 3230 5049
f 5023 2568 4252
f 6134 4253 6603
f 5567 6603 3228
f 4253 5012 7479
f 6126 1987 7198
f 5025 1371 2579
f 4265 5050 5051
f 6125 1371 5025
f 1989 5428 1988
f 3233 5571 2921
f 1986 6915 7457
f 6915 6541 7459
f 4250 7146 7058
f 7334 5027 5576
f 318 5910 1126
f 6136 6139 5910
f 4254 6136 3859
f 2569 5032 5428
f 5032 2569 4255
f 5908 3233 3855
f 1367 6853 7383
f 3227 7372 6782
f 6854 6855 5572
f 6782 6854 3236
f 5033 6782 5575
f 2564 6130 6721
f 6130 2564 2559
f 4249 4248 5035
f 5019 5035 4248
f 3234 6129 5573
f 6129 4249 5036
f 5573 5036 1991
f 6604 6497 5037
f 3235 4667 7112
f 4667 3234 6496
f 6137 7163 7199
f 1372 6916 4251
f 4256 7199 7058
f 5039 4251 4590
f 6976 6137 6542
f 7163 6137 7345
f 4257 6136 4254
f 6136 4257 6139
f 5030 3238 6138
f 3239 6140 3237
f 1990 5431 7448
f 6140 3239 6141
f 7448 6141 2571
f 5577 2571 5578
f 1992 5578 2571
f 2572 6142 3238
f 6138 3238 6142
f 4259 5041 4257
f 1126 6139 319
f 5041 319 6139
f 2571 6143 6144
f 4258 6144 6143
f 3861 6143 4842
f 6143 2571 6141
f 4842 6141 3239
f 6144 4258 2924
f 5432 1992 7602
f 6144 1992 2571
f 319 5041 1122
f 6146 1122 5041
f 1993 5045 2572
f 5045 4260 6142
f 3240 6145 3241
f 6145 3240 7155
f 1122 6146 1118
f 4260 6146 4259
f 3863 4844 6147
f 4844 4261 5043
f 6147 5043 6976
f 5434 6147 6917
f 6147 5434 3863
f 6917 6147 6976
f 6137 6976 5043
f 5433 1373 7602
f 2924 4591 1994
f 4260 5046 5044
f 2574 5045 1993
f 3862 5433 1994
f 5044 1118 6146
f 439 4592 1236
f 4670 1019 2364
f 6134 2560 5563
f 4253 6599 5012
f 1019 6148 232
f 6133 4252 6148
f 2568 5569 2578
f 6135 2578 5569
f 4265 6135 3229
f 2578 6135 2579
f 231 5052 1023
f 5052 231 6157
f 2004 5586 2581
f 5586 2004 7384
f 3255 7384 4266
f 1378 6978 2006
f 4672 2006 6978
f 2583 5587 2007
f 5587 2583 2927
f 2004 3252 7384
f 5582 2004 5583
f 4267 3865 6608
f 1380 6150 6149
f 1007 6151 209
f 6151 4268 4671
f 2005 5053 2585
f 208 6152 1007
f 4268 6151 4269
f 6152 4269 6151
f 2584 3249 2561
f 4672 1368 1380
f 6150 1380 6975
f 4267 6608 7385
f 6150 4245 6149
f 2585 5053 6979
f 1091 6122 208
f 4269 6152 4270
f 6153 4270 6152
f 6979 5055 2558
f 4270 6153 4243
f 6122 4243 6153
f 209 4671 1003
f 6154 1003 4671
f 2007 5057 2582
f 3248 5581 4271
f 5057 4271 5581
f 5913 1379 3247
f 4847 5588 5913
f 1003 6154 210
f 5060 6155 4271
f 6154 4271 6155
f 2586 6156 2008
f 5590 6156 4272
f 6156 5590 2008
f 3864 7361 5058
f 4272 6156 3256
f 3864 5058 1378
f 3256 6978 5058
f 1025 6157 231
f 6158 4273 3255
f 1029 6158 1025
f 6158 1029 4274
f 4273 6158 4274
f 210 6155 999
f 5060 999 6155
f 3864 6543 1381
f 5060 4275 211
f 6543 4276 2009
f 2589 5059 4274
f 2589 4283 2591
f 3261 5063 1410
f 5916 1410 5063
f 3869 5916 4284
f 1412 5062 577
f 5062 4284 2107
f 3874 5917 3871
f 4848 3871 5917
f 3878 5919 7397
f 4849 3875 7397
f 1416 5593 578
f 3877 5594 3268
f 3877 6609 5920
f 3266 580 3269
f 480 5065 1291
f 7164 480 1295
f 2609 7465 3277
f 5180 3274 6159
f 6159 2024 5924
f 1424 5066 589
f 5066 1424 6160
f 3273 6980 6784
f 2025 5595 5435
f 6784 4288 6918
f 590 6160 1424
f 6918 6161 2612
f 1425 5067 590
f 4288 6160 4289
f 5067 4289 6160
f 2612 6161 2087
f 5068 2087 6161
f 4289 6161 4288
f 591 5977 1425
f 4289 5067 3926
f 5977 3926 5067
f 589 6980 1428
f 5069 1428 6980
f 5070 4290 2608
f 5926 3882 3271
f 1428 5069 588
f 5070 3278 4290
f 5069 4290 3278
f 1429 4291 3884
f 479 5597 1295
f 1449 6162 5437
f 6162 1449 593
f 5961 4295 5072
f 4295 5961 3908
f 2929 5958 4678
f 5958 3909 5073
f 4678 5073 5079
f 3908 5957 4295
f 4295 6163 4296
f 6163 4295 5957
f 4297 2620 2621
f 6164 1450 3310
f 1450 6164 4297
f 1435 6165 591
f 3924 6165 3281
f 5600 3281 6165
f 507 6166 496
f 6166 507 5444
f 7147 5444 2934
f 2087 5604 4912
f 5604 2087 3925
f 3283 5604 3925
f 3283 5079 5601
f 5601 5074 5082
f 5601 5082 4679
f 4296 6163 5080
f 6163 5076 5928
f 4679 5081 5602
f 5081 5928 4855
f 5602 4855 2031
f 2086 5978 1438
f 3885 5938 5978
f 1436 6167 5930
f 6167 5644 5086
f 5930 5086 3887
f 5644 5645 5084
f 5645 2623 5606
f 5084 5606 3286
f 3887 5085 5931
f 5085 3286 5610
f 5931 5610 2032
f 2623 6168 5605
f 6168 4298 5088
f 5605 5088 3284
f 4298 6169 5087
f 6169 496 6166
f 5087 6166 7147
f 3284 7061 5607
f 7061 5087 7147
f 5607 7061 5077
f 2032 5609 5932
f 5609 3285 5091
f 5932 5091 3888
f 3285 5608 5089
f 5608 2622 5940
f 5089 5940 3891
f 3888 5090 5933
f 5090 3891 5939
f 5933 5939 1437
f 402 6170 403
f 3287 6170 4299
f 6170 3287 6171
f 5611 2625 2624
f 3288 6172 4300
f 3289 5094 4866
f 5094 3289 6173
f 6173 4301 5094
f 4301 6173 1440
f 5094 1437 5939
f 1437 5094 4301
f 2626 4684 2625
f 5095 2625 4684
f 403 6171 404
f 5095 6174 3287
f 6171 3287 6174
f 506 5444 507
f 5444 506 6175
f 2934 6175 7148
f 404 6176 405
f 6176 404 6174
f 7039 6174 5095
f 1440 5097 4301
f 5097 1440 6180
f 6177 5611 3288
f 4301 5093 1437
f 5093 4301 5097
f 5101 2627 2626
f 6177 5101 2626
f 505 6178 506
f 4302 6178 5102
f 6466 5096 2034
f 5096 4302 5098
f 2038 5099 6179
f 1441 6180 1440
f 6180 1441 6181
f 5101 6181 2628
f 504 4596 505
f 5102 6178 4596
f 2936 7386 6785
f 4868 6181 1441
f 6181 4868 5103
f 3895 6919 6981
f 503 6182 504
f 6182 6615 2935
f 407 4597 6183
f 5169 5617 2040
f 5616 5943 6544
f 6544 5109 6858
f 6921 6920 6612
f 5112 6612 6786
f 6787 6786 6613
f 4304 5111 6982
f 7251 6922 6614
f 1444 6546 7251
f 1443 4686 5619
f 6187 5116 6983
f 6182 503 6616
f 5115 5151 6617
f 4306 5115 7271
f 2630 5622 6623
f 5622 3294 6190
f 6190 5118 7406
f 5117 4307 6193
f 6193 6192 6986
f 5976 3922 5121
f 5623 5121 3296
f 3922 5975 5119
f 5975 2085 4701
f 5119 4701 3320
f 3296 5120 7357
f 5120 3320 5651
f 4608 6546 1444
f 5122 5951 7291
f 5650 6873 6618
f 5950 6618 7190
f 2633 5627 5125
f 5627 3297 6619
f 4310 5126 6620
f 5126 4309 4326
f 1448 5955 3913
f 5127 3913 5955
f 3906 5954 3301
f 4695 7137 5954
f 3913 5127 7062
f 5630 7062 5127
f 7115 7211 3299
f 5949 1447 3914
f 6622 6791 6924
f 6982 6624 5128
f 6624 7406 6789
f 6790 6430 6625
f 7387 6986 6926
f 6860 6859 6626
f 5131 6626 6792
f 6187 6627 2629
f 5632 6724 6628
f 5947 6927 6629
f 5133 6629 6794
f 5132 6794 6630
f 5631 6630 6859
f 3303 6431 6861
f 5634 6862 7273
f 3302 6864 7238
f 6988 6196 6929
f 1446 6633 6928
f 6989 5636 6866
f 6866 6198 6990
f 1447 6991 2068
f 6868 5639 6636
f 2068 6991 6993
f 6200 2635 6992
f 5140 6992 6869
f 4893 7142 5641
f 5141 6796 6638
f 6472 6870 2946
f 5142 6930 7274
f 5143 7212 6632
f 5640 6196 6988
f 7410 4604 6640
f 6640 7420 6795
f 4311 5144 6641
f 5144 6990 6198
f 6641 6198 6634
f 2929 6162 5959
f 6162 593 6201
f 5959 6201 5147
f 1452 6201 593
f 6201 1452 6202
f 5147 6202 2050
f 1436 2620 6167
f 3310 5962 7539
f 4312 6203 5148
f 496 6169 1422
f 6994 1422 6169
f 7373 6203 2623
f 6168 2623 6203
f 4298 6168 4312
f 4890 3308 1451
f 6204 581 6994
f 2944 6204 4312
f 6205 6504 6505
f 5146 3310 1450
f 2050 4316 5963
f 5646 5963 4316
f 594 6202 1452
f 6202 594 7346
f 6204 2944 1419
f 7310 4891 5149
f 595 7346 594
f 6617 5150 4318
f 1252 5150 454
f 6206 2640 2634
f 6617 4318 6188
f 6206 6188 4318
f 6634 6635 6401
f 4895 5152 6756
f 6995 3315 5649
f 2057 3315 6995
f 5154 6995 4311
f 5968 2057 5153
f 5648 5153 6634
f 1252 4700 5150
f 4700 2641 6206
f 1256 4699 467
f 4699 1256 6933
f 2641 4699 2054
f 2057 2059 6208
f 2059 2057 5968
f 2055 7116 7379
f 6207 5967 2055
f 2054 6933 7379
f 1259 5156 466
f 6207 2055 5155
f 2643 6207 5155
f 6207 2643 2056
f 2060 2643 3912
f 4319 2060 3912
f 1263 3912 465
f 3315 6208 1458
f 7337 6208 2059
f 3315 1458 4320
f 2063 1458 6208
f 4897 3318 4320
f 6209 4324 2644
f 3910 4892 4324
f 4325 6209 2647
f 6209 4325 5964
f 380 5964 4325
f 6828 5467 6642
f 1448 2069 4704
f 4327 6997 376
f 2635 4327 2650
f 378 1144 5138
f 6210 6997 6200
f 5138 6210 6433
f 1144 6210 5138
f 6210 1144 377
f 6798 4326 6827
f 1178 5466 1174
f 3322 369 2949
f 5159 4902 4705
f 4704 3324 4899
f 6211 7084 2071
f 7084 6211 3325
f 2072 2650 2950
f 3326 2655 3324
f 1148 4327 376
f 6212 4607 1152
f 1172 4328 370
f 4901 4329 1460
f 4607 375 1152
f 4903 3917 1462
f 3917 4903 3916
f 1462 3917 1159
f 2658 4335 2656
f 6213 7117 2077
f 5165 4334 256
f 2083 2662 5163
f 5166 7118 5165
f 6213 2080 3331
f 1466 6214 5971
f 4330 4335 5162
f 5655 7374 2658
f 2664 5628 2663
f 5655 2663 5628
f 5164 6213 3331
f 6214 3331 2080
f 4706 6215 1466
f 6214 1466 6215
f 1467 6215 4706
f 1057 7149 255
f 4336 6216 7118
f 2084 7118 6216
f 254 6217 1057
f 6214 6215 7362
f 1468 5167 1467
f 6215 1467 5167
f 3298 6218 7362
f 2664 6218 5626
f 6218 3298 4693
f 5626 4693 3297
f 2665 6216 5657
f 6216 4336 6219
f 1061 5168 254
f 6217 254 5168
f 6220 4337 4338
f 5657 6219 2666
f 6220 2666 6219
f 5168 1061 7377
f 1468 5972 3923
f 5973 3923 5972
f 3333 5654 4709
f 5656 4709 5654
f 5973 3333 1445
f 2666 6220 2042
f 6220 4338 7213
f 1437 5093 5934
f 5093 4300 5172
f 5934 5172 3889
f 4300 6172 5170
f 6172 2624 5660
f 3889 5171 5935
f 5171 3337 5664
f 5935 5664 2033
f 7481 4299 5174
f 5659 5174 3335
f 4299 6170 7347
f 6170 402 6221
f 7388 6221 4339
f 3335 5173 5661
f 5661 5181 2667
f 2033 5663 5936
f 5663 3336 5177
f 5936 5177 3890
f 3336 5662 5175
f 5662 2667 5179
f 5175 5179 4340
f 3890 5176 5937
f 5176 4340 6222
f 5937 6222 1438
f 5178 4853 4287
f 5178 4287 2611
f 3881 5665 5925
f 5665 3881 3338
f 6222 3338 5178
f 3338 6222 4340
f 1438 6222 2611
f 1291 6221 402
f 6221 1291 4339
f 4339 5065 3274
f 4359 4913 3934
f 6223 3934 4913
f 2106 5666 6224
f 2107 5666 6223
f 3261 6224 5063
f 6224 3261 4360
f 5667 4363 2690
f 4366 4367 2110
f 1069 1507 5182
f 1288 5182 1507
f 1512 4116 3074
f 4122 2114 4988
f 6105 2698 1516
f 2335 4106 3361
f 2116 6111 2467
f 4097 6225 3370
f 6225 4097 973
f 4582 6443 973
f 6225 4118 1082
f 2712 4117 2386
f 2130 4119 5185
f 2135 979 4103
f 6112 4194 3946
f 2468 4193 2715
f 6647 4376 7293
f 1588 5986 2292
f 7409 5669 3948
f 7295 4076 2718
f 6226 6954 7293
f 5669 6958 7297
f 6934 6960 7301
f 5670 6959 7299
f 7303 2137 6961
f 2718 6227 2720
f 6227 2718 7296
f 7305 1501 6728
f 7000 6228 6650
f 7000 661 6999
f 3377 7001 6648
f 7002 5189 7295
f 7002 2720 6511
f 1589 5990 5985
f 6229 5674 6227
f 5194 4377 5984
f 4375 5984 4377
f 2720 6227 5674
f 5674 6229 2721
f 4378 6232 5193
f 5193 4377 4378
f 6230 6801 5194
f 2138 6231 7004
f 6231 2138 6714
f 6652 4612 4611
f 2962 6476 4379
f 6445 5196 7001
f 2722 5672 2724
f 5198 6236 6233
f 4380 5198 6232
f 6233 2724 5672
f 6232 6233 2721
f 4380 6801 6514
f 7003 629 1591
f 6800 6235 6379
f 3383 6235 6445
f 5203 6656 6379
f 5202 5201 7550
f 6394 4795 6365
f 2965 6446 6532
f 6420 658 6656
f 2296 6963 2725
f 4384 2729 7215
f 4723 5206 1204
f 637 2967 1535
f 5208 1535 2967
f 2967 3395 4388
f 3395 5205 4388
f 5207 4388 5205
f 2732 3953 6237
f 6237 3397 3956
f 4389 3956 3397
f 3953 3397 6237
f 2734 7119 2147
f 3396 7119 3954
f 7119 3396 2731
f 1535 5208 638
f 5208 3472 4440
f 3472 5208 4390
f 5477 3955 5209
f 3955 5477 1601
f 5209 2775 5296
f 2775 5209 3955
f 6237 4919 1601
f 3956 1602 5993
f 1602 3956 4389
f 7463 4920 2734
f 6238 3954 4920
f 4391 3954 6238
f 3398 4723 6239
f 2736 7120 2737
f 2149 5994 5995
f 5995 3958 3959
f 3958 7463 5211
f 3959 5211 5996
f 5996 4614 5480
f 2148 3398 3401
f 6239 297 296
f 3401 5212 5682
f 5212 6240 7120
f 5682 7120 2736
f 5479 5684 7216
f 3402 5683 5213
f 5683 2736 5680
f 3960 5213 5997
f 5213 5680 4724
f 5997 4724 7097
f 1308 7532 5214
f 4396 4395 2739
f 4396 4925 5214
f 7097 4724 3963
f 5215 3963 4724
f 5215 5679 5218
f 3963 6241 1605
f 6241 3963 5215
f 1104 5688 6240
f 1104 295 5688
f 5688 6242 5217
f 5218 5691 6241
f 2737 6242 4397
f 483 4925 7085
f 6244 295 294
f 4397 6242 3406
f 6242 5688 6244
f 294 6243 6244
f 5219 4726 7121
f 1100 6243 294
f 7121 6243 7313
f 7121 7313 2740
f 484 6245 485
f 4398 6246 6245
f 1608 4729 1610
f 2153 4728 3408
f 5481 6246 2741
f 2741 6246 2154
f 4403 4399 1098
f 485 6247 1322
f 1322 6248 486
f 6247 4401 6248
f 1612 5221 6408
f 5221 1612 5702
f 3416 6249 4402
f 6249 3416 5704
f 6408 6250 1611
f 2156 5693 2744
f 292 6251 1094
f 6803 4403 6251
f 486 6248 6252
f 6248 4401 5224
f 6252 5224 4404
f 4401 2743 5222
f 5696 5222 2743
f 4404 5223 5285
f 5223 3415 5700
f 5285 5700 2746
f 5696 6657 5695
f 5695 5225 3413
f 2972 6250 5225
f 6250 2972 1611
f 3413 6249 5697
f 6249 3413 4402
f 2746 5699 5736
f 5699 3414 5228
f 5736 5228 3465
f 3414 5698 5226
f 5698 2745 5236
f 5226 5236 4405
f 3465 5227 4750
f 5227 4405 6253
f 5702 1612 5701
f 3412 5694 5229
f 5694 2744 5233
f 5229 5233 4406
f 5230 4406 6254
f 2744 6803 6255
f 5231 6255 4407
f 6803 6251 6256
f 4406 5232 6658
f 5232 4407 7402
f 6257 6658 6450
f 2745 5703 5234
f 5234 6258 3421
f 7122 2747 6888
f 6258 6888 6886
f 4405 5235 4737
f 5235 3421 6733
f 6253 4737 6937
f 1614 7451 6259
f 6259 5238 4408
f 3973 6002 5237
f 6002 2158 5237
f 4408 3425 5283
f 5283 5715 5284
f 7358 2158 7151
f 7193 1613 6260
f 6260 7217 7006
f 3426 7068 6261
f 4411 7461 5252
f 7461 4410 6809
f 6263 5252 6409
f 5251 6809 5242
f 4412 7007 5240
f 6659 7008 5708
f 5240 6659 7400
f 2164 6012 5723
f 6945 3420 6884
f 2750 5714 5707
f 6261 7068 5245
f 5707 6660 6881
f 6260 7262 3972
f 5244 6805 7308
f 5709 6662 6882
f 2163 5711 4621
f 5711 3419 7401
f 4621 7401 3980
f 3419 6883 5246
f 5710 6882 6008
f 5246 6663 6807
f 3980 6808 6382
f 6808 6807 6664
f 6382 6664 1616
f 2747 6257 2751
f 6257 2747 6254
f 7009 6265 6256
f 4407 6255 7010
f 4414 4738 3423
f 4738 4414 6266
f 2753 5273 1615
f 4748 6268 7348
f 6267 6268 4415
f 6269 310 309
f 4421 6270 4417
f 6270 4421 6274
f 1026 5253 6271
f 5253 4417 5256
f 4747 6271 4418
f 4417 6270 5254
f 6270 7389 5720
f 4418 5255 5257
f 5257 7349 2752
f 3442 4747 4418
f 1026 6271 219
f 3429 5719 3427
f 2166 5717 7389
f 4414 5260 6266
f 5260 3978 6943
f 6266 6943 6563
f 311 6409 1115
f 1119 1115 4943
f 2165 6272 2164
f 3434 2164 6272
f 312 1119 5262
f 5724 6383 3432
f 4420 2755 3433
f 1618 1619 6273
f 6479 5718 4622
f 5718 6479 3428
f 7389 6274 2166
f 6270 6274 7389
f 6274 4421 2981
f 5262 4419 312
f 5725 6272 2165
f 3434 5263 2164
f 4422 2755 4420
f 3434 313 1123
f 6273 1619 6275
f 2168 6275 1619
f 6273 6275 4423
f 2169 5726 7321
f 6003 7591 5267
f 3422 6886 5265
f 5712 6887 6666
f 5265 6666 6810
f 5266 6810 5731
f 6005 7283 6938
f 2751 6450 5727
f 5247 7402 4413
f 6265 7009 6016
f 3438 5269 7220
f 2159 6889 6939
f 5730 7278 6668
f 6939 6668 6940
f 1615 4624 2753
f 4415 2753 4624
f 6267 4415 2982
f 5494 6267 2982
f 7012 4425 6276
f 5272 7012 3424
f 5713 3424 7012
f 6268 6277 4415
f 5272 4424 7012
f 4415 6277 2753
f 5274 2753 6277
f 5732 3450 5275
f 4424 5275 3449
f 4425 5277 6276
f 6276 4427 2754
f 5274 5276 5275
f 7070 5277 4425
f 206 7474 1008
f 2171 4945 2756
f 7195 2756 4945
f 4427 5279 2754
f 2757 5279 2758
f 4946 7348 3441
f 3448 4946 3984
f 4748 3447 7328
f 1622 2760 7042
f 4429 2176 1237
f 1628 7099 7123
f 4436 4435 1225
f 6279 4436 432
f 2772 4435 2180
f 431 5999 1221
f 6279 1221 5999
f 1630 7365 1629
f 6278 1629 7365
f 4432 4434 6280
f 1614 6259 1630
f 5281 1630 6259
f 3417 5281 4408
f 2180 5280 5487
f 3971 5280 6279
f 1324 5998 431
f 3970 4927 5998
f 2157 6000 2746
f 5285 2746 6000
f 486 6252 1324
f 6252 4404 5998
f 5997 7097 5286
f 3403 5685 5286
f 5685 2739 5737
f 5286 7139 6812
f 3961 6812 4922
f 4922 5287 2150
f 2739 4395 5288
f 2739 5288 5737
f 4395 7532 5288
f 7532 1308 482
f 5289 2182 3466
f 2150 6890 5290
f 6890 6021 5290
f 5738 2181 6021
f 2181 5738 2182
f 2182 4437 4755
f 1405 5496 482
f 5496 1405 4437
f 4755 2776 2181
f 3956 5993 3957
f 5291 3957 5993
f 3400 5681 5291
f 5681 2738 5741
f 5291 5741 3471
f 3955 5992 2775
f 5742 2775 5992
f 2738 4393 5740
f 4393 1631 5292
f 4754 5292 1631
f 3469 5293 4752
f 5293 3473 5743
f 4752 5743 2774
f 2775 5295 5296
f 5295 2775 3470
f 3470 2774 6281
f 4439 5294 6283
f 5294 4438 6282
f 6283 6282 1475
f 604 6283 1475
f 4439 6283 4440
f 1537 6283 604
f 6283 1537 4440
f 1631 5298 4756
f 4441 5298 3468
f 1475 6282 1479
f 5297 1479 6282
f 2183 4442 2774
f 4442 4438 6281
f 4949 7174 2183
f 4442 7174 3476
f 4441 6022 6766
f 6022 4441 1632
f 1479 5297 605
f 6284 605 5297
f 3476 7572 6284
f 565 4625 1405
f 1634 6022 2778
f 2778 2186 1634
f 2692 392 632
f 7013 5299 6671
f 6482 2194 6891
f 6896 3491 7015
f 6286 2788 5750
f 4451 4457 4454
f 6287 4454 4457
f 5301 5302 6288
f 6454 5301 7016
f 4954 5746 6678
f 6677 5745 6027
f 7017 6893 5744
f 7017 7018 6290
f 6387 7594 7014
f 7021 4078 7020
f 4952 5497 5306
f 6768 4952 6681
f 3991 7552 4000
f 6680 5306 6951
f 6817 6524 7498
f 6676 5745 7019
f 6027 6676 3992
f 4452 3484 5304
f 3992 6676 6389
f 6290 7018 7224
f 7022 682 7023
f 6682 6291 6736
f 2789 6289 5748
f 6289 2789 2788
f 4454 6819 6683
f 7023 682 6388
f 3488 7016 2791
f 5308 7403 6288
f 2792 5310 4763
f 7287 4761 3493
f 3493 5750 2788
f 7025 6293 6690
f 6287 6821 6693
f 7025 683 7022
f 6693 6292 6682
f 5312 6822 6814
f 6286 4456 6454
f 6694 7404 5303
f 6898 7339 2793
f 1736 3611 1682
f 6900 6456 5809
f 4462 7329 7353
f 2801 4767 7511
f 2207 651 2811
f 650 4471 1550
f 4471 6296 2999
f 7027 2810 3505
f 2810 4470 3504
f 6030 3504 4002
f 2812 4768 5315
f 4768 6030 5315
f 4470 3507 4002
f 5753 4002 3507
f 4471 2811 1550
f 2208 5316 2997
f 5316 2208 5753
f 5752 2999 2209
f 1733 7129 6071
f 5317 7129 4053
f 4053 5318 5317
f 5318 4053 2278
f 5318 2278 3035
f 5319 2277 4769
f 4769 5754 5319
f 5754 4769 2813
f 4474 6295 4473
f 6295 4474 7028
f 2210 5320 2814
f 4475 5320 2999
f 649 6296 650
f 6297 4475 6296
f 639 4770 4446
f 5321 4446 4770
f 3509 6901 7226
f 4446 5321 2785
f 5758 2785 5321
f 5322 3512 7028
f 3512 5322 2213
f 5502 2213 5322
f 2785 5758 4447
f 5323 4447 5758
f 3513 5757 4007
f 4447 5323 1636
f 6035 1636 5323
f 4771 3511 5324
f 7391 4771 4003
f 3511 5756 3516
f 4773 3516 5756
f 4003 5324 2211
f 5760 2211 5324
f 2814 5325 3514
f 5325 2814 5320
f 4475 6297 4476
f 6300 4476 6297
f 5325 4476 2815
f 2211 5760 4004
f 5326 4004 5760
f 3515 5759 4008
f 5326 4009 4960
f 4009 5326 4008
f 1636 5327 4448
f 5327 1636 6035
f 4006 5761 3519
f 5761 4006 6034
f 4448 5763 2786
f 2212 5328 3517
f 5328 2212 6033
f 6298 7392 4005
f 3517 6299 2816
f 6299 3517 5328
f 2786 5329 4449
f 5329 2786 5763
f 5329 5764 4774
f 5764 3518 5762
f 4449 5329 4774
f 4009 1692 6417
f 6298 4960 5330
f 1552 6300 649
f 4476 6300 3003
f 6300 1552 5765
f 3003 5765 3524
f 6299 3005 2217
f 4776 5331 5330
f 4478 3005 7392
f 5330 5331 6298
f 5503 2214 6036
f 2214 5503 3003
f 1554 5765 1552
f 3524 5334 6301
f 5335 3523 5766
f 5334 2215 6301
f 6301 3522 4479
f 4010 5336 4012
f 4012 5336 4629
f 4012 4629 5504
f 4775 2818 3521
f 5767 3521 2818
f 5768 2819 2820
f 2820 4011 4961
f 2821 7029 5337
f 5337 1694 6037
f 5337 6037 4011
f 3525 4777 2819
f 252 5773 4777
f 5773 3542 6302
f 2820 6302 2821
f 2821 6302 5772
f 2819 6302 2820
f 6303 3531 2829
f 3529 5339 6303
f 2832 3533 2227
f 6304 693 3535
f 4021 3012 1704
f 4484 3534 4631
f 5770 3540 5771
f 692 6304 1706
f 4484 6304 3535
f 6528 4488 6305
f 6306 1707 4487
f 7526 4487 2230
f 6307 3046 689
f 3046 6307 4490
f 1062 6308 252
f 6309 3543 6308
f 6313 6309 6314
f 251 6309 1062
f 3543 6313 2234
f 4632 2237 6041
f 6310 6041 2237
f 3008 6311 6312
f 6311 5341 6047
f 6312 6047 2243
f 5341 6311 5340
f 5505 5340 6311
f 4491 6310 3545
f 1695 6310 4491
f 1058 7535 251
f 2236 7528 6042
f 6042 2238 2236
f 250 7485 1058
f 664 6038 7542
f 6038 3008 6312
f 7542 6312 2243
f 2836 6047 5341
f 3545 6315 3546
f 6315 3545 6310
f 2240 6315 2237
f 3014 1711 6043
f 6043 6316 2240
f 2837 5774 5343
f 5343 5344 2837
f 2837 5344 3017
f 4633 3017 5344
f 1050 4633 249
f 2241 5507 6317
f 3016 4633 7030
f 4633 3016 3017
f 4633 1050 7030
f 1711 1712 6316
f 4024 4492 6044
f 6316 6044 4492
f 6046 2836 4963
f 4024 4963 2836
f 2838 2241 6317
f 2241 2838 3548
f 5345 6318 6046
f 3551 4024 6045
f 6319 3551 6045
f 5776 4024 3551
f 4635 5351 6319
f 4494 5785 6320
f 6320 1676 5347
f 1676 6320 611
f 5345 5346 6318
f 4494 4493 5346
f 1047 5348 248
f 7030 248 5348
f 5777 6048 2839
f 5350 2839 6048
f 5349 5350 4025
f 611 6320 5785
f 6320 4493 4494
f 5346 3553 4494
f 2249 5783 3553
f 4026 5351 4635
f 4965 2246 7154
f 5779 4029 5352
f 6050 6052 4029
f 2839 5350 2840
f 6701 2840 5350
f 1044 6321 247
f 5349 247 6321
f 6701 6321 4495
f 6050 4028 3564
f 3563 3564 4028
f 7536 5781 2842
f 3558 5781 3563
f 5353 1713 7439
f 5353 7439 2843
f 4497 3557 4496
f 4497 4496 355
f 1714 4970 3021
f 5782 5512 3555
f 5512 5354 3554
f 6049 3020 4635
f 3554 5777 2839
f 5777 3554 5354
f 2247 4495 4031
f 4031 6321 1044
f 245 1715 2248
f 355 6322 4497
f 6322 355 354
f 3565 6322 4780
f 6322 3565 4497
f 4971 4503 2846
f 1716 7452 7486
f 4033 1716 7486
f 1717 4033 7486
f 3566 2847 4499
f 4035 4500 4034
f 4034 4501 7486
f 5356 6323 6324
f 1173 1169 6323
f 352 6324 1169
f 4037 6324 352
f 7486 4501 4502
f 6325 4504 5358
f 1718 5357 4502
f 5357 1718 6326
f 6325 4503 4504
f 5357 4503 1717
f 611 5785 5364
f 5364 5784 5786
f 2848 7031 5786
f 4504 6326 5359
f 2254 6326 1718
f 5359 6326 4505
f 6327 4505 6326
f 7074 6327 2254
f 3571 6328 4038
f 2455 7127 1164
f 6329 3575 3574
f 1160 6329 2450
f 4506 2849 4972
f 6329 2449 6330
f 2449 6329 1160
f 6330 2449 349
f 6331 4508 4972
f 5362 6331 5361
f 6327 2255 4505
f 4509 2255 1719
f 7031 2848 2850
f 4344 5365 2678
f 5788 2678 5365
f 2850 5366 4781
f 5366 2850 5787
f 2678 5788 4343
f 5367 4343 5788
f 4343 5367 1488
f 6774 1488 5367
f 1719 5363 4039
f 5368 4039 5363
f 4508 6331 3578
f 4783 3578 6331
f 4039 5368 2256
f 5369 4783 5362
f 6330 349 5376
f 5792 2851 7228
f 3577 7228 4510
f 4040 6057 1720
f 1488 5370 4342
f 5370 1488 6774
f 4342 5790 2677
f 5790 4342 5370
f 2257 5371 3579
f 6332 4041 1720
f 3579 5374 6333
f 5374 3579 5371
f 2677 5372 4341
f 5372 2677 5790
f 3580 6333 4511
f 4341 5373 612
f 5373 4341 5372
f 4511 6334 4512
f 6334 4511 6333
f 5375 6334 6333
f 6332 2260 4513
f 6332 1720 2260
f 4513 2260 6058
f 2259 7228 2851
f 349 2444 5376
f 6335 1721 4974
f 348 3581 2443
f 4512 2852 3584
f 6704 3584 2852
f 2852 6334 5375
f 2261 5377 6059
f 5377 4513 6058
f 6059 6058 4638
f 5377 2261 7032
f 6335 6702 1721
f 4042 3582 2438
f 3583 4042 1153
f 4517 6336 4514
f 5795 4514 6336
f 2852 6336 6704
f 1722 7032 7054
f 7032 1722 4517
f 6336 4519 6704
f 4517 1722 7354
f 345 4518 346
f 6339 7128 2855
f 6337 7354 1724
f 6338 1724 3588
f 6338 3588 7540
f 3588 3587 4522
f 343 6340 344
f 6341 2857 3590
f 4639 4523 6347
f 4523 4639 5379
f 3593 5379 2854
f 2858 5380 3593
f 3591 4785 5798
f 4045 5382 6953
f 2266 5382 4045
f 2858 4784 5802
f 4784 3592 5383
f 5802 5383 3604
f 3592 5799 5383
f 5799 2266 5515
f 5383 5799 4047
f 2270 6342 4641
f 6342 4047 6061
f 4641 6061 1726
f 7540 4522 5384
f 4044 5384 6060
f 5797 3595 5384
f 3595 5797 2857
f 5386 2265 3595
f 2857 6341 3594
f 6340 343 4524
f 5385 4524 4527
f 1727 6344 1725
f 3598 1725 6344
f 4046 6344 4525
f 4050 4525 6344
f 460 6062 1272
f 5389 4048 5388
f 6345 5388 6062
f 6064 5388 4528
f 6345 1268 4528
f 1268 6345 460
f 2271 5389 6064
f 459 5390 1268
f 6579 2863 7033
f 6579 5390 3605
f 6342 3604 5383
f 3604 6342 2270
f 2862 5392 6346
f 612 6347 1539
f 4529 6347 4523
f 2862 6346 2858
f 4978 6065 4790
f 5804 3602 5801
f 1539 4789 639
f 4789 1539 6347
f 3030 4789 4529
f 5803 5391 7355
f 3606 6348 4790
f 6348 6067 6066
f 4051 6066 4530
f 2863 2272 5804
f 6349 6902 2864
f 6066 6067 4530
f 4642 6068 1731
f 6068 4642 6352
f 1260 6350 458
f 4531 6350 4532
f 6350 4531 3032
f 2274 6351 2275
f 6070 2275 6351
f 5394 1260 457
f 4532 5394 6351
f 1257 5395 457
f 456 5397 1257
f 6352 4533 3607
f 6353 4533 6352
f 1732 6353 4642
f 4791 6349 2864
f 6354 2277 5396
f 6071 6823 6354
f 1733 6071 6353
f 6353 1732 1733
f 4533 6353 6071
f 1253 5398 456
f 5398 1253 5399
f 3609 3608 7076
f 5807 2276 4534
f 7076 5807 5400
f 455 6355 1253
f 5399 1253 6355
f 4534 6355 6705
f 5401 6705 6355
f 502 5401 455
f 5400 6705 2865
f 2865 6705 2812
f 501 7027 502
f 577 6356 4469
f 2282 5751 2794
f 6706 3037 4461
f 621 3044 3038
f 1594 3619 4541
f 6357 1743 3619
f 4981 6358 1746
f 4548 4065 691
f 4065 4548 4064
f 3627 4072 694
f 4072 3627 2872
f 4070 1752 4075
f 6294 7225 641
f 6294 641 4794
f 1737 7487 5809
f 7126 6696 3615
f 3614 5314 7153
f 3614 7153 4793
f 2793 7072 2291
f 7305 7178 621
f 7288 7178 7305
f 4766 7229 6961
f 6390 4077 7230
f 7303 6961 7229
f 7298 7393 6959
f 5499 7159 6956
f 6074 7293 7232
f 7160 6955 2996
f 6899 7304 7179
f 644 7131 3540
f 7024 7223 643
f 6685 7125 2294
f 643 7223 7131
f 3631 6895 2295
f 689 5749 6394
f 5677 7158 6582
f 4719 6708 6769
f 7088 6737 4795
f 6737 7088 7284
f 2295 7176 5204
f 2294 7125 3046
f 2296 7281 7157
f 2991 6963 7157
f 4079 6879 6716
f 7245 6581 7080
f 658 6420 688
f 6078 6963 2991
f 6394 6525 4795
f 4557 1595 7256
f 6515 927 3387
f 761 4082 762
f 4984 6964 4082
f 746 7605 747
f 6360 6709 7605
f 744 7605 745
f 7605 744 6361
f 4082 6362 7454
f 843 5405 835
f 5407 835 5405
f 842 5405 843
f 849 4083 850
f 6079 851 850
f 838 6710 839
f 836 5407 837
f 6710 837 5407
f 5811 5813 3640
f 5810 5812 875
f 879 5408 874
f 5408 879 6081
f 6081 7103 3639
f 6080 4084 5813
f 2308 5811 3637
f 4560 5810 876
f 5815 5817 3646
f 5814 5816 883
f 887 5409 882
f 5409 887 6083
f 6083 7104 3645
f 6082 4085 5817
f 2309 5815 3643
f 4562 5814 884
f 5819 5821 3652
f 5818 5820 891
f 895 5410 890
f 5410 895 6085
f 6085 7105 3651
f 6084 4086 5821
f 2310 5819 3649
f 4564 5818 892
f 5823 5825 3658
f 5822 5824 899
f 903 5411 898
f 5411 903 6087
f 6087 7106 3657
f 6086 4087 5825
f 2311 5823 3655
f 4566 5822 900
f 5827 5829 3664
f 5826 5828 907
f 911 5412 906
f 5412 911 6089
f 6089 7107 3663
f 6088 4088 5829
f 2312 5827 3661
f 4568 5826 908
f 5831 5833 3670
f 5830 5832 915
f 919 5413 914
f 5413 919 6091
f 6091 7108 3669
f 6090 4089 5833
f 2313 5831 3667
f 4570 5830 916
f 5835 5837 3676
f 5834 5836 923
f 927 5414 922
f 5414 927 6093
f 6093 7109 3675
f 6092 4090 5837
f 2314 5835 3673
f 4572 5834 924
f 5839 5841 3682
f 5838 5840 931
f 935 5415 930
f 5415 935 6095
f 6094 4091 5841
f 2316 5839 3679
f 4574 5838 932
f 5843 5845 3688
f 5842 5844 939
f 943 5416 938
f 5416 943 6097
f 6096 4092 5845
f 2318 5843 3685
f 4576 5842 940
f 5847 5849 3694
f 5846 5848 947
f 951 5417 946
f 5417 951 6099
f 6098 4093 5849
f 2320 5847 3691
f 4578 5846 948
f 5851 5853 3700
f 5850 5852 955
f 959 5418 954
f 5418 959 6101
f 6100 4094 5853
f 2322 5851 3697
f 4580 5850 956
f 3703 5857 3706
f 5854 5856 963
f 6102 4095 5857
f 2324 5855 3703
f 4581 5854 964
f 4583 4584 4585
f 4605 7156 4606
f 642 653 1547
f 6655 6365 4795
f 7035 7011 4624
f 6378 1646 1551
f 3045 7175 7036
f 7232 7237 2995
f 1292 2222 6367
f 7520 3059 3060
f 6368 191 1842
f 80 6369 81
f 23 6369 5668
f 5560 6370 6718
f 6371 4659 4660
f 6374 2586 2008
f 212 7093 991
f 5594 7442 3266
f 7165 4688 4689
f 7169 7170 7168
f 6375 7138 7238
f 6726 6376 4698
f 335 1459 2067
f 283 1519 1520
f 2379 6377 1526
f 6378 650 2711
f 6382 1616 4416
f 6734 6384 4744
f 4747 219 6271
f 2711 1645 6378
f 2788 2789 6386
f 7053 3993 3992
f 6389 6390 7230
f 6393 2834 2835
f 7127 2455 4507
f 2301 6395 2302
f 2304 6463 5404
f 4804 5534 4805
f 4806 6396 4807
f 3139 3767 1251
f 2515 6397 1320
f 4820 5548 4821
f 4822 6398 4823
f 6399 3843 3844
f 4880 7318 4881
f 4894 6401 4895
f 4916 6404 7489
f 2141 6406 2140
f 3962 6407 4924
f 3968 3969 6408
f 6763 4940 4941
f 6409 5251 4943
f 1396 6411 2188
f 1635 6411 562
f 6412 3994 6413
f 3994 6412 7240
f 1679 6414 3994
f 3994 1680 6413
f 6770 6413 1680
f 6947 6416 7231
f 6418 2220 1696
f 6367 2222 1700
f 7234 6420 4983
f 1812 1841 982
f 6966 3716 3714
f 6967 3719 3717
f 6968 3723 5863
f 6969 3727 3725
f 6369 80 4118
f 324 1851 323
f 7446 410 7577
f 6970 3774 3772
f 6971 3778 3776
f 6972 3782 3780
f 5545 6397 2515
f 7038 485 2516
f 6397 2516 1320
f 6425 5010 6424
f 5014 6426 5015
f 6782 5033 5034
f 7112 6783 5037
f 2567 5047 2560
f 6598 1367 6127
f 6428 5049 4264
f 6429 2561 3249
f 6374 7200 4277
f 7200 4278 7093
f 228 2594 4283
f 6411 2095 562
f 5112 6787 5111
f 5130 7412 5131
f 5132 6431 5133
f 6432 5133 6431
f 6434 7492 5145
f 2066 2065 1275
f 5158 6435 6620
f 1465 2657 363
f 5169 2040 7471
f 4362 1501 4347
f 4366 1503 4367
f 185 6440 4101
f 4996 6441 3361
f 557 556 4715
f 6443 4118 6225
f 262 261 5186
f 6444 5186 261
f 3382 6651 6729
f 6446 2965 2963
f 2734 2733 7473
f 5243 6805 6449
f 5251 6409 5252
f 2162 7069 7194
f 5265 6810 6451
f 5270 6670 5271
f 3985 2174 1623
f 1225 4435 433
f 2779 2780 4445
f 6452 563 6410
f 563 6452 1399
f 6452 2187 1634
f 1503 235 4367
f 7221 5299 6453
f 6289 6286 6454
f 6029 6951 5306
f 7222 2995 7237
f 5312 6689 2792
f 6455 2790 7339
f 4466 1416 4467
f 1292 6367 473
f 2224 473 6367
f 4488 6528 6393
f 3583 6458 4042
f 6459 6703 4516
f 6460 687 7036
f 662 663 6460
f 6462 724 2302
f 724 6462 725
f 725 6462 726
f 6462 2300 2301
f 1764 6463 1765
f 2306 830 829
f 7598 7593 1772
f 6464 3702 3707
f 5425 5426 4587
f 6465 5096 6466
f 6467 1440 6173
f 5446 4600 5447
f 6753 5448 4598
f 4599 5449 5450
f 6468 5452 6469
f 6712 6468 4601
f 2940 7242 5454
f 6470 5456 6824
f 5456 6470 5455
f 7264 7507 7555
f 6472 2945 5461
f 6473 5467 4880
f 7156 6474 5160
f 2130 6475 4119
f 5184 6475 3370
f 5195 6476 5476
f 2965 6477 5200
f 6831 6478 4620
f 5491 7265 5490
f 5497 6481 5498
f 6481 4952 6768
f 4952 6481 5497
f 2990 7180 7245
f 7281 6482 4757
f 4953 6483 5300
f 5300 7013 7569
f 6484 3486 7498
f 258 6485 1046
f 257 6486 1049
f 1051 7520 3061
f 7520 3060 1050
f 6487 3062 5520
f 4991 6488 5523
f 6584 3120 3119
f 6847 1256 467
f 466 6490 1259
f 465 6491 1263
f 464 6492 1267
f 6587 3630 3171
f 3200 6493 3201
f 6495 5564 4660
f 6748 4663 5565
f 5566 6720 6372
f 6721 6373 5572
f 6496 5430 5574
f 6856 4668 3860
f 4275 5060 6498
f 5057 6498 5060
f 4688 6500 5617
f 7357 6723 4692
f 6723 5624 5625
f 6860 7266 5631
f 5634 6501 7306
f 6502 5136 7275
f 6502 6795 5136
f 5639 7417 4698
f 4696 6503 4604
f 5641 7243 6471
f 6471 4893 5641
f 3310 6504 5962
f 6505 3313 2637
f 3302 6506 5635
f 5650 7083 5651
f 2691 2693 4365
f 6441 2335 3361
f 6229 7150 5190
f 5476 6875 4716
f 5670 6508 7489
f 6876 6509 6510
f 6509 5990 1589
f 6511 5675 5192
f 3377 6513 3379
f 3387 6708 3951
f 5403 6515 6759
f 2729 3389 2730
f 5707 6881 6517
f 6518 6882 5710
f 5712 6886 6888
f 2167 4622 2166
f 5727 4745 5728
f 5729 6669 4743
f 4744 5730 6519
f 2779 4443 2777
f 6521 5304 7152
f 1677 6522 6523
f 6691 6523 5746
f 7287 4762 6525
f 7286 4759 4764
f 4764 6526 6735
f 7229 5313 6527
f 6695 7288 7404
f 2207 2206 1548
f 6392 2228 3533
f 6392 3533 2831
f 6528 5769 7141
f 6529 1156 6577
f 4515 7075 6458
f 2273 6531 2272
f 2279 4054 2866
f 6463 1764 2303
f 3056 7181 7247
f 3058 3720 7529
f 4804 4648 6740
f 4808 6907 5873
f 3761 6534 4806
f 6396 4806 6534
f 3140 3771 1255
f 3792 1135 7333
f 3793 6535 7162
f 3794 1290 3795
f 4820 4652 4824
f 5546 6912 5893
f 4824 6914 5894
f 3812 6536 4822
f 6398 4822 6536
f 3835 4236 1359
f 6537 3825 4826
f 1365 6399 3845
f 6399 1366 6538
f 1366 6399 3844
f 4827 7371 7289
f 5904 4834 5905
f 5906 5424 7268
f 4833 7560 5016
f 4589 5907 4835
f 6541 6915 7250
f 6542 5038 5042
f 6916 5042 5038
f 3257 6543 5912
f 5110 6544 5943
f 6998 6545 5944
f 6922 7251 4870
f 6548 6549 5452
f 5456 7211 7252
f 5451 6927 5947
f 5455 4879 6550
f 6931 6552 6621
f 5966 6553 6506
f 5966 7116 5967
f 6554 1464 2077
f 3947 6934 5988
f 6555 3381 6936
f 6556 1593 3952
f 1590 6557 6556
f 6936 3381 6880
f 6408 3969 1612
f 6004 6558 4936
f 6005 6938 7390
f 6006 7308 7255
f 6939 6940 6559
f 4623 6942 4937
f 4938 6007 6941
f 5490 6763 6560
f 5489 6765 6561
f 6562 4941 6009
f 6942 6563 6943
f 6007 6564 6944
f 6011 5241 6012
f 6565 3455 1627
f 603 659 679
f 4955 2189 6023
f 4956 6566 6023
f 6567 6024 7124
f 6024 6567 6025
f 6568 7256 6569
f 3995 3996 7256
f 7269 7257 6769
f 6569 3996 6950
f 3996 6569 7256
f 6415 6571 7257
f 5498 6673 3997
f 6574 6029 6573
f 6576 4008 5759
f 4013 6040 1695
f 7588 6319 6045
f 5791 6577 5794
f 6578 2265 5386
f 3501 2200 7445
f 6075 7426 7130
f 6076 7299 7145
f 7230 7301 7053
f 6581 7245 3388
f 7184 7183 1060
f 1062 6583 251
f 345 4147 4145
f 1881 2443 3743
f 6584 4168 2461
f 355 3127 4175
f 4181 3129 358
f 6422 7110 4107
f 456 6585 1253
f 410 7446 4202
f 473 6586 1292
f 2506 3807 6587
f 4215 6588 2914
f 6588 523 2914
f 3195 7604 7432
f 540 541 2547
f 1968 3826 2546
f 4223 2550 4220
f 3200 6589 3205
f 6589 525 526
f 2552 4227 2553
f 2905 4235 7441
f 4235 2905 1974
f 2556 6590 3209
f 6590 2556 530
f 531 4237 6590
f 3209 6590 4237
f 2555 4234 7509
f 3186 7578 2530
f 3845 6592 6119
f 6593 5004 7544
f 5555 5901 5005
f 4655 6423 5897
f 6778 6123 7258
f 6975 6595 5010
f 6424 6596 6494
f 6429 6597 5564
f 5015 6600 6781
f 5014 6601 5047
f 4673 6602 6977
f 6134 6603 5567
f 6148 1019 4670
f 7449 4264 6133
f 4267 1379 3865
f 5053 6607 5054
f 1378 6608 5912
f 2587 6374 4277
f 211 4275 995
f 995 7200 212
f 228 4283 229
f 1417 3878 7397
f 1325 6610 1421
f 480 7164 5065
f 3290 6467 1442
f 5107 5617 5169
f 5108 6611 5619
f 6921 6612 5112
f 6787 6613 6184
f 6615 5116 6187
f 5115 6616 5151
f 6617 6188 7271
f 5471 7272 4702
f 2953 5951 5122
f 6987 6619 6194
f 6621 1444 6923
f 6923 7259 6622
f 6184 6623 6624
f 6623 6190 7406
f 6860 6626 5131
f 6983 6627 6187
f 6984 6189 6628
f 5632 6628 6189
f 5132 6630 5631
f 5634 7273 6725
f 6196 6632 5134
f 7253 6633 5636
f 5636 6635 6198
f 6635 5636 6197
f 6636 5639 6992
f 6200 6992 5140
f 5141 6638 5641
f 6199 6930 5142
f 5143 6196 5640
f 4604 7420 6640
f 6504 6205 5962
f 5467 6194 6642
f 3327 371 5161
f 6436 1167 2653
f 6437 4333 257
f 6437 6643 4333
f 2098 6507 6439
f 6438 2100 3929
f 1455 4357 596
f 4913 5473 6223
f 4363 1435 2690
f 4121 4369 4987
f 2334 4105 2959
f 6475 2130 2325
f 2382 6444 3072
f 4102 6646 4373
f 6226 7293 4376
f 6648 4376 6647
f 6226 6999 6954
f 5984 6075 7409
f 3376 6076 7300
f 6962 7305 4716
f 6230 6649 5197
f 5196 6650 6228
f 1593 1592 7096
f 6556 6651 1590
f 4612 6652 5199
f 5199 6653 5200
f 4613 6654 6234
f 6235 6800 5196
f 6235 3383 4717
f 6582 2727 5678
f 4983 6420 5203
f 5206 7375 7066
f 6657 5225 5695
f 4942 5251 5242
f 6264 6659 5240
f 6659 6264 7008
f 6261 6660 5707
f 6660 6261 5245
f 5244 6662 5709
f 6883 6663 5246
f 6663 5710 6008
f 6256 6251 7009
f 3443 2752 7327
f 7008 6264 6665
f 4416 1618 6382
f 5722 5261 5248
f 5721 6944 7482
f 1010 2168 215
f 5712 6666 5265
f 7283 5266 5731
f 5730 6668 6939
f 3463 2767 5733
f 1624 7350 5733
f 2771 7351 2179
f 4435 2179 7407
f 5685 7139 5286
f 7136 3483 6671
f 6453 5300 6483
f 5300 6453 5299
f 7079 6673 7475
f 6674 2190 7100
f 2190 6674 2191
f 6285 6675 4757
f 6520 4757 6675
f 5301 6288 7016
f 5745 6676 6027
f 6677 6678 5746
f 4953 7569 6679
f 4952 6680 6681
f 6680 4952 5306
f 6291 6682 6292
f 4765 6736 6291
f 6683 5308 6814
f 684 6684 685
f 6684 684 6686
f 5310 6685 4763
f 3490 6689 4456
f 6690 7408 6688
f 6691 3994 1677
f 6414 7554 7263
f 6692 7025 6690
f 6693 6293 6292
f 6694 6695 7404
f 6294 6696 4765
f 7126 6736 6696
f 6900 5751 4001
f 6697 4001 1682
f 4469 6580 2201
f 2812 3505 4768
f 4957 5316 3510
f 3509 6698 5754
f 5773 6302 2819
f 6393 4489 4488
f 6700 5352 4032
f 6457 7439 1713
f 6056 6952 5789
f 2261 6702 5513
f 1149 6703 347
f 6703 1149 4516
f 2262 2263 7089
f 5378 6704 4519
f 2854 6704 5378
f 6356 4054 2281
f 7073 3501 2280
f 4538 6706 4536
f 4064 6358 4981
f 4073 6587 3807
f 6958 7409 7196
f 7305 6962 7288
f 6532 3631 2295
f 748 6709 749
f 747 6709 748
f 6361 6709 6360
f 5405 7590 5407
f 3702 6464 3705
f 2916 4583 4585
f 4586 4587 2920
f 1369 6605 4590
f 4590 6783 2923
f 2937 4598 7133
f 4600 7133 4599
f 6711 4601 6468
f 6363 7456 7582
f 4605 6713 7156
f 2964 6737 3631
f 6832 7236 4618
f 2976 4620 4619
f 1615 7035 4624
f 4624 7011 2982
f 6671 6716 7136
f 2994 6717 2993
f 4637 6773 4636
f 3222 4659 6371
f 6539 6372 4663
f 6720 3226 4662
f 6372 4662 7372
f 6721 4667 6373
f 6373 3235 6497
f 6373 6497 3236
f 6602 4673 3252
f 3255 6157 6158
f 4685 1442 6467
f 6467 3289 4685
f 5616 7165 4689
f 4687 6722 4688
f 3293 7207 4690
f 3296 7357 4694
f 6723 3297 4693
f 4692 4693 3298
f 6375 7238 6725
f 6725 3303 6375
f 6376 6726 4696
f 6727 4697 6376
f 4697 6727 2946
f 6376 3307 4698
f 3307 6376 4697
f 3320 6788 6873
f 630 6728 1501
f 7235 6729 3952
f 5206 4723 3398
f 6730 7122 4734
f 5282 6731 3418
f 4735 7395 3419
f 4736 7395 6732
f 6884 6732 7395
f 3422 6733 3421
f 3438 4743 7173
f 6384 7173 4743
f 4743 3439 6384
f 4744 6384 3439
f 4745 6384 6734
f 6645 145 144
f 3483 6838 3482
f 6520 3482 6838
f 4758 6813 4759
f 6813 4758 6521
f 6815 6521 4758
f 7088 6525 4762
f 4762 6735 7088
f 7287 5749 4761
f 7458 7415 3489
f 7126 3495 6736
f 3591 3592 4785
f 4786 6530 6343
f 6349 4789 3030
f 7181 6738 4798
f 3720 7182 4799
f 3724 6739 4800
f 6903 3728 3062
f 6584 3119 1898
f 3757 1901 3125
f 3761 6740 3136
f 4648 3136 6740
f 4805 4648 4804
f 4807 6741 4806
f 3762 6741 3763
f 3762 6740 3761
f 6740 3762 6907
f 6742 4810 3771
f 3775 6743 6908
f 3779 6744 4811
f 3783 6745 4812
f 6909 4813 3787
f 6910 3802 3164
f 4652 3176 6746
f 4821 4652 4820
f 4823 6747 4822
f 3813 6747 3814
f 3813 6746 3812
f 6746 3813 6914
f 6748 4829 4831
f 6749 3848 4830
f 4829 4830 2916
f 4834 7268 7279
f 4834 4833 3852
f 6750 4835 6751
f 6751 3854 6541
f 6751 6541 2918
f 6752 4849 3876
f 6400 6925 4874
f 4874 2941 4875
f 4877 7239 7396
f 2940 4878 6825
f 7488 6825 4878
f 4878 3902 7488
f 7488 7189 7495
f 5462 7172 3911
f 4895 6756 4894
f 3282 6757 4911
f 6403 6405 3376
f 6508 3376 6405
f 3949 6405 6403
f 3381 6555 5676
f 3950 6758 3380
f 5991 6758 4917
f 6760 4917 6758
f 3951 6759 3387
f 6515 3387 6759
f 3951 6760 3950
f 4923 3960 3961
f 4924 6407 6761
f 6407 2969 6761
f 3974 4934 4936
f 4934 2976 4935
f 6940 4937 4939
f 2975 4940 6763
f 4940 3976 4941
f 6763 4941 6764
f 3977 6764 4941
f 6007 7143 6564
f 3978 6564 7143
f 5262 4942 3979
f 3990 6767 2988
f 2190 2191 6768
f 7020 1678 6483
f 2992 6483 1678
f 6897 7554 7292
f 7554 6897 5744
f 2193 6950 3997
f 3995 7144 6572
f 6769 6572 7144
f 6571 6415 4955
f 6770 6415 7257
f 4955 6415 2189
f 6772 3998 6771
f 7145 6771 4956
f 6771 3998 6566
f 1701 1702 2224
f 6054 6773 7583
f 6774 6055 6056
f 4045 4044 5514
f 6578 4046 3025
f 7076 4979 5807
f 6489 6846 4994
f 6846 1181 4993
f 1319 7038 2516
f 3847 6592 5898
f 6119 6592 4242
f 6777 5004 4242
f 6423 3221 7470
f 6423 7470 3846
f 7382 4244 5558
f 5010 6779 6424
f 6425 6424 3223
f 4245 6150 6425
f 6780 5011 5013
f 5013 7479 5012
f 6852 5013 5012
f 5015 6781 5014
f 6426 5582 5015
f 4253 6427 6603
f 6603 7198 3228
f 3227 6782 5034
f 5034 5033 3851
f 3235 7112 5037
f 4256 5038 6542
f 5049 6428 5047
f 4267 7385 6429
f 4271 5057 5060
f 4286 4676 3883
f 3273 6784 5595
f 6785 5099 2038
f 5112 6786 6787
f 5111 6787 6982
f 6616 5115 5116
f 7209 5117 7210
f 2953 5122 7272
f 5124 3904 5123
f 6788 5123 6873
f 4304 5128 5129
f 5128 6789 7398
f 6789 4308 6985
f 5129 7398 6791
f 6627 5130 4305
f 5131 6792 5130
f 6983 4306 7412
f 5133 6794 5132
f 6632 7212 7274
f 7342 5135 6867
f 6990 6795 6502
f 6796 5140 6869
f 6797 7490 7399
f 5145 5144 4311
f 4326 6798 5126
f 6620 6798 5158
f 4326 6996 4605
f 362 1465 363
f 7471 3897 5169
f 6776 6440 4120
f 7294 5189 4374
f 5189 7294 6955
f 7150 6227 7296
f 4076 7296 2718
f 6648 4374 6799
f 6648 6799 3377
f 6229 5190 5193
f 6800 599 6650
f 660 6650 599
f 5197 6801 6230
f 2962 4381 6652
f 4381 2962 4379
f 6652 6653 5199
f 2963 6653 4381
f 3379 6513 3384
f 6514 3382 6802
f 6729 6802 3382
f 6581 6802 6729
f 6802 6581 3388
f 2965 6532 5204
f 6775 4983 4717
f 4403 6803 5693
f 6803 2744 5693
f 4412 6448 5242
f 6448 4412 5240
f 6448 7400 5241
f 5242 6804 3979
f 6804 5242 6448
f 4409 6449 5245
f 6449 4409 5243
f 6449 6805 5244
f 3419 5246 7401
f 5246 6807 6808
f 4413 7402 4407
f 6450 7402 5247
f 4412 6809 4410
f 5252 6809 5251
f 3430 5259 5261
f 5261 5260 4414
f 3422 6451 5267
f 6451 3422 5265
f 6451 6810 5266
f 5267 6811 3974
f 6811 5267 6451
f 5270 7011 6670
f 5271 6670 3975
f 4427 2760 3451
f 6279 5280 4436
f 5286 6812 3961
f 4950 6766 3988
f 4450 6672 2992
f 3491 6813 7152
f 6526 4764 6813
f 5312 6814 5302
f 6814 6288 5302
f 5304 6521 3487
f 6815 3487 6521
f 5305 6679 5747
f 7246 7594 6387
f 5306 6818 6029
f 6818 3991 6573
f 4000 6573 3991
f 4452 6527 5313
f 3495 3494 4453
f 5308 6819 5307
f 4453 6819 4454
f 6820 7125 5310
f 5311 5309 7366
f 3489 6821 4457
f 4457 7458 3489
f 7458 4457 4451
f 5311 6822 2792
f 5312 2792 6822
f 4458 6527 3487
f 7140 4458 7179
f 5307 3494 7153
f 6823 5317 3508
f 6698 5319 5754
f 3573 3572 7127
f 5390 6579 4528
f 4455 4489 2835
f 6716 4626 4079
f 4626 7221 6775
f 2306 829 2305
f 962 6464 961
f 2917 4584 7367
f 4583 7606 6540
f 5424 4588 7279
f 4588 2918 4586
f 5425 1986 5426
f 4587 5426 2919
f 7560 4587 5427
f 6465 2934 7148
f 5105 2037 2036
f 5447 6920 5446
f 5447 4600 2938
f 2937 6753 4598
f 6469 2043 6927
f 5451 2939 6468
f 5452 6468 6712
f 7242 6711 5453
f 5453 2044 7242
f 5456 5455 2045
f 7318 5457 4881
f 4881 4603 2943
f 2942 7280 7134
f 2943 7264 5460
f 2946 2945 6472
f 7243 6870 6472
f 5461 6826 7243
f 5464 3316 1457
f 6435 5158 5466
f 5465 4606 7460
f 4605 6996 6473
f 5467 6828 4880
f 6473 4880 2948
f 3322 7460 5160
f 6713 5468 6474
f 5468 6713 2948
f 6474 5468 2070
f 5476 6829 5195
f 7003 5195 6829
f 6477 2142 6830
f 6477 5204 6447
f 5204 6477 2965
f 2159 5488 6938
f 6478 6938 5488
f 5488 2974 6478
f 6715 6478 2974
f 6715 7493 4618
f 4618 2160 5489
f 4618 5489 6832
f 2976 4619 6833
f 7265 6833 4619
f 4619 6832 7265
f 5490 7265 2975
f 5490 6560 5491
f 6765 6834 2978
f 6834 2160 2977
f 2988 6835 3990
f 6836 3990 6835
f 5498 6836 5497
f 5497 6837 5306
f 6818 5306 6837
f 3991 6835 2988
f 6835 3991 6818
f 2991 6838 3483
f 7157 6520 6838
f 6482 7281 7158
f 7157 7281 6520
f 3481 2194 2990
f 6717 7548 2993
f 4953 6679 5305
f 6679 7569 7548
f 6483 6672 6453
f 5499 6840 4760
f 7246 4760 6840
f 7282 7159 3485
f 5499 6894 7159
f 4636 7553 4973
f 6841 1043 5519
f 257 1046 6842
f 3056 6842 1046
f 3056 6485 7181
f 256 1049 6843
f 3058 6486 3720
f 6486 3058 6843
f 6487 1053 256
f 3062 6487 3724
f 6844 3724 6487
f 3063 1051 3061
f 1138 5525 1139
f 5525 1138 6845
f 5523 6845 4991
f 341 6488 340
f 4991 340 6488
f 6488 3080 5523
f 1181 6846 1182
f 5531 1182 6846
f 5531 6846 6489
f 358 6489 357
f 1903 3128 1904
f 3129 6489 358
f 1904 3128 4803
f 466 1256 6848
f 6847 6848 1256
f 3140 6847 3771
f 465 1259 6849
f 3143 6849 1259
f 3143 6490 3775
f 464 1263 6850
f 3146 6850 1263
f 3146 6491 3779
f 3148 6492 3783
f 6492 3148 1267
f 6912 5546 5547
f 3198 6493 2549
f 6777 3217 4658
f 6718 7258 5560
f 7258 2559 5560
f 6494 7381 6852
f 6371 6494 6852
f 3223 6494 6371
f 4659 5563 6719
f 6371 4660 3223
f 5564 3223 4660
f 6495 4660 6719
f 4663 6748 6539
f 6539 5566 6372
f 5566 1983 6720
f 2564 6721 5572
f 6721 3234 4667
f 5572 6373 3236
f 6496 3234 5573
f 3236 6497 5575
f 5018 6856 3860
f 3238 2565 5576
f 7155 3240 6916
f 5047 2567 5049
f 6600 5583 2584
f 6857 5586 5059
f 5587 6156 2586
f 6156 5587 3256
f 6498 5057 2007
f 4275 6498 4277
f 7442 7082 3265
f 6981 5613 2627
f 5105 5614 2037
f 5616 4689 7422
f 6858 4687 7165
f 4687 6858 7204
f 4689 4688 3292
f 5618 4691 7167
f 7170 7169 5622
f 6723 7357 5624
f 5625 7083 2632
f 3297 6723 5625
f 5631 6859 6860
f 6724 7266 6793
f 7266 6375 6861
f 3303 6861 6375
f 7138 6724 5632
f 7138 5632 5633
f 7238 5633 3302
f 6862 7306 6863
f 7306 6862 5634
f 6864 5635 6501
f 5635 6864 3302
f 6501 1446 6928
f 1446 6501 5635
f 6865 2044 7342
f 6865 7342 6867
f 7420 6867 5136
f 7491 5638 6868
f 7417 6868 5638
f 5638 7413 7414
f 5639 4698 6869
f 6503 6726 3306
f 6503 6364 4604
f 4696 4604 6727
f 7410 6727 4604
f 3910 7142 4893
f 5641 6870 7243
f 6870 5641 6638
f 4889 4891 5146
f 5647 6871 6506
f 5635 6506 6872
f 6872 6553 3911
f 5152 6872 3911
f 2641 6932 2640
f 6506 6871 5966
f 6932 5966 6871
f 6756 5464 4894
f 4894 1457 5648
f 6401 5648 6634
f 2651 5139 7491
f 6441 4996 4191
f 5984 7409 3948
f 2292 7298 1588
f 2962 7519 6476
f 6875 6476 5475
f 5476 4716 6728
f 6728 6829 5476
f 7489 6404 5670
f 1588 6874 1589
f 6404 1589 6874
f 1590 5990 6876
f 6509 6876 5990
f 6877 6510 4916
f 6404 4916 6509
f 6877 4916 3378
f 2722 6512 5673
f 6511 5673 6512
f 6799 5192 5675
f 5673 6511 2720
f 6878 5201 6513
f 5201 6878 5675
f 6512 5201 5675
f 2140 6406 2139
f 5676 5987 3381
f 6406 3381 5987
f 2723 2725 7550
f 3385 6879 4079
f 6880 6461 5403
f 2727 6582 2296
f 5677 6582 5678
f 6241 5691 3964
f 5701 5230 7277
f 7122 6730 2747
f 2750 6517 5708
f 6517 6881 4736
f 5708 6732 3420
f 6732 5708 6517
f 6881 6806 6381
f 6518 6806 5709
f 6518 5709 6882
f 6381 6883 3419
f 6883 6381 6518
f 6885 6884 4735
f 4735 3419 5711
f 2163 6885 5711
f 3421 6886 3422
f 2751 6887 2747
f 6887 5712 6888
f 3443 5249 2754
f 2751 5727 5728
f 5727 7173 4745
f 5728 6734 3440
f 4743 6669 3439
f 3440 6519 5731
f 6519 3440 6734
f 4744 7278 5730
f 6889 5731 6519
f 6890 5738 6021
f 3481 6891 2194
f 4759 6892 4758
f 6892 4759 6386
f 5303 6892 6694
f 6892 5303 4758
f 1677 7263 6522
f 6522 6893 7019
f 4452 7558 3484
f 6523 5745 6677
f 5745 6523 6522
f 2190 6026 7100
f 6894 6567 3485
f 4760 6025 6894
f 6894 5499 4760
f 5747 6679 6816
f 3486 2995 5747
f 3492 6895 7284
f 6895 3492 6570
f 7177 7285 4761
f 6820 5310 6689
f 2792 6689 5310
f 3491 6896 3492
f 6896 5744 6897
f 6819 3494 5307
f 7403 5307 5314
f 7178 6455 6898
f 7026 7404 6899
f 6695 6455 7178
f 6900 5809 3615
f 4772 6901 3512
f 644 3011 1567
f 5769 6528 6305
f 6952 3579 5789
f 2851 5791 5794
f 6530 3598 6578
f 4046 6578 3598
f 5393 6902 5803
f 6447 5204 6359
f 749 6709 741
f 3050 1039 3712
f 6533 6738 3053
f 6738 6533 3716
f 3053 6738 7181
f 6841 7181 6485
f 6841 6485 258
f 3056 7247 7182
f 3719 4799 7182
f 3056 7182 6842
f 6842 3720 6486
f 6842 6486 257
f 7529 3723 3058
f 3723 4800 6739
f 3058 6739 6843
f 6739 3724 6844
f 6843 6844 256
f 1052 6903 3062
f 6903 1052 3727
f 3062 3728 5520
f 1060 3070 7184
f 7183 1063 3733
f 406 6904 405
f 6904 406 5534
f 4808 6904 4804
f 398 6905 397
f 5533 397 6905
f 5532 6534 3761
f 6534 5532 6905
f 4995 5532 3761
f 405 6906 404
f 5873 6906 4808
f 6904 4808 6906
f 3763 6907 3762
f 399 6396 398
f 3761 6741 3762
f 5874 6906 5873
f 4809 6907 3763
f 2891 6741 4807
f 6109 6396 399
f 1251 6742 3139
f 6742 1251 5876
f 3771 6847 5536
f 1255 6908 3140
f 6908 1255 3774
f 3140 6743 6848
f 6743 3775 6490
f 6848 6490 466
f 7248 4811 6744
f 7248 1258 3778
f 3143 6744 6849
f 6744 3779 6491
f 6849 6491 465
f 7249 4812 6745
f 7249 1262 3782
f 3146 6745 6850
f 6745 3783 6492
f 6850 6492 464
f 1266 6909 3148
f 6909 1266 3786
f 3148 6909 5538
f 336 4127 4814
f 6910 3164 1294
f 3164 3802 5542
f 506 6911 505
f 6911 506 5548
f 4824 6911 4820
f 500 6912 499
f 5893 6536 3812
f 6536 5893 6912
f 7186 5893 3812
f 5893 7186 5546
f 505 6913 504
f 5894 6913 4824
f 6911 4824 6913
f 3814 6914 3813
f 501 6398 500
f 3812 6747 3813
f 5895 6913 5894
f 4825 6914 3814
f 2893 6747 4823
f 6115 6398 501
f 6538 5897 5898
f 5898 3846 4828
f 4828 5562 4827
f 4827 7289 2917
f 5899 2917 7111
f 4829 6748 6853
f 6853 1367 6749
f 6598 6749 1367
f 3848 6749 6598
f 5901 6540 3850
f 7494 5902 3849
f 1367 5904 5905
f 5904 3851 7268
f 5905 4834 3852
f 3851 5906 7268
f 3852 4833 5016
f 5423 6751 2918
f 4835 5907 3854
f 5425 6915 1986
f 6856 5018 430
f 6916 1372 7155
f 3862 440 7188
f 4849 6752 3875
f 1414 3875 6752
f 5921 6609 1421
f 6610 5921 1421
f 6918 4288 6161
f 6919 3895 2039
f 3896 5942 3895
f 6644 6998 5944
f 6545 4869 7213
f 4869 2938 5450
f 4869 5450 2042
f 6920 6921 5446
f 7251 7259 1444
f 4871 4870 2954
f 4599 7051 7524
f 4598 5448 4872
f 6621 6923 5946
f 6547 5946 6923
f 6924 6790 6925
f 6547 6400 6754
f 6754 7290 6547
f 6549 4874 6925
f 6549 6926 5452
f 6469 5452 6926
f 4874 6548 2941
f 6712 2941 6548
f 4875 2941 6824
f 6469 6927 5451
f 5947 6755 4877
f 6755 5947 7261
f 7396 2939 5451
f 5152 6633 1446
f 6711 2939 5453
f 4876 7275 5135
f 7275 4876 7239
f 5453 7342 2044
f 2045 6550 5629
f 5455 6825 4879
f 7495 7336 6550
f 2940 5454 4878
f 6929 5454 2044
f 4878 6631 3902
f 6631 4878 5454
f 3903 7189 5949
f 6930 7189 3902
f 5949 7189 7500
f 6551 2942 7416
f 2942 6551 4884
f 7418 4882 7291
f 6552 7418 7291
f 6931 3905 6552
f 7191 7192 7280
f 4882 7418 4883
f 4883 5952 7192
f 7095 7555 5953
f 7504 4886 7378
f 4886 5955 4898
f 2049 5643 5962
f 2054 6932 2641
f 7116 5966 6932
f 3911 6553 5462
f 5967 6553 5966
f 6553 5967 5462
f 6933 466 7379
f 5652 7467 5953
f 2662 6643 6437
f 4358 3934 6223
f 1507 3939 1288
f 3947 6935 6403
f 5989 6934 2719
f 6960 6934 3947
f 7300 3947 6403
f 3947 7300 6960
f 3949 5676 3380
f 2139 5988 5989
f 5988 2139 5987
f 5987 6935 5988
f 6935 5987 5676
f 6934 5989 5988
f 6403 6935 3949
f 5988 6935 3947
f 3380 6758 6877
f 6510 6877 5991
f 6876 1592 6557
f 1592 6876 6510
f 6557 1592 1593
f 3380 6555 3950
f 7096 4917 4719
f 4719 6760 6708
f 6760 4719 4917
f 6880 2141 6461
f 3950 6555 6936
f 6936 3951 3950
f 6880 6759 6936
f 4392 6407 3962
f 5487 5486 5734
f 6558 1613 6937
f 3974 7390 4934
f 7390 6938 6831
f 4934 6831 2976
f 6831 4934 7390
f 2159 6559 5488
f 6559 2159 6939
f 6559 6940 4939
f 5488 6762 2974
f 6762 5488 6559
f 3975 4623 4937
f 4623 6563 6942
f 6563 4623 7035
f 4937 6942 7143
f 6762 4938 7493
f 7493 6941 2160
f 7309 6560 6008
f 6764 6008 6560
f 2975 6561 4940
f 6561 2975 6832
f 5489 6834 6765
f 4940 6765 3976
f 6765 4940 6561
f 6664 6562 1616
f 6562 6009 7194
f 2160 6941 2977
f 6941 6007 6944
f 7143 6942 3978
f 2977 6944 2161
f 5493 7547 6010
f 2164 6011 6012
f 6011 6804 5241
f 6012 5241 6945
f 7400 6945 5241
f 1619 7069 6014
f 1617 6014 7069
f 984 7042 201
f 2189 6946 6023
f 6566 6948 6023
f 6566 3998 7552
f 7552 2988 6948
f 6767 6948 2988
f 4956 6023 6946
f 6285 7124 6024
f 6387 7014 7502
f 6673 7079 3997
f 6526 3492 7284
f 3994 6414 1677
f 6949 7554 6414
f 3995 6571 6767
f 7269 6770 7257
f 4954 6770 1680
f 6028 6568 2193
f 927 6413 6770
f 2195 6481 2191
f 6481 2195 6673
f 3990 6950 3996
f 3997 6836 5498
f 6836 3997 6950
f 1680 6691 5746
f 2192 6707 7130
f 6707 2192 6951
f 7196 6951 6029
f 3999 6573 4000
f 7053 6416 3993
f 6947 7197 3993
f 6947 4956 6946
f 3498 6575 3497
f 6417 4010 4012
f 1695 4014 4013
f 3006 4013 4014
f 2246 5510 4029
f 2256 4973 7553
f 2258 4637 6055
f 6952 6056 6055
f 2259 2851 5794
f 6953 6338 7540
f 4044 6953 7540
f 620 7305 621
f 6074 6419 7294
f 6955 7160 7295
f 4076 6956 7296
f 6957 7159 7282
f 6958 7394 7297
f 6076 7231 7300
f 6077 7140 7179
f 7269 6708 3387
f 7136 6879 6078
f 763 6964 764
f 765 764 6964
f 745 7605 746
f 6360 7454 7541
f 5406 7590 7556
f 839 6710 840
f 6965 6079 7132
f 3641 6081 879
f 3647 6083 887
f 3653 6085 895
f 3659 6087 903
f 3665 6089 911
f 3671 6091 919
f 3677 6093 927
f 3707 6103 967
f 6422 5859 1039
f 4797 3715 5861
f 6966 3718 5862
f 4798 6966 5862
f 6967 3722 5863
f 6968 3726 7316
f 1052 4800 7316
f 6969 3730 5865
f 1056 6969 5865
f 3082 6488 341
f 4810 3773 5877
f 6970 3777 5878
f 1258 6970 5878
f 6971 3781 5879
f 1262 6971 5879
f 6972 3785 5880
f 4812 6972 5880
f 3789 4813 3786
f 6592 6538 5898
f 3847 6973 4242
f 6851 6593 7544
f 6974 6593 2915
f 6777 7544 5004
f 5004 6974 6119
f 6974 2915 1365
f 6973 3217 4242
f 3218 5555 5005
f 5005 5901 3850
f 1366 4655 5897
f 5897 6423 3846
f 2557 7380 7419
f 5559 5558 6778
f 6718 6778 7258
f 1368 6595 6975
f 6595 1368 7587
f 7587 3849 6595
f 6779 6595 3849
f 6975 5010 6150
f 3849 6596 6779
f 6596 3849 5902
f 5902 1984 6596
f 7381 6596 1984
f 6597 4245 6425
f 6425 3223 6597
f 2561 6429 5564
f 1984 6780 7381
f 6780 1984 5900
f 3848 6598 5011
f 5011 5048 7479
f 4659 6599 5563
f 2561 6495 6600
f 6495 6781 6600
f 6601 6781 6719
f 5583 5015 5582
f 5047 6601 2560
f 5014 6428 6426
f 6428 5014 5047
f 5582 6426 6602
f 6426 6606 6602
f 6594 487 5018
f 7058 7199 4250
f 3228 7198 2562
f 6126 7198 6427
f 6541 3854 7459
f 6915 5028 7457
f 3233 2921 3855
f 6853 5565 7383
f 5565 4663 3227
f 6855 2564 5572
f 6854 5572 3236
f 6782 3236 5575
f 5033 5575 7480
f 6497 3235 5037
f 4667 6496 5574
f 2923 6783 2922
f 6137 7199 4256
f 6916 5038 4251
f 5038 4256 5021
f 5038 5021 4251
f 5567 2567 2560
f 6134 5563 6599
f 1378 2006 6608
f 3256 5587 3250
f 6979 5053 5054
f 5912 6608 3865
f 6978 1378 5058
f 4278 6374 2008
f 4275 4277 7200
f 5062 2107 5473
f 4286 3883 5064
f 5066 6784 6980
f 6784 5066 4288
f 5595 6784 6918
f 7147 2934 5077
f 5607 5077 2622
f 2624 6172 5611
f 7039 6176 6174
f 506 6178 6175
f 6179 5099 5613
f 6179 5613 6981
f 5100 6785 4597
f 2936 6785 2038
f 2628 3895 6981
f 6981 6919 6179
f 6182 2935 4596
f 6183 7386 7201
f 2936 5941 7202
f 5941 2039 7424
f 3897 7270 5169
f 5107 3292 5617
f 5616 7424 5942
f 3896 6611 5108
f 6611 1443 5619
f 5109 5108 7167
f 6499 7204 2630
f 2040 6500 6920
f 6612 6920 6500
f 6500 6722 6612
f 6786 6612 6722
f 6613 6786 7166
f 6499 2630 6613
f 6184 6613 2630
f 6982 6787 6184
f 6614 6922 5111
f 5111 4304 6614
f 7260 6614 4304
f 4691 5618 3293
f 5614 2629 6185
f 5113 7206 4305
f 5113 4305 6792
f 2629 5104 6187
f 6983 5116 4306
f 6615 6182 6616
f 6616 503 5151
f 6189 6188 2634
f 6623 5622 6190
f 6190 3294 5118
f 7406 5118 4308
f 5117 6191 4307
f 6985 7210 6193
f 6193 4307 6192
f 6986 6192 2043
f 5623 5976 5121
f 7357 5120 5624
f 7083 5624 5651
f 2085 5471 4702
f 6788 4702 5124
f 2953 4608 5951
f 4608 6621 5951
f 5122 7291 3904
f 6618 6873 5123
f 5123 7190 6618
f 7190 5123 3904
f 5950 7472 5650
f 5627 6619 6987
f 5125 6987 4309
f 6619 3297 5625
f 5625 6642 6619
f 6642 5625 2632
f 4309 6987 6194
f 4310 6620 6195
f 5126 6798 6620
f 6195 6435 368
f 6435 6195 6620
f 3901 7114 7290
f 5946 6931 6621
f 5949 3914 5630
f 1444 7259 6923
f 6923 6622 6547
f 7260 4304 5129
f 6547 6622 6924
f 6622 5129 6791
f 6924 6791 6790
f 4304 6982 5128
f 6982 6184 6624
f 6184 2630 6623
f 5128 6624 6789
f 6624 6623 7406
f 6789 7406 4308
f 7387 6790 6625
f 6430 6985 6625
f 6549 7387 6926
f 6625 6193 6986
f 6926 6986 2043
f 2631 6626 6859
f 6626 2631 6186
f 6186 6792 6626
f 6792 6186 5113
f 6793 6860 5131
f 6627 4305 6185
f 6185 2629 6627
f 6983 5130 6627
f 6793 6628 6724
f 6628 6793 7412
f 6984 7412 4306
f 5632 6189 2634
f 2043 6629 6927
f 6629 2043 6192
f 6192 6794 6629
f 6794 6192 4307
f 4307 6630 6794
f 6630 4307 6191
f 6191 6859 6630
f 6859 6191 5621
f 5132 6861 6431
f 6861 5132 5631
f 7273 6862 6432
f 6432 6431 7273
f 6725 7273 3303
f 5634 6725 6864
f 7238 6864 6725
f 6631 7274 3902
f 6930 3902 7274
f 6865 6929 2044
f 6929 6865 6988
f 5134 6929 6196
f 6867 6364 6865
f 7253 7306 6928
f 5636 6989 7253
f 7239 7307 7275
f 7307 7239 7411
f 6198 6866 5636
f 6197 6633 5152
f 6401 6635 6197
f 6502 6866 6990
f 5637 6868 6636
f 5639 6869 6992
f 6992 2635 6636
f 4703 6993 6991
f 6637 7490 5965
f 6637 5138 7490
f 5965 7490 6797
f 6433 6200 5140
f 6796 6869 3307
f 7142 5141 5641
f 6796 3307 6638
f 4697 6638 3307
f 2946 6870 4697
f 6199 5948 6930
f 5142 7274 7212
f 3306 5143 5640
f 5143 6632 6196
f 5640 6988 6364
f 6826 5461 6639
f 6639 5145 4311
f 6434 2945 7410
f 4604 6364 7420
f 6434 6640 7492
f 6795 7492 6640
f 6994 581 1422
f 4889 5146 4890
f 6401 6197 4895
f 6756 5152 3911
f 2057 6995 5154
f 6995 5649 6639
f 6826 6639 5649
f 6995 6639 4311
f 5462 5967 6207
f 7116 2054 7379
f 6933 1256 466
f 368 367 6195
f 7318 6828 2632
f 5467 6996 6194
f 6642 2632 6828
f 4309 6996 4326
f 4309 6194 6996
f 6997 377 376
f 2635 6997 4327
f 368 6435 1178
f 4605 6827 4326
f 5158 6798 6827
f 6827 5465 5158
f 2084 2083 4334
f 4337 6217 4338
f 6644 253 407
f 6998 4303 3897
f 6998 6644 6183
f 5173 3274 5181
f 4339 1291 5065
f 4358 6223 2106
f 3355 613 4364
f 6443 6225 973
f 662 6999 661
f 4374 6647 6074
f 7293 6074 6647
f 4375 6075 5984
f 7295 5189 6955
f 5190 4375 5193
f 5190 7150 6957
f 5669 7409 6958
f 2719 7301 4077
f 7301 2719 6934
f 3376 6508 6076
f 5670 6874 6959
f 6874 1588 7298
f 6508 5670 7299
f 7303 6077 5191
f 5671 4077 7302
f 6227 7150 6229
f 1501 7305 620
f 6728 4716 7305
f 4716 6875 6962
f 661 7000 660
f 6650 660 7000
f 6228 7000 6226
f 6999 6226 7000
f 7001 4376 6648
f 4376 7001 6228
f 2720 7002 2718
f 7295 2718 7002
f 5189 7002 5192
f 6511 5192 7002
f 6799 4374 5192
f 6649 6230 7214
f 4378 6801 4380
f 6801 4378 5194
f 2138 7004 2139
f 6231 6714 4612
f 6476 5195 4379
f 6228 7001 5196
f 3379 7001 3377
f 7001 3379 6445
f 599 6800 600
f 1590 6651 6649
f 6236 2724 6233
f 6801 3382 6514
f 3382 6801 5197
f 2139 7004 2140
f 5199 6830 6231
f 1591 7005 7003
f 5195 7003 6234
f 7005 6234 7003
f 6234 4379 5195
f 5200 6830 5199
f 7004 6231 6830
f 656 6655 7005
f 6234 6655 4613
f 6655 6234 7005
f 6654 4379 6234
f 6654 4381 4379
f 4381 6654 2963
f 6379 600 6800
f 3384 3383 3379
f 6445 3379 3383
f 5196 6445 6235
f 600 6379 601
f 3952 6651 6556
f 6651 3952 6729
f 6514 4383 4380
f 6651 3382 5197
f 4382 5198 4383
f 2724 6236 5678
f 5203 6379 6235
f 1594 6365 656
f 6655 656 6365
f 2963 6654 2964
f 4613 2964 6654
f 657 6365 1594
f 6365 657 6394
f 6446 3631 6532
f 3631 6446 2964
f 4795 6737 4613
f 601 6656 659
f 6656 601 6379
f 1595 7235 3952
f 659 6656 658
f 6656 5203 6420
f 4717 3386 6775
f 5203 4717 4983
f 6963 7550 2725
f 7550 6963 6078
f 6239 296 6240
f 4726 6243 7121
f 6657 2972 5225
f 7010 6255 6256
f 4406 6658 6257
f 5232 7402 6658
f 6257 6450 2751
f 6258 6886 3421
f 5235 6733 4737
f 6253 6937 1613
f 3972 7193 6260
f 6260 1613 7217
f 7006 6004 7218
f 5705 6665 7557
f 7461 6809 5252
f 6263 6409 311
f 4942 4943 5251
f 5242 6809 4412
f 3979 4942 5242
f 5240 7007 6264
f 5708 7008 2750
f 6659 3420 7400
f 3420 6659 5708
f 6012 6945 6885
f 6884 6885 6945
f 5723 6885 2163
f 5714 6261 5707
f 5245 7068 4409
f 6660 6806 6881
f 6806 6660 7364
f 4409 6661 5243
f 5243 7006 6805
f 7006 5243 7262
f 5709 6806 7364
f 7218 7254 7308
f 6006 6662 7308
f 6662 7309 6882
f 6663 6883 5710
f 6008 6882 7309
f 6663 6764 3977
f 6764 6663 6008
f 6807 3977 6664
f 6251 292 7009
f 4407 7010 4413
f 6265 7010 6256
f 310 6269 6263
f 2750 7008 2748
f 6264 7007 6665
f 6665 2748 7008
f 4410 7007 4412
f 6665 7007 6262
f 5248 5261 4414
f 5259 6564 3978
f 6266 6563 1615
f 6003 6937 7591
f 5267 6733 3422
f 3974 6003 5267
f 5265 6886 5712
f 6887 5728 6666
f 5728 6887 2751
f 6666 3440 6810
f 3440 6666 5728
f 7283 6005 5266
f 5731 6810 3440
f 7283 2159 6938
f 6889 7283 5731
f 6450 5247 5727
f 5268 7219 3982
f 7009 292 207
f 6265 6016 3982
f 5268 3982 3981
f 6939 6889 5730
f 7278 5271 6668
f 5270 7278 3439
f 6668 3975 6940
f 3975 6668 5271
f 7571 5495 2171
f 5729 2171 5495
f 4425 7012 4424
f 7139 5287 6812
f 4751 7139 5737
f 6812 5287 4922
f 5737 5288 3466
f 5299 7013 5300
f 2993 6671 3483
f 6671 2993 7013
f 3482 7483 2994
f 6024 6675 6285
f 7014 7483 7502
f 2191 6674 3481
f 6891 3481 6674
f 4757 6482 6285
f 6891 6285 6482
f 3484 7015 7152
f 7015 3484 7558
f 7152 7015 3491
f 7015 7558 5744
f 2788 6286 6289
f 6289 6454 2790
f 7016 2790 6454
f 6678 6677 7197
f 6027 7197 6677
f 4452 7018 7558
f 7017 7019 6893
f 7558 7017 5744
f 5745 6522 7019
f 7019 7017 6290
f 1678 7020 4078
f 5305 7020 4953
f 7014 7594 6717
f 4078 7021 2293
f 5747 7222 5305
f 7020 5305 7021
f 6681 6680 2192
f 6951 2192 6680
f 2293 7175 3045
f 7175 2293 7021
f 3486 6816 7498
f 6817 7594 6524
f 7498 6524 2996
f 6676 7019 6290
f 7018 4452 5313
f 682 7022 683
f 6292 7022 6291
f 7023 6291 7022
f 4453 6682 3495
f 6736 3495 6682
f 6819 5308 6683
f 681 6388 682
f 6291 7023 4765
f 6388 4765 7023
f 2790 7016 3488
f 7016 6288 2791
f 6684 7024 685
f 7285 6820 3490
f 6688 7408 6687
f 6686 6688 7223
f 3492 6896 6570
f 683 6692 684
f 6692 683 7025
f 7408 6693 6821
f 6693 7408 6293
f 4457 6821 6287
f 6293 7025 6292
f 7022 6292 7025
f 6287 6682 4453
f 6682 6287 6693
f 6689 5302 4456
f 5302 6689 5312
f 6822 6683 6814
f 6683 6822 4451
f 4456 5301 6454
f 5301 4456 5302
f 6455 6695 5748
f 6694 5748 6695
f 6694 2789 5748
f 4458 7026 7179
f 7026 5303 7404
f 6390 6389 7224
f 6388 681 7225
f 4765 6388 6294
f 6900 4001 6456
f 4001 6697 6456
f 7129 5317 6071
f 6823 6071 5317
f 2813 7028 6901
f 7028 3512 6901
f 1694 7029 6040
f 4777 5773 2819
f 6302 3542 5772
f 4488 6699 6305
f 5342 6042 7485
f 248 7030 1050
f 4497 3565 2842
f 7227 7031 4782
f 7583 2258 4781
f 7054 7032 2261
f 1721 6702 6059
f 6953 5381 6338
f 5388 6345 4528
f 7033 2863 5801
f 6902 6349 5803
f 6067 6352 3607
f 5394 457 5395
f 6349 4791 4789
f 6705 5401 2812
f 7027 4472 502
f 641 7225 1637
f 6294 4794 6696
f 3615 6696 4794
f 4793 7153 4459
f 7241 3614 5808
f 5314 3614 7241
f 2291 7072 5808
f 7304 6899 6962
f 7303 7229 7140
f 4766 6961 7302
f 4766 7302 6390
f 6960 6416 7053
f 7145 7231 6076
f 6959 6772 7299
f 7297 6574 2292
f 5499 6956 4076
f 7295 6840 4076
f 2996 6419 6484
f 6074 7232 7423
f 7293 6954 7237
f 7302 4077 6390
f 7301 7230 4077
f 643 1655 7024
f 2835 3540 7233
f 1709 4489 7415
f 2294 3541 6685
f 7125 7285 3046
f 689 3046 7177
f 7088 4795 6525
f 7176 7292 6359
f 1679 2726 6949
f 6895 7176 2295
f 4557 7256 6568
f 6420 7234 688
f 689 6394 657
f 6380 4719 7144
f 6964 763 4082
f 6709 747 7605
f 7454 6362 7541
f 2552 3205 1976
f 361 1465 362
f 7036 687 3045
f 160 7037 161
f 5187 7037 4188
f 7037 160 1194
f 7038 1315 1939
f 3354 7041 3937
f 1622 7042 2174
f 7043 3711 4107
f 7044 3714 5861
f 7046 3726 3063
f 3772 7549 7047
f 3776 3777 7048
f 7050 1350 544
f 7051 4873 7524
f 2047 5956 4887
f 2133 7052 1577
f 7041 3354 469
f 4955 6948 6767
f 927 6412 6413
f 1700 2223 2826
f 7054 5513 2853
f 7055 5185 1083
f 84 7056 1087
f 51 50 7056
f 4122 1088 4989
f 6106 2429 1871
f 4175 3126 2465
f 2521 3179 3180
f 1357 7057 5001
f 304 324 1376
f 7059 2582 2005
f 7060 576 3351
f 5087 7061 5088
f 3914 7062 5630
f 7063 2066 2067
f 7034 7064 1465
f 1463 3328 7064
f 367 366 5162
f 4368 7065 3937
f 529 2121 530
f 7067 4401 6247
f 7151 7068 7358
f 1617 7069 2162
f 2752 4746 5257
f 7070 7071 3452
f 2180 4435 4436
f 2186 1399 6452
f 3499 579 4466
f 7073 7573 3500
f 3023 7074 4506
f 7074 3022 4506
f 5513 7054 2261
f 4535 7076 3610
f 7593 7551 1770
f 2884 7455 7600
f 5105 7331 5104
f 5464 7172 5463
f 7078 5486 5487
f 6028 7079 7080
f 7079 6028 2193
f 7575 3054 3055
f 3145 7048 3144
f 1950 1948 1949
f 5554 7370 4656
f 5583 2004 2926
f 5623 4694 5167
f 7137 4695 5629
f 7063 4897 2066
f 5665 3338 4340
f 5669 7214 3948
f 4735 5711 6885
f 7086 5721 7376
f 2796 3497 2196
f 7089 3587 3586
f 2860 4786 6343
f 2859 2860 6343
f 2812 5315 2865
f 7043 4107 2375
f 3055 3054 1042
f 1048 3717 7045
f 1055 3725 7046
f 7047 7091 3141
f 7048 3777 7477
f 1265 3780 7049
f 1346 7092 1345
f 1357 3832 7057
f 1973 7057 3832
f 5566 7187 7586
f 7093 2011 4281
f 3264 7094 1418
f 7082 3878 3265
f 5460 7095 5468
f 5964 5965 3910
f 1267 2062 4323
f 7041 1504 3937
f 7065 2691 3937
f 5985 7214 5986
f 7096 5991 4917
f 7098 5487 5280
f 6010 2979 5493
f 7099 3457 3458
f 7124 7100 6567
f 6573 3999 6574
f 1701 1700 2826
f 4019 7141 5769
f 7101 3586 7537
f 7129 4535 4053
f 3036 7445 6580
f 1678 1753 4081
f 7455 7077 6421
f 1776 7103 6081
f 1779 7104 6083
f 1782 7105 6085
f 1785 7106 6087
f 1788 7107 6089
f 1791 7108 6091
f 1794 7109 6093
f 4131 4127 336
f 2439 4155 3103
f 1882 3742 2440
f 1186 7110 6422
f 456 1257 3141
f 6585 456 3141
f 2497 4202 7564
f 476 3043 1304
f 1355 4226 4236
f 2907 7057 1974
f 4229 1358 2903
f 7592 7604 2545
f 5899 7111 5554
f 5048 6127 4247
f 3243 2573 4261
f 7384 3255 4273
f 7113 5059 2589
f 1411 7040 7060
f 5594 3266 3269
f 5952 7114 7115
f 7114 5952 3905
f 1457 5968 5648
f 5967 7116 2055
f 2077 7117 4332
f 7064 2657 1465
f 5165 7118 4334
f 5972 3332 5973
f 4358 1500 4355
f 5666 5063 6224
f 7065 4368 2679
f 2132 2381 286
f 1204 7066 422
f 3954 7119 4920
f 5212 7120 5682
f 7216 3402 3960
f 2153 7121 2740
f 7122 6888 6258
f 7123 4434 1627
f 4434 7123 6278
f 7532 5496 5289
f 2184 7087 2777
f 4444 7087 3477
f 564 7352 1402
f 7125 6685 5310
f 3500 1684 7073
f 3501 7073 1684
f 3536 5339 4480
f 351 4037 352
f 4462 4461 3037
f 7130 6707 6075
f 4083 7132 6079
f 4598 7051 7133
f 2942 7134 7416
f 7416 7134 7135
f 7236 6832 4619
f 3248 4671 4268
f 4684 7039 5095
f 3301 7137 3300
f 6724 7138 6375
f 2071 7084 3304
f 7139 4751 5287
f 7140 7229 6527
f 3537 7141 2229
f 3586 7101 3585
f 3139 6742 3771
f 4833 7279 2920
f 7051 4872 4873
f 6797 7142 3910
f 6759 6880 5403
f 4937 7143 4939
f 6022 3988 6766
f 6771 7145 6772
f 4109 7046 3063
f 527 528 7421
f 2921 5032 5031
f 7385 4245 6597
f 7113 6857 5059
f 5072 4295 4296
f 7148 4302 5096
f 7205 7206 5114
f 7171 5137 3304
f 7497 5142 7212
f 7117 2663 4332
f 4335 4310 5162
f 5179 5665 4340
f 7056 3359 4121
f 7055 3943 5185
f 3412 5229 5701
f 7151 4409 7068
f 5250 7363 5239
f 5259 3978 5260
f 4426 6277 6268
f 996 203 2759
f 5280 2180 4436
f 5311 4451 6822
f 7153 5314 5307
f 5423 2918 4588
f 2918 7250 4586
f 7331 2935 5104
f 7331 5102 2935
f 7172 2056 5463
f 7078 4617 5486
f 7244 5270 6669
f 2194 7158 6839
f 7160 2996 6524
f 7300 7231 6416
f 1039 7368 3709
f 1901 5529 6108
f 7162 480 1291
f 7370 5555 3218
f 7510 7163 2570
f 7155 1372 5432
f 7081 2573 5580
f 7164 2024 6159
f 7422 7424 5616
f 4687 7166 6722
f 5619 5618 7167
f 3294 7503 7208
f 3295 7168 7203
f 7168 3295 4691
f 7169 4690 7503
f 7204 7170 2630
f 1468 5623 5167
f 7362 5167 3298
f 5629 4695 3299
f 3305 7171 3304
f 6756 7172 5464
f 2632 7083 7472
f 3401 5682 4725
f 4734 7122 5703
f 5721 7086 2161
f 7376 5721 7482
f 7349 7359 5722
f 2757 4746 3443
f 7174 4949 2184
f 2187 3478 3988
f 6570 7176 6895
f 3525 5768 2818
f 7141 3537 2834
f 7228 4783 5369
f 7044 3715 7090
f 3715 7044 5861
f 7183 3731 1060
f 7184 3070 3734
f 4647 3757 1179
f 1182 7185 3128
f 3139 3771 5536
f 7549 3773 7091
f 3773 7549 5877
f 7248 6744 3143
f 7249 6745 3146
f 4814 1276 336
f 3846 5562 4828
f 7267 4827 5899
f 5419 7187 4585
f 5421 5902 7494
f 4589 1369 5022
f 7188 440 1236
f 3878 7082 3877
f 1443 3894 4867
f 3897 7471 4869
f 2943 5460 2948
f 6551 7190 4884
f 5458 7192 7450
f 4886 4885 3906
f 7118 2084 4334
f 1589 5985 1588
f 5986 1588 5985
f 2730 2732 7215
f 7098 7078 5487
f 4928 3972 6001
f 3977 4941 6562
f 1616 6562 7194
f 2979 6010 3976
f 2162 7547 1617
f 3979 5263 4419
f 5263 3979 6804
f 3435 3437 6014
f 7195 7474 3983
f 6951 7196 6707
f 4966 4026 4635
f 1730 6348 3606
f 3711 7090 3715
f 5883 3788 5884
f 3043 3174 1304
f 303 4241 1093
f 2562 7198 1987
f 7058 5021 4256
f 5907 4589 5022
f 7146 5022 7058
f 5904 7383 3851
f 1985 7480 6750
f 7112 4667 5574
f 7112 5574 2922
f 1992 6144 7602
f 4670 2364 7596
f 1380 6149 2006
f 6607 3248 4268
f 1368 6975 1380
f 7385 6149 4245
f 5913 3247 4847
f 4278 7200 6374
f 4676 4286 3277
f 7061 7147 5077
f 7148 6175 4302
f 6183 7201 4303
f 4303 7270 3897
f 7270 4303 5106
f 7167 5108 5619
f 7205 3291 5615
f 7206 6185 4305
f 2631 5620 6186
f 4306 7271 6984
f 5118 7208 5621
f 7208 5118 3294
f 7209 6191 5117
f 4308 7210 6985
f 4608 1444 6621
f 7137 3301 5954
f 7115 3299 2046
f 5946 7290 6931
f 7211 2045 3299
f 3305 6199 7171
f 7276 7171 6199
f 6203 7373 2049
f 7149 1057 6217
f 4337 7149 6217
f 7213 4338 3898
f 5660 2624 7481
f 5173 7388 3274
f 601 1473 602
f 7214 5985 6649
f 7004 6830 2140
f 2730 7215 2729
f 1601 2732 6237
f 3398 6239 5212
f 7120 6240 5217
f 7120 5217 2737
f 5479 7216 4923
f 4923 7216 3960
f 295 6244 5688
f 7193 6253 1613
f 1612 4730 5701
f 4730 3412 5701
f 5703 7122 6258
f 5237 2158 7358
f 5284 5715 2748
f 2158 6001 7151
f 6001 3972 6661
f 7151 6661 4409
f 7217 6004 7006
f 7546 5706 7557
f 5705 2748 6665
f 7262 6661 3972
f 7006 7218 6805
f 4411 6269 3454
f 3463 4411 3454
f 5721 2161 6944
f 3434 6272 313
f 5247 4413 5269
f 7219 4413 7010
f 7220 6667 5729
f 2171 5729 6667
f 1629 6278 7099
f 7123 7099 6278
f 2773 4432 6280
f 5997 5286 3961
f 5288 7532 5289
f 6674 7124 6891
f 7021 7222 7175
f 7223 7024 6684
f 6688 7131 7223
f 7225 6294 6388
f 7226 6901 4772
f 247 5349 1047
f 4965 7154 4026
f 1164 7127 2456
f 7227 5365 4344
f 5792 7228 5369
f 3591 5798 4043
f 4048 6062 5388
f 3609 4535 7129
f 6706 4461 2795
f 621 3038 1490
f 7178 6898 621
f 6954 7036 6366
f 7415 7366 1709
f 7177 5749 689
f 6568 6028 4557
f 1595 6380 7256
f 6103 2323 7344
f 7236 4620 6715
f 7175 6366 7036
f 6366 7175 7222
f 7237 6366 7222
f 4690 7168 4691
f 7168 4690 7169
f 1595 1593 6380
f 7230 3992 6389
f 6754 6400 4875
f 7239 4877 6755
f 6755 7411 7239
f 4882 4883 7191
f 3994 7240 1679
f 5048 6598 6127
f 4416 7194 7069
f 5299 7221 4626
f 6460 7036 6954
f 7243 6472 5461
f 6480 7244 5495
f 2990 7245 7475
f 7245 7080 7475
f 6484 7498 2996
f 7575 3055 1044
f 3145 3144 1260
f 1332 1950 1949
f 7204 6499 4687
f 3401 4725 5478
f 5478 2148 3401
f 7152 5304 3484
f 7246 6387 4760
f 7287 6525 5749
f 4515 6458 3583
f 3141 7091 1254
f 3769 1254 7091
f 7248 3775 1258
f 7249 3779 1262
f 7187 6539 4831
f 6853 6749 4829
f 7250 6915 5425
f 5944 6545 3898
f 7251 6546 4870
f 4871 2041 6753
f 7252 7211 3901
f 7253 6863 7306
f 6989 6863 7253
f 5950 6551 5457
f 6552 5951 6621
f 4935 7255 7254
f 7255 4935 6833
f 6006 7255 5491
f 3995 7256 7144
f 6572 7257 6571
f 6029 6574 7394
f 3501 7445 2280
f 6580 7445 2200
f 5941 7424 7202
f 5942 5943 5616
f 7259 6614 7260
f 5618 5114 3293
f 5614 6185 7205
f 7206 7205 6185
f 5113 6186 7207
f 5620 7207 6186
f 7271 6188 6189
f 7209 5621 6191
f 7272 5124 4702
f 6194 6619 6642
f 7260 5129 6622
f 7261 6629 5133
f 6197 5636 6633
f 2098 6439 4352
f 4199 2132 286
f 7066 7375 2733
f 7006 7262 6260
f 5268 6667 7220
f 1624 5733 2767
f 6674 7100 7124
f 5309 4763 6685
f 7133 7051 4599
f 4601 6711 7582
f 4603 7264 2943
f 7236 6715 4618
f 7265 6832 2975
f 7035 6670 7011
f 522 2542 2541
f 6719 4660 4659
f 7093 4278 2011
f 7266 6724 6375
f 5313 7229 4766
f 7429 7077 7603
f 7186 6746 3176
f 4828 7267 3847
f 4832 7494 5903
f 4834 7279 4833
f 7252 3901 4875
f 7172 6756 3911
f 4936 4935 7254
f 7254 6004 4936
f 6007 4938 7143
f 7292 7554 6949
f 3998 6772 7393
f 5558 4244 6778
f 3851 5033 5906
f 6597 6429 7385
f 5106 5107 7270
f 5114 7206 3293
f 5115 6617 7271
f 7209 7210 4308
f 7272 5122 5124
f 7115 7114 7211
f 4305 5130 6792
f 7273 6431 3303
f 7274 6631 6632
f 5135 5136 6867
f 5136 5135 7275
f 7497 7413 5142
f 7414 7497 5143
f 7212 5143 7497
f 2945 6434 5145
f 4371 1522 7311
f 5201 5202 7585
f 7277 5230 6730
f 1616 7194 4416
f 5261 5259 5260
f 7219 5269 4413
f 5269 7219 5268
f 7278 5270 5271
f 5406 7132 7561
f 3705 962 967
f 1985 5423 5424
f 5424 5423 4588
f 7279 4588 2920
f 7250 5425 4586
f 6465 7148 5096
f 7582 7242 2940
f 2941 7456 6824
f 2045 7211 5456
f 4881 7416 4603
f 7280 5458 7505
f 7243 6826 6471
f 6827 4605 4606
f 7309 5491 6560
f 5491 7309 6006
f 7244 7011 5270
f 666 1657 1658
f 675 1666 1667
f 5553 4658 3219
f 6852 3222 6371
f 4277 6498 2587
f 7422 4689 3292
f 3292 4688 5617
f 7167 4691 3295
f 7204 7203 7170
f 7169 3294 5622
f 7170 5622 2630
f 5629 3299 2045
f 6860 6793 7266
f 5632 2634 7466
f 3306 5640 6503
f 6510 6509 4916
f 2747 6730 6254
f 6806 6518 6381
f 2978 5492 7570
f 7283 6889 2159
f 666 1658 667
f 675 1667 676
f 6026 3485 7100
f 6567 7100 3485
f 6816 3486 5747
f 7222 5747 2995
f 2788 6386 3493
f 7286 3493 6386
f 7287 3493 7286
f 4762 7287 7286
f 7288 6899 7404
f 3053 7181 6841
f 7182 7247 3719
f 7183 5867 3731
f 3775 7248 3143
f 3779 7249 3146
f 5419 7289 7586
f 7289 5419 2917
f 5904 7268 4834
f 5906 1985 5424
f 7268 5424 7279
f 2918 6541 7250
f 3901 7290 6754
f 7252 6824 5456
f 7411 6863 6989
f 2939 4876 5453
f 7472 5950 5457
f 3904 7291 4882
f 2942 7191 7280
f 7191 4883 7192
f 7280 7192 5458
f 4883 3905 5952
f 7192 5952 2046
f 7095 5460 7555
f 3907 5459 7504
f 4885 7501 3906
f 4886 3906 5955
f 4898 5955 1448
f 5964 380 7506
f 5676 6555 3380
f 2141 6880 3381
f 6004 7217 6558
f 5491 7255 6833
f 3977 6562 6664
f 7194 6009 2162
f 7547 2162 6010
f 6382 6808 6664
f 7079 2193 3997
f 7080 7079 7475
f 6897 7292 7176
f 1679 6949 6414
f 7294 6419 6955
f 7295 7160 6840
f 7297 7394 6574
f 6973 3847 7267
f 5559 6778 6718
f 5565 3227 5034
f 5565 5034 7383
f 3851 7383 5034
f 5567 2560 6134
f 5099 7039 5613
f 5106 4303 7201
f 7201 7202 5106
f 7202 7201 2936
f 5107 5106 7202
f 7270 5107 5169
f 2039 5942 7424
f 5109 7167 3295
f 6722 7166 6786
f 6613 7166 6499
f 7259 7251 6614
f 5619 4686 5618
f 4690 7207 5620
f 5621 7208 2631
f 6984 7271 6189
f 4308 5118 7209
f 5118 5621 7209
f 7210 5117 6193
f 7272 5471 2953
f 3905 6931 7114
f 7290 7114 6931
f 6625 6985 6193
f 7261 5947 6629
f 6364 6988 6865
f 7253 6928 6633
f 7307 6502 7275
f 6502 7307 6866
f 6866 7307 6989
f 7411 6989 7307
f 6991 1447 5948
f 6637 5965 7506
f 7433 7276 7413
f 7276 6199 5142
f 5461 2945 5145
f 6195 367 5162
f 6998 3897 6545
f 7150 7296 7425
f 6075 4375 7426
f 6874 7298 6959
f 6508 7299 6076
f 5671 7302 6961
f 7214 6230 3948
f 656 7005 1591
f 4383 5198 4380
f 2724 5678 2727
f 7235 4720 6729
f 3401 3398 5212
f 7151 6001 6661
f 7217 1613 6558
f 7218 6004 7254
f 7262 5243 6661
f 5244 7308 6662
f 7308 6805 7218
f 7255 7308 7254
f 7309 6662 6006
f 5722 3430 5261
f 6005 6811 5266
f 7010 6265 7219
f 3982 7219 6265
f 7220 5269 5268
f 688 7234 4450
f 7222 7021 5305
f 4766 7224 5313
f 7224 4766 6390
f 7241 5808 7072
f 3044 6898 2793
f 7288 6962 6899
f 7145 7299 6772
f 3999 2292 6574
f 7232 7293 7237
f 7237 6954 6366
f 7131 7484 3540
f 4455 7415 4489
f 5309 6685 3541
f 7285 7177 3046
f 7284 6895 3631
f 7292 6949 6359
f 7040 7310 1456
f 655 640 2710
f 4189 7311 1194
f 528 2520 7421
f 2616 3280 2617
f 1574 1573 1472
f 7313 293 4399
f 661 7443 7508
f 1656 2987 1675
f 7330 2798 7511
f 3626 692 7315
f 3725 7316 7046
f 1177 3125 3756
f 7317 3788 5882
f 1244 304 1999
f 7319 4929 4930
f 2226 4020 4021
f 1765 7320 1764
f 7598 2305 1770
f 1831 7321 2362
f 49 1087 50
f 7322 3743 4159
f 1244 1849 304
f 1313 1939 2514
f 3179 2521 7323
f 7421 7323 2521
f 1345 7324 1346
f 7146 3854 5907
f 7325 2952 2076
f 7362 3331 6214
f 6507 7326 6439
f 5249 7327 5248
f 4463 7329 623
f 579 7330 1420
f 7330 4767 1420
f 4018 2226 4021
f 1715 7314 6457
f 7314 359 2844
f 7423 3486 6484
f 2854 7332 3593
f 1882 7322 2445
f 1276 7543 7531
f 5561 7371 5562
f 7334 7545 3231
f 4665 3231 7545
f 7094 7335 5918
f 2616 2617 2030
f 7336 7137 5629
f 4315 7310 4317
f 2063 7337 7514
f 2657 3328 2656
f 5669 5986 7214
f 3411 2742 2156
f 5706 5705 7557
f 3483 2994 2993
f 3488 7339 2790
f 7054 2853 7101
f 7315 692 1706
f 7315 2870 3626
f 3065 7341 1056
f 1881 3743 7322
f 1176 1177 3756
f 1273 7317 3153
f 1301 3803 3168
f 7494 3849 7587
f 7342 4876 5135
f 4929 7343 5484
f 4932 7451 1614
f 3458 1629 7099
f 4022 3539 6699
f 7599 5513 7527
f 7344 1808 1807
f 4178 1903 1904
f 3155 7333 5884
f 5000 3180 1950
f 2539 2541 3189
f 7324 3189 1346
f 2634 6188 6206
f 258 7325 1043
f 2952 7325 2659
f 7388 7347 6221
f 631 4364 1505
f 1575 3071 2381
f 5214 1310 1308
f 293 7313 1100
f 6267 7348 6268
f 5255 7349 5257
f 2778 7352 2186
f 7353 2196 4461
f 2196 7353 2796
f 7329 4462 624
f 4022 6699 7534
f 1695 6039 6041
f 3568 5356 4035
f 5391 4051 7355
f 1808 7344 2323
f 7356 3027 5517
f 4742 4741 3431
f 4781 3576 4782
f 3157 4814 3792
f 3907 7378 3915
f 4899 7378 4898
f 7319 4928 4929
f 3981 6667 5268
f 4206 1301 3168
f 6121 7380 2557
f 5028 5027 7334
f 7345 5043 4261
f 4673 5052 4266
f 3291 7205 5114
f 7276 5137 7171
f 5137 7276 7433
f 7399 6433 5140
f 7347 7388 5174
f 7326 6507 3930
f 4718 2142 6447
f 3406 5691 4397
f 5218 4397 5691
f 7358 7068 3426
f 7363 4410 5239
f 7461 5239 4410
f 6449 5244 7364
f 5284 7338 5283
f 3523 5335 3004
f 4530 7355 4051
f 6070 5397 6069
f 7370 7367 5555
f 2922 5429 6132
f 7462 4855 4856
f 7332 2854 5378
f 5389 7356 4048
f 7356 2267 4049
f 2267 7356 5517
f 1040 7368 5860
f 3050 7368 1039
f 1902 5530 1903
f 1983 7371 5009
f 5563 2560 6601
f 6854 7372 4662
f 7334 2565 7545
f 7335 1419 5918
f 5644 7373 5645
f 5655 2633 7374
f 4708 7374 2633
f 5660 4713 3337
f 3388 6516 4383
f 3398 7375 5206
f 3405 7360 3404
f 6278 7365 3418
f 3417 7338 5282
f 3418 6731 4434
f 4741 7376 7359
f 7359 7349 3431
f 3444 2758 2761
f 2749 5250 5733
f 7317 5882 3789
f 7370 7111 7367
f 5590 7361 3258
f 5928 5929 2930
f 7377 6644 5944
f 3907 7504 7378
f 3962 4924 4947
f 7343 4928 6001
f 7343 2158 5484
f 2158 7343 6001
f 2772 5487 5734
f 5484 2158 6002
f 4749 4932 1614
f 1716 6052 6050
f 7425 7159 6957
f 5000 1950 3203
f 5003 4241 6851
f 4674 5903 7587
f 5559 7419 5558
f 4244 7382 4248
f 1367 7383 5904
f 7372 6854 6782
f 7384 3252 4266
f 7397 5919 4849
f 3883 4676 4677
f 7386 4597 6785
f 2046 5952 7115
f 3300 7336 3903
f 6790 7387 6925
f 6634 6198 6635
f 2949 369 1174
f 7374 4335 2658
f 7362 6218 3331
f 4337 6219 4336
f 253 7377 1061
f 5168 7377 5944
f 5170 5660 3337
f 7347 6170 6221
f 2132 1575 2381
f 5255 3431 7349
f 5719 7389 5717
f 2167 2362 7321
f 7321 4622 2167
f 7390 6811 6005
f 6480 2982 7011
f 4748 7328 6268
f 7339 3488 2793
f 4463 7353 7329
f 7353 4463 2796
f 7391 4473 1691
f 7392 3005 4477
f 5342 250 1054
f 3552 5778 3550
f 3568 4035 2847
f 1723 7354 7537
f 4785 7332 5798
f 5803 7355 5393
f 7393 6772 6959
f 3999 7393 7298
f 4719 6769 7144
f 7454 4984 4082
f 7395 4736 6381
f 7053 3992 7230
f 2883 7593 7559
f 7396 7239 4876
f 4885 4886 7504
f 3873 7397 3875
f 5128 7398 5129
f 6796 7399 5140
f 5141 7399 6796
f 5240 7400 6448
f 7401 5246 6808
f 7402 6450 6658
f 6455 7339 6898
f 2979 6765 2978
f 7403 2791 6288
f 2791 7241 7072
f 7241 2791 7403
f 7371 1983 7289
f 6750 6751 5423
f 5451 5947 4877
f 4955 6023 6948
f 7426 7282 7130
f 7301 6960 7053
f 4988 83 4122
f 7405 6131 7382
f 6852 7381 5013
f 1417 7397 3873
f 7259 7260 6622
f 7304 6875 5475
f 3443 7327 5249
f 7407 2179 7351
f 7408 6690 6293
f 2262 7340 6459
f 6707 7409 6075
f 7409 6707 7196
f 2946 7410 2945
f 4663 7372 3227
f 7357 4692 4694
f 7395 6381 3419
f 7395 4735 6884
f 6526 3491 3492
f 7411 6755 7496
f 6026 2190 6768
f 7398 6789 6430
f 7398 6430 6791
f 6797 7399 5141
f 7413 7276 5142
f 7414 5143 3306
f 6449 7364 5245
f 7401 6808 3980
f 4764 4759 6813
f 6817 6717 7594
f 3489 7415 4455
f 5420 5421 7606
f 2917 7367 7111
f 7367 5422 5555
f 2040 6920 5447
f 5446 2937 7133
f 5450 4600 4599
f 5457 7416 4881
f 6480 7011 7244
f 6702 7527 5513
f 5638 7414 7417
f 6726 7417 3306
f 1606 6241 3964
f 7263 5744 6893
f 1985 6750 5423
f 4871 2954 5470
f 6924 6925 6400
f 7290 5946 6547
f 7496 6863 7411
f 7342 5453 4876
f 3903 7336 7495
f 7336 5629 6550
f 5454 6929 5134
f 7189 6930 7500
f 3905 7418 6552
f 7418 3905 4883
f 7378 4886 4898
f 7379 466 5156
f 7096 4719 6380
f 7390 3974 6811
f 3452 988 201
f 3993 6416 6947
f 4800 6968 7316
f 7380 5558 7419
f 5558 7380 7382
f 7405 6594 6131
f 7382 6131 4248
f 6781 6495 6719
f 6719 5563 6601
f 7522 7579 1370
f 5906 5033 7480
f 7385 6608 6149
f 7386 2936 7201
f 4686 3291 5114
f 5950 5650 6618
f 6925 7387 6549
f 7387 6625 6986
f 7417 7414 3306
f 7410 6640 6434
f 6867 7420 6364
f 4364 613 1505
f 5192 4374 5189
f 7364 6660 5245
f 5709 7364 5244
f 6663 3977 6807
f 310 6263 311
f 7327 5722 5248
f 3430 7482 5259
f 7244 6669 5495
f 6026 6768 6681
f 7075 7599 6458
f 5513 7599 2853
f 5499 4076 6840
f 6074 7423 6419
f 7179 7304 6077
f 4232 7421 2521
f 7340 7075 6459
f 7331 2036 5098
f 5965 6797 3910
f 4178 1904 4179
f 3195 1363 6117
f 7350 1625 6565
f 6565 2773 7350
f 527 7421 4232
f 5028 7334 3231
f 2921 5031 3855
f 2726 4718 6447
f 996 2759 2172
f 2979 2978 4740
f 6669 5270 3439
f 3798 1294 3164
f 7345 7081 2570
f 7359 7376 3430
f 7482 3430 7376
f 7359 3430 5722
f 7191 4884 4882
f 7132 4083 7556
f 7478 4241 303
f 5552 2557 7419
f 5109 3295 7203
f 2949 1174 5466
f 7149 4337 4336
f 7388 4339 3274
f 5705 5284 2748
f 2773 6280 2749
f 5342 1054 5343
f 7154 3552 3550
f 6419 7423 6484
f 7233 4455 2835
f 7366 5309 1709
f 4557 6028 7235
f 6103 7344 3705
f 7232 2995 7423
f 6029 7394 7196
f 7424 7422 7202
f 4686 5114 5618
f 3359 4369 4121
f 3394 7066 2733
f 433 4435 7407
f 7233 6687 7597
f 5446 7133 4600
f 7135 7507 4603
f 655 4468 4460
f 3901 6754 4875
f 4938 4939 7143
f 4000 7393 3999
f 7206 5113 7207
f 4371 7311 4189
f 4459 7153 3494
f 2938 4600 5450
f 6825 6470 6363
f 667 1658 1659
f 6604 7480 5575
f 667 1659 668
f 7507 4602 7504
f 5458 7501 7505
f 3452 201 7533
f 7296 6956 7425
f 6957 7282 7426
f 5107 7422 3292
f 7208 5620 2631
f 5638 7433 7413
f 7150 7425 6957
f 5190 7426 4375
f 7426 5190 6957
f 433 7407 1229
f 7351 1229 7407
f 640 655 4460
f 4459 1737 4793
f 7427 655 1540
f 4117 1085 18
f 7434 1482 7435
f 2673 1483 2672
f 665 680 2987
f 7452 3564 4499
f 426 3836 1215
f 2173 7469 992
f 2998 7430 4792
f 3073 4114 2384
f 1195 4188 7562
f 438 1935 1244
f 6585 7431 4649
f 6537 7432 3826
f 7579 5031 5032
f 2619 2618 2027
f 5137 7433 5139
f 4321 6471 6826
f 7434 1362 2671
f 1482 2672 1483
f 1362 7434 538
f 7435 1482 1483
f 538 7435 539
f 2133 7436 1575
f 3965 7437 1606
f 7438 5279 3451
f 3451 1622 7438
f 988 3452 2763
f 652 2206 1689
f 7439 7314 2844
f 2925 438 1244
f 7341 7440 5864
f 3155 3156 3157
f 4232 2521 5000
f 3266 7442 1420
f 5493 4740 7444
f 3148 3783 1266
f 1361 3837 3836
f 2713 4915 1575
f 7469 203 992
f 2280 7445 1735
f 359 3133 4181
f 1273 3155 3788
f 3833 3828 4228
f 2554 4232 5000
f 7441 4235 2555
f 7432 6537 4239
f 6118 7447 6122
f 6140 7448 5431
f 1376 4262 1375
f 5954 7450 4695
f 3305 6991 5948
f 422 3394 1208
f 2147 3394 2733
f 7451 5238 6259
f 6263 4411 5252
f 7438 3985 4428
f 3452 7071 2763
f 3494 7487 4459
f 7427 4465 655
f 2226 4019 4020
f 4023 2240 2237
f 7452 4499 4034
f 7454 6360 7453
f 4601 7456 6712
f 7457 4665 5026
f 7444 4739 3428
f 5553 3219 7447
f 4243 7447 3219
f 5011 7479 5013
f 5028 7459 5020
f 5040 5039 2923
f 2949 7460 3322
f 3463 7461 4411
f 7468 3431 5255
f 6902 5396 2277
f 4984 7453 7541
f 2916 7606 4583
f 4584 4583 5422
f 5443 5442 7462
f 5927 7462 5442
f 7460 4606 7156
f 7463 5478 5211
f 7464 7332 5378
f 5860 259 1040
f 7440 1057 5864
f 7457 3231 4665
f 7465 2928 4677
f 2640 7466 2634
f 5633 7466 5647
f 7467 5652 2073
f 1606 7437 5687
f 5716 7444 3428
f 7468 4742 3431
f 2752 5722 7327
f 7469 5732 1621
f 2173 5732 7469
f 4779 3552 5779
f 3563 7536 3566
f 3769 5876 4195
f 3846 7470 5562
f 5555 5422 5901
f 4869 7471 2938
f 3899 6922 4870
f 2070 5468 7095
f 7473 2733 7375
f 1606 5687 1605
f 7474 3981 6017
f 6041 7476 4632
f 7561 7132 7590
f 3711 1042 7090
f 7477 3772 7047
f 3772 7477 3777
f 3142 457 3144
f 6851 7478 1982
f 6122 7447 4243
f 3856 5909 3224
f 7522 3224 5909
f 4252 6133 5023
f 4253 7479 5024
f 6915 7459 5028
f 6132 5040 2923
f 4670 7449 6148
f 4673 7596 5052
f 1023 5052 7596
f 7539 5962 5643
f 7463 7473 5478
f 3406 6242 4726
f 7451 3973 5238
f 5706 6731 7338
f 7468 5254 5720
f 5259 7482 6564
f 7474 7195 3981
f 6675 7483 3482
f 6688 7484 7131
f 6045 4024 6044
f 4493 6318 5346
f 4034 7486 7452
f 4781 5366 7583
f 2864 6902 2277
f 7487 7126 5809
f 2066 2645 2065
f 7489 3378 4916
f 2189 6415 4954
f 409 7446 1914
f 6433 7490 5138
f 7491 5139 7433
f 7492 5144 5145
f 3607 4530 6067
f 7493 4938 6941
f 2546 7432 7604
f 7432 2546 3826
f 6183 4303 6998
f 4433 7351 2771
f 6712 7456 2941
f 3293 4690 4691
f 4879 7488 7495
f 7489 6405 3378
f 6432 7496 7261
f 7413 7497 7414
f 5144 7492 6990
f 7498 6816 6817
f 867 866 7499
f 5421 1984 5902
f 4584 5422 7367
f 7460 7156 5160
f 2632 7472 7318
f 5475 6077 7304
f 5675 6878 6799
f 4779 5779 6700
f 6910 1294 3801
f 4585 7187 4831
f 7082 7442 5594
f 7471 5447 2938
f 5446 6921 2937
f 5949 7500 1447
f 5458 5954 7501
f 6877 3378 3380
f 7493 2974 6762
f 6387 7502 6025
f 6025 7502 6024
f 4637 6952 6055
f 7596 4673 6977
f 7459 3854 5020
f 7457 5028 3231
f 5031 7579 5909
f 7496 6432 6862
f 7491 7433 5638
f 7492 6795 6990
f 6262 7007 4410
f 2990 7475 2195
f 7483 7014 2994
f 6675 7502 7483
f 7502 6675 6024
f 5744 6896 7015
f 2189 4954 6678
f 6678 6946 2189
f 7014 6717 2994
f 7484 6687 7233
f 7485 6042 7528
f 7077 7429 1773
f 3054 7090 1042
f 7077 7455 7538
f 7126 7487 3495
f 6108 5529 1902
f 7503 5620 7208
f 7503 4690 5620
f 7169 7503 3294
f 1447 7500 5948
f 7450 7192 2046
f 6606 6426 6428
f 5024 7479 5048
f 5660 7481 5659
f 7227 4344 611
f 4433 2771 2178
f 291 1086 7607
f 4832 5903 3850
f 7504 4602 4885
f 7211 7114 3901
f 2920 4588 4586
f 7456 6363 6470
f 7280 7505 7134
f 4602 7135 7505
f 7135 7134 7505
f 5632 7466 5633
f 4585 4831 2916
f 5459 7507 7504
f 7501 5954 3906
f 7506 380 379
f 6637 7506 379
f 7484 7233 3540
f 1574 1472 290
f 1195 7562 411
f 2548 542 543
f 7511 4767 7330
f 1305 3043 4554
f 7040 1411 4317
f 4382 5677 5678
f 7340 3585 2853
f 7101 2853 3585
f 4741 7359 3431
f 3899 4870 4871
f 5282 7338 6731
f 4434 6731 6280
f 7431 3769 4195
f 7467 2070 7095
f 7477 3142 3144
f 3883 4677 2026
f 6236 4382 5678
f 7363 6262 4410
f 7482 6944 6564
f 7458 7366 7415
f 5420 5900 5421
f 3147 1261 458
f 7082 5594 3877
f 7500 6930 5948
f 7579 4255 1370
f 2979 4740 5493
f 3798 3164 7369
f 7345 2570 7163
f 7449 6606 6428
f 5024 5048 4247
f 1232 1994 4591
f 6858 7203 7204
f 7203 6858 5109
f 2329 4369 3359
f 7507 7135 4602
f 7206 7207 3293
f 6825 6363 2940
f 668 1659 1660
f 669 1660 1661
f 668 1660 669
f 669 1661 670
f 4885 4602 7501
f 7505 7501 4602
f 4695 7450 2046
f 5964 7506 5965
f 441 1232 4591
f 3305 5948 6199
f 7590 5405 7561
f 2555 7509 3204
f 5576 7510 3238
f 5494 7348 6267
f 3010 3009 2830
f 7515 2090 1482
f 7511 1683 1685
f 6395 2300 1757
f 7563 2306 7598
f 2358 2355 2169
f 1081 7512 3072
f 4176 7513 367
f 4177 7513 6108
f 1240 2491 438
f 1998 1240 438
f 7514 2064 1271
f 7515 1482 7434
f 7515 7434 2671
f 7516 2673 607
f 7516 1484 2673
f 4431 7517 4433
f 7508 2286 2784
f 6421 7077 1773
f 868 7595 2884
f 5191 7519 4611
f 3174 3173 7521
f 7510 2570 2572
f 5596 3275 4854
f 7523 5644 6167
f 2064 7514 7337
f 5449 7524 5658
f 4192 7525 3363
f 5494 3441 7348
f 3481 2195 2191
f 5796 7527 6335
f 7455 7518 1773
f 3173 3809 1301
f 1709 3541 7534
f 6458 7527 5796
f 4554 4072 2874
f 3057 1047 4108
f 249 7520 1050
f 7513 4176 6108
f 367 7513 366
f 3147 1264 4196
f 1276 7531 461
f 4197 7531 3156
f 1304 7521 475
f 1301 7521 3173
f 2547 1348 7592
f 2905 7441 533
f 7509 4237 3204
f 5643 7523 7539
f 7516 608 2674
f 1310 5214 4925
f 2170 3437 3436
f 2760 7533 7042
f 1229 7517 434
f 4433 7517 7351
f 7535 1058 7485
f 7536 3563 5781
f 7101 7537 1722
f 1773 7538 7455
f 4589 3853 6605
f 6604 6605 3853
f 7510 5576 2566
f 3933 3350 7584
f 410 1523 7581
f 6427 4247 6126
f 6164 7539 2620
f 262 5186 2713
f 7535 7485 7528
f 4522 7540 3588
f 5160 6474 2070
f 4611 7519 2962
f 7571 5494 6480
f 7548 6717 6817
f 7542 4493 5347
f 6318 4493 2243
f 7542 2243 4493
f 4814 7543 1276
f 7544 6777 4658
f 4661 2562 1987
f 6280 7546 2749
f 7546 6280 5706
f 5716 7547 7444
f 7548 6816 6679
f 7526 2233 3013
f 4779 5346 5778
f 7545 5029 3232
f 6003 3974 4936
f 4967 4027 3559
f 4072 4554 695
f 3052 246 3055
f 7549 3774 5877
f 5553 5003 6851
f 6139 1126 5910
f 7465 4676 3277
f 7523 2620 7539
f 2620 7523 6167
f 5150 4700 4318
f 7532 4395 5214
f 2749 7546 7363
f 7535 6314 251
f 3546 2240 6316
f 6045 4778 7588
f 2245 4967 3559
f 3587 6339 4522
f 6385 219 4747
f 3010 2830 2226
f 7551 7593 2883
f 410 7581 7577
f 1689 2205 652
f 7264 7555 5460
f 7091 3773 3769
f 6003 4936 6558
f 6977 6602 6606
f 4000 7552 3998
f 7601 6921 3899
f 5111 3899 5112
f 6816 7548 6817
f 6773 7553 4636
f 7519 5475 6476
f 5202 7550 6078
f 7263 7554 5744
f 3853 4589 4835
f 4875 6824 7252
f 4884 7190 3904
f 7555 5459 5953
f 5406 7556 6965
f 7529 6967 5863
f 6780 5900 3848
f 4830 3848 5900
f 6604 5037 6605
f 6183 4597 7386
f 3899 5111 6922
f 7557 6665 6262
f 7017 7558 7018
f 6688 6687 7484
f 7549 3772 3774
f 5277 7070 2760
f 1771 7559 7593
f 5583 2926 2584
f 3265 3878 1417
f 7537 3586 1723
f 7604 3195 2545
f 7416 7135 4603
f 7547 5493 7444
f 6946 7197 6947
f 7363 7546 6262
f 7557 6262 7546
f 3438 7220 5729
f 3142 3141 1257
f 6977 6606 4670
f 5419 4585 4584
f 7560 5427 1987
f 5016 7560 1987
f 4882 4884 3904
f 5107 7202 7422
f 426 529 1360
f 359 7314 360
f 426 2120 529
f 3157 3156 7543
f 7531 7543 3156
f 2645 7514 2065
f 6731 5706 6280
f 7494 7587 5903
f 3541 4022 7534
f 7527 6702 6335
f 1695 6041 6310
f 7507 5459 7555
f 1042 3052 3055
f 7537 7354 1722
f 4083 6965 7556
f 7606 5421 4832
f 3683 6095 935
f 3689 6097 943
f 3695 6099 951
f 3701 6101 959
f 6669 5729 5495
f 7132 7556 7590
f 7480 6604 6750
f 6710 7561 5405
f 4603 7507 7264
f 5419 4584 2917
f 7533 201 7042
f 4188 1194 7562
f 7311 7562 1194
f 1432 2028 1303
f 7602 2924 5433
f 7571 6480 5495
f 2135 3374 1196
f 1275 2065 462
f 4956 7231 7145
f 6671 4626 6716
f 6879 5202 6078
f 7499 7600 7595
f 7077 7538 2307
f 4743 3438 5729
f 603 7607 1473
f 1473 7607 1086
f 291 7607 1474
f 7562 7311 411
f 595 1454 2638
f 7040 4317 7310
f 79 94 87
f 1373 5432 7602
f 4191 981 4985
f 2716 7052 2495
f 290 1086 7608
f 3496 4794 4460
f 4489 1709 7534
f 704 705 3633
f 16 31 24
f 2531 1316 488
f 162 155 169
f 670 1661 1662
f 671 1662 1663
f 670 1662 671
f 671 1663 672
f 41 39 40
f 88 86 87
f 3880 3269 1423
f 290 1472 1473
f 18 30 31
f 39 41 38
f 38 42 37
f 35 45 34
f 34 46 33
f 55 57 54
f 86 88 85
f 85 89 84
f 82 92 81
f 81 93 80
f 118 126 125
f 128 124 127
f 124 128 123
f 123 129 122
f 161 163 160
f 160 164 159
f 159 165 158
f 156 168 155
f 290 1473 1086
f 156 167 168
f 2905 534 2906
f 2503 1285 3939
f 7576 287 3072
f 336 1276 1728
f 157 166 167
f 1215 2478 426
f 439 1933 1240
f 2498 2497 7564
f 1415 7565 583
f 2672 606 2673
f 7571 2171 2756
f 4460 7567 3496
f 7568 2808 2807
f 867 7595 868
f 7518 7595 6421
f 121 132 120
f 2993 7569 7013
f 3225 5051 4661
f 7566 3391 1599
f 7571 3441 5494
f 3441 7571 2756
f 7572 2777 4443
f 7567 2794 3496
f 2794 7573 2282
f 7045 3718 1045
f 3089 2429 6106
f 6752 7574 1414
f 2080 3329 5971
f 7588 6049 6319
f 7576 7055 1844
f 1914 7577 7530
f 7564 409 2498
f 3803 3809 3805
f 3169 1300 4206
f 1355 4228 4226
f 532 533 7441
f 531 3204 4237
f 5909 7579 7522
f 439 1240 1997
f 1014 1371 1377
f 1420 7580 579
f 4285 7580 3265
f 6505 7565 4313
f 7565 2637 583
f 595 2955 3345
f 4192 7581 7525
f 4925 483 1310
f 7572 3476 2777
f 6672 7234 6453
f 2225 3010 2228
f 2280 4055 2282
f 7608 1085 5183
f 4637 7583 6773
f 3225 4661 3224
f 4740 7570 4739
f 3332 4906 3333
f 7584 6224 4360
f 6224 2105 2106
f 2105 6224 7584
f 7568 2206 3502
f 6513 7585 3384
f 7408 6821 6687
f 6314 7535 7528
f 50 63 49
f 2084 4906 2083
f 4628 3001 2213
f 7589 5509 3018
f 3057 7045 1045
f 3081 1869 5526
f 1415 7574 5591
f 7585 5202 3385
f 7570 5258 3427
f 5279 2757 3443
f 3553 6700 2249
f 4530 5393 7355
f 3791 3790 5883
f 7586 1983 5566
f 4674 7587 7312
f 7574 3872 1414
f 4627 2998 4792
f 7589 7161 4967
f 6117 2545 3195
f 2579 6135 5025
f 7055 7576 2131
f 5191 2137 7303
f 6271 5256 4418
f 7591 6733 5267
f 1237 2176 436
f 3970 5998 4404
f 4449 4774 664
f 4533 6071 6354
f 7446 7577 1914
f 2547 7592 4218
f 6524 7594 7246
f 7578 6591 2530
f 6733 7591 4737
f 7590 5406 5407
f 7582 7456 4601
f 2916 4830 5420
f 7597 6821 3489
f 7499 7595 867
f 6839 7180 2194
f 2990 2194 7180
f 4634 7589 3018
f 6512 2723 7550
f 7191 2942 4884
f 6965 7132 5406
f 1023 7596 2364
f 6859 5621 2631
f 6644 407 6183
f 629 7003 6829
f 6649 6651 5197
f 7591 6937 4737
f 5247 5269 3438
f 4455 7597 3489
f 2305 7598 2306
f 7070 3452 7533
f 7568 1690 2808
f 2853 7599 7340
f 2884 7600 7499
f 3052 7043 3051
f 1045 7044 3054
f 7586 7187 5419
f 7564 4202 7446
f 6753 7601 4871
f 5396 5393 3607
f 4670 7596 6977
f 6830 2142 2140
f 7173 5247 3438
f 3052 3051 1041
f 7601 2937 6921
f 2937 7601 6753
f 5201 7585 6513
f 7570 5492 5258
f 7586 7289 1983
f 3899 4871 7601
f 7338 5705 5706
f 2280 2282 7073
f 7587 1368 7312
f 5201 6512 7550
f 2920 4587 7560
f 247 3057 7575
f 4833 2920 7560
f 5906 7480 1985
f 2546 7604 4219
f 7604 7592 4219
f 7233 7597 4455
f 6497 6604 5575
f 532 7441 3204
f 2307 7603 7077
f 7605 7453 6360
f 7606 2916 5420
f 7476 3544 4632
f 1771 7593 7598
f 7442 3265 7580
f 6095 2315 3681
f 6097 2317 3687
f 6099 2319 3693
f 6101 2321 3699
f 560 1474 603
f 7607 603 1474
f 2548 543 1350
f 1305 4554 2874
f 7605 6361 7453
f 3057 1045 7575
f 458 1261 3145
f 7599 7075 7340
f 55 48 56
f 2503 68 1285
f 40 32 47
f 1772 7563 7598
f 7595 7518 2884
f 4740 4739 7444
f 4610 7584 2956
f 7581 1523 7525
f 263 262 2713
f 6360 7541 6361
f 1415 5591 582
f 1295 480 5885
f 3546 6316 4492
f 1712 4778 6045
f 4192 7530 7581
f 7577 7581 7530
f 6921 5112 3899
f 630 629 6829
f 7070 7533 2760
f 7575 1045 3054
f 4533 5396 3607
f 7047 3141 3142
f 7541 7453 6361
f 6750 6604 3853
f 3705 967 6103
f 48 49 63
f 2029 2028 1432
f 1267 3148 5538
f 1295 5885 7369
f 4103 3374 2135
f 2924 7602 6144
f 6947 7231 4956
f 5299 4626 6671
f 7600 6421 7595
f 6421 7600 7455
f 598 7443 1470
f 601 603 1473
f 521 2539 2538
f 595 2638 4316
f 1267 5538 463
f 80 94 79
f 7155 5432 1373
f 396 3525 5332
f 1655 686 7024
f 686 1655 678
f 19 29 30
f 396 5332 397
f 290 7608 5183
f 520 521 2538
f 1193 981 4191
f 1577 7052 2716
f 4794 640 4460
f 4489 7534 4488
f 704 3633 696
f 1506 614 4346
f 17 31 16
f 398 2817 2822
f 2532 1316 2531
f 398 2822 399
f 23 25 26
f 84 90 91
f 121 122 130
f 154 162 163
f 154 155 162
f 2876 4558 4539
f 703 2299 3635
f 672 1663 1664
f 673 1664 1665
f 674 1665 1666
f 21 27 28
f 37 43 44
f 54 58 59
f 53 59 60
f 83 91 92
f 120 132 133
f 672 1664 673
f 673 1665 674
f 674 1666 675
f 23 16 24
f 21 22 27
f 19 20 29
f 39 32 40
f 35 36 44
f 52 60 61
f 50 51 62
f 86 79 87
f 110 105 95
f 110 95 104
f 126 119 133
f 170 74 64
f 170 64 73
f 187 11 1
f 187 1 10
f 3270 3269 3880
f 662 6460 6954
f 4560 877 4084
f 4562 885 4085
f 4564 893 4086
f 4566 901 4087
f 4568 909 4088
f 4570 917 4089
f 4572 925 4090
f 4574 933 4091
f 4576 941 4092
f 4578 949 4093
f 4580 957 4094
f 4581 965 4095
f 23 24 25
f 22 23 26
f 22 26 27
f 20 21 28
f 20 28 29
f 18 19 30
f 17 18 31
f 38 41 42
f 37 42 43
f 36 37 44
f 35 44 45
f 34 45 46
f 33 46 47
f 48 63 56
f 55 56 57
f 54 57 58
f 53 54 59
f 52 53 60
f 52 61 51
f 51 61 62
f 85 88 89
f 84 89 90
f 83 84 91
f 82 83 92
f 81 92 93
f 80 93 94
f 126 127 125
f 124 125 127
f 123 128 129
f 129 130 122
f 121 130 131
f 119 120 133
f 151 147 971
f 161 154 163
f 160 163 164
f 159 164 165
f 158 165 166
f 155 168 169
f 195 124 198
f 241 237 1037
f 137 394 1189
f 451 447 1248
f 328 471 1279
f 195 198 1391
f 573 569 1408
f 1506 4346 3356
f 6999 662 6954
f 686 685 7024
f 680 7225 681
f 680 1637 7225
f 703 1754 2299
f 2876 4539 3634
f 722 739 1759

