2.092583745252341032e-04 -0.000000000000000000e+00 1.000000000000000000e+00 -1.000000000000000000e+00 0.000000000000000000e+00 2.092583745252341032e-04
2.724941077758558095e-05 0.000000000000000000e+00 1.000000000000000000e+00 -1.000000000000000000e+00 0.000000000000000000e+00 2.724941077758558095e-05
2.089156805595848709e-05 0.000000000000000000e+00 1.000000000000000000e+00 -1.000000000000000000e+00 0.000000000000000000e+00 2.089156805595848709e-05
-5.020332537242211401e-05 0.000000000000000000e+00 1.000000000000000000e+00 -1.000000000000000000e+00 0.000000000000000000e+00 -5.020332537242211401e-05
-1.305789774050936103e-04 0.000000000000000000e+00 1.000000000000000000e+00 -1.000000000000000000e+00 0.000000000000000000e+00 -1.305789774050936103e-04
-1.606799778528511524e-04 0.000000000000000000e+00 1.000000000000000000e+00 -1.000000000000000000e+00 0.000000000000000000e+00 -1.606799778528511524e-04
-1.776732387952506542e-04 0.000000000000000000e+00 1.000000000000000000e+00 -1.000000000000000000e+00 0.000000000000000000e+00 -1.776732387952506542e-04
-2.616857236716896296e-04 0.000000000000000000e+00 1.000000000000000000e+00 -1.000000000000000000e+00 0.000000000000000000e+00 -2.616857236716896296e-04
-2.810576988849788904e-04 0.000000000000000000e+00 1.000000000000000000e+00 -1.000000000000000000e+00 0.000000000000000000e+00 -2.810576988849788904e-04
-3.031594387721270323e-04 0.000000000000000000e+00 9.999999403953552246e-01 -9.999999403953552246e-01 0.000000000000000000e+00 -3.031594387721270323e-04
-3.612343571148812771e-04 0.000000000000000000e+00 9.999999403953552246e-01 -9.999999403953552246e-01 0.000000000000000000e+00 -3.612343571148812771e-04
-3.701435052789747715e-04 0.000000000000000000e+00 9.999999403953552246e-01 -9.999999403953552246e-01 0.000000000000000000e+00 -3.701435052789747715e-04
-4.218225658405572176e-04 0.000000000000000000e+00 9.999999403953552246e-01 -9.999999403953552246e-01 0.000000000000000000e+00 -4.218225658405572176e-04
-4.523360985331237316e-04 0.000000000000000000e+00 9.999999403953552246e-01 -9.999999403953552246e-01 0.000000000000000000e+00 -4.523360985331237316e-04
-5.037547671236097813e-04 0.000000000000000000e+00 9.999998807907104492e-01 -9.999998807907104492e-01 0.000000000000000000e+00 -5.037547671236097813e-04
-5.276412703096866608e-04 0.000000000000000000e+00 9.999998807907104492e-01 -9.999998807907104492e-01 0.000000000000000000e+00 -5.276412703096866608e-04
-5.845545674674212933e-04 0.000000000000000000e+00 9.999998211860656738e-01 -9.999998211860656738e-01 0.000000000000000000e+00 -5.845545674674212933e-04
-5.989994388073682785e-04 0.000000000000000000e+00 9.999998211860656738e-01 -9.999998211860656738e-01 0.000000000000000000e+00 -5.989994388073682785e-04
-6.101790932007133961e-04 0.000000000000000000e+00 9.999998211860656738e-01 -9.999998211860656738e-01 0.000000000000000000e+00 -6.101790932007133961e-04
-6.203229422681033611e-04 0.000000000000000000e+00 9.999998211860656738e-01 -9.999998211860656738e-01 0.000000000000000000e+00 -6.203229422681033611e-04
-5.963690928183495998e-04 0.000000000000000000e+00 9.999998211860656738e-01 -9.999998211860656738e-01 0.000000000000000000e+00 -5.963690928183495998e-04
-6.218794733285903931e-04 0.000000000000000000e+00 9.999998211860656738e-01 -9.999998211860656738e-01 0.000000000000000000e+00 -6.218794733285903931e-04
-6.313445628620684147e-04 0.000000000000000000e+00 9.999998211860656738e-01 -9.999998211860656738e-01 0.000000000000000000e+00 -6.313445628620684147e-04
-6.226577679626643658e-04 0.000000000000000000e+00 9.999998211860656738e-01 -9.999998211860656738e-01 0.000000000000000000e+00 -6.226577679626643658e-04
-6.393350195139646530e-04 0.000000000000000000e+00 9.999998211860656738e-01 -9.999998211860656738e-01 0.000000000000000000e+00 -6.393350195139646530e-04
-6.403824663721024990e-04 0.000000000000000000e+00 9.999998211860656738e-01 -9.999998211860656738e-01 0.000000000000000000e+00 -6.403824663721024990e-04
-6.587538518942892551e-04 0.000000000000000000e+00 9.999998211860656738e-01 -9.999998211860656738e-01 0.000000000000000000e+00 -6.587538518942892551e-04
-6.494965055026113987e-04 0.000000000000000000e+00 9.999998211860656738e-01 -9.999998211860656738e-01 0.000000000000000000e+00 -6.494965055026113987e-04
-6.583939539268612862e-04 0.000000000000000000e+00 9.999998211860656738e-01 -9.999998211860656738e-01 0.000000000000000000e+00 -6.583939539268612862e-04
-6.548332166858017445e-04 0.000000000000000000e+00 9.999998211860656738e-01 -9.999998211860656738e-01 0.000000000000000000e+00 -6.548332166858017445e-04
-6.749922176823019981e-04 0.000000000000000000e+00 9.999997615814208984e-01 -9.999997615814208984e-01 0.000000000000000000e+00 -6.749922176823019981e-04
-6.734415073879063129e-04 0.000000000000000000e+00 9.999997615814208984e-01 -9.999997615814208984e-01 0.000000000000000000e+00 -6.734415073879063129e-04
-6.767798913642764091e-04 0.000000000000000000e+00 9.999997615814208984e-01 -9.999997615814208984e-01 0.000000000000000000e+00 -6.767798913642764091e-04
-6.701821112073957920e-04 0.000000000000000000e+00 9.999997615814208984e-01 -9.999997615814208984e-01 0.000000000000000000e+00 -6.701821112073957920e-04
-6.869501085020601749e-04 0.000000000000000000e+00 9.999997615814208984e-01 -9.999997615814208984e-01 0.000000000000000000e+00 -6.869501085020601749e-04
-6.819761474616825581e-04 0.000000000000000000e+00 9.999997615814208984e-01 -9.999997615814208984e-01 0.000000000000000000e+00 -6.819761474616825581e-04
-7.101109949871897697e-04 0.000000000000000000e+00 9.999997615814208984e-01 -9.999997615814208984e-01 0.000000000000000000e+00 -7.101109949871897697e-04
-7.024101796559989452e-04 0.000000000000000000e+00 9.999997615814208984e-01 -9.999997615814208984e-01 0.000000000000000000e+00 -7.024101796559989452e-04
-7.310336804948747158e-04 0.000000000000000000e+00 9.999997615814208984e-01 -9.999997615814208984e-01 0.000000000000000000e+00 -7.310336804948747158e-04
-7.392962579615414143e-04 0.000000000000000000e+00 9.999997615814208984e-01 -9.999997615814208984e-01 0.000000000000000000e+00 -7.392962579615414143e-04
-7.118225912563502789e-04 0.000000000000000000e+00 9.999997615814208984e-01 -9.999997615814208984e-01 0.000000000000000000e+00 -7.118225912563502789e-04
-7.332515087909996510e-04 0.000000000000000000e+00 9.999997615814208984e-01 -9.999997615814208984e-01 0.000000000000000000e+00 -7.332515087909996510e-04
-7.245997549034655094e-04 0.000000000000000000e+00 9.999997615814208984e-01 -9.999997615814208984e-01 0.000000000000000000e+00 -7.245997549034655094e-04
-7.011432899162173271e-04 0.000000000000000000e+00 9.999997615814208984e-01 -9.999997615814208984e-01 0.000000000000000000e+00 -7.011432899162173271e-04
1.342004252364858985e-04 0.000000000000000000e+00 1.000000000000000000e+00 -1.000000000000000000e+00 0.000000000000000000e+00 1.342004252364858985e-04
2.316249301657080650e-04 0.000000000000000000e+00 1.000000000000000000e+00 -1.000000000000000000e+00 0.000000000000000000e+00 2.316249301657080650e-04
2.448760787956416607e-04 0.000000000000000000e+00 1.000000000000000000e+00 -1.000000000000000000e+00 0.000000000000000000e+00 2.448760787956416607e-04
3.011779044754803181e-04 0.000000000000000000e+00 9.999999403953552246e-01 -9.999999403953552246e-01 0.000000000000000000e+00 3.011779044754803181e-04
2.551662328187376261e-04 0.000000000000000000e+00 1.000000000000000000e+00 -1.000000000000000000e+00 0.000000000000000000e+00 2.551662328187376261e-04
2.652954717632383108e-04 0.000000000000000000e+00 1.000000000000000000e+00 -1.000000000000000000e+00 0.000000000000000000e+00 2.652954717632383108e-04
2.105823077727109194e-04 0.000000000000000000e+00 1.000000000000000000e+00 -1.000000000000000000e+00 0.000000000000000000e+00 2.105823077727109194e-04
2.209573285654187202e-04 0.000000000000000000e+00 1.000000000000000000e+00 -1.000000000000000000e+00 0.000000000000000000e+00 2.209573285654187202e-04
1.863095676526427269e-04 0.000000000000000000e+00 1.000000000000000000e+00 -1.000000000000000000e+00 0.000000000000000000e+00 1.863095676526427269e-04
1.877695613075047731e-04 0.000000000000000000e+00 1.000000000000000000e+00 -1.000000000000000000e+00 0.000000000000000000e+00 1.877695613075047731e-04
1.469102571718394756e-04 0.000000000000000000e+00 1.000000000000000000e+00 -1.000000000000000000e+00 0.000000000000000000e+00 1.469102571718394756e-04
1.601087133167311549e-04 0.000000000000000000e+00 1.000000000000000000e+00 -1.000000000000000000e+00 0.000000000000000000e+00 1.601087133167311549e-04
1.289661013288423419e-04 0.000000000000000000e+00 1.000000000000000000e+00 -1.000000000000000000e+00 0.000000000000000000e+00 1.289661013288423419e-04
1.219762852997519076e-04 0.000000000000000000e+00 1.000000000000000000e+00 -1.000000000000000000e+00 0.000000000000000000e+00 1.219762852997519076e-04
1.372169645037502050e-04 0.000000000000000000e+00 1.000000000000000000e+00 -1.000000000000000000e+00 0.000000000000000000e+00 1.372169645037502050e-04
1.082980015780776739e-04 0.000000000000000000e+00 1.000000000000000000e+00 -1.000000000000000000e+00 0.000000000000000000e+00 1.082980015780776739e-04
1.499267964391037822e-04 0.000000000000000000e+00 1.000000000000000000e+00 -1.000000000000000000e+00 -0.000000000000000000e+00 1.499267964391037822e-04
1.369945966871455312e-04 0.000000000000000000e+00 1.000000000000000000e+00 -1.000000000000000000e+00 0.000000000000000000e+00 1.369945966871455312e-04
1.831847766879945993e-04 0.000000000000000000e+00 1.000000000000000000e+00 -1.000000000000000000e+00 -0.000000000000000000e+00 1.831847766879945993e-04
1.948266872204840183e-04 0.000000000000000000e+00 1.000000000000000000e+00 -1.000000000000000000e+00 -0.000000000000000000e+00 1.948266872204840183e-04
2.280056651216000319e-04 0.000000000000000000e+00 1.000000000000000000e+00 -1.000000000000000000e+00 -0.000000000000000000e+00 2.280056651216000319e-04
2.997179108206182718e-04 0.000000000000000000e+00 9.999999403953552246e-01 -9.999999403953552246e-01 -0.000000000000000000e+00 2.997179108206182718e-04
3.023043391294777393e-04 0.000000000000000000e+00 9.999999403953552246e-01 -9.999999403953552246e-01 -0.000000000000000000e+00 3.023043391294777393e-04
3.751898475456982851e-04 0.000000000000000000e+00 9.999999403953552246e-01 -9.999999403953552246e-01 -0.000000000000000000e+00 3.751898475456982851e-04
3.837918047793209553e-04 0.000000000000000000e+00 9.999999403953552246e-01 -9.999999403953552246e-01 -0.000000000000000000e+00 3.837918047793209553e-04
4.230536287650465965e-04 0.000000000000000000e+00 9.999999403953552246e-01 -9.999999403953552246e-01 -0.000000000000000000e+00 4.230536287650465965e-04
4.460243508219718933e-04 0.000000000000000000e+00 9.999999403953552246e-01 -9.999999403953552246e-01 -0.000000000000000000e+00 4.460243508219718933e-04
4.691618378274142742e-04 0.000000000000000000e+00 9.999998807907104492e-01 -9.999998807907104492e-01 -0.000000000000000000e+00 4.691618378274142742e-04
4.872376448474824429e-04 0.000000000000000000e+00 9.999998807907104492e-01 -9.999998807907104492e-01 -0.000000000000000000e+00 4.872376448474824429e-04
4.999241209588944912e-04 0.000000000000000000e+00 9.999998807907104492e-01 -9.999998807907104492e-01 -0.000000000000000000e+00 4.999241209588944912e-04
4.968051798641681671e-04 -0.000000000000000000e+00 9.999998807907104492e-01 -9.999998807907104492e-01 0.000000000000000000e+00 4.968051798641681671e-04
4.754055698867887259e-04 -0.000000000000000000e+00 9.999998807907104492e-01 -9.999998807907104492e-01 0.000000000000000000e+00 4.754055698867887259e-04
5.121336434967815876e-04 -0.000000000000000000e+00 9.999998807907104492e-01 -9.999998807907104492e-01 0.000000000000000000e+00 5.121336434967815876e-04
5.097315297462046146e-04 -0.000000000000000000e+00 9.999998807907104492e-01 -9.999998807907104492e-01 0.000000000000000000e+00 5.097315297462046146e-04
5.440047825686633587e-04 0.000000000000000000e+00 9.999998807907104492e-01 -9.999998807907104492e-01 -0.000000000000000000e+00 5.440047825686633587e-04
5.507225287146866322e-04 -0.000000000000000000e+00 9.999998807907104492e-01 -9.999998807907104492e-01 0.000000000000000000e+00 5.507225287146866322e-04
5.739038460887968540e-04 0.000000000000000000e+00 9.999998211860656738e-01 -9.999998211860656738e-01 -0.000000000000000000e+00 5.739038460887968540e-04
5.916197551414370537e-04 0.000000000000000000e+00 9.999998211860656738e-01 -9.999998211860656738e-01 0.000000000000000000e+00 5.916197551414370537e-04
5.982819129712879658e-04 0.000000000000000000e+00 9.999998211860656738e-01 -9.999998211860656738e-01 -0.000000000000000000e+00 5.982819129712879658e-04
6.000198191031813622e-04 0.000000000000000000e+00 9.999998211860656738e-01 -9.999998211860656738e-01 0.000000000000000000e+00 6.000198191031813622e-04
6.104123895056545734e-04 0.000000000000000000e+00 9.999998211860656738e-01 -9.999998211860656738e-01 -0.000000000000000000e+00 6.104123895056545734e-04
6.241784431040287018e-04 0.000000000000000000e+00 9.999998211860656738e-01 -9.999998211860656738e-01 -0.000000000000000000e+00 6.241784431040287018e-04
6.576383602805435658e-04 0.000000000000000000e+00 9.999998211860656738e-01 -9.999998211860656738e-01 0.000000000000000000e+00 6.576383602805435658e-04
3.534274874255061150e-04 0.000000000000000000e+00 9.999999403953552246e-01 -9.999999403953552246e-01 0.000000000000000000e+00 3.534274874255061150e-04
4.105836851522326469e-04 0.000000000000000000e+00 9.999999403953552246e-01 -9.999999403953552246e-01 -0.000000000000000000e+00 4.105836851522326469e-04
4.117042990401387215e-04 0.000000000000000000e+00 9.999999403953552246e-01 -9.999999403953552246e-01 0.000000000000000000e+00 4.117042990401387215e-04
4.338382859714329243e-04 0.000000000000000000e+00 9.999999403953552246e-01 -9.999999403953552246e-01 -0.000000000000000000e+00 4.338382859714329243e-04
4.378174198791384697e-04 0.000000000000000000e+00 9.999999403953552246e-01 -9.999999403953552246e-01 -0.000000000000000000e+00 4.378174198791384697e-04
4.607149458024650812e-04 0.000000000000000000e+00 9.999998807907104492e-01 -9.999998807907104492e-01 -0.000000000000000000e+00 4.607149458024650812e-04
5.049419123679399490e-04 0.000000000000000000e+00 9.999998807907104492e-01 -9.999998807907104492e-01 -0.000000000000000000e+00 5.049419123679399490e-04
5.053369095548987389e-04 0.000000000000000000e+00 9.999998807907104492e-01 -9.999998807907104492e-01 0.000000000000000000e+00 5.053369095548987389e-04
5.849927547387778759e-04 0.000000000000000000e+00 9.999998211860656738e-01 -9.999998211860656738e-01 0.000000000000000000e+00 5.849927547387778759e-04
5.596755072474479675e-04 0.000000000000000000e+00 9.999998807907104492e-01 -9.999998807907104492e-01 0.000000000000000000e+00 5.596755072474479675e-04
6.124312058091163635e-04 0.000000000000000000e+00 9.999998211860656738e-01 -9.999998211860656738e-01 0.000000000000000000e+00 6.124312058091163635e-04
6.125453510321676731e-04 0.000000000000000000e+00 9.999998211860656738e-01 -9.999998211860656738e-01 0.000000000000000000e+00 6.125453510321676731e-04
5.332698347046971321e-04 0.000000000000000000e+00 9.999998807907104492e-01 -9.999998807907104492e-01 0.000000000000000000e+00 5.332698347046971321e-04
5.840593948960304260e-04 0.000000000000000000e+00 9.999998211860656738e-01 -9.999998211860656738e-01 -0.000000000000000000e+00 5.840593948960304260e-04
5.957276443950831890e-04 0.000000000000000000e+00 9.999998211860656738e-01 -9.999998211860656738e-01 -0.000000000000000000e+00 5.957276443950831890e-04
5.822951206937432289e-04 0.000000000000000000e+00 9.999998211860656738e-01 -9.999998211860656738e-01 -0.000000000000000000e+00 5.822951206937432289e-04
6.334504578262567520e-04 0.000000000000000000e+00 9.999998211860656738e-01 -9.999998211860656738e-01 -0.000000000000000000e+00 6.334504578262567520e-04
6.255418993532657623e-04 0.000000000000000000e+00 9.999998211860656738e-01 -9.999998211860656738e-01 0.000000000000000000e+00 6.255418993532657623e-04
6.441619480028748512e-04 0.000000000000000000e+00 9.999998211860656738e-01 -9.999998211860656738e-01 -0.000000000000000000e+00 6.441619480028748512e-04
6.283989641815423965e-04 -0.000000000000000000e+00 9.999998211860656738e-01 -9.999998211860656738e-01 0.000000000000000000e+00 6.283989641815423965e-04
5.478025414049625397e-04 0.000000000000000000e+00 9.999998807907104492e-01 -9.999998807907104492e-01 0.000000000000000000e+00 5.478025414049625397e-04
5.034760688431560993e-04 -0.000000000000000000e+00 9.999998807907104492e-01 -9.999998807907104492e-01 0.000000000000000000e+00 5.034760688431560993e-04
4.701624566223472357e-04 0.000000000000000000e+00 9.999998807907104492e-01 -9.999998807907104492e-01 0.000000000000000000e+00 4.701624566223472357e-04
4.052791628055274487e-04 -0.000000000000000000e+00 9.999999403953552246e-01 -9.999999403953552246e-01 0.000000000000000000e+00 4.052791628055274487e-04
3.674905165098607540e-04 -0.000000000000000000e+00 9.999999403953552246e-01 -9.999999403953552246e-01 0.000000000000000000e+00 3.674905165098607540e-04
3.307581064291298389e-04 0.000000000000000000e+00 9.999999403953552246e-01 -9.999999403953552246e-01 0.000000000000000000e+00 3.307581064291298389e-04
2.808784774970263243e-04 0.000000000000000000e+00 1.000000000000000000e+00 -1.000000000000000000e+00 0.000000000000000000e+00 2.808784774970263243e-04
1.959458168130367994e-04 0.000000000000000000e+00 1.000000000000000000e+00 -1.000000000000000000e+00 0.000000000000000000e+00 1.959458168130367994e-04
2.263145288452506065e-04 0.000000000000000000e+00 1.000000000000000000e+00 -1.000000000000000000e+00 0.000000000000000000e+00 2.263145288452506065e-04
7.848373206797987223e-05 0.000000000000000000e+00 1.000000000000000000e+00 -1.000000000000000000e+00 0.000000000000000000e+00 7.848373206797987223e-05
3.502921026665717363e-05 0.000000000000000000e+00 1.000000000000000000e+00 -1.000000000000000000e+00 0.000000000000000000e+00 3.502921026665717363e-05
4.341209489666653099e-07 -0.000000000000000000e+00 1.000000000000000000e+00 -1.000000000000000000e+00 0.000000000000000000e+00 4.341209489666653099e-07
6.723388651153072715e-05 0.000000000000000000e+00 1.000000000000000000e+00 -1.000000000000000000e+00 0.000000000000000000e+00 6.723388651153072715e-05
-1.031791907735168934e-03 0.000000000000000000e+00 9.999994635581970215e-01 -9.999994635581970215e-01 0.000000000000000000e+00 -1.031791907735168934e-03
-9.714290499687194824e-04 0.000000000000000000e+00 9.999995231628417969e-01 -9.999995231628417969e-01 0.000000000000000000e+00 -9.714290499687194824e-04
-8.377739577554166317e-04 0.000000000000000000e+00 9.999996423721313477e-01 -9.999996423721313477e-01 0.000000000000000000e+00 -8.377739577554166317e-04
-7.997673819772899151e-04 0.000000000000000000e+00 9.999997019767761230e-01 -9.999997019767761230e-01 0.000000000000000000e+00 -7.997673819772899151e-04
-1.130196615122258663e-03 0.000000000000000000e+00 9.999994039535522461e-01 -9.999994039535522461e-01 0.000000000000000000e+00 -1.130196615122258663e-03
-1.286412705667316914e-03 0.000000000000000000e+00 9.999991655349731445e-01 -9.999991655349731445e-01 0.000000000000000000e+00 -1.286412705667316914e-03
-1.287764403969049454e-03 -0.000000000000000000e+00 9.999991655349731445e-01 -9.999991655349731445e-01 0.000000000000000000e+00 -1.287764403969049454e-03
-1.309237093664705753e-03 0.000000000000000000e+00 9.999991655349731445e-01 -9.999991655349731445e-01 0.000000000000000000e+00 -1.309237093664705753e-03
-1.295275054872035980e-03 0.000000000000000000e+00 9.999991655349731445e-01 -9.999991655349731445e-01 0.000000000000000000e+00 -1.295275054872035980e-03
-1.166175585240125656e-03 -0.000000000000000000e+00 9.999993443489074707e-01 -9.999993443489074707e-01 0.000000000000000000e+00 -1.166175585240125656e-03
-1.074099563993513584e-03 -0.000000000000000000e+00 9.999994635581970215e-01 -9.999994635581970215e-01 0.000000000000000000e+00 -1.074099563993513584e-03
-9.585232473909854889e-04 0.000000000000000000e+00 9.999995827674865723e-01 -9.999995827674865723e-01 0.000000000000000000e+00 -9.585232473909854889e-04
-8.395675104111433029e-04 -0.000000000000000000e+00 9.999996423721313477e-01 -9.999996423721313477e-01 0.000000000000000000e+00 -8.395675104111433029e-04
-7.552069146186113358e-04 -0.000000000000000000e+00 9.999997019767761230e-01 -9.999997019767761230e-01 0.000000000000000000e+00 -7.552069146186113358e-04
-6.168616819195449352e-04 -0.000000000000000000e+00 9.999998211860656738e-01 -9.999998211860656738e-01 0.000000000000000000e+00 -6.168616819195449352e-04
-5.511241033673286438e-04 -0.000000000000000000e+00 9.999998807907104492e-01 -9.999998807907104492e-01 0.000000000000000000e+00 -5.511241033673286438e-04
-3.719984961207956076e-04 -0.000000000000000000e+00 9.999999403953552246e-01 -9.999999403953552246e-01 0.000000000000000000e+00 -3.719984961207956076e-04
-3.698948130477219820e-04 0.000000000000000000e+00 9.999999403953552246e-01 -9.999999403953552246e-01 0.000000000000000000e+00 -3.698948130477219820e-04
-1.440992637071758509e-04 -0.000000000000000000e+00 1.000000000000000000e+00 -1.000000000000000000e+00 0.000000000000000000e+00 -1.440992637071758509e-04
4.324495603214018047e-05 0.000000000000000000e+00 1.000000000000000000e+00 -1.000000000000000000e+00 -0.000000000000000000e+00 4.324495603214018047e-05
2.351311741222161800e-05 0.000000000000000000e+00 1.000000000000000000e+00 -1.000000000000000000e+00 0.000000000000000000e+00 2.351311741222161800e-05
-6.074803968658670783e-05 -0.000000000000000000e+00 1.000000000000000000e+00 -1.000000000000000000e+00 0.000000000000000000e+00 -6.074803968658670783e-05
-9.629694977775216103e-05 0.000000000000000000e+00 1.000000000000000000e+00 -1.000000000000000000e+00 0.000000000000000000e+00 -9.629694977775216103e-05
-1.350116217508912086e-04 0.000000000000000000e+00 1.000000000000000000e+00 -1.000000000000000000e+00 0.000000000000000000e+00 -1.350116217508912086e-04
-1.971534511540085077e-04 0.000000000000000000e+00 1.000000000000000000e+00 -1.000000000000000000e+00 0.000000000000000000e+00 -1.971534511540085077e-04
-2.389899891568347812e-04 0.000000000000000000e+00 1.000000000000000000e+00 -1.000000000000000000e+00 0.000000000000000000e+00 -2.389899891568347812e-04
-3.117145679425448179e-04 0.000000000000000000e+00 9.999999403953552246e-01 -9.999999403953552246e-01 0.000000000000000000e+00 -3.117145679425448179e-04
-4.026905226055532694e-04 0.000000000000000000e+00 9.999999403953552246e-01 -9.999999403953552246e-01 0.000000000000000000e+00 -4.026905226055532694e-04
-4.377098812256008387e-04 0.000000000000000000e+00 9.999999403953552246e-01 -9.999999403953552246e-01 0.000000000000000000e+00 -4.377098812256008387e-04
-5.649017984978854656e-04 0.000000000000000000e+00 9.999998807907104492e-01 -9.999998807907104492e-01 0.000000000000000000e+00 -5.649017984978854656e-04
-5.552466027438640594e-04 0.000000000000000000e+00 9.999998807907104492e-01 -9.999998807907104492e-01 0.000000000000000000e+00 -5.552466027438640594e-04
-6.920351879671216011e-04 0.000000000000000000e+00 9.999997615814208984e-01 -9.999997615814208984e-01 0.000000000000000000e+00 -6.920351879671216011e-04
2.304692170582711697e-04 0.000000000000000000e+00 1.000000000000000000e+00 -1.000000000000000000e+00 -0.000000000000000000e+00 2.304692170582711697e-04
2.371869341004639864e-04 0.000000000000000000e+00 1.000000000000000000e+00 -1.000000000000000000e+00 -0.000000000000000000e+00 2.371869341004639864e-04
2.519741537980735302e-04 0.000000000000000000e+00 1.000000000000000000e+00 -1.000000000000000000e+00 -0.000000000000000000e+00 2.519741537980735302e-04
2.763141819741576910e-04 0.000000000000000000e+00 1.000000000000000000e+00 -1.000000000000000000e+00 -0.000000000000000000e+00 2.763141819741576910e-04
3.161260101478546858e-04 0.000000000000000000e+00 9.999999403953552246e-01 -9.999999403953552246e-01 -0.000000000000000000e+00 3.161260101478546858e-04
3.319606184959411621e-04 -0.000000000000000000e+00 9.999999403953552246e-01 -9.999999403953552246e-01 0.000000000000000000e+00 3.319606184959411621e-04
3.597882459871470928e-04 0.000000000000000000e+00 9.999999403953552246e-01 -9.999999403953552246e-01 0.000000000000000000e+00 3.597882459871470928e-04
3.849124186672270298e-04 0.000000000000000000e+00 9.999999403953552246e-01 -9.999999403953552246e-01 -0.000000000000000000e+00 3.849124186672270298e-04
3.879933210555464029e-04 0.000000000000000000e+00 9.999999403953552246e-01 -9.999999403953552246e-01 0.000000000000000000e+00 3.879933210555464029e-04
3.965367504861205816e-04 -0.000000000000000000e+00 9.999999403953552246e-01 -9.999999403953552246e-01 0.000000000000000000e+00 3.965367504861205816e-04
3.939678717870265245e-04 0.000000000000000000e+00 9.999999403953552246e-01 -9.999999403953552246e-01 0.000000000000000000e+00 3.939678717870265245e-04
3.943394403904676437e-04 -0.000000000000000000e+00 9.999999403953552246e-01 -9.999999403953552246e-01 0.000000000000000000e+00 3.943394403904676437e-04
-2.991451765410602093e-04 0.000000000000000000e+00 9.999999403953552246e-01 -9.999999403953552246e-01 0.000000000000000000e+00 -2.991451765410602093e-04
-3.140435437671840191e-04 0.000000000000000000e+00 9.999999403953552246e-01 -9.999999403953552246e-01 0.000000000000000000e+00 -3.140435437671840191e-04
-3.050144005101174116e-04 -0.000000000000000000e+00 9.999999403953552246e-01 -9.999999403953552246e-01 0.000000000000000000e+00 -3.050144005101174116e-04
-2.770229475572705269e-04 0.000000000000000000e+00 1.000000000000000000e+00 -1.000000000000000000e+00 0.000000000000000000e+00 -2.770229475572705269e-04
-3.077881119679659605e-04 0.000000000000000000e+00 9.999999403953552246e-01 -9.999999403953552246e-01 0.000000000000000000e+00 -3.077881119679659605e-04
-3.123933565802872181e-04 0.000000000000000000e+00 9.999999403953552246e-01 -9.999999403953552246e-01 0.000000000000000000e+00 -3.123933565802872181e-04
-2.954820520244538784e-04 0.000000000000000000e+00 1.000000000000000000e+00 -1.000000000000000000e+00 0.000000000000000000e+00 -2.954820520244538784e-04
-2.654805430211126804e-04 0.000000000000000000e+00 1.000000000000000000e+00 -1.000000000000000000e+00 0.000000000000000000e+00 -2.654805430211126804e-04
-9.255188342649489641e-05 0.000000000000000000e+00 1.000000000000000000e+00 -1.000000000000000000e+00 0.000000000000000000e+00 -9.255188342649489641e-05
-4.464131052372977138e-05 0.000000000000000000e+00 1.000000000000000000e+00 -1.000000000000000000e+00 0.000000000000000000e+00 -4.464131052372977138e-05
-1.424187394150067121e-05 0.000000000000000000e+00 1.000000000000000000e+00 -1.000000000000000000e+00 0.000000000000000000e+00 -1.424187394150067121e-05
-1.587723381817340851e-04 0.000000000000000000e+00 1.000000000000000000e+00 -1.000000000000000000e+00 0.000000000000000000e+00 -1.587723381817340851e-04
-1.397163578076288104e-04 0.000000000000000000e+00 1.000000000000000000e+00 -1.000000000000000000e+00 0.000000000000000000e+00 -1.397163578076288104e-04
-9.486914495937526226e-05 0.000000000000000000e+00 1.000000000000000000e+00 -1.000000000000000000e+00 0.000000000000000000e+00 -9.486914495937526226e-05
-1.655631931498646736e-04 -0.000000000000000000e+00 1.000000000000000000e+00 -1.000000000000000000e+00 0.000000000000000000e+00 -1.655631931498646736e-04
-1.782876643119379878e-04 0.000000000000000000e+00 1.000000000000000000e+00 -1.000000000000000000e+00 0.000000000000000000e+00 -1.782876643119379878e-04
-2.165488258469849825e-04 0.000000000000000000e+00 1.000000000000000000e+00 -1.000000000000000000e+00 0.000000000000000000e+00 -2.165488258469849825e-04
-2.450406318530440331e-04 0.000000000000000000e+00 1.000000000000000000e+00 -1.000000000000000000e+00 0.000000000000000000e+00 -2.450406318530440331e-04
-2.745096571743488312e-04 0.000000000000000000e+00 1.000000000000000000e+00 -1.000000000000000000e+00 0.000000000000000000e+00 -2.745096571743488312e-04
-2.911722986027598381e-04 0.000000000000000000e+00 1.000000000000000000e+00 -1.000000000000000000e+00 0.000000000000000000e+00 -2.911722986027598381e-04
5.101382266730070114e-04 0.000000000000000000e+00 9.999998807907104492e-01 -9.999998807907104492e-01 0.000000000000000000e+00 5.101382266730070114e-04
5.167067283764481544e-04 0.000000000000000000e+00 9.999998807907104492e-01 -9.999998807907104492e-01 -0.000000000000000000e+00 5.167067283764481544e-04
5.226198118180036545e-04 0.000000000000000000e+00 9.999998807907104492e-01 -9.999998807907104492e-01 -0.000000000000000000e+00 5.226198118180036545e-04
5.395984626375138760e-04 0.000000000000000000e+00 9.999998807907104492e-01 -9.999998807907104492e-01 -0.000000000000000000e+00 5.395984626375138760e-04
5.591401131823658943e-04 0.000000000000000000e+00 9.999998807907104492e-01 -9.999998807907104492e-01 -0.000000000000000000e+00 5.591401131823658943e-04
5.822395323775708675e-04 0.000000000000000000e+00 9.999998211860656738e-01 -9.999998211860656738e-01 -0.000000000000000000e+00 5.822395323775708675e-04
5.980916903354227543e-04 0.000000000000000000e+00 9.999998211860656738e-01 -9.999998211860656738e-01 0.000000000000000000e+00 5.980916903354227543e-04
6.451011286117136478e-04 0.000000000000000000e+00 9.999998211860656738e-01 -9.999998211860656738e-01 -0.000000000000000000e+00 6.451011286117136478e-04
6.549056270159780979e-04 0.000000000000000000e+00 9.999998211860656738e-01 -9.999998211860656738e-01 0.000000000000000000e+00 6.549056270159780979e-04
6.847725016996264458e-04 -0.000000000000000000e+00 9.999997615814208984e-01 -9.999997615814208984e-01 0.000000000000000000e+00 6.847725016996264458e-04
6.839532870799303055e-04 -0.000000000000000000e+00 9.999997615814208984e-01 -9.999997615814208984e-01 0.000000000000000000e+00 6.839532870799303055e-04
7.401381735689938068e-04 0.000000000000000000e+00 9.999997615814208984e-01 -9.999997615814208984e-01 -0.000000000000000000e+00 7.401381735689938068e-04
6.527376244775950909e-04 0.000000000000000000e+00 9.999998211860656738e-01 -9.999998211860656738e-01 -0.000000000000000000e+00 6.527376244775950909e-04
8.205313351936638355e-04 0.000000000000000000e+00 9.999997019767761230e-01 -9.999997019767761230e-01 0.000000000000000000e+00 8.205313351936638355e-04
9.302266989834606647e-04 0.000000000000000000e+00 9.999995827674865723e-01 -9.999995827674865723e-01 -0.000000000000000000e+00 9.302266989834606647e-04
1.122278627008199692e-03 0.000000000000000000e+00 9.999994039535522461e-01 -9.999994039535522461e-01 -0.000000000000000000e+00 1.122278627008199692e-03
1.251427689567208290e-03 0.000000000000000000e+00 9.999992251396179199e-01 -9.999992251396179199e-01 -0.000000000000000000e+00 1.251427689567208290e-03
1.418446074239909649e-03 0.000000000000000000e+00 9.999989867210388184e-01 -9.999989867210388184e-01 -0.000000000000000000e+00 1.418446074239909649e-03
1.585932332091033459e-03 -0.000000000000000000e+00 9.999987483024597168e-01 -9.999987483024597168e-01 0.000000000000000000e+00 1.585932332091033459e-03
1.698284409940242767e-03 0.000000000000000000e+00 9.999985694885253906e-01 -9.999985694885253906e-01 0.000000000000000000e+00 1.698284409940242767e-03
1.804612111300230026e-03 0.000000000000000000e+00 9.999983906745910645e-01 -9.999983906745910645e-01 -0.000000000000000000e+00 1.804612111300230026e-03
1.647489028982818127e-03 0.000000000000000000e+00 9.999986290931701660e-01 -9.999986290931701660e-01 0.000000000000000000e+00 1.647489028982818127e-03
1.550532761029899120e-03 0.000000000000000000e+00 9.999988079071044922e-01 -9.999988079071044922e-01 0.000000000000000000e+00 1.550532761029899120e-03
1.413243939168751240e-03 -0.000000000000000000e+00 9.999989867210388184e-01 -9.999989867210388184e-01 0.000000000000000000e+00 1.413243939168751240e-03
1.286634360440075397e-03 0.000000000000000000e+00 9.999991655349731445e-01 -9.999991655349731445e-01 0.000000000000000000e+00 1.286634360440075397e-03
1.208137022331357002e-03 0.000000000000000000e+00 9.999992847442626953e-01 -9.999992847442626953e-01 0.000000000000000000e+00 1.208137022331357002e-03
1.004578080028295517e-03 -0.000000000000000000e+00 9.999995231628417969e-01 -9.999995231628417969e-01 0.000000000000000000e+00 1.004578080028295517e-03
9.935125708580017090e-04 0.000000000000000000e+00 9.999995231628417969e-01 -9.999995231628417969e-01 0.000000000000000000e+00 9.935125708580017090e-04
6.857117405161261559e-04 0.000000000000000000e+00 9.999997615814208984e-01 -9.999997615814208984e-01 0.000000000000000000e+00 6.857117405161261559e-04
-7.788886432535946369e-04 0.000000000000000000e+00 9.999997019767761230e-01 -9.999997019767761230e-01 0.000000000000000000e+00 -7.788886432535946369e-04
-7.751874509267508984e-04 0.000000000000000000e+00 9.999997019767761230e-01 -9.999997019767761230e-01 0.000000000000000000e+00 -7.751874509267508984e-04
-7.753279060125350952e-04 0.000000000000000000e+00 9.999997019767761230e-01 -9.999997019767761230e-01 0.000000000000000000e+00 -7.753279060125350952e-04
-7.212291820906102657e-04 0.000000000000000000e+00 9.999997615814208984e-01 -9.999997615814208984e-01 0.000000000000000000e+00 -7.212291820906102657e-04
-6.722974940203130245e-04 0.000000000000000000e+00 9.999997615814208984e-01 -9.999997615814208984e-01 0.000000000000000000e+00 -6.722974940203130245e-04
-6.529226666316390038e-04 0.000000000000000000e+00 9.999998211860656738e-01 -9.999998211860656738e-01 0.000000000000000000e+00 -6.529226666316390038e-04
-6.490050000138580799e-04 0.000000000000000000e+00 9.999998211860656738e-01 -9.999998211860656738e-01 0.000000000000000000e+00 -6.490050000138580799e-04
-6.057113059796392918e-04 0.000000000000000000e+00 9.999998211860656738e-01 -9.999998211860656738e-01 0.000000000000000000e+00 -6.057113059796392918e-04
-3.283976984675973654e-04 0.000000000000000000e+00 9.999999403953552246e-01 -9.999999403953552246e-01 0.000000000000000000e+00 -3.283976984675973654e-04
-4.185953584965318441e-04 0.000000000000000000e+00 9.999999403953552246e-01 -9.999999403953552246e-01 0.000000000000000000e+00 -4.185953584965318441e-04
-4.549576551653444767e-04 0.000000000000000000e+00 9.999999403953552246e-01 -9.999999403953552246e-01 0.000000000000000000e+00 -4.549576551653444767e-04
-5.165318725630640984e-04 0.000000000000000000e+00 9.999998807907104492e-01 -9.999998807907104492e-01 0.000000000000000000e+00 -5.165318725630640984e-04
-5.870298482477664948e-04 0.000000000000000000e+00 9.999998211860656738e-01 -9.999998211860656738e-01 0.000000000000000000e+00 -5.870298482477664948e-04
-6.387000903487205505e-04 0.000000000000000000e+00 9.999998211860656738e-01 -9.999998211860656738e-01 0.000000000000000000e+00 -6.387000903487205505e-04
-7.368649239651858807e-04 0.000000000000000000e+00 9.999997615814208984e-01 -9.999997615814208984e-01 0.000000000000000000e+00 -7.368649239651858807e-04
-7.617520168423652649e-04 0.000000000000000000e+00 9.999997019767761230e-01 -9.999997019767761230e-01 0.000000000000000000e+00 -7.617520168423652649e-04
-2.588190734386444092e-01 1.018760376609861851e-03 -9.659253358840942383e-01 2.636747376527637243e-04 9.999995231628417969e-01 9.840469574555754662e-04
-2.588190734386444092e-01 1.018295180983841419e-03 -9.659253358840942383e-01 2.635543351061642170e-04 9.999995231628417969e-01 9.835975943133234978e-04
2.588178813457489014e-01 1.127358642406761646e-03 -9.659255146980285645e-01 -2.917807432822883129e-04 9.999994039535522461e-01 1.088945195078849792e-03
2.588178813457489014e-01 1.126913819462060928e-03 -9.659255146980285645e-01 -2.916656085290014744e-04 9.999994039535522461e-01 1.088515506125986576e-03
7.071065902709960938e-01 8.251285180449485779e-04 -7.071065902709960938e-01 -5.834540934301912785e-04 9.999997019767761230e-01 5.834540934301912785e-04
7.071065902709960938e-01 8.447315776720643044e-04 -7.071065902709960938e-01 -5.973154911771416664e-04 9.999996423721313477e-01 5.973154911771416664e-04
9.659259915351867676e-01 4.870891571044921875e-04 -2.588180005550384521e-01 -4.704921448137611151e-04 9.999998807907104492e-01 1.260674616787582636e-04
9.659259915351867676e-01 4.895059391856193542e-04 -2.588180005550384521e-01 -4.728265630546957254e-04 9.999998807907104492e-01 1.266929612029343843e-04
9.659258127212524414e-01 2.546549367252737284e-04 2.588191926479339600e-01 -2.459777751937508583e-04 1.000000000000000000e+00 -6.590958219021558762e-05
9.659258127212524414e-01 2.815170446410775185e-04 2.588191926479339600e-01 -2.719245676416903734e-04 1.000000000000000000e+00 -7.286201434908434749e-05
7.071067690849304199e-01 3.836813557427376509e-04 7.071067690849304199e-01 -2.713036956265568733e-04 9.999999403953552246e-01 -2.713036956265568733e-04
7.071067690849304199e-01 3.769899776671081781e-04 7.071067690849304199e-01 -2.665721985977143049e-04 9.999999403953552246e-01 -2.665721985977143049e-04
2.588180303573608398e-01 4.861752313445322216e-05 9.659261107444763184e-01 -1.258309202967211604e-05 1.000000000000000000e+00 -4.696093674283474684e-05
2.588180303573608398e-01 4.216020170133560896e-05 9.659261107444763184e-01 -1.091182002710411325e-05 1.000000000000000000e+00 -4.072364026797004044e-05
-2.588191926479339600e-01 1.760289160301908851e-04 9.659258127212524414e-01 4.555966370389796793e-05 1.000000000000000000e+00 -1.700308785075321794e-04
-2.588191926479339600e-01 1.811813126550987363e-04 9.659258127212524414e-01 4.689320121542550623e-05 1.000000000000000000e+00 -1.750077062752097845e-04
-7.071067690849304199e-01 3.081245813518762589e-04 7.071067690849304199e-01 2.178769937017932534e-04 9.999999403953552246e-01 -2.178769937017932534e-04
-7.071067690849304199e-01 3.121124755125492811e-04 7.071067690849304199e-01 2.206968638347461820e-04 9.999999403953552246e-01 -2.206968638347461820e-04
-9.659257531166076660e-01 3.732068580575287342e-04 2.588191628456115723e-01 3.604901430662721395e-04 9.999999403953552246e-01 -9.659309580456465483e-05
-9.659257531166076660e-01 3.766242589335888624e-04 2.588191628456115723e-01 3.637910995166748762e-04 9.999999403953552246e-01 -9.747758304001763463e-05
-9.659261107444763184e-01 1.075701948138885200e-04 -2.588180303573608398e-01 1.039048584061674774e-04 1.000000000000000000e+00 2.784110620268620551e-05
-9.659261107444763184e-01 1.251398498425260186e-04 -2.588180303573608398e-01 1.208758476423099637e-04 1.000000000000000000e+00 3.238844874431379139e-05
-7.071065902709960938e-01 8.424085099250078201e-04 -7.071065902709960938e-01 5.956728127785027027e-04 9.999996423721313477e-01 5.956728127785027027e-04
-7.071065306663513184e-01 8.512970525771379471e-04 -7.071065306663513184e-01 6.019580177962779999e-04 9.999996423721313477e-01 6.019580177962779999e-04
-2.588205635547637939e-01 6.242757663130760193e-04 -9.659252166748046875e-01 1.615754445083439350e-04 9.999998211860656738e-01 6.030038348399102688e-04
-2.588205635547637939e-01 6.238441565074026585e-04 -9.659252166748046875e-01 1.614637294551357627e-04 9.999998211860656738e-01 6.025868933647871017e-04
2.588197588920593262e-01 1.372481929138302803e-03 -9.659246802330017090e-01 -3.552257549017667770e-04 9.999990463256835938e-01 1.325715449638664722e-03
2.588197588920593262e-01 1.371045247651636600e-03 -9.659246802330017090e-01 -3.548539243638515472e-04 9.999990463256835938e-01 1.324327662587165833e-03
7.071064710617065430e-01 9.543480700813233852e-04 -7.071064710617065430e-01 -6.748260930180549622e-04 9.999995827674865723e-01 6.748260930180549622e-04
-7.071067094802856445e-01 5.748964031226933002e-04 -7.071067094802856445e-01 4.065131652168929577e-04 9.999998211860656738e-01 4.065131652168929577e-04
-7.071067094802856445e-01 5.616131238639354706e-04 -7.071067094802856445e-01 3.971205151174217463e-04 9.999998807907104492e-01 3.971205151174217463e-04
-9.659255146980285645e-01 -4.432799469213932753e-04 -2.588199973106384277e-01 -4.281754372641444206e-04 9.999999403953552246e-01 -1.147297152783721685e-04
-9.659255146980285645e-01 -4.559253866318613291e-04 -2.588199973106384277e-01 -4.403899947647005320e-04 9.999999403953552246e-01 -1.180026083602569997e-04
-9.659249186515808105e-01 -1.943146635312587023e-04 2.588225901126861572e-01 -1.876933820312842727e-04 1.000000000000000000e+00 5.029302337788976729e-05
-9.659249186515808105e-01 -1.913888263516128063e-04 2.588225901126861572e-01 -1.848672400228679180e-04 1.000000000000000000e+00 4.953575262334197760e-05
-7.071068286895751953e-01 1.961370981007348746e-05 7.071068286895751953e-01 1.386898838973138481e-05 1.000000000000000000e+00 -1.386898838973138481e-05
-7.071068286895751953e-01 2.747726057350519113e-06 7.071068286895751953e-01 1.942935796250822023e-06 1.000000000000000000e+00 -1.942935796250822023e-06
-2.588206231594085693e-01 -1.890306011773645878e-04 9.659253954887390137e-01 -4.892501965514384210e-05 1.000000000000000000e+00 1.825894578360021114e-04
-2.588206231594085693e-01 -1.949203142430633307e-04 9.659253954887390137e-01 -5.044939825893379748e-05 1.000000000000000000e+00 1.882784854387864470e-04
2.588199973106384277e-01 -4.127001739107072353e-05 9.659255743026733398e-01 1.068150595529004931e-05 1.000000000000000000e+00 3.986376395914703608e-05
2.588199973106384277e-01 -5.798824713565409184e-05 9.659255743026733398e-01 1.500851794844493270e-05 1.000000000000000000e+00 5.601232987828552723e-05
7.071067690849304199e-01 -2.924237924162298441e-04 7.071067690849304199e-01 2.067748719127848744e-04 1.000000000000000000e+00 2.067748719127848744e-04
7.071067690849304199e-01 -2.563804155215620995e-04 7.071067690849304199e-01 1.812883565435186028e-04 1.000000000000000000e+00 1.812883565435186028e-04
9.659261703491210938e-01 -1.427994575351476669e-04 2.588177621364593506e-01 1.379337336402386427e-04 1.000000000000000000e+00 3.695903433253988624e-05
9.659261703491210938e-01 -1.401545014232397079e-04 2.588177621364593506e-01 1.353788975393399596e-04 1.000000000000000000e+00 3.627447586040943861e-05
9.659268856048583984e-01 1.561478566145524383e-04 -2.588152289390563965e-01 -1.508274144725874066e-04 1.000000000000000000e+00 4.041344436700455844e-05
9.659268856048583984e-01 1.669880875851958990e-04 -2.588152289390563965e-01 -1.612982887309044600e-04 1.000000000000000000e+00 4.321906089899130166e-05
7.071065306663513184e-01 8.809710270725190639e-04 -7.071065306663513184e-01 -6.229407154023647308e-04 9.999996423721313477e-01 6.229407154023647308e-04
-1.490412950515747070e-01 2.901833795476704836e-04 -9.888309836387634277e-01 4.324930705479346216e-05 1.000000000000000000e+00 2.869423187803477049e-04
-1.490412950515747070e-01 2.896801161114126444e-04 -9.888309836387634277e-01 4.317429920774884522e-05 1.000000000000000000e+00 2.864446723833680153e-04
1.490412354469299316e-01 9.244196699000895023e-04 -9.888305664062500000e-01 -1.377767039230093360e-04 9.999995827674865723e-01 9.140947950072586536e-04
1.490412354469299316e-01 9.237379417754709721e-04 -9.888305664062500000e-01 -1.376751024508848786e-04 9.999995827674865723e-01 9.134206920862197876e-04
4.338836967945098877e-01 8.618916035629808903e-04 -9.009685516357421875e-01 -3.739608509931713343e-04 9.999996423721313477e-01 7.765374612063169479e-04
-4.338843524456024170e-01 2.596522681415081024e-04 -9.009685516357421875e-01 1.126590505009517074e-04 1.000000000000000000e+00 2.339385100640356541e-04
-4.338843524456024170e-01 2.532768703531473875e-04 -9.009685516357421875e-01 1.098928623832762241e-04 1.000000000000000000e+00 2.281944762216880918e-04
-6.801737546920776367e-01 4.177556547801941633e-04 -7.330508232116699219e-01 2.841464593075215816e-04 9.999999403953552246e-01 3.062361502088606358e-04
-6.801737546920776367e-01 4.111169255338609219e-04 -7.330508232116699219e-01 2.796309709083288908e-04 9.999999403953552246e-01 3.013696114066988230e-04
-8.660252690315246582e-01 -2.374590403633192182e-04 -5.000002384185791016e-01 -2.056455268757417798e-04 1.000000000000000000e+00 -1.187295783893205225e-04
-8.660252690315246582e-01 -2.432478067930787802e-04 -5.000002384185791016e-01 -2.106587489834055305e-04 1.000000000000000000e+00 -1.216239616042003036e-04
-9.749273657798767090e-01 -4.607120063155889511e-04 -2.225228101015090942e-01 -4.491607833188027143e-04 9.999998807907104492e-01 -1.025189412757754326e-04
-9.749274253845214844e-01 -4.454772279132157564e-04 -2.225228250026702881e-01 -4.343079926911741495e-04 9.999999403953552246e-01 -9.912886162055656314e-05
-9.972037672996520996e-01 -1.448241382604464889e-04 7.473096996545791626e-02 -1.444191730115562677e-04 1.000000000000000000e+00 1.082284870790317655e-05
-9.972037672996520996e-01 -1.514672476332634687e-04 7.473096996545791626e-02 -1.510437141405418515e-04 1.000000000000000000e+00 1.131929457187652588e-05
-9.308732748031616211e-01 -1.174247790913796052e-05 3.653421998023986816e-01 -1.093075843527913094e-05 1.000000000000000000e+00 4.290022843633778393e-06
-9.308732748031616211e-01 -1.219305704580619931e-05 3.653421998023986816e-01 -1.135019101639045402e-05 1.000000000000000000e+00 4.454638201423222199e-06
-7.818327546119689941e-01 1.036846879287622869e-04 6.234881877899169922e-01 8.106408495223149657e-05 1.000000000000000000e+00 -6.464617763413116336e-05
-7.818327546119689941e-01 1.030058920150622725e-04 6.234881877899169922e-01 8.053338387981057167e-05 1.000000000000000000e+00 -6.422295700758695602e-05
-5.633189678192138672e-01 1.078598579624667764e-04 8.262395858764648438e-01 6.075950295780785382e-05 1.000000000000000000e+00 -8.911808254197239876e-05
-5.633189678192138672e-01 1.079212961485609412e-04 8.262395858764648438e-01 6.079411468817852437e-05 1.000000000000000000e+00 -8.916884689824655652e-05
-2.947553694248199463e-01 -1.460354396840557456e-04 9.555727243423461914e-01 -4.304472895455546677e-05 1.000000000000000000e+00 1.395474828314036131e-04
-2.947553694248199463e-01 -1.197292440338060260e-04 9.555727243423461914e-01 -3.529083915054798126e-05 1.000000000000000000e+00 1.144100024248473346e-04
0.000000000000000000e+00 -2.999227144755423069e-04 9.999999403953552246e-01 0.000000000000000000e+00 9.999999403953552246e-01 2.999227144755423069e-04
-0.000000000000000000e+00 -2.893195196520537138e-04 1.000000000000000000e+00 0.000000000000000000e+00 1.000000000000000000e+00 2.893195196520537138e-04
2.947557270526885986e-01 -3.444568719714879990e-04 9.555726051330566406e-01 1.015306479530408978e-04 9.999999403953552246e-01 3.291535831522196531e-04
2.947557270526885986e-01 -3.523683408275246620e-04 9.555726051330566406e-01 1.038625996443443000e-04 9.999999403953552246e-01 3.367135650478303432e-04
5.633195042610168457e-01 -4.750340012833476067e-04 8.262389898300170898e-01 2.675959549378603697e-04 9.999998807907104492e-01 3.924916672986000776e-04
5.633195042610168457e-01 -4.619993851520121098e-04 8.262389898300170898e-01 2.602532913442701101e-04 9.999998807907104492e-01 3.817219694610685110e-04
7.818319797515869141e-01 -6.044700276106595993e-04 6.234889030456542969e-01 4.725940816570073366e-04 9.999998211860656738e-01 3.768804308492690325e-04
7.818319797515869141e-01 -5.868243169970810413e-04 6.234889030456542969e-01 4.587980802170932293e-04 9.999998211860656738e-01 3.658785135485231876e-04
9.308730363845825195e-01 -7.893390720710158348e-04 3.653421103954315186e-01 7.347745704464614391e-04 9.999997019767761230e-01 2.883788547478616238e-04
9.308729767799377441e-01 -8.023940608836710453e-04 3.653420805931091309e-01 7.469271658919751644e-04 9.999997019767761230e-01 2.931484195869415998e-04
9.972035288810729980e-01 -6.716676871292293072e-04 7.473095506429672241e-02 6.697895587421953678e-04 9.999997615814208984e-01 5.019437594455666840e-05
9.972035288810729980e-01 -6.748305168002843857e-04 7.473095506429672241e-02 6.729435408487915993e-04 9.999997615814208984e-01 5.043073906563222408e-05
9.749273061752319336e-01 -5.950254271738231182e-04 -2.225227952003479004e-01 5.801066290587186813e-04 9.999998211860656738e-01 -1.324067416135221720e-04
9.749273061752319336e-01 -6.168931140564382076e-04 -2.225227952003479004e-01 6.014260579831898212e-04 9.999998211860656738e-01 -1.372728147543966770e-04
8.660258650779724121e-01 -6.049276271369308233e-05 -4.999992549419403076e-01 5.238829544396139681e-05 1.000000000000000000e+00 -3.024633588211145252e-05
8.660258650779724121e-01 -5.305236118147149682e-05 -4.999992549419403076e-01 4.594471829477697611e-05 1.000000000000000000e+00 -2.652614057296887040e-05
6.801735162734985352e-01 9.182578651234507561e-04 -7.330505847930908203e-01 -6.245749536901712418e-04 9.999995827674865723e-01 6.731297471560537815e-04
6.801735758781433105e-01 9.552551200613379478e-04 -7.330505847930908203e-01 -6.497395224869251251e-04 9.999995827674865723e-01 7.002506172284483910e-04
4.338836967945098877e-01 8.749876869842410088e-04 -9.009685516357421875e-01 -3.796430246438831091e-04 9.999996423721313477e-01 7.883366779424250126e-04
-1.837469488382339478e-01 1.377988257445394993e-03 -9.829726219177246094e-01 2.532013750169426203e-04 9.999990463256835938e-01 1.354526029899716377e-03
-1.837469488382339478e-01 1.377694308757781982e-03 -9.829726219177246094e-01 2.531473583076149225e-04 9.999990463256835938e-01 1.354237087070941925e-03
1.837470084428787231e-01 1.151078264228999615e-03 -9.829729199409484863e-01 -2.115073293680325150e-04 9.999993443489074707e-01 1.131479511968791485e-03
1.837470084428787231e-01 1.151347416453063488e-03 -9.829729199409484863e-01 -2.115567767759785056e-04 9.999993443489074707e-01 1.131744123995304108e-03
5.264322161674499512e-01 1.049522426910698414e-03 -8.502164483070373535e-01 -5.525027518160641193e-04 9.999994635581970215e-01 8.923217537812888622e-04
5.264322757720947266e-01 1.064207404851913452e-03 -8.502164483070373535e-01 -5.602333694696426392e-04 9.999994635581970215e-01 9.048071224242448807e-04
7.980175614356994629e-01 1.169089693576097488e-03 -6.026331782341003418e-01 -9.329547174274921417e-04 9.999993443489074707e-01 7.045327220112085342e-04
7.980175018310546875e-01 1.210062997415661812e-03 -6.026331782341003418e-01 -9.656521724537014961e-04 9.999992847442626953e-01 7.292245863936841488e-04
9.618254899978637695e-01 1.272354042157530785e-03 -2.736606299877166748e-01 -1.223783707246184349e-03 9.999992251396179199e-01 3.481935418676584959e-04
9.618254303932189941e-01 1.337126246653497219e-03 -2.736606299877166748e-01 -1.286083133891224861e-03 9.999991059303283691e-01 3.659191424958407879e-04
9.957333803176879883e-01 1.360524096526205540e-03 9.226752817630767822e-02 -1.354720443487167358e-03 9.999991059303283691e-01 -1.255323149962350726e-04
9.957333207130432129e-01 1.408420037478208542e-03 9.226752072572708130e-02 -1.402412075549364090e-03 9.999990463256835938e-01 -1.299515570281073451e-04
8.951625227928161621e-01 1.551373279653489590e-03 4.457372426986694336e-01 -1.388732925988733768e-03 9.999988079071044922e-01 -6.915056728757917881e-04
8.951624035835266113e-01 1.625241711735725403e-03 4.457371830940246582e-01 -1.454857178032398224e-03 9.999986886978149414e-01 -7.244316511787474155e-04
6.736918091773986816e-01 1.650918857194483280e-03 7.390105724334716797e-01 -1.112211961299180984e-03 9.999986290931701660e-01 -1.220048172399401665e-03
6.736918091773986816e-01 1.667124917730689049e-03 7.390105724334716797e-01 -1.123129855841398239e-03 9.999986290931701660e-01 -1.232024631462991238e-03
3.612417280673980713e-01 1.565247657708823681e-03 9.324709177017211914e-01 -5.654334090650081635e-04 9.999988079071044922e-01 -1.459549646824598312e-03
3.612417280673980713e-01 1.554887159727513790e-03 9.324709177017211914e-01 -5.616907728835940361e-04 9.999988079071044922e-01 -1.449888804927468300e-03
0.000000000000000000e+00 1.666355412453413010e-03 9.999986290931701660e-01 0.000000000000000000e+00 9.999986290931701660e-01 -1.666355412453413010e-03
0.000000000000000000e+00 1.558389398269355297e-03 9.999988079071044922e-01 -0.000000000000000000e+00 9.999988079071044922e-01 -1.558389398269355297e-03
-3.612405359745025635e-01 1.774786855094134808e-03 9.324710369110107422e-01 6.411259528249502182e-04 9.999984502792358398e-01 -1.654939842410385609e-03
-3.612405657768249512e-01 1.725700218230485916e-03 9.324710965156555176e-01 6.233938620425760746e-04 9.999985098838806152e-01 -1.609167899005115032e-03
-6.736918091773986816e-01 1.661325921304523945e-03 7.390105724334716797e-01 1.119223190471529961e-03 9.999986290931701660e-01 -1.227739150635898113e-03
-6.736919879913330078e-01 1.525541185401380062e-03 7.390107512474060059e-01 1.027746009640395641e-03 9.999988675117492676e-01 -1.127392635680735111e-03
-8.951638936996459961e-01 1.438869163393974304e-03 4.457348883152008057e-01 1.288025057874619961e-03 9.999989867210388184e-01 -6.413548253476619720e-04
-8.951640129089355469e-01 1.338723697699606419e-03 4.457349479198455811e-01 1.198378275148570538e-03 9.999991059303283691e-01 -5.967164761386811733e-04
-9.957329630851745605e-01 1.421693013980984688e-03 9.227053821086883545e-02 1.415628008544445038e-03 9.999989867210388184e-01 -1.311805244768038392e-04
-9.957330226898193359e-01 1.384782139211893082e-03 9.227054566144943237e-02 1.378874643705785275e-03 9.999990463256835938e-01 -1.277747214771807194e-04
-9.618249535560607910e-01 1.034926972351968288e-03 -2.736635804176330566e-01 9.954191045835614204e-04 9.999994635581970215e-01 2.832219761330634356e-04
-9.618250131607055664e-01 9.957398287951946259e-04 -2.736636102199554443e-01 9.577279561199247837e-04 9.999995231628417969e-01 2.724978839978575706e-04
-7.980177402496337891e-01 9.312690817750990391e-04 -6.026333570480346680e-01 7.431695703417062759e-04 9.999995827674865723e-01 5.612140521407127380e-04
-7.980177402496337891e-01 9.206365793943405151e-04 -6.026333570480346680e-01 7.346846396103501320e-04 9.999995827674865723e-01 5.548065528273582458e-04
-5.264320969581604004e-01 1.303114811889827251e-03 -8.502162098884582520e-01 6.860020221211016178e-04 9.999991655349731445e-01 1.107930322177708149e-03
-5.264320969581604004e-01 1.303347409702837467e-03 -8.502162098884582520e-01 6.861244328320026398e-04 9.999991655349731445e-01 1.108127995394170284e-03
-5.233575403690338135e-02 2.839630702510476112e-03 9.986255168914794922e-01 1.486148103140294552e-04 9.999960064888000488e-01 -2.835738938301801682e-03
-5.233575403690338135e-02 2.833091188222169876e-03 9.986255168914794922e-01 1.482725492678582668e-04 9.999960064888000488e-01 -2.829208504408597946e-03
5.233580619096755981e-02 2.453795867040753365e-03 9.986265301704406738e-01 -1.284217723878100514e-04 9.999970197677612305e-01 -2.450432861223816872e-03
5.233580619096755981e-02 2.449044259265065193e-03 9.986265301704406738e-01 -1.281730947084724903e-04 9.999970197677612305e-01 -2.445687772706151009e-03
1.564340889453887939e-01 2.393269212916493416e-03 9.876855611801147461e-01 -3.743899578694254160e-04 9.999971389770507812e-01 -2.363804262131452560e-03
1.564340889453887939e-01 2.394316717982292175e-03 9.876855611801147461e-01 -3.745538124348968267e-04 9.999971389770507812e-01 -2.364838728681206703e-03
2.588183283805847168e-01 2.387505257502198219e-03 9.659231305122375488e-01 -6.179318879730999470e-04 9.999971389770507812e-01 -2.306153066456317902e-03
2.588183581829071045e-01 2.364455722272396088e-03 9.659231901168823242e-01 -6.119662430137395859e-04 9.999971985816955566e-01 -2.283888868987560272e-03
3.583670556545257568e-01 2.331660361960530281e-03 9.335778951644897461e-01 -8.355924510397017002e-04 9.999973177909851074e-01 -2.176792360842227936e-03
3.583670556545257568e-01 2.331917872652411461e-03 9.335778951644897461e-01 -8.356847683899104595e-04 9.999973177909851074e-01 -2.177032874897122383e-03
4.539893567562103271e-01 2.267344621941447258e-03 8.910042643547058105e-01 -1.029353006742894650e-03 9.999974370002746582e-01 -2.020218875259160995e-03
4.539893567562103271e-01 2.264357404783368111e-03 8.910042643547058105e-01 -1.027996768243610859e-03 9.999974370002746582e-01 -2.017557155340909958e-03
5.446375608444213867e-01 2.204407006502151489e-03 8.386686444282531738e-01 -1.200605765916407108e-03 9.999975562095642090e-01 -1.848771469667553902e-03
5.446375608444213867e-01 2.211197745054960251e-03 8.386686444282531738e-01 -1.204304280690848827e-03 9.999975562095642090e-01 -1.854466740041971207e-03
6.293190717697143555e-01 2.142666373401880264e-03 7.771441340446472168e-01 -1.348423887975513935e-03 9.999977350234985352e-01 -1.665164250880479813e-03
6.293191313743591309e-01 2.131802728399634361e-03 7.771441340446472168e-01 -1.341587048955261707e-03 9.999977350234985352e-01 -1.656721462495625019e-03
7.071052193641662598e-01 2.068215515464544296e-03 7.071053385734558105e-01 -1.462449086830019951e-03 9.999978542327880859e-01 -1.462449319660663605e-03
7.071052193641662598e-01 2.070816699415445328e-03 7.071053385734558105e-01 -1.464288332499563694e-03 9.999978542327880859e-01 -1.464288681745529175e-03
7.771443724632263184e-01 2.058288315311074257e-03 6.293190717697143555e-01 -1.599590410478413105e-03 9.999979138374328613e-01 -1.295322785153985023e-03
7.771443724632263184e-01 2.054786076769232750e-03 6.293190717697143555e-01 -1.596868736669421196e-03 9.999979138374328613e-01 -1.293118810281157494e-03
8.386688232421875000e-01 1.983234658837318420e-03 5.446380972862243652e-01 -1.663280418142676353e-03 9.999980330467224121e-01 -1.080147223547101021e-03
8.386688232421875000e-01 1.991830766201019287e-03 5.446380972862243652e-01 -1.670489669777452946e-03 9.999980330467224121e-01 -1.084829098545014858e-03
8.910048604011535645e-01 1.982956659048795700e-03 4.539895951747894287e-01 -1.766827423125505447e-03 9.999980330467224121e-01 -9.002434671856462955e-04
8.910048604011535645e-01 1.982032088562846184e-03 4.539895951747894287e-01 -1.766003668308258057e-03 9.999980330467224121e-01 -8.998237317427992821e-04
9.335786104202270508e-01 1.958090346306562424e-03 3.583673238754272461e-01 -1.828034757636487484e-03 9.999980926513671875e-01 -7.017169264145195484e-04
9.335786104202270508e-01 1.965574454516172409e-03 3.583673238754272461e-01 -1.835021772421896458e-03 9.999980926513671875e-01 -7.043990190140902996e-04
9.659239053726196289e-01 2.025349065661430359e-03 2.588184773921966553e-01 -1.956337131559848785e-03 9.999979734420776367e-01 -5.241988692432641983e-04
9.659238457679748535e-01 2.048981143161654472e-03 2.588184773921966553e-01 -1.979163847863674164e-03 9.999979138374328613e-01 -5.303152720443904400e-04
9.876862168312072754e-01 2.076290780678391457e-03 1.564341038465499878e-01 -2.050728304311633110e-03 9.999978542327880859e-01 -3.248034045100212097e-04
9.876861572265625000e-01 2.107637934386730194e-03 1.564341038465499878e-01 -2.081689424812793732e-03 9.999977946281433105e-01 -3.297071671113371849e-04
9.986274242401123047e-01 2.057606587186455727e-03 5.233585461974143982e-02 -2.054786775261163712e-03 9.999979138374328613e-01 -1.076868138625286520e-04
9.986274242401123047e-01 2.053539501503109932e-03 5.233585461974143982e-02 -2.050725044682621956e-03 9.999979138374328613e-01 -1.074739702744409442e-04
9.986273050308227539e-01 2.123551908880472183e-03 -5.233584716916084290e-02 -2.120641293004155159e-03 9.999977350234985352e-01 1.111381207010708749e-04
9.986273050308227539e-01 2.129523549228906631e-03 -5.233584716916084290e-02 -2.126604784280061722e-03 9.999977350234985352e-01 1.114506521844305098e-04
9.876860380172729492e-01 2.160841366276144981e-03 -1.564340889453887939e-01 -2.134237904101610184e-03 9.999976754188537598e-01 3.380300186108797789e-04
9.876860380172729492e-01 2.159992931410670280e-03 -1.564340889453887939e-01 -2.133399946615099907e-03 9.999976754188537598e-01 3.378973051439970732e-04
9.659237265586853027e-01 2.092888811603188515e-03 -2.588184475898742676e-01 -2.021575579419732094e-03 9.999978542327880859e-01 5.416795029304921627e-04
9.659237265586853027e-01 2.086548600345849991e-03 -2.588184475898742676e-01 -2.015451434999704361e-03 9.999978542327880859e-01 5.400385125540196896e-04
9.335784912109375000e-01 2.018315717577934265e-03 -3.583674430847167969e-01 -1.884259632788598537e-03 9.999979734420776367e-01 7.232999196276068687e-04
9.335784912109375000e-01 2.009248593822121620e-03 -3.583674430847167969e-01 -1.875794725492596626e-03 9.999979734420776367e-01 7.200505933724343777e-04
8.910048007965087891e-01 1.930341590195894241e-03 -4.539898037910461426e-01 -1.719946856610476971e-03 9.999981522560119629e-01 8.763570222072303295e-04
8.910048007965087891e-01 1.932378043420612812e-03 -4.539898037910461426e-01 -1.721761305816471577e-03 9.999981522560119629e-01 8.772815344855189323e-04
8.386694192886352539e-01 1.867717131972312927e-03 -5.446376204490661621e-01 -1.566399936564266682e-03 9.999982714653015137e-01 1.017230795696377754e-03
8.386694192886352539e-01 1.858456875197589397e-03 -5.446376204490661621e-01 -1.558633637614548206e-03 9.999982714653015137e-01 1.012187334708869457e-03
7.771447896957397461e-01 1.770482980646193027e-03 -6.293194293975830078e-01 -1.375923748128116131e-03 9.999984502792358398e-01 1.114201033487915993e-03
7.771447896957397461e-01 1.753141521476209164e-03 -6.293194293975830078e-01 -1.362446928396821022e-03 9.999984502792358398e-01 1.103287679143249989e-03
7.071053385734558105e-01 1.665659132413566113e-03 -7.071062922477722168e-01 -1.177798025310039520e-03 9.999986290931701660e-01 1.177799655124545097e-03
7.071053385734558105e-01 1.655471511185169220e-03 -7.071062922477722168e-01 -1.170594361610710621e-03 9.999986290931701660e-01 1.170595875009894371e-03
6.293202042579650879e-01 1.625086646527051926e-03 -7.771444320678710938e-01 -1.022701268084347248e-03 9.999986886978149414e-01 1.262928708456456661e-03
6.293202042579650879e-01 1.616651425138115883e-03 -7.771444320678710938e-01 -1.017392729409039021e-03 9.999986886978149414e-01 1.256373245269060135e-03
5.446376800537109375e-01 1.589072518981993198e-03 -8.386700153350830078e-01 -8.654698031023144722e-04 9.999987483024597168e-01 1.332709216512739658e-03
5.446376800537109375e-01 1.566572813317179680e-03 -8.386700153350830078e-01 -8.532156934961676598e-04 9.999988079071044922e-01 1.313839456997811794e-03
4.539906382560729980e-01 1.584426267072558403e-03 -8.910050392150878906e-01 -7.193156052380800247e-04 9.999987483024597168e-01 1.411733566783368587e-03
4.539906382560729980e-01 1.576143316924571991e-03 -8.910050392150878906e-01 -7.155552157200872898e-04 9.999987483024597168e-01 1.404353417456150055e-03
3.583676517009735107e-01 1.604845863766968250e-03 -9.335792064666748047e-01 -5.751255666837096214e-04 9.999987483024597168e-01 1.498252619057893753e-03
3.583676517009735107e-01 1.601393334567546844e-03 -9.335792064666748047e-01 -5.738883046433329582e-04 9.999987483024597168e-01 1.495029428042471409e-03
2.588180601596832275e-01 1.594606786966323853e-03 -9.659248590469360352e-01 -4.127135616727173328e-04 9.999987483024597168e-01 1.540272263810038567e-03
2.588180601596832275e-01 1.591996871866285801e-03 -9.659248590469360352e-01 -4.120380617678165436e-04 9.999987483024597168e-01 1.537751290015876293e-03
1.564336866140365601e-01 1.597393653355538845e-03 -9.876871705055236816e-01 -2.498864778317511082e-04 9.999987483024597168e-01 1.577727263793349266e-03
1.564336866140365601e-01 1.597580849193036556e-03 -9.876871705055236816e-01 -2.499157853890210390e-04 9.999987483024597168e-01 1.577912131324410439e-03
5.233707651495933533e-02 1.589204184710979462e-03 -9.986281991004943848e-01 -8.317441097460687160e-05 9.999987483024597168e-01 1.587026054039597511e-03
5.233707651495933533e-02 1.587131293490529060e-03 -9.986281991004943848e-01 -8.306591917062178254e-05 9.999987483024597168e-01 1.584956073202192783e-03
-5.233707651495933533e-02 1.578217721544206142e-03 -9.986281991004943848e-01 8.259940659627318382e-05 9.999987483024597168e-01 1.576054724864661694e-03
-5.233707651495933533e-02 1.574101042933762074e-03 -9.986281991004943848e-01 8.238395093940198421e-05 9.999987483024597168e-01 1.571943634189665318e-03
-1.564336270093917847e-01 1.604687771759927273e-03 -9.876871705055236816e-01 2.510274935048073530e-04 9.999987483024597168e-01 1.584931742399930954e-03
-1.564336270093917847e-01 1.609728904440999031e-03 -9.876871705055236816e-01 2.518160908948630095e-04 9.999987483024597168e-01 1.589910825714468956e-03
-2.588180005550384521e-01 1.768439193256199360e-03 -9.659245610237121582e-01 4.577045910991728306e-04 9.999984502792358398e-01 1.708181458525359631e-03
-2.588179707527160645e-01 1.798525569029152393e-03 -9.659245014190673828e-01 4.654914955608546734e-04 9.999983906745910645e-01 1.737242680974304676e-03
-3.583673238754272461e-01 1.932866638526320457e-03 -9.335787296295166016e-01 6.926775095053017139e-04 9.999981522560119629e-01 1.804486499167978764e-03
-3.583672940731048584e-01 1.941968919709324837e-03 -9.335786700248718262e-01 6.959395250305533409e-04 9.999981522560119629e-01 1.812984352000057697e-03
-4.539904892444610596e-01 1.982801593840122223e-03 -8.910043239593505859e-01 9.001748403534293175e-04 9.999980330467224121e-01 1.766688190400600433e-03
-4.539904892444610596e-01 2.003265079110860825e-03 -8.910043239593505859e-01 9.094650158658623695e-04 9.999980330467224121e-01 1.784921274520456791e-03
-5.446372032165527344e-01 2.056561876088380814e-03 -8.386693596839904785e-01 1.120082451961934566e-03 9.999979138374328613e-01 1.724779023788869381e-03
-5.446371436119079590e-01 2.075391123071312904e-03 -8.386693000793457031e-01 1.130337594076991081e-03 9.999978542327880859e-01 1.740570529364049435e-03
-6.293199658393859863e-01 2.135142683982849121e-03 -7.771434783935546875e-01 1.343690673820674419e-03 9.999977350234985352e-01 1.659315777942538261e-03
-6.293199062347412109e-01 2.138128271326422691e-03 -7.771434187889099121e-01 1.345569733530282974e-03 9.999977350234985352e-01 1.661636168137192726e-03
-7.071042060852050781e-01 2.221388509497046471e-03 -7.071059346199035645e-01 1.570757012814283371e-03 9.999975562095642090e-01 1.570760854519903660e-03
-7.071042060852050781e-01 2.226840937510132790e-03 -7.071059346199035645e-01 1.574612339027225971e-03 9.999975562095642090e-01 1.574616297148168087e-03
-7.771442532539367676e-01 2.352527109906077385e-03 -6.293181180953979492e-01 1.828257925808429718e-03 9.999972581863403320e-01 1.480491948314011097e-03
-7.771442532539367676e-01 2.352691022679209709e-03 -6.293181180953979492e-01 1.828385400585830212e-03 9.999972581863403320e-01 1.480595208704471588e-03
-8.386680483818054199e-01 2.445839112624526024e-03 -5.446375608444213867e-01 2.051253337413072586e-03 9.999970197677612305e-01 1.332099782302975655e-03
-8.386680483818054199e-01 2.446738770231604576e-03 -5.446375608444213867e-01 2.052007708698511124e-03 9.999970197677612305e-01 1.332589774392545223e-03
-8.910038471221923828e-01 2.583935391157865524e-03 -4.539885222911834717e-01 2.302303677424788475e-03 9.999966621398925781e-01 1.173080760054290295e-03
-8.910037875175476074e-01 2.592649776488542557e-03 -4.539884924888610840e-01 2.310068579390645027e-03 9.999966621398925781e-01 1.177037134766578674e-03
-9.335769414901733398e-01 2.702257130295038223e-03 -3.583669364452362061e-01 2.522774040699005127e-03 9.999963641166687012e-01 9.684031247161328793e-04
-9.335769414901733398e-01 2.707146108150482178e-03 -3.583669364452362061e-01 2.527338452637195587e-03 9.999963641166687012e-01 9.701552335172891617e-04
-9.659218192100524902e-01 2.805939409881830215e-03 -2.588189542293548584e-01 2.710328903049230576e-03 9.999960660934448242e-01 7.262331200763583183e-04
-9.659218192100524902e-01 2.807440469041466713e-03 -2.588189542293548584e-01 2.711778739467263222e-03 9.999960660934448242e-01 7.266216562129557133e-04
-9.876843094825744629e-01 2.906058216467499733e-03 -1.564331799745559692e-01 2.870280295610427856e-03 9.999957680702209473e-01 4.546058189589530230e-04
-9.876843094825744629e-01 2.907187445089221001e-03 -1.564331799745559692e-01 2.871395554393529892e-03 9.999957680702209473e-01 4.547824792098253965e-04
-9.986249804496765137e-01 3.030139487236738205e-03 -5.233519151806831360e-02 3.025986952707171440e-03 9.999954104423522949e-01 1.585836580488830805e-04
-9.986249804496765137e-01 3.034747671335935593e-03 -5.233519151806831360e-02 3.030588850378990173e-03 9.999954104423522949e-01 1.588248269399628043e-04
-9.986246824264526367e-01 3.132385201752185822e-03 5.233517289161682129e-02 3.128092503175139427e-03 9.999951124191284180e-01 -1.639347319724038243e-04
-9.986246824264526367e-01 3.140413900837302208e-03 5.233517289161682129e-02 3.136110259220004082e-03 9.999951124191284180e-01 -1.643549185246229172e-04
-9.876834750175476074e-01 3.189336508512496948e-03 1.564330458641052246e-01 3.150071017444133759e-03 9.999949336051940918e-01 -4.989201552234590054e-04
-9.876834154129028320e-01 3.203312866389751434e-03 1.564330309629440308e-01 3.163875313475728035e-03 9.999948740005493164e-01 -5.011064931750297546e-04
-9.659205079078674316e-01 3.249968169257044792e-03 2.588185966014862061e-01 3.139227861538529396e-03 9.999947547912597656e-01 -8.411566959694027901e-04
-9.659205079078674316e-01 3.248247783631086349e-03 2.588185966014862061e-01 3.137565916404128075e-03 9.999947547912597656e-01 -8.407114655710756779e-04
-9.335753321647644043e-01 3.299540374428033829e-03 3.583661615848541260e-01 3.080386202782392502e-03 9.999945759773254395e-01 -1.182449981570243835e-03
-9.335753321647644043e-01 3.304950427263975143e-03 3.583661615848541260e-01 3.085436997935175896e-03 9.999945759773254395e-01 -1.184388878755271435e-03
-8.910016417503356934e-01 3.432085737586021423e-03 4.539871513843536377e-01 3.058012109249830246e-03 9.999940991401672363e-01 -1.558132003992795944e-03
-8.910016417503356934e-01 3.426910145208239555e-03 4.539871513843536377e-01 3.053400665521621704e-03 9.999941587448120117e-01 -1.555782509967684746e-03
-8.386648893356323242e-01 3.546808846294879913e-03 5.446363091468811035e-01 2.974602626636624336e-03 9.999937415122985840e-01 -1.931732869707047939e-03
-8.386648297309875488e-01 3.563168691471219063e-03 5.446363091468811035e-01 2.988323103636503220e-03 9.999936819076538086e-01 -1.940643182024359703e-03
-7.771413922309875488e-01 3.590494161471724510e-03 6.293157935142517090e-01 2.790339523926377296e-03 9.999935626983642578e-01 -2.259569242596626282e-03
-7.771413922309875488e-01 3.599249757826328278e-03 6.293157935142517090e-01 2.797143999487161636e-03 9.999935626983642578e-01 -2.265079412609338760e-03
-7.071018218994140625e-01 3.599185496568679810e-03 7.071026563644409180e-01 2.545007038861513138e-03 9.999935626983642578e-01 -2.545010065659880638e-03
-7.071018815040588379e-01 3.571392968297004700e-03 7.071027159690856934e-01 2.525354502722620964e-03 9.999936223030090332e-01 -2.525357529520988464e-03
-6.293163299560546875e-01 3.770211013033986092e-03 7.771401405334472656e-01 2.372672315686941147e-03 9.999929070472717285e-01 -2.930002985522150993e-03
-6.293162107467651367e-01 3.830394940450787544e-03 7.771399021148681641e-01 2.410547109320759773e-03 9.999926686286926270e-01 -2.976774703711271286e-03
-5.446348786354064941e-01 3.853250062093138695e-03 8.386644721031188965e-01 2.098629949614405632e-03 9.999926090240478516e-01 -3.231607843190431595e-03
-5.446348190307617188e-01 3.851057030260562897e-03 8.386644721031188965e-01 2.097435295581817627e-03 9.999926090240478516e-01 -3.229768481105566025e-03
-4.539874792098999023e-01 3.768759779632091522e-03 8.910000920295715332e-01 1.710981829091906548e-03 9.999929070472717285e-01 -3.357989015057682991e-03
-4.539875388145446777e-01 3.731280099600553513e-03 8.910002112388610840e-01 1.693966449238359928e-03 9.999930262565612793e-01 -3.324594581499695778e-03
-3.583659529685974121e-01 3.262610640376806259e-03 9.335755109786987305e-01 1.169214840047061443e-03 9.999946951866149902e-01 -3.045909572392702103e-03
-3.583660423755645752e-01 3.212093608453869820e-03 9.335756897926330566e-01 1.151111093349754810e-03 9.999948740005493164e-01 -2.998747862875461578e-03
-2.588178813457489014e-01 3.047463251277804375e-03 9.659214019775390625e-01 7.887416286394000053e-04 9.999953508377075195e-01 -2.943623578175902367e-03
-2.588179111480712891e-01 3.002066398039460182e-03 9.659215211868286133e-01 7.769921212457120419e-04 9.999955296516418457e-01 -2.899773884564638138e-03
-1.564337760210037231e-01 2.919648773968219757e-03 9.876841306686401367e-01 4.567336582113057375e-04 9.999957680702209473e-01 -2.883703447878360748e-03
-1.564337909221649170e-01 2.911942079663276672e-03 9.876841902732849121e-01 4.555280611384660006e-04 9.999957680702209473e-01 -2.876091282814741135e-03
-1.837500780820846558e-01 -6.229935097508132458e-04 -9.829728007316589355e-01 -1.144751222454942763e-04 9.999998211860656738e-01 -6.123858038336038589e-04
-1.837500780820846558e-01 -6.233972380869090557e-04 -9.829728007316589355e-01 -1.145493079093284905e-04 9.999998211860656738e-01 -6.127826636657118797e-04
1.837500929832458496e-01 -5.678869201801717281e-04 -9.829728603363037109e-01 1.043492811731994152e-04 9.999998807907104492e-01 -5.582175217568874359e-04
1.837500929832458496e-01 -5.690440884791314602e-04 -9.829728603363037109e-01 1.045619064825586975e-04 9.999998807907104492e-01 -5.593549576587975025e-04
5.264301300048828125e-01 -8.166545303538441658e-04 -8.502179980278015137e-01 4.299117135815322399e-04 9.999997019767761230e-01 -6.943346816115081310e-04
5.264301300048828125e-01 -8.241973700933158398e-04 -8.502179980278015137e-01 4.338824946898967028e-04 9.999997019767761230e-01 -7.007477688603103161e-04
7.980169057846069336e-01 -8.382793748751282692e-04 -6.026344299316406250e-01 6.689613801427185535e-04 9.999996423721313477e-01 -5.051761982031166553e-04
7.980169653892517090e-01 -8.278810419142246246e-04 -6.026344895362854004e-01 6.606633542105555534e-04 9.999997019767761230e-01 -4.989098524674773216e-04
9.618257284164428711e-01 -5.353706073947250843e-04 -2.736623287200927734e-01 5.149333155713975430e-04 9.999998807907104492e-01 -1.465107779949903488e-04
9.618257284164428711e-01 -5.320439231581985950e-04 -2.736623287200927734e-01 5.117335822433233261e-04 9.999998807907104492e-01 -1.456003956263884902e-04
9.957341551780700684e-01 3.528741217451170087e-05 9.226855635643005371e-02 -3.513687988743185997e-05 1.000000000000000000e+00 -3.255918500144616701e-06
9.957341551780700684e-01 3.722139081219211221e-05 9.226855635643005371e-02 -3.706261122715659440e-05 1.000000000000000000e+00 -3.434364089116570540e-06
8.951632976531982422e-01 2.076016098726540804e-04 4.457384049892425537e-01 -1.858373434515669942e-04 1.000000000000000000e+00 -9.253600728698074818e-05
8.951632976531982422e-01 2.193927357438951731e-04 4.457384049892425537e-01 -1.963923277799040079e-04 1.000000000000000000e+00 -9.779176616575568914e-05
6.736961007118225098e-01 5.210903473198413849e-04 7.390084266662597656e-01 -3.510565729811787605e-04 9.999998807907104492e-01 -3.850901848636567593e-04
6.736961007118225098e-01 5.158033454790711403e-04 7.390084266662597656e-01 -3.474947297945618629e-04 9.999998807907104492e-01 -3.811830538325011730e-04
3.612415194511413574e-01 7.639990653842687607e-04 9.324719905853271484e-01 -2.759882772807031870e-04 9.999997019767761230e-01 -7.124079857021570206e-04
3.612415194511413574e-01 7.776714628562331200e-04 9.324719905853271484e-01 -2.809273137245327234e-04 9.999997019767761230e-01 -7.251570932567119598e-04
0.000000000000000000e+00 1.049399608746170998e-03 9.999994635581970215e-01 0.000000000000000000e+00 9.999994635581970215e-01 -1.049399608746170998e-03
0.000000000000000000e+00 1.063133473508059978e-03 9.999994635581970215e-01 -0.000000000000000000e+00 9.999994635581970215e-01 -1.063133473508059978e-03
-3.612413704395294189e-01 1.219402300193905830e-03 9.324715733528137207e-01 4.404988721944391727e-04 9.999992847442626953e-01 -1.137058832682669163e-03
-3.612414002418518066e-01 1.224300242029130459e-03 9.324715733528137207e-01 4.422682104632258415e-04 9.999992847442626953e-01 -1.141626038588583469e-03
-6.736956834793090820e-01 1.146303140558302402e-03 7.390080094337463379e-01 7.722601294517517090e-04 9.999993443489074707e-01 -8.471279288642108440e-04
-6.736956834793090820e-01 1.145255751907825470e-03 7.390080094337463379e-01 7.715544779784977436e-04 9.999993443489074707e-01 -8.463538833893835545e-04
-8.951626420021057129e-01 1.193751581013202667e-03 4.457380771636962891e-01 1.068602548912167549e-03 9.999992847442626953e-01 -5.321009084582328796e-04
-8.951626420021057129e-01 1.191832241602241993e-03 4.457380771636962891e-01 1.066884491592645645e-03 9.999992847442626953e-01 -5.312454304657876492e-04
-9.957334399223327637e-01 1.252402900718152523e-03 9.226848930120468140e-02 1.247060252353549004e-03 9.999992251396179199e-01 -1.155573991127312183e-04
-9.957334399223327637e-01 1.241951831616461277e-03 9.226848930120468140e-02 1.236653770320117474e-03 9.999992251396179199e-01 -1.145930946222506464e-04
-9.618257880210876465e-01 3.831137437373399734e-04 -2.736623287200927734e-01 3.684886905830353498e-04 9.999999403953552246e-01 1.048438134603202343e-04
-9.618257880210876465e-01 3.917947178706526756e-04 -2.736623287200927734e-01 3.768382885027676821e-04 9.999999403953552246e-01 1.072194645530544221e-04
-7.980171442031860352e-01 4.411945701576769352e-04 -6.026346683502197266e-01 3.520808531902730465e-04 9.999999403953552246e-01 2.658791490830481052e-04
-7.980171442031860352e-01 4.453155561350286007e-04 -6.026346683502197266e-01 3.553694696165621281e-04 9.999999403953552246e-01 2.683626080397516489e-04
-5.264301896095275879e-01 -6.717057549394667149e-04 -8.502181172370910645e-01 -3.536062722560018301e-04 9.999997615814208984e-01 -5.710965488106012344e-04
-5.264301896095275879e-01 -6.786106969229876995e-04 -8.502181172370910645e-01 -3.572412242647260427e-04 9.999997615814208984e-01 -5.769672570750117302e-04
-1.837493330240249634e-01 2.053633506875485182e-04 -9.829731583595275879e-01 3.773537900997325778e-05 1.000000000000000000e+00 2.018666564254090190e-04
-1.837493330240249634e-01 2.050356561085209250e-04 -9.829731583595275879e-01 3.767516682273708284e-05 1.000000000000000000e+00 2.015445497818291187e-04
1.837493181228637695e-01 3.369089390616863966e-04 -9.829730987548828125e-01 -6.190679414430633187e-05 9.999999403953552246e-01 3.311724576633423567e-04
1.837493181228637695e-01 3.367538738530129194e-04 -9.829730987548828125e-01 -6.187830149428918958e-05 9.999999403953552246e-01 3.310200117994099855e-04
5.264319181442260742e-01 2.540609857533127069e-04 -8.502172827720642090e-01 -1.337458088528364897e-04 1.000000000000000000e+00 2.160070289392024279e-04
5.264319181442260742e-01 2.547807525843381882e-04 -8.502172827720642090e-01 -1.341247261734679341e-04 1.000000000000000000e+00 2.166189951822161674e-04
7.980169057846069336e-01 4.336137208156287670e-04 -6.026350259780883789e-01 -3.460310981608927250e-04 9.999999403953552246e-01 2.613108372315764427e-04
7.980169057846069336e-01 4.421746998559683561e-04 -6.026350259780883789e-01 -3.528629313223063946e-04 9.999999403953552246e-01 2.664699859451502562e-04
9.618253707885742188e-01 1.398937311023473740e-03 -2.736606001853942871e-01 -1.345534692518413067e-03 9.999990463256835938e-01 3.828344051726162434e-04
9.618253111839294434e-01 1.404546084813773632e-03 -2.736606001853942871e-01 -1.350929378531873226e-03 9.999990463256835938e-01 3.843693411909043789e-04
9.957333207130432129e-01 1.407056581228971481e-03 9.226723760366439819e-02 -1.401054440066218376e-03 9.999990463256835938e-01 -1.298253482673317194e-04
9.957333207130432129e-01 1.387377269566059113e-03 9.226723760366439819e-02 -1.381459063850343227e-03 9.999990463256835938e-01 -1.280095893889665604e-04
8.951627612113952637e-01 7.233767537400126457e-04 4.457389116287231445e-01 -6.475400878116488457e-04 9.999997615814208984e-01 -3.224372630938887596e-04
8.951627612113952637e-01 7.196345832198858261e-04 4.457389116287231445e-01 -6.441902369260787964e-04 9.999997615814208984e-01 -3.207692352589219809e-04
6.736950874328613281e-01 5.904326098971068859e-04 7.390092015266418457e-01 -3.977716260123997927e-04 9.999998211860656738e-01 -4.363351908978074789e-04
6.736951470375061035e-01 5.490233306773006916e-04 7.390092611312866211e-01 -3.698743821587413549e-04 9.999998807907104492e-01 -4.057333571836352348e-04
3.612421154975891113e-01 3.251441521570086479e-04 9.324719905853271484e-01 -1.174557692138478160e-04 9.999999403953552246e-01 -3.031878441106528044e-04
3.612421154975891113e-01 3.218467463739216328e-04 9.324719905853271484e-01 -1.162646076409146190e-04 9.999999403953552246e-01 -3.001130826305598021e-04
0.000000000000000000e+00 3.888659412041306496e-04 9.999999403953552246e-01 0.000000000000000000e+00 9.999999403953552246e-01 -3.888659412041306496e-04
0.000000000000000000e+00 3.842109290417283773e-04 9.999999403953552246e-01 -0.000000000000000000e+00 9.999999403953552246e-01 -3.842109290417283773e-04
-3.612410724163055420e-01 4.659529367927461863e-04 9.324723482131958008e-01 1.683213486103340983e-04 9.999998807907104492e-01 -4.344882909208536148e-04
-3.612410724163055420e-01 4.978036158718168736e-04 9.324723482131958008e-01 1.798271259758621454e-04 9.999998807907104492e-01 -4.641881678253412247e-04
-6.736951470375061035e-01 3.986616502515971661e-04 7.390092611312866211e-01 2.685764338821172714e-04 9.999999403953552246e-01 -2.946146705653518438e-04
-6.736951470375061035e-01 4.036063037347048521e-04 7.390092611312866211e-01 2.719076292123645544e-04 9.999999403953552246e-01 -2.982688311021775007e-04
-8.951641917228698730e-01 2.192288811784237623e-04 4.457365572452545166e-01 1.962458482012152672e-04 1.000000000000000000e+00 -9.771832992555573583e-05
-8.951641917228698730e-01 2.249840035801753402e-04 4.457365572452545166e-01 2.013976190937682986e-04 1.000000000000000000e+00 -1.002835924737155437e-04
-9.957340359687805176e-01 -1.575105707161128521e-04 9.227035939693450928e-02 -1.568386360304430127e-04 1.000000000000000000e+00 1.453355707781156525e-05
-9.957340359687805176e-01 -1.365908392472192645e-04 9.227035939693450928e-02 -1.360081514576449990e-04 1.000000000000000000e+00 1.260328554053558037e-05
-9.618254303932189941e-01 -3.072841209359467030e-04 -2.736636996269226074e-01 -2.955537056550383568e-04 9.999999403953552246e-01 -8.409252041019499302e-05
-9.618254303932189941e-01 -2.974269737023860216e-04 -2.736636996269226074e-01 -2.860728709492832422e-04 1.000000000000000000e+00 -8.139498095260933042e-05
-7.980169057846069336e-01 -3.214276221115142107e-04 -6.026349663734436035e-01 -2.565046888776123524e-04 9.999999403953552246e-01 -1.937035412993282080e-04
-7.980169653892517090e-01 -2.920610131695866585e-04 -6.026350259780883789e-01 -2.330696297576650977e-04 1.000000000000000000e+00 -1.760062004905194044e-04
-5.264319181442260742e-01 -2.142483863281086087e-04 -8.502172827720642090e-01 -1.127871873904950917e-04 1.000000000000000000e+00 -1.821576879592612386e-04
-5.264319181442260742e-01 -2.122134610544890165e-04 -8.502172827720642090e-01 -1.117159408750012517e-04 1.000000000000000000e+00 -1.804275525500997901e-04
-9.505594521760940552e-02 -1.533251634100452065e-04 -9.954719543457031250e-01 -1.457446796848671511e-05 1.000000000000000000e+00 -1.526309060864150524e-04
-9.505594521760940552e-02 -1.535621559014543891e-04 -9.954719543457031250e-01 -1.459699615224963054e-05 1.000000000000000000e+00 -1.528668217360973358e-04
9.505601972341537476e-02 -1.136756836785934865e-04 -9.954719543457031250e-01 1.080555830412777141e-05 1.000000000000000000e+00 -1.131609533331356943e-04
9.505601972341537476e-02 -1.148782030213624239e-04 -9.954719543457031250e-01 1.091986450774129480e-05 1.000000000000000000e+00 -1.143580302596092224e-04
2.817324697971343994e-01 -1.407601521350443363e-04 -9.594930410385131836e-01 3.965670475736260414e-05 1.000000000000000000e+00 -1.350583916064351797e-04
-2.817328870296478271e-01 -1.305138721363618970e-04 -9.594928622245788574e-01 -3.677004860946908593e-05 1.000000000000000000e+00 -1.252271322300657630e-04
-2.817328870296478271e-01 -1.326643687207251787e-04 -9.594928622245788574e-01 -3.737591396202333272e-05 1.000000000000000000e+00 -1.272905210498720407e-04
-4.582261741161346436e-01 -1.111097299144603312e-04 -8.888356089591979980e-01 -5.091338607599027455e-05 1.000000000000000000e+00 -9.875828254735097289e-05
-4.582261741161346436e-01 -1.251669018529355526e-04 -8.888356089591979980e-01 -5.735475133405998349e-05 1.000000000000000000e+00 -1.112527970690280199e-04
-6.181589365005493164e-01 -9.146273805527016521e-05 -7.860531210899353027e-01 -5.653850894304923713e-05 1.000000000000000000e+00 -7.189457392087206244e-05
-6.181589365005493164e-01 -1.106884083128534257e-04 -7.860531210899353027e-01 -6.842302536824718118e-05 1.000000000000000000e+00 -8.700697071617469192e-05
-7.557497024536132812e-01 -8.838768553687259555e-05 -6.548606753349304199e-01 -6.679896614514291286e-05 1.000000000000000000e+00 -5.788161797681823373e-05
-7.557497024536132812e-01 -9.240485815098509192e-05 -6.548606753349304199e-01 -6.983494677115231752e-05 1.000000000000000000e+00 -6.051230957382358611e-05
-8.660253882408142090e-01 -6.661068618996068835e-05 -5.000000596046447754e-01 -5.768654591520316899e-05 1.000000000000000000e+00 -3.330534673295915127e-05
-8.660253882408142090e-01 -4.709535642177797854e-05 -5.000000596046447754e-01 -4.078577330801635981e-05 1.000000000000000000e+00 -2.354768184886779636e-05
-9.450008273124694824e-01 4.027779141324572265e-06 -3.270679116249084473e-01 3.806254653682117350e-06 1.000000000000000000e+00 1.317357259722484741e-06
-9.450008273124694824e-01 -7.099175945768365636e-06 -3.270679116249084473e-01 -6.708727141813142225e-06 1.000000000000000000e+00 -2.321912688785232604e-06
-9.898214936256408691e-01 1.944693576660938561e-05 -1.423146277666091919e-01 1.924899515870492905e-05 1.000000000000000000e+00 2.767583509921678342e-06
-9.898214936256408691e-01 -1.935075033543398604e-06 -1.423146277666091919e-01 -1.915378788908128627e-06 1.000000000000000000e+00 -2.753894818852131721e-07
-9.988673329353332520e-01 4.448624167707748711e-05 4.758154973387718201e-02 4.443585203262045979e-05 1.000000000000000000e+00 -2.116724317602347583e-06
-9.988673329353332520e-01 3.343828575452789664e-05 4.758154973387718201e-02 3.340041075716726482e-05 1.000000000000000000e+00 -1.591045474924612790e-06
-9.718114733695983887e-01 -2.787846460705623031e-05 2.357593327760696411e-01 -2.709261207201052457e-05 1.000000000000000000e+00 6.572608072019647807e-06
-9.718114733695983887e-01 -5.466742004500702024e-05 2.357593327760696411e-01 -5.312642679200507700e-05 1.000000000000000000e+00 1.288835483137518167e-05
-9.096321463584899902e-01 -3.242422826588153839e-04 4.154145717620849609e-01 -2.949412155430763960e-04 9.999999403953552246e-01 1.346949720755219460e-04
-9.096321463584899902e-01 -3.229929425287991762e-04 4.154145717620849609e-01 -2.938047691714018583e-04 9.999999403953552246e-01 1.341759780189022422e-04
-8.145756125450134277e-01 -7.432980928570032120e-04 5.800570249557495117e-01 -6.054726545698940754e-04 9.999997615814208984e-01 4.311553784646093845e-04
-8.145756125450134277e-01 -7.469290285371243954e-04 5.800570249557495117e-01 -6.084303022362291813e-04 9.999997615814208984e-01 4.332615062594413757e-04
-6.900783777236938477e-01 -9.096814901567995548e-04 7.237341403961181641e-01 -6.277518114075064659e-04 9.999995827674865723e-01 6.583678186871111393e-04
-6.900783777236938477e-01 -9.022908634506165981e-04 7.237341403961181641e-01 -6.226516561582684517e-04 9.999995827674865723e-01 6.530190003104507923e-04
-5.406406521797180176e-01 -8.514866349287331104e-04 8.412532210350036621e-01 -4.603484412655234337e-04 9.999996423721313477e-01 7.163161062635481358e-04
-5.406406521797180176e-01 -8.440110832452774048e-04 8.412532210350036621e-01 -4.563068505376577377e-04 9.999996423721313477e-01 7.100272923707962036e-04
-3.716632723808288574e-01 -7.713685045018792152e-04 9.283673167228698730e-01 -2.866894355975091457e-04 9.999997019767761230e-01 7.161135436035692692e-04
-3.716632723808288574e-01 -7.651599007658660412e-04 9.283673167228698730e-01 -2.843819092959165573e-04 9.999997019767761230e-01 7.103496463969349861e-04
-1.892502456903457642e-01 -8.469691383652389050e-04 9.819285273551940918e-01 -1.602891861693933606e-04 9.999996423721313477e-01 8.316634339280426502e-04
-1.892502456903457642e-01 -8.534644730389118195e-04 9.819285273551940918e-01 -1.615184301044791937e-04 9.999996423721313477e-01 8.380414219573140144e-04
0.000000000000000000e+00 -9.044588659889996052e-04 9.999995827674865723e-01 0.000000000000000000e+00 9.999995827674865723e-01 9.044588659889996052e-04
-0.000000000000000000e+00 -9.101408650167286396e-04 9.999995827674865723e-01 0.000000000000000000e+00 9.999995827674865723e-01 9.101408650167286396e-04
1.892502009868621826e-01 -1.084306975826621056e-03 9.819282889366149902e-01 2.052054478554055095e-04 9.999994039535522461e-01 1.064712298102676868e-03
1.892502009868621826e-01 -1.093020080588757992e-03 9.819282889366149902e-01 2.068543981295078993e-04 9.999994039535522461e-01 1.073268009349703789e-03
3.716625273227691650e-01 -1.219293219037353992e-03 9.283671379089355469e-01 4.531659360509365797e-04 9.999992847442626953e-01 1.131952507421374321e-03
3.716625273227691650e-01 -1.226215856149792671e-03 9.283671379089355469e-01 4.557388019748032093e-04 9.999992847442626953e-01 1.138379331678152084e-03
5.406408309936523438e-01 -1.211138907819986343e-03 8.412526845932006836e-01 6.547915982082486153e-04 9.999992847442626953e-01 1.018874580040574074e-03
5.406408309936523438e-01 -1.204570406116545200e-03 8.412526845932006836e-01 6.512403488159179688e-04 9.999992847442626953e-01 1.013348810374736786e-03
6.900784373283386230e-01 -8.392010349780321121e-04 7.237342000007629395e-01 5.791147123090922832e-04 9.999996423721313477e-01 6.073586991988122463e-04
6.900784373283386230e-01 -8.129124180413782597e-04 7.237342000007629395e-01 5.609735962934792042e-04 9.999997019767761230e-01 5.883327685296535492e-04
8.145753145217895508e-01 -4.856459854636341333e-04 5.800576210021972656e-01 3.955952997785061598e-04 9.999998807907104492e-01 2.817026979755610228e-04
8.145753145217895508e-01 -4.772429820150136948e-04 5.800576210021972656e-01 3.887503989972174168e-04 9.999998807907104492e-01 2.768284466583281755e-04
9.096327424049377441e-01 -4.409422108437865973e-04 4.154132008552551270e-01 4.010954871773719788e-04 9.999999403953552246e-01 1.831732370192185044e-04
9.096327424049377441e-01 -3.796488163061439991e-04 4.154132008552551270e-01 3.453410172369331121e-04 9.999999403953552246e-01 1.577111397637054324e-04
9.718112349510192871e-01 -3.392839862499386072e-04 2.357600927352905273e-01 3.297200019005686045e-04 9.999999403953552246e-01 7.998962973942980170e-05
9.718112945556640625e-01 -2.783125091809779406e-04 2.357601076364517212e-01 2.704672515392303467e-04 1.000000000000000000e+00 6.561498594237491488e-05
9.988672733306884766e-01 -3.177381295245140791e-04 4.758236557245254517e-02 3.173782315570861101e-04 9.999999403953552246e-01 1.511873324488988146e-05
9.988672733306884766e-01 -2.848429721780121326e-04 4.758236557245254517e-02 2.845203562173992395e-04 1.000000000000000000e+00 1.355350468656979501e-05
9.898213744163513184e-01 -2.506721357349306345e-04 -1.423154324293136597e-01 2.481206320226192474e-04 1.000000000000000000e+00 -3.567451130948029459e-05
9.898213744163513184e-01 -2.517722605261951685e-04 -1.423154324293136597e-01 2.492095518391579390e-04 1.000000000000000000e+00 -3.583107900340110064e-05
9.450008273124694824e-01 -2.609330404084175825e-04 -3.270679116249084473e-01 2.465819416102021933e-04 1.000000000000000000e+00 -8.534282096661627293e-05
9.450008273124694824e-01 -2.570270735304802656e-04 -3.270679116249084473e-01 2.428907901048660278e-04 1.000000000000000000e+00 -8.406530832871794701e-05
8.660250306129455566e-01 -2.753047738224267960e-04 -5.000006556510925293e-01 2.384208200965076685e-04 1.000000000000000000e+00 -1.376525615341961384e-04
8.660250306129455566e-01 -2.675513096619397402e-04 -5.000006556510925293e-01 2.317061153007671237e-04 1.000000000000000000e+00 -1.337758294539526105e-04
7.557497024536132812e-01 -2.242167101940140128e-04 -6.548606753349304199e-01 1.694517122814431787e-04 1.000000000000000000e+00 -1.468307018512859941e-04
7.557497024536132812e-01 -2.300830092281103134e-04 -6.548606753349304199e-01 1.738851715344935656e-04 1.000000000000000000e+00 -1.506723201600834727e-04
6.181593537330627441e-01 -1.615628425497561693e-04 -7.860528230667114258e-01 9.987158409785479307e-05 1.000000000000000000e+00 -1.269969216082245111e-04
6.181593537330627441e-01 -1.676046958891674876e-04 -7.860528230667114258e-01 1.036064131767489016e-04 1.000000000000000000e+00 -1.317461428698152304e-04
4.582265615463256836e-01 -1.385599171044304967e-04 -8.888354897499084473e-01 6.349183240672573447e-05 1.000000000000000000e+00 -1.231569767696782947e-04
4.582265615463256836e-01 -1.556760689709335566e-04 -8.888354897499084473e-01 7.133490726118907332e-05 1.000000000000000000e+00 -1.383704220643267035e-04
2.817324697971343994e-01 -1.232695067301392555e-04 -9.594930410385131836e-01 3.472902244539000094e-05 1.000000000000000000e+00 -1.182762352982535958e-04
-2.121103316312655807e-04 0.000000000000000000e+00 -1.000000000000000000e+00 -1.000000000000000000e+00 0.000000000000000000e+00 2.121103316312655807e-04
-2.147611376130953431e-04 0.000000000000000000e+00 -1.000000000000000000e+00 -1.000000000000000000e+00 0.000000000000000000e+00 2.147611376130953431e-04
-1.973407051991671324e-04 0.000000000000000000e+00 -1.000000000000000000e+00 -1.000000000000000000e+00 0.000000000000000000e+00 1.973407051991671324e-04
-1.873636065283790231e-04 0.000000000000000000e+00 -1.000000000000000000e+00 -1.000000000000000000e+00 0.000000000000000000e+00 1.873636065283790231e-04
-1.786826469469815493e-04 0.000000000000000000e+00 -1.000000000000000000e+00 -1.000000000000000000e+00 0.000000000000000000e+00 1.786826469469815493e-04
-2.181141462642699480e-04 0.000000000000000000e+00 -1.000000000000000000e+00 -1.000000000000000000e+00 0.000000000000000000e+00 2.181141462642699480e-04
-2.476270892657339573e-04 0.000000000000000000e+00 -1.000000000000000000e+00 -1.000000000000000000e+00 0.000000000000000000e+00 2.476270892657339573e-04
-2.314149896847084165e-04 0.000000000000000000e+00 -1.000000000000000000e+00 -1.000000000000000000e+00 0.000000000000000000e+00 2.314149896847084165e-04
-2.374890318606048822e-04 0.000000000000000000e+00 -1.000000000000000000e+00 -1.000000000000000000e+00 0.000000000000000000e+00 2.374890318606048822e-04
-2.299959596712142229e-04 0.000000000000000000e+00 -1.000000000000000000e+00 -1.000000000000000000e+00 0.000000000000000000e+00 2.299959596712142229e-04
-2.126399049302563071e-04 0.000000000000000000e+00 -1.000000000000000000e+00 -1.000000000000000000e+00 0.000000000000000000e+00 2.126399049302563071e-04
-2.026159927481785417e-04 0.000000000000000000e+00 -1.000000000000000000e+00 -1.000000000000000000e+00 0.000000000000000000e+00 2.026159927481785417e-04
-3.198513295501470566e-04 0.000000000000000000e+00 -9.999999403953552246e-01 -9.999999403953552246e-01 0.000000000000000000e+00 3.198513295501470566e-04
-2.826083800755441189e-04 0.000000000000000000e+00 -1.000000000000000000e+00 -1.000000000000000000e+00 0.000000000000000000e+00 2.826083800755441189e-04
-2.471179759595543146e-04 0.000000000000000000e+00 -1.000000000000000000e+00 -1.000000000000000000e+00 0.000000000000000000e+00 2.471179759595543146e-04
-3.391354985069483519e-04 -0.000000000000000000e+00 -9.999999403953552246e-01 -9.999999403953552246e-01 0.000000000000000000e+00 3.391354985069483519e-04
-3.540631150826811790e-04 0.000000000000000000e+00 -9.999999403953552246e-01 -9.999999403953552246e-01 0.000000000000000000e+00 3.540631150826811790e-04
-4.095574549864977598e-04 -0.000000000000000000e+00 -9.999999403953552246e-01 -9.999999403953552246e-01 0.000000000000000000e+00 4.095574549864977598e-04
-4.094755277037620544e-04 0.000000000000000000e+00 -9.999999403953552246e-01 -9.999999403953552246e-01 0.000000000000000000e+00 4.094755277037620544e-04
-4.222994903102517128e-04 0.000000000000000000e+00 -9.999999403953552246e-01 -9.999999403953552246e-01 0.000000000000000000e+00 4.222994903102517128e-04
-6.316108047030866146e-04 -0.000000000000000000e+00 -9.999998211860656738e-01 -9.999998211860656738e-01 0.000000000000000000e+00 6.316108047030866146e-04
-6.612057331949472427e-04 -0.000000000000000000e+00 -9.999998211860656738e-01 -9.999998211860656738e-01 0.000000000000000000e+00 6.612057331949472427e-04
-7.900770287960767746e-04 -0.000000000000000000e+00 -9.999997019767761230e-01 -9.999997019767761230e-01 0.000000000000000000e+00 7.900770287960767746e-04
-8.537577814422547817e-04 0.000000000000000000e+00 -9.999996423721313477e-01 -9.999996423721313477e-01 0.000000000000000000e+00 8.537577814422547817e-04
-4.064911918248981237e-04 0.000000000000000000e+00 -9.999999403953552246e-01 -9.999999403953552246e-01 0.000000000000000000e+00 4.064911918248981237e-04
-3.990449185948818922e-04 0.000000000000000000e+00 -9.999999403953552246e-01 -9.999999403953552246e-01 0.000000000000000000e+00 3.990449185948818922e-04
-3.888483915943652391e-04 0.000000000000000000e+00 -9.999999403953552246e-01 -9.999999403953552246e-01 0.000000000000000000e+00 3.888483915943652391e-04
-3.734292404260486364e-04 0.000000000000000000e+00 -9.999999403953552246e-01 -9.999999403953552246e-01 0.000000000000000000e+00 3.734292404260486364e-04
-3.581973433028906584e-04 0.000000000000000000e+00 -9.999999403953552246e-01 -9.999999403953552246e-01 0.000000000000000000e+00 3.581973433028906584e-04
-3.544844512362033129e-04 0.000000000000000000e+00 -9.999999403953552246e-01 -9.999999403953552246e-01 0.000000000000000000e+00 3.544844512362033129e-04
-3.360107075423002243e-04 0.000000000000000000e+00 -9.999999403953552246e-01 -9.999999403953552246e-01 0.000000000000000000e+00 3.360107075423002243e-04
-3.538729506544768810e-04 0.000000000000000000e+00 -9.999999403953552246e-01 -9.999999403953552246e-01 0.000000000000000000e+00 3.538729506544768810e-04
-3.352119529154151678e-04 0.000000000000000000e+00 -9.999999403953552246e-01 -9.999999403953552246e-01 0.000000000000000000e+00 3.352119529154151678e-04
-3.249890869483351707e-04 0.000000000000000000e+00 -9.999999403953552246e-01 -9.999999403953552246e-01 0.000000000000000000e+00 3.249890869483351707e-04
-3.264988190494477749e-04 0.000000000000000000e+00 -9.999999403953552246e-01 -9.999999403953552246e-01 0.000000000000000000e+00 3.264988190494477749e-04
-2.988818741869181395e-04 -0.000000000000000000e+00 -1.000000000000000000e+00 -1.000000000000000000e+00 0.000000000000000000e+00 2.988818741869181395e-04
-2.796532935462892056e-04 0.000000000000000000e+00 -1.000000000000000000e+00 -1.000000000000000000e+00 0.000000000000000000e+00 2.796532935462892056e-04
-2.741673379205167294e-04 -0.000000000000000000e+00 -1.000000000000000000e+00 -1.000000000000000000e+00 0.000000000000000000e+00 2.741673379205167294e-04
-2.530545170884579420e-04 0.000000000000000000e+00 -1.000000000000000000e+00 -1.000000000000000000e+00 0.000000000000000000e+00 2.530545170884579420e-04
-2.168121427530422807e-04 0.000000000000000000e+00 -1.000000000000000000e+00 -1.000000000000000000e+00 0.000000000000000000e+00 2.168121427530422807e-04
-1.836009760154411197e-04 0.000000000000000000e+00 -1.000000000000000000e+00 -1.000000000000000000e+00 0.000000000000000000e+00 1.836009760154411197e-04
-1.419809559592977166e-04 0.000000000000000000e+00 -1.000000000000000000e+00 -1.000000000000000000e+00 0.000000000000000000e+00 1.419809559592977166e-04
-3.208899870514869690e-04 0.000000000000000000e+00 -9.999999403953552246e-01 -9.999999403953552246e-01 0.000000000000000000e+00 3.208899870514869690e-04
-3.077295841649174690e-04 0.000000000000000000e+00 -9.999999403953552246e-01 -9.999999403953552246e-01 0.000000000000000000e+00 3.077295841649174690e-04
-3.125835501123219728e-04 0.000000000000000000e+00 -9.999999403953552246e-01 -9.999999403953552246e-01 0.000000000000000000e+00 3.125835501123219728e-04
-3.230638976674526930e-04 0.000000000000000000e+00 -9.999999403953552246e-01 -9.999999403953552246e-01 0.000000000000000000e+00 3.230638976674526930e-04
-3.264227416366338730e-04 0.000000000000000000e+00 -9.999999403953552246e-01 -9.999999403953552246e-01 0.000000000000000000e+00 3.264227416366338730e-04
-2.399525837972760201e-04 0.000000000000000000e+00 -1.000000000000000000e+00 -1.000000000000000000e+00 0.000000000000000000e+00 2.399525837972760201e-04
-2.509215846657752991e-04 0.000000000000000000e+00 -1.000000000000000000e+00 -1.000000000000000000e+00 0.000000000000000000e+00 2.509215846657752991e-04
-2.155101537937298417e-04 0.000000000000000000e+00 -1.000000000000000000e+00 -1.000000000000000000e+00 0.000000000000000000e+00 2.155101537937298417e-04
6.202899967320263386e-04 0.000000000000000000e+00 -9.999998211860656738e-01 -9.999998211860656738e-01 -0.000000000000000000e+00 -6.202899967320263386e-04
7.482836954295635223e-04 -0.000000000000000000e+00 -9.999997615814208984e-01 -9.999997615814208984e-01 0.000000000000000000e+00 -7.482836954295635223e-04
7.787153008393943310e-04 0.000000000000000000e+00 -9.999997019767761230e-01 -9.999997019767761230e-01 -0.000000000000000000e+00 -7.787153008393943310e-04
8.555915555916726589e-04 0.000000000000000000e+00 -9.999996423721313477e-01 -9.999996423721313477e-01 -0.000000000000000000e+00 -8.555915555916726589e-04
9.839333361014723778e-04 -0.000000000000000000e+00 -9.999995231628417969e-01 -9.999995231628417969e-01 0.000000000000000000e+00 -9.839333361014723778e-04
9.883689926937222481e-04 0.000000000000000000e+00 -9.999995231628417969e-01 -9.999995231628417969e-01 0.000000000000000000e+00 -9.883689926937222481e-04
1.008686027489602566e-03 0.000000000000000000e+00 -9.999995231628417969e-01 -9.999995231628417969e-01 -0.000000000000000000e+00 -1.008686027489602566e-03
1.003498444333672523e-03 -0.000000000000000000e+00 -9.999995231628417969e-01 -9.999995231628417969e-01 0.000000000000000000e+00 -1.003498444333672523e-03
8.913833880797028542e-04 0.000000000000000000e+00 -9.999996423721313477e-01 -9.999996423721313477e-01 0.000000000000000000e+00 -8.913833880797028542e-04
8.276323205791413784e-04 0.000000000000000000e+00 -9.999997019767761230e-01 -9.999997019767761230e-01 0.000000000000000000e+00 -8.276323205791413784e-04
7.847542292438447475e-04 -0.000000000000000000e+00 -9.999997019767761230e-01 -9.999997019767761230e-01 0.000000000000000000e+00 -7.847542292438447475e-04
6.778704700991511345e-04 0.000000000000000000e+00 -9.999997615814208984e-01 -9.999997615814208984e-01 0.000000000000000000e+00 -6.778704700991511345e-04
6.091221002861857414e-04 0.000000000000000000e+00 -9.999998211860656738e-01 -9.999998211860656738e-01 0.000000000000000000e+00 -6.091221002861857414e-04
5.489172763191163540e-04 0.000000000000000000e+00 -9.999998807907104492e-01 -9.999998807907104492e-01 0.000000000000000000e+00 -5.489172763191163540e-04
4.717570554930716753e-04 0.000000000000000000e+00 -9.999998807907104492e-01 -9.999998807907104492e-01 0.000000000000000000e+00 -4.717570554930716753e-04
3.488105139695107937e-04 0.000000000000000000e+00 -9.999999403953552246e-01 -9.999999403953552246e-01 0.000000000000000000e+00 -3.488105139695107937e-04
3.463674511294811964e-04 0.000000000000000000e+00 -9.999999403953552246e-01 -9.999999403953552246e-01 0.000000000000000000e+00 -3.463674511294811964e-04
1.328603975707665086e-04 0.000000000000000000e+00 -1.000000000000000000e+00 -1.000000000000000000e+00 0.000000000000000000e+00 -1.328603975707665086e-04
-4.241475107846781611e-05 0.000000000000000000e+00 -1.000000000000000000e+00 -1.000000000000000000e+00 0.000000000000000000e+00 4.241475107846781611e-05
5.444582784548401833e-04 0.000000000000000000e+00 -9.999998807907104492e-01 -9.999998807907104492e-01 0.000000000000000000e+00 -5.444582784548401833e-04
4.688224289566278458e-04 0.000000000000000000e+00 -9.999998807907104492e-01 -9.999998807907104492e-01 0.000000000000000000e+00 -4.688224289566278458e-04
4.474316665437072515e-04 0.000000000000000000e+00 -9.999999403953552246e-01 -9.999999403953552246e-01 0.000000000000000000e+00 -4.474316665437072515e-04
4.653026699088513851e-04 0.000000000000000000e+00 -9.999998807907104492e-01 -9.999998807907104492e-01 0.000000000000000000e+00 -4.653026699088513851e-04
3.500130260363221169e-04 0.000000000000000000e+00 -9.999999403953552246e-01 -9.999999403953552246e-01 0.000000000000000000e+00 -3.500130260363221169e-04
3.431314544286578894e-04 0.000000000000000000e+00 -9.999999403953552246e-01 -9.999999403953552246e-01 0.000000000000000000e+00 -3.431314544286578894e-04
2.545810712035745382e-04 0.000000000000000000e+00 -1.000000000000000000e+00 -1.000000000000000000e+00 0.000000000000000000e+00 -2.545810712035745382e-04
2.195119595853611827e-04 0.000000000000000000e+00 -1.000000000000000000e+00 -1.000000000000000000e+00 0.000000000000000000e+00 -2.195119595853611827e-04
1.572589389979839325e-04 0.000000000000000000e+00 -1.000000000000000000e+00 -1.000000000000000000e+00 0.000000000000000000e+00 -1.572589389979839325e-04
9.847011824604123831e-05 0.000000000000000000e+00 -1.000000000000000000e+00 -1.000000000000000000e+00 0.000000000000000000e+00 -9.847011824604123831e-05
4.438895848579704762e-05 0.000000000000000000e+00 -1.000000000000000000e+00 -1.000000000000000000e+00 0.000000000000000000e+00 -4.438895848579704762e-05
-6.718451572851336095e-07 0.000000000000000000e+00 -1.000000000000000000e+00 -1.000000000000000000e+00 0.000000000000000000e+00 6.718451572851336095e-07
-1.424772563041187823e-05 0.000000000000000000e+00 -1.000000000000000000e+00 -1.000000000000000000e+00 0.000000000000000000e+00 1.424772563041187823e-05
-8.155366231221705675e-05 0.000000000000000000e+00 -1.000000000000000000e+00 -1.000000000000000000e+00 0.000000000000000000e+00 8.155366231221705675e-05
-7.210321200545877218e-05 0.000000000000000000e+00 -1.000000000000000000e+00 -1.000000000000000000e+00 0.000000000000000000e+00 7.210321200545877218e-05
-1.979990192921832204e-04 0.000000000000000000e+00 -1.000000000000000000e+00 -1.000000000000000000e+00 0.000000000000000000e+00 1.979990192921832204e-04
-1.892273576231673360e-04 0.000000000000000000e+00 -1.000000000000000000e+00 -1.000000000000000000e+00 0.000000000000000000e+00 1.892273576231673360e-04
-1.346897770417854190e-04 -0.000000000000000000e+00 -1.000000000000000000e+00 -1.000000000000000000e+00 0.000000000000000000e+00 1.346897770417854190e-04
-1.149754898506216705e-04 0.000000000000000000e+00 -1.000000000000000000e+00 -1.000000000000000000e+00 0.000000000000000000e+00 1.149754898506216705e-04
-7.786710921209305525e-05 -0.000000000000000000e+00 -1.000000000000000000e+00 -1.000000000000000000e+00 0.000000000000000000e+00 7.786710921209305525e-05
-9.380999108543619514e-05 0.000000000000000000e+00 -1.000000000000000000e+00 -1.000000000000000000e+00 0.000000000000000000e+00 9.380999108543619514e-05
-9.452389349462464452e-05 0.000000000000000000e+00 -1.000000000000000000e+00 -1.000000000000000000e+00 0.000000000000000000e+00 9.452389349462464452e-05
-2.550996723584830761e-04 0.000000000000000000e+00 -1.000000000000000000e+00 -1.000000000000000000e+00 0.000000000000000000e+00 2.550996723584830761e-04
-2.496195666026324034e-04 0.000000000000000000e+00 -1.000000000000000000e+00 -1.000000000000000000e+00 0.000000000000000000e+00 2.496195666026324034e-04
-1.092203674488700926e-04 0.000000000000000000e+00 -1.000000000000000000e+00 -1.000000000000000000e+00 0.000000000000000000e+00 1.092203674488700926e-04
-6.972158007556572556e-05 0.000000000000000000e+00 -1.000000000000000000e+00 -1.000000000000000000e+00 0.000000000000000000e+00 6.972158007556572556e-05
-4.145800266996957362e-05 0.000000000000000000e+00 -1.000000000000000000e+00 -1.000000000000000000e+00 0.000000000000000000e+00 4.145800266996957362e-05
-2.380350633757188916e-05 0.000000000000000000e+00 -1.000000000000000000e+00 -1.000000000000000000e+00 0.000000000000000000e+00 2.380350633757188916e-05
-1.979693934117676690e-06 0.000000000000000000e+00 -1.000000000000000000e+00 -1.000000000000000000e+00 0.000000000000000000e+00 1.979693934117676690e-06
-3.907637074007652700e-05 0.000000000000000000e+00 -1.000000000000000000e+00 -1.000000000000000000e+00 0.000000000000000000e+00 3.907637074007652700e-05
-4.751740925712510943e-05 -0.000000000000000000e+00 -1.000000000000000000e+00 -1.000000000000000000e+00 0.000000000000000000e+00 4.751740925712510943e-05
-5.867947402293793857e-05 0.000000000000000000e+00 -1.000000000000000000e+00 -1.000000000000000000e+00 0.000000000000000000e+00 5.867947402293793857e-05
-6.210563151398673654e-05 0.000000000000000000e+00 -1.000000000000000000e+00 -1.000000000000000000e+00 0.000000000000000000e+00 6.210563151398673654e-05
-1.564697013236582279e-04 0.000000000000000000e+00 -1.000000000000000000e+00 -1.000000000000000000e+00 0.000000000000000000e+00 1.564697013236582279e-04
-1.468583213863894343e-04 0.000000000000000000e+00 -1.000000000000000000e+00 -1.000000000000000000e+00 0.000000000000000000e+00 1.468583213863894343e-04
-1.437423052266240120e-04 0.000000000000000000e+00 -1.000000000000000000e+00 -1.000000000000000000e+00 0.000000000000000000e+00 1.437423052266240120e-04
-1.504015090176835656e-04 0.000000000000000000e+00 -1.000000000000000000e+00 -1.000000000000000000e+00 0.000000000000000000e+00 1.504015090176835656e-04
-1.259093405678868294e-04 0.000000000000000000e+00 -1.000000000000000000e+00 -1.000000000000000000e+00 0.000000000000000000e+00 1.259093405678868294e-04
-1.119999142247252166e-04 0.000000000000000000e+00 -1.000000000000000000e+00 -1.000000000000000000e+00 0.000000000000000000e+00 1.119999142247252166e-04
-5.027354563935659826e-05 0.000000000000000000e+00 -1.000000000000000000e+00 -1.000000000000000000e+00 0.000000000000000000e+00 5.027354563935659826e-05
4.610349787981249392e-05 -0.000000000000000000e+00 -1.000000000000000000e+00 -1.000000000000000000e+00 0.000000000000000000e+00 -4.610349787981249392e-05
1.120576998800970614e-04 -0.000000000000000000e+00 -1.000000000000000000e+00 -1.000000000000000000e+00 0.000000000000000000e+00 -1.120576998800970614e-04
2.415464405203238130e-04 0.000000000000000000e+00 -1.000000000000000000e+00 -1.000000000000000000e+00 0.000000000000000000e+00 -2.415464405203238130e-04
2.833771577570587397e-04 -0.000000000000000000e+00 -1.000000000000000000e+00 -1.000000000000000000e+00 0.000000000000000000e+00 -2.833771577570587397e-04
3.074069973081350327e-04 -0.000000000000000000e+00 -9.999999403953552246e-01 -9.999999403953552246e-01 0.000000000000000000e+00 -3.074069973081350327e-04
3.048556682188063860e-04 -0.000000000000000000e+00 -9.999999403953552246e-01 -9.999999403953552246e-01 0.000000000000000000e+00 -3.048556682188063860e-04
2.973567752633243799e-04 0.000000000000000000e+00 -1.000000000000000000e+00 -1.000000000000000000e+00 0.000000000000000000e+00 -2.973567752633243799e-04
2.772475127130746841e-04 0.000000000000000000e+00 -1.000000000000000000e+00 -1.000000000000000000e+00 -0.000000000000000000e+00 -2.772475127130746841e-04
2.427343279123306274e-04 0.000000000000000000e+00 -1.000000000000000000e+00 -1.000000000000000000e+00 0.000000000000000000e+00 -2.427343279123306274e-04
2.201468741986900568e-04 0.000000000000000000e+00 -1.000000000000000000e+00 -1.000000000000000000e+00 -0.000000000000000000e+00 -2.201468741986900568e-04
1.621684932615607977e-04 0.000000000000000000e+00 -1.000000000000000000e+00 -1.000000000000000000e+00 0.000000000000000000e+00 -1.621684932615607977e-04
1.564514095662161708e-04 0.000000000000000000e+00 -1.000000000000000000e+00 -1.000000000000000000e+00 -0.000000000000000000e+00 -1.564514095662161708e-04
1.517144846729934216e-04 -0.000000000000000000e+00 -1.000000000000000000e+00 -1.000000000000000000e+00 0.000000000000000000e+00 -1.517144846729934216e-04
1.596142392372712493e-04 0.000000000000000000e+00 -1.000000000000000000e+00 -1.000000000000000000e+00 0.000000000000000000e+00 -1.596142392372712493e-04
-1.628480240469798446e-04 0.000000000000000000e+00 -1.000000000000000000e+00 -1.000000000000000000e+00 0.000000000000000000e+00 1.628480240469798446e-04
-1.757451100274920464e-04 0.000000000000000000e+00 -1.000000000000000000e+00 -1.000000000000000000e+00 0.000000000000000000e+00 1.757451100274920464e-04
-1.922643859870731831e-04 0.000000000000000000e+00 -1.000000000000000000e+00 -1.000000000000000000e+00 0.000000000000000000e+00 1.922643859870731831e-04
-1.944587565958499908e-04 0.000000000000000000e+00 -1.000000000000000000e+00 -1.000000000000000000e+00 0.000000000000000000e+00 1.944587565958499908e-04
-2.008604933507740498e-04 0.000000000000000000e+00 -1.000000000000000000e+00 -1.000000000000000000e+00 0.000000000000000000e+00 2.008604933507740498e-04
-2.015129430219531059e-04 0.000000000000000000e+00 -1.000000000000000000e+00 -1.000000000000000000e+00 0.000000000000000000e+00 2.015129430219531059e-04
-2.259729371871799231e-04 0.000000000000000000e+00 -1.000000000000000000e+00 -1.000000000000000000e+00 0.000000000000000000e+00 2.259729371871799231e-04
-2.295219746883958578e-04 0.000000000000000000e+00 -1.000000000000000000e+00 -1.000000000000000000e+00 0.000000000000000000e+00 2.295219746883958578e-04
-2.086490567307919264e-04 0.000000000000000000e+00 -1.000000000000000000e+00 -1.000000000000000000e+00 0.000000000000000000e+00 2.086490567307919264e-04
-2.323102962691336870e-04 0.000000000000000000e+00 -1.000000000000000000e+00 -1.000000000000000000e+00 0.000000000000000000e+00 2.323102962691336870e-04
-2.037102531176060438e-04 0.000000000000000000e+00 -1.000000000000000000e+00 -1.000000000000000000e+00 0.000000000000000000e+00 2.037102531176060438e-04
-1.799027231754735112e-04 0.000000000000000000e+00 -1.000000000000000000e+00 -1.000000000000000000e+00 0.000000000000000000e+00 1.799027231754735112e-04
-1.650804333621636033e-04 0.000000000000000000e+00 -1.000000000000000000e+00 -1.000000000000000000e+00 0.000000000000000000e+00 1.650804333621636033e-04
-1.246600004378706217e-04 0.000000000000000000e+00 -1.000000000000000000e+00 -1.000000000000000000e+00 0.000000000000000000e+00 1.246600004378706217e-04
-1.290750951739028096e-04 0.000000000000000000e+00 -1.000000000000000000e+00 -1.000000000000000000e+00 0.000000000000000000e+00 1.290750951739028096e-04
-1.283875171793624759e-04 0.000000000000000000e+00 -1.000000000000000000e+00 -1.000000000000000000e+00 0.000000000000000000e+00 1.283875171793624759e-04
-1.287210616283118725e-04 0.000000000000000000e+00 -1.000000000000000000e+00 -1.000000000000000000e+00 0.000000000000000000e+00 1.287210616283118725e-04
-1.352895633317530155e-04 0.000000000000000000e+00 -1.000000000000000000e+00 -1.000000000000000000e+00 0.000000000000000000e+00 1.352895633317530155e-04
-1.326182828051969409e-04 0.000000000000000000e+00 -1.000000000000000000e+00 -1.000000000000000000e+00 0.000000000000000000e+00 1.326182828051969409e-04
-1.394735154462978244e-04 0.000000000000000000e+00 -1.000000000000000000e+00 -1.000000000000000000e+00 0.000000000000000000e+00 1.394735154462978244e-04
-1.409013202646747231e-04 0.000000000000000000e+00 -1.000000000000000000e+00 -1.000000000000000000e+00 0.000000000000000000e+00 1.409013202646747231e-04
-1.395993313053622842e-04 0.000000000000000000e+00 -1.000000000000000000e+00 -1.000000000000000000e+00 0.000000000000000000e+00 1.395993313053622842e-04
-3.597948234528303146e-04 0.000000000000000000e+00 -9.999999403953552246e-01 -9.999999403953552246e-01 0.000000000000000000e+00 3.597948234528303146e-04
-3.447882190812379122e-04 0.000000000000000000e+00 -9.999999403953552246e-01 -9.999999403953552246e-01 0.000000000000000000e+00 3.447882190812379122e-04
-3.372892970219254494e-04 0.000000000000000000e+00 -9.999999403953552246e-01 -9.999999403953552246e-01 0.000000000000000000e+00 3.372892970219254494e-04
-3.251470916438847780e-04 0.000000000000000000e+00 -9.999999403953552246e-01 -9.999999403953552246e-01 0.000000000000000000e+00 3.251470916438847780e-04
-3.328888560645282269e-04 -0.000000000000000000e+00 -9.999999403953552246e-01 -9.999999403953552246e-01 0.000000000000000000e+00 3.328888560645282269e-04
-3.160682099405676126e-04 0.000000000000000000e+00 -9.999999403953552246e-01 -9.999999403953552246e-01 0.000000000000000000e+00 3.160682099405676126e-04
-3.292959299869835377e-04 -0.000000000000000000e+00 -9.999999403953552246e-01 -9.999999403953552246e-01 0.000000000000000000e+00 3.292959299869835377e-04
-3.297347866464406252e-04 0.000000000000000000e+00 -9.999999403953552246e-01 -9.999999403953552246e-01 0.000000000000000000e+00 3.297347866464406252e-04
-3.288862935733050108e-04 0.000000000000000000e+00 -9.999999403953552246e-01 -9.999999403953552246e-01 0.000000000000000000e+00 3.288862935733050108e-04
-3.314610512461513281e-04 0.000000000000000000e+00 -9.999999403953552246e-01 -9.999999403953552246e-01 0.000000000000000000e+00 3.314610512461513281e-04
-3.357737150508910418e-04 0.000000000000000000e+00 -9.999999403953552246e-01 -9.999999403953552246e-01 0.000000000000000000e+00 3.357737150508910418e-04
-3.394017694517970085e-04 0.000000000000000000e+00 -9.999999403953552246e-01 -9.999999403953552246e-01 0.000000000000000000e+00 3.394017694517970085e-04
-3.545575891621410847e-04 0.000000000000000000e+00 -9.999999403953552246e-01 -9.999999403953552246e-01 0.000000000000000000e+00 3.545575891621410847e-04
-3.666939446702599525e-04 0.000000000000000000e+00 -9.999999403953552246e-01 -9.999999403953552246e-01 0.000000000000000000e+00 3.666939446702599525e-04
-3.709101001732051373e-04 0.000000000000000000e+00 -9.999999403953552246e-01 -9.999999403953552246e-01 0.000000000000000000e+00 3.709101001732051373e-04
-3.794271906372159719e-04 0.000000000000000000e+00 -9.999999403953552246e-01 -9.999999403953552246e-01 0.000000000000000000e+00 3.794271906372159719e-04
-4.039808118250221014e-04 0.000000000000000000e+00 -9.999999403953552246e-01 -9.999999403953552246e-01 0.000000000000000000e+00 4.039808118250221014e-04
-4.183115670457482338e-04 0.000000000000000000e+00 -9.999999403953552246e-01 -9.999999403953552246e-01 0.000000000000000000e+00 4.183115670457482338e-04
-4.159211530350148678e-04 0.000000000000000000e+00 -9.999999403953552246e-01 -9.999999403953552246e-01 0.000000000000000000e+00 4.159211530350148678e-04
-4.276596300769597292e-04 0.000000000000000000e+00 -9.999999403953552246e-01 -9.999999403953552246e-01 0.000000000000000000e+00 4.276596300769597292e-04
-4.637702368199825287e-04 0.000000000000000000e+00 -9.999998807907104492e-01 -9.999998807907104492e-01 0.000000000000000000e+00 4.637702368199825287e-04
-5.144896567799150944e-04 0.000000000000000000e+00 -9.999998807907104492e-01 -9.999998807907104492e-01 0.000000000000000000e+00 5.144896567799150944e-04
-6.265930132940411568e-04 0.000000000000000000e+00 -9.999998211860656738e-01 -9.999998211860656738e-01 0.000000000000000000e+00 6.265930132940411568e-04
-7.054238230921328068e-04 0.000000000000000000e+00 -9.999997615814208984e-01 -9.999997615814208984e-01 0.000000000000000000e+00 7.054238230921328068e-04
-7.968971622176468372e-04 0.000000000000000000e+00 -9.999997019767761230e-01 -9.999997019767761230e-01 0.000000000000000000e+00 7.968971622176468372e-04
-9.162419592030346394e-04 0.000000000000000000e+00 -9.999995827674865723e-01 -9.999995827674865723e-01 0.000000000000000000e+00 9.162419592030346394e-04
-9.851717622950673103e-04 0.000000000000000000e+00 -9.999995231628417969e-01 -9.999995231628417969e-01 0.000000000000000000e+00 9.851717622950673103e-04
-1.103744027204811573e-03 0.000000000000000000e+00 -9.999994039535522461e-01 -9.999994039535522461e-01 0.000000000000000000e+00 1.103744027204811573e-03
-1.044773845933377743e-03 0.000000000000000000e+00 -9.999994635581970215e-01 -9.999994635581970215e-01 0.000000000000000000e+00 1.044773845933377743e-03
-1.002039178274571896e-03 0.000000000000000000e+00 -9.999995231628417969e-01 -9.999995231628417969e-01 0.000000000000000000e+00 1.002039178274571896e-03
-9.470540098845958710e-04 0.000000000000000000e+00 -9.999995827674865723e-01 -9.999995827674865723e-01 0.000000000000000000e+00 9.470540098845958710e-04
-3.742075059562921524e-04 0.000000000000000000e+00 -9.999999403953552246e-01 -9.999999403953552246e-01 0.000000000000000000e+00 3.742075059562921524e-04
-3.848897467833012342e-04 0.000000000000000000e+00 -9.999999403953552246e-01 -9.999999403953552246e-01 0.000000000000000000e+00 3.848897467833012342e-04
-3.914319095201790333e-04 0.000000000000000000e+00 -9.999999403953552246e-01 -9.999999403953552246e-01 0.000000000000000000e+00 3.914319095201790333e-04
-3.998085740022361279e-04 0.000000000000000000e+00 -9.999999403953552246e-01 -9.999999403953552246e-01 0.000000000000000000e+00 3.998085740022361279e-04
-3.787864407058805227e-04 0.000000000000000000e+00 -9.999999403953552246e-01 -9.999999403953552246e-01 0.000000000000000000e+00 3.787864407058805227e-04
-3.765072033274918795e-04 -0.000000000000000000e+00 -9.999999403953552246e-01 -9.999999403953552246e-01 0.000000000000000000e+00 3.765072033274918795e-04
-4.200699913781136274e-04 0.000000000000000000e+00 -9.999999403953552246e-01 -9.999999403953552246e-01 0.000000000000000000e+00 4.200699913781136274e-04
-3.339509130455553532e-04 0.000000000000000000e+00 -9.999999403953552246e-01 -9.999999403953552246e-01 0.000000000000000000e+00 3.339509130455553532e-04
-3.620594216044992208e-04 -0.000000000000000000e+00 -9.999999403953552246e-01 -9.999999403953552246e-01 0.000000000000000000e+00 3.620594216044992208e-04
-3.533989656716585159e-04 0.000000000000000000e+00 -9.999999403953552246e-01 -9.999999403953552246e-01 0.000000000000000000e+00 3.533989656716585159e-04
-3.580598277039825916e-04 -0.000000000000000000e+00 -9.999999403953552246e-01 -9.999999403953552246e-01 0.000000000000000000e+00 3.580598277039825916e-04
-3.755387733690440655e-04 0.000000000000000000e+00 -9.999999403953552246e-01 -9.999999403953552246e-01 0.000000000000000000e+00 3.755387733690440655e-04
-3.300244570709764957e-04 0.000000000000000000e+00 -9.999999403953552246e-01 -9.999999403953552246e-01 0.000000000000000000e+00 3.300244570709764957e-04
-2.973370428662747145e-04 0.000000000000000000e+00 -1.000000000000000000e+00 -1.000000000000000000e+00 0.000000000000000000e+00 2.973370428662747145e-04
-2.634646371006965637e-04 0.000000000000000000e+00 -1.000000000000000000e+00 -1.000000000000000000e+00 0.000000000000000000e+00 2.634646371006965637e-04
-2.508806064724922180e-04 0.000000000000000000e+00 -1.000000000000000000e+00 -1.000000000000000000e+00 0.000000000000000000e+00 2.508806064724922180e-04
-2.062937710434198380e-04 0.000000000000000000e+00 -1.000000000000000000e+00 -1.000000000000000000e+00 0.000000000000000000e+00 2.062937710434198380e-04
-1.985373673960566521e-04 0.000000000000000000e+00 -1.000000000000000000e+00 -1.000000000000000000e+00 0.000000000000000000e+00 1.985373673960566521e-04
-1.580379466759040952e-04 0.000000000000000000e+00 -1.000000000000000000e+00 -1.000000000000000000e+00 0.000000000000000000e+00 1.580379466759040952e-04
-1.441724161850288510e-04 0.000000000000000000e+00 -1.000000000000000000e+00 -1.000000000000000000e+00 0.000000000000000000e+00 1.441724161850288510e-04
-1.165086287073791027e-04 0.000000000000000000e+00 -1.000000000000000000e+00 -1.000000000000000000e+00 0.000000000000000000e+00 1.165086287073791027e-04
-1.071869119186885655e-04 0.000000000000000000e+00 -1.000000000000000000e+00 -1.000000000000000000e+00 0.000000000000000000e+00 1.071869119186885655e-04
-7.263864245032891631e-05 0.000000000000000000e+00 -1.000000000000000000e+00 -1.000000000000000000e+00 0.000000000000000000e+00 7.263864245032891631e-05
2.405487175565212965e-04 -0.000000000000000000e+00 -1.000000000000000000e+00 -1.000000000000000000e+00 0.000000000000000000e+00 -2.405487175565212965e-04
2.314493758603930473e-04 -0.000000000000000000e+00 -1.000000000000000000e+00 -1.000000000000000000e+00 0.000000000000000000e+00 -2.314493758603930473e-04
2.474829962011426687e-04 0.000000000000000000e+00 -1.000000000000000000e+00 -1.000000000000000000e+00 -0.000000000000000000e+00 -2.474829962011426687e-04
2.424124832032248378e-04 -0.000000000000000000e+00 -1.000000000000000000e+00 -1.000000000000000000e+00 0.000000000000000000e+00 -2.424124832032248378e-04
2.763990196399390697e-04 0.000000000000000000e+00 -1.000000000000000000e+00 -1.000000000000000000e+00 -0.000000000000000000e+00 -2.763990196399390697e-04
2.784617245197296143e-04 -0.000000000000000000e+00 -1.000000000000000000e+00 -1.000000000000000000e+00 0.000000000000000000e+00 -2.784617245197296143e-04
2.917625824920833111e-04 0.000000000000000000e+00 -1.000000000000000000e+00 -1.000000000000000000e+00 -0.000000000000000000e+00 -2.917625824920833111e-04
3.097740118391811848e-04 -0.000000000000000000e+00 -9.999999403953552246e-01 -9.999999403953552246e-01 0.000000000000000000e+00 -3.097740118391811848e-04
3.310067986603826284e-04 0.000000000000000000e+00 -9.999999403953552246e-01 -9.999999403953552246e-01 -0.000000000000000000e+00 -3.310067986603826284e-04
3.363932773936539888e-04 -0.000000000000000000e+00 -9.999999403953552246e-01 -9.999999403953552246e-01 0.000000000000000000e+00 -3.363932773936539888e-04
3.565844672266393900e-04 0.000000000000000000e+00 -9.999999403953552246e-01 -9.999999403953552246e-01 -0.000000000000000000e+00 -3.565844672266393900e-04
3.582960634957998991e-04 -0.000000000000000000e+00 -9.999999403953552246e-01 -9.999999403953552246e-01 0.000000000000000000e+00 -3.582960634957998991e-04
3.836104006040841341e-04 0.000000000000000000e+00 -9.999999403953552246e-01 -9.999999403953552246e-01 -0.000000000000000000e+00 -3.836104006040841341e-04
3.981108602602034807e-04 -0.000000000000000000e+00 -9.999999403953552246e-01 -9.999999403953552246e-01 0.000000000000000000e+00 -3.981108602602034807e-04
4.078217025380581617e-04 -0.000000000000000000e+00 -9.999999403953552246e-01 -9.999999403953552246e-01 0.000000000000000000e+00 -4.078217025380581617e-04
2.218058216385543346e-04 0.000000000000000000e+00 -1.000000000000000000e+00 -1.000000000000000000e+00 0.000000000000000000e+00 -2.218058216385543346e-04
2.196553250541910529e-04 0.000000000000000000e+00 -1.000000000000000000e+00 -1.000000000000000000e+00 0.000000000000000000e+00 -2.196553250541910529e-04
1.911020954139530659e-04 0.000000000000000000e+00 -1.000000000000000000e+00 -1.000000000000000000e+00 0.000000000000000000e+00 -1.911020954139530659e-04
1.859087351476773620e-04 0.000000000000000000e+00 -1.000000000000000000e+00 -1.000000000000000000e+00 0.000000000000000000e+00 -1.859087351476773620e-04
1.821929181460291147e-04 0.000000000000000000e+00 -1.000000000000000000e+00 -1.000000000000000000e+00 0.000000000000000000e+00 -1.821929181460291147e-04
1.659779372857883573e-04 0.000000000000000000e+00 -1.000000000000000000e+00 -1.000000000000000000e+00 0.000000000000000000e+00 -1.659779372857883573e-04
1.530281879240646958e-04 0.000000000000000000e+00 -1.000000000000000000e+00 -1.000000000000000000e+00 0.000000000000000000e+00 -1.530281879240646958e-04
9.619381307857111096e-05 0.000000000000000000e+00 -1.000000000000000000e+00 -1.000000000000000000e+00 0.000000000000000000e+00 -9.619381307857111096e-05
9.050306107383221388e-05 0.000000000000000000e+00 -1.000000000000000000e+00 -1.000000000000000000e+00 0.000000000000000000e+00 -9.050306107383221388e-05
2.206775388913229108e-05 0.000000000000000000e+00 -1.000000000000000000e+00 -1.000000000000000000e+00 0.000000000000000000e+00 -2.206775388913229108e-05
1.212283677887171507e-05 0.000000000000000000e+00 -1.000000000000000000e+00 -1.000000000000000000e+00 0.000000000000000000e+00 -1.212283677887171507e-05
-5.358266935218125582e-05 0.000000000000000000e+00 -1.000000000000000000e+00 -1.000000000000000000e+00 0.000000000000000000e+00 5.358266935218125582e-05
-6.381724233506247401e-05 0.000000000000000000e+00 -1.000000000000000000e+00 -1.000000000000000000e+00 0.000000000000000000e+00 6.381724233506247401e-05
4.377881414256989956e-04 0.000000000000000000e+00 -9.999999403953552246e-01 -9.999999403953552246e-01 0.000000000000000000e+00 -4.377881414256989956e-04
4.313396057114005089e-04 0.000000000000000000e+00 -9.999999403953552246e-01 -9.999999403953552246e-01 0.000000000000000000e+00 -4.313396057114005089e-04
-2.588203549385070801e-01 8.675287244841456413e-05 -9.659254550933837891e-01 2.245340874651446939e-05 1.000000000000000000e+00 8.379681094083935022e-05
-2.588203549385070801e-01 8.604481990914791822e-05 -9.659254550933837891e-01 2.227015102107543498e-05 1.000000000000000000e+00 8.311287820106372237e-05
2.588180303573608398e-01 4.345880297478288412e-04 -9.659260511398315430e-01 -1.124792179325595498e-04 9.999999403953552246e-01 4.197799134999513626e-04
2.588180303573608398e-01 4.346114292275160551e-04 -9.659260511398315430e-01 -1.124852715292945504e-04 9.999999403953552246e-01 4.198025271762162447e-04
7.071067690849304199e-01 4.688875342253595591e-04 -7.071067690849304199e-01 -3.315535723231732845e-04 9.999998807907104492e-01 3.315535723231732845e-04
7.071067690849304199e-01 4.692444927059113979e-04 -7.071067690849304199e-01 -3.318059898447245359e-04 9.999998807907104492e-01 3.318059898447245359e-04
9.659270644187927246e-01 8.166484622051939368e-05 -2.588143348693847656e-01 -7.888228719821199775e-05 1.000000000000000000e+00 2.113603295583743602e-05
9.659270644187927246e-01 7.110257865861058235e-05 -2.588143348693847656e-01 -6.867990305181592703e-05 1.000000000000000000e+00 1.840236654970794916e-05
9.659267663955688477e-01 8.176472038030624390e-04 2.588142752647399902e-01 -7.897875620983541012e-04 9.999997019767761230e-01 -2.116188115905970335e-04
9.659267663955688477e-01 8.490677573718130589e-04 2.588142752647399902e-01 -8.201374439522624016e-04 9.999996423721313477e-01 -2.197508874814957380e-04
7.071066498756408691e-01 6.948059308342635632e-04 7.071066498756408691e-01 -4.913019947707653046e-04 9.999997615814208984e-01 -4.913019947707653046e-04
7.071066498756408691e-01 6.965906941331923008e-04 7.071066498756408691e-01 -4.925640532746911049e-04 9.999997615814208984e-01 -4.925640532746911049e-04
2.588179111480712891e-01 1.068552257493138313e-03 9.659255743026733398e-01 -2.765606041066348553e-04 9.999994635581970215e-01 -1.032142550684511662e-03
2.588178813457489014e-01 1.058218069374561310e-03 9.659255743026733398e-01 -2.738859038800001144e-04 9.999994635581970215e-01 -1.022160518914461136e-03
-2.588201761245727539e-01 1.288876403123140335e-03 9.659246802330017090e-01 3.335874062031507492e-04 9.999991655349731445e-01 -1.244958373717963696e-03
-2.588201761245727539e-01 1.267596730031073093e-03 9.659247398376464844e-01 3.280797973275184631e-04 9.999992251396179199e-01 -1.224403851665556431e-03
-7.071019411087036133e-01 8.678252343088388443e-04 7.071111202239990234e-01 6.136411102488636971e-04 9.999996423721313477e-01 -6.136490846984088421e-04
-7.071019411087036133e-01 8.551241480745375156e-04 7.071111202239990234e-01 6.046601338312029839e-04 9.999996423721313477e-01 -6.046679918654263020e-04
-9.659268856048583984e-01 6.548975943587720394e-04 2.588143050670623779e-01 6.325833383016288280e-04 9.999998211860656738e-01 -1.694968814263120294e-04
-9.659268856048583984e-01 6.517172441817820072e-04 2.588143050670623779e-01 6.295113125815987587e-04 9.999998211860656738e-01 -1.686737668933346868e-04
-9.659270644187927246e-01 1.139251107815653086e-04 -2.588143348693847656e-01 1.100433510146103799e-04 1.000000000000000000e+00 2.948545261460822076e-05
-9.659270644187927246e-01 1.180095787276513875e-04 -2.588143348693847656e-01 1.139886444434523582e-04 1.000000000000000000e+00 3.054257103940472007e-05
-7.071021795272827148e-01 3.182176078553311527e-05 -7.071113586425781250e-01 2.250123725389130414e-05 1.000000000000000000e+00 2.250152829219587147e-05
-7.071021795272827148e-01 4.439261465449817479e-05 -7.071113586425781250e-01 3.139011460007168353e-05 1.000000000000000000e+00 3.139052205369807780e-05
-2.588206231594085693e-01 1.714763202471658587e-04 -9.659253954887390137e-01 4.438160976860672235e-05 1.000000000000000000e+00 1.656333333812654018e-04
-2.588206231594085693e-01 1.708955387584865093e-04 -9.659253954887390137e-01 4.423128848429769278e-05 1.000000000000000000e+00 1.650723424972966313e-04
2.588198781013488770e-01 9.705424890853464603e-04 -9.659250974655151367e-01 -2.511958009563386440e-04 9.999995231628417969e-01 9.374718065373599529e-04
2.588198781013488770e-01 9.689742582850158215e-04 -9.659250974655151367e-01 -2.507899189367890358e-04 9.999995231628417969e-01 9.359570103697478771e-04
7.071064114570617676e-01 1.109671778976917267e-03 -7.071064114570617676e-01 -7.846564985811710358e-04 9.999994039535522461e-01 7.846564985811710358e-04
-7.071067690849304199e-01 4.217113892082124949e-04 -7.071067690849304199e-01 2.981949946843087673e-04 9.999999403953552246e-01 2.981949946843087673e-04
-7.071067690849304199e-01 4.233381478115916252e-04 -7.071067690849304199e-01 2.993453235831111670e-04 9.999999403953552246e-01 2.993453235831111670e-04
-9.659249782562255859e-01 -7.375722052529454231e-04 -2.588212192058563232e-01 -7.124395924620330334e-04 9.999997615814208984e-01 -1.908993872348219156e-04
-9.659249782562255859e-01 -7.303160964511334896e-04 -2.588212192058563232e-01 -7.054307498037815094e-04 9.999997615814208984e-01 -1.890213461592793465e-04
-9.659252762794494629e-01 -8.204055484384298325e-04 2.588199377059936523e-01 -7.924506790004670620e-04 9.999997019767761230e-01 2.123373560607433319e-04
-9.659252762794494629e-01 -7.860415498726069927e-04 2.588199079036712646e-01 -7.592576439492404461e-04 9.999997019767761230e-01 2.034432691289111972e-04
-7.071068286895751953e-01 8.022240945138037205e-05 7.071068286895751953e-01 5.672581391991116107e-05 1.000000000000000000e+00 -5.672581391991116107e-05
-7.071068286895751953e-01 1.710374344838783145e-04 7.071068286895751953e-01 1.209417387144640088e-04 1.000000000000000000e+00 -1.209417387144640088e-04
-2.588205337524414062e-01 -9.293987532146275043e-04 9.659250378608703613e-01 -2.405475534033030272e-04 9.999995827674865723e-01 8.977298275567591190e-04
-2.588205635547637939e-01 -8.380395593121647835e-04 9.659250974655151367e-01 -2.169018989661708474e-04 9.999996423721313477e-01 8.094836375676095486e-04
2.588198184967041016e-01 -1.225662883371114731e-03 9.659248590469360352e-01 3.172260767314583063e-04 9.999992847442626953e-01 1.183899119496345520e-03
2.588198184967041016e-01 -1.245248480699956417e-03 9.659248590469360352e-01 3.222951781935989857e-04 9.999992251396179199e-01 1.202817191369831562e-03
7.071066498756408691e-01 -6.850271020084619522e-04 7.071066498756408691e-01 4.843873321078717709e-04 9.999997615814208984e-01 4.843873321078717709e-04
7.071066498756408691e-01 -7.227703463286161423e-04 7.071066498756408691e-01 5.110758356750011444e-04 9.999997615814208984e-01 5.110758356750011444e-04
9.659256935119628906e-01 -1.588082872331142426e-03 2.588149011135101318e-01 1.533971983008086681e-03 9.999987483024597168e-01 4.110200388822704554e-04
9.659256935119628906e-01 -1.594145200215280056e-03 2.588149011135101318e-01 1.539827673695981503e-03 9.999987483024597168e-01 4.125890554860234261e-04
9.659252166748046875e-01 -1.658460823819041252e-03 -2.588161230087280273e-01 1.601951313205063343e-03 9.999986290931701660e-01 -4.292369994800537825e-04
9.659251570701599121e-01 -1.677502179518342018e-03 -2.588161230087280273e-01 1.620344002731144428e-03 9.999986290931701660e-01 -4.341652384027838707e-04
7.071064114570617676e-01 1.102725858800113201e-03 -7.071064114570617676e-01 -7.797449943609535694e-04 9.999994039535522461e-01 7.797449943609535694e-04
