Root          : /root/SemanPartMesh
Input         : /root/shared-nvme/dataset/8d46740c472f9d36b7a04b65023ffc59.obj
Output        : /root/SemanPartMesh/compare_8d46740c472f9d36b7a04b65023ffc59_ns3000_50k_topologyloss_20260509_123544/pipeline
Python        : /root/.conda/envs/neurcross/bin/python
Guidance mode : feature
Max faces     : 0
Gradient size : 80
Extract timeout: 3600 (set via passthrough args if needed)
Target ratio  : 1.7
CC max iters  : 3

Running:
  /root/.conda/envs/neurcross/bin/python  /root/SemanPartMesh/run_pipeline.py  --input_mesh  /root/shared-nvme/dataset/8d46740c472f9d36b7a04b65023ffc59.obj  --output_dir  /root/SemanPartMesh/compare_8d46740c472f9d36b7a04b65023ffc59_ns3000_50k_topologyloss_20260509_123544/pipeline  --guidance_mode  feature  --max_faces  0  --gradient_size  80  --extract_timeout  3600  --target_quad_ratio  1.7  --max_catmull_clark_iters  3  --no_timestamp  --sweep_values  8  12  16  24  30  40  60  --keep_sweep_outputs  --gpu_id  0  --n_samples  3000  --n_points  15000  --num_epochs  1  --lr  5e-5  --min_quads  45000  --budget_tolerance_ratio  0.1  --sweep_values  40  60  80  100  120  --keep_extract_intermediates
/root/.conda/envs/partfield/lib/python3.10/site-packages/lightning/fabric/__init__.py:40: pkg_resources is deprecated as an API. See https://setuptools.pypa.io/en/latest/pkg_resources.html. The pkg_resources package is slated for removal as early as 2025-11-30. Refrain from using this package or pin to Setuptools<81.
Seed set to 0
Using 16bit Automatic Mixed Precision (AMP)
/root/.conda/envs/partfield/lib/python3.10/site-packages/lightning/pytorch/plugins/precision/amp.py:55: `torch.cuda.amp.GradScaler(args...)` is deprecated. Please use `torch.amp.GradScaler('cuda', args...)` instead.
GPU available: True (cuda), used: True
TPU available: False, using: 0 TPU cores
IPU available: False, using: 0 IPUs
HPU available: False, using: 0 HPUs
/root/.conda/envs/partfield/lib/python3.10/site-packages/lightning/pytorch/trainer/connectors/logger_connector/logger_connector.py:75: Starting from v1.9.0, `tensorboardX` has been removed as a dependency of the `lightning.pytorch` package, due to potential conflicts with other packages in the ML ecosystem. For this reason, `logger=True` will use `CSVLogger` as the default logger, unless the `tensorboard` or `tensorboardX` packages are found. Please `pip install lightning[extra]` or one of them to enable TensorBoard support by default
You are using a CUDA device ('NVIDIA GeForce RTX 4090') that has Tensor Cores. To properly utilize them, you should set `torch.set_float32_matmul_precision('medium' | 'high')` which will trade-off precision for performance. For more details, read https://pytorch.org/docs/stable/generated/torch.set_float32_matmul_precision.html#torch.set_float32_matmul_precision
[rank: 0] Seed set to 0
Initializing distributed: GLOBAL_RANK: 0, MEMBER: 1/1
----------------------------------------------------------------------------------------------------
distributed_backend=nccl
All distributed processes registered. Starting with 1 processes
----------------------------------------------------------------------------------------------------

Restoring states from the checkpoint path at /root/SemanPartMesh/PartField/model/model_objaverse.ckpt
/root/.conda/envs/partfield/lib/python3.10/site-packages/lightning/fabric/utilities/cloud_io.py:56: You are using `torch.load` with `weights_only=False` (the current default value), which uses the default pickle module implicitly. It is possible to construct malicious pickle data which will execute arbitrary code during unpickling (See https://github.com/pytorch/pytorch/blob/main/SECURITY.md#untrusted-models for more details). In a future release, the default value for `weights_only` will be flipped to `True`. This limits the functions that could be executed during unpickling. Arbitrary objects will no longer be allowed to be loaded via this mode unless they are explicitly allowlisted by the user via `torch.serialization.add_safe_globals`. We recommend you start setting `weights_only=True` for any use case where you don't have full control of the loaded file. Please open an issue on GitHub for any issues related to this experimental feature.
LOCAL_RANK: 0 - CUDA_VISIBLE_DEVICES: [0]
Loaded model weights from the checkpoint at /root/SemanPartMesh/PartField/model/model_objaverse.ckpt
val dataset len: 1
Predicting: |          | 0/? [00:00<?, ?it/s]Predicting:   0%|          | 0/1 [00:00<?, ?it/s]Predicting DataLoader 0:   0%|          | 0/1 [00:00<?, ?it/s]/root/.conda/envs/partfield/lib/python3.10/site-packages/lightning/pytorch/loops/prediction_loop.py:255: predict returned None if it was on purpose, ignore this warning...
Already processed 8d46740c472f9d36b7a04b65023ffc59
Predicting DataLoader 0: 100%|██████████| 1/1 [00:00<00:00, 230.09it/s]Predicting DataLoader 0: 100%|██████████| 1/1 [00:00<00:00, 179.85it/s]before preprocessing...
(14657, 3)
(29314, 3)


[rank0]:[W509 12:36:00.441178748 ProcessGroupNCCL.cpp:1168] Warning: WARNING: process group has NOT been destroyed before we destruct ProcessGroupNCCL. On normal program exit, the application should call destroy_process_group to ensure that any pending NCCL operations have finished in this process. In rare cases this process can exit before this point and block the progress of another member of the process group. This constraint has always been present,  but this warning has only been added since PyTorch 2.4 (function operator())
input params: 
Namespace(alignment_margin=0.0, batch_size=1, data_path='/root/shared-nvme/dataset/8d46740c472f9d36b7a04b65023ffc59.obj', decay_params=[3, 0.2, 3, 0.4, 0.001, 0], decoder_hidden_dim=256, decoder_n_hidden_layers=4, featureLine_threshold=1.0, grad_clip_norm=10.0, grid_res=256, guidance_cap_ratio=0.5, guidance_eikonal_guard=0.0, guidance_mode='feature', guidance_warmup_fraction=0.15, guidance_warmup_type='linear', init_type='siren', instruction_anchor_weight=0.3, instruction_boundary_weight=1.5, instruction_cross_instance_gamma=0.4, instruction_intra_weight=1.0, instruction_meta_path=None, instruction_operation_align_weight=1.0, intra_hard_ratio=0.0, intra_temperature=1.0, latent_size=0, load_path=None, logdir='/root/SemanPartMesh/compare_8d46740c472f9d36b7a04b65023ffc59_ns3000_50k_topologyloss_20260509_123544/pipeline/neurcross_logs', loss_type='siren_wo_n_w_morse_w_theta', loss_weights=[7000.0, 600.0, 10.0, 50.0, 30.0, 3.0, 2000.0], lr=5e-05, model_name='model', morse_decay='linear', morse_near=True, morse_type='l1', n_points=15000, n_samples=3000, nl='sine', nonmnfld_sample_type='gaussian', num_epochs=1, num_workers=0, output_any=False, part_feat_path='/root/SemanPartMesh/PartField/exp_results/pipeline_partfield_features/part_feat_8d46740c472f9d36b7a04b65023ffc59_0_batch.npy', relax_morse=0.5, seed=3627473, semantic_boundary_reward=0.0, semantic_boundary_weight=1.2, semantic_cross_part_gamma=0.6, semantic_distance_sigma=0.0, semantic_diversity_margin=0.3, semantic_diversity_weight=0.5, semantic_gradient_method='jacobian', semantic_intra_weight=1.0, semantic_neighbor_weight=1.5, semantic_normalize_features=1, semantic_pca_dim=0, semantic_soft_boundary_chunk_size=1024, semantic_soft_boundary_temp=0.1, semantic_spatial_cluster_weight=0.0, sphere_init_params=[1.6, 0.1], udf=False, use_morse_nonmnfld_grad=True, use_vertices=False, weight_for_morse=False)
decoder initialising with sine and siren
==========================================================================================
Layer (type:depth-idx)                   Output Shape              Param #
==========================================================================================
Decoder                                  [1, 1024, 1]              --
├─FCBlock: 1-1                           [1, 1024, 1]              --
│    └─Sequential: 2-1                   --                        --
│    │    └─Sequential: 3-1              [1, 1024, 256]            1,024
│    │    └─Sequential: 3-8              --                        (recursive)
│    │    └─Sequential: 3-3              [1, 1024, 256]            65,792
│    │    └─Sequential: 3-8              --                        (recursive)
│    │    └─Sequential: 3-5              [1, 1024, 256]            65,792
│    │    └─Sequential: 3-8              --                        (recursive)
│    │    └─Sequential: 3-7              [1, 1024, 256]            65,792
│    │    └─Sequential: 3-8              --                        (recursive)
│    │    └─Sequential: 3-9              [1, 1024, 256]            65,792
│    │    └─Sequential: 3-10             [1, 1024, 1]              257
├─Identity: 1-2                          [1, 1024, 1]              --
==========================================================================================
Total params: 264,449
Trainable params: 264,449
Non-trainable params: 0
Total mult-adds (M): 0.26
==========================================================================================
Input size (MB): 0.01
Forward/backward pass size (MB): 10.49
Params size (MB): 1.06
Estimated Total Size (MB): 11.56
==========================================================================================
Number of parameters in the current model:4374082
n_iterations:  3000
Semantic label clustering skipped: cannot import name 'cluster_features_spatial' from 'eval.label_utils' (/root/shared-nvme/SemanPartMesh/eval/label_utils.py)
  Semantic gradient: method=jacobian, normalize=True, pca_dim=None, distance_sigma=None
Guidance mode: feature
Weights: [7000.0, 600.0, 10.0, 50.0, 30.0, 3.0, 2000.0], lr=5.000e-05
Epoch: 0 [   0/3000 (0%)] Loss: 725.48206 = L_Mnfld: 638.25586 + L_NonMnfld: 0.56235 + L_Eknl: 34.51354 + L_Morse: 3.54102 + L_thetaHessian: 14.43095 + L_thetaNeighbor: 1.02174 + L_Guidance: 33.15657
Epoch: 0 [   0/3000 (0%)] Unweighted L_s : L_Mnfld: 0.09118 + L_NonMnfld: 0.00094 + L_Eknl: 0.69027 + L_Morse: 1.18034 + L_thetaHessian: 1.44310 + L_thetaNeighbor: 0.03406 + L_Guidance: 0.01658
Feature guidance terms: boundary=0.01382, intra=0.00000, neighbor=0.00000, diversity=0.00000

Weights: [7000.0, 600.0, 10.0, 50.0, 30.0, 3.0, 40.0], lr=5.000e-05
Epoch: 0 [  10/3000 (0%)] Loss: 168.60535 = L_Mnfld: 102.81255 + L_NonMnfld: 12.32728 + L_Eknl: 36.40044 + L_Morse: 3.34443 + L_thetaHessian: 12.30724 + L_thetaNeighbor: 0.75842 + L_Guidance: 0.65497
Epoch: 0 [  10/3000 (0%)] Unweighted L_s : L_Mnfld: 0.01469 + L_NonMnfld: 0.02055 + L_Eknl: 0.72801 + L_Morse: 1.11481 + L_thetaHessian: 1.23072 + L_thetaNeighbor: 0.02528 + L_Guidance: 0.01637
Feature guidance terms: boundary=0.01365, intra=0.00000, neighbor=0.00000, diversity=0.00000

Weights: [7000.0, 600.0, 10.0, 50.0, 30.0, 3.0, 84.44444444444444], lr=5.000e-05
Epoch: 0 [  20/3000 (1%)] Loss: 122.96252 = L_Mnfld: 67.30958 + L_NonMnfld: 3.02667 + L_Eknl: 35.13445 + L_Morse: 4.16167 + L_thetaHessian: 11.21478 + L_thetaNeighbor: 0.72743 + L_Guidance: 1.38794
Epoch: 0 [  20/3000 (1%)] Unweighted L_s : L_Mnfld: 0.00962 + L_NonMnfld: 0.00504 + L_Eknl: 0.70269 + L_Morse: 1.38722 + L_thetaHessian: 1.12148 + L_thetaNeighbor: 0.02425 + L_Guidance: 0.01644
Feature guidance terms: boundary=0.01370, intra=0.00000, neighbor=0.00000, diversity=0.00000

Weights: [7000.0, 600.0, 10.0, 50.0, 30.0, 3.0, 128.8888888888889], lr=5.000e-05
Epoch: 0 [  30/3000 (1%)] Loss: 91.00059 = L_Mnfld: 40.48433 + L_NonMnfld: 0.55354 + L_Eknl: 34.15968 + L_Morse: 3.94794 + L_thetaHessian: 9.03720 + L_thetaNeighbor: 0.70642 + L_Guidance: 2.11147
Epoch: 0 [  30/3000 (1%)] Unweighted L_s : L_Mnfld: 0.00578 + L_NonMnfld: 0.00092 + L_Eknl: 0.68319 + L_Morse: 1.31598 + L_thetaHessian: 0.90372 + L_thetaNeighbor: 0.02355 + L_Guidance: 0.01638
Feature guidance terms: boundary=0.01365, intra=0.00000, neighbor=0.00000, diversity=0.00000

Weights: [7000.0, 600.0, 10.0, 50.0, 30.0, 3.0, 173.33333333333334], lr=5.000e-05
Epoch: 0 [  40/3000 (1%)] Loss: 81.23904 = L_Mnfld: 33.42099 + L_NonMnfld: 0.74442 + L_Eknl: 32.45621 + L_Morse: 3.57171 + L_thetaHessian: 7.50905 + L_thetaNeighbor: 0.70206 + L_Guidance: 2.83461
Epoch: 0 [  40/3000 (1%)] Unweighted L_s : L_Mnfld: 0.00477 + L_NonMnfld: 0.00124 + L_Eknl: 0.64912 + L_Morse: 1.19057 + L_thetaHessian: 0.75091 + L_thetaNeighbor: 0.02340 + L_Guidance: 0.01635
Feature guidance terms: boundary=0.01363, intra=0.00000, neighbor=0.00000, diversity=0.00000

Weights: [7000.0, 600.0, 10.0, 50.0, 30.0, 3.0, 217.77777777777777], lr=5.000e-05
Epoch: 0 [  50/3000 (2%)] Loss: 75.38637 = L_Mnfld: 30.43242 + L_NonMnfld: 0.29250 + L_Eknl: 30.39638 + L_Morse: 3.42615 + L_thetaHessian: 6.59295 + L_thetaNeighbor: 0.69386 + L_Guidance: 3.55211
Epoch: 0 [  50/3000 (2%)] Unweighted L_s : L_Mnfld: 0.00435 + L_NonMnfld: 0.00049 + L_Eknl: 0.60793 + L_Morse: 1.14205 + L_thetaHessian: 0.65929 + L_thetaNeighbor: 0.02313 + L_Guidance: 0.01631
Feature guidance terms: boundary=0.01359, intra=0.00000, neighbor=0.00000, diversity=0.00000

Weights: [7000.0, 600.0, 10.0, 50.0, 30.0, 3.0, 262.22222222222223], lr=5.000e-05
Epoch: 0 [  60/3000 (2%)] Loss: 69.80643 = L_Mnfld: 26.50545 + L_NonMnfld: 0.42642 + L_Eknl: 28.60261 + L_Morse: 3.40477 + L_thetaHessian: 5.90953 + L_thetaNeighbor: 0.69326 + L_Guidance: 4.26440
Epoch: 0 [  60/3000 (2%)] Unweighted L_s : L_Mnfld: 0.00379 + L_NonMnfld: 0.00071 + L_Eknl: 0.57205 + L_Morse: 1.13492 + L_thetaHessian: 0.59095 + L_thetaNeighbor: 0.02311 + L_Guidance: 0.01626
Feature guidance terms: boundary=0.01355, intra=0.00000, neighbor=0.00000, diversity=0.00000

Weights: [7000.0, 600.0, 10.0, 50.0, 30.0, 3.0, 306.6666666666667], lr=5.000e-05
Epoch: 0 [  70/3000 (2%)] Loss: 62.34115 = L_Mnfld: 20.99616 + L_NonMnfld: 0.22833 + L_Eknl: 26.35131 + L_Morse: 3.48129 + L_thetaHessian: 5.62009 + L_thetaNeighbor: 0.69429 + L_Guidance: 4.96966
Epoch: 0 [  70/3000 (2%)] Unweighted L_s : L_Mnfld: 0.00300 + L_NonMnfld: 0.00038 + L_Eknl: 0.52703 + L_Morse: 1.16043 + L_thetaHessian: 0.56201 + L_thetaNeighbor: 0.02314 + L_Guidance: 0.01621
Feature guidance terms: boundary=0.01350, intra=0.00000, neighbor=0.00000, diversity=0.00000

Weights: [7000.0, 600.0, 10.0, 50.0, 30.0, 3.0, 351.11111111111114], lr=5.000e-05
Epoch: 0 [  80/3000 (3%)] Loss: 66.54734 = L_Mnfld: 26.43968 + L_NonMnfld: 0.31118 + L_Eknl: 24.41216 + L_Morse: 3.54845 + L_thetaHessian: 5.46258 + L_thetaNeighbor: 0.70175 + L_Guidance: 5.67155
Epoch: 0 [  80/3000 (3%)] Unweighted L_s : L_Mnfld: 0.00378 + L_NonMnfld: 0.00052 + L_Eknl: 0.48824 + L_Morse: 1.18282 + L_thetaHessian: 0.54626 + L_thetaNeighbor: 0.02339 + L_Guidance: 0.01615
Feature guidance terms: boundary=0.01346, intra=0.00000, neighbor=0.00000, diversity=0.00000

Weights: [7000.0, 600.0, 10.0, 50.0, 30.0, 3.0, 395.5555555555556], lr=5.000e-05
Epoch: 0 [  90/3000 (3%)] Loss: 61.62673 = L_Mnfld: 23.45269 + L_NonMnfld: 0.13266 + L_Eknl: 21.86275 + L_Morse: 3.65214 + L_thetaHessian: 5.46461 + L_thetaNeighbor: 0.70081 + L_Guidance: 6.36108
Epoch: 0 [  90/3000 (3%)] Unweighted L_s : L_Mnfld: 0.00335 + L_NonMnfld: 0.00022 + L_Eknl: 0.43725 + L_Morse: 1.21738 + L_thetaHessian: 0.54646 + L_thetaNeighbor: 0.02336 + L_Guidance: 0.01608
Feature guidance terms: boundary=0.01340, intra=0.00000, neighbor=0.00000, diversity=0.00000

Weights: [7000.0, 600.0, 10.0, 50.0, 30.0, 3.0, 440.00000000000006], lr=5.000e-05
Epoch: 0 [ 100/3000 (3%)] Loss: 64.48190 = L_Mnfld: 27.06172 + L_NonMnfld: 0.22035 + L_Eknl: 20.19480 + L_Morse: 3.78224 + L_thetaHessian: 5.46598 + L_thetaNeighbor: 0.71462 + L_Guidance: 7.04221
Epoch: 0 [ 100/3000 (3%)] Unweighted L_s : L_Mnfld: 0.00387 + L_NonMnfld: 0.00037 + L_Eknl: 0.40390 + L_Morse: 1.26075 + L_thetaHessian: 0.54660 + L_thetaNeighbor: 0.02382 + L_Guidance: 0.01601
Feature guidance terms: boundary=0.01334, intra=0.00000, neighbor=0.00000, diversity=0.00000

Weights: [7000.0, 600.0, 10.0, 50.0, 30.0, 3.0, 484.4444444444445], lr=5.000e-05
Epoch: 0 [ 110/3000 (4%)] Loss: 58.05792 = L_Mnfld: 21.88213 + L_NonMnfld: 0.10898 + L_Eknl: 18.23284 + L_Morse: 3.88993 + L_thetaHessian: 5.51373 + L_thetaNeighbor: 0.73043 + L_Guidance: 7.69987
Epoch: 0 [ 110/3000 (4%)] Unweighted L_s : L_Mnfld: 0.00313 + L_NonMnfld: 0.00018 + L_Eknl: 0.36466 + L_Morse: 1.29664 + L_thetaHessian: 0.55137 + L_thetaNeighbor: 0.02435 + L_Guidance: 0.01589
Feature guidance terms: boundary=0.01325, intra=0.00000, neighbor=0.00000, diversity=0.00000

Weights: [7000.0, 600.0, 10.0, 50.0, 30.0, 3.0, 528.8888888888889], lr=5.000e-05
Epoch: 0 [ 120/3000 (4%)] Loss: 62.70658 = L_Mnfld: 26.46480 + L_NonMnfld: 0.16242 + L_Eknl: 17.55402 + L_Morse: 3.93435 + L_thetaHessian: 5.46540 + L_thetaNeighbor: 0.76253 + L_Guidance: 8.36307
Epoch: 0 [ 120/3000 (4%)] Unweighted L_s : L_Mnfld: 0.00378 + L_NonMnfld: 0.00027 + L_Eknl: 0.35108 + L_Morse: 1.31145 + L_thetaHessian: 0.54654 + L_thetaNeighbor: 0.02542 + L_Guidance: 0.01581
Feature guidance terms: boundary=0.01318, intra=0.00000, neighbor=0.00000, diversity=0.00000

Weights: [7000.0, 600.0, 10.0, 50.0, 30.0, 3.0, 573.3333333333334], lr=5.000e-05
Epoch: 0 [ 130/3000 (4%)] Loss: 56.31048 = L_Mnfld: 20.56807 + L_NonMnfld: 0.10998 + L_Eknl: 16.56634 + L_Morse: 3.91427 + L_thetaHessian: 5.38769 + L_thetaNeighbor: 0.76893 + L_Guidance: 8.99519
Epoch: 0 [ 130/3000 (4%)] Unweighted L_s : L_Mnfld: 0.00294 + L_NonMnfld: 0.00018 + L_Eknl: 0.33133 + L_Morse: 1.30476 + L_thetaHessian: 0.53877 + L_thetaNeighbor: 0.02563 + L_Guidance: 0.01569
Feature guidance terms: boundary=0.01307, intra=0.00000, neighbor=0.00000, diversity=0.00000

Weights: [7000.0, 600.0, 10.0, 50.0, 30.0, 3.0, 617.7777777777777], lr=5.000e-05
Epoch: 0 [ 140/3000 (5%)] Loss: 59.74136 = L_Mnfld: 23.82053 + L_NonMnfld: 0.14640 + L_Eknl: 16.01755 + L_Morse: 3.98251 + L_thetaHessian: 5.37548 + L_thetaNeighbor: 0.78904 + L_Guidance: 9.60984
Epoch: 0 [ 140/3000 (5%)] Unweighted L_s : L_Mnfld: 0.00340 + L_NonMnfld: 0.00024 + L_Eknl: 0.32035 + L_Morse: 1.32750 + L_thetaHessian: 0.53755 + L_thetaNeighbor: 0.02630 + L_Guidance: 0.01556
Feature guidance terms: boundary=0.01296, intra=0.00000, neighbor=0.00000, diversity=0.00000

Weights: [7000.0, 600.0, 10.0, 50.0, 30.0, 3.0, 662.2222222222223], lr=5.000e-05
Epoch: 0 [ 150/3000 (5%)] Loss: 54.57670 = L_Mnfld: 18.88712 + L_NonMnfld: 0.08882 + L_Eknl: 15.28297 + L_Morse: 4.00277 + L_thetaHessian: 5.29809 + L_thetaNeighbor: 0.82280 + L_Guidance: 10.19413
Epoch: 0 [ 150/3000 (5%)] Unweighted L_s : L_Mnfld: 0.00270 + L_NonMnfld: 0.00015 + L_Eknl: 0.30566 + L_Morse: 1.33426 + L_thetaHessian: 0.52981 + L_thetaNeighbor: 0.02743 + L_Guidance: 0.01539
Feature guidance terms: boundary=0.01283, intra=0.00000, neighbor=0.00000, diversity=0.00000

Weights: [7000.0, 600.0, 10.0, 50.0, 30.0, 3.0, 706.6666666666666], lr=5.000e-05
Epoch: 0 [ 160/3000 (5%)] Loss: 61.18534 = L_Mnfld: 25.18022 + L_NonMnfld: 0.11999 + L_Eknl: 14.88708 + L_Morse: 4.09410 + L_thetaHessian: 5.28094 + L_thetaNeighbor: 0.85603 + L_Guidance: 10.76699
Epoch: 0 [ 160/3000 (5%)] Unweighted L_s : L_Mnfld: 0.00360 + L_NonMnfld: 0.00020 + L_Eknl: 0.29774 + L_Morse: 1.36470 + L_thetaHessian: 0.52809 + L_thetaNeighbor: 0.02853 + L_Guidance: 0.01524
Feature guidance terms: boundary=0.01270, intra=0.00000, neighbor=0.00000, diversity=0.00000

Weights: [7000.0, 600.0, 10.0, 50.0, 30.0, 3.0, 751.1111111111112], lr=5.000e-05
Epoch: 0 [ 170/3000 (6%)] Loss: 56.52182 = L_Mnfld: 20.33523 + L_NonMnfld: 0.08080 + L_Eknl: 14.42638 + L_Morse: 4.12988 + L_thetaHessian: 5.27477 + L_thetaNeighbor: 0.91572 + L_Guidance: 11.35903
Epoch: 0 [ 170/3000 (6%)] Unweighted L_s : L_Mnfld: 0.00291 + L_NonMnfld: 0.00013 + L_Eknl: 0.28853 + L_Morse: 1.37663 + L_thetaHessian: 0.52748 + L_thetaNeighbor: 0.03052 + L_Guidance: 0.01512
Feature guidance terms: boundary=0.01260, intra=0.00000, neighbor=0.00000, diversity=0.00000

Weights: [7000.0, 600.0, 10.0, 50.0, 30.0, 3.0, 795.5555555555555], lr=5.000e-05
Epoch: 0 [ 180/3000 (6%)] Loss: 59.53601 = L_Mnfld: 22.90149 + L_NonMnfld: 0.10816 + L_Eknl: 14.23698 + L_Morse: 4.18183 + L_thetaHessian: 5.25929 + L_thetaNeighbor: 0.93352 + L_Guidance: 11.91473
Epoch: 0 [ 180/3000 (6%)] Unweighted L_s : L_Mnfld: 0.00327 + L_NonMnfld: 0.00018 + L_Eknl: 0.28474 + L_Morse: 1.39394 + L_thetaHessian: 0.52593 + L_thetaNeighbor: 0.03112 + L_Guidance: 0.01498
Feature guidance terms: boundary=0.01248, intra=0.00000, neighbor=0.00000, diversity=0.00000

Weights: [7000.0, 600.0, 10.0, 50.0, 30.0, 3.0, 840.0000000000001], lr=5.000e-05
Epoch: 0 [ 190/3000 (6%)] Loss: 55.69942 = L_Mnfld: 19.03094 + L_NonMnfld: 0.06476 + L_Eknl: 13.79828 + L_Morse: 4.23499 + L_thetaHessian: 5.18912 + L_thetaNeighbor: 0.96053 + L_Guidance: 12.42079
Epoch: 0 [ 190/3000 (6%)] Unweighted L_s : L_Mnfld: 0.00272 + L_NonMnfld: 0.00011 + L_Eknl: 0.27597 + L_Morse: 1.41166 + L_thetaHessian: 0.51891 + L_thetaNeighbor: 0.03202 + L_Guidance: 0.01479
Feature guidance terms: boundary=0.01232, intra=0.00000, neighbor=0.00000, diversity=0.00000

Weights: [7000.0, 600.0, 10.0, 50.0, 30.0, 3.0, 884.4444444444443], lr=5.000e-05
Epoch: 0 [ 200/3000 (7%)] Loss: 58.83280 = L_Mnfld: 21.78141 + L_NonMnfld: 0.08962 + L_Eknl: 13.54865 + L_Morse: 4.27858 + L_thetaHessian: 5.20847 + L_thetaNeighbor: 0.98462 + L_Guidance: 12.94145
Epoch: 0 [ 200/3000 (7%)] Unweighted L_s : L_Mnfld: 0.00311 + L_NonMnfld: 0.00015 + L_Eknl: 0.27097 + L_Morse: 1.42619 + L_thetaHessian: 0.52085 + L_thetaNeighbor: 0.03282 + L_Guidance: 0.01463
Feature guidance terms: boundary=0.01219, intra=0.00000, neighbor=0.00000, diversity=0.00000

Weights: [7000.0, 600.0, 10.0, 50.0, 30.0, 3.0, 928.888888888889], lr=5.000e-05
Epoch: 0 [ 210/3000 (7%)] Loss: 54.83988 = L_Mnfld: 17.53085 + L_NonMnfld: 0.06166 + L_Eknl: 13.12789 + L_Morse: 4.31925 + L_thetaHessian: 5.24396 + L_thetaNeighbor: 1.03688 + L_Guidance: 13.51940
Epoch: 0 [ 210/3000 (7%)] Unweighted L_s : L_Mnfld: 0.00250 + L_NonMnfld: 0.00010 + L_Eknl: 0.26256 + L_Morse: 1.43975 + L_thetaHessian: 0.52440 + L_thetaNeighbor: 0.03456 + L_Guidance: 0.01455
Feature guidance terms: boundary=0.01213, intra=0.00000, neighbor=0.00000, diversity=0.00000

Weights: [7000.0, 600.0, 10.0, 50.0, 30.0, 3.0, 973.3333333333333], lr=5.000e-05
Epoch: 0 [ 220/3000 (7%)] Loss: 61.15820 = L_Mnfld: 23.23899 + L_NonMnfld: 0.09300 + L_Eknl: 13.06608 + L_Morse: 4.35110 + L_thetaHessian: 5.34735 + L_thetaNeighbor: 1.03175 + L_Guidance: 14.02992
Epoch: 0 [ 220/3000 (7%)] Unweighted L_s : L_Mnfld: 0.00332 + L_NonMnfld: 0.00016 + L_Eknl: 0.26132 + L_Morse: 1.45037 + L_thetaHessian: 0.53473 + L_thetaNeighbor: 0.03439 + L_Guidance: 0.01441
Feature guidance terms: boundary=0.01201, intra=0.00000, neighbor=0.00000, diversity=0.00000

Weights: [7000.0, 600.0, 10.0, 50.0, 30.0, 3.0, 1017.7777777777779], lr=5.000e-05
Epoch: 0 [ 230/3000 (8%)] Loss: 56.02771 = L_Mnfld: 18.06558 + L_NonMnfld: 0.05801 + L_Eknl: 12.59253 + L_Morse: 4.40087 + L_thetaHessian: 5.29527 + L_thetaNeighbor: 1.11215 + L_Guidance: 14.50329
Epoch: 0 [ 230/3000 (8%)] Unweighted L_s : L_Mnfld: 0.00258 + L_NonMnfld: 0.00010 + L_Eknl: 0.25185 + L_Morse: 1.46696 + L_thetaHessian: 0.52953 + L_thetaNeighbor: 0.03707 + L_Guidance: 0.01425
Feature guidance terms: boundary=0.01187, intra=0.00000, neighbor=0.00000, diversity=0.00000

Weights: [7000.0, 600.0, 10.0, 50.0, 30.0, 3.0, 1062.2222222222222], lr=5.000e-05
Epoch: 0 [ 240/3000 (8%)] Loss: 59.43988 = L_Mnfld: 20.75244 + L_NonMnfld: 0.07709 + L_Eknl: 12.57836 + L_Morse: 4.44978 + L_thetaHessian: 5.39327 + L_thetaNeighbor: 1.10688 + L_Guidance: 15.08206
Epoch: 0 [ 240/3000 (8%)] Unweighted L_s : L_Mnfld: 0.00296 + L_NonMnfld: 0.00013 + L_Eknl: 0.25157 + L_Morse: 1.48326 + L_thetaHessian: 0.53933 + L_thetaNeighbor: 0.03690 + L_Guidance: 0.01420
Feature guidance terms: boundary=0.01183, intra=0.00000, neighbor=0.00000, diversity=0.00000

Weights: [7000.0, 600.0, 10.0, 50.0, 30.0, 3.0, 1106.6666666666667], lr=5.000e-05
Epoch: 0 [ 250/3000 (8%)] Loss: 56.44566 = L_Mnfld: 17.97470 + L_NonMnfld: 0.04580 + L_Eknl: 11.99217 + L_Morse: 4.51127 + L_thetaHessian: 5.33387 + L_thetaNeighbor: 1.15832 + L_Guidance: 15.42953
Epoch: 0 [ 250/3000 (8%)] Unweighted L_s : L_Mnfld: 0.00257 + L_NonMnfld: 0.00008 + L_Eknl: 0.23984 + L_Morse: 1.50376 + L_thetaHessian: 0.53339 + L_thetaNeighbor: 0.03861 + L_Guidance: 0.01394
Feature guidance terms: boundary=0.01162, intra=0.00000, neighbor=0.00000, diversity=0.00000

Weights: [7000.0, 600.0, 10.0, 50.0, 30.0, 3.0, 1151.111111111111], lr=5.000e-05
Epoch: 0 [ 260/3000 (9%)] Loss: 57.73388 = L_Mnfld: 18.79956 + L_NonMnfld: 0.06099 + L_Eknl: 11.94324 + L_Morse: 4.55741 + L_thetaHessian: 5.32712 + L_thetaNeighbor: 1.15784 + L_Guidance: 15.88772
Epoch: 0 [ 260/3000 (9%)] Unweighted L_s : L_Mnfld: 0.00269 + L_NonMnfld: 0.00010 + L_Eknl: 0.23886 + L_Morse: 1.51914 + L_thetaHessian: 0.53271 + L_thetaNeighbor: 0.03859 + L_Guidance: 0.01380
Feature guidance terms: boundary=0.01150, intra=0.00000, neighbor=0.00000, diversity=0.00000

Weights: [7000.0, 600.0, 10.0, 50.0, 30.0, 3.0, 1195.5555555555557], lr=5.000e-05
Epoch: 0 [ 270/3000 (9%)] Loss: 55.34209 = L_Mnfld: 16.08432 + L_NonMnfld: 0.04880 + L_Eknl: 11.62068 + L_Morse: 4.59975 + L_thetaHessian: 5.39392 + L_thetaNeighbor: 1.21612 + L_Guidance: 16.37850
Epoch: 0 [ 270/3000 (9%)] Unweighted L_s : L_Mnfld: 0.00230 + L_NonMnfld: 0.00008 + L_Eknl: 0.23241 + L_Morse: 1.53325 + L_thetaHessian: 0.53939 + L_thetaNeighbor: 0.04054 + L_Guidance: 0.01370
Feature guidance terms: boundary=0.01142, intra=0.00000, neighbor=0.00000, diversity=0.00000

Weights: [7000.0, 600.0, 10.0, 50.0, 30.0, 3.0, 1240.0], lr=5.000e-05
Epoch: 0 [ 280/3000 (9%)] Loss: 57.66491 = L_Mnfld: 17.86464 + L_NonMnfld: 0.07141 + L_Eknl: 11.58318 + L_Morse: 4.60691 + L_thetaHessian: 5.43255 + L_thetaNeighbor: 1.28583 + L_Guidance: 16.82039
Epoch: 0 [ 280/3000 (9%)] Unweighted L_s : L_Mnfld: 0.00255 + L_NonMnfld: 0.00012 + L_Eknl: 0.23166 + L_Morse: 1.53564 + L_thetaHessian: 0.54325 + L_thetaNeighbor: 0.04286 + L_Guidance: 0.01356
Feature guidance terms: boundary=0.01130, intra=0.00000, neighbor=0.00000, diversity=0.00000

Weights: [7000.0, 600.0, 10.0, 50.0, 30.0, 3.0, 1284.4444444444446], lr=5.000e-05
Epoch: 0 [ 290/3000 (10%)] Loss: 56.21313 = L_Mnfld: 16.06948 + L_NonMnfld: 0.04440 + L_Eknl: 11.22712 + L_Morse: 4.68548 + L_thetaHessian: 5.50368 + L_thetaNeighbor: 1.26833 + L_Guidance: 17.41464
Epoch: 0 [ 290/3000 (10%)] Unweighted L_s : L_Mnfld: 0.00230 + L_NonMnfld: 0.00007 + L_Eknl: 0.22454 + L_Morse: 1.56183 + L_thetaHessian: 0.55037 + L_thetaNeighbor: 0.04228 + L_Guidance: 0.01356
Feature guidance terms: boundary=0.01130, intra=0.00000, neighbor=0.00000, diversity=0.00000

Weights: [7000.0, 600.0, 10.0, 50.0, 30.0, 3.0, 1328.888888888889], lr=5.000e-05
Epoch: 0 [ 300/3000 (10%)] Loss: 58.06087 = L_Mnfld: 17.80647 + L_NonMnfld: 0.06037 + L_Eknl: 11.05421 + L_Morse: 4.71178 + L_thetaHessian: 5.41418 + L_thetaNeighbor: 1.27022 + L_Guidance: 17.74364
Epoch: 0 [ 300/3000 (10%)] Unweighted L_s : L_Mnfld: 0.00254 + L_NonMnfld: 0.00010 + L_Eknl: 0.22108 + L_Morse: 1.57059 + L_thetaHessian: 0.54142 + L_thetaNeighbor: 0.04234 + L_Guidance: 0.01335
Feature guidance terms: boundary=0.01113, intra=0.00000, neighbor=0.00000, diversity=0.00000

Weights: [7000.0, 600.0, 10.0, 50.0, 30.0, 3.0, 1373.3333333333333], lr=5.000e-05
Epoch: 0 [ 310/3000 (10%)] Loss: 56.65616 = L_Mnfld: 16.17966 + L_NonMnfld: 0.03935 + L_Eknl: 10.79958 + L_Morse: 4.75864 + L_thetaHessian: 5.48436 + L_thetaNeighbor: 1.32182 + L_Guidance: 18.07275
Epoch: 0 [ 310/3000 (10%)] Unweighted L_s : L_Mnfld: 0.00231 + L_NonMnfld: 0.00007 + L_Eknl: 0.21599 + L_Morse: 1.58621 + L_thetaHessian: 0.54844 + L_thetaNeighbor: 0.04406 + L_Guidance: 0.01316
Feature guidance terms: boundary=0.01097, intra=0.00000, neighbor=0.00000, diversity=0.00000

Weights: [7000.0, 600.0, 10.0, 50.0, 30.0, 3.0, 1417.7777777777778], lr=5.000e-05
Epoch: 0 [ 320/3000 (11%)] Loss: 59.20205 = L_Mnfld: 17.72378 + L_NonMnfld: 0.04915 + L_Eknl: 10.49656 + L_Morse: 4.82596 + L_thetaHessian: 5.75811 + L_thetaNeighbor: 1.36532 + L_Guidance: 18.98317
Epoch: 0 [ 320/3000 (11%)] Unweighted L_s : L_Mnfld: 0.00253 + L_NonMnfld: 0.00008 + L_Eknl: 0.20993 + L_Morse: 1.60865 + L_thetaHessian: 0.57581 + L_thetaNeighbor: 0.04551 + L_Guidance: 0.01339
Feature guidance terms: boundary=0.01116, intra=0.00000, neighbor=0.00000, diversity=0.00000

Weights: [7000.0, 600.0, 10.0, 50.0, 30.0, 3.0, 1462.2222222222224], lr=5.000e-05
Epoch: 0 [ 330/3000 (11%)] Loss: 58.54411 = L_Mnfld: 17.26650 + L_NonMnfld: 0.03804 + L_Eknl: 10.18206 + L_Morse: 4.89595 + L_thetaHessian: 5.64800 + L_thetaNeighbor: 1.37666 + L_Guidance: 19.13690
Epoch: 0 [ 330/3000 (11%)] Unweighted L_s : L_Mnfld: 0.00247 + L_NonMnfld: 0.00006 + L_Eknl: 0.20364 + L_Morse: 1.63198 + L_thetaHessian: 0.56480 + L_thetaNeighbor: 0.04589 + L_Guidance: 0.01309
Feature guidance terms: boundary=0.01091, intra=0.00000, neighbor=0.00000, diversity=0.00000

Weights: [7000.0, 600.0, 10.0, 50.0, 30.0, 3.0, 1506.6666666666667], lr=5.000e-05
Epoch: 0 [ 340/3000 (11%)] Loss: 58.25006 = L_Mnfld: 16.55772 + L_NonMnfld: 0.05471 + L_Eknl: 10.19007 + L_Morse: 4.88234 + L_thetaHessian: 5.69695 + L_thetaNeighbor: 1.45160 + L_Guidance: 19.48357
Epoch: 0 [ 340/3000 (11%)] Unweighted L_s : L_Mnfld: 0.00237 + L_NonMnfld: 0.00009 + L_Eknl: 0.20380 + L_Morse: 1.62745 + L_thetaHessian: 0.56969 + L_thetaNeighbor: 0.04839 + L_Guidance: 0.01293
Feature guidance terms: boundary=0.01078, intra=0.00000, neighbor=0.00000, diversity=0.00000

Weights: [7000.0, 600.0, 10.0, 50.0, 30.0, 3.0, 1551.111111111111], lr=5.000e-05
Epoch: 0 [ 350/3000 (12%)] Loss: 55.80479 = L_Mnfld: 15.17470 + L_NonMnfld: 0.03828 + L_Eknl: 9.89539 + L_Morse: 4.92410 + L_thetaHessian: 5.71564 + L_thetaNeighbor: 1.45507 + L_Guidance: 19.77573
Epoch: 0 [ 350/3000 (12%)] Unweighted L_s : L_Mnfld: 0.00217 + L_NonMnfld: 0.00006 + L_Eknl: 0.19791 + L_Morse: 1.64137 + L_thetaHessian: 0.57156 + L_thetaNeighbor: 0.04850 + L_Guidance: 0.01275
Feature guidance terms: boundary=0.01062, intra=0.00000, neighbor=0.00000, diversity=0.00000

Weights: [7000.0, 600.0, 10.0, 50.0, 30.0, 3.0, 1595.5555555555557], lr=5.000e-05
Epoch: 0 [ 360/3000 (12%)] Loss: 57.77290 = L_Mnfld: 16.33366 + L_NonMnfld: 0.04505 + L_Eknl: 9.66670 + L_Morse: 4.97071 + L_thetaHessian: 5.91091 + L_thetaNeighbor: 1.58824 + L_Guidance: 20.83217
Epoch: 0 [ 360/3000 (12%)] Unweighted L_s : L_Mnfld: 0.00233 + L_NonMnfld: 0.00008 + L_Eknl: 0.19333 + L_Morse: 1.65690 + L_thetaHessian: 0.59109 + L_thetaNeighbor: 0.05294 + L_Guidance: 0.01306
Feature guidance terms: boundary=0.01088, intra=0.00000, neighbor=0.00000, diversity=0.00000

Weights: [7000.0, 600.0, 10.0, 50.0, 30.0, 3.0, 1640.0000000000002], lr=5.000e-05
Epoch: 0 [ 370/3000 (12%)] Loss: 55.58685 = L_Mnfld: 15.15172 + L_NonMnfld: 0.03735 + L_Eknl: 9.34203 + L_Morse: 5.00492 + L_thetaHessian: 5.88188 + L_thetaNeighbor: 1.64001 + L_Guidance: 20.53906
Epoch: 0 [ 370/3000 (12%)] Unweighted L_s : L_Mnfld: 0.00216 + L_NonMnfld: 0.00006 + L_Eknl: 0.18684 + L_Morse: 1.66831 + L_thetaHessian: 0.58819 + L_thetaNeighbor: 0.05467 + L_Guidance: 0.01252
Feature guidance terms: boundary=0.01044, intra=0.00000, neighbor=0.00000, diversity=0.00000

Weights: [7000.0, 600.0, 10.0, 50.0, 30.0, 3.0, 1684.4444444444443], lr=5.000e-05
Epoch: 0 [ 380/3000 (13%)] Loss: 55.96628 = L_Mnfld: 15.63032 + L_NonMnfld: 0.04714 + L_Eknl: 9.22023 + L_Morse: 5.01644 + L_thetaHessian: 5.86812 + L_thetaNeighbor: 1.52859 + L_Guidance: 21.14573
Epoch: 0 [ 380/3000 (13%)] Unweighted L_s : L_Mnfld: 0.00223 + L_NonMnfld: 0.00008 + L_Eknl: 0.18440 + L_Morse: 1.67215 + L_thetaHessian: 0.58681 + L_thetaNeighbor: 0.05095 + L_Guidance: 0.01255
Feature guidance terms: boundary=0.01046, intra=0.00000, neighbor=0.00000, diversity=0.00000

Weights: [7000.0, 600.0, 10.0, 50.0, 30.0, 3.0, 1728.8888888888891], lr=5.000e-05
Epoch: 0 [ 390/3000 (13%)] Loss: 54.69709 = L_Mnfld: 15.06394 + L_NonMnfld: 0.03856 + L_Eknl: 8.82009 + L_Morse: 5.05735 + L_thetaHessian: 5.91657 + L_thetaNeighbor: 1.56823 + L_Guidance: 21.18891
Epoch: 0 [ 390/3000 (13%)] Unweighted L_s : L_Mnfld: 0.00215 + L_NonMnfld: 0.00006 + L_Eknl: 0.17640 + L_Morse: 1.68578 + L_thetaHessian: 0.59166 + L_thetaNeighbor: 0.05227 + L_Guidance: 0.01226
Feature guidance terms: boundary=0.01021, intra=0.00000, neighbor=0.00000, diversity=0.00000

Weights: [7000.0, 600.0, 10.0, 50.0, 30.0, 3.0, 1773.3333333333335], lr=5.000e-05
Epoch: 0 [ 400/3000 (13%)] Loss: 54.31861 = L_Mnfld: 14.94519 + L_NonMnfld: 0.04620 + L_Eknl: 8.59936 + L_Morse: 5.04790 + L_thetaHessian: 5.97276 + L_thetaNeighbor: 1.60101 + L_Guidance: 21.86347
Epoch: 0 [ 400/3000 (13%)] Unweighted L_s : L_Mnfld: 0.00214 + L_NonMnfld: 0.00008 + L_Eknl: 0.17199 + L_Morse: 1.68263 + L_thetaHessian: 0.59728 + L_thetaNeighbor: 0.05337 + L_Guidance: 0.01233
Feature guidance terms: boundary=0.01027, intra=0.00000, neighbor=0.00000, diversity=0.00000

Weights: [7000.0, 600.0, 10.0, 50.0, 30.0, 3.0, 1817.7777777777778], lr=5.000e-05
Epoch: 0 [ 410/3000 (14%)] Loss: 53.00907 = L_Mnfld: 14.29582 + L_NonMnfld: 0.03496 + L_Eknl: 8.30038 + L_Morse: 5.07572 + L_thetaHessian: 6.03826 + L_thetaNeighbor: 1.59424 + L_Guidance: 21.96610
Epoch: 0 [ 410/3000 (14%)] Unweighted L_s : L_Mnfld: 0.00204 + L_NonMnfld: 0.00006 + L_Eknl: 0.16601 + L_Morse: 1.69191 + L_thetaHessian: 0.60383 + L_thetaNeighbor: 0.05314 + L_Guidance: 0.01208
Feature guidance terms: boundary=0.01007, intra=0.00000, neighbor=0.00000, diversity=0.00000

Weights: [7000.0, 600.0, 10.0, 50.0, 30.0, 3.0, 1862.2222222222222], lr=5.000e-05
Epoch: 0 [ 420/3000 (14%)] Loss: 53.33973 = L_Mnfld: 14.48856 + L_NonMnfld: 0.04917 + L_Eknl: 8.25390 + L_Morse: 5.08038 + L_thetaHessian: 6.09515 + L_thetaNeighbor: 1.59267 + L_Guidance: 22.87994
Epoch: 0 [ 420/3000 (14%)] Unweighted L_s : L_Mnfld: 0.00207 + L_NonMnfld: 0.00008 + L_Eknl: 0.16508 + L_Morse: 1.69346 + L_thetaHessian: 0.60951 + L_thetaNeighbor: 0.05309 + L_Guidance: 0.01229
Feature guidance terms: boundary=0.01024, intra=0.00000, neighbor=0.00000, diversity=0.00000

Weights: [7000.0, 600.0, 10.0, 50.0, 30.0, 3.0, 1906.6666666666665], lr=5.000e-05
Epoch: 0 [ 430/3000 (14%)] Loss: 53.99352 = L_Mnfld: 15.23155 + L_NonMnfld: 0.03441 + L_Eknl: 7.81950 + L_Morse: 5.09371 + L_thetaHessian: 6.14878 + L_thetaNeighbor: 1.66772 + L_Guidance: 23.18415
Epoch: 0 [ 430/3000 (14%)] Unweighted L_s : L_Mnfld: 0.00218 + L_NonMnfld: 0.00006 + L_Eknl: 0.15639 + L_Morse: 1.69790 + L_thetaHessian: 0.61488 + L_thetaNeighbor: 0.05559 + L_Guidance: 0.01216
Feature guidance terms: boundary=0.01013, intra=0.00000, neighbor=0.00000, diversity=0.00000

Weights: [7000.0, 600.0, 10.0, 50.0, 30.0, 3.0, 1951.1111111111113], lr=5.000e-05
Epoch: 0 [ 440/3000 (15%)] Loss: 52.19159 = L_Mnfld: 14.19214 + L_NonMnfld: 0.04499 + L_Eknl: 7.65622 + L_Morse: 5.03858 + L_thetaHessian: 6.21172 + L_thetaNeighbor: 1.65075 + L_Guidance: 23.47970
Epoch: 0 [ 440/3000 (15%)] Unweighted L_s : L_Mnfld: 0.00203 + L_NonMnfld: 0.00007 + L_Eknl: 0.15312 + L_Morse: 1.67953 + L_thetaHessian: 0.62117 + L_thetaNeighbor: 0.05503 + L_Guidance: 0.01203
Feature guidance terms: boundary=0.01003, intra=0.00000, neighbor=0.00000, diversity=0.00000

Weights: [7000.0, 600.0, 10.0, 50.0, 30.0, 3.0, 1995.5555555555557], lr=5.000e-05
Epoch: 0 [ 450/3000 (15%)] Loss: 52.95581 = L_Mnfld: 14.92337 + L_NonMnfld: 0.03323 + L_Eknl: 7.45140 + L_Morse: 5.00786 + L_thetaHessian: 6.21693 + L_thetaNeighbor: 1.67109 + L_Guidance: 23.42970
Epoch: 0 [ 450/3000 (15%)] Unweighted L_s : L_Mnfld: 0.00213 + L_NonMnfld: 0.00006 + L_Eknl: 0.14903 + L_Morse: 1.66929 + L_thetaHessian: 0.62169 + L_thetaNeighbor: 0.05570 + L_Guidance: 0.01174
Feature guidance terms: boundary=0.00978, intra=0.00000, neighbor=0.00000, diversity=0.00000

Weights: [7000.0, 600.0, 10.0, 50.0, 30.0, 3.0, 2000.0], lr=5.000e-05
Epoch: 0 [ 460/3000 (15%)] Loss: 50.18148 = L_Mnfld: 12.97957 + L_NonMnfld: 0.04836 + L_Eknl: 7.43791 + L_Morse: 4.93957 + L_thetaHessian: 6.35255 + L_thetaNeighbor: 1.69636 + L_Guidance: 23.94708
Epoch: 0 [ 460/3000 (15%)] Unweighted L_s : L_Mnfld: 0.00185 + L_NonMnfld: 0.00008 + L_Eknl: 0.14876 + L_Morse: 1.64652 + L_thetaHessian: 0.63525 + L_thetaNeighbor: 0.05655 + L_Guidance: 0.01197
Feature guidance terms: boundary=0.00998, intra=0.00000, neighbor=0.00000, diversity=0.00000

Weights: [7000.0, 600.0, 10.0, 50.0, 30.0, 3.0, 2000.0], lr=5.000e-05
Epoch: 0 [ 470/3000 (16%)] Loss: 53.06209 = L_Mnfld: 15.24100 + L_NonMnfld: 0.03485 + L_Eknl: 7.15172 + L_Morse: 4.88515 + L_thetaHessian: 6.30474 + L_thetaNeighbor: 1.75727 + L_Guidance: 23.46111
Epoch: 0 [ 470/3000 (16%)] Unweighted L_s : L_Mnfld: 0.00218 + L_NonMnfld: 0.00006 + L_Eknl: 0.14303 + L_Morse: 1.62838 + L_thetaHessian: 0.63047 + L_thetaNeighbor: 0.05858 + L_Guidance: 0.01173
Feature guidance terms: boundary=0.00978, intra=0.00000, neighbor=0.00000, diversity=0.00000

Weights: [7000.0, 600.0, 10.0, 50.0, 30.0, 3.0, 2000.0], lr=5.000e-05
Epoch: 0 [ 480/3000 (16%)] Loss: 49.24361 = L_Mnfld: 12.70503 + L_NonMnfld: 0.04804 + L_Eknl: 7.02792 + L_Morse: 4.80113 + L_thetaHessian: 6.53681 + L_thetaNeighbor: 1.71014 + L_Guidance: 24.45048
Epoch: 0 [ 480/3000 (16%)] Unweighted L_s : L_Mnfld: 0.00182 + L_NonMnfld: 0.00008 + L_Eknl: 0.14056 + L_Morse: 1.60038 + L_thetaHessian: 0.65368 + L_thetaNeighbor: 0.05700 + L_Guidance: 0.01223
Feature guidance terms: boundary=0.01019, intra=0.00000, neighbor=0.00000, diversity=0.00000

Weights: [7000.0, 600.0, 10.0, 50.0, 30.0, 3.0, 2000.0], lr=5.000e-05
Epoch: 0 [ 490/3000 (16%)] Loss: 54.76071 = L_Mnfld: 16.89684 + L_NonMnfld: 0.03131 + L_Eknl: 6.77065 + L_Morse: 4.72775 + L_thetaHessian: 6.39868 + L_thetaNeighbor: 1.68191 + L_Guidance: 23.88493
Epoch: 0 [ 490/3000 (16%)] Unweighted L_s : L_Mnfld: 0.00241 + L_NonMnfld: 0.00005 + L_Eknl: 0.13541 + L_Morse: 1.57592 + L_thetaHessian: 0.63987 + L_thetaNeighbor: 0.05606 + L_Guidance: 0.01194
Feature guidance terms: boundary=0.00995, intra=0.00000, neighbor=0.00000, diversity=0.00000

Weights: [7000.0, 600.0, 10.0, 50.0, 30.0, 3.0, 2000.0], lr=5.000e-05
Epoch: 0 [ 500/3000 (17%)] Loss: 56.39835 = L_Mnfld: 17.41703 + L_NonMnfld: 0.04836 + L_Eknl: 7.08053 + L_Morse: 4.59716 + L_thetaHessian: 6.67570 + L_thetaNeighbor: 1.78011 + L_Guidance: 24.43934
Epoch: 0 [ 500/3000 (17%)] Unweighted L_s : L_Mnfld: 0.00249 + L_NonMnfld: 0.00008 + L_Eknl: 0.14161 + L_Morse: 1.53239 + L_thetaHessian: 0.66757 + L_thetaNeighbor: 0.05934 + L_Guidance: 0.01222
Feature guidance terms: boundary=0.01018, intra=0.00000, neighbor=0.00000, diversity=0.00000

Weights: [7000.0, 600.0, 10.0, 50.0, 30.0, 3.0, 2000.0], lr=5.000e-05
Epoch: 0 [ 510/3000 (17%)] Loss: 53.82355 = L_Mnfld: 16.35936 + L_NonMnfld: 0.03669 + L_Eknl: 6.66121 + L_Morse: 4.48384 + L_thetaHessian: 6.51134 + L_thetaNeighbor: 1.82993 + L_Guidance: 23.53551
Epoch: 0 [ 510/3000 (17%)] Unweighted L_s : L_Mnfld: 0.00234 + L_NonMnfld: 0.00006 + L_Eknl: 0.13322 + L_Morse: 1.49461 + L_thetaHessian: 0.65113 + L_thetaNeighbor: 0.06100 + L_Guidance: 0.01177
Feature guidance terms: boundary=0.00981, intra=0.00000, neighbor=0.00000, diversity=0.00000

Weights: [7000.0, 600.0, 10.0, 50.0, 30.0, 3.0, 2000.0], lr=5.000e-05
Epoch: 0 [ 520/3000 (17%)] Loss: 49.92467 = L_Mnfld: 14.06924 + L_NonMnfld: 0.04484 + L_Eknl: 6.46913 + L_Morse: 4.35359 + L_thetaHessian: 6.55232 + L_thetaNeighbor: 1.79399 + L_Guidance: 23.60402
Epoch: 0 [ 520/3000 (17%)] Unweighted L_s : L_Mnfld: 0.00201 + L_NonMnfld: 0.00007 + L_Eknl: 0.12938 + L_Morse: 1.45120 + L_thetaHessian: 0.65523 + L_thetaNeighbor: 0.05980 + L_Guidance: 0.01180
Feature guidance terms: boundary=0.00984, intra=0.00000, neighbor=0.00000, diversity=0.00000

Weights: [7000.0, 600.0, 10.0, 50.0, 30.0, 3.0, 2000.0], lr=5.000e-05
Epoch: 0 [ 530/3000 (18%)] Loss: 59.55713 = L_Mnfld: 18.51222 + L_NonMnfld: 0.04402 + L_Eknl: 6.44864 + L_Morse: 4.24525 + L_thetaHessian: 8.44084 + L_thetaNeighbor: 2.01378 + L_Guidance: 30.54992
Epoch: 0 [ 530/3000 (18%)] Unweighted L_s : L_Mnfld: 0.00264 + L_NonMnfld: 0.00007 + L_Eknl: 0.12897 + L_Morse: 1.41508 + L_thetaHessian: 0.84408 + L_thetaNeighbor: 0.06713 + L_Guidance: 0.01527
Feature guidance terms: boundary=0.01273, intra=0.00000, neighbor=0.00000, diversity=0.00000

Weights: [7000.0, 600.0, 10.0, 50.0, 30.0, 3.0, 2000.0], lr=5.000e-05
Epoch: 0 [ 540/3000 (18%)] Loss: 65.13547 = L_Mnfld: 23.94088 + L_NonMnfld: 0.03667 + L_Eknl: 6.33180 + L_Morse: 4.15757 + L_thetaHessian: 7.27031 + L_thetaNeighbor: 1.68641 + L_Guidance: 28.33910
Epoch: 0 [ 540/3000 (18%)] Unweighted L_s : L_Mnfld: 0.00342 + L_NonMnfld: 0.00006 + L_Eknl: 0.12664 + L_Morse: 1.38586 + L_thetaHessian: 0.72703 + L_thetaNeighbor: 0.05621 + L_Guidance: 0.01417
Feature guidance terms: boundary=0.01181, intra=0.00000, neighbor=0.00000, diversity=0.00000

Weights: [7000.0, 600.0, 10.0, 50.0, 30.0, 3.0, 2000.0], lr=5.000e-05
Epoch: 0 [ 550/3000 (18%)] Loss: 71.46684 = L_Mnfld: 27.59101 + L_NonMnfld: 0.06216 + L_Eknl: 7.12177 + L_Morse: 4.19512 + L_thetaHessian: 7.14078 + L_thetaNeighbor: 1.53371 + L_Guidance: 25.90435
Epoch: 0 [ 550/3000 (18%)] Unweighted L_s : L_Mnfld: 0.00394 + L_NonMnfld: 0.00010 + L_Eknl: 0.14244 + L_Morse: 1.39837 + L_thetaHessian: 0.71408 + L_thetaNeighbor: 0.05112 + L_Guidance: 0.01295
Feature guidance terms: boundary=0.01079, intra=0.00000, neighbor=0.00000, diversity=0.00000

Weights: [7000.0, 600.0, 10.0, 50.0, 30.0, 3.0, 2000.0], lr=5.000e-05
Epoch: 0 [ 560/3000 (19%)] Loss: 83.62890 = L_Mnfld: 34.36661 + L_NonMnfld: 0.04670 + L_Eknl: 7.60572 + L_Morse: 4.28759 + L_thetaHessian: 8.24230 + L_thetaNeighbor: 1.53886 + L_Guidance: 27.54112
Epoch: 0 [ 560/3000 (19%)] Unweighted L_s : L_Mnfld: 0.00491 + L_NonMnfld: 0.00008 + L_Eknl: 0.15211 + L_Morse: 1.42920 + L_thetaHessian: 0.82423 + L_thetaNeighbor: 0.05130 + L_Guidance: 0.01377
Feature guidance terms: boundary=0.01148, intra=0.00000, neighbor=0.00000, diversity=0.00000

Weights: [7000.0, 600.0, 10.0, 50.0, 30.0, 3.0, 2000.0], lr=5.000e-05
Epoch: 0 [ 570/3000 (19%)] Loss: 80.79343 = L_Mnfld: 30.21892 + L_NonMnfld: 0.06603 + L_Eknl: 8.84839 + L_Morse: 4.14237 + L_thetaHessian: 9.08686 + L_thetaNeighbor: 1.49972 + L_Guidance: 28.37584
Epoch: 0 [ 570/3000 (19%)] Unweighted L_s : L_Mnfld: 0.00432 + L_NonMnfld: 0.00011 + L_Eknl: 0.17697 + L_Morse: 1.38079 + L_thetaHessian: 0.90869 + L_thetaNeighbor: 0.04999 + L_Guidance: 0.01419
Feature guidance terms: boundary=0.01182, intra=0.00000, neighbor=0.00000, diversity=0.00000

Weights: [7000.0, 600.0, 10.0, 50.0, 30.0, 3.0, 2000.0], lr=5.000e-05
Epoch: 0 [ 580/3000 (19%)] Loss: 63.48291 = L_Mnfld: 22.03565 + L_NonMnfld: 0.06250 + L_Eknl: 7.38982 + L_Morse: 3.76896 + L_thetaHessian: 7.75119 + L_thetaNeighbor: 1.31383 + L_Guidance: 27.80010
Epoch: 0 [ 580/3000 (19%)] Unweighted L_s : L_Mnfld: 0.00315 + L_NonMnfld: 0.00010 + L_Eknl: 0.14780 + L_Morse: 1.25632 + L_thetaHessian: 0.77512 + L_thetaNeighbor: 0.04379 + L_Guidance: 0.01390
Feature guidance terms: boundary=0.01158, intra=0.00000, neighbor=0.00000, diversity=0.00000

Weights: [7000.0, 600.0, 10.0, 50.0, 30.0, 3.0, 2000.0], lr=5.000e-05
Epoch: 0 [ 590/3000 (20%)] Loss: 58.83828 = L_Mnfld: 20.78084 + L_NonMnfld: 0.03308 + L_Eknl: 6.29753 + L_Morse: 3.59784 + L_thetaHessian: 7.22511 + L_thetaNeighbor: 1.29111 + L_Guidance: 27.05833
Epoch: 0 [ 590/3000 (20%)] Unweighted L_s : L_Mnfld: 0.00297 + L_NonMnfld: 0.00006 + L_Eknl: 0.12595 + L_Morse: 1.19928 + L_thetaHessian: 0.72251 + L_thetaNeighbor: 0.04304 + L_Guidance: 0.01353
Feature guidance terms: boundary=0.01127, intra=0.00000, neighbor=0.00000, diversity=0.00000

Weights: [7000.0, 600.0, 10.0, 50.0, 30.0, 3.0, 2000.0], lr=5.000e-05
Epoch: 0 [ 600/3000 (20%)] Loss: 50.47450 = L_Mnfld: 15.95350 + L_NonMnfld: 0.05873 + L_Eknl: 6.19727 + L_Morse: 3.34955 + L_thetaHessian: 6.74119 + L_thetaNeighbor: 1.34943 + L_Guidance: 26.38079
Epoch: 0 [ 600/3000 (20%)] Unweighted L_s : L_Mnfld: 0.00228 + L_NonMnfld: 0.00010 + L_Eknl: 0.12395 + L_Morse: 1.11652 + L_thetaHessian: 0.67412 + L_thetaNeighbor: 0.04498 + L_Guidance: 0.01319
Feature guidance terms: boundary=0.01099, intra=0.00000, neighbor=0.00000, diversity=0.00000

Weights: [7000.0, 600.0, 10.0, 50.0, 30.0, 2.955015, 2000.0], lr=5.000e-05
Epoch: 0 [ 610/3000 (20%)] Loss: 47.19217 = L_Mnfld: 14.48213 + L_NonMnfld: 0.04549 + L_Eknl: 5.78259 + L_Morse: 3.18027 + L_thetaHessian: 6.58604 + L_thetaNeighbor: 1.38493 + L_Guidance: 25.89210
Epoch: 0 [ 610/3000 (20%)] Unweighted L_s : L_Mnfld: 0.00207 + L_NonMnfld: 0.00008 + L_Eknl: 0.11565 + L_Morse: 1.07623 + L_thetaHessian: 0.65860 + L_thetaNeighbor: 0.04616 + L_Guidance: 0.01295
Feature guidance terms: boundary=0.01079, intra=0.00000, neighbor=0.00000, diversity=0.00000

Weights: [7000.0, 600.0, 10.0, 50.0, 30.0, 2.905031666666667, 2000.0], lr=5.000e-05
Epoch: 0 [ 620/3000 (21%)] Loss: 46.77912 = L_Mnfld: 14.54166 + L_NonMnfld: 0.05312 + L_Eknl: 5.69463 + L_Morse: 3.07675 + L_thetaHessian: 6.40353 + L_thetaNeighbor: 1.41639 + L_Guidance: 25.53071
Epoch: 0 [ 620/3000 (21%)] Unweighted L_s : L_Mnfld: 0.00208 + L_NonMnfld: 0.00009 + L_Eknl: 0.11389 + L_Morse: 1.05911 + L_thetaHessian: 0.64035 + L_thetaNeighbor: 0.04721 + L_Guidance: 0.01277
Feature guidance terms: boundary=0.01064, intra=0.00000, neighbor=0.00000, diversity=0.00000

Weights: [7000.0, 600.0, 10.0, 50.0, 30.0, 2.8550483333333334, 2000.0], lr=5.000e-05
Epoch: 0 [ 630/3000 (21%)] Loss: 44.93365 = L_Mnfld: 13.72714 + L_NonMnfld: 0.04141 + L_Eknl: 5.44027 + L_Morse: 2.97049 + L_thetaHessian: 6.32813 + L_thetaNeighbor: 1.44832 + L_Guidance: 25.19554
Epoch: 0 [ 630/3000 (21%)] Unweighted L_s : L_Mnfld: 0.00196 + L_NonMnfld: 0.00007 + L_Eknl: 0.10881 + L_Morse: 1.04044 + L_thetaHessian: 0.63281 + L_thetaNeighbor: 0.04828 + L_Guidance: 0.01260
Feature guidance terms: boundary=0.01050, intra=0.00000, neighbor=0.00000, diversity=0.00000

Weights: [7000.0, 600.0, 10.0, 50.0, 30.0, 2.8050650000000004, 2000.0], lr=5.000e-05
Epoch: 0 [ 640/3000 (21%)] Loss: 44.36196 = L_Mnfld: 13.50531 + L_NonMnfld: 0.05527 + L_Eknl: 5.37424 + L_Morse: 2.85967 + L_thetaHessian: 6.29311 + L_thetaNeighbor: 1.48704 + L_Guidance: 24.85379
Epoch: 0 [ 640/3000 (21%)] Unweighted L_s : L_Mnfld: 0.00193 + L_NonMnfld: 0.00009 + L_Eknl: 0.10748 + L_Morse: 1.01947 + L_thetaHessian: 0.62931 + L_thetaNeighbor: 0.04957 + L_Guidance: 0.01243
Feature guidance terms: boundary=0.01036, intra=0.00000, neighbor=0.00000, diversity=0.00000

Weights: [7000.0, 600.0, 10.0, 50.0, 30.0, 2.755081666666667, 2000.0], lr=5.000e-05
Epoch: 0 [ 650/3000 (22%)] Loss: 42.59032 = L_Mnfld: 12.44229 + L_NonMnfld: 0.04260 + L_Eknl: 5.34806 + L_Morse: 2.78114 + L_thetaHessian: 6.26506 + L_thetaNeighbor: 1.51440 + L_Guidance: 24.59931
Epoch: 0 [ 650/3000 (22%)] Unweighted L_s : L_Mnfld: 0.00178 + L_NonMnfld: 0.00007 + L_Eknl: 0.10696 + L_Morse: 1.00946 + L_thetaHessian: 0.62651 + L_thetaNeighbor: 0.05048 + L_Guidance: 0.01230
Feature guidance terms: boundary=0.01025, intra=0.00000, neighbor=0.00000, diversity=0.00000

Weights: [7000.0, 600.0, 10.0, 50.0, 30.0, 2.7050983333333334, 2000.0], lr=5.000e-05
Epoch: 0 [ 660/3000 (22%)] Loss: 42.18697 = L_Mnfld: 12.44750 + L_NonMnfld: 0.05289 + L_Eknl: 5.16929 + L_Morse: 2.68761 + L_thetaHessian: 6.22868 + L_thetaNeighbor: 1.53868 + L_Guidance: 24.40715
Epoch: 0 [ 660/3000 (22%)] Unweighted L_s : L_Mnfld: 0.00178 + L_NonMnfld: 0.00009 + L_Eknl: 0.10339 + L_Morse: 0.99353 + L_thetaHessian: 0.62287 + L_thetaNeighbor: 0.05129 + L_Guidance: 0.01220
Feature guidance terms: boundary=0.01017, intra=0.00000, neighbor=0.00000, diversity=0.00000

Weights: [7000.0, 600.0, 10.0, 50.0, 30.0, 2.6551150000000003, 2000.0], lr=5.000e-05
Epoch: 0 [ 670/3000 (22%)] Loss: 41.42580 = L_Mnfld: 12.17593 + L_NonMnfld: 0.03697 + L_Eknl: 5.00940 + L_Morse: 2.63409 + L_thetaHessian: 6.21274 + L_thetaNeighbor: 1.54808 + L_Guidance: 24.25244
Epoch: 0 [ 670/3000 (22%)] Unweighted L_s : L_Mnfld: 0.00174 + L_NonMnfld: 0.00006 + L_Eknl: 0.10019 + L_Morse: 0.99208 + L_thetaHessian: 0.62127 + L_thetaNeighbor: 0.05160 + L_Guidance: 0.01213
Feature guidance terms: boundary=0.01011, intra=0.00000, neighbor=0.00000, diversity=0.00000

Weights: [7000.0, 600.0, 10.0, 50.0, 30.0, 2.605131666666667, 2000.0], lr=5.000e-05
Epoch: 0 [ 680/3000 (23%)] Loss: 41.87196 = L_Mnfld: 12.48659 + L_NonMnfld: 0.05726 + L_Eknl: 5.10054 + L_Morse: 2.55946 + L_thetaHessian: 6.14896 + L_thetaNeighbor: 1.56183 + L_Guidance: 24.08289
Epoch: 0 [ 680/3000 (23%)] Unweighted L_s : L_Mnfld: 0.00178 + L_NonMnfld: 0.00010 + L_Eknl: 0.10201 + L_Morse: 0.98247 + L_thetaHessian: 0.61490 + L_thetaNeighbor: 0.05206 + L_Guidance: 0.01204
Feature guidance terms: boundary=0.01003, intra=0.00000, neighbor=0.00000, diversity=0.00000

Weights: [7000.0, 600.0, 10.0, 50.0, 30.0, 2.555148333333334, 2000.0], lr=5.000e-05
Epoch: 0 [ 690/3000 (23%)] Loss: 40.72929 = L_Mnfld: 11.93171 + L_NonMnfld: 0.04072 + L_Eknl: 4.99345 + L_Morse: 2.48388 + L_thetaHessian: 6.12848 + L_thetaNeighbor: 1.57461 + L_Guidance: 23.94833
Epoch: 0 [ 690/3000 (23%)] Unweighted L_s : L_Mnfld: 0.00170 + L_NonMnfld: 0.00007 + L_Eknl: 0.09987 + L_Morse: 0.97211 + L_thetaHessian: 0.61285 + L_thetaNeighbor: 0.05249 + L_Guidance: 0.01197
Feature guidance terms: boundary=0.00998, intra=0.00000, neighbor=0.00000, diversity=0.00000

Weights: [7000.0, 600.0, 10.0, 50.0, 30.0, 2.505165, 2000.0], lr=5.000e-05
Epoch: 0 [ 700/3000 (23%)] Loss: 41.00881 = L_Mnfld: 12.22948 + L_NonMnfld: 0.05247 + L_Eknl: 4.95642 + L_Morse: 2.42365 + L_thetaHessian: 6.09107 + L_thetaNeighbor: 1.58612 + L_Guidance: 23.83227
Epoch: 0 [ 700/3000 (23%)] Unweighted L_s : L_Mnfld: 0.00175 + L_NonMnfld: 0.00009 + L_Eknl: 0.09913 + L_Morse: 0.96746 + L_thetaHessian: 0.60911 + L_thetaNeighbor: 0.05287 + L_Guidance: 0.01192
Feature guidance terms: boundary=0.00993, intra=0.00000, neighbor=0.00000, diversity=0.00000

Weights: [7000.0, 600.0, 10.0, 50.0, 30.0, 2.455181666666667, 2000.0], lr=5.000e-05
Epoch: 0 [ 710/3000 (24%)] Loss: 39.41595 = L_Mnfld: 11.40025 + L_NonMnfld: 0.03812 + L_Eknl: 4.79007 + L_Morse: 2.34614 + L_thetaHessian: 6.10672 + L_thetaNeighbor: 1.59599 + L_Guidance: 23.72420
Epoch: 0 [ 710/3000 (24%)] Unweighted L_s : L_Mnfld: 0.00163 + L_NonMnfld: 0.00006 + L_Eknl: 0.09580 + L_Morse: 0.95559 + L_thetaHessian: 0.61067 + L_thetaNeighbor: 0.05320 + L_Guidance: 0.01186
Feature guidance terms: boundary=0.00989, intra=0.00000, neighbor=0.00000, diversity=0.00000

Weights: [7000.0, 600.0, 10.0, 50.0, 30.0, 2.4051983333333338, 2000.0], lr=5.000e-05
Epoch: 0 [ 720/3000 (24%)] Loss: 41.07558 = L_Mnfld: 12.48145 + L_NonMnfld: 0.04882 + L_Eknl: 4.89081 + L_Morse: 2.30310 + L_thetaHessian: 6.05603 + L_thetaNeighbor: 1.60352 + L_Guidance: 23.64284
Epoch: 0 [ 720/3000 (24%)] Unweighted L_s : L_Mnfld: 0.00178 + L_NonMnfld: 0.00008 + L_Eknl: 0.09782 + L_Morse: 0.95755 + L_thetaHessian: 0.60560 + L_thetaNeighbor: 0.05345 + L_Guidance: 0.01182
Feature guidance terms: boundary=0.00985, intra=0.00000, neighbor=0.00000, diversity=0.00000

Weights: [7000.0, 600.0, 10.0, 50.0, 30.0, 2.3552150000000003, 2000.0], lr=5.000e-05
Epoch: 0 [ 730/3000 (24%)] Loss: 38.10638 = L_Mnfld: 10.74984 + L_NonMnfld: 0.03800 + L_Eknl: 4.75462 + L_Morse: 2.22606 + L_thetaHessian: 6.02690 + L_thetaNeighbor: 1.60883 + L_Guidance: 23.58355
Epoch: 0 [ 730/3000 (24%)] Unweighted L_s : L_Mnfld: 0.00154 + L_NonMnfld: 0.00006 + L_Eknl: 0.09509 + L_Morse: 0.94516 + L_thetaHessian: 0.60269 + L_thetaNeighbor: 0.05363 + L_Guidance: 0.01179
Feature guidance terms: boundary=0.00983, intra=0.00000, neighbor=0.00000, diversity=0.00000

Weights: [7000.0, 600.0, 10.0, 50.0, 30.0, 2.305231666666667, 2000.0], lr=5.000e-05
Epoch: 0 [ 740/3000 (25%)] Loss: 40.57743 = L_Mnfld: 12.48224 + L_NonMnfld: 0.04777 + L_Eknl: 4.73489 + L_Morse: 2.17314 + L_thetaHessian: 6.00288 + L_thetaNeighbor: 1.61071 + L_Guidance: 23.55226
Epoch: 0 [ 740/3000 (25%)] Unweighted L_s : L_Mnfld: 0.00178 + L_NonMnfld: 0.00008 + L_Eknl: 0.09470 + L_Morse: 0.94270 + L_thetaHessian: 0.60029 + L_thetaNeighbor: 0.05369 + L_Guidance: 0.01178
Feature guidance terms: boundary=0.00981, intra=0.00000, neighbor=0.00000, diversity=0.00000

Weights: [7000.0, 600.0, 10.0, 50.0, 30.0, 2.2552483333333333, 2000.0], lr=5.000e-05
Epoch: 0 [ 750/3000 (25%)] Loss: 37.47561 = L_Mnfld: 10.50756 + L_NonMnfld: 0.04236 + L_Eknl: 4.71302 + L_Morse: 2.11064 + L_thetaHessian: 5.98628 + L_thetaNeighbor: 1.62389 + L_Guidance: 23.43528
Epoch: 0 [ 750/3000 (25%)] Unweighted L_s : L_Mnfld: 0.00150 + L_NonMnfld: 0.00007 + L_Eknl: 0.09426 + L_Morse: 0.93588 + L_thetaHessian: 0.59863 + L_thetaNeighbor: 0.05413 + L_Guidance: 0.01172
Feature guidance terms: boundary=0.00976, intra=0.00000, neighbor=0.00000, diversity=0.00000

Weights: [7000.0, 600.0, 10.0, 50.0, 30.0, 2.2052650000000003, 2000.0], lr=5.000e-05
Epoch: 0 [ 760/3000 (25%)] Loss: 40.18684 = L_Mnfld: 12.42937 + L_NonMnfld: 0.05162 + L_Eknl: 4.63708 + L_Morse: 2.07510 + L_thetaHessian: 5.97066 + L_thetaNeighbor: 1.62739 + L_Guidance: 23.38135
Epoch: 0 [ 760/3000 (25%)] Unweighted L_s : L_Mnfld: 0.00178 + L_NonMnfld: 0.00009 + L_Eknl: 0.09274 + L_Morse: 0.94098 + L_thetaHessian: 0.59707 + L_thetaNeighbor: 0.05425 + L_Guidance: 0.01169
Feature guidance terms: boundary=0.00974, intra=0.00000, neighbor=0.00000, diversity=0.00000

Weights: [7000.0, 600.0, 10.0, 50.0, 30.0, 2.1552816666666663, 2000.0], lr=5.000e-05
Epoch: 0 [ 770/3000 (26%)] Loss: 36.86700 = L_Mnfld: 10.34116 + L_NonMnfld: 0.03888 + L_Eknl: 4.58184 + L_Morse: 2.01164 + L_thetaHessian: 5.97350 + L_thetaNeighbor: 1.63099 + L_Guidance: 23.32277
Epoch: 0 [ 770/3000 (26%)] Unweighted L_s : L_Mnfld: 0.00148 + L_NonMnfld: 0.00006 + L_Eknl: 0.09164 + L_Morse: 0.93335 + L_thetaHessian: 0.59735 + L_thetaNeighbor: 0.05437 + L_Guidance: 0.01166
Feature guidance terms: boundary=0.00972, intra=0.00000, neighbor=0.00000, diversity=0.00000

Weights: [7000.0, 600.0, 10.0, 50.0, 30.0, 2.1052983333333337, 2000.0], lr=5.000e-05
Epoch: 0 [ 780/3000 (26%)] Loss: 39.89326 = L_Mnfld: 12.36147 + L_NonMnfld: 0.04199 + L_Eknl: 4.66372 + L_Morse: 1.95638 + L_thetaHessian: 5.93356 + L_thetaNeighbor: 1.63840 + L_Guidance: 23.26742
Epoch: 0 [ 780/3000 (26%)] Unweighted L_s : L_Mnfld: 0.00177 + L_NonMnfld: 0.00007 + L_Eknl: 0.09327 + L_Morse: 0.92926 + L_thetaHessian: 0.59336 + L_thetaNeighbor: 0.05461 + L_Guidance: 0.01163
Feature guidance terms: boundary=0.00969, intra=0.00000, neighbor=0.00000, diversity=0.00000

Weights: [7000.0, 600.0, 10.0, 50.0, 30.0, 2.055315, 2000.0], lr=5.000e-05
Epoch: 0 [ 790/3000 (26%)] Loss: 36.30443 = L_Mnfld: 10.20345 + L_NonMnfld: 0.03147 + L_Eknl: 4.50017 + L_Morse: 1.89607 + L_thetaHessian: 5.92843 + L_thetaNeighbor: 1.64337 + L_Guidance: 23.21532
Epoch: 0 [ 790/3000 (26%)] Unweighted L_s : L_Mnfld: 0.00146 + L_NonMnfld: 0.00005 + L_Eknl: 0.09000 + L_Morse: 0.92252 + L_thetaHessian: 0.59284 + L_thetaNeighbor: 0.05478 + L_Guidance: 0.01161
Feature guidance terms: boundary=0.00967, intra=0.00000, neighbor=0.00000, diversity=0.00000

Weights: [7000.0, 600.0, 10.0, 50.0, 30.0, 2.005331666666667, 2000.0], lr=5.000e-05
Epoch: 0 [ 800/3000 (27%)] Loss: 39.60676 = L_Mnfld: 12.34639 + L_NonMnfld: 0.04086 + L_Eknl: 4.61540 + L_Morse: 1.85187 + L_thetaHessian: 5.90273 + L_thetaNeighbor: 1.64726 + L_Guidance: 23.16827
Epoch: 0 [ 800/3000 (27%)] Unweighted L_s : L_Mnfld: 0.00176 + L_NonMnfld: 0.00007 + L_Eknl: 0.09231 + L_Morse: 0.92347 + L_thetaHessian: 0.59027 + L_thetaNeighbor: 0.05491 + L_Guidance: 0.01158
Feature guidance terms: boundary=0.00965, intra=0.00000, neighbor=0.00000, diversity=0.00000

Weights: [7000.0, 600.0, 10.0, 50.0, 30.0, 1.9553483333333335, 2000.0], lr=5.000e-05
Epoch: 0 [ 810/3000 (27%)] Loss: 35.52353 = L_Mnfld: 9.91551 + L_NonMnfld: 0.03316 + L_Eknl: 4.39182 + L_Morse: 1.79809 + L_thetaHessian: 5.89504 + L_thetaNeighbor: 1.64872 + L_Guidance: 23.10652
Epoch: 0 [ 810/3000 (27%)] Unweighted L_s : L_Mnfld: 0.00142 + L_NonMnfld: 0.00006 + L_Eknl: 0.08784 + L_Morse: 0.91958 + L_thetaHessian: 0.58950 + L_thetaNeighbor: 0.05496 + L_Guidance: 0.01155
Feature guidance terms: boundary=0.00963, intra=0.00000, neighbor=0.00000, diversity=0.00000

Weights: [7000.0, 600.0, 10.0, 50.0, 30.0, 1.905365, 2000.0], lr=5.000e-05
Epoch: 0 [ 820/3000 (27%)] Loss: 39.37799 = L_Mnfld: 12.47773 + L_NonMnfld: 0.04164 + L_Eknl: 4.46085 + L_Morse: 1.75357 + L_thetaHessian: 5.86078 + L_thetaNeighbor: 1.65743 + L_Guidance: 23.09456
Epoch: 0 [ 820/3000 (27%)] Unweighted L_s : L_Mnfld: 0.00178 + L_NonMnfld: 0.00007 + L_Eknl: 0.08922 + L_Morse: 0.92033 + L_thetaHessian: 0.58608 + L_thetaNeighbor: 0.05525 + L_Guidance: 0.01155
Feature guidance terms: boundary=0.00962, intra=0.00000, neighbor=0.00000, diversity=0.00000

Weights: [7000.0, 600.0, 10.0, 50.0, 30.0, 1.855381666666667, 2000.0], lr=5.000e-05
Epoch: 0 [ 830/3000 (28%)] Loss: 35.80531 = L_Mnfld: 10.17500 + L_NonMnfld: 0.03448 + L_Eknl: 4.41128 + L_Morse: 1.70443 + L_thetaHessian: 5.88862 + L_thetaNeighbor: 1.65639 + L_Guidance: 23.00868
Epoch: 0 [ 830/3000 (28%)] Unweighted L_s : L_Mnfld: 0.00145 + L_NonMnfld: 0.00006 + L_Eknl: 0.08823 + L_Morse: 0.91864 + L_thetaHessian: 0.58886 + L_thetaNeighbor: 0.05521 + L_Guidance: 0.01150
Feature guidance terms: boundary=0.00959, intra=0.00000, neighbor=0.00000, diversity=0.00000

Weights: [7000.0, 600.0, 10.0, 50.0, 30.0, 1.8053983333333334, 2000.0], lr=5.000e-05
Epoch: 0 [ 840/3000 (28%)] Loss: 39.03591 = L_Mnfld: 12.29955 + L_NonMnfld: 0.04123 + L_Eknl: 4.49117 + L_Morse: 1.66350 + L_thetaHessian: 5.86566 + L_thetaNeighbor: 1.66283 + L_Guidance: 22.95562
Epoch: 0 [ 840/3000 (28%)] Unweighted L_s : L_Mnfld: 0.00176 + L_NonMnfld: 0.00007 + L_Eknl: 0.08982 + L_Morse: 0.92140 + L_thetaHessian: 0.58657 + L_thetaNeighbor: 0.05543 + L_Guidance: 0.01148
Feature guidance terms: boundary=0.00956, intra=0.00000, neighbor=0.00000, diversity=0.00000

Weights: [7000.0, 600.0, 10.0, 50.0, 30.0, 1.7554150000000006, 2000.0], lr=5.000e-05
Epoch: 0 [ 850/3000 (28%)] Loss: 35.59637 = L_Mnfld: 10.15126 + L_NonMnfld: 0.03164 + L_Eknl: 4.36447 + L_Morse: 1.62219 + L_thetaHessian: 5.89039 + L_thetaNeighbor: 1.67097 + L_Guidance: 22.89226
Epoch: 0 [ 850/3000 (28%)] Unweighted L_s : L_Mnfld: 0.00145 + L_NonMnfld: 0.00005 + L_Eknl: 0.08729 + L_Morse: 0.92411 + L_thetaHessian: 0.58904 + L_thetaNeighbor: 0.05570 + L_Guidance: 0.01145
Feature guidance terms: boundary=0.00954, intra=0.00000, neighbor=0.00000, diversity=0.00000

Weights: [7000.0, 600.0, 10.0, 50.0, 30.0, 1.705431666666667, 2000.0], lr=5.000e-05
Epoch: 0 [ 860/3000 (29%)] Loss: 38.12390 = L_Mnfld: 11.94844 + L_NonMnfld: 0.04132 + L_Eknl: 4.31422 + L_Morse: 1.58413 + L_thetaHessian: 5.85650 + L_thetaNeighbor: 1.67132 + L_Guidance: 22.88169
Epoch: 0 [ 860/3000 (29%)] Unweighted L_s : L_Mnfld: 0.00171 + L_NonMnfld: 0.00007 + L_Eknl: 0.08628 + L_Morse: 0.92887 + L_thetaHessian: 0.58565 + L_thetaNeighbor: 0.05571 + L_Guidance: 0.01144
Feature guidance terms: boundary=0.00953, intra=0.00000, neighbor=0.00000, diversity=0.00000

Weights: [7000.0, 600.0, 10.0, 50.0, 30.0, 1.6554483333333332, 2000.0], lr=5.000e-05
Epoch: 0 [ 870/3000 (29%)] Loss: 36.63787 = L_Mnfld: 10.97737 + L_NonMnfld: 0.03106 + L_Eknl: 4.32566 + L_Morse: 1.54337 + L_thetaHessian: 5.86930 + L_thetaNeighbor: 1.67847 + L_Guidance: 22.80765
Epoch: 0 [ 870/3000 (29%)] Unweighted L_s : L_Mnfld: 0.00157 + L_NonMnfld: 0.00005 + L_Eknl: 0.08651 + L_Morse: 0.93230 + L_thetaHessian: 0.58693 + L_thetaNeighbor: 0.05595 + L_Guidance: 0.01140
Feature guidance terms: boundary=0.00950, intra=0.00000, neighbor=0.00000, diversity=0.00000

Weights: [7000.0, 600.0, 10.0, 50.0, 30.0, 1.6054650000000006, 2000.0], lr=5.000e-05
Epoch: 0 [ 880/3000 (29%)] Loss: 38.33948 = L_Mnfld: 12.05057 + L_NonMnfld: 0.03744 + L_Eknl: 4.38515 + L_Morse: 1.50228 + L_thetaHessian: 5.88881 + L_thetaNeighbor: 1.69541 + L_Guidance: 22.89480
Epoch: 0 [ 880/3000 (29%)] Unweighted L_s : L_Mnfld: 0.00172 + L_NonMnfld: 0.00006 + L_Eknl: 0.08770 + L_Morse: 0.93573 + L_thetaHessian: 0.58888 + L_thetaNeighbor: 0.05651 + L_Guidance: 0.01145
Feature guidance terms: boundary=0.00954, intra=0.00000, neighbor=0.00000, diversity=0.00000

Weights: [7000.0, 600.0, 10.0, 50.0, 30.0, 1.5554816666666667, 2000.0], lr=5.000e-05
Epoch: 0 [ 890/3000 (30%)] Loss: 36.44535 = L_Mnfld: 10.93883 + L_NonMnfld: 0.03262 + L_Eknl: 4.31167 + L_Morse: 1.45839 + L_thetaHessian: 5.86234 + L_thetaNeighbor: 1.69305 + L_Guidance: 22.69991
Epoch: 0 [ 890/3000 (30%)] Unweighted L_s : L_Mnfld: 0.00156 + L_NonMnfld: 0.00005 + L_Eknl: 0.08623 + L_Morse: 0.93758 + L_thetaHessian: 0.58623 + L_thetaNeighbor: 0.05643 + L_Guidance: 0.01135
Feature guidance terms: boundary=0.00946, intra=0.00000, neighbor=0.00000, diversity=0.00000

Weights: [7000.0, 600.0, 10.0, 50.0, 30.0, 1.5054983333333332, 2000.0], lr=5.000e-05
Epoch: 0 [ 900/3000 (30%)] Loss: 37.64696 = L_Mnfld: 11.62912 + L_NonMnfld: 0.03940 + L_Eknl: 4.38288 + L_Morse: 1.41722 + L_thetaHessian: 5.88538 + L_thetaNeighbor: 1.74397 + L_Guidance: 22.79928
Epoch: 0 [ 900/3000 (30%)] Unweighted L_s : L_Mnfld: 0.00166 + L_NonMnfld: 0.00007 + L_Eknl: 0.08766 + L_Morse: 0.94136 + L_thetaHessian: 0.58854 + L_thetaNeighbor: 0.05813 + L_Guidance: 0.01140
Feature guidance terms: boundary=0.00950, intra=0.00000, neighbor=0.00000, diversity=0.00000

Weights: [7000.0, 600.0, 10.0, 50.0, 30.0, 1.4555150000000001, 2000.0], lr=5.000e-05
Epoch: 0 [ 910/3000 (30%)] Loss: 35.53059 = L_Mnfld: 10.52983 + L_NonMnfld: 0.03211 + L_Eknl: 4.23068 + L_Morse: 1.35135 + L_thetaHessian: 5.82220 + L_thetaNeighbor: 1.72089 + L_Guidance: 22.65872
Epoch: 0 [ 910/3000 (30%)] Unweighted L_s : L_Mnfld: 0.00150 + L_NonMnfld: 0.00005 + L_Eknl: 0.08461 + L_Morse: 0.92843 + L_thetaHessian: 0.58222 + L_thetaNeighbor: 0.05736 + L_Guidance: 0.01133
Feature guidance terms: boundary=0.00944, intra=0.00000, neighbor=0.00000, diversity=0.00000

Weights: [7000.0, 600.0, 10.0, 50.0, 30.0, 1.4055316666666666, 2000.0], lr=5.000e-05
Epoch: 0 [ 920/3000 (31%)] Loss: 37.48023 = L_Mnfld: 11.72120 + L_NonMnfld: 0.03661 + L_Eknl: 4.31170 + L_Morse: 1.31535 + L_thetaHessian: 5.84819 + L_thetaNeighbor: 1.75377 + L_Guidance: 22.69839
Epoch: 0 [ 920/3000 (31%)] Unweighted L_s : L_Mnfld: 0.00167 + L_NonMnfld: 0.00006 + L_Eknl: 0.08623 + L_Morse: 0.93584 + L_thetaHessian: 0.58482 + L_thetaNeighbor: 0.05846 + L_Guidance: 0.01135
Feature guidance terms: boundary=0.00946, intra=0.00000, neighbor=0.00000, diversity=0.00000

Weights: [7000.0, 600.0, 10.0, 50.0, 30.0, 1.355548333333334, 2000.0], lr=5.000e-05
Epoch: 0 [ 930/3000 (31%)] Loss: 35.28307 = L_Mnfld: 10.48701 + L_NonMnfld: 0.03658 + L_Eknl: 4.22656 + L_Morse: 1.25804 + L_thetaHessian: 5.78791 + L_thetaNeighbor: 1.72595 + L_Guidance: 22.61445
Epoch: 0 [ 930/3000 (31%)] Unweighted L_s : L_Mnfld: 0.00150 + L_NonMnfld: 0.00006 + L_Eknl: 0.08453 + L_Morse: 0.92807 + L_thetaHessian: 0.57879 + L_thetaNeighbor: 0.05753 + L_Guidance: 0.01131
Feature guidance terms: boundary=0.00942, intra=0.00000, neighbor=0.00000, diversity=0.00000

Weights: [7000.0, 600.0, 10.0, 50.0, 30.0, 1.305565, 2000.0], lr=5.000e-05
Epoch: 0 [ 940/3000 (31%)] Loss: 37.13602 = L_Mnfld: 11.67054 + L_NonMnfld: 0.03655 + L_Eknl: 4.28137 + L_Morse: 1.22814 + L_thetaHessian: 5.82004 + L_thetaNeighbor: 1.72070 + L_Guidance: 22.51275
Epoch: 0 [ 940/3000 (31%)] Unweighted L_s : L_Mnfld: 0.00167 + L_NonMnfld: 0.00006 + L_Eknl: 0.08563 + L_Morse: 0.94069 + L_thetaHessian: 0.58200 + L_thetaNeighbor: 0.05736 + L_Guidance: 0.01126
Feature guidance terms: boundary=0.00938, intra=0.00000, neighbor=0.00000, diversity=0.00000

Weights: [7000.0, 600.0, 10.0, 50.0, 30.0, 1.2555816666666666, 2000.0], lr=5.000e-05
Epoch: 0 [ 950/3000 (32%)] Loss: 34.55278 = L_Mnfld: 10.21983 + L_NonMnfld: 0.03750 + L_Eknl: 4.13620 + L_Morse: 1.16895 + L_thetaHessian: 5.75297 + L_thetaNeighbor: 1.71974 + L_Guidance: 22.47458
Epoch: 0 [ 950/3000 (32%)] Unweighted L_s : L_Mnfld: 0.00146 + L_NonMnfld: 0.00006 + L_Eknl: 0.08272 + L_Morse: 0.93100 + L_thetaHessian: 0.57530 + L_thetaNeighbor: 0.05732 + L_Guidance: 0.01124
Feature guidance terms: boundary=0.00936, intra=0.00000, neighbor=0.00000, diversity=0.00000

Weights: [7000.0, 600.0, 10.0, 50.0, 30.0, 1.2055983333333335, 2000.0], lr=5.000e-05
Epoch: 0 [ 960/3000 (32%)] Loss: 36.21740 = L_Mnfld: 11.32084 + L_NonMnfld: 0.03511 + L_Eknl: 4.21284 + L_Morse: 1.13029 + L_thetaHessian: 5.72540 + L_thetaNeighbor: 1.72045 + L_Guidance: 22.45553
Epoch: 0 [ 960/3000 (32%)] Unweighted L_s : L_Mnfld: 0.00162 + L_NonMnfld: 0.00006 + L_Eknl: 0.08426 + L_Morse: 0.93753 + L_thetaHessian: 0.57254 + L_thetaNeighbor: 0.05735 + L_Guidance: 0.01123
Feature guidance terms: boundary=0.00936, intra=0.00000, neighbor=0.00000, diversity=0.00000

Weights: [7000.0, 600.0, 10.0, 50.0, 30.0, 1.155615, 2000.0], lr=5.000e-05
Epoch: 0 [ 970/3000 (32%)] Loss: 34.04007 = L_Mnfld: 9.99275 + L_NonMnfld: 0.03676 + L_Eknl: 4.14638 + L_Morse: 1.08122 + L_thetaHessian: 5.71948 + L_thetaNeighbor: 1.71680 + L_Guidance: 22.37129
Epoch: 0 [ 970/3000 (32%)] Unweighted L_s : L_Mnfld: 0.00143 + L_NonMnfld: 0.00006 + L_Eknl: 0.08293 + L_Morse: 0.93562 + L_thetaHessian: 0.57195 + L_thetaNeighbor: 0.05723 + L_Guidance: 0.01119
Feature guidance terms: boundary=0.00932, intra=0.00000, neighbor=0.00000, diversity=0.00000

Weights: [7000.0, 600.0, 10.0, 50.0, 30.0, 1.1056316666666672, 2000.0], lr=5.000e-05
Epoch: 0 [ 980/3000 (33%)] Loss: 35.89466 = L_Mnfld: 11.39090 + L_NonMnfld: 0.03209 + L_Eknl: 4.08218 + L_Morse: 1.03355 + L_thetaHessian: 5.67498 + L_thetaNeighbor: 1.71609 + L_Guidance: 22.33877
Epoch: 0 [ 980/3000 (33%)] Unweighted L_s : L_Mnfld: 0.00163 + L_NonMnfld: 0.00005 + L_Eknl: 0.08164 + L_Morse: 0.93480 + L_thetaHessian: 0.56750 + L_thetaNeighbor: 0.05720 + L_Guidance: 0.01117
Feature guidance terms: boundary=0.00931, intra=0.00000, neighbor=0.00000, diversity=0.00000

Weights: [7000.0, 600.0, 10.0, 50.0, 30.0, 1.0556483333333335, 2000.0], lr=5.000e-05
Epoch: 0 [ 990/3000 (33%)] Loss: 33.48401 = L_Mnfld: 9.80599 + L_NonMnfld: 0.03591 + L_Eknl: 4.06294 + L_Morse: 0.98558 + L_thetaHessian: 5.70434 + L_thetaNeighbor: 1.72792 + L_Guidance: 22.37414
Epoch: 0 [ 990/3000 (33%)] Unweighted L_s : L_Mnfld: 0.00140 + L_NonMnfld: 0.00006 + L_Eknl: 0.08126 + L_Morse: 0.93362 + L_thetaHessian: 0.57043 + L_thetaNeighbor: 0.05760 + L_Guidance: 0.01119
Feature guidance terms: boundary=0.00932, intra=0.00000, neighbor=0.00000, diversity=0.00000

Weights: [7000.0, 600.0, 10.0, 50.0, 30.0, 1.005665, 2000.0], lr=5.000e-05
Epoch: 0 [1000/3000 (33%)] Loss: 36.16750 = L_Mnfld: 11.48745 + L_NonMnfld: 0.03272 + L_Eknl: 4.12411 + L_Morse: 0.94174 + L_thetaHessian: 5.74162 + L_thetaNeighbor: 1.78403 + L_Guidance: 22.59632
Epoch: 0 [1000/3000 (33%)] Unweighted L_s : L_Mnfld: 0.00164 + L_NonMnfld: 0.00005 + L_Eknl: 0.08248 + L_Morse: 0.93644 + L_thetaHessian: 0.57416 + L_thetaNeighbor: 0.05947 + L_Guidance: 0.01130
Feature guidance terms: boundary=0.00942, intra=0.00000, neighbor=0.00000, diversity=0.00000

Weights: [7000.0, 600.0, 10.0, 50.0, 30.0, 0.955681666666667, 2000.0], lr=5.000e-05
Epoch: 0 [1010/3000 (34%)] Loss: 32.60965 = L_Mnfld: 9.37965 + L_NonMnfld: 0.03172 + L_Eknl: 4.01951 + L_Morse: 0.89522 + L_thetaHessian: 5.68342 + L_thetaNeighbor: 1.73025 + L_Guidance: 22.27282
Epoch: 0 [1010/3000 (34%)] Unweighted L_s : L_Mnfld: 0.00134 + L_NonMnfld: 0.00005 + L_Eknl: 0.08039 + L_Morse: 0.93674 + L_thetaHessian: 0.56834 + L_thetaNeighbor: 0.05767 + L_Guidance: 0.01114
Feature guidance terms: boundary=0.00928, intra=0.00000, neighbor=0.00000, diversity=0.00000

Weights: [7000.0, 600.0, 10.0, 50.0, 30.0, 0.9056983333333335, 2000.0], lr=5.000e-05
Epoch: 0 [1020/3000 (34%)] Loss: 36.34081 = L_Mnfld: 11.89390 + L_NonMnfld: 0.03830 + L_Eknl: 4.06338 + L_Morse: 0.85388 + L_thetaHessian: 5.65703 + L_thetaNeighbor: 1.72072 + L_Guidance: 22.24377
Epoch: 0 [1020/3000 (34%)] Unweighted L_s : L_Mnfld: 0.00170 + L_NonMnfld: 0.00006 + L_Eknl: 0.08127 + L_Morse: 0.94278 + L_thetaHessian: 0.56570 + L_thetaNeighbor: 0.05736 + L_Guidance: 0.01112
Feature guidance terms: boundary=0.00927, intra=0.00000, neighbor=0.00000, diversity=0.00000

Weights: [7000.0, 600.0, 10.0, 50.0, 30.0, 0.855715, 2000.0], lr=5.000e-05
Epoch: 0 [1030/3000 (34%)] Loss: 32.97417 = L_Mnfld: 9.70371 + L_NonMnfld: 0.02482 + L_Eknl: 4.04540 + L_Morse: 0.80833 + L_thetaHessian: 5.67951 + L_thetaNeighbor: 1.72101 + L_Guidance: 22.26064
Epoch: 0 [1030/3000 (34%)] Unweighted L_s : L_Mnfld: 0.00139 + L_NonMnfld: 0.00004 + L_Eknl: 0.08091 + L_Morse: 0.94463 + L_thetaHessian: 0.56795 + L_thetaNeighbor: 0.05737 + L_Guidance: 0.01113
Feature guidance terms: boundary=0.00928, intra=0.00000, neighbor=0.00000, diversity=0.00000

Weights: [7000.0, 600.0, 10.0, 50.0, 30.0, 0.805731666666667, 2000.0], lr=5.000e-05
Epoch: 0 [1040/3000 (35%)] Loss: 36.34670 = L_Mnfld: 11.86847 + L_NonMnfld: 0.03486 + L_Eknl: 4.14047 + L_Morse: 0.76977 + L_thetaHessian: 5.67943 + L_thetaNeighbor: 1.73813 + L_Guidance: 22.15216
Epoch: 0 [1040/3000 (35%)] Unweighted L_s : L_Mnfld: 0.00170 + L_NonMnfld: 0.00006 + L_Eknl: 0.08281 + L_Morse: 0.95537 + L_thetaHessian: 0.56794 + L_thetaNeighbor: 0.05794 + L_Guidance: 0.01108
Feature guidance terms: boundary=0.00923, intra=0.00000, neighbor=0.00000, diversity=0.00000

Weights: [7000.0, 600.0, 10.0, 50.0, 30.0, 0.7557483333333335, 2000.0], lr=5.000e-05
Epoch: 0 [1050/3000 (35%)] Loss: 33.96291 = L_Mnfld: 10.12347 + L_NonMnfld: 0.02533 + L_Eknl: 4.07529 + L_Morse: 0.72833 + L_thetaHessian: 5.80566 + L_thetaNeighbor: 1.88386 + L_Guidance: 22.52151
Epoch: 0 [1050/3000 (35%)] Unweighted L_s : L_Mnfld: 0.00145 + L_NonMnfld: 0.00004 + L_Eknl: 0.08151 + L_Morse: 0.96373 + L_thetaHessian: 0.58057 + L_thetaNeighbor: 0.06280 + L_Guidance: 0.01126
Feature guidance terms: boundary=0.00938, intra=0.00000, neighbor=0.00000, diversity=0.00000

Weights: [7000.0, 600.0, 10.0, 50.0, 30.0, 0.7057650000000004, 2000.0], lr=5.000e-05
Epoch: 0 [1060/3000 (35%)] Loss: 37.06740 = L_Mnfld: 12.20005 + L_NonMnfld: 0.03488 + L_Eknl: 4.17963 + L_Morse: 0.70234 + L_thetaHessian: 5.77173 + L_thetaNeighbor: 1.82297 + L_Guidance: 22.40057
Epoch: 0 [1060/3000 (35%)] Unweighted L_s : L_Mnfld: 0.00174 + L_NonMnfld: 0.00006 + L_Eknl: 0.08359 + L_Morse: 0.99515 + L_thetaHessian: 0.57717 + L_thetaNeighbor: 0.06077 + L_Guidance: 0.01120
Feature guidance terms: boundary=0.00933, intra=0.00000, neighbor=0.00000, diversity=0.00000

Weights: [7000.0, 600.0, 10.0, 50.0, 30.0, 0.6557816666666669, 2000.0], lr=5.000e-05
Epoch: 0 [1070/3000 (36%)] Loss: 38.39907 = L_Mnfld: 11.60086 + L_NonMnfld: 0.02902 + L_Eknl: 4.32379 + L_Morse: 0.64560 + L_thetaHessian: 6.90538 + L_thetaNeighbor: 2.09474 + L_Guidance: 26.67099
Epoch: 0 [1070/3000 (36%)] Unweighted L_s : L_Mnfld: 0.00166 + L_NonMnfld: 0.00005 + L_Eknl: 0.08648 + L_Morse: 0.98447 + L_thetaHessian: 0.69054 + L_thetaNeighbor: 0.06982 + L_Guidance: 0.01334
Feature guidance terms: boundary=0.01111, intra=0.00000, neighbor=0.00000, diversity=0.00000

Weights: [7000.0, 600.0, 10.0, 50.0, 30.0, 0.6057983333333334, 2000.0], lr=5.000e-05
Epoch: 0 [1080/3000 (36%)] Loss: 39.86214 = L_Mnfld: 13.52293 + L_NonMnfld: 0.03864 + L_Eknl: 4.46819 + L_Morse: 0.61635 + L_thetaHessian: 6.33268 + L_thetaNeighbor: 1.59598 + L_Guidance: 26.84309
Epoch: 0 [1080/3000 (36%)] Unweighted L_s : L_Mnfld: 0.00193 + L_NonMnfld: 0.00006 + L_Eknl: 0.08936 + L_Morse: 1.01741 + L_thetaHessian: 0.63327 + L_thetaNeighbor: 0.05320 + L_Guidance: 0.01342
Feature guidance terms: boundary=0.01118, intra=0.00000, neighbor=0.00000, diversity=0.00000

Weights: [7000.0, 600.0, 10.0, 50.0, 30.0, 0.5558150000000004, 2000.0], lr=5.000e-05
Epoch: 0 [1090/3000 (36%)] Loss: 57.23953 = L_Mnfld: 23.59722 + L_NonMnfld: 0.03078 + L_Eknl: 5.58681 + L_Morse: 0.63064 + L_thetaHessian: 6.84835 + L_thetaNeighbor: 1.46588 + L_Guidance: 26.89695
Epoch: 0 [1090/3000 (36%)] Unweighted L_s : L_Mnfld: 0.00337 + L_NonMnfld: 0.00005 + L_Eknl: 0.11174 + L_Morse: 1.13462 + L_thetaHessian: 0.68483 + L_thetaNeighbor: 0.04886 + L_Guidance: 0.01345
Feature guidance terms: boundary=0.01121, intra=0.00000, neighbor=0.00000, diversity=0.00000

Weights: [7000.0, 600.0, 10.0, 50.0, 30.0, 0.5058316666666669, 2000.0], lr=5.000e-05
Epoch: 0 [1100/3000 (37%)] Loss: 65.22920 = L_Mnfld: 28.02729 + L_NonMnfld: 0.02066 + L_Eknl: 5.42545 + L_Morse: 0.62954 + L_thetaHessian: 7.89362 + L_thetaNeighbor: 1.48959 + L_Guidance: 27.31298
Epoch: 0 [1100/3000 (37%)] Unweighted L_s : L_Mnfld: 0.00400 + L_NonMnfld: 0.00003 + L_Eknl: 0.10851 + L_Morse: 1.24456 + L_thetaHessian: 0.78936 + L_thetaNeighbor: 0.04965 + L_Guidance: 0.01366
Feature guidance terms: boundary=0.01138, intra=0.00000, neighbor=0.00000, diversity=0.00000

Weights: [7000.0, 600.0, 10.0, 50.0, 30.0, 0.45584833333333385, 2000.0], lr=5.000e-05
Epoch: 0 [1110/3000 (37%)] Loss: 52.85739 = L_Mnfld: 20.15719 + L_NonMnfld: 0.03253 + L_Eknl: 5.50511 + L_Morse: 0.57077 + L_thetaHessian: 7.62013 + L_thetaNeighbor: 1.35253 + L_Guidance: 26.84012
Epoch: 0 [1110/3000 (37%)] Unweighted L_s : L_Mnfld: 0.00288 + L_NonMnfld: 0.00005 + L_Eknl: 0.11010 + L_Morse: 1.25210 + L_thetaHessian: 0.76201 + L_thetaNeighbor: 0.04508 + L_Guidance: 0.01342
Feature guidance terms: boundary=0.01118, intra=0.00000, neighbor=0.00000, diversity=0.00000

Weights: [7000.0, 600.0, 10.0, 50.0, 30.0, 0.40586500000000036, 2000.0], lr=5.000e-05
Epoch: 0 [1120/3000 (37%)] Loss: 67.82233 = L_Mnfld: 29.58962 + L_NonMnfld: 0.01855 + L_Eknl: 5.15276 + L_Morse: 0.53686 + L_thetaHessian: 8.30927 + L_thetaNeighbor: 1.60784 + L_Guidance: 26.20194
Epoch: 0 [1120/3000 (37%)] Unweighted L_s : L_Mnfld: 0.00423 + L_NonMnfld: 0.00003 + L_Eknl: 0.10306 + L_Morse: 1.32276 + L_thetaHessian: 0.83093 + L_thetaNeighbor: 0.05359 + L_Guidance: 0.01310
Feature guidance terms: boundary=0.01092, intra=0.00000, neighbor=0.00000, diversity=0.00000

Weights: [7000.0, 600.0, 10.0, 50.0, 30.0, 0.3558816666666669, 2000.0], lr=5.000e-05
Epoch: 0 [1130/3000 (38%)] Loss: 79.03213 = L_Mnfld: 35.52763 + L_NonMnfld: 0.03590 + L_Eknl: 6.04944 + L_Morse: 0.49415 + L_thetaHessian: 8.93483 + L_thetaNeighbor: 1.64614 + L_Guidance: 26.87777
Epoch: 0 [1130/3000 (38%)] Unweighted L_s : L_Mnfld: 0.00508 + L_NonMnfld: 0.00006 + L_Eknl: 0.12099 + L_Morse: 1.38852 + L_thetaHessian: 0.89348 + L_thetaNeighbor: 0.05487 + L_Guidance: 0.01344
Feature guidance terms: boundary=0.01120, intra=0.00000, neighbor=0.00000, diversity=0.00000

Weights: [7000.0, 600.0, 10.0, 50.0, 30.0, 0.3058983333333338, 2000.0], lr=5.000e-05
Epoch: 0 [1140/3000 (38%)] Loss: 61.98451 = L_Mnfld: 25.32232 + L_NonMnfld: 0.03314 + L_Eknl: 5.78956 + L_Morse: 0.41900 + L_thetaHessian: 8.10680 + L_thetaNeighbor: 1.65219 + L_Guidance: 25.57258
Epoch: 0 [1140/3000 (38%)] Unweighted L_s : L_Mnfld: 0.00362 + L_NonMnfld: 0.00006 + L_Eknl: 0.11579 + L_Morse: 1.36972 + L_thetaHessian: 0.81068 + L_thetaNeighbor: 0.05507 + L_Guidance: 0.01279
Feature guidance terms: boundary=0.01066, intra=0.00000, neighbor=0.00000, diversity=0.00000

Weights: [7000.0, 600.0, 10.0, 50.0, 30.0, 0.25591500000000034, 2000.0], lr=5.000e-05
Epoch: 0 [1150/3000 (38%)] Loss: 56.08394 = L_Mnfld: 21.63623 + L_NonMnfld: 0.05052 + L_Eknl: 6.08063 + L_Morse: 0.32393 + L_thetaHessian: 7.64450 + L_thetaNeighbor: 1.65348 + L_Guidance: 25.75351
Epoch: 0 [1150/3000 (38%)] Unweighted L_s : L_Mnfld: 0.00309 + L_NonMnfld: 0.00008 + L_Eknl: 0.12161 + L_Morse: 1.26577 + L_thetaHessian: 0.76445 + L_thetaNeighbor: 0.05512 + L_Guidance: 0.01288
Feature guidance terms: boundary=0.01073, intra=0.00000, neighbor=0.00000, diversity=0.00000

Weights: [7000.0, 600.0, 10.0, 50.0, 30.0, 0.2059316666666673, 2000.0], lr=5.000e-05
Epoch: 0 [1160/3000 (39%)] Loss: 56.94626 = L_Mnfld: 21.99512 + L_NonMnfld: 0.04895 + L_Eknl: 6.39577 + L_Morse: 0.25999 + L_thetaHessian: 7.65481 + L_thetaNeighbor: 1.60954 + L_Guidance: 26.00958
Epoch: 0 [1160/3000 (39%)] Unweighted L_s : L_Mnfld: 0.00314 + L_NonMnfld: 0.00008 + L_Eknl: 0.12792 + L_Morse: 1.26251 + L_thetaHessian: 0.76548 + L_thetaNeighbor: 0.05365 + L_Guidance: 0.01300
Feature guidance terms: boundary=0.01084, intra=0.00000, neighbor=0.00000, diversity=0.00000

Weights: [7000.0, 600.0, 10.0, 50.0, 30.0, 0.1559483333333338, 2000.0], lr=5.000e-05
Epoch: 0 [1170/3000 (39%)] Loss: 53.36319 = L_Mnfld: 21.39486 + L_NonMnfld: 0.02422 + L_Eknl: 5.08928 + L_Morse: 0.20066 + L_thetaHessian: 7.36893 + L_thetaNeighbor: 1.49752 + L_Guidance: 25.22797
Epoch: 0 [1170/3000 (39%)] Unweighted L_s : L_Mnfld: 0.00306 + L_NonMnfld: 0.00004 + L_Eknl: 0.10179 + L_Morse: 1.28671 + L_thetaHessian: 0.73689 + L_thetaNeighbor: 0.04992 + L_Guidance: 0.01261
Feature guidance terms: boundary=0.01051, intra=0.00000, neighbor=0.00000, diversity=0.00000

Weights: [7000.0, 600.0, 10.0, 50.0, 30.0, 0.10596499999999986, 2000.0], lr=5.000e-05
Epoch: 0 [1180/3000 (39%)] Loss: 46.47614 = L_Mnfld: 17.38657 + L_NonMnfld: 0.03170 + L_Eknl: 4.92999 + L_Morse: 0.12787 + L_thetaHessian: 6.93341 + L_thetaNeighbor: 1.57456 + L_Guidance: 24.63987
Epoch: 0 [1180/3000 (39%)] Unweighted L_s : L_Mnfld: 0.00248 + L_NonMnfld: 0.00005 + L_Eknl: 0.09860 + L_Morse: 1.20670 + L_thetaHessian: 0.69334 + L_thetaNeighbor: 0.05249 + L_Guidance: 0.01232
Feature guidance terms: boundary=0.01027, intra=0.00000, neighbor=0.00000, diversity=0.00000

Weights: [7000.0, 600.0, 10.0, 50.0, 30.0, 0.05598166666666726, 2000.0], lr=5.000e-05
Epoch: 0 [1190/3000 (40%)] Loss: 40.01579 = L_Mnfld: 14.05310 + L_NonMnfld: 0.02828 + L_Eknl: 4.50838 + L_Morse: 0.06654 + L_thetaHessian: 6.43515 + L_thetaNeighbor: 1.58574 + L_Guidance: 23.99358
Epoch: 0 [1190/3000 (40%)] Unweighted L_s : L_Mnfld: 0.00201 + L_NonMnfld: 0.00005 + L_Eknl: 0.09017 + L_Morse: 1.18858 + L_thetaHessian: 0.64352 + L_thetaNeighbor: 0.05286 + L_Guidance: 0.01200
Feature guidance terms: boundary=0.01000, intra=0.00000, neighbor=0.00000, diversity=0.00000

Weights: [7000.0, 600.0, 10.0, 50.0, 30.0, 0.005998333333333328, 2000.0], lr=5.000e-05
Epoch: 0 [1200/3000 (40%)] Loss: 36.70215 = L_Mnfld: 12.30797 + L_NonMnfld: 0.04068 + L_Eknl: 4.36563 + L_Morse: 0.00713 + L_thetaHessian: 6.14651 + L_thetaNeighbor: 1.60018 + L_Guidance: 23.69260
Epoch: 0 [1200/3000 (40%)] Unweighted L_s : L_Mnfld: 0.00176 + L_NonMnfld: 0.00007 + L_Eknl: 0.08731 + L_Morse: 1.18820 + L_thetaHessian: 0.61465 + L_thetaNeighbor: 0.05334 + L_Guidance: 0.01185
Feature guidance terms: boundary=0.00987, intra=0.00000, neighbor=0.00000, diversity=0.00000

Weights: [7000.0, 600.0, 10.0, 50.0, 30.0, 0.000995, 2000.0], lr=5.000e-05
Epoch: 0 [1210/3000 (40%)] Loss: 34.53395 = L_Mnfld: 11.35204 + L_NonMnfld: 0.02406 + L_Eknl: 4.10035 + L_Morse: 0.00117 + L_thetaHessian: 5.95028 + L_thetaNeighbor: 1.59474 + L_Guidance: 23.50953
Epoch: 0 [1210/3000 (40%)] Unweighted L_s : L_Mnfld: 0.00162 + L_NonMnfld: 0.00004 + L_Eknl: 0.08201 + L_Morse: 1.17423 + L_thetaHessian: 0.59503 + L_thetaNeighbor: 0.05316 + L_Guidance: 0.01175
Feature guidance terms: boundary=0.00980, intra=0.00000, neighbor=0.00000, diversity=0.00000

Weights: [7000.0, 600.0, 10.0, 50.0, 30.0, 0.0009894444444444445, 2000.0], lr=5.000e-05
Epoch: 0 [1220/3000 (41%)] Loss: 32.77276 = L_Mnfld: 10.29429 + L_NonMnfld: 0.03748 + L_Eknl: 4.13769 + L_Morse: 0.00117 + L_thetaHessian: 5.78552 + L_thetaNeighbor: 1.59235 + L_Guidance: 23.50377
Epoch: 0 [1220/3000 (41%)] Unweighted L_s : L_Mnfld: 0.00147 + L_NonMnfld: 0.00006 + L_Eknl: 0.08275 + L_Morse: 1.18304 + L_thetaHessian: 0.57855 + L_thetaNeighbor: 0.05308 + L_Guidance: 0.01175
Feature guidance terms: boundary=0.00979, intra=0.00000, neighbor=0.00000, diversity=0.00000

Weights: [7000.0, 600.0, 10.0, 50.0, 30.0, 0.000983888888888889, 2000.0], lr=5.000e-05
Epoch: 0 [1230/3000 (41%)] Loss: 32.21984 = L_Mnfld: 10.14748 + L_NonMnfld: 0.02640 + L_Eknl: 3.96364 + L_Morse: 0.00116 + L_thetaHessian: 5.75209 + L_thetaNeighbor: 1.58913 + L_Guidance: 23.37859
Epoch: 0 [1230/3000 (41%)] Unweighted L_s : L_Mnfld: 0.00145 + L_NonMnfld: 0.00004 + L_Eknl: 0.07927 + L_Morse: 1.18286 + L_thetaHessian: 0.57521 + L_thetaNeighbor: 0.05297 + L_Guidance: 0.01169
Feature guidance terms: boundary=0.00974, intra=0.00000, neighbor=0.00000, diversity=0.00000

Weights: [7000.0, 600.0, 10.0, 50.0, 30.0, 0.0009783333333333334, 2000.0], lr=5.000e-05
Epoch: 0 [1240/3000 (41%)] Loss: 32.18832 = L_Mnfld: 10.04889 + L_NonMnfld: 0.05562 + L_Eknl: 4.11995 + L_Morse: 0.00116 + L_thetaHessian: 5.63785 + L_thetaNeighbor: 1.59542 + L_Guidance: 23.29571
Epoch: 0 [1240/3000 (41%)] Unweighted L_s : L_Mnfld: 0.00144 + L_NonMnfld: 0.00009 + L_Eknl: 0.08240 + L_Morse: 1.18307 + L_thetaHessian: 0.56379 + L_thetaNeighbor: 0.05318 + L_Guidance: 0.01165
Feature guidance terms: boundary=0.00971, intra=0.00000, neighbor=0.00000, diversity=0.00000

Weights: [7000.0, 600.0, 10.0, 50.0, 30.0, 0.0009727777777777778, 2000.0], lr=5.000e-05
Epoch: 0 [1250/3000 (42%)] Loss: 30.61489 = L_Mnfld: 9.25252 + L_NonMnfld: 0.02989 + L_Eknl: 3.93194 + L_Morse: 0.00115 + L_thetaHessian: 5.60093 + L_thetaNeighbor: 1.59350 + L_Guidance: 23.26463
Epoch: 0 [1250/3000 (42%)] Unweighted L_s : L_Mnfld: 0.00132 + L_NonMnfld: 0.00005 + L_Eknl: 0.07864 + L_Morse: 1.18048 + L_thetaHessian: 0.56009 + L_thetaNeighbor: 0.05312 + L_Guidance: 0.01163
Feature guidance terms: boundary=0.00969, intra=0.00000, neighbor=0.00000, diversity=0.00000

Weights: [7000.0, 600.0, 10.0, 50.0, 30.0, 0.0009672222222222223, 2000.0], lr=5.000e-05
Epoch: 0 [1260/3000 (42%)] Loss: 31.33803 = L_Mnfld: 9.76463 + L_NonMnfld: 0.03962 + L_Eknl: 3.92045 + L_Morse: 0.00115 + L_thetaHessian: 5.56926 + L_thetaNeighbor: 1.59689 + L_Guidance: 23.21248
Epoch: 0 [1260/3000 (42%)] Unweighted L_s : L_Mnfld: 0.00139 + L_NonMnfld: 0.00007 + L_Eknl: 0.07841 + L_Morse: 1.19192 + L_thetaHessian: 0.55693 + L_thetaNeighbor: 0.05323 + L_Guidance: 0.01161
Feature guidance terms: boundary=0.00967, intra=0.00000, neighbor=0.00000, diversity=0.00000

Weights: [7000.0, 600.0, 10.0, 50.0, 30.0, 0.0009616666666666668, 2000.0], lr=5.000e-05
Epoch: 0 [1270/3000 (42%)] Loss: 30.12537 = L_Mnfld: 9.05293 + L_NonMnfld: 0.03295 + L_Eknl: 3.83734 + L_Morse: 0.00114 + L_thetaHessian: 5.56267 + L_thetaNeighbor: 1.59654 + L_Guidance: 23.17440
Epoch: 0 [1270/3000 (42%)] Unweighted L_s : L_Mnfld: 0.00129 + L_NonMnfld: 0.00005 + L_Eknl: 0.07675 + L_Morse: 1.18975 + L_thetaHessian: 0.55627 + L_thetaNeighbor: 0.05322 + L_Guidance: 0.01159
Feature guidance terms: boundary=0.00966, intra=0.00000, neighbor=0.00000, diversity=0.00000

Weights: [7000.0, 600.0, 10.0, 50.0, 30.0, 0.0009561111111111111, 2000.0], lr=5.000e-05
Epoch: 0 [1280/3000 (43%)] Loss: 31.43195 = L_Mnfld: 9.86113 + L_NonMnfld: 0.04392 + L_Eknl: 3.94617 + L_Morse: 0.00114 + L_thetaHessian: 5.50879 + L_thetaNeighbor: 1.59347 + L_Guidance: 23.19464
Epoch: 0 [1280/3000 (43%)] Unweighted L_s : L_Mnfld: 0.00141 + L_NonMnfld: 0.00007 + L_Eknl: 0.07892 + L_Morse: 1.19368 + L_thetaHessian: 0.55088 + L_thetaNeighbor: 0.05312 + L_Guidance: 0.01160
Feature guidance terms: boundary=0.00966, intra=0.00000, neighbor=0.00000, diversity=0.00000

Weights: [7000.0, 600.0, 10.0, 50.0, 30.0, 0.0009505555555555556, 2000.0], lr=5.000e-05
Epoch: 0 [1290/3000 (43%)] Loss: 29.50845 = L_Mnfld: 8.65804 + L_NonMnfld: 0.03132 + L_Eknl: 3.88502 + L_Morse: 0.00113 + L_thetaHessian: 5.50272 + L_thetaNeighbor: 1.59406 + L_Guidance: 23.16547
Epoch: 0 [1290/3000 (43%)] Unweighted L_s : L_Mnfld: 0.00124 + L_NonMnfld: 0.00005 + L_Eknl: 0.07770 + L_Morse: 1.18962 + L_thetaHessian: 0.55027 + L_thetaNeighbor: 0.05314 + L_Guidance: 0.01158
Feature guidance terms: boundary=0.00965, intra=0.00000, neighbor=0.00000, diversity=0.00000

Weights: [7000.0, 600.0, 10.0, 50.0, 30.0, 0.0009450000000000001, 2000.0], lr=5.000e-05
Epoch: 0 [1300/3000 (43%)] Loss: 30.93205 = L_Mnfld: 9.68606 + L_NonMnfld: 0.03290 + L_Eknl: 3.86570 + L_Morse: 0.00113 + L_thetaHessian: 5.43855 + L_thetaNeighbor: 1.59703 + L_Guidance: 23.14026
Epoch: 0 [1300/3000 (43%)] Unweighted L_s : L_Mnfld: 0.00138 + L_NonMnfld: 0.00005 + L_Eknl: 0.07731 + L_Morse: 1.19412 + L_thetaHessian: 0.54386 + L_thetaNeighbor: 0.05323 + L_Guidance: 0.01157
Feature guidance terms: boundary=0.00964, intra=0.00000, neighbor=0.00000, diversity=0.00000

Weights: [7000.0, 600.0, 10.0, 50.0, 30.0, 0.0009394444444444445, 2000.0], lr=5.000e-05
Epoch: 0 [1310/3000 (44%)] Loss: 28.05370 = L_Mnfld: 7.86624 + L_NonMnfld: 0.02845 + L_Eknl: 3.78799 + L_Morse: 0.00112 + L_thetaHessian: 5.41900 + L_thetaNeighbor: 1.59967 + L_Guidance: 23.05780
Epoch: 0 [1310/3000 (44%)] Unweighted L_s : L_Mnfld: 0.00112 + L_NonMnfld: 0.00005 + L_Eknl: 0.07576 + L_Morse: 1.19359 + L_thetaHessian: 0.54190 + L_thetaNeighbor: 0.05332 + L_Guidance: 0.01153
Feature guidance terms: boundary=0.00961, intra=0.00000, neighbor=0.00000, diversity=0.00000

Weights: [7000.0, 600.0, 10.0, 50.0, 30.0, 0.0009338888888888889, 2000.0], lr=5.000e-05
Epoch: 0 [1320/3000 (44%)] Loss: 30.95638 = L_Mnfld: 9.80734 + L_NonMnfld: 0.03043 + L_Eknl: 3.79786 + L_Morse: 0.00111 + L_thetaHessian: 5.39840 + L_thetaNeighbor: 1.60242 + L_Guidance: 23.04931
Epoch: 0 [1320/3000 (44%)] Unweighted L_s : L_Mnfld: 0.00140 + L_NonMnfld: 0.00005 + L_Eknl: 0.07596 + L_Morse: 1.19259 + L_thetaHessian: 0.53984 + L_thetaNeighbor: 0.05341 + L_Guidance: 0.01152
Feature guidance terms: boundary=0.00960, intra=0.00000, neighbor=0.00000, diversity=0.00000

Weights: [7000.0, 600.0, 10.0, 50.0, 30.0, 0.0009283333333333334, 2000.0], lr=5.000e-05
Epoch: 0 [1330/3000 (44%)] Loss: 28.24523 = L_Mnfld: 7.99949 + L_NonMnfld: 0.02990 + L_Eknl: 3.78661 + L_Morse: 0.00111 + L_thetaHessian: 5.40614 + L_thetaNeighbor: 1.60690 + L_Guidance: 23.01322
Epoch: 0 [1330/3000 (44%)] Unweighted L_s : L_Mnfld: 0.00114 + L_NonMnfld: 0.00005 + L_Eknl: 0.07573 + L_Morse: 1.19734 + L_thetaHessian: 0.54061 + L_thetaNeighbor: 0.05356 + L_Guidance: 0.01151
Feature guidance terms: boundary=0.00959, intra=0.00000, neighbor=0.00000, diversity=0.00000

Weights: [7000.0, 600.0, 10.0, 50.0, 30.0, 0.0009227777777777778, 2000.0], lr=5.000e-05
Epoch: 0 [1340/3000 (45%)] Loss: 31.15885 = L_Mnfld: 9.91562 + L_NonMnfld: 0.03378 + L_Eknl: 3.82958 + L_Morse: 0.00111 + L_thetaHessian: 5.38370 + L_thetaNeighbor: 1.60878 + L_Guidance: 22.97701
Epoch: 0 [1340/3000 (45%)] Unweighted L_s : L_Mnfld: 0.00142 + L_NonMnfld: 0.00006 + L_Eknl: 0.07659 + L_Morse: 1.20291 + L_thetaHessian: 0.53837 + L_thetaNeighbor: 0.05363 + L_Guidance: 0.01149
Feature guidance terms: boundary=0.00957, intra=0.00000, neighbor=0.00000, diversity=0.00000

Weights: [7000.0, 600.0, 10.0, 50.0, 30.0, 0.0009172222222222223, 2000.0], lr=5.000e-05
Epoch: 0 [1350/3000 (45%)] Loss: 28.43273 = L_Mnfld: 8.10027 + L_NonMnfld: 0.02693 + L_Eknl: 3.81359 + L_Morse: 0.00110 + L_thetaHessian: 5.41234 + L_thetaNeighbor: 1.60092 + L_Guidance: 22.97746
Epoch: 0 [1350/3000 (45%)] Unweighted L_s : L_Mnfld: 0.00116 + L_NonMnfld: 0.00004 + L_Eknl: 0.07627 + L_Morse: 1.20309 + L_thetaHessian: 0.54123 + L_thetaNeighbor: 0.05336 + L_Guidance: 0.01149
Feature guidance terms: boundary=0.00957, intra=0.00000, neighbor=0.00000, diversity=0.00000

Weights: [7000.0, 600.0, 10.0, 50.0, 30.0, 0.0009116666666666667, 2000.0], lr=5.000e-05
Epoch: 0 [1360/3000 (45%)] Loss: 30.36116 = L_Mnfld: 9.40315 + L_NonMnfld: 0.03022 + L_Eknl: 3.84185 + L_Morse: 0.00110 + L_thetaHessian: 5.35685 + L_thetaNeighbor: 1.60760 + L_Guidance: 22.93504
Epoch: 0 [1360/3000 (45%)] Unweighted L_s : L_Mnfld: 0.00134 + L_NonMnfld: 0.00005 + L_Eknl: 0.07684 + L_Morse: 1.20636 + L_thetaHessian: 0.53568 + L_thetaNeighbor: 0.05359 + L_Guidance: 0.01147
Feature guidance terms: boundary=0.00956, intra=0.00000, neighbor=0.00000, diversity=0.00000

Weights: [7000.0, 600.0, 10.0, 50.0, 30.0, 0.0009061111111111112, 2000.0], lr=5.000e-05
Epoch: 0 [1370/3000 (46%)] Loss: 28.33022 = L_Mnfld: 8.22032 + L_NonMnfld: 0.02354 + L_Eknl: 3.67872 + L_Morse: 0.00109 + L_thetaHessian: 5.35777 + L_thetaNeighbor: 1.60538 + L_Guidance: 22.89795
Epoch: 0 [1370/3000 (46%)] Unweighted L_s : L_Mnfld: 0.00117 + L_NonMnfld: 0.00004 + L_Eknl: 0.07357 + L_Morse: 1.19996 + L_thetaHessian: 0.53578 + L_thetaNeighbor: 0.05351 + L_Guidance: 0.01145
Feature guidance terms: boundary=0.00954, intra=0.00000, neighbor=0.00000, diversity=0.00000

Weights: [7000.0, 600.0, 10.0, 50.0, 30.0, 0.0009005555555555556, 2000.0], lr=5.000e-05
Epoch: 0 [1380/3000 (46%)] Loss: 30.19591 = L_Mnfld: 9.34483 + L_NonMnfld: 0.03163 + L_Eknl: 3.82686 + L_Morse: 0.00109 + L_thetaHessian: 5.31654 + L_thetaNeighbor: 1.60965 + L_Guidance: 22.88822
Epoch: 0 [1380/3000 (46%)] Unweighted L_s : L_Mnfld: 0.00133 + L_NonMnfld: 0.00005 + L_Eknl: 0.07654 + L_Morse: 1.20559 + L_thetaHessian: 0.53165 + L_thetaNeighbor: 0.05366 + L_Guidance: 0.01144
Feature guidance terms: boundary=0.00954, intra=0.00000, neighbor=0.00000, diversity=0.00000

Weights: [7000.0, 600.0, 10.0, 50.0, 30.0, 0.000895, 2000.0], lr=5.000e-05
Epoch: 0 [1390/3000 (46%)] Loss: 27.65207 = L_Mnfld: 7.71069 + L_NonMnfld: 0.02496 + L_Eknl: 3.76333 + L_Morse: 0.00108 + L_thetaHessian: 5.32397 + L_thetaNeighbor: 1.61069 + L_Guidance: 22.86291
Epoch: 0 [1390/3000 (46%)] Unweighted L_s : L_Mnfld: 0.00110 + L_NonMnfld: 0.00004 + L_Eknl: 0.07527 + L_Morse: 1.20288 + L_thetaHessian: 0.53240 + L_thetaNeighbor: 0.05369 + L_Guidance: 0.01143
Feature guidance terms: boundary=0.00953, intra=0.00000, neighbor=0.00000, diversity=0.00000

Weights: [7000.0, 600.0, 10.0, 50.0, 30.0, 0.0008894444444444445, 2000.0], lr=5.000e-05
Epoch: 0 [1400/3000 (47%)] Loss: 30.15379 = L_Mnfld: 9.41417 + L_NonMnfld: 0.02804 + L_Eknl: 3.75514 + L_Morse: 0.00107 + L_thetaHessian: 5.29251 + L_thetaNeighbor: 1.61160 + L_Guidance: 22.84685
Epoch: 0 [1400/3000 (47%)] Unweighted L_s : L_Mnfld: 0.00134 + L_NonMnfld: 0.00005 + L_Eknl: 0.07510 + L_Morse: 1.20747 + L_thetaHessian: 0.52925 + L_thetaNeighbor: 0.05372 + L_Guidance: 0.01142
Feature guidance terms: boundary=0.00952, intra=0.00000, neighbor=0.00000, diversity=0.00000

Weights: [7000.0, 600.0, 10.0, 50.0, 30.0, 0.0008838888888888889, 2000.0], lr=5.000e-05
Epoch: 0 [1410/3000 (47%)] Loss: 27.25286 = L_Mnfld: 7.51614 + L_NonMnfld: 0.02577 + L_Eknl: 3.71935 + L_Morse: 0.00107 + L_thetaHessian: 5.29159 + L_thetaNeighbor: 1.61465 + L_Guidance: 22.82070
Epoch: 0 [1410/3000 (47%)] Unweighted L_s : L_Mnfld: 0.00107 + L_NonMnfld: 0.00004 + L_Eknl: 0.07439 + L_Morse: 1.20825 + L_thetaHessian: 0.52916 + L_thetaNeighbor: 0.05382 + L_Guidance: 0.01141
Feature guidance terms: boundary=0.00951, intra=0.00000, neighbor=0.00000, diversity=0.00000

Weights: [7000.0, 600.0, 10.0, 50.0, 30.0, 0.0008783333333333334, 2000.0], lr=5.000e-05
Epoch: 0 [1420/3000 (47%)] Loss: 30.15591 = L_Mnfld: 9.53794 + L_NonMnfld: 0.03377 + L_Eknl: 3.65791 + L_Morse: 0.00106 + L_thetaHessian: 5.26210 + L_thetaNeighbor: 1.61116 + L_Guidance: 22.82591
Epoch: 0 [1420/3000 (47%)] Unweighted L_s : L_Mnfld: 0.00136 + L_NonMnfld: 0.00006 + L_Eknl: 0.07316 + L_Morse: 1.21020 + L_thetaHessian: 0.52621 + L_thetaNeighbor: 0.05371 + L_Guidance: 0.01141
Feature guidance terms: boundary=0.00951, intra=0.00000, neighbor=0.00000, diversity=0.00000

Weights: [7000.0, 600.0, 10.0, 50.0, 30.0, 0.0008727777777777779, 2000.0], lr=5.000e-05
Epoch: 0 [1430/3000 (48%)] Loss: 26.90779 = L_Mnfld: 7.36016 + L_NonMnfld: 0.02169 + L_Eknl: 3.67730 + L_Morse: 0.00105 + L_thetaHessian: 5.26842 + L_thetaNeighbor: 1.60990 + L_Guidance: 22.75811
Epoch: 0 [1430/3000 (48%)] Unweighted L_s : L_Mnfld: 0.00105 + L_NonMnfld: 0.00004 + L_Eknl: 0.07355 + L_Morse: 1.20690 + L_thetaHessian: 0.52684 + L_thetaNeighbor: 0.05366 + L_Guidance: 0.01138
Feature guidance terms: boundary=0.00948, intra=0.00000, neighbor=0.00000, diversity=0.00000

Weights: [7000.0, 600.0, 10.0, 50.0, 30.0, 0.0008672222222222222, 2000.0], lr=5.000e-05
Epoch: 0 [1440/3000 (48%)] Loss: 29.91168 = L_Mnfld: 9.39033 + L_NonMnfld: 0.02902 + L_Eknl: 3.68140 + L_Morse: 0.00105 + L_thetaHessian: 5.22790 + L_thetaNeighbor: 1.61142 + L_Guidance: 22.73293
Epoch: 0 [1440/3000 (48%)] Unweighted L_s : L_Mnfld: 0.00134 + L_NonMnfld: 0.00005 + L_Eknl: 0.07363 + L_Morse: 1.21108 + L_thetaHessian: 0.52279 + L_thetaNeighbor: 0.05371 + L_Guidance: 0.01137
Feature guidance terms: boundary=0.00947, intra=0.00000, neighbor=0.00000, diversity=0.00000

Weights: [7000.0, 600.0, 10.0, 50.0, 30.0, 0.0008616666666666667, 2000.0], lr=5.000e-05
Epoch: 0 [1450/3000 (48%)] Loss: 27.01710 = L_Mnfld: 7.46290 + L_NonMnfld: 0.02151 + L_Eknl: 3.67167 + L_Morse: 0.00104 + L_thetaHessian: 5.24232 + L_thetaNeighbor: 1.61195 + L_Guidance: 22.70821
Epoch: 0 [1450/3000 (48%)] Unweighted L_s : L_Mnfld: 0.00107 + L_NonMnfld: 0.00004 + L_Eknl: 0.07343 + L_Morse: 1.20920 + L_thetaHessian: 0.52423 + L_thetaNeighbor: 0.05373 + L_Guidance: 0.01135
Feature guidance terms: boundary=0.00946, intra=0.00000, neighbor=0.00000, diversity=0.00000

Weights: [7000.0, 600.0, 10.0, 50.0, 30.0, 0.0008561111111111111, 2000.0], lr=5.000e-05
Epoch: 0 [1460/3000 (49%)] Loss: 29.90433 = L_Mnfld: 9.40798 + L_NonMnfld: 0.02594 + L_Eknl: 3.68114 + L_Morse: 0.00104 + L_thetaHessian: 5.20694 + L_thetaNeighbor: 1.61319 + L_Guidance: 22.69856
Epoch: 0 [1460/3000 (49%)] Unweighted L_s : L_Mnfld: 0.00134 + L_NonMnfld: 0.00004 + L_Eknl: 0.07362 + L_Morse: 1.21558 + L_thetaHessian: 0.52069 + L_thetaNeighbor: 0.05377 + L_Guidance: 0.01135
Feature guidance terms: boundary=0.00946, intra=0.00000, neighbor=0.00000, diversity=0.00000

Weights: [7000.0, 600.0, 10.0, 50.0, 30.0, 0.0008505555555555557, 2000.0], lr=5.000e-05
Epoch: 0 [1470/3000 (49%)] Loss: 26.62540 = L_Mnfld: 7.28253 + L_NonMnfld: 0.02216 + L_Eknl: 3.61843 + L_Morse: 0.00103 + L_thetaHessian: 5.21218 + L_thetaNeighbor: 1.61393 + L_Guidance: 22.66780
Epoch: 0 [1470/3000 (49%)] Unweighted L_s : L_Mnfld: 0.00104 + L_NonMnfld: 0.00004 + L_Eknl: 0.07237 + L_Morse: 1.21337 + L_thetaHessian: 0.52122 + L_thetaNeighbor: 0.05380 + L_Guidance: 0.01133
Feature guidance terms: boundary=0.00944, intra=0.00000, neighbor=0.00000, diversity=0.00000

Weights: [7000.0, 600.0, 10.0, 50.0, 30.0, 0.000845, 2000.0], lr=5.000e-05
Epoch: 0 [1480/3000 (49%)] Loss: 29.82801 = L_Mnfld: 9.37432 + L_NonMnfld: 0.03403 + L_Eknl: 3.67400 + L_Morse: 0.00103 + L_thetaHessian: 5.18101 + L_thetaNeighbor: 1.62095 + L_Guidance: 22.65957
Epoch: 0 [1480/3000 (49%)] Unweighted L_s : L_Mnfld: 0.00134 + L_NonMnfld: 0.00006 + L_Eknl: 0.07348 + L_Morse: 1.21645 + L_thetaHessian: 0.51810 + L_thetaNeighbor: 0.05403 + L_Guidance: 0.01133
Feature guidance terms: boundary=0.00944, intra=0.00000, neighbor=0.00000, diversity=0.00000

Weights: [7000.0, 600.0, 10.0, 50.0, 30.0, 0.0008394444444444444, 2000.0], lr=5.000e-05
Epoch: 0 [1490/3000 (50%)] Loss: 27.16963 = L_Mnfld: 7.58319 + L_NonMnfld: 0.02035 + L_Eknl: 3.66112 + L_Morse: 0.00102 + L_thetaHessian: 5.22619 + L_thetaNeighbor: 1.62123 + L_Guidance: 22.62373
Epoch: 0 [1490/3000 (50%)] Unweighted L_s : L_Mnfld: 0.00108 + L_NonMnfld: 0.00003 + L_Eknl: 0.07322 + L_Morse: 1.21686 + L_thetaHessian: 0.52262 + L_thetaNeighbor: 0.05404 + L_Guidance: 0.01131
Feature guidance terms: boundary=0.00943, intra=0.00000, neighbor=0.00000, diversity=0.00000

Weights: [7000.0, 600.0, 10.0, 50.0, 30.0, 0.000833888888888889, 2000.0], lr=5.000e-05
Epoch: 0 [1500/3000 (50%)] Loss: 29.94323 = L_Mnfld: 9.35479 + L_NonMnfld: 0.02534 + L_Eknl: 3.74193 + L_Morse: 0.00102 + L_thetaHessian: 5.21885 + L_thetaNeighbor: 1.62022 + L_Guidance: 22.63104
Epoch: 0 [1500/3000 (50%)] Unweighted L_s : L_Mnfld: 0.00134 + L_NonMnfld: 0.00004 + L_Eknl: 0.07484 + L_Morse: 1.22198 + L_thetaHessian: 0.52188 + L_thetaNeighbor: 0.05401 + L_Guidance: 0.01132
Feature guidance terms: boundary=0.00943, intra=0.00000, neighbor=0.00000, diversity=0.00000

Weights: [7000.0, 600.0, 10.0, 50.0, 30.0, 0.0008283333333333334, 2000.0], lr=5.000e-05
Epoch: 0 [1510/3000 (50%)] Loss: 27.70213 = L_Mnfld: 7.92529 + L_NonMnfld: 0.02511 + L_Eknl: 3.66485 + L_Morse: 0.00101 + L_thetaHessian: 5.23051 + L_thetaNeighbor: 1.62133 + L_Guidance: 22.55741
Epoch: 0 [1510/3000 (50%)] Unweighted L_s : L_Mnfld: 0.00113 + L_NonMnfld: 0.00004 + L_Eknl: 0.07330 + L_Morse: 1.21870 + L_thetaHessian: 0.52305 + L_thetaNeighbor: 0.05404 + L_Guidance: 0.01128
Feature guidance terms: boundary=0.00940, intra=0.00000, neighbor=0.00000, diversity=0.00000

Weights: [7000.0, 600.0, 10.0, 50.0, 30.0, 0.0008227777777777779, 2000.0], lr=5.000e-05
Epoch: 0 [1520/3000 (51%)] Loss: 29.29762 = L_Mnfld: 8.98040 + L_NonMnfld: 0.02497 + L_Eknl: 3.72109 + L_Morse: 0.00101 + L_thetaHessian: 5.17551 + L_thetaNeighbor: 1.62877 + L_Guidance: 22.55956
Epoch: 0 [1520/3000 (51%)] Unweighted L_s : L_Mnfld: 0.00128 + L_NonMnfld: 0.00004 + L_Eknl: 0.07442 + L_Morse: 1.22304 + L_thetaHessian: 0.51755 + L_thetaNeighbor: 0.05429 + L_Guidance: 0.01128
Feature guidance terms: boundary=0.00940, intra=0.00000, neighbor=0.00000, diversity=0.00000

Weights: [7000.0, 600.0, 10.0, 50.0, 30.0, 0.0008172222222222222, 2000.0], lr=5.000e-05
Epoch: 0 [1530/3000 (51%)] Loss: 27.74309 = L_Mnfld: 8.03045 + L_NonMnfld: 0.02210 + L_Eknl: 3.61450 + L_Morse: 0.00100 + L_thetaHessian: 5.19912 + L_thetaNeighbor: 1.62823 + L_Guidance: 22.46725
Epoch: 0 [1530/3000 (51%)] Unweighted L_s : L_Mnfld: 0.00115 + L_NonMnfld: 0.00004 + L_Eknl: 0.07229 + L_Morse: 1.21999 + L_thetaHessian: 0.51991 + L_thetaNeighbor: 0.05427 + L_Guidance: 0.01123
Feature guidance terms: boundary=0.00936, intra=0.00000, neighbor=0.00000, diversity=0.00000

Weights: [7000.0, 600.0, 10.0, 50.0, 30.0, 0.0008116666666666667, 2000.0], lr=5.000e-05
Epoch: 0 [1540/3000 (51%)] Loss: 29.08018 = L_Mnfld: 8.86973 + L_NonMnfld: 0.02393 + L_Eknl: 3.67804 + L_Morse: 0.00099 + L_thetaHessian: 5.17486 + L_thetaNeighbor: 1.63924 + L_Guidance: 22.63087
Epoch: 0 [1540/3000 (51%)] Unweighted L_s : L_Mnfld: 0.00127 + L_NonMnfld: 0.00004 + L_Eknl: 0.07356 + L_Morse: 1.22523 + L_thetaHessian: 0.51749 + L_thetaNeighbor: 0.05464 + L_Guidance: 0.01132
Feature guidance terms: boundary=0.00943, intra=0.00000, neighbor=0.00000, diversity=0.00000

Weights: [7000.0, 600.0, 10.0, 50.0, 30.0, 0.0008061111111111112, 2000.0], lr=5.000e-05
Epoch: 0 [1550/3000 (52%)] Loss: 27.35971 = L_Mnfld: 7.80998 + L_NonMnfld: 0.02709 + L_Eknl: 3.58604 + L_Morse: 0.00098 + L_thetaHessian: 5.17213 + L_thetaNeighbor: 1.64358 + L_Guidance: 22.41337
Epoch: 0 [1550/3000 (52%)] Unweighted L_s : L_Mnfld: 0.00112 + L_NonMnfld: 0.00005 + L_Eknl: 0.07172 + L_Morse: 1.22106 + L_thetaHessian: 0.51721 + L_thetaNeighbor: 0.05479 + L_Guidance: 0.01121
Feature guidance terms: boundary=0.00934, intra=0.00000, neighbor=0.00000, diversity=0.00000

Weights: [7000.0, 600.0, 10.0, 50.0, 30.0, 0.0008005555555555555, 2000.0], lr=5.000e-05
Epoch: 0 [1560/3000 (52%)] Loss: 28.95906 = L_Mnfld: 8.87847 + L_NonMnfld: 0.02686 + L_Eknl: 3.63364 + L_Morse: 0.00098 + L_thetaHessian: 5.13219 + L_thetaNeighbor: 1.63391 + L_Guidance: 22.38503
Epoch: 0 [1560/3000 (52%)] Unweighted L_s : L_Mnfld: 0.00127 + L_NonMnfld: 0.00004 + L_Eknl: 0.07267 + L_Morse: 1.22845 + L_thetaHessian: 0.51322 + L_thetaNeighbor: 0.05446 + L_Guidance: 0.01119
Feature guidance terms: boundary=0.00933, intra=0.00000, neighbor=0.00000, diversity=0.00000

Weights: [7000.0, 600.0, 10.0, 50.0, 30.0, 0.000795, 2000.0], lr=5.000e-05
Epoch: 0 [1570/3000 (52%)] Loss: 26.91738 = L_Mnfld: 7.51717 + L_NonMnfld: 0.02322 + L_Eknl: 3.61940 + L_Morse: 0.00097 + L_thetaHessian: 5.14451 + L_thetaNeighbor: 1.63965 + L_Guidance: 22.38720
Epoch: 0 [1570/3000 (52%)] Unweighted L_s : L_Mnfld: 0.00107 + L_NonMnfld: 0.00004 + L_Eknl: 0.07239 + L_Morse: 1.22145 + L_thetaHessian: 0.51445 + L_thetaNeighbor: 0.05465 + L_Guidance: 0.01119
Feature guidance terms: boundary=0.00933, intra=0.00000, neighbor=0.00000, diversity=0.00000

Weights: [7000.0, 600.0, 10.0, 50.0, 30.0, 0.0007894444444444445, 2000.0], lr=5.000e-05
Epoch: 0 [1580/3000 (53%)] Loss: 29.11882 = L_Mnfld: 9.04753 + L_NonMnfld: 0.02732 + L_Eknl: 3.60958 + L_Morse: 0.00097 + L_thetaHessian: 5.08481 + L_thetaNeighbor: 1.64234 + L_Guidance: 22.33543
Epoch: 0 [1580/3000 (53%)] Unweighted L_s : L_Mnfld: 0.00129 + L_NonMnfld: 0.00005 + L_Eknl: 0.07219 + L_Morse: 1.23103 + L_thetaHessian: 0.50848 + L_thetaNeighbor: 0.05474 + L_Guidance: 0.01117
Feature guidance terms: boundary=0.00931, intra=0.00000, neighbor=0.00000, diversity=0.00000

Weights: [7000.0, 600.0, 10.0, 50.0, 30.0, 0.000783888888888889, 2000.0], lr=5.000e-05
Epoch: 0 [1590/3000 (53%)] Loss: 26.25504 = L_Mnfld: 7.20731 + L_NonMnfld: 0.02011 + L_Eknl: 3.53966 + L_Morse: 0.00096 + L_thetaHessian: 5.08810 + L_thetaNeighbor: 1.64722 + L_Guidance: 22.31443
Epoch: 0 [1590/3000 (53%)] Unweighted L_s : L_Mnfld: 0.00103 + L_NonMnfld: 0.00003 + L_Eknl: 0.07079 + L_Morse: 1.22458 + L_thetaHessian: 0.50881 + L_thetaNeighbor: 0.05491 + L_Guidance: 0.01116
Feature guidance terms: boundary=0.00930, intra=0.00000, neighbor=0.00000, diversity=0.00000

Weights: [7000.0, 600.0, 10.0, 50.0, 30.0, 0.0007783333333333334, 2000.0], lr=5.000e-05
Epoch: 0 [1600/3000 (53%)] Loss: 29.23116 = L_Mnfld: 9.22548 + L_NonMnfld: 0.02589 + L_Eknl: 3.52947 + L_Morse: 0.00096 + L_thetaHessian: 5.06517 + L_thetaNeighbor: 1.64048 + L_Guidance: 22.36488
Epoch: 0 [1600/3000 (53%)] Unweighted L_s : L_Mnfld: 0.00132 + L_NonMnfld: 0.00004 + L_Eknl: 0.07059 + L_Morse: 1.23280 + L_thetaHessian: 0.50652 + L_thetaNeighbor: 0.05468 + L_Guidance: 0.01118
Feature guidance terms: boundary=0.00932, intra=0.00000, neighbor=0.00000, diversity=0.00000

Weights: [7000.0, 600.0, 10.0, 50.0, 30.0, 0.0007727777777777778, 2000.0], lr=5.000e-05
Epoch: 0 [1610/3000 (54%)] Loss: 26.12868 = L_Mnfld: 7.12757 + L_NonMnfld: 0.02203 + L_Eknl: 3.54096 + L_Morse: 0.00095 + L_thetaHessian: 5.08374 + L_thetaNeighbor: 1.64386 + L_Guidance: 22.25304
Epoch: 0 [1610/3000 (54%)] Unweighted L_s : L_Mnfld: 0.00102 + L_NonMnfld: 0.00004 + L_Eknl: 0.07082 + L_Morse: 1.22902 + L_thetaHessian: 0.50837 + L_thetaNeighbor: 0.05480 + L_Guidance: 0.01113
Feature guidance terms: boundary=0.00927, intra=0.00000, neighbor=0.00000, diversity=0.00000

Weights: [7000.0, 600.0, 10.0, 50.0, 30.0, 0.0007672222222222223, 2000.0], lr=5.000e-05
Epoch: 0 [1620/3000 (54%)] Loss: 29.70598 = L_Mnfld: 9.48487 + L_NonMnfld: 0.02434 + L_Eknl: 3.57432 + L_Morse: 0.00095 + L_thetaHessian: 5.09139 + L_thetaNeighbor: 1.62812 + L_Guidance: 22.39395
Epoch: 0 [1620/3000 (54%)] Unweighted L_s : L_Mnfld: 0.00135 + L_NonMnfld: 0.00004 + L_Eknl: 0.07149 + L_Morse: 1.23619 + L_thetaHessian: 0.50914 + L_thetaNeighbor: 0.05427 + L_Guidance: 0.01120
Feature guidance terms: boundary=0.00933, intra=0.00000, neighbor=0.00000, diversity=0.00000

Weights: [7000.0, 600.0, 10.0, 50.0, 30.0, 0.0007616666666666667, 2000.0], lr=5.000e-05
Epoch: 0 [1630/3000 (54%)] Loss: 26.37709 = L_Mnfld: 7.27226 + L_NonMnfld: 0.02512 + L_Eknl: 3.52934 + L_Morse: 0.00094 + L_thetaHessian: 5.10155 + L_thetaNeighbor: 1.65551 + L_Guidance: 22.24236
Epoch: 0 [1630/3000 (54%)] Unweighted L_s : L_Mnfld: 0.00104 + L_NonMnfld: 0.00004 + L_Eknl: 0.07059 + L_Morse: 1.23185 + L_thetaHessian: 0.51016 + L_thetaNeighbor: 0.05518 + L_Guidance: 0.01112
Feature guidance terms: boundary=0.00927, intra=0.00000, neighbor=0.00000, diversity=0.00000

Weights: [7000.0, 600.0, 10.0, 50.0, 30.0, 0.0007561111111111112, 2000.0], lr=5.000e-05
Epoch: 0 [1640/3000 (55%)] Loss: 29.19728 = L_Mnfld: 9.10480 + L_NonMnfld: 0.02801 + L_Eknl: 3.57505 + L_Morse: 0.00094 + L_thetaHessian: 5.12177 + L_thetaNeighbor: 1.63429 + L_Guidance: 22.34914
Epoch: 0 [1640/3000 (55%)] Unweighted L_s : L_Mnfld: 0.00130 + L_NonMnfld: 0.00005 + L_Eknl: 0.07150 + L_Morse: 1.23764 + L_thetaHessian: 0.51218 + L_thetaNeighbor: 0.05448 + L_Guidance: 0.01117
Feature guidance terms: boundary=0.00931, intra=0.00000, neighbor=0.00000, diversity=0.00000

Weights: [7000.0, 600.0, 10.0, 50.0, 30.0, 0.0007505555555555556, 2000.0], lr=5.000e-05
Epoch: 0 [1650/3000 (55%)] Loss: 27.39286 = L_Mnfld: 7.90400 + L_NonMnfld: 0.02082 + L_Eknl: 3.57816 + L_Morse: 0.00093 + L_thetaHessian: 5.11008 + L_thetaNeighbor: 1.64792 + L_Guidance: 22.19514
Epoch: 0 [1650/3000 (55%)] Unweighted L_s : L_Mnfld: 0.00113 + L_NonMnfld: 0.00003 + L_Eknl: 0.07156 + L_Morse: 1.23443 + L_thetaHessian: 0.51101 + L_thetaNeighbor: 0.05493 + L_Guidance: 0.01110
Feature guidance terms: boundary=0.00925, intra=0.00000, neighbor=0.00000, diversity=0.00000

Weights: [7000.0, 600.0, 10.0, 50.0, 30.0, 0.000745, 2000.0], lr=5.000e-05
Epoch: 0 [1660/3000 (55%)] Loss: 29.09614 = L_Mnfld: 8.89208 + L_NonMnfld: 0.02401 + L_Eknl: 3.62492 + L_Morse: 0.00093 + L_thetaHessian: 5.16911 + L_thetaNeighbor: 1.68637 + L_Guidance: 22.31208
Epoch: 0 [1660/3000 (55%)] Unweighted L_s : L_Mnfld: 0.00127 + L_NonMnfld: 0.00004 + L_Eknl: 0.07250 + L_Morse: 1.24396 + L_thetaHessian: 0.51691 + L_thetaNeighbor: 0.05621 + L_Guidance: 0.01116
Feature guidance terms: boundary=0.00930, intra=0.00000, neighbor=0.00000, diversity=0.00000

Weights: [7000.0, 600.0, 10.0, 50.0, 30.0, 0.0007394444444444445, 2000.0], lr=5.000e-05
Epoch: 0 [1670/3000 (56%)] Loss: 27.20626 = L_Mnfld: 7.81366 + L_NonMnfld: 0.02191 + L_Eknl: 3.54919 + L_Morse: 0.00091 + L_thetaHessian: 5.10052 + L_thetaNeighbor: 1.65131 + L_Guidance: 22.14682
Epoch: 0 [1670/3000 (56%)] Unweighted L_s : L_Mnfld: 0.00112 + L_NonMnfld: 0.00004 + L_Eknl: 0.07098 + L_Morse: 1.23570 + L_thetaHessian: 0.51005 + L_thetaNeighbor: 0.05504 + L_Guidance: 0.01107
Feature guidance terms: boundary=0.00923, intra=0.00000, neighbor=0.00000, diversity=0.00000

Weights: [7000.0, 600.0, 10.0, 50.0, 30.0, 0.000733888888888889, 2000.0], lr=5.000e-05
Epoch: 0 [1680/3000 (56%)] Loss: 28.15265 = L_Mnfld: 8.53942 + L_NonMnfld: 0.02413 + L_Eknl: 3.51476 + L_Morse: 0.00091 + L_thetaHessian: 5.03031 + L_thetaNeighbor: 1.65890 + L_Guidance: 22.02761
Epoch: 0 [1680/3000 (56%)] Unweighted L_s : L_Mnfld: 0.00122 + L_NonMnfld: 0.00004 + L_Eknl: 0.07030 + L_Morse: 1.24189 + L_thetaHessian: 0.50303 + L_thetaNeighbor: 0.05530 + L_Guidance: 0.01101
Feature guidance terms: boundary=0.00918, intra=0.00000, neighbor=0.00000, diversity=0.00000

Weights: [7000.0, 600.0, 10.0, 50.0, 30.0, 0.0007283333333333334, 2000.0], lr=5.000e-05
Epoch: 0 [1690/3000 (56%)] Loss: 26.74490 = L_Mnfld: 7.61007 + L_NonMnfld: 0.01628 + L_Eknl: 3.49296 + L_Morse: 0.00090 + L_thetaHessian: 5.04838 + L_thetaNeighbor: 1.66134 + L_Guidance: 22.19393
Epoch: 0 [1690/3000 (56%)] Unweighted L_s : L_Mnfld: 0.00109 + L_NonMnfld: 0.00003 + L_Eknl: 0.06986 + L_Morse: 1.23778 + L_thetaHessian: 0.50484 + L_thetaNeighbor: 0.05538 + L_Guidance: 0.01110
Feature guidance terms: boundary=0.00925, intra=0.00000, neighbor=0.00000, diversity=0.00000

Weights: [7000.0, 600.0, 10.0, 50.0, 30.0, 0.0007227777777777778, 2000.0], lr=5.000e-05
Epoch: 0 [1700/3000 (57%)] Loss: 28.37671 = L_Mnfld: 8.66922 + L_NonMnfld: 0.02272 + L_Eknl: 3.58666 + L_Morse: 0.00090 + L_thetaHessian: 4.97976 + L_thetaNeighbor: 1.65855 + L_Guidance: 21.96148
Epoch: 0 [1700/3000 (57%)] Unweighted L_s : L_Mnfld: 0.00124 + L_NonMnfld: 0.00004 + L_Eknl: 0.07173 + L_Morse: 1.24404 + L_thetaHessian: 0.49798 + L_thetaNeighbor: 0.05528 + L_Guidance: 0.01098
Feature guidance terms: boundary=0.00915, intra=0.00000, neighbor=0.00000, diversity=0.00000

Weights: [7000.0, 600.0, 10.0, 50.0, 30.0, 0.0007172222222222223, 2000.0], lr=5.000e-05
Epoch: 0 [1710/3000 (57%)] Loss: 26.17261 = L_Mnfld: 7.33691 + L_NonMnfld: 0.02184 + L_Eknl: 3.45540 + L_Morse: 0.00089 + L_thetaHessian: 4.97444 + L_thetaNeighbor: 1.65893 + L_Guidance: 21.96838
Epoch: 0 [1710/3000 (57%)] Unweighted L_s : L_Mnfld: 0.00105 + L_NonMnfld: 0.00004 + L_Eknl: 0.06911 + L_Morse: 1.24134 + L_thetaHessian: 0.49744 + L_thetaNeighbor: 0.05530 + L_Guidance: 0.01098
Feature guidance terms: boundary=0.00915, intra=0.00000, neighbor=0.00000, diversity=0.00000

Weights: [7000.0, 600.0, 10.0, 50.0, 30.0, 0.0007116666666666669, 2000.0], lr=5.000e-05
Epoch: 0 [1720/3000 (57%)] Loss: 28.60017 = L_Mnfld: 8.86620 + L_NonMnfld: 0.02340 + L_Eknl: 3.50122 + L_Morse: 0.00089 + L_thetaHessian: 4.98096 + L_thetaNeighbor: 1.69412 + L_Guidance: 22.01548
Epoch: 0 [1720/3000 (57%)] Unweighted L_s : L_Mnfld: 0.00127 + L_NonMnfld: 0.00004 + L_Eknl: 0.07002 + L_Morse: 1.24818 + L_thetaHessian: 0.49810 + L_thetaNeighbor: 0.05647 + L_Guidance: 0.01101
Feature guidance terms: boundary=0.00917, intra=0.00000, neighbor=0.00000, diversity=0.00000

Weights: [7000.0, 600.0, 10.0, 50.0, 30.0, 0.0007061111111111111, 2000.0], lr=5.000e-05
Epoch: 0 [1730/3000 (58%)] Loss: 25.92202 = L_Mnfld: 7.08482 + L_NonMnfld: 0.02110 + L_Eknl: 3.46747 + L_Morse: 0.00088 + L_thetaHessian: 5.02590 + L_thetaNeighbor: 1.68118 + L_Guidance: 21.98891
Epoch: 0 [1730/3000 (58%)] Unweighted L_s : L_Mnfld: 0.00101 + L_NonMnfld: 0.00004 + L_Eknl: 0.06935 + L_Morse: 1.24185 + L_thetaHessian: 0.50259 + L_thetaNeighbor: 0.05604 + L_Guidance: 0.01099
Feature guidance terms: boundary=0.00916, intra=0.00000, neighbor=0.00000, diversity=0.00000

Weights: [7000.0, 600.0, 10.0, 50.0, 30.0, 0.0007005555555555556, 2000.0], lr=5.000e-05
Epoch: 0 [1740/3000 (58%)] Loss: 28.76096 = L_Mnfld: 9.05245 + L_NonMnfld: 0.02317 + L_Eknl: 3.48287 + L_Morse: 0.00088 + L_thetaHessian: 4.95541 + L_thetaNeighbor: 1.65919 + L_Guidance: 21.91520
Epoch: 0 [1740/3000 (58%)] Unweighted L_s : L_Mnfld: 0.00129 + L_NonMnfld: 0.00004 + L_Eknl: 0.06966 + L_Morse: 1.25009 + L_thetaHessian: 0.49554 + L_thetaNeighbor: 0.05531 + L_Guidance: 0.01096
Feature guidance terms: boundary=0.00913, intra=0.00000, neighbor=0.00000, diversity=0.00000

Weights: [7000.0, 600.0, 10.0, 50.0, 30.0, 0.0006950000000000001, 2000.0], lr=5.000e-05
Epoch: 0 [1750/3000 (58%)] Loss: 25.64936 = L_Mnfld: 6.92037 + L_NonMnfld: 0.02682 + L_Eknl: 3.48485 + L_Morse: 0.00087 + L_thetaHessian: 4.98286 + L_thetaNeighbor: 1.68380 + L_Guidance: 21.87124
Epoch: 0 [1750/3000 (58%)] Unweighted L_s : L_Mnfld: 0.00099 + L_NonMnfld: 0.00004 + L_Eknl: 0.06970 + L_Morse: 1.24676 + L_thetaHessian: 0.49829 + L_thetaNeighbor: 0.05613 + L_Guidance: 0.01094
Feature guidance terms: boundary=0.00911, intra=0.00000, neighbor=0.00000, diversity=0.00000

Weights: [7000.0, 600.0, 10.0, 50.0, 30.0, 0.0006894444444444443, 2000.0], lr=5.000e-05
Epoch: 0 [1760/3000 (59%)] Loss: 29.01981 = L_Mnfld: 9.13936 + L_NonMnfld: 0.02473 + L_Eknl: 3.49606 + L_Morse: 0.00086 + L_thetaHessian: 5.00455 + L_thetaNeighbor: 1.68098 + L_Guidance: 22.07892
Epoch: 0 [1760/3000 (59%)] Unweighted L_s : L_Mnfld: 0.00131 + L_NonMnfld: 0.00004 + L_Eknl: 0.06992 + L_Morse: 1.25417 + L_thetaHessian: 0.50045 + L_thetaNeighbor: 0.05603 + L_Guidance: 0.01104
Feature guidance terms: boundary=0.00920, intra=0.00000, neighbor=0.00000, diversity=0.00000

Weights: [7000.0, 600.0, 10.0, 50.0, 30.0, 0.0006838888888888889, 2000.0], lr=5.000e-05
Epoch: 0 [1770/3000 (59%)] Loss: 25.70395 = L_Mnfld: 6.89266 + L_NonMnfld: 0.02053 + L_Eknl: 3.43690 + L_Morse: 0.00085 + L_thetaHessian: 5.07124 + L_thetaNeighbor: 1.71378 + L_Guidance: 22.28646
Epoch: 0 [1770/3000 (59%)] Unweighted L_s : L_Mnfld: 0.00098 + L_NonMnfld: 0.00003 + L_Eknl: 0.06874 + L_Morse: 1.24582 + L_thetaHessian: 0.50712 + L_thetaNeighbor: 0.05713 + L_Guidance: 0.01114
Feature guidance terms: boundary=0.00929, intra=0.00000, neighbor=0.00000, diversity=0.00000

Weights: [7000.0, 600.0, 10.0, 50.0, 30.0, 0.0006783333333333334, 2000.0], lr=5.000e-05
Epoch: 0 [1780/3000 (59%)] Loss: 29.00017 = L_Mnfld: 9.18372 + L_NonMnfld: 0.01738 + L_Eknl: 3.49093 + L_Morse: 0.00085 + L_thetaHessian: 4.96788 + L_thetaNeighbor: 1.67268 + L_Guidance: 21.91238
Epoch: 0 [1780/3000 (59%)] Unweighted L_s : L_Mnfld: 0.00131 + L_NonMnfld: 0.00003 + L_Eknl: 0.06982 + L_Morse: 1.25507 + L_thetaHessian: 0.49679 + L_thetaNeighbor: 0.05576 + L_Guidance: 0.01096
Feature guidance terms: boundary=0.00913, intra=0.00000, neighbor=0.00000, diversity=0.00000

Weights: [7000.0, 600.0, 10.0, 50.0, 30.0, 0.0006727777777777778, 2000.0], lr=5.000e-05
Epoch: 0 [1790/3000 (60%)] Loss: 25.88695 = L_Mnfld: 7.05195 + L_NonMnfld: 0.01956 + L_Eknl: 3.51387 + L_Morse: 0.00084 + L_thetaHessian: 4.97356 + L_thetaNeighbor: 1.69818 + L_Guidance: 21.75437
Epoch: 0 [1790/3000 (60%)] Unweighted L_s : L_Mnfld: 0.00101 + L_NonMnfld: 0.00003 + L_Eknl: 0.07028 + L_Morse: 1.25205 + L_thetaHessian: 0.49736 + L_thetaNeighbor: 0.05661 + L_Guidance: 0.01088
Feature guidance terms: boundary=0.00906, intra=0.00000, neighbor=0.00000, diversity=0.00000

Weights: [7000.0, 600.0, 10.0, 50.0, 30.0, 0.0006672222222222223, 2000.0], lr=5.000e-05
Epoch: 0 [1800/3000 (60%)] Loss: 29.79174 = L_Mnfld: 9.30816 + L_NonMnfld: 0.02353 + L_Eknl: 3.52913 + L_Morse: 0.00084 + L_thetaHessian: 5.28599 + L_thetaNeighbor: 1.71351 + L_Guidance: 22.72205
Epoch: 0 [1800/3000 (60%)] Unweighted L_s : L_Mnfld: 0.00133 + L_NonMnfld: 0.00004 + L_Eknl: 0.07058 + L_Morse: 1.26115 + L_thetaHessian: 0.52860 + L_thetaNeighbor: 0.05712 + L_Guidance: 0.01136
Feature guidance terms: boundary=0.00947, intra=0.00000, neighbor=0.00000, diversity=0.00000

Weights: [7000.0, 600.0, 10.0, 50.0, 30.0, 0.0006616666666666667, 2000.0], lr=5.000e-05
Epoch: 0 [1810/3000 (60%)] Loss: 27.26250 = L_Mnfld: 7.68521 + L_NonMnfld: 0.01854 + L_Eknl: 3.48047 + L_Morse: 0.00083 + L_thetaHessian: 5.26207 + L_thetaNeighbor: 1.72788 + L_Guidance: 22.45110
Epoch: 0 [1810/3000 (60%)] Unweighted L_s : L_Mnfld: 0.00110 + L_NonMnfld: 0.00003 + L_Eknl: 0.06961 + L_Morse: 1.25910 + L_thetaHessian: 0.52621 + L_thetaNeighbor: 0.05760 + L_Guidance: 0.01123
Feature guidance terms: boundary=0.00935, intra=0.00000, neighbor=0.00000, diversity=0.00000

Weights: [7000.0, 600.0, 10.0, 50.0, 30.0, 0.0006561111111111112, 2000.0], lr=5.000e-05
Epoch: 0 [1820/3000 (61%)] Loss: 28.65167 = L_Mnfld: 8.52072 + L_NonMnfld: 0.02512 + L_Eknl: 3.50617 + L_Morse: 0.00083 + L_thetaHessian: 5.34427 + L_thetaNeighbor: 1.70401 + L_Guidance: 22.90605
Epoch: 0 [1820/3000 (61%)] Unweighted L_s : L_Mnfld: 0.00122 + L_NonMnfld: 0.00004 + L_Eknl: 0.07012 + L_Morse: 1.26382 + L_thetaHessian: 0.53443 + L_thetaNeighbor: 0.05680 + L_Guidance: 0.01145
Feature guidance terms: boundary=0.00954, intra=0.00000, neighbor=0.00000, diversity=0.00000

Weights: [7000.0, 600.0, 10.0, 50.0, 30.0, 0.0006505555555555555, 2000.0], lr=5.000e-05
Epoch: 0 [1830/3000 (61%)] Loss: 27.05592 = L_Mnfld: 7.85196 + L_NonMnfld: 0.01319 + L_Eknl: 3.43829 + L_Morse: 0.00082 + L_thetaHessian: 5.09036 + L_thetaNeighbor: 1.64266 + L_Guidance: 22.17744
Epoch: 0 [1830/3000 (61%)] Unweighted L_s : L_Mnfld: 0.00112 + L_NonMnfld: 0.00002 + L_Eknl: 0.06877 + L_Morse: 1.25531 + L_thetaHessian: 0.50904 + L_thetaNeighbor: 0.05476 + L_Guidance: 0.01109
Feature guidance terms: boundary=0.00924, intra=0.00000, neighbor=0.00000, diversity=0.00000

Weights: [7000.0, 600.0, 10.0, 50.0, 30.0, 0.0006450000000000001, 2000.0], lr=5.000e-05
Epoch: 0 [1840/3000 (61%)] Loss: 27.98368 = L_Mnfld: 8.53690 + L_NonMnfld: 0.02606 + L_Eknl: 3.48727 + L_Morse: 0.00081 + L_thetaHessian: 4.94943 + L_thetaNeighbor: 1.65532 + L_Guidance: 21.91835
Epoch: 0 [1840/3000 (61%)] Unweighted L_s : L_Mnfld: 0.00122 + L_NonMnfld: 0.00004 + L_Eknl: 0.06975 + L_Morse: 1.26268 + L_thetaHessian: 0.49494 + L_thetaNeighbor: 0.05518 + L_Guidance: 0.01096
Feature guidance terms: boundary=0.00913, intra=0.00000, neighbor=0.00000, diversity=0.00000

Weights: [7000.0, 600.0, 10.0, 50.0, 30.0, 0.0006394444444444445, 2000.0], lr=5.000e-05
Epoch: 0 [1850/3000 (62%)] Loss: 26.97468 = L_Mnfld: 7.87294 + L_NonMnfld: 0.01675 + L_Eknl: 3.43474 + L_Morse: 0.00081 + L_thetaHessian: 5.02001 + L_thetaNeighbor: 1.63788 + L_Guidance: 22.04649
Epoch: 0 [1850/3000 (62%)] Unweighted L_s : L_Mnfld: 0.00112 + L_NonMnfld: 0.00003 + L_Eknl: 0.06869 + L_Morse: 1.26295 + L_thetaHessian: 0.50200 + L_thetaNeighbor: 0.05460 + L_Guidance: 0.01102
Feature guidance terms: boundary=0.00919, intra=0.00000, neighbor=0.00000, diversity=0.00000

Weights: [7000.0, 600.0, 10.0, 50.0, 30.0, 0.0006338888888888889, 2000.0], lr=5.000e-05
Epoch: 0 [1860/3000 (62%)] Loss: 27.92364 = L_Mnfld: 8.50545 + L_NonMnfld: 0.02032 + L_Eknl: 3.47346 + L_Morse: 0.00080 + L_thetaHessian: 4.93415 + L_thetaNeighbor: 1.68156 + L_Guidance: 21.69676
Epoch: 0 [1860/3000 (62%)] Unweighted L_s : L_Mnfld: 0.00122 + L_NonMnfld: 0.00003 + L_Eknl: 0.06947 + L_Morse: 1.26790 + L_thetaHessian: 0.49342 + L_thetaNeighbor: 0.05605 + L_Guidance: 0.01085
Feature guidance terms: boundary=0.00904, intra=0.00000, neighbor=0.00000, diversity=0.00000

Weights: [7000.0, 600.0, 10.0, 50.0, 30.0, 0.0006283333333333334, 2000.0], lr=5.000e-05
Epoch: 0 [1870/3000 (62%)] Loss: 26.48300 = L_Mnfld: 7.64256 + L_NonMnfld: 0.01926 + L_Eknl: 3.38447 + L_Morse: 0.00079 + L_thetaHessian: 4.92238 + L_thetaNeighbor: 1.68586 + L_Guidance: 21.80649
Epoch: 0 [1870/3000 (62%)] Unweighted L_s : L_Mnfld: 0.00109 + L_NonMnfld: 0.00003 + L_Eknl: 0.06769 + L_Morse: 1.25757 + L_thetaHessian: 0.49224 + L_thetaNeighbor: 0.05620 + L_Guidance: 0.01090
Feature guidance terms: boundary=0.00909, intra=0.00000, neighbor=0.00000, diversity=0.00000

Weights: [7000.0, 600.0, 10.0, 50.0, 30.0, 0.0006227777777777779, 2000.0], lr=5.000e-05
Epoch: 0 [1880/3000 (63%)] Loss: 27.74958 = L_Mnfld: 8.44238 + L_NonMnfld: 0.02609 + L_Eknl: 3.45783 + L_Morse: 0.00079 + L_thetaHessian: 4.91093 + L_thetaNeighbor: 1.66170 + L_Guidance: 22.03511
Epoch: 0 [1880/3000 (63%)] Unweighted L_s : L_Mnfld: 0.00121 + L_NonMnfld: 0.00004 + L_Eknl: 0.06916 + L_Morse: 1.27038 + L_thetaHessian: 0.49109 + L_thetaNeighbor: 0.05539 + L_Guidance: 0.01102
Feature guidance terms: boundary=0.00918, intra=0.00000, neighbor=0.00000, diversity=0.00000

Weights: [7000.0, 600.0, 10.0, 50.0, 30.0, 0.0006172222222222221, 2000.0], lr=5.000e-05
Epoch: 0 [1890/3000 (63%)] Loss: 26.04090 = L_Mnfld: 7.39491 + L_NonMnfld: 0.01653 + L_Eknl: 3.43154 + L_Morse: 0.00078 + L_thetaHessian: 4.85962 + L_thetaNeighbor: 1.65722 + L_Guidance: 21.74776
Epoch: 0 [1890/3000 (63%)] Unweighted L_s : L_Mnfld: 0.00106 + L_NonMnfld: 0.00003 + L_Eknl: 0.06863 + L_Morse: 1.26506 + L_thetaHessian: 0.48596 + L_thetaNeighbor: 0.05524 + L_Guidance: 0.01087
Feature guidance terms: boundary=0.00906, intra=0.00000, neighbor=0.00000, diversity=0.00000

Weights: [7000.0, 600.0, 10.0, 50.0, 30.0, 0.0006116666666666666, 2000.0], lr=5.000e-05
Epoch: 0 [1900/3000 (63%)] Loss: 27.78198 = L_Mnfld: 8.54321 + L_NonMnfld: 0.02212 + L_Eknl: 3.46698 + L_Morse: 0.00078 + L_thetaHessian: 4.82344 + L_thetaNeighbor: 1.66478 + L_Guidance: 21.54634
Epoch: 0 [1900/3000 (63%)] Unweighted L_s : L_Mnfld: 0.00122 + L_NonMnfld: 0.00004 + L_Eknl: 0.06934 + L_Morse: 1.27430 + L_thetaHessian: 0.48234 + L_thetaNeighbor: 0.05549 + L_Guidance: 0.01077
Feature guidance terms: boundary=0.00898, intra=0.00000, neighbor=0.00000, diversity=0.00000

Weights: [7000.0, 600.0, 10.0, 50.0, 30.0, 0.0006061111111111112, 2000.0], lr=5.000e-05
Epoch: 0 [1910/3000 (64%)] Loss: 25.64640 = L_Mnfld: 7.25015 + L_NonMnfld: 0.02031 + L_Eknl: 3.34919 + L_Morse: 0.00077 + L_thetaHessian: 4.80247 + L_thetaNeighbor: 1.67472 + L_Guidance: 21.49683
Epoch: 0 [1910/3000 (64%)] Unweighted L_s : L_Mnfld: 0.00104 + L_NonMnfld: 0.00003 + L_Eknl: 0.06698 + L_Morse: 1.26535 + L_thetaHessian: 0.48025 + L_thetaNeighbor: 0.05582 + L_Guidance: 0.01075
Feature guidance terms: boundary=0.00896, intra=0.00000, neighbor=0.00000, diversity=0.00000

Weights: [7000.0, 600.0, 10.0, 50.0, 30.0, 0.0006005555555555556, 2000.0], lr=5.000e-05
Epoch: 0 [1920/3000 (64%)] Loss: 27.80390 = L_Mnfld: 8.68206 + L_NonMnfld: 0.01871 + L_Eknl: 3.34295 + L_Morse: 0.00077 + L_thetaHessian: 4.80395 + L_thetaNeighbor: 1.68748 + L_Guidance: 21.38608
Epoch: 0 [1920/3000 (64%)] Unweighted L_s : L_Mnfld: 0.00124 + L_NonMnfld: 0.00003 + L_Eknl: 0.06686 + L_Morse: 1.27611 + L_thetaHessian: 0.48040 + L_thetaNeighbor: 0.05625 + L_Guidance: 0.01069
Feature guidance terms: boundary=0.00891, intra=0.00000, neighbor=0.00000, diversity=0.00000

Weights: [7000.0, 600.0, 10.0, 50.0, 30.0, 0.000595, 2000.0], lr=5.000e-05
Epoch: 0 [1930/3000 (64%)] Loss: 25.58076 = L_Mnfld: 7.10165 + L_NonMnfld: 0.01644 + L_Eknl: 3.42459 + L_Morse: 0.00076 + L_thetaHessian: 4.82283 + L_thetaNeighbor: 1.68756 + L_Guidance: 21.42455
Epoch: 0 [1930/3000 (64%)] Unweighted L_s : L_Mnfld: 0.00101 + L_NonMnfld: 0.00003 + L_Eknl: 0.06849 + L_Morse: 1.27050 + L_thetaHessian: 0.48228 + L_thetaNeighbor: 0.05625 + L_Guidance: 0.01071
Feature guidance terms: boundary=0.00893, intra=0.00000, neighbor=0.00000, diversity=0.00000

Weights: [7000.0, 600.0, 10.0, 50.0, 30.0, 0.0005894444444444445, 2000.0], lr=5.000e-05
Epoch: 0 [1940/3000 (65%)] Loss: 28.21019 = L_Mnfld: 8.71988 + L_NonMnfld: 0.01676 + L_Eknl: 3.40829 + L_Morse: 0.00075 + L_thetaHessian: 5.00422 + L_thetaNeighbor: 1.65688 + L_Guidance: 22.25881
Epoch: 0 [1940/3000 (65%)] Unweighted L_s : L_Mnfld: 0.00125 + L_NonMnfld: 0.00003 + L_Eknl: 0.06817 + L_Morse: 1.27997 + L_thetaHessian: 0.50042 + L_thetaNeighbor: 0.05523 + L_Guidance: 0.01113
Feature guidance terms: boundary=0.00927, intra=0.00000, neighbor=0.00000, diversity=0.00000

Weights: [7000.0, 600.0, 10.0, 50.0, 30.0, 0.000583888888888889, 2000.0], lr=5.000e-05
Epoch: 0 [1950/3000 (65%)] Loss: 25.72041 = L_Mnfld: 7.04426 + L_NonMnfld: 0.02129 + L_Eknl: 3.38660 + L_Morse: 0.00074 + L_thetaHessian: 4.99883 + L_thetaNeighbor: 1.69521 + L_Guidance: 21.92502
Epoch: 0 [1950/3000 (65%)] Unweighted L_s : L_Mnfld: 0.00101 + L_NonMnfld: 0.00004 + L_Eknl: 0.06773 + L_Morse: 1.27154 + L_thetaHessian: 0.49988 + L_thetaNeighbor: 0.05651 + L_Guidance: 0.01096
Feature guidance terms: boundary=0.00914, intra=0.00000, neighbor=0.00000, diversity=0.00000

Weights: [7000.0, 600.0, 10.0, 50.0, 30.0, 0.0005783333333333333, 2000.0], lr=5.000e-05
Epoch: 0 [1960/3000 (65%)] Loss: 28.07468 = L_Mnfld: 8.81266 + L_NonMnfld: 0.02059 + L_Eknl: 3.38565 + L_Morse: 0.00074 + L_thetaHessian: 4.80174 + L_thetaNeighbor: 1.69506 + L_Guidance: 21.37123
Epoch: 0 [1960/3000 (65%)] Unweighted L_s : L_Mnfld: 0.00126 + L_NonMnfld: 0.00003 + L_Eknl: 0.06771 + L_Morse: 1.28237 + L_thetaHessian: 0.48017 + L_thetaNeighbor: 0.05650 + L_Guidance: 0.01069
Feature guidance terms: boundary=0.00890, intra=0.00000, neighbor=0.00000, diversity=0.00000

Weights: [7000.0, 600.0, 10.0, 50.0, 30.0, 0.0005727777777777778, 2000.0], lr=5.000e-05
Epoch: 0 [1970/3000 (66%)] Loss: 25.52020 = L_Mnfld: 6.97016 + L_NonMnfld: 0.02135 + L_Eknl: 3.35389 + L_Morse: 0.00073 + L_thetaHessian: 4.94153 + L_thetaNeighbor: 1.72582 + L_Guidance: 21.56701
Epoch: 0 [1970/3000 (66%)] Unweighted L_s : L_Mnfld: 0.00100 + L_NonMnfld: 0.00004 + L_Eknl: 0.06708 + L_Morse: 1.27481 + L_thetaHessian: 0.49415 + L_thetaNeighbor: 0.05753 + L_Guidance: 0.01078
Feature guidance terms: boundary=0.00899, intra=0.00000, neighbor=0.00000, diversity=0.00000

Weights: [7000.0, 600.0, 10.0, 50.0, 30.0, 0.0005672222222222223, 2000.0], lr=5.000e-05
Epoch: 0 [1980/3000 (66%)] Loss: 28.35025 = L_Mnfld: 8.85295 + L_NonMnfld: 0.02316 + L_Eknl: 3.44351 + L_Morse: 0.00073 + L_thetaHessian: 4.87123 + L_thetaNeighbor: 1.70859 + L_Guidance: 21.43593
Epoch: 0 [1980/3000 (66%)] Unweighted L_s : L_Mnfld: 0.00126 + L_NonMnfld: 0.00004 + L_Eknl: 0.06887 + L_Morse: 1.28604 + L_thetaHessian: 0.48712 + L_thetaNeighbor: 0.05695 + L_Guidance: 0.01072
Feature guidance terms: boundary=0.00893, intra=0.00000, neighbor=0.00000, diversity=0.00000

Weights: [7000.0, 600.0, 10.0, 50.0, 30.0, 0.0005616666666666667, 2000.0], lr=5.000e-05
Epoch: 0 [1990/3000 (66%)] Loss: 25.34192 = L_Mnfld: 6.90664 + L_NonMnfld: 0.02031 + L_Eknl: 3.36447 + L_Morse: 0.00072 + L_thetaHessian: 4.88235 + L_thetaNeighbor: 1.72012 + L_Guidance: 21.30009
Epoch: 0 [1990/3000 (66%)] Unweighted L_s : L_Mnfld: 0.00099 + L_NonMnfld: 0.00003 + L_Eknl: 0.06729 + L_Morse: 1.27786 + L_thetaHessian: 0.48823 + L_thetaNeighbor: 0.05734 + L_Guidance: 0.01065
Feature guidance terms: boundary=0.00888, intra=0.00000, neighbor=0.00000, diversity=0.00000

Weights: [7000.0, 600.0, 10.0, 50.0, 30.0, 0.0005561111111111112, 2000.0], lr=5.000e-05
Epoch: 0 [2000/3000 (67%)] Loss: 28.33166 = L_Mnfld: 8.92266 + L_NonMnfld: 0.02017 + L_Eknl: 3.42979 + L_Morse: 0.00072 + L_thetaHessian: 4.82467 + L_thetaNeighbor: 1.68977 + L_Guidance: 21.17939
Epoch: 0 [2000/3000 (67%)] Unweighted L_s : L_Mnfld: 0.00127 + L_NonMnfld: 0.00003 + L_Eknl: 0.06860 + L_Morse: 1.29039 + L_thetaHessian: 0.48247 + L_thetaNeighbor: 0.05633 + L_Guidance: 0.01059
Feature guidance terms: boundary=0.00882, intra=0.00000, neighbor=0.00000, diversity=0.00000

Weights: [7000.0, 600.0, 10.0, 50.0, 30.0, 0.0005505555555555557, 2000.0], lr=5.000e-05
Epoch: 0 [2010/3000 (67%)] Loss: 25.77122 = L_Mnfld: 7.19114 + L_NonMnfld: 0.01839 + L_Eknl: 3.40437 + L_Morse: 0.00071 + L_thetaHessian: 4.84970 + L_thetaNeighbor: 1.71652 + L_Guidance: 21.04636
Epoch: 0 [2010/3000 (67%)] Unweighted L_s : L_Mnfld: 0.00103 + L_NonMnfld: 0.00003 + L_Eknl: 0.06809 + L_Morse: 1.28390 + L_thetaHessian: 0.48497 + L_thetaNeighbor: 0.05722 + L_Guidance: 0.01052
Feature guidance terms: boundary=0.00877, intra=0.00000, neighbor=0.00000, diversity=0.00000

Weights: [7000.0, 600.0, 10.0, 50.0, 30.0, 0.0005449999999999999, 2000.0], lr=5.000e-05
Epoch: 0 [2020/3000 (67%)] Loss: 28.11807 = L_Mnfld: 8.67338 + L_NonMnfld: 0.01921 + L_Eknl: 3.41558 + L_Morse: 0.00071 + L_thetaHessian: 4.91588 + L_thetaNeighbor: 1.72063 + L_Guidance: 21.40346
Epoch: 0 [2020/3000 (67%)] Unweighted L_s : L_Mnfld: 0.00124 + L_NonMnfld: 0.00003 + L_Eknl: 0.06831 + L_Morse: 1.29569 + L_thetaHessian: 0.49159 + L_thetaNeighbor: 0.05735 + L_Guidance: 0.01070
Feature guidance terms: boundary=0.00892, intra=0.00000, neighbor=0.00000, diversity=0.00000

Weights: [7000.0, 600.0, 10.0, 50.0, 30.0, 0.0005394444444444444, 2000.0], lr=5.000e-05
Epoch: 0 [2030/3000 (68%)] Loss: 26.68465 = L_Mnfld: 7.52136 + L_NonMnfld: 0.01799 + L_Eknl: 3.38223 + L_Morse: 0.00070 + L_thetaHessian: 5.13518 + L_thetaNeighbor: 1.73231 + L_Guidance: 21.78536
Epoch: 0 [2030/3000 (68%)] Unweighted L_s : L_Mnfld: 0.00107 + L_NonMnfld: 0.00003 + L_Eknl: 0.06764 + L_Morse: 1.28836 + L_thetaHessian: 0.51352 + L_thetaNeighbor: 0.05774 + L_Guidance: 0.01089
Feature guidance terms: boundary=0.00908, intra=0.00000, neighbor=0.00000, diversity=0.00000

Weights: [7000.0, 600.0, 10.0, 50.0, 30.0, 0.000533888888888889, 2000.0], lr=5.000e-05
Epoch: 0 [2040/3000 (68%)] Loss: 27.65741 = L_Mnfld: 8.39563 + L_NonMnfld: 0.02198 + L_Eknl: 3.38648 + L_Morse: 0.00069 + L_thetaHessian: 4.92008 + L_thetaNeighbor: 1.71341 + L_Guidance: 21.05060
Epoch: 0 [2040/3000 (68%)] Unweighted L_s : L_Mnfld: 0.00120 + L_NonMnfld: 0.00004 + L_Eknl: 0.06773 + L_Morse: 1.29703 + L_thetaHessian: 0.49201 + L_thetaNeighbor: 0.05711 + L_Guidance: 0.01053
Feature guidance terms: boundary=0.00877, intra=0.00000, neighbor=0.00000, diversity=0.00000

Weights: [7000.0, 600.0, 10.0, 50.0, 30.0, 0.0005283333333333332, 2000.0], lr=5.000e-05
Epoch: 0 [2050/3000 (68%)] Loss: 27.37136 = L_Mnfld: 7.81905 + L_NonMnfld: 0.02808 + L_Eknl: 3.42451 + L_Morse: 0.00068 + L_thetaHessian: 5.22837 + L_thetaNeighbor: 1.74688 + L_Guidance: 22.13754
Epoch: 0 [2050/3000 (68%)] Unweighted L_s : L_Mnfld: 0.00112 + L_NonMnfld: 0.00005 + L_Eknl: 0.06849 + L_Morse: 1.29091 + L_thetaHessian: 0.52284 + L_thetaNeighbor: 0.05823 + L_Guidance: 0.01107
Feature guidance terms: boundary=0.00922, intra=0.00000, neighbor=0.00000, diversity=0.00000

Weights: [7000.0, 600.0, 10.0, 50.0, 30.0, 0.0005227777777777778, 2000.0], lr=5.000e-05
Epoch: 0 [2060/3000 (69%)] Loss: 27.33355 = L_Mnfld: 8.18473 + L_NonMnfld: 0.02295 + L_Eknl: 3.36772 + L_Morse: 0.00068 + L_thetaHessian: 4.93087 + L_thetaNeighbor: 1.71543 + L_Guidance: 21.63590
Epoch: 0 [2060/3000 (69%)] Unweighted L_s : L_Mnfld: 0.00117 + L_NonMnfld: 0.00004 + L_Eknl: 0.06735 + L_Morse: 1.29826 + L_thetaHessian: 0.49309 + L_thetaNeighbor: 0.05718 + L_Guidance: 0.01082
Feature guidance terms: boundary=0.00901, intra=0.00000, neighbor=0.00000, diversity=0.00000

Weights: [7000.0, 600.0, 10.0, 50.0, 30.0, 0.0005172222222222223, 2000.0], lr=5.000e-05
Epoch: 0 [2070/3000 (69%)] Loss: 26.95118 = L_Mnfld: 7.74273 + L_NonMnfld: 0.01490 + L_Eknl: 3.34491 + L_Morse: 0.00067 + L_thetaHessian: 5.14605 + L_thetaNeighbor: 1.71818 + L_Guidance: 22.57469
Epoch: 0 [2070/3000 (69%)] Unweighted L_s : L_Mnfld: 0.00111 + L_NonMnfld: 0.00002 + L_Eknl: 0.06690 + L_Morse: 1.29124 + L_thetaHessian: 0.51461 + L_thetaNeighbor: 0.05727 + L_Guidance: 0.01129
Feature guidance terms: boundary=0.00941, intra=0.00000, neighbor=0.00000, diversity=0.00000

Weights: [7000.0, 600.0, 10.0, 50.0, 30.0, 0.0005116666666666668, 2000.0], lr=5.000e-05
Epoch: 0 [2080/3000 (69%)] Loss: 27.54489 = L_Mnfld: 8.12053 + L_NonMnfld: 0.02362 + L_Eknl: 3.41239 + L_Morse: 0.00067 + L_thetaHessian: 5.07851 + L_thetaNeighbor: 1.72754 + L_Guidance: 22.33737
Epoch: 0 [2080/3000 (69%)] Unweighted L_s : L_Mnfld: 0.00116 + L_NonMnfld: 0.00004 + L_Eknl: 0.06825 + L_Morse: 1.30071 + L_thetaHessian: 0.50785 + L_thetaNeighbor: 0.05758 + L_Guidance: 0.01117
Feature guidance terms: boundary=0.00931, intra=0.00000, neighbor=0.00000, diversity=0.00000

Weights: [7000.0, 600.0, 10.0, 50.0, 30.0, 0.000506111111111111, 2000.0], lr=5.000e-05
Epoch: 0 [2090/3000 (70%)] Loss: 26.99887 = L_Mnfld: 7.68273 + L_NonMnfld: 0.01576 + L_Eknl: 3.33892 + L_Morse: 0.00065 + L_thetaHessian: 5.28538 + L_thetaNeighbor: 1.67580 + L_Guidance: 23.26805
Epoch: 0 [2090/3000 (70%)] Unweighted L_s : L_Mnfld: 0.00110 + L_NonMnfld: 0.00003 + L_Eknl: 0.06678 + L_Morse: 1.29128 + L_thetaHessian: 0.52854 + L_thetaNeighbor: 0.05586 + L_Guidance: 0.01163
Feature guidance terms: boundary=0.00970, intra=0.00000, neighbor=0.00000, diversity=0.00000

Weights: [7000.0, 600.0, 10.0, 50.0, 30.0, 0.0005005555555555555, 2000.0], lr=5.000e-05
Epoch: 0 [2100/3000 (70%)] Loss: 27.17583 = L_Mnfld: 8.21205 + L_NonMnfld: 0.02064 + L_Eknl: 3.31745 + L_Morse: 0.00065 + L_thetaHessian: 4.90740 + L_thetaNeighbor: 1.65904 + L_Guidance: 21.98241
Epoch: 0 [2100/3000 (70%)] Unweighted L_s : L_Mnfld: 0.00117 + L_NonMnfld: 0.00003 + L_Eknl: 0.06635 + L_Morse: 1.29999 + L_thetaHessian: 0.49074 + L_thetaNeighbor: 0.05530 + L_Guidance: 0.01099
Feature guidance terms: boundary=0.00916, intra=0.00000, neighbor=0.00000, diversity=0.00000

Weights: [7000.0, 600.0, 10.0, 50.0, 30.0, 0.0004950000000000001, 2000.0], lr=5.000e-05
Epoch: 0 [2110/3000 (70%)] Loss: 26.27147 = L_Mnfld: 7.44096 + L_NonMnfld: 0.01473 + L_Eknl: 3.30531 + L_Morse: 0.00064 + L_thetaHessian: 5.13966 + L_thetaNeighbor: 1.61302 + L_Guidance: 23.31417
Epoch: 0 [2110/3000 (70%)] Unweighted L_s : L_Mnfld: 0.00106 + L_NonMnfld: 0.00002 + L_Eknl: 0.06611 + L_Morse: 1.29509 + L_thetaHessian: 0.51397 + L_thetaNeighbor: 0.05377 + L_Guidance: 0.01166
Feature guidance terms: boundary=0.00971, intra=0.00000, neighbor=0.00000, diversity=0.00000

Weights: [7000.0, 600.0, 10.0, 50.0, 30.0, 0.0004894444444444444, 2000.0], lr=5.000e-05
Epoch: 0 [2120/3000 (71%)] Loss: 27.23145 = L_Mnfld: 8.30086 + L_NonMnfld: 0.02147 + L_Eknl: 3.29037 + L_Morse: 0.00064 + L_thetaHessian: 4.87405 + L_thetaNeighbor: 1.66691 + L_Guidance: 21.68748
Epoch: 0 [2120/3000 (71%)] Unweighted L_s : L_Mnfld: 0.00119 + L_NonMnfld: 0.00004 + L_Eknl: 0.06581 + L_Morse: 1.30549 + L_thetaHessian: 0.48740 + L_thetaNeighbor: 0.05556 + L_Guidance: 0.01084
Feature guidance terms: boundary=0.00904, intra=0.00000, neighbor=0.00000, diversity=0.00000

Weights: [7000.0, 600.0, 10.0, 50.0, 30.0, 0.00048388888888888895, 2000.0], lr=5.000e-05
Epoch: 0 [2130/3000 (71%)] Loss: 25.37274 = L_Mnfld: 7.30182 + L_NonMnfld: 0.01449 + L_Eknl: 3.27526 + L_Morse: 0.00063 + L_thetaHessian: 4.67401 + L_thetaNeighbor: 1.64895 + L_Guidance: 21.25599
Epoch: 0 [2130/3000 (71%)] Unweighted L_s : L_Mnfld: 0.00104 + L_NonMnfld: 0.00002 + L_Eknl: 0.06551 + L_Morse: 1.29842 + L_thetaHessian: 0.46740 + L_thetaNeighbor: 0.05497 + L_Guidance: 0.01063
Feature guidance terms: boundary=0.00886, intra=0.00000, neighbor=0.00000, diversity=0.00000

Weights: [7000.0, 600.0, 10.0, 50.0, 30.0, 0.00047833333333333343, 2000.0], lr=5.000e-05
Epoch: 0 [2140/3000 (71%)] Loss: 27.60148 = L_Mnfld: 8.38659 + L_NonMnfld: 0.01958 + L_Eknl: 3.28081 + L_Morse: 0.00063 + L_thetaHessian: 5.03730 + L_thetaNeighbor: 1.67609 + L_Guidance: 22.96699
Epoch: 0 [2140/3000 (71%)] Unweighted L_s : L_Mnfld: 0.00120 + L_NonMnfld: 0.00003 + L_Eknl: 0.06562 + L_Morse: 1.30791 + L_thetaHessian: 0.50373 + L_thetaNeighbor: 0.05587 + L_Guidance: 0.01148
Feature guidance terms: boundary=0.00957, intra=0.00000, neighbor=0.00000, diversity=0.00000

Weights: [7000.0, 600.0, 10.0, 50.0, 30.0, 0.0004727777777777778, 2000.0], lr=5.000e-05
Epoch: 0 [2150/3000 (72%)] Loss: 25.37867 = L_Mnfld: 7.15317 + L_NonMnfld: 0.01679 + L_Eknl: 3.28674 + L_Morse: 0.00061 + L_thetaHessian: 4.84984 + L_thetaNeighbor: 1.61196 + L_Guidance: 22.09879
Epoch: 0 [2150/3000 (72%)] Unweighted L_s : L_Mnfld: 0.00102 + L_NonMnfld: 0.00003 + L_Eknl: 0.06573 + L_Morse: 1.30034 + L_thetaHessian: 0.48498 + L_thetaNeighbor: 0.05373 + L_Guidance: 0.01105
Feature guidance terms: boundary=0.00921, intra=0.00000, neighbor=0.00000, diversity=0.00000

Weights: [7000.0, 600.0, 10.0, 50.0, 30.0, 0.00046722222222222217, 2000.0], lr=5.000e-05
Epoch: 0 [2160/3000 (72%)] Loss: 27.59404 = L_Mnfld: 8.44796 + L_NonMnfld: 0.01971 + L_Eknl: 3.31030 + L_Morse: 0.00061 + L_thetaHessian: 4.89337 + L_thetaNeighbor: 1.72407 + L_Guidance: 22.00083
Epoch: 0 [2160/3000 (72%)] Unweighted L_s : L_Mnfld: 0.00121 + L_NonMnfld: 0.00003 + L_Eknl: 0.06621 + L_Morse: 1.31156 + L_thetaHessian: 0.48934 + L_thetaNeighbor: 0.05747 + L_Guidance: 0.01100
Feature guidance terms: boundary=0.00917, intra=0.00000, neighbor=0.00000, diversity=0.00000

Weights: [7000.0, 600.0, 10.0, 50.0, 30.0, 0.00046166666666666676, 2000.0], lr=5.000e-05
Epoch: 0 [2170/3000 (72%)] Loss: 25.26185 = L_Mnfld: 7.20300 + L_NonMnfld: 0.01386 + L_Eknl: 3.27983 + L_Morse: 0.00060 + L_thetaHessian: 4.67418 + L_thetaNeighbor: 1.66976 + L_Guidance: 21.09634
Epoch: 0 [2170/3000 (72%)] Unweighted L_s : L_Mnfld: 0.00103 + L_NonMnfld: 0.00002 + L_Eknl: 0.06560 + L_Morse: 1.30457 + L_thetaHessian: 0.46742 + L_thetaNeighbor: 0.05566 + L_Guidance: 0.01055
Feature guidance terms: boundary=0.00879, intra=0.00000, neighbor=0.00000, diversity=0.00000

Weights: [7000.0, 600.0, 10.0, 50.0, 30.0, 0.000456111111111111, 2000.0], lr=5.000e-05
Epoch: 0 [2180/3000 (73%)] Loss: 27.58186 = L_Mnfld: 8.53078 + L_NonMnfld: 0.02153 + L_Eknl: 3.36403 + L_Morse: 0.00060 + L_thetaHessian: 4.81769 + L_thetaNeighbor: 1.65328 + L_Guidance: 21.94169
Epoch: 0 [2180/3000 (73%)] Unweighted L_s : L_Mnfld: 0.00122 + L_NonMnfld: 0.00004 + L_Eknl: 0.06728 + L_Morse: 1.31477 + L_thetaHessian: 0.48177 + L_thetaNeighbor: 0.05511 + L_Guidance: 0.01097
Feature guidance terms: boundary=0.00914, intra=0.00000, neighbor=0.00000, diversity=0.00000

Weights: [7000.0, 600.0, 10.0, 50.0, 30.0, 0.0004505555555555555, 2000.0], lr=5.000e-05
Epoch: 0 [2190/3000 (73%)] Loss: 25.25424 = L_Mnfld: 7.16891 + L_NonMnfld: 0.01476 + L_Eknl: 3.24960 + L_Morse: 0.00059 + L_thetaHessian: 4.71138 + L_thetaNeighbor: 1.69092 + L_Guidance: 21.03493
Epoch: 0 [2190/3000 (73%)] Unweighted L_s : L_Mnfld: 0.00102 + L_NonMnfld: 0.00002 + L_Eknl: 0.06499 + L_Morse: 1.30934 + L_thetaHessian: 0.47114 + L_thetaNeighbor: 0.05636 + L_Guidance: 0.01052
Feature guidance terms: boundary=0.00876, intra=0.00000, neighbor=0.00000, diversity=0.00000

Weights: [7000.0, 600.0, 10.0, 50.0, 30.0, 0.0004450000000000001, 2000.0], lr=5.000e-05
Epoch: 0 [2200/3000 (73%)] Loss: 27.52223 = L_Mnfld: 8.48871 + L_NonMnfld: 0.01644 + L_Eknl: 3.32249 + L_Morse: 0.00059 + L_thetaHessian: 4.87045 + L_thetaNeighbor: 1.64948 + L_Guidance: 21.80920
Epoch: 0 [2200/3000 (73%)] Unweighted L_s : L_Mnfld: 0.00121 + L_NonMnfld: 0.00003 + L_Eknl: 0.06645 + L_Morse: 1.31917 + L_thetaHessian: 0.48704 + L_thetaNeighbor: 0.05498 + L_Guidance: 0.01090
Feature guidance terms: boundary=0.00909, intra=0.00000, neighbor=0.00000, diversity=0.00000

Weights: [7000.0, 600.0, 10.0, 50.0, 30.0, 0.00043944444444444456, 2000.0], lr=5.000e-05
Epoch: 0 [2210/3000 (74%)] Loss: 25.32239 = L_Mnfld: 7.11579 + L_NonMnfld: 0.01545 + L_Eknl: 3.26342 + L_Morse: 0.00058 + L_thetaHessian: 4.75902 + L_thetaNeighbor: 1.72732 + L_Guidance: 20.99880
Epoch: 0 [2210/3000 (74%)] Unweighted L_s : L_Mnfld: 0.00102 + L_NonMnfld: 0.00003 + L_Eknl: 0.06527 + L_Morse: 1.31496 + L_thetaHessian: 0.47590 + L_thetaNeighbor: 0.05758 + L_Guidance: 0.01050
Feature guidance terms: boundary=0.00875, intra=0.00000, neighbor=0.00000, diversity=0.00000

Weights: [7000.0, 600.0, 10.0, 50.0, 30.0, 0.00043388888888888893, 2000.0], lr=5.000e-05
Epoch: 0 [2220/3000 (74%)] Loss: 27.44389 = L_Mnfld: 8.46599 + L_NonMnfld: 0.01886 + L_Eknl: 3.35296 + L_Morse: 0.00057 + L_thetaHessian: 4.71843 + L_thetaNeighbor: 1.73911 + L_Guidance: 20.84216
Epoch: 0 [2220/3000 (74%)] Unweighted L_s : L_Mnfld: 0.00121 + L_NonMnfld: 0.00003 + L_Eknl: 0.06706 + L_Morse: 1.32118 + L_thetaHessian: 0.47184 + L_thetaNeighbor: 0.05797 + L_Guidance: 0.01042
Feature guidance terms: boundary=0.00868, intra=0.00000, neighbor=0.00000, diversity=0.00000

Weights: [7000.0, 600.0, 10.0, 50.0, 30.0, 0.0004283333333333333, 2000.0], lr=5.000e-05
Epoch: 0 [2230/3000 (74%)] Loss: 25.24140 = L_Mnfld: 7.09019 + L_NonMnfld: 0.02028 + L_Eknl: 3.27787 + L_Morse: 0.00056 + L_thetaHessian: 4.71003 + L_thetaNeighbor: 1.72867 + L_Guidance: 20.94635
Epoch: 0 [2230/3000 (74%)] Unweighted L_s : L_Mnfld: 0.00101 + L_NonMnfld: 0.00003 + L_Eknl: 0.06556 + L_Morse: 1.31688 + L_thetaHessian: 0.47100 + L_thetaNeighbor: 0.05762 + L_Guidance: 0.01047
Feature guidance terms: boundary=0.00873, intra=0.00000, neighbor=0.00000, diversity=0.00000

Weights: [7000.0, 600.0, 10.0, 50.0, 30.0, 0.0004227777777777779, 2000.0], lr=5.000e-05
Epoch: 0 [2240/3000 (75%)] Loss: 27.36222 = L_Mnfld: 8.50615 + L_NonMnfld: 0.01908 + L_Eknl: 3.27279 + L_Morse: 0.00056 + L_thetaHessian: 4.74124 + L_thetaNeighbor: 1.70167 + L_Guidance: 21.06268
Epoch: 0 [2240/3000 (75%)] Unweighted L_s : L_Mnfld: 0.00122 + L_NonMnfld: 0.00003 + L_Eknl: 0.06546 + L_Morse: 1.32540 + L_thetaHessian: 0.47412 + L_thetaNeighbor: 0.05672 + L_Guidance: 0.01053
Feature guidance terms: boundary=0.00878, intra=0.00000, neighbor=0.00000, diversity=0.00000

Weights: [7000.0, 600.0, 10.0, 50.0, 30.0, 0.00041722222222222215, 2000.0], lr=5.000e-05
Epoch: 0 [2250/3000 (75%)] Loss: 25.40787 = L_Mnfld: 7.13259 + L_NonMnfld: 0.01807 + L_Eknl: 3.23826 + L_Morse: 0.00055 + L_thetaHessian: 4.83824 + L_thetaNeighbor: 1.71088 + L_Guidance: 21.30664
Epoch: 0 [2250/3000 (75%)] Unweighted L_s : L_Mnfld: 0.00102 + L_NonMnfld: 0.00003 + L_Eknl: 0.06477 + L_Morse: 1.31993 + L_thetaHessian: 0.48382 + L_thetaNeighbor: 0.05703 + L_Guidance: 0.01065
Feature guidance terms: boundary=0.00888, intra=0.00000, neighbor=0.00000, diversity=0.00000

Weights: [7000.0, 600.0, 10.0, 50.0, 30.0, 0.00041166666666666673, 2000.0], lr=5.000e-05
Epoch: 0 [2260/3000 (75%)] Loss: 27.36750 = L_Mnfld: 8.44590 + L_NonMnfld: 0.01415 + L_Eknl: 3.32879 + L_Morse: 0.00055 + L_thetaHessian: 4.71721 + L_thetaNeighbor: 1.73841 + L_Guidance: 20.69427
Epoch: 0 [2260/3000 (75%)] Unweighted L_s : L_Mnfld: 0.00121 + L_NonMnfld: 0.00002 + L_Eknl: 0.06658 + L_Morse: 1.32723 + L_thetaHessian: 0.47172 + L_thetaNeighbor: 0.05795 + L_Guidance: 0.01035
Feature guidance terms: boundary=0.00862, intra=0.00000, neighbor=0.00000, diversity=0.00000

Weights: [7000.0, 600.0, 10.0, 50.0, 30.0, 0.0004061111111111112, 2000.0], lr=5.000e-05
Epoch: 0 [2270/3000 (76%)] Loss: 25.81197 = L_Mnfld: 7.07836 + L_NonMnfld: 0.01509 + L_Eknl: 3.21626 + L_Morse: 0.00054 + L_thetaHessian: 5.11365 + L_thetaNeighbor: 1.78408 + L_Guidance: 22.16815
Epoch: 0 [2270/3000 (76%)] Unweighted L_s : L_Mnfld: 0.00101 + L_NonMnfld: 0.00003 + L_Eknl: 0.06433 + L_Morse: 1.31791 + L_thetaHessian: 0.51136 + L_thetaNeighbor: 0.05947 + L_Guidance: 0.01108
Feature guidance terms: boundary=0.00924, intra=0.00000, neighbor=0.00000, diversity=0.00000

Weights: [7000.0, 600.0, 10.0, 50.0, 30.0, 0.0004005555555555555, 2000.0], lr=5.000e-05
Epoch: 0 [2280/3000 (76%)] Loss: 27.61098 = L_Mnfld: 8.50893 + L_NonMnfld: 0.02031 + L_Eknl: 3.31201 + L_Morse: 0.00053 + L_thetaHessian: 4.81692 + L_thetaNeighbor: 1.74863 + L_Guidance: 21.32096
Epoch: 0 [2280/3000 (76%)] Unweighted L_s : L_Mnfld: 0.00122 + L_NonMnfld: 0.00003 + L_Eknl: 0.06624 + L_Morse: 1.33152 + L_thetaHessian: 0.48169 + L_thetaNeighbor: 0.05829 + L_Guidance: 0.01066
Feature guidance terms: boundary=0.00888, intra=0.00000, neighbor=0.00000, diversity=0.00000

Weights: [7000.0, 600.0, 10.0, 50.0, 30.0, 0.00039500000000000006, 2000.0], lr=5.000e-05
Epoch: 0 [2290/3000 (76%)] Loss: 25.55946 = L_Mnfld: 7.01956 + L_NonMnfld: 0.01199 + L_Eknl: 3.20298 + L_Morse: 0.00052 + L_thetaHessian: 4.99136 + L_thetaNeighbor: 1.81323 + L_Guidance: 21.29709
Epoch: 0 [2290/3000 (76%)] Unweighted L_s : L_Mnfld: 0.00100 + L_NonMnfld: 0.00002 + L_Eknl: 0.06406 + L_Morse: 1.32360 + L_thetaHessian: 0.49914 + L_thetaNeighbor: 0.06044 + L_Guidance: 0.01065
Feature guidance terms: boundary=0.00887, intra=0.00000, neighbor=0.00000, diversity=0.00000

Weights: [7000.0, 600.0, 10.0, 50.0, 30.0, 0.00038944444444444443, 2000.0], lr=5.000e-05
Epoch: 0 [2300/3000 (77%)] Loss: 27.22355 = L_Mnfld: 8.44981 + L_NonMnfld: 0.01502 + L_Eknl: 3.26845 + L_Morse: 0.00052 + L_thetaHessian: 4.68479 + L_thetaNeighbor: 1.73045 + L_Guidance: 21.06242
Epoch: 0 [2300/3000 (77%)] Unweighted L_s : L_Mnfld: 0.00121 + L_NonMnfld: 0.00003 + L_Eknl: 0.06537 + L_Morse: 1.33382 + L_thetaHessian: 0.46848 + L_thetaNeighbor: 0.05768 + L_Guidance: 0.01053
Feature guidance terms: boundary=0.00878, intra=0.00000, neighbor=0.00000, diversity=0.00000

Weights: [7000.0, 600.0, 10.0, 50.0, 30.0, 0.0003838888888888888, 2000.0], lr=5.000e-05
Epoch: 0 [2310/3000 (77%)] Loss: 25.04835 = L_Mnfld: 7.05675 + L_NonMnfld: 0.01370 + L_Eknl: 3.25644 + L_Morse: 0.00051 + L_thetaHessian: 4.64665 + L_thetaNeighbor: 1.72485 + L_Guidance: 20.56161
Epoch: 0 [2310/3000 (77%)] Unweighted L_s : L_Mnfld: 0.00101 + L_NonMnfld: 0.00002 + L_Eknl: 0.06513 + L_Morse: 1.32675 + L_thetaHessian: 0.46467 + L_thetaNeighbor: 0.05749 + L_Guidance: 0.01028
Feature guidance terms: boundary=0.00857, intra=0.00000, neighbor=0.00000, diversity=0.00000

Weights: [7000.0, 600.0, 10.0, 50.0, 30.0, 0.0003783333333333333, 2000.0], lr=5.000e-05
Epoch: 0 [2320/3000 (77%)] Loss: 27.18686 = L_Mnfld: 8.41849 + L_NonMnfld: 0.01481 + L_Eknl: 3.30643 + L_Morse: 0.00051 + L_thetaHessian: 4.66028 + L_thetaNeighbor: 1.72405 + L_Guidance: 20.61206
Epoch: 0 [2320/3000 (77%)] Unweighted L_s : L_Mnfld: 0.00120 + L_NonMnfld: 0.00002 + L_Eknl: 0.06613 + L_Morse: 1.33823 + L_thetaHessian: 0.46603 + L_thetaNeighbor: 0.05747 + L_Guidance: 0.01031
Feature guidance terms: boundary=0.00859, intra=0.00000, neighbor=0.00000, diversity=0.00000

Weights: [7000.0, 600.0, 10.0, 50.0, 30.0, 0.00037277777777777786, 2000.0], lr=5.000e-05
Epoch: 0 [2330/3000 (78%)] Loss: 25.11778 = L_Mnfld: 7.08958 + L_NonMnfld: 0.01870 + L_Eknl: 3.23673 + L_Morse: 0.00050 + L_thetaHessian: 4.65649 + L_thetaNeighbor: 1.74319 + L_Guidance: 20.73190
Epoch: 0 [2330/3000 (78%)] Unweighted L_s : L_Mnfld: 0.00101 + L_NonMnfld: 0.00003 + L_Eknl: 0.06473 + L_Morse: 1.33299 + L_thetaHessian: 0.46565 + L_thetaNeighbor: 0.05811 + L_Guidance: 0.01037
Feature guidance terms: boundary=0.00864, intra=0.00000, neighbor=0.00000, diversity=0.00000

Weights: [7000.0, 600.0, 10.0, 50.0, 30.0, 0.00036722222222222234, 2000.0], lr=5.000e-05
Epoch: 0 [2340/3000 (78%)] Loss: 27.16227 = L_Mnfld: 8.46953 + L_NonMnfld: 0.02118 + L_Eknl: 3.24688 + L_Morse: 0.00049 + L_thetaHessian: 4.63025 + L_thetaNeighbor: 1.73985 + L_Guidance: 20.60926
Epoch: 0 [2340/3000 (78%)] Unweighted L_s : L_Mnfld: 0.00121 + L_NonMnfld: 0.00004 + L_Eknl: 0.06494 + L_Morse: 1.34080 + L_thetaHessian: 0.46302 + L_thetaNeighbor: 0.05800 + L_Guidance: 0.01030
Feature guidance terms: boundary=0.00859, intra=0.00000, neighbor=0.00000, diversity=0.00000

Weights: [7000.0, 600.0, 10.0, 50.0, 30.0, 0.0003616666666666666, 2000.0], lr=5.000e-05
Epoch: 0 [2350/3000 (78%)] Loss: 25.50874 = L_Mnfld: 6.96550 + L_NonMnfld: 0.01360 + L_Eknl: 3.19016 + L_Morse: 0.00048 + L_thetaHessian: 5.02689 + L_thetaNeighbor: 1.80920 + L_Guidance: 21.38540
Epoch: 0 [2350/3000 (78%)] Unweighted L_s : L_Mnfld: 0.00100 + L_NonMnfld: 0.00002 + L_Eknl: 0.06380 + L_Morse: 1.33309 + L_thetaHessian: 0.50269 + L_thetaNeighbor: 0.06031 + L_Guidance: 0.01069
Feature guidance terms: boundary=0.00891, intra=0.00000, neighbor=0.00000, diversity=0.00000

Weights: [7000.0, 600.0, 10.0, 50.0, 30.0, 0.0003561111111111112, 2000.0], lr=5.000e-05
Epoch: 0 [2360/3000 (79%)] Loss: 27.74455 = L_Mnfld: 8.46366 + L_NonMnfld: 0.01917 + L_Eknl: 3.27420 + L_Morse: 0.00048 + L_thetaHessian: 4.92123 + L_thetaNeighbor: 1.81763 + L_Guidance: 21.42657
Epoch: 0 [2360/3000 (79%)] Unweighted L_s : L_Mnfld: 0.00121 + L_NonMnfld: 0.00003 + L_Eknl: 0.06548 + L_Morse: 1.34448 + L_thetaHessian: 0.49212 + L_thetaNeighbor: 0.06059 + L_Guidance: 0.01071
Feature guidance terms: boundary=0.00893, intra=0.00000, neighbor=0.00000, diversity=0.00000

Weights: [7000.0, 600.0, 10.0, 50.0, 30.0, 0.00035055555555555556, 2000.0], lr=5.000e-05
Epoch: 0 [2370/3000 (79%)] Loss: 25.01793 = L_Mnfld: 7.01141 + L_NonMnfld: 0.01275 + L_Eknl: 3.28204 + L_Morse: 0.00047 + L_thetaHessian: 4.65980 + L_thetaNeighbor: 1.71215 + L_Guidance: 20.76956
Epoch: 0 [2370/3000 (79%)] Unweighted L_s : L_Mnfld: 0.00100 + L_NonMnfld: 0.00002 + L_Eknl: 0.06564 + L_Morse: 1.33564 + L_thetaHessian: 0.46598 + L_thetaNeighbor: 0.05707 + L_Guidance: 0.01038
Feature guidance terms: boundary=0.00865, intra=0.00000, neighbor=0.00000, diversity=0.00000

Weights: [7000.0, 600.0, 10.0, 50.0, 30.0, 0.00034499999999999993, 2000.0], lr=5.000e-05
Epoch: 0 [2380/3000 (79%)] Loss: 27.63623 = L_Mnfld: 8.51412 + L_NonMnfld: 0.01755 + L_Eknl: 3.18897 + L_Morse: 0.00047 + L_thetaHessian: 5.00302 + L_thetaNeighbor: 1.70004 + L_Guidance: 22.27983
Epoch: 0 [2380/3000 (79%)] Unweighted L_s : L_Mnfld: 0.00122 + L_NonMnfld: 0.00003 + L_Eknl: 0.06378 + L_Morse: 1.34829 + L_thetaHessian: 0.50030 + L_thetaNeighbor: 0.05667 + L_Guidance: 0.01114
Feature guidance terms: boundary=0.00928, intra=0.00000, neighbor=0.00000, diversity=0.00000

Weights: [7000.0, 600.0, 10.0, 50.0, 30.0, 0.0003394444444444444, 2000.0], lr=5.000e-05
Epoch: 0 [2390/3000 (80%)] Loss: 25.64191 = L_Mnfld: 7.11863 + L_NonMnfld: 0.01527 + L_Eknl: 3.19768 + L_Morse: 0.00046 + L_thetaHessian: 5.05760 + L_thetaNeighbor: 1.70497 + L_Guidance: 21.84220
Epoch: 0 [2390/3000 (80%)] Unweighted L_s : L_Mnfld: 0.00102 + L_NonMnfld: 0.00003 + L_Eknl: 0.06395 + L_Morse: 1.34063 + L_thetaHessian: 0.50576 + L_thetaNeighbor: 0.05683 + L_Guidance: 0.01092
Feature guidance terms: boundary=0.00910, intra=0.00000, neighbor=0.00000, diversity=0.00000

Weights: [7000.0, 600.0, 10.0, 50.0, 30.0, 0.000333888888888889, 2000.0], lr=5.000e-05
Epoch: 0 [2400/3000 (80%)] Loss: 27.70568 = L_Mnfld: 8.42496 + L_NonMnfld: 0.01641 + L_Eknl: 3.28756 + L_Morse: 0.00045 + L_thetaHessian: 5.05813 + L_thetaNeighbor: 1.68295 + L_Guidance: 22.20954
Epoch: 0 [2400/3000 (80%)] Unweighted L_s : L_Mnfld: 0.00120 + L_NonMnfld: 0.00003 + L_Eknl: 0.06575 + L_Morse: 1.34945 + L_thetaHessian: 0.50581 + L_thetaNeighbor: 0.05610 + L_Guidance: 0.01110
Feature guidance terms: boundary=0.00925, intra=0.00000, neighbor=0.00000, diversity=0.00000

Weights: [7000.0, 600.0, 10.0, 50.0, 30.0, 0.00032833333333333325, 2000.0], lr=5.000e-05
Epoch: 0 [2410/3000 (80%)] Loss: 24.89840 = L_Mnfld: 7.04130 + L_NonMnfld: 0.01250 + L_Eknl: 3.21958 + L_Morse: 0.00044 + L_thetaHessian: 4.71022 + L_thetaNeighbor: 1.61489 + L_Guidance: 21.57960
Epoch: 0 [2410/3000 (80%)] Unweighted L_s : L_Mnfld: 0.00101 + L_NonMnfld: 0.00002 + L_Eknl: 0.06439 + L_Morse: 1.34160 + L_thetaHessian: 0.47102 + L_thetaNeighbor: 0.05383 + L_Guidance: 0.01079
Feature guidance terms: boundary=0.00899, intra=0.00000, neighbor=0.00000, diversity=0.00000

Weights: [7000.0, 600.0, 10.0, 50.0, 30.0, 0.00032277777777777784, 2000.0], lr=5.000e-05
Epoch: 0 [2420/3000 (81%)] Loss: 27.39950 = L_Mnfld: 8.41787 + L_NonMnfld: 0.01781 + L_Eknl: 3.29393 + L_Morse: 0.00044 + L_thetaHessian: 4.82182 + L_thetaNeighbor: 1.71448 + L_Guidance: 21.75915
Epoch: 0 [2420/3000 (81%)] Unweighted L_s : L_Mnfld: 0.00120 + L_NonMnfld: 0.00003 + L_Eknl: 0.06588 + L_Morse: 1.35259 + L_thetaHessian: 0.48218 + L_thetaNeighbor: 0.05715 + L_Guidance: 0.01088
Feature guidance terms: boundary=0.00907, intra=0.00000, neighbor=0.00000, diversity=0.00000

Weights: [7000.0, 600.0, 10.0, 50.0, 30.0, 0.0003172222222222223, 2000.0], lr=5.000e-05
Epoch: 0 [2430/3000 (81%)] Loss: 25.31884 = L_Mnfld: 7.13506 + L_NonMnfld: 0.01338 + L_Eknl: 3.12044 + L_Morse: 0.00043 + L_thetaHessian: 4.96996 + L_thetaNeighbor: 1.63997 + L_Guidance: 22.36505
Epoch: 0 [2430/3000 (81%)] Unweighted L_s : L_Mnfld: 0.00102 + L_NonMnfld: 0.00002 + L_Eknl: 0.06241 + L_Morse: 1.34457 + L_thetaHessian: 0.49700 + L_thetaNeighbor: 0.05467 + L_Guidance: 0.01118
Feature guidance terms: boundary=0.00932, intra=0.00000, neighbor=0.00000, diversity=0.00000

Weights: [7000.0, 600.0, 10.0, 50.0, 30.0, 0.0003116666666666667, 2000.0], lr=5.000e-05
Epoch: 0 [2440/3000 (81%)] Loss: 27.06920 = L_Mnfld: 8.38581 + L_NonMnfld: 0.01666 + L_Eknl: 3.25436 + L_Morse: 0.00042 + L_thetaHessian: 4.77856 + L_thetaNeighbor: 1.61032 + L_Guidance: 22.29194
Epoch: 0 [2440/3000 (81%)] Unweighted L_s : L_Mnfld: 0.00120 + L_NonMnfld: 0.00003 + L_Eknl: 0.06509 + L_Morse: 1.35566 + L_thetaHessian: 0.47786 + L_thetaNeighbor: 0.05368 + L_Guidance: 0.01115
Feature guidance terms: boundary=0.00929, intra=0.00000, neighbor=0.00000, diversity=0.00000

Weights: [7000.0, 600.0, 10.0, 50.0, 30.0, 0.00030611111111111106, 2000.0], lr=5.000e-05
Epoch: 0 [2450/3000 (82%)] Loss: 26.28782 = L_Mnfld: 7.07976 + L_NonMnfld: 0.01392 + L_Eknl: 3.16042 + L_Morse: 0.00041 + L_thetaHessian: 5.55841 + L_thetaNeighbor: 1.71229 + L_Guidance: 23.94355
Epoch: 0 [2450/3000 (82%)] Unweighted L_s : L_Mnfld: 0.00101 + L_NonMnfld: 0.00002 + L_Eknl: 0.06321 + L_Morse: 1.35141 + L_thetaHessian: 0.55584 + L_thetaNeighbor: 0.05708 + L_Guidance: 0.01197
Feature guidance terms: boundary=0.00998, intra=0.00000, neighbor=0.00000, diversity=0.00000

Weights: [7000.0, 600.0, 10.0, 50.0, 30.0, 0.00030055555555555554, 2000.0], lr=5.000e-05
Epoch: 0 [2460/3000 (82%)] Loss: 27.61892 = L_Mnfld: 8.36287 + L_NonMnfld: 0.01642 + L_Eknl: 3.20212 + L_Morse: 0.00041 + L_thetaHessian: 5.16710 + L_thetaNeighbor: 1.66370 + L_Guidance: 22.68637
Epoch: 0 [2460/3000 (82%)] Unweighted L_s : L_Mnfld: 0.00119 + L_NonMnfld: 0.00003 + L_Eknl: 0.06404 + L_Morse: 1.35692 + L_thetaHessian: 0.51671 + L_thetaNeighbor: 0.05546 + L_Guidance: 0.01134
Feature guidance terms: boundary=0.00945, intra=0.00000, neighbor=0.00000, diversity=0.00000

Weights: [7000.0, 600.0, 10.0, 50.0, 30.0, 0.0002950000000000001, 2000.0], lr=5.000e-05
Epoch: 0 [2470/3000 (82%)] Loss: 24.98166 = L_Mnfld: 7.22912 + L_NonMnfld: 0.01104 + L_Eknl: 3.16830 + L_Morse: 0.00040 + L_thetaHessian: 4.64789 + L_thetaNeighbor: 1.59769 + L_Guidance: 21.62266
Epoch: 0 [2470/3000 (82%)] Unweighted L_s : L_Mnfld: 0.00103 + L_NonMnfld: 0.00002 + L_Eknl: 0.06337 + L_Morse: 1.34846 + L_thetaHessian: 0.46479 + L_thetaNeighbor: 0.05326 + L_Guidance: 0.01081
Feature guidance terms: boundary=0.00901, intra=0.00000, neighbor=0.00000, diversity=0.00000

Weights: [7000.0, 600.0, 10.0, 50.0, 30.0, 0.0002894444444444444, 2000.0], lr=5.000e-05
Epoch: 0 [2480/3000 (83%)] Loss: 26.58281 = L_Mnfld: 8.33849 + L_NonMnfld: 0.01084 + L_Eknl: 3.21740 + L_Morse: 0.00039 + L_thetaHessian: 4.56204 + L_thetaNeighbor: 1.59271 + L_Guidance: 21.65560
Epoch: 0 [2480/3000 (83%)] Unweighted L_s : L_Mnfld: 0.00119 + L_NonMnfld: 0.00002 + L_Eknl: 0.06435 + L_Morse: 1.36220 + L_thetaHessian: 0.45620 + L_thetaNeighbor: 0.05309 + L_Guidance: 0.01083
Feature guidance terms: boundary=0.00902, intra=0.00000, neighbor=0.00000, diversity=0.00000

Weights: [7000.0, 600.0, 10.0, 50.0, 30.0, 0.00028388888888888897, 2000.0], lr=5.000e-05
Epoch: 0 [2490/3000 (83%)] Loss: 24.64516 = L_Mnfld: 7.02130 + L_NonMnfld: 0.01429 + L_Eknl: 3.14662 + L_Morse: 0.00039 + L_thetaHessian: 4.62328 + L_thetaNeighbor: 1.62424 + L_Guidance: 21.26018
Epoch: 0 [2490/3000 (83%)] Unweighted L_s : L_Mnfld: 0.00100 + L_NonMnfld: 0.00002 + L_Eknl: 0.06293 + L_Morse: 1.35779 + L_thetaHessian: 0.46233 + L_thetaNeighbor: 0.05414 + L_Guidance: 0.01063
Feature guidance terms: boundary=0.00886, intra=0.00000, neighbor=0.00000, diversity=0.00000

Weights: [7000.0, 600.0, 10.0, 50.0, 30.0, 0.00027833333333333345, 2000.0], lr=5.000e-05
Epoch: 0 [2500/3000 (83%)] Loss: 27.31848 = L_Mnfld: 8.50438 + L_NonMnfld: 0.02176 + L_Eknl: 3.37320 + L_Morse: 0.00038 + L_thetaHessian: 4.63943 + L_thetaNeighbor: 1.67317 + L_Guidance: 20.97704
Epoch: 0 [2500/3000 (83%)] Unweighted L_s : L_Mnfld: 0.00121 + L_NonMnfld: 0.00004 + L_Eknl: 0.06746 + L_Morse: 1.37493 + L_thetaHessian: 0.46394 + L_thetaNeighbor: 0.05577 + L_Guidance: 0.01049
Feature guidance terms: boundary=0.00874, intra=0.00000, neighbor=0.00000, diversity=0.00000

Weights: [7000.0, 600.0, 10.0, 50.0, 30.0, 0.0002727777777777777, 2000.0], lr=5.000e-05
Epoch: 0 [2510/3000 (84%)] Loss: 25.60741 = L_Mnfld: 7.42417 + L_NonMnfld: 0.01335 + L_Eknl: 3.21487 + L_Morse: 0.00037 + L_thetaHessian: 4.71482 + L_thetaNeighbor: 1.70403 + L_Guidance: 20.77663
Epoch: 0 [2510/3000 (84%)] Unweighted L_s : L_Mnfld: 0.00106 + L_NonMnfld: 0.00002 + L_Eknl: 0.06430 + L_Morse: 1.36532 + L_thetaHessian: 0.47148 + L_thetaNeighbor: 0.05680 + L_Guidance: 0.01039
Feature guidance terms: boundary=0.00866, intra=0.00000, neighbor=0.00000, diversity=0.00000

Weights: [7000.0, 600.0, 10.0, 50.0, 30.0, 0.0002672222222222222, 2000.0], lr=5.000e-05
Epoch: 0 [2520/3000 (84%)] Loss: 26.69415 = L_Mnfld: 8.32975 + L_NonMnfld: 0.01764 + L_Eknl: 3.14878 + L_Morse: 0.00037 + L_thetaHessian: 4.61815 + L_thetaNeighbor: 1.68142 + L_Guidance: 20.76338
Epoch: 0 [2520/3000 (84%)] Unweighted L_s : L_Mnfld: 0.00119 + L_NonMnfld: 0.00003 + L_Eknl: 0.06298 + L_Morse: 1.37530 + L_thetaHessian: 0.46181 + L_thetaNeighbor: 0.05605 + L_Guidance: 0.01038
Feature guidance terms: boundary=0.00865, intra=0.00000, neighbor=0.00000, diversity=0.00000

Weights: [7000.0, 600.0, 10.0, 50.0, 30.0, 0.00026166666666666667, 2000.0], lr=5.000e-05
Epoch: 0 [2530/3000 (84%)] Loss: 25.12910 = L_Mnfld: 7.09692 + L_NonMnfld: 0.01234 + L_Eknl: 3.25892 + L_Morse: 0.00036 + L_thetaHessian: 4.66106 + L_thetaNeighbor: 1.72313 + L_Guidance: 20.68657
Epoch: 0 [2530/3000 (84%)] Unweighted L_s : L_Mnfld: 0.00101 + L_NonMnfld: 0.00002 + L_Eknl: 0.06518 + L_Morse: 1.37515 + L_thetaHessian: 0.46611 + L_thetaNeighbor: 0.05744 + L_Guidance: 0.01034
Feature guidance terms: boundary=0.00862, intra=0.00000, neighbor=0.00000, diversity=0.00000

Weights: [7000.0, 600.0, 10.0, 50.0, 30.0, 0.00025611111111111104, 2000.0], lr=5.000e-05
Epoch: 0 [2540/3000 (85%)] Loss: 28.02479 = L_Mnfld: 8.55032 + L_NonMnfld: 0.01672 + L_Eknl: 3.19699 + L_Morse: 0.00035 + L_thetaHessian: 5.12511 + L_thetaNeighbor: 1.79368 + L_Guidance: 21.78538
Epoch: 0 [2540/3000 (85%)] Unweighted L_s : L_Mnfld: 0.00122 + L_NonMnfld: 0.00003 + L_Eknl: 0.06394 + L_Morse: 1.38237 + L_thetaHessian: 0.51251 + L_thetaNeighbor: 0.05979 + L_Guidance: 0.01089
Feature guidance terms: boundary=0.00908, intra=0.00000, neighbor=0.00000, diversity=0.00000

Weights: [7000.0, 600.0, 10.0, 50.0, 30.0, 0.0002505555555555555, 2000.0], lr=5.000e-05
Epoch: 0 [2550/3000 (85%)] Loss: 26.97504 = L_Mnfld: 7.84192 + L_NonMnfld: 0.01976 + L_Eknl: 3.19921 + L_Morse: 0.00035 + L_thetaHessian: 5.17786 + L_thetaNeighbor: 1.74427 + L_Guidance: 21.97093
Epoch: 0 [2550/3000 (85%)] Unweighted L_s : L_Mnfld: 0.00112 + L_NonMnfld: 0.00003 + L_Eknl: 0.06398 + L_Morse: 1.37846 + L_thetaHessian: 0.51779 + L_thetaNeighbor: 0.05814 + L_Guidance: 0.01099
Feature guidance terms: boundary=0.00915, intra=0.00000, neighbor=0.00000, diversity=0.00000

Weights: [7000.0, 600.0, 10.0, 50.0, 30.0, 0.0002450000000000001, 2000.0], lr=5.000e-05
Epoch: 0 [2560/3000 (85%)] Loss: 28.17029 = L_Mnfld: 8.59418 + L_NonMnfld: 0.01971 + L_Eknl: 3.37845 + L_Morse: 0.00034 + L_thetaHessian: 5.01198 + L_thetaNeighbor: 1.77555 + L_Guidance: 21.22065
Epoch: 0 [2560/3000 (85%)] Unweighted L_s : L_Mnfld: 0.00123 + L_NonMnfld: 0.00003 + L_Eknl: 0.06757 + L_Morse: 1.38174 + L_thetaHessian: 0.50120 + L_thetaNeighbor: 0.05918 + L_Guidance: 0.01061
Feature guidance terms: boundary=0.00884, intra=0.00000, neighbor=0.00000, diversity=0.00000

Weights: [7000.0, 600.0, 10.0, 50.0, 30.0, 0.00023944444444444458, 2000.0], lr=5.000e-05
Epoch: 0 [2570/3000 (86%)] Loss: 25.94221 = L_Mnfld: 7.47295 + L_NonMnfld: 0.01642 + L_Eknl: 3.28686 + L_Morse: 0.00033 + L_thetaHessian: 4.79235 + L_thetaNeighbor: 1.72589 + L_Guidance: 20.98607
Epoch: 0 [2570/3000 (86%)] Unweighted L_s : L_Mnfld: 0.00107 + L_NonMnfld: 0.00003 + L_Eknl: 0.06574 + L_Morse: 1.37404 + L_thetaHessian: 0.47923 + L_thetaNeighbor: 0.05753 + L_Guidance: 0.01049
Feature guidance terms: boundary=0.00874, intra=0.00000, neighbor=0.00000, diversity=0.00000

Weights: [7000.0, 600.0, 10.0, 50.0, 30.0, 0.00023388888888888895, 2000.0], lr=5.000e-05
Epoch: 0 [2580/3000 (86%)] Loss: 31.12254 = L_Mnfld: 10.33400 + L_NonMnfld: 0.01643 + L_Eknl: 3.37601 + L_Morse: 0.00033 + L_thetaHessian: 5.28035 + L_thetaNeighbor: 1.74124 + L_Guidance: 23.45869
Epoch: 0 [2580/3000 (86%)] Unweighted L_s : L_Mnfld: 0.00148 + L_NonMnfld: 0.00003 + L_Eknl: 0.06752 + L_Morse: 1.40433 + L_thetaHessian: 0.52803 + L_thetaNeighbor: 0.05804 + L_Guidance: 0.01173
Feature guidance terms: boundary=0.00977, intra=0.00000, neighbor=0.00000, diversity=0.00000

Weights: [7000.0, 600.0, 10.0, 50.0, 30.0, 0.00022833333333333332, 2000.0], lr=5.000e-05
Epoch: 0 [2590/3000 (86%)] Loss: 30.18703 = L_Mnfld: 9.69345 + L_NonMnfld: 0.01333 + L_Eknl: 3.44164 + L_Morse: 0.00032 + L_thetaHessian: 5.34458 + L_thetaNeighbor: 1.63137 + L_Guidance: 23.04264
Epoch: 0 [2590/3000 (86%)] Unweighted L_s : L_Mnfld: 0.00138 + L_NonMnfld: 0.00002 + L_Eknl: 0.06883 + L_Morse: 1.38406 + L_thetaHessian: 0.53446 + L_thetaNeighbor: 0.05438 + L_Guidance: 0.01152
Feature guidance terms: boundary=0.00960, intra=0.00000, neighbor=0.00000, diversity=0.00000

Weights: [7000.0, 600.0, 10.0, 50.0, 30.0, 0.0002227777777777778, 2000.0], lr=5.000e-05
Epoch: 0 [2600/3000 (87%)] Loss: 37.57722 = L_Mnfld: 13.62857 + L_NonMnfld: 0.01390 + L_Eknl: 3.75809 + L_Morse: 0.00032 + L_thetaHessian: 5.96078 + L_thetaNeighbor: 1.68981 + L_Guidance: 24.44905
Epoch: 0 [2600/3000 (87%)] Unweighted L_s : L_Mnfld: 0.00195 + L_NonMnfld: 0.00002 + L_Eknl: 0.07516 + L_Morse: 1.42660 + L_thetaHessian: 0.59608 + L_thetaNeighbor: 0.05633 + L_Guidance: 0.01222
Feature guidance terms: boundary=0.01019, intra=0.00000, neighbor=0.00000, diversity=0.00000

Weights: [7000.0, 600.0, 10.0, 50.0, 30.0, 0.00021722222222222217, 2000.0], lr=5.000e-05
Epoch: 0 [2610/3000 (87%)] Loss: 56.42960 = L_Mnfld: 21.88118 + L_NonMnfld: 0.01044 + L_Eknl: 4.86378 + L_Morse: 0.00030 + L_thetaHessian: 9.10603 + L_thetaNeighbor: 1.75800 + L_Guidance: 32.23142
Epoch: 0 [2610/3000 (87%)] Unweighted L_s : L_Mnfld: 0.00313 + L_NonMnfld: 0.00002 + L_Eknl: 0.09728 + L_Morse: 1.40345 + L_thetaHessian: 0.91060 + L_thetaNeighbor: 0.05860 + L_Guidance: 0.01612
Feature guidance terms: boundary=0.01343, intra=0.00000, neighbor=0.00000, diversity=0.00000

Weights: [7000.0, 600.0, 10.0, 50.0, 30.0, 0.00021166666666666664, 2000.0], lr=5.000e-05
Epoch: 0 [2620/3000 (87%)] Loss: 47.02596 = L_Mnfld: 17.33539 + L_NonMnfld: 0.01916 + L_Eknl: 4.96025 + L_Morse: 0.00030 + L_thetaHessian: 7.99223 + L_thetaNeighbor: 1.04331 + L_Guidance: 31.16476
Epoch: 0 [2620/3000 (87%)] Unweighted L_s : L_Mnfld: 0.00248 + L_NonMnfld: 0.00003 + L_Eknl: 0.09920 + L_Morse: 1.39823 + L_thetaHessian: 0.79922 + L_thetaNeighbor: 0.03478 + L_Guidance: 0.01558
Feature guidance terms: boundary=0.01299, intra=0.00000, neighbor=0.00000, diversity=0.00000

Weights: [7000.0, 600.0, 10.0, 50.0, 30.0, 0.00020611111111111123, 2000.0], lr=5.000e-05
Epoch: 0 [2630/3000 (88%)] Loss: 42.55541 = L_Mnfld: 15.31988 + L_NonMnfld: 0.01512 + L_Eknl: 4.66190 + L_Morse: 0.00028 + L_thetaHessian: 7.43031 + L_thetaNeighbor: 0.94277 + L_Guidance: 31.13494
Epoch: 0 [2630/3000 (88%)] Unweighted L_s : L_Mnfld: 0.00219 + L_NonMnfld: 0.00003 + L_Eknl: 0.09324 + L_Morse: 1.37747 + L_thetaHessian: 0.74303 + L_thetaNeighbor: 0.03143 + L_Guidance: 0.01557
Feature guidance terms: boundary=0.01297, intra=0.00000, neighbor=0.00000, diversity=0.00000

Weights: [7000.0, 600.0, 10.0, 50.0, 30.0, 0.0002005555555555555, 2000.0], lr=5.000e-05
Epoch: 0 [2640/3000 (88%)] Loss: 35.79076 = L_Mnfld: 12.06459 + L_NonMnfld: 0.02763 + L_Eknl: 4.13666 + L_Morse: 0.00027 + L_thetaHessian: 6.72006 + L_thetaNeighbor: 0.91129 + L_Guidance: 31.04191
Epoch: 0 [2640/3000 (88%)] Unweighted L_s : L_Mnfld: 0.00172 + L_NonMnfld: 0.00005 + L_Eknl: 0.08273 + L_Morse: 1.34841 + L_thetaHessian: 0.67201 + L_thetaNeighbor: 0.03038 + L_Guidance: 0.01552
Feature guidance terms: boundary=0.01293, intra=0.00000, neighbor=0.00000, diversity=0.00000

Weights: [7000.0, 600.0, 10.0, 50.0, 30.0, 0.00019500000000000008, 2000.0], lr=5.000e-05
Epoch: 0 [2650/3000 (88%)] Loss: 32.77193 = L_Mnfld: 10.72375 + L_NonMnfld: 0.01516 + L_Eknl: 3.80048 + L_Morse: 0.00026 + L_thetaHessian: 6.40091 + L_thetaNeighbor: 0.90738 + L_Guidance: 30.83916
Epoch: 0 [2650/3000 (88%)] Unweighted L_s : L_Mnfld: 0.00153 + L_NonMnfld: 0.00003 + L_Eknl: 0.07601 + L_Morse: 1.35668 + L_thetaHessian: 0.64009 + L_thetaNeighbor: 0.03025 + L_Guidance: 0.01542
Feature guidance terms: boundary=0.01285, intra=0.00000, neighbor=0.00000, diversity=0.00000

Weights: [7000.0, 600.0, 10.0, 50.0, 30.0, 0.00018944444444444445, 2000.0], lr=5.000e-05
Epoch: 0 [2660/3000 (89%)] Loss: 30.34144 = L_Mnfld: 9.69582 + L_NonMnfld: 0.02356 + L_Eknl: 3.67182 + L_Morse: 0.00025 + L_thetaHessian: 5.93948 + L_thetaNeighbor: 0.89669 + L_Guidance: 30.78109
Epoch: 0 [2660/3000 (89%)] Unweighted L_s : L_Mnfld: 0.00139 + L_NonMnfld: 0.00004 + L_Eknl: 0.07344 + L_Morse: 1.33984 + L_thetaHessian: 0.59395 + L_thetaNeighbor: 0.02989 + L_Guidance: 0.01539
Feature guidance terms: boundary=0.01283, intra=0.00000, neighbor=0.00000, diversity=0.00000

Weights: [7000.0, 600.0, 10.0, 50.0, 30.0, 0.00018388888888888882, 2000.0], lr=5.000e-05
Epoch: 0 [2670/3000 (89%)] Loss: 28.67668 = L_Mnfld: 8.98973 + L_NonMnfld: 0.01190 + L_Eknl: 3.50860 + L_Morse: 0.00024 + L_thetaHessian: 5.70360 + L_thetaNeighbor: 0.90371 + L_Guidance: 30.64173
Epoch: 0 [2670/3000 (89%)] Unweighted L_s : L_Mnfld: 0.00128 + L_NonMnfld: 0.00002 + L_Eknl: 0.07017 + L_Morse: 1.32699 + L_thetaHessian: 0.57036 + L_thetaNeighbor: 0.03012 + L_Guidance: 0.01532
Feature guidance terms: boundary=0.01277, intra=0.00000, neighbor=0.00000, diversity=0.00000

Weights: [7000.0, 600.0, 10.0, 50.0, 30.0, 0.0001783333333333332, 2000.0], lr=5.000e-05
Epoch: 0 [2680/3000 (89%)] Loss: 27.63832 = L_Mnfld: 8.57904 + L_NonMnfld: 0.01460 + L_Eknl: 3.43799 + L_Morse: 0.00024 + L_thetaHessian: 5.48310 + L_thetaNeighbor: 0.91058 + L_Guidance: 30.53864
Epoch: 0 [2680/3000 (89%)] Unweighted L_s : L_Mnfld: 0.00123 + L_NonMnfld: 0.00002 + L_Eknl: 0.06876 + L_Morse: 1.33370 + L_thetaHessian: 0.54831 + L_thetaNeighbor: 0.03035 + L_Guidance: 0.01527
Feature guidance terms: boundary=0.01272, intra=0.00000, neighbor=0.00000, diversity=0.00000

Weights: [7000.0, 600.0, 10.0, 50.0, 30.0, 0.00017277777777777777, 2000.0], lr=5.000e-05
Epoch: 0 [2690/3000 (90%)] Loss: 26.64660 = L_Mnfld: 8.11845 + L_NonMnfld: 0.01343 + L_Eknl: 3.33007 + L_Morse: 0.00023 + L_thetaHessian: 5.38683 + L_thetaNeighbor: 0.91539 + L_Guidance: 30.46594
Epoch: 0 [2690/3000 (90%)] Unweighted L_s : L_Mnfld: 0.00116 + L_NonMnfld: 0.00002 + L_Eknl: 0.06660 + L_Morse: 1.33420 + L_thetaHessian: 0.53868 + L_thetaNeighbor: 0.03051 + L_Guidance: 0.01523
Feature guidance terms: boundary=0.01269, intra=0.00000, neighbor=0.00000, diversity=0.00000

Weights: [7000.0, 600.0, 10.0, 50.0, 30.0, 0.00016722222222222236, 2000.0], lr=5.000e-05
Epoch: 0 [2700/3000 (90%)] Loss: 26.71766 = L_Mnfld: 8.31725 + L_NonMnfld: 0.01521 + L_Eknl: 3.32879 + L_Morse: 0.00023 + L_thetaHessian: 5.23094 + L_thetaNeighbor: 0.91936 + L_Guidance: 30.40734
Epoch: 0 [2700/3000 (90%)] Unweighted L_s : L_Mnfld: 0.00119 + L_NonMnfld: 0.00003 + L_Eknl: 0.06658 + L_Morse: 1.34857 + L_thetaHessian: 0.52309 + L_thetaNeighbor: 0.03065 + L_Guidance: 0.01520
Feature guidance terms: boundary=0.01267, intra=0.00000, neighbor=0.00000, diversity=0.00000

Weights: [7000.0, 600.0, 10.0, 50.0, 30.0, 0.00016166666666666673, 2000.0], lr=5.000e-05
Epoch: 0 [2710/3000 (90%)] Loss: 25.55521 = L_Mnfld: 7.73505 + L_NonMnfld: 0.01065 + L_Eknl: 3.20118 + L_Morse: 0.00022 + L_thetaHessian: 5.16298 + L_thetaNeighbor: 0.92672 + L_Guidance: 30.34826
Epoch: 0 [2710/3000 (90%)] Unweighted L_s : L_Mnfld: 0.00111 + L_NonMnfld: 0.00002 + L_Eknl: 0.06402 + L_Morse: 1.34119 + L_thetaHessian: 0.51630 + L_thetaNeighbor: 0.03089 + L_Guidance: 0.01517
Feature guidance terms: boundary=0.01265, intra=0.00000, neighbor=0.00000, diversity=0.00000

Weights: [7000.0, 600.0, 10.0, 50.0, 30.0, 0.0001561111111111111, 2000.0], lr=5.000e-05
Epoch: 0 [2720/3000 (91%)] Loss: 25.94382 = L_Mnfld: 8.01817 + L_NonMnfld: 0.01602 + L_Eknl: 3.27130 + L_Morse: 0.00021 + L_thetaHessian: 5.05834 + L_thetaNeighbor: 0.93184 + L_Guidance: 30.28363
Epoch: 0 [2720/3000 (91%)] Unweighted L_s : L_Mnfld: 0.00115 + L_NonMnfld: 0.00003 + L_Eknl: 0.06543 + L_Morse: 1.35485 + L_thetaHessian: 0.50583 + L_thetaNeighbor: 0.03106 + L_Guidance: 0.01514
Feature guidance terms: boundary=0.01262, intra=0.00000, neighbor=0.00000, diversity=0.00000

Weights: [7000.0, 600.0, 10.0, 50.0, 30.0, 0.00015055555555555558, 2000.0], lr=5.000e-05
Epoch: 0 [2730/3000 (91%)] Loss: 24.81986 = L_Mnfld: 7.31108 + L_NonMnfld: 0.01259 + L_Eknl: 3.23009 + L_Morse: 0.00020 + L_thetaHessian: 5.05394 + L_thetaNeighbor: 0.93866 + L_Guidance: 30.28097
Epoch: 0 [2730/3000 (91%)] Unweighted L_s : L_Mnfld: 0.00104 + L_NonMnfld: 0.00002 + L_Eknl: 0.06460 + L_Morse: 1.35027 + L_thetaHessian: 0.50539 + L_thetaNeighbor: 0.03129 + L_Guidance: 0.01514
Feature guidance terms: boundary=0.01262, intra=0.00000, neighbor=0.00000, diversity=0.00000

Weights: [7000.0, 600.0, 10.0, 50.0, 30.0, 0.00014499999999999995, 2000.0], lr=5.000e-05
Epoch: 0 [2740/3000 (91%)] Loss: 25.94393 = L_Mnfld: 8.14374 + L_NonMnfld: 0.01743 + L_Eknl: 3.22842 + L_Morse: 0.00020 + L_thetaHessian: 4.95892 + L_thetaNeighbor: 0.94724 + L_Guidance: 30.21371
Epoch: 0 [2740/3000 (91%)] Unweighted L_s : L_Mnfld: 0.00116 + L_NonMnfld: 0.00003 + L_Eknl: 0.06457 + L_Morse: 1.36818 + L_thetaHessian: 0.49589 + L_thetaNeighbor: 0.03157 + L_Guidance: 0.01511
Feature guidance terms: boundary=0.01259, intra=0.00000, neighbor=0.00000, diversity=0.00000

Weights: [7000.0, 600.0, 10.0, 50.0, 30.0, 0.00013944444444444453, 2000.0], lr=5.000e-05
Epoch: 0 [2750/3000 (92%)] Loss: 24.19015 = L_Mnfld: 7.08228 + L_NonMnfld: 0.01004 + L_Eknl: 3.16909 + L_Morse: 0.00019 + L_thetaHessian: 4.91724 + L_thetaNeighbor: 0.94792 + L_Guidance: 30.13494
Epoch: 0 [2750/3000 (92%)] Unweighted L_s : L_Mnfld: 0.00101 + L_NonMnfld: 0.00002 + L_Eknl: 0.06338 + L_Morse: 1.36397 + L_thetaHessian: 0.49172 + L_thetaNeighbor: 0.03160 + L_Guidance: 0.01507
Feature guidance terms: boundary=0.01256, intra=0.00000, neighbor=0.00000, diversity=0.00000

Weights: [7000.0, 600.0, 10.0, 50.0, 30.0, 0.0001338888888888889, 2000.0], lr=5.000e-05
Epoch: 0 [2760/3000 (92%)] Loss: 25.33312 = L_Mnfld: 7.87840 + L_NonMnfld: 0.01925 + L_Eknl: 3.19862 + L_Morse: 0.00018 + L_thetaHessian: 4.84048 + L_thetaNeighbor: 0.95181 + L_Guidance: 30.08130
Epoch: 0 [2760/3000 (92%)] Unweighted L_s : L_Mnfld: 0.00113 + L_NonMnfld: 0.00003 + L_Eknl: 0.06397 + L_Morse: 1.37614 + L_thetaHessian: 0.48405 + L_thetaNeighbor: 0.03173 + L_Guidance: 0.01504
Feature guidance terms: boundary=0.01253, intra=0.00000, neighbor=0.00000, diversity=0.00000

Weights: [7000.0, 600.0, 10.0, 50.0, 30.0, 0.00012833333333333327, 2000.0], lr=5.000e-05
Epoch: 0 [2770/3000 (92%)] Loss: 23.73786 = L_Mnfld: 6.89334 + L_NonMnfld: 0.01400 + L_Eknl: 3.14828 + L_Morse: 0.00018 + L_thetaHessian: 4.81297 + L_thetaNeighbor: 0.95646 + L_Guidance: 30.03076
Epoch: 0 [2770/3000 (92%)] Unweighted L_s : L_Mnfld: 0.00098 + L_NonMnfld: 0.00002 + L_Eknl: 0.06297 + L_Morse: 1.37121 + L_thetaHessian: 0.48130 + L_thetaNeighbor: 0.03188 + L_Guidance: 0.01502
Feature guidance terms: boundary=0.01251, intra=0.00000, neighbor=0.00000, diversity=0.00000

Weights: [7000.0, 600.0, 10.0, 50.0, 30.0, 0.00012277777777777786, 2000.0], lr=5.000e-05
Epoch: 0 [2780/3000 (93%)] Loss: 25.13185 = L_Mnfld: 7.89055 + L_NonMnfld: 0.01759 + L_Eknl: 3.13649 + L_Morse: 0.00017 + L_thetaHessian: 4.75046 + L_thetaNeighbor: 0.95930 + L_Guidance: 29.99181
Epoch: 0 [2780/3000 (93%)] Unweighted L_s : L_Mnfld: 0.00113 + L_NonMnfld: 0.00003 + L_Eknl: 0.06273 + L_Morse: 1.38308 + L_thetaHessian: 0.47505 + L_thetaNeighbor: 0.03198 + L_Guidance: 0.01500
Feature guidance terms: boundary=0.01250, intra=0.00000, neighbor=0.00000, diversity=0.00000

Weights: [7000.0, 600.0, 10.0, 50.0, 30.0, 0.00011722222222222223, 2000.0], lr=5.000e-05
Epoch: 0 [2790/3000 (93%)] Loss: 23.34780 = L_Mnfld: 6.81191 + L_NonMnfld: 0.01793 + L_Eknl: 3.04913 + L_Morse: 0.00016 + L_thetaHessian: 4.72389 + L_thetaNeighbor: 0.96219 + L_Guidance: 29.94793
Epoch: 0 [2790/3000 (93%)] Unweighted L_s : L_Mnfld: 0.00097 + L_NonMnfld: 0.00003 + L_Eknl: 0.06098 + L_Morse: 1.37756 + L_thetaHessian: 0.47239 + L_thetaNeighbor: 0.03207 + L_Guidance: 0.01497
Feature guidance terms: boundary=0.01248, intra=0.00000, neighbor=0.00000, diversity=0.00000

Weights: [7000.0, 600.0, 10.0, 50.0, 30.0, 0.0001116666666666666, 2000.0], lr=5.000e-05
Epoch: 0 [2800/3000 (93%)] Loss: 25.06691 = L_Mnfld: 7.86110 + L_NonMnfld: 0.01113 + L_Eknl: 3.19734 + L_Morse: 0.00016 + L_thetaHessian: 4.67365 + L_thetaNeighbor: 0.96790 + L_Guidance: 29.90779
Epoch: 0 [2800/3000 (93%)] Unweighted L_s : L_Mnfld: 0.00112 + L_NonMnfld: 0.00002 + L_Eknl: 0.06395 + L_Morse: 1.38979 + L_thetaHessian: 0.46736 + L_thetaNeighbor: 0.03226 + L_Guidance: 0.01495
Feature guidance terms: boundary=0.01246, intra=0.00000, neighbor=0.00000, diversity=0.00000

Weights: [7000.0, 600.0, 10.0, 50.0, 30.0, 0.00010611111111111108, 2000.0], lr=5.000e-05
Epoch: 0 [2810/3000 (94%)] Loss: 23.20555 = L_Mnfld: 6.71021 + L_NonMnfld: 0.02188 + L_Eknl: 3.08529 + L_Morse: 0.00015 + L_thetaHessian: 4.67302 + L_thetaNeighbor: 0.97981 + L_Guidance: 29.87120
Epoch: 0 [2810/3000 (94%)] Unweighted L_s : L_Mnfld: 0.00096 + L_NonMnfld: 0.00004 + L_Eknl: 0.06171 + L_Morse: 1.38523 + L_thetaHessian: 0.46730 + L_thetaNeighbor: 0.03266 + L_Guidance: 0.01494
Feature guidance terms: boundary=0.01245, intra=0.00000, neighbor=0.00000, diversity=0.00000

Weights: [7000.0, 600.0, 10.0, 50.0, 30.0, 0.00010055555555555566, 2000.0], lr=5.000e-05
Epoch: 0 [2820/3000 (94%)] Loss: 25.17650 = L_Mnfld: 7.89946 + L_NonMnfld: 0.01537 + L_Eknl: 3.14123 + L_Morse: 0.00014 + L_thetaHessian: 4.74917 + L_thetaNeighbor: 0.97896 + L_Guidance: 29.84121
Epoch: 0 [2820/3000 (94%)] Unweighted L_s : L_Mnfld: 0.00113 + L_NonMnfld: 0.00003 + L_Eknl: 0.06282 + L_Morse: 1.39744 + L_thetaHessian: 0.47492 + L_thetaNeighbor: 0.03263 + L_Guidance: 0.01492
Feature guidance terms: boundary=0.01243, intra=0.00000, neighbor=0.00000, diversity=0.00000

Weights: [7000.0, 600.0, 10.0, 50.0, 30.0, 9.500000000000003e-05, 2000.0], lr=5.000e-05
Epoch: 0 [2830/3000 (94%)] Loss: 23.17586 = L_Mnfld: 6.67567 + L_NonMnfld: 0.01451 + L_Eknl: 3.02371 + L_Morse: 0.00013 + L_thetaHessian: 4.75098 + L_thetaNeighbor: 0.98556 + L_Guidance: 29.80351
Epoch: 0 [2830/3000 (94%)] Unweighted L_s : L_Mnfld: 0.00095 + L_NonMnfld: 0.00002 + L_Eknl: 0.06047 + L_Morse: 1.39101 + L_thetaHessian: 0.47510 + L_thetaNeighbor: 0.03285 + L_Guidance: 0.01490
Feature guidance terms: boundary=0.01242, intra=0.00000, neighbor=0.00000, diversity=0.00000

Weights: [7000.0, 600.0, 10.0, 50.0, 30.0, 8.94444444444444e-05, 2000.0], lr=5.000e-05
Epoch: 0 [2840/3000 (95%)] Loss: 24.90046 = L_Mnfld: 7.90089 + L_NonMnfld: 0.01682 + L_Eknl: 3.12382 + L_Morse: 0.00013 + L_thetaHessian: 4.56777 + L_thetaNeighbor: 0.99088 + L_Guidance: 29.76029
Epoch: 0 [2840/3000 (95%)] Unweighted L_s : L_Mnfld: 0.00113 + L_NonMnfld: 0.00003 + L_Eknl: 0.06248 + L_Morse: 1.40387 + L_thetaHessian: 0.45678 + L_thetaNeighbor: 0.03303 + L_Guidance: 0.01488
Feature guidance terms: boundary=0.01240, intra=0.00000, neighbor=0.00000, diversity=0.00000

Weights: [7000.0, 600.0, 10.0, 50.0, 30.0, 8.388888888888899e-05, 2000.0], lr=5.000e-05
Epoch: 0 [2850/3000 (95%)] Loss: 22.78660 = L_Mnfld: 6.57939 + L_NonMnfld: 0.01404 + L_Eknl: 3.04512 + L_Morse: 0.00012 + L_thetaHessian: 4.57350 + L_thetaNeighbor: 0.97890 + L_Guidance: 29.75257
Epoch: 0 [2850/3000 (95%)] Unweighted L_s : L_Mnfld: 0.00094 + L_NonMnfld: 0.00002 + L_Eknl: 0.06090 + L_Morse: 1.39811 + L_thetaHessian: 0.45735 + L_thetaNeighbor: 0.03263 + L_Guidance: 0.01488
Feature guidance terms: boundary=0.01240, intra=0.00000, neighbor=0.00000, diversity=0.00000

Weights: [7000.0, 600.0, 10.0, 50.0, 30.0, 7.833333333333336e-05, 2000.0], lr=5.000e-05
Epoch: 0 [2860/3000 (95%)] Loss: 24.72138 = L_Mnfld: 7.88919 + L_NonMnfld: 0.01675 + L_Eknl: 3.07824 + L_Morse: 0.00011 + L_thetaHessian: 4.50350 + L_thetaNeighbor: 0.99313 + L_Guidance: 29.65387
Epoch: 0 [2860/3000 (95%)] Unweighted L_s : L_Mnfld: 0.00113 + L_NonMnfld: 0.00003 + L_Eknl: 0.06156 + L_Morse: 1.41002 + L_thetaHessian: 0.45035 + L_thetaNeighbor: 0.03310 + L_Guidance: 0.01483
Feature guidance terms: boundary=0.01236, intra=0.00000, neighbor=0.00000, diversity=0.00000

Weights: [7000.0, 600.0, 10.0, 50.0, 30.0, 7.277777777777773e-05, 2000.0], lr=5.000e-05
Epoch: 0 [2870/3000 (96%)] Loss: 22.65327 = L_Mnfld: 6.55324 + L_NonMnfld: 0.01310 + L_Eknl: 3.04866 + L_Morse: 0.00010 + L_thetaHessian: 4.49609 + L_thetaNeighbor: 0.99099 + L_Guidance: 29.61703
Epoch: 0 [2870/3000 (96%)] Unweighted L_s : L_Mnfld: 0.00094 + L_NonMnfld: 0.00002 + L_Eknl: 0.06097 + L_Morse: 1.40544 + L_thetaHessian: 0.44961 + L_thetaNeighbor: 0.03303 + L_Guidance: 0.01481
Feature guidance terms: boundary=0.01234, intra=0.00000, neighbor=0.00000, diversity=0.00000

Weights: [7000.0, 600.0, 10.0, 50.0, 30.0, 6.72222222222222e-05, 2000.0], lr=5.000e-05
Epoch: 0 [2880/3000 (96%)] Loss: 24.67771 = L_Mnfld: 7.84882 + L_NonMnfld: 0.01710 + L_Eknl: 3.11908 + L_Morse: 0.00010 + L_thetaHessian: 4.46022 + L_thetaNeighbor: 1.00649 + L_Guidance: 29.57405
Epoch: 0 [2880/3000 (96%)] Unweighted L_s : L_Mnfld: 0.00112 + L_NonMnfld: 0.00003 + L_Eknl: 0.06238 + L_Morse: 1.41522 + L_thetaHessian: 0.44602 + L_thetaNeighbor: 0.03355 + L_Guidance: 0.01479
Feature guidance terms: boundary=0.01232, intra=0.00000, neighbor=0.00000, diversity=0.00000

Weights: [7000.0, 600.0, 10.0, 50.0, 30.0, 6.166666666666679e-05, 2000.0], lr=5.000e-05
Epoch: 0 [2890/3000 (96%)] Loss: 22.72153 = L_Mnfld: 6.61910 + L_NonMnfld: 0.01060 + L_Eknl: 3.06108 + L_Morse: 0.00009 + L_thetaHessian: 4.46175 + L_thetaNeighbor: 0.99506 + L_Guidance: 29.52345
Epoch: 0 [2890/3000 (96%)] Unweighted L_s : L_Mnfld: 0.00095 + L_NonMnfld: 0.00002 + L_Eknl: 0.06122 + L_Morse: 1.40990 + L_thetaHessian: 0.44617 + L_thetaNeighbor: 0.03317 + L_Guidance: 0.01476
Feature guidance terms: boundary=0.01230, intra=0.00000, neighbor=0.00000, diversity=0.00000

Weights: [7000.0, 600.0, 10.0, 50.0, 30.0, 5.6111111111110945e-05, 2000.0], lr=5.000e-05
Epoch: 0 [2900/3000 (97%)] Loss: 24.65799 = L_Mnfld: 7.87445 + L_NonMnfld: 0.01482 + L_Eknl: 3.01646 + L_Morse: 0.00008 + L_thetaHessian: 4.52988 + L_thetaNeighbor: 1.00298 + L_Guidance: 29.61417
Epoch: 0 [2900/3000 (97%)] Unweighted L_s : L_Mnfld: 0.00112 + L_NonMnfld: 0.00002 + L_Eknl: 0.06033 + L_Morse: 1.42187 + L_thetaHessian: 0.45299 + L_thetaNeighbor: 0.03343 + L_Guidance: 0.01481
Feature guidance terms: boundary=0.01234, intra=0.00000, neighbor=0.00000, diversity=0.00000

Weights: [7000.0, 600.0, 10.0, 50.0, 30.0, 5.055555555555553e-05, 2000.0], lr=5.000e-05
Epoch: 0 [2910/3000 (97%)] Loss: 22.71115 = L_Mnfld: 6.61989 + L_NonMnfld: 0.01225 + L_Eknl: 3.08987 + L_Morse: 0.00007 + L_thetaHessian: 4.41717 + L_thetaNeighbor: 1.00151 + L_Guidance: 29.43570
Epoch: 0 [2910/3000 (97%)] Unweighted L_s : L_Mnfld: 0.00095 + L_NonMnfld: 0.00002 + L_Eknl: 0.06180 + L_Morse: 1.41573 + L_thetaHessian: 0.44172 + L_thetaNeighbor: 0.03338 + L_Guidance: 0.01472
Feature guidance terms: boundary=0.01226, intra=0.00000, neighbor=0.00000, diversity=0.00000

Weights: [7000.0, 600.0, 10.0, 50.0, 30.0, 4.500000000000012e-05, 2000.0], lr=5.000e-05
Epoch: 0 [2920/3000 (97%)] Loss: 24.25395 = L_Mnfld: 7.69048 + L_NonMnfld: 0.02463 + L_Eknl: 3.09943 + L_Morse: 0.00006 + L_thetaHessian: 4.34947 + L_thetaNeighbor: 1.00522 + L_Guidance: 29.39213
Epoch: 0 [2920/3000 (97%)] Unweighted L_s : L_Mnfld: 0.00110 + L_NonMnfld: 0.00004 + L_Eknl: 0.06199 + L_Morse: 1.42723 + L_thetaHessian: 0.43495 + L_thetaNeighbor: 0.03351 + L_Guidance: 0.01470
Feature guidance terms: boundary=0.01225, intra=0.00000, neighbor=0.00000, diversity=0.00000

Weights: [7000.0, 600.0, 10.0, 50.0, 30.0, 3.944444444444427e-05, 2000.0], lr=5.000e-05
Epoch: 0 [2930/3000 (98%)] Loss: 22.37443 = L_Mnfld: 6.53771 + L_NonMnfld: 0.01087 + L_Eknl: 3.02080 + L_Morse: 0.00006 + L_thetaHessian: 4.33912 + L_thetaNeighbor: 1.00773 + L_Guidance: 29.34011
Epoch: 0 [2930/3000 (98%)] Unweighted L_s : L_Mnfld: 0.00093 + L_NonMnfld: 0.00002 + L_Eknl: 0.06042 + L_Morse: 1.41939 + L_thetaHessian: 0.43391 + L_thetaNeighbor: 0.03359 + L_Guidance: 0.01467
Feature guidance terms: boundary=0.01223, intra=0.00000, neighbor=0.00000, diversity=0.00000

Weights: [7000.0, 600.0, 10.0, 50.0, 30.0, 3.388888888888886e-05, 2000.0], lr=5.000e-05
Epoch: 0 [2940/3000 (98%)] Loss: 24.34871 = L_Mnfld: 7.82500 + L_NonMnfld: 0.01407 + L_Eknl: 3.04242 + L_Morse: 0.00005 + L_thetaHessian: 4.34163 + L_thetaNeighbor: 1.00930 + L_Guidance: 29.32924
Epoch: 0 [2940/3000 (98%)] Unweighted L_s : L_Mnfld: 0.00112 + L_NonMnfld: 0.00002 + L_Eknl: 0.06085 + L_Morse: 1.43316 + L_thetaHessian: 0.43416 + L_thetaNeighbor: 0.03364 + L_Guidance: 0.01466
Feature guidance terms: boundary=0.01222, intra=0.00000, neighbor=0.00000, diversity=0.00000

Weights: [7000.0, 600.0, 10.0, 50.0, 30.0, 2.8333333333333335e-05, 2000.0], lr=5.000e-05
Epoch: 0 [2950/3000 (98%)] Loss: 22.54364 = L_Mnfld: 6.66005 + L_NonMnfld: 0.01235 + L_Eknl: 3.02527 + L_Morse: 0.00004 + L_thetaHessian: 4.31911 + L_thetaNeighbor: 1.01228 + L_Guidance: 29.25741
Epoch: 0 [2950/3000 (98%)] Unweighted L_s : L_Mnfld: 0.00095 + L_NonMnfld: 0.00002 + L_Eknl: 0.06051 + L_Morse: 1.42682 + L_thetaHessian: 0.43191 + L_thetaNeighbor: 0.03374 + L_Guidance: 0.01463
Feature guidance terms: boundary=0.01219, intra=0.00000, neighbor=0.00000, diversity=0.00000

Weights: [7000.0, 600.0, 10.0, 50.0, 30.0, 2.2777777777777813e-05, 2000.0], lr=5.000e-05
Epoch: 0 [2960/3000 (99%)] Loss: 24.04865 = L_Mnfld: 7.66621 + L_NonMnfld: 0.01091 + L_Eknl: 3.07038 + L_Morse: 0.00003 + L_thetaHessian: 4.26568 + L_thetaNeighbor: 1.01923 + L_Guidance: 29.18338
Epoch: 0 [2960/3000 (99%)] Unweighted L_s : L_Mnfld: 0.00110 + L_NonMnfld: 0.00002 + L_Eknl: 0.06141 + L_Morse: 1.43504 + L_thetaHessian: 0.42657 + L_thetaNeighbor: 0.03397 + L_Guidance: 0.01459
Feature guidance terms: boundary=0.01216, intra=0.00000, neighbor=0.00000, diversity=0.00000

Weights: [7000.0, 600.0, 10.0, 50.0, 30.0, 1.7222222222222075e-05, 2000.0], lr=5.000e-05
Epoch: 0 [2970/3000 (99%)] Loss: 22.41886 = L_Mnfld: 6.47730 + L_NonMnfld: 0.01922 + L_Eknl: 2.99923 + L_Morse: 0.00002 + L_thetaHessian: 4.41801 + L_thetaNeighbor: 1.03212 + L_Guidance: 29.18529
Epoch: 0 [2970/3000 (99%)] Unweighted L_s : L_Mnfld: 0.00093 + L_NonMnfld: 0.00003 + L_Eknl: 0.05998 + L_Morse: 1.43217 + L_thetaHessian: 0.44180 + L_thetaNeighbor: 0.03440 + L_Guidance: 0.01459
Feature guidance terms: boundary=0.01216, intra=0.00000, neighbor=0.00000, diversity=0.00000

Weights: [7000.0, 600.0, 10.0, 50.0, 30.0, 1.1666666666666553e-05, 2000.0], lr=5.000e-05
Epoch: 0 [2980/3000 (99%)] Loss: 23.93833 = L_Mnfld: 7.66981 + L_NonMnfld: 0.01553 + L_Eknl: 3.03010 + L_Morse: 0.00002 + L_thetaHessian: 4.21640 + L_thetaNeighbor: 1.02703 + L_Guidance: 29.08776
Epoch: 0 [2980/3000 (99%)] Unweighted L_s : L_Mnfld: 0.00110 + L_NonMnfld: 0.00003 + L_Eknl: 0.06060 + L_Morse: 1.44100 + L_thetaHessian: 0.42164 + L_thetaNeighbor: 0.03423 + L_Guidance: 0.01454
Feature guidance terms: boundary=0.01212, intra=0.00000, neighbor=0.00000, diversity=0.00000

Weights: [7000.0, 600.0, 10.0, 50.0, 30.0, 6.111111111111248e-06, 2000.0], lr=5.000e-05
Epoch: 0 [2990/3000 (100%)] Loss: 22.55526 = L_Mnfld: 6.75995 + L_NonMnfld: 0.00841 + L_Eknl: 2.99989 + L_Morse: 0.00001 + L_thetaHessian: 4.24288 + L_thetaNeighbor: 1.02569 + L_Guidance: 29.03153
Epoch: 0 [2990/3000 (100%)] Unweighted L_s : L_Mnfld: 0.00097 + L_NonMnfld: 0.00001 + L_Eknl: 0.06000 + L_Morse: 1.43161 + L_thetaHessian: 0.42429 + L_thetaNeighbor: 0.03419 + L_Guidance: 0.01452
Feature guidance terms: boundary=0.01210, intra=0.00000, neighbor=0.00000, diversity=0.00000

[1/4] Loading mesh: /root/SemanPartMesh/compare_8d46740c472f9d36b7a04b65023ffc59_ns3000_50k_topologyloss_20260509_123544/pipeline/quad_meshes/8d46740c472f9d36b7a04b65023ffc59_quad_chunks/outputs/chunk_000_quad_extract_work/chunk_000_quad_repaired.obj
       V=7340 F=14680
[2/4] Loading cross field: /root/SemanPartMesh/compare_8d46740c472f9d36b7a04b65023ffc59_ns3000_50k_topologyloss_20260509_123544/pipeline/quad_meshes/8d46740c472f9d36b7a04b65023ffc59_quad_chunks/outputs/chunk_000_quad_extract_work/chunk_000_quad_repaired_cf.txt
       cross field rows=14680
[3/4] Running MIQ parameterization (gradient_size=40, stiffness=5, iters=5)...

 INITIALIZED SPARSE MATRIX OF 15778d x 15778d 

 INITIALIZED SPARSE MATRIX OF 1246d x 15926d 

 INITIALIZED VECTOR OF 15778d x 1 

 INITIALIZED VECTOR OF 1246d x 1 
Initital dimension: 15926 x 15926, number of constraints: 1246, number of integer variables: 228, use reordering: yes
make_constraints_independent took 0.007535 s.
Constraint integration took 0.028556000000000002 s.
Constraint elimination took 0.020299000000000001 s.
Reindexing took 0.000379 s.
eliminate_constraints took 0.049383999999999997 s.
Eliminated dimension: 14680 x 14680
#nonzeros: 153275
integer variables #: 80
continuous variables #: 14600
initial full solution
final full solution
 *** Statistics of MiSo Solver ***
Number of LOCAL iterations  = 40
Number of CG    iterations  = 40
Number of FULL  iterations  = 42
Number of ROUNDING          = 80
solve_multiple_rounding took 9.8795169999999999 s.
solve took 9.8796309999999998 s.
restore_eliminated_vars took 0.002153 s.
solve took 9.9409789999999987 s.
Maximum Distorsion 7.5474 
Maximum Laplacian 12.2978 
ITERATION 0 FLIPS 36 

 INITIALIZED SPARSE MATRIX OF 15778d x 15778d 

 INITIALIZED SPARSE MATRIX OF 1246d x 15926d 

 INITIALIZED VECTOR OF 15778d x 1 

 INITIALIZED VECTOR OF 1246d x 1 
Initital dimension: 15926 x 15926, number of constraints: 1246, number of integer variables: 228, use reordering: yes
make_constraints_independent took 0.0068209999999999998 s.
Constraint integration took 0.027795999999999998 s.
Constraint elimination took 0.020458999999999998 s.
Reindexing took 0.00044700000000000002 s.
eliminate_constraints took 0.048841000000000002 s.
Eliminated dimension: 14680 x 14680
#nonzeros: 153146
integer variables #: 80
continuous variables #: 14600
initial full solution
final full solution
 *** Statistics of MiSo Solver ***
Number of LOCAL iterations  = 40
Number of CG    iterations  = 40
Number of FULL  iterations  = 42
Number of ROUNDING          = 80
solve_multiple_rounding took 9.8055769999999995 s.
solve took 9.8056950000000001 s.
restore_eliminated_vars took 0.0019740000000000001 s.
solve took 9.8640810000000005 s.
Maximum Distorsion 7.5596 
Maximum Laplacian 15.0815 
ITERATION 1 FLIPS 20 

 INITIALIZED SPARSE MATRIX OF 15778d x 15778d 

 INITIALIZED SPARSE MATRIX OF 1246d x 15926d 

 INITIALIZED VECTOR OF 15778d x 1 

 INITIALIZED VECTOR OF 1246d x 1 
Initital dimension: 15926 x 15926, number of constraints: 1246, number of integer variables: 228, use reordering: yes
make_constraints_independent took 0.0071650000000000004 s.
Constraint integration took 0.029007999999999999 s.
Constraint elimination took 0.017905000000000001 s.
Reindexing took 0.000397 s.
eliminate_constraints took 0.047447999999999997 s.
Eliminated dimension: 14680 x 14680
#nonzeros: 153387
integer variables #: 80
continuous variables #: 14600
initial full solution
final full solution
 *** Statistics of MiSo Solver ***
Number of LOCAL iterations  = 43
Number of CG    iterations  = 43
Number of FULL  iterations  = 45
Number of ROUNDING          = 80
solve_multiple_rounding took 10.559941 s.
solve took 10.56006 s.
restore_eliminated_vars took 0.001895 s.
solve took 10.617284999999999 s.
Maximum Distorsion 6.3726 
Maximum Laplacian 8.6178 
ITERATION 2 FLIPS 27 

 INITIALIZED SPARSE MATRIX OF 15778d x 15778d 

 INITIALIZED SPARSE MATRIX OF 1246d x 15926d 

 INITIALIZED VECTOR OF 15778d x 1 

 INITIALIZED VECTOR OF 1246d x 1 
Initital dimension: 15926 x 15926, number of constraints: 1246, number of integer variables: 228, use reordering: yes
make_constraints_independent took 0.0066969999999999998 s.
Constraint integration took 0.030446000000000001 s.
Constraint elimination took 0.019336000000000002 s.
Reindexing took 0.000397 s.
eliminate_constraints took 0.050297000000000001 s.
Eliminated dimension: 14680 x 14680
#nonzeros: 153316
integer variables #: 80
continuous variables #: 14600
initial full solution
final full solution
 *** Statistics of MiSo Solver ***
Number of LOCAL iterations  = 42
Number of CG    iterations  = 42
Number of FULL  iterations  = 44
Number of ROUNDING          = 80
solve_multiple_rounding took 10.440049 s.
solve took 10.440154 s.
restore_eliminated_vars took 0.0020420000000000004 s.
solve took 10.499955 s.
Maximum Distorsion 9.6402 
Maximum Laplacian 18.5133 
ITERATION 3 FLIPS 26 

 INITIALIZED SPARSE MATRIX OF 15778d x 15778d 

 INITIALIZED SPARSE MATRIX OF 1246d x 15926d 

 INITIALIZED VECTOR OF 15778d x 1 

 INITIALIZED VECTOR OF 1246d x 1 
Initital dimension: 15926 x 15926, number of constraints: 1246, number of integer variables: 228, use reordering: yes
make_constraints_independent took 0.0067149999999999996 s.
Constraint integration took 0.026890000000000001 s.
Constraint elimination took 0.017664000000000003 s.
Reindexing took 0.00043199999999999998 s.
eliminate_constraints took 0.045133 s.
Eliminated dimension: 14680 x 14680
#nonzeros: 153240
integer variables #: 80
continuous variables #: 14600
initial full solution
final full solution
 *** Statistics of MiSo Solver ***
Number of LOCAL iterations  = 43
Number of CG    iterations  = 43
Number of FULL  iterations  = 45
Number of ROUNDING          = 80
solve_multiple_rounding took 10.554823000000001 s.
solve took 10.554951000000001 s.
restore_eliminated_vars took 0.0018880000000000001 s.
solve took 10.609408 s.
Maximum Distorsion 7.3804 
Maximum Laplacian 12.3815 
ITERATION 4 FLIPS 24 
**** END OPTIMIZING #FLIPS 24  ****
       UV=7889 FUV=14680
[4/4] Extracting quad mesh with libQEx...
       Quad vertices=1413 Quad faces=1413
Output saved to: /root/SemanPartMesh/compare_8d46740c472f9d36b7a04b65023ffc59_ns3000_50k_topologyloss_20260509_123544/pipeline/quad_meshes/8d46740c472f9d36b7a04b65023ffc59_quad_chunks/outputs/chunk_000_quad_extract_work/chunk_000_quad_gs40.obj

 Closed: Sat May 09 13:19:20 2026

[1/4] Loading mesh: /root/SemanPartMesh/compare_8d46740c472f9d36b7a04b65023ffc59_ns3000_50k_topologyloss_20260509_123544/pipeline/quad_meshes/8d46740c472f9d36b7a04b65023ffc59_quad_chunks/outputs/chunk_000_quad_extract_work/chunk_000_quad_repaired.obj
       V=7340 F=14680
[2/4] Loading cross field: /root/SemanPartMesh/compare_8d46740c472f9d36b7a04b65023ffc59_ns3000_50k_topologyloss_20260509_123544/pipeline/quad_meshes/8d46740c472f9d36b7a04b65023ffc59_quad_chunks/outputs/chunk_000_quad_extract_work/chunk_000_quad_repaired_cf.txt
       cross field rows=14680
[3/4] Running MIQ parameterization (gradient_size=60, stiffness=5, iters=5)...

 INITIALIZED SPARSE MATRIX OF 15778d x 15778d 

 INITIALIZED SPARSE MATRIX OF 1246d x 15926d 

 INITIALIZED VECTOR OF 15778d x 1 

 INITIALIZED VECTOR OF 1246d x 1 
Initital dimension: 15926 x 15926, number of constraints: 1246, number of integer variables: 228, use reordering: yes
make_constraints_independent took 0.0078840000000000004 s.
Constraint integration took 0.028931000000000002 s.
Constraint elimination took 0.020583000000000001 s.
Reindexing took 0.00040100000000000004 s.
eliminate_constraints took 0.050091000000000004 s.
Eliminated dimension: 14680 x 14680
#nonzeros: 153275
integer variables #: 80
continuous variables #: 14600
initial full solution
final full solution
 *** Statistics of MiSo Solver ***
Number of LOCAL iterations  = 42
Number of CG    iterations  = 42
Number of FULL  iterations  = 44
Number of ROUNDING          = 80
solve_multiple_rounding took 10.612605 s.
solve took 10.61271 s.
restore_eliminated_vars took 0.002098 s.
solve took 10.675210999999999 s.
Maximum Distorsion 4.9675 
Maximum Laplacian 10.2494 
ITERATION 0 FLIPS 22 

 INITIALIZED SPARSE MATRIX OF 15778d x 15778d 

 INITIALIZED SPARSE MATRIX OF 1246d x 15926d 

 INITIALIZED VECTOR OF 15778d x 1 

 INITIALIZED VECTOR OF 1246d x 1 
Initital dimension: 15926 x 15926, number of constraints: 1246, number of integer variables: 228, use reordering: yes
make_constraints_independent took 0.0066839999999999998 s.
Constraint integration took 0.028601999999999999 s.
Constraint elimination took 0.019457000000000002 s.
Reindexing took 0.00038099999999999999 s.
eliminate_constraints took 0.04861 s.
Eliminated dimension: 14680 x 14680
#nonzeros: 153254
integer variables #: 80
continuous variables #: 14600
initial full solution
final full solution
 *** Statistics of MiSo Solver ***
Number of LOCAL iterations  = 42
Number of CG    iterations  = 42
Number of FULL  iterations  = 44
Number of ROUNDING          = 80
solve_multiple_rounding took 10.363404000000001 s.
solve took 10.363522000000001 s.
restore_eliminated_vars took 0.001823 s.
solve took 10.421346 s.
Maximum Distorsion 4.8180 
Maximum Laplacian 9.1787 
ITERATION 1 FLIPS 18 

 INITIALIZED SPARSE MATRIX OF 15778d x 15778d 

 INITIALIZED SPARSE MATRIX OF 1246d x 15926d 

 INITIALIZED VECTOR OF 15778d x 1 

 INITIALIZED VECTOR OF 1246d x 1 
Initital dimension: 15926 x 15926, number of constraints: 1246, number of integer variables: 228, use reordering: yes
make_constraints_independent took 0.0068189999999999995 s.
Constraint integration took 0.026765000000000001 s.
Constraint elimination took 0.017029999999999972 s.
Reindexing took 0.00039800000000000002 s.
eliminate_constraints took 0.04433299999999997 s.
Eliminated dimension: 14680 x 14680
#nonzeros: 153225
integer variables #: 80
continuous variables #: 14600
initial full solution
final full solution
 *** Statistics of MiSo Solver ***
Number of LOCAL iterations  = 39
Number of CG    iterations  = 39
Number of FULL  iterations  = 41
Number of ROUNDING          = 80
solve_multiple_rounding took 9.6680290000000007 s.
solve took 9.6681460000000001 s.
restore_eliminated_vars took 0.001781 s.
solve took 9.7217639999999985 s.
Maximum Distorsion 4.9525 
Maximum Laplacian 8.1139 
ITERATION 2 FLIPS 12 

 INITIALIZED SPARSE MATRIX OF 15778d x 15778d 

 INITIALIZED SPARSE MATRIX OF 1246d x 15926d 

 INITIALIZED VECTOR OF 15778d x 1 

 INITIALIZED VECTOR OF 1246d x 1 
Initital dimension: 15926 x 15926, number of constraints: 1246, number of integer variables: 228, use reordering: yes
make_constraints_independent took 0.0073239999999999998 s.
Constraint integration took 0.026952 s.
Constraint elimination took 0.016760000000000001 s.
Reindexing took 0.00038900000000000002 s.
eliminate_constraints took 0.044228000000000003 s.
Eliminated dimension: 14680 x 14680
#nonzeros: 153180
integer variables #: 80
continuous variables #: 14600
initial full solution
final full solution
 *** Statistics of MiSo Solver ***
Number of LOCAL iterations  = 35
Number of CG    iterations  = 35
Number of FULL  iterations  = 37
Number of ROUNDING          = 80
solve_multiple_rounding took 8.6532360000000015 s.
solve took 8.6533510000000007 s.
restore_eliminated_vars took 0.001802 s.
solve took 8.7074639999999999 s.
Maximum Distorsion 5.5522 
Maximum Laplacian 11.1660 
ITERATION 3 FLIPS 13 

 INITIALIZED SPARSE MATRIX OF 15778d x 15778d 

 INITIALIZED SPARSE MATRIX OF 1246d x 15926d 

 INITIALIZED VECTOR OF 15778d x 1 

 INITIALIZED VECTOR OF 1246d x 1 
Initital dimension: 15926 x 15926, number of constraints: 1246, number of integer variables: 228, use reordering: yes
make_constraints_independent took 0.0071920000000000005 s.
Constraint integration took 0.027444 s.
Constraint elimination took 0.019407000000000001 s.
Reindexing took 0.00038400000000000001 s.
eliminate_constraints took 0.047369999999999995 s.
Eliminated dimension: 14680 x 14680
#nonzeros: 153310
integer variables #: 80
continuous variables #: 14600
initial full solution
final full solution
 *** Statistics of MiSo Solver ***
Number of LOCAL iterations  = 35
Number of CG    iterations  = 35
Number of FULL  iterations  = 37
Number of ROUNDING          = 80
solve_multiple_rounding took 8.6438639999999989 s.
solve took 8.6439770000000014 s.
restore_eliminated_vars took 0.0018400000000000001 s.
solve took 8.7012660000000004 s.
Maximum Distorsion 5.5522 
Maximum Laplacian 11.1298 
ITERATION 4 FLIPS 9 
**** END OPTIMIZING #FLIPS 9  ****
       UV=7889 FUV=14680
[4/4] Extracting quad mesh with libQEx...
       Quad vertices=3271 Quad faces=3271
Output saved to: /root/SemanPartMesh/compare_8d46740c472f9d36b7a04b65023ffc59_ns3000_50k_topologyloss_20260509_123544/pipeline/quad_meshes/8d46740c472f9d36b7a04b65023ffc59_quad_chunks/outputs/chunk_000_quad_extract_work/chunk_000_quad_gs60.obj

 Closed: Sat May 09 13:20:10 2026

[1/4] Loading mesh: /root/SemanPartMesh/compare_8d46740c472f9d36b7a04b65023ffc59_ns3000_50k_topologyloss_20260509_123544/pipeline/quad_meshes/8d46740c472f9d36b7a04b65023ffc59_quad_chunks/outputs/chunk_000_quad_extract_work/chunk_000_quad_repaired.obj
       V=7340 F=14680
[2/4] Loading cross field: /root/SemanPartMesh/compare_8d46740c472f9d36b7a04b65023ffc59_ns3000_50k_topologyloss_20260509_123544/pipeline/quad_meshes/8d46740c472f9d36b7a04b65023ffc59_quad_chunks/outputs/chunk_000_quad_extract_work/chunk_000_quad_repaired_cf.txt
       cross field rows=14680
[3/4] Running MIQ parameterization (gradient_size=80, stiffness=5, iters=5)...

 INITIALIZED SPARSE MATRIX OF 15778d x 15778d 

 INITIALIZED SPARSE MATRIX OF 1246d x 15926d 

 INITIALIZED VECTOR OF 15778d x 1 

 INITIALIZED VECTOR OF 1246d x 1 
Initital dimension: 15926 x 15926, number of constraints: 1246, number of integer variables: 228, use reordering: yes
make_constraints_independent took 0.007659 s.
Constraint integration took 0.028908 s.
Constraint elimination took 0.020015000000000002 s.
Reindexing took 0.00038099999999999999 s.
eliminate_constraints took 0.049466999999999997 s.
Eliminated dimension: 14680 x 14680
#nonzeros: 153275
integer variables #: 80
continuous variables #: 14600
initial full solution
final full solution
 *** Statistics of MiSo Solver ***
Number of LOCAL iterations  = 40
Number of CG    iterations  = 40
Number of FULL  iterations  = 42
Number of ROUNDING          = 80
solve_multiple_rounding took 10.147012 s.
solve took 10.147118000000001 s.
restore_eliminated_vars took 0.0020119999999999999 s.
solve took 10.207523999999999 s.
Maximum Distorsion 4.3338 
Maximum Laplacian 9.1155 
ITERATION 0 FLIPS 9 

 INITIALIZED SPARSE MATRIX OF 15778d x 15778d 

 INITIALIZED SPARSE MATRIX OF 1246d x 15926d 

 INITIALIZED VECTOR OF 15778d x 1 

 INITIALIZED VECTOR OF 1246d x 1 
Initital dimension: 15926 x 15926, number of constraints: 1246, number of integer variables: 228, use reordering: yes
make_constraints_independent took 0.0075890000000000003 s.
Constraint integration took 0.030248000000000001 s.
Constraint elimination took 0.019827000000000001 s.
Reindexing took 0.00038200000000000002 s.
eliminate_constraints took 0.050633999999999998 s.
Eliminated dimension: 14680 x 14680
#nonzeros: 153242
integer variables #: 80
continuous variables #: 14600
initial full solution
final full solution
 *** Statistics of MiSo Solver ***
Number of LOCAL iterations  = 40
Number of CG    iterations  = 40
Number of FULL  iterations  = 42
Number of ROUNDING          = 80
solve_multiple_rounding took 10.049808000000001 s.
solve took 10.04993 s.
restore_eliminated_vars took 0.0019559999999999998 s.
solve took 10.111361 s.
Maximum Distorsion 5.1445 
Maximum Laplacian 9.1409 
ITERATION 1 FLIPS 14 

 INITIALIZED SPARSE MATRIX OF 15778d x 15778d 

 INITIALIZED SPARSE MATRIX OF 1246d x 15926d 

 INITIALIZED VECTOR OF 15778d x 1 

 INITIALIZED VECTOR OF 1246d x 1 
Initital dimension: 15926 x 15926, number of constraints: 1246, number of integer variables: 228, use reordering: yes
make_constraints_independent took 0.0067840000000000001 s.
Constraint integration took 0.027033999999999992 s.
Constraint elimination took 0.019388000000000002 s.
Reindexing took 0.00047600000000000002 s.
eliminate_constraints took 0.047052999999999998 s.
Eliminated dimension: 14680 x 14680
#nonzeros: 153310
integer variables #: 80
continuous variables #: 14600
initial full solution
final full solution
 *** Statistics of MiSo Solver ***
Number of LOCAL iterations  = 39
Number of CG    iterations  = 39
Number of FULL  iterations  = 41
Number of ROUNDING          = 80
solve_multiple_rounding took 9.5415799999999997 s.
solve took 9.5417090000000009 s.
restore_eliminated_vars took 0.0019070000000000001 s.
solve took 9.5981620000000003 s.
Maximum Distorsion 5.1877 
Maximum Laplacian 12.3981 
ITERATION 2 FLIPS 11 

 INITIALIZED SPARSE MATRIX OF 15778d x 15778d 

 INITIALIZED SPARSE MATRIX OF 1246d x 15926d 

 INITIALIZED VECTOR OF 15778d x 1 

 INITIALIZED VECTOR OF 1246d x 1 
Initital dimension: 15926 x 15926, number of constraints: 1246, number of integer variables: 228, use reordering: yes
make_constraints_independent took 0.0074229999999999999 s.
Constraint integration took 0.027103000000000002 s.
Constraint elimination took 0.019597999999999997 s.
Reindexing took 0.000379 s.
eliminate_constraints took 0.047208 s.
Eliminated dimension: 14680 x 14680
#nonzeros: 153174
integer variables #: 80
continuous variables #: 14600
initial full solution
final full solution
 *** Statistics of MiSo Solver ***
Number of LOCAL iterations  = 38
Number of CG    iterations  = 38
Number of FULL  iterations  = 40
Number of ROUNDING          = 80
solve_multiple_rounding took 9.358960999999999 s.
solve took 9.3590849999999985 s.
restore_eliminated_vars took 0.002101 s.
solve took 9.416538000000001 s.
Maximum Distorsion 4.6641 
Maximum Laplacian 10.5659 
ITERATION 3 FLIPS 5 

 INITIALIZED SPARSE MATRIX OF 15778d x 15778d 

 INITIALIZED SPARSE MATRIX OF 1246d x 15926d 

 INITIALIZED VECTOR OF 15778d x 1 

 INITIALIZED VECTOR OF 1246d x 1 
Initital dimension: 15926 x 15926, number of constraints: 1246, number of integer variables: 228, use reordering: yes
make_constraints_independent took 0.0071930000000000006 s.
Constraint integration took 0.029664000000000003 s.
Constraint elimination took 0.017106000000000003 s.
Reindexing took 0.00038299999999999999 s.
eliminate_constraints took 0.047303999999999999 s.
Eliminated dimension: 14680 x 14680
#nonzeros: 153293
integer variables #: 80
continuous variables #: 14600
initial full solution
final full solution
 *** Statistics of MiSo Solver ***
Number of LOCAL iterations  = 39
Number of CG    iterations  = 39
Number of FULL  iterations  = 41
Number of ROUNDING          = 80
solve_multiple_rounding took 9.5679719999999993 s.
solve took 9.5680959999999988 s.
restore_eliminated_vars took 0.0018900000000000002 s.
solve took 9.6252389999999988 s.
Maximum Distorsion 5.0562 
Maximum Laplacian 8.9433 
ITERATION 4 FLIPS 7 
**** END OPTIMIZING #FLIPS 7  ****
       UV=7889 FUV=14680
[4/4] Extracting quad mesh with libQEx...
[41mWarning: When tracing from GV 1222, LEI 3 I hit GV 5824, LEI 1.
  However, this GV is already connected to GV 416, LEI 1[0m
[41mWarning: When tracing from GV 5824, LEI 3 I hit GV 416, LEI 1.
  However, this GV is already connected to GV 5824, LEI 1[0m
       Quad vertices=5857 Quad faces=5855
Output saved to: /root/SemanPartMesh/compare_8d46740c472f9d36b7a04b65023ffc59_ns3000_50k_topologyloss_20260509_123544/pipeline/quad_meshes/8d46740c472f9d36b7a04b65023ffc59_quad_chunks/outputs/chunk_000_quad_extract_work/chunk_000_quad_gs80.obj

 Closed: Sat May 09 13:21:01 2026

[1/4] Loading mesh: /root/SemanPartMesh/compare_8d46740c472f9d36b7a04b65023ffc59_ns3000_50k_topologyloss_20260509_123544/pipeline/quad_meshes/8d46740c472f9d36b7a04b65023ffc59_quad_chunks/outputs/chunk_000_quad_extract_work/chunk_000_quad_repaired.obj
       V=7340 F=14680
[2/4] Loading cross field: /root/SemanPartMesh/compare_8d46740c472f9d36b7a04b65023ffc59_ns3000_50k_topologyloss_20260509_123544/pipeline/quad_meshes/8d46740c472f9d36b7a04b65023ffc59_quad_chunks/outputs/chunk_000_quad_extract_work/chunk_000_quad_repaired_cf.txt
       cross field rows=14680
[3/4] Running MIQ parameterization (gradient_size=100, stiffness=5, iters=5)...

 INITIALIZED SPARSE MATRIX OF 15778d x 15778d 

 INITIALIZED SPARSE MATRIX OF 1246d x 15926d 

 INITIALIZED VECTOR OF 15778d x 1 

 INITIALIZED VECTOR OF 1246d x 1 
Initital dimension: 15926 x 15926, number of constraints: 1246, number of integer variables: 228, use reordering: yes
make_constraints_independent took 0.0075079999999999999 s.
Constraint integration took 0.028844999999999999 s.
Constraint elimination took 0.020157000000000001 s.
Reindexing took 0.00038200000000000002 s.
eliminate_constraints took 0.049555000000000002 s.
Eliminated dimension: 14680 x 14680
#nonzeros: 153275
integer variables #: 80
continuous variables #: 14600
initial full solution
final full solution
 *** Statistics of MiSo Solver ***
Number of LOCAL iterations  = 36
Number of CG    iterations  = 36
Number of FULL  iterations  = 38
Number of ROUNDING          = 80
solve_multiple_rounding took 8.8500639999999997 s.
solve took 8.8501849999999997 s.
restore_eliminated_vars took 0.0020960000000000002 s.
solve took 8.9117499999999996 s.
Maximum Distorsion 4.6819 
Maximum Laplacian 8.9935 
ITERATION 0 FLIPS 15 

 INITIALIZED SPARSE MATRIX OF 15778d x 15778d 

 INITIALIZED SPARSE MATRIX OF 1246d x 15926d 

 INITIALIZED VECTOR OF 15778d x 1 

 INITIALIZED VECTOR OF 1246d x 1 
Initital dimension: 15926 x 15926, number of constraints: 1246, number of integer variables: 228, use reordering: yes
make_constraints_independent took 0.0067160000000000006 s.
Constraint integration took 0.027916 s.
Constraint elimination took 0.019048000000000002 s.
Reindexing took 0.00037599999999999998 s.
eliminate_constraints took 0.04746100000000001 s.
Eliminated dimension: 14680 x 14680
#nonzeros: 153167
integer variables #: 80
continuous variables #: 14600
initial full solution
final full solution
 *** Statistics of MiSo Solver ***
Number of LOCAL iterations  = 37
Number of CG    iterations  = 37
Number of FULL  iterations  = 39
Number of ROUNDING          = 80
solve_multiple_rounding took 9.0850369999999998 s.
solve took 9.0851540000000011 s.
restore_eliminated_vars took 0.0019499999999999999 s.
solve took 9.1419840000000008 s.
Maximum Distorsion 3.4308 
Maximum Laplacian 7.2492 
ITERATION 1 FLIPS 12 

 INITIALIZED SPARSE MATRIX OF 15778d x 15778d 

 INITIALIZED SPARSE MATRIX OF 1246d x 15926d 

 INITIALIZED VECTOR OF 15778d x 1 

 INITIALIZED VECTOR OF 1246d x 1 
Initital dimension: 15926 x 15926, number of constraints: 1246, number of integer variables: 228, use reordering: yes
make_constraints_independent took 0.0067499999999999999 s.
Constraint integration took 0.027359000000000001 s.
Constraint elimination took 0.017075 s.
Reindexing took 0.00037500000000000001 s.
eliminate_constraints took 0.044930999999999999 s.
Eliminated dimension: 14680 x 14680
#nonzeros: 153312
integer variables #: 80
continuous variables #: 14600
initial full solution
final full solution
 *** Statistics of MiSo Solver ***
Number of LOCAL iterations  = 35
Number of CG    iterations  = 35
Number of FULL  iterations  = 37
Number of ROUNDING          = 80
solve_multiple_rounding took 8.5161499999999997 s.
solve took 8.5162649999999989 s.
restore_eliminated_vars took 0.001983 s.
solve took 8.5706200000000017 s.
Maximum Distorsion 4.5583 
Maximum Laplacian 8.3569 
ITERATION 2 FLIPS 7 

 INITIALIZED SPARSE MATRIX OF 15778d x 15778d 

 INITIALIZED SPARSE MATRIX OF 1246d x 15926d 

 INITIALIZED VECTOR OF 15778d x 1 

 INITIALIZED VECTOR OF 1246d x 1 
Initital dimension: 15926 x 15926, number of constraints: 1246, number of integer variables: 228, use reordering: yes
make_constraints_independent took 0.0068550000000000008 s.
Constraint integration took 0.027161999999999999 s.
Constraint elimination took 0.020838000000000002 s.
Reindexing took 0.00044000000000000002 s.
eliminate_constraints took 0.048585000000000003 s.
Eliminated dimension: 14680 x 14680
#nonzeros: 153179
integer variables #: 80
continuous variables #: 14600
initial full solution
final full solution
 *** Statistics of MiSo Solver ***
Number of LOCAL iterations  = 36
Number of CG    iterations  = 36
Number of FULL  iterations  = 38
Number of ROUNDING          = 80
solve_multiple_rounding took 8.8272459999999988 s.
solve took 8.8273659999999996 s.
restore_eliminated_vars took 0.0020220000000000004 s.
solve took 8.8855400000000007 s.
Maximum Distorsion 3.4366 
Maximum Laplacian 7.3563 
ITERATION 3 FLIPS 7 

 INITIALIZED SPARSE MATRIX OF 15778d x 15778d 

 INITIALIZED SPARSE MATRIX OF 1246d x 15926d 

 INITIALIZED VECTOR OF 15778d x 1 

 INITIALIZED VECTOR OF 1246d x 1 
Initital dimension: 15926 x 15926, number of constraints: 1246, number of integer variables: 228, use reordering: yes
make_constraints_independent took 0.0066909999999999999 s.
Constraint integration took 0.027158000000000002 s.
Constraint elimination took 0.017382000000000002 s.
Reindexing took 0.00038200000000000002 s.
eliminate_constraints took 0.045058000000000001 s.
Eliminated dimension: 14680 x 14680
#nonzeros: 153230
integer variables #: 80
continuous variables #: 14600
initial full solution
final full solution
 *** Statistics of MiSo Solver ***
Number of LOCAL iterations  = 36
Number of CG    iterations  = 36
Number of FULL  iterations  = 38
Number of ROUNDING          = 80
solve_multiple_rounding took 8.9030430000000003 s.
solve took 8.9031610000000008 s.
restore_eliminated_vars took 0.0020440000000000002 s.
solve took 8.957649 s.
Maximum Distorsion 3.5698 
Maximum Laplacian 7.8332 
ITERATION 4 FLIPS 8 
**** END OPTIMIZING #FLIPS 8  ****
       UV=7889 FUV=14680
[4/4] Extracting quad mesh with libQEx...
       Quad vertices=9094 Quad faces=9094
Output saved to: /root/SemanPartMesh/compare_8d46740c472f9d36b7a04b65023ffc59_ns3000_50k_topologyloss_20260509_123544/pipeline/quad_meshes/8d46740c472f9d36b7a04b65023ffc59_quad_chunks/outputs/chunk_000_quad_extract_work/chunk_000_quad_gs100.obj

 Closed: Sat May 09 13:21:47 2026

[1/4] Loading mesh: /root/SemanPartMesh/compare_8d46740c472f9d36b7a04b65023ffc59_ns3000_50k_topologyloss_20260509_123544/pipeline/quad_meshes/8d46740c472f9d36b7a04b65023ffc59_quad_chunks/outputs/chunk_000_quad_extract_work/chunk_000_quad_repaired.obj
       V=7340 F=14680
[2/4] Loading cross field: /root/SemanPartMesh/compare_8d46740c472f9d36b7a04b65023ffc59_ns3000_50k_topologyloss_20260509_123544/pipeline/quad_meshes/8d46740c472f9d36b7a04b65023ffc59_quad_chunks/outputs/chunk_000_quad_extract_work/chunk_000_quad_repaired_cf.txt
       cross field rows=14680
[3/4] Running MIQ parameterization (gradient_size=120, stiffness=5, iters=5)...

 INITIALIZED SPARSE MATRIX OF 15778d x 15778d 

 INITIALIZED SPARSE MATRIX OF 1246d x 15926d 

 INITIALIZED VECTOR OF 15778d x 1 

 INITIALIZED VECTOR OF 1246d x 1 
Initital dimension: 15926 x 15926, number of constraints: 1246, number of integer variables: 228, use reordering: yes
make_constraints_independent took 0.007797000000000001 s.
Constraint integration took 0.028775000000000002 s.
Constraint elimination took 0.020335000000000037 s.
Reindexing took 0.00038000000000000002 s.
eliminate_constraints took 0.04965599999999995 s.
Eliminated dimension: 14680 x 14680
#nonzeros: 153275
integer variables #: 80
continuous variables #: 14600
initial full solution
final full solution
 *** Statistics of MiSo Solver ***
Number of LOCAL iterations  = 38
Number of CG    iterations  = 38
Number of FULL  iterations  = 40
Number of ROUNDING          = 80
solve_multiple_rounding took 9.3371910000000007 s.
solve took 9.3373099999999987 s.
restore_eliminated_vars took 0.001964 s.
solve took 9.3974659999999997 s.
Maximum Distorsion 3.5104 
Maximum Laplacian 7.9331 
ITERATION 0 FLIPS 12 

 INITIALIZED SPARSE MATRIX OF 15778d x 15778d 

 INITIALIZED SPARSE MATRIX OF 1246d x 15926d 

 INITIALIZED VECTOR OF 15778d x 1 

 INITIALIZED VECTOR OF 1246d x 1 
Initital dimension: 15926 x 15926, number of constraints: 1246, number of integer variables: 228, use reordering: yes
make_constraints_independent took 0.006764 s.
Constraint integration took 0.027428000000000001 s.
Constraint elimination took 0.017408999999999997 s.
Reindexing took 0.00038500000000000003 s.
eliminate_constraints took 0.045363000000000001 s.
Eliminated dimension: 14680 x 14680
#nonzeros: 153299
integer variables #: 80
continuous variables #: 14600
initial full solution
final full solution
 *** Statistics of MiSo Solver ***
Number of LOCAL iterations  = 37
Number of CG    iterations  = 37
Number of FULL  iterations  = 38
Number of ROUNDING          = 80
solve_multiple_rounding took 8.9729469999999996 s.
solve took 8.9730640000000008 s.
restore_eliminated_vars took 0.0019719999999999998 s.
solve took 9.027882 s.
Maximum Distorsion 3.5884 
Maximum Laplacian 7.5577 
ITERATION 1 FLIPS 6 

 INITIALIZED SPARSE MATRIX OF 15778d x 15778d 

 INITIALIZED SPARSE MATRIX OF 1246d x 15926d 

 INITIALIZED VECTOR OF 15778d x 1 

 INITIALIZED VECTOR OF 1246d x 1 
Initital dimension: 15926 x 15926, number of constraints: 1246, number of integer variables: 228, use reordering: yes
make_constraints_independent took 0.0067400000000000003 s.
Constraint integration took 0.027164999999999998 s.
Constraint elimination took 0.017214 s.
Reindexing took 0.000377 s.
eliminate_constraints took 0.044878000000000001 s.
Eliminated dimension: 14680 x 14680
#nonzeros: 153271
integer variables #: 80
continuous variables #: 14600
initial full solution
final full solution
 *** Statistics of MiSo Solver ***
Number of LOCAL iterations  = 39
Number of CG    iterations  = 39
Number of FULL  iterations  = 40
Number of ROUNDING          = 80
solve_multiple_rounding took 9.5326710000000006 s.
solve took 9.5327900000000003 s.
restore_eliminated_vars took 0.0019590000000000002 s.
solve took 9.5871259999999996 s.
Maximum Distorsion 4.1947 
Maximum Laplacian 8.6141 
ITERATION 2 FLIPS 7 

 INITIALIZED SPARSE MATRIX OF 15778d x 15778d 

 INITIALIZED SPARSE MATRIX OF 1246d x 15926d 

 INITIALIZED VECTOR OF 15778d x 1 

 INITIALIZED VECTOR OF 1246d x 1 
Initital dimension: 15926 x 15926, number of constraints: 1246, number of integer variables: 228, use reordering: yes
make_constraints_independent took 0.0067620000000000006 s.
Constraint integration took 0.027469999999999998 s.
Constraint elimination took 0.019606999999999999 s.
Reindexing took 0.00037500000000000001 s.
eliminate_constraints took 0.047593000000000003 s.
Eliminated dimension: 14680 x 14680
#nonzeros: 153230
integer variables #: 80
continuous variables #: 14600
initial full solution
final full solution
 *** Statistics of MiSo Solver ***
Number of LOCAL iterations  = 39
Number of CG    iterations  = 39
Number of FULL  iterations  = 41
Number of ROUNDING          = 80
solve_multiple_rounding took 9.5947130000000005 s.
solve took 9.5948349999999998 s.
restore_eliminated_vars took 0.0020260000000000005 s.
solve took 9.6519950000000012 s.
Maximum Distorsion 3.9922 
Maximum Laplacian 7.8174 
ITERATION 3 FLIPS 10 

 INITIALIZED SPARSE MATRIX OF 15778d x 15778d 

 INITIALIZED SPARSE MATRIX OF 1246d x 15926d 

 INITIALIZED VECTOR OF 15778d x 1 

 INITIALIZED VECTOR OF 1246d x 1 
Initital dimension: 15926 x 15926, number of constraints: 1246, number of integer variables: 228, use reordering: yes
make_constraints_independent took 0.0068420000000000009 s.
Constraint integration took 0.027200999999999999 s.
Constraint elimination took 0.019949999999999999 s.
Reindexing took 0.00043599999999999997 s.
eliminate_constraints took 0.047752999999999997 s.
Eliminated dimension: 14680 x 14680
#nonzeros: 153387
integer variables #: 80
continuous variables #: 14600
initial full solution
final full solution
 *** Statistics of MiSo Solver ***
Number of LOCAL iterations  = 39
Number of CG    iterations  = 39
Number of FULL  iterations  = 41
Number of ROUNDING          = 80
solve_multiple_rounding took 9.5300210000000014 s.
solve took 9.530151 s.
restore_eliminated_vars took 0.0019780000000000002 s.
solve took 9.5875009999999996 s.
Maximum Distorsion 3.3009 
Maximum Laplacian 7.6638 
ITERATION 4 FLIPS 5 
**** END OPTIMIZING #FLIPS 5  ****
       UV=7889 FUV=14680
[4/4] Extracting quad mesh with libQEx...
[1;41mWarning: find_path didn't find the point where the path leaves a triangle in step 1.
*********** DEBUG OUTPUT START ***********[0m
triangle-path intersection: 0
Segment 1: Segment_2(Point_2(-5.16561, 40.2581), Point_2(-4.20363, 39.0109)),
Segment 2: Segment_2(Point_2(-4, 40), Point_2(-4.20363, 39.0109)),
Path: Segment_2(Point_2(-40, 3), Point_2(-41, 3))
Here's Tikz output for you so you can debug it more easily. You're welcome.
\draw[black,->,>=latex] (-5.16561, 40.2581) -- (-4.20363, 39.0109);
\draw[black,->,>=latex] (-4, 40) -- (-4.20363, 39.0109);
\draw[black,->,>=latex] (-40, 3) -- (-41, 3);
Debug info:
vis{0,1,2} = 0, 0, 0
is1, is2 = 0, 0
uv{0,1,2} = Point_2(-5.16561, 40.2581), Point_2(-4.20363, 39.0109), Point_2(-4, 40)
path = Point_2(-40, 3) -> Point_2(-41, 3)
orient2d(uv0, uv2, path[0]) = -1
orient2d(uv0, uv2, path[1]) = -1
tri_ori = 1
[1;41m*********** DEBUG OUTPUT END ***********[0m
[1;41mWarning: find_path didn't find the point where the path leaves a triangle in step 1.
*********** DEBUG OUTPUT START ***********[0m
triangle-path intersection: 0
Segment 1: Segment_2(Point_2(-41, 2), Point_2(-40.0022, 2.46584)),
Segment 2: Segment_2(Point_2(-40.7419, 3.16561), Point_2(-40.0022, 2.46584)),
Path: Segment_2(Point_2(-5, 40), Point_2(-5, 41))
Here's Tikz output for you so you can debug it more easily. You're welcome.
\draw[black,->,>=latex] (-41, 2) -- (-40.0022, 2.46584);
\draw[black,->,>=latex] (-40.7419, 3.16561) -- (-40.0022, 2.46584);
\draw[black,->,>=latex] (-5, 40) -- (-5, 41);
Debug info:
vis{0,1,2} = 0, 0, 0
is1, is2 = 0, 0
uv{0,1,2} = Point_2(-41, 2), Point_2(-40.0022, 2.46584), Point_2(-40.7419, 3.16561)
path = Point_2(-5, 40) -> Point_2(-5, 41)
orient2d(uv0, uv2, path[0]) = -1
orient2d(uv0, uv2, path[1]) = -1
tri_ori = 1
[1;41m*********** DEBUG OUTPUT END ***********[0m
       Quad vertices=13184 Quad faces=13182
Output saved to: /root/SemanPartMesh/compare_8d46740c472f9d36b7a04b65023ffc59_ns3000_50k_topologyloss_20260509_123544/pipeline/quad_meshes/8d46740c472f9d36b7a04b65023ffc59_quad_chunks/outputs/chunk_000_quad_extract_work/chunk_000_quad_gs120.obj

 Closed: Sat May 09 13:22:36 2026


==================================================
  [Tier 0] Standard repair pipeline
==================================================
  [repair] collapsed 5 degenerate edge(s), V: 7345->7340, F: 14690->14680

[Auto Sweep]
  mesh        : /root/SemanPartMesh/compare_8d46740c472f9d36b7a04b65023ffc59_ns3000_50k_topologyloss_20260509_123544/pipeline/quad_meshes/8d46740c472f9d36b7a04b65023ffc59_quad_chunks/outputs/chunk_000_quad_extract_work/chunk_000_quad_repaired.obj
  cross field : /root/SemanPartMesh/compare_8d46740c472f9d36b7a04b65023ffc59_ns3000_50k_topologyloss_20260509_123544/pipeline/quad_meshes/8d46740c472f9d36b7a04b65023ffc59_quad_chunks/outputs/chunk_000_quad_extract_work/chunk_000_quad_repaired_cf.txt
  output      : /root/SemanPartMesh/compare_8d46740c472f9d36b7a04b65023ffc59_ns3000_50k_topologyloss_20260509_123544/pipeline/quad_meshes/8d46740c472f9d36b7a04b65023ffc59_quad_chunks/outputs/chunk_000_quad.obj
  sweep_values: [40.0, 60.0, 80.0, 100.0, 120.0]
  thresholds  : min_quads=734, max_ad=15.0, min_jr=0.15

[Auto Sweep] Trying gradient_size=40.0
  binary       : /root/SemanPartMesh/quad_extract/build/extract_quad_mesh
  input mesh   : /root/SemanPartMesh/compare_8d46740c472f9d36b7a04b65023ffc59_ns3000_50k_topologyloss_20260509_123544/pipeline/quad_meshes/8d46740c472f9d36b7a04b65023ffc59_quad_chunks/outputs/chunk_000_quad_extract_work/chunk_000_quad_repaired.obj
  cross field  : /root/SemanPartMesh/compare_8d46740c472f9d36b7a04b65023ffc59_ns3000_50k_topologyloss_20260509_123544/pipeline/quad_meshes/8d46740c472f9d36b7a04b65023ffc59_quad_chunks/outputs/chunk_000_quad_extract_work/chunk_000_quad_repaired_cf.txt
  output       : /root/SemanPartMesh/compare_8d46740c472f9d36b7a04b65023ffc59_ns3000_50k_topologyloss_20260509_123544/pipeline/quad_meshes/8d46740c472f9d36b7a04b65023ffc59_quad_chunks/outputs/chunk_000_quad_extract_work/chunk_000_quad_gs40.obj
  gradient_size: 40.0  timeout: 3600s

  RESULT [valid] n_quads=1413 AD_mean=6.287deg JR_min=0.2228 SJ_mean=0.9789

[Auto Sweep] Trying gradient_size=60.0
  binary       : /root/SemanPartMesh/quad_extract/build/extract_quad_mesh
  input mesh   : /root/SemanPartMesh/compare_8d46740c472f9d36b7a04b65023ffc59_ns3000_50k_topologyloss_20260509_123544/pipeline/quad_meshes/8d46740c472f9d36b7a04b65023ffc59_quad_chunks/outputs/chunk_000_quad_extract_work/chunk_000_quad_repaired.obj
  cross field  : /root/SemanPartMesh/compare_8d46740c472f9d36b7a04b65023ffc59_ns3000_50k_topologyloss_20260509_123544/pipeline/quad_meshes/8d46740c472f9d36b7a04b65023ffc59_quad_chunks/outputs/chunk_000_quad_extract_work/chunk_000_quad_repaired_cf.txt
  output       : /root/SemanPartMesh/compare_8d46740c472f9d36b7a04b65023ffc59_ns3000_50k_topologyloss_20260509_123544/pipeline/quad_meshes/8d46740c472f9d36b7a04b65023ffc59_quad_chunks/outputs/chunk_000_quad_extract_work/chunk_000_quad_gs60.obj
  gradient_size: 60.0  timeout: 3600s

  RESULT [valid] n_quads=3271 AD_mean=5.133deg JR_min=0.3216 SJ_mean=0.9866

[Auto Sweep] Trying gradient_size=80.0
  binary       : /root/SemanPartMesh/quad_extract/build/extract_quad_mesh
  input mesh   : /root/SemanPartMesh/compare_8d46740c472f9d36b7a04b65023ffc59_ns3000_50k_topologyloss_20260509_123544/pipeline/quad_meshes/8d46740c472f9d36b7a04b65023ffc59_quad_chunks/outputs/chunk_000_quad_extract_work/chunk_000_quad_repaired.obj
  cross field  : /root/SemanPartMesh/compare_8d46740c472f9d36b7a04b65023ffc59_ns3000_50k_topologyloss_20260509_123544/pipeline/quad_meshes/8d46740c472f9d36b7a04b65023ffc59_quad_chunks/outputs/chunk_000_quad_extract_work/chunk_000_quad_repaired_cf.txt
  output       : /root/SemanPartMesh/compare_8d46740c472f9d36b7a04b65023ffc59_ns3000_50k_topologyloss_20260509_123544/pipeline/quad_meshes/8d46740c472f9d36b7a04b65023ffc59_quad_chunks/outputs/chunk_000_quad_extract_work/chunk_000_quad_gs80.obj
  gradient_size: 80.0  timeout: 3600s

  RESULT [constraint-violating] n_quads=5855 AD_mean=4.877deg JR_min=0.1057 SJ_mean=0.9886

[Auto Sweep] Trying gradient_size=100.0
  binary       : /root/SemanPartMesh/quad_extract/build/extract_quad_mesh
  input mesh   : /root/SemanPartMesh/compare_8d46740c472f9d36b7a04b65023ffc59_ns3000_50k_topologyloss_20260509_123544/pipeline/quad_meshes/8d46740c472f9d36b7a04b65023ffc59_quad_chunks/outputs/chunk_000_quad_extract_work/chunk_000_quad_repaired.obj
  cross field  : /root/SemanPartMesh/compare_8d46740c472f9d36b7a04b65023ffc59_ns3000_50k_topologyloss_20260509_123544/pipeline/quad_meshes/8d46740c472f9d36b7a04b65023ffc59_quad_chunks/outputs/chunk_000_quad_extract_work/chunk_000_quad_repaired_cf.txt
  output       : /root/SemanPartMesh/compare_8d46740c472f9d36b7a04b65023ffc59_ns3000_50k_topologyloss_20260509_123544/pipeline/quad_meshes/8d46740c472f9d36b7a04b65023ffc59_quad_chunks/outputs/chunk_000_quad_extract_work/chunk_000_quad_gs100.obj
  gradient_size: 100.0  timeout: 3600s

  RESULT [valid] n_quads=9094 AD_mean=4.831deg JR_min=0.4312 SJ_mean=0.9897

[Auto Sweep] Trying gradient_size=120.0
  binary       : /root/SemanPartMesh/quad_extract/build/extract_quad_mesh
  input mesh   : /root/SemanPartMesh/compare_8d46740c472f9d36b7a04b65023ffc59_ns3000_50k_topologyloss_20260509_123544/pipeline/quad_meshes/8d46740c472f9d36b7a04b65023ffc59_quad_chunks/outputs/chunk_000_quad_extract_work/chunk_000_quad_repaired.obj
  cross field  : /root/SemanPartMesh/compare_8d46740c472f9d36b7a04b65023ffc59_ns3000_50k_topologyloss_20260509_123544/pipeline/quad_meshes/8d46740c472f9d36b7a04b65023ffc59_quad_chunks/outputs/chunk_000_quad_extract_work/chunk_000_quad_repaired_cf.txt
  output       : /root/SemanPartMesh/compare_8d46740c472f9d36b7a04b65023ffc59_ns3000_50k_topologyloss_20260509_123544/pipeline/quad_meshes/8d46740c472f9d36b7a04b65023ffc59_quad_chunks/outputs/chunk_000_quad_extract_work/chunk_000_quad_gs120.obj
  gradient_size: 120.0  timeout: 3600s

  RESULT [constraint-violating] n_quads=13182 AD_mean=4.949deg JR_min=0.0662 SJ_mean=0.9906

[Auto Sweep] Best candidate selected
  gradient_size: 100.0
  n_quads      : 9094
  AD_mean_deg  : 4.831
  JR_min       : 0.4312
  saved output : /root/SemanPartMesh/compare_8d46740c472f9d36b7a04b65023ffc59_ns3000_50k_topologyloss_20260509_123544/pipeline/quad_meshes/8d46740c472f9d36b7a04b65023ffc59_quad_chunks/outputs/chunk_000_quad.obj
  saved summary: /root/SemanPartMesh/compare_8d46740c472f9d36b7a04b65023ffc59_ns3000_50k_topologyloss_20260509_123544/pipeline/quad_meshes/8d46740c472f9d36b7a04b65023ffc59_quad_chunks/outputs/chunk_000_quad_extract_work/chunk_000_quad_sweep_summary.json
SUCCESS (Tier 0) -> /root/SemanPartMesh/compare_8d46740c472f9d36b7a04b65023ffc59_ns3000_50k_topologyloss_20260509_123544/pipeline/quad_meshes/8d46740c472f9d36b7a04b65023ffc59_quad_chunks/outputs/chunk_000_quad.obj
  intermediates kept: /root/SemanPartMesh/compare_8d46740c472f9d36b7a04b65023ffc59_ns3000_50k_topologyloss_20260509_123544/pipeline/quad_meshes/8d46740c472f9d36b7a04b65023ffc59_quad_chunks/outputs/chunk_000_quad_extract_work
[1/4] Loading mesh: /root/SemanPartMesh/compare_8d46740c472f9d36b7a04b65023ffc59_ns3000_50k_topologyloss_20260509_123544/pipeline/quad_meshes/8d46740c472f9d36b7a04b65023ffc59_quad_chunks/outputs/chunk_001_quad_extract_work/chunk_001_quad_repaired.obj
       V=7309 F=14618
[2/4] Loading cross field: /root/SemanPartMesh/compare_8d46740c472f9d36b7a04b65023ffc59_ns3000_50k_topologyloss_20260509_123544/pipeline/quad_meshes/8d46740c472f9d36b7a04b65023ffc59_quad_chunks/outputs/chunk_001_quad_extract_work/chunk_001_quad_repaired_cf.txt
       cross field rows=14618
[3/4] Running MIQ parameterization (gradient_size=40, stiffness=5, iters=5)...

 INITIALIZED SPARSE MATRIX OF 15796d x 15796d 

 INITIALIZED SPARSE MATRIX OF 1386d x 16004d 

 INITIALIZED VECTOR OF 15796d x 1 

 INITIALIZED VECTOR OF 1386d x 1 
Initital dimension: 16004 x 16004, number of constraints: 1386, number of integer variables: 332, use reordering: yes
make_constraints_independent took 0.0083899999999999999 s.
Constraint integration took 0.030915999999999999 s.
Constraint elimination took 0.022040000000000001 s.
Reindexing took 0.00046000000000000001 s.
eliminate_constraints took 0.053573999999999997 s.
Eliminated dimension: 14618 x 14618
#nonzeros: 183236
integer variables #: 124
continuous variables #: 14494
initial full solution
final full solution
 *** Statistics of MiSo Solver ***
Number of LOCAL iterations  = 58
Number of CG    iterations  = 58
Number of FULL  iterations  = 59
Number of ROUNDING          = 124
solve_multiple_rounding took 15.229421 s.
solve took 15.229543 s.
restore_eliminated_vars took 0.0018760000000000001 s.
solve took 15.294283999999999 s.
Maximum Distorsion 10.1137 
Maximum Laplacian 19.4073 
ITERATION 0 FLIPS 51 

 INITIALIZED SPARSE MATRIX OF 15796d x 15796d 

 INITIALIZED SPARSE MATRIX OF 1386d x 16004d 

 INITIALIZED VECTOR OF 15796d x 1 

 INITIALIZED VECTOR OF 1386d x 1 
Initital dimension: 16004 x 16004, number of constraints: 1386, number of integer variables: 332, use reordering: yes
make_constraints_independent took 0.0073220000000000004 s.
Constraint integration took 0.029240000000000002 s.
Constraint elimination took 0.018651000000000001 s.
Reindexing took 0.00042499999999999998 s.
eliminate_constraints took 0.048474000000000003 s.
Eliminated dimension: 14618 x 14618
#nonzeros: 183064
integer variables #: 124
continuous variables #: 14494
initial full solution
final full solution
 *** Statistics of MiSo Solver ***
Number of LOCAL iterations  = 54
Number of CG    iterations  = 54
Number of FULL  iterations  = 56
Number of ROUNDING          = 124
solve_multiple_rounding took 14.214523 s.
solve took 14.214642 s.
restore_eliminated_vars took 0.0018710000000000001 s.
solve took 14.273673 s.
Maximum Distorsion 6.3695 
Maximum Laplacian 15.7626 
ITERATION 1 FLIPS 30 

 INITIALIZED SPARSE MATRIX OF 15796d x 15796d 

 INITIALIZED SPARSE MATRIX OF 1386d x 16004d 

 INITIALIZED VECTOR OF 15796d x 1 

 INITIALIZED VECTOR OF 1386d x 1 
Initital dimension: 16004 x 16004, number of constraints: 1386, number of integer variables: 332, use reordering: yes
make_constraints_independent took 0.0073109999999999998 s.
Constraint integration took 0.028841000000000002 s.
Constraint elimination took 0.018841999999999998 s.
Reindexing took 0.00042099999999999999 s.
eliminate_constraints took 0.048257000000000001 s.
Eliminated dimension: 14618 x 14618
#nonzeros: 182776
integer variables #: 124
continuous variables #: 14494
initial full solution
final full solution
 *** Statistics of MiSo Solver ***
Number of LOCAL iterations  = 55
Number of CG    iterations  = 55
Number of FULL  iterations  = 57
Number of ROUNDING          = 124
solve_multiple_rounding took 14.503997999999999 s.
solve took 14.504127 s.
restore_eliminated_vars took 0.0019070000000000001 s.
solve took 14.562821 s.
Maximum Distorsion 6.0987 
Maximum Laplacian 14.0850 
ITERATION 2 FLIPS 39 

 INITIALIZED SPARSE MATRIX OF 15796d x 15796d 

 INITIALIZED SPARSE MATRIX OF 1386d x 16004d 

 INITIALIZED VECTOR OF 15796d x 1 

 INITIALIZED VECTOR OF 1386d x 1 
Initital dimension: 16004 x 16004, number of constraints: 1386, number of integer variables: 332, use reordering: yes
make_constraints_independent took 0.0073119999999999999 s.
Constraint integration took 0.030141999999999999 s.
Constraint elimination took 0.022451000000000002 s.
Reindexing took 0.00040100000000000004 s.
eliminate_constraints took 0.053166999999999999 s.
Eliminated dimension: 14618 x 14618
#nonzeros: 183058
integer variables #: 124
continuous variables #: 14494
initial full solution
final full solution
 *** Statistics of MiSo Solver ***
Number of LOCAL iterations  = 57
Number of CG    iterations  = 57
Number of FULL  iterations  = 59
Number of ROUNDING          = 124
solve_multiple_rounding took 14.926242 s.
solve took 14.926354999999999 s.
restore_eliminated_vars took 0.0019470000000000002 s.
solve took 14.990226 s.
Maximum Distorsion 5.8516 
Maximum Laplacian 12.0532 
ITERATION 3 FLIPS 49 

 INITIALIZED SPARSE MATRIX OF 15796d x 15796d 

 INITIALIZED SPARSE MATRIX OF 1386d x 16004d 

 INITIALIZED VECTOR OF 15796d x 1 

 INITIALIZED VECTOR OF 1386d x 1 
Initital dimension: 16004 x 16004, number of constraints: 1386, number of integer variables: 332, use reordering: yes
make_constraints_independent took 0.0074819999999999999 s.
Constraint integration took 0.029489000000000001 s.
Constraint elimination took 0.018882000000000003 s.
Reindexing took 0.00040800000000000005 s.
eliminate_constraints took 0.048936999999999994 s.
Eliminated dimension: 14618 x 14618
#nonzeros: 183074
integer variables #: 124
continuous variables #: 14494
initial full solution
final full solution
 *** Statistics of MiSo Solver ***
Number of LOCAL iterations  = 57
Number of CG    iterations  = 57
Number of FULL  iterations  = 59
Number of ROUNDING          = 124
solve_multiple_rounding took 14.915229999999999 s.
solve took 14.91536 s.
restore_eliminated_vars took 0.0019010000000000001 s.
solve took 14.974845999999999 s.
Maximum Distorsion 3.9402 
Maximum Laplacian 8.9712 
ITERATION 4 FLIPS 38 
**** END OPTIMIZING #FLIPS 38  ****
       UV=7898 FUV=14618
[4/4] Extracting quad mesh with libQEx...
       Quad vertices=1442 Quad faces=1442
Output saved to: /root/SemanPartMesh/compare_8d46740c472f9d36b7a04b65023ffc59_ns3000_50k_topologyloss_20260509_123544/pipeline/quad_meshes/8d46740c472f9d36b7a04b65023ffc59_quad_chunks/outputs/chunk_001_quad_extract_work/chunk_001_quad_gs40.obj

 Closed: Sat May 09 13:23:53 2026

[1/4] Loading mesh: /root/SemanPartMesh/compare_8d46740c472f9d36b7a04b65023ffc59_ns3000_50k_topologyloss_20260509_123544/pipeline/quad_meshes/8d46740c472f9d36b7a04b65023ffc59_quad_chunks/outputs/chunk_001_quad_extract_work/chunk_001_quad_repaired.obj
       V=7309 F=14618
[2/4] Loading cross field: /root/SemanPartMesh/compare_8d46740c472f9d36b7a04b65023ffc59_ns3000_50k_topologyloss_20260509_123544/pipeline/quad_meshes/8d46740c472f9d36b7a04b65023ffc59_quad_chunks/outputs/chunk_001_quad_extract_work/chunk_001_quad_repaired_cf.txt
       cross field rows=14618
[3/4] Running MIQ parameterization (gradient_size=60, stiffness=5, iters=5)...

 INITIALIZED SPARSE MATRIX OF 15796d x 15796d 

 INITIALIZED SPARSE MATRIX OF 1386d x 16004d 

 INITIALIZED VECTOR OF 15796d x 1 

 INITIALIZED VECTOR OF 1386d x 1 
Initital dimension: 16004 x 16004, number of constraints: 1386, number of integer variables: 332, use reordering: yes
make_constraints_independent took 0.0081630000000000001 s.
Constraint integration took 0.031419000000000002 s.
Constraint elimination took 0.021737000000000003 s.
Reindexing took 0.00040700000000000003 s.
eliminate_constraints took 0.053704999999999996 s.
Eliminated dimension: 14618 x 14618
#nonzeros: 183236
integer variables #: 124
continuous variables #: 14494
initial full solution
final full solution
 *** Statistics of MiSo Solver ***
Number of LOCAL iterations  = 59
Number of CG    iterations  = 59
Number of FULL  iterations  = 60
Number of ROUNDING          = 124
solve_multiple_rounding took 15.749076000000001 s.
solve took 15.749191999999999 s.
restore_eliminated_vars took 0.0020169999999999997 s.
solve took 15.815189 s.
Maximum Distorsion 5.8023 
Maximum Laplacian 13.6677 
ITERATION 0 FLIPS 38 

 INITIALIZED SPARSE MATRIX OF 15796d x 15796d 

 INITIALIZED SPARSE MATRIX OF 1386d x 16004d 

 INITIALIZED VECTOR OF 15796d x 1 

 INITIALIZED VECTOR OF 1386d x 1 
Initital dimension: 16004 x 16004, number of constraints: 1386, number of integer variables: 332, use reordering: yes
make_constraints_independent took 0.0073900000000000007 s.
Constraint integration took 0.029828 s.
Constraint elimination took 0.020577999999999999 s.
Reindexing took 0.00040800000000000005 s.
eliminate_constraints took 0.050951000000000003 s.
Eliminated dimension: 14618 x 14618
#nonzeros: 182881
integer variables #: 124
continuous variables #: 14494
initial full solution
final full solution
 *** Statistics of MiSo Solver ***
Number of LOCAL iterations  = 62
Number of CG    iterations  = 62
Number of FULL  iterations  = 64
Number of ROUNDING          = 124
solve_multiple_rounding took 16.812071 s.
solve took 16.812187999999999 s.
restore_eliminated_vars took 0.0021540000000000001 s.
solve took 16.873687 s.
Maximum Distorsion 5.1202 
Maximum Laplacian 13.2682 
ITERATION 1 FLIPS 24 

 INITIALIZED SPARSE MATRIX OF 15796d x 15796d 

 INITIALIZED SPARSE MATRIX OF 1386d x 16004d 

 INITIALIZED VECTOR OF 15796d x 1 

 INITIALIZED VECTOR OF 1386d x 1 
Initital dimension: 16004 x 16004, number of constraints: 1386, number of integer variables: 332, use reordering: yes
make_constraints_independent took 0.0072389999999999998 s.
Constraint integration took 0.031154000000000001 s.
Constraint elimination took 0.018336000000000002 s.
Reindexing took 0.00040400000000000001 s.
eliminate_constraints took 0.050033000000000001 s.
Eliminated dimension: 14618 x 14618
#nonzeros: 183064
integer variables #: 124
continuous variables #: 14494
initial full solution
final full solution
 *** Statistics of MiSo Solver ***
Number of LOCAL iterations  = 57
Number of CG    iterations  = 57
Number of FULL  iterations  = 59
Number of ROUNDING          = 124
solve_multiple_rounding took 15.899963 s.
solve took 15.900067999999999 s.
restore_eliminated_vars took 0.0019120000000000001 s.
solve took 15.960362 s.
Maximum Distorsion 5.8771 
Maximum Laplacian 14.6579 
ITERATION 2 FLIPS 25 

 INITIALIZED SPARSE MATRIX OF 15796d x 15796d 

 INITIALIZED SPARSE MATRIX OF 1386d x 16004d 

 INITIALIZED VECTOR OF 15796d x 1 

 INITIALIZED VECTOR OF 1386d x 1 
Initital dimension: 16004 x 16004, number of constraints: 1386, number of integer variables: 332, use reordering: yes
make_constraints_independent took 0.0080499999999999999 s.
Constraint integration took 0.032176999999999997 s.
Constraint elimination took 0.021925 s.
Reindexing took 0.00041799999999999997 s.
eliminate_constraints took 0.054672000000000005 s.
Eliminated dimension: 14618 x 14618
#nonzeros: 183024
integer variables #: 124
continuous variables #: 14494
initial full solution
final full solution
 *** Statistics of MiSo Solver ***
Number of LOCAL iterations  = 54
Number of CG    iterations  = 54
Number of FULL  iterations  = 56
Number of ROUNDING          = 124
solve_multiple_rounding took 14.879288000000001 s.
solve took 14.879412 s.
restore_eliminated_vars took 0.0019000000000000002 s.
solve took 14.94515 s.
Maximum Distorsion 5.3715 
Maximum Laplacian 13.1587 
ITERATION 3 FLIPS 23 

 INITIALIZED SPARSE MATRIX OF 15796d x 15796d 

 INITIALIZED SPARSE MATRIX OF 1386d x 16004d 

 INITIALIZED VECTOR OF 15796d x 1 

 INITIALIZED VECTOR OF 1386d x 1 
Initital dimension: 16004 x 16004, number of constraints: 1386, number of integer variables: 332, use reordering: yes
make_constraints_independent took 0.0076829999999999997 s.
Constraint integration took 0.030533000000000001 s.
Constraint elimination took 0.019429000000000002 s.
Reindexing took 0.00058999999999999992 s.
eliminate_constraints took 0.050733000000000007 s.
Eliminated dimension: 14618 x 14618
#nonzeros: 183454
integer variables #: 124
continuous variables #: 14494
initial full solution
final full solution
 *** Statistics of MiSo Solver ***
Number of LOCAL iterations  = 54
Number of CG    iterations  = 54
Number of FULL  iterations  = 56
Number of ROUNDING          = 124
solve_multiple_rounding took 14.714960999999999 s.
solve took 14.715084999999998 s.
restore_eliminated_vars took 0.0020089999999999999 s.
solve took 14.776712999999999 s.
Maximum Distorsion 4.9857 
Maximum Laplacian 9.1035 
ITERATION 4 FLIPS 32 
**** END OPTIMIZING #FLIPS 32  ****
       UV=7898 FUV=14618
[4/4] Extracting quad mesh with libQEx...
       Quad vertices=3281 Quad faces=3281
Output saved to: /root/SemanPartMesh/compare_8d46740c472f9d36b7a04b65023ffc59_ns3000_50k_topologyloss_20260509_123544/pipeline/quad_meshes/8d46740c472f9d36b7a04b65023ffc59_quad_chunks/outputs/chunk_001_quad_extract_work/chunk_001_quad_gs60.obj

 Closed: Sat May 09 13:25:13 2026

[1/4] Loading mesh: /root/SemanPartMesh/compare_8d46740c472f9d36b7a04b65023ffc59_ns3000_50k_topologyloss_20260509_123544/pipeline/quad_meshes/8d46740c472f9d36b7a04b65023ffc59_quad_chunks/outputs/chunk_001_quad_extract_work/chunk_001_quad_repaired.obj
       V=7309 F=14618
[2/4] Loading cross field: /root/SemanPartMesh/compare_8d46740c472f9d36b7a04b65023ffc59_ns3000_50k_topologyloss_20260509_123544/pipeline/quad_meshes/8d46740c472f9d36b7a04b65023ffc59_quad_chunks/outputs/chunk_001_quad_extract_work/chunk_001_quad_repaired_cf.txt
       cross field rows=14618
[3/4] Running MIQ parameterization (gradient_size=80, stiffness=5, iters=5)...

 INITIALIZED SPARSE MATRIX OF 15796d x 15796d 

 INITIALIZED SPARSE MATRIX OF 1386d x 16004d 

 INITIALIZED VECTOR OF 15796d x 1 

 INITIALIZED VECTOR OF 1386d x 1 
Initital dimension: 16004 x 16004, number of constraints: 1386, number of integer variables: 332, use reordering: yes
make_constraints_independent took 0.0081530000000000005 s.
Constraint integration took 0.031111 s.
Constraint elimination took 0.023075999999999999 s.
Reindexing took 0.00043199999999999998 s.
eliminate_constraints took 0.054776000000000005 s.
Eliminated dimension: 14618 x 14618
#nonzeros: 183236
integer variables #: 124
continuous variables #: 14494
initial full solution
final full solution
 *** Statistics of MiSo Solver ***
Number of LOCAL iterations  = 61
Number of CG    iterations  = 61
Number of FULL  iterations  = 63
Number of ROUNDING          = 124
solve_multiple_rounding took 16.251829000000001 s.
solve took 16.251965999999999 s.
restore_eliminated_vars took 0.0022229999999999997 s.
solve took 16.319497999999999 s.
Maximum Distorsion 12.7670 
Maximum Laplacian 26.4987 
ITERATION 0 FLIPS 32 

 INITIALIZED SPARSE MATRIX OF 15796d x 15796d 

 INITIALIZED SPARSE MATRIX OF 1386d x 16004d 

 INITIALIZED VECTOR OF 15796d x 1 

 INITIALIZED VECTOR OF 1386d x 1 
Initital dimension: 16004 x 16004, number of constraints: 1386, number of integer variables: 332, use reordering: yes
make_constraints_independent took 0.0073010000000000002 s.
Constraint integration took 0.030274000000000002 s.
Constraint elimination took 0.020617 s.
Reindexing took 0.00042299999999999998 s.
eliminate_constraints took 0.051453000000000006 s.
Eliminated dimension: 14618 x 14618
#nonzeros: 183357
integer variables #: 124
continuous variables #: 14494
initial full solution
final full solution
 *** Statistics of MiSo Solver ***
Number of LOCAL iterations  = 61
Number of CG    iterations  = 61
Number of FULL  iterations  = 63
Number of ROUNDING          = 124
solve_multiple_rounding took 16.307554 s.
solve took 16.307668 s.
restore_eliminated_vars took 0.002 s.
solve took 16.369199999999999 s.
Maximum Distorsion 5.5405 
Maximum Laplacian 14.5337 
ITERATION 1 FLIPS 28 

 INITIALIZED SPARSE MATRIX OF 15796d x 15796d 

 INITIALIZED SPARSE MATRIX OF 1386d x 16004d 

 INITIALIZED VECTOR OF 15796d x 1 

 INITIALIZED VECTOR OF 1386d x 1 
Initital dimension: 16004 x 16004, number of constraints: 1386, number of integer variables: 332, use reordering: yes
make_constraints_independent took 0.007281000000000001 s.
Constraint integration took 0.030279 s.
Constraint elimination took 0.018977000000000001 s.
Reindexing took 0.00040400000000000001 s.
eliminate_constraints took 0.049785000000000003 s.
Eliminated dimension: 14618 x 14618
#nonzeros: 182934
integer variables #: 124
continuous variables #: 14494
initial full solution
final full solution
 *** Statistics of MiSo Solver ***
Number of LOCAL iterations  = 60
Number of CG    iterations  = 60
Number of FULL  iterations  = 62
Number of ROUNDING          = 124
solve_multiple_rounding took 16.035516999999999 s.
solve took 16.035643 s.
restore_eliminated_vars took 0.001946 s.
solve took 16.095781000000002 s.
Maximum Distorsion 4.9463 
Maximum Laplacian 11.2042 
ITERATION 2 FLIPS 15 

 INITIALIZED SPARSE MATRIX OF 15796d x 15796d 

 INITIALIZED SPARSE MATRIX OF 1386d x 16004d 

 INITIALIZED VECTOR OF 15796d x 1 

 INITIALIZED VECTOR OF 1386d x 1 
Initital dimension: 16004 x 16004, number of constraints: 1386, number of integer variables: 332, use reordering: yes
make_constraints_independent took 0.0074080000000000005 s.
Constraint integration took 0.030013999999999999 s.
Constraint elimination took 0.019165999999999999 s.
Reindexing took 0.000406 s.
eliminate_constraints took 0.049716999999999997 s.
Eliminated dimension: 14618 x 14618
#nonzeros: 183350
integer variables #: 124
continuous variables #: 14494
initial full solution
final full solution
 *** Statistics of MiSo Solver ***
Number of LOCAL iterations  = 60
Number of CG    iterations  = 60
Number of FULL  iterations  = 62
Number of ROUNDING          = 124
solve_multiple_rounding took 15.887088 s.
solve took 15.887201999999998 s.
restore_eliminated_vars took 0.0020049999999999998 s.
solve took 15.947149 s.
Maximum Distorsion 4.6149 
Maximum Laplacian 10.2822 
ITERATION 3 FLIPS 23 

 INITIALIZED SPARSE MATRIX OF 15796d x 15796d 

 INITIALIZED SPARSE MATRIX OF 1386d x 16004d 

 INITIALIZED VECTOR OF 15796d x 1 

 INITIALIZED VECTOR OF 1386d x 1 
Initital dimension: 16004 x 16004, number of constraints: 1386, number of integer variables: 332, use reordering: yes
make_constraints_independent took 0.0072969999999999997 s.
Constraint integration took 0.029697999999999999 s.
Constraint elimination took 0.018725000000000002 s.
Reindexing took 0.00042099999999999999 s.
eliminate_constraints took 0.048999000000000001 s.
Eliminated dimension: 14618 x 14618
#nonzeros: 183334
integer variables #: 124
continuous variables #: 14494
initial full solution
final full solution
 *** Statistics of MiSo Solver ***
Number of LOCAL iterations  = 62
Number of CG    iterations  = 62
Number of FULL  iterations  = 64
Number of ROUNDING          = 124
solve_multiple_rounding took 16.402733000000001 s.
solve took 16.402866000000003 s.
restore_eliminated_vars took 0.0020400000000000001 s.
solve took 16.462402999999998 s.
Maximum Distorsion 3.9360 
Maximum Laplacian 8.1900 
ITERATION 4 FLIPS 13 
**** END OPTIMIZING #FLIPS 13  ****
       UV=7898 FUV=14618
[4/4] Extracting quad mesh with libQEx...
       Quad vertices=5844 Quad faces=5844
Output saved to: /root/SemanPartMesh/compare_8d46740c472f9d36b7a04b65023ffc59_ns3000_50k_topologyloss_20260509_123544/pipeline/quad_meshes/8d46740c472f9d36b7a04b65023ffc59_quad_chunks/outputs/chunk_001_quad_extract_work/chunk_001_quad_gs80.obj

 Closed: Sat May 09 13:26:36 2026

[1/4] Loading mesh: /root/SemanPartMesh/compare_8d46740c472f9d36b7a04b65023ffc59_ns3000_50k_topologyloss_20260509_123544/pipeline/quad_meshes/8d46740c472f9d36b7a04b65023ffc59_quad_chunks/outputs/chunk_001_quad_extract_work/chunk_001_quad_repaired.obj
       V=7309 F=14618
[2/4] Loading cross field: /root/SemanPartMesh/compare_8d46740c472f9d36b7a04b65023ffc59_ns3000_50k_topologyloss_20260509_123544/pipeline/quad_meshes/8d46740c472f9d36b7a04b65023ffc59_quad_chunks/outputs/chunk_001_quad_extract_work/chunk_001_quad_repaired_cf.txt
       cross field rows=14618
[3/4] Running MIQ parameterization (gradient_size=100, stiffness=5, iters=5)...

 INITIALIZED SPARSE MATRIX OF 15796d x 15796d 

 INITIALIZED SPARSE MATRIX OF 1386d x 16004d 

 INITIALIZED VECTOR OF 15796d x 1 

 INITIALIZED VECTOR OF 1386d x 1 
Initital dimension: 16004 x 16004, number of constraints: 1386, number of integer variables: 332, use reordering: yes
make_constraints_independent took 0.0081320000000000003 s.
Constraint integration took 0.032411999999999996 s.
Constraint elimination took 0.022123999999999998 s.
Reindexing took 0.000406 s.
eliminate_constraints took 0.05509 s.
Eliminated dimension: 14618 x 14618
#nonzeros: 183236
integer variables #: 124
continuous variables #: 14494
initial full solution
final full solution
 *** Statistics of MiSo Solver ***
Number of LOCAL iterations  = 65
Number of CG    iterations  = 65
Number of FULL  iterations  = 66
Number of ROUNDING          = 124
solve_multiple_rounding took 16.995497 s.
solve took 16.995601999999998 s.
restore_eliminated_vars took 0.0020279999999999999 s.
solve took 17.063127000000001 s.
Maximum Distorsion 5.2403 
Maximum Laplacian 13.5481 
ITERATION 0 FLIPS 17 

 INITIALIZED SPARSE MATRIX OF 15796d x 15796d 

 INITIALIZED SPARSE MATRIX OF 1386d x 16004d 

 INITIALIZED VECTOR OF 15796d x 1 

 INITIALIZED VECTOR OF 1386d x 1 
Initital dimension: 16004 x 16004, number of constraints: 1386, number of integer variables: 332, use reordering: yes
make_constraints_independent took 0.0072789999999999999 s.
Constraint integration took 0.030278000000000003 s.
Constraint elimination took 0.020513 s.
Reindexing took 0.00040700000000000003 s.
eliminate_constraints took 0.051325000000000003 s.
Eliminated dimension: 14618 x 14618
#nonzeros: 182828
integer variables #: 124
continuous variables #: 14494
initial full solution
final full solution
 *** Statistics of MiSo Solver ***
Number of LOCAL iterations  = 53
Number of CG    iterations  = 53
Number of FULL  iterations  = 55
Number of ROUNDING          = 124
solve_multiple_rounding took 13.960913 s.
solve took 13.961024 s.
restore_eliminated_vars took 0.0019919999999999998 s.
solve took 14.022461999999999 s.
Maximum Distorsion 4.4727 
Maximum Laplacian 10.2716 
ITERATION 1 FLIPS 22 

 INITIALIZED SPARSE MATRIX OF 15796d x 15796d 

 INITIALIZED SPARSE MATRIX OF 1386d x 16004d 

 INITIALIZED VECTOR OF 15796d x 1 

 INITIALIZED VECTOR OF 1386d x 1 
Initital dimension: 16004 x 16004, number of constraints: 1386, number of integer variables: 332, use reordering: yes
make_constraints_independent took 0.0072789999999999999 s.
Constraint integration took 0.030082000000000001 s.
Constraint elimination took 0.018770999999999999 s.
Reindexing took 0.00046300000000000003 s.
eliminate_constraints took 0.049477000000000007 s.
Eliminated dimension: 14618 x 14618
#nonzeros: 183267
integer variables #: 124
continuous variables #: 14494
initial full solution
final full solution
 *** Statistics of MiSo Solver ***
Number of LOCAL iterations  = 60
Number of CG    iterations  = 60
Number of FULL  iterations  = 62
Number of ROUNDING          = 124
solve_multiple_rounding took 16.047605999999998 s.
solve took 16.047739 s.
restore_eliminated_vars took 0.0019919999999999998 s.
solve took 16.107295000000001 s.
Maximum Distorsion 8.1953 
Maximum Laplacian 19.2680 
ITERATION 2 FLIPS 17 

 INITIALIZED SPARSE MATRIX OF 15796d x 15796d 

 INITIALIZED SPARSE MATRIX OF 1386d x 16004d 

 INITIALIZED VECTOR OF 15796d x 1 

 INITIALIZED VECTOR OF 1386d x 1 
Initital dimension: 16004 x 16004, number of constraints: 1386, number of integer variables: 332, use reordering: yes
make_constraints_independent took 0.0074920000000000004 s.
Constraint integration took 0.030338 s.
Constraint elimination took 0.020905999999999998 s.
Reindexing took 0.00040400000000000001 s.
eliminate_constraints took 0.051777999999999998 s.
Eliminated dimension: 14618 x 14618
#nonzeros: 183210
integer variables #: 124
continuous variables #: 14494
initial full solution
final full solution
 *** Statistics of MiSo Solver ***
Number of LOCAL iterations  = 60
Number of CG    iterations  = 60
Number of FULL  iterations  = 62
Number of ROUNDING          = 124
solve_multiple_rounding took 16.089434000000001 s.
solve took 16.089555000000001 s.
restore_eliminated_vars took 0.0019450000000000001 s.
solve took 16.152227 s.
Maximum Distorsion 23.6596 
Maximum Laplacian 44.9617 
ITERATION 3 FLIPS 20 

 INITIALIZED SPARSE MATRIX OF 15796d x 15796d 

 INITIALIZED SPARSE MATRIX OF 1386d x 16004d 

 INITIALIZED VECTOR OF 15796d x 1 

 INITIALIZED VECTOR OF 1386d x 1 
Initital dimension: 16004 x 16004, number of constraints: 1386, number of integer variables: 332, use reordering: yes
make_constraints_independent took 0.0076580000000000007 s.
Constraint integration took 0.030263999999999999 s.
Constraint elimination took 0.020216999999999999 s.
Reindexing took 0.00059199999999999997 s.
eliminate_constraints took 0.05126 s.
Eliminated dimension: 14618 x 14618
#nonzeros: 183319
integer variables #: 124
continuous variables #: 14494
initial full solution
final full solution
 *** Statistics of MiSo Solver ***
Number of LOCAL iterations  = 63
Number of CG    iterations  = 63
Number of FULL  iterations  = 65
Number of ROUNDING          = 124
solve_multiple_rounding took 16.572590000000002 s.
solve took 16.572728999999999 s.
restore_eliminated_vars took 0.002052 s.
solve took 16.63447 s.
Maximum Distorsion 23.6473 
Maximum Laplacian 45.0515 
ITERATION 4 FLIPS 11 
**** END OPTIMIZING #FLIPS 11  ****
       UV=7898 FUV=14618
[4/4] Extracting quad mesh with libQEx...
       Quad vertices=9127 Quad faces=9127
Output saved to: /root/SemanPartMesh/compare_8d46740c472f9d36b7a04b65023ffc59_ns3000_50k_topologyloss_20260509_123544/pipeline/quad_meshes/8d46740c472f9d36b7a04b65023ffc59_quad_chunks/outputs/chunk_001_quad_extract_work/chunk_001_quad_gs100.obj

 Closed: Sat May 09 13:27:57 2026

[1/4] Loading mesh: /root/SemanPartMesh/compare_8d46740c472f9d36b7a04b65023ffc59_ns3000_50k_topologyloss_20260509_123544/pipeline/quad_meshes/8d46740c472f9d36b7a04b65023ffc59_quad_chunks/outputs/chunk_001_quad_extract_work/chunk_001_quad_repaired.obj
       V=7309 F=14618
[2/4] Loading cross field: /root/SemanPartMesh/compare_8d46740c472f9d36b7a04b65023ffc59_ns3000_50k_topologyloss_20260509_123544/pipeline/quad_meshes/8d46740c472f9d36b7a04b65023ffc59_quad_chunks/outputs/chunk_001_quad_extract_work/chunk_001_quad_repaired_cf.txt
       cross field rows=14618
[3/4] Running MIQ parameterization (gradient_size=120, stiffness=5, iters=5)...

 INITIALIZED SPARSE MATRIX OF 15796d x 15796d 

 INITIALIZED SPARSE MATRIX OF 1386d x 16004d 

 INITIALIZED VECTOR OF 15796d x 1 

 INITIALIZED VECTOR OF 1386d x 1 
Initital dimension: 16004 x 16004, number of constraints: 1386, number of integer variables: 332, use reordering: yes
make_constraints_independent took 0.0081609999999999999 s.
Constraint integration took 0.030353000000000002 s.
Constraint elimination took 0.021572000000000001 s.
Reindexing took 0.00040700000000000003 s.
eliminate_constraints took 0.052475000000000001 s.
Eliminated dimension: 14618 x 14618
#nonzeros: 183236
integer variables #: 124
continuous variables #: 14494
initial full solution
final full solution
 *** Statistics of MiSo Solver ***
Number of LOCAL iterations  = 57
Number of CG    iterations  = 57
Number of FULL  iterations  = 58
Number of ROUNDING          = 124
solve_multiple_rounding took 14.848951999999999 s.
solve took 14.849069 s.
restore_eliminated_vars took 0.0020209999999999998 s.
solve took 14.914014 s.
Maximum Distorsion 4.3472 
Maximum Laplacian 11.6139 
ITERATION 0 FLIPS 21 

 INITIALIZED SPARSE MATRIX OF 15796d x 15796d 

 INITIALIZED SPARSE MATRIX OF 1386d x 16004d 

 INITIALIZED VECTOR OF 15796d x 1 

 INITIALIZED VECTOR OF 1386d x 1 
Initital dimension: 16004 x 16004, number of constraints: 1386, number of integer variables: 332, use reordering: yes
make_constraints_independent took 0.0072750000000000002 s.
Constraint integration took 0.033091000000000002 s.
Constraint elimination took 0.020501000000000002 s.
Reindexing took 0.00040800000000000005 s.
eliminate_constraints took 0.054160000000000007 s.
Eliminated dimension: 14618 x 14618
#nonzeros: 183122
integer variables #: 124
continuous variables #: 14494
initial full solution
final full solution
 *** Statistics of MiSo Solver ***
Number of LOCAL iterations  = 63
Number of CG    iterations  = 63
Number of FULL  iterations  = 64
Number of ROUNDING          = 124
solve_multiple_rounding took 16.584502000000001 s.
solve took 16.584623000000001 s.
restore_eliminated_vars took 0.001887 s.
solve took 16.648733 s.
Maximum Distorsion 4.3886 
Maximum Laplacian 7.9237 
ITERATION 1 FLIPS 8 

 INITIALIZED SPARSE MATRIX OF 15796d x 15796d 

 INITIALIZED SPARSE MATRIX OF 1386d x 16004d 

 INITIALIZED VECTOR OF 15796d x 1 

 INITIALIZED VECTOR OF 1386d x 1 
Initital dimension: 16004 x 16004, number of constraints: 1386, number of integer variables: 332, use reordering: yes
make_constraints_independent took 0.0072910000000000006 s.
Constraint integration took 0.029652000000000001 s.
Constraint elimination took 0.018756000000000002 s.
Reindexing took 0.00041400000000000003 s.
eliminate_constraints took 0.048968999999999999 s.
Eliminated dimension: 14618 x 14618
#nonzeros: 183345
integer variables #: 124
continuous variables #: 14494
initial full solution
final full solution
 *** Statistics of MiSo Solver ***
Number of LOCAL iterations  = 62
Number of CG    iterations  = 62
Number of FULL  iterations  = 64
Number of ROUNDING          = 124
solve_multiple_rounding took 16.183415999999998 s.
solve took 16.183548999999999 s.
restore_eliminated_vars took 0.001879 s.
solve took 16.242473 s.
Maximum Distorsion 7.3267 
Maximum Laplacian 17.2630 
ITERATION 2 FLIPS 14 

 INITIALIZED SPARSE MATRIX OF 15796d x 15796d 

 INITIALIZED SPARSE MATRIX OF 1386d x 16004d 

 INITIALIZED VECTOR OF 15796d x 1 

 INITIALIZED VECTOR OF 1386d x 1 
Initital dimension: 16004 x 16004, number of constraints: 1386, number of integer variables: 332, use reordering: yes
make_constraints_independent took 0.0072839999999999997 s.
Constraint integration took 0.029673000000000001 s.
Constraint elimination took 0.018248 s.
Reindexing took 0.000417 s.
eliminate_constraints took 0.048457999999999973 s.
Eliminated dimension: 14618 x 14618
#nonzeros: 182934
integer variables #: 124
continuous variables #: 14494
initial full solution
final full solution
 *** Statistics of MiSo Solver ***
Number of LOCAL iterations  = 65
Number of CG    iterations  = 65
Number of FULL  iterations  = 67
Number of ROUNDING          = 124
solve_multiple_rounding took 17.017074000000001 s.
solve took 17.017199999999999 s.
restore_eliminated_vars took 0.001895 s.
solve took 17.075632000000002 s.
Maximum Distorsion 18.5924 
Maximum Laplacian 34.9762 
ITERATION 3 FLIPS 11 

 INITIALIZED SPARSE MATRIX OF 15796d x 15796d 

 INITIALIZED SPARSE MATRIX OF 1386d x 16004d 

 INITIALIZED VECTOR OF 15796d x 1 

 INITIALIZED VECTOR OF 1386d x 1 
Initital dimension: 16004 x 16004, number of constraints: 1386, number of integer variables: 332, use reordering: yes
make_constraints_independent took 0.0074580000000000002 s.
Constraint integration took 0.029560000000000003 s.
Constraint elimination took 0.020454 s.
Reindexing took 0.00041799999999999997 s.
eliminate_constraints took 0.050560000000000001 s.
Eliminated dimension: 14618 x 14618
#nonzeros: 182883
integer variables #: 124
continuous variables #: 14494
initial full solution
final full solution
 *** Statistics of MiSo Solver ***
Number of LOCAL iterations  = 54
Number of CG    iterations  = 54
Number of FULL  iterations  = 55
Number of ROUNDING          = 124
solve_multiple_rounding took 14.065031000000001 s.
solve took 14.065154 s.
restore_eliminated_vars took 0.0018450000000000001 s.
solve took 14.125798000000001 s.
Maximum Distorsion 3.6208 
Maximum Laplacian 8.1037 
ITERATION 4 FLIPS 8 
**** END OPTIMIZING #FLIPS 8  ****
       UV=7898 FUV=14618
[4/4] Extracting quad mesh with libQEx...
       Quad vertices=12942 Quad faces=12942
Output saved to: /root/SemanPartMesh/compare_8d46740c472f9d36b7a04b65023ffc59_ns3000_50k_topologyloss_20260509_123544/pipeline/quad_meshes/8d46740c472f9d36b7a04b65023ffc59_quad_chunks/outputs/chunk_001_quad_extract_work/chunk_001_quad_gs120.obj

 Closed: Sat May 09 13:29:18 2026


==================================================
  [Tier 0] Standard repair pipeline
==================================================
  [repair] collapsed 3 degenerate edge(s), V: 7312->7309, F: 14624->14618

[Auto Sweep]
  mesh        : /root/SemanPartMesh/compare_8d46740c472f9d36b7a04b65023ffc59_ns3000_50k_topologyloss_20260509_123544/pipeline/quad_meshes/8d46740c472f9d36b7a04b65023ffc59_quad_chunks/outputs/chunk_001_quad_extract_work/chunk_001_quad_repaired.obj
  cross field : /root/SemanPartMesh/compare_8d46740c472f9d36b7a04b65023ffc59_ns3000_50k_topologyloss_20260509_123544/pipeline/quad_meshes/8d46740c472f9d36b7a04b65023ffc59_quad_chunks/outputs/chunk_001_quad_extract_work/chunk_001_quad_repaired_cf.txt
  output      : /root/SemanPartMesh/compare_8d46740c472f9d36b7a04b65023ffc59_ns3000_50k_topologyloss_20260509_123544/pipeline/quad_meshes/8d46740c472f9d36b7a04b65023ffc59_quad_chunks/outputs/chunk_001_quad.obj
  sweep_values: [40.0, 60.0, 80.0, 100.0, 120.0]
  thresholds  : min_quads=731, max_ad=15.0, min_jr=0.15

[Auto Sweep] Trying gradient_size=40.0
  binary       : /root/SemanPartMesh/quad_extract/build/extract_quad_mesh
  input mesh   : /root/SemanPartMesh/compare_8d46740c472f9d36b7a04b65023ffc59_ns3000_50k_topologyloss_20260509_123544/pipeline/quad_meshes/8d46740c472f9d36b7a04b65023ffc59_quad_chunks/outputs/chunk_001_quad_extract_work/chunk_001_quad_repaired.obj
  cross field  : /root/SemanPartMesh/compare_8d46740c472f9d36b7a04b65023ffc59_ns3000_50k_topologyloss_20260509_123544/pipeline/quad_meshes/8d46740c472f9d36b7a04b65023ffc59_quad_chunks/outputs/chunk_001_quad_extract_work/chunk_001_quad_repaired_cf.txt
  output       : /root/SemanPartMesh/compare_8d46740c472f9d36b7a04b65023ffc59_ns3000_50k_topologyloss_20260509_123544/pipeline/quad_meshes/8d46740c472f9d36b7a04b65023ffc59_quad_chunks/outputs/chunk_001_quad_extract_work/chunk_001_quad_gs40.obj
  gradient_size: 40.0  timeout: 3600s

  RESULT [valid] n_quads=1442 AD_mean=5.993deg JR_min=0.1847 SJ_mean=0.9805

[Auto Sweep] Trying gradient_size=60.0
  binary       : /root/SemanPartMesh/quad_extract/build/extract_quad_mesh
  input mesh   : /root/SemanPartMesh/compare_8d46740c472f9d36b7a04b65023ffc59_ns3000_50k_topologyloss_20260509_123544/pipeline/quad_meshes/8d46740c472f9d36b7a04b65023ffc59_quad_chunks/outputs/chunk_001_quad_extract_work/chunk_001_quad_repaired.obj
  cross field  : /root/SemanPartMesh/compare_8d46740c472f9d36b7a04b65023ffc59_ns3000_50k_topologyloss_20260509_123544/pipeline/quad_meshes/8d46740c472f9d36b7a04b65023ffc59_quad_chunks/outputs/chunk_001_quad_extract_work/chunk_001_quad_repaired_cf.txt
  output       : /root/SemanPartMesh/compare_8d46740c472f9d36b7a04b65023ffc59_ns3000_50k_topologyloss_20260509_123544/pipeline/quad_meshes/8d46740c472f9d36b7a04b65023ffc59_quad_chunks/outputs/chunk_001_quad_extract_work/chunk_001_quad_gs60.obj
  gradient_size: 60.0  timeout: 3600s

  RESULT [valid] n_quads=3281 AD_mean=5.697deg JR_min=0.1939 SJ_mean=0.9830

[Auto Sweep] Trying gradient_size=80.0
  binary       : /root/SemanPartMesh/quad_extract/build/extract_quad_mesh
  input mesh   : /root/SemanPartMesh/compare_8d46740c472f9d36b7a04b65023ffc59_ns3000_50k_topologyloss_20260509_123544/pipeline/quad_meshes/8d46740c472f9d36b7a04b65023ffc59_quad_chunks/outputs/chunk_001_quad_extract_work/chunk_001_quad_repaired.obj
  cross field  : /root/SemanPartMesh/compare_8d46740c472f9d36b7a04b65023ffc59_ns3000_50k_topologyloss_20260509_123544/pipeline/quad_meshes/8d46740c472f9d36b7a04b65023ffc59_quad_chunks/outputs/chunk_001_quad_extract_work/chunk_001_quad_repaired_cf.txt
  output       : /root/SemanPartMesh/compare_8d46740c472f9d36b7a04b65023ffc59_ns3000_50k_topologyloss_20260509_123544/pipeline/quad_meshes/8d46740c472f9d36b7a04b65023ffc59_quad_chunks/outputs/chunk_001_quad_extract_work/chunk_001_quad_gs80.obj
  gradient_size: 80.0  timeout: 3600s

  RESULT [constraint-violating] n_quads=5844 AD_mean=5.089deg JR_min=0.1057 SJ_mean=0.9867

[Auto Sweep] Trying gradient_size=100.0
  binary       : /root/SemanPartMesh/quad_extract/build/extract_quad_mesh
  input mesh   : /root/SemanPartMesh/compare_8d46740c472f9d36b7a04b65023ffc59_ns3000_50k_topologyloss_20260509_123544/pipeline/quad_meshes/8d46740c472f9d36b7a04b65023ffc59_quad_chunks/outputs/chunk_001_quad_extract_work/chunk_001_quad_repaired.obj
  cross field  : /root/SemanPartMesh/compare_8d46740c472f9d36b7a04b65023ffc59_ns3000_50k_topologyloss_20260509_123544/pipeline/quad_meshes/8d46740c472f9d36b7a04b65023ffc59_quad_chunks/outputs/chunk_001_quad_extract_work/chunk_001_quad_repaired_cf.txt
  output       : /root/SemanPartMesh/compare_8d46740c472f9d36b7a04b65023ffc59_ns3000_50k_topologyloss_20260509_123544/pipeline/quad_meshes/8d46740c472f9d36b7a04b65023ffc59_quad_chunks/outputs/chunk_001_quad_extract_work/chunk_001_quad_gs100.obj
  gradient_size: 100.0  timeout: 3600s

  RESULT [valid] n_quads=9127 AD_mean=5.040deg JR_min=0.2015 SJ_mean=0.9886

[Auto Sweep] Trying gradient_size=120.0
  binary       : /root/SemanPartMesh/quad_extract/build/extract_quad_mesh
  input mesh   : /root/SemanPartMesh/compare_8d46740c472f9d36b7a04b65023ffc59_ns3000_50k_topologyloss_20260509_123544/pipeline/quad_meshes/8d46740c472f9d36b7a04b65023ffc59_quad_chunks/outputs/chunk_001_quad_extract_work/chunk_001_quad_repaired.obj
  cross field  : /root/SemanPartMesh/compare_8d46740c472f9d36b7a04b65023ffc59_ns3000_50k_topologyloss_20260509_123544/pipeline/quad_meshes/8d46740c472f9d36b7a04b65023ffc59_quad_chunks/outputs/chunk_001_quad_extract_work/chunk_001_quad_repaired_cf.txt
  output       : /root/SemanPartMesh/compare_8d46740c472f9d36b7a04b65023ffc59_ns3000_50k_topologyloss_20260509_123544/pipeline/quad_meshes/8d46740c472f9d36b7a04b65023ffc59_quad_chunks/outputs/chunk_001_quad_extract_work/chunk_001_quad_gs120.obj
  gradient_size: 120.0  timeout: 3600s

  RESULT [valid] n_quads=12942 AD_mean=4.439deg JR_min=0.2670 SJ_mean=0.9911

[Auto Sweep] Best candidate selected
  gradient_size: 120.0
  n_quads      : 12942
  AD_mean_deg  : 4.439
  JR_min       : 0.2670
  saved output : /root/SemanPartMesh/compare_8d46740c472f9d36b7a04b65023ffc59_ns3000_50k_topologyloss_20260509_123544/pipeline/quad_meshes/8d46740c472f9d36b7a04b65023ffc59_quad_chunks/outputs/chunk_001_quad.obj
  saved summary: /root/SemanPartMesh/compare_8d46740c472f9d36b7a04b65023ffc59_ns3000_50k_topologyloss_20260509_123544/pipeline/quad_meshes/8d46740c472f9d36b7a04b65023ffc59_quad_chunks/outputs/chunk_001_quad_extract_work/chunk_001_quad_sweep_summary.json
SUCCESS (Tier 0) -> /root/SemanPartMesh/compare_8d46740c472f9d36b7a04b65023ffc59_ns3000_50k_topologyloss_20260509_123544/pipeline/quad_meshes/8d46740c472f9d36b7a04b65023ffc59_quad_chunks/outputs/chunk_001_quad.obj
  intermediates kept: /root/SemanPartMesh/compare_8d46740c472f9d36b7a04b65023ffc59_ns3000_50k_topologyloss_20260509_123544/pipeline/quad_meshes/8d46740c472f9d36b7a04b65023ffc59_quad_chunks/outputs/chunk_001_quad_extract_work
Found 1 mesh(es) to process:

  - 8d46740c472f9d36b7a04b65023ffc59.obj

============================================================
  Stage 1: PartField feature extraction
============================================================
  8d46740c472f9d36b7a04b65023ffc59.obj  kept as-is  (faces=29314)

[Stage 1] PartField inference
  python : /root/.conda/envs/partfield/bin/python
  cwd    : /root/SemanPartMesh/PartField
  cmd    : /root/.conda/envs/partfield/bin/python partfield_inference.py -c /root/SemanPartMesh/PartField/configs/final/demo.yaml --opts continue_ckpt /root/SemanPartMesh/PartField/model/model_objaverse.ckpt result_name pipeline_partfield_features dataset.data_path /root/SemanPartMesh/compare_8d46740c472f9d36b7a04b65023ffc59_ns3000_50k_topologyloss_20260509_123544/pipeline/partfield_input is_pc False preprocess_mesh False vertex_feature False n_point_per_face 1000


[Check] Verifying feature files ...
  [8d46740c472f9d36b7a04b65023ffc59] Feature shape (29314, 448) matches 29314 faces.

============================================================
  Stage 2: NeurCross training
============================================================

--- [1/1] 8d46740c472f9d36b7a04b65023ffc59 -------------

[Stage 2] NeurCross training  [8d46740c472f9d36b7a04b65023ffc59]
  python : /root/.conda/envs/neurcross/bin/python
  cwd    : /root/SemanPartMesh/NeurCross/quad_mesh
  cmd    : /root/.conda/envs/neurcross/bin/python train_quad_mesh.py --data_path /root/shared-nvme/dataset/8d46740c472f9d36b7a04b65023ffc59.obj --logdir /root/SemanPartMesh/compare_8d46740c472f9d36b7a04b65023ffc59_ns3000_50k_topologyloss_20260509_123544/pipeline/neurcross_logs --guidance_mode feature --n_samples 3000 --n_points 15000 --num_epochs 1 --lr 5e-05 --num_workers 0 --loss_weights 7000.0 600.0 10 50.0 30 3 2000 --morse_near --part_feat_path /root/SemanPartMesh/PartField/exp_results/pipeline_partfield_features/part_feat_8d46740c472f9d36b7a04b65023ffc59_0_batch.npy --semantic_gradient_method jacobian --semantic_boundary_weight 1.2 --semantic_intra_weight 1.0 --semantic_neighbor_weight 1.5 --semantic_cross_part_gamma 0.6 --semantic_boundary_reward 0.0

[Stage 2] Training complete  ->  /root/SemanPartMesh/compare_8d46740c472f9d36b7a04b65023ffc59_ns3000_50k_topologyloss_20260509_123544/pipeline/neurcross_logs/8d46740c472f9d36b7a04b65023ffc59

============================================================
  Stage 3: Quad mesh extraction (MIQ + libQEx)
============================================================

--- [1/1] 8d46740c472f9d36b7a04b65023ffc59 -------------
  extraction strategy: connected_components (2 chunks)
  chunk face counts  : [14690, 14624]

[Stage 3] Quad extraction
  script      : /root/SemanPartMesh/extract_quad.py
  python      : /root/.conda/envs/neurcross/bin/python
  input mesh  : /root/SemanPartMesh/compare_8d46740c472f9d36b7a04b65023ffc59_ns3000_50k_topologyloss_20260509_123544/pipeline/quad_meshes/8d46740c472f9d36b7a04b65023ffc59_quad_chunks/inputs/chunk_000.obj
  cross field : /root/SemanPartMesh/compare_8d46740c472f9d36b7a04b65023ffc59_ns3000_50k_topologyloss_20260509_123544/pipeline/quad_meshes/8d46740c472f9d36b7a04b65023ffc59_quad_chunks/inputs/chunk_000_crossfield.txt
  output      : /root/SemanPartMesh/compare_8d46740c472f9d36b7a04b65023ffc59_ns3000_50k_topologyloss_20260509_123544/pipeline/quad_meshes/8d46740c472f9d36b7a04b65023ffc59_quad_chunks/outputs/chunk_000_quad.obj
  gradient_size: 80.0

  timeout     : 3600
  warning     : semantic size-field generation is disabled for pure MIQ -> libQEx extraction

  auto_sweep  : True
  retry       : True
  min_quads   : default
  max_ad      : 15.0
  min_jr      : 0.15

  cc_iters    : 0
  target_ratio: 0.0
  budget_tol  : 0.1
  cc_max_auto : 0


[Stage 3] Quad extraction
  script      : /root/SemanPartMesh/extract_quad.py
  python      : /root/.conda/envs/neurcross/bin/python
  input mesh  : /root/SemanPartMesh/compare_8d46740c472f9d36b7a04b65023ffc59_ns3000_50k_topologyloss_20260509_123544/pipeline/quad_meshes/8d46740c472f9d36b7a04b65023ffc59_quad_chunks/inputs/chunk_001.obj
  cross field : /root/SemanPartMesh/compare_8d46740c472f9d36b7a04b65023ffc59_ns3000_50k_topologyloss_20260509_123544/pipeline/quad_meshes/8d46740c472f9d36b7a04b65023ffc59_quad_chunks/inputs/chunk_001_crossfield.txt
  output      : /root/SemanPartMesh/compare_8d46740c472f9d36b7a04b65023ffc59_ns3000_50k_topologyloss_20260509_123544/pipeline/quad_meshes/8d46740c472f9d36b7a04b65023ffc59_quad_chunks/outputs/chunk_001_quad.obj
  gradient_size: 80.0

  timeout     : 3600
  warning     : semantic size-field generation is disabled for pure MIQ -> libQEx extraction

  auto_sweep  : True
  retry       : True
  min_quads   : default
  max_ad      : 15.0
  min_jr      : 0.15

  cc_iters    : 0
  target_ratio: 0.0
  budget_tol  : 0.1
  cc_max_auto : 0


  chunk summary: 2/2 OK, 0 failed

[Global Chunk Sweep]
  common sweep values: [40.0, 60.0, 80.0, 100.0, 120.0]
  min_quads          : 45000
  target_quads       : 49834
  output             : /root/SemanPartMesh/compare_8d46740c472f9d36b7a04b65023ffc59_ns3000_50k_topologyloss_20260509_123544/pipeline/quad_meshes/8d46740c472f9d36b7a04b65023ffc59_quad.obj
  merge: 2/2 chunks -> 2855 verts, 2855 quads
[Catmull-Clark] Applying 2 iteration(s) to merged_gs40.obj
  target_quads : 49834
  subdivided   : n_quads=45680 AD_mean=5.625deg JR_min=0.6250
  RESULT [valid] gs=40.0 n_quads=45680 AD_mean=5.625deg JR_min=0.6250 boundary_edges=0 nonmanifold_edges=0
  merge: 2/2 chunks -> 6552 verts, 6552 quads
[Catmull-Clark] Applying 1 iteration(s) to merged_gs60.obj
  target_quads : 49834
  subdivided   : n_quads=26208 AD_mean=5.198deg JR_min=0.1983
  RESULT [constraint-violating] gs=60.0 n_quads=26208 AD_mean=5.198deg JR_min=0.1983 boundary_edges=0 nonmanifold_edges=0
  merge: 2/2 chunks -> 11701 verts, 11699 quads
[Catmull-Clark] Applying 1 iteration(s) to merged_gs80.obj
  target_quads : 49834
  subdivided   : n_quads=46796 AD_mean=4.785deg JR_min=0.4352
  RESULT [constraint-violating] gs=80.0 n_quads=46796 AD_mean=4.785deg JR_min=0.4352 boundary_edges=12 nonmanifold_edges=0
  merge: 2/2 chunks -> 18221 verts, 18221 quads
[Catmull-Clark] Applying 1 iteration(s) to merged_gs100.obj
  target_quads : 49834
  subdivided   : n_quads=72884 AD_mean=4.785deg JR_min=0.4954
  RESULT [valid] gs=100.0 n_quads=72884 AD_mean=4.785deg JR_min=0.4954 boundary_edges=0 nonmanifold_edges=0
  merge: 2/2 chunks -> 26126 verts, 26124 quads
  RESULT [constraint-violating] gs=120.0 n_quads=26124 AD_mean=4.696deg JR_min=0.0662 boundary_edges=6 nonmanifold_edges=0
[Global Chunk Sweep] Best merged candidate selected
  gradient_size: 40.0
  n_quads      : 45680
  AD_mean_deg  : 5.625
  JR_min       : 0.6250
  saved output : /root/SemanPartMesh/compare_8d46740c472f9d36b7a04b65023ffc59_ns3000_50k_topologyloss_20260509_123544/pipeline/quad_meshes/8d46740c472f9d36b7a04b65023ffc59_quad.obj
  saved summary: /root/SemanPartMesh/compare_8d46740c472f9d36b7a04b65023ffc59_ns3000_50k_topologyloss_20260509_123544/pipeline/quad_meshes/8d46740c472f9d36b7a04b65023ffc59_quad_chunks/merged_candidates/global_chunk_sweep_summary.json

============================================================
  Pipeline finished successfully
============================================================

Output directory: /root/SemanPartMesh/compare_8d46740c472f9d36b7a04b65023ffc59_ns3000_50k_topologyloss_20260509_123544/pipeline

  partfield_input/        Staged mesh files for PartField
  partfield_features/     Per-face features (.npy) + PCA vis (.ply)
  neurcross_logs/         NeurCross training results
  quad_meshes/*_chunks/   Per-chunk extraction intermediates when chunking is used
  quad_meshes/*_target_patches/  Local target-patch extraction outputs when enabled
  quad_meshes/            Extracted quad meshes (.obj)

  [8d46740c472f9d36b7a04b65023ffc59]
    guidance   : feature
    features   : ../../PartField/exp_results/pipeline_partfield_features/part_feat_8d46740c472f9d36b7a04b65023ffc59_0_batch.npy
    cross field: neurcross_logs/8d46740c472f9d36b7a04b65023ffc59/save_crossField/
    extraction : connected_components (2 chunks)
    quad mesh  : quad_meshes/8d46740c472f9d36b7a04b65023ffc59_quad.obj

