Root          : /root/SemanPartMesh
Input         : /root/shared-nvme/dataset/8d46740c472f9d36b7a04b65023ffc59.obj
Output        : /root/SemanPartMesh/compare_8d46740c472f9d36b7a04b65023ffc59_ns3000_20260508_184014/pipeline
Python        : /root/.conda/envs/neurcross/bin/python
Guidance mode : feature
Max faces     : 5000
Gradient size : 30
Extract timeout: 1800 (set via passthrough args if needed)
Target ratio  : 0.5
CC max iters  : 2

Running:
  /root/.conda/envs/neurcross/bin/python  /root/SemanPartMesh/run_pipeline.py  --input_mesh  /root/shared-nvme/dataset/8d46740c472f9d36b7a04b65023ffc59.obj  --output_dir  /root/SemanPartMesh/compare_8d46740c472f9d36b7a04b65023ffc59_ns3000_20260508_184014/pipeline  --guidance_mode  feature  --max_faces  5000  --gradient_size  30  --extract_timeout  1800  --target_quad_ratio  0.5  --max_catmull_clark_iters  2  --no_timestamp  --sweep_values  8  12  16  24  30  40  60  --gpu_id  0  --n_samples  3000  --n_points  5000  --num_epochs  1  --lr  5e-5
/root/.conda/envs/partfield/lib/python3.10/site-packages/lightning/fabric/__init__.py:40: pkg_resources is deprecated as an API. See https://setuptools.pypa.io/en/latest/pkg_resources.html. The pkg_resources package is slated for removal as early as 2025-11-30. Refrain from using this package or pin to Setuptools<81.
Seed set to 0
Using 16bit Automatic Mixed Precision (AMP)
/root/.conda/envs/partfield/lib/python3.10/site-packages/lightning/pytorch/plugins/precision/amp.py:55: `torch.cuda.amp.GradScaler(args...)` is deprecated. Please use `torch.amp.GradScaler('cuda', args...)` instead.
GPU available: True (cuda), used: True
TPU available: False, using: 0 TPU cores
IPU available: False, using: 0 IPUs
HPU available: False, using: 0 HPUs
/root/.conda/envs/partfield/lib/python3.10/site-packages/lightning/pytorch/trainer/connectors/logger_connector/logger_connector.py:75: Starting from v1.9.0, `tensorboardX` has been removed as a dependency of the `lightning.pytorch` package, due to potential conflicts with other packages in the ML ecosystem. For this reason, `logger=True` will use `CSVLogger` as the default logger, unless the `tensorboard` or `tensorboardX` packages are found. Please `pip install lightning[extra]` or one of them to enable TensorBoard support by default
You are using a CUDA device ('NVIDIA GeForce RTX 4090') that has Tensor Cores. To properly utilize them, you should set `torch.set_float32_matmul_precision('medium' | 'high')` which will trade-off precision for performance. For more details, read https://pytorch.org/docs/stable/generated/torch.set_float32_matmul_precision.html#torch.set_float32_matmul_precision
[rank: 0] Seed set to 0
Initializing distributed: GLOBAL_RANK: 0, MEMBER: 1/1
----------------------------------------------------------------------------------------------------
distributed_backend=nccl
All distributed processes registered. Starting with 1 processes
----------------------------------------------------------------------------------------------------

Restoring states from the checkpoint path at /root/SemanPartMesh/PartField/model/model_objaverse.ckpt
/root/.conda/envs/partfield/lib/python3.10/site-packages/lightning/fabric/utilities/cloud_io.py:56: You are using `torch.load` with `weights_only=False` (the current default value), which uses the default pickle module implicitly. It is possible to construct malicious pickle data which will execute arbitrary code during unpickling (See https://github.com/pytorch/pytorch/blob/main/SECURITY.md#untrusted-models for more details). In a future release, the default value for `weights_only` will be flipped to `True`. This limits the functions that could be executed during unpickling. Arbitrary objects will no longer be allowed to be loaded via this mode unless they are explicitly allowlisted by the user via `torch.serialization.add_safe_globals`. We recommend you start setting `weights_only=True` for any use case where you don't have full control of the loaded file. Please open an issue on GitHub for any issues related to this experimental feature.
LOCAL_RANK: 0 - CUDA_VISIBLE_DEVICES: [0]
Loaded model weights from the checkpoint at /root/SemanPartMesh/PartField/model/model_objaverse.ckpt
val dataset len: 1
Predicting: |          | 0/? [00:00<?, ?it/s]Predicting:   0%|          | 0/1 [00:00<?, ?it/s]Predicting DataLoader 0:   0%|          | 0/1 [00:00<?, ?it/s]/root/shared-nvme/SemanPartMesh/PartField/partfield/model/PVCNN/pv_module/voxelization.py:17: UserWarning: The reduce argument of torch.scatter with Tensor src is deprecated and will be removed in a future PyTorch release. Use torch.scatter_reduce instead for more reduction options. (Triggered internally at ../aten/src/ATen/native/TensorAdvancedIndexing.cpp:231.)
  out_feature = result.scatter_(index=indices.long(), src=features, dim=2, reduce='add')
/root/.conda/envs/partfield/lib/python3.10/site-packages/lightning/pytorch/loops/prediction_loop.py:255: predict returned None if it was on purpose, ignore this warning...
Time elapsed for feature prediction: 2.9296207427978516
Exported part_feat_8d46740c472f9d36b7a04b65023ffc59_0.npy
Time elapsed: 5.017645597457886
Predicting DataLoader 0: 100%|██████████| 1/1 [00:05<00:00,  0.20it/s]Predicting DataLoader 0: 100%|██████████| 1/1 [00:05<00:00,  0.20it/s]before preprocessing...
(2500, 3)
(5000, 3)


[rank0]:[W508 18:42:02.583865441 ProcessGroupNCCL.cpp:1168] Warning: WARNING: process group has NOT been destroyed before we destruct ProcessGroupNCCL. On normal program exit, the application should call destroy_process_group to ensure that any pending NCCL operations have finished in this process. In rare cases this process can exit before this point and block the progress of another member of the process group. This constraint has always been present,  but this warning has only been added since PyTorch 2.4 (function operator())
input params: 
Namespace(alignment_margin=0.0, batch_size=1, data_path='/root/SemanPartMesh/compare_8d46740c472f9d36b7a04b65023ffc59_ns3000_20260508_184014/pipeline/processed_meshes/8d46740c472f9d36b7a04b65023ffc59.obj', decay_params=[3, 0.2, 3, 0.4, 0.001, 0], decoder_hidden_dim=256, decoder_n_hidden_layers=4, featureLine_threshold=1.0, grad_clip_norm=10.0, grid_res=256, guidance_cap_ratio=0.5, guidance_eikonal_guard=0.0, guidance_mode='feature', guidance_warmup_fraction=0.15, guidance_warmup_type='linear', init_type='siren', instruction_anchor_weight=0.3, instruction_boundary_weight=1.5, instruction_cross_instance_gamma=0.4, instruction_intra_weight=1.0, instruction_meta_path=None, instruction_operation_align_weight=1.0, intra_hard_ratio=0.0, intra_temperature=1.0, latent_size=0, load_path=None, logdir='/root/SemanPartMesh/compare_8d46740c472f9d36b7a04b65023ffc59_ns3000_20260508_184014/pipeline/neurcross_logs', loss_type='siren_wo_n_w_morse_w_theta', loss_weights=[7000.0, 600.0, 10.0, 50.0, 30.0, 3.0, 8000.0], lr=5e-05, model_name='model', morse_decay='linear', morse_near=True, morse_type='l1', n_points=5000, n_samples=3000, nl='sine', nonmnfld_sample_type='gaussian', num_epochs=1, num_workers=0, output_any=False, part_feat_path='/root/SemanPartMesh/PartField/exp_results/pipeline_partfield_features/part_feat_8d46740c472f9d36b7a04b65023ffc59_0_batch.npy', relax_morse=0.5, seed=3627473, semantic_boundary_reward=0.0, semantic_boundary_weight=2.0, semantic_cross_part_gamma=0.2, semantic_distance_sigma=0.0, semantic_diversity_margin=0.3, semantic_diversity_weight=0.5, semantic_gradient_method='jacobian', semantic_intra_weight=1.0, semantic_neighbor_weight=1.0, semantic_normalize_features=1, semantic_pca_dim=0, semantic_soft_boundary_chunk_size=1024, semantic_soft_boundary_temp=0.1, semantic_spatial_cluster_weight=0.0, sphere_init_params=[1.6, 0.1], udf=False, use_morse_nonmnfld_grad=True, use_vertices=False, weight_for_morse=False)
decoder initialising with sine and siren
==========================================================================================
Layer (type:depth-idx)                   Output Shape              Param #
==========================================================================================
Decoder                                  [1, 1024, 1]              --
├─FCBlock: 1-1                           [1, 1024, 1]              --
│    └─Sequential: 2-1                   --                        --
│    │    └─Sequential: 3-1              [1, 1024, 256]            1,024
│    │    └─Sequential: 3-8              --                        (recursive)
│    │    └─Sequential: 3-3              [1, 1024, 256]            65,792
│    │    └─Sequential: 3-8              --                        (recursive)
│    │    └─Sequential: 3-5              [1, 1024, 256]            65,792
│    │    └─Sequential: 3-8              --                        (recursive)
│    │    └─Sequential: 3-7              [1, 1024, 256]            65,792
│    │    └─Sequential: 3-8              --                        (recursive)
│    │    └─Sequential: 3-9              [1, 1024, 256]            65,792
│    │    └─Sequential: 3-10             [1, 1024, 1]              257
├─Identity: 1-2                          [1, 1024, 1]              --
==========================================================================================
Total params: 264,449
Trainable params: 264,449
Non-trainable params: 0
Total mult-adds (M): 0.26
==========================================================================================
Input size (MB): 0.01
Forward/backward pass size (MB): 10.49
Params size (MB): 1.06
Estimated Total Size (MB): 11.56
==========================================================================================
Number of parameters in the current model:4374082
n_iterations:  3000
Semantic label clustering skipped: cannot import name 'cluster_features_spatial' from 'eval.label_utils' (/root/shared-nvme/SemanPartMesh/eval/label_utils.py)
  Semantic gradient: method=jacobian, normalize=True, pca_dim=None, distance_sigma=None
Guidance mode: feature
Weights: [7000.0, 600.0, 10.0, 50.0, 30.0, 3.0, 8000.0], lr=5.000e-05
Epoch: 0 [   0/3000 (0%)] Loss: 966.90918 = L_Mnfld: 637.70678 + L_NonMnfld: 0.69484 + L_Eknl: 34.33746 + L_Morse: 3.55367 + L_thetaHessian: 20.74378 + L_thetaNeighbor: 0.97565 + L_Guidance: 268.89700
Epoch: 0 [   0/3000 (0%)] Unweighted L_s : L_Mnfld: 0.09110 + L_NonMnfld: 0.00116 + L_Eknl: 0.68675 + L_Morse: 1.18456 + L_thetaHessian: 2.07438 + L_thetaNeighbor: 0.03252 + L_Guidance: 0.03361
Feature guidance terms: boundary=0.01681, intra=0.00000, neighbor=0.00000, diversity=0.00000

Weights: [7000.0, 600.0, 10.0, 50.0, 30.0, 3.0, 160.0], lr=5.000e-05
Epoch: 0 [  10/3000 (0%)] Loss: 309.28027 = L_Mnfld: 92.99960 + L_NonMnfld: 159.85410 + L_Eknl: 36.06558 + L_Morse: 3.38565 + L_thetaHessian: 11.30023 + L_thetaNeighbor: 0.58554 + L_Guidance: 5.08956
Epoch: 0 [  10/3000 (0%)] Unweighted L_s : L_Mnfld: 0.01329 + L_NonMnfld: 0.26642 + L_Eknl: 0.72131 + L_Morse: 1.12855 + L_thetaHessian: 1.13002 + L_thetaNeighbor: 0.01952 + L_Guidance: 0.03181
Feature guidance terms: boundary=0.01590, intra=0.00000, neighbor=0.00000, diversity=0.00000

Weights: [7000.0, 600.0, 10.0, 50.0, 30.0, 3.0, 337.77777777777777], lr=5.000e-05
Epoch: 0 [  20/3000 (1%)] Loss: 167.87672 = L_Mnfld: 96.28219 + L_NonMnfld: 7.51575 + L_Eknl: 32.84951 + L_Morse: 4.37415 + L_thetaHessian: 15.20465 + L_thetaNeighbor: 1.03097 + L_Guidance: 10.61949
Epoch: 0 [  20/3000 (1%)] Unweighted L_s : L_Mnfld: 0.01375 + L_NonMnfld: 0.01253 + L_Eknl: 0.65699 + L_Morse: 1.45805 + L_thetaHessian: 1.52046 + L_thetaNeighbor: 0.03437 + L_Guidance: 0.03144
Feature guidance terms: boundary=0.01572, intra=0.00000, neighbor=0.00000, diversity=0.00000

Weights: [7000.0, 600.0, 10.0, 50.0, 30.0, 3.0, 515.5555555555557], lr=5.000e-05
Epoch: 0 [  30/3000 (1%)] Loss: 106.92078 = L_Mnfld: 40.50989 + L_NonMnfld: 1.34873 + L_Eknl: 34.11561 + L_Morse: 4.22085 + L_thetaHessian: 9.55924 + L_thetaNeighbor: 1.20713 + L_Guidance: 15.95934
Epoch: 0 [  30/3000 (1%)] Unweighted L_s : L_Mnfld: 0.00579 + L_NonMnfld: 0.00225 + L_Eknl: 0.68231 + L_Morse: 1.40695 + L_thetaHessian: 0.95592 + L_thetaNeighbor: 0.04024 + L_Guidance: 0.03096
Feature guidance terms: boundary=0.01548, intra=0.00000, neighbor=0.00000, diversity=0.00000

Weights: [7000.0, 600.0, 10.0, 50.0, 30.0, 3.0, 693.3333333333334], lr=5.000e-05
Epoch: 0 [  40/3000 (1%)] Loss: 97.15015 = L_Mnfld: 33.73175 + L_NonMnfld: 0.39239 + L_Eknl: 32.61821 + L_Morse: 3.88220 + L_thetaHessian: 5.21133 + L_thetaNeighbor: 0.58659 + L_Guidance: 20.72768
Epoch: 0 [  40/3000 (1%)] Unweighted L_s : L_Mnfld: 0.00482 + L_NonMnfld: 0.00065 + L_Eknl: 0.65236 + L_Morse: 1.29407 + L_thetaHessian: 0.52113 + L_thetaNeighbor: 0.01955 + L_Guidance: 0.02990
Feature guidance terms: boundary=0.01495, intra=0.00000, neighbor=0.00000, diversity=0.00000

Weights: [7000.0, 600.0, 10.0, 50.0, 30.0, 3.0, 871.1111111111111], lr=5.000e-05
Epoch: 0 [  50/3000 (2%)] Loss: 95.92355 = L_Mnfld: 31.38190 + L_NonMnfld: 0.39723 + L_Eknl: 30.38065 + L_Morse: 3.66882 + L_thetaHessian: 4.30706 + L_thetaNeighbor: 0.71333 + L_Guidance: 25.07458
Epoch: 0 [  50/3000 (2%)] Unweighted L_s : L_Mnfld: 0.00448 + L_NonMnfld: 0.00066 + L_Eknl: 0.60761 + L_Morse: 1.22294 + L_thetaHessian: 0.43071 + L_thetaNeighbor: 0.02378 + L_Guidance: 0.02878
Feature guidance terms: boundary=0.01439, intra=0.00000, neighbor=0.00000, diversity=0.00000

Weights: [7000.0, 600.0, 10.0, 50.0, 30.0, 3.0, 1048.888888888889], lr=5.000e-05
Epoch: 0 [  60/3000 (2%)] Loss: 96.27250 = L_Mnfld: 30.09488 + L_NonMnfld: 0.21400 + L_Eknl: 28.62356 + L_Morse: 3.56985 + L_thetaHessian: 3.73787 + L_thetaNeighbor: 0.90259 + L_Guidance: 29.12974
Epoch: 0 [  60/3000 (2%)] Unweighted L_s : L_Mnfld: 0.00430 + L_NonMnfld: 0.00036 + L_Eknl: 0.57247 + L_Morse: 1.18995 + L_thetaHessian: 0.37379 + L_thetaNeighbor: 0.03009 + L_Guidance: 0.02777
Feature guidance terms: boundary=0.01389, intra=0.00000, neighbor=0.00000, diversity=0.00000

Weights: [7000.0, 600.0, 10.0, 50.0, 30.0, 3.0, 1226.6666666666667], lr=5.000e-05
Epoch: 0 [  70/3000 (2%)] Loss: 90.97775 = L_Mnfld: 25.66108 + L_NonMnfld: 0.23457 + L_Eknl: 26.73991 + L_Morse: 3.55614 + L_thetaHessian: 3.34351 + L_thetaNeighbor: 1.11662 + L_Guidance: 32.75750
Epoch: 0 [  70/3000 (2%)] Unweighted L_s : L_Mnfld: 0.00367 + L_NonMnfld: 0.00039 + L_Eknl: 0.53480 + L_Morse: 1.18538 + L_thetaHessian: 0.33435 + L_thetaNeighbor: 0.03722 + L_Guidance: 0.02670
Feature guidance terms: boundary=0.01335, intra=0.00000, neighbor=0.00000, diversity=0.00000

Weights: [7000.0, 600.0, 10.0, 50.0, 30.0, 3.0, 1404.4444444444446], lr=5.000e-05
Epoch: 0 [  80/3000 (3%)] Loss: 91.84844 = L_Mnfld: 28.69316 + L_NonMnfld: 0.11509 + L_Eknl: 24.73900 + L_Morse: 3.60231 + L_thetaHessian: 3.15315 + L_thetaNeighbor: 0.92958 + L_Guidance: 35.70537
Epoch: 0 [  80/3000 (3%)] Unweighted L_s : L_Mnfld: 0.00410 + L_NonMnfld: 0.00019 + L_Eknl: 0.49478 + L_Morse: 1.20077 + L_thetaHessian: 0.31532 + L_thetaNeighbor: 0.03099 + L_Guidance: 0.02542
Feature guidance terms: boundary=0.01271, intra=0.00000, neighbor=0.00000, diversity=0.00000

Weights: [7000.0, 600.0, 10.0, 50.0, 30.0, 3.0, 1582.2222222222224], lr=5.000e-05
Epoch: 0 [  90/3000 (3%)] Loss: 82.90425 = L_Mnfld: 23.62522 + L_NonMnfld: 0.15857 + L_Eknl: 23.60932 + L_Morse: 3.61313 + L_thetaHessian: 3.20443 + L_thetaNeighbor: 1.05884 + L_Guidance: 38.79824
Epoch: 0 [  90/3000 (3%)] Unweighted L_s : L_Mnfld: 0.00338 + L_NonMnfld: 0.00026 + L_Eknl: 0.47219 + L_Morse: 1.20438 + L_thetaHessian: 0.32044 + L_thetaNeighbor: 0.03529 + L_Guidance: 0.02452
Feature guidance terms: boundary=0.01226, intra=0.00000, neighbor=0.00000, diversity=0.00000

Weights: [7000.0, 600.0, 10.0, 50.0, 30.0, 3.0, 1760.0000000000002], lr=5.000e-05
Epoch: 0 [ 100/3000 (3%)] Loss: 74.17815 = L_Mnfld: 19.65938 + L_NonMnfld: 0.07601 + L_Eknl: 21.80860 + L_Morse: 3.68392 + L_thetaHessian: 3.23270 + L_thetaNeighbor: 0.99149 + L_Guidance: 41.60631
Epoch: 0 [ 100/3000 (3%)] Unweighted L_s : L_Mnfld: 0.00281 + L_NonMnfld: 0.00013 + L_Eknl: 0.43617 + L_Morse: 1.22797 + L_thetaHessian: 0.32327 + L_thetaNeighbor: 0.03305 + L_Guidance: 0.02364
Feature guidance terms: boundary=0.01182, intra=0.00000, neighbor=0.00000, diversity=0.00000

Weights: [7000.0, 600.0, 10.0, 50.0, 30.0, 3.0, 1937.777777777778], lr=5.000e-05
Epoch: 0 [ 110/3000 (4%)] Loss: 79.28912 = L_Mnfld: 23.62612 + L_NonMnfld: 0.12874 + L_Eknl: 20.91462 + L_Morse: 3.65804 + L_thetaHessian: 3.23063 + L_thetaNeighbor: 1.30126 + L_Guidance: 44.53438
Epoch: 0 [ 110/3000 (4%)] Unweighted L_s : L_Mnfld: 0.00338 + L_NonMnfld: 0.00021 + L_Eknl: 0.41829 + L_Morse: 1.21935 + L_thetaHessian: 0.32306 + L_thetaNeighbor: 0.04338 + L_Guidance: 0.02298
Feature guidance terms: boundary=0.01149, intra=0.00000, neighbor=0.00000, diversity=0.00000

Weights: [7000.0, 600.0, 10.0, 50.0, 30.0, 3.0, 2115.5555555555557], lr=5.000e-05
Epoch: 0 [ 120/3000 (4%)] Loss: 73.22906 = L_Mnfld: 20.98253 + L_NonMnfld: 0.06063 + L_Eknl: 19.55220 + L_Morse: 3.72025 + L_thetaHessian: 3.11380 + L_thetaNeighbor: 1.38999 + L_Guidance: 47.30121
Epoch: 0 [ 120/3000 (4%)] Unweighted L_s : L_Mnfld: 0.00300 + L_NonMnfld: 0.00010 + L_Eknl: 0.39104 + L_Morse: 1.24008 + L_thetaHessian: 0.31138 + L_thetaNeighbor: 0.04633 + L_Guidance: 0.02236
Feature guidance terms: boundary=0.01118, intra=0.00000, neighbor=0.00000, diversity=0.00000

Weights: [7000.0, 600.0, 10.0, 50.0, 30.0, 3.0, 2293.3333333333335], lr=5.000e-05
Epoch: 0 [ 130/3000 (4%)] Loss: 74.97905 = L_Mnfld: 22.54749 + L_NonMnfld: 0.08737 + L_Eknl: 19.23922 + L_Morse: 3.67499 + L_thetaHessian: 3.07679 + L_thetaNeighbor: 1.36017 + L_Guidance: 49.66706
Epoch: 0 [ 130/3000 (4%)] Unweighted L_s : L_Mnfld: 0.00322 + L_NonMnfld: 0.00015 + L_Eknl: 0.38478 + L_Morse: 1.22500 + L_thetaHessian: 0.30768 + L_thetaNeighbor: 0.04534 + L_Guidance: 0.02166
Feature guidance terms: boundary=0.01083, intra=0.00000, neighbor=0.00000, diversity=0.00000

Weights: [7000.0, 600.0, 10.0, 50.0, 30.0, 3.0, 2471.111111111111], lr=5.000e-05
Epoch: 0 [ 140/3000 (5%)] Loss: 67.41510 = L_Mnfld: 18.69445 + L_NonMnfld: 0.05196 + L_Eknl: 18.41717 + L_Morse: 3.68085 + L_thetaHessian: 3.04767 + L_thetaNeighbor: 1.05129 + L_Guidance: 51.43487
Epoch: 0 [ 140/3000 (5%)] Unweighted L_s : L_Mnfld: 0.00267 + L_NonMnfld: 0.00009 + L_Eknl: 0.36834 + L_Morse: 1.22695 + L_thetaHessian: 0.30477 + L_thetaNeighbor: 0.03504 + L_Guidance: 0.02081
Feature guidance terms: boundary=0.01041, intra=0.00000, neighbor=0.00000, diversity=0.00000

Weights: [7000.0, 600.0, 10.0, 50.0, 30.0, 3.0, 2648.888888888889], lr=5.000e-05
Epoch: 0 [ 150/3000 (5%)] Loss: 70.61086 = L_Mnfld: 20.37201 + L_NonMnfld: 0.07723 + L_Eknl: 18.07400 + L_Morse: 3.64881 + L_thetaHessian: 3.18524 + L_thetaNeighbor: 1.71662 + L_Guidance: 53.87816
Epoch: 0 [ 150/3000 (5%)] Unweighted L_s : L_Mnfld: 0.00291 + L_NonMnfld: 0.00013 + L_Eknl: 0.36148 + L_Morse: 1.21627 + L_thetaHessian: 0.31852 + L_thetaNeighbor: 0.05722 + L_Guidance: 0.02034
Feature guidance terms: boundary=0.01017, intra=0.00000, neighbor=0.00000, diversity=0.00000

Weights: [7000.0, 600.0, 10.0, 50.0, 30.0, 3.0, 2826.6666666666665], lr=5.000e-05
Epoch: 0 [ 160/3000 (5%)] Loss: 65.20993 = L_Mnfld: 18.10993 + L_NonMnfld: 0.04418 + L_Eknl: 17.22968 + L_Morse: 3.69077 + L_thetaHessian: 3.21952 + L_thetaNeighbor: 1.17922 + L_Guidance: 55.68708
Epoch: 0 [ 160/3000 (5%)] Unweighted L_s : L_Mnfld: 0.00259 + L_NonMnfld: 0.00007 + L_Eknl: 0.34459 + L_Morse: 1.23026 + L_thetaHessian: 0.32195 + L_thetaNeighbor: 0.03931 + L_Guidance: 0.01970
Feature guidance terms: boundary=0.00985, intra=0.00000, neighbor=0.00000, diversity=0.00000

Weights: [7000.0, 600.0, 10.0, 50.0, 30.0, 3.0, 3004.444444444445], lr=5.000e-05
Epoch: 0 [ 170/3000 (6%)] Loss: 66.38029 = L_Mnfld: 19.39810 + L_NonMnfld: 0.07905 + L_Eknl: 16.83449 + L_Morse: 3.64582 + L_thetaHessian: 3.01473 + L_thetaNeighbor: 1.28134 + L_Guidance: 57.41190
Epoch: 0 [ 170/3000 (6%)] Unweighted L_s : L_Mnfld: 0.00277 + L_NonMnfld: 0.00013 + L_Eknl: 0.33669 + L_Morse: 1.21527 + L_thetaHessian: 0.30147 + L_thetaNeighbor: 0.04271 + L_Guidance: 0.01911
Feature guidance terms: boundary=0.00955, intra=0.00000, neighbor=0.00000, diversity=0.00000

Weights: [7000.0, 600.0, 10.0, 50.0, 30.0, 3.0, 3182.222222222222], lr=5.000e-05
Epoch: 0 [ 180/3000 (6%)] Loss: 62.87901 = L_Mnfld: 17.55353 + L_NonMnfld: 0.04396 + L_Eknl: 16.36361 + L_Morse: 3.68475 + L_thetaHessian: 2.94269 + L_thetaNeighbor: 1.33081 + L_Guidance: 60.22733
Epoch: 0 [ 180/3000 (6%)] Unweighted L_s : L_Mnfld: 0.00251 + L_NonMnfld: 0.00007 + L_Eknl: 0.32727 + L_Morse: 1.22825 + L_thetaHessian: 0.29427 + L_thetaNeighbor: 0.04436 + L_Guidance: 0.01893
Feature guidance terms: boundary=0.00946, intra=0.00000, neighbor=0.00000, diversity=0.00000

Weights: [7000.0, 600.0, 10.0, 50.0, 30.0, 3.0, 3360.0000000000005], lr=5.000e-05
Epoch: 0 [ 190/3000 (6%)] Loss: 68.19870 = L_Mnfld: 21.46243 + L_NonMnfld: 0.06143 + L_Eknl: 16.14609 + L_Morse: 3.65554 + L_thetaHessian: 2.82432 + L_thetaNeighbor: 1.31600 + L_Guidance: 60.01760
Epoch: 0 [ 190/3000 (6%)] Unweighted L_s : L_Mnfld: 0.00307 + L_NonMnfld: 0.00010 + L_Eknl: 0.32292 + L_Morse: 1.21851 + L_thetaHessian: 0.28243 + L_thetaNeighbor: 0.04387 + L_Guidance: 0.01786
Feature guidance terms: boundary=0.00893, intra=0.00000, neighbor=0.00000, diversity=0.00000

Weights: [7000.0, 600.0, 10.0, 50.0, 30.0, 3.0, 3537.7777777777774], lr=5.000e-05
Epoch: 0 [ 200/3000 (7%)] Loss: 60.78460 = L_Mnfld: 16.66739 + L_NonMnfld: 0.04973 + L_Eknl: 15.84707 + L_Morse: 3.67523 + L_thetaHessian: 2.97817 + L_thetaNeighbor: 1.30548 + L_Guidance: 61.98868
Epoch: 0 [ 200/3000 (7%)] Unweighted L_s : L_Mnfld: 0.00238 + L_NonMnfld: 0.00008 + L_Eknl: 0.31694 + L_Morse: 1.22508 + L_thetaHessian: 0.29782 + L_thetaNeighbor: 0.04352 + L_Guidance: 0.01752
Feature guidance terms: boundary=0.00876, intra=0.00000, neighbor=0.00000, diversity=0.00000

Weights: [7000.0, 600.0, 10.0, 50.0, 30.0, 3.0, 3715.555555555556], lr=5.000e-05
Epoch: 0 [ 210/3000 (7%)] Loss: 63.42010 = L_Mnfld: 18.42487 + L_NonMnfld: 0.04588 + L_Eknl: 15.39591 + L_Morse: 3.69153 + L_thetaHessian: 2.98216 + L_thetaNeighbor: 1.73972 + L_Guidance: 64.05530
Epoch: 0 [ 210/3000 (7%)] Unweighted L_s : L_Mnfld: 0.00263 + L_NonMnfld: 0.00008 + L_Eknl: 0.30792 + L_Morse: 1.23051 + L_thetaHessian: 0.29822 + L_thetaNeighbor: 0.05799 + L_Guidance: 0.01724
Feature guidance terms: boundary=0.00862, intra=0.00000, neighbor=0.00000, diversity=0.00000

Weights: [7000.0, 600.0, 10.0, 50.0, 30.0, 3.0, 3893.333333333333], lr=5.000e-05
Epoch: 0 [ 220/3000 (7%)] Loss: 58.66515 = L_Mnfld: 15.86551 + L_NonMnfld: 0.03453 + L_Eknl: 14.99055 + L_Morse: 3.73842 + L_thetaHessian: 2.93474 + L_thetaNeighbor: 1.54636 + L_Guidance: 64.39310
Epoch: 0 [ 220/3000 (7%)] Unweighted L_s : L_Mnfld: 0.00227 + L_NonMnfld: 0.00006 + L_Eknl: 0.29981 + L_Morse: 1.24614 + L_thetaHessian: 0.29347 + L_thetaNeighbor: 0.05155 + L_Guidance: 0.01654
Feature guidance terms: boundary=0.00827, intra=0.00000, neighbor=0.00000, diversity=0.00000

Weights: [7000.0, 600.0, 10.0, 50.0, 30.0, 3.0, 4071.1111111111118], lr=5.000e-05
Epoch: 0 [ 230/3000 (8%)] Loss: 62.35506 = L_Mnfld: 18.31840 + L_NonMnfld: 0.07687 + L_Eknl: 15.09641 + L_Morse: 3.70276 + L_thetaHessian: 2.93161 + L_thetaNeighbor: 1.44400 + L_Guidance: 64.98462
Epoch: 0 [ 230/3000 (8%)] Unweighted L_s : L_Mnfld: 0.00262 + L_NonMnfld: 0.00013 + L_Eknl: 0.30193 + L_Morse: 1.23425 + L_thetaHessian: 0.29316 + L_thetaNeighbor: 0.04813 + L_Guidance: 0.01596
Feature guidance terms: boundary=0.00798, intra=0.00000, neighbor=0.00000, diversity=0.00000

Weights: [7000.0, 600.0, 10.0, 50.0, 30.0, 3.0, 4248.888888888889], lr=5.000e-05
Epoch: 0 [ 240/3000 (8%)] Loss: 58.98099 = L_Mnfld: 16.44895 + L_NonMnfld: 0.02896 + L_Eknl: 14.40027 + L_Morse: 3.73908 + L_thetaHessian: 2.97838 + L_thetaNeighbor: 1.72503 + L_Guidance: 65.60916
Epoch: 0 [ 240/3000 (8%)] Unweighted L_s : L_Mnfld: 0.00235 + L_NonMnfld: 0.00005 + L_Eknl: 0.28801 + L_Morse: 1.24636 + L_thetaHessian: 0.29784 + L_thetaNeighbor: 0.05750 + L_Guidance: 0.01544
Feature guidance terms: boundary=0.00772, intra=0.00000, neighbor=0.00000, diversity=0.00000

Weights: [7000.0, 600.0, 10.0, 50.0, 30.0, 3.0, 4426.666666666667], lr=5.000e-05
Epoch: 0 [ 250/3000 (8%)] Loss: 60.93622 = L_Mnfld: 17.22549 + L_NonMnfld: 0.04066 + L_Eknl: 14.32092 + L_Morse: 3.73930 + L_thetaHessian: 3.22457 + L_thetaNeighbor: 2.07319 + L_Guidance: 67.43815
Epoch: 0 [ 250/3000 (8%)] Unweighted L_s : L_Mnfld: 0.00246 + L_NonMnfld: 0.00007 + L_Eknl: 0.28642 + L_Morse: 1.24643 + L_thetaHessian: 0.32246 + L_thetaNeighbor: 0.06911 + L_Guidance: 0.01523
Feature guidance terms: boundary=0.00762, intra=0.00000, neighbor=0.00000, diversity=0.00000

Weights: [7000.0, 600.0, 10.0, 50.0, 30.0, 3.0, 4604.444444444444], lr=5.000e-05
Epoch: 0 [ 260/3000 (9%)] Loss: 57.15061 = L_Mnfld: 14.90310 + L_NonMnfld: 0.03203 + L_Eknl: 14.00307 + L_Morse: 3.75943 + L_thetaHessian: 3.03243 + L_thetaNeighbor: 2.37035 + L_Guidance: 68.84855
Epoch: 0 [ 260/3000 (9%)] Unweighted L_s : L_Mnfld: 0.00213 + L_NonMnfld: 0.00005 + L_Eknl: 0.28006 + L_Morse: 1.25314 + L_thetaHessian: 0.30324 + L_thetaNeighbor: 0.07901 + L_Guidance: 0.01495
Feature guidance terms: boundary=0.00748, intra=0.00000, neighbor=0.00000, diversity=0.00000

Weights: [7000.0, 600.0, 10.0, 50.0, 30.0, 3.0, 4782.222222222223], lr=5.000e-05
Epoch: 0 [ 270/3000 (9%)] Loss: 59.04946 = L_Mnfld: 16.55399 + L_NonMnfld: 0.04807 + L_Eknl: 14.01978 + L_Morse: 3.77386 + L_thetaHessian: 3.14633 + L_thetaNeighbor: 1.82427 + L_Guidance: 70.52156
Epoch: 0 [ 270/3000 (9%)] Unweighted L_s : L_Mnfld: 0.00236 + L_NonMnfld: 0.00008 + L_Eknl: 0.28040 + L_Morse: 1.25795 + L_thetaHessian: 0.31463 + L_thetaNeighbor: 0.06081 + L_Guidance: 0.01475
Feature guidance terms: boundary=0.00737, intra=0.00000, neighbor=0.00000, diversity=0.00000

Weights: [7000.0, 600.0, 10.0, 50.0, 30.0, 3.0, 4960.0], lr=5.000e-05
Epoch: 0 [ 280/3000 (9%)] Loss: 54.98023 = L_Mnfld: 14.53406 + L_NonMnfld: 0.02452 + L_Eknl: 13.68116 + L_Morse: 3.82813 + L_thetaHessian: 3.09763 + L_thetaNeighbor: 1.48798 + L_Guidance: 71.20357
Epoch: 0 [ 280/3000 (9%)] Unweighted L_s : L_Mnfld: 0.00208 + L_NonMnfld: 0.00004 + L_Eknl: 0.27362 + L_Morse: 1.27604 + L_thetaHessian: 0.30976 + L_thetaNeighbor: 0.04960 + L_Guidance: 0.01436
Feature guidance terms: boundary=0.00718, intra=0.00000, neighbor=0.00000, diversity=0.00000

Weights: [7000.0, 600.0, 10.0, 50.0, 30.0, 3.0, 5137.777777777778], lr=5.000e-05
Epoch: 0 [ 290/3000 (10%)] Loss: 59.07179 = L_Mnfld: 17.29575 + L_NonMnfld: 0.03784 + L_Eknl: 13.66354 + L_Morse: 3.79318 + L_thetaHessian: 2.91002 + L_thetaNeighbor: 1.68086 + L_Guidance: 73.32423
Epoch: 0 [ 290/3000 (10%)] Unweighted L_s : L_Mnfld: 0.00247 + L_NonMnfld: 0.00006 + L_Eknl: 0.27327 + L_Morse: 1.26439 + L_thetaHessian: 0.29100 + L_thetaNeighbor: 0.05603 + L_Guidance: 0.01427
Feature guidance terms: boundary=0.00714, intra=0.00000, neighbor=0.00000, diversity=0.00000

Weights: [7000.0, 600.0, 10.0, 50.0, 30.0, 3.0, 5315.555555555556], lr=5.000e-05
Epoch: 0 [ 300/3000 (10%)] Loss: 55.07353 = L_Mnfld: 14.86787 + L_NonMnfld: 0.02796 + L_Eknl: 13.16294 + L_Morse: 3.86579 + L_thetaHessian: 2.96708 + L_thetaNeighbor: 1.82404 + L_Guidance: 77.57175
Epoch: 0 [ 300/3000 (10%)] Unweighted L_s : L_Mnfld: 0.00212 + L_NonMnfld: 0.00005 + L_Eknl: 0.26326 + L_Morse: 1.28860 + L_thetaHessian: 0.29671 + L_thetaNeighbor: 0.06080 + L_Guidance: 0.01459
Feature guidance terms: boundary=0.00730, intra=0.00000, neighbor=0.00000, diversity=0.00000

Weights: [7000.0, 600.0, 10.0, 50.0, 30.0, 3.0, 5493.333333333333], lr=5.000e-05
Epoch: 0 [ 310/3000 (10%)] Loss: 54.90010 = L_Mnfld: 15.02560 + L_NonMnfld: 0.03278 + L_Eknl: 12.93295 + L_Morse: 3.86347 + L_thetaHessian: 3.03462 + L_thetaNeighbor: 1.71065 + L_Guidance: 76.69497
Epoch: 0 [ 310/3000 (10%)] Unweighted L_s : L_Mnfld: 0.00215 + L_NonMnfld: 0.00005 + L_Eknl: 0.25866 + L_Morse: 1.28782 + L_thetaHessian: 0.30346 + L_thetaNeighbor: 0.05702 + L_Guidance: 0.01396
Feature guidance terms: boundary=0.00698, intra=0.00000, neighbor=0.00000, diversity=0.00000

Weights: [7000.0, 600.0, 10.0, 50.0, 30.0, 3.0, 5671.111111111111], lr=5.000e-05
Epoch: 0 [ 320/3000 (11%)] Loss: 53.11955 = L_Mnfld: 13.66086 + L_NonMnfld: 0.03005 + L_Eknl: 12.79978 + L_Morse: 3.90512 + L_thetaHessian: 3.09219 + L_thetaNeighbor: 1.92503 + L_Guidance: 77.30095
Epoch: 0 [ 320/3000 (11%)] Unweighted L_s : L_Mnfld: 0.00195 + L_NonMnfld: 0.00005 + L_Eknl: 0.25600 + L_Morse: 1.30171 + L_thetaHessian: 0.30922 + L_thetaNeighbor: 0.06417 + L_Guidance: 0.01363
Feature guidance terms: boundary=0.00682, intra=0.00000, neighbor=0.00000, diversity=0.00000

Weights: [7000.0, 600.0, 10.0, 50.0, 30.0, 3.0, 5848.88888888889], lr=5.000e-05
Epoch: 0 [ 330/3000 (11%)] Loss: 55.82878 = L_Mnfld: 15.44164 + L_NonMnfld: 0.04494 + L_Eknl: 12.78384 + L_Morse: 3.89474 + L_thetaHessian: 3.09967 + L_thetaNeighbor: 1.95436 + L_Guidance: 78.47520
Epoch: 0 [ 330/3000 (11%)] Unweighted L_s : L_Mnfld: 0.00221 + L_NonMnfld: 0.00007 + L_Eknl: 0.25568 + L_Morse: 1.29825 + L_thetaHessian: 0.30997 + L_thetaNeighbor: 0.06515 + L_Guidance: 0.01342
Feature guidance terms: boundary=0.00671, intra=0.00000, neighbor=0.00000, diversity=0.00000

Weights: [7000.0, 600.0, 10.0, 50.0, 30.0, 3.0, 6026.666666666667], lr=5.000e-05
Epoch: 0 [ 340/3000 (11%)] Loss: 51.06636 = L_Mnfld: 12.87626 + L_NonMnfld: 0.03269 + L_Eknl: 12.41944 + L_Morse: 3.95441 + L_thetaHessian: 3.03652 + L_thetaNeighbor: 1.72491 + L_Guidance: 76.01882
Epoch: 0 [ 340/3000 (11%)] Unweighted L_s : L_Mnfld: 0.00184 + L_NonMnfld: 0.00005 + L_Eknl: 0.24839 + L_Morse: 1.31814 + L_thetaHessian: 0.30365 + L_thetaNeighbor: 0.05750 + L_Guidance: 0.01261
Feature guidance terms: boundary=0.00631, intra=0.00000, neighbor=0.00000, diversity=0.00000

Weights: [7000.0, 600.0, 10.0, 50.0, 30.0, 3.0, 6204.444444444444], lr=5.000e-05
Epoch: 0 [ 350/3000 (12%)] Loss: 55.23578 = L_Mnfld: 15.37287 + L_NonMnfld: 0.04032 + L_Eknl: 12.43349 + L_Morse: 3.94883 + L_thetaHessian: 3.09669 + L_thetaNeighbor: 1.93165 + L_Guidance: 79.00319
Epoch: 0 [ 350/3000 (12%)] Unweighted L_s : L_Mnfld: 0.00220 + L_NonMnfld: 0.00007 + L_Eknl: 0.24867 + L_Morse: 1.31628 + L_thetaHessian: 0.30967 + L_thetaNeighbor: 0.06439 + L_Guidance: 0.01273
Feature guidance terms: boundary=0.00637, intra=0.00000, neighbor=0.00000, diversity=0.00000

Weights: [7000.0, 600.0, 10.0, 50.0, 30.0, 3.0, 6382.222222222223], lr=5.000e-05
Epoch: 0 [ 360/3000 (12%)] Loss: 51.86556 = L_Mnfld: 13.67257 + L_NonMnfld: 0.02605 + L_Eknl: 11.92178 + L_Morse: 4.03140 + L_thetaHessian: 3.06221 + L_thetaNeighbor: 1.86303 + L_Guidance: 88.82152
Epoch: 0 [ 360/3000 (12%)] Unweighted L_s : L_Mnfld: 0.00195 + L_NonMnfld: 0.00004 + L_Eknl: 0.23844 + L_Morse: 1.34380 + L_thetaHessian: 0.30622 + L_thetaNeighbor: 0.06210 + L_Guidance: 0.01392
Feature guidance terms: boundary=0.00696, intra=0.00000, neighbor=0.00000, diversity=0.00000

Weights: [7000.0, 600.0, 10.0, 50.0, 30.0, 3.0, 6560.000000000001], lr=5.000e-05
Epoch: 0 [ 370/3000 (12%)] Loss: 52.26323 = L_Mnfld: 13.97401 + L_NonMnfld: 0.04245 + L_Eknl: 11.79574 + L_Morse: 4.03281 + L_thetaHessian: 3.05438 + L_thetaNeighbor: 1.94276 + L_Guidance: 82.11212
Epoch: 0 [ 370/3000 (12%)] Unweighted L_s : L_Mnfld: 0.00200 + L_NonMnfld: 0.00007 + L_Eknl: 0.23591 + L_Morse: 1.34427 + L_thetaHessian: 0.30544 + L_thetaNeighbor: 0.06476 + L_Guidance: 0.01252
Feature guidance terms: boundary=0.00626, intra=0.00000, neighbor=0.00000, diversity=0.00000

Weights: [7000.0, 600.0, 10.0, 50.0, 30.0, 3.0, 6737.777777777777], lr=5.000e-05
Epoch: 0 [ 380/3000 (13%)] Loss: 51.00264 = L_Mnfld: 13.41028 + L_NonMnfld: 0.02339 + L_Eknl: 11.72457 + L_Morse: 4.07196 + L_thetaHessian: 3.08970 + L_thetaNeighbor: 1.68186 + L_Guidance: 87.79862
Epoch: 0 [ 380/3000 (13%)] Unweighted L_s : L_Mnfld: 0.00192 + L_NonMnfld: 0.00004 + L_Eknl: 0.23449 + L_Morse: 1.35732 + L_thetaHessian: 0.30897 + L_thetaNeighbor: 0.05606 + L_Guidance: 0.01303
Feature guidance terms: boundary=0.00652, intra=0.00000, neighbor=0.00000, diversity=0.00000

Weights: [7000.0, 600.0, 10.0, 50.0, 30.0, 3.0, 6915.555555555557], lr=5.000e-05
Epoch: 0 [ 390/3000 (13%)] Loss: 53.43436 = L_Mnfld: 14.87691 + L_NonMnfld: 0.03603 + L_Eknl: 11.45848 + L_Morse: 4.07102 + L_thetaHessian: 3.29461 + L_thetaNeighbor: 1.88586 + L_Guidance: 97.38064
Epoch: 0 [ 390/3000 (13%)] Unweighted L_s : L_Mnfld: 0.00213 + L_NonMnfld: 0.00006 + L_Eknl: 0.22917 + L_Morse: 1.35701 + L_thetaHessian: 0.32946 + L_thetaNeighbor: 0.06286 + L_Guidance: 0.01408
Feature guidance terms: boundary=0.00704, intra=0.00000, neighbor=0.00000, diversity=0.00000

Weights: [7000.0, 600.0, 10.0, 50.0, 30.0, 3.0, 7093.333333333334], lr=5.000e-05
Epoch: 0 [ 400/3000 (13%)] Loss: 50.54527 = L_Mnfld: 13.58414 + L_NonMnfld: 0.02193 + L_Eknl: 11.21833 + L_Morse: 4.14074 + L_thetaHessian: 3.05854 + L_thetaNeighbor: 1.67316 + L_Guidance: 89.13205
Epoch: 0 [ 400/3000 (13%)] Unweighted L_s : L_Mnfld: 0.00194 + L_NonMnfld: 0.00004 + L_Eknl: 0.22437 + L_Morse: 1.38025 + L_thetaHessian: 0.30585 + L_thetaNeighbor: 0.05577 + L_Guidance: 0.01257
Feature guidance terms: boundary=0.00628, intra=0.00000, neighbor=0.00000, diversity=0.00000

Weights: [7000.0, 600.0, 10.0, 50.0, 30.0, 3.0, 7271.111111111111], lr=5.000e-05
Epoch: 0 [ 410/3000 (14%)] Loss: 51.77505 = L_Mnfld: 14.24427 + L_NonMnfld: 0.07802 + L_Eknl: 11.27537 + L_Morse: 4.11738 + L_thetaHessian: 3.08595 + L_thetaNeighbor: 1.71572 + L_Guidance: 108.14812
Epoch: 0 [ 410/3000 (14%)] Unweighted L_s : L_Mnfld: 0.00203 + L_NonMnfld: 0.00013 + L_Eknl: 0.22551 + L_Morse: 1.37246 + L_thetaHessian: 0.30859 + L_thetaNeighbor: 0.05719 + L_Guidance: 0.01487
Feature guidance terms: boundary=0.00744, intra=0.00000, neighbor=0.00000, diversity=0.00000

Weights: [7000.0, 600.0, 10.0, 50.0, 30.0, 3.0, 7448.888888888889], lr=5.000e-05
Epoch: 0 [ 420/3000 (14%)] Loss: 49.83556 = L_Mnfld: 13.39683 + L_NonMnfld: 0.02875 + L_Eknl: 10.85027 + L_Morse: 4.18599 + L_thetaHessian: 3.04292 + L_thetaNeighbor: 1.71895 + L_Guidance: 96.58237
Epoch: 0 [ 420/3000 (14%)] Unweighted L_s : L_Mnfld: 0.00191 + L_NonMnfld: 0.00005 + L_Eknl: 0.21701 + L_Morse: 1.39533 + L_thetaHessian: 0.30429 + L_thetaNeighbor: 0.05730 + L_Guidance: 0.01297
Feature guidance terms: boundary=0.00648, intra=0.00000, neighbor=0.00000, diversity=0.00000

Weights: [7000.0, 600.0, 10.0, 50.0, 30.0, 3.0, 7626.666666666666], lr=5.000e-05
Epoch: 0 [ 430/3000 (14%)] Loss: 49.63217 = L_Mnfld: 12.98608 + L_NonMnfld: 0.03911 + L_Eknl: 10.74549 + L_Morse: 4.20155 + L_thetaHessian: 3.10855 + L_thetaNeighbor: 2.00733 + L_Guidance: 90.85529
Epoch: 0 [ 430/3000 (14%)] Unweighted L_s : L_Mnfld: 0.00186 + L_NonMnfld: 0.00007 + L_Eknl: 0.21491 + L_Morse: 1.40052 + L_thetaHessian: 0.31085 + L_thetaNeighbor: 0.06691 + L_Guidance: 0.01191
Feature guidance terms: boundary=0.00596, intra=0.00000, neighbor=0.00000, diversity=0.00000

Weights: [7000.0, 600.0, 10.0, 50.0, 30.0, 3.0, 7804.444444444445], lr=5.000e-05
Epoch: 0 [ 440/3000 (15%)] Loss: 48.67599 = L_Mnfld: 12.88875 + L_NonMnfld: 0.04379 + L_Eknl: 10.46302 + L_Morse: 4.22821 + L_thetaHessian: 3.07012 + L_thetaNeighbor: 1.75677 + L_Guidance: 88.39267
Epoch: 0 [ 440/3000 (15%)] Unweighted L_s : L_Mnfld: 0.00184 + L_NonMnfld: 0.00007 + L_Eknl: 0.20926 + L_Morse: 1.40940 + L_thetaHessian: 0.30701 + L_thetaNeighbor: 0.05856 + L_Guidance: 0.01133
Feature guidance terms: boundary=0.00566, intra=0.00000, neighbor=0.00000, diversity=0.00000

Weights: [7000.0, 600.0, 10.0, 50.0, 30.0, 3.0, 7982.222222222223], lr=5.000e-05
Epoch: 0 [ 450/3000 (15%)] Loss: 49.01564 = L_Mnfld: 12.84422 + L_NonMnfld: 0.03550 + L_Eknl: 10.40135 + L_Morse: 4.24875 + L_thetaHessian: 3.10477 + L_thetaNeighbor: 2.04251 + L_Guidance: 91.73856
Epoch: 0 [ 450/3000 (15%)] Unweighted L_s : L_Mnfld: 0.00183 + L_NonMnfld: 0.00006 + L_Eknl: 0.20803 + L_Morse: 1.41625 + L_thetaHessian: 0.31048 + L_thetaNeighbor: 0.06808 + L_Guidance: 0.01149
Feature guidance terms: boundary=0.00575, intra=0.00000, neighbor=0.00000, diversity=0.00000

Weights: [7000.0, 600.0, 10.0, 50.0, 30.0, 3.0, 8000.0], lr=5.000e-05
Epoch: 0 [ 460/3000 (15%)] Loss: 50.98397 = L_Mnfld: 13.81401 + L_NonMnfld: 0.02342 + L_Eknl: 10.16075 + L_Morse: 4.25364 + L_thetaHessian: 3.15011 + L_thetaNeighbor: 2.58738 + L_Guidance: 88.27122
Epoch: 0 [ 460/3000 (15%)] Unweighted L_s : L_Mnfld: 0.00197 + L_NonMnfld: 0.00004 + L_Eknl: 0.20322 + L_Morse: 1.41788 + L_thetaHessian: 0.31501 + L_thetaNeighbor: 0.08625 + L_Guidance: 0.01103
Feature guidance terms: boundary=0.00552, intra=0.00000, neighbor=0.00000, diversity=0.00000

Weights: [7000.0, 600.0, 10.0, 50.0, 30.0, 3.0, 8000.0], lr=5.000e-05
Epoch: 0 [ 470/3000 (16%)] Loss: 47.81672 = L_Mnfld: 12.64488 + L_NonMnfld: 0.04399 + L_Eknl: 9.82398 + L_Morse: 4.27252 + L_thetaHessian: 3.31182 + L_thetaNeighbor: 1.78062 + L_Guidance: 97.66041
Epoch: 0 [ 470/3000 (16%)] Unweighted L_s : L_Mnfld: 0.00181 + L_NonMnfld: 0.00007 + L_Eknl: 0.19648 + L_Morse: 1.42417 + L_thetaHessian: 0.33118 + L_thetaNeighbor: 0.05935 + L_Guidance: 0.01221
Feature guidance terms: boundary=0.00610, intra=0.00000, neighbor=0.00000, diversity=0.00000

Weights: [7000.0, 600.0, 10.0, 50.0, 30.0, 3.0, 8000.0], lr=5.000e-05
Epoch: 0 [ 480/3000 (16%)] Loss: 47.62051 = L_Mnfld: 12.87404 + L_NonMnfld: 0.02374 + L_Eknl: 9.62197 + L_Morse: 4.29380 + L_thetaHessian: 3.12562 + L_thetaNeighbor: 1.80782 + L_Guidance: 88.35310
Epoch: 0 [ 480/3000 (16%)] Unweighted L_s : L_Mnfld: 0.00184 + L_NonMnfld: 0.00004 + L_Eknl: 0.19244 + L_Morse: 1.43127 + L_thetaHessian: 0.31256 + L_thetaNeighbor: 0.06026 + L_Guidance: 0.01104
Feature guidance terms: boundary=0.00552, intra=0.00000, neighbor=0.00000, diversity=0.00000

Weights: [7000.0, 600.0, 10.0, 50.0, 30.0, 3.0, 8000.0], lr=5.000e-05
Epoch: 0 [ 490/3000 (16%)] Loss: 48.12608 = L_Mnfld: 12.32678 + L_NonMnfld: 0.03495 + L_Eknl: 9.75163 + L_Morse: 4.28441 + L_thetaHessian: 3.29505 + L_thetaNeighbor: 2.39124 + L_Guidance: 83.81521
Epoch: 0 [ 490/3000 (16%)] Unweighted L_s : L_Mnfld: 0.00176 + L_NonMnfld: 0.00006 + L_Eknl: 0.19503 + L_Morse: 1.42814 + L_thetaHessian: 0.32950 + L_thetaNeighbor: 0.07971 + L_Guidance: 0.01048
Feature guidance terms: boundary=0.00524, intra=0.00000, neighbor=0.00000, diversity=0.00000

Weights: [7000.0, 600.0, 10.0, 50.0, 30.0, 3.0, 8000.0], lr=5.000e-05
Epoch: 0 [ 500/3000 (17%)] Loss: 48.83583 = L_Mnfld: 13.50708 + L_NonMnfld: 0.02824 + L_Eknl: 9.52942 + L_Morse: 4.29190 + L_thetaHessian: 3.15791 + L_thetaNeighbor: 2.04268 + L_Guidance: 82.64114
Epoch: 0 [ 500/3000 (17%)] Unweighted L_s : L_Mnfld: 0.00193 + L_NonMnfld: 0.00005 + L_Eknl: 0.19059 + L_Morse: 1.43063 + L_thetaHessian: 0.31579 + L_thetaNeighbor: 0.06809 + L_Guidance: 0.01033
Feature guidance terms: boundary=0.00517, intra=0.00000, neighbor=0.00000, diversity=0.00000

Weights: [7000.0, 600.0, 10.0, 50.0, 30.0, 3.0, 8000.0], lr=5.000e-05
Epoch: 0 [ 510/3000 (17%)] Loss: 47.30378 = L_Mnfld: 12.53597 + L_NonMnfld: 0.02550 + L_Eknl: 9.38877 + L_Morse: 4.25785 + L_thetaHessian: 3.22477 + L_thetaNeighbor: 2.10299 + L_Guidance: 81.47307
Epoch: 0 [ 510/3000 (17%)] Unweighted L_s : L_Mnfld: 0.00179 + L_NonMnfld: 0.00004 + L_Eknl: 0.18778 + L_Morse: 1.41928 + L_thetaHessian: 0.32248 + L_thetaNeighbor: 0.07010 + L_Guidance: 0.01018
Feature guidance terms: boundary=0.00509, intra=0.00000, neighbor=0.00000, diversity=0.00000

Weights: [7000.0, 600.0, 10.0, 50.0, 30.0, 3.0, 8000.0], lr=5.000e-05
Epoch: 0 [ 520/3000 (17%)] Loss: 49.51966 = L_Mnfld: 13.50740 + L_NonMnfld: 0.02221 + L_Eknl: 9.14409 + L_Morse: 4.25843 + L_thetaHessian: 3.33817 + L_thetaNeighbor: 2.74281 + L_Guidance: 105.11947
Epoch: 0 [ 520/3000 (17%)] Unweighted L_s : L_Mnfld: 0.00193 + L_NonMnfld: 0.00004 + L_Eknl: 0.18288 + L_Morse: 1.41948 + L_thetaHessian: 0.33382 + L_thetaNeighbor: 0.09143 + L_Guidance: 0.01314
Feature guidance terms: boundary=0.00657, intra=0.00000, neighbor=0.00000, diversity=0.00000

Weights: [7000.0, 600.0, 10.0, 50.0, 30.0, 3.0, 8000.0], lr=5.000e-05
Epoch: 0 [ 530/3000 (18%)] Loss: 45.82810 = L_Mnfld: 12.12319 + L_NonMnfld: 0.04333 + L_Eknl: 8.86907 + L_Morse: 4.24077 + L_thetaHessian: 3.25237 + L_thetaNeighbor: 2.02333 + L_Guidance: 93.43161
Epoch: 0 [ 530/3000 (18%)] Unweighted L_s : L_Mnfld: 0.00173 + L_NonMnfld: 0.00007 + L_Eknl: 0.17738 + L_Morse: 1.41359 + L_thetaHessian: 0.32524 + L_thetaNeighbor: 0.06744 + L_Guidance: 0.01168
Feature guidance terms: boundary=0.00584, intra=0.00000, neighbor=0.00000, diversity=0.00000

Weights: [7000.0, 600.0, 10.0, 50.0, 30.0, 3.0, 8000.0], lr=5.000e-05
Epoch: 0 [ 540/3000 (18%)] Loss: 48.65369 = L_Mnfld: 14.26457 + L_NonMnfld: 0.04099 + L_Eknl: 8.79980 + L_Morse: 4.21750 + L_thetaHessian: 3.26375 + L_thetaNeighbor: 1.84917 + L_Guidance: 93.73947
Epoch: 0 [ 540/3000 (18%)] Unweighted L_s : L_Mnfld: 0.00204 + L_NonMnfld: 0.00007 + L_Eknl: 0.17600 + L_Morse: 1.40583 + L_thetaHessian: 0.32638 + L_thetaNeighbor: 0.06164 + L_Guidance: 0.01172
Feature guidance terms: boundary=0.00586, intra=0.00000, neighbor=0.00000, diversity=0.00000

Weights: [7000.0, 600.0, 10.0, 50.0, 30.0, 3.0, 8000.0], lr=5.000e-05
Epoch: 0 [ 550/3000 (18%)] Loss: 48.16634 = L_Mnfld: 13.52582 + L_NonMnfld: 0.04199 + L_Eknl: 8.71316 + L_Morse: 4.17439 + L_thetaHessian: 3.22536 + L_thetaNeighbor: 2.43017 + L_Guidance: 93.16815
Epoch: 0 [ 550/3000 (18%)] Unweighted L_s : L_Mnfld: 0.00193 + L_NonMnfld: 0.00007 + L_Eknl: 0.17426 + L_Morse: 1.39146 + L_thetaHessian: 0.32254 + L_thetaNeighbor: 0.08101 + L_Guidance: 0.01165
Feature guidance terms: boundary=0.00582, intra=0.00000, neighbor=0.00000, diversity=0.00000

Weights: [7000.0, 600.0, 10.0, 50.0, 30.0, 3.0, 8000.0], lr=5.000e-05
Epoch: 0 [ 560/3000 (19%)] Loss: 49.08153 = L_Mnfld: 14.38777 + L_NonMnfld: 0.02884 + L_Eknl: 8.40072 + L_Morse: 4.12355 + L_thetaHessian: 3.33159 + L_thetaNeighbor: 2.44856 + L_Guidance: 81.39006
Epoch: 0 [ 560/3000 (19%)] Unweighted L_s : L_Mnfld: 0.00206 + L_NonMnfld: 0.00005 + L_Eknl: 0.16801 + L_Morse: 1.37452 + L_thetaHessian: 0.33316 + L_thetaNeighbor: 0.08162 + L_Guidance: 0.01017
Feature guidance terms: boundary=0.00509, intra=0.00000, neighbor=0.00000, diversity=0.00000

Weights: [7000.0, 600.0, 10.0, 50.0, 30.0, 3.0, 8000.0], lr=5.000e-05
Epoch: 0 [ 570/3000 (19%)] Loss: 48.09895 = L_Mnfld: 13.62446 + L_NonMnfld: 0.03262 + L_Eknl: 8.45420 + L_Morse: 4.08016 + L_thetaHessian: 3.46066 + L_thetaNeighbor: 2.41386 + L_Guidance: 87.82449
Epoch: 0 [ 570/3000 (19%)] Unweighted L_s : L_Mnfld: 0.00195 + L_NonMnfld: 0.00005 + L_Eknl: 0.16908 + L_Morse: 1.36005 + L_thetaHessian: 0.34607 + L_thetaNeighbor: 0.08046 + L_Guidance: 0.01098
Feature guidance terms: boundary=0.00549, intra=0.00000, neighbor=0.00000, diversity=0.00000

Weights: [7000.0, 600.0, 10.0, 50.0, 30.0, 3.0, 8000.0], lr=5.000e-05
Epoch: 0 [ 580/3000 (19%)] Loss: 46.84581 = L_Mnfld: 13.24862 + L_NonMnfld: 0.02493 + L_Eknl: 8.39212 + L_Morse: 3.99009 + L_thetaHessian: 3.56083 + L_thetaNeighbor: 2.01395 + L_Guidance: 78.02057
Epoch: 0 [ 580/3000 (19%)] Unweighted L_s : L_Mnfld: 0.00189 + L_NonMnfld: 0.00004 + L_Eknl: 0.16784 + L_Morse: 1.33003 + L_thetaHessian: 0.35608 + L_thetaNeighbor: 0.06713 + L_Guidance: 0.00975
Feature guidance terms: boundary=0.00488, intra=0.00000, neighbor=0.00000, diversity=0.00000

Weights: [7000.0, 600.0, 10.0, 50.0, 30.0, 3.0, 8000.0], lr=5.000e-05
Epoch: 0 [ 590/3000 (20%)] Loss: 44.81334 = L_Mnfld: 12.11611 + L_NonMnfld: 0.02717 + L_Eknl: 8.22174 + L_Morse: 3.96416 + L_thetaHessian: 3.56154 + L_thetaNeighbor: 1.98483 + L_Guidance: 74.79195
Epoch: 0 [ 590/3000 (20%)] Unweighted L_s : L_Mnfld: 0.00173 + L_NonMnfld: 0.00005 + L_Eknl: 0.16443 + L_Morse: 1.32139 + L_thetaHessian: 0.35615 + L_thetaNeighbor: 0.06616 + L_Guidance: 0.00935
Feature guidance terms: boundary=0.00467, intra=0.00000, neighbor=0.00000, diversity=0.00000

Weights: [7000.0, 600.0, 10.0, 50.0, 30.0, 3.0, 8000.0], lr=5.000e-05
Epoch: 0 [ 600/3000 (20%)] Loss: 48.27628 = L_Mnfld: 13.96350 + L_NonMnfld: 0.02353 + L_Eknl: 7.91407 + L_Morse: 3.95658 + L_thetaHessian: 3.66667 + L_thetaNeighbor: 2.65985 + L_Guidance: 81.41059
Epoch: 0 [ 600/3000 (20%)] Unweighted L_s : L_Mnfld: 0.00199 + L_NonMnfld: 0.00004 + L_Eknl: 0.15828 + L_Morse: 1.31886 + L_thetaHessian: 0.36667 + L_thetaNeighbor: 0.08866 + L_Guidance: 0.01018
Feature guidance terms: boundary=0.00509, intra=0.00000, neighbor=0.00000, diversity=0.00000

Weights: [7000.0, 600.0, 10.0, 50.0, 30.0, 2.955015, 8000.0], lr=5.000e-05
Epoch: 0 [ 610/3000 (20%)] Loss: 53.11514 = L_Mnfld: 17.49187 + L_NonMnfld: 0.02692 + L_Eknl: 7.78180 + L_Morse: 3.84368 + L_thetaHessian: 3.79994 + L_thetaNeighbor: 2.46589 + L_Guidance: 184.44358
Epoch: 0 [ 610/3000 (20%)] Unweighted L_s : L_Mnfld: 0.00250 + L_NonMnfld: 0.00004 + L_Eknl: 0.15564 + L_Morse: 1.30073 + L_thetaHessian: 0.37999 + L_thetaNeighbor: 0.08220 + L_Guidance: 0.02306
Feature guidance terms: boundary=0.01153, intra=0.00000, neighbor=0.00000, diversity=0.00000

Weights: [7000.0, 600.0, 10.0, 50.0, 30.0, 2.905031666666667, 8000.0], lr=5.000e-05
Epoch: 0 [ 620/3000 (21%)] Loss: 65.15549 = L_Mnfld: 26.06808 + L_NonMnfld: 0.02475 + L_Eknl: 7.91753 + L_Morse: 3.80405 + L_thetaHessian: 3.85764 + L_thetaNeighbor: 1.76495 + L_Guidance: 111.76173
Epoch: 0 [ 620/3000 (21%)] Unweighted L_s : L_Mnfld: 0.00372 + L_NonMnfld: 0.00004 + L_Eknl: 0.15835 + L_Morse: 1.30947 + L_thetaHessian: 0.38576 + L_thetaNeighbor: 0.05883 + L_Guidance: 0.01397
Feature guidance terms: boundary=0.00699, intra=0.00000, neighbor=0.00000, diversity=0.00000

Weights: [7000.0, 600.0, 10.0, 50.0, 30.0, 2.8550483333333334, 8000.0], lr=5.000e-05
Epoch: 0 [ 630/3000 (21%)] Loss: 77.24001 = L_Mnfld: 33.17139 + L_NonMnfld: 0.02437 + L_Eknl: 7.91589 + L_Morse: 3.88888 + L_thetaHessian: 3.76348 + L_thetaNeighbor: 2.72932 + L_Guidance: 143.20023
Epoch: 0 [ 630/3000 (21%)] Unweighted L_s : L_Mnfld: 0.00474 + L_NonMnfld: 0.00004 + L_Eknl: 0.15832 + L_Morse: 1.36211 + L_thetaHessian: 0.37635 + L_thetaNeighbor: 0.09098 + L_Guidance: 0.01790
Feature guidance terms: boundary=0.00895, intra=0.00000, neighbor=0.00000, diversity=0.00000

Weights: [7000.0, 600.0, 10.0, 50.0, 30.0, 2.8050650000000004, 8000.0], lr=5.000e-05
Epoch: 0 [ 640/3000 (21%)] Loss: 71.38039 = L_Mnfld: 28.13746 + L_NonMnfld: 0.11381 + L_Eknl: 8.81114 + L_Morse: 3.76729 + L_thetaHessian: 4.42067 + L_thetaNeighbor: 2.33656 + L_Guidance: 135.50340
Epoch: 0 [ 640/3000 (21%)] Unweighted L_s : L_Mnfld: 0.00402 + L_NonMnfld: 0.00019 + L_Eknl: 0.17622 + L_Morse: 1.34303 + L_thetaHessian: 0.44207 + L_thetaNeighbor: 0.07789 + L_Guidance: 0.01694
Feature guidance terms: boundary=0.00847, intra=0.00000, neighbor=0.00000, diversity=0.00000

Weights: [7000.0, 600.0, 10.0, 50.0, 30.0, 2.755081666666667, 8000.0], lr=5.000e-05
Epoch: 0 [ 650/3000 (22%)] Loss: 67.01858 = L_Mnfld: 26.12824 + L_NonMnfld: 0.03216 + L_Eknl: 8.29105 + L_Morse: 3.67274 + L_thetaHessian: 4.52553 + L_thetaNeighbor: 2.02933 + L_Guidance: 109.14464
Epoch: 0 [ 650/3000 (22%)] Unweighted L_s : L_Mnfld: 0.00373 + L_NonMnfld: 0.00005 + L_Eknl: 0.16582 + L_Morse: 1.33308 + L_thetaHessian: 0.45255 + L_thetaNeighbor: 0.06764 + L_Guidance: 0.01364
Feature guidance terms: boundary=0.00682, intra=0.00000, neighbor=0.00000, diversity=0.00000

Weights: [7000.0, 600.0, 10.0, 50.0, 30.0, 2.7050983333333334, 8000.0], lr=5.000e-05
Epoch: 0 [ 660/3000 (22%)] Loss: 74.48340 = L_Mnfld: 29.98849 + L_NonMnfld: 0.04877 + L_Eknl: 8.12814 + L_Morse: 3.52837 + L_thetaHessian: 4.60835 + L_thetaNeighbor: 3.35348 + L_Guidance: 111.63098
Epoch: 0 [ 660/3000 (22%)] Unweighted L_s : L_Mnfld: 0.00428 + L_NonMnfld: 0.00008 + L_Eknl: 0.16256 + L_Morse: 1.30434 + L_thetaHessian: 0.46083 + L_thetaNeighbor: 0.11178 + L_Guidance: 0.01395
Feature guidance terms: boundary=0.00698, intra=0.00000, neighbor=0.00000, diversity=0.00000

Weights: [7000.0, 600.0, 10.0, 50.0, 30.0, 2.6551150000000003, 8000.0], lr=5.000e-05
Epoch: 0 [ 670/3000 (22%)] Loss: 66.79734 = L_Mnfld: 26.57357 + L_NonMnfld: 0.05147 + L_Eknl: 7.95949 + L_Morse: 3.31790 + L_thetaHessian: 3.99467 + L_thetaNeighbor: 2.63444 + L_Guidance: 115.47900
Epoch: 0 [ 670/3000 (22%)] Unweighted L_s : L_Mnfld: 0.00380 + L_NonMnfld: 0.00009 + L_Eknl: 0.15919 + L_Morse: 1.24962 + L_thetaHessian: 0.39947 + L_thetaNeighbor: 0.08781 + L_Guidance: 0.01443
Feature guidance terms: boundary=0.00722, intra=0.00000, neighbor=0.00000, diversity=0.00000

Weights: [7000.0, 600.0, 10.0, 50.0, 30.0, 2.605131666666667, 8000.0], lr=5.000e-05
Epoch: 0 [ 680/3000 (23%)] Loss: 62.07056 = L_Mnfld: 23.84337 + L_NonMnfld: 0.07104 + L_Eknl: 8.00019 + L_Morse: 3.32745 + L_thetaHessian: 4.12585 + L_thetaNeighbor: 2.01246 + L_Guidance: 125.82365
Epoch: 0 [ 680/3000 (23%)] Unweighted L_s : L_Mnfld: 0.00341 + L_NonMnfld: 0.00012 + L_Eknl: 0.16000 + L_Morse: 1.27727 + L_thetaHessian: 0.41259 + L_thetaNeighbor: 0.06708 + L_Guidance: 0.01573
Feature guidance terms: boundary=0.00786, intra=0.00000, neighbor=0.00000, diversity=0.00000

Weights: [7000.0, 600.0, 10.0, 50.0, 30.0, 2.555148333333334, 8000.0], lr=5.000e-05
Epoch: 0 [ 690/3000 (23%)] Loss: 51.70697 = L_Mnfld: 18.65095 + L_NonMnfld: 0.02542 + L_Eknl: 7.20963 + L_Morse: 3.00547 + L_thetaHessian: 3.75634 + L_thetaNeighbor: 1.82350 + L_Guidance: 100.87939
Epoch: 0 [ 690/3000 (23%)] Unweighted L_s : L_Mnfld: 0.00266 + L_NonMnfld: 0.00004 + L_Eknl: 0.14419 + L_Morse: 1.17624 + L_thetaHessian: 0.37563 + L_thetaNeighbor: 0.06078 + L_Guidance: 0.01261
Feature guidance terms: boundary=0.00630, intra=0.00000, neighbor=0.00000, diversity=0.00000

Weights: [7000.0, 600.0, 10.0, 50.0, 30.0, 2.505165, 8000.0], lr=5.000e-05
Epoch: 0 [ 700/3000 (23%)] Loss: 45.88508 = L_Mnfld: 15.82608 + L_NonMnfld: 0.03477 + L_Eknl: 7.00160 + L_Morse: 2.68082 + L_thetaHessian: 3.35610 + L_thetaNeighbor: 1.69068 + L_Guidance: 95.12812
Epoch: 0 [ 700/3000 (23%)] Unweighted L_s : L_Mnfld: 0.00226 + L_NonMnfld: 0.00006 + L_Eknl: 0.14003 + L_Morse: 1.07012 + L_thetaHessian: 0.33561 + L_thetaNeighbor: 0.05636 + L_Guidance: 0.01189
Feature guidance terms: boundary=0.00595, intra=0.00000, neighbor=0.00000, diversity=0.00000

Weights: [7000.0, 600.0, 10.0, 50.0, 30.0, 2.455181666666667, 8000.0], lr=5.000e-05
Epoch: 0 [ 710/3000 (24%)] Loss: 42.49353 = L_Mnfld: 14.15367 + L_NonMnfld: 0.04230 + L_Eknl: 6.47716 + L_Morse: 2.57904 + L_thetaHessian: 3.38382 + L_thetaNeighbor: 1.69303 + L_Guidance: 89.11858
Epoch: 0 [ 710/3000 (24%)] Unweighted L_s : L_Mnfld: 0.00202 + L_NonMnfld: 0.00007 + L_Eknl: 0.12954 + L_Morse: 1.05045 + L_thetaHessian: 0.33838 + L_thetaNeighbor: 0.05643 + L_Guidance: 0.01114
Feature guidance terms: boundary=0.00557, intra=0.00000, neighbor=0.00000, diversity=0.00000

Weights: [7000.0, 600.0, 10.0, 50.0, 30.0, 2.4051983333333338, 8000.0], lr=5.000e-05
Epoch: 0 [ 720/3000 (24%)] Loss: 40.31941 = L_Mnfld: 12.54165 + L_NonMnfld: 0.04501 + L_Eknl: 6.56456 + L_Morse: 2.48109 + L_thetaHessian: 3.30805 + L_thetaNeighbor: 1.93924 + L_Guidance: 84.56577
Epoch: 0 [ 720/3000 (24%)] Unweighted L_s : L_Mnfld: 0.00179 + L_NonMnfld: 0.00008 + L_Eknl: 0.13129 + L_Morse: 1.03155 + L_thetaHessian: 0.33081 + L_thetaNeighbor: 0.06464 + L_Guidance: 0.01057
Feature guidance terms: boundary=0.00529, intra=0.00000, neighbor=0.00000, diversity=0.00000

Weights: [7000.0, 600.0, 10.0, 50.0, 30.0, 2.3552150000000003, 8000.0], lr=5.000e-05
Epoch: 0 [ 730/3000 (24%)] Loss: 37.89920 = L_Mnfld: 11.59539 + L_NonMnfld: 0.03927 + L_Eknl: 6.23587 + L_Morse: 2.38505 + L_thetaHessian: 3.23582 + L_thetaNeighbor: 1.77473 + L_Guidance: 81.19729
Epoch: 0 [ 730/3000 (24%)] Unweighted L_s : L_Mnfld: 0.00166 + L_NonMnfld: 0.00007 + L_Eknl: 0.12472 + L_Morse: 1.01267 + L_thetaHessian: 0.32358 + L_thetaNeighbor: 0.05916 + L_Guidance: 0.01015
Feature guidance terms: boundary=0.00507, intra=0.00000, neighbor=0.00000, diversity=0.00000

Weights: [7000.0, 600.0, 10.0, 50.0, 30.0, 2.305231666666667, 8000.0], lr=5.000e-05
Epoch: 0 [ 740/3000 (25%)] Loss: 37.37176 = L_Mnfld: 11.24907 + L_NonMnfld: 0.05526 + L_Eknl: 6.26362 + L_Morse: 2.34374 + L_thetaHessian: 3.19881 + L_thetaNeighbor: 1.80401 + L_Guidance: 84.11739
Epoch: 0 [ 740/3000 (25%)] Unweighted L_s : L_Mnfld: 0.00161 + L_NonMnfld: 0.00009 + L_Eknl: 0.12527 + L_Morse: 1.01670 + L_thetaHessian: 0.31988 + L_thetaNeighbor: 0.06013 + L_Guidance: 0.01051
Feature guidance terms: boundary=0.00526, intra=0.00000, neighbor=0.00000, diversity=0.00000

Weights: [7000.0, 600.0, 10.0, 50.0, 30.0, 2.2552483333333333, 8000.0], lr=5.000e-05
Epoch: 0 [ 750/3000 (25%)] Loss: 36.42662 = L_Mnfld: 10.93550 + L_NonMnfld: 0.03495 + L_Eknl: 5.97878 + L_Morse: 2.25957 + L_thetaHessian: 3.23240 + L_thetaNeighbor: 1.84322 + L_Guidance: 77.00563
Epoch: 0 [ 750/3000 (25%)] Unweighted L_s : L_Mnfld: 0.00156 + L_NonMnfld: 0.00006 + L_Eknl: 0.11958 + L_Morse: 1.00192 + L_thetaHessian: 0.32324 + L_thetaNeighbor: 0.06144 + L_Guidance: 0.00963
Feature guidance terms: boundary=0.00481, intra=0.00000, neighbor=0.00000, diversity=0.00000

Weights: [7000.0, 600.0, 10.0, 50.0, 30.0, 2.2052650000000003, 8000.0], lr=5.000e-05
Epoch: 0 [ 760/3000 (25%)] Loss: 36.03762 = L_Mnfld: 10.58017 + L_NonMnfld: 0.04368 + L_Eknl: 6.12937 + L_Morse: 2.18930 + L_thetaHessian: 3.23112 + L_thetaNeighbor: 1.85145 + L_Guidance: 75.66892
Epoch: 0 [ 760/3000 (25%)] Unweighted L_s : L_Mnfld: 0.00151 + L_NonMnfld: 0.00007 + L_Eknl: 0.12259 + L_Morse: 0.99276 + L_thetaHessian: 0.32311 + L_thetaNeighbor: 0.06171 + L_Guidance: 0.00946
Feature guidance terms: boundary=0.00473, intra=0.00000, neighbor=0.00000, diversity=0.00000

Weights: [7000.0, 600.0, 10.0, 50.0, 30.0, 2.1552816666666663, 8000.0], lr=5.000e-05
Epoch: 0 [ 770/3000 (26%)] Loss: 35.27992 = L_Mnfld: 10.33493 + L_NonMnfld: 0.02936 + L_Eknl: 5.91596 + L_Morse: 2.12573 + L_thetaHessian: 3.23520 + L_thetaNeighbor: 1.87877 + L_Guidance: 74.51354
Epoch: 0 [ 770/3000 (26%)] Unweighted L_s : L_Mnfld: 0.00148 + L_NonMnfld: 0.00005 + L_Eknl: 0.11832 + L_Morse: 0.98629 + L_thetaHessian: 0.32352 + L_thetaNeighbor: 0.06263 + L_Guidance: 0.00931
Feature guidance terms: boundary=0.00466, intra=0.00000, neighbor=0.00000, diversity=0.00000

Weights: [7000.0, 600.0, 10.0, 50.0, 30.0, 2.1052983333333337, 8000.0], lr=5.000e-05
Epoch: 0 [ 780/3000 (26%)] Loss: 34.77068 = L_Mnfld: 10.09011 + L_NonMnfld: 0.04726 + L_Eknl: 5.89920 + L_Morse: 2.07285 + L_thetaHessian: 3.19188 + L_thetaNeighbor: 1.87916 + L_Guidance: 73.35296
Epoch: 0 [ 780/3000 (26%)] Unweighted L_s : L_Mnfld: 0.00144 + L_NonMnfld: 0.00008 + L_Eknl: 0.11798 + L_Morse: 0.98459 + L_thetaHessian: 0.31919 + L_thetaNeighbor: 0.06264 + L_Guidance: 0.00917
Feature guidance terms: boundary=0.00458, intra=0.00000, neighbor=0.00000, diversity=0.00000

Weights: [7000.0, 600.0, 10.0, 50.0, 30.0, 2.055315, 8000.0], lr=5.000e-05
Epoch: 0 [ 790/3000 (26%)] Loss: 34.05644 = L_Mnfld: 9.78544 + L_NonMnfld: 0.03789 + L_Eknl: 5.73785 + L_Morse: 2.01468 + L_thetaHessian: 3.18859 + L_thetaNeighbor: 1.93983 + L_Guidance: 72.40815
Epoch: 0 [ 790/3000 (26%)] Unweighted L_s : L_Mnfld: 0.00140 + L_NonMnfld: 0.00006 + L_Eknl: 0.11476 + L_Morse: 0.98023 + L_thetaHessian: 0.31886 + L_thetaNeighbor: 0.06466 + L_Guidance: 0.00905
Feature guidance terms: boundary=0.00453, intra=0.00000, neighbor=0.00000, diversity=0.00000

Weights: [7000.0, 600.0, 10.0, 50.0, 30.0, 2.005331666666667, 8000.0], lr=5.000e-05
Epoch: 0 [ 800/3000 (27%)] Loss: 34.11130 = L_Mnfld: 9.89169 + L_NonMnfld: 0.03375 + L_Eknl: 5.80124 + L_Morse: 1.95672 + L_thetaHessian: 3.19278 + L_thetaNeighbor: 1.86468 + L_Guidance: 71.86125
Epoch: 0 [ 800/3000 (27%)] Unweighted L_s : L_Mnfld: 0.00141 + L_NonMnfld: 0.00006 + L_Eknl: 0.11602 + L_Morse: 0.97576 + L_thetaHessian: 0.31928 + L_thetaNeighbor: 0.06216 + L_Guidance: 0.00898
Feature guidance terms: boundary=0.00449, intra=0.00000, neighbor=0.00000, diversity=0.00000

Weights: [7000.0, 600.0, 10.0, 50.0, 30.0, 1.9553483333333335, 8000.0], lr=5.000e-05
Epoch: 0 [ 810/3000 (27%)] Loss: 33.64701 = L_Mnfld: 9.71517 + L_NonMnfld: 0.03010 + L_Eknl: 5.70382 + L_Morse: 1.91514 + L_thetaHessian: 3.18426 + L_thetaNeighbor: 1.88285 + L_Guidance: 70.45732
Epoch: 0 [ 810/3000 (27%)] Unweighted L_s : L_Mnfld: 0.00139 + L_NonMnfld: 0.00005 + L_Eknl: 0.11408 + L_Morse: 0.97944 + L_thetaHessian: 0.31843 + L_thetaNeighbor: 0.06276 + L_Guidance: 0.00881
Feature guidance terms: boundary=0.00440, intra=0.00000, neighbor=0.00000, diversity=0.00000

Weights: [7000.0, 600.0, 10.0, 50.0, 30.0, 1.905365, 8000.0], lr=5.000e-05
Epoch: 0 [ 820/3000 (27%)] Loss: 32.86801 = L_Mnfld: 9.17805 + L_NonMnfld: 0.03862 + L_Eknl: 5.75249 + L_Morse: 1.86175 + L_thetaHessian: 3.20695 + L_thetaNeighbor: 1.87415 + L_Guidance: 69.67322
Epoch: 0 [ 820/3000 (27%)] Unweighted L_s : L_Mnfld: 0.00131 + L_NonMnfld: 0.00006 + L_Eknl: 0.11505 + L_Morse: 0.97711 + L_thetaHessian: 0.32069 + L_thetaNeighbor: 0.06247 + L_Guidance: 0.00871
Feature guidance terms: boundary=0.00435, intra=0.00000, neighbor=0.00000, diversity=0.00000

Weights: [7000.0, 600.0, 10.0, 50.0, 30.0, 1.855381666666667, 8000.0], lr=5.000e-05
Epoch: 0 [ 830/3000 (28%)] Loss: 32.53148 = L_Mnfld: 9.31779 + L_NonMnfld: 0.02903 + L_Eknl: 5.49347 + L_Morse: 1.80348 + L_thetaHessian: 3.18409 + L_thetaNeighbor: 1.85979 + L_Guidance: 68.84809
Epoch: 0 [ 830/3000 (28%)] Unweighted L_s : L_Mnfld: 0.00133 + L_NonMnfld: 0.00005 + L_Eknl: 0.10987 + L_Morse: 0.97203 + L_thetaHessian: 0.31841 + L_thetaNeighbor: 0.06199 + L_Guidance: 0.00861
Feature guidance terms: boundary=0.00430, intra=0.00000, neighbor=0.00000, diversity=0.00000

Weights: [7000.0, 600.0, 10.0, 50.0, 30.0, 1.8053983333333334, 8000.0], lr=5.000e-05
Epoch: 0 [ 840/3000 (28%)] Loss: 32.72576 = L_Mnfld: 9.41186 + L_NonMnfld: 0.05341 + L_Eknl: 5.59316 + L_Morse: 1.75130 + L_thetaHessian: 3.15096 + L_thetaNeighbor: 1.85648 + L_Guidance: 68.09986
Epoch: 0 [ 840/3000 (28%)] Unweighted L_s : L_Mnfld: 0.00134 + L_NonMnfld: 0.00009 + L_Eknl: 0.11186 + L_Morse: 0.97003 + L_thetaHessian: 0.31510 + L_thetaNeighbor: 0.06188 + L_Guidance: 0.00851
Feature guidance terms: boundary=0.00426, intra=0.00000, neighbor=0.00000, diversity=0.00000

Weights: [7000.0, 600.0, 10.0, 50.0, 30.0, 1.7554150000000006, 8000.0], lr=5.000e-05
Epoch: 0 [ 850/3000 (28%)] Loss: 31.99427 = L_Mnfld: 9.02164 + L_NonMnfld: 0.02558 + L_Eknl: 5.45776 + L_Morse: 1.70424 + L_thetaHessian: 3.19098 + L_thetaNeighbor: 1.92931 + L_Guidance: 67.26100
Epoch: 0 [ 850/3000 (28%)] Unweighted L_s : L_Mnfld: 0.00129 + L_NonMnfld: 0.00004 + L_Eknl: 0.10916 + L_Morse: 0.97084 + L_thetaHessian: 0.31910 + L_thetaNeighbor: 0.06431 + L_Guidance: 0.00841
Feature guidance terms: boundary=0.00420, intra=0.00000, neighbor=0.00000, diversity=0.00000

Weights: [7000.0, 600.0, 10.0, 50.0, 30.0, 1.705431666666667, 8000.0], lr=5.000e-05
Epoch: 0 [ 860/3000 (29%)] Loss: 32.24396 = L_Mnfld: 9.12494 + L_NonMnfld: 0.03395 + L_Eknl: 5.48512 + L_Morse: 1.65174 + L_thetaHessian: 3.17094 + L_thetaNeighbor: 2.02929 + L_Guidance: 66.86613
Epoch: 0 [ 860/3000 (29%)] Unweighted L_s : L_Mnfld: 0.00130 + L_NonMnfld: 0.00006 + L_Eknl: 0.10970 + L_Morse: 0.96851 + L_thetaHessian: 0.31709 + L_thetaNeighbor: 0.06764 + L_Guidance: 0.00836
Feature guidance terms: boundary=0.00418, intra=0.00000, neighbor=0.00000, diversity=0.00000

Weights: [7000.0, 600.0, 10.0, 50.0, 30.0, 1.6554483333333332, 8000.0], lr=5.000e-05
Epoch: 0 [ 870/3000 (29%)] Loss: 31.88334 = L_Mnfld: 9.00304 + L_NonMnfld: 0.02346 + L_Eknl: 5.39282 + L_Morse: 1.60189 + L_thetaHessian: 3.16220 + L_thetaNeighbor: 2.07216 + L_Guidance: 66.23171
Epoch: 0 [ 870/3000 (29%)] Unweighted L_s : L_Mnfld: 0.00129 + L_NonMnfld: 0.00004 + L_Eknl: 0.10786 + L_Morse: 0.96764 + L_thetaHessian: 0.31622 + L_thetaNeighbor: 0.06907 + L_Guidance: 0.00828
Feature guidance terms: boundary=0.00414, intra=0.00000, neighbor=0.00000, diversity=0.00000

Weights: [7000.0, 600.0, 10.0, 50.0, 30.0, 1.6054650000000006, 8000.0], lr=5.000e-05
Epoch: 0 [ 880/3000 (29%)] Loss: 31.93532 = L_Mnfld: 8.95648 + L_NonMnfld: 0.04165 + L_Eknl: 5.44802 + L_Morse: 1.55233 + L_thetaHessian: 3.16191 + L_thetaNeighbor: 2.12982 + L_Guidance: 66.16750
Epoch: 0 [ 880/3000 (29%)] Unweighted L_s : L_Mnfld: 0.00128 + L_NonMnfld: 0.00007 + L_Eknl: 0.10896 + L_Morse: 0.96690 + L_thetaHessian: 0.31619 + L_thetaNeighbor: 0.07099 + L_Guidance: 0.00827
Feature guidance terms: boundary=0.00414, intra=0.00000, neighbor=0.00000, diversity=0.00000

Weights: [7000.0, 600.0, 10.0, 50.0, 30.0, 1.5554816666666667, 8000.0], lr=5.000e-05
Epoch: 0 [ 890/3000 (30%)] Loss: 31.53676 = L_Mnfld: 8.86922 + L_NonMnfld: 0.02170 + L_Eknl: 5.37938 + L_Morse: 1.50314 + L_thetaHessian: 3.17492 + L_thetaNeighbor: 2.07615 + L_Guidance: 65.27457
Epoch: 0 [ 890/3000 (30%)] Unweighted L_s : L_Mnfld: 0.00127 + L_NonMnfld: 0.00004 + L_Eknl: 0.10759 + L_Morse: 0.96635 + L_thetaHessian: 0.31749 + L_thetaNeighbor: 0.06921 + L_Guidance: 0.00816
Feature guidance terms: boundary=0.00408, intra=0.00000, neighbor=0.00000, diversity=0.00000

Weights: [7000.0, 600.0, 10.0, 50.0, 30.0, 1.5054983333333332, 8000.0], lr=5.000e-05
Epoch: 0 [ 900/3000 (30%)] Loss: 31.23502 = L_Mnfld: 8.87725 + L_NonMnfld: 0.02075 + L_Eknl: 5.32047 + L_Morse: 1.45867 + L_thetaHessian: 3.16868 + L_thetaNeighbor: 1.97752 + L_Guidance: 64.48850
Epoch: 0 [ 900/3000 (30%)] Unweighted L_s : L_Mnfld: 0.00127 + L_NonMnfld: 0.00003 + L_Eknl: 0.10641 + L_Morse: 0.96890 + L_thetaHessian: 0.31687 + L_thetaNeighbor: 0.06592 + L_Guidance: 0.00806
Feature guidance terms: boundary=0.00403, intra=0.00000, neighbor=0.00000, diversity=0.00000

Weights: [7000.0, 600.0, 10.0, 50.0, 30.0, 1.4555150000000001, 8000.0], lr=5.000e-05
Epoch: 0 [ 910/3000 (30%)] Loss: 31.33736 = L_Mnfld: 9.01738 + L_NonMnfld: 0.02486 + L_Eknl: 5.26578 + L_Morse: 1.40630 + L_thetaHessian: 3.17196 + L_thetaNeighbor: 2.00528 + L_Guidance: 63.61417
Epoch: 0 [ 910/3000 (30%)] Unweighted L_s : L_Mnfld: 0.00129 + L_NonMnfld: 0.00004 + L_Eknl: 0.10532 + L_Morse: 0.96619 + L_thetaHessian: 0.31720 + L_thetaNeighbor: 0.06684 + L_Guidance: 0.00795
Feature guidance terms: boundary=0.00398, intra=0.00000, neighbor=0.00000, diversity=0.00000

Weights: [7000.0, 600.0, 10.0, 50.0, 30.0, 1.4055316666666666, 8000.0], lr=5.000e-05
Epoch: 0 [ 920/3000 (31%)] Loss: 30.45771 = L_Mnfld: 8.64965 + L_NonMnfld: 0.04235 + L_Eknl: 5.32310 + L_Morse: 1.36006 + L_thetaHessian: 3.11463 + L_thetaNeighbor: 1.81535 + L_Guidance: 70.50725
Epoch: 0 [ 920/3000 (31%)] Unweighted L_s : L_Mnfld: 0.00124 + L_NonMnfld: 0.00007 + L_Eknl: 0.10646 + L_Morse: 0.96764 + L_thetaHessian: 0.31146 + L_thetaNeighbor: 0.06051 + L_Guidance: 0.00881
Feature guidance terms: boundary=0.00441, intra=0.00000, neighbor=0.00000, diversity=0.00000

Weights: [7000.0, 600.0, 10.0, 50.0, 30.0, 1.355548333333334, 8000.0], lr=5.000e-05
Epoch: 0 [ 930/3000 (31%)] Loss: 30.67799 = L_Mnfld: 8.86749 + L_NonMnfld: 0.02410 + L_Eknl: 5.05202 + L_Morse: 1.31453 + L_thetaHessian: 3.13528 + L_thetaNeighbor: 2.05858 + L_Guidance: 62.19454
Epoch: 0 [ 930/3000 (31%)] Unweighted L_s : L_Mnfld: 0.00127 + L_NonMnfld: 0.00004 + L_Eknl: 0.10104 + L_Morse: 0.96974 + L_thetaHessian: 0.31353 + L_thetaNeighbor: 0.06862 + L_Guidance: 0.00777
Feature guidance terms: boundary=0.00389, intra=0.00000, neighbor=0.00000, diversity=0.00000

Weights: [7000.0, 600.0, 10.0, 50.0, 30.0, 1.305565, 8000.0], lr=5.000e-05
Epoch: 0 [ 940/3000 (31%)] Loss: 30.39140 = L_Mnfld: 8.62429 + L_NonMnfld: 0.03791 + L_Eknl: 5.15821 + L_Morse: 1.26567 + L_thetaHessian: 3.13187 + L_thetaNeighbor: 2.04299 + L_Guidance: 61.62943
Epoch: 0 [ 940/3000 (31%)] Unweighted L_s : L_Mnfld: 0.00123 + L_NonMnfld: 0.00006 + L_Eknl: 0.10316 + L_Morse: 0.96944 + L_thetaHessian: 0.31319 + L_thetaNeighbor: 0.06810 + L_Guidance: 0.00770
Feature guidance terms: boundary=0.00385, intra=0.00000, neighbor=0.00000, diversity=0.00000

Weights: [7000.0, 600.0, 10.0, 50.0, 30.0, 1.2555816666666666, 8000.0], lr=5.000e-05
Epoch: 0 [ 950/3000 (32%)] Loss: 30.60140 = L_Mnfld: 8.79306 + L_NonMnfld: 0.03895 + L_Eknl: 5.14795 + L_Morse: 1.21876 + L_thetaHessian: 3.11917 + L_thetaNeighbor: 2.08304 + L_Guidance: 61.19813
Epoch: 0 [ 950/3000 (32%)] Unweighted L_s : L_Mnfld: 0.00126 + L_NonMnfld: 0.00006 + L_Eknl: 0.10296 + L_Morse: 0.97067 + L_thetaHessian: 0.31192 + L_thetaNeighbor: 0.06943 + L_Guidance: 0.00765
Feature guidance terms: boundary=0.00382, intra=0.00000, neighbor=0.00000, diversity=0.00000

Weights: [7000.0, 600.0, 10.0, 50.0, 30.0, 1.2055983333333335, 8000.0], lr=5.000e-05
Epoch: 0 [ 960/3000 (32%)] Loss: 29.75295 = L_Mnfld: 8.51660 + L_NonMnfld: 0.04047 + L_Eknl: 5.05411 + L_Morse: 1.17357 + L_thetaHessian: 3.10618 + L_thetaNeighbor: 1.94437 + L_Guidance: 60.67076
Epoch: 0 [ 960/3000 (32%)] Unweighted L_s : L_Mnfld: 0.00122 + L_NonMnfld: 0.00007 + L_Eknl: 0.10108 + L_Morse: 0.97343 + L_thetaHessian: 0.31062 + L_thetaNeighbor: 0.06481 + L_Guidance: 0.00758
Feature guidance terms: boundary=0.00379, intra=0.00000, neighbor=0.00000, diversity=0.00000

Weights: [7000.0, 600.0, 10.0, 50.0, 30.0, 1.155615, 8000.0], lr=5.000e-05
Epoch: 0 [ 970/3000 (32%)] Loss: 30.32855 = L_Mnfld: 8.82376 + L_NonMnfld: 0.02100 + L_Eknl: 5.10884 + L_Morse: 1.12537 + L_thetaHessian: 3.14884 + L_thetaNeighbor: 1.99123 + L_Guidance: 60.28707
Epoch: 0 [ 970/3000 (32%)] Unweighted L_s : L_Mnfld: 0.00126 + L_NonMnfld: 0.00004 + L_Eknl: 0.10218 + L_Morse: 0.97383 + L_thetaHessian: 0.31488 + L_thetaNeighbor: 0.06637 + L_Guidance: 0.00754
Feature guidance terms: boundary=0.00377, intra=0.00000, neighbor=0.00000, diversity=0.00000

Weights: [7000.0, 600.0, 10.0, 50.0, 30.0, 1.1056316666666672, 8000.0], lr=5.000e-05
Epoch: 0 [ 980/3000 (33%)] Loss: 29.59105 = L_Mnfld: 8.45640 + L_NonMnfld: 0.06555 + L_Eknl: 5.05499 + L_Morse: 1.07939 + L_thetaHessian: 3.08969 + L_thetaNeighbor: 1.98134 + L_Guidance: 58.73384
Epoch: 0 [ 980/3000 (33%)] Unweighted L_s : L_Mnfld: 0.00121 + L_NonMnfld: 0.00011 + L_Eknl: 0.10110 + L_Morse: 0.97626 + L_thetaHessian: 0.30897 + L_thetaNeighbor: 0.06604 + L_Guidance: 0.00734
Feature guidance terms: boundary=0.00367, intra=0.00000, neighbor=0.00000, diversity=0.00000

Weights: [7000.0, 600.0, 10.0, 50.0, 30.0, 1.0556483333333335, 8000.0], lr=5.000e-05
Epoch: 0 [ 990/3000 (33%)] Loss: 30.24131 = L_Mnfld: 8.78424 + L_NonMnfld: 0.03408 + L_Eknl: 5.05182 + L_Morse: 1.03618 + L_thetaHessian: 3.12363 + L_thetaNeighbor: 2.13093 + L_Guidance: 59.26290
Epoch: 0 [ 990/3000 (33%)] Unweighted L_s : L_Mnfld: 0.00125 + L_NonMnfld: 0.00006 + L_Eknl: 0.10104 + L_Morse: 0.98156 + L_thetaHessian: 0.31236 + L_thetaNeighbor: 0.07103 + L_Guidance: 0.00741
Feature guidance terms: boundary=0.00370, intra=0.00000, neighbor=0.00000, diversity=0.00000

Weights: [7000.0, 600.0, 10.0, 50.0, 30.0, 1.005665, 8000.0], lr=5.000e-05
Epoch: 0 [1000/3000 (33%)] Loss: 29.31663 = L_Mnfld: 8.48395 + L_NonMnfld: 0.03887 + L_Eknl: 4.96990 + L_Morse: 0.98719 + L_thetaHessian: 3.09850 + L_thetaNeighbor: 1.96601 + L_Guidance: 57.50807
Epoch: 0 [1000/3000 (33%)] Unweighted L_s : L_Mnfld: 0.00121 + L_NonMnfld: 0.00006 + L_Eknl: 0.09940 + L_Morse: 0.98163 + L_thetaHessian: 0.30985 + L_thetaNeighbor: 0.06553 + L_Guidance: 0.00719
Feature guidance terms: boundary=0.00359, intra=0.00000, neighbor=0.00000, diversity=0.00000

Weights: [7000.0, 600.0, 10.0, 50.0, 30.0, 0.955681666666667, 8000.0], lr=5.000e-05
Epoch: 0 [1010/3000 (34%)] Loss: 30.20057 = L_Mnfld: 8.91518 + L_NonMnfld: 0.01693 + L_Eknl: 5.00390 + L_Morse: 0.94399 + L_thetaHessian: 3.13781 + L_thetaNeighbor: 2.11591 + L_Guidance: 56.60345
Epoch: 0 [1010/3000 (34%)] Unweighted L_s : L_Mnfld: 0.00127 + L_NonMnfld: 0.00003 + L_Eknl: 0.10008 + L_Morse: 0.98777 + L_thetaHessian: 0.31378 + L_thetaNeighbor: 0.07053 + L_Guidance: 0.00708
Feature guidance terms: boundary=0.00354, intra=0.00000, neighbor=0.00000, diversity=0.00000

Weights: [7000.0, 600.0, 10.0, 50.0, 30.0, 0.9056983333333335, 8000.0], lr=5.000e-05
Epoch: 0 [1020/3000 (34%)] Loss: 29.02377 = L_Mnfld: 8.29501 + L_NonMnfld: 0.03835 + L_Eknl: 4.95418 + L_Morse: 0.89554 + L_thetaHessian: 3.12330 + L_thetaNeighbor: 2.04281 + L_Guidance: 67.33470
Epoch: 0 [1020/3000 (34%)] Unweighted L_s : L_Mnfld: 0.00119 + L_NonMnfld: 0.00006 + L_Eknl: 0.09908 + L_Morse: 0.98878 + L_thetaHessian: 0.31233 + L_thetaNeighbor: 0.06809 + L_Guidance: 0.00842
Feature guidance terms: boundary=0.00421, intra=0.00000, neighbor=0.00000, diversity=0.00000

Weights: [7000.0, 600.0, 10.0, 50.0, 30.0, 0.855715, 8000.0], lr=5.000e-05
Epoch: 0 [1030/3000 (34%)] Loss: 29.91267 = L_Mnfld: 8.80889 + L_NonMnfld: 0.02414 + L_Eknl: 4.96826 + L_Morse: 0.85047 + L_thetaHessian: 3.23189 + L_thetaNeighbor: 2.05813 + L_Guidance: 56.21359
Epoch: 0 [1030/3000 (34%)] Unweighted L_s : L_Mnfld: 0.00126 + L_NonMnfld: 0.00004 + L_Eknl: 0.09937 + L_Morse: 0.99387 + L_thetaHessian: 0.32319 + L_thetaNeighbor: 0.06860 + L_Guidance: 0.00703
Feature guidance terms: boundary=0.00351, intra=0.00000, neighbor=0.00000, diversity=0.00000

Weights: [7000.0, 600.0, 10.0, 50.0, 30.0, 0.805731666666667, 8000.0], lr=5.000e-05
Epoch: 0 [1040/3000 (35%)] Loss: 29.18269 = L_Mnfld: 8.30122 + L_NonMnfld: 0.05253 + L_Eknl: 4.93116 + L_Morse: 0.80322 + L_thetaHessian: 3.16737 + L_thetaNeighbor: 2.19963 + L_Guidance: 55.26543
Epoch: 0 [1040/3000 (35%)] Unweighted L_s : L_Mnfld: 0.00119 + L_NonMnfld: 0.00009 + L_Eknl: 0.09862 + L_Morse: 0.99688 + L_thetaHessian: 0.31674 + L_thetaNeighbor: 0.07332 + L_Guidance: 0.00691
Feature guidance terms: boundary=0.00345, intra=0.00000, neighbor=0.00000, diversity=0.00000

Weights: [7000.0, 600.0, 10.0, 50.0, 30.0, 0.7557483333333335, 8000.0], lr=5.000e-05
Epoch: 0 [1050/3000 (35%)] Loss: 29.71949 = L_Mnfld: 8.89425 + L_NonMnfld: 0.02148 + L_Eknl: 4.93089 + L_Morse: 0.75582 + L_thetaHessian: 3.13542 + L_thetaNeighbor: 2.07513 + L_Guidance: 60.98329
Epoch: 0 [1050/3000 (35%)] Unweighted L_s : L_Mnfld: 0.00127 + L_NonMnfld: 0.00004 + L_Eknl: 0.09862 + L_Morse: 1.00009 + L_thetaHessian: 0.31354 + L_thetaNeighbor: 0.06917 + L_Guidance: 0.00762
Feature guidance terms: boundary=0.00381, intra=0.00000, neighbor=0.00000, diversity=0.00000

Weights: [7000.0, 600.0, 10.0, 50.0, 30.0, 0.7057650000000004, 8000.0], lr=5.000e-05
Epoch: 0 [1060/3000 (35%)] Loss: 28.78724 = L_Mnfld: 8.20561 + L_NonMnfld: 0.03220 + L_Eknl: 4.88512 + L_Morse: 0.71073 + L_thetaHessian: 3.13281 + L_thetaNeighbor: 2.22502 + L_Guidance: 56.10289
Epoch: 0 [1060/3000 (35%)] Unweighted L_s : L_Mnfld: 0.00117 + L_NonMnfld: 0.00005 + L_Eknl: 0.09770 + L_Morse: 1.00703 + L_thetaHessian: 0.31328 + L_thetaNeighbor: 0.07417 + L_Guidance: 0.00701
Feature guidance terms: boundary=0.00351, intra=0.00000, neighbor=0.00000, diversity=0.00000

Weights: [7000.0, 600.0, 10.0, 50.0, 30.0, 0.6557816666666669, 8000.0], lr=5.000e-05
Epoch: 0 [1070/3000 (36%)] Loss: 29.52012 = L_Mnfld: 8.76050 + L_NonMnfld: 0.01720 + L_Eknl: 4.77444 + L_Morse: 0.66135 + L_thetaHessian: 3.17183 + L_thetaNeighbor: 2.29475 + L_Guidance: 53.22778
Epoch: 0 [1070/3000 (36%)] Unweighted L_s : L_Mnfld: 0.00125 + L_NonMnfld: 0.00003 + L_Eknl: 0.09549 + L_Morse: 1.00850 + L_thetaHessian: 0.31718 + L_thetaNeighbor: 0.07649 + L_Guidance: 0.00665
Feature guidance terms: boundary=0.00333, intra=0.00000, neighbor=0.00000, diversity=0.00000

Weights: [7000.0, 600.0, 10.0, 50.0, 30.0, 0.6057983333333334, 8000.0], lr=5.000e-05
Epoch: 0 [1080/3000 (36%)] Loss: 28.41919 = L_Mnfld: 8.08668 + L_NonMnfld: 0.04884 + L_Eknl: 4.86539 + L_Morse: 0.61670 + L_thetaHessian: 3.14062 + L_thetaNeighbor: 2.18790 + L_Guidance: 53.28352
Epoch: 0 [1080/3000 (36%)] Unweighted L_s : L_Mnfld: 0.00116 + L_NonMnfld: 0.00008 + L_Eknl: 0.09731 + L_Morse: 1.01799 + L_thetaHessian: 0.31406 + L_thetaNeighbor: 0.07293 + L_Guidance: 0.00666
Feature guidance terms: boundary=0.00333, intra=0.00000, neighbor=0.00000, diversity=0.00000

Weights: [7000.0, 600.0, 10.0, 50.0, 30.0, 0.5558150000000004, 8000.0], lr=5.000e-05
Epoch: 0 [1090/3000 (36%)] Loss: 29.25592 = L_Mnfld: 8.75238 + L_NonMnfld: 0.02955 + L_Eknl: 4.64937 + L_Morse: 0.56714 + L_thetaHessian: 3.15209 + L_thetaNeighbor: 2.35341 + L_Guidance: 53.83503
Epoch: 0 [1090/3000 (36%)] Unweighted L_s : L_Mnfld: 0.00125 + L_NonMnfld: 0.00005 + L_Eknl: 0.09299 + L_Morse: 1.02038 + L_thetaHessian: 0.31521 + L_thetaNeighbor: 0.07845 + L_Guidance: 0.00673
Feature guidance terms: boundary=0.00336, intra=0.00000, neighbor=0.00000, diversity=0.00000

Weights: [7000.0, 600.0, 10.0, 50.0, 30.0, 0.5058316666666669, 8000.0], lr=5.000e-05
Epoch: 0 [1100/3000 (37%)] Loss: 28.31806 = L_Mnfld: 8.20899 + L_NonMnfld: 0.03215 + L_Eknl: 4.78952 + L_Morse: 0.52116 + L_thetaHessian: 3.10351 + L_thetaNeighbor: 2.22339 + L_Guidance: 51.79406
Epoch: 0 [1100/3000 (37%)] Unweighted L_s : L_Mnfld: 0.00117 + L_NonMnfld: 0.00005 + L_Eknl: 0.09579 + L_Morse: 1.03029 + L_thetaHessian: 0.31035 + L_thetaNeighbor: 0.07411 + L_Guidance: 0.00647
Feature guidance terms: boundary=0.00324, intra=0.00000, neighbor=0.00000, diversity=0.00000

Weights: [7000.0, 600.0, 10.0, 50.0, 30.0, 0.45584833333333385, 8000.0], lr=5.000e-05
Epoch: 0 [1110/3000 (37%)] Loss: 28.61285 = L_Mnfld: 8.66686 + L_NonMnfld: 0.03013 + L_Eknl: 4.71992 + L_Morse: 0.47201 + L_thetaHessian: 3.07720 + L_thetaNeighbor: 2.10911 + L_Guidance: 51.56454
Epoch: 0 [1110/3000 (37%)] Unweighted L_s : L_Mnfld: 0.00124 + L_NonMnfld: 0.00005 + L_Eknl: 0.09440 + L_Morse: 1.03546 + L_thetaHessian: 0.30772 + L_thetaNeighbor: 0.07030 + L_Guidance: 0.00645
Feature guidance terms: boundary=0.00322, intra=0.00000, neighbor=0.00000, diversity=0.00000

Weights: [7000.0, 600.0, 10.0, 50.0, 30.0, 0.40586500000000036, 8000.0], lr=5.000e-05
Epoch: 0 [1120/3000 (37%)] Loss: 28.57921 = L_Mnfld: 8.24389 + L_NonMnfld: 0.02086 + L_Eknl: 4.76513 + L_Morse: 0.42382 + L_thetaHessian: 3.16803 + L_thetaNeighbor: 2.43107 + L_Guidance: 65.52225
Epoch: 0 [1120/3000 (37%)] Unweighted L_s : L_Mnfld: 0.00118 + L_NonMnfld: 0.00003 + L_Eknl: 0.09530 + L_Morse: 1.04425 + L_thetaHessian: 0.31680 + L_thetaNeighbor: 0.08104 + L_Guidance: 0.00819
Feature guidance terms: boundary=0.00410, intra=0.00000, neighbor=0.00000, diversity=0.00000

Weights: [7000.0, 600.0, 10.0, 50.0, 30.0, 0.3558816666666669, 8000.0], lr=5.000e-05
Epoch: 0 [1130/3000 (38%)] Loss: 28.87868 = L_Mnfld: 8.76014 + L_NonMnfld: 0.02027 + L_Eknl: 4.66526 + L_Morse: 0.37328 + L_thetaHessian: 3.11328 + L_thetaNeighbor: 2.32024 + L_Guidance: 64.96957
Epoch: 0 [1130/3000 (38%)] Unweighted L_s : L_Mnfld: 0.00125 + L_NonMnfld: 0.00003 + L_Eknl: 0.09331 + L_Morse: 1.04888 + L_thetaHessian: 0.31133 + L_thetaNeighbor: 0.07734 + L_Guidance: 0.00812
Feature guidance terms: boundary=0.00406, intra=0.00000, neighbor=0.00000, diversity=0.00000

Weights: [7000.0, 600.0, 10.0, 50.0, 30.0, 0.3058983333333338, 8000.0], lr=5.000e-05
Epoch: 0 [1140/3000 (38%)] Loss: 27.80545 = L_Mnfld: 8.20875 + L_NonMnfld: 0.03260 + L_Eknl: 4.73314 + L_Morse: 0.32401 + L_thetaHessian: 3.14983 + L_thetaNeighbor: 2.08863 + L_Guidance: 73.88840
Epoch: 0 [1140/3000 (38%)] Unweighted L_s : L_Mnfld: 0.00117 + L_NonMnfld: 0.00005 + L_Eknl: 0.09466 + L_Morse: 1.05921 + L_thetaHessian: 0.31498 + L_thetaNeighbor: 0.06962 + L_Guidance: 0.00924
Feature guidance terms: boundary=0.00462, intra=0.00000, neighbor=0.00000, diversity=0.00000

Weights: [7000.0, 600.0, 10.0, 50.0, 30.0, 0.25591500000000034, 8000.0], lr=5.000e-05
Epoch: 0 [1150/3000 (38%)] Loss: 28.16548 = L_Mnfld: 8.41476 + L_NonMnfld: 0.01507 + L_Eknl: 4.75074 + L_Morse: 0.27334 + L_thetaHessian: 3.13172 + L_thetaNeighbor: 2.19135 + L_Guidance: 67.83119
Epoch: 0 [1150/3000 (38%)] Unweighted L_s : L_Mnfld: 0.00120 + L_NonMnfld: 0.00003 + L_Eknl: 0.09501 + L_Morse: 1.06810 + L_thetaHessian: 0.31317 + L_thetaNeighbor: 0.07305 + L_Guidance: 0.00848
Feature guidance terms: boundary=0.00424, intra=0.00000, neighbor=0.00000, diversity=0.00000

Weights: [7000.0, 600.0, 10.0, 50.0, 30.0, 0.2059316666666673, 8000.0], lr=5.000e-05
Epoch: 0 [1160/3000 (39%)] Loss: 27.69035 = L_Mnfld: 8.29178 + L_NonMnfld: 0.02621 + L_Eknl: 4.67469 + L_Morse: 0.22248 + L_thetaHessian: 3.08225 + L_thetaNeighbor: 2.16282 + L_Guidance: 54.74424
Epoch: 0 [1160/3000 (39%)] Unweighted L_s : L_Mnfld: 0.00118 + L_NonMnfld: 0.00004 + L_Eknl: 0.09349 + L_Morse: 1.08035 + L_thetaHessian: 0.30823 + L_thetaNeighbor: 0.07209 + L_Guidance: 0.00684
Feature guidance terms: boundary=0.00342, intra=0.00000, neighbor=0.00000, diversity=0.00000

Weights: [7000.0, 600.0, 10.0, 50.0, 30.0, 0.1559483333333338, 8000.0], lr=5.000e-05
Epoch: 0 [1170/3000 (39%)] Loss: 27.28083 = L_Mnfld: 8.29881 + L_NonMnfld: 0.02310 + L_Eknl: 4.59650 + L_Morse: 0.16987 + L_thetaHessian: 3.06230 + L_thetaNeighbor: 2.03665 + L_Guidance: 65.11982
Epoch: 0 [1170/3000 (39%)] Unweighted L_s : L_Mnfld: 0.00119 + L_NonMnfld: 0.00004 + L_Eknl: 0.09193 + L_Morse: 1.08929 + L_thetaHessian: 0.30623 + L_thetaNeighbor: 0.06789 + L_Guidance: 0.00814
Feature guidance terms: boundary=0.00407, intra=0.00000, neighbor=0.00000, diversity=0.00000

Weights: [7000.0, 600.0, 10.0, 50.0, 30.0, 0.10596499999999986, 8000.0], lr=5.000e-05
Epoch: 0 [1180/3000 (39%)] Loss: 27.52602 = L_Mnfld: 8.29122 + L_NonMnfld: 0.02839 + L_Eknl: 4.68322 + L_Morse: 0.11704 + L_thetaHessian: 3.07215 + L_thetaNeighbor: 2.15868 + L_Guidance: 51.36267
Epoch: 0 [1180/3000 (39%)] Unweighted L_s : L_Mnfld: 0.00118 + L_NonMnfld: 0.00005 + L_Eknl: 0.09366 + L_Morse: 1.10448 + L_thetaHessian: 0.30721 + L_thetaNeighbor: 0.07196 + L_Guidance: 0.00642
Feature guidance terms: boundary=0.00321, intra=0.00000, neighbor=0.00000, diversity=0.00000

Weights: [7000.0, 600.0, 10.0, 50.0, 30.0, 0.05598166666666726, 8000.0], lr=5.000e-05
Epoch: 0 [1190/3000 (40%)] Loss: 27.87533 = L_Mnfld: 8.34540 + L_NonMnfld: 0.01185 + L_Eknl: 4.58529 + L_Morse: 0.06239 + L_thetaHessian: 3.23615 + L_thetaNeighbor: 2.34248 + L_Guidance: 82.38998
Epoch: 0 [1190/3000 (40%)] Unweighted L_s : L_Mnfld: 0.00119 + L_NonMnfld: 0.00002 + L_Eknl: 0.09171 + L_Morse: 1.11446 + L_thetaHessian: 0.32361 + L_thetaNeighbor: 0.07808 + L_Guidance: 0.01030
Feature guidance terms: boundary=0.00515, intra=0.00000, neighbor=0.00000, diversity=0.00000

Weights: [7000.0, 600.0, 10.0, 50.0, 30.0, 0.005998333333333328, 8000.0], lr=5.000e-05
Epoch: 0 [1200/3000 (40%)] Loss: 27.95423 = L_Mnfld: 8.45421 + L_NonMnfld: 0.06781 + L_Eknl: 4.62140 + L_Morse: 0.00679 + L_thetaHessian: 3.14408 + L_thetaNeighbor: 2.34186 + L_Guidance: 62.75803
Epoch: 0 [1200/3000 (40%)] Unweighted L_s : L_Mnfld: 0.00121 + L_NonMnfld: 0.00011 + L_Eknl: 0.09243 + L_Morse: 1.13169 + L_thetaHessian: 0.31441 + L_thetaNeighbor: 0.07806 + L_Guidance: 0.00784
Feature guidance terms: boundary=0.00392, intra=0.00000, neighbor=0.00000, diversity=0.00000

Weights: [7000.0, 600.0, 10.0, 50.0, 30.0, 0.000995, 8000.0], lr=5.000e-05
Epoch: 0 [1210/3000 (40%)] Loss: 26.64982 = L_Mnfld: 8.15068 + L_NonMnfld: 0.02771 + L_Eknl: 4.38188 + L_Morse: 0.00114 + L_thetaHessian: 3.15884 + L_thetaNeighbor: 2.04630 + L_Guidance: 54.91535
Epoch: 0 [1210/3000 (40%)] Unweighted L_s : L_Mnfld: 0.00116 + L_NonMnfld: 0.00005 + L_Eknl: 0.08764 + L_Morse: 1.14454 + L_thetaHessian: 0.31588 + L_thetaNeighbor: 0.06821 + L_Guidance: 0.00686
Feature guidance terms: boundary=0.00343, intra=0.00000, neighbor=0.00000, diversity=0.00000

Weights: [7000.0, 600.0, 10.0, 50.0, 30.0, 0.0009894444444444445, 8000.0], lr=5.000e-05
Epoch: 0 [1220/3000 (41%)] Loss: 27.20049 = L_Mnfld: 8.53077 + L_NonMnfld: 0.03663 + L_Eknl: 4.61990 + L_Morse: 0.00115 + L_thetaHessian: 3.09246 + L_thetaNeighbor: 1.85276 + L_Guidance: 62.76210
Epoch: 0 [1220/3000 (41%)] Unweighted L_s : L_Mnfld: 0.00122 + L_NonMnfld: 0.00006 + L_Eknl: 0.09240 + L_Morse: 1.16276 + L_thetaHessian: 0.30925 + L_thetaNeighbor: 0.06176 + L_Guidance: 0.00785
Feature guidance terms: boundary=0.00392, intra=0.00000, neighbor=0.00000, diversity=0.00000

Weights: [7000.0, 600.0, 10.0, 50.0, 30.0, 0.000983888888888889, 8000.0], lr=5.000e-05
Epoch: 0 [1230/3000 (41%)] Loss: 26.24251 = L_Mnfld: 7.89047 + L_NonMnfld: 0.02017 + L_Eknl: 4.60770 + L_Morse: 0.00116 + L_thetaHessian: 3.00366 + L_thetaNeighbor: 1.97185 + L_Guidance: 69.88502
Epoch: 0 [1230/3000 (41%)] Unweighted L_s : L_Mnfld: 0.00113 + L_NonMnfld: 0.00003 + L_Eknl: 0.09215 + L_Morse: 1.17552 + L_thetaHessian: 0.30037 + L_thetaNeighbor: 0.06573 + L_Guidance: 0.00874
Feature guidance terms: boundary=0.00437, intra=0.00000, neighbor=0.00000, diversity=0.00000

Weights: [7000.0, 600.0, 10.0, 50.0, 30.0, 0.0009783333333333334, 8000.0], lr=5.000e-05
Epoch: 0 [1240/3000 (41%)] Loss: 28.22681 = L_Mnfld: 8.80671 + L_NonMnfld: 0.02800 + L_Eknl: 4.54306 + L_Morse: 0.00116 + L_thetaHessian: 3.08446 + L_thetaNeighbor: 2.35448 + L_Guidance: 61.55437
Epoch: 0 [1240/3000 (41%)] Unweighted L_s : L_Mnfld: 0.00126 + L_NonMnfld: 0.00005 + L_Eknl: 0.09086 + L_Morse: 1.18943 + L_thetaHessian: 0.30845 + L_thetaNeighbor: 0.07848 + L_Guidance: 0.00769
Feature guidance terms: boundary=0.00385, intra=0.00000, neighbor=0.00000, diversity=0.00000

Weights: [7000.0, 600.0, 10.0, 50.0, 30.0, 0.0009727777777777778, 8000.0], lr=5.000e-05
Epoch: 0 [1250/3000 (42%)] Loss: 26.95841 = L_Mnfld: 8.13477 + L_NonMnfld: 0.02470 + L_Eknl: 4.38628 + L_Morse: 0.00116 + L_thetaHessian: 3.03590 + L_thetaNeighbor: 2.38947 + L_Guidance: 53.88389
Epoch: 0 [1250/3000 (42%)] Unweighted L_s : L_Mnfld: 0.00116 + L_NonMnfld: 0.00004 + L_Eknl: 0.08773 + L_Morse: 1.19640 + L_thetaHessian: 0.30359 + L_thetaNeighbor: 0.07965 + L_Guidance: 0.00674
Feature guidance terms: boundary=0.00337, intra=0.00000, neighbor=0.00000, diversity=0.00000

Weights: [7000.0, 600.0, 10.0, 50.0, 30.0, 0.0009672222222222223, 8000.0], lr=5.000e-05
Epoch: 0 [1260/3000 (42%)] Loss: 27.31590 = L_Mnfld: 8.56896 + L_NonMnfld: 0.02268 + L_Eknl: 4.46817 + L_Morse: 0.00117 + L_thetaHessian: 3.05643 + L_thetaNeighbor: 2.09320 + L_Guidance: 55.14802
Epoch: 0 [1260/3000 (42%)] Unweighted L_s : L_Mnfld: 0.00122 + L_NonMnfld: 0.00004 + L_Eknl: 0.08936 + L_Morse: 1.21186 + L_thetaHessian: 0.30564 + L_thetaNeighbor: 0.06977 + L_Guidance: 0.00689
Feature guidance terms: boundary=0.00345, intra=0.00000, neighbor=0.00000, diversity=0.00000

Weights: [7000.0, 600.0, 10.0, 50.0, 30.0, 0.0009616666666666668, 8000.0], lr=5.000e-05
Epoch: 0 [1270/3000 (42%)] Loss: 26.57596 = L_Mnfld: 7.93145 + L_NonMnfld: 0.01127 + L_Eknl: 4.50553 + L_Morse: 0.00118 + L_thetaHessian: 3.06711 + L_thetaNeighbor: 2.20076 + L_Guidance: 50.54370
Epoch: 0 [1270/3000 (42%)] Unweighted L_s : L_Mnfld: 0.00113 + L_NonMnfld: 0.00002 + L_Eknl: 0.09011 + L_Morse: 1.22469 + L_thetaHessian: 0.30671 + L_thetaNeighbor: 0.07336 + L_Guidance: 0.00632
Feature guidance terms: boundary=0.00316, intra=0.00000, neighbor=0.00000, diversity=0.00000

Weights: [7000.0, 600.0, 10.0, 50.0, 30.0, 0.0009561111111111111, 8000.0], lr=5.000e-05
Epoch: 0 [1280/3000 (43%)] Loss: 27.44763 = L_Mnfld: 8.73446 + L_NonMnfld: 0.02117 + L_Eknl: 4.53727 + L_Morse: 0.00118 + L_thetaHessian: 3.04852 + L_thetaNeighbor: 1.95581 + L_Guidance: 60.93441
Epoch: 0 [1280/3000 (43%)] Unweighted L_s : L_Mnfld: 0.00125 + L_NonMnfld: 0.00004 + L_Eknl: 0.09075 + L_Morse: 1.22905 + L_thetaHessian: 0.30485 + L_thetaNeighbor: 0.06519 + L_Guidance: 0.00762
Feature guidance terms: boundary=0.00381, intra=0.00000, neighbor=0.00000, diversity=0.00000

Weights: [7000.0, 600.0, 10.0, 50.0, 30.0, 0.0009505555555555556, 8000.0], lr=5.000e-05
Epoch: 0 [1290/3000 (43%)] Loss: 25.97171 = L_Mnfld: 7.89569 + L_NonMnfld: 0.01566 + L_Eknl: 4.40891 + L_Morse: 0.00118 + L_thetaHessian: 3.16383 + L_thetaNeighbor: 1.82920 + L_Guidance: 95.04807
Epoch: 0 [1290/3000 (43%)] Unweighted L_s : L_Mnfld: 0.00113 + L_NonMnfld: 0.00003 + L_Eknl: 0.08818 + L_Morse: 1.24008 + L_thetaHessian: 0.31638 + L_thetaNeighbor: 0.06097 + L_Guidance: 0.01188
Feature guidance terms: boundary=0.00594, intra=0.00000, neighbor=0.00000, diversity=0.00000

Weights: [7000.0, 600.0, 10.0, 50.0, 30.0, 0.0009450000000000001, 8000.0], lr=5.000e-05
Epoch: 0 [1300/3000 (43%)] Loss: 29.10221 = L_Mnfld: 8.82369 + L_NonMnfld: 0.03099 + L_Eknl: 4.41746 + L_Morse: 0.00118 + L_thetaHessian: 3.33154 + L_thetaNeighbor: 2.79662 + L_Guidance: 107.06892
Epoch: 0 [1300/3000 (43%)] Unweighted L_s : L_Mnfld: 0.00126 + L_NonMnfld: 0.00005 + L_Eknl: 0.08835 + L_Morse: 1.24738 + L_thetaHessian: 0.33315 + L_thetaNeighbor: 0.09322 + L_Guidance: 0.01338
Feature guidance terms: boundary=0.00669, intra=0.00000, neighbor=0.00000, diversity=0.00000

Weights: [7000.0, 600.0, 10.0, 50.0, 30.0, 0.0009394444444444445, 8000.0], lr=5.000e-05
Epoch: 0 [1310/3000 (44%)] Loss: 26.69779 = L_Mnfld: 7.99143 + L_NonMnfld: 0.01717 + L_Eknl: 4.41491 + L_Morse: 0.00118 + L_thetaHessian: 3.18630 + L_thetaNeighbor: 2.18754 + L_Guidance: 64.28336
Epoch: 0 [1310/3000 (44%)] Unweighted L_s : L_Mnfld: 0.00114 + L_NonMnfld: 0.00003 + L_Eknl: 0.08830 + L_Morse: 1.25501 + L_thetaHessian: 0.31863 + L_thetaNeighbor: 0.07292 + L_Guidance: 0.00804
Feature guidance terms: boundary=0.00402, intra=0.00000, neighbor=0.00000, diversity=0.00000

Weights: [7000.0, 600.0, 10.0, 50.0, 30.0, 0.0009338888888888889, 8000.0], lr=5.000e-05
Epoch: 0 [1320/3000 (44%)] Loss: 28.30991 = L_Mnfld: 8.68664 + L_NonMnfld: 0.05854 + L_Eknl: 4.58051 + L_Morse: 0.00118 + L_thetaHessian: 3.21663 + L_thetaNeighbor: 2.32977 + L_Guidance: 70.87305
Epoch: 0 [1320/3000 (44%)] Unweighted L_s : L_Mnfld: 0.00124 + L_NonMnfld: 0.00010 + L_Eknl: 0.09161 + L_Morse: 1.26100 + L_thetaHessian: 0.32166 + L_thetaNeighbor: 0.07766 + L_Guidance: 0.00886
Feature guidance terms: boundary=0.00443, intra=0.00000, neighbor=0.00000, diversity=0.00000

Weights: [7000.0, 600.0, 10.0, 50.0, 30.0, 0.0009283333333333334, 8000.0], lr=5.000e-05
Epoch: 0 [1330/3000 (44%)] Loss: 26.83088 = L_Mnfld: 8.10952 + L_NonMnfld: 0.02285 + L_Eknl: 4.54596 + L_Morse: 0.00118 + L_thetaHessian: 3.07873 + L_thetaNeighbor: 2.12901 + L_Guidance: 59.48824
Epoch: 0 [1330/3000 (44%)] Unweighted L_s : L_Mnfld: 0.00116 + L_NonMnfld: 0.00004 + L_Eknl: 0.09092 + L_Morse: 1.27130 + L_thetaHessian: 0.30787 + L_thetaNeighbor: 0.07097 + L_Guidance: 0.00744
Feature guidance terms: boundary=0.00372, intra=0.00000, neighbor=0.00000, diversity=0.00000

Weights: [7000.0, 600.0, 10.0, 50.0, 30.0, 0.0009227777777777778, 8000.0], lr=5.000e-05
Epoch: 0 [1340/3000 (45%)] Loss: 27.40516 = L_Mnfld: 8.56784 + L_NonMnfld: 0.02383 + L_Eknl: 4.41225 + L_Morse: 0.00118 + L_thetaHessian: 3.10110 + L_thetaNeighbor: 2.16390 + L_Guidance: 58.44913
Epoch: 0 [1340/3000 (45%)] Unweighted L_s : L_Mnfld: 0.00122 + L_NonMnfld: 0.00004 + L_Eknl: 0.08824 + L_Morse: 1.28063 + L_thetaHessian: 0.31011 + L_thetaNeighbor: 0.07213 + L_Guidance: 0.00731
Feature guidance terms: boundary=0.00365, intra=0.00000, neighbor=0.00000, diversity=0.00000

Weights: [7000.0, 600.0, 10.0, 50.0, 30.0, 0.0009172222222222223, 8000.0], lr=5.000e-05
Epoch: 0 [1350/3000 (45%)] Loss: 26.56992 = L_Mnfld: 8.33906 + L_NonMnfld: 0.02170 + L_Eknl: 4.32298 + L_Morse: 0.00118 + L_thetaHessian: 3.08040 + L_thetaNeighbor: 1.94797 + L_Guidance: 56.34839
Epoch: 0 [1350/3000 (45%)] Unweighted L_s : L_Mnfld: 0.00119 + L_NonMnfld: 0.00004 + L_Eknl: 0.08646 + L_Morse: 1.28292 + L_thetaHessian: 0.30804 + L_thetaNeighbor: 0.06493 + L_Guidance: 0.00704
Feature guidance terms: boundary=0.00352, intra=0.00000, neighbor=0.00000, diversity=0.00000

Weights: [7000.0, 600.0, 10.0, 50.0, 30.0, 0.0009116666666666667, 8000.0], lr=5.000e-05
Epoch: 0 [1360/3000 (45%)] Loss: 26.94878 = L_Mnfld: 8.39519 + L_NonMnfld: 0.04051 + L_Eknl: 4.32568 + L_Morse: 0.00118 + L_thetaHessian: 3.06027 + L_thetaNeighbor: 2.14303 + L_Guidance: 49.73448
Epoch: 0 [1360/3000 (45%)] Unweighted L_s : L_Mnfld: 0.00120 + L_NonMnfld: 0.00007 + L_Eknl: 0.08651 + L_Morse: 1.29373 + L_thetaHessian: 0.30603 + L_thetaNeighbor: 0.07143 + L_Guidance: 0.00622
Feature guidance terms: boundary=0.00311, intra=0.00000, neighbor=0.00000, diversity=0.00000

Weights: [7000.0, 600.0, 10.0, 50.0, 30.0, 0.0009061111111111112, 8000.0], lr=5.000e-05
Epoch: 0 [1370/3000 (46%)] Loss: 26.78895 = L_Mnfld: 8.17137 + L_NonMnfld: 0.03949 + L_Eknl: 4.34268 + L_Morse: 0.00117 + L_thetaHessian: 3.10815 + L_thetaNeighbor: 2.19643 + L_Guidance: 53.90171
Epoch: 0 [1370/3000 (46%)] Unweighted L_s : L_Mnfld: 0.00117 + L_NonMnfld: 0.00007 + L_Eknl: 0.08685 + L_Morse: 1.29535 + L_thetaHessian: 0.31081 + L_thetaNeighbor: 0.07321 + L_Guidance: 0.00674
Feature guidance terms: boundary=0.00337, intra=0.00000, neighbor=0.00000, diversity=0.00000

Weights: [7000.0, 600.0, 10.0, 50.0, 30.0, 0.0009005555555555556, 8000.0], lr=5.000e-05
Epoch: 0 [1380/3000 (46%)] Loss: 26.93119 = L_Mnfld: 8.09399 + L_NonMnfld: 0.02201 + L_Eknl: 4.43922 + L_Morse: 0.00117 + L_thetaHessian: 3.09478 + L_thetaNeighbor: 2.30295 + L_Guidance: 52.21530
Epoch: 0 [1380/3000 (46%)] Unweighted L_s : L_Mnfld: 0.00116 + L_NonMnfld: 0.00004 + L_Eknl: 0.08878 + L_Morse: 1.30379 + L_thetaHessian: 0.30948 + L_thetaNeighbor: 0.07677 + L_Guidance: 0.00653
Feature guidance terms: boundary=0.00326, intra=0.00000, neighbor=0.00000, diversity=0.00000

Weights: [7000.0, 600.0, 10.0, 50.0, 30.0, 0.000895, 8000.0], lr=5.000e-05
Epoch: 0 [1390/3000 (46%)] Loss: 27.68507 = L_Mnfld: 8.38996 + L_NonMnfld: 0.01891 + L_Eknl: 4.36522 + L_Morse: 0.00117 + L_thetaHessian: 3.14678 + L_thetaNeighbor: 2.53469 + L_Guidance: 63.13439
Epoch: 0 [1390/3000 (46%)] Unweighted L_s : L_Mnfld: 0.00120 + L_NonMnfld: 0.00003 + L_Eknl: 0.08730 + L_Morse: 1.30415 + L_thetaHessian: 0.31468 + L_thetaNeighbor: 0.08449 + L_Guidance: 0.00789
Feature guidance terms: boundary=0.00395, intra=0.00000, neighbor=0.00000, diversity=0.00000

Weights: [7000.0, 600.0, 10.0, 50.0, 30.0, 0.0008894444444444445, 8000.0], lr=5.000e-05
Epoch: 0 [1400/3000 (47%)] Loss: 26.90805 = L_Mnfld: 8.07437 + L_NonMnfld: 0.04315 + L_Eknl: 4.27132 + L_Morse: 0.00117 + L_thetaHessian: 3.02066 + L_thetaNeighbor: 2.52802 + L_Guidance: 52.73699
Epoch: 0 [1400/3000 (47%)] Unweighted L_s : L_Mnfld: 0.00115 + L_NonMnfld: 0.00007 + L_Eknl: 0.08543 + L_Morse: 1.31420 + L_thetaHessian: 0.30207 + L_thetaNeighbor: 0.08427 + L_Guidance: 0.00659
Feature guidance terms: boundary=0.00330, intra=0.00000, neighbor=0.00000, diversity=0.00000

Weights: [7000.0, 600.0, 10.0, 50.0, 30.0, 0.0008838888888888889, 8000.0], lr=5.000e-05
Epoch: 0 [1410/3000 (47%)] Loss: 27.63733 = L_Mnfld: 8.83347 + L_NonMnfld: 0.01761 + L_Eknl: 4.27035 + L_Morse: 0.00116 + L_thetaHessian: 3.04737 + L_thetaNeighbor: 2.25492 + L_Guidance: 50.82892
Epoch: 0 [1410/3000 (47%)] Unweighted L_s : L_Mnfld: 0.00126 + L_NonMnfld: 0.00003 + L_Eknl: 0.08541 + L_Morse: 1.31603 + L_thetaHessian: 0.30474 + L_thetaNeighbor: 0.07516 + L_Guidance: 0.00635
Feature guidance terms: boundary=0.00318, intra=0.00000, neighbor=0.00000, diversity=0.00000

Weights: [7000.0, 600.0, 10.0, 50.0, 30.0, 0.0008783333333333334, 8000.0], lr=5.000e-05
Epoch: 0 [1420/3000 (47%)] Loss: 27.27274 = L_Mnfld: 8.46237 + L_NonMnfld: 0.02204 + L_Eknl: 4.25591 + L_Morse: 0.00116 + L_thetaHessian: 3.06636 + L_thetaNeighbor: 2.37399 + L_Guidance: 50.17319
Epoch: 0 [1420/3000 (47%)] Unweighted L_s : L_Mnfld: 0.00121 + L_NonMnfld: 0.00004 + L_Eknl: 0.08512 + L_Morse: 1.31719 + L_thetaHessian: 0.30664 + L_thetaNeighbor: 0.07913 + L_Guidance: 0.00627
Feature guidance terms: boundary=0.00314, intra=0.00000, neighbor=0.00000, diversity=0.00000

Weights: [7000.0, 600.0, 10.0, 50.0, 30.0, 0.0008727777777777779, 8000.0], lr=5.000e-05
Epoch: 0 [1430/3000 (48%)] Loss: 27.15243 = L_Mnfld: 8.35416 + L_NonMnfld: 0.01567 + L_Eknl: 4.19128 + L_Morse: 0.00115 + L_thetaHessian: 3.06687 + L_thetaNeighbor: 2.47248 + L_Guidance: 44.92065
Epoch: 0 [1430/3000 (48%)] Unweighted L_s : L_Mnfld: 0.00119 + L_NonMnfld: 0.00003 + L_Eknl: 0.08383 + L_Morse: 1.32290 + L_thetaHessian: 0.30669 + L_thetaNeighbor: 0.08242 + L_Guidance: 0.00562
Feature guidance terms: boundary=0.00281, intra=0.00000, neighbor=0.00000, diversity=0.00000

Weights: [7000.0, 600.0, 10.0, 50.0, 30.0, 0.0008672222222222222, 8000.0], lr=5.000e-05
Epoch: 0 [1440/3000 (48%)] Loss: 26.36053 = L_Mnfld: 8.04242 + L_NonMnfld: 0.03454 + L_Eknl: 4.29983 + L_Morse: 0.00116 + L_thetaHessian: 3.02098 + L_thetaNeighbor: 2.17477 + L_Guidance: 45.70780
Epoch: 0 [1440/3000 (48%)] Unweighted L_s : L_Mnfld: 0.00115 + L_NonMnfld: 0.00006 + L_Eknl: 0.08600 + L_Morse: 1.33250 + L_thetaHessian: 0.30210 + L_thetaNeighbor: 0.07249 + L_Guidance: 0.00571
Feature guidance terms: boundary=0.00286, intra=0.00000, neighbor=0.00000, diversity=0.00000

Weights: [7000.0, 600.0, 10.0, 50.0, 30.0, 0.0008616666666666667, 8000.0], lr=5.000e-05
Epoch: 0 [1450/3000 (48%)] Loss: 27.58768 = L_Mnfld: 8.59747 + L_NonMnfld: 0.01599 + L_Eknl: 4.34379 + L_Morse: 0.00115 + L_thetaHessian: 3.19653 + L_thetaNeighbor: 2.23685 + L_Guidance: 62.24736
Epoch: 0 [1450/3000 (48%)] Unweighted L_s : L_Mnfld: 0.00123 + L_NonMnfld: 0.00003 + L_Eknl: 0.08688 + L_Morse: 1.32952 + L_thetaHessian: 0.31965 + L_thetaNeighbor: 0.07456 + L_Guidance: 0.00778
Feature guidance terms: boundary=0.00389, intra=0.00000, neighbor=0.00000, diversity=0.00000

Weights: [7000.0, 600.0, 10.0, 50.0, 30.0, 0.0008561111111111111, 8000.0], lr=5.000e-05
Epoch: 0 [1460/3000 (49%)] Loss: 26.09260 = L_Mnfld: 7.88763 + L_NonMnfld: 0.02163 + L_Eknl: 4.21189 + L_Morse: 0.00115 + L_thetaHessian: 3.00798 + L_thetaNeighbor: 2.26479 + L_Guidance: 45.80116
Epoch: 0 [1460/3000 (49%)] Unweighted L_s : L_Mnfld: 0.00113 + L_NonMnfld: 0.00004 + L_Eknl: 0.08424 + L_Morse: 1.33907 + L_thetaHessian: 0.30080 + L_thetaNeighbor: 0.07549 + L_Guidance: 0.00573
Feature guidance terms: boundary=0.00286, intra=0.00000, neighbor=0.00000, diversity=0.00000

Weights: [7000.0, 600.0, 10.0, 50.0, 30.0, 0.0008505555555555557, 8000.0], lr=5.000e-05
Epoch: 0 [1470/3000 (49%)] Loss: 27.99001 = L_Mnfld: 8.90817 + L_NonMnfld: 0.01256 + L_Eknl: 4.22032 + L_Morse: 0.00115 + L_thetaHessian: 3.10295 + L_thetaNeighbor: 2.41487 + L_Guidance: 49.28447
Epoch: 0 [1470/3000 (49%)] Unweighted L_s : L_Mnfld: 0.00127 + L_NonMnfld: 0.00002 + L_Eknl: 0.08441 + L_Morse: 1.34752 + L_thetaHessian: 0.31029 + L_thetaNeighbor: 0.08050 + L_Guidance: 0.00616
Feature guidance terms: boundary=0.00308, intra=0.00000, neighbor=0.00000, diversity=0.00000

Weights: [7000.0, 600.0, 10.0, 50.0, 30.0, 0.000845, 8000.0], lr=5.000e-05
Epoch: 0 [1480/3000 (49%)] Loss: 26.79521 = L_Mnfld: 8.07386 + L_NonMnfld: 0.01597 + L_Eknl: 4.36427 + L_Morse: 0.00114 + L_thetaHessian: 3.06471 + L_thetaNeighbor: 2.34352 + L_Guidance: 44.26320
Epoch: 0 [1480/3000 (49%)] Unweighted L_s : L_Mnfld: 0.00115 + L_NonMnfld: 0.00003 + L_Eknl: 0.08729 + L_Morse: 1.34625 + L_thetaHessian: 0.30647 + L_thetaNeighbor: 0.07812 + L_Guidance: 0.00553
Feature guidance terms: boundary=0.00277, intra=0.00000, neighbor=0.00000, diversity=0.00000

Weights: [7000.0, 600.0, 10.0, 50.0, 30.0, 0.0008394444444444444, 8000.0], lr=5.000e-05
Epoch: 0 [1490/3000 (50%)] Loss: 27.08169 = L_Mnfld: 8.37962 + L_NonMnfld: 0.01778 + L_Eknl: 4.22789 + L_Morse: 0.00113 + L_thetaHessian: 3.01749 + L_thetaNeighbor: 2.41055 + L_Guidance: 43.83676
Epoch: 0 [1490/3000 (50%)] Unweighted L_s : L_Mnfld: 0.00120 + L_NonMnfld: 0.00003 + L_Eknl: 0.08456 + L_Morse: 1.34838 + L_thetaHessian: 0.30175 + L_thetaNeighbor: 0.08035 + L_Guidance: 0.00548
Feature guidance terms: boundary=0.00274, intra=0.00000, neighbor=0.00000, diversity=0.00000

Weights: [7000.0, 600.0, 10.0, 50.0, 30.0, 0.000833888888888889, 8000.0], lr=5.000e-05
Epoch: 0 [1500/3000 (50%)] Loss: 28.06857 = L_Mnfld: 8.68265 + L_NonMnfld: 0.03446 + L_Eknl: 4.20164 + L_Morse: 0.00113 + L_thetaHessian: 3.15942 + L_thetaNeighbor: 2.63308 + L_Guidance: 63.58334
Epoch: 0 [1500/3000 (50%)] Unweighted L_s : L_Mnfld: 0.00124 + L_NonMnfld: 0.00006 + L_Eknl: 0.08403 + L_Morse: 1.35512 + L_thetaHessian: 0.31594 + L_thetaNeighbor: 0.08777 + L_Guidance: 0.00795
Feature guidance terms: boundary=0.00397, intra=0.00000, neighbor=0.00000, diversity=0.00000

Weights: [7000.0, 600.0, 10.0, 50.0, 30.0, 0.0008283333333333334, 8000.0], lr=5.000e-05
Epoch: 0 [1510/3000 (50%)] Loss: 27.08860 = L_Mnfld: 8.56831 + L_NonMnfld: 0.02134 + L_Eknl: 4.12641 + L_Morse: 0.00112 + L_thetaHessian: 3.17380 + L_thetaNeighbor: 2.16808 + L_Guidance: 72.91067
Epoch: 0 [1510/3000 (50%)] Unweighted L_s : L_Mnfld: 0.00122 + L_NonMnfld: 0.00004 + L_Eknl: 0.08253 + L_Morse: 1.35672 + L_thetaHessian: 0.31738 + L_thetaNeighbor: 0.07227 + L_Guidance: 0.00911
Feature guidance terms: boundary=0.00456, intra=0.00000, neighbor=0.00000, diversity=0.00000

Weights: [7000.0, 600.0, 10.0, 50.0, 30.0, 0.0008227777777777779, 8000.0], lr=5.000e-05
Epoch: 0 [1520/3000 (51%)] Loss: 28.22301 = L_Mnfld: 8.75302 + L_NonMnfld: 0.03356 + L_Eknl: 4.33577 + L_Morse: 0.00112 + L_thetaHessian: 3.37559 + L_thetaNeighbor: 2.31628 + L_Guidance: 100.60254
Epoch: 0 [1520/3000 (51%)] Unweighted L_s : L_Mnfld: 0.00125 + L_NonMnfld: 0.00006 + L_Eknl: 0.08672 + L_Morse: 1.36616 + L_thetaHessian: 0.33756 + L_thetaNeighbor: 0.07721 + L_Guidance: 0.01258
Feature guidance terms: boundary=0.00629, intra=0.00000, neighbor=0.00000, diversity=0.00000

Weights: [7000.0, 600.0, 10.0, 50.0, 30.0, 0.0008172222222222222, 8000.0], lr=5.000e-05
Epoch: 0 [1530/3000 (51%)] Loss: 26.85342 = L_Mnfld: 8.54319 + L_NonMnfld: 0.02634 + L_Eknl: 4.29650 + L_Morse: 0.00111 + L_thetaHessian: 3.01814 + L_thetaNeighbor: 2.01699 + L_Guidance: 56.36873
Epoch: 0 [1530/3000 (51%)] Unweighted L_s : L_Mnfld: 0.00122 + L_NonMnfld: 0.00004 + L_Eknl: 0.08593 + L_Morse: 1.36219 + L_thetaHessian: 0.30181 + L_thetaNeighbor: 0.06723 + L_Guidance: 0.00705
Feature guidance terms: boundary=0.00352, intra=0.00000, neighbor=0.00000, diversity=0.00000

Weights: [7000.0, 600.0, 10.0, 50.0, 30.0, 0.0008116666666666667, 8000.0], lr=5.000e-05
Epoch: 0 [1540/3000 (51%)] Loss: 27.90985 = L_Mnfld: 9.38437 + L_NonMnfld: 0.01490 + L_Eknl: 4.21805 + L_Morse: 0.00112 + L_thetaHessian: 3.08139 + L_thetaNeighbor: 1.90674 + L_Guidance: 76.66220
Epoch: 0 [1540/3000 (51%)] Unweighted L_s : L_Mnfld: 0.00134 + L_NonMnfld: 0.00002 + L_Eknl: 0.08436 + L_Morse: 1.37470 + L_thetaHessian: 0.30814 + L_thetaNeighbor: 0.06356 + L_Guidance: 0.00958
Feature guidance terms: boundary=0.00479, intra=0.00000, neighbor=0.00000, diversity=0.00000

Weights: [7000.0, 600.0, 10.0, 50.0, 30.0, 0.0008061111111111112, 8000.0], lr=5.000e-05
Epoch: 0 [1550/3000 (52%)] Loss: 28.21311 = L_Mnfld: 9.22758 + L_NonMnfld: 0.01867 + L_Eknl: 4.25453 + L_Morse: 0.00111 + L_thetaHessian: 3.18667 + L_thetaNeighbor: 2.12018 + L_Guidance: 70.55137
Epoch: 0 [1550/3000 (52%)] Unweighted L_s : L_Mnfld: 0.00132 + L_NonMnfld: 0.00003 + L_Eknl: 0.08509 + L_Morse: 1.37956 + L_thetaHessian: 0.31867 + L_thetaNeighbor: 0.07067 + L_Guidance: 0.00882
Feature guidance terms: boundary=0.00441, intra=0.00000, neighbor=0.00000, diversity=0.00000

Weights: [7000.0, 600.0, 10.0, 50.0, 30.0, 0.0008005555555555555, 8000.0], lr=5.000e-05
Epoch: 0 [1560/3000 (52%)] Loss: 28.17008 = L_Mnfld: 8.97762 + L_NonMnfld: 0.02258 + L_Eknl: 4.42915 + L_Morse: 0.00111 + L_thetaHessian: 3.10073 + L_thetaNeighbor: 2.24887 + L_Guidance: 68.07497
Epoch: 0 [1560/3000 (52%)] Unweighted L_s : L_Mnfld: 0.00128 + L_NonMnfld: 0.00004 + L_Eknl: 0.08858 + L_Morse: 1.38077 + L_thetaHessian: 0.31007 + L_thetaNeighbor: 0.07496 + L_Guidance: 0.00851
Feature guidance terms: boundary=0.00425, intra=0.00000, neighbor=0.00000, diversity=0.00000

Weights: [7000.0, 600.0, 10.0, 50.0, 30.0, 0.000795, 8000.0], lr=5.000e-05
Epoch: 0 [1570/3000 (52%)] Loss: 28.13142 = L_Mnfld: 9.34196 + L_NonMnfld: 0.01569 + L_Eknl: 4.27734 + L_Morse: 0.00110 + L_thetaHessian: 3.09315 + L_thetaNeighbor: 2.02504 + L_Guidance: 59.90544
Epoch: 0 [1570/3000 (52%)] Unweighted L_s : L_Mnfld: 0.00133 + L_NonMnfld: 0.00003 + L_Eknl: 0.08555 + L_Morse: 1.38077 + L_thetaHessian: 0.30932 + L_thetaNeighbor: 0.06750 + L_Guidance: 0.00749
Feature guidance terms: boundary=0.00374, intra=0.00000, neighbor=0.00000, diversity=0.00000

Weights: [7000.0, 600.0, 10.0, 50.0, 30.0, 0.0007894444444444445, 8000.0], lr=5.000e-05
Epoch: 0 [1580/3000 (53%)] Loss: 28.51494 = L_Mnfld: 9.53516 + L_NonMnfld: 0.02262 + L_Eknl: 4.22397 + L_Morse: 0.00109 + L_thetaHessian: 3.04229 + L_thetaNeighbor: 2.18482 + L_Guidance: 48.88060
Epoch: 0 [1580/3000 (53%)] Unweighted L_s : L_Mnfld: 0.00136 + L_NonMnfld: 0.00004 + L_Eknl: 0.08448 + L_Morse: 1.38281 + L_thetaHessian: 0.30423 + L_thetaNeighbor: 0.07283 + L_Guidance: 0.00611
Feature guidance terms: boundary=0.00306, intra=0.00000, neighbor=0.00000, diversity=0.00000

Weights: [7000.0, 600.0, 10.0, 50.0, 30.0, 0.000783888888888889, 8000.0], lr=5.000e-05
Epoch: 0 [1590/3000 (53%)] Loss: 30.52951 = L_Mnfld: 10.72817 + L_NonMnfld: 0.02017 + L_Eknl: 4.09475 + L_Morse: 0.00109 + L_thetaHessian: 3.27966 + L_thetaNeighbor: 2.22917 + L_Guidance: 78.36740
Epoch: 0 [1590/3000 (53%)] Unweighted L_s : L_Mnfld: 0.00153 + L_NonMnfld: 0.00003 + L_Eknl: 0.08189 + L_Morse: 1.38914 + L_thetaHessian: 0.32797 + L_thetaNeighbor: 0.07431 + L_Guidance: 0.00980
Feature guidance terms: boundary=0.00490, intra=0.00000, neighbor=0.00000, diversity=0.00000

Weights: [7000.0, 600.0, 10.0, 50.0, 30.0, 0.0007783333333333334, 8000.0], lr=5.000e-05
Epoch: 0 [1600/3000 (53%)] Loss: 31.81446 = L_Mnfld: 10.70043 + L_NonMnfld: 0.03391 + L_Eknl: 4.34440 + L_Morse: 0.00108 + L_thetaHessian: 3.62851 + L_thetaNeighbor: 2.50130 + L_Guidance: 174.42364
Epoch: 0 [1600/3000 (53%)] Unweighted L_s : L_Mnfld: 0.00153 + L_NonMnfld: 0.00006 + L_Eknl: 0.08689 + L_Morse: 1.39093 + L_thetaHessian: 0.36285 + L_thetaNeighbor: 0.08338 + L_Guidance: 0.02180
Feature guidance terms: boundary=0.01090, intra=0.00000, neighbor=0.00000, diversity=0.00000

Weights: [7000.0, 600.0, 10.0, 50.0, 30.0, 0.0007727777777777778, 8000.0], lr=5.000e-05
Epoch: 0 [1610/3000 (54%)] Loss: 40.83430 = L_Mnfld: 17.30542 + L_NonMnfld: 0.01360 + L_Eknl: 4.61347 + L_Morse: 0.00116 + L_thetaHessian: 3.33102 + L_thetaNeighbor: 1.95821 + L_Guidance: 98.40876
Epoch: 0 [1610/3000 (54%)] Unweighted L_s : L_Mnfld: 0.00247 + L_NonMnfld: 0.00002 + L_Eknl: 0.09227 + L_Morse: 1.50082 + L_thetaHessian: 0.33310 + L_thetaNeighbor: 0.06527 + L_Guidance: 0.01230
Feature guidance terms: boundary=0.00615, intra=0.00000, neighbor=0.00000, diversity=0.00000

Weights: [7000.0, 600.0, 10.0, 50.0, 30.0, 0.0007672222222222223, 8000.0], lr=5.000e-05
Epoch: 0 [1620/3000 (54%)] Loss: 52.98092 = L_Mnfld: 24.14126 + L_NonMnfld: 0.02357 + L_Eknl: 5.37683 + L_Morse: 0.00120 + L_thetaHessian: 3.97442 + L_thetaNeighbor: 1.80334 + L_Guidance: 131.11486
Epoch: 0 [1620/3000 (54%)] Unweighted L_s : L_Mnfld: 0.00345 + L_NonMnfld: 0.00004 + L_Eknl: 0.10754 + L_Morse: 1.55958 + L_thetaHessian: 0.39744 + L_thetaNeighbor: 0.06011 + L_Guidance: 0.01639
Feature guidance terms: boundary=0.00819, intra=0.00000, neighbor=0.00000, diversity=0.00000

Weights: [7000.0, 600.0, 10.0, 50.0, 30.0, 0.0007616666666666667, 8000.0], lr=5.000e-05
Epoch: 0 [1630/3000 (54%)] Loss: 50.31503 = L_Mnfld: 22.16816 + L_NonMnfld: 0.03148 + L_Eknl: 5.92578 + L_Morse: 0.00117 + L_thetaHessian: 3.82180 + L_thetaNeighbor: 1.59496 + L_Guidance: 129.65280
Epoch: 0 [1630/3000 (54%)] Unweighted L_s : L_Mnfld: 0.00317 + L_NonMnfld: 0.00005 + L_Eknl: 0.11852 + L_Morse: 1.54159 + L_thetaHessian: 0.38218 + L_thetaNeighbor: 0.05317 + L_Guidance: 0.01621
Feature guidance terms: boundary=0.00810, intra=0.00000, neighbor=0.00000, diversity=0.00000

Weights: [7000.0, 600.0, 10.0, 50.0, 30.0, 0.0007561111111111112, 8000.0], lr=5.000e-05
Epoch: 0 [1640/3000 (55%)] Loss: 63.96740 = L_Mnfld: 29.63095 + L_NonMnfld: 0.04226 + L_Eknl: 6.70800 + L_Morse: 0.00128 + L_thetaHessian: 4.33423 + L_thetaNeighbor: 1.92822 + L_Guidance: 151.07687
Epoch: 0 [1640/3000 (55%)] Unweighted L_s : L_Mnfld: 0.00423 + L_NonMnfld: 0.00007 + L_Eknl: 0.13416 + L_Morse: 1.68980 + L_thetaHessian: 0.43342 + L_thetaNeighbor: 0.06427 + L_Guidance: 0.01888
Feature guidance terms: boundary=0.00944, intra=0.00000, neighbor=0.00000, diversity=0.00000

Weights: [7000.0, 600.0, 10.0, 50.0, 30.0, 0.0007505555555555556, 8000.0], lr=5.000e-05
Epoch: 0 [1650/3000 (55%)] Loss: 51.48925 = L_Mnfld: 21.79463 + L_NonMnfld: 0.01854 + L_Eknl: 6.26700 + L_Morse: 0.00126 + L_thetaHessian: 4.35671 + L_thetaNeighbor: 1.88802 + L_Guidance: 134.76090
Epoch: 0 [1650/3000 (55%)] Unweighted L_s : L_Mnfld: 0.00311 + L_NonMnfld: 0.00003 + L_Eknl: 0.12534 + L_Morse: 1.67917 + L_thetaHessian: 0.43567 + L_thetaNeighbor: 0.06293 + L_Guidance: 0.01685
Feature guidance terms: boundary=0.00842, intra=0.00000, neighbor=0.00000, diversity=0.00000

Weights: [7000.0, 600.0, 10.0, 50.0, 30.0, 0.000745, 8000.0], lr=5.000e-05
Epoch: 0 [1660/3000 (55%)] Loss: 46.25421 = L_Mnfld: 19.13343 + L_NonMnfld: 0.01916 + L_Eknl: 5.90053 + L_Morse: 0.00120 + L_thetaHessian: 3.97706 + L_thetaNeighbor: 1.80476 + L_Guidance: 109.21998
Epoch: 0 [1660/3000 (55%)] Unweighted L_s : L_Mnfld: 0.00273 + L_NonMnfld: 0.00003 + L_Eknl: 0.11801 + L_Morse: 1.61451 + L_thetaHessian: 0.39771 + L_thetaNeighbor: 0.06016 + L_Guidance: 0.01365
Feature guidance terms: boundary=0.00683, intra=0.00000, neighbor=0.00000, diversity=0.00000

Weights: [7000.0, 600.0, 10.0, 50.0, 30.0, 0.0007394444444444445, 8000.0], lr=5.000e-05
Epoch: 0 [1670/3000 (56%)] Loss: 40.56215 = L_Mnfld: 15.90476 + L_NonMnfld: 0.01761 + L_Eknl: 5.32321 + L_Morse: 0.00118 + L_thetaHessian: 3.53774 + L_thetaNeighbor: 2.25693 + L_Guidance: 97.10143
Epoch: 0 [1670/3000 (56%)] Unweighted L_s : L_Mnfld: 0.00227 + L_NonMnfld: 0.00003 + L_Eknl: 0.10646 + L_Morse: 1.60230 + L_thetaHessian: 0.35377 + L_thetaNeighbor: 0.07523 + L_Guidance: 0.01214
Feature guidance terms: boundary=0.00607, intra=0.00000, neighbor=0.00000, diversity=0.00000

Weights: [7000.0, 600.0, 10.0, 50.0, 30.0, 0.000733888888888889, 8000.0], lr=5.000e-05
Epoch: 0 [1680/3000 (56%)] Loss: 36.46740 = L_Mnfld: 14.11006 + L_NonMnfld: 0.01836 + L_Eknl: 4.74904 + L_Morse: 0.00115 + L_thetaHessian: 3.38902 + L_thetaNeighbor: 2.04397 + L_Guidance: 79.12295
Epoch: 0 [1680/3000 (56%)] Unweighted L_s : L_Mnfld: 0.00202 + L_NonMnfld: 0.00003 + L_Eknl: 0.09498 + L_Morse: 1.56234 + L_thetaHessian: 0.33890 + L_thetaNeighbor: 0.06813 + L_Guidance: 0.00989
Feature guidance terms: boundary=0.00495, intra=0.00000, neighbor=0.00000, diversity=0.00000

Weights: [7000.0, 600.0, 10.0, 50.0, 30.0, 0.0007283333333333334, 8000.0], lr=5.000e-05
Epoch: 0 [1690/3000 (56%)] Loss: 59.06835 = L_Mnfld: 27.40660 + L_NonMnfld: 0.02846 + L_Eknl: 5.42513 + L_Morse: 0.00120 + L_thetaHessian: 4.28508 + L_thetaNeighbor: 2.23243 + L_Guidance: 145.17795
Epoch: 0 [1690/3000 (56%)] Unweighted L_s : L_Mnfld: 0.00392 + L_NonMnfld: 0.00005 + L_Eknl: 0.10850 + L_Morse: 1.64804 + L_thetaHessian: 0.42851 + L_thetaNeighbor: 0.07441 + L_Guidance: 0.01815
Feature guidance terms: boundary=0.00907, intra=0.00000, neighbor=0.00000, diversity=0.00000

Weights: [7000.0, 600.0, 10.0, 50.0, 30.0, 0.0007227777777777778, 8000.0], lr=5.000e-05
Epoch: 0 [1700/3000 (57%)] Loss: 42.71736 = L_Mnfld: 18.08891 + L_NonMnfld: 0.01598 + L_Eknl: 5.34386 + L_Morse: 0.00114 + L_thetaHessian: 3.65415 + L_thetaNeighbor: 1.37420 + L_Guidance: 164.66656
Epoch: 0 [1700/3000 (57%)] Unweighted L_s : L_Mnfld: 0.00258 + L_NonMnfld: 0.00003 + L_Eknl: 0.10688 + L_Morse: 1.57957 + L_thetaHessian: 0.36541 + L_thetaNeighbor: 0.04581 + L_Guidance: 0.02058
Feature guidance terms: boundary=0.01029, intra=0.00000, neighbor=0.00000, diversity=0.00000

Weights: [7000.0, 600.0, 10.0, 50.0, 30.0, 0.0007172222222222223, 8000.0], lr=5.000e-05
Epoch: 0 [1710/3000 (57%)] Loss: 43.30247 = L_Mnfld: 18.74090 + L_NonMnfld: 0.01850 + L_Eknl: 5.18151 + L_Morse: 0.00115 + L_thetaHessian: 3.50380 + L_thetaNeighbor: 1.42246 + L_Guidance: 145.84064
Epoch: 0 [1710/3000 (57%)] Unweighted L_s : L_Mnfld: 0.00268 + L_NonMnfld: 0.00003 + L_Eknl: 0.10363 + L_Morse: 1.60264 + L_thetaHessian: 0.35038 + L_thetaNeighbor: 0.04742 + L_Guidance: 0.01823
Feature guidance terms: boundary=0.00912, intra=0.00000, neighbor=0.00000, diversity=0.00000

Weights: [7000.0, 600.0, 10.0, 50.0, 30.0, 0.0007116666666666669, 8000.0], lr=5.000e-05
Epoch: 0 [1720/3000 (57%)] Loss: 47.99715 = L_Mnfld: 20.84242 + L_NonMnfld: 0.01971 + L_Eknl: 5.95740 + L_Morse: 0.00110 + L_thetaHessian: 3.48442 + L_thetaNeighbor: 1.69305 + L_Guidance: 128.12278
Epoch: 0 [1720/3000 (57%)] Unweighted L_s : L_Mnfld: 0.00298 + L_NonMnfld: 0.00003 + L_Eknl: 0.11915 + L_Morse: 1.55023 + L_thetaHessian: 0.34844 + L_thetaNeighbor: 0.05644 + L_Guidance: 0.01602
Feature guidance terms: boundary=0.00801, intra=0.00000, neighbor=0.00000, diversity=0.00000

Weights: [7000.0, 600.0, 10.0, 50.0, 30.0, 0.0007061111111111111, 8000.0], lr=5.000e-05
Epoch: 0 [1730/3000 (58%)] Loss: 40.32657 = L_Mnfld: 15.54553 + L_NonMnfld: 0.02497 + L_Eknl: 5.89470 + L_Morse: 0.00113 + L_thetaHessian: 3.56644 + L_thetaNeighbor: 1.85162 + L_Guidance: 114.10906
Epoch: 0 [1730/3000 (58%)] Unweighted L_s : L_Mnfld: 0.00222 + L_NonMnfld: 0.00004 + L_Eknl: 0.11789 + L_Morse: 1.59680 + L_thetaHessian: 0.35664 + L_thetaNeighbor: 0.06172 + L_Guidance: 0.01426
Feature guidance terms: boundary=0.00713, intra=0.00000, neighbor=0.00000, diversity=0.00000

Weights: [7000.0, 600.0, 10.0, 50.0, 30.0, 0.0007005555555555556, 8000.0], lr=5.000e-05
Epoch: 0 [1740/3000 (58%)] Loss: 51.90408 = L_Mnfld: 23.44151 + L_NonMnfld: 0.02075 + L_Eknl: 5.32916 + L_Morse: 0.00114 + L_thetaHessian: 3.51617 + L_thetaNeighbor: 2.29398 + L_Guidance: 113.35125
Epoch: 0 [1740/3000 (58%)] Unweighted L_s : L_Mnfld: 0.00335 + L_NonMnfld: 0.00003 + L_Eknl: 0.10658 + L_Morse: 1.63278 + L_thetaHessian: 0.35162 + L_thetaNeighbor: 0.07647 + L_Guidance: 0.01417
Feature guidance terms: boundary=0.00708, intra=0.00000, neighbor=0.00000, diversity=0.00000

Weights: [7000.0, 600.0, 10.0, 50.0, 30.0, 0.0006950000000000001, 8000.0], lr=5.000e-05
Epoch: 0 [1750/3000 (58%)] Loss: 38.82935 = L_Mnfld: 15.21023 + L_NonMnfld: 0.02197 + L_Eknl: 5.24741 + L_Morse: 0.00112 + L_thetaHessian: 3.65420 + L_thetaNeighbor: 1.75131 + L_Guidance: 122.24083
Epoch: 0 [1750/3000 (58%)] Unweighted L_s : L_Mnfld: 0.00217 + L_NonMnfld: 0.00004 + L_Eknl: 0.10495 + L_Morse: 1.60841 + L_thetaHessian: 0.36542 + L_thetaNeighbor: 0.05838 + L_Guidance: 0.01528
Feature guidance terms: boundary=0.00764, intra=0.00000, neighbor=0.00000, diversity=0.00000

Weights: [7000.0, 600.0, 10.0, 50.0, 30.0, 0.0006894444444444443, 8000.0], lr=5.000e-05
Epoch: 0 [1760/3000 (59%)] Loss: 39.59238 = L_Mnfld: 15.89712 + L_NonMnfld: 0.01726 + L_Eknl: 5.10327 + L_Morse: 0.00110 + L_thetaHessian: 3.48474 + L_thetaNeighbor: 1.89144 + L_Guidance: 121.77237
Epoch: 0 [1760/3000 (59%)] Unweighted L_s : L_Mnfld: 0.00227 + L_NonMnfld: 0.00003 + L_Eknl: 0.10207 + L_Morse: 1.59978 + L_thetaHessian: 0.34847 + L_thetaNeighbor: 0.06305 + L_Guidance: 0.01522
Feature guidance terms: boundary=0.00761, intra=0.00000, neighbor=0.00000, diversity=0.00000

Weights: [7000.0, 600.0, 10.0, 50.0, 30.0, 0.0006838888888888889, 8000.0], lr=5.000e-05
Epoch: 0 [1770/3000 (59%)] Loss: 40.49652 = L_Mnfld: 16.25660 + L_NonMnfld: 0.01952 + L_Eknl: 5.36284 + L_Morse: 0.00112 + L_thetaHessian: 3.55870 + L_thetaNeighbor: 1.79890 + L_Guidance: 114.29073
Epoch: 0 [1770/3000 (59%)] Unweighted L_s : L_Mnfld: 0.00232 + L_NonMnfld: 0.00003 + L_Eknl: 0.10726 + L_Morse: 1.63788 + L_thetaHessian: 0.35587 + L_thetaNeighbor: 0.05996 + L_Guidance: 0.01429
Feature guidance terms: boundary=0.00714, intra=0.00000, neighbor=0.00000, diversity=0.00000

Weights: [7000.0, 600.0, 10.0, 50.0, 30.0, 0.0006783333333333334, 8000.0], lr=5.000e-05
Epoch: 0 [1780/3000 (59%)] Loss: 33.56105 = L_Mnfld: 11.87672 + L_NonMnfld: 0.02819 + L_Eknl: 5.47142 + L_Morse: 0.00103 + L_thetaHessian: 3.30368 + L_thetaNeighbor: 1.69300 + L_Guidance: 104.32737
Epoch: 0 [1780/3000 (59%)] Unweighted L_s : L_Mnfld: 0.00170 + L_NonMnfld: 0.00005 + L_Eknl: 0.10943 + L_Morse: 1.52146 + L_thetaHessian: 0.33037 + L_thetaNeighbor: 0.05643 + L_Guidance: 0.01304
Feature guidance terms: boundary=0.00652, intra=0.00000, neighbor=0.00000, diversity=0.00000

Weights: [7000.0, 600.0, 10.0, 50.0, 30.0, 0.0006727777777777778, 8000.0], lr=5.000e-05
Epoch: 0 [1790/3000 (60%)] Loss: 31.12581 = L_Mnfld: 10.98917 + L_NonMnfld: 0.03321 + L_Eknl: 4.94366 + L_Morse: 0.00101 + L_thetaHessian: 3.12848 + L_thetaNeighbor: 1.65501 + L_Guidance: 97.91663
Epoch: 0 [1790/3000 (60%)] Unweighted L_s : L_Mnfld: 0.00157 + L_NonMnfld: 0.00006 + L_Eknl: 0.09887 + L_Morse: 1.50435 + L_thetaHessian: 0.31285 + L_thetaNeighbor: 0.05517 + L_Guidance: 0.01224
Feature guidance terms: boundary=0.00612, intra=0.00000, neighbor=0.00000, diversity=0.00000

Weights: [7000.0, 600.0, 10.0, 50.0, 30.0, 0.0006672222222222223, 8000.0], lr=5.000e-05
Epoch: 0 [1800/3000 (60%)] Loss: 27.08331 = L_Mnfld: 8.93216 + L_NonMnfld: 0.02150 + L_Eknl: 4.54217 + L_Morse: 0.00101 + L_thetaHessian: 2.99511 + L_thetaNeighbor: 1.56360 + L_Guidance: 94.15033
Epoch: 0 [1800/3000 (60%)] Unweighted L_s : L_Mnfld: 0.00128 + L_NonMnfld: 0.00004 + L_Eknl: 0.09084 + L_Morse: 1.51337 + L_thetaHessian: 0.29951 + L_thetaNeighbor: 0.05212 + L_Guidance: 0.01177
Feature guidance terms: boundary=0.00588, intra=0.00000, neighbor=0.00000, diversity=0.00000

Weights: [7000.0, 600.0, 10.0, 50.0, 30.0, 0.0006616666666666667, 8000.0], lr=5.000e-05
Epoch: 0 [1810/3000 (60%)] Loss: 25.53813 = L_Mnfld: 8.02308 + L_NonMnfld: 0.01739 + L_Eknl: 4.20249 + L_Morse: 0.00100 + L_thetaHessian: 2.98800 + L_thetaNeighbor: 1.79346 + L_Guidance: 84.89113
Epoch: 0 [1810/3000 (60%)] Unweighted L_s : L_Mnfld: 0.00115 + L_NonMnfld: 0.00003 + L_Eknl: 0.08405 + L_Morse: 1.50875 + L_thetaHessian: 0.29880 + L_thetaNeighbor: 0.05978 + L_Guidance: 0.01061
Feature guidance terms: boundary=0.00531, intra=0.00000, neighbor=0.00000, diversity=0.00000

Weights: [7000.0, 600.0, 10.0, 50.0, 30.0, 0.0006561111111111112, 8000.0], lr=5.000e-05
Epoch: 0 [1820/3000 (61%)] Loss: 25.14362 = L_Mnfld: 7.75236 + L_NonMnfld: 0.02159 + L_Eknl: 4.33608 + L_Morse: 0.00099 + L_thetaHessian: 2.92026 + L_thetaNeighbor: 1.73114 + L_Guidance: 82.09360
Epoch: 0 [1820/3000 (61%)] Unweighted L_s : L_Mnfld: 0.00111 + L_NonMnfld: 0.00004 + L_Eknl: 0.08672 + L_Morse: 1.50291 + L_thetaHessian: 0.29203 + L_thetaNeighbor: 0.05770 + L_Guidance: 0.01026
Feature guidance terms: boundary=0.00513, intra=0.00000, neighbor=0.00000, diversity=0.00000

Weights: [7000.0, 600.0, 10.0, 50.0, 30.0, 0.0006505555555555555, 8000.0], lr=5.000e-05
Epoch: 0 [1830/3000 (61%)] Loss: 23.84175 = L_Mnfld: 7.21723 + L_NonMnfld: 0.01316 + L_Eknl: 4.17308 + L_Morse: 0.00098 + L_thetaHessian: 2.90819 + L_thetaNeighbor: 1.58185 + L_Guidance: 89.78160
Epoch: 0 [1830/3000 (61%)] Unweighted L_s : L_Mnfld: 0.00103 + L_NonMnfld: 0.00002 + L_Eknl: 0.08346 + L_Morse: 1.50403 + L_thetaHessian: 0.29082 + L_thetaNeighbor: 0.05273 + L_Guidance: 0.01122
Feature guidance terms: boundary=0.00561, intra=0.00000, neighbor=0.00000, diversity=0.00000

Weights: [7000.0, 600.0, 10.0, 50.0, 30.0, 0.0006450000000000001, 8000.0], lr=5.000e-05
Epoch: 0 [1840/3000 (61%)] Loss: 24.05684 = L_Mnfld: 7.26107 + L_NonMnfld: 0.01988 + L_Eknl: 4.09815 + L_Morse: 0.00097 + L_thetaHessian: 2.87860 + L_thetaNeighbor: 1.77922 + L_Guidance: 78.70328
Epoch: 0 [1840/3000 (61%)] Unweighted L_s : L_Mnfld: 0.00104 + L_NonMnfld: 0.00003 + L_Eknl: 0.08196 + L_Morse: 1.50265 + L_thetaHessian: 0.28786 + L_thetaNeighbor: 0.05931 + L_Guidance: 0.00984
Feature guidance terms: boundary=0.00492, intra=0.00000, neighbor=0.00000, diversity=0.00000

Weights: [7000.0, 600.0, 10.0, 50.0, 30.0, 0.0006394444444444445, 8000.0], lr=5.000e-05
Epoch: 0 [1850/3000 (62%)] Loss: 23.14644 = L_Mnfld: 6.87231 + L_NonMnfld: 0.01764 + L_Eknl: 4.03972 + L_Morse: 0.00096 + L_thetaHessian: 2.88941 + L_thetaNeighbor: 1.61091 + L_Guidance: 86.62248
Epoch: 0 [1850/3000 (62%)] Unweighted L_s : L_Mnfld: 0.00098 + L_NonMnfld: 0.00003 + L_Eknl: 0.08079 + L_Morse: 1.50698 + L_thetaHessian: 0.28894 + L_thetaNeighbor: 0.05370 + L_Guidance: 0.01083
Feature guidance terms: boundary=0.00541, intra=0.00000, neighbor=0.00000, diversity=0.00000

Weights: [7000.0, 600.0, 10.0, 50.0, 30.0, 0.0006338888888888889, 8000.0], lr=5.000e-05
Epoch: 0 [1860/3000 (62%)] Loss: 24.03398 = L_Mnfld: 7.21631 + L_NonMnfld: 0.01438 + L_Eknl: 4.13509 + L_Morse: 0.00095 + L_thetaHessian: 2.85970 + L_thetaNeighbor: 1.79622 + L_Guidance: 76.23693
Epoch: 0 [1860/3000 (62%)] Unweighted L_s : L_Mnfld: 0.00103 + L_NonMnfld: 0.00002 + L_Eknl: 0.08270 + L_Morse: 1.49800 + L_thetaHessian: 0.28597 + L_thetaNeighbor: 0.05987 + L_Guidance: 0.00953
Feature guidance terms: boundary=0.00476, intra=0.00000, neighbor=0.00000, diversity=0.00000

Weights: [7000.0, 600.0, 10.0, 50.0, 30.0, 0.0006283333333333334, 8000.0], lr=5.000e-05
Epoch: 0 [1870/3000 (62%)] Loss: 22.82745 = L_Mnfld: 6.61751 + L_NonMnfld: 0.04350 + L_Eknl: 3.98295 + L_Morse: 0.00094 + L_thetaHessian: 2.85779 + L_thetaNeighbor: 1.71560 + L_Guidance: 75.14148
Epoch: 0 [1870/3000 (62%)] Unweighted L_s : L_Mnfld: 0.00095 + L_NonMnfld: 0.00007 + L_Eknl: 0.07966 + L_Morse: 1.50026 + L_thetaHessian: 0.28578 + L_thetaNeighbor: 0.05719 + L_Guidance: 0.00939
Feature guidance terms: boundary=0.00470, intra=0.00000, neighbor=0.00000, diversity=0.00000

Weights: [7000.0, 600.0, 10.0, 50.0, 30.0, 0.0006227777777777779, 8000.0], lr=5.000e-05
Epoch: 0 [1880/3000 (63%)] Loss: 23.30705 = L_Mnfld: 6.89767 + L_NonMnfld: 0.02320 + L_Eknl: 4.01950 + L_Morse: 0.00093 + L_thetaHessian: 2.87000 + L_thetaNeighbor: 1.72673 + L_Guidance: 74.38954
Epoch: 0 [1880/3000 (63%)] Unweighted L_s : L_Mnfld: 0.00099 + L_NonMnfld: 0.00004 + L_Eknl: 0.08039 + L_Morse: 1.50044 + L_thetaHessian: 0.28700 + L_thetaNeighbor: 0.05756 + L_Guidance: 0.00930
Feature guidance terms: boundary=0.00465, intra=0.00000, neighbor=0.00000, diversity=0.00000

Weights: [7000.0, 600.0, 10.0, 50.0, 30.0, 0.0006172222222222221, 8000.0], lr=5.000e-05
Epoch: 0 [1890/3000 (63%)] Loss: 22.90478 = L_Mnfld: 6.53814 + L_NonMnfld: 0.01020 + L_Eknl: 4.01451 + L_Morse: 0.00093 + L_thetaHessian: 2.84545 + L_thetaNeighbor: 1.86062 + L_Guidance: 73.29755
Epoch: 0 [1890/3000 (63%)] Unweighted L_s : L_Mnfld: 0.00093 + L_NonMnfld: 0.00002 + L_Eknl: 0.08029 + L_Morse: 1.50329 + L_thetaHessian: 0.28455 + L_thetaNeighbor: 0.06202 + L_Guidance: 0.00916
Feature guidance terms: boundary=0.00458, intra=0.00000, neighbor=0.00000, diversity=0.00000

Weights: [7000.0, 600.0, 10.0, 50.0, 30.0, 0.0006116666666666666, 8000.0], lr=5.000e-05
Epoch: 0 [1900/3000 (63%)] Loss: 23.59262 = L_Mnfld: 6.95663 + L_NonMnfld: 0.02274 + L_Eknl: 4.07800 + L_Morse: 0.00092 + L_thetaHessian: 2.82234 + L_thetaNeighbor: 1.84779 + L_Guidance: 72.54786
Epoch: 0 [1900/3000 (63%)] Unweighted L_s : L_Mnfld: 0.00099 + L_NonMnfld: 0.00004 + L_Eknl: 0.08156 + L_Morse: 1.50187 + L_thetaHessian: 0.28223 + L_thetaNeighbor: 0.06159 + L_Guidance: 0.00907
Feature guidance terms: boundary=0.00453, intra=0.00000, neighbor=0.00000, diversity=0.00000

Weights: [7000.0, 600.0, 10.0, 50.0, 30.0, 0.0006061111111111112, 8000.0], lr=5.000e-05
Epoch: 0 [1910/3000 (64%)] Loss: 22.55312 = L_Mnfld: 6.31217 + L_NonMnfld: 0.01724 + L_Eknl: 4.02929 + L_Morse: 0.00091 + L_thetaHessian: 2.83312 + L_thetaNeighbor: 1.84269 + L_Guidance: 71.70691
Epoch: 0 [1910/3000 (64%)] Unweighted L_s : L_Mnfld: 0.00090 + L_NonMnfld: 0.00003 + L_Eknl: 0.08059 + L_Morse: 1.49925 + L_thetaHessian: 0.28331 + L_thetaNeighbor: 0.06142 + L_Guidance: 0.00896
Feature guidance terms: boundary=0.00448, intra=0.00000, neighbor=0.00000, diversity=0.00000

Weights: [7000.0, 600.0, 10.0, 50.0, 30.0, 0.0006005555555555556, 8000.0], lr=5.000e-05
Epoch: 0 [1920/3000 (64%)] Loss: 23.55197 = L_Mnfld: 6.92277 + L_NonMnfld: 0.02097 + L_Eknl: 4.00287 + L_Morse: 0.00090 + L_thetaHessian: 2.80943 + L_thetaNeighbor: 1.94437 + L_Guidance: 70.92083
Epoch: 0 [1920/3000 (64%)] Unweighted L_s : L_Mnfld: 0.00099 + L_NonMnfld: 0.00003 + L_Eknl: 0.08006 + L_Morse: 1.49809 + L_thetaHessian: 0.28094 + L_thetaNeighbor: 0.06481 + L_Guidance: 0.00887
Feature guidance terms: boundary=0.00443, intra=0.00000, neighbor=0.00000, diversity=0.00000

Weights: [7000.0, 600.0, 10.0, 50.0, 30.0, 0.000595, 8000.0], lr=5.000e-05
Epoch: 0 [1930/3000 (64%)] Loss: 21.97200 = L_Mnfld: 6.04825 + L_NonMnfld: 0.01245 + L_Eknl: 3.91762 + L_Morse: 0.00089 + L_thetaHessian: 2.81961 + L_thetaNeighbor: 1.84917 + L_Guidance: 70.31004
Epoch: 0 [1930/3000 (64%)] Unweighted L_s : L_Mnfld: 0.00086 + L_NonMnfld: 0.00002 + L_Eknl: 0.07835 + L_Morse: 1.50206 + L_thetaHessian: 0.28196 + L_thetaNeighbor: 0.06164 + L_Guidance: 0.00879
Feature guidance terms: boundary=0.00439, intra=0.00000, neighbor=0.00000, diversity=0.00000

Weights: [7000.0, 600.0, 10.0, 50.0, 30.0, 0.0005894444444444445, 8000.0], lr=5.000e-05
Epoch: 0 [1940/3000 (65%)] Loss: 22.66900 = L_Mnfld: 6.60182 + L_NonMnfld: 0.02808 + L_Eknl: 4.04299 + L_Morse: 0.00088 + L_thetaHessian: 2.79794 + L_thetaNeighbor: 1.64096 + L_Guidance: 81.56613
Epoch: 0 [1940/3000 (65%)] Unweighted L_s : L_Mnfld: 0.00094 + L_NonMnfld: 0.00005 + L_Eknl: 0.08086 + L_Morse: 1.49752 + L_thetaHessian: 0.27979 + L_thetaNeighbor: 0.05470 + L_Guidance: 0.01020
Feature guidance terms: boundary=0.00510, intra=0.00000, neighbor=0.00000, diversity=0.00000

Weights: [7000.0, 600.0, 10.0, 50.0, 30.0, 0.000583888888888889, 8000.0], lr=5.000e-05
Epoch: 0 [1950/3000 (65%)] Loss: 21.69239 = L_Mnfld: 5.94972 + L_NonMnfld: 0.02217 + L_Eknl: 3.87410 + L_Morse: 0.00088 + L_thetaHessian: 2.82603 + L_thetaNeighbor: 1.78870 + L_Guidance: 68.78811
Epoch: 0 [1950/3000 (65%)] Unweighted L_s : L_Mnfld: 0.00085 + L_NonMnfld: 0.00004 + L_Eknl: 0.07748 + L_Morse: 1.50171 + L_thetaHessian: 0.28260 + L_thetaNeighbor: 0.05962 + L_Guidance: 0.00860
Feature guidance terms: boundary=0.00430, intra=0.00000, neighbor=0.00000, diversity=0.00000

Weights: [7000.0, 600.0, 10.0, 50.0, 30.0, 0.0005783333333333333, 8000.0], lr=5.000e-05
Epoch: 0 [1960/3000 (65%)] Loss: 22.72054 = L_Mnfld: 6.63563 + L_NonMnfld: 0.01983 + L_Eknl: 3.90009 + L_Morse: 0.00087 + L_thetaHessian: 2.78426 + L_thetaNeighbor: 1.80635 + L_Guidance: 67.94360
Epoch: 0 [1960/3000 (65%)] Unweighted L_s : L_Mnfld: 0.00095 + L_NonMnfld: 0.00003 + L_Eknl: 0.07800 + L_Morse: 1.49980 + L_thetaHessian: 0.27843 + L_thetaNeighbor: 0.06021 + L_Guidance: 0.00849
Feature guidance terms: boundary=0.00425, intra=0.00000, neighbor=0.00000, diversity=0.00000

Weights: [7000.0, 600.0, 10.0, 50.0, 30.0, 0.0005727777777777778, 8000.0], lr=5.000e-05
Epoch: 0 [1970/3000 (66%)] Loss: 21.87416 = L_Mnfld: 5.90180 + L_NonMnfld: 0.02871 + L_Eknl: 3.88967 + L_Morse: 0.00086 + L_thetaHessian: 2.83263 + L_thetaNeighbor: 1.92910 + L_Guidance: 67.33237
Epoch: 0 [1970/3000 (66%)] Unweighted L_s : L_Mnfld: 0.00084 + L_NonMnfld: 0.00005 + L_Eknl: 0.07779 + L_Morse: 1.50364 + L_thetaHessian: 0.28326 + L_thetaNeighbor: 0.06430 + L_Guidance: 0.00842
Feature guidance terms: boundary=0.00421, intra=0.00000, neighbor=0.00000, diversity=0.00000

Weights: [7000.0, 600.0, 10.0, 50.0, 30.0, 0.0005672222222222223, 8000.0], lr=5.000e-05
Epoch: 0 [1980/3000 (66%)] Loss: 22.97331 = L_Mnfld: 6.62193 + L_NonMnfld: 0.03152 + L_Eknl: 3.96167 + L_Morse: 0.00085 + L_thetaHessian: 2.77607 + L_thetaNeighbor: 1.92349 + L_Guidance: 66.67897
Epoch: 0 [1980/3000 (66%)] Unweighted L_s : L_Mnfld: 0.00095 + L_NonMnfld: 0.00005 + L_Eknl: 0.07923 + L_Morse: 1.50522 + L_thetaHessian: 0.27761 + L_thetaNeighbor: 0.06412 + L_Guidance: 0.00833
Feature guidance terms: boundary=0.00417, intra=0.00000, neighbor=0.00000, diversity=0.00000

Weights: [7000.0, 600.0, 10.0, 50.0, 30.0, 0.0005616666666666667, 8000.0], lr=5.000e-05
Epoch: 0 [1990/3000 (66%)] Loss: 21.66533 = L_Mnfld: 5.73767 + L_NonMnfld: 0.01289 + L_Eknl: 4.01743 + L_Morse: 0.00084 + L_thetaHessian: 2.77448 + L_thetaNeighbor: 1.90024 + L_Guidance: 66.07974
Epoch: 0 [1990/3000 (66%)] Unweighted L_s : L_Mnfld: 0.00082 + L_NonMnfld: 0.00002 + L_Eknl: 0.08035 + L_Morse: 1.49803 + L_thetaHessian: 0.27745 + L_thetaNeighbor: 0.06334 + L_Guidance: 0.00826
Feature guidance terms: boundary=0.00413, intra=0.00000, neighbor=0.00000, diversity=0.00000

Weights: [7000.0, 600.0, 10.0, 50.0, 30.0, 0.0005561111111111112, 8000.0], lr=5.000e-05
Epoch: 0 [2000/3000 (67%)] Loss: 22.55483 = L_Mnfld: 6.45019 + L_NonMnfld: 0.02283 + L_Eknl: 3.98438 + L_Morse: 0.00084 + L_thetaHessian: 2.76691 + L_thetaNeighbor: 1.81141 + L_Guidance: 74.13469
Epoch: 0 [2000/3000 (67%)] Unweighted L_s : L_Mnfld: 0.00092 + L_NonMnfld: 0.00004 + L_Eknl: 0.07969 + L_Morse: 1.50232 + L_thetaHessian: 0.27669 + L_thetaNeighbor: 0.06038 + L_Guidance: 0.00927
Feature guidance terms: boundary=0.00463, intra=0.00000, neighbor=0.00000, diversity=0.00000

Weights: [7000.0, 600.0, 10.0, 50.0, 30.0, 0.0005505555555555557, 8000.0], lr=5.000e-05
Epoch: 0 [2010/3000 (67%)] Loss: 21.82395 = L_Mnfld: 5.95927 + L_NonMnfld: 0.01290 + L_Eknl: 3.81318 + L_Morse: 0.00083 + L_thetaHessian: 2.79672 + L_thetaNeighbor: 1.96641 + L_Guidance: 64.97758
Epoch: 0 [2010/3000 (67%)] Unweighted L_s : L_Mnfld: 0.00085 + L_NonMnfld: 0.00002 + L_Eknl: 0.07626 + L_Morse: 1.50526 + L_thetaHessian: 0.27967 + L_thetaNeighbor: 0.06555 + L_Guidance: 0.00812
Feature guidance terms: boundary=0.00406, intra=0.00000, neighbor=0.00000, diversity=0.00000

Weights: [7000.0, 600.0, 10.0, 50.0, 30.0, 0.0005449999999999999, 8000.0], lr=5.000e-05
Epoch: 0 [2020/3000 (67%)] Loss: 22.82367 = L_Mnfld: 6.51706 + L_NonMnfld: 0.01726 + L_Eknl: 3.95835 + L_Morse: 0.00082 + L_thetaHessian: 2.74988 + L_thetaNeighbor: 1.97242 + L_Guidance: 64.25785
Epoch: 0 [2020/3000 (67%)] Unweighted L_s : L_Mnfld: 0.00093 + L_NonMnfld: 0.00003 + L_Eknl: 0.07917 + L_Morse: 1.50133 + L_thetaHessian: 0.27499 + L_thetaNeighbor: 0.06575 + L_Guidance: 0.00803
Feature guidance terms: boundary=0.00402, intra=0.00000, neighbor=0.00000, diversity=0.00000

Weights: [7000.0, 600.0, 10.0, 50.0, 30.0, 0.0005394444444444444, 8000.0], lr=5.000e-05
Epoch: 0 [2030/3000 (68%)] Loss: 21.51950 = L_Mnfld: 5.71939 + L_NonMnfld: 0.02524 + L_Eknl: 3.84707 + L_Morse: 0.00081 + L_thetaHessian: 2.77771 + L_thetaNeighbor: 1.97611 + L_Guidance: 63.50131
Epoch: 0 [2030/3000 (68%)] Unweighted L_s : L_Mnfld: 0.00082 + L_NonMnfld: 0.00004 + L_Eknl: 0.07694 + L_Morse: 1.50314 + L_thetaHessian: 0.27777 + L_thetaNeighbor: 0.06587 + L_Guidance: 0.00794
Feature guidance terms: boundary=0.00397, intra=0.00000, neighbor=0.00000, diversity=0.00000

Weights: [7000.0, 600.0, 10.0, 50.0, 30.0, 0.000533888888888889, 8000.0], lr=5.000e-05
Epoch: 0 [2040/3000 (68%)] Loss: 22.52698 = L_Mnfld: 6.51848 + L_NonMnfld: 0.01663 + L_Eknl: 3.86672 + L_Morse: 0.00080 + L_thetaHessian: 2.76706 + L_thetaNeighbor: 1.84829 + L_Guidance: 62.99017
Epoch: 0 [2040/3000 (68%)] Unweighted L_s : L_Mnfld: 0.00093 + L_NonMnfld: 0.00003 + L_Eknl: 0.07733 + L_Morse: 1.50428 + L_thetaHessian: 0.27671 + L_thetaNeighbor: 0.06161 + L_Guidance: 0.00787
Feature guidance terms: boundary=0.00394, intra=0.00000, neighbor=0.00000, diversity=0.00000

Weights: [7000.0, 600.0, 10.0, 50.0, 30.0, 0.0005283333333333332, 8000.0], lr=5.000e-05
Epoch: 0 [2050/3000 (68%)] Loss: 20.72061 = L_Mnfld: 5.52223 + L_NonMnfld: 0.01698 + L_Eknl: 3.76497 + L_Morse: 0.00079 + L_thetaHessian: 2.75240 + L_thetaNeighbor: 1.75637 + L_Guidance: 75.54145
Epoch: 0 [2050/3000 (68%)] Unweighted L_s : L_Mnfld: 0.00079 + L_NonMnfld: 0.00003 + L_Eknl: 0.07530 + L_Morse: 1.50001 + L_thetaHessian: 0.27524 + L_thetaNeighbor: 0.05855 + L_Guidance: 0.00944
Feature guidance terms: boundary=0.00472, intra=0.00000, neighbor=0.00000, diversity=0.00000

Weights: [7000.0, 600.0, 10.0, 50.0, 30.0, 0.0005227777777777778, 8000.0], lr=5.000e-05
Epoch: 0 [2060/3000 (69%)] Loss: 22.71912 = L_Mnfld: 6.53324 + L_NonMnfld: 0.02941 + L_Eknl: 3.90850 + L_Morse: 0.00079 + L_thetaHessian: 2.73968 + L_thetaNeighbor: 1.93445 + L_Guidance: 61.71720
Epoch: 0 [2060/3000 (69%)] Unweighted L_s : L_Mnfld: 0.00093 + L_NonMnfld: 0.00005 + L_Eknl: 0.07817 + L_Morse: 1.50591 + L_thetaHessian: 0.27397 + L_thetaNeighbor: 0.06448 + L_Guidance: 0.00771
Feature guidance terms: boundary=0.00386, intra=0.00000, neighbor=0.00000, diversity=0.00000

Weights: [7000.0, 600.0, 10.0, 50.0, 30.0, 0.0005172222222222223, 8000.0], lr=5.000e-05
Epoch: 0 [2070/3000 (69%)] Loss: 21.04600 = L_Mnfld: 5.45248 + L_NonMnfld: 0.01178 + L_Eknl: 3.88045 + L_Morse: 0.00078 + L_thetaHessian: 2.73634 + L_thetaNeighbor: 1.94883 + L_Guidance: 61.34409
Epoch: 0 [2070/3000 (69%)] Unweighted L_s : L_Mnfld: 0.00078 + L_NonMnfld: 0.00002 + L_Eknl: 0.07761 + L_Morse: 1.49935 + L_thetaHessian: 0.27363 + L_thetaNeighbor: 0.06496 + L_Guidance: 0.00767
Feature guidance terms: boundary=0.00383, intra=0.00000, neighbor=0.00000, diversity=0.00000

Weights: [7000.0, 600.0, 10.0, 50.0, 30.0, 0.0005116666666666668, 8000.0], lr=5.000e-05
Epoch: 0 [2080/3000 (69%)] Loss: 22.26699 = L_Mnfld: 6.55491 + L_NonMnfld: 0.02399 + L_Eknl: 3.66249 + L_Morse: 0.00077 + L_thetaHessian: 2.71969 + L_thetaNeighbor: 1.88281 + L_Guidance: 60.67111
Epoch: 0 [2080/3000 (69%)] Unweighted L_s : L_Mnfld: 0.00094 + L_NonMnfld: 0.00004 + L_Eknl: 0.07325 + L_Morse: 1.50188 + L_thetaHessian: 0.27197 + L_thetaNeighbor: 0.06276 + L_Guidance: 0.00758
Feature guidance terms: boundary=0.00379, intra=0.00000, neighbor=0.00000, diversity=0.00000

Weights: [7000.0, 600.0, 10.0, 50.0, 30.0, 0.000506111111111111, 8000.0], lr=5.000e-05
Epoch: 0 [2090/3000 (70%)] Loss: 20.63802 = L_Mnfld: 5.31407 + L_NonMnfld: 0.01154 + L_Eknl: 3.78027 + L_Morse: 0.00076 + L_thetaHessian: 2.73485 + L_thetaNeighbor: 1.91718 + L_Guidance: 60.09692
Epoch: 0 [2090/3000 (70%)] Unweighted L_s : L_Mnfld: 0.00076 + L_NonMnfld: 0.00002 + L_Eknl: 0.07561 + L_Morse: 1.49950 + L_thetaHessian: 0.27349 + L_thetaNeighbor: 0.06391 + L_Guidance: 0.00751
Feature guidance terms: boundary=0.00376, intra=0.00000, neighbor=0.00000, diversity=0.00000

Weights: [7000.0, 600.0, 10.0, 50.0, 30.0, 0.0005005555555555555, 8000.0], lr=5.000e-05
Epoch: 0 [2100/3000 (70%)] Loss: 22.54143 = L_Mnfld: 6.56784 + L_NonMnfld: 0.01816 + L_Eknl: 3.81959 + L_Morse: 0.00075 + L_thetaHessian: 2.72426 + L_thetaNeighbor: 1.89701 + L_Guidance: 59.43542
Epoch: 0 [2100/3000 (70%)] Unweighted L_s : L_Mnfld: 0.00094 + L_NonMnfld: 0.00003 + L_Eknl: 0.07639 + L_Morse: 1.50419 + L_thetaHessian: 0.27243 + L_thetaNeighbor: 0.06323 + L_Guidance: 0.00743
Feature guidance terms: boundary=0.00371, intra=0.00000, neighbor=0.00000, diversity=0.00000

Weights: [7000.0, 600.0, 10.0, 50.0, 30.0, 0.0004950000000000001, 8000.0], lr=5.000e-05
Epoch: 0 [2110/3000 (70%)] Loss: 20.02434 = L_Mnfld: 5.18929 + L_NonMnfld: 0.01185 + L_Eknl: 3.64675 + L_Morse: 0.00074 + L_thetaHessian: 2.76798 + L_thetaNeighbor: 1.73295 + L_Guidance: 73.10375
Epoch: 0 [2110/3000 (70%)] Unweighted L_s : L_Mnfld: 0.00074 + L_NonMnfld: 0.00002 + L_Eknl: 0.07294 + L_Morse: 1.49803 + L_thetaHessian: 0.27680 + L_thetaNeighbor: 0.05777 + L_Guidance: 0.00914
Feature guidance terms: boundary=0.00457, intra=0.00000, neighbor=0.00000, diversity=0.00000

Weights: [7000.0, 600.0, 10.0, 50.0, 30.0, 0.0004894444444444444, 8000.0], lr=5.000e-05
Epoch: 0 [2120/3000 (71%)] Loss: 22.58546 = L_Mnfld: 6.58790 + L_NonMnfld: 0.02510 + L_Eknl: 3.83586 + L_Morse: 0.00074 + L_thetaHessian: 2.71590 + L_thetaNeighbor: 1.89147 + L_Guidance: 58.32857
Epoch: 0 [2120/3000 (71%)] Unweighted L_s : L_Mnfld: 0.00094 + L_NonMnfld: 0.00004 + L_Eknl: 0.07672 + L_Morse: 1.50550 + L_thetaHessian: 0.27159 + L_thetaNeighbor: 0.06305 + L_Guidance: 0.00729
Feature guidance terms: boundary=0.00365, intra=0.00000, neighbor=0.00000, diversity=0.00000

Weights: [7000.0, 600.0, 10.0, 50.0, 30.0, 0.00048388888888888895, 8000.0], lr=5.000e-05
Epoch: 0 [2130/3000 (71%)] Loss: 19.95856 = L_Mnfld: 5.04087 + L_NonMnfld: 0.01703 + L_Eknl: 3.69634 + L_Morse: 0.00073 + L_thetaHessian: 2.68323 + L_thetaNeighbor: 1.86751 + L_Guidance: 57.95687
Epoch: 0 [2130/3000 (71%)] Unweighted L_s : L_Mnfld: 0.00072 + L_NonMnfld: 0.00003 + L_Eknl: 0.07393 + L_Morse: 1.50079 + L_thetaHessian: 0.26832 + L_thetaNeighbor: 0.06225 + L_Guidance: 0.00724
Feature guidance terms: boundary=0.00362, intra=0.00000, neighbor=0.00000, diversity=0.00000

Weights: [7000.0, 600.0, 10.0, 50.0, 30.0, 0.00047833333333333343, 8000.0], lr=5.000e-05
Epoch: 0 [2140/3000 (71%)] Loss: 22.89007 = L_Mnfld: 6.66284 + L_NonMnfld: 0.01129 + L_Eknl: 3.84826 + L_Morse: 0.00072 + L_thetaHessian: 2.71303 + L_thetaNeighbor: 2.02390 + L_Guidance: 57.53690
Epoch: 0 [2140/3000 (71%)] Unweighted L_s : L_Mnfld: 0.00095 + L_NonMnfld: 0.00002 + L_Eknl: 0.07697 + L_Morse: 1.50284 + L_thetaHessian: 0.27130 + L_thetaNeighbor: 0.06746 + L_Guidance: 0.00719
Feature guidance terms: boundary=0.00360, intra=0.00000, neighbor=0.00000, diversity=0.00000

Weights: [7000.0, 600.0, 10.0, 50.0, 30.0, 0.0004727777777777778, 8000.0], lr=5.000e-05
Epoch: 0 [2150/3000 (72%)] Loss: 20.15921 = L_Mnfld: 5.16128 + L_NonMnfld: 0.03747 + L_Eknl: 3.79356 + L_Morse: 0.00071 + L_thetaHessian: 2.80288 + L_thetaNeighbor: 1.64358 + L_Guidance: 87.11078
Epoch: 0 [2150/3000 (72%)] Unweighted L_s : L_Mnfld: 0.00074 + L_NonMnfld: 0.00006 + L_Eknl: 0.07587 + L_Morse: 1.49588 + L_thetaHessian: 0.28029 + L_thetaNeighbor: 0.05479 + L_Guidance: 0.01089
Feature guidance terms: boundary=0.00544, intra=0.00000, neighbor=0.00000, diversity=0.00000

Weights: [7000.0, 600.0, 10.0, 50.0, 30.0, 0.00046722222222222217, 8000.0], lr=5.000e-05
Epoch: 0 [2160/3000 (72%)] Loss: 22.38052 = L_Mnfld: 6.60799 + L_NonMnfld: 0.01325 + L_Eknl: 3.64966 + L_Morse: 0.00070 + L_thetaHessian: 2.71335 + L_thetaNeighbor: 1.93539 + L_Guidance: 56.41221
Epoch: 0 [2160/3000 (72%)] Unweighted L_s : L_Mnfld: 0.00094 + L_NonMnfld: 0.00002 + L_Eknl: 0.07299 + L_Morse: 1.50056 + L_thetaHessian: 0.27134 + L_thetaNeighbor: 0.06451 + L_Guidance: 0.00705
Feature guidance terms: boundary=0.00353, intra=0.00000, neighbor=0.00000, diversity=0.00000

Weights: [7000.0, 600.0, 10.0, 50.0, 30.0, 0.00046166666666666676, 8000.0], lr=5.000e-05
Epoch: 0 [2170/3000 (72%)] Loss: 20.26062 = L_Mnfld: 5.16566 + L_NonMnfld: 0.01879 + L_Eknl: 3.67857 + L_Morse: 0.00069 + L_thetaHessian: 2.72046 + L_thetaNeighbor: 1.92291 + L_Guidance: 55.84611
Epoch: 0 [2170/3000 (72%)] Unweighted L_s : L_Mnfld: 0.00074 + L_NonMnfld: 0.00003 + L_Eknl: 0.07357 + L_Morse: 1.49720 + L_thetaHessian: 0.27205 + L_thetaNeighbor: 0.06410 + L_Guidance: 0.00698
Feature guidance terms: boundary=0.00349, intra=0.00000, neighbor=0.00000, diversity=0.00000

Weights: [7000.0, 600.0, 10.0, 50.0, 30.0, 0.000456111111111111, 8000.0], lr=5.000e-05
Epoch: 0 [2180/3000 (73%)] Loss: 22.47504 = L_Mnfld: 6.61380 + L_NonMnfld: 0.05411 + L_Eknl: 3.78203 + L_Morse: 0.00069 + L_thetaHessian: 2.71489 + L_thetaNeighbor: 1.81784 + L_Guidance: 70.32677
Epoch: 0 [2180/3000 (73%)] Unweighted L_s : L_Mnfld: 0.00094 + L_NonMnfld: 0.00009 + L_Eknl: 0.07564 + L_Morse: 1.50234 + L_thetaHessian: 0.27149 + L_thetaNeighbor: 0.06059 + L_Guidance: 0.00879
Feature guidance terms: boundary=0.00440, intra=0.00000, neighbor=0.00000, diversity=0.00000

Weights: [7000.0, 600.0, 10.0, 50.0, 30.0, 0.0004505555555555555, 8000.0], lr=5.000e-05
Epoch: 0 [2190/3000 (73%)] Loss: 20.56224 = L_Mnfld: 5.33070 + L_NonMnfld: 0.02671 + L_Eknl: 3.71431 + L_Morse: 0.00068 + L_thetaHessian: 2.69944 + L_thetaNeighbor: 1.93632 + L_Guidance: 54.65285
Epoch: 0 [2190/3000 (73%)] Unweighted L_s : L_Mnfld: 0.00076 + L_NonMnfld: 0.00004 + L_Eknl: 0.07429 + L_Morse: 1.49896 + L_thetaHessian: 0.26994 + L_thetaNeighbor: 0.06454 + L_Guidance: 0.00683
Feature guidance terms: boundary=0.00342, intra=0.00000, neighbor=0.00000, diversity=0.00000

Weights: [7000.0, 600.0, 10.0, 50.0, 30.0, 0.0004450000000000001, 8000.0], lr=5.000e-05
Epoch: 0 [2200/3000 (73%)] Loss: 22.07420 = L_Mnfld: 6.54675 + L_NonMnfld: 0.01162 + L_Eknl: 3.65405 + L_Morse: 0.00067 + L_thetaHessian: 2.73016 + L_thetaNeighbor: 1.77287 + L_Guidance: 69.66280
Epoch: 0 [2200/3000 (73%)] Unweighted L_s : L_Mnfld: 0.00094 + L_NonMnfld: 0.00002 + L_Eknl: 0.07308 + L_Morse: 1.50165 + L_thetaHessian: 0.27302 + L_thetaNeighbor: 0.05910 + L_Guidance: 0.00871
Feature guidance terms: boundary=0.00435, intra=0.00000, neighbor=0.00000, diversity=0.00000

Weights: [7000.0, 600.0, 10.0, 50.0, 30.0, 0.00043944444444444456, 8000.0], lr=5.000e-05
Epoch: 0 [2210/3000 (74%)] Loss: 20.60390 = L_Mnfld: 5.33306 + L_NonMnfld: 0.01989 + L_Eknl: 3.72011 + L_Morse: 0.00066 + L_thetaHessian: 2.67087 + L_thetaNeighbor: 1.99135 + L_Guidance: 54.11180
Epoch: 0 [2210/3000 (74%)] Unweighted L_s : L_Mnfld: 0.00076 + L_NonMnfld: 0.00003 + L_Eknl: 0.07440 + L_Morse: 1.49620 + L_thetaHessian: 0.26709 + L_thetaNeighbor: 0.06638 + L_Guidance: 0.00676
Feature guidance terms: boundary=0.00338, intra=0.00000, neighbor=0.00000, diversity=0.00000

Weights: [7000.0, 600.0, 10.0, 50.0, 30.0, 0.00043388888888888893, 8000.0], lr=5.000e-05
Epoch: 0 [2220/3000 (74%)] Loss: 22.18685 = L_Mnfld: 6.42869 + L_NonMnfld: 0.02483 + L_Eknl: 3.69321 + L_Morse: 0.00065 + L_thetaHessian: 2.66625 + L_thetaNeighbor: 1.97760 + L_Guidance: 53.29747
Epoch: 0 [2220/3000 (74%)] Unweighted L_s : L_Mnfld: 0.00092 + L_NonMnfld: 0.00004 + L_Eknl: 0.07386 + L_Morse: 1.50220 + L_thetaHessian: 0.26662 + L_thetaNeighbor: 0.06592 + L_Guidance: 0.00666
Feature guidance terms: boundary=0.00333, intra=0.00000, neighbor=0.00000, diversity=0.00000

Weights: [7000.0, 600.0, 10.0, 50.0, 30.0, 0.0004283333333333333, 8000.0], lr=5.000e-05
Epoch: 0 [2230/3000 (74%)] Loss: 20.69758 = L_Mnfld: 5.33362 + L_NonMnfld: 0.01044 + L_Eknl: 3.69661 + L_Morse: 0.00064 + L_thetaHessian: 2.71249 + L_thetaNeighbor: 2.04458 + L_Guidance: 52.48358
Epoch: 0 [2230/3000 (74%)] Unweighted L_s : L_Mnfld: 0.00076 + L_NonMnfld: 0.00002 + L_Eknl: 0.07393 + L_Morse: 1.49716 + L_thetaHessian: 0.27125 + L_thetaNeighbor: 0.06815 + L_Guidance: 0.00656
Feature guidance terms: boundary=0.00328, intra=0.00000, neighbor=0.00000, diversity=0.00000

Weights: [7000.0, 600.0, 10.0, 50.0, 30.0, 0.0004227777777777779, 8000.0], lr=5.000e-05
Epoch: 0 [2240/3000 (75%)] Loss: 22.22350 = L_Mnfld: 6.49903 + L_NonMnfld: 0.01216 + L_Eknl: 3.69088 + L_Morse: 0.00063 + L_thetaHessian: 2.66201 + L_thetaNeighbor: 1.95094 + L_Guidance: 51.77350
Epoch: 0 [2240/3000 (75%)] Unweighted L_s : L_Mnfld: 0.00093 + L_NonMnfld: 0.00002 + L_Eknl: 0.07382 + L_Morse: 1.50057 + L_thetaHessian: 0.26620 + L_thetaNeighbor: 0.06503 + L_Guidance: 0.00647
Feature guidance terms: boundary=0.00324, intra=0.00000, neighbor=0.00000, diversity=0.00000

Weights: [7000.0, 600.0, 10.0, 50.0, 30.0, 0.00041722222222222215, 8000.0], lr=5.000e-05
Epoch: 0 [2250/3000 (75%)] Loss: 20.67193 = L_Mnfld: 5.27616 + L_NonMnfld: 0.00957 + L_Eknl: 3.82143 + L_Morse: 0.00062 + L_thetaHessian: 2.69813 + L_thetaNeighbor: 1.97537 + L_Guidance: 51.31593
Epoch: 0 [2250/3000 (75%)] Unweighted L_s : L_Mnfld: 0.00075 + L_NonMnfld: 0.00002 + L_Eknl: 0.07643 + L_Morse: 1.49575 + L_thetaHessian: 0.26981 + L_thetaNeighbor: 0.06585 + L_Guidance: 0.00641
Feature guidance terms: boundary=0.00321, intra=0.00000, neighbor=0.00000, diversity=0.00000

Weights: [7000.0, 600.0, 10.0, 50.0, 30.0, 0.00041166666666666673, 8000.0], lr=5.000e-05
Epoch: 0 [2260/3000 (75%)] Loss: 22.18687 = L_Mnfld: 6.44983 + L_NonMnfld: 0.01495 + L_Eknl: 3.70852 + L_Morse: 0.00062 + L_thetaHessian: 2.64364 + L_thetaNeighbor: 1.97368 + L_Guidance: 50.52048
Epoch: 0 [2260/3000 (75%)] Unweighted L_s : L_Mnfld: 0.00092 + L_NonMnfld: 0.00002 + L_Eknl: 0.07417 + L_Morse: 1.50456 + L_thetaHessian: 0.26436 + L_thetaNeighbor: 0.06579 + L_Guidance: 0.00632
Feature guidance terms: boundary=0.00316, intra=0.00000, neighbor=0.00000, diversity=0.00000

Weights: [7000.0, 600.0, 10.0, 50.0, 30.0, 0.0004061111111111112, 8000.0], lr=5.000e-05
Epoch: 0 [2270/3000 (76%)] Loss: 20.57104 = L_Mnfld: 5.30181 + L_NonMnfld: 0.01682 + L_Eknl: 3.73985 + L_Morse: 0.00061 + L_thetaHessian: 2.67579 + L_thetaNeighbor: 1.97914 + L_Guidance: 50.49216
Epoch: 0 [2270/3000 (76%)] Unweighted L_s : L_Mnfld: 0.00076 + L_NonMnfld: 0.00003 + L_Eknl: 0.07480 + L_Morse: 1.49855 + L_thetaHessian: 0.26758 + L_thetaNeighbor: 0.06597 + L_Guidance: 0.00631
Feature guidance terms: boundary=0.00316, intra=0.00000, neighbor=0.00000, diversity=0.00000

Weights: [7000.0, 600.0, 10.0, 50.0, 30.0, 0.0004005555555555555, 8000.0], lr=5.000e-05
Epoch: 0 [2280/3000 (76%)] Loss: 22.30437 = L_Mnfld: 6.43641 + L_NonMnfld: 0.01387 + L_Eknl: 3.73737 + L_Morse: 0.00060 + L_thetaHessian: 2.65407 + L_thetaNeighbor: 2.02727 + L_Guidance: 50.93878
Epoch: 0 [2280/3000 (76%)] Unweighted L_s : L_Mnfld: 0.00092 + L_NonMnfld: 0.00002 + L_Eknl: 0.07475 + L_Morse: 1.50342 + L_thetaHessian: 0.26541 + L_thetaNeighbor: 0.06758 + L_Guidance: 0.00637
Feature guidance terms: boundary=0.00318, intra=0.00000, neighbor=0.00000, diversity=0.00000

Weights: [7000.0, 600.0, 10.0, 50.0, 30.0, 0.00039500000000000006, 8000.0], lr=5.000e-05
Epoch: 0 [2290/3000 (76%)] Loss: 20.85201 = L_Mnfld: 5.39518 + L_NonMnfld: 0.01650 + L_Eknl: 3.67825 + L_Morse: 0.00059 + L_thetaHessian: 2.67437 + L_thetaNeighbor: 2.13645 + L_Guidance: 49.34522
Epoch: 0 [2290/3000 (76%)] Unweighted L_s : L_Mnfld: 0.00077 + L_NonMnfld: 0.00003 + L_Eknl: 0.07356 + L_Morse: 1.49849 + L_thetaHessian: 0.26744 + L_thetaNeighbor: 0.07122 + L_Guidance: 0.00617
Feature guidance terms: boundary=0.00308, intra=0.00000, neighbor=0.00000, diversity=0.00000

Weights: [7000.0, 600.0, 10.0, 50.0, 30.0, 0.00038944444444444443, 8000.0], lr=5.000e-05
Epoch: 0 [2300/3000 (77%)] Loss: 22.34570 = L_Mnfld: 6.45608 + L_NonMnfld: 0.03190 + L_Eknl: 3.76673 + L_Morse: 0.00059 + L_thetaHessian: 2.66366 + L_thetaNeighbor: 1.97817 + L_Guidance: 48.38433
Epoch: 0 [2300/3000 (77%)] Unweighted L_s : L_Mnfld: 0.00092 + L_NonMnfld: 0.00005 + L_Eknl: 0.07533 + L_Morse: 1.50551 + L_thetaHessian: 0.26637 + L_thetaNeighbor: 0.06594 + L_Guidance: 0.00605
Feature guidance terms: boundary=0.00302, intra=0.00000, neighbor=0.00000, diversity=0.00000

Weights: [7000.0, 600.0, 10.0, 50.0, 30.0, 0.0003838888888888888, 8000.0], lr=5.000e-05
Epoch: 0 [2310/3000 (77%)] Loss: 20.83679 = L_Mnfld: 5.52591 + L_NonMnfld: 0.00809 + L_Eknl: 3.61082 + L_Morse: 0.00058 + L_thetaHessian: 2.67613 + L_thetaNeighbor: 2.06967 + L_Guidance: 48.07644
Epoch: 0 [2310/3000 (77%)] Unweighted L_s : L_Mnfld: 0.00079 + L_NonMnfld: 0.00001 + L_Eknl: 0.07222 + L_Morse: 1.50256 + L_thetaHessian: 0.26761 + L_thetaNeighbor: 0.06899 + L_Guidance: 0.00601
Feature guidance terms: boundary=0.00300, intra=0.00000, neighbor=0.00000, diversity=0.00000

Weights: [7000.0, 600.0, 10.0, 50.0, 30.0, 0.0003783333333333333, 8000.0], lr=5.000e-05
Epoch: 0 [2320/3000 (77%)] Loss: 22.24804 = L_Mnfld: 6.34820 + L_NonMnfld: 0.02791 + L_Eknl: 3.72711 + L_Morse: 0.00057 + L_thetaHessian: 2.66836 + L_thetaNeighbor: 2.05988 + L_Guidance: 47.58270
Epoch: 0 [2320/3000 (77%)] Unweighted L_s : L_Mnfld: 0.00091 + L_NonMnfld: 0.00005 + L_Eknl: 0.07454 + L_Morse: 1.50451 + L_thetaHessian: 0.26684 + L_thetaNeighbor: 0.06866 + L_Guidance: 0.00595
Feature guidance terms: boundary=0.00297, intra=0.00000, neighbor=0.00000, diversity=0.00000

Weights: [7000.0, 600.0, 10.0, 50.0, 30.0, 0.00037277777777777786, 8000.0], lr=5.000e-05
Epoch: 0 [2330/3000 (78%)] Loss: 20.58331 = L_Mnfld: 5.31991 + L_NonMnfld: 0.01729 + L_Eknl: 3.64687 + L_Morse: 0.00056 + L_thetaHessian: 2.69670 + L_thetaNeighbor: 2.04087 + L_Guidance: 48.13268
Epoch: 0 [2330/3000 (78%)] Unweighted L_s : L_Mnfld: 0.00076 + L_NonMnfld: 0.00003 + L_Eknl: 0.07294 + L_Morse: 1.49691 + L_thetaHessian: 0.26967 + L_thetaNeighbor: 0.06803 + L_Guidance: 0.00602
Feature guidance terms: boundary=0.00301, intra=0.00000, neighbor=0.00000, diversity=0.00000

Weights: [7000.0, 600.0, 10.0, 50.0, 30.0, 0.00036722222222222234, 8000.0], lr=5.000e-05
Epoch: 0 [2340/3000 (78%)] Loss: 22.35109 = L_Mnfld: 6.39092 + L_NonMnfld: 0.03305 + L_Eknl: 3.70613 + L_Morse: 0.00055 + L_thetaHessian: 2.63283 + L_thetaNeighbor: 2.13724 + L_Guidance: 46.35420
Epoch: 0 [2340/3000 (78%)] Unweighted L_s : L_Mnfld: 0.00091 + L_NonMnfld: 0.00006 + L_Eknl: 0.07412 + L_Morse: 1.50392 + L_thetaHessian: 0.26328 + L_thetaNeighbor: 0.07124 + L_Guidance: 0.00579
Feature guidance terms: boundary=0.00290, intra=0.00000, neighbor=0.00000, diversity=0.00000

Weights: [7000.0, 600.0, 10.0, 50.0, 30.0, 0.0003616666666666666, 8000.0], lr=5.000e-05
Epoch: 0 [2350/3000 (78%)] Loss: 20.19512 = L_Mnfld: 5.19936 + L_NonMnfld: 0.02323 + L_Eknl: 3.64698 + L_Morse: 0.00054 + L_thetaHessian: 2.72790 + L_thetaNeighbor: 1.86540 + L_Guidance: 57.76442
Epoch: 0 [2350/3000 (78%)] Unweighted L_s : L_Mnfld: 0.00074 + L_NonMnfld: 0.00004 + L_Eknl: 0.07294 + L_Morse: 1.49570 + L_thetaHessian: 0.27279 + L_thetaNeighbor: 0.06218 + L_Guidance: 0.00722
Feature guidance terms: boundary=0.00361, intra=0.00000, neighbor=0.00000, diversity=0.00000

Weights: [7000.0, 600.0, 10.0, 50.0, 30.0, 0.0003561111111111112, 8000.0], lr=5.000e-05
Epoch: 0 [2360/3000 (79%)] Loss: 22.45856 = L_Mnfld: 6.37844 + L_NonMnfld: 0.01513 + L_Eknl: 3.75046 + L_Morse: 0.00053 + L_thetaHessian: 2.63292 + L_thetaNeighbor: 2.19489 + L_Guidance: 45.23034
Epoch: 0 [2360/3000 (79%)] Unweighted L_s : L_Mnfld: 0.00091 + L_NonMnfld: 0.00003 + L_Eknl: 0.07501 + L_Morse: 1.50231 + L_thetaHessian: 0.26329 + L_thetaNeighbor: 0.07316 + L_Guidance: 0.00565
Feature guidance terms: boundary=0.00283, intra=0.00000, neighbor=0.00000, diversity=0.00000

Weights: [7000.0, 600.0, 10.0, 50.0, 30.0, 0.00035055555555555556, 8000.0], lr=5.000e-05
Epoch: 0 [2370/3000 (79%)] Loss: 20.42204 = L_Mnfld: 5.24564 + L_NonMnfld: 0.02212 + L_Eknl: 3.58565 + L_Morse: 0.00052 + L_thetaHessian: 2.65870 + L_thetaNeighbor: 2.10207 + L_Guidance: 44.84394
Epoch: 0 [2370/3000 (79%)] Unweighted L_s : L_Mnfld: 0.00075 + L_NonMnfld: 0.00004 + L_Eknl: 0.07171 + L_Morse: 1.49535 + L_thetaHessian: 0.26587 + L_thetaNeighbor: 0.07007 + L_Guidance: 0.00561
Feature guidance terms: boundary=0.00280, intra=0.00000, neighbor=0.00000, diversity=0.00000

Weights: [7000.0, 600.0, 10.0, 50.0, 30.0, 0.00034499999999999993, 8000.0], lr=5.000e-05
Epoch: 0 [2380/3000 (79%)] Loss: 21.72617 = L_Mnfld: 6.37866 + L_NonMnfld: 0.01337 + L_Eknl: 3.59893 + L_Morse: 0.00052 + L_thetaHessian: 2.67640 + L_thetaNeighbor: 1.81622 + L_Guidance: 62.94672
Epoch: 0 [2380/3000 (79%)] Unweighted L_s : L_Mnfld: 0.00091 + L_NonMnfld: 0.00002 + L_Eknl: 0.07198 + L_Morse: 1.50164 + L_thetaHessian: 0.26764 + L_thetaNeighbor: 0.06054 + L_Guidance: 0.00787
Feature guidance terms: boundary=0.00393, intra=0.00000, neighbor=0.00000, diversity=0.00000

Weights: [7000.0, 600.0, 10.0, 50.0, 30.0, 0.0003394444444444444, 8000.0], lr=5.000e-05
Epoch: 0 [2390/3000 (80%)] Loss: 20.41810 = L_Mnfld: 5.22454 + L_NonMnfld: 0.01644 + L_Eknl: 3.67134 + L_Morse: 0.00051 + L_thetaHessian: 2.66405 + L_thetaNeighbor: 2.03518 + L_Guidance: 57.12540
Epoch: 0 [2390/3000 (80%)] Unweighted L_s : L_Mnfld: 0.00075 + L_NonMnfld: 0.00003 + L_Eknl: 0.07343 + L_Morse: 1.49382 + L_thetaHessian: 0.26640 + L_thetaNeighbor: 0.06784 + L_Guidance: 0.00714
Feature guidance terms: boundary=0.00357, intra=0.00000, neighbor=0.00000, diversity=0.00000

Weights: [7000.0, 600.0, 10.0, 50.0, 30.0, 0.000333888888888889, 8000.0], lr=5.000e-05
Epoch: 0 [2400/3000 (80%)] Loss: 22.16310 = L_Mnfld: 6.39913 + L_NonMnfld: 0.03170 + L_Eknl: 3.60246 + L_Morse: 0.00050 + L_thetaHessian: 2.63873 + L_thetaNeighbor: 2.10288 + L_Guidance: 49.45641
Epoch: 0 [2400/3000 (80%)] Unweighted L_s : L_Mnfld: 0.00091 + L_NonMnfld: 0.00005 + L_Eknl: 0.07205 + L_Morse: 1.50347 + L_thetaHessian: 0.26387 + L_thetaNeighbor: 0.07010 + L_Guidance: 0.00618
Feature guidance terms: boundary=0.00309, intra=0.00000, neighbor=0.00000, diversity=0.00000

Weights: [7000.0, 600.0, 10.0, 50.0, 30.0, 0.00032833333333333325, 8000.0], lr=5.000e-05
Epoch: 0 [2410/3000 (80%)] Loss: 20.17143 = L_Mnfld: 5.20974 + L_NonMnfld: 0.01138 + L_Eknl: 3.53771 + L_Morse: 0.00049 + L_thetaHessian: 2.63083 + L_thetaNeighbor: 2.05746 + L_Guidance: 44.75455
Epoch: 0 [2410/3000 (80%)] Unweighted L_s : L_Mnfld: 0.00074 + L_NonMnfld: 0.00002 + L_Eknl: 0.07075 + L_Morse: 1.49394 + L_thetaHessian: 0.26308 + L_thetaNeighbor: 0.06858 + L_Guidance: 0.00559
Feature guidance terms: boundary=0.00280, intra=0.00000, neighbor=0.00000, diversity=0.00000

Weights: [7000.0, 600.0, 10.0, 50.0, 30.0, 0.00032277777777777784, 8000.0], lr=5.000e-05
Epoch: 0 [2420/3000 (81%)] Loss: 22.28706 = L_Mnfld: 6.32082 + L_NonMnfld: 0.02185 + L_Eknl: 3.61077 + L_Morse: 0.00048 + L_thetaHessian: 2.60205 + L_thetaNeighbor: 2.30207 + L_Guidance: 44.10926
Epoch: 0 [2420/3000 (81%)] Unweighted L_s : L_Mnfld: 0.00090 + L_NonMnfld: 0.00004 + L_Eknl: 0.07222 + L_Morse: 1.50012 + L_thetaHessian: 0.26020 + L_thetaNeighbor: 0.07674 + L_Guidance: 0.00551
Feature guidance terms: boundary=0.00276, intra=0.00000, neighbor=0.00000, diversity=0.00000

Weights: [7000.0, 600.0, 10.0, 50.0, 30.0, 0.0003172222222222223, 8000.0], lr=5.000e-05
Epoch: 0 [2430/3000 (81%)] Loss: 20.46593 = L_Mnfld: 5.19921 + L_NonMnfld: 0.01695 + L_Eknl: 3.59541 + L_Morse: 0.00047 + L_thetaHessian: 2.62449 + L_thetaNeighbor: 2.20741 + L_Guidance: 42.28520
Epoch: 0 [2430/3000 (81%)] Unweighted L_s : L_Mnfld: 0.00074 + L_NonMnfld: 0.00003 + L_Eknl: 0.07191 + L_Morse: 1.49289 + L_thetaHessian: 0.26245 + L_thetaNeighbor: 0.07358 + L_Guidance: 0.00529
Feature guidance terms: boundary=0.00264, intra=0.00000, neighbor=0.00000, diversity=0.00000

Weights: [7000.0, 600.0, 10.0, 50.0, 30.0, 0.0003116666666666667, 8000.0], lr=5.000e-05
Epoch: 0 [2440/3000 (81%)] Loss: 22.02522 = L_Mnfld: 6.46720 + L_NonMnfld: 0.01723 + L_Eknl: 3.52284 + L_Morse: 0.00047 + L_thetaHessian: 2.77259 + L_thetaNeighbor: 1.90316 + L_Guidance: 80.56148
Epoch: 0 [2440/3000 (81%)] Unweighted L_s : L_Mnfld: 0.00092 + L_NonMnfld: 0.00003 + L_Eknl: 0.07046 + L_Morse: 1.49898 + L_thetaHessian: 0.27726 + L_thetaNeighbor: 0.06344 + L_Guidance: 0.01007
Feature guidance terms: boundary=0.00504, intra=0.00000, neighbor=0.00000, diversity=0.00000

Weights: [7000.0, 600.0, 10.0, 50.0, 30.0, 0.00030611111111111106, 8000.0], lr=5.000e-05
Epoch: 0 [2450/3000 (82%)] Loss: 20.85948 = L_Mnfld: 5.16835 + L_NonMnfld: 0.02732 + L_Eknl: 3.54415 + L_Morse: 0.00046 + L_thetaHessian: 2.81752 + L_thetaNeighbor: 2.34852 + L_Guidance: 55.44106
Epoch: 0 [2450/3000 (82%)] Unweighted L_s : L_Mnfld: 0.00074 + L_NonMnfld: 0.00005 + L_Eknl: 0.07088 + L_Morse: 1.49859 + L_thetaHessian: 0.28175 + L_thetaNeighbor: 0.07828 + L_Guidance: 0.00693
Feature guidance terms: boundary=0.00347, intra=0.00000, neighbor=0.00000, diversity=0.00000

Weights: [7000.0, 600.0, 10.0, 50.0, 30.0, 0.00030055555555555554, 8000.0], lr=5.000e-05
Epoch: 0 [2460/3000 (82%)] Loss: 22.66256 = L_Mnfld: 6.53841 + L_NonMnfld: 0.01438 + L_Eknl: 3.58339 + L_Morse: 0.00045 + L_thetaHessian: 2.76112 + L_thetaNeighbor: 2.21062 + L_Guidance: 54.12816
Epoch: 0 [2460/3000 (82%)] Unweighted L_s : L_Mnfld: 0.00093 + L_NonMnfld: 0.00002 + L_Eknl: 0.07167 + L_Morse: 1.50173 + L_thetaHessian: 0.27611 + L_thetaNeighbor: 0.07369 + L_Guidance: 0.00677
Feature guidance terms: boundary=0.00338, intra=0.00000, neighbor=0.00000, diversity=0.00000

Weights: [7000.0, 600.0, 10.0, 50.0, 30.0, 0.0002950000000000001, 8000.0], lr=5.000e-05
Epoch: 0 [2470/3000 (82%)] Loss: 20.63505 = L_Mnfld: 5.30618 + L_NonMnfld: 0.01684 + L_Eknl: 3.58711 + L_Morse: 0.00044 + L_thetaHessian: 2.61735 + L_thetaNeighbor: 2.22878 + L_Guidance: 46.02557
Epoch: 0 [2470/3000 (82%)] Unweighted L_s : L_Mnfld: 0.00076 + L_NonMnfld: 0.00003 + L_Eknl: 0.07174 + L_Morse: 1.49515 + L_thetaHessian: 0.26173 + L_thetaNeighbor: 0.07429 + L_Guidance: 0.00575
Feature guidance terms: boundary=0.00288, intra=0.00000, neighbor=0.00000, diversity=0.00000

Weights: [7000.0, 600.0, 10.0, 50.0, 30.0, 0.0002894444444444444, 8000.0], lr=5.000e-05
Epoch: 0 [2480/3000 (83%)] Loss: 22.10064 = L_Mnfld: 6.45983 + L_NonMnfld: 0.01559 + L_Eknl: 3.51067 + L_Morse: 0.00043 + L_thetaHessian: 2.63247 + L_thetaNeighbor: 2.11477 + L_Guidance: 50.39933
Epoch: 0 [2480/3000 (83%)] Unweighted L_s : L_Mnfld: 0.00092 + L_NonMnfld: 0.00003 + L_Eknl: 0.07021 + L_Morse: 1.50056 + L_thetaHessian: 0.26325 + L_thetaNeighbor: 0.07049 + L_Guidance: 0.00630
Feature guidance terms: boundary=0.00315, intra=0.00000, neighbor=0.00000, diversity=0.00000

Weights: [7000.0, 600.0, 10.0, 50.0, 30.0, 0.00028388888888888897, 8000.0], lr=5.000e-05
Epoch: 0 [2490/3000 (83%)] Loss: 20.36494 = L_Mnfld: 5.44138 + L_NonMnfld: 0.01334 + L_Eknl: 3.53685 + L_Morse: 0.00043 + L_thetaHessian: 2.66011 + L_thetaNeighbor: 1.92452 + L_Guidance: 56.00553
Epoch: 0 [2490/3000 (83%)] Unweighted L_s : L_Mnfld: 0.00078 + L_NonMnfld: 0.00002 + L_Eknl: 0.07074 + L_Morse: 1.49848 + L_thetaHessian: 0.26601 + L_thetaNeighbor: 0.06415 + L_Guidance: 0.00700
Feature guidance terms: boundary=0.00350, intra=0.00000, neighbor=0.00000, diversity=0.00000

Weights: [7000.0, 600.0, 10.0, 50.0, 30.0, 0.00027833333333333345, 8000.0], lr=5.000e-05
Epoch: 0 [2500/3000 (83%)] Loss: 22.04787 = L_Mnfld: 6.40491 + L_NonMnfld: 0.01838 + L_Eknl: 3.57717 + L_Morse: 0.00042 + L_thetaHessian: 2.58915 + L_thetaNeighbor: 2.10856 + L_Guidance: 44.24044
Epoch: 0 [2500/3000 (83%)] Unweighted L_s : L_Mnfld: 0.00091 + L_NonMnfld: 0.00003 + L_Eknl: 0.07154 + L_Morse: 1.49884 + L_thetaHessian: 0.25891 + L_thetaNeighbor: 0.07029 + L_Guidance: 0.00553
Feature guidance terms: boundary=0.00277, intra=0.00000, neighbor=0.00000, diversity=0.00000

Weights: [7000.0, 600.0, 10.0, 50.0, 30.0, 0.0002727777777777777, 8000.0], lr=5.000e-05
Epoch: 0 [2510/3000 (84%)] Loss: 20.67385 = L_Mnfld: 5.33165 + L_NonMnfld: 0.01407 + L_Eknl: 3.64059 + L_Morse: 0.00041 + L_thetaHessian: 2.67524 + L_thetaNeighbor: 2.12061 + L_Guidance: 44.68894
Epoch: 0 [2510/3000 (84%)] Unweighted L_s : L_Mnfld: 0.00076 + L_NonMnfld: 0.00002 + L_Eknl: 0.07281 + L_Morse: 1.49499 + L_thetaHessian: 0.26752 + L_thetaNeighbor: 0.07069 + L_Guidance: 0.00559
Feature guidance terms: boundary=0.00279, intra=0.00000, neighbor=0.00000, diversity=0.00000

Weights: [7000.0, 600.0, 10.0, 50.0, 30.0, 0.0002672222222222222, 8000.0], lr=5.000e-05
Epoch: 0 [2520/3000 (84%)] Loss: 21.53143 = L_Mnfld: 6.22519 + L_NonMnfld: 0.01225 + L_Eknl: 3.56860 + L_Morse: 0.00040 + L_thetaHessian: 2.60878 + L_thetaNeighbor: 1.93907 + L_Guidance: 53.36988
Epoch: 0 [2520/3000 (84%)] Unweighted L_s : L_Mnfld: 0.00089 + L_NonMnfld: 0.00002 + L_Eknl: 0.07137 + L_Morse: 1.50243 + L_thetaHessian: 0.26088 + L_thetaNeighbor: 0.06464 + L_Guidance: 0.00667
Feature guidance terms: boundary=0.00334, intra=0.00000, neighbor=0.00000, diversity=0.00000

Weights: [7000.0, 600.0, 10.0, 50.0, 30.0, 0.00026166666666666667, 8000.0], lr=5.000e-05
Epoch: 0 [2530/3000 (84%)] Loss: 21.04029 = L_Mnfld: 5.52469 + L_NonMnfld: 0.00948 + L_Eknl: 3.51849 + L_Morse: 0.00039 + L_thetaHessian: 2.76045 + L_thetaNeighbor: 2.21335 + L_Guidance: 44.46014
Epoch: 0 [2530/3000 (84%)] Unweighted L_s : L_Mnfld: 0.00079 + L_NonMnfld: 0.00002 + L_Eknl: 0.07037 + L_Morse: 1.49280 + L_thetaHessian: 0.27604 + L_thetaNeighbor: 0.07378 + L_Guidance: 0.00556
Feature guidance terms: boundary=0.00278, intra=0.00000, neighbor=0.00000, diversity=0.00000

Weights: [7000.0, 600.0, 10.0, 50.0, 30.0, 0.00025611111111111104, 8000.0], lr=5.000e-05
Epoch: 0 [2540/3000 (85%)] Loss: 22.06634 = L_Mnfld: 6.22024 + L_NonMnfld: 0.01994 + L_Eknl: 3.61299 + L_Morse: 0.00038 + L_thetaHessian: 2.60991 + L_thetaNeighbor: 2.24743 + L_Guidance: 43.06512
Epoch: 0 [2540/3000 (85%)] Unweighted L_s : L_Mnfld: 0.00089 + L_NonMnfld: 0.00003 + L_Eknl: 0.07226 + L_Morse: 1.50014 + L_thetaHessian: 0.26099 + L_thetaNeighbor: 0.07491 + L_Guidance: 0.00538
Feature guidance terms: boundary=0.00269, intra=0.00000, neighbor=0.00000, diversity=0.00000

Weights: [7000.0, 600.0, 10.0, 50.0, 30.0, 0.0002505555555555555, 8000.0], lr=5.000e-05
Epoch: 0 [2550/3000 (85%)] Loss: 20.69632 = L_Mnfld: 5.33714 + L_NonMnfld: 0.01363 + L_Eknl: 3.52999 + L_Morse: 0.00038 + L_thetaHessian: 2.62601 + L_thetaNeighbor: 2.29040 + L_Guidance: 47.43703
Epoch: 0 [2550/3000 (85%)] Unweighted L_s : L_Mnfld: 0.00076 + L_NonMnfld: 0.00002 + L_Eknl: 0.07060 + L_Morse: 1.49861 + L_thetaHessian: 0.26260 + L_thetaNeighbor: 0.07635 + L_Guidance: 0.00593
Feature guidance terms: boundary=0.00296, intra=0.00000, neighbor=0.00000, diversity=0.00000

Weights: [7000.0, 600.0, 10.0, 50.0, 30.0, 0.0002450000000000001, 8000.0], lr=5.000e-05
Epoch: 0 [2560/3000 (85%)] Loss: 22.27193 = L_Mnfld: 6.42034 + L_NonMnfld: 0.01305 + L_Eknl: 3.57181 + L_Morse: 0.00037 + L_thetaHessian: 2.59198 + L_thetaNeighbor: 2.25041 + L_Guidance: 44.91136
Epoch: 0 [2560/3000 (85%)] Unweighted L_s : L_Mnfld: 0.00092 + L_NonMnfld: 0.00002 + L_Eknl: 0.07144 + L_Morse: 1.50008 + L_thetaHessian: 0.25920 + L_thetaNeighbor: 0.07501 + L_Guidance: 0.00561
Feature guidance terms: boundary=0.00281, intra=0.00000, neighbor=0.00000, diversity=0.00000

Weights: [7000.0, 600.0, 10.0, 50.0, 30.0, 0.00023944444444444458, 8000.0], lr=5.000e-05
Epoch: 0 [2570/3000 (86%)] Loss: 20.66009 = L_Mnfld: 5.40087 + L_NonMnfld: 0.01382 + L_Eknl: 3.58987 + L_Morse: 0.00036 + L_thetaHessian: 2.63850 + L_thetaNeighbor: 2.12997 + L_Guidance: 41.33845
Epoch: 0 [2570/3000 (86%)] Unweighted L_s : L_Mnfld: 0.00077 + L_NonMnfld: 0.00002 + L_Eknl: 0.07180 + L_Morse: 1.49928 + L_thetaHessian: 0.26385 + L_thetaNeighbor: 0.07100 + L_Guidance: 0.00517
Feature guidance terms: boundary=0.00258, intra=0.00000, neighbor=0.00000, diversity=0.00000

Weights: [7000.0, 600.0, 10.0, 50.0, 30.0, 0.00023388888888888895, 8000.0], lr=5.000e-05
Epoch: 0 [2580/3000 (86%)] Loss: 22.38820 = L_Mnfld: 6.56364 + L_NonMnfld: 0.02246 + L_Eknl: 3.47318 + L_Morse: 0.00035 + L_thetaHessian: 2.70129 + L_thetaNeighbor: 2.16455 + L_Guidance: 38.28869
Epoch: 0 [2580/3000 (86%)] Unweighted L_s : L_Mnfld: 0.00094 + L_NonMnfld: 0.00004 + L_Eknl: 0.06946 + L_Morse: 1.50549 + L_thetaHessian: 0.27013 + L_thetaNeighbor: 0.07215 + L_Guidance: 0.00479
Feature guidance terms: boundary=0.00239, intra=0.00000, neighbor=0.00000, diversity=0.00000

Weights: [7000.0, 600.0, 10.0, 50.0, 30.0, 0.00022833333333333332, 8000.0], lr=5.000e-05
Epoch: 0 [2590/3000 (86%)] Loss: 20.97601 = L_Mnfld: 5.59688 + L_NonMnfld: 0.00942 + L_Eknl: 3.46880 + L_Morse: 0.00034 + L_thetaHessian: 2.64742 + L_thetaNeighbor: 2.26115 + L_Guidance: 37.50786
Epoch: 0 [2590/3000 (86%)] Unweighted L_s : L_Mnfld: 0.00080 + L_NonMnfld: 0.00002 + L_Eknl: 0.06938 + L_Morse: 1.49832 + L_thetaHessian: 0.26474 + L_thetaNeighbor: 0.07537 + L_Guidance: 0.00469
Feature guidance terms: boundary=0.00234, intra=0.00000, neighbor=0.00000, diversity=0.00000

Weights: [7000.0, 600.0, 10.0, 50.0, 30.0, 0.0002227777777777778, 8000.0], lr=5.000e-05
Epoch: 0 [2600/3000 (87%)] Loss: 22.29686 = L_Mnfld: 6.42113 + L_NonMnfld: 0.03920 + L_Eknl: 3.60371 + L_Morse: 0.00034 + L_thetaHessian: 2.58711 + L_thetaNeighbor: 2.21309 + L_Guidance: 39.16009
Epoch: 0 [2600/3000 (87%)] Unweighted L_s : L_Mnfld: 0.00092 + L_NonMnfld: 0.00007 + L_Eknl: 0.07207 + L_Morse: 1.50390 + L_thetaHessian: 0.25871 + L_thetaNeighbor: 0.07377 + L_Guidance: 0.00490
Feature guidance terms: boundary=0.00245, intra=0.00000, neighbor=0.00000, diversity=0.00000

Weights: [7000.0, 600.0, 10.0, 50.0, 30.0, 0.00021722222222222217, 8000.0], lr=5.000e-05
Epoch: 0 [2610/3000 (87%)] Loss: 20.85016 = L_Mnfld: 5.72714 + L_NonMnfld: 0.01056 + L_Eknl: 3.54642 + L_Morse: 0.00033 + L_thetaHessian: 2.71028 + L_thetaNeighbor: 1.90538 + L_Guidance: 60.02647
Epoch: 0 [2610/3000 (87%)] Unweighted L_s : L_Mnfld: 0.00082 + L_NonMnfld: 0.00002 + L_Eknl: 0.07093 + L_Morse: 1.49686 + L_thetaHessian: 0.27103 + L_thetaNeighbor: 0.06351 + L_Guidance: 0.00750
Feature guidance terms: boundary=0.00375, intra=0.00000, neighbor=0.00000, diversity=0.00000

Weights: [7000.0, 600.0, 10.0, 50.0, 30.0, 0.00021166666666666664, 8000.0], lr=5.000e-05
Epoch: 0 [2620/3000 (87%)] Loss: 22.50481 = L_Mnfld: 6.14788 + L_NonMnfld: 0.01495 + L_Eknl: 3.54997 + L_Morse: 0.00032 + L_thetaHessian: 2.87657 + L_thetaNeighbor: 2.41353 + L_Guidance: 68.79014
Epoch: 0 [2620/3000 (87%)] Unweighted L_s : L_Mnfld: 0.00088 + L_NonMnfld: 0.00002 + L_Eknl: 0.07100 + L_Morse: 1.50215 + L_thetaHessian: 0.28766 + L_thetaNeighbor: 0.08045 + L_Guidance: 0.00860
Feature guidance terms: boundary=0.00430, intra=0.00000, neighbor=0.00000, diversity=0.00000

Weights: [7000.0, 600.0, 10.0, 50.0, 30.0, 0.00020611111111111123, 8000.0], lr=5.000e-05
Epoch: 0 [2630/3000 (88%)] Loss: 20.68396 = L_Mnfld: 5.69296 + L_NonMnfld: 0.01134 + L_Eknl: 3.52236 + L_Morse: 0.00031 + L_thetaHessian: 2.51920 + L_thetaNeighbor: 2.04315 + L_Guidance: 42.69014
Epoch: 0 [2630/3000 (88%)] Unweighted L_s : L_Mnfld: 0.00081 + L_NonMnfld: 0.00002 + L_Eknl: 0.07045 + L_Morse: 1.49249 + L_thetaHessian: 0.25192 + L_thetaNeighbor: 0.06810 + L_Guidance: 0.00534
Feature guidance terms: boundary=0.00267, intra=0.00000, neighbor=0.00000, diversity=0.00000

Weights: [7000.0, 600.0, 10.0, 50.0, 30.0, 0.0002005555555555555, 8000.0], lr=5.000e-05
Epoch: 0 [2640/3000 (88%)] Loss: 21.51088 = L_Mnfld: 6.17001 + L_NonMnfld: 0.01084 + L_Eknl: 3.50058 + L_Morse: 0.00030 + L_thetaHessian: 2.53934 + L_thetaNeighbor: 2.11952 + L_Guidance: 40.02016
Epoch: 0 [2640/3000 (88%)] Unweighted L_s : L_Mnfld: 0.00088 + L_NonMnfld: 0.00002 + L_Eknl: 0.07001 + L_Morse: 1.50112 + L_thetaHessian: 0.25393 + L_thetaNeighbor: 0.07065 + L_Guidance: 0.00500
Feature guidance terms: boundary=0.00250, intra=0.00000, neighbor=0.00000, diversity=0.00000

Weights: [7000.0, 600.0, 10.0, 50.0, 30.0, 0.00019500000000000008, 8000.0], lr=5.000e-05
Epoch: 0 [2650/3000 (88%)] Loss: 20.98852 = L_Mnfld: 5.63425 + L_NonMnfld: 0.01611 + L_Eknl: 3.41820 + L_Morse: 0.00029 + L_thetaHessian: 2.59689 + L_thetaNeighbor: 2.32660 + L_Guidance: 37.02480
Epoch: 0 [2650/3000 (88%)] Unweighted L_s : L_Mnfld: 0.00080 + L_NonMnfld: 0.00003 + L_Eknl: 0.06836 + L_Morse: 1.49787 + L_thetaHessian: 0.25969 + L_thetaNeighbor: 0.07755 + L_Guidance: 0.00463
Feature guidance terms: boundary=0.00231, intra=0.00000, neighbor=0.00000, diversity=0.00000

Weights: [7000.0, 600.0, 10.0, 50.0, 30.0, 0.00018944444444444445, 8000.0], lr=5.000e-05
Epoch: 0 [2660/3000 (89%)] Loss: 21.67696 = L_Mnfld: 6.15662 + L_NonMnfld: 0.01009 + L_Eknl: 3.51914 + L_Morse: 0.00028 + L_thetaHessian: 2.57510 + L_thetaNeighbor: 2.19007 + L_Guidance: 36.49155
Epoch: 0 [2660/3000 (89%)] Unweighted L_s : L_Mnfld: 0.00088 + L_NonMnfld: 0.00002 + L_Eknl: 0.07038 + L_Morse: 1.50343 + L_thetaHessian: 0.25751 + L_thetaNeighbor: 0.07300 + L_Guidance: 0.00456
Feature guidance terms: boundary=0.00228, intra=0.00000, neighbor=0.00000, diversity=0.00000

Weights: [7000.0, 600.0, 10.0, 50.0, 30.0, 0.00018388888888888882, 8000.0], lr=5.000e-05
Epoch: 0 [2670/3000 (89%)] Loss: 21.09420 = L_Mnfld: 5.56836 + L_NonMnfld: 0.00976 + L_Eknl: 3.51612 + L_Morse: 0.00028 + L_thetaHessian: 2.53958 + L_thetaNeighbor: 2.42871 + L_Guidance: 36.19440
Epoch: 0 [2670/3000 (89%)] Unweighted L_s : L_Mnfld: 0.00080 + L_NonMnfld: 0.00002 + L_Eknl: 0.07032 + L_Morse: 1.49984 + L_thetaHessian: 0.25396 + L_thetaNeighbor: 0.08096 + L_Guidance: 0.00452
Feature guidance terms: boundary=0.00226, intra=0.00000, neighbor=0.00000, diversity=0.00000

Weights: [7000.0, 600.0, 10.0, 50.0, 30.0, 0.0001783333333333332, 8000.0], lr=5.000e-05
Epoch: 0 [2680/3000 (89%)] Loss: 21.99040 = L_Mnfld: 6.28371 + L_NonMnfld: 0.00788 + L_Eknl: 3.46989 + L_Morse: 0.00027 + L_thetaHessian: 2.51451 + L_thetaNeighbor: 2.38401 + L_Guidance: 34.34858
Epoch: 0 [2680/3000 (89%)] Unweighted L_s : L_Mnfld: 0.00090 + L_NonMnfld: 0.00001 + L_Eknl: 0.06940 + L_Morse: 1.50439 + L_thetaHessian: 0.25145 + L_thetaNeighbor: 0.07947 + L_Guidance: 0.00429
Feature guidance terms: boundary=0.00215, intra=0.00000, neighbor=0.00000, diversity=0.00000

Weights: [7000.0, 600.0, 10.0, 50.0, 30.0, 0.00017277777777777777, 8000.0], lr=5.000e-05
Epoch: 0 [2690/3000 (90%)] Loss: 20.27700 = L_Mnfld: 5.32248 + L_NonMnfld: 0.00816 + L_Eknl: 3.42303 + L_Morse: 0.00026 + L_thetaHessian: 2.51416 + L_thetaNeighbor: 2.24990 + L_Guidance: 33.15676
Epoch: 0 [2690/3000 (90%)] Unweighted L_s : L_Mnfld: 0.00076 + L_NonMnfld: 0.00001 + L_Eknl: 0.06846 + L_Morse: 1.49690 + L_thetaHessian: 0.25142 + L_thetaNeighbor: 0.07500 + L_Guidance: 0.00414
Feature guidance terms: boundary=0.00207, intra=0.00000, neighbor=0.00000, diversity=0.00000

Weights: [7000.0, 600.0, 10.0, 50.0, 30.0, 0.00016722222222222236, 8000.0], lr=5.000e-05
Epoch: 0 [2700/3000 (90%)] Loss: 21.97477 = L_Mnfld: 6.33389 + L_NonMnfld: 0.01283 + L_Eknl: 3.52519 + L_Morse: 0.00025 + L_thetaHessian: 2.52965 + L_thetaNeighbor: 2.24804 + L_Guidance: 32.31791
Epoch: 0 [2700/3000 (90%)] Unweighted L_s : L_Mnfld: 0.00090 + L_NonMnfld: 0.00002 + L_Eknl: 0.07050 + L_Morse: 1.50428 + L_thetaHessian: 0.25297 + L_thetaNeighbor: 0.07493 + L_Guidance: 0.00404
Feature guidance terms: boundary=0.00202, intra=0.00000, neighbor=0.00000, diversity=0.00000

Weights: [7000.0, 600.0, 10.0, 50.0, 30.0, 0.00016166666666666673, 8000.0], lr=5.000e-05
Epoch: 0 [2710/3000 (90%)] Loss: 20.69081 = L_Mnfld: 5.36553 + L_NonMnfld: 0.01783 + L_Eknl: 3.51721 + L_Morse: 0.00024 + L_thetaHessian: 2.61893 + L_thetaNeighbor: 2.27413 + L_Guidance: 43.35715
Epoch: 0 [2710/3000 (90%)] Unweighted L_s : L_Mnfld: 0.00077 + L_NonMnfld: 0.00003 + L_Eknl: 0.07034 + L_Morse: 1.49489 + L_thetaHessian: 0.26189 + L_thetaNeighbor: 0.07580 + L_Guidance: 0.00542
Feature guidance terms: boundary=0.00271, intra=0.00000, neighbor=0.00000, diversity=0.00000

Weights: [7000.0, 600.0, 10.0, 50.0, 30.0, 0.0001561111111111111, 8000.0], lr=5.000e-05
Epoch: 0 [2720/3000 (91%)] Loss: 21.93111 = L_Mnfld: 6.31802 + L_NonMnfld: 0.01553 + L_Eknl: 3.48969 + L_Morse: 0.00023 + L_thetaHessian: 2.51501 + L_thetaNeighbor: 2.28226 + L_Guidance: 36.51075
Epoch: 0 [2720/3000 (91%)] Unweighted L_s : L_Mnfld: 0.00090 + L_NonMnfld: 0.00003 + L_Eknl: 0.06979 + L_Morse: 1.50254 + L_thetaHessian: 0.25150 + L_thetaNeighbor: 0.07608 + L_Guidance: 0.00456
Feature guidance terms: boundary=0.00228, intra=0.00000, neighbor=0.00000, diversity=0.00000

Weights: [7000.0, 600.0, 10.0, 50.0, 30.0, 0.00015055555555555558, 8000.0], lr=5.000e-05
Epoch: 0 [2730/3000 (91%)] Loss: 20.44417 = L_Mnfld: 5.46058 + L_NonMnfld: 0.01227 + L_Eknl: 3.42920 + L_Morse: 0.00023 + L_thetaHessian: 2.60258 + L_thetaNeighbor: 2.12459 + L_Guidance: 47.62538
Epoch: 0 [2730/3000 (91%)] Unweighted L_s : L_Mnfld: 0.00078 + L_NonMnfld: 0.00002 + L_Eknl: 0.06858 + L_Morse: 1.49688 + L_thetaHessian: 0.26026 + L_thetaNeighbor: 0.07082 + L_Guidance: 0.00595
Feature guidance terms: boundary=0.00298, intra=0.00000, neighbor=0.00000, diversity=0.00000

Weights: [7000.0, 600.0, 10.0, 50.0, 30.0, 0.00014499999999999995, 8000.0], lr=5.000e-05
Epoch: 0 [2740/3000 (91%)] Loss: 22.37203 = L_Mnfld: 6.22970 + L_NonMnfld: 0.03175 + L_Eknl: 3.45371 + L_Morse: 0.00022 + L_thetaHessian: 2.77858 + L_thetaNeighbor: 2.42074 + L_Guidance: 66.38563
Epoch: 0 [2740/3000 (91%)] Unweighted L_s : L_Mnfld: 0.00089 + L_NonMnfld: 0.00005 + L_Eknl: 0.06907 + L_Morse: 1.50509 + L_thetaHessian: 0.27786 + L_thetaNeighbor: 0.08069 + L_Guidance: 0.00830
Feature guidance terms: boundary=0.00415, intra=0.00000, neighbor=0.00000, diversity=0.00000

Weights: [7000.0, 600.0, 10.0, 50.0, 30.0, 0.00013944444444444453, 8000.0], lr=5.000e-05
Epoch: 0 [2750/3000 (92%)] Loss: 20.81763 = L_Mnfld: 5.48546 + L_NonMnfld: 0.01863 + L_Eknl: 3.51782 + L_Morse: 0.00021 + L_thetaHessian: 2.76579 + L_thetaNeighbor: 2.09051 + L_Guidance: 58.83624
Epoch: 0 [2750/3000 (92%)] Unweighted L_s : L_Mnfld: 0.00078 + L_NonMnfld: 0.00003 + L_Eknl: 0.07036 + L_Morse: 1.49391 + L_thetaHessian: 0.27658 + L_thetaNeighbor: 0.06968 + L_Guidance: 0.00735
Feature guidance terms: boundary=0.00368, intra=0.00000, neighbor=0.00000, diversity=0.00000

Weights: [7000.0, 600.0, 10.0, 50.0, 30.0, 0.0001338888888888889, 8000.0], lr=5.000e-05
Epoch: 0 [2760/3000 (92%)] Loss: 21.82169 = L_Mnfld: 6.22126 + L_NonMnfld: 0.03813 + L_Eknl: 3.53221 + L_Morse: 0.00020 + L_thetaHessian: 2.52615 + L_thetaNeighbor: 2.22984 + L_Guidance: 42.34269
Epoch: 0 [2760/3000 (92%)] Unweighted L_s : L_Mnfld: 0.00089 + L_NonMnfld: 0.00006 + L_Eknl: 0.07064 + L_Morse: 1.50262 + L_thetaHessian: 0.25262 + L_thetaNeighbor: 0.07433 + L_Guidance: 0.00529
Feature guidance terms: boundary=0.00265, intra=0.00000, neighbor=0.00000, diversity=0.00000

Weights: [7000.0, 600.0, 10.0, 50.0, 30.0, 0.00012833333333333327, 8000.0], lr=5.000e-05
Epoch: 0 [2770/3000 (92%)] Loss: 20.67119 = L_Mnfld: 5.58786 + L_NonMnfld: 0.03365 + L_Eknl: 3.43151 + L_Morse: 0.00019 + L_thetaHessian: 2.57397 + L_thetaNeighbor: 2.15361 + L_Guidance: 37.79434
Epoch: 0 [2770/3000 (92%)] Unweighted L_s : L_Mnfld: 0.00080 + L_NonMnfld: 0.00006 + L_Eknl: 0.06863 + L_Morse: 1.49133 + L_thetaHessian: 0.25740 + L_thetaNeighbor: 0.07179 + L_Guidance: 0.00472
Feature guidance terms: boundary=0.00236, intra=0.00000, neighbor=0.00000, diversity=0.00000

Weights: [7000.0, 600.0, 10.0, 50.0, 30.0, 0.00012277777777777786, 8000.0], lr=5.000e-05
Epoch: 0 [2780/3000 (93%)] Loss: 21.45224 = L_Mnfld: 6.07359 + L_NonMnfld: 0.00992 + L_Eknl: 3.49661 + L_Morse: 0.00018 + L_thetaHessian: 2.50431 + L_thetaNeighbor: 2.21688 + L_Guidance: 33.31298
Epoch: 0 [2780/3000 (93%)] Unweighted L_s : L_Mnfld: 0.00087 + L_NonMnfld: 0.00002 + L_Eknl: 0.06993 + L_Morse: 1.50392 + L_thetaHessian: 0.25043 + L_thetaNeighbor: 0.07390 + L_Guidance: 0.00416
Feature guidance terms: boundary=0.00208, intra=0.00000, neighbor=0.00000, diversity=0.00000

Weights: [7000.0, 600.0, 10.0, 50.0, 30.0, 0.00011722222222222223, 8000.0], lr=5.000e-05
Epoch: 0 [2790/3000 (93%)] Loss: 21.07448 = L_Mnfld: 5.84141 + L_NonMnfld: 0.01491 + L_Eknl: 3.43796 + L_Morse: 0.00018 + L_thetaHessian: 2.47935 + L_thetaNeighbor: 2.27585 + L_Guidance: 32.76651
Epoch: 0 [2790/3000 (93%)] Unweighted L_s : L_Mnfld: 0.00083 + L_NonMnfld: 0.00002 + L_Eknl: 0.06876 + L_Morse: 1.49690 + L_thetaHessian: 0.24793 + L_thetaNeighbor: 0.07586 + L_Guidance: 0.00410
Feature guidance terms: boundary=0.00205, intra=0.00000, neighbor=0.00000, diversity=0.00000

Weights: [7000.0, 600.0, 10.0, 50.0, 30.0, 0.0001116666666666666, 8000.0], lr=5.000e-05
Epoch: 0 [2800/3000 (93%)] Loss: 21.52890 = L_Mnfld: 5.96864 + L_NonMnfld: 0.00861 + L_Eknl: 3.47009 + L_Morse: 0.00017 + L_thetaHessian: 2.51927 + L_thetaNeighbor: 2.38582 + L_Guidance: 33.98214
Epoch: 0 [2800/3000 (93%)] Unweighted L_s : L_Mnfld: 0.00085 + L_NonMnfld: 0.00001 + L_Eknl: 0.06940 + L_Morse: 1.50706 + L_thetaHessian: 0.25193 + L_thetaNeighbor: 0.07953 + L_Guidance: 0.00425
Feature guidance terms: boundary=0.00212, intra=0.00000, neighbor=0.00000, diversity=0.00000

Weights: [7000.0, 600.0, 10.0, 50.0, 30.0, 0.00010611111111111108, 8000.0], lr=5.000e-05
Epoch: 0 [2810/3000 (94%)] Loss: 21.75328 = L_Mnfld: 5.81161 + L_NonMnfld: 0.00977 + L_Eknl: 3.41037 + L_Morse: 0.00016 + L_thetaHessian: 2.81050 + L_thetaNeighbor: 2.45977 + L_Guidance: 50.93263
Epoch: 0 [2810/3000 (94%)] Unweighted L_s : L_Mnfld: 0.00083 + L_NonMnfld: 0.00002 + L_Eknl: 0.06821 + L_Morse: 1.49327 + L_thetaHessian: 0.28105 + L_thetaNeighbor: 0.08199 + L_Guidance: 0.00637
Feature guidance terms: boundary=0.00318, intra=0.00000, neighbor=0.00000, diversity=0.00000

Weights: [7000.0, 600.0, 10.0, 50.0, 30.0, 0.00010055555555555566, 8000.0], lr=5.000e-05
Epoch: 0 [2820/3000 (94%)] Loss: 21.36578 = L_Mnfld: 5.90715 + L_NonMnfld: 0.00678 + L_Eknl: 3.42524 + L_Morse: 0.00015 + L_thetaHessian: 2.69673 + L_thetaNeighbor: 2.20780 + L_Guidance: 71.04477
Epoch: 0 [2820/3000 (94%)] Unweighted L_s : L_Mnfld: 0.00084 + L_NonMnfld: 0.00001 + L_Eknl: 0.06850 + L_Morse: 1.50740 + L_thetaHessian: 0.26967 + L_thetaNeighbor: 0.07359 + L_Guidance: 0.00888
Feature guidance terms: boundary=0.00444, intra=0.00000, neighbor=0.00000, diversity=0.00000

Weights: [7000.0, 600.0, 10.0, 50.0, 30.0, 9.500000000000003e-05, 8000.0], lr=5.000e-05
Epoch: 0 [2830/3000 (94%)] Loss: 20.87780 = L_Mnfld: 5.76870 + L_NonMnfld: 0.01136 + L_Eknl: 3.39454 + L_Morse: 0.00014 + L_thetaHessian: 2.66508 + L_thetaNeighbor: 2.07871 + L_Guidance: 68.77121
Epoch: 0 [2830/3000 (94%)] Unweighted L_s : L_Mnfld: 0.00082 + L_NonMnfld: 0.00002 + L_Eknl: 0.06789 + L_Morse: 1.49747 + L_thetaHessian: 0.26651 + L_thetaNeighbor: 0.06929 + L_Guidance: 0.00860
Feature guidance terms: boundary=0.00430, intra=0.00000, neighbor=0.00000, diversity=0.00000

Weights: [7000.0, 600.0, 10.0, 50.0, 30.0, 8.94444444444444e-05, 8000.0], lr=5.000e-05
Epoch: 0 [2840/3000 (95%)] Loss: 21.79329 = L_Mnfld: 6.02741 + L_NonMnfld: 0.01906 + L_Eknl: 3.52706 + L_Morse: 0.00013 + L_thetaHessian: 2.51245 + L_thetaNeighbor: 2.44274 + L_Guidance: 41.56903
Epoch: 0 [2840/3000 (95%)] Unweighted L_s : L_Mnfld: 0.00086 + L_NonMnfld: 0.00003 + L_Eknl: 0.07054 + L_Morse: 1.50701 + L_thetaHessian: 0.25124 + L_thetaNeighbor: 0.08142 + L_Guidance: 0.00520
Feature guidance terms: boundary=0.00260, intra=0.00000, neighbor=0.00000, diversity=0.00000

Weights: [7000.0, 600.0, 10.0, 50.0, 30.0, 8.388888888888899e-05, 8000.0], lr=5.000e-05
Epoch: 0 [2850/3000 (95%)] Loss: 20.23137 = L_Mnfld: 5.56375 + L_NonMnfld: 0.03421 + L_Eknl: 3.35008 + L_Morse: 0.00013 + L_thetaHessian: 2.54550 + L_thetaNeighbor: 1.99392 + L_Guidance: 50.30350
Epoch: 0 [2850/3000 (95%)] Unweighted L_s : L_Mnfld: 0.00079 + L_NonMnfld: 0.00006 + L_Eknl: 0.06700 + L_Morse: 1.50007 + L_thetaHessian: 0.25455 + L_thetaNeighbor: 0.06646 + L_Guidance: 0.00629
Feature guidance terms: boundary=0.00314, intra=0.00000, neighbor=0.00000, diversity=0.00000

Weights: [7000.0, 600.0, 10.0, 50.0, 30.0, 7.833333333333336e-05, 8000.0], lr=5.000e-05
Epoch: 0 [2860/3000 (95%)] Loss: 21.43429 = L_Mnfld: 6.04854 + L_NonMnfld: 0.01059 + L_Eknl: 3.43729 + L_Morse: 0.00012 + L_thetaHessian: 2.53447 + L_thetaNeighbor: 2.25852 + L_Guidance: 44.53014
Epoch: 0 [2860/3000 (95%)] Unweighted L_s : L_Mnfld: 0.00086 + L_NonMnfld: 0.00002 + L_Eknl: 0.06875 + L_Morse: 1.50223 + L_thetaHessian: 0.25345 + L_thetaNeighbor: 0.07528 + L_Guidance: 0.00557
Feature guidance terms: boundary=0.00278, intra=0.00000, neighbor=0.00000, diversity=0.00000

Weights: [7000.0, 600.0, 10.0, 50.0, 30.0, 7.277777777777773e-05, 8000.0], lr=5.000e-05
Epoch: 0 [2870/3000 (96%)] Loss: 20.98331 = L_Mnfld: 5.60944 + L_NonMnfld: 0.01243 + L_Eknl: 3.48034 + L_Morse: 0.00011 + L_thetaHessian: 2.69213 + L_thetaNeighbor: 2.19443 + L_Guidance: 47.71818
Epoch: 0 [2870/3000 (96%)] Unweighted L_s : L_Mnfld: 0.00080 + L_NonMnfld: 0.00002 + L_Eknl: 0.06961 + L_Morse: 1.49111 + L_thetaHessian: 0.26921 + L_thetaNeighbor: 0.07315 + L_Guidance: 0.00596
Feature guidance terms: boundary=0.00298, intra=0.00000, neighbor=0.00000, diversity=0.00000

Weights: [7000.0, 600.0, 10.0, 50.0, 30.0, 6.72222222222222e-05, 8000.0], lr=5.000e-05
Epoch: 0 [2880/3000 (96%)] Loss: 21.25785 = L_Mnfld: 6.01878 + L_NonMnfld: 0.01447 + L_Eknl: 3.41031 + L_Morse: 0.00010 + L_thetaHessian: 2.48791 + L_thetaNeighbor: 2.24033 + L_Guidance: 36.72602
Epoch: 0 [2880/3000 (96%)] Unweighted L_s : L_Mnfld: 0.00086 + L_NonMnfld: 0.00002 + L_Eknl: 0.06821 + L_Morse: 1.50409 + L_thetaHessian: 0.24879 + L_thetaNeighbor: 0.07468 + L_Guidance: 0.00459
Feature guidance terms: boundary=0.00230, intra=0.00000, neighbor=0.00000, diversity=0.00000

Weights: [7000.0, 600.0, 10.0, 50.0, 30.0, 6.166666666666679e-05, 8000.0], lr=5.000e-05
Epoch: 0 [2890/3000 (96%)] Loss: 20.60866 = L_Mnfld: 5.62068 + L_NonMnfld: 0.01962 + L_Eknl: 3.30970 + L_Morse: 0.00009 + L_thetaHessian: 2.53013 + L_thetaNeighbor: 2.25889 + L_Guidance: 38.22958
Epoch: 0 [2890/3000 (96%)] Unweighted L_s : L_Mnfld: 0.00080 + L_NonMnfld: 0.00003 + L_Eknl: 0.06619 + L_Morse: 1.49636 + L_thetaHessian: 0.25301 + L_thetaNeighbor: 0.07530 + L_Guidance: 0.00478
Feature guidance terms: boundary=0.00239, intra=0.00000, neighbor=0.00000, diversity=0.00000

Weights: [7000.0, 600.0, 10.0, 50.0, 30.0, 5.6111111111110945e-05, 8000.0], lr=5.000e-05
Epoch: 0 [2900/3000 (97%)] Loss: 21.36663 = L_Mnfld: 6.08785 + L_NonMnfld: 0.01022 + L_Eknl: 3.47610 + L_Morse: 0.00008 + L_thetaHessian: 2.54959 + L_thetaNeighbor: 2.12058 + L_Guidance: 50.32907
Epoch: 0 [2900/3000 (97%)] Unweighted L_s : L_Mnfld: 0.00087 + L_NonMnfld: 0.00002 + L_Eknl: 0.06952 + L_Morse: 1.50701 + L_thetaHessian: 0.25496 + L_thetaNeighbor: 0.07069 + L_Guidance: 0.00629
Feature guidance terms: boundary=0.00315, intra=0.00000, neighbor=0.00000, diversity=0.00000

Weights: [7000.0, 600.0, 10.0, 50.0, 30.0, 5.055555555555553e-05, 8000.0], lr=5.000e-05
Epoch: 0 [2910/3000 (97%)] Loss: 20.71498 = L_Mnfld: 5.67061 + L_NonMnfld: 0.01670 + L_Eknl: 3.31898 + L_Morse: 0.00008 + L_thetaHessian: 2.47656 + L_thetaNeighbor: 2.32705 + L_Guidance: 33.25065
Epoch: 0 [2910/3000 (97%)] Unweighted L_s : L_Mnfld: 0.00081 + L_NonMnfld: 0.00003 + L_Eknl: 0.06638 + L_Morse: 1.49392 + L_thetaHessian: 0.24766 + L_thetaNeighbor: 0.07757 + L_Guidance: 0.00416
Feature guidance terms: boundary=0.00208, intra=0.00000, neighbor=0.00000, diversity=0.00000

Weights: [7000.0, 600.0, 10.0, 50.0, 30.0, 4.500000000000012e-05, 8000.0], lr=5.000e-05
Epoch: 0 [2920/3000 (97%)] Loss: 21.47531 = L_Mnfld: 5.95714 + L_NonMnfld: 0.03025 + L_Eknl: 3.41579 + L_Morse: 0.00007 + L_thetaHessian: 2.53664 + L_thetaNeighbor: 2.37699 + L_Guidance: 34.64660
Epoch: 0 [2920/3000 (97%)] Unweighted L_s : L_Mnfld: 0.00085 + L_NonMnfld: 0.00005 + L_Eknl: 0.06832 + L_Morse: 1.50726 + L_thetaHessian: 0.25366 + L_thetaNeighbor: 0.07923 + L_Guidance: 0.00433
Feature guidance terms: boundary=0.00217, intra=0.00000, neighbor=0.00000, diversity=0.00000

Weights: [7000.0, 600.0, 10.0, 50.0, 30.0, 3.944444444444427e-05, 8000.0], lr=5.000e-05
Epoch: 0 [2930/3000 (98%)] Loss: 21.57123 = L_Mnfld: 5.86226 + L_NonMnfld: 0.00974 + L_Eknl: 3.37861 + L_Morse: 0.00006 + L_thetaHessian: 2.78054 + L_thetaNeighbor: 2.34961 + L_Guidance: 57.91294
Epoch: 0 [2930/3000 (98%)] Unweighted L_s : L_Mnfld: 0.00084 + L_NonMnfld: 0.00002 + L_Eknl: 0.06757 + L_Morse: 1.49885 + L_thetaHessian: 0.27805 + L_thetaNeighbor: 0.07832 + L_Guidance: 0.00724
Feature guidance terms: boundary=0.00362, intra=0.00000, neighbor=0.00000, diversity=0.00000

Weights: [7000.0, 600.0, 10.0, 50.0, 30.0, 3.388888888888886e-05, 8000.0], lr=5.000e-05
Epoch: 0 [2940/3000 (98%)] Loss: 20.86973 = L_Mnfld: 5.90112 + L_NonMnfld: 0.03772 + L_Eknl: 3.38014 + L_Morse: 0.00005 + L_thetaHessian: 2.58550 + L_thetaNeighbor: 2.00862 + L_Guidance: 55.96101
Epoch: 0 [2940/3000 (98%)] Unweighted L_s : L_Mnfld: 0.00084 + L_NonMnfld: 0.00006 + L_Eknl: 0.06760 + L_Morse: 1.50252 + L_thetaHessian: 0.25855 + L_thetaNeighbor: 0.06695 + L_Guidance: 0.00700
Feature guidance terms: boundary=0.00350, intra=0.00000, neighbor=0.00000, diversity=0.00000

Weights: [7000.0, 600.0, 10.0, 50.0, 30.0, 2.8333333333333335e-05, 8000.0], lr=5.000e-05
Epoch: 0 [2950/3000 (98%)] Loss: 21.87602 = L_Mnfld: 5.82916 + L_NonMnfld: 0.00931 + L_Eknl: 3.32946 + L_Morse: 0.00004 + L_thetaHessian: 2.99837 + L_thetaNeighbor: 2.41767 + L_Guidance: 93.55585
Epoch: 0 [2950/3000 (98%)] Unweighted L_s : L_Mnfld: 0.00083 + L_NonMnfld: 0.00002 + L_Eknl: 0.06659 + L_Morse: 1.49650 + L_thetaHessian: 0.29984 + L_thetaNeighbor: 0.08059 + L_Guidance: 0.01169
Feature guidance terms: boundary=0.00585, intra=0.00000, neighbor=0.00000, diversity=0.00000

Weights: [7000.0, 600.0, 10.0, 50.0, 30.0, 2.2777777777777813e-05, 8000.0], lr=5.000e-05
Epoch: 0 [2960/3000 (99%)] Loss: 21.00066 = L_Mnfld: 5.90096 + L_NonMnfld: 0.01792 + L_Eknl: 3.31862 + L_Morse: 0.00003 + L_thetaHessian: 2.56328 + L_thetaNeighbor: 2.19962 + L_Guidance: 42.38003
Epoch: 0 [2960/3000 (99%)] Unweighted L_s : L_Mnfld: 0.00084 + L_NonMnfld: 0.00003 + L_Eknl: 0.06637 + L_Morse: 1.50343 + L_thetaHessian: 0.25633 + L_thetaNeighbor: 0.07332 + L_Guidance: 0.00530
Feature guidance terms: boundary=0.00265, intra=0.00000, neighbor=0.00000, diversity=0.00000

Weights: [7000.0, 600.0, 10.0, 50.0, 30.0, 1.7222222222222075e-05, 8000.0], lr=5.000e-05
Epoch: 0 [2970/3000 (99%)] Loss: 20.31540 = L_Mnfld: 5.75864 + L_NonMnfld: 0.00621 + L_Eknl: 3.32792 + L_Morse: 0.00003 + L_thetaHessian: 2.52214 + L_thetaNeighbor: 1.92866 + L_Guidance: 55.15035
Epoch: 0 [2970/3000 (99%)] Unweighted L_s : L_Mnfld: 0.00082 + L_NonMnfld: 0.00001 + L_Eknl: 0.06656 + L_Morse: 1.49427 + L_thetaHessian: 0.25221 + L_thetaNeighbor: 0.06429 + L_Guidance: 0.00689
Feature guidance terms: boundary=0.00345, intra=0.00000, neighbor=0.00000, diversity=0.00000

Weights: [7000.0, 600.0, 10.0, 50.0, 30.0, 1.1666666666666553e-05, 8000.0], lr=5.000e-05
Epoch: 0 [2980/3000 (99%)] Loss: 21.09023 = L_Mnfld: 6.00765 + L_NonMnfld: 0.00677 + L_Eknl: 3.40281 + L_Morse: 0.00002 + L_thetaHessian: 2.42298 + L_thetaNeighbor: 2.21994 + L_Guidance: 34.38444
Epoch: 0 [2980/3000 (99%)] Unweighted L_s : L_Mnfld: 0.00086 + L_NonMnfld: 0.00001 + L_Eknl: 0.06806 + L_Morse: 1.50259 + L_thetaHessian: 0.24230 + L_thetaNeighbor: 0.07400 + L_Guidance: 0.00430
Feature guidance terms: boundary=0.00215, intra=0.00000, neighbor=0.00000, diversity=0.00000

Weights: [7000.0, 600.0, 10.0, 50.0, 30.0, 6.111111111111248e-06, 8000.0], lr=5.000e-05
Epoch: 0 [2990/3000 (100%)] Loss: 20.88298 = L_Mnfld: 5.71193 + L_NonMnfld: 0.01677 + L_Eknl: 3.41331 + L_Morse: 0.00001 + L_thetaHessian: 2.43369 + L_thetaNeighbor: 2.34628 + L_Guidance: 32.10330
Epoch: 0 [2990/3000 (100%)] Unweighted L_s : L_Mnfld: 0.00082 + L_NonMnfld: 0.00003 + L_Eknl: 0.06827 + L_Morse: 1.49680 + L_thetaHessian: 0.24337 + L_thetaNeighbor: 0.07821 + L_Guidance: 0.00401
Feature guidance terms: boundary=0.00201, intra=0.00000, neighbor=0.00000, diversity=0.00000

[1/4] Loading mesh: /root/SemanPartMesh/compare_8d46740c472f9d36b7a04b65023ffc59_ns3000_20260508_184014/pipeline/quad_meshes/8d46740c472f9d36b7a04b65023ffc59_quad_chunks/outputs/chunk_000_quad_extract_work/chunk_000_quad_repaired.obj
       V=1269 F=2532
[2/4] Loading cross field: /root/SemanPartMesh/compare_8d46740c472f9d36b7a04b65023ffc59_ns3000_20260508_184014/pipeline/quad_meshes/8d46740c472f9d36b7a04b65023ffc59_quad_chunks/outputs/chunk_000_quad_extract_work/chunk_000_quad_repaired_cf.txt
       cross field rows=2532
Degenerate triangle in input mesh at face 2530
[1/4] Loading mesh: /root/SemanPartMesh/compare_8d46740c472f9d36b7a04b65023ffc59_ns3000_20260508_184014/pipeline/quad_meshes/8d46740c472f9d36b7a04b65023ffc59_quad_chunks/outputs/chunk_000_quad_extract_work/chunk_000_quad_repaired.obj
       V=1269 F=2532
[2/4] Loading cross field: /root/SemanPartMesh/compare_8d46740c472f9d36b7a04b65023ffc59_ns3000_20260508_184014/pipeline/quad_meshes/8d46740c472f9d36b7a04b65023ffc59_quad_chunks/outputs/chunk_000_quad_extract_work/chunk_000_quad_repaired_cf.txt
       cross field rows=2532
Degenerate triangle in input mesh at face 2530
[1/4] Loading mesh: /root/SemanPartMesh/compare_8d46740c472f9d36b7a04b65023ffc59_ns3000_20260508_184014/pipeline/quad_meshes/8d46740c472f9d36b7a04b65023ffc59_quad_chunks/outputs/chunk_000_quad_extract_work/chunk_000_quad_repaired.obj
       V=1269 F=2532
[2/4] Loading cross field: /root/SemanPartMesh/compare_8d46740c472f9d36b7a04b65023ffc59_ns3000_20260508_184014/pipeline/quad_meshes/8d46740c472f9d36b7a04b65023ffc59_quad_chunks/outputs/chunk_000_quad_extract_work/chunk_000_quad_repaired_cf.txt
       cross field rows=2532
Degenerate triangle in input mesh at face 2530
[1/4] Loading mesh: /root/SemanPartMesh/compare_8d46740c472f9d36b7a04b65023ffc59_ns3000_20260508_184014/pipeline/quad_meshes/8d46740c472f9d36b7a04b65023ffc59_quad_chunks/outputs/chunk_000_quad_extract_work/chunk_000_quad_repaired.obj
       V=1269 F=2532
[2/4] Loading cross field: /root/SemanPartMesh/compare_8d46740c472f9d36b7a04b65023ffc59_ns3000_20260508_184014/pipeline/quad_meshes/8d46740c472f9d36b7a04b65023ffc59_quad_chunks/outputs/chunk_000_quad_extract_work/chunk_000_quad_repaired_cf.txt
       cross field rows=2532
Degenerate triangle in input mesh at face 2530

==================================================
  [Tier 0] Standard repair pipeline
==================================================
  [nm-fix] duplicated 2 vertex instances, verts: 1268 -> 1270, face-comps: 2, nm_edges: 0
  [bridge] added 2 bridge faces, components: 2 -> 1
  [repair] collapsed 3 degenerate edge(s), V: 1272->1269, F: 2538->2532

[Auto Sweep]
  mesh        : /root/SemanPartMesh/compare_8d46740c472f9d36b7a04b65023ffc59_ns3000_20260508_184014/pipeline/quad_meshes/8d46740c472f9d36b7a04b65023ffc59_quad_chunks/outputs/chunk_000_quad_extract_work/chunk_000_quad_repaired.obj
  cross field : /root/SemanPartMesh/compare_8d46740c472f9d36b7a04b65023ffc59_ns3000_20260508_184014/pipeline/quad_meshes/8d46740c472f9d36b7a04b65023ffc59_quad_chunks/outputs/chunk_000_quad_extract_work/chunk_000_quad_repaired_cf.txt
  output      : /root/SemanPartMesh/compare_8d46740c472f9d36b7a04b65023ffc59_ns3000_20260508_184014/pipeline/quad_meshes/8d46740c472f9d36b7a04b65023ffc59_quad_chunks/outputs/chunk_000_quad.obj
  sweep_values: [8.0, 12.0, 16.0, 24.0, 30.0, 40.0, 60.0]
  thresholds  : min_quads=127, max_ad=15.0, min_jr=0.15

  target_quads: 1266 (budget-aware ranking)

  budget_tol  : 0.200

[Auto Sweep] Trying gradient_size=8.0
  binary       : /root/SemanPartMesh/quad_extract/build/extract_quad_mesh
  input mesh   : /root/SemanPartMesh/compare_8d46740c472f9d36b7a04b65023ffc59_ns3000_20260508_184014/pipeline/quad_meshes/8d46740c472f9d36b7a04b65023ffc59_quad_chunks/outputs/chunk_000_quad_extract_work/chunk_000_quad_repaired.obj
  cross field  : /root/SemanPartMesh/compare_8d46740c472f9d36b7a04b65023ffc59_ns3000_20260508_184014/pipeline/quad_meshes/8d46740c472f9d36b7a04b65023ffc59_quad_chunks/outputs/chunk_000_quad_extract_work/chunk_000_quad_repaired_cf.txt
  output       : /root/SemanPartMesh/compare_8d46740c472f9d36b7a04b65023ffc59_ns3000_20260508_184014/pipeline/quad_meshes/8d46740c472f9d36b7a04b65023ffc59_quad_chunks/outputs/chunk_000_quad_extract_work/chunk_000_quad_gs8.obj
  gradient_size: 8.0  timeout: 1800s

  FAILED: Command '['/root/SemanPartMesh/quad_extract/build/extract_quad_mesh', '/root/SemanPartMesh/compare_8d46740c472f9d36b7a04b65023ffc59_ns3000_20260508_184014/pipeline/quad_meshes/8d46740c472f9d36b7a04b65023ffc59_quad_chunks/outputs/chunk_000_quad_extract_work/chunk_000_quad_repaired.obj', '/root/SemanPartMesh/compare_8d46740c472f9d36b7a04b65023ffc59_ns3000_20260508_184014/pipeline/quad_meshes/8d46740c472f9d36b7a04b65023ffc59_quad_chunks/outputs/chunk_000_quad_extract_work/chunk_000_quad_repaired_cf.txt', '/root/SemanPartMesh/compare_8d46740c472f9d36b7a04b65023ffc59_ns3000_20260508_184014/pipeline/quad_meshes/8d46740c472f9d36b7a04b65023ffc59_quad_chunks/outputs/chunk_000_quad_extract_work/chunk_000_quad_gs8.obj', '8.0', '5.0', '0', '5', '5']' returned non-zero exit status 1.
  binary       : /root/SemanPartMesh/quad_extract/build/extract_quad_mesh
  input mesh   : /root/SemanPartMesh/compare_8d46740c472f9d36b7a04b65023ffc59_ns3000_20260508_184014/pipeline/quad_meshes/8d46740c472f9d36b7a04b65023ffc59_quad_chunks/outputs/chunk_000_quad_extract_work/chunk_000_quad_repaired.obj
  cross field  : /root/SemanPartMesh/compare_8d46740c472f9d36b7a04b65023ffc59_ns3000_20260508_184014/pipeline/quad_meshes/8d46740c472f9d36b7a04b65023ffc59_quad_chunks/outputs/chunk_000_quad_extract_work/chunk_000_quad_repaired_cf.txt
  output       : /root/SemanPartMesh/compare_8d46740c472f9d36b7a04b65023ffc59_ns3000_20260508_184014/pipeline/quad_meshes/8d46740c472f9d36b7a04b65023ffc59_quad_chunks/outputs/chunk_000_quad_extract_work/chunk_000_quad_gs8.obj
  gradient_size: 8.0  timeout: 1800s  [stiff=50.0 dr=0 it=5]

  FAILED: Command '['/root/SemanPartMesh/quad_extract/build/extract_quad_mesh', '/root/SemanPartMesh/compare_8d46740c472f9d36b7a04b65023ffc59_ns3000_20260508_184014/pipeline/quad_meshes/8d46740c472f9d36b7a04b65023ffc59_quad_chunks/outputs/chunk_000_quad_extract_work/chunk_000_quad_repaired.obj', '/root/SemanPartMesh/compare_8d46740c472f9d36b7a04b65023ffc59_ns3000_20260508_184014/pipeline/quad_meshes/8d46740c472f9d36b7a04b65023ffc59_quad_chunks/outputs/chunk_000_quad_extract_work/chunk_000_quad_repaired_cf.txt', '/root/SemanPartMesh/compare_8d46740c472f9d36b7a04b65023ffc59_ns3000_20260508_184014/pipeline/quad_meshes/8d46740c472f9d36b7a04b65023ffc59_quad_chunks/outputs/chunk_000_quad_extract_work/chunk_000_quad_gs8.obj', '8.0', '50.0', '0', '5', '5']' returned non-zero exit status 1.
  binary       : /root/SemanPartMesh/quad_extract/build/extract_quad_mesh
  input mesh   : /root/SemanPartMesh/compare_8d46740c472f9d36b7a04b65023ffc59_ns3000_20260508_184014/pipeline/quad_meshes/8d46740c472f9d36b7a04b65023ffc59_quad_chunks/outputs/chunk_000_quad_extract_work/chunk_000_quad_repaired.obj
  cross field  : /root/SemanPartMesh/compare_8d46740c472f9d36b7a04b65023ffc59_ns3000_20260508_184014/pipeline/quad_meshes/8d46740c472f9d36b7a04b65023ffc59_quad_chunks/outputs/chunk_000_quad_extract_work/chunk_000_quad_repaired_cf.txt
  output       : /root/SemanPartMesh/compare_8d46740c472f9d36b7a04b65023ffc59_ns3000_20260508_184014/pipeline/quad_meshes/8d46740c472f9d36b7a04b65023ffc59_quad_chunks/outputs/chunk_000_quad_extract_work/chunk_000_quad_gs8.obj
  gradient_size: 8.0  timeout: 1800s  [stiff=5.0 dr=1 it=5]

  FAILED: Command '['/root/SemanPartMesh/quad_extract/build/extract_quad_mesh', '/root/SemanPartMesh/compare_8d46740c472f9d36b7a04b65023ffc59_ns3000_20260508_184014/pipeline/quad_meshes/8d46740c472f9d36b7a04b65023ffc59_quad_chunks/outputs/chunk_000_quad_extract_work/chunk_000_quad_repaired.obj', '/root/SemanPartMesh/compare_8d46740c472f9d36b7a04b65023ffc59_ns3000_20260508_184014/pipeline/quad_meshes/8d46740c472f9d36b7a04b65023ffc59_quad_chunks/outputs/chunk_000_quad_extract_work/chunk_000_quad_repaired_cf.txt', '/root/SemanPartMesh/compare_8d46740c472f9d36b7a04b65023ffc59_ns3000_20260508_184014/pipeline/quad_meshes/8d46740c472f9d36b7a04b65023ffc59_quad_chunks/outputs/chunk_000_quad_extract_work/chunk_000_quad_gs8.obj', '8.0', '5.0', '1', '5', '5']' returned non-zero exit status 1.
  binary       : /root/SemanPartMesh/quad_extract/build/extract_quad_mesh
  input mesh   : /root/SemanPartMesh/compare_8d46740c472f9d36b7a04b65023ffc59_ns3000_20260508_184014/pipeline/quad_meshes/8d46740c472f9d36b7a04b65023ffc59_quad_chunks/outputs/chunk_000_quad_extract_work/chunk_000_quad_repaired.obj
  cross field  : /root/SemanPartMesh/compare_8d46740c472f9d36b7a04b65023ffc59_ns3000_20260508_184014/pipeline/quad_meshes/8d46740c472f9d36b7a04b65023ffc59_quad_chunks/outputs/chunk_000_quad_extract_work/chunk_000_quad_repaired_cf.txt
  output       : /root/SemanPartMesh/compare_8d46740c472f9d36b7a04b65023ffc59_ns3000_20260508_184014/pipeline/quad_meshes/8d46740c472f9d36b7a04b65023ffc59_quad_chunks/outputs/chunk_000_quad_extract_work/chunk_000_quad_gs8.obj
  gradient_size: 8.0  timeout: 1800s  [stiff=50.0 dr=1 it=5]

  FAILED: Command '['/root/SemanPartMesh/quad_extract/build/extract_quad_mesh', '/root/SemanPartMesh/compare_8d46740c472f9d36b7a04b65023ffc59_ns3000_20260508_184014/pipeline/quad_meshes/8d46740c472f9d36b7a04b65023ffc59_quad_chunks/outputs/chunk_000_quad_extract_work/chunk_000_quad_repaired.obj', '/root/SemanPartMesh/compare_8d46740c472f9d36b7a04b65023ffc59_ns3000_20260508_184014/pipeline/quad_meshes/8d46740c472f9d36b7a04b65023ffc59_quad_chunks/outputs/chunk_000_quad_extract_work/chunk_000_quad_repaired_cf.txt', '/root/SemanPartMesh/compare_8d46740c472f9d36b7a04b65023ffc59_ns3000_20260508_184014/pipeline/quad_meshes/8d46740c472f9d36b7a04b65023ffc59_quad_chunks/outputs/chunk_000_quad_extract_work/chunk_000_quad_gs8.obj', '8.0', '50.0', '1', '5', '5']' returned non-zero exit status 1.
  binary       : /root/SemanPartMesh/quad_extract/build/extract_quad_mesh
  input mesh   : /root/SemanPartMesh/compare_8d46740c472f9d36b7a04b65023ffc59_ns3000_20260508_184014/pipeline/quad_meshes/8d46740c472f9d36b7a04b65023ffc59_quad_chunks/outputs/chunk_000_quad_extract_work/chunk_000_quad_repaired.obj
  cross field  : /root/SemanPartMesh/compare_8d46740c472f9d36b7a04b65023ffc59_ns3000_20260508_184014/pipeline/quad_meshes/8d46740c472f9d36b7a04b65023ffc59_quad_chunks/outputs/chunk_000_quad_extract_work/chunk_000_quad_repaired_cf.txt[1/4] Loading mesh: /root/SemanPartMesh/compare_8d46740c472f9d36b7a04b65023ffc59_ns3000_20260508_184014/pipeline/quad_meshes/8d46740c472f9d36b7a04b65023ffc59_quad_chunks/outputs/chunk_000_quad_extract_work/chunk_000_quad_repaired.obj
       V=1269 F=2532
[2/4] Loading cross field: /root/SemanPartMesh/compare_8d46740c472f9d36b7a04b65023ffc59_ns3000_20260508_184014/pipeline/quad_meshes/8d46740c472f9d36b7a04b65023ffc59_quad_chunks/outputs/chunk_000_quad_extract_work/chunk_000_quad_repaired_cf.txt
       cross field rows=2532
Degenerate triangle in input mesh at face 2530
[1/4] Loading mesh: /root/SemanPartMesh/compare_8d46740c472f9d36b7a04b65023ffc59_ns3000_20260508_184014/pipeline/quad_meshes/8d46740c472f9d36b7a04b65023ffc59_quad_chunks/outputs/chunk_000_quad_extract_work/chunk_000_quad_repaired.obj
       V=1269 F=2532
[2/4] Loading cross field: /root/SemanPartMesh/compare_8d46740c472f9d36b7a04b65023ffc59_ns3000_20260508_184014/pipeline/quad_meshes/8d46740c472f9d36b7a04b65023ffc59_quad_chunks/outputs/chunk_000_quad_extract_work/chunk_000_quad_repaired_cf.txt
       cross field rows=2532
Degenerate triangle in input mesh at face 2530
[1/4] Loading mesh: /root/SemanPartMesh/compare_8d46740c472f9d36b7a04b65023ffc59_ns3000_20260508_184014/pipeline/quad_meshes/8d46740c472f9d36b7a04b65023ffc59_quad_chunks/outputs/chunk_000_quad_extract_work/chunk_000_quad_repaired.obj
       V=1269 F=2532
[2/4] Loading cross field: /root/SemanPartMesh/compare_8d46740c472f9d36b7a04b65023ffc59_ns3000_20260508_184014/pipeline/quad_meshes/8d46740c472f9d36b7a04b65023ffc59_quad_chunks/outputs/chunk_000_quad_extract_work/chunk_000_quad_repaired_cf.txt
       cross field rows=2532
Degenerate triangle in input mesh at face 2530
[1/4] Loading mesh: /root/SemanPartMesh/compare_8d46740c472f9d36b7a04b65023ffc59_ns3000_20260508_184014/pipeline/quad_meshes/8d46740c472f9d36b7a04b65023ffc59_quad_chunks/outputs/chunk_000_quad_extract_work/chunk_000_quad_repaired.obj
       V=1269 F=2532
[2/4] Loading cross field: /root/SemanPartMesh/compare_8d46740c472f9d36b7a04b65023ffc59_ns3000_20260508_184014/pipeline/quad_meshes/8d46740c472f9d36b7a04b65023ffc59_quad_chunks/outputs/chunk_000_quad_extract_work/chunk_000_quad_repaired_cf.txt
       cross field rows=2532
Degenerate triangle in input mesh at face 2530
[1/4] Loading mesh: /root/SemanPartMesh/compare_8d46740c472f9d36b7a04b65023ffc59_ns3000_20260508_184014/pipeline/quad_meshes/8d46740c472f9d36b7a04b65023ffc59_quad_chunks/outputs/chunk_000_quad_extract_work/chunk_000_quad_repaired.obj
       V=1269 F=2532
[2/4] Loading cross field: /root/SemanPartMesh/compare_8d46740c472f9d36b7a04b65023ffc59_ns3000_20260508_184014/pipeline/quad_meshes/8d46740c472f9d36b7a04b65023ffc59_quad_chunks/outputs/chunk_000_quad_extract_work/chunk_000_quad_repaired_cf.txt
       cross field rows=2532
Degenerate triangle in input mesh at face 2530

  output       : /root/SemanPartMesh/compare_8d46740c472f9d36b7a04b65023ffc59_ns3000_20260508_184014/pipeline/quad_meshes/8d46740c472f9d36b7a04b65023ffc59_quad_chunks/outputs/chunk_000_quad_extract_work/chunk_000_quad_gs8.obj
  gradient_size: 8.0  timeout: 1800s  [stiff=200.0 dr=1 it=3]

  FAILED: Command '['/root/SemanPartMesh/quad_extract/build/extract_quad_mesh', '/root/SemanPartMesh/compare_8d46740c472f9d36b7a04b65023ffc59_ns3000_20260508_184014/pipeline/quad_meshes/8d46740c472f9d36b7a04b65023ffc59_quad_chunks/outputs/chunk_000_quad_extract_work/chunk_000_quad_repaired.obj', '/root/SemanPartMesh/compare_8d46740c472f9d36b7a04b65023ffc59_ns3000_20260508_184014/pipeline/quad_meshes/8d46740c472f9d36b7a04b65023ffc59_quad_chunks/outputs/chunk_000_quad_extract_work/chunk_000_quad_repaired_cf.txt', '/root/SemanPartMesh/compare_8d46740c472f9d36b7a04b65023ffc59_ns3000_20260508_184014/pipeline/quad_meshes/8d46740c472f9d36b7a04b65023ffc59_quad_chunks/outputs/chunk_000_quad_extract_work/chunk_000_quad_gs8.obj', '8.0', '200.0', '1', '3', '5']' returned non-zero exit status 1.
  FAILED: extraction failed for gs=8.0

[Auto Sweep] Trying gradient_size=12.0
  binary       : /root/SemanPartMesh/quad_extract/build/extract_quad_mesh
  input mesh   : /root/SemanPartMesh/compare_8d46740c472f9d36b7a04b65023ffc59_ns3000_20260508_184014/pipeline/quad_meshes/8d46740c472f9d36b7a04b65023ffc59_quad_chunks/outputs/chunk_000_quad_extract_work/chunk_000_quad_repaired.obj
  cross field  : /root/SemanPartMesh/compare_8d46740c472f9d36b7a04b65023ffc59_ns3000_20260508_184014/pipeline/quad_meshes/8d46740c472f9d36b7a04b65023ffc59_quad_chunks/outputs/chunk_000_quad_extract_work/chunk_000_quad_repaired_cf.txt
  output       : /root/SemanPartMesh/compare_8d46740c472f9d36b7a04b65023ffc59_ns3000_20260508_184014/pipeline/quad_meshes/8d46740c472f9d36b7a04b65023ffc59_quad_chunks/outputs/chunk_000_quad_extract_work/chunk_000_quad_gs12.obj
  gradient_size: 12.0  timeout: 1800s

  FAILED: Command '['/root/SemanPartMesh/quad_extract/build/extract_quad_mesh', '/root/SemanPartMesh/compare_8d46740c472f9d36b7a04b65023ffc59_ns3000_20260508_184014/pipeline/quad_meshes/8d46740c472f9d36b7a04b65023ffc59_quad_chunks/outputs/chunk_000_quad_extract_work/chunk_000_quad_repaired.obj', '/root/SemanPartMesh/compare_8d46740c472f9d36b7a04b65023ffc59_ns3000_20260508_184014/pipeline/quad_meshes/8d46740c472f9d36b7a04b65023ffc59_quad_chunks/outputs/chunk_000_quad_extract_work/chunk_000_quad_repaired_cf.txt', '/root/SemanPartMesh/compare_8d46740c472f9d36b7a04b65023ffc59_ns3000_20260508_184014/pipeline/quad_meshes/8d46740c472f9d36b7a04b65023ffc59_quad_chunks/outputs/chunk_000_quad_extract_work/chunk_000_quad_gs12.obj', '12.0', '5.0', '0', '5', '5']' returned non-zero exit status 1.
  binary       : /root/SemanPartMesh/quad_extract/build/extract_quad_mesh
  input mesh   : /root/SemanPartMesh/compare_8d46740c472f9d36b7a04b65023ffc59_ns3000_20260508_184014/pipeline/quad_meshes/8d46740c472f9d36b7a04b65023ffc59_quad_chunks/outputs/chunk_000_quad_extract_work/chunk_000_quad_repaired.obj
  cross field  : /root/SemanPartMesh/compare_8d46740c472f9d36b7a04b65023ffc59_ns3000_20260508_184014/pipeline/quad_meshes/8d46740c472f9d36b7a04b65023ffc59_quad_chunks/outputs/chunk_000_quad_extract_work/chunk_000_quad_repaired_cf.txt
  output       : /root/SemanPartMesh/compare_8d46740c472f9d36b7a04b65023ffc59_ns3000_20260508_184014/pipeline/quad_meshes/8d46740c472f9d36b7a04b65023ffc59_quad_chunks/outputs/chunk_000_quad_extract_work/chunk_000_quad_gs12.obj
  gradient_size: 12.0  timeout: 1800s  [stiff=50.0 dr=0 it=5]

  FAILED: Command '['/root/SemanPartMesh/quad_extract/build/extract_quad_mesh', '/root/SemanPartMesh/compare_8d46740c472f9d36b7a04b65023ffc59_ns3000_20260508_184014/pipeline/quad_meshes/8d46740c472f9d36b7a04b65023ffc59_quad_chunks/outputs/chunk_000_quad_extract_work/chunk_000_quad_repaired.obj', '/root/SemanPartMesh/compare_8d46740c472f9d36b7a04b65023ffc59_ns3000_20260508_184014/pipeline/quad_meshes/8d46740c472f9d36b7a04b65023ffc59_quad_chunks/outputs/chunk_000_quad_extract_work/chunk_000_quad_repaired_cf.txt', '/root/SemanPartMesh/compare_8d46740c472f9d36b7a04b65023ffc59_ns3000_20260508_184014/pipeline/quad_meshes/8d46740c472f9d36b7a04b65023ffc59_quad_chunks/outputs/chunk_000_quad_extract_work/chunk_000_quad_gs12.obj', '12.0', '50.0', '0', '5', '5']' returned non-zero exit status 1.
  binary       : /root/SemanPartMesh/quad_extract/build/extract_quad_mesh
  input mesh   : /root/SemanPartMesh/compare_8d46740c472f9d36b7a04b65023ffc59_ns3000_20260508_184014/pipeline/quad_meshes/8d46740c472f9d36b7a04b65023ffc59_quad_chunks/outputs/chunk_000_quad_extract_work/chunk_000_quad_repaired.obj
  cross field  : /root/SemanPartMesh/compare_8d46740c472f9d36b7a04b65023ffc59_ns3000_20260508_184014/pipeline/quad_meshes/8d46740c472f9d36b7a04b65023ffc59_quad_chunks/outputs/chunk_000_quad_extract_work/chunk_000_quad_repaired_cf.txt
  output       : /root/SemanPartMesh/compare_8d46740c472f9d36b7a04b65023ffc59_ns3000_20260508_184014/pipeline/quad_meshes/8d46740c472f9d36b7a04b65023ffc59_quad_chunks/outputs/chunk_000_quad_extract_work/chunk_000_quad_gs12.obj
  gradient_size: 12.0  timeout: 1800s  [stiff=5.0 dr=1 it=5]

  FAILED: Command '['/root/SemanPartMesh/quad_extract/build/extract_quad_mesh', '/root/SemanPartMesh/compare_8d46740c472f9d36b7a04b65023ffc59_ns3000_20260508_184014/pipeline/quad_meshes/8d46740c472f9d36b7a04b65023ffc59_quad_chunks/outputs/chunk_000_quad_extract_work/chunk_000_quad_repaired.obj', '/root/SemanPartMesh/compare_8d46740c472f9d36b7a04b65023ffc59_ns3000_20260508_184014/pipeline/quad_meshes/8d46740c472f9d36b7a04b65023ffc59_quad_chunks/outputs/chunk_000_quad_extract_work/chunk_000_quad_repaired_cf.txt', '/root/SemanPartMesh/compare_8d46740c472f9d36b7a04b65023ffc59_ns3000_20260508_184014/pipeline/quad_meshes/8d46740c472f9d36b7a04b65023ffc59_quad_chunks/outputs/chunk_000_quad_extract_work/chunk_000_quad_gs12.obj', '12.0', '5.0', '1', '5', '5']' returned non-zero exit status 1.
  binary       : /root/SemanPartMesh/quad_extract/build/extract_quad_mesh
  input mesh   : /root/SemanPartMesh/compare_8d46740c472f9d36b7a04b65023ffc59_ns3000_20260508_184014/pipeline/quad_meshes/8d46740c472f9d36b7a04b65023ffc59_quad_chunks/outputs/chunk_000_quad_extract_work/chunk_000_quad_repaired.obj
  cross field  : /root/SemanPartMesh/compare_8d46740c472f9d36b7a04b65023ffc59_ns3000_20260508_184014/pipeline/quad_meshes/8d46740c472f9d36b7a04b65023ffc59_quad_chunks/outputs/chunk_000_quad_extract_work/chunk_000_quad_repaired_cf.txt
  output       : /root/SemanPartMesh/compare_8d46740c472f9d36b7a04b65023ffc59_ns3000_20260508_184014/pipeline/quad_meshes/8d46740c472f9d36b7a04b65023ffc59_quad_chunks/outputs/chunk_000_quad_extract_work/chunk_000_quad_gs12.obj
  gradient_size: 12.0  timeout: 1800s  [stiff=50.0 dr=1 it=5]

  FAILED: Command '['/root/SemanPartMesh/quad_extract/build/extract_quad_mesh', '/root/SemanPartMesh/compare_8d46740c472f9d36b7a04b65023ffc59_ns3000_20260508_184014/pipeline/quad_meshes/8d46740c472f9d36b7a04b65023ffc59_quad_chunks/outputs/chunk_000_quad_extract_work/chunk_000_quad_repaired.obj', '/root/SemanPartMesh/compare_8d46740c472f9d36b7a04b65023ffc59_ns3000_20260508_184014/pipeline/quad_meshes/8d46740c472f9d36b7a04b65023ffc59_quad_chunks/outputs/chunk_000_quad_extract_work/chunk_000_quad_repaired_cf.txt', '/root/SemanPartMesh/compare_8d46740c472f9d36b7a04b65023ffc59_ns3000_20260508_184014/pipeline/quad_meshes/8d46740c472f9d36b7a04b65023ffc59_quad_chunks/outputs/chunk_000_quad_extract_work/chunk_000_quad_gs12.obj', '12.0', '50.0', '1', '5', '5']' returned non-zero exit status 1.
  binary       : /root/SemanPartMesh/quad_extract/build/extract_quad_mesh
  input mesh   : /root/SemanPartMesh/compare_8d46740c472f9d36b7a04b65023ffc59_ns3000_20260508_184014/pipeline/quad_meshes/8d46740c472f9d36b7a04b65023ffc59_quad_chunks/outputs/chunk_000_quad_extract_work/chunk_000_quad_repaired.obj
  cross field  : /root/SemanPartMesh/compare_8d46740c472f9d36b7a04b65023ffc59_ns3000_20260508_184014/pipeline/quad_meshes/8d46740c472f9d36b7a04b65023ffc59_quad_chunks/outputs/chunk_000_quad_extract_work/chunk_000_quad_repaired_cf.txt
  output       : /root/SemanPartMesh/compare_8d46740c472f9d36b7a04b65023ffc59_ns3000_20260508_184014/pipeline/quad_meshes/8d46740c472f9d36b7a04b65023ffc59_quad_chunks/outputs/chunk_000_quad_extract_work/chunk_000_quad_gs12.obj[1/4] Loading mesh: /root/SemanPartMesh/compare_8d46740c472f9d36b7a04b65023ffc59_ns3000_20260508_184014/pipeline/quad_meshes/8d46740c472f9d36b7a04b65023ffc59_quad_chunks/outputs/chunk_000_quad_extract_work/chunk_000_quad_repaired.obj
       V=1269 F=2532
[2/4] Loading cross field: /root/SemanPartMesh/compare_8d46740c472f9d36b7a04b65023ffc59_ns3000_20260508_184014/pipeline/quad_meshes/8d46740c472f9d36b7a04b65023ffc59_quad_chunks/outputs/chunk_000_quad_extract_work/chunk_000_quad_repaired_cf.txt
       cross field rows=2532
Degenerate triangle in input mesh at face 2530
[1/4] Loading mesh: /root/SemanPartMesh/compare_8d46740c472f9d36b7a04b65023ffc59_ns3000_20260508_184014/pipeline/quad_meshes/8d46740c472f9d36b7a04b65023ffc59_quad_chunks/outputs/chunk_000_quad_extract_work/chunk_000_quad_repaired.obj
       V=1269 F=2532
[2/4] Loading cross field: /root/SemanPartMesh/compare_8d46740c472f9d36b7a04b65023ffc59_ns3000_20260508_184014/pipeline/quad_meshes/8d46740c472f9d36b7a04b65023ffc59_quad_chunks/outputs/chunk_000_quad_extract_work/chunk_000_quad_repaired_cf.txt
       cross field rows=2532
Degenerate triangle in input mesh at face 2530
[1/4] Loading mesh: /root/SemanPartMesh/compare_8d46740c472f9d36b7a04b65023ffc59_ns3000_20260508_184014/pipeline/quad_meshes/8d46740c472f9d36b7a04b65023ffc59_quad_chunks/outputs/chunk_000_quad_extract_work/chunk_000_quad_repaired.obj
       V=1269 F=2532
[2/4] Loading cross field: /root/SemanPartMesh/compare_8d46740c472f9d36b7a04b65023ffc59_ns3000_20260508_184014/pipeline/quad_meshes/8d46740c472f9d36b7a04b65023ffc59_quad_chunks/outputs/chunk_000_quad_extract_work/chunk_000_quad_repaired_cf.txt
       cross field rows=2532
Degenerate triangle in input mesh at face 2530
[1/4] Loading mesh: /root/SemanPartMesh/compare_8d46740c472f9d36b7a04b65023ffc59_ns3000_20260508_184014/pipeline/quad_meshes/8d46740c472f9d36b7a04b65023ffc59_quad_chunks/outputs/chunk_000_quad_extract_work/chunk_000_quad_repaired.obj
       V=1269 F=2532
[2/4] Loading cross field: /root/SemanPartMesh/compare_8d46740c472f9d36b7a04b65023ffc59_ns3000_20260508_184014/pipeline/quad_meshes/8d46740c472f9d36b7a04b65023ffc59_quad_chunks/outputs/chunk_000_quad_extract_work/chunk_000_quad_repaired_cf.txt
       cross field rows=2532
Degenerate triangle in input mesh at face 2530
[1/4] Loading mesh: /root/SemanPartMesh/compare_8d46740c472f9d36b7a04b65023ffc59_ns3000_20260508_184014/pipeline/quad_meshes/8d46740c472f9d36b7a04b65023ffc59_quad_chunks/outputs/chunk_000_quad_extract_work/chunk_000_quad_repaired.obj
       V=1269 F=2532
[2/4] Loading cross field: /root/SemanPartMesh/compare_8d46740c472f9d36b7a04b65023ffc59_ns3000_20260508_184014/pipeline/quad_meshes/8d46740c472f9d36b7a04b65023ffc59_quad_chunks/outputs/chunk_000_quad_extract_work/chunk_000_quad_repaired_cf.txt
       cross field rows=2532
Degenerate triangle in input mesh at face 2530

  gradient_size: 12.0  timeout: 1800s  [stiff=200.0 dr=1 it=3]

  FAILED: Command '['/root/SemanPartMesh/quad_extract/build/extract_quad_mesh', '/root/SemanPartMesh/compare_8d46740c472f9d36b7a04b65023ffc59_ns3000_20260508_184014/pipeline/quad_meshes/8d46740c472f9d36b7a04b65023ffc59_quad_chunks/outputs/chunk_000_quad_extract_work/chunk_000_quad_repaired.obj', '/root/SemanPartMesh/compare_8d46740c472f9d36b7a04b65023ffc59_ns3000_20260508_184014/pipeline/quad_meshes/8d46740c472f9d36b7a04b65023ffc59_quad_chunks/outputs/chunk_000_quad_extract_work/chunk_000_quad_repaired_cf.txt', '/root/SemanPartMesh/compare_8d46740c472f9d36b7a04b65023ffc59_ns3000_20260508_184014/pipeline/quad_meshes/8d46740c472f9d36b7a04b65023ffc59_quad_chunks/outputs/chunk_000_quad_extract_work/chunk_000_quad_gs12.obj', '12.0', '200.0', '1', '3', '5']' returned non-zero exit status 1.
  FAILED: extraction failed for gs=12.0

[Auto Sweep] Trying gradient_size=16.0
  binary       : /root/SemanPartMesh/quad_extract/build/extract_quad_mesh
  input mesh   : /root/SemanPartMesh/compare_8d46740c472f9d36b7a04b65023ffc59_ns3000_20260508_184014/pipeline/quad_meshes/8d46740c472f9d36b7a04b65023ffc59_quad_chunks/outputs/chunk_000_quad_extract_work/chunk_000_quad_repaired.obj
  cross field  : /root/SemanPartMesh/compare_8d46740c472f9d36b7a04b65023ffc59_ns3000_20260508_184014/pipeline/quad_meshes/8d46740c472f9d36b7a04b65023ffc59_quad_chunks/outputs/chunk_000_quad_extract_work/chunk_000_quad_repaired_cf.txt
  output       : /root/SemanPartMesh/compare_8d46740c472f9d36b7a04b65023ffc59_ns3000_20260508_184014/pipeline/quad_meshes/8d46740c472f9d36b7a04b65023ffc59_quad_chunks/outputs/chunk_000_quad_extract_work/chunk_000_quad_gs16.obj
  gradient_size: 16.0  timeout: 1800s

  FAILED: Command '['/root/SemanPartMesh/quad_extract/build/extract_quad_mesh', '/root/SemanPartMesh/compare_8d46740c472f9d36b7a04b65023ffc59_ns3000_20260508_184014/pipeline/quad_meshes/8d46740c472f9d36b7a04b65023ffc59_quad_chunks/outputs/chunk_000_quad_extract_work/chunk_000_quad_repaired.obj', '/root/SemanPartMesh/compare_8d46740c472f9d36b7a04b65023ffc59_ns3000_20260508_184014/pipeline/quad_meshes/8d46740c472f9d36b7a04b65023ffc59_quad_chunks/outputs/chunk_000_quad_extract_work/chunk_000_quad_repaired_cf.txt', '/root/SemanPartMesh/compare_8d46740c472f9d36b7a04b65023ffc59_ns3000_20260508_184014/pipeline/quad_meshes/8d46740c472f9d36b7a04b65023ffc59_quad_chunks/outputs/chunk_000_quad_extract_work/chunk_000_quad_gs16.obj', '16.0', '5.0', '0', '5', '5']' returned non-zero exit status 1.
  binary       : /root/SemanPartMesh/quad_extract/build/extract_quad_mesh
  input mesh   : /root/SemanPartMesh/compare_8d46740c472f9d36b7a04b65023ffc59_ns3000_20260508_184014/pipeline/quad_meshes/8d46740c472f9d36b7a04b65023ffc59_quad_chunks/outputs/chunk_000_quad_extract_work/chunk_000_quad_repaired.obj
  cross field  : /root/SemanPartMesh/compare_8d46740c472f9d36b7a04b65023ffc59_ns3000_20260508_184014/pipeline/quad_meshes/8d46740c472f9d36b7a04b65023ffc59_quad_chunks/outputs/chunk_000_quad_extract_work/chunk_000_quad_repaired_cf.txt
  output       : /root/SemanPartMesh/compare_8d46740c472f9d36b7a04b65023ffc59_ns3000_20260508_184014/pipeline/quad_meshes/8d46740c472f9d36b7a04b65023ffc59_quad_chunks/outputs/chunk_000_quad_extract_work/chunk_000_quad_gs16.obj
  gradient_size: 16.0  timeout: 1800s  [stiff=50.0 dr=0 it=5]

  FAILED: Command '['/root/SemanPartMesh/quad_extract/build/extract_quad_mesh', '/root/SemanPartMesh/compare_8d46740c472f9d36b7a04b65023ffc59_ns3000_20260508_184014/pipeline/quad_meshes/8d46740c472f9d36b7a04b65023ffc59_quad_chunks/outputs/chunk_000_quad_extract_work/chunk_000_quad_repaired.obj', '/root/SemanPartMesh/compare_8d46740c472f9d36b7a04b65023ffc59_ns3000_20260508_184014/pipeline/quad_meshes/8d46740c472f9d36b7a04b65023ffc59_quad_chunks/outputs/chunk_000_quad_extract_work/chunk_000_quad_repaired_cf.txt', '/root/SemanPartMesh/compare_8d46740c472f9d36b7a04b65023ffc59_ns3000_20260508_184014/pipeline/quad_meshes/8d46740c472f9d36b7a04b65023ffc59_quad_chunks/outputs/chunk_000_quad_extract_work/chunk_000_quad_gs16.obj', '16.0', '50.0', '0', '5', '5']' returned non-zero exit status 1.
  binary       : /root/SemanPartMesh/quad_extract/build/extract_quad_mesh
  input mesh   : /root/SemanPartMesh/compare_8d46740c472f9d36b7a04b65023ffc59_ns3000_20260508_184014/pipeline/quad_meshes/8d46740c472f9d36b7a04b65023ffc59_quad_chunks/outputs/chunk_000_quad_extract_work/chunk_000_quad_repaired.obj
  cross field  : /root/SemanPartMesh/compare_8d46740c472f9d36b7a04b65023ffc59_ns3000_20260508_184014/pipeline/quad_meshes/8d46740c472f9d36b7a04b65023ffc59_quad_chunks/outputs/chunk_000_quad_extract_work/chunk_000_quad_repaired_cf.txt
  output       : /root/SemanPartMesh/compare_8d46740c472f9d36b7a04b65023ffc59_ns3000_20260508_184014/pipeline/quad_meshes/8d46740c472f9d36b7a04b65023ffc59_quad_chunks/outputs/chunk_000_quad_extract_work/chunk_000_quad_gs16.obj
  gradient_size: 16.0  timeout: 1800s  [stiff=5.0 dr=1 it=5]

  FAILED: Command '['/root/SemanPartMesh/quad_extract/build/extract_quad_mesh', '/root/SemanPartMesh/compare_8d46740c472f9d36b7a04b65023ffc59_ns3000_20260508_184014/pipeline/quad_meshes/8d46740c472f9d36b7a04b65023ffc59_quad_chunks/outputs/chunk_000_quad_extract_work/chunk_000_quad_repaired.obj', '/root/SemanPartMesh/compare_8d46740c472f9d36b7a04b65023ffc59_ns3000_20260508_184014/pipeline/quad_meshes/8d46740c472f9d36b7a04b65023ffc59_quad_chunks/outputs/chunk_000_quad_extract_work/chunk_000_quad_repaired_cf.txt', '/root/SemanPartMesh/compare_8d46740c472f9d36b7a04b65023ffc59_ns3000_20260508_184014/pipeline/quad_meshes/8d46740c472f9d36b7a04b65023ffc59_quad_chunks/outputs/chunk_000_quad_extract_work/chunk_000_quad_gs16.obj', '16.0', '5.0', '1', '5', '5']' returned non-zero exit status 1.
  binary       : /root/SemanPartMesh/quad_extract/build/extract_quad_mesh
  input mesh   : /root/SemanPartMesh/compare_8d46740c472f9d36b7a04b65023ffc59_ns3000_20260508_184014/pipeline/quad_meshes/8d46740c472f9d36b7a04b65023ffc59_quad_chunks/outputs/chunk_000_quad_extract_work/chunk_000_quad_repaired.obj
  cross field  : /root/SemanPartMesh/compare_8d46740c472f9d36b7a04b65023ffc59_ns3000_20260508_184014/pipeline/quad_meshes/8d46740c472f9d36b7a04b65023ffc59_quad_chunks/outputs/chunk_000_quad_extract_work/chunk_000_quad_repaired_cf.txt
  output       : /root/SemanPartMesh/compare_8d46740c472f9d36b7a04b65023ffc59_ns3000_20260508_184014/pipeline/quad_meshes/8d46740c472f9d36b7a04b65023ffc59_quad_chunks/outputs/chunk_000_quad_extract_work/chunk_000_quad_gs16.obj
  gradient_size: 16.0  timeout: 1800s  [stiff=50.0 dr=1 it=5]

  FAILED: Command '['/root/SemanPartMesh/quad_extract/build/extract_quad_mesh', '/root/SemanPartMesh/compare_8d46740c472f9d36b7a04b65023ffc59_ns3000_20260508_184014/pipeline/quad_meshes/8d46740c472f9d36b7a04b65023ffc59_quad_chunks/outputs/chunk_000_quad_extract_work/chunk_000_quad_repaired.obj', '/root/SemanPartMesh/compare_8d46740c472f9d36b7a04b65023ffc59_ns3000_20260508_184014/pipeline/quad_meshes/8d46740c472f9d36b7a04b65023ffc59_quad_chunks/outputs/chunk_000_quad_extract_work/chunk_000_quad_repaired_cf.txt', '/root/SemanPartMesh/compare_8d46740c472f9d36b7a04b65023ffc59_ns3000_20260508_184014/pipeline/quad_meshes/8d46740c472f9d36b7a04b65023ffc59_quad_chunks/outputs/chunk_000_quad_extract_work/chunk_000_quad_gs16.obj', '16.0', '50.0', '1', '5', '5']' returned non-zero exit status 1.
  binary       : /root/SemanPartMesh/quad_extract/build/extract_quad_mesh
  input mesh   : /root/SemanPartMesh/compare_8d46740c472f9d36b7a04b65023ffc59_ns3000_20260508_184014/pipeline/quad_meshes/8d46740c472f9d36b7a04b65023ffc59_quad_chunks/outputs/chunk_000_quad_extract_work/chunk_000_quad_repaired.obj
  cross field  : /root/SemanPartMesh/compare_8d46740c472f9d36b7a04b65023ffc59_ns3000_20260508_184014/pipeline/quad_meshes/8d46740c472f9d36b7a04b65023ffc59_quad_chunks/outputs/chunk_000_quad_extract_work/chunk_000_quad_repaired_cf.txt
  output       : /root/SemanPartMesh/compare_8d46740c472f9d36b7a04b65023ffc59_ns3000_20260508_184014/pipeline/quad_meshes/8d46740c472f9d36b7a04b65023ffc59_quad_chunks/outputs/chunk_000_quad_extract_work/chunk_000_quad_gs16.obj
  gradient_size: 16.0  timeout: 1800s  [stiff=200.0 dr=1 it=3]
[1/4] Loading mesh: /root/SemanPartMesh/compare_8d46740c472f9d36b7a04b65023ffc59_ns3000_20260508_184014/pipeline/quad_meshes/8d46740c472f9d36b7a04b65023ffc59_quad_chunks/outputs/chunk_000_quad_extract_work/chunk_000_quad_repaired.obj
       V=1269 F=2532
[2/4] Loading cross field: /root/SemanPartMesh/compare_8d46740c472f9d36b7a04b65023ffc59_ns3000_20260508_184014/pipeline/quad_meshes/8d46740c472f9d36b7a04b65023ffc59_quad_chunks/outputs/chunk_000_quad_extract_work/chunk_000_quad_repaired_cf.txt
       cross field rows=2532
Degenerate triangle in input mesh at face 2530
[1/4] Loading mesh: /root/SemanPartMesh/compare_8d46740c472f9d36b7a04b65023ffc59_ns3000_20260508_184014/pipeline/quad_meshes/8d46740c472f9d36b7a04b65023ffc59_quad_chunks/outputs/chunk_000_quad_extract_work/chunk_000_quad_repaired.obj
       V=1269 F=2532
[2/4] Loading cross field: /root/SemanPartMesh/compare_8d46740c472f9d36b7a04b65023ffc59_ns3000_20260508_184014/pipeline/quad_meshes/8d46740c472f9d36b7a04b65023ffc59_quad_chunks/outputs/chunk_000_quad_extract_work/chunk_000_quad_repaired_cf.txt
       cross field rows=2532
Degenerate triangle in input mesh at face 2530
[1/4] Loading mesh: /root/SemanPartMesh/compare_8d46740c472f9d36b7a04b65023ffc59_ns3000_20260508_184014/pipeline/quad_meshes/8d46740c472f9d36b7a04b65023ffc59_quad_chunks/outputs/chunk_000_quad_extract_work/chunk_000_quad_repaired.obj
       V=1269 F=2532
[2/4] Loading cross field: /root/SemanPartMesh/compare_8d46740c472f9d36b7a04b65023ffc59_ns3000_20260508_184014/pipeline/quad_meshes/8d46740c472f9d36b7a04b65023ffc59_quad_chunks/outputs/chunk_000_quad_extract_work/chunk_000_quad_repaired_cf.txt
       cross field rows=2532
Degenerate triangle in input mesh at face 2530
[1/4] Loading mesh: /root/SemanPartMesh/compare_8d46740c472f9d36b7a04b65023ffc59_ns3000_20260508_184014/pipeline/quad_meshes/8d46740c472f9d36b7a04b65023ffc59_quad_chunks/outputs/chunk_000_quad_extract_work/chunk_000_quad_repaired.obj
       V=1269 F=2532
[2/4] Loading cross field: /root/SemanPartMesh/compare_8d46740c472f9d36b7a04b65023ffc59_ns3000_20260508_184014/pipeline/quad_meshes/8d46740c472f9d36b7a04b65023ffc59_quad_chunks/outputs/chunk_000_quad_extract_work/chunk_000_quad_repaired_cf.txt
       cross field rows=2532
Degenerate triangle in input mesh at face 2530
[1/4] Loading mesh: /root/SemanPartMesh/compare_8d46740c472f9d36b7a04b65023ffc59_ns3000_20260508_184014/pipeline/quad_meshes/8d46740c472f9d36b7a04b65023ffc59_quad_chunks/outputs/chunk_000_quad_extract_work/chunk_000_quad_repaired.obj
       V=1269 F=2532
[2/4] Loading cross field: /root/SemanPartMesh/compare_8d46740c472f9d36b7a04b65023ffc59_ns3000_20260508_184014/pipeline/quad_meshes/8d46740c472f9d36b7a04b65023ffc59_quad_chunks/outputs/chunk_000_quad_extract_work/chunk_000_quad_repaired_cf.txt
       cross field rows=2532
Degenerate triangle in input mesh at face 2530
[1/4] Loading mesh: /root/SemanPartMesh/compare_8d46740c472f9d36b7a04b65023ffc59_ns3000_20260508_184014/pipeline/quad_meshes/8d46740c472f9d36b7a04b65023ffc59_quad_chunks/outputs/chunk_000_quad_extract_work/chunk_000_quad_repaired.obj
       V=1269 F=2532
[2/4] Loading cross field: /root/SemanPartMesh/compare_8d46740c472f9d36b7a04b65023ffc59_ns3000_20260508_184014/pipeline/quad_meshes/8d46740c472f9d36b7a04b65023ffc59_quad_chunks/outputs/chunk_000_quad_extract_work/chunk_000_quad_repaired_cf.txt
       cross field rows=2532
Degenerate triangle in input mesh at face 2530

  FAILED: Command '['/root/SemanPartMesh/quad_extract/build/extract_quad_mesh', '/root/SemanPartMesh/compare_8d46740c472f9d36b7a04b65023ffc59_ns3000_20260508_184014/pipeline/quad_meshes/8d46740c472f9d36b7a04b65023ffc59_quad_chunks/outputs/chunk_000_quad_extract_work/chunk_000_quad_repaired.obj', '/root/SemanPartMesh/compare_8d46740c472f9d36b7a04b65023ffc59_ns3000_20260508_184014/pipeline/quad_meshes/8d46740c472f9d36b7a04b65023ffc59_quad_chunks/outputs/chunk_000_quad_extract_work/chunk_000_quad_repaired_cf.txt', '/root/SemanPartMesh/compare_8d46740c472f9d36b7a04b65023ffc59_ns3000_20260508_184014/pipeline/quad_meshes/8d46740c472f9d36b7a04b65023ffc59_quad_chunks/outputs/chunk_000_quad_extract_work/chunk_000_quad_gs16.obj', '16.0', '200.0', '1', '3', '5']' returned non-zero exit status 1.
  FAILED: extraction failed for gs=16.0

[Auto Sweep] Trying gradient_size=24.0
  binary       : /root/SemanPartMesh/quad_extract/build/extract_quad_mesh
  input mesh   : /root/SemanPartMesh/compare_8d46740c472f9d36b7a04b65023ffc59_ns3000_20260508_184014/pipeline/quad_meshes/8d46740c472f9d36b7a04b65023ffc59_quad_chunks/outputs/chunk_000_quad_extract_work/chunk_000_quad_repaired.obj
  cross field  : /root/SemanPartMesh/compare_8d46740c472f9d36b7a04b65023ffc59_ns3000_20260508_184014/pipeline/quad_meshes/8d46740c472f9d36b7a04b65023ffc59_quad_chunks/outputs/chunk_000_quad_extract_work/chunk_000_quad_repaired_cf.txt
  output       : /root/SemanPartMesh/compare_8d46740c472f9d36b7a04b65023ffc59_ns3000_20260508_184014/pipeline/quad_meshes/8d46740c472f9d36b7a04b65023ffc59_quad_chunks/outputs/chunk_000_quad_extract_work/chunk_000_quad_gs24.obj
  gradient_size: 24.0  timeout: 1800s

  FAILED: Command '['/root/SemanPartMesh/quad_extract/build/extract_quad_mesh', '/root/SemanPartMesh/compare_8d46740c472f9d36b7a04b65023ffc59_ns3000_20260508_184014/pipeline/quad_meshes/8d46740c472f9d36b7a04b65023ffc59_quad_chunks/outputs/chunk_000_quad_extract_work/chunk_000_quad_repaired.obj', '/root/SemanPartMesh/compare_8d46740c472f9d36b7a04b65023ffc59_ns3000_20260508_184014/pipeline/quad_meshes/8d46740c472f9d36b7a04b65023ffc59_quad_chunks/outputs/chunk_000_quad_extract_work/chunk_000_quad_repaired_cf.txt', '/root/SemanPartMesh/compare_8d46740c472f9d36b7a04b65023ffc59_ns3000_20260508_184014/pipeline/quad_meshes/8d46740c472f9d36b7a04b65023ffc59_quad_chunks/outputs/chunk_000_quad_extract_work/chunk_000_quad_gs24.obj', '24.0', '5.0', '0', '5', '5']' returned non-zero exit status 1.
  binary       : /root/SemanPartMesh/quad_extract/build/extract_quad_mesh
  input mesh   : /root/SemanPartMesh/compare_8d46740c472f9d36b7a04b65023ffc59_ns3000_20260508_184014/pipeline/quad_meshes/8d46740c472f9d36b7a04b65023ffc59_quad_chunks/outputs/chunk_000_quad_extract_work/chunk_000_quad_repaired.obj
  cross field  : /root/SemanPartMesh/compare_8d46740c472f9d36b7a04b65023ffc59_ns3000_20260508_184014/pipeline/quad_meshes/8d46740c472f9d36b7a04b65023ffc59_quad_chunks/outputs/chunk_000_quad_extract_work/chunk_000_quad_repaired_cf.txt
  output       : /root/SemanPartMesh/compare_8d46740c472f9d36b7a04b65023ffc59_ns3000_20260508_184014/pipeline/quad_meshes/8d46740c472f9d36b7a04b65023ffc59_quad_chunks/outputs/chunk_000_quad_extract_work/chunk_000_quad_gs24.obj
  gradient_size: 24.0  timeout: 1800s  [stiff=50.0 dr=0 it=5]

  FAILED: Command '['/root/SemanPartMesh/quad_extract/build/extract_quad_mesh', '/root/SemanPartMesh/compare_8d46740c472f9d36b7a04b65023ffc59_ns3000_20260508_184014/pipeline/quad_meshes/8d46740c472f9d36b7a04b65023ffc59_quad_chunks/outputs/chunk_000_quad_extract_work/chunk_000_quad_repaired.obj', '/root/SemanPartMesh/compare_8d46740c472f9d36b7a04b65023ffc59_ns3000_20260508_184014/pipeline/quad_meshes/8d46740c472f9d36b7a04b65023ffc59_quad_chunks/outputs/chunk_000_quad_extract_work/chunk_000_quad_repaired_cf.txt', '/root/SemanPartMesh/compare_8d46740c472f9d36b7a04b65023ffc59_ns3000_20260508_184014/pipeline/quad_meshes/8d46740c472f9d36b7a04b65023ffc59_quad_chunks/outputs/chunk_000_quad_extract_work/chunk_000_quad_gs24.obj', '24.0', '50.0', '0', '5', '5']' returned non-zero exit status 1.
  binary       : /root/SemanPartMesh/quad_extract/build/extract_quad_mesh
  input mesh   : /root/SemanPartMesh/compare_8d46740c472f9d36b7a04b65023ffc59_ns3000_20260508_184014/pipeline/quad_meshes/8d46740c472f9d36b7a04b65023ffc59_quad_chunks/outputs/chunk_000_quad_extract_work/chunk_000_quad_repaired.obj
  cross field  : /root/SemanPartMesh/compare_8d46740c472f9d36b7a04b65023ffc59_ns3000_20260508_184014/pipeline/quad_meshes/8d46740c472f9d36b7a04b65023ffc59_quad_chunks/outputs/chunk_000_quad_extract_work/chunk_000_quad_repaired_cf.txt
  output       : /root/SemanPartMesh/compare_8d46740c472f9d36b7a04b65023ffc59_ns3000_20260508_184014/pipeline/quad_meshes/8d46740c472f9d36b7a04b65023ffc59_quad_chunks/outputs/chunk_000_quad_extract_work/chunk_000_quad_gs24.obj
  gradient_size: 24.0  timeout: 1800s  [stiff=5.0 dr=1 it=5]

  FAILED: Command '['/root/SemanPartMesh/quad_extract/build/extract_quad_mesh', '/root/SemanPartMesh/compare_8d46740c472f9d36b7a04b65023ffc59_ns3000_20260508_184014/pipeline/quad_meshes/8d46740c472f9d36b7a04b65023ffc59_quad_chunks/outputs/chunk_000_quad_extract_work/chunk_000_quad_repaired.obj', '/root/SemanPartMesh/compare_8d46740c472f9d36b7a04b65023ffc59_ns3000_20260508_184014/pipeline/quad_meshes/8d46740c472f9d36b7a04b65023ffc59_quad_chunks/outputs/chunk_000_quad_extract_work/chunk_000_quad_repaired_cf.txt', '/root/SemanPartMesh/compare_8d46740c472f9d36b7a04b65023ffc59_ns3000_20260508_184014/pipeline/quad_meshes/8d46740c472f9d36b7a04b65023ffc59_quad_chunks/outputs/chunk_000_quad_extract_work/chunk_000_quad_gs24.obj', '24.0', '5.0', '1', '5', '5']' returned non-zero exit status 1.
  binary       : /root/SemanPartMesh/quad_extract/build/extract_quad_mesh
  input mesh   : /root/SemanPartMesh/compare_8d46740c472f9d36b7a04b65023ffc59_ns3000_20260508_184014/pipeline/quad_meshes/8d46740c472f9d36b7a04b65023ffc59_quad_chunks/outputs/chunk_000_quad_extract_work/chunk_000_quad_repaired.obj
  cross field  : /root/SemanPartMesh/compare_8d46740c472f9d36b7a04b65023ffc59_ns3000_20260508_184014/pipeline/quad_meshes/8d46740c472f9d36b7a04b65023ffc59_quad_chunks/outputs/chunk_000_quad_extract_work/chunk_000_quad_repaired_cf.txt
  output       : /root/SemanPartMesh/compare_8d46740c472f9d36b7a04b65023ffc59_ns3000_20260508_184014/pipeline/quad_meshes/8d46740c472f9d36b7a04b65023ffc59_quad_chunks/outputs/chunk_000_quad_extract_work/chunk_000_quad_gs24.obj
  gradient_size: 24.0  timeout: 1800s  [stiff=50.0 dr=1 it=5]

  FAILED: Command '['/root/SemanPartMesh/quad_extract/build/extract_quad_mesh', '/root/SemanPartMesh/compare_8d46740c472f9d36b7a04b65023ffc59_ns3000_20260508_184014/pipeline/quad_meshes/8d46740c472f9d36b7a04b65023ffc59_quad_chunks/outputs/chunk_000_quad_extract_work/chunk_000_quad_repaired.obj', '/root/SemanPartMesh/compare_8d46740c472f9d36b7a04b65023ffc59_ns3000_20260508_184014/pipeline/quad_meshes/8d46740c472f9d36b7a04b65023ffc59_quad_chunks/outputs/chunk_000_quad_extract_work/chunk_000_quad_repaired_cf.txt', '/root/SemanPartMesh/compare_8d46740c472f9d36b7a04b65023ffc59_ns3000_20260508_184014/pipeline/quad_meshes/8d46740c472f9d36b7a04b65023ffc59_quad_chunks/outputs/chunk_000_quad_extract_work/chunk_000_quad_gs24.obj', '24.0', '50.0', '1', '5', '5']' returned non-zero exit status 1.
  binary       : /root/SemanPartMesh/quad_extract/build/extract_quad_mesh
  input mesh   : /root/SemanPartMesh/compare_8d46740c472f9d36b7a04b65023ffc59_ns3000_20260508_184014/pipeline/quad_meshes/8d46740c472f9d36b7a04b65023ffc59_quad_chunks/outputs/chunk_000_quad_extract_work/chunk_000_quad_repaired.obj
  cross field  : /root/SemanPartMesh/compare_8d46740c472f9d36b7a04b65023ffc59_ns3000_20260508_184014/pipeline/quad_meshes/8d46740c472f9d36b7a04b65023ffc59_quad_chunks/outputs/chunk_000_quad_extract_work/chunk_000_quad_repaired_cf.txt
  output       : /root/SemanPartMesh/compare_8d46740c472f9d36b7a04b65023ffc59_ns3000_20260508_184014/pipeline/quad_meshes/8d46740c472f9d36b7a04b65023ffc59_quad_chunks/outputs/chunk_000_quad_extract_work/chunk_000_quad_gs24.obj
  gradient_size: 24.0  timeout: 1800s  [stiff=200.0 dr=1 it=3]

  FAILED: Command '['/root/SemanPartMesh/quad_extract/build/extract_quad_mesh', '/root/SemanPartMesh/compare_8d46740c472f9d36b7a04b65023ffc59_ns3000_20260508_184014/pipeline/quad_meshes/8d46740c472f9d36b7a04b65023ffc59_quad_chunks/outputs/chunk_000_quad_extract_work/chunk_000_quad_repaired.obj', '/root/SemanPartMesh/compare_8d46740c472f9d36b7a04b65023ffc59_ns3000_20260508_184014/pipeline/quad_meshes/8d46740c472f9d36b7a04b65023ffc59_quad_chunks/outputs/chunk_000_quad_extract_work/chunk_000_quad_repaired_cf.txt', '/root/SemanPartMesh/compare_8d46740c472f9d36b7a04b65023ffc59_ns3000_20260508_184014/pipeline/quad_meshes/8d46740c472f9d36b7a04b65023ffc59_quad_chunks/outputs/chunk_000_quad_extract_work/chunk_000_quad_gs24.obj', '24.0', '200.0', '1', '3', '5']' returned non-zero exit status 1.[1/4] Loading mesh: /root/SemanPartMesh/compare_8d46740c472f9d36b7a04b65023ffc59_ns3000_20260508_184014/pipeline/quad_meshes/8d46740c472f9d36b7a04b65023ffc59_quad_chunks/outputs/chunk_000_quad_extract_work/chunk_000_quad_repaired.obj
       V=1269 F=2532
[2/4] Loading cross field: /root/SemanPartMesh/compare_8d46740c472f9d36b7a04b65023ffc59_ns3000_20260508_184014/pipeline/quad_meshes/8d46740c472f9d36b7a04b65023ffc59_quad_chunks/outputs/chunk_000_quad_extract_work/chunk_000_quad_repaired_cf.txt
       cross field rows=2532
Degenerate triangle in input mesh at face 2530
[1/4] Loading mesh: /root/SemanPartMesh/compare_8d46740c472f9d36b7a04b65023ffc59_ns3000_20260508_184014/pipeline/quad_meshes/8d46740c472f9d36b7a04b65023ffc59_quad_chunks/outputs/chunk_000_quad_extract_work/chunk_000_quad_repaired.obj
       V=1269 F=2532
[2/4] Loading cross field: /root/SemanPartMesh/compare_8d46740c472f9d36b7a04b65023ffc59_ns3000_20260508_184014/pipeline/quad_meshes/8d46740c472f9d36b7a04b65023ffc59_quad_chunks/outputs/chunk_000_quad_extract_work/chunk_000_quad_repaired_cf.txt
       cross field rows=2532
Degenerate triangle in input mesh at face 2530
[1/4] Loading mesh: /root/SemanPartMesh/compare_8d46740c472f9d36b7a04b65023ffc59_ns3000_20260508_184014/pipeline/quad_meshes/8d46740c472f9d36b7a04b65023ffc59_quad_chunks/outputs/chunk_000_quad_extract_work/chunk_000_quad_repaired.obj
       V=1269 F=2532
[2/4] Loading cross field: /root/SemanPartMesh/compare_8d46740c472f9d36b7a04b65023ffc59_ns3000_20260508_184014/pipeline/quad_meshes/8d46740c472f9d36b7a04b65023ffc59_quad_chunks/outputs/chunk_000_quad_extract_work/chunk_000_quad_repaired_cf.txt
       cross field rows=2532
Degenerate triangle in input mesh at face 2530
[1/4] Loading mesh: /root/SemanPartMesh/compare_8d46740c472f9d36b7a04b65023ffc59_ns3000_20260508_184014/pipeline/quad_meshes/8d46740c472f9d36b7a04b65023ffc59_quad_chunks/outputs/chunk_000_quad_extract_work/chunk_000_quad_repaired.obj
       V=1269 F=2532
[2/4] Loading cross field: /root/SemanPartMesh/compare_8d46740c472f9d36b7a04b65023ffc59_ns3000_20260508_184014/pipeline/quad_meshes/8d46740c472f9d36b7a04b65023ffc59_quad_chunks/outputs/chunk_000_quad_extract_work/chunk_000_quad_repaired_cf.txt
       cross field rows=2532
Degenerate triangle in input mesh at face 2530
[1/4] Loading mesh: /root/SemanPartMesh/compare_8d46740c472f9d36b7a04b65023ffc59_ns3000_20260508_184014/pipeline/quad_meshes/8d46740c472f9d36b7a04b65023ffc59_quad_chunks/outputs/chunk_000_quad_extract_work/chunk_000_quad_repaired.obj
       V=1269 F=2532
[2/4] Loading cross field: /root/SemanPartMesh/compare_8d46740c472f9d36b7a04b65023ffc59_ns3000_20260508_184014/pipeline/quad_meshes/8d46740c472f9d36b7a04b65023ffc59_quad_chunks/outputs/chunk_000_quad_extract_work/chunk_000_quad_repaired_cf.txt
       cross field rows=2532
Degenerate triangle in input mesh at face 2530

  FAILED: extraction failed for gs=24.0

[Auto Sweep] Trying gradient_size=30.0
  binary       : /root/SemanPartMesh/quad_extract/build/extract_quad_mesh
  input mesh   : /root/SemanPartMesh/compare_8d46740c472f9d36b7a04b65023ffc59_ns3000_20260508_184014/pipeline/quad_meshes/8d46740c472f9d36b7a04b65023ffc59_quad_chunks/outputs/chunk_000_quad_extract_work/chunk_000_quad_repaired.obj
  cross field  : /root/SemanPartMesh/compare_8d46740c472f9d36b7a04b65023ffc59_ns3000_20260508_184014/pipeline/quad_meshes/8d46740c472f9d36b7a04b65023ffc59_quad_chunks/outputs/chunk_000_quad_extract_work/chunk_000_quad_repaired_cf.txt
  output       : /root/SemanPartMesh/compare_8d46740c472f9d36b7a04b65023ffc59_ns3000_20260508_184014/pipeline/quad_meshes/8d46740c472f9d36b7a04b65023ffc59_quad_chunks/outputs/chunk_000_quad_extract_work/chunk_000_quad_gs30.obj
  gradient_size: 30.0  timeout: 1800s

  FAILED: Command '['/root/SemanPartMesh/quad_extract/build/extract_quad_mesh', '/root/SemanPartMesh/compare_8d46740c472f9d36b7a04b65023ffc59_ns3000_20260508_184014/pipeline/quad_meshes/8d46740c472f9d36b7a04b65023ffc59_quad_chunks/outputs/chunk_000_quad_extract_work/chunk_000_quad_repaired.obj', '/root/SemanPartMesh/compare_8d46740c472f9d36b7a04b65023ffc59_ns3000_20260508_184014/pipeline/quad_meshes/8d46740c472f9d36b7a04b65023ffc59_quad_chunks/outputs/chunk_000_quad_extract_work/chunk_000_quad_repaired_cf.txt', '/root/SemanPartMesh/compare_8d46740c472f9d36b7a04b65023ffc59_ns3000_20260508_184014/pipeline/quad_meshes/8d46740c472f9d36b7a04b65023ffc59_quad_chunks/outputs/chunk_000_quad_extract_work/chunk_000_quad_gs30.obj', '30.0', '5.0', '0', '5', '5']' returned non-zero exit status 1.
  binary       : /root/SemanPartMesh/quad_extract/build/extract_quad_mesh
  input mesh   : /root/SemanPartMesh/compare_8d46740c472f9d36b7a04b65023ffc59_ns3000_20260508_184014/pipeline/quad_meshes/8d46740c472f9d36b7a04b65023ffc59_quad_chunks/outputs/chunk_000_quad_extract_work/chunk_000_quad_repaired.obj
  cross field  : /root/SemanPartMesh/compare_8d46740c472f9d36b7a04b65023ffc59_ns3000_20260508_184014/pipeline/quad_meshes/8d46740c472f9d36b7a04b65023ffc59_quad_chunks/outputs/chunk_000_quad_extract_work/chunk_000_quad_repaired_cf.txt
  output       : /root/SemanPartMesh/compare_8d46740c472f9d36b7a04b65023ffc59_ns3000_20260508_184014/pipeline/quad_meshes/8d46740c472f9d36b7a04b65023ffc59_quad_chunks/outputs/chunk_000_quad_extract_work/chunk_000_quad_gs30.obj
  gradient_size: 30.0  timeout: 1800s  [stiff=50.0 dr=0 it=5]

  FAILED: Command '['/root/SemanPartMesh/quad_extract/build/extract_quad_mesh', '/root/SemanPartMesh/compare_8d46740c472f9d36b7a04b65023ffc59_ns3000_20260508_184014/pipeline/quad_meshes/8d46740c472f9d36b7a04b65023ffc59_quad_chunks/outputs/chunk_000_quad_extract_work/chunk_000_quad_repaired.obj', '/root/SemanPartMesh/compare_8d46740c472f9d36b7a04b65023ffc59_ns3000_20260508_184014/pipeline/quad_meshes/8d46740c472f9d36b7a04b65023ffc59_quad_chunks/outputs/chunk_000_quad_extract_work/chunk_000_quad_repaired_cf.txt', '/root/SemanPartMesh/compare_8d46740c472f9d36b7a04b65023ffc59_ns3000_20260508_184014/pipeline/quad_meshes/8d46740c472f9d36b7a04b65023ffc59_quad_chunks/outputs/chunk_000_quad_extract_work/chunk_000_quad_gs30.obj', '30.0', '50.0', '0', '5', '5']' returned non-zero exit status 1.
  binary       : /root/SemanPartMesh/quad_extract/build/extract_quad_mesh
  input mesh   : /root/SemanPartMesh/compare_8d46740c472f9d36b7a04b65023ffc59_ns3000_20260508_184014/pipeline/quad_meshes/8d46740c472f9d36b7a04b65023ffc59_quad_chunks/outputs/chunk_000_quad_extract_work/chunk_000_quad_repaired.obj
  cross field  : /root/SemanPartMesh/compare_8d46740c472f9d36b7a04b65023ffc59_ns3000_20260508_184014/pipeline/quad_meshes/8d46740c472f9d36b7a04b65023ffc59_quad_chunks/outputs/chunk_000_quad_extract_work/chunk_000_quad_repaired_cf.txt
  output       : /root/SemanPartMesh/compare_8d46740c472f9d36b7a04b65023ffc59_ns3000_20260508_184014/pipeline/quad_meshes/8d46740c472f9d36b7a04b65023ffc59_quad_chunks/outputs/chunk_000_quad_extract_work/chunk_000_quad_gs30.obj
  gradient_size: 30.0  timeout: 1800s  [stiff=5.0 dr=1 it=5]

  FAILED: Command '['/root/SemanPartMesh/quad_extract/build/extract_quad_mesh', '/root/SemanPartMesh/compare_8d46740c472f9d36b7a04b65023ffc59_ns3000_20260508_184014/pipeline/quad_meshes/8d46740c472f9d36b7a04b65023ffc59_quad_chunks/outputs/chunk_000_quad_extract_work/chunk_000_quad_repaired.obj', '/root/SemanPartMesh/compare_8d46740c472f9d36b7a04b65023ffc59_ns3000_20260508_184014/pipeline/quad_meshes/8d46740c472f9d36b7a04b65023ffc59_quad_chunks/outputs/chunk_000_quad_extract_work/chunk_000_quad_repaired_cf.txt', '/root/SemanPartMesh/compare_8d46740c472f9d36b7a04b65023ffc59_ns3000_20260508_184014/pipeline/quad_meshes/8d46740c472f9d36b7a04b65023ffc59_quad_chunks/outputs/chunk_000_quad_extract_work/chunk_000_quad_gs30.obj', '30.0', '5.0', '1', '5', '5']' returned non-zero exit status 1.
  binary       : /root/SemanPartMesh/quad_extract/build/extract_quad_mesh
  input mesh   : /root/SemanPartMesh/compare_8d46740c472f9d36b7a04b65023ffc59_ns3000_20260508_184014/pipeline/quad_meshes/8d46740c472f9d36b7a04b65023ffc59_quad_chunks/outputs/chunk_000_quad_extract_work/chunk_000_quad_repaired.obj
  cross field  : /root/SemanPartMesh/compare_8d46740c472f9d36b7a04b65023ffc59_ns3000_20260508_184014/pipeline/quad_meshes/8d46740c472f9d36b7a04b65023ffc59_quad_chunks/outputs/chunk_000_quad_extract_work/chunk_000_quad_repaired_cf.txt
  output       : /root/SemanPartMesh/compare_8d46740c472f9d36b7a04b65023ffc59_ns3000_20260508_184014/pipeline/quad_meshes/8d46740c472f9d36b7a04b65023ffc59_quad_chunks/outputs/chunk_000_quad_extract_work/chunk_000_quad_gs30.obj
  gradient_size: 30.0  timeout: 1800s  [stiff=50.0 dr=1 it=5]

  FAILED: Command '['/root/SemanPartMesh/quad_extract/build/extract_quad_mesh', '/root/SemanPartMesh/compare_8d46740c472f9d36b7a04b65023ffc59_ns3000_20260508_184014/pipeline/quad_meshes/8d46740c472f9d36b7a04b65023ffc59_quad_chunks/outputs/chunk_000_quad_extract_work/chunk_000_quad_repaired.obj', '/root/SemanPartMesh/compare_8d46740c472f9d36b7a04b65023ffc59_ns3000_20260508_184014/pipeline/quad_meshes/8d46740c472f9d36b7a04b65023ffc59_quad_chunks/outputs/chunk_000_quad_extract_work/chunk_000_quad_repaired_cf.txt', '/root/SemanPartMesh/compare_8d46740c472f9d36b7a04b65023ffc59_ns3000_20260508_184014/pipeline/quad_meshes/8d46740c472f9d36b7a04b65023ffc59_quad_chunks/outputs/chunk_000_quad_extract_work/chunk_000_quad_gs30.obj', '30.0', '50.0', '1', '5', '5']' returned non-zero exit status 1.
  binary       : /root/SemanPartMesh/quad_extract/build/extract_quad_mesh
  input mesh   : /root/SemanPartMesh/compare_8d46740c472f9d36b7a04b65023ffc59_ns3000_20260508_184014/pipeline/quad_meshes/8d46740c472f9d36b7a04b65023ffc59_quad_chunks/outputs/chunk_000_quad_extract_work/chunk_000_quad_repaired.obj
  cross field  : /root/SemanPartMesh/compare_8d46740c472f9d36b7a04b65023ffc59_ns3000_20260508_184014/pipeline/quad_meshes/8d46740c472f9d36b7a04b65023ffc59_quad_chunks/outputs/chunk_000_quad_extract_work/chunk_000_quad_repaired_cf.txt
  output       : /root/SemanPartMesh/compare_8d46740c472f9d36b7a04b65023ffc59_ns3000_20260508_184014/pipeline/quad_meshes/8d46740c472f9d36b7a04b65023ffc59_quad_chunks/outputs/chunk_000_quad_extract_work/chunk_000_quad_gs30.obj
  gradient_size: 30.0  timeout: 1800s  [stiff=200.0 dr=1 it=3]

  FAILED: Command '['/root/SemanPartMesh/quad_extract/build/extract_quad_mesh', '/root/SemanPartMesh/compare_8d46740c472f9d36b7a04b65023ffc59_ns3000_20260508_184014/pipeline/quad_meshes/8d46740c472f9d36b7a04b65023ffc59_quad_chunks/outputs/chunk_000_quad_extract_work/chunk_000_quad_repaired.obj', '/root/SemanPartMesh/compare_8d46740c472f9d36b7a04b65023ffc59_ns3000_20260508_184014/pipeline/quad_meshes/8d46740c472f9d36b7a04b65023ffc59_quad_chunks/outputs/chunk_000_quad_extract_work/chunk_000_quad_repaired_cf.txt', '/root/SemanPartMesh/compare_8d46740c472f9d36b7a04b65023ffc59_ns3000_20260508_184014/pipeline/quad_meshes/8d46740c472f9d36b7a04b65023ffc59_quad_chunks/outputs/chunk_000_quad_extract_work/chunk_000_quad_gs30.obj', '30.0', '200.0', '1', '3', '5']' returned non-zero exit status 1.
  FAILED: extraction failed for gs=30.0
[1/4] Loading mesh: /root/SemanPartMesh/compare_8d46740c472f9d36b7a04b65023ffc59_ns3000_20260508_184014/pipeline/quad_meshes/8d46740c472f9d36b7a04b65023ffc59_quad_chunks/outputs/chunk_000_quad_extract_work/chunk_000_quad_repaired.obj
       V=1269 F=2532
[2/4] Loading cross field: /root/SemanPartMesh/compare_8d46740c472f9d36b7a04b65023ffc59_ns3000_20260508_184014/pipeline/quad_meshes/8d46740c472f9d36b7a04b65023ffc59_quad_chunks/outputs/chunk_000_quad_extract_work/chunk_000_quad_repaired_cf.txt
       cross field rows=2532
Degenerate triangle in input mesh at face 2530
[1/4] Loading mesh: /root/SemanPartMesh/compare_8d46740c472f9d36b7a04b65023ffc59_ns3000_20260508_184014/pipeline/quad_meshes/8d46740c472f9d36b7a04b65023ffc59_quad_chunks/outputs/chunk_000_quad_extract_work/chunk_000_quad_repaired.obj
       V=1269 F=2532
[2/4] Loading cross field: /root/SemanPartMesh/compare_8d46740c472f9d36b7a04b65023ffc59_ns3000_20260508_184014/pipeline/quad_meshes/8d46740c472f9d36b7a04b65023ffc59_quad_chunks/outputs/chunk_000_quad_extract_work/chunk_000_quad_repaired_cf.txt
       cross field rows=2532
Degenerate triangle in input mesh at face 2530
[1/4] Loading mesh: /root/SemanPartMesh/compare_8d46740c472f9d36b7a04b65023ffc59_ns3000_20260508_184014/pipeline/quad_meshes/8d46740c472f9d36b7a04b65023ffc59_quad_chunks/outputs/chunk_000_quad_extract_work/chunk_000_quad_repaired.obj
       V=1269 F=2532
[2/4] Loading cross field: /root/SemanPartMesh/compare_8d46740c472f9d36b7a04b65023ffc59_ns3000_20260508_184014/pipeline/quad_meshes/8d46740c472f9d36b7a04b65023ffc59_quad_chunks/outputs/chunk_000_quad_extract_work/chunk_000_quad_repaired_cf.txt
       cross field rows=2532
Degenerate triangle in input mesh at face 2530
[1/4] Loading mesh: /root/SemanPartMesh/compare_8d46740c472f9d36b7a04b65023ffc59_ns3000_20260508_184014/pipeline/quad_meshes/8d46740c472f9d36b7a04b65023ffc59_quad_chunks/outputs/chunk_000_quad_extract_work/chunk_000_quad_repaired.obj
       V=1269 F=2532
[2/4] Loading cross field: /root/SemanPartMesh/compare_8d46740c472f9d36b7a04b65023ffc59_ns3000_20260508_184014/pipeline/quad_meshes/8d46740c472f9d36b7a04b65023ffc59_quad_chunks/outputs/chunk_000_quad_extract_work/chunk_000_quad_repaired_cf.txt
       cross field rows=2532
Degenerate triangle in input mesh at face 2530
[1/4] Loading mesh: /root/SemanPartMesh/compare_8d46740c472f9d36b7a04b65023ffc59_ns3000_20260508_184014/pipeline/quad_meshes/8d46740c472f9d36b7a04b65023ffc59_quad_chunks/outputs/chunk_000_quad_extract_work/chunk_000_quad_repaired.obj
       V=1269 F=2532
[2/4] Loading cross field: /root/SemanPartMesh/compare_8d46740c472f9d36b7a04b65023ffc59_ns3000_20260508_184014/pipeline/quad_meshes/8d46740c472f9d36b7a04b65023ffc59_quad_chunks/outputs/chunk_000_quad_extract_work/chunk_000_quad_repaired_cf.txt
       cross field rows=2532
Degenerate triangle in input mesh at face 2530

[Auto Sweep] Trying gradient_size=40.0
  binary       : /root/SemanPartMesh/quad_extract/build/extract_quad_mesh
  input mesh   : /root/SemanPartMesh/compare_8d46740c472f9d36b7a04b65023ffc59_ns3000_20260508_184014/pipeline/quad_meshes/8d46740c472f9d36b7a04b65023ffc59_quad_chunks/outputs/chunk_000_quad_extract_work/chunk_000_quad_repaired.obj
  cross field  : /root/SemanPartMesh/compare_8d46740c472f9d36b7a04b65023ffc59_ns3000_20260508_184014/pipeline/quad_meshes/8d46740c472f9d36b7a04b65023ffc59_quad_chunks/outputs/chunk_000_quad_extract_work/chunk_000_quad_repaired_cf.txt
  output       : /root/SemanPartMesh/compare_8d46740c472f9d36b7a04b65023ffc59_ns3000_20260508_184014/pipeline/quad_meshes/8d46740c472f9d36b7a04b65023ffc59_quad_chunks/outputs/chunk_000_quad_extract_work/chunk_000_quad_gs40.obj
  gradient_size: 40.0  timeout: 1800s

  FAILED: Command '['/root/SemanPartMesh/quad_extract/build/extract_quad_mesh', '/root/SemanPartMesh/compare_8d46740c472f9d36b7a04b65023ffc59_ns3000_20260508_184014/pipeline/quad_meshes/8d46740c472f9d36b7a04b65023ffc59_quad_chunks/outputs/chunk_000_quad_extract_work/chunk_000_quad_repaired.obj', '/root/SemanPartMesh/compare_8d46740c472f9d36b7a04b65023ffc59_ns3000_20260508_184014/pipeline/quad_meshes/8d46740c472f9d36b7a04b65023ffc59_quad_chunks/outputs/chunk_000_quad_extract_work/chunk_000_quad_repaired_cf.txt', '/root/SemanPartMesh/compare_8d46740c472f9d36b7a04b65023ffc59_ns3000_20260508_184014/pipeline/quad_meshes/8d46740c472f9d36b7a04b65023ffc59_quad_chunks/outputs/chunk_000_quad_extract_work/chunk_000_quad_gs40.obj', '40.0', '5.0', '0', '5', '5']' returned non-zero exit status 1.
  binary       : /root/SemanPartMesh/quad_extract/build/extract_quad_mesh
  input mesh   : /root/SemanPartMesh/compare_8d46740c472f9d36b7a04b65023ffc59_ns3000_20260508_184014/pipeline/quad_meshes/8d46740c472f9d36b7a04b65023ffc59_quad_chunks/outputs/chunk_000_quad_extract_work/chunk_000_quad_repaired.obj
  cross field  : /root/SemanPartMesh/compare_8d46740c472f9d36b7a04b65023ffc59_ns3000_20260508_184014/pipeline/quad_meshes/8d46740c472f9d36b7a04b65023ffc59_quad_chunks/outputs/chunk_000_quad_extract_work/chunk_000_quad_repaired_cf.txt
  output       : /root/SemanPartMesh/compare_8d46740c472f9d36b7a04b65023ffc59_ns3000_20260508_184014/pipeline/quad_meshes/8d46740c472f9d36b7a04b65023ffc59_quad_chunks/outputs/chunk_000_quad_extract_work/chunk_000_quad_gs40.obj
  gradient_size: 40.0  timeout: 1800s  [stiff=50.0 dr=0 it=5]

  FAILED: Command '['/root/SemanPartMesh/quad_extract/build/extract_quad_mesh', '/root/SemanPartMesh/compare_8d46740c472f9d36b7a04b65023ffc59_ns3000_20260508_184014/pipeline/quad_meshes/8d46740c472f9d36b7a04b65023ffc59_quad_chunks/outputs/chunk_000_quad_extract_work/chunk_000_quad_repaired.obj', '/root/SemanPartMesh/compare_8d46740c472f9d36b7a04b65023ffc59_ns3000_20260508_184014/pipeline/quad_meshes/8d46740c472f9d36b7a04b65023ffc59_quad_chunks/outputs/chunk_000_quad_extract_work/chunk_000_quad_repaired_cf.txt', '/root/SemanPartMesh/compare_8d46740c472f9d36b7a04b65023ffc59_ns3000_20260508_184014/pipeline/quad_meshes/8d46740c472f9d36b7a04b65023ffc59_quad_chunks/outputs/chunk_000_quad_extract_work/chunk_000_quad_gs40.obj', '40.0', '50.0', '0', '5', '5']' returned non-zero exit status 1.
  binary       : /root/SemanPartMesh/quad_extract/build/extract_quad_mesh
  input mesh   : /root/SemanPartMesh/compare_8d46740c472f9d36b7a04b65023ffc59_ns3000_20260508_184014/pipeline/quad_meshes/8d46740c472f9d36b7a04b65023ffc59_quad_chunks/outputs/chunk_000_quad_extract_work/chunk_000_quad_repaired.obj
  cross field  : /root/SemanPartMesh/compare_8d46740c472f9d36b7a04b65023ffc59_ns3000_20260508_184014/pipeline/quad_meshes/8d46740c472f9d36b7a04b65023ffc59_quad_chunks/outputs/chunk_000_quad_extract_work/chunk_000_quad_repaired_cf.txt
  output       : /root/SemanPartMesh/compare_8d46740c472f9d36b7a04b65023ffc59_ns3000_20260508_184014/pipeline/quad_meshes/8d46740c472f9d36b7a04b65023ffc59_quad_chunks/outputs/chunk_000_quad_extract_work/chunk_000_quad_gs40.obj
  gradient_size: 40.0  timeout: 1800s  [stiff=5.0 dr=1 it=5]

  FAILED: Command '['/root/SemanPartMesh/quad_extract/build/extract_quad_mesh', '/root/SemanPartMesh/compare_8d46740c472f9d36b7a04b65023ffc59_ns3000_20260508_184014/pipeline/quad_meshes/8d46740c472f9d36b7a04b65023ffc59_quad_chunks/outputs/chunk_000_quad_extract_work/chunk_000_quad_repaired.obj', '/root/SemanPartMesh/compare_8d46740c472f9d36b7a04b65023ffc59_ns3000_20260508_184014/pipeline/quad_meshes/8d46740c472f9d36b7a04b65023ffc59_quad_chunks/outputs/chunk_000_quad_extract_work/chunk_000_quad_repaired_cf.txt', '/root/SemanPartMesh/compare_8d46740c472f9d36b7a04b65023ffc59_ns3000_20260508_184014/pipeline/quad_meshes/8d46740c472f9d36b7a04b65023ffc59_quad_chunks/outputs/chunk_000_quad_extract_work/chunk_000_quad_gs40.obj', '40.0', '5.0', '1', '5', '5']' returned non-zero exit status 1.
  binary       : /root/SemanPartMesh/quad_extract/build/extract_quad_mesh
  input mesh   : /root/SemanPartMesh/compare_8d46740c472f9d36b7a04b65023ffc59_ns3000_20260508_184014/pipeline/quad_meshes/8d46740c472f9d36b7a04b65023ffc59_quad_chunks/outputs/chunk_000_quad_extract_work/chunk_000_quad_repaired.obj
  cross field  : /root/SemanPartMesh/compare_8d46740c472f9d36b7a04b65023ffc59_ns3000_20260508_184014/pipeline/quad_meshes/8d46740c472f9d36b7a04b65023ffc59_quad_chunks/outputs/chunk_000_quad_extract_work/chunk_000_quad_repaired_cf.txt
  output       : /root/SemanPartMesh/compare_8d46740c472f9d36b7a04b65023ffc59_ns3000_20260508_184014/pipeline/quad_meshes/8d46740c472f9d36b7a04b65023ffc59_quad_chunks/outputs/chunk_000_quad_extract_work/chunk_000_quad_gs40.obj
  gradient_size: 40.0  timeout: 1800s  [stiff=50.0 dr=1 it=5]

  FAILED: Command '['/root/SemanPartMesh/quad_extract/build/extract_quad_mesh', '/root/SemanPartMesh/compare_8d46740c472f9d36b7a04b65023ffc59_ns3000_20260508_184014/pipeline/quad_meshes/8d46740c472f9d36b7a04b65023ffc59_quad_chunks/outputs/chunk_000_quad_extract_work/chunk_000_quad_repaired.obj', '/root/SemanPartMesh/compare_8d46740c472f9d36b7a04b65023ffc59_ns3000_20260508_184014/pipeline/quad_meshes/8d46740c472f9d36b7a04b65023ffc59_quad_chunks/outputs/chunk_000_quad_extract_work/chunk_000_quad_repaired_cf.txt', '/root/SemanPartMesh/compare_8d46740c472f9d36b7a04b65023ffc59_ns3000_20260508_184014/pipeline/quad_meshes/8d46740c472f9d36b7a04b65023ffc59_quad_chunks/outputs/chunk_000_quad_extract_work/chunk_000_quad_gs40.obj', '40.0', '50.0', '1', '5', '5']' returned non-zero exit status 1.
  binary       : /root/SemanPartMesh/quad_extract/build/extract_quad_mesh
  input mesh   : /root/SemanPartMesh/compare_8d46740c472f9d36b7a04b65023ffc59_ns3000_20260508_184014/pipeline/quad_meshes/8d46740c472f9d36b7a04b65023ffc59_quad_chunks/outputs/chunk_000_quad_extract_work/chunk_000_quad_repaired.obj
  cross field  : /root/SemanPartMesh/compare_8d46740c472f9d36b7a04b65023ffc59_ns3000_20260508_184014/pipeline/quad_meshes/8d46740c472f9d36b7a04b65023ffc59_quad_chunks/outputs/chunk_000_quad_extract_work/chunk_000_quad_repaired_cf.txt
  output       : /root/SemanPartMesh/compare_8d46740c472f9d36b7a04b65023ffc59_ns3000_20260508_184014/pipeline/quad_meshes/8d46740c472f9d36b7a04b65023ffc59_quad_chunks/outputs/chunk_000_quad_extract_work/chunk_000_quad_gs40.obj
  gradient_size: 40.0  timeout: 1800s  [stiff=200.0 dr=1 it=3]

  FAILED: Command '['/root/SemanPartMesh/quad_extract/build/extract_quad_mesh', '/root/SemanPartMesh/compare_8d46740c472f9d36b7a04b65023ffc59_ns3000_20260508_184014/pipeline/quad_meshes/8d46740c472f9d36b7a04b65023ffc59_quad_chunks/outputs/chunk_000_quad_extract_work/chunk_000_quad_repaired.obj', '/root/SemanPartMesh/compare_8d46740c472f9d36b7a04b65023ffc59_ns3000_20260508_184014/pipeline/quad_meshes/8d46740c472f9d36b7a04b65023ffc59_quad_chunks/outputs/chunk_000_quad_extract_work/chunk_000_quad_repaired_cf.txt', '/root/SemanPartMesh/compare_8d46740c472f9d36b7a04b65023ffc59_ns3000_20260508_184014/pipeline/quad_meshes/8d46740c472f9d36b7a04b65023ffc59_quad_chunks/outputs/chunk_000_quad_extract_work/chunk_000_quad_gs40.obj', '40.0', '200.0', '1', '3', '5']' returned non-zero exit status 1.
  FAILED: extraction failed for gs=40.0

[Auto Sweep] Trying gradient_size=60.0[1/4] Loading mesh: /root/SemanPartMesh/compare_8d46740c472f9d36b7a04b65023ffc59_ns3000_20260508_184014/pipeline/quad_meshes/8d46740c472f9d36b7a04b65023ffc59_quad_chunks/outputs/chunk_000_quad_extract_work/chunk_000_quad_repaired.obj
       V=1269 F=2532
[2/4] Loading cross field: /root/SemanPartMesh/compare_8d46740c472f9d36b7a04b65023ffc59_ns3000_20260508_184014/pipeline/quad_meshes/8d46740c472f9d36b7a04b65023ffc59_quad_chunks/outputs/chunk_000_quad_extract_work/chunk_000_quad_repaired_cf.txt
       cross field rows=2532
Degenerate triangle in input mesh at face 2530
[1/4] Loading mesh: /root/SemanPartMesh/compare_8d46740c472f9d36b7a04b65023ffc59_ns3000_20260508_184014/pipeline/quad_meshes/8d46740c472f9d36b7a04b65023ffc59_quad_chunks/outputs/chunk_000_quad_extract_work/chunk_000_quad_repaired.obj
       V=1269 F=2532
[2/4] Loading cross field: /root/SemanPartMesh/compare_8d46740c472f9d36b7a04b65023ffc59_ns3000_20260508_184014/pipeline/quad_meshes/8d46740c472f9d36b7a04b65023ffc59_quad_chunks/outputs/chunk_000_quad_extract_work/chunk_000_quad_repaired_cf.txt
       cross field rows=2532
Degenerate triangle in input mesh at face 2530
[1/4] Loading mesh: /root/SemanPartMesh/compare_8d46740c472f9d36b7a04b65023ffc59_ns3000_20260508_184014/pipeline/quad_meshes/8d46740c472f9d36b7a04b65023ffc59_quad_chunks/outputs/chunk_000_quad_extract_work/chunk_000_quad_repaired.obj
       V=1269 F=2532
[2/4] Loading cross field: /root/SemanPartMesh/compare_8d46740c472f9d36b7a04b65023ffc59_ns3000_20260508_184014/pipeline/quad_meshes/8d46740c472f9d36b7a04b65023ffc59_quad_chunks/outputs/chunk_000_quad_extract_work/chunk_000_quad_repaired_cf.txt
       cross field rows=2532
Degenerate triangle in input mesh at face 2530
[1/4] Loading mesh: /root/SemanPartMesh/compare_8d46740c472f9d36b7a04b65023ffc59_ns3000_20260508_184014/pipeline/quad_meshes/8d46740c472f9d36b7a04b65023ffc59_quad_chunks/outputs/chunk_000_quad_extract_work/chunk_000_quad_repaired.obj
       V=1269 F=2532
[2/4] Loading cross field: /root/SemanPartMesh/compare_8d46740c472f9d36b7a04b65023ffc59_ns3000_20260508_184014/pipeline/quad_meshes/8d46740c472f9d36b7a04b65023ffc59_quad_chunks/outputs/chunk_000_quad_extract_work/chunk_000_quad_repaired_cf.txt
       cross field rows=2532
Degenerate triangle in input mesh at face 2530
[1/4] Loading mesh: /root/SemanPartMesh/compare_8d46740c472f9d36b7a04b65023ffc59_ns3000_20260508_184014/pipeline/quad_meshes/8d46740c472f9d36b7a04b65023ffc59_quad_chunks/outputs/chunk_000_quad_extract_work/chunk_000_quad_repaired.obj
       V=1269 F=2532
[2/4] Loading cross field: /root/SemanPartMesh/compare_8d46740c472f9d36b7a04b65023ffc59_ns3000_20260508_184014/pipeline/quad_meshes/8d46740c472f9d36b7a04b65023ffc59_quad_chunks/outputs/chunk_000_quad_extract_work/chunk_000_quad_repaired_cf.txt
       cross field rows=2532
Degenerate triangle in input mesh at face 2530

  binary       : /root/SemanPartMesh/quad_extract/build/extract_quad_mesh
  input mesh   : /root/SemanPartMesh/compare_8d46740c472f9d36b7a04b65023ffc59_ns3000_20260508_184014/pipeline/quad_meshes/8d46740c472f9d36b7a04b65023ffc59_quad_chunks/outputs/chunk_000_quad_extract_work/chunk_000_quad_repaired.obj
  cross field  : /root/SemanPartMesh/compare_8d46740c472f9d36b7a04b65023ffc59_ns3000_20260508_184014/pipeline/quad_meshes/8d46740c472f9d36b7a04b65023ffc59_quad_chunks/outputs/chunk_000_quad_extract_work/chunk_000_quad_repaired_cf.txt
  output       : /root/SemanPartMesh/compare_8d46740c472f9d36b7a04b65023ffc59_ns3000_20260508_184014/pipeline/quad_meshes/8d46740c472f9d36b7a04b65023ffc59_quad_chunks/outputs/chunk_000_quad_extract_work/chunk_000_quad_gs60.obj
  gradient_size: 60.0  timeout: 1800s

  FAILED: Command '['/root/SemanPartMesh/quad_extract/build/extract_quad_mesh', '/root/SemanPartMesh/compare_8d46740c472f9d36b7a04b65023ffc59_ns3000_20260508_184014/pipeline/quad_meshes/8d46740c472f9d36b7a04b65023ffc59_quad_chunks/outputs/chunk_000_quad_extract_work/chunk_000_quad_repaired.obj', '/root/SemanPartMesh/compare_8d46740c472f9d36b7a04b65023ffc59_ns3000_20260508_184014/pipeline/quad_meshes/8d46740c472f9d36b7a04b65023ffc59_quad_chunks/outputs/chunk_000_quad_extract_work/chunk_000_quad_repaired_cf.txt', '/root/SemanPartMesh/compare_8d46740c472f9d36b7a04b65023ffc59_ns3000_20260508_184014/pipeline/quad_meshes/8d46740c472f9d36b7a04b65023ffc59_quad_chunks/outputs/chunk_000_quad_extract_work/chunk_000_quad_gs60.obj', '60.0', '5.0', '0', '5', '5']' returned non-zero exit status 1.
  binary       : /root/SemanPartMesh/quad_extract/build/extract_quad_mesh
  input mesh   : /root/SemanPartMesh/compare_8d46740c472f9d36b7a04b65023ffc59_ns3000_20260508_184014/pipeline/quad_meshes/8d46740c472f9d36b7a04b65023ffc59_quad_chunks/outputs/chunk_000_quad_extract_work/chunk_000_quad_repaired.obj
  cross field  : /root/SemanPartMesh/compare_8d46740c472f9d36b7a04b65023ffc59_ns3000_20260508_184014/pipeline/quad_meshes/8d46740c472f9d36b7a04b65023ffc59_quad_chunks/outputs/chunk_000_quad_extract_work/chunk_000_quad_repaired_cf.txt
  output       : /root/SemanPartMesh/compare_8d46740c472f9d36b7a04b65023ffc59_ns3000_20260508_184014/pipeline/quad_meshes/8d46740c472f9d36b7a04b65023ffc59_quad_chunks/outputs/chunk_000_quad_extract_work/chunk_000_quad_gs60.obj
  gradient_size: 60.0  timeout: 1800s  [stiff=50.0 dr=0 it=5]

  FAILED: Command '['/root/SemanPartMesh/quad_extract/build/extract_quad_mesh', '/root/SemanPartMesh/compare_8d46740c472f9d36b7a04b65023ffc59_ns3000_20260508_184014/pipeline/quad_meshes/8d46740c472f9d36b7a04b65023ffc59_quad_chunks/outputs/chunk_000_quad_extract_work/chunk_000_quad_repaired.obj', '/root/SemanPartMesh/compare_8d46740c472f9d36b7a04b65023ffc59_ns3000_20260508_184014/pipeline/quad_meshes/8d46740c472f9d36b7a04b65023ffc59_quad_chunks/outputs/chunk_000_quad_extract_work/chunk_000_quad_repaired_cf.txt', '/root/SemanPartMesh/compare_8d46740c472f9d36b7a04b65023ffc59_ns3000_20260508_184014/pipeline/quad_meshes/8d46740c472f9d36b7a04b65023ffc59_quad_chunks/outputs/chunk_000_quad_extract_work/chunk_000_quad_gs60.obj', '60.0', '50.0', '0', '5', '5']' returned non-zero exit status 1.
  binary       : /root/SemanPartMesh/quad_extract/build/extract_quad_mesh
  input mesh   : /root/SemanPartMesh/compare_8d46740c472f9d36b7a04b65023ffc59_ns3000_20260508_184014/pipeline/quad_meshes/8d46740c472f9d36b7a04b65023ffc59_quad_chunks/outputs/chunk_000_quad_extract_work/chunk_000_quad_repaired.obj
  cross field  : /root/SemanPartMesh/compare_8d46740c472f9d36b7a04b65023ffc59_ns3000_20260508_184014/pipeline/quad_meshes/8d46740c472f9d36b7a04b65023ffc59_quad_chunks/outputs/chunk_000_quad_extract_work/chunk_000_quad_repaired_cf.txt
  output       : /root/SemanPartMesh/compare_8d46740c472f9d36b7a04b65023ffc59_ns3000_20260508_184014/pipeline/quad_meshes/8d46740c472f9d36b7a04b65023ffc59_quad_chunks/outputs/chunk_000_quad_extract_work/chunk_000_quad_gs60.obj
  gradient_size: 60.0  timeout: 1800s  [stiff=5.0 dr=1 it=5]

  FAILED: Command '['/root/SemanPartMesh/quad_extract/build/extract_quad_mesh', '/root/SemanPartMesh/compare_8d46740c472f9d36b7a04b65023ffc59_ns3000_20260508_184014/pipeline/quad_meshes/8d46740c472f9d36b7a04b65023ffc59_quad_chunks/outputs/chunk_000_quad_extract_work/chunk_000_quad_repaired.obj', '/root/SemanPartMesh/compare_8d46740c472f9d36b7a04b65023ffc59_ns3000_20260508_184014/pipeline/quad_meshes/8d46740c472f9d36b7a04b65023ffc59_quad_chunks/outputs/chunk_000_quad_extract_work/chunk_000_quad_repaired_cf.txt', '/root/SemanPartMesh/compare_8d46740c472f9d36b7a04b65023ffc59_ns3000_20260508_184014/pipeline/quad_meshes/8d46740c472f9d36b7a04b65023ffc59_quad_chunks/outputs/chunk_000_quad_extract_work/chunk_000_quad_gs60.obj', '60.0', '5.0', '1', '5', '5']' returned non-zero exit status 1.
  binary       : /root/SemanPartMesh/quad_extract/build/extract_quad_mesh
  input mesh   : /root/SemanPartMesh/compare_8d46740c472f9d36b7a04b65023ffc59_ns3000_20260508_184014/pipeline/quad_meshes/8d46740c472f9d36b7a04b65023ffc59_quad_chunks/outputs/chunk_000_quad_extract_work/chunk_000_quad_repaired.obj
  cross field  : /root/SemanPartMesh/compare_8d46740c472f9d36b7a04b65023ffc59_ns3000_20260508_184014/pipeline/quad_meshes/8d46740c472f9d36b7a04b65023ffc59_quad_chunks/outputs/chunk_000_quad_extract_work/chunk_000_quad_repaired_cf.txt
  output       : /root/SemanPartMesh/compare_8d46740c472f9d36b7a04b65023ffc59_ns3000_20260508_184014/pipeline/quad_meshes/8d46740c472f9d36b7a04b65023ffc59_quad_chunks/outputs/chunk_000_quad_extract_work/chunk_000_quad_gs60.obj
  gradient_size: 60.0  timeout: 1800s  [stiff=50.0 dr=1 it=5]

  FAILED: Command '['/root/SemanPartMesh/quad_extract/build/extract_quad_mesh', '/root/SemanPartMesh/compare_8d46740c472f9d36b7a04b65023ffc59_ns3000_20260508_184014/pipeline/quad_meshes/8d46740c472f9d36b7a04b65023ffc59_quad_chunks/outputs/chunk_000_quad_extract_work/chunk_000_quad_repaired.obj', '/root/SemanPartMesh/compare_8d46740c472f9d36b7a04b65023ffc59_ns3000_20260508_184014/pipeline/quad_meshes/8d46740c472f9d36b7a04b65023ffc59_quad_chunks/outputs/chunk_000_quad_extract_work/chunk_000_quad_repaired_cf.txt', '/root/SemanPartMesh/compare_8d46740c472f9d36b7a04b65023ffc59_ns3000_20260508_184014/pipeline/quad_meshes/8d46740c472f9d36b7a04b65023ffc59_quad_chunks/outputs/chunk_000_quad_extract_work/chunk_000_quad_gs60.obj', '60.0', '50.0', '1', '5', '5']' returned non-zero exit status 1.
  binary       : /root/SemanPartMesh/quad_extract/build/extract_quad_mesh
  input mesh   : /root/SemanPartMesh/compare_8d46740c472f9d36b7a04b65023ffc59_ns3000_20260508_184014/pipeline/quad_meshes/8d46740c472f9d36b7a04b65023ffc59_quad_chunks/outputs/chunk_000_quad_extract_work/chunk_000_quad_repaired.obj
  cross field  : /root/SemanPartMesh/compare_8d46740c472f9d36b7a04b65023ffc59_ns3000_20260508_184014/pipeline/quad_meshes/8d46740c472f9d36b7a04b65023ffc59_quad_chunks/outputs/chunk_000_quad_extract_work/chunk_000_quad_repaired_cf.txt
  output       : /root/SemanPartMesh/compare_8d46740c472f9d36b7a04b65023ffc59_ns3000_20260508_184014/pipeline/quad_meshes/8d46740c472f9d36b7a04b65023ffc59_quad_chunks/outputs/chunk_000_quad_extract_work/chunk_000_quad_gs60.obj
  gradient_size: 60.0  timeout: 1800s  [stiff=200.0 dr=1 it=3]

  FAILED: Command '['/root/SemanPartMesh/quad_extract/build/extract_quad_mesh', '/root/SemanPartMesh/compare_8d46740c472f9d36b7a04b65023ffc59_ns3000_20260508_184014/pipeline/quad_meshes/8d46740c472f9d36b7a04b65023ffc59_quad_chunks/outputs/chunk_000_quad_extract_work/chunk_000_quad_repaired.obj', '/root/SemanPartMesh/compare_8d46740c472f9d36b7a04b65023ffc59_ns3000_20260508_184014/pipeline/quad_meshes/8d46740c472f9d36b7a04b65023ffc59_quad_chunks/outputs/chunk_000_quad_extract_work/chunk_000_quad_repaired_cf.txt', '/root/SemanPartMesh/compare_8d46740c472f9d36b7a04b65023ffc59_ns3000_20260508_184014/pipeline/quad_meshes/8d46740c472f9d36b7a04b65023ffc59_quad_chunks/outputs/chunk_000_quad_extract_work/chunk_000_quad_gs60.obj', '60.0', '200.0', '1', '3', '5']' returned non-zero exit status 1.
  FAILED: extraction failed for gs=60.0

FAILED: no valid sweep candidate produced an evaluable quad mesh[1/4] Loading mesh: /root/SemanPartMesh/compare_8d46740c472f9d36b7a04b65023ffc59_ns3000_20260508_184014/pipeline/quad_meshes/8d46740c472f9d36b7a04b65023ffc59_quad_chunks/outputs/chunk_000_quad_extract_work/chunk_000_quad_pml_repaired.obj
       V=1268 F=2534
[2/4] Loading cross field: /root/SemanPartMesh/compare_8d46740c472f9d36b7a04b65023ffc59_ns3000_20260508_184014/pipeline/quad_meshes/8d46740c472f9d36b7a04b65023ffc59_quad_chunks/outputs/chunk_000_quad_extract_work/chunk_000_quad_pml_repaired_cf.txt
       cross field rows=2534
[3/4] Running MIQ parameterization (gradient_size=8, stiffness=5, iters=5)...

 INITIALIZED SPARSE MATRIX OF 3314d x 3314d 

 INITIALIZED SPARSE MATRIX OF 1096d x 3632d 

 INITIALIZED VECTOR OF 3314d x 1 

 INITIALIZED VECTOR OF 1096d x 1 
Initital dimension: 3632 x 3632, number of constraints: 1096, number of integer variables: 538, use reordering: yes
make_constraints_independent took 0.0067480000000000005 s.
Constraint integration took 0.037276000000000004 s.
Constraint elimination took 0.015762000000000002 s.
Reindexing took 0.00032400000000000001 s.
eliminate_constraints took 0.053524000000000002 s.
Eliminated dimension: 2536 x 2536
#nonzeros: 121233
integer variables #: 220
continuous variables #: 2316
initial full solution
CHOLMOD warning: matrix not positive definite. file: ./CHOLMOD/Supernodal/t_cholmod_super_numeric_worker.c line: 1090
final full solution
CHOLMOD warning: matrix not positive definite. file: ./CHOLMOD/Supernodal/t_cholmod_super_numeric_worker.c line: 1090
 *** Statistics of MiSo Solver ***
Number of LOCAL iterations  = 220
Number of CG    iterations  = 220
Number of FULL  iterations  = 2
Number of ROUNDING          = 220
solve_multiple_rounding took 0.51771299999999998 s.
solve took 0.51783199999999996 s.
restore_eliminated_vars took 0.00066500000000000001 s.
solve took 0.57953199999999994 s.
ITERATION 0 FLIPS 0 
**** END OPTIMIZING #FLIPS 0  ****
       UV=1657 FUV=2534
Invalid MIQ output: UV=1657x2 FUV=2534x3

 Closed: Fri May 08 18:59:33 2026

[1/4] Loading mesh: /root/SemanPartMesh/compare_8d46740c472f9d36b7a04b65023ffc59_ns3000_20260508_184014/pipeline/quad_meshes/8d46740c472f9d36b7a04b65023ffc59_quad_chunks/outputs/chunk_000_quad_extract_work/chunk_000_quad_pml_repaired.obj
       V=1268 F=2534
[2/4] Loading cross field: /root/SemanPartMesh/compare_8d46740c472f9d36b7a04b65023ffc59_ns3000_20260508_184014/pipeline/quad_meshes/8d46740c472f9d36b7a04b65023ffc59_quad_chunks/outputs/chunk_000_quad_extract_work/chunk_000_quad_pml_repaired_cf.txt
       cross field rows=2534
[3/4] Running MIQ parameterization (gradient_size=8, stiffness=50, iters=5)...

 INITIALIZED SPARSE MATRIX OF 3314d x 3314d 

 INITIALIZED SPARSE MATRIX OF 1096d x 3632d 

 INITIALIZED VECTOR OF 3314d x 1 

 INITIALIZED VECTOR OF 1096d x 1 
Initital dimension: 3632 x 3632, number of constraints: 1096, number of integer variables: 538, use reordering: yes
make_constraints_independent took 0.0068340000000000007 s.
Constraint integration took 0.03687 s.
Constraint elimination took 0.014306000000000001 s.
Reindexing took 0.00027800000000000004 s.
eliminate_constraints took 0.051612999999999999 s.
Eliminated dimension: 2536 x 2536
#nonzeros: 121233
integer variables #: 220
continuous variables #: 2316
initial full solution
CHOLMOD warning: matrix not positive definite. file: ./CHOLMOD/Supernodal/t_cholmod_super_numeric_worker.c line: 1090
final full solution
CHOLMOD warning: matrix not positive definite. file: ./CHOLMOD/Supernodal/t_cholmod_super_numeric_worker.c line: 1090
 *** Statistics of MiSo Solver ***
Number of LOCAL iterations  = 220
Number of CG    iterations  = 220
Number of FULL  iterations  = 2
Number of ROUNDING          = 220
solve_multiple_rounding took 0.52120500000000003 s.
solve took 0.52133600000000002 s.
restore_eliminated_vars took 0.00064199999999999999 s.
solve took 0.58129900000000001 s.
ITERATION 0 FLIPS 0 
**** END OPTIMIZING #FLIPS 0  ****
       UV=1657 FUV=2534
Invalid MIQ output: UV=1657x2 FUV=2534x3

 Closed: Fri May 08 18:59:33 2026

[1/4] Loading mesh: /root/SemanPartMesh/compare_8d46740c472f9d36b7a04b65023ffc59_ns3000_20260508_184014/pipeline/quad_meshes/8d46740c472f9d36b7a04b65023ffc59_quad_chunks/outputs/chunk_000_quad_extract_work/chunk_000_quad_pml_repaired.obj
       V=1268 F=2534
[2/4] Loading cross field: /root/SemanPartMesh/compare_8d46740c472f9d36b7a04b65023ffc59_ns3000_20260508_184014/pipeline/quad_meshes/8d46740c472f9d36b7a04b65023ffc59_quad_chunks/outputs/chunk_000_quad_extract_work/chunk_000_quad_pml_repaired_cf.txt
       cross field rows=2534
[3/4] Running MIQ parameterization (gradient_size=8, stiffness=5, iters=5)...

 INITIALIZED SPARSE MATRIX OF 3314d x 3314d 

 INITIALIZED SPARSE MATRIX OF 1096d x 3632d 

 INITIALIZED VECTOR OF 3314d x 1 

 INITIALIZED VECTOR OF 1096d x 1 
Initital dimension: 3632 x 3632, number of constraints: 1096, number of integer variables: 538, use reordering: yes
make_constraints_independent took 0.0068230000000000001 s.
Constraint integration took 0.038259000000000001 s.
Constraint elimination took 0.014112999999999999 s.
Reindexing took 0.00027900000000000001 s.
eliminate_constraints took 0.052797000000000004 s.
Eliminated dimension: 2536 x 2536
#nonzeros: 121233
integer variables #: 220
continuous variables #: 2316
CHOLMOD warning: matrix not positive definite. file: ./CHOLMOD/Supernodal/t_cholmod_super_numeric_worker.c line: 1090
CHOLMOD warning: not positive definite. file: ./CHOLMOD/Cholesky/t_cholmod_rowfac_worker.c line: 433
solve took 0.018582000000000001 s.
restore_eliminated_vars took 0.00071900000000000002 s.
solve took 0.079757999999999996 s.
ITERATION 0 FLIPS 0 
**** END OPTIMIZING #FLIPS 0  ****
       UV=1657 FUV=2534
Invalid MIQ output: UV=1657x2 FUV=2534x3

 Closed: Fri May 08 18:59:34 2026

[1/4] Loading mesh: /root/SemanPartMesh/compare_8d46740c472f9d36b7a04b65023ffc59_ns3000_20260508_184014/pipeline/quad_meshes/8d46740c472f9d36b7a04b65023ffc59_quad_chunks/outputs/chunk_000_quad_extract_work/chunk_000_quad_pml_repaired.obj
       V=1268 F=2534
[2/4] Loading cross field: /root/SemanPartMesh/compare_8d46740c472f9d36b7a04b65023ffc59_ns3000_20260508_184014/pipeline/quad_meshes/8d46740c472f9d36b7a04b65023ffc59_quad_chunks/outputs/chunk_000_quad_extract_work/chunk_000_quad_pml_repaired_cf.txt
       cross field rows=2534
[3/4] Running MIQ parameterization (gradient_size=8, stiffness=50, iters=5)...

 INITIALIZED SPARSE MATRIX OF 3314d x 3314d 

 INITIALIZED SPARSE MATRIX OF 1096d x 3632d 

 INITIALIZED VECTOR OF 3314d x 1 

 INITIALIZED VECTOR OF 1096d x 1 
Initital dimension: 3632 x 3632, number of constraints: 1096, number of integer variables: 538, use reordering: yes
make_constraints_independent took 0.0067160000000000006 s.
Constraint integration took 0.037162000000000001 s.
Constraint elimination took 0.013968 s.
Reindexing took 0.00028000000000000003 s.
eliminate_constraints took 0.051556000000000005 s.
Eliminated dimension: 2536 x 2536
#nonzeros: 121233
integer variables #: 220
continuous variables #: 2316
CHOLMOD warning: matrix not positive definite. file: ./CHOLMOD/Supernodal/t_cholmod_super_numeric_worker.c line: 1090
CHOLMOD warning: not positive definite. file: ./CHOLMOD/Cholesky/t_cholmod_rowfac_worker.c line: 433
solve took 0.017801999999999998 s.
restore_eliminated_vars took 0.00065499999999999998 s.
solve took 0.077411000000000008 s.
ITERATION 0 FLIPS 0 
**** END OPTIMIZING #FLIPS 0  ****
       UV=1657 FUV=2534
Invalid MIQ output: UV=1657x2 FUV=2534x3

 Closed: Fri May 08 18:59:34 2026



==================================================
  [Tier 1] PyMeshLab manifold repair
==================================================
  [pml-repair] faces: 2536 -> 2534, verts: 1268, changed=True
  [cf-transfer] 2536 -> 2534 faces, max_dist=0.000001, mean_dist=0.000000

[Auto Sweep]
  mesh        : /root/SemanPartMesh/compare_8d46740c472f9d36b7a04b65023ffc59_ns3000_20260508_184014/pipeline/quad_meshes/8d46740c472f9d36b7a04b65023ffc59_quad_chunks/outputs/chunk_000_quad_extract_work/chunk_000_quad_pml_repaired.obj
  cross field : /root/SemanPartMesh/compare_8d46740c472f9d36b7a04b65023ffc59_ns3000_20260508_184014/pipeline/quad_meshes/8d46740c472f9d36b7a04b65023ffc59_quad_chunks/outputs/chunk_000_quad_extract_work/chunk_000_quad_pml_repaired_cf.txt
  output      : /root/SemanPartMesh/compare_8d46740c472f9d36b7a04b65023ffc59_ns3000_20260508_184014/pipeline/quad_meshes/8d46740c472f9d36b7a04b65023ffc59_quad_chunks/outputs/chunk_000_quad.obj
  sweep_values: [8.0, 12.0, 16.0, 24.0, 30.0, 40.0, 60.0]
  thresholds  : min_quads=127, max_ad=15.0, min_jr=0.15

  target_quads: 1267 (budget-aware ranking)

  budget_tol  : 0.200

[Auto Sweep] Trying gradient_size=8.0
  binary       : /root/SemanPartMesh/quad_extract/build/extract_quad_mesh
  input mesh   : /root/SemanPartMesh/compare_8d46740c472f9d36b7a04b65023ffc59_ns3000_20260508_184014/pipeline/quad_meshes/8d46740c472f9d36b7a04b65023ffc59_quad_chunks/outputs/chunk_000_quad_extract_work/chunk_000_quad_pml_repaired.obj
  cross field  : /root/SemanPartMesh/compare_8d46740c472f9d36b7a04b65023ffc59_ns3000_20260508_184014/pipeline/quad_meshes/8d46740c472f9d36b7a04b65023ffc59_quad_chunks/outputs/chunk_000_quad_extract_work/chunk_000_quad_pml_repaired_cf.txt
  output       : /root/SemanPartMesh/compare_8d46740c472f9d36b7a04b65023ffc59_ns3000_20260508_184014/pipeline/quad_meshes/8d46740c472f9d36b7a04b65023ffc59_quad_chunks/outputs/chunk_000_quad_extract_work/chunk_000_quad_gs8.obj
  gradient_size: 8.0  timeout: 1800s

  FAILED: Command '['/root/SemanPartMesh/quad_extract/build/extract_quad_mesh', '/root/SemanPartMesh/compare_8d46740c472f9d36b7a04b65023ffc59_ns3000_20260508_184014/pipeline/quad_meshes/8d46740c472f9d36b7a04b65023ffc59_quad_chunks/outputs/chunk_000_quad_extract_work/chunk_000_quad_pml_repaired.obj', '/root/SemanPartMesh/compare_8d46740c472f9d36b7a04b65023ffc59_ns3000_20260508_184014/pipeline/quad_meshes/8d46740c472f9d36b7a04b65023ffc59_quad_chunks/outputs/chunk_000_quad_extract_work/chunk_000_quad_pml_repaired_cf.txt', '/root/SemanPartMesh/compare_8d46740c472f9d36b7a04b65023ffc59_ns3000_20260508_184014/pipeline/quad_meshes/8d46740c472f9d36b7a04b65023ffc59_quad_chunks/outputs/chunk_000_quad_extract_work/chunk_000_quad_gs8.obj', '8.0', '5.0', '0', '5', '5']' returned non-zero exit status 1.
  binary       : /root/SemanPartMesh/quad_extract/build/extract_quad_mesh
  input mesh   : /root/SemanPartMesh/compare_8d46740c472f9d36b7a04b65023ffc59_ns3000_20260508_184014/pipeline/quad_meshes/8d46740c472f9d36b7a04b65023ffc59_quad_chunks/outputs/chunk_000_quad_extract_work/chunk_000_quad_pml_repaired.obj
  cross field  : /root/SemanPartMesh/compare_8d46740c472f9d36b7a04b65023ffc59_ns3000_20260508_184014/pipeline/quad_meshes/8d46740c472f9d36b7a04b65023ffc59_quad_chunks/outputs/chunk_000_quad_extract_work/chunk_000_quad_pml_repaired_cf.txt
  output       : /root/SemanPartMesh/compare_8d46740c472f9d36b7a04b65023ffc59_ns3000_20260508_184014/pipeline/quad_meshes/8d46740c472f9d36b7a04b65023ffc59_quad_chunks/outputs/chunk_000_quad_extract_work/chunk_000_quad_gs8.obj
  gradient_size: 8.0  timeout: 1800s  [stiff=50.0 dr=0 it=5]

  FAILED: Command '['/root/SemanPartMesh/quad_extract/build/extract_quad_mesh', '/root/SemanPartMesh/compare_8d46740c472f9d36b7a04b65023ffc59_ns3000_20260508_184014/pipeline/quad_meshes/8d46740c472f9d36b7a04b65023ffc59_quad_chunks/outputs/chunk_000_quad_extract_work/chunk_000_quad_pml_repaired.obj', '/root/SemanPartMesh/compare_8d46740c472f9d36b7a04b65023ffc59_ns3000_20260508_184014/pipeline/quad_meshes/8d46740c472f9d36b7a04b65023ffc59_quad_chunks/outputs/chunk_000_quad_extract_work/chunk_000_quad_pml_repaired_cf.txt', '/root/SemanPartMesh/compare_8d46740c472f9d36b7a04b65023ffc59_ns3000_20260508_184014/pipeline/quad_meshes/8d46740c472f9d36b7a04b65023ffc59_quad_chunks/outputs/chunk_000_quad_extract_work/chunk_000_quad_gs8.obj', '8.0', '50.0', '0', '5', '5']' returned non-zero exit status 1.
  binary       : /root/SemanPartMesh/quad_extract/build/extract_quad_mesh
  input mesh   : /root/SemanPartMesh/compare_8d46740c472f9d36b7a04b65023ffc59_ns3000_20260508_184014/pipeline/quad_meshes/8d46740c472f9d36b7a04b65023ffc59_quad_chunks/outputs/chunk_000_quad_extract_work/chunk_000_quad_pml_repaired.obj
  cross field  : /root/SemanPartMesh/compare_8d46740c472f9d36b7a04b65023ffc59_ns3000_20260508_184014/pipeline/quad_meshes/8d46740c472f9d36b7a04b65023ffc59_quad_chunks/outputs/chunk_000_quad_extract_work/chunk_000_quad_pml_repaired_cf.txt
  output       : /root/SemanPartMesh/compare_8d46740c472f9d36b7a04b65023ffc59_ns3000_20260508_184014/pipeline/quad_meshes/8d46740c472f9d36b7a04b65023ffc59_quad_chunks/outputs/chunk_000_quad_extract_work/chunk_000_quad_gs8.obj
  gradient_size: 8.0  timeout: 1800s  [stiff=5.0 dr=1 it=5]

  FAILED: Command '['/root/SemanPartMesh/quad_extract/build/extract_quad_mesh', '/root/SemanPartMesh/compare_8d46740c472f9d36b7a04b65023ffc59_ns3000_20260508_184014/pipeline/quad_meshes/8d46740c472f9d36b7a04b65023ffc59_quad_chunks/outputs/chunk_000_quad_extract_work/chunk_000_quad_pml_repaired.obj', '/root/SemanPartMesh/compare_8d46740c472f9d36b7a04b65023ffc59_ns3000_20260508_184014/pipeline/quad_meshes/8d46740c472f9d36b7a04b65023ffc59_quad_chunks/outputs/chunk_000_quad_extract_work/chunk_000_quad_pml_repaired_cf.txt', '/root/SemanPartMesh/compare_8d46740c472f9d36b7a04b65023ffc59_ns3000_20260508_184014/pipeline/quad_meshes/8d46740c472f9d36b7a04b65023ffc59_quad_chunks/outputs/chunk_000_quad_extract_work/chunk_000_quad_gs8.obj', '8.0', '5.0', '1', '5', '5']' returned non-zero exit status 1.
  binary       : /root/SemanPartMesh/quad_extract/build/extract_quad_mesh
  input mesh   : /root/SemanPartMesh/compare_8d46740c472f9d36b7a04b65023ffc59_ns3000_20260508_184014/pipeline/quad_meshes/8d46740c472f9d36b7a04b65023ffc59_quad_chunks/outputs/chunk_000_quad_extract_work/chunk_000_quad_pml_repaired.obj
  cross field  : /root/SemanPartMesh/compare_8d46740c472f9d36b7a04b65023ffc59_ns3000_20260508_184014/pipeline/quad_meshes/8d46740c472f9d36b7a04b65023ffc59_quad_chunks/outputs/chunk_000_quad_extract_work/chunk_000_quad_pml_repaired_cf.txt
  output       : /root/SemanPartMesh/compare_8d46740c472f9d36b7a04b65023ffc59_ns3000_20260508_184014/pipeline/quad_meshes/8d46740c472f9d36b7a04b65023ffc59_quad_chunks/outputs/chunk_000_quad_extract_work/chunk_000_quad_gs8.obj
  gradient_size: 8.0  timeout: 1800s  [stiff=50.0 dr=1 it=5]

  FAILED: Command '['/root/SemanPartMesh/quad_extract/build/extract_quad_mesh', '/root/SemanPartMesh/compare_8d46740c472f9d36b7a04b65023ffc59_ns3000_20260508_184014/pipeline/quad_meshes/8d46740c472f9d36b7a04b65023ffc59_quad_chunks/outputs/chunk_000_quad_extract_work/chunk_000_quad_pml_repaired.obj', '/root/SemanPartMesh/compare_8d46740c472f9d36b7a04b65023ffc59_ns3000_20260508_184014/pipeline/quad_meshes/8d46740c472f9d36b7a04b65023ffc59_quad_chunks/outputs/chunk_000_quad_extract_work/chunk_000_quad_pml_repaired_cf.txt', '/root/SemanPartMesh/compare_8d46740c472f9d36b7a04b65023ffc59_ns3000_20260508_184014/pipeline/quad_meshes/8d46740c472f9d36b7a04b65023ffc59_quad_chunks/outputs/chunk_000_quad_extract_work/chunk_000_quad_gs8.obj', '8.0', '50.0', '1', '5', '5']' returned non-zero exit status 1.
  binary       : /root/SemanPartMesh/quad_extract/build/extract_quad_mesh
  input mesh   : /root/SemanPartMesh/compare_8d46740c472f9d36b7a04b65023ffc59_ns3000_20260508_184014/pipeline/quad_meshes/8d46740c472f9d36b7a04b65023ffc59_quad_chunks/outputs/chunk_000_quad_extract_work/chunk_000_quad_pml_repaired.obj
  cross field  : /root/SemanPartMesh/compare_8d46740c472f9d36b7a04b65023ffc59_ns3000_20260508_184014/pipeline/quad_meshes/8d46740c472f9d36b7a04b65023ffc59_quad_chunks/outputs/chunk_000_quad_extract_work/chunk_000_quad_pml_repaired_cf.txt[1/4] Loading mesh: /root/SemanPartMesh/compare_8d46740c472f9d36b7a04b65023ffc59_ns3000_20260508_184014/pipeline/quad_meshes/8d46740c472f9d36b7a04b65023ffc59_quad_chunks/outputs/chunk_000_quad_extract_work/chunk_000_quad_pml_repaired.obj
       V=1268 F=2534
[2/4] Loading cross field: /root/SemanPartMesh/compare_8d46740c472f9d36b7a04b65023ffc59_ns3000_20260508_184014/pipeline/quad_meshes/8d46740c472f9d36b7a04b65023ffc59_quad_chunks/outputs/chunk_000_quad_extract_work/chunk_000_quad_pml_repaired_cf.txt
       cross field rows=2534
[3/4] Running MIQ parameterization (gradient_size=8, stiffness=200, iters=3)...

 INITIALIZED SPARSE MATRIX OF 3314d x 3314d 

 INITIALIZED SPARSE MATRIX OF 1096d x 3632d 

 INITIALIZED VECTOR OF 3314d x 1 

 INITIALIZED VECTOR OF 1096d x 1 
Initital dimension: 3632 x 3632, number of constraints: 1096, number of integer variables: 538, use reordering: yes
make_constraints_independent took 0.0067270000000000003 s.
Constraint integration took 0.037456000000000003 s.
Constraint elimination took 0.014042000000000001 s.
Reindexing took 0.00028700000000000004 s.
eliminate_constraints took 0.051971000000000003 s.
Eliminated dimension: 2536 x 2536
#nonzeros: 121233
integer variables #: 220
continuous variables #: 2316
CHOLMOD warning: matrix not positive definite. file: ./CHOLMOD/Supernodal/t_cholmod_super_numeric_worker.c line: 1090
CHOLMOD warning: not positive definite. file: ./CHOLMOD/Cholesky/t_cholmod_rowfac_worker.c line: 433
solve took 0.017904 s.
restore_eliminated_vars took 0.00069000000000000008 s.
solve took 0.078073000000000004 s.
ITERATION 0 FLIPS 0 
**** END OPTIMIZING #FLIPS 0  ****
       UV=1657 FUV=2534
Invalid MIQ output: UV=1657x2 FUV=2534x3

 Closed: Fri May 08 18:59:34 2026

[1/4] Loading mesh: /root/SemanPartMesh/compare_8d46740c472f9d36b7a04b65023ffc59_ns3000_20260508_184014/pipeline/quad_meshes/8d46740c472f9d36b7a04b65023ffc59_quad_chunks/outputs/chunk_000_quad_extract_work/chunk_000_quad_pml_repaired.obj
       V=1268 F=2534
[2/4] Loading cross field: /root/SemanPartMesh/compare_8d46740c472f9d36b7a04b65023ffc59_ns3000_20260508_184014/pipeline/quad_meshes/8d46740c472f9d36b7a04b65023ffc59_quad_chunks/outputs/chunk_000_quad_extract_work/chunk_000_quad_pml_repaired_cf.txt
       cross field rows=2534
[3/4] Running MIQ parameterization (gradient_size=12, stiffness=5, iters=5)...

 INITIALIZED SPARSE MATRIX OF 3314d x 3314d 

 INITIALIZED SPARSE MATRIX OF 1096d x 3632d 

 INITIALIZED VECTOR OF 3314d x 1 

 INITIALIZED VECTOR OF 1096d x 1 
Initital dimension: 3632 x 3632, number of constraints: 1096, number of integer variables: 538, use reordering: yes
make_constraints_independent took 0.0067060000000000002 s.
Constraint integration took 0.036537000000000035 s.
Constraint elimination took 0.013951999999999999 s.
Reindexing took 0.00028200000000000002 s.
eliminate_constraints took 0.050936000000000037 s.
Eliminated dimension: 2536 x 2536
#nonzeros: 121233
integer variables #: 220
continuous variables #: 2316
initial full solution
CHOLMOD warning: matrix not positive definite. file: ./CHOLMOD/Supernodal/t_cholmod_super_numeric_worker.c line: 1090
final full solution
CHOLMOD warning: matrix not positive definite. file: ./CHOLMOD/Supernodal/t_cholmod_super_numeric_worker.c line: 1090
 *** Statistics of MiSo Solver ***
Number of LOCAL iterations  = 220
Number of CG    iterations  = 220
Number of FULL  iterations  = 2
Number of ROUNDING          = 220
solve_multiple_rounding took 0.51988500000000004 s.
solve took 0.51999800000000007 s.
restore_eliminated_vars took 0.00067500000000000004 s.
solve took 0.57908799999999994 s.
ITERATION 0 FLIPS 0 
**** END OPTIMIZING #FLIPS 0  ****
       UV=1657 FUV=2534
Invalid MIQ output: UV=1657x2 FUV=2534x3

 Closed: Fri May 08 18:59:35 2026

[1/4] Loading mesh: /root/SemanPartMesh/compare_8d46740c472f9d36b7a04b65023ffc59_ns3000_20260508_184014/pipeline/quad_meshes/8d46740c472f9d36b7a04b65023ffc59_quad_chunks/outputs/chunk_000_quad_extract_work/chunk_000_quad_pml_repaired.obj
       V=1268 F=2534
[2/4] Loading cross field: /root/SemanPartMesh/compare_8d46740c472f9d36b7a04b65023ffc59_ns3000_20260508_184014/pipeline/quad_meshes/8d46740c472f9d36b7a04b65023ffc59_quad_chunks/outputs/chunk_000_quad_extract_work/chunk_000_quad_pml_repaired_cf.txt
       cross field rows=2534
[3/4] Running MIQ parameterization (gradient_size=12, stiffness=50, iters=5)...

 INITIALIZED SPARSE MATRIX OF 3314d x 3314d 

 INITIALIZED SPARSE MATRIX OF 1096d x 3632d 

 INITIALIZED VECTOR OF 3314d x 1 

 INITIALIZED VECTOR OF 1096d x 1 
Initital dimension: 3632 x 3632, number of constraints: 1096, number of integer variables: 538, use reordering: yes
make_constraints_independent took 0.0067239999999999999 s.
Constraint integration took 0.036686000000000003 s.
Constraint elimination took 0.014099 s.
Reindexing took 0.00028100000000000005 s.
eliminate_constraints took 0.051182999999999999 s.
Eliminated dimension: 2536 x 2536
#nonzeros: 121233
integer variables #: 220
continuous variables #: 2316
initial full solution
CHOLMOD warning: matrix not positive definite. file: ./CHOLMOD/Supernodal/t_cholmod_super_numeric_worker.c line: 1090
final full solution
CHOLMOD warning: matrix not positive definite. file: ./CHOLMOD/Supernodal/t_cholmod_super_numeric_worker.c line: 1090
 *** Statistics of MiSo Solver ***
Number of LOCAL iterations  = 220
Number of CG    iterations  = 220
Number of FULL  iterations  = 2
Number of ROUNDING          = 220
solve_multiple_rounding took 0.508544 s.
solve took 0.50864399999999999 s.
restore_eliminated_vars took 0.00066100000000000002 s.
solve took 0.56793899999999997 s.
ITERATION 0 FLIPS 0 
**** END OPTIMIZING #FLIPS 0  ****
       UV=1657 FUV=2534
Invalid MIQ output: UV=1657x2 FUV=2534x3

 Closed: Fri May 08 18:59:36 2026

[1/4] Loading mesh: /root/SemanPartMesh/compare_8d46740c472f9d36b7a04b65023ffc59_ns3000_20260508_184014/pipeline/quad_meshes/8d46740c472f9d36b7a04b65023ffc59_quad_chunks/outputs/chunk_000_quad_extract_work/chunk_000_quad_pml_repaired.obj
       V=1268 F=2534
[2/4] Loading cross field: /root/SemanPartMesh/compare_8d46740c472f9d36b7a04b65023ffc59_ns3000_20260508_184014/pipeline/quad_meshes/8d46740c472f9d36b7a04b65023ffc59_quad_chunks/outputs/chunk_000_quad_extract_work/chunk_000_quad_pml_repaired_cf.txt
       cross field rows=2534
[3/4] Running MIQ parameterization (gradient_size=12, stiffness=5, iters=5)...

 INITIALIZED SPARSE MATRIX OF 3314d x 3314d 

 INITIALIZED SPARSE MATRIX OF 1096d x 3632d 

 INITIALIZED VECTOR OF 3314d x 1 

 INITIALIZED VECTOR OF 1096d x 1 
Initital dimension: 3632 x 3632, number of constraints: 1096, number of integer variables: 538, use reordering: yes
make_constraints_independent took 0.0066400000000000009 s.
Constraint integration took 0.037448000000000002 s.
Constraint elimination took 0.013989000000000001 s.
Reindexing took 0.00028400000000000002 s.
eliminate_constraints took 0.051886000000000002 s.
Eliminated dimension: 2536 x 2536
#nonzeros: 121233
integer variables #: 220
continuous variables #: 2316
CHOLMOD warning: matrix not positive definite. file: ./CHOLMOD/Supernodal/t_cholmod_super_numeric_worker.c line: 1090
CHOLMOD warning: not positive definite. file: ./CHOLMOD/Cholesky/t_cholmod_rowfac_worker.c line: 433
solve took 0.017616 s.
restore_eliminated_vars took 0.00064000000000000005 s.
solve took 0.077462000000000003 s.
ITERATION 0 FLIPS 0 
**** END OPTIMIZING #FLIPS 0  ****
       UV=1657 FUV=2534
Invalid MIQ output: UV=1657x2 FUV=2534x3

 Closed: Fri May 08 18:59:36 2026

[1/4] Loading mesh: /root/SemanPartMesh/compare_8d46740c472f9d36b7a04b65023ffc59_ns3000_20260508_184014/pipeline/quad_meshes/8d46740c472f9d36b7a04b65023ffc59_quad_chunks/outputs/chunk_000_quad_extract_work/chunk_000_quad_pml_repaired.obj
       V=1268 F=2534
[2/4] Loading cross field: /root/SemanPartMesh/compare_8d46740c472f9d36b7a04b65023ffc59_ns3000_20260508_184014/pipeline/quad_meshes/8d46740c472f9d36b7a04b65023ffc59_quad_chunks/outputs/chunk_000_quad_extract_work/chunk_000_quad_pml_repaired_cf.txt
       cross field rows=2534
[3/4] Running MIQ parameterization (gradient_size=12, stiffness=50, iters=5)...

 INITIALIZED SPARSE MATRIX OF 3314d x 3314d 

 INITIALIZED SPARSE MATRIX OF 1096d x 3632d 

 INITIALIZED VECTOR OF 3314d x 1 

 INITIALIZED VECTOR OF 1096d x 1 
Initital dimension: 3632 x 3632, number of constraints: 1096, number of integer variables: 538, use reordering: yes
make_constraints_independent took 0.0067810000000000006 s.
Constraint integration took 0.037090999999999999 s.
Constraint elimination took 0.013832000000000001 s.
Reindexing took 0.00030499999999999999 s.
eliminate_constraints took 0.051376999999999999 s.
Eliminated dimension: 2536 x 2536
#nonzeros: 121233
integer variables #: 220
continuous variables #: 2316
CHOLMOD warning: matrix not positive definite. file: ./CHOLMOD/Supernodal/t_cholmod_super_numeric_worker.c line: 1090
CHOLMOD warning: not positive definite. file: ./CHOLMOD/Cholesky/t_cholmod_rowfac_worker.c line: 433
solve took 0.017760000000000001 s.
restore_eliminated_vars took 0.00064400000000000004 s.
solve took 0.077299999999999994 s.
ITERATION 0 FLIPS 0 
**** END OPTIMIZING #FLIPS 0  ****
       UV=1657 FUV=2534
Invalid MIQ output: UV=1657x2 FUV=2534x3

 Closed: Fri May 08 18:59:36 2026


  output       : /root/SemanPartMesh/compare_8d46740c472f9d36b7a04b65023ffc59_ns3000_20260508_184014/pipeline/quad_meshes/8d46740c472f9d36b7a04b65023ffc59_quad_chunks/outputs/chunk_000_quad_extract_work/chunk_000_quad_gs8.obj
  gradient_size: 8.0  timeout: 1800s  [stiff=200.0 dr=1 it=3]

  FAILED: Command '['/root/SemanPartMesh/quad_extract/build/extract_quad_mesh', '/root/SemanPartMesh/compare_8d46740c472f9d36b7a04b65023ffc59_ns3000_20260508_184014/pipeline/quad_meshes/8d46740c472f9d36b7a04b65023ffc59_quad_chunks/outputs/chunk_000_quad_extract_work/chunk_000_quad_pml_repaired.obj', '/root/SemanPartMesh/compare_8d46740c472f9d36b7a04b65023ffc59_ns3000_20260508_184014/pipeline/quad_meshes/8d46740c472f9d36b7a04b65023ffc59_quad_chunks/outputs/chunk_000_quad_extract_work/chunk_000_quad_pml_repaired_cf.txt', '/root/SemanPartMesh/compare_8d46740c472f9d36b7a04b65023ffc59_ns3000_20260508_184014/pipeline/quad_meshes/8d46740c472f9d36b7a04b65023ffc59_quad_chunks/outputs/chunk_000_quad_extract_work/chunk_000_quad_gs8.obj', '8.0', '200.0', '1', '3', '5']' returned non-zero exit status 1.
  FAILED: extraction failed for gs=8.0

[Auto Sweep] Trying gradient_size=12.0
  binary       : /root/SemanPartMesh/quad_extract/build/extract_quad_mesh
  input mesh   : /root/SemanPartMesh/compare_8d46740c472f9d36b7a04b65023ffc59_ns3000_20260508_184014/pipeline/quad_meshes/8d46740c472f9d36b7a04b65023ffc59_quad_chunks/outputs/chunk_000_quad_extract_work/chunk_000_quad_pml_repaired.obj
  cross field  : /root/SemanPartMesh/compare_8d46740c472f9d36b7a04b65023ffc59_ns3000_20260508_184014/pipeline/quad_meshes/8d46740c472f9d36b7a04b65023ffc59_quad_chunks/outputs/chunk_000_quad_extract_work/chunk_000_quad_pml_repaired_cf.txt
  output       : /root/SemanPartMesh/compare_8d46740c472f9d36b7a04b65023ffc59_ns3000_20260508_184014/pipeline/quad_meshes/8d46740c472f9d36b7a04b65023ffc59_quad_chunks/outputs/chunk_000_quad_extract_work/chunk_000_quad_gs12.obj
  gradient_size: 12.0  timeout: 1800s

  FAILED: Command '['/root/SemanPartMesh/quad_extract/build/extract_quad_mesh', '/root/SemanPartMesh/compare_8d46740c472f9d36b7a04b65023ffc59_ns3000_20260508_184014/pipeline/quad_meshes/8d46740c472f9d36b7a04b65023ffc59_quad_chunks/outputs/chunk_000_quad_extract_work/chunk_000_quad_pml_repaired.obj', '/root/SemanPartMesh/compare_8d46740c472f9d36b7a04b65023ffc59_ns3000_20260508_184014/pipeline/quad_meshes/8d46740c472f9d36b7a04b65023ffc59_quad_chunks/outputs/chunk_000_quad_extract_work/chunk_000_quad_pml_repaired_cf.txt', '/root/SemanPartMesh/compare_8d46740c472f9d36b7a04b65023ffc59_ns3000_20260508_184014/pipeline/quad_meshes/8d46740c472f9d36b7a04b65023ffc59_quad_chunks/outputs/chunk_000_quad_extract_work/chunk_000_quad_gs12.obj', '12.0', '5.0', '0', '5', '5']' returned non-zero exit status 1.
  binary       : /root/SemanPartMesh/quad_extract/build/extract_quad_mesh
  input mesh   : /root/SemanPartMesh/compare_8d46740c472f9d36b7a04b65023ffc59_ns3000_20260508_184014/pipeline/quad_meshes/8d46740c472f9d36b7a04b65023ffc59_quad_chunks/outputs/chunk_000_quad_extract_work/chunk_000_quad_pml_repaired.obj
  cross field  : /root/SemanPartMesh/compare_8d46740c472f9d36b7a04b65023ffc59_ns3000_20260508_184014/pipeline/quad_meshes/8d46740c472f9d36b7a04b65023ffc59_quad_chunks/outputs/chunk_000_quad_extract_work/chunk_000_quad_pml_repaired_cf.txt
  output       : /root/SemanPartMesh/compare_8d46740c472f9d36b7a04b65023ffc59_ns3000_20260508_184014/pipeline/quad_meshes/8d46740c472f9d36b7a04b65023ffc59_quad_chunks/outputs/chunk_000_quad_extract_work/chunk_000_quad_gs12.obj
  gradient_size: 12.0  timeout: 1800s  [stiff=50.0 dr=0 it=5]

  FAILED: Command '['/root/SemanPartMesh/quad_extract/build/extract_quad_mesh', '/root/SemanPartMesh/compare_8d46740c472f9d36b7a04b65023ffc59_ns3000_20260508_184014/pipeline/quad_meshes/8d46740c472f9d36b7a04b65023ffc59_quad_chunks/outputs/chunk_000_quad_extract_work/chunk_000_quad_pml_repaired.obj', '/root/SemanPartMesh/compare_8d46740c472f9d36b7a04b65023ffc59_ns3000_20260508_184014/pipeline/quad_meshes/8d46740c472f9d36b7a04b65023ffc59_quad_chunks/outputs/chunk_000_quad_extract_work/chunk_000_quad_pml_repaired_cf.txt', '/root/SemanPartMesh/compare_8d46740c472f9d36b7a04b65023ffc59_ns3000_20260508_184014/pipeline/quad_meshes/8d46740c472f9d36b7a04b65023ffc59_quad_chunks/outputs/chunk_000_quad_extract_work/chunk_000_quad_gs12.obj', '12.0', '50.0', '0', '5', '5']' returned non-zero exit status 1.
  binary       : /root/SemanPartMesh/quad_extract/build/extract_quad_mesh
  input mesh   : /root/SemanPartMesh/compare_8d46740c472f9d36b7a04b65023ffc59_ns3000_20260508_184014/pipeline/quad_meshes/8d46740c472f9d36b7a04b65023ffc59_quad_chunks/outputs/chunk_000_quad_extract_work/chunk_000_quad_pml_repaired.obj
  cross field  : /root/SemanPartMesh/compare_8d46740c472f9d36b7a04b65023ffc59_ns3000_20260508_184014/pipeline/quad_meshes/8d46740c472f9d36b7a04b65023ffc59_quad_chunks/outputs/chunk_000_quad_extract_work/chunk_000_quad_pml_repaired_cf.txt
  output       : /root/SemanPartMesh/compare_8d46740c472f9d36b7a04b65023ffc59_ns3000_20260508_184014/pipeline/quad_meshes/8d46740c472f9d36b7a04b65023ffc59_quad_chunks/outputs/chunk_000_quad_extract_work/chunk_000_quad_gs12.obj
  gradient_size: 12.0  timeout: 1800s  [stiff=5.0 dr=1 it=5]

  FAILED: Command '['/root/SemanPartMesh/quad_extract/build/extract_quad_mesh', '/root/SemanPartMesh/compare_8d46740c472f9d36b7a04b65023ffc59_ns3000_20260508_184014/pipeline/quad_meshes/8d46740c472f9d36b7a04b65023ffc59_quad_chunks/outputs/chunk_000_quad_extract_work/chunk_000_quad_pml_repaired.obj', '/root/SemanPartMesh/compare_8d46740c472f9d36b7a04b65023ffc59_ns3000_20260508_184014/pipeline/quad_meshes/8d46740c472f9d36b7a04b65023ffc59_quad_chunks/outputs/chunk_000_quad_extract_work/chunk_000_quad_pml_repaired_cf.txt', '/root/SemanPartMesh/compare_8d46740c472f9d36b7a04b65023ffc59_ns3000_20260508_184014/pipeline/quad_meshes/8d46740c472f9d36b7a04b65023ffc59_quad_chunks/outputs/chunk_000_quad_extract_work/chunk_000_quad_gs12.obj', '12.0', '5.0', '1', '5', '5']' returned non-zero exit status 1.
  binary       : /root/SemanPartMesh/quad_extract/build/extract_quad_mesh
  input mesh   : /root/SemanPartMesh/compare_8d46740c472f9d36b7a04b65023ffc59_ns3000_20260508_184014/pipeline/quad_meshes/8d46740c472f9d36b7a04b65023ffc59_quad_chunks/outputs/chunk_000_quad_extract_work/chunk_000_quad_pml_repaired.obj
  cross field  : /root/SemanPartMesh/compare_8d46740c472f9d36b7a04b65023ffc59_ns3000_20260508_184014/pipeline/quad_meshes/8d46740c472f9d36b7a04b65023ffc59_quad_chunks/outputs/chunk_000_quad_extract_work/chunk_000_quad_pml_repaired_cf.txt
  output       : /root/SemanPartMesh/compare_8d46740c472f9d36b7a04b65023ffc59_ns3000_20260508_184014/pipeline/quad_meshes/8d46740c472f9d36b7a04b65023ffc59_quad_chunks/outputs/chunk_000_quad_extract_work/chunk_000_quad_gs12.obj
  gradient_size: 12.0  timeout: 1800s  [stiff=50.0 dr=1 it=5]

  FAILED: Command '['/root/SemanPartMesh/quad_extract/build/extract_quad_mesh', '/root/SemanPartMesh/compare_8d46740c472f9d36b7a04b65023ffc59_ns3000_20260508_184014/pipeline/quad_meshes/8d46740c472f9d36b7a04b65023ffc59_quad_chunks/outputs/chunk_000_quad_extract_work/chunk_000_quad_pml_repaired.obj', '/root/SemanPartMesh/compare_8d46740c472f9d36b7a04b65023ffc59_ns3000_20260508_184014/pipeline/quad_meshes/8d46740c472f9d36b7a04b65023ffc59_quad_chunks/outputs/chunk_000_quad_extract_work/chunk_000_quad_pml_repaired_cf.txt', '/root/SemanPartMesh/compare_8d46740c472f9d36b7a04b65023ffc59_ns3000_20260508_184014/pipeline/quad_meshes/8d46740c472f9d36b7a04b65023ffc59_quad_chunks/outputs/chunk_000_quad_extract_work/chunk_000_quad_gs12.obj', '12.0', '50.0', '1', '5', '5']' returned non-zero exit status 1.
  binary       : /root/SemanPartMesh/quad_extract/build/extract_quad_mesh
  input mesh   : /root/SemanPartMesh/compare_8d46740c472f9d36b7a04b65023ffc59_ns3000_20260508_184014/pipeline/quad_meshes/8d46740c472f9d36b7a04b65023ffc59_quad_chunks/outputs/chunk_000_quad_extract_work/chunk_000_quad_pml_repaired.obj
  cross field  : /root/SemanPartMesh/compare_8d46740c472f9d36b7a04b65023ffc59_ns3000_20260508_184014/pipeline/quad_meshes/8d46740c472f9d36b7a04b65023ffc59_quad_chunks/outputs/chunk_000_quad_extract_work/chunk_000_quad_pml_repaired_cf.txt[1/4] Loading mesh: /root/SemanPartMesh/compare_8d46740c472f9d36b7a04b65023ffc59_ns3000_20260508_184014/pipeline/quad_meshes/8d46740c472f9d36b7a04b65023ffc59_quad_chunks/outputs/chunk_000_quad_extract_work/chunk_000_quad_pml_repaired.obj
       V=1268 F=2534
[2/4] Loading cross field: /root/SemanPartMesh/compare_8d46740c472f9d36b7a04b65023ffc59_ns3000_20260508_184014/pipeline/quad_meshes/8d46740c472f9d36b7a04b65023ffc59_quad_chunks/outputs/chunk_000_quad_extract_work/chunk_000_quad_pml_repaired_cf.txt
       cross field rows=2534
[3/4] Running MIQ parameterization (gradient_size=12, stiffness=200, iters=3)...

 INITIALIZED SPARSE MATRIX OF 3314d x 3314d 

 INITIALIZED SPARSE MATRIX OF 1096d x 3632d 

 INITIALIZED VECTOR OF 3314d x 1 

 INITIALIZED VECTOR OF 1096d x 1 
Initital dimension: 3632 x 3632, number of constraints: 1096, number of integer variables: 538, use reordering: yes
make_constraints_independent took 0.0073010000000000002 s.
Constraint integration took 0.037926000000000001 s.
Constraint elimination took 0.013881000000000001 s.
Reindexing took 0.00027900000000000001 s.
eliminate_constraints took 0.052252 s.
Eliminated dimension: 2536 x 2536
#nonzeros: 121233
integer variables #: 220
continuous variables #: 2316
CHOLMOD warning: matrix not positive definite. file: ./CHOLMOD/Supernodal/t_cholmod_super_numeric_worker.c line: 1090
CHOLMOD warning: not positive definite. file: ./CHOLMOD/Cholesky/t_cholmod_rowfac_worker.c line: 433
solve took 0.017666000000000001 s.
restore_eliminated_vars took 0.00064400000000000004 s.
solve took 0.078531999999999991 s.
ITERATION 0 FLIPS 0 
**** END OPTIMIZING #FLIPS 0  ****
       UV=1657 FUV=2534
Invalid MIQ output: UV=1657x2 FUV=2534x3

 Closed: Fri May 08 18:59:37 2026

[1/4] Loading mesh: /root/SemanPartMesh/compare_8d46740c472f9d36b7a04b65023ffc59_ns3000_20260508_184014/pipeline/quad_meshes/8d46740c472f9d36b7a04b65023ffc59_quad_chunks/outputs/chunk_000_quad_extract_work/chunk_000_quad_pml_repaired.obj
       V=1268 F=2534
[2/4] Loading cross field: /root/SemanPartMesh/compare_8d46740c472f9d36b7a04b65023ffc59_ns3000_20260508_184014/pipeline/quad_meshes/8d46740c472f9d36b7a04b65023ffc59_quad_chunks/outputs/chunk_000_quad_extract_work/chunk_000_quad_pml_repaired_cf.txt
       cross field rows=2534
[3/4] Running MIQ parameterization (gradient_size=16, stiffness=5, iters=5)...

 INITIALIZED SPARSE MATRIX OF 3314d x 3314d 

 INITIALIZED SPARSE MATRIX OF 1096d x 3632d 

 INITIALIZED VECTOR OF 3314d x 1 

 INITIALIZED VECTOR OF 1096d x 1 
Initital dimension: 3632 x 3632, number of constraints: 1096, number of integer variables: 538, use reordering: yes
make_constraints_independent took 0.0067010000000000004 s.
Constraint integration took 0.037200000000000004 s.
Constraint elimination took 0.013950000000000001 s.
Reindexing took 0.00027700000000000001 s.
eliminate_constraints took 0.051561999999999997 s.
Eliminated dimension: 2536 x 2536
#nonzeros: 121233
integer variables #: 220
continuous variables #: 2316
initial full solution
CHOLMOD warning: matrix not positive definite. file: ./CHOLMOD/Supernodal/t_cholmod_super_numeric_worker.c line: 1090
final full solution
CHOLMOD warning: matrix not positive definite. file: ./CHOLMOD/Supernodal/t_cholmod_super_numeric_worker.c line: 1090
 *** Statistics of MiSo Solver ***
Number of LOCAL iterations  = 220
Number of CG    iterations  = 220
Number of FULL  iterations  = 2
Number of ROUNDING          = 220
solve_multiple_rounding took 0.51688099999999992 s.
solve took 0.51699600000000001 s.
restore_eliminated_vars took 0.00064300000000000002 s.
solve took 0.57666499999999998 s.
ITERATION 0 FLIPS 0 
**** END OPTIMIZING #FLIPS 0  ****
       UV=1657 FUV=2534
Invalid MIQ output: UV=1657x2 FUV=2534x3

 Closed: Fri May 08 18:59:37 2026

[1/4] Loading mesh: /root/SemanPartMesh/compare_8d46740c472f9d36b7a04b65023ffc59_ns3000_20260508_184014/pipeline/quad_meshes/8d46740c472f9d36b7a04b65023ffc59_quad_chunks/outputs/chunk_000_quad_extract_work/chunk_000_quad_pml_repaired.obj
       V=1268 F=2534
[2/4] Loading cross field: /root/SemanPartMesh/compare_8d46740c472f9d36b7a04b65023ffc59_ns3000_20260508_184014/pipeline/quad_meshes/8d46740c472f9d36b7a04b65023ffc59_quad_chunks/outputs/chunk_000_quad_extract_work/chunk_000_quad_pml_repaired_cf.txt
       cross field rows=2534
[3/4] Running MIQ parameterization (gradient_size=16, stiffness=50, iters=5)...

 INITIALIZED SPARSE MATRIX OF 3314d x 3314d 

 INITIALIZED SPARSE MATRIX OF 1096d x 3632d 

 INITIALIZED VECTOR OF 3314d x 1 

 INITIALIZED VECTOR OF 1096d x 1 
Initital dimension: 3632 x 3632, number of constraints: 1096, number of integer variables: 538, use reordering: yes
make_constraints_independent took 0.0066930000000000002 s.
Constraint integration took 0.037268000000000003 s.
Constraint elimination took 0.014192 s.
Reindexing took 0.00029 s.
eliminate_constraints took 0.051895000000000004 s.
Eliminated dimension: 2536 x 2536
#nonzeros: 121233
integer variables #: 220
continuous variables #: 2316
initial full solution
CHOLMOD warning: matrix not positive definite. file: ./CHOLMOD/Supernodal/t_cholmod_super_numeric_worker.c line: 1090
final full solution
CHOLMOD warning: matrix not positive definite. file: ./CHOLMOD/Supernodal/t_cholmod_super_numeric_worker.c line: 1090
 *** Statistics of MiSo Solver ***
Number of LOCAL iterations  = 220
Number of CG    iterations  = 220
Number of FULL  iterations  = 2
Number of ROUNDING          = 220
solve_multiple_rounding took 0.51665300000000003 s.
solve took 0.51677600000000001 s.
restore_eliminated_vars took 0.00067100000000000005 s.
solve took 0.576847 s.
ITERATION 0 FLIPS 0 
**** END OPTIMIZING #FLIPS 0  ****
       UV=1657 FUV=2534
Invalid MIQ output: UV=1657x2 FUV=2534x3

 Closed: Fri May 08 18:59:38 2026

[1/4] Loading mesh: /root/SemanPartMesh/compare_8d46740c472f9d36b7a04b65023ffc59_ns3000_20260508_184014/pipeline/quad_meshes/8d46740c472f9d36b7a04b65023ffc59_quad_chunks/outputs/chunk_000_quad_extract_work/chunk_000_quad_pml_repaired.obj
       V=1268 F=2534
[2/4] Loading cross field: /root/SemanPartMesh/compare_8d46740c472f9d36b7a04b65023ffc59_ns3000_20260508_184014/pipeline/quad_meshes/8d46740c472f9d36b7a04b65023ffc59_quad_chunks/outputs/chunk_000_quad_extract_work/chunk_000_quad_pml_repaired_cf.txt
       cross field rows=2534
[3/4] Running MIQ parameterization (gradient_size=16, stiffness=5, iters=5)...

 INITIALIZED SPARSE MATRIX OF 3314d x 3314d 

 INITIALIZED SPARSE MATRIX OF 1096d x 3632d 

 INITIALIZED VECTOR OF 3314d x 1 

 INITIALIZED VECTOR OF 1096d x 1 
Initital dimension: 3632 x 3632, number of constraints: 1096, number of integer variables: 538, use reordering: yes
make_constraints_independent took 0.0067350000000000005 s.
Constraint integration took 0.037288000000000009 s.
Constraint elimination took 0.013857000000000001 s.
Reindexing took 0.00029399999999999999 s.
eliminate_constraints took 0.051586000000000014 s.
Eliminated dimension: 2536 x 2536
#nonzeros: 121233
integer variables #: 220
continuous variables #: 2316
CHOLMOD warning: matrix not positive definite. file: ./CHOLMOD/Supernodal/t_cholmod_super_numeric_worker.c line: 1090
CHOLMOD warning: not positive definite. file: ./CHOLMOD/Cholesky/t_cholmod_rowfac_worker.c line: 433
solve took 0.017655999999999998 s.
restore_eliminated_vars took 0.00066399999999999999 s.
solve took 0.077538999999999983 s.
ITERATION 0 FLIPS 0 
**** END OPTIMIZING #FLIPS 0  ****
       UV=1657 FUV=2534
Invalid MIQ output: UV=1657x2 FUV=2534x3

 Closed: Fri May 08 18:59:39 2026

[1/4] Loading mesh: /root/SemanPartMesh/compare_8d46740c472f9d36b7a04b65023ffc59_ns3000_20260508_184014/pipeline/quad_meshes/8d46740c472f9d36b7a04b65023ffc59_quad_chunks/outputs/chunk_000_quad_extract_work/chunk_000_quad_pml_repaired.obj
       V=1268 F=2534
[2/4] Loading cross field: /root/SemanPartMesh/compare_8d46740c472f9d36b7a04b65023ffc59_ns3000_20260508_184014/pipeline/quad_meshes/8d46740c472f9d36b7a04b65023ffc59_quad_chunks/outputs/chunk_000_quad_extract_work/chunk_000_quad_pml_repaired_cf.txt
       cross field rows=2534
[3/4] Running MIQ parameterization (gradient_size=16, stiffness=50, iters=5)...

 INITIALIZED SPARSE MATRIX OF 3314d x 3314d 

 INITIALIZED SPARSE MATRIX OF 1096d x 3632d 

 INITIALIZED VECTOR OF 3314d x 1 

 INITIALIZED VECTOR OF 1096d x 1 
Initital dimension: 3632 x 3632, number of constraints: 1096, number of integer variables: 538, use reordering: yes
make_constraints_independent took 0.0067400000000000003 s.
Constraint integration took 0.037453 s.
Constraint elimination took 0.014204000000000001 s.
Reindexing took 0.00031100000000000002 s.
eliminate_constraints took 0.052125999999999999 s.
Eliminated dimension: 2536 x 2536
#nonzeros: 121233
integer variables #: 220
continuous variables #: 2316
CHOLMOD warning: matrix not positive definite. file: ./CHOLMOD/Supernodal/t_cholmod_super_numeric_worker.c line: 1090
CHOLMOD warning: not positive definite. file: ./CHOLMOD/Cholesky/t_cholmod_rowfac_worker.c line: 433
solve took 0.018741000000000001 s.
restore_eliminated_vars took 0.00071099999999999994 s.
solve took 0.079247999999999999 s.
ITERATION 0 FLIPS 0 
**** END OPTIMIZING #FLIPS 0  ****
       UV=1657 FUV=2534
Invalid MIQ output: UV=1657x2 FUV=2534x3

 Closed: Fri May 08 18:59:39 2026


  output       : /root/SemanPartMesh/compare_8d46740c472f9d36b7a04b65023ffc59_ns3000_20260508_184014/pipeline/quad_meshes/8d46740c472f9d36b7a04b65023ffc59_quad_chunks/outputs/chunk_000_quad_extract_work/chunk_000_quad_gs12.obj
  gradient_size: 12.0  timeout: 1800s  [stiff=200.0 dr=1 it=3]

  FAILED: Command '['/root/SemanPartMesh/quad_extract/build/extract_quad_mesh', '/root/SemanPartMesh/compare_8d46740c472f9d36b7a04b65023ffc59_ns3000_20260508_184014/pipeline/quad_meshes/8d46740c472f9d36b7a04b65023ffc59_quad_chunks/outputs/chunk_000_quad_extract_work/chunk_000_quad_pml_repaired.obj', '/root/SemanPartMesh/compare_8d46740c472f9d36b7a04b65023ffc59_ns3000_20260508_184014/pipeline/quad_meshes/8d46740c472f9d36b7a04b65023ffc59_quad_chunks/outputs/chunk_000_quad_extract_work/chunk_000_quad_pml_repaired_cf.txt', '/root/SemanPartMesh/compare_8d46740c472f9d36b7a04b65023ffc59_ns3000_20260508_184014/pipeline/quad_meshes/8d46740c472f9d36b7a04b65023ffc59_quad_chunks/outputs/chunk_000_quad_extract_work/chunk_000_quad_gs12.obj', '12.0', '200.0', '1', '3', '5']' returned non-zero exit status 1.
  FAILED: extraction failed for gs=12.0

[Auto Sweep] Trying gradient_size=16.0
  binary       : /root/SemanPartMesh/quad_extract/build/extract_quad_mesh
  input mesh   : /root/SemanPartMesh/compare_8d46740c472f9d36b7a04b65023ffc59_ns3000_20260508_184014/pipeline/quad_meshes/8d46740c472f9d36b7a04b65023ffc59_quad_chunks/outputs/chunk_000_quad_extract_work/chunk_000_quad_pml_repaired.obj
  cross field  : /root/SemanPartMesh/compare_8d46740c472f9d36b7a04b65023ffc59_ns3000_20260508_184014/pipeline/quad_meshes/8d46740c472f9d36b7a04b65023ffc59_quad_chunks/outputs/chunk_000_quad_extract_work/chunk_000_quad_pml_repaired_cf.txt
  output       : /root/SemanPartMesh/compare_8d46740c472f9d36b7a04b65023ffc59_ns3000_20260508_184014/pipeline/quad_meshes/8d46740c472f9d36b7a04b65023ffc59_quad_chunks/outputs/chunk_000_quad_extract_work/chunk_000_quad_gs16.obj
  gradient_size: 16.0  timeout: 1800s

  FAILED: Command '['/root/SemanPartMesh/quad_extract/build/extract_quad_mesh', '/root/SemanPartMesh/compare_8d46740c472f9d36b7a04b65023ffc59_ns3000_20260508_184014/pipeline/quad_meshes/8d46740c472f9d36b7a04b65023ffc59_quad_chunks/outputs/chunk_000_quad_extract_work/chunk_000_quad_pml_repaired.obj', '/root/SemanPartMesh/compare_8d46740c472f9d36b7a04b65023ffc59_ns3000_20260508_184014/pipeline/quad_meshes/8d46740c472f9d36b7a04b65023ffc59_quad_chunks/outputs/chunk_000_quad_extract_work/chunk_000_quad_pml_repaired_cf.txt', '/root/SemanPartMesh/compare_8d46740c472f9d36b7a04b65023ffc59_ns3000_20260508_184014/pipeline/quad_meshes/8d46740c472f9d36b7a04b65023ffc59_quad_chunks/outputs/chunk_000_quad_extract_work/chunk_000_quad_gs16.obj', '16.0', '5.0', '0', '5', '5']' returned non-zero exit status 1.
  binary       : /root/SemanPartMesh/quad_extract/build/extract_quad_mesh
  input mesh   : /root/SemanPartMesh/compare_8d46740c472f9d36b7a04b65023ffc59_ns3000_20260508_184014/pipeline/quad_meshes/8d46740c472f9d36b7a04b65023ffc59_quad_chunks/outputs/chunk_000_quad_extract_work/chunk_000_quad_pml_repaired.obj
  cross field  : /root/SemanPartMesh/compare_8d46740c472f9d36b7a04b65023ffc59_ns3000_20260508_184014/pipeline/quad_meshes/8d46740c472f9d36b7a04b65023ffc59_quad_chunks/outputs/chunk_000_quad_extract_work/chunk_000_quad_pml_repaired_cf.txt
  output       : /root/SemanPartMesh/compare_8d46740c472f9d36b7a04b65023ffc59_ns3000_20260508_184014/pipeline/quad_meshes/8d46740c472f9d36b7a04b65023ffc59_quad_chunks/outputs/chunk_000_quad_extract_work/chunk_000_quad_gs16.obj
  gradient_size: 16.0  timeout: 1800s  [stiff=50.0 dr=0 it=5]

  FAILED: Command '['/root/SemanPartMesh/quad_extract/build/extract_quad_mesh', '/root/SemanPartMesh/compare_8d46740c472f9d36b7a04b65023ffc59_ns3000_20260508_184014/pipeline/quad_meshes/8d46740c472f9d36b7a04b65023ffc59_quad_chunks/outputs/chunk_000_quad_extract_work/chunk_000_quad_pml_repaired.obj', '/root/SemanPartMesh/compare_8d46740c472f9d36b7a04b65023ffc59_ns3000_20260508_184014/pipeline/quad_meshes/8d46740c472f9d36b7a04b65023ffc59_quad_chunks/outputs/chunk_000_quad_extract_work/chunk_000_quad_pml_repaired_cf.txt', '/root/SemanPartMesh/compare_8d46740c472f9d36b7a04b65023ffc59_ns3000_20260508_184014/pipeline/quad_meshes/8d46740c472f9d36b7a04b65023ffc59_quad_chunks/outputs/chunk_000_quad_extract_work/chunk_000_quad_gs16.obj', '16.0', '50.0', '0', '5', '5']' returned non-zero exit status 1.
  binary       : /root/SemanPartMesh/quad_extract/build/extract_quad_mesh
  input mesh   : /root/SemanPartMesh/compare_8d46740c472f9d36b7a04b65023ffc59_ns3000_20260508_184014/pipeline/quad_meshes/8d46740c472f9d36b7a04b65023ffc59_quad_chunks/outputs/chunk_000_quad_extract_work/chunk_000_quad_pml_repaired.obj
  cross field  : /root/SemanPartMesh/compare_8d46740c472f9d36b7a04b65023ffc59_ns3000_20260508_184014/pipeline/quad_meshes/8d46740c472f9d36b7a04b65023ffc59_quad_chunks/outputs/chunk_000_quad_extract_work/chunk_000_quad_pml_repaired_cf.txt
  output       : /root/SemanPartMesh/compare_8d46740c472f9d36b7a04b65023ffc59_ns3000_20260508_184014/pipeline/quad_meshes/8d46740c472f9d36b7a04b65023ffc59_quad_chunks/outputs/chunk_000_quad_extract_work/chunk_000_quad_gs16.obj
  gradient_size: 16.0  timeout: 1800s  [stiff=5.0 dr=1 it=5]

  FAILED: Command '['/root/SemanPartMesh/quad_extract/build/extract_quad_mesh', '/root/SemanPartMesh/compare_8d46740c472f9d36b7a04b65023ffc59_ns3000_20260508_184014/pipeline/quad_meshes/8d46740c472f9d36b7a04b65023ffc59_quad_chunks/outputs/chunk_000_quad_extract_work/chunk_000_quad_pml_repaired.obj', '/root/SemanPartMesh/compare_8d46740c472f9d36b7a04b65023ffc59_ns3000_20260508_184014/pipeline/quad_meshes/8d46740c472f9d36b7a04b65023ffc59_quad_chunks/outputs/chunk_000_quad_extract_work/chunk_000_quad_pml_repaired_cf.txt', '/root/SemanPartMesh/compare_8d46740c472f9d36b7a04b65023ffc59_ns3000_20260508_184014/pipeline/quad_meshes/8d46740c472f9d36b7a04b65023ffc59_quad_chunks/outputs/chunk_000_quad_extract_work/chunk_000_quad_gs16.obj', '16.0', '5.0', '1', '5', '5']' returned non-zero exit status 1.
  binary       : /root/SemanPartMesh/quad_extract/build/extract_quad_mesh
  input mesh   : /root/SemanPartMesh/compare_8d46740c472f9d36b7a04b65023ffc59_ns3000_20260508_184014/pipeline/quad_meshes/8d46740c472f9d36b7a04b65023ffc59_quad_chunks/outputs/chunk_000_quad_extract_work/chunk_000_quad_pml_repaired.obj
  cross field  : /root/SemanPartMesh/compare_8d46740c472f9d36b7a04b65023ffc59_ns3000_20260508_184014/pipeline/quad_meshes/8d46740c472f9d36b7a04b65023ffc59_quad_chunks/outputs/chunk_000_quad_extract_work/chunk_000_quad_pml_repaired_cf.txt
  output       : /root/SemanPartMesh/compare_8d46740c472f9d36b7a04b65023ffc59_ns3000_20260508_184014/pipeline/quad_meshes/8d46740c472f9d36b7a04b65023ffc59_quad_chunks/outputs/chunk_000_quad_extract_work/chunk_000_quad_gs16.obj
  gradient_size: 16.0  timeout: 1800s  [stiff=50.0 dr=1 it=5]

  FAILED: Command '['/root/SemanPartMesh/quad_extract/build/extract_quad_mesh', '/root/SemanPartMesh/compare_8d46740c472f9d36b7a04b65023ffc59_ns3000_20260508_184014/pipeline/quad_meshes/8d46740c472f9d36b7a04b65023ffc59_quad_chunks/outputs/chunk_000_quad_extract_work/chunk_000_quad_pml_repaired.obj', '/root/SemanPartMesh/compare_8d46740c472f9d36b7a04b65023ffc59_ns3000_20260508_184014/pipeline/quad_meshes/8d46740c472f9d36b7a04b65023ffc59_quad_chunks/outputs/chunk_000_quad_extract_work/chunk_000_quad_pml_repaired_cf.txt', '/root/SemanPartMesh/compare_8d46740c472f9d36b7a04b65023ffc59_ns3000_20260508_184014/pipeline/quad_meshes/8d46740c472f9d36b7a04b65023ffc59_quad_chunks/outputs/chunk_000_quad_extract_work/chunk_000_quad_gs16.obj', '16.0', '50.0', '1', '5', '5']' returned non-zero exit status 1.
  binary       : /root/SemanPartMesh/quad_extract/build/extract_quad_mesh
  input mesh   : /root/SemanPartMesh/compare_8d46740c472f9d36b7a04b65023ffc59_ns3000_20260508_184014/pipeline/quad_meshes/8d46740c472f9d36b7a04b65023ffc59_quad_chunks/outputs/chunk_000_quad_extract_work/chunk_000_quad_pml_repaired.obj
  cross field  : /root/SemanPartMesh/compare_8d46740c472f9d36b7a04b65023ffc59_ns3000_20260508_184014/pipeline/quad_meshes/8d46740c472f9d36b7a04b65023ffc59_quad_chunks/outputs/chunk_000_quad_extract_work/chunk_000_quad_pml_repaired_cf.txt[1/4] Loading mesh: /root/SemanPartMesh/compare_8d46740c472f9d36b7a04b65023ffc59_ns3000_20260508_184014/pipeline/quad_meshes/8d46740c472f9d36b7a04b65023ffc59_quad_chunks/outputs/chunk_000_quad_extract_work/chunk_000_quad_pml_repaired.obj
       V=1268 F=2534
[2/4] Loading cross field: /root/SemanPartMesh/compare_8d46740c472f9d36b7a04b65023ffc59_ns3000_20260508_184014/pipeline/quad_meshes/8d46740c472f9d36b7a04b65023ffc59_quad_chunks/outputs/chunk_000_quad_extract_work/chunk_000_quad_pml_repaired_cf.txt
       cross field rows=2534
[3/4] Running MIQ parameterization (gradient_size=16, stiffness=200, iters=3)...

 INITIALIZED SPARSE MATRIX OF 3314d x 3314d 

 INITIALIZED SPARSE MATRIX OF 1096d x 3632d 

 INITIALIZED VECTOR OF 3314d x 1 

 INITIALIZED VECTOR OF 1096d x 1 
Initital dimension: 3632 x 3632, number of constraints: 1096, number of integer variables: 538, use reordering: yes
make_constraints_independent took 0.0066360000000000004 s.
Constraint integration took 0.036996000000000001 s.
Constraint elimination took 0.013892 s.
Reindexing took 0.00028800000000000001 s.
eliminate_constraints took 0.051298999999999997 s.
Eliminated dimension: 2536 x 2536
#nonzeros: 121233
integer variables #: 220
continuous variables #: 2316
CHOLMOD warning: matrix not positive definite. file: ./CHOLMOD/Supernodal/t_cholmod_super_numeric_worker.c line: 1090
CHOLMOD warning: not positive definite. file: ./CHOLMOD/Cholesky/t_cholmod_rowfac_worker.c line: 433
solve took 0.017641 s.
restore_eliminated_vars took 0.00066600000000000003 s.
solve took 0.076926000000000008 s.
ITERATION 0 FLIPS 0 
**** END OPTIMIZING #FLIPS 0  ****
       UV=1657 FUV=2534
Invalid MIQ output: UV=1657x2 FUV=2534x3

 Closed: Fri May 08 18:59:39 2026

[1/4] Loading mesh: /root/SemanPartMesh/compare_8d46740c472f9d36b7a04b65023ffc59_ns3000_20260508_184014/pipeline/quad_meshes/8d46740c472f9d36b7a04b65023ffc59_quad_chunks/outputs/chunk_000_quad_extract_work/chunk_000_quad_pml_repaired.obj
       V=1268 F=2534
[2/4] Loading cross field: /root/SemanPartMesh/compare_8d46740c472f9d36b7a04b65023ffc59_ns3000_20260508_184014/pipeline/quad_meshes/8d46740c472f9d36b7a04b65023ffc59_quad_chunks/outputs/chunk_000_quad_extract_work/chunk_000_quad_pml_repaired_cf.txt
       cross field rows=2534
[3/4] Running MIQ parameterization (gradient_size=24, stiffness=5, iters=5)...

 INITIALIZED SPARSE MATRIX OF 3314d x 3314d 

 INITIALIZED SPARSE MATRIX OF 1096d x 3632d 

 INITIALIZED VECTOR OF 3314d x 1 

 INITIALIZED VECTOR OF 1096d x 1 
Initital dimension: 3632 x 3632, number of constraints: 1096, number of integer variables: 538, use reordering: yes
make_constraints_independent took 0.0067380000000000001 s.
Constraint integration took 0.038543000000000001 s.
Constraint elimination took 0.014278000000000001 s.
Reindexing took 0.00027300000000000002 s.
eliminate_constraints took 0.053264000000000006 s.
Eliminated dimension: 2536 x 2536
#nonzeros: 121233
integer variables #: 220
continuous variables #: 2316
initial full solution
CHOLMOD warning: matrix not positive definite. file: ./CHOLMOD/Supernodal/t_cholmod_super_numeric_worker.c line: 1090
final full solution
CHOLMOD warning: matrix not positive definite. file: ./CHOLMOD/Supernodal/t_cholmod_super_numeric_worker.c line: 1090
 *** Statistics of MiSo Solver ***
Number of LOCAL iterations  = 220
Number of CG    iterations  = 220
Number of FULL  iterations  = 2
Number of ROUNDING          = 220
solve_multiple_rounding took 0.5392539999999999 s.
solve took 0.53938599999999992 s.
restore_eliminated_vars took 0.000629 s.
solve took 0.60085699999999997 s.
ITERATION 0 FLIPS 0 
**** END OPTIMIZING #FLIPS 0  ****
       UV=1657 FUV=2534
Invalid MIQ output: UV=1657x2 FUV=2534x3

 Closed: Fri May 08 18:59:40 2026

[1/4] Loading mesh: /root/SemanPartMesh/compare_8d46740c472f9d36b7a04b65023ffc59_ns3000_20260508_184014/pipeline/quad_meshes/8d46740c472f9d36b7a04b65023ffc59_quad_chunks/outputs/chunk_000_quad_extract_work/chunk_000_quad_pml_repaired.obj
       V=1268 F=2534
[2/4] Loading cross field: /root/SemanPartMesh/compare_8d46740c472f9d36b7a04b65023ffc59_ns3000_20260508_184014/pipeline/quad_meshes/8d46740c472f9d36b7a04b65023ffc59_quad_chunks/outputs/chunk_000_quad_extract_work/chunk_000_quad_pml_repaired_cf.txt
       cross field rows=2534
[3/4] Running MIQ parameterization (gradient_size=24, stiffness=50, iters=5)...

 INITIALIZED SPARSE MATRIX OF 3314d x 3314d 

 INITIALIZED SPARSE MATRIX OF 1096d x 3632d 

 INITIALIZED VECTOR OF 3314d x 1 

 INITIALIZED VECTOR OF 1096d x 1 
Initital dimension: 3632 x 3632, number of constraints: 1096, number of integer variables: 538, use reordering: yes
make_constraints_independent took 0.0073379999999999999 s.
Constraint integration took 0.041015999999999997 s.
Constraint elimination took 0.015793999999999999 s.
Reindexing took 0.00032200000000000002 s.
eliminate_constraints took 0.057283000000000001 s.
Eliminated dimension: 2536 x 2536
#nonzeros: 121233
integer variables #: 220
continuous variables #: 2316
initial full solution
CHOLMOD warning: matrix not positive definite. file: ./CHOLMOD/Supernodal/t_cholmod_super_numeric_worker.c line: 1090
final full solution
CHOLMOD warning: matrix not positive definite. file: ./CHOLMOD/Supernodal/t_cholmod_super_numeric_worker.c line: 1090
 *** Statistics of MiSo Solver ***
Number of LOCAL iterations  = 220
Number of CG    iterations  = 220
Number of FULL  iterations  = 2
Number of ROUNDING          = 220
solve_multiple_rounding took 0.56785300000000005 s.
solve took 0.56798700000000002 s.
restore_eliminated_vars took 0.00080900000000000004 s.
solve took 0.6343589999999999 s.
ITERATION 0 FLIPS 0 
**** END OPTIMIZING #FLIPS 0  ****
       UV=1657 FUV=2534
Invalid MIQ output: UV=1657x2 FUV=2534x3

 Closed: Fri May 08 18:59:41 2026

[1/4] Loading mesh: /root/SemanPartMesh/compare_8d46740c472f9d36b7a04b65023ffc59_ns3000_20260508_184014/pipeline/quad_meshes/8d46740c472f9d36b7a04b65023ffc59_quad_chunks/outputs/chunk_000_quad_extract_work/chunk_000_quad_pml_repaired.obj
       V=1268 F=2534
[2/4] Loading cross field: /root/SemanPartMesh/compare_8d46740c472f9d36b7a04b65023ffc59_ns3000_20260508_184014/pipeline/quad_meshes/8d46740c472f9d36b7a04b65023ffc59_quad_chunks/outputs/chunk_000_quad_extract_work/chunk_000_quad_pml_repaired_cf.txt
       cross field rows=2534
[3/4] Running MIQ parameterization (gradient_size=24, stiffness=5, iters=5)...

 INITIALIZED SPARSE MATRIX OF 3314d x 3314d 

 INITIALIZED SPARSE MATRIX OF 1096d x 3632d 

 INITIALIZED VECTOR OF 3314d x 1 

 INITIALIZED VECTOR OF 1096d x 1 
Initital dimension: 3632 x 3632, number of constraints: 1096, number of integer variables: 538, use reordering: yes
make_constraints_independent took 0.0076530000000000001 s.
Constraint integration took 0.038883000000000001 s.
Constraint elimination took 0.014332000000000001 s.
Reindexing took 0.00027800000000000004 s.
eliminate_constraints took 0.053670999999999996 s.
Eliminated dimension: 2536 x 2536
#nonzeros: 121233
integer variables #: 220
continuous variables #: 2316
CHOLMOD warning: matrix not positive definite. file: ./CHOLMOD/Supernodal/t_cholmod_super_numeric_worker.c line: 1090
CHOLMOD warning: not positive definite. file: ./CHOLMOD/Cholesky/t_cholmod_rowfac_worker.c line: 433
solve took 0.018963000000000001 s.
restore_eliminated_vars took 0.000638 s.
solve took 0.081668000000000004 s.
ITERATION 0 FLIPS 0 
**** END OPTIMIZING #FLIPS 0  ****
       UV=1657 FUV=2534
Invalid MIQ output: UV=1657x2 FUV=2534x3

 Closed: Fri May 08 18:59:41 2026

[1/4] Loading mesh: /root/SemanPartMesh/compare_8d46740c472f9d36b7a04b65023ffc59_ns3000_20260508_184014/pipeline/quad_meshes/8d46740c472f9d36b7a04b65023ffc59_quad_chunks/outputs/chunk_000_quad_extract_work/chunk_000_quad_pml_repaired.obj
       V=1268 F=2534
[2/4] Loading cross field: /root/SemanPartMesh/compare_8d46740c472f9d36b7a04b65023ffc59_ns3000_20260508_184014/pipeline/quad_meshes/8d46740c472f9d36b7a04b65023ffc59_quad_chunks/outputs/chunk_000_quad_extract_work/chunk_000_quad_pml_repaired_cf.txt
       cross field rows=2534
[3/4] Running MIQ parameterization (gradient_size=24, stiffness=50, iters=5)...

 INITIALIZED SPARSE MATRIX OF 3314d x 3314d 

 INITIALIZED SPARSE MATRIX OF 1096d x 3632d 

 INITIALIZED VECTOR OF 3314d x 1 

 INITIALIZED VECTOR OF 1096d x 1 
Initital dimension: 3632 x 3632, number of constraints: 1096, number of integer variables: 538, use reordering: yes
make_constraints_independent took 0.006986 s.
Constraint integration took 0.038774999999999997 s.
Constraint elimination took 0.014803999999999999 s.
Reindexing took 0.00028200000000000002 s.
eliminate_constraints took 0.054056000000000007 s.
Eliminated dimension: 2536 x 2536
#nonzeros: 121233
integer variables #: 220
continuous variables #: 2316
CHOLMOD warning: matrix not positive definite. file: ./CHOLMOD/Supernodal/t_cholmod_super_numeric_worker.c line: 1090
CHOLMOD warning: not positive definite. file: ./CHOLMOD/Cholesky/t_cholmod_rowfac_worker.c line: 433
solve took 0.019049 s.
restore_eliminated_vars took 0.00073200000000000001 s.
solve took 0.081680000000000003 s.
ITERATION 0 FLIPS 0 
**** END OPTIMIZING #FLIPS 0  ****
       UV=1657 FUV=2534
Invalid MIQ output: UV=1657x2 FUV=2534x3

 Closed: Fri May 08 18:59:41 2026


  output       : /root/SemanPartMesh/compare_8d46740c472f9d36b7a04b65023ffc59_ns3000_20260508_184014/pipeline/quad_meshes/8d46740c472f9d36b7a04b65023ffc59_quad_chunks/outputs/chunk_000_quad_extract_work/chunk_000_quad_gs16.obj
  gradient_size: 16.0  timeout: 1800s  [stiff=200.0 dr=1 it=3]

  FAILED: Command '['/root/SemanPartMesh/quad_extract/build/extract_quad_mesh', '/root/SemanPartMesh/compare_8d46740c472f9d36b7a04b65023ffc59_ns3000_20260508_184014/pipeline/quad_meshes/8d46740c472f9d36b7a04b65023ffc59_quad_chunks/outputs/chunk_000_quad_extract_work/chunk_000_quad_pml_repaired.obj', '/root/SemanPartMesh/compare_8d46740c472f9d36b7a04b65023ffc59_ns3000_20260508_184014/pipeline/quad_meshes/8d46740c472f9d36b7a04b65023ffc59_quad_chunks/outputs/chunk_000_quad_extract_work/chunk_000_quad_pml_repaired_cf.txt', '/root/SemanPartMesh/compare_8d46740c472f9d36b7a04b65023ffc59_ns3000_20260508_184014/pipeline/quad_meshes/8d46740c472f9d36b7a04b65023ffc59_quad_chunks/outputs/chunk_000_quad_extract_work/chunk_000_quad_gs16.obj', '16.0', '200.0', '1', '3', '5']' returned non-zero exit status 1.
  FAILED: extraction failed for gs=16.0

[Auto Sweep] Trying gradient_size=24.0
  binary       : /root/SemanPartMesh/quad_extract/build/extract_quad_mesh
  input mesh   : /root/SemanPartMesh/compare_8d46740c472f9d36b7a04b65023ffc59_ns3000_20260508_184014/pipeline/quad_meshes/8d46740c472f9d36b7a04b65023ffc59_quad_chunks/outputs/chunk_000_quad_extract_work/chunk_000_quad_pml_repaired.obj
  cross field  : /root/SemanPartMesh/compare_8d46740c472f9d36b7a04b65023ffc59_ns3000_20260508_184014/pipeline/quad_meshes/8d46740c472f9d36b7a04b65023ffc59_quad_chunks/outputs/chunk_000_quad_extract_work/chunk_000_quad_pml_repaired_cf.txt
  output       : /root/SemanPartMesh/compare_8d46740c472f9d36b7a04b65023ffc59_ns3000_20260508_184014/pipeline/quad_meshes/8d46740c472f9d36b7a04b65023ffc59_quad_chunks/outputs/chunk_000_quad_extract_work/chunk_000_quad_gs24.obj
  gradient_size: 24.0  timeout: 1800s

  FAILED: Command '['/root/SemanPartMesh/quad_extract/build/extract_quad_mesh', '/root/SemanPartMesh/compare_8d46740c472f9d36b7a04b65023ffc59_ns3000_20260508_184014/pipeline/quad_meshes/8d46740c472f9d36b7a04b65023ffc59_quad_chunks/outputs/chunk_000_quad_extract_work/chunk_000_quad_pml_repaired.obj', '/root/SemanPartMesh/compare_8d46740c472f9d36b7a04b65023ffc59_ns3000_20260508_184014/pipeline/quad_meshes/8d46740c472f9d36b7a04b65023ffc59_quad_chunks/outputs/chunk_000_quad_extract_work/chunk_000_quad_pml_repaired_cf.txt', '/root/SemanPartMesh/compare_8d46740c472f9d36b7a04b65023ffc59_ns3000_20260508_184014/pipeline/quad_meshes/8d46740c472f9d36b7a04b65023ffc59_quad_chunks/outputs/chunk_000_quad_extract_work/chunk_000_quad_gs24.obj', '24.0', '5.0', '0', '5', '5']' returned non-zero exit status 1.
  binary       : /root/SemanPartMesh/quad_extract/build/extract_quad_mesh
  input mesh   : /root/SemanPartMesh/compare_8d46740c472f9d36b7a04b65023ffc59_ns3000_20260508_184014/pipeline/quad_meshes/8d46740c472f9d36b7a04b65023ffc59_quad_chunks/outputs/chunk_000_quad_extract_work/chunk_000_quad_pml_repaired.obj
  cross field  : /root/SemanPartMesh/compare_8d46740c472f9d36b7a04b65023ffc59_ns3000_20260508_184014/pipeline/quad_meshes/8d46740c472f9d36b7a04b65023ffc59_quad_chunks/outputs/chunk_000_quad_extract_work/chunk_000_quad_pml_repaired_cf.txt
  output       : /root/SemanPartMesh/compare_8d46740c472f9d36b7a04b65023ffc59_ns3000_20260508_184014/pipeline/quad_meshes/8d46740c472f9d36b7a04b65023ffc59_quad_chunks/outputs/chunk_000_quad_extract_work/chunk_000_quad_gs24.obj
  gradient_size: 24.0  timeout: 1800s  [stiff=50.0 dr=0 it=5]

  FAILED: Command '['/root/SemanPartMesh/quad_extract/build/extract_quad_mesh', '/root/SemanPartMesh/compare_8d46740c472f9d36b7a04b65023ffc59_ns3000_20260508_184014/pipeline/quad_meshes/8d46740c472f9d36b7a04b65023ffc59_quad_chunks/outputs/chunk_000_quad_extract_work/chunk_000_quad_pml_repaired.obj', '/root/SemanPartMesh/compare_8d46740c472f9d36b7a04b65023ffc59_ns3000_20260508_184014/pipeline/quad_meshes/8d46740c472f9d36b7a04b65023ffc59_quad_chunks/outputs/chunk_000_quad_extract_work/chunk_000_quad_pml_repaired_cf.txt', '/root/SemanPartMesh/compare_8d46740c472f9d36b7a04b65023ffc59_ns3000_20260508_184014/pipeline/quad_meshes/8d46740c472f9d36b7a04b65023ffc59_quad_chunks/outputs/chunk_000_quad_extract_work/chunk_000_quad_gs24.obj', '24.0', '50.0', '0', '5', '5']' returned non-zero exit status 1.
  binary       : /root/SemanPartMesh/quad_extract/build/extract_quad_mesh
  input mesh   : /root/SemanPartMesh/compare_8d46740c472f9d36b7a04b65023ffc59_ns3000_20260508_184014/pipeline/quad_meshes/8d46740c472f9d36b7a04b65023ffc59_quad_chunks/outputs/chunk_000_quad_extract_work/chunk_000_quad_pml_repaired.obj
  cross field  : /root/SemanPartMesh/compare_8d46740c472f9d36b7a04b65023ffc59_ns3000_20260508_184014/pipeline/quad_meshes/8d46740c472f9d36b7a04b65023ffc59_quad_chunks/outputs/chunk_000_quad_extract_work/chunk_000_quad_pml_repaired_cf.txt
  output       : /root/SemanPartMesh/compare_8d46740c472f9d36b7a04b65023ffc59_ns3000_20260508_184014/pipeline/quad_meshes/8d46740c472f9d36b7a04b65023ffc59_quad_chunks/outputs/chunk_000_quad_extract_work/chunk_000_quad_gs24.obj
  gradient_size: 24.0  timeout: 1800s  [stiff=5.0 dr=1 it=5]

  FAILED: Command '['/root/SemanPartMesh/quad_extract/build/extract_quad_mesh', '/root/SemanPartMesh/compare_8d46740c472f9d36b7a04b65023ffc59_ns3000_20260508_184014/pipeline/quad_meshes/8d46740c472f9d36b7a04b65023ffc59_quad_chunks/outputs/chunk_000_quad_extract_work/chunk_000_quad_pml_repaired.obj', '/root/SemanPartMesh/compare_8d46740c472f9d36b7a04b65023ffc59_ns3000_20260508_184014/pipeline/quad_meshes/8d46740c472f9d36b7a04b65023ffc59_quad_chunks/outputs/chunk_000_quad_extract_work/chunk_000_quad_pml_repaired_cf.txt', '/root/SemanPartMesh/compare_8d46740c472f9d36b7a04b65023ffc59_ns3000_20260508_184014/pipeline/quad_meshes/8d46740c472f9d36b7a04b65023ffc59_quad_chunks/outputs/chunk_000_quad_extract_work/chunk_000_quad_gs24.obj', '24.0', '5.0', '1', '5', '5']' returned non-zero exit status 1.
  binary       : /root/SemanPartMesh/quad_extract/build/extract_quad_mesh
  input mesh   : /root/SemanPartMesh/compare_8d46740c472f9d36b7a04b65023ffc59_ns3000_20260508_184014/pipeline/quad_meshes/8d46740c472f9d36b7a04b65023ffc59_quad_chunks/outputs/chunk_000_quad_extract_work/chunk_000_quad_pml_repaired.obj
  cross field  : /root/SemanPartMesh/compare_8d46740c472f9d36b7a04b65023ffc59_ns3000_20260508_184014/pipeline/quad_meshes/8d46740c472f9d36b7a04b65023ffc59_quad_chunks/outputs/chunk_000_quad_extract_work/chunk_000_quad_pml_repaired_cf.txt
  output       : /root/SemanPartMesh/compare_8d46740c472f9d36b7a04b65023ffc59_ns3000_20260508_184014/pipeline/quad_meshes/8d46740c472f9d36b7a04b65023ffc59_quad_chunks/outputs/chunk_000_quad_extract_work/chunk_000_quad_gs24.obj
  gradient_size: 24.0  timeout: 1800s  [stiff=50.0 dr=1 it=5]

  FAILED: Command '['/root/SemanPartMesh/quad_extract/build/extract_quad_mesh', '/root/SemanPartMesh/compare_8d46740c472f9d36b7a04b65023ffc59_ns3000_20260508_184014/pipeline/quad_meshes/8d46740c472f9d36b7a04b65023ffc59_quad_chunks/outputs/chunk_000_quad_extract_work/chunk_000_quad_pml_repaired.obj', '/root/SemanPartMesh/compare_8d46740c472f9d36b7a04b65023ffc59_ns3000_20260508_184014/pipeline/quad_meshes/8d46740c472f9d36b7a04b65023ffc59_quad_chunks/outputs/chunk_000_quad_extract_work/chunk_000_quad_pml_repaired_cf.txt', '/root/SemanPartMesh/compare_8d46740c472f9d36b7a04b65023ffc59_ns3000_20260508_184014/pipeline/quad_meshes/8d46740c472f9d36b7a04b65023ffc59_quad_chunks/outputs/chunk_000_quad_extract_work/chunk_000_quad_gs24.obj', '24.0', '50.0', '1', '5', '5']' returned non-zero exit status 1.
  binary       : /root/SemanPartMesh/quad_extract/build/extract_quad_mesh
  input mesh   : /root/SemanPartMesh/compare_8d46740c472f9d36b7a04b65023ffc59_ns3000_20260508_184014/pipeline/quad_meshes/8d46740c472f9d36b7a04b65023ffc59_quad_chunks/outputs/chunk_000_quad_extract_work/chunk_000_quad_pml_repaired.obj
  cross field  : /root/SemanPartMesh/compare_8d46740c472f9d36b7a04b65023ffc59_ns3000_20260508_184014/pipeline/quad_meshes/8d46740c472f9d36b7a04b65023ffc59_quad_chunks/outputs/chunk_000_quad_extract_work/chunk_000_quad_pml_repaired_cf.txt[1/4] Loading mesh: /root/SemanPartMesh/compare_8d46740c472f9d36b7a04b65023ffc59_ns3000_20260508_184014/pipeline/quad_meshes/8d46740c472f9d36b7a04b65023ffc59_quad_chunks/outputs/chunk_000_quad_extract_work/chunk_000_quad_pml_repaired.obj
       V=1268 F=2534
[2/4] Loading cross field: /root/SemanPartMesh/compare_8d46740c472f9d36b7a04b65023ffc59_ns3000_20260508_184014/pipeline/quad_meshes/8d46740c472f9d36b7a04b65023ffc59_quad_chunks/outputs/chunk_000_quad_extract_work/chunk_000_quad_pml_repaired_cf.txt
       cross field rows=2534
[3/4] Running MIQ parameterization (gradient_size=24, stiffness=200, iters=3)...

 INITIALIZED SPARSE MATRIX OF 3314d x 3314d 

 INITIALIZED SPARSE MATRIX OF 1096d x 3632d 

 INITIALIZED VECTOR OF 3314d x 1 

 INITIALIZED VECTOR OF 1096d x 1 
Initital dimension: 3632 x 3632, number of constraints: 1096, number of integer variables: 538, use reordering: yes
make_constraints_independent took 0.0068449999999999995 s.
Constraint integration took 0.036920000000000001 s.
Constraint elimination took 0.014852000000000001 s.
Reindexing took 0.00040900000000000002 s.
eliminate_constraints took 0.052414999999999996 s.
Eliminated dimension: 2536 x 2536
#nonzeros: 121233
integer variables #: 220
continuous variables #: 2316
CHOLMOD warning: matrix not positive definite. file: ./CHOLMOD/Supernodal/t_cholmod_super_numeric_worker.c line: 1090
CHOLMOD warning: not positive definite. file: ./CHOLMOD/Cholesky/t_cholmod_rowfac_worker.c line: 433
solve took 0.020253 s.
restore_eliminated_vars took 0.00067400000000000001 s.
solve took 0.081030000000000005 s.
ITERATION 0 FLIPS 0 
**** END OPTIMIZING #FLIPS 0  ****
       UV=1657 FUV=2534
Invalid MIQ output: UV=1657x2 FUV=2534x3

 Closed: Fri May 08 18:59:42 2026

[1/4] Loading mesh: /root/SemanPartMesh/compare_8d46740c472f9d36b7a04b65023ffc59_ns3000_20260508_184014/pipeline/quad_meshes/8d46740c472f9d36b7a04b65023ffc59_quad_chunks/outputs/chunk_000_quad_extract_work/chunk_000_quad_pml_repaired.obj
       V=1268 F=2534
[2/4] Loading cross field: /root/SemanPartMesh/compare_8d46740c472f9d36b7a04b65023ffc59_ns3000_20260508_184014/pipeline/quad_meshes/8d46740c472f9d36b7a04b65023ffc59_quad_chunks/outputs/chunk_000_quad_extract_work/chunk_000_quad_pml_repaired_cf.txt
       cross field rows=2534
[3/4] Running MIQ parameterization (gradient_size=30, stiffness=5, iters=5)...

 INITIALIZED SPARSE MATRIX OF 3314d x 3314d 

 INITIALIZED SPARSE MATRIX OF 1096d x 3632d 

 INITIALIZED VECTOR OF 3314d x 1 

 INITIALIZED VECTOR OF 1096d x 1 
Initital dimension: 3632 x 3632, number of constraints: 1096, number of integer variables: 538, use reordering: yes
make_constraints_independent took 0.0067549999999999997 s.
Constraint integration took 0.037359000000000003 s.
Constraint elimination took 0.014305 s.
Reindexing took 0.00032700000000000003 s.
eliminate_constraints took 0.052134 s.
Eliminated dimension: 2536 x 2536
#nonzeros: 121233
integer variables #: 220
continuous variables #: 2316
initial full solution
CHOLMOD warning: matrix not positive definite. file: ./CHOLMOD/Supernodal/t_cholmod_super_numeric_worker.c line: 1090
final full solution
CHOLMOD warning: matrix not positive definite. file: ./CHOLMOD/Supernodal/t_cholmod_super_numeric_worker.c line: 1090
 *** Statistics of MiSo Solver ***
Number of LOCAL iterations  = 220
Number of CG    iterations  = 220
Number of FULL  iterations  = 2
Number of ROUNDING          = 220
solve_multiple_rounding took 0.52676199999999995 s.
solve took 0.52688799999999991 s.
restore_eliminated_vars took 0.00066800000000000008 s.
solve took 0.58741299999999996 s.
ITERATION 0 FLIPS 0 
**** END OPTIMIZING #FLIPS 0  ****
       UV=1657 FUV=2534
Invalid MIQ output: UV=1657x2 FUV=2534x3

 Closed: Fri May 08 18:59:43 2026

[1/4] Loading mesh: /root/SemanPartMesh/compare_8d46740c472f9d36b7a04b65023ffc59_ns3000_20260508_184014/pipeline/quad_meshes/8d46740c472f9d36b7a04b65023ffc59_quad_chunks/outputs/chunk_000_quad_extract_work/chunk_000_quad_pml_repaired.obj
       V=1268 F=2534
[2/4] Loading cross field: /root/SemanPartMesh/compare_8d46740c472f9d36b7a04b65023ffc59_ns3000_20260508_184014/pipeline/quad_meshes/8d46740c472f9d36b7a04b65023ffc59_quad_chunks/outputs/chunk_000_quad_extract_work/chunk_000_quad_pml_repaired_cf.txt
       cross field rows=2534
[3/4] Running MIQ parameterization (gradient_size=30, stiffness=50, iters=5)...

 INITIALIZED SPARSE MATRIX OF 3314d x 3314d 

 INITIALIZED SPARSE MATRIX OF 1096d x 3632d 

 INITIALIZED VECTOR OF 3314d x 1 

 INITIALIZED VECTOR OF 1096d x 1 
Initital dimension: 3632 x 3632, number of constraints: 1096, number of integer variables: 538, use reordering: yes
make_constraints_independent took 0.0068200000000000005 s.
Constraint integration took 0.037804000000000004 s.
Constraint elimination took 0.014564000000000001 s.
Reindexing took 0.00027800000000000004 s.
eliminate_constraints took 0.052801000000000001 s.
Eliminated dimension: 2536 x 2536
#nonzeros: 121233
integer variables #: 220
continuous variables #: 2316
initial full solution
CHOLMOD warning: matrix not positive definite. file: ./CHOLMOD/Supernodal/t_cholmod_super_numeric_worker.c line: 1090
final full solution
CHOLMOD warning: matrix not positive definite. file: ./CHOLMOD/Supernodal/t_cholmod_super_numeric_worker.c line: 1090
 *** Statistics of MiSo Solver ***
Number of LOCAL iterations  = 220
Number of CG    iterations  = 220
Number of FULL  iterations  = 2
Number of ROUNDING          = 220
solve_multiple_rounding took 0.55047699999999999 s.
solve took 0.55059199999999997 s.
restore_eliminated_vars took 0.00064500000000000007 s.
solve took 0.61184799999999995 s.
ITERATION 0 FLIPS 0 
**** END OPTIMIZING #FLIPS 0  ****
       UV=1657 FUV=2534
Invalid MIQ output: UV=1657x2 FUV=2534x3

 Closed: Fri May 08 18:59:43 2026

[1/4] Loading mesh: /root/SemanPartMesh/compare_8d46740c472f9d36b7a04b65023ffc59_ns3000_20260508_184014/pipeline/quad_meshes/8d46740c472f9d36b7a04b65023ffc59_quad_chunks/outputs/chunk_000_quad_extract_work/chunk_000_quad_pml_repaired.obj
       V=1268 F=2534
[2/4] Loading cross field: /root/SemanPartMesh/compare_8d46740c472f9d36b7a04b65023ffc59_ns3000_20260508_184014/pipeline/quad_meshes/8d46740c472f9d36b7a04b65023ffc59_quad_chunks/outputs/chunk_000_quad_extract_work/chunk_000_quad_pml_repaired_cf.txt
       cross field rows=2534
[3/4] Running MIQ parameterization (gradient_size=30, stiffness=5, iters=5)...

 INITIALIZED SPARSE MATRIX OF 3314d x 3314d 

 INITIALIZED SPARSE MATRIX OF 1096d x 3632d 

 INITIALIZED VECTOR OF 3314d x 1 

 INITIALIZED VECTOR OF 1096d x 1 
Initital dimension: 3632 x 3632, number of constraints: 1096, number of integer variables: 538, use reordering: yes
make_constraints_independent took 0.0066709999999999998 s.
Constraint integration took 0.037172000000000004 s.
Constraint elimination took 0.014367000000000001 s.
Reindexing took 0.00027800000000000004 s.
eliminate_constraints took 0.052000999999999999 s.
Eliminated dimension: 2536 x 2536
#nonzeros: 121233
integer variables #: 220
continuous variables #: 2316
CHOLMOD warning: matrix not positive definite. file: ./CHOLMOD/Supernodal/t_cholmod_super_numeric_worker.c line: 1090
CHOLMOD warning: not positive definite. file: ./CHOLMOD/Cholesky/t_cholmod_rowfac_worker.c line: 433
solve took 0.017861000000000002 s.
restore_eliminated_vars took 0.00071900000000000002 s.
solve took 0.078019000000000005 s.
ITERATION 0 FLIPS 0 
**** END OPTIMIZING #FLIPS 0  ****
       UV=1657 FUV=2534
Invalid MIQ output: UV=1657x2 FUV=2534x3

 Closed: Fri May 08 18:59:44 2026

[1/4] Loading mesh: /root/SemanPartMesh/compare_8d46740c472f9d36b7a04b65023ffc59_ns3000_20260508_184014/pipeline/quad_meshes/8d46740c472f9d36b7a04b65023ffc59_quad_chunks/outputs/chunk_000_quad_extract_work/chunk_000_quad_pml_repaired.obj
       V=1268 F=2534
[2/4] Loading cross field: /root/SemanPartMesh/compare_8d46740c472f9d36b7a04b65023ffc59_ns3000_20260508_184014/pipeline/quad_meshes/8d46740c472f9d36b7a04b65023ffc59_quad_chunks/outputs/chunk_000_quad_extract_work/chunk_000_quad_pml_repaired_cf.txt
       cross field rows=2534
[3/4] Running MIQ parameterization (gradient_size=30, stiffness=50, iters=5)...

 INITIALIZED SPARSE MATRIX OF 3314d x 3314d 

 INITIALIZED SPARSE MATRIX OF 1096d x 3632d 

 INITIALIZED VECTOR OF 3314d x 1 

 INITIALIZED VECTOR OF 1096d x 1 
Initital dimension: 3632 x 3632, number of constraints: 1096, number of integer variables: 538, use reordering: yes
make_constraints_independent took 0.0068859999999999998 s.
Constraint integration took 0.037555999999999999 s.
Constraint elimination took 0.014214000000000001 s.
Reindexing took 0.00031 s.
eliminate_constraints took 0.052245000000000007 s.
Eliminated dimension: 2536 x 2536
#nonzeros: 121233
integer variables #: 220
continuous variables #: 2316
CHOLMOD warning: matrix not positive definite. file: ./CHOLMOD/Supernodal/t_cholmod_super_numeric_worker.c line: 1090
CHOLMOD warning: not positive definite. file: ./CHOLMOD/Cholesky/t_cholmod_rowfac_worker.c line: 433
solve took 0.018093000000000001 s.
restore_eliminated_vars took 0.00064700000000000001 s.
solve took 0.078731999999999996 s.
ITERATION 0 FLIPS 0 
**** END OPTIMIZING #FLIPS 0  ****
       UV=1657 FUV=2534
Invalid MIQ output: UV=1657x2 FUV=2534x3

 Closed: Fri May 08 18:59:44 2026


  output       : /root/SemanPartMesh/compare_8d46740c472f9d36b7a04b65023ffc59_ns3000_20260508_184014/pipeline/quad_meshes/8d46740c472f9d36b7a04b65023ffc59_quad_chunks/outputs/chunk_000_quad_extract_work/chunk_000_quad_gs24.obj
  gradient_size: 24.0  timeout: 1800s  [stiff=200.0 dr=1 it=3]

  FAILED: Command '['/root/SemanPartMesh/quad_extract/build/extract_quad_mesh', '/root/SemanPartMesh/compare_8d46740c472f9d36b7a04b65023ffc59_ns3000_20260508_184014/pipeline/quad_meshes/8d46740c472f9d36b7a04b65023ffc59_quad_chunks/outputs/chunk_000_quad_extract_work/chunk_000_quad_pml_repaired.obj', '/root/SemanPartMesh/compare_8d46740c472f9d36b7a04b65023ffc59_ns3000_20260508_184014/pipeline/quad_meshes/8d46740c472f9d36b7a04b65023ffc59_quad_chunks/outputs/chunk_000_quad_extract_work/chunk_000_quad_pml_repaired_cf.txt', '/root/SemanPartMesh/compare_8d46740c472f9d36b7a04b65023ffc59_ns3000_20260508_184014/pipeline/quad_meshes/8d46740c472f9d36b7a04b65023ffc59_quad_chunks/outputs/chunk_000_quad_extract_work/chunk_000_quad_gs24.obj', '24.0', '200.0', '1', '3', '5']' returned non-zero exit status 1.
  FAILED: extraction failed for gs=24.0

[Auto Sweep] Trying gradient_size=30.0
  binary       : /root/SemanPartMesh/quad_extract/build/extract_quad_mesh
  input mesh   : /root/SemanPartMesh/compare_8d46740c472f9d36b7a04b65023ffc59_ns3000_20260508_184014/pipeline/quad_meshes/8d46740c472f9d36b7a04b65023ffc59_quad_chunks/outputs/chunk_000_quad_extract_work/chunk_000_quad_pml_repaired.obj
  cross field  : /root/SemanPartMesh/compare_8d46740c472f9d36b7a04b65023ffc59_ns3000_20260508_184014/pipeline/quad_meshes/8d46740c472f9d36b7a04b65023ffc59_quad_chunks/outputs/chunk_000_quad_extract_work/chunk_000_quad_pml_repaired_cf.txt
  output       : /root/SemanPartMesh/compare_8d46740c472f9d36b7a04b65023ffc59_ns3000_20260508_184014/pipeline/quad_meshes/8d46740c472f9d36b7a04b65023ffc59_quad_chunks/outputs/chunk_000_quad_extract_work/chunk_000_quad_gs30.obj
  gradient_size: 30.0  timeout: 1800s

  FAILED: Command '['/root/SemanPartMesh/quad_extract/build/extract_quad_mesh', '/root/SemanPartMesh/compare_8d46740c472f9d36b7a04b65023ffc59_ns3000_20260508_184014/pipeline/quad_meshes/8d46740c472f9d36b7a04b65023ffc59_quad_chunks/outputs/chunk_000_quad_extract_work/chunk_000_quad_pml_repaired.obj', '/root/SemanPartMesh/compare_8d46740c472f9d36b7a04b65023ffc59_ns3000_20260508_184014/pipeline/quad_meshes/8d46740c472f9d36b7a04b65023ffc59_quad_chunks/outputs/chunk_000_quad_extract_work/chunk_000_quad_pml_repaired_cf.txt', '/root/SemanPartMesh/compare_8d46740c472f9d36b7a04b65023ffc59_ns3000_20260508_184014/pipeline/quad_meshes/8d46740c472f9d36b7a04b65023ffc59_quad_chunks/outputs/chunk_000_quad_extract_work/chunk_000_quad_gs30.obj', '30.0', '5.0', '0', '5', '5']' returned non-zero exit status 1.
  binary       : /root/SemanPartMesh/quad_extract/build/extract_quad_mesh
  input mesh   : /root/SemanPartMesh/compare_8d46740c472f9d36b7a04b65023ffc59_ns3000_20260508_184014/pipeline/quad_meshes/8d46740c472f9d36b7a04b65023ffc59_quad_chunks/outputs/chunk_000_quad_extract_work/chunk_000_quad_pml_repaired.obj
  cross field  : /root/SemanPartMesh/compare_8d46740c472f9d36b7a04b65023ffc59_ns3000_20260508_184014/pipeline/quad_meshes/8d46740c472f9d36b7a04b65023ffc59_quad_chunks/outputs/chunk_000_quad_extract_work/chunk_000_quad_pml_repaired_cf.txt
  output       : /root/SemanPartMesh/compare_8d46740c472f9d36b7a04b65023ffc59_ns3000_20260508_184014/pipeline/quad_meshes/8d46740c472f9d36b7a04b65023ffc59_quad_chunks/outputs/chunk_000_quad_extract_work/chunk_000_quad_gs30.obj
  gradient_size: 30.0  timeout: 1800s  [stiff=50.0 dr=0 it=5]

  FAILED: Command '['/root/SemanPartMesh/quad_extract/build/extract_quad_mesh', '/root/SemanPartMesh/compare_8d46740c472f9d36b7a04b65023ffc59_ns3000_20260508_184014/pipeline/quad_meshes/8d46740c472f9d36b7a04b65023ffc59_quad_chunks/outputs/chunk_000_quad_extract_work/chunk_000_quad_pml_repaired.obj', '/root/SemanPartMesh/compare_8d46740c472f9d36b7a04b65023ffc59_ns3000_20260508_184014/pipeline/quad_meshes/8d46740c472f9d36b7a04b65023ffc59_quad_chunks/outputs/chunk_000_quad_extract_work/chunk_000_quad_pml_repaired_cf.txt', '/root/SemanPartMesh/compare_8d46740c472f9d36b7a04b65023ffc59_ns3000_20260508_184014/pipeline/quad_meshes/8d46740c472f9d36b7a04b65023ffc59_quad_chunks/outputs/chunk_000_quad_extract_work/chunk_000_quad_gs30.obj', '30.0', '50.0', '0', '5', '5']' returned non-zero exit status 1.
  binary       : /root/SemanPartMesh/quad_extract/build/extract_quad_mesh
  input mesh   : /root/SemanPartMesh/compare_8d46740c472f9d36b7a04b65023ffc59_ns3000_20260508_184014/pipeline/quad_meshes/8d46740c472f9d36b7a04b65023ffc59_quad_chunks/outputs/chunk_000_quad_extract_work/chunk_000_quad_pml_repaired.obj
  cross field  : /root/SemanPartMesh/compare_8d46740c472f9d36b7a04b65023ffc59_ns3000_20260508_184014/pipeline/quad_meshes/8d46740c472f9d36b7a04b65023ffc59_quad_chunks/outputs/chunk_000_quad_extract_work/chunk_000_quad_pml_repaired_cf.txt
  output       : /root/SemanPartMesh/compare_8d46740c472f9d36b7a04b65023ffc59_ns3000_20260508_184014/pipeline/quad_meshes/8d46740c472f9d36b7a04b65023ffc59_quad_chunks/outputs/chunk_000_quad_extract_work/chunk_000_quad_gs30.obj
  gradient_size: 30.0  timeout: 1800s  [stiff=5.0 dr=1 it=5]

  FAILED: Command '['/root/SemanPartMesh/quad_extract/build/extract_quad_mesh', '/root/SemanPartMesh/compare_8d46740c472f9d36b7a04b65023ffc59_ns3000_20260508_184014/pipeline/quad_meshes/8d46740c472f9d36b7a04b65023ffc59_quad_chunks/outputs/chunk_000_quad_extract_work/chunk_000_quad_pml_repaired.obj', '/root/SemanPartMesh/compare_8d46740c472f9d36b7a04b65023ffc59_ns3000_20260508_184014/pipeline/quad_meshes/8d46740c472f9d36b7a04b65023ffc59_quad_chunks/outputs/chunk_000_quad_extract_work/chunk_000_quad_pml_repaired_cf.txt', '/root/SemanPartMesh/compare_8d46740c472f9d36b7a04b65023ffc59_ns3000_20260508_184014/pipeline/quad_meshes/8d46740c472f9d36b7a04b65023ffc59_quad_chunks/outputs/chunk_000_quad_extract_work/chunk_000_quad_gs30.obj', '30.0', '5.0', '1', '5', '5']' returned non-zero exit status 1.
  binary       : /root/SemanPartMesh/quad_extract/build/extract_quad_mesh
  input mesh   : /root/SemanPartMesh/compare_8d46740c472f9d36b7a04b65023ffc59_ns3000_20260508_184014/pipeline/quad_meshes/8d46740c472f9d36b7a04b65023ffc59_quad_chunks/outputs/chunk_000_quad_extract_work/chunk_000_quad_pml_repaired.obj
  cross field  : /root/SemanPartMesh/compare_8d46740c472f9d36b7a04b65023ffc59_ns3000_20260508_184014/pipeline/quad_meshes/8d46740c472f9d36b7a04b65023ffc59_quad_chunks/outputs/chunk_000_quad_extract_work/chunk_000_quad_pml_repaired_cf.txt
  output       : /root/SemanPartMesh/compare_8d46740c472f9d36b7a04b65023ffc59_ns3000_20260508_184014/pipeline/quad_meshes/8d46740c472f9d36b7a04b65023ffc59_quad_chunks/outputs/chunk_000_quad_extract_work/chunk_000_quad_gs30.obj
  gradient_size: 30.0  timeout: 1800s  [stiff=50.0 dr=1 it=5]

  FAILED: Command '['/root/SemanPartMesh/quad_extract/build/extract_quad_mesh', '/root/SemanPartMesh/compare_8d46740c472f9d36b7a04b65023ffc59_ns3000_20260508_184014/pipeline/quad_meshes/8d46740c472f9d36b7a04b65023ffc59_quad_chunks/outputs/chunk_000_quad_extract_work/chunk_000_quad_pml_repaired.obj', '/root/SemanPartMesh/compare_8d46740c472f9d36b7a04b65023ffc59_ns3000_20260508_184014/pipeline/quad_meshes/8d46740c472f9d36b7a04b65023ffc59_quad_chunks/outputs/chunk_000_quad_extract_work/chunk_000_quad_pml_repaired_cf.txt', '/root/SemanPartMesh/compare_8d46740c472f9d36b7a04b65023ffc59_ns3000_20260508_184014/pipeline/quad_meshes/8d46740c472f9d36b7a04b65023ffc59_quad_chunks/outputs/chunk_000_quad_extract_work/chunk_000_quad_gs30.obj', '30.0', '50.0', '1', '5', '5']' returned non-zero exit status 1.
  binary       : /root/SemanPartMesh/quad_extract/build/extract_quad_mesh
  input mesh   : /root/SemanPartMesh/compare_8d46740c472f9d36b7a04b65023ffc59_ns3000_20260508_184014/pipeline/quad_meshes/8d46740c472f9d36b7a04b65023ffc59_quad_chunks/outputs/chunk_000_quad_extract_work/chunk_000_quad_pml_repaired.obj
  cross field  : /root/SemanPartMesh/compare_8d46740c472f9d36b7a04b65023ffc59_ns3000_20260508_184014/pipeline/quad_meshes/8d46740c472f9d36b7a04b65023ffc59_quad_chunks/outputs/chunk_000_quad_extract_work/chunk_000_quad_pml_repaired_cf.txt[1/4] Loading mesh: /root/SemanPartMesh/compare_8d46740c472f9d36b7a04b65023ffc59_ns3000_20260508_184014/pipeline/quad_meshes/8d46740c472f9d36b7a04b65023ffc59_quad_chunks/outputs/chunk_000_quad_extract_work/chunk_000_quad_pml_repaired.obj
       V=1268 F=2534
[2/4] Loading cross field: /root/SemanPartMesh/compare_8d46740c472f9d36b7a04b65023ffc59_ns3000_20260508_184014/pipeline/quad_meshes/8d46740c472f9d36b7a04b65023ffc59_quad_chunks/outputs/chunk_000_quad_extract_work/chunk_000_quad_pml_repaired_cf.txt
       cross field rows=2534
[3/4] Running MIQ parameterization (gradient_size=30, stiffness=200, iters=3)...

 INITIALIZED SPARSE MATRIX OF 3314d x 3314d 

 INITIALIZED SPARSE MATRIX OF 1096d x 3632d 

 INITIALIZED VECTOR OF 3314d x 1 

 INITIALIZED VECTOR OF 1096d x 1 
Initital dimension: 3632 x 3632, number of constraints: 1096, number of integer variables: 538, use reordering: yes
make_constraints_independent took 0.0067710000000000001 s.
Constraint integration took 0.036755999999999997 s.
Constraint elimination took 0.014345999999999999 s.
Reindexing took 0.00027800000000000004 s.
eliminate_constraints took 0.051584000000000005 s.
Eliminated dimension: 2536 x 2536
#nonzeros: 121233
integer variables #: 220
continuous variables #: 2316
CHOLMOD warning: matrix not positive definite. file: ./CHOLMOD/Supernodal/t_cholmod_super_numeric_worker.c line: 1090
CHOLMOD warning: not positive definite. file: ./CHOLMOD/Cholesky/t_cholmod_rowfac_worker.c line: 433
solve took 0.017926999999999998 s.
restore_eliminated_vars took 0.00064199999999999999 s.
solve took 0.077673000000000006 s.
ITERATION 0 FLIPS 0 
**** END OPTIMIZING #FLIPS 0  ****
       UV=1657 FUV=2534
Invalid MIQ output: UV=1657x2 FUV=2534x3

 Closed: Fri May 08 18:59:44 2026

[1/4] Loading mesh: /root/SemanPartMesh/compare_8d46740c472f9d36b7a04b65023ffc59_ns3000_20260508_184014/pipeline/quad_meshes/8d46740c472f9d36b7a04b65023ffc59_quad_chunks/outputs/chunk_000_quad_extract_work/chunk_000_quad_pml_repaired.obj
       V=1268 F=2534
[2/4] Loading cross field: /root/SemanPartMesh/compare_8d46740c472f9d36b7a04b65023ffc59_ns3000_20260508_184014/pipeline/quad_meshes/8d46740c472f9d36b7a04b65023ffc59_quad_chunks/outputs/chunk_000_quad_extract_work/chunk_000_quad_pml_repaired_cf.txt
       cross field rows=2534
[3/4] Running MIQ parameterization (gradient_size=40, stiffness=5, iters=5)...

 INITIALIZED SPARSE MATRIX OF 3314d x 3314d 

 INITIALIZED SPARSE MATRIX OF 1096d x 3632d 

 INITIALIZED VECTOR OF 3314d x 1 

 INITIALIZED VECTOR OF 1096d x 1 
Initital dimension: 3632 x 3632, number of constraints: 1096, number of integer variables: 538, use reordering: yes
make_constraints_independent took 0.0069759999999999996 s.
Constraint integration took 0.038219000000000003 s.
Constraint elimination took 0.01435 s.
Reindexing took 0.00027700000000000001 s.
eliminate_constraints took 0.053011000000000003 s.
Eliminated dimension: 2536 x 2536
#nonzeros: 121233
integer variables #: 220
continuous variables #: 2316
initial full solution
CHOLMOD warning: matrix not positive definite. file: ./CHOLMOD/Supernodal/t_cholmod_super_numeric_worker.c line: 1090
final full solution
CHOLMOD warning: matrix not positive definite. file: ./CHOLMOD/Supernodal/t_cholmod_super_numeric_worker.c line: 1090
 *** Statistics of MiSo Solver ***
Number of LOCAL iterations  = 220
Number of CG    iterations  = 220
Number of FULL  iterations  = 2
Number of ROUNDING          = 220
solve_multiple_rounding took 0.55043399999999998 s.
solve took 0.55054500000000006 s.
restore_eliminated_vars took 0.00076000000000000004 s.
solve took 0.61212799999999989 s.
ITERATION 0 FLIPS 0 
**** END OPTIMIZING #FLIPS 0  ****
       UV=1657 FUV=2534
Invalid MIQ output: UV=1657x2 FUV=2534x3

 Closed: Fri May 08 18:59:45 2026

[1/4] Loading mesh: /root/SemanPartMesh/compare_8d46740c472f9d36b7a04b65023ffc59_ns3000_20260508_184014/pipeline/quad_meshes/8d46740c472f9d36b7a04b65023ffc59_quad_chunks/outputs/chunk_000_quad_extract_work/chunk_000_quad_pml_repaired.obj
       V=1268 F=2534
[2/4] Loading cross field: /root/SemanPartMesh/compare_8d46740c472f9d36b7a04b65023ffc59_ns3000_20260508_184014/pipeline/quad_meshes/8d46740c472f9d36b7a04b65023ffc59_quad_chunks/outputs/chunk_000_quad_extract_work/chunk_000_quad_pml_repaired_cf.txt
       cross field rows=2534
[3/4] Running MIQ parameterization (gradient_size=40, stiffness=50, iters=5)...

 INITIALIZED SPARSE MATRIX OF 3314d x 3314d 

 INITIALIZED SPARSE MATRIX OF 1096d x 3632d 

 INITIALIZED VECTOR OF 3314d x 1 

 INITIALIZED VECTOR OF 1096d x 1 
Initital dimension: 3632 x 3632, number of constraints: 1096, number of integer variables: 538, use reordering: yes
make_constraints_independent took 0.0068799999999999998 s.
Constraint integration took 0.038935000000000004 s.
Constraint elimination took 0.015426 s.
Reindexing took 0.00031199999999999999 s.
eliminate_constraints took 0.054840000000000007 s.
Eliminated dimension: 2536 x 2536
#nonzeros: 121233
integer variables #: 220
continuous variables #: 2316
initial full solution
CHOLMOD warning: matrix not positive definite. file: ./CHOLMOD/Supernodal/t_cholmod_super_numeric_worker.c line: 1090
final full solution
CHOLMOD warning: matrix not positive definite. file: ./CHOLMOD/Supernodal/t_cholmod_super_numeric_worker.c line: 1090
 *** Statistics of MiSo Solver ***
Number of LOCAL iterations  = 220
Number of CG    iterations  = 220
Number of FULL  iterations  = 2
Number of ROUNDING          = 220
solve_multiple_rounding took 0.56164000000000003 s.
solve took 0.56180600000000003 s.
restore_eliminated_vars took 0.0006730000000000001 s.
solve took 0.62507299999999999 s.
ITERATION 0 FLIPS 0 
**** END OPTIMIZING #FLIPS 0  ****
       UV=1657 FUV=2534
Invalid MIQ output: UV=1657x2 FUV=2534x3

 Closed: Fri May 08 18:59:46 2026

[1/4] Loading mesh: /root/SemanPartMesh/compare_8d46740c472f9d36b7a04b65023ffc59_ns3000_20260508_184014/pipeline/quad_meshes/8d46740c472f9d36b7a04b65023ffc59_quad_chunks/outputs/chunk_000_quad_extract_work/chunk_000_quad_pml_repaired.obj
       V=1268 F=2534
[2/4] Loading cross field: /root/SemanPartMesh/compare_8d46740c472f9d36b7a04b65023ffc59_ns3000_20260508_184014/pipeline/quad_meshes/8d46740c472f9d36b7a04b65023ffc59_quad_chunks/outputs/chunk_000_quad_extract_work/chunk_000_quad_pml_repaired_cf.txt
       cross field rows=2534
[3/4] Running MIQ parameterization (gradient_size=40, stiffness=5, iters=5)...

 INITIALIZED SPARSE MATRIX OF 3314d x 3314d 

 INITIALIZED SPARSE MATRIX OF 1096d x 3632d 

 INITIALIZED VECTOR OF 3314d x 1 

 INITIALIZED VECTOR OF 1096d x 1 
Initital dimension: 3632 x 3632, number of constraints: 1096, number of integer variables: 538, use reordering: yes
make_constraints_independent took 0.0067380000000000001 s.
Constraint integration took 0.03857 s.
Constraint elimination took 0.016719999999999999 s.
Reindexing took 0.00027800000000000004 s.
eliminate_constraints took 0.055750000000000001 s.
Eliminated dimension: 2536 x 2536
#nonzeros: 121233
integer variables #: 220
continuous variables #: 2316
CHOLMOD warning: matrix not positive definite. file: ./CHOLMOD/Supernodal/t_cholmod_super_numeric_worker.c line: 1090
CHOLMOD warning: not positive definite. file: ./CHOLMOD/Cholesky/t_cholmod_rowfac_worker.c line: 433
solve took 0.018341999999999997 s.
restore_eliminated_vars took 0.00066100000000000002 s.
solve took 0.082425999999999999 s.
ITERATION 0 FLIPS 0 
**** END OPTIMIZING #FLIPS 0  ****
       UV=1657 FUV=2534
Invalid MIQ output: UV=1657x2 FUV=2534x3

 Closed: Fri May 08 18:59:46 2026

[1/4] Loading mesh: /root/SemanPartMesh/compare_8d46740c472f9d36b7a04b65023ffc59_ns3000_20260508_184014/pipeline/quad_meshes/8d46740c472f9d36b7a04b65023ffc59_quad_chunks/outputs/chunk_000_quad_extract_work/chunk_000_quad_pml_repaired.obj
       V=1268 F=2534
[2/4] Loading cross field: /root/SemanPartMesh/compare_8d46740c472f9d36b7a04b65023ffc59_ns3000_20260508_184014/pipeline/quad_meshes/8d46740c472f9d36b7a04b65023ffc59_quad_chunks/outputs/chunk_000_quad_extract_work/chunk_000_quad_pml_repaired_cf.txt
       cross field rows=2534
[3/4] Running MIQ parameterization (gradient_size=40, stiffness=50, iters=5)...

 INITIALIZED SPARSE MATRIX OF 3314d x 3314d 

 INITIALIZED SPARSE MATRIX OF 1096d x 3632d 

 INITIALIZED VECTOR OF 3314d x 1 

 INITIALIZED VECTOR OF 1096d x 1 
Initital dimension: 3632 x 3632, number of constraints: 1096, number of integer variables: 538, use reordering: yes
make_constraints_independent took 0.0077159999999999998 s.
Constraint integration took 0.041340000000000002 s.
Constraint elimination took 0.016583000000000001 s.
Reindexing took 0.00028000000000000003 s.
eliminate_constraints took 0.058413000000000007 s.
Eliminated dimension: 2536 x 2536
#nonzeros: 121233
integer variables #: 220
continuous variables #: 2316
CHOLMOD warning: matrix not positive definite. file: ./CHOLMOD/Supernodal/t_cholmod_super_numeric_worker.c line: 1090
CHOLMOD warning: not positive definite. file: ./CHOLMOD/Cholesky/t_cholmod_rowfac_worker.c line: 433
solve took 0.019422000000000002 s.
restore_eliminated_vars took 0.00074299999999999995 s.
solve took 0.087281000000000011 s.
ITERATION 0 FLIPS 0 
**** END OPTIMIZING #FLIPS 0  ****
       UV=1657 FUV=2534
Invalid MIQ output: UV=1657x2 FUV=2534x3

 Closed: Fri May 08 18:59:47 2026


  output       : /root/SemanPartMesh/compare_8d46740c472f9d36b7a04b65023ffc59_ns3000_20260508_184014/pipeline/quad_meshes/8d46740c472f9d36b7a04b65023ffc59_quad_chunks/outputs/chunk_000_quad_extract_work/chunk_000_quad_gs30.obj
  gradient_size: 30.0  timeout: 1800s  [stiff=200.0 dr=1 it=3]

  FAILED: Command '['/root/SemanPartMesh/quad_extract/build/extract_quad_mesh', '/root/SemanPartMesh/compare_8d46740c472f9d36b7a04b65023ffc59_ns3000_20260508_184014/pipeline/quad_meshes/8d46740c472f9d36b7a04b65023ffc59_quad_chunks/outputs/chunk_000_quad_extract_work/chunk_000_quad_pml_repaired.obj', '/root/SemanPartMesh/compare_8d46740c472f9d36b7a04b65023ffc59_ns3000_20260508_184014/pipeline/quad_meshes/8d46740c472f9d36b7a04b65023ffc59_quad_chunks/outputs/chunk_000_quad_extract_work/chunk_000_quad_pml_repaired_cf.txt', '/root/SemanPartMesh/compare_8d46740c472f9d36b7a04b65023ffc59_ns3000_20260508_184014/pipeline/quad_meshes/8d46740c472f9d36b7a04b65023ffc59_quad_chunks/outputs/chunk_000_quad_extract_work/chunk_000_quad_gs30.obj', '30.0', '200.0', '1', '3', '5']' returned non-zero exit status 1.
  FAILED: extraction failed for gs=30.0

[Auto Sweep] Trying gradient_size=40.0
  binary       : /root/SemanPartMesh/quad_extract/build/extract_quad_mesh
  input mesh   : /root/SemanPartMesh/compare_8d46740c472f9d36b7a04b65023ffc59_ns3000_20260508_184014/pipeline/quad_meshes/8d46740c472f9d36b7a04b65023ffc59_quad_chunks/outputs/chunk_000_quad_extract_work/chunk_000_quad_pml_repaired.obj
  cross field  : /root/SemanPartMesh/compare_8d46740c472f9d36b7a04b65023ffc59_ns3000_20260508_184014/pipeline/quad_meshes/8d46740c472f9d36b7a04b65023ffc59_quad_chunks/outputs/chunk_000_quad_extract_work/chunk_000_quad_pml_repaired_cf.txt
  output       : /root/SemanPartMesh/compare_8d46740c472f9d36b7a04b65023ffc59_ns3000_20260508_184014/pipeline/quad_meshes/8d46740c472f9d36b7a04b65023ffc59_quad_chunks/outputs/chunk_000_quad_extract_work/chunk_000_quad_gs40.obj
  gradient_size: 40.0  timeout: 1800s

  FAILED: Command '['/root/SemanPartMesh/quad_extract/build/extract_quad_mesh', '/root/SemanPartMesh/compare_8d46740c472f9d36b7a04b65023ffc59_ns3000_20260508_184014/pipeline/quad_meshes/8d46740c472f9d36b7a04b65023ffc59_quad_chunks/outputs/chunk_000_quad_extract_work/chunk_000_quad_pml_repaired.obj', '/root/SemanPartMesh/compare_8d46740c472f9d36b7a04b65023ffc59_ns3000_20260508_184014/pipeline/quad_meshes/8d46740c472f9d36b7a04b65023ffc59_quad_chunks/outputs/chunk_000_quad_extract_work/chunk_000_quad_pml_repaired_cf.txt', '/root/SemanPartMesh/compare_8d46740c472f9d36b7a04b65023ffc59_ns3000_20260508_184014/pipeline/quad_meshes/8d46740c472f9d36b7a04b65023ffc59_quad_chunks/outputs/chunk_000_quad_extract_work/chunk_000_quad_gs40.obj', '40.0', '5.0', '0', '5', '5']' returned non-zero exit status 1.
  binary       : /root/SemanPartMesh/quad_extract/build/extract_quad_mesh
  input mesh   : /root/SemanPartMesh/compare_8d46740c472f9d36b7a04b65023ffc59_ns3000_20260508_184014/pipeline/quad_meshes/8d46740c472f9d36b7a04b65023ffc59_quad_chunks/outputs/chunk_000_quad_extract_work/chunk_000_quad_pml_repaired.obj
  cross field  : /root/SemanPartMesh/compare_8d46740c472f9d36b7a04b65023ffc59_ns3000_20260508_184014/pipeline/quad_meshes/8d46740c472f9d36b7a04b65023ffc59_quad_chunks/outputs/chunk_000_quad_extract_work/chunk_000_quad_pml_repaired_cf.txt
  output       : /root/SemanPartMesh/compare_8d46740c472f9d36b7a04b65023ffc59_ns3000_20260508_184014/pipeline/quad_meshes/8d46740c472f9d36b7a04b65023ffc59_quad_chunks/outputs/chunk_000_quad_extract_work/chunk_000_quad_gs40.obj
  gradient_size: 40.0  timeout: 1800s  [stiff=50.0 dr=0 it=5]

  FAILED: Command '['/root/SemanPartMesh/quad_extract/build/extract_quad_mesh', '/root/SemanPartMesh/compare_8d46740c472f9d36b7a04b65023ffc59_ns3000_20260508_184014/pipeline/quad_meshes/8d46740c472f9d36b7a04b65023ffc59_quad_chunks/outputs/chunk_000_quad_extract_work/chunk_000_quad_pml_repaired.obj', '/root/SemanPartMesh/compare_8d46740c472f9d36b7a04b65023ffc59_ns3000_20260508_184014/pipeline/quad_meshes/8d46740c472f9d36b7a04b65023ffc59_quad_chunks/outputs/chunk_000_quad_extract_work/chunk_000_quad_pml_repaired_cf.txt', '/root/SemanPartMesh/compare_8d46740c472f9d36b7a04b65023ffc59_ns3000_20260508_184014/pipeline/quad_meshes/8d46740c472f9d36b7a04b65023ffc59_quad_chunks/outputs/chunk_000_quad_extract_work/chunk_000_quad_gs40.obj', '40.0', '50.0', '0', '5', '5']' returned non-zero exit status 1.
  binary       : /root/SemanPartMesh/quad_extract/build/extract_quad_mesh
  input mesh   : /root/SemanPartMesh/compare_8d46740c472f9d36b7a04b65023ffc59_ns3000_20260508_184014/pipeline/quad_meshes/8d46740c472f9d36b7a04b65023ffc59_quad_chunks/outputs/chunk_000_quad_extract_work/chunk_000_quad_pml_repaired.obj
  cross field  : /root/SemanPartMesh/compare_8d46740c472f9d36b7a04b65023ffc59_ns3000_20260508_184014/pipeline/quad_meshes/8d46740c472f9d36b7a04b65023ffc59_quad_chunks/outputs/chunk_000_quad_extract_work/chunk_000_quad_pml_repaired_cf.txt
  output       : /root/SemanPartMesh/compare_8d46740c472f9d36b7a04b65023ffc59_ns3000_20260508_184014/pipeline/quad_meshes/8d46740c472f9d36b7a04b65023ffc59_quad_chunks/outputs/chunk_000_quad_extract_work/chunk_000_quad_gs40.obj
  gradient_size: 40.0  timeout: 1800s  [stiff=5.0 dr=1 it=5]

  FAILED: Command '['/root/SemanPartMesh/quad_extract/build/extract_quad_mesh', '/root/SemanPartMesh/compare_8d46740c472f9d36b7a04b65023ffc59_ns3000_20260508_184014/pipeline/quad_meshes/8d46740c472f9d36b7a04b65023ffc59_quad_chunks/outputs/chunk_000_quad_extract_work/chunk_000_quad_pml_repaired.obj', '/root/SemanPartMesh/compare_8d46740c472f9d36b7a04b65023ffc59_ns3000_20260508_184014/pipeline/quad_meshes/8d46740c472f9d36b7a04b65023ffc59_quad_chunks/outputs/chunk_000_quad_extract_work/chunk_000_quad_pml_repaired_cf.txt', '/root/SemanPartMesh/compare_8d46740c472f9d36b7a04b65023ffc59_ns3000_20260508_184014/pipeline/quad_meshes/8d46740c472f9d36b7a04b65023ffc59_quad_chunks/outputs/chunk_000_quad_extract_work/chunk_000_quad_gs40.obj', '40.0', '5.0', '1', '5', '5']' returned non-zero exit status 1.
  binary       : /root/SemanPartMesh/quad_extract/build/extract_quad_mesh
  input mesh   : /root/SemanPartMesh/compare_8d46740c472f9d36b7a04b65023ffc59_ns3000_20260508_184014/pipeline/quad_meshes/8d46740c472f9d36b7a04b65023ffc59_quad_chunks/outputs/chunk_000_quad_extract_work/chunk_000_quad_pml_repaired.obj
  cross field  : /root/SemanPartMesh/compare_8d46740c472f9d36b7a04b65023ffc59_ns3000_20260508_184014/pipeline/quad_meshes/8d46740c472f9d36b7a04b65023ffc59_quad_chunks/outputs/chunk_000_quad_extract_work/chunk_000_quad_pml_repaired_cf.txt
  output       : /root/SemanPartMesh/compare_8d46740c472f9d36b7a04b65023ffc59_ns3000_20260508_184014/pipeline/quad_meshes/8d46740c472f9d36b7a04b65023ffc59_quad_chunks/outputs/chunk_000_quad_extract_work/chunk_000_quad_gs40.obj
  gradient_size: 40.0  timeout: 1800s  [stiff=50.0 dr=1 it=5]

  FAILED: Command '['/root/SemanPartMesh/quad_extract/build/extract_quad_mesh', '/root/SemanPartMesh/compare_8d46740c472f9d36b7a04b65023ffc59_ns3000_20260508_184014/pipeline/quad_meshes/8d46740c472f9d36b7a04b65023ffc59_quad_chunks/outputs/chunk_000_quad_extract_work/chunk_000_quad_pml_repaired.obj', '/root/SemanPartMesh/compare_8d46740c472f9d36b7a04b65023ffc59_ns3000_20260508_184014/pipeline/quad_meshes/8d46740c472f9d36b7a04b65023ffc59_quad_chunks/outputs/chunk_000_quad_extract_work/chunk_000_quad_pml_repaired_cf.txt', '/root/SemanPartMesh/compare_8d46740c472f9d36b7a04b65023ffc59_ns3000_20260508_184014/pipeline/quad_meshes/8d46740c472f9d36b7a04b65023ffc59_quad_chunks/outputs/chunk_000_quad_extract_work/chunk_000_quad_gs40.obj', '40.0', '50.0', '1', '5', '5']' returned non-zero exit status 1.
  binary       : /root/SemanPartMesh/quad_extract/build/extract_quad_mesh
  input mesh   : /root/SemanPartMesh/compare_8d46740c472f9d36b7a04b65023ffc59_ns3000_20260508_184014/pipeline/quad_meshes/8d46740c472f9d36b7a04b65023ffc59_quad_chunks/outputs/chunk_000_quad_extract_work/chunk_000_quad_pml_repaired.obj
  cross field  : /root/SemanPartMesh/compare_8d46740c472f9d36b7a04b65023ffc59_ns3000_20260508_184014/pipeline/quad_meshes/8d46740c472f9d36b7a04b65023ffc59_quad_chunks/outputs/chunk_000_quad_extract_work/chunk_000_quad_pml_repaired_cf.txt[1/4] Loading mesh: /root/SemanPartMesh/compare_8d46740c472f9d36b7a04b65023ffc59_ns3000_20260508_184014/pipeline/quad_meshes/8d46740c472f9d36b7a04b65023ffc59_quad_chunks/outputs/chunk_000_quad_extract_work/chunk_000_quad_pml_repaired.obj
       V=1268 F=2534
[2/4] Loading cross field: /root/SemanPartMesh/compare_8d46740c472f9d36b7a04b65023ffc59_ns3000_20260508_184014/pipeline/quad_meshes/8d46740c472f9d36b7a04b65023ffc59_quad_chunks/outputs/chunk_000_quad_extract_work/chunk_000_quad_pml_repaired_cf.txt
       cross field rows=2534
[3/4] Running MIQ parameterization (gradient_size=40, stiffness=200, iters=3)...

 INITIALIZED SPARSE MATRIX OF 3314d x 3314d 

 INITIALIZED SPARSE MATRIX OF 1096d x 3632d 

 INITIALIZED VECTOR OF 3314d x 1 

 INITIALIZED VECTOR OF 1096d x 1 
Initital dimension: 3632 x 3632, number of constraints: 1096, number of integer variables: 538, use reordering: yes
make_constraints_independent took 0.0070460000000000002 s.
Constraint integration took 0.037874000000000005 s.
Constraint elimination took 0.014370000000000001 s.
Reindexing took 0.00028500000000000004 s.
eliminate_constraints took 0.052713000000000003 s.
Eliminated dimension: 2536 x 2536
#nonzeros: 121233
integer variables #: 220
continuous variables #: 2316
CHOLMOD warning: matrix not positive definite. file: ./CHOLMOD/Supernodal/t_cholmod_super_numeric_worker.c line: 1090
CHOLMOD warning: not positive definite. file: ./CHOLMOD/Cholesky/t_cholmod_rowfac_worker.c line: 433
solve took 0.018249999999999999 s.
restore_eliminated_vars took 0.00066300000000000007 s.
solve took 0.079436999999999994 s.
ITERATION 0 FLIPS 0 
**** END OPTIMIZING #FLIPS 0  ****
       UV=1657 FUV=2534
Invalid MIQ output: UV=1657x2 FUV=2534x3

 Closed: Fri May 08 18:59:47 2026

[1/4] Loading mesh: /root/SemanPartMesh/compare_8d46740c472f9d36b7a04b65023ffc59_ns3000_20260508_184014/pipeline/quad_meshes/8d46740c472f9d36b7a04b65023ffc59_quad_chunks/outputs/chunk_000_quad_extract_work/chunk_000_quad_pml_repaired.obj
       V=1268 F=2534
[2/4] Loading cross field: /root/SemanPartMesh/compare_8d46740c472f9d36b7a04b65023ffc59_ns3000_20260508_184014/pipeline/quad_meshes/8d46740c472f9d36b7a04b65023ffc59_quad_chunks/outputs/chunk_000_quad_extract_work/chunk_000_quad_pml_repaired_cf.txt
       cross field rows=2534
[3/4] Running MIQ parameterization (gradient_size=60, stiffness=5, iters=5)...

 INITIALIZED SPARSE MATRIX OF 3314d x 3314d 

 INITIALIZED SPARSE MATRIX OF 1096d x 3632d 

 INITIALIZED VECTOR OF 3314d x 1 

 INITIALIZED VECTOR OF 1096d x 1 
Initital dimension: 3632 x 3632, number of constraints: 1096, number of integer variables: 538, use reordering: yes
make_constraints_independent took 0.0070159999999999997 s.
Constraint integration took 0.037531000000000002 s.
Constraint elimination took 0.014171000000000001 s.
Reindexing took 0.00027800000000000004 s.
eliminate_constraints took 0.052122000000000002 s.
Eliminated dimension: 2536 x 2536
#nonzeros: 121233
integer variables #: 220
continuous variables #: 2316
initial full solution
CHOLMOD warning: matrix not positive definite. file: ./CHOLMOD/Supernodal/t_cholmod_super_numeric_worker.c line: 1090
final full solution
CHOLMOD warning: matrix not positive definite. file: ./CHOLMOD/Supernodal/t_cholmod_super_numeric_worker.c line: 1090
 *** Statistics of MiSo Solver ***
Number of LOCAL iterations  = 220
Number of CG    iterations  = 220
Number of FULL  iterations  = 2
Number of ROUNDING          = 220
solve_multiple_rounding took 0.52577399999999996 s.
solve took 0.52588699999999999 s.
restore_eliminated_vars took 0.00066500000000000001 s.
solve took 0.58660100000000004 s.
ITERATION 0 FLIPS 0 
**** END OPTIMIZING #FLIPS 0  ****
       UV=1657 FUV=2534
Invalid MIQ output: UV=1657x2 FUV=2534x3

 Closed: Fri May 08 18:59:48 2026

[1/4] Loading mesh: /root/SemanPartMesh/compare_8d46740c472f9d36b7a04b65023ffc59_ns3000_20260508_184014/pipeline/quad_meshes/8d46740c472f9d36b7a04b65023ffc59_quad_chunks/outputs/chunk_000_quad_extract_work/chunk_000_quad_pml_repaired.obj
       V=1268 F=2534
[2/4] Loading cross field: /root/SemanPartMesh/compare_8d46740c472f9d36b7a04b65023ffc59_ns3000_20260508_184014/pipeline/quad_meshes/8d46740c472f9d36b7a04b65023ffc59_quad_chunks/outputs/chunk_000_quad_extract_work/chunk_000_quad_pml_repaired_cf.txt
       cross field rows=2534
[3/4] Running MIQ parameterization (gradient_size=60, stiffness=50, iters=5)...

 INITIALIZED SPARSE MATRIX OF 3314d x 3314d 

 INITIALIZED SPARSE MATRIX OF 1096d x 3632d 

 INITIALIZED VECTOR OF 3314d x 1 

 INITIALIZED VECTOR OF 1096d x 1 
Initital dimension: 3632 x 3632, number of constraints: 1096, number of integer variables: 538, use reordering: yes
make_constraints_independent took 0.0068100000000000001 s.
Constraint integration took 0.037990999999999997 s.
Constraint elimination took 0.014513 s.
Reindexing took 0.00027800000000000004 s.
eliminate_constraints took 0.052948000000000002 s.
Eliminated dimension: 2536 x 2536
#nonzeros: 121233
integer variables #: 220
continuous variables #: 2316
initial full solution
CHOLMOD warning: matrix not positive definite. file: ./CHOLMOD/Supernodal/t_cholmod_super_numeric_worker.c line: 1090
final full solution
CHOLMOD warning: matrix not positive definite. file: ./CHOLMOD/Supernodal/t_cholmod_super_numeric_worker.c line: 1090
 *** Statistics of MiSo Solver ***
Number of LOCAL iterations  = 220
Number of CG    iterations  = 220
Number of FULL  iterations  = 2
Number of ROUNDING          = 220
solve_multiple_rounding took 0.535547 s.
solve took 0.53564800000000001 s.
restore_eliminated_vars took 0.00063600000000000006 s.
solve took 0.59684799999999993 s.
ITERATION 0 FLIPS 0 
**** END OPTIMIZING #FLIPS 0  ****
       UV=1657 FUV=2534
Invalid MIQ output: UV=1657x2 FUV=2534x3

 Closed: Fri May 08 18:59:48 2026

[1/4] Loading mesh: /root/SemanPartMesh/compare_8d46740c472f9d36b7a04b65023ffc59_ns3000_20260508_184014/pipeline/quad_meshes/8d46740c472f9d36b7a04b65023ffc59_quad_chunks/outputs/chunk_000_quad_extract_work/chunk_000_quad_pml_repaired.obj
       V=1268 F=2534
[2/4] Loading cross field: /root/SemanPartMesh/compare_8d46740c472f9d36b7a04b65023ffc59_ns3000_20260508_184014/pipeline/quad_meshes/8d46740c472f9d36b7a04b65023ffc59_quad_chunks/outputs/chunk_000_quad_extract_work/chunk_000_quad_pml_repaired_cf.txt
       cross field rows=2534
[3/4] Running MIQ parameterization (gradient_size=60, stiffness=5, iters=5)...

 INITIALIZED SPARSE MATRIX OF 3314d x 3314d 

 INITIALIZED SPARSE MATRIX OF 1096d x 3632d 

 INITIALIZED VECTOR OF 3314d x 1 

 INITIALIZED VECTOR OF 1096d x 1 
Initital dimension: 3632 x 3632, number of constraints: 1096, number of integer variables: 538, use reordering: yes
make_constraints_independent took 0.0067260000000000002 s.
Constraint integration took 0.038807000000000001 s.
Constraint elimination took 0.015086 s.
Reindexing took 0.00027700000000000001 s.
eliminate_constraints took 0.054352000000000004 s.
Eliminated dimension: 2536 x 2536
#nonzeros: 121233
integer variables #: 220
continuous variables #: 2316
CHOLMOD warning: matrix not positive definite. file: ./CHOLMOD/Supernodal/t_cholmod_super_numeric_worker.c line: 1090
CHOLMOD warning: not positive definite. file: ./CHOLMOD/Cholesky/t_cholmod_rowfac_worker.c line: 433
solve took 0.018539999999999997 s.
restore_eliminated_vars took 0.00064300000000000002 s.
solve took 0.080960000000000004 s.
ITERATION 0 FLIPS 0 
**** END OPTIMIZING #FLIPS 0  ****
       UV=1657 FUV=2534
Invalid MIQ output: UV=1657x2 FUV=2534x3

 Closed: Fri May 08 18:59:49 2026

[1/4] Loading mesh: /root/SemanPartMesh/compare_8d46740c472f9d36b7a04b65023ffc59_ns3000_20260508_184014/pipeline/quad_meshes/8d46740c472f9d36b7a04b65023ffc59_quad_chunks/outputs/chunk_000_quad_extract_work/chunk_000_quad_pml_repaired.obj
       V=1268 F=2534
[2/4] Loading cross field: /root/SemanPartMesh/compare_8d46740c472f9d36b7a04b65023ffc59_ns3000_20260508_184014/pipeline/quad_meshes/8d46740c472f9d36b7a04b65023ffc59_quad_chunks/outputs/chunk_000_quad_extract_work/chunk_000_quad_pml_repaired_cf.txt
       cross field rows=2534
[3/4] Running MIQ parameterization (gradient_size=60, stiffness=50, iters=5)...

 INITIALIZED SPARSE MATRIX OF 3314d x 3314d 

 INITIALIZED SPARSE MATRIX OF 1096d x 3632d 

 INITIALIZED VECTOR OF 3314d x 1 

 INITIALIZED VECTOR OF 1096d x 1 
Initital dimension: 3632 x 3632, number of constraints: 1096, number of integer variables: 538, use reordering: yes
make_constraints_independent took 0.0066909999999999999 s.
Constraint integration took 0.037141 s.
Constraint elimination took 0.014237 s.
Reindexing took 0.00028899999999999998 s.
eliminate_constraints took 0.051777999999999998 s.
Eliminated dimension: 2536 x 2536
#nonzeros: 121233
integer variables #: 220
continuous variables #: 2316
CHOLMOD warning: matrix not positive definite. file: ./CHOLMOD/Supernodal/t_cholmod_super_numeric_worker.c line: 1090
CHOLMOD warning: not positive definite. file: ./CHOLMOD/Cholesky/t_cholmod_rowfac_worker.c line: 433
solve took 0.017844000000000002 s.
restore_eliminated_vars took 0.00064199999999999999 s.
solve took 0.077685000000000004 s.
ITERATION 0 FLIPS 0 
**** END OPTIMIZING #FLIPS 0  ****
       UV=1657 FUV=2534
Invalid MIQ output: UV=1657x2 FUV=2534x3

 Closed: Fri May 08 18:59:49 2026


  output       : /root/SemanPartMesh/compare_8d46740c472f9d36b7a04b65023ffc59_ns3000_20260508_184014/pipeline/quad_meshes/8d46740c472f9d36b7a04b65023ffc59_quad_chunks/outputs/chunk_000_quad_extract_work/chunk_000_quad_gs40.obj
  gradient_size: 40.0  timeout: 1800s  [stiff=200.0 dr=1 it=3]

  FAILED: Command '['/root/SemanPartMesh/quad_extract/build/extract_quad_mesh', '/root/SemanPartMesh/compare_8d46740c472f9d36b7a04b65023ffc59_ns3000_20260508_184014/pipeline/quad_meshes/8d46740c472f9d36b7a04b65023ffc59_quad_chunks/outputs/chunk_000_quad_extract_work/chunk_000_quad_pml_repaired.obj', '/root/SemanPartMesh/compare_8d46740c472f9d36b7a04b65023ffc59_ns3000_20260508_184014/pipeline/quad_meshes/8d46740c472f9d36b7a04b65023ffc59_quad_chunks/outputs/chunk_000_quad_extract_work/chunk_000_quad_pml_repaired_cf.txt', '/root/SemanPartMesh/compare_8d46740c472f9d36b7a04b65023ffc59_ns3000_20260508_184014/pipeline/quad_meshes/8d46740c472f9d36b7a04b65023ffc59_quad_chunks/outputs/chunk_000_quad_extract_work/chunk_000_quad_gs40.obj', '40.0', '200.0', '1', '3', '5']' returned non-zero exit status 1.
  FAILED: extraction failed for gs=40.0

[Auto Sweep] Trying gradient_size=60.0
  binary       : /root/SemanPartMesh/quad_extract/build/extract_quad_mesh
  input mesh   : /root/SemanPartMesh/compare_8d46740c472f9d36b7a04b65023ffc59_ns3000_20260508_184014/pipeline/quad_meshes/8d46740c472f9d36b7a04b65023ffc59_quad_chunks/outputs/chunk_000_quad_extract_work/chunk_000_quad_pml_repaired.obj
  cross field  : /root/SemanPartMesh/compare_8d46740c472f9d36b7a04b65023ffc59_ns3000_20260508_184014/pipeline/quad_meshes/8d46740c472f9d36b7a04b65023ffc59_quad_chunks/outputs/chunk_000_quad_extract_work/chunk_000_quad_pml_repaired_cf.txt
  output       : /root/SemanPartMesh/compare_8d46740c472f9d36b7a04b65023ffc59_ns3000_20260508_184014/pipeline/quad_meshes/8d46740c472f9d36b7a04b65023ffc59_quad_chunks/outputs/chunk_000_quad_extract_work/chunk_000_quad_gs60.obj
  gradient_size: 60.0  timeout: 1800s

  FAILED: Command '['/root/SemanPartMesh/quad_extract/build/extract_quad_mesh', '/root/SemanPartMesh/compare_8d46740c472f9d36b7a04b65023ffc59_ns3000_20260508_184014/pipeline/quad_meshes/8d46740c472f9d36b7a04b65023ffc59_quad_chunks/outputs/chunk_000_quad_extract_work/chunk_000_quad_pml_repaired.obj', '/root/SemanPartMesh/compare_8d46740c472f9d36b7a04b65023ffc59_ns3000_20260508_184014/pipeline/quad_meshes/8d46740c472f9d36b7a04b65023ffc59_quad_chunks/outputs/chunk_000_quad_extract_work/chunk_000_quad_pml_repaired_cf.txt', '/root/SemanPartMesh/compare_8d46740c472f9d36b7a04b65023ffc59_ns3000_20260508_184014/pipeline/quad_meshes/8d46740c472f9d36b7a04b65023ffc59_quad_chunks/outputs/chunk_000_quad_extract_work/chunk_000_quad_gs60.obj', '60.0', '5.0', '0', '5', '5']' returned non-zero exit status 1.
  binary       : /root/SemanPartMesh/quad_extract/build/extract_quad_mesh
  input mesh   : /root/SemanPartMesh/compare_8d46740c472f9d36b7a04b65023ffc59_ns3000_20260508_184014/pipeline/quad_meshes/8d46740c472f9d36b7a04b65023ffc59_quad_chunks/outputs/chunk_000_quad_extract_work/chunk_000_quad_pml_repaired.obj
  cross field  : /root/SemanPartMesh/compare_8d46740c472f9d36b7a04b65023ffc59_ns3000_20260508_184014/pipeline/quad_meshes/8d46740c472f9d36b7a04b65023ffc59_quad_chunks/outputs/chunk_000_quad_extract_work/chunk_000_quad_pml_repaired_cf.txt
  output       : /root/SemanPartMesh/compare_8d46740c472f9d36b7a04b65023ffc59_ns3000_20260508_184014/pipeline/quad_meshes/8d46740c472f9d36b7a04b65023ffc59_quad_chunks/outputs/chunk_000_quad_extract_work/chunk_000_quad_gs60.obj
  gradient_size: 60.0  timeout: 1800s  [stiff=50.0 dr=0 it=5]

  FAILED: Command '['/root/SemanPartMesh/quad_extract/build/extract_quad_mesh', '/root/SemanPartMesh/compare_8d46740c472f9d36b7a04b65023ffc59_ns3000_20260508_184014/pipeline/quad_meshes/8d46740c472f9d36b7a04b65023ffc59_quad_chunks/outputs/chunk_000_quad_extract_work/chunk_000_quad_pml_repaired.obj', '/root/SemanPartMesh/compare_8d46740c472f9d36b7a04b65023ffc59_ns3000_20260508_184014/pipeline/quad_meshes/8d46740c472f9d36b7a04b65023ffc59_quad_chunks/outputs/chunk_000_quad_extract_work/chunk_000_quad_pml_repaired_cf.txt', '/root/SemanPartMesh/compare_8d46740c472f9d36b7a04b65023ffc59_ns3000_20260508_184014/pipeline/quad_meshes/8d46740c472f9d36b7a04b65023ffc59_quad_chunks/outputs/chunk_000_quad_extract_work/chunk_000_quad_gs60.obj', '60.0', '50.0', '0', '5', '5']' returned non-zero exit status 1.
  binary       : /root/SemanPartMesh/quad_extract/build/extract_quad_mesh
  input mesh   : /root/SemanPartMesh/compare_8d46740c472f9d36b7a04b65023ffc59_ns3000_20260508_184014/pipeline/quad_meshes/8d46740c472f9d36b7a04b65023ffc59_quad_chunks/outputs/chunk_000_quad_extract_work/chunk_000_quad_pml_repaired.obj
  cross field  : /root/SemanPartMesh/compare_8d46740c472f9d36b7a04b65023ffc59_ns3000_20260508_184014/pipeline/quad_meshes/8d46740c472f9d36b7a04b65023ffc59_quad_chunks/outputs/chunk_000_quad_extract_work/chunk_000_quad_pml_repaired_cf.txt
  output       : /root/SemanPartMesh/compare_8d46740c472f9d36b7a04b65023ffc59_ns3000_20260508_184014/pipeline/quad_meshes/8d46740c472f9d36b7a04b65023ffc59_quad_chunks/outputs/chunk_000_quad_extract_work/chunk_000_quad_gs60.obj
  gradient_size: 60.0  timeout: 1800s  [stiff=5.0 dr=1 it=5]

  FAILED: Command '['/root/SemanPartMesh/quad_extract/build/extract_quad_mesh', '/root/SemanPartMesh/compare_8d46740c472f9d36b7a04b65023ffc59_ns3000_20260508_184014/pipeline/quad_meshes/8d46740c472f9d36b7a04b65023ffc59_quad_chunks/outputs/chunk_000_quad_extract_work/chunk_000_quad_pml_repaired.obj', '/root/SemanPartMesh/compare_8d46740c472f9d36b7a04b65023ffc59_ns3000_20260508_184014/pipeline/quad_meshes/8d46740c472f9d36b7a04b65023ffc59_quad_chunks/outputs/chunk_000_quad_extract_work/chunk_000_quad_pml_repaired_cf.txt', '/root/SemanPartMesh/compare_8d46740c472f9d36b7a04b65023ffc59_ns3000_20260508_184014/pipeline/quad_meshes/8d46740c472f9d36b7a04b65023ffc59_quad_chunks/outputs/chunk_000_quad_extract_work/chunk_000_quad_gs60.obj', '60.0', '5.0', '1', '5', '5']' returned non-zero exit status 1.
  binary       : /root/SemanPartMesh/quad_extract/build/extract_quad_mesh
  input mesh   : /root/SemanPartMesh/compare_8d46740c472f9d36b7a04b65023ffc59_ns3000_20260508_184014/pipeline/quad_meshes/8d46740c472f9d36b7a04b65023ffc59_quad_chunks/outputs/chunk_000_quad_extract_work/chunk_000_quad_pml_repaired.obj
  cross field  : /root/SemanPartMesh/compare_8d46740c472f9d36b7a04b65023ffc59_ns3000_20260508_184014/pipeline/quad_meshes/8d46740c472f9d36b7a04b65023ffc59_quad_chunks/outputs/chunk_000_quad_extract_work/chunk_000_quad_pml_repaired_cf.txt
  output       : /root/SemanPartMesh/compare_8d46740c472f9d36b7a04b65023ffc59_ns3000_20260508_184014/pipeline/quad_meshes/8d46740c472f9d36b7a04b65023ffc59_quad_chunks/outputs/chunk_000_quad_extract_work/chunk_000_quad_gs60.obj
  gradient_size: 60.0  timeout: 1800s  [stiff=50.0 dr=1 it=5]

  FAILED: Command '['/root/SemanPartMesh/quad_extract/build/extract_quad_mesh', '/root/SemanPartMesh/compare_8d46740c472f9d36b7a04b65023ffc59_ns3000_20260508_184014/pipeline/quad_meshes/8d46740c472f9d36b7a04b65023ffc59_quad_chunks/outputs/chunk_000_quad_extract_work/chunk_000_quad_pml_repaired.obj', '/root/SemanPartMesh/compare_8d46740c472f9d36b7a04b65023ffc59_ns3000_20260508_184014/pipeline/quad_meshes/8d46740c472f9d36b7a04b65023ffc59_quad_chunks/outputs/chunk_000_quad_extract_work/chunk_000_quad_pml_repaired_cf.txt', '/root/SemanPartMesh/compare_8d46740c472f9d36b7a04b65023ffc59_ns3000_20260508_184014/pipeline/quad_meshes/8d46740c472f9d36b7a04b65023ffc59_quad_chunks/outputs/chunk_000_quad_extract_work/chunk_000_quad_gs60.obj', '60.0', '50.0', '1', '5', '5']' returned non-zero exit status 1.
  binary       : /root/SemanPartMesh/quad_extract/build/extract_quad_mesh
  input mesh   : /root/SemanPartMesh/compare_8d46740c472f9d36b7a04b65023ffc59_ns3000_20260508_184014/pipeline/quad_meshes/8d46740c472f9d36b7a04b65023ffc59_quad_chunks/outputs/chunk_000_quad_extract_work/chunk_000_quad_pml_repaired.obj
  cross field  : /root/SemanPartMesh/compare_8d46740c472f9d36b7a04b65023ffc59_ns3000_20260508_184014/pipeline/quad_meshes/8d46740c472f9d36b7a04b65023ffc59_quad_chunks/outputs/chunk_000_quad_extract_work/chunk_000_quad_pml_repaired_cf.txt[1/4] Loading mesh: /root/SemanPartMesh/compare_8d46740c472f9d36b7a04b65023ffc59_ns3000_20260508_184014/pipeline/quad_meshes/8d46740c472f9d36b7a04b65023ffc59_quad_chunks/outputs/chunk_000_quad_extract_work/chunk_000_quad_pml_repaired.obj
       V=1268 F=2534
[2/4] Loading cross field: /root/SemanPartMesh/compare_8d46740c472f9d36b7a04b65023ffc59_ns3000_20260508_184014/pipeline/quad_meshes/8d46740c472f9d36b7a04b65023ffc59_quad_chunks/outputs/chunk_000_quad_extract_work/chunk_000_quad_pml_repaired_cf.txt
       cross field rows=2534
[3/4] Running MIQ parameterization (gradient_size=60, stiffness=200, iters=3)...

 INITIALIZED SPARSE MATRIX OF 3314d x 3314d 

 INITIALIZED SPARSE MATRIX OF 1096d x 3632d 

 INITIALIZED VECTOR OF 3314d x 1 

 INITIALIZED VECTOR OF 1096d x 1 
Initital dimension: 3632 x 3632, number of constraints: 1096, number of integer variables: 538, use reordering: yes
make_constraints_independent took 0.0066980000000000008 s.
Constraint integration took 0.037358000000000002 s.
Constraint elimination took 0.014108000000000001 s.
Reindexing took 0.00030199999999999997 s.
eliminate_constraints took 0.051936999999999997 s.
Eliminated dimension: 2536 x 2536
#nonzeros: 121233
integer variables #: 220
continuous variables #: 2316
CHOLMOD warning: matrix not positive definite. file: ./CHOLMOD/Supernodal/t_cholmod_super_numeric_worker.c line: 1090
CHOLMOD warning: not positive definite. file: ./CHOLMOD/Cholesky/t_cholmod_rowfac_worker.c line: 433
solve took 0.017814 s.
restore_eliminated_vars took 0.00066200000000000005 s.
solve took 0.077848000000000001 s.
ITERATION 0 FLIPS 0 
**** END OPTIMIZING #FLIPS 0  ****
       UV=1657 FUV=2534
Invalid MIQ output: UV=1657x2 FUV=2534x3

 Closed: Fri May 08 18:59:49 2026

[1/4] Loading mesh: /root/SemanPartMesh/compare_8d46740c472f9d36b7a04b65023ffc59_ns3000_20260508_184014/pipeline/quad_meshes/8d46740c472f9d36b7a04b65023ffc59_quad_chunks/outputs/chunk_000_quad_extract_work/chunk_000_quad_pml_isomesh.obj
       V=218 F=436
[2/4] Loading cross field: /root/SemanPartMesh/compare_8d46740c472f9d36b7a04b65023ffc59_ns3000_20260508_184014/pipeline/quad_meshes/8d46740c472f9d36b7a04b65023ffc59_quad_chunks/outputs/chunk_000_quad_extract_work/chunk_000_quad_pml_isomesh_cf.txt
       cross field rows=436
[3/4] Running MIQ parameterization (gradient_size=8, stiffness=5, iters=5)...

 INITIALIZED SPARSE MATRIX OF 700d x 700d 

 INITIALIZED SPARSE MATRIX OF 422d x 858d 

 INITIALIZED VECTOR OF 700d x 1 

 INITIALIZED VECTOR OF 422d x 1 
Initital dimension: 858 x 858, number of constraints: 422, number of integer variables: 274, use reordering: yes
make_constraints_independent took 0.002823 s.
Constraint integration took 0.010101000000000001 s.
Constraint elimination took 0.0029410000000000005 s.
Reindexing took 0.000127 s.
eliminate_constraints took 0.013293000000000001 s.
Eliminated dimension: 436 x 436
#nonzeros: 21590
integer variables #: 116
continuous variables #: 320
initial full solution
final full solution
 *** Statistics of MiSo Solver ***
Number of LOCAL iterations  = 51
Number of CG    iterations  = 51
Number of FULL  iterations  = 11
Number of ROUNDING          = 116
solve_multiple_rounding took 0.61152300000000004 s.
solve took 0.61164799999999997 s.
restore_eliminated_vars took 0.000224 s.
solve took 0.62862499999999999 s.
Maximum Distorsion 22.1875 
Maximum Laplacian 45.4506 
ITERATION 0 FLIPS 74 

 INITIALIZED SPARSE MATRIX OF 700d x 700d 

 INITIALIZED SPARSE MATRIX OF 422d x 858d 

 INITIALIZED VECTOR OF 700d x 1 

 INITIALIZED VECTOR OF 422d x 1 
Initital dimension: 858 x 858, number of constraints: 422, number of integer variables: 274, use reordering: yes
make_constraints_independent took 0.0027660000000000002 s.
Constraint integration took 0.010285000000000001 s.
Constraint elimination took 0.0029980000000000002 s.
Reindexing took 0.000121 s.
eliminate_constraints took 0.013526 s.
Eliminated dimension: 436 x 436
#nonzeros: 21597
integer variables #: 116
continuous variables #: 320
initial full solution
final full solution
 *** Statistics of MiSo Solver ***
Number of LOCAL iterations  = 51
Number of CG    iterations  = 51
Number of FULL  iterations  = 27
Number of ROUNDING          = 116
solve_multiple_rounding took 0.69588200000000011 s.
solve took 0.69601800000000003 s.
restore_eliminated_vars took 0.00022700000000000002 s.
solve took 0.713001 s.
Maximum Distorsion 28.5525 
Maximum Laplacian 57.7005 
ITERATION 1 FLIPS 103 

 INITIALIZED SPARSE MATRIX OF 700d x 700d 

 INITIALIZED SPARSE MATRIX OF 422d x 858d 

 INITIALIZED VECTOR OF 700d x 1 

 INITIALIZED VECTOR OF 422d x 1 
Initital dimension: 858 x 858, number of constraints: 422, number of integer variables: 274, use reordering: yes
make_constraints_independent took 0.0026430000000000004 s.
Constraint integration took 0.0099280000000000011 s.
Constraint elimination took 0.0029410000000000005 s.
Reindexing took 0.000136 s.
eliminate_constraints took 0.013139000000000001 s.
Eliminated dimension: 436 x 436
#nonzeros: 21513
integer variables #: 116
continuous variables #: 320
initial full solution
final full solution
 *** Statistics of MiSo Solver ***
Number of LOCAL iterations  = 49
Number of CG    iterations  = 49
Number of FULL  iterations  = 27
Number of ROUNDING          = 116
solve_multiple_rounding took 0.71597800000000011 s.
solve took 0.71611300000000011 s.
restore_eliminated_vars took 0.00022900000000000001 s.
solve took 0.73267700000000002 s.
Maximum Distorsion 12.8533 
Maximum Laplacian 21.0044 
ITERATION 2 FLIPS 84 

 INITIALIZED SPARSE MATRIX OF 700d x 700d 

 INITIALIZED SPARSE MATRIX OF 422d x 858d 

 INITIALIZED VECTOR OF 700d x 1 

 INITIALIZED VECTOR OF 422d x 1 
Initital dimension: 858 x 858, number of constraints: 422, number of integer variables: 274, use reordering: yes
make_constraints_independent took 0.0027820000000000002 s.
Constraint integration took 0.010266000000000001 s.
Constraint elimination took 0.0028540000000000002 s.
Reindexing took 0.000136 s.
eliminate_constraints took 0.013384999999999999 s.
Eliminated dimension: 436 x 436
#nonzeros: 21522
integer variables #: 116
continuous variables #: 320
initial full solution
final full solution
 *** Statistics of MiSo Solver ***
Number of LOCAL iterations  = 56
Number of CG    iterations  = 56
Number of FULL  iterations  = 34
Number of ROUNDING          = 116
solve_multiple_rounding took 0.83236900000000003 s.
solve took 0.83249000000000006 s.
restore_eliminated_vars took 0.00022499999999999999 s.
solve took 0.84937600000000002 s.
Maximum Distorsion 13.0821 
Maximum Laplacian 17.8992 
ITERATION 3 FLIPS 91 

 INITIALIZED SPARSE MATRIX OF 700d x 700d 

 INITIALIZED SPARSE MATRIX OF 422d x 858d 

 INITIALIZED VECTOR OF 700d x 1 

 INITIALIZED VECTOR OF 422d x 1 
Initital dimension: 858 x 858, number of constraints: 422, number of integer variables: 274, use reordering: yes
make_constraints_independent took 0.0027499999999999998 s.
Constraint integration took 0.010446 s.
Constraint elimination took 0.0029330000000000003 s.
Reindexing took 0.000122 s.
eliminate_constraints took 0.013631000000000001 s.
Eliminated dimension: 436 x 436
#nonzeros: 21601
integer variables #: 116
continuous variables #: 320
initial full solution
final full solution
 *** Statistics of MiSo Solver ***
Number of LOCAL iterations  = 52
Number of CG    iterations  = 52
Number of FULL  iterations  = 33
Number of ROUNDING          = 116
solve_multiple_rounding took 0.83411500000000005 s.
solve took 0.83424399999999999 s.
restore_eliminated_vars took 0.00023600000000000002 s.
solve took 0.85135900000000009 s.
Maximum Distorsion 28.4236 
Maximum Laplacian 57.3883 
ITERATION 4 FLIPS 113 
**** END OPTIMIZING #FLIPS 113  ****
       UV=350 FUV=436
[4/4] Extracting quad mesh with libQEx...
       Quad vertices=41 Quad faces=41
Output saved to: /root/SemanPartMesh/compare_8d46740c472f9d36b7a04b65023ffc59_ns3000_20260508_184014/pipeline/quad_meshes/8d46740c472f9d36b7a04b65023ffc59_quad_chunks/outputs/chunk_000_quad_extract_work/chunk_000_quad_gs8.obj

 Closed: Fri May 08 18:59:53 2026

[1/4] Loading mesh: /root/SemanPartMesh/compare_8d46740c472f9d36b7a04b65023ffc59_ns3000_20260508_184014/pipeline/quad_meshes/8d46740c472f9d36b7a04b65023ffc59_quad_chunks/outputs/chunk_000_quad_extract_work/chunk_000_quad_pml_isomesh.obj
       V=218 F=436
[2/4] Loading cross field: /root/SemanPartMesh/compare_8d46740c472f9d36b7a04b65023ffc59_ns3000_20260508_184014/pipeline/quad_meshes/8d46740c472f9d36b7a04b65023ffc59_quad_chunks/outputs/chunk_000_quad_extract_work/chunk_000_quad_pml_isomesh_cf.txt
       cross field rows=436
[3/4] Running MIQ parameterization (gradient_size=12, stiffness=5, iters=5)...

 INITIALIZED SPARSE MATRIX OF 700d x 700d 

 INITIALIZED SPARSE MATRIX OF 422d x 858d 

 INITIALIZED VECTOR OF 700d x 1 

 INITIALIZED VECTOR OF 422d x 1 
Initital dimension: 858 x 858, number of constraints: 422, number of integer variables: 274, use reordering: yes
make_constraints_independent took 0.002928 s.
Constraint integration took 0.010676999999999999 s.
Constraint elimination took 0.003326 s.
Reindexing took 0.00013700000000000002 s.
eliminate_constraints took 0.014279 s.
Eliminated dimension: 436 x 436
#nonzeros: 21590
integer variables #: 116
continuous variables #: 320
initial full solution
final full solution
 *** Statistics of MiSo Solver ***
Number of LOCAL iterations  = 59
Number of CG    iterations  = 59
Number of FULL  iterations  = 21
Number of ROUNDING          = 116
solve_multiple_rounding took 0.72547499999999998 s.
solve took 0.7256180000000001 s.
restore_eliminated_vars took 0.00031399999999999999 s.
solve took 0.74376900000000001 s.
Maximum Distorsion 10.0574 
Maximum Laplacian 20.2294 
ITERATION 0 FLIPS 63 

 INITIALIZED SPARSE MATRIX OF 700d x 700d 

 INITIALIZED SPARSE MATRIX OF 422d x 858d 

 INITIALIZED VECTOR OF 700d x 1 

 INITIALIZED VECTOR OF 422d x 1 
Initital dimension: 858 x 858, number of constraints: 422, number of integer variables: 274, use reordering: yes
make_constraints_independent took 0.0026710000000000002 s.
Constraint integration took 0.010114000000000001 s.
Constraint elimination took 0.0030609999999999999 s.
Reindexing took 0.00011400000000000001 s.
eliminate_constraints took 0.013429999999999999 s.
Eliminated dimension: 436 x 436
#nonzeros: 21606
integer variables #: 116
continuous variables #: 320
initial full solution
final full solution
 *** Statistics of MiSo Solver ***
Number of LOCAL iterations  = 50
Number of CG    iterations  = 50
Number of FULL  iterations  = 21
Number of ROUNDING          = 116
solve_multiple_rounding took 0.68840400000000002 s.
solve took 0.68852600000000008 s.
restore_eliminated_vars took 0.00023900000000000001 s.
solve took 0.70532799999999995 s.
Maximum Distorsion 5.7571 
Maximum Laplacian 12.1934 
ITERATION 1 FLIPS 65 

 INITIALIZED SPARSE MATRIX OF 700d x 700d 

 INITIALIZED SPARSE MATRIX OF 422d x 858d 

 INITIALIZED VECTOR OF 700d x 1 

 INITIALIZED VECTOR OF 422d x 1 
Initital dimension: 858 x 858, number of constraints: 422, number of integer variables: 274, use reordering: yes
make_constraints_independent took 0.0027499999999999998 s.
Constraint integration took 0.010450000000000001 s.
Constraint elimination took 0.003078 s.
Reindexing took 0.00012300000000000001 s.
eliminate_constraints took 0.013825 s.
Eliminated dimension: 436 x 436
#nonzeros: 21596
integer variables #: 116
continuous variables #: 320
initial full solution
final full solution
 *** Statistics of MiSo Solver ***
Number of LOCAL iterations  = 48
Number of CG    iterations  = 48
Number of FULL  iterations  = 26
Number of ROUNDING          = 116
solve_multiple_rounding took 0.71263900000000002 s.
solve took 0.71276899999999999 s.
restore_eliminated_vars took 0.00022800000000000001 s.
solve took 0.73005600000000004 s.
Maximum Distorsion 6.0387 
Maximum Laplacian 11.3973 
ITERATION 2 FLIPS 53 

 INITIALIZED SPARSE MATRIX OF 700d x 700d 

 INITIALIZED SPARSE MATRIX OF 422d x 858d 

 INITIALIZED VECTOR OF 700d x 1 

 INITIALIZED VECTOR OF 422d x 1 
Initital dimension: 858 x 858, number of constraints: 422, number of integer variables: 274, use reordering: yes
make_constraints_independent took 0.0026570000000000001 s.
Constraint integration took 0.01034 s.
Constraint elimination took 0.0028519999999999999 s.
Reindexing took 0.00011300000000000001 s.
eliminate_constraints took 0.013429 s.
Eliminated dimension: 436 x 436
#nonzeros: 21514
integer variables #: 116
continuous variables #: 320
initial full solution
final full solution
 *** Statistics of MiSo Solver ***
Number of LOCAL iterations  = 55
Number of CG    iterations  = 55
Number of FULL  iterations  = 34
Number of ROUNDING          = 116
solve_multiple_rounding took 0.80348299999999995 s.
solve took 0.80359899999999995 s.
restore_eliminated_vars took 0.00023500000000000002 s.
solve took 0.82034299999999993 s.
Maximum Distorsion 7.9617 
Maximum Laplacian 12.8691 
ITERATION 3 FLIPS 48 

 INITIALIZED SPARSE MATRIX OF 700d x 700d 

 INITIALIZED SPARSE MATRIX OF 422d x 858d 

 INITIALIZED VECTOR OF 700d x 1 

 INITIALIZED VECTOR OF 422d x 1 
Initital dimension: 858 x 858, number of constraints: 422, number of integer variables: 274, use reordering: yes
make_constraints_independent took 0.0028090000000000003 s.
Constraint integration took 0.010421 s.
Constraint elimination took 0.0028839999999999998 s.
Reindexing took 0.000115 s.
eliminate_constraints took 0.013537 s.
Eliminated dimension: 436 x 436
#nonzeros: 21586
integer variables #: 116
continuous variables #: 320
initial full solution
final full solution
 *** Statistics of MiSo Solver ***
Number of LOCAL iterations  = 49
Number of CG    iterations  = 49
Number of FULL  iterations  = 26
Number of ROUNDING          = 116
solve_multiple_rounding took 0.7089970000000001 s.
solve took 0.70910800000000007 s.
restore_eliminated_vars took 0.00023900000000000001 s.
solve took 0.72617299999999996 s.
Maximum Distorsion 6.7183 
Maximum Laplacian 9.4821 
ITERATION 4 FLIPS 56 
**** END OPTIMIZING #FLIPS 56  ****
       UV=350 FUV=436
[4/4] Extracting quad mesh with libQEx...
[41mWarning: When tracing from GV 66, LEI 1 I hit GV 75, LEI 1.
  However, this GV is already connected to GV 2, LEI 3[0m
[41mWarning: When tracing from GV 75, LEI 3 I hit GV 2, LEI 3.
  However, this GV is already connected to GV 75, LEI 1[0m
[1;41mWarning: find_path didn't find the point where the path leaves a triangle in step 0.
*********** DEBUG OUTPUT START ***********[0m
triangle-path intersection: 0
Segment 1: Segment_2(Point_2(2, -1), Point_2(1.14807, -0.435914)),
Segment 2: Segment_2(Point_2(1, -1), Point_2(1.14807, -0.435914)),
Path: Segment_2(Point_2(0, -1), Point_2(-1, -1))
Here's Tikz output for you so you can debug it more easily. You're welcome.
\draw[black,->,>=latex] (2, -1) -- (1.14807, -0.435914);
\draw[black,->,>=latex] (1, -1) -- (1.14807, -0.435914);
\draw[black,->,>=latex] (0, -1) -- (-1, -1);
Debug info:
vis{0,1,2} = 0, 0, 0
is1, is2 = 0, 0
uv{0,1,2} = Point_2(2, -1), Point_2(1.14807, -0.435914), Point_2(1, -1)
path = Point_2(0, -1) -> Point_2(-1, -1)
orient2d(uv0, uv2, path[0]) = 0
orient2d(uv0, uv2, path[1]) = 0
tri_ori = 1
[1;41m*********** DEBUG OUTPUT END ***********[0m
[1;41mWarning: find_path didn't find the point where the path leaves a triangle in step 0.
*********** DEBUG OUTPUT START ***********[0m
triangle-path intersection: 0
Segment 1: Segment_2(Point_2(1, -1), Point_2(0.211295, -0.942646)),
Segment 2: Segment_2(Point_2(0, -1), Point_2(0.211295, -0.942646)),
Path: Segment_2(Point_2(2, -1), Point_2(3, -1))
Here's Tikz output for you so you can debug it more easily. You're welcome.
\draw[black,->,>=latex] (1, -1) -- (0.211295, -0.942646);
\draw[black,->,>=latex] (0, -1) -- (0.211295, -0.942646);
\draw[black,->,>=latex] (2, -1) -- (3, -1);
Debug info:
vis{0,1,2} = 0, 0, 0
is1, is2 = 0, 0
uv{0,1,2} = Point_2(1, -1), Point_2(0.211295, -0.942646), Point_2(0, -1)
path = Point_2(2, -1) -> Point_2(3, -1)
orient2d(uv0, uv2, path[0]) = 0
orient2d(uv0, uv2, path[1]) = 0
tri_ori = 1
[1;41m*********** DEBUG OUTPUT END ***********[0m
WARNING: Subsequence length was 6 out of 6
Entire sequence:  129 33 50 114 64 84
Subsequence: [0, 6)
Skipped 1 non-quad faces.
       Quad vertices=106 Quad faces=102
Output saved to: /root/SemanPartMesh/compare_8d46740c472f9d36b7a04b65023ffc59_ns3000_20260508_184014/pipeline/quad_meshes/8d46740c472f9d36b7a04b65023ffc59_quad_chunks/outputs/chunk_000_quad_extract_work/chunk_000_quad_gs12.obj

 Closed: Fri May 08 18:59:57 2026

[1/4] Loading mesh: /root/SemanPartMesh/compare_8d46740c472f9d36b7a04b65023ffc59_ns3000_20260508_184014/pipeline/quad_meshes/8d46740c472f9d36b7a04b65023ffc59_quad_chunks/outputs/chunk_000_quad_extract_work/chunk_000_quad_pml_isomesh.obj
       V=218 F=436
[2/4] Loading cross field: /root/SemanPartMesh/compare_8d46740c472f9d36b7a04b65023ffc59_ns3000_20260508_184014/pipeline/quad_meshes/8d46740c472f9d36b7a04b65023ffc59_quad_chunks/outputs/chunk_000_quad_extract_work/chunk_000_quad_pml_isomesh_cf.txt
       cross field rows=436
[3/4] Running MIQ parameterization (gradient_size=16, stiffness=5, iters=5)...

 INITIALIZED SPARSE MATRIX OF 700d x 700d 

 INITIALIZED SPARSE MATRIX OF 422d x 858d 

 INITIALIZED VECTOR OF 700d x 1 

 INITIALIZED VECTOR OF 422d x 1 
Initital dimension: 858 x 858, number of constraints: 422, number of integer variables: 274, use reordering: yes
make_constraints_independent took 0.0029069999999999999 s.
Constraint integration took 0.011096999999999999 s.
Constraint elimination took 0.0034849999999999998 s.
Reindexing took 0.00013100000000000001 s.
eliminate_constraints took 0.014867000000000002 s.
Eliminated dimension: 436 x 436
#nonzeros: 21590
integer variables #: 116
continuous variables #: 320
initial full solution
final full solution
 *** Statistics of MiSo Solver ***
Number of LOCAL iterations  = 56
Number of CG    iterations  = 56
Number of FULL  iterations  = 21
Number of ROUNDING          = 116
solve_multiple_rounding took 0.73290299999999997 s.
solve took 0.73301899999999998 s.
restore_eliminated_vars took 0.00021900000000000001 s.
solve took 0.751606 s.
Maximum Distorsion 5.1636 
Maximum Laplacian 12.0876 
ITERATION 0 FLIPS 43 

 INITIALIZED SPARSE MATRIX OF 700d x 700d 

 INITIALIZED SPARSE MATRIX OF 422d x 858d 

 INITIALIZED VECTOR OF 700d x 1 

 INITIALIZED VECTOR OF 422d x 1 
Initital dimension: 858 x 858, number of constraints: 422, number of integer variables: 274, use reordering: yes
make_constraints_independent took 0.0027139999999999998 s.
Constraint integration took 0.010143000000000001 s.
Constraint elimination took 0.0030830000000000002 s.
Reindexing took 0.00011400000000000001 s.
eliminate_constraints took 0.013469 s.
Eliminated dimension: 436 x 436
#nonzeros: 21627
integer variables #: 116
continuous variables #: 320
initial full solution
final full solution
 *** Statistics of MiSo Solver ***
Number of LOCAL iterations  = 54
Number of CG    iterations  = 54
Number of FULL  iterations  = 27
Number of ROUNDING          = 116
solve_multiple_rounding took 0.76124099999999995 s.
solve took 0.76136999999999999 s.
restore_eliminated_vars took 0.00027300000000000002 s.
solve took 0.77825299999999997 s.
Maximum Distorsion 4.6498 
Maximum Laplacian 10.0558 
ITERATION 1 FLIPS 42 

 INITIALIZED SPARSE MATRIX OF 700d x 700d 

 INITIALIZED SPARSE MATRIX OF 422d x 858d 

 INITIALIZED VECTOR OF 700d x 1 

 INITIALIZED VECTOR OF 422d x 1 
Initital dimension: 858 x 858, number of constraints: 422, number of integer variables: 274, use reordering: yes
make_constraints_independent took 0.002751 s.
Constraint integration took 0.0099820000000000013 s.
Constraint elimination took 0.0027240000000000003 s.
Reindexing took 0.000115 s.
eliminate_constraints took 0.012943 s.
Eliminated dimension: 436 x 436
#nonzeros: 21597
integer variables #: 116
continuous variables #: 320
initial full solution
final full solution
 *** Statistics of MiSo Solver ***
Number of LOCAL iterations  = 53
Number of CG    iterations  = 53
Number of FULL  iterations  = 30
Number of ROUNDING          = 116
solve_multiple_rounding took 0.75348599999999999 s.
solve took 0.75360900000000008 s.
restore_eliminated_vars took 0.00022000000000000001 s.
solve took 0.769903 s.
Maximum Distorsion 5.6880 
Maximum Laplacian 10.6207 
ITERATION 2 FLIPS 30 

 INITIALIZED SPARSE MATRIX OF 700d x 700d 

 INITIALIZED SPARSE MATRIX OF 422d x 858d 

 INITIALIZED VECTOR OF 700d x 1 

 INITIALIZED VECTOR OF 422d x 1 
Initital dimension: 858 x 858, number of constraints: 422, number of integer variables: 274, use reordering: yes
make_constraints_independent took 0.0026099999999999999 s.
Constraint integration took 0.010128999999999999 s.
Constraint elimination took 0.0029820000000000003 s.
Reindexing took 0.000122 s.
eliminate_constraints took 0.013354000000000001 s.
Eliminated dimension: 436 x 436
#nonzeros: 21616
integer variables #: 116
continuous variables #: 320
initial full solution
final full solution
 *** Statistics of MiSo Solver ***
Number of LOCAL iterations  = 57
Number of CG    iterations  = 57
Number of FULL  iterations  = 35
Number of ROUNDING          = 116
solve_multiple_rounding took 0.850634 s.
solve took 0.85073800000000011 s.
restore_eliminated_vars took 0.000222 s.
solve took 0.867344 s.
Maximum Distorsion 7.3119 
Maximum Laplacian 14.8651 
ITERATION 3 FLIPS 39 

 INITIALIZED SPARSE MATRIX OF 700d x 700d 

 INITIALIZED SPARSE MATRIX OF 422d x 858d 

 INITIALIZED VECTOR OF 700d x 1 

 INITIALIZED VECTOR OF 422d x 1 
Initital dimension: 858 x 858, number of constraints: 422, number of integer variables: 274, use reordering: yes
make_constraints_independent took 0.0026199999999999999 s.
Constraint integration took 0.010218999999999999 s.
Constraint elimination took 0.0029030000000000002 s.
Reindexing took 0.00011300000000000001 s.
eliminate_constraints took 0.013379 s.
Eliminated dimension: 436 x 436
#nonzeros: 21513
integer variables #: 116
continuous variables #: 320
initial full solution
final full solution
 *** Statistics of MiSo Solver ***
Number of LOCAL iterations  = 56
Number of CG    iterations  = 56
Number of FULL  iterations  = 35
Number of ROUNDING          = 116
solve_multiple_rounding took 0.82652600000000009 s.
solve took 0.82665100000000002 s.
restore_eliminated_vars took 0.00022800000000000001 s.
solve took 0.84332299999999993 s.
Maximum Distorsion 7.8777 
Maximum Laplacian 14.0918 
ITERATION 4 FLIPS 44 
**** END OPTIMIZING #FLIPS 44  ****
       UV=350 FUV=436
[4/4] Extracting quad mesh with libQEx...
[41mLogic error: Traced into degenerate triangle (a cap). This shouldn't be possible.[0m
[41mLogic error: Traced into degenerate triangle (a cap). This shouldn't be possible.[0m
[41mEdges degenerated to a point should have 
been removed during pre processing. This doesn't seem to 
be the case here. Let's see how this ends.[0m
[41mEdges degenerated to a point should have 
been removed during pre processing. This doesn't seem to 
be the case here. Let's see how this ends.[0m
[41mWarning: When tracing from GV 145, LEI 3 I hit GV 119, LEI 0.
  However, this GV is already connected to GV 145, LEI 1[0m
[41mWarning: When tracing from GV 149, LEI 0 I hit GV 145, LEI 1.
  However, this GV is already connected to GV 119, LEI 0[0m
       Quad vertices=183 Quad faces=179
Output saved to: /root/SemanPartMesh/compare_8d46740c472f9d36b7a04b65023ffc59_ns3000_20260508_184014/pipeline/quad_meshes/8d46740c472f9d36b7a04b65023ffc59_quad_chunks/outputs/chunk_000_quad_extract_work/chunk_000_quad_gs16.obj

 Closed: Fri May 08 19:00:02 2026

[1/4] Loading mesh: /root/SemanPartMesh/compare_8d46740c472f9d36b7a04b65023ffc59_ns3000_20260508_184014/pipeline/quad_meshes/8d46740c472f9d36b7a04b65023ffc59_quad_chunks/outputs/chunk_000_quad_extract_work/chunk_000_quad_pml_isomesh.obj
       V=218 F=436
[2/4] Loading cross field: /root/SemanPartMesh/compare_8d46740c472f9d36b7a04b65023ffc59_ns3000_20260508_184014/pipeline/quad_meshes/8d46740c472f9d36b7a04b65023ffc59_quad_chunks/outputs/chunk_000_quad_extract_work/chunk_000_quad_pml_isomesh_cf.txt
       cross field rows=436
[3/4] Running MIQ parameterization (gradient_size=24, stiffness=5, iters=5)...

 INITIALIZED SPARSE MATRIX OF 700d x 700d 

 INITIALIZED SPARSE MATRIX OF 422d x 858d 

 INITIALIZED VECTOR OF 700d x 1 

 INITIALIZED VECTOR OF 422d x 1 
Initital dimension: 858 x 858, number of constraints: 422, number of integer variables: 274, use reordering: yes
make_constraints_independent took 0.0028439999999999997 s.
Constraint integration took 0.010421 s.
Constraint elimination took 0.0029330000000000003 s.
Reindexing took 0.000116 s.
eliminate_constraints took 0.013573999999999999 s.
Eliminated dimension: 436 x 436
#nonzeros: 21590
integer variables #: 116
continuous variables #: 320
initial full solution
final full solution
 *** Statistics of MiSo Solver ***
Number of LOCAL iterations  = 57
Number of CG    iterations  = 57
Number of FULL  iterations  = 13
Number of ROUNDING          = 116
solve_multiple_rounding took 0.63653700000000002 s.
solve took 0.63666400000000001 s.
restore_eliminated_vars took 0.00024399999999999999 s.
solve took 0.653945 s.
Maximum Distorsion 5.7899 
Maximum Laplacian 13.7650 
ITERATION 0 FLIPS 24 

 INITIALIZED SPARSE MATRIX OF 700d x 700d 

 INITIALIZED SPARSE MATRIX OF 422d x 858d 

 INITIALIZED VECTOR OF 700d x 1 

 INITIALIZED VECTOR OF 422d x 1 
Initital dimension: 858 x 858, number of constraints: 422, number of integer variables: 274, use reordering: yes
make_constraints_independent took 0.0026540000000000001 s.
Constraint integration took 0.010181000000000001 s.
Constraint elimination took 0.0029510000000000001 s.
Reindexing took 0.00011700000000000001 s.
eliminate_constraints took 0.013384 s.
Eliminated dimension: 436 x 436
#nonzeros: 21709
integer variables #: 116
continuous variables #: 320
initial full solution
final full solution
 *** Statistics of MiSo Solver ***
Number of LOCAL iterations  = 52
Number of CG    iterations  = 52
Number of FULL  iterations  = 27
Number of ROUNDING          = 116
solve_multiple_rounding took 0.72212799999999988 s.
solve took 0.72225200000000001 s.
restore_eliminated_vars took 0.00023600000000000002 s.
solve took 0.73897299999999999 s.
Maximum Distorsion 4.7528 
Maximum Laplacian 10.0949 
ITERATION 1 FLIPS 30 

 INITIALIZED SPARSE MATRIX OF 700d x 700d 

 INITIALIZED SPARSE MATRIX OF 422d x 858d 

 INITIALIZED VECTOR OF 700d x 1 

 INITIALIZED VECTOR OF 422d x 1 
Initital dimension: 858 x 858, number of constraints: 422, number of integer variables: 274, use reordering: yes
make_constraints_independent took 0.0026510000000000001 s.
Constraint integration took 0.010120000000000001 s.
Constraint elimination took 0.002931 s.
Reindexing took 0.000121 s.
eliminate_constraints took 0.013292 s.
Eliminated dimension: 436 x 436
#nonzeros: 21612
integer variables #: 116
continuous variables #: 320
initial full solution
final full solution
 *** Statistics of MiSo Solver ***
Number of LOCAL iterations  = 62
Number of CG    iterations  = 62
Number of FULL  iterations  = 39
Number of ROUNDING          = 116
solve_multiple_rounding took 0.89319899999999997 s.
solve took 0.89332199999999995 s.
restore_eliminated_vars took 0.000232 s.
solve took 0.90992600000000001 s.
Maximum Distorsion 6.4914 
Maximum Laplacian 14.5509 
ITERATION 2 FLIPS 25 

 INITIALIZED SPARSE MATRIX OF 700d x 700d 

 INITIALIZED SPARSE MATRIX OF 422d x 858d 

 INITIALIZED VECTOR OF 700d x 1 

 INITIALIZED VECTOR OF 422d x 1 
Initital dimension: 858 x 858, number of constraints: 422, number of integer variables: 274, use reordering: yes
make_constraints_independent took 0.002624 s.
Constraint integration took 0.010109999999999999 s.
Constraint elimination took 0.002977 s.
Reindexing took 0.00011800000000000001 s.
eliminate_constraints took 0.013336000000000001 s.
Eliminated dimension: 436 x 436
#nonzeros: 21509
integer variables #: 116
continuous variables #: 320
initial full solution
final full solution
 *** Statistics of MiSo Solver ***
Number of LOCAL iterations  = 52
Number of CG    iterations  = 52
Number of FULL  iterations  = 30
Number of ROUNDING          = 116
solve_multiple_rounding took 0.74903600000000004 s.
solve took 0.74915200000000004 s.
restore_eliminated_vars took 0.000231 s.
solve took 0.76595499999999994 s.
Maximum Distorsion 5.3860 
Maximum Laplacian 12.1065 
ITERATION 3 FLIPS 25 

 INITIALIZED SPARSE MATRIX OF 700d x 700d 

 INITIALIZED SPARSE MATRIX OF 422d x 858d 

 INITIALIZED VECTOR OF 700d x 1 

 INITIALIZED VECTOR OF 422d x 1 
Initital dimension: 858 x 858, number of constraints: 422, number of integer variables: 274, use reordering: yes
make_constraints_independent took 0.0026430000000000004 s.
Constraint integration took 0.010073 s.
Constraint elimination took 0.0029870000000000001 s.
Reindexing took 0.00012300000000000001 s.
eliminate_constraints took 0.013313 s.
Eliminated dimension: 436 x 436
#nonzeros: 21600
integer variables #: 116
continuous variables #: 320
initial full solution
final full solution
 *** Statistics of MiSo Solver ***
Number of LOCAL iterations  = 54
Number of CG    iterations  = 54
Number of FULL  iterations  = 34
Number of ROUNDING          = 116
solve_multiple_rounding took 0.77177599999999991 s.
solve took 0.77189699999999994 s.
restore_eliminated_vars took 0.00022700000000000002 s.
solve took 0.78852599999999995 s.
Maximum Distorsion 4.1131 
Maximum Laplacian 10.0329 
ITERATION 4 FLIPS 21 
**** END OPTIMIZING #FLIPS 21  ****
       UV=350 FUV=436
[4/4] Extracting quad mesh with libQEx...
[1;41mWarning: find_path didn't find the point where the path leaves a triangle in step 1.
*********** DEBUG OUTPUT START ***********[0m
triangle-path intersection: 0
Segment 1: Segment_2(Point_2(-4, 7), Point_2(-4.76266, 8.01015)),
Segment 2: Segment_2(Point_2(-5.19669, 7.97858), Point_2(-4.76266, 8.01015)),
Path: Segment_2(Point_2(-4, 6), Point_2(-5, 6))
Here's Tikz output for you so you can debug it more easily. You're welcome.
\draw[black,->,>=latex] (-4, 7) -- (-4.76266, 8.01015);
\draw[black,->,>=latex] (-5.19669, 7.97858) -- (-4.76266, 8.01015);
\draw[black,->,>=latex] (-4, 6) -- (-5, 6);
Debug info:
vis{0,1,2} = 0, 0, 0
is1, is2 = 0, 0
uv{0,1,2} = Point_2(-4, 7), Point_2(-4.76266, 8.01015), Point_2(-5.19669, 7.97858)
path = Point_2(-4, 6) -> Point_2(-5, 6)
orient2d(uv0, uv2, path[0]) = 1
orient2d(uv0, uv2, path[1]) = 1
tri_ori = 1
[1;41m*********** DEBUG OUTPUT END ***********[0m
[1;41mWarning: find_path didn't find the point where the path leaves a triangle in step 1.
*********** DEBUG OUTPUT START ***********[0m
triangle-path intersection: 0
Segment 1: Segment_2(Point_2(-4.97858, 5.80331), Point_2(-5, 3)),
Segment 2: Segment_2(Point_2(-4, 7), Point_2(-5, 3)),
Path: Segment_2(Point_2(-5, 8), Point_2(-5, 7))
Here's Tikz output for you so you can debug it more easily. You're welcome.
\draw[black,->,>=latex] (-4.97858, 5.80331) -- (-5, 3);
\draw[black,->,>=latex] (-4, 7) -- (-5, 3);
\draw[black,->,>=latex] (-5, 8) -- (-5, 7);
Debug info:
vis{0,1,2} = 0, 0, 0
is1, is2 = 0, 0
uv{0,1,2} = Point_2(-4.97858, 5.80331), Point_2(-5, 3), Point_2(-4, 7)
path = Point_2(-5, 8) -> Point_2(-5, 7)
orient2d(uv0, uv2, path[0]) = 1
orient2d(uv0, uv2, path[1]) = 1
tri_ori = 1
[1;41m*********** DEBUG OUTPUT END ***********[0m
       Quad vertices=385 Quad faces=383
Output saved to: /root/SemanPartMesh/compare_8d46740c472f9d36b7a04b65023ffc59_ns3000_20260508_184014/pipeline/quad_meshes/8d46740c472f9d36b7a04b65023ffc59_quad_chunks/outputs/chunk_000_quad_extract_work/chunk_000_quad_gs24.obj

 Closed: Fri May 08 19:00:06 2026

[1/4] Loading mesh: /root/SemanPartMesh/compare_8d46740c472f9d36b7a04b65023ffc59_ns3000_20260508_184014/pipeline/quad_meshes/8d46740c472f9d36b7a04b65023ffc59_quad_chunks/outputs/chunk_000_quad_extract_work/chunk_000_quad_pml_isomesh.obj
       V=218 F=436
[2/4] Loading cross field: /root/SemanPartMesh/compare_8d46740c472f9d36b7a04b65023ffc59_ns3000_20260508_184014/pipeline/quad_meshes/8d46740c472f9d36b7a04b65023ffc59_quad_chunks/outputs/chunk_000_quad_extract_work/chunk_000_quad_pml_isomesh_cf.txt
       cross field rows=436
[3/4] Running MIQ parameterization (gradient_size=30, stiffness=5, iters=5)...

 INITIALIZED SPARSE MATRIX OF 700d x 700d 

 INITIALIZED SPARSE MATRIX OF 422d x 858d 

 INITIALIZED VECTOR OF 700d x 1 

 INITIALIZED VECTOR OF 422d x 1 
Initital dimension: 858 x 858, number of constraints: 422, number of integer variables: 274, use reordering: yes
make_constraints_independent took 0.0028540000000000002 s.
Constraint integration took 0.010438000000000001 s.
Constraint elimination took 0.0030240000000000002 s.
Reindexing took 0.000115 s.
eliminate_constraints took 0.013702000000000001 s.
Eliminated dimension: 436 x 436
#nonzeros: 21590
integer variables #: 116
continuous variables #: 320
initial full solution
final full solution
 *** Statistics of MiSo Solver ***
Number of LOCAL iterations  = 54
Number of CG    iterations  = 54
Number of FULL  iterations  = 19
Number of ROUNDING          = 116
solve_multiple_rounding took 0.63670100000000007 s.
solve took 0.63682099999999986 s.
restore_eliminated_vars took 0.00023000000000000001 s.
solve took 0.65423100000000001 s.
Maximum Distorsion 5.8229 
Maximum Laplacian 12.2299 
ITERATION 0 FLIPS 17 

 INITIALIZED SPARSE MATRIX OF 700d x 700d 

 INITIALIZED SPARSE MATRIX OF 422d x 858d 

 INITIALIZED VECTOR OF 700d x 1 

 INITIALIZED VECTOR OF 422d x 1 
Initital dimension: 858 x 858, number of constraints: 422, number of integer variables: 274, use reordering: yes
make_constraints_independent took 0.0026259999999999999 s.
Constraint integration took 0.010192999999999999 s.
Constraint elimination took 0.0030279999999999999 s.
Reindexing took 0.00011 s.
eliminate_constraints took 0.013439 s.
Eliminated dimension: 436 x 436
#nonzeros: 21510
integer variables #: 116
continuous variables #: 320
initial full solution
final full solution
 *** Statistics of MiSo Solver ***
Number of LOCAL iterations  = 57
Number of CG    iterations  = 57
Number of FULL  iterations  = 24
Number of ROUNDING          = 116
solve_multiple_rounding took 0.73011300000000001 s.
solve took 0.73023099999999996 s.
restore_eliminated_vars took 0.00023300000000000003 s.
solve took 0.74696900000000011 s.
Maximum Distorsion 5.4953 
Maximum Laplacian 12.1768 
ITERATION 1 FLIPS 31 

 INITIALIZED SPARSE MATRIX OF 700d x 700d 

 INITIALIZED SPARSE MATRIX OF 422d x 858d 

 INITIALIZED VECTOR OF 700d x 1 

 INITIALIZED VECTOR OF 422d x 1 
Initital dimension: 858 x 858, number of constraints: 422, number of integer variables: 274, use reordering: yes
make_constraints_independent took 0.0026379999999999997 s.
Constraint integration took 0.010078 s.
Constraint elimination took 0.0027589999999999997 s.
Reindexing took 0.00011300000000000001 s.
eliminate_constraints took 0.013063999999999999 s.
Eliminated dimension: 436 x 436
#nonzeros: 21521
integer variables #: 116
continuous variables #: 320
initial full solution
final full solution
 *** Statistics of MiSo Solver ***
Number of LOCAL iterations  = 52
Number of CG    iterations  = 52
Number of FULL  iterations  = 34
Number of ROUNDING          = 116
solve_multiple_rounding took 0.77895799999999993 s.
solve took 0.77908500000000003 s.
restore_eliminated_vars took 0.000232 s.
solve took 0.79585899999999998 s.
Maximum Distorsion 5.4414 
Maximum Laplacian 11.9472 
ITERATION 2 FLIPS 17 

 INITIALIZED SPARSE MATRIX OF 700d x 700d 

 INITIALIZED SPARSE MATRIX OF 422d x 858d 

 INITIALIZED VECTOR OF 700d x 1 

 INITIALIZED VECTOR OF 422d x 1 
Initital dimension: 858 x 858, number of constraints: 422, number of integer variables: 274, use reordering: yes
make_constraints_independent took 0.0026160000000000003 s.
Constraint integration took 0.010234999999999999 s.
Constraint elimination took 0.0030569999999999998 s.
Reindexing took 0.000112 s.
eliminate_constraints took 0.013528999999999999 s.
Eliminated dimension: 436 x 436
#nonzeros: 21505
integer variables #: 116
continuous variables #: 320
initial full solution
final full solution
 *** Statistics of MiSo Solver ***
Number of LOCAL iterations  = 56
Number of CG    iterations  = 56
Number of FULL  iterations  = 27
Number of ROUNDING          = 116
solve_multiple_rounding took 0.80805500000000008 s.
solve took 0.80817399999999995 s.
restore_eliminated_vars took 0.00023500000000000002 s.
solve took 0.82499900000000004 s.
Maximum Distorsion 5.4489 
Maximum Laplacian 12.0616 
ITERATION 3 FLIPS 16 

 INITIALIZED SPARSE MATRIX OF 700d x 700d 

 INITIALIZED SPARSE MATRIX OF 422d x 858d 

 INITIALIZED VECTOR OF 700d x 1 

 INITIALIZED VECTOR OF 422d x 1 
Initital dimension: 858 x 858, number of constraints: 422, number of integer variables: 274, use reordering: yes
make_constraints_independent took 0.0027309999999999999 s.
Constraint integration took 0.0099190000000000007 s.
Constraint elimination took 0.0028219999999999999 s.
Reindexing took 0.00012400000000000001 s.
eliminate_constraints took 0.013025 s.
Eliminated dimension: 436 x 436
#nonzeros: 21504
integer variables #: 116
continuous variables #: 320
initial full solution
final full solution
 *** Statistics of MiSo Solver ***
Number of LOCAL iterations  = 55
Number of CG    iterations  = 55
Number of FULL  iterations  = 32
Number of ROUNDING          = 116
solve_multiple_rounding took 0.82773099999999999 s.
solve took 0.82785400000000009 s.
restore_eliminated_vars took 0.000231 s.
solve took 0.84425800000000006 s.
Maximum Distorsion 5.4319 
Maximum Laplacian 12.0089 
ITERATION 4 FLIPS 22 
**** END OPTIMIZING #FLIPS 22  ****
       UV=350 FUV=436
[4/4] Extracting quad mesh with libQEx...
[41mWarning: When tracing from GV 314, LEI 2 I hit GV 585, LEI 1.
  However, this GV is already connected to GV 275, LEI 1[0m
[41mWarning: When tracing from GV 585, LEI 2 I hit GV 275, LEI 1.
  However, this GV is already connected to GV 585, LEI 1[0m
[41mWarning: When tracing from GV 585, LEI 3 I hit GV 275, LEI 0.
  However, this GV is already connected to GV 585, LEI 0[0m
[41mWarning: When tracing from GV 645, LEI 2 I hit GV 585, LEI 0.
  However, this GV is already connected to GV 275, LEI 0[0m
       Quad vertices=635 Quad faces=632
Output saved to: /root/SemanPartMesh/compare_8d46740c472f9d36b7a04b65023ffc59_ns3000_20260508_184014/pipeline/quad_meshes/8d46740c472f9d36b7a04b65023ffc59_quad_chunks/outputs/chunk_000_quad_extract_work/chunk_000_quad_gs30.obj

 Closed: Fri May 08 19:00:10 2026

[1/4] Loading mesh: /root/SemanPartMesh/compare_8d46740c472f9d36b7a04b65023ffc59_ns3000_20260508_184014/pipeline/quad_meshes/8d46740c472f9d36b7a04b65023ffc59_quad_chunks/outputs/chunk_000_quad_extract_work/chunk_000_quad_pml_isomesh.obj
       V=218 F=436
[2/4] Loading cross field: /root/SemanPartMesh/compare_8d46740c472f9d36b7a04b65023ffc59_ns3000_20260508_184014/pipeline/quad_meshes/8d46740c472f9d36b7a04b65023ffc59_quad_chunks/outputs/chunk_000_quad_extract_work/chunk_000_quad_pml_isomesh_cf.txt
       cross field rows=436
[3/4] Running MIQ parameterization (gradient_size=40, stiffness=5, iters=5)...

 INITIALIZED SPARSE MATRIX OF 700d x 700d 

 INITIALIZED SPARSE MATRIX OF 422d x 858d 

 INITIALIZED VECTOR OF 700d x 1 

 INITIALIZED VECTOR OF 422d x 1 
Initital dimension: 858 x 858, number of constraints: 422, number of integer variables: 274, use reordering: yes
make_constraints_independent took 0.0028290000000000004 s.
Constraint integration took 0.010075000000000001 s.
Constraint elimination took 0.0029039999999999999 s.
Reindexing took 0.000111 s.
eliminate_constraints took 0.013199000000000001 s.
Eliminated dimension: 436 x 436
#nonzeros: 21590
integer variables #: 116
continuous variables #: 320
initial full solution
final full solution
 *** Statistics of MiSo Solver ***
Number of LOCAL iterations  = 58
Number of CG    iterations  = 58
Number of FULL  iterations  = 16
Number of ROUNDING          = 116
solve_multiple_rounding took 0.68975299999999995 s.
solve took 0.68986599999999998 s.
restore_eliminated_vars took 0.000224 s.
solve took 0.70663200000000004 s.
Maximum Distorsion 4.9918 
Maximum Laplacian 10.6581 
ITERATION 0 FLIPS 21 

 INITIALIZED SPARSE MATRIX OF 700d x 700d 

 INITIALIZED SPARSE MATRIX OF 422d x 858d 

 INITIALIZED VECTOR OF 700d x 1 

 INITIALIZED VECTOR OF 422d x 1 
Initital dimension: 858 x 858, number of constraints: 422, number of integer variables: 274, use reordering: yes
make_constraints_independent took 0.0026310000000000001 s.
Constraint integration took 0.0099170000000000005 s.
Constraint elimination took 0.002895 s.
Reindexing took 0.00011 s.
eliminate_constraints took 0.013016 s.
Eliminated dimension: 436 x 436
#nonzeros: 21696
integer variables #: 116
continuous variables #: 320
initial full solution
final full solution
 *** Statistics of MiSo Solver ***
Number of LOCAL iterations  = 53
Number of CG    iterations  = 53
Number of FULL  iterations  = 26
Number of ROUNDING          = 116
solve_multiple_rounding took 0.72643600000000008 s.
solve took 0.72656299999999996 s.
restore_eliminated_vars took 0.00022600000000000002 s.
solve took 0.74284099999999997 s.
Maximum Distorsion 3.5181 
Maximum Laplacian 7.4774 
ITERATION 1 FLIPS 15 

 INITIALIZED SPARSE MATRIX OF 700d x 700d 

 INITIALIZED SPARSE MATRIX OF 422d x 858d 

 INITIALIZED VECTOR OF 700d x 1 

 INITIALIZED VECTOR OF 422d x 1 
Initital dimension: 858 x 858, number of constraints: 422, number of integer variables: 274, use reordering: yes
make_constraints_independent took 0.0026210000000000001 s.
Constraint integration took 0.0097740000000000014 s.
Constraint elimination took 0.0028900000000000002 s.
Reindexing took 0.000111 s.
eliminate_constraints took 0.012894000000000001 s.
Eliminated dimension: 436 x 436
#nonzeros: 21509
integer variables #: 116
continuous variables #: 320
initial full solution
final full solution
 *** Statistics of MiSo Solver ***
Number of LOCAL iterations  = 52
Number of CG    iterations  = 52
Number of FULL  iterations  = 27
Number of ROUNDING          = 116
solve_multiple_rounding took 0.698384 s.
solve took 0.69848699999999997 s.
restore_eliminated_vars took 0.00022700000000000002 s.
solve took 0.71465000000000001 s.
Maximum Distorsion 4.7209 
Maximum Laplacian 11.6811 
ITERATION 2 FLIPS 11 

 INITIALIZED SPARSE MATRIX OF 700d x 700d 

 INITIALIZED SPARSE MATRIX OF 422d x 858d 

 INITIALIZED VECTOR OF 700d x 1 

 INITIALIZED VECTOR OF 422d x 1 
Initital dimension: 858 x 858, number of constraints: 422, number of integer variables: 274, use reordering: yes
make_constraints_independent took 0.0026410000000000001 s.
Constraint integration took 0.0096570000000000007 s.
Constraint elimination took 0.0027600000000000003 s.
Reindexing took 0.000111 s.
eliminate_constraints took 0.012641999999999999 s.
Eliminated dimension: 436 x 436
#nonzeros: 21511
integer variables #: 116
continuous variables #: 320
initial full solution
final full solution
 *** Statistics of MiSo Solver ***
Number of LOCAL iterations  = 51
Number of CG    iterations  = 51
Number of FULL  iterations  = 28
Number of ROUNDING          = 116
solve_multiple_rounding took 0.69113799999999992 s.
solve took 0.69125700000000001 s.
restore_eliminated_vars took 0.00022900000000000001 s.
solve took 0.70718800000000004 s.
Maximum Distorsion 4.2734 
Maximum Laplacian 8.6211 
ITERATION 3 FLIPS 16 

 INITIALIZED SPARSE MATRIX OF 700d x 700d 

 INITIALIZED SPARSE MATRIX OF 422d x 858d 

 INITIALIZED VECTOR OF 700d x 1 

 INITIALIZED VECTOR OF 422d x 1 
Initital dimension: 858 x 858, number of constraints: 422, number of integer variables: 274, use reordering: yes
make_constraints_independent took 0.0027080000000000003 s.
Constraint integration took 0.0098990000000000015 s.
Constraint elimination took 0.0027910000000000001 s.
Reindexing took 0.00011400000000000001 s.
eliminate_constraints took 0.012945 s.
Eliminated dimension: 436 x 436
#nonzeros: 21506
integer variables #: 116
continuous variables #: 320
initial full solution
final full solution
 *** Statistics of MiSo Solver ***
Number of LOCAL iterations  = 58
Number of CG    iterations  = 58
Number of FULL  iterations  = 34
Number of ROUNDING          = 116
solve_multiple_rounding took 0.83541700000000008 s.
solve took 0.83553600000000006 s.
restore_eliminated_vars took 0.000224 s.
solve took 0.85180699999999998 s.
Maximum Distorsion 4.6596 
Maximum Laplacian 10.4075 
ITERATION 4 FLIPS 10 
**** END OPTIMIZING #FLIPS 10  ****
       UV=350 FUV=436
[4/4] Extracting quad mesh with libQEx...
[41mLogic error: Traced into degenerate triangle (a cap). This shouldn't be possible.[0m
[41mLogic error: Traced into degenerate triangle (a cap). This shouldn't be possible.[0m
[41mLogic error: Traced into degenerate triangle (a cap). This shouldn't be possible.[0m
[41mLogic error: Traced into degenerate triangle (a cap). This shouldn't be possible.[0m
[41mLogic error: Traced into degenerate triangle (a cap). This shouldn't be possible.[0m
[41mLogic error: Traced into degenerate triangle (a cap). This shouldn't be possible.[0m
       Quad vertices=1122 Quad faces=1122
Output saved to: /root/SemanPartMesh/compare_8d46740c472f9d36b7a04b65023ffc59_ns3000_20260508_184014/pipeline/quad_meshes/8d46740c472f9d36b7a04b65023ffc59_quad_chunks/outputs/chunk_000_quad_extract_work/chunk_000_quad_gs40.obj

 Closed: Fri May 08 19:00:14 2026


  output       : /root/SemanPartMesh/compare_8d46740c472f9d36b7a04b65023ffc59_ns3000_20260508_184014/pipeline/quad_meshes/8d46740c472f9d36b7a04b65023ffc59_quad_chunks/outputs/chunk_000_quad_extract_work/chunk_000_quad_gs60.obj
  gradient_size: 60.0  timeout: 1800s  [stiff=200.0 dr=1 it=3]

  FAILED: Command '['/root/SemanPartMesh/quad_extract/build/extract_quad_mesh', '/root/SemanPartMesh/compare_8d46740c472f9d36b7a04b65023ffc59_ns3000_20260508_184014/pipeline/quad_meshes/8d46740c472f9d36b7a04b65023ffc59_quad_chunks/outputs/chunk_000_quad_extract_work/chunk_000_quad_pml_repaired.obj', '/root/SemanPartMesh/compare_8d46740c472f9d36b7a04b65023ffc59_ns3000_20260508_184014/pipeline/quad_meshes/8d46740c472f9d36b7a04b65023ffc59_quad_chunks/outputs/chunk_000_quad_extract_work/chunk_000_quad_pml_repaired_cf.txt', '/root/SemanPartMesh/compare_8d46740c472f9d36b7a04b65023ffc59_ns3000_20260508_184014/pipeline/quad_meshes/8d46740c472f9d36b7a04b65023ffc59_quad_chunks/outputs/chunk_000_quad_extract_work/chunk_000_quad_gs60.obj', '60.0', '200.0', '1', '3', '5']' returned non-zero exit status 1.
  FAILED: extraction failed for gs=60.0

FAILED: no valid sweep candidate produced an evaluable quad mesh

==================================================
  [Tier 2] PyMeshLab isotropic remeshing
==================================================
  [pml-remesh] faces: 2536 -> 436, verts: 218
  [cf-transfer] 2536 -> 436 faces, max_dist=0.027878, mean_dist=0.007460

[Auto Sweep]
  mesh        : /root/SemanPartMesh/compare_8d46740c472f9d36b7a04b65023ffc59_ns3000_20260508_184014/pipeline/quad_meshes/8d46740c472f9d36b7a04b65023ffc59_quad_chunks/outputs/chunk_000_quad_extract_work/chunk_000_quad_pml_isomesh.obj
  cross field : /root/SemanPartMesh/compare_8d46740c472f9d36b7a04b65023ffc59_ns3000_20260508_184014/pipeline/quad_meshes/8d46740c472f9d36b7a04b65023ffc59_quad_chunks/outputs/chunk_000_quad_extract_work/chunk_000_quad_pml_isomesh_cf.txt
  output      : /root/SemanPartMesh/compare_8d46740c472f9d36b7a04b65023ffc59_ns3000_20260508_184014/pipeline/quad_meshes/8d46740c472f9d36b7a04b65023ffc59_quad_chunks/outputs/chunk_000_quad.obj
  sweep_values: [8.0, 12.0, 16.0, 24.0, 30.0, 40.0, 60.0]
  thresholds  : min_quads=100, max_ad=15.0, min_jr=0.15

  target_quads: 218 (budget-aware ranking)

  budget_tol  : 0.200

[Auto Sweep] Trying gradient_size=8.0
  binary       : /root/SemanPartMesh/quad_extract/build/extract_quad_mesh
  input mesh   : /root/SemanPartMesh/compare_8d46740c472f9d36b7a04b65023ffc59_ns3000_20260508_184014/pipeline/quad_meshes/8d46740c472f9d36b7a04b65023ffc59_quad_chunks/outputs/chunk_000_quad_extract_work/chunk_000_quad_pml_isomesh.obj
  cross field  : /root/SemanPartMesh/compare_8d46740c472f9d36b7a04b65023ffc59_ns3000_20260508_184014/pipeline/quad_meshes/8d46740c472f9d36b7a04b65023ffc59_quad_chunks/outputs/chunk_000_quad_extract_work/chunk_000_quad_pml_isomesh_cf.txt
  output       : /root/SemanPartMesh/compare_8d46740c472f9d36b7a04b65023ffc59_ns3000_20260508_184014/pipeline/quad_meshes/8d46740c472f9d36b7a04b65023ffc59_quad_chunks/outputs/chunk_000_quad_extract_work/chunk_000_quad_gs8.obj
  gradient_size: 8.0  timeout: 1800s

[Catmull-Clark] Applying 1 iteration(s) to chunk_000_quad_gs8.obj
  target_quads : 218
  subdivided   : n_quads=164 AD_mean=25.169deg JR_min=0.1182
  RESULT [constraint-violating] n_quads=164 AD_mean=25.169deg JR_min=0.1182 SJ_mean=0.7568

[Auto Sweep] Trying gradient_size=12.0
  binary       : /root/SemanPartMesh/quad_extract/build/extract_quad_mesh
  input mesh   : /root/SemanPartMesh/compare_8d46740c472f9d36b7a04b65023ffc59_ns3000_20260508_184014/pipeline/quad_meshes/8d46740c472f9d36b7a04b65023ffc59_quad_chunks/outputs/chunk_000_quad_extract_work/chunk_000_quad_pml_isomesh.obj
  cross field  : /root/SemanPartMesh/compare_8d46740c472f9d36b7a04b65023ffc59_ns3000_20260508_184014/pipeline/quad_meshes/8d46740c472f9d36b7a04b65023ffc59_quad_chunks/outputs/chunk_000_quad_extract_work/chunk_000_quad_pml_isomesh_cf.txt
  output       : /root/SemanPartMesh/compare_8d46740c472f9d36b7a04b65023ffc59_ns3000_20260508_184014/pipeline/quad_meshes/8d46740c472f9d36b7a04b65023ffc59_quad_chunks/outputs/chunk_000_quad_extract_work/chunk_000_quad_gs12.obj
  gradient_size: 12.0  timeout: 1800s

  RESULT [constraint-violating] n_quads=102 AD_mean=20.172deg JR_min=0.2938 SJ_mean=0.8174

[Auto Sweep] Trying gradient_size=16.0
  binary       : /root/SemanPartMesh/quad_extract/build/extract_quad_mesh
  input mesh   : /root/SemanPartMesh/compare_8d46740c472f9d36b7a04b65023ffc59_ns3000_20260508_184014/pipeline/quad_meshes/8d46740c472f9d36b7a04b65023ffc59_quad_chunks/outputs/chunk_000_quad_extract_work/chunk_000_quad_pml_isomesh.obj
  cross field  : /root/SemanPartMesh/compare_8d46740c472f9d36b7a04b65023ffc59_ns3000_20260508_184014/pipeline/quad_meshes/8d46740c472f9d36b7a04b65023ffc59_quad_chunks/outputs/chunk_000_quad_extract_work/chunk_000_quad_pml_isomesh_cf.txt
  output       : /root/SemanPartMesh/compare_8d46740c472f9d36b7a04b65023ffc59_ns3000_20260508_184014/pipeline/quad_meshes/8d46740c472f9d36b7a04b65023ffc59_quad_chunks/outputs/chunk_000_quad_extract_work/chunk_000_quad_gs16.obj
  gradient_size: 16.0  timeout: 1800s

  RESULT [constraint-violating] n_quads=179 AD_mean=19.317deg JR_min=0.1829 SJ_mean=0.8229

[Auto Sweep] Trying gradient_size=24.0
  binary       : /root/SemanPartMesh/quad_extract/build/extract_quad_mesh
  input mesh   : /root/SemanPartMesh/compare_8d46740c472f9d36b7a04b65023ffc59_ns3000_20260508_184014/pipeline/quad_meshes/8d46740c472f9d36b7a04b65023ffc59_quad_chunks/outputs/chunk_000_quad_extract_work/chunk_000_quad_pml_isomesh.obj
  cross field  : /root/SemanPartMesh/compare_8d46740c472f9d36b7a04b65023ffc59_ns3000_20260508_184014/pipeline/quad_meshes/8d46740c472f9d36b7a04b65023ffc59_quad_chunks/outputs/chunk_000_quad_extract_work/chunk_000_quad_pml_isomesh_cf.txt
  output       : /root/SemanPartMesh/compare_8d46740c472f9d36b7a04b65023ffc59_ns3000_20260508_184014/pipeline/quad_meshes/8d46740c472f9d36b7a04b65023ffc59_quad_chunks/outputs/chunk_000_quad_extract_work/chunk_000_quad_gs24.obj
  gradient_size: 24.0  timeout: 1800s

  RESULT [constraint-violating] n_quads=383 AD_mean=16.759deg JR_min=0.1040 SJ_mean=0.8775

[Auto Sweep] Trying gradient_size=30.0
  binary       : /root/SemanPartMesh/quad_extract/build/extract_quad_mesh
  input mesh   : /root/SemanPartMesh/compare_8d46740c472f9d36b7a04b65023ffc59_ns3000_20260508_184014/pipeline/quad_meshes/8d46740c472f9d36b7a04b65023ffc59_quad_chunks/outputs/chunk_000_quad_extract_work/chunk_000_quad_pml_isomesh.obj
  cross field  : /root/SemanPartMesh/compare_8d46740c472f9d36b7a04b65023ffc59_ns3000_20260508_184014/pipeline/quad_meshes/8d46740c472f9d36b7a04b65023ffc59_quad_chunks/outputs/chunk_000_quad_extract_work/chunk_000_quad_pml_isomesh_cf.txt
  output       : /root/SemanPartMesh/compare_8d46740c472f9d36b7a04b65023ffc59_ns3000_20260508_184014/pipeline/quad_meshes/8d46740c472f9d36b7a04b65023ffc59_quad_chunks/outputs/chunk_000_quad_extract_work/chunk_000_quad_gs30.obj
  gradient_size: 30.0  timeout: 1800s

  RESULT [constraint-violating] n_quads=632 AD_mean=17.405deg JR_min=0.0798 SJ_mean=0.8768

[Auto Sweep] Trying gradient_size=40.0
  binary       : /root/SemanPartMesh/quad_extract/build/extract_quad_mesh
  input mesh   : /root/SemanPartMesh/compare_8d46740c472f9d36b7a04b65023ffc59_ns3000_20260508_184014/pipeline/quad_meshes/8d46740c472f9d36b7a04b65023ffc59_quad_chunks/outputs/chunk_000_quad_extract_work/chunk_000_quad_pml_isomesh.obj
  cross field  : /root/SemanPartMesh/compare_8d46740c472f9d36b7a04b65023ffc59_ns3000_20260508_184014/pipeline/quad_meshes/8d46740c472f9d36b7a04b65023ffc59_quad_chunks/outputs/chunk_000_quad_extract_work/chunk_000_quad_pml_isomesh_cf.txt
  output       : /root/SemanPartMesh/compare_8d46740c472f9d36b7a04b65023ffc59_ns3000_20260508_184014/pipeline/quad_meshes/8d46740c472f9d36b7a04b65023ffc59_quad_chunks/outputs/chunk_000_quad_extract_work/chunk_000_quad_gs40.obj
  gradient_size: 40.0  timeout: 1800s

  RESULT [constraint-violating] n_quads=1122 AD_mean=15.422deg JR_min=0.0972 SJ_mean=0.9024

[Auto Sweep] Trying gradient_size=60.0
  binary       : /root/SemanPartMesh/quad_extract/build/extract_quad_mesh[1/4] Loading mesh: /root/SemanPartMesh/compare_8d46740c472f9d36b7a04b65023ffc59_ns3000_20260508_184014/pipeline/quad_meshes/8d46740c472f9d36b7a04b65023ffc59_quad_chunks/outputs/chunk_000_quad_extract_work/chunk_000_quad_pml_isomesh.obj
       V=218 F=436
[2/4] Loading cross field: /root/SemanPartMesh/compare_8d46740c472f9d36b7a04b65023ffc59_ns3000_20260508_184014/pipeline/quad_meshes/8d46740c472f9d36b7a04b65023ffc59_quad_chunks/outputs/chunk_000_quad_extract_work/chunk_000_quad_pml_isomesh_cf.txt
       cross field rows=436
[3/4] Running MIQ parameterization (gradient_size=60, stiffness=5, iters=5)...

 INITIALIZED SPARSE MATRIX OF 700d x 700d 

 INITIALIZED SPARSE MATRIX OF 422d x 858d 

 INITIALIZED VECTOR OF 700d x 1 

 INITIALIZED VECTOR OF 422d x 1 
Initital dimension: 858 x 858, number of constraints: 422, number of integer variables: 274, use reordering: yes
make_constraints_independent took 0.002813 s.
Constraint integration took 0.010464000000000001 s.
Constraint elimination took 0.0029250000000000001 s.
Reindexing took 0.000112 s.
eliminate_constraints took 0.013618999999999999 s.
Eliminated dimension: 436 x 436
#nonzeros: 21590
integer variables #: 116
continuous variables #: 320
initial full solution
final full solution
 *** Statistics of MiSo Solver ***
Number of LOCAL iterations  = 56
Number of CG    iterations  = 56
Number of FULL  iterations  = 16
Number of ROUNDING          = 116
solve_multiple_rounding took 0.66835199999999995 s.
solve took 0.66847499999999993 s.
restore_eliminated_vars took 0.000224 s.
solve took 0.68568300000000004 s.
Maximum Distorsion 4.8246 
Maximum Laplacian 10.2782 
ITERATION 0 FLIPS 14 

 INITIALIZED SPARSE MATRIX OF 700d x 700d 

 INITIALIZED SPARSE MATRIX OF 422d x 858d 

 INITIALIZED VECTOR OF 700d x 1 

 INITIALIZED VECTOR OF 422d x 1 
Initital dimension: 858 x 858, number of constraints: 422, number of integer variables: 274, use reordering: yes
make_constraints_independent took 0.0026340000000000001 s.
Constraint integration took 0.0099880000000000004 s.
Constraint elimination took 0.0029159999999999998 s.
Reindexing took 0.00011700000000000001 s.
eliminate_constraints took 0.013163000000000001 s.
Eliminated dimension: 436 x 436
#nonzeros: 21512
integer variables #: 116
continuous variables #: 320
initial full solution
final full solution
 *** Statistics of MiSo Solver ***
Number of LOCAL iterations  = 48
Number of CG    iterations  = 48
Number of FULL  iterations  = 22
Number of ROUNDING          = 116
solve_multiple_rounding took 0.64258199999999999 s.
solve took 0.64270300000000002 s.
restore_eliminated_vars took 0.00022700000000000002 s.
solve took 0.65917399999999993 s.
Maximum Distorsion 3.7799 
Maximum Laplacian 8.9118 
ITERATION 1 FLIPS 4 

 INITIALIZED SPARSE MATRIX OF 700d x 700d 

 INITIALIZED SPARSE MATRIX OF 422d x 858d 

 INITIALIZED VECTOR OF 700d x 1 

 INITIALIZED VECTOR OF 422d x 1 
Initital dimension: 858 x 858, number of constraints: 422, number of integer variables: 274, use reordering: yes
make_constraints_independent took 0.0027130000000000001 s.
Constraint integration took 0.01013 s.
Constraint elimination took 0.0029480000000000001 s.
Reindexing took 0.00011400000000000001 s.
eliminate_constraints took 0.013316000000000001 s.
Eliminated dimension: 436 x 436
#nonzeros: 21587
integer variables #: 116
continuous variables #: 320
initial full solution
final full solution
 *** Statistics of MiSo Solver ***
Number of LOCAL iterations  = 52
Number of CG    iterations  = 52
Number of FULL  iterations  = 27
Number of ROUNDING          = 116
solve_multiple_rounding took 0.7306410000000001 s.
solve took 0.73075999999999997 s.
restore_eliminated_vars took 0.00022600000000000002 s.
solve took 0.74744600000000005 s.
Maximum Distorsion 4.5272 
Maximum Laplacian 9.6425 
ITERATION 2 FLIPS 3 

 INITIALIZED SPARSE MATRIX OF 700d x 700d 

 INITIALIZED SPARSE MATRIX OF 422d x 858d 

 INITIALIZED VECTOR OF 700d x 1 

 INITIALIZED VECTOR OF 422d x 1 
Initital dimension: 858 x 858, number of constraints: 422, number of integer variables: 274, use reordering: yes
make_constraints_independent took 0.0026259999999999999 s.
Constraint integration took 0.0097140000000000004 s.
Constraint elimination took 0.0027720000000000002 s.
Reindexing took 0.000115 s.
eliminate_constraints took 0.012716000000000002 s.
Eliminated dimension: 436 x 436
#nonzeros: 21508
integer variables #: 116
continuous variables #: 320
initial full solution
final full solution
 *** Statistics of MiSo Solver ***
Number of LOCAL iterations  = 59
Number of CG    iterations  = 59
Number of FULL  iterations  = 29
Number of ROUNDING          = 116
solve_multiple_rounding took 0.83594100000000005 s.
solve took 0.83605700000000005 s.
restore_eliminated_vars took 0.00022100000000000001 s.
solve took 0.85204499999999994 s.
Maximum Distorsion 4.5121 
Maximum Laplacian 9.6213 
ITERATION 3 FLIPS 9 

 INITIALIZED SPARSE MATRIX OF 700d x 700d 

 INITIALIZED SPARSE MATRIX OF 422d x 858d 

 INITIALIZED VECTOR OF 700d x 1 

 INITIALIZED VECTOR OF 422d x 1 
Initital dimension: 858 x 858, number of constraints: 422, number of integer variables: 274, use reordering: yes
make_constraints_independent took 0.0026199999999999999 s.
Constraint integration took 0.0096349999999999995 s.
Constraint elimination took 0.0027420000000000001 s.
Reindexing took 0.00011400000000000001 s.
eliminate_constraints took 0.012623000000000001 s.
Eliminated dimension: 436 x 436
#nonzeros: 21606
integer variables #: 116
continuous variables #: 320
initial full solution
final full solution
 *** Statistics of MiSo Solver ***
Number of LOCAL iterations  = 51
Number of CG    iterations  = 51
Number of FULL  iterations  = 27
Number of ROUNDING          = 116
solve_multiple_rounding took 0.6973959999999999 s.
solve took 0.69750999999999996 s.
restore_eliminated_vars took 0.000224 s.
solve took 0.71339399999999997 s.
Maximum Distorsion 4.5186 
Maximum Laplacian 9.6292 
ITERATION 4 FLIPS 5 
**** END OPTIMIZING #FLIPS 5  ****
       UV=350 FUV=436
[4/4] Extracting quad mesh with libQEx...
       Quad vertices=2495 Quad faces=2495
Output saved to: /root/SemanPartMesh/compare_8d46740c472f9d36b7a04b65023ffc59_ns3000_20260508_184014/pipeline/quad_meshes/8d46740c472f9d36b7a04b65023ffc59_quad_chunks/outputs/chunk_000_quad_extract_work/chunk_000_quad_gs60.obj

 Closed: Fri May 08 19:00:18 2026


  input mesh   : /root/SemanPartMesh/compare_8d46740c472f9d36b7a04b65023ffc59_ns3000_20260508_184014/pipeline/quad_meshes/8d46740c472f9d36b7a04b65023ffc59_quad_chunks/outputs/chunk_000_quad_extract_work/chunk_000_quad_pml_isomesh.obj
  cross field  : /root/SemanPartMesh/compare_8d46740c472f9d36b7a04b65023ffc59_ns3000_20260508_184014/pipeline/quad_meshes/8d46740c472f9d36b7a04b65023ffc59_quad_chunks/outputs/chunk_000_quad_extract_work/chunk_000_quad_pml_isomesh_cf.txt
  output       : /root/SemanPartMesh/compare_8d46740c472f9d36b7a04b65023ffc59_ns3000_20260508_184014/pipeline/quad_meshes/8d46740c472f9d36b7a04b65023ffc59_quad_chunks/outputs/chunk_000_quad_extract_work/chunk_000_quad_gs60.obj
  gradient_size: 60.0  timeout: 1800s

  RESULT [constraint-violating] n_quads=2495 AD_mean=15.192deg JR_min=0.1023 SJ_mean=0.9207

[Auto Sweep] Best candidate selected
  gradient_size: 16.0
  n_quads      : 179
  AD_mean_deg  : 19.317
  JR_min       : 0.1829
  saved output : /root/SemanPartMesh/compare_8d46740c472f9d36b7a04b65023ffc59_ns3000_20260508_184014/pipeline/quad_meshes/8d46740c472f9d36b7a04b65023ffc59_quad_chunks/outputs/chunk_000_quad.obj
  saved summary: /root/SemanPartMesh/compare_8d46740c472f9d36b7a04b65023ffc59_ns3000_20260508_184014/pipeline/quad_meshes/8d46740c472f9d36b7a04b65023ffc59_quad_chunks/outputs/chunk_000_quad_extract_work/chunk_000_quad_sweep_summary.json
SUCCESS (Tier 2 - isotropic remesh) -> /root/SemanPartMesh/compare_8d46740c472f9d36b7a04b65023ffc59_ns3000_20260508_184014/pipeline/quad_meshes/8d46740c472f9d36b7a04b65023ffc59_quad_chunks/outputs/chunk_000_quad.obj
[1/4] Loading mesh: /root/SemanPartMesh/compare_8d46740c472f9d36b7a04b65023ffc59_ns3000_20260508_184014/pipeline/quad_meshes/8d46740c472f9d36b7a04b65023ffc59_quad_chunks/inputs/chunk_001.obj
       V=1232 F=2464
[2/4] Loading cross field: /root/SemanPartMesh/compare_8d46740c472f9d36b7a04b65023ffc59_ns3000_20260508_184014/pipeline/quad_meshes/8d46740c472f9d36b7a04b65023ffc59_quad_chunks/inputs/chunk_001_crossfield.txt
       cross field rows=2464
[3/4] Running MIQ parameterization (gradient_size=8, stiffness=5, iters=5)...

 INITIALIZED SPARSE MATRIX OF 3324d x 3324d 

 INITIALIZED SPARSE MATRIX OF 1222d x 3686d 

 INITIALIZED VECTOR OF 3324d x 1 

 INITIALIZED VECTOR OF 1222d x 1 
Initital dimension: 3686 x 3686, number of constraints: 1222, number of integer variables: 622, use reordering: yes
make_constraints_independent took 0.0078630000000000002 s.
Constraint integration took 0.051466999999999999 s.
Constraint elimination took 0.016872000000000002 s.
Reindexing took 0.00031 s.
eliminate_constraints took 0.068780000000000008 s.
Eliminated dimension: 2464 x 2464
#nonzeros: 139380
integer variables #: 260
continuous variables #: 2204
initial full solution
final full solution
 *** Statistics of MiSo Solver ***
Number of LOCAL iterations  = 107
Number of CG    iterations  = 107
Number of FULL  iterations  = 98
Number of ROUNDING          = 260
solve_multiple_rounding took 11.050027 s.
solve took 11.050129999999999 s.
restore_eliminated_vars took 0.0006820000000000001 s.
solve took 11.128349 s.
Maximum Distorsion 14.2249 
Maximum Laplacian 27.3033 
ITERATION 0 FLIPS 324 

 INITIALIZED SPARSE MATRIX OF 3324d x 3324d 

 INITIALIZED SPARSE MATRIX OF 1222d x 3686d 

 INITIALIZED VECTOR OF 3324d x 1 

 INITIALIZED VECTOR OF 1222d x 1 
Initital dimension: 3686 x 3686, number of constraints: 1222, number of integer variables: 622, use reordering: yes
make_constraints_independent took 0.007378 s.
Constraint integration took 0.050622 s.
Constraint elimination took 0.016574999999999999 s.
Reindexing took 0.00033 s.
eliminate_constraints took 0.067646999999999999 s.
Eliminated dimension: 2464 x 2464
#nonzeros: 139037
integer variables #: 260
continuous variables #: 2204
initial full solution
final full solution
 *** Statistics of MiSo Solver ***
Number of LOCAL iterations  = 100
Number of CG    iterations  = 100
Number of FULL  iterations  = 98
Number of ROUNDING          = 260
solve_multiple_rounding took 10.739539000000001 s.
solve took 10.739678 s.
restore_eliminated_vars took 0.00070999999999999991 s.
solve took 10.817221999999999 s.
Maximum Distorsion 30.9063 
Maximum Laplacian 72.2599 
ITERATION 1 FLIPS 335 

 INITIALIZED SPARSE MATRIX OF 3324d x 3324d 

 INITIALIZED SPARSE MATRIX OF 1222d x 3686d 

 INITIALIZED VECTOR OF 3324d x 1 

 INITIALIZED VECTOR OF 1222d x 1 
Initital dimension: 3686 x 3686, number of constraints: 1222, number of integer variables: 622, use reordering: yes
make_constraints_independent took 0.0085789999999999998 s.
Constraint integration took 0.053369 s.
Constraint elimination took 0.017474 s.
Reindexing took 0.00031300000000000002 s.
eliminate_constraints took 0.071293999999999996 s.
Eliminated dimension: 2464 x 2464
#nonzeros: 139492
integer variables #: 260
continuous variables #: 2204
initial full solution
final full solution
 *** Statistics of MiSo Solver ***
Number of LOCAL iterations  = 100
Number of CG    iterations  = 100
Number of FULL  iterations  = 99
Number of ROUNDING          = 260
solve_multiple_rounding took 10.671636000000001 s.
solve took 10.671756999999999 s.
restore_eliminated_vars took 0.00068800000000000003 s.
solve took 10.752964 s.
Maximum Distorsion 12.1853 
Maximum Laplacian 27.2275 
ITERATION 2 FLIPS 348 

 INITIALIZED SPARSE MATRIX OF 3324d x 3324d 

 INITIALIZED SPARSE MATRIX OF 1222d x 3686d 

 INITIALIZED VECTOR OF 3324d x 1 

 INITIALIZED VECTOR OF 1222d x 1 
Initital dimension: 3686 x 3686, number of constraints: 1222, number of integer variables: 622, use reordering: yes
make_constraints_independent took 0.0072650000000000006 s.
Constraint integration took 0.054213000000000004 s.
Constraint elimination took 0.016157000000000001 s.
Reindexing took 0.00031100000000000002 s.
eliminate_constraints took 0.070869000000000001 s.
Eliminated dimension: 2464 x 2464
#nonzeros: 139446
integer variables #: 260
continuous variables #: 2204
initial full solution
final full solution
 *** Statistics of MiSo Solver ***
Number of LOCAL iterations  = 96
Number of CG    iterations  = 96
Number of FULL  iterations  = 96
Number of ROUNDING          = 260
solve_multiple_rounding took 10.233731000000001 s.
solve took 10.233846 s.
restore_eliminated_vars took 0.00068900000000000005 s.
solve took 10.313291999999999 s.
Maximum Distorsion 11.8535 
Maximum Laplacian 24.1650 
ITERATION 3 FLIPS 342 

 INITIALIZED SPARSE MATRIX OF 3324d x 3324d 

 INITIALIZED SPARSE MATRIX OF 1222d x 3686d 

 INITIALIZED VECTOR OF 3324d x 1 

 INITIALIZED VECTOR OF 1222d x 1 
Initital dimension: 3686 x 3686, number of constraints: 1222, number of integer variables: 622, use reordering: yes
make_constraints_independent took 0.007424 s.
Constraint integration took 0.051700000000000003 s.
Constraint elimination took 0.016385 s.
Reindexing took 0.00031599999999999998 s.
eliminate_constraints took 0.068540999999999991 s.
Eliminated dimension: 2464 x 2464
#nonzeros: 139357
integer variables #: 260
continuous variables #: 2204
initial full solution
final full solution
 *** Statistics of MiSo Solver ***
Number of LOCAL iterations  = 95
Number of CG    iterations  = 95
Number of FULL  iterations  = 95
Number of ROUNDING          = 260
solve_multiple_rounding took 10.242032999999999 s.
solve took 10.242153 s.
restore_eliminated_vars took 0.00073799999999999994 s.
solve took 10.319640999999999 s.
Maximum Distorsion 20.2745 
Maximum Laplacian 42.0948 
ITERATION 4 FLIPS 344 
**** END OPTIMIZING #FLIPS 344  ****
       UV=1662 FUV=2464
[4/4] Extracting quad mesh with libQEx...
[41mEdges degenerated to a point should have 
been removed during pre processing. This doesn't seem to 
be the case here. Let's see how this ends.[0m
[41mEdges degenerated to a point should have 
been removed during pre processing. This doesn't seem to 
be the case here. Let's see how this ends.[0m
[41mEdges degenerated to a point should have 
been removed during pre processing. This doesn't seem to 
be the case here. Let's see how this ends.[0m
[41mEdges degenerated to a point should have 
been removed during pre processing. This doesn't seem to 
be the case here. Let's see how this ends.[0m
       Quad vertices=39 Quad faces=39
Output saved to: /root/SemanPartMesh/compare_8d46740c472f9d36b7a04b65023ffc59_ns3000_20260508_184014/pipeline/quad_meshes/8d46740c472f9d36b7a04b65023ffc59_quad_chunks/outputs/chunk_001_quad_extract_work/chunk_001_quad_gs8.obj

 Closed: Fri May 08 19:01:12 2026

[1/4] Loading mesh: /root/SemanPartMesh/compare_8d46740c472f9d36b7a04b65023ffc59_ns3000_20260508_184014/pipeline/quad_meshes/8d46740c472f9d36b7a04b65023ffc59_quad_chunks/inputs/chunk_001.obj
       V=1232 F=2464
[2/4] Loading cross field: /root/SemanPartMesh/compare_8d46740c472f9d36b7a04b65023ffc59_ns3000_20260508_184014/pipeline/quad_meshes/8d46740c472f9d36b7a04b65023ffc59_quad_chunks/inputs/chunk_001_crossfield.txt
       cross field rows=2464
[3/4] Running MIQ parameterization (gradient_size=12, stiffness=5, iters=5)...

 INITIALIZED SPARSE MATRIX OF 3324d x 3324d 

 INITIALIZED SPARSE MATRIX OF 1222d x 3686d 

 INITIALIZED VECTOR OF 3324d x 1 

 INITIALIZED VECTOR OF 1222d x 1 
Initital dimension: 3686 x 3686, number of constraints: 1222, number of integer variables: 622, use reordering: yes
make_constraints_independent took 0.0078720000000000005 s.
Constraint integration took 0.052079 s.
Constraint elimination took 0.019365 s.
Reindexing took 0.00036600000000000001 s.
eliminate_constraints took 0.071980999999999989 s.
Eliminated dimension: 2464 x 2464
#nonzeros: 139380
integer variables #: 260
continuous variables #: 2204
initial full solution
final full solution
 *** Statistics of MiSo Solver ***
Number of LOCAL iterations  = 123
Number of CG    iterations  = 123
Number of FULL  iterations  = 112
Number of ROUNDING          = 260
solve_multiple_rounding took 12.662507 s.
solve took 12.662623999999999 s.
restore_eliminated_vars took 0.00072999999999999996 s.
solve took 12.744095 s.
Maximum Distorsion 21.2709 
Maximum Laplacian 45.7059 
ITERATION 0 FLIPS 230 

 INITIALIZED SPARSE MATRIX OF 3324d x 3324d 

 INITIALIZED SPARSE MATRIX OF 1222d x 3686d 

 INITIALIZED VECTOR OF 3324d x 1 

 INITIALIZED VECTOR OF 1222d x 1 
Initital dimension: 3686 x 3686, number of constraints: 1222, number of integer variables: 622, use reordering: yes
make_constraints_independent took 0.0072899999999999996 s.
Constraint integration took 0.054835000000000002 s.
Constraint elimination took 0.016192000000000002 s.
Reindexing took 0.00031199999999999999 s.
eliminate_constraints took 0.071494000000000002 s.
Eliminated dimension: 2464 x 2464
#nonzeros: 139324
integer variables #: 260
continuous variables #: 2204
initial full solution
final full solution
 *** Statistics of MiSo Solver ***
Number of LOCAL iterations  = 104
Number of CG    iterations  = 104
Number of FULL  iterations  = 102
Number of ROUNDING          = 260
solve_multiple_rounding took 11.202408 s.
solve took 11.202511000000001 s.
restore_eliminated_vars took 0.00070699999999999995 s.
solve took 11.282658 s.
Maximum Distorsion 21.2709 
Maximum Laplacian 45.1930 
ITERATION 1 FLIPS 226 

 INITIALIZED SPARSE MATRIX OF 3324d x 3324d 

 INITIALIZED SPARSE MATRIX OF 1222d x 3686d 

 INITIALIZED VECTOR OF 3324d x 1 

 INITIALIZED VECTOR OF 1222d x 1 
Initital dimension: 3686 x 3686, number of constraints: 1222, number of integer variables: 622, use reordering: yes
make_constraints_independent took 0.0072650000000000006 s.
Constraint integration took 0.054567999999999998 s.
Constraint elimination took 0.018408000000000001 s.
Reindexing took 0.00044799999999999999 s.
eliminate_constraints took 0.073620000000000005 s.
Eliminated dimension: 2464 x 2464
#nonzeros: 139022
integer variables #: 260
continuous variables #: 2204
initial full solution
final full solution
 *** Statistics of MiSo Solver ***
Number of LOCAL iterations  = 114
Number of CG    iterations  = 114
Number of FULL  iterations  = 110
Number of ROUNDING          = 260
solve_multiple_rounding took 11.790025999999999 s.
solve took 11.790141 s.
restore_eliminated_vars took 0.00070399999999999998 s.
solve took 11.872376000000001 s.
Maximum Distorsion 16.2837 
Maximum Laplacian 27.5365 
ITERATION 2 FLIPS 258 

 INITIALIZED SPARSE MATRIX OF 3324d x 3324d 

 INITIALIZED SPARSE MATRIX OF 1222d x 3686d 

 INITIALIZED VECTOR OF 3324d x 1 

 INITIALIZED VECTOR OF 1222d x 1 
Initital dimension: 3686 x 3686, number of constraints: 1222, number of integer variables: 622, use reordering: yes
make_constraints_independent took 0.0072119999999999997 s.
Constraint integration took 0.050919000000000006 s.
Constraint elimination took 0.016076 s.
Reindexing took 0.00030899999999999998 s.
eliminate_constraints took 0.067459000000000005 s.
Eliminated dimension: 2464 x 2464
#nonzeros: 139161
integer variables #: 260
continuous variables #: 2204
initial full solution
final full solution
 *** Statistics of MiSo Solver ***
Number of LOCAL iterations  = 116
Number of CG    iterations  = 116
Number of FULL  iterations  = 115
Number of ROUNDING          = 260
solve_multiple_rounding took 12.108447 s.
solve took 12.108549 s.
restore_eliminated_vars took 0.00070699999999999995 s.
solve took 12.184595 s.
Maximum Distorsion 16.4975 
Maximum Laplacian 28.0670 
ITERATION 3 FLIPS 187 

 INITIALIZED SPARSE MATRIX OF 3324d x 3324d 

 INITIALIZED SPARSE MATRIX OF 1222d x 3686d 

 INITIALIZED VECTOR OF 3324d x 1 

 INITIALIZED VECTOR OF 1222d x 1 
Initital dimension: 3686 x 3686, number of constraints: 1222, number of integer variables: 622, use reordering: yes
make_constraints_independent took 0.0072709999999999997 s.
Constraint integration took 0.052247999999999996 s.
Constraint elimination took 0.017177000000000001 s.
Reindexing took 0.00038999999999999999 s.
eliminate_constraints took 0.070017999999999997 s.
Eliminated dimension: 2464 x 2464
#nonzeros: 139291
integer variables #: 260
continuous variables #: 2204
initial full solution
final full solution
 *** Statistics of MiSo Solver ***
Number of LOCAL iterations  = 109
Number of CG    iterations  = 109
Number of FULL  iterations  = 109
Number of ROUNDING          = 260
solve_multiple_rounding took 11.777372 s.
solve took 11.777488 s.
restore_eliminated_vars took 0.00071299999999999998 s.
solve took 11.85778 s.
Maximum Distorsion 21.2709 
Maximum Laplacian 47.9254 
ITERATION 4 FLIPS 224 
**** END OPTIMIZING #FLIPS 224  ****
       UV=1662 FUV=2464
[4/4] Extracting quad mesh with libQEx...
[41mEdges degenerated to a point should have 
been removed during pre processing. This doesn't seem to 
be the case here. Let's see how this ends.[0m
[41mEdges degenerated to a point should have 
been removed during pre processing. This doesn't seem to 
be the case here. Let's see how this ends.[0m
[41mWarning: When tracing from GV 111, LEI 6 I hit GV 45, LEI 0.
  However, this GV is already connected to GV 111, LEI 4[0m
[41mWarning: When tracing from GV 112, LEI 0 I hit GV 141, LEI 2.
  However, this GV is already connected to GV 97, LEI 5[0m
[41mWarning: When tracing from GV 138, LEI 0 I hit GV 111, LEI 4.
  However, this GV is already connected to GV 45, LEI 0[0m
WARNING: Subsequence length was 6 out of 6
Entire sequence:  151 171 143 152 86 20
Subsequence: [0, 6)
Skipped 1 non-quad faces.
       Quad vertices=103 Quad faces=98
Output saved to: /root/SemanPartMesh/compare_8d46740c472f9d36b7a04b65023ffc59_ns3000_20260508_184014/pipeline/quad_meshes/8d46740c472f9d36b7a04b65023ffc59_quad_chunks/outputs/chunk_001_quad_extract_work/chunk_001_quad_gs12.obj

 Closed: Fri May 08 19:02:13 2026

[1/4] Loading mesh: /root/SemanPartMesh/compare_8d46740c472f9d36b7a04b65023ffc59_ns3000_20260508_184014/pipeline/quad_meshes/8d46740c472f9d36b7a04b65023ffc59_quad_chunks/inputs/chunk_001.obj
       V=1232 F=2464
[2/4] Loading cross field: /root/SemanPartMesh/compare_8d46740c472f9d36b7a04b65023ffc59_ns3000_20260508_184014/pipeline/quad_meshes/8d46740c472f9d36b7a04b65023ffc59_quad_chunks/inputs/chunk_001_crossfield.txt
       cross field rows=2464
[3/4] Running MIQ parameterization (gradient_size=16, stiffness=5, iters=5)...

 INITIALIZED SPARSE MATRIX OF 3324d x 3324d 

 INITIALIZED SPARSE MATRIX OF 1222d x 3686d 

 INITIALIZED VECTOR OF 3324d x 1 

 INITIALIZED VECTOR OF 1222d x 1 
Initital dimension: 3686 x 3686, number of constraints: 1222, number of integer variables: 622, use reordering: yes
make_constraints_independent took 0.0078020000000000008 s.
Constraint integration took 0.051683 s.
Constraint elimination took 0.016559999999999998 s.
Reindexing took 0.00031399999999999999 s.
eliminate_constraints took 0.068683999999999995 s.
Eliminated dimension: 2464 x 2464
#nonzeros: 139380
integer variables #: 260
continuous variables #: 2204
initial full solution
final full solution
 *** Statistics of MiSo Solver ***
Number of LOCAL iterations  = 117
Number of CG    iterations  = 117
Number of FULL  iterations  = 110
Number of ROUNDING          = 260
solve_multiple_rounding took 12.219405 s.
solve took 12.219524999999999 s.
restore_eliminated_vars took 0.00079900000000000001 s.
solve took 12.298995999999999 s.
Maximum Distorsion 9.2734 
Maximum Laplacian 18.0407 
ITERATION 0 FLIPS 160 

 INITIALIZED SPARSE MATRIX OF 3324d x 3324d 

 INITIALIZED SPARSE MATRIX OF 1222d x 3686d 

 INITIALIZED VECTOR OF 3324d x 1 

 INITIALIZED VECTOR OF 1222d x 1 
Initital dimension: 3686 x 3686, number of constraints: 1222, number of integer variables: 622, use reordering: yes
make_constraints_independent took 0.0072570000000000004 s.
Constraint integration took 0.052426 s.
Constraint elimination took 0.016631 s.
Reindexing took 0.00030899999999999998 s.
eliminate_constraints took 0.069489999999999996 s.
Eliminated dimension: 2464 x 2464
#nonzeros: 139376
integer variables #: 260
continuous variables #: 2204
initial full solution
final full solution
 *** Statistics of MiSo Solver ***
Number of LOCAL iterations  = 113
Number of CG    iterations  = 113
Number of FULL  iterations  = 111
Number of ROUNDING          = 260
solve_multiple_rounding took 11.785337999999999 s.
solve took 11.785461999999999 s.
restore_eliminated_vars took 0.00069000000000000008 s.
solve took 11.863569 s.
Maximum Distorsion 10.2122 
Maximum Laplacian 18.6097 
ITERATION 1 FLIPS 149 

 INITIALIZED SPARSE MATRIX OF 3324d x 3324d 

 INITIALIZED SPARSE MATRIX OF 1222d x 3686d 

 INITIALIZED VECTOR OF 3324d x 1 

 INITIALIZED VECTOR OF 1222d x 1 
Initital dimension: 3686 x 3686, number of constraints: 1222, number of integer variables: 622, use reordering: yes
make_constraints_independent took 0.0071909999999999995 s.
Constraint integration took 0.050167000000000003 s.
Constraint elimination took 0.016175000000000002 s.
Reindexing took 0.00030800000000000001 s.
eliminate_constraints took 0.066820000000000004 s.
Eliminated dimension: 2464 x 2464
#nonzeros: 139358
integer variables #: 260
continuous variables #: 2204
initial full solution
final full solution
 *** Statistics of MiSo Solver ***
Number of LOCAL iterations  = 112
Number of CG    iterations  = 112
Number of FULL  iterations  = 110
Number of ROUNDING          = 260
solve_multiple_rounding took 11.824102 s.
solve took 11.824206 s.
restore_eliminated_vars took 0.00068400000000000004 s.
solve took 11.899513000000001 s.
Maximum Distorsion 13.4373 
Maximum Laplacian 34.0525 
ITERATION 2 FLIPS 184 

 INITIALIZED SPARSE MATRIX OF 3324d x 3324d 

 INITIALIZED SPARSE MATRIX OF 1222d x 3686d 

 INITIALIZED VECTOR OF 3324d x 1 

 INITIALIZED VECTOR OF 1222d x 1 
Initital dimension: 3686 x 3686, number of constraints: 1222, number of integer variables: 622, use reordering: yes
make_constraints_independent took 0.0072449999999999997 s.
Constraint integration took 0.052233000000000002 s.
Constraint elimination took 0.016353000000000003 s.
Reindexing took 0.00031 s.
eliminate_constraints took 0.069044999999999995 s.
Eliminated dimension: 2464 x 2464
#nonzeros: 139370
integer variables #: 260
continuous variables #: 2204
initial full solution
final full solution
 *** Statistics of MiSo Solver ***
Number of LOCAL iterations  = 117
Number of CG    iterations  = 117
Number of FULL  iterations  = 115
Number of ROUNDING          = 260
solve_multiple_rounding took 12.555702999999999 s.
solve took 12.555819999999999 s.
restore_eliminated_vars took 0.00069300000000000004 s.
solve took 12.633458000000001 s.
Maximum Distorsion 11.0969 
Maximum Laplacian 20.9626 
ITERATION 3 FLIPS 184 

 INITIALIZED SPARSE MATRIX OF 3324d x 3324d 

 INITIALIZED SPARSE MATRIX OF 1222d x 3686d 

 INITIALIZED VECTOR OF 3324d x 1 

 INITIALIZED VECTOR OF 1222d x 1 
Initital dimension: 3686 x 3686, number of constraints: 1222, number of integer variables: 622, use reordering: yes
make_constraints_independent took 0.0073080000000000003 s.
Constraint integration took 0.050947000000000006 s.
Constraint elimination took 0.016425000000000002 s.
Reindexing took 0.00031399999999999999 s.
eliminate_constraints took 0.067841000000000012 s.
Eliminated dimension: 2464 x 2464
#nonzeros: 139241
integer variables #: 260
continuous variables #: 2204
initial full solution
final full solution
 *** Statistics of MiSo Solver ***
Number of LOCAL iterations  = 109
Number of CG    iterations  = 109
Number of FULL  iterations  = 111
Number of ROUNDING          = 260
solve_multiple_rounding took 11.602138999999999 s.
solve took 11.602255999999999 s.
restore_eliminated_vars took 0.00067600000000000006 s.
solve took 11.678717000000001 s.
Maximum Distorsion 6.1616 
Maximum Laplacian 16.0846 
ITERATION 4 FLIPS 176 
**** END OPTIMIZING #FLIPS 176  ****
       UV=1662 FUV=2464
[4/4] Extracting quad mesh with libQEx...
[41mEdges degenerated to a point should have 
been removed during pre processing. This doesn't seem to 
be the case here. Let's see how this ends.[0m
[41mEdges degenerated to a point should have 
been removed during pre processing. This doesn't seem to 
be the case here. Let's see how this ends.[0m
[1;41mWarning: find_path didn't find the point where the path leaves a triangle in step 0.
*********** DEBUG OUTPUT START ***********[0m
triangle-path intersection: 0
Segment 1: Segment_2(Point_2(-3, 1), Point_2(-2.61097, 0.892657)),
Segment 2: Segment_2(Point_2(-2, 1), Point_2(-2.61097, 0.892657)),
Path: Segment_2(Point_2(-4, 1), Point_2(-5, 1))
Here's Tikz output for you so you can debug it more easily. You're welcome.
\draw[black,->,>=latex] (-3, 1) -- (-2.61097, 0.892657);
\draw[black,->,>=latex] (-2, 1) -- (-2.61097, 0.892657);
\draw[black,->,>=latex] (-4, 1) -- (-5, 1);
Debug info:
vis{0,1,2} = 0, 0, 0
is1, is2 = 0, 0
uv{0,1,2} = Point_2(-3, 1), Point_2(-2.61097, 0.892657), Point_2(-2, 1)
path = Point_2(-4, 1) -> Point_2(-5, 1)
orient2d(uv0, uv2, path[0]) = 0
orient2d(uv0, uv2, path[1]) = 0
tri_ori = 1
[1;41m*********** DEBUG OUTPUT END ***********[0m
[1;41mWarning: find_path didn't find the point where the path leaves a triangle in step 0.
*********** DEBUG OUTPUT START ***********[0m
triangle-path intersection: 0
Segment 1: Segment_2(Point_2(-3, 0), Point_2(-2.61097, 0.892657)),
Segment 2: Segment_2(Point_2(-3, 1), Point_2(-2.61097, 0.892657)),
Path: Segment_2(Point_2(-3, 2), Point_2(-3, 3))
Here's Tikz output for you so you can debug it more easily. You're welcome.
\draw[black,->,>=latex] (-3, 0) -- (-2.61097, 0.892657);
\draw[black,->,>=latex] (-3, 1) -- (-2.61097, 0.892657);
\draw[black,->,>=latex] (-3, 2) -- (-3, 3);
Debug info:
vis{0,1,2} = 0, 0, 0
is1, is2 = 0, 0
uv{0,1,2} = Point_2(-3, 0), Point_2(-2.61097, 0.892657), Point_2(-3, 1)
path = Point_2(-3, 2) -> Point_2(-3, 3)
orient2d(uv0, uv2, path[0]) = 0
orient2d(uv0, uv2, path[1]) = 0
tri_ori = 1
[1;41m*********** DEBUG OUTPUT END ***********[0m
       Quad vertices=202 Quad faces=198
Output saved to: /root/SemanPartMesh/compare_8d46740c472f9d36b7a04b65023ffc59_ns3000_20260508_184014/pipeline/quad_meshes/8d46740c472f9d36b7a04b65023ffc59_quad_chunks/outputs/chunk_001_quad_extract_work/chunk_001_quad_gs16.obj

 Closed: Fri May 08 19:03:14 2026

[1/4] Loading mesh: /root/SemanPartMesh/compare_8d46740c472f9d36b7a04b65023ffc59_ns3000_20260508_184014/pipeline/quad_meshes/8d46740c472f9d36b7a04b65023ffc59_quad_chunks/inputs/chunk_001.obj
       V=1232 F=2464
[2/4] Loading cross field: /root/SemanPartMesh/compare_8d46740c472f9d36b7a04b65023ffc59_ns3000_20260508_184014/pipeline/quad_meshes/8d46740c472f9d36b7a04b65023ffc59_quad_chunks/inputs/chunk_001_crossfield.txt
       cross field rows=2464
[3/4] Running MIQ parameterization (gradient_size=24, stiffness=5, iters=5)...

 INITIALIZED SPARSE MATRIX OF 3324d x 3324d 

 INITIALIZED SPARSE MATRIX OF 1222d x 3686d 

 INITIALIZED VECTOR OF 3324d x 1 

 INITIALIZED VECTOR OF 1222d x 1 
Initital dimension: 3686 x 3686, number of constraints: 1222, number of integer variables: 622, use reordering: yes
make_constraints_independent took 0.0078270000000000006 s.
Constraint integration took 0.051914999999999996 s.
Constraint elimination took 0.016647000000000002 s.
Reindexing took 0.00031700000000000001 s.
eliminate_constraints took 0.06902599999999999 s.
Eliminated dimension: 2464 x 2464
#nonzeros: 139380
integer variables #: 260
continuous variables #: 2204
initial full solution
final full solution
 *** Statistics of MiSo Solver ***
Number of LOCAL iterations  = 117
Number of CG    iterations  = 117
Number of FULL  iterations  = 111
Number of ROUNDING          = 260
solve_multiple_rounding took 12.374503000000001 s.
solve took 12.374638000000001 s.
restore_eliminated_vars took 0.00078200000000000003 s.
solve took 12.453818 s.
Maximum Distorsion 6.8014 
Maximum Laplacian 15.7236 
ITERATION 0 FLIPS 87 

 INITIALIZED SPARSE MATRIX OF 3324d x 3324d 

 INITIALIZED SPARSE MATRIX OF 1222d x 3686d 

 INITIALIZED VECTOR OF 3324d x 1 

 INITIALIZED VECTOR OF 1222d x 1 
Initital dimension: 3686 x 3686, number of constraints: 1222, number of integer variables: 622, use reordering: yes
make_constraints_independent took 0.0074030000000000007 s.
Constraint integration took 0.051711 s.
Constraint elimination took 0.018335000000000001 s.
Reindexing took 0.000319 s.
eliminate_constraints took 0.070512000000000005 s.
Eliminated dimension: 2464 x 2464
#nonzeros: 139169
integer variables #: 260
continuous variables #: 2204
initial full solution
final full solution
 *** Statistics of MiSo Solver ***
Number of LOCAL iterations  = 126
Number of CG    iterations  = 126
Number of FULL  iterations  = 125
Number of ROUNDING          = 260
solve_multiple_rounding took 13.318076999999999 s.
solve took 13.318196 s.
restore_eliminated_vars took 0.00072099999999999996 s.
solve took 13.397525 s.
Maximum Distorsion 9.4774 
Maximum Laplacian 25.4652 
ITERATION 1 FLIPS 88 

 INITIALIZED SPARSE MATRIX OF 3324d x 3324d 

 INITIALIZED SPARSE MATRIX OF 1222d x 3686d 

 INITIALIZED VECTOR OF 3324d x 1 

 INITIALIZED VECTOR OF 1222d x 1 
Initital dimension: 3686 x 3686, number of constraints: 1222, number of integer variables: 622, use reordering: yes
make_constraints_independent took 0.0072870000000000001 s.
Constraint integration took 0.054499000000000006 s.
Constraint elimination took 0.016379000000000001 s.
Reindexing took 0.00032000000000000003 s.
eliminate_constraints took 0.071362999999999996 s.
Eliminated dimension: 2464 x 2464
#nonzeros: 139496
integer variables #: 260
continuous variables #: 2204
initial full solution
final full solution
 *** Statistics of MiSo Solver ***
Number of LOCAL iterations  = 115
Number of CG    iterations  = 115
Number of FULL  iterations  = 115
Number of ROUNDING          = 260
solve_multiple_rounding took 12.382433000000001 s.
solve took 12.382549000000001 s.
restore_eliminated_vars took 0.00075299999999999998 s.
solve took 12.462648 s.
Maximum Distorsion 9.5917 
Maximum Laplacian 22.0993 
ITERATION 2 FLIPS 106 

 INITIALIZED SPARSE MATRIX OF 3324d x 3324d 

 INITIALIZED SPARSE MATRIX OF 1222d x 3686d 

 INITIALIZED VECTOR OF 3324d x 1 

 INITIALIZED VECTOR OF 1222d x 1 
Initital dimension: 3686 x 3686, number of constraints: 1222, number of integer variables: 622, use reordering: yes
make_constraints_independent took 0.0078500000000000011 s.
Constraint integration took 0.051201000000000003 s.
Constraint elimination took 0.01668 s.
Reindexing took 0.00031199999999999999 s.
eliminate_constraints took 0.068356 s.
Eliminated dimension: 2464 x 2464
#nonzeros: 139309
integer variables #: 260
continuous variables #: 2204
initial full solution
final full solution
 *** Statistics of MiSo Solver ***
Number of LOCAL iterations  = 119
Number of CG    iterations  = 119
Number of FULL  iterations  = 120
Number of ROUNDING          = 260
solve_multiple_rounding took 12.518763000000002 s.
solve took 12.518879 s.
restore_eliminated_vars took 0.00071299999999999998 s.
solve took 12.596453 s.
Maximum Distorsion 11.6354 
Maximum Laplacian 29.2375 
ITERATION 3 FLIPS 117 

 INITIALIZED SPARSE MATRIX OF 3324d x 3324d 

 INITIALIZED SPARSE MATRIX OF 1222d x 3686d 

 INITIALIZED VECTOR OF 3324d x 1 

 INITIALIZED VECTOR OF 1222d x 1 
Initital dimension: 3686 x 3686, number of constraints: 1222, number of integer variables: 622, use reordering: yes
make_constraints_independent took 0.0072439999999999996 s.
Constraint integration took 0.050182999999999998 s.
Constraint elimination took 0.016513000000000003 s.
Reindexing took 0.00036699999999999998 s.
eliminate_constraints took 0.067418999999999993 s.
Eliminated dimension: 2464 x 2464
#nonzeros: 139566
integer variables #: 260
continuous variables #: 2204
initial full solution
final full solution
 *** Statistics of MiSo Solver ***
Number of LOCAL iterations  = 113
Number of CG    iterations  = 113
Number of FULL  iterations  = 112
Number of ROUNDING          = 260
solve_multiple_rounding took 11.862572 s.
solve took 11.862682000000001 s.
restore_eliminated_vars took 0.00071099999999999994 s.
solve took 11.938698 s.
Maximum Distorsion 11.6354 
Maximum Laplacian 29.1698 
ITERATION 4 FLIPS 88 
**** END OPTIMIZING #FLIPS 88  ****
       UV=1662 FUV=2464
[4/4] Extracting quad mesh with libQEx...
[41mWarning: When tracing from GV 267, LEI 3 I hit GV 355, LEI 1.
  However, this GV is already connected to GV 240, LEI 0[0m
[41mWarning: When tracing from GV 355, LEI 3 I hit GV 240, LEI 0.
  However, this GV is already connected to GV 355, LEI 1[0m
[41mWarning: When tracing from GV 365, LEI 1 I hit GV 57, LEI 0.
  However, this GV is already connected to GV 364, LEI 2[0m
[41mWarning: When tracing from GV 365, LEI 4 I hit GV 408, LEI 3.
  However, this GV is already connected to GV 364, LEI 1[0m
[1;41mWarning: find_path didn't find the point where the path leaves a triangle in step 0.
*********** DEBUG OUTPUT START ***********[0m
triangle-path intersection: 0
Segment 1: Segment_2(Point_2(-4, 2), Point_2(-3.42278, 1.53811)),
Segment 2: Segment_2(Point_2(-3, 2), Point_2(-3.42278, 1.53811)),
Path: Segment_2(Point_2(-5, 2), Point_2(-6, 2))
Here's Tikz output for you so you can debug it more easily. You're welcome.
\draw[black,->,>=latex] (-4, 2) -- (-3.42278, 1.53811);
\draw[black,->,>=latex] (-3, 2) -- (-3.42278, 1.53811);
\draw[black,->,>=latex] (-5, 2) -- (-6, 2);
Debug info:
vis{0,1,2} = 0, 0, 0
is1, is2 = 0, 0
uv{0,1,2} = Point_2(-4, 2), Point_2(-3.42278, 1.53811), Point_2(-3, 2)
path = Point_2(-5, 2) -> Point_2(-6, 2)
orient2d(uv0, uv2, path[0]) = 0
orient2d(uv0, uv2, path[1]) = 0
tri_ori = 1
[1;41m*********** DEBUG OUTPUT END ***********[0m
[1;41mWarning: find_path didn't find the point where the path leaves a triangle in step 0.
*********** DEBUG OUTPUT START ***********[0m
triangle-path intersection: 0
Segment 1: Segment_2(Point_2(-4, 1), Point_2(-3.42278, 1.53811)),
Segment 2: Segment_2(Point_2(-4, 2), Point_2(-3.42278, 1.53811)),
Path: Segment_2(Point_2(-4, 3), Point_2(-4, 4))
Here's Tikz output for you so you can debug it more easily. You're welcome.
\draw[black,->,>=latex] (-4, 1) -- (-3.42278, 1.53811);
\draw[black,->,>=latex] (-4, 2) -- (-3.42278, 1.53811);
\draw[black,->,>=latex] (-4, 3) -- (-4, 4);
Debug info:
vis{0,1,2} = 0, 0, 0
is1, is2 = 0, 0
uv{0,1,2} = Point_2(-4, 1), Point_2(-3.42278, 1.53811), Point_2(-4, 2)
path = Point_2(-4, 3) -> Point_2(-4, 4)
orient2d(uv0, uv2, path[0]) = 0
orient2d(uv0, uv2, path[1]) = 0
tri_ori = 1
[1;41m*********** DEBUG OUTPUT END ***********[0m
create_faces: Skipping. Reason: Non-boundary vertex.
create_faces: Skipping. Reason: Non-boundary vertex.
create_faces: Skipping. Reason: Non-boundary vertex.
create_faces: Skipping. Reason: Non-boundary vertex.
       Quad vertices=430 Quad faces=419
Output saved to: /root/SemanPartMesh/compare_8d46740c472f9d36b7a04b65023ffc59_ns3000_20260508_184014/pipeline/quad_meshes/8d46740c472f9d36b7a04b65023ffc59_quad_chunks/outputs/chunk_001_quad_extract_work/chunk_001_quad_gs24.obj

 Closed: Fri May 08 19:04:17 2026

[1/4] Loading mesh: /root/SemanPartMesh/compare_8d46740c472f9d36b7a04b65023ffc59_ns3000_20260508_184014/pipeline/quad_meshes/8d46740c472f9d36b7a04b65023ffc59_quad_chunks/inputs/chunk_001.obj
       V=1232 F=2464
[2/4] Loading cross field: /root/SemanPartMesh/compare_8d46740c472f9d36b7a04b65023ffc59_ns3000_20260508_184014/pipeline/quad_meshes/8d46740c472f9d36b7a04b65023ffc59_quad_chunks/inputs/chunk_001_crossfield.txt
       cross field rows=2464
[3/4] Running MIQ parameterization (gradient_size=30, stiffness=5, iters=5)...

 INITIALIZED SPARSE MATRIX OF 3324d x 3324d 

 INITIALIZED SPARSE MATRIX OF 1222d x 3686d 

 INITIALIZED VECTOR OF 3324d x 1 

 INITIALIZED VECTOR OF 1222d x 1 
Initital dimension: 3686 x 3686, number of constraints: 1222, number of integer variables: 622, use reordering: yes
make_constraints_independent took 0.0079109999999999996 s.
Constraint integration took 0.053920999999999997 s.
Constraint elimination took 0.016635 s.
Reindexing took 0.00030800000000000001 s.
eliminate_constraints took 0.070995000000000003 s.
Eliminated dimension: 2464 x 2464
#nonzeros: 139380
integer variables #: 260
continuous variables #: 2204
initial full solution
final full solution
 *** Statistics of MiSo Solver ***
Number of LOCAL iterations  = 119
Number of CG    iterations  = 119
Number of FULL  iterations  = 113
Number of ROUNDING          = 260
solve_multiple_rounding took 12.447951000000002 s.
solve took 12.448066000000001 s.
restore_eliminated_vars took 0.00073399999999999995 s.
solve took 12.529111 s.
Maximum Distorsion 6.3470 
Maximum Laplacian 12.1363 
ITERATION 0 FLIPS 78 

 INITIALIZED SPARSE MATRIX OF 3324d x 3324d 

 INITIALIZED SPARSE MATRIX OF 1222d x 3686d 

 INITIALIZED VECTOR OF 3324d x 1 

 INITIALIZED VECTOR OF 1222d x 1 
Initital dimension: 3686 x 3686, number of constraints: 1222, number of integer variables: 622, use reordering: yes
make_constraints_independent took 0.007332 s.
Constraint integration took 0.051347000000000004 s.
Constraint elimination took 0.016511999999999999 s.
Reindexing took 0.00032000000000000003 s.
eliminate_constraints took 0.068343000000000001 s.
Eliminated dimension: 2464 x 2464
#nonzeros: 139337
integer variables #: 260
continuous variables #: 2204
initial full solution
final full solution
 *** Statistics of MiSo Solver ***
Number of LOCAL iterations  = 129
Number of CG    iterations  = 129
Number of FULL  iterations  = 131
Number of ROUNDING          = 260
solve_multiple_rounding took 13.508272999999999 s.
solve took 13.508392000000001 s.
restore_eliminated_vars took 0.00072800000000000002 s.
solve took 13.585452 s.
Maximum Distorsion 7.0962 
Maximum Laplacian 15.4846 
ITERATION 1 FLIPS 66 

 INITIALIZED SPARSE MATRIX OF 3324d x 3324d 

 INITIALIZED SPARSE MATRIX OF 1222d x 3686d 

 INITIALIZED VECTOR OF 3324d x 1 

 INITIALIZED VECTOR OF 1222d x 1 
Initital dimension: 3686 x 3686, number of constraints: 1222, number of integer variables: 622, use reordering: yes
make_constraints_independent took 0.0072940000000000001 s.
Constraint integration took 0.051295 s.
Constraint elimination took 0.016452000000000001 s.
Reindexing took 0.00031 s.
eliminate_constraints took 0.068197000000000008 s.
Eliminated dimension: 2464 x 2464
#nonzeros: 139206
integer variables #: 260
continuous variables #: 2204
initial full solution
final full solution
 *** Statistics of MiSo Solver ***
Number of LOCAL iterations  = 115
Number of CG    iterations  = 115
Number of FULL  iterations  = 115
Number of ROUNDING          = 260
solve_multiple_rounding took 12.001168999999999 s.
solve took 12.001284999999999 s.
restore_eliminated_vars took 0.00069200000000000002 s.
solve took 12.078101 s.
Maximum Distorsion 4.8054 
Maximum Laplacian 9.7823 
ITERATION 2 FLIPS 64 

 INITIALIZED SPARSE MATRIX OF 3324d x 3324d 

 INITIALIZED SPARSE MATRIX OF 1222d x 3686d 

 INITIALIZED VECTOR OF 3324d x 1 

 INITIALIZED VECTOR OF 1222d x 1 
Initital dimension: 3686 x 3686, number of constraints: 1222, number of integer variables: 622, use reordering: yes
make_constraints_independent took 0.0072930000000000061 s.
Constraint integration took 0.050359000000000001 s.
Constraint elimination took 0.016626000000000002 s.
Reindexing took 0.00030499999999999999 s.
eliminate_constraints took 0.067457000000000003 s.
Eliminated dimension: 2464 x 2464
#nonzeros: 139181
integer variables #: 260
continuous variables #: 2204
initial full solution
final full solution
 *** Statistics of MiSo Solver ***
Number of LOCAL iterations  = 118
Number of CG    iterations  = 118
Number of FULL  iterations  = 118
Number of ROUNDING          = 260
solve_multiple_rounding took 12.293869000000001 s.
solve took 12.293986 s.
restore_eliminated_vars took 0.00070300000000000007 s.
solve took 12.370048000000001 s.
Maximum Distorsion 10.2805 
Maximum Laplacian 27.4863 
ITERATION 3 FLIPS 83 

 INITIALIZED SPARSE MATRIX OF 3324d x 3324d 

 INITIALIZED SPARSE MATRIX OF 1222d x 3686d 

 INITIALIZED VECTOR OF 3324d x 1 

 INITIALIZED VECTOR OF 1222d x 1 
Initital dimension: 3686 x 3686, number of constraints: 1222, number of integer variables: 622, use reordering: yes
make_constraints_independent took 0.0072500000000000004 s.
Constraint integration took 0.050837 s.
Constraint elimination took 0.016874 s.
Reindexing took 0.000339 s.
eliminate_constraints took 0.068195999999999993 s.
Eliminated dimension: 2464 x 2464
#nonzeros: 139351
integer variables #: 260
continuous variables #: 2204
initial full solution
final full solution
 *** Statistics of MiSo Solver ***
Number of LOCAL iterations  = 118
Number of CG    iterations  = 118
Number of FULL  iterations  = 119
Number of ROUNDING          = 260
solve_multiple_rounding took 12.358700000000001 s.
solve took 12.35882 s.
restore_eliminated_vars took 0.00070599999999999992 s.
solve took 12.43563 s.
Maximum Distorsion 4.7316 
Maximum Laplacian 10.1388 
ITERATION 4 FLIPS 59 
**** END OPTIMIZING #FLIPS 59  ****
       UV=1662 FUV=2464
[4/4] Extracting quad mesh with libQEx...
       Quad vertices=704 Quad faces=703
Output saved to: /root/SemanPartMesh/compare_8d46740c472f9d36b7a04b65023ffc59_ns3000_20260508_184014/pipeline/quad_meshes/8d46740c472f9d36b7a04b65023ffc59_quad_chunks/outputs/chunk_001_quad_extract_work/chunk_001_quad_gs30.obj

 Closed: Fri May 08 19:05:20 2026

[1/4] Loading mesh: /root/SemanPartMesh/compare_8d46740c472f9d36b7a04b65023ffc59_ns3000_20260508_184014/pipeline/quad_meshes/8d46740c472f9d36b7a04b65023ffc59_quad_chunks/inputs/chunk_001.obj
       V=1232 F=2464
[2/4] Loading cross field: /root/SemanPartMesh/compare_8d46740c472f9d36b7a04b65023ffc59_ns3000_20260508_184014/pipeline/quad_meshes/8d46740c472f9d36b7a04b65023ffc59_quad_chunks/inputs/chunk_001_crossfield.txt
       cross field rows=2464
[3/4] Running MIQ parameterization (gradient_size=40, stiffness=5, iters=5)...

 INITIALIZED SPARSE MATRIX OF 3324d x 3324d 

 INITIALIZED SPARSE MATRIX OF 1222d x 3686d 

 INITIALIZED VECTOR OF 3324d x 1 

 INITIALIZED VECTOR OF 1222d x 1 
Initital dimension: 3686 x 3686, number of constraints: 1222, number of integer variables: 622, use reordering: yes
make_constraints_independent took 0.0081279999999999998 s.
Constraint integration took 0.051624000000000003 s.
Constraint elimination took 0.016712000000000001 s.
Reindexing took 0.00031399999999999999 s.
eliminate_constraints took 0.068797999999999998 s.
Eliminated dimension: 2464 x 2464
#nonzeros: 139380
integer variables #: 260
continuous variables #: 2204
initial full solution
final full solution
 *** Statistics of MiSo Solver ***
Number of LOCAL iterations  = 111
Number of CG    iterations  = 111
Number of FULL  iterations  = 102
Number of ROUNDING          = 260
solve_multiple_rounding took 11.437059 s.
solve took 11.437163 s.
restore_eliminated_vars took 0.00068400000000000004 s.
solve took 11.515587 s.
Maximum Distorsion 5.8137 
Maximum Laplacian 15.6316 
ITERATION 0 FLIPS 45 

 INITIALIZED SPARSE MATRIX OF 3324d x 3324d 

 INITIALIZED SPARSE MATRIX OF 1222d x 3686d 

 INITIALIZED VECTOR OF 3324d x 1 

 INITIALIZED VECTOR OF 1222d x 1 
Initital dimension: 3686 x 3686, number of constraints: 1222, number of integer variables: 622, use reordering: yes
make_constraints_independent took 0.0072510000000000005 s.
Constraint integration took 0.050557999999999999 s.
Constraint elimination took 0.016031 s.
Reindexing took 0.00031 s.
eliminate_constraints took 0.067001000000000005 s.
Eliminated dimension: 2464 x 2464
#nonzeros: 139313
integer variables #: 260
continuous variables #: 2204
initial full solution
final full solution
 *** Statistics of MiSo Solver ***
Number of LOCAL iterations  = 117
Number of CG    iterations  = 117
Number of FULL  iterations  = 116
Number of ROUNDING          = 260
solve_multiple_rounding took 12.266627 s.
solve took 12.266735000000001 s.
restore_eliminated_vars took 0.00068500000000000006 s.
solve took 12.342298000000001 s.
Maximum Distorsion 7.1004 
Maximum Laplacian 14.7627 
ITERATION 1 FLIPS 58 

 INITIALIZED SPARSE MATRIX OF 3324d x 3324d 

 INITIALIZED SPARSE MATRIX OF 1222d x 3686d 

 INITIALIZED VECTOR OF 3324d x 1 

 INITIALIZED VECTOR OF 1222d x 1 
Initital dimension: 3686 x 3686, number of constraints: 1222, number of integer variables: 622, use reordering: yes
make_constraints_independent took 0.0077140000000000004 s.
Constraint integration took 0.051491000000000002 s.
Constraint elimination took 0.016412 s.
Reindexing took 0.00031 s.
eliminate_constraints took 0.068332000000000004 s.
Eliminated dimension: 2464 x 2464
#nonzeros: 138988
integer variables #: 260
continuous variables #: 2204
initial full solution
final full solution
 *** Statistics of MiSo Solver ***
Number of LOCAL iterations  = 115
Number of CG    iterations  = 115
Number of FULL  iterations  = 116
Number of ROUNDING          = 260
solve_multiple_rounding took 11.997883 s.
solve took 11.997986000000001 s.
restore_eliminated_vars took 0.000678 s.
solve took 12.075334999999999 s.
Maximum Distorsion 6.8927 
Maximum Laplacian 14.7295 
ITERATION 2 FLIPS 54 

 INITIALIZED SPARSE MATRIX OF 3324d x 3324d 

 INITIALIZED SPARSE MATRIX OF 1222d x 3686d 

 INITIALIZED VECTOR OF 3324d x 1 

 INITIALIZED VECTOR OF 1222d x 1 
Initital dimension: 3686 x 3686, number of constraints: 1222, number of integer variables: 622, use reordering: yes
make_constraints_independent took 0.0071870000000000007 s.
Constraint integration took 0.049980000000000004 s.
Constraint elimination took 0.016370000000000003 s.
Reindexing took 0.00035100000000000002 s.
eliminate_constraints took 0.067066000000000001 s.
Eliminated dimension: 2464 x 2464
#nonzeros: 139263
integer variables #: 260
continuous variables #: 2204
initial full solution
final full solution
 *** Statistics of MiSo Solver ***
Number of LOCAL iterations  = 115
Number of CG    iterations  = 115
Number of FULL  iterations  = 112
Number of ROUNDING          = 260
solve_multiple_rounding took 12.308699000000001 s.
solve took 12.308841000000001 s.
restore_eliminated_vars took 0.00067900000000000002 s.
solve took 12.384509 s.
Maximum Distorsion 5.2952 
Maximum Laplacian 11.9754 
ITERATION 3 FLIPS 49 

 INITIALIZED SPARSE MATRIX OF 3324d x 3324d 

 INITIALIZED SPARSE MATRIX OF 1222d x 3686d 

 INITIALIZED VECTOR OF 3324d x 1 

 INITIALIZED VECTOR OF 1222d x 1 
Initital dimension: 3686 x 3686, number of constraints: 1222, number of integer variables: 622, use reordering: yes
make_constraints_independent took 0.0072359999999999994 s.
Constraint integration took 0.050875999999999998 s.
Constraint elimination took 0.016132000000000001 s.
Reindexing took 0.00033100000000000002 s.
eliminate_constraints took 0.067532999999999996 s.
Eliminated dimension: 2464 x 2464
#nonzeros: 139169
integer variables #: 260
continuous variables #: 2204
initial full solution
final full solution
 *** Statistics of MiSo Solver ***
Number of LOCAL iterations  = 118
Number of CG    iterations  = 118
Number of FULL  iterations  = 117
Number of ROUNDING          = 260
solve_multiple_rounding took 12.396398999999999 s.
solve took 12.396542 s.
restore_eliminated_vars took 0.00071699999999999997 s.
solve took 12.474553999999999 s.
Maximum Distorsion 4.2946 
Maximum Laplacian 8.2595 
ITERATION 4 FLIPS 59 
**** END OPTIMIZING #FLIPS 59  ****
       UV=1662 FUV=2464
[4/4] Extracting quad mesh with libQEx...
[1;41mWarning: find_path didn't find the point where the path leaves a triangle in step 0.
*********** DEBUG OUTPUT START ***********[0m
triangle-path intersection: 0
Segment 1: Segment_2(Point_2(-17, 2), Point_2(-17.9337, 2.00598)),
Segment 2: Segment_2(Point_2(-18, 2), Point_2(-17.9337, 2.00598)),
Path: Segment_2(Point_2(-16, 2), Point_2(-15, 2))
Here's Tikz output for you so you can debug it more easily. You're welcome.
\draw[black,->,>=latex] (-17, 2) -- (-17.9337, 2.00598);
\draw[black,->,>=latex] (-18, 2) -- (-17.9337, 2.00598);
\draw[black,->,>=latex] (-16, 2) -- (-15, 2);
Debug info:
vis{0,1,2} = 0, 0, 0
is1, is2 = 0, 0
uv{0,1,2} = Point_2(-17, 2), Point_2(-17.9337, 2.00598), Point_2(-18, 2)
path = Point_2(-16, 2) -> Point_2(-15, 2)
orient2d(uv0, uv2, path[0]) = 0
orient2d(uv0, uv2, path[1]) = 0
tri_ori = 1
[1;41m*********** DEBUG OUTPUT END ***********[0m
[1;41mWarning: find_path didn't find the point where the path leaves a triangle in step 0.
*********** DEBUG OUTPUT START ***********[0m
triangle-path intersection: 0
Segment 1: Segment_2(Point_2(14, -11), Point_2(13.6083, -12.9614)),
Segment 2: Segment_2(Point_2(14, -12), Point_2(13.6083, -12.9614)),
Path: Segment_2(Point_2(14, -10), Point_2(14, -9))
Here's Tikz output for you so you can debug it more easily. You're welcome.
\draw[black,->,>=latex] (14, -11) -- (13.6083, -12.9614);
\draw[black,->,>=latex] (14, -12) -- (13.6083, -12.9614);
\draw[black,->,>=latex] (14, -10) -- (14, -9);
Debug info:
vis{0,1,2} = 0, 0, 0
is1, is2 = 0, 0
uv{0,1,2} = Point_2(14, -11), Point_2(13.6083, -12.9614), Point_2(14, -12)
path = Point_2(14, -10) -> Point_2(14, -9)
orient2d(uv0, uv2, path[0]) = 0
orient2d(uv0, uv2, path[1]) = 0
tri_ori = 1
[1;41m*********** DEBUG OUTPUT END ***********[0m
[1;41mWarning: find_path didn't find the point where the path leaves a triangle in step 0.
*********** DEBUG OUTPUT START ***********[0m
triangle-path intersection: 0
Segment 1: Segment_2(Point_2(-17, 1), Point_2(-15.9086, 0.748354)),
Segment 2: Segment_2(Point_2(-17, 2), Point_2(-15.9086, 0.748354)),
Path: Segment_2(Point_2(-17, 3), Point_2(-17, 4))
Here's Tikz output for you so you can debug it more easily. You're welcome.
\draw[black,->,>=latex] (-17, 1) -- (-15.9086, 0.748354);
\draw[black,->,>=latex] (-17, 2) -- (-15.9086, 0.748354);
\draw[black,->,>=latex] (-17, 3) -- (-17, 4);
Debug info:
vis{0,1,2} = 0, 0, 0
is1, is2 = 0, 0
uv{0,1,2} = Point_2(-17, 1), Point_2(-15.9086, 0.748354), Point_2(-17, 2)
path = Point_2(-17, 3) -> Point_2(-17, 4)
orient2d(uv0, uv2, path[0]) = 0
orient2d(uv0, uv2, path[1]) = 0
tri_ori = 1
[1;41m*********** DEBUG OUTPUT END ***********[0m
[1;41mWarning: find_path didn't find the point where the path leaves a triangle in step 0.
*********** DEBUG OUTPUT START ***********[0m
triangle-path intersection: 0
Segment 1: Segment_2(Point_2(15, -11), Point_2(14.7302, -9.05924)),
Segment 2: Segment_2(Point_2(14, -11), Point_2(14.7302, -9.05924)),
Path: Segment_2(Point_2(13, -11), Point_2(12, -11))
Here's Tikz output for you so you can debug it more easily. You're welcome.
\draw[black,->,>=latex] (15, -11) -- (14.7302, -9.05924);
\draw[black,->,>=latex] (14, -11) -- (14.7302, -9.05924);
\draw[black,->,>=latex] (13, -11) -- (12, -11);
Debug info:
vis{0,1,2} = 0, 0, 0
is1, is2 = 0, 0
uv{0,1,2} = Point_2(15, -11), Point_2(14.7302, -9.05924), Point_2(14, -11)
path = Point_2(13, -11) -> Point_2(12, -11)
orient2d(uv0, uv2, path[0]) = 0
orient2d(uv0, uv2, path[1]) = 0
tri_ori = 1
[1;41m*********** DEBUG OUTPUT END ***********[0m
       Quad vertices=1200 Quad faces=1193
Output saved to: /root/SemanPartMesh/compare_8d46740c472f9d36b7a04b65023ffc59_ns3000_20260508_184014/pipeline/quad_meshes/8d46740c472f9d36b7a04b65023ffc59_quad_chunks/outputs/chunk_001_quad_extract_work/chunk_001_quad_gs40.obj

 Closed: Fri May 08 19:06:22 2026

[1/4] Loading mesh: /root/SemanPartMesh/compare_8d46740c472f9d36b7a04b65023ffc59_ns3000_20260508_184014/pipeline/quad_meshes/8d46740c472f9d36b7a04b65023ffc59_quad_chunks/inputs/chunk_001.obj
       V=1232 F=2464
[2/4] Loading cross field: /root/SemanPartMesh/compare_8d46740c472f9d36b7a04b65023ffc59_ns3000_20260508_184014/pipeline/quad_meshes/8d46740c472f9d36b7a04b65023ffc59_quad_chunks/inputs/chunk_001_crossfield.txt
       cross field rows=2464
[3/4] Running MIQ parameterization (gradient_size=60, stiffness=5, iters=5)...

 INITIALIZED SPARSE MATRIX OF 3324d x 3324d 

 INITIALIZED SPARSE MATRIX OF 1222d x 3686d 

 INITIALIZED VECTOR OF 3324d x 1 

 INITIALIZED VECTOR OF 1222d x 1 
Initital dimension: 3686 x 3686, number of constraints: 1222, number of integer variables: 622, use reordering: yes
make_constraints_independent took 0.0084979999999999986 s.
Constraint integration took 0.053341 s.
Constraint elimination took 0.017655000000000001 s.
Reindexing took 0.00032400000000000001 s.
eliminate_constraints took 0.071467000000000003 s.
Eliminated dimension: 2464 x 2464
#nonzeros: 139380
integer variables #: 260
continuous variables #: 2204
initial full solution
final full solution
 *** Statistics of MiSo Solver ***
Number of LOCAL iterations  = 122
Number of CG    iterations  = 122
Number of FULL  iterations  = 112
Number of ROUNDING          = 260
solve_multiple_rounding took 13.479595999999999 s.
solve took 13.479716 s.
restore_eliminated_vars took 0.00068400000000000004 s.
solve took 13.56194 s.
Maximum Distorsion 4.9208 
Maximum Laplacian 11.1225 
ITERATION 0 FLIPS 45 

 INITIALIZED SPARSE MATRIX OF 3324d x 3324d 

 INITIALIZED SPARSE MATRIX OF 1222d x 3686d 

 INITIALIZED VECTOR OF 3324d x 1 

 INITIALIZED VECTOR OF 1222d x 1 
Initital dimension: 3686 x 3686, number of constraints: 1222, number of integer variables: 622, use reordering: yes
make_constraints_independent took 0.0074590000000000004 s.
Constraint integration took 0.052606 s.
Constraint elimination took 0.017770999999999957 s.
Reindexing took 0.000321 s.
eliminate_constraints took 0.070819999999999939 s.
Eliminated dimension: 2464 x 2464
#nonzeros: 139616
integer variables #: 260
continuous variables #: 2204
initial full solution
final full solution
 *** Statistics of MiSo Solver ***
Number of LOCAL iterations  = 116
Number of CG    iterations  = 116
Number of FULL  iterations  = 110
Number of ROUNDING          = 260
solve_multiple_rounding took 12.119577999999999 s.
solve took 12.119693999999999 s.
restore_eliminated_vars took 0.000718 s.
solve took 12.199313 s.
Maximum Distorsion 3.6540 
Maximum Laplacian 8.7889 
ITERATION 1 FLIPS 26 

 INITIALIZED SPARSE MATRIX OF 3324d x 3324d 

 INITIALIZED SPARSE MATRIX OF 1222d x 3686d 

 INITIALIZED VECTOR OF 3324d x 1 

 INITIALIZED VECTOR OF 1222d x 1 
Initital dimension: 3686 x 3686, number of constraints: 1222, number of integer variables: 622, use reordering: yes
make_constraints_independent took 0.0072560000000000003 s.
Constraint integration took 0.051368000000000004 s.
Constraint elimination took 0.016404999999999999 s.
Reindexing took 0.00031 s.
eliminate_constraints took 0.068216000000000013 s.
Eliminated dimension: 2464 x 2464
#nonzeros: 139214
integer variables #: 260
continuous variables #: 2204
initial full solution
final full solution
 *** Statistics of MiSo Solver ***
Number of LOCAL iterations  = 117
Number of CG    iterations  = 117
Number of FULL  iterations  = 117
Number of ROUNDING          = 260
solve_multiple_rounding took 12.190959000000001 s.
solve took 12.191073000000001 s.
restore_eliminated_vars took 0.00071299999999999998 s.
solve took 12.267877 s.
Maximum Distorsion 5.0367 
Maximum Laplacian 10.9873 
ITERATION 2 FLIPS 26 

 INITIALIZED SPARSE MATRIX OF 3324d x 3324d 

 INITIALIZED SPARSE MATRIX OF 1222d x 3686d 

 INITIALIZED VECTOR OF 3324d x 1 

 INITIALIZED VECTOR OF 1222d x 1 
Initital dimension: 3686 x 3686, number of constraints: 1222, number of integer variables: 622, use reordering: yes
make_constraints_independent took 0.0074610000000000006 s.
Constraint integration took 0.050867000000000002 s.
Constraint elimination took 0.016473999999999999 s.
Reindexing took 0.00031 s.
eliminate_constraints took 0.067778000000000005 s.
Eliminated dimension: 2464 x 2464
#nonzeros: 139253
integer variables #: 260
continuous variables #: 2204
initial full solution
final full solution
 *** Statistics of MiSo Solver ***
Number of LOCAL iterations  = 116
Number of CG    iterations  = 116
Number of FULL  iterations  = 116
Number of ROUNDING          = 260
solve_multiple_rounding took 12.293790999999999 s.
solve took 12.293906999999999 s.
restore_eliminated_vars took 0.00071299999999999998 s.
solve took 12.370495 s.
Maximum Distorsion 3.8571 
Maximum Laplacian 9.3299 
ITERATION 3 FLIPS 29 

 INITIALIZED SPARSE MATRIX OF 3324d x 3324d 

 INITIALIZED SPARSE MATRIX OF 1222d x 3686d 

 INITIALIZED VECTOR OF 3324d x 1 

 INITIALIZED VECTOR OF 1222d x 1 
Initital dimension: 3686 x 3686, number of constraints: 1222, number of integer variables: 622, use reordering: yes
make_constraints_independent took 0.0072620000000000002 s.
Constraint integration took 0.050691 s.
Constraint elimination took 0.016562 s.
Reindexing took 0.000437 s.
eliminate_constraints took 0.067820000000000005 s.
Eliminated dimension: 2464 x 2464
#nonzeros: 139217
integer variables #: 260
continuous variables #: 2204
initial full solution
final full solution
 *** Statistics of MiSo Solver ***
Number of LOCAL iterations  = 130
Number of CG    iterations  = 130
Number of FULL  iterations  = 130
Number of ROUNDING          = 260
solve_multiple_rounding took 13.803423 s.
solve took 13.803531999999999 s.
restore_eliminated_vars took 0.00072099999999999996 s.
solve took 13.879977999999999 s.
Maximum Distorsion 6.1227 
Maximum Laplacian 10.1153 
ITERATION 4 FLIPS 17 
**** END OPTIMIZING #FLIPS 17  ****
       UV=1662 FUV=2464
[4/4] Extracting quad mesh with libQEx...
[1;41mWarning: find_path didn't find the point where the path leaves a triangle in step 0.
*********** DEBUG OUTPUT START ***********[0m
triangle-path intersection: 0
Segment 1: Segment_2(Point_2(25, 22), Point_2(24.6878, 22.0974)),
Segment 2: Segment_2(Point_2(25.8395, 20.6742), Point_2(24.6878, 22.0974)),
Path: Segment_2(Point_2(25, 20), Point_2(24, 20))
Here's Tikz output for you so you can debug it more easily. You're welcome.
\draw[black,->,>=latex] (25, 22) -- (24.6878, 22.0974);
\draw[black,->,>=latex] (25.8395, 20.6742) -- (24.6878, 22.0974);
\draw[black,->,>=latex] (25, 20) -- (24, 20);
Debug info:
vis{0,1,2} = 0, 0, 0
is1, is2 = 0, 0
uv{0,1,2} = Point_2(25, 22), Point_2(24.6878, 22.0974), Point_2(25.8395, 20.6742)
path = Point_2(25, 20) -> Point_2(24, 20)
orient2d(uv0, uv2, path[0]) = -1
orient2d(uv0, uv2, path[1]) = -1
tri_ori = 1
[1;41m*********** DEBUG OUTPUT END ***********[0m
[1;41mWarning: find_path didn't find the point where the path leaves a triangle in step 1.
*********** DEBUG OUTPUT START ***********[0m
triangle-path intersection: 0
Segment 1: Segment_2(Point_2(24.8395, 19.6742), Point_2(26.9614, 20.6198)),
Segment 2: Segment_2(Point_2(24, 21), Point_2(26.9614, 20.6198)),
Path: Segment_2(Point_2(25, 21), Point_2(26, 21))
Here's Tikz output for you so you can debug it more easily. You're welcome.
\draw[black,->,>=latex] (24.8395, 19.6742) -- (26.9614, 20.6198);
\draw[black,->,>=latex] (24, 21) -- (26.9614, 20.6198);
\draw[black,->,>=latex] (25, 21) -- (26, 21);
Debug info:
vis{0,1,2} = 0, 0, 0
is1, is2 = 0, 0
uv{0,1,2} = Point_2(24.8395, 19.6742), Point_2(26.9614, 20.6198), Point_2(24, 21)
path = Point_2(25, 21) -> Point_2(26, 21)
orient2d(uv0, uv2, path[0]) = -1
orient2d(uv0, uv2, path[1]) = -1
tri_ori = 1
[1;41m*********** DEBUG OUTPUT END ***********[0m
[1;41mWarning: find_path didn't find the point where the path leaves a triangle in step 0.
*********** DEBUG OUTPUT START ***********[0m
triangle-path intersection: 0
Segment 1: Segment_2(Point_2(-14.9677, 14.4806), Point_2(-13.6753, 14.3266)),
Segment 2: Segment_2(Point_2(-12, 15), Point_2(-13.6753, 14.3266)),
Path: Segment_2(Point_2(-28, 3), Point_2(-27, 3))
Here's Tikz output for you so you can debug it more easily. You're welcome.
\draw[black,->,>=latex] (-14.9677, 14.4806) -- (-13.6753, 14.3266);
\draw[black,->,>=latex] (-12, 15) -- (-13.6753, 14.3266);
\draw[black,->,>=latex] (-28, 3) -- (-27, 3);
Debug info:
vis{0,1,2} = 0, 0, 0
is1, is2 = 0, 0
uv{0,1,2} = Point_2(-14.9677, 14.4806), Point_2(-13.6753, 14.3266), Point_2(-12, 15)
path = Point_2(-28, 3) -> Point_2(-27, 3)
orient2d(uv0, uv2, path[0]) = -1
orient2d(uv0, uv2, path[1]) = -1
tri_ori = 1
[1;41m*********** DEBUG OUTPUT END ***********[0m
[1;41mWarning: find_path didn't find the point where the path leaves a triangle in step 0.
*********** DEBUG OUTPUT START ***********[0m
triangle-path intersection: 0
Segment 1: Segment_2(Point_2(-14.9677, 14.4806), Point_2(-13.6753, 14.3266)),
Segment 2: Segment_2(Point_2(-12, 15), Point_2(-13.6753, 14.3266)),
Path: Segment_2(Point_2(-28, 3), Point_2(-28, 4))
Here's Tikz output for you so you can debug it more easily. You're welcome.
\draw[black,->,>=latex] (-14.9677, 14.4806) -- (-13.6753, 14.3266);
\draw[black,->,>=latex] (-12, 15) -- (-13.6753, 14.3266);
\draw[black,->,>=latex] (-28, 3) -- (-28, 4);
Debug info:
vis{0,1,2} = 0, 0, 0
is1, is2 = 0, 0
uv{0,1,2} = Point_2(-14.9677, 14.4806), Point_2(-13.6753, 14.3266), Point_2(-12, 15)
path = Point_2(-28, 3) -> Point_2(-28, 4)
orient2d(uv0, uv2, path[0]) = -1
orient2d(uv0, uv2, path[1]) = -1
tri_ori = 1
[1;41m*********** DEBUG OUTPUT END ***********[0m
[1;41mWarning: find_path didn't find the point where the path leaves a triangle in step 0.
*********** DEBUG OUTPUT START ***********[0m
triangle-path intersection: 0
Segment 1: Segment_2(Point_2(-14.9677, 14.4806), Point_2(-13.6753, 14.3266)),
Segment 2: Segment_2(Point_2(-12, 15), Point_2(-13.6753, 14.3266)),
Path: Segment_2(Point_2(-28, 3), Point_2(-29, 3))
Here's Tikz output for you so you can debug it more easily. You're welcome.
\draw[black,->,>=latex] (-14.9677, 14.4806) -- (-13.6753, 14.3266);
\draw[black,->,>=latex] (-12, 15) -- (-13.6753, 14.3266);
\draw[black,->,>=latex] (-28, 3) -- (-29, 3);
Debug info:
vis{0,1,2} = 0, 0, 0
is1, is2 = 0, 0
uv{0,1,2} = Point_2(-14.9677, 14.4806), Point_2(-13.6753, 14.3266), Point_2(-12, 15)
path = Point_2(-28, 3) -> Point_2(-29, 3)
orient2d(uv0, uv2, path[0]) = -1
orient2d(uv0, uv2, path[1]) = -1
tri_ori = 1
[1;41m*********** DEBUG OUTPUT END ***********[0m
[1;41mWarning: find_path didn't find the point where the path leaves a triangle in step 0.
*********** DEBUG OUTPUT START ***********[0m
triangle-path intersection: 0
Segment 1: Segment_2(Point_2(-14.9677, 14.4806), Point_2(-13.6753, 14.3266)),
Segment 2: Segment_2(Point_2(-12, 15), Point_2(-13.6753, 14.3266)),
Path: Segment_2(Point_2(-28, 3), Point_2(-28, 2))
Here's Tikz output for you so you can debug it more easily. You're welcome.
\draw[black,->,>=latex] (-14.9677, 14.4806) -- (-13.6753, 14.3266);
\draw[black,->,>=latex] (-12, 15) -- (-13.6753, 14.3266);
\draw[black,->,>=latex] (-28, 3) -- (-28, 2);
Debug info:
vis{0,1,2} = 0, 0, 0
is1, is2 = 0, 0
uv{0,1,2} = Point_2(-14.9677, 14.4806), Point_2(-13.6753, 14.3266), Point_2(-12, 15)
path = Point_2(-28, 3) -> Point_2(-28, 2)
orient2d(uv0, uv2, path[0]) = -1
orient2d(uv0, uv2, path[1]) = -1
tri_ori = 1
[1;41m*********** DEBUG OUTPUT END ***********[0m
       Quad vertices=2816 Quad faces=2811
Output saved to: /root/SemanPartMesh/compare_8d46740c472f9d36b7a04b65023ffc59_ns3000_20260508_184014/pipeline/quad_meshes/8d46740c472f9d36b7a04b65023ffc59_quad_chunks/outputs/chunk_001_quad_extract_work/chunk_001_quad_gs60.obj

 Closed: Fri May 08 19:07:26 2026


==================================================
  [Tier 0] Standard repair pipeline
==================================================

[Auto Sweep]
  mesh        : /root/SemanPartMesh/compare_8d46740c472f9d36b7a04b65023ffc59_ns3000_20260508_184014/pipeline/quad_meshes/8d46740c472f9d36b7a04b65023ffc59_quad_chunks/inputs/chunk_001.obj
  cross field : /root/SemanPartMesh/compare_8d46740c472f9d36b7a04b65023ffc59_ns3000_20260508_184014/pipeline/quad_meshes/8d46740c472f9d36b7a04b65023ffc59_quad_chunks/inputs/chunk_001_crossfield.txt
  output      : /root/SemanPartMesh/compare_8d46740c472f9d36b7a04b65023ffc59_ns3000_20260508_184014/pipeline/quad_meshes/8d46740c472f9d36b7a04b65023ffc59_quad_chunks/outputs/chunk_001_quad.obj
  sweep_values: [8.0, 12.0, 16.0, 24.0, 30.0, 40.0, 60.0]
  thresholds  : min_quads=123, max_ad=15.0, min_jr=0.15

  target_quads: 1232 (budget-aware ranking)

  budget_tol  : 0.200

[Auto Sweep] Trying gradient_size=8.0
  binary       : /root/SemanPartMesh/quad_extract/build/extract_quad_mesh
  input mesh   : /root/SemanPartMesh/compare_8d46740c472f9d36b7a04b65023ffc59_ns3000_20260508_184014/pipeline/quad_meshes/8d46740c472f9d36b7a04b65023ffc59_quad_chunks/inputs/chunk_001.obj
  cross field  : /root/SemanPartMesh/compare_8d46740c472f9d36b7a04b65023ffc59_ns3000_20260508_184014/pipeline/quad_meshes/8d46740c472f9d36b7a04b65023ffc59_quad_chunks/inputs/chunk_001_crossfield.txt
  output       : /root/SemanPartMesh/compare_8d46740c472f9d36b7a04b65023ffc59_ns3000_20260508_184014/pipeline/quad_meshes/8d46740c472f9d36b7a04b65023ffc59_quad_chunks/outputs/chunk_001_quad_extract_work/chunk_001_quad_gs8.obj
  gradient_size: 8.0  timeout: 1800s

[Catmull-Clark] Applying 2 iteration(s) to chunk_001_quad_gs8.obj
  target_quads : 1232
  subdivided   : n_quads=624 AD_mean=23.976deg JR_min=0.1130
  RESULT [constraint-violating] n_quads=624 AD_mean=23.976deg JR_min=0.1130 SJ_mean=0.8256

[Auto Sweep] Trying gradient_size=12.0
  binary       : /root/SemanPartMesh/quad_extract/build/extract_quad_mesh
  input mesh   : /root/SemanPartMesh/compare_8d46740c472f9d36b7a04b65023ffc59_ns3000_20260508_184014/pipeline/quad_meshes/8d46740c472f9d36b7a04b65023ffc59_quad_chunks/inputs/chunk_001.obj
  cross field  : /root/SemanPartMesh/compare_8d46740c472f9d36b7a04b65023ffc59_ns3000_20260508_184014/pipeline/quad_meshes/8d46740c472f9d36b7a04b65023ffc59_quad_chunks/inputs/chunk_001_crossfield.txt
  output       : /root/SemanPartMesh/compare_8d46740c472f9d36b7a04b65023ffc59_ns3000_20260508_184014/pipeline/quad_meshes/8d46740c472f9d36b7a04b65023ffc59_quad_chunks/outputs/chunk_001_quad_extract_work/chunk_001_quad_gs12.obj
  gradient_size: 12.0  timeout: 1800s

[Catmull-Clark] Applying 2 iteration(s) to chunk_001_quad_gs12.obj
  target_quads : 1232
  subdivided   : n_quads=1568 AD_mean=18.961deg JR_min=0.1652
  RESULT [constraint-violating] n_quads=1568 AD_mean=18.961deg JR_min=0.1652 SJ_mean=0.8788

[Auto Sweep] Trying gradient_size=16.0
  binary       : /root/SemanPartMesh/quad_extract/build/extract_quad_mesh
  input mesh   : /root/SemanPartMesh/compare_8d46740c472f9d36b7a04b65023ffc59_ns3000_20260508_184014/pipeline/quad_meshes/8d46740c472f9d36b7a04b65023ffc59_quad_chunks/inputs/chunk_001.obj
  cross field  : /root/SemanPartMesh/compare_8d46740c472f9d36b7a04b65023ffc59_ns3000_20260508_184014/pipeline/quad_meshes/8d46740c472f9d36b7a04b65023ffc59_quad_chunks/inputs/chunk_001_crossfield.txt
  output       : /root/SemanPartMesh/compare_8d46740c472f9d36b7a04b65023ffc59_ns3000_20260508_184014/pipeline/quad_meshes/8d46740c472f9d36b7a04b65023ffc59_quad_chunks/outputs/chunk_001_quad_extract_work/chunk_001_quad_gs16.obj
  gradient_size: 16.0  timeout: 1800s

[Catmull-Clark] Applying 1 iteration(s) to chunk_001_quad_gs16.obj
  target_quads : 1232
  subdivided   : n_quads=792 AD_mean=15.584deg JR_min=0.2633
  RESULT [constraint-violating] n_quads=792 AD_mean=15.584deg JR_min=0.2633 SJ_mean=0.9015

[Auto Sweep] Trying gradient_size=24.0
  binary       : /root/SemanPartMesh/quad_extract/build/extract_quad_mesh
  input mesh   : /root/SemanPartMesh/compare_8d46740c472f9d36b7a04b65023ffc59_ns3000_20260508_184014/pipeline/quad_meshes/8d46740c472f9d36b7a04b65023ffc59_quad_chunks/inputs/chunk_001.obj
  cross field  : /root/SemanPartMesh/compare_8d46740c472f9d36b7a04b65023ffc59_ns3000_20260508_184014/pipeline/quad_meshes/8d46740c472f9d36b7a04b65023ffc59_quad_chunks/inputs/chunk_001_crossfield.txt
  output       : /root/SemanPartMesh/compare_8d46740c472f9d36b7a04b65023ffc59_ns3000_20260508_184014/pipeline/quad_meshes/8d46740c472f9d36b7a04b65023ffc59_quad_chunks/outputs/chunk_001_quad_extract_work/chunk_001_quad_gs24.obj
  gradient_size: 24.0  timeout: 1800s

[Catmull-Clark] Applying 1 iteration(s) to chunk_001_quad_gs24.obj
  target_quads : 1232
  subdivided   : n_quads=1676 AD_mean=14.357deg JR_min=0.1632
  RESULT [valid] n_quads=1676 AD_mean=14.357deg JR_min=0.1632 SJ_mean=0.9180

[Auto Sweep] Trying gradient_size=30.0
  binary       : /root/SemanPartMesh/quad_extract/build/extract_quad_mesh
  input mesh   : /root/SemanPartMesh/compare_8d46740c472f9d36b7a04b65023ffc59_ns3000_20260508_184014/pipeline/quad_meshes/8d46740c472f9d36b7a04b65023ffc59_quad_chunks/inputs/chunk_001.obj
  cross field  : /root/SemanPartMesh/compare_8d46740c472f9d36b7a04b65023ffc59_ns3000_20260508_184014/pipeline/quad_meshes/8d46740c472f9d36b7a04b65023ffc59_quad_chunks/inputs/chunk_001_crossfield.txt
  output       : /root/SemanPartMesh/compare_8d46740c472f9d36b7a04b65023ffc59_ns3000_20260508_184014/pipeline/quad_meshes/8d46740c472f9d36b7a04b65023ffc59_quad_chunks/outputs/chunk_001_quad_extract_work/chunk_001_quad_gs30.obj
  gradient_size: 30.0  timeout: 1800s

  RESULT [constraint-violating] n_quads=703 AD_mean=14.473deg JR_min=0.0508 SJ_mean=0.8876

[Auto Sweep] Trying gradient_size=40.0
  binary       : /root/SemanPartMesh/quad_extract/build/extract_quad_mesh
  input mesh   : /root/SemanPartMesh/compare_8d46740c472f9d36b7a04b65023ffc59_ns3000_20260508_184014/pipeline/quad_meshes/8d46740c472f9d36b7a04b65023ffc59_quad_chunks/inputs/chunk_001.obj
  cross field  : /root/SemanPartMesh/compare_8d46740c472f9d36b7a04b65023ffc59_ns3000_20260508_184014/pipeline/quad_meshes/8d46740c472f9d36b7a04b65023ffc59_quad_chunks/inputs/chunk_001_crossfield.txt
  output       : /root/SemanPartMesh/compare_8d46740c472f9d36b7a04b65023ffc59_ns3000_20260508_184014/pipeline/quad_meshes/8d46740c472f9d36b7a04b65023ffc59_quad_chunks/outputs/chunk_001_quad_extract_work/chunk_001_quad_gs40.obj
  gradient_size: 40.0  timeout: 1800s

  RESULT [constraint-violating] n_quads=1193 AD_mean=14.873deg JR_min=0.1261 SJ_mean=0.9018

[Auto Sweep] Trying gradient_size=60.0
  binary       : /root/SemanPartMesh/quad_extract/build/extract_quad_mesh
  input mesh   : /root/SemanPartMesh/compare_8d46740c472f9d36b7a04b65023ffc59_ns3000_20260508_184014/pipeline/quad_meshes/8d46740c472f9d36b7a04b65023ffc59_quad_chunks/inputs/chunk_001.obj
  cross field  : /root/SemanPartMesh/compare_8d46740c472f9d36b7a04b65023ffc59_ns3000_20260508_184014/pipeline/quad_meshes/8d46740c472f9d36b7a04b65023ffc59_quad_chunks/inputs/chunk_001_crossfield.txt
  output       : /root/SemanPartMesh/compare_8d46740c472f9d36b7a04b65023ffc59_ns3000_20260508_184014/pipeline/quad_meshes/8d46740c472f9d36b7a04b65023ffc59_quad_chunks/outputs/chunk_001_quad_extract_work/chunk_001_quad_gs60.obj
  gradient_size: 60.0  timeout: 1800s

  RESULT [constraint-violating] n_quads=2811 AD_mean=13.756deg JR_min=0.0880 SJ_mean=0.9196

[Auto Sweep] Best candidate selected
  gradient_size: 24.0
  n_quads      : 1676
  AD_mean_deg  : 14.357
  JR_min       : 0.1632
  saved output : /root/SemanPartMesh/compare_8d46740c472f9d36b7a04b65023ffc59_ns3000_20260508_184014/pipeline/quad_meshes/8d46740c472f9d36b7a04b65023ffc59_quad_chunks/outputs/chunk_001_quad.obj
  saved summary: /root/SemanPartMesh/compare_8d46740c472f9d36b7a04b65023ffc59_ns3000_20260508_184014/pipeline/quad_meshes/8d46740c472f9d36b7a04b65023ffc59_quad_chunks/outputs/chunk_001_quad_extract_work/chunk_001_quad_sweep_summary.json
SUCCESS (Tier 0) -> /root/SemanPartMesh/compare_8d46740c472f9d36b7a04b65023ffc59_ns3000_20260508_184014/pipeline/quad_meshes/8d46740c472f9d36b7a04b65023ffc59_quad_chunks/outputs/chunk_001_quad.obj
Found 1 mesh(es) to process:

  - 8d46740c472f9d36b7a04b65023ffc59.obj

============================================================
  Stage 1: PartField feature extraction
============================================================
  8d46740c472f9d36b7a04b65023ffc59.obj  decimated 29314 -> 5000 faces

[Stage 1] PartField inference
  python : /root/.conda/envs/partfield/bin/python
  cwd    : /root/SemanPartMesh/PartField
  cmd    : /root/.conda/envs/partfield/bin/python partfield_inference.py -c /root/SemanPartMesh/PartField/configs/final/demo.yaml --opts continue_ckpt /root/SemanPartMesh/PartField/model/model_objaverse.ckpt result_name pipeline_partfield_features dataset.data_path /root/SemanPartMesh/compare_8d46740c472f9d36b7a04b65023ffc59_ns3000_20260508_184014/pipeline/partfield_input is_pc False preprocess_mesh False vertex_feature False n_point_per_face 1000


[Check] Verifying feature files ...
  [8d46740c472f9d36b7a04b65023ffc59] Feature shape (5000, 448) matches 5000 faces.

============================================================
  Stage 2: NeurCross training
============================================================

--- [1/1] 8d46740c472f9d36b7a04b65023ffc59 -------------

[Stage 2] NeurCross training  [8d46740c472f9d36b7a04b65023ffc59]
  python : /root/.conda/envs/neurcross/bin/python
  cwd    : /root/SemanPartMesh/NeurCross/quad_mesh
  cmd    : /root/.conda/envs/neurcross/bin/python train_quad_mesh.py --data_path /root/SemanPartMesh/compare_8d46740c472f9d36b7a04b65023ffc59_ns3000_20260508_184014/pipeline/processed_meshes/8d46740c472f9d36b7a04b65023ffc59.obj --logdir /root/SemanPartMesh/compare_8d46740c472f9d36b7a04b65023ffc59_ns3000_20260508_184014/pipeline/neurcross_logs --guidance_mode feature --n_samples 3000 --n_points 5000 --num_epochs 1 --lr 5e-05 --num_workers 0 --loss_weights 7000.0 600.0 10 50.0 30 3 8000 --morse_near --part_feat_path /root/SemanPartMesh/PartField/exp_results/pipeline_partfield_features/part_feat_8d46740c472f9d36b7a04b65023ffc59_0_batch.npy --semantic_gradient_method jacobian --semantic_boundary_weight 2.0 --semantic_intra_weight 1.0 --semantic_neighbor_weight 1.0 --semantic_cross_part_gamma 0.2 --semantic_boundary_reward 0.0

[Stage 2] Training complete  ->  /root/SemanPartMesh/compare_8d46740c472f9d36b7a04b65023ffc59_ns3000_20260508_184014/pipeline/neurcross_logs/8d46740c472f9d36b7a04b65023ffc59

============================================================
  Stage 3: Quad mesh extraction (MIQ + libQEx)
============================================================

--- [1/1] 8d46740c472f9d36b7a04b65023ffc59 -------------
  merged 1 tiny chunk(s) (<10 faces) into neighbours
  extraction strategy: connected_components (2 chunks)
  chunk face counts  : [2536, 2464]

[Stage 3] Quad extraction
  script      : /root/SemanPartMesh/extract_quad.py
  python      : /root/.conda/envs/neurcross/bin/python
  input mesh  : /root/SemanPartMesh/compare_8d46740c472f9d36b7a04b65023ffc59_ns3000_20260508_184014/pipeline/quad_meshes/8d46740c472f9d36b7a04b65023ffc59_quad_chunks/inputs/chunk_000.obj
  cross field : /root/SemanPartMesh/compare_8d46740c472f9d36b7a04b65023ffc59_ns3000_20260508_184014/pipeline/quad_meshes/8d46740c472f9d36b7a04b65023ffc59_quad_chunks/inputs/chunk_000_crossfield.txt
  output      : /root/SemanPartMesh/compare_8d46740c472f9d36b7a04b65023ffc59_ns3000_20260508_184014/pipeline/quad_meshes/8d46740c472f9d36b7a04b65023ffc59_quad_chunks/outputs/chunk_000_quad.obj
  gradient_size: 30.0

  timeout     : 1800
  warning     : semantic size-field generation is disabled for pure MIQ -> libQEx extraction

  auto_sweep  : True
  retry       : True
  min_quads   : default
  max_ad      : 15.0
  min_jr      : 0.15

  cc_iters    : 0
  target_ratio: 0.5
  budget_tol  : 0.2
  cc_max_auto : 2


[Stage 3] Quad extraction
  script      : /root/SemanPartMesh/extract_quad.py
  python      : /root/.conda/envs/neurcross/bin/python
  input mesh  : /root/SemanPartMesh/compare_8d46740c472f9d36b7a04b65023ffc59_ns3000_20260508_184014/pipeline/quad_meshes/8d46740c472f9d36b7a04b65023ffc59_quad_chunks/inputs/chunk_001.obj
  cross field : /root/SemanPartMesh/compare_8d46740c472f9d36b7a04b65023ffc59_ns3000_20260508_184014/pipeline/quad_meshes/8d46740c472f9d36b7a04b65023ffc59_quad_chunks/inputs/chunk_001_crossfield.txt
  output      : /root/SemanPartMesh/compare_8d46740c472f9d36b7a04b65023ffc59_ns3000_20260508_184014/pipeline/quad_meshes/8d46740c472f9d36b7a04b65023ffc59_quad_chunks/outputs/chunk_001_quad.obj
  gradient_size: 30.0

  timeout     : 1800
  warning     : semantic size-field generation is disabled for pure MIQ -> libQEx extraction

  auto_sweep  : True
  retry       : True
  min_quads   : default
  max_ad      : 15.0
  min_jr      : 0.15

  cc_iters    : 0
  target_ratio: 0.5
  budget_tol  : 0.2
  cc_max_auto : 2


  chunk summary: 2/2 OK, 0 failed
  merge: 2/2 chunks -> 1885 verts, 1855 quads

============================================================
  Pipeline finished successfully
============================================================

Output directory: /root/SemanPartMesh/compare_8d46740c472f9d36b7a04b65023ffc59_ns3000_20260508_184014/pipeline

  partfield_input/        Staged mesh files for PartField
  partfield_features/     Per-face features (.npy) + PCA vis (.ply)
  neurcross_logs/         NeurCross training results
  quad_meshes/*_chunks/   Per-chunk extraction intermediates when chunking is used
  quad_meshes/*_target_patches/  Local target-patch extraction outputs when enabled
  quad_meshes/            Extracted quad meshes (.obj)

  [8d46740c472f9d36b7a04b65023ffc59]
    guidance   : feature
    features   : ../../PartField/exp_results/pipeline_partfield_features/part_feat_8d46740c472f9d36b7a04b65023ffc59_0_batch.npy
    cross field: neurcross_logs/8d46740c472f9d36b7a04b65023ffc59/save_crossField/
    extraction : connected_components (2 chunks)
    quad mesh  : quad_meshes/8d46740c472f9d36b7a04b65023ffc59_quad.obj

