5.234124660491943359e-01 2.590252552181482315e-03 -8.520755171775817871e-01 -1.355774933472275734e-03 9.999966621398925781e-01 2.207098295912146568e-03
5.234125852584838867e-01 2.491023391485214233e-03 -8.520757555961608887e-01 -1.303837052546441555e-03 9.999969005584716797e-01 2.122547244653105736e-03
3.255482614040374756e-01 2.767265541478991508e-03 -9.455214142799377441e-01 -9.008817723952233791e-04 9.999961853027343750e-01 2.616518409922719002e-03
3.255482017993927002e-01 2.797712804749608040e-03 -9.455212950706481934e-01 -9.107940131798386574e-04 9.999961256980895996e-01 2.645307686179876328e-03
1.120983287692070007e-01 3.163198474794626236e-03 -9.936921000480651855e-01 -3.545910294633358717e-04 9.999949932098388672e-01 3.143260953947901726e-03
1.120983436703681946e-01 3.110754303634166718e-03 -9.936922788619995117e-01 -3.487120848149061203e-04 9.999951720237731934e-01 3.091147402301430702e-03
-1.067202910780906677e-01 3.182596992701292038e-03 -9.942840337753295898e-01 3.396493557374924421e-04 9.999949336051940918e-01 3.164421068504452705e-03
-1.067203134298324585e-01 3.104001516476273537e-03 -9.942842125892639160e-01 3.312616026960313320e-04 9.999951720237731934e-01 3.086274722591042519e-03
-3.204268813133239746e-01 3.222184488549828529e-03 -9.472678303718566895e-01 1.032479922287166119e-03 9.999948143959045410e-01 3.052287502214312553e-03
-3.204270899295806885e-01 3.035196801647543907e-03 -9.472683668136596680e-01 9.725636919029057026e-04 9.999954104423522949e-01 2.875159028917551041e-03
-8.636856675148010254e-01 2.946465509012341499e-03 5.040222406387329102e-01 2.544831018894910812e-03 9.999956488609313965e-01 -1.485090702772140503e-03
-8.636865615844726562e-01 2.566003473475575447e-03 5.040227770805358887e-01 2.216230146586894989e-03 9.999967217445373535e-01 -1.293328474275767803e-03
-9.649738669395446777e-01 2.550744451582431793e-03 2.623336315155029297e-01 2.461410127580165863e-03 9.999967813491821289e-01 -6.691483431495726109e-04
-9.649751186370849609e-01 1.987175084650516510e-03 2.623339891433715820e-01 1.917578279972076416e-03 9.999980330467224121e-01 -5.213045515120029449e-04
-9.999945163726806641e-01 2.008166396990418434e-03 2.629309194162487984e-03 2.008159412071108818e-03 9.999979734420776367e-01 -5.280101049720542505e-06
-9.999950528144836426e-01 1.735297613777220249e-03 2.629310591146349907e-03 1.735291560180485249e-03 9.999985098838806152e-01 -4.562643425742862746e-06
-9.663410782814025879e-01 1.604188932105898857e-03 -2.572594881057739258e-01 1.550195622257888317e-03 9.999987483024597168e-01 4.126933054067194462e-04
-9.663413763046264648e-01 1.400397275574505329e-03 -2.572595477104187012e-01 1.353263040073215961e-03 9.999990463256835938e-01 3.602658980526030064e-04
-8.663253784179687500e-01 1.198359765112400055e-03 -4.994786977767944336e-01 1.038170186802744865e-03 9.999992847442626953e-01 5.985556053929030895e-04
-8.663254380226135254e-01 1.112689380533993244e-03 -4.994787573814392090e-01 9.639516938477754593e-04 9.999994039535522461e-01 5.557650583796203136e-04
-7.068161964416503906e-01 1.005130470730364323e-03 -7.073966264724731445e-01 7.104427204467356205e-04 9.999995231628417969e-01 7.110261358320713043e-04
-7.068161964416503906e-01 9.642114164307713509e-04 -7.073966264724731445e-01 6.815204978920519352e-04 9.999995231628417969e-01 6.820801645517349243e-04
-4.987667202949523926e-01 1.064063166268169880e-03 -8.667356371879577637e-01 5.307195824570953846e-04 9.999994635581970215e-01 9.222619701176881790e-04
-4.987667500972747803e-01 9.919282747432589531e-04 -8.667356967926025391e-01 4.947410780005156994e-04 9.999995231628417969e-01 8.597400737926363945e-04
-2.564626932144165039e-01 1.507015433162450790e-03 -9.665529727935791016e-01 3.864936879836022854e-04 9.999988675117492676e-01 1.456611906178295612e-03
-2.564627230167388916e-01 1.456263242289423943e-03 -9.665530323982238770e-01 3.734776400960981846e-04 9.999989271163940430e-01 1.407557167112827301e-03
3.449947573244571686e-03 1.718335901387035847e-03 -9.999925494194030762e-01 -5.928177415626123548e-06 9.999985098838806152e-01 1.718325656838715076e-03
3.449946874752640724e-03 1.820116653107106686e-03 -9.999923706054687500e-01 -6.279316494328668341e-06 9.999983310699462891e-01 1.820105826482176781e-03
2.631273865699768066e-01 2.096179407089948654e-03 -9.647588133811950684e-01 -5.515633965842425823e-04 9.999977946281433105e-01 2.022312022745609283e-03
2.631273865699768066e-01 2.068343572318553925e-03 -9.647588729858398438e-01 -5.442390101961791515e-04 9.999978542327880859e-01 1.995457103475928307e-03
5.047327876091003418e-01 2.381172263994812965e-03 -8.632723689079284668e-01 -1.201859209686517715e-03 9.999971985816955566e-01 2.055606339126825333e-03
5.047329068183898926e-01 2.294969279319047928e-03 -8.632725477218627930e-01 -1.158349565230309963e-03 9.999973773956298828e-01 1.981189241632819176e-03
-3.721584677696228027e-01 2.943228231742978096e-03 -9.281646013259887695e-01 1.095351995900273323e-03 9.999957084655761719e-01 2.731811953708529472e-03
-3.721586465835571289e-01 2.735826419666409492e-03 -9.281651377677917480e-01 1.018165261484682560e-03 9.999962449073791504e-01 2.539308276027441025e-03
-2.690258026123046875e-01 2.805621363222599030e-03 -9.631289243698120117e-01 7.547874120064079762e-04 9.999960660934448242e-01 2.702185418456792831e-03
-2.690261602401733398e-01 2.250101184472441673e-03 -9.631302952766418457e-01 6.053376127965748310e-04 9.999974966049194336e-01 2.167145954445004463e-03
-1.627024710178375244e-01 1.839387346990406513e-03 -9.866734743118286133e-01 2.992733498103916645e-04 9.999983310699462891e-01 1.814877730794250965e-03
-1.627025753259658813e-01 1.419884851202368736e-03 -9.866741299629211426e-01 2.310191484866663814e-04 9.999989867210388184e-01 1.400965033099055290e-03
-5.445009842514991760e-02 1.140190055593848228e-03 -9.985158443450927734e-01 6.208350532688200474e-05 9.999993443489074707e-01 1.138498540967702866e-03
-5.445012822747230530e-02 6.476218113675713539e-04 -9.985163211822509766e-01 3.526309592416509986e-05 9.999998211860656738e-01 6.466610357165336609e-04
5.445012450218200684e-02 5.947888130322098732e-04 -9.985163211822509766e-01 -3.238633144064806402e-05 9.999998211860656738e-01 5.939064431004226208e-04
5.445013567805290222e-02 8.404647815041244030e-05 -9.985164999961853027e-01 -4.576342234940966591e-06 1.000000000000000000e+00 8.392179734073579311e-05
1.627027392387390137e-01 1.034162414725869894e-04 -9.866751432418823242e-01 -1.682610491116065532e-05 1.000000000000000000e+00 1.020382333081215620e-04
1.627027392387390137e-01 -2.869064337573945522e-04 -9.866751432418823242e-01 4.668046312872320414e-05 1.000000000000000000e+00 -2.830834419000893831e-04
2.690268456935882568e-01 -1.011670028674416244e-04 -9.631326794624328613e-01 2.721663986449129879e-05 1.000000000000000000e+00 -9.743724513100460172e-05
2.690267562866210938e-01 -8.577226544730365276e-04 -9.631323218345642090e-01 2.307504182681441307e-04 9.999996423721313477e-01 -8.261007023975253105e-04
3.721599578857421875e-01 -7.218947866931557655e-04 -9.281683564186096191e-01 2.686603984329849482e-04 9.999997615814208984e-01 -6.700400845147669315e-04
3.721598684787750244e-01 -9.702030802145600319e-04 -9.281681776046752930e-01 3.610708226915448904e-04 9.999995231628417969e-01 -9.005120373331010342e-04
-9.470078349113464355e-01 -1.324616139754652977e-03 -3.212078809738159180e-01 -1.254422939382493496e-03 9.999991655349731445e-01 -4.254774830769747496e-04
-9.470074772834777832e-01 -1.559432479552924633e-03 -3.212077617645263672e-01 -1.476795994676649570e-03 9.999988079071044922e-01 -5.009024171158671379e-04
-9.942009449005126953e-01 -4.021953209303319454e-04 -1.075380221009254456e-01 -3.998629981651902199e-04 9.999999403953552246e-01 -4.325129339122213423e-05
-9.942008852958679199e-01 -4.919541534036397934e-04 -1.075380146503448486e-01 -4.891013377346098423e-04 9.999998807907104492e-01 -5.290377885103225708e-05
-9.937888383865356445e-01 4.405911022331565619e-04 1.112818568944931030e-01 4.378545563668012619e-04 9.999999403953552246e-01 -4.902980072074569762e-05
-9.937888979911804199e-01 2.010118914768099785e-04 1.112818643450737000e-01 1.997633808059617877e-04 1.000000000000000000e+00 -2.236897853435948491e-05
-9.457913041114807129e-01 1.160208252258598804e-03 3.247731029987335205e-01 1.097315573133528233e-03 9.999993443489074707e-01 -3.768046735785901546e-04
-9.457916021347045898e-01 8.154418319463729858e-04 3.247732222080230713e-01 7.712382939644157887e-04 9.999997019767761230e-01 -2.648337685968726873e-04
-8.525066971778869629e-01 2.144235884770750999e-03 5.227119326591491699e-01 1.827979809604585171e-03 9.999977350234985352e-01 -1.120820408686995506e-03
-8.525072932243347168e-01 1.789007103070616722e-03 5.227122902870178223e-01 1.525144092738628387e-03 9.999983906745910645e-01 -9.351375047117471695e-04
3.204282522201538086e-01 -1.341244322247803211e-03 -9.472718834877014160e-01 4.297729756217449903e-04 9.999991059303283691e-01 -1.270524109713733196e-03
3.204281032085418701e-01 -1.640777569264173508e-03 -9.472714066505432129e-01 5.257520242594182491e-04 9.999986886978149414e-01 -1.554263988509774208e-03
1.067204624414443970e-01 -2.611449453979730606e-03 -9.942856431007385254e-01 2.786960394587367773e-04 9.999966025352478027e-01 -2.596535487100481987e-03
1.067202016711235046e-01 -3.420340130105614662e-03 -9.942832589149475098e-01 3.650215221568942070e-04 9.999941587448120117e-01 -3.400806803256273270e-03
-1.120973601937294006e-01 -5.238460842519998550e-03 -9.936834573745727539e-01 -5.872256006114184856e-04 9.999862909317016602e-01 -5.205442663282155991e-03
-1.120971962809562683e-01 -5.488704890012741089e-03 -9.936820864677429199e-01 -6.152777932584285736e-04 9.999849796295166016e-01 -5.454110447317361832e-03
-3.255432248115539551e-01 -6.199501454830169678e-03 -9.455068707466125488e-01 -2.018244471400976181e-03 9.999808073043823242e-01 -5.861783400177955627e-03
-3.255427479743957520e-01 -6.430436391383409500e-03 -9.455054402351379395e-01 -2.093425253406167030e-03 9.999793171882629395e-01 -6.080138497054576874e-03
-5.234024524688720703e-01 -6.708705332130193710e-03 -8.520592451095581055e-01 -3.511431626975536346e-03 9.999775290489196777e-01 -5.716342944651842117e-03
-5.234020948410034180e-01 -6.803637370467185974e-03 -8.520586490631103516e-01 -3.561120480298995972e-03 9.999768733978271484e-01 -5.797232501208782196e-03
-9.278939366340637207e-01 -3.804412903264164925e-03 3.728249967098236084e-01 -3.530116984620690346e-03 9.999927878379821777e-01 1.418390427716076374e-03
-9.278931617736816406e-01 -4.009302705526351929e-03 3.728246688842773438e-01 -3.720234381034970284e-03 9.999919533729553223e-01 1.494779018685221672e-03
-9.629874229431152344e-01 -3.798683406785130501e-03 2.695196270942687988e-01 -3.658110741525888443e-03 9.999927878379821777e-01 1.023827120661735535e-03
-9.629867672920227051e-01 -3.987932112067937851e-03 2.695194184780120850e-01 -3.840356366708874702e-03 9.999920725822448730e-01 1.074833679012954235e-03
-9.866183996200561523e-01 -3.645922290161252022e-03 1.630056947469711304e-01 -3.597158007323741913e-03 9.999933838844299316e-01 5.943100550211966038e-04
-9.866181015968322754e-01 -3.735019126906991005e-03 1.630056351423263550e-01 -3.685062984004616737e-03 9.999930262565612793e-01 6.088333902880549431e-04
-9.985047578811645508e-01 -3.512341063469648361e-03 5.455225333571434021e-02 -3.507110755890607834e-03 9.999938607215881348e-01 1.916072942549362779e-04
-9.985040426254272461e-01 -3.699701745063066483e-03 5.455221608281135559e-02 -3.694192506372928619e-03 9.999931454658508301e-01 2.018283121287822723e-04
-9.985051751136779785e-01 -3.402967704460024834e-03 -5.455227568745613098e-02 -3.397900145500898361e-03 9.999942183494567871e-01 -1.856406888691708446e-04
-9.985047578811645508e-01 -3.511943155899643898e-03 -5.455225333571434021e-02 -3.506713546812534332e-03 9.999938607215881348e-01 -1.915855973493307829e-04
-9.866203665733337402e-01 -3.056897781789302826e-03 -1.630060076713562012e-01 -3.016011556610465050e-03 9.999953508377075195e-01 -4.982950049452483654e-04
-9.866204261779785156e-01 -3.036353969946503639e-03 -1.630060225725173950e-01 -2.995742717757821083e-03 9.999954104423522949e-01 -4.949462600052356720e-04
-9.629907011985778809e-01 -2.756090834736824036e-03 -2.695205509662628174e-01 -2.654100302606821060e-03 9.999962449073791504e-01 -7.428259705193340778e-04
-9.629908800125122070e-01 -2.695675473660230637e-03 -2.695205807685852051e-01 -2.595920348539948463e-03 9.999963641166687012e-01 -7.265426684170961380e-04
-9.278987050056457520e-01 -2.045715926215052605e-03 -3.728269040584564209e-01 -1.898221089504659176e-03 9.999979138374328613e-01 -7.626995211467146873e-04
-9.278981685638427734e-01 -2.310694428160786629e-03 -3.728266954421997070e-01 -2.144094556570053101e-03 9.999973177909851074e-01 -8.614907274022698402e-04
-5.047203898429870605e-01 -7.393551524728536606e-03 -8.632512092590332031e-01 -3.731778590008616447e-03 9.999727010726928711e-01 -6.382667459547519684e-03
-5.047199726104736328e-01 -7.505214773118495941e-03 -8.632504940032958984e-01 -3.788138972595334053e-03 9.999718666076660156e-01 -6.479063536971807480e-03
-2.631186544895172119e-01 -8.410242386162281036e-03 -9.647268652915954590e-01 -2.212969819083809853e-03 9.999646544456481934e-01 -8.113873191177845001e-03
-2.631181180477142334e-01 -8.650578558444976807e-03 -9.647248387336730957e-01 -2.276209183037281036e-03 9.999626278877258301e-01 -8.345741778612136841e-03
-3.449824638664722443e-03 -8.619818836450576782e-03 -9.999569058418273926e-01 -2.973796654259786010e-05 9.999628663063049316e-01 -8.619767613708972931e-03
-3.449815325438976288e-03 -8.926576934754848480e-03 -9.999542236328125000e-01 -3.079626912949606776e-05 9.999601840972900391e-01 -8.926523849368095398e-03
2.564525902271270752e-01 -9.002663195133209229e-03 -9.665148854255676270e-01 2.308849943801760674e-03 9.999594688415527344e-01 -8.701560087502002716e-03
2.564521729946136475e-01 -9.188223630189895630e-03 -9.665132761001586914e-01 2.356439363211393356e-03 9.999577999114990234e-01 -8.880915120244026184e-03
4.987468421459197998e-01 -8.993976749479770660e-03 -8.667010664939880371e-01 4.485898651182651520e-03 9.999595880508422852e-01 -7.795404177159070969e-03
4.987467527389526367e-01 -9.008564054965972900e-03 -8.667009472846984863e-01 4.493174143135547638e-03 9.999594092369079590e-01 -7.808047812432050705e-03
7.067912817001342773e-01 -8.449806831777095795e-03 -7.073716521263122559e-01 5.972462706267833710e-03 9.999642968177795410e-01 -5.977367516607046127e-03
7.067920565605163574e-01 -8.327357470989227295e-03 -7.073724269866943359e-01 5.885913502424955368e-03 9.999653697013854980e-01 -5.890747066587209702e-03
8.663012385368347168e-01 -7.560505531728267670e-03 -4.994648098945617676e-01 6.549862213432788849e-03 9.999714493751525879e-01 -3.776314202696084976e-03
8.663042187690734863e-01 -7.087224628776311874e-03 -4.994665086269378662e-01 6.139846984297037125e-03 9.999749064445495605e-01 -3.539920318871736526e-03
9.663258790969848633e-01 -5.827869754284620285e-03 -2.572554051876068115e-01 5.631716921925544739e-03 9.999830126762390137e-01 -1.499276491813361645e-03
9.663351774215698242e-01 -3.839279292151331902e-03 -2.572579085826873779e-01 3.710057819262146950e-03 9.999926686286926270e-01 -9.876922704279422760e-04
9.999933242797851562e-01 -2.546137897297739983e-03 2.629306167364120483e-03 2.546129049733281136e-03 9.999967813491821289e-01 6.694597232126398012e-06
9.999957680702209473e-01 -1.256494550034403801e-03 2.629312453791499138e-03 1.256490242667496204e-03 9.999992251396179199e-01 3.303719495306722820e-06
9.649761319160461426e-01 1.397833577357232571e-03 2.623342573642730713e-01 -1.348877325654029846e-03 9.999990463256835938e-01 -3.666999691631644964e-04
9.649733304977416992e-01 2.760304603725671768e-03 2.623334825038909912e-01 -2.663630526512861252e-03 9.999961853027343750e-01 -7.241230923682451248e-04
8.636814951896667480e-01 4.281438887119293213e-03 5.040197968482971191e-01 -3.697833511978387833e-03 9.999908208847045898e-01 -2.157949842512607574e-03
8.636807799339294434e-01 4.479583352804183960e-03 5.040193796157836914e-01 -3.868968691676855087e-03 9.999899864196777344e-01 -2.257819520309567451e-03
-8.524925708770751953e-01 -6.145497318357229233e-03 -5.227032303810119629e-01 -5.239089485257863998e-03 9.999811053276062012e-01 -3.212332027032971382e-03
-8.524922728538513184e-01 -6.208022590726613998e-03 -5.227030515670776367e-01 -5.292393267154693604e-03 9.999807476997375488e-01 -3.245014930143952370e-03
-9.457774162292480469e-01 -5.530660506337881088e-03 -3.247683346271514893e-01 -5.230854265391826630e-03 9.999847412109375000e-01 -1.796210999600589275e-03
-9.457774758338928223e-01 -5.523011554032564163e-03 -3.247683644294738770e-01 -5.223619751632213593e-03 9.999847412109375000e-01 -1.793726696632802486e-03
-9.937766194343566895e-01 -4.967569373548030853e-03 -1.112804934382438660e-01 -4.936715122312307358e-03 9.999876618385314941e-01 -5.528003675863146782e-04
-9.937751889228820801e-01 -5.260045640170574188e-03 -1.112803295254707336e-01 -5.227374378591775894e-03 9.999861717224121094e-01 -5.853476468473672867e-04
-9.941906332969665527e-01 -4.566981457173824310e-03 1.075369045138359070e-01 -4.540497437119483948e-03 9.999895691871643066e-01 4.911241703666746616e-04
-9.941899776458740234e-01 -4.703068174421787262e-03 1.075368374586105347e-01 -4.675795789808034897e-03 9.999889731407165527e-01 5.057587404735386372e-04
-9.470012187957763672e-01 -3.956250846385955811e-03 3.212056457996368408e-01 -3.746603615581989288e-03 9.999921917915344238e-01 1.270779990591108799e-03
-9.470005035400390625e-01 -4.141760058701038361e-03 3.212053775787353516e-01 -3.922282252460718155e-03 9.999914169311523438e-01 1.330367056652903557e-03
8.524997830390930176e-01 4.573759157210588455e-03 5.227077007293701172e-01 -3.899169387295842171e-03 9.999895691871643066e-01 -2.390763955190777779e-03
8.524991273880004883e-01 4.727760329842567444e-03 5.227072834968566895e-01 -4.030457232147455215e-03 9.999888539314270020e-01 -2.471262589097023010e-03
9.457826018333435059e-01 4.434354603290557861e-03 3.247701227664947510e-01 -4.193976521492004395e-03 9.999901652336120605e-01 -1.440159976482391357e-03
9.457808136940002441e-01 4.852069076150655746e-03 3.247694969177246094e-01 -4.589047748595476151e-03 9.999882578849792480e-01 -1.575822592712938786e-03
9.937793016433715820e-01 4.394382704049348831e-03 1.112807914614677429e-01 -4.367088899016380310e-03 9.999903440475463867e-01 -4.890150739811360836e-04
9.937781691551208496e-01 4.642367828637361526e-03 1.112806648015975952e-01 -4.613533616065979004e-03 9.999892115592956543e-01 -5.166113260202109814e-04
9.941924810409545898e-01 4.148104228079319000e-03 -1.075371056795120239e-01 -4.124049562960863113e-03 9.999914169311523438e-01 4.460789496079087257e-04
9.941918849945068359e-01 4.285835660994052887e-03 -1.075370460748672485e-01 -4.260981921106576920e-03 9.999908208847045898e-01 4.608903254847973585e-04
9.470005035400390625e-01 4.147724714130163193e-03 -3.212053775787353516e-01 -3.927931189537048340e-03 9.999914169311523438e-01 1.332283020019531250e-03
9.470010995864868164e-01 3.987074363976716995e-03 -3.212056159973144531e-01 -3.775793826207518578e-03 9.999920725822448730e-01 1.280680764466524124e-03
5.047296285629272461e-01 -4.261905327439308167e-03 8.632670044898986816e-01 2.151129534468054771e-03 9.999909400939941406e-01 3.679195418953895569e-03
5.047304630279541016e-01 -3.868237603455781937e-03 8.632683753967285156e-01 1.952431863173842430e-03 9.999925494194030762e-01 3.339352086186408997e-03
2.631254792213439941e-01 -4.331261850893497467e-03 9.647519588470458984e-01 1.139676081947982311e-03 9.999906420707702637e-01 4.178632516413927078e-03
2.631261646747589111e-01 -3.690031822770833969e-03 9.647544026374816895e-01 9.709505247883498669e-04 9.999932050704956055e-01 3.559998702257871628e-03
3.449923126026988029e-03 -4.150262102484703064e-03 9.999854564666748047e-01 1.431820783182047307e-05 9.999914169311523438e-01 4.150237422436475754e-03
3.449932904914021492e-03 -3.385325428098440170e-03 9.999883174896240234e-01 1.167921254818793386e-05 9.999942779541015625e-01 3.385305171832442284e-03
-2.564608752727508545e-01 -4.055483266711235046e-03 9.665461182594299316e-01 -1.040081377141177654e-03 9.999917745590209961e-01 3.919843584299087524e-03
-2.564617395401000977e-01 -3.104932373389601707e-03 9.665493965148925781e-01 -7.963002426549792290e-04 9.999951720237731934e-01 3.001085016876459122e-03
-4.987631142139434814e-01 -3.945786505937576294e-03 8.667293787002563477e-01 -1.968028023838996887e-03 9.999922513961791992e-01 3.419955493882298470e-03
-4.987649023532867432e-01 -2.893895609304308891e-03 8.667324781417846680e-01 -1.443379558622837067e-03 9.999958276748657227e-01 2.508243778720498085e-03
-7.068111896514892578e-01 -3.894443390890955925e-03 7.073916196823120117e-01 -2.752656582742929459e-03 9.999924302101135254e-01 2.754917135462164879e-03
-7.068127989768981934e-01 -3.236475866287946701e-03 7.073932290077209473e-01 -2.287594601511955261e-03 9.999947547912597656e-01 2.289473079144954681e-03
-8.663182258605957031e-01 -4.222696647047996521e-03 4.994745850563049316e-01 -3.658232046291232109e-03 9.999911189079284668e-01 2.109148772433400154e-03
-8.663191199302673340e-01 -3.975694067776203156e-03 4.994750916957855225e-01 -3.444247180595993996e-03 9.999921321868896484e-01 1.985776238143444061e-03
-9.663316607475280762e-01 -4.688553977757692337e-03 2.572569549083709717e-01 -4.530747886747121811e-03 9.999890327453613281e-01 1.206176355481147766e-03
-9.663306474685668945e-01 -4.906496964395046234e-03 2.572566866874694824e-01 -4.741355311125516891e-03 9.999879598617553711e-01 1.262244302779436111e-03
-9.999814629554748535e-01 -5.493688862770795822e-03 -2.629274968057870865e-03 -5.493669770658016205e-03 9.999849200248718262e-01 -1.444463578081922606e-05
-9.999805092811584473e-01 -5.670658312737941742e-03 -2.629272406920790672e-03 -5.670638754963874817e-03 9.999839663505554199e-01 -1.490994418418267742e-05
-9.649590253829956055e-01 -6.105261389166116714e-03 -2.623296082019805908e-01 -5.891437642276287079e-03 9.999814033508300781e-01 -1.601620810106396675e-03
-9.649586677551269531e-01 -6.170821841806173325e-03 -2.623295187950134277e-01 -5.954701453447341919e-03 9.999809861183166504e-01 -1.618819427676498890e-03
-8.636711835861206055e-01 -6.497502326965332031e-03 -5.040138363838195801e-01 -5.611823871731758118e-03 9.999788999557495117e-01 -3.274899907410144806e-03
-8.636708855628967285e-01 -6.554679013788700104e-03 -5.040136575698852539e-01 -5.661206785589456558e-03 9.999785423278808594e-01 -3.303718520328402519e-03
9.278906583786010742e-01 4.631435498595237732e-03 -3.728236854076385498e-01 -4.297511652112007141e-03 9.999892711639404297e-01 1.726727350614964962e-03
9.278916716575622559e-01 4.391897004097700119e-03 -3.728240728378295898e-01 -4.075244069099426270e-03 9.999903440475463867e-01 1.637420733459293842e-03
9.629793763160705566e-01 5.584647413343191147e-03 -2.695173621177673340e-01 -5.377984605729579926e-03 9.999844431877136230e-01 1.505183055996894836e-03
9.629772901535034180e-01 5.964012350887060165e-03 -2.695167660713195801e-01 -5.743310321122407913e-03 9.999822378158569336e-01 1.607429934665560722e-03
9.866044521331787109e-01 6.449563428759574890e-03 -1.630033701658248901e-01 -6.363300140947103500e-03 9.999791979789733887e-01 1.051322440616786480e-03
9.866037964820861816e-01 6.548729259520769119e-03 -1.630032658576965332e-01 -6.461139768362045288e-03 9.999785423278808594e-01 1.067487173713743687e-03
9.984887838363647461e-01 6.659721489995718002e-03 -5.455137789249420166e-02 -6.649804301559925079e-03 9.999778270721435547e-01 3.633050364442169666e-04
9.984903335571289062e-01 6.426439620554447174e-03 -5.455146357417106628e-02 -6.416869815438985825e-03 9.999793767929077148e-01 3.505789209157228470e-04
9.984888434410095215e-01 6.648892071098089218e-03 5.455138161778450012e-02 -6.638991180807352066e-03 9.999778866767883301e-01 -3.627142868936061859e-04
9.984918236732482910e-01 6.184761878103017807e-03 5.455154925584793091e-02 -6.175551563501358032e-03 9.999808669090270996e-01 -3.373947401996701956e-04
9.866051673889160156e-01 6.333409808576107025e-03 1.630035042762756348e-01 -6.248699966818094254e-03 9.999799728393554688e-01 -1.032388652674853802e-03
9.866067767143249512e-01 6.070342380553483963e-03 1.630037724971771240e-01 -5.989151075482368469e-03 9.999815821647644043e-01 -9.895068360492587090e-04
9.629762172698974609e-01 6.151476409286260605e-03 2.695164680480957031e-01 -5.923837423324584961e-03 9.999811053276062012e-01 -1.657955581322312355e-03
9.629779458045959473e-01 5.849772132933139801e-03 2.695169448852539062e-01 -5.633297841995954514e-03 9.999828934669494629e-01 -1.576639711856842041e-03
9.278845787048339844e-01 5.881452467292547226e-03 3.728212416172027588e-01 -5.457403138279914856e-03 9.999827146530151367e-01 -2.192768268287181854e-03
9.278841018676757812e-01 5.971424747258424759e-03 3.728210330009460449e-01 -5.540888756513595581e-03 9.999821782112121582e-01 -2.226312411949038506e-03
-3.204255998134613037e-01 -4.286166280508041382e-03 9.472640156745910645e-01 -1.373409992083907127e-03 9.999908208847045898e-01 4.060168284922838211e-03
-3.204264938831329346e-01 -3.577161114662885666e-03 9.472666978836059570e-01 -1.146224560216069221e-03 9.999936223030090332e-01 3.388547105714678764e-03
-1.067199409008026123e-01 -4.066069144755601883e-03 9.942808151245117188e-01 -4.339342995081096888e-04 9.999917745590209961e-01 4.042848479002714157e-03
-1.067200675606727600e-01 -3.785160370171070099e-03 9.942819476127624512e-01 -4.039554332848638296e-04 9.999928474426269531e-01 3.763543441891670227e-03
1.120978444814682007e-01 -4.328631795942783356e-03 9.936878085136413574e-01 4.852347483392804861e-04 9.999906420707702637e-01 4.301348235458135605e-03
1.120980381965637207e-01 -3.900900017470121384e-03 9.936895370483398438e-01 4.372865660116076469e-04 9.999924302101135254e-01 3.876312868669629097e-03
3.255467116832733154e-01 -4.153557121753692627e-03 9.455168843269348145e-01 1.352188293822109699e-03 9.999914169311523438e-01 3.927292302250862122e-03
3.255472481250762939e-01 -3.721771296113729477e-03 9.455184936523437500e-01 1.211620634421706200e-03 9.999930858612060547e-01 3.519027493894100189e-03
5.234100818634033203e-01 -3.974617924541234970e-03 8.520717024803161621e-01 2.080371370539069176e-03 9.999921321868896484e-01 3.386685857549309731e-03
5.234107971191406250e-01 -3.635647008195519447e-03 8.520727753639221191e-01 1.902949181385338306e-03 9.999933838844299316e-01 3.097855951637029648e-03
3.721575736999511719e-01 3.639048896729946136e-03 9.281624555587768555e-01 -1.354308566078543663e-03 9.999933838844299316e-01 -3.377650864422321320e-03
3.721572458744049072e-01 3.875110764056444168e-03 9.281616210937500000e-01 -1.442161388695240021e-03 9.999924898147583008e-01 -3.596756141632795334e-03
2.690252065658569336e-01 3.482779487967491150e-03 9.631268382072448730e-01 -9.369612089358270168e-04 9.999939203262329102e-01 -3.354378743097186089e-03
2.690250277519226074e-01 3.693335689604282379e-03 9.631261229515075684e-01 -9.936064016073942184e-04 9.999932050704956055e-01 -3.557172371074557304e-03
1.627020686864852905e-01 2.861865796148777008e-03 9.866710901260375977e-01 -4.656334349419921637e-04 9.999959468841552734e-01 -2.823732094839215279e-03
1.627021133899688721e-01 2.771276514977216721e-03 9.866713881492614746e-01 -4.508942656684666872e-04 9.999961853027343750e-01 -2.734349574893712997e-03
5.445009097456932068e-02 1.313799177296459675e-03 9.985156655311584473e-01 -7.153654587455093861e-05 9.999991655349731445e-01 -1.311850151978433132e-03
5.445010215044021606e-02 1.182398642413318157e-03 9.985158443450927734e-01 -6.438176933443173766e-05 9.999993443489074707e-01 -1.180644496344029903e-03
-5.445013567805290222e-02 1.172276533907279372e-04 9.985164999961853027e-01 6.383061645465204492e-06 1.000000000000000000e+00 -1.170537434518337250e-04
-5.445013567805290222e-02 1.969508448382839561e-04 9.985164999961853027e-01 1.072400027624098584e-05 1.000000000000000000e+00 -1.966586714843288064e-04
-1.627026796340942383e-01 -8.387672714889049530e-04 9.866747856140136719e-01 -1.364697382086887956e-04 9.999996423721313477e-01 8.275908185169100761e-04
-1.627026796340942383e-01 -8.545214659534394741e-04 9.866747856140136719e-01 -1.390329853165894747e-04 9.999996423721313477e-01 8.431351161561906338e-04
-2.690263390541076660e-01 -1.972153550013899803e-03 9.631308317184448242e-01 -5.305622471496462822e-04 9.999980926513671875e-01 1.899445429444313049e-03
-2.690264284610748291e-01 -1.778153120540082455e-03 9.631311893463134766e-01 -4.783709300681948662e-04 9.999984502792358398e-01 1.712597440928220749e-03
-3.721581697463989258e-01 -3.184460569173097610e-03 9.281638860702514648e-01 -1.185129047371447086e-03 9.999949336051940918e-01 2.955716336145997047e-03
-3.721589148044586182e-01 -2.458471106365323067e-03 9.281657934188842773e-01 -9.149448014795780182e-04 9.999970197677612305e-01 2.281875815242528915e-03
-5.234141349792480469e-01 6.547630182467401028e-04 8.520782589912414551e-01 3.427122428547590971e-04 9.999998211860656738e-01 -5.579094286076724529e-04
-5.234140157699584961e-01 8.688441594131290913e-04 8.520780801773071289e-01 4.547653661575168371e-04 9.999996423721313477e-01 -7.403233321383595467e-04
-3.255493640899658203e-01 9.702082606963813305e-04 9.455245733261108398e-01 3.158507752232253551e-04 9.999995231628417969e-01 -9.173561120405793190e-04
-3.255492150783538818e-01 1.287915860302746296e-03 9.455242156982421875e-01 4.192803462501615286e-04 9.999991655349731445e-01 -1.217756653204560280e-03
-1.120987609028816223e-01 1.518990844488143921e-03 9.936959147453308105e-01 1.702771842246875167e-04 9.999988675117492676e-01 -1.509416732005774975e-03
-1.120987161993980408e-01 1.762210857123136520e-03 9.936954975128173828e-01 1.975418708752840757e-04 9.999984502792358398e-01 -1.751103671267628670e-03
1.067205742001533508e-01 2.202936215326189995e-03 9.942866563796997070e-01 -2.350991708226501942e-04 9.999976158142089844e-01 -2.190355444326996803e-03
1.067204773426055908e-01 2.555730985477566719e-03 9.942857623100280762e-01 -2.727497194427996874e-04 9.999967217445373535e-01 -2.541135298088192940e-03
3.204268813133239746e-01 3.230306087061762810e-03 9.472677707672119141e-01 -1.035082386806607246e-03 9.999948143959045410e-01 -3.059981158003211021e-03
3.204267024993896484e-01 3.412415273487567902e-03 9.472672343254089355e-01 -1.093435334041714668e-03 9.999942183494567871e-01 -3.232487943023443222e-03
2.695769071578979492e-03 0.000000000000000000e+00 -9.999963641166687012e-01 -9.999963641166687012e-01 -0.000000000000000000e+00 -2.695769071578979492e-03
2.645674860104918480e-03 -0.000000000000000000e+00 -9.999965429306030273e-01 -9.999965429306030273e-01 0.000000000000000000e+00 -2.645674860104918480e-03
2.689747838303446770e-03 0.000000000000000000e+00 -9.999964237213134766e-01 -9.999964237213134766e-01 -0.000000000000000000e+00 -2.689747838303446770e-03
2.650806447491049767e-03 -0.000000000000000000e+00 -9.999964833259582520e-01 -9.999964833259582520e-01 0.000000000000000000e+00 -2.650806447491049767e-03
2.692416077479720116e-03 0.000000000000000000e+00 -9.999963641166687012e-01 -9.999963641166687012e-01 -0.000000000000000000e+00 -2.692416077479720116e-03
2.667548134922981262e-03 -0.000000000000000000e+00 -9.999964833259582520e-01 -9.999964833259582520e-01 0.000000000000000000e+00 -2.667548134922981262e-03
2.666265005245804787e-03 -0.000000000000000000e+00 -9.999964833259582520e-01 -9.999964833259582520e-01 0.000000000000000000e+00 -2.666265005245804787e-03
2.769318409264087677e-03 -0.000000000000000000e+00 -9.999961853027343750e-01 -9.999961853027343750e-01 0.000000000000000000e+00 -2.769318409264087677e-03
2.680711215361952782e-03 0.000000000000000000e+00 -9.999964237213134766e-01 -9.999964237213134766e-01 0.000000000000000000e+00 -2.680711215361952782e-03
2.691252855584025383e-03 -0.000000000000000000e+00 -9.999963641166687012e-01 -9.999963641166687012e-01 0.000000000000000000e+00 -2.691252855584025383e-03
2.618685364723205566e-03 -0.000000000000000000e+00 -9.999966025352478027e-01 -9.999966025352478027e-01 0.000000000000000000e+00 -2.618685364723205566e-03
2.549839206039905548e-03 0.000000000000000000e+00 -9.999967813491821289e-01 -9.999967813491821289e-01 0.000000000000000000e+00 -2.549839206039905548e-03
2.541582332924008369e-03 -0.000000000000000000e+00 -9.999967813491821289e-01 -9.999967813491821289e-01 0.000000000000000000e+00 -2.541582332924008369e-03
2.496744040399789810e-03 -0.000000000000000000e+00 -9.999969005584716797e-01 -9.999969005584716797e-01 0.000000000000000000e+00 -2.496744040399789810e-03
2.422275952994823456e-03 0.000000000000000000e+00 -9.999970793724060059e-01 -9.999970793724060059e-01 0.000000000000000000e+00 -2.422275952994823456e-03
2.299133455380797386e-03 -0.000000000000000000e+00 -9.999973773956298828e-01 -9.999973773956298828e-01 0.000000000000000000e+00 -2.299133455380797386e-03
2.254681894555687904e-03 0.000000000000000000e+00 -9.999974966049194336e-01 -9.999974966049194336e-01 0.000000000000000000e+00 -2.254681894555687904e-03
2.112415852025151253e-03 -0.000000000000000000e+00 -9.999977946281433105e-01 -9.999977946281433105e-01 0.000000000000000000e+00 -2.112415852025151253e-03
2.034161938354372978e-03 0.000000000000000000e+00 -9.999979734420776367e-01 -9.999979734420776367e-01 0.000000000000000000e+00 -2.034161938354372978e-03
2.073650248348712921e-03 0.000000000000000000e+00 -9.999978542327880859e-01 -9.999978542327880859e-01 0.000000000000000000e+00 -2.073650248348712921e-03
1.997536048293113708e-03 0.000000000000000000e+00 -9.999980330467224121e-01 -9.999980330467224121e-01 0.000000000000000000e+00 -1.997536048293113708e-03
2.070012036710977554e-03 0.000000000000000000e+00 -9.999978542327880859e-01 -9.999978542327880859e-01 0.000000000000000000e+00 -2.070012036710977554e-03
1.978193409740924835e-03 0.000000000000000000e+00 -9.999980330467224121e-01 -9.999980330467224121e-01 0.000000000000000000e+00 -1.978193409740924835e-03
2.013549208641052246e-03 0.000000000000000000e+00 -9.999979734420776367e-01 -9.999979734420776367e-01 0.000000000000000000e+00 -2.013549208641052246e-03
1.871105283498764038e-03 0.000000000000000000e+00 -9.999982714653015137e-01 -9.999982714653015137e-01 0.000000000000000000e+00 -1.871105283498764038e-03
1.753480872139334679e-03 0.000000000000000000e+00 -9.999984502792358398e-01 -9.999984502792358398e-01 0.000000000000000000e+00 -1.753480872139334679e-03
1.849155756644904613e-03 0.000000000000000000e+00 -9.999983310699462891e-01 -9.999983310699462891e-01 0.000000000000000000e+00 -1.849155756644904613e-03
1.642214599996805191e-03 0.000000000000000000e+00 -9.999986886978149414e-01 -9.999986886978149414e-01 0.000000000000000000e+00 -1.642214599996805191e-03
1.700037624686956406e-03 0.000000000000000000e+00 -9.999985694885253906e-01 -9.999985694885253906e-01 0.000000000000000000e+00 -1.700037624686956406e-03
1.515920856036245823e-03 0.000000000000000000e+00 -9.999988675117492676e-01 -9.999988675117492676e-01 0.000000000000000000e+00 -1.515920856036245823e-03
1.501300488598644733e-03 0.000000000000000000e+00 -9.999988675117492676e-01 -9.999988675117492676e-01 0.000000000000000000e+00 -1.501300488598644733e-03
1.455973600968718529e-03 -0.000000000000000000e+00 -9.999989271163940430e-01 -9.999989271163940430e-01 0.000000000000000000e+00 -1.455973600968718529e-03
1.451810239814221859e-03 -0.000000000000000000e+00 -9.999989867210388184e-01 -9.999989867210388184e-01 0.000000000000000000e+00 -1.451810239814221859e-03
1.430132542736828327e-03 -0.000000000000000000e+00 -9.999989867210388184e-01 -9.999989867210388184e-01 0.000000000000000000e+00 -1.430132542736828327e-03
1.408004551194608212e-03 0.000000000000000000e+00 -9.999990463256835938e-01 -9.999990463256835938e-01 0.000000000000000000e+00 -1.408004551194608212e-03
1.411901786923408508e-03 -0.000000000000000000e+00 -9.999990463256835938e-01 -9.999990463256835938e-01 0.000000000000000000e+00 -1.411901786923408508e-03
1.372464350424706936e-03 0.000000000000000000e+00 -9.999990463256835938e-01 -9.999990463256835938e-01 0.000000000000000000e+00 -1.372464350424706936e-03
1.333919470198452473e-03 -0.000000000000000000e+00 -9.999991059303283691e-01 -9.999991059303283691e-01 0.000000000000000000e+00 -1.333919470198452473e-03
1.333237742073833942e-03 0.000000000000000000e+00 -9.999991059303283691e-01 -9.999991059303283691e-01 0.000000000000000000e+00 -1.333237742073833942e-03
1.345903729088604450e-03 -0.000000000000000000e+00 -9.999991059303283691e-01 -9.999991059303283691e-01 0.000000000000000000e+00 -1.345903729088604450e-03
1.340909278951585293e-03 0.000000000000000000e+00 -9.999991059303283691e-01 -9.999991059303283691e-01 0.000000000000000000e+00 -1.340909278951585293e-03
1.320697716437280178e-03 0.000000000000000000e+00 -9.999991655349731445e-01 -9.999991655349731445e-01 0.000000000000000000e+00 -1.320697716437280178e-03
1.281222212128341198e-03 0.000000000000000000e+00 -9.999991655349731445e-01 -9.999991655349731445e-01 0.000000000000000000e+00 -1.281222212128341198e-03
1.255153096280992031e-03 0.000000000000000000e+00 -9.999992251396179199e-01 -9.999992251396179199e-01 0.000000000000000000e+00 -1.255153096280992031e-03
1.275329734198749065e-03 0.000000000000000000e+00 -9.999992251396179199e-01 -9.999992251396179199e-01 0.000000000000000000e+00 -1.275329734198749065e-03
1.236752490513026714e-03 0.000000000000000000e+00 -9.999992251396179199e-01 -9.999992251396179199e-01 0.000000000000000000e+00 -1.236752490513026714e-03
1.249219407327473164e-03 0.000000000000000000e+00 -9.999992251396179199e-01 -9.999992251396179199e-01 0.000000000000000000e+00 -1.249219407327473164e-03
1.223826198838651180e-03 0.000000000000000000e+00 -9.999992847442626953e-01 -9.999992847442626953e-01 0.000000000000000000e+00 -1.223826198838651180e-03
1.178189180791378021e-03 0.000000000000000000e+00 -9.999993443489074707e-01 -9.999993443489074707e-01 0.000000000000000000e+00 -1.178189180791378021e-03
1.185383647680282593e-03 0.000000000000000000e+00 -9.999992847442626953e-01 -9.999992847442626953e-01 0.000000000000000000e+00 -1.185383647680282593e-03
1.170128351077437401e-03 0.000000000000000000e+00 -9.999993443489074707e-01 -9.999993443489074707e-01 0.000000000000000000e+00 -1.170128351077437401e-03
1.199866528622806072e-03 0.000000000000000000e+00 -9.999992847442626953e-01 -9.999992847442626953e-01 0.000000000000000000e+00 -1.199866528622806072e-03
1.194541575387120247e-03 0.000000000000000000e+00 -9.999992847442626953e-01 -9.999992847442626953e-01 0.000000000000000000e+00 -1.194541575387120247e-03
1.210803166031837463e-03 0.000000000000000000e+00 -9.999992847442626953e-01 -9.999992847442626953e-01 0.000000000000000000e+00 -1.210803166031837463e-03
1.216002390719950199e-03 0.000000000000000000e+00 -9.999992847442626953e-01 -9.999992847442626953e-01 0.000000000000000000e+00 -1.216002390719950199e-03
1.214027521200478077e-03 0.000000000000000000e+00 -9.999992847442626953e-01 -9.999992847442626953e-01 0.000000000000000000e+00 -1.214027521200478077e-03
1.234841882251203060e-03 0.000000000000000000e+00 -9.999992251396179199e-01 -9.999992251396179199e-01 0.000000000000000000e+00 -1.234841882251203060e-03
1.260372693650424480e-03 0.000000000000000000e+00 -9.999992251396179199e-01 -9.999992251396179199e-01 0.000000000000000000e+00 -1.260372693650424480e-03
1.269205939024686813e-03 0.000000000000000000e+00 -9.999992251396179199e-01 -9.999992251396179199e-01 0.000000000000000000e+00 -1.269205939024686813e-03
1.313941902481019497e-03 0.000000000000000000e+00 -9.999991655349731445e-01 -9.999991655349731445e-01 0.000000000000000000e+00 -1.313941902481019497e-03
1.390484510920941830e-03 0.000000000000000000e+00 -9.999990463256835938e-01 -9.999990463256835938e-01 0.000000000000000000e+00 -1.390484510920941830e-03
1.391897676512598991e-03 0.000000000000000000e+00 -9.999990463256835938e-01 -9.999990463256835938e-01 0.000000000000000000e+00 -1.391897676512598991e-03
1.537662814371287823e-03 0.000000000000000000e+00 -9.999988079071044922e-01 -9.999988079071044922e-01 0.000000000000000000e+00 -1.537662814371287823e-03
1.502517610788345337e-03 0.000000000000000000e+00 -9.999988675117492676e-01 -9.999988675117492676e-01 0.000000000000000000e+00 -1.502517610788345337e-03
1.657888060435652733e-03 0.000000000000000000e+00 -9.999986290931701660e-01 -9.999986290931701660e-01 0.000000000000000000e+00 -1.657888060435652733e-03
1.633334555663168430e-03 0.000000000000000000e+00 -9.999986886978149414e-01 -9.999986886978149414e-01 0.000000000000000000e+00 -1.633334555663168430e-03
1.707194256596267223e-03 0.000000000000000000e+00 -9.999985694885253906e-01 -9.999985694885253906e-01 0.000000000000000000e+00 -1.707194256596267223e-03
1.977274660021066666e-03 0.000000000000000000e+00 -9.999980330467224121e-01 -9.999980330467224121e-01 0.000000000000000000e+00 -1.977274660021066666e-03
1.920993556268513203e-03 0.000000000000000000e+00 -9.999981522560119629e-01 -9.999981522560119629e-01 0.000000000000000000e+00 -1.920993556268513203e-03
2.127565909177064896e-03 0.000000000000000000e+00 -9.999977350234985352e-01 -9.999977350234985352e-01 0.000000000000000000e+00 -2.127565909177064896e-03
2.087523229420185089e-03 0.000000000000000000e+00 -9.999978542327880859e-01 -9.999978542327880859e-01 0.000000000000000000e+00 -2.087523229420185089e-03
2.216941211372613907e-03 0.000000000000000000e+00 -9.999975562095642090e-01 -9.999975562095642090e-01 0.000000000000000000e+00 -2.216941211372613907e-03
2.379675861448049545e-03 0.000000000000000000e+00 -9.999971985816955566e-01 -9.999971985816955566e-01 0.000000000000000000e+00 -2.379675861448049545e-03
2.365430118516087532e-03 0.000000000000000000e+00 -9.999971985816955566e-01 -9.999971985816955566e-01 0.000000000000000000e+00 -2.365430118516087532e-03
2.592316363006830215e-03 0.000000000000000000e+00 -9.999966621398925781e-01 -9.999966621398925781e-01 0.000000000000000000e+00 -2.592316363006830215e-03
2.553119091317057610e-03 0.000000000000000000e+00 -9.999967813491821289e-01 -9.999967813491821289e-01 0.000000000000000000e+00 -2.553119091317057610e-03
2.748637227341532707e-03 0.000000000000000000e+00 -9.999962449073791504e-01 -9.999962449073791504e-01 0.000000000000000000e+00 -2.748637227341532707e-03
2.777693793177604675e-03 0.000000000000000000e+00 -9.999961853027343750e-01 -9.999961853027343750e-01 0.000000000000000000e+00 -2.777693793177604675e-03
2.860035281628370285e-03 0.000000000000000000e+00 -9.999959468841552734e-01 -9.999959468841552734e-01 0.000000000000000000e+00 -2.860035281628370285e-03
2.876194426789879799e-03 0.000000000000000000e+00 -9.999958872795104980e-01 -9.999958872795104980e-01 0.000000000000000000e+00 -2.876194426789879799e-03
2.944881329312920570e-03 0.000000000000000000e+00 -9.999957084655761719e-01 -9.999957084655761719e-01 0.000000000000000000e+00 -2.944881329312920570e-03
3.055380657315254211e-03 0.000000000000000000e+00 -9.999953508377075195e-01 -9.999953508377075195e-01 0.000000000000000000e+00 -3.055380657315254211e-03
2.987135667353868484e-03 0.000000000000000000e+00 -9.999955296516418457e-01 -9.999955296516418457e-01 0.000000000000000000e+00 -2.987135667353868484e-03
3.087988821789622307e-03 0.000000000000000000e+00 -9.999952316284179688e-01 -9.999952316284179688e-01 0.000000000000000000e+00 -3.087988821789622307e-03
3.016238799318671227e-03 0.000000000000000000e+00 -9.999954700469970703e-01 -9.999954700469970703e-01 0.000000000000000000e+00 -3.016238799318671227e-03
3.088606288656592369e-03 0.000000000000000000e+00 -9.999952316284179688e-01 -9.999952316284179688e-01 0.000000000000000000e+00 -3.088606288656592369e-03
3.026666585355997086e-03 0.000000000000000000e+00 -9.999954104423522949e-01 -9.999954104423522949e-01 0.000000000000000000e+00 -3.026666585355997086e-03
3.114259801805019379e-03 0.000000000000000000e+00 -9.999951720237731934e-01 -9.999951720237731934e-01 0.000000000000000000e+00 -3.114259801805019379e-03
3.039320698007941246e-03 0.000000000000000000e+00 -9.999954104423522949e-01 -9.999954104423522949e-01 0.000000000000000000e+00 -3.039320698007941246e-03
3.070363542065024376e-03 0.000000000000000000e+00 -9.999952912330627441e-01 -9.999952912330627441e-01 0.000000000000000000e+00 -3.070363542065024376e-03
3.163346322253346443e-03 0.000000000000000000e+00 -9.999949932098388672e-01 -9.999949932098388672e-01 0.000000000000000000e+00 -3.163346322253346443e-03
3.140744520351290703e-03 0.000000000000000000e+00 -9.999951124191284180e-01 -9.999951124191284180e-01 0.000000000000000000e+00 -3.140744520351290703e-03
3.217813326045870781e-03 0.000000000000000000e+00 -9.999948143959045410e-01 -9.999948143959045410e-01 0.000000000000000000e+00 -3.217813326045870781e-03
3.201627871021628380e-03 0.000000000000000000e+00 -9.999948740005493164e-01 -9.999948740005493164e-01 0.000000000000000000e+00 -3.201627871021628380e-03
3.252899739891290665e-03 0.000000000000000000e+00 -9.999946951866149902e-01 -9.999946951866149902e-01 0.000000000000000000e+00 -3.252899739891290665e-03
3.264802042394876480e-03 0.000000000000000000e+00 -9.999946951866149902e-01 -9.999946951866149902e-01 0.000000000000000000e+00 -3.264802042394876480e-03
3.280581207945942879e-03 0.000000000000000000e+00 -9.999946355819702148e-01 -9.999946355819702148e-01 0.000000000000000000e+00 -3.280581207945942879e-03
3.289575222879648209e-03 0.000000000000000000e+00 -9.999945759773254395e-01 -9.999945759773254395e-01 0.000000000000000000e+00 -3.289575222879648209e-03
3.323330543935298920e-03 0.000000000000000000e+00 -9.999945163726806641e-01 -9.999945163726806641e-01 0.000000000000000000e+00 -3.323330543935298920e-03
3.405103925615549088e-03 0.000000000000000000e+00 -9.999942183494567871e-01 -9.999942183494567871e-01 0.000000000000000000e+00 -3.405103925615549088e-03
3.390375291928648949e-03 0.000000000000000000e+00 -9.999942779541015625e-01 -9.999942779541015625e-01 0.000000000000000000e+00 -3.390375291928648949e-03
3.473731921985745430e-03 0.000000000000000000e+00 -9.999939799308776855e-01 -9.999939799308776855e-01 0.000000000000000000e+00 -3.473731921985745430e-03
3.488756017759442329e-03 0.000000000000000000e+00 -9.999939203262329102e-01 -9.999939203262329102e-01 -0.000000000000000000e+00 -3.488756017759442329e-03
3.442785702645778656e-03 -0.000000000000000000e+00 -9.999940991401672363e-01 -9.999940991401672363e-01 0.000000000000000000e+00 -3.442785702645778656e-03
3.509014379233121872e-03 0.000000000000000000e+00 -9.999938607215881348e-01 -9.999938607215881348e-01 -0.000000000000000000e+00 -3.509014379233121872e-03
3.463825210928916931e-03 -0.000000000000000000e+00 -9.999940395355224609e-01 -9.999940395355224609e-01 0.000000000000000000e+00 -3.463825210928916931e-03
3.534243674948811531e-03 0.000000000000000000e+00 -9.999937415122985840e-01 -9.999937415122985840e-01 -0.000000000000000000e+00 -3.534243674948811531e-03
3.464533248916268349e-03 -0.000000000000000000e+00 -9.999940395355224609e-01 -9.999940395355224609e-01 0.000000000000000000e+00 -3.464533248916268349e-03
3.557925345376133919e-03 0.000000000000000000e+00 -9.999936819076538086e-01 -9.999936819076538086e-01 -0.000000000000000000e+00 -3.557925345376133919e-03
3.487875452265143394e-03 -0.000000000000000000e+00 -9.999939203262329102e-01 -9.999939203262329102e-01 0.000000000000000000e+00 -3.487875452265143394e-03
3.586940700188279152e-03 0.000000000000000000e+00 -9.999935626983642578e-01 -9.999935626983642578e-01 -0.000000000000000000e+00 -3.586940700188279152e-03
3.528760746121406555e-03 -0.000000000000000000e+00 -9.999938011169433594e-01 -9.999938011169433594e-01 0.000000000000000000e+00 -3.528760746121406555e-03
3.621772397309541702e-03 0.000000000000000000e+00 -9.999934434890747070e-01 -9.999934434890747070e-01 0.000000000000000000e+00 -3.621772397309541702e-03
3.564049256965517998e-03 0.000000000000000000e+00 -9.999936819076538086e-01 -9.999936819076538086e-01 0.000000000000000000e+00 -3.564049256965517998e-03
3.684098133817315102e-03 0.000000000000000000e+00 -9.999932050704956055e-01 -9.999932050704956055e-01 0.000000000000000000e+00 -3.684098133817315102e-03
3.685265546664595604e-03 0.000000000000000000e+00 -9.999932050704956055e-01 -9.999932050704956055e-01 0.000000000000000000e+00 -3.685265546664595604e-03
3.804993117228150368e-03 0.000000000000000000e+00 -9.999927878379821777e-01 -9.999927878379821777e-01 0.000000000000000000e+00 -3.804993117228150368e-03
3.893981687724590302e-03 0.000000000000000000e+00 -9.999924302101135254e-01 -9.999924302101135254e-01 0.000000000000000000e+00 -3.893981687724590302e-03
3.815780393779277802e-03 0.000000000000000000e+00 -9.999927282333374023e-01 -9.999927282333374023e-01 0.000000000000000000e+00 -3.815780393779277802e-03
3.974986262619495392e-03 0.000000000000000000e+00 -9.999921321868896484e-01 -9.999921321868896484e-01 0.000000000000000000e+00 -3.974986262619495392e-03
3.911141771823167801e-03 0.000000000000000000e+00 -9.999923706054687500e-01 -9.999923706054687500e-01 -0.000000000000000000e+00 -3.911141771823167801e-03
4.128505941480398178e-03 0.000000000000000000e+00 -9.999914765357971191e-01 -9.999914765357971191e-01 0.000000000000000000e+00 -4.128505941480398178e-03
4.057707265019416809e-03 -0.000000000000000000e+00 -9.999917745590209961e-01 -9.999917745590209961e-01 0.000000000000000000e+00 -4.057707265019416809e-03
4.202499520033597946e-03 0.000000000000000000e+00 -9.999911785125732422e-01 -9.999911785125732422e-01 0.000000000000000000e+00 -4.202499520033597946e-03
4.213573876768350601e-03 0.000000000000000000e+00 -9.999911189079284668e-01 -9.999911189079284668e-01 -0.000000000000000000e+00 -4.213573876768350601e-03
4.026980604976415634e-03 -0.000000000000000000e+00 -9.999918937683105469e-01 -9.999918937683105469e-01 0.000000000000000000e+00 -4.026980604976415634e-03
4.139735363423824310e-03 0.000000000000000000e+00 -9.999914169311523438e-01 -9.999914169311523438e-01 -0.000000000000000000e+00 -4.139735363423824310e-03
3.875185968354344368e-03 -0.000000000000000000e+00 -9.999924898147583008e-01 -9.999924898147583008e-01 0.000000000000000000e+00 -3.875185968354344368e-03
3.960041329264640808e-03 0.000000000000000000e+00 -9.999921917915344238e-01 -9.999921917915344238e-01 -0.000000000000000000e+00 -3.960041329264640808e-03
3.843227401375770569e-03 0.000000000000000000e+00 -9.999926090240478516e-01 -9.999926090240478516e-01 -0.000000000000000000e+00 -3.843227401375770569e-03
3.653245512396097183e-03 -0.000000000000000000e+00 -9.999933242797851562e-01 -9.999933242797851562e-01 0.000000000000000000e+00 -3.653245512396097183e-03
3.756567835807800293e-03 0.000000000000000000e+00 -9.999929666519165039e-01 -9.999929666519165039e-01 -0.000000000000000000e+00 -3.756567835807800293e-03
3.772940719500184059e-03 0.000000000000000000e+00 -9.999929070472717285e-01 -9.999929070472717285e-01 -0.000000000000000000e+00 -3.772940719500184059e-03
3.887702710926532745e-03 0.000000000000000000e+00 -9.999924302101135254e-01 -9.999924302101135254e-01 0.000000000000000000e+00 -3.887702710926532745e-03
2.726746024563908577e-03 0.000000000000000000e+00 -9.999963045120239258e-01 -9.999963045120239258e-01 0.000000000000000000e+00 -2.726746024563908577e-03
2.825270406901836395e-03 0.000000000000000000e+00 -9.999960064888000488e-01 -9.999960064888000488e-01 0.000000000000000000e+00 -2.825270406901836395e-03
2.886197762563824654e-03 0.000000000000000000e+00 -9.999958276748657227e-01 -9.999958276748657227e-01 0.000000000000000000e+00 -2.886197762563824654e-03
2.894039032980799675e-03 0.000000000000000000e+00 -9.999958276748657227e-01 -9.999958276748657227e-01 -0.000000000000000000e+00 -2.894039032980799675e-03
2.932743169367313385e-03 0.000000000000000000e+00 -9.999957084655761719e-01 -9.999957084655761719e-01 -0.000000000000000000e+00 -2.932743169367313385e-03
2.889600582420825958e-03 -0.000000000000000000e+00 -9.999958276748657227e-01 -9.999958276748657227e-01 0.000000000000000000e+00 -2.889600582420825958e-03
2.935211174190044403e-03 0.000000000000000000e+00 -9.999957084655761719e-01 -9.999957084655761719e-01 -0.000000000000000000e+00 -2.935211174190044403e-03
2.933259587734937668e-03 0.000000000000000000e+00 -9.999957084655761719e-01 -9.999957084655761719e-01 -0.000000000000000000e+00 -2.933259587734937668e-03
2.922585001215338707e-03 -0.000000000000000000e+00 -9.999957680702209473e-01 -9.999957680702209473e-01 0.000000000000000000e+00 -2.922585001215338707e-03
2.927826484665274620e-03 0.000000000000000000e+00 -9.999957084655761719e-01 -9.999957084655761719e-01 -0.000000000000000000e+00 -2.927826484665274620e-03
2.908577211201190948e-03 -0.000000000000000000e+00 -9.999957680702209473e-01 -9.999957680702209473e-01 0.000000000000000000e+00 -2.908577211201190948e-03
2.918554469943046570e-03 0.000000000000000000e+00 -9.999957680702209473e-01 -9.999957680702209473e-01 -0.000000000000000000e+00 -2.918554469943046570e-03
2.923121908679604530e-03 -0.000000000000000000e+00 -9.999957680702209473e-01 -9.999957680702209473e-01 0.000000000000000000e+00 -2.923121908679604530e-03
2.875850535929203033e-03 -0.000000000000000000e+00 -9.999958872795104980e-01 -9.999958872795104980e-01 0.000000000000000000e+00 -2.875850535929203033e-03
2.867829520255327225e-03 -0.000000000000000000e+00 -9.999958872795104980e-01 -9.999958872795104980e-01 0.000000000000000000e+00 -2.867829520255327225e-03
2.821054309606552124e-03 0.000000000000000000e+00 -9.999960064888000488e-01 -9.999960064888000488e-01 0.000000000000000000e+00 -2.821054309606552124e-03
2.805405529215931892e-03 -0.000000000000000000e+00 -9.999960660934448242e-01 -9.999960660934448242e-01 0.000000000000000000e+00 -2.805405529215931892e-03
2.763121621683239937e-03 -0.000000000000000000e+00 -9.999961853027343750e-01 -9.999961853027343750e-01 0.000000000000000000e+00 -2.763121621683239937e-03
2.740431576967239380e-03 0.000000000000000000e+00 -9.999962449073791504e-01 -9.999962449073791504e-01 0.000000000000000000e+00 -2.740431576967239380e-03
2.714990172535181046e-03 -0.000000000000000000e+00 -9.999963045120239258e-01 -9.999963045120239258e-01 0.000000000000000000e+00 -2.714990172535181046e-03
2.699786098673939705e-03 0.000000000000000000e+00 -9.999963641166687012e-01 -9.999963641166687012e-01 0.000000000000000000e+00 -2.699786098673939705e-03
2.707036444917321205e-03 -0.000000000000000000e+00 -9.999963641166687012e-01 -9.999963641166687012e-01 0.000000000000000000e+00 -2.707036444917321205e-03
2.699386794120073318e-03 0.000000000000000000e+00 -9.999963641166687012e-01 -9.999963641166687012e-01 0.000000000000000000e+00 -2.699386794120073318e-03
2.703251782804727554e-03 0.000000000000000000e+00 -9.999963641166687012e-01 -9.999963641166687012e-01 0.000000000000000000e+00 -2.703251782804727554e-03
2.674474846571683884e-03 0.000000000000000000e+00 -9.999964237213134766e-01 -9.999964237213134766e-01 0.000000000000000000e+00 -2.674474846571683884e-03
2.699907636269927025e-03 0.000000000000000000e+00 -9.999963641166687012e-01 -9.999963641166687012e-01 0.000000000000000000e+00 -2.699907636269927025e-03
3.139147069305181503e-03 0.000000000000000000e+00 -9.999951124191284180e-01 -9.999951124191284180e-01 0.000000000000000000e+00 -3.139147069305181503e-03
3.161740023642778397e-03 0.000000000000000000e+00 -9.999949932098388672e-01 -9.999949932098388672e-01 0.000000000000000000e+00 -3.161740023642778397e-03
3.264389466494321823e-03 0.000000000000000000e+00 -9.999946951866149902e-01 -9.999946951866149902e-01 0.000000000000000000e+00 -3.264389466494321823e-03
3.333345288410782814e-03 0.000000000000000000e+00 -9.999944567680358887e-01 -9.999944567680358887e-01 0.000000000000000000e+00 -3.333345288410782814e-03
3.390741068869829178e-03 0.000000000000000000e+00 -9.999942779541015625e-01 -9.999942779541015625e-01 0.000000000000000000e+00 -3.390741068869829178e-03
3.614212386310100555e-03 0.000000000000000000e+00 -9.999935030937194824e-01 -9.999935030937194824e-01 0.000000000000000000e+00 -3.614212386310100555e-03
3.697685897350311279e-03 0.000000000000000000e+00 -9.999932050704956055e-01 -9.999932050704956055e-01 -0.000000000000000000e+00 -3.697685897350311279e-03
3.567364066839218140e-03 -0.000000000000000000e+00 -9.999936223030090332e-01 -9.999936223030090332e-01 0.000000000000000000e+00 -3.567364066839218140e-03
3.708712989464402199e-03 0.000000000000000000e+00 -9.999931454658508301e-01 -9.999931454658508301e-01 -0.000000000000000000e+00 -3.708712989464402199e-03
3.690649056807160378e-03 0.000000000000000000e+00 -9.999932050704956055e-01 -9.999932050704956055e-01 -0.000000000000000000e+00 -3.690649056807160378e-03
3.802892286330461502e-03 0.000000000000000000e+00 -9.999927878379821777e-01 -9.999927878379821777e-01 0.000000000000000000e+00 -3.802892286330461502e-03
3.815124975517392159e-03 0.000000000000000000e+00 -9.999927282333374023e-01 -9.999927282333374023e-01 0.000000000000000000e+00 -3.815124975517392159e-03
3.838177770376205444e-03 0.000000000000000000e+00 -9.999926686286926270e-01 -9.999926686286926270e-01 0.000000000000000000e+00 -3.838177770376205444e-03
3.845769912004470825e-03 0.000000000000000000e+00 -9.999926090240478516e-01 -9.999926090240478516e-01 0.000000000000000000e+00 -3.845769912004470825e-03
3.871719120070338249e-03 0.000000000000000000e+00 -9.999925494194030762e-01 -9.999925494194030762e-01 0.000000000000000000e+00 -3.871719120070338249e-03
3.559651551768183708e-03 0.000000000000000000e+00 -9.999936819076538086e-01 -9.999936819076538086e-01 0.000000000000000000e+00 -3.559651551768183708e-03
3.595718182623386383e-03 0.000000000000000000e+00 -9.999935626983642578e-01 -9.999935626983642578e-01 -0.000000000000000000e+00 -3.595718182623386383e-03
3.576905000954866409e-03 0.000000000000000000e+00 -9.999936223030090332e-01 -9.999936223030090332e-01 -0.000000000000000000e+00 -3.576905000954866409e-03
3.477359889075160027e-03 -0.000000000000000000e+00 -9.999939799308776855e-01 -9.999939799308776855e-01 0.000000000000000000e+00 -3.477359889075160027e-03
3.515820018947124481e-03 0.000000000000000000e+00 -9.999938607215881348e-01 -9.999938607215881348e-01 -0.000000000000000000e+00 -3.515820018947124481e-03
3.383520059287548065e-03 -0.000000000000000000e+00 -9.999942779541015625e-01 -9.999942779541015625e-01 0.000000000000000000e+00 -3.383520059287548065e-03
3.515972290188074112e-03 0.000000000000000000e+00 -9.999938607215881348e-01 -9.999938607215881348e-01 -0.000000000000000000e+00 -3.515972290188074112e-03
3.562038997188210487e-03 -0.000000000000000000e+00 -9.999936819076538086e-01 -9.999936819076538086e-01 0.000000000000000000e+00 -3.562038997188210487e-03
3.492901800200343132e-03 -0.000000000000000000e+00 -9.999939203262329102e-01 -9.999939203262329102e-01 0.000000000000000000e+00 -3.492901800200343132e-03
3.563502337783575058e-03 -0.000000000000000000e+00 -9.999936819076538086e-01 -9.999936819076538086e-01 0.000000000000000000e+00 -3.563502337783575058e-03
3.460764652118086815e-03 -0.000000000000000000e+00 -9.999940395355224609e-01 -9.999940395355224609e-01 0.000000000000000000e+00 -3.460764652118086815e-03
3.464079927653074265e-03 -0.000000000000000000e+00 -9.999940395355224609e-01 -9.999940395355224609e-01 0.000000000000000000e+00 -3.464079927653074265e-03
3.337704576551914215e-03 0.000000000000000000e+00 -9.999944567680358887e-01 -9.999944567680358887e-01 0.000000000000000000e+00 -3.337704576551914215e-03
3.309407737106084824e-03 -0.000000000000000000e+00 -9.999945163726806641e-01 -9.999945163726806641e-01 0.000000000000000000e+00 -3.309407737106084824e-03
3.230776637792587280e-03 -0.000000000000000000e+00 -9.999948143959045410e-01 -9.999948143959045410e-01 0.000000000000000000e+00 -3.230776637792587280e-03
3.168276278302073479e-03 0.000000000000000000e+00 -9.999949932098388672e-01 -9.999949932098388672e-01 0.000000000000000000e+00 -3.168276278302073479e-03
3.124222159385681152e-03 -0.000000000000000000e+00 -9.999951124191284180e-01 -9.999951124191284180e-01 0.000000000000000000e+00 -3.124222159385681152e-03
3.050362924113869667e-03 0.000000000000000000e+00 -9.999953508377075195e-01 -9.999953508377075195e-01 0.000000000000000000e+00 -3.050362924113869667e-03
3.048984799534082413e-03 -0.000000000000000000e+00 -9.999953508377075195e-01 -9.999953508377075195e-01 0.000000000000000000e+00 -3.048984799534082413e-03
3.009238746017217636e-03 -0.000000000000000000e+00 -9.999954700469970703e-01 -9.999954700469970703e-01 0.000000000000000000e+00 -3.009238746017217636e-03
2.920860191807150841e-03 0.000000000000000000e+00 -9.999957680702209473e-01 -9.999957680702209473e-01 0.000000000000000000e+00 -2.920860191807150841e-03
1.525985891930758953e-03 0.000000000000000000e+00 -9.999988675117492676e-01 -9.999988675117492676e-01 0.000000000000000000e+00 -1.525985891930758953e-03
1.583645120263099670e-03 0.000000000000000000e+00 -9.999987483024597168e-01 -9.999987483024597168e-01 0.000000000000000000e+00 -1.583645120263099670e-03
1.424377434886991978e-03 0.000000000000000000e+00 -9.999989867210388184e-01 -9.999989867210388184e-01 0.000000000000000000e+00 -1.424377434886991978e-03
1.481823157519102097e-03 0.000000000000000000e+00 -9.999989271163940430e-01 -9.999989271163940430e-01 0.000000000000000000e+00 -1.481823157519102097e-03
1.394650898873806000e-03 0.000000000000000000e+00 -9.999990463256835938e-01 -9.999990463256835938e-01 0.000000000000000000e+00 -1.394650898873806000e-03
3.955467604100704193e-03 0.000000000000000000e+00 -9.999921917915344238e-01 -9.999921917915344238e-01 0.000000000000000000e+00 -3.955467604100704193e-03
3.945932723581790924e-03 0.000000000000000000e+00 -9.999922513961791992e-01 -9.999922513961791992e-01 0.000000000000000000e+00 -3.945932723581790924e-03
3.971667960286140442e-03 0.000000000000000000e+00 -9.999921321868896484e-01 -9.999921321868896484e-01 0.000000000000000000e+00 -3.971667960286140442e-03
3.988204523921012878e-03 0.000000000000000000e+00 -9.999920725822448730e-01 -9.999920725822448730e-01 0.000000000000000000e+00 -3.988204523921012878e-03
3.991835750639438629e-03 0.000000000000000000e+00 -9.999920725822448730e-01 -9.999920725822448730e-01 0.000000000000000000e+00 -3.991835750639438629e-03
4.015104379504919052e-03 0.000000000000000000e+00 -9.999919533729553223e-01 -9.999919533729553223e-01 0.000000000000000000e+00 -4.015104379504919052e-03
4.036062397062778473e-03 0.000000000000000000e+00 -9.999918937683105469e-01 -9.999918937683105469e-01 0.000000000000000000e+00 -4.036062397062778473e-03
4.069840535521507263e-03 0.000000000000000000e+00 -9.999917149543762207e-01 -9.999917149543762207e-01 0.000000000000000000e+00 -4.069840535521507263e-03
4.062476102262735367e-03 0.000000000000000000e+00 -9.999917745590209961e-01 -9.999917745590209961e-01 0.000000000000000000e+00 -4.062476102262735367e-03
4.111609421670436859e-03 0.000000000000000000e+00 -9.999915361404418945e-01 -9.999915361404418945e-01 0.000000000000000000e+00 -4.111609421670436859e-03
4.103308543562889099e-03 0.000000000000000000e+00 -9.999915957450866699e-01 -9.999915957450866699e-01 -0.000000000000000000e+00 -4.103308543562889099e-03
4.065978806465864182e-03 -0.000000000000000000e+00 -9.999917745590209961e-01 -9.999917745590209961e-01 0.000000000000000000e+00 -4.065978806465864182e-03
4.095143172889947891e-03 0.000000000000000000e+00 -9.999916553497314453e-01 -9.999916553497314453e-01 -0.000000000000000000e+00 -4.095143172889947891e-03
4.036679398268461227e-03 -0.000000000000000000e+00 -9.999918937683105469e-01 -9.999918937683105469e-01 0.000000000000000000e+00 -4.036679398268461227e-03
4.051741678267717361e-03 0.000000000000000000e+00 -9.999918341636657715e-01 -9.999918341636657715e-01 -0.000000000000000000e+00 -4.051741678267717361e-03
4.037030506879091263e-03 0.000000000000000000e+00 -9.999918937683105469e-01 -9.999918937683105469e-01 -0.000000000000000000e+00 -4.037030506879091263e-03
3.991748206317424774e-03 -0.000000000000000000e+00 -9.999920725822448730e-01 -9.999920725822448730e-01 0.000000000000000000e+00 -3.991748206317424774e-03
4.011523444205522537e-03 0.000000000000000000e+00 -9.999919533729553223e-01 -9.999919533729553223e-01 -0.000000000000000000e+00 -4.011523444205522537e-03
3.965436015278100967e-03 -0.000000000000000000e+00 -9.999921321868896484e-01 -9.999921321868896484e-01 0.000000000000000000e+00 -3.965436015278100967e-03
3.975340165197849274e-03 -0.000000000000000000e+00 -9.999921321868896484e-01 -9.999921321868896484e-01 0.000000000000000000e+00 -3.975340165197849274e-03
3.940200433135032654e-03 -0.000000000000000000e+00 -9.999922513961791992e-01 -9.999922513961791992e-01 0.000000000000000000e+00 -3.940200433135032654e-03
3.912212327122688293e-03 0.000000000000000000e+00 -9.999923706054687500e-01 -9.999923706054687500e-01 0.000000000000000000e+00 -3.912212327122688293e-03
3.886061720550060272e-03 -0.000000000000000000e+00 -9.999924898147583008e-01 -9.999924898147583008e-01 0.000000000000000000e+00 -3.886061720550060272e-03
3.905632067471742630e-03 0.000000000000000000e+00 -9.999923706054687500e-01 -9.999923706054687500e-01 0.000000000000000000e+00 -3.905632067471742630e-03
8.636893630027770996e-01 4.268374759703874588e-04 -5.040244460105895996e-01 -3.686550189740955830e-04 9.999999403953552246e-01 2.151365188183262944e-04
8.636892437934875488e-01 7.066658581607043743e-04 -5.040243268013000488e-01 -6.103398045524954796e-04 9.999997615814208984e-01 3.561768680810928345e-04
9.649767279624938965e-01 7.745876791886985302e-04 -2.623344063758850098e-01 -7.474593003280460835e-04 9.999997019767761230e-01 2.032010670518502593e-04
9.649766087532043457e-01 9.265153203159570694e-04 -2.623343765735626221e-01 -8.940660045482218266e-04 9.999995827674865723e-01 2.430569293210282922e-04
9.999950528144836426e-01 1.735980855301022530e-03 -2.629310591146349907e-03 -1.735974801704287529e-03 9.999985098838806152e-01 4.564439677778864279e-06
9.999951124191284180e-01 1.689985278062522411e-03 -2.629310823976993561e-03 -1.689979457296431065e-03 9.999985694885253906e-01 4.443502803042065352e-06
9.663394093513488770e-01 2.437830436974763870e-03 2.572590112686157227e-01 -2.355778589844703674e-03 9.999970197677612305e-01 -6.271557649597525597e-04
9.663393497467041016e-01 2.460793592035770416e-03 2.572590112686157227e-01 -2.377968979999423027e-03 9.999969601631164551e-01 -6.330632604658603668e-04
8.663223385810852051e-01 2.896740334108471870e-03 4.994769692420959473e-01 -2.509521320462226868e-03 9.999958276748657227e-01 -1.446861075237393379e-03
8.663225769996643066e-01 2.804847434163093567e-03 4.994770884513854980e-01 -2.429912099614739418e-03 9.999960660934448242e-01 -1.400962588377296925e-03
7.068132162094116211e-01 3.066490869969129562e-03 7.073936462402343750e-01 -2.167446073144674301e-03 9.999952912330627441e-01 -2.169226063415408134e-03
7.068130373954772949e-01 3.144483081996440887e-03 7.073934674263000488e-01 -2.222572453320026398e-03 9.999950528144836426e-01 -2.224397612735629082e-03
4.987641870975494385e-01 3.346778452396392822e-03 8.667312860488891602e-01 -1.669262652285397053e-03 9.999943971633911133e-01 -2.900773659348487854e-03
4.987640380859375000e-01 3.452406730502843857e-03 8.667309880256652832e-01 -1.721946406178176403e-03 9.999940395355224609e-01 -2.992325462400913239e-03
2.564616799354553223e-01 3.203524276614189148e-03 9.665490984916687012e-01 -8.215854177251458168e-04 9.999948740005493164e-01 -3.096379339694976807e-03
2.564616203308105469e-01 3.261525882408022881e-03 9.665489196777343750e-01 -8.364606765098869801e-04 9.999946951866149902e-01 -3.152441000565886497e-03
-3.449937328696250916e-03 2.991716843098402023e-03 9.999895691871643066e-01 1.032128147926414385e-05 9.999955296516418457e-01 -2.991698915138840675e-03
-3.449937794357538223e-03 2.928350819274783134e-03 9.999897480010986328e-01 1.010267169476719573e-05 9.999957084655761719e-01 -2.928333356976509094e-03
-2.631274759769439697e-01 1.937551540322601795e-03 9.647591710090637207e-01 5.098239635117352009e-04 9.999981522560119629e-01 -1.869274070486426353e-03
-2.631274163722991943e-01 2.011712640523910522e-03 9.647589921951293945e-01 5.293378490023314953e-04 9.999979734420776367e-01 -1.940821763128042221e-03
-5.047339797019958496e-01 9.946082718670368195e-04 8.632743954658508301e-01 5.020128446631133556e-04 9.999995231628417969e-01 -8.586202748119831085e-04
-5.047338604927062988e-01 1.153366290964186192e-03 8.632742762565612793e-01 5.821434315294027328e-04 9.999993443489074707e-01 -9.956720750778913498e-04
9.469969272613525391e-01 4.967368673533201218e-03 3.212041854858398438e-01 -4.704141058027744293e-03 9.999876618385314941e-01 -1.595559297129511833e-03
9.469965696334838867e-01 5.051164422184228897e-03 3.212040960788726807e-01 -4.783495794981718063e-03 9.999872446060180664e-01 -1.622474985197186470e-03
9.941921234130859375e-01 4.223152063786983490e-03 1.075370684266090393e-01 -4.198662471026182175e-03 9.999911189079284668e-01 -4.541494708973914385e-04
9.941931366920471191e-01 3.980321343988180161e-03 1.075371801853179932e-01 -3.957239445298910141e-03 9.999920725822448730e-01 -4.280359135009348392e-04
9.937838315963745117e-01 3.196194535121321678e-03 -1.112812906503677368e-01 -3.176342928782105446e-03 9.999949336051940918e-01 3.556785231921821833e-04
9.937843680381774902e-01 3.028917359188199043e-03 -1.112813577055931091e-01 -3.010104177519679070e-03 9.999954104423522949e-01 3.370635386090725660e-04
9.457897543907165527e-01 2.138038165867328644e-03 -3.247725665569305420e-01 -2.022139262408018112e-03 9.999977350234985352e-01 6.943777552805840969e-04
9.457895755767822266e-01 2.223613904789090157e-03 -3.247725069522857666e-01 -2.103076083585619926e-03 9.999975562095642090e-01 7.221704581752419472e-04
8.525079488754272461e-01 1.301028649322688580e-03 -5.227127075195312500e-01 -1.109138247556984425e-03 9.999991655349731445e-01 6.800647242926061153e-04
8.525075316429138184e-01 1.611161860637366772e-03 -5.227124691009521484e-01 -1.373529434204101562e-03 9.999986886978149414e-01 8.421754464507102966e-04
2.079115957021713257e-01 -2.240853384137153625e-03 -9.781450629234313965e-01 4.659005790017545223e-04 9.999974966049194336e-01 -2.191885141655802727e-03
2.079116255044937134e-01 -2.204016549512743950e-03 -9.781451821327209473e-01 4.582417313940823078e-04 9.999976158142089844e-01 -2.155853202566504478e-03
-2.079081684350967407e-01 -6.168968044221401215e-03 -9.781289100646972656e-01 -1.282603247091174126e-03 9.999809861183166504e-01 -6.034160498529672623e-03
-2.079078108072280884e-01 -6.441233679652214050e-03 -9.781272411346435547e-01 -1.339210546575486660e-03 9.999792575836181641e-01 -6.300476845353841782e-03
-5.877758860588073730e-01 -5.699808709323406219e-03 -8.090037703514099121e-01 -3.350264625623822212e-03 9.999837875366210938e-01 -4.611242096871137619e-03
-5.877753496170043945e-01 -5.845527164638042450e-03 -8.090031147003173828e-01 -3.435915801674127579e-03 9.999829530715942383e-01 -4.729130771011114120e-03
-8.660110235214233398e-01 -5.735925864428281784e-03 -4.999921321868896484e-01 -4.967456683516502380e-03 9.999835491180419922e-01 -2.867965027689933777e-03
-8.660112023353576660e-01 -5.702578928321599960e-03 -4.999922215938568115e-01 -4.938577301800251007e-03 9.999837279319763184e-01 -2.851291559636592865e-03
-9.945107698440551758e-01 -4.763063043355941772e-03 -1.045260131359100342e-01 -4.736971110105514526e-03 9.999886751174926758e-01 -4.978696233592927456e-04
-9.945086836814880371e-01 -5.184512585401535034e-03 -1.045257970690727234e-01 -5.156111903488636017e-03 9.999865889549255371e-01 -5.419225781224668026e-04
-9.510472416877746582e-01 -4.554300103336572647e-03 3.090120851993560791e-01 -4.331399220973253250e-03 9.999896287918090820e-01 1.407348434440791607e-03
-9.510429501533508301e-01 -5.450079217553138733e-03 3.090107142925262451e-01 -5.183336324989795685e-03 9.999851584434509277e-01 1.684157876297831535e-03
-7.431338429450988770e-01 -5.435437429696321487e-03 6.691207289695739746e-01 -4.039316903799772263e-03 9.999852180480957031e-01 3.637017682194709778e-03
-7.431345582008361816e-01 -5.260353442281484604e-03 6.691213846206665039e-01 -3.909204155206680298e-03 9.999861717224121094e-01 3.519863588735461235e-03
-4.067325294017791748e-01 -4.479976370930671692e-03 9.135363698005676270e-01 -1.822170452214777470e-03 9.999899864196777344e-01 4.092662129551172256e-03
-4.067338109016418457e-01 -3.724240465089678764e-03 9.135391712188720703e-01 -1.514784991741180420e-03 9.999930858612060547e-01 3.402263158932328224e-03
-0.000000000000000000e+00 -2.809605561196804047e-03 9.999960660934448242e-01 0.000000000000000000e+00 9.999960660934448242e-01 2.809605561196804047e-03
0.000000000000000000e+00 -2.649340545758605003e-03 9.999964833259582520e-01 0.000000000000000000e+00 9.999964833259582520e-01 2.649340545758605003e-03
4.067357480525970459e-01 -2.089824294671416283e-03 9.135435223579406738e-01 8.500080439262092113e-04 9.999978542327880859e-01 1.909149461425840855e-03
4.067361056804656982e-01 -1.598166069015860558e-03 9.135443568229675293e-01 6.500326562672853470e-04 9.999987483024597168e-01 1.459997380152344704e-03
7.431435585021972656e-01 -1.821020734496414661e-03 6.691294908523559570e-01 1.353282132185995579e-03 9.999983310699462891e-01 1.218500779941678047e-03
7.431440949440002441e-01 -1.411885721608996391e-03 6.691300272941589355e-01 1.049235579557716846e-03 9.999990463256835938e-01 9.447359479963779449e-04
9.510542154312133789e-01 -2.282000146806240082e-03 3.090158402919769287e-01 2.170311519876122475e-03 9.999974370002746582e-01 7.051759748719632626e-04
9.510546922683715820e-01 -2.035086276009678841e-03 3.090159595012664795e-01 1.935482490807771683e-03 9.999979734420776367e-01 6.288755103014409542e-04
9.945186972618103027e-01 -2.533860970288515091e-03 -1.045282855629920959e-01 2.519980305805802345e-03 9.999967813491821289e-01 -2.648609806783497334e-04
9.945192933082580566e-01 -2.297986531630158424e-03 -1.045283451676368713e-01 2.285398077219724655e-03 9.999973773956298828e-01 -2.402053651167079806e-04
8.660229444503784180e-01 -2.326031215488910675e-03 -4.999990165233612061e-01 2.014401834458112717e-03 9.999973177909851074e-01 -1.163016422651708126e-03
8.660230040550231934e-01 -2.284160582348704338e-03 -4.999990463256835938e-01 1.978140790015459061e-03 9.999973773956298828e-01 -1.142081106081604958e-03
5.877842903137207031e-01 -1.980580855160951614e-03 -8.090153336524963379e-01 1.164156594313681126e-03 9.999980330467224121e-01 -1.602323492988944054e-03
5.877841114997863770e-01 -2.093676012009382248e-03 -8.090151548385620117e-01 1.230632187798619270e-03 9.999977946281433105e-01 -1.693819416686892509e-03
7.654118537902832031e-02 1.432797219604253769e-02 -9.969635009765625000e-01 -1.096792635507881641e-03 9.998973608016967773e-01 1.428593136370182037e-02
7.654143124818801880e-02 1.410489063709974289e-02 -9.969666600227355957e-01 -1.079715904779732227e-03 9.999005198478698730e-01 1.406350452452898026e-02
-7.654264569282531738e-02 1.293138228356838226e-02 -9.969824552536010742e-01 9.898850694298744202e-04 9.999164342880249023e-01 1.289344020187854767e-02
-7.654298096895217896e-02 1.259098760783672333e-02 -9.969868063926696777e-01 9.638280607759952545e-04 9.999207258224487305e-01 1.255404390394687653e-02
-2.278376817703247070e-01 1.184128317981958389e-02 -9.736271500587463379e-01 2.698079682886600494e-03 9.999299049377441406e-01 1.152980327606201172e-02
-2.278383970260620117e-01 1.156765595078468323e-02 -9.736302495002746582e-01 2.635732991620898247e-03 9.999331235885620117e-01 1.126337423920631409e-02
-3.737931251525878906e-01 1.137326750904321671e-02 -9.274423718452453613e-01 4.251523874700069427e-03 9.999353289604187012e-01 1.054873224347829819e-02
-3.737952709197998047e-01 1.085732970386743546e-02 -9.274476766586303711e-01 4.058657679706811905e-03 9.999410510063171387e-01 1.007019821554422379e-02
-5.109903216361999512e-01 1.051789894700050354e-02 -8.595221042633056641e-01 5.374841857701539993e-03 9.999446868896484375e-01 9.040866978466510773e-03
-5.109925270080566406e-01 1.009664125740528107e-02 -8.595258593559265137e-01 5.159571301192045212e-03 9.999490380287170410e-01 8.678766898810863495e-03
-6.362178921699523926e-01 8.764716796576976776e-03 -7.714596390724182129e-01 5.576483905315399170e-03 9.999616146087646484e-01 6.761884782463312149e-03
-6.362197399139404297e-01 8.436358533799648285e-03 -7.714618444442749023e-01 5.367567762732505798e-03 9.999644160270690918e-01 6.508559454232454300e-03
-7.465389370918273926e-01 6.207797210663557053e-03 -6.653128266334533691e-01 4.634451586753129959e-03 9.999807476997375488e-01 4.130206536501646042e-03
-7.465414404869079590e-01 5.646577570587396622e-03 -6.653150320053100586e-01 4.215470980852842331e-03 9.999840855598449707e-01 3.756812773644924164e-03
-8.393599987030029297e-01 3.600738942623138428e-03 -5.435640215873718262e-01 3.022335702553391457e-03 9.999935030937194824e-01 1.957244705408811569e-03
-8.393617272377014160e-01 2.980119781568646431e-03 -5.435651540756225586e-01 2.501409500837326050e-03 9.999955892562866211e-01 1.619896385818719864e-03
-9.125031232833862305e-01 1.087187440134584904e-03 -4.090683460235595703e-01 9.920625016093254089e-04 9.999994039535522461e-01 4.447342362254858017e-04
-9.125027656555175781e-01 -1.381998881697654724e-03 -4.090681970119476318e-01 -1.261078985407948494e-03 9.999990463256835938e-01 -5.653323023580014706e-04
-9.642515182495117188e-01 -2.024333924055099487e-03 -2.649809718132019043e-01 -1.951971091330051422e-03 9.999979734420776367e-01 -5.364110693335533142e-04
-9.642439484596252441e-01 -4.448873922228813171e-03 -2.649788856506347656e-01 -4.289842210710048676e-03 9.999901056289672852e-01 -1.178869279101490974e-03
-9.933912754058837891e-01 -4.668027162551879883e-03 -1.146821752190589905e-01 -4.637228325009346008e-03 9.999890923500061035e-01 -5.353453452698886395e-04
-9.933781623840332031e-01 -6.951571442186832428e-03 -1.146806553006172180e-01 -6.905705668032169342e-03 9.999758601188659668e-01 -7.972300518304109573e-04
-9.992429614067077637e-01 -6.820055190473794937e-03 3.830166533589363098e-02 -6.815050728619098663e-03 9.999767541885375977e-01 2.612255339045077562e-04
-9.992183446884155273e-01 -9.792161174118518829e-03 3.830071911215782166e-02 -9.784976020455360413e-03 9.999520778656005859e-01 3.750647883862257004e-04
-9.816524386405944824e-01 -1.066852174699306488e-02 1.903801709413528442e-01 -1.047337707132101059e-02 9.999430775642395020e-01 2.031190553680062294e-03
-9.816195964813232422e-01 -1.344574056565761566e-02 1.903737932443618774e-01 -1.319979690015316010e-02 9.999096393585205078e-01 2.559948246926069260e-03
-9.410535097122192383e-01 -1.356144156306982040e-02 3.379857540130615234e-01 -1.276321616023778915e-02 9.999080300331115723e-01 4.583995789289474487e-03
-9.410287141799926758e-01 -1.538503076881170273e-02 3.379768431186676025e-01 -1.447946857661008835e-02 9.998816847801208496e-01 5.200399551540613174e-03
-8.784033656120300293e-01 -1.573404297232627869e-02 4.776609241962432861e-01 -1.382254902273416519e-02 9.998762607574462891e-01 7.516468409448862076e-03
-8.783890008926391602e-01 -1.674449071288108826e-02 4.776530861854553223e-01 -1.471023820340633392e-02 9.998598098754882812e-01 7.999178953468799591e-03
-7.951683998107910156e-01 -1.768765971064567566e-02 6.061307191848754883e-01 -1.406686753034591675e-02 9.998435974121093750e-01 1.072270981967449188e-02
-7.951562404632568359e-01 -1.853280887007713318e-02 6.061213612556457520e-01 -1.473900955170392990e-02 9.998282790184020996e-01 1.123506110161542892e-02
-6.933073997497558594e-01 -1.899557188153266907e-02 7.203915715217590332e-01 -1.317214686423540115e-02 9.998195767402648926e-01 1.368671935051679611e-02
-6.933059096336364746e-01 -1.910993643105030060e-02 7.203900218009948730e-01 -1.325144991278648376e-02 9.998173713684082031e-01 1.376911997795104980e-02
-5.752035379409790039e-01 -2.002997137606143951e-02 8.177651166915893555e-01 -1.152362301945686340e-02 9.997993707656860352e-01 1.638309843838214874e-02
-5.752001404762268066e-01 -2.032446488738059998e-02 8.177602291107177734e-01 -1.169305201619863510e-02 9.997934699058532715e-01 1.662397570908069611e-02
-4.436195194721221924e-01 -2.126778103411197662e-02 8.959628343582153320e-01 -9.436937980353832245e-03 9.997738003730773926e-01 1.905945315957069397e-02
-4.436166882514953613e-01 -2.156643383204936981e-02 8.959571123123168945e-01 -9.569455869495868683e-03 9.997674226760864258e-01 1.932709477841854095e-02
-3.016487658023834229e-01 -2.180744335055351257e-02 9.531697034835815430e-01 -6.579753477126359940e-03 9.997621774673461914e-01 2.079113945364952087e-02
-3.016499280929565430e-01 -2.163317240774631500e-02 9.531733393669128418e-01 -6.527172401547431946e-03 9.997659921646118164e-01 2.062498964369297028e-02
-1.526137441396713257e-01 -2.151484414935112000e-02 9.880517721176147461e-01 -3.284221049398183823e-03 9.997685551643371582e-01 2.126269973814487457e-02
-1.526167541742324829e-01 -2.058000303804874420e-02 9.880712032318115234e-01 -3.141518449410796165e-03 9.997882246971130371e-01 2.033881470561027527e-02
-0.000000000000000000e+00 -1.965835876762866974e-02 9.998067617416381836e-01 0.000000000000000000e+00 9.998067617416381836e-01 1.965835876762866974e-02
0.000000000000000000e+00 -1.918696798384189606e-02 9.998159408569335938e-01 0.000000000000000000e+00 9.998159408569335938e-01 1.918696798384189606e-02
1.526250094175338745e-01 -1.775526814162731171e-02 9.881246685981750488e-01 2.710325410589575768e-03 9.998424053192138672e-01 1.754718646407127380e-02
1.526270806789398193e-01 -1.697248592972755432e-02 9.881380796432495117e-01 2.590834395959973335e-03 9.998559951782226562e-01 1.677357777953147888e-02
3.016874194145202637e-01 -1.481588929891586304e-02 9.532918334007263184e-01 4.470258019864559174e-03 9.998902678489685059e-01 1.412541605532169342e-02
3.016900718212127686e-01 -1.420766115188598633e-02 9.533002376556396484e-01 4.286743234843015671e-03 9.998990893363952637e-01 1.354553364217281342e-02
4.436816871166229248e-01 -1.312504708766937256e-02 8.960883617401123047e-01 5.823844578117132187e-03 9.999138712882995605e-01 1.176221482455730438e-02
4.436854720115661621e-01 -1.246150396764278412e-02 8.960959911346435547e-01 5.529417190700769424e-03 9.999223947525024414e-01 1.116757094860076904e-02
5.752805471420288086e-01 -1.155930478125810623e-02 8.178745508193969727e-01 6.650287657976150513e-03 9.999331831932067871e-01 9.454692713916301727e-03
5.752824544906616211e-01 -1.127464231103658676e-02 8.178772330284118652e-01 6.486515980213880539e-03 9.999364614486694336e-01 9.221859276294708252e-03
6.933945417404174805e-01 -1.047099940478801727e-02 7.204821109771728516e-01 7.260931190103292465e-03 9.999452233314514160e-01 7.544580847024917603e-03
6.933974623680114746e-01 -1.006018463522195816e-02 7.204851508140563965e-01 6.976058240979909897e-03 9.999493956565856934e-01 7.248579524457454681e-03
7.952571511268615723e-01 -9.470821358263492584e-03 6.061983108520507812e-01 7.532075978815555573e-03 9.999551773071289062e-01 5.741453263908624649e-03
7.952597141265869141e-01 -9.125193580985069275e-03 6.062002778053283691e-01 7.257200311869382858e-03 9.999583959579467773e-01 5.531924776732921600e-03
8.784785866737365723e-01 -8.744185790419578552e-03 4.777018129825592041e-01 7.681873627007007599e-03 9.999617934226989746e-01 4.177272785454988480e-03
8.784817457199096680e-01 -8.313338272273540497e-03 4.777035415172576904e-01 7.303368765860795975e-03 9.999654293060302734e-01 3.971448168158531189e-03
9.411239624023437500e-01 -5.859791301190853119e-03 3.380110561847686768e-01 5.514883901923894882e-03 9.999828338623046875e-01 1.980707980692386627e-03
9.411259293556213379e-01 -5.481583997607231140e-03 3.380117714405059814e-01 5.158938467502593994e-03 9.999849796295166016e-01 1.852867659181356430e-03
9.817082881927490234e-01 -3.301253891550004482e-04 1.903909891843795776e-01 3.240868391003459692e-04 9.999999403953552246e-01 6.285290146479383111e-05
9.817082881927490234e-01 -3.505901549942791462e-04 1.903909891843795776e-01 3.441772714722901583e-04 9.999999403953552246e-01 6.674921314697712660e-05
9.992495179176330566e-01 5.776551552116870880e-03 3.830191493034362793e-02 -5.772312637418508530e-03 9.999833106994628906e-01 -2.212566905654966831e-04
9.992444515228271484e-01 6.596925668418407440e-03 3.830172121524810791e-02 -6.592085119336843491e-03 9.999782443046569824e-01 -2.526791067793965340e-04
9.933592081069946289e-01 9.296833537518978119e-03 -1.146784722805023193e-01 -9.235493838787078857e-03 9.999567866325378418e-01 1.066192751750349998e-03
9.933553338050842285e-01 9.701720438897609711e-03 -1.146780252456665039e-01 -9.637710638344287872e-03 9.999529719352722168e-01 1.112626632675528526e-03
9.642056226730346680e-01 9.968712925910949707e-03 -2.649683654308319092e-01 -9.612366557121276855e-03 9.999503493309020996e-01 2.641524653881788254e-03
9.642017483711242676e-01 1.036414876580238342e-02 -2.649673223495483398e-01 -9.993665851652622223e-03 9.999462962150573730e-01 2.746307523921132088e-03
9.124542474746704102e-01 1.040770485997200012e-02 -4.090464115142822266e-01 -9.497069753706455231e-03 9.999458789825439453e-01 4.257465712726116180e-03
9.124449491500854492e-01 1.134720258414745331e-02 -4.090422689914703369e-01 -1.035436335951089859e-02 9.999356269836425781e-01 4.641783889383077621e-03
8.393103480339050293e-01 1.145530678331851959e-02 -5.435318946838378906e-01 -9.615188464522361755e-03 9.999343752861022949e-01 6.226732861250638962e-03
8.393030166625976562e-01 1.219492498785257339e-02 -5.435271859169006348e-01 -1.023599877953529358e-02 9.999256730079650879e-01 6.628765258938074112e-03
7.464916110038757324e-01 1.285363454371690750e-02 -6.652706861495971680e-01 -9.595923125743865967e-03 9.999173879623413086e-01 8.551852777600288391e-03
7.464852929115295410e-01 1.350143924355506897e-02 -6.652650237083435059e-01 -1.007954403758049011e-02 9.999088644981384277e-01 8.982853963971138000e-03
6.361814141273498535e-01 1.383620221167802811e-02 -7.714154124259948730e-01 -8.803177624940872192e-03 9.999042749404907227e-01 1.067448128014802933e-02
6.361749768257141113e-01 1.455054804682731628e-02 -7.714076042175292969e-01 -9.257674217224121094e-03 9.998941421508789062e-01 1.122559141367673874e-02
5.109654664993286133e-01 1.441944111138582230e-02 -8.594803214073181152e-01 -7.368602324277162552e-03 9.998960494995117188e-01 1.239451393485069275e-02
5.109614729881286621e-01 1.495275925844907761e-02 -8.594735860824584961e-01 -7.641137577593326569e-03 9.998882412910461426e-01 1.285293884575366974e-02
3.737760186195373535e-01 1.485973130911588669e-02 -9.273999333381652832e-01 -5.554824601858854294e-03 9.998896121978759766e-01 1.378243509680032730e-02
3.737760484218597412e-01 1.485597062855958939e-02 -9.273999929428100586e-01 -5.553418770432472229e-03 9.998896718025207520e-01 1.377894729375839233e-02
2.278295904397964478e-01 1.453171763569116592e-02 -9.735925793647766113e-01 -3.311105305328965187e-03 9.998944401741027832e-01 1.414946746081113815e-02
2.278299778699874878e-01 1.441400777548551559e-02 -9.735942482948303223e-01 -3.284284379333257675e-03 9.998961091041564941e-01 1.403485331684350967e-02
2.079133242368698120e-01 1.268833642825484276e-03 -9.781464338302612305e-01 -2.638076257426291704e-04 9.999992251396179199e-01 1.241106074303388596e-03
2.079133540391921997e-01 1.180929946713149548e-03 -9.781465530395507812e-01 -2.455312642268836498e-04 9.999993443489074707e-01 1.155123347416520119e-03
-2.079134732484817505e-01 -5.633668624795973301e-04 -9.781470894813537598e-01 -1.171315670944750309e-04 9.999998807907104492e-01 -5.510557093657553196e-04
-2.079134583473205566e-01 -4.572961188387125731e-04 -9.781470894813537598e-01 -9.507803042652085423e-05 9.999998807907104492e-01 -4.473029111977666616e-04
-5.877839922904968262e-01 -1.236710930243134499e-03 -8.090170025825500488e-01 -7.269193301908671856e-04 9.999992251396179199e-01 -1.000520773231983185e-03
-5.877826213836669922e-01 -2.505494747310876846e-03 -8.090150952339172363e-01 -1.472690724767744541e-03 9.999969005584716797e-01 -2.026989357545971870e-03
-8.660228848457336426e-01 -2.501020208001136780e-03 -4.999981522560119629e-01 -2.165947342291474342e-03 9.999969005584716797e-01 -1.250509405508637428e-03
-8.660224676132202148e-01 -2.676061354577541351e-03 -4.999979138374328613e-01 -2.317537553608417511e-03 9.999964237213134766e-01 -1.338029862381517887e-03
-9.945191740989685059e-01 -2.337601734325289726e-03 -1.045284867286682129e-01 -2.324796048924326897e-03 9.999972581863403320e-01 -2.443466219119727612e-04
-9.945182204246520996e-01 -2.721560187637805939e-03 -1.045283824205398560e-01 -2.706651343032717705e-03 9.999963045120239258e-01 -2.844813279807567596e-04
-9.510526061058044434e-01 -2.926634158939123154e-03 3.090153038501739502e-01 -2.783394884318113327e-03 9.999957084655761719e-01 9.043785976245999336e-04
-9.510514736175537109e-01 -3.309048479422926903e-03 3.090149164199829102e-01 -3.147092647850513458e-03 9.999945163726806641e-01 1.022550975903868675e-03
-7.431378960609436035e-01 -4.111388232558965683e-03 6.691257357597351074e-01 -3.055353881791234016e-03 9.999915361404418945e-01 2.751058433204889297e-03
-7.431381344795227051e-01 -4.036920145153999329e-03 6.691259145736694336e-01 -3.000013530254364014e-03 9.999918937683105469e-01 2.701229648664593697e-03
-4.067342579364776611e-01 -3.405544441193342209e-03 9.135401844978332520e-01 -1.385159557685256004e-03 9.999942183494567871e-01 3.111119847744703293e-03
-4.067343473434448242e-01 -3.357798792421817780e-03 9.135403633117675781e-01 -1.365739735774695873e-03 9.999943971633911133e-01 3.067502053454518318e-03
-0.000000000000000000e+00 -4.180199932307004929e-03 9.999912977218627930e-01 0.000000000000000000e+00 9.999912977218627930e-01 4.180199932307004929e-03
0.000000000000000000e+00 -3.713229205459356308e-03 9.999931454658508301e-01 0.000000000000000000e+00 9.999931454658508301e-01 3.713229205459356308e-03
4.067344665527343750e-01 -3.266311716288328171e-03 9.135406613349914551e-01 1.328528509475290775e-03 9.999946951866149902e-01 2.983924234285950661e-03
4.067348539829254150e-01 -2.925266278907656670e-03 9.135415554046630859e-01 1.189812901429831982e-03 9.999957084655761719e-01 2.672363771125674248e-03
7.431432008743286133e-01 -1.578592229634523392e-03 6.691305041313171387e-01 1.173121621832251549e-03 9.999987483024597168e-01 1.056285575032234192e-03
7.431440353393554688e-01 -6.881467998027801514e-04 6.691312193870544434e-01 5.113922525197267532e-04 9.999997615814208984e-01 4.604605492204427719e-04
9.510565400123596191e-01 -1.102129113860428333e-03 3.090151548385620117e-01 1.048187608830630779e-03 9.999994039535522461e-01 3.405747411306947470e-04
9.510565996170043945e-01 -9.820820996537804604e-04 3.090151548385620117e-01 9.340161341242492199e-04 9.999995231628417969e-01 3.034783876501023769e-04
9.945219755172729492e-01 -4.520098736975342035e-04 -1.045273393392562866e-01 4.495337780099362135e-04 9.999999403953552246e-01 -4.724739483208395541e-05
9.945216178894042969e-01 9.132466511800885201e-04 -1.045273020863533020e-01 -9.082439355552196503e-04 9.999995827674865723e-01 9.545924694975838065e-05
8.660255670547485352e-01 -5.004971899325028062e-05 -4.999997019767761230e-01 4.334433469921350479e-05 1.000000000000000000e+00 -2.502484494470991194e-05
8.660254478454589844e-01 5.707117961719632149e-04 -4.999996423721313477e-01 -4.942510277032852173e-04 9.999998807907104492e-01 2.853557234629988670e-04
5.877841114997863770e-01 1.006943639367818832e-03 -8.090171813964843750e-01 -5.918658571317791939e-04 9.999995231628417969e-01 8.146351901814341545e-04
5.877835154533386230e-01 1.817421405576169491e-03 -8.090162873268127441e-01 -1.068252022378146648e-03 9.999983906745910645e-01 1.470325980335474014e-03
2.079113125801086426e-01 2.811975544318556786e-03 -9.781436920166015625e-01 -5.846437416039407253e-04 9.999960660934448242e-01 2.750526648014783859e-03
2.079113721847534180e-01 2.699747681617736816e-03 -9.781439900398254395e-01 -5.613102111965417862e-04 9.999963641166687012e-01 2.640751190483570099e-03
-2.079119235277175903e-01 1.433062949217855930e-03 -9.781465530395507812e-01 2.979511336889117956e-04 9.999989867210388184e-01 1.401746878400444984e-03
-2.079118937253952026e-01 1.491185277700424194e-03 -9.781464338302612305e-01 3.100354806520044804e-04 9.999989271163940430e-01 1.458599115721881390e-03
-5.877848267555236816e-01 1.436394173651933670e-03 -8.090161085128784180e-01 8.442915277555584908e-04 9.999989867210388184e-01 1.162067172117531300e-03
-5.877850651741027832e-01 1.095998217351734638e-03 -8.090164661407470703e-01 6.442117737606167793e-04 9.999994039535522461e-01 8.866811404004693031e-04
-8.660250306129455566e-01 7.379503222182393074e-04 -5.000001788139343262e-01 6.390836788341403008e-04 9.999997615814208984e-01 3.689754521474242210e-04
-8.660252094268798828e-01 3.269384324084967375e-04 -5.000002980232238770e-01 2.831369347404688597e-04 9.999999403953552246e-01 1.634693326195701957e-04
-9.945216178894042969e-01 7.362957694567739964e-04 -1.045285910367965698e-01 7.322623278014361858e-04 9.999997615814208984e-01 7.696398824919015169e-05
-9.945219159126281738e-01 2.353714517084881663e-04 -1.045286208391189575e-01 2.340820647077634931e-04 1.000000000000000000e+00 2.460305404383689165e-05
-9.510566592216491699e-01 7.997370994416996837e-05 3.090166151523590088e-01 7.605952851008623838e-05 1.000000000000000000e+00 -2.471320476615801454e-05
-9.510563015937805176e-01 -8.576557738706469536e-04 3.090164959430694580e-01 -8.156792609952390194e-04 9.999996423721313477e-01 2.650298702064901590e-04
-7.431437969207763672e-01 -1.639004796743392944e-03 6.691297292709350586e-01 -1.218018005602061749e-03 9.999986886978149414e-01 1.096708467230200768e-03
-7.431429028511047363e-01 -2.266456605866551399e-03 6.691288948059082031e-01 -1.684305490925908089e-03 9.999974370002746582e-01 1.516555552370846272e-03
-4.067355692386627197e-01 -2.259560395032167435e-03 9.135431647300720215e-01 -9.190459386445581913e-04 9.999974370002746582e-01 2.064211294054985046e-03
-4.067357778549194336e-01 -2.023542532697319984e-03 9.135436415672302246e-01 -8.230488165281713009e-04 9.999979734420776367e-01 1.848598127253353596e-03
-0.000000000000000000e+00 -1.301448559388518333e-03 9.999991655349731445e-01 0.000000000000000000e+00 9.999991655349731445e-01 1.301448559388518333e-03
0.000000000000000000e+00 -6.534903077408671379e-04 9.999998211860656738e-01 0.000000000000000000e+00 9.999998211860656738e-01 6.534903077408671379e-04
4.067365527153015137e-01 6.423011072911322117e-04 9.135453104972839355e-01 -2.612473908811807632e-04 9.999998211860656738e-01 -5.867712898179888725e-04
4.067364037036895752e-01 9.995120344683527946e-04 9.135450720787048340e-01 -4.065381363034248352e-04 9.999995231628417969e-01 -9.130997350439429283e-04
7.431443333625793457e-01 1.137763494625687599e-03 6.691302061080932617e-01 -8.455230272375047207e-04 9.999993443489074707e-01 -7.613123743794858456e-04
7.431440353393554688e-01 1.475950353778898716e-03 6.691299080848693848e-01 -1.096844789572060108e-03 9.999989271163940430e-01 -9.876035619527101517e-04
9.510565996170043945e-01 1.010855543427169323e-03 3.090151548385620117e-01 -9.613812435418367386e-04 9.999995231628417969e-01 -3.123698115814477205e-04
9.510561227798461914e-01 1.407975913025438786e-03 3.090149760246276855e-01 -1.339065609499812126e-03 9.999990463256835938e-01 -4.350861418060958385e-04
9.945199489593505859e-01 2.036302816122770309e-03 -1.045269817113876343e-01 -2.025148132815957069e-03 9.999979138374328613e-01 2.128490305040031672e-04
9.945183992385864258e-01 2.722655422985553741e-03 -1.045268177986145020e-01 -2.707740524783730507e-03 9.999963045120239258e-01 2.845915150828659534e-04
8.660226464271545410e-01 2.476073801517486572e-03 -4.999988377094268799e-01 -2.144342521205544472e-03 9.999969601631164551e-01 1.238037832081317902e-03
8.660221099853515625e-01 2.692282199859619141e-03 -4.999985396862030029e-01 -2.331584459170699120e-03 9.999963641166687012e-01 1.346142031252384186e-03
5.877830982208251953e-01 2.818421693518757820e-03 -8.090137243270874023e-01 -1.656627282500267029e-03 9.999960660934448242e-01 2.280151238664984703e-03
5.877829790115356445e-01 2.884326037019491196e-03 -8.090135455131530762e-01 -1.695364830084145069e-03 9.999958276748657227e-01 2.333468524739146233e-03
2.079133093357086182e-01 1.358899404294788837e-03 -9.781463146209716797e-01 -2.825335250236093998e-04 9.999991059303283691e-01 1.329203601926565170e-03
2.079133987426757812e-01 1.006692880764603615e-03 -9.781467318534851074e-01 -2.093050134135410190e-04 9.999995231628417969e-01 9.846938773989677429e-04
-2.079124897718429565e-01 3.108473261818289757e-03 -9.781424999237060547e-01 6.462935125455260277e-04 9.999951720237731934e-01 3.040544455870985985e-03
-2.079125493764877319e-01 3.015077207237482071e-03 -9.781427979469299316e-01 6.268752040341496468e-04 9.999954700469970703e-01 2.949189394712448120e-03
-5.877823829650878906e-01 2.617026912048459053e-03 -8.090148568153381348e-01 1.538247568532824516e-03 9.999966025352478027e-01 2.117220778018236160e-03
-5.877828598022460938e-01 2.320184838026762009e-03 -8.090154528617858887e-01 1.363768475130200386e-03 9.999973177909851074e-01 1.877070404589176178e-03
-8.660245537757873535e-01 1.545209204778075218e-03 -4.999991059303283691e-01 1.338190631940960884e-03 9.999988079071044922e-01 7.726041367277503014e-04
-8.660253882408142090e-01 7.276448304764926434e-04 -4.999995827674865723e-01 6.301590474322438240e-04 9.999997615814208984e-01 3.638222115114331245e-04
-9.945212602615356445e-01 -1.251388923265039921e-03 -1.045272648334503174e-01 -1.244533807039260864e-03 9.999992251396179199e-01 -1.308043574681505561e-04
-9.945198297500610352e-01 -2.112294547259807587e-03 -1.045271158218383789e-01 -2.100723562762141228e-03 9.999977946281433105e-01 -2.207925426773726940e-04
-9.510561227798461914e-01 -1.414537895470857620e-03 3.090149760246276855e-01 -1.345306285656988621e-03 9.999989867210388184e-01 4.371138638816773891e-04
-9.510554075241088867e-01 -1.873169443570077419e-03 3.090147674083709717e-01 -1.781491097062826157e-03 9.999982714653015137e-01 5.788380512967705727e-04
-7.431437969207763672e-01 -1.034547458402812481e-03 6.691310405731201172e-01 -7.688177865929901600e-04 9.999994635581970215e-01 6.922480533830821514e-04
-7.431439757347106934e-01 -7.294807583093643188e-04 6.691311597824096680e-01 -5.421093665063381195e-04 9.999997615814208984e-01 4.881184431724250317e-04
-4.067365825176239014e-01 4.326459893491119146e-04 9.135454297065734863e-01 1.759729639161378145e-04 9.999999403953552246e-01 -3.952418046537786722e-04
-4.067364037036895752e-01 1.027143443934619427e-03 9.135450124740600586e-01 4.177768423687666655e-04 9.999994635581970215e-01 -9.383422438986599445e-04
0.000000000000000000e+00 1.551322755403816700e-03 9.999988079071044922e-01 0.000000000000000000e+00 9.999988079071044922e-01 -1.551322755403816700e-03
0.000000000000000000e+00 1.831156550906598568e-03 9.999983310699462891e-01 0.000000000000000000e+00 9.999983310699462891e-01 -1.831156550906598568e-03
4.067355096340179443e-01 2.318084938451647758e-03 9.135430455207824707e-01 -9.428500197827816010e-04 9.999973177909851074e-01 -2.117675961926579475e-03
4.067355096340179443e-01 2.315088873729109764e-03 9.135430455207824707e-01 -9.416313841938972473e-04 9.999973177909851074e-01 -2.114939037710428238e-03
7.431415319442749023e-01 2.690569264814257622e-03 6.691289544105529785e-01 -1.999480882659554482e-03 9.999964237213134766e-01 -1.800344209186732769e-03
7.431414127349853516e-01 2.714161528274416924e-03 6.691288948059082031e-01 -2.017013262957334518e-03 9.999963045120239258e-01 -1.816130592487752438e-03
9.510532021522521973e-01 2.694322960451245308e-03 3.090154826641082764e-01 -2.562453737482428551e-03 9.999963641166687012e-01 -8.325905655510723591e-04
9.510529637336730957e-01 2.797357505187392235e-03 3.090154230594635010e-01 -2.660445403307676315e-03 9.999961256980895996e-01 -8.644299232400953770e-04
9.945194721221923828e-01 2.219782909378409386e-03 -1.045285165309906006e-01 -2.207622863352298737e-03 9.999975562095642090e-01 2.320311759831383824e-04
9.945189356803894043e-01 2.435100497677922249e-03 -1.045284569263458252e-01 -2.421760931611061096e-03 9.999970793724060059e-01 2.545380848459899426e-04
8.660246729850769043e-01 1.468275208026170731e-03 -4.999991953372955322e-01 -1.271563814952969551e-03 9.999989271163940430e-01 7.341370801441371441e-04
8.660242557525634766e-01 1.785154221579432487e-03 -4.999989271163940430e-01 -1.545989187434315681e-03 9.999984502792358398e-01 8.925765869207680225e-04
5.877840518951416016e-01 1.181250321678817272e-03 -8.090170621871948242e-01 -6.943205371499061584e-04 9.999993443489074707e-01 9.556522709317505360e-04
5.877839922904968262e-01 1.258741016499698162e-03 -8.090170025825500488e-01 -7.398682646453380585e-04 9.999992251396179199e-01 1.018343493342399597e-03
-2.454554429277777672e-03 0.000000000000000000e+00 9.999970197677612305e-01 -9.999970197677612305e-01 0.000000000000000000e+00 -2.454554429277777672e-03
-2.456137444823980331e-03 0.000000000000000000e+00 9.999970197677612305e-01 -9.999970197677612305e-01 0.000000000000000000e+00 -2.456137444823980331e-03
-2.454798668622970581e-03 0.000000000000000000e+00 9.999970197677612305e-01 -9.999970197677612305e-01 0.000000000000000000e+00 -2.454798668622970581e-03
-2.514400752261281013e-03 0.000000000000000000e+00 9.999968409538269043e-01 -9.999968409538269043e-01 0.000000000000000000e+00 -2.514400752261281013e-03
-2.613959135487675667e-03 -0.000000000000000000e+00 9.999966025352478027e-01 -9.999966025352478027e-01 0.000000000000000000e+00 -2.613959135487675667e-03
-2.483469666913151741e-03 0.000000000000000000e+00 9.999969601631164551e-01 -9.999969601631164551e-01 0.000000000000000000e+00 -2.483469666913151741e-03
-2.484405878931283951e-03 0.000000000000000000e+00 9.999969005584716797e-01 -9.999969005584716797e-01 0.000000000000000000e+00 -2.484405878931283951e-03
-2.460409654304385185e-03 0.000000000000000000e+00 9.999969601631164551e-01 -9.999969601631164551e-01 0.000000000000000000e+00 -2.460409654304385185e-03
-2.457102760672569275e-03 0.000000000000000000e+00 9.999970197677612305e-01 -9.999970197677612305e-01 0.000000000000000000e+00 -2.457102760672569275e-03
-2.464775694534182549e-03 0.000000000000000000e+00 9.999969601631164551e-01 -9.999969601631164551e-01 0.000000000000000000e+00 -2.464775694534182549e-03
-2.452396322041749954e-03 0.000000000000000000e+00 9.999970197677612305e-01 -9.999970197677612305e-01 0.000000000000000000e+00 -2.452396322041749954e-03
-2.465381985530257225e-03 0.000000000000000000e+00 9.999969601631164551e-01 -9.999969601631164551e-01 0.000000000000000000e+00 -2.465381985530257225e-03
-2.436421578750014305e-03 0.000000000000000000e+00 9.999970197677612305e-01 -9.999970197677612305e-01 0.000000000000000000e+00 -2.436421578750014305e-03
-2.430714201182126999e-03 -0.000000000000000000e+00 9.999970793724060059e-01 -9.999970793724060059e-01 0.000000000000000000e+00 -2.430714201182126999e-03
-2.430986380204558372e-03 -0.000000000000000000e+00 9.999970793724060059e-01 -9.999970793724060059e-01 0.000000000000000000e+00 -2.430986380204558372e-03
-2.394654555246233940e-03 -0.000000000000000000e+00 9.999971389770507812e-01 -9.999971389770507812e-01 0.000000000000000000e+00 -2.394654555246233940e-03
-2.406630199402570724e-03 -0.000000000000000000e+00 9.999971389770507812e-01 -9.999971389770507812e-01 0.000000000000000000e+00 -2.406630199402570724e-03
-2.357022138312458992e-03 -0.000000000000000000e+00 9.999972581863403320e-01 -9.999972581863403320e-01 0.000000000000000000e+00 -2.357022138312458992e-03
-2.364943735301494598e-03 -0.000000000000000000e+00 9.999971985816955566e-01 -9.999971985816955566e-01 0.000000000000000000e+00 -2.364943735301494598e-03
-2.375741954892873764e-03 -0.000000000000000000e+00 9.999971985816955566e-01 -9.999971985816955566e-01 0.000000000000000000e+00 -2.375741954892873764e-03
-2.352226525545120239e-03 -0.000000000000000000e+00 9.999972581863403320e-01 -9.999972581863403320e-01 0.000000000000000000e+00 -2.352226525545120239e-03
-2.360771410167217255e-03 -0.000000000000000000e+00 9.999971985816955566e-01 -9.999971985816955566e-01 0.000000000000000000e+00 -2.360771410167217255e-03
-2.322225831449031830e-03 -0.000000000000000000e+00 9.999973177909851074e-01 -9.999973177909851074e-01 0.000000000000000000e+00 -2.322225831449031830e-03
-2.315819496288895607e-03 0.000000000000000000e+00 9.999973177909851074e-01 -9.999973177909851074e-01 0.000000000000000000e+00 -2.315819496288895607e-03
-2.330742310732603073e-03 0.000000000000000000e+00 9.999973177909851074e-01 -9.999973177909851074e-01 0.000000000000000000e+00 -2.330742310732603073e-03
-2.329734386876225471e-03 0.000000000000000000e+00 9.999973177909851074e-01 -9.999973177909851074e-01 0.000000000000000000e+00 -2.329734386876225471e-03
-2.370235510170459747e-03 0.000000000000000000e+00 9.999971985816955566e-01 -9.999971985816955566e-01 0.000000000000000000e+00 -2.370235510170459747e-03
-2.378876321017742157e-03 0.000000000000000000e+00 9.999971985816955566e-01 -9.999971985816955566e-01 0.000000000000000000e+00 -2.378876321017742157e-03
-2.387500135228037834e-03 0.000000000000000000e+00 9.999971389770507812e-01 -9.999971389770507812e-01 0.000000000000000000e+00 -2.387500135228037834e-03
-2.427698113024234772e-03 0.000000000000000000e+00 9.999970793724060059e-01 -9.999970793724060059e-01 0.000000000000000000e+00 -2.427698113024234772e-03
-2.417675685137510300e-03 0.000000000000000000e+00 9.999970793724060059e-01 -9.999970793724060059e-01 0.000000000000000000e+00 -2.417675685137510300e-03
-2.448912477120757103e-03 0.000000000000000000e+00 9.999970197677612305e-01 -9.999970197677612305e-01 0.000000000000000000e+00 -2.448912477120757103e-03
-2.545992145314812660e-03 0.000000000000000000e+00 9.999967813491821289e-01 -9.999967813491821289e-01 0.000000000000000000e+00 -2.545992145314812660e-03
-2.548787975683808327e-03 0.000000000000000000e+00 9.999967813491821289e-01 -9.999967813491821289e-01 0.000000000000000000e+00 -2.548787975683808327e-03
-2.579585183411836624e-03 0.000000000000000000e+00 9.999966621398925781e-01 -9.999966621398925781e-01 0.000000000000000000e+00 -2.579585183411836624e-03
-2.568704076111316681e-03 0.000000000000000000e+00 9.999967217445373535e-01 -9.999967217445373535e-01 0.000000000000000000e+00 -2.568704076111316681e-03
-2.440076088532805443e-03 0.000000000000000000e+00 9.999970197677612305e-01 -9.999970197677612305e-01 0.000000000000000000e+00 -2.440076088532805443e-03
-2.439360599964857101e-03 0.000000000000000000e+00 9.999970197677612305e-01 -9.999970197677612305e-01 0.000000000000000000e+00 -2.439360599964857101e-03
-2.461445983499288559e-03 -0.000000000000000000e+00 9.999969601631164551e-01 -9.999969601631164551e-01 0.000000000000000000e+00 -2.461445983499288559e-03
-2.421074081212282181e-03 0.000000000000000000e+00 9.999970793724060059e-01 -9.999970793724060059e-01 0.000000000000000000e+00 -2.421074081212282181e-03
-2.447898034006357193e-03 0.000000000000000000e+00 9.999970197677612305e-01 -9.999970197677612305e-01 0.000000000000000000e+00 -2.447898034006357193e-03
-2.440462121739983559e-03 0.000000000000000000e+00 9.999970197677612305e-01 -9.999970197677612305e-01 0.000000000000000000e+00 -2.440462121739983559e-03
-2.435810165479779243e-03 0.000000000000000000e+00 9.999970197677612305e-01 -9.999970197677612305e-01 0.000000000000000000e+00 -2.435810165479779243e-03
-2.477305475622415543e-03 0.000000000000000000e+00 9.999969601631164551e-01 -9.999969601631164551e-01 0.000000000000000000e+00 -2.477305475622415543e-03
-2.504287753254175186e-03 0.000000000000000000e+00 9.999969005584716797e-01 -9.999969005584716797e-01 0.000000000000000000e+00 -2.504287753254175186e-03
-2.565716858953237534e-03 0.000000000000000000e+00 9.999967217445373535e-01 -9.999967217445373535e-01 0.000000000000000000e+00 -2.565716858953237534e-03
-2.551077632233500481e-03 0.000000000000000000e+00 9.999967813491821289e-01 -9.999967813491821289e-01 0.000000000000000000e+00 -2.551077632233500481e-03
-2.590533811599016190e-03 0.000000000000000000e+00 9.999966621398925781e-01 -9.999966621398925781e-01 0.000000000000000000e+00 -2.590533811599016190e-03
-2.549520926550030708e-03 0.000000000000000000e+00 9.999967813491821289e-01 -9.999967813491821289e-01 0.000000000000000000e+00 -2.549520926550030708e-03
-2.556333551183342934e-03 0.000000000000000000e+00 9.999967217445373535e-01 -9.999967217445373535e-01 0.000000000000000000e+00 -2.556333551183342934e-03
-2.537008374929428101e-03 0.000000000000000000e+00 9.999967813491821289e-01 -9.999967813491821289e-01 0.000000000000000000e+00 -2.537008374929428101e-03
-2.546592149883508682e-03 0.000000000000000000e+00 9.999967813491821289e-01 -9.999967813491821289e-01 0.000000000000000000e+00 -2.546592149883508682e-03
-2.528450684621930122e-03 0.000000000000000000e+00 9.999968409538269043e-01 -9.999968409538269043e-01 0.000000000000000000e+00 -2.528450684621930122e-03
-2.526371739804744720e-03 0.000000000000000000e+00 9.999968409538269043e-01 -9.999968409538269043e-01 0.000000000000000000e+00 -2.526371739804744720e-03
-2.505698008462786674e-03 0.000000000000000000e+00 9.999969005584716797e-01 -9.999969005584716797e-01 0.000000000000000000e+00 -2.505698008462786674e-03
-2.476200927048921585e-03 0.000000000000000000e+00 9.999969601631164551e-01 -9.999969601631164551e-01 0.000000000000000000e+00 -2.476200927048921585e-03
-2.475519431754946709e-03 0.000000000000000000e+00 9.999969601631164551e-01 -9.999969601631164551e-01 0.000000000000000000e+00 -2.475519431754946709e-03
-2.472419291734695435e-03 0.000000000000000000e+00 9.999969601631164551e-01 -9.999969601631164551e-01 0.000000000000000000e+00 -2.472419291734695435e-03
-2.449397463351488113e-03 0.000000000000000000e+00 9.999970197677612305e-01 -9.999970197677612305e-01 0.000000000000000000e+00 -2.449397463351488113e-03
-2.468241378664970398e-03 0.000000000000000000e+00 9.999969601631164551e-01 -9.999969601631164551e-01 0.000000000000000000e+00 -2.468241378664970398e-03
-2.459914423525333405e-03 0.000000000000000000e+00 9.999969601631164551e-01 -9.999969601631164551e-01 0.000000000000000000e+00 -2.459914423525333405e-03
-2.449473598971962929e-03 0.000000000000000000e+00 9.999970197677612305e-01 -9.999970197677612305e-01 0.000000000000000000e+00 -2.449473598971962929e-03
-2.449080115184187889e-03 0.000000000000000000e+00 9.999970197677612305e-01 -9.999970197677612305e-01 0.000000000000000000e+00 -2.449080115184187889e-03
-2.454017521813511848e-03 0.000000000000000000e+00 9.999970197677612305e-01 -9.999970197677612305e-01 0.000000000000000000e+00 -2.454017521813511848e-03
-2.450494561344385147e-03 0.000000000000000000e+00 9.999970197677612305e-01 -9.999970197677612305e-01 0.000000000000000000e+00 -2.450494561344385147e-03
-2.461216412484645844e-03 0.000000000000000000e+00 9.999969601631164551e-01 -9.999969601631164551e-01 0.000000000000000000e+00 -2.461216412484645844e-03
-2.476241905242204666e-03 0.000000000000000000e+00 9.999969601631164551e-01 -9.999969601631164551e-01 0.000000000000000000e+00 -2.476241905242204666e-03
-2.483647549524903297e-03 0.000000000000000000e+00 9.999969601631164551e-01 -9.999969601631164551e-01 0.000000000000000000e+00 -2.483647549524903297e-03
-2.488501369953155518e-03 -0.000000000000000000e+00 9.999969005584716797e-01 -9.999969005584716797e-01 0.000000000000000000e+00 -2.488501369953155518e-03
-2.507575089111924171e-03 -0.000000000000000000e+00 9.999969005584716797e-01 -9.999969005584716797e-01 0.000000000000000000e+00 -2.507575089111924171e-03
-2.517976099625229836e-03 -0.000000000000000000e+00 9.999968409538269043e-01 -9.999968409538269043e-01 0.000000000000000000e+00 -2.517976099625229836e-03
-2.540253102779388428e-03 -0.000000000000000000e+00 9.999967813491821289e-01 -9.999967813491821289e-01 0.000000000000000000e+00 -2.540253102779388428e-03
-2.552443882450461388e-03 -0.000000000000000000e+00 9.999967813491821289e-01 -9.999967813491821289e-01 0.000000000000000000e+00 -2.552443882450461388e-03
-2.563912887126207352e-03 -0.000000000000000000e+00 9.999967217445373535e-01 -9.999967217445373535e-01 0.000000000000000000e+00 -2.563912887126207352e-03
-2.556497463956475258e-03 -0.000000000000000000e+00 9.999967217445373535e-01 -9.999967217445373535e-01 0.000000000000000000e+00 -2.556497463956475258e-03
-2.555915154516696930e-03 -0.000000000000000000e+00 9.999967217445373535e-01 -9.999967217445373535e-01 0.000000000000000000e+00 -2.555915154516696930e-03
-2.538832835853099823e-03 -0.000000000000000000e+00 9.999967813491821289e-01 -9.999967813491821289e-01 0.000000000000000000e+00 -2.538832835853099823e-03
-2.534979488700628281e-03 -0.000000000000000000e+00 9.999967813491821289e-01 -9.999967813491821289e-01 0.000000000000000000e+00 -2.534979488700628281e-03
-2.510692225769162178e-03 0.000000000000000000e+00 9.999968409538269043e-01 -9.999968409538269043e-01 0.000000000000000000e+00 -2.510692225769162178e-03
-2.521759131923317909e-03 0.000000000000000000e+00 9.999968409538269043e-01 -9.999968409538269043e-01 0.000000000000000000e+00 -2.521759131923317909e-03
-2.555448561906814575e-03 0.000000000000000000e+00 9.999967217445373535e-01 -9.999967217445373535e-01 0.000000000000000000e+00 -2.555448561906814575e-03
-2.604831941425800323e-03 0.000000000000000000e+00 9.999966025352478027e-01 -9.999966025352478027e-01 0.000000000000000000e+00 -2.604831941425800323e-03
-2.617843216285109520e-03 0.000000000000000000e+00 9.999966025352478027e-01 -9.999966025352478027e-01 0.000000000000000000e+00 -2.617843216285109520e-03
-2.574899699538946152e-03 0.000000000000000000e+00 9.999967217445373535e-01 -9.999967217445373535e-01 0.000000000000000000e+00 -2.574899699538946152e-03
-2.601641463115811348e-03 0.000000000000000000e+00 9.999966025352478027e-01 -9.999966025352478027e-01 0.000000000000000000e+00 -2.601641463115811348e-03
-2.528198994696140289e-03 0.000000000000000000e+00 9.999968409538269043e-01 -9.999968409538269043e-01 0.000000000000000000e+00 -2.528198994696140289e-03
-2.569021424278616905e-03 -0.000000000000000000e+00 9.999967217445373535e-01 -9.999967217445373535e-01 0.000000000000000000e+00 -2.569021424278616905e-03
-2.502030460163950920e-03 0.000000000000000000e+00 9.999969005584716797e-01 -9.999969005584716797e-01 0.000000000000000000e+00 -2.502030460163950920e-03
-2.547989133745431900e-03 -0.000000000000000000e+00 9.999967813491821289e-01 -9.999967813491821289e-01 0.000000000000000000e+00 -2.547989133745431900e-03
-2.533418359234929085e-03 0.000000000000000000e+00 9.999967813491821289e-01 -9.999967813491821289e-01 0.000000000000000000e+00 -2.533418359234929085e-03
-2.530965488404035568e-03 -0.000000000000000000e+00 9.999968409538269043e-01 -9.999968409538269043e-01 0.000000000000000000e+00 -2.530965488404035568e-03
-2.616586629301309586e-03 -0.000000000000000000e+00 9.999966025352478027e-01 -9.999966025352478027e-01 0.000000000000000000e+00 -2.616586629301309586e-03
-2.589110285043716431e-03 -0.000000000000000000e+00 9.999966621398925781e-01 -9.999966621398925781e-01 0.000000000000000000e+00 -2.589110285043716431e-03
-2.716772723942995071e-03 -0.000000000000000000e+00 9.999963045120239258e-01 -9.999963045120239258e-01 0.000000000000000000e+00 -2.716772723942995071e-03
-2.664222149178385735e-03 -0.000000000000000000e+00 9.999964833259582520e-01 -9.999964833259582520e-01 0.000000000000000000e+00 -2.664222149178385735e-03
-2.641598228365182877e-03 -0.000000000000000000e+00 9.999965429306030273e-01 -9.999965429306030273e-01 0.000000000000000000e+00 -2.641598228365182877e-03
-2.684563864022493362e-03 -0.000000000000000000e+00 9.999964237213134766e-01 -9.999964237213134766e-01 0.000000000000000000e+00 -2.684563864022493362e-03
-2.517670392990112305e-03 -0.000000000000000000e+00 9.999968409538269043e-01 -9.999968409538269043e-01 0.000000000000000000e+00 -2.517670392990112305e-03
-2.554647158831357956e-03 0.000000000000000000e+00 9.999967813491821289e-01 -9.999967813491821289e-01 0.000000000000000000e+00 -2.554647158831357956e-03
-2.542330650612711906e-03 0.000000000000000000e+00 9.999967813491821289e-01 -9.999967813491821289e-01 0.000000000000000000e+00 -2.542330650612711906e-03
-2.570431679487228394e-03 0.000000000000000000e+00 9.999967217445373535e-01 -9.999967217445373535e-01 0.000000000000000000e+00 -2.570431679487228394e-03
-2.567935967817902565e-03 0.000000000000000000e+00 9.999967217445373535e-01 -9.999967217445373535e-01 0.000000000000000000e+00 -2.567935967817902565e-03
-2.559667686000466347e-03 0.000000000000000000e+00 9.999967217445373535e-01 -9.999967217445373535e-01 0.000000000000000000e+00 -2.559667686000466347e-03
-2.603743690997362137e-03 0.000000000000000000e+00 9.999966025352478027e-01 -9.999966025352478027e-01 0.000000000000000000e+00 -2.603743690997362137e-03
-2.531583886593580246e-03 -0.000000000000000000e+00 9.999967813491821289e-01 -9.999967813491821289e-01 0.000000000000000000e+00 -2.531583886593580246e-03
-2.535908250138163567e-03 -0.000000000000000000e+00 9.999967813491821289e-01 -9.999967813491821289e-01 0.000000000000000000e+00 -2.535908250138163567e-03
-2.604909474030137062e-03 -0.000000000000000000e+00 9.999966025352478027e-01 -9.999966025352478027e-01 0.000000000000000000e+00 -2.604909474030137062e-03
-2.486921381205320358e-03 -0.000000000000000000e+00 9.999969005584716797e-01 -9.999969005584716797e-01 0.000000000000000000e+00 -2.486921381205320358e-03
-2.526513766497373581e-03 -0.000000000000000000e+00 9.999968409538269043e-01 -9.999968409538269043e-01 0.000000000000000000e+00 -2.526513766497373581e-03
-2.401077421382069588e-03 -0.000000000000000000e+00 9.999971389770507812e-01 -9.999971389770507812e-01 0.000000000000000000e+00 -2.401077421382069588e-03
-2.256594598293304443e-03 -0.000000000000000000e+00 9.999974966049194336e-01 -9.999974966049194336e-01 0.000000000000000000e+00 -2.256594598293304443e-03
-2.020295476540923119e-03 0.000000000000000000e+00 9.999979734420776367e-01 -9.999979734420776367e-01 0.000000000000000000e+00 -2.020295476540923119e-03
-1.612278050743043423e-03 -0.000000000000000000e+00 9.999986886978149414e-01 -9.999986886978149414e-01 0.000000000000000000e+00 -1.612278050743043423e-03
-1.299446565099060535e-03 0.000000000000000000e+00 9.999991655349731445e-01 -9.999991655349731445e-01 0.000000000000000000e+00 -1.299446565099060535e-03
-1.165484311059117317e-03 -0.000000000000000000e+00 9.999993443489074707e-01 -9.999993443489074707e-01 0.000000000000000000e+00 -1.165484311059117317e-03
-9.993832791224122047e-04 0.000000000000000000e+00 9.999995231628417969e-01 -9.999995231628417969e-01 0.000000000000000000e+00 -9.993832791224122047e-04
-8.250400424003601074e-04 -0.000000000000000000e+00 9.999997019767761230e-01 -9.999997019767761230e-01 0.000000000000000000e+00 -8.250400424003601074e-04
-6.986146327108144760e-04 0.000000000000000000e+00 9.999997615814208984e-01 -9.999997615814208984e-01 0.000000000000000000e+00 -6.986146327108144760e-04
-7.529561989940702915e-04 0.000000000000000000e+00 9.999997019767761230e-01 -9.999997019767761230e-01 0.000000000000000000e+00 -7.529561989940702915e-04
-5.428241565823554993e-04 0.000000000000000000e+00 9.999998807907104492e-01 -9.999998807907104492e-01 0.000000000000000000e+00 -5.428241565823554993e-04
-5.787870613858103752e-04 0.000000000000000000e+00 9.999998211860656738e-01 -9.999998211860656738e-01 0.000000000000000000e+00 -5.787870613858103752e-04
-4.932473530061542988e-04 0.000000000000000000e+00 9.999998807907104492e-01 -9.999998807907104492e-01 0.000000000000000000e+00 -4.932473530061542988e-04
-5.059776594862341881e-04 0.000000000000000000e+00 9.999998807907104492e-01 -9.999998807907104492e-01 0.000000000000000000e+00 -5.059776594862341881e-04
-6.029968499206006527e-04 0.000000000000000000e+00 9.999998211860656738e-01 -9.999998211860656738e-01 0.000000000000000000e+00 -6.029968499206006527e-04
-5.538107361644506454e-04 0.000000000000000000e+00 9.999998807907104492e-01 -9.999998807907104492e-01 0.000000000000000000e+00 -5.538107361644506454e-04
-5.782867083325982094e-04 0.000000000000000000e+00 9.999998211860656738e-01 -9.999998211860656738e-01 0.000000000000000000e+00 -5.782867083325982094e-04
-7.830235990695655346e-04 0.000000000000000000e+00 9.999997019767761230e-01 -9.999997019767761230e-01 0.000000000000000000e+00 -7.830235990695655346e-04
-7.456446182914078236e-04 0.000000000000000000e+00 9.999997615814208984e-01 -9.999997615814208984e-01 0.000000000000000000e+00 -7.456446182914078236e-04
-8.580317371524870396e-04 0.000000000000000000e+00 9.999996423721313477e-01 -9.999996423721313477e-01 0.000000000000000000e+00 -8.580317371524870396e-04
-7.757367566227912903e-04 0.000000000000000000e+00 9.999997019767761230e-01 -9.999997019767761230e-01 0.000000000000000000e+00 -7.757367566227912903e-04
-7.667983300052583218e-04 0.000000000000000000e+00 9.999997019767761230e-01 -9.999997019767761230e-01 0.000000000000000000e+00 -7.667983300052583218e-04
-9.556025615893304348e-04 0.000000000000000000e+00 9.999995827674865723e-01 -9.999995827674865723e-01 0.000000000000000000e+00 -9.556025615893304348e-04
-9.243692038580775261e-04 0.000000000000000000e+00 9.999995827674865723e-01 -9.999995827674865723e-01 0.000000000000000000e+00 -9.243692038580775261e-04
-1.008168212138116360e-03 0.000000000000000000e+00 9.999995231628417969e-01 -9.999995231628417969e-01 0.000000000000000000e+00 -1.008168212138116360e-03
-1.242746715433895588e-03 0.000000000000000000e+00 9.999992251396179199e-01 -9.999992251396179199e-01 0.000000000000000000e+00 -1.242746715433895588e-03
-1.265660393983125687e-03 0.000000000000000000e+00 9.999992251396179199e-01 -9.999992251396179199e-01 0.000000000000000000e+00 -1.265660393983125687e-03
-1.420167856849730015e-03 0.000000000000000000e+00 9.999989867210388184e-01 -9.999989867210388184e-01 0.000000000000000000e+00 -1.420167856849730015e-03
-1.449084025807678699e-03 0.000000000000000000e+00 9.999989867210388184e-01 -9.999989867210388184e-01 0.000000000000000000e+00 -1.449084025807678699e-03
-1.469806069508194923e-03 0.000000000000000000e+00 9.999989271163940430e-01 -9.999989271163940430e-01 0.000000000000000000e+00 -1.469806069508194923e-03
-1.582440338097512722e-03 0.000000000000000000e+00 9.999987483024597168e-01 -9.999987483024597168e-01 0.000000000000000000e+00 -1.582440338097512722e-03
-1.519015640951693058e-03 0.000000000000000000e+00 9.999988675117492676e-01 -9.999988675117492676e-01 0.000000000000000000e+00 -1.519015640951693058e-03
-1.624313532374799252e-03 0.000000000000000000e+00 9.999986886978149414e-01 -9.999986886978149414e-01 0.000000000000000000e+00 -1.624313532374799252e-03
-1.523720449768006802e-03 0.000000000000000000e+00 9.999988675117492676e-01 -9.999988675117492676e-01 0.000000000000000000e+00 -1.523720449768006802e-03
-1.614188659004867077e-03 0.000000000000000000e+00 9.999986886978149414e-01 -9.999986886978149414e-01 0.000000000000000000e+00 -1.614188659004867077e-03
-1.526431296952068806e-03 0.000000000000000000e+00 9.999988675117492676e-01 -9.999988675117492676e-01 0.000000000000000000e+00 -1.526431296952068806e-03
-1.549570239149034023e-03 0.000000000000000000e+00 9.999988079071044922e-01 -9.999988079071044922e-01 0.000000000000000000e+00 -1.549570239149034023e-03
-1.605987665243446827e-03 0.000000000000000000e+00 9.999987483024597168e-01 -9.999987483024597168e-01 0.000000000000000000e+00 -1.605987665243446827e-03
-1.606878591701388359e-03 0.000000000000000000e+00 9.999987483024597168e-01 -9.999987483024597168e-01 0.000000000000000000e+00 -1.606878591701388359e-03
-1.679967273958027363e-03 0.000000000000000000e+00 9.999986290931701660e-01 -9.999986290931701660e-01 0.000000000000000000e+00 -1.679967273958027363e-03
-1.690647914074361324e-03 0.000000000000000000e+00 9.999985694885253906e-01 -9.999985694885253906e-01 0.000000000000000000e+00 -1.690647914074361324e-03
-1.701897825114428997e-03 0.000000000000000000e+00 9.999985694885253906e-01 -9.999985694885253906e-01 0.000000000000000000e+00 -1.701897825114428997e-03
-1.637847744859755039e-03 0.000000000000000000e+00 9.999986886978149414e-01 -9.999986886978149414e-01 0.000000000000000000e+00 -1.637847744859755039e-03
-1.660293899476528168e-03 0.000000000000000000e+00 9.999986290931701660e-01 -9.999986290931701660e-01 0.000000000000000000e+00 -1.660293899476528168e-03
-1.634175074286758900e-03 0.000000000000000000e+00 9.999986886978149414e-01 -9.999986886978149414e-01 0.000000000000000000e+00 -1.634175074286758900e-03
-1.657851506024599075e-03 0.000000000000000000e+00 9.999986290931701660e-01 -9.999986290931701660e-01 0.000000000000000000e+00 -1.657851506024599075e-03
-1.648870762437582016e-03 0.000000000000000000e+00 9.999986290931701660e-01 -9.999986290931701660e-01 0.000000000000000000e+00 -1.648870762437582016e-03
-1.662763301283121109e-03 0.000000000000000000e+00 9.999986290931701660e-01 -9.999986290931701660e-01 0.000000000000000000e+00 -1.662763301283121109e-03
-1.645849202759563923e-03 0.000000000000000000e+00 9.999986886978149414e-01 -9.999986886978149414e-01 0.000000000000000000e+00 -1.645849202759563923e-03
-1.694167032837867737e-03 0.000000000000000000e+00 9.999985694885253906e-01 -9.999985694885253906e-01 0.000000000000000000e+00 -1.694167032837867737e-03
-1.649768324568867683e-03 0.000000000000000000e+00 9.999986290931701660e-01 -9.999986290931701660e-01 0.000000000000000000e+00 -1.649768324568867683e-03
-1.703363610431551933e-03 0.000000000000000000e+00 9.999985694885253906e-01 -9.999985694885253906e-01 0.000000000000000000e+00 -1.703363610431551933e-03
-1.779158832505345345e-03 0.000000000000000000e+00 9.999984502792358398e-01 -9.999984502792358398e-01 0.000000000000000000e+00 -1.779158832505345345e-03
-1.778200617991387844e-03 0.000000000000000000e+00 9.999984502792358398e-01 -9.999984502792358398e-01 0.000000000000000000e+00 -1.778200617991387844e-03
-1.838396536186337471e-03 0.000000000000000000e+00 9.999983310699462891e-01 -9.999983310699462891e-01 0.000000000000000000e+00 -1.838396536186337471e-03
-1.902492716908454895e-03 0.000000000000000000e+00 9.999982118606567383e-01 -9.999982118606567383e-01 0.000000000000000000e+00 -1.902492716908454895e-03
-1.911682193167507648e-03 0.000000000000000000e+00 9.999982118606567383e-01 -9.999982118606567383e-01 0.000000000000000000e+00 -1.911682193167507648e-03
-1.933010644279420376e-03 0.000000000000000000e+00 9.999981522560119629e-01 -9.999981522560119629e-01 0.000000000000000000e+00 -1.933010644279420376e-03
-1.942716538906097412e-03 0.000000000000000000e+00 9.999981522560119629e-01 -9.999981522560119629e-01 0.000000000000000000e+00 -1.942716538906097412e-03
-1.950137666426599026e-03 0.000000000000000000e+00 9.999980926513671875e-01 -9.999980926513671875e-01 0.000000000000000000e+00 -1.950137666426599026e-03
-1.987823052331805229e-03 0.000000000000000000e+00 9.999980330467224121e-01 -9.999980330467224121e-01 0.000000000000000000e+00 -1.987823052331805229e-03
-2.000371459871530533e-03 0.000000000000000000e+00 9.999980330467224121e-01 -9.999980330467224121e-01 0.000000000000000000e+00 -2.000371459871530533e-03
-2.036042278632521629e-03 0.000000000000000000e+00 9.999979138374328613e-01 -9.999979138374328613e-01 0.000000000000000000e+00 -2.036042278632521629e-03
-2.038377802819013596e-03 0.000000000000000000e+00 9.999979138374328613e-01 -9.999979138374328613e-01 0.000000000000000000e+00 -2.038377802819013596e-03
-2.071219729259610176e-03 0.000000000000000000e+00 9.999978542327880859e-01 -9.999978542327880859e-01 0.000000000000000000e+00 -2.071219729259610176e-03
-2.082830760627985001e-03 0.000000000000000000e+00 9.999978542327880859e-01 -9.999978542327880859e-01 0.000000000000000000e+00 -2.082830760627985001e-03
-2.111660316586494446e-03 0.000000000000000000e+00 9.999977946281433105e-01 -9.999977946281433105e-01 0.000000000000000000e+00 -2.111660316586494446e-03
-2.103406470268964767e-03 0.000000000000000000e+00 9.999977946281433105e-01 -9.999977946281433105e-01 0.000000000000000000e+00 -2.103406470268964767e-03
-2.124191028997302055e-03 0.000000000000000000e+00 9.999977350234985352e-01 -9.999977350234985352e-01 0.000000000000000000e+00 -2.124191028997302055e-03
-2.118681091815233231e-03 0.000000000000000000e+00 9.999977946281433105e-01 -9.999977946281433105e-01 0.000000000000000000e+00 -2.118681091815233231e-03
-2.124137477949261665e-03 0.000000000000000000e+00 9.999977350234985352e-01 -9.999977350234985352e-01 0.000000000000000000e+00 -2.124137477949261665e-03
-2.120045945048332214e-03 0.000000000000000000e+00 9.999977946281433105e-01 -9.999977946281433105e-01 0.000000000000000000e+00 -2.120045945048332214e-03
-2.142402343451976776e-03 0.000000000000000000e+00 9.999977350234985352e-01 -9.999977350234985352e-01 0.000000000000000000e+00 -2.142402343451976776e-03
-2.159402705729007721e-03 0.000000000000000000e+00 9.999976754188537598e-01 -9.999976754188537598e-01 0.000000000000000000e+00 -2.159402705729007721e-03
-2.208803780376911163e-03 0.000000000000000000e+00 9.999975562095642090e-01 -9.999975562095642090e-01 0.000000000000000000e+00 -2.208803780376911163e-03
-2.268334152176976204e-03 0.000000000000000000e+00 9.999974370002746582e-01 -9.999974370002746582e-01 0.000000000000000000e+00 -2.268334152176976204e-03
-2.336064120754599571e-03 0.000000000000000000e+00 9.999972581863403320e-01 -9.999972581863403320e-01 0.000000000000000000e+00 -2.336064120754599571e-03
-2.387122716754674911e-03 0.000000000000000000e+00 9.999971389770507812e-01 -9.999971389770507812e-01 0.000000000000000000e+00 -2.387122716754674911e-03
-2.432249486446380615e-03 0.000000000000000000e+00 9.999970793724060059e-01 -9.999970793724060059e-01 0.000000000000000000e+00 -2.432249486446380615e-03
-2.466298639774322510e-03 0.000000000000000000e+00 9.999969601631164551e-01 -9.999969601631164551e-01 0.000000000000000000e+00 -2.466298639774322510e-03
-2.488809870555996895e-03 0.000000000000000000e+00 9.999969005584716797e-01 -9.999969005584716797e-01 0.000000000000000000e+00 -2.488809870555996895e-03
-1.729282201267778873e-03 0.000000000000000000e+00 9.999985098838806152e-01 -9.999985098838806152e-01 0.000000000000000000e+00 -1.729282201267778873e-03
-1.926500699482858181e-03 0.000000000000000000e+00 9.999981522560119629e-01 -9.999981522560119629e-01 0.000000000000000000e+00 -1.926500699482858181e-03
-1.931190839968621731e-03 0.000000000000000000e+00 9.999981522560119629e-01 -9.999981522560119629e-01 0.000000000000000000e+00 -1.931190839968621731e-03
-2.062502317130565643e-03 0.000000000000000000e+00 9.999979138374328613e-01 -9.999979138374328613e-01 0.000000000000000000e+00 -2.062502317130565643e-03
-2.103173872455954552e-03 0.000000000000000000e+00 9.999977946281433105e-01 -9.999977946281433105e-01 0.000000000000000000e+00 -2.103173872455954552e-03
-6.295517669059336185e-04 -0.000000000000000000e+00 9.999998211860656738e-01 -9.999998211860656738e-01 0.000000000000000000e+00 -6.295517669059336185e-04
-5.668979720212519169e-04 -0.000000000000000000e+00 9.999998807907104492e-01 -9.999998807907104492e-01 0.000000000000000000e+00 -5.668979720212519169e-04
-5.215694545768201351e-04 -0.000000000000000000e+00 9.999998807907104492e-01 -9.999998807907104492e-01 0.000000000000000000e+00 -5.215694545768201351e-04
-4.475984605960547924e-04 -0.000000000000000000e+00 9.999999403953552246e-01 -9.999999403953552246e-01 0.000000000000000000e+00 -4.475984605960547924e-04
-4.176539659965783358e-04 -0.000000000000000000e+00 9.999999403953552246e-01 -9.999999403953552246e-01 0.000000000000000000e+00 -4.176539659965783358e-04
-3.867322811856865883e-04 -0.000000000000000000e+00 9.999999403953552246e-01 -9.999999403953552246e-01 0.000000000000000000e+00 -3.867322811856865883e-04
-3.346582525409758091e-04 -0.000000000000000000e+00 9.999999403953552246e-01 -9.999999403953552246e-01 0.000000000000000000e+00 -3.346582525409758091e-04
-4.127575957681983709e-04 0.000000000000000000e+00 9.999999403953552246e-01 -9.999999403953552246e-01 0.000000000000000000e+00 -4.127575957681983709e-04
-3.493166877888143063e-04 -0.000000000000000000e+00 9.999999403953552246e-01 -9.999999403953552246e-01 0.000000000000000000e+00 -3.493166877888143063e-04
-3.567775711417198181e-04 -0.000000000000000000e+00 9.999999403953552246e-01 -9.999999403953552246e-01 0.000000000000000000e+00 -3.567775711417198181e-04
-2.763053926173597574e-04 -0.000000000000000000e+00 1.000000000000000000e+00 -1.000000000000000000e+00 0.000000000000000000e+00 -2.763053926173597574e-04
-2.340241044294089079e-04 -0.000000000000000000e+00 1.000000000000000000e+00 -1.000000000000000000e+00 0.000000000000000000e+00 -2.340241044294089079e-04
-2.369762805756181479e-04 -0.000000000000000000e+00 1.000000000000000000e+00 -1.000000000000000000e+00 0.000000000000000000e+00 -2.369762805756181479e-04
-1.463353401049971581e-04 -0.000000000000000000e+00 1.000000000000000000e+00 -1.000000000000000000e+00 0.000000000000000000e+00 -1.463353401049971581e-04
-1.669229823164641857e-04 -0.000000000000000000e+00 1.000000000000000000e+00 -1.000000000000000000e+00 0.000000000000000000e+00 -1.669229823164641857e-04
-1.075050968211144209e-04 -0.000000000000000000e+00 1.000000000000000000e+00 -1.000000000000000000e+00 0.000000000000000000e+00 -1.075050968211144209e-04
-5.442311521619558334e-05 -0.000000000000000000e+00 1.000000000000000000e+00 -1.000000000000000000e+00 0.000000000000000000e+00 -5.442311521619558334e-05
-9.802538988878950477e-05 0.000000000000000000e+00 1.000000000000000000e+00 -1.000000000000000000e+00 0.000000000000000000e+00 -9.802538988878950477e-05
-5.342979420674964786e-05 0.000000000000000000e+00 1.000000000000000000e+00 -1.000000000000000000e+00 0.000000000000000000e+00 -5.342979420674964786e-05
-9.171436249744147062e-05 0.000000000000000000e+00 1.000000000000000000e+00 -1.000000000000000000e+00 0.000000000000000000e+00 -9.171436249744147062e-05
-6.169674452394247055e-05 0.000000000000000000e+00 1.000000000000000000e+00 -1.000000000000000000e+00 0.000000000000000000e+00 -6.169674452394247055e-05
-1.018684779410250485e-04 0.000000000000000000e+00 1.000000000000000000e+00 -1.000000000000000000e+00 0.000000000000000000e+00 -1.018684779410250485e-04
-1.693484955467283726e-04 0.000000000000000000e+00 1.000000000000000000e+00 -1.000000000000000000e+00 0.000000000000000000e+00 -1.693484955467283726e-04
-1.717118429951369762e-04 0.000000000000000000e+00 1.000000000000000000e+00 -1.000000000000000000e+00 0.000000000000000000e+00 -1.717118429951369762e-04
-2.129076165147125721e-04 0.000000000000000000e+00 1.000000000000000000e+00 -1.000000000000000000e+00 0.000000000000000000e+00 -2.129076165147125721e-04
-2.311611751792952418e-04 0.000000000000000000e+00 1.000000000000000000e+00 -1.000000000000000000e+00 0.000000000000000000e+00 -2.311611751792952418e-04
-3.067889192607253790e-04 0.000000000000000000e+00 9.999999403953552246e-01 -9.999999403953552246e-01 0.000000000000000000e+00 -3.067889192607253790e-04
-3.210531140211969614e-04 0.000000000000000000e+00 9.999999403953552246e-01 -9.999999403953552246e-01 0.000000000000000000e+00 -3.210531140211969614e-04
-2.955369127448648214e-04 0.000000000000000000e+00 1.000000000000000000e+00 -1.000000000000000000e+00 0.000000000000000000e+00 -2.955369127448648214e-04
-3.229797584936022758e-04 0.000000000000000000e+00 9.999999403953552246e-01 -9.999999403953552246e-01 0.000000000000000000e+00 -3.229797584936022758e-04
